Date,Open,High,Low,Close,Volume,Dividends,Stock Splits
2022-01-03 00:00:00-05:00,18.799999237060547,19.200000762939453,18.239999771118164,18.799999237060547,12950,0.0,0.0
2022-01-04 00:00:00-05:00,18.719999313354492,19.200000762939453,18.719999313354492,18.959999084472656,4975,0.0,0.0
2022-01-05 00:00:00-05:00,18.799999237060547,19.520000457763672,17.920000076293945,18.479999542236328,22350,0.0,0.0
2022-01-06 00:00:00-05:00,18.559999465942383,19.520000457763672,17.84000015258789,19.040000915527344,4363,0.0,0.0
2022-01-07 00:00:00-05:00,18.8799991607666,19.760000228881836,18.8799991607666,19.68000030517578,6088,0.0,0.0
2022-01-10 00:00:00-05:00,19.68000030517578,19.68000030517578,18.399999618530273,18.799999237060547,12325,0.0,0.0
2022-01-11 00:00:00-05:00,18.799999237060547,18.8799991607666,18.559999465942383,18.719999313354492,5638,0.0,0.0
2022-01-12 00:00:00-05:00,18.719999313354492,18.719999313354492,18.079999923706055,18.079999923706055,10138,0.0,0.0
2022-01-13 00:00:00-05:00,17.920000076293945,18.8799991607666,17.920000076293945,18.399999618530273,26038,0.0,0.0
2022-01-14 00:00:00-05:00,18.079999923706055,18.799999237060547,18.0,18.799999237060547,7250,0.0,0.0
2022-01-18 00:00:00-05:00,18.719999313354492,18.719999313354492,18.239999771118164,18.31999969482422,4700,0.0,0.0
2022-01-19 00:00:00-05:00,18.479999542236328,18.479999542236328,17.600000381469727,18.0,5013,0.0,0.0
2022-01-20 00:00:00-05:00,17.84000015258789,17.84000015258789,16.959999084472656,17.040000915527344,43625,0.0,0.0
2022-01-21 00:00:00-05:00,16.8799991607666,17.1200008392334,16.239999771118164,16.479999542236328,8713,0.0,0.0
2022-01-24 00:00:00-05:00,16.079999923706055,16.399999618530273,15.279999732971191,16.15999984741211,9425,0.0,0.0
2022-01-25 00:00:00-05:00,15.84000015258789,16.399999618530273,15.600000381469727,16.0,8600,0.0,0.0
2022-01-26 00:00:00-05:00,16.0,16.399999618530273,15.359999656677246,15.920000076293945,13488,0.0,0.0
2022-01-27 00:00:00-05:00,16.0,16.799999237060547,14.880000114440918,15.119999885559082,63163,0.0,0.0
2022-01-28 00:00:00-05:00,15.359999656677246,15.600000381469727,14.880000114440918,15.039999961853027,31575,0.0,0.0
2022-01-31 00:00:00-05:00,15.199999809265137,15.520000457763672,14.880000114440918,15.199999809265137,10088,0.0,0.0
2022-02-01 00:00:00-05:00,15.359999656677246,16.719999313354492,14.880000114440918,14.960000038146973,446113,0.0,0.0
2022-02-02 00:00:00-05:00,14.960000038146973,15.359999656677246,14.239999771118164,14.880000114440918,74913,0.0,0.0
2022-02-03 00:00:00-05:00,14.5600004196167,15.119999885559082,14.079999923706055,14.479999542236328,167150,0.0,0.0
2022-02-04 00:00:00-05:00,14.399999618530273,14.479999542236328,14.079999923706055,14.399999618530273,48900,0.0,0.0
2022-02-07 00:00:00-05:00,14.479999542236328,14.479999542236328,13.680000305175781,14.15999984741211,65000,0.0,0.0
2022-02-08 00:00:00-05:00,14.0,14.239999771118164,13.84000015258789,13.920000076293945,35038,0.0,0.0
2022-02-09 00:00:00-05:00,14.0,14.399999618530273,14.0,14.319999694824219,31438,0.0,0.0
2022-02-10 00:00:00-05:00,14.319999694824219,14.5600004196167,14.079999923706055,14.239999771118164,40588,0.0,0.0
2022-02-11 00:00:00-05:00,14.399999618530273,14.399999618530273,13.760000228881836,13.920000076293945,17050,0.0,0.0
2022-02-14 00:00:00-05:00,13.920000076293945,14.15999984741211,13.680000305175781,13.680000305175781,6613,0.0,0.0
2022-02-15 00:00:00-05:00,13.84000015258789,14.319999694824219,13.760000228881836,13.84000015258789,6900,0.0,0.0
2022-02-16 00:00:00-05:00,13.84000015258789,14.319999694824219,13.84000015258789,14.239999771118164,4588,0.0,0.0
2022-02-17 00:00:00-05:00,14.239999771118164,14.239999771118164,13.760000228881836,13.84000015258789,5200,0.0,0.0
2022-02-18 00:00:00-05:00,13.920000076293945,13.920000076293945,13.039999961853027,13.359999656677246,15025,0.0,0.0
2022-02-22 00:00:00-05:00,13.359999656677246,13.4399995803833,12.960000038146973,13.199999809265137,8313,0.0,0.0
2022-02-23 00:00:00-05:00,13.199999809265137,13.520000457763672,13.119999885559082,13.520000457763672,6813,0.0,0.0
2022-02-24 00:00:00-05:00,12.960000038146973,13.4399995803833,12.5600004196167,13.039999961853027,12075,0.0,0.0
2022-02-25 00:00:00-05:00,13.039999961853027,13.520000457763672,12.800000190734863,13.119999885559082,6513,0.0,0.0
2022-02-28 00:00:00-05:00,12.960000038146973,13.600000381469727,12.960000038146973,13.4399995803833,6363,0.0,0.0
2022-03-01 00:00:00-05:00,13.520000457763672,13.520000457763672,12.640000343322754,12.880000114440918,9613,0.0,0.0
2022-03-02 00:00:00-05:00,13.359999656677246,13.359999656677246,12.960000038146973,13.039999961853027,1663,0.0,0.0
2022-03-03 00:00:00-05:00,12.800000190734863,13.279999732971191,12.800000190734863,13.039999961853027,4300,0.0,0.0
2022-03-04 00:00:00-05:00,12.800000190734863,13.039999961853027,12.079999923706055,12.319999694824219,18763,0.0,0.0
2022-03-07 00:00:00-05:00,12.399999618530273,12.399999618530273,11.920000076293945,11.920000076293945,8788,0.0,0.0
2022-03-08 00:00:00-05:00,12.0,12.0,11.680000305175781,11.84000015258789,4263,0.0,0.0
2022-03-09 00:00:00-05:00,11.84000015258789,12.479999542236328,11.84000015258789,12.399999618530273,3563,0.0,0.0
2022-03-10 00:00:00-05:00,12.399999618530273,12.800000190734863,11.920000076293945,12.15999984741211,5375,0.0,0.0
2022-03-11 00:00:00-05:00,12.15999984741211,12.319999694824219,12.0,12.239999771118164,3113,0.0,0.0
2022-03-14 00:00:00-04:00,12.15999984741211,12.15999984741211,11.680000305175781,11.760000228881836,4213,0.0,0.0
2022-03-15 00:00:00-04:00,11.680000305175781,11.920000076293945,11.520000457763672,11.600000381469727,16838,0.0,0.0
2022-03-16 00:00:00-04:00,11.84000015258789,13.199999809265137,11.680000305175781,12.239999771118164,26338,0.0,0.0
2022-03-17 00:00:00-04:00,12.399999618530273,12.800000190734863,12.399999618530273,12.800000190734863,10250,0.0,0.0
2022-03-18 00:00:00-04:00,12.640000343322754,12.880000114440918,12.5600004196167,12.640000343322754,20125,0.0,0.0
2022-03-21 00:00:00-04:00,12.640000343322754,12.720000267028809,12.239999771118164,12.319999694824219,6475,0.0,0.0
2022-03-22 00:00:00-04:00,12.399999618530273,13.279999732971191,12.399999618530273,12.800000190734863,28925,0.0,0.0
2022-03-23 00:00:00-04:00,12.5600004196167,13.119999885559082,12.5600004196167,12.960000038146973,4088,0.0,0.0
2022-03-24 00:00:00-04:00,13.039999961853027,13.279999732971191,12.720000267028809,13.199999809265137,3038,0.0,0.0
2022-03-25 00:00:00-04:00,13.359999656677246,13.520000457763672,12.720000267028809,13.039999961853027,37050,0.0,0.0
2022-03-28 00:00:00-04:00,12.880000114440918,13.359999656677246,12.640000343322754,12.800000190734863,1813,0.0,0.0
2022-03-29 00:00:00-04:00,12.720000267028809,13.279999732971191,12.640000343322754,12.960000038146973,3688,0.0,0.0
2022-03-30 00:00:00-04:00,13.039999961853027,13.199999809265137,12.720000267028809,13.119999885559082,7850,0.0,0.0
2022-03-31 00:00:00-04:00,13.119999885559082,13.119999885559082,12.720000267028809,12.720000267028809,3838,0.0,0.0
2022-04-01 00:00:00-04:00,13.039999961853027,13.199999809265137,12.640000343322754,12.640000343322754,19700,0.0,0.0
2022-04-04 00:00:00-04:00,12.880000114440918,13.199999809265137,12.479999542236328,12.640000343322754,3250,0.0,0.0
2022-04-05 00:00:00-04:00,13.199999809265137,13.199999809265137,12.479999542236328,12.640000343322754,3463,0.0,0.0
2022-04-06 00:00:00-04:00,12.800000190734863,12.800000190734863,12.079999923706055,12.079999923706055,4788,0.0,0.0
2022-04-07 00:00:00-04:00,12.079999923706055,12.319999694824219,11.84000015258789,12.0,4850,0.0,0.0
2022-04-08 00:00:00-04:00,11.920000076293945,12.479999542236328,11.760000228881836,12.319999694824219,10288,0.0,0.0
2022-04-11 00:00:00-04:00,12.479999542236328,13.520000457763672,12.479999542236328,12.960000038146973,34050,0.0,0.0
2022-04-12 00:00:00-04:00,13.119999885559082,13.520000457763672,12.640000343322754,12.640000343322754,74350,0.0,0.0
2022-04-13 00:00:00-04:00,12.399999618530273,12.800000190734863,12.399999618530273,12.5600004196167,6113,0.0,0.0
2022-04-14 00:00:00-04:00,12.5600004196167,12.880000114440918,12.479999542236328,12.640000343322754,6850,0.0,0.0
2022-04-18 00:00:00-04:00,12.640000343322754,12.720000267028809,12.239999771118164,12.640000343322754,7563,0.0,0.0
2022-04-19 00:00:00-04:00,12.5600004196167,13.600000381469727,12.5600004196167,13.4399995803833,17888,0.0,0.0
2022-04-20 00:00:00-04:00,13.359999656677246,13.680000305175781,13.119999885559082,13.199999809265137,32950,0.0,0.0
2022-04-21 00:00:00-04:00,13.199999809265137,13.359999656677246,12.800000190734863,12.960000038146973,7175,0.0,0.0
2022-04-22 00:00:00-04:00,12.800000190734863,13.199999809265137,12.479999542236328,12.5600004196167,8775,0.0,0.0
2022-04-25 00:00:00-04:00,12.399999618530273,12.479999542236328,11.760000228881836,12.15999984741211,12213,0.0,0.0
2022-04-26 00:00:00-04:00,12.079999923706055,12.15999984741211,11.600000381469727,11.600000381469727,11150,0.0,0.0
2022-04-27 00:00:00-04:00,11.84000015258789,12.239999771118164,11.520000457763672,11.680000305175781,5288,0.0,0.0
2022-04-28 00:00:00-04:00,11.84000015258789,11.920000076293945,11.4399995803833,11.680000305175781,4900,0.0,0.0
2022-04-29 00:00:00-04:00,11.680000305175781,12.0,11.4399995803833,11.600000381469727,6300,0.0,0.0
2022-05-02 00:00:00-04:00,11.680000305175781,12.0,11.520000457763672,11.760000228881836,6263,0.0,0.0
2022-05-03 00:00:00-04:00,12.0,12.0,11.600000381469727,11.760000228881836,11800,0.0,0.0
2022-05-04 00:00:00-04:00,11.84000015258789,12.399999618530273,11.760000228881836,12.399999618530273,21825,0.0,0.0
2022-05-05 00:00:00-04:00,12.399999618530273,13.199999809265137,12.319999694824219,12.960000038146973,84013,0.0,0.0
2022-05-06 00:00:00-04:00,12.800000190734863,13.119999885559082,12.319999694824219,12.640000343322754,34650,0.0,0.0
2022-05-09 00:00:00-04:00,12.800000190734863,12.960000038146973,11.359999656677246,11.760000228881836,38363,0.0,0.0
2022-05-10 00:00:00-04:00,11.84000015258789,12.399999618530273,11.680000305175781,12.0,27025,0.0,0.0
2022-05-11 00:00:00-04:00,12.0,12.319999694824219,11.199999809265137,11.199999809265137,21438,0.0,0.0
2022-05-12 00:00:00-04:00,11.199999809265137,11.359999656677246,10.0,11.279999732971191,20700,0.0,0.0
2022-05-13 00:00:00-04:00,11.199999809265137,12.0,11.199999809265137,11.4399995803833,9325,0.0,0.0
2022-05-16 00:00:00-04:00,11.600000381469727,12.880000114440918,11.600000381469727,12.319999694824219,99413,0.0,0.0
2022-05-17 00:00:00-04:00,12.720000267028809,12.800000190734863,12.0,12.479999542236328,39375,0.0,0.0
2022-05-18 00:00:00-04:00,12.479999542236328,12.880000114440918,11.600000381469727,11.760000228881836,37875,0.0,0.0
2022-05-19 00:00:00-04:00,11.600000381469727,12.5600004196167,11.600000381469727,12.399999618530273,7563,0.0,0.0
2022-05-20 00:00:00-04:00,12.399999618530273,12.399999618530273,11.84000015258789,12.079999923706055,29825,0.0,0.0
2022-05-23 00:00:00-04:00,12.0,12.479999542236328,12.0,12.319999694824219,30475,0.0,0.0
2022-05-24 00:00:00-04:00,12.079999923706055,12.239999771118164,11.760000228881836,12.239999771118164,9088,0.0,0.0
2022-05-25 00:00:00-04:00,12.15999984741211,12.399999618530273,11.920000076293945,12.239999771118164,24713,0.0,0.0
2022-05-26 00:00:00-04:00,12.399999618530273,12.399999618530273,12.15999984741211,12.319999694824219,26263,0.0,0.0
2022-05-27 00:00:00-04:00,12.479999542236328,14.239999771118164,12.399999618530273,13.920000076293945,183363,0.0,0.0
2022-05-31 00:00:00-04:00,13.920000076293945,14.5600004196167,13.199999809265137,14.0,100838,0.0,0.0
2022-06-01 00:00:00-04:00,14.239999771118164,14.239999771118164,13.119999885559082,13.4399995803833,42225,0.0,0.0
2022-06-02 00:00:00-04:00,13.600000381469727,14.0,13.520000457763672,13.760000228881836,46488,0.0,0.0
2022-06-03 00:00:00-04:00,13.680000305175781,13.920000076293945,13.279999732971191,13.760000228881836,34813,0.0,0.0
2022-06-06 00:00:00-04:00,14.079999923706055,15.119999885559082,11.680000305175781,11.920000076293945,242425,0.0,0.0
2022-06-07 00:00:00-04:00,12.399999618530273,12.880000114440918,11.680000305175781,12.399999618530273,86938,0.0,0.0
2022-06-08 00:00:00-04:00,12.800000190734863,13.600000381469727,12.800000190734863,13.199999809265137,81438,0.0,0.0
2022-06-09 00:00:00-04:00,12.640000343322754,13.039999961853027,12.15999984741211,12.5600004196167,26250,0.0,0.0
2022-06-10 00:00:00-04:00,12.15999984741211,13.199999809265137,12.0,13.039999961853027,90613,0.0,0.0
2022-06-13 00:00:00-04:00,12.800000190734863,12.960000038146973,11.760000228881836,11.760000228881836,88538,0.0,0.0
2022-06-14 00:00:00-04:00,11.84000015258789,12.15999984741211,11.760000228881836,11.84000015258789,36988,0.0,0.0
2022-06-15 00:00:00-04:00,12.0,12.399999618530273,11.600000381469727,11.920000076293945,47163,0.0,0.0
2022-06-16 00:00:00-04:00,11.920000076293945,12.0,10.960000038146973,10.960000038146973,54575,0.0,0.0
2022-06-17 00:00:00-04:00,10.880000114440918,11.4399995803833,10.640000343322754,10.960000038146973,63613,0.0,0.0
2022-06-21 00:00:00-04:00,11.119999885559082,11.199999809265137,10.079999923706055,10.079999923706055,75875,0.0,0.0
2022-06-22 00:00:00-04:00,10.239999771118164,10.399999618530273,9.680000305175781,9.680000305175781,49438,0.0,0.0
2022-06-23 00:00:00-04:00,9.600000381469727,9.680000305175781,7.039999961853027,8.800000190734863,221388,0.0,0.0
2022-06-24 00:00:00-04:00,8.5600004196167,9.199999809265137,8.5600004196167,9.039999961853027,19088,0.0,0.0
2022-06-27 00:00:00-04:00,8.960000038146973,9.119999885559082,8.5600004196167,8.5600004196167,13988,0.0,0.0
2022-06-28 00:00:00-04:00,8.5600004196167,8.880000114440918,8.239999771118164,8.239999771118164,16525,0.0,0.0
2022-06-29 00:00:00-04:00,8.399999618530273,8.5600004196167,8.079999923706055,8.319999694824219,42563,0.0,0.0
2022-06-30 00:00:00-04:00,8.239999771118164,8.479999542236328,8.079999923706055,8.479999542236328,24363,0.0,0.0
2022-07-01 00:00:00-04:00,8.319999694824219,8.479999542236328,8.079999923706055,8.239999771118164,43375,0.0,0.0
2022-07-05 00:00:00-04:00,8.15999984741211,8.319999694824219,7.679999828338623,7.840000152587891,24413,0.0,0.0
2022-07-06 00:00:00-04:00,7.679999828338623,8.079999923706055,7.679999828338623,7.760000228881836,34350,0.0,0.0
2022-07-07 00:00:00-04:00,7.920000076293945,8.239999771118164,7.760000228881836,7.920000076293945,30738,0.0,0.0
2022-07-08 00:00:00-04:00,7.920000076293945,8.15999984741211,7.840000152587891,8.0,16750,0.0,0.0
2022-07-11 00:00:00-04:00,8.079999923706055,8.079999923706055,7.760000228881836,7.840000152587891,9863,0.0,0.0
2022-07-12 00:00:00-04:00,7.760000228881836,8.0,7.679999828338623,7.760000228881836,91950,0.0,0.0
2022-07-13 00:00:00-04:00,7.760000228881836,8.079999923706055,7.599999904632568,7.920000076293945,20688,0.0,0.0
2022-07-14 00:00:00-04:00,7.840000152587891,8.0,7.519999980926514,7.679999828338623,10225,0.0,0.0
2022-07-15 00:00:00-04:00,7.760000228881836,8.0,7.599999904632568,7.840000152587891,7288,0.0,0.0
2022-07-18 00:00:00-04:00,7.840000152587891,8.15999984741211,7.840000152587891,7.840000152587891,28800,0.0,0.0
2022-07-19 00:00:00-04:00,8.0,8.15999984741211,7.840000152587891,7.920000076293945,71050,0.0,0.0
2022-07-20 00:00:00-04:00,7.920000076293945,8.239999771118164,7.840000152587891,7.920000076293945,29513,0.0,0.0
2022-07-21 00:00:00-04:00,8.079999923706055,8.079999923706055,7.679999828338623,7.920000076293945,7675,0.0,0.0
2022-07-22 00:00:00-04:00,7.840000152587891,8.0,7.519999980926514,7.519999980926514,11688,0.0,0.0
2022-07-25 00:00:00-04:00,7.519999980926514,7.840000152587891,7.440000057220459,7.679999828338623,12663,0.0,0.0
2022-07-26 00:00:00-04:00,7.519999980926514,7.840000152587891,7.519999980926514,7.519999980926514,3350,0.0,0.0
2022-07-27 00:00:00-04:00,7.519999980926514,7.840000152587891,7.440000057220459,7.599999904632568,21613,0.0,0.0
2022-07-28 00:00:00-04:00,7.440000057220459,7.679999828338623,7.440000057220459,7.679999828338623,18388,0.0,0.0
2022-07-29 00:00:00-04:00,7.599999904632568,7.760000228881836,7.360000133514404,7.599999904632568,17963,0.0,0.0
2022-08-01 00:00:00-04:00,7.599999904632568,7.840000152587891,7.440000057220459,7.760000228881836,15738,0.0,0.0
2022-08-02 00:00:00-04:00,7.679999828338623,8.079999923706055,7.440000057220459,8.0,173763,0.0,0.0
2022-08-03 00:00:00-04:00,8.0,8.239999771118164,7.760000228881836,7.840000152587891,14500,0.0,0.0
2022-08-04 00:00:00-04:00,7.760000228881836,8.5600004196167,7.760000228881836,8.479999542236328,42788,0.0,0.0
2022-08-05 00:00:00-04:00,8.239999771118164,8.479999542236328,8.15999984741211,8.239999771118164,4513,0.0,0.0
2022-08-08 00:00:00-04:00,8.15999984741211,8.5600004196167,8.15999984741211,8.399999618530273,26625,0.0,0.0
2022-08-09 00:00:00-04:00,8.399999618530273,8.880000114440918,8.399999618530273,8.720000267028809,21788,0.0,0.0
2022-08-10 00:00:00-04:00,9.039999961853027,9.119999885559082,8.720000267028809,9.119999885559082,24600,0.0,0.0
2022-08-11 00:00:00-04:00,9.199999809265137,9.199999809265137,8.960000038146973,9.039999961853027,7838,0.0,0.0
2022-08-12 00:00:00-04:00,9.119999885559082,9.199999809265137,8.880000114440918,9.199999809265137,8450,0.0,0.0
2022-08-15 00:00:00-04:00,8.960000038146973,9.199999809265137,8.800000190734863,9.039999961853027,11438,0.0,0.0
2022-08-16 00:00:00-04:00,8.960000038146973,9.199999809265137,8.880000114440918,9.119999885559082,11738,0.0,0.0
2022-08-17 00:00:00-04:00,9.119999885559082,9.119999885559082,8.800000190734863,8.880000114440918,16438,0.0,0.0
2022-08-18 00:00:00-04:00,8.720000267028809,8.960000038146973,8.720000267028809,8.800000190734863,6275,0.0,0.0
2022-08-19 00:00:00-04:00,8.5600004196167,8.800000190734863,8.5600004196167,8.640000343322754,6413,0.0,0.0
2022-08-22 00:00:00-04:00,8.800000190734863,8.800000190734863,8.5600004196167,8.5600004196167,9338,0.0,0.0
2022-08-23 00:00:00-04:00,8.640000343322754,8.800000190734863,8.479999542236328,8.5600004196167,16688,0.0,0.0
2022-08-24 00:00:00-04:00,8.5600004196167,8.960000038146973,8.399999618530273,8.880000114440918,68063,0.0,0.0
2022-08-25 00:00:00-04:00,8.880000114440918,9.279999732971191,8.880000114440918,9.199999809265137,8288,0.0,0.0
2022-08-26 00:00:00-04:00,9.119999885559082,9.119999885559082,8.720000267028809,9.039999961853027,9463,0.0,0.0
2022-08-29 00:00:00-04:00,8.880000114440918,8.960000038146973,8.640000343322754,8.880000114440918,2213,0.0,0.0
2022-08-30 00:00:00-04:00,8.880000114440918,8.960000038146973,8.479999542236328,8.880000114440918,4850,0.0,0.0
2022-08-31 00:00:00-04:00,8.880000114440918,8.960000038146973,8.720000267028809,8.720000267028809,4875,0.0,0.0
2022-09-01 00:00:00-04:00,9.039999961853027,9.039999961853027,8.5600004196167,8.880000114440918,6763,0.0,0.0
2022-09-02 00:00:00-04:00,8.800000190734863,8.880000114440918,8.640000343322754,8.880000114440918,9163,0.0,0.0
2022-09-06 00:00:00-04:00,8.880000114440918,8.960000038146973,8.720000267028809,8.880000114440918,1375,0.0,0.0
2022-09-07 00:00:00-04:00,8.880000114440918,9.039999961853027,8.720000267028809,9.039999961853027,8425,0.0,0.0
2022-09-08 00:00:00-04:00,8.880000114440918,9.119999885559082,8.800000190734863,8.960000038146973,4500,0.0,0.0
2022-09-09 00:00:00-04:00,8.960000038146973,9.199999809265137,8.960000038146973,9.199999809265137,6663,0.0,0.0
2022-09-12 00:00:00-04:00,9.199999809265137,9.4399995803833,8.880000114440918,9.279999732971191,3938,0.0,0.0
2022-09-13 00:00:00-04:00,8.880000114440918,9.199999809265137,8.720000267028809,9.039999961853027,4375,0.0,0.0
2022-09-14 00:00:00-04:00,9.039999961853027,9.119999885559082,8.800000190734863,8.880000114440918,4963,0.0,0.0
2022-09-15 00:00:00-04:00,9.119999885559082,9.119999885559082,8.800000190734863,8.880000114440918,1625,0.0,0.0
2022-09-16 00:00:00-04:00,8.800000190734863,9.119999885559082,8.800000190734863,9.119999885559082,19200,0.0,0.0
2022-09-19 00:00:00-04:00,9.119999885559082,9.119999885559082,8.800000190734863,8.800000190734863,2888,0.0,0.0
2022-09-20 00:00:00-04:00,8.720000267028809,8.880000114440918,8.399999618530273,8.800000190734863,4663,0.0,0.0
2022-09-21 00:00:00-04:00,8.880000114440918,9.359999656677246,8.800000190734863,9.199999809265137,3913,0.0,0.0
2022-09-22 00:00:00-04:00,8.960000038146973,9.359999656677246,8.800000190734863,9.199999809265137,21063,0.0,0.0
2022-09-23 00:00:00-04:00,9.4399995803833,9.4399995803833,8.880000114440918,8.960000038146973,4363,0.0,0.0
2022-09-26 00:00:00-04:00,8.720000267028809,8.960000038146973,8.720000267028809,8.960000038146973,900,0.0,0.0
2022-09-27 00:00:00-04:00,9.119999885559082,9.279999732971191,8.5600004196167,8.960000038146973,10375,0.0,0.0
2022-09-28 00:00:00-04:00,9.199999809265137,9.4399995803833,8.800000190734863,9.119999885559082,3800,0.0,0.0
2022-09-29 00:00:00-04:00,9.199999809265137,9.279999732971191,8.880000114440918,9.039999961853027,5663,0.0,0.0
2022-09-30 00:00:00-04:00,9.119999885559082,9.600000381469727,9.039999961853027,9.039999961853027,6188,0.0,0.0
2022-10-03 00:00:00-04:00,9.119999885559082,9.84000015258789,9.039999961853027,9.760000228881836,11863,0.0,0.0
2022-10-04 00:00:00-04:00,9.920000076293945,9.920000076293945,8.880000114440918,9.039999961853027,12563,0.0,0.0
2022-10-05 00:00:00-04:00,9.359999656677246,9.4399995803833,9.039999961853027,9.199999809265137,9013,0.0,0.0
2022-10-06 00:00:00-04:00,9.359999656677246,9.359999656677246,8.880000114440918,8.880000114440918,4638,0.0,0.0
2022-10-07 00:00:00-04:00,9.359999656677246,10.15999984741211,9.199999809265137,9.279999732971191,33588,0.0,0.0
2022-10-10 00:00:00-04:00,9.600000381469727,9.680000305175781,9.039999961853027,9.279999732971191,11825,0.0,0.0
2022-10-11 00:00:00-04:00,9.279999732971191,9.279999732971191,8.720000267028809,8.800000190734863,30250,0.0,0.0
2022-10-12 00:00:00-04:00,8.960000038146973,9.119999885559082,8.800000190734863,8.960000038146973,24850,0.0,0.0
2022-10-13 00:00:00-04:00,8.960000038146973,9.119999885559082,8.800000190734863,8.960000038146973,5300,0.0,0.0
2022-10-14 00:00:00-04:00,9.039999961853027,9.199999809265137,8.880000114440918,9.039999961853027,3588,0.0,0.0
2022-10-17 00:00:00-04:00,8.960000038146973,9.4399995803833,8.800000190734863,9.119999885559082,6975,0.0,0.0
2022-10-18 00:00:00-04:00,8.800000190734863,9.119999885559082,8.800000190734863,8.960000038146973,2775,0.0,0.0
2022-10-19 00:00:00-04:00,8.960000038146973,9.039999961853027,8.720000267028809,8.720000267028809,18475,0.0,0.0
2022-10-20 00:00:00-04:00,8.800000190734863,8.880000114440918,8.720000267028809,8.800000190734863,26800,0.0,0.0
2022-10-21 00:00:00-04:00,9.119999885559082,9.199999809265137,8.5600004196167,8.640000343322754,159650,0.0,0.0
2022-10-24 00:00:00-04:00,8.399999618530273,8.640000343322754,7.679999828338623,7.840000152587891,21938,0.0,0.0
2022-10-25 00:00:00-04:00,8.15999984741211,8.720000267028809,8.15999984741211,8.5600004196167,10263,0.0,0.0
2022-10-26 00:00:00-04:00,8.880000114440918,9.039999961853027,8.800000190734863,8.880000114440918,9900,0.0,0.0
2022-10-27 00:00:00-04:00,9.039999961853027,9.359999656677246,8.960000038146973,9.119999885559082,9375,0.0,0.0
2022-10-28 00:00:00-04:00,9.119999885559082,9.279999732971191,8.960000038146973,8.960000038146973,3925,0.0,0.0
2022-10-31 00:00:00-04:00,9.359999656677246,9.359999656677246,9.039999961853027,9.039999961853027,3538,0.0,0.0
2022-11-01 00:00:00-04:00,9.119999885559082,9.359999656677246,9.039999961853027,9.199999809265137,4288,0.0,0.0
2022-11-02 00:00:00-04:00,9.119999885559082,9.359999656677246,9.119999885559082,9.199999809265137,5750,0.0,0.0
2022-11-03 00:00:00-04:00,9.199999809265137,9.199999809265137,9.039999961853027,9.039999961853027,16950,0.0,0.0
2022-11-04 00:00:00-04:00,9.199999809265137,9.279999732971191,8.479999542236328,8.5600004196167,6438,0.0,0.0
2022-11-07 00:00:00-05:00,8.720000267028809,8.800000190734863,8.640000343322754,8.800000190734863,9288,0.0,0.0
2022-11-08 00:00:00-05:00,8.800000190734863,8.800000190734863,8.479999542236328,8.5600004196167,5275,0.0,0.0
2022-11-09 00:00:00-05:00,8.5600004196167,8.720000267028809,8.0,8.15999984741211,12450,0.0,0.0
2022-11-10 00:00:00-05:00,8.479999542236328,8.479999542236328,8.079999923706055,8.319999694824219,9525,0.0,0.0
2022-11-11 00:00:00-05:00,8.319999694824219,8.319999694824219,8.15999984741211,8.239999771118164,7763,0.0,0.0
2022-11-14 00:00:00-05:00,8.239999771118164,8.640000343322754,8.239999771118164,8.319999694824219,7463,0.0,0.0
2022-11-15 00:00:00-05:00,8.399999618530273,8.479999542236328,8.319999694824219,8.399999618530273,30638,0.0,0.0
2022-11-16 00:00:00-05:00,8.399999618530273,8.5600004196167,8.0,8.399999618530273,12988,0.0,0.0
2022-11-17 00:00:00-05:00,8.079999923706055,8.319999694824219,8.079999923706055,8.239999771118164,2700,0.0,0.0
2022-11-18 00:00:00-05:00,8.319999694824219,8.319999694824219,7.840000152587891,8.0,7500,0.0,0.0
2022-11-21 00:00:00-05:00,8.0,8.079999923706055,7.599999904632568,7.840000152587891,4438,0.0,0.0
2022-11-22 00:00:00-05:00,8.0,8.079999923706055,7.679999828338623,7.760000228881836,6600,0.0,0.0
2022-11-23 00:00:00-05:00,7.920000076293945,8.079999923706055,7.840000152587891,8.0,3138,0.0,0.0
2022-11-25 00:00:00-05:00,8.0,8.0,7.840000152587891,8.0,625,0.0,0.0
2022-11-28 00:00:00-05:00,7.920000076293945,8.0,7.519999980926514,7.599999904632568,4813,0.0,0.0
2022-11-29 00:00:00-05:00,7.679999828338623,7.760000228881836,7.519999980926514,7.599999904632568,10313,0.0,0.0
2022-11-30 00:00:00-05:00,7.599999904632568,7.760000228881836,7.519999980926514,7.599999904632568,1900,0.0,0.0
2022-12-01 00:00:00-05:00,7.760000228881836,7.760000228881836,7.519999980926514,7.519999980926514,4675,0.0,0.0
2022-12-02 00:00:00-05:00,7.519999980926514,7.679999828338623,7.519999980926514,7.679999828338623,3413,0.0,0.0
2022-12-05 00:00:00-05:00,7.599999904632568,7.599999904632568,7.440000057220459,7.440000057220459,5650,0.0,0.0
2022-12-06 00:00:00-05:00,7.519999980926514,7.519999980926514,7.039999961853027,7.199999809265137,11738,0.0,0.0
2022-12-07 00:00:00-05:00,7.039999961853027,7.360000133514404,7.039999961853027,7.199999809265137,11550,0.0,0.0
2022-12-08 00:00:00-05:00,7.199999809265137,7.519999980926514,7.119999885559082,7.199999809265137,14438,0.0,0.0
2022-12-09 00:00:00-05:00,7.199999809265137,7.28000020980835,7.039999961853027,7.119999885559082,10800,0.0,0.0
2022-12-12 00:00:00-05:00,7.119999885559082,7.28000020980835,6.880000114440918,7.039999961853027,8063,0.0,0.0
2022-12-13 00:00:00-05:00,7.039999961853027,7.119999885559082,6.960000038146973,7.039999961853027,3788,0.0,0.0
2022-12-14 00:00:00-05:00,6.880000114440918,7.119999885559082,6.71999979019165,6.960000038146973,23450,0.0,0.0
2022-12-15 00:00:00-05:00,6.960000038146973,6.960000038146973,6.639999866485596,6.800000190734863,42300,0.0,0.0
2022-12-16 00:00:00-05:00,6.960000038146973,7.119999885559082,6.800000190734863,6.800000190734863,5150,0.0,0.0
2022-12-19 00:00:00-05:00,6.800000190734863,6.880000114440918,6.71999979019165,6.800000190734863,1088,0.0,0.0
2022-12-20 00:00:00-05:00,6.639999866485596,6.880000114440918,6.639999866485596,6.800000190734863,6188,0.0,0.0
2022-12-21 00:00:00-05:00,6.800000190734863,7.119999885559082,6.71999979019165,6.960000038146973,8113,0.0,0.0
2022-12-22 00:00:00-05:00,6.800000190734863,7.119999885559082,6.800000190734863,6.960000038146973,4538,0.0,0.0
2022-12-23 00:00:00-05:00,7.039999961853027,7.599999904632568,6.800000190734863,7.599999904632568,11788,0.0,0.0
2022-12-27 00:00:00-05:00,7.440000057220459,7.599999904632568,7.039999961853027,7.519999980926514,7075,0.0,0.0
2022-12-28 00:00:00-05:00,7.599999904632568,8.5600004196167,7.28000020980835,8.479999542236328,30850,0.0,0.0
2022-12-29 00:00:00-05:00,8.319999694824219,9.359999656677246,8.239999771118164,8.399999618530273,57600,0.0,0.0
2022-12-30 00:00:00-05:00,8.15999984741211,8.319999694824219,7.679999828338623,8.079999923706055,19950,0.0,0.0
2023-01-03 00:00:00-05:00,7.840000152587891,8.399999618530273,7.840000152587891,8.15999984741211,8550,0.0,0.0
2023-01-04 00:00:00-05:00,8.399999618530273,8.399999618530273,8.0,8.15999984741211,9138,0.0,0.0
2023-01-05 00:00:00-05:00,8.15999984741211,8.15999984741211,7.679999828338623,7.920000076293945,9100,0.0,0.0
2023-01-06 00:00:00-05:00,7.920000076293945,8.079999923706055,7.599999904632568,7.760000228881836,5888,0.0,0.0
2023-01-09 00:00:00-05:00,8.0,8.0,7.760000228881836,7.920000076293945,3288,0.0,0.0
2023-01-10 00:00:00-05:00,7.760000228881836,8.0,7.760000228881836,8.0,17938,0.0,0.0
2023-01-11 00:00:00-05:00,8.0,8.479999542236328,7.920000076293945,8.319999694824219,91425,0.0,0.0
2023-01-12 00:00:00-05:00,8.239999771118164,8.319999694824219,8.079999923706055,8.319999694824219,7025,0.0,0.0
2023-01-13 00:00:00-05:00,8.319999694824219,8.640000343322754,8.239999771118164,8.319999694824219,11063,0.0,0.0
2023-01-17 00:00:00-05:00,8.399999618530273,8.479999542236328,8.239999771118164,8.239999771118164,5850,0.0,0.0
2023-01-18 00:00:00-05:00,8.319999694824219,8.5600004196167,8.239999771118164,8.319999694824219,30875,0.0,0.0
2023-01-19 00:00:00-05:00,8.239999771118164,8.479999542236328,8.239999771118164,8.399999618530273,4650,0.0,0.0
2023-01-20 00:00:00-05:00,8.479999542236328,8.640000343322754,8.319999694824219,8.399999618530273,26000,0.0,0.0
2023-01-23 00:00:00-05:00,8.720000267028809,9.039999961853027,8.319999694824219,9.039999961853027,37700,0.0,0.0
2023-01-24 00:00:00-05:00,9.199999809265137,9.4399995803833,8.960000038146973,9.4399995803833,5400,0.0,0.0
2023-01-25 00:00:00-05:00,9.119999885559082,9.279999732971191,9.039999961853027,9.119999885559082,4113,0.0,0.0
2023-01-26 00:00:00-05:00,9.039999961853027,9.279999732971191,9.039999961853027,9.119999885559082,3575,0.0,0.0
2023-01-27 00:00:00-05:00,9.199999809265137,10.479999542236328,9.199999809265137,10.479999542236328,33988,0.0,0.0
2023-01-30 00:00:00-05:00,10.319999694824219,10.5600004196167,10.239999771118164,10.399999618530273,16375,0.0,0.0
2023-01-31 00:00:00-05:00,10.399999618530273,10.479999542236328,10.239999771118164,10.399999618530273,10550,0.0,0.0
2023-02-01 00:00:00-05:00,10.479999542236328,11.359999656677246,10.399999618530273,10.720000267028809,16025,0.0,0.0
2023-02-02 00:00:00-05:00,11.199999809265137,11.199999809265137,10.399999618530273,10.720000267028809,5388,0.0,0.0
2023-02-03 00:00:00-05:00,10.720000267028809,10.720000267028809,10.399999618530273,10.640000343322754,4313,0.0,0.0
2023-02-06 00:00:00-05:00,10.479999542236328,10.800000190734863,10.479999542236328,10.479999542236328,4400,0.0,0.0
2023-02-07 00:00:00-05:00,11.359999656677246,11.359999656677246,10.5600004196167,10.720000267028809,3075,0.0,0.0
2023-02-08 00:00:00-05:00,10.960000038146973,10.960000038146973,10.399999618530273,10.479999542236328,5513,0.0,0.0
2023-02-09 00:00:00-05:00,10.960000038146973,10.960000038146973,10.239999771118164,10.5600004196167,16250,0.0,0.0
2023-02-10 00:00:00-05:00,10.960000038146973,10.960000038146973,10.399999618530273,10.479999542236328,7913,0.0,0.0
2023-02-13 00:00:00-05:00,10.880000114440918,10.880000114440918,9.920000076293945,10.479999542236328,9763,0.0,0.0
2023-02-14 00:00:00-05:00,10.479999542236328,10.640000343322754,10.479999542236328,10.640000343322754,1763,0.0,0.0
2023-02-15 00:00:00-05:00,10.5600004196167,10.640000343322754,10.399999618530273,10.399999618530273,4700,0.0,0.0
2023-02-16 00:00:00-05:00,10.239999771118164,10.5600004196167,10.239999771118164,10.399999618530273,4663,0.0,0.0
2023-02-17 00:00:00-05:00,10.319999694824219,10.5600004196167,10.319999694824219,10.5600004196167,2650,0.0,0.0
2023-02-21 00:00:00-05:00,10.960000038146973,10.960000038146973,10.399999618530273,10.399999618530273,7263,0.0,0.0
2023-02-22 00:00:00-05:00,9.760000228881836,10.5600004196167,9.760000228881836,10.399999618530273,35388,0.0,0.0
2023-02-23 00:00:00-05:00,10.640000343322754,10.640000343322754,10.15999984741211,10.399999618530273,5975,0.0,0.0
2023-02-24 00:00:00-05:00,10.5600004196167,10.5600004196167,10.399999618530273,10.399999618530273,7925,0.0,0.0
2023-02-27 00:00:00-05:00,10.399999618530273,10.5600004196167,10.239999771118164,10.399999618530273,12238,0.0,0.0
2023-02-28 00:00:00-05:00,10.399999618530273,10.640000343322754,10.399999618530273,10.479999542236328,8825,0.0,0.0
2023-03-01 00:00:00-05:00,10.5600004196167,10.5600004196167,10.399999618530273,10.399999618530273,6000,0.0,0.0
2023-03-02 00:00:00-05:00,10.399999618530273,10.5600004196167,10.15999984741211,10.399999618530273,34725,0.0,0.0
2023-03-03 00:00:00-05:00,10.239999771118164,10.5600004196167,10.239999771118164,10.479999542236328,17400,0.0,0.0
2023-03-06 00:00:00-05:00,10.399999618530273,10.800000190734863,10.399999618530273,10.479999542236328,14538,0.0,0.0
2023-03-07 00:00:00-05:00,10.399999618530273,10.5600004196167,10.239999771118164,10.399999618530273,9925,0.0,0.0
2023-03-08 00:00:00-05:00,10.15999984741211,10.399999618530273,10.079999923706055,10.239999771118164,5363,0.0,0.0
2023-03-09 00:00:00-05:00,10.5600004196167,10.720000267028809,9.600000381469727,9.680000305175781,12238,0.0,0.0
2023-03-10 00:00:00-05:00,9.680000305175781,9.760000228881836,8.800000190734863,8.960000038146973,45113,0.0,0.0
2023-03-13 00:00:00-04:00,8.479999542236328,8.800000190734863,7.360000133514404,8.0,63025,0.0,0.0
2023-03-14 00:00:00-04:00,8.399999618530273,9.199999809265137,8.15999984741211,8.319999694824219,18900,0.0,0.0
2023-03-15 00:00:00-04:00,8.15999984741211,8.319999694824219,7.840000152587891,8.0,8975,0.0,0.0
2023-03-16 00:00:00-04:00,7.920000076293945,8.640000343322754,7.920000076293945,8.319999694824219,17125,0.0,0.0
2023-03-17 00:00:00-04:00,8.079999923706055,8.640000343322754,8.0,8.079999923706055,15163,0.0,0.0
2023-03-20 00:00:00-04:00,8.319999694824219,8.399999618530273,8.079999923706055,8.079999923706055,23313,0.0,0.0
2023-03-21 00:00:00-04:00,8.399999618530273,8.479999542236328,8.15999984741211,8.319999694824219,3813,0.0,0.0
2023-03-22 00:00:00-04:00,8.239999771118164,9.359999656677246,8.239999771118164,9.199999809265137,96713,0.0,0.0
2023-03-23 00:00:00-04:00,9.039999961853027,9.359999656677246,8.640000343322754,8.880000114440918,48825,0.0,0.0
2023-03-24 00:00:00-04:00,8.960000038146973,8.960000038146973,8.720000267028809,8.880000114440918,4913,0.0,0.0
2023-03-27 00:00:00-04:00,9.199999809265137,9.199999809265137,8.960000038146973,9.119999885559082,813,0.0,0.0
2023-03-28 00:00:00-04:00,9.119999885559082,9.119999885559082,8.880000114440918,9.039999961853027,2113,0.0,0.0
2023-03-29 00:00:00-04:00,8.960000038146973,9.039999961853027,8.800000190734863,8.800000190734863,1625,0.0,0.0
2023-03-30 00:00:00-04:00,8.960000038146973,9.039999961853027,8.880000114440918,9.039999961853027,10138,0.0,0.0
2023-03-31 00:00:00-04:00,9.039999961853027,9.039999961853027,8.399999618530273,8.399999618530273,40438,0.0,0.0
2023-04-03 00:00:00-04:00,8.720000267028809,8.720000267028809,8.15999984741211,8.5600004196167,5513,0.0,0.0
2023-04-04 00:00:00-04:00,8.399999618530273,8.720000267028809,8.239999771118164,8.239999771118164,1250,0.0,0.0
2023-04-05 00:00:00-04:00,8.319999694824219,8.479999542236328,8.239999771118164,8.239999771118164,1200,0.0,0.0
2023-04-06 00:00:00-04:00,8.5600004196167,8.5600004196167,8.239999771118164,8.319999694824219,3163,0.0,0.0
2023-04-10 00:00:00-04:00,8.319999694824219,8.720000267028809,8.239999771118164,8.319999694824219,3375,0.0,0.0
2023-04-11 00:00:00-04:00,8.15999984741211,8.319999694824219,8.079999923706055,8.079999923706055,4638,0.0,0.0
2023-04-12 00:00:00-04:00,8.239999771118164,8.319999694824219,8.15999984741211,8.239999771118164,4913,0.0,0.0
2023-04-13 00:00:00-04:00,8.319999694824219,8.319999694824219,8.079999923706055,8.15999984741211,2513,0.0,0.0
2023-04-14 00:00:00-04:00,8.15999984741211,8.479999542236328,8.15999984741211,8.15999984741211,7450,0.0,0.0
2023-04-17 00:00:00-04:00,8.15999984741211,8.399999618530273,8.0,8.15999984741211,10838,0.0,0.0
2023-04-18 00:00:00-04:00,8.079999923706055,8.479999542236328,8.079999923706055,8.079999923706055,6725,0.0,0.0
2023-04-19 00:00:00-04:00,8.399999618530273,8.399999618530273,8.0,8.15999984741211,7813,0.0,0.0
2023-04-20 00:00:00-04:00,8.15999984741211,8.319999694824219,8.079999923706055,8.079999923706055,4113,0.0,0.0
2023-04-21 00:00:00-04:00,8.079999923706055,8.319999694824219,8.0,8.0,8800,0.0,0.0
2023-04-24 00:00:00-04:00,8.0,8.079999923706055,7.519999980926514,7.599999904632568,17425,0.0,0.0
2023-04-25 00:00:00-04:00,7.599999904632568,7.599999904632568,7.360000133514404,7.360000133514404,7188,0.0,0.0
2023-04-26 00:00:00-04:00,7.28000020980835,7.519999980926514,7.039999961853027,7.360000133514404,10225,0.0,0.0
2023-04-27 00:00:00-04:00,6.960000038146973,7.440000057220459,6.960000038146973,7.360000133514404,8513,0.0,0.0
2023-04-28 00:00:00-04:00,7.199999809265137,7.360000133514404,7.119999885559082,7.119999885559082,15363,0.0,0.0
2023-05-01 00:00:00-04:00,6.960000038146973,7.28000020980835,6.960000038146973,7.119999885559082,5025,0.0,0.0
2023-05-02 00:00:00-04:00,7.28000020980835,7.28000020980835,7.039999961853027,7.199999809265137,17563,0.0,0.0
2023-05-03 00:00:00-04:00,7.28000020980835,7.28000020980835,6.800000190734863,7.039999961853027,13688,0.0,0.0
2023-05-04 00:00:00-04:00,6.880000114440918,7.360000133514404,6.880000114440918,6.960000038146973,24275,0.0,0.0
2023-05-05 00:00:00-04:00,7.039999961853027,7.519999980926514,7.039999961853027,7.360000133514404,15888,0.0,0.0
2023-05-08 00:00:00-04:00,7.920000076293945,7.920000076293945,7.440000057220459,7.519999980926514,4550,0.0,0.0
2023-05-09 00:00:00-04:00,7.519999980926514,7.519999980926514,7.360000133514404,7.519999980926514,1850,0.0,0.0
2023-05-10 00:00:00-04:00,7.440000057220459,7.679999828338623,7.440000057220459,7.679999828338623,1338,0.0,0.0
2023-05-11 00:00:00-04:00,7.760000228881836,7.920000076293945,7.519999980926514,7.599999904632568,1863,0.0,0.0
2023-05-12 00:00:00-04:00,7.519999980926514,7.840000152587891,7.28000020980835,7.599999904632568,2750,0.0,0.0
2023-05-15 00:00:00-04:00,7.599999904632568,7.920000076293945,7.599999904632568,7.920000076293945,4075,0.0,0.0
2023-05-16 00:00:00-04:00,7.599999904632568,8.079999923706055,7.599999904632568,7.599999904632568,4750,0.0,0.0
2023-05-17 00:00:00-04:00,7.679999828338623,8.0,7.599999904632568,7.760000228881836,2725,0.0,0.0
2023-05-18 00:00:00-04:00,8.079999923706055,8.079999923706055,7.440000057220459,7.440000057220459,7700,0.0,0.0
2023-05-19 00:00:00-04:00,7.440000057220459,7.760000228881836,7.440000057220459,7.599999904632568,3225,0.0,0.0
2023-05-22 00:00:00-04:00,7.119999885559082,7.519999980926514,7.119999885559082,7.28000020980835,2875,0.0,0.0
2023-05-23 00:00:00-04:00,7.199999809265137,7.440000057220459,7.199999809265137,7.360000133514404,3600,0.0,0.0
2023-05-24 00:00:00-04:00,7.360000133514404,7.679999828338623,7.199999809265137,7.199999809265137,1950,0.0,0.0
2023-05-25 00:00:00-04:00,7.360000133514404,7.760000228881836,7.360000133514404,7.440000057220459,600,0.0,0.0
2023-05-26 00:00:00-04:00,7.360000133514404,7.760000228881836,7.360000133514404,7.360000133514404,888,0.0,0.0
2023-05-30 00:00:00-04:00,7.360000133514404,7.599999904632568,7.360000133514404,7.440000057220459,6938,0.0,0.0
2023-05-31 00:00:00-04:00,7.440000057220459,7.599999904632568,7.360000133514404,7.440000057220459,5438,0.0,0.0
2023-06-01 00:00:00-04:00,7.599999904632568,7.679999828338623,7.440000057220459,7.599999904632568,9638,0.0,0.0
2023-06-02 00:00:00-04:00,8.079999923706055,8.15999984741211,7.599999904632568,7.760000228881836,22638,0.0,0.0
2023-06-05 00:00:00-04:00,7.519999980926514,8.479999542236328,7.519999980926514,8.319999694824219,37650,0.0,0.0
2023-06-06 00:00:00-04:00,8.399999618530273,8.479999542236328,8.0,8.15999984741211,7000,0.0,0.0
2023-06-07 00:00:00-04:00,8.479999542236328,8.479999542236328,7.840000152587891,7.920000076293945,4500,0.0,0.0
2023-06-08 00:00:00-04:00,8.15999984741211,8.15999984741211,7.840000152587891,8.079999923706055,888,0.0,0.0
2023-06-09 00:00:00-04:00,8.15999984741211,8.15999984741211,7.840000152587891,7.840000152587891,2525,0.0,0.0
2023-06-12 00:00:00-04:00,7.840000152587891,8.319999694824219,7.840000152587891,8.239999771118164,8800,0.0,0.0
2023-06-13 00:00:00-04:00,8.319999694824219,8.640000343322754,8.0,8.239999771118164,13950,0.0,0.0
2023-06-14 00:00:00-04:00,8.239999771118164,8.5600004196167,8.079999923706055,8.319999694824219,12363,0.0,0.0
2023-06-15 00:00:00-04:00,8.15999984741211,8.5600004196167,8.15999984741211,8.479999542236328,4113,0.0,0.0
2023-06-16 00:00:00-04:00,8.319999694824219,8.479999542236328,8.15999984741211,8.399999618530273,7988,0.0,0.0
2023-06-20 00:00:00-04:00,8.15999984741211,8.5600004196167,7.840000152587891,8.399999618530273,7963,0.0,0.0
2023-06-21 00:00:00-04:00,8.399999618530273,8.5600004196167,8.319999694824219,8.5600004196167,13400,0.0,0.0
2023-06-22 00:00:00-04:00,8.319999694824219,8.5600004196167,8.15999984741211,8.239999771118164,6600,0.0,0.0
2023-06-23 00:00:00-04:00,8.479999542236328,8.479999542236328,8.239999771118164,8.319999694824219,7463,0.0,0.0
2023-06-26 00:00:00-04:00,8.15999984741211,8.239999771118164,8.079999923706055,8.239999771118164,588,0.0,0.0
2023-06-27 00:00:00-04:00,8.079999923706055,8.239999771118164,8.0,8.079999923706055,475,0.0,0.0
2023-06-28 00:00:00-04:00,8.079999923706055,8.239999771118164,8.079999923706055,8.079999923706055,1000,0.0,0.0
2023-06-29 00:00:00-04:00,8.079999923706055,8.239999771118164,7.760000228881836,8.0,4838,0.0,0.0
2023-06-30 00:00:00-04:00,7.840000152587891,8.239999771118164,7.519999980926514,7.760000228881836,7250,0.0,0.0
2023-07-03 00:00:00-04:00,7.679999828338623,7.760000228881836,7.679999828338623,7.679999828338623,1300,0.0,0.0
2023-07-05 00:00:00-04:00,7.679999828338623,7.760000228881836,7.599999904632568,7.679999828338623,2100,0.0,0.0
2023-07-06 00:00:00-04:00,7.679999828338623,8.0,7.599999904632568,7.679999828338623,850,0.0,0.0
2023-07-07 00:00:00-04:00,7.679999828338623,7.840000152587891,7.599999904632568,7.760000228881836,1588,0.0,0.0
2023-07-10 00:00:00-04:00,7.840000152587891,8.079999923706055,7.360000133514404,7.519999980926514,4613,0.0,0.0
2023-07-11 00:00:00-04:00,7.599999904632568,7.679999828338623,7.519999980926514,7.519999980926514,1813,0.0,0.0
2023-07-12 00:00:00-04:00,7.679999828338623,7.679999828338623,7.519999980926514,7.519999980926514,350,0.0,0.0
2023-07-13 00:00:00-04:00,7.519999980926514,7.679999828338623,7.440000057220459,7.679999828338623,2875,0.0,0.0
2023-07-14 00:00:00-04:00,7.440000057220459,7.599999904632568,7.440000057220459,7.440000057220459,7613,0.0,0.0
2023-07-17 00:00:00-04:00,7.599999904632568,7.599999904632568,7.440000057220459,7.440000057220459,4075,0.0,0.0
2023-07-18 00:00:00-04:00,7.360000133514404,7.519999980926514,7.28000020980835,7.360000133514404,1388,0.0,0.0
2023-07-19 00:00:00-04:00,7.119999885559082,7.599999904632568,7.119999885559082,7.599999904632568,3225,0.0,0.0
2023-07-20 00:00:00-04:00,7.599999904632568,7.920000076293945,7.440000057220459,7.599999904632568,625,0.0,0.0
2023-07-21 00:00:00-04:00,7.599999904632568,8.0,7.599999904632568,7.679999828338623,6613,0.0,0.0
2023-07-24 00:00:00-04:00,8.0,8.0,7.679999828338623,7.840000152587891,4838,0.0,0.0
2023-07-25 00:00:00-04:00,8.0,8.0,7.679999828338623,7.679999828338623,4750,0.0,0.0
2023-07-26 00:00:00-04:00,8.399999618530273,8.399999618530273,7.679999828338623,8.0,5050,0.0,0.0
2023-07-27 00:00:00-04:00,8.399999618530273,8.399999618530273,7.840000152587891,8.079999923706055,5625,0.0,0.0
2023-07-28 00:00:00-04:00,8.079999923706055,8.399999618530273,7.760000228881836,8.0,5238,0.0,0.0
2023-07-31 00:00:00-04:00,8.399999618530273,8.399999618530273,7.760000228881836,8.15999984741211,6588,0.0,0.0
2023-08-01 00:00:00-04:00,8.0,8.399999618530273,7.920000076293945,8.15999984741211,3400,0.0,0.0
2023-08-02 00:00:00-04:00,8.399999618530273,8.399999618530273,8.0,8.079999923706055,3663,0.0,0.0
2023-08-03 00:00:00-04:00,8.399999618530273,8.399999618530273,7.840000152587891,8.319999694824219,4250,0.0,0.0
2023-08-04 00:00:00-04:00,8.399999618530273,8.399999618530273,8.0,8.0,5725,0.0,0.0
2023-08-07 00:00:00-04:00,8.399999618530273,8.479999542236328,8.079999923706055,8.15999984741211,5688,0.0,0.0
2023-08-08 00:00:00-04:00,8.399999618530273,8.399999618530273,8.0,8.15999984741211,4400,0.0,0.0
2023-08-09 00:00:00-04:00,8.399999618530273,8.399999618530273,7.920000076293945,8.15999984741211,3763,0.0,0.0
2023-08-10 00:00:00-04:00,8.399999618530273,8.399999618530273,7.840000152587891,8.079999923706055,3050,0.0,0.0
2023-08-11 00:00:00-04:00,8.0,8.079999923706055,7.760000228881836,8.079999923706055,2413,0.0,0.0
2023-08-14 00:00:00-04:00,7.679999828338623,8.0,7.679999828338623,8.0,3463,0.0,0.0
2023-08-15 00:00:00-04:00,7.760000228881836,8.15999984741211,7.679999828338623,7.760000228881836,2400,0.0,0.0
2023-08-16 00:00:00-04:00,7.840000152587891,8.079999923706055,7.519999980926514,7.679999828338623,1425,0.0,0.0
2023-08-17 00:00:00-04:00,7.679999828338623,7.840000152587891,7.519999980926514,7.599999904632568,700,0.0,0.0
2023-08-18 00:00:00-04:00,7.760000228881836,7.840000152587891,7.519999980926514,7.679999828338623,850,0.0,0.0
2023-08-21 00:00:00-04:00,7.760000228881836,7.840000152587891,7.360000133514404,7.440000057220459,4263,0.0,0.0
2023-08-22 00:00:00-04:00,7.440000057220459,7.599999904632568,7.360000133514404,7.519999980926514,3863,0.0,0.0
2023-08-23 00:00:00-04:00,7.440000057220459,7.519999980926514,7.360000133514404,7.360000133514404,4550,0.0,0.0
2023-08-24 00:00:00-04:00,7.360000133514404,7.440000057220459,7.199999809265137,7.440000057220459,2363,0.0,0.0
2023-08-25 00:00:00-04:00,7.199999809265137,7.840000152587891,6.639999866485596,7.840000152587891,19788,0.0,0.0
2023-08-28 00:00:00-04:00,7.840000152587891,7.840000152587891,7.360000133514404,7.440000057220459,713,0.0,0.0
2023-08-29 00:00:00-04:00,7.360000133514404,7.840000152587891,7.360000133514404,7.360000133514404,863,0.0,0.0
2023-08-30 00:00:00-04:00,7.360000133514404,7.599999904632568,7.28000020980835,7.28000020980835,1500,0.0,0.0
2023-08-31 00:00:00-04:00,7.440000057220459,7.599999904632568,7.039999961853027,7.199999809265137,2313,0.0,0.0
2023-09-01 00:00:00-04:00,7.519999980926514,7.519999980926514,7.119999885559082,7.119999885559082,3275,0.0,0.0
2023-09-05 00:00:00-04:00,7.28000020980835,7.28000020980835,6.880000114440918,7.119999885559082,1300,0.0,0.0
2023-09-06 00:00:00-04:00,6.880000114440918,7.28000020980835,6.880000114440918,7.039999961853027,1550,0.0,0.0
2023-09-07 00:00:00-04:00,6.960000038146973,7.440000057220459,6.960000038146973,7.199999809265137,5150,0.0,0.0
2023-09-08 00:00:00-04:00,7.920000076293945,7.920000076293945,7.039999961853027,7.199999809265137,3663,0.0,0.0
2023-09-11 00:00:00-04:00,8.239999771118164,8.239999771118164,7.039999961853027,7.440000057220459,5638,0.0,0.0
2023-09-12 00:00:00-04:00,8.239999771118164,8.239999771118164,7.28000020980835,7.440000057220459,8775,0.0,0.0
2023-09-13 00:00:00-04:00,8.239999771118164,8.239999771118164,7.440000057220459,7.599999904632568,4675,0.0,0.0
2023-09-14 00:00:00-04:00,8.239999771118164,8.239999771118164,7.599999904632568,7.599999904632568,9125,0.0,0.0
2023-09-15 00:00:00-04:00,7.599999904632568,7.920000076293945,7.199999809265137,7.199999809265137,7138,0.0,0.0
2023-09-18 00:00:00-04:00,7.599999904632568,7.599999904632568,7.199999809265137,7.199999809265137,4700,0.0,0.0
2023-09-19 00:00:00-04:00,8.0,8.0,7.199999809265137,7.28000020980835,5275,0.0,0.0
2023-09-20 00:00:00-04:00,7.599999904632568,7.599999904632568,7.119999885559082,7.199999809265137,5188,0.0,0.0
2023-09-21 00:00:00-04:00,7.920000076293945,7.920000076293945,7.199999809265137,7.440000057220459,4913,0.0,0.0
2023-09-22 00:00:00-04:00,8.0,8.0,7.28000020980835,7.599999904632568,5200,0.0,0.0
2023-09-25 00:00:00-04:00,7.920000076293945,7.920000076293945,7.28000020980835,7.599999904632568,5550,0.0,0.0
2023-09-26 00:00:00-04:00,8.239999771118164,8.239999771118164,7.679999828338623,7.760000228881836,5250,0.0,0.0
2023-09-27 00:00:00-04:00,8.239999771118164,8.239999771118164,7.679999828338623,7.840000152587891,5063,0.0,0.0
2023-09-28 00:00:00-04:00,8.0,8.0,7.440000057220459,7.519999980926514,2638,0.0,0.0
2023-09-29 00:00:00-04:00,7.519999980926514,7.920000076293945,7.519999980926514,7.840000152587891,1288,0.0,0.0
2023-10-02 00:00:00-04:00,7.599999904632568,7.840000152587891,7.28000020980835,7.599999904632568,2313,0.0,0.0
2023-10-03 00:00:00-04:00,7.519999980926514,7.760000228881836,7.199999809265137,7.28000020980835,638,0.0,0.0
2023-10-04 00:00:00-04:00,7.119999885559082,7.519999980926514,7.039999961853027,7.360000133514404,2150,0.0,0.0
2023-10-05 00:00:00-04:00,7.199999809265137,7.840000152587891,7.199999809265137,7.440000057220459,888,0.0,0.0
2023-10-06 00:00:00-04:00,7.360000133514404,7.360000133514404,7.039999961853027,7.199999809265137,1450,0.0,0.0
2023-10-09 00:00:00-04:00,7.119999885559082,7.199999809265137,6.960000038146973,6.960000038146973,1613,0.0,0.0
2023-10-10 00:00:00-04:00,6.960000038146973,7.199999809265137,6.639999866485596,7.039999961853027,2538,0.0,0.0
2023-10-11 00:00:00-04:00,7.119999885559082,7.199999809265137,6.880000114440918,6.880000114440918,700,0.0,0.0
2023-10-12 00:00:00-04:00,6.960000038146973,7.199999809265137,6.71999979019165,7.119999885559082,1000,0.0,0.0
2023-10-13 00:00:00-04:00,6.960000038146973,7.199999809265137,6.800000190734863,6.880000114440918,713,0.0,0.0
2023-10-16 00:00:00-04:00,6.800000190734863,7.199999809265137,6.800000190734863,7.119999885559082,1400,0.0,0.0
2023-10-17 00:00:00-04:00,6.960000038146973,7.360000133514404,6.800000190734863,6.960000038146973,5938,0.0,0.0
2023-10-18 00:00:00-04:00,6.960000038146973,7.28000020980835,6.880000114440918,6.880000114440918,300,0.0,0.0
2023-10-19 00:00:00-04:00,6.800000190734863,7.28000020980835,6.800000190734863,6.880000114440918,525,0.0,0.0
2023-10-20 00:00:00-04:00,6.800000190734863,6.880000114440918,6.559999942779541,6.639999866485596,1775,0.0,0.0
2023-10-23 00:00:00-04:00,6.800000190734863,6.960000038146973,6.159999847412109,6.159999847412109,2663,0.0,0.0
2023-10-24 00:00:00-04:00,6.0,6.400000095367432,6.0,6.0,1638,0.0,0.0
2023-10-25 00:00:00-04:00,6.0,6.639999866485596,6.0,6.400000095367432,938,0.0,0.0
2023-10-26 00:00:00-04:00,6.400000095367432,6.400000095367432,6.0,6.159999847412109,1013,0.0,0.0
2023-10-27 00:00:00-04:00,6.079999923706055,6.320000171661377,6.0,6.0,1050,0.0,0.0
2023-10-30 00:00:00-04:00,6.0,6.0,5.920000076293945,5.920000076293945,2538,0.0,0.0
2023-10-31 00:00:00-04:00,5.920000076293945,6.559999942779541,5.119999885559082,6.239999771118164,45625,0.0,0.0
2023-11-01 00:00:00-04:00,5.739999771118164,6.570000171661377,5.739999771118164,6.570000171661377,14300,0.0,0.125
2023-11-02 00:00:00-04:00,6.260000228881836,6.46999979019165,5.800000190734863,5.800000190734863,20100,0.0,0.0
2023-11-03 00:00:00-04:00,5.869999885559082,6.119999885559082,5.860000133514404,5.860000133514404,3100,0.0,0.0
2023-11-06 00:00:00-05:00,5.909999847412109,6.170000076293945,5.800000190734863,5.849999904632568,6800,0.0,0.0
2023-11-07 00:00:00-05:00,5.730000019073486,6.039999961853027,5.730000019073486,5.869999885559082,6700,0.0,0.0
2023-11-08 00:00:00-05:00,5.900000095367432,5.960000038146973,5.900000095367432,5.949999809265137,4100,0.0,0.0
2023-11-09 00:00:00-05:00,5.989999771118164,6.0,5.730000019073486,5.869999885559082,7400,0.0,0.0
2023-11-10 00:00:00-05:00,5.710000038146973,5.960000038146973,5.710000038146973,5.889999866485596,2400,0.0,0.0
2023-11-13 00:00:00-05:00,5.800000190734863,6.159999847412109,5.579999923706055,6.159999847412109,6900,0.0,0.0
2023-11-14 00:00:00-05:00,6.150000095367432,7.400000095367432,6.039999961853027,6.889999866485596,6600,0.0,0.0
2023-11-15 00:00:00-05:00,6.889999866485596,7.980000019073486,6.889999866485596,7.699999809265137,6700,0.0,0.0
2023-11-16 00:00:00-05:00,7.889999866485596,7.909999847412109,7.400000095367432,7.900000095367432,5900,0.0,0.0
2023-11-17 00:00:00-05:00,7.71999979019165,7.920000076293945,7.429999828338623,7.739999771118164,14400,0.0,0.0
2023-11-20 00:00:00-05:00,7.670000076293945,7.78000020980835,7.0,7.670000076293945,8200,0.0,0.0
2023-11-21 00:00:00-05:00,7.21999979019165,7.690000057220459,7.119999885559082,7.340000152587891,4400,0.0,0.0
2023-11-22 00:00:00-05:00,7.659999847412109,7.670000076293945,7.400000095367432,7.539999961853027,4900,0.0,0.0
2023-11-24 00:00:00-05:00,7.679999828338623,7.679999828338623,7.5,7.559999942779541,6300,0.0,0.0
2023-11-27 00:00:00-05:00,7.650000095367432,7.670000076293945,7.53000020980835,7.53000020980835,7200,0.0,0.0
2023-11-28 00:00:00-05:00,7.639999866485596,7.690000057220459,7.519999980926514,7.679999828338623,5600,0.0,0.0
2023-11-29 00:00:00-05:00,7.690000057220459,7.730000019073486,7.199999809265137,7.199999809265137,18400,0.0,0.0
2023-11-30 00:00:00-05:00,7.199999809265137,7.619999885559082,7.199999809265137,7.550000190734863,4600,0.0,0.0
2023-12-01 00:00:00-05:00,7.590000152587891,7.590000152587891,7.28000020980835,7.489999771118164,3200,0.0,0.0
2023-12-04 00:00:00-05:00,7.28000020980835,7.619999885559082,7.28000020980835,7.5,5900,0.0,0.0
2023-12-05 00:00:00-05:00,7.130000114440918,7.199999809265137,6.480000019073486,6.480000019073486,9300,0.0,0.0
2023-12-06 00:00:00-05:00,6.28000020980835,6.53000020980835,6.179999828338623,6.199999809265137,5100,0.0,0.0
2023-12-07 00:00:00-05:00,6.230000019073486,6.449999809265137,6.230000019073486,6.300000190734863,2700,0.0,0.0
2023-12-08 00:00:00-05:00,6.25,6.630000114440918,6.179999828338623,6.21999979019165,8500,0.0,0.0
2023-12-11 00:00:00-05:00,5.599999904632568,6.480000019073486,5.599999904632568,6.25,3700,0.0,0.0
2023-12-12 00:00:00-05:00,6.03000020980835,6.03000020980835,6.03000020980835,6.03000020980835,1100,0.0,0.0
2023-12-13 00:00:00-05:00,6.010000228881836,7.449999809265137,6.010000228881836,6.789999961853027,3200,0.0,0.0
2023-12-14 00:00:00-05:00,7.389999866485596,7.389999866485596,6.800000190734863,7.090000152587891,4200,0.0,0.0
2023-12-15 00:00:00-05:00,6.46999979019165,6.800000190734863,6.21999979019165,6.25,4100,0.0,0.0
2023-12-18 00:00:00-05:00,6.119999885559082,6.670000076293945,6.050000190734863,6.570000171661377,2900,0.0,0.0
2023-12-19 00:00:00-05:00,6.340000152587891,6.710000038146973,6.340000152587891,6.710000038146973,2300,0.0,0.0
2023-12-20 00:00:00-05:00,6.0,6.880000114440918,6.0,6.880000114440918,7800,0.0,0.0
2023-12-21 00:00:00-05:00,6.409999847412109,7.03000020980835,6.409999847412109,7.03000020980835,1100,0.0,0.0
2023-12-22 00:00:00-05:00,7.059999942779541,7.059999942779541,6.630000114440918,7.0,4200,0.0,0.0
2023-12-26 00:00:00-05:00,6.769999980926514,7.099999904632568,6.619999885559082,7.090000152587891,3500,0.0,0.0
2023-12-27 00:00:00-05:00,6.929999828338623,7.03000020980835,6.690000057220459,6.789999961853027,3500,0.0,0.0
2023-12-28 00:00:00-05:00,6.630000114440918,7.090000152587891,6.519999980926514,7.090000152587891,5700,0.0,0.0
2023-12-29 00:00:00-05:00,6.699999809265137,7.070000171661377,6.400000095367432,6.789999961853027,4100,0.0,0.0
2024-01-02 00:00:00-05:00,6.829999923706055,6.829999923706055,6.829999923706055,6.829999923706055,700,0.0,0.0
2024-01-03 00:00:00-05:00,6.869999885559082,6.869999885559082,6.869999885559082,6.869999885559082,700,0.0,0.0
2024-01-04 00:00:00-05:00,6.46999979019165,7.099999904632568,6.46999979019165,7.010000228881836,4600,0.0,0.0
2024-01-05 00:00:00-05:00,7.0,7.260000228881836,7.0,7.0,9500,0.0,0.0
2024-01-08 00:00:00-05:00,7.050000190734863,7.050000190734863,7.0,7.0,1600,0.0,0.0
2024-01-09 00:00:00-05:00,7.0,7.0,6.96999979019165,6.96999979019165,1000,0.0,0.0
2024-01-10 00:00:00-05:00,6.849999904632568,6.849999904632568,6.599999904632568,6.599999904632568,1400,0.0,0.0
2024-01-11 00:00:00-05:00,6.449999809265137,6.449999809265137,6.400000095367432,6.400000095367432,1600,0.0,0.0
2024-01-12 00:00:00-05:00,6.349999904632568,6.539999961853027,6.159999847412109,6.28000020980835,2400,0.0,0.0
2024-01-16 00:00:00-05:00,6.239999771118164,6.239999771118164,6.199999809265137,6.199999809265137,1700,0.0,0.0
2024-01-17 00:00:00-05:00,6.110000133514404,6.5,6.110000133514404,6.190000057220459,6600,0.0,0.0
2024-01-18 00:00:00-05:00,6.159999847412109,6.730000019073486,6.159999847412109,6.489999771118164,1500,0.0,0.0
2024-01-19 00:00:00-05:00,6.380000114440918,6.380000114440918,6.269999980926514,6.269999980926514,1800,0.0,0.0
2024-01-22 00:00:00-05:00,6.269999980926514,6.5,6.269999980926514,6.369999885559082,4000,0.0,0.0
2024-01-23 00:00:00-05:00,6.28000020980835,6.380000114440918,6.230000019073486,6.230000019073486,34200,0.0,0.0
2024-01-24 00:00:00-05:00,6.179999828338623,6.25,6.159999847412109,6.25,6200,0.0,0.0
2024-01-25 00:00:00-05:00,6.25,6.25,6.210000038146973,6.25,6000,0.0,0.0
2024-01-26 00:00:00-05:00,6.340000152587891,6.400000095367432,6.0,6.349999904632568,12500,0.0,0.0
2024-01-29 00:00:00-05:00,6.010000228881836,6.239999771118164,6.010000228881836,6.210000038146973,3900,0.0,0.0
2024-01-30 00:00:00-05:00,6.389999866485596,6.389999866485596,6.090000152587891,6.260000228881836,2100,0.0,0.0
2024-01-31 00:00:00-05:00,6.090000152587891,6.239999771118164,6.079999923706055,6.099999904632568,3400,0.0,0.0
2024-02-01 00:00:00-05:00,6.099999904632568,6.25,6.03000020980835,6.239999771118164,4500,0.0,0.0
2024-02-02 00:00:00-05:00,6.28000020980835,6.369999885559082,6.039999961853027,6.28000020980835,3400,0.0,0.0
2024-02-05 00:00:00-05:00,6.25,6.340000152587891,6.019999980926514,6.239999771118164,2800,0.0,0.0
2024-02-06 00:00:00-05:00,6.099999904632568,6.300000190734863,6.019999980926514,6.199999809265137,2500,0.0,0.0
2024-02-07 00:00:00-05:00,6.059999942779541,6.25,6.0,6.239999771118164,3600,0.0,0.0
2024-02-08 00:00:00-05:00,6.119999885559082,6.130000114440918,6.050000190734863,6.079999923706055,1900,0.0,0.0
2024-02-09 00:00:00-05:00,6.03000020980835,6.289999961853027,6.03000020980835,6.289999961853027,6200,0.0,0.0
2024-02-12 00:00:00-05:00,6.070000171661377,6.400000095367432,6.070000171661377,6.289999961853027,3900,0.0,0.0
2024-02-13 00:00:00-05:00,6.090000152587891,6.380000114440918,6.079999923706055,6.349999904632568,1900,0.0,0.0
2024-02-14 00:00:00-05:00,6.119999885559082,6.289999961853027,6.119999885559082,6.289999961853027,1600,0.0,0.0
2024-02-15 00:00:00-05:00,6.150000095367432,6.340000152587891,6.079999923706055,6.25,5300,0.0,0.0
2024-02-16 00:00:00-05:00,6.090000152587891,6.150000095367432,5.909999847412109,5.960000038146973,16900,0.0,0.0
2024-02-20 00:00:00-05:00,5.920000076293945,6.019999980926514,5.920000076293945,6.010000228881836,3800,0.0,0.0
2024-02-21 00:00:00-05:00,5.980000019073486,6.050000190734863,5.920000076293945,5.989999771118164,7700,0.0,0.0
2024-02-22 00:00:00-05:00,5.909999847412109,5.949999809265137,5.849999904632568,5.889999866485596,9800,0.0,0.0
2024-02-23 00:00:00-05:00,6.0,6.0,5.900000095367432,5.900000095367432,600,0.0,0.0
2024-02-26 00:00:00-05:00,5.960000038146973,6.050000190734863,5.829999923706055,5.860000133514404,2900,0.0,0.0
2024-02-27 00:00:00-05:00,5.849999904632568,5.900000095367432,5.849999904632568,5.869999885559082,4200,0.0,0.0
2024-02-28 00:00:00-05:00,5.849999904632568,5.849999904632568,5.679999828338623,5.679999828338623,11000,0.0,0.0
2024-02-29 00:00:00-05:00,5.679999828338623,5.840000152587891,5.659999847412109,5.840000152587891,12200,0.0,0.0
2024-03-01 00:00:00-05:00,5.670000076293945,5.800000190734863,5.670000076293945,5.670000076293945,2800,0.0,0.0
2024-03-04 00:00:00-05:00,5.670000076293945,5.699999809265137,5.650000095367432,5.659999847412109,5700,0.0,0.0
2024-03-05 00:00:00-05:00,5.650000095367432,5.679999828338623,5.650000095367432,5.659999847412109,3500,0.0,0.0
2024-03-06 00:00:00-05:00,5.650000095367432,5.699999809265137,5.619999885559082,5.619999885559082,4000,0.0,0.0
2024-03-07 00:00:00-05:00,5.619999885559082,5.75,5.619999885559082,5.639999866485596,4800,0.0,0.0
2024-03-08 00:00:00-05:00,5.639999866485596,5.849999904632568,5.610000133514404,5.610000133514404,8100,0.0,0.0
2024-03-11 00:00:00-04:00,5.71999979019165,5.71999979019165,5.599999904632568,5.699999809265137,3000,0.0,0.0
2024-03-12 00:00:00-04:00,5.619999885559082,5.71999979019165,5.590000152587891,5.590000152587891,4900,0.0,0.0
2024-03-13 00:00:00-04:00,5.559999942779541,5.650000095367432,5.559999942779541,5.559999942779541,1200,0.0,0.0
2024-03-14 00:00:00-04:00,5.650000095367432,5.650000095367432,5.610000133514404,5.610000133514404,3100,0.0,0.0
2024-03-15 00:00:00-04:00,5.599999904632568,5.880000114440918,5.599999904632568,5.880000114440918,2400,0.0,0.0
2024-03-18 00:00:00-04:00,6.039999961853027,6.130000114440918,5.619999885559082,5.78000020980835,3200,0.0,0.0
2024-03-19 00:00:00-04:00,6.019999980926514,6.099999904632568,5.880000114440918,5.880000114440918,5500,0.0,0.0
2024-03-20 00:00:00-04:00,5.820000171661377,5.820000171661377,5.820000171661377,5.820000171661377,1100,0.0,0.0
2024-03-21 00:00:00-04:00,6.119999885559082,6.210000038146973,5.610000133514404,6.070000171661377,23800,0.0,0.0
2024-03-22 00:00:00-04:00,6.0,6.0,6.0,6.0,1600,0.0,0.0
2024-03-25 00:00:00-04:00,5.820000171661377,6.170000076293945,5.809999942779541,5.900000095367432,8000,0.0,0.0
2024-03-26 00:00:00-04:00,5.650000095367432,6.079999923706055,5.650000095367432,5.949999809265137,8500,0.0,0.0
2024-03-27 00:00:00-04:00,5.610000133514404,6.079999923706055,5.610000133514404,5.989999771118164,5400,0.0,0.0
2024-03-28 00:00:00-04:00,5.739999771118164,5.809999942779541,5.510000228881836,5.510000228881836,13200,0.0,0.0
2024-04-01 00:00:00-04:00,5.510000228881836,5.800000190734863,5.510000228881836,5.800000190734863,3700,0.0,0.0
2024-04-02 00:00:00-04:00,5.809999942779541,6.0,5.639999866485596,5.889999866485596,3200,0.0,0.0
2024-04-03 00:00:00-04:00,5.940000057220459,5.940000057220459,5.510000228881836,5.75,5800,0.0,0.0
2024-04-04 00:00:00-04:00,5.679999828338623,5.690000057220459,5.579999923706055,5.679999828338623,3200,0.0,0.0
2024-04-05 00:00:00-04:00,5.599999904632568,5.699999809265137,5.53000020980835,5.53000020980835,4800,0.0,0.0
2024-04-08 00:00:00-04:00,5.53000020980835,5.809999942779541,5.53000020980835,5.550000190734863,1900,0.0,0.0
2024-04-09 00:00:00-04:00,5.550000190734863,5.599999904632568,5.329999923706055,5.329999923706055,6600,0.0,0.0
2024-04-10 00:00:00-04:00,5.360000133514404,5.360000133514404,4.909999847412109,5.079999923706055,10300,0.0,0.0
2024-04-11 00:00:00-04:00,5.010000228881836,5.170000076293945,4.869999885559082,5.010000228881836,16100,0.0,0.0
2024-04-12 00:00:00-04:00,5.269999980926514,5.269999980926514,4.96999979019165,5.119999885559082,1200,0.0,0.0
2024-04-15 00:00:00-04:00,5.170000076293945,5.170000076293945,4.809999942779541,4.820000171661377,21300,0.0,0.0
2024-04-16 00:00:00-04:00,4.800000190734863,5.010000228881836,4.760000228881836,5.0,7600,0.0,0.0
2024-04-17 00:00:00-04:00,5.0,5.0,5.0,5.0,1700,0.0,0.0
2024-04-18 00:00:00-04:00,5.03000020980835,5.03000020980835,5.03000020980835,5.03000020980835,700,0.0,0.0
2024-04-19 00:00:00-04:00,4.900000095367432,4.900000095367432,4.880000114440918,4.880000114440918,1200,0.0,0.0
2024-04-22 00:00:00-04:00,4.989999771118164,5.28000020980835,4.900000095367432,5.21999979019165,1300,0.0,0.0
2024-04-23 00:00:00-04:00,5.010000228881836,5.190000057220459,4.860000133514404,4.860000133514404,15800,0.0,0.0
2024-04-24 00:00:00-04:00,5.019999980926514,5.139999866485596,4.989999771118164,5.139999866485596,1400,0.0,0.0
2024-04-25 00:00:00-04:00,5.179999828338623,5.179999828338623,4.96999979019165,5.010000228881836,8000,0.0,0.0
2024-04-26 00:00:00-04:00,4.820000171661377,5.150000095367432,4.820000171661377,5.150000095367432,6400,0.0,0.0
2024-04-29 00:00:00-04:00,5.190000057220459,5.199999809265137,5.039999961853027,5.139999866485596,2400,0.0,0.0
2024-04-30 00:00:00-04:00,4.989999771118164,5.239999771118164,4.860000133514404,4.960000038146973,20100,0.0,0.0
2024-05-01 00:00:00-04:00,4.849999904632568,5.039999961853027,4.760000228881836,5.03000020980835,6800,0.0,0.0
2024-05-02 00:00:00-04:00,4.869999885559082,5.090000152587891,4.869999885559082,4.869999885559082,3100,0.0,0.0
2024-05-03 00:00:00-04:00,4.989999771118164,4.989999771118164,4.800000190734863,4.909999847412109,1600,0.0,0.0
2024-05-06 00:00:00-04:00,4.880000114440918,4.880000114440918,4.860000133514404,4.860000133514404,1500,0.0,0.0
2024-05-07 00:00:00-04:00,4.769999980926514,4.889999866485596,4.690000057220459,4.710000038146973,8500,0.0,0.0
2024-05-08 00:00:00-04:00,4.670000076293945,4.900000095367432,4.460000038146973,4.460000038146973,22300,0.0,0.0
2024-05-09 00:00:00-04:00,4.409999847412109,4.800000190734863,4.409999847412109,4.71999979019165,12400,0.0,0.0
2024-05-10 00:00:00-04:00,4.710000038146973,4.849999904632568,4.699999809265137,4.769999980926514,4600,0.0,0.0
2024-05-13 00:00:00-04:00,4.489999771118164,4.739999771118164,4.480000019073486,4.519999980926514,16000,0.0,0.0
2024-05-14 00:00:00-04:00,4.46999979019165,4.800000190734863,4.46999979019165,4.599999904632568,6900,0.0,0.0
2024-05-15 00:00:00-04:00,4.53000020980835,4.539999961853027,4.53000020980835,4.539999961853027,1400,0.0,0.0
2024-05-16 00:00:00-04:00,4.519999980926514,4.519999980926514,4.519999980926514,4.519999980926514,2200,0.0,0.0
2024-05-17 00:00:00-04:00,4.559999942779541,4.590000152587891,4.510000228881836,4.510000228881836,1500,0.0,0.0
2024-05-20 00:00:00-04:00,4.659999847412109,4.869999885559082,4.53000020980835,4.869999885559082,9100,0.0,0.0
2024-05-21 00:00:00-04:00,4.880000114440918,4.920000076293945,4.710000038146973,4.889999866485596,15500,0.0,0.0
2024-05-22 00:00:00-04:00,4.829999923706055,4.989999771118164,4.75,4.840000152587891,3600,0.0,0.0
2024-05-23 00:00:00-04:00,4.860000133514404,4.989999771118164,4.710000038146973,4.989999771118164,6800,0.0,0.0
2024-05-24 00:00:00-04:00,4.800000190734863,4.860000133514404,4.75,4.840000152587891,15900,0.0,0.0
2024-05-28 00:00:00-04:00,4.800000190734863,4.929999828338623,4.800000190734863,4.849999904632568,9700,0.0,0.0
2024-05-29 00:00:00-04:00,4.840000152587891,4.920000076293945,4.800000190734863,4.809999942779541,14000,0.0,0.0
2024-05-30 00:00:00-04:00,4.809999942779541,5.199999809265137,4.809999942779541,4.840000152587891,4100,0.0,0.0
2024-05-31 00:00:00-04:00,4.940000057220459,4.96999979019165,4.820000171661377,4.849999904632568,12600,0.0,0.0
2024-06-03 00:00:00-04:00,4.840000152587891,4.960000038146973,4.840000152587891,4.940000057220459,4800,0.0,0.0
2024-06-04 00:00:00-04:00,4.860000133514404,4.880000114440918,4.840000152587891,4.880000114440918,3000,0.0,0.0
2024-06-05 00:00:00-04:00,4.889999866485596,4.889999866485596,4.840000152587891,4.849999904632568,800,0.0,0.0
2024-06-06 00:00:00-04:00,4.860000133514404,5.119999885559082,4.860000133514404,5.099999904632568,5300,0.0,0.0
2024-06-07 00:00:00-04:00,5.099999904632568,5.150000095367432,5.03000020980835,5.059999942779541,3500,0.0,0.0
2024-06-10 00:00:00-04:00,5.28000020980835,5.28000020980835,5.03000020980835,5.03000020980835,2000,0.0,0.0
2024-06-11 00:00:00-04:00,5.559999942779541,5.559999942779541,5.110000133514404,5.309999942779541,8100,0.0,0.0
2024-06-12 00:00:00-04:00,5.159999847412109,5.400000095367432,5.099999904632568,5.099999904632568,4000,0.0,0.0
2024-06-13 00:00:00-04:00,5.269999980926514,5.269999980926514,5.119999885559082,5.119999885559082,2200,0.0,0.0
2024-06-14 00:00:00-04:00,5.25,5.599999904632568,5.170000076293945,5.179999828338623,13300,0.0,0.0
2024-06-17 00:00:00-04:00,5.179999828338623,5.179999828338623,5.059999942779541,5.059999942779541,15100,0.0,0.0
2024-06-18 00:00:00-04:00,5.050000190734863,5.119999885559082,5.050000190734863,5.119999885559082,6400,0.0,0.0
2024-06-20 00:00:00-04:00,5.090000152587891,5.25,5.090000152587891,5.25,5300,0.0,0.0
2024-06-21 00:00:00-04:00,5.139999866485596,5.25,5.070000171661377,5.159999847412109,12300,0.0,0.0
2024-06-24 00:00:00-04:00,5.079999923706055,5.440000057220459,5.070000171661377,5.179999828338623,2300,0.0,0.0
2024-06-25 00:00:00-04:00,5.079999923706055,5.340000152587891,5.059999942779541,5.059999942779541,8500,0.0,0.0
2024-06-26 00:00:00-04:00,5.440000057220459,5.440000057220459,5.440000057220459,5.440000057220459,3300,0.0,0.0
2024-06-27 00:00:00-04:00,5.119999885559082,5.309999942779541,5.119999885559082,5.25,3400,0.0,0.0
2024-06-28 00:00:00-04:00,5.150000095367432,5.150000095367432,5.139999866485596,5.139999866485596,4000,0.0,0.0
2024-07-01 00:00:00-04:00,5.199999809265137,5.519999980926514,5.199999809265137,5.489999771118164,3700,0.0,0.0
2024-07-02 00:00:00-04:00,5.340000152587891,5.449999809265137,5.320000171661377,5.340000152587891,2100,0.0,0.0
2024-07-03 00:00:00-04:00,5.269999980926514,5.300000190734863,5.269999980926514,5.300000190734863,500,0.0,0.0
2024-07-05 00:00:00-04:00,5.260000228881836,5.599999904632568,5.260000228881836,5.599999904632568,2400,0.0,0.0
2024-07-08 00:00:00-04:00,5.940000057220459,5.949999809265137,5.760000228881836,5.869999885559082,3800,0.0,0.0
2024-07-09 00:00:00-04:00,5.670000076293945,7.199999809265137,5.369999885559082,5.400000095367432,219400,0.0,0.0
2024-07-10 00:00:00-04:00,5.300000190734863,5.300000190734863,4.679999828338623,4.940000057220459,41900,0.0,0.0
2024-07-11 00:00:00-04:00,4.849999904632568,5.050000190734863,4.760000228881836,5.03000020980835,59900,0.0,0.0
2024-07-12 00:00:00-04:00,4.860000133514404,5.119999885559082,4.860000133514404,4.900000095367432,17800,0.0,0.0
2024-07-15 00:00:00-04:00,4.800000190734863,5.139999866485596,4.78000020980835,5.050000190734863,37300,0.0,0.0
2024-07-16 00:00:00-04:00,4.949999809265137,5.039999961853027,4.920000076293945,4.96999979019165,24700,0.0,0.0
2024-07-17 00:00:00-04:00,4.829999923706055,5.0,4.829999923706055,4.929999828338623,15300,0.0,0.0
2024-07-18 00:00:00-04:00,4.900000095367432,5.050000190734863,4.849999904632568,4.869999885559082,20200,0.0,0.0
2024-07-19 00:00:00-04:00,4.820000171661377,5.179999828338623,4.820000171661377,4.989999771118164,9500,0.0,0.0
2024-07-22 00:00:00-04:00,5.010000228881836,5.050000190734863,5.0,5.050000190734863,2900,0.0,0.0
2024-07-23 00:00:00-04:00,5.190000057220459,5.25,5.099999904632568,5.099999904632568,4200,0.0,0.0
2024-07-24 00:00:00-04:00,5.21999979019165,5.21999979019165,5.21999979019165,5.21999979019165,600,0.0,0.0
2024-07-25 00:00:00-04:00,5.150000095367432,5.230000019073486,5.03000020980835,5.099999904632568,3400,0.0,0.0
2024-07-26 00:00:00-04:00,5.099999904632568,5.099999904632568,5.099999904632568,5.099999904632568,0,0.0,0.0
2024-07-29 00:00:00-04:00,5.059999942779541,5.340000152587891,5.050000190734863,5.340000152587891,2500,0.0,0.0
2024-07-30 00:00:00-04:00,5.150000095367432,5.150000095367432,5.150000095367432,5.150000095367432,1100,0.0,0.0
2024-07-31 00:00:00-04:00,4.960000038146973,4.960000038146973,4.960000038146973,4.960000038146973,600,0.0,0.0
2024-08-01 00:00:00-04:00,5.210000038146973,5.210000038146973,5.210000038146973,5.210000038146973,800,0.0,0.0
2024-08-02 00:00:00-04:00,5.019999980926514,5.019999980926514,5.019999980926514,5.019999980926514,400,0.0,0.0
2024-08-05 00:00:00-04:00,5.070000171661377,5.070000171661377,5.070000171661377,5.070000171661377,500,0.0,0.0
2024-08-06 00:00:00-04:00,5.0,5.309999942779541,4.860000133514404,4.860000133514404,7800,0.0,0.0
2024-08-07 00:00:00-04:00,5.099999904632568,5.150000095367432,5.099999904632568,5.150000095367432,900,0.0,0.0
2024-08-08 00:00:00-04:00,5.150000095367432,5.150000095367432,5.150000095367432,5.150000095367432,500,0.0,0.0
2024-08-09 00:00:00-04:00,5.150000095367432,5.150000095367432,5.150000095367432,5.150000095367432,1400,0.0,0.0
2024-08-12 00:00:00-04:00,5.150000095367432,5.349999904632568,5.150000095367432,5.150000095367432,7800,0.0,0.0
2024-08-13 00:00:00-04:00,5.110000133514404,5.28000020980835,4.869999885559082,5.28000020980835,15800,0.0,0.0
2024-08-14 00:00:00-04:00,5.409999847412109,5.690000057220459,5.28000020980835,5.690000057220459,9800,0.0,0.0
2024-08-15 00:00:00-04:00,5.53000020980835,5.639999866485596,5.369999885559082,5.599999904632568,5000,0.0,0.0
2024-08-16 00:00:00-04:00,5.5,5.789999961853027,5.5,5.78000020980835,14000,0.0,0.0
2024-08-19 00:00:00-04:00,5.599999904632568,5.880000114440918,5.599999904632568,5.880000114440918,10700,0.0,0.0
2024-08-20 00:00:00-04:00,5.869999885559082,5.880000114440918,5.650000095367432,5.880000114440918,8900,0.0,0.0
2024-08-21 00:00:00-04:00,6.039999961853027,7.099999904632568,6.039999961853027,6.980000019073486,21600,0.0,0.0
2024-08-22 00:00:00-04:00,6.679999828338623,6.800000190734863,6.590000152587891,6.800000190734863,16200,0.0,0.0
2024-08-23 00:00:00-04:00,6.78000020980835,6.900000095367432,6.760000228881836,6.760000228881836,1100,0.0,0.0
2024-08-26 00:00:00-04:00,6.739999771118164,7.099999904632568,6.730000019073486,7.099999904632568,3000,0.0,0.0
2024-08-27 00:00:00-04:00,7.130000114440918,7.900000095367432,7.0,7.820000171661377,34500,0.0,0.0
2024-08-28 00:00:00-04:00,7.75,7.889999866485596,7.340000152587891,7.690000057220459,3600,0.0,0.0
2024-08-29 00:00:00-04:00,7.75,7.789999961853027,7.090000152587891,7.090000152587891,8600,0.0,0.0
2024-08-30 00:00:00-04:00,7.440000057220459,7.659999847412109,7.400000095367432,7.630000114440918,1500,0.0,0.0
2024-09-03 00:00:00-04:00,7.199999809265137,7.579999923706055,7.190000057220459,7.420000076293945,9100,0.0,0.0
2024-09-04 00:00:00-04:00,7.539999961853027,7.71999979019165,7.269999980926514,7.639999866485596,10100,0.0,0.0
2024-09-05 00:00:00-04:00,7.449999809265137,7.460000038146973,6.889999866485596,6.889999866485596,1400,0.0,0.0
2024-09-06 00:00:00-04:00,7.300000190734863,7.389999866485596,6.369999885559082,6.579999923706055,11500,0.0,0.0
2024-09-09 00:00:00-04:00,6.260000228881836,6.340000152587891,6.260000228881836,6.340000152587891,2800,0.0,0.0
2024-09-10 00:00:00-04:00,6.849999904632568,6.849999904632568,6.369999885559082,6.570000171661377,8600,0.0,0.0
2024-09-11 00:00:00-04:00,6.260000228881836,6.71999979019165,6.260000228881836,6.650000095367432,16400,0.0,0.0
2024-09-12 00:00:00-04:00,6.650000095367432,6.650000095367432,6.650000095367432,6.650000095367432,700,0.0,0.0
2024-09-13 00:00:00-04:00,6.300000190734863,6.710000038146973,6.300000190734863,6.690000057220459,8200,0.0,0.0
2024-09-16 00:00:00-04:00,6.739999771118164,6.840000152587891,6.559999942779541,6.760000228881836,7700,0.0,0.0
2024-09-17 00:00:00-04:00,6.769999980926514,6.989999771118164,6.670000076293945,6.710000038146973,6300,0.0,0.0
2024-09-18 00:00:00-04:00,6.860000133514404,7.210000038146973,6.710000038146973,6.710000038146973,9000,0.0,0.0
2024-09-19 00:00:00-04:00,6.849999904632568,6.849999904632568,6.849999904632568,6.849999904632568,900,0.0,0.0
2024-09-20 00:00:00-04:00,6.900000095367432,7.0,6.570000171661377,7.0,16100,0.0,0.0
2024-09-23 00:00:00-04:00,6.800000190734863,6.989999771118164,6.599999904632568,6.599999904632568,1100,0.0,0.0
2024-09-24 00:00:00-04:00,6.71999979019165,7.119999885559082,6.590000152587891,7.119999885559082,6700,0.0,0.0
2024-09-25 00:00:00-04:00,6.78000020980835,6.849999904632568,6.059999942779541,6.25,14900,0.0,0.0
2024-09-26 00:00:00-04:00,6.340000152587891,6.75,6.050000190734863,6.119999885559082,8200,0.0,0.0
2024-09-27 00:00:00-04:00,6.099999904632568,6.400000095367432,6.010000228881836,6.150000095367432,11900,0.0,0.0
2024-09-30 00:00:00-04:00,6.139999866485596,6.440000057220459,6.139999866485596,6.440000057220459,4300,0.0,0.0
2024-10-01 00:00:00-04:00,6.579999923706055,6.579999923706055,6.059999942779541,6.340000152587891,7900,0.0,0.0
2024-10-02 00:00:00-04:00,6.230000019073486,6.690000057220459,6.230000019073486,6.309999942779541,8300,0.0,0.0
2024-10-03 00:00:00-04:00,6.739999771118164,6.900000095367432,6.269999980926514,6.269999980926514,12100,0.0,0.0
2024-10-04 00:00:00-04:00,6.320000171661377,6.420000076293945,6.190000057220459,6.349999904632568,2500,0.0,0.0
2024-10-07 00:00:00-04:00,6.440000057220459,6.440000057220459,6.110000133514404,6.110000133514404,5800,0.0,0.0
2024-10-08 00:00:00-04:00,6.199999809265137,6.5,6.059999942779541,6.059999942779541,7600,0.0,0.0
2024-10-09 00:00:00-04:00,6.300000190734863,6.400000095367432,6.099999904632568,6.230000019073486,27100,0.0,0.0
2024-10-10 00:00:00-04:00,6.199999809265137,6.539999961853027,6.179999828338623,6.5,4500,0.0,0.0
2024-10-11 00:00:00-04:00,6.579999923706055,6.590000152587891,6.579999923706055,6.590000152587891,1200,0.0,0.0
2024-10-14 00:00:00-04:00,6.760000228881836,6.760000228881836,6.059999942779541,6.059999942779541,13100,0.0,0.0
2024-10-15 00:00:00-04:00,6.170000076293945,6.489999771118164,6.170000076293945,6.260000228881836,2700,0.0,0.0
2024-10-16 00:00:00-04:00,6.269999980926514,7.989999771118164,6.269999980926514,7.650000095367432,42000,0.0,0.0
2024-10-17 00:00:00-04:00,7.510000228881836,7.599999904632568,7.320000171661377,7.320000171661377,8800,0.0,0.0
2024-10-18 00:00:00-04:00,7.650000095367432,7.650000095367432,7.179999828338623,7.179999828338623,6200,0.0,0.0
2024-10-21 00:00:00-04:00,7.25,7.300000190734863,6.730000019073486,7.099999904632568,8800,0.0,0.0
2024-10-22 00:00:00-04:00,6.800000190734863,6.800000190734863,6.71999979019165,6.71999979019165,7400,0.0,0.0
2024-10-23 00:00:00-04:00,6.900000095367432,6.900000095367432,6.71999979019165,6.71999979019165,7200,0.0,0.0
2024-10-24 00:00:00-04:00,6.800000190734863,6.909999847412109,6.309999942779541,6.599999904632568,19300,0.0,0.0
2024-10-25 00:00:00-04:00,6.480000019073486,6.800000190734863,6.460000038146973,6.590000152587891,17900,0.0,0.0
2024-10-28 00:00:00-04:00,6.420000076293945,6.610000133514404,6.420000076293945,6.610000133514404,1100,0.0,0.0
2024-10-29 00:00:00-04:00,6.760000228881836,6.800000190734863,6.539999961853027,6.670000076293945,1800,0.0,0.0
2024-10-30 00:00:00-04:00,6.800000190734863,7.050000190734863,6.639999866485596,7.050000190734863,8200,0.0,0.0
2024-10-31 00:00:00-04:00,7.309999942779541,7.309999942779541,6.900000095367432,6.900000095367432,15900,0.0,0.0
2024-11-01 00:00:00-04:00,6.690000057220459,6.96999979019165,6.690000057220459,6.96999979019165,2100,0.0,0.0
2024-11-04 00:00:00-05:00,6.96999979019165,7.199999809265137,6.690000057220459,6.860000133514404,14900,0.0,0.0
2024-11-05 00:00:00-05:00,6.710000038146973,6.980000019073486,6.519999980926514,6.519999980926514,11200,0.0,0.0
2024-11-06 00:00:00-05:00,6.659999847412109,7.0,6.599999904632568,6.889999866485596,7900,0.0,0.0
2024-11-07 00:00:00-05:00,6.769999980926514,6.869999885559082,6.650000095367432,6.699999809265137,2000,0.0,0.0
2024-11-08 00:00:00-05:00,7.0,7.0,6.75,6.889999866485596,1400,0.0,0.0
2024-11-11 00:00:00-05:00,7.0,7.320000171661377,6.820000171661377,7.21999979019165,9100,0.0,0.0
2024-11-12 00:00:00-05:00,7.059999942779541,7.590000152587891,7.059999942779541,7.400000095367432,12200,0.0,0.0
2024-11-13 00:00:00-05:00,7.400000095367432,7.550000190734863,7.199999809265137,7.440000057220459,3200,0.0,0.0
2024-11-14 00:00:00-05:00,7.440000057220459,7.440000057220459,7.199999809265137,7.199999809265137,700,0.0,0.0
2024-11-15 00:00:00-05:00,7.199999809265137,7.199999809265137,7.199999809265137,7.199999809265137,0,0.0,0.0
2024-11-18 00:00:00-05:00,6.880000114440918,7.099999904632568,6.880000114440918,6.96999979019165,8900,0.0,0.0
2024-11-19 00:00:00-05:00,6.96999979019165,6.96999979019165,6.96999979019165,6.96999979019165,0,0.0,0.0
2024-11-20 00:00:00-05:00,7.070000171661377,7.079999923706055,6.860000133514404,6.860000133514404,6200,0.0,0.0
2024-11-21 00:00:00-05:00,6.880000114440918,7.090000152587891,6.849999904632568,7.090000152587891,4200,0.0,0.0
2024-11-22 00:00:00-05:00,6.829999923706055,7.420000076293945,6.829999923706055,7.019999980926514,11600,0.0,0.0
2024-11-25 00:00:00-05:00,7.175300121307373,7.464200019836426,7.175300121307373,7.210000038146973,12448,0.0,0.0
