Date,Open,High,Low,Close,Volume,Dividends,Stock Splits
2022-01-03 00:00:00-05:00,10.220000267028809,10.220000267028809,10.220000267028809,10.220000267028809,200,0.0,0.0
2022-01-04 00:00:00-05:00,10.220000267028809,10.220000267028809,10.220000267028809,10.220000267028809,0,0.0,0.0
2022-01-05 00:00:00-05:00,10.220000267028809,10.220000267028809,10.220000267028809,10.220000267028809,0,0.0,0.0
2022-01-06 00:00:00-05:00,10.229999542236328,10.229999542236328,10.229999542236328,10.229999542236328,100,0.0,0.0
2022-01-07 00:00:00-05:00,10.244999885559082,10.25,10.244999885559082,10.25,1000,0.0,0.0
2022-01-10 00:00:00-05:00,10.239999771118164,10.239999771118164,10.229999542236328,10.229999542236328,300,0.0,0.0
2022-01-11 00:00:00-05:00,10.229999542236328,10.239999771118164,10.229999542236328,10.239999771118164,72600,0.0,0.0
2022-01-12 00:00:00-05:00,10.239999771118164,10.239999771118164,10.239999771118164,10.239999771118164,0,0.0,0.0
2022-01-13 00:00:00-05:00,10.239999771118164,10.239999771118164,10.239999771118164,10.239999771118164,0,0.0,0.0
2022-01-14 00:00:00-05:00,10.239999771118164,10.239999771118164,10.239999771118164,10.239999771118164,600,0.0,0.0
2022-01-18 00:00:00-05:00,10.25,10.25,10.25,10.25,400,0.0,0.0
2022-01-19 00:00:00-05:00,10.25,10.25,10.25,10.25,0,0.0,0.0
2022-01-20 00:00:00-05:00,10.239999771118164,10.244000434875488,10.239999771118164,10.239999771118164,2400,0.0,0.0
2022-01-21 00:00:00-05:00,10.256999969482422,10.260000228881836,10.256999969482422,10.256999969482422,700,0.0,0.0
2022-01-24 00:00:00-05:00,10.25,10.25,10.244999885559082,10.244999885559082,27700,0.0,0.0
2022-01-25 00:00:00-05:00,10.260000228881836,10.260000228881836,10.260000228881836,10.260000228881836,200,0.0,0.0
2022-01-26 00:00:00-05:00,10.25,10.260000228881836,10.25,10.260000228881836,3600,0.0,0.0
2022-01-27 00:00:00-05:00,10.25,10.25,10.25,10.25,3900,0.0,0.0
2022-01-28 00:00:00-05:00,10.258999824523926,10.260000228881836,10.25,10.25,2100,0.0,0.0
2022-01-31 00:00:00-05:00,10.25,10.260000228881836,10.25,10.25,32400,0.0,0.0
2022-02-01 00:00:00-05:00,10.25,10.260000228881836,10.25,10.260000228881836,3600,0.0,0.0
2022-02-02 00:00:00-05:00,10.260000228881836,10.279999732971191,10.25,10.260000228881836,1779000,0.0,0.0
2022-02-03 00:00:00-05:00,10.267000198364258,10.270000457763672,10.229999542236328,10.25,32000,0.0,0.0
2022-02-04 00:00:00-05:00,10.270000457763672,10.270000457763672,10.263999938964844,10.263999938964844,4500,0.0,0.0
2022-02-07 00:00:00-05:00,10.248000144958496,10.248000144958496,10.248000144958496,10.248000144958496,200,0.0,0.0
2022-02-08 00:00:00-05:00,10.09000015258789,11.09000015258789,10.09000015258789,10.175000190734863,7200,0.0,0.0
2022-02-09 00:00:00-05:00,10.09000015258789,11.600000381469727,10.09000015258789,10.125,10400,0.0,0.0
2022-02-10 00:00:00-05:00,10.649999618530273,10.649999618530273,10.0,10.0,115800,0.0,0.0
2022-02-11 00:00:00-05:00,10.109999656677246,10.109999656677246,10.079999923706055,10.079999923706055,3900,0.0,0.0
2022-02-14 00:00:00-05:00,10.079999923706055,10.600000381469727,10.079999923706055,10.109999656677246,19400,0.0,0.0
2022-02-15 00:00:00-05:00,10.270000457763672,10.515000343322754,10.109999656677246,10.109999656677246,11400,0.0,0.0
2022-02-16 00:00:00-05:00,10.109999656677246,10.109999656677246,10.109999656677246,10.109999656677246,200,0.0,0.0
2022-02-17 00:00:00-05:00,10.109999656677246,10.109999656677246,10.109999656677246,10.109999656677246,0,0.0,0.0
2022-02-18 00:00:00-05:00,10.109999656677246,10.109999656677246,10.109999656677246,10.109999656677246,0,0.0,0.0
2022-02-22 00:00:00-05:00,10.170000076293945,10.170000076293945,10.170000076293945,10.170000076293945,300,0.0,0.0
2022-02-23 00:00:00-05:00,10.15999984741211,10.15999984741211,10.109999656677246,10.109999656677246,12800,0.0,0.0
2022-02-24 00:00:00-05:00,10.109999656677246,10.140000343322754,10.109999656677246,10.140000343322754,4400,0.0,0.0
2022-02-25 00:00:00-05:00,10.140000343322754,10.140000343322754,10.140000343322754,10.140000343322754,0,0.0,0.0
2022-02-28 00:00:00-05:00,10.187000274658203,10.1899995803833,10.119999885559082,10.119999885559082,7300,0.0,0.0
2022-03-01 00:00:00-05:00,10.119999885559082,10.119999885559082,10.119999885559082,10.119999885559082,0,0.0,0.0
2022-03-02 00:00:00-05:00,10.130000114440918,10.130000114440918,10.119999885559082,10.119999885559082,2100,0.0,0.0
2022-03-03 00:00:00-05:00,10.119999885559082,10.119999885559082,10.119999885559082,10.119999885559082,0,0.0,0.0
2022-03-04 00:00:00-05:00,10.164999961853027,10.164999961853027,10.164999961853027,10.164999961853027,300,0.0,0.0
2022-03-07 00:00:00-05:00,10.130000114440918,10.180000305175781,10.130000114440918,10.180000305175781,2600,0.0,0.0
2022-03-08 00:00:00-05:00,10.140000343322754,10.170000076293945,10.140000343322754,10.140000343322754,10400,0.0,0.0
2022-03-09 00:00:00-05:00,10.177000045776367,10.1850004196167,10.140000343322754,10.1850004196167,600,0.0,0.0
2022-03-10 00:00:00-05:00,10.1850004196167,10.1850004196167,10.1850004196167,10.1850004196167,0,0.0,0.0
2022-03-11 00:00:00-05:00,10.149999618530273,10.149999618530273,10.140000343322754,10.140000343322754,3600,0.0,0.0
2022-03-14 00:00:00-04:00,10.140000343322754,10.140000343322754,10.140000343322754,10.140000343322754,0,0.0,0.0
2022-03-15 00:00:00-04:00,10.140000343322754,10.140000343322754,10.140000343322754,10.140000343322754,0,0.0,0.0
2022-03-16 00:00:00-04:00,10.140000343322754,10.140000343322754,10.140000343322754,10.140000343322754,0,0.0,0.0
2022-03-17 00:00:00-04:00,10.140000343322754,10.140000343322754,10.140000343322754,10.140000343322754,0,0.0,0.0
2022-03-18 00:00:00-04:00,10.140000343322754,10.140000343322754,10.140000343322754,10.140000343322754,0,0.0,0.0
2022-03-21 00:00:00-04:00,10.154000282287598,10.154000282287598,10.154000282287598,10.154000282287598,100,0.0,0.0
2022-03-22 00:00:00-04:00,10.149999618530273,10.220000267028809,10.149999618530273,10.220000267028809,2000,0.0,0.0
2022-03-23 00:00:00-04:00,10.149999618530273,10.217000007629395,10.149999618530273,10.210000038146973,700,0.0,0.0
2022-03-24 00:00:00-04:00,10.15999984741211,10.15999984741211,10.149999618530273,10.149999618530273,900,0.0,0.0
2022-03-25 00:00:00-04:00,10.149999618530273,10.149999618530273,10.149999618530273,10.149999618530273,200,0.0,0.0
2022-03-28 00:00:00-04:00,10.15999984741211,10.15999984741211,10.15999984741211,10.15999984741211,200,0.0,0.0
2022-03-29 00:00:00-04:00,10.15999984741211,10.15999984741211,10.15999984741211,10.15999984741211,100,0.0,0.0
2022-03-30 00:00:00-04:00,10.140000343322754,10.149999618530273,10.140000343322754,10.140000343322754,5500,0.0,0.0
2022-03-31 00:00:00-04:00,10.140000343322754,10.142000198364258,10.140000343322754,10.142000198364258,2800,0.0,0.0
2022-04-01 00:00:00-04:00,10.140000343322754,10.140000343322754,10.140000343322754,10.140000343322754,8400,0.0,0.0
2022-04-04 00:00:00-04:00,10.175000190734863,10.175000190734863,10.175000190734863,10.175000190734863,300,0.0,0.0
2022-04-05 00:00:00-04:00,10.175000190734863,10.175000190734863,10.175000190734863,10.175000190734863,0,0.0,0.0
2022-04-06 00:00:00-04:00,10.175000190734863,10.175000190734863,10.175000190734863,10.175000190734863,0,0.0,0.0
2022-04-07 00:00:00-04:00,10.175000190734863,10.175000190734863,10.175000190734863,10.175000190734863,0,0.0,0.0
2022-04-08 00:00:00-04:00,10.175000190734863,10.175000190734863,10.175000190734863,10.175000190734863,0,0.0,0.0
2022-04-11 00:00:00-04:00,10.175000190734863,10.175000190734863,10.175000190734863,10.175000190734863,0,0.0,0.0
2022-04-12 00:00:00-04:00,10.175000190734863,10.175000190734863,10.175000190734863,10.175000190734863,0,0.0,0.0
2022-04-13 00:00:00-04:00,10.175000190734863,10.175000190734863,10.175000190734863,10.175000190734863,0,0.0,0.0
2022-04-14 00:00:00-04:00,10.175000190734863,10.175000190734863,10.175000190734863,10.175000190734863,0,0.0,0.0
2022-04-18 00:00:00-04:00,10.210000038146973,10.210000038146973,10.210000038146973,10.210000038146973,500,0.0,0.0
2022-04-19 00:00:00-04:00,10.225000381469727,10.225000381469727,10.225000381469727,10.225000381469727,300,0.0,0.0
2022-04-20 00:00:00-04:00,10.220000267028809,10.220000267028809,10.199999809265137,10.199999809265137,400,0.0,0.0
2022-04-21 00:00:00-04:00,10.199999809265137,10.204000473022461,10.199999809265137,10.199999809265137,11000,0.0,0.0
2022-04-22 00:00:00-04:00,10.199999809265137,10.199999809265137,10.199999809265137,10.199999809265137,0,0.0,0.0
2022-04-25 00:00:00-04:00,10.199999809265137,10.199999809265137,10.199999809265137,10.199999809265137,100,0.0,0.0
2022-04-26 00:00:00-04:00,10.199999809265137,10.199999809265137,10.199999809265137,10.199999809265137,10200,0.0,0.0
2022-04-27 00:00:00-04:00,10.199999809265137,10.199999809265137,10.180000305175781,10.199999809265137,16300,0.0,0.0
2022-04-28 00:00:00-04:00,10.199999809265137,10.201000213623047,10.199999809265137,10.201000213623047,700,0.0,0.0
2022-04-29 00:00:00-04:00,10.201000213623047,10.201000213623047,10.201000213623047,10.201000213623047,0,0.0,0.0
2022-05-02 00:00:00-04:00,10.220000267028809,10.225000381469727,10.220000267028809,10.220000267028809,5700,0.0,0.0
2022-05-03 00:00:00-04:00,10.220000267028809,10.220000267028809,10.220000267028809,10.220000267028809,0,0.0,0.0
2022-05-04 00:00:00-04:00,10.220000267028809,10.704999923706055,10.220000267028809,10.399999618530273,33400,0.0,0.0
2022-05-05 00:00:00-04:00,10.399999618530273,10.399999618530273,10.399999618530273,10.399999618530273,100,0.0,0.0
2022-05-06 00:00:00-04:00,10.399999618530273,10.399999618530273,10.399999618530273,10.399999618530273,0,0.0,0.0
2022-05-09 00:00:00-04:00,10.270000457763672,10.270000457763672,10.260000228881836,10.260000228881836,13900,0.0,0.0
2022-05-10 00:00:00-04:00,10.260000228881836,10.260000228881836,10.260000228881836,10.260000228881836,0,0.0,0.0
2022-05-11 00:00:00-04:00,10.25,10.25,10.239999771118164,10.246999740600586,1600,0.0,0.0
2022-05-12 00:00:00-04:00,10.246999740600586,10.246999740600586,10.246999740600586,10.246999740600586,0,0.0,0.0
2022-05-13 00:00:00-04:00,10.229999542236328,10.229999542236328,10.199999809265137,10.210000038146973,4900,0.0,0.0
2022-05-16 00:00:00-04:00,10.210000038146973,10.210000038146973,10.210000038146973,10.210000038146973,160000,0.0,0.0
2022-05-17 00:00:00-04:00,10.199999809265137,10.199999809265137,10.199999809265137,10.199999809265137,3000,0.0,0.0
2022-05-18 00:00:00-04:00,10.199999809265137,10.199999809265137,10.199999809265137,10.199999809265137,0,0.0,0.0
2022-05-19 00:00:00-04:00,10.199999809265137,10.199999809265137,10.199999809265137,10.199999809265137,0,0.0,0.0
2022-05-20 00:00:00-04:00,10.119999885559082,10.201000213623047,10.119999885559082,10.199999809265137,2400,0.0,0.0
2022-05-23 00:00:00-04:00,10.199999809265137,10.199999809265137,10.199999809265137,10.199999809265137,0,0.0,0.0
2022-05-24 00:00:00-04:00,10.199999809265137,10.199999809265137,10.199999809265137,10.199999809265137,200,0.0,0.0
2022-05-25 00:00:00-04:00,10.199999809265137,10.199999809265137,10.199999809265137,10.199999809265137,0,0.0,0.0
2022-05-26 00:00:00-04:00,10.199999809265137,10.199999809265137,10.199999809265137,10.199999809265137,5800,0.0,0.0
2022-05-27 00:00:00-04:00,10.199999809265137,10.199999809265137,10.199999809265137,10.199999809265137,0,0.0,0.0
2022-05-31 00:00:00-04:00,10.199999809265137,10.199999809265137,10.199999809265137,10.199999809265137,0,0.0,0.0
2022-06-01 00:00:00-04:00,10.199999809265137,10.199999809265137,10.199999809265137,10.199999809265137,0,0.0,0.0
2022-06-02 00:00:00-04:00,10.199999809265137,10.199999809265137,10.199999809265137,10.199999809265137,0,0.0,0.0
2022-06-03 00:00:00-04:00,10.229999542236328,10.229999542236328,10.229999542236328,10.229999542236328,600,0.0,0.0
2022-06-06 00:00:00-04:00,10.229999542236328,10.229999542236328,10.229999542236328,10.229999542236328,0,0.0,0.0
2022-06-07 00:00:00-04:00,10.199999809265137,10.199999809265137,10.199999809265137,10.199999809265137,100,0.0,0.0
2022-06-08 00:00:00-04:00,10.199999809265137,10.199999809265137,10.199999809265137,10.199999809265137,0,0.0,0.0
2022-06-09 00:00:00-04:00,10.199999809265137,10.199999809265137,10.199999809265137,10.199999809265137,200,0.0,0.0
2022-06-10 00:00:00-04:00,10.199999809265137,10.199999809265137,10.199999809265137,10.199999809265137,0,0.0,0.0
2022-06-13 00:00:00-04:00,10.199999809265137,10.199999809265137,10.199999809265137,10.199999809265137,200,0.0,0.0
2022-06-14 00:00:00-04:00,10.199999809265137,10.199999809265137,10.199999809265137,10.199999809265137,0,0.0,0.0
2022-06-15 00:00:00-04:00,10.199999809265137,10.199999809265137,10.199999809265137,10.199999809265137,0,0.0,0.0
2022-06-16 00:00:00-04:00,10.199999809265137,10.199999809265137,10.199999809265137,10.199999809265137,0,0.0,0.0
2022-06-17 00:00:00-04:00,10.199999809265137,10.199999809265137,10.199999809265137,10.199999809265137,0,0.0,0.0
2022-06-21 00:00:00-04:00,10.210000038146973,10.210000038146973,10.199999809265137,10.199999809265137,300,0.0,0.0
2022-06-22 00:00:00-04:00,10.199999809265137,10.199999809265137,10.199999809265137,10.199999809265137,0,0.0,0.0
2022-06-23 00:00:00-04:00,10.199999809265137,10.199999809265137,10.199999809265137,10.199999809265137,0,0.0,0.0
2022-06-24 00:00:00-04:00,10.199999809265137,10.199999809265137,10.199999809265137,10.199999809265137,0,0.0,0.0
2022-06-27 00:00:00-04:00,10.199999809265137,10.199999809265137,10.199999809265137,10.199999809265137,0,0.0,0.0
2022-06-28 00:00:00-04:00,10.199999809265137,10.199999809265137,10.199999809265137,10.199999809265137,0,0.0,0.0
2022-06-29 00:00:00-04:00,10.199999809265137,10.199999809265137,10.199999809265137,10.199999809265137,0,0.0,0.0
2022-06-30 00:00:00-04:00,10.199999809265137,10.199999809265137,10.199999809265137,10.199999809265137,0,0.0,0.0
2022-07-01 00:00:00-04:00,10.199999809265137,10.199999809265137,10.199999809265137,10.199999809265137,0,0.0,0.0
2022-07-05 00:00:00-04:00,10.210000038146973,10.210000038146973,10.210000038146973,10.210000038146973,700,0.0,0.0
2022-07-06 00:00:00-04:00,10.210000038146973,10.210000038146973,10.210000038146973,10.210000038146973,0,0.0,0.0
2022-07-07 00:00:00-04:00,10.210000038146973,10.210000038146973,10.210000038146973,10.210000038146973,0,0.0,0.0
2022-07-08 00:00:00-04:00,10.210000038146973,10.210000038146973,10.210000038146973,10.210000038146973,0,0.0,0.0
2022-07-11 00:00:00-04:00,10.239999771118164,10.239999771118164,10.239999771118164,10.239999771118164,1500,0.0,0.0
2022-07-12 00:00:00-04:00,10.239999771118164,10.239999771118164,10.239999771118164,10.239999771118164,0,0.0,0.0
2022-07-13 00:00:00-04:00,10.25,10.279999732971191,10.25,10.279999732971191,1400,0.0,0.0
2022-07-14 00:00:00-04:00,10.279999732971191,10.279999732971191,10.279999732971191,10.279999732971191,0,0.0,0.0
2022-07-15 00:00:00-04:00,10.279999732971191,10.279999732971191,10.279999732971191,10.279999732971191,0,0.0,0.0
2022-07-18 00:00:00-04:00,10.239999771118164,10.239999771118164,10.234999656677246,10.239999771118164,101200,0.0,0.0
2022-07-19 00:00:00-04:00,10.25,10.25,10.25,10.25,51000,0.0,0.0
2022-07-20 00:00:00-04:00,10.260000228881836,10.260000228881836,10.239999771118164,10.239999771118164,84600,0.0,0.0
2022-07-21 00:00:00-04:00,10.239999771118164,10.239999771118164,10.239999771118164,10.239999771118164,0,0.0,0.0
2022-07-22 00:00:00-04:00,10.239999771118164,10.239999771118164,10.239999771118164,10.239999771118164,0,0.0,0.0
2022-07-25 00:00:00-04:00,10.239999771118164,10.239999771118164,10.239999771118164,10.239999771118164,0,0.0,0.0
2022-07-26 00:00:00-04:00,10.260000228881836,10.260000228881836,10.239999771118164,10.260000228881836,15700,0.0,0.0
2022-07-27 00:00:00-04:00,10.260000228881836,10.270000457763672,10.260000228881836,10.270000457763672,6700,0.0,0.0
2022-07-28 00:00:00-04:00,10.270000457763672,10.270000457763672,10.270000457763672,10.270000457763672,4600,0.0,0.0
2022-07-29 00:00:00-04:00,10.279999732971191,10.279999732971191,10.279999732971191,10.279999732971191,26300,0.0,0.0
2022-08-01 00:00:00-04:00,10.279999732971191,10.279999732971191,10.279999732971191,10.279999732971191,0,0.0,0.0
2022-08-02 00:00:00-04:00,10.279999732971191,10.279999732971191,10.279999732971191,10.279999732971191,0,0.0,0.0
2022-08-03 00:00:00-04:00,10.270000457763672,10.279999732971191,10.270000457763672,10.279999732971191,4300,0.0,0.0
2022-08-04 00:00:00-04:00,10.279999732971191,10.279999732971191,10.279999732971191,10.279999732971191,800,0.0,0.0
2022-08-05 00:00:00-04:00,10.279999732971191,10.289999961853027,10.279999732971191,10.289999961853027,3000,0.0,0.0
2022-08-08 00:00:00-04:00,10.289999961853027,10.305000305175781,10.28600025177002,10.300000190734863,44800,0.0,0.0
2022-08-09 00:00:00-04:00,10.300000190734863,10.300000190734863,10.282999992370605,10.282999992370605,5400,0.0,0.0
2022-08-10 00:00:00-04:00,10.289999961853027,10.3100004196167,10.279999732971191,10.309000015258789,1700,0.0,0.0
2022-08-11 00:00:00-04:00,10.3100004196167,10.380000114440918,10.300000190734863,10.359999656677246,19100,0.0,0.0
2022-08-12 00:00:00-04:00,10.380000114440918,10.423999786376953,10.34000015258789,10.390000343322754,20100,0.0,0.0
2022-08-15 00:00:00-04:00,10.359999656677246,10.369999885559082,10.319999694824219,10.350000381469727,23200,0.0,0.0
2022-08-16 00:00:00-04:00,10.29800033569336,10.305000305175781,10.289999961853027,10.289999961853027,29900,0.0,0.0
2022-08-17 00:00:00-04:00,10.289999961853027,10.289999961853027,10.279999732971191,10.289999961853027,5500,0.0,0.0
2022-08-18 00:00:00-04:00,10.279999732971191,10.289999961853027,10.270000457763672,10.289999961853027,74500,0.0,0.0
2022-08-19 00:00:00-04:00,10.279999732971191,10.279999732971191,10.270000457763672,10.279999732971191,232200,0.0,0.0
2022-08-22 00:00:00-04:00,10.270000457763672,10.270000457763672,10.25,10.260000228881836,162200,0.0,0.0
2022-08-23 00:00:00-04:00,10.260000228881836,10.260000228881836,10.260000228881836,10.260000228881836,0,0.0,0.0
2022-08-24 00:00:00-04:00,10.260000228881836,10.260000228881836,10.244999885559082,10.25,99100,0.0,0.0
2022-08-25 00:00:00-04:00,10.25,10.25,10.25,10.25,0,0.0,0.0
2022-08-26 00:00:00-04:00,10.25,10.25,10.25,10.25,0,0.0,0.0
2022-08-29 00:00:00-04:00,10.239999771118164,10.239999771118164,10.239999771118164,10.239999771118164,100,0.0,0.0
2022-08-30 00:00:00-04:00,10.239999771118164,10.239999771118164,10.239999771118164,10.239999771118164,0,0.0,0.0
2022-08-31 00:00:00-04:00,10.239999771118164,10.239999771118164,10.239999771118164,10.239999771118164,0,0.0,0.0
2022-09-01 00:00:00-04:00,10.239999771118164,10.25,10.239999771118164,10.239999771118164,2400,0.0,0.0
2022-09-02 00:00:00-04:00,10.239999771118164,10.239999771118164,10.239999771118164,10.239999771118164,0,0.0,0.0
2022-09-06 00:00:00-04:00,10.239999771118164,10.239999771118164,10.239999771118164,10.239999771118164,0,0.0,0.0
2022-09-07 00:00:00-04:00,10.288000106811523,10.300000190734863,10.288000106811523,10.300000190734863,1200,0.0,0.0
2022-09-08 00:00:00-04:00,10.270000457763672,10.3100004196167,10.270000457763672,10.300000190734863,5700,0.0,0.0
2022-09-09 00:00:00-04:00,10.300000190734863,10.300000190734863,10.300000190734863,10.300000190734863,100,0.0,0.0
2022-09-12 00:00:00-04:00,10.295000076293945,10.300000190734863,10.295000076293945,10.300000190734863,3000,0.0,0.0
2022-09-13 00:00:00-04:00,10.300000190734863,10.300000190734863,10.300000190734863,10.300000190734863,0,0.0,0.0
2022-09-14 00:00:00-04:00,10.300000190734863,10.300000190734863,10.300000190734863,10.300000190734863,1000,0.0,0.0
2022-09-15 00:00:00-04:00,10.300000190734863,10.300000190734863,10.300000190734863,10.300000190734863,100,0.0,0.0
2022-09-16 00:00:00-04:00,10.279999732971191,10.279999732971191,10.279999732971191,10.279999732971191,100,0.0,0.0
2022-09-19 00:00:00-04:00,10.279999732971191,10.279999732971191,10.279999732971191,10.279999732971191,0,0.0,0.0
2022-09-20 00:00:00-04:00,10.270000457763672,10.270000457763672,10.270000457763672,10.270000457763672,300,0.0,0.0
2022-09-21 00:00:00-04:00,10.270000457763672,10.270000457763672,10.270000457763672,10.270000457763672,0,0.0,0.0
2022-09-22 00:00:00-04:00,10.270000457763672,10.270000457763672,10.270000457763672,10.270000457763672,0,0.0,0.0
2022-09-23 00:00:00-04:00,10.279999732971191,10.279999732971191,10.274999618530273,10.274999618530273,1000,0.0,0.0
2022-09-26 00:00:00-04:00,10.274999618530273,10.274999618530273,10.274999618530273,10.274999618530273,0,0.0,0.0
2022-09-27 00:00:00-04:00,10.289999961853027,10.289999961853027,10.289999961853027,10.289999961853027,10100,0.0,0.0
2022-09-28 00:00:00-04:00,10.289999961853027,10.289999961853027,10.289999961853027,10.289999961853027,0,0.0,0.0
2022-09-29 00:00:00-04:00,10.279999732971191,10.289999961853027,10.279999732971191,10.289999961853027,600,0.0,0.0
2022-09-30 00:00:00-04:00,10.289999961853027,10.289999961853027,10.289999961853027,10.289999961853027,0,0.0,0.0
2022-10-03 00:00:00-04:00,10.289999961853027,10.289999961853027,10.289999961853027,10.289999961853027,0,0.0,0.0
2022-10-04 00:00:00-04:00,10.289999961853027,10.289999961853027,10.289999961853027,10.289999961853027,0,0.0,0.0
2022-10-05 00:00:00-04:00,10.270000457763672,10.300000190734863,10.270000457763672,10.300000190734863,500,0.0,0.0
2022-10-06 00:00:00-04:00,10.279999732971191,10.300000190734863,10.279999732971191,10.279999732971191,2200,0.0,0.0
2022-10-07 00:00:00-04:00,10.279999732971191,10.279999732971191,10.279999732971191,10.279999732971191,0,0.0,0.0
2022-10-10 00:00:00-04:00,10.279999732971191,10.279999732971191,10.279999732971191,10.279999732971191,0,0.0,0.0
2022-10-11 00:00:00-04:00,10.279999732971191,10.279999732971191,10.279999732971191,10.279999732971191,0,0.0,0.0
2022-10-12 00:00:00-04:00,10.279999732971191,10.279999732971191,10.279999732971191,10.279999732971191,0,0.0,0.0
2022-10-13 00:00:00-04:00,10.300000190734863,10.300000190734863,10.300000190734863,10.300000190734863,7600,0.0,0.0
2022-10-14 00:00:00-04:00,10.300000190734863,10.300000190734863,10.300000190734863,10.300000190734863,100,0.0,0.0
2022-10-17 00:00:00-04:00,10.300000190734863,10.319999694824219,10.300000190734863,10.319999694824219,5300,0.0,0.0
2022-10-18 00:00:00-04:00,10.319999694824219,10.319999694824219,10.319999694824219,10.319999694824219,0,0.0,0.0
2022-10-19 00:00:00-04:00,10.319999694824219,10.319999694824219,10.319999694824219,10.319999694824219,0,0.0,0.0
2022-10-20 00:00:00-04:00,10.319999694824219,10.319999694824219,10.319999694824219,10.319999694824219,0,0.0,0.0
2022-10-21 00:00:00-04:00,10.34000015258789,10.34000015258789,10.34000015258789,10.34000015258789,600,0.0,0.0
2022-10-24 00:00:00-04:00,10.34000015258789,10.34000015258789,10.34000015258789,10.34000015258789,0,0.0,0.0
2022-10-25 00:00:00-04:00,10.34000015258789,10.34000015258789,10.34000015258789,10.34000015258789,0,0.0,0.0
2022-10-26 00:00:00-04:00,10.329999923706055,10.329999923706055,10.329999923706055,10.329999923706055,1700,0.0,0.0
2022-10-27 00:00:00-04:00,10.329999923706055,10.329999923706055,10.329999923706055,10.329999923706055,0,0.0,0.0
2022-10-28 00:00:00-04:00,10.329999923706055,10.329999923706055,10.329999923706055,10.329999923706055,0,0.0,0.0
2022-10-31 00:00:00-04:00,10.350000381469727,10.350000381469727,10.350000381469727,10.350000381469727,900,0.0,0.0
2022-11-01 00:00:00-04:00,10.350000381469727,10.350000381469727,10.350000381469727,10.350000381469727,200,0.0,0.0
2022-11-02 00:00:00-04:00,10.369999885559082,10.380000114440918,10.369999885559082,10.380000114440918,9000,0.0,0.0
2022-11-03 00:00:00-04:00,10.380000114440918,10.390000343322754,10.380000114440918,10.390000343322754,12600,0.0,0.0
2022-11-04 00:00:00-04:00,10.390000343322754,10.390000343322754,10.390000343322754,10.390000343322754,0,0.0,0.0
2022-11-07 00:00:00-05:00,10.390000343322754,10.390000343322754,10.390000343322754,10.390000343322754,0,0.0,0.0
2022-11-08 00:00:00-05:00,10.390000343322754,10.390000343322754,10.390000343322754,10.390000343322754,0,0.0,0.0
2022-11-09 00:00:00-05:00,10.390000343322754,10.390000343322754,10.390000343322754,10.390000343322754,400,0.0,0.0
2022-11-10 00:00:00-05:00,10.390000343322754,10.390000343322754,10.390000343322754,10.390000343322754,0,0.0,0.0
2022-11-11 00:00:00-05:00,10.390000343322754,10.390000343322754,10.390000343322754,10.390000343322754,2700,0.0,0.0
2022-11-14 00:00:00-05:00,10.390000343322754,10.390000343322754,10.390000343322754,10.390000343322754,100,0.0,0.0
2022-11-15 00:00:00-05:00,10.390000343322754,10.390000343322754,10.390000343322754,10.390000343322754,0,0.0,0.0
2022-11-16 00:00:00-05:00,10.390000343322754,10.390000343322754,10.390000343322754,10.390000343322754,0,0.0,0.0
2022-11-17 00:00:00-05:00,10.390000343322754,10.390000343322754,10.390000343322754,10.390000343322754,0,0.0,0.0
2022-11-18 00:00:00-05:00,10.390000343322754,10.390000343322754,10.390000343322754,10.390000343322754,0,0.0,0.0
2022-11-21 00:00:00-05:00,10.390000343322754,10.390000343322754,10.390000343322754,10.390000343322754,11200,0.0,0.0
2022-11-22 00:00:00-05:00,10.369999885559082,10.369999885559082,10.369999885559082,10.369999885559082,400,0.0,0.0
2022-11-23 00:00:00-05:00,10.390000343322754,10.390000343322754,10.390000343322754,10.390000343322754,1000,0.0,0.0
2022-11-25 00:00:00-05:00,10.390000343322754,10.390000343322754,10.390000343322754,10.390000343322754,0,0.0,0.0
2022-11-28 00:00:00-05:00,10.390000343322754,10.390000343322754,10.390000343322754,10.390000343322754,0,0.0,0.0
2022-11-29 00:00:00-05:00,10.390000343322754,10.390000343322754,10.390000343322754,10.390000343322754,1000,0.0,0.0
2022-11-30 00:00:00-05:00,10.399999618530273,10.399999618530273,10.399999618530273,10.399999618530273,200,0.0,0.0
2022-12-01 00:00:00-05:00,10.399999618530273,10.399999618530273,10.399999618530273,10.399999618530273,0,0.0,0.0
2022-12-02 00:00:00-05:00,10.399999618530273,10.399999618530273,10.399999618530273,10.399999618530273,0,0.0,0.0
2022-12-05 00:00:00-05:00,10.399999618530273,10.399999618530273,10.390000343322754,10.390000343322754,6000,0.0,0.0
2022-12-06 00:00:00-05:00,10.369999885559082,10.369999885559082,10.369999885559082,10.369999885559082,100,0.0,0.0
2022-12-07 00:00:00-05:00,10.399999618530273,10.4399995803833,10.399999618530273,10.4399995803833,77900,0.0,0.0
2022-12-08 00:00:00-05:00,10.4399995803833,10.4399995803833,10.4399995803833,10.4399995803833,5500,0.0,0.0
2022-12-09 00:00:00-05:00,10.4399995803833,10.4399995803833,10.4399995803833,10.4399995803833,5600,0.0,0.0
2022-12-12 00:00:00-05:00,10.4399995803833,10.4399995803833,10.4399995803833,10.4399995803833,5300,0.0,0.0
2022-12-13 00:00:00-05:00,10.4399995803833,10.4399995803833,10.4399995803833,10.4399995803833,5200,0.0,0.0
2022-12-14 00:00:00-05:00,10.449999809265137,10.470000267028809,10.449999809265137,10.470000267028809,41800,0.0,0.0
2022-12-15 00:00:00-05:00,10.470000267028809,10.479999542236328,10.470000267028809,10.479999542236328,51700,0.0,0.0
2022-12-16 00:00:00-05:00,10.479999542236328,10.479999542236328,10.479999542236328,10.479999542236328,4900,0.0,0.0
2022-12-19 00:00:00-05:00,10.479999542236328,10.479999542236328,10.479999542236328,10.479999542236328,0,0.0,0.0
2022-12-20 00:00:00-05:00,10.479999542236328,10.479999542236328,10.479999542236328,10.479999542236328,16600,0.0,0.0
2022-12-21 00:00:00-05:00,10.470000267028809,10.470000267028809,10.470000267028809,10.470000267028809,700,0.0,0.0
2022-12-22 00:00:00-05:00,10.470000267028809,10.470000267028809,10.470000267028809,10.470000267028809,100,0.0,0.0
2022-12-23 00:00:00-05:00,10.470000267028809,10.489999771118164,10.470000267028809,10.489999771118164,6100,0.0,0.0
2022-12-27 00:00:00-05:00,10.489999771118164,10.489999771118164,10.489999771118164,10.489999771118164,0,0.0,0.0
2022-12-28 00:00:00-05:00,10.489999771118164,10.489999771118164,10.489999771118164,10.489999771118164,0,0.0,0.0
2022-12-29 00:00:00-05:00,10.470000267028809,10.470000267028809,10.470000267028809,10.470000267028809,1000,0.0,0.0
2022-12-30 00:00:00-05:00,10.498000144958496,10.5,10.498000144958496,10.5,900,0.0,0.0
2023-01-03 00:00:00-05:00,10.5,10.5,10.5,10.5,500,0.0,0.0
2023-01-04 00:00:00-05:00,10.5,10.5,10.5,10.5,1000,0.0,0.0
2023-01-05 00:00:00-05:00,10.5,10.5,10.5,10.5,3000,0.0,0.0
2023-01-06 00:00:00-05:00,10.5,10.5,10.5,10.5,5000,0.0,0.0
2023-01-09 00:00:00-05:00,10.5,10.5,10.5,10.5,0,0.0,0.0
2023-01-10 00:00:00-05:00,10.5,10.5,10.5,10.5,100,0.0,0.0
2023-01-11 00:00:00-05:00,10.520000457763672,10.520000457763672,10.520000457763672,10.520000457763672,800,0.0,0.0
2023-01-12 00:00:00-05:00,10.520000457763672,10.520000457763672,10.520000457763672,10.520000457763672,0,0.0,0.0
2023-01-13 00:00:00-05:00,10.520000457763672,10.520000457763672,10.520000457763672,10.520000457763672,0,0.0,0.0
2023-01-17 00:00:00-05:00,10.520000457763672,10.520000457763672,10.510000228881836,10.510000228881836,2600,0.0,0.0
2023-01-18 00:00:00-05:00,10.510000228881836,10.510000228881836,10.510000228881836,10.510000228881836,0,0.0,0.0
2023-01-19 00:00:00-05:00,10.510000228881836,10.510000228881836,10.510000228881836,10.510000228881836,0,0.0,0.0
2023-01-20 00:00:00-05:00,10.510000228881836,10.510000228881836,10.510000228881836,10.510000228881836,0,0.0,0.0
2023-01-23 00:00:00-05:00,10.520000457763672,10.520000457763672,10.520000457763672,10.520000457763672,3300,0.0,0.0
2023-01-24 00:00:00-05:00,10.520000457763672,10.520000457763672,10.520000457763672,10.520000457763672,2200,0.0,0.0
2023-01-25 00:00:00-05:00,10.550000190734863,10.670000076293945,10.550000190734863,10.670000076293945,75100,0.0,0.0
2023-01-26 00:00:00-05:00,10.670000076293945,10.670000076293945,10.670000076293945,10.670000076293945,1100,0.0,0.0
2023-01-27 00:00:00-05:00,10.670000076293945,10.670000076293945,10.670000076293945,10.670000076293945,0,0.0,0.0
2023-01-30 00:00:00-05:00,10.670000076293945,10.694999694824219,10.668999671936035,10.6899995803833,161800,0.0,0.0
2023-01-31 00:00:00-05:00,10.6899995803833,10.6899995803833,10.680000305175781,10.6899995803833,92800,0.0,0.0
2023-02-01 00:00:00-05:00,10.6899995803833,10.6899995803833,10.6899995803833,10.6899995803833,1400,0.0,0.0
2023-02-02 00:00:00-05:00,10.6899995803833,10.6899995803833,10.6899995803833,10.6899995803833,4400,0.0,0.0
2023-02-03 00:00:00-05:00,10.6899995803833,10.699999809265137,10.6899995803833,10.694999694824219,65800,0.0,0.0
2023-02-06 00:00:00-05:00,10.699999809265137,10.699999809265137,10.699999809265137,10.699999809265137,100,0.0,0.0
2023-02-07 00:00:00-05:00,10.699999809265137,10.699999809265137,10.699999809265137,10.699999809265137,0,0.0,0.0
2023-02-08 00:00:00-05:00,10.699999809265137,10.699999809265137,10.699999809265137,10.699999809265137,1000,0.0,0.0
2023-02-09 00:00:00-05:00,10.753000259399414,10.864999771118164,10.699999809265137,10.699999809265137,1800,0.0,0.0
2023-02-10 00:00:00-05:00,10.720000267028809,10.720000267028809,10.710000038146973,10.710000038146973,400,0.0,0.0
2023-02-13 00:00:00-05:00,10.710000038146973,10.710000038146973,10.710000038146973,10.710000038146973,0,0.0,0.0
2023-02-14 00:00:00-05:00,10.710000038146973,10.710000038146973,10.710000038146973,10.710000038146973,0,0.0,0.0
2023-02-15 00:00:00-05:00,10.699999809265137,10.850000381469727,10.699999809265137,10.699999809265137,600,0.0,0.0
2023-02-16 00:00:00-05:00,10.699999809265137,10.699999809265137,10.699999809265137,10.699999809265137,100,0.0,0.0
2023-02-17 00:00:00-05:00,10.699999809265137,10.989999771118164,10.699999809265137,10.859999656677246,3400,0.0,0.0
2023-02-21 00:00:00-05:00,10.859999656677246,10.859999656677246,10.859999656677246,10.859999656677246,0,0.0,0.0
2023-02-22 00:00:00-05:00,10.859999656677246,10.859999656677246,10.859999656677246,10.859999656677246,0,0.0,0.0
2023-02-23 00:00:00-05:00,10.720000267028809,10.720000267028809,10.720000267028809,10.720000267028809,200,0.0,0.0
2023-02-24 00:00:00-05:00,10.720000267028809,10.720000267028809,10.720000267028809,10.720000267028809,0,0.0,0.0
2023-02-27 00:00:00-05:00,10.720000267028809,10.75,10.699999809265137,10.699999809265137,4700,0.0,0.0
2023-02-28 00:00:00-05:00,10.710000038146973,10.800000190734863,10.710000038146973,10.800000190734863,900,0.0,0.0
2023-03-01 00:00:00-05:00,10.800000190734863,10.800000190734863,10.710000038146973,10.710000038146973,300,0.0,0.0
2023-03-02 00:00:00-05:00,10.710000038146973,10.710000038146973,10.710000038146973,10.710000038146973,600,0.0,0.0
2023-03-03 00:00:00-05:00,10.710000038146973,10.755000114440918,10.710000038146973,10.710000038146973,4800,0.0,0.0
2023-03-06 00:00:00-05:00,10.699999809265137,10.699999809265137,10.699999809265137,10.699999809265137,200,0.0,0.0
2023-03-07 00:00:00-05:00,10.699999809265137,10.699999809265137,10.699999809265137,10.699999809265137,0,0.0,0.0
2023-03-08 00:00:00-05:00,10.699999809265137,10.699999809265137,10.699999809265137,10.699999809265137,0,0.0,0.0
2023-03-09 00:00:00-05:00,10.699999809265137,10.699999809265137,10.699999809265137,10.699999809265137,0,0.0,0.0
2023-03-10 00:00:00-05:00,10.699999809265137,10.699999809265137,10.699999809265137,10.699999809265137,0,0.0,0.0
2023-03-13 00:00:00-04:00,10.699999809265137,10.699999809265137,10.699999809265137,10.699999809265137,0,0.0,0.0
2023-03-14 00:00:00-04:00,10.720000267028809,10.720000267028809,10.720000267028809,10.720000267028809,100,0.0,0.0
2023-03-15 00:00:00-04:00,10.720000267028809,10.720000267028809,10.720000267028809,10.720000267028809,100,0.0,0.0
2023-03-16 00:00:00-04:00,10.710000038146973,10.710000038146973,10.710000038146973,10.710000038146973,200,0.0,0.0
2023-03-17 00:00:00-04:00,10.710000038146973,10.710000038146973,10.710000038146973,10.710000038146973,0,0.0,0.0
2023-03-20 00:00:00-04:00,10.800000190734863,10.800000190734863,10.800000190734863,10.800000190734863,100,0.0,0.0
2023-03-21 00:00:00-04:00,10.800000190734863,10.800000190734863,10.800000190734863,10.800000190734863,0,0.0,0.0
2023-03-22 00:00:00-04:00,10.800000190734863,10.800000190734863,10.800000190734863,10.800000190734863,0,0.0,0.0
2023-03-23 00:00:00-04:00,10.789999961853027,10.800000190734863,10.789999961853027,10.800000190734863,500,0.0,0.0
2023-03-24 00:00:00-04:00,10.800000190734863,10.800000190734863,10.800000190734863,10.800000190734863,0,0.0,0.0
2023-03-27 00:00:00-04:00,10.800000190734863,10.800000190734863,10.800000190734863,10.800000190734863,0,0.0,0.0
2023-03-28 00:00:00-04:00,10.800000190734863,10.800000190734863,10.800000190734863,10.800000190734863,0,0.0,0.0
2023-03-29 00:00:00-04:00,10.760000228881836,10.789999961853027,10.710000038146973,10.779999732971191,6200,0.0,0.0
2023-03-30 00:00:00-04:00,10.779999732971191,10.779999732971191,10.779999732971191,10.779999732971191,0,0.0,0.0
2023-03-31 00:00:00-04:00,10.75,10.779999732971191,10.75,10.779999732971191,1200,0.0,0.0
2023-04-03 00:00:00-04:00,10.765000343322754,10.789999961853027,10.760000228881836,10.770000457763672,1600,0.0,0.0
2023-04-04 00:00:00-04:00,10.770000457763672,10.770000457763672,10.770000457763672,10.770000457763672,400,0.0,0.0
2023-04-05 00:00:00-04:00,10.770000457763672,10.770000457763672,10.770000457763672,10.770000457763672,0,0.0,0.0
2023-04-06 00:00:00-04:00,10.770000457763672,10.770000457763672,10.770000457763672,10.770000457763672,0,0.0,0.0
2023-04-10 00:00:00-04:00,10.770000457763672,10.770000457763672,10.770000457763672,10.770000457763672,0,0.0,0.0
2023-04-11 00:00:00-04:00,10.770000457763672,10.770000457763672,10.770000457763672,10.770000457763672,700,0.0,0.0
2023-04-12 00:00:00-04:00,10.770000457763672,10.770000457763672,10.770000457763672,10.770000457763672,0,0.0,0.0
2023-04-13 00:00:00-04:00,10.770000457763672,10.770000457763672,10.770000457763672,10.770000457763672,0,0.0,0.0
2023-04-14 00:00:00-04:00,10.770000457763672,10.770000457763672,10.770000457763672,10.770000457763672,0,0.0,0.0
2023-04-17 00:00:00-04:00,10.8100004196167,10.8100004196167,10.8100004196167,10.8100004196167,400,0.0,0.0
2023-04-18 00:00:00-04:00,10.8100004196167,10.8100004196167,10.8100004196167,10.8100004196167,0,0.0,0.0
2023-04-19 00:00:00-04:00,10.8100004196167,10.8100004196167,10.8100004196167,10.8100004196167,0,0.0,0.0
2023-04-20 00:00:00-04:00,10.779999732971191,10.779999732971191,10.779999732971191,10.779999732971191,100,0.0,0.0
2023-04-21 00:00:00-04:00,10.779999732971191,10.779999732971191,10.779999732971191,10.779999732971191,0,0.0,0.0
2023-04-24 00:00:00-04:00,10.8149995803833,10.8149995803833,10.779999732971191,10.812999725341797,1200,0.0,0.0
2023-04-25 00:00:00-04:00,10.812999725341797,10.812999725341797,10.812999725341797,10.812999725341797,0,0.0,0.0
2023-04-26 00:00:00-04:00,10.819999694824219,10.819999694824219,10.819999694824219,10.819999694824219,300,0.0,0.0
2023-04-27 00:00:00-04:00,10.84000015258789,10.859999656677246,10.84000015258789,10.859999656677246,1800,0.0,0.0
2023-04-28 00:00:00-04:00,10.859999656677246,10.859999656677246,10.859999656677246,10.859999656677246,0,0.0,0.0
2023-05-01 00:00:00-04:00,10.819999694824219,10.843999862670898,10.819999694824219,10.843999862670898,400,0.0,0.0
2023-05-02 00:00:00-04:00,10.843999862670898,10.843999862670898,10.843999862670898,10.843999862670898,0,0.0,0.0
2023-05-03 00:00:00-04:00,10.84000015258789,10.84000015258789,10.84000015258789,10.84000015258789,700,0.0,0.0
2023-05-04 00:00:00-04:00,10.869999885559082,10.869999885559082,10.869999885559082,10.869999885559082,4000,0.0,0.0
2023-05-05 00:00:00-04:00,10.869999885559082,10.869999885559082,10.869999885559082,10.869999885559082,0,0.0,0.0
2023-05-08 00:00:00-04:00,10.859999656677246,10.859999656677246,10.859999656677246,10.859999656677246,300,0.0,0.0
2023-05-09 00:00:00-04:00,10.859999656677246,10.859999656677246,10.859999656677246,10.859999656677246,0,0.0,0.0
2023-05-10 00:00:00-04:00,10.859999656677246,10.859999656677246,10.859999656677246,10.859999656677246,0,0.0,0.0
2023-05-11 00:00:00-04:00,10.859999656677246,10.859999656677246,10.859999656677246,10.859999656677246,0,0.0,0.0
2023-05-12 00:00:00-04:00,10.859999656677246,10.859999656677246,10.859999656677246,10.859999656677246,0,0.0,0.0
2023-05-15 00:00:00-04:00,10.859999656677246,10.859999656677246,10.859999656677246,10.859999656677246,0,0.0,0.0
2023-05-16 00:00:00-04:00,10.859999656677246,10.859999656677246,10.859999656677246,10.859999656677246,0,0.0,0.0
2023-05-17 00:00:00-04:00,10.880000114440918,10.880000114440918,10.880000114440918,10.880000114440918,100,0.0,0.0
2023-05-18 00:00:00-04:00,10.890000343322754,10.890000343322754,10.890000343322754,10.890000343322754,100,0.0,0.0
2023-05-19 00:00:00-04:00,10.899999618530273,10.899999618530273,10.899999618530273,10.899999618530273,100,0.0,0.0
2023-05-22 00:00:00-04:00,10.899999618530273,10.899999618530273,10.899999618530273,10.899999618530273,0,0.0,0.0
2023-05-23 00:00:00-04:00,10.899999618530273,10.899999618530273,10.899999618530273,10.899999618530273,0,0.0,0.0
2023-05-24 00:00:00-04:00,10.899999618530273,10.899999618530273,10.899999618530273,10.899999618530273,100,0.0,0.0
2023-05-25 00:00:00-04:00,10.899999618530273,10.899999618530273,10.899999618530273,10.899999618530273,0,0.0,0.0
2023-05-26 00:00:00-04:00,10.920000076293945,10.920000076293945,10.920000076293945,10.920000076293945,200,0.0,0.0
2023-05-30 00:00:00-04:00,10.954999923706055,10.954999923706055,10.920000076293945,10.920000076293945,200,0.0,0.0
2023-05-31 00:00:00-04:00,10.920000076293945,10.920000076293945,10.920000076293945,10.920000076293945,0,0.0,0.0
2023-06-01 00:00:00-04:00,10.920000076293945,10.920000076293945,10.920000076293945,10.920000076293945,0,0.0,0.0
2023-06-02 00:00:00-04:00,10.899999618530273,10.899999618530273,10.899999618530273,10.899999618530273,400,0.0,0.0
2023-06-05 00:00:00-04:00,10.899999618530273,10.899999618530273,10.899999618530273,10.899999618530273,0,0.0,0.0
2023-06-06 00:00:00-04:00,10.963000297546387,10.963000297546387,10.963000297546387,10.963000297546387,100,0.0,0.0
2023-06-07 00:00:00-04:00,10.970000267028809,11.0,10.960000038146973,10.960000038146973,1000,0.0,0.0
2023-06-08 00:00:00-04:00,10.930000305175781,10.930000305175781,10.930000305175781,10.930000305175781,400,0.0,0.0
2023-06-09 00:00:00-04:00,10.930000305175781,10.930000305175781,10.930000305175781,10.930000305175781,1000,0.0,0.0
2023-06-12 00:00:00-04:00,10.973999977111816,10.973999977111816,10.973999977111816,10.973999977111816,100,0.0,0.0
2023-06-13 00:00:00-04:00,10.960000038146973,10.993000030517578,10.960000038146973,10.960000038146973,1300,0.0,0.0
2023-06-14 00:00:00-04:00,10.960000038146973,10.960000038146973,10.960000038146973,10.960000038146973,700,0.0,0.0
2023-06-15 00:00:00-04:00,11.029999732971191,11.029999732971191,11.029999732971191,11.029999732971191,100,0.0,0.0
2023-06-16 00:00:00-04:00,11.029999732971191,11.029999732971191,11.029999732971191,11.029999732971191,0,0.0,0.0
2023-06-20 00:00:00-04:00,11.029999732971191,11.029999732971191,11.029999732971191,11.029999732971191,0,0.0,0.0
2023-06-21 00:00:00-04:00,11.029999732971191,11.029999732971191,11.029999732971191,11.029999732971191,0,0.0,0.0
2023-06-22 00:00:00-04:00,11.029999732971191,11.029999732971191,11.029999732971191,11.029999732971191,0,0.0,0.0
2023-06-23 00:00:00-04:00,11.029999732971191,11.029999732971191,11.029999732971191,11.029999732971191,0,0.0,0.0
2023-06-26 00:00:00-04:00,10.989999771118164,10.989999771118164,10.989999771118164,10.989999771118164,200,0.0,0.0
2023-06-27 00:00:00-04:00,11.010000228881836,11.010000228881836,11.010000228881836,11.010000228881836,100,0.0,0.0
2023-06-28 00:00:00-04:00,10.989999771118164,11.010000228881836,10.989999771118164,11.010000228881836,400,0.0,0.0
2023-06-29 00:00:00-04:00,11.010000228881836,11.010000228881836,11.010000228881836,11.010000228881836,100,0.0,0.0
2023-06-30 00:00:00-04:00,11.069999694824219,11.069999694824219,11.069999694824219,11.069999694824219,100,0.0,0.0
2023-07-03 00:00:00-04:00,11.069999694824219,11.069999694824219,11.069999694824219,11.069999694824219,0,0.0,0.0
2023-07-05 00:00:00-04:00,11.069999694824219,11.069999694824219,11.069999694824219,11.069999694824219,0,0.0,0.0
2023-07-06 00:00:00-04:00,11.069999694824219,11.069999694824219,11.069999694824219,11.069999694824219,0,0.0,0.0
2023-07-07 00:00:00-04:00,11.045000076293945,11.045000076293945,10.989999771118164,10.989999771118164,6000,0.0,0.0
2023-07-10 00:00:00-04:00,10.989999771118164,10.989999771118164,10.989999771118164,10.989999771118164,0,0.0,0.0
2023-07-11 00:00:00-04:00,10.989999771118164,10.989999771118164,10.989999771118164,10.989999771118164,500,0.0,0.0
2023-07-12 00:00:00-04:00,10.989999771118164,10.989999771118164,10.989999771118164,10.989999771118164,0,0.0,0.0
2023-07-13 00:00:00-04:00,11.09000015258789,11.300000190734863,11.069999694824219,11.140000343322754,9600,0.0,0.0
2023-07-14 00:00:00-04:00,11.399999618530273,11.472999572753906,11.149999618530273,11.15999984741211,7100,0.0,0.0
2023-07-17 00:00:00-04:00,11.170000076293945,11.170000076293945,11.149999618530273,11.149999618530273,1900,0.0,0.0
2023-07-18 00:00:00-04:00,11.149999618530273,11.149999618530273,11.149999618530273,11.149999618530273,500,0.0,0.0
2023-07-19 00:00:00-04:00,11.15999984741211,11.880000114440918,11.15999984741211,11.25,21800,0.0,0.0
2023-07-20 00:00:00-04:00,11.300000190734863,11.41100025177002,11.300000190734863,11.41100025177002,2800,0.0,0.0
2023-07-21 00:00:00-04:00,11.335000038146973,11.335000038146973,11.300000190734863,11.300000190734863,400,0.0,0.0
2023-07-24 00:00:00-04:00,11.300000190734863,11.300000190734863,11.300000190734863,11.300000190734863,0,0.0,0.0
2023-07-25 00:00:00-04:00,11.329999923706055,11.329999923706055,11.274999618530273,11.329999923706055,1900,0.0,0.0
2023-07-26 00:00:00-04:00,11.4399995803833,11.4399995803833,11.4399995803833,11.4399995803833,300,0.0,0.0
2023-07-27 00:00:00-04:00,11.446999549865723,11.600000381469727,11.229999542236328,11.350000381469727,66300,0.0,0.0
2023-07-28 00:00:00-04:00,11.470000267028809,11.479999542236328,11.470000267028809,11.479999542236328,1100,0.0,0.0
2023-07-31 00:00:00-04:00,11.479999542236328,11.479999542236328,11.479999542236328,11.479999542236328,100,0.0,0.0
2023-08-01 00:00:00-04:00,11.270000457763672,11.470000267028809,11.229999542236328,11.239999771118164,121200,0.0,0.0
2023-08-02 00:00:00-04:00,11.289999961853027,11.34000015258789,11.289999961853027,11.329999923706055,2200,0.0,0.0
2023-08-03 00:00:00-04:00,11.350000381469727,11.350000381469727,11.239999771118164,11.244999885559082,72800,0.0,0.0
2023-08-04 00:00:00-04:00,11.25,11.27400016784668,11.239999771118164,11.239999771118164,29100,0.0,0.0
2023-08-07 00:00:00-04:00,11.274999618530273,11.274999618530273,11.239999771118164,11.239999771118164,1900,0.0,0.0
2023-08-08 00:00:00-04:00,11.25,11.350000381469727,11.239999771118164,11.350000381469727,17600,0.0,0.0
2023-08-09 00:00:00-04:00,11.270000457763672,11.300000190734863,11.229999542236328,11.239999771118164,47300,0.0,0.0
2023-08-10 00:00:00-04:00,11.25,11.289999961853027,11.25,11.289999961853027,7500,0.0,0.0
2023-08-11 00:00:00-04:00,11.25,11.289999961853027,11.239999771118164,11.25,5600,0.0,0.0
2023-08-14 00:00:00-04:00,11.229999542236328,11.289999961853027,11.229999542236328,11.229999542236328,23600,0.0,0.0
2023-08-15 00:00:00-04:00,11.199999809265137,11.25,11.1899995803833,11.25,10100,0.0,0.0
2023-08-16 00:00:00-04:00,11.25,11.25,11.25,11.25,9400,0.0,0.0
2023-08-17 00:00:00-04:00,11.25,11.350000381469727,11.229999542236328,11.229999542236328,35500,0.0,0.0
2023-08-18 00:00:00-04:00,11.239999771118164,11.25,11.239999771118164,11.25,900,0.0,0.0
2023-08-21 00:00:00-04:00,11.239999771118164,11.239999771118164,11.239999771118164,11.239999771118164,300,0.0,0.0
2023-08-22 00:00:00-04:00,11.239999771118164,11.239999771118164,11.239999771118164,11.239999771118164,0,0.0,0.0
2023-08-23 00:00:00-04:00,11.25,11.25,11.239999771118164,11.239999771118164,4400,0.0,0.0
2023-08-24 00:00:00-04:00,11.25,11.270000457763672,11.25,11.260000228881836,2900,0.0,0.0
2023-08-25 00:00:00-04:00,11.260000228881836,11.260000228881836,11.260000228881836,11.260000228881836,0,0.0,0.0
2023-08-28 00:00:00-04:00,11.329999923706055,11.34000015258789,11.329999923706055,11.329999923706055,1000,0.0,0.0
2023-08-29 00:00:00-04:00,11.350000381469727,11.369999885559082,11.350000381469727,11.369999885559082,600,0.0,0.0
2023-08-30 00:00:00-04:00,11.300000190734863,11.300000190734863,11.300000190734863,11.300000190734863,300,0.0,0.0
2023-08-31 00:00:00-04:00,11.279999732971191,11.289999961853027,11.279999732971191,11.289999961853027,1300,0.0,0.0
2023-09-01 00:00:00-04:00,11.289999961853027,11.289999961853027,11.289999961853027,11.289999961853027,100,0.0,0.0
2023-09-05 00:00:00-04:00,11.369999885559082,11.369999885559082,11.369999885559082,11.369999885559082,100,0.0,0.0
2023-09-06 00:00:00-04:00,11.369999885559082,11.369999885559082,11.369999885559082,11.369999885559082,0,0.0,0.0
2023-09-07 00:00:00-04:00,11.369999885559082,11.369999885559082,11.369999885559082,11.369999885559082,0,0.0,0.0
2023-09-08 00:00:00-04:00,11.369999885559082,11.369999885559082,11.369999885559082,11.369999885559082,0,0.0,0.0
2023-09-11 00:00:00-04:00,11.369999885559082,11.369999885559082,11.369999885559082,11.369999885559082,0,0.0,0.0
2023-09-12 00:00:00-04:00,11.369999885559082,11.369999885559082,11.369999885559082,11.369999885559082,0,0.0,0.0
2023-09-13 00:00:00-04:00,11.289999961853027,11.300000190734863,11.289999961853027,11.300000190734863,200,0.0,0.0
2023-09-14 00:00:00-04:00,11.300000190734863,11.300000190734863,11.300000190734863,11.300000190734863,200,0.0,0.0
2023-09-15 00:00:00-04:00,11.329999923706055,11.329999923706055,11.329999923706055,11.329999923706055,4800,0.0,0.0
2023-09-18 00:00:00-04:00,11.329999923706055,11.329999923706055,11.329999923706055,11.329999923706055,0,0.0,0.0
2023-09-19 00:00:00-04:00,11.329999923706055,11.329999923706055,11.329999923706055,11.329999923706055,0,0.0,0.0
2023-09-20 00:00:00-04:00,11.390000343322754,11.390000343322754,11.350000381469727,11.350000381469727,3900,0.0,0.0
2023-09-21 00:00:00-04:00,11.350000381469727,11.350000381469727,11.350000381469727,11.350000381469727,0,0.0,0.0
2023-09-22 00:00:00-04:00,11.319999694824219,11.319999694824219,11.3149995803833,11.319999694824219,3100,0.0,0.0
2023-09-25 00:00:00-04:00,11.319999694824219,11.319999694824219,11.319999694824219,11.319999694824219,0,0.0,0.0
2023-09-26 00:00:00-04:00,11.319999694824219,11.319999694824219,11.319999694824219,11.319999694824219,0,0.0,0.0
2023-09-27 00:00:00-04:00,11.279999732971191,11.279999732971191,11.25,11.25,500,0.0,0.0
2023-09-28 00:00:00-04:00,11.37600040435791,11.390000343322754,11.37600040435791,11.390000343322754,400,0.0,0.0
2023-09-29 00:00:00-04:00,11.390000343322754,11.390000343322754,11.390000343322754,11.390000343322754,0,0.0,0.0
2023-10-02 00:00:00-04:00,11.390000343322754,11.390000343322754,11.390000343322754,11.390000343322754,0,0.0,0.0
2023-10-03 00:00:00-04:00,11.390000343322754,11.390000343322754,11.390000343322754,11.390000343322754,0,0.0,0.0
2023-10-04 00:00:00-04:00,11.390000343322754,11.470000267028809,11.390000343322754,11.470000267028809,12700,0.0,0.0
2023-10-05 00:00:00-04:00,11.470000267028809,11.470000267028809,11.470000267028809,11.470000267028809,1100,0.0,0.0
2023-10-06 00:00:00-04:00,11.470000267028809,11.470000267028809,11.470000267028809,11.470000267028809,0,0.0,0.0
2023-10-09 00:00:00-04:00,11.470000267028809,11.470000267028809,11.470000267028809,11.470000267028809,0,0.0,0.0
2023-10-10 00:00:00-04:00,11.4399995803833,11.449999809265137,11.4399995803833,11.449999809265137,500,0.0,0.0
2023-10-11 00:00:00-04:00,11.449999809265137,11.449999809265137,11.449999809265137,11.449999809265137,0,0.0,0.0
2023-10-12 00:00:00-04:00,11.449999809265137,11.449999809265137,11.449999809265137,11.449999809265137,0,0.0,0.0
2023-10-13 00:00:00-04:00,11.449999809265137,11.449999809265137,11.449999809265137,11.449999809265137,0,0.0,0.0
2023-10-16 00:00:00-04:00,11.470000267028809,11.479999542236328,11.470000267028809,11.479999542236328,700,0.0,0.0
2023-10-17 00:00:00-04:00,11.479999542236328,11.479999542236328,11.479999542236328,11.479999542236328,0,0.0,0.0
2023-10-18 00:00:00-04:00,11.420000076293945,11.430000305175781,11.420000076293945,11.430000305175781,1000,0.0,0.0
2023-10-19 00:00:00-04:00,11.430000305175781,11.430000305175781,11.430000305175781,11.430000305175781,5700,0.0,0.0
2023-10-20 00:00:00-04:00,11.430000305175781,11.430000305175781,11.430000305175781,11.430000305175781,0,0.0,0.0
2023-10-23 00:00:00-04:00,11.430000305175781,11.430000305175781,11.430000305175781,11.430000305175781,0,0.0,0.0
2023-10-24 00:00:00-04:00,11.479999542236328,11.479999542236328,11.479999542236328,11.479999542236328,1200,0.0,0.0
2023-10-25 00:00:00-04:00,11.460000038146973,11.460000038146973,11.460000038146973,11.460000038146973,900,0.0,0.0
2023-10-26 00:00:00-04:00,11.5,11.5,11.489999771118164,11.5,1500,0.0,0.0
2023-10-27 00:00:00-04:00,11.460000038146973,11.510000228881836,11.460000038146973,11.510000228881836,15000,0.0,0.0
2023-10-30 00:00:00-04:00,11.529999732971191,11.529999732971191,11.529999732971191,11.529999732971191,100,0.0,0.0
2023-10-31 00:00:00-04:00,11.529999732971191,11.531000137329102,11.529999732971191,11.529999732971191,7900,0.0,0.0
2023-11-01 00:00:00-04:00,11.550000190734863,11.550000190734863,11.550000190734863,11.550000190734863,200,0.0,0.0
2023-11-02 00:00:00-04:00,11.550000190734863,11.550000190734863,11.550000190734863,11.550000190734863,0,0.0,0.0
2023-11-03 00:00:00-04:00,11.550000190734863,11.550000190734863,11.550000190734863,11.550000190734863,0,0.0,0.0
2023-11-06 00:00:00-05:00,11.699999809265137,11.770000457763672,11.696999549865723,11.770000457763672,5900,0.0,0.0
2023-11-07 00:00:00-05:00,11.770000457763672,11.770000457763672,11.770000457763672,11.770000457763672,0,0.0,0.0
2023-11-08 00:00:00-05:00,11.670000076293945,11.670000076293945,11.65999984741211,11.670000076293945,1700,0.0,0.0
2023-11-09 00:00:00-05:00,11.734999656677246,11.734999656677246,11.734999656677246,11.734999656677246,1200,0.0,0.0
2023-11-10 00:00:00-05:00,11.734999656677246,11.734999656677246,11.734999656677246,11.734999656677246,0,0.0,0.0
2023-11-13 00:00:00-05:00,11.539999961853027,11.625,11.539999961853027,11.569999694824219,7300,0.0,0.0
2023-11-14 00:00:00-05:00,11.550000190734863,11.5600004196167,11.550000190734863,11.550000190734863,3500,0.0,0.0
2023-11-15 00:00:00-05:00,11.550000190734863,11.550000190734863,11.550000190734863,11.550000190734863,0,0.0,0.0
2023-11-16 00:00:00-05:00,11.550000190734863,11.550000190734863,11.550000190734863,11.550000190734863,0,0.0,0.0
2023-11-17 00:00:00-05:00,11.550000190734863,11.550000190734863,11.550000190734863,11.550000190734863,600,0.0,0.0
2023-11-20 00:00:00-05:00,11.550000190734863,11.550000190734863,11.550000190734863,11.550000190734863,200,0.0,0.0
2023-11-21 00:00:00-05:00,11.550000190734863,11.550000190734863,11.550000190734863,11.550000190734863,0,0.0,0.0
2023-11-22 00:00:00-05:00,11.550000190734863,11.550000190734863,11.550000190734863,11.550000190734863,100,0.0,0.0
2023-11-24 00:00:00-05:00,11.550000190734863,11.550000190734863,11.550000190734863,11.550000190734863,0,0.0,0.0
2023-11-27 00:00:00-05:00,11.550000190734863,11.550000190734863,11.550000190734863,11.550000190734863,2100,0.0,0.0
2023-11-28 00:00:00-05:00,11.550000190734863,11.550000190734863,11.550000190734863,11.550000190734863,0,0.0,0.0
2023-11-29 00:00:00-05:00,11.550000190734863,11.550000190734863,11.550000190734863,11.550000190734863,0,0.0,0.0
2023-11-30 00:00:00-05:00,11.550000190734863,11.550000190734863,11.550000190734863,11.550000190734863,100,0.0,0.0
2023-12-01 00:00:00-05:00,11.550000190734863,11.550000190734863,11.550000190734863,11.550000190734863,100,0.0,0.0
2023-12-04 00:00:00-05:00,11.600000381469727,11.600000381469727,11.550000190734863,11.550000190734863,300,0.0,0.0
2023-12-05 00:00:00-05:00,11.550000190734863,11.550000190734863,11.550000190734863,11.550000190734863,0,0.0,0.0
2023-12-06 00:00:00-05:00,11.550000190734863,11.550000190734863,11.550000190734863,11.550000190734863,0,0.0,0.0
2023-12-07 00:00:00-05:00,11.550000190734863,11.550000190734863,11.550000190734863,11.550000190734863,0,0.0,0.0
2023-12-08 00:00:00-05:00,11.550000190734863,11.550000190734863,11.550000190734863,11.550000190734863,0,0.0,0.0
2023-12-11 00:00:00-05:00,11.550000190734863,11.550000190734863,11.550000190734863,11.550000190734863,0,0.0,0.0
2023-12-12 00:00:00-05:00,11.550000190734863,11.550000190734863,11.550000190734863,11.550000190734863,200,0.0,0.0
2023-12-13 00:00:00-05:00,11.550000190734863,11.550000190734863,11.550000190734863,11.550000190734863,0,0.0,0.0
2023-12-14 00:00:00-05:00,11.550000190734863,11.550000190734863,11.550000190734863,11.550000190734863,0,0.0,0.0
2023-12-15 00:00:00-05:00,11.550000190734863,11.550000190734863,11.550000190734863,11.550000190734863,0,0.0,0.0
2023-12-18 00:00:00-05:00,11.550000190734863,11.550000190734863,11.550000190734863,11.550000190734863,1500,0.0,0.0
2023-12-19 00:00:00-05:00,11.550000190734863,11.550000190734863,11.550000190734863,11.550000190734863,0,0.0,0.0
2023-12-20 00:00:00-05:00,11.550000190734863,11.550000190734863,11.550000190734863,11.550000190734863,0,0.0,0.0
2023-12-21 00:00:00-05:00,11.550000190734863,11.550000190734863,11.550000190734863,11.550000190734863,0,0.0,0.0
2023-12-22 00:00:00-05:00,11.550000190734863,11.550000190734863,11.550000190734863,11.550000190734863,0,0.0,0.0
2023-12-26 00:00:00-05:00,11.550000190734863,11.550000190734863,11.550000190734863,11.550000190734863,0,0.0,0.0
2023-12-27 00:00:00-05:00,11.5600004196167,11.5600004196167,11.5600004196167,11.5600004196167,400,0.0,0.0
2023-12-28 00:00:00-05:00,11.5600004196167,11.5600004196167,11.5600004196167,11.5600004196167,0,0.0,0.0
2023-12-29 00:00:00-05:00,11.5600004196167,11.5600004196167,11.5600004196167,11.5600004196167,0,0.0,0.0
2024-01-02 00:00:00-05:00,11.579999923706055,11.579999923706055,11.550000190734863,11.550000190734863,400,0.0,0.0
2024-01-03 00:00:00-05:00,11.550000190734863,11.550000190734863,11.550000190734863,11.550000190734863,0,0.0,0.0
2024-01-04 00:00:00-05:00,11.550000190734863,11.600000381469727,11.550000190734863,11.600000381469727,1500,0.0,0.0
2024-01-05 00:00:00-05:00,11.59000015258789,11.59000015258789,11.59000015258789,11.59000015258789,600,0.0,0.0
2024-01-08 00:00:00-05:00,11.59000015258789,11.59000015258789,11.59000015258789,11.59000015258789,0,0.0,0.0
2024-01-09 00:00:00-05:00,11.59000015258789,11.59000015258789,11.59000015258789,11.59000015258789,600,0.0,0.0
2024-01-10 00:00:00-05:00,11.59000015258789,11.59000015258789,11.59000015258789,11.59000015258789,0,0.0,0.0
2024-01-11 00:00:00-05:00,11.579999923706055,11.579999923706055,11.579999923706055,11.579999923706055,600,0.0,0.0
2024-01-12 00:00:00-05:00,11.579999923706055,11.579999923706055,11.579999923706055,11.579999923706055,0,0.0,0.0
2024-01-16 00:00:00-05:00,11.579999923706055,11.579999923706055,11.579999923706055,11.579999923706055,0,0.0,0.0
2024-01-17 00:00:00-05:00,11.579999923706055,11.579999923706055,11.579999923706055,11.579999923706055,0,0.0,0.0
2024-01-18 00:00:00-05:00,11.579999923706055,11.579999923706055,11.579999923706055,11.579999923706055,0,0.0,0.0
2024-01-19 00:00:00-05:00,11.579999923706055,11.579999923706055,11.579999923706055,11.579999923706055,0,0.0,0.0
2024-01-22 00:00:00-05:00,11.579999923706055,11.579999923706055,11.579999923706055,11.579999923706055,100,0.0,0.0
2024-01-23 00:00:00-05:00,11.579999923706055,11.579999923706055,11.579999923706055,11.579999923706055,100,0.0,0.0
2024-01-24 00:00:00-05:00,11.579999923706055,11.579999923706055,11.579999923706055,11.579999923706055,100,0.0,0.0
2024-01-25 00:00:00-05:00,11.579999923706055,11.579999923706055,11.579999923706055,11.579999923706055,100,0.0,0.0
2024-01-26 00:00:00-05:00,11.579999923706055,11.579999923706055,11.579999923706055,11.579999923706055,100,0.0,0.0
2024-01-29 00:00:00-05:00,11.59000015258789,11.59000015258789,11.59000015258789,11.59000015258789,100,0.0,0.0
2024-01-30 00:00:00-05:00,11.579999923706055,11.579999923706055,11.579999923706055,11.579999923706055,300,0.0,0.0
2024-01-31 00:00:00-05:00,11.630999565124512,11.75,11.630999565124512,11.739999771118164,130400,0.0,0.0
2024-02-01 00:00:00-05:00,11.960000038146973,11.960000038146973,11.75,11.920000076293945,22400,0.0,0.0
2024-02-02 00:00:00-05:00,11.800000190734863,11.920000076293945,11.75,11.75,1100,0.0,0.0
2024-02-05 00:00:00-05:00,11.800000190734863,11.800000190734863,11.800000190734863,11.800000190734863,200,0.0,0.0
2024-02-06 00:00:00-05:00,11.59000015258789,11.782999992370605,11.59000015258789,11.782999992370605,1200,0.0,0.0
2024-02-07 00:00:00-05:00,11.899999618530273,11.899999618530273,11.803999900817871,11.859999656677246,3500,0.0,0.0
2024-02-08 00:00:00-05:00,11.899999618530273,11.899999618530273,11.779999732971191,11.779999732971191,9200,0.0,0.0
2024-02-09 00:00:00-05:00,11.779999732971191,11.861000061035156,11.779999732971191,11.779999732971191,4800,0.0,0.0
2024-02-12 00:00:00-05:00,11.880000114440918,11.880000114440918,11.779999732971191,11.779999732971191,20200,0.0,0.0
2024-02-13 00:00:00-05:00,11.850000381469727,11.869999885559082,11.789999961853027,11.84000015258789,204800,0.0,0.0
2024-02-14 00:00:00-05:00,11.84000015258789,11.859999656677246,11.84000015258789,11.859999656677246,2300,0.0,0.0
2024-02-15 00:00:00-05:00,11.800000190734863,11.880000114440918,11.800000190734863,11.880000114440918,28400,0.0,0.0
2024-02-16 00:00:00-05:00,11.880000114440918,11.890000343322754,11.880000114440918,11.880000114440918,87400,0.0,0.0
2024-02-20 00:00:00-05:00,11.800000190734863,11.949999809265137,11.800000190734863,11.949999809265137,9200,0.0,0.0
2024-02-21 00:00:00-05:00,11.399999618530273,11.399999618530273,9.8100004196167,10.399999618530273,3400,0.0,0.0
2024-02-22 00:00:00-05:00,10.0,10.319999694824219,10.0,10.0600004196167,3100,0.0,0.0
2024-02-23 00:00:00-05:00,9.25,9.25,8.15999984741211,8.15999984741211,1500,0.0,0.0
2024-02-26 00:00:00-05:00,9.65999984741211,9.949999809265137,9.029999732971191,9.0600004196167,1800,0.0,0.0
2024-02-27 00:00:00-05:00,8.399999618530273,8.399999618530273,8.399999618530273,8.399999618530273,3000,0.0,0.0
2024-02-28 00:00:00-05:00,9.0,9.0,8.109999656677246,8.539999961853027,6100,0.0,0.0
2024-02-29 00:00:00-05:00,8.539999961853027,8.539999961853027,8.539999961853027,8.539999961853027,0,0.0,0.0
2024-03-01 00:00:00-05:00,7.670000076293945,7.670000076293945,7.0,7.046000003814697,2300,0.0,0.0
2024-03-04 00:00:00-05:00,7.110000133514404,7.110000133514404,6.550000190734863,6.800000190734863,2100,0.0,0.0
2024-03-05 00:00:00-05:00,6.710000038146973,6.869999885559082,6.699999809265137,6.71999979019165,1800,0.0,0.0
2024-03-06 00:00:00-05:00,6.510000228881836,6.690000057220459,6.409999847412109,6.650000095367432,3000,0.0,0.0
2024-03-07 00:00:00-05:00,7.0,7.0,6.9710001945495605,6.9710001945495605,900,0.0,0.0
2024-03-08 00:00:00-05:00,7.650000095367432,10.0,6.826000213623047,9.510000228881836,17500,0.0,0.0
2024-03-11 00:00:00-04:00,10.0,10.0,7.769999980926514,9.130000114440918,5300,0.0,0.0
2024-03-12 00:00:00-04:00,8.039999961853027,8.46399974822998,8.029999732971191,8.029999732971191,1700,0.0,0.0
2024-03-13 00:00:00-04:00,8.0,8.869999885559082,7.599999904632568,8.350000381469727,9100,0.0,0.0
2024-03-14 00:00:00-04:00,8.350000381469727,8.350000381469727,8.350000381469727,8.350000381469727,300,0.0,0.0
2024-03-15 00:00:00-04:00,7.900000095367432,8.286999702453613,7.794000148773193,7.900000095367432,9100,0.0,0.0
2024-03-18 00:00:00-04:00,7.699999809265137,7.800000190734863,7.329999923706055,7.75,3800,0.0,0.0
2024-03-19 00:00:00-04:00,7.75,7.75,7.75,7.75,0,0.0,0.0
2024-03-20 00:00:00-04:00,7.849999904632568,8.119999885559082,7.199999809265137,8.020000457763672,3700,0.0,0.0
2024-03-21 00:00:00-04:00,8.449999809265137,8.609999656677246,2.5,2.8499999046325684,589800,0.0,0.0
2024-03-22 00:00:00-04:00,3.200000047683716,3.5199999809265137,2.049999952316284,2.4800000190734863,470500,0.0,0.0
2024-03-25 00:00:00-04:00,2.0299999713897705,2.1500000953674316,1.5099999904632568,1.7300000190734863,183000,0.0,0.0
2024-03-26 00:00:00-04:00,1.7400000095367432,1.8300000429153442,1.5399999618530273,1.7400000095367432,100700,0.0,0.0
2024-03-27 00:00:00-04:00,1.6799999475479126,2.25,1.5700000524520874,1.7589999437332153,359900,0.0,0.0
2024-03-28 00:00:00-04:00,1.7100000381469727,1.7999999523162842,1.5399999618530273,1.659999966621399,117600,0.0,0.0
2024-04-01 00:00:00-04:00,1.690000057220459,1.746000051498413,1.5099999904632568,1.5099999904632568,101500,0.0,0.0
2024-04-02 00:00:00-04:00,1.5,1.5049999952316284,1.2699999809265137,1.309999942779541,178400,0.0,0.0
2024-04-03 00:00:00-04:00,1.350000023841858,1.5,1.25,1.2599999904632568,95900,0.0,0.0
2024-04-04 00:00:00-04:00,1.2999999523162842,1.399999976158142,1.1399999856948853,1.3899999856948853,112300,0.0,0.0
2024-04-05 00:00:00-04:00,1.4199999570846558,1.649999976158142,1.2300000190734863,1.3109999895095825,62500,0.0,0.0
2024-04-08 00:00:00-04:00,1.3700000047683716,1.4500000476837158,1.2999999523162842,1.4299999475479126,81800,0.0,0.0
2024-04-09 00:00:00-04:00,1.440000057220459,1.5420000553131104,1.3899999856948853,1.409999966621399,174600,0.0,0.0
2024-04-10 00:00:00-04:00,1.399999976158142,1.4299999475479126,1.3899999856948853,1.399999976158142,33600,0.0,0.0
2024-04-11 00:00:00-04:00,1.440000057220459,1.440000057220459,1.2400000095367432,1.2999999523162842,49400,0.0,0.0
2024-04-12 00:00:00-04:00,1.309999942779541,1.3600000143051147,1.2400000095367432,1.309999942779541,56600,0.0,0.0
2024-04-15 00:00:00-04:00,1.2699999809265137,1.309999942779541,1.2139999866485596,1.2400000095367432,18300,0.0,0.0
2024-04-16 00:00:00-04:00,1.309999942779541,1.309999942779541,1.2200000286102295,1.2400000095367432,23900,0.0,0.0
2024-04-17 00:00:00-04:00,1.2400000095367432,1.2899999618530273,1.190000057220459,1.2680000066757202,29500,0.0,0.0
2024-04-18 00:00:00-04:00,1.2899999618530273,1.590000033378601,1.25,1.5099999904632568,138700,0.0,0.0
2024-04-19 00:00:00-04:00,1.5099999904632568,1.690999984741211,1.4299999475479126,1.4500000476837158,128400,0.0,0.0
2024-04-22 00:00:00-04:00,1.4600000381469727,1.5800000429153442,1.4420000314712524,1.5499999523162842,6400,0.0,0.0
2024-04-23 00:00:00-04:00,1.5199999809265137,1.6299999952316284,1.4500000476837158,1.4900000095367432,28000,0.0,0.0
2024-04-24 00:00:00-04:00,1.5399999618530273,1.559999942779541,1.3799999952316284,1.399999976158142,20700,0.0,0.0
2024-04-25 00:00:00-04:00,1.4299999475479126,1.590000033378601,1.399999976158142,1.4040000438690186,82600,0.0,0.0
2024-04-26 00:00:00-04:00,1.5299999713897705,1.5299999713897705,1.3700000047683716,1.4800000190734863,276800,0.0,0.0
2024-04-29 00:00:00-04:00,1.440000057220459,1.4900000095367432,1.3700000047683716,1.440000057220459,64100,0.0,0.0
2024-04-30 00:00:00-04:00,1.3300000429153442,1.440000057220459,1.2999999523162842,1.3200000524520874,33300,0.0,0.0
2024-05-01 00:00:00-04:00,1.3200000524520874,1.3600000143051147,1.2799999713897705,1.3350000381469727,10000,0.0,0.0
2024-05-02 00:00:00-04:00,1.3200000524520874,1.3899999856948853,1.2910000085830688,1.350000023841858,25000,0.0,0.0
2024-05-03 00:00:00-04:00,1.3200000524520874,1.378999948501587,1.2599999904632568,1.2599999904632568,29900,0.0,0.0
2024-05-06 00:00:00-04:00,1.2400000095367432,1.3980000019073486,1.2400000095367432,1.2799999713897705,63600,0.0,0.0
2024-05-07 00:00:00-04:00,1.2699999809265137,1.2799999713897705,1.2100000381469727,1.2200000286102295,40400,0.0,0.0
2024-05-08 00:00:00-04:00,1.2400000095367432,1.2400000095367432,1.1100000143051147,1.190000057220459,100100,0.0,0.0
2024-05-09 00:00:00-04:00,1.1699999570846558,1.1799999475479126,1.0800000429153442,1.100000023841858,62600,0.0,0.0
2024-05-10 00:00:00-04:00,1.090000033378601,1.1299999952316284,1.059999942779541,1.059999942779541,21100,0.0,0.0
2024-05-13 00:00:00-04:00,1.100000023841858,1.149999976158142,1.059999942779541,1.1100000143051147,16700,0.0,0.0
2024-05-14 00:00:00-04:00,1.159999966621399,1.2400000095367432,1.0700000524520874,1.0700000524520874,33100,0.0,0.0
2024-05-15 00:00:00-04:00,1.090000033378601,1.1200000047683716,1.0700000524520874,1.1200000047683716,28400,0.0,0.0
2024-05-16 00:00:00-04:00,1.125,1.1299999952316284,1.090000033378601,1.090000033378601,9300,0.0,0.0
2024-05-17 00:00:00-04:00,1.090999960899353,1.190000057220459,1.090999960899353,1.1299999952316284,37700,0.0,0.0
2024-05-20 00:00:00-04:00,1.1299999952316284,1.1649999618530273,1.100000023841858,1.1200000047683716,10300,0.0,0.0
2024-05-21 00:00:00-04:00,1.1419999599456787,1.1640000343322754,1.090000033378601,1.1100000143051147,20100,0.0,0.0
2024-05-22 00:00:00-04:00,1.100000023841858,1.2599999904632568,1.100000023841858,1.2000000476837158,93900,0.0,0.0
2024-05-23 00:00:00-04:00,1.1799999475479126,1.2000000476837158,1.1130000352859497,1.1299999952316284,53600,0.0,0.0
2024-05-24 00:00:00-04:00,1.1200000047683716,1.1799999475479126,1.1200000047683716,1.1369999647140503,6900,0.0,0.0
2024-05-28 00:00:00-04:00,1.1299999952316284,1.1299999952316284,1.003999948501587,1.059999942779541,94800,0.0,0.0
2024-05-29 00:00:00-04:00,1.0499999523162842,1.25,1.0199999809265137,1.059999942779541,33400,0.0,0.0
2024-05-30 00:00:00-04:00,1.031999945640564,1.2000000476837158,1.031999945640564,1.0399999618530273,26600,0.0,0.0
2024-05-31 00:00:00-04:00,1.0499999523162842,1.0520000457763672,1.0,1.0,22900,0.0,0.0
2024-06-03 00:00:00-04:00,1.0199999809265137,1.100000023841858,1.0199999809265137,1.0299999713897705,5900,0.0,0.0
2024-06-04 00:00:00-04:00,1.0700000524520874,1.0700000524520874,1.0,1.0499999523162842,4100,0.0,0.0
2024-06-05 00:00:00-04:00,1.0750000476837158,1.0750000476837158,1.0,1.0199999809265137,16800,0.0,0.0
2024-06-06 00:00:00-04:00,1.0010000467300415,1.100000023841858,1.0010000467300415,1.0369999408721924,19200,0.0,0.0
2024-06-07 00:00:00-04:00,1.0399999618530273,1.0399999618530273,1.0,1.0099999904632568,24800,0.0,0.0
2024-06-10 00:00:00-04:00,1.0099999904632568,1.0499999523162842,1.0,1.0099999904632568,12500,0.0,0.0
2024-06-11 00:00:00-04:00,1.0160000324249268,1.0700000524520874,0.9340000152587891,0.9359999895095825,26100,0.0,0.0
2024-06-12 00:00:00-04:00,0.949999988079071,1.0700000524520874,0.7620000243186951,0.9100000262260437,80000,0.0,0.0
2024-06-13 00:00:00-04:00,0.9100000262260437,0.949999988079071,0.7509999871253967,0.8009999990463257,59400,0.0,0.0
2024-06-14 00:00:00-04:00,0.8009999990463257,0.8999999761581421,0.7799999713897705,0.8999999761581421,71200,0.0,0.0
2024-06-17 00:00:00-04:00,0.8730000257492065,0.8999999761581421,0.8100000023841858,0.8500000238418579,27800,0.0,0.0
2024-06-18 00:00:00-04:00,0.8399999737739563,0.8999999761581421,0.8299999833106995,0.8809999823570251,317800,0.0,0.0
2024-06-20 00:00:00-04:00,0.890999972820282,0.8989999890327454,0.800000011920929,0.8309999704360962,141800,0.0,0.0
2024-06-21 00:00:00-04:00,0.8690000176429749,1.159999966621399,0.8370000123977661,1.0,274100,0.0,0.0
2024-06-24 00:00:00-04:00,0.9900000095367432,1.2000000476837158,0.9599999785423279,1.0099999904632568,129000,0.0,0.0
2024-06-25 00:00:00-04:00,1.0499999523162842,1.0499999523162842,0.9549999833106995,0.9599999785423279,19500,0.0,0.0
2024-06-26 00:00:00-04:00,1.0099999904632568,1.0499999523162842,0.949999988079071,0.9520000219345093,29200,0.0,0.0
2024-06-27 00:00:00-04:00,0.9819999933242798,0.9869999885559082,0.9700000286102295,0.984000027179718,2700,0.0,0.0
2024-06-28 00:00:00-04:00,1.0,1.0199999809265137,0.9539999961853027,0.9700000286102295,7700,0.0,0.0
2024-07-01 00:00:00-04:00,0.949999988079071,0.949999988079071,0.8600000143051147,0.8600000143051147,19000,0.0,0.0
2024-07-02 00:00:00-04:00,0.8799999952316284,0.8999999761581421,0.8600000143051147,0.8690000176429749,21000,0.0,0.0
2024-07-03 00:00:00-04:00,0.8999999761581421,0.8999999761581421,0.8920000195503235,0.8999999761581421,48300,0.0,0.0
2024-07-05 00:00:00-04:00,0.9070000052452087,0.949999988079071,0.906000018119812,0.9129999876022339,1800,0.0,0.0
2024-07-08 00:00:00-04:00,0.9359999895095825,0.9929999709129333,0.8999999761581421,0.9160000085830688,30600,0.0,0.0
2024-07-09 00:00:00-04:00,0.8999999761581421,0.9800000190734863,0.8999999761581421,0.9399999976158142,10900,0.0,0.0
2024-07-10 00:00:00-04:00,0.9369999766349792,1.0920000076293945,0.9200000166893005,1.0399999618530273,85000,0.0,0.0
2024-07-11 00:00:00-04:00,1.0399999618530273,1.1720000505447388,1.0399999618530273,1.0720000267028809,109300,0.0,0.0
2024-07-12 00:00:00-04:00,1.1399999856948853,1.2000000476837158,1.0399999618530273,1.0499999523162842,94600,0.0,0.0
2024-07-15 00:00:00-04:00,1.0099999904632568,1.0499999523162842,0.9139999747276306,0.9399999976158142,74600,0.0,0.0
2024-07-16 00:00:00-04:00,0.9599999785423279,0.9599999785423279,0.9240000247955322,0.9399999976158142,15300,0.0,0.0
2024-07-17 00:00:00-04:00,0.9589999914169312,1.0,0.9440000057220459,0.9549999833106995,18600,0.0,0.0
2024-07-18 00:00:00-04:00,1.0299999713897705,1.0299999713897705,0.9549999833106995,0.9800000190734863,16500,0.0,0.0
2024-07-19 00:00:00-04:00,0.9649999737739563,0.9649999737739563,0.9599999785423279,0.9599999785423279,2500,0.0,0.0
2024-07-22 00:00:00-04:00,0.9900000095367432,1.0,0.949999988079071,0.9789999723434448,9400,0.0,0.0
2024-07-23 00:00:00-04:00,0.9599999785423279,0.9800000190734863,0.9399999976158142,0.949999988079071,10000,0.0,0.0
2024-07-24 00:00:00-04:00,0.9649999737739563,0.9649999737739563,0.9300000071525574,0.9330000281333923,11300,0.0,0.0
2024-07-25 00:00:00-04:00,0.9399999976158142,0.9739999771118164,0.8999999761581421,0.9010000228881836,28900,0.0,0.0
2024-07-26 00:00:00-04:00,0.8999999761581421,0.9100000262260437,0.8899999856948853,0.8899999856948853,39600,0.0,0.0
2024-07-29 00:00:00-04:00,0.8899999856948853,0.8899999856948853,0.8399999737739563,0.8899999856948853,3500,0.0,0.0
2024-07-30 00:00:00-04:00,0.8899999856948853,0.8899999856948853,0.8399999737739563,0.8399999737739563,1000,0.0,0.0
2024-07-31 00:00:00-04:00,0.8799999952316284,0.8799999952316284,0.8799999952316284,0.8799999952316284,1600,0.0,0.0
2024-08-01 00:00:00-04:00,0.8799999952316284,0.8799999952316284,0.8399999737739563,0.8399999737739563,4400,0.0,0.0
2024-08-02 00:00:00-04:00,0.8149999976158142,1.0,0.8109999895095825,0.9440000057220459,194900,0.0,0.0
2024-08-05 00:00:00-04:00,0.9700000286102295,0.9700000286102295,0.8320000171661377,0.9169999957084656,8200,0.0,0.0
2024-08-06 00:00:00-04:00,0.9100000262260437,0.9390000104904175,0.8600000143051147,0.9380000233650208,2200,0.0,0.0
2024-08-07 00:00:00-04:00,0.9580000042915344,0.9580000042915344,0.8600000143051147,0.9190000295639038,6000,0.0,0.0
2024-08-08 00:00:00-04:00,0.8619999885559082,0.9160000085830688,0.8600000143051147,0.9150000214576721,3500,0.0,0.0
2024-08-09 00:00:00-04:00,0.8999999761581421,0.8999999761581421,0.8199999928474426,0.859000027179718,5100,0.0,0.0
2024-08-12 00:00:00-04:00,0.8199999928474426,0.949999988079071,0.8199999928474426,0.9259999990463257,11300,0.0,0.0
2024-08-13 00:00:00-04:00,0.925000011920929,0.925000011920929,0.8500000238418579,0.9200000166893005,8000,0.0,0.0
2024-08-14 00:00:00-04:00,0.949999988079071,0.949999988079071,0.8209999799728394,0.8700000047683716,19900,0.0,0.0
2024-08-15 00:00:00-04:00,0.8889999985694885,0.8889999985694885,0.800000011920929,0.8650000095367432,14000,0.0,0.0
2024-08-16 00:00:00-04:00,0.8399999737739563,0.8999999761581421,0.8100000023841858,0.8539999723434448,27800,0.0,0.0
2024-08-19 00:00:00-04:00,0.8550000190734863,0.902999997138977,0.8100000023841858,0.8999999761581421,56600,0.0,0.0
2024-08-20 00:00:00-04:00,0.9520000219345093,0.9629999995231628,0.8500000238418579,0.9599999785423279,9300,0.0,0.0
2024-08-21 00:00:00-04:00,0.949999988079071,1.090000033378601,0.8899999856948853,0.9900000095367432,81600,0.0,0.0
2024-08-22 00:00:00-04:00,1.0800000429153442,1.0800000429153442,0.925000011920929,0.9700000286102295,40200,0.0,0.0
2024-08-23 00:00:00-04:00,0.9800000190734863,0.9879999756813049,0.9300000071525574,0.9589999914169312,28000,0.0,0.0
2024-08-26 00:00:00-04:00,0.949999988079071,0.949999988079071,0.9259999990463257,0.949999988079071,7800,0.0,0.0
2024-08-27 00:00:00-04:00,0.9399999976158142,0.9490000009536743,0.8759999871253967,0.9490000009536743,1900,0.0,0.0
2024-08-28 00:00:00-04:00,0.8299999833106995,0.8999999761581421,0.7820000052452087,0.8920000195503235,14400,0.0,0.0
2024-08-29 00:00:00-04:00,0.8209999799728394,0.8999999761581421,0.8209999799728394,0.8999999761581421,6000,0.0,0.0
2024-08-30 00:00:00-04:00,0.8040000200271606,0.8999999761581421,0.8040000200271606,0.8790000081062317,3000,0.0,0.0
2024-09-03 00:00:00-04:00,0.824999988079071,0.8999999761581421,0.800000011920929,0.8999999761581421,3600,0.0,0.0
2024-09-04 00:00:00-04:00,0.8889999985694885,0.8899999856948853,0.8299999833106995,0.8889999985694885,2200,0.0,0.0
2024-09-05 00:00:00-04:00,0.8899999856948853,0.8899999856948853,0.8299999833106995,0.8700000047683716,10000,0.0,0.0
2024-09-06 00:00:00-04:00,0.8690000176429749,0.8690000176429749,0.7599999904632568,0.8500000238418579,21400,0.0,0.0
2024-09-09 00:00:00-04:00,0.7699999809265137,0.8489999771118164,0.7699999809265137,0.8479999899864197,9900,0.0,0.0
2024-09-10 00:00:00-04:00,0.8240000009536743,0.8479999899864197,0.7900000214576721,0.8209999799728394,4500,0.0,0.0
2024-09-11 00:00:00-04:00,0.8209999799728394,0.8209999799728394,0.8209999799728394,0.8209999799728394,1300,0.0,0.0
2024-09-12 00:00:00-04:00,0.8199999928474426,0.8899999856948853,0.7900000214576721,0.8799999952316284,7400,0.0,0.0
2024-09-13 00:00:00-04:00,0.8700000047683716,0.8700000047683716,0.8460000157356262,0.8690000176429749,500,0.0,0.0
2024-09-16 00:00:00-04:00,0.8799999952316284,0.8799999952316284,0.8410000205039978,0.8799999952316284,1700,0.0,0.0
2024-09-17 00:00:00-04:00,0.8799999952316284,0.8999999761581421,0.8069999814033508,0.8690000176429749,3600,0.0,0.0
2024-09-18 00:00:00-04:00,0.8320000171661377,0.8799999952316284,0.8309999704360962,0.8799999952316284,4000,0.0,0.0
2024-09-19 00:00:00-04:00,0.8539999723434448,0.8999999761581421,0.8539999723434448,0.8999999761581421,4300,0.0,0.0
2024-09-20 00:00:00-04:00,0.8899999856948853,0.8899999856948853,0.8370000123977661,0.8899999856948853,1700,0.0,0.0
2024-09-23 00:00:00-04:00,0.8669999837875366,0.8899999856948853,0.8600000143051147,0.8799999952316284,5500,0.0,0.0
2024-09-24 00:00:00-04:00,0.8600000143051147,0.8600000143051147,0.8100000023841858,0.8600000143051147,2200,0.0,0.0
2024-09-25 00:00:00-04:00,0.8899999856948853,0.8899999856948853,0.8899999856948853,0.8899999856948853,200,0.0,0.0
2024-09-26 00:00:00-04:00,0.8899999856948853,0.8899999856948853,0.824999988079071,0.8889999985694885,1500,0.0,0.0
2024-09-27 00:00:00-04:00,0.8299999833106995,0.8899999856948853,0.8299999833106995,0.8500000238418579,5200,0.0,0.0
2024-09-30 00:00:00-04:00,0.8799999952316284,0.8799999952316284,0.7910000085830688,0.8790000081062317,13300,0.0,0.0
2024-10-01 00:00:00-04:00,0.8500000238418579,0.8899999856948853,0.8100000023841858,0.8500000238418579,3500,0.0,0.0
2024-10-02 00:00:00-04:00,0.8600000143051147,0.8600000143051147,0.8009999990463257,0.8389999866485596,2400,0.0,0.0
2024-10-03 00:00:00-04:00,0.8009999990463257,0.8600000143051147,0.800000011920929,0.859000027179718,11400,0.0,0.0
2024-10-04 00:00:00-04:00,0.8199999928474426,0.8600000143051147,0.8029999732971191,0.8600000143051147,22100,0.0,0.0
2024-10-07 00:00:00-04:00,0.8600000143051147,0.8600000143051147,0.8100000023841858,0.859000027179718,1300,0.0,0.0
2024-10-08 00:00:00-04:00,0.8489999771118164,0.8899999856948853,0.800000011920929,0.8849999904632568,43800,0.0,0.0
2024-10-09 00:00:00-04:00,0.8899999856948853,0.8899999856948853,0.800000011920929,0.8799999952316284,8500,0.0,0.0
2024-10-10 00:00:00-04:00,0.8299999833106995,0.8799999952316284,0.7799999713897705,0.8289999961853027,25700,0.0,0.0
2024-10-11 00:00:00-04:00,0.7799999713897705,0.828000009059906,0.7599999904632568,0.7900000214576721,13200,0.0,0.0
2024-10-14 00:00:00-04:00,0.781000018119812,0.781000018119812,0.7149999737739563,0.7799999713897705,29900,0.0,0.0
2024-10-15 00:00:00-04:00,0.7400000095367432,0.7599999904632568,0.7160000205039978,0.7599999904632568,4100,0.0,0.0
2024-10-16 00:00:00-04:00,0.7300000190734863,0.7599999904632568,0.7099999785423279,0.75,35100,0.0,0.0
2024-10-17 00:00:00-04:00,0.75,0.75,0.7480000257492065,0.7480000257492065,3900,0.0,0.0
2024-10-18 00:00:00-04:00,0.7900000214576721,0.7900000214576721,0.7599999904632568,0.7879999876022339,6600,0.0,0.0
2024-10-21 00:00:00-04:00,0.7760000228881836,0.7900000214576721,0.7229999899864197,0.7789999842643738,16800,0.0,0.0
2024-10-22 00:00:00-04:00,0.8199999928474426,0.8199999928474426,0.7620000243186951,0.8199999928474426,1832000,0.0,0.0
2024-10-23 00:00:00-04:00,0.7160000205039978,0.8500000238418579,0.6100000143051147,0.800000011920929,415700,0.0,0.0
2024-10-24 00:00:00-04:00,0.7440000176429749,0.8450000286102295,0.7310000061988831,0.8399999737739563,86900,0.0,0.0
2024-10-25 00:00:00-04:00,0.7910000085830688,0.8399999737739563,0.7760000228881836,0.8379999995231628,43900,0.0,0.0
2024-10-28 00:00:00-04:00,0.7799999713897705,0.800000011920929,0.75,0.7910000085830688,19900,0.0,0.0
2024-10-29 00:00:00-04:00,0.75,0.8389999866485596,0.7480000257492065,0.7799999713897705,21200,0.0,0.0
2024-10-30 00:00:00-04:00,0.8309999704360962,0.8399999737739563,0.7850000262260437,0.8199999928474426,29600,0.0,0.0
2024-10-31 00:00:00-04:00,0.8009999990463257,0.828000009059906,0.7509999871253967,0.7519999742507935,15400,0.0,0.0
2024-11-01 00:00:00-04:00,0.7900000214576721,0.800000011920929,0.7009999752044678,0.7699999809265137,22200,0.0,0.0
2024-11-04 00:00:00-05:00,0.7829999923706055,0.8050000071525574,0.7200000286102295,0.7789999842643738,7600,0.0,0.0
2024-11-05 00:00:00-05:00,0.7120000123977661,0.7549999952316284,0.6930000185966492,0.7300000190734863,42400,0.0,0.0
2024-11-06 00:00:00-05:00,0.7120000123977661,0.7730000019073486,0.7099999785423279,0.7480000257492065,9200,0.0,0.0
2024-11-07 00:00:00-05:00,0.746999979019165,0.746999979019165,0.699999988079071,0.7300000190734863,15700,0.0,0.0
2024-11-08 00:00:00-05:00,0.7360000014305115,0.7360000014305115,0.6110000014305115,0.6620000004768372,45100,0.0,0.0
2024-11-11 00:00:00-05:00,0.6600000262260437,0.7409999966621399,0.6119999885559082,0.7409999966621399,91100,0.0,0.0
2024-11-12 00:00:00-05:00,0.718999981880188,0.8899999856948853,0.675000011920929,0.8899999856948853,45300,0.0,0.0
2024-11-13 00:00:00-05:00,0.8270000219345093,0.9300000071525574,0.781000018119812,0.9200000166893005,87600,0.0,0.0
2024-11-14 00:00:00-05:00,0.9100000262260437,0.9300000071525574,0.8399999737739563,0.8999999761581421,43300,0.0,0.0
2024-11-15 00:00:00-05:00,0.9190000295639038,0.9300000071525574,0.8500000238418579,0.9200000166893005,6000,0.0,0.0
2024-11-18 00:00:00-05:00,0.8479999899864197,0.9190000295639038,0.8399999737739563,0.8690000176429749,11600,0.0,0.0
2024-11-19 00:00:00-05:00,0.9039999842643738,0.9039999842643738,0.8500000238418579,0.902999997138977,4900,0.0,0.0
2024-11-20 00:00:00-05:00,0.8759999871253967,0.8999999761581421,0.8500000238418579,0.8989999890327454,3500,0.0,0.0
2024-11-21 00:00:00-05:00,0.8989999890327454,0.9300000071525574,0.8899999856948853,0.9300000071525574,6400,0.0,0.0
2024-11-22 00:00:00-05:00,0.9300000071525574,0.9800000190734863,0.8999999761581421,0.9490000009536743,14300,0.0,0.0
2024-11-25 00:00:00-05:00,0.9700000286102295,0.9800000190734863,0.8924999833106995,0.965399980545044,9872,0.0,0.0
