Date,Open,High,Low,Close,Volume,Dividends,Stock Splits
2022-01-03 00:00:00-05:00,13.729999542236328,14.210000038146973,13.725000381469727,14.109999656677246,214600,0.0,0.0
2022-01-04 00:00:00-05:00,14.3100004196167,14.4399995803833,14.149999618530273,14.319999694824219,360800,0.0,0.0
2022-01-05 00:00:00-05:00,14.329999923706055,14.510000228881836,13.729999542236328,13.779999732971191,371800,0.0,0.0
2022-01-06 00:00:00-05:00,13.930000305175781,13.989999771118164,13.579999923706055,13.630000114440918,272000,0.0,0.0
2022-01-07 00:00:00-05:00,14.149999618530273,14.34000015258789,13.920000076293945,14.180000305175781,280100,0.0,0.0
2022-01-10 00:00:00-05:00,14.180000305175781,14.260000228881836,13.789999961853027,14.109999656677246,443000,0.0,0.0
2022-01-11 00:00:00-05:00,14.020000457763672,14.369999885559082,13.979999542236328,14.270000457763672,326500,0.0,0.0
2022-01-12 00:00:00-05:00,14.300000190734863,14.375,14.010000228881836,14.130000114440918,212900,0.0,0.0
2022-01-13 00:00:00-05:00,14.335000038146973,14.699999809265137,14.149999618530273,14.359999656677246,345100,0.0,0.0
2022-01-14 00:00:00-05:00,14.260000228881836,14.383000373840332,13.649999618530273,13.869999885559082,408100,0.0,0.0
2022-01-18 00:00:00-05:00,13.729999542236328,13.899999618530273,13.529999732971191,13.619999885559082,267400,0.0,0.0
2022-01-19 00:00:00-05:00,13.619999885559082,13.670000076293945,13.279999732971191,13.3100004196167,394200,0.0,0.0
2022-01-20 00:00:00-05:00,13.430000305175781,14.0600004196167,13.359999656677246,13.550000190734863,427400,0.0,0.0
2022-01-21 00:00:00-05:00,13.449999809265137,13.460000038146973,13.039999961853027,13.0600004196167,439000,0.0,0.0
2022-01-24 00:00:00-05:00,12.609999656677246,12.899999618530273,12.230999946594238,12.880000114440918,576300,0.0,0.0
2022-01-25 00:00:00-05:00,12.649999618530273,12.930000305175781,12.404999732971191,12.710000038146973,442300,0.0,0.0
2022-01-26 00:00:00-05:00,12.850000381469727,13.170000076293945,12.369999885559082,12.489999771118164,322500,0.0,0.0
2022-01-27 00:00:00-05:00,12.640000343322754,12.930000305175781,12.159000396728516,12.329999923706055,424600,0.0,0.0
2022-01-28 00:00:00-05:00,12.3100004196167,12.4399995803833,11.729999542236328,12.420000076293945,325800,0.0,0.0
2022-01-31 00:00:00-05:00,12.319999694824219,13.079999923706055,12.15999984741211,13.079999923706055,354900,0.0,0.0
2022-02-01 00:00:00-05:00,13.199999809265137,13.324999809265137,12.970000267028809,13.109999656677246,262200,0.0,0.0
2022-02-02 00:00:00-05:00,13.140000343322754,13.140000343322754,12.619999885559082,12.8100004196167,281500,0.0,0.0
2022-02-03 00:00:00-05:00,12.630000114440918,12.949999809265137,12.520000457763672,12.569999694824219,187300,0.0,0.0
2022-02-04 00:00:00-05:00,12.529999732971191,12.5600004196167,12.118000030517578,12.390000343322754,290400,0.0,0.0
2022-02-07 00:00:00-05:00,12.529999732971191,13.020000457763672,12.029999732971191,12.819999694824219,17201000,0.0,0.0
2022-02-08 00:00:00-05:00,12.989999771118164,13.600000381469727,12.550000190734863,13.300000190734863,5877300,0.0,0.0
2022-02-09 00:00:00-05:00,13.600000381469727,14.569999694824219,13.4399995803833,14.260000228881836,3674600,0.0,0.0
2022-02-10 00:00:00-05:00,14.1899995803833,14.739999771118164,14.0,14.079999923706055,3596500,0.0,0.0
2022-02-11 00:00:00-05:00,14.319999694824219,14.539999961853027,13.470000267028809,13.649999618530273,3223400,0.0,0.0
2022-02-14 00:00:00-05:00,13.75,14.095000267028809,13.420000076293945,13.470000267028809,1681300,0.0,0.0
2022-02-15 00:00:00-05:00,13.91100025177002,14.510000228881836,13.91100025177002,14.170000076293945,2017100,0.0,0.0
2022-02-16 00:00:00-05:00,14.100000381469727,14.324999809265137,13.850000381469727,13.850000381469727,1213400,0.0,0.0
2022-02-17 00:00:00-05:00,13.6899995803833,13.710000038146973,13.069999694824219,13.260000228881836,1464800,0.0,0.0
2022-02-18 00:00:00-05:00,13.130000114440918,13.350000381469727,12.789999961853027,12.8100004196167,1324800,0.0,0.0
2022-02-22 00:00:00-05:00,12.550000190734863,12.920000076293945,12.510000228881836,12.609999656677246,1262800,0.0,0.0
2022-02-23 00:00:00-05:00,12.75,12.789999961853027,12.239999771118164,12.3100004196167,1318300,0.0,0.0
2022-02-24 00:00:00-05:00,11.555000305175781,13.09000015258789,11.4399995803833,13.020000457763672,3088300,0.0,0.0
2022-02-25 00:00:00-05:00,13.149999618530273,13.399999618530273,12.890000343322754,13.010000228881836,2155800,0.0,0.0
2022-02-28 00:00:00-05:00,12.779999732971191,13.180000305175781,12.529999732971191,12.880000114440918,3653900,0.0,0.0
2022-03-01 00:00:00-05:00,12.899999618530273,12.90999984741211,12.279999732971191,12.520000457763672,1490500,0.0,0.0
2022-03-02 00:00:00-05:00,12.670000076293945,12.960000038146973,12.539999961853027,12.569999694824219,1216800,0.0,0.0
2022-03-03 00:00:00-05:00,12.739999771118164,12.809000015258789,12.069999694824219,12.279999732971191,1259600,0.0,0.0
2022-03-04 00:00:00-05:00,12.140000343322754,12.140000343322754,11.364999771118164,11.5,1608200,0.0,0.0
2022-03-07 00:00:00-05:00,11.40999984741211,11.479999542236328,9.609999656677246,9.630000114440918,3231300,0.0,0.0
2022-03-08 00:00:00-05:00,9.75,10.380000114440918,9.479999542236328,9.960000038146973,2425300,0.0,0.0
2022-03-09 00:00:00-05:00,10.40999984741211,10.869999885559082,10.170000076293945,10.800000190734863,2484100,0.0,0.0
2022-03-10 00:00:00-05:00,10.470000267028809,11.109999656677246,10.399999618530273,10.710000038146973,1404800,0.0,0.0
2022-03-11 00:00:00-05:00,10.789999961853027,11.029999732971191,10.3100004196167,10.329999923706055,3553500,0.0,0.0
2022-03-14 00:00:00-04:00,10.489999771118164,10.609999656677246,10.050000190734863,10.239999771118164,2492700,0.0,0.0
2022-03-15 00:00:00-04:00,10.649999618530273,11.470000267028809,10.600000381469727,11.079999923706055,2728300,0.0,0.0
2022-03-16 00:00:00-04:00,11.220000267028809,11.710000038146973,11.145000457763672,11.680000305175781,2484400,0.0,0.0
2022-03-17 00:00:00-04:00,11.350000381469727,11.609999656677246,11.10200023651123,11.359999656677246,1985800,0.0,0.0
2022-03-18 00:00:00-04:00,11.0600004196167,11.920000076293945,11.0600004196167,11.350000381469727,2937900,0.0,0.0
2022-03-21 00:00:00-04:00,11.260000228881836,11.34000015258789,10.9399995803833,11.130000114440918,1716100,0.0,0.0
2022-03-22 00:00:00-04:00,11.229999542236328,11.550000190734863,11.170000076293945,11.390000343322754,1827000,0.0,0.0
2022-03-23 00:00:00-04:00,11.289999961853027,11.4399995803833,11.130000114440918,11.149999618530273,1982000,0.0,0.0
2022-03-24 00:00:00-04:00,11.350000381469727,11.399999618530273,10.975000381469727,11.270000457763672,2821000,0.0,0.0
2022-03-25 00:00:00-04:00,11.25,11.529999732971191,11.149999618530273,11.3100004196167,2305100,0.0,0.0
2022-03-28 00:00:00-04:00,11.390000343322754,11.600000381469727,11.234999656677246,11.390000343322754,1386000,0.0,0.0
2022-03-29 00:00:00-04:00,11.739999771118164,12.010000228881836,11.600000381469727,11.630000114440918,1443700,0.0,0.0
2022-03-30 00:00:00-04:00,11.479999542236328,11.739999771118164,11.375,11.460000038146973,1268900,0.0,0.0
2022-03-31 00:00:00-04:00,11.489999771118164,11.694000244140625,11.3100004196167,11.329999923706055,1693700,0.0,0.0
2022-04-01 00:00:00-04:00,11.4399995803833,11.449999809265137,11.119999885559082,11.399999618530273,2278200,0.0,0.0
2022-04-04 00:00:00-04:00,11.350000381469727,11.59000015258789,11.196000099182129,11.470000267028809,1496800,0.0,0.0
2022-04-05 00:00:00-04:00,11.40999984741211,12.1899995803833,10.960000038146973,11.920000076293945,8540700,0.0,0.0
2022-04-06 00:00:00-04:00,11.5600004196167,11.58899974822998,10.449999809265137,10.609999656677246,12381700,0.0,0.0
2022-04-07 00:00:00-04:00,10.609999656677246,11.029999732971191,10.420000076293945,10.699999809265137,4104800,0.0,0.0
2022-04-08 00:00:00-04:00,10.680000305175781,10.960000038146973,10.539999961853027,10.729999542236328,2969500,0.0,0.0
2022-04-11 00:00:00-04:00,10.600000381469727,11.109999656677246,10.52299976348877,10.989999771118164,3187700,0.0,0.0
2022-04-12 00:00:00-04:00,11.039999961853027,11.199999809265137,10.760000228881836,10.970000267028809,2422000,0.0,0.0
2022-04-13 00:00:00-04:00,11.199999809265137,11.8100004196167,10.994999885559082,11.760000228881836,3823100,0.0,0.0
2022-04-14 00:00:00-04:00,11.829999923706055,12.0600004196167,11.520000457763672,11.609999656677246,1447500,0.0,0.0
2022-04-18 00:00:00-04:00,11.40999984741211,11.579999923706055,11.180000305175781,11.260000228881836,995200,0.0,0.0
2022-04-19 00:00:00-04:00,11.369999885559082,11.765000343322754,11.270000457763672,11.670000076293945,1386700,0.0,0.0
2022-04-20 00:00:00-04:00,11.710000038146973,11.800000190734863,11.420000076293945,11.430000305175781,1227800,0.0,0.0
2022-04-21 00:00:00-04:00,11.949999809265137,12.29699993133545,11.65999984741211,11.6899995803833,2505000,0.0,0.0
2022-04-22 00:00:00-04:00,11.710000038146973,11.920000076293945,11.199999809265137,11.380000114440918,1285200,0.0,0.0
2022-04-25 00:00:00-04:00,11.25,11.649999618530273,11.23900032043457,11.3100004196167,2119300,0.0,0.0
2022-04-26 00:00:00-04:00,11.170000076293945,11.229999542236328,10.510000228881836,10.829999923706055,2099100,0.0,0.0
2022-04-27 00:00:00-04:00,10.779999732971191,10.979999542236328,10.359999656677246,10.449999809265137,2489600,0.0,0.0
2022-04-28 00:00:00-04:00,10.5600004196167,10.670000076293945,9.880000114440918,10.619999885559082,3944000,0.0,0.0
2022-04-29 00:00:00-04:00,10.75,11.449999809265137,10.539999961853027,10.609999656677246,2791300,0.0,0.0
2022-05-02 00:00:00-04:00,10.75,10.760000228881836,9.960000038146973,10.210000038146973,3459800,0.0,0.0
2022-05-03 00:00:00-04:00,10.479999542236328,10.569999694824219,10.039999961853027,10.529999732971191,2215500,0.0,0.0
2022-05-04 00:00:00-04:00,10.489999771118164,10.75,10.25,10.670000076293945,1744900,0.0,0.0
2022-05-05 00:00:00-04:00,10.430000305175781,10.539999961853027,10.024999618530273,10.180000305175781,2412000,0.0,0.0
2022-05-06 00:00:00-04:00,10.069999694824219,10.069999694824219,9.420000076293945,9.619999885559082,3379400,0.0,0.0
2022-05-09 00:00:00-04:00,9.425000190734863,9.519000053405762,8.654999732971191,8.725000381469727,3922300,0.0,0.0
2022-05-10 00:00:00-04:00,8.949999809265137,9.260000228881836,8.635000228881836,8.979999542236328,2679400,0.0,0.0
2022-05-11 00:00:00-04:00,8.989999771118164,9.15999984741211,8.59000015258789,8.630000114440918,2134000,0.0,0.0
2022-05-12 00:00:00-04:00,8.399999618530273,8.6850004196167,8.1899995803833,8.34000015258789,3198100,0.0,0.0
2022-05-13 00:00:00-04:00,8.579999923706055,8.885000228881836,8.489999771118164,8.720000267028809,2352900,0.0,0.0
2022-05-16 00:00:00-04:00,8.949999809265137,9.404999732971191,8.890000343322754,9.229999542236328,3385300,0.0,0.0
2022-05-17 00:00:00-04:00,9.5,9.755000114440918,9.369999885559082,9.720000267028809,1708000,0.0,0.0
2022-05-18 00:00:00-04:00,9.529999732971191,10.010000228881836,9.414999961853027,9.4399995803833,2985000,0.0,0.0
2022-05-19 00:00:00-04:00,9.350000381469727,10.055000305175781,9.300000190734863,9.479999542236328,3443400,0.0,0.0
2022-05-20 00:00:00-04:00,9.630000114440918,9.739999771118164,8.920000076293945,9.199999809265137,2073300,0.0,0.0
2022-05-23 00:00:00-04:00,9.3100004196167,9.371000289916992,8.880000114440918,9.0600004196167,1919600,0.0,0.0
2022-05-24 00:00:00-04:00,8.970000267028809,9.0,8.630000114440918,8.84000015258789,1937000,0.0,0.0
2022-05-25 00:00:00-04:00,8.760000228881836,9.100000381469727,8.729999542236328,8.920000076293945,1802900,0.0,0.0
2022-05-26 00:00:00-04:00,9.029999732971191,9.645000457763672,9.029999732971191,9.520000457763672,2131300,0.0,0.0
2022-05-27 00:00:00-04:00,9.859999656677246,10.6899995803833,9.75,10.454999923706055,4002900,0.0,0.0
2022-05-31 00:00:00-04:00,10.109999656677246,10.8100004196167,10.100000381469727,10.75,2857800,0.0,0.0
2022-06-01 00:00:00-04:00,10.930000305175781,10.960000038146973,10.050000190734863,10.180000305175781,2780800,0.0,0.0
2022-06-02 00:00:00-04:00,10.140000343322754,10.399999618530273,10.130000114440918,10.239999771118164,1738300,0.0,0.0
2022-06-03 00:00:00-04:00,10.050000190734863,10.100000381469727,9.65999984741211,9.8100004196167,2810200,0.0,0.0
2022-06-06 00:00:00-04:00,9.90999984741211,10.305000305175781,9.829999923706055,10.25,1774400,0.0,0.0
2022-06-07 00:00:00-04:00,10.149999618530273,10.529999732971191,10.0600004196167,10.430000305175781,2834400,0.0,0.0
2022-06-08 00:00:00-04:00,10.25,10.420000076293945,9.930000305175781,10.0600004196167,2754200,0.0,0.0
2022-06-09 00:00:00-04:00,10.0,10.579999923706055,9.989999771118164,10.1899995803833,3067000,0.0,0.0
2022-06-10 00:00:00-04:00,10.0,10.239999771118164,9.550000190734863,9.920000076293945,14052200,0.0,0.0
2022-06-13 00:00:00-04:00,9.5,9.59000015258789,9.074999809265137,9.199999809265137,3503500,0.0,0.0
2022-06-14 00:00:00-04:00,9.239999771118164,9.390000343322754,8.979999542236328,9.34000015258789,2625000,0.0,0.0
2022-06-15 00:00:00-04:00,9.430000305175781,9.890000343322754,9.404999732971191,9.600000381469727,2113000,0.0,0.0
2022-06-16 00:00:00-04:00,9.25,9.350000381469727,8.800000190734863,8.829999923706055,2208400,0.0,0.0
2022-06-17 00:00:00-04:00,8.90999984741211,9.489999771118164,8.699999809265137,9.34000015258789,3054400,0.0,0.0
2022-06-21 00:00:00-04:00,9.760000228881836,9.824999809265137,9.350000381469727,9.489999771118164,3152700,0.0,0.0
2022-06-22 00:00:00-04:00,9.390000343322754,9.869999885559082,9.390000343322754,9.819999694824219,1796600,0.0,0.0
2022-06-23 00:00:00-04:00,9.899999618530273,10.050000190734863,9.579999923706055,9.890000343322754,1823400,0.0,0.0
2022-06-24 00:00:00-04:00,9.90999984741211,10.600000381469727,9.6899995803833,10.539999961853027,3490100,0.0,0.0
2022-06-27 00:00:00-04:00,10.300000190734863,10.399999618530273,9.199999809265137,9.359999656677246,3985800,0.0,0.0
2022-06-28 00:00:00-04:00,9.600000381469727,9.829999923706055,9.34000015258789,9.420000076293945,3100300,0.0,0.0
2022-06-29 00:00:00-04:00,9.350000381469727,9.579999923706055,8.96500015258789,9.510000228881836,2813300,0.0,0.0
2022-06-30 00:00:00-04:00,9.3100004196167,9.640000343322754,9.1899995803833,9.369999885559082,5016900,0.0,0.0
2022-07-01 00:00:00-04:00,9.25,10.170000076293945,9.239999771118164,10.170000076293945,2734000,0.0,0.0
2022-07-05 00:00:00-04:00,10.029999732971191,10.8100004196167,9.9350004196167,10.670000076293945,3014000,0.0,0.0
2022-07-06 00:00:00-04:00,10.569999694824219,10.765000343322754,10.430000305175781,10.5,1852600,0.0,0.0
2022-07-07 00:00:00-04:00,10.470000267028809,10.75,10.239999771118164,10.359999656677246,2170400,0.0,0.0
2022-07-08 00:00:00-04:00,10.3100004196167,10.99899959564209,10.3100004196167,10.75,1760200,0.0,0.0
2022-07-11 00:00:00-04:00,10.579999923706055,10.84000015258789,10.489999771118164,10.720000267028809,1470500,0.0,0.0
2022-07-12 00:00:00-04:00,10.699999809265137,11.324999809265137,10.699999809265137,11.119999885559082,2230100,0.0,0.0
2022-07-13 00:00:00-04:00,10.779999732971191,11.194999694824219,10.6899995803833,11.100000381469727,2026900,0.0,0.0
2022-07-14 00:00:00-04:00,11.0,11.114999771118164,10.8100004196167,10.90999984741211,1506600,0.0,0.0
2022-07-15 00:00:00-04:00,11.050000190734863,11.1850004196167,10.880000114440918,11.050000190734863,2189200,0.0,0.0
2022-07-18 00:00:00-04:00,11.229999542236328,11.270999908447266,10.479999542236328,10.539999961853027,2436200,0.0,0.0
2022-07-19 00:00:00-04:00,10.710000038146973,11.100000381469727,10.710000038146973,11.100000381469727,1675200,0.0,0.0
2022-07-20 00:00:00-04:00,11.100000381469727,11.40999984741211,11.010000228881836,11.390000343322754,2028800,0.0,0.0
2022-07-21 00:00:00-04:00,11.199999809265137,11.3149995803833,11.079999923706055,11.25,1202800,0.0,0.0
2022-07-22 00:00:00-04:00,11.420000076293945,11.520000457763672,11.0600004196167,11.119999885559082,782900,0.0,0.0
2022-07-25 00:00:00-04:00,11.119999885559082,11.1899995803833,10.899999618530273,11.069999694824219,691800,0.0,0.0
2022-07-26 00:00:00-04:00,10.880000114440918,11.024999618530273,10.555000305175781,10.59000015258789,1469600,0.0,0.0
2022-07-27 00:00:00-04:00,10.789999961853027,11.380000114440918,10.635000228881836,11.270000457763672,2079400,0.0,0.0
2022-07-28 00:00:00-04:00,10.989999771118164,13.670000076293945,10.989999771118164,13.579999923706055,12802300,0.0,0.0
2022-07-29 00:00:00-04:00,13.489999771118164,14.890000343322754,13.460000038146973,14.479999542236328,5881500,0.0,0.0
2022-08-01 00:00:00-04:00,14.305000305175781,14.6899995803833,13.545000076293945,13.989999771118164,3332400,0.0,0.0
2022-08-02 00:00:00-04:00,13.979999542236328,14.380000114440918,13.829999923706055,13.979999542236328,2839000,0.0,0.0
2022-08-03 00:00:00-04:00,14.210000038146973,14.739999771118164,14.130000114440918,14.4399995803833,2424900,0.0,0.0
2022-08-04 00:00:00-04:00,14.4399995803833,14.579999923706055,14.28499984741211,14.289999961853027,1642600,0.0,0.0
2022-08-05 00:00:00-04:00,14.020000457763672,14.5600004196167,13.890000343322754,14.210000038146973,1367600,0.0,0.0
2022-08-08 00:00:00-04:00,14.210000038146973,14.5600004196167,14.010000228881836,14.359999656677246,1162600,0.0,0.0
2022-08-09 00:00:00-04:00,14.140000343322754,14.359999656677246,13.90999984741211,13.960000038146973,904200,0.0,0.0
2022-08-10 00:00:00-04:00,14.420000076293945,14.517999649047852,14.050000190734863,14.220000267028809,1315900,0.0,0.0
2022-08-11 00:00:00-04:00,14.5,14.600000381469727,14.130000114440918,14.149999618530273,776500,0.0,0.0
2022-08-12 00:00:00-04:00,14.319999694824219,14.489999771118164,14.180000305175781,14.300000190734863,1156100,0.0,0.0
2022-08-15 00:00:00-04:00,14.359999656677246,15.25,14.289999961853027,14.609999656677246,1828500,0.0,0.0
2022-08-16 00:00:00-04:00,14.550000190734863,14.699999809265137,14.079999923706055,14.3100004196167,1411400,0.0,0.0
2022-08-17 00:00:00-04:00,14.039999961853027,14.25,13.960000038146973,14.020000457763672,1320500,0.0,0.0
2022-08-18 00:00:00-04:00,13.960000038146973,14.020000457763672,13.699999809265137,13.819999694824219,1134100,0.0,0.0
2022-08-19 00:00:00-04:00,13.375,13.5600004196167,13.050000190734863,13.079999923706055,1432100,0.0,0.0
2022-08-22 00:00:00-04:00,12.760000228881836,12.989999771118164,12.574999809265137,12.729999542236328,1080800,0.0,0.0
2022-08-23 00:00:00-04:00,12.8100004196167,12.960000038146973,12.649999618530273,12.739999771118164,760100,0.0,0.0
2022-08-24 00:00:00-04:00,13.180000305175781,13.350000381469727,13.003000259399414,13.199999809265137,1268700,0.0,0.0
2022-08-25 00:00:00-04:00,13.359999656677246,13.460000038146973,13.119999885559082,13.460000038146973,889800,0.0,0.0
2022-08-26 00:00:00-04:00,13.420000076293945,13.460000038146973,12.8100004196167,12.899999618530273,910000,0.0,0.0
2022-08-29 00:00:00-04:00,12.75,12.949999809265137,12.65999984741211,12.710000038146973,716500,0.0,0.0
2022-08-30 00:00:00-04:00,12.880000114440918,13.220000267028809,12.595000267028809,13.180000305175781,1312200,0.0,0.0
2022-08-31 00:00:00-04:00,13.279999732971191,13.319999694824219,12.824999809265137,12.899999618530273,1162700,0.0,0.0
2022-09-01 00:00:00-04:00,12.699999809265137,12.720000267028809,12.260000228881836,12.6899995803833,974000,0.0,0.0
2022-09-02 00:00:00-04:00,12.850000381469727,12.864999771118164,12.420000076293945,12.479999542236328,706900,0.0,0.0
2022-09-06 00:00:00-04:00,12.510000228881836,12.670000076293945,12.34000015258789,12.59000015258789,784800,0.0,0.0
2022-09-07 00:00:00-04:00,12.600000381469727,13.390000343322754,12.574000358581543,13.319999694824219,1240500,0.0,0.0
2022-09-08 00:00:00-04:00,12.800000190734863,13.0,12.470000267028809,12.779999732971191,1406200,0.0,0.0
2022-09-09 00:00:00-04:00,12.819999694824219,13.095000267028809,12.8100004196167,12.90999984741211,6239300,0.0,0.0
2022-09-12 00:00:00-04:00,12.979999542236328,13.180000305175781,12.800000190734863,12.979999542236328,1182800,0.0,0.0
2022-09-13 00:00:00-04:00,12.420000076293945,12.630000114440918,12.28499984741211,12.390000343322754,1010400,0.0,0.0
2022-09-14 00:00:00-04:00,12.319999694824219,12.739999771118164,12.125,12.729999542236328,719900,0.0,0.0
2022-09-15 00:00:00-04:00,12.649999618530273,12.829999923706055,12.494999885559082,12.729999542236328,967600,0.0,0.0
2022-09-16 00:00:00-04:00,12.489999771118164,12.5600004196167,11.819999694824219,11.880000114440918,1641100,0.0,0.0
2022-09-19 00:00:00-04:00,11.84000015258789,12.208999633789062,11.819999694824219,12.149999618530273,1028100,0.0,0.0
2022-09-20 00:00:00-04:00,12.0600004196167,12.09000015258789,11.609999656677246,11.800000190734863,794600,0.0,0.0
2022-09-21 00:00:00-04:00,11.760000228881836,11.760000228881836,11.229999542236328,11.25,1541700,0.0,0.0
2022-09-22 00:00:00-04:00,11.270000457763672,11.270000457763672,10.770000457763672,10.8100004196167,920400,0.0,0.0
2022-09-23 00:00:00-04:00,10.630000114440918,10.630000114440918,10.055000305175781,10.3100004196167,1357200,0.0,0.0
2022-09-26 00:00:00-04:00,10.239999771118164,10.359999656677246,9.949999809265137,9.960000038146973,1170900,0.0,0.0
2022-09-27 00:00:00-04:00,10.1899995803833,10.449999809265137,10.0,10.069999694824219,1017400,0.0,0.0
2022-09-28 00:00:00-04:00,10.069999694824219,10.279999732971191,9.914999961853027,10.180000305175781,1176900,0.0,0.0
2022-09-29 00:00:00-04:00,9.920000076293945,9.9399995803833,9.630000114440918,9.890000343322754,1001200,0.0,0.0
2022-09-30 00:00:00-04:00,9.8100004196167,10.024999618530273,9.6899995803833,9.699999809265137,715400,0.0,0.0
2022-10-03 00:00:00-04:00,9.789999961853027,10.029999732971191,9.640000343322754,9.9399995803833,750000,0.0,0.0
2022-10-04 00:00:00-04:00,10.300000190734863,10.670000076293945,10.300000190734863,10.640000343322754,803400,0.0,0.0
2022-10-05 00:00:00-04:00,10.369999885559082,10.550000190734863,10.244999885559082,10.520000457763672,736000,0.0,0.0
2022-10-06 00:00:00-04:00,10.420000076293945,10.59000015258789,10.180000305175781,10.489999771118164,960100,0.0,0.0
2022-10-07 00:00:00-04:00,10.279999732971191,10.335000038146973,9.539999961853027,9.760000228881836,1171400,0.0,0.0
2022-10-10 00:00:00-04:00,9.770000457763672,9.770000457763672,9.515000343322754,9.579999923706055,783700,0.0,0.0
2022-10-11 00:00:00-04:00,9.789999961853027,9.949999809265137,9.479999542236328,9.539999961853027,1021200,0.0,0.0
2022-10-12 00:00:00-04:00,9.390000343322754,9.550000190734863,9.229999542236328,9.460000038146973,969900,0.0,0.0
2022-10-13 00:00:00-04:00,9.40999984741211,9.680000305175781,9.180000305175781,9.25,1420400,0.0,0.0
2022-10-14 00:00:00-04:00,9.470000267028809,9.529999732971191,8.9399995803833,8.9399995803833,1281000,0.0,0.0
2022-10-17 00:00:00-04:00,9.220000267028809,9.5,9.220000267028809,9.369999885559082,1388100,0.0,0.0
2022-10-18 00:00:00-04:00,9.5600004196167,9.680000305175781,9.329999923706055,9.539999961853027,1225600,0.0,0.0
2022-10-19 00:00:00-04:00,9.5600004196167,9.675000190734863,9.420000076293945,9.539999961853027,1145000,0.0,0.0
2022-10-20 00:00:00-04:00,9.550000190734863,9.770000457763672,9.34000015258789,9.399999618530273,1196600,0.0,0.0
2022-10-21 00:00:00-04:00,9.380000114440918,9.670000076293945,9.319999694824219,9.569999694824219,1028600,0.0,0.0
2022-10-24 00:00:00-04:00,9.59000015258789,9.699999809265137,9.479999542236328,9.600000381469727,1160600,0.0,0.0
2022-10-25 00:00:00-04:00,9.5600004196167,9.930000305175781,9.510000228881836,9.920000076293945,881800,0.0,0.0
2022-10-26 00:00:00-04:00,9.8100004196167,10.425000190734863,9.670000076293945,10.1899995803833,1752900,0.0,0.0
2022-10-27 00:00:00-04:00,10.25,11.920000076293945,10.180000305175781,11.869999885559082,2376900,0.0,0.0
2022-10-28 00:00:00-04:00,11.970000267028809,12.59000015258789,11.869999885559082,12.479999542236328,1766500,0.0,0.0
2022-10-31 00:00:00-04:00,12.600000381469727,13.149999618530273,12.420000076293945,13.109999656677246,1339700,0.0,0.0
2022-11-01 00:00:00-04:00,13.239999771118164,13.649999618530273,12.970000267028809,13.319999694824219,1319000,0.0,0.0
2022-11-02 00:00:00-04:00,13.1899995803833,13.489999771118164,12.880000114440918,13.0600004196167,1125500,0.0,0.0
2022-11-03 00:00:00-04:00,12.84000015258789,13.010000228881836,12.664999961853027,12.6899995803833,1087800,0.0,0.0
2022-11-04 00:00:00-04:00,13.0,13.09000015258789,12.53499984741211,12.680000305175781,1009100,0.0,0.0
2022-11-07 00:00:00-05:00,12.890000343322754,13.180000305175781,12.640000343322754,13.140000343322754,751200,0.0,0.0
2022-11-08 00:00:00-05:00,13.239999771118164,13.239999771118164,12.75,12.8100004196167,677600,0.0,0.0
2022-11-09 00:00:00-05:00,12.595000267028809,13.164999961853027,12.449999809265137,12.829999923706055,688500,0.0,0.0
2022-11-10 00:00:00-05:00,13.369999885559082,13.579999923706055,13.239999771118164,13.460000038146973,830100,0.0,0.0
2022-11-11 00:00:00-05:00,13.479999542236328,13.899999618530273,13.380000114440918,13.59000015258789,780400,0.0,0.0
2022-11-14 00:00:00-05:00,13.649999618530273,13.899999618530273,13.479999542236328,13.539999961853027,799100,0.0,0.0
2022-11-15 00:00:00-05:00,13.829999923706055,14.34000015258789,13.789999961853027,13.949999809265137,843100,0.0,0.0
2022-11-16 00:00:00-05:00,14.010000228881836,14.109999656677246,13.645000457763672,13.670000076293945,1003500,0.0,0.0
2022-11-17 00:00:00-05:00,13.350000381469727,13.850000381469727,13.100000381469727,13.300000190734863,707800,0.0,0.0
2022-11-18 00:00:00-05:00,13.729999542236328,13.880000114440918,13.220000267028809,13.239999771118164,698000,0.0,0.0
2022-11-21 00:00:00-05:00,13.15999984741211,13.319999694824219,12.949999809265137,13.239999771118164,706300,0.0,0.0
2022-11-22 00:00:00-05:00,13.25,13.25,12.960000038146973,13.069999694824219,575100,0.0,0.0
2022-11-23 00:00:00-05:00,13.039999961853027,13.385000228881836,13.039999961853027,13.229999542236328,499000,0.0,0.0
2022-11-25 00:00:00-05:00,13.229999542236328,13.569999694824219,13.199999809265137,13.460000038146973,314000,0.0,0.0
2022-11-28 00:00:00-05:00,13.289999961853027,13.479999542236328,12.875,12.899999618530273,572800,0.0,0.0
2022-11-29 00:00:00-05:00,12.890000343322754,13.045000076293945,12.84000015258789,12.930000305175781,644100,0.0,0.0
2022-11-30 00:00:00-05:00,12.90999984741211,13.039999961853027,12.550000190734863,13.039999961853027,679200,0.0,0.0
2022-12-01 00:00:00-05:00,13.039999961853027,13.170000076293945,12.920000076293945,12.9399995803833,505100,0.0,0.0
2022-12-02 00:00:00-05:00,12.75,13.0600004196167,12.710000038146973,13.029999732971191,483900,0.0,0.0
2022-12-05 00:00:00-05:00,13.010000228881836,13.25,12.869999885559082,13.0600004196167,540000,0.0,0.0
2022-12-06 00:00:00-05:00,13.149999618530273,13.151000022888184,12.760000228881836,12.890000343322754,431300,0.0,0.0
2022-12-07 00:00:00-05:00,12.819999694824219,12.84000015258789,12.175000190734863,12.239999771118164,1195400,0.0,0.0
2022-12-08 00:00:00-05:00,12.329999923706055,12.460000038146973,12.175000190734863,12.34000015258789,446500,0.0,0.0
2022-12-09 00:00:00-05:00,12.1899995803833,12.449999809265137,12.041999816894531,12.380000114440918,1041500,0.0,0.0
2022-12-12 00:00:00-05:00,12.399999618530273,12.654999732971191,12.239999771118164,12.649999618530273,657500,0.0,0.0
2022-12-13 00:00:00-05:00,13.069999694824219,13.074999809265137,12.100000381469727,12.210000038146973,648700,0.0,0.0
2022-12-14 00:00:00-05:00,12.329999923706055,12.420000076293945,11.824999809265137,11.989999771118164,631500,0.0,0.0
2022-12-15 00:00:00-05:00,11.850000381469727,11.979999542236328,11.555000305175781,11.699999809265137,436800,0.0,0.0
2022-12-16 00:00:00-05:00,11.550000190734863,11.699999809265137,11.350000381469727,11.390000343322754,570000,0.0,0.0
2022-12-19 00:00:00-05:00,11.449999809265137,11.449999809265137,11.069999694824219,11.069999694824219,371200,0.0,0.0
2022-12-20 00:00:00-05:00,11.020000457763672,11.149999618530273,10.765000343322754,10.899999618530273,885400,0.0,0.0
2022-12-21 00:00:00-05:00,11.050000190734863,11.21500015258789,10.829999923706055,10.899999618530273,703200,0.0,0.0
2022-12-22 00:00:00-05:00,10.800000190734863,10.800000190734863,10.420000076293945,10.6899995803833,450100,0.0,0.0
2022-12-23 00:00:00-05:00,10.65999984741211,10.725000381469727,10.335000038146973,10.449999809265137,494100,0.0,0.0
2022-12-27 00:00:00-05:00,10.289999961853027,10.350000381469727,10.020000457763672,10.220000267028809,476900,0.0,0.0
2022-12-28 00:00:00-05:00,10.199999809265137,10.229999542236328,9.90999984741211,9.930000305175781,414300,0.0,0.0
2022-12-29 00:00:00-05:00,10.029999732971191,10.260000228881836,9.9399995803833,10.199999809265137,609600,0.0,0.0
2022-12-30 00:00:00-05:00,10.069999694824219,10.279999732971191,9.970000267028809,10.270000457763672,421000,0.0,0.0
2023-01-03 00:00:00-05:00,10.460000038146973,10.510000228881836,9.979999542236328,10.100000381469727,704000,0.0,0.0
2023-01-04 00:00:00-05:00,10.25,10.84000015258789,10.229999542236328,10.720000267028809,668900,0.0,0.0
2023-01-05 00:00:00-05:00,10.619999885559082,10.654999732971191,10.34000015258789,10.420000076293945,606200,0.0,0.0
2023-01-06 00:00:00-05:00,10.5600004196167,10.65999984741211,10.234999656677246,10.430000305175781,683300,0.0,0.0
2023-01-09 00:00:00-05:00,10.609999656677246,10.850000381469727,10.489999771118164,10.569999694824219,840200,0.0,0.0
2023-01-10 00:00:00-05:00,10.569999694824219,11.055000305175781,10.569999694824219,11.010000228881836,457400,0.0,0.0
2023-01-11 00:00:00-05:00,11.069999694824219,11.449999809265137,11.039999961853027,11.40999984741211,686700,0.0,0.0
2023-01-12 00:00:00-05:00,11.630000114440918,12.114999771118164,11.430000305175781,12.069999694824219,797700,0.0,0.0
2023-01-13 00:00:00-05:00,11.680000305175781,12.289999961853027,11.510000228881836,12.239999771118164,513500,0.0,0.0
2023-01-17 00:00:00-05:00,12.229999542236328,12.272000312805176,11.9350004196167,12.149999618530273,515900,0.0,0.0
2023-01-18 00:00:00-05:00,12.449999809265137,12.5600004196167,11.989999771118164,12.020000457763672,551200,0.0,0.0
2023-01-19 00:00:00-05:00,11.890000343322754,11.989999771118164,11.710000038146973,11.90999984741211,377200,0.0,0.0
2023-01-20 00:00:00-05:00,12.020000457763672,12.25,11.8100004196167,12.180000305175781,525600,0.0,0.0
2023-01-23 00:00:00-05:00,12.260000228881836,12.3100004196167,12.069999694824219,12.25,441600,0.0,0.0
2023-01-24 00:00:00-05:00,12.239999771118164,12.609999656677246,12.199999809265137,12.529999732971191,438400,0.0,0.0
2023-01-25 00:00:00-05:00,12.479999542236328,12.529999732971191,12.104999542236328,12.380000114440918,356600,0.0,0.0
2023-01-26 00:00:00-05:00,12.4399995803833,12.510000228881836,12.149999618530273,12.380000114440918,439900,0.0,0.0
2023-01-27 00:00:00-05:00,12.3100004196167,12.4399995803833,12.204999923706055,12.25,313400,0.0,0.0
2023-01-30 00:00:00-05:00,12.119999885559082,12.380000114440918,12.010000228881836,12.239999771118164,334700,0.0,0.0
2023-01-31 00:00:00-05:00,12.319999694824219,12.619999885559082,12.260000228881836,12.579999923706055,344400,0.0,0.0
2023-02-01 00:00:00-05:00,12.489999771118164,12.925000190734863,12.380000114440918,12.8100004196167,572900,0.0,0.0
2023-02-02 00:00:00-05:00,12.90999984741211,13.800000190734863,12.861000061035156,13.5,888500,0.0,0.0
2023-02-03 00:00:00-05:00,13.25,14.095000267028809,13.239999771118164,13.760000228881836,826100,0.0,0.0
2023-02-06 00:00:00-05:00,13.569999694824219,13.84000015258789,13.449999809265137,13.75,638500,0.0,0.0
2023-02-07 00:00:00-05:00,13.65999984741211,13.899999618530273,13.350000381469727,13.630000114440918,609700,0.0,0.0
2023-02-08 00:00:00-05:00,13.539999961853027,14.029999732971191,13.520000457763672,13.600000381469727,772100,0.0,0.0
2023-02-09 00:00:00-05:00,12.779999732971191,13.149999618530273,10.920000076293945,11.579999923706055,4002100,0.0,0.0
2023-02-10 00:00:00-05:00,11.420000076293945,11.859999656677246,11.350000381469727,11.600000381469727,2187400,0.0,0.0
2023-02-13 00:00:00-05:00,11.579999923706055,11.819999694824219,11.289999961853027,11.380000114440918,1809000,0.0,0.0
2023-02-14 00:00:00-05:00,11.3100004196167,11.845000267028809,11.229999542236328,11.699999809265137,1239500,0.0,0.0
2023-02-15 00:00:00-05:00,11.319999694824219,11.670000076293945,11.300000190734863,11.470000267028809,1420000,0.0,0.0
2023-02-16 00:00:00-05:00,11.359999656677246,11.46500015258789,11.154999732971191,11.1899995803833,887800,0.0,0.0
2023-02-17 00:00:00-05:00,11.140000343322754,11.300000190734863,11.010000228881836,11.180000305175781,775700,0.0,0.0
2023-02-21 00:00:00-05:00,11.020000457763672,11.074999809265137,10.84000015258789,10.920000076293945,1004200,0.0,0.0
2023-02-22 00:00:00-05:00,10.880000114440918,10.970000267028809,10.531999588012695,10.899999618530273,1210300,0.0,0.0
2023-02-23 00:00:00-05:00,10.960000038146973,11.140000343322754,10.765000343322754,10.960000038146973,793800,0.0,0.0
2023-02-24 00:00:00-05:00,10.75,11.119999885559082,10.640000343322754,11.109999656677246,948100,0.0,0.0
2023-02-27 00:00:00-05:00,11.199999809265137,11.468000411987305,10.569999694824219,11.239999771118164,3045900,0.0,0.0
2023-02-28 00:00:00-05:00,11.220000267028809,11.899999618530273,11.16100025177002,11.760000228881836,1816600,0.0,0.0
2023-03-01 00:00:00-05:00,11.770000457763672,11.850000381469727,11.194999694824219,11.289999961853027,1599200,0.0,0.0
2023-03-02 00:00:00-05:00,11.170000076293945,11.390000343322754,10.914999961853027,11.369999885559082,1059000,0.0,0.0
2023-03-03 00:00:00-05:00,11.510000228881836,11.720000267028809,11.460000038146973,11.579999923706055,794700,0.0,0.0
2023-03-06 00:00:00-05:00,11.739999771118164,11.859999656677246,11.460000038146973,11.470000267028809,1112300,0.0,0.0
2023-03-07 00:00:00-05:00,11.539999961853027,11.805000305175781,11.430000305175781,11.770000457763672,952800,0.0,0.0
2023-03-08 00:00:00-05:00,11.800000190734863,11.84000015258789,11.220000267028809,11.75,2220900,0.0,0.0
2023-03-09 00:00:00-05:00,11.75,11.800000190734863,11.130000114440918,11.140000343322754,1141800,0.0,0.0
2023-03-10 00:00:00-05:00,11.15999984741211,11.220000267028809,10.539999961853027,10.65999984741211,6853800,0.0,0.0
2023-03-13 00:00:00-04:00,10.520000457763672,10.550000190734863,10.1850004196167,10.399999618530273,1709300,0.0,0.0
2023-03-14 00:00:00-04:00,10.529999732971191,10.569999694824219,9.805000305175781,9.890000343322754,1552200,0.0,0.0
2023-03-15 00:00:00-04:00,9.59000015258789,9.59000015258789,9.0,9.15999984741211,2175400,0.0,0.0
2023-03-16 00:00:00-04:00,8.979999542236328,9.475000381469727,8.9399995803833,9.380000114440918,1441600,0.0,0.0
2023-03-17 00:00:00-04:00,9.239999771118164,9.465999603271484,9.03499984741211,9.109999656677246,2634700,0.0,0.0
2023-03-20 00:00:00-04:00,9.100000381469727,9.270000457763672,9.0649995803833,9.100000381469727,1090800,0.0,0.0
2023-03-21 00:00:00-04:00,9.329999923706055,9.489999771118164,9.255000114440918,9.380000114440918,910600,0.0,0.0
2023-03-22 00:00:00-04:00,9.420000076293945,9.420000076293945,9.029999732971191,9.050000190734863,1007600,0.0,0.0
2023-03-23 00:00:00-04:00,9.140000343322754,9.15999984741211,8.739999771118164,8.850000381469727,1068600,0.0,0.0
2023-03-24 00:00:00-04:00,8.75,8.75,8.390000343322754,8.65999984741211,1392700,0.0,0.0
2023-03-27 00:00:00-04:00,8.789999961853027,8.826000213623047,8.652000427246094,8.779999732971191,933600,0.0,0.0
2023-03-28 00:00:00-04:00,8.760000228881836,9.039999961853027,8.739999771118164,8.979999542236328,1908100,0.0,0.0
2023-03-29 00:00:00-04:00,9.25,9.420000076293945,9.210000038146973,9.380000114440918,1598900,0.0,0.0
2023-03-30 00:00:00-04:00,9.550000190734863,9.720000267028809,9.40999984741211,9.420000076293945,1338200,0.0,0.0
2023-03-31 00:00:00-04:00,9.520000457763672,9.850000381469727,9.489999771118164,9.84000015258789,886600,0.0,0.0
2023-04-03 00:00:00-04:00,9.6899995803833,9.760000228881836,9.369999885559082,9.579999923706055,1042600,0.0,0.0
2023-04-04 00:00:00-04:00,9.630000114440918,9.654999732971191,9.401000022888184,9.59000015258789,718100,0.0,0.0
2023-04-05 00:00:00-04:00,9.520000457763672,9.585000038146973,9.222999572753906,9.460000038146973,1354700,0.0,0.0
2023-04-06 00:00:00-04:00,9.539999961853027,9.5600004196167,9.3149995803833,9.470000267028809,2037700,0.0,0.0
2023-04-10 00:00:00-04:00,9.460000038146973,9.850000381469727,9.460000038146973,9.75,1597600,0.0,0.0
2023-04-11 00:00:00-04:00,9.789999961853027,10.069999694824219,9.699999809265137,9.800000190734863,960200,0.0,0.0
2023-04-12 00:00:00-04:00,9.850000381469727,9.869999885559082,9.270000457763672,9.489999771118164,906500,0.0,0.0
2023-04-13 00:00:00-04:00,9.579999923706055,9.609999656677246,9.300000190734863,9.489999771118164,682800,0.0,0.0
2023-04-14 00:00:00-04:00,9.470000267028809,9.479999542236328,9.180000305175781,9.25,632700,0.0,0.0
2023-04-17 00:00:00-04:00,9.3100004196167,9.494999885559082,9.260000228881836,9.470000267028809,539600,0.0,0.0
2023-04-18 00:00:00-04:00,9.59000015258789,9.59000015258789,9.378999710083008,9.5,546300,0.0,0.0
2023-04-19 00:00:00-04:00,9.40999984741211,9.770000457763672,9.324999809265137,9.680000305175781,809900,0.0,0.0
2023-04-20 00:00:00-04:00,9.550000190734863,9.789999961853027,9.470000267028809,9.579999923706055,653700,0.0,0.0
2023-04-21 00:00:00-04:00,9.5600004196167,9.609999656677246,9.420000076293945,9.5,522100,0.0,0.0
2023-04-24 00:00:00-04:00,9.529999732971191,9.619999885559082,9.3100004196167,9.390000343322754,474200,0.0,0.0
2023-04-25 00:00:00-04:00,9.260000228881836,9.350000381469727,9.050000190734863,9.069999694824219,681100,0.0,0.0
2023-04-26 00:00:00-04:00,9.0600004196167,9.25,8.880000114440918,8.899999618530273,688400,0.0,0.0
2023-04-27 00:00:00-04:00,8.90999984741211,9.045000076293945,8.869999885559082,8.989999771118164,916200,0.0,0.0
2023-04-28 00:00:00-04:00,9.0,9.569999694824219,9.0,9.489999771118164,1034500,0.0,0.0
2023-05-01 00:00:00-04:00,9.40999984741211,9.609999656677246,9.260000228881836,9.600000381469727,1196800,0.0,0.0
2023-05-02 00:00:00-04:00,9.59000015258789,9.600000381469727,9.149999618530273,9.369999885559082,1765400,0.0,0.0
2023-05-03 00:00:00-04:00,9.350000381469727,9.845000267028809,9.300000190734863,9.539999961853027,1303900,0.0,0.0
2023-05-04 00:00:00-04:00,8.84000015258789,8.850000381469727,7.610000133514404,7.650000095367432,4164900,0.0,0.0
2023-05-05 00:00:00-04:00,7.78000020980835,8.244999885559082,7.75,8.09000015258789,1619900,0.0,0.0
2023-05-08 00:00:00-04:00,7.849999904632568,8.220000267028809,7.820000171661377,8.100000381469727,1428400,0.0,0.0
2023-05-09 00:00:00-04:00,8.0600004196167,8.194999694824219,7.875,8.149999618530273,961700,0.0,0.0
2023-05-10 00:00:00-04:00,8.25,8.25,7.820000171661377,8.0,1316100,0.0,0.0
2023-05-11 00:00:00-04:00,7.889999866485596,7.960000038146973,7.78000020980835,7.929999828338623,812400,0.0,0.0
2023-05-12 00:00:00-04:00,7.940000057220459,8.050000190734863,7.784999847412109,7.809999942779541,736100,0.0,0.0
2023-05-15 00:00:00-04:00,7.840000152587891,8.0600004196167,7.760000228881836,8.029999732971191,903800,0.0,0.0
2023-05-16 00:00:00-04:00,8.010000228881836,8.052000045776367,7.78000020980835,7.789999961853027,844100,0.0,0.0
2023-05-17 00:00:00-04:00,7.880000114440918,8.319999694824219,7.869999885559082,8.1899995803833,1122000,0.0,0.0
2023-05-18 00:00:00-04:00,8.15999984741211,8.229999542236328,7.960000038146973,8.039999961853027,1351400,0.0,0.0
2023-05-19 00:00:00-04:00,8.109999656677246,8.109999656677246,7.820000171661377,7.880000114440918,1215600,0.0,0.0
2023-05-22 00:00:00-04:00,7.909999847412109,7.980000019073486,7.739999771118164,7.920000076293945,1364200,0.0,0.0
2023-05-23 00:00:00-04:00,7.920000076293945,8.260000228881836,7.909999847412109,7.960000038146973,993200,0.0,0.0
2023-05-24 00:00:00-04:00,7.909999847412109,7.949999809265137,7.755000114440918,7.880000114440918,1089600,0.0,0.0
2023-05-25 00:00:00-04:00,7.909999847412109,8.109999656677246,7.764999866485596,7.900000095367432,1298200,0.0,0.0
2023-05-26 00:00:00-04:00,7.96999979019165,8.40999984741211,7.96999979019165,8.199999809265137,2052700,0.0,0.0
2023-05-30 00:00:00-04:00,8.279999732971191,8.40999984741211,8.109999656677246,8.229999542236328,1267700,0.0,0.0
2023-05-31 00:00:00-04:00,8.319999694824219,8.449999809265137,8.149999618530273,8.229999542236328,1559100,0.0,0.0
2023-06-01 00:00:00-04:00,8.239999771118164,8.46500015258789,8.220000267028809,8.270000457763672,1260000,0.0,0.0
2023-06-02 00:00:00-04:00,8.539999961853027,9.270000457763672,8.470000267028809,9.140000343322754,4081100,0.0,0.0
2023-06-05 00:00:00-04:00,9.15999984741211,9.175000190734863,8.880000114440918,9.020000457763672,1056500,0.0,0.0
2023-06-06 00:00:00-04:00,8.960000038146973,9.425000190734863,8.930000305175781,9.319999694824219,918400,0.0,0.0
2023-06-07 00:00:00-04:00,9.359999656677246,9.539999961853027,9.15999984741211,9.239999771118164,1182300,0.0,0.0
2023-06-08 00:00:00-04:00,9.239999771118164,9.350000381469727,9.109999656677246,9.180000305175781,1323200,0.0,0.0
2023-06-09 00:00:00-04:00,9.229999542236328,9.520000457763672,9.130000114440918,9.359999656677246,12780900,0.0,0.0
2023-06-12 00:00:00-04:00,9.420000076293945,9.718999862670898,9.390000343322754,9.40999984741211,1638300,0.0,0.0
2023-06-13 00:00:00-04:00,9.40999984741211,9.949999809265137,9.40999984741211,9.84000015258789,1380400,0.0,0.0
2023-06-14 00:00:00-04:00,9.850000381469727,10.220000267028809,9.739999771118164,9.880000114440918,1763200,0.0,0.0
2023-06-15 00:00:00-04:00,9.800000190734863,10.0,9.770000457763672,9.819999694824219,1346400,0.0,0.0
2023-06-16 00:00:00-04:00,9.880000114440918,9.9399995803833,9.6899995803833,9.699999809265137,1243900,0.0,0.0
2023-06-20 00:00:00-04:00,9.649999618530273,9.6899995803833,9.479999542236328,9.569999694824219,2065500,0.0,0.0
2023-06-21 00:00:00-04:00,9.539999961853027,9.609999656677246,9.380000114440918,9.449999809265137,1054900,0.0,0.0
2023-06-22 00:00:00-04:00,9.359999656677246,9.390000343322754,9.140000343322754,9.390000343322754,1559700,0.0,0.0
2023-06-23 00:00:00-04:00,9.170000076293945,9.255000114440918,9.069999694824219,9.109999656677246,1473700,0.0,0.0
2023-06-26 00:00:00-04:00,9.119999885559082,9.25,9.010000228881836,9.020000457763672,1019100,0.0,0.0
2023-06-27 00:00:00-04:00,9.0600004196167,9.6850004196167,9.0600004196167,9.569999694824219,1264000,0.0,0.0
2023-06-28 00:00:00-04:00,9.65999984741211,9.720000267028809,9.5,9.59000015258789,753200,0.0,0.0
2023-06-29 00:00:00-04:00,9.579999923706055,9.654999732971191,9.369999885559082,9.390000343322754,1227500,0.0,0.0
2023-06-30 00:00:00-04:00,9.5600004196167,9.75,9.444999694824219,9.670000076293945,984500,0.0,0.0
2023-07-03 00:00:00-04:00,9.670000076293945,9.895000457763672,9.65999984741211,9.829999923706055,797800,0.0,0.0
2023-07-05 00:00:00-04:00,9.75,10.067999839782715,9.65999984741211,9.9399995803833,1095300,0.0,0.0
2023-07-06 00:00:00-04:00,9.819999694824219,9.970000267028809,9.699999809265137,9.9399995803833,932600,0.0,0.0
2023-07-07 00:00:00-04:00,9.979999542236328,10.569999694824219,9.979999542236328,10.319999694824219,1193400,0.0,0.0
2023-07-10 00:00:00-04:00,10.329999923706055,10.539999961853027,10.260000228881836,10.479999542236328,1139200,0.0,0.0
2023-07-11 00:00:00-04:00,10.479999542236328,10.569999694824219,10.350000381469727,10.460000038146973,768700,0.0,0.0
2023-07-12 00:00:00-04:00,10.569999694824219,10.569999694824219,9.970000267028809,10.149999618530273,1743100,0.0,0.0
2023-07-13 00:00:00-04:00,10.399999618530273,10.550000190734863,9.859999656677246,9.869999885559082,1575800,0.0,0.0
2023-07-14 00:00:00-04:00,9.869999885559082,9.90999984741211,9.539999961853027,9.729999542236328,1424300,0.0,0.0
2023-07-17 00:00:00-04:00,9.710000038146973,9.789999961853027,9.539999961853027,9.569999694824219,1027400,0.0,0.0
2023-07-18 00:00:00-04:00,9.569999694824219,9.979999542236328,9.520000457763672,9.930000305175781,1339500,0.0,0.0
2023-07-19 00:00:00-04:00,9.949999809265137,10.265000343322754,9.890000343322754,10.199999809265137,1542900,0.0,0.0
2023-07-20 00:00:00-04:00,10.140000343322754,10.140000343322754,9.729999542236328,9.949999809265137,1616800,0.0,0.0
2023-07-21 00:00:00-04:00,10.010000228881836,10.09000015258789,9.744999885559082,9.920000076293945,1493000,0.0,0.0
2023-07-24 00:00:00-04:00,9.850000381469727,10.010000228881836,9.779999732971191,9.84000015258789,1135200,0.0,0.0
2023-07-25 00:00:00-04:00,9.630000114440918,9.640000343322754,9.1850004196167,9.420000076293945,1925900,0.0,0.0
2023-07-26 00:00:00-04:00,9.479999542236328,9.65999984741211,9.34000015258789,9.5600004196167,1386000,0.0,0.0
2023-07-27 00:00:00-04:00,9.420000076293945,9.420000076293945,9.010000228881836,9.100000381469727,1904500,0.0,0.0
2023-07-28 00:00:00-04:00,9.170000076293945,9.270000457763672,9.09000015258789,9.229999542236328,1296100,0.0,0.0
2023-07-31 00:00:00-04:00,9.25,9.5,9.180000305175781,9.300000190734863,1262200,0.0,0.0
2023-08-01 00:00:00-04:00,9.149999618530273,9.1899995803833,8.84000015258789,8.960000038146973,1969700,0.0,0.0
2023-08-02 00:00:00-04:00,8.84000015258789,8.84000015258789,8.0649995803833,8.399999618530273,4650000,0.0,0.0
2023-08-03 00:00:00-04:00,8.260000228881836,8.34000015258789,8.079999923706055,8.270000457763672,1862900,0.0,0.0
2023-08-04 00:00:00-04:00,8.34000015258789,8.449999809265137,8.039999961853027,8.09000015258789,2268900,0.0,0.0
2023-08-07 00:00:00-04:00,8.039999961853027,8.199999809265137,7.849999904632568,7.900000095367432,2298200,0.0,0.0
2023-08-08 00:00:00-04:00,7.75,7.835000038146973,7.53000020980835,7.78000020980835,2089900,0.0,0.0
2023-08-09 00:00:00-04:00,7.710000038146973,7.724999904632568,7.46999979019165,7.519999980926514,1817000,0.0,0.0
2023-08-10 00:00:00-04:00,7.590000152587891,7.659999847412109,7.513000011444092,7.579999923706055,1192300,0.0,0.0
2023-08-11 00:00:00-04:00,7.550000190734863,7.550000190734863,7.335000038146973,7.369999885559082,1483400,0.0,0.0
2023-08-14 00:00:00-04:00,7.320000171661377,7.320000171661377,7.150000095367432,7.239999771118164,1674000,0.0,0.0
2023-08-15 00:00:00-04:00,7.159999847412109,7.230000019073486,7.010000228881836,7.110000133514404,2145300,0.0,0.0
2023-08-16 00:00:00-04:00,7.119999885559082,7.25,7.025000095367432,7.039999961853027,1383400,0.0,0.0
2023-08-17 00:00:00-04:00,7.039999961853027,7.099999904632568,6.960000038146973,6.989999771118164,1639000,0.0,0.0
2023-08-18 00:00:00-04:00,6.949999809265137,6.980000019073486,6.840000152587891,6.909999847412109,1617800,0.0,0.0
2023-08-21 00:00:00-04:00,6.920000076293945,6.945000171661377,6.820000171661377,6.829999923706055,1940200,0.0,0.0
2023-08-22 00:00:00-04:00,6.849999904632568,6.920000076293945,6.65500020980835,6.730000019073486,1901900,0.0,0.0
2023-08-23 00:00:00-04:00,6.730000019073486,6.929999828338623,6.650000095367432,6.920000076293945,2016600,0.0,0.0
2023-08-24 00:00:00-04:00,6.889999866485596,7.070000171661377,6.599999904632568,6.650000095367432,1905800,0.0,0.0
2023-08-25 00:00:00-04:00,6.670000076293945,6.690000057220459,6.5,6.570000171661377,1724200,0.0,0.0
2023-08-28 00:00:00-04:00,6.650000095367432,6.736000061035156,6.5289998054504395,6.579999923706055,1729400,0.0,0.0
2023-08-29 00:00:00-04:00,6.570000171661377,6.735000133514404,6.480000019073486,6.679999828338623,1767400,0.0,0.0
2023-08-30 00:00:00-04:00,6.679999828338623,6.679999828338623,6.449999809265137,6.460000038146973,1679500,0.0,0.0
2023-08-31 00:00:00-04:00,6.5,6.519999980926514,6.275000095367432,6.28000020980835,2703900,0.0,0.0
2023-09-01 00:00:00-04:00,6.340000152587891,6.414999961853027,6.244999885559082,6.300000190734863,2461900,0.0,0.0
2023-09-05 00:00:00-04:00,6.260000228881836,6.380000114440918,6.105000019073486,6.349999904632568,2291600,0.0,0.0
2023-09-06 00:00:00-04:00,6.309999942779541,6.414999961853027,6.150000095367432,6.159999847412109,2077800,0.0,0.0
2023-09-07 00:00:00-04:00,6.099999904632568,6.210000038146973,6.059999942779541,6.110000133514404,1677800,0.0,0.0
2023-09-08 00:00:00-04:00,6.110000133514404,6.120999813079834,5.885000228881836,5.989999771118164,5223000,0.0,0.0
2023-09-11 00:00:00-04:00,6.03000020980835,6.230000019073486,5.809999942779541,6.179999828338623,3527600,0.0,0.0
2023-09-12 00:00:00-04:00,6.179999828338623,6.260000228881836,6.09499979019165,6.159999847412109,1419000,0.0,0.0
2023-09-13 00:00:00-04:00,5.679999828338623,5.735000133514404,5.514999866485596,5.59499979019165,4515500,0.0,0.0
2023-09-14 00:00:00-04:00,5.590000152587891,5.610000133514404,5.309999942779541,5.565000057220459,3253200,0.0,0.0
2023-09-15 00:00:00-04:00,5.519999980926514,5.610000133514404,5.420000076293945,5.539999961853027,3611000,0.0,0.0
2023-09-18 00:00:00-04:00,5.389999866485596,5.400000095367432,5.135000228881836,5.150000095367432,3885100,0.0,0.0
2023-09-19 00:00:00-04:00,5.130000114440918,5.235000133514404,4.960000038146973,4.96999979019165,3175400,0.0,0.0
2023-09-20 00:00:00-04:00,4.980000019073486,5.0289998054504395,4.78000020980835,4.800000190734863,2679700,0.0,0.0
2023-09-21 00:00:00-04:00,4.579999923706055,4.920000076293945,4.559999942779541,4.840000152587891,3253400,0.0,0.0
2023-09-22 00:00:00-04:00,4.829999923706055,4.855000019073486,4.590000152587891,4.690000057220459,2947600,0.0,0.0
2023-09-25 00:00:00-04:00,4.630000114440918,4.789999961853027,4.554999828338623,4.760000228881836,2703200,0.0,0.0
2023-09-26 00:00:00-04:00,4.710000038146973,4.84499979019165,4.635000228881836,4.679999828338623,1767700,0.0,0.0
2023-09-27 00:00:00-04:00,4.690000057220459,4.760000228881836,4.590000152587891,4.659999847412109,1958300,0.0,0.0
2023-09-28 00:00:00-04:00,4.659999847412109,4.919000148773193,4.610000133514404,4.829999923706055,2589100,0.0,0.0
2023-09-29 00:00:00-04:00,4.869999885559082,4.940000057220459,4.800000190734863,4.840000152587891,2078200,0.0,0.0
2023-10-02 00:00:00-04:00,4.829999923706055,4.849999904632568,4.519999980926514,4.570000171661377,2469100,0.0,0.0
2023-10-03 00:00:00-04:00,4.519999980926514,4.630000114440918,4.480000019073486,4.53000020980835,2495700,0.0,0.0
2023-10-04 00:00:00-04:00,4.570000171661377,4.730000019073486,4.489999771118164,4.699999809265137,1881900,0.0,0.0
2023-10-05 00:00:00-04:00,4.670000076293945,4.735000133514404,4.574999809265137,4.710000038146973,1759800,0.0,0.0
2023-10-06 00:00:00-04:00,4.630000114440918,4.809999942779541,4.599999904632568,4.71999979019165,1215000,0.0,0.0
2023-10-09 00:00:00-04:00,4.590000152587891,4.614999771118164,4.414999961853027,4.610000133514404,1432600,0.0,0.0
2023-10-10 00:00:00-04:00,4.690000057220459,4.909999847412109,4.690000057220459,4.769999980926514,2097200,0.0,0.0
2023-10-11 00:00:00-04:00,4.75,4.940000057220459,4.639999866485596,4.699999809265137,1292000,0.0,0.0
2023-10-12 00:00:00-04:00,4.739999771118164,4.789999961853027,4.539999961853027,4.670000076293945,2228000,0.0,0.0
2023-10-13 00:00:00-04:00,4.650000095367432,4.679999828338623,4.269999980926514,4.46999979019165,3497900,0.0,0.0
2023-10-16 00:00:00-04:00,4.46999979019165,4.650000095367432,4.422999858856201,4.630000114440918,2014600,0.0,0.0
2023-10-17 00:00:00-04:00,4.610000133514404,4.670000076293945,4.480999946594238,4.53000020980835,1640100,0.0,0.0
2023-10-18 00:00:00-04:00,4.440000057220459,4.440000057220459,4.239999771118164,4.349999904632568,2599900,0.0,0.0
2023-10-19 00:00:00-04:00,4.349999904632568,4.454999923706055,4.270999908447266,4.289999961853027,1849900,0.0,0.0
2023-10-20 00:00:00-04:00,4.28000020980835,4.349999904632568,4.230000019073486,4.230000019073486,2118900,0.0,0.0
2023-10-23 00:00:00-04:00,4.210000038146973,4.260000228881836,4.090000152587891,4.099999904632568,2964800,0.0,0.0
2023-10-24 00:00:00-04:00,4.150000095367432,4.190000057220459,3.8399999141693115,3.890000104904175,3071200,0.0,0.0
2023-10-25 00:00:00-04:00,3.869999885559082,3.940000057220459,3.819999933242798,3.8399999141693115,2661200,0.0,0.0
2023-10-26 00:00:00-04:00,3.9000000953674316,4.2179999351501465,3.8350000381469727,4.190000057220459,3026900,0.0,0.0
2023-10-27 00:00:00-04:00,4.0,4.119999885559082,3.7699999809265137,3.799999952316284,2857400,0.0,0.0
2023-10-30 00:00:00-04:00,3.809999942779541,3.8499999046325684,3.6500000953674316,3.6549999713897705,2141200,0.0,0.0
2023-10-31 00:00:00-04:00,3.6500000953674316,3.6500000953674316,3.390000104904175,3.390000104904175,2281900,0.0,0.0
2023-11-01 00:00:00-04:00,3.380000114440918,3.390000104904175,3.190000057220459,3.2300000190734863,2381400,0.0,0.0
2023-11-02 00:00:00-04:00,3.309999942779541,3.6700000762939453,3.299999952316284,3.640000104904175,2970600,0.0,0.0
2023-11-03 00:00:00-04:00,3.759999990463257,4.03000020980835,3.759999990463257,3.9200000762939453,2441200,0.0,0.0
2023-11-06 00:00:00-05:00,4.0,4.010000228881836,3.5399999618530273,3.6600000858306885,1657200,0.0,0.0
2023-11-07 00:00:00-05:00,3.640000104904175,3.6559998989105225,3.4700000286102295,3.559999942779541,1795900,0.0,0.0
2023-11-08 00:00:00-05:00,3.5799999237060547,3.819999933242798,3.569999933242798,3.75,1663200,0.0,0.0
2023-11-09 00:00:00-05:00,3.759999990463257,3.7799999713897705,3.430000066757202,3.4700000286102295,2050000,0.0,0.0
2023-11-10 00:00:00-05:00,3.4800000190734863,3.6500000953674316,3.4000000953674316,3.630000114440918,2195100,0.0,0.0
2023-11-13 00:00:00-05:00,3.5999999046325684,3.690000057220459,3.450000047683716,3.4800000190734863,1801700,0.0,0.0
2023-11-14 00:00:00-05:00,3.640000104904175,4.010000228881836,3.619999885559082,3.990000009536743,2822400,0.0,0.0
2023-11-15 00:00:00-05:00,4.010000228881836,4.389999866485596,4.010000228881836,4.110000133514404,2180700,0.0,0.0
2023-11-16 00:00:00-05:00,4.099999904632568,4.130000114440918,3.799999952316284,3.8299999237060547,1567000,0.0,0.0
2023-11-17 00:00:00-05:00,3.890000104904175,4.324999809265137,3.799999952316284,4.239999771118164,3586700,0.0,0.0
2023-11-20 00:00:00-05:00,4.179999828338623,4.21999979019165,3.890000104904175,3.9600000381469727,3847200,0.0,0.0
2023-11-21 00:00:00-05:00,3.940000057220459,3.990000009536743,3.740000009536743,3.8499999046325684,2135900,0.0,0.0
2023-11-22 00:00:00-05:00,3.890000104904175,4.179999828338623,3.875,3.9000000953674316,2750000,0.0,0.0
2023-11-24 00:00:00-05:00,3.930000066757202,4.077000141143799,3.9049999713897705,4.039999961853027,1134300,0.0,0.0
2023-11-27 00:00:00-05:00,4.010000228881836,4.019999980926514,3.815000057220459,3.859999895095825,2824100,0.0,0.0
2023-11-28 00:00:00-05:00,3.759999990463257,3.9600000381469727,3.740000009536743,3.940000057220459,1564300,0.0,0.0
2023-11-29 00:00:00-05:00,3.9700000286102295,4.239999771118164,3.9700000286102295,4.039999961853027,1617800,0.0,0.0
2023-11-30 00:00:00-05:00,4.070000171661377,4.105000019073486,3.86899995803833,3.9100000858306885,1987900,0.0,0.0
2023-12-01 00:00:00-05:00,3.890000104904175,4.184999942779541,3.890000104904175,4.159999847412109,2579700,0.0,0.0
2023-12-04 00:00:00-05:00,4.300000190734863,4.510000228881836,4.190000057220459,4.429999828338623,3196100,0.0,0.0
2023-12-05 00:00:00-05:00,4.349999904632568,4.409999847412109,4.170000076293945,4.25,2016500,0.0,0.0
2023-12-06 00:00:00-05:00,4.300000190734863,4.71999979019165,4.300000190734863,4.53000020980835,3075700,0.0,0.0
2023-12-07 00:00:00-05:00,4.650000095367432,5.0,4.625,4.809999942779541,4227200,0.0,0.0
2023-12-08 00:00:00-05:00,4.809999942779541,4.809999942779541,4.519999980926514,4.71999979019165,7764200,0.0,0.0
2023-12-11 00:00:00-05:00,4.71999979019165,4.909999847412109,4.579999923706055,4.739999771118164,2931000,0.0,0.0
2023-12-12 00:00:00-05:00,4.690000057220459,4.690000057220459,4.505000114440918,4.619999885559082,3375500,0.0,0.0
2023-12-13 00:00:00-05:00,4.619999885559082,5.014999866485596,4.425000190734863,5.010000228881836,3811800,0.0,0.0
2023-12-14 00:00:00-05:00,5.110000133514404,5.460000038146973,5.099999904632568,5.150000095367432,5576000,0.0,0.0
2023-12-15 00:00:00-05:00,5.210000038146973,5.210000038146973,4.989999771118164,5.079999923706055,3427200,0.0,0.0
2023-12-18 00:00:00-05:00,5.099999904632568,5.179999828338623,5.0,5.119999885559082,1981600,0.0,0.0
2023-12-19 00:00:00-05:00,5.199999809265137,5.309999942779541,5.139999866485596,5.179999828338623,1741700,0.0,0.0
2023-12-20 00:00:00-05:00,5.139999866485596,5.360000133514404,5.050000190734863,5.119999885559082,2967800,0.0,0.0
2023-12-21 00:00:00-05:00,5.21999979019165,5.440000057220459,5.21999979019165,5.420000076293945,2017600,0.0,0.0
2023-12-22 00:00:00-05:00,5.440000057220459,5.625,5.360000133514404,5.619999885559082,1555100,0.0,0.0
2023-12-26 00:00:00-05:00,5.610000133514404,5.690000057220459,5.550000190734863,5.619999885559082,1870900,0.0,0.0
2023-12-27 00:00:00-05:00,5.650000095367432,5.710000038146973,5.46999979019165,5.5,1861500,0.0,0.0
2023-12-28 00:00:00-05:00,5.429999828338623,5.860000133514404,5.429999828338623,5.619999885559082,2480600,0.0,0.0
2023-12-29 00:00:00-05:00,5.619999885559082,5.619999885559082,5.389999866485596,5.460000038146973,2421000,0.0,0.0
2024-01-02 00:00:00-05:00,5.349999904632568,5.449999809265137,5.125,5.309999942779541,2617600,0.0,0.0
2024-01-03 00:00:00-05:00,5.139999866485596,5.15500020980835,4.829999923706055,4.849999904632568,3460100,0.0,0.0
2024-01-04 00:00:00-05:00,4.900000095367432,5.170000076293945,4.789999961853027,5.03000020980835,2644900,0.0,0.0
2024-01-05 00:00:00-05:00,4.960000038146973,5.210000038146973,4.960000038146973,5.059999942779541,2107700,0.0,0.0
2024-01-08 00:00:00-05:00,5.0,5.385000228881836,4.960000038146973,5.230000019073486,2531200,0.0,0.0
2024-01-09 00:00:00-05:00,5.050000190734863,5.199999809265137,5.03000020980835,5.139999866485596,2473400,0.0,0.0
2024-01-10 00:00:00-05:00,5.170000076293945,5.304999828338623,5.059999942779541,5.199999809265137,2339100,0.0,0.0
2024-01-11 00:00:00-05:00,5.199999809265137,5.380000114440918,5.139999866485596,5.25,2232500,0.0,0.0
2024-01-12 00:00:00-05:00,5.150000095367432,5.199999809265137,4.710000038146973,4.71999979019165,2786400,0.0,0.0
2024-01-16 00:00:00-05:00,4.710000038146973,4.730000019073486,4.449999809265137,4.590000152587891,3405100,0.0,0.0
2024-01-17 00:00:00-05:00,4.440000057220459,4.494999885559082,4.139999866485596,4.139999866485596,2882700,0.0,0.0
2024-01-18 00:00:00-05:00,4.179999828338623,4.699999809265137,4.14900016784668,4.690000057220459,4916700,0.0,0.0
2024-01-19 00:00:00-05:00,4.730000019073486,4.735000133514404,4.340000152587891,4.590000152587891,3628200,0.0,0.0
2024-01-22 00:00:00-05:00,4.679999828338623,4.809999942779541,4.599999904632568,4.71999979019165,2568700,0.0,0.0
2024-01-23 00:00:00-05:00,4.840000152587891,5.324999809265137,4.840000152587891,5.190000057220459,3374200,0.0,0.0
2024-01-24 00:00:00-05:00,5.349999904632568,5.349999904632568,5.144999980926514,5.21999979019165,1826800,0.0,0.0
2024-01-25 00:00:00-05:00,5.429999828338623,5.656000137329102,5.300000190734863,5.380000114440918,2505400,0.0,0.0
2024-01-26 00:00:00-05:00,5.420000076293945,5.449999809265137,5.199999809265137,5.340000152587891,2648700,0.0,0.0
2024-01-29 00:00:00-05:00,5.340000152587891,5.5,5.139999866485596,5.489999771118164,2181500,0.0,0.0
2024-01-30 00:00:00-05:00,5.369999885559082,5.460000038146973,5.019999980926514,5.03000020980835,2772600,0.0,0.0
2024-01-31 00:00:00-05:00,4.980000019073486,5.130000114440918,4.820000171661377,4.869999885559082,2859400,0.0,0.0
2024-02-01 00:00:00-05:00,4.949999809265137,5.320000171661377,4.820000171661377,5.309999942779541,3220800,0.0,0.0
2024-02-02 00:00:00-05:00,5.260000228881836,5.409999847412109,5.099999904632568,5.400000095367432,2680200,0.0,0.0
2024-02-05 00:00:00-05:00,5.349999904632568,5.425000190734863,5.130000114440918,5.150000095367432,3863000,0.0,0.0
2024-02-06 00:00:00-05:00,5.5,6.389999866485596,5.429999828338623,6.21999979019165,7199200,0.0,0.0
2024-02-07 00:00:00-05:00,6.5,7.170000076293945,6.429999828338623,6.889999866485596,6898800,0.0,0.0
2024-02-08 00:00:00-05:00,6.949999809265137,7.349999904632568,6.820000171661377,7.320000171661377,4100800,0.0,0.0
2024-02-09 00:00:00-05:00,7.420000076293945,7.579999923706055,7.239999771118164,7.570000171661377,3065900,0.0,0.0
2024-02-12 00:00:00-05:00,7.559999942779541,7.96999979019165,7.545000076293945,7.880000114440918,2653300,0.0,0.0
2024-02-13 00:00:00-05:00,7.570000171661377,7.78000020980835,7.21999979019165,7.480000019073486,3211500,0.0,0.0
2024-02-14 00:00:00-05:00,7.690000057220459,7.760000228881836,7.53000020980835,7.639999866485596,2601400,0.0,0.0
2024-02-15 00:00:00-05:00,7.760000228881836,7.829999923706055,7.539999961853027,7.71999979019165,1920800,0.0,0.0
2024-02-16 00:00:00-05:00,7.521999835968018,8.045000076293945,7.4120001792907715,7.980000019073486,2139000,0.0,0.0
2024-02-20 00:00:00-05:00,7.829999923706055,8.029999732971191,7.489999771118164,7.650000095367432,2088200,0.0,0.0
2024-02-21 00:00:00-05:00,7.590000152587891,7.625,7.239999771118164,7.300000190734863,1828000,0.0,0.0
2024-02-22 00:00:00-05:00,7.329999923706055,7.539999961853027,7.248000144958496,7.260000228881836,2164000,0.0,0.0
2024-02-23 00:00:00-05:00,7.210000038146973,7.210000038146973,6.960000038146973,7.099999904632568,1520600,0.0,0.0
2024-02-26 00:00:00-05:00,7.090000152587891,7.260000228881836,6.985000133514404,7.039999961853027,1443800,0.0,0.0
2024-02-27 00:00:00-05:00,7.208000183105469,7.289999961853027,7.059999942779541,7.150000095367432,1366900,0.0,0.0
2024-02-28 00:00:00-05:00,7.010000228881836,7.175000190734863,6.929999828338623,7.039999961853027,1196900,0.0,0.0
2024-02-29 00:00:00-05:00,7.059999942779541,7.179999828338623,6.820000171661377,6.940000057220459,1490500,0.0,0.0
2024-03-01 00:00:00-05:00,6.96999979019165,6.96999979019165,6.757999897003174,6.889999866485596,1252900,0.0,0.0
2024-03-04 00:00:00-05:00,6.900000095367432,7.71999979019165,6.900000095367432,7.650000095367432,3658100,0.0,0.0
2024-03-05 00:00:00-05:00,7.449999809265137,7.989999771118164,7.429999828338623,7.96999979019165,3099900,0.0,0.0
2024-03-06 00:00:00-05:00,8.130000114440918,8.329999923706055,8.005000114440918,8.130000114440918,2637900,0.0,0.0
2024-03-07 00:00:00-05:00,8.140000343322754,8.239999771118164,7.489999771118164,7.510000228881836,2496200,0.0,0.0
2024-03-08 00:00:00-05:00,7.599999904632568,7.736999988555908,7.25,7.380000114440918,5995200,0.0,0.0
2024-03-11 00:00:00-04:00,7.400000095367432,7.614999771118164,7.204999923706055,7.360000133514404,1910800,0.0,0.0
2024-03-12 00:00:00-04:00,7.269999980926514,7.510000228881836,7.099999904632568,7.5,1796700,0.0,0.0
2024-03-13 00:00:00-04:00,7.409999847412109,7.755000114440918,7.369999885559082,7.610000133514404,1342100,0.0,0.0
2024-03-14 00:00:00-04:00,7.590000152587891,7.690000057220459,7.25,7.400000095367432,1150400,0.0,0.0
2024-03-15 00:00:00-04:00,7.400000095367432,7.599999904632568,7.304999828338623,7.449999809265137,1610900,0.0,0.0
2024-03-18 00:00:00-04:00,7.420000076293945,7.435999870300293,7.230000019073486,7.28000020980835,1209300,0.0,0.0
2024-03-19 00:00:00-04:00,7.159999847412109,7.320000171661377,6.949999809265137,7.0,1480300,0.0,0.0
2024-03-20 00:00:00-04:00,6.889999866485596,7.295000076293945,6.71999979019165,7.21999979019165,1199700,0.0,0.0
2024-03-21 00:00:00-04:00,7.25,7.28000020980835,7.019999980926514,7.21999979019165,1182800,0.0,0.0
2024-03-22 00:00:00-04:00,7.190000057220459,7.230000019073486,6.929999828338623,6.940000057220459,1117300,0.0,0.0
2024-03-25 00:00:00-04:00,6.96999979019165,7.900000095367432,6.960000038146973,7.659999847412109,2999700,0.0,0.0
2024-03-26 00:00:00-04:00,7.699999809265137,7.875,7.550000190734863,7.639999866485596,1536900,0.0,0.0
2024-03-27 00:00:00-04:00,7.690000057220459,7.960000038146973,7.570000171661377,7.960000038146973,1097100,0.0,0.0
2024-03-28 00:00:00-04:00,7.980000019073486,8.289999961853027,7.980000019073486,8.109999656677246,1592700,0.0,0.0
2024-04-01 00:00:00-04:00,8.220000267028809,8.220000267028809,7.150000095367432,7.190000057220459,2892200,0.0,0.0
2024-04-02 00:00:00-04:00,7.059999942779541,7.53000020980835,7.010000228881836,7.46999979019165,1961000,0.0,0.0
2024-04-03 00:00:00-04:00,7.369999885559082,7.429999828338623,7.050000190734863,7.150000095367432,1568600,0.0,0.0
2024-04-04 00:00:00-04:00,7.300000190734863,7.590000152587891,7.139999866485596,7.170000076293945,1800900,0.0,0.0
2024-04-05 00:00:00-04:00,7.179999828338623,7.25,7.014999866485596,7.130000114440918,966000,0.0,0.0
2024-04-08 00:00:00-04:00,7.210000038146973,7.519999980926514,7.179999828338623,7.380000114440918,1255900,0.0,0.0
2024-04-09 00:00:00-04:00,7.46999979019165,7.480000019073486,7.284999847412109,7.349999904632568,1118300,0.0,0.0
2024-04-10 00:00:00-04:00,7.239999771118164,7.429999828338623,6.909999847412109,6.940000057220459,1740000,0.0,0.0
2024-04-11 00:00:00-04:00,6.880000114440918,7.159999847412109,6.730000019073486,7.079999923706055,1415300,0.0,0.0
2024-04-12 00:00:00-04:00,6.940000057220459,6.960000038146973,6.599999904632568,6.71999979019165,1520500,0.0,0.0
2024-04-15 00:00:00-04:00,6.71999979019165,6.889999866485596,6.625,6.760000228881836,1285000,0.0,0.0
2024-04-16 00:00:00-04:00,6.670000076293945,6.670000076293945,6.360000133514404,6.5,1373700,0.0,0.0
2024-04-17 00:00:00-04:00,6.690000057220459,7.0,6.690000057220459,6.900000095367432,1365000,0.0,0.0
2024-04-18 00:00:00-04:00,6.949999809265137,7.210000038146973,6.940000057220459,7.010000228881836,1618000,0.0,0.0
2024-04-19 00:00:00-04:00,6.900000095367432,7.110000133514404,6.900000095367432,6.960000038146973,1107500,0.0,0.0
2024-04-22 00:00:00-04:00,7.0,7.114999771118164,6.695000171661377,7.110000133514404,1933200,0.0,0.0
2024-04-23 00:00:00-04:00,6.900000095367432,6.949999809265137,6.699999809265137,6.71999979019165,1569500,0.0,0.0
2024-04-24 00:00:00-04:00,6.690000057220459,6.690000057220459,6.320000171661377,6.360000133514404,1657400,0.0,0.0
2024-04-25 00:00:00-04:00,6.190000057220459,6.260000228881836,5.960000038146973,6.25,1508900,0.0,0.0
2024-04-26 00:00:00-04:00,6.25,6.28000020980835,6.019999980926514,6.119999885559082,1376800,0.0,0.0
2024-04-29 00:00:00-04:00,6.139999866485596,6.250999927520752,6.034999847412109,6.210000038146973,1765900,0.0,0.0
2024-04-30 00:00:00-04:00,6.059999942779541,6.170000076293945,5.980000019073486,6.039999961853027,1353500,0.0,0.0
2024-05-01 00:00:00-04:00,6.019999980926514,6.070000171661377,5.800000190734863,5.840000152587891,2179900,0.0,0.0
2024-05-02 00:00:00-04:00,6.639999866485596,6.650000095367432,5.75,5.940000057220459,2711400,0.0,0.0
2024-05-03 00:00:00-04:00,5.949999809265137,6.090000152587891,5.744999885559082,5.760000228881836,2174000,0.0,0.0
2024-05-06 00:00:00-04:00,5.840000152587891,6.110000133514404,5.670000076293945,6.099999904632568,1993700,0.0,0.0
2024-05-07 00:00:00-04:00,6.099999904632568,6.099999904632568,5.945000171661377,6.0,1077500,0.0,0.0
2024-05-08 00:00:00-04:00,5.909999847412109,6.090000152587891,5.795000076293945,6.019999980926514,1696200,0.0,0.0
2024-05-09 00:00:00-04:00,6.0,6.079999923706055,5.849999904632568,5.929999828338623,1272400,0.0,0.0
2024-05-10 00:00:00-04:00,5.940000057220459,5.960000038146973,5.840000152587891,5.889999866485596,993000,0.0,0.0
2024-05-13 00:00:00-04:00,5.940000057220459,6.239999771118164,5.920000076293945,6.090000152587891,1755400,0.0,0.0
2024-05-14 00:00:00-04:00,6.25,6.480000019073486,6.230000019073486,6.25,1078000,0.0,0.0
2024-05-15 00:00:00-04:00,6.320000171661377,6.349999904632568,6.050000190734863,6.099999904632568,863100,0.0,0.0
2024-05-16 00:00:00-04:00,6.110000133514404,6.204999923706055,5.965000152587891,6.03000020980835,1407000,0.0,0.0
2024-05-17 00:00:00-04:00,6.090000152587891,6.099999904632568,5.880000114440918,5.920000076293945,1689700,0.0,0.0
2024-05-20 00:00:00-04:00,5.860000133514404,6.130000114440918,5.795000076293945,6.099999904632568,1916400,0.0,0.0
2024-05-21 00:00:00-04:00,6.03000020980835,6.03000020980835,5.639999866485596,5.650000095367432,1694400,0.0,0.0
2024-05-22 00:00:00-04:00,5.639999866485596,5.800000190734863,5.574999809265137,5.699999809265137,1198400,0.0,0.0
2024-05-23 00:00:00-04:00,5.739999771118164,5.739999771118164,5.494999885559082,5.610000133514404,1243100,0.0,0.0
2024-05-24 00:00:00-04:00,5.679999828338623,5.739999771118164,5.559999942779541,5.710000038146973,985100,0.0,0.0
2024-05-28 00:00:00-04:00,5.440000057220459,5.550000190734863,5.130000114440918,5.320000171661377,2411200,0.0,0.0
2024-05-29 00:00:00-04:00,5.150000095367432,5.28000020980835,5.083000183105469,5.260000228881836,1887600,0.0,0.0
2024-05-30 00:00:00-04:00,5.25,5.300000190734863,5.144999980926514,5.239999771118164,1454700,0.0,0.0
2024-05-31 00:00:00-04:00,5.300000190734863,5.489999771118164,5.2729997634887695,5.46999979019165,1465200,0.0,0.0
2024-06-03 00:00:00-04:00,5.519999980926514,5.599999904632568,5.260000228881836,5.449999809265137,1633700,0.0,0.0
2024-06-04 00:00:00-04:00,5.409999847412109,5.579999923706055,5.380000114440918,5.440000057220459,1091300,0.0,0.0
2024-06-05 00:00:00-04:00,5.489999771118164,5.53000020980835,5.409999847412109,5.510000228881836,1128200,0.0,0.0
2024-06-06 00:00:00-04:00,5.489999771118164,5.53000020980835,5.385000228881836,5.429999828338623,732200,0.0,0.0
2024-06-07 00:00:00-04:00,5.340000152587891,5.859000205993652,5.320000171661377,5.409999847412109,3116100,0.0,0.0
2024-06-10 00:00:00-04:00,5.360000133514404,5.460000038146973,5.309999942779541,5.440000057220459,1040800,0.0,0.0
2024-06-11 00:00:00-04:00,5.440000057220459,5.440000057220459,5.260000228881836,5.260000228881836,779300,0.0,0.0
2024-06-12 00:00:00-04:00,5.429999828338623,5.559999942779541,5.329999923706055,5.329999923706055,1059200,0.0,0.0
2024-06-13 00:00:00-04:00,5.329999923706055,5.335000038146973,5.184999942779541,5.289999961853027,1457500,0.0,0.0
2024-06-14 00:00:00-04:00,5.179999828338623,5.239999771118164,5.050000190734863,5.179999828338623,3853500,0.0,0.0
2024-06-17 00:00:00-04:00,5.170000076293945,5.449999809265137,5.119999885559082,5.409999847412109,1788500,0.0,0.0
2024-06-18 00:00:00-04:00,5.409999847412109,5.510000228881836,5.320000171661377,5.320000171661377,1298600,0.0,0.0
2024-06-20 00:00:00-04:00,5.300000190734863,5.420000076293945,5.159999847412109,5.159999847412109,1292100,0.0,0.0
2024-06-21 00:00:00-04:00,5.139999866485596,5.21999979019165,5.110000133514404,5.159999847412109,1403000,0.0,0.0
2024-06-24 00:00:00-04:00,5.139999866485596,5.25,5.090000152587891,5.150000095367432,2190000,0.0,0.0
2024-06-25 00:00:00-04:00,5.139999866485596,5.139999866485596,4.684999942779541,4.739999771118164,2145600,0.0,0.0
2024-06-26 00:00:00-04:00,4.670000076293945,4.715000152587891,4.510000228881836,4.699999809265137,1714800,0.0,0.0
2024-06-27 00:00:00-04:00,4.699999809265137,4.849999904632568,4.619999885559082,4.789999961853027,1666500,0.0,0.0
2024-06-28 00:00:00-04:00,4.800000190734863,4.949999809265137,4.739999771118164,4.929999828338623,2106500,0.0,0.0
2024-07-01 00:00:00-04:00,4.889999866485596,4.960000038146973,4.644999980926514,4.769999980926514,1841700,0.0,0.0
2024-07-02 00:00:00-04:00,4.809999942779541,4.909999847412109,4.670000076293945,4.789999961853027,1510500,0.0,0.0
2024-07-03 00:00:00-04:00,4.800000190734863,4.940000057220459,4.769999980926514,4.860000133514404,469000,0.0,0.0
2024-07-05 00:00:00-04:00,4.710000038146973,4.75,4.485000133514404,4.53000020980835,1507400,0.0,0.0
2024-07-08 00:00:00-04:00,4.489999771118164,4.550000190734863,4.300000190734863,4.309999942779541,1249500,0.0,0.0
2024-07-09 00:00:00-04:00,4.309999942779541,4.329999923706055,4.195000171661377,4.199999809265137,1010200,0.0,0.0
2024-07-10 00:00:00-04:00,4.269999980926514,4.269999980926514,4.159999847412109,4.170000076293945,1395200,0.0,0.0
2024-07-11 00:00:00-04:00,4.179999828338623,4.400000095367432,4.074999809265137,4.320000171661377,1740700,0.0,0.0
2024-07-12 00:00:00-04:00,4.340000152587891,4.385000228881836,4.195000171661377,4.25,1211800,0.0,0.0
2024-07-15 00:00:00-04:00,4.269999980926514,4.309999942779541,4.179999828338623,4.269999980926514,1502000,0.0,0.0
2024-07-16 00:00:00-04:00,4.239999771118164,4.394999980926514,4.125,4.300000190734863,1853100,0.0,0.0
2024-07-17 00:00:00-04:00,4.210000038146973,4.25,3.9800000190734863,3.990000009536743,2315800,0.0,0.0
2024-07-18 00:00:00-04:00,4.0,4.014999866485596,3.640000104904175,3.690000057220459,2952200,0.0,0.0
2024-07-19 00:00:00-04:00,3.7100000381469727,3.7100000381469727,3.5299999713897705,3.609999895095825,1872000,0.0,0.0
2024-07-22 00:00:00-04:00,3.5999999046325684,3.799999952316284,3.549999952316284,3.759999990463257,1581400,0.0,0.0
2024-07-23 00:00:00-04:00,3.7200000286102295,3.8499999046325684,3.7019999027252197,3.759999990463257,1509900,0.0,0.0
2024-07-24 00:00:00-04:00,3.7300000190734863,3.799999952316284,3.6500000953674316,3.6700000762939453,1203000,0.0,0.0
2024-07-25 00:00:00-04:00,3.6500000953674316,4.03000020980835,3.630000114440918,4.019999980926514,2279300,0.0,0.0
2024-07-26 00:00:00-04:00,4.099999904632568,4.099999904632568,3.869999885559082,4.059999942779541,1459000,0.0,0.0
2024-07-29 00:00:00-04:00,4.059999942779541,4.074999809265137,3.859999895095825,3.869999885559082,1188500,0.0,0.0
2024-07-30 00:00:00-04:00,3.690000057220459,4.244999885559082,3.690000057220459,3.9800000190734863,3080800,0.0,0.0
2024-07-31 00:00:00-04:00,4.019999980926514,4.119999885559082,3.8550000190734863,3.940000057220459,1358300,0.0,0.0
2024-08-01 00:00:00-04:00,3.950000047683716,4.039999961853027,3.6600000858306885,3.740000009536743,1878500,0.0,0.0
2024-08-02 00:00:00-04:00,3.6700000762939453,3.6700000762939453,3.380000114440918,3.390000104904175,2538400,0.0,0.0
2024-08-05 00:00:00-04:00,3.200000047683716,3.319999933242798,3.0899999141693115,3.140000104904175,2266200,0.0,0.0
2024-08-06 00:00:00-04:00,3.1700000762939453,3.259999990463257,3.069999933242798,3.1600000858306885,2232700,0.0,0.0
2024-08-07 00:00:00-04:00,3.2100000381469727,3.2899999618530273,3.049999952316284,3.0899999141693115,1747800,0.0,0.0
2024-08-08 00:00:00-04:00,3.069999933242798,3.200000047683716,2.9700000286102295,3.180000066757202,2789000,0.0,0.0
2024-08-09 00:00:00-04:00,3.200000047683716,3.2200000286102295,3.109999895095825,3.109999895095825,1387100,0.0,0.0
2024-08-12 00:00:00-04:00,3.0799999237060547,3.0950000286102295,2.819999933242798,2.8399999141693115,5039500,0.0,0.0
2024-08-13 00:00:00-04:00,2.8399999141693115,3.0799999237060547,2.7899999618530273,3.059999942779541,1924700,0.0,0.0
2024-08-14 00:00:00-04:00,3.0899999141693115,3.130000114440918,2.9800000190734863,3.130000114440918,1763600,0.0,0.0
2024-08-15 00:00:00-04:00,3.200000047683716,3.4200000762939453,3.200000047683716,3.4000000953674316,2364800,0.0,0.0
2024-08-16 00:00:00-04:00,3.3399999141693115,3.4800000190734863,3.3399999141693115,3.390000104904175,1911000,0.0,0.0
2024-08-19 00:00:00-04:00,3.369999885559082,3.509999990463257,3.2709999084472656,3.5,2282200,0.0,0.0
2024-08-20 00:00:00-04:00,3.5,3.509999990463257,3.4000000953674316,3.4700000286102295,805100,0.0,0.0
2024-08-21 00:00:00-04:00,3.5,3.549999952316284,3.444999933242798,3.5,804100,0.0,0.0
2024-08-22 00:00:00-04:00,3.5199999809265137,3.5199999809265137,3.3399999141693115,3.369999885559082,948800,0.0,0.0
2024-08-23 00:00:00-04:00,3.380000114440918,3.5299999713897705,3.369999885559082,3.450000047683716,1070700,0.0,0.0
2024-08-26 00:00:00-04:00,3.4800000190734863,3.509999990463257,3.384999990463257,3.440000057220459,1156600,0.0,0.0
2024-08-27 00:00:00-04:00,3.430000066757202,3.569999933242798,3.390000104904175,3.4800000190734863,1025600,0.0,0.0
2024-08-28 00:00:00-04:00,3.450000047683716,3.490000009536743,3.365000009536743,3.430000066757202,820700,0.0,0.0
2024-08-29 00:00:00-04:00,3.4700000286102295,3.640000104904175,3.434999942779541,3.5199999809265137,1666000,0.0,0.0
2024-08-30 00:00:00-04:00,3.569999933242798,3.6549999713897705,3.5450000762939453,3.630000114440918,1113200,0.0,0.0
2024-09-03 00:00:00-04:00,3.559999942779541,3.700000047683716,3.5299999713897705,3.559999942779541,1672300,0.0,0.0
2024-09-04 00:00:00-04:00,3.559999942779541,3.75,3.559999942779541,3.640000104904175,1537000,0.0,0.0
2024-09-05 00:00:00-04:00,3.7100000381469727,3.990000009536743,3.7100000381469727,3.8499999046325684,1763000,0.0,0.0
2024-09-06 00:00:00-04:00,3.880000114440918,3.9700000286102295,3.700000047683716,3.740000009536743,1331300,0.0,0.0
2024-09-09 00:00:00-04:00,3.7799999713897705,4.125,3.7799999713897705,3.990000009536743,1749400,0.0,0.0
2024-09-10 00:00:00-04:00,3.990000009536743,4.03000020980835,3.7699999809265137,3.940000057220459,1470500,0.0,0.0
2024-09-11 00:00:00-04:00,4.010000228881836,4.409999847412109,3.940000057220459,4.059999942779541,3847500,0.0,0.0
2024-09-12 00:00:00-04:00,4.190000057220459,4.480000019073486,4.119999885559082,4.409999847412109,2871700,0.0,0.0
2024-09-13 00:00:00-04:00,4.409999847412109,4.559999942779541,4.230000019073486,4.309999942779541,4505000,0.0,0.0
2024-09-16 00:00:00-04:00,4.389999866485596,4.630000114440918,4.340000152587891,4.369999885559082,2672300,0.0,0.0
2024-09-17 00:00:00-04:00,4.460000038146973,4.690000057220459,4.449999809265137,4.489999771118164,2323200,0.0,0.0
2024-09-18 00:00:00-04:00,4.570000171661377,4.639999866485596,4.385000228881836,4.389999866485596,4126300,0.0,0.0
2024-09-19 00:00:00-04:00,4.539999961853027,4.585000038146973,4.28000020980835,4.300000190734863,2457400,0.0,0.0
2024-09-20 00:00:00-04:00,4.300000190734863,4.429999828338623,4.300000190734863,4.360000133514404,4812800,0.0,0.0
2024-09-23 00:00:00-04:00,4.340000152587891,4.380000114440918,4.179999828338623,4.199999809265137,2274800,0.0,0.0
2024-09-24 00:00:00-04:00,4.210000038146973,4.579999923706055,4.210000038146973,4.550000190734863,2566700,0.0,0.0
2024-09-25 00:00:00-04:00,4.550000190734863,4.684999942779541,4.510000228881836,4.599999904632568,1591100,0.0,0.0
2024-09-26 00:00:00-04:00,4.71999979019165,4.989999771118164,4.71999979019165,4.849999904632568,2378300,0.0,0.0
2024-09-27 00:00:00-04:00,4.889999866485596,4.96999979019165,4.744999885559082,4.840000152587891,1740300,0.0,0.0
2024-09-30 00:00:00-04:00,4.929999828338623,5.489999771118164,4.914000034332275,5.349999904632568,3851000,0.0,0.0
2024-10-01 00:00:00-04:00,5.320000171661377,5.360000133514404,5.050000190734863,5.28000020980835,2757500,0.0,0.0
2024-10-02 00:00:00-04:00,5.21999979019165,5.28000020980835,5.070000171661377,5.070000171661377,1597600,0.0,0.0
2024-10-03 00:00:00-04:00,5.059999942779541,5.130000114440918,4.900000095367432,4.989999771118164,2444000,0.0,0.0
2024-10-04 00:00:00-04:00,5.5,6.190000057220459,5.449999809265137,5.809999942779541,7166200,0.0,0.0
2024-10-07 00:00:00-04:00,5.710000038146973,5.809999942779541,5.574999809265137,5.639999866485596,2519400,0.0,0.0
2024-10-08 00:00:00-04:00,5.659999847412109,5.900000095367432,5.659999847412109,5.829999923706055,2206100,0.0,0.0
2024-10-09 00:00:00-04:00,5.829999923706055,6.144999980926514,5.789999961853027,5.920000076293945,2132000,0.0,0.0
2024-10-10 00:00:00-04:00,5.809999942779541,5.940000057220459,5.784999847412109,5.840000152587891,1444100,0.0,0.0
2024-10-11 00:00:00-04:00,5.840000152587891,5.900000095367432,5.71999979019165,5.769999980926514,1274500,0.0,0.0
2024-10-14 00:00:00-04:00,5.78000020980835,6.090000152587891,5.760000228881836,6.010000228881836,1503100,0.0,0.0
2024-10-15 00:00:00-04:00,6.079999923706055,6.244999885559082,5.985000133514404,6.0,2381600,0.0,0.0
2024-10-16 00:00:00-04:00,6.079999923706055,6.340000152587891,6.059999942779541,6.21999979019165,2219700,0.0,0.0
2024-10-17 00:00:00-04:00,6.159999847412109,6.349999904632568,6.034999847412109,6.349999904632568,2187400,0.0,0.0
2024-10-18 00:00:00-04:00,6.400000095367432,7.079999923706055,6.304999828338623,6.989999771118164,4632300,0.0,0.0
2024-10-21 00:00:00-04:00,6.769999980926514,6.949999809265137,6.690000057220459,6.909999847412109,1925900,0.0,0.0
2024-10-22 00:00:00-04:00,6.820000171661377,6.867000102996826,6.659999847412109,6.71999979019165,1297200,0.0,0.0
2024-10-23 00:00:00-04:00,7.0,7.065000057220459,6.635000228881836,6.849999904632568,3410500,0.0,0.0
2024-10-24 00:00:00-04:00,6.949999809265137,7.289999961853027,6.909999847412109,6.980000019073486,2412600,0.0,0.0
2024-10-25 00:00:00-04:00,7.03000020980835,7.099999904632568,6.889999866485596,7.03000020980835,1527300,0.0,0.0
2024-10-28 00:00:00-04:00,7.210000038146973,7.315000057220459,7.099999904632568,7.269999980926514,2176600,0.0,0.0
2024-10-29 00:00:00-04:00,7.010000228881836,7.099999904632568,5.679999828338623,6.21999979019165,6076000,0.0,0.0
2024-10-30 00:00:00-04:00,6.199999809265137,6.480000019073486,6.150000095367432,6.244999885559082,2128600,0.0,0.0
2024-10-31 00:00:00-04:00,6.159999847412109,6.190000057220459,5.860000133514404,6.079999923706055,2316400,0.0,0.0
2024-11-01 00:00:00-04:00,6.199999809265137,6.25,5.960000038146973,5.96999979019165,1594000,0.0,0.0
2024-11-04 00:00:00-05:00,5.949999809265137,5.965000152587891,5.619999885559082,5.699999809265137,2293200,0.0,0.0
2024-11-05 00:00:00-05:00,5.679999828338623,6.010000228881836,5.679999828338623,5.769999980926514,2492300,0.0,0.0
2024-11-06 00:00:00-05:00,6.420000076293945,6.5,6.093999862670898,6.460000038146973,2743400,0.0,0.0
2024-11-07 00:00:00-05:00,6.429999828338623,6.510000228881836,6.335000038146973,6.429999828338623,1146000,0.0,0.0
2024-11-08 00:00:00-05:00,6.429999828338623,6.828999996185303,6.369999885559082,6.75,1497400,0.0,0.0
2024-11-11 00:00:00-05:00,6.880000114440918,6.880000114440918,6.570000171661377,6.71999979019165,1759100,0.0,0.0
2024-11-12 00:00:00-05:00,6.659999847412109,6.764999866485596,6.550000190734863,6.670000076293945,1674300,0.0,0.0
2024-11-13 00:00:00-05:00,6.840000152587891,7.210000038146973,6.420000076293945,6.550000190734863,3148000,0.0,0.0
2024-11-14 00:00:00-05:00,6.760000228881836,6.920000076293945,6.65500020980835,6.730000019073486,1747000,0.0,0.0
2024-11-15 00:00:00-05:00,6.840000152587891,6.960000038146973,6.679999828338623,6.800000190734863,1679300,0.0,0.0
2024-11-18 00:00:00-05:00,6.699999809265137,6.78000020980835,5.449999809265137,5.550000190734863,7266400,0.0,0.0
2024-11-19 00:00:00-05:00,5.539999961853027,5.630000114440918,5.309999942779541,5.389999866485596,3597400,0.0,0.0
2024-11-20 00:00:00-05:00,5.269999980926514,5.5,5.119999885559082,5.46999979019165,3323100,0.0,0.0
2024-11-21 00:00:00-05:00,5.46999979019165,5.679999828338623,5.440000057220459,5.550000190734863,2374200,0.0,0.0
2024-11-22 00:00:00-05:00,5.550000190734863,5.639999866485596,5.380000114440918,5.599999904632568,2603000,0.0,0.0
2024-11-25 00:00:00-05:00,5.675000190734863,5.989999771118164,5.675000190734863,5.75,2930696,0.0,0.0
