Date,Open,High,Low,Close,Volume,Dividends,Stock Splits
2022-01-03 00:00:00-05:00,31.299999237060547,32.9900016784668,30.860000610351562,31.59000015258789,348200,0.0,0.0
2022-01-04 00:00:00-05:00,31.459999084472656,31.549999237060547,29.540000915527344,30.010000228881836,314300,0.0,0.0
2022-01-05 00:00:00-05:00,30.1299991607666,31.290000915527344,29.530000686645508,30.5,438300,0.0,0.0
2022-01-06 00:00:00-05:00,30.610000610351562,32.05500030517578,30.415000915527344,31.049999237060547,435300,0.0,0.0
2022-01-07 00:00:00-05:00,30.75,31.31999969482422,29.81999969482422,30.5,585200,0.0,0.0
2022-01-10 00:00:00-05:00,30.399999618530273,30.399999618530273,27.799999237060547,28.709999084472656,1103500,0.0,0.0
2022-01-11 00:00:00-05:00,28.850000381469727,30.684999465942383,28.850000381469727,30.40999984741211,832800,0.0,0.0
2022-01-12 00:00:00-05:00,30.889999389648438,30.985000610351562,29.56999969482422,29.600000381469727,138300,0.0,0.0
2022-01-13 00:00:00-05:00,29.15999984741211,29.565000534057617,28.309999465942383,29.1299991607666,259800,0.0,0.0
2022-01-14 00:00:00-05:00,29.190000534057617,32.18000030517578,28.149999618530273,31.959999084472656,672700,0.0,0.0
2022-01-18 00:00:00-05:00,31.204999923706055,32.209999084472656,30.6299991607666,30.81999969482422,513500,0.0,0.0
2022-01-19 00:00:00-05:00,31.010000228881836,33.02000045776367,30.860000610351562,31.610000610351562,916800,0.0,0.0
2022-01-20 00:00:00-05:00,31.3799991607666,31.81999969482422,28.84000015258789,29.1200008392334,665700,0.0,0.0
2022-01-21 00:00:00-05:00,28.809999465942383,29.280000686645508,25.8700008392334,26.0,778800,0.0,0.0
2022-01-24 00:00:00-05:00,26.010000228881836,27.25,24.597999572753906,27.100000381469727,824300,0.0,0.0
2022-01-25 00:00:00-05:00,26.600000381469727,27.399999618530273,25.760000228881836,26.290000915527344,926600,0.0,0.0
2022-01-26 00:00:00-05:00,26.68000030517578,27.829999923706055,26.030000686645508,26.479999542236328,217500,0.0,0.0
2022-01-27 00:00:00-05:00,26.469999313354492,26.719999313354492,24.899999618530273,25.09000015258789,368000,0.0,0.0
2022-01-28 00:00:00-05:00,25.520000457763672,26.170000076293945,24.700000762939453,26.15999984741211,189300,0.0,0.0
2022-01-31 00:00:00-05:00,25.84000015258789,27.37299919128418,25.84000015258789,27.1200008392334,445400,0.0,0.0
2022-02-01 00:00:00-05:00,26.959999084472656,29.90999984741211,26.834999084472656,29.639999389648438,650200,0.0,0.0
2022-02-02 00:00:00-05:00,29.829999923706055,30.110000610351562,29.34000015258789,29.530000686645508,323500,0.0,0.0
2022-02-03 00:00:00-05:00,29.0,29.540000915527344,28.639999389648438,28.719999313354492,359100,0.0,0.0
2022-02-04 00:00:00-05:00,28.559999465942383,28.84000015258789,27.690000534057617,28.0,559200,0.0,0.0
2022-02-07 00:00:00-05:00,27.690000534057617,29.350000381469727,27.600000381469727,28.920000076293945,335700,0.0,0.0
2022-02-08 00:00:00-05:00,29.139999389648438,30.135000228881836,28.200000762939453,30.020000457763672,190400,0.0,0.0
2022-02-09 00:00:00-05:00,30.290000915527344,31.979999542236328,30.280000686645508,31.899999618530273,360600,0.0,0.0
2022-02-10 00:00:00-05:00,30.75,32.720001220703125,30.260000228881836,30.600000381469727,220000,0.0,0.0
2022-02-11 00:00:00-05:00,30.600000381469727,31.489999771118164,28.760000228881836,30.559999465942383,198200,0.0,0.0
2022-02-14 00:00:00-05:00,30.780000686645508,31.360000610351562,29.559999465942383,30.600000381469727,154600,0.0,0.0
2022-02-15 00:00:00-05:00,31.1299991607666,32.970001220703125,31.106000900268555,32.790000915527344,391700,0.0,0.0
2022-02-16 00:00:00-05:00,32.619998931884766,33.45000076293945,31.81999969482422,33.130001068115234,302500,0.0,0.0
2022-02-17 00:00:00-05:00,32.7599983215332,33.040000915527344,30.8700008392334,31.239999771118164,367300,0.0,0.0
2022-02-18 00:00:00-05:00,31.15999984741211,32.13999938964844,30.639999389648438,31.31999969482422,175300,0.0,0.0
2022-02-22 00:00:00-05:00,30.959999084472656,31.600000381469727,30.31999969482422,30.8799991607666,239100,0.0,0.0
2022-02-23 00:00:00-05:00,31.260000228881836,32.22999954223633,27.59000015258789,27.860000610351562,1031400,0.0,0.0
2022-02-24 00:00:00-05:00,27.06999969482422,29.239999771118164,26.940000534057617,29.209999084472656,264100,0.0,0.0
2022-02-25 00:00:00-05:00,29.469999313354492,31.290000915527344,29.465999603271484,31.040000915527344,440200,0.0,0.0
2022-02-28 00:00:00-05:00,30.850000381469727,31.915000915527344,30.40999984741211,31.700000762939453,385700,0.0,0.0
2022-03-01 00:00:00-05:00,31.399999618530273,32.54999923706055,31.239999771118164,31.760000228881836,395700,0.0,0.0
2022-03-02 00:00:00-05:00,28.75,33.41999816894531,27.1299991607666,32.7400016784668,477300,0.0,0.0
2022-03-03 00:00:00-05:00,32.77000045776367,32.77000045776367,31.030000686645508,31.420000076293945,244600,0.0,0.0
2022-03-04 00:00:00-05:00,30.559999465942383,31.739999771118164,29.790000915527344,30.229999542236328,415100,0.0,0.0
2022-03-07 00:00:00-05:00,30.18000030517578,30.8799991607666,29.020000457763672,30.209999084472656,438700,0.0,0.0
2022-03-08 00:00:00-05:00,30.40999984741211,31.219999313354492,29.59000015258789,30.450000762939453,391200,0.0,0.0
2022-03-09 00:00:00-05:00,30.739999771118164,31.899999618530273,30.059999465942383,30.760000228881836,372800,0.0,0.0
2022-03-10 00:00:00-05:00,30.450000762939453,30.729999542236328,29.559999465942383,30.010000228881836,277700,0.0,0.0
2022-03-11 00:00:00-05:00,30.399999618530273,30.709999084472656,28.770000457763672,28.979999542236328,200700,0.0,0.0
2022-03-14 00:00:00-04:00,28.950000762939453,29.709999084472656,27.5,27.790000915527344,244000,0.0,0.0
2022-03-15 00:00:00-04:00,27.670000076293945,28.270000457763672,26.8700008392334,28.06999969482422,211300,0.0,0.0
2022-03-16 00:00:00-04:00,28.649999618530273,29.68000030517578,27.590999603271484,29.469999313354492,151300,0.0,0.0
2022-03-17 00:00:00-04:00,29.3799991607666,31.360000610351562,29.30500030517578,30.829999923706055,183500,0.0,0.0
2022-03-18 00:00:00-04:00,30.5,32.970001220703125,29.65999984741211,32.650001525878906,557000,0.0,0.0
2022-03-21 00:00:00-04:00,32.599998474121094,32.599998474121094,30.920000076293945,31.520000457763672,292900,0.0,0.0
2022-03-22 00:00:00-04:00,31.860000610351562,33.04899978637695,31.4950008392334,32.5099983215332,249500,0.0,0.0
2022-03-23 00:00:00-04:00,32.45000076293945,32.45000076293945,29.700000762939453,29.729999542236328,1025800,0.0,0.0
2022-03-24 00:00:00-04:00,30.010000228881836,31.59000015258789,29.0,30.350000381469727,1964000,0.0,0.0
2022-03-25 00:00:00-04:00,30.299999237060547,30.46500015258789,28.899999618530273,29.65999984741211,503800,0.0,0.0
2022-03-28 00:00:00-04:00,29.420000076293945,30.1299991607666,28.545000076293945,28.790000915527344,326000,0.0,0.0
2022-03-29 00:00:00-04:00,29.010000228881836,30.760000228881836,29.010000228881836,30.530000686645508,374800,0.0,0.0
2022-03-30 00:00:00-04:00,30.209999084472656,30.950000762939453,30.040000915527344,30.1200008392334,200800,0.0,0.0
2022-03-31 00:00:00-04:00,30.139999389648438,31.040000915527344,29.899999618530273,30.56999969482422,222900,0.0,0.0
2022-04-01 00:00:00-04:00,30.860000610351562,32.470001220703125,30.81999969482422,32.36000061035156,362300,0.0,0.0
2022-04-04 00:00:00-04:00,32.720001220703125,34.209999084472656,32.15999984741211,34.150001525878906,546400,0.0,0.0
2022-04-05 00:00:00-04:00,34.08000183105469,35.689998626708984,33.939998626708984,35.15999984741211,1036800,0.0,0.0
2022-04-06 00:00:00-04:00,34.66999816894531,35.369998931884766,33.88999938964844,34.93000030517578,774500,0.0,0.0
2022-04-07 00:00:00-04:00,34.849998474121094,35.22999954223633,33.02000045776367,34.29999923706055,785700,0.0,0.0
2022-04-08 00:00:00-04:00,34.5,35.189998626708984,33.369998931884766,34.70000076293945,476800,0.0,0.0
2022-04-11 00:00:00-04:00,34.27000045776367,34.47999954223633,31.139999389648438,31.809999465942383,789000,0.0,0.0
2022-04-12 00:00:00-04:00,32.04999923706055,32.959999084472656,31.06999969482422,31.520000457763672,316100,0.0,0.0
2022-04-13 00:00:00-04:00,31.75,34.5,31.75,34.119998931884766,287200,0.0,0.0
2022-04-14 00:00:00-04:00,34.060001373291016,34.354000091552734,33.400001525878906,33.77000045776367,165700,0.0,0.0
2022-04-18 00:00:00-04:00,33.650001525878906,33.650001525878906,32.20000076293945,32.61000061035156,215200,0.0,0.0
2022-04-19 00:00:00-04:00,32.75,33.88999938964844,32.435001373291016,33.33000183105469,127300,0.0,0.0
2022-04-20 00:00:00-04:00,33.779998779296875,34.95000076293945,32.849998474121094,33.83000183105469,378900,0.0,0.0
2022-04-21 00:00:00-04:00,34.029998779296875,34.94900131225586,32.599998474121094,32.720001220703125,257000,0.0,0.0
2022-04-22 00:00:00-04:00,32.599998474121094,33.255001068115234,31.920000076293945,32.189998626708984,174900,0.0,0.0
2022-04-25 00:00:00-04:00,31.739999771118164,33.470001220703125,31.65999984741211,32.97999954223633,207800,0.0,0.0
2022-04-26 00:00:00-04:00,32.93000030517578,32.93000030517578,31.219999313354492,31.420000076293945,308000,0.0,0.0
2022-04-27 00:00:00-04:00,31.149999618530273,31.43000030517578,30.000999450683594,30.479999542236328,463100,0.0,0.0
2022-04-28 00:00:00-04:00,31.110000610351562,31.110000610351562,28.940000534057617,29.899999618530273,464900,0.0,0.0
2022-04-29 00:00:00-04:00,29.6200008392334,30.360000610351562,27.670000076293945,28.270000457763672,605300,0.0,0.0
2022-05-02 00:00:00-04:00,28.110000610351562,29.940000534057617,28.0,29.049999237060547,787800,0.0,0.0
2022-05-03 00:00:00-04:00,29.020000457763672,30.149999618530273,28.360000610351562,28.649999618530273,460600,0.0,0.0
2022-05-04 00:00:00-04:00,28.899999618530273,29.809999465942383,27.389999389648438,29.6200008392334,584700,0.0,0.0
2022-05-05 00:00:00-04:00,29.459999084472656,29.979999542236328,27.93000030517578,28.270000457763672,167100,0.0,0.0
2022-05-06 00:00:00-04:00,27.84000015258789,27.850000381469727,26.15999984741211,27.229999542236328,443000,0.0,0.0
2022-05-09 00:00:00-04:00,26.540000915527344,26.729999542236328,24.940000534057617,25.440000534057617,750200,0.0,0.0
2022-05-10 00:00:00-04:00,26.639999389648438,28.739999771118164,25.079999923706055,28.56999969482422,1137000,0.0,0.0
2022-05-11 00:00:00-04:00,27.049999237060547,29.709999084472656,25.899999618530273,26.940000534057617,631800,0.0,0.0
2022-05-12 00:00:00-04:00,26.399999618530273,27.6200008392334,25.90999984741211,27.440000534057617,438700,0.0,0.0
2022-05-13 00:00:00-04:00,28.0,29.84000015258789,28.0,29.780000686645508,673300,0.0,0.0
2022-05-16 00:00:00-04:00,29.639999389648438,30.670000076293945,29.010000228881836,29.920000076293945,288500,0.0,0.0
2022-05-17 00:00:00-04:00,30.549999237060547,31.649999618530273,29.950000762939453,30.8700008392334,304800,0.0,0.0
2022-05-18 00:00:00-04:00,30.06999969482422,31.239999771118164,29.040000915527344,29.239999771118164,469200,0.0,0.0
2022-05-19 00:00:00-04:00,28.889999389648438,29.670000076293945,28.420000076293945,28.520000457763672,547000,0.0,0.0
2022-05-20 00:00:00-04:00,28.979999542236328,29.860000610351562,27.950000762939453,29.139999389648438,304900,0.0,0.0
2022-05-23 00:00:00-04:00,29.280000686645508,29.770000457763672,28.100000381469727,28.420000076293945,417400,0.0,0.0
2022-05-24 00:00:00-04:00,27.889999389648438,27.889999389648438,26.450000762939453,26.489999771118164,770300,0.0,0.0
2022-05-25 00:00:00-04:00,26.450000762939453,26.799999237060547,25.7549991607666,26.530000686645508,417100,0.0,0.0
2022-05-26 00:00:00-04:00,26.329999923706055,27.0,25.729999542236328,26.540000915527344,469200,0.0,0.0
2022-05-27 00:00:00-04:00,26.780000686645508,27.860000610351562,26.1200008392334,27.489999771118164,839400,0.0,0.0
2022-05-31 00:00:00-04:00,27.540000915527344,27.540000915527344,25.975000381469727,26.350000381469727,391800,0.0,0.0
2022-06-01 00:00:00-04:00,26.5,26.979999542236328,25.920000076293945,26.68000030517578,712200,0.0,0.0
2022-06-02 00:00:00-04:00,26.780000686645508,28.200000762939453,26.40999984741211,28.0,441600,0.0,0.0
2022-06-03 00:00:00-04:00,27.829999923706055,30.135000228881836,27.299999237060547,29.610000610351562,546200,0.0,0.0
2022-06-06 00:00:00-04:00,29.940000534057617,30.040000915527344,28.950000762939453,29.950000762939453,451200,0.0,0.0
2022-06-07 00:00:00-04:00,29.610000610351562,30.489999771118164,28.950000762939453,30.25,323900,0.0,0.0
2022-06-08 00:00:00-04:00,30.219999313354492,31.33300018310547,29.260000228881836,30.829999923706055,270000,0.0,0.0
2022-06-09 00:00:00-04:00,30.559999465942383,31.329999923706055,29.360000610351562,29.68000030517578,325400,0.0,0.0
2022-06-10 00:00:00-04:00,29.25,29.25,28.049999237060547,28.059999465942383,251100,0.0,0.0
2022-06-13 00:00:00-04:00,26.93000030517578,28.040000915527344,26.25,27.239999771118164,486900,0.0,0.0
2022-06-14 00:00:00-04:00,27.479999542236328,28.8799991607666,27.065000534057617,28.469999313354492,324400,0.0,0.0
2022-06-15 00:00:00-04:00,28.690000534057617,29.09000015258789,27.6200008392334,28.809999465942383,171200,0.0,0.0
2022-06-16 00:00:00-04:00,28.219999313354492,28.799999237060547,27.360000610351562,28.739999771118164,199800,0.0,0.0
2022-06-17 00:00:00-04:00,28.84000015258789,30.780000686645508,28.790000915527344,30.479999542236328,512200,0.0,0.0
2022-06-21 00:00:00-04:00,31.219999313354492,33.61000061035156,31.0,32.970001220703125,679300,0.0,0.0
2022-06-22 00:00:00-04:00,32.84000015258789,35.15999984741211,30.989999771118164,34.70000076293945,618500,0.0,0.0
2022-06-23 00:00:00-04:00,30.610000610351562,32.400001525878906,30.5,31.709999084472656,4521000,0.0,0.0
2022-06-24 00:00:00-04:00,32.31999969482422,34.0,29.899999618530273,31.0,1490900,0.0,0.0
2022-06-27 00:00:00-04:00,30.739999771118164,32.095001220703125,30.399999618530273,31.459999084472656,454300,0.0,0.0
2022-06-28 00:00:00-04:00,31.459999084472656,31.6200008392334,30.079999923706055,30.110000610351562,398700,0.0,0.0
2022-06-29 00:00:00-04:00,29.829999923706055,31.3799991607666,29.579999923706055,30.899999618530273,628000,0.0,0.0
2022-06-30 00:00:00-04:00,30.59000015258789,31.059999465942383,29.75,30.420000076293945,385700,0.0,0.0
2022-07-01 00:00:00-04:00,30.270000457763672,30.969999313354492,29.920000076293945,30.790000915527344,236400,0.0,0.0
2022-07-05 00:00:00-04:00,30.6200008392334,31.649999618530273,28.979999542236328,31.600000381469727,264700,0.0,0.0
2022-07-06 00:00:00-04:00,31.700000762939453,34.060001373291016,31.600000381469727,33.310001373291016,913900,0.0,0.0
2022-07-07 00:00:00-04:00,33.459999084472656,34.06999969482422,32.22999954223633,32.33000183105469,558100,0.0,0.0
2022-07-08 00:00:00-04:00,32.15999984741211,33.52000045776367,31.8700008392334,33.439998626708984,638900,0.0,0.0
2022-07-11 00:00:00-04:00,33.349998474121094,34.15999984741211,32.68000030517578,33.09000015258789,391000,0.0,0.0
2022-07-12 00:00:00-04:00,33.279998779296875,33.279998779296875,30.959999084472656,32.65999984741211,462900,0.0,0.0
2022-07-13 00:00:00-04:00,32.060001373291016,33.599998474121094,31.299999237060547,33.08000183105469,304700,0.0,0.0
2022-07-14 00:00:00-04:00,33.11000061035156,33.279998779296875,31.81999969482422,31.979999542236328,302200,0.0,0.0
2022-07-15 00:00:00-04:00,32.150001525878906,32.52000045776367,31.09000015258789,32.189998626708984,242300,0.0,0.0
2022-07-18 00:00:00-04:00,32.290000915527344,32.77000045776367,30.989999771118164,31.170000076293945,219700,0.0,0.0
2022-07-19 00:00:00-04:00,31.739999771118164,32.70000076293945,31.510000228881836,32.689998626708984,148700,0.0,0.0
2022-07-20 00:00:00-04:00,32.54999923706055,34.459999084472656,32.525001525878906,33.90999984741211,589600,0.0,0.0
2022-07-21 00:00:00-04:00,35.279998779296875,35.720001220703125,34.400001525878906,34.93000030517578,547900,0.0,0.0
2022-07-22 00:00:00-04:00,35.08000183105469,35.20000076293945,32.189998626708984,32.439998626708984,317600,0.0,0.0
2022-07-25 00:00:00-04:00,32.58000183105469,32.58000183105469,31.8799991607666,32.369998931884766,192700,0.0,0.0
2022-07-26 00:00:00-04:00,32.36000061035156,33.555999755859375,32.06999969482422,32.720001220703125,220500,0.0,0.0
2022-07-27 00:00:00-04:00,32.91999816894531,34.21500015258789,32.750999450683594,33.58000183105469,255900,0.0,0.0
2022-07-28 00:00:00-04:00,33.45000076293945,34.18000030517578,32.380001068115234,33.5,216600,0.0,0.0
2022-07-29 00:00:00-04:00,33.189998626708984,33.959999084472656,32.79999923706055,33.150001525878906,157400,0.0,0.0
2022-08-01 00:00:00-04:00,33.20000076293945,33.5099983215332,31.68000030517578,31.68000030517578,319500,0.0,0.0
2022-08-02 00:00:00-04:00,31.260000228881836,33.11000061035156,31.139999389648438,32.0099983215332,453900,0.0,0.0
2022-08-03 00:00:00-04:00,32.59000015258789,34.06999969482422,32.59000015258789,33.650001525878906,273600,0.0,0.0
2022-08-04 00:00:00-04:00,34.0099983215332,36.86000061035156,33.709999084472656,36.279998779296875,743100,0.0,0.0
2022-08-05 00:00:00-04:00,35.66999816894531,39.81999969482422,35.54999923706055,38.470001220703125,1181600,0.0,0.0
2022-08-08 00:00:00-04:00,38.790000915527344,40.34000015258789,38.31999969482422,39.650001525878906,716000,0.0,0.0
2022-08-09 00:00:00-04:00,39.599998474121094,40.09000015258789,38.5,39.349998474121094,380100,0.0,0.0
2022-08-10 00:00:00-04:00,40.02000045776367,40.92300033569336,38.310001373291016,39.68000030517578,566500,0.0,0.0
2022-08-11 00:00:00-04:00,39.939998626708984,41.38999938964844,37.68000030517578,38.02000045776367,432900,0.0,0.0
2022-08-12 00:00:00-04:00,37.91999816894531,39.4900016784668,37.1349983215332,37.88999938964844,765200,0.0,0.0
2022-08-15 00:00:00-04:00,37.709999084472656,38.41999816894531,37.40999984741211,37.56999969482422,337700,0.0,0.0
2022-08-16 00:00:00-04:00,37.599998474121094,39.36000061035156,37.220001220703125,38.18000030517578,739600,0.0,0.0
2022-08-17 00:00:00-04:00,37.16999816894531,37.86000061035156,35.849998474121094,36.400001525878906,561500,0.0,0.0
2022-08-18 00:00:00-04:00,36.52000045776367,37.849998474121094,35.61000061035156,37.45000076293945,500000,0.0,0.0
2022-08-19 00:00:00-04:00,37.08000183105469,38.27000045776367,36.43000030517578,37.0,269400,0.0,0.0
2022-08-22 00:00:00-04:00,36.70000076293945,37.630001068115234,36.33000183105469,36.97999954223633,274800,0.0,0.0
2022-08-23 00:00:00-04:00,37.06999969482422,39.47999954223633,36.97999954223633,38.9900016784668,573000,0.0,0.0
2022-08-24 00:00:00-04:00,38.970001220703125,40.93000030517578,38.67399978637695,39.81999969482422,736700,0.0,0.0
2022-08-25 00:00:00-04:00,40.0099983215332,40.099998474121094,37.0099983215332,37.939998626708984,356900,0.0,0.0
2022-08-26 00:00:00-04:00,37.83000183105469,38.220001220703125,36.58000183105469,36.970001220703125,242300,0.0,0.0
2022-08-29 00:00:00-04:00,37.11000061035156,38.810001373291016,36.63999938964844,38.20000076293945,334900,0.0,0.0
2022-08-30 00:00:00-04:00,38.2599983215332,38.540000915527344,36.91999816894531,37.86000061035156,210100,0.0,0.0
2022-08-31 00:00:00-04:00,38.20000076293945,39.2400016784668,38.02000045776367,38.810001373291016,378900,0.0,0.0
2022-09-01 00:00:00-04:00,38.540000915527344,39.79999923706055,37.43000030517578,39.529998779296875,424200,0.0,0.0
2022-09-02 00:00:00-04:00,39.90999984741211,40.11600112915039,38.61000061035156,39.0,355500,0.0,0.0
2022-09-06 00:00:00-04:00,38.58000183105469,38.606998443603516,36.67499923706055,37.08000183105469,364300,0.0,0.0
2022-09-07 00:00:00-04:00,37.0099983215332,37.779998779296875,36.75,37.619998931884766,281600,0.0,0.0
2022-09-08 00:00:00-04:00,37.41999816894531,38.40999984741211,36.5099983215332,38.36000061035156,1335900,0.0,0.0
2022-09-09 00:00:00-04:00,38.77000045776367,39.18000030517578,37.380001068115234,37.529998779296875,301200,0.0,0.0
2022-09-12 00:00:00-04:00,37.61000061035156,39.369998931884766,36.70000076293945,38.84000015258789,354300,0.0,0.0
2022-09-13 00:00:00-04:00,37.720001220703125,38.279998779296875,36.83000183105469,37.9900016784668,293700,0.0,0.0
2022-09-14 00:00:00-04:00,38.08000183105469,39.689998626708984,37.54999923706055,38.810001373291016,254300,0.0,0.0
2022-09-15 00:00:00-04:00,38.7599983215332,39.560001373291016,38.15999984741211,39.29999923706055,243700,0.0,0.0
2022-09-16 00:00:00-04:00,38.650001525878906,38.650001525878906,36.86000061035156,37.310001373291016,306600,0.0,0.0
2022-09-19 00:00:00-04:00,37.06999969482422,38.099998474121094,36.150001525878906,37.880001068115234,433300,0.0,0.0
2022-09-20 00:00:00-04:00,37.83000183105469,38.060001373291016,36.66999816894531,37.529998779296875,160800,0.0,0.0
2022-09-21 00:00:00-04:00,37.790000915527344,38.84000015258789,37.0,37.459999084472656,413700,0.0,0.0
2022-09-22 00:00:00-04:00,37.2400016784668,37.380001068115234,35.88999938964844,37.09000015258789,272500,0.0,0.0
2022-09-23 00:00:00-04:00,36.7599983215332,36.7599983215332,34.91999816894531,35.529998779296875,343700,0.0,0.0
2022-09-26 00:00:00-04:00,35.41999816894531,36.650001525878906,35.2599983215332,35.90999984741211,353300,0.0,0.0
2022-09-27 00:00:00-04:00,36.34000015258789,37.29999923706055,35.70000076293945,36.0,267100,0.0,0.0
2022-09-28 00:00:00-04:00,36.38999938964844,37.060001373291016,35.70000076293945,36.5,338900,0.0,0.0
2022-09-29 00:00:00-04:00,36.349998474121094,36.650001525878906,35.34000015258789,35.88999938964844,255500,0.0,0.0
2022-09-30 00:00:00-04:00,35.86000061035156,37.5,35.86000061035156,36.099998474121094,615400,0.0,0.0
2022-10-03 00:00:00-04:00,36.34000015258789,36.34000015258789,35.11000061035156,36.040000915527344,650500,0.0,0.0
2022-10-04 00:00:00-04:00,36.75,38.40999984741211,36.65999984741211,36.959999084472656,393900,0.0,0.0
2022-10-05 00:00:00-04:00,36.72999954223633,37.79999923706055,36.11000061035156,37.130001068115234,379600,0.0,0.0
2022-10-06 00:00:00-04:00,37.029998779296875,38.380001068115234,36.650001525878906,38.29999923706055,191100,0.0,0.0
2022-10-07 00:00:00-04:00,38.15999984741211,38.709999084472656,36.68000030517578,36.689998626708984,341000,0.0,0.0
2022-10-10 00:00:00-04:00,36.439998626708984,36.459999084472656,34.38999938964844,34.4900016784668,591700,0.0,0.0
2022-10-11 00:00:00-04:00,35.0,35.8849983215332,34.029998779296875,34.66999816894531,198900,0.0,0.0
2022-10-12 00:00:00-04:00,34.720001220703125,35.599998474121094,34.29999923706055,35.439998626708984,176200,0.0,0.0
2022-10-13 00:00:00-04:00,34.7400016784668,36.40999984741211,34.334999084472656,36.130001068115234,194700,0.0,0.0
2022-10-14 00:00:00-04:00,36.33000183105469,36.650001525878906,34.529998779296875,34.66999816894531,464300,0.0,0.0
2022-10-17 00:00:00-04:00,34.88999938964844,35.59000015258789,34.689998626708984,34.7599983215332,132900,0.0,0.0
2022-10-18 00:00:00-04:00,35.119998931884766,36.130001068115234,35.119998931884766,35.52000045776367,183100,0.0,0.0
2022-10-19 00:00:00-04:00,35.880001068115234,35.91999816894531,34.845001220703125,35.119998931884766,205100,0.0,0.0
2022-10-20 00:00:00-04:00,35.119998931884766,37.05500030517578,35.09000015258789,36.150001525878906,429200,0.0,0.0
2022-10-21 00:00:00-04:00,36.22999954223633,36.529998779296875,35.64500045776367,36.20000076293945,207500,0.0,0.0
2022-10-24 00:00:00-04:00,36.380001068115234,36.38999938964844,35.25,35.650001525878906,333600,0.0,0.0
2022-10-25 00:00:00-04:00,35.90999984741211,36.744998931884766,35.47999954223633,36.619998931884766,335400,0.0,0.0
2022-10-26 00:00:00-04:00,36.84000015258789,37.349998474121094,36.06999969482422,36.47999954223633,186600,0.0,0.0
2022-10-27 00:00:00-04:00,36.81999969482422,37.034000396728516,35.900001525878906,36.36000061035156,221600,0.0,0.0
2022-10-28 00:00:00-04:00,36.47999954223633,37.474998474121094,36.02000045776367,37.34000015258789,361400,0.0,0.0
2022-10-31 00:00:00-04:00,37.380001068115234,37.939998626708984,36.349998474121094,36.56999969482422,276300,0.0,0.0
2022-11-01 00:00:00-04:00,37.0,38.61000061035156,36.58000183105469,37.119998931884766,253000,0.0,0.0
2022-11-02 00:00:00-04:00,37.119998931884766,37.7400016784668,36.15999984741211,36.93000030517578,633100,0.0,0.0
2022-11-03 00:00:00-04:00,36.59000015258789,37.22999954223633,35.75,36.56999969482422,472800,0.0,0.0
2022-11-04 00:00:00-04:00,36.869998931884766,36.869998931884766,34.849998474121094,35.70000076293945,272200,0.0,0.0
2022-11-07 00:00:00-05:00,35.72999954223633,36.36000061035156,34.71500015258789,34.77000045776367,368500,0.0,0.0
2022-11-08 00:00:00-05:00,35.119998931884766,36.650001525878906,34.810001373291016,35.400001525878906,625500,0.0,0.0
2022-11-09 00:00:00-05:00,34.5,35.41999816894531,31.790000915527344,33.060001373291016,905400,0.0,0.0
2022-11-10 00:00:00-05:00,34.13999938964844,35.779998779296875,33.959999084472656,34.79999923706055,362800,0.0,0.0
2022-11-11 00:00:00-05:00,34.560001373291016,35.2599983215332,33.79499816894531,34.40999984741211,597600,0.0,0.0
2022-11-14 00:00:00-05:00,34.439998626708984,35.01499938964844,33.474998474121094,34.290000915527344,350500,0.0,0.0
2022-11-15 00:00:00-05:00,35.06999969482422,36.09000015258789,34.709999084472656,34.790000915527344,424500,0.0,0.0
2022-11-16 00:00:00-05:00,34.849998474121094,34.9900016784668,33.060001373291016,33.060001373291016,346200,0.0,0.0
2022-11-17 00:00:00-05:00,32.970001220703125,33.60499954223633,32.5099983215332,33.470001220703125,168500,0.0,0.0
2022-11-18 00:00:00-05:00,33.90999984741211,34.869998931884766,33.775001525878906,34.31999969482422,276000,0.0,0.0
2022-11-21 00:00:00-05:00,34.22999954223633,34.474998474121094,33.459999084472656,34.0,385400,0.0,0.0
2022-11-22 00:00:00-05:00,34.130001068115234,34.7599983215332,33.70000076293945,34.689998626708984,243500,0.0,0.0
2022-11-23 00:00:00-05:00,34.810001373291016,35.4900016784668,34.150001525878906,34.369998931884766,411500,0.0,0.0
2022-11-25 00:00:00-05:00,34.18000030517578,35.04999923706055,34.11000061035156,34.810001373291016,75000,0.0,0.0
2022-11-28 00:00:00-05:00,35.29999923706055,36.5099983215332,35.29999923706055,36.470001220703125,384200,0.0,0.0
2022-11-29 00:00:00-05:00,36.34000015258789,37.189998626708984,36.17499923706055,36.38999938964844,286700,0.0,0.0
2022-11-30 00:00:00-05:00,36.349998474121094,37.439998626708984,35.880001068115234,36.880001068115234,786900,0.0,0.0
2022-12-01 00:00:00-05:00,36.970001220703125,37.41999816894531,36.16999816894531,36.93000030517578,410100,0.0,0.0
2022-12-02 00:00:00-05:00,36.720001220703125,38.900001525878906,36.47999954223633,38.88999938964844,400300,0.0,0.0
2022-12-05 00:00:00-05:00,38.959999084472656,39.29999923706055,38.349998474121094,38.83000183105469,254400,0.0,0.0
2022-12-06 00:00:00-05:00,38.540000915527344,38.619998931884766,37.45000076293945,37.9900016784668,309600,0.0,0.0
2022-12-07 00:00:00-05:00,37.900001525878906,38.0,35.91999816894531,36.02000045776367,286200,0.0,0.0
2022-12-08 00:00:00-05:00,36.13999938964844,37.36000061035156,35.63999938964844,36.529998779296875,340500,0.0,0.0
2022-12-09 00:00:00-05:00,36.34000015258789,37.279998779296875,35.834999084472656,36.20000076293945,311500,0.0,0.0
2022-12-12 00:00:00-05:00,36.81999969482422,38.45000076293945,36.34000015258789,38.189998626708984,793000,0.0,0.0
2022-12-13 00:00:00-05:00,38.709999084472656,38.86000061035156,37.75,38.06999969482422,428500,0.0,0.0
2022-12-14 00:00:00-05:00,38.880001068115234,40.060001373291016,38.1349983215332,38.7400016784668,520400,0.0,0.0
2022-12-15 00:00:00-05:00,38.599998474121094,38.79999923706055,37.70500183105469,38.16999816894531,302700,0.0,0.0
2022-12-16 00:00:00-05:00,38.0099983215332,38.9900016784668,37.630001068115234,38.83000183105469,344900,0.0,0.0
2022-12-19 00:00:00-05:00,39.119998931884766,39.119998931884766,37.7400016784668,38.11000061035156,343600,0.0,0.0
2022-12-20 00:00:00-05:00,37.900001525878906,38.599998474121094,37.619998931884766,38.36000061035156,533800,0.0,0.0
2022-12-21 00:00:00-05:00,38.5,39.93000030517578,38.3650016784668,39.20000076293945,357500,0.0,0.0
2022-12-22 00:00:00-05:00,38.9900016784668,39.6510009765625,38.970001220703125,39.099998474121094,329800,0.0,0.0
2022-12-23 00:00:00-05:00,38.970001220703125,39.349998474121094,36.779998779296875,38.08000183105469,418600,0.0,0.0
2022-12-27 00:00:00-05:00,38.369998931884766,38.369998931884766,37.470001220703125,37.70000076293945,213400,0.0,0.0
2022-12-28 00:00:00-05:00,37.83000183105469,38.5,37.41999816894531,38.099998474121094,232300,0.0,0.0
2022-12-29 00:00:00-05:00,38.34000015258789,39.86000061035156,37.900001525878906,39.16999816894531,234400,0.0,0.0
2022-12-30 00:00:00-05:00,39.130001068115234,39.459999084472656,38.380001068115234,39.43000030517578,183900,0.0,0.0
2023-01-03 00:00:00-05:00,39.599998474121094,39.849998474121094,37.2400016784668,37.2599983215332,439600,0.0,0.0
2023-01-04 00:00:00-05:00,37.93000030517578,38.34000015258789,37.470001220703125,37.75,315300,0.0,0.0
2023-01-05 00:00:00-05:00,37.2599983215332,38.63999938964844,36.900001525878906,38.18000030517578,447000,0.0,0.0
2023-01-06 00:00:00-05:00,38.34000015258789,39.13999938964844,37.779998779296875,38.2599983215332,283200,0.0,0.0
2023-01-09 00:00:00-05:00,38.369998931884766,38.369998931884766,34.66999816894531,36.939998626708984,936000,0.0,0.0
2023-01-10 00:00:00-05:00,36.959999084472656,37.79999923706055,36.47999954223633,37.119998931884766,631300,0.0,0.0
2023-01-11 00:00:00-05:00,36.97999954223633,37.11000061035156,35.8849983215332,36.290000915527344,502600,0.0,0.0
2023-01-12 00:00:00-05:00,36.029998779296875,37.59000015258789,35.7599983215332,36.54999923706055,762700,0.0,0.0
2023-01-13 00:00:00-05:00,36.52000045776367,38.029998779296875,36.0,36.20000076293945,358600,0.0,0.0
2023-01-17 00:00:00-05:00,36.06999969482422,36.79999923706055,35.560001373291016,36.20000076293945,244200,0.0,0.0
2023-01-18 00:00:00-05:00,36.13999938964844,36.81999969482422,35.61000061035156,35.93000030517578,172600,0.0,0.0
2023-01-19 00:00:00-05:00,35.970001220703125,36.8849983215332,35.650001525878906,35.66999816894531,374400,0.0,0.0
2023-01-20 00:00:00-05:00,35.95000076293945,36.6349983215332,35.790000915527344,36.47999954223633,414000,0.0,0.0
2023-01-23 00:00:00-05:00,36.43000030517578,36.77000045776367,36.0,36.150001525878906,226600,0.0,0.0
2023-01-24 00:00:00-05:00,36.150001525878906,36.8849983215332,35.54999923706055,36.5099983215332,258600,0.0,0.0
2023-01-25 00:00:00-05:00,36.36000061035156,37.84000015258789,36.0099983215332,37.70000076293945,283900,0.0,0.0
2023-01-26 00:00:00-05:00,37.959999084472656,38.599998474121094,37.494998931884766,38.150001525878906,235300,0.0,0.0
2023-01-27 00:00:00-05:00,38.27000045776367,39.369998931884766,37.619998931884766,37.650001525878906,314000,0.0,0.0
2023-01-30 00:00:00-05:00,37.400001525878906,38.27000045776367,37.20000076293945,38.0,251700,0.0,0.0
2023-01-31 00:00:00-05:00,38.400001525878906,39.43000030517578,38.31999969482422,39.09000015258789,395900,0.0,0.0
2023-02-01 00:00:00-05:00,39.130001068115234,39.84000015258789,38.529998779296875,39.18000030517578,350100,0.0,0.0
2023-02-02 00:00:00-05:00,39.4900016784668,39.939998626708984,37.439998626708984,38.34000015258789,496800,0.0,0.0
2023-02-03 00:00:00-05:00,38.13999938964844,39.4900016784668,37.90999984741211,39.189998626708984,207600,0.0,0.0
2023-02-06 00:00:00-05:00,39.040000915527344,39.93000030517578,38.59000015258789,39.189998626708984,528300,0.0,0.0
2023-02-07 00:00:00-05:00,39.27000045776367,39.650001525878906,37.72999954223633,39.61000061035156,216100,0.0,0.0
2023-02-08 00:00:00-05:00,39.47999954223633,39.88999938964844,38.625,38.849998474121094,230400,0.0,0.0
2023-02-09 00:00:00-05:00,38.97999954223633,39.61000061035156,38.665000915527344,38.849998474121094,244000,0.0,0.0
2023-02-10 00:00:00-05:00,38.720001220703125,39.54999923706055,38.290000915527344,39.529998779296875,344600,0.0,0.0
2023-02-13 00:00:00-05:00,39.599998474121094,40.939998626708984,38.948001861572266,40.279998779296875,730900,0.0,0.0
2023-02-14 00:00:00-05:00,40.16999816894531,41.25,39.255001068115234,39.709999084472656,514200,0.0,0.0
2023-02-15 00:00:00-05:00,39.41999816894531,39.93000030517578,38.08000183105469,38.810001373291016,360500,0.0,0.0
2023-02-16 00:00:00-05:00,38.5,39.09000015258789,37.86600112915039,38.209999084472656,298600,0.0,0.0
2023-02-17 00:00:00-05:00,38.209999084472656,38.61000061035156,37.900001525878906,38.34000015258789,148800,0.0,0.0
2023-02-21 00:00:00-05:00,38.25,38.25,36.040000915527344,36.5099983215332,671900,0.0,0.0
2023-02-22 00:00:00-05:00,36.619998931884766,37.4900016784668,36.290000915527344,37.09000015258789,264700,0.0,0.0
2023-02-23 00:00:00-05:00,37.20000076293945,38.61000061035156,36.9900016784668,38.33000183105469,336100,0.0,0.0
2023-02-24 00:00:00-05:00,37.869998931884766,39.19499969482422,37.45500183105469,38.72999954223633,273200,0.0,0.0
2023-02-27 00:00:00-05:00,38.880001068115234,39.02000045776367,38.02000045776367,38.70000076293945,247400,0.0,0.0
2023-02-28 00:00:00-05:00,38.849998474121094,39.529998779296875,38.29999923706055,39.459999084472656,359900,0.0,0.0
2023-03-01 00:00:00-05:00,39.75,40.68000030517578,39.459999084472656,40.349998474121094,546500,0.0,0.0
2023-03-02 00:00:00-05:00,40.0,40.0,36.97999954223633,37.369998931884766,1423500,0.0,0.0
2023-03-03 00:00:00-05:00,37.369998931884766,38.0,36.81999969482422,37.0099983215332,508800,0.0,0.0
2023-03-06 00:00:00-05:00,36.97999954223633,37.20000076293945,36.459999084472656,37.130001068115234,393900,0.0,0.0
2023-03-07 00:00:00-05:00,37.18000030517578,37.369998931884766,35.61000061035156,36.040000915527344,397700,0.0,0.0
2023-03-08 00:00:00-05:00,36.040000915527344,36.20000076293945,35.43000030517578,36.20000076293945,321000,0.0,0.0
2023-03-09 00:00:00-05:00,36.33000183105469,36.7599983215332,35.095001220703125,35.45000076293945,415700,0.0,0.0
2023-03-10 00:00:00-05:00,35.0,36.439998626708984,33.89500045776367,34.18000030517578,651100,0.0,0.0
2023-03-13 00:00:00-04:00,33.95000076293945,34.91999816894531,33.58000183105469,34.22999954223633,344300,0.0,0.0
2023-03-14 00:00:00-04:00,34.619998931884766,35.17499923706055,33.90999984741211,34.4900016784668,251600,0.0,0.0
2023-03-15 00:00:00-04:00,34.13999938964844,34.185001373291016,33.0,33.97999954223633,218500,0.0,0.0
2023-03-16 00:00:00-04:00,33.75,34.470001220703125,32.63999938964844,34.13999938964844,277600,0.0,0.0
2023-03-17 00:00:00-04:00,33.86000061035156,33.939998626708984,33.13999938964844,33.59000015258789,698400,0.0,0.0
2023-03-20 00:00:00-04:00,33.72999954223633,34.79999923706055,33.380001068115234,34.599998474121094,180400,0.0,0.0
2023-03-21 00:00:00-04:00,34.779998779296875,34.779998779296875,33.41999816894531,33.459999084472656,310100,0.0,0.0
2023-03-22 00:00:00-04:00,33.40999984741211,33.972999572753906,32.689998626708984,33.54999923706055,529100,0.0,0.0
2023-03-23 00:00:00-04:00,33.90999984741211,34.595001220703125,32.939998626708984,33.9900016784668,468100,0.0,0.0
2023-03-24 00:00:00-04:00,33.619998931884766,35.25,33.060001373291016,35.04999923706055,528300,0.0,0.0
2023-03-27 00:00:00-04:00,34.970001220703125,35.11000061035156,34.13999938964844,34.439998626708984,617600,0.0,0.0
2023-03-28 00:00:00-04:00,34.369998931884766,34.790000915527344,33.2400016784668,34.619998931884766,414700,0.0,0.0
2023-03-29 00:00:00-04:00,34.90999984741211,36.58000183105469,34.650001525878906,36.16999816894531,432900,0.0,0.0
2023-03-30 00:00:00-04:00,36.33000183105469,36.470001220703125,35.275001525878906,35.61000061035156,332200,0.0,0.0
2023-03-31 00:00:00-04:00,35.779998779296875,36.525001525878906,35.32500076293945,35.790000915527344,290100,0.0,0.0
2023-04-03 00:00:00-04:00,35.52000045776367,36.709999084472656,35.5,36.689998626708984,438900,0.0,0.0
2023-04-04 00:00:00-04:00,36.70000076293945,36.81999969482422,35.63999938964844,36.08000183105469,226300,0.0,0.0
2023-04-05 00:00:00-04:00,35.900001525878906,36.334999084472656,34.83000183105469,34.91999816894531,266500,0.0,0.0
2023-04-06 00:00:00-04:00,34.88999938964844,35.95000076293945,34.56999969482422,35.13999938964844,450100,0.0,0.0
2023-04-10 00:00:00-04:00,35.04999923706055,35.2400016784668,33.599998474121094,34.84000015258789,330000,0.0,0.0
2023-04-11 00:00:00-04:00,34.91999816894531,35.619998931884766,34.79499816894531,35.220001220703125,244100,0.0,0.0
2023-04-12 00:00:00-04:00,35.47999954223633,36.435001373291016,34.93000030517578,35.290000915527344,448700,0.0,0.0
2023-04-13 00:00:00-04:00,35.45000076293945,36.83000183105469,34.66999816894531,36.2599983215332,421300,0.0,0.0
2023-04-14 00:00:00-04:00,36.22999954223633,36.59000015258789,35.375,35.599998474121094,313400,0.0,0.0
2023-04-17 00:00:00-04:00,35.790000915527344,37.209999084472656,35.755001068115234,37.04999923706055,190600,0.0,0.0
2023-04-18 00:00:00-04:00,37.380001068115234,37.88999938964844,36.974998474121094,37.54999923706055,310100,0.0,0.0
2023-04-19 00:00:00-04:00,37.349998474121094,38.119998931884766,37.13999938964844,38.0,263900,0.0,0.0
2023-04-20 00:00:00-04:00,37.849998474121094,38.470001220703125,37.724998474121094,38.20000076293945,199700,0.0,0.0
2023-04-21 00:00:00-04:00,38.16999816894531,39.61000061035156,37.95000076293945,39.38999938964844,676300,0.0,0.0
2023-04-24 00:00:00-04:00,39.630001068115234,40.0,39.040000915527344,39.2599983215332,658300,0.0,0.0
2023-04-25 00:00:00-04:00,39.97999954223633,40.720001220703125,39.4900016784668,39.77000045776367,467100,0.0,0.0
2023-04-26 00:00:00-04:00,39.5,40.19200134277344,39.04999923706055,39.52000045776367,356200,0.0,0.0
2023-04-27 00:00:00-04:00,39.5099983215332,39.52000045776367,38.5099983215332,39.380001068115234,385100,0.0,0.0
2023-04-28 00:00:00-04:00,39.25,40.380001068115234,38.40999984741211,40.279998779296875,473700,0.0,0.0
2023-05-01 00:00:00-04:00,40.27000045776367,41.25,39.81999969482422,39.97999954223633,368900,0.0,0.0
2023-05-02 00:00:00-04:00,39.900001525878906,40.77000045776367,39.88999938964844,40.18000030517578,494600,0.0,0.0
2023-05-03 00:00:00-04:00,40.209999084472656,41.22999954223633,40.10499954223633,40.779998779296875,330200,0.0,0.0
2023-05-04 00:00:00-04:00,40.70000076293945,41.599998474121094,40.119998931884766,41.36000061035156,443700,0.0,0.0
2023-05-05 00:00:00-04:00,41.630001068115234,42.650001525878906,41.41999816894531,42.41999816894531,358700,0.0,0.0
2023-05-08 00:00:00-04:00,42.470001220703125,42.630001068115234,41.58000183105469,42.5,286100,0.0,0.0
2023-05-09 00:00:00-04:00,42.380001068115234,43.56999969482422,42.13999938964844,43.540000915527344,594700,0.0,0.0
2023-05-10 00:00:00-04:00,41.810001373291016,42.810001373291016,39.8650016784668,41.13999938964844,874000,0.0,0.0
2023-05-11 00:00:00-04:00,41.189998626708984,42.189998626708984,40.59000015258789,40.9900016784668,490000,0.0,0.0
2023-05-12 00:00:00-04:00,41.0099983215332,41.189998626708984,39.900001525878906,40.15999984741211,452000,0.0,0.0
2023-05-15 00:00:00-04:00,40.400001525878906,42.5,40.400001525878906,41.7400016784668,378900,0.0,0.0
2023-05-16 00:00:00-04:00,41.66999816894531,41.66999816894531,40.64500045776367,41.119998931884766,241100,0.0,0.0
2023-05-17 00:00:00-04:00,41.119998931884766,41.45000076293945,40.25,41.310001373291016,284500,0.0,0.0
2023-05-18 00:00:00-04:00,41.150001525878906,41.279998779296875,40.20500183105469,40.77000045776367,233900,0.0,0.0
2023-05-19 00:00:00-04:00,41.16999816894531,41.689998626708984,40.939998626708984,41.02000045776367,158700,0.0,0.0
2023-05-22 00:00:00-04:00,41.13999938964844,42.18000030517578,40.56399917602539,42.13999938964844,175100,0.0,0.0
2023-05-23 00:00:00-04:00,42.09000015258789,42.939998626708984,41.66999816894531,41.84000015258789,366500,0.0,0.0
2023-05-24 00:00:00-04:00,41.529998779296875,41.66999816894531,40.630001068115234,41.400001525878906,223300,0.0,0.0
2023-05-25 00:00:00-04:00,41.459999084472656,41.459999084472656,40.09000015258789,40.5099983215332,250800,0.0,0.0
2023-05-26 00:00:00-04:00,40.5099983215332,41.220001220703125,40.0,40.09000015258789,157600,0.0,0.0
2023-05-30 00:00:00-04:00,39.91999816894531,41.0,38.290000915527344,38.369998931884766,531000,0.0,0.0
2023-05-31 00:00:00-04:00,38.4900016784668,39.33000183105469,38.11000061035156,38.529998779296875,501900,0.0,0.0
2023-06-01 00:00:00-04:00,38.439998626708984,40.36000061035156,38.13999938964844,38.650001525878906,369500,0.0,0.0
2023-06-02 00:00:00-04:00,38.7400016784668,39.08000183105469,38.08000183105469,38.959999084472656,351500,0.0,0.0
2023-06-05 00:00:00-04:00,38.84000015258789,39.59000015258789,38.625,39.5,315000,0.0,0.0
2023-06-06 00:00:00-04:00,39.25,40.22999954223633,39.20000076293945,40.0099983215332,386100,0.0,0.0
2023-06-07 00:00:00-04:00,40.029998779296875,42.0099983215332,39.45000076293945,41.65999984741211,668900,0.0,0.0
2023-06-08 00:00:00-04:00,41.56999969482422,42.900001525878906,41.33000183105469,42.5099983215332,496500,0.0,0.0
2023-06-09 00:00:00-04:00,42.43000030517578,42.72999954223633,41.91999816894531,42.02000045776367,398100,0.0,0.0
2023-06-12 00:00:00-04:00,42.36000061035156,42.88999938964844,41.40999984741211,42.349998474121094,215000,0.0,0.0
2023-06-13 00:00:00-04:00,42.5099983215332,43.75,42.0,43.13999938964844,395200,0.0,0.0
2023-06-14 00:00:00-04:00,43.060001373291016,43.060001373291016,41.369998931884766,42.61000061035156,593200,0.0,0.0
2023-06-15 00:00:00-04:00,42.540000915527344,42.75,40.97999954223633,42.029998779296875,634300,0.0,0.0
2023-06-16 00:00:00-04:00,42.310001373291016,42.310001373291016,40.560001373291016,40.790000915527344,490800,0.0,0.0
2023-06-20 00:00:00-04:00,40.4900016784668,41.189998626708984,40.150001525878906,41.099998474121094,380400,0.0,0.0
2023-06-21 00:00:00-04:00,40.959999084472656,41.70000076293945,40.43000030517578,41.66999816894531,231100,0.0,0.0
2023-06-22 00:00:00-04:00,41.45000076293945,41.90999984741211,40.630001068115234,40.66999816894531,180700,0.0,0.0
2023-06-23 00:00:00-04:00,40.34000015258789,40.525001525878906,39.900001525878906,40.0099983215332,294100,0.0,0.0
2023-06-26 00:00:00-04:00,39.88999938964844,41.32400131225586,38.95000076293945,39.029998779296875,249500,0.0,0.0
2023-06-27 00:00:00-04:00,38.970001220703125,40.220001220703125,38.525001525878906,40.11000061035156,599000,0.0,0.0
2023-06-28 00:00:00-04:00,40.209999084472656,40.5,39.60499954223633,40.470001220703125,277000,0.0,0.0
2023-06-29 00:00:00-04:00,40.38999938964844,41.310001373291016,38.27000045776367,38.43000030517578,257500,0.0,0.0
2023-06-30 00:00:00-04:00,38.72999954223633,39.4900016784668,38.334999084472656,38.5,255700,0.0,0.0
2023-07-03 00:00:00-04:00,38.40999984741211,39.93000030517578,38.0,38.25,157600,0.0,0.0
2023-07-05 00:00:00-04:00,38.33000183105469,38.9900016784668,37.880001068115234,38.45000076293945,145600,0.0,0.0
2023-07-06 00:00:00-04:00,38.02000045776367,39.16999816894531,37.86000061035156,38.91999816894531,206700,0.0,0.0
2023-07-07 00:00:00-04:00,38.95000076293945,39.40999984741211,38.279998779296875,38.70000076293945,267300,0.0,0.0
2023-07-10 00:00:00-04:00,38.630001068115234,39.040000915527344,38.310001373291016,38.59000015258789,219500,0.0,0.0
2023-07-11 00:00:00-04:00,38.4900016784668,39.720001220703125,38.176998138427734,39.63999938964844,182600,0.0,0.0
2023-07-12 00:00:00-04:00,39.939998626708984,39.939998626708984,38.060001373291016,38.70000076293945,337000,0.0,0.0
2023-07-13 00:00:00-04:00,38.70000076293945,39.06999969482422,38.060001373291016,38.09000015258789,250900,0.0,0.0
2023-07-14 00:00:00-04:00,38.16999816894531,38.869998931884766,37.505001068115234,38.849998474121094,180000,0.0,0.0
2023-07-17 00:00:00-04:00,39.02000045776367,40.040000915527344,39.02000045776367,39.119998931884766,354400,0.0,0.0
2023-07-18 00:00:00-04:00,39.09000015258789,39.31999969482422,38.439998626708984,39.04999923706055,249300,0.0,0.0
2023-07-19 00:00:00-04:00,39.2400016784668,39.5099983215332,38.54999923706055,39.150001525878906,187100,0.0,0.0
2023-07-20 00:00:00-04:00,39.119998931884766,39.30500030517578,37.81999969482422,37.880001068115234,355000,0.0,0.0
2023-07-21 00:00:00-04:00,38.029998779296875,38.11000061035156,36.849998474121094,37.0099983215332,268700,0.0,0.0
2023-07-24 00:00:00-04:00,37.130001068115234,37.130001068115234,36.15999984741211,36.38999938964844,454700,0.0,0.0
2023-07-25 00:00:00-04:00,36.25,37.119998931884766,36.040000915527344,36.4900016784668,322500,0.0,0.0
2023-07-26 00:00:00-04:00,36.439998626708984,37.099998474121094,35.415000915527344,35.79999923706055,352100,0.0,0.0
2023-07-27 00:00:00-04:00,35.849998474121094,36.130001068115234,35.255001068115234,35.83000183105469,297700,0.0,0.0
2023-07-28 00:00:00-04:00,36.11000061035156,36.709999084472656,35.54999923706055,36.66999816894531,245000,0.0,0.0
2023-07-31 00:00:00-04:00,36.65999984741211,37.4900016784668,36.275001525878906,36.91999816894531,193100,0.0,0.0
2023-08-01 00:00:00-04:00,36.91999816894531,38.43000030517578,36.73500061035156,37.380001068115234,331500,0.0,0.0
2023-08-02 00:00:00-04:00,37.220001220703125,38.029998779296875,36.81999969482422,37.790000915527344,331500,0.0,0.0
2023-08-03 00:00:00-04:00,37.70000076293945,38.22999954223633,36.56999969482422,37.63999938964844,348000,0.0,0.0
2023-08-04 00:00:00-04:00,37.689998626708984,38.33000183105469,37.31999969482422,38.16999816894531,226400,0.0,0.0
2023-08-07 00:00:00-04:00,37.970001220703125,38.20000076293945,35.5099983215332,35.5099983215332,606200,0.0,0.0
2023-08-08 00:00:00-04:00,35.650001525878906,36.18000030517578,35.34000015258789,35.349998474121094,348100,0.0,0.0
2023-08-09 00:00:00-04:00,35.369998931884766,36.185001373291016,35.060001373291016,35.45000076293945,461800,0.0,0.0
2023-08-10 00:00:00-04:00,36.2400016784668,38.95000076293945,36.189998626708984,38.38999938964844,978700,0.0,0.0
2023-08-11 00:00:00-04:00,38.2400016784668,38.625,37.689998626708984,37.70000076293945,305600,0.0,0.0
2023-08-14 00:00:00-04:00,37.68000030517578,38.09000015258789,37.060001373291016,37.540000915527344,276500,0.0,0.0
2023-08-15 00:00:00-04:00,37.459999084472656,37.81999969482422,36.93000030517578,37.36000061035156,176700,0.0,0.0
2023-08-16 00:00:00-04:00,37.130001068115234,37.55500030517578,36.189998626708984,36.470001220703125,394000,0.0,0.0
2023-08-17 00:00:00-04:00,36.56999969482422,36.939998626708984,34.939998626708984,35.06999969482422,606700,0.0,0.0
2023-08-18 00:00:00-04:00,34.939998626708984,36.4900016784668,34.939998626708984,36.4900016784668,522600,0.0,0.0
2023-08-21 00:00:00-04:00,36.40999984741211,38.2599983215332,36.40999984741211,38.06999969482422,593800,0.0,0.0
2023-08-22 00:00:00-04:00,38.06999969482422,38.80500030517578,37.689998626708984,38.38999938964844,289200,0.0,0.0
2023-08-23 00:00:00-04:00,38.540000915527344,39.279998779296875,38.314998626708984,38.59000015258789,189000,0.0,0.0
2023-08-24 00:00:00-04:00,38.650001525878906,38.95000076293945,37.77000045776367,38.29999923706055,246000,0.0,0.0
2023-08-25 00:00:00-04:00,38.220001220703125,38.61000061035156,36.959999084472656,38.04999923706055,144700,0.0,0.0
2023-08-28 00:00:00-04:00,38.290000915527344,38.595001220703125,37.93000030517578,38.38999938964844,127200,0.0,0.0
2023-08-29 00:00:00-04:00,38.36000061035156,39.04499816894531,38.04999923706055,38.56999969482422,297600,0.0,0.0
2023-08-30 00:00:00-04:00,38.72999954223633,39.18000030517578,38.0,38.880001068115234,381600,0.0,0.0
2023-08-31 00:00:00-04:00,38.9900016784668,39.27000045776367,38.474998474121094,38.97999954223633,385400,0.0,0.0
2023-09-01 00:00:00-04:00,39.2400016784668,40.1349983215332,39.09000015258789,39.72999954223633,211600,0.0,0.0
2023-09-05 00:00:00-04:00,39.75,39.959999084472656,38.900001525878906,39.310001373291016,291700,0.0,0.0
2023-09-06 00:00:00-04:00,39.52000045776367,39.68000030517578,38.404998779296875,39.09000015258789,197000,0.0,0.0
2023-09-07 00:00:00-04:00,38.900001525878906,39.380001068115234,38.63999938964844,38.68000030517578,321100,0.0,0.0
2023-09-08 00:00:00-04:00,38.81999969482422,39.0,37.939998626708984,38.13999938964844,214400,0.0,0.0
2023-09-11 00:00:00-04:00,38.18000030517578,38.189998626708984,37.33000183105469,37.380001068115234,261300,0.0,0.0
2023-09-12 00:00:00-04:00,37.369998931884766,37.849998474121094,37.244998931884766,37.27000045776367,196600,0.0,0.0
2023-09-13 00:00:00-04:00,37.540000915527344,37.900001525878906,36.72999954223633,36.959999084472656,339400,0.0,0.0
2023-09-14 00:00:00-04:00,36.97999954223633,37.709999084472656,36.650001525878906,36.68000030517578,570800,0.0,0.0
2023-09-15 00:00:00-04:00,36.880001068115234,37.560001373291016,36.334999084472656,36.86000061035156,341800,0.0,0.0
2023-09-18 00:00:00-04:00,36.79999923706055,36.91999816894531,36.02000045776367,36.84000015258789,286400,0.0,0.0
2023-09-19 00:00:00-04:00,36.959999084472656,37.2599983215332,36.584999084472656,36.720001220703125,334500,0.0,0.0
2023-09-20 00:00:00-04:00,36.95000076293945,37.88999938964844,35.7599983215332,35.84000015258789,362000,0.0,0.0
2023-09-21 00:00:00-04:00,35.63999938964844,36.595001220703125,34.880001068115234,35.7599983215332,530600,0.0,0.0
2023-09-22 00:00:00-04:00,35.7599983215332,36.0260009765625,35.04999923706055,35.16999816894531,267800,0.0,0.0
2023-09-25 00:00:00-04:00,35.0099983215332,35.81999969482422,34.66999816894531,35.310001373291016,372500,0.0,0.0
2023-09-26 00:00:00-04:00,35.40999984741211,35.84000015258789,34.70000076293945,35.029998779296875,404900,0.0,0.0
2023-09-27 00:00:00-04:00,35.130001068115234,35.560001373291016,34.81999969482422,35.099998474121094,1596200,0.0,0.0
2023-09-28 00:00:00-04:00,35.130001068115234,35.47999954223633,33.93000030517578,35.33000183105469,590400,0.0,0.0
2023-09-29 00:00:00-04:00,35.40999984741211,36.20500183105469,34.09000015258789,34.15999984741211,493100,0.0,0.0
2023-10-02 00:00:00-04:00,34.43000030517578,34.619998931884766,33.04999923706055,33.060001373291016,386900,0.0,0.0
2023-10-03 00:00:00-04:00,32.779998779296875,33.77000045776367,32.650001525878906,33.58000183105469,382100,0.0,0.0
2023-10-04 00:00:00-04:00,33.59000015258789,33.970001220703125,32.720001220703125,33.5,356800,0.0,0.0
2023-10-05 00:00:00-04:00,33.540000915527344,35.41999816894531,33.250999450683594,35.16999816894531,699100,0.0,0.0
2023-10-06 00:00:00-04:00,35.189998626708984,35.880001068115234,32.64500045776367,35.61000061035156,256400,0.0,0.0
2023-10-09 00:00:00-04:00,35.38999938964844,35.900001525878906,35.189998626708984,35.4900016784668,235500,0.0,0.0
2023-10-10 00:00:00-04:00,35.599998474121094,36.779998779296875,35.52000045776367,36.689998626708984,573000,0.0,0.0
2023-10-11 00:00:00-04:00,36.970001220703125,36.970001220703125,34.93000030517578,35.380001068115234,332300,0.0,0.0
2023-10-12 00:00:00-04:00,35.27000045776367,35.540000915527344,34.47999954223633,34.720001220703125,225500,0.0,0.0
2023-10-13 00:00:00-04:00,34.720001220703125,35.439998626708984,33.43000030517578,35.13999938964844,192500,0.0,0.0
2023-10-16 00:00:00-04:00,35.279998779296875,35.45000076293945,34.61000061035156,34.97999954223633,498900,0.0,0.0
2023-10-17 00:00:00-04:00,34.95000076293945,35.709999084472656,34.720001220703125,35.290000915527344,224900,0.0,0.0
2023-10-18 00:00:00-04:00,35.029998779296875,35.14500045776367,34.5,34.91999816894531,230300,0.0,0.0
2023-10-19 00:00:00-04:00,35.06999969482422,35.314998626708984,34.494998931884766,34.95000076293945,559400,0.0,0.0
2023-10-20 00:00:00-04:00,34.95000076293945,35.43000030517578,32.959999084472656,33.2400016784668,466900,0.0,0.0
2023-10-23 00:00:00-04:00,33.2400016784668,33.2400016784668,32.36000061035156,32.70000076293945,364100,0.0,0.0
2023-10-24 00:00:00-04:00,32.88999938964844,33.459999084472656,32.2599983215332,33.150001525878906,362900,0.0,0.0
2023-10-25 00:00:00-04:00,32.810001373291016,34.22700119018555,32.345001220703125,32.95000076293945,245900,0.0,0.0
2023-10-26 00:00:00-04:00,33.040000915527344,33.09000015258789,30.90999984741211,31.139999389648438,560100,0.0,0.0
2023-10-27 00:00:00-04:00,31.040000915527344,31.920000076293945,30.459999084472656,30.8700008392334,734500,0.0,0.0
2023-10-30 00:00:00-04:00,31.3799991607666,31.950000762939453,30.649999618530273,31.5,453900,0.0,0.0
2023-10-31 00:00:00-04:00,31.31999969482422,31.780000686645508,30.06999969482422,31.0,653500,0.0,0.0
2023-11-01 00:00:00-04:00,31.170000076293945,31.479999542236328,30.274999618530273,31.219999313354492,447000,0.0,0.0
2023-11-02 00:00:00-04:00,31.549999237060547,33.1150016784668,31.549999237060547,33.06999969482422,723200,0.0,0.0
2023-11-03 00:00:00-04:00,33.369998931884766,33.87699890136719,32.76499938964844,32.880001068115234,455800,0.0,0.0
2023-11-06 00:00:00-05:00,32.880001068115234,32.900001525878906,32.099998474121094,32.86000061035156,424000,0.0,0.0
2023-11-07 00:00:00-05:00,32.869998931884766,33.26499938964844,31.760000228881836,31.790000915527344,882900,0.0,0.0
2023-11-08 00:00:00-05:00,31.799999237060547,32.20000076293945,31.110000610351562,32.150001525878906,444800,0.0,0.0
2023-11-09 00:00:00-05:00,33.41999816894531,34.24599838256836,29.670000076293945,30.0,2140700,0.0,0.0
2023-11-10 00:00:00-05:00,29.649999618530273,30.350000381469727,28.549999237060547,28.829999923706055,904700,0.0,0.0
2023-11-13 00:00:00-05:00,28.6200008392334,29.950000762939453,27.985000610351562,29.700000762939453,627000,0.0,0.0
2023-11-14 00:00:00-05:00,30.440000534057617,31.15999984741211,29.540000915527344,29.75,673500,0.0,0.0
2023-11-15 00:00:00-05:00,29.670000076293945,30.049999237060547,29.1200008392334,29.149999618530273,580500,0.0,0.0
2023-11-16 00:00:00-05:00,29.190000534057617,29.190000534057617,28.100000381469727,28.700000762939453,531500,0.0,0.0
2023-11-17 00:00:00-05:00,29.079999923706055,29.719999313354492,28.475000381469727,29.440000534057617,626600,0.0,0.0
2023-11-20 00:00:00-05:00,29.459999084472656,29.899999618530273,28.7450008392334,29.09000015258789,472400,0.0,0.0
2023-11-21 00:00:00-05:00,28.889999389648438,30.049999237060547,28.770000457763672,30.030000686645508,584000,0.0,0.0
2023-11-22 00:00:00-05:00,30.190000534057617,30.25,28.549999237060547,28.729999542236328,446400,0.0,0.0
2023-11-24 00:00:00-05:00,28.739999771118164,29.190000534057617,28.201000213623047,28.969999313354492,347400,0.0,0.0
2023-11-27 00:00:00-05:00,29.0,34.2599983215332,29.0,34.119998931884766,3379800,0.0,0.0
2023-11-28 00:00:00-05:00,34.41999816894531,35.75,33.619998931884766,35.2400016784668,1031500,0.0,0.0
2023-11-29 00:00:00-05:00,35.29999923706055,36.15700149536133,33.7400016784668,33.75,377300,0.0,0.0
2023-11-30 00:00:00-05:00,35.45000076293945,38.13999938964844,35.18000030517578,36.58000183105469,2691400,0.0,0.0
2023-12-01 00:00:00-05:00,35.81999969482422,37.599998474121094,35.77000045776367,36.79999923706055,654100,0.0,0.0
2023-12-04 00:00:00-05:00,37.20000076293945,37.89699935913086,35.75,37.7599983215332,859100,0.0,0.0
2023-12-05 00:00:00-05:00,37.90999984741211,38.79999923706055,37.20000076293945,38.7400016784668,506800,0.0,0.0
2023-12-06 00:00:00-05:00,38.88999938964844,39.470001220703125,38.2599983215332,38.630001068115234,768100,0.0,0.0
2023-12-07 00:00:00-05:00,38.84000015258789,39.439998626708984,38.13999938964844,39.040000915527344,441500,0.0,0.0
2023-12-08 00:00:00-05:00,39.369998931884766,40.334999084472656,38.25,38.34000015258789,318200,0.0,0.0
2023-12-11 00:00:00-05:00,38.38999938964844,38.65999984741211,37.2400016784668,38.33000183105469,557000,0.0,0.0
2023-12-12 00:00:00-05:00,38.33000183105469,39.9900016784668,37.95000076293945,39.68000030517578,512900,0.0,0.0
2023-12-13 00:00:00-05:00,39.720001220703125,40.25,38.810001373291016,39.900001525878906,474400,0.0,0.0
2023-12-14 00:00:00-05:00,40.540000915527344,41.279998779296875,39.22999954223633,41.2400016784668,1251000,0.0,0.0
2023-12-15 00:00:00-05:00,41.380001068115234,42.04999923706055,39.97999954223633,41.40999984741211,794700,0.0,0.0
2023-12-18 00:00:00-05:00,41.650001525878906,42.15999984741211,40.939998626708984,41.150001525878906,559700,0.0,0.0
2023-12-19 00:00:00-05:00,41.93000030517578,42.61000061035156,41.53499984741211,42.0099983215332,530500,0.0,0.0
2023-12-20 00:00:00-05:00,41.619998931884766,41.790000915527344,40.66999816894531,41.0,556600,0.0,0.0
2023-12-21 00:00:00-05:00,41.599998474121094,41.900001525878906,41.02000045776367,41.529998779296875,384300,0.0,0.0
2023-12-22 00:00:00-05:00,42.5,45.56999969482422,42.12900161743164,44.630001068115234,1484700,0.0,0.0
2023-12-26 00:00:00-05:00,44.709999084472656,45.810001373291016,44.38999938964844,45.79999923706055,668100,0.0,0.0
2023-12-27 00:00:00-05:00,45.95000076293945,46.66999816894531,45.040000915527344,46.459999084472656,511900,0.0,0.0
2023-12-28 00:00:00-05:00,46.459999084472656,47.0,46.02000045776367,46.29999923706055,802700,0.0,0.0
2023-12-29 00:00:00-05:00,46.29999923706055,46.61000061035156,45.790000915527344,46.060001373291016,658000,0.0,0.0
2024-01-02 00:00:00-05:00,45.4900016784668,46.16999816894531,44.09000015258789,44.90999984741211,727800,0.0,0.0
2024-01-03 00:00:00-05:00,44.70000076293945,44.90999984741211,44.09000015258789,44.189998626708984,304400,0.0,0.0
2024-01-04 00:00:00-05:00,46.099998474121094,46.97999954223633,44.25,46.02000045776367,1252100,0.0,0.0
2024-01-05 00:00:00-05:00,45.63999938964844,46.029998779296875,44.93000030517578,45.5,585900,0.0,0.0
2024-01-08 00:00:00-05:00,45.2599983215332,48.0,45.02000045776367,47.880001068115234,749300,0.0,0.0
2024-01-09 00:00:00-05:00,47.5099983215332,47.974998474121094,46.66999816894531,47.150001525878906,713900,0.0,0.0
2024-01-10 00:00:00-05:00,47.060001373291016,47.630001068115234,44.48500061035156,45.08000183105469,447400,0.0,0.0
2024-01-11 00:00:00-05:00,44.56999969482422,45.6150016784668,43.880001068115234,44.91999816894531,631900,0.0,0.0
2024-01-12 00:00:00-05:00,45.400001525878906,45.75,44.76499938964844,45.09000015258789,384200,0.0,0.0
2024-01-16 00:00:00-05:00,44.810001373291016,45.84000015258789,44.625,45.83000183105469,538400,0.0,0.0
2024-01-17 00:00:00-05:00,45.189998626708984,45.689998626708984,44.70000076293945,45.630001068115234,600200,0.0,0.0
2024-01-18 00:00:00-05:00,45.709999084472656,45.77000045776367,43.94499969482422,44.099998474121094,416400,0.0,0.0
2024-01-19 00:00:00-05:00,44.2599983215332,44.34000015258789,43.25,43.77000045776367,328200,0.0,0.0
2024-01-22 00:00:00-05:00,44.02000045776367,45.380001068115234,43.525001525878906,45.20000076293945,512200,0.0,0.0
2024-01-23 00:00:00-05:00,45.20000076293945,45.52000045776367,44.189998626708984,45.04999923706055,305000,0.0,0.0
2024-01-24 00:00:00-05:00,45.470001220703125,45.470001220703125,43.869998931884766,44.029998779296875,313700,0.0,0.0
2024-01-25 00:00:00-05:00,44.099998474121094,45.189998626708984,43.75,45.150001525878906,324500,0.0,0.0
2024-01-26 00:00:00-05:00,45.11000061035156,45.72999954223633,44.869998931884766,45.63999938964844,340500,0.0,0.0
2024-01-29 00:00:00-05:00,45.61000061035156,47.16999816894531,45.29999923706055,46.5,470700,0.0,0.0
2024-01-30 00:00:00-05:00,46.189998626708984,46.779998779296875,45.380001068115234,45.66999816894531,358900,0.0,0.0
2024-01-31 00:00:00-05:00,45.75,46.459999084472656,45.220001220703125,45.220001220703125,227000,0.0,0.0
2024-02-01 00:00:00-05:00,45.43000030517578,47.029998779296875,44.970001220703125,46.43000030517578,246900,0.0,0.0
2024-02-02 00:00:00-05:00,45.79999923706055,46.060001373291016,44.915000915527344,45.91999816894531,227900,0.0,0.0
2024-02-05 00:00:00-05:00,45.90999984741211,46.75,44.630001068115234,46.38999938964844,483200,0.0,0.0
2024-02-06 00:00:00-05:00,46.310001373291016,47.90999984741211,46.10499954223633,47.68000030517578,371200,0.0,0.0
2024-02-07 00:00:00-05:00,47.72999954223633,48.0,46.66999816894531,47.130001068115234,383400,0.0,0.0
2024-02-08 00:00:00-05:00,47.380001068115234,48.310001373291016,46.93000030517578,48.18000030517578,252200,0.0,0.0
2024-02-09 00:00:00-05:00,48.459999084472656,50.08000183105469,48.209999084472656,50.040000915527344,531800,0.0,0.0
2024-02-12 00:00:00-05:00,49.959999084472656,50.97999954223633,48.98500061035156,49.36000061035156,707600,0.0,0.0
2024-02-13 00:00:00-05:00,47.75,49.439998626708984,47.0,48.060001373291016,520000,0.0,0.0
2024-02-14 00:00:00-05:00,48.560001373291016,49.0099983215332,48.16999816894531,48.5,238500,0.0,0.0
2024-02-15 00:00:00-05:00,48.709999084472656,49.060001373291016,48.11000061035156,48.689998626708984,242600,0.0,0.0
2024-02-16 00:00:00-05:00,48.439998626708984,49.04999923706055,48.2599983215332,48.90999984741211,207100,0.0,0.0
2024-02-20 00:00:00-05:00,48.90999984741211,49.22999954223633,47.95000076293945,48.41999816894531,223100,0.0,0.0
2024-02-21 00:00:00-05:00,48.349998474121094,49.099998474121094,47.8489990234375,48.83000183105469,457100,0.0,0.0
2024-02-22 00:00:00-05:00,48.83000183105469,50.59000015258789,48.56999969482422,49.25,734300,0.0,0.0
2024-02-23 00:00:00-05:00,49.209999084472656,49.5099983215332,48.7400016784668,49.459999084472656,296400,0.0,0.0
2024-02-26 00:00:00-05:00,49.2599983215332,50.59000015258789,48.209999084472656,49.130001068115234,409600,0.0,0.0
2024-02-27 00:00:00-05:00,49.599998474121094,49.880001068115234,48.650001525878906,49.630001068115234,493700,0.0,0.0
2024-02-28 00:00:00-05:00,49.25,49.79999923706055,47.63999938964844,47.84000015258789,529600,0.0,0.0
2024-02-29 00:00:00-05:00,47.83000183105469,50.59000015258789,46.54100036621094,47.20000076293945,685700,0.0,0.0
2024-03-01 00:00:00-05:00,49.70000076293945,50.9900016784668,46.70000076293945,46.84000015258789,721300,0.0,0.0
2024-03-04 00:00:00-05:00,47.79999923706055,47.79999923706055,44.810001373291016,45.95000076293945,448700,0.0,0.0
2024-03-05 00:00:00-05:00,46.06999969482422,46.75,45.36000061035156,46.0,290100,0.0,0.0
2024-03-06 00:00:00-05:00,46.0,47.439998626708984,45.540000915527344,45.959999084472656,353200,0.0,0.0
2024-03-07 00:00:00-05:00,46.029998779296875,46.689998626708984,45.650001525878906,46.15999984741211,256500,0.0,0.0
2024-03-08 00:00:00-05:00,46.22999954223633,46.869998931884766,45.4900016784668,46.2400016784668,267200,0.0,0.0
2024-03-11 00:00:00-04:00,45.70000076293945,45.709999084472656,44.029998779296875,44.369998931884766,608600,0.0,0.0
2024-03-12 00:00:00-04:00,44.29999923706055,45.470001220703125,43.90999984741211,44.25,459600,0.0,0.0
2024-03-13 00:00:00-04:00,44.400001525878906,45.154998779296875,44.06999969482422,45.08000183105469,265600,0.0,0.0
2024-03-14 00:00:00-04:00,44.900001525878906,45.029998779296875,43.099998474121094,43.66999816894531,293000,0.0,0.0
2024-03-15 00:00:00-04:00,43.709999084472656,44.45500183105469,43.16999816894531,43.959999084472656,254000,0.0,0.0
2024-03-18 00:00:00-04:00,43.83000183105469,44.369998931884766,42.81999969482422,42.88999938964844,340800,0.0,0.0
2024-03-19 00:00:00-04:00,42.88999938964844,44.5099983215332,42.2400016784668,44.349998474121094,439900,0.0,0.0
2024-03-20 00:00:00-04:00,44.04999923706055,44.04999923706055,43.0,43.790000915527344,190200,0.0,0.0
2024-03-21 00:00:00-04:00,44.11000061035156,44.810001373291016,43.439998626708984,43.45000076293945,312600,0.0,0.0
2024-03-22 00:00:00-04:00,43.65999984741211,44.150001525878906,43.119998931884766,44.0,263700,0.0,0.0
2024-03-25 00:00:00-04:00,43.970001220703125,44.46500015258789,42.5,42.70000076293945,406500,0.0,0.0
2024-03-26 00:00:00-04:00,43.0,43.51499938964844,42.59000015258789,42.65999984741211,184100,0.0,0.0
2024-03-27 00:00:00-04:00,42.7599983215332,43.185001373291016,42.08000183105469,43.0,438100,0.0,0.0
2024-03-28 00:00:00-04:00,42.880001068115234,43.54499816894531,42.375,43.04999923706055,364300,0.0,0.0
2024-04-01 00:00:00-04:00,43.18000030517578,43.18000030517578,41.2599983215332,42.13999938964844,240100,0.0,0.0
2024-04-02 00:00:00-04:00,41.849998474121094,42.0099983215332,41.1349983215332,41.470001220703125,237100,0.0,0.0
2024-04-03 00:00:00-04:00,41.470001220703125,41.75,40.970001220703125,41.29999923706055,276700,0.0,0.0
2024-04-04 00:00:00-04:00,41.5,42.68000030517578,41.36199951171875,42.209999084472656,459300,0.0,0.0
2024-04-05 00:00:00-04:00,42.040000915527344,42.775001525878906,41.47999954223633,42.25,184000,0.0,0.0
2024-04-08 00:00:00-04:00,42.25,42.790000915527344,41.75,42.619998931884766,265300,0.0,0.0
2024-04-09 00:00:00-04:00,42.58000183105469,43.084999084472656,42.46500015258789,43.029998779296875,203500,0.0,0.0
2024-04-10 00:00:00-04:00,42.58000183105469,43.29999923706055,41.9900016784668,42.43000030517578,209200,0.0,0.0
2024-04-11 00:00:00-04:00,42.36000061035156,43.09000015258789,42.13999938964844,42.970001220703125,188200,0.0,0.0
2024-04-12 00:00:00-04:00,42.66999816894531,42.66999816894531,40.540000915527344,41.29999923706055,582400,0.0,0.0
2024-04-15 00:00:00-04:00,41.33000183105469,41.709999084472656,40.619998931884766,41.310001373291016,362000,0.0,0.0
2024-04-16 00:00:00-04:00,41.310001373291016,42.025001525878906,41.0,41.4900016784668,409200,0.0,0.0
2024-04-17 00:00:00-04:00,41.4900016784668,41.9900016784668,41.18000030517578,41.630001068115234,393800,0.0,0.0
2024-04-18 00:00:00-04:00,41.720001220703125,41.720001220703125,39.59000015258789,40.310001373291016,324100,0.0,0.0
2024-04-19 00:00:00-04:00,40.47999954223633,41.2599983215332,39.0099983215332,39.880001068115234,362900,0.0,0.0
2024-04-22 00:00:00-04:00,39.91999816894531,40.310001373291016,39.18000030517578,40.0099983215332,395000,0.0,0.0
2024-04-23 00:00:00-04:00,40.22999954223633,41.59000015258789,39.52000045776367,41.09000015258789,323500,0.0,0.0
2024-04-24 00:00:00-04:00,41.15999984741211,41.15999984741211,39.2400016784668,39.5,325600,0.0,0.0
2024-04-25 00:00:00-04:00,39.33000183105469,40.81999969482422,38.849998474121094,40.099998474121094,256000,0.0,0.0
2024-04-26 00:00:00-04:00,40.02000045776367,40.869998931884766,39.79999923706055,40.5,320800,0.0,0.0
2024-04-29 00:00:00-04:00,40.939998626708984,42.81999969482422,40.599998474121094,42.72999954223633,629000,0.0,0.0
2024-04-30 00:00:00-04:00,42.31999969482422,42.709999084472656,40.650001525878906,40.650001525878906,595900,0.0,0.0
2024-05-01 00:00:00-04:00,41.15999984741211,43.58000183105469,41.15999984741211,42.4900016784668,369000,0.0,0.0
2024-05-02 00:00:00-04:00,42.79999923706055,43.02000045776367,41.849998474121094,43.0,204100,0.0,0.0
2024-05-03 00:00:00-04:00,43.58000183105469,43.790000915527344,42.84000015258789,43.75,252200,0.0,0.0
2024-05-06 00:00:00-04:00,43.869998931884766,44.367000579833984,42.66999816894531,43.189998626708984,267000,0.0,0.0
2024-05-07 00:00:00-04:00,43.400001525878906,43.630001068115234,42.64500045776367,43.43000030517578,140300,0.0,0.0
2024-05-08 00:00:00-04:00,43.209999084472656,43.209999084472656,42.18000030517578,42.93000030517578,113600,0.0,0.0
2024-05-09 00:00:00-04:00,42.93000030517578,43.02000045776367,42.2400016784668,42.4900016784668,182800,0.0,0.0
2024-05-10 00:00:00-04:00,40.7599983215332,42.560001373291016,38.599998474121094,40.540000915527344,527900,0.0,0.0
2024-05-13 00:00:00-04:00,41.04999923706055,42.119998931884766,40.47999954223633,40.47999954223633,316900,0.0,0.0
2024-05-14 00:00:00-04:00,41.04999923706055,42.45000076293945,40.47999954223633,40.58000183105469,295400,0.0,0.0
2024-05-15 00:00:00-04:00,41.08000183105469,41.869998931884766,40.150001525878906,40.45000076293945,355400,0.0,0.0
2024-05-16 00:00:00-04:00,40.290000915527344,41.095001220703125,39.5,40.34000015258789,505200,0.0,0.0
2024-05-17 00:00:00-04:00,40.08000183105469,40.560001373291016,39.47999954223633,39.79999923706055,261500,0.0,0.0
2024-05-20 00:00:00-04:00,39.75,40.43000030517578,39.06999969482422,40.41999816894531,469400,0.0,0.0
2024-05-21 00:00:00-04:00,40.349998474121094,40.65999984741211,38.75,38.97999954223633,359800,0.0,0.0
2024-05-22 00:00:00-04:00,39.099998474121094,39.56999969482422,38.5099983215332,38.79999923706055,418700,0.0,0.0
2024-05-23 00:00:00-04:00,39.0099983215332,39.38999938964844,37.529998779296875,38.459999084472656,591900,0.0,0.0
2024-05-24 00:00:00-04:00,38.34000015258789,40.119998931884766,38.11000061035156,38.369998931884766,193400,0.0,0.0
2024-05-28 00:00:00-04:00,38.77000045776367,39.18000030517578,38.14899826049805,38.61000061035156,331200,0.0,0.0
2024-05-29 00:00:00-04:00,38.099998474121094,38.369998931884766,37.154998779296875,38.290000915527344,264300,0.0,0.0
2024-05-30 00:00:00-04:00,38.41999816894531,39.36000061035156,38.119998931884766,39.040000915527344,305000,0.0,0.0
2024-05-31 00:00:00-04:00,39.15999984741211,39.70000076293945,37.529998779296875,38.06999969482422,778100,0.0,0.0
2024-06-03 00:00:00-04:00,38.540000915527344,39.939998626708984,37.880001068115234,38.439998626708984,354600,0.0,0.0
2024-06-04 00:00:00-04:00,38.4900016784668,38.90999984741211,37.34000015258789,38.099998474121094,683100,0.0,0.0
2024-06-05 00:00:00-04:00,38.20000076293945,38.61000061035156,37.81999969482422,38.15999984741211,301800,0.0,0.0
2024-06-06 00:00:00-04:00,38.25,38.36000061035156,37.2400016784668,37.83000183105469,404800,0.0,0.0
2024-06-07 00:00:00-04:00,37.4900016784668,38.279998779296875,37.4630012512207,37.68000030517578,356000,0.0,0.0
2024-06-10 00:00:00-04:00,37.5,38.33000183105469,37.36000061035156,38.2400016784668,195000,0.0,0.0
2024-06-11 00:00:00-04:00,38.189998626708984,38.29999923706055,37.505001068115234,37.959999084472656,208700,0.0,0.0
2024-06-12 00:00:00-04:00,38.790000915527344,38.97999954223633,37.939998626708984,38.36000061035156,251200,0.0,0.0
2024-06-13 00:00:00-04:00,38.25,38.810001373291016,37.775001525878906,38.040000915527344,300500,0.0,0.0
2024-06-14 00:00:00-04:00,37.75,37.7599983215332,36.54999923706055,37.25,273900,0.0,0.0
2024-06-17 00:00:00-04:00,37.220001220703125,37.380001068115234,36.2400016784668,36.599998474121094,487700,0.0,0.0
2024-06-18 00:00:00-04:00,36.709999084472656,36.95000076293945,35.65999984741211,36.25,668300,0.0,0.0
2024-06-20 00:00:00-04:00,36.06999969482422,37.529998779296875,35.689998626708984,37.09000015258789,681700,0.0,0.0
2024-06-21 00:00:00-04:00,37.400001525878906,37.94900131225586,36.84000015258789,37.4900016784668,614700,0.0,0.0
2024-06-24 00:00:00-04:00,37.72999954223633,37.75,37.08000183105469,37.40999984741211,387300,0.0,0.0
2024-06-25 00:00:00-04:00,37.2599983215332,37.630001068115234,36.44499969482422,37.0,590300,0.0,0.0
2024-06-26 00:00:00-04:00,36.84000015258789,36.84000015258789,35.529998779296875,36.56999969482422,423800,0.0,0.0
2024-06-27 00:00:00-04:00,36.84000015258789,37.5099983215332,35.95000076293945,37.40999984741211,669300,0.0,0.0
2024-06-28 00:00:00-04:00,37.5099983215332,39.099998474121094,37.34000015258789,38.9900016784668,498300,0.0,0.0
2024-07-01 00:00:00-04:00,38.709999084472656,39.54999923706055,37.46500015258789,37.689998626708984,767600,0.0,0.0
2024-07-02 00:00:00-04:00,37.599998474121094,37.63999938964844,36.560001373291016,36.560001373291016,267900,0.0,0.0
2024-07-03 00:00:00-04:00,36.63999938964844,37.0099983215332,35.72999954223633,36.119998931884766,272800,0.0,0.0
2024-07-05 00:00:00-04:00,36.279998779296875,36.95000076293945,35.939998626708984,36.810001373291016,347500,0.0,0.0
2024-07-08 00:00:00-04:00,37.09000015258789,37.70000076293945,37.0,37.189998626708984,533000,0.0,0.0
2024-07-09 00:00:00-04:00,37.04999923706055,39.880001068115234,37.0,39.25,493200,0.0,0.0
2024-07-10 00:00:00-04:00,39.36000061035156,39.810001373291016,38.34000015258789,39.54999923706055,619000,0.0,0.0
2024-07-11 00:00:00-04:00,40.0,41.34000015258789,39.56999969482422,41.18000030517578,332900,0.0,0.0
2024-07-12 00:00:00-04:00,41.779998779296875,43.060001373291016,41.73500061035156,42.91999816894531,690400,0.0,0.0
2024-07-15 00:00:00-04:00,43.20000076293945,44.7400016784668,41.66999816894531,41.900001525878906,966700,0.0,0.0
2024-07-16 00:00:00-04:00,42.220001220703125,42.98500061035156,42.220001220703125,42.939998626708984,557300,0.0,0.0
2024-07-17 00:00:00-04:00,42.7400016784668,42.869998931884766,41.209999084472656,42.09000015258789,322200,0.0,0.0
2024-07-18 00:00:00-04:00,41.63999938964844,42.54999923706055,41.189998626708984,41.66999816894531,335000,0.0,0.0
2024-07-19 00:00:00-04:00,41.650001525878906,42.900001525878906,41.650001525878906,42.72999954223633,297500,0.0,0.0
2024-07-22 00:00:00-04:00,42.689998626708984,43.400001525878906,42.15999984741211,43.119998931884766,423000,0.0,0.0
2024-07-23 00:00:00-04:00,43.130001068115234,43.95000076293945,42.47999954223633,43.779998779296875,464400,0.0,0.0
2024-07-24 00:00:00-04:00,43.5099983215332,44.10499954223633,42.81999969482422,43.72999954223633,531200,0.0,0.0
2024-07-25 00:00:00-04:00,43.97999954223633,44.345001220703125,43.474998474121094,43.849998474121094,424600,0.0,0.0
2024-07-26 00:00:00-04:00,44.220001220703125,44.439998626708984,43.45000076293945,43.959999084472656,275400,0.0,0.0
2024-07-29 00:00:00-04:00,43.959999084472656,44.20000076293945,43.28499984741211,43.86000061035156,435800,0.0,0.0
2024-07-30 00:00:00-04:00,43.84000015258789,44.2239990234375,42.599998474121094,42.779998779296875,365700,0.0,0.0
2024-07-31 00:00:00-04:00,43.0099983215332,44.25,41.7400016784668,43.130001068115234,386500,0.0,0.0
2024-08-01 00:00:00-04:00,43.13999938964844,43.88999938964844,42.36000061035156,43.72999954223633,536100,0.0,0.0
2024-08-02 00:00:00-04:00,43.04999923706055,43.474998474121094,41.970001220703125,43.16999816894531,440400,0.0,0.0
2024-08-05 00:00:00-04:00,42.15999984741211,42.25,40.51499938964844,41.47999954223633,382300,0.0,0.0
2024-08-06 00:00:00-04:00,41.52000045776367,42.7400016784668,40.560001373291016,42.0,300000,0.0,0.0
2024-08-07 00:00:00-04:00,42.43000030517578,42.43000030517578,40.2599983215332,40.369998931884766,249400,0.0,0.0
2024-08-08 00:00:00-04:00,40.4900016784668,41.29999923706055,39.93000030517578,41.0099983215332,192900,0.0,0.0
2024-08-09 00:00:00-04:00,36.91999816894531,42.380001068115234,36.0,39.70000076293945,399100,0.0,0.0
2024-08-12 00:00:00-04:00,39.36000061035156,39.36000061035156,37.5099983215332,38.849998474121094,672100,0.0,0.0
2024-08-13 00:00:00-04:00,38.72999954223633,39.70000076293945,38.400001525878906,38.79999923706055,383500,0.0,0.0
2024-08-14 00:00:00-04:00,38.79999923706055,39.15999984741211,38.4900016784668,38.70000076293945,244800,0.0,0.0
2024-08-15 00:00:00-04:00,39.189998626708984,39.33000183105469,37.7599983215332,38.25,469200,0.0,0.0
2024-08-16 00:00:00-04:00,38.290000915527344,38.48500061035156,37.59000015258789,37.90999984741211,271700,0.0,0.0
2024-08-19 00:00:00-04:00,37.709999084472656,39.61000061035156,37.560001373291016,39.56999969482422,622900,0.0,0.0
2024-08-20 00:00:00-04:00,39.720001220703125,39.875,38.81999969482422,39.5099983215332,230200,0.0,0.0
2024-08-21 00:00:00-04:00,39.709999084472656,39.87699890136719,38.64500045776367,39.13999938964844,348300,0.0,0.0
2024-08-22 00:00:00-04:00,39.13999938964844,39.529998779296875,38.40999984741211,38.63999938964844,286700,0.0,0.0
2024-08-23 00:00:00-04:00,38.88999938964844,40.880001068115234,38.53499984741211,40.7599983215332,363300,0.0,0.0
2024-08-26 00:00:00-04:00,41.08000183105469,41.08000183105469,40.5,40.83000183105469,194300,0.0,0.0
2024-08-27 00:00:00-04:00,40.56999969482422,41.0,40.2400016784668,40.93000030517578,169400,0.0,0.0
2024-08-28 00:00:00-04:00,40.75,40.75,39.349998474121094,40.08000183105469,175800,0.0,0.0
2024-08-29 00:00:00-04:00,40.060001373291016,41.11000061035156,39.529998779296875,40.29999923706055,183400,0.0,0.0
2024-08-30 00:00:00-04:00,40.25,40.56999969482422,39.59000015258789,40.34000015258789,229800,0.0,0.0
2024-09-03 00:00:00-04:00,40.220001220703125,41.709999084472656,39.86000061035156,40.150001525878906,402200,0.0,0.0
2024-09-04 00:00:00-04:00,40.06999969482422,41.119998931884766,39.685001373291016,40.54999923706055,287200,0.0,0.0
2024-09-05 00:00:00-04:00,40.54999923706055,40.54999923706055,39.7400016784668,39.849998474121094,254900,0.0,0.0
2024-09-06 00:00:00-04:00,39.709999084472656,40.029998779296875,38.470001220703125,38.470001220703125,299200,0.0,0.0
2024-09-09 00:00:00-04:00,38.720001220703125,39.349998474121094,38.494998931884766,38.61000061035156,287400,0.0,0.0
2024-09-10 00:00:00-04:00,38.560001373291016,39.7599983215332,38.400001525878906,38.93000030517578,261100,0.0,0.0
2024-09-11 00:00:00-04:00,38.959999084472656,39.380001068115234,38.15999984741211,38.650001525878906,281500,0.0,0.0
2024-09-12 00:00:00-04:00,38.459999084472656,39.529998779296875,38.459999084472656,39.369998931884766,586100,0.0,0.0
2024-09-13 00:00:00-04:00,39.779998779296875,41.720001220703125,39.779998779296875,40.84000015258789,415200,0.0,0.0
2024-09-16 00:00:00-04:00,40.849998474121094,41.22999954223633,39.810001373291016,39.97999954223633,403600,0.0,0.0
2024-09-17 00:00:00-04:00,40.060001373291016,40.72999954223633,39.4900016784668,40.09000015258789,566600,0.0,0.0
2024-09-18 00:00:00-04:00,40.22999954223633,41.470001220703125,40.040000915527344,40.09000015258789,389600,0.0,0.0
2024-09-19 00:00:00-04:00,40.619998931884766,41.38999938964844,40.25,40.790000915527344,220500,0.0,0.0
2024-09-20 00:00:00-04:00,40.900001525878906,41.310001373291016,40.08000183105469,40.150001525878906,312000,0.0,0.0
2024-09-23 00:00:00-04:00,40.11000061035156,40.19499969482422,39.54999923706055,39.650001525878906,221600,0.0,0.0
2024-09-24 00:00:00-04:00,39.72999954223633,40.040000915527344,38.45000076293945,38.93000030517578,221800,0.0,0.0
2024-09-25 00:00:00-04:00,39.04999923706055,39.130001068115234,37.65999984741211,38.060001373291016,184000,0.0,0.0
2024-09-26 00:00:00-04:00,38.40999984741211,38.65999984741211,37.90999984741211,38.400001525878906,151700,0.0,0.0
2024-09-27 00:00:00-04:00,38.72999954223633,39.43000030517578,38.27000045776367,38.650001525878906,151800,0.0,0.0
2024-09-30 00:00:00-04:00,38.689998626708984,39.470001220703125,38.130001068115234,39.369998931884766,401100,0.0,0.0
2024-10-01 00:00:00-04:00,40.5,41.01499938964844,39.31399917602539,40.380001068115234,585000,0.0,0.0
2024-10-02 00:00:00-04:00,40.130001068115234,41.11000061035156,39.7400016784668,40.84000015258789,381500,0.0,0.0
2024-10-03 00:00:00-04:00,40.650001525878906,41.119998931884766,39.27000045776367,39.70000076293945,388200,0.0,0.0
2024-10-04 00:00:00-04:00,39.810001373291016,41.380001068115234,39.77000045776367,40.72999954223633,182800,0.0,0.0
2024-10-07 00:00:00-04:00,41.0,41.08000183105469,40.18000030517578,40.59000015258789,324900,0.0,0.0
2024-10-08 00:00:00-04:00,40.66999816894531,41.48500061035156,40.04999923706055,41.02000045776367,402800,0.0,0.0
2024-10-09 00:00:00-04:00,41.04999923706055,41.25,39.369998931884766,39.41999816894531,677500,0.0,0.0
2024-10-10 00:00:00-04:00,39.58000183105469,40.47999954223633,39.22999954223633,40.40999984741211,281000,0.0,0.0
2024-10-11 00:00:00-04:00,40.290000915527344,41.68000030517578,40.16999816894531,41.209999084472656,349600,0.0,0.0
2024-10-14 00:00:00-04:00,41.529998779296875,41.790000915527344,41.02000045776367,41.7599983215332,226000,0.0,0.0
2024-10-15 00:00:00-04:00,41.75,41.97999954223633,40.459999084472656,40.709999084472656,167900,0.0,0.0
2024-10-16 00:00:00-04:00,40.900001525878906,42.630001068115234,40.72999954223633,42.619998931884766,304300,0.0,0.0
2024-10-17 00:00:00-04:00,42.619998931884766,43.97999954223633,42.220001220703125,43.310001373291016,471700,0.0,0.0
2024-10-18 00:00:00-04:00,43.380001068115234,45.52000045776367,43.04999923706055,44.86000061035156,483400,0.0,0.0
2024-10-21 00:00:00-04:00,44.45000076293945,44.84000015258789,43.63999938964844,44.209999084472656,438700,0.0,0.0
2024-10-22 00:00:00-04:00,43.7400016784668,43.959999084472656,42.4900016784668,42.7400016784668,393500,0.0,0.0
2024-10-23 00:00:00-04:00,42.619998931884766,42.65999984741211,41.220001220703125,41.65999984741211,280100,0.0,0.0
2024-10-24 00:00:00-04:00,42.04999923706055,42.654998779296875,41.65999984741211,41.849998474121094,526000,0.0,0.0
2024-10-25 00:00:00-04:00,41.900001525878906,42.59000015258789,41.16999816894531,41.72999954223633,379600,0.0,0.0
2024-10-28 00:00:00-04:00,42.029998779296875,42.2400016784668,41.59000015258789,41.7400016784668,416300,0.0,0.0
2024-10-29 00:00:00-04:00,41.869998931884766,42.040000915527344,41.2599983215332,41.779998779296875,327100,0.0,0.0
2024-10-30 00:00:00-04:00,41.43000030517578,42.349998474121094,41.43000030517578,41.88999938964844,224600,0.0,0.0
2024-10-31 00:00:00-04:00,41.63999938964844,42.34000015258789,40.790000915527344,41.11000061035156,332700,0.0,0.0
2024-11-01 00:00:00-04:00,41.459999084472656,41.689998626708984,40.65999984741211,41.689998626708984,291400,0.0,0.0
2024-11-04 00:00:00-05:00,41.58000183105469,42.439998626708984,41.290000915527344,41.709999084472656,487900,0.0,0.0
2024-11-05 00:00:00-05:00,41.52000045776367,43.36000061035156,41.52000045776367,43.33000183105469,218100,0.0,0.0
2024-11-06 00:00:00-05:00,44.56999969482422,45.02000045776367,42.689998626708984,44.939998626708984,347700,0.0,0.0
2024-11-07 00:00:00-05:00,44.790000915527344,45.81999969482422,44.5099983215332,45.7400016784668,411700,0.0,0.0
2024-11-08 00:00:00-05:00,45.54999923706055,46.0,44.560001373291016,45.0,332200,0.0,0.0
2024-11-11 00:00:00-05:00,45.25,45.45000076293945,43.790000915527344,44.06999969482422,285500,0.0,0.0
2024-11-12 00:00:00-05:00,43.7599983215332,44.5,43.08000183105469,43.38999938964844,474000,0.0,0.0
2024-11-13 00:00:00-05:00,43.08000183105469,44.60499954223633,41.41999816894531,41.970001220703125,476500,0.0,0.0
2024-11-14 00:00:00-05:00,42.0,42.560001373291016,41.5,41.75,354100,0.0,0.0
2024-11-15 00:00:00-05:00,41.34000015258789,41.41999816894531,39.63999938964844,39.83000183105469,654000,0.0,0.0
2024-11-18 00:00:00-05:00,38.86000061035156,40.040000915527344,37.380001068115234,38.310001373291016,878200,0.0,0.0
2024-11-19 00:00:00-05:00,37.97999954223633,39.130001068115234,37.34000015258789,38.849998474121094,437100,0.0,0.0
2024-11-20 00:00:00-05:00,39.0,39.5,38.290000915527344,39.34000015258789,409700,0.0,0.0
2024-11-21 00:00:00-05:00,39.38999938964844,41.0,38.709999084472656,39.79999923706055,305500,0.0,0.0
2024-11-22 00:00:00-05:00,40.060001373291016,41.619998931884766,39.665000915527344,41.150001525878906,335400,0.0,0.0
2024-11-25 00:00:00-05:00,41.43000030517578,42.689998626708984,41.43000030517578,41.68000030517578,463702,0.0,0.0
