Date,Open,High,Low,Close,Volume,Dividends,Stock Splits
2022-01-03 00:00:00-05:00,6.789999961853027,6.96999979019165,6.610000133514404,6.71999979019165,451900,0.0,0.0
2022-01-04 00:00:00-05:00,6.739999771118164,6.739999771118164,6.260000228881836,6.349999904632568,863300,0.0,0.0
2022-01-05 00:00:00-05:00,6.260000228881836,6.590000152587891,6.010000228881836,6.130000114440918,623800,0.0,0.0
2022-01-06 00:00:00-05:00,6.199999809265137,6.409999847412109,5.900000095367432,5.980000019073486,952800,0.0,0.0
2022-01-07 00:00:00-05:00,6.119999885559082,6.400000095367432,6.079999923706055,6.179999828338623,568700,0.0,0.0
2022-01-10 00:00:00-05:00,6.099999904632568,6.159999847412109,5.921000003814697,6.130000114440918,487900,0.0,0.0
2022-01-11 00:00:00-05:00,6.150000095367432,6.599999904632568,6.150000095367432,6.519999980926514,568800,0.0,0.0
2022-01-12 00:00:00-05:00,6.679999828338623,6.889999866485596,6.53000020980835,6.760000228881836,577600,0.0,0.0
2022-01-13 00:00:00-05:00,6.699999809265137,6.800000190734863,6.480000019073486,6.760000228881836,706900,0.0,0.0
2022-01-14 00:00:00-05:00,6.599999904632568,6.809999942779541,6.260000228881836,6.539999961853027,737600,0.0,0.0
2022-01-18 00:00:00-05:00,6.300000190734863,6.610000133514404,6.0289998054504395,6.050000190734863,734000,0.0,0.0
2022-01-19 00:00:00-05:00,6.070000171661377,6.400000095367432,6.059999942779541,6.199999809265137,595900,0.0,0.0
2022-01-20 00:00:00-05:00,6.449999809265137,6.630000114440918,6.110000133514404,6.119999885559082,1029800,0.0,0.0
2022-01-21 00:00:00-05:00,6.170000076293945,6.340000152587891,6.050000190734863,6.130000114440918,907900,0.0,0.0
2022-01-24 00:00:00-05:00,6.039999961853027,6.349999904632568,5.710000038146973,6.340000152587891,802900,0.0,0.0
2022-01-25 00:00:00-05:00,6.210000038146973,6.340000152587891,5.934999942779541,6.090000152587891,406200,0.0,0.0
2022-01-26 00:00:00-05:00,6.199999809265137,6.260000228881836,5.679999828338623,5.739999771118164,441500,0.0,0.0
2022-01-27 00:00:00-05:00,5.809999942779541,5.860000133514404,5.340000152587891,5.420000076293945,614000,0.0,0.0
2022-01-28 00:00:00-05:00,5.369999885559082,5.480000019073486,5.170000076293945,5.46999979019165,518900,0.0,0.0
2022-01-31 00:00:00-05:00,5.53000020980835,6.21999979019165,5.53000020980835,6.210000038146973,625200,0.0,0.0
2022-02-01 00:00:00-05:00,6.210000038146973,6.519999980926514,5.929999828338623,6.289999961853027,754800,0.0,0.0
2022-02-02 00:00:00-05:00,6.360000133514404,6.380000114440918,6.0,6.110000133514404,399200,0.0,0.0
2022-02-03 00:00:00-05:00,5.989999771118164,6.239999771118164,5.960000038146973,6.079999923706055,410300,0.0,0.0
2022-02-04 00:00:00-05:00,6.079999923706055,6.228000164031982,6.03000020980835,6.170000076293945,143300,0.0,0.0
2022-02-07 00:00:00-05:00,6.110000133514404,6.550000190734863,6.110000133514404,6.289999961853027,632300,0.0,0.0
2022-02-08 00:00:00-05:00,6.269999980926514,6.539999961853027,6.230000019073486,6.53000020980835,224600,0.0,0.0
2022-02-09 00:00:00-05:00,6.599999904632568,6.954999923706055,6.510000228881836,6.820000171661377,401600,0.0,0.0
2022-02-10 00:00:00-05:00,6.559999942779541,6.900000095367432,6.510000228881836,6.599999904632568,354600,0.0,0.0
2022-02-11 00:00:00-05:00,6.639999866485596,6.829999923706055,6.420000076293945,6.550000190734863,293400,0.0,0.0
2022-02-14 00:00:00-05:00,6.519999980926514,6.760000228881836,6.429999828338623,6.489999771118164,191000,0.0,0.0
2022-02-15 00:00:00-05:00,6.570000171661377,7.010000228881836,6.559999942779541,6.960000038146973,949800,0.0,0.0
2022-02-16 00:00:00-05:00,6.889999866485596,7.010000228881836,6.599999904632568,6.730000019073486,829900,0.0,0.0
2022-02-17 00:00:00-05:00,6.659999847412109,6.940000057220459,6.510000228881836,6.739999771118164,753400,0.0,0.0
2022-02-18 00:00:00-05:00,6.650000095367432,6.666999816894531,6.159999847412109,6.289999961853027,686800,0.0,0.0
2022-02-22 00:00:00-05:00,6.050000190734863,6.502999782562256,6.010000228881836,6.159999847412109,1016300,0.0,0.0
2022-02-23 00:00:00-05:00,6.239999771118164,6.539999961853027,5.96999979019165,6.059999942779541,705900,0.0,0.0
2022-02-24 00:00:00-05:00,5.789999961853027,6.25,5.789999961853027,6.25,869100,0.0,0.0
2022-02-25 00:00:00-05:00,6.25,6.300000190734863,5.980000019073486,6.119999885559082,412000,0.0,0.0
2022-02-28 00:00:00-05:00,6.039999961853027,6.400000095367432,5.960000038146973,6.079999923706055,682900,0.0,0.0
2022-03-01 00:00:00-05:00,6.079999923706055,6.5,5.940000057220459,5.949999809265137,748900,0.0,0.0
2022-03-02 00:00:00-05:00,6.0,6.159999847412109,5.809999942779541,6.099999904632568,549500,0.0,0.0
2022-03-03 00:00:00-05:00,6.110000133514404,6.230000019073486,5.59499979019165,5.650000095367432,659400,0.0,0.0
2022-03-04 00:00:00-05:00,5.579999923706055,5.815000057220459,5.400000095367432,5.409999847412109,878700,0.0,0.0
2022-03-07 00:00:00-05:00,5.380000114440918,5.53000020980835,5.010000228881836,5.050000190734863,932000,0.0,0.0
2022-03-08 00:00:00-05:00,5.079999923706055,5.239999771118164,4.84499979019165,5.110000133514404,459800,0.0,0.0
2022-03-09 00:00:00-05:00,5.260000228881836,5.501999855041504,5.260000228881836,5.429999828338623,517500,0.0,0.0
2022-03-10 00:00:00-05:00,5.309999942779541,5.309999942779541,4.900000095367432,5.050000190734863,566000,0.0,0.0
2022-03-11 00:00:00-05:00,5.099999904632568,5.10099983215332,4.360000133514404,4.369999885559082,998500,0.0,0.0
2022-03-14 00:00:00-04:00,4.010000228881836,4.019999980926514,3.6500000953674316,3.700000047683716,2105400,0.0,0.0
2022-03-15 00:00:00-04:00,3.9100000858306885,3.990000009536743,3.509999990463257,3.8399999141693115,1320100,0.0,0.0
2022-03-16 00:00:00-04:00,4.313000202178955,4.699999809265137,4.0,4.670000076293945,2146000,0.0,0.0
2022-03-17 00:00:00-04:00,4.429999828338623,4.664999961853027,4.320000171661377,4.630000114440918,575100,0.0,0.0
2022-03-18 00:00:00-04:00,4.619999885559082,5.099999904632568,4.349999904632568,4.96999979019165,1424800,0.0,0.0
2022-03-21 00:00:00-04:00,4.820000171661377,5.079999923706055,4.690000057220459,4.78000020980835,1000000,0.0,0.0
2022-03-22 00:00:00-04:00,4.730000019073486,5.25,4.699999809265137,5.119999885559082,773200,0.0,0.0
2022-03-23 00:00:00-04:00,5.0,5.25,4.800000190734863,4.880000114440918,1468700,0.0,0.0
2022-03-24 00:00:00-04:00,4.909999847412109,4.989999771118164,4.599999904632568,4.820000171661377,774900,0.0,0.0
2022-03-25 00:00:00-04:00,4.739999771118164,4.809999942779541,4.489999771118164,4.610000133514404,769800,0.0,0.0
2022-03-28 00:00:00-04:00,4.650000095367432,4.880000114440918,4.579999923706055,4.71999979019165,302500,0.0,0.0
2022-03-29 00:00:00-04:00,4.829999923706055,4.900000095367432,4.730000019073486,4.75,401000,0.0,0.0
2022-03-30 00:00:00-04:00,4.710000038146973,4.739999771118164,4.5,4.610000133514404,736100,0.0,0.0
2022-03-31 00:00:00-04:00,4.590000152587891,4.590000152587891,4.380000114440918,4.480000019073486,510400,0.0,0.0
2022-04-01 00:00:00-04:00,4.659999847412109,4.71999979019165,4.440000057220459,4.489999771118164,526300,0.0,0.0
2022-04-04 00:00:00-04:00,4.590000152587891,5.0,4.579999923706055,4.909999847412109,916900,0.0,0.0
2022-04-05 00:00:00-04:00,4.889999866485596,4.949999809265137,4.699999809265137,4.889999866485596,663800,0.0,0.0
2022-04-06 00:00:00-04:00,4.75,4.869999885559082,4.599999904632568,4.809999942779541,631100,0.0,0.0
2022-04-07 00:00:00-04:00,4.75,4.769999980926514,4.449999809265137,4.519999980926514,394300,0.0,0.0
2022-04-08 00:00:00-04:00,4.480000019073486,4.550000190734863,4.380000114440918,4.46999979019165,134000,0.0,0.0
2022-04-11 00:00:00-04:00,4.269999980926514,4.579999923706055,4.204999923706055,4.510000228881836,293300,0.0,0.0
2022-04-12 00:00:00-04:00,4.599999904632568,4.71999979019165,4.400000095367432,4.420000076293945,269600,0.0,0.0
2022-04-13 00:00:00-04:00,4.480000019073486,4.599999904632568,4.419000148773193,4.599999904632568,173500,0.0,0.0
2022-04-14 00:00:00-04:00,4.610000133514404,4.610000133514404,4.25,4.300000190734863,268200,0.0,0.0
2022-04-18 00:00:00-04:00,4.239999771118164,4.340000152587891,4.070000171661377,4.28000020980835,461100,0.0,0.0
2022-04-19 00:00:00-04:00,4.230000019073486,4.420000076293945,4.131999969482422,4.289999961853027,245000,0.0,0.0
2022-04-20 00:00:00-04:00,4.309999942779541,4.349999904632568,4.099999904632568,4.130000114440918,308900,0.0,0.0
2022-04-21 00:00:00-04:00,4.190000057220459,4.2829999923706055,4.059999942779541,4.110000133514404,175200,0.0,0.0
2022-04-22 00:00:00-04:00,4.099999904632568,4.260000228881836,4.050000190734863,4.050000190734863,233500,0.0,0.0
2022-04-25 00:00:00-04:00,4.010000228881836,4.059999942779541,3.9000000953674316,3.940000057220459,191700,0.0,0.0
2022-04-26 00:00:00-04:00,3.9600000381469727,3.9630000591278076,3.7699999809265137,3.7899999618530273,223300,0.0,0.0
2022-04-27 00:00:00-04:00,3.8299999237060547,3.930000066757202,3.680000066757202,3.690000057220459,169000,0.0,0.0
2022-04-28 00:00:00-04:00,3.7899999618530273,3.940000057220459,3.690000057220459,3.9100000858306885,304700,0.0,0.0
2022-04-29 00:00:00-04:00,4.159999847412109,4.369999885559082,4.03000020980835,4.090000152587891,509600,0.0,0.0
2022-05-02 00:00:00-04:00,4.090000152587891,4.139999866485596,3.940000057220459,4.090000152587891,185500,0.0,0.0
2022-05-03 00:00:00-04:00,4.070000171661377,4.099999904632568,3.890000104904175,3.9800000190734863,227000,0.0,0.0
2022-05-04 00:00:00-04:00,3.9200000762939453,4.269999980926514,3.9000000953674316,4.210000038146973,393800,0.0,0.0
2022-05-05 00:00:00-04:00,4.110000133514404,4.300000190734863,3.9839999675750732,4.039999961853027,636100,0.0,0.0
2022-05-06 00:00:00-04:00,3.9800000190734863,4.0,3.799999952316284,3.890000104904175,368300,0.0,0.0
2022-05-09 00:00:00-04:00,3.7899999618530273,3.828000068664551,3.5,3.559999942779541,262100,0.0,0.0
2022-05-10 00:00:00-04:00,3.640000104904175,3.6740000247955322,3.299999952316284,3.4600000381469727,421200,0.0,0.0
2022-05-11 00:00:00-04:00,3.490000009536743,3.490000009536743,3.259999990463257,3.2699999809265137,394400,0.0,0.0
2022-05-12 00:00:00-04:00,3.180000066757202,3.440000057220459,3.0999999046325684,3.359999895095825,210100,0.0,0.0
2022-05-13 00:00:00-04:00,3.4100000858306885,3.5999999046325684,3.4100000858306885,3.5299999713897705,174000,0.0,0.0
2022-05-16 00:00:00-04:00,3.559999942779541,3.5950000286102295,3.4600000381469727,3.490000009536743,222200,0.0,0.0
2022-05-17 00:00:00-04:00,3.630000114440918,3.940000057220459,3.609999895095825,3.75,694300,0.0,0.0
2022-05-18 00:00:00-04:00,3.6700000762939453,3.9000000953674316,3.6600000858306885,3.7300000190734863,220400,0.0,0.0
2022-05-19 00:00:00-04:00,3.759999990463257,3.869999885559082,3.700000047683716,3.740000009536743,220100,0.0,0.0
2022-05-20 00:00:00-04:00,3.819999933242798,3.819999933242798,3.359999895095825,3.4600000381469727,401800,0.0,0.0
2022-05-23 00:00:00-04:00,3.450000047683716,3.509999990463257,3.319999933242798,3.490000009536743,227800,0.0,0.0
2022-05-24 00:00:00-04:00,3.4100000858306885,3.4100000858306885,3.200000047683716,3.2799999713897705,326500,0.0,0.0
2022-05-25 00:00:00-04:00,3.2699999809265137,3.390000104904175,3.259999990463257,3.299999952316284,177800,0.0,0.0
2022-05-26 00:00:00-04:00,3.299999952316284,3.569999933242798,3.190000057220459,3.5299999713897705,271000,0.0,0.0
2022-05-27 00:00:00-04:00,3.5899999141693115,3.7799999713897705,3.559999942779541,3.759999990463257,212900,0.0,0.0
2022-05-31 00:00:00-04:00,3.859999895095825,3.880000114440918,3.700000047683716,3.700000047683716,379600,0.0,0.0
2022-06-01 00:00:00-04:00,3.7100000381469727,3.8299999237060547,3.509999990463257,3.5399999618530273,582600,0.0,0.0
2022-06-02 00:00:00-04:00,3.5399999618530273,3.75,3.4800000190734863,3.6600000858306885,919500,0.0,0.0
2022-06-03 00:00:00-04:00,3.569999933242798,3.680000066757202,3.5,3.5899999141693115,552600,0.0,0.0
2022-06-06 00:00:00-04:00,3.7200000286102295,3.9000000953674316,3.694999933242798,3.7899999618530273,822200,0.0,0.0
2022-06-07 00:00:00-04:00,3.7699999809265137,3.9000000953674316,3.6600000858306885,3.7899999618530273,830000,0.0,0.0
2022-06-08 00:00:00-04:00,3.8499999046325684,4.0879998207092285,3.7300000190734863,4.059999942779541,1114000,0.0,0.0
2022-06-09 00:00:00-04:00,3.9800000190734863,3.9800000190734863,3.700000047683716,3.7100000381469727,918600,0.0,0.0
2022-06-10 00:00:00-04:00,3.740000009536743,3.799999952316284,3.569999933242798,3.7200000286102295,940900,0.0,0.0
2022-06-13 00:00:00-04:00,3.559999942779541,3.640000104904175,3.494999885559082,3.5299999713897705,904300,0.0,0.0
2022-06-14 00:00:00-04:00,3.5799999237060547,3.678999900817871,3.450000047683716,3.5799999237060547,1220600,0.0,0.0
2022-06-15 00:00:00-04:00,3.630000114440918,3.880000114440918,3.572999954223633,3.8399999141693115,875200,0.0,0.0
2022-06-16 00:00:00-04:00,3.680000066757202,3.8299999237060547,3.609999895095825,3.7200000286102295,610600,0.0,0.0
2022-06-17 00:00:00-04:00,3.8299999237060547,3.9000000953674316,3.691999912261963,3.859999895095825,182800,0.0,0.0
2022-06-21 00:00:00-04:00,3.940000057220459,4.179999828338623,3.9019999504089355,4.099999904632568,355900,0.0,0.0
2022-06-22 00:00:00-04:00,4.099999904632568,4.159999847412109,3.990000009536743,4.010000228881836,334400,0.0,0.0
2022-06-23 00:00:00-04:00,4.03000020980835,4.230000019073486,4.0,4.190000057220459,481000,0.0,0.0
2022-06-24 00:00:00-04:00,4.239999771118164,4.349999904632568,4.179999828338623,4.260000228881836,385700,0.0,0.0
2022-06-27 00:00:00-04:00,4.300000190734863,4.300000190734863,4.170000076293945,4.199999809265137,240700,0.0,0.0
2022-06-28 00:00:00-04:00,4.239999771118164,4.239999771118164,3.880000114440918,3.9100000858306885,286200,0.0,0.0
2022-06-29 00:00:00-04:00,3.9100000858306885,4.090000152587891,3.859999895095825,4.070000171661377,188700,0.0,0.0
2022-06-30 00:00:00-04:00,4.010000228881836,4.010000228881836,3.859999895095825,3.9000000953674316,138200,0.0,0.0
2022-07-01 00:00:00-04:00,3.890000104904175,4.057000160217285,3.880000114440918,4.039999961853027,88000,0.0,0.0
2022-07-05 00:00:00-04:00,3.9800000190734863,4.199999809265137,3.930000066757202,4.190000057220459,562300,0.0,0.0
2022-07-06 00:00:00-04:00,4.199999809265137,4.210000038146973,4.0,4.03000020980835,199100,0.0,0.0
2022-07-07 00:00:00-04:00,4.059999942779541,4.204999923706055,4.050000190734863,4.179999828338623,246200,0.0,0.0
2022-07-08 00:00:00-04:00,4.119999885559082,4.244999885559082,4.050000190734863,4.079999923706055,63500,0.0,0.0
2022-07-11 00:00:00-04:00,4.050000190734863,4.159999847412109,3.9800000190734863,4.050000190734863,400900,0.0,0.0
2022-07-12 00:00:00-04:00,4.070000171661377,4.150000095367432,3.9600000381469727,4.090000152587891,191300,0.0,0.0
2022-07-13 00:00:00-04:00,4.010000228881836,4.239999771118164,3.890000104904175,4.210000038146973,176000,0.0,0.0
2022-07-14 00:00:00-04:00,4.300000190734863,4.300000190734863,4.050000190734863,4.099999904632568,128400,0.0,0.0
2022-07-15 00:00:00-04:00,4.079999923706055,4.110000133514404,4.0,4.050000190734863,122200,0.0,0.0
2022-07-18 00:00:00-04:00,4.159999847412109,4.289999961853027,4.110000133514404,4.199999809265137,225000,0.0,0.0
2022-07-19 00:00:00-04:00,4.28000020980835,4.289999961853027,4.159999847412109,4.260000228881836,65800,0.0,0.0
2022-07-20 00:00:00-04:00,4.21999979019165,4.855000019073486,4.21999979019165,4.769999980926514,760900,0.0,0.0
2022-07-21 00:00:00-04:00,4.75,4.958000183105469,4.699999809265137,4.739999771118164,215400,0.0,0.0
2022-07-22 00:00:00-04:00,4.760000228881836,4.829999923706055,4.550000190734863,4.590000152587891,240400,0.0,0.0
2022-07-25 00:00:00-04:00,4.590000152587891,4.659999847412109,4.489999771118164,4.630000114440918,255600,0.0,0.0
2022-07-26 00:00:00-04:00,4.599999904632568,4.599999904632568,4.360000133514404,4.46999979019165,260600,0.0,0.0
2022-07-27 00:00:00-04:00,4.539999961853027,4.599999904632568,4.420000076293945,4.559999942779541,108200,0.0,0.0
2022-07-28 00:00:00-04:00,4.579999923706055,4.598999977111816,4.380000114440918,4.440000057220459,127000,0.0,0.0
2022-07-29 00:00:00-04:00,4.349999904632568,4.460000038146973,4.309999942779541,4.429999828338623,87200,0.0,0.0
2022-08-01 00:00:00-04:00,4.340000152587891,4.380000114440918,4.195000171661377,4.21999979019165,184500,0.0,0.0
2022-08-02 00:00:00-04:00,4.159999847412109,4.489999771118164,4.110000133514404,4.46999979019165,159400,0.0,0.0
2022-08-03 00:00:00-04:00,4.460000038146973,4.559999942779541,4.349999904632568,4.559999942779541,323500,0.0,0.0
2022-08-04 00:00:00-04:00,4.650000095367432,4.670000076293945,4.320000171661377,4.440000057220459,281900,0.0,0.0
2022-08-05 00:00:00-04:00,4.349999904632568,4.474999904632568,4.300000190734863,4.46999979019165,273500,0.0,0.0
2022-08-08 00:00:00-04:00,4.5,4.73799991607666,4.432000160217285,4.610000133514404,439200,0.0,0.0
2022-08-09 00:00:00-04:00,4.650000095367432,4.699999809265137,4.300000190734863,4.599999904632568,322100,0.0,0.0
2022-08-10 00:00:00-04:00,4.630000114440918,4.630000114440918,4.21999979019165,4.409999847412109,469500,0.0,0.0
2022-08-11 00:00:00-04:00,4.489999771118164,4.659999847412109,4.309999942779541,4.309999942779541,556000,0.0,0.0
2022-08-12 00:00:00-04:00,4.329999923706055,4.579999923706055,4.239999771118164,4.539999961853027,287400,0.0,0.0
2022-08-15 00:00:00-04:00,4.510000228881836,4.519999980926514,4.360000133514404,4.409999847412109,128100,0.0,0.0
2022-08-16 00:00:00-04:00,4.349999904632568,4.409999847412109,4.284999847412109,4.389999866485596,212300,0.0,0.0
2022-08-17 00:00:00-04:00,4.360000133514404,4.389999866485596,4.099999904632568,4.110000133514404,165700,0.0,0.0
2022-08-18 00:00:00-04:00,4.059999942779541,4.199999809265137,4.010000228881836,4.150000095367432,497600,0.0,0.0
2022-08-19 00:00:00-04:00,4.099999904632568,4.199999809265137,4.0,4.110000133514404,347700,0.0,0.0
2022-08-22 00:00:00-04:00,4.050000190734863,4.059999942779541,3.8299999237060547,3.859999895095825,412800,0.0,0.0
2022-08-23 00:00:00-04:00,3.859999895095825,3.880000114440918,3.6600000858306885,3.740000009536743,479200,0.0,0.0
2022-08-24 00:00:00-04:00,3.7200000286102295,3.859999895095825,3.6600000858306885,3.759999990463257,491100,0.0,0.0
2022-08-25 00:00:00-04:00,3.759999990463257,4.090000152587891,3.7100000381469727,4.010000228881836,592500,0.0,0.0
2022-08-26 00:00:00-04:00,4.150000095367432,4.21999979019165,3.9000000953674316,3.9700000286102295,1110100,0.0,0.0
2022-08-29 00:00:00-04:00,3.9200000762939453,4.230000019073486,3.869999885559082,4.199999809265137,775500,0.0,0.0
2022-08-30 00:00:00-04:00,4.199999809265137,4.25,4.019999980926514,4.070000171661377,652200,0.0,0.0
2022-08-31 00:00:00-04:00,4.190000057220459,4.480000019073486,4.050000190734863,4.289999961853027,823800,0.0,0.0
2022-09-01 00:00:00-04:00,4.260000228881836,4.260000228881836,3.9700000286102295,4.079999923706055,321200,0.0,0.0
2022-09-02 00:00:00-04:00,4.170000076293945,4.25,3.9800000190734863,4.090000152587891,606100,0.0,0.0
2022-09-06 00:00:00-04:00,4.050000190734863,4.11299991607666,3.869999885559082,3.890000104904175,161700,0.0,0.0
2022-09-07 00:00:00-04:00,3.859999895095825,3.9700000286102295,3.8299999237060547,3.9200000762939453,69600,0.0,0.0
2022-09-08 00:00:00-04:00,3.869999885559082,4.0,3.8299999237060547,3.930000066757202,84600,0.0,0.0
2022-09-09 00:00:00-04:00,3.9700000286102295,4.099999904632568,3.940000057220459,4.019999980926514,85200,0.0,0.0
2022-09-12 00:00:00-04:00,4.03000020980835,4.150000095367432,4.0,4.150000095367432,141300,0.0,0.0
2022-09-13 00:00:00-04:00,4.050000190734863,4.050000190734863,3.859999895095825,3.859999895095825,133800,0.0,0.0
2022-09-14 00:00:00-04:00,3.859999895095825,3.859999895095825,3.7100000381469727,3.8499999046325684,200300,0.0,0.0
2022-09-15 00:00:00-04:00,3.809999942779541,3.880000114440918,3.759999990463257,3.7799999713897705,123300,0.0,0.0
2022-09-16 00:00:00-04:00,3.75,3.7699999809265137,3.6600000858306885,3.690000057220459,125500,0.0,0.0
2022-09-19 00:00:00-04:00,3.6500000953674316,3.7019999027252197,3.5199999809265137,3.6600000858306885,159400,0.0,0.0
2022-09-20 00:00:00-04:00,3.6600000858306885,3.8299999237060547,3.6059999465942383,3.680000066757202,85800,0.0,0.0
2022-09-21 00:00:00-04:00,3.6500000953674316,3.6700000762939453,3.5199999809265137,3.5199999809265137,98900,0.0,0.0
2022-09-22 00:00:00-04:00,3.5199999809265137,3.5799999237060547,3.4000000953674316,3.440000057220459,108600,0.0,0.0
2022-09-23 00:00:00-04:00,3.390000104904175,3.4000000953674316,3.299999952316284,3.380000114440918,177700,0.0,0.0
2022-09-26 00:00:00-04:00,3.3399999141693115,3.5899999141693115,3.3399999141693115,3.4100000858306885,100500,0.0,0.0
2022-09-27 00:00:00-04:00,3.450000047683716,3.569999933242798,3.3299999237060547,3.369999885559082,83700,0.0,0.0
2022-09-28 00:00:00-04:00,3.359999895095825,3.430000066757202,3.25,3.390000104904175,140300,0.0,0.0
2022-09-29 00:00:00-04:00,3.3499999046325684,3.380000114440918,3.200000047683716,3.2200000286102295,142600,0.0,0.0
2022-09-30 00:00:00-04:00,3.2300000190734863,3.390000104904175,3.2100000381469727,3.240000009536743,73500,0.0,0.0
2022-10-03 00:00:00-04:00,3.240000009536743,3.390000104904175,3.194999933242798,3.2300000190734863,225100,0.0,0.0
2022-10-04 00:00:00-04:00,3.2899999618530273,3.4200000762939453,3.25,3.3399999141693115,117200,0.0,0.0
2022-10-05 00:00:00-04:00,3.259999990463257,3.3499999046325684,3.2300000190734863,3.2699999809265137,53600,0.0,0.0
2022-10-06 00:00:00-04:00,3.240000009536743,3.4100000858306885,3.240000009536743,3.259999990463257,47600,0.0,0.0
2022-10-07 00:00:00-04:00,3.2799999713897705,3.309999942779541,3.200000047683716,3.240000009536743,77700,0.0,0.0
2022-10-10 00:00:00-04:00,3.200000047683716,3.2799999713897705,3.1600000858306885,3.190000057220459,74600,0.0,0.0
2022-10-11 00:00:00-04:00,3.200000047683716,3.2699999809265137,3.049999952316284,3.180000066757202,79400,0.0,0.0
2022-10-12 00:00:00-04:00,3.190000057220459,3.2699999809265137,3.1500000953674316,3.2200000286102295,49600,0.0,0.0
2022-10-13 00:00:00-04:00,3.0999999046325684,3.2899999618530273,3.069999933242798,3.25,82400,0.0,0.0
2022-10-14 00:00:00-04:00,3.2699999809265137,3.3499999046325684,3.1649999618530273,3.1700000762939453,81100,0.0,0.0
2022-10-17 00:00:00-04:00,3.2799999713897705,3.390000104904175,3.25,3.319999933242798,104700,0.0,0.0
2022-10-18 00:00:00-04:00,3.359999895095825,3.450000047683716,3.25,3.2899999618530273,145900,0.0,0.0
2022-10-19 00:00:00-04:00,3.259999990463257,3.3499999046325684,3.2200000286102295,3.319999933242798,104800,0.0,0.0
2022-10-20 00:00:00-04:00,3.3299999237060547,3.6500000953674316,3.319999933242798,3.4000000953674316,247000,0.0,0.0
2022-10-21 00:00:00-04:00,3.3499999046325684,3.430000066757202,3.259999990463257,3.3499999046325684,123600,0.0,0.0
2022-10-24 00:00:00-04:00,3.1600000858306885,3.190000057220459,3.0299999713897705,3.0799999237060547,221800,0.0,0.0
2022-10-25 00:00:00-04:00,3.069999933242798,3.259999990463257,3.0,3.1500000953674316,118300,0.0,0.0
2022-10-26 00:00:00-04:00,3.140000104904175,3.4200000762939453,3.0299999713897705,3.2300000190734863,115100,0.0,0.0
2022-10-27 00:00:00-04:00,3.1600000858306885,3.2109999656677246,3.0999999046325684,3.0999999046325684,89300,0.0,0.0
2022-10-28 00:00:00-04:00,3.0899999141693115,3.1700000762939453,3.0799999237060547,3.0999999046325684,80000,0.0,0.0
2022-10-31 00:00:00-04:00,3.009999990463257,3.109999895095825,3.009999990463257,3.0899999141693115,172400,0.0,0.0
2022-11-01 00:00:00-04:00,3.190000057220459,3.25,3.1500000953674316,3.2300000190734863,110800,0.0,0.0
2022-11-02 00:00:00-04:00,3.2100000381469727,3.4089999198913574,3.190000057220459,3.2699999809265137,146400,0.0,0.0
2022-11-03 00:00:00-04:00,3.240000009536743,3.319999933242798,3.180000066757202,3.319999933242798,115200,0.0,0.0
2022-11-04 00:00:00-04:00,3.450000047683716,3.559999942779541,3.4000000953674316,3.5299999713897705,153500,0.0,0.0
2022-11-07 00:00:00-05:00,3.4600000381469727,3.7300000190734863,3.4200000762939453,3.690000057220459,205500,0.0,0.0
2022-11-08 00:00:00-05:00,3.690000057220459,3.740000009536743,3.6500000953674316,3.6700000762939453,86300,0.0,0.0
2022-11-09 00:00:00-05:00,3.6500000953674316,3.7200000286102295,3.5299999713897705,3.5299999713897705,111400,0.0,0.0
2022-11-10 00:00:00-05:00,3.700000047683716,3.9000000953674316,3.700000047683716,3.7100000381469727,141900,0.0,0.0
2022-11-11 00:00:00-05:00,3.890000104904175,4.170000076293945,3.8499999046325684,4.059999942779541,217700,0.0,0.0
2022-11-14 00:00:00-05:00,4.130000114440918,4.230000019073486,4.03000020980835,4.090000152587891,239100,0.0,0.0
2022-11-15 00:00:00-05:00,4.25,4.300000190734863,4.0,4.079999923706055,383900,0.0,0.0
2022-11-16 00:00:00-05:00,4.010000228881836,4.025000095367432,3.7300000190734863,3.759999990463257,162200,0.0,0.0
2022-11-17 00:00:00-05:00,3.7699999809265137,3.8499999046325684,3.6089999675750732,3.8299999237060547,225700,0.0,0.0
2022-11-18 00:00:00-05:00,3.8499999046325684,3.9000000953674316,3.7799999713897705,3.8299999237060547,145400,0.0,0.0
2022-11-21 00:00:00-05:00,3.6700000762939453,3.8499999046325684,3.6500000953674316,3.75,122700,0.0,0.0
2022-11-22 00:00:00-05:00,3.7300000190734863,3.799999952316284,3.680000066757202,3.7699999809265137,95200,0.0,0.0
2022-11-23 00:00:00-05:00,3.7799999713897705,3.799999952316284,3.700000047683716,3.7699999809265137,89500,0.0,0.0
2022-11-25 00:00:00-05:00,3.7699999809265137,3.7699999809265137,3.5799999237060547,3.5799999237060547,77000,0.0,0.0
2022-11-28 00:00:00-05:00,3.5799999237060547,3.690000057220459,3.440000057220459,3.4800000190734863,1204300,0.0,0.0
2022-11-29 00:00:00-05:00,3.5999999046325684,3.690000057220459,3.359999895095825,3.390000104904175,288700,0.0,0.0
2022-11-30 00:00:00-05:00,3.4700000286102295,3.614000082015991,3.430000066757202,3.490000009536743,399700,0.0,0.0
2022-12-01 00:00:00-05:00,3.5199999809265137,3.742000102996826,3.5199999809265137,3.6700000762939453,131000,0.0,0.0
2022-12-02 00:00:00-05:00,3.609999895095825,3.7799999713897705,3.609999895095825,3.7300000190734863,162400,0.0,0.0
2022-12-05 00:00:00-05:00,3.9100000858306885,4.199999809265137,3.871999979019165,4.03000020980835,698500,0.0,0.0
2022-12-06 00:00:00-05:00,4.010000228881836,4.039999961853027,3.609999895095825,3.6700000762939453,388500,0.0,0.0
2022-12-07 00:00:00-05:00,3.6500000953674316,3.7330000400543213,3.609999895095825,3.690000057220459,169900,0.0,0.0
2022-12-08 00:00:00-05:00,3.7300000190734863,4.079999923706055,3.700000047683716,4.0,516400,0.0,0.0
2022-12-09 00:00:00-05:00,3.9800000190734863,3.990000009536743,3.869999885559082,3.940000057220459,219400,0.0,0.0
2022-12-12 00:00:00-05:00,3.950000047683716,3.950000047683716,3.7200000286102295,3.7200000286102295,141100,0.0,0.0
2022-12-13 00:00:00-05:00,3.9100000858306885,3.950000047683716,3.7300000190734863,3.8499999046325684,224400,0.0,0.0
2022-12-14 00:00:00-05:00,3.930000066757202,4.019999980926514,3.740000009536743,3.9600000381469727,209400,0.0,0.0
2022-12-15 00:00:00-05:00,3.9100000858306885,3.930000066757202,3.5299999713897705,3.5399999618530273,332400,0.0,0.0
2022-12-16 00:00:00-05:00,3.569999933242798,3.6700000762939453,3.450000047683716,3.450000047683716,226700,0.0,0.0
2022-12-19 00:00:00-05:00,3.440000057220459,3.640000104904175,3.430000066757202,3.5199999809265137,80600,0.0,0.0
2022-12-20 00:00:00-05:00,3.5,3.869999885559082,3.490000009536743,3.7100000381469727,339000,0.0,0.0
2022-12-21 00:00:00-05:00,3.700000047683716,3.8399999141693115,3.690000057220459,3.799999952316284,266000,0.0,0.0
2022-12-22 00:00:00-05:00,3.7100000381469727,3.819999933242798,3.509999990463257,3.549999952316284,74900,0.0,0.0
2022-12-23 00:00:00-05:00,3.549999952316284,3.5899999141693115,3.4800000190734863,3.559999942779541,83000,0.0,0.0
2022-12-27 00:00:00-05:00,3.440000057220459,3.565000057220459,3.4000000953674316,3.4000000953674316,146800,0.0,0.0
2022-12-28 00:00:00-05:00,3.4000000953674316,3.6500000953674316,3.4000000953674316,3.4600000381469727,288000,0.0,0.0
2022-12-29 00:00:00-05:00,3.5,3.740000009536743,3.4700000286102295,3.5899999141693115,495200,0.0,0.0
2022-12-30 00:00:00-05:00,3.569999933242798,3.6050000190734863,3.5,3.5,98400,0.0,0.0
2023-01-03 00:00:00-05:00,3.549999952316284,3.7880001068115234,3.549999952316284,3.680000066757202,119400,0.0,0.0
2023-01-04 00:00:00-05:00,3.75,4.150000095367432,3.7300000190734863,4.0,223600,0.0,0.0
2023-01-05 00:00:00-05:00,3.9800000190734863,4.25,3.86299991607666,4.130000114440918,246600,0.0,0.0
2023-01-06 00:00:00-05:00,4.179999828338623,4.510000228881836,4.179999828338623,4.510000228881836,380800,0.0,0.0
2023-01-09 00:00:00-05:00,4.53000020980835,4.679999828338623,4.070000171661377,4.079999923706055,283500,0.0,0.0
2023-01-10 00:00:00-05:00,4.210000038146973,4.34499979019165,4.119999885559082,4.269999980926514,139800,0.0,0.0
2023-01-11 00:00:00-05:00,4.289999961853027,4.460999965667725,4.230000019073486,4.420000076293945,121800,0.0,0.0
2023-01-12 00:00:00-05:00,4.389999866485596,4.538000106811523,4.21999979019165,4.489999771118164,153000,0.0,0.0
2023-01-13 00:00:00-05:00,4.539999961853027,4.559999942779541,4.420000076293945,4.460000038146973,94600,0.0,0.0
2023-01-17 00:00:00-05:00,4.46999979019165,4.46999979019165,4.210000038146973,4.309999942779541,101400,0.0,0.0
2023-01-18 00:00:00-05:00,4.320000171661377,4.320000171661377,4.104000091552734,4.130000114440918,49900,0.0,0.0
2023-01-19 00:00:00-05:00,4.119999885559082,4.239999771118164,4.119999885559082,4.159999847412109,30700,0.0,0.0
2023-01-20 00:00:00-05:00,4.199999809265137,4.489999771118164,4.151000022888184,4.449999809265137,170500,0.0,0.0
2023-01-23 00:00:00-05:00,4.440000057220459,4.489999771118164,4.295000076293945,4.329999923706055,174300,0.0,0.0
2023-01-24 00:00:00-05:00,4.360000133514404,5.150000095367432,4.269999980926514,4.800000190734863,620000,0.0,0.0
2023-01-25 00:00:00-05:00,4.889999866485596,4.889999866485596,4.630000114440918,4.840000152587891,151400,0.0,0.0
2023-01-26 00:00:00-05:00,4.909999847412109,5.570000171661377,4.909999847412109,5.449999809265137,639500,0.0,0.0
2023-01-27 00:00:00-05:00,5.460000038146973,5.460000038146973,5.199999809265137,5.420000076293945,187400,0.0,0.0
2023-01-30 00:00:00-05:00,5.210000038146973,5.269999980926514,4.579999923706055,4.730000019073486,780200,0.0,0.0
2023-01-31 00:00:00-05:00,4.699999809265137,5.025000095367432,4.675000190734863,4.75,238500,0.0,0.0
2023-02-01 00:00:00-05:00,4.769999980926514,5.360000133514404,4.769999980926514,5.28000020980835,465100,0.0,0.0
2023-02-02 00:00:00-05:00,5.300000190734863,5.489999771118164,5.070000171661377,5.21999979019165,369300,0.0,0.0
2023-02-03 00:00:00-05:00,5.130000114440918,5.289999961853027,4.789999961853027,4.809999942779541,211000,0.0,0.0
2023-02-06 00:00:00-05:00,4.789999961853027,5.090000152587891,4.730000019073486,5.019999980926514,178400,0.0,0.0
2023-02-07 00:00:00-05:00,5.019999980926514,5.039999961853027,4.840000152587891,4.960000038146973,111500,0.0,0.0
2023-02-08 00:00:00-05:00,4.949999809265137,5.048999786376953,4.909999847412109,5.0,79400,0.0,0.0
2023-02-09 00:00:00-05:00,5.039999961853027,5.179999828338623,5.031000137329102,5.090000152587891,276600,0.0,0.0
2023-02-10 00:00:00-05:00,5.050000190734863,5.050000190734863,4.769999980926514,4.789999961853027,193600,0.0,0.0
2023-02-13 00:00:00-05:00,4.869999885559082,5.039999961853027,4.809999942779541,4.900000095367432,149600,0.0,0.0
2023-02-14 00:00:00-05:00,4.869999885559082,5.019999980926514,4.869999885559082,4.900000095367432,63000,0.0,0.0
2023-02-15 00:00:00-05:00,4.949999809265137,5.25,4.900000095367432,5.170000076293945,254100,0.0,0.0
2023-02-16 00:00:00-05:00,5.159999847412109,5.159999847412109,4.78000020980835,4.789999961853027,152200,0.0,0.0
2023-02-17 00:00:00-05:00,4.849999904632568,4.909999847412109,4.71999979019165,4.860000133514404,208400,0.0,0.0
2023-02-21 00:00:00-05:00,4.829999923706055,4.829999923706055,4.510000228881836,4.559999942779541,291900,0.0,0.0
2023-02-22 00:00:00-05:00,4.559999942779541,4.659999847412109,4.482999801635742,4.559999942779541,105100,0.0,0.0
2023-02-23 00:00:00-05:00,4.610000133514404,4.800000190734863,4.510000228881836,4.610000133514404,59500,0.0,0.0
2023-02-24 00:00:00-05:00,4.510000228881836,4.510000228881836,4.210000038146973,4.329999923706055,152200,0.0,0.0
2023-02-27 00:00:00-05:00,4.380000114440918,4.46999979019165,4.289999961853027,4.309999942779541,95500,0.0,0.0
2023-02-28 00:00:00-05:00,4.320000171661377,4.429999828338623,4.27400016784668,4.349999904632568,61300,0.0,0.0
2023-03-01 00:00:00-05:00,4.409999847412109,4.409999847412109,4.179999828338623,4.210000038146973,65200,0.0,0.0
2023-03-02 00:00:00-05:00,4.170000076293945,4.21999979019165,4.079999923706055,4.179999828338623,103600,0.0,0.0
2023-03-03 00:00:00-05:00,4.190000057220459,4.369999885559082,4.190000057220459,4.260000228881836,53800,0.0,0.0
2023-03-06 00:00:00-05:00,4.199999809265137,4.25,3.9700000286102295,4.019999980926514,157700,0.0,0.0
2023-03-07 00:00:00-05:00,4.0,4.044000148773193,3.930000066757202,4.0,98800,0.0,0.0
2023-03-08 00:00:00-05:00,3.990000009536743,4.03000020980835,3.940000057220459,3.9800000190734863,63000,0.0,0.0
2023-03-09 00:00:00-05:00,3.950000047683716,4.010000228881836,3.809999942779541,3.809999942779541,123500,0.0,0.0
2023-03-10 00:00:00-05:00,3.7799999713897705,3.950000047683716,3.759999990463257,3.8499999046325684,80800,0.0,0.0
2023-03-13 00:00:00-04:00,4.0,4.110000133514404,3.809999942779541,3.990000009536743,205500,0.0,0.0
2023-03-14 00:00:00-04:00,3.8499999046325684,3.9800000190734863,3.700000047683716,3.809999942779541,353300,0.0,0.0
2023-03-15 00:00:00-04:00,3.75,3.75,3.559999942779541,3.569999933242798,208400,0.0,0.0
2023-03-16 00:00:00-04:00,3.5199999809265137,3.9000000953674316,3.5199999809265137,3.8499999046325684,249000,0.0,0.0
2023-03-17 00:00:00-04:00,3.809999942779541,3.880000114440918,3.619999885559082,3.6500000953674316,135300,0.0,0.0
2023-03-20 00:00:00-04:00,3.640000104904175,3.700000047683716,3.5399999618530273,3.5999999046325684,83000,0.0,0.0
2023-03-21 00:00:00-04:00,3.680000066757202,3.819999933242798,3.619999885559082,3.7899999618530273,93900,0.0,0.0
2023-03-22 00:00:00-04:00,3.799999952316284,3.819999933242798,3.640000104904175,3.7100000381469727,75100,0.0,0.0
2023-03-23 00:00:00-04:00,3.819999933242798,3.890000104904175,3.75,3.8399999141693115,136500,0.0,0.0
2023-03-24 00:00:00-04:00,3.819999933242798,3.8299999237060547,3.7100000381469727,3.809999942779541,94000,0.0,0.0
2023-03-27 00:00:00-04:00,3.799999952316284,3.9700000286102295,3.759999990463257,3.930000066757202,115900,0.0,0.0
2023-03-28 00:00:00-04:00,3.930000066757202,3.940000057220459,3.815000057220459,3.869999885559082,53300,0.0,0.0
2023-03-29 00:00:00-04:00,3.880000114440918,3.924999952316284,3.7799999713897705,3.819999933242798,113000,0.0,0.0
2023-03-30 00:00:00-04:00,3.8399999141693115,4.090000152587891,3.819999933242798,3.9100000858306885,157100,0.0,0.0
2023-03-31 00:00:00-04:00,3.930000066757202,3.990000009536743,3.880000114440918,3.940000057220459,94400,0.0,0.0
2023-04-03 00:00:00-04:00,3.940000057220459,3.9619998931884766,3.8399999141693115,3.9100000858306885,59100,0.0,0.0
2023-04-04 00:00:00-04:00,3.9000000953674316,3.9100000858306885,3.8499999046325684,3.9100000858306885,46000,0.0,0.0
2023-04-05 00:00:00-04:00,3.890000104904175,3.9000000953674316,3.7699999809265137,3.890000104904175,100800,0.0,0.0
2023-04-06 00:00:00-04:00,3.880000114440918,3.9200000762939453,3.802000045776367,3.9000000953674316,27600,0.0,0.0
2023-04-10 00:00:00-04:00,3.869999885559082,3.940000057220459,3.8299999237060547,3.930000066757202,43100,0.0,0.0
2023-04-11 00:00:00-04:00,3.869999885559082,3.9600000381469727,3.8399999141693115,3.880000114440918,59000,0.0,0.0
2023-04-12 00:00:00-04:00,3.9100000858306885,3.930000066757202,3.815999984741211,3.890000104904175,48700,0.0,0.0
2023-04-13 00:00:00-04:00,3.9200000762939453,3.9800000190734863,3.869999885559082,3.930000066757202,52100,0.0,0.0
2023-04-14 00:00:00-04:00,3.880000114440918,3.950000047683716,3.869999885559082,3.950000047683716,42000,0.0,0.0
2023-04-17 00:00:00-04:00,3.9200000762939453,3.9700000286102295,3.869999885559082,3.880000114440918,66800,0.0,0.0
2023-04-18 00:00:00-04:00,3.890000104904175,3.940000057220459,3.8499999046325684,3.930000066757202,67800,0.0,0.0
2023-04-19 00:00:00-04:00,3.8499999046325684,3.9000000953674316,3.75,3.9000000953674316,133100,0.0,0.0
2023-04-20 00:00:00-04:00,3.8499999046325684,3.9000000953674316,3.5899999141693115,3.6500000953674316,245600,0.0,0.0
2023-04-21 00:00:00-04:00,3.680000066757202,3.7339999675750732,3.5199999809265137,3.640000104904175,190700,0.0,0.0
2023-04-24 00:00:00-04:00,3.549999952316284,3.640000104904175,3.5299999713897705,3.569999933242798,95100,0.0,0.0
2023-04-25 00:00:00-04:00,3.549999952316284,3.690000057220459,3.5299999713897705,3.6700000762939453,36600,0.0,0.0
2023-04-26 00:00:00-04:00,3.7100000381469727,3.759999990463257,3.609999895095825,3.700000047683716,81000,0.0,0.0
2023-04-27 00:00:00-04:00,3.759999990463257,3.759999990463257,3.609999895095825,3.640000104904175,74400,0.0,0.0
2023-04-28 00:00:00-04:00,3.6500000953674316,3.7009999752044678,3.5799999237060547,3.5799999237060547,135000,0.0,0.0
2023-05-01 00:00:00-04:00,3.5799999237060547,3.680000066757202,3.562999963760376,3.5999999046325684,32900,0.0,0.0
2023-05-02 00:00:00-04:00,3.5799999237060547,3.5899999141693115,3.509999990463257,3.549999952316284,72400,0.0,0.0
2023-05-03 00:00:00-04:00,3.559999942779541,3.680000066757202,3.509999990463257,3.549999952316284,52000,0.0,0.0
2023-05-04 00:00:00-04:00,3.559999942779541,3.5799999237060547,3.4100000858306885,3.4200000762939453,77700,0.0,0.0
2023-05-05 00:00:00-04:00,3.4100000858306885,3.630000114440918,3.4100000858306885,3.5999999046325684,76000,0.0,0.0
2023-05-08 00:00:00-04:00,3.619999885559082,3.7300000190734863,3.559999942779541,3.6600000858306885,59400,0.0,0.0
2023-05-09 00:00:00-04:00,3.5999999046325684,3.740000009536743,3.5999999046325684,3.7100000381469727,81100,0.0,0.0
2023-05-10 00:00:00-04:00,3.7300000190734863,3.740000009536743,3.6500000953674316,3.690000057220459,99100,0.0,0.0
2023-05-11 00:00:00-04:00,3.734999895095825,3.799999952316284,3.6700000762939453,3.75,123300,0.0,0.0
2023-05-12 00:00:00-04:00,3.680000066757202,3.7699999809265137,3.6700000762939453,3.740000009536743,81100,0.0,0.0
2023-05-15 00:00:00-04:00,3.8399999141693115,3.880000114440918,3.7300000190734863,3.809999942779541,124900,0.0,0.0
2023-05-16 00:00:00-04:00,3.6600000858306885,3.9100000858306885,3.549999952316284,3.8399999141693115,170900,0.0,0.0
2023-05-17 00:00:00-04:00,3.809999942779541,4.050000190734863,3.7799999713897705,4.0,269900,0.0,0.0
2023-05-18 00:00:00-04:00,4.0,4.0,3.9100000858306885,3.940000057220459,236200,0.0,0.0
2023-05-19 00:00:00-04:00,3.940000057220459,3.9800000190734863,3.9000000953674316,3.9200000762939453,169200,0.0,0.0
2023-05-22 00:00:00-04:00,3.950000047683716,4.25,3.9130001068115234,4.210000038146973,469400,0.0,0.0
2023-05-23 00:00:00-04:00,4.190000057220459,4.199999809265137,4.010000228881836,4.019999980926514,133900,0.0,0.0
2023-05-24 00:00:00-04:00,4.010000228881836,4.019999980926514,3.9630000591278076,3.9800000190734863,106200,0.0,0.0
2023-05-25 00:00:00-04:00,3.9600000381469727,4.079999923706055,3.9000000953674316,3.9700000286102295,227300,0.0,0.0
2023-05-26 00:00:00-04:00,3.9700000286102295,4.085000038146973,3.950000047683716,4.0,217600,0.0,0.0
2023-05-30 00:00:00-04:00,4.010000228881836,4.400000095367432,3.921999931335449,4.380000114440918,580900,0.0,0.0
2023-05-31 00:00:00-04:00,4.380000114440918,4.380000114440918,3.9700000286102295,4.210000038146973,557900,0.0,0.0
2023-06-01 00:00:00-04:00,4.21999979019165,4.369999885559082,4.159999847412109,4.210000038146973,328700,0.0,0.0
2023-06-02 00:00:00-04:00,4.230000019073486,4.349999904632568,4.2179999351501465,4.289999961853027,335400,0.0,0.0
2023-06-05 00:00:00-04:00,4.260000228881836,4.28000020980835,4.190000057220459,4.190000057220459,270100,0.0,0.0
2023-06-06 00:00:00-04:00,4.199999809265137,4.400000095367432,4.130000114440918,4.340000152587891,381400,0.0,0.0
2023-06-07 00:00:00-04:00,4.329999923706055,4.539999961853027,4.210000038146973,4.5,536600,0.0,0.0
2023-06-08 00:00:00-04:00,4.510000228881836,4.699999809265137,4.48199987411499,4.570000171661377,503100,0.0,0.0
2023-06-09 00:00:00-04:00,4.570000171661377,4.599999904632568,4.440000057220459,4.460000038146973,157200,0.0,0.0
2023-06-12 00:00:00-04:00,4.5,4.570000171661377,4.400000095367432,4.460000038146973,168500,0.0,0.0
2023-06-13 00:00:00-04:00,4.489999771118164,4.514999866485596,4.320000171661377,4.480000019073486,266900,0.0,0.0
2023-06-14 00:00:00-04:00,4.480000019073486,4.480000019073486,4.340000152587891,4.460000038146973,104300,0.0,0.0
2023-06-15 00:00:00-04:00,4.460000038146973,4.5,4.420000076293945,4.460000038146973,148400,0.0,0.0
2023-06-16 00:00:00-04:00,4.400000095367432,4.489999771118164,4.340000152587891,4.360000133514404,262100,0.0,0.0
2023-06-20 00:00:00-04:00,4.349999904632568,4.406000137329102,4.21999979019165,4.28000020980835,235000,0.0,0.0
2023-06-21 00:00:00-04:00,4.25,4.269999980926514,4.070000171661377,4.179999828338623,229200,0.0,0.0
2023-06-22 00:00:00-04:00,4.150000095367432,4.300000190734863,4.139999866485596,4.210000038146973,170700,0.0,0.0
2023-06-23 00:00:00-04:00,4.190000057220459,4.190000057220459,4.110000133514404,4.119999885559082,136000,0.0,0.0
2023-06-26 00:00:00-04:00,4.099999904632568,4.199999809265137,4.099999904632568,4.119999885559082,68000,0.0,0.0
2023-06-27 00:00:00-04:00,4.150000095367432,4.224999904632568,4.130000114440918,4.210000038146973,124500,0.0,0.0
2023-06-28 00:00:00-04:00,4.199999809265137,4.369999885559082,4.170000076293945,4.369999885559082,172900,0.0,0.0
2023-06-29 00:00:00-04:00,4.369999885559082,4.409999847412109,4.335000038146973,4.360000133514404,73100,0.0,0.0
2023-06-30 00:00:00-04:00,4.380000114440918,4.420000076293945,4.309999942779541,4.360000133514404,105900,0.0,0.0
2023-07-03 00:00:00-04:00,4.360000133514404,4.449999809265137,4.349999904632568,4.409999847412109,83000,0.0,0.0
2023-07-05 00:00:00-04:00,4.369999885559082,4.369999885559082,4.239999771118164,4.260000228881836,99600,0.0,0.0
2023-07-06 00:00:00-04:00,4.210000038146973,4.300000190734863,4.130000114440918,4.269999980926514,118900,0.0,0.0
2023-07-07 00:00:00-04:00,4.300000190734863,4.400000095367432,4.170000076293945,4.400000095367432,91500,0.0,0.0
2023-07-10 00:00:00-04:00,4.389999866485596,4.679999828338623,4.389999866485596,4.599999904632568,238500,0.0,0.0
2023-07-11 00:00:00-04:00,4.639999866485596,4.940000057220459,4.570000171661377,4.900000095367432,375900,0.0,0.0
2023-07-12 00:00:00-04:00,4.949999809265137,4.989999771118164,4.809999942779541,4.909999847412109,167300,0.0,0.0
2023-07-13 00:00:00-04:00,4.949999809265137,5.159999847412109,4.840000152587891,5.130000114440918,220200,0.0,0.0
2023-07-14 00:00:00-04:00,5.139999866485596,5.25,4.9629998207092285,5.099999904632568,222100,0.0,0.0
2023-07-17 00:00:00-04:00,5.039999961853027,5.320000171661377,5.010000228881836,5.320000171661377,222200,0.0,0.0
2023-07-18 00:00:00-04:00,5.289999961853027,5.320000171661377,5.184999942779541,5.269999980926514,125000,0.0,0.0
2023-07-19 00:00:00-04:00,5.340000152587891,5.480000019073486,5.144999980926514,5.159999847412109,192400,0.0,0.0
2023-07-20 00:00:00-04:00,5.079999923706055,5.239999771118164,4.96999979019165,5.039999961853027,163300,0.0,0.0
2023-07-21 00:00:00-04:00,5.039999961853027,5.210000038146973,4.860000133514404,5.190000057220459,147500,0.0,0.0
2023-07-24 00:00:00-04:00,5.179999828338623,5.409999847412109,5.059999942779541,5.210000038146973,248700,0.0,0.0
2023-07-25 00:00:00-04:00,5.21999979019165,5.239999771118164,5.059999942779541,5.119999885559082,284700,0.0,0.0
2023-07-26 00:00:00-04:00,5.099999904632568,5.320000171661377,5.059999942779541,5.25,187100,0.0,0.0
2023-07-27 00:00:00-04:00,5.420000076293945,5.579999923706055,5.25,5.420000076293945,326900,0.0,0.0
2023-07-28 00:00:00-04:00,5.550000190734863,5.639999866485596,5.465000152587891,5.590000152587891,259200,0.0,0.0
2023-07-31 00:00:00-04:00,5.599999904632568,5.769999980926514,5.5,5.710000038146973,254300,0.0,0.0
2023-08-01 00:00:00-04:00,5.610000133514404,5.639999866485596,5.5,5.550000190734863,171100,0.0,0.0
2023-08-02 00:00:00-04:00,5.360000133514404,5.510000228881836,5.260000228881836,5.389999866485596,236200,0.0,0.0
2023-08-03 00:00:00-04:00,5.329999923706055,5.46999979019165,5.210000038146973,5.409999847412109,240400,0.0,0.0
2023-08-04 00:00:00-04:00,5.409999847412109,5.429999828338623,5.21999979019165,5.21999979019165,183000,0.0,0.0
2023-08-07 00:00:00-04:00,5.21999979019165,5.269999980926514,4.920000076293945,5.139999866485596,373200,0.0,0.0
2023-08-08 00:00:00-04:00,4.989999771118164,5.090000152587891,4.910999774932861,5.039999961853027,264600,0.0,0.0
2023-08-09 00:00:00-04:00,4.980000019073486,5.28000020980835,4.960000038146973,5.190000057220459,221900,0.0,0.0
2023-08-10 00:00:00-04:00,5.21999979019165,5.300000190734863,5.079999923706055,5.130000114440918,183800,0.0,0.0
2023-08-11 00:00:00-04:00,5.059999942779541,5.21999979019165,5.050000190734863,5.139999866485596,210600,0.0,0.0
2023-08-14 00:00:00-04:00,5.170000076293945,5.210000038146973,5.0,5.179999828338623,167900,0.0,0.0
2023-08-15 00:00:00-04:00,5.110000133514404,5.369999885559082,5.0,5.210000038146973,228300,0.0,0.0
2023-08-16 00:00:00-04:00,5.349999904632568,5.380000114440918,5.139999866485596,5.179999828338623,174700,0.0,0.0
2023-08-17 00:00:00-04:00,5.21999979019165,5.25,5.0,5.150000095367432,230800,0.0,0.0
2023-08-18 00:00:00-04:00,5.050000190734863,5.054999828338623,4.710000038146973,4.730000019073486,335700,0.0,0.0
2023-08-21 00:00:00-04:00,4.730000019073486,4.840000152587891,4.610000133514404,4.769999980926514,386700,0.0,0.0
2023-08-22 00:00:00-04:00,4.78000020980835,4.980000019073486,4.78000020980835,4.980000019073486,257200,0.0,0.0
2023-08-23 00:00:00-04:00,4.989999771118164,5.139999866485596,4.96999979019165,5.130000114440918,178900,0.0,0.0
2023-08-24 00:00:00-04:00,5.070000171661377,5.150000095367432,5.0,5.139999866485596,283600,0.0,0.0
2023-08-25 00:00:00-04:00,5.130000114440918,5.139999866485596,4.920000076293945,4.96999979019165,164100,0.0,0.0
2023-08-28 00:00:00-04:00,4.96999979019165,5.090000152587891,4.929999828338623,5.050000190734863,216800,0.0,0.0
2023-08-29 00:00:00-04:00,5.039999961853027,5.21999979019165,4.964000225067139,5.130000114440918,246600,0.0,0.0
2023-08-30 00:00:00-04:00,5.130000114440918,5.130000114440918,5.001999855041504,5.099999904632568,288700,0.0,0.0
2023-08-31 00:00:00-04:00,5.03000020980835,5.179999828338623,5.03000020980835,5.119999885559082,344500,0.0,0.0
2023-09-01 00:00:00-04:00,5.130000114440918,5.210000038146973,5.059999942779541,5.170000076293945,434100,0.0,0.0
2023-09-05 00:00:00-04:00,5.110000133514404,5.110000133514404,4.849999904632568,5.010000228881836,404600,0.0,0.0
2023-09-06 00:00:00-04:00,5.010000228881836,5.099999904632568,4.929999828338623,5.079999923706055,359300,0.0,0.0
2023-09-07 00:00:00-04:00,5.0,5.070000171661377,4.829999923706055,5.0,450000,0.0,0.0
2023-09-08 00:00:00-04:00,5.03000020980835,5.195000171661377,4.947000026702881,5.139999866485596,277600,0.0,0.0
2023-09-11 00:00:00-04:00,5.090000152587891,5.210000038146973,5.090000152587891,5.119999885559082,255200,0.0,0.0
2023-09-12 00:00:00-04:00,5.090000152587891,5.195000171661377,5.059999942779541,5.059999942779541,192000,0.0,0.0
2023-09-13 00:00:00-04:00,5.050000190734863,5.130000114440918,4.980000019073486,5.090000152587891,238200,0.0,0.0
2023-09-14 00:00:00-04:00,5.159999847412109,5.159999847412109,5.050000190734863,5.110000133514404,1658700,0.0,0.0
2023-09-15 00:00:00-04:00,5.119999885559082,5.150000095367432,4.989999771118164,5.139999866485596,420500,0.0,0.0
2023-09-18 00:00:00-04:00,5.130000114440918,5.130000114440918,5.050000190734863,5.059999942779541,240600,0.0,0.0
2023-09-19 00:00:00-04:00,5.050000190734863,5.190000057220459,5.050000190734863,5.159999847412109,442200,0.0,0.0
2023-09-20 00:00:00-04:00,5.179999828338623,5.46999979019165,5.103000164031982,5.320000171661377,330700,0.0,0.0
2023-09-21 00:00:00-04:00,5.28000020980835,5.309999942779541,5.039999961853027,5.099999904632568,254300,0.0,0.0
2023-09-22 00:00:00-04:00,5.150000095367432,5.190000057220459,5.110000133514404,5.130000114440918,68700,0.0,0.0
2023-09-25 00:00:00-04:00,5.059999942779541,5.179999828338623,5.050000190734863,5.110000133514404,80700,0.0,0.0
2023-09-26 00:00:00-04:00,4.989999771118164,5.010000228881836,4.860000133514404,4.940000057220459,243400,0.0,0.0
2023-09-27 00:00:00-04:00,4.940000057220459,5.130000114440918,4.940000057220459,5.119999885559082,107300,0.0,0.0
2023-09-28 00:00:00-04:00,5.099999904632568,5.150000095367432,5.067999839782715,5.119999885559082,53600,0.0,0.0
2023-09-29 00:00:00-04:00,5.179999828338623,5.373000144958496,5.175000190734863,5.239999771118164,219200,0.0,0.0
2023-10-02 00:00:00-04:00,5.230000019073486,5.26800012588501,5.130000114440918,5.260000228881836,136700,0.0,0.0
2023-10-03 00:00:00-04:00,5.190000057220459,5.260000228881836,5.099999904632568,5.130000114440918,100900,0.0,0.0
2023-10-04 00:00:00-04:00,5.130000114440918,5.139999866485596,5.010000228881836,5.110000133514404,83700,0.0,0.0
2023-10-05 00:00:00-04:00,5.03000020980835,5.059999942779541,4.96999979019165,5.059999942779541,90600,0.0,0.0
2023-10-06 00:00:00-04:00,5.019999980926514,5.230000019073486,5.019999980926514,5.190000057220459,87400,0.0,0.0
2023-10-09 00:00:00-04:00,5.050000190734863,5.179999828338623,5.0,5.150000095367432,188200,0.0,0.0
2023-10-10 00:00:00-04:00,5.130000114440918,5.320000171661377,5.130000114440918,5.309999942779541,154100,0.0,0.0
2023-10-11 00:00:00-04:00,5.300000190734863,5.429999828338623,5.289999961853027,5.389999866485596,310600,0.0,0.0
2023-10-12 00:00:00-04:00,5.400000095367432,5.4039998054504395,5.099999904632568,5.139999866485596,166300,0.0,0.0
2023-10-13 00:00:00-04:00,5.079999923706055,5.179999828338623,5.079999923706055,5.130000114440918,142500,0.0,0.0
2023-10-16 00:00:00-04:00,5.139999866485596,5.239999771118164,5.105000019073486,5.199999809265137,105300,0.0,0.0
2023-10-17 00:00:00-04:00,5.139999866485596,5.360000133514404,5.139999866485596,5.349999904632568,180900,0.0,0.0
2023-10-18 00:00:00-04:00,5.300000190734863,5.328999996185303,5.21999979019165,5.28000020980835,107200,0.0,0.0
2023-10-19 00:00:00-04:00,5.199999809265137,5.329999923706055,5.090000152587891,5.25,170300,0.0,0.0
2023-10-20 00:00:00-04:00,5.199999809265137,5.289999961853027,5.130000114440918,5.170000076293945,258700,0.0,0.0
2023-10-23 00:00:00-04:00,5.119999885559082,5.260000228881836,5.099999904632568,5.25,154000,0.0,0.0
2023-10-24 00:00:00-04:00,5.260000228881836,5.46999979019165,5.260000228881836,5.460000038146973,139000,0.0,0.0
2023-10-25 00:00:00-04:00,5.489999771118164,5.489999771118164,5.284999847412109,5.340000152587891,85600,0.0,0.0
2023-10-26 00:00:00-04:00,5.320000171661377,5.389999866485596,5.28000020980835,5.320000171661377,90200,0.0,0.0
2023-10-27 00:00:00-04:00,5.409999847412109,5.460999965667725,5.284999847412109,5.309999942779541,103700,0.0,0.0
2023-10-30 00:00:00-04:00,5.349999904632568,5.46999979019165,5.329999923706055,5.400000095367432,93200,0.0,0.0
2023-10-31 00:00:00-04:00,5.340000152587891,5.389999866485596,5.261000156402588,5.369999885559082,94700,0.0,0.0
2023-11-01 00:00:00-04:00,5.420000076293945,5.420000076293945,5.260000228881836,5.380000114440918,104500,0.0,0.0
2023-11-02 00:00:00-04:00,5.460000038146973,5.679999828338623,5.389999866485596,5.679999828338623,193800,0.0,0.0
2023-11-03 00:00:00-04:00,5.679999828338623,5.809999942779541,5.679999828338623,5.730000019073486,154600,0.0,0.0
2023-11-06 00:00:00-05:00,5.869999885559082,5.869999885559082,5.550000190734863,5.679999828338623,161600,0.0,0.0
2023-11-07 00:00:00-05:00,5.630000114440918,5.929999828338623,5.61299991607666,5.900000095367432,165300,0.0,0.0
2023-11-08 00:00:00-05:00,5.929999828338623,5.929999828338623,5.710000038146973,5.739999771118164,98300,0.0,0.0
2023-11-09 00:00:00-05:00,5.71999979019165,5.829999923706055,5.639999866485596,5.659999847412109,88500,0.0,0.0
2023-11-10 00:00:00-05:00,5.690000057220459,5.690000057220459,5.409999847412109,5.559999942779541,141100,0.0,0.0
2023-11-13 00:00:00-05:00,5.539999961853027,5.630000114440918,5.460000038146973,5.559999942779541,75300,0.0,0.0
2023-11-14 00:00:00-05:00,5.710000038146973,5.760000228881836,5.599999904632568,5.659999847412109,114500,0.0,0.0
2023-11-15 00:00:00-05:00,5.659999847412109,5.949999809265137,5.659999847412109,5.900000095367432,114400,0.0,0.0
2023-11-16 00:00:00-05:00,5.860000133514404,5.9079999923706055,5.75,5.769999980926514,96400,0.0,0.0
2023-11-17 00:00:00-05:00,5.789999961853027,6.090000152587891,5.771999835968018,6.079999923706055,169100,0.0,0.0
2023-11-20 00:00:00-05:00,6.260000228881836,6.377999782562256,5.880000114440918,6.340000152587891,467500,0.0,0.0
2023-11-21 00:00:00-05:00,6.099999904632568,6.119999885559082,5.639999866485596,5.71999979019165,463200,0.0,0.0
2023-11-22 00:00:00-05:00,5.769999980926514,5.989999771118164,5.739999771118164,5.940000057220459,249200,0.0,0.0
2023-11-24 00:00:00-05:00,6.050000190734863,6.050000190734863,5.650000095367432,5.699999809265137,300200,0.0,0.0
2023-11-27 00:00:00-05:00,5.730000019073486,5.75,5.559999942779541,5.699999809265137,557800,0.0,0.0
2023-11-28 00:00:00-05:00,5.730000019073486,5.875,5.619999885559082,5.849999904632568,399300,0.0,0.0
2023-11-29 00:00:00-05:00,5.849999904632568,6.059999942779541,5.789999961853027,5.849999904632568,582500,0.0,0.0
2023-11-30 00:00:00-05:00,5.929999828338623,6.039999961853027,5.840000152587891,6.010000228881836,580900,0.0,0.0
2023-12-01 00:00:00-05:00,6.0,6.130000114440918,5.869999885559082,6.03000020980835,453800,0.0,0.0
2023-12-04 00:00:00-05:00,6.0,6.289999961853027,5.869999885559082,6.28000020980835,820400,0.0,0.0
2023-12-05 00:00:00-05:00,6.179999828338623,6.179999828338623,5.90500020980835,6.03000020980835,578800,0.0,0.0
2023-12-06 00:00:00-05:00,6.320000171661377,6.440000057220459,6.125,6.150000095367432,1232000,0.0,0.0
2023-12-07 00:00:00-05:00,6.300000190734863,6.340000152587891,6.059999942779541,6.159999847412109,476900,0.0,0.0
2023-12-08 00:00:00-05:00,6.179999828338623,6.25,6.059999942779541,6.170000076293945,1334200,0.0,0.0
2023-12-11 00:00:00-05:00,6.170000076293945,6.230000019073486,6.010000228881836,6.010000228881836,930400,0.0,0.0
2023-12-12 00:00:00-05:00,6.03000020980835,6.050000190734863,5.920000076293945,6.0,614700,0.0,0.0
2023-12-13 00:00:00-05:00,6.019999980926514,6.119999885559082,5.989999771118164,6.099999904632568,753600,0.0,0.0
2023-12-14 00:00:00-05:00,6.099999904632568,6.145999908447266,5.809999942779541,5.909999847412109,707100,0.0,0.0
2023-12-15 00:00:00-05:00,5.909999847412109,5.949999809265137,5.769999980926514,5.900000095367432,495700,0.0,0.0
2023-12-18 00:00:00-05:00,5.840000152587891,5.909999847412109,5.670000076293945,5.829999923706055,779500,0.0,0.0
2023-12-19 00:00:00-05:00,5.829999923706055,6.019999980926514,5.78000020980835,5.909999847412109,546800,0.0,0.0
2023-12-20 00:00:00-05:00,5.849999904632568,6.039999961853027,5.7820000648498535,5.800000190734863,319600,0.0,0.0
2023-12-21 00:00:00-05:00,5.96999979019165,6.0,5.870999813079834,5.900000095367432,202500,0.0,0.0
2023-12-22 00:00:00-05:00,5.829999923706055,5.960000038146973,5.829999923706055,5.929999828338623,245300,0.0,0.0
2023-12-26 00:00:00-05:00,5.929999828338623,6.110000133514404,5.860000133514404,5.940000057220459,294400,0.0,0.0
2023-12-27 00:00:00-05:00,5.869999885559082,6.010000228881836,5.869999885559082,5.940000057220459,180000,0.0,0.0
2023-12-28 00:00:00-05:00,5.940000057220459,6.178999900817871,5.940000057220459,6.110000133514404,832700,0.0,0.0
2023-12-29 00:00:00-05:00,6.150000095367432,6.309999942779541,6.074999809265137,6.130000114440918,953500,0.0,0.0
2024-01-02 00:00:00-05:00,6.119999885559082,6.150000095367432,5.869999885559082,5.900000095367432,355800,0.0,0.0
2024-01-03 00:00:00-05:00,5.869999885559082,5.948999881744385,5.7820000648498535,5.909999847412109,265100,0.0,0.0
2024-01-04 00:00:00-05:00,5.909999847412109,5.989999771118164,5.869999885559082,5.900000095367432,145500,0.0,0.0
2024-01-05 00:00:00-05:00,5.889999866485596,5.940000057220459,5.829999923706055,5.860000133514404,219600,0.0,0.0
2024-01-08 00:00:00-05:00,5.809999942779541,5.945000171661377,5.789999961853027,5.909999847412109,230700,0.0,0.0
2024-01-09 00:00:00-05:00,5.829999923706055,5.869999885559082,5.76200008392334,5.800000190734863,300500,0.0,0.0
2024-01-10 00:00:00-05:00,5.789999961853027,5.789999961853027,5.664999961853027,5.679999828338623,508000,0.0,0.0
2024-01-11 00:00:00-05:00,5.650000095367432,5.659999847412109,5.480000019073486,5.639999866485596,517300,0.0,0.0
2024-01-12 00:00:00-05:00,5.650000095367432,5.670000076293945,5.53000020980835,5.550000190734863,312100,0.0,0.0
2024-01-16 00:00:00-05:00,5.539999961853027,5.550000190734863,5.34499979019165,5.429999828338623,583100,0.0,0.0
2024-01-17 00:00:00-05:00,5.349999904632568,5.449999809265137,5.289999961853027,5.440000057220459,285800,0.0,0.0
2024-01-18 00:00:00-05:00,5.5,5.519999980926514,5.440000057220459,5.510000228881836,311700,0.0,0.0
2024-01-19 00:00:00-05:00,5.5,5.5,5.360000133514404,5.389999866485596,273400,0.0,0.0
2024-01-22 00:00:00-05:00,5.349999904632568,5.429999828338623,5.070000171661377,5.28000020980835,901500,0.0,0.0
2024-01-23 00:00:00-05:00,5.340000152587891,5.449999809265137,5.289999961853027,5.309999942779541,272500,0.0,0.0
2024-01-24 00:00:00-05:00,5.389999866485596,5.389999866485596,5.235000133514404,5.289999961853027,303900,0.0,0.0
2024-01-25 00:00:00-05:00,5.300000190734863,5.300000190734863,5.139999866485596,5.159999847412109,465100,0.0,0.0
2024-01-26 00:00:00-05:00,5.130000114440918,5.170000076293945,5.099999904632568,5.110000133514404,283500,0.0,0.0
2024-01-29 00:00:00-05:00,5.099999904632568,5.21999979019165,5.059999942779541,5.150000095367432,586200,0.0,0.0
2024-01-30 00:00:00-05:00,5.130000114440918,5.195000171661377,5.070000171661377,5.090000152587891,603200,0.0,0.0
2024-01-31 00:00:00-05:00,5.050000190734863,5.204999923706055,5.019999980926514,5.130000114440918,372700,0.0,0.0
2024-02-01 00:00:00-05:00,5.130000114440918,5.170000076293945,5.070000171661377,5.079999923706055,466500,0.0,0.0
2024-02-02 00:00:00-05:00,5.079999923706055,5.099999904632568,5.0,5.019999980926514,648400,0.0,0.0
2024-02-05 00:00:00-05:00,5.0,5.0,4.739999771118164,4.78000020980835,670500,0.0,0.0
2024-02-06 00:00:00-05:00,4.840000152587891,4.994999885559082,4.840000152587891,4.960000038146973,476700,0.0,0.0
2024-02-07 00:00:00-05:00,4.929999828338623,4.940000057220459,4.690000057220459,4.710000038146973,711300,0.0,0.0
2024-02-08 00:00:00-05:00,4.679999828338623,4.889999866485596,4.670000076293945,4.809999942779541,641000,0.0,0.0
2024-02-09 00:00:00-05:00,4.849999904632568,4.920000076293945,4.829999923706055,4.849999904632568,357400,0.0,0.0
2024-02-12 00:00:00-05:00,4.829999923706055,4.925000190734863,4.769999980926514,4.820000171661377,310800,0.0,0.0
2024-02-13 00:00:00-05:00,4.760000228881836,4.809999942779541,4.710000038146973,4.710000038146973,287500,0.0,0.0
2024-02-14 00:00:00-05:00,4.730000019073486,4.840000152587891,4.730000019073486,4.820000171661377,241100,0.0,0.0
2024-02-15 00:00:00-05:00,4.820000171661377,4.914999961853027,4.820000171661377,4.849999904632568,301300,0.0,0.0
2024-02-16 00:00:00-05:00,4.800000190734863,4.96999979019165,4.800000190734863,4.900000095367432,419500,0.0,0.0
2024-02-20 00:00:00-05:00,4.860000133514404,4.929999828338623,4.760000228881836,4.880000114440918,493200,0.0,0.0
2024-02-21 00:00:00-05:00,4.869999885559082,4.931000232696533,4.804999828338623,4.860000133514404,289300,0.0,0.0
2024-02-22 00:00:00-05:00,4.909999847412109,4.934999942779541,4.880000114440918,4.920000076293945,284100,0.0,0.0
2024-02-23 00:00:00-05:00,4.909999847412109,5.130000114440918,4.909999847412109,5.039999961853027,266500,0.0,0.0
2024-02-26 00:00:00-05:00,5.010000228881836,5.090000152587891,4.989999771118164,5.090000152587891,235900,0.0,0.0
2024-02-27 00:00:00-05:00,5.090000152587891,5.199999809265137,5.079999923706055,5.139999866485596,382600,0.0,0.0
2024-02-28 00:00:00-05:00,5.139999866485596,5.170000076293945,5.050000190734863,5.059999942779541,245900,0.0,0.0
2024-02-29 00:00:00-05:00,5.070000171661377,5.159999847412109,5.050000190734863,5.119999885559082,215100,0.0,0.0
2024-03-01 00:00:00-05:00,5.139999866485596,5.236000061035156,5.119999885559082,5.179999828338623,240400,0.0,0.0
2024-03-04 00:00:00-05:00,5.170000076293945,5.179999828338623,5.110000133514404,5.139999866485596,229600,0.0,0.0
2024-03-05 00:00:00-05:00,5.119999885559082,5.21999979019165,5.099999904632568,5.170000076293945,196900,0.0,0.0
2024-03-06 00:00:00-05:00,5.179999828338623,5.300000190734863,5.159999847412109,5.25,440600,0.0,0.0
2024-03-07 00:00:00-05:00,5.300000190734863,5.46999979019165,5.300000190734863,5.420000076293945,346300,0.0,0.0
2024-03-08 00:00:00-05:00,5.440000057220459,5.5279998779296875,5.360000133514404,5.400000095367432,232100,0.0,0.0
2024-03-11 00:00:00-04:00,5.489999771118164,5.510000228881836,5.349999904632568,5.349999904632568,414500,0.0,0.0
2024-03-12 00:00:00-04:00,5.480000019073486,5.539999961853027,5.159999847412109,5.199999809265137,686700,0.0,0.0
2024-03-13 00:00:00-04:00,5.179999828338623,5.300000190734863,5.179999828338623,5.210000038146973,258200,0.0,0.0
2024-03-14 00:00:00-04:00,5.110000133514404,5.144999980926514,4.789999961853027,4.800000190734863,631900,0.0,0.0
2024-03-15 00:00:00-04:00,4.800000190734863,4.880000114440918,4.699999809265137,4.840000152587891,569800,0.0,0.0
2024-03-18 00:00:00-04:00,4.900000095367432,4.920000076293945,4.800000190734863,4.840000152587891,280600,0.0,0.0
2024-03-19 00:00:00-04:00,4.820000171661377,4.820000171661377,4.75,4.800000190734863,363500,0.0,0.0
2024-03-20 00:00:00-04:00,4.769999980926514,4.869999885559082,4.730000019073486,4.820000171661377,230400,0.0,0.0
2024-03-21 00:00:00-04:00,4.849999904632568,4.860000133514404,4.78000020980835,4.78000020980835,289400,0.0,0.0
2024-03-22 00:00:00-04:00,4.760000228881836,4.809000015258789,4.75,4.760000228881836,193400,0.0,0.0
2024-03-25 00:00:00-04:00,4.800000190734863,4.800000190734863,4.71999979019165,4.71999979019165,219900,0.0,0.0
2024-03-26 00:00:00-04:00,4.739999771118164,4.789999961853027,4.730000019073486,4.75,116000,0.0,0.0
2024-03-27 00:00:00-04:00,4.800000190734863,4.820000171661377,4.730000019073486,4.769999980926514,128800,0.0,0.0
2024-03-28 00:00:00-04:00,4.769999980926514,4.864999771118164,4.769999980926514,4.809999942779541,174900,0.0,0.0
2024-04-01 00:00:00-04:00,4.809999942779541,4.955999851226807,4.809999942779541,4.900000095367432,158300,0.0,0.0
2024-04-02 00:00:00-04:00,4.900000095367432,4.900000095367432,4.789999961853027,4.809999942779541,195100,0.0,0.0
2024-04-03 00:00:00-04:00,4.78000020980835,4.860000133514404,4.760000228881836,4.840000152587891,168400,0.0,0.0
2024-04-04 00:00:00-04:00,4.849999904632568,4.929999828338623,4.820000171661377,4.860000133514404,307700,0.0,0.0
2024-04-05 00:00:00-04:00,4.829999923706055,4.929999828338623,4.829999923706055,4.860000133514404,133500,0.0,0.0
2024-04-08 00:00:00-04:00,4.860000133514404,4.880000114440918,4.804999828338623,4.820000171661377,166400,0.0,0.0
2024-04-09 00:00:00-04:00,4.900000095367432,4.900000095367432,4.809999942779541,4.809999942779541,131100,0.0,0.0
2024-04-10 00:00:00-04:00,4.809999942779541,4.84499979019165,4.775000095367432,4.78000020980835,152400,0.0,0.0
2024-04-11 00:00:00-04:00,4.789999961853027,4.880000114440918,4.769999980926514,4.880000114440918,192300,0.0,0.0
2024-04-12 00:00:00-04:00,4.860000133514404,4.914999961853027,4.789999961853027,4.820000171661377,144000,0.0,0.0
2024-04-15 00:00:00-04:00,4.800000190734863,4.84499979019165,4.75,4.75,178500,0.0,0.0
2024-04-16 00:00:00-04:00,4.739999771118164,4.755000114440918,4.639999866485596,4.659999847412109,302500,0.0,0.0
2024-04-17 00:00:00-04:00,4.699999809265137,4.730000019073486,4.579999923706055,4.630000114440918,141800,0.0,0.0
2024-04-18 00:00:00-04:00,4.619999885559082,4.679999828338623,4.579999923706055,4.590000152587891,66300,0.0,0.0
2024-04-19 00:00:00-04:00,4.579999923706055,4.639999866485596,4.489999771118164,4.519999980926514,394800,0.0,0.0
2024-04-22 00:00:00-04:00,4.519999980926514,4.690000057220459,4.480000019073486,4.619999885559082,220900,0.0,0.0
2024-04-23 00:00:00-04:00,4.690000057220459,4.730000019073486,4.650000095367432,4.659999847412109,214300,0.0,0.0
2024-04-24 00:00:00-04:00,4.71999979019165,4.783999919891357,4.670000076293945,4.710000038146973,204700,0.0,0.0
2024-04-25 00:00:00-04:00,4.670000076293945,4.690000057220459,4.635000228881836,4.679999828338623,94200,0.0,0.0
2024-04-26 00:00:00-04:00,4.71999979019165,4.769999980926514,4.670000076293945,4.71999979019165,200700,0.0,0.0
2024-04-29 00:00:00-04:00,4.690000057220459,4.798999786376953,4.679999828338623,4.75,150400,0.0,0.0
2024-04-30 00:00:00-04:00,4.690000057220459,4.730000019073486,4.679999828338623,4.699999809265137,136800,0.0,0.0
2024-05-01 00:00:00-04:00,4.670000076293945,4.809999942779541,4.670000076293945,4.760000228881836,143300,0.0,0.0
2024-05-02 00:00:00-04:00,4.840000152587891,4.880000114440918,4.78000020980835,4.860000133514404,126800,0.0,0.0
2024-05-03 00:00:00-04:00,4.889999866485596,4.889999866485596,4.789999961853027,4.800000190734863,169400,0.0,0.0
2024-05-06 00:00:00-04:00,4.820000171661377,4.920000076293945,4.820000171661377,4.880000114440918,141400,0.0,0.0
2024-05-07 00:00:00-04:00,4.860000133514404,4.949999809265137,4.860000133514404,4.900000095367432,221900,0.0,0.0
2024-05-08 00:00:00-04:00,4.840000152587891,4.889999866485596,4.724999904632568,4.75,254500,0.0,0.0
2024-05-09 00:00:00-04:00,4.75,4.900000095367432,4.75,4.880000114440918,178500,0.0,0.0
2024-05-10 00:00:00-04:00,4.889999866485596,4.889999866485596,4.71999979019165,4.71999979019165,115900,0.0,0.0
2024-05-13 00:00:00-04:00,4.710000038146973,4.85099983215332,4.710000038146973,4.829999923706055,169700,0.0,0.0
2024-05-14 00:00:00-04:00,4.820000171661377,4.900000095367432,4.820000171661377,4.889999866485596,164000,0.0,0.0
2024-05-15 00:00:00-04:00,4.940000057220459,4.940000057220459,4.849999904632568,4.900000095367432,212000,0.0,0.0
2024-05-16 00:00:00-04:00,4.860000133514404,4.934999942779541,4.860000133514404,4.909999847412109,70300,0.0,0.0
2024-05-17 00:00:00-04:00,4.909999847412109,4.929999828338623,4.860000133514404,4.909999847412109,229200,0.0,0.0
2024-05-20 00:00:00-04:00,4.900000095367432,4.929999828338623,4.820000171661377,4.889999866485596,245600,0.0,0.0
2024-05-21 00:00:00-04:00,4.75,4.875,4.630000114440918,4.690000057220459,315600,0.0,0.0
2024-05-22 00:00:00-04:00,4.699999809265137,4.900000095367432,4.699999809265137,4.860000133514404,269300,0.0,0.0
2024-05-23 00:00:00-04:00,4.900000095367432,4.929999828338623,4.795000076293945,4.920000076293945,260600,0.0,0.0
2024-05-24 00:00:00-04:00,4.940000057220459,4.940000057220459,4.820000171661377,4.849999904632568,75800,0.0,0.0
2024-05-28 00:00:00-04:00,4.860000133514404,4.860000133514404,4.760000228881836,4.800000190734863,152500,0.0,0.0
2024-05-29 00:00:00-04:00,4.760000228881836,4.800000190734863,4.755000114440918,4.78000020980835,113700,0.0,0.0
2024-05-30 00:00:00-04:00,4.800000190734863,4.800000190734863,4.710000038146973,4.789999961853027,121100,0.0,0.0
2024-05-31 00:00:00-04:00,4.760000228881836,4.820000171661377,4.679999828338623,4.699999809265137,170800,0.0,0.0
2024-06-03 00:00:00-04:00,4.679999828338623,4.71999979019165,4.630000114440918,4.699999809265137,241400,0.0,0.0
2024-06-04 00:00:00-04:00,4.699999809265137,4.71999979019165,4.619999885559082,4.699999809265137,212300,0.0,0.0
2024-06-05 00:00:00-04:00,4.710000038146973,4.789999961853027,4.699999809265137,4.760000228881836,214500,0.0,0.0
2024-06-06 00:00:00-04:00,4.730000019073486,4.78000020980835,4.659999847412109,4.659999847412109,186700,0.0,0.0
2024-06-07 00:00:00-04:00,4.659999847412109,4.659999847412109,4.610000133514404,4.639999866485596,161800,0.0,0.0
2024-06-10 00:00:00-04:00,4.610000133514404,4.650000095367432,4.610000133514404,4.619999885559082,89300,0.0,0.0
2024-06-11 00:00:00-04:00,4.610000133514404,4.650000095367432,4.590000152587891,4.650000095367432,270900,0.0,0.0
2024-06-12 00:00:00-04:00,4.679999828338623,4.744999885559082,4.579999923706055,4.599999904632568,359100,0.0,0.0
2024-06-13 00:00:00-04:00,4.579999923706055,4.684999942779541,4.579999923706055,4.659999847412109,337300,0.0,0.0
2024-06-14 00:00:00-04:00,4.610000133514404,4.664999961853027,4.559999942779541,4.590000152587891,353600,0.0,0.0
2024-06-17 00:00:00-04:00,4.579999923706055,4.579999923706055,4.489999771118164,4.489999771118164,378600,0.0,0.0
2024-06-18 00:00:00-04:00,4.510000228881836,4.519999980926514,4.420000076293945,4.440000057220459,157100,0.0,0.0
2024-06-20 00:00:00-04:00,4.409999847412109,4.434999942779541,4.389999866485596,4.409999847412109,113200,0.0,0.0
2024-06-21 00:00:00-04:00,4.429999828338623,4.550000190734863,4.420000076293945,4.449999809265137,322400,0.0,0.0
2024-06-24 00:00:00-04:00,4.449999809265137,4.559999942779541,4.449999809265137,4.519999980926514,361400,0.0,0.0
2024-06-25 00:00:00-04:00,4.510000228881836,4.599999904632568,4.494999885559082,4.599999904632568,165400,0.0,0.0
2024-06-26 00:00:00-04:00,4.579999923706055,4.670000076293945,4.53000020980835,4.650000095367432,180200,0.0,0.0
2024-06-27 00:00:00-04:00,4.650000095367432,4.650000095367432,4.539999961853027,4.579999923706055,149400,0.0,0.0
2024-06-28 00:00:00-04:00,4.46999979019165,4.570000171661377,4.449999809265137,4.550000190734863,131600,0.0,0.0
2024-07-01 00:00:00-04:00,4.590000152587891,4.590000152587891,4.460000038146973,4.460000038146973,134600,0.0,0.0
2024-07-02 00:00:00-04:00,4.429999828338623,4.5,4.429999828338623,4.5,139000,0.0,0.0
2024-07-03 00:00:00-04:00,4.5,4.545000076293945,4.5,4.53000020980835,54500,0.0,0.0
2024-07-05 00:00:00-04:00,4.489999771118164,4.559999942779541,4.485000133514404,4.510000228881836,72900,0.0,0.0
2024-07-08 00:00:00-04:00,4.550000190734863,4.550000190734863,4.454999923706055,4.519999980926514,92500,0.0,0.0
2024-07-09 00:00:00-04:00,4.519999980926514,4.550000190734863,4.489999771118164,4.550000190734863,83900,0.0,0.0
2024-07-10 00:00:00-04:00,4.579999923706055,4.579999923706055,4.534999847412109,4.559999942779541,61000,0.0,0.0
2024-07-11 00:00:00-04:00,4.619999885559082,4.699999809265137,4.579999923706055,4.690000057220459,221000,0.0,0.0
2024-07-12 00:00:00-04:00,4.690000057220459,4.699999809265137,4.630000114440918,4.699999809265137,87700,0.0,0.0
2024-07-15 00:00:00-04:00,4.690000057220459,4.724999904632568,4.599999904632568,4.610000133514404,145400,0.0,0.0
2024-07-16 00:00:00-04:00,4.599999904632568,4.650000095367432,4.581999778747559,4.619999885559082,89100,0.0,0.0
2024-07-17 00:00:00-04:00,4.559999942779541,4.619999885559082,4.545000076293945,4.559999942779541,111200,0.0,0.0
2024-07-18 00:00:00-04:00,4.510000228881836,4.545000076293945,4.420000076293945,4.449999809265137,171300,0.0,0.0
2024-07-19 00:00:00-04:00,4.429999828338623,4.46999979019165,4.389999866485596,4.409999847412109,104800,0.0,0.0
2024-07-22 00:00:00-04:00,4.440000057220459,4.46999979019165,4.388000011444092,4.449999809265137,123600,0.0,0.0
2024-07-23 00:00:00-04:00,4.420000076293945,4.480000019073486,4.409999847412109,4.429999828338623,73400,0.0,0.0
2024-07-24 00:00:00-04:00,4.510000228881836,4.510000228881836,4.269999980926514,4.289999961853027,210200,0.0,0.0
2024-07-25 00:00:00-04:00,4.269999980926514,4.360000133514404,4.260000228881836,4.289999961853027,115700,0.0,0.0
2024-07-26 00:00:00-04:00,4.300000190734863,4.324999809265137,4.260000228881836,4.309999942779541,53600,0.0,0.0
2024-07-29 00:00:00-04:00,4.320000171661377,4.340000152587891,4.260000228881836,4.28000020980835,113600,0.0,0.0
2024-07-30 00:00:00-04:00,4.269999980926514,4.300000190734863,4.224999904632568,4.239999771118164,69500,0.0,0.0
2024-07-31 00:00:00-04:00,4.289999961853027,4.315000057220459,4.210999965667725,4.289999961853027,142300,0.0,0.0
2024-08-01 00:00:00-04:00,4.289999961853027,4.289999961853027,4.070000171661377,4.159999847412109,286600,0.0,0.0
2024-08-02 00:00:00-04:00,4.039999961853027,4.057000160217285,3.950000047683716,3.9800000190734863,205100,0.0,0.0
2024-08-05 00:00:00-04:00,3.7300000190734863,3.859999895095825,3.7100000381469727,3.7899999618530273,210400,0.0,0.0
2024-08-06 00:00:00-04:00,3.930000066757202,3.9700000286102295,3.809999942779541,3.9100000858306885,179300,0.0,0.0
2024-08-07 00:00:00-04:00,3.950000047683716,3.9749999046325684,3.809999942779541,3.819999933242798,165900,0.0,0.0
2024-08-08 00:00:00-04:00,3.8299999237060547,3.938999891281128,3.7899999618530273,3.8499999046325684,153100,0.0,0.0
2024-08-09 00:00:00-04:00,3.8499999046325684,3.9700000286102295,3.815000057220459,3.869999885559082,68300,0.0,0.0
2024-08-12 00:00:00-04:00,3.869999885559082,3.9100000858306885,3.819999933242798,3.859999895095825,144600,0.0,0.0
2024-08-13 00:00:00-04:00,3.859999895095825,3.880000114440918,3.7699999809265137,3.799999952316284,221900,0.0,0.0
2024-08-14 00:00:00-04:00,3.799999952316284,3.819999933242798,3.7200000286102295,3.7699999809265137,151200,0.0,0.0
2024-08-15 00:00:00-04:00,3.7799999713897705,3.825000047683716,3.759999990463257,3.7899999618530273,174800,0.0,0.0
2024-08-16 00:00:00-04:00,3.799999952316284,3.799999952316284,3.7300000190734863,3.75,310200,0.0,0.0
2024-08-19 00:00:00-04:00,3.7799999713897705,3.859999895095825,3.75,3.8499999046325684,394200,0.0,0.0
2024-08-20 00:00:00-04:00,3.8499999046325684,3.869999885559082,3.7750000953674316,3.7799999713897705,390800,0.0,0.0
2024-08-21 00:00:00-04:00,3.7899999618530273,3.819999933242798,3.7300000190734863,3.7799999713897705,237900,0.0,0.0
2024-08-22 00:00:00-04:00,3.799999952316284,3.8399999141693115,3.765000104904175,3.809999942779541,382900,0.0,0.0
2024-08-23 00:00:00-04:00,3.8499999046325684,3.9600000381469727,3.8299999237060547,3.950000047683716,190700,0.0,0.0
2024-08-26 00:00:00-04:00,3.9700000286102295,4.130000114440918,3.947999954223633,4.079999923706055,479200,0.0,0.0
2024-08-27 00:00:00-04:00,4.050000190734863,4.099999904632568,3.9800000190734863,3.990000009536743,199900,0.0,0.0
2024-08-28 00:00:00-04:00,3.990000009536743,4.090000152587891,3.890000104904175,4.059999942779541,450200,0.0,0.0
2024-08-29 00:00:00-04:00,4.059999942779541,4.170000076293945,4.03000020980835,4.079999923706055,276600,0.0,0.0
2024-08-30 00:00:00-04:00,4.150000095367432,4.170000076293945,4.019999980926514,4.090000152587891,283200,0.0,0.0
2024-09-03 00:00:00-04:00,4.090000152587891,4.090000152587891,3.930000066757202,3.950000047683716,387100,0.0,0.0
2024-09-04 00:00:00-04:00,3.9200000762939453,4.074999809265137,3.9100000858306885,4.059999942779541,415100,0.0,0.0
2024-09-05 00:00:00-04:00,4.050000190734863,4.170000076293945,4.039999961853027,4.099999904632568,470000,0.0,0.0
2024-09-06 00:00:00-04:00,4.090000152587891,4.099999904632568,3.994999885559082,4.090000152587891,402200,0.0,0.0
2024-09-09 00:00:00-04:00,4.099999904632568,4.099999904632568,4.019999980926514,4.090000152587891,337300,0.0,0.0
2024-09-10 00:00:00-04:00,4.099999904632568,4.125,4.0,4.090000152587891,470600,0.0,0.0
2024-09-11 00:00:00-04:00,4.019999980926514,4.309999942779541,4.019999980926514,4.300000190734863,702700,0.0,0.0
2024-09-12 00:00:00-04:00,4.289999961853027,4.289999961853027,4.159999847412109,4.170000076293945,558100,0.0,0.0
2024-09-13 00:00:00-04:00,4.179999828338623,4.184999942779541,4.130000114440918,4.139999866485596,116900,0.0,0.0
2024-09-16 00:00:00-04:00,4.130000114440918,4.179999828338623,4.105000019073486,4.179999828338623,147700,0.0,0.0
2024-09-17 00:00:00-04:00,4.179999828338623,4.239999771118164,4.125999927520752,4.199999809265137,161900,0.0,0.0
2024-09-18 00:00:00-04:00,4.210000038146973,4.210000038146973,4.070000171661377,4.130000114440918,151400,0.0,0.0
2024-09-19 00:00:00-04:00,4.179999828338623,4.201000213623047,4.150000095367432,4.170000076293945,137900,0.0,0.0
2024-09-20 00:00:00-04:00,4.159999847412109,4.179999828338623,4.110000133514404,4.179999828338623,143200,0.0,0.0
2024-09-23 00:00:00-04:00,4.210000038146973,4.23799991607666,4.150000095367432,4.159999847412109,102300,0.0,0.0
2024-09-24 00:00:00-04:00,4.21999979019165,4.28000020980835,4.210000038146973,4.239999771118164,133100,0.0,0.0
2024-09-25 00:00:00-04:00,4.239999771118164,4.28000020980835,4.2129998207092285,4.239999771118164,149300,0.0,0.0
2024-09-26 00:00:00-04:00,4.369999885559082,4.429999828338623,4.320000171661377,4.429999828338623,207700,0.0,0.0
2024-09-27 00:00:00-04:00,4.449999809265137,4.545000076293945,4.420000076293945,4.460000038146973,196700,0.0,0.0
2024-09-30 00:00:00-04:00,4.550000190734863,4.699999809265137,4.474999904632568,4.539999961853027,429700,0.0,0.0
2024-10-01 00:00:00-04:00,4.570000171661377,4.574999809265137,4.369999885559082,4.550000190734863,304300,0.0,0.0
2024-10-02 00:00:00-04:00,4.690000057220459,4.880000114440918,4.625,4.880000114440918,754900,0.0,0.0
2024-10-03 00:00:00-04:00,4.760000228881836,4.900000095367432,4.630000114440918,4.889999866485596,465600,0.0,0.0
2024-10-04 00:00:00-04:00,4.940000057220459,4.949999809265137,4.670000076293945,4.739999771118164,338600,0.0,0.0
2024-10-07 00:00:00-04:00,4.760000228881836,4.769999980926514,4.550000190734863,4.699999809265137,230900,0.0,0.0
2024-10-08 00:00:00-04:00,4.590000152587891,4.590000152587891,4.460000038146973,4.519999980926514,185900,0.0,0.0
2024-10-09 00:00:00-04:00,4.46999979019165,4.5,4.401000022888184,4.46999979019165,148000,0.0,0.0
2024-10-10 00:00:00-04:00,4.429999828338623,4.480000019073486,4.340000152587891,4.429999828338623,139000,0.0,0.0
2024-10-11 00:00:00-04:00,4.400000095367432,4.489999771118164,4.349999904632568,4.449999809265137,129200,0.0,0.0
2024-10-14 00:00:00-04:00,4.440000057220459,4.466000080108643,4.349999904632568,4.360000133514404,95300,0.0,0.0
2024-10-15 00:00:00-04:00,4.329999923706055,4.349999904632568,4.15500020980835,4.170000076293945,194600,0.0,0.0
2024-10-16 00:00:00-04:00,4.179999828338623,4.289999961853027,4.170000076293945,4.28000020980835,133300,0.0,0.0
2024-10-17 00:00:00-04:00,4.28000020980835,4.28000020980835,4.170000076293945,4.21999979019165,100500,0.0,0.0
2024-10-18 00:00:00-04:00,4.25,4.289999961853027,4.199999809265137,4.230000019073486,65000,0.0,0.0
2024-10-21 00:00:00-04:00,4.190000057220459,4.239999771118164,4.150000095367432,4.199999809265137,75600,0.0,0.0
2024-10-22 00:00:00-04:00,4.21999979019165,4.255000114440918,4.199999809265137,4.239999771118164,113200,0.0,0.0
2024-10-23 00:00:00-04:00,4.21999979019165,4.224999904632568,4.099999904632568,4.130000114440918,69600,0.0,0.0
2024-10-24 00:00:00-04:00,4.159999847412109,4.179999828338623,4.109000205993652,4.130000114440918,55300,0.0,0.0
2024-10-25 00:00:00-04:00,4.110000133514404,4.170000076293945,4.110000133514404,4.130000114440918,64000,0.0,0.0
2024-10-28 00:00:00-04:00,4.139999866485596,4.289999961853027,4.119999885559082,4.260000228881836,130400,0.0,0.0
2024-10-29 00:00:00-04:00,4.239999771118164,4.320000171661377,4.210000038146973,4.300000190734863,77400,0.0,0.0
2024-10-30 00:00:00-04:00,4.260000228881836,4.28000020980835,4.204999923706055,4.230000019073486,94200,0.0,0.0
2024-10-31 00:00:00-04:00,4.199999809265137,4.210000038146973,4.130000114440918,4.139999866485596,70800,0.0,0.0
2024-11-01 00:00:00-04:00,4.150000095367432,4.179999828338623,3.940000057220459,3.9800000190734863,370700,0.0,0.0
2024-11-04 00:00:00-05:00,4.0,4.110000133514404,4.0,4.079999923706055,157900,0.0,0.0
2024-11-05 00:00:00-05:00,4.099999904632568,4.130000114440918,4.050000190734863,4.099999904632568,73900,0.0,0.0
2024-11-06 00:00:00-05:00,4.239999771118164,4.239999771118164,4.111000061035156,4.179999828338623,116900,0.0,0.0
2024-11-07 00:00:00-05:00,4.21999979019165,4.239999771118164,4.150000095367432,4.170000076293945,178100,0.0,0.0
2024-11-08 00:00:00-05:00,4.150000095367432,4.159999847412109,4.039999961853027,4.050000190734863,218100,0.0,0.0
2024-11-11 00:00:00-05:00,4.050000190734863,4.340000152587891,4.050000190734863,4.320000171661377,507600,0.0,0.0
2024-11-12 00:00:00-05:00,4.5,4.539999961853027,4.25,4.25,463200,0.0,0.0
2024-11-13 00:00:00-05:00,4.309999942779541,4.489999771118164,4.289999961853027,4.489999771118164,306100,0.0,0.0
2024-11-14 00:00:00-05:00,4.489999771118164,4.510000228881836,4.275000095367432,4.329999923706055,442800,0.0,0.0
2024-11-15 00:00:00-05:00,4.340000152587891,4.440000057220459,4.25,4.400000095367432,353900,0.0,0.0
2024-11-18 00:00:00-05:00,4.409999847412109,4.440000057220459,4.300000190734863,4.400000095367432,185400,0.0,0.0
2024-11-19 00:00:00-05:00,4.380000114440918,4.39900016784668,4.369999885559082,4.380000114440918,37500,0.0,0.0
2024-11-20 00:00:00-05:00,4.389999866485596,4.400000095367432,4.260000228881836,4.300000190734863,243800,0.0,0.0
2024-11-21 00:00:00-05:00,4.289999961853027,4.289999961853027,4.159999847412109,4.230000019073486,323500,0.0,0.0
2024-11-22 00:00:00-05:00,4.199999809265137,4.289000034332275,4.139999866485596,4.28000020980835,539700,0.0,0.0
2024-11-25 00:00:00-05:00,4.309999942779541,4.34499979019165,4.090000152587891,4.159999847412109,585809,0.0,0.0
