Date,Open,High,Low,Close,Volume,Dividends,Stock Splits
2022-01-03 00:00:00-05:00,38.5,39.72999954223633,38.20000076293945,39.27000045776367,433100,0.0,0.0
2022-01-04 00:00:00-05:00,39.470001220703125,39.86000061035156,38.13999938964844,38.970001220703125,313200,0.0,0.0
2022-01-05 00:00:00-05:00,38.709999084472656,39.689998626708984,37.459999084472656,37.599998474121094,464500,0.0,0.0
2022-01-06 00:00:00-05:00,37.38999938964844,38.5099983215332,36.65999984741211,37.95000076293945,252500,0.0,0.0
2022-01-07 00:00:00-05:00,37.150001525878906,38.15999984741211,35.88999938964844,35.91999816894531,355500,0.0,0.0
2022-01-10 00:00:00-05:00,35.33000183105469,35.5,33.66999816894531,34.79999923706055,468700,0.0,0.0
2022-01-11 00:00:00-05:00,34.66999816894531,35.83000183105469,34.25,35.61000061035156,225700,0.0,0.0
2022-01-12 00:00:00-05:00,35.72999954223633,36.779998779296875,35.63999938964844,36.4900016784668,446000,0.0,0.0
2022-01-13 00:00:00-05:00,37.25,37.75,35.060001373291016,35.20000076293945,310800,0.0,0.0
2022-01-14 00:00:00-05:00,34.68000030517578,36.349998474121094,34.33000183105469,36.349998474121094,207100,0.0,0.0
2022-01-18 00:00:00-05:00,35.56999969482422,35.90999984741211,33.93000030517578,34.04999923706055,359900,0.0,0.0
2022-01-19 00:00:00-05:00,34.369998931884766,34.900001525878906,32.7400016784668,32.849998474121094,316000,0.0,0.0
2022-01-20 00:00:00-05:00,33.40999984741211,34.29999923706055,32.150001525878906,32.22999954223633,469900,0.0,0.0
2022-01-21 00:00:00-05:00,31.8799991607666,33.2599983215332,31.270000457763672,31.649999618530273,387900,0.0,0.0
2022-01-24 00:00:00-05:00,30.760000228881836,32.72999954223633,29.639999389648438,32.58000183105469,666500,0.0,0.0
2022-01-25 00:00:00-05:00,31.450000762939453,32.369998931884766,30.790000915527344,31.6299991607666,422000,0.0,0.0
2022-01-26 00:00:00-05:00,32.93000030517578,33.7400016784668,31.559999465942383,32.33000183105469,412400,0.0,0.0
2022-01-27 00:00:00-05:00,32.43000030517578,32.959999084472656,30.030000686645508,30.520000457763672,514400,0.0,0.0
2022-01-28 00:00:00-05:00,30.469999313354492,30.850000381469727,29.329999923706055,30.780000686645508,394300,0.0,0.0
2022-01-31 00:00:00-05:00,30.760000228881836,33.04999923706055,30.059999465942383,32.97999954223633,415100,0.0,0.0
2022-02-01 00:00:00-05:00,33.18000030517578,33.29999923706055,31.809999465942383,32.470001220703125,358900,0.0,0.0
2022-02-02 00:00:00-05:00,33.09000015258789,33.09000015258789,31.760000228881836,32.34000015258789,320000,0.0,0.0
2022-02-03 00:00:00-05:00,31.209999084472656,31.75,30.299999237060547,30.520000457763672,416800,0.0,0.0
2022-02-04 00:00:00-05:00,30.43000030517578,31.549999237060547,29.979999542236328,31.139999389648438,349000,0.0,0.0
2022-02-07 00:00:00-05:00,31.670000076293945,32.470001220703125,31.25,31.489999771118164,341900,0.0,0.0
2022-02-08 00:00:00-05:00,31.549999237060547,32.810001373291016,31.549999237060547,32.619998931884766,453000,0.0,0.0
2022-02-09 00:00:00-05:00,33.2400016784668,34.290000915527344,33.060001373291016,34.209999084472656,320000,0.0,0.0
2022-02-10 00:00:00-05:00,33.18000030517578,34.130001068115234,32.5099983215332,32.63999938964844,372600,0.0,0.0
2022-02-11 00:00:00-05:00,33.0,33.119998931884766,30.100000381469727,30.850000381469727,1275200,0.0,0.0
2022-02-14 00:00:00-05:00,30.6200008392334,31.729999542236328,30.389999389648438,31.079999923706055,862000,0.0,0.0
2022-02-15 00:00:00-05:00,31.690000534057617,32.900001525878906,31.68000030517578,32.7599983215332,525800,0.0,0.0
2022-02-16 00:00:00-05:00,32.4900016784668,33.099998474121094,31.799999237060547,32.900001525878906,275800,0.0,0.0
2022-02-17 00:00:00-05:00,32.33000183105469,32.959999084472656,32.060001373291016,32.52000045776367,377100,0.0,0.0
2022-02-18 00:00:00-05:00,32.5,32.7599983215332,31.40999984741211,31.90999984741211,326400,0.0,0.0
2022-02-22 00:00:00-05:00,31.299999237060547,32.150001525878906,30.920000076293945,31.219999313354492,432700,0.0,0.0
2022-02-23 00:00:00-05:00,31.65999984741211,32.119998931884766,30.260000228881836,30.3799991607666,398500,0.0,0.0
2022-02-24 00:00:00-05:00,29.559999465942383,31.84000015258789,28.8700008392334,31.790000915527344,497800,0.0,0.0
2022-02-25 00:00:00-05:00,31.719999313354492,31.90999984741211,31.010000228881836,31.639999389648438,533500,0.0,0.0
2022-02-28 00:00:00-05:00,31.260000228881836,31.450000762939453,30.549999237060547,31.18000030517578,483100,0.0,0.0
2022-03-01 00:00:00-05:00,31.18000030517578,31.219999313354492,29.649999618530273,29.920000076293945,297400,0.0,0.0
2022-03-02 00:00:00-05:00,30.110000610351562,31.1200008392334,29.920000076293945,30.989999771118164,420800,0.0,0.0
2022-03-03 00:00:00-05:00,31.170000076293945,31.170000076293945,29.530000686645508,29.799999237060547,387500,0.0,0.0
2022-03-04 00:00:00-05:00,29.329999923706055,29.6299991607666,27.950000762939453,28.09000015258789,670900,0.0,0.0
2022-03-07 00:00:00-05:00,28.25,28.649999618530273,26.309999465942383,26.420000076293945,688000,0.0,0.0
2022-03-08 00:00:00-05:00,26.459999084472656,28.18000030517578,25.889999389648438,27.329999923706055,914400,0.0,0.0
2022-03-09 00:00:00-05:00,28.540000915527344,29.43000030517578,28.329999923706055,29.010000228881836,356300,0.0,0.0
2022-03-10 00:00:00-05:00,28.110000610351562,29.18000030517578,27.8799991607666,29.030000686645508,346000,0.0,0.0
2022-03-11 00:00:00-05:00,29.229999542236328,29.760000228881836,28.329999923706055,28.350000381469727,244000,0.0,0.0
2022-03-14 00:00:00-04:00,28.299999237060547,28.520000457763672,26.979999542236328,27.350000381469727,425000,0.0,0.0
2022-03-15 00:00:00-04:00,27.360000610351562,28.579999923706055,27.360000610351562,28.56999969482422,355600,0.0,0.0
2022-03-16 00:00:00-04:00,29.030000686645508,30.700000762939453,29.030000686645508,30.670000076293945,335800,0.0,0.0
2022-03-17 00:00:00-04:00,30.469999313354492,31.15999984741211,30.350000381469727,30.979999542236328,223400,0.0,0.0
2022-03-18 00:00:00-04:00,30.200000762939453,32.220001220703125,30.200000762939453,32.130001068115234,644100,0.0,0.0
2022-03-21 00:00:00-04:00,32.02000045776367,32.36000061035156,30.969999313354492,31.219999313354492,252000,0.0,0.0
2022-03-22 00:00:00-04:00,31.170000076293945,32.13999938964844,31.149999618530273,31.290000915527344,166000,0.0,0.0
2022-03-23 00:00:00-04:00,30.770000457763672,31.229999542236328,30.139999389648438,30.15999984741211,222500,0.0,0.0
2022-03-24 00:00:00-04:00,30.399999618530273,31.489999771118164,30.170000076293945,31.479999542236328,204400,0.0,0.0
2022-03-25 00:00:00-04:00,31.530000686645508,31.600000381469727,30.790000915527344,31.030000686645508,188600,0.0,0.0
2022-03-28 00:00:00-04:00,30.530000686645508,30.93000030517578,29.690000534057617,30.510000228881836,277800,0.0,0.0
2022-03-29 00:00:00-04:00,31.0,31.780000686645508,30.6299991607666,31.190000534057617,427700,0.0,0.0
2022-03-30 00:00:00-04:00,30.829999923706055,31.100000381469727,29.959999084472656,29.989999771118164,222900,0.0,0.0
2022-03-31 00:00:00-04:00,29.959999084472656,30.25,29.540000915527344,29.600000381469727,288800,0.0,0.0
2022-04-01 00:00:00-04:00,29.719999313354492,30.200000762939453,28.469999313354492,28.690000534057617,384400,0.0,0.0
2022-04-04 00:00:00-04:00,28.799999237060547,29.360000610351562,28.690000534057617,28.989999771118164,180000,0.0,0.0
2022-04-05 00:00:00-04:00,28.760000228881836,28.920000076293945,27.670000076293945,27.790000915527344,384000,0.0,0.0
2022-04-06 00:00:00-04:00,27.239999771118164,27.360000610351562,26.3799991607666,26.75,427400,0.0,0.0
2022-04-07 00:00:00-04:00,26.579999923706055,27.489999771118164,26.309999465942383,27.239999771118164,880100,0.0,0.0
2022-04-08 00:00:00-04:00,27.0,27.260000228881836,26.540000915527344,26.649999618530273,397300,0.0,0.0
2022-04-11 00:00:00-04:00,26.15999984741211,26.770000457763672,25.75,25.790000915527344,283500,0.0,0.0
2022-04-12 00:00:00-04:00,25.5,26.729999542236328,25.5,25.93000030517578,326400,0.0,0.0
2022-04-13 00:00:00-04:00,26.239999771118164,26.579999923706055,26.049999237060547,26.440000534057617,247500,0.0,0.0
2022-04-14 00:00:00-04:00,26.510000228881836,26.68000030517578,25.459999084472656,25.469999313354492,268800,0.0,0.0
2022-04-18 00:00:00-04:00,25.25,26.239999771118164,25.15999984741211,25.899999618530273,289000,0.0,0.0
2022-04-19 00:00:00-04:00,25.899999618530273,26.81999969482422,25.709999084472656,26.690000534057617,224200,0.0,0.0
2022-04-20 00:00:00-04:00,27.219999313354492,27.6200008392334,26.700000762939453,26.75,282300,0.0,0.0
2022-04-21 00:00:00-04:00,27.290000915527344,27.549999237060547,25.790000915527344,26.079999923706055,255100,0.0,0.0
2022-04-22 00:00:00-04:00,26.030000686645508,26.469999313354492,25.559999465942383,25.610000610351562,153700,0.0,0.0
2022-04-25 00:00:00-04:00,25.219999313354492,26.219999313354492,25.059999465942383,26.200000762939453,320700,0.0,0.0
2022-04-26 00:00:00-04:00,25.760000228881836,26.06999969482422,25.149999618530273,25.600000381469727,322400,0.0,0.0
2022-04-27 00:00:00-04:00,25.360000610351562,26.280000686645508,25.260000228881836,25.479999542236328,307100,0.0,0.0
2022-04-28 00:00:00-04:00,26.1200008392334,27.579999923706055,25.579999923706055,27.229999542236328,454400,0.0,0.0
2022-04-29 00:00:00-04:00,27.229999542236328,28.389999389648438,26.329999923706055,26.559999465942383,484200,0.0,0.0
2022-05-02 00:00:00-04:00,26.65999984741211,27.299999237060547,26.239999771118164,27.290000915527344,314500,0.0,0.0
2022-05-03 00:00:00-04:00,27.170000076293945,28.049999237060547,26.860000610351562,27.709999084472656,257700,0.0,0.0
2022-05-04 00:00:00-04:00,28.139999389648438,29.5,27.59000015258789,29.459999084472656,380100,0.0,0.0
2022-05-05 00:00:00-04:00,28.770000457763672,29.06999969482422,27.719999313354492,28.389999389648438,414800,0.0,0.0
2022-05-06 00:00:00-04:00,28.06999969482422,28.959999084472656,27.65999984741211,28.309999465942383,402500,0.0,0.0
2022-05-09 00:00:00-04:00,27.65999984741211,27.950000762939453,26.75,27.09000015258789,263400,0.0,0.0
2022-05-10 00:00:00-04:00,27.690000534057617,27.850000381469727,26.399999618530273,27.059999465942383,252000,0.0,0.0
2022-05-11 00:00:00-04:00,26.920000076293945,27.450000762939453,26.040000915527344,26.1299991607666,175900,0.0,0.0
2022-05-12 00:00:00-04:00,25.770000457763672,26.690000534057617,25.510000228881836,26.260000228881836,272400,0.0,0.0
2022-05-13 00:00:00-04:00,26.860000610351562,28.260000228881836,26.530000686645508,28.040000915527344,370700,0.0,0.0
2022-05-16 00:00:00-04:00,27.649999618530273,28.25,27.350000381469727,27.489999771118164,289700,0.0,0.0
2022-05-17 00:00:00-04:00,28.290000915527344,30.1299991607666,28.110000610351562,30.079999923706055,468400,0.0,0.0
2022-05-18 00:00:00-04:00,29.31999969482422,30.0,28.6299991607666,29.0,506300,0.0,0.0
2022-05-19 00:00:00-04:00,28.790000915527344,29.190000534057617,28.170000076293945,28.309999465942383,288700,0.0,0.0
2022-05-20 00:00:00-04:00,28.969999313354492,29.309999465942383,26.8799991607666,27.940000534057617,252200,0.0,0.0
2022-05-23 00:00:00-04:00,28.149999618530273,30.1200008392334,27.75,28.260000228881836,254900,0.0,0.0
2022-05-24 00:00:00-04:00,27.809999465942383,27.959999084472656,26.6200008392334,27.149999618530273,302000,0.0,0.0
2022-05-25 00:00:00-04:00,26.989999771118164,28.260000228881836,26.989999771118164,28.020000457763672,382200,0.0,0.0
2022-05-26 00:00:00-04:00,27.989999771118164,29.829999923706055,27.809999465942383,29.530000686645508,393900,0.0,0.0
2022-05-27 00:00:00-04:00,29.68000030517578,30.600000381469727,29.68000030517578,30.540000915527344,381200,0.0,0.0
2022-05-31 00:00:00-04:00,30.479999542236328,30.610000610351562,29.700000762939453,30.43000030517578,394200,0.0,0.0
2022-06-01 00:00:00-04:00,30.43000030517578,30.81999969482422,29.25,29.84000015258789,281700,0.0,0.0
2022-06-02 00:00:00-04:00,29.68000030517578,30.670000076293945,29.600000381469727,30.670000076293945,231400,0.0,0.0
2022-06-03 00:00:00-04:00,30.110000610351562,30.149999618530273,29.59000015258789,29.81999969482422,213700,0.0,0.0
2022-06-06 00:00:00-04:00,30.40999984741211,30.670000076293945,29.459999084472656,29.639999389648438,227100,0.0,0.0
2022-06-07 00:00:00-04:00,29.309999465942383,30.06999969482422,29.239999771118164,30.010000228881836,176800,0.0,0.0
2022-06-08 00:00:00-04:00,29.84000015258789,29.889999389648438,29.110000610351562,29.280000686645508,236400,0.0,0.0
2022-06-09 00:00:00-04:00,28.979999542236328,29.440000534057617,28.6299991607666,28.68000030517578,210500,0.0,0.0
2022-06-10 00:00:00-04:00,28.149999618530273,28.90999984741211,27.610000610351562,28.0,258800,0.0,0.0
2022-06-13 00:00:00-04:00,26.739999771118164,27.309999465942383,26.25,26.770000457763672,351100,0.0,0.0
2022-06-14 00:00:00-04:00,27.059999465942383,27.309999465942383,26.56999969482422,26.8700008392334,263500,0.0,0.0
2022-06-15 00:00:00-04:00,27.079999923706055,28.280000686645508,26.969999313354492,27.790000915527344,246400,0.0,0.0
2022-06-16 00:00:00-04:00,26.709999084472656,27.079999923706055,25.3799991607666,25.709999084472656,360600,0.0,0.0
2022-06-17 00:00:00-04:00,26.040000915527344,26.329999923706055,25.520000457763672,25.770000457763672,488300,0.0,0.0
2022-06-21 00:00:00-04:00,26.360000610351562,27.110000610351562,26.280000686645508,26.950000762939453,267100,0.0,0.0
2022-06-22 00:00:00-04:00,26.329999923706055,26.969999313354492,26.329999923706055,26.610000610351562,300900,0.0,0.0
2022-06-23 00:00:00-04:00,26.780000686645508,27.0,26.31999969482422,26.889999389648438,280200,0.0,0.0
2022-06-24 00:00:00-04:00,27.110000610351562,28.15999984741211,27.110000610351562,27.81999969482422,1399400,0.0,0.0
2022-06-27 00:00:00-04:00,28.149999618530273,28.479999542236328,27.559999465942383,28.149999618530273,190200,0.0,0.0
2022-06-28 00:00:00-04:00,28.440000534057617,28.450000762939453,27.440000534057617,27.700000762939453,231700,0.0,0.0
2022-06-29 00:00:00-04:00,27.360000610351562,27.469999313354492,26.489999771118164,26.950000762939453,305700,0.0,0.0
2022-06-30 00:00:00-04:00,26.579999923706055,27.920000076293945,26.389999389648438,27.75,326400,0.0,0.0
2022-07-01 00:00:00-04:00,27.31999969482422,27.360000610351562,24.3799991607666,24.850000381469727,588300,0.0,0.0
2022-07-05 00:00:00-04:00,24.1299991607666,25.059999465942383,24.059999465942383,25.040000915527344,424500,0.0,0.0
2022-07-06 00:00:00-04:00,25.040000915527344,25.110000610351562,24.25,24.6200008392334,294600,0.0,0.0
2022-07-07 00:00:00-04:00,25.100000381469727,26.020000457763672,25.049999237060547,25.889999389648438,339100,0.0,0.0
2022-07-08 00:00:00-04:00,25.729999542236328,26.3799991607666,25.520000457763672,26.3799991607666,251100,0.0,0.0
2022-07-11 00:00:00-04:00,25.860000610351562,26.010000228881836,25.459999084472656,25.690000534057617,249600,0.0,0.0
2022-07-12 00:00:00-04:00,26.030000686645508,27.079999923706055,26.0,26.3700008392334,547100,0.0,0.0
2022-07-13 00:00:00-04:00,25.6200008392334,26.549999237060547,25.579999923706055,26.520000457763672,431900,0.0,0.0
2022-07-14 00:00:00-04:00,26.260000228881836,27.149999618530273,25.75,27.1299991607666,347600,0.0,0.0
2022-07-15 00:00:00-04:00,27.700000762939453,27.700000762939453,26.68000030517578,27.270000457763672,294600,0.0,0.0
2022-07-18 00:00:00-04:00,27.6299991607666,27.760000228881836,26.450000762939453,26.450000762939453,213300,0.0,0.0
2022-07-19 00:00:00-04:00,26.959999084472656,27.90999984741211,26.559999465942383,27.81999969482422,304600,0.0,0.0
2022-07-20 00:00:00-04:00,27.84000015258789,29.09000015258789,27.809999465942383,28.969999313354492,341100,0.0,0.0
2022-07-21 00:00:00-04:00,29.030000686645508,29.309999465942383,28.8799991607666,29.309999465942383,207100,0.0,0.0
2022-07-22 00:00:00-04:00,29.299999237060547,29.299999237060547,28.219999313354492,28.559999465942383,171800,0.0,0.0
2022-07-25 00:00:00-04:00,28.43000030517578,28.489999771118164,27.780000686645508,28.450000762939453,172900,0.0,0.0
2022-07-26 00:00:00-04:00,28.3700008392334,28.670000076293945,28.149999618530273,28.299999237060547,183900,0.0,0.0
2022-07-27 00:00:00-04:00,28.579999923706055,29.43000030517578,28.34000015258789,29.020000457763672,507800,0.0,0.0
2022-07-28 00:00:00-04:00,29.0,29.049999237060547,28.010000228881836,28.969999313354492,424000,0.0,0.0
2022-07-29 00:00:00-04:00,29.549999237060547,29.549999237060547,28.170000076293945,28.579999923706055,454300,0.0,0.0
2022-08-01 00:00:00-04:00,28.420000076293945,29.399999618530273,28.010000228881836,29.149999618530273,360000,0.0,0.0
2022-08-02 00:00:00-04:00,28.709999084472656,29.799999237060547,28.709999084472656,29.110000610351562,445600,0.0,0.0
2022-08-03 00:00:00-04:00,29.1299991607666,30.68000030517578,29.079999923706055,30.399999618530273,354400,0.0,0.0
2022-08-04 00:00:00-04:00,30.670000076293945,31.350000381469727,30.389999389648438,31.25,299400,0.0,0.0
2022-08-05 00:00:00-04:00,30.770000457763672,31.5,30.1200008392334,30.479999542236328,227700,0.0,0.0
2022-08-08 00:00:00-04:00,30.3799991607666,30.81999969482422,29.1200008392334,29.459999084472656,202500,0.0,0.0
2022-08-09 00:00:00-04:00,29.06999969482422,29.06999969482422,26.610000610351562,26.959999084472656,500600,0.0,0.0
2022-08-10 00:00:00-04:00,27.6299991607666,29.290000915527344,27.540000915527344,28.889999389648438,338100,0.0,0.0
2022-08-11 00:00:00-04:00,29.190000534057617,29.959999084472656,28.889999389648438,29.100000381469727,188000,0.0,0.0
2022-08-12 00:00:00-04:00,29.610000610351562,30.530000686645508,29.5,30.34000015258789,239000,0.0,0.0
2022-08-15 00:00:00-04:00,30.18000030517578,30.5,29.75,30.219999313354492,230200,0.0,0.0
2022-08-16 00:00:00-04:00,30.079999923706055,30.209999084472656,29.420000076293945,29.700000762939453,172500,0.0,0.0
2022-08-17 00:00:00-04:00,29.149999618530273,29.270000457763672,28.399999618530273,28.889999389648438,194300,0.0,0.0
2022-08-18 00:00:00-04:00,28.950000762939453,29.979999542236328,28.950000762939453,29.649999618530273,185000,0.0,0.0
2022-08-19 00:00:00-04:00,29.1299991607666,29.18000030517578,28.760000228881836,29.09000015258789,217200,0.0,0.0
2022-08-22 00:00:00-04:00,28.309999465942383,28.520000457763672,27.93000030517578,28.079999923706055,213200,0.0,0.0
2022-08-23 00:00:00-04:00,27.979999542236328,28.75,27.979999542236328,28.299999237060547,133300,0.0,0.0
2022-08-24 00:00:00-04:00,28.59000015258789,28.920000076293945,28.309999465942383,28.690000534057617,252500,0.0,0.0
2022-08-25 00:00:00-04:00,28.600000381469727,30.540000915527344,28.600000381469727,30.510000228881836,296100,0.0,0.0
2022-08-26 00:00:00-04:00,30.559999465942383,30.799999237060547,28.850000381469727,28.850000381469727,323600,0.0,0.0
2022-08-29 00:00:00-04:00,28.3700008392334,29.1200008392334,28.149999618530273,28.209999084472656,304000,0.0,0.0
2022-08-30 00:00:00-04:00,28.510000228881836,28.559999465942383,27.530000686645508,27.809999465942383,927200,0.0,0.0
2022-08-31 00:00:00-04:00,27.90999984741211,27.90999984741211,26.700000762939453,26.829999923706055,389900,0.0,0.0
2022-09-01 00:00:00-04:00,26.309999465942383,26.5,25.5,26.34000015258789,241400,0.0,0.0
2022-09-02 00:00:00-04:00,26.549999237060547,27.389999389648438,26.149999618530273,26.690000534057617,229200,0.0,0.0
2022-09-06 00:00:00-04:00,26.670000076293945,27.239999771118164,26.34000015258789,26.790000915527344,271600,0.0,0.0
2022-09-07 00:00:00-04:00,26.649999618530273,26.93000030517578,26.1200008392334,26.780000686645508,279600,0.0,0.0
2022-09-08 00:00:00-04:00,26.5,27.420000076293945,26.280000686645508,27.399999618530273,183300,0.0,0.0
2022-09-09 00:00:00-04:00,27.770000457763672,28.389999389648438,27.770000457763672,28.260000228881836,153300,0.0,0.0
2022-09-12 00:00:00-04:00,28.270000457763672,28.5,27.93000030517578,28.09000015258789,176400,0.0,0.0
2022-09-13 00:00:00-04:00,27.100000381469727,27.5,26.5,27.100000381469727,235000,0.0,0.0
2022-09-14 00:00:00-04:00,27.270000457763672,27.600000381469727,26.850000381469727,27.239999771118164,183400,0.0,0.0
2022-09-15 00:00:00-04:00,27.0,27.280000686645508,26.56999969482422,26.81999969482422,174100,0.0,0.0
2022-09-16 00:00:00-04:00,26.6299991607666,27.3700008392334,26.219999313354492,27.329999923706055,586300,0.0,0.0
2022-09-19 00:00:00-04:00,26.709999084472656,27.729999542236328,26.709999084472656,27.489999771118164,217700,0.0,0.0
2022-09-20 00:00:00-04:00,27.270000457763672,27.520000457763672,26.93000030517578,27.459999084472656,240100,0.0,0.0
2022-09-21 00:00:00-04:00,27.579999923706055,28.149999618530273,27.010000228881836,27.100000381469727,150000,0.0,0.0
2022-09-22 00:00:00-04:00,26.959999084472656,26.959999084472656,26.34000015258789,26.540000915527344,257600,0.0,0.0
2022-09-23 00:00:00-04:00,26.290000915527344,26.389999389648438,25.450000762939453,26.030000686645508,214900,0.0,0.0
2022-09-26 00:00:00-04:00,25.93000030517578,26.31999969482422,25.559999465942383,25.670000076293945,251000,0.0,0.0
2022-09-27 00:00:00-04:00,26.049999237060547,26.530000686645508,25.540000915527344,25.989999771118164,180400,0.0,0.0
2022-09-28 00:00:00-04:00,25.59000015258789,26.600000381469727,25.479999542236328,26.479999542236328,218900,0.0,0.0
2022-09-29 00:00:00-04:00,26.020000457763672,26.3799991607666,25.440000534057617,26.350000381469727,202700,0.0,0.0
2022-09-30 00:00:00-04:00,26.0,26.5,25.75,25.780000686645508,307100,0.0,0.0
2022-10-03 00:00:00-04:00,26.059999465942383,27.700000762939453,26.059999465942383,27.329999923706055,258200,0.0,0.0
2022-10-04 00:00:00-04:00,28.1299991607666,29.0,28.010000228881836,28.950000762939453,315700,0.0,0.0
2022-10-05 00:00:00-04:00,28.65999984741211,29.450000762939453,27.90999984741211,28.989999771118164,286900,0.0,0.0
2022-10-06 00:00:00-04:00,28.829999923706055,29.489999771118164,28.6200008392334,29.299999237060547,305100,0.0,0.0
2022-10-07 00:00:00-04:00,27.450000762939453,28.940000534057617,27.450000762939453,28.1200008392334,212400,0.0,0.0
2022-10-10 00:00:00-04:00,28.18000030517578,28.18000030517578,26.90999984741211,27.68000030517578,183300,0.0,0.0
2022-10-11 00:00:00-04:00,27.260000228881836,27.639999389648438,26.5,26.93000030517578,330900,0.0,0.0
2022-10-12 00:00:00-04:00,26.979999542236328,26.979999542236328,26.3799991607666,26.389999389648438,194700,0.0,0.0
2022-10-13 00:00:00-04:00,25.479999542236328,27.68000030517578,25.200000762939453,27.200000762939453,417000,0.0,0.0
2022-10-14 00:00:00-04:00,27.450000762939453,27.56999969482422,26.290000915527344,26.34000015258789,226200,0.0,0.0
2022-10-17 00:00:00-04:00,26.90999984741211,27.290000915527344,26.299999237060547,26.5,228800,0.0,0.0
2022-10-18 00:00:00-04:00,27.25,27.479999542236328,26.329999923706055,27.059999465942383,374100,0.0,0.0
2022-10-19 00:00:00-04:00,27.049999237060547,27.489999771118164,26.739999771118164,27.299999237060547,473200,0.0,0.0
2022-10-20 00:00:00-04:00,27.549999237060547,28.450000762939453,27.360000610351562,28.049999237060547,268100,0.0,0.0
2022-10-21 00:00:00-04:00,28.229999542236328,29.799999237060547,28.229999542236328,29.559999465942383,310700,0.0,0.0
2022-10-24 00:00:00-04:00,29.65999984741211,29.950000762939453,29.110000610351562,29.90999984741211,221300,0.0,0.0
2022-10-25 00:00:00-04:00,29.90999984741211,30.68000030517578,29.90999984741211,30.3700008392334,366600,0.0,0.0
2022-10-26 00:00:00-04:00,30.049999237060547,31.579999923706055,29.829999923706055,30.469999313354492,260000,0.0,0.0
2022-10-27 00:00:00-04:00,31.040000915527344,31.040000915527344,29.079999923706055,29.520000457763672,577300,0.0,0.0
2022-10-28 00:00:00-04:00,30.75,34.2400016784668,29.6299991607666,33.65999984741211,954600,0.0,0.0
2022-10-31 00:00:00-04:00,33.689998626708984,33.779998779296875,32.560001373291016,32.91999816894531,420700,0.0,0.0
2022-11-01 00:00:00-04:00,33.349998474121094,33.47999954223633,32.650001525878906,33.130001068115234,231000,0.0,0.0
2022-11-02 00:00:00-04:00,33.08000183105469,33.08000183105469,30.899999618530273,30.90999984741211,299700,0.0,0.0
2022-11-03 00:00:00-04:00,30.190000534057617,30.979999542236328,29.959999084472656,30.030000686645508,730300,0.0,0.0
2022-11-04 00:00:00-04:00,32.15999984741211,33.70000076293945,31.719999313354492,33.54999923706055,401400,0.0,0.0
2022-11-07 00:00:00-05:00,33.650001525878906,33.650001525878906,32.540000915527344,33.529998779296875,586800,0.0,0.0
2022-11-08 00:00:00-05:00,34.0,34.4900016784668,33.4900016784668,34.040000915527344,294200,0.0,0.0
2022-11-09 00:00:00-05:00,33.56999969482422,34.38999938964844,33.41999816894531,33.7599983215332,189300,0.0,0.0
2022-11-10 00:00:00-05:00,35.06999969482422,36.31999969482422,34.84000015258789,36.2599983215332,414700,0.0,0.0
2022-11-11 00:00:00-05:00,36.41999816894531,37.65999984741211,36.119998931884766,36.91999816894531,363700,0.0,0.0
2022-11-14 00:00:00-05:00,36.36000061035156,36.9900016784668,36.02000045776367,36.380001068115234,279700,0.0,0.0
2022-11-15 00:00:00-05:00,37.43000030517578,37.63999938964844,36.56999969482422,36.59000015258789,360500,0.0,0.0
2022-11-16 00:00:00-05:00,35.970001220703125,36.540000915527344,35.58000183105469,35.900001525878906,188100,0.0,0.0
2022-11-17 00:00:00-05:00,35.15999984741211,36.31999969482422,35.040000915527344,35.77000045776367,207100,0.0,0.0
2022-11-18 00:00:00-05:00,36.720001220703125,36.720001220703125,35.439998626708984,35.63999938964844,251900,0.0,0.0
2022-11-21 00:00:00-05:00,35.38999938964844,35.4900016784668,34.84000015258789,35.0,203200,0.0,0.0
2022-11-22 00:00:00-05:00,35.380001068115234,35.400001525878906,34.79999923706055,35.22999954223633,335400,0.0,0.0
2022-11-23 00:00:00-05:00,35.22999954223633,36.08000183105469,35.15999984741211,35.599998474121094,142600,0.0,0.0
2022-11-25 00:00:00-05:00,35.36000061035156,35.75,35.16999816894531,35.209999084472656,83900,0.0,0.0
2022-11-28 00:00:00-05:00,34.75,34.75,33.83000183105469,33.95000076293945,192500,0.0,0.0
2022-11-29 00:00:00-05:00,33.970001220703125,34.75,33.720001220703125,33.970001220703125,324800,0.0,0.0
2022-11-30 00:00:00-05:00,34.220001220703125,35.83000183105469,33.900001525878906,35.81999969482422,325000,0.0,0.0
2022-12-01 00:00:00-05:00,36.06999969482422,36.5,35.40999984741211,35.939998626708984,154300,0.0,0.0
2022-12-02 00:00:00-05:00,35.15999984741211,35.779998779296875,35.15999984741211,35.5,190200,0.0,0.0
2022-12-05 00:00:00-05:00,35.13999938964844,35.599998474121094,35.130001068115234,35.470001220703125,162700,0.0,0.0
2022-12-06 00:00:00-05:00,35.54999923706055,35.59000015258789,34.130001068115234,34.529998779296875,149200,0.0,0.0
2022-12-07 00:00:00-05:00,34.290000915527344,35.189998626708984,34.0,34.7599983215332,178300,0.0,0.0
2022-12-08 00:00:00-05:00,34.869998931884766,35.720001220703125,34.45000076293945,35.56999969482422,130200,0.0,0.0
2022-12-09 00:00:00-05:00,35.290000915527344,35.59000015258789,34.72999954223633,34.7400016784668,125000,0.0,0.0
2022-12-12 00:00:00-05:00,34.63999938964844,35.529998779296875,34.439998626708984,35.38999938964844,168500,0.0,0.0
2022-12-13 00:00:00-05:00,36.75,36.959999084472656,35.5,35.599998474121094,247000,0.0,0.0
2022-12-14 00:00:00-05:00,35.709999084472656,36.40999984741211,35.20000076293945,35.54999923706055,225700,0.0,0.0
2022-12-15 00:00:00-05:00,34.81999969482422,34.97999954223633,34.09000015258789,34.369998931884766,195500,0.0,0.0
2022-12-16 00:00:00-05:00,34.130001068115234,34.619998931884766,33.349998474121094,33.86000061035156,817600,0.0,0.0
2022-12-19 00:00:00-05:00,33.650001525878906,33.650001525878906,32.029998779296875,32.15999984741211,294200,0.0,0.0
2022-12-20 00:00:00-05:00,32.11000061035156,32.65999984741211,31.639999389648438,32.16999816894531,167000,0.0,0.0
2022-12-21 00:00:00-05:00,32.25,32.939998626708984,32.18000030517578,32.689998626708984,154500,0.0,0.0
2022-12-22 00:00:00-05:00,32.130001068115234,32.130001068115234,30.969999313354492,31.780000686645508,119500,0.0,0.0
2022-12-23 00:00:00-05:00,31.56999969482422,31.700000762939453,31.360000610351562,31.56999969482422,95300,0.0,0.0
2022-12-27 00:00:00-05:00,31.469999313354492,31.809999465942383,31.059999465942383,31.690000534057617,123000,0.0,0.0
2022-12-28 00:00:00-05:00,31.59000015258789,31.989999771118164,30.850000381469727,31.1200008392334,135500,0.0,0.0
2022-12-29 00:00:00-05:00,31.530000686645508,32.540000915527344,31.440000534057617,32.349998474121094,152800,0.0,0.0
2022-12-30 00:00:00-05:00,31.950000762939453,32.45000076293945,31.920000076293945,32.04999923706055,198000,0.0,0.0
2023-01-03 00:00:00-05:00,32.349998474121094,32.75,31.450000762939453,31.729999542236328,166800,0.0,0.0
2023-01-04 00:00:00-05:00,32.13999938964844,32.400001525878906,31.639999389648438,32.04999923706055,184500,0.0,0.0
2023-01-05 00:00:00-05:00,31.760000228881836,32.689998626708984,31.760000228881836,32.29999923706055,156500,0.0,0.0
2023-01-06 00:00:00-05:00,32.7599983215332,34.029998779296875,32.63999938964844,33.84000015258789,127000,0.0,0.0
2023-01-09 00:00:00-05:00,34.41999816894531,35.529998779296875,34.29999923706055,34.36000061035156,199600,0.0,0.0
2023-01-10 00:00:00-05:00,34.349998474121094,35.29999923706055,34.349998474121094,35.040000915527344,173100,0.0,0.0
2023-01-11 00:00:00-05:00,34.7400016784668,35.099998474121094,34.380001068115234,35.08000183105469,134900,0.0,0.0
2023-01-12 00:00:00-05:00,35.459999084472656,35.88999938964844,34.86000061035156,35.84000015258789,148300,0.0,0.0
2023-01-13 00:00:00-05:00,35.470001220703125,36.2400016784668,35.470001220703125,35.97999954223633,105400,0.0,0.0
2023-01-17 00:00:00-05:00,35.900001525878906,35.97999954223633,34.869998931884766,35.27000045776367,111900,0.0,0.0
2023-01-18 00:00:00-05:00,35.5099983215332,36.38999938964844,35.279998779296875,35.290000915527344,115400,0.0,0.0
2023-01-19 00:00:00-05:00,34.720001220703125,35.33000183105469,34.650001525878906,34.93000030517578,128800,0.0,0.0
2023-01-20 00:00:00-05:00,35.54999923706055,35.75,35.08000183105469,35.40999984741211,161600,0.0,0.0
2023-01-23 00:00:00-05:00,35.58000183105469,36.689998626708984,35.45000076293945,36.33000183105469,224400,0.0,0.0
2023-01-24 00:00:00-05:00,35.970001220703125,36.47999954223633,35.869998931884766,36.38999938964844,158200,0.0,0.0
2023-01-25 00:00:00-05:00,35.849998474121094,36.959999084472656,35.4900016784668,36.90999984741211,194300,0.0,0.0
2023-01-26 00:00:00-05:00,37.0,37.0,36.11000061035156,36.810001373291016,301900,0.0,0.0
2023-01-27 00:00:00-05:00,36.31999969482422,36.77000045776367,35.81999969482422,36.0099983215332,164300,0.0,0.0
2023-01-30 00:00:00-05:00,35.560001373291016,35.75,35.0099983215332,35.290000915527344,198000,0.0,0.0
2023-01-31 00:00:00-05:00,35.529998779296875,36.34000015258789,35.529998779296875,36.08000183105469,246300,0.0,0.0
2023-02-01 00:00:00-05:00,36.2400016784668,37.81999969482422,36.22999954223633,37.29999923706055,283500,0.0,0.0
2023-02-02 00:00:00-05:00,37.470001220703125,38.2599983215332,37.279998779296875,38.25,261700,0.0,0.0
2023-02-03 00:00:00-05:00,37.290000915527344,38.400001525878906,37.22999954223633,37.459999084472656,248400,0.0,0.0
2023-02-06 00:00:00-05:00,37.11000061035156,37.15999984741211,36.41999816894531,36.7400016784668,139800,0.0,0.0
2023-02-07 00:00:00-05:00,36.63999938964844,37.27000045776367,36.369998931884766,37.16999816894531,167300,0.0,0.0
2023-02-08 00:00:00-05:00,36.91999816894531,37.119998931884766,36.63999938964844,36.75,207700,0.0,0.0
2023-02-09 00:00:00-05:00,37.38999938964844,37.72999954223633,36.27000045776367,36.650001525878906,195600,0.0,0.0
2023-02-10 00:00:00-05:00,36.310001373291016,36.369998931884766,35.70000076293945,36.04999923706055,146600,0.0,0.0
2023-02-13 00:00:00-05:00,36.189998626708984,36.599998474121094,35.75,36.59000015258789,139500,0.0,0.0
2023-02-14 00:00:00-05:00,36.16999816894531,36.83000183105469,35.79999923706055,36.5,115000,0.0,0.0
2023-02-15 00:00:00-05:00,36.029998779296875,36.88999938964844,35.869998931884766,36.68000030517578,129900,0.0,0.0
2023-02-16 00:00:00-05:00,36.099998474121094,37.06999969482422,36.02000045776367,36.59000015258789,228500,0.0,0.0
2023-02-17 00:00:00-05:00,36.150001525878906,36.150001525878906,33.22999954223633,35.369998931884766,468600,0.0,0.0
2023-02-21 00:00:00-05:00,35.06999969482422,35.2599983215332,34.06999969482422,34.22999954223633,271600,0.0,0.0
2023-02-22 00:00:00-05:00,34.36000061035156,34.869998931884766,34.099998474121094,34.380001068115234,280800,0.0,0.0
2023-02-23 00:00:00-05:00,35.150001525878906,35.810001373291016,34.77000045776367,35.619998931884766,319500,0.0,0.0
2023-02-24 00:00:00-05:00,35.09000015258789,36.13999938964844,35.040000915527344,36.04999923706055,209000,0.0,0.0
2023-02-27 00:00:00-05:00,36.5,36.9900016784668,36.380001068115234,36.7400016784668,211500,0.0,0.0
2023-02-28 00:00:00-05:00,36.650001525878906,38.09000015258789,36.650001525878906,37.20000076293945,459800,0.0,0.0
2023-03-01 00:00:00-05:00,37.34000015258789,38.369998931884766,37.34000015258789,37.72999954223633,258800,0.0,0.0
2023-03-02 00:00:00-05:00,37.29999923706055,37.91999816894531,36.90999984741211,37.779998779296875,197000,0.0,0.0
2023-03-03 00:00:00-05:00,37.84000015258789,37.970001220703125,37.16999816894531,37.7599983215332,182600,0.0,0.0
2023-03-06 00:00:00-05:00,37.72999954223633,37.97999954223633,36.279998779296875,36.599998474121094,268100,0.0,0.0
2023-03-07 00:00:00-05:00,36.54999923706055,37.029998779296875,35.720001220703125,35.88999938964844,256300,0.0,0.0
2023-03-08 00:00:00-05:00,36.189998626708984,37.130001068115234,36.04999923706055,36.86000061035156,287800,0.0,0.0
2023-03-09 00:00:00-05:00,36.869998931884766,37.65999984741211,36.599998474121094,36.72999954223633,215700,0.0,0.0
2023-03-10 00:00:00-05:00,36.72999954223633,36.72999954223633,35.68000030517578,35.970001220703125,312200,0.0,0.0
2023-03-13 00:00:00-04:00,35.439998626708984,36.279998779296875,35.279998779296875,35.970001220703125,199000,0.0,0.0
2023-03-14 00:00:00-04:00,36.77000045776367,37.689998626708984,36.70000076293945,37.209999084472656,343800,0.0,0.0
2023-03-15 00:00:00-04:00,36.459999084472656,36.810001373291016,35.91999816894531,36.65999984741211,217700,0.0,0.0
2023-03-16 00:00:00-04:00,36.130001068115234,37.95000076293945,35.95000076293945,37.68000030517578,238400,0.0,0.0
2023-03-17 00:00:00-04:00,37.709999084472656,37.75,37.06999969482422,37.220001220703125,697000,0.0,0.0
2023-03-20 00:00:00-04:00,37.310001373291016,37.599998474121094,36.91999816894531,37.2400016784668,318100,0.0,0.0
2023-03-21 00:00:00-04:00,37.59000015258789,38.630001068115234,36.959999084472656,37.630001068115234,375600,0.0,0.0
2023-03-22 00:00:00-04:00,37.369998931884766,38.15999984741211,36.70000076293945,36.70000076293945,229200,0.0,0.0
2023-03-23 00:00:00-04:00,37.119998931884766,37.970001220703125,36.810001373291016,37.279998779296875,205400,0.0,0.0
2023-03-24 00:00:00-04:00,36.86000061035156,36.939998626708984,36.16999816894531,36.5099983215332,169800,0.0,0.0
2023-03-27 00:00:00-04:00,36.720001220703125,36.95000076293945,36.34000015258789,36.529998779296875,143300,0.0,0.0
2023-03-28 00:00:00-04:00,36.31999969482422,36.369998931884766,34.81999969482422,35.97999954223633,236200,0.0,0.0
2023-03-29 00:00:00-04:00,36.439998626708984,37.41999816894531,36.150001525878906,37.20000076293945,155500,0.0,0.0
2023-03-30 00:00:00-04:00,37.52000045776367,37.72999954223633,37.130001068115234,37.400001525878906,126800,0.0,0.0
2023-03-31 00:00:00-04:00,37.349998474121094,38.41999816894531,37.349998474121094,38.38999938964844,307000,0.0,0.0
2023-04-03 00:00:00-04:00,38.0,38.0,36.689998626708984,37.540000915527344,185100,0.0,0.0
2023-04-04 00:00:00-04:00,37.47999954223633,37.47999954223633,35.849998474121094,36.099998474121094,169200,0.0,0.0
2023-04-05 00:00:00-04:00,35.81999969482422,35.81999969482422,35.0,35.63999938964844,164200,0.0,0.0
2023-04-06 00:00:00-04:00,35.63999938964844,35.93000030517578,34.90999984741211,35.65999984741211,151800,0.0,0.0
2023-04-10 00:00:00-04:00,35.459999084472656,37.06999969482422,35.25,36.70000076293945,322300,0.0,0.0
2023-04-11 00:00:00-04:00,36.939998626708984,37.34000015258789,36.38999938964844,36.560001373291016,123700,0.0,0.0
2023-04-12 00:00:00-04:00,36.939998626708984,37.2400016784668,35.81999969482422,35.97999954223633,129700,0.0,0.0
2023-04-13 00:00:00-04:00,36.06999969482422,36.34000015258789,35.7400016784668,36.15999984741211,126700,0.0,0.0
2023-04-14 00:00:00-04:00,36.20000076293945,36.56999969482422,35.65999984741211,36.040000915527344,142300,0.0,0.0
2023-04-17 00:00:00-04:00,35.72999954223633,35.779998779296875,35.02000045776367,35.599998474121094,152200,0.0,0.0
2023-04-18 00:00:00-04:00,35.75,36.31999969482422,34.95000076293945,35.2400016784668,166200,0.0,0.0
2023-04-19 00:00:00-04:00,34.86000061035156,35.11000061035156,34.5099983215332,34.900001525878906,130800,0.0,0.0
2023-04-20 00:00:00-04:00,34.560001373291016,35.470001220703125,34.54999923706055,35.099998474121094,195800,0.0,0.0
2023-04-21 00:00:00-04:00,34.939998626708984,35.529998779296875,34.70000076293945,35.45000076293945,128400,0.0,0.0
2023-04-24 00:00:00-04:00,35.34000015258789,35.400001525878906,34.7599983215332,35.040000915527344,99300,0.0,0.0
2023-04-25 00:00:00-04:00,34.650001525878906,34.7599983215332,33.380001068115234,33.43000030517578,131000,0.0,0.0
2023-04-26 00:00:00-04:00,33.47999954223633,33.56999969482422,33.0099983215332,33.130001068115234,122300,0.0,0.0
2023-04-27 00:00:00-04:00,33.130001068115234,33.2599983215332,32.36000061035156,32.79999923706055,281500,0.0,0.0
2023-04-28 00:00:00-04:00,32.93000030517578,33.9900016784668,32.88999938964844,33.84000015258789,226000,0.0,0.0
2023-05-01 00:00:00-04:00,33.84000015258789,34.400001525878906,33.630001068115234,33.93000030517578,121300,0.0,0.0
2023-05-02 00:00:00-04:00,33.869998931884766,34.459999084472656,33.38999938964844,34.11000061035156,179300,0.0,0.0
2023-05-03 00:00:00-04:00,34.11000061035156,34.529998779296875,33.65999984741211,34.02000045776367,134800,0.0,0.0
2023-05-04 00:00:00-04:00,33.61000061035156,33.97999954223633,32.939998626708984,33.70000076293945,203900,0.0,0.0
2023-05-05 00:00:00-04:00,34.0,34.599998474121094,33.16999816894531,34.459999084472656,221800,0.0,0.0
2023-05-08 00:00:00-04:00,34.2599983215332,34.380001068115234,33.119998931884766,33.75,159300,0.0,0.0
2023-05-09 00:00:00-04:00,33.27000045776367,33.47999954223633,32.77000045776367,33.31999969482422,183100,0.0,0.0
2023-05-10 00:00:00-04:00,33.790000915527344,34.36000061035156,33.630001068115234,34.2400016784668,153100,0.0,0.0
2023-05-11 00:00:00-04:00,34.060001373291016,34.369998931884766,33.5099983215332,34.2599983215332,187300,0.0,0.0
2023-05-12 00:00:00-04:00,34.400001525878906,34.7400016784668,34.18000030517578,34.5099983215332,173800,0.0,0.0
2023-05-15 00:00:00-04:00,34.529998779296875,35.279998779296875,34.40999984741211,35.060001373291016,128200,0.0,0.0
2023-05-16 00:00:00-04:00,34.939998626708984,35.790000915527344,34.779998779296875,35.47999954223633,144400,0.0,0.0
2023-05-17 00:00:00-04:00,35.66999816894531,36.939998626708984,35.369998931884766,36.779998779296875,202700,0.0,0.0
2023-05-18 00:00:00-04:00,36.83000183105469,37.97999954223633,36.779998779296875,37.56999969482422,156900,0.0,0.0
2023-05-19 00:00:00-04:00,37.81999969482422,37.81999969482422,36.7400016784668,37.040000915527344,215100,0.0,0.0
2023-05-22 00:00:00-04:00,36.959999084472656,37.63999938964844,36.91999816894531,37.5,180000,0.0,0.0
2023-05-23 00:00:00-04:00,37.33000183105469,37.959999084472656,37.130001068115234,37.33000183105469,150700,0.0,0.0
2023-05-24 00:00:00-04:00,36.81999969482422,36.970001220703125,36.119998931884766,36.900001525878906,145500,0.0,0.0
2023-05-25 00:00:00-04:00,38.0099983215332,38.040000915527344,37.02000045776367,37.09000015258789,297300,0.0,0.0
2023-05-26 00:00:00-04:00,37.31999969482422,39.04999923706055,37.31999969482422,38.529998779296875,573700,0.0,0.0
2023-05-30 00:00:00-04:00,39.16999816894531,39.72999954223633,38.029998779296875,38.04999923706055,252700,0.0,0.0
2023-05-31 00:00:00-04:00,37.779998779296875,38.880001068115234,37.4900016784668,38.34000015258789,780800,0.0,0.0
2023-06-01 00:00:00-04:00,38.290000915527344,38.459999084472656,37.310001373291016,38.16999816894531,274900,0.0,0.0
2023-06-02 00:00:00-04:00,38.58000183105469,38.84000015258789,37.400001525878906,38.4900016784668,230700,0.0,0.0
2023-06-05 00:00:00-04:00,38.08000183105469,38.27000045776367,36.849998474121094,36.849998474121094,215700,0.0,0.0
2023-06-06 00:00:00-04:00,36.65999984741211,37.9900016784668,36.5099983215332,37.540000915527344,249900,0.0,0.0
2023-06-07 00:00:00-04:00,37.83000183105469,39.56999969482422,37.560001373291016,38.939998626708984,450900,0.0,0.0
2023-06-08 00:00:00-04:00,39.040000915527344,39.33000183105469,38.689998626708984,39.209999084472656,186500,0.0,0.0
2023-06-09 00:00:00-04:00,39.310001373291016,39.40999984741211,38.15999984741211,38.33000183105469,173800,0.0,0.0
2023-06-12 00:00:00-04:00,38.66999816894531,38.939998626708984,38.31999969482422,38.7400016784668,183000,0.0,0.0
2023-06-13 00:00:00-04:00,39.2400016784668,39.369998931884766,38.4900016784668,38.9900016784668,186400,0.0,0.0
2023-06-14 00:00:00-04:00,39.2599983215332,40.43000030517578,39.029998779296875,40.380001068115234,392500,0.0,0.0
2023-06-15 00:00:00-04:00,40.0,40.279998779296875,39.58000183105469,40.119998931884766,302600,0.0,0.0
2023-06-16 00:00:00-04:00,40.4900016784668,40.880001068115234,39.81999969482422,40.77000045776367,838000,0.0,0.0
2023-06-20 00:00:00-04:00,40.900001525878906,41.0,40.08000183105469,40.59000015258789,262600,0.0,0.0
2023-06-21 00:00:00-04:00,40.18000030517578,40.65999984741211,39.650001525878906,40.220001220703125,234300,0.0,0.0
2023-06-22 00:00:00-04:00,40.15999984741211,40.689998626708984,39.88999938964844,40.5,284000,0.0,0.0
2023-06-23 00:00:00-04:00,39.650001525878906,39.88999938964844,39.220001220703125,39.459999084472656,467700,0.0,0.0
2023-06-26 00:00:00-04:00,39.7400016784668,40.349998474121094,39.59000015258789,39.61000061035156,254700,0.0,0.0
2023-06-27 00:00:00-04:00,39.59000015258789,40.959999084472656,39.220001220703125,40.77000045776367,162800,0.0,0.0
2023-06-28 00:00:00-04:00,40.38999938964844,41.0099983215332,40.22999954223633,40.63999938964844,162200,0.0,0.0
2023-06-29 00:00:00-04:00,40.79999923706055,41.79999923706055,40.65999984741211,41.400001525878906,206700,0.0,0.0
2023-06-30 00:00:00-04:00,41.84000015258789,42.09000015258789,41.29999923706055,41.560001373291016,270700,0.0,0.0
2023-07-03 00:00:00-04:00,41.470001220703125,41.810001373291016,40.58000183105469,41.20000076293945,117700,0.0,0.0
2023-07-05 00:00:00-04:00,40.86000061035156,40.86000061035156,39.83000183105469,39.86000061035156,245500,0.0,0.0
2023-07-06 00:00:00-04:00,39.36000061035156,39.540000915527344,38.689998626708984,38.95000076293945,311700,0.0,0.0
2023-07-07 00:00:00-04:00,39.02000045776367,39.130001068115234,38.279998779296875,38.31999969482422,200700,0.0,0.0
2023-07-10 00:00:00-04:00,38.400001525878906,38.869998931884766,38.08000183105469,38.38999938964844,211100,0.0,0.0
2023-07-11 00:00:00-04:00,38.439998626708984,38.470001220703125,36.95000076293945,37.650001525878906,364400,0.0,0.0
2023-07-12 00:00:00-04:00,38.2400016784668,38.84000015258789,37.970001220703125,38.56999969482422,263800,0.0,0.0
2023-07-13 00:00:00-04:00,38.849998474121094,39.849998474121094,38.849998474121094,39.79999923706055,299600,0.0,0.0
2023-07-14 00:00:00-04:00,39.68000030517578,40.16999816894531,39.459999084472656,39.630001068115234,263800,0.0,0.0
2023-07-17 00:00:00-04:00,41.43000030517578,41.650001525878906,40.63999938964844,41.150001525878906,379400,0.0,0.0
2023-07-18 00:00:00-04:00,41.08000183105469,41.529998779296875,40.58000183105469,41.43000030517578,212300,0.0,0.0
2023-07-19 00:00:00-04:00,41.38999938964844,41.52000045776367,40.439998626708984,40.79999923706055,195000,0.0,0.0
2023-07-20 00:00:00-04:00,40.06999969482422,40.349998474121094,39.38999938964844,39.619998931884766,157900,0.0,0.0
2023-07-21 00:00:00-04:00,40.22999954223633,40.650001525878906,39.95000076293945,40.130001068115234,231600,0.0,0.0
2023-07-24 00:00:00-04:00,40.0,40.529998779296875,39.81999969482422,40.040000915527344,117900,0.0,0.0
2023-07-25 00:00:00-04:00,39.95000076293945,40.869998931884766,39.95000076293945,40.380001068115234,127400,0.0,0.0
2023-07-26 00:00:00-04:00,40.04999923706055,40.38999938964844,39.599998474121094,39.83000183105469,95200,0.0,0.0
2023-07-27 00:00:00-04:00,40.439998626708984,41.56999969482422,40.439998626708984,41.439998626708984,232800,0.0,0.0
2023-07-28 00:00:00-04:00,41.630001068115234,42.599998474121094,41.630001068115234,42.5,242500,0.0,0.0
2023-07-31 00:00:00-04:00,42.439998626708984,43.72999954223633,42.27000045776367,43.650001525878906,427000,0.0,0.0
2023-08-01 00:00:00-04:00,43.63999938964844,43.9900016784668,43.04999923706055,43.34000015258789,315300,0.0,0.0
2023-08-02 00:00:00-04:00,43.13999938964844,43.16999816894531,42.4900016784668,42.81999969482422,399400,0.0,0.0
2023-08-03 00:00:00-04:00,39.13999938964844,41.75,38.54999923706055,40.130001068115234,578600,0.0,0.0
2023-08-04 00:00:00-04:00,39.9900016784668,40.099998474121094,38.709999084472656,39.75,389400,0.0,0.0
2023-08-07 00:00:00-04:00,39.83000183105469,40.849998474121094,39.83000183105469,40.720001220703125,278100,0.0,0.0
2023-08-08 00:00:00-04:00,40.150001525878906,40.5,39.84000015258789,40.41999816894531,212300,0.0,0.0
2023-08-09 00:00:00-04:00,40.34000015258789,40.439998626708984,39.790000915527344,40.099998474121094,148300,0.0,0.0
2023-08-10 00:00:00-04:00,40.25,40.5,38.560001373291016,38.599998474121094,246100,0.0,0.0
2023-08-11 00:00:00-04:00,38.209999084472656,38.27000045776367,37.2400016784668,37.27000045776367,241200,0.0,0.0
2023-08-14 00:00:00-04:00,37.130001068115234,37.58000183105469,36.709999084472656,37.22999954223633,171500,0.0,0.0
2023-08-15 00:00:00-04:00,37.029998779296875,37.029998779296875,36.16999816894531,36.20000076293945,325000,0.0,0.0
2023-08-16 00:00:00-04:00,36.22999954223633,36.720001220703125,35.91999816894531,35.93000030517578,217300,0.0,0.0
2023-08-17 00:00:00-04:00,35.900001525878906,36.150001525878906,35.439998626708984,35.54999923706055,258700,0.0,0.0
2023-08-18 00:00:00-04:00,35.25,35.84000015258789,35.18000030517578,35.369998931884766,434500,0.0,0.0
2023-08-21 00:00:00-04:00,35.369998931884766,35.84000015258789,35.099998474121094,35.59000015258789,510000,0.0,0.0
2023-08-22 00:00:00-04:00,35.75,36.130001068115234,35.5,35.54999923706055,429200,0.0,0.0
2023-08-23 00:00:00-04:00,35.540000915527344,36.45000076293945,35.540000915527344,36.13999938964844,425600,0.0,0.0
2023-08-24 00:00:00-04:00,36.220001220703125,36.38999938964844,35.209999084472656,35.52000045776367,542900,0.0,0.0
2023-08-25 00:00:00-04:00,35.56999969482422,35.939998626708984,35.15999984741211,35.70000076293945,284400,0.0,0.0
2023-08-28 00:00:00-04:00,36.06999969482422,36.5,35.63999938964844,35.79999923706055,268600,0.0,0.0
2023-08-29 00:00:00-04:00,35.599998474121094,36.84000015258789,35.599998474121094,36.59000015258789,336900,0.0,0.0
2023-08-30 00:00:00-04:00,36.43000030517578,36.93000030517578,36.2599983215332,36.68000030517578,214100,0.0,0.0
2023-08-31 00:00:00-04:00,36.52000045776367,37.599998474121094,36.52000045776367,37.38999938964844,593400,0.0,0.0
2023-09-01 00:00:00-04:00,37.540000915527344,37.95000076293945,37.310001373291016,37.720001220703125,315300,0.0,0.0
2023-09-05 00:00:00-04:00,37.34000015258789,37.599998474121094,36.08000183105469,36.33000183105469,447800,0.0,0.0
2023-09-06 00:00:00-04:00,36.36000061035156,36.779998779296875,35.38999938964844,36.349998474121094,328400,0.0,0.0
2023-09-07 00:00:00-04:00,35.86000061035156,35.86000061035156,34.93000030517578,35.459999084472656,331400,0.0,0.0
2023-09-08 00:00:00-04:00,35.45000076293945,35.849998474121094,35.22999954223633,35.2599983215332,285300,0.0,0.0
2023-09-11 00:00:00-04:00,35.56999969482422,35.56999969482422,34.75,34.93000030517578,232400,0.0,0.0
2023-09-12 00:00:00-04:00,34.91999816894531,35.459999084472656,34.52000045776367,34.7400016784668,264800,0.0,0.0
2023-09-13 00:00:00-04:00,34.7400016784668,35.040000915527344,34.380001068115234,34.65999984741211,239100,0.0,0.0
2023-09-14 00:00:00-04:00,35.040000915527344,35.310001373291016,34.66999816894531,34.900001525878906,201600,0.0,0.0
2023-09-15 00:00:00-04:00,34.900001525878906,34.95000076293945,34.209999084472656,34.83000183105469,854500,0.0,0.0
2023-09-18 00:00:00-04:00,34.63999938964844,35.29999923706055,34.619998931884766,34.790000915527344,300900,0.0,0.0
2023-09-19 00:00:00-04:00,34.630001068115234,34.970001220703125,34.43000030517578,34.7599983215332,208700,0.0,0.0
2023-09-20 00:00:00-04:00,34.97999954223633,35.2400016784668,34.38999938964844,34.40999984741211,151400,0.0,0.0
2023-09-21 00:00:00-04:00,34.060001373291016,34.650001525878906,34.060001373291016,34.29999923706055,172600,0.0,0.0
2023-09-22 00:00:00-04:00,34.459999084472656,34.790000915527344,34.189998626708984,34.220001220703125,162700,0.0,0.0
2023-09-25 00:00:00-04:00,34.0,34.91999816894531,34.0,34.38999938964844,215300,0.0,0.0
2023-09-26 00:00:00-04:00,34.27000045776367,34.33000183105469,33.5099983215332,33.540000915527344,308600,0.0,0.0
2023-09-27 00:00:00-04:00,33.599998474121094,34.20000076293945,33.59000015258789,34.0,218100,0.0,0.0
2023-09-28 00:00:00-04:00,34.0099983215332,34.790000915527344,34.0099983215332,34.650001525878906,308900,0.0,0.0
2023-09-29 00:00:00-04:00,34.95000076293945,35.040000915527344,34.40999984741211,34.439998626708984,226400,0.0,0.0
2023-10-02 00:00:00-04:00,34.77000045776367,35.40999984741211,34.20000076293945,34.5099983215332,241900,0.0,0.0
2023-10-03 00:00:00-04:00,34.279998779296875,34.63999938964844,33.66999816894531,33.790000915527344,180600,0.0,0.0
2023-10-04 00:00:00-04:00,33.880001068115234,34.560001373291016,33.70000076293945,34.5,209700,0.0,0.0
2023-10-05 00:00:00-04:00,34.5,34.810001373291016,34.20000076293945,34.70000076293945,242700,0.0,0.0
2023-10-06 00:00:00-04:00,34.66999816894531,35.18000030517578,34.36000061035156,34.93000030517578,271400,0.0,0.0
2023-10-09 00:00:00-04:00,34.790000915527344,35.099998474121094,34.439998626708984,35.06999969482422,199900,0.0,0.0
2023-10-10 00:00:00-04:00,35.209999084472656,35.97999954223633,35.08000183105469,35.560001373291016,194300,0.0,0.0
2023-10-11 00:00:00-04:00,35.70000076293945,36.0,35.540000915527344,35.779998779296875,168000,0.0,0.0
2023-10-12 00:00:00-04:00,35.779998779296875,36.5,35.619998931884766,35.709999084472656,243900,0.0,0.0
2023-10-13 00:00:00-04:00,35.720001220703125,35.91999816894531,34.58000183105469,34.689998626708984,217500,0.0,0.0
2023-10-16 00:00:00-04:00,34.90999984741211,35.709999084472656,34.90999984741211,35.4900016784668,240700,0.0,0.0
2023-10-17 00:00:00-04:00,35.029998779296875,35.7599983215332,34.7599983215332,35.5,192000,0.0,0.0
2023-10-18 00:00:00-04:00,34.81999969482422,34.84000015258789,33.869998931884766,34.529998779296875,311100,0.0,0.0
2023-10-19 00:00:00-04:00,34.65999984741211,34.65999984741211,33.45000076293945,33.56999969482422,298500,0.0,0.0
2023-10-20 00:00:00-04:00,33.720001220703125,33.720001220703125,32.75,32.7599983215332,324800,0.0,0.0
2023-10-23 00:00:00-04:00,32.54999923706055,32.72999954223633,31.709999084472656,31.90999984741211,360000,0.0,0.0
2023-10-24 00:00:00-04:00,32.220001220703125,32.689998626708984,32.220001220703125,32.40999984741211,180300,0.0,0.0
2023-10-25 00:00:00-04:00,32.0,32.02000045776367,31.100000381469727,31.200000762939453,225900,0.0,0.0
2023-10-26 00:00:00-04:00,31.440000534057617,32.06999969482422,31.030000686645508,31.06999969482422,237800,0.0,0.0
2023-10-27 00:00:00-04:00,31.0,31.139999389648438,30.389999389648438,30.549999237060547,369500,0.0,0.0
2023-10-30 00:00:00-04:00,30.760000228881836,30.760000228881836,30.030000686645508,30.15999984741211,249400,0.0,0.0
2023-10-31 00:00:00-04:00,30.309999465942383,30.549999237060547,29.8700008392334,30.139999389648438,184700,0.0,0.0
2023-11-01 00:00:00-04:00,30.049999237060547,30.450000762939453,29.649999618530273,30.299999237060547,215200,0.0,0.0
2023-11-02 00:00:00-04:00,30.959999084472656,31.34000015258789,30.3799991607666,31.25,303100,0.0,0.0
2023-11-03 00:00:00-04:00,29.8700008392334,31.690000534057617,29.06999969482422,31.329999923706055,373200,0.0,0.0
2023-11-06 00:00:00-05:00,31.329999923706055,31.579999923706055,30.610000610351562,30.770000457763672,202200,0.0,0.0
2023-11-07 00:00:00-05:00,30.65999984741211,32.060001373291016,30.479999542236328,31.190000534057617,216200,0.0,0.0
2023-11-08 00:00:00-05:00,31.139999389648438,31.350000381469727,30.75,30.8799991607666,200500,0.0,0.0
2023-11-09 00:00:00-05:00,31.200000762939453,31.200000762939453,30.25,30.270000457763672,205600,0.0,0.0
2023-11-10 00:00:00-05:00,30.540000915527344,31.299999237060547,30.3799991607666,31.200000762939453,291900,0.0,0.0
2023-11-13 00:00:00-05:00,31.030000686645508,31.149999618530273,30.6299991607666,31.020000457763672,199700,0.0,0.0
2023-11-14 00:00:00-05:00,32.02000045776367,32.56999969482422,31.8799991607666,32.54999923706055,219700,0.0,0.0
2023-11-15 00:00:00-05:00,32.7599983215332,33.40999984741211,32.529998779296875,33.040000915527344,205400,0.0,0.0
2023-11-16 00:00:00-05:00,32.97999954223633,33.34000015258789,32.540000915527344,32.599998474121094,188800,0.0,0.0
2023-11-17 00:00:00-05:00,32.83000183105469,32.83000183105469,32.41999816894531,32.65999984741211,183200,0.0,0.0
2023-11-20 00:00:00-05:00,32.63999938964844,33.13999938964844,32.599998474121094,33.130001068115234,197600,0.0,0.0
2023-11-21 00:00:00-05:00,33.0,33.08000183105469,32.47999954223633,32.66999816894531,181700,0.0,0.0
2023-11-22 00:00:00-05:00,32.95000076293945,33.4900016784668,32.5099983215332,32.68000030517578,235000,0.0,0.0
2023-11-24 00:00:00-05:00,32.59000015258789,32.880001068115234,32.20000076293945,32.66999816894531,135700,0.0,0.0
2023-11-27 00:00:00-05:00,32.59000015258789,32.7599983215332,32.150001525878906,32.56999969482422,226100,0.0,0.0
2023-11-28 00:00:00-05:00,32.36000061035156,32.459999084472656,31.780000686645508,31.940000534057617,737600,0.0,0.0
2023-11-29 00:00:00-05:00,32.54999923706055,33.34000015258789,32.29999923706055,32.38999938964844,236000,0.0,0.0
2023-11-30 00:00:00-05:00,32.380001068115234,32.380001068115234,31.610000610351562,31.729999542236328,283200,0.0,0.0
2023-12-01 00:00:00-05:00,31.600000381469727,32.38999938964844,31.219999313354492,32.31999969482422,246200,0.0,0.0
2023-12-04 00:00:00-05:00,31.920000076293945,32.779998779296875,31.860000610351562,32.77000045776367,307000,0.0,0.0
2023-12-05 00:00:00-05:00,32.56999969482422,32.56999969482422,31.420000076293945,31.940000534057617,284200,0.0,0.0
2023-12-06 00:00:00-05:00,32.29999923706055,32.52000045776367,31.860000610351562,31.860000610351562,244500,0.0,0.0
2023-12-07 00:00:00-05:00,31.8799991607666,32.720001220703125,31.75,32.709999084472656,194700,0.0,0.0
2023-12-08 00:00:00-05:00,32.52000045776367,33.20000076293945,32.349998474121094,32.90999984741211,204400,0.0,0.0
2023-12-11 00:00:00-05:00,32.970001220703125,33.88999938964844,32.970001220703125,33.810001373291016,201400,0.0,0.0
2023-12-12 00:00:00-05:00,33.66999816894531,33.9900016784668,33.54999923706055,33.869998931884766,142200,0.0,0.0
2023-12-13 00:00:00-05:00,33.939998626708984,34.369998931884766,32.959999084472656,34.13999938964844,208700,0.0,0.0
2023-12-14 00:00:00-05:00,34.709999084472656,36.18000030517578,34.380001068115234,35.810001373291016,496100,0.0,0.0
2023-12-15 00:00:00-05:00,36.189998626708984,36.40999984741211,34.41999816894531,34.439998626708984,1007500,0.0,0.0
2023-12-18 00:00:00-05:00,34.650001525878906,34.790000915527344,33.97999954223633,34.5099983215332,323800,0.0,0.0
2023-12-19 00:00:00-05:00,34.599998474121094,35.369998931884766,34.31999969482422,34.72999954223633,246400,0.0,0.0
2023-12-20 00:00:00-05:00,34.650001525878906,35.310001373291016,33.880001068115234,33.88999938964844,223300,0.0,0.0
2023-12-21 00:00:00-05:00,34.439998626708984,35.34000015258789,34.439998626708984,35.29999923706055,162600,0.0,0.0
2023-12-22 00:00:00-05:00,35.38999938964844,35.90999984741211,35.15999984741211,35.63999938964844,179700,0.0,0.0
2023-12-26 00:00:00-05:00,35.81999969482422,36.459999084472656,35.61000061035156,36.2400016784668,108400,0.0,0.0
2023-12-27 00:00:00-05:00,36.310001373291016,36.470001220703125,36.040000915527344,36.15999984741211,131000,0.0,0.0
2023-12-28 00:00:00-05:00,36.06999969482422,36.5099983215332,35.4900016784668,36.380001068115234,214300,0.0,0.0
2023-12-29 00:00:00-05:00,36.349998474121094,36.349998474121094,35.31999969482422,35.38999938964844,178000,0.0,0.0
2024-01-02 00:00:00-05:00,35.0,35.0,34.22999954223633,34.61000061035156,252300,0.0,0.0
2024-01-03 00:00:00-05:00,34.279998779296875,34.349998474121094,33.709999084472656,33.81999969482422,308600,0.0,0.0
2024-01-04 00:00:00-05:00,33.630001068115234,33.79999923706055,33.02000045776367,33.369998931884766,197300,0.0,0.0
2024-01-05 00:00:00-05:00,33.06999969482422,33.380001068115234,32.63999938964844,32.95000076293945,208100,0.0,0.0
2024-01-08 00:00:00-05:00,32.9900016784668,33.9900016784668,32.9900016784668,33.79999923706055,181500,0.0,0.0
2024-01-09 00:00:00-05:00,33.189998626708984,33.66999816894531,33.099998474121094,33.459999084472656,165800,0.0,0.0
2024-01-10 00:00:00-05:00,33.33000183105469,33.58000183105469,32.959999084472656,33.369998931884766,178200,0.0,0.0
2024-01-11 00:00:00-05:00,33.25,33.349998474121094,32.68000030517578,33.150001525878906,217400,0.0,0.0
2024-01-12 00:00:00-05:00,33.59000015258789,33.72999954223633,32.650001525878906,32.9900016784668,138700,0.0,0.0
2024-01-16 00:00:00-05:00,32.689998626708984,32.9900016784668,31.969999313354492,32.02000045776367,459800,0.0,0.0
2024-01-17 00:00:00-05:00,31.600000381469727,32.08000183105469,31.309999465942383,31.959999084472656,415700,0.0,0.0
2024-01-18 00:00:00-05:00,32.5099983215332,33.56999969482422,32.5,33.38999938964844,182400,0.0,0.0
2024-01-19 00:00:00-05:00,33.849998474121094,34.11000061035156,33.380001068115234,34.02000045776367,194700,0.0,0.0
2024-01-22 00:00:00-05:00,34.38999938964844,35.15999984741211,34.220001220703125,35.029998779296875,222500,0.0,0.0
2024-01-23 00:00:00-05:00,35.29999923706055,35.470001220703125,34.869998931884766,34.869998931884766,209400,0.0,0.0
2024-01-24 00:00:00-05:00,35.119998931884766,35.40999984741211,34.29999923706055,34.380001068115234,224700,0.0,0.0
2024-01-25 00:00:00-05:00,35.150001525878906,35.150001525878906,34.06999969482422,34.2599983215332,188600,0.0,0.0
2024-01-26 00:00:00-05:00,34.099998474121094,34.099998474121094,33.0,33.029998779296875,177400,0.0,0.0
2024-01-29 00:00:00-05:00,32.59000015258789,33.290000915527344,31.8700008392334,33.02000045776367,384800,0.0,0.0
2024-01-30 00:00:00-05:00,32.470001220703125,33.040000915527344,32.349998474121094,32.91999816894531,255600,0.0,0.0
2024-01-31 00:00:00-05:00,32.5099983215332,32.650001525878906,31.639999389648438,31.860000610351562,272200,0.0,0.0
2024-02-01 00:00:00-05:00,31.93000030517578,32.22999954223633,31.700000762939453,32.15999984741211,253900,0.0,0.0
2024-02-02 00:00:00-05:00,31.84000015258789,32.150001525878906,31.610000610351562,31.920000076293945,153700,0.0,0.0
2024-02-05 00:00:00-05:00,31.860000610351562,32.25,31.520000457763672,32.029998779296875,176800,0.0,0.0
2024-02-06 00:00:00-05:00,31.93000030517578,32.4900016784668,31.84000015258789,32.279998779296875,147200,0.0,0.0
2024-02-07 00:00:00-05:00,32.31999969482422,32.619998931884766,31.799999237060547,32.2400016784668,147700,0.0,0.0
2024-02-08 00:00:00-05:00,32.290000915527344,33.2400016784668,31.959999084472656,33.11000061035156,193900,0.0,0.0
2024-02-09 00:00:00-05:00,33.5099983215332,34.459999084472656,33.2599983215332,34.36000061035156,233500,0.0,0.0
2024-02-12 00:00:00-05:00,34.459999084472656,34.810001373291016,34.25,34.31999969482422,203500,0.0,0.0
2024-02-13 00:00:00-05:00,33.16999816894531,33.93000030517578,32.5,32.72999954223633,213800,0.0,0.0
2024-02-14 00:00:00-05:00,33.349998474121094,33.779998779296875,33.099998474121094,33.61000061035156,175800,0.0,0.0
2024-02-15 00:00:00-05:00,33.880001068115234,34.81999969482422,33.849998474121094,34.43000030517578,232500,0.0,0.0
2024-02-16 00:00:00-05:00,34.40999984741211,34.40999984741211,32.439998626708984,32.470001220703125,419200,0.0,0.0
2024-02-20 00:00:00-05:00,32.41999816894531,32.47999954223633,31.219999313354492,31.290000915527344,441100,0.0,0.0
2024-02-21 00:00:00-05:00,30.950000762939453,32.0,30.75,31.459999084472656,308900,0.0,0.0
2024-02-22 00:00:00-05:00,31.889999389648438,32.470001220703125,31.889999389648438,32.40999984741211,315500,0.0,0.0
2024-02-23 00:00:00-05:00,32.349998474121094,32.43000030517578,31.479999542236328,31.8799991607666,309900,0.0,0.0
2024-02-26 00:00:00-05:00,31.799999237060547,32.08000183105469,31.610000610351562,31.68000030517578,282600,0.0,0.0
2024-02-27 00:00:00-05:00,32.0,32.540000915527344,31.760000228881836,32.04999923706055,320400,0.0,0.0
2024-02-28 00:00:00-05:00,31.75,31.959999084472656,31.40999984741211,31.5,225500,0.0,0.0
2024-02-29 00:00:00-05:00,32.09000015258789,32.47999954223633,31.739999771118164,32.130001068115234,370300,0.0,0.0
2024-03-01 00:00:00-05:00,32.18000030517578,33.040000915527344,32.029998779296875,32.810001373291016,255900,0.0,0.0
2024-03-04 00:00:00-05:00,33.099998474121094,33.45000076293945,32.5,32.59000015258789,247900,0.0,0.0
2024-03-05 00:00:00-05:00,32.25,32.459999084472656,31.040000915527344,31.3700008392334,236600,0.0,0.0
2024-03-06 00:00:00-05:00,31.780000686645508,32.349998474121094,31.479999542236328,32.0099983215332,237100,0.0,0.0
2024-03-07 00:00:00-05:00,32.0,32.91999816894531,32.0,32.790000915527344,293800,0.0,0.0
2024-03-08 00:00:00-05:00,32.90999984741211,33.099998474121094,31.950000762939453,31.950000762939453,227700,0.0,0.0
2024-03-11 00:00:00-04:00,31.65999984741211,31.790000915527344,31.329999923706055,31.700000762939453,207200,0.0,0.0
2024-03-12 00:00:00-04:00,31.760000228881836,31.8799991607666,31.049999237060547,31.81999969482422,228400,0.0,0.0
2024-03-13 00:00:00-04:00,31.59000015258789,31.959999084472656,31.18000030517578,31.299999237060547,272300,0.0,0.0
2024-03-14 00:00:00-04:00,31.110000610351562,31.360000610351562,30.829999923706055,31.030000686645508,450800,0.0,0.0
2024-03-15 00:00:00-04:00,30.719999313354492,31.649999618530273,30.719999313354492,31.479999542236328,2881400,0.0,0.0
2024-03-18 00:00:00-04:00,31.920000076293945,32.040000915527344,31.049999237060547,31.1299991607666,397700,0.0,0.0
2024-03-19 00:00:00-04:00,30.90999984741211,31.049999237060547,30.520000457763672,30.549999237060547,262500,0.0,0.0
2024-03-20 00:00:00-04:00,30.459999084472656,31.219999313354492,30.079999923706055,30.84000015258789,370600,0.0,0.0
2024-03-21 00:00:00-04:00,31.3700008392334,31.610000610351562,30.959999084472656,31.290000915527344,365900,0.0,0.0
2024-03-22 00:00:00-04:00,31.1299991607666,31.239999771118164,30.739999771118164,30.760000228881836,186400,0.0,0.0
2024-03-25 00:00:00-04:00,30.5,31.489999771118164,30.43000030517578,31.049999237060547,232200,0.0,0.0
2024-03-26 00:00:00-04:00,31.309999465942383,31.31999969482422,30.790000915527344,30.860000610351562,211600,0.0,0.0
2024-03-27 00:00:00-04:00,31.18000030517578,32.459999084472656,31.030000686645508,32.459999084472656,274600,0.0,0.0
2024-03-28 00:00:00-04:00,32.459999084472656,33.45000076293945,32.41999816894531,33.33000183105469,344300,0.0,0.0
2024-04-01 00:00:00-04:00,33.36000061035156,33.68000030517578,32.709999084472656,32.9900016784668,235500,0.0,0.0
2024-04-02 00:00:00-04:00,32.619998931884766,32.779998779296875,32.02000045776367,32.380001068115234,324900,0.0,0.0
2024-04-03 00:00:00-04:00,31.940000534057617,32.97999954223633,31.940000534057617,32.790000915527344,226000,0.0,0.0
2024-04-04 00:00:00-04:00,33.16999816894531,33.31999969482422,31.579999923706055,31.6200008392334,203300,0.0,0.0
2024-04-05 00:00:00-04:00,31.56999969482422,32.31999969482422,31.549999237060547,32.119998931884766,241200,0.0,0.0
2024-04-08 00:00:00-04:00,32.290000915527344,32.59000015258789,32.11000061035156,32.41999816894531,133800,0.0,0.0
2024-04-09 00:00:00-04:00,32.709999084472656,33.20000076293945,32.709999084472656,33.04999923706055,114100,0.0,0.0
2024-04-10 00:00:00-04:00,32.20000076293945,32.41999816894531,31.229999542236328,31.649999618530273,163200,0.0,0.0
2024-04-11 00:00:00-04:00,31.799999237060547,32.13999938964844,31.469999313354492,32.0099983215332,164400,0.0,0.0
2024-04-12 00:00:00-04:00,31.510000228881836,31.690000534057617,31.200000762939453,31.270000457763672,147000,0.0,0.0
2024-04-15 00:00:00-04:00,31.360000610351562,31.6200008392334,30.489999771118164,30.809999465942383,155900,0.0,0.0
2024-04-16 00:00:00-04:00,30.65999984741211,30.979999542236328,30.309999465942383,30.469999313354492,260200,0.0,0.0
2024-04-17 00:00:00-04:00,30.389999389648438,30.75,29.729999542236328,29.739999771118164,259800,0.0,0.0
2024-04-18 00:00:00-04:00,29.6200008392334,29.8700008392334,29.110000610351562,29.239999771118164,365400,0.0,0.0
2024-04-19 00:00:00-04:00,29.049999237060547,29.459999084472656,28.56999969482422,28.780000686645508,301700,0.0,0.0
2024-04-22 00:00:00-04:00,29.139999389648438,29.420000076293945,28.65999984741211,29.06999969482422,202100,0.0,0.0
2024-04-23 00:00:00-04:00,29.020000457763672,30.15999984741211,29.020000457763672,29.950000762939453,214000,0.0,0.0
2024-04-24 00:00:00-04:00,30.100000381469727,30.530000686645508,29.719999313354492,30.360000610351562,199200,0.0,0.0
2024-04-25 00:00:00-04:00,30.020000457763672,30.950000762939453,30.020000457763672,30.84000015258789,312000,0.0,0.0
2024-04-26 00:00:00-04:00,30.799999237060547,31.479999542236328,30.440000534057617,31.079999923706055,126800,0.0,0.0
2024-04-29 00:00:00-04:00,31.200000762939453,31.399999618530273,30.8700008392334,31.06999969482422,340300,0.0,0.0
2024-04-30 00:00:00-04:00,30.790000915527344,31.040000915527344,30.270000457763672,30.31999969482422,273000,0.0,0.0
2024-05-01 00:00:00-04:00,30.1200008392334,30.399999618530273,29.360000610351562,29.600000381469727,326100,0.0,0.0
2024-05-02 00:00:00-04:00,29.93000030517578,30.34000015258789,29.389999389648438,30.34000015258789,311900,0.0,0.0
2024-05-03 00:00:00-04:00,30.34000015258789,30.75,29.34000015258789,29.600000381469727,346400,0.0,0.0
2024-05-06 00:00:00-04:00,29.639999389648438,29.760000228881836,28.790000915527344,28.920000076293945,264700,0.0,0.0
2024-05-07 00:00:00-04:00,29.100000381469727,29.790000915527344,29.09000015258789,29.65999984741211,273800,0.0,0.0
2024-05-08 00:00:00-04:00,29.200000762939453,29.469999313354492,29.010000228881836,29.1299991607666,175200,0.0,0.0
2024-05-09 00:00:00-04:00,29.139999389648438,29.290000915527344,28.84000015258789,29.280000686645508,189700,0.0,0.0
2024-05-10 00:00:00-04:00,29.3799991607666,29.540000915527344,28.899999618530273,29.450000762939453,167200,0.0,0.0
2024-05-13 00:00:00-04:00,29.559999465942383,30.1299991607666,29.3799991607666,29.389999389648438,217800,0.0,0.0
2024-05-14 00:00:00-04:00,29.6200008392334,29.6200008392334,29.110000610351562,29.440000534057617,179600,0.0,0.0
2024-05-15 00:00:00-04:00,29.719999313354492,29.719999313354492,29.229999542236328,29.299999237060547,135900,0.0,0.0
2024-05-16 00:00:00-04:00,29.219999313354492,29.770000457763672,29.149999618530273,29.729999542236328,247700,0.0,0.0
2024-05-17 00:00:00-04:00,29.780000686645508,29.860000610351562,29.3700008392334,29.549999237060547,172200,0.0,0.0
2024-05-20 00:00:00-04:00,29.579999923706055,30.34000015258789,29.479999542236328,29.68000030517578,238300,0.0,0.0
2024-05-21 00:00:00-04:00,29.260000228881836,29.5,29.040000915527344,29.329999923706055,166000,0.0,0.0
2024-05-22 00:00:00-04:00,29.389999389648438,30.969999313354492,29.3799991607666,30.899999618530273,430500,0.0,0.0
2024-05-23 00:00:00-04:00,31.440000534057617,31.690000534057617,30.6200008392334,31.040000915527344,467000,0.0,0.0
2024-05-24 00:00:00-04:00,31.25,31.940000534057617,31.049999237060547,31.65999984741211,358400,0.0,0.0
2024-05-28 00:00:00-04:00,31.850000381469727,32.13999938964844,31.6299991607666,31.719999313354492,336300,0.0,0.0
2024-05-29 00:00:00-04:00,31.229999542236328,32.11000061035156,31.100000381469727,31.540000915527344,545300,0.0,0.0
2024-05-30 00:00:00-04:00,31.719999313354492,32.43000030517578,31.719999313354492,32.09000015258789,373100,0.0,0.0
2024-05-31 00:00:00-04:00,32.2599983215332,32.34000015258789,31.399999618530273,32.2400016784668,316500,0.0,0.0
2024-06-03 00:00:00-04:00,32.939998626708984,33.08000183105469,32.02000045776367,32.709999084472656,357200,0.0,0.0
2024-06-04 00:00:00-04:00,32.5099983215332,32.529998779296875,31.8700008392334,32.220001220703125,311100,0.0,0.0
2024-06-05 00:00:00-04:00,32.5099983215332,32.939998626708984,32.18000030517578,32.90999984741211,340100,0.0,0.0
2024-06-06 00:00:00-04:00,32.709999084472656,32.779998779296875,32.33000183105469,32.689998626708984,187800,0.0,0.0
2024-06-07 00:00:00-04:00,32.31999969482422,32.65999984741211,31.030000686645508,31.260000228881836,273500,0.0,0.0
2024-06-10 00:00:00-04:00,30.899999618530273,30.959999084472656,30.31999969482422,30.829999923706055,273000,0.0,0.0
2024-06-11 00:00:00-04:00,30.549999237060547,31.209999084472656,30.06999969482422,31.209999084472656,258700,0.0,0.0
2024-06-12 00:00:00-04:00,32.09000015258789,32.790000915527344,32.09000015258789,32.400001525878906,310100,0.0,0.0
2024-06-13 00:00:00-04:00,32.279998779296875,32.56999969482422,31.579999923706055,31.8799991607666,162300,0.0,0.0
2024-06-14 00:00:00-04:00,31.350000381469727,31.700000762939453,30.93000030517578,31.350000381469727,353900,0.0,0.0
2024-06-17 00:00:00-04:00,31.309999465942383,31.65999984741211,30.780000686645508,31.610000610351562,343700,0.0,0.0
2024-06-18 00:00:00-04:00,31.649999618530273,32.279998779296875,31.459999084472656,32.2599983215332,352100,0.0,0.0
2024-06-20 00:00:00-04:00,31.989999771118164,32.5,31.889999389648438,32.099998474121094,410800,0.0,0.0
2024-06-21 00:00:00-04:00,32.150001525878906,32.439998626708984,31.790000915527344,31.989999771118164,950200,0.0,0.0
2024-06-24 00:00:00-04:00,31.8700008392334,32.20000076293945,31.350000381469727,31.84000015258789,382500,0.0,0.0
2024-06-25 00:00:00-04:00,32.029998779296875,32.27000045776367,31.170000076293945,32.18000030517578,422200,0.0,0.0
2024-06-26 00:00:00-04:00,32.06999969482422,32.31999969482422,31.190000534057617,31.399999618530273,247100,0.0,0.0
2024-06-27 00:00:00-04:00,31.530000686645508,31.959999084472656,31.06999969482422,31.940000534057617,317500,0.0,0.0
2024-06-28 00:00:00-04:00,32.31999969482422,33.18000030517578,32.0099983215332,33.099998474121094,594500,0.0,0.0
2024-07-01 00:00:00-04:00,33.0,33.16999816894531,31.940000534057617,32.38999938964844,251500,0.0,0.0
2024-07-02 00:00:00-04:00,32.38999938964844,33.54999923706055,32.38999938964844,33.43000030517578,260700,0.0,0.0
2024-07-03 00:00:00-04:00,33.599998474121094,33.939998626708984,32.970001220703125,33.369998931884766,173900,0.0,0.0
2024-07-05 00:00:00-04:00,33.33000183105469,33.65999984741211,33.20000076293945,33.529998779296875,173700,0.0,0.0
2024-07-08 00:00:00-04:00,33.939998626708984,34.63999938964844,33.709999084472656,34.209999084472656,327800,0.0,0.0
2024-07-09 00:00:00-04:00,34.15999984741211,34.83000183105469,33.93000030517578,34.810001373291016,339200,0.0,0.0
2024-07-10 00:00:00-04:00,35.0,35.959999084472656,34.939998626708984,35.529998779296875,343900,0.0,0.0
2024-07-11 00:00:00-04:00,36.040000915527344,36.599998474121094,35.209999084472656,35.22999954223633,442900,0.0,0.0
2024-07-12 00:00:00-04:00,35.81999969482422,36.25,35.150001525878906,35.2400016784668,220400,0.0,0.0
2024-07-15 00:00:00-04:00,34.5,35.439998626708984,34.380001068115234,34.77000045776367,286900,0.0,0.0
2024-07-16 00:00:00-04:00,35.16999816894531,35.619998931884766,34.59000015258789,35.400001525878906,208900,0.0,0.0
2024-07-17 00:00:00-04:00,34.7400016784668,35.22999954223633,33.9900016784668,34.02000045776367,277900,0.0,0.0
2024-07-18 00:00:00-04:00,34.099998474121094,34.220001220703125,32.380001068115234,32.7400016784668,225100,0.0,0.0
2024-07-19 00:00:00-04:00,32.939998626708984,32.939998626708984,31.610000610351562,31.65999984741211,264000,0.0,0.0
2024-07-22 00:00:00-04:00,32.04999923706055,33.119998931884766,31.899999618530273,33.09000015258789,242900,0.0,0.0
2024-07-23 00:00:00-04:00,32.70000076293945,33.709999084472656,32.5,33.459999084472656,179900,0.0,0.0
2024-07-24 00:00:00-04:00,33.04999923706055,33.36000061035156,31.34000015258789,31.43000030517578,311000,0.0,0.0
2024-07-25 00:00:00-04:00,31.309999465942383,32.0,30.209999084472656,31.049999237060547,330500,0.0,0.0
2024-07-26 00:00:00-04:00,32.0099983215332,32.22999954223633,30.81999969482422,31.34000015258789,292300,0.0,0.0
2024-07-29 00:00:00-04:00,31.950000762939453,32.43000030517578,31.510000228881836,31.860000610351562,301400,0.0,0.0
2024-07-30 00:00:00-04:00,32.099998474121094,32.349998474121094,30.969999313354492,31.020000457763672,287600,0.0,0.0
2024-07-31 00:00:00-04:00,32.209999084472656,32.689998626708984,31.59000015258789,31.989999771118164,300900,0.0,0.0
2024-08-01 00:00:00-04:00,29.799999237060547,30.049999237060547,27.3700008392334,28.010000228881836,1366800,0.0,0.0
2024-08-02 00:00:00-04:00,26.68000030517578,27.6299991607666,26.25,26.6200008392334,839000,0.0,0.0
2024-08-05 00:00:00-04:00,25.06999969482422,26.030000686645508,24.860000610351562,25.469999313354492,669700,0.0,0.0
2024-08-06 00:00:00-04:00,25.549999237060547,25.780000686645508,24.809999465942383,24.969999313354492,519400,0.0,0.0
2024-08-07 00:00:00-04:00,25.459999084472656,25.5,24.030000686645508,24.110000610351562,622800,0.0,0.0
2024-08-08 00:00:00-04:00,24.68000030517578,24.8799991607666,24.020000457763672,24.8799991607666,608500,0.0,0.0
2024-08-09 00:00:00-04:00,24.90999984741211,25.06999969482422,24.309999465942383,24.700000762939453,475900,0.0,0.0
2024-08-12 00:00:00-04:00,24.81999969482422,25.270000457763672,23.93000030517578,24.25,458100,0.0,0.0
2024-08-13 00:00:00-04:00,24.690000534057617,25.0,24.420000076293945,24.979999542236328,512500,0.0,0.0
2024-08-14 00:00:00-04:00,25.239999771118164,25.25,24.350000381469727,24.549999237060547,351700,0.0,0.0
2024-08-15 00:00:00-04:00,25.329999923706055,25.969999313354492,25.030000686645508,25.59000015258789,584600,0.0,0.0
2024-08-16 00:00:00-04:00,25.40999984741211,26.100000381469727,25.350000381469727,25.90999984741211,252300,0.0,0.0
2024-08-19 00:00:00-04:00,25.799999237060547,26.540000915527344,25.350000381469727,26.440000534057617,276300,0.0,0.0
2024-08-20 00:00:00-04:00,26.18000030517578,26.510000228881836,25.969999313354492,26.09000015258789,279900,0.0,0.0
2024-08-21 00:00:00-04:00,26.3700008392334,27.09000015258789,26.219999313354492,27.079999923706055,212000,0.0,0.0
2024-08-22 00:00:00-04:00,27.15999984741211,27.15999984741211,25.979999542236328,26.09000015258789,269200,0.0,0.0
2024-08-23 00:00:00-04:00,26.540000915527344,27.110000610351562,26.329999923706055,26.8700008392334,245600,0.0,0.0
2024-08-26 00:00:00-04:00,26.889999389648438,26.899999618530273,26.239999771118164,26.31999969482422,212500,0.0,0.0
2024-08-27 00:00:00-04:00,26.09000015258789,26.389999389648438,25.799999237060547,26.3700008392334,155500,0.0,0.0
2024-08-28 00:00:00-04:00,26.1200008392334,26.25,25.459999084472656,25.700000762939453,214000,0.0,0.0
2024-08-29 00:00:00-04:00,26.059999465942383,26.84000015258789,25.899999618530273,26.360000610351562,195200,0.0,0.0
2024-08-30 00:00:00-04:00,26.81999969482422,27.049999237060547,26.549999237060547,26.90999984741211,318900,0.0,0.0
2024-09-03 00:00:00-04:00,26.399999618530273,26.450000762939453,24.950000762939453,25.280000686645508,590400,0.0,0.0
2024-09-04 00:00:00-04:00,24.959999084472656,25.65999984741211,24.65999984741211,25.110000610351562,352500,0.0,0.0
2024-09-05 00:00:00-04:00,24.979999542236328,25.420000076293945,24.860000610351562,25.010000228881836,339000,0.0,0.0
2024-09-06 00:00:00-04:00,24.75,24.979999542236328,24.100000381469727,24.18000030517578,351900,0.0,0.0
2024-09-09 00:00:00-04:00,24.389999389648438,24.389999389648438,23.139999389648438,23.350000381469727,384000,0.0,0.0
2024-09-10 00:00:00-04:00,23.309999465942383,23.59000015258789,22.940000534057617,23.190000534057617,264600,0.0,0.0
2024-09-11 00:00:00-04:00,23.280000686645508,24.059999465942383,22.799999237060547,23.829999923706055,260000,0.0,0.0
2024-09-12 00:00:00-04:00,23.860000610351562,24.190000534057617,23.299999237060547,23.809999465942383,269300,0.0,0.0
2024-09-13 00:00:00-04:00,25.25,25.260000228881836,24.18000030517578,25.149999618530273,308300,0.0,0.0
2024-09-16 00:00:00-04:00,25.0,25.0,24.290000915527344,24.729999542236328,292700,0.0,0.0
2024-09-17 00:00:00-04:00,25.190000534057617,25.40999984741211,24.709999084472656,24.950000762939453,245900,0.0,0.0
2024-09-18 00:00:00-04:00,25.030000686645508,25.6299991607666,24.520000457763672,24.540000915527344,199600,0.0,0.0
2024-09-19 00:00:00-04:00,25.510000228881836,25.850000381469727,25.209999084472656,25.6299991607666,325100,0.0,0.0
2024-09-20 00:00:00-04:00,25.139999389648438,25.290000915527344,24.65999984741211,24.790000915527344,856700,0.0,0.0
2024-09-23 00:00:00-04:00,24.969999313354492,24.969999313354492,24.5,24.5,229700,0.0,0.0
2024-09-24 00:00:00-04:00,24.510000228881836,24.959999084472656,24.110000610351562,24.219999313354492,338700,0.0,0.0
2024-09-25 00:00:00-04:00,24.139999389648438,24.399999618530273,23.989999771118164,24.079999923706055,277500,0.0,0.0
2024-09-26 00:00:00-04:00,24.6200008392334,25.790000915527344,24.6200008392334,25.56999969482422,362200,0.0,0.0
2024-09-27 00:00:00-04:00,25.829999923706055,26.020000457763672,25.440000534057617,25.950000762939453,262200,0.0,0.0
2024-09-30 00:00:00-04:00,25.829999923706055,26.25,25.469999313354492,25.700000762939453,266700,0.0,0.0
2024-10-01 00:00:00-04:00,25.719999313354492,25.739999771118164,24.6299991607666,24.690000534057617,195500,0.0,0.0
2024-10-02 00:00:00-04:00,24.690000534057617,25.270000457763672,24.420000076293945,25.030000686645508,156800,0.0,0.0
2024-10-03 00:00:00-04:00,24.59000015258789,24.84000015258789,24.219999313354492,24.420000076293945,207500,0.0,0.0
2024-10-04 00:00:00-04:00,25.09000015258789,25.09000015258789,24.399999618530273,24.68000030517578,150100,0.0,0.0
2024-10-07 00:00:00-04:00,24.389999389648438,24.799999237060547,24.290000915527344,24.709999084472656,211100,0.0,0.0
2024-10-08 00:00:00-04:00,24.600000381469727,24.93000030517578,24.149999618530273,24.670000076293945,310400,0.0,0.0
2024-10-09 00:00:00-04:00,24.670000076293945,24.979999542236328,24.420000076293945,24.799999237060547,222100,0.0,0.0
2024-10-10 00:00:00-04:00,24.360000610351562,24.68000030517578,23.770000457763672,24.559999465942383,299500,0.0,0.0
2024-10-11 00:00:00-04:00,24.450000762939453,25.489999771118164,24.43000030517578,25.469999313354492,265500,0.0,0.0
2024-10-14 00:00:00-04:00,25.649999618530273,26.139999389648438,25.530000686645508,26.110000610351562,222500,0.0,0.0
2024-10-15 00:00:00-04:00,26.030000686645508,26.25,25.100000381469727,25.209999084472656,556700,0.0,0.0
2024-10-16 00:00:00-04:00,25.670000076293945,25.670000076293945,24.6299991607666,24.93000030517578,337700,0.0,0.0
2024-10-17 00:00:00-04:00,25.190000534057617,25.360000610351562,24.760000228881836,25.18000030517578,295900,0.0,0.0
2024-10-18 00:00:00-04:00,25.350000381469727,25.959999084472656,25.229999542236328,25.329999923706055,244300,0.0,0.0
2024-10-21 00:00:00-04:00,25.149999618530273,25.209999084472656,24.770000457763672,25.18000030517578,287800,0.0,0.0
2024-10-22 00:00:00-04:00,25.059999465942383,25.170000076293945,24.719999313354492,24.729999542236328,145800,0.0,0.0
2024-10-23 00:00:00-04:00,24.719999313354492,24.920000076293945,24.25,24.610000610351562,250100,0.0,0.0
2024-10-24 00:00:00-04:00,24.84000015258789,25.260000228881836,24.559999465942383,25.229999542236328,313700,0.0,0.0
2024-10-25 00:00:00-04:00,25.459999084472656,26.399999618530273,25.459999084472656,25.889999389648438,216100,0.0,0.0
2024-10-28 00:00:00-04:00,25.889999389648438,26.559999465942383,25.729999542236328,26.469999313354492,350800,0.0,0.0
2024-10-29 00:00:00-04:00,26.31999969482422,26.729999542236328,26.25,26.549999237060547,348300,0.0,0.0
2024-10-30 00:00:00-04:00,26.040000915527344,26.670000076293945,25.899999618530273,25.950000762939453,327700,0.0,0.0
2024-10-31 00:00:00-04:00,26.09000015258789,26.09000015258789,24.65999984741211,24.920000076293945,435500,0.0,0.0
2024-11-01 00:00:00-04:00,26.329999923706055,28.75,25.950000762939453,27.350000381469727,745000,0.0,0.0
2024-11-04 00:00:00-05:00,27.170000076293945,27.34000015258789,26.350000381469727,26.510000228881836,458300,0.0,0.0
2024-11-05 00:00:00-05:00,26.510000228881836,27.940000534057617,26.360000610351562,27.549999237060547,421000,0.0,0.0
2024-11-06 00:00:00-05:00,28.670000076293945,29.420000076293945,28.399999618530273,28.56999969482422,507700,0.0,0.0
2024-11-07 00:00:00-05:00,28.809999465942383,28.989999771118164,28.270000457763672,28.399999618530273,332000,0.0,0.0
2024-11-08 00:00:00-05:00,28.149999618530273,28.309999465942383,27.799999237060547,28.270000457763672,299700,0.0,0.0
2024-11-11 00:00:00-05:00,28.229999542236328,28.270000457763672,27.3799991607666,27.860000610351562,257100,0.0,0.0
2024-11-12 00:00:00-05:00,27.600000381469727,28.0,26.8799991607666,26.940000534057617,265800,0.0,0.0
2024-11-13 00:00:00-05:00,26.889999389648438,26.889999389648438,25.780000686645508,25.8700008392334,239600,0.0,0.0
2024-11-14 00:00:00-05:00,26.25,27.010000228881836,25.219999313354492,25.43000030517578,293000,0.0,0.0
2024-11-15 00:00:00-05:00,25.190000534057617,25.489999771118164,24.68000030517578,24.989999771118164,393800,0.0,0.0
2024-11-18 00:00:00-05:00,24.950000762939453,25.469999313354492,24.899999618530273,25.360000610351562,287100,0.0,0.0
2024-11-19 00:00:00-05:00,25.1200008392334,25.510000228881836,24.979999542236328,25.360000610351562,272600,0.0,0.0
2024-11-20 00:00:00-05:00,25.200000762939453,25.649999618530273,25.139999389648438,25.530000686645508,289900,0.0,0.0
2024-11-21 00:00:00-05:00,25.809999465942383,26.329999923706055,25.479999542236328,26.100000381469727,208100,0.0,0.0
2024-11-22 00:00:00-05:00,26.049999237060547,26.760000228881836,25.969999313354492,26.649999618530273,252500,0.0,0.0
2024-11-25 00:00:00-05:00,27.020000457763672,27.399999618530273,26.809999465942383,27.06999969482422,290200,0.0,0.0
2024-11-26 00:00:00-05:00,27.100000381469727,27.18000030517578,25.770000457763672,25.850000381469727,189400,0.0,0.0
2024-11-27 00:00:00-05:00,25.959999084472656,26.229999542236328,25.450000762939453,25.979999542236328,276200,0.0,0.0
2024-11-29 00:00:00-05:00,26.209999084472656,26.90999984741211,26.18000030517578,26.399999618530273,124800,0.0,0.0
2024-12-02 00:00:00-05:00,26.43000030517578,28.149999618530273,26.010000228881836,27.8700008392334,336800,0.0,0.0
2024-12-03 00:00:00-05:00,27.59000015258789,27.719999313354492,26.920000076293945,27.049999237060547,279500,0.0,0.0
2024-12-04 00:00:00-05:00,27.399999618530273,27.6200008392334,26.540000915527344,26.799999237060547,238900,0.0,0.0
2024-12-05 00:00:00-05:00,26.719999313354492,26.719999313354492,25.940000534057617,26.229999542236328,276600,0.0,0.0
2024-12-06 00:00:00-05:00,26.139999389648438,26.610000610351562,26.139999389648438,26.540000915527344,251500,0.0,0.0
2024-12-09 00:00:00-05:00,26.670000076293945,28.030000686645508,26.530000686645508,27.459999084472656,295000,0.0,0.0
2024-12-10 00:00:00-05:00,27.68000030517578,27.719999313354492,26.65999984741211,27.049999237060547,247600,0.0,0.0
2024-12-11 00:00:00-05:00,27.229999542236328,27.469999313354492,26.75,26.920000076293945,310000,0.0,0.0
2024-12-12 00:00:00-05:00,26.729999542236328,27.729999542236328,26.65999984741211,27.239999771118164,232800,0.0,0.0
2024-12-13 00:00:00-05:00,27.229999542236328,27.6299991607666,26.649999618530273,27.15999984741211,259270,0.0,0.0
