Date,Open,High,Low,Close,Volume,Dividends,Stock Splits
2022-01-03 00:00:00-05:00,103.86000061035156,107.8499984741211,103.52999877929688,107.62000274658203,4911800,0.0,0.0
2022-01-04 00:00:00-05:00,107.31999969482422,110.23999786376953,107.29000091552734,109.0,5520400,0.0,0.0
2022-01-05 00:00:00-05:00,109.16000366210938,110.5999984741211,108.27999877929688,108.36000061035156,3762300,0.0,0.0
2022-01-06 00:00:00-05:00,108.16000366210938,109.87000274658203,107.63999938964844,109.13999938964844,2621500,0.0,0.0
2022-01-07 00:00:00-05:00,108.68000030517578,109.9800033569336,107.83000183105469,108.83000183105469,2687100,0.0,0.0
2022-01-10 00:00:00-05:00,108.08999633789062,108.7699966430664,104.41000366210938,107.75,3677200,0.0,0.0
2022-01-11 00:00:00-05:00,107.61000061035156,109.54000091552734,106.37999725341797,109.47000122070312,2709300,0.0,0.0
2022-01-12 00:00:00-05:00,107.9800033569336,109.3499984741211,107.05000305175781,108.5,3396100,0.0,0.0
2022-01-13 00:00:00-05:00,108.5,110.98999786376953,108.19000244140625,108.94000244140625,3259300,0.0,0.0
2022-01-14 00:00:00-05:00,107.41999816894531,109.5,106.91999816894531,109.11000061035156,3431500,0.0,0.0
2022-01-18 00:00:00-05:00,108.94000244140625,109.19999694824219,106.06999969482422,106.4000015258789,4366600,0.0,0.0
2022-01-19 00:00:00-05:00,106.26000213623047,107.72000122070312,105.93000030517578,106.05000305175781,3592500,0.0,0.0
2022-01-20 00:00:00-05:00,106.41000366210938,109.63999938964844,106.11000061035156,106.30000305175781,4059800,0.0,0.0
2022-01-21 00:00:00-05:00,106.27999877929688,107.51000213623047,104.73999786376953,104.86000061035156,4664500,0.0,0.0
2022-01-24 00:00:00-05:00,103.0,104.9800033569336,100.25,102.73999786376953,7867400,0.0,0.0
2022-01-25 00:00:00-05:00,101.29000091552734,102.41999816894531,98.66999816894531,101.04000091552734,5864000,0.0,0.0
2022-01-26 00:00:00-05:00,101.52999877929688,102.9800033569336,98.94000244140625,99.97000122070312,4864700,0.0,0.0
2022-01-27 00:00:00-05:00,100.4800033569336,102.12000274658203,99.13999938964844,100.27999877929688,3845900,0.0,0.0
2022-01-28 00:00:00-05:00,100.4000015258789,105.0,100.18000030517578,104.88999938964844,4380200,0.0,0.0
2022-01-31 00:00:00-05:00,104.69999694824219,105.98999786376953,103.77999877929688,105.69999694824219,4190600,0.0,0.0
2022-02-01 00:00:00-05:00,106.05000305175781,108.8499984741211,105.41000366210938,108.66000366210938,4128800,0.0,0.0
2022-02-02 00:00:00-05:00,107.86000061035156,108.58000183105469,107.0,108.36000061035156,2762700,0.0,0.0
2022-02-03 00:00:00-05:00,107.94999694824219,108.36000061035156,106.16000366210938,106.27999877929688,3609100,0.0,0.0
2022-02-04 00:00:00-05:00,104.20999908447266,105.29000091552734,102.38999938964844,104.87999725341797,4075700,0.0,0.0
2022-02-07 00:00:00-05:00,106.66999816894531,107.18000030517578,104.55000305175781,105.88999938964844,3951600,0.0,0.0
2022-02-08 00:00:00-05:00,99.66999816894531,102.33000183105469,98.75,99.54000091552734,8846900,0.0,0.0
2022-02-09 00:00:00-05:00,100.75,102.91000366210938,100.41000366210938,102.18000030517578,4646100,0.0,0.0
2022-02-10 00:00:00-05:00,100.52999877929688,101.22000122070312,98.97000122070312,99.18000030517578,4352800,0.0,0.0
2022-02-11 00:00:00-05:00,99.38999938964844,99.83999633789062,96.97000122070312,97.4000015258789,4663200,0.0,0.0
2022-02-14 00:00:00-05:00,97.62999725341797,98.19999694824219,96.5999984741211,97.88999938964844,4162100,0.0,0.0
2022-02-15 00:00:00-05:00,98.7699966430664,98.87000274658203,96.19000244140625,97.06999969482422,5331400,0.0,0.0
2022-02-16 00:00:00-05:00,96.66999816894531,97.19999694824219,94.66000366210938,96.80999755859375,5121400,0.0,0.0
2022-02-17 00:00:00-05:00,96.0,96.66000366210938,94.2300033569336,94.33000183105469,3578500,0.0,0.0
2022-02-18 00:00:00-05:00,93.79000091552734,94.86000061035156,92.86000061035156,94.12999725341797,4655200,0.0,0.0
2022-02-22 00:00:00-05:00,93.80999755859375,94.69999694824219,93.41999816894531,93.5199966430664,3752100,0.0,0.0
2022-02-23 00:00:00-05:00,93.69999694824219,95.11000061035156,92.48999786376953,92.5999984741211,4745800,0.0,0.0
2022-02-24 00:00:00-05:00,90.31999969482422,95.70999908447266,89.91000366210938,95.55999755859375,6486200,0.0,0.0
2022-02-25 00:00:00-05:00,96.08999633789062,99.08000183105469,95.87999725341797,98.05000305175781,4892800,0.0,0.0
2022-02-28 00:00:00-05:00,96.56999969482422,98.0199966430664,96.01000213623047,97.66999816894531,5129100,0.0,0.0
2022-03-01 00:00:00-05:00,97.33000183105469,98.33000183105469,96.62999725341797,97.05999755859375,3898000,0.0,0.0
2022-03-02 00:00:00-05:00,97.55000305175781,99.2699966430664,96.69999694824219,98.73999786376953,3963500,0.0,0.0
2022-03-03 00:00:00-05:00,99.79000091552734,100.22000122070312,96.88999938964844,98.62999725341797,3897900,0.0,0.0
2022-03-04 00:00:00-05:00,97.5,98.29000091552734,95.52999877929688,97.31999969482422,3570000,0.0,0.0
2022-03-07 00:00:00-05:00,97.4000015258789,97.45999908447266,94.69999694824219,94.91999816894531,4160100,0.0,0.0
2022-03-08 00:00:00-05:00,94.66000366210938,96.54000091552734,93.52999877929688,94.19999694824219,4252700,0.0,0.0
2022-03-09 00:00:00-05:00,95.8499984741211,97.04000091552734,94.72000122070312,96.2699966430664,4452400,0.0,0.0
2022-03-10 00:00:00-05:00,94.7300033569336,95.6500015258789,94.06999969482422,95.05000305175781,2764800,0.0,0.0
2022-03-11 00:00:00-05:00,96.18000030517578,96.25,94.0,94.1500015258789,2720900,0.0,0.0
2022-03-14 00:00:00-04:00,94.13999938964844,96.25,93.43000030517578,93.98999786376953,2573000,0.0,0.0
2022-03-15 00:00:00-04:00,94.95999908447266,95.95999908447266,94.38999938964844,95.44999694824219,3272100,0.0,0.0
2022-03-16 00:00:00-04:00,96.13999938964844,98.3499984741211,95.76000213623047,98.30000305175781,3049600,0.0,0.0
2022-03-17 00:00:00-04:00,97.69999694824219,100.19999694824219,97.69999694824219,100.04000091552734,3361700,0.0,0.0
2022-03-18 00:00:00-04:00,99.55999755859375,100.70999908447266,98.5999984741211,100.61000061035156,4408200,0.0,0.0
2022-03-21 00:00:00-04:00,99.8499984741211,100.43000030517578,98.75,99.55999755859375,2448300,0.0,0.0
2022-03-22 00:00:00-04:00,99.6500015258789,101.2699966430664,99.55999755859375,100.5,2919800,0.0,0.0
2022-03-23 00:00:00-04:00,100.26000213623047,100.30999755859375,98.5999984741211,98.77999877929688,2356900,0.0,0.0
2022-03-24 00:00:00-04:00,99.11000061035156,99.4000015258789,98.33000183105469,98.69999694824219,2684100,0.0,0.0
2022-03-25 00:00:00-04:00,99.54000091552734,100.55999755859375,98.69999694824219,100.51000213623047,1882500,0.0,0.0
2022-03-28 00:00:00-04:00,100.04000091552734,100.9800033569336,99.41999816894531,100.73999786376953,2457600,0.0,0.0
2022-03-29 00:00:00-04:00,102.22000122070312,103.4800033569336,101.97000122070312,103.0,5136400,0.0,0.0
2022-03-30 00:00:00-04:00,102.47000122070312,103.0199966430664,101.55000305175781,102.13999938964844,3668100,0.0,0.0
2022-03-31 00:00:00-04:00,101.86000061035156,102.68000030517578,101.37000274658203,101.4000015258789,3778400,0.0,0.0
2022-04-01 00:00:00-04:00,102.3499984741211,103.08999633789062,101.80999755859375,102.98999786376953,2170200,0.0,0.0
2022-04-04 00:00:00-04:00,103.1500015258789,103.91000366210938,102.73999786376953,103.18000030517578,1937300,0.0,0.0
2022-04-05 00:00:00-04:00,103.18000030517578,104.73999786376953,102.91999816894531,103.33999633789062,2271700,0.0,0.0
2022-04-06 00:00:00-04:00,102.19999694824219,103.6500015258789,101.43000030517578,102.66999816894531,2373500,0.0,0.0
2022-04-07 00:00:00-04:00,101.9000015258789,102.43000030517578,99.5,100.79000091552734,2215800,0.0,0.0
2022-04-08 00:00:00-04:00,101.01000213623047,101.91999816894531,99.05999755859375,100.55000305175781,2787800,0.0,0.0
2022-04-11 00:00:00-04:00,100.0,102.12999725341797,99.93000030517578,100.5999984741211,2319700,0.0,0.0
2022-04-12 00:00:00-04:00,99.87000274658203,100.52999877929688,98.91000366210938,98.97000122070312,2900400,0.0,0.0
2022-04-13 00:00:00-04:00,98.56999969482422,99.36000061035156,98.19000244140625,99.08000183105469,2206700,0.0,0.0
2022-04-14 00:00:00-04:00,99.20999908447266,100.62000274658203,99.19000244140625,99.66999816894531,2251400,0.0,0.0
2022-04-18 00:00:00-04:00,99.1500015258789,100.86000061035156,99.02999877929688,99.88999938964844,2060500,0.0,0.0
2022-04-19 00:00:00-04:00,99.95999908447266,102.79000091552734,99.72000122070312,102.44999694824219,2685400,0.0,0.0
2022-04-20 00:00:00-04:00,103.0,104.02999877929688,101.29000091552734,101.48999786376953,3063000,0.0,0.0
2022-04-21 00:00:00-04:00,102.12000274658203,102.94999694824219,100.97000122070312,101.44000244140625,2440300,0.0,0.0
2022-04-22 00:00:00-04:00,101.04000091552734,101.04000091552734,97.22000122070312,97.36000061035156,3029800,0.0,0.0
2022-04-25 00:00:00-04:00,97.05000305175781,98.2699966430664,95.2300033569336,97.94999694824219,3158300,0.0,0.0
2022-04-26 00:00:00-04:00,97.37000274658203,97.63999938964844,95.97000122070312,96.0999984741211,3574900,0.0,0.0
2022-04-27 00:00:00-04:00,98.76000213623047,101.87999725341797,95.48999786376953,100.93000030517578,5784900,0.0,0.0
2022-04-28 00:00:00-04:00,102.04000091552734,105.26000213623047,101.7699966430664,104.73999786376953,4790800,0.0,0.0
2022-04-29 00:00:00-04:00,104.16000366210938,104.5199966430664,97.77999877929688,97.91999816894531,4687200,0.0,0.0
2022-05-02 00:00:00-04:00,97.55999755859375,98.02999877929688,94.56999969482422,97.12999725341797,4296800,0.0,0.0
2022-05-03 00:00:00-04:00,97.94000244140625,100.70999908447266,97.41000366210938,99.44000244140625,4239300,0.0,0.0
2022-05-04 00:00:00-04:00,99.56999969482422,102.72000122070312,98.5,102.54000091552734,3351800,0.0,0.0
2022-05-05 00:00:00-04:00,101.73999786376953,101.81999969482422,98.63999938964844,99.55000305175781,3763500,0.0,0.0
2022-05-06 00:00:00-04:00,98.69999694824219,98.79000091552734,94.83000183105469,95.70999908447266,3347700,0.0,0.0
2022-05-09 00:00:00-04:00,94.51000213623047,95.45999908447266,93.30000305175781,93.62999725341797,4202400,0.0,0.0
2022-05-10 00:00:00-04:00,95.05000305175781,95.62000274658203,91.86000061035156,92.77999877929688,3250300,0.0,0.0
2022-05-11 00:00:00-04:00,92.58000183105469,94.66000366210938,91.83000183105469,92.58000183105469,3993500,0.0,0.0
2022-05-12 00:00:00-04:00,91.66000366210938,93.62999725341797,91.33000183105469,93.55000305175781,3302300,0.0,0.0
2022-05-13 00:00:00-04:00,94.72000122070312,97.1500015258789,94.43000030517578,96.16999816894531,3136600,0.0,0.0
2022-05-16 00:00:00-04:00,95.63999938964844,96.58000183105469,94.87000274658203,96.25,3024900,0.0,0.0
2022-05-17 00:00:00-04:00,97.76000213623047,98.0999984741211,96.37999725341797,97.70999908447266,2298700,0.0,0.0
2022-05-18 00:00:00-04:00,96.31999969482422,97.38999938964844,93.94000244140625,94.16999816894531,3273100,0.0,0.0
2022-05-19 00:00:00-04:00,93.55999755859375,95.68000030517578,92.58000183105469,94.38999938964844,2736400,0.0,0.0
2022-05-20 00:00:00-04:00,95.3499984741211,95.7300033569336,93.37000274658203,95.58999633789062,2859900,0.0,0.0
2022-05-23 00:00:00-04:00,96.5999984741211,99.05999755859375,96.33000183105469,98.83000183105469,2586000,0.0,0.0
2022-05-24 00:00:00-04:00,98.16000366210938,98.30999755859375,95.70999908447266,96.9000015258789,2251100,0.0,0.0
2022-05-25 00:00:00-04:00,96.38999938964844,98.02999877929688,96.18000030517578,97.47000122070312,2235300,0.0,0.0
2022-05-26 00:00:00-04:00,98.25,99.86000061035156,98.01000213623047,99.29000091552734,2306200,0.0,0.0
2022-05-27 00:00:00-04:00,99.83000183105469,101.37000274658203,99.4000015258789,101.37000274658203,2734800,0.0,0.0
2022-05-31 00:00:00-04:00,100.87999725341797,101.38999938964844,99.76000213623047,100.18000030517578,4046000,0.0,0.0
2022-06-01 00:00:00-04:00,100.7300033569336,100.83000183105469,98.66999816894531,99.16000366210938,2397400,0.0,0.0
2022-06-02 00:00:00-04:00,99.23999786376953,100.91999816894531,97.91999816894531,100.8499984741211,2447900,0.0,0.0
2022-06-03 00:00:00-04:00,100.27999877929688,100.43000030517578,99.27999877929688,99.66999816894531,1854600,0.0,0.0
2022-06-06 00:00:00-04:00,100.80000305175781,102.16999816894531,99.87000274658203,100.29000091552734,1805100,0.0,0.0
2022-06-07 00:00:00-04:00,99.62000274658203,101.51000213623047,99.27999877929688,101.23999786376953,2050500,0.0,0.0
2022-06-08 00:00:00-04:00,101.04000091552734,101.4800033569336,99.75,100.12999725341797,1702700,0.0,0.0
2022-06-09 00:00:00-04:00,99.4000015258789,99.4000015258789,95.77999877929688,95.81999969482422,2637400,0.0,0.0
2022-06-10 00:00:00-04:00,94.01000213623047,95.2300033569336,93.05000305175781,94.33999633789062,3782600,0.0,0.0
2022-06-13 00:00:00-04:00,91.87999725341797,92.26000213623047,89.23999786376953,89.62000274658203,4766800,0.0,0.0
2022-06-14 00:00:00-04:00,90.36000061035156,91.20999908447266,88.97000122070312,89.88999938964844,3103600,0.0,0.0
2022-06-15 00:00:00-04:00,91.04000091552734,93.12999725341797,90.11000061035156,91.47000122070312,3244600,0.0,0.0
2022-06-16 00:00:00-04:00,89.87000274658203,89.87000274658203,87.02999877929688,88.37999725341797,4243600,0.0,0.0
2022-06-17 00:00:00-04:00,88.45999908447266,89.69999694824219,87.77999877929688,89.1500015258789,6498700,0.0,0.0
2022-06-21 00:00:00-04:00,90.0,90.56999969482422,89.04000091552734,89.26000213623047,3103100,0.0,0.0
2022-06-22 00:00:00-04:00,88.33999633789062,90.36000061035156,87.83000183105469,89.36000061035156,3491000,0.0,0.0
2022-06-23 00:00:00-04:00,89.9800033569336,90.87000274658203,88.70999908447266,89.7300033569336,2306000,0.0,0.0
2022-06-24 00:00:00-04:00,90.55000305175781,94.31999969482422,90.33000183105469,94.19000244140625,4527900,0.0,0.0
2022-06-27 00:00:00-04:00,93.4800033569336,94.08999633789062,92.54000091552734,93.08999633789062,2913000,0.0,0.0
2022-06-28 00:00:00-04:00,93.26000213623047,94.98999786376953,90.4000015258789,90.62000274658203,2606300,0.0,0.0
2022-06-29 00:00:00-04:00,90.62000274658203,91.04000091552734,89.18000030517578,90.9000015258789,1997300,0.0,0.0
2022-06-30 00:00:00-04:00,89.29000091552734,90.0199966430664,87.80000305175781,88.97000122070312,3400000,0.0,0.0
2022-07-01 00:00:00-04:00,88.7699966430664,92.9000015258789,88.7699966430664,92.58000183105469,3711300,0.0,0.0
2022-07-05 00:00:00-04:00,91.44999694824219,94.55999755859375,90.4000015258789,94.11000061035156,3718400,0.0,0.0
2022-07-06 00:00:00-04:00,93.8499984741211,94.9000015258789,93.16999816894531,93.86000061035156,3973700,0.0,0.0
2022-07-07 00:00:00-04:00,94.0199966430664,94.41999816894531,92.2300033569336,93.3499984741211,3192200,0.0,0.0
2022-07-08 00:00:00-04:00,93.3499984741211,93.79000091552734,92.0999984741211,93.05999755859375,3382200,0.0,0.0
2022-07-11 00:00:00-04:00,92.30999755859375,92.87000274658203,91.91000366210938,92.58999633789062,3298300,0.0,0.0
2022-07-12 00:00:00-04:00,92.44999694824219,94.11000061035156,92.20999908447266,92.58999633789062,3423300,0.0,0.0
2022-07-13 00:00:00-04:00,90.37000274658203,92.47000122070312,90.20999908447266,91.87000274658203,3139200,0.0,0.0
2022-07-14 00:00:00-04:00,90.06999969482422,91.91999816894531,89.26000213623047,91.66000366210938,2864300,0.0,0.0
2022-07-15 00:00:00-04:00,93.37000274658203,94.80999755859375,93.19000244140625,94.16000366210938,3658700,0.0,0.0
2022-07-18 00:00:00-04:00,94.87000274658203,95.4000015258789,93.4800033569336,93.97000122070312,2475500,0.0,0.0
2022-07-19 00:00:00-04:00,95.4000015258789,97.80999755859375,94.98999786376953,97.55999755859375,3564700,0.0,0.0
2022-07-20 00:00:00-04:00,97.55999755859375,98.02999877929688,96.58000183105469,97.8499984741211,2863600,0.0,0.0
2022-07-21 00:00:00-04:00,98.05999755859375,99.25,97.68000030517578,99.18000030517578,2444200,0.0,0.0
2022-07-22 00:00:00-04:00,99.79000091552734,100.81999969482422,98.93000030517578,99.87000274658203,3056500,0.0,0.0
2022-07-25 00:00:00-04:00,100.13999938964844,100.33999633789062,97.5199966430664,98.05000305175781,3482100,0.0,0.0
2022-07-26 00:00:00-04:00,99.93000030517578,103.94000244140625,97.93000030517578,102.22000122070312,7040200,0.0,0.0
2022-07-27 00:00:00-04:00,102.56999969482422,105.3499984741211,102.5199966430664,104.45999908447266,5105900,0.0,0.0
2022-07-28 00:00:00-04:00,104.62000274658203,105.91000366210938,103.4000015258789,105.68000030517578,3091500,0.0,0.0
2022-07-29 00:00:00-04:00,105.5199966430664,106.47000122070312,104.83000183105469,105.68000030517578,2883700,0.0,0.0
2022-08-01 00:00:00-04:00,105.0,106.91999816894531,103.86000061035156,106.12999725341797,2920000,0.0,0.0
2022-08-02 00:00:00-04:00,105.4000015258789,106.45999908447266,104.55000305175781,106.2300033569336,3213500,0.0,0.0
2022-08-03 00:00:00-04:00,106.80000305175781,108.56999969482422,106.54000091552734,108.16999816894531,2805500,0.0,0.0
2022-08-04 00:00:00-04:00,108.26000213623047,108.26000213623047,105.68000030517578,106.66000366210938,4693300,0.0,0.0
2022-08-05 00:00:00-04:00,104.55000305175781,106.94999694824219,104.48999786376953,106.08000183105469,2943700,0.0,0.0
2022-08-08 00:00:00-04:00,106.94999694824219,107.13999938964844,104.62000274658203,104.98999786376953,2674900,0.0,0.0
2022-08-09 00:00:00-04:00,104.5,106.04000091552734,104.19000244140625,105.9000015258789,2696000,0.0,0.0
2022-08-10 00:00:00-04:00,107.5,107.87000274658203,106.23999786376953,106.54000091552734,2597200,0.0,0.0
2022-08-11 00:00:00-04:00,108.06999969482422,108.79000091552734,107.41000366210938,107.95999908447266,3091000,0.0,0.0
2022-08-12 00:00:00-04:00,108.27999877929688,109.41000366210938,108.2300033569336,109.37000274658203,2959900,0.0,0.0
2022-08-15 00:00:00-04:00,108.61000061035156,110.88999938964844,108.61000061035156,110.16000366210938,2293800,0.0,0.0
2022-08-16 00:00:00-04:00,109.56999969482422,110.94000244140625,108.87999725341797,110.72000122070312,2917000,0.0,0.0
2022-08-17 00:00:00-04:00,109.68000030517578,110.19000244140625,108.37999725341797,108.72000122070312,2967900,0.0,0.0
2022-08-18 00:00:00-04:00,108.33999633789062,110.83999633789062,108.16000366210938,110.55000305175781,3654800,0.0,0.0
2022-08-19 00:00:00-04:00,109.47000122070312,110.45999908447266,109.20999908447266,109.4800033569336,3195200,0.0,0.0
2022-08-22 00:00:00-04:00,108.06999969482422,108.51000213623047,106.5199966430664,106.7699966430664,2751200,0.0,0.0
2022-08-23 00:00:00-04:00,106.5199966430664,107.55000305175781,105.9800033569336,106.01000213623047,2869500,0.0,0.0
2022-08-24 00:00:00-04:00,105.4000015258789,106.52999877929688,104.80000305175781,106.18000030517578,3061700,0.0,0.0
2022-08-25 00:00:00-04:00,106.55999755859375,107.30000305175781,105.76000213623047,107.2699966430664,2610100,0.0,0.0
2022-08-26 00:00:00-04:00,107.33999633789062,107.70999908447266,103.72000122070312,103.83000183105469,3142400,0.0,0.0
2022-08-29 00:00:00-04:00,102.94000244140625,103.94999694824219,102.83999633789062,103.16999816894531,2805700,0.0,0.0
2022-08-30 00:00:00-04:00,103.30000305175781,103.54000091552734,101.38999938964844,101.86000061035156,2757000,0.0,0.0
2022-08-31 00:00:00-04:00,102.7300033569336,102.9000015258789,100.68000030517578,101.19000244140625,4432600,0.0,0.0
2022-09-01 00:00:00-04:00,100.70999908447266,103.5999984741211,100.63999938964844,103.5,4327400,0.0,0.0
2022-09-02 00:00:00-04:00,104.44999694824219,105.0,100.83000183105469,101.44000244140625,3007100,0.0,0.0
2022-09-06 00:00:00-04:00,101.83999633789062,104.56999969482422,101.62000274658203,104.16000366210938,5486500,0.0,0.0
2022-09-07 00:00:00-04:00,104.23999786376953,106.11000061035156,104.0999984741211,105.75,3638100,0.0,0.0
2022-09-08 00:00:00-04:00,104.97000122070312,106.0199966430664,103.9000015258789,105.77999877929688,3056200,0.0,0.0
2022-09-09 00:00:00-04:00,105.62000274658203,106.68000030517578,105.23999786376953,106.45999908447266,3718700,0.0,0.0
2022-09-12 00:00:00-04:00,107.08999633789062,109.16000366210938,106.9800033569336,109.05000305175781,4722500,0.0,0.0
2022-09-13 00:00:00-04:00,106.77999877929688,108.27999877929688,105.69999694824219,105.91999816894531,5683100,0.0,0.0
2022-09-14 00:00:00-04:00,106.26000213623047,106.98999786376953,104.94999694824219,105.9000015258789,3756200,0.0,0.0
2022-09-15 00:00:00-04:00,105.16000366210938,106.87000274658203,104.0199966430664,104.58000183105469,3931200,0.0,0.0
2022-09-16 00:00:00-04:00,103.83999633789062,103.94999694824219,102.12000274658203,103.61000061035156,16562700,0.0,0.0
2022-09-19 00:00:00-04:00,102.5,103.79000091552734,101.95999908447266,103.6500015258789,3342000,0.0,0.0
2022-09-20 00:00:00-04:00,103.0999984741211,103.37999725341797,101.4800033569336,102.16999816894531,2416100,0.0,0.0
2022-09-21 00:00:00-04:00,102.76000213623047,103.22000122070312,99.56999969482422,99.58999633789062,4093200,0.0,0.0
2022-09-22 00:00:00-04:00,99.4000015258789,99.73999786376953,97.94999694824219,98.55999755859375,3930100,0.0,0.0
2022-09-23 00:00:00-04:00,98.06999969482422,98.22000122070312,96.68000030517578,97.94999694824219,3968700,0.0,0.0
2022-09-26 00:00:00-04:00,97.98999786376953,98.5199966430664,95.69000244140625,95.9000015258789,3515700,0.0,0.0
2022-09-27 00:00:00-04:00,96.56999969482422,97.38999938964844,94.01000213623047,95.13999938964844,3704100,0.0,0.0
2022-09-28 00:00:00-04:00,95.45999908447266,96.7699966430664,93.88999938964844,96.16999816894531,4449400,0.0,0.0
2022-09-29 00:00:00-04:00,95.27999877929688,96.27999877929688,93.97000122070312,94.8499984741211,4006800,0.0,0.0
2022-09-30 00:00:00-04:00,95.12000274658203,95.7699966430664,93.51000213623047,93.56999969482422,3934400,0.0,0.0
2022-10-03 00:00:00-04:00,94.33000183105469,95.98999786376953,93.20999908447266,95.41999816894531,3827100,0.0,0.0
2022-10-04 00:00:00-04:00,96.66000366210938,98.9800033569336,96.55999755859375,98.7300033569336,3416600,0.0,0.0
2022-10-05 00:00:00-04:00,97.94000244140625,101.02999877929688,97.77999877929688,100.55000305175781,2967300,0.0,0.0
2022-10-06 00:00:00-04:00,99.88999938964844,100.91999816894531,98.87000274658203,99.08000183105469,3548600,0.0,0.0
2022-10-07 00:00:00-04:00,98.33999633789062,99.04000091552734,97.58000183105469,98.69999694824219,3787200,0.0,0.0
2022-10-10 00:00:00-04:00,98.56999969482422,99.06999969482422,97.19000244140625,98.48999786376953,2966400,0.0,0.0
2022-10-11 00:00:00-04:00,98.2699966430664,98.33999633789062,94.56999969482422,95.44999694824219,4484000,0.0,0.0
2022-10-12 00:00:00-04:00,94.25,95.41000366210938,93.5999984741211,93.69999694824219,3231700,0.0,0.0
2022-10-13 00:00:00-04:00,91.72000122070312,96.08000183105469,91.55000305175781,95.6500015258789,3826600,0.0,0.0
2022-10-14 00:00:00-04:00,96.33000183105469,96.6500015258789,93.98999786376953,94.13999938964844,2966800,0.0,0.0
2022-10-17 00:00:00-04:00,96.45999908447266,97.5,96.20999908447266,97.37000274658203,4732700,0.0,0.0
2022-10-18 00:00:00-04:00,98.62000274658203,99.29000091552734,96.02999877929688,97.16999816894531,3227900,0.0,0.0
2022-10-19 00:00:00-04:00,95.3499984741211,96.83000183105469,95.08999633789062,96.2300033569336,2452900,0.0,0.0
2022-10-20 00:00:00-04:00,96.45999908447266,96.75,94.5,95.01000213623047,3610500,0.0,0.0
2022-10-21 00:00:00-04:00,94.55000305175781,96.88999938964844,93.93000030517578,96.73999786376953,5468100,0.0,0.0
2022-10-24 00:00:00-04:00,97.9000015258789,98.66999816894531,96.80000305175781,97.3499984741211,3421100,0.0,0.0
2022-10-25 00:00:00-04:00,97.70999908447266,100.61000061035156,97.63999938964844,100.08000183105469,5327400,0.0,0.0
2022-10-26 00:00:00-04:00,100.91000366210938,102.6500015258789,100.73999786376953,101.76000213623047,6248000,0.0,0.0
2022-10-27 00:00:00-04:00,95.9000015258789,100.2699966430664,95.3499984741211,98.80999755859375,7085000,0.0,0.0
2022-10-28 00:00:00-04:00,99.68000030517578,103.45999908447266,99.58999633789062,102.5999984741211,5654700,0.0,0.0
2022-10-31 00:00:00-04:00,102.72000122070312,103.47000122070312,100.91999816894531,102.73999786376953,5317700,0.0,0.0
2022-11-01 00:00:00-04:00,103.2699966430664,104.5,102.69999694824219,104.0199966430664,5207900,0.0,0.0
2022-11-02 00:00:00-04:00,103.80999755859375,104.98999786376953,100.43000030517578,100.55999755859375,6184700,0.0,0.0
2022-11-03 00:00:00-04:00,99.56999969482422,99.80000305175781,94.33999633789062,94.56999969482422,7059500,0.0,0.0
2022-11-04 00:00:00-04:00,95.9800033569336,95.9800033569336,92.83999633789062,94.31999969482422,6052700,0.0,0.0
2022-11-07 00:00:00-05:00,95.18000030517578,96.58999633789062,94.69999694824219,96.38999938964844,4086200,0.0,0.0
2022-11-08 00:00:00-05:00,96.30000305175781,99.94999694824219,95.94999694824219,98.4800033569336,3868800,0.0,0.0
2022-11-09 00:00:00-05:00,98.30000305175781,98.30000305175781,96.12999725341797,96.18000030517578,2858100,0.0,0.0
2022-11-10 00:00:00-05:00,101.43000030517578,101.98999786376953,99.88999938964844,101.0,5850200,0.0,0.0
2022-11-11 00:00:00-05:00,101.02999877929688,101.72000122070312,99.97000122070312,100.47000122070312,5989600,0.0,0.0
2022-11-14 00:00:00-05:00,100.5999984741211,102.44000244140625,99.44999694824219,100.01000213623047,3763300,0.0,0.0
2022-11-15 00:00:00-05:00,102.25,102.62999725341797,99.41000366210938,100.3499984741211,4595900,0.0,0.0
2022-11-16 00:00:00-05:00,100.97000122070312,101.26000213623047,99.62000274658203,99.9800033569336,4188600,0.0,0.0
2022-11-17 00:00:00-05:00,98.52999877929688,99.05999755859375,97.83999633789062,98.58999633789062,4352500,0.0,0.0
2022-11-18 00:00:00-05:00,99.7699966430664,100.87000274658203,98.38999938964844,99.86000061035156,3367600,0.0,0.0
2022-11-21 00:00:00-05:00,99.66999816894531,100.58000183105469,99.01000213623047,99.37999725341797,2720400,0.0,0.0
2022-11-22 00:00:00-05:00,99.8499984741211,101.11000061035156,98.94999694824219,100.98999786376953,2889200,0.0,0.0
2022-11-23 00:00:00-05:00,100.98999786376953,102.43000030517578,100.7699966430664,102.08000183105469,2259600,0.0,0.0
2022-11-25 00:00:00-05:00,102.08000183105469,103.4800033569336,101.87000274658203,102.48999786376953,1446700,0.0,0.0
2022-11-28 00:00:00-05:00,102.1500015258789,102.88999938964844,101.47000122070312,101.76000213623047,2867800,0.0,0.0
2022-11-29 00:00:00-05:00,101.73999786376953,102.75,101.20999908447266,101.5199966430664,3194500,0.0,0.0
2022-11-30 00:00:00-05:00,100.72000122070312,104.98999786376953,100.72000122070312,104.36000061035156,5573000,0.0,0.0
2022-12-01 00:00:00-05:00,104.36000061035156,105.5,103.9800033569336,105.02999877929688,3086900,0.0,0.0
2022-12-02 00:00:00-05:00,103.37000274658203,105.8499984741211,103.37000274658203,105.45999908447266,2881700,0.0,0.0
2022-12-05 00:00:00-05:00,104.75,104.75,101.62999725341797,102.19000244140625,3411800,0.0,0.0
2022-12-06 00:00:00-05:00,102.54000091552734,102.61000061035156,99.91000366210938,100.3499984741211,2342200,0.0,0.0
2022-12-07 00:00:00-05:00,100.61000061035156,101.1500015258789,99.55999755859375,100.48999786376953,2361700,0.0,0.0
2022-12-08 00:00:00-05:00,100.9800033569336,102.08000183105469,100.51000213623047,101.45999908447266,2063200,0.0,0.0
2022-12-09 00:00:00-05:00,101.04000091552734,101.86000061035156,100.56999969482422,100.63999938964844,1763300,0.0,0.0
2022-12-12 00:00:00-05:00,101.43000030517578,102.72000122070312,100.55999755859375,102.47000122070312,2212200,0.0,0.0
2022-12-13 00:00:00-05:00,106.22000122070312,106.2300033569336,100.55000305175781,101.55999755859375,3585700,0.0,0.0
2022-12-14 00:00:00-05:00,101.9000015258789,103.87999725341797,100.9800033569336,101.91000366210938,3456900,0.0,0.0
2022-12-15 00:00:00-05:00,100.43000030517578,101.16000366210938,98.13999938964844,98.47000122070312,3223000,0.0,0.0
2022-12-16 00:00:00-05:00,97.9000015258789,99.20999908447266,97.25,98.58000183105469,8253300,0.0,0.0
2022-12-19 00:00:00-05:00,98.9800033569336,100.2300033569336,98.26000213623047,98.66999816894531,3912400,0.0,0.0
2022-12-20 00:00:00-05:00,98.54000091552734,100.06999969482422,98.31999969482422,99.55999755859375,2942100,0.0,0.0
2022-12-21 00:00:00-05:00,100.04000091552734,101.95999908447266,99.9000015258789,101.13999938964844,2906300,0.0,0.0
2022-12-22 00:00:00-05:00,100.37999725341797,101.06999969482422,97.80000305175781,99.54000091552734,2258100,0.0,0.0
2022-12-23 00:00:00-05:00,99.37999725341797,100.66999816894531,98.81999969482422,100.45999908447266,1446700,0.0,0.0
2022-12-27 00:00:00-05:00,100.5,101.19000244140625,100.06999969482422,100.81999969482422,1560700,0.0,0.0
2022-12-28 00:00:00-05:00,100.98999786376953,101.81999969482422,99.87999725341797,99.91000366210938,1906500,0.0,0.0
2022-12-29 00:00:00-05:00,100.5,102.0199966430664,100.05000305175781,101.5,1943700,0.0,0.0
2022-12-30 00:00:00-05:00,100.69000244140625,101.0999984741211,99.75,101.06999969482422,1956000,0.0,0.0
2023-01-03 00:00:00-05:00,101.72000122070312,102.69999694824219,100.4000015258789,101.20999908447266,2269300,0.0,0.0
2023-01-04 00:00:00-05:00,102.11000061035156,103.0199966430664,101.0,102.05999755859375,3436500,0.0,0.0
2023-01-05 00:00:00-05:00,101.26000213623047,101.2699966430664,98.80999755859375,99.4000015258789,4282200,0.0,0.0
2023-01-06 00:00:00-05:00,100.02999877929688,102.75,99.8499984741211,102.18000030517578,3040900,0.0,0.0
2023-01-09 00:00:00-05:00,100.19999694824219,102.62999725341797,100.19999694824219,102.06999969482422,2811800,0.0,0.0
2023-01-10 00:00:00-05:00,101.79000091552734,102.18000030517578,100.13999938964844,101.04000091552734,2410800,0.0,0.0
2023-01-11 00:00:00-05:00,101.26000213623047,101.58999633789062,100.16999816894531,101.52999877929688,2355300,0.0,0.0
2023-01-12 00:00:00-05:00,101.19999694824219,102.5999984741211,101.0999984741211,102.41999816894531,2681200,0.0,0.0
2023-01-13 00:00:00-05:00,102.19000244140625,102.83000183105469,101.29000091552734,102.55999755859375,3881200,0.0,0.0
2023-01-17 00:00:00-05:00,102.95999908447266,104.11000061035156,102.83000183105469,104.01000213623047,3697100,0.0,0.0
2023-01-18 00:00:00-05:00,104.2300033569336,105.0999984741211,103.19999694824219,103.2300033569336,3269500,0.0,0.0
2023-01-19 00:00:00-05:00,102.9000015258789,103.56999969482422,101.91000366210938,102.18000030517578,2666600,0.0,0.0
2023-01-20 00:00:00-05:00,102.06999969482422,104.16000366210938,101.58000183105469,104.05000305175781,2444300,0.0,0.0
2023-01-23 00:00:00-05:00,104.33000183105469,106.30000305175781,104.08000183105469,105.55000305175781,2391300,0.0,0.0
2023-01-24 00:00:00-05:00,105.79000091552734,105.87000274658203,103.55999755859375,103.70999908447266,3218000,0.0,0.0
2023-01-25 00:00:00-05:00,102.56999969482422,104.51000213623047,101.72000122070312,104.4000015258789,1749100,0.0,0.0
2023-01-26 00:00:00-05:00,105.16999816894531,106.30000305175781,104.41000366210938,106.26000213623047,2030800,0.0,0.0
2023-01-27 00:00:00-05:00,106.04000091552734,107.1500015258789,105.94000244140625,106.48999786376953,2091600,0.0,0.0
2023-01-30 00:00:00-05:00,105.62000274658203,106.76000213623047,105.2300033569336,105.75,3116100,0.0,0.0
2023-01-31 00:00:00-05:00,106.16999816894531,106.69000244140625,105.80999755859375,106.68000030517578,2434200,0.0,0.0
2023-02-01 00:00:00-05:00,105.94000244140625,108.63999938964844,105.6500015258789,108.16000366210938,2906200,0.0,0.0
2023-02-02 00:00:00-05:00,108.77999877929688,110.0199966430664,107.20999908447266,107.5999984741211,3905000,0.0,0.0
2023-02-03 00:00:00-05:00,105.45999908447266,107.08000183105469,105.0999984741211,106.5999984741211,3451600,0.0,0.0
2023-02-06 00:00:00-05:00,105.88999938964844,106.5999984741211,105.5199966430664,106.4000015258789,3958900,0.0,0.0
2023-02-07 00:00:00-05:00,109.25,115.5,109.11000061035156,115.27999877929688,7774900,0.0,0.0
2023-02-08 00:00:00-05:00,115.27999877929688,117.1500015258789,114.9000015258789,115.9000015258789,4156800,0.0,0.0
2023-02-09 00:00:00-05:00,116.79000091552734,117.48999786376953,115.72000122070312,116.5,4673800,0.0,0.0
2023-02-10 00:00:00-05:00,116.20999908447266,116.68000030517578,114.83000183105469,115.63999938964844,3918300,0.0,0.0
2023-02-13 00:00:00-05:00,114.51000213623047,116.63999938964844,114.12000274658203,116.44999694824219,3467000,0.0,0.0
2023-02-14 00:00:00-05:00,116.0,117.19999694824219,115.05999755859375,116.01000213623047,2782400,0.0,0.0
2023-02-15 00:00:00-05:00,115.51000213623047,118.0199966430664,114.9800033569336,117.73999786376953,3246800,0.0,0.0
2023-02-16 00:00:00-05:00,116.19000244140625,118.05000305175781,115.86000061035156,115.94999694824219,2517900,0.0,0.0
2023-02-17 00:00:00-05:00,116.18000030517578,116.18000030517578,114.68000030517578,115.37000274658203,2820200,0.0,0.0
2023-02-21 00:00:00-05:00,114.6500015258789,115.31999969482422,113.72000122070312,113.81999969482422,2789600,0.0,0.0
2023-02-22 00:00:00-05:00,114.29000091552734,114.29000091552734,112.7300033569336,113.0999984741211,3227200,0.0,0.0
2023-02-23 00:00:00-05:00,114.70999908447266,116.98999786376953,114.12999725341797,116.54000091552734,5156400,0.0,0.0
2023-02-24 00:00:00-05:00,114.88999938964844,115.22000122070312,114.16999816894531,114.44999694824219,3880800,0.0,0.0
2023-02-27 00:00:00-05:00,116.5199966430664,116.5199966430664,114.37999725341797,114.70999908447266,3382200,0.0,0.0
2023-02-28 00:00:00-05:00,114.52999877929688,116.22000122070312,114.41999816894531,115.08999633789062,3172900,0.0,0.0
2023-03-01 00:00:00-05:00,114.73999786376953,115.9800033569336,113.91999816894531,115.80999755859375,3184200,0.0,0.0
2023-03-02 00:00:00-05:00,116.0,117.56999969482422,115.51000213623047,117.05999755859375,3733700,0.0,0.0
2023-03-03 00:00:00-05:00,117.1500015258789,118.29000091552734,117.04000091552734,118.26000213623047,3050600,0.0,0.0
2023-03-06 00:00:00-05:00,118.37999725341797,119.4800033569336,118.0,118.05999755859375,2237200,0.0,0.0
2023-03-07 00:00:00-05:00,118.16000366210938,118.77999877929688,116.86000061035156,117.25,2457600,0.0,0.0
2023-03-08 00:00:00-05:00,117.11000061035156,117.5999984741211,116.76000213623047,117.06999969482422,2476900,0.0,0.0
2023-03-09 00:00:00-05:00,116.91999816894531,118.47000122070312,115.30000305175781,115.41000366210938,2742700,0.0,0.0
2023-03-10 00:00:00-05:00,114.8499984741211,114.8499984741211,110.87999725341797,111.83000183105469,4708100,0.0,0.0
2023-03-13 00:00:00-04:00,110.55000305175781,110.5999984741211,103.98999786376953,104.25,9819900,0.0,0.0
2023-03-14 00:00:00-04:00,108.06999969482422,112.30000305175781,107.0,110.52999877929688,9400600,0.0,0.0
2023-03-15 00:00:00-04:00,109.16999816894531,109.66999816894531,107.12000274658203,109.26000213623047,5686500,0.0,0.0
2023-03-16 00:00:00-04:00,108.12999725341797,109.80000305175781,106.5199966430664,109.48999786376953,5951500,0.0,0.0
2023-03-17 00:00:00-04:00,109.06999969482422,110.08999633789062,107.76000213623047,108.16999816894531,8972200,0.0,0.0
2023-03-20 00:00:00-04:00,108.58000183105469,111.06999969482422,108.30999755859375,110.80999755859375,4695000,0.0,0.0
2023-03-21 00:00:00-04:00,112.91999816894531,114.26000213623047,111.7300033569336,113.04000091552734,4124000,0.0,0.0
2023-03-22 00:00:00-04:00,112.80000305175781,114.36000061035156,111.30000305175781,111.3499984741211,3848800,0.0,0.0
2023-03-23 00:00:00-04:00,110.9800033569336,113.36000061035156,110.37999725341797,111.0999984741211,3432200,0.0,0.0
2023-03-24 00:00:00-04:00,109.7699966430664,112.68000030517578,109.12999725341797,112.5199966430664,3377500,0.0,0.0
2023-03-27 00:00:00-04:00,113.5199966430664,114.08000183105469,111.6500015258789,111.7699966430664,3054300,0.0,0.0
2023-03-28 00:00:00-04:00,111.36000061035156,111.51000213623047,110.68000030517578,111.27999877929688,2762400,0.0,0.0
2023-03-29 00:00:00-04:00,112.20999908447266,112.5,111.22000122070312,111.83999633789062,2936100,0.0,0.0
2023-03-30 00:00:00-04:00,112.66000366210938,113.69000244140625,112.0,113.0,2222300,0.0,0.0
2023-03-31 00:00:00-04:00,113.79000091552734,113.9000015258789,112.5999984741211,113.02999877929688,3874100,0.0,0.0
2023-04-03 00:00:00-04:00,112.56999969482422,113.0999984741211,111.91000366210938,112.83000183105469,3303300,0.0,0.0
2023-04-04 00:00:00-04:00,113.06999969482422,113.3499984741211,111.08000183105469,111.58999633789062,2364700,0.0,0.0
2023-04-05 00:00:00-04:00,111.29000091552734,112.44999694824219,111.0999984741211,112.33999633789062,2376600,0.0,0.0
2023-04-06 00:00:00-04:00,112.33999633789062,113.38999938964844,111.9800033569336,113.01000213623047,2456900,0.0,0.0
2023-04-10 00:00:00-04:00,112.55000305175781,113.75,112.3499984741211,113.70999908447266,1749100,0.0,0.0
2023-04-11 00:00:00-04:00,114.31999969482422,115.27999877929688,113.86000061035156,114.83000183105469,3166400,0.0,0.0
2023-04-12 00:00:00-04:00,115.62000274658203,116.02999877929688,113.69999694824219,114.48999786376953,4208500,0.0,0.0
2023-04-13 00:00:00-04:00,114.7300033569336,115.97000122070312,114.30000305175781,115.72000122070312,2647500,0.0,0.0
2023-04-14 00:00:00-04:00,115.8499984741211,116.52999877929688,114.38999938964844,115.58999633789062,2327000,0.0,0.0
2023-04-17 00:00:00-04:00,115.58999633789062,117.19999694824219,115.37999725341797,117.11000061035156,2541600,0.0,0.0
2023-04-18 00:00:00-04:00,117.48999786376953,117.75,116.47000122070312,117.11000061035156,2561100,0.0,0.0
2023-04-19 00:00:00-04:00,117.30000305175781,117.55000305175781,116.25,117.08000183105469,2276300,0.0,0.0
2023-04-20 00:00:00-04:00,116.9000015258789,117.41000366210938,116.4800033569336,116.80999755859375,3019800,0.0,0.0
2023-04-21 00:00:00-04:00,116.5,117.12999725341797,116.18000030517578,116.95999908447266,2081300,0.0,0.0
2023-04-24 00:00:00-04:00,116.93000030517578,118.2300033569336,116.83000183105469,117.30000305175781,3926800,0.0,0.0
2023-04-25 00:00:00-04:00,118.22000122070312,122.38999938964844,118.16000366210938,120.08999633789062,7399200,0.0,0.0
2023-04-26 00:00:00-04:00,119.41999816894531,120.91999816894531,117.75,118.37999725341797,3457500,0.0,0.0
2023-04-27 00:00:00-04:00,119.4800033569336,120.04000091552734,118.58999633789062,119.5999984741211,3018700,0.0,0.0
2023-04-28 00:00:00-04:00,119.48999786376953,122.16999816894531,119.16000366210938,122.12000274658203,2767700,0.0,0.0
2023-05-01 00:00:00-04:00,121.66000366210938,122.36000061035156,121.30999755859375,121.44000244140625,2012500,0.0,0.0
2023-05-02 00:00:00-04:00,121.30000305175781,121.72000122070312,118.41999816894531,119.26000213623047,2543700,0.0,0.0
2023-05-03 00:00:00-04:00,119.69999694824219,121.16999816894531,118.95999908447266,119.33999633789062,1729200,0.0,0.0
2023-05-04 00:00:00-04:00,119.19999694824219,119.63999938964844,116.94999694824219,117.77999877929688,2523000,0.0,0.0
2023-05-05 00:00:00-04:00,118.58999633789062,120.62000274658203,118.22000122070312,120.30000305175781,2163200,0.0,0.0
2023-05-08 00:00:00-04:00,119.63999938964844,120.16000366210938,118.81999969482422,119.5,2189300,0.0,0.0
2023-05-09 00:00:00-04:00,118.98999786376953,119.63999938964844,118.05000305175781,119.38999938964844,2393500,0.0,0.0
2023-05-10 00:00:00-04:00,120.0999984741211,120.41000366210938,117.38999938964844,118.3499984741211,2434300,0.0,0.0
2023-05-11 00:00:00-04:00,118.22000122070312,119.75,117.45999908447266,119.3499984741211,1856900,0.0,0.0
2023-05-12 00:00:00-04:00,119.75,120.33000183105469,118.72000122070312,119.44999694824219,1711600,0.0,0.0
2023-05-15 00:00:00-04:00,119.44999694824219,119.8499984741211,119.04000091552734,119.72000122070312,1805000,0.0,0.0
2023-05-16 00:00:00-04:00,119.56999969482422,119.91000366210938,118.58000183105469,118.68000030517578,1752800,0.0,0.0
2023-05-17 00:00:00-04:00,118.80000305175781,120.31999969482422,118.75,119.69000244140625,2599000,0.0,0.0
2023-05-18 00:00:00-04:00,119.45999908447266,120.19000244140625,118.83000183105469,120.16000366210938,3212000,0.0,0.0
2023-05-19 00:00:00-04:00,120.48999786376953,120.83000183105469,119.29000091552734,119.54000091552734,3224600,0.0,0.0
2023-05-22 00:00:00-04:00,119.9800033569336,120.26000213623047,119.33000183105469,119.54000091552734,2042000,0.0,0.0
2023-05-23 00:00:00-04:00,118.41000366210938,119.83999633789062,117.75,118.2699966430664,2173400,0.0,0.0
2023-05-24 00:00:00-04:00,117.75,117.83999633789062,115.91999816894531,116.47000122070312,2623900,0.0,0.0
2023-05-25 00:00:00-04:00,115.37999725341797,116.05000305175781,112.48999786376953,112.80999755859375,5620400,0.0,0.0
2023-05-26 00:00:00-04:00,112.68000030517578,114.0,112.0999984741211,113.7699966430664,4027300,0.0,0.0
2023-05-30 00:00:00-04:00,113.7699966430664,113.83000183105469,111.37999725341797,112.95999908447266,4087400,0.0,0.0
2023-05-31 00:00:00-04:00,112.29000091552734,112.95999908447266,110.30999755859375,112.19000244140625,16398300,0.0,0.0
2023-06-01 00:00:00-04:00,112.0999984741211,113.2300033569336,111.5999984741211,112.75,4084300,0.0,0.0
2023-06-02 00:00:00-04:00,113.41000366210938,114.3499984741211,112.8499984741211,113.9000015258789,4526900,0.0,0.0
2023-06-05 00:00:00-04:00,113.9000015258789,114.29000091552734,111.7699966430664,112.2300033569336,5873100,0.0,0.0
2023-06-06 00:00:00-04:00,112.54000091552734,116.06999969482422,112.4800033569336,114.2300033569336,31735400,0.0,0.0
2023-06-07 00:00:00-04:00,115.5,116.0,113.56999969482422,115.77999877929688,3075700,0.0,0.0
2023-06-08 00:00:00-04:00,115.87000274658203,116.29000091552734,115.05999755859375,115.29000091552734,2963500,0.0,0.0
2023-06-09 00:00:00-04:00,115.80999755859375,117.25,115.0199966430664,116.81999969482422,2635900,0.0,0.0
2023-06-12 00:00:00-04:00,117.05000305175781,117.7699966430664,116.63999938964844,117.62999725341797,3573000,0.0,0.0
2023-06-13 00:00:00-04:00,117.91000366210938,119.01000213623047,117.66999816894531,118.76000213623047,3709500,0.0,0.0
2023-06-14 00:00:00-04:00,119.44999694824219,121.48999786376953,119.33000183105469,120.0,4561600,0.0,0.0
2023-06-15 00:00:00-04:00,118.86000061035156,120.94000244140625,118.44999694824219,120.3499984741211,3082900,0.0,0.0
2023-06-16 00:00:00-04:00,120.7300033569336,120.86000061035156,119.4000015258789,119.95999908447266,6419600,0.0,0.0
2023-06-20 00:00:00-04:00,118.91000366210938,120.29000091552734,118.9000015258789,119.56999969482422,2530300,0.0,0.0
2023-06-21 00:00:00-04:00,119.01000213623047,120.52999877929688,118.38999938964844,120.02999877929688,2227000,0.0,0.0
2023-06-22 00:00:00-04:00,119.80000305175781,120.55000305175781,119.1500015258789,120.54000091552734,1666200,0.0,0.0
2023-06-23 00:00:00-04:00,120.01000213623047,120.9000015258789,119.0,120.48999786376953,4278400,0.0,0.0
2023-06-26 00:00:00-04:00,120.02999877929688,121.72000122070312,119.69000244140625,120.16000366210938,2302100,0.0,0.0
2023-06-27 00:00:00-04:00,120.51000213623047,122.43000030517578,120.1500015258789,122.4000015258789,2593500,0.0,0.0
2023-06-28 00:00:00-04:00,122.72000122070312,123.80999755859375,122.5,122.94999694824219,2940200,0.0,0.0
2023-06-29 00:00:00-04:00,123.01000213623047,124.1500015258789,123.01000213623047,124.05000305175781,2561600,0.0,0.0
2023-06-30 00:00:00-04:00,124.91000366210938,126.55000305175781,124.68000030517578,126.1500015258789,3081700,0.0,0.0
2023-07-03 00:00:00-04:00,125.69000244140625,126.16000366210938,125.27999877929688,125.94999694824219,1395600,0.0,0.0
2023-07-05 00:00:00-04:00,125.27999877929688,125.94000244140625,124.16000366210938,124.9000015258789,3509000,0.0,0.0
2023-07-06 00:00:00-04:00,123.98999786376953,125.75,123.44000244140625,125.38999938964844,2260300,0.0,0.0
2023-07-07 00:00:00-04:00,124.66000366210938,125.83000183105469,124.5199966430664,125.19999694824219,2004600,0.0,0.0
2023-07-10 00:00:00-04:00,125.51000213623047,127.08999633789062,125.11000061035156,126.88999938964844,2588900,0.0,0.0
2023-07-11 00:00:00-04:00,126.93000030517578,127.66000366210938,126.52999877929688,126.98999786376953,1903500,0.0,0.0
2023-07-12 00:00:00-04:00,128.0,128.02999877929688,126.98999786376953,127.56999969482422,2212300,0.0,0.0
2023-07-13 00:00:00-04:00,127.4000015258789,128.85000610351562,127.4000015258789,128.67999267578125,2366100,0.0,0.0
2023-07-14 00:00:00-04:00,128.47999572753906,128.69000244140625,127.52999877929688,128.0,1829500,0.0,0.0
2023-07-17 00:00:00-04:00,127.9000015258789,129.14999389648438,127.27999877929688,128.50999450683594,1822700,0.0,0.0
2023-07-18 00:00:00-04:00,128.22000122070312,129.5,127.02999877929688,129.32000732421875,2063000,0.0,0.0
2023-07-19 00:00:00-04:00,129.24000549316406,129.38999938964844,127.5999984741211,127.62999725341797,3417700,0.0,0.0
2023-07-20 00:00:00-04:00,128.11000061035156,129.55999755859375,127.5999984741211,129.3800048828125,2625700,0.0,0.0
2023-07-21 00:00:00-04:00,129.74000549316406,130.25,128.5,128.52999877929688,2409000,0.0,0.0
2023-07-24 00:00:00-04:00,129.36000061035156,130.16000366210938,128.91000366210938,129.75,2706800,0.0,0.0
2023-07-25 00:00:00-04:00,129.4199981689453,130.74000549316406,128.82000732421875,130.05999755859375,3114400,0.0,0.0
2023-07-26 00:00:00-04:00,124.73999786376953,128.38999938964844,122.5999984741211,127.30000305175781,4829300,0.0,0.0
2023-07-27 00:00:00-04:00,128.07000732421875,128.07000732421875,122.93000030517578,123.51000213623047,3923900,0.0,0.0
2023-07-28 00:00:00-04:00,124.66999816894531,125.12999725341797,123.75,124.98999786376953,3294100,0.0,0.0
2023-07-31 00:00:00-04:00,125.66000366210938,126.54000091552734,125.36000061035156,126.20999908447266,2811200,0.0,0.0
2023-08-01 00:00:00-04:00,125.95999908447266,127.2300033569336,125.30000305175781,126.97000122070312,2064300,0.0,0.0
2023-08-02 00:00:00-04:00,126.19999694824219,126.88999938964844,124.43000030517578,124.55999755859375,2206000,0.0,0.0
2023-08-03 00:00:00-04:00,124.25,125.55999755859375,123.94999694824219,125.18000030517578,1784100,0.0,0.0
2023-08-04 00:00:00-04:00,124.9800033569336,125.69999694824219,124.0999984741211,124.81999969482422,1789100,0.0,0.0
2023-08-07 00:00:00-04:00,125.58000183105469,126.18000030517578,125.08000183105469,125.87999725341797,1493100,0.0,0.0
2023-08-08 00:00:00-04:00,124.81999969482422,125.48999786376953,124.30999755859375,125.19999694824219,1553100,0.0,0.0
2023-08-09 00:00:00-04:00,125.58999633789062,126.31999969482422,124.94999694824219,125.05000305175781,1681400,0.0,0.0
2023-08-10 00:00:00-04:00,126.01000213623047,126.94999694824219,125.72000122070312,126.01000213623047,1880100,0.0,0.0
2023-08-11 00:00:00-04:00,126.01000213623047,126.18000030517578,124.9800033569336,125.58999633789062,1338400,0.0,0.0
2023-08-14 00:00:00-04:00,125.5,126.30000305175781,124.20999908447266,124.47000122070312,2168800,0.0,0.0
2023-08-15 00:00:00-04:00,123.88999938964844,124.55000305175781,122.94999694824219,123.16999816894531,1950700,0.0,0.0
2023-08-16 00:00:00-04:00,123.4800033569336,123.4800033569336,121.61000061035156,121.77999877929688,1994800,0.0,0.0
2023-08-17 00:00:00-04:00,122.12999725341797,122.29000091552734,120.18000030517578,120.33000183105469,2428200,0.0,0.0
2023-08-18 00:00:00-04:00,119.31999969482422,120.80000305175781,119.31999969482422,120.08000183105469,2223700,0.0,0.0
2023-08-21 00:00:00-04:00,120.08999633789062,120.44000244140625,118.56999969482422,119.08999633789062,1767700,0.0,0.0
2023-08-22 00:00:00-04:00,119.5999984741211,119.69999694824219,118.9000015258789,119.26000213623047,1631800,0.0,0.0
2023-08-23 00:00:00-04:00,119.80000305175781,121.0199966430664,119.08999633789062,120.41000366210938,1673800,0.0,0.0
2023-08-24 00:00:00-04:00,120.41999816894531,121.30000305175781,120.20999908447266,120.66000366210938,2085900,0.0,0.0
2023-08-25 00:00:00-04:00,121.33999633789062,122.01000213623047,120.55000305175781,121.4800033569336,1894500,0.0,0.0
2023-08-28 00:00:00-04:00,122.05999755859375,122.83000183105469,121.79000091552734,122.73999786376953,1354200,0.0,0.0
2023-08-29 00:00:00-04:00,122.62999725341797,123.23999786376953,122.12000274658203,122.7300033569336,1457700,0.0,0.0
2023-08-30 00:00:00-04:00,122.51000213623047,122.97000122070312,121.87999725341797,122.58999633789062,1765700,0.0,0.0
2023-08-31 00:00:00-04:00,122.75,122.97000122070312,120.9800033569336,121.38999938964844,2869700,0.0,0.0
2023-09-01 00:00:00-04:00,122.22000122070312,123.02999877929688,121.51000213623047,122.80999755859375,1777200,0.0,0.0
2023-09-05 00:00:00-04:00,122.77999877929688,123.62999725341797,121.62000274658203,121.80999755859375,2119500,0.0,0.0
2023-09-06 00:00:00-04:00,121.9000015258789,122.9800033569336,121.72000122070312,122.5,1892400,0.0,0.0
2023-09-07 00:00:00-04:00,122.58000183105469,123.3499984741211,122.1500015258789,123.0999984741211,2346200,0.0,0.0
2023-09-08 00:00:00-04:00,123.26000213623047,123.73999786376953,121.26000213623047,121.5999984741211,2263800,0.0,0.0
2023-09-11 00:00:00-04:00,121.73999786376953,122.44999694824219,121.3499984741211,121.68000030517578,2075900,0.0,0.0
2023-09-12 00:00:00-04:00,121.51000213623047,122.36000061035156,120.94999694824219,121.6500015258789,2290700,0.0,0.0
2023-09-13 00:00:00-04:00,121.41000366210938,121.68000030517578,120.4800033569336,121.30000305175781,2596200,0.0,0.0
2023-09-14 00:00:00-04:00,121.95999908447266,122.5999984741211,121.26000213623047,122.19999694824219,1930900,0.0,0.0
2023-09-15 00:00:00-04:00,121.31999969482422,122.62000274658203,120.91999816894531,121.05000305175781,5493700,0.0,0.0
2023-09-18 00:00:00-04:00,121.05000305175781,121.37000274658203,120.16999816894531,121.19999694824219,2077100,0.0,0.0
2023-09-19 00:00:00-04:00,121.13999938964844,121.33999633789062,120.12999725341797,120.69000244140625,1702800,0.0,0.0
2023-09-20 00:00:00-04:00,120.76000213623047,121.26000213623047,119.56999969482422,119.69000244140625,1444400,0.0,0.0
2023-09-21 00:00:00-04:00,119.04000091552734,119.12999725341797,116.66000366210938,116.72000122070312,3260400,0.0,0.0
2023-09-22 00:00:00-04:00,116.73999786376953,116.94999694824219,115.63999938964844,116.08000183105469,2238600,0.0,0.0
2023-09-25 00:00:00-04:00,115.63999938964844,116.37999725341797,115.45999908447266,116.08999633789062,1513200,0.0,0.0
2023-09-26 00:00:00-04:00,115.27999877929688,115.95999908447266,114.5,114.55999755859375,2147800,0.0,0.0
2023-09-27 00:00:00-04:00,114.86000061035156,115.41000366210938,112.4000015258789,113.19000244140625,3084600,0.0,0.0
2023-09-28 00:00:00-04:00,113.25,113.91000366210938,113.01000213623047,113.55000305175781,2599700,0.0,0.0
2023-09-29 00:00:00-04:00,114.0,114.31999969482422,112.52999877929688,112.95999908447266,2376300,0.0,0.0
2023-10-02 00:00:00-04:00,112.08999633789062,113.36000061035156,111.79000091552734,112.8499984741211,2289800,0.0,0.0
2023-10-03 00:00:00-04:00,111.94000244140625,112.16999816894531,110.16000366210938,111.05000305175781,2696900,0.0,0.0
2023-10-04 00:00:00-04:00,111.27999877929688,113.08999633789062,110.41999816894531,112.97000122070312,3170600,0.0,0.0
2023-10-05 00:00:00-04:00,112.7300033569336,113.33999633789062,111.77999877929688,113.1500015258789,2613300,0.0,0.0
2023-10-06 00:00:00-04:00,113.25,114.94999694824219,112.76000213623047,114.05999755859375,2044500,0.0,0.0
2023-10-09 00:00:00-04:00,112.63999938964844,114.83000183105469,112.63999938964844,114.36000061035156,2041000,0.0,0.0
2023-10-10 00:00:00-04:00,114.5199966430664,115.18000030517578,113.91999816894531,114.6500015258789,1673700,0.0,0.0
2023-10-11 00:00:00-04:00,114.87000274658203,115.4800033569336,112.68000030517578,113.55000305175781,2313900,0.0,0.0
2023-10-12 00:00:00-04:00,113.27999877929688,113.95999908447266,111.94999694824219,112.68000030517578,1740500,0.0,0.0
2023-10-13 00:00:00-04:00,112.47000122070312,113.3499984741211,111.87000274658203,112.4800033569336,2067900,0.0,0.0
2023-10-16 00:00:00-04:00,113.91999816894531,114.12000274658203,112.8499984741211,113.58000183105469,2247700,0.0,0.0
2023-10-17 00:00:00-04:00,113.05999755859375,115.37999725341797,112.80999755859375,114.98999786376953,3164000,0.0,0.0
2023-10-18 00:00:00-04:00,114.8499984741211,114.87999725341797,112.9000015258789,113.08000183105469,1990200,0.0,0.0
2023-10-19 00:00:00-04:00,112.9000015258789,113.83000183105469,111.58000183105469,111.97000122070312,2760800,0.0,0.0
2023-10-20 00:00:00-04:00,112.86000061035156,113.2300033569336,110.26000213623047,110.5,3295100,0.0,0.0
2023-10-23 00:00:00-04:00,109.9000015258789,110.9800033569336,109.12000274658203,109.61000061035156,4488300,0.0,0.0
2023-10-24 00:00:00-04:00,113.13999938964844,116.79000091552734,112.41000366210938,115.44999694824219,6064100,0.0,0.0
2023-10-25 00:00:00-04:00,114.8499984741211,117.13999938964844,113.91999816894531,114.12000274658203,5210800,0.0,0.0
2023-10-26 00:00:00-04:00,114.08999633789062,115.30000305175781,113.0,114.26000213623047,4179800,0.0,0.0
2023-10-27 00:00:00-04:00,114.13999938964844,114.9000015258789,112.16999816894531,112.45999908447266,2952700,0.0,0.0
2023-10-30 00:00:00-04:00,113.2699966430664,113.61000061035156,111.52999877929688,112.94000244140625,2655700,0.0,0.0
2023-10-31 00:00:00-04:00,113.63999938964844,114.91999816894531,113.11000061035156,113.75,2978900,0.0,0.0
2023-11-01 00:00:00-04:00,114.08000183105469,115.22000122070312,113.58999633789062,114.93000030517578,2387300,0.0,0.0
2023-11-02 00:00:00-04:00,115.87999725341797,117.87000274658203,114.31999969482422,117.80999755859375,2807500,0.0,0.0
2023-11-03 00:00:00-04:00,119.30999755859375,120.11000061035156,118.7699966430664,119.54000091552734,2724800,0.0,0.0
2023-11-06 00:00:00-05:00,119.41999816894531,119.9800033569336,118.77999877929688,119.63999938964844,1947400,0.0,0.0
2023-11-07 00:00:00-05:00,119.77999877929688,119.94000244140625,118.98999786376953,119.20999908447266,2340300,0.0,0.0
2023-11-08 00:00:00-05:00,119.2300033569336,120.72000122070312,118.66000366210938,120.12999725341797,2737200,0.0,0.0
2023-11-09 00:00:00-05:00,119.66000366210938,119.91999816894531,118.41999816894531,119.37999725341797,2697600,0.0,0.0
2023-11-10 00:00:00-05:00,119.94999694824219,121.83999633789062,119.51000213623047,121.51000213623047,2093800,0.0,0.0
2023-11-13 00:00:00-05:00,121.33999633789062,122.19999694824219,121.06999969482422,121.55999755859375,2403600,0.0,0.0
2023-11-14 00:00:00-05:00,122.41000366210938,123.12000274658203,122.0,122.16000366210938,2674100,0.0,0.0
2023-11-15 00:00:00-05:00,123.18000030517578,125.68000030517578,122.1500015258789,125.23999786376953,4259300,0.0,0.0
2023-11-16 00:00:00-05:00,126.63999938964844,127.94000244140625,124.12000274658203,124.83000183105469,4478300,0.0,0.0
2023-11-17 00:00:00-05:00,125.2699966430664,125.51000213623047,123.68000030517578,124.08000183105469,5007200,0.0,0.0
2023-11-20 00:00:00-05:00,123.9800033569336,124.44000244140625,121.87000274658203,124.08000183105469,3367100,0.0,0.0
2023-11-21 00:00:00-05:00,124.5,125.33000183105469,124.11000061035156,125.08999633789062,2795300,0.0,0.0
2023-11-22 00:00:00-05:00,125.52999877929688,125.88999938964844,125.05000305175781,125.44999694824219,1843300,0.0,0.0
2023-11-24 00:00:00-05:00,125.5,126.2699966430664,125.4800033569336,125.80000305175781,1111200,0.0,0.0
2023-11-27 00:00:00-05:00,125.41999816894531,126.62999725341797,125.41999816894531,126.52999877929688,2334800,0.0,0.0
2023-11-28 00:00:00-05:00,127.0199966430664,127.97000122070312,126.68000030517578,127.47000122070312,3003100,0.0,0.0
2023-11-29 00:00:00-05:00,127.97000122070312,129.75999450683594,127.80000305175781,129.36000061035156,3277400,0.0,0.0
2023-11-30 00:00:00-05:00,129.22000122070312,130.6999969482422,128.42999267578125,130.61000061035156,4734000,0.0,0.0
2023-12-01 00:00:00-05:00,129.97000122070312,131.25,129.63999938964844,130.61000061035156,2516400,0.0,0.0
2023-12-04 00:00:00-05:00,130.11000061035156,131.4600067138672,129.8300018310547,130.35000610351562,2466600,0.0,0.0
2023-12-05 00:00:00-05:00,130.75999450683594,130.99000549316406,129.60000610351562,130.4499969482422,2291900,0.0,0.0
2023-12-06 00:00:00-05:00,131.0,131.72000122070312,130.08999633789062,131.08999633789062,2613500,0.0,0.0
2023-12-07 00:00:00-05:00,131.5,131.5500030517578,130.27000427246094,131.4199981689453,2634400,0.0,0.0
2023-12-08 00:00:00-05:00,131.5,132.5800018310547,131.4600067138672,132.36000061035156,2364500,0.0,0.0
2023-12-11 00:00:00-05:00,133.0,134.66000366210938,132.4499969482422,133.9199981689453,3122100,0.0,0.0
2023-12-12 00:00:00-05:00,134.00999450683594,134.67999267578125,133.57000732421875,134.49000549316406,3076500,0.0,0.0
2023-12-13 00:00:00-05:00,134.14999389648438,135.36000061035156,133.38999938964844,135.22000122070312,3265800,0.0,0.0
2023-12-14 00:00:00-05:00,135.2899932861328,136.49000549316406,134.25999450683594,135.00999450683594,5353100,0.0,0.0
2023-12-15 00:00:00-05:00,133.64999389648438,134.3300018310547,132.35000610351562,133.00999450683594,7200100,0.0,0.0
2023-12-18 00:00:00-05:00,133.60000610351562,135.27000427246094,132.58999633789062,134.49000549316406,4165000,0.0,0.0
2023-12-19 00:00:00-05:00,134.0800018310547,134.77000427246094,133.55999755859375,134.17999267578125,4221800,0.0,0.0
2023-12-20 00:00:00-05:00,133.4600067138672,134.8000030517578,132.67999267578125,132.74000549316406,2780600,0.0,0.0
2023-12-21 00:00:00-05:00,133.13999938964844,134.11000061035156,132.75,133.2100067138672,2036600,0.0,0.0
2023-12-22 00:00:00-05:00,134.0,134.1999969482422,133.1199951171875,133.61000061035156,2360100,0.0,0.0
2023-12-26 00:00:00-05:00,133.42999267578125,133.5800018310547,132.36000061035156,132.58999633789062,2149500,0.0,0.0
2023-12-27 00:00:00-05:00,132.47000122070312,133.25,132.47000122070312,133.00999450683594,1762900,0.0,0.0
2023-12-28 00:00:00-05:00,132.64999389648438,133.83999633789062,132.64999389648438,133.3800048828125,1636100,0.0,0.0
2023-12-29 00:00:00-05:00,133.41000366210938,133.80999755859375,132.22000122070312,132.83999633789062,2021800,0.0,0.0
2024-01-02 00:00:00-05:00,132.3300018310547,133.6699981689453,131.94000244140625,133.0800018310547,3227800,0.0,0.0
2024-01-03 00:00:00-05:00,133.00999450683594,133.00999450683594,131.41000366210938,131.75,3710700,0.0,0.0
2024-01-04 00:00:00-05:00,132.16000366210938,133.27999877929688,131.9499969482422,133.0,2839200,0.0,0.0
2024-01-05 00:00:00-05:00,133.2100067138672,133.6999969482422,132.14999389648438,132.57000732421875,2564900,0.0,0.0
2024-01-08 00:00:00-05:00,134.3000030517578,135.27000427246094,133.6699981689453,135.22999572753906,2453500,0.0,0.0
2024-01-09 00:00:00-05:00,134.33999633789062,135.27999877929688,134.33999633789062,135.10000610351562,2322700,0.0,0.0
2024-01-10 00:00:00-05:00,136.0,136.47999572753906,134.94000244140625,135.39999389648438,2008900,0.0,0.0
2024-01-11 00:00:00-05:00,136.5,136.5,135.1300048828125,136.38999938964844,2105000,0.0,0.0
2024-01-12 00:00:00-05:00,136.99000549316406,137.14999389648438,136.25,136.9199981689453,1963200,0.0,0.0
2024-01-16 00:00:00-05:00,136.3000030517578,137.25,135.97000122070312,137.0,2702900,0.0,0.0
2024-01-17 00:00:00-05:00,137.0,137.99000549316406,136.47999572753906,137.44000244140625,3139500,0.0,0.0
2024-01-18 00:00:00-05:00,138.0,138.7100067138672,136.92999267578125,137.80999755859375,2882800,0.0,0.0
2024-01-19 00:00:00-05:00,138.2100067138672,139.35000610351562,137.64999389648438,139.02000427246094,3054000,0.0,0.0
2024-01-22 00:00:00-05:00,139.52999877929688,140.63999938964844,139.52999877929688,140.52000427246094,2082100,0.0,0.0
2024-01-23 00:00:00-05:00,140.77999877929688,141.00999450683594,140.2100067138672,140.60000610351562,2242300,0.0,0.0
2024-01-24 00:00:00-05:00,141.05999755859375,141.69000244140625,139.74000549316406,140.0,2455200,0.0,0.0
2024-01-25 00:00:00-05:00,140.88999938964844,141.08999633789062,139.7899932861328,140.66000366210938,2130800,0.0,0.0
2024-01-26 00:00:00-05:00,140.55999755859375,141.75,140.1699981689453,141.33999633789062,1972700,0.0,0.0
2024-01-29 00:00:00-05:00,140.69000244140625,143.1199951171875,140.67999267578125,142.91000366210938,2080200,0.0,0.0
2024-01-30 00:00:00-05:00,143.35000610351562,144.1999969482422,142.6199951171875,144.0500030517578,2301700,0.0,0.0
2024-01-31 00:00:00-05:00,144.41000366210938,144.82000732421875,141.85000610351562,141.8699951171875,3091900,0.0,0.0
2024-02-01 00:00:00-05:00,142.1699981689453,143.97999572753906,141.8300018310547,143.94000244140625,2337200,0.0,0.0
2024-02-02 00:00:00-05:00,144.27000427246094,145.8699951171875,143.49000549316406,144.89999389648438,2565300,0.0,0.0
2024-02-05 00:00:00-05:00,144.4600067138672,145.27999877929688,143.60000610351562,144.14999389648438,3297400,0.0,0.0
2024-02-06 00:00:00-05:00,141.6199951171875,141.88999938964844,137.1300048828125,141.08999633789062,5105400,0.0,0.0
2024-02-07 00:00:00-05:00,141.11000061035156,143.77000427246094,140.25999450683594,142.7100067138672,2906400,0.0,0.0
2024-02-08 00:00:00-05:00,142.25,143.6699981689453,142.13999938964844,143.5500030517578,2283700,0.0,0.0
2024-02-09 00:00:00-05:00,143.3800048828125,144.33999633789062,142.74000549316406,144.22999572753906,2094900,0.0,0.0
2024-02-12 00:00:00-05:00,144.30999755859375,144.86000061035156,143.6999969482422,144.22999572753906,1689600,0.0,0.0
2024-02-13 00:00:00-05:00,143.6999969482422,144.35000610351562,142.47000122070312,143.5800018310547,2116000,0.0,0.0
2024-02-14 00:00:00-05:00,144.16000366210938,145.2100067138672,142.97999572753906,144.97999572753906,2234200,0.0,0.0
2024-02-15 00:00:00-05:00,145.72999572753906,148.07000732421875,145.44000244140625,148.00999450683594,2216200,0.0,0.0
2024-02-16 00:00:00-05:00,148.32000732421875,148.64999389648438,147.30999755859375,148.0399932861328,2207500,0.0,0.0
2024-02-20 00:00:00-05:00,147.9499969482422,149.16000366210938,147.58999633789062,147.92999267578125,2542000,0.0,0.0
2024-02-21 00:00:00-05:00,147.6300048828125,147.8800048828125,146.33999633789062,147.63999938964844,2162500,0.0,0.0
2024-02-22 00:00:00-05:00,148.9499969482422,150.44000244140625,148.57000732421875,150.11000061035156,1868900,0.0,0.0
2024-02-23 00:00:00-05:00,150.19000244140625,151.55999755859375,149.60000610351562,150.75999450683594,2178700,0.0,0.0
2024-02-26 00:00:00-05:00,149.92999267578125,151.72000122070312,149.64999389648438,150.9600067138672,2487700,0.0,0.0
2024-02-27 00:00:00-05:00,150.44000244140625,151.0800018310547,149.6699981689453,150.64999389648438,1858900,0.0,0.0
2024-02-28 00:00:00-05:00,150.7899932861328,151.97000122070312,146.00999450683594,147.9499969482422,5774600,0.0,0.0
2024-02-29 00:00:00-05:00,148.58999633789062,149.97000122070312,147.47000122070312,149.27000427246094,4807500,0.0,0.0
2024-03-01 00:00:00-05:00,149.60000610351562,151.13999938964844,149.3800048828125,150.35000610351562,2169700,0.0,0.0
2024-03-04 00:00:00-05:00,150.1300048828125,150.88999938964844,149.11000061035156,149.99000549316406,2162700,0.0,0.0
2024-03-05 00:00:00-05:00,150.2100067138672,151.36000061035156,149.66000366210938,149.9499969482422,2255400,0.0,0.0
2024-03-06 00:00:00-05:00,150.50999450683594,151.5,149.9199981689453,150.63999938964844,1918100,0.0,0.0
2024-03-07 00:00:00-05:00,151.3699951171875,152.19000244140625,149.86000061035156,150.27000427246094,2106200,0.0,0.0
2024-03-08 00:00:00-05:00,150.2100067138672,151.8000030517578,149.9499969482422,151.24000549316406,1919100,0.0,0.0
2024-03-11 00:00:00-04:00,151.4499969482422,151.82000732421875,149.13999938964844,149.74000549316406,2879500,0.0,0.0
2024-03-12 00:00:00-04:00,150.0800018310547,151.25999450683594,149.77999877929688,150.64999389648438,1937500,0.0,0.0
2024-03-13 00:00:00-04:00,150.3000030517578,151.72000122070312,149.75,151.0500030517578,2784800,0.0,0.0
2024-03-14 00:00:00-04:00,151.66000366210938,151.97000122070312,149.25999450683594,149.94000244140625,2703400,0.0,0.0
2024-03-15 00:00:00-04:00,148.3000030517578,150.75999450683594,148.19000244140625,149.6300048828125,3408100,0.0,0.0
2024-03-18 00:00:00-04:00,150.07000732421875,152.4199981689453,150.07000732421875,152.14999389648438,2211100,0.0,0.0
2024-03-19 00:00:00-04:00,152.3800048828125,154.52000427246094,152.0,154.30999755859375,3068900,0.0,0.0
2024-03-20 00:00:00-04:00,154.0,155.6199951171875,153.42999267578125,155.49000549316406,2296200,0.0,0.0
2024-03-21 00:00:00-04:00,155.97999572753906,156.86000061035156,155.47999572753906,156.36000061035156,3021200,0.0,0.0
2024-03-22 00:00:00-04:00,156.5,157.3300018310547,155.9600067138672,156.2899932861328,2533000,0.0,0.0
2024-03-25 00:00:00-04:00,156.24000549316406,156.91000366210938,155.66000366210938,156.77999877929688,2272200,0.0,0.0
2024-03-26 00:00:00-04:00,157.25999450683594,158.77999877929688,157.10000610351562,158.6699981689453,3465100,0.0,0.0
2024-03-27 00:00:00-04:00,159.25,159.89999389648438,157.8000030517578,159.3300018310547,2382900,0.0,0.0
2024-03-28 00:00:00-04:00,159.6699981689453,159.99000549316406,158.8800048828125,159.82000732421875,2751400,0.0,0.0
2024-04-01 00:00:00-04:00,159.74000549316406,159.9199981689453,158.41000366210938,158.57000732421875,1866000,0.0,0.0
2024-04-02 00:00:00-04:00,158.57000732421875,159.75,157.52999877929688,158.27000427246094,1920300,0.0,0.0
2024-04-03 00:00:00-04:00,158.47999572753906,159.35000610351562,157.67999267578125,157.67999267578125,2067000,0.0,0.0
2024-04-04 00:00:00-04:00,158.60000610351562,159.1300048828125,154.77000427246094,154.91000366210938,2600100,0.0,0.0
2024-04-05 00:00:00-04:00,155.86000061035156,157.83999633789062,155.1300048828125,157.3800048828125,1691800,0.0,0.0
2024-04-08 00:00:00-04:00,157.33999633789062,158.27000427246094,156.72000122070312,157.85000610351562,1998600,0.0,0.0
2024-04-09 00:00:00-04:00,158.22999572753906,158.38999938964844,154.36000061035156,155.3800048828125,1889100,0.0,0.0
2024-04-10 00:00:00-04:00,153.7100067138672,155.1300048828125,153.50999450683594,153.77999877929688,1733800,0.0,0.0
2024-04-11 00:00:00-04:00,153.60000610351562,154.4499969482422,152.00999450683594,153.58999633789062,1763400,0.0,0.0
2024-04-12 00:00:00-04:00,152.44000244140625,153.35000610351562,150.66000366210938,151.1999969482422,2118400,0.0,0.0
2024-04-15 00:00:00-04:00,152.72000122070312,153.00999450683594,148.16000366210938,148.19000244140625,2275600,0.0,0.0
2024-04-16 00:00:00-04:00,148.61000061035156,149.16000366210938,146.05999755859375,146.39999389648438,3294100,0.0,0.0
2024-04-17 00:00:00-04:00,147.60000610351562,148.74000549316406,146.92999267578125,147.10000610351562,2949200,0.0,0.0
2024-04-18 00:00:00-04:00,146.5,147.8800048828125,146.30999755859375,146.91000366210938,1989600,0.0,0.0
2024-04-19 00:00:00-04:00,147.00999450683594,148.66000366210938,145.97999572753906,148.6199951171875,2515100,0.0,0.0
2024-04-22 00:00:00-04:00,149.27999877929688,149.77000427246094,148.0,148.8000030517578,2773000,0.0,0.0
2024-04-23 00:00:00-04:00,159.22999572753906,159.55999755859375,153.52000427246094,155.38999938964844,5334800,0.0,0.0
2024-04-24 00:00:00-04:00,155.44000244140625,155.8800048828125,151.89999389648438,152.25,2487300,0.0,0.0
2024-04-25 00:00:00-04:00,151.63999938964844,153.52000427246094,150.32000732421875,153.2899932861328,3050000,0.0,0.0
2024-04-26 00:00:00-04:00,153.10000610351562,156.9199981689453,152.72000122070312,155.88999938964844,3196500,0.0,0.0
2024-04-29 00:00:00-04:00,156.0,156.3800048828125,153.44000244140625,154.32000732421875,1940800,0.0,0.0
2024-04-30 00:00:00-04:00,153.36000061035156,153.9499969482422,152.17999267578125,152.6699981689453,2730200,0.0,0.0
2024-05-01 00:00:00-04:00,152.10000610351562,152.66000366210938,148.75999450683594,148.86000061035156,3248200,0.0,0.0
2024-05-02 00:00:00-04:00,149.85000610351562,149.85000610351562,148.42999267578125,149.1699981689453,2572300,0.0,0.0
2024-05-03 00:00:00-04:00,149.00999450683594,149.50999450683594,147.72999572753906,149.22000122070312,2942800,0.0,0.0
2024-05-06 00:00:00-04:00,149.60000610351562,150.66000366210938,149.35000610351562,150.58999633789062,2132400,0.0,0.0
2024-05-07 00:00:00-04:00,150.7100067138672,153.13999938964844,150.61000061035156,153.0399932861328,1964300,0.0,0.0
2024-05-08 00:00:00-04:00,152.89999389648438,153.61000061035156,152.02999877929688,153.2899932861328,2221500,0.0,0.0
2024-05-09 00:00:00-04:00,153.19000244140625,154.77999877929688,153.13999938964844,154.6699981689453,2408000,0.0,0.0
2024-05-10 00:00:00-04:00,155.3800048828125,155.52999877929688,154.1999969482422,154.22000122070312,2055300,0.0,0.0
2024-05-13 00:00:00-04:00,154.85000610351562,155.22999572753906,152.39999389648438,153.22000122070312,2067400,0.0,0.0
2024-05-14 00:00:00-04:00,153.47999572753906,154.25,152.60000610351562,153.67999267578125,1993200,0.0,0.0
2024-05-15 00:00:00-04:00,153.72999572753906,155.66000366210938,153.72999572753906,155.00999450683594,1692600,0.0,0.0
2024-05-16 00:00:00-04:00,155.0,155.75,152.7100067138672,152.83999633789062,2914300,0.0,0.0
2024-05-17 00:00:00-04:00,153.5,153.5,151.92999267578125,152.7100067138672,3094000,0.0,0.0
2024-05-20 00:00:00-04:00,152.72000122070312,153.0500030517578,150.75999450683594,151.33999633789062,1777000,0.0,0.0
2024-05-21 00:00:00-04:00,151.0800018310547,153.25999450683594,150.27000427246094,152.77000427246094,2101300,0.0,0.0
2024-05-22 00:00:00-04:00,152.8800048828125,153.2100067138672,151.8699951171875,152.57000732421875,1446000,0.0,0.0
2024-05-23 00:00:00-04:00,152.8300018310547,152.9199981689453,149.89999389648438,150.1999969482422,1612900,0.0,0.0
2024-05-24 00:00:00-04:00,150.88999938964844,151.25999450683594,149.8300018310547,150.33999633789062,1579900,0.0,0.0
2024-05-28 00:00:00-04:00,149.77000427246094,150.75999450683594,147.57000732421875,148.4199981689453,2217600,0.0,0.0
2024-05-29 00:00:00-04:00,147.11000061035156,148.3000030517578,146.7100067138672,147.82000732421875,2252700,0.0,0.0
2024-05-30 00:00:00-04:00,147.97999572753906,148.67999267578125,146.8000030517578,147.8800048828125,1821100,0.0,0.0
2024-05-31 00:00:00-04:00,147.8000030517578,149.86000061035156,146.7899932861328,149.75999450683594,3582600,0.0,0.0
2024-06-03 00:00:00-04:00,149.47999572753906,150.0500030517578,146.75999450683594,148.47000122070312,2571900,0.0,0.0
2024-06-04 00:00:00-04:00,147.66000366210938,148.8000030517578,147.52000427246094,147.99000549316406,2111800,0.0,0.0
2024-06-05 00:00:00-04:00,148.74000549316406,150.02999877929688,147.83999633789062,149.30999755859375,1947300,0.0,0.0
2024-06-06 00:00:00-04:00,149.36000061035156,151.36000061035156,148.8800048828125,150.55999755859375,1771200,0.0,0.0
2024-06-07 00:00:00-04:00,150.7899932861328,152.17999267578125,150.4199981689453,151.4199981689453,1835500,0.0,0.0
2024-06-10 00:00:00-04:00,150.33999633789062,150.39999389648438,148.10000610351562,149.60000610351562,2375100,0.0,0.0
2024-06-11 00:00:00-04:00,149.0800018310547,149.14999389648438,147.3800048828125,148.0,2556700,0.0,0.0
2024-06-12 00:00:00-04:00,150.6199951171875,150.67999267578125,147.67999267578125,148.02000427246094,2420200,0.0,0.0
2024-06-13 00:00:00-04:00,147.66000366210938,148.30999755859375,146.25,148.25999450683594,2025900,0.0,0.0
2024-06-14 00:00:00-04:00,147.4499969482422,149.25,146.97000122070312,148.94000244140625,2359100,0.0,0.0
2024-06-17 00:00:00-04:00,148.27000427246094,150.0800018310547,147.4600067138672,149.72999572753906,2140700,0.0,0.0
2024-06-18 00:00:00-04:00,150.4600067138672,150.5800018310547,148.17999267578125,149.49000549316406,2461400,0.0,0.0
2024-06-20 00:00:00-04:00,148.99000549316406,150.55999755859375,148.4199981689453,149.94000244140625,2653400,0.0,0.0
2024-06-21 00:00:00-04:00,150.41000366210938,151.1199951171875,148.67999267578125,149.7899932861328,6957400,0.0,0.0
2024-06-24 00:00:00-04:00,149.6999969482422,151.82000732421875,149.10000610351562,150.27000427246094,2073300,0.0,0.0
2024-06-25 00:00:00-04:00,150.39999389648438,150.69000244140625,148.5399932861328,148.8800048828125,2333500,0.0,0.0
2024-06-26 00:00:00-04:00,147.74000549316406,150.0500030517578,147.74000549316406,149.75,2662000,0.0,0.0
2024-06-27 00:00:00-04:00,150.02000427246094,150.22999572753906,148.36000061035156,149.0800018310547,2330500,0.0,0.0
2024-06-28 00:00:00-04:00,149.63999938964844,149.63999938964844,147.94000244140625,149.0399932861328,3926000,0.0,0.0
2024-07-01 00:00:00-04:00,149.5500030517578,150.07000732421875,147.0500030517578,147.13999938964844,1572800,0.0,0.0
2024-07-02 00:00:00-04:00,146.77000427246094,149.4600067138672,146.77000427246094,149.38999938964844,1480400,0.0,0.0
2024-07-03 00:00:00-04:00,149.4199981689453,149.97000122070312,148.16000366210938,148.7899932861328,1142600,0.0,0.0
2024-07-05 00:00:00-04:00,149.0800018310547,150.57000732421875,148.1300048828125,150.50999450683594,1684500,0.0,0.0
2024-07-08 00:00:00-04:00,150.0,151.27999877929688,149.7100067138672,150.97999572753906,2461000,0.0,0.0
2024-07-09 00:00:00-04:00,150.9600067138672,151.97000122070312,150.17999267578125,151.08999633789062,1917900,0.0,0.0
2024-07-10 00:00:00-04:00,150.86000061035156,150.94000244140625,146.4600067138672,148.88999938964844,2571000,0.0,0.0
2024-07-11 00:00:00-04:00,149.24000549316406,151.4600067138672,148.5800018310547,151.25,2087300,0.0,0.0
2024-07-12 00:00:00-04:00,151.8800048828125,154.44000244140625,151.58999633789062,153.1999969482422,2657500,0.0,0.0
2024-07-15 00:00:00-04:00,154.19000244140625,155.75999450683594,153.77000427246094,155.38999938964844,1915100,0.0,0.0
2024-07-16 00:00:00-04:00,155.80999755859375,157.44000244140625,155.2899932861328,157.13999938964844,2261700,0.0,0.0
2024-07-17 00:00:00-04:00,157.05999755859375,158.6199951171875,157.0399932861328,157.9600067138672,3100400,0.0,0.0
2024-07-18 00:00:00-04:00,157.74000549316406,159.9499969482422,157.0500030517578,157.69000244140625,2965600,0.0,0.0
2024-07-19 00:00:00-04:00,158.38999938964844,158.80999755859375,155.5500030517578,156.0399932861328,2631300,0.0,0.0
2024-07-22 00:00:00-04:00,157.0399932861328,158.75999450683594,156.35000610351562,158.6300048828125,1916000,0.0,0.0
2024-07-23 00:00:00-04:00,158.1300048828125,159.2100067138672,157.1199951171875,157.22000122070312,3494200,0.0,0.0
2024-07-24 00:00:00-04:00,160.0,161.72999572753906,158.75999450683594,161.16000366210938,5170500,0.0,0.0
2024-07-25 00:00:00-04:00,161.60000610351562,162.47000122070312,155.9600067138672,156.00999450683594,5358200,0.0,0.0
2024-07-26 00:00:00-04:00,156.99000549316406,160.16000366210938,156.88999938964844,159.94000244140625,3345300,0.0,0.0
2024-07-29 00:00:00-04:00,160.5,163.91000366210938,160.2100067138672,162.7100067138672,2350400,0.0,0.0
2024-07-30 00:00:00-04:00,163.74000549316406,164.47000122070312,162.50999450683594,163.11000061035156,1660300,0.0,0.0
2024-07-31 00:00:00-04:00,163.5800018310547,164.5399932861328,162.97999572753906,163.57000732421875,2077100,0.0,0.0
2024-08-01 00:00:00-04:00,164.1699981689453,165.55999755859375,161.11000061035156,161.38999938964844,3070600,0.0,0.0
2024-08-02 00:00:00-04:00,160.07000732421875,161.00999450683594,157.5,158.9199981689453,3082200,0.0,0.0
2024-08-05 00:00:00-04:00,157.4600067138672,159.6699981689453,154.1699981689453,154.77000427246094,3614800,0.0,0.0
2024-08-06 00:00:00-04:00,155.49000549316406,159.38999938964844,154.63999938964844,157.33999633789062,2760900,0.0,0.0
2024-08-07 00:00:00-04:00,159.00999450683594,160.83999633789062,155.9600067138672,156.22000122070312,2318100,0.0,0.0
2024-08-08 00:00:00-04:00,156.88999938964844,160.44000244140625,156.41000366210938,160.14999389648438,1787100,0.0,0.0
2024-08-09 00:00:00-04:00,159.9499969482422,161.77000427246094,159.33999633789062,161.58999633789062,1576000,0.0,0.0
2024-08-12 00:00:00-04:00,162.0,162.9199981689453,160.49000549316406,161.10000610351562,2529900,0.0,0.0
2024-08-13 00:00:00-04:00,161.25,162.57000732421875,160.85000610351562,162.4600067138672,2203900,0.0,0.0
2024-08-14 00:00:00-04:00,162.25,164.35000610351562,162.02000427246094,164.02999877929688,1447600,0.0,0.0
2024-08-15 00:00:00-04:00,165.0,165.97999572753906,164.16000366210938,165.72000122070312,1902800,0.0,0.0
2024-08-16 00:00:00-04:00,165.47000122070312,167.42999267578125,165.0500030517578,167.32000732421875,3799300,0.0,0.0
2024-08-19 00:00:00-04:00,167.6300048828125,168.41000366210938,167.1300048828125,167.91000366210938,1370000,0.0,0.0
2024-08-20 00:00:00-04:00,169.75,169.77000427246094,167.02999877929688,168.0399932861328,1789900,0.0,0.0
2024-08-21 00:00:00-04:00,167.41000366210938,168.41000366210938,166.6999969482422,168.3300018310547,1819800,0.0,0.0
2024-08-22 00:00:00-04:00,168.3800048828125,169.2100067138672,168.05999755859375,168.7899932861328,1934100,0.0,0.0
2024-08-23 00:00:00-04:00,169.36000061035156,169.97000122070312,168.44000244140625,169.80999755859375,2427400,0.0,0.0
2024-08-26 00:00:00-04:00,170.0500030517578,171.1199951171875,169.57000732421875,169.85000610351562,1518900,0.0,0.0
2024-08-27 00:00:00-04:00,169.8300018310547,170.66000366210938,169.0,170.1699981689453,2005000,0.0,0.0
2024-08-28 00:00:00-04:00,170.39999389648438,172.60000610351562,169.8800048828125,171.8300018310547,1994300,0.0,0.0
2024-08-29 00:00:00-04:00,172.44000244140625,173.49000549316406,171.7100067138672,172.9499969482422,1999800,0.0,0.0
2024-08-30 00:00:00-04:00,173.30999755859375,174.80999755859375,172.7899932861328,174.60000610351562,2373600,0.0,0.0
2024-09-03 00:00:00-04:00,174.42999267578125,175.47000122070312,173.11000061035156,173.91000366210938,1972000,0.0,0.0
2024-09-04 00:00:00-04:00,174.1300048828125,174.58999633789062,172.6999969482422,173.6199951171875,2098100,0.0,0.0
2024-09-05 00:00:00-04:00,173.97999572753906,174.02999877929688,171.22999572753906,172.50999450683594,1893200,0.0,0.0
2024-09-06 00:00:00-04:00,172.50999450683594,173.50999450683594,169.86000061035156,170.02000427246094,2443900,0.0,0.0
2024-09-09 00:00:00-04:00,171.27000427246094,173.02000427246094,170.6699981689453,172.44000244140625,2245600,0.0,0.0
2024-09-10 00:00:00-04:00,172.85000610351562,173.4499969482422,170.80999755859375,172.39999389648438,1597500,0.0,0.0
2024-09-11 00:00:00-04:00,171.47999572753906,171.6699981689453,167.66000366210938,171.02000427246094,2275400,0.0,0.0
2024-09-12 00:00:00-04:00,171.5,173.8800048828125,171.35000610351562,173.6300048828125,2127500,0.0,0.0
2024-09-13 00:00:00-04:00,174.0,175.47999572753906,173.85000610351562,174.88999938964844,1844200,0.0,0.0
2024-09-16 00:00:00-04:00,175.55999755859375,176.47999572753906,174.60000610351562,175.35000610351562,1584400,0.0,0.0
2024-09-17 00:00:00-04:00,175.47000122070312,176.33999633789062,174.42999267578125,175.3000030517578,1568500,0.0,0.0
2024-09-18 00:00:00-04:00,175.61000061035156,176.75999450683594,174.61000061035156,175.22999572753906,1774900,0.0,0.0
2024-09-19 00:00:00-04:00,176.8800048828125,178.88999938964844,175.7100067138672,178.77999877929688,3140800,0.0,0.0
2024-09-20 00:00:00-04:00,178.17999267578125,178.25,176.1699981689453,177.61000061035156,6021100,0.0,0.0
2024-09-23 00:00:00-04:00,179.0,179.52999877929688,177.64999389648438,179.30999755859375,1822100,0.0,0.0
2024-09-24 00:00:00-04:00,178.22999572753906,178.9499969482422,176.00999450683594,177.35000610351562,2329300,0.0,0.0
2024-09-25 00:00:00-04:00,177.50999450683594,178.41000366210938,174.2100067138672,176.8000030517578,2311400,0.0,0.0
2024-09-26 00:00:00-04:00,177.14999389648438,177.7899932861328,175.97999572753906,177.39999389648438,2585000,0.0,0.0
2024-09-27 00:00:00-04:00,177.39999389648438,179.38999938964844,176.91000366210938,178.3800048828125,2950200,0.0,0.0
2024-09-30 00:00:00-04:00,178.0800018310547,179.9499969482422,177.52000427246094,179.64999389648438,2140800,0.0,0.0
2024-10-01 00:00:00-04:00,180.24000549316406,181.8800048828125,179.0,181.30999755859375,2140300,0.0,0.0
2024-10-02 00:00:00-04:00,181.6300048828125,182.55999755859375,180.61000061035156,182.4499969482422,2296500,0.0,0.0
2024-10-03 00:00:00-04:00,182.30999755859375,183.55999755859375,181.8699951171875,183.36000061035156,1974200,0.0,0.0
2024-10-04 00:00:00-04:00,184.47000122070312,185.50999450683594,182.8699951171875,185.4199981689453,1859500,0.0,0.0
2024-10-07 00:00:00-04:00,185.4199981689453,186.25999450683594,183.94000244140625,184.97999572753906,2579500,0.0,0.0
2024-10-08 00:00:00-04:00,186.63999938964844,188.85000610351562,185.72000122070312,187.94000244140625,2393800,0.0,0.0
2024-10-09 00:00:00-04:00,188.17999267578125,188.4199981689453,187.14999389648438,187.74000549316406,2426200,0.0,0.0
2024-10-10 00:00:00-04:00,187.6699981689453,188.52000427246094,187.1300048828125,187.99000549316406,1853600,0.0,0.0
2024-10-11 00:00:00-04:00,188.85000610351562,191.22999572753906,188.42999267578125,190.35000610351562,1970500,0.0,0.0
2024-10-14 00:00:00-04:00,191.22000122070312,193.38999938964844,190.60000610351562,193.22999572753906,2200800,0.0,0.0
2024-10-15 00:00:00-04:00,194.22999572753906,195.8300018310547,193.2899932861328,194.02000427246094,3223500,0.0,0.0
2024-10-16 00:00:00-04:00,193.9600067138672,197.88999938964844,193.02000427246094,197.6999969482422,2611700,0.0,0.0
2024-10-17 00:00:00-04:00,198.47000122070312,198.86000061035156,195.52000427246094,195.74000549316406,3687200,0.0,0.0
2024-10-18 00:00:00-04:00,197.1199951171875,198.32000732421875,195.52999877929688,197.2899932861328,3463300,0.0,0.0
2024-10-21 00:00:00-04:00,196.8800048828125,197.6699981689453,195.64999389648438,197.1699981689453,3012000,0.0,0.0
2024-10-22 00:00:00-04:00,191.92999267578125,199.8699951171875,188.94000244140625,199.6699981689453,4479200,0.0,0.0
2024-10-23 00:00:00-04:00,199.75,203.0,199.5800018310547,202.36000061035156,3577100,0.0,0.0
2024-10-24 00:00:00-04:00,202.52000427246094,204.5,202.00999450683594,203.2899932861328,2032800,0.0,0.0
2024-10-25 00:00:00-04:00,203.42999267578125,203.6999969482422,199.22999572753906,199.52000427246094,2436500,0.0,0.0
2024-10-28 00:00:00-04:00,200.44000244140625,201.72000122070312,200.00999450683594,201.4199981689453,1993600,0.0,0.0
2024-10-29 00:00:00-04:00,201.50999450683594,202.66000366210938,200.63999938964844,200.91000366210938,1915400,0.0,0.0
2024-10-30 00:00:00-04:00,201.22000122070312,202.3699951171875,199.0399932861328,199.80999755859375,2719100,0.0,0.0
2024-10-31 00:00:00-04:00,199.8300018310547,201.6199951171875,197.88999938964844,197.89999389648438,2261300,0.0,0.0
2024-11-01 00:00:00-04:00,198.27999877929688,202.8800048828125,197.94000244140625,202.0500030517578,4239700,0.0,0.0
2024-11-04 00:00:00-05:00,202.4499969482422,202.9600067138672,200.3000030517578,200.82000732421875,2026600,0.0,0.0
2024-11-05 00:00:00-05:00,200.2899932861328,203.32000732421875,198.35000610351562,203.02000427246094,2719000,0.0,0.0
2024-11-06 00:00:00-05:00,210.30999755859375,211.97999572753906,204.8800048828125,211.1999969482422,3808900,0.0,0.0
2024-11-07 00:00:00-05:00,210.35000610351562,210.94000244140625,207.8000030517578,208.8699951171875,2084900,0.0,0.0
2024-11-08 00:00:00-05:00,210.3800048828125,212.83999633789062,209.17999267578125,210.6999969482422,1761500,0.0,0.0
2024-11-11 00:00:00-05:00,212.55999755859375,215.4499969482422,212.55999755859375,214.86000061035156,2353200,0.0,0.0
2024-11-12 00:00:00-05:00,214.47000122070312,215.25,213.5,214.05999755859375,1806000,0.0,0.0
2024-11-13 00:00:00-05:00,213.97000122070312,215.5,213.1300048828125,213.17999267578125,2096800,0.0,0.0
2024-11-14 00:00:00-05:00,213.10000610351562,214.4499969482422,210.11000061035156,210.85000610351562,2283500,0.0,0.0
2024-11-15 00:00:00-05:00,210.47000122070312,211.24000549316406,208.88999938964844,210.9199981689453,2279300,0.0,0.0
2024-11-18 00:00:00-05:00,211.00999450683594,213.27999877929688,210.57000732421875,212.74000549316406,1748900,0.0,0.0
2024-11-19 00:00:00-05:00,212.0399932861328,216.92999267578125,211.64999389648438,215.1199951171875,2609500,0.0,0.0
2024-11-20 00:00:00-05:00,217.22000122070312,218.17999267578125,215.05999755859375,217.94000244140625,2827800,0.0,0.0
2024-11-21 00:00:00-05:00,218.3300018310547,219.11000061035156,217.2100067138672,217.41000366210938,2832300,0.0,0.0
2024-11-22 00:00:00-05:00,217.14999389648438,222.0500030517578,217.14999389648438,221.55999755859375,2876600,0.0,0.0
2024-11-25 00:00:00-05:00,221.14999389648438,223.22000122070312,219.77999877929688,221.75999450683594,4340600,0.0,0.0
2024-11-26 00:00:00-05:00,222.0,223.22999572753906,221.00999450683594,222.4499969482422,1868400,0.0,0.0
2024-11-27 00:00:00-05:00,219.8800048828125,222.25999450683594,219.3699951171875,220.58999633789062,2234400,0.0,0.0
2024-11-29 00:00:00-05:00,221.10000610351562,222.35000610351562,220.6999969482422,220.9600067138672,1543400,0.0,0.0
2024-12-02 00:00:00-05:00,222.0,222.19000244140625,217.74000549316406,218.50999450683594,2512700,0.0,0.0
2024-12-03 00:00:00-05:00,219.36000061035156,220.1300048828125,214.91000366210938,215.3800048828125,3949100,0.0,0.0
2024-12-04 00:00:00-05:00,215.27999877929688,216.3800048828125,213.24000549316406,215.85000610351562,3801500,0.0,0.0
2024-12-05 00:00:00-05:00,203.0,208.0,200.7100067138672,204.0,7613800,0.0,0.0
2024-12-06 00:00:00-05:00,205.2899932861328,207.55999755859375,204.69000244140625,207.27999877929688,3642600,0.0,0.0
2024-12-09 00:00:00-05:00,207.05999755859375,207.57000732421875,202.72000122070312,202.88999938964844,3985400,0.0,0.0
2024-12-10 00:00:00-05:00,203.27999877929688,203.27999877929688,200.52000427246094,201.5399932861328,3582100,0.0,0.0
2024-12-11 00:00:00-05:00,202.5,205.0399932861328,201.64999389648438,203.9600067138672,2720200,0.0,0.0
2024-12-12 00:00:00-05:00,204.36000061035156,205.22000122070312,203.17999267578125,204.85000610351562,2316300,0.0,0.0
2024-12-13 00:00:00-05:00,206.1699981689453,206.85000610351562,203.86000061035156,204.66000366210938,1836677,0.0,0.0
