Date,Open,High,Low,Close,Volume,Dividends,Stock Splits
2022-01-03 00:00:00-05:00,13.64911290871186,13.657817069021581,13.30962575202529,13.45760726928711,2748100,0.0,0.0
2022-01-04 00:00:00-05:00,13.457608896343958,13.553361312556236,13.222579106340616,13.292218208312988,1581000,0.0,0.0
2022-01-05 00:00:00-05:00,13.266102259615584,13.292217232245193,12.778634392680262,12.80474853515625,1530700,0.0,0.0
2022-01-06 00:00:00-05:00,12.77863570552133,12.883093116310558,12.648063319419512,12.691587448120117,1116700,0.0,0.0
2022-01-07 00:00:00-05:00,12.639357130911483,12.682880422478837,12.5261947464985,12.543603897094727,1851500,0.0,0.0
2022-01-10 00:00:00-05:00,12.508785449380323,12.561014564330582,12.299870649886522,12.386918067932129,2104800,0.0,0.0
2022-01-11 00:00:00-05:00,12.447853107844331,12.447853107844331,12.282461589885221,12.378214836120605,1530000,0.0,0.0
2022-01-12 00:00:00-05:00,12.36080531825189,12.482672713431139,12.352100326420434,12.413034439086914,1391200,0.0,0.0
2022-01-13 00:00:00-05:00,12.447852487443603,12.465261639430022,12.299870959867663,12.33469009399414,1368200,0.0,0.0
2022-01-14 00:00:00-05:00,12.308575654966738,12.360803939823759,12.178003282516949,12.317279815673828,1343400,0.0,0.0
2022-01-18 00:00:00-05:00,12.273756362354483,12.317279655785827,12.143183991599626,12.230232238769531,1890700,0.0,0.0
2022-01-19 00:00:00-05:00,12.299871521397641,12.334690657113729,12.021318435668945,12.021318435668945,1636200,0.0,0.0
2022-01-20 00:00:00-05:00,12.038727086481758,12.308575999645035,12.01261294332197,12.125775337219238,2587600,0.0,0.0
2022-01-21 00:00:00-05:00,12.160594569258723,12.386918528719336,12.151889578084257,12.343395233154297,4439500,0.0,0.0
2022-01-24 00:00:00-05:00,12.317279844641657,12.317279844641657,11.960383520049398,12.178003311157227,3180700,0.0,0.0
2022-01-25 00:00:00-05:00,12.038727948885041,12.465262581715809,11.986499658824055,12.404329299926758,3199400,0.0,0.0
2022-01-26 00:00:00-05:00,12.447853576259027,12.691587536463814,12.256347906735552,12.413034439086914,3577800,0.0,0.0
2022-01-27 00:00:00-05:00,12.404327902955732,12.630652681474597,12.178003124436865,12.230232238769531,2035700,0.0,0.0
2022-01-28 00:00:00-05:00,12.24764086557671,12.543603897094727,12.0996593498177,12.543603897094727,2216800,0.0,0.0
2022-01-31 00:00:00-05:00,13.28351349306586,13.318332629699368,12.909207151640368,12.96143627166748,4841600,0.0,0.0
2022-02-01 00:00:00-05:00,12.909207300432435,13.126827114438584,12.909207300432435,13.048483848571777,4002300,0.0,0.0
2022-02-02 00:00:00-05:00,13.100712236636225,13.39667529995954,13.083302254015482,13.344446182250977,3302900,0.0,0.0
2022-02-03 00:00:00-05:00,13.248692363739563,13.344444767541479,13.152939129784073,13.23998737335205,2953400,0.0,0.0
2022-02-04 00:00:00-05:00,13.187759416047014,13.292217649537537,12.952730466077453,13.118121147155762,3694500,0.0,0.0
2022-02-07 00:00:00-05:00,13.048484655421344,13.126827926132487,12.987551369381016,13.039779663085938,2657100,0.0,0.0
2022-02-08 00:00:00-05:00,13.14423649027047,13.85802918155715,13.14423649027047,13.422789573669434,7203200,0.0,0.0
2022-02-09 00:00:00-05:00,13.483721733093262,13.64040824456678,13.431493449371157,13.483721733093262,3244200,0.0,0.0
2022-02-10 00:00:00-05:00,13.32703800519824,13.562066976704537,13.213875600341975,13.274808883666992,3883500,0.0,0.0
2022-02-11 00:00:00-05:00,13.353151640526612,13.553361466744592,13.266103384686113,13.379265785217285,2452500,0.0,0.0
2022-02-14 00:00:00-05:00,13.431494621756938,13.466313757328777,13.196464834031774,13.213874816894531,2734600,0.0,0.0
2022-02-15 00:00:00-05:00,13.30092258265477,13.40537999205542,13.152941045132094,13.170351028442383,4324800,0.0,0.0
2022-02-16 00:00:00-05:00,13.231285362622392,13.36185775737899,13.13553293725723,13.318333625793457,1646800,0.0,0.0
2022-02-17 00:00:00-05:00,13.274808883666992,13.344447158939506,13.18776062449949,13.274808883666992,1789900,0.0,0.0
2022-02-18 00:00:00-05:00,13.196463584899902,13.309625972335231,13.144235301562732,13.196463584899902,1479700,0.0,0.0
2022-02-22 00:00:00-05:00,13.196462963607685,13.231282094244373,13.031072300621812,13.152938842773438,2199600,0.0,0.0
2022-02-23 00:00:00-05:00,13.22257792882296,13.292217024593722,12.926615715026855,12.926615715026855,2098200,0.0,0.0
2022-02-24 00:00:00-05:00,12.856978451465807,13.309627213256165,12.717701079222794,13.283513069152832,3309400,0.0,0.0
2022-02-25 00:00:00-05:00,13.283512833502343,13.64040917381333,13.283512833502343,13.62299919128418,2428300,0.0,0.0
2022-02-28 00:00:00-05:00,13.501131391450041,13.622997937321951,13.274806620325663,13.45760726928711,3133100,0.0,0.0
2022-03-01 00:00:00-05:00,13.44019870778556,13.518541969921987,13.30092216627799,13.492427825927734,2619800,0.0,0.0
2022-03-02 00:00:00-05:00,13.527245818571176,13.62299822523039,13.448902563052908,13.544655799865723,2524600,0.0,0.0
2022-03-03 00:00:00-05:00,13.622999973687843,13.701343239261154,13.457609280930402,13.6055908203125,3856200,0.0,0.0
2022-03-04 00:00:00-05:00,13.527245769200587,13.823208808898926,13.492426636892171,13.823208808898926,1961600,0.0,0.0
2022-03-07 00:00:00-05:00,13.831913849996969,13.87543714292614,13.527245818571176,13.544655799865723,2197800,0.0,0.0
2022-03-08 00:00:00-05:00,13.570770600415274,13.692637154778438,13.44890321589847,13.527246475219727,2210800,0.0,0.0
2022-03-09 00:00:00-05:00,13.770978631394177,13.770978631394177,13.440196484944119,13.46631145477295,2601600,0.0,0.0
2022-03-10 00:00:00-05:00,13.361854065918225,13.483720604505303,13.300919966471154,13.46631145477295,1981700,0.0,0.0
2022-03-11 00:00:00-05:00,13.483723515114113,13.61429590198314,13.361856950220806,13.405380249023438,1301400,0.0,0.0
2022-03-14 00:00:00-04:00,13.440197934371527,13.57077030713636,13.283512249268798,13.361855506896973,1748300,0.0,0.0
2022-03-15 00:00:00-04:00,13.440198726305034,13.46631370048894,13.300922184605552,13.422789573669434,2536200,0.0,0.0
2022-03-16 00:00:00-04:00,13.492428506936122,13.527247644070455,13.196465426217445,13.405380249023438,3118200,0.0,0.0
2022-03-17 00:00:00-04:00,13.361854681664166,13.614293590567783,13.300920579409107,13.509836196899414,1718900,0.0,0.0
2022-03-18 00:00:00-04:00,13.475017636275476,13.63170415814266,13.32703693581094,13.61429500579834,3941900,0.0,0.0
2022-03-21 00:00:00-04:00,13.60559001454935,13.727457401574233,13.55336089720907,13.61429500579834,1175600,0.0,0.0
2022-03-22 00:00:00-04:00,13.69263807822769,13.71875305319843,13.518542395857901,13.666523933410645,1623300,0.0,0.0
2022-03-23 00:00:00-04:00,13.631704536186769,13.6665236719947,13.414084729848785,13.43149471282959,1247800,0.0,0.0
2022-03-24 00:00:00-04:00,13.440198854896119,13.54465709232382,13.370560583380104,13.50113296508789,2162600,0.0,0.0
2022-03-25 00:00:00-04:00,13.570771662022233,13.6752290725708,13.466314251473666,13.6752290725708,2271500,0.0,0.0
2022-03-28 00:00:00-04:00,13.701343049247432,13.770981322090458,13.622999784760605,13.736162185668945,1071100,0.0,0.0
2022-03-29 00:00:00-04:00,13.805800811307119,14.023421457194797,13.701343399373265,13.962488174438477,2904400,0.0,0.0
2022-03-30 00:00:00-04:00,13.953716417738615,14.015108994751385,13.743226865342438,13.848471641540527,2440500,0.12,0.0
2022-03-31 00:00:00-04:00,13.866012931738645,14.041420893029699,13.769537925720215,13.769537925720215,2544300,0.0,0.0
2022-04-01 00:00:00-04:00,13.78707758559277,14.058960522248062,13.74322539111146,14.02387809753418,4264600,0.0,0.0
2022-04-04 00:00:00-04:00,14.041420769522864,14.041420769522864,13.409951278018276,13.57658863067627,5075500,0.0,0.0
2022-04-05 00:00:00-04:00,13.523966171486519,13.80461889692599,13.497655187579344,13.532736778259277,2876900,0.0,0.0
2022-04-06 00:00:00-04:00,13.471343565096156,13.69060371916849,13.462573794605706,13.64675235748291,2405900,0.0,0.0
2022-04-07 00:00:00-04:00,13.594130705121646,13.769538675970011,13.5239675167823,13.708146095275879,2627300,0.0,0.0
2022-04-08 00:00:00-04:00,12.392581922000952,12.392581922000952,11.147184389644556,11.769883155822754,15409200,0.0,0.0
2022-04-11 00:00:00-04:00,11.726032326425216,11.840047700951859,11.471690594453804,11.647098541259766,6568400,0.0,0.0
2022-04-12 00:00:00-04:00,11.647097776383333,11.840046923404264,11.366445079924533,11.462919235229492,5115900,0.0,0.0
2022-04-13 00:00:00-04:00,11.48923122186245,11.94529186031765,11.48923122186245,11.901439666748047,3733300,0.0,0.0
2022-04-14 00:00:00-04:00,11.857589255902061,11.95406342032563,11.638329106966692,11.655869483947754,5316700,0.0,0.0
2022-04-18 00:00:00-04:00,11.57693732465651,11.752345301191523,11.524315349901611,11.620789527893066,3648800,0.0,0.0
2022-04-19 00:00:00-04:00,11.682181216855735,11.848819409124083,11.533084239104538,11.594477653503418,3886300,0.0,0.0
2022-04-20 00:00:00-04:00,11.585706023627221,11.752343364776104,11.585706023627221,11.673410415649414,3441600,0.0,0.0
2022-04-21 00:00:00-04:00,11.690951901966963,11.726033494823737,11.506773330366125,11.515543937683105,2759400,0.0,0.0
2022-04-22 00:00:00-04:00,11.515543046797733,11.568165013806285,11.445379866512274,11.489232063293457,2414700,0.0,0.0
2022-04-25 00:00:00-04:00,11.506771578602121,11.620786947131984,11.436608403570055,11.603245735168457,3085500,0.0,0.0
2022-04-26 00:00:00-04:00,11.480461876290299,11.64709922645644,11.366446495056152,11.366446495056152,2562400,0.0,0.0
2022-04-27 00:00:00-04:00,11.410299042087155,11.550625412075036,11.278742442915162,11.32259464263916,2445000,0.0,0.0
2022-04-28 00:00:00-04:00,11.419068213991924,11.524312978254072,11.243659437143977,11.47169017791748,1207000,0.0,0.0
2022-04-29 00:00:00-04:00,11.383985685060557,11.427837878870257,10.971777237918038,11.006858825683594,4248300,0.0,0.0
2022-05-02 00:00:00-04:00,11.050710810376145,11.164725341148385,10.638501534623005,10.84022045135498,3129900,0.0,0.0
2022-05-03 00:00:00-04:00,10.840221604936527,11.050711986357403,10.81391062091308,10.95423698425293,1991500,0.0,0.0
2022-05-04 00:00:00-04:00,10.98931816785033,11.059481346920176,10.770058024154292,11.024399757385254,2464800,0.0,0.0
2022-05-05 00:00:00-04:00,10.848992919039658,11.050712706799981,10.305227807441852,10.428013801574707,3213600,0.0,0.0
2022-05-06 00:00:00-04:00,10.313996377215618,10.428011741440551,10.138588446258412,10.235062599182129,1958000,0.0,0.0
2022-05-09 00:00:00-04:00,10.129818218938292,10.164899806439967,9.83162430696854,9.866705894470215,2427900,0.0,0.0
2022-05-10 00:00:00-04:00,9.954412220466159,10.068426774747419,9.673758629372761,9.814085006713867,2915200,0.0,0.0
2022-05-11 00:00:00-04:00,9.822852644992032,9.936868001218098,9.603592537575198,9.700067520141602,2574000,0.0,0.0
2022-05-12 00:00:00-04:00,9.770232888126575,9.971951830905455,9.735151296494982,9.928099632263184,4288600,0.0,0.0
2022-05-13 00:00:00-04:00,10.094736254416363,10.261373579722962,10.02457308203348,10.235062599182129,2567100,0.0,0.0
2022-05-16 00:00:00-04:00,10.217522133597608,10.243833952469778,10.059655402419857,10.121047973632812,1334100,0.0,0.0
2022-05-17 00:00:00-04:00,10.20875128153313,10.287684220549147,10.094735921073156,10.278914451599121,1607100,0.0,0.0
2022-05-18 00:00:00-04:00,10.164902133144428,10.252605703768094,9.779003745884417,9.822855949401855,2705500,0.0,0.0
2022-05-19 00:00:00-04:00,9.78777230669679,9.910558283581928,9.682527542114258,9.682527542114258,2358700,0.0,0.0
2022-05-20 00:00:00-04:00,9.787770322015088,9.805311530760838,9.507117673370056,9.708836555480957,1608800,0.0,0.0
2022-05-23 00:00:00-04:00,9.822853700990365,9.90178748197189,9.71760893848534,9.866705894470215,1760500,0.0,0.0
2022-05-24 00:00:00-04:00,9.743920728786469,10.024574288506066,9.612364973838378,9.971951484680176,2296900,0.0,0.0
2022-05-25 00:00:00-04:00,9.963180597005357,10.077195971736897,9.91932923753336,9.989492416381836,1652800,0.0,0.0
2022-05-26 00:00:00-04:00,10.024574498320206,10.121048664873934,10.024574498320206,10.033344268798828,1093300,0.0,0.0
2022-05-27 00:00:00-04:00,10.129818390750868,10.34030791933105,10.103507408781105,10.252603530883789,1249100,0.0,0.0
2022-05-31 00:00:00-04:00,10.129817346437411,10.191209910174727,10.04211296703186,10.138587951660156,2460900,0.0,0.0
2022-06-01 00:00:00-04:00,10.156132097958452,10.191213695468742,9.9544131213771,10.112279891967773,2435700,0.0,0.0
2022-06-02 00:00:00-04:00,10.11227865517973,10.138590477402811,9.928100081673959,10.129819869995117,1670000,0.0,0.0
2022-06-03 00:00:00-04:00,9.998261638498743,10.050884437956766,9.840394912946714,9.866705894470215,2254100,0.0,0.0
2022-06-06 00:00:00-04:00,9.98949146493237,9.98949146493237,9.787771717647503,9.936868667602539,1911100,0.0,0.0
2022-06-07 00:00:00-04:00,9.936871378203561,10.042116165161133,9.866708186898514,10.042116165161133,1459200,0.0,0.0
2022-06-08 00:00:00-04:00,9.971951547838888,10.042114729110402,9.805314201421814,9.945640563964844,2167500,0.0,0.0
2022-06-09 00:00:00-04:00,9.9281001906181,9.963181784222677,9.726381236494575,9.752692222595215,1705200,0.0,0.0
2022-06-10 00:00:00-04:00,9.647446493065098,9.6825280832198,9.498349525804842,9.507120132446289,2862300,0.0,0.0
2022-06-13 00:00:00-04:00,9.252777564539644,9.322940738553834,9.059828417795117,9.103680610656738,2426600,0.0,0.0
2022-06-14 00:00:00-04:00,9.11245259457372,9.156303957655906,8.884421826337348,8.98089599609375,4035600,0.0,0.0
2022-06-15 00:00:00-04:00,9.094910285079887,9.261548455807132,8.980894914690468,9.086139678955078,4750500,0.0,0.0
2022-06-16 00:00:00-04:00,8.972125951251236,9.024748761223647,8.75286577645337,8.805488586425781,3925400,0.0,0.0
2022-06-17 00:00:00-04:00,8.875649939895382,9.094910069348563,8.866879333978611,9.024746894836426,3989700,0.0,0.0
2022-06-21 00:00:00-04:00,9.112452108032274,9.252778469789549,9.086140287894466,9.129992485046387,1722900,0.0,0.0
2022-06-22 00:00:00-04:00,9.0422883159755,9.296630038572099,8.989665515667808,9.138762474060059,1729400,0.0,0.0
2022-06-23 00:00:00-04:00,9.129992488356725,9.410645211973033,9.129992488356725,9.375563621520996,1172900,0.0,0.0
2022-06-24 00:00:00-04:00,9.463266806184826,9.664986552806907,9.41941461462255,9.63867473602295,2339600,0.0,0.0
2022-06-27 00:00:00-04:00,9.664987918920566,9.74392087119639,9.542201932473,9.568512916564941,1798100,0.0,0.0
2022-06-28 00:00:00-04:00,9.629905840742767,9.682528647245743,9.50712068625438,9.52466106414795,1654100,0.0,0.0
2022-06-29 00:00:00-04:00,9.471450881497223,9.506924445460427,9.347292984747762,9.489187240600586,1790600,0.12,0.0
2022-06-30 00:00:00-04:00,9.373897263177422,9.666554355986202,9.35616090536656,9.524660110473633,2004100,0.0,0.0
2022-07-01 00:00:00-04:00,9.489186809319117,9.613344700425626,9.400503326319985,9.560133934020996,2490800,0.0,0.0
2022-07-05 00:00:00-04:00,9.462582031330648,9.577871322631836,9.373897700866207,9.577871322631836,2093500,0.0,0.0
2022-07-06 00:00:00-04:00,9.53352914521794,9.63108123199901,9.427108456250469,9.453713417053223,2247700,0.0,0.0
2022-07-07 00:00:00-04:00,9.480318999888816,9.533529770742101,9.373898303938754,9.400504112243652,2052900,0.0,0.0
2022-07-08 00:00:00-04:00,9.418240027369263,9.480318552303483,9.311819336443541,9.34729290008545,1840500,0.0,0.0
2022-07-11 00:00:00-04:00,9.365030104784637,9.418240027369263,9.258608568102446,9.34729290008545,1510200,0.0,0.0
2022-07-12 00:00:00-04:00,9.347293341390367,9.604476901375476,9.338424738622068,9.400504112243652,1937500,0.0,0.0
2022-07-13 00:00:00-04:00,9.311819260594216,9.409371348375732,9.17879360945974,9.329556465148926,2004200,0.0,0.0
2022-07-14 00:00:00-04:00,9.178793462060497,9.26747694614052,9.090109132224026,9.125582695007324,1708900,0.0,0.0
2022-07-15 00:00:00-04:00,9.232003831042547,9.258608792981057,9.063504611089996,9.178793907165527,1947500,0.0,0.0
2022-07-18 00:00:00-04:00,9.267478102171937,9.29408306613902,8.983689564505571,9.019163131713867,1109200,0.0,0.0
2022-07-19 00:00:00-04:00,9.107847034210518,9.240872693399355,9.107847034210518,9.21426773071289,3679700,0.0,0.0
2022-07-20 00:00:00-04:00,9.223134994506836,9.347292889997753,9.187661430903212,9.223134994506836,2150200,0.0,0.0
2022-07-21 00:00:00-04:00,9.187662629163256,9.409372642040564,9.134452699696388,9.382767677307129,1891000,0.0,0.0
2022-07-22 00:00:00-04:00,9.444844430869816,9.515791553963648,9.3472923480549,9.462581634521484,1080000,0.0,0.0
2022-07-25 00:00:00-04:00,9.480318207292271,9.595607496371937,9.409371082590392,9.560133934020996,1773600,0.0,0.0
2022-07-26 00:00:00-04:00,9.524660110473633,9.604475835013558,9.48031794731185,9.524660110473633,802000,0.0,0.0
2022-07-27 00:00:00-04:00,9.524659769272617,9.55126557367044,9.365029171667617,9.471449851989746,860100,0.0,0.0
2022-07-28 00:00:00-04:00,9.542398018187628,9.648818710174984,9.471450890196056,9.6133451461792,810700,0.0,0.0
2022-07-29 00:00:00-04:00,9.595608329604863,9.755239796923883,9.551267007133147,9.72863483428955,2261500,0.0,0.0
2022-08-01 00:00:00-04:00,9.6576867407578,9.684291700740175,9.515791647420134,9.604475975036621,1580900,0.0,0.0
2022-08-02 00:00:00-04:00,9.595610043096247,9.657689428003911,9.506926536560059,9.506926536560059,1298800,0.0,0.0
2022-08-03 00:00:00-04:00,9.551266038884815,9.613344560657293,9.480318069458008,9.480318069458008,1295600,0.0,0.0
2022-08-04 00:00:00-04:00,9.4803176076993,9.569001930845934,9.37389692737717,9.471449851989746,1049200,0.0,0.0
2022-08-05 00:00:00-04:00,9.444844902033926,9.59560775756836,9.39163497993734,9.59560775756836,1074300,0.0,0.0
2022-08-08 00:00:00-04:00,9.60447544783816,9.693159770586684,9.435976249523623,9.533528327941895,1197700,0.0,0.0
2022-08-09 00:00:00-04:00,9.533528851246002,9.63994953693193,9.506923891263627,9.604475975036621,1682800,0.0,0.0
2022-08-10 00:00:00-04:00,9.710896936927954,9.808449869232058,9.68429197618886,9.764107704162598,1364700,0.0,0.0
2022-08-11 00:00:00-04:00,9.87053044233742,9.950346186883657,9.808451905804406,9.843925476074219,952900,0.0,0.0
2022-08-12 00:00:00-04:00,9.923740050083323,9.994688034057617,9.888266480974476,9.994688034057617,904800,0.0,0.0
2022-08-15 00:00:00-04:00,10.003553269873107,10.06563263447929,9.941474751023312,10.047895431518555,660600,0.0,0.0
2022-08-16 00:00:00-04:00,10.074501598969961,10.074501598969961,9.950344546373664,9.959212303161621,1516700,0.0,0.0
2022-08-17 00:00:00-04:00,9.906001860226166,9.941475422788265,9.826186133022333,9.888264656066895,912500,0.0,0.0
2022-08-18 00:00:00-04:00,9.888264840188192,9.941475607900358,9.84392352047726,9.906002044677734,960000,0.0,0.0
2022-08-19 00:00:00-04:00,9.888265792692465,9.906002998890575,9.746371526133762,9.781845092773438,977700,0.0,0.0
2022-08-22 00:00:00-04:00,9.702029260068834,9.702029260068834,9.41824072976901,9.435977935791016,1748300,0.0,0.0
2022-08-23 00:00:00-04:00,9.373897861377761,9.498055757002671,9.34729290008545,9.34729290008545,1306300,0.0,0.0
2022-08-24 00:00:00-04:00,9.365029980162797,9.471450669672363,9.329556416992942,9.391634941101074,811500,0.0,0.0
2022-08-25 00:00:00-04:00,9.400503372562994,9.542397622664762,9.382766168422052,9.498055458068848,777200,0.0,0.0
2022-08-26 00:00:00-04:00,9.524658931671622,9.524658931671622,9.232001875083009,9.240870475769043,1346900,0.0,0.0
2022-08-29 00:00:00-04:00,9.214266249540842,9.2674761663604,9.143319129943848,9.143319129943848,924500,0.0,0.0
2022-08-30 00:00:00-04:00,9.187661785433617,9.187661785433617,9.001425357889048,9.010293960571289,2393200,0.0,0.0
2022-08-31 00:00:00-04:00,9.081240487436919,9.116714050053607,8.912741276446756,8.921609878540039,2557500,0.0,0.0
2022-09-01 00:00:00-04:00,8.895004072260187,8.939346236970161,8.779714782316836,8.921609878540039,1145100,0.0,0.0
2022-09-02 00:00:00-04:00,9.028030333174229,9.06350389487455,8.903872444344891,8.965950965881348,2442500,0.0,0.0
2022-09-06 00:00:00-04:00,8.974820779674252,9.036899309593577,8.921610852816697,9.001425743103027,2162500,0.0,0.0
2022-09-07 00:00:00-04:00,9.036897446101818,9.258607402388241,9.036897446101818,9.249739646911621,2692300,0.0,0.0
2022-09-08 00:00:00-04:00,9.16992607553961,9.285215381307808,9.116715301432533,9.161057472229004,1204000,0.0,0.0
2022-09-09 00:00:00-04:00,9.187661688855048,9.31181958783181,9.152188124255472,9.2586088180542,933200,0.0,0.0
2022-09-12 00:00:00-04:00,9.32955654114273,9.427108629718857,9.32955654114273,9.34729290008545,1294000,0.0,0.0
2022-09-13 00:00:00-04:00,9.143319793658229,9.187661112307806,8.83292548857254,8.859530448913574,1538800,0.0,0.0
2022-09-14 00:00:00-04:00,8.824056841419841,8.85953040361198,8.611215468267007,8.655557632446289,2647000,0.0,0.0
2022-09-15 00:00:00-04:00,8.637819859900329,8.78858270073229,8.620083502849948,8.646688461303711,2004000,0.0,0.0
2022-09-16 00:00:00-04:00,8.575742977987838,8.735374450683594,8.531400808266069,8.735374450683594,8032500,0.0,0.0
2022-09-19 00:00:00-04:00,8.664426570786002,8.841794388632106,8.637820763791733,8.708767890930176,2669500,0.0,0.0
2022-09-20 00:00:00-04:00,8.611214901446566,8.691030622564236,8.433847102160843,8.646688461303711,2363400,0.0,0.0
2022-09-21 00:00:00-04:00,8.726506233215332,8.912742677671387,8.682164061534065,8.726506233215332,2275700,0.0,0.0
2022-09-22 00:00:00-04:00,8.70876697961462,8.70876697961462,8.602346300043186,8.646688461303711,1630600,0.0,0.0
2022-09-23 00:00:00-04:00,8.620085408565016,8.66442757962864,8.424980363339012,8.52253246307373,1586500,0.0,0.0
2022-09-26 00:00:00-04:00,8.460453656003123,8.469322259078858,8.10571799053914,8.158927917480469,1900600,0.0,0.0
2022-09-27 00:00:00-04:00,8.212138089559266,8.238743051084096,7.813060283660889,7.813060283660889,2064900,0.0,0.0
2022-09-28 00:00:00-04:00,7.866269994064518,8.283084993549492,7.81306007245326,8.23874282836914,2970600,0.0,0.0
2022-09-29 00:00:00-04:00,8.211790633478662,8.27468153246247,7.9871793007373615,8.094992637634277,2882400,0.12,0.0
2022-09-30 00:00:00-04:00,8.148897109625246,8.319602165292768,8.130928652453116,8.229757308959961,2609700,0.0,0.0
2022-10-03 00:00:00-04:00,8.328588110907582,8.418432124317192,8.283665675790685,8.355541229248047,2172400,0.0,0.0
2022-10-04 00:00:00-04:00,8.46335327796658,8.625073677171052,8.445383963910947,8.526244163513184,2630500,0.0,0.0
2022-10-05 00:00:00-04:00,8.400462771223479,8.400462771223479,8.12194438857028,8.274680137634277,1944300,0.0,0.0
2022-10-06 00:00:00-04:00,8.274679614396081,8.301632728166533,8.139913188719783,8.166866302490234,1418600,0.0,0.0
2022-10-07 00:00:00-04:00,8.103976809910185,8.193820823516722,8.023116597887372,8.059054374694824,2010500,0.0,0.0
2022-10-10 00:00:00-04:00,8.086007493094366,8.17585236352509,8.050069716286915,8.059054374694824,1001100,0.0,0.0
2022-10-11 00:00:00-04:00,8.023115675201641,8.166866765899583,7.942255472478028,8.130928993225098,1544700,0.0,0.0
2022-10-12 00:00:00-04:00,8.130928993225098,8.175851423274226,8.023115675201641,8.130928993225098,1280900,0.0,0.0
2022-10-13 00:00:00-04:00,7.987178115282463,8.49929160374112,7.9153025680189355,8.481322288513184,2024500,0.0,0.0
2022-10-14 00:00:00-04:00,8.62507545237107,8.634059254423864,8.1938212513404,8.24772834777832,1830600,0.0,0.0
2022-10-17 00:00:00-04:00,8.418432161454936,8.535230150544447,8.40046370142342,8.499292373657227,1182800,0.0,0.0
2022-10-18 00:00:00-04:00,8.66999699881547,8.73288875388166,8.49929276494833,8.544215202331543,1124200,0.0,0.0
2022-10-19 00:00:00-04:00,8.454370361004514,8.490308139688384,8.202805910217425,8.24772834777832,1765600,0.0,0.0
2022-10-20 00:00:00-04:00,8.202804446226258,8.346555535305837,8.121944244412974,8.139913558959961,1067200,0.0,0.0
2022-10-21 00:00:00-04:00,8.193821062795312,8.27468127717943,8.041085292697357,8.256711959838867,1756700,0.0,0.0
2022-10-24 00:00:00-04:00,8.301633253109072,8.346555683449795,8.211789249251723,8.274680137634277,1213300,0.0,0.0
2022-10-25 00:00:00-04:00,8.256712207241915,8.562183756590937,8.256712207241915,8.53523063659668,1730600,0.0,0.0
2022-10-26 00:00:00-04:00,8.571168415530433,8.616090853403684,8.454370419789676,8.53523063659668,1263900,0.0,0.0
2022-10-27 00:00:00-04:00,8.58913516998291,8.6969484746073,8.544212745516752,8.58913516998291,1195700,0.0,0.0
2022-10-28 00:00:00-04:00,8.598121303765506,8.831717288950529,8.553199723927337,8.777811050415039,1376500,0.0,0.0
2022-10-31 00:00:00-04:00,8.714918417559785,8.732887733142427,8.580151977986477,8.69694995880127,2187900,0.0,0.0
2022-11-01 00:00:00-04:00,8.768826202293315,8.831717098167553,8.714919108098115,8.786794662475586,1344600,0.0,0.0
2022-11-02 00:00:00-04:00,8.732888769207777,8.858670565912451,8.57116833707408,8.616090774536133,1792900,0.0,0.0
2022-11-03 00:00:00-04:00,8.535229677819524,9.18211048278608,8.391478578232322,9.128203392028809,2144600,0.0,0.0
2022-11-04 00:00:00-04:00,9.22703251350116,9.253985629293114,8.939529470031928,9.083280563354492,1621600,0.0,0.0
2022-11-07 00:00:00-05:00,9.1102347059308,9.379767582526952,9.1102347059308,9.298908233642578,2141700,0.0,0.0
2022-11-08 00:00:00-05:00,9.325862461640883,9.343830922371328,9.065313354867765,9.137188911437988,1418800,0.0,0.0
2022-11-09 00:00:00-05:00,9.137188592848515,9.245001923944686,9.002422143184347,9.011405944824219,997500,0.0,0.0
2022-11-10 00:00:00-05:00,9.236017155887701,9.685239791870117,9.236017155887701,9.685239791870117,1395500,0.0,0.0
2022-11-11 00:00:00-05:00,9.67625486405318,9.721176436963354,9.370783370049127,9.478596687316895,2534800,0.0,0.0
2022-11-14 00:00:00-05:00,9.433674267265648,9.496565154863713,9.253985404968262,9.253985404968262,1162700,0.0,0.0
2022-11-15 00:00:00-05:00,9.40672202759401,9.45164446155523,9.083281188532567,9.262970924377441,3223100,0.0,0.0
2022-11-16 00:00:00-05:00,9.271954607230642,9.30789238257556,9.137188163893232,9.191094398498535,1306800,0.0,0.0
2022-11-17 00:00:00-05:00,9.11023573135132,9.307893082192995,9.056328635869999,9.289924621582031,1847700,0.0,0.0
2022-11-18 00:00:00-05:00,9.487581995252512,9.586410661985925,9.388752471694959,9.424690246582031,2274400,0.0,0.0
2022-11-21 00:00:00-05:00,9.44265939906729,9.460627857787879,9.128203231627808,9.218048095703125,1390900,0.0,0.0
2022-11-22 00:00:00-05:00,9.209063644270598,9.307892311508517,9.119218778182203,9.271954536437988,3125300,0.0,0.0
2022-11-23 00:00:00-05:00,9.271954260523668,9.316876692231066,9.15515628081408,9.298908233642578,2262500,0.0,0.0
2022-11-25 00:00:00-05:00,9.280939662482648,9.325862097792445,9.200079450289852,9.236017227172852,879300,0.0,0.0
2022-11-28 00:00:00-05:00,9.227032798962238,9.469612562242844,9.047343069925786,9.065312385559082,3247700,0.0,0.0
2022-11-29 00:00:00-05:00,9.038360657105756,9.505551796612169,8.984453558750577,9.397738456726074,3932500,0.0,0.0
2022-11-30 00:00:00-05:00,9.325861377952334,9.66727066040039,9.17312562378283,9.66727066040039,2406900,0.0,0.0
2022-12-01 00:00:00-05:00,9.75711466726096,9.864927989588118,9.532503364873353,9.66727066040039,2461100,0.0,0.0
2022-12-02 00:00:00-05:00,9.550473141281243,9.72117736233203,9.487582247761082,9.631333351135254,5755400,0.0,0.0
2022-12-05 00:00:00-05:00,9.577425506197986,9.613363279216918,9.361798868084405,9.388751983642578,1888500,0.0,0.0
2022-12-06 00:00:00-05:00,9.379767839155118,9.442659587995825,9.092265639280368,9.200078964233398,1963300,0.0,0.0
2022-12-07 00:00:00-05:00,9.164141008453662,9.559457382306558,9.164141008453662,9.514534950256348,2377100,0.0,0.0
2022-12-08 00:00:00-05:00,9.568440689961328,9.63133243431892,9.415704942959302,9.478596687316895,1879100,0.0,0.0
2022-12-09 00:00:00-05:00,9.379769627037351,9.505552291870117,9.379769627037351,9.505552291870117,1394000,0.0,0.0
2022-12-12 00:00:00-05:00,9.487582692138737,9.523520469665527,9.343830725207376,9.523520469665527,2094600,0.0,0.0
2022-12-13 00:00:00-05:00,9.802037780044447,9.864928674898248,9.604379580301414,9.685239791870117,1570500,0.0,0.0
2022-12-14 00:00:00-05:00,9.70320890282234,9.864928465706202,9.586410917124786,9.631333351135254,1203500,0.0,0.0
2022-12-15 00:00:00-05:00,9.55945900181421,9.649303024311353,9.397738561765374,9.4606294631958,1595300,0.0,0.0
2022-12-16 00:00:00-05:00,9.298908510358993,9.388752519623244,9.020390110944284,9.271954536437988,9027600,0.0,0.0
2022-12-19 00:00:00-05:00,9.253986318258324,9.289924094264556,9.038359662220936,9.110235214233398,1762200,0.0,0.0
2022-12-20 00:00:00-05:00,9.074298481276081,9.191095624103504,8.97546894328082,9.101251602172852,1499100,0.0,0.0
2022-12-21 00:00:00-05:00,9.173125175469481,9.325860922174408,9.128202745822605,9.182109832763672,1152000,0.0,0.0
2022-12-22 00:00:00-05:00,9.11023504659058,9.20906371458307,9.002421720555823,9.191094398498535,1023200,0.0,0.0
2022-12-23 00:00:00-05:00,9.1641412112264,9.298908510358993,9.1641412112264,9.271954536437988,908200,0.0,0.0
2022-12-27 00:00:00-05:00,9.298908045003186,9.379767392247233,9.262970271731133,9.307891845703125,1068200,0.0,0.0
2022-12-28 00:00:00-05:00,9.361798854759755,9.388751970279566,9.065312013569544,9.092265129089355,1669300,0.0,0.0
2022-12-29 00:00:00-05:00,9.224169722086677,9.34242840836802,9.196878655417281,9.23326587677002,1106700,0.125,0.0
2022-12-30 00:00:00-05:00,9.205975013562648,9.233265210723662,9.024038919923017,9.115007400512695,7058100,0.0,0.0
2023-01-03 00:00:00-05:00,9.251458544802007,9.38791038768878,9.15139391785435,9.315135955810547,1711200,0.0,0.0
2023-01-04 00:00:00-05:00,9.442493800829343,9.751785640684501,9.360622329392406,9.66081714630127,2469000,0.0,0.0
2023-01-05 00:00:00-05:00,9.615332751971437,9.615332751971437,9.31513793965629,9.324234962463379,1120200,0.0,0.0
2023-01-06 00:00:00-05:00,9.369718134922122,9.642622715073204,9.369718134922122,9.615331649780273,852100,0.0,0.0
2023-01-09 00:00:00-05:00,9.578945674864332,9.697204370546592,9.542558450619012,9.66081714630127,1689300,0.0,0.0
2023-01-10 00:00:00-05:00,9.660816337849948,9.715397603420305,9.597138917634352,9.688106536865234,3097600,0.0,0.0
2023-01-11 00:00:00-05:00,9.78817279067302,10.142948007488476,9.78817279067302,10.115657806396484,2613100,0.0,0.0
2023-01-12 00:00:00-05:00,10.197529429750837,10.288497924804688,10.042883508683207,10.288497924804688,1778400,0.0,0.0
2023-01-13 00:00:00-05:00,10.215722456466896,10.297593927291059,10.197529278250332,10.270303726196289,718700,0.0,0.0
2023-01-17 00:00:00-05:00,10.306691393363787,10.34307861890144,10.13385228894491,10.188432693481445,995700,0.0,0.0
2023-01-18 00:00:00-05:00,10.1793350870207,10.261206556674836,10.00649599250407,10.088367462158203,1667400,0.0,0.0
2023-01-19 00:00:00-05:00,10.06107615566686,10.133850594574346,9.988300849219632,10.070172309875488,1346900,0.0,0.0
2023-01-20 00:00:00-05:00,10.097464261099296,10.21572208404541,9.997398748166678,10.21572208404541,1104000,0.0,0.0
2023-01-23 00:00:00-05:00,10.179334801699277,10.397659003837402,10.11565737932639,10.352174758911133,1002900,0.0,0.0
2023-01-24 00:00:00-05:00,10.361270904541016,10.415851299801606,10.197527983679764,10.361270904541016,672800,0.0,0.0
2023-01-25 00:00:00-05:00,10.32488491902541,10.32488491902541,10.16114197859665,10.26120662689209,961000,0.0,0.0
2023-01-26 00:00:00-05:00,10.2703037272107,10.461336869972666,10.2703037272107,10.424949645996094,1230900,0.0,0.0
2023-01-27 00:00:00-05:00,10.36127047206844,10.506819343407887,10.352173450724798,10.452238082885742,1063400,0.0,0.0
2023-01-30 00:00:00-05:00,10.36127140435569,10.461336045520259,10.26120589565134,10.297593116760254,1641700,0.0,0.0
2023-01-31 00:00:00-05:00,10.297593498915196,10.534110878670447,10.297593498915196,10.506820678710938,2819800,0.0,0.0
2023-02-01 00:00:00-05:00,10.461336577033908,10.6159824914889,10.379465108494227,10.534111022949219,1757900,0.0,0.0
2023-02-02 00:00:00-05:00,10.652370090524244,10.84340323468124,10.597788820390878,10.743338584899902,3670400,0.0,0.0
2023-02-03 00:00:00-05:00,10.65237023407101,10.67056341266739,10.515918358208612,10.615983009338379,1574500,0.0,0.0
2023-02-06 00:00:00-05:00,10.479529596381132,10.552304035172135,10.42494833351801,10.525012969970703,884300,0.0,0.0
2023-02-07 00:00:00-05:00,10.42494905861632,10.579594968688397,10.306690370470626,10.488626480102539,1386600,0.0,0.0
2023-02-08 00:00:00-05:00,10.415851291210368,10.534109970897092,10.352173874278956,10.370367050170898,1087400,0.0,0.0
2023-02-09 00:00:00-05:00,10.452240212924961,10.461337236122464,10.243013884621654,10.33398151397705,1827100,0.0,0.0
2023-02-10 00:00:00-05:00,10.315787392306772,10.361271636597364,10.24301294845775,10.324884414672852,1387200,0.0,0.0
2023-02-13 00:00:00-05:00,10.370366401150385,10.470431898682651,10.33397918410402,10.415850639343262,1137700,0.0,0.0
2023-02-14 00:00:00-05:00,10.361272219898659,10.434046667844614,10.23391650222331,10.270303726196289,1518400,0.0,0.0
2023-02-15 00:00:00-05:00,10.152044459876569,10.324884414672852,10.152044459876569,10.324884414672852,1897200,0.0,0.0
2023-02-16 00:00:00-05:00,10.233916942288483,10.352175642170826,9.997399542523798,10.188432693481445,2234300,0.0,0.0
2023-02-17 00:00:00-05:00,10.261207078031793,10.352175575056107,10.106561153614392,10.170239448547363,2326200,0.0,0.0
2023-02-21 00:00:00-05:00,10.070172672442148,10.115656915281878,9.870043392010977,9.970108032226562,2319400,0.0,0.0
2023-02-22 00:00:00-05:00,10.033785340894415,10.133850847544942,9.606235718524985,9.651719093322754,2254500,0.0,0.0
2023-02-23 00:00:00-05:00,9.706300075091452,9.851848952302912,9.61533159306442,9.760880470275879,2042300,0.0,0.0
2023-02-24 00:00:00-05:00,9.615332821930297,9.642623890550125,9.424299679290762,9.497074127197266,1646000,0.0,0.0
2023-02-27 00:00:00-05:00,9.63352575187879,9.63352575187879,9.424298587726328,9.469782829284668,1849800,0.0,0.0
2023-02-28 00:00:00-05:00,9.451590757576916,9.651720055754554,9.433396711811758,9.487977981567383,2642700,0.0,0.0
2023-03-01 00:00:00-05:00,9.406105617600515,9.52436430122591,9.296943955993942,9.351524353027344,1124000,0.0,0.0
2023-03-02 00:00:00-05:00,9.324233950329782,9.478879851104285,9.324233950329782,9.469782829284668,1358200,0.0,0.0
2023-03-03 00:00:00-05:00,9.551654815673828,9.5880420374129,9.415202951037264,9.551654815673828,1773600,0.0,0.0
2023-03-06 00:00:00-05:00,9.533459792835366,9.533459792835366,9.360620724194217,9.397007942199707,2205700,0.0,0.0
2023-03-07 00:00:00-05:00,9.40610695520523,9.451591204227709,9.178686577632723,9.251461029052734,4137300,0.0,0.0
2023-03-08 00:00:00-05:00,9.278750496329147,9.306040696564576,9.187782873031109,9.287847518920898,2841000,0.0,0.0
2023-03-09 00:00:00-05:00,9.324234138655195,9.360621359128844,9.169588234757244,9.196878433227539,1512700,0.0,0.0
2023-03-10 00:00:00-05:00,9.17868689067761,9.205977094005892,8.85120098057856,8.987653732299805,2300300,0.0,0.0
2023-03-13 00:00:00-04:00,8.905781090455754,9.115008268725198,8.8602968458285,8.951265335083008,1724200,0.0,0.0
2023-03-14 00:00:00-04:00,9.15139549955298,9.269653321139677,8.9967495881983,9.105911254882812,1418100,0.0,0.0
2023-03-15 00:00:00-04:00,8.933072019985653,9.142299215347494,8.923975864348957,9.069524765014648,1837000,0.0,0.0
2023-03-16 00:00:00-04:00,8.933070928505433,9.087716833452413,8.851199464999413,9.051329612731934,1657900,0.0,0.0
2023-03-17 00:00:00-04:00,9.014942228942974,9.014942228942974,8.823909106731056,8.869393348693848,4119200,0.0,0.0
2023-03-20 00:00:00-04:00,8.933072458103322,9.060428186201833,8.887589075069496,8.987653732299805,1746000,0.0,0.0
2023-03-21 00:00:00-04:00,9.078620247421416,9.115008337429341,8.896684135080871,8.96945858001709,2881600,0.0,0.0
2023-03-22 00:00:00-04:00,8.88758887623714,8.942169281672633,8.623780402319282,8.641974449157715,1674600,0.0,0.0
2023-03-23 00:00:00-04:00,8.687457133879938,8.76023157304532,8.514617190207348,8.551004409790039,1279300,0.0,0.0
2023-03-24 00:00:00-04:00,8.514617932340885,8.833006782094989,8.478230709586686,8.823909759521484,1222300,0.0,0.0
2023-03-27 00:00:00-04:00,8.923974981737555,9.005845579609817,8.851199671062554,8.93307113647461,1165700,0.0,0.0
2023-03-28 00:00:00-04:00,8.860296047290156,8.978554725646973,8.787521609461304,8.978554725646973,1344800,0.0,0.0
2023-03-29 00:00:00-04:00,9.087717429991843,9.151395721087505,8.987652783326988,9.142298698425293,1469200,0.0,0.0
2023-03-30 00:00:00-04:00,9.266652161322392,9.275862877162197,9.202171879647848,9.257440567016602,1365200,0.125,0.0
2023-03-31 00:00:00-04:00,9.35876457838118,9.50614655938468,9.312707489701113,9.496935844421387,2160600,0.0,0.0
2023-04-03 00:00:00-04:00,9.487725941757935,9.561416945391834,9.220595833968542,9.275863647460938,2850200,0.0,0.0
2023-04-04 00:00:00-04:00,9.266652915656985,9.275863632246573,9.073213811818771,9.156115531921387,1984100,0.0,0.0
2023-04-05 00:00:00-04:00,9.128481570607477,9.220595763680699,9.082424474070866,9.165327072143555,2377700,0.0,0.0
2023-04-06 00:00:00-04:00,9.25744161960628,9.25744161960628,9.08242482176045,9.119270324707031,2993600,0.0,0.0
2023-04-10 00:00:00-04:00,9.07321302300028,9.110058521553475,8.935041744576319,9.0179443359375,3002300,0.0,0.0
2023-04-11 00:00:00-04:00,9.008733088472532,9.05479018305348,8.944253683138813,8.971887588500977,2464500,0.0,0.0
2023-04-12 00:00:00-04:00,9.082423068981136,9.137691751967978,8.953464272788365,8.981098175048828,2021200,0.0,0.0
2023-04-13 00:00:00-04:00,8.944254161356252,8.999522853501611,8.852139967269338,8.916620254516602,3371300,0.0,0.0
2023-04-14 00:00:00-04:00,8.898196325160653,8.935041824041537,8.704757236419509,8.769237518310547,4854200,0.0,0.0
2023-04-17 00:00:00-04:00,8.787660250760782,8.842928940970737,8.6771237488069,8.833717346191406,4227800,0.0,0.0
2023-04-18 00:00:00-04:00,8.842928331481184,8.907407733560266,8.76002574111324,8.787659645080566,1429400,0.0,0.0
2023-04-19 00:00:00-04:00,8.713968781105288,8.898196274460012,8.65870009386588,8.888984680175781,1928800,0.0,0.0
2023-04-20 00:00:00-04:00,8.842928756839914,8.916619756608078,8.787660067780784,8.852139472961426,1031200,0.0,0.0
2023-04-21 00:00:00-04:00,8.925831081252781,8.953465866899366,8.778449071668605,8.898197174072266,937500,0.0,0.0
2023-04-24 00:00:00-04:00,8.925830713770226,8.925830713770226,8.732391614538498,8.824505805969238,1230700,0.0,0.0
2023-04-25 00:00:00-04:00,8.7231810491837,8.796872052217616,8.53895354159891,8.566587448120117,1997700,0.0,0.0
2023-04-26 00:00:00-04:00,8.502107387353098,8.640278680559776,8.37314856785282,8.419205665588379,1972100,0.0,0.0
2023-04-27 00:00:00-04:00,8.456049344458803,8.548162641598768,8.428414564697519,8.529740333557129,1678000,0.0,0.0
2023-04-28 00:00:00-04:00,8.529741184760608,8.723180270063938,8.529741184760608,8.658699989318848,1959600,0.0,0.0
2023-05-01 00:00:00-04:00,8.640278395968618,8.695546208658035,8.520530297186825,8.575798988342285,1755300,0.0,0.0
2023-05-02 00:00:00-04:00,8.55737579846845,8.71396939853187,8.474473200968282,8.575798988342285,6309200,0.0,0.0
2023-05-03 00:00:00-04:00,8.925830178846725,9.01794436475708,8.760025874060466,8.888984680175781,3653100,0.0,0.0
2023-05-04 00:00:00-04:00,8.787660839485978,8.842929533398634,8.677124330126757,8.760026931762695,1946700,0.0,0.0
2023-05-05 00:00:00-04:00,8.852140076460692,8.907408769287795,8.769238354919148,8.898197174072266,2001900,0.0,0.0
2023-05-08 00:00:00-04:00,8.898196166447702,8.971887162895081,8.842928358345153,8.907407760620117,2072900,0.0,0.0
2023-05-09 00:00:00-04:00,8.861350904791264,8.944253497624269,8.750814407169257,8.87977409362793,2098300,0.0,0.0
2023-05-10 00:00:00-04:00,8.962675961026509,9.146904338674759,8.769237745734666,9.100847244262695,3736400,0.0,0.0
2023-05-11 00:00:00-04:00,9.008732979475191,9.036367762969013,8.888984886399973,8.990310668945312,1315600,0.0,0.0
2023-05-12 00:00:00-04:00,9.008733455132816,9.064002146572623,8.95346564215906,9.045578956604004,1330100,0.0,0.0
2023-05-15 00:00:00-04:00,9.192960869012495,9.349554468289272,9.165326962806605,9.18375015258789,1857800,0.0,0.0
2023-05-16 00:00:00-04:00,9.128480429760096,9.14690361745869,9.064001029746894,9.073212623596191,2747100,0.0,0.0
2023-05-17 00:00:00-04:00,9.128480882133497,9.275862877162197,9.064001478924936,9.257440567016602,1861300,0.0,0.0
2023-05-18 00:00:00-04:00,9.183750690157254,9.395612114247086,9.183750690157254,9.349555015563965,2006800,0.0,0.0
2023-05-19 00:00:00-04:00,9.423245006237604,9.460091383984906,9.275863009112378,9.358765602111816,1563000,0.0,0.0
2023-05-22 00:00:00-04:00,9.340343657635803,9.496937255332806,9.321920468040377,9.432456970214844,1125900,0.0,0.0
2023-05-23 00:00:00-04:00,9.441668455967854,9.579838862473657,9.423245266585202,9.45088005065918,1438200,0.0,0.0
2023-05-24 00:00:00-04:00,9.414034101407294,9.414034101407294,9.257440512986742,9.26665210723877,1351200,0.0,0.0
2023-05-25 00:00:00-04:00,9.25744048701551,9.275862797001903,9.073212994821693,9.146903991699219,1857900,0.0,0.0
2023-05-26 00:00:00-04:00,9.146903551674892,9.349553344106356,9.128480364108794,9.321919441223145,1610400,0.0,0.0
2023-05-30 00:00:00-04:00,9.395610701680624,9.533781976956874,9.358765203966817,9.414033889770508,2079100,0.0,0.0
2023-05-31 00:00:00-04:00,9.432457225226775,9.570628515529922,9.367977816831605,9.524571418762207,4177700,0.0,0.0
2023-06-01 00:00:00-04:00,9.469301437737357,9.607472709228999,9.41403363191345,9.570627212524414,2074800,0.0,0.0
2023-06-02 00:00:00-04:00,9.690376700658922,9.837758708834317,9.644319603487594,9.75485610961914,1866000,0.0,0.0
2023-06-05 00:00:00-04:00,9.718009068706511,9.754854564915792,9.506146806653705,9.579837799072266,1675900,0.0,0.0
2023-06-06 00:00:00-04:00,9.60747232771408,9.782488210494448,9.57062683247264,9.736431121826172,1764100,0.0,0.0
2023-06-07 00:00:00-04:00,9.800913514742772,9.893026833513636,9.754856416124296,9.837759017944336,2957000,0.0,0.0
2023-06-08 00:00:00-04:00,9.810122588209834,9.819334182083535,9.635106696939236,9.681163787841797,2277600,0.0,0.0
2023-06-09 00:00:00-04:00,9.671952540147679,9.699586444291914,9.386399269104004,9.386399269104004,2998000,0.0,0.0
2023-06-12 00:00:00-04:00,9.377188499491183,9.432456307462118,9.340343001355235,9.395610809326172,3654400,0.0,0.0
2023-06-13 00:00:00-04:00,9.34955421215393,9.561416496504462,9.34955421215393,9.460091590881348,3305000,0.0,0.0
2023-06-14 00:00:00-04:00,9.496936960965773,9.589050270689668,9.42324508333425,9.4693021774292,2414800,0.0,0.0
2023-06-15 00:00:00-04:00,9.41403407775267,9.552204477321986,9.404822483523787,9.506147384643555,3629600,0.0,0.0
2023-06-16 00:00:00-04:00,9.6074731642293,9.616683879992204,9.4600911704311,9.506147384643555,6596700,0.0,0.0
2023-06-20 00:00:00-04:00,9.441668677880743,9.450880272788574,9.303498268127441,9.303498268127441,1576600,0.0,0.0
2023-06-21 00:00:00-04:00,9.23901729856314,9.266652081241693,9.119269209020665,9.146903991699219,2468400,0.0,0.0
2023-06-22 00:00:00-04:00,9.15611506662161,9.192960566505691,8.842928756839914,8.852139472961426,2156600,0.0,0.0
2023-06-23 00:00:00-04:00,8.760025389062509,8.842927976098736,8.566586312133287,8.58500862121582,6111000,0.0,0.0
2023-06-26 00:00:00-04:00,8.585009557945654,8.8705628468427,8.566587246853022,8.833717346191406,2016600,0.0,0.0
2023-06-27 00:00:00-04:00,8.870562575870094,9.045578479000952,8.815293887348455,8.990310668945312,2447700,0.0,0.0
2023-06-28 00:00:00-04:00,8.944252967834473,8.990310058732069,8.879773567657404,8.944252967834473,1894800,0.0,0.0
2023-06-29 00:00:00-04:00,8.874267624446544,9.107555411272653,8.864935899392153,9.098223686218262,1458500,0.125,0.0
2023-06-30 00:00:00-04:00,9.154213146622332,9.191539156917617,8.97691393027801,9.098223686218262,2652400,0.0,0.0
2023-07-03 00:00:00-04:00,9.07022991543382,9.210202239499697,9.07022991543382,9.200870513916016,682900,0.0,0.0
2023-07-05 00:00:00-04:00,9.163543487861993,9.303516686366818,9.079559746743547,9.228864669799805,1739000,0.0,0.0
2023-07-06 00:00:00-04:00,9.107555389404297,9.116887114436283,8.97691390872334,9.107555389404297,1422800,0.0,0.0
2023-07-07 00:00:00-04:00,9.098223815974613,9.144881551989712,9.051566079959516,9.070229530334473,1815000,0.0,0.0
2023-07-10 00:00:00-04:00,9.02357185761559,9.312848221078207,9.004908407109717,9.2848539352417,3093500,0.0,0.0
2023-07-11 00:00:00-04:00,9.32217996541958,9.546136032414825,9.238196217815787,9.518141746520996,2788500,0.0,0.0
2023-07-12 00:00:00-04:00,9.667445311421071,9.714103045543519,9.630119302107563,9.639451026916504,1423000,0.0,0.0
2023-07-13 00:00:00-04:00,9.62078857421875,9.704771428666465,9.592793399480577,9.62078857421875,1367000,0.0,0.0
2023-07-14 00:00:00-04:00,9.564798313213004,9.639450326415037,9.518140582481184,9.58346176147461,1256300,0.0,0.0
2023-07-17 00:00:00-04:00,9.564799802422959,9.676777839660645,9.452821765185272,9.676777839660645,2192100,0.0,0.0
2023-07-18 00:00:00-04:00,9.723435120469755,9.770092856272237,9.499479056524596,9.546135902404785,1556400,0.0,0.0
2023-07-19 00:00:00-04:00,9.686108567735689,9.76076058487289,9.630119109921665,9.695440292358398,1908400,0.0,0.0
2023-07-20 00:00:00-04:00,9.676777862079954,9.70477214897365,9.546136373372146,9.66744613647461,1210500,0.0,0.0
2023-07-21 00:00:00-04:00,9.714102745056152,9.798086485894231,9.639450728738357,9.714102745056152,1090000,0.0,0.0
2023-07-24 00:00:00-04:00,9.686108104056556,9.826080407007703,9.64878209727477,9.816749572753906,1114500,0.0,0.0
2023-07-25 00:00:00-04:00,9.76076186059351,9.882071626777076,9.72343584714644,9.854077339172363,1185700,0.0,0.0
2023-07-26 00:00:00-04:00,9.882069172722675,10.012709742383736,9.882069172722675,9.984715461730957,1106900,0.0,0.0
2023-07-27 00:00:00-04:00,10.012711636470826,10.031375087051302,9.686109260613236,9.751429557800293,1385200,0.0,0.0
2023-07-28 00:00:00-04:00,9.807419618149725,9.835413905806579,9.602126098847293,9.611457824707031,1311800,0.0,0.0
2023-07-31 00:00:00-04:00,9.61145770869714,9.639451996016104,9.34084389148756,9.396832466125488,2982700,0.0,0.0
2023-08-01 00:00:00-04:00,9.396831815273039,9.443489550854558,9.256859498450769,9.322179794311523,2020000,0.0,0.0
2023-08-02 00:00:00-04:00,9.284853891196432,9.49947912138433,9.191539308876635,9.30351734161377,2068500,0.0,0.0
2023-08-03 00:00:00-04:00,9.266191549272197,9.266191549272197,9.042234588592937,9.23819637298584,1735400,0.0,0.0
2023-08-04 00:00:00-04:00,9.266190550106147,9.368836848987561,9.182206810147616,9.256858825683594,1524400,0.0,0.0
2023-08-07 00:00:00-04:00,9.21020159247839,9.368837356567383,9.163543857760049,9.368837356567383,1882800,0.0,0.0
2023-08-08 00:00:00-04:00,9.266191330701393,9.340843352526148,9.200870144163007,9.30351734161377,1030000,0.0,0.0
2023-08-09 00:00:00-04:00,9.284853913196955,9.350175099890118,9.21020189119531,9.294185638427734,1727500,0.0,0.0
2023-08-10 00:00:00-04:00,9.312847672179004,9.368837130474303,9.182207086027056,9.19153881072998,1420500,0.0,0.0
2023-08-11 00:00:00-04:00,9.116886687247153,9.210201263427734,9.107554962652424,9.210201263427734,2020900,0.0,0.0
2023-08-14 00:00:00-04:00,9.172875904587809,9.191539355099,8.976914123831797,9.042234420776367,2137200,0.0,0.0
2023-08-15 00:00:00-04:00,8.930255740566224,9.00490775735858,8.90226145674965,8.967581748962402,1123600,0.0,0.0
2023-08-16 00:00:00-04:00,8.995577377761109,8.995577377761109,8.85560417175293,8.85560417175293,1849800,0.0,0.0
2023-08-17 00:00:00-04:00,8.836940977505414,8.911592992717779,8.752957237910948,8.77161979675293,1943300,0.0,0.0
2023-08-18 00:00:00-04:00,8.687637697732262,8.855604301512058,8.687637697732262,8.82761001586914,1092400,0.0,0.0
2023-08-21 00:00:00-04:00,8.790282519935564,8.79961424354739,8.668972782748257,8.72496223449707,1069800,0.0,0.0
2023-08-22 00:00:00-04:00,8.780952279849416,8.836941741057544,8.687637697732262,8.82761001586914,1099600,0.0,0.0
2023-08-23 00:00:00-04:00,8.864936784183024,9.12621888232805,8.84627333221148,9.116888046264648,1788300,0.0,0.0
2023-08-24 00:00:00-04:00,9.107553832315942,9.219531843788417,8.986244097406894,9.00490665435791,2342400,0.0,0.0
2023-08-25 00:00:00-04:00,9.06089719332025,9.098223201627473,8.939587443841214,8.976913452148438,1650400,0.0,0.0
2023-08-28 00:00:00-04:00,9.023573055421663,9.200871409150865,8.99557876586914,8.99557876586914,2299300,0.0,0.0
2023-08-29 00:00:00-04:00,8.958251391645538,9.107555433185917,8.948919666568694,9.088891983032227,3234500,0.0,0.0
2023-08-30 00:00:00-04:00,9.088891661482084,9.191538853851318,9.07955993673538,9.17287540435791,1318000,0.0,0.0
2023-08-31 00:00:00-04:00,9.144882093288865,9.21020239362303,9.070230067214862,9.163544654846191,2302200,0.0,0.0
2023-09-01 00:00:00-04:00,9.228865690667057,9.284854264324474,9.15421366584228,9.200870513916016,1365700,0.0,0.0
2023-09-05 00:00:00-04:00,9.135549384465468,9.163543668750146,8.930255889892578,8.930255889892578,2108100,0.0,0.0
2023-09-06 00:00:00-04:00,8.939586891678243,8.976912897679988,8.836940597653994,8.883598327636719,1221300,0.0,0.0
2023-09-07 00:00:00-04:00,8.864936174757267,9.079560518141312,8.864936174757267,9.032903671264648,1148600,0.0,0.0
2023-09-08 00:00:00-04:00,9.03290290957039,9.088891477070108,8.967581727591073,8.976913452148438,1074700,0.0,0.0
2023-09-11 00:00:00-04:00,9.014239460455661,9.014239460455661,8.911593160091355,8.976913452148438,1109100,0.0,0.0
2023-09-12 00:00:00-04:00,8.920925183749267,8.958251193307955,8.874267449320339,8.902261734008789,1079800,0.0,0.0
2023-09-13 00:00:00-04:00,8.883598538503984,8.920924545391724,8.79961480052602,8.818277359008789,1715700,0.0,0.0
2023-09-14 00:00:00-04:00,8.920925381260444,9.116887158262761,8.920925381260444,9.088891983032227,1931700,0.0,0.0
2023-09-15 00:00:00-04:00,9.032903585443073,9.107555607643238,8.967582398576202,9.042234420776367,7032300,0.0,0.0
2023-09-18 00:00:00-04:00,9.032903585443073,9.144881618743321,8.94891983798731,9.042234420776367,2312000,0.0,0.0
2023-09-19 00:00:00-04:00,9.032903671264648,9.098223968829826,8.986245934465675,9.032903671264648,1070500,0.0,0.0
2023-09-20 00:00:00-04:00,9.09822305099966,9.191538515183929,9.00490758681539,9.014239311218262,1371900,0.0,0.0
2023-09-21 00:00:00-04:00,8.948920376190403,8.948920376190403,8.687638282775879,8.687638282775879,1976600,0.0,0.0
2023-09-22 00:00:00-04:00,8.71563213384783,8.846272729051774,8.678306122372089,8.790284156799316,2295600,0.0,0.0
2023-09-25 00:00:00-04:00,8.724963252715847,8.771620096375626,8.631647785551793,8.696968078613281,1061900,0.0,0.0
2023-09-26 00:00:00-04:00,8.659642854683165,8.668974580229893,8.463681067813546,8.501007080078125,1408700,0.0,0.0
2023-09-27 00:00:00-04:00,8.547665128689866,8.594322868197688,8.389029348316692,8.426355361938477,1519200,0.0,0.0
2023-09-28 00:00:00-04:00,8.468936202637783,8.620336038284952,8.402699000145697,8.487861633300781,2946800,0.125,0.0
2023-09-29 00:00:00-04:00,8.610873920247673,8.658185690400304,8.383773272409861,8.421623229980469,2371200,0.0,0.0
2023-10-02 00:00:00-04:00,8.402698799852958,8.45001147296847,8.185060864487273,8.298611640930176,2501100,0.0,0.0
2023-10-03 00:00:00-04:00,8.26076076324392,8.27968619341625,8.080973688677693,8.128286361694336,1828400,0.0,0.0
2023-10-04 00:00:00-04:00,8.166135854155275,8.213448524475098,8.014736031063148,8.213448524475098,1501600,0.0,0.0
2023-10-05 00:00:00-04:00,8.213449056430001,8.260760827399904,8.099899181756697,8.175599098205566,3402000,0.0,0.0
2023-10-06 00:00:00-04:00,8.11882478169032,8.24183738776615,8.033662138836721,8.147212028503418,1771300,0.0,0.0
2023-10-09 00:00:00-04:00,8.128286730260617,8.345923772625785,8.099899486129122,8.289149284362793,1764600,0.0,0.0
2023-10-10 00:00:00-04:00,8.31753622794722,8.450011533131018,8.213449068283357,8.22291088104248,2240200,0.0,0.0
2023-10-11 00:00:00-04:00,8.279687287564675,8.374312646102563,8.166137398767791,8.270224571228027,1542500,0.0,0.0
2023-10-12 00:00:00-04:00,8.232373616805614,8.232373616805614,7.882261276245117,7.882261276245117,3821900,0.0,0.0
2023-10-13 00:00:00-04:00,7.995810921263095,8.033660878547574,7.882261049409657,7.948498249053955,1900500,0.0,0.0
2023-10-16 00:00:00-04:00,8.024198066423237,8.128286124505326,7.929573625565337,8.109360694885254,1965100,0.0,0.0
2023-10-17 00:00:00-04:00,8.00527335524562,8.289148476123803,8.00527335524562,8.090435981750488,1800400,0.0,0.0
2023-10-18 00:00:00-04:00,8.02419798784033,8.080973373730378,7.939036262626475,8.01473617553711,1977600,0.0,0.0
2023-10-19 00:00:00-04:00,7.9579605613187185,7.995810516688052,7.702473588179251,7.740323543548584,1703300,0.0,0.0
2023-10-20 00:00:00-04:00,7.787635858144812,7.882261204424016,7.749785900115967,7.749785900115967,1577800,0.0,0.0
2023-10-23 00:00:00-04:00,7.67408590838855,7.787635781355436,7.645698665750372,7.655161380767822,1234100,0.0,0.0
2023-10-24 00:00:00-04:00,7.702474363960934,7.85387420068703,7.702474363960934,7.768711566925049,1715300,0.0,0.0
2023-10-25 00:00:00-04:00,7.7119362431123815,7.74978620261865,7.465911506321636,7.475374221801758,4681200,0.0,0.0
2023-10-26 00:00:00-04:00,7.56053617378475,7.607848847323685,7.456449013930447,7.541611194610596,4717700,0.0,0.0
2023-10-27 00:00:00-04:00,7.579461558056929,7.579461558056929,7.361824073274584,7.4091362953186035,4822800,0.0,0.0
2023-10-30 00:00:00-04:00,7.494298658392201,7.551073593536739,7.333436116545806,7.428061008453369,5722800,0.0,0.0
2023-10-31 00:00:00-04:00,7.541611518328627,7.711936338207084,7.418599374019965,7.484836578369141,4672600,0.0,0.0
2023-11-01 00:00:00-04:00,7.522686215436441,7.6646242360532435,7.437524034756293,7.541611194610596,3123700,0.0,0.0
2023-11-02 00:00:00-04:00,7.7119364738464355,7.787636395123844,7.6740865132077305,7.7119364738464355,1972400,0.0,0.0
2023-11-03 00:00:00-04:00,7.891724653173363,8.06204993134421,7.844411975635432,7.986349105834961,2725900,0.0,0.0
2023-11-06 00:00:00-05:00,7.929573721618797,7.976886393827938,7.806561134840699,7.948498249053955,2792800,0.0,0.0
2023-11-07 00:00:00-05:00,7.939036118064113,7.939036118064113,7.797098107130624,7.8349480628967285,1382500,0.0,0.0
2023-11-08 00:00:00-05:00,7.844411145849328,7.920111060936734,7.816023903295093,7.910648345947266,1540100,0.0,0.0
2023-11-09 00:00:00-05:00,7.967424021001285,7.976886736332248,7.778174226453054,7.806561470031738,2480200,0.0,0.0
2023-11-10 00:00:00-05:00,7.844411068874801,7.872798311150482,7.768711154530213,7.816023826599121,1467900,0.0,0.0
2023-11-13 00:00:00-05:00,7.74032401109653,7.787635781355436,7.645698665750372,7.655161380767822,1384300,0.0,0.0
2023-11-14 00:00:00-05:00,7.976887408686171,8.213449897414332,7.816024844157879,8.080974578857422,1719700,0.0,0.0
2023-11-15 00:00:00-05:00,8.06204993134421,8.175599815986686,7.986349105834961,7.986349105834961,1378800,0.0,0.0
2023-11-16 00:00:00-05:00,7.976886315272496,8.02419808460155,7.834948300042865,7.8538737297058105,1787700,0.0,0.0
2023-11-17 00:00:00-05:00,7.939037441593884,7.939037441593884,7.74978672879894,7.778174877166748,1897900,0.0,0.0
2023-11-20 00:00:00-05:00,7.749785724736985,7.844411068874801,7.6930112401856245,7.816023826599121,1727200,0.0,0.0
2023-11-21 00:00:00-05:00,7.759249386366286,7.929574665630663,7.702474894887675,7.901187419891357,2597000,0.0,0.0
2023-11-22 00:00:00-05:00,8.005273460819744,8.062048846709791,7.939036262626475,8.01473617553711,3229500,0.0,0.0
2023-11-24 00:00:00-05:00,7.986348451390057,8.071511083496791,7.939036680143376,8.052586555480957,583800,0.0,0.0
2023-11-27 00:00:00-05:00,8.062048925663381,8.15667336652128,7.9958108244072825,8.109360694885254,1889700,0.0,0.0
2023-11-28 00:00:00-05:00,8.062048925663381,8.128286124505326,7.976886297201363,8.109360694885254,1444800,0.0,0.0
2023-11-29 00:00:00-05:00,8.203986167907715,8.270223367797236,8.166136210483106,8.203986167907715,1777600,0.0,0.0
2023-11-30 00:00:00-05:00,8.23237313153802,8.39323567074765,8.23237313153802,8.308073043823242,3515100,0.0,0.0
2023-12-01 00:00:00-05:00,8.29861074000453,8.525710463407247,8.279685311847263,8.516247749328613,1924200,0.0,0.0
2023-12-04 00:00:00-05:00,8.487860893923648,8.686573386504273,8.487860893923648,8.67711067199707,2202900,0.0,0.0
2023-12-05 00:00:00-05:00,8.620336524252124,8.667649201162645,8.535174788710295,8.57302474975586,2226600,0.0,0.0
2023-12-06 00:00:00-05:00,8.620335988888469,8.70549862155555,8.544636071498662,8.61087417602539,1994800,0.0,0.0
2023-12-07 00:00:00-05:00,8.610873475274904,8.733885154212034,8.554098090645814,8.67711067199707,1853300,0.0,0.0
2023-12-08 00:00:00-05:00,8.620336417651144,8.714961770302025,8.573024643739947,8.696036338806152,1545700,0.0,0.0
2023-12-11 00:00:00-05:00,8.71496164656903,8.790661566649268,8.658186255301736,8.724424362182617,1410100,0.0,0.0
2023-12-12 00:00:00-05:00,8.752811183503555,8.752811183503555,8.629798593715964,8.68657398223877,1674500,0.0,0.0
2023-12-13 00:00:00-05:00,8.67711159375003,9.055611190104162,8.67711159375003,9.01776123046875,2255800,0.0,0.0
2023-12-14 00:00:00-05:00,9.24486119329185,9.3394856340351,9.11238589335432,9.25432300567627,4773500,0.0,0.0
2023-12-15 00:00:00-05:00,9.235399299566609,9.254323828432083,9.065074027706176,9.112386703491211,5345700,0.0,0.0
2023-12-18 00:00:00-05:00,9.15023641582193,9.15023641582193,9.027223823078062,9.046149253845215,1689300,0.0,0.0
2023-12-19 00:00:00-05:00,9.093460741648446,9.188086087697547,9.093460741648446,9.150236129760742,3162300,0.0,0.0
2023-12-20 00:00:00-05:00,9.159699131205505,9.29217353691874,9.03668653846164,9.046149253845215,2621000,0.0,0.0
2023-12-21 00:00:00-05:00,9.131310356138654,9.225935698628708,9.065073157844102,9.207010269165039,4297600,0.0,0.0
2023-12-22 00:00:00-05:00,9.273248919907997,9.443573283112926,9.244861676442875,9.339486122131348,2978400,0.0,0.0
2023-12-26 00:00:00-05:00,9.377336032485983,9.490885908174551,9.320561545848795,9.462498664855957,1037600,0.0,0.0
2023-12-27 00:00:00-05:00,9.453035484676505,9.557123542415571,9.434110957532953,9.547660827636719,1130700,0.0,0.0
2023-12-28 00:00:00-05:00,9.528489456797002,9.672280093728784,9.509317920388423,9.653107643127441,1494400,0.13,0.0
2023-12-29 00:00:00-05:00,9.61476216375928,9.653106144817631,9.499730220584231,9.509316444396973,2283000,0.0,0.0
2024-01-02 00:00:00-05:00,9.499730220584231,9.605176854139158,9.42304225846753,9.509316444396973,1380900,0.0,0.0
2024-01-03 00:00:00-05:00,9.394283876783025,9.413455408941557,9.250493271727523,9.269665718078613,2738800,0.0,0.0
2024-01-04 00:00:00-05:00,9.3175964738383,9.3175964738383,9.173805860232234,9.231322288513184,1790700,0.0,0.0
2024-01-05 00:00:00-05:00,9.135461660316093,9.308010026827523,9.097117680446063,9.212149620056152,1382100,0.0,0.0
2024-01-08 00:00:00-05:00,9.231321995827383,9.43262811713923,9.202564239695,9.384697914123535,1082000,0.0,0.0
2024-01-09 00:00:00-05:00,9.25049451264932,9.346354928878998,9.202565218727164,9.29842472076416,1044100,0.0,0.0
2024-01-10 00:00:00-05:00,9.298424058956055,9.365526711217923,9.288837835176842,9.327181816101074,1342300,0.0,0.0
2024-01-11 00:00:00-05:00,9.260080307526502,9.288838065384232,9.145048361902944,9.164220809936523,1709400,0.0,0.0
2024-01-12 00:00:00-05:00,9.31759748452041,9.336769019898528,9.077947350041336,9.145049095153809,2619900,0.0,0.0
2024-01-16 00:00:00-05:00,9.058774996686067,9.097118982042272,8.934156815730221,8.972500801086426,1909500,0.0,0.0
2024-01-17 00:00:00-05:00,8.780780281777167,8.924570902804465,8.521958626636284,8.732850074768066,3702200,0.0,0.0
2024-01-18 00:00:00-05:00,8.752022231166356,8.799952436575873,8.56988763344871,8.704092025756836,2704700,0.0,0.0
2024-01-19 00:00:00-05:00,8.761608121804047,9.010843534906144,8.684920161743001,8.943741798400879,3174200,0.0,0.0
2024-01-22 00:00:00-05:00,9.030016456796464,9.173806160922926,9.0012586988097,9.077946662902832,2700400,0.0,0.0
2024-01-23 00:00:00-05:00,9.173805753773564,9.183391977407913,8.982085852049593,9.039602279663086,1419100,0.0,0.0
2024-01-24 00:00:00-05:00,9.154634711536069,9.164220935684398,8.86705438643479,8.90539836883545,1813600,0.0,0.0
2024-01-25 00:00:00-05:00,9.087532196634134,9.125877093817941,8.96291493755743,9.010844230651855,2118700,0.0,0.0
2024-01-26 00:00:00-05:00,9.087531569449627,9.164220444331818,9.001258299318293,9.039602279663086,2302000,0.0,0.0
2024-01-29 00:00:00-05:00,9.010843859765162,9.173806009318143,8.972499878352261,9.154634475708008,1762600,0.0,0.0
2024-01-30 00:00:00-05:00,9.106703942078749,9.116290165634528,8.914984041926136,8.943741798400879,2098400,0.0,0.0
2024-01-31 00:00:00-05:00,8.962914699915874,8.991672457848582,8.713678359985352,8.713678359985352,2910800,0.0,0.0
2024-02-01 00:00:00-05:00,8.71367774065153,8.93415539278602,8.589059579543635,8.924570083618164,2920100,0.0,0.0
2024-02-02 00:00:00-05:00,8.742436916072704,8.886227547249126,8.684921394956314,8.790367126464844,1827600,0.0,0.0
2024-02-05 00:00:00-05:00,8.63699126227,8.665749023086923,8.52195930480957,8.52195930480957,4038200,0.0,0.0
2024-02-06 00:00:00-05:00,8.502786874668281,8.72326547929376,8.483615338809786,8.617818832397461,2582100,0.0,0.0
2024-02-07 00:00:00-05:00,8.579474987802572,8.598647438169596,8.42609904163737,8.445271492004395,2178700,0.0,0.0
2024-02-08 00:00:00-05:00,8.454856120326886,8.713678694227182,8.416512136881583,8.65616226196289,2607100,0.0,0.0
2024-02-09 00:00:00-05:00,8.627405275586467,8.713679474613174,8.579475063439101,8.636991500854492,2420400,0.0,0.0
2024-02-12 00:00:00-05:00,8.636990946003845,8.771194434363764,8.636990946003845,8.675334930419922,1882100,0.0,0.0
2024-02-13 00:00:00-05:00,8.397340402183008,8.483614591427568,8.282308454587815,8.454855918884277,2376900,0.0,0.0
2024-02-14 00:00:00-05:00,8.512372349778202,8.56030255649103,8.397340402183008,8.454855918884277,1828400,0.0,0.0
2024-02-15 00:00:00-05:00,8.665748550904391,8.723264983596996,8.224792280903369,8.387754440307617,6312000,0.0,0.0
2024-02-16 00:00:00-05:00,8.330238721364967,8.47402935832038,8.224792985618542,8.272723197937012,2895800,0.0,0.0
2024-02-20 00:00:00-05:00,8.186448163631482,8.311066337272061,8.128931731877113,8.282308578491211,2596300,0.0,0.0
2024-02-21 00:00:00-05:00,8.301480356859855,8.397340774536133,8.253550148021716,8.397340774536133,2864200,0.0,0.0
2024-02-22 00:00:00-05:00,8.35899701688319,8.416512537693816,8.253550371742508,8.330238342285156,2281500,0.0,0.0
2024-02-23 00:00:00-05:00,8.330237871728405,8.34941032037742,8.215205922412334,8.282308578491211,1418100,0.0,0.0
2024-02-26 00:00:00-05:00,8.157690782972747,8.263136512851892,8.109760573321239,8.138518333435059,1927400,0.0,0.0
2024-02-27 00:00:00-05:00,8.16727678186383,8.215206075997072,8.157690557360107,8.205620765686035,1525300,0.0,0.0
2024-02-28 00:00:00-05:00,8.128931953354424,8.311066563711734,8.10976041837574,8.215206146240234,1685900,0.0,0.0
2024-02-29 00:00:00-05:00,8.320651786462559,8.368581075234765,8.25354913663482,8.30147933959961,1887500,0.0,0.0
2024-03-01 00:00:00-05:00,8.282308605104026,8.38775433043441,8.186448189936279,8.378168106079102,1555300,0.0,0.0
2024-03-04 00:00:00-05:00,8.378169006700523,8.474029432172902,8.272723270035119,8.46444320678711,1367200,0.0,0.0
2024-03-05 00:00:00-05:00,8.416512089307666,8.579474246577234,8.330237898495227,8.378168106079102,2176800,0.0,0.0
2024-03-06 00:00:00-05:00,8.45485664397977,8.531544615620055,8.368582447336264,8.52195930480957,2385800,0.0,0.0
2024-03-07 00:00:00-05:00,8.608231473510749,8.608231473510749,8.464441773837185,8.59864616394043,2274400,0.0,0.0
2024-03-08 00:00:00-05:00,8.675333940143023,8.799952103818464,8.617817512987974,8.761608123779297,3006300,0.0,0.0
2024-03-11 00:00:00-04:00,8.76160870502373,8.84788198019077,8.675334515664034,8.819124221801758,2099200,0.0,0.0
2024-03-12 00:00:00-04:00,8.79036661660869,8.828710599859841,8.569888027270064,8.742436408996582,2492700,0.0,0.0
2024-03-13 00:00:00-04:00,8.684920781951627,8.809538040305561,8.684920781951627,8.732850074768066,3821700,0.0,0.0
2024-03-14 00:00:00-04:00,8.684920908740867,8.732850202257016,8.454856094577055,8.560302734375,2979700,0.0,0.0
2024-03-15 00:00:00-04:00,8.454855619793385,8.646576439862562,8.454855619793385,8.608231544494629,5171000,0.0,0.0
2024-03-18 00:00:00-04:00,8.579474449157715,8.646577107036649,8.531544240442102,8.579474449157715,2156700,0.0,0.0
2024-03-19 00:00:00-04:00,8.550716179709484,8.646576591424367,8.493199749842029,8.531543731689453,2036000,0.0,0.0
2024-03-20 00:00:00-04:00,8.483615183652514,8.761609304961967,8.416512523893186,8.694506645202637,2733100,0.0,0.0
2024-03-21 00:00:00-04:00,8.799952103818464,8.847881393222975,8.684920163700962,8.761608123779297,1947700,0.0,0.0
2024-03-22 00:00:00-04:00,8.771194369827471,8.790366818990794,8.560302914187085,8.579474449157715,1991300,0.0,0.0
2024-03-25 00:00:00-04:00,8.598647619609888,8.646577832346079,8.454856981401317,8.46444320678711,1553800,0.0,0.0
2024-03-26 00:00:00-04:00,8.51237283822936,8.51237283822936,8.320652914569564,8.406927108764648,2468500,0.0,0.0
2024-03-27 00:00:00-04:00,8.513959045214351,8.65991225766744,8.484768588313313,8.650182723999023,1906200,0.13,0.0
2024-03-28 00:00:00-04:00,8.708562926501207,8.805865678821014,8.689102932805937,8.7766752243042,1817000,0.0,0.0
2024-04-01 00:00:00-04:00,8.776676065665754,8.835056980295974,8.591801004124944,8.64045238494873,1497500,0.0,0.0
2024-04-02 00:00:00-04:00,8.543148822979457,8.582069738402797,8.406926082971681,8.48476791381836,2342500,0.0,0.0
2024-04-03 00:00:00-04:00,8.426386512455544,8.543149264763608,8.406926517711467,8.523689270019531,1975000,0.0,0.0
2024-04-04 00:00:00-04:00,8.640452465081516,8.747484761528156,8.504228783101135,8.562610626220703,2052300,0.0,0.0
2024-04-05 00:00:00-04:00,8.533419388423013,8.640451675083675,8.475037550641305,8.620990753173828,1471000,0.0,0.0
2024-04-08 00:00:00-04:00,8.68910379805976,8.99074068998184,8.68910379805976,8.854517936706543,3940600,0.0,0.0
2024-04-09 00:00:00-04:00,8.854517011773236,9.068581581115723,8.854517011773236,9.068581581115723,3259700,0.0,0.0
2024-04-10 00:00:00-04:00,8.757214984038088,8.805866363983432,8.669642685726044,8.796135902404785,2329200,0.0,0.0
2024-04-11 00:00:00-04:00,8.825326551335056,8.912898851553695,8.698833331902344,8.854517936706543,2463800,0.0,0.0
2024-04-12 00:00:00-04:00,8.825326919555664,8.86424784039364,8.776676464469157,8.825326919555664,2119400,0.0,0.0
2024-04-15 00:00:00-04:00,8.854517252388698,8.86424678547934,8.601530833075229,8.689103126525879,1866300,0.0,0.0
2024-04-16 00:00:00-04:00,8.611261735257854,8.650182653457808,8.504228514247064,8.582070350646973,2393600,0.0,0.0
2024-04-17 00:00:00-04:00,8.582070265343297,8.582070265343297,8.29016384571906,8.299893379211426,2535000,0.0,0.0
2024-04-18 00:00:00-04:00,8.309624632938364,8.348545554462396,8.173400943630272,8.2415132522583,1630500,0.0,0.0
2024-04-19 00:00:00-04:00,8.25124231227325,8.426386913035437,8.241512778412616,8.34854507446289,5072400,0.0,0.0
2024-04-22 00:00:00-04:00,8.358274511106643,8.455576333414042,8.309623135979045,8.426385879516602,2926600,0.0,0.0
2024-04-23 00:00:00-04:00,8.445848257994289,8.55288055938413,8.406927336766351,8.53342056274414,1994600,0.0,0.0
2024-04-24 00:00:00-04:00,8.455576925924136,8.48476830981491,8.299893256964793,8.309623718261719,3121400,0.0,0.0
2024-04-25 00:00:00-04:00,8.21232115895215,8.319354379900103,8.153940245660436,8.222051620483398,5878200,0.0,0.0
2024-04-26 00:00:00-04:00,8.24151215084021,8.338813977672624,8.222051228705022,8.251241683959961,1688400,0.0,0.0
2024-04-29 00:00:00-04:00,8.31935457386972,8.426386869365293,8.26097273126892,8.280433654785156,2323800,0.0,0.0
2024-04-30 00:00:00-04:00,8.18313105312365,8.260972892815003,8.124750137329102,8.124750137329102,2655700,0.0,0.0
2024-05-01 00:00:00-04:00,8.153940245660436,8.368005759608454,8.134479322597942,8.222051620483398,2846500,0.0,0.0
2024-05-02 00:00:00-04:00,8.270702050643653,8.455576158772782,8.173399302398144,8.36800479888916,3044500,0.0,0.0
2024-05-03 00:00:00-04:00,8.5236888292417,8.620990653826137,8.43611653755223,8.48476791381836,1946700,0.0,0.0
2024-05-06 00:00:00-04:00,8.533419808299033,8.543149341784854,8.41665612699041,8.445847511291504,1946900,0.0,0.0
2024-05-07 00:00:00-04:00,8.504229175862218,8.57234148397208,8.484769179222228,8.53342056274414,1539300,0.0,0.0
2024-05-08 00:00:00-04:00,8.465308025049247,8.543149865393998,8.406927108764648,8.406927108764648,1766500,0.0,0.0
2024-05-09 00:00:00-04:00,8.426386245832282,8.582069910650308,8.406926251703947,8.5431489944458,1653600,0.0,0.0
2024-05-10 00:00:00-04:00,8.59180148061207,8.640452864133982,8.46530825463428,8.53342056274414,1609300,0.0,0.0
2024-05-13 00:00:00-04:00,8.659912460822762,8.659912460822762,8.523689706790297,8.562610626220703,1434900,0.0,0.0
2024-05-14 00:00:00-04:00,8.68910340110959,8.72802431854561,8.494497885981614,8.523689270019531,1768500,0.0,0.0
2024-05-15 00:00:00-04:00,8.65991250362855,8.698833423251344,8.601531588168324,8.630722045898438,2230800,0.0,0.0
2024-05-16 00:00:00-04:00,8.659911865125101,8.728024165403944,8.601530953969354,8.679372787475586,2974000,0.0,0.0
2024-05-17 00:00:00-04:00,8.7182943470367,8.7182943470367,8.543149744760175,8.630722045898438,2905600,0.0,0.0
2024-05-20 00:00:00-04:00,8.611261490007394,8.689103324190352,8.572340572915914,8.601531028747559,1771800,0.0,0.0
2024-05-21 00:00:00-04:00,8.591800643545602,8.601531104891574,8.475037891237537,8.523689270019531,1459400,0.0,0.0
2024-05-22 00:00:00-04:00,8.484768596615176,8.582070429029809,8.484768596615176,8.504228591918945,1356000,0.0,0.0
2024-05-23 00:00:00-04:00,8.513959043272186,8.513959043272186,8.270703070607267,8.29016399383545,1546300,0.0,0.0
2024-05-24 00:00:00-04:00,8.368005954712402,8.368005954712402,8.251242269510803,8.280433654785156,1208000,0.0,0.0
2024-05-28 00:00:00-04:00,8.35827497539679,8.35827497539679,8.163670392024192,8.173399925231934,2105200,0.0,0.0
2024-05-29 00:00:00-04:00,8.056637953652167,8.134479794522395,8.00798657112129,8.115019798278809,1493300,0.0,0.0
2024-05-30 00:00:00-04:00,8.183130824351894,8.270703123543429,8.153940367270682,8.212321281433105,947800,0.0,0.0
2024-05-31 00:00:00-04:00,8.20259099249276,8.270702362060547,8.153939616538135,8.270702362060547,2507800,0.0,0.0
2024-06-03 00:00:00-04:00,8.34854483654596,8.34854483654596,8.21232115895215,8.222051620483398,2522300,0.0,0.0
2024-06-04 00:00:00-04:00,8.290162971471865,8.436116165892347,8.270702050643653,8.36800479888916,2817400,0.0,0.0
2024-06-05 00:00:00-04:00,8.377734504389004,8.455576333414042,8.299892675363965,8.426385879516602,1975600,0.0,0.0
2024-06-06 00:00:00-04:00,8.368006351046128,8.47503865161107,8.338814964389185,8.46530818939209,1380400,0.0,0.0
2024-06-07 00:00:00-04:00,8.475037967644722,8.523689346865336,8.358275214283976,8.445847511291504,2579900,0.0,0.0
2024-06-10 00:00:00-04:00,8.358275214283976,8.475037967644722,8.280433378710145,8.445847511291504,1952400,0.0,0.0
2024-06-11 00:00:00-04:00,8.397196809755123,8.562610955686003,8.358275888827148,8.46530818939209,1675800,0.0,0.0
2024-06-12 00:00:00-04:00,8.689103002242858,8.766944833541631,8.552879333496094,8.552879333496094,3358800,0.0,0.0
2024-06-13 00:00:00-04:00,8.57234037756006,8.611261293764567,8.455576700998702,8.5431489944458,1751800,0.0,0.0
2024-06-14 00:00:00-04:00,8.455577401826147,8.572341088065285,8.445847867929483,8.562610626220703,1979000,0.0,0.0
2024-06-17 00:00:00-04:00,8.60153107513485,8.747484283028044,8.552879696521165,8.669642448425293,2213900,0.0,0.0
2024-06-18 00:00:00-04:00,8.650182723999023,8.728024561033722,8.640452262382713,8.650182723999023,2268100,0.0,0.0
2024-06-20 00:00:00-04:00,8.58207015251023,8.679372909737603,8.562610157833475,8.669642448425293,2035400,0.0,0.0
2024-06-21 00:00:00-04:00,8.70856376133329,8.747484680402737,8.620991461440052,8.64045238494873,6087000,0.0,0.0
2024-06-24 00:00:00-04:00,8.66964342071865,8.93236033792732,8.650183423859472,8.883708953857422,3625700,0.0,0.0
2024-06-25 00:00:00-04:00,8.844788032191097,8.893439416260996,8.786406185717626,8.883708953857422,1990400,0.0,0.0
2024-06-26 00:00:00-04:00,8.796135780011824,8.873977615662097,8.78640531856857,8.805866241455078,1895800,0.0,0.0
2024-06-27 00:00:00-04:00,8.825326236393707,8.864247154218845,8.689103487979667,8.805866241455078,2441500,0.0,0.0
2024-06-28 00:00:00-04:00,8.874970610121123,9.042795495464748,8.786122030648402,9.003307342529297,4768200,0.13,0.0
2024-07-01 00:00:00-04:00,8.993434443157156,9.072410743532824,8.904586811338353,9.023051261901855,2384500,0.0,0.0
2024-07-02 00:00:00-04:00,9.082283362628909,9.27972412109375,9.082283362628909,9.27972412109375,3586700,0.0,0.0
2024-07-03 00:00:00-04:00,9.309340625030176,9.417932803132524,9.220492051368359,9.259980201721191,2220900,0.0,0.0
2024-07-05 00:00:00-04:00,9.230364786941337,9.279724271252402,9.17113208770752,9.17113208770752,1542300,0.0,0.0
2024-07-08 00:00:00-04:00,9.230364470289524,9.230364470289524,9.092155471133147,9.151388168334961,1946400,0.0,0.0
2024-07-09 00:00:00-04:00,9.111899375915527,9.161259801630377,9.003307192520309,9.111899375915527,3325600,0.0,0.0
2024-07-10 00:00:00-04:00,9.131643800829655,9.358700438024902,9.131643800829655,9.338956832885742,1718800,0.0,0.0
2024-07-11 00:00:00-04:00,9.556142180646422,9.694350241649152,9.5166540287211,9.63511848449707,1992100,0.0,0.0
2024-07-12 00:00:00-04:00,9.723966566137216,9.763454716050116,9.605501174926758,9.605501174926758,1832500,0.0,0.0
2024-07-15 00:00:00-04:00,9.66473453847985,9.842431696104763,9.62524638583785,9.822687149047852,2308900,0.0,0.0
2024-07-16 00:00:00-04:00,9.872047759707186,10.020128099514059,9.832559606327232,10.01025676727295,4014800,0.0,0.0
2024-07-17 00:00:00-04:00,9.980639783645064,10.247185520724162,9.96089617801244,10.000384330749512,2549900,0.0,0.0
2024-07-18 00:00:00-04:00,9.970768288198474,10.148464501867918,9.911535589327455,9.931280136108398,1513800,0.0,0.0
2024-07-19 00:00:00-04:00,9.93127980919252,10.020127442366668,9.852302566140313,9.911535263061523,1599400,0.0,0.0
2024-07-22 00:00:00-04:00,9.970768008772215,10.22744051942868,9.911535311561163,10.207696914672852,1569100,0.0,0.0
2024-07-23 00:00:00-04:00,10.158336343179345,10.296545340351878,10.089232315328962,10.257057189941406,2896700,0.0,0.0
2024-07-24 00:00:00-04:00,10.207697050364134,10.355777383152523,10.079360322594024,10.099103927612305,2824100,0.0,0.0
2024-07-25 00:00:00-04:00,10.168209214995281,10.286673673203527,10.049744756787035,10.059616088867188,2177500,0.0,0.0
2024-07-26 00:00:00-04:00,10.168209238488995,10.266929149821381,10.030000232857462,10.237313270568848,2673700,0.0,0.0
2024-07-29 00:00:00-04:00,10.237312628500096,10.296545324762004,10.099103631536824,10.197824478149414,1350500,0.0,0.0
2024-07-30 00:00:00-04:00,10.217569204567658,10.33603365771254,10.168208780389346,10.32616138458252,2229800,0.0,0.0
2024-07-31 00:00:00-04:00,10.207697228123749,10.434753867882879,9.960896041530706,10.168209075927734,3968200,0.0,0.0
2024-08-01 00:00:00-04:00,10.257057135574716,10.33603343597705,9.822686541890109,9.960895538330078,3283600,0.0,0.0
2024-08-02 00:00:00-04:00,9.773326099600094,9.97076779169041,9.763454768172988,9.84243106842041,2252400,0.0,0.0
2024-08-05 00:00:00-04:00,9.477165683542474,9.704222317115118,9.378444835006325,9.388317108154297,3576900,0.0,0.0
2024-08-06 00:00:00-04:00,9.388317606009812,9.69435055805136,9.319212631781207,9.595630645751953,1703000,0.0,0.0
2024-08-07 00:00:00-04:00,9.644990743522056,9.74371065245285,9.496909467918162,9.516654014587402,2184300,0.0,0.0
2024-08-08 00:00:00-04:00,9.595630155683525,9.684478731245598,9.506781580121451,9.56601333618164,1846300,0.0,0.0
2024-08-09 00:00:00-04:00,9.546269894169763,9.635118471247514,9.487037195627327,9.575885772705078,1158500,0.0,0.0
2024-08-12 00:00:00-04:00,9.546269396334596,9.546269396334596,9.398189069908558,9.427804946899414,1381900,0.0,0.0
2024-08-13 00:00:00-04:00,9.516653853288744,9.60550148737903,9.477165702091355,9.56601333618164,1866900,0.0,0.0
2024-08-14 00:00:00-04:00,9.615373611450195,9.694349912620366,9.585757733879325,9.615373611450195,1272400,0.0,0.0
2024-08-15 00:00:00-04:00,9.74371035150656,9.763454897565968,9.59563002194811,9.674606323242188,1590900,0.0,0.0
2024-08-16 00:00:00-04:00,9.63511817259515,9.753582624536264,9.63511817259515,9.674606323242188,2185200,0.0,0.0
2024-08-19 00:00:00-04:00,9.674606962405754,9.773326874809502,9.674606962405754,9.714095115661621,1561900,0.0,0.0
2024-08-20 00:00:00-04:00,9.714094473889226,9.72396674691893,9.644990445624853,9.674606323242188,981400,0.0,0.0
2024-08-21 00:00:00-04:00,9.714094639760265,9.753582791081577,9.595630185796335,9.7437105178833,1715000,0.0,0.0
2024-08-22 00:00:00-04:00,9.773326099600094,9.862174672746384,9.704222072251541,9.84243106842041,1225700,0.0,0.0
2024-08-23 00:00:00-04:00,9.911535763181924,10.16820922700554,9.881919883962837,10.11884880065918,1966800,0.0,0.0
2024-08-26 00:00:00-04:00,10.217569501540705,10.22744083348585,10.118848650314764,10.168209075927734,1397200,0.0,0.0
2024-08-27 00:00:00-04:00,10.138592560583916,10.207696587220203,10.079359865272991,10.187952041625977,1269400,0.0,0.0
2024-08-28 00:00:00-04:00,10.16820923887601,10.237313270958492,10.118848812472024,10.178081512451172,1699700,0.0,0.0
2024-08-29 00:00:00-04:00,10.178080870369461,10.227440352187788,10.07936002378927,10.138592720031738,1807100,0.0,0.0
2024-08-30 00:00:00-04:00,10.197824955264732,10.257057654297899,10.049744619889529,10.22744083404541,2157800,0.0,0.0
2024-09-03 00:00:00-04:00,10.118848650314764,10.207697228123749,10.089232771535706,10.168209075927734,2248300,0.0,0.0
2024-09-04 00:00:00-04:00,10.168208437503504,10.306416490776074,10.089232138070104,10.187952041625977,1568000,0.0,0.0
2024-09-05 00:00:00-04:00,10.266929292266552,10.29654611340182,10.03000037201544,10.069488525390625,1522200,0.0,0.0
2024-09-06 00:00:00-04:00,10.108976032089505,10.118848305169726,9.90166300476374,9.970767974853516,1435800,0.0,0.0
2024-09-09 00:00:00-04:00,9.94115115561285,10.020127457311066,9.832558976145746,9.970767974853516,2211400,0.0,0.0
2024-09-10 00:00:00-04:00,10.01025676727295,10.059616252894013,9.951024066467097,10.01025676727295,1118200,0.0,0.0
2024-09-11 00:00:00-04:00,9.921408001388764,9.921408001388764,9.694350417593395,9.822687149047852,2349000,0.0,0.0
2024-09-12 00:00:00-04:00,9.83255925925336,9.89179195796839,9.694350256566157,9.812814712524414,2487400,0.0,0.0
2024-09-13 00:00:00-04:00,9.901663007310635,10.069487883830456,9.842431251757626,10.029999732971191,3057900,0.0,0.0
2024-09-16 00:00:00-04:00,10.108976049485824,10.118848322583036,9.941151172720364,10.089232444763184,3470100,0.0,0.0
2024-09-17 00:00:00-04:00,10.138593018985775,10.138593018985775,10.010256291236002,10.039872169494629,3420500,0.0,0.0
2024-09-18 00:00:00-04:00,10.020127296447754,10.178080838780177,9.911535118723993,10.020127296447754,2614900,0.0,0.0
2024-09-19 00:00:00-04:00,10.158336802510778,10.197824954706793,10.049744619339691,10.168209075927734,1604000,0.0,0.0
2024-09-20 00:00:00-04:00,10.069488033827433,10.099103912045102,9.97076812594461,9.980639457702637,8028800,0.0,0.0
2024-09-23 00:00:00-04:00,10.049744130900084,10.158336308793354,10.020127312088658,10.079360008239746,1361200,0.0,0.0
2024-09-24 00:00:00-04:00,10.0299995850258,10.128720431453692,10.020127312088658,10.079360008239746,1278400,0.0,0.0
2024-09-25 00:00:00-04:00,10.108975869799815,10.108975869799815,9.980639146232589,10.020127296447754,1689400,0.0,0.0
2024-09-26 00:00:00-04:00,10.04974411521295,10.069487719584652,9.980639146232589,10.020127296447754,1936400,0.0,0.0
2024-09-27 00:00:00-04:00,10.108976034689723,10.15833645863175,9.980639309029165,10.029999732971191,1972700,0.0,0.0
2024-09-30 00:00:00-04:00,10.039999961853027,10.140000343322754,9.949999809265137,10.050000190734863,1832700,0.13,0.0
2024-10-01 00:00:00-04:00,10.050000190734863,10.100000381469727,9.880000114440918,9.890000343322754,1573300,0.0,0.0
2024-10-02 00:00:00-04:00,9.800000190734863,9.859999656677246,9.75,9.8100004196167,1179300,0.0,0.0
2024-10-03 00:00:00-04:00,9.779999732971191,9.789999961853027,9.6899995803833,9.760000228881836,1250000,0.0,0.0
2024-10-04 00:00:00-04:00,9.789999961853027,9.8100004196167,9.65999984741211,9.75,1217800,0.0,0.0
2024-10-07 00:00:00-04:00,9.680000305175781,9.720000267028809,9.630000114440918,9.6899995803833,1814400,0.0,0.0
2024-10-08 00:00:00-04:00,9.739999771118164,9.760000228881836,9.569999694824219,9.609999656677246,1407100,0.0,0.0
2024-10-09 00:00:00-04:00,9.600000381469727,9.640000343322754,9.5,9.539999961853027,1433600,0.0,0.0
2024-10-10 00:00:00-04:00,9.479999542236328,9.550000190734863,9.399999618530273,9.489999771118164,1332800,0.0,0.0
2024-10-11 00:00:00-04:00,9.510000228881836,9.619999885559082,9.510000228881836,9.609999656677246,1302600,0.0,0.0
2024-10-14 00:00:00-04:00,9.569999694824219,9.680000305175781,9.5600004196167,9.59000015258789,796500,0.0,0.0
2024-10-15 00:00:00-04:00,9.609999656677246,9.739999771118164,9.579999923706055,9.640000343322754,1436300,0.0,0.0
2024-10-16 00:00:00-04:00,9.720000267028809,9.880000114440918,9.680000305175781,9.8100004196167,1434800,0.0,0.0
2024-10-17 00:00:00-04:00,9.760000228881836,9.880000114440918,9.619999885559082,9.829999923706055,3127400,0.0,0.0
2024-10-18 00:00:00-04:00,9.829999923706055,9.829999923706055,9.729999542236328,9.800000190734863,1191800,0.0,0.0
2024-10-21 00:00:00-04:00,9.760000228881836,9.760000228881836,9.529999732971191,9.550000190734863,1151800,0.0,0.0
2024-10-22 00:00:00-04:00,9.529999732971191,9.729999542236328,9.510000228881836,9.6899995803833,1535300,0.0,0.0
2024-10-23 00:00:00-04:00,9.630000114440918,9.800000190734863,9.630000114440918,9.720000267028809,875400,0.0,0.0
2024-10-24 00:00:00-04:00,9.729999542236328,9.789999961853027,9.600000381469727,9.619999885559082,1461000,0.0,0.0
2024-10-25 00:00:00-04:00,9.6899995803833,9.710000038146973,9.40999984741211,9.420000076293945,870900,0.0,0.0
2024-10-28 00:00:00-04:00,9.489999771118164,9.539999961853027,9.399999618530273,9.449999809265137,975600,0.0,0.0
2024-10-29 00:00:00-04:00,9.40999984741211,9.430000305175781,9.279999732971191,9.380000114440918,1091900,0.0,0.0
2024-10-30 00:00:00-04:00,9.369999885559082,9.569999694824219,9.369999885559082,9.479999542236328,2310100,0.0,0.0
2024-10-31 00:00:00-04:00,9.470000267028809,9.520000457763672,9.399999618530273,9.4399995803833,4758000,0.0,0.0
2024-11-01 00:00:00-04:00,9.460000038146973,9.489999771118164,9.1899995803833,9.220000267028809,2599000,0.0,0.0
2024-11-04 00:00:00-05:00,9.220000267028809,9.359999656677246,9.180000305175781,9.289999961853027,2233700,0.0,0.0
2024-11-05 00:00:00-05:00,9.229999542236328,9.329999923706055,9.15999984741211,9.289999961853027,2309500,0.0,0.0
2024-11-06 00:00:00-05:00,9.510000228881836,9.949999809265137,9.460000038146973,9.729999542236328,5310900,0.0,0.0
2024-11-07 00:00:00-05:00,9.670000076293945,9.739999771118164,9.5,9.579999923706055,2236200,0.0,0.0
2024-11-08 00:00:00-05:00,9.619999885559082,9.770000457763672,9.5600004196167,9.699999809265137,2337500,0.0,0.0
2024-11-11 00:00:00-05:00,9.699999809265137,9.8100004196167,9.630000114440918,9.640000343322754,1540900,0.0,0.0
2024-11-12 00:00:00-05:00,9.59000015258789,9.65999984741211,9.489999771118164,9.5,2628100,0.0,0.0
2024-11-13 00:00:00-05:00,9.579999923706055,9.630000114440918,9.489999771118164,9.529999732971191,1274100,0.0,0.0
2024-11-14 00:00:00-05:00,9.539999961853027,9.5600004196167,9.239999771118164,9.260000228881836,1358700,0.0,0.0
2024-11-15 00:00:00-05:00,9.34000015258789,9.34000015258789,9.149999618530273,9.180000305175781,1356800,0.0,0.0
2024-11-18 00:00:00-05:00,9.15999984741211,9.260000228881836,9.109999656677246,9.220000267028809,2062500,0.0,0.0
2024-11-19 00:00:00-05:00,9.199999809265137,9.199999809265137,9.050000190734863,9.170000076293945,4133500,0.0,0.0
2024-11-20 00:00:00-05:00,9.140000343322754,9.239999771118164,9.039999961853027,9.180000305175781,1173100,0.0,0.0
2024-11-21 00:00:00-05:00,9.239999771118164,9.34000015258789,9.180000305175781,9.199999809265137,1243200,0.0,0.0
2024-11-22 00:00:00-05:00,9.270000457763672,9.350000381469727,9.239999771118164,9.279999732971191,1785300,0.0,0.0
2024-11-25 00:00:00-05:00,9.329999923706055,9.489999771118164,9.329999923706055,9.40999984741211,2431700,0.0,0.0
2024-11-26 00:00:00-05:00,9.350000381469727,9.40999984741211,9.270000457763672,9.329999923706055,1845800,0.0,0.0
2024-11-27 00:00:00-05:00,9.390000343322754,9.529999732971191,9.390000343322754,9.420000076293945,924900,0.0,0.0
2024-11-29 00:00:00-05:00,9.489999771118164,9.489999771118164,9.34000015258789,9.350000381469727,1008000,0.0,0.0
2024-12-02 00:00:00-05:00,9.34000015258789,9.449999809265137,9.25,9.430000305175781,2185300,0.0,0.0
2024-12-03 00:00:00-05:00,9.4399995803833,9.460000038146973,9.239999771118164,9.279999732971191,2346700,0.0,0.0
2024-12-04 00:00:00-05:00,9.300000190734863,9.329999923706055,9.220000267028809,9.279999732971191,1132300,0.0,0.0
2024-12-05 00:00:00-05:00,9.239999771118164,9.279999732971191,9.15999984741211,9.220000267028809,1242000,0.0,0.0
2024-12-06 00:00:00-05:00,9.25,9.289999961853027,9.069999694824219,9.140000343322754,1194100,0.0,0.0
2024-12-09 00:00:00-05:00,9.210000038146973,9.350000381469727,9.170000076293945,9.3100004196167,1969900,0.0,0.0
2024-12-10 00:00:00-05:00,9.25,9.3100004196167,9.109999656677246,9.199999809265137,1450200,0.0,0.0
2024-12-11 00:00:00-05:00,9.220000267028809,9.25,9.029999732971191,9.0600004196167,2183100,0.0,0.0
2024-12-12 00:00:00-05:00,9.029999732971191,9.109999656677246,9.0,9.0600004196167,1506500,0.0,0.0
2024-12-13 00:00:00-05:00,9.0,9.055000305175781,8.960000038146973,9.039999961853027,1244364,0.0,0.0
