Date,Open,High,Low,Close,Volume,Dividends,Stock Splits
2022-01-03 00:00:00-05:00,6.570000171661377,7.25,6.570000171661377,7.21999979019165,23400,0.0,0.0
2022-01-04 00:00:00-05:00,7.21999979019165,7.690000057220459,7.21999979019165,7.449999809265137,91300,0.0,0.0
2022-01-05 00:00:00-05:00,7.460000038146973,7.650000095367432,7.21999979019165,7.440000057220459,60800,0.0,0.0
2022-01-06 00:00:00-05:00,7.449999809265137,7.611999988555908,7.21999979019165,7.460000038146973,32500,0.0,0.0
2022-01-07 00:00:00-05:00,7.400000095367432,7.534999847412109,7.065000057220459,7.099999904632568,45600,0.0,0.0
2022-01-10 00:00:00-05:00,6.980000019073486,7.2829999923706055,6.679999828338623,7.150000095367432,19400,0.0,0.0
2022-01-11 00:00:00-05:00,7.139999866485596,7.650000095367432,7.070000171661377,7.650000095367432,35100,0.0,0.0
2022-01-12 00:00:00-05:00,7.730000019073486,7.730000019073486,7.150000095367432,7.699999809265137,84500,0.0,0.0
2022-01-13 00:00:00-05:00,7.619999885559082,7.989999771118164,7.329999923706055,7.989999771118164,39600,0.0,0.0
2022-01-14 00:00:00-05:00,7.840000152587891,8.239999771118164,7.679999828338623,8.239999771118164,26900,0.0,0.0
2022-01-18 00:00:00-05:00,8.079999923706055,8.079999923706055,7.599999904632568,7.619999885559082,34100,0.0,0.0
2022-01-19 00:00:00-05:00,7.739999771118164,7.920000076293945,7.329999923706055,7.599999904632568,68500,0.0,0.0
2022-01-20 00:00:00-05:00,7.539999961853027,7.670000076293945,7.150000095367432,7.150000095367432,43300,0.0,0.0
2022-01-21 00:00:00-05:00,7.210000038146973,7.244999885559082,6.800000190734863,6.889999866485596,25100,0.0,0.0
2022-01-24 00:00:00-05:00,6.730000019073486,6.989999771118164,5.519999980926514,6.789999961853027,173600,0.0,0.0
2022-01-25 00:00:00-05:00,6.670000076293945,7.354000091552734,6.650000095367432,6.929999828338623,174600,0.0,0.0
2022-01-26 00:00:00-05:00,7.110000133514404,7.179999828338623,6.869999885559082,7.039999961853027,20200,0.0,0.0
2022-01-27 00:00:00-05:00,7.010000228881836,7.079999923706055,6.758999824523926,6.949999809265137,29900,0.0,0.0
2022-01-28 00:00:00-05:00,6.909999847412109,7.369999885559082,6.800000190734863,7.03000020980835,94400,0.0,0.0
2022-01-31 00:00:00-05:00,7.388000011444092,7.389999866485596,6.760000228881836,6.940000057220459,56500,0.0,0.0
2022-02-01 00:00:00-05:00,6.900000095367432,6.900000095367432,6.300000190734863,6.550000190734863,94800,0.0,0.0
2022-02-02 00:00:00-05:00,6.599999904632568,6.900000095367432,6.409999847412109,6.809999942779541,40800,0.0,0.0
2022-02-03 00:00:00-05:00,6.699999809265137,6.920000076293945,6.46999979019165,6.610000133514404,51600,0.0,0.0
2022-02-04 00:00:00-05:00,6.440000057220459,6.699999809265137,6.301000118255615,6.590000152587891,56200,0.0,0.0
2022-02-07 00:00:00-05:00,6.619999885559082,6.619999885559082,6.119999885559082,6.579999923706055,35800,0.0,0.0
2022-02-08 00:00:00-05:00,6.5,6.53000020980835,6.179999828338623,6.349999904632568,24800,0.0,0.0
2022-02-09 00:00:00-05:00,6.369999885559082,6.699999809265137,6.239999771118164,6.650000095367432,125200,0.0,0.0
2022-02-10 00:00:00-05:00,6.480000019073486,6.550000190734863,6.119999885559082,6.150000095367432,28400,0.0,0.0
2022-02-11 00:00:00-05:00,6.210000038146973,6.360000133514404,6.079999923706055,6.239999771118164,31200,0.0,0.0
2022-02-14 00:00:00-05:00,6.239999771118164,6.244999885559082,5.869999885559082,6.070000171661377,33000,0.0,0.0
2022-02-15 00:00:00-05:00,6.260000228881836,6.46999979019165,6.119999885559082,6.46999979019165,23200,0.0,0.0
2022-02-16 00:00:00-05:00,6.239999771118164,6.389999866485596,6.070000171661377,6.119999885559082,60800,0.0,0.0
2022-02-17 00:00:00-05:00,6.159999847412109,6.429999828338623,6.02400016784668,6.21999979019165,55600,0.0,0.0
2022-02-18 00:00:00-05:00,6.190000057220459,6.199999809265137,6.050000190734863,6.050000190734863,16400,0.0,0.0
2022-02-22 00:00:00-05:00,6.019999980926514,6.043000221252441,5.610000133514404,5.829999923706055,10500,0.0,0.0
2022-02-23 00:00:00-05:00,5.929999828338623,5.929999828338623,5.644999980926514,5.739999771118164,23900,0.0,0.0
2022-02-24 00:00:00-05:00,5.650000095367432,5.71999979019165,5.230000019073486,5.369999885559082,203200,0.0,0.0
2022-02-25 00:00:00-05:00,5.440000057220459,5.440000057220459,4.789999961853027,4.989999771118164,100300,0.0,0.0
2022-02-28 00:00:00-05:00,4.889999866485596,5.105000019073486,4.869999885559082,4.949999809265137,89300,0.0,0.0
2022-03-01 00:00:00-05:00,4.989999771118164,5.179999828338623,4.71999979019165,4.900000095367432,134900,0.0,0.0
2022-03-02 00:00:00-05:00,4.960000038146973,4.960000038146973,4.695000171661377,4.889999866485596,176700,0.0,0.0
2022-03-03 00:00:00-05:00,4.929999828338623,4.949999809265137,4.710999965667725,4.849999904632568,106300,0.0,0.0
2022-03-04 00:00:00-05:00,4.800000190734863,4.849999904632568,4.679999828338623,4.75,79600,0.0,0.0
2022-03-07 00:00:00-05:00,4.690000057220459,4.690000057220459,3.9800000190734863,4.099999904632568,100100,0.0,0.0
2022-03-08 00:00:00-05:00,4.170000076293945,4.400000095367432,3.9820001125335693,4.309999942779541,125600,0.0,0.0
2022-03-09 00:00:00-05:00,4.380000114440918,4.659999847412109,4.380000114440918,4.610000133514404,61200,0.0,0.0
2022-03-10 00:00:00-05:00,4.539999961853027,5.010000228881836,4.409999847412109,5.010000228881836,147900,0.0,0.0
2022-03-11 00:00:00-05:00,5.0,5.199999809265137,4.793000221252441,5.0,283800,0.0,0.0
2022-03-14 00:00:00-04:00,5.019999980926514,5.150000095367432,4.650000095367432,4.849999904632568,108400,0.0,0.0
2022-03-15 00:00:00-04:00,4.889999866485596,5.329999923706055,4.860000133514404,5.139999866485596,185100,0.0,0.0
2022-03-16 00:00:00-04:00,5.099999904632568,5.210000038146973,4.943999767303467,5.050000190734863,25600,0.0,0.0
2022-03-17 00:00:00-04:00,5.039999961853027,5.369999885559082,5.039999961853027,5.170000076293945,48100,0.0,0.0
2022-03-18 00:00:00-04:00,5.110000133514404,5.640999794006348,5.110000133514404,5.460000038146973,29800,0.0,0.0
2022-03-21 00:00:00-04:00,5.480000019073486,5.75,5.36299991607666,5.460000038146973,23400,0.0,0.0
2022-03-22 00:00:00-04:00,5.489999771118164,5.889999866485596,5.489999771118164,5.860000133514404,37000,0.0,0.0
2022-03-23 00:00:00-04:00,5.78000020980835,6.03000020980835,5.75,5.820000171661377,22000,0.0,0.0
2022-03-24 00:00:00-04:00,5.880000114440918,6.5,5.880000114440918,6.360000133514404,70200,0.0,0.0
2022-03-25 00:00:00-04:00,6.269999980926514,6.599999904632568,6.13700008392334,6.539999961853027,27400,0.0,0.0
2022-03-28 00:00:00-04:00,6.630000114440918,6.909999847412109,6.539999961853027,6.820000171661377,42600,0.0,0.0
2022-03-29 00:00:00-04:00,6.659999847412109,6.855000019073486,6.03000020980835,6.840000152587891,51900,0.0,0.0
2022-03-30 00:00:00-04:00,6.199999809265137,6.96999979019165,6.199999809265137,6.590000152587891,23300,0.0,0.0
2022-03-31 00:00:00-04:00,6.559999942779541,6.869999885559082,6.170000076293945,6.420000076293945,196000,0.0,0.0
2022-04-01 00:00:00-04:00,6.389999866485596,6.925000190734863,6.389999866485596,6.849999904632568,44400,0.0,0.0
2022-04-04 00:00:00-04:00,6.75,7.239999771118164,6.645999908447266,7.0,128500,0.0,0.0
2022-04-05 00:00:00-04:00,6.96999979019165,7.389999866485596,6.78000020980835,7.0,288400,0.0,0.0
2022-04-06 00:00:00-04:00,7.079999923706055,7.489999771118164,7.010000228881836,7.164999961853027,115100,0.0,0.0
2022-04-07 00:00:00-04:00,7.050000190734863,7.5,6.739999771118164,6.960000038146973,923700,0.0,0.0
2022-04-08 00:00:00-04:00,6.889999866485596,7.070000171661377,6.710000038146973,6.989999771118164,30900,0.0,0.0
2022-04-11 00:00:00-04:00,6.849999904632568,7.090000152587891,6.550000190734863,6.929999828338623,157400,0.0,0.0
2022-04-12 00:00:00-04:00,6.960000038146973,7.090000152587891,6.797999858856201,7.059999942779541,644700,0.0,0.0
2022-04-13 00:00:00-04:00,6.849999904632568,7.349999904632568,6.599999904632568,7.309999942779541,44900,0.0,0.0
2022-04-14 00:00:00-04:00,7.21999979019165,7.480000019073486,6.860000133514404,7.369999885559082,33700,0.0,0.0
2022-04-18 00:00:00-04:00,7.239999771118164,7.414000034332275,6.942999839782715,7.190000057220459,25900,0.0,0.0
2022-04-19 00:00:00-04:00,7.190000057220459,7.239999771118164,6.789999961853027,7.159999847412109,356100,0.0,0.0
2022-04-20 00:00:00-04:00,7.170000076293945,7.400000095367432,6.940000057220459,7.289999961853027,81000,0.0,0.0
2022-04-21 00:00:00-04:00,7.050000190734863,7.460000038146973,6.574999809265137,7.150000095367432,93700,0.0,0.0
2022-04-22 00:00:00-04:00,7.5,7.679999828338623,7.070000171661377,7.099999904632568,74300,0.0,0.0
2022-04-25 00:00:00-04:00,6.980000019073486,7.119999885559082,6.690000057220459,7.010000228881836,76600,0.0,0.0
2022-04-26 00:00:00-04:00,6.885000228881836,6.949999809265137,6.690000057220459,6.690000057220459,291300,0.0,0.0
2022-04-27 00:00:00-04:00,6.650000095367432,6.909999847412109,6.380000114440918,6.599999904632568,81600,0.0,0.0
2022-04-28 00:00:00-04:00,6.739999771118164,6.96999979019165,6.349999904632568,6.460000038146973,22500,0.0,0.0
2022-04-29 00:00:00-04:00,6.730000019073486,6.739999771118164,6.406000137329102,6.650000095367432,32300,0.0,0.0
2022-05-02 00:00:00-04:00,6.690000057220459,6.690000057220459,6.079999923706055,6.150000095367432,78500,0.0,0.0
2022-05-03 00:00:00-04:00,6.110000133514404,6.65500020980835,6.059999942779541,6.480000019073486,49900,0.0,0.0
2022-05-04 00:00:00-04:00,6.400000095367432,6.489999771118164,6.039999961853027,6.420000076293945,51400,0.0,0.0
2022-05-05 00:00:00-04:00,6.320000171661377,6.570000171661377,6.210000038146973,6.28000020980835,23300,0.0,0.0
2022-05-06 00:00:00-04:00,6.260000228881836,6.260000228881836,5.659999847412109,5.940000057220459,92200,0.0,0.0
2022-05-09 00:00:00-04:00,5.820000171661377,5.820000171661377,5.400000095367432,5.5,47300,0.0,0.0
2022-05-10 00:00:00-04:00,5.590000152587891,6.070000171661377,5.454999923706055,5.559999942779541,47800,0.0,0.0
2022-05-11 00:00:00-04:00,5.619999885559082,5.760000228881836,5.329999923706055,5.539999961853027,45000,0.0,0.0
2022-05-12 00:00:00-04:00,5.369999885559082,5.539999961853027,5.059999942779541,5.130000114440918,68500,0.0,0.0
2022-05-13 00:00:00-04:00,5.295000076293945,5.599999904632568,5.239999771118164,5.400000095367432,56900,0.0,0.0
2022-05-16 00:00:00-04:00,5.400000095367432,5.590000152587891,5.190000057220459,5.480000019073486,7000,0.0,0.0
2022-05-17 00:00:00-04:00,5.460000038146973,5.630000114440918,5.460000038146973,5.630000114440918,86000,0.0,0.0
2022-05-18 00:00:00-04:00,5.510000228881836,5.599999904632568,5.360000133514404,5.360000133514404,6700,0.0,0.0
2022-05-19 00:00:00-04:00,5.360000133514404,5.630000114440918,5.360000133514404,5.380000114440918,61800,0.0,0.0
2022-05-20 00:00:00-04:00,5.520999908447266,5.610000133514404,5.369999885559082,5.570000171661377,16700,0.0,0.0
2022-05-23 00:00:00-04:00,5.550000190734863,5.639999866485596,5.409999847412109,5.53000020980835,53500,0.0,0.0
2022-05-24 00:00:00-04:00,5.559999942779541,5.672999858856201,5.420000076293945,5.482999801635742,14000,0.0,0.0
2022-05-25 00:00:00-04:00,5.420000076293945,5.489999771118164,5.355999946594238,5.369999885559082,6200,0.0,0.0
2022-05-26 00:00:00-04:00,5.369999885559082,5.599999904632568,5.369999885559082,5.53000020980835,13400,0.0,0.0
2022-05-27 00:00:00-04:00,5.610000133514404,6.070000171661377,5.599999904632568,5.880000114440918,33300,0.0,0.0
2022-05-31 00:00:00-04:00,5.900000095367432,5.900000095367432,5.360000133514404,5.610000133514404,20400,0.0,0.0
2022-06-01 00:00:00-04:00,5.570000171661377,5.570000171661377,5.349999904632568,5.429999828338623,16600,0.0,0.0
2022-06-02 00:00:00-04:00,5.679999828338623,5.7230000495910645,5.349999904632568,5.449999809265137,98800,0.0,0.0
2022-06-03 00:00:00-04:00,5.400000095367432,5.764999866485596,5.360000133514404,5.550000190734863,31000,0.0,0.0
2022-06-06 00:00:00-04:00,5.559999942779541,5.78000020980835,5.489999771118164,5.570000171661377,43100,0.0,0.0
2022-06-07 00:00:00-04:00,5.519999980926514,5.639999866485596,5.349999904632568,5.570000171661377,31000,0.0,0.0
2022-06-08 00:00:00-04:00,5.75,5.815000057220459,5.590000152587891,5.744999885559082,39400,0.0,0.0
2022-06-09 00:00:00-04:00,5.789999961853027,5.860000133514404,5.710000038146973,5.789999961853027,7400,0.0,0.0
2022-06-10 00:00:00-04:00,5.659999847412109,5.78000020980835,5.429999828338623,5.630000114440918,28300,0.0,0.0
2022-06-13 00:00:00-04:00,5.610000133514404,5.669000148773193,5.25,5.400000095367432,45400,0.0,0.0
2022-06-14 00:00:00-04:00,5.360000133514404,5.639999866485596,5.300000190734863,5.460000038146973,10000,0.0,0.0
2022-06-15 00:00:00-04:00,5.460000038146973,5.650000095367432,5.4079999923706055,5.630000114440918,12100,0.0,0.0
2022-06-16 00:00:00-04:00,5.369999885559082,5.554999828338623,5.369999885559082,5.5,9200,0.0,0.0
2022-06-17 00:00:00-04:00,5.28000020980835,5.900000095367432,5.28000020980835,5.800000190734863,6700,0.0,0.0
2022-06-21 00:00:00-04:00,5.800000190734863,6.360000133514404,5.692999839782715,5.960000038146973,92200,0.0,0.0
2022-06-22 00:00:00-04:00,6.059999942779541,6.3379998207092285,5.934000015258789,6.159999847412109,2800,0.0,0.0
2022-06-23 00:00:00-04:00,6.199999809265137,6.505000114440918,5.909999847412109,6.190000057220459,62400,0.0,0.0
2022-06-24 00:00:00-04:00,6.300000190734863,6.480000019073486,6.119999885559082,6.460000038146973,33500,0.0,0.0
2022-06-27 00:00:00-04:00,6.269999980926514,6.539999961853027,5.920000076293945,6.199999809265137,27200,0.0,0.0
2022-06-28 00:00:00-04:00,6.179999828338623,6.349999904632568,5.840000152587891,6.130000114440918,12900,0.0,0.0
2022-06-29 00:00:00-04:00,5.760000228881836,6.340000152587891,5.760000228881836,6.03000020980835,19300,0.0,0.0
2022-06-30 00:00:00-04:00,5.909999847412109,6.295000076293945,5.909999847412109,6.150000095367432,16000,0.0,0.0
2022-07-01 00:00:00-04:00,6.079999923706055,6.079999923706055,5.829999923706055,5.860000133514404,3100,0.0,0.0
2022-07-05 00:00:00-04:00,5.849999904632568,6.269999980926514,5.760000228881836,6.070000171661377,10200,0.0,0.0
2022-07-06 00:00:00-04:00,5.96999979019165,6.224999904632568,5.96999979019165,6.050000190734863,10500,0.0,0.0
2022-07-07 00:00:00-04:00,6.150000095367432,6.25,6.010000228881836,6.199999809265137,45200,0.0,0.0
2022-07-08 00:00:00-04:00,6.099999904632568,6.349999904632568,6.099999904632568,6.239999771118164,24200,0.0,0.0
2022-07-11 00:00:00-04:00,6.159999847412109,6.289999961853027,6.110000133514404,6.289999961853027,17800,0.0,0.0
2022-07-12 00:00:00-04:00,6.139999866485596,6.204999923706055,6.050000190734863,6.110000133514404,54400,0.0,0.0
2022-07-13 00:00:00-04:00,6.019999980926514,6.21999979019165,6.019999980926514,6.045000076293945,41800,0.0,0.0
2022-07-14 00:00:00-04:00,6.019999980926514,6.281000137329102,6.019999980926514,6.170000076293945,8000,0.0,0.0
2022-07-15 00:00:00-04:00,6.159999847412109,6.369999885559082,6.0,6.119999885559082,143000,0.0,0.0
2022-07-18 00:00:00-04:00,6.199999809265137,6.630000114440918,6.150000095367432,6.449999809265137,96400,0.0,0.0
2022-07-19 00:00:00-04:00,6.570000171661377,6.980000019073486,6.460000038146973,6.679999828338623,56000,0.0,0.0
2022-07-20 00:00:00-04:00,6.699999809265137,7.369999885559082,6.699999809265137,6.920000076293945,90800,0.0,0.0
2022-07-21 00:00:00-04:00,6.78000020980835,7.239999771118164,6.7210001945495605,7.190000057220459,44700,0.0,0.0
2022-07-22 00:00:00-04:00,7.15500020980835,7.429999828338623,7.059999942779541,7.159999847412109,85100,0.0,0.0
2022-07-25 00:00:00-04:00,7.079999923706055,7.409999847412109,6.900000095367432,6.920000076293945,78700,0.0,0.0
2022-07-26 00:00:00-04:00,6.809999942779541,7.25,6.389999866485596,7.019999980926514,36100,0.0,0.0
2022-07-27 00:00:00-04:00,7.079999923706055,7.199999809265137,6.843999862670898,7.059999942779541,60400,0.0,0.0
2022-07-28 00:00:00-04:00,7.010000228881836,7.559999942779541,6.900000095367432,7.289999961853027,162500,0.0,0.0
2022-07-29 00:00:00-04:00,7.110000133514404,7.550000190734863,7.014999866485596,7.449999809265137,428000,0.0,0.0
2022-08-01 00:00:00-04:00,7.440000057220459,7.474999904632568,7.070000171661377,7.300000190734863,215000,0.0,0.0
2022-08-02 00:00:00-04:00,7.210000038146973,7.5,6.920000076293945,6.920000076293945,116400,0.0,0.0
2022-08-03 00:00:00-04:00,6.889999866485596,7.380000114440918,6.820000171661377,6.949999809265137,523300,0.0,0.0
2022-08-04 00:00:00-04:00,7.010000228881836,7.099999904632568,6.71999979019165,6.800000190734863,185500,0.0,0.0
2022-08-05 00:00:00-04:00,6.900000095367432,6.973999977111816,6.699999809265137,6.889999866485596,130300,0.0,0.0
2022-08-08 00:00:00-04:00,7.025000095367432,7.070000171661377,6.510000228881836,6.760000228881836,52400,0.0,0.0
2022-08-09 00:00:00-04:00,6.860000133514404,6.874000072479248,6.53000020980835,6.739999771118164,209100,0.0,0.0
2022-08-10 00:00:00-04:00,6.870999813079834,6.949999809265137,6.329999923706055,6.46999979019165,202900,0.0,0.0
2022-08-11 00:00:00-04:00,6.75,7.349999904632568,6.599999904632568,6.980000019073486,375300,0.0,0.0
2022-08-12 00:00:00-04:00,6.945000171661377,7.210000038146973,6.690000057220459,7.079999923706055,113000,0.0,0.0
2022-08-15 00:00:00-04:00,6.925000190734863,7.119999885559082,6.894999980926514,7.099999904632568,39200,0.0,0.0
2022-08-16 00:00:00-04:00,7.033999919891357,7.119999885559082,6.710000038146973,6.860000133514404,438200,0.0,0.0
2022-08-17 00:00:00-04:00,6.78000020980835,6.909999847412109,6.46999979019165,6.5,164600,0.0,0.0
2022-08-18 00:00:00-04:00,6.53000020980835,7.829999923706055,6.400000095367432,7.760000228881836,913300,0.0,0.0
2022-08-19 00:00:00-04:00,7.820000171661377,7.949999809265137,7.329999923706055,7.550000190734863,232000,0.0,0.0
2022-08-22 00:00:00-04:00,7.460000038146973,7.590000152587891,7.307000160217285,7.519999980926514,55900,0.0,0.0
2022-08-23 00:00:00-04:00,7.46999979019165,7.880000114440918,7.46999979019165,7.75,105600,0.0,0.0
2022-08-24 00:00:00-04:00,7.820000171661377,8.050000190734863,7.519999980926514,7.909999847412109,227200,0.0,0.0
2022-08-25 00:00:00-04:00,7.909999847412109,8.180000305175781,7.619999885559082,8.119999885559082,532700,0.0,0.0
2022-08-26 00:00:00-04:00,8.020000457763672,8.119999885559082,7.909999847412109,8.069999694824219,215800,0.0,0.0
2022-08-29 00:00:00-04:00,7.800000190734863,8.279999732971191,7.800000190734863,8.199999809265137,301900,0.0,0.0
2022-08-30 00:00:00-04:00,8.15999984741211,8.649999618530273,8.022000312805176,8.510000228881836,397800,0.0,0.0
2022-08-31 00:00:00-04:00,8.5,8.744999885559082,8.406999588012695,8.65999984741211,227100,0.0,0.0
2022-09-01 00:00:00-04:00,8.6899995803833,8.989999771118164,8.510000228881836,8.789999961853027,192700,0.0,0.0
2022-09-02 00:00:00-04:00,8.90999984741211,8.90999984741211,8.3100004196167,8.670000076293945,204100,0.0,0.0
2022-09-06 00:00:00-04:00,8.829999923706055,8.99899959564209,8.109999656677246,8.449999809265137,140800,0.0,0.0
2022-09-07 00:00:00-04:00,8.380000114440918,8.770000457763672,8.260000228881836,8.710000038146973,1856200,0.0,0.0
2022-09-08 00:00:00-04:00,8.710000038146973,8.84000015258789,8.454999923706055,8.529999732971191,225300,0.0,0.0
2022-09-09 00:00:00-04:00,8.5,8.930000305175781,8.5,8.710000038146973,221400,0.0,0.0
2022-09-12 00:00:00-04:00,9.0,9.699999809265137,8.970000267028809,9.430000305175781,737700,0.0,0.0
2022-09-13 00:00:00-04:00,9.0,9.359999656677246,8.609999656677246,8.850000381469727,593600,0.0,0.0
2022-09-14 00:00:00-04:00,9.020000457763672,9.25,8.800000190734863,9.119999885559082,372100,0.0,0.0
2022-09-15 00:00:00-04:00,9.039999961853027,9.350000381469727,8.84000015258789,9.149999618530273,309700,0.0,0.0
2022-09-16 00:00:00-04:00,9.100000381469727,9.289999961853027,8.8100004196167,8.989999771118164,231000,0.0,0.0
2022-09-19 00:00:00-04:00,8.90999984741211,9.425000190734863,8.90999984741211,9.300000190734863,257600,0.0,0.0
2022-09-20 00:00:00-04:00,9.319999694824219,9.847000122070312,9.225000381469727,9.399999618530273,857400,0.0,0.0
2022-09-21 00:00:00-04:00,9.529999732971191,9.529999732971191,8.59000015258789,8.6899995803833,383700,0.0,0.0
2022-09-22 00:00:00-04:00,8.609999656677246,8.779999732971191,7.789999961853027,8.34000015258789,359200,0.0,0.0
2022-09-23 00:00:00-04:00,8.1899995803833,8.420000076293945,7.789999961853027,7.909999847412109,99300,0.0,0.0
2022-09-26 00:00:00-04:00,7.75,8.100000381469727,7.650000095367432,7.880000114440918,120800,0.0,0.0
2022-09-27 00:00:00-04:00,7.949999809265137,8.479999542236328,7.840000152587891,8.40999984741211,121700,0.0,0.0
2022-09-28 00:00:00-04:00,8.59000015258789,9.220000267028809,8.404999732971191,9.199999809265137,470600,0.0,0.0
2022-09-29 00:00:00-04:00,9.149999618530273,9.1899995803833,8.880000114440918,9.0,265400,0.0,0.0
2022-09-30 00:00:00-04:00,9.050000190734863,9.3100004196167,9.050000190734863,9.1899995803833,182600,0.0,0.0
2022-10-03 00:00:00-04:00,9.34000015258789,9.454000473022461,8.979999542236328,9.069999694824219,176200,0.0,0.0
2022-10-04 00:00:00-04:00,9.220000267028809,9.5,8.5600004196167,8.609999656677246,501100,0.0,0.0
2022-10-05 00:00:00-04:00,8.520000457763672,9.3100004196167,8.458999633789062,8.960000038146973,186200,0.0,0.0
2022-10-06 00:00:00-04:00,8.9399995803833,9.380000114440918,8.9399995803833,9.279999732971191,498800,0.0,0.0
2022-10-07 00:00:00-04:00,9.100000381469727,9.725000381469727,8.859999656677246,9.5,697200,0.0,0.0
2022-10-10 00:00:00-04:00,9.5,9.600000381469727,8.460000038146973,8.5,160400,0.0,0.0
2022-10-11 00:00:00-04:00,8.399999618530273,8.850000381469727,8.1899995803833,8.789999961853027,245500,0.0,0.0
2022-10-12 00:00:00-04:00,8.760000228881836,9.222999572753906,8.5,8.670000076293945,118500,0.0,0.0
2022-10-13 00:00:00-04:00,8.609999656677246,8.989999771118164,8.432000160217285,8.949999809265137,128000,0.0,0.0
2022-10-14 00:00:00-04:00,8.9399995803833,9.079999923706055,8.430000305175781,8.489999771118164,126500,0.0,0.0
2022-10-17 00:00:00-04:00,9.199999809265137,9.5,6.579999923706055,6.650000095367432,9571800,0.0,0.0
2022-10-18 00:00:00-04:00,6.909999847412109,6.920000076293945,5.860000133514404,5.989999771118164,1470400,0.0,0.0
2022-10-19 00:00:00-04:00,5.840000152587891,6.119999885559082,4.730000019073486,4.960000038146973,2111800,0.0,0.0
2022-10-20 00:00:00-04:00,5.059999942779541,5.525000095367432,4.889999866485596,5.230000019073486,1585200,0.0,0.0
2022-10-21 00:00:00-04:00,5.130000114440918,5.489999771118164,5.059999942779541,5.110000133514404,492600,0.0,0.0
2022-10-24 00:00:00-04:00,5.46999979019165,5.599999904632568,4.909999847412109,5.070000171661377,1535900,0.0,0.0
2022-10-25 00:00:00-04:00,5.110000133514404,5.869999885559082,5.090000152587891,5.489999771118164,2673800,0.0,0.0
2022-10-26 00:00:00-04:00,5.480000019073486,5.679999828338623,5.199999809265137,5.21999979019165,1254400,0.0,0.0
2022-10-27 00:00:00-04:00,5.230000019073486,5.333000183105469,5.03000020980835,5.039999961853027,1254100,0.0,0.0
2022-10-28 00:00:00-04:00,5.070000171661377,5.210000038146973,5.019999980926514,5.090000152587891,764200,0.0,0.0
2022-10-31 00:00:00-04:00,5.090000152587891,5.199999809265137,4.960000038146973,5.019999980926514,853000,0.0,0.0
2022-11-01 00:00:00-04:00,5.039999961853027,5.239999771118164,4.929999828338623,5.039999961853027,579000,0.0,0.0
2022-11-02 00:00:00-04:00,5.039999961853027,5.110000133514404,4.949999809265137,5.03000020980835,613600,0.0,0.0
2022-11-03 00:00:00-04:00,4.989999771118164,5.199999809265137,4.949999809265137,5.139999866485596,743200,0.0,0.0
2022-11-04 00:00:00-04:00,5.099999904632568,5.130000114440918,4.650000095367432,4.75,1026500,0.0,0.0
2022-11-07 00:00:00-05:00,4.699999809265137,4.71999979019165,4.150000095367432,4.260000228881836,1563300,0.0,0.0
2022-11-08 00:00:00-05:00,4.289999961853027,4.389999866485596,4.039999961853027,4.21999979019165,762100,0.0,0.0
2022-11-09 00:00:00-05:00,4.150000095367432,4.289999961853027,4.079999923706055,4.090000152587891,533300,0.0,0.0
2022-11-10 00:00:00-05:00,4.179999828338623,4.539999961853027,4.099999904632568,4.480000019073486,725700,0.0,0.0
2022-11-11 00:00:00-05:00,4.53000020980835,4.730000019073486,4.510000228881836,4.619999885559082,201500,0.0,0.0
2022-11-14 00:00:00-05:00,4.949999809265137,4.949999809265137,4.440000057220459,4.619999885559082,651400,0.0,0.0
2022-11-15 00:00:00-05:00,4.679999828338623,4.869999885559082,4.320000171661377,4.380000114440918,506800,0.0,0.0
2022-11-16 00:00:00-05:00,4.409999847412109,4.579999923706055,4.25,4.53000020980835,281400,0.0,0.0
2022-11-17 00:00:00-05:00,4.409999847412109,4.550000190734863,4.385000228881836,4.539999961853027,118100,0.0,0.0
2022-11-18 00:00:00-05:00,4.489999771118164,4.699999809265137,4.317999839782715,4.570000171661377,312300,0.0,0.0
2022-11-21 00:00:00-05:00,4.570000171661377,4.769999980926514,4.539999961853027,4.739999771118164,401500,0.0,0.0
2022-11-22 00:00:00-05:00,4.739999771118164,4.829999923706055,4.659999847412109,4.820000171661377,140200,0.0,0.0
2022-11-23 00:00:00-05:00,4.820000171661377,5.039999961853027,4.78000020980835,5.019999980926514,228700,0.0,0.0
2022-11-25 00:00:00-05:00,5.0,5.039999961853027,4.929999828338623,5.0,72200,0.0,0.0
2022-11-28 00:00:00-05:00,5.0,5.199999809265137,4.952000141143799,5.010000228881836,199300,0.0,0.0
2022-11-29 00:00:00-05:00,4.989999771118164,5.010000228881836,4.784999847412109,4.920000076293945,170100,0.0,0.0
2022-11-30 00:00:00-05:00,4.940000057220459,5.070000171661377,4.679999828338623,4.909999847412109,379900,0.0,0.0
2022-12-01 00:00:00-05:00,4.849999904632568,5.090000152587891,4.800000190734863,4.860000133514404,128700,0.0,0.0
2022-12-02 00:00:00-05:00,4.800000190734863,4.960000038146973,4.699999809265137,4.940000057220459,58000,0.0,0.0
2022-12-05 00:00:00-05:00,4.840000152587891,4.880000114440918,4.449999809265137,4.75,325000,0.0,0.0
2022-12-06 00:00:00-05:00,4.869999885559082,4.880000114440918,4.46999979019165,4.510000228881836,262200,0.0,0.0
2022-12-07 00:00:00-05:00,4.53000020980835,4.724999904632568,4.440000057220459,4.610000133514404,140300,0.0,0.0
2022-12-08 00:00:00-05:00,4.630000114440918,4.690000057220459,4.360000133514404,4.380000114440918,192800,0.0,0.0
2022-12-09 00:00:00-05:00,4.25,4.429999828338623,4.050000190734863,4.059999942779541,293000,0.0,0.0
2022-12-12 00:00:00-05:00,4.070000171661377,4.119999885559082,3.869999885559082,3.950000047683716,415300,0.0,0.0
2022-12-13 00:00:00-05:00,4.0,4.21999979019165,3.880000114440918,3.9600000381469727,694500,0.0,0.0
2022-12-14 00:00:00-05:00,4.050000190734863,4.099999904632568,3.700000047683716,3.880000114440918,597000,0.0,0.0
2022-12-15 00:00:00-05:00,3.859999895095825,3.859999895095825,3.7100000381469727,3.799999952316284,626200,0.0,0.0
2022-12-16 00:00:00-05:00,3.7899999618530273,3.7899999618530273,3.546999931335449,3.6500000953674316,641900,0.0,0.0
2022-12-19 00:00:00-05:00,3.6600000858306885,3.7100000381469727,3.390000104904175,3.6700000762939453,773700,0.0,0.0
2022-12-20 00:00:00-05:00,3.6600000858306885,3.811000108718872,3.559999942779541,3.75,155400,0.0,0.0
2022-12-21 00:00:00-05:00,3.759999990463257,3.930000066757202,3.609999895095825,3.8299999237060547,122700,0.0,0.0
2022-12-22 00:00:00-05:00,3.809999942779541,3.9800000190734863,3.7360000610351562,3.880000114440918,113400,0.0,0.0
2022-12-23 00:00:00-05:00,3.940000057220459,4.079999923706055,3.744999885559082,3.7799999713897705,104700,0.0,0.0
2022-12-27 00:00:00-05:00,3.7699999809265137,3.809999942779541,3.490999937057495,3.5299999713897705,132600,0.0,0.0
2022-12-28 00:00:00-05:00,3.4700000286102295,3.740000009536743,3.4700000286102295,3.5999999046325684,244500,0.0,0.0
2022-12-29 00:00:00-05:00,3.569999933242798,4.0,3.565000057220459,3.9000000953674316,271500,0.0,0.0
2022-12-30 00:00:00-05:00,3.859999895095825,4.0,3.859999895095825,3.9600000381469727,63500,0.0,0.0
2023-01-03 00:00:00-05:00,3.9700000286102295,4.190000057220459,3.9700000286102295,4.050000190734863,155100,0.0,0.0
2023-01-04 00:00:00-05:00,4.090000152587891,4.168000221252441,4.010000228881836,4.099999904632568,156300,0.0,0.0
2023-01-05 00:00:00-05:00,4.070000171661377,4.070000171661377,3.9700000286102295,3.990000009536743,75900,0.0,0.0
2023-01-06 00:00:00-05:00,4.010000228881836,4.010000228881836,3.869999885559082,3.880000114440918,46100,0.0,0.0
2023-01-09 00:00:00-05:00,3.990000009536743,4.025000095367432,3.6700000762939453,3.700000047683716,187300,0.0,0.0
2023-01-10 00:00:00-05:00,3.690000057220459,4.0,3.6500000953674316,3.869999885559082,345300,0.0,0.0
2023-01-11 00:00:00-05:00,4.090000152587891,4.190000057220459,4.0,4.110000133514404,258900,0.0,0.0
2023-01-12 00:00:00-05:00,4.139999866485596,4.313000202178955,3.950000047683716,4.039999961853027,193100,0.0,0.0
2023-01-13 00:00:00-05:00,4.079999923706055,4.170000076293945,3.869999885559082,3.930000066757202,199700,0.0,0.0
2023-01-17 00:00:00-05:00,3.9000000953674316,4.0329999923706055,3.859999895095825,3.9200000762939453,98900,0.0,0.0
2023-01-18 00:00:00-05:00,3.940000057220459,3.984999895095825,3.759999990463257,3.7899999618530273,61100,0.0,0.0
2023-01-19 00:00:00-05:00,3.859999895095825,3.859999895095825,3.700000047683716,3.75,162600,0.0,0.0
2023-01-20 00:00:00-05:00,3.759999990463257,3.930000066757202,3.75,3.7899999618530273,455300,0.0,0.0
2023-01-23 00:00:00-05:00,3.809999942779541,3.809999942779541,3.569999933242798,3.625,263700,0.0,0.0
2023-01-24 00:00:00-05:00,3.5799999237060547,3.7899999618530273,3.5439999103546143,3.7200000286102295,200700,0.0,0.0
2023-01-25 00:00:00-05:00,3.700000047683716,3.7899999618530273,3.609999895095825,3.6500000953674316,143000,0.0,0.0
2023-01-26 00:00:00-05:00,3.6600000858306885,3.740000009536743,3.4100000858306885,3.450000047683716,416500,0.0,0.0
2023-01-27 00:00:00-05:00,3.490000009536743,3.680000066757202,3.450000047683716,3.5,563400,0.0,0.0
2023-01-30 00:00:00-05:00,3.5,3.569999933242798,3.4100000858306885,3.490000009536743,331900,0.0,0.0
2023-01-31 00:00:00-05:00,3.4700000286102295,3.799999952316284,3.4200000762939453,3.6600000858306885,114800,0.0,0.0
2023-02-01 00:00:00-05:00,3.740000009536743,4.034999847412109,3.609999895095825,4.019999980926514,291400,0.0,0.0
2023-02-02 00:00:00-05:00,4.019999980926514,4.170000076293945,4.0,4.099999904632568,139400,0.0,0.0
2023-02-03 00:00:00-05:00,4.019999980926514,4.130000114440918,3.984999895095825,4.110000133514404,121200,0.0,0.0
2023-02-06 00:00:00-05:00,4.110000133514404,4.440000057220459,4.099999904632568,4.199999809265137,199500,0.0,0.0
2023-02-07 00:00:00-05:00,4.199999809265137,4.215000152587891,3.9000000953674316,3.9800000190734863,207000,0.0,0.0
2023-02-08 00:00:00-05:00,3.940000057220459,4.059999942779541,3.734999895095825,3.799999952316284,79900,0.0,0.0
2023-02-09 00:00:00-05:00,3.9600000381469727,3.9600000381469727,3.7699999809265137,3.7799999713897705,87600,0.0,0.0
2023-02-10 00:00:00-05:00,3.8299999237060547,3.9000000953674316,3.700000047683716,3.869999885559082,67400,0.0,0.0
2023-02-13 00:00:00-05:00,3.859999895095825,3.930000066757202,3.7699999809265137,3.880000114440918,126200,0.0,0.0
2023-02-14 00:00:00-05:00,3.880000114440918,3.9600000381469727,3.6600000858306885,3.7300000190734863,210400,0.0,0.0
2023-02-15 00:00:00-05:00,3.7200000286102295,3.7249999046325684,3.509999990463257,3.5399999618530273,145600,0.0,0.0
2023-02-16 00:00:00-05:00,3.5899999141693115,3.630000114440918,3.4100000858306885,3.5899999141693115,158200,0.0,0.0
2023-02-17 00:00:00-05:00,3.5999999046325684,3.75,3.5399999618530273,3.700000047683716,143800,0.0,0.0
2023-02-21 00:00:00-05:00,3.700000047683716,3.7300000190734863,3.49399995803833,3.5,117200,0.0,0.0
2023-02-22 00:00:00-05:00,3.509999990463257,3.5799999237060547,3.380000114440918,3.390000104904175,131200,0.0,0.0
2023-02-23 00:00:00-05:00,3.390000104904175,3.5399999618530273,3.259999990463257,3.2699999809265137,116300,0.0,0.0
2023-02-24 00:00:00-05:00,3.319999933242798,3.319999933242798,3.109999895095825,3.140000104904175,138600,0.0,0.0
2023-02-27 00:00:00-05:00,3.180000066757202,3.309999942779541,3.130000114440918,3.190000057220459,51200,0.0,0.0
2023-02-28 00:00:00-05:00,3.180000066757202,3.2699999809265137,3.109999895095825,3.1600000858306885,79800,0.0,0.0
2023-03-01 00:00:00-05:00,3.2100000381469727,3.2100000381469727,3.130000114440918,3.140000104904175,60400,0.0,0.0
2023-03-02 00:00:00-05:00,3.109999895095825,3.359999895095825,3.109999895095825,3.240000009536743,74300,0.0,0.0
2023-03-03 00:00:00-05:00,3.240000009536743,3.2799999713897705,3.190000057220459,3.190000057220459,73700,0.0,0.0
2023-03-06 00:00:00-05:00,3.240000009536743,3.6600000858306885,3.1500000953674316,3.5799999237060547,130200,0.0,0.0
2023-03-07 00:00:00-05:00,3.569999933242798,3.8529999256134033,3.5299999713897705,3.7899999618530273,248800,0.0,0.0
2023-03-08 00:00:00-05:00,3.759999990463257,3.9100000858306885,3.4600000381469727,3.740000009536743,210500,0.0,0.0
2023-03-09 00:00:00-05:00,3.75,3.8529999256134033,3.4800000190734863,3.5399999618530273,106700,0.0,0.0
2023-03-10 00:00:00-05:00,3.5399999618530273,3.5399999618530273,3.1679999828338623,3.200000047683716,147400,0.0,0.0
2023-03-13 00:00:00-04:00,3.2200000286102295,3.309999942779541,3.0999999046325684,3.259999990463257,71800,0.0,0.0
2023-03-14 00:00:00-04:00,3.4100000858306885,3.5799999237060547,3.299999952316284,3.509999990463257,83600,0.0,0.0
2023-03-15 00:00:00-04:00,3.4600000381469727,3.5799999237060547,3.3589999675750732,3.5250000953674316,63700,0.0,0.0
2023-03-16 00:00:00-04:00,3.549999952316284,3.75,3.4549999237060547,3.5299999713897705,136500,0.0,0.0
2023-03-17 00:00:00-04:00,3.490000009536743,3.559999942779541,3.247999906539917,3.299999952316284,83000,0.0,0.0
2023-03-20 00:00:00-04:00,3.2799999713897705,3.369999885559082,3.2079999446868896,3.319999933242798,50000,0.0,0.0
2023-03-21 00:00:00-04:00,3.390000104904175,3.4800000190734863,3.309999942779541,3.450000047683716,98300,0.0,0.0
2023-03-22 00:00:00-04:00,3.4800000190734863,3.5199999809265137,3.25,3.25,96800,0.0,0.0
2023-03-23 00:00:00-04:00,3.259999990463257,3.5299999713897705,3.0999999046325684,3.490000009536743,366700,0.0,0.0
2023-03-24 00:00:00-04:00,3.4800000190734863,3.4800000190734863,3.2300000190734863,3.359999895095825,167100,0.0,0.0
2023-03-27 00:00:00-04:00,3.390000104904175,3.7100000381469727,3.3499999046325684,3.5999999046325684,290400,0.0,0.0
2023-03-28 00:00:00-04:00,3.9000000953674316,4.340000152587891,3.9000000953674316,3.990000009536743,583000,0.0,0.0
2023-03-29 00:00:00-04:00,4.099999904632568,4.110000133514404,3.6700000762939453,3.9000000953674316,173100,0.0,0.0
2023-03-30 00:00:00-04:00,3.950000047683716,4.0,3.7200000286102295,3.8299999237060547,130600,0.0,0.0
2023-03-31 00:00:00-04:00,3.869999885559082,4.050000190734863,3.815000057220459,3.940000057220459,159200,0.0,0.0
2023-04-03 00:00:00-04:00,3.9800000190734863,4.019999980926514,3.9049999713897705,3.9800000190734863,155800,0.0,0.0
2023-04-04 00:00:00-04:00,3.9800000190734863,4.139999866485596,3.869999885559082,4.070000171661377,206300,0.0,0.0
2023-04-05 00:00:00-04:00,4.070000171661377,4.099999904632568,3.9100000858306885,3.9600000381469727,91400,0.0,0.0
2023-04-06 00:00:00-04:00,3.927000045776367,3.9700000286102295,3.869999885559082,3.890000104904175,116200,0.0,0.0
2023-04-10 00:00:00-04:00,3.869999885559082,3.9600000381469727,3.7100000381469727,3.75,86000,0.0,0.0
2023-04-11 00:00:00-04:00,3.799999952316284,3.950000047683716,3.7829999923706055,3.8399999141693115,41100,0.0,0.0
2023-04-12 00:00:00-04:00,3.799999952316284,3.8399999141693115,3.6500000953674316,3.6700000762939453,104000,0.0,0.0
2023-04-13 00:00:00-04:00,3.630000114440918,3.7899999618530273,3.5999999046325684,3.680000066757202,49200,0.0,0.0
2023-04-14 00:00:00-04:00,3.680000066757202,3.7699999809265137,3.5799999237060547,3.5899999141693115,65600,0.0,0.0
2023-04-17 00:00:00-04:00,3.6600000858306885,3.940000057220459,3.622999906539917,3.809999942779541,191800,0.0,0.0
2023-04-18 00:00:00-04:00,3.859999895095825,3.9600000381469727,3.700000047683716,3.700000047683716,52200,0.0,0.0
2023-04-19 00:00:00-04:00,3.859999895095825,3.930000066757202,3.7200000286102295,3.8299999237060547,43200,0.0,0.0
2023-04-20 00:00:00-04:00,3.8299999237060547,4.065999984741211,3.8299999237060547,3.930000066757202,171400,0.0,0.0
2023-04-21 00:00:00-04:00,4.0,4.039000034332275,3.9100000858306885,4.019999980926514,64400,0.0,0.0
2023-04-24 00:00:00-04:00,3.9700000286102295,4.039999961853027,3.9000000953674316,3.940000057220459,25500,0.0,0.0
2023-04-25 00:00:00-04:00,3.950000047683716,4.03000020980835,3.809999942779541,3.809999942779541,54400,0.0,0.0
2023-04-26 00:00:00-04:00,3.7799999713897705,3.890000104904175,3.7100000381469727,3.7100000381469727,54100,0.0,0.0
2023-04-27 00:00:00-04:00,3.7799999713897705,3.931999921798706,3.619999885559082,3.6500000953674316,81500,0.0,0.0
2023-04-28 00:00:00-04:00,3.619999885559082,3.700000047683716,3.5899999141693115,3.630000114440918,78100,0.0,0.0
2023-05-01 00:00:00-04:00,3.609999895095825,3.7100000381469727,3.5999999046325684,3.619999885559082,30300,0.0,0.0
2023-05-02 00:00:00-04:00,3.5999999046325684,3.6500000953674316,3.490000009536743,3.509999990463257,96400,0.0,0.0
2023-05-03 00:00:00-04:00,3.575000047683716,3.680000066757202,3.5199999809265137,3.5999999046325684,65900,0.0,0.0
2023-05-04 00:00:00-04:00,3.5899999141693115,3.6500000953674316,3.5350000858306885,3.5999999046325684,17800,0.0,0.0
2023-05-05 00:00:00-04:00,3.700000047683716,3.799999952316284,3.5,3.5899999141693115,136100,0.0,0.0
2023-05-08 00:00:00-04:00,3.5799999237060547,3.950000047683716,3.5799999237060547,3.9200000762939453,104800,0.0,0.0
2023-05-09 00:00:00-04:00,3.9100000858306885,3.9700000286102295,3.7300000190734863,3.9200000762939453,87300,0.0,0.0
2023-05-10 00:00:00-04:00,3.930000066757202,3.9700000286102295,3.819999933242798,3.9000000953674316,26300,0.0,0.0
2023-05-11 00:00:00-04:00,3.809999942779541,4.340000152587891,3.809999942779541,4.25,220900,0.0,0.0
2023-05-12 00:00:00-04:00,4.25,4.489999771118164,4.230000019073486,4.400000095367432,162400,0.0,0.0
2023-05-15 00:00:00-04:00,4.440000057220459,4.440000057220459,4.159999847412109,4.210000038146973,42600,0.0,0.0
2023-05-16 00:00:00-04:00,4.159999847412109,4.159999847412109,3.9100000858306885,3.9200000762939453,116100,0.0,0.0
2023-05-17 00:00:00-04:00,3.950000047683716,4.079999923706055,3.950000047683716,4.010000228881836,42800,0.0,0.0
2023-05-18 00:00:00-04:00,4.039999961853027,4.139999866485596,3.9200000762939453,4.110000133514404,101000,0.0,0.0
2023-05-19 00:00:00-04:00,4.099999904632568,4.300000190734863,4.074999809265137,4.300000190734863,62900,0.0,0.0
2023-05-22 00:00:00-04:00,4.300000190734863,4.300000190734863,4.090000152587891,4.099999904632568,73100,0.0,0.0
2023-05-23 00:00:00-04:00,4.159999847412109,4.300000190734863,4.150000095367432,4.300000190734863,38100,0.0,0.0
2023-05-24 00:00:00-04:00,4.289999961853027,4.389999866485596,4.2270002365112305,4.300000190734863,19600,0.0,0.0
2023-05-25 00:00:00-04:00,4.25,4.25,4.059999942779541,4.099999904632568,88700,0.0,0.0
2023-05-26 00:00:00-04:00,4.039999961853027,4.090000152587891,3.930000066757202,3.9800000190734863,147100,0.0,0.0
2023-05-30 00:00:00-04:00,3.9800000190734863,4.139999866485596,3.9800000190734863,4.070000171661377,38800,0.0,0.0
2023-05-31 00:00:00-04:00,4.090000152587891,4.099999904632568,3.940000057220459,3.940000057220459,45200,0.0,0.0
2023-06-01 00:00:00-04:00,3.940000057220459,4.039999961853027,3.690000057220459,3.700000047683716,119000,0.0,0.0
2023-06-02 00:00:00-04:00,3.7799999713897705,3.924999952316284,3.700000047683716,3.759999990463257,88800,0.0,0.0
2023-06-05 00:00:00-04:00,3.740000009536743,4.0,3.740000009536743,3.859999895095825,41000,0.0,0.0
2023-06-06 00:00:00-04:00,3.799999952316284,3.9800000190734863,3.799999952316284,3.819999933242798,83900,0.0,0.0
2023-06-07 00:00:00-04:00,3.8299999237060547,3.990000009536743,3.799999952316284,3.859999895095825,67200,0.0,0.0
2023-06-08 00:00:00-04:00,3.859999895095825,4.099999904632568,3.799999952316284,4.0,82500,0.0,0.0
2023-06-09 00:00:00-04:00,4.0,4.059999942779541,3.799999952316284,3.950000047683716,64300,0.0,0.0
2023-06-12 00:00:00-04:00,3.950000047683716,4.047999858856201,3.9000000953674316,3.930000066757202,17900,0.0,0.0
2023-06-13 00:00:00-04:00,3.9200000762939453,3.930000066757202,3.799999952316284,3.859999895095825,94900,0.0,0.0
2023-06-14 00:00:00-04:00,3.880000114440918,3.950000047683716,3.765000104904175,3.9000000953674316,119900,0.0,0.0
2023-06-15 00:00:00-04:00,3.9200000762939453,3.930000066757202,3.740000009536743,3.740000009536743,63200,0.0,0.0
2023-06-16 00:00:00-04:00,3.700000047683716,3.75,3.5,3.5,198800,0.0,0.0
2023-06-20 00:00:00-04:00,3.4700000286102295,3.5999999046325684,3.440000057220459,3.440000057220459,138900,0.0,0.0
2023-06-21 00:00:00-04:00,3.4000000953674316,3.450000047683716,3.319999933242798,3.319999933242798,79500,0.0,0.0
2023-06-22 00:00:00-04:00,3.319999933242798,3.4600000381469727,3.2300000190734863,3.2300000190734863,291100,0.0,0.0
2023-06-23 00:00:00-04:00,3.240000009536743,3.3320000171661377,3.119999885559082,3.1500000953674316,81200,0.0,0.0
2023-06-26 00:00:00-04:00,3.1600000858306885,3.253999948501587,3.0299999713897705,3.0399999618530273,377600,0.0,0.0
2023-06-27 00:00:00-04:00,3.059999942779541,3.180000066757202,2.950000047683716,3.0,124200,0.0,0.0
2023-06-28 00:00:00-04:00,2.9700000286102295,3.111999988555908,2.9200000762939453,2.930000066757202,107400,0.0,0.0
2023-06-29 00:00:00-04:00,2.950000047683716,3.0199999809265137,2.869999885559082,2.875,154200,0.0,0.0
2023-06-30 00:00:00-04:00,2.869999885559082,3.0299999713897705,2.7300000190734863,2.8499999046325684,651800,0.0,0.0
2023-07-03 00:00:00-04:00,2.8499999046325684,3.369999885559082,2.799999952316284,3.3499999046325684,170500,0.0,0.0
2023-07-05 00:00:00-04:00,3.369999885559082,3.4600000381469727,3.0799999237060547,3.2699999809265137,208600,0.0,0.0
2023-07-06 00:00:00-04:00,3.200000047683716,3.2799999713897705,3.109999895095825,3.200000047683716,99500,0.0,0.0
2023-07-07 00:00:00-04:00,3.1700000762939453,3.4100000858306885,3.1600000858306885,3.2899999618530273,71000,0.0,0.0
2023-07-10 00:00:00-04:00,3.25,3.5299999713897705,3.1700000762939453,3.450000047683716,137100,0.0,0.0
2023-07-11 00:00:00-04:00,3.5199999809265137,3.809999942779541,3.427000045776367,3.690000057220459,172100,0.0,0.0
2023-07-12 00:00:00-04:00,3.7799999713897705,3.859999895095825,3.5299999713897705,3.5299999713897705,122300,0.0,0.0
2023-07-13 00:00:00-04:00,3.5299999713897705,3.7100000381469727,3.5139999389648438,3.5899999141693115,72500,0.0,0.0
2023-07-14 00:00:00-04:00,3.5799999237060547,3.5899999141693115,3.390000104904175,3.5199999809265137,96800,0.0,0.0
2023-07-17 00:00:00-04:00,3.430000066757202,3.619999885559082,3.4100000858306885,3.430000066757202,96200,0.0,0.0
2023-07-18 00:00:00-04:00,3.3499999046325684,3.5399999618530273,3.299999952316284,3.3499999046325684,103800,0.0,0.0
2023-07-19 00:00:00-04:00,3.4100000858306885,3.450000047683716,3.319999933242798,3.3499999046325684,84200,0.0,0.0
2023-07-20 00:00:00-04:00,3.3499999046325684,3.430000066757202,3.2750000953674316,3.2899999618530273,91000,0.0,0.0
2023-07-21 00:00:00-04:00,3.302999973297119,3.4000000953674316,3.253000020980835,3.2799999713897705,34300,0.0,0.0
2023-07-24 00:00:00-04:00,3.368000030517578,3.368000030517578,3.059999942779541,3.0999999046325684,197400,0.0,0.0
2023-07-25 00:00:00-04:00,3.140000104904175,3.2200000286102295,3.049999952316284,3.109999895095825,53400,0.0,0.0
2023-07-26 00:00:00-04:00,3.109999895095825,3.2699999809265137,3.0899999141693115,3.190000057220459,36300,0.0,0.0
2023-07-27 00:00:00-04:00,3.1449999809265137,3.2300000190734863,3.0299999713897705,3.049999952316284,47900,0.0,0.0
2023-07-28 00:00:00-04:00,3.140000104904175,3.2100000381469727,3.0299999713897705,3.1500000953674316,33100,0.0,0.0
2023-07-31 00:00:00-04:00,3.109999895095825,3.25,3.0899999141693115,3.2300000190734863,67600,0.0,0.0
2023-08-01 00:00:00-04:00,3.190000057220459,3.240000009536743,3.0399999618530273,3.1700000762939453,97800,0.0,0.0
2023-08-02 00:00:00-04:00,3.119999885559082,3.2100000381469727,3.049999952316284,3.069999933242798,31600,0.0,0.0
2023-08-03 00:00:00-04:00,3.0999999046325684,3.200000047683716,3.0399999618530273,3.0399999618530273,31600,0.0,0.0
2023-08-04 00:00:00-04:00,3.0399999618530273,3.069999933242798,2.950000047683716,3.0299999713897705,158600,0.0,0.0
2023-08-07 00:00:00-04:00,3.0199999809265137,3.0299999713897705,2.799999952316284,2.950000047683716,226000,0.0,0.0
2023-08-08 00:00:00-04:00,2.940000057220459,3.490000009536743,2.940000057220459,3.4700000286102295,774100,0.0,0.0
2023-08-09 00:00:00-04:00,3.5199999809265137,3.619999885559082,3.119999885559082,3.119999885559082,564600,0.0,0.0
2023-08-10 00:00:00-04:00,3.200000047683716,3.3299999237060547,3.119999885559082,3.299999952316284,226100,0.0,0.0
2023-08-11 00:00:00-04:00,3.2699999809265137,3.2939999103546143,3.119999885559082,3.1700000762939453,79800,0.0,0.0
2023-08-14 00:00:00-04:00,3.1700000762939453,3.2200000286102295,3.049999952316284,3.130000114440918,91100,0.0,0.0
2023-08-15 00:00:00-04:00,3.190000057220459,3.200000047683716,3.049999952316284,3.200000047683716,64300,0.0,0.0
2023-08-16 00:00:00-04:00,3.190000057220459,3.190000057220459,3.049999952316284,3.0799999237060547,75100,0.0,0.0
2023-08-17 00:00:00-04:00,3.180000066757202,3.180000066757202,3.0299999713897705,3.0999999046325684,193300,0.0,0.0
2023-08-18 00:00:00-04:00,3.0999999046325684,3.2100000381469727,2.9000000953674316,3.0399999618530273,97700,0.0,0.0
2023-08-21 00:00:00-04:00,3.0199999809265137,3.0299999713897705,2.9000000953674316,2.930000066757202,63300,0.0,0.0
2023-08-22 00:00:00-04:00,2.9059998989105225,3.059999942779541,2.9000000953674316,2.9600000381469727,54600,0.0,0.0
2023-08-23 00:00:00-04:00,2.9600000381469727,2.990000009536743,2.9049999713897705,2.930000066757202,40600,0.0,0.0
2023-08-24 00:00:00-04:00,3.069999933242798,3.069999933242798,2.890000104904175,2.9000000953674316,70600,0.0,0.0
2023-08-25 00:00:00-04:00,2.880000114440918,2.940000057220459,2.819999933242798,2.8499999046325684,200000,0.0,0.0
2023-08-28 00:00:00-04:00,2.8499999046325684,2.9800000190734863,2.7100000381469727,2.7699999809265137,64500,0.0,0.0
2023-08-29 00:00:00-04:00,2.75,2.9100000858306885,2.75,2.75,39600,0.0,0.0
2023-08-30 00:00:00-04:00,2.740000009536743,2.880000114440918,2.740000009536743,2.759999990463257,21300,0.0,0.0
2023-08-31 00:00:00-04:00,2.7300000190734863,2.7699999809265137,2.680000066757202,2.680000066757202,49200,0.0,0.0
2023-09-01 00:00:00-04:00,2.7799999713897705,2.8550000190734863,2.680000066757202,2.700000047683716,36100,0.0,0.0
2023-09-05 00:00:00-04:00,2.700000047683716,2.859999895095825,2.700000047683716,2.799999952316284,113600,0.0,0.0
2023-09-06 00:00:00-04:00,2.8299999237060547,3.0,2.75,3.0,97500,0.0,0.0
2023-09-07 00:00:00-04:00,3.0,3.009999990463257,2.8450000286102295,2.9000000953674316,26700,0.0,0.0
2023-09-08 00:00:00-04:00,2.9100000858306885,2.9700000286102295,2.8299999237060547,2.9000000953674316,29100,0.0,0.0
2023-09-11 00:00:00-04:00,2.9200000762939453,3.0899999141693115,2.859999895095825,3.069999933242798,73300,0.0,0.0
2023-09-12 00:00:00-04:00,3.069999933242798,3.0999999046325684,2.9570000171661377,3.0899999141693115,54900,0.0,0.0
2023-09-13 00:00:00-04:00,3.059999942779541,3.1500000953674316,3.0179998874664307,3.0999999046325684,30700,0.0,0.0
2023-09-14 00:00:00-04:00,3.0899999141693115,3.109999895095825,2.984999895095825,3.0199999809265137,36000,0.0,0.0
2023-09-15 00:00:00-04:00,2.990000009536743,3.200000047683716,2.869999885559082,3.1500000953674316,93700,0.0,0.0
2023-09-18 00:00:00-04:00,3.1500000953674316,3.1500000953674316,2.880000114440918,3.109999895095825,130900,0.0,0.0
2023-09-19 00:00:00-04:00,3.009999990463257,3.115000009536743,2.9000000953674316,3.049999952316284,51500,0.0,0.0
2023-09-20 00:00:00-04:00,3.0199999809265137,3.075000047683716,2.9100000858306885,2.930000066757202,14000,0.0,0.0
2023-09-21 00:00:00-04:00,2.880000114440918,3.059000015258789,2.809999942779541,3.0,57500,0.0,0.0
2023-09-22 00:00:00-04:00,2.9800000190734863,3.0299999713897705,2.9800000190734863,3.0,44600,0.0,0.0
2023-09-25 00:00:00-04:00,3.0,3.069999933242798,3.0,3.0,21000,0.0,0.0
2023-09-26 00:00:00-04:00,3.049999952316284,3.049999952316284,2.8299999237060547,3.0,164600,0.0,0.0
2023-09-27 00:00:00-04:00,3.0,3.0899999141693115,2.8480000495910645,3.049999952316284,31600,0.0,0.0
2023-09-28 00:00:00-04:00,3.0899999141693115,3.130000114440918,3.0,3.0299999713897705,35700,0.0,0.0
2023-09-29 00:00:00-04:00,3.0799999237060547,3.140000104904175,2.950000047683716,3.0999999046325684,61800,0.0,0.0
2023-10-02 00:00:00-04:00,2.9539999961853027,3.119999885559082,2.9539999961853027,2.9800000190734863,28200,0.0,0.0
2023-10-03 00:00:00-04:00,2.9769999980926514,2.990000009536743,2.8299999237060547,2.9600000381469727,134800,0.0,0.0
2023-10-04 00:00:00-04:00,2.984999895095825,3.065000057220459,2.8499999046325684,3.009999990463257,75500,0.0,0.0
2023-10-05 00:00:00-04:00,3.0260000228881836,3.1500000953674316,2.9700000286102295,3.0999999046325684,22300,0.0,0.0
2023-10-06 00:00:00-04:00,3.059999942779541,3.119999885559082,2.9100000858306885,3.0,145400,0.0,0.0
2023-10-09 00:00:00-04:00,2.9800000190734863,3.0899999141693115,2.880000114440918,2.9600000381469727,68200,0.0,0.0
2023-10-10 00:00:00-04:00,2.990000009536743,3.119999885559082,2.940000057220459,2.940000057220459,164500,0.0,0.0
2023-10-11 00:00:00-04:00,3.0999999046325684,3.0999999046325684,2.9049999713897705,3.009999990463257,74400,0.0,0.0
2023-10-12 00:00:00-04:00,3.0399999618530273,3.0899999141693115,2.9200000762939453,2.940000057220459,54000,0.0,0.0
2023-10-13 00:00:00-04:00,2.9649999141693115,3.0199999809265137,2.8499999046325684,2.9000000953674316,70300,0.0,0.0
2023-10-16 00:00:00-04:00,2.869999885559082,3.009999990463257,2.865000009536743,2.990000009536743,48600,0.0,0.0
2023-10-17 00:00:00-04:00,2.9100000858306885,2.990000009536743,2.880000114440918,2.890000104904175,22600,0.0,0.0
2023-10-18 00:00:00-04:00,2.880000114440918,2.930000066757202,2.6700000762939453,2.680000066757202,101600,0.0,0.0
2023-10-19 00:00:00-04:00,2.7100000381469727,2.805000066757202,2.5999999046325684,2.75,65300,0.0,0.0
2023-10-20 00:00:00-04:00,2.7899999618530273,2.8399999141693115,2.6500000953674316,2.7100000381469727,35200,0.0,0.0
2023-10-23 00:00:00-04:00,2.700000047683716,2.75,2.5999999046325684,2.5999999046325684,48200,0.0,0.0
2023-10-24 00:00:00-04:00,2.559999942779541,2.640000104904175,2.509999990463257,2.5299999713897705,45800,0.0,0.0
2023-10-25 00:00:00-04:00,2.5799999237060547,2.7899999618530273,2.4100000858306885,2.4100000858306885,118300,0.0,0.0
2023-10-26 00:00:00-04:00,2.450000047683716,2.5399999618530273,2.3399999141693115,2.4730000495910645,45700,0.0,0.0
2023-10-27 00:00:00-04:00,2.509999990463257,2.5360000133514404,2.2300000190734863,2.2799999713897705,62500,0.0,0.0
2023-10-30 00:00:00-04:00,2.3399999141693115,2.390000104904175,2.190000057220459,2.380000114440918,73200,0.0,0.0
2023-10-31 00:00:00-04:00,2.430000066757202,2.5899999141693115,2.319999933242798,2.559999942779541,87300,0.0,0.0
2023-11-01 00:00:00-04:00,2.569999933242798,2.819999933242798,2.5399999618530273,2.799999952316284,105700,0.0,0.0
2023-11-02 00:00:00-04:00,2.869999885559082,2.9000000953674316,2.799999952316284,2.859999895095825,56400,0.0,0.0
2023-11-03 00:00:00-04:00,2.8299999237060547,2.859999895095825,2.680000066757202,2.809999942779541,48500,0.0,0.0
2023-11-06 00:00:00-05:00,2.8499999046325684,2.8499999046325684,2.630000114440918,2.8499999046325684,103400,0.0,0.0
2023-11-07 00:00:00-05:00,2.8399999141693115,3.0199999809265137,2.805000066757202,2.9749999046325684,129400,0.0,0.0
2023-11-08 00:00:00-05:00,2.940000057220459,2.9800000190734863,2.819999933242798,2.950000047683716,101400,0.0,0.0
2023-11-09 00:00:00-05:00,2.9100000858306885,2.9600000381469727,2.822999954223633,2.940000057220459,82000,0.0,0.0
2023-11-10 00:00:00-05:00,2.9800000190734863,3.0899999141693115,2.811000108718872,2.9100000858306885,167900,0.0,0.0
2023-11-13 00:00:00-05:00,2.890000104904175,2.9000000953674316,2.2100000381469727,2.3399999141693115,509300,0.0,0.0
2023-11-14 00:00:00-05:00,2.380000114440918,2.4749999046325684,2.200000047683716,2.240000009536743,179200,0.0,0.0
2023-11-15 00:00:00-05:00,2.25,2.380000114440918,2.190000057220459,2.2699999809265137,296000,0.0,0.0
2023-11-16 00:00:00-05:00,2.2200000286102295,2.2899999618530273,2.180000066757202,2.2300000190734863,96100,0.0,0.0
2023-11-17 00:00:00-05:00,2.2899999618530273,2.2899999618530273,2.1500000953674316,2.200000047683716,189500,0.0,0.0
2023-11-20 00:00:00-05:00,2.2200000286102295,2.4000000953674316,2.119999885559082,2.2799999713897705,159400,0.0,0.0
2023-11-21 00:00:00-05:00,2.3399999141693115,2.630000114440918,2.2799999713897705,2.5799999237060547,225400,0.0,0.0
2023-11-22 00:00:00-05:00,2.559999942779541,3.0199999809265137,2.549999952316284,2.6500000953674316,244900,0.0,0.0
2023-11-24 00:00:00-05:00,2.5899999141693115,2.8299999237060547,2.569999933242798,2.759999990463257,45100,0.0,0.0
2023-11-27 00:00:00-05:00,2.799999952316284,2.9000000953674316,2.7149999141693115,2.809999942779541,122100,0.0,0.0
2023-11-28 00:00:00-05:00,2.75,2.890000104904175,2.7100000381469727,2.8299999237060547,169000,0.0,0.0
2023-11-29 00:00:00-05:00,2.7799999713897705,3.1500000953674316,2.7799999713897705,3.0899999141693115,181900,0.0,0.0
2023-11-30 00:00:00-05:00,3.0399999618530273,3.4600000381469727,3.0399999618530273,3.3399999141693115,187700,0.0,0.0
2023-12-01 00:00:00-05:00,3.309999942779541,3.450000047683716,3.1700000762939453,3.1700000762939453,181500,0.0,0.0
2023-12-04 00:00:00-05:00,3.1500000953674316,3.4700000286102295,3.1500000953674316,3.390000104904175,142800,0.0,0.0
2023-12-05 00:00:00-05:00,3.319999933242798,3.5199999809265137,3.2100000381469727,3.2300000190734863,186600,0.0,0.0
2023-12-06 00:00:00-05:00,3.180000066757202,3.4000000953674316,3.1500000953674316,3.200000047683716,803000,0.0,0.0
2023-12-07 00:00:00-05:00,3.1600000858306885,3.265000104904175,2.950000047683716,2.9600000381469727,294700,0.0,0.0
2023-12-08 00:00:00-05:00,2.940000057220459,3.1700000762939453,2.819999933242798,2.950000047683716,201700,0.0,0.0
2023-12-11 00:00:00-05:00,2.799999952316284,2.9749999046325684,2.6600000858306885,2.75,212200,0.0,0.0
2023-12-12 00:00:00-05:00,2.819999933242798,2.9519999027252197,2.549999952316284,2.5899999141693115,254600,0.0,0.0
2023-12-13 00:00:00-05:00,2.5299999713897705,2.565000057220459,2.4100000858306885,2.509999990463257,293400,0.0,0.0
2023-12-14 00:00:00-05:00,2.5899999141693115,2.5999999046325684,2.380000114440918,2.5,312500,0.0,0.0
2023-12-15 00:00:00-05:00,2.450000047683716,2.75,2.380000114440918,2.609999895095825,381100,0.0,0.0
2023-12-18 00:00:00-05:00,2.5899999141693115,2.859999895095825,2.559999942779541,2.75,101400,0.0,0.0
2023-12-19 00:00:00-05:00,2.819999933242798,2.9000000953674316,2.7660000324249268,2.8550000190734863,48900,0.0,0.0
2023-12-20 00:00:00-05:00,2.8350000381469727,2.9000000953674316,2.759999990463257,2.759999990463257,26400,0.0,0.0
2023-12-21 00:00:00-05:00,2.805000066757202,2.9000000953674316,2.7300000190734863,2.809999942779541,54800,0.0,0.0
2023-12-22 00:00:00-05:00,2.880000114440918,2.930000066757202,2.799999952316284,2.880000114440918,92300,0.0,0.0
2023-12-26 00:00:00-05:00,2.0,2.059999942779541,1.8600000143051147,1.9900000095367432,3026500,0.0,0.0
2023-12-27 00:00:00-05:00,2.0,2.0,1.840000033378601,1.8799999952316284,750200,0.0,0.0
2023-12-28 00:00:00-05:00,1.8899999856948853,1.899999976158142,1.7200000286102295,1.7699999809265137,1225600,0.0,0.0
2023-12-29 00:00:00-05:00,1.75,1.7999999523162842,1.6200000047683716,1.6699999570846558,788300,0.0,0.0
2024-01-02 00:00:00-05:00,1.6399999856948853,1.7999999523162842,1.5889999866485596,1.7999999523162842,435600,0.0,0.0
2024-01-03 00:00:00-05:00,1.7799999713897705,1.7899999618530273,1.7300000190734863,1.7599999904632568,254400,0.0,0.0
2024-01-04 00:00:00-05:00,1.7699999809265137,1.809999942779541,1.690000057220459,1.75,227900,0.0,0.0
2024-01-05 00:00:00-05:00,1.75,1.809999942779541,1.649999976158142,1.7200000286102295,310600,0.0,0.0
2024-01-08 00:00:00-05:00,1.7100000381469727,1.809999942779541,1.659999966621399,1.7799999713897705,280100,0.0,0.0
2024-01-09 00:00:00-05:00,1.7400000095367432,1.7799999713897705,1.690000057220459,1.7300000190734863,183700,0.0,0.0
2024-01-10 00:00:00-05:00,1.75,1.7699999809265137,1.6200000047683716,1.649999976158142,149900,0.0,0.0
2024-01-11 00:00:00-05:00,1.649999976158142,1.7599999904632568,1.6100000143051147,1.690000057220459,208600,0.0,0.0
2024-01-12 00:00:00-05:00,1.687999963760376,1.7200000286102295,1.5299999713897705,1.5499999523162842,430200,0.0,0.0
2024-01-16 00:00:00-05:00,1.5800000429153442,1.600000023841858,1.4500000476837158,1.4950000047683716,331700,0.0,0.0
2024-01-17 00:00:00-05:00,1.4700000286102295,1.5440000295639038,1.465000033378601,1.5,296800,0.0,0.0
2024-01-18 00:00:00-05:00,1.5399999618530273,1.559999942779541,1.4600000381469727,1.4900000095367432,162600,0.0,0.0
2024-01-19 00:00:00-05:00,1.5,1.5,1.3799999952316284,1.399999976158142,487200,0.0,0.0
2024-01-22 00:00:00-05:00,1.3600000143051147,1.559999942779541,1.3300000429153442,1.5299999713897705,293800,0.0,0.0
2024-01-23 00:00:00-05:00,1.559999942779541,1.590000033378601,1.4800000190734863,1.5399999618530273,114200,0.0,0.0
2024-01-24 00:00:00-05:00,1.5700000524520874,1.5800000429153442,1.5099999904632568,1.5499999523162842,91900,0.0,0.0
2024-01-25 00:00:00-05:00,1.590000033378601,1.590000033378601,1.5,1.5700000524520874,50600,0.0,0.0
2024-01-26 00:00:00-05:00,1.600000023841858,1.6009999513626099,1.5,1.5399999618530273,122400,0.0,0.0
2024-01-29 00:00:00-05:00,1.5499999523162842,1.7400000095367432,1.440000057220459,1.7400000095367432,380200,0.0,0.0
2024-01-30 00:00:00-05:00,1.7300000190734863,1.7400000095367432,1.5609999895095825,1.659999966621399,247000,0.0,0.0
2024-01-31 00:00:00-05:00,1.600000023841858,1.6510000228881836,1.5800000429153442,1.600000023841858,94400,0.0,0.0
2024-02-01 00:00:00-05:00,1.61899995803833,1.7100000381469727,1.6100000143051147,1.6699999570846558,55300,0.0,0.0
2024-02-02 00:00:00-05:00,1.6799999475479126,1.6799999475479126,1.600000023841858,1.6299999952316284,79800,0.0,0.0
2024-02-05 00:00:00-05:00,1.6299999952316284,1.6299999952316284,1.4700000286102295,1.590000033378601,89200,0.0,0.0
2024-02-06 00:00:00-05:00,1.6200000047683716,1.6399999856948853,1.559999942779541,1.5750000476837158,81300,0.0,0.0
2024-02-07 00:00:00-05:00,1.6100000143051147,1.6100000143051147,1.4700000286102295,1.5399999618530273,158400,0.0,0.0
2024-02-08 00:00:00-05:00,1.5800000429153442,1.6399999856948853,1.5399999618530273,1.6399999856948853,38600,0.0,0.0
2024-02-09 00:00:00-05:00,1.649999976158142,1.6690000295639038,1.5299999713897705,1.600000023841858,163600,0.0,0.0
2024-02-12 00:00:00-05:00,1.5800000429153442,1.6549999713897705,1.5499999523162842,1.6299999952316284,142500,0.0,0.0
2024-02-13 00:00:00-05:00,1.559999942779541,1.6169999837875366,1.5399999618530273,1.5499999523162842,52000,0.0,0.0
2024-02-14 00:00:00-05:00,1.5499999523162842,1.590000033378601,1.5,1.5199999809265137,88900,0.0,0.0
2024-02-15 00:00:00-05:00,1.5299999713897705,1.6200000047683716,1.5199999809265137,1.590000033378601,158900,0.0,0.0
2024-02-16 00:00:00-05:00,1.600000023841858,1.600000023841858,1.5099999904632568,1.5299999713897705,98100,0.0,0.0
2024-02-20 00:00:00-05:00,1.5099999904632568,1.559999942779541,1.4700000286102295,1.5,327400,0.0,0.0
2024-02-21 00:00:00-05:00,1.5299999713897705,1.593000054359436,1.5199999809265137,1.5800000429153442,172800,0.0,0.0
2024-02-22 00:00:00-05:00,1.559999942779541,1.6299999952316284,1.5399999618530273,1.6200000047683716,104100,0.0,0.0
2024-02-23 00:00:00-05:00,1.6200000047683716,1.7000000476837158,1.5700000524520874,1.7000000476837158,156700,0.0,0.0
2024-02-26 00:00:00-05:00,1.899999976158142,2.4000000953674316,1.899999976158142,2.109999895095825,3210900,0.0,0.0
2024-02-27 00:00:00-05:00,2.1500000953674316,2.25,2.072000026702881,2.200000047683716,478200,0.0,0.0
2024-02-28 00:00:00-05:00,2.2200000286102295,2.309999942779541,2.0199999809265137,2.130000114440918,589200,0.0,0.0
2024-02-29 00:00:00-05:00,1.6299999952316284,2.0999999046325684,1.6100000143051147,1.6799999475479126,3200300,0.0,0.0
2024-03-01 00:00:00-05:00,1.7400000095367432,1.8300000429153442,1.6100000143051147,1.6100000143051147,720000,0.0,0.0
2024-03-04 00:00:00-05:00,1.6799999475479126,1.690000057220459,1.4900000095367432,1.5499999523162842,825800,0.0,0.0
2024-03-05 00:00:00-05:00,1.4900000095367432,1.6100000143051147,1.4900000095367432,1.5800000429153442,198500,0.0,0.0
2024-03-06 00:00:00-05:00,1.6399999856948853,1.6679999828338623,1.399999976158142,1.4500000476837158,759200,0.0,0.0
2024-03-07 00:00:00-05:00,1.4500000476837158,1.559999942779541,1.4500000476837158,1.5,257900,0.0,0.0
2024-03-08 00:00:00-05:00,1.5199999809265137,1.5499999523162842,1.4500000476837158,1.5099999904632568,265700,0.0,0.0
2024-03-11 00:00:00-04:00,1.559999942779541,1.559999942779541,1.4500000476837158,1.5399999618530273,158100,0.0,0.0
2024-03-12 00:00:00-04:00,1.5399999618530273,1.5399999618530273,1.4500000476837158,1.4850000143051147,336500,0.0,0.0
2024-03-13 00:00:00-04:00,1.5,1.5,1.4299999475479126,1.4500000476837158,127000,0.0,0.0
2024-03-14 00:00:00-04:00,1.4800000190734863,1.4800000190734863,1.3600000143051147,1.4199999570846558,581700,0.0,0.0
2024-03-15 00:00:00-04:00,1.3899999856948853,1.4700000286102295,1.3899999856948853,1.4500000476837158,318400,0.0,0.0
2024-03-18 00:00:00-04:00,1.440000057220459,1.5149999856948853,1.3899999856948853,1.4900000095367432,291500,0.0,0.0
2024-03-19 00:00:00-04:00,1.5199999809265137,1.5199999809265137,1.440000057220459,1.4500000476837158,206800,0.0,0.0
2024-03-20 00:00:00-04:00,1.4299999475479126,1.5199999809265137,1.4299999475479126,1.5,157900,0.0,0.0
2024-03-21 00:00:00-04:00,1.4500000476837158,1.5800000429153442,1.4500000476837158,1.559999942779541,326700,0.0,0.0
2024-03-22 00:00:00-04:00,1.559999942779541,1.7450000047683716,1.559999942779541,1.7400000095367432,383500,0.0,0.0
2024-03-25 00:00:00-04:00,1.7200000286102295,1.899999976158142,1.659999966621399,1.7300000190734863,345600,0.0,0.0
2024-03-26 00:00:00-04:00,1.75,1.8799999952316284,1.7000000476837158,1.809999942779541,358400,0.0,0.0
2024-03-27 00:00:00-04:00,1.8200000524520874,1.8600000143051147,1.75,1.7999999523162842,185100,0.0,0.0
2024-03-28 00:00:00-04:00,1.8300000429153442,1.9800000190734863,1.7599999904632568,1.7899999618530273,454600,0.0,0.0
2024-04-01 00:00:00-04:00,1.7799999713897705,1.850000023841858,1.7599999904632568,1.8300000429153442,86300,0.0,0.0
2024-04-02 00:00:00-04:00,1.8200000524520874,1.840000033378601,1.7699999809265137,1.7999999523162842,86700,0.0,0.0
2024-04-03 00:00:00-04:00,1.7999999523162842,1.840000033378601,1.7589999437332153,1.7599999904632568,213000,0.0,0.0
2024-04-04 00:00:00-04:00,1.7599999904632568,1.8700000047683716,1.75,1.75,212100,0.0,0.0
2024-04-05 00:00:00-04:00,1.7599999904632568,1.8200000524520874,1.7599999904632568,1.7999999523162842,146300,0.0,0.0
2024-04-08 00:00:00-04:00,1.850000023841858,1.850000023841858,1.75,1.8200000524520874,247400,0.0,0.0
2024-04-09 00:00:00-04:00,1.8200000524520874,1.850000023841858,1.6200000047683716,1.6699999570846558,288300,0.0,0.0
2024-04-10 00:00:00-04:00,1.7050000429153442,1.7200000286102295,1.6299999952316284,1.6699999570846558,43400,0.0,0.0
2024-04-11 00:00:00-04:00,1.7000000476837158,1.7200000286102295,1.6670000553131104,1.6950000524520874,58500,0.0,0.0
2024-04-12 00:00:00-04:00,1.6820000410079956,1.7699999809265137,1.649999976158142,1.7300000190734863,116900,0.0,0.0
2024-04-15 00:00:00-04:00,1.7000000476837158,1.7699999809265137,1.649999976158142,1.7549999952316284,259500,0.0,0.0
2024-04-16 00:00:00-04:00,1.7000000476837158,1.7899999618530273,1.6670000553131104,1.7599999904632568,233800,0.0,0.0
2024-04-17 00:00:00-04:00,1.7999999523162842,1.8200000524520874,1.7000000476837158,1.75,112700,0.0,0.0
2024-04-18 00:00:00-04:00,1.75,1.7599999904632568,1.559999942779541,1.6299999952316284,208600,0.0,0.0
2024-04-19 00:00:00-04:00,1.649999976158142,1.7000000476837158,1.6100000143051147,1.6399999856948853,29500,0.0,0.0
2024-04-22 00:00:00-04:00,1.6200000047683716,1.6929999589920044,1.600000023841858,1.6299999952316284,34800,0.0,0.0
2024-04-23 00:00:00-04:00,1.6399999856948853,1.7200000286102295,1.6139999628067017,1.7000000476837158,90500,0.0,0.0
2024-04-24 00:00:00-04:00,1.7100000381469727,1.7100000381469727,1.6399999856948853,1.659999966621399,48700,0.0,0.0
2024-04-25 00:00:00-04:00,1.659999966621399,1.6759999990463257,1.5,1.5800000429153442,253000,0.0,0.0
2024-04-26 00:00:00-04:00,1.600000023841858,1.6369999647140503,1.5299999713897705,1.5399999618530273,469700,0.0,0.0
2024-04-29 00:00:00-04:00,1.5299999713897705,1.6299999952316284,1.5299999713897705,1.5700000524520874,137500,0.0,0.0
2024-04-30 00:00:00-04:00,1.5700000524520874,1.6699999570846558,1.5049999952316284,1.649999976158142,215000,0.0,0.0
2024-05-01 00:00:00-04:00,1.6160000562667847,1.6670000553131104,1.5750000476837158,1.600000023841858,101100,0.0,0.0
2024-05-02 00:00:00-04:00,1.6299999952316284,1.7100000381469727,1.600000023841858,1.6399999856948853,197800,0.0,0.0
2024-05-03 00:00:00-04:00,1.6799999475479126,1.690000057220459,1.6299999952316284,1.690000057220459,85600,0.0,0.0
2024-05-06 00:00:00-04:00,1.7300000190734863,1.8200000524520874,1.6799999475479126,1.7400000095367432,297100,0.0,0.0
2024-05-07 00:00:00-04:00,1.7799999713897705,1.809000015258789,1.659999966621399,1.7400000095367432,148300,0.0,0.0
2024-05-08 00:00:00-04:00,1.7200000286102295,1.7599999904632568,1.6799999475479126,1.7000000476837158,250500,0.0,0.0
2024-05-09 00:00:00-04:00,1.7100000381469727,1.7100000381469727,1.6720000505447388,1.7000000476837158,21100,0.0,0.0
2024-05-10 00:00:00-04:00,1.7100000381469727,1.7400000095367432,1.6699999570846558,1.7000000476837158,36400,0.0,0.0
2024-05-13 00:00:00-04:00,1.690000057220459,1.7400000095367432,1.690000057220459,1.7000000476837158,38500,0.0,0.0
2024-05-14 00:00:00-04:00,1.7400000095367432,1.75,1.7000000476837158,1.7200000286102295,37600,0.0,0.0
2024-05-15 00:00:00-04:00,1.75,1.75,1.6950000524520874,1.7300000190734863,49800,0.0,0.0
2024-05-16 00:00:00-04:00,1.725000023841858,1.75,1.7000000476837158,1.75,131500,0.0,0.0
2024-05-17 00:00:00-04:00,1.75,1.75,1.7100000381469727,1.7400000095367432,252400,0.0,0.0
2024-05-20 00:00:00-04:00,1.7400000095367432,1.75,1.7100000381469727,1.7450000047683716,161500,0.0,0.0
2024-05-21 00:00:00-04:00,1.7450000047683716,1.7799999713897705,1.7100000381469727,1.7200000286102295,867700,0.0,0.0
2024-05-22 00:00:00-04:00,1.75,1.7599999904632568,1.7200000286102295,1.75,149300,0.0,0.0
2024-05-23 00:00:00-04:00,1.75,1.7699999809265137,1.7200000286102295,1.75,198800,0.0,0.0
2024-05-24 00:00:00-04:00,1.7599999904632568,1.7599999904632568,1.7100000381469727,1.7100000381469727,85800,0.0,0.0
2024-05-28 00:00:00-04:00,1.75,1.75,1.6399999856948853,1.649999976158142,203200,0.0,0.0
2024-05-29 00:00:00-04:00,1.649999976158142,1.7200000286102295,1.5499999523162842,1.559999942779541,1038800,0.0,0.0
2024-05-30 00:00:00-04:00,1.600000023841858,1.6200000047683716,1.5,1.5299999713897705,158800,0.0,0.0
2024-05-31 00:00:00-04:00,1.5800000429153442,1.5800000429153442,1.4600000381469727,1.5,177600,0.0,0.0
2024-06-03 00:00:00-04:00,1.5099999904632568,1.5399999618530273,1.4900000095367432,1.5099999904632568,109700,0.0,0.0
2024-06-04 00:00:00-04:00,1.5,1.5199999809265137,1.4550000429153442,1.5199999809265137,213300,0.0,0.0
2024-06-05 00:00:00-04:00,1.5299999713897705,1.5299999713897705,1.4600000381469727,1.4800000190734863,175900,0.0,0.0
2024-06-06 00:00:00-04:00,1.4600000381469727,1.4850000143051147,1.4600000381469727,1.4800000190734863,70300,0.0,0.0
2024-06-07 00:00:00-04:00,1.5,1.5,1.4500000476837158,1.4600000381469727,118400,0.0,0.0
2024-06-10 00:00:00-04:00,1.4600000381469727,1.468999981880188,1.3899999856948853,1.4600000381469727,147600,0.0,0.0
2024-06-11 00:00:00-04:00,1.409999966621399,1.4500000476837158,1.399999976158142,1.440000057220459,115300,0.0,0.0
2024-06-12 00:00:00-04:00,1.4600000381469727,1.4600000381469727,1.399999976158142,1.4199999570846558,71500,0.0,0.0
2024-06-13 00:00:00-04:00,1.409999966621399,1.440000057220459,1.3799999952316284,1.4299999475479126,92900,0.0,0.0
2024-06-14 00:00:00-04:00,1.4299999475479126,1.437000036239624,1.3600000143051147,1.409999966621399,81600,0.0,0.0
2024-06-17 00:00:00-04:00,1.3899999856948853,1.4199999570846558,1.3899999856948853,1.3899999856948853,61500,0.0,0.0
2024-06-18 00:00:00-04:00,1.440000057220459,1.440000057220459,1.3700000047683716,1.3899999856948853,120400,0.0,0.0
2024-06-20 00:00:00-04:00,1.3799999952316284,1.4299999475479126,1.3700000047683716,1.3899999856948853,82300,0.0,0.0
2024-06-21 00:00:00-04:00,1.399999976158142,1.409999966621399,1.3700000047683716,1.3799999952316284,44700,0.0,0.0
2024-06-24 00:00:00-04:00,1.399999976158142,1.399999976158142,1.3600000143051147,1.3899999856948853,99200,0.0,0.0
2024-06-25 00:00:00-04:00,1.3600000143051147,1.3899999856948853,1.2200000286102295,1.2899999618530273,209000,0.0,0.0
2024-06-26 00:00:00-04:00,1.2999999523162842,1.3799999952316284,1.2599999904632568,1.340000033378601,159000,0.0,0.0
2024-06-27 00:00:00-04:00,1.3200000524520874,1.3380000591278076,1.2699999809265137,1.2899999618530273,47500,0.0,0.0
2024-06-28 00:00:00-04:00,1.2799999713897705,1.340000033378601,1.2799999713897705,1.3200000524520874,40100,0.0,0.0
2024-07-01 00:00:00-04:00,1.3700000047683716,1.3899999856948853,1.3200000524520874,1.340000033378601,66000,0.0,0.0
2024-07-02 00:00:00-04:00,1.340000033378601,1.3700000047683716,1.1200000047683716,1.350000023841858,89500,0.0,0.0
2024-07-03 00:00:00-04:00,1.340000033378601,1.340000033378601,1.2999999523162842,1.3250000476837158,35200,0.0,0.0
2024-07-05 00:00:00-04:00,1.340000033378601,1.350000023841858,1.2899999618530273,1.3300000429153442,83000,0.0,0.0
2024-07-08 00:00:00-04:00,1.309999942779541,1.3799999952316284,1.309999942779541,1.3600000143051147,46000,0.0,0.0
2024-07-09 00:00:00-04:00,1.350000023841858,1.4500000476837158,1.350000023841858,1.4500000476837158,167400,0.0,0.0
2024-07-10 00:00:00-04:00,1.440000057220459,1.5299999713897705,1.409999966621399,1.4529999494552612,80600,0.0,0.0
2024-07-11 00:00:00-04:00,1.4900000095367432,1.5299999713897705,1.4600000381469727,1.5099999904632568,116400,0.0,0.0
2024-07-12 00:00:00-04:00,1.590000033378601,1.600000023841858,1.4800000190734863,1.559999942779541,230100,0.0,0.0
2024-07-15 00:00:00-04:00,1.5099999904632568,1.590000033378601,1.4950000047683716,1.5850000381469727,63200,0.0,0.0
2024-07-16 00:00:00-04:00,1.6299999952316284,1.690000057220459,1.5880000591278076,1.649999976158142,181500,0.0,0.0
2024-07-17 00:00:00-04:00,1.690000057220459,1.7000000476837158,1.4800000190734863,1.5499999523162842,351200,0.0,0.0
2024-07-18 00:00:00-04:00,1.590000033378601,1.6100000143051147,1.5,1.5499999523162842,99400,0.0,0.0
2024-07-19 00:00:00-04:00,1.5399999618530273,1.5399999618530273,1.4700000286102295,1.4800000190734863,62000,0.0,0.0
2024-07-22 00:00:00-04:00,1.4900000095367432,1.524999976158142,1.4600000381469727,1.5199999809265137,109200,0.0,0.0
2024-07-23 00:00:00-04:00,1.5299999713897705,1.5299999713897705,1.4500000476837158,1.4900000095367432,132900,0.0,0.0
2024-07-24 00:00:00-04:00,1.4900000095367432,1.5,1.4700000286102295,1.4800000190734863,32700,0.0,0.0
2024-07-25 00:00:00-04:00,1.5119999647140503,1.5119999647140503,1.4609999656677246,1.4900000095367432,60400,0.0,0.0
2024-07-26 00:00:00-04:00,1.5199999809265137,1.5199999809265137,1.4819999933242798,1.5099999904632568,37200,0.0,0.0
2024-07-29 00:00:00-04:00,1.4900000095367432,1.5199999809265137,1.4700000286102295,1.4800000190734863,65700,0.0,0.0
2024-07-30 00:00:00-04:00,1.4700000286102295,1.496999979019165,1.4299999475479126,1.4700000286102295,52200,0.0,0.0
2024-07-31 00:00:00-04:00,1.472000002861023,1.472000002861023,1.440000057220459,1.440000057220459,56000,0.0,0.0
2024-08-01 00:00:00-04:00,1.4600000381469727,1.4600000381469727,1.3600000143051147,1.3899999856948853,76200,0.0,0.0
2024-08-02 00:00:00-04:00,1.3930000066757202,1.3930000066757202,1.3300000429153442,1.340000033378601,89900,0.0,0.0
2024-08-05 00:00:00-04:00,1.309999942779541,1.340000033378601,1.2690000534057617,1.2899999618530273,176900,0.0,0.0
2024-08-06 00:00:00-04:00,1.3200000524520874,1.378999948501587,1.309999942779541,1.340000033378601,72800,0.0,0.0
2024-08-07 00:00:00-04:00,1.3700000047683716,1.4199999570846558,1.2699999809265137,1.3300000429153442,108500,0.0,0.0
2024-08-08 00:00:00-04:00,1.3600000143051147,1.4450000524520874,1.340000033378601,1.409999966621399,145500,0.0,0.0
2024-08-09 00:00:00-04:00,1.4299999475479126,1.4299999475479126,1.3799999952316284,1.409999966621399,31000,0.0,0.0
2024-08-12 00:00:00-04:00,1.4299999475479126,1.4600000381469727,1.399999976158142,1.409999966621399,31200,0.0,0.0
2024-08-13 00:00:00-04:00,1.409999966621399,1.440000057220459,1.3799999952316284,1.409999966621399,74800,0.0,0.0
2024-08-14 00:00:00-04:00,1.4299999475479126,1.4600000381469727,1.3899999856948853,1.409999966621399,118800,0.0,0.0
2024-08-15 00:00:00-04:00,1.4199999570846558,1.4500000476837158,1.350000023841858,1.350000023841858,99900,0.0,0.0
2024-08-16 00:00:00-04:00,1.340000033378601,1.3799999952316284,1.2899999618530273,1.340000033378601,174600,0.0,0.0
2024-08-19 00:00:00-04:00,1.3200000524520874,1.4259999990463257,1.309999942779541,1.3600000143051147,166500,0.0,0.0
2024-08-20 00:00:00-04:00,1.3700000047683716,1.440000057220459,1.3600000143051147,1.3700000047683716,42500,0.0,0.0
2024-08-21 00:00:00-04:00,1.3849999904632568,1.399999976158142,1.3700000047683716,1.399999976158142,33400,0.0,0.0
2024-08-22 00:00:00-04:00,1.4600000381469727,1.5199999809265137,1.440000057220459,1.440000057220459,311000,0.0,0.0
2024-08-23 00:00:00-04:00,1.4700000286102295,1.4900000095367432,1.4600000381469727,1.4700000286102295,99700,0.0,0.0
2024-08-26 00:00:00-04:00,1.4800000190734863,1.5089999437332153,1.4500000476837158,1.5,112200,0.0,0.0
2024-08-27 00:00:00-04:00,1.5,1.5,1.4299999475479126,1.4700000286102295,56300,0.0,0.0
2024-08-28 00:00:00-04:00,1.4900000095367432,1.5,1.4470000267028809,1.4500000476837158,64300,0.0,0.0
2024-08-29 00:00:00-04:00,1.4600000381469727,1.4700000286102295,1.3600000143051147,1.4199999570846558,181900,0.0,0.0
2024-08-30 00:00:00-04:00,1.4500000476837158,1.4500000476837158,1.3899999856948853,1.4199999570846558,40800,0.0,0.0
2024-09-03 00:00:00-04:00,1.440000057220459,1.440000057220459,1.3600000143051147,1.3899999856948853,64700,0.0,0.0
2024-09-04 00:00:00-04:00,1.409999966621399,1.5499999523162842,1.3899999856948853,1.4900000095367432,236500,0.0,0.0
2024-09-05 00:00:00-04:00,1.5199999809265137,1.5199999809265137,1.399999976158142,1.4600000381469727,169800,0.0,0.0
2024-09-06 00:00:00-04:00,1.4700000286102295,1.5099999904632568,1.409999966621399,1.4600000381469727,344900,0.0,0.0
2024-09-09 00:00:00-04:00,1.5399999618530273,1.5399999618530273,1.4199999570846558,1.440000057220459,245500,0.0,0.0
2024-09-10 00:00:00-04:00,1.4700000286102295,1.5,1.440000057220459,1.4800000190734863,269000,0.0,0.0
2024-09-11 00:00:00-04:00,1.4900000095367432,1.4900000095367432,1.4299999475479126,1.4500000476837158,111100,0.0,0.0
2024-09-12 00:00:00-04:00,1.4800000190734863,1.4900000095367432,1.440000057220459,1.4700000286102295,63500,0.0,0.0
2024-09-13 00:00:00-04:00,1.4800000190734863,1.5399999618530273,1.4620000123977661,1.5199999809265137,207200,0.0,0.0
2024-09-16 00:00:00-04:00,1.5199999809265137,1.5399999618530273,1.4700000286102295,1.5199999809265137,46700,0.0,0.0
2024-09-17 00:00:00-04:00,1.4900000095367432,1.5499999523162842,1.4900000095367432,1.5299999713897705,160200,0.0,0.0
2024-09-18 00:00:00-04:00,1.559999942779541,1.559999942779541,1.5099999904632568,1.5499999523162842,98500,0.0,0.0
2024-09-19 00:00:00-04:00,1.559999942779541,1.5700000524520874,1.5099999904632568,1.5499999523162842,232900,0.0,0.0
2024-09-20 00:00:00-04:00,1.5499999523162842,1.5499999523162842,1.5099999904632568,1.5499999523162842,89300,0.0,0.0
2024-09-23 00:00:00-04:00,1.5499999523162842,1.5700000524520874,1.4800000190734863,1.534999966621399,81200,0.0,0.0
2024-09-24 00:00:00-04:00,1.5199999809265137,1.5679999589920044,1.5,1.5399999618530273,67400,0.0,0.0
2024-09-25 00:00:00-04:00,1.5140000581741333,1.5499999523162842,1.4900000095367432,1.5099999904632568,54300,0.0,0.0
2024-09-26 00:00:00-04:00,1.5299999713897705,1.5299999713897705,1.4900000095367432,1.5099999904632568,48000,0.0,0.0
2024-09-27 00:00:00-04:00,1.524999976158142,1.5470000505447388,1.5,1.5299999713897705,59100,0.0,0.0
2024-09-30 00:00:00-04:00,1.5399999618530273,1.5499999523162842,1.5,1.5199999809265137,65100,0.0,0.0
2024-10-01 00:00:00-04:00,1.5099999904632568,1.5299999713897705,1.4900000095367432,1.5,51200,0.0,0.0
2024-10-02 00:00:00-04:00,1.5099999904632568,1.5199999809265137,1.4700000286102295,1.5,27600,0.0,0.0
2024-10-03 00:00:00-04:00,1.5199999809265137,1.5299999713897705,1.4800000190734863,1.5,50200,0.0,0.0
2024-10-04 00:00:00-04:00,1.5099999904632568,1.5499999523162842,1.4950000047683716,1.5,99300,0.0,0.0
2024-10-07 00:00:00-04:00,1.5199999809265137,1.5399999618530273,1.4900000095367432,1.5199999809265137,94400,0.0,0.0
2024-10-08 00:00:00-04:00,1.649999976158142,1.649999976158142,1.5099999904632568,1.5299999713897705,276400,0.0,0.0
2024-10-09 00:00:00-04:00,1.5499999523162842,1.5709999799728394,1.4800000190734863,1.5,81300,0.0,0.0
2024-10-10 00:00:00-04:00,1.5099999904632568,1.5099999904632568,1.4700000286102295,1.4700000286102295,59800,0.0,0.0
2024-10-11 00:00:00-04:00,1.4600000381469727,1.5019999742507935,1.4299999475479126,1.4500000476837158,134400,0.0,0.0
2024-10-14 00:00:00-04:00,1.4299999475479126,1.5199999809265137,1.4299999475479126,1.4800000190734863,68100,0.0,0.0
2024-10-15 00:00:00-04:00,1.5199999809265137,1.5199999809265137,1.4299999475479126,1.4900000095367432,119100,0.0,0.0
2024-10-16 00:00:00-04:00,1.4700000286102295,1.5199999809265137,1.440000057220459,1.4600000381469727,157300,0.0,0.0
2024-10-17 00:00:00-04:00,1.4800000190734863,1.5199999809265137,1.440000057220459,1.4700000286102295,139800,0.0,0.0
2024-10-18 00:00:00-04:00,1.4800000190734863,1.5099999904632568,1.4500000476837158,1.4900000095367432,198800,0.0,0.0
2024-10-21 00:00:00-04:00,1.4900000095367432,1.503000020980835,1.4299999475479126,1.4700000286102295,426900,0.0,0.0
2024-10-22 00:00:00-04:00,1.4600000381469727,1.4900000095367432,1.4299999475479126,1.4700000286102295,157300,0.0,0.0
2024-10-23 00:00:00-04:00,1.4900000095367432,1.496999979019165,1.440000057220459,1.4700000286102295,157200,0.0,0.0
2024-10-24 00:00:00-04:00,1.4700000286102295,1.4839999675750732,1.4049999713897705,1.4299999475479126,654900,0.0,0.0
2024-10-25 00:00:00-04:00,1.4299999475479126,1.4500000476837158,1.4299999475479126,1.440000057220459,166400,0.0,0.0
2024-10-28 00:00:00-04:00,1.4600000381469727,1.5299999713897705,1.4299999475479126,1.4500000476837158,248400,0.0,0.0
2024-10-29 00:00:00-04:00,1.4500000476837158,1.4700000286102295,1.4199999570846558,1.4299999475479126,250100,0.0,0.0
2024-10-30 00:00:00-04:00,1.4299999475479126,1.6399999856948853,1.409999966621399,1.440000057220459,557000,0.0,0.0
2024-10-31 00:00:00-04:00,1.4299999475479126,1.4900000095367432,1.4299999475479126,1.4500000476837158,204800,0.0,0.0
2024-11-01 00:00:00-04:00,1.4500000476837158,1.5049999952316284,1.399999976158142,1.440000057220459,428200,0.0,0.0
2024-11-04 00:00:00-05:00,1.4500000476837158,1.4800000190734863,1.4199999570846558,1.4800000190734863,70400,0.0,0.0
2024-11-05 00:00:00-05:00,1.4900000095367432,1.649999976158142,1.4700000286102295,1.590000033378601,802400,0.0,0.0
2024-11-06 00:00:00-05:00,1.649999976158142,1.7999999523162842,1.6100000143051147,1.7899999618530273,752000,0.0,0.0
2024-11-07 00:00:00-05:00,1.850000023841858,2.0999999046325684,1.850000023841858,1.9500000476837158,1757900,0.0,0.0
2024-11-08 00:00:00-05:00,1.9900000095367432,2.0299999713897705,1.75,1.9800000190734863,815200,0.0,0.0
2024-11-11 00:00:00-05:00,2.009999990463257,2.0899999141693115,1.899999976158142,1.940000057220459,1193300,0.0,0.0
2024-11-12 00:00:00-05:00,1.9199999570846558,1.9700000286102295,1.8170000314712524,1.8700000047683716,514800,0.0,0.0
2024-11-13 00:00:00-05:00,1.840000033378601,1.8600000143051147,1.659999966621399,1.840000033378601,665800,0.0,0.0
2024-11-14 00:00:00-05:00,1.8700000047683716,1.875,1.75,1.809999942779541,231000,0.0,0.0
2024-11-15 00:00:00-05:00,1.809999942779541,1.809999942779541,1.6799999475479126,1.7000000476837158,435900,0.0,0.0
2024-11-18 00:00:00-05:00,1.7100000381469727,1.7699999809265137,1.6799999475479126,1.7000000476837158,302000,0.0,0.0
2024-11-19 00:00:00-05:00,1.690000057220459,1.7699999809265137,1.6820000410079956,1.7400000095367432,106500,0.0,0.0
2024-11-20 00:00:00-05:00,1.75,1.9049999713897705,1.725000023841858,1.8600000143051147,615600,0.0,0.0
2024-11-21 00:00:00-05:00,1.850000023841858,1.8830000162124634,1.7999999523162842,1.850000023841858,269600,0.0,0.0
2024-11-22 00:00:00-05:00,1.8600000143051147,1.8700000047683716,1.809999942779541,1.840000033378601,280300,0.0,0.0
2024-11-25 00:00:00-05:00,1.850000023841858,1.8899999856948853,1.840000033378601,1.850000023841858,499600,0.0,0.0
2024-11-26 00:00:00-05:00,1.8799999952316284,1.8899999856948853,1.8300000429153442,1.850000023841858,260900,0.0,0.0
2024-11-27 00:00:00-05:00,1.840000033378601,1.909999966621399,1.840000033378601,1.8700000047683716,287600,0.0,0.0
2024-11-29 00:00:00-05:00,1.909999966621399,2.0,1.899999976158142,1.9900000095367432,306800,0.0,0.0
2024-12-02 00:00:00-05:00,2.0,2.1700000762939453,1.9500000476837158,2.0,1348800,0.0,0.0
2024-12-03 00:00:00-05:00,2.0,2.0250000953674316,1.8200000524520874,1.8600000143051147,652400,0.0,0.0
2024-12-04 00:00:00-05:00,1.8600000143051147,1.9290000200271606,1.8200000524520874,1.850000023841858,409000,0.0,0.0
2024-12-05 00:00:00-05:00,1.8700000047683716,1.8899999856948853,1.8200000524520874,1.850000023841858,150800,0.0,0.0
2024-12-06 00:00:00-05:00,1.8600000143051147,1.8899999856948853,1.8300000429153442,1.8600000143051147,289400,0.0,0.0
2024-12-09 00:00:00-05:00,1.899999976158142,1.909999966621399,1.850000023841858,1.8799999952316284,207300,0.0,0.0
2024-12-10 00:00:00-05:00,1.8799999952316284,1.909999966621399,1.850000023841858,1.8949999809265137,299800,0.0,0.0
2024-12-11 00:00:00-05:00,1.899999976158142,1.899999976158142,1.8600000143051147,1.8799999952316284,234700,0.0,0.0
2024-12-12 00:00:00-05:00,1.8600000143051147,1.8899999856948853,1.850000023841858,1.8600000143051147,280300,0.0,0.0
2024-12-13 00:00:00-05:00,1.8700000047683716,1.8798999786376953,1.7200000286102295,1.7999999523162842,561665,0.0,0.0
