Date,Open,High,Low,Close,Volume,Dividends,Stock Splits
2022-01-03 00:00:00-05:00,6.079999923706055,6.21999979019165,5.929999828338623,6.150000095367432,1134900,0.0,0.0
2022-01-04 00:00:00-05:00,6.510000228881836,6.519999980926514,5.760000228881836,6.130000114440918,1997700,0.0,0.0
2022-01-05 00:00:00-05:00,6.190000057220459,6.71999979019165,6.099999904632568,6.170000076293945,2464200,0.0,0.0
2022-01-06 00:00:00-05:00,6.139999866485596,6.239999771118164,5.849999904632568,6.0,1450400,0.0,0.0
2022-01-07 00:00:00-05:00,6.050000190734863,6.53000020980835,6.03000020980835,6.369999885559082,1437400,0.0,0.0
2022-01-10 00:00:00-05:00,6.309999942779541,6.340000152587891,5.809999942779541,5.940000057220459,1330700,0.0,0.0
2022-01-11 00:00:00-05:00,5.96999979019165,6.289999961853027,5.940000057220459,6.260000228881836,920300,0.0,0.0
2022-01-12 00:00:00-05:00,6.380000114440918,6.630000114440918,6.25,6.369999885559082,991800,0.0,0.0
2022-01-13 00:00:00-05:00,6.5,6.510000228881836,6.119999885559082,6.170000076293945,887900,0.0,0.0
2022-01-14 00:00:00-05:00,6.059999942779541,6.329999923706055,6.039999961853027,6.309999942779541,906100,0.0,0.0
2022-01-18 00:00:00-05:00,6.210000038146973,6.389999866485596,5.96999979019165,5.980000019073486,978600,0.0,0.0
2022-01-19 00:00:00-05:00,6.010000228881836,6.059999942779541,5.809999942779541,5.880000114440918,783000,0.0,0.0
2022-01-20 00:00:00-05:00,6.03000020980835,6.340000152587891,5.860000133514404,5.880000114440918,985300,0.0,0.0
2022-01-21 00:00:00-05:00,5.800000190734863,5.849999904632568,5.5,5.559999942779541,1132900,0.0,0.0
2022-01-24 00:00:00-05:00,5.230000019073486,5.449999809265137,4.860000133514404,5.449999809265137,1741300,0.0,0.0
2022-01-25 00:00:00-05:00,5.28000020980835,5.449999809265137,5.159999847412109,5.289999961853027,771400,0.0,0.0
2022-01-26 00:00:00-05:00,5.519999980926514,5.670000076293945,5.059999942779541,5.070000171661377,1765700,0.0,0.0
2022-01-27 00:00:00-05:00,5.150000095367432,5.25,4.840000152587891,4.880000114440918,1166300,0.0,0.0
2022-01-28 00:00:00-05:00,4.909999847412109,4.929999828338623,4.650000095367432,4.900000095367432,906700,0.0,0.0
2022-01-31 00:00:00-05:00,5.0,5.449999809265137,5.0,5.429999828338623,920000,0.0,0.0
2022-02-01 00:00:00-05:00,5.409999847412109,5.53000020980835,5.28000020980835,5.460000038146973,622700,0.0,0.0
2022-02-02 00:00:00-05:00,5.510000228881836,5.510000228881836,5.159999847412109,5.230000019073486,601400,0.0,0.0
2022-02-03 00:00:00-05:00,5.159999847412109,5.269999980926514,4.960000038146973,5.0,592900,0.0,0.0
2022-02-04 00:00:00-05:00,5.0,5.269999980926514,4.949999809265137,5.210000038146973,560400,0.0,0.0
2022-02-07 00:00:00-05:00,5.239999771118164,5.409999847412109,5.210000038146973,5.230000019073486,468800,0.0,0.0
2022-02-08 00:00:00-05:00,5.21999979019165,5.480000019073486,5.190000057220459,5.449999809265137,498600,0.0,0.0
2022-02-09 00:00:00-05:00,5.710000038146973,5.739999771118164,5.46999979019165,5.699999809265137,668400,0.0,0.0
2022-02-10 00:00:00-05:00,5.400000095367432,6.090000152587891,5.349999904632568,5.760000228881836,1641100,0.0,0.0
2022-02-11 00:00:00-05:00,5.800000190734863,5.900000095367432,5.5,5.599999904632568,787300,0.0,0.0
2022-02-14 00:00:00-05:00,5.460000038146973,5.809999942779541,5.460000038146973,5.670000076293945,590200,0.0,0.0
2022-02-15 00:00:00-05:00,5.849999904632568,5.980000019073486,5.820000171661377,5.980000019073486,690700,0.0,0.0
2022-02-16 00:00:00-05:00,5.909999847412109,6.050000190734863,5.840000152587891,5.940000057220459,584500,0.0,0.0
2022-02-17 00:00:00-05:00,5.869999885559082,5.96999979019165,5.659999847412109,5.699999809265137,465800,0.0,0.0
2022-02-18 00:00:00-05:00,5.699999809265137,5.710000038146973,5.489999771118164,5.559999942779541,466900,0.0,0.0
2022-02-22 00:00:00-05:00,5.320000171661377,5.429999828338623,5.119999885559082,5.199999809265137,597200,0.0,0.0
2022-02-23 00:00:00-05:00,5.329999923706055,5.389999866485596,5.139999866485596,5.139999866485596,611600,0.0,0.0
2022-02-24 00:00:00-05:00,4.699999809265137,5.510000228881836,4.53000020980835,5.510000228881836,832100,0.0,0.0
2022-02-25 00:00:00-05:00,5.650000095367432,5.650000095367432,5.320000171661377,5.519999980926514,413200,0.0,0.0
2022-02-28 00:00:00-05:00,5.650000095367432,6.179999828338623,5.619999885559082,6.010000228881836,1798200,0.0,0.0
2022-03-01 00:00:00-05:00,6.099999904632568,6.420000076293945,6.070000171661377,6.210000038146973,1197500,0.0,0.0
2022-03-02 00:00:00-05:00,6.210000038146973,6.230000019073486,5.889999866485596,6.079999923706055,677200,0.0,0.0
2022-03-03 00:00:00-05:00,6.070000171661377,6.090000152587891,5.510000228881836,5.559999942779541,1188400,0.0,0.0
2022-03-04 00:00:00-05:00,5.5,5.619999885559082,5.360000133514404,5.389999866485596,948900,0.0,0.0
2022-03-07 00:00:00-05:00,5.440000057220459,5.960000038146973,5.400000095367432,5.940000057220459,1544900,0.0,0.0
2022-03-08 00:00:00-05:00,6.210000038146973,8.430000305175781,6.150000095367432,8.109999656677246,7614400,0.0,0.0
2022-03-09 00:00:00-05:00,7.309999942779541,7.320000171661377,6.679999828338623,6.840000152587891,2949000,0.0,0.0
2022-03-10 00:00:00-05:00,7.059999942779541,7.059999942779541,6.510000228881836,6.789999961853027,1291800,0.0,0.0
2022-03-11 00:00:00-05:00,6.860000133514404,7.039999961853027,6.28000020980835,6.329999923706055,2520500,0.0,0.0
2022-03-14 00:00:00-04:00,6.170000076293945,6.170000076293945,5.53000020980835,5.559999942779541,1479200,0.0,0.0
2022-03-15 00:00:00-04:00,5.199999809265137,5.75,5.0,5.710000038146973,1781200,0.0,0.0
2022-03-16 00:00:00-04:00,5.989999771118164,6.510000228881836,5.860000133514404,6.489999771118164,1719400,0.0,0.0
2022-03-17 00:00:00-04:00,6.340000152587891,6.659999847412109,6.239999771118164,6.599999904632568,1268500,0.0,0.0
2022-03-18 00:00:00-04:00,6.53000020980835,7.090000152587891,6.489999771118164,6.880000114440918,2090500,0.0,0.0
2022-03-21 00:00:00-04:00,6.730000019073486,6.980000019073486,6.599999904632568,6.840000152587891,1014600,0.0,0.0
2022-03-22 00:00:00-04:00,7.019999980926514,7.170000076293945,6.75,6.829999923706055,1101000,0.0,0.0
2022-03-23 00:00:00-04:00,6.710000038146973,7.079999923706055,6.690000057220459,6.800000190734863,1199500,0.0,0.0
2022-03-24 00:00:00-04:00,6.75,6.860000133514404,6.119999885559082,6.260000228881836,1853400,0.0,0.0
2022-03-25 00:00:00-04:00,6.389999866485596,6.409999847412109,5.760000228881836,5.840000152587891,1534500,0.0,0.0
2022-03-28 00:00:00-04:00,5.840000152587891,5.980000019073486,5.610000133514404,5.920000076293945,1261600,0.0,0.0
2022-03-29 00:00:00-04:00,5.980000019073486,6.139999866485596,5.869999885559082,6.070000171661377,1321700,0.0,0.0
2022-03-30 00:00:00-04:00,6.139999866485596,6.329999923706055,5.949999809265137,5.960000038146973,2371700,0.0,0.0
2022-03-31 00:00:00-04:00,5.96999979019165,6.010000228881836,5.739999771118164,5.809999942779541,769600,0.0,0.0
2022-04-01 00:00:00-04:00,5.900000095367432,6.110000133514404,5.760000228881836,5.869999885559082,859300,0.0,0.0
2022-04-04 00:00:00-04:00,5.96999979019165,6.380000114440918,5.96999979019165,6.25,935700,0.0,0.0
2022-04-05 00:00:00-04:00,6.300000190734863,6.320000171661377,5.809999942779541,5.809999942779541,882000,0.0,0.0
2022-04-06 00:00:00-04:00,5.710000038146973,5.800000190734863,5.480000019073486,5.550000190734863,857000,0.0,0.0
2022-04-07 00:00:00-04:00,5.550000190734863,5.75,5.409999847412109,5.579999923706055,585700,0.0,0.0
2022-04-08 00:00:00-04:00,5.539999961853027,5.630000114440918,5.349999904632568,5.539999961853027,926100,0.0,0.0
2022-04-11 00:00:00-04:00,5.539999961853027,5.579999923706055,5.389999866485596,5.429999828338623,479700,0.0,0.0
2022-04-12 00:00:00-04:00,5.559999942779541,5.699999809265137,5.449999809265137,5.539999961853027,491500,0.0,0.0
2022-04-13 00:00:00-04:00,5.539999961853027,5.670000076293945,5.519999980926514,5.599999904632568,419400,0.0,0.0
2022-04-14 00:00:00-04:00,5.630000114440918,5.659999847412109,5.429999828338623,5.449999809265137,524200,0.0,0.0
2022-04-18 00:00:00-04:00,5.440000057220459,5.46999979019165,5.309999942779541,5.420000076293945,542400,0.0,0.0
2022-04-19 00:00:00-04:00,5.429999828338623,5.710000038146973,5.340000152587891,5.630000114440918,365800,0.0,0.0
2022-04-20 00:00:00-04:00,5.679999828338623,5.679999828338623,5.380000114440918,5.420000076293945,475700,0.0,0.0
2022-04-21 00:00:00-04:00,5.420000076293945,5.519999980926514,5.010000228881836,5.059999942779541,954000,0.0,0.0
2022-04-22 00:00:00-04:00,5.059999942779541,5.199999809265137,4.900000095367432,4.920000076293945,750500,0.0,0.0
2022-04-25 00:00:00-04:00,4.880000114440918,4.980000019073486,4.650000095367432,4.96999979019165,782900,0.0,0.0
2022-04-26 00:00:00-04:00,4.929999828338623,4.949999809265137,4.639999866485596,4.710000038146973,1148300,0.0,0.0
2022-04-27 00:00:00-04:00,4.690000057220459,4.829999923706055,4.630000114440918,4.75,882100,0.0,0.0
2022-04-28 00:00:00-04:00,4.820000171661377,4.989999771118164,4.650000095367432,4.880000114440918,487300,0.0,0.0
2022-04-29 00:00:00-04:00,4.880000114440918,5.070000171661377,4.809999942779541,4.820000171661377,374800,0.0,0.0
2022-05-02 00:00:00-04:00,4.75,4.829999923706055,4.550000190734863,4.710000038146973,484900,0.0,0.0
2022-05-03 00:00:00-04:00,4.679999828338623,4.889999866485596,4.679999828338623,4.840000152587891,437100,0.0,0.0
2022-05-04 00:00:00-04:00,4.840000152587891,5.349999904632568,4.789999961853027,5.28000020980835,755300,0.0,0.0
2022-05-05 00:00:00-04:00,5.260000228881836,5.28000020980835,4.840000152587891,4.920000076293945,535300,0.0,0.0
2022-05-06 00:00:00-04:00,4.869999885559082,4.869999885559082,4.429999828338623,4.519999980926514,688500,0.0,0.0
2022-05-09 00:00:00-04:00,4.360000133514404,4.409999847412109,4.079999923706055,4.110000133514404,683100,0.0,0.0
2022-05-10 00:00:00-04:00,4.28000020980835,4.329999923706055,3.9200000762939453,4.070000171661377,649600,0.0,0.0
2022-05-11 00:00:00-04:00,4.050000190734863,4.090000152587891,3.690000057220459,3.7300000190734863,970300,0.0,0.0
2022-05-12 00:00:00-04:00,3.509999990463257,4.130000114440918,3.4600000381469727,3.9000000953674316,966800,0.0,0.0
2022-05-13 00:00:00-04:00,4.079999923706055,4.230000019073486,4.079999923706055,4.190000057220459,353400,0.0,0.0
2022-05-16 00:00:00-04:00,4.190000057220459,4.269999980926514,4.059999942779541,4.139999866485596,318300,0.0,0.0
2022-05-17 00:00:00-04:00,4.25,4.429999828338623,4.190000057220459,4.369999885559082,449400,0.0,0.0
2022-05-18 00:00:00-04:00,4.309999942779541,4.590000152587891,4.239999771118164,4.25,509000,0.0,0.0
2022-05-19 00:00:00-04:00,4.28000020980835,4.590000152587891,4.230000019073486,4.480000019073486,406200,0.0,0.0
2022-05-20 00:00:00-04:00,4.579999923706055,4.579999923706055,4.300000190734863,4.559999942779541,425300,0.0,0.0
2022-05-23 00:00:00-04:00,4.619999885559082,4.619999885559082,4.360000133514404,4.550000190734863,319900,0.0,0.0
2022-05-24 00:00:00-04:00,4.440000057220459,4.5,4.300000190734863,4.420000076293945,348800,0.0,0.0
2022-05-25 00:00:00-04:00,4.349999904632568,4.559999942779541,4.239999771118164,4.449999809265137,554600,0.0,0.0
2022-05-26 00:00:00-04:00,4.46999979019165,4.71999979019165,4.46999979019165,4.690000057220459,364800,0.0,0.0
2022-05-27 00:00:00-04:00,4.710000038146973,4.869999885559082,4.659999847412109,4.860000133514404,409600,0.0,0.0
2022-05-31 00:00:00-04:00,4.869999885559082,4.949999809265137,4.670000076293945,4.769999980926514,468800,0.0,0.0
2022-06-01 00:00:00-04:00,4.829999923706055,4.909999847412109,4.599999904632568,4.619999885559082,351800,0.0,0.0
2022-06-02 00:00:00-04:00,4.650000095367432,4.989999771118164,4.590000152587891,4.949999809265137,387700,0.0,0.0
2022-06-03 00:00:00-04:00,4.809999942779541,4.960000038146973,4.710000038146973,4.849999904632568,228100,0.0,0.0
2022-06-06 00:00:00-04:00,5.210000038146973,5.309999942779541,4.849999904632568,4.909999847412109,1474300,0.0,0.0
2022-06-07 00:00:00-04:00,4.900000095367432,5.179999828338623,4.900000095367432,5.139999866485596,682900,0.0,0.0
2022-06-08 00:00:00-04:00,4.980000019073486,5.230000019073486,4.900000095367432,5.090000152587891,591800,0.0,0.0
2022-06-09 00:00:00-04:00,4.949999809265137,5.010000228881836,4.730000019073486,4.900000095367432,749100,0.0,0.0
2022-06-10 00:00:00-04:00,4.71999979019165,4.96999979019165,4.53000020980835,4.570000171661377,772700,0.0,0.0
2022-06-13 00:00:00-04:00,4.420000076293945,4.619999885559082,4.369999885559082,4.539999961853027,1187900,0.0,0.0
2022-06-14 00:00:00-04:00,4.539999961853027,4.579999923706055,4.349999904632568,4.429999828338623,1194800,0.0,0.0
2022-06-15 00:00:00-04:00,4.800000190734863,5.070000171661377,4.670000076293945,5.019999980926514,1236500,0.0,0.0
2022-06-16 00:00:00-04:00,4.860000133514404,4.860000133514404,4.539999961853027,4.679999828338623,937700,0.0,0.0
2022-06-17 00:00:00-04:00,4.800000190734863,5.179999828338623,4.679999828338623,4.889999866485596,3400800,0.0,0.0
2022-06-21 00:00:00-04:00,4.989999771118164,4.989999771118164,4.579999923706055,4.670000076293945,1718800,0.0,0.0
2022-06-22 00:00:00-04:00,4.550000190734863,4.670000076293945,4.480000019073486,4.579999923706055,1598000,0.0,0.0
2022-06-23 00:00:00-04:00,4.730000019073486,4.960000038146973,4.710000038146973,4.920000076293945,1139200,0.0,0.0
2022-06-24 00:00:00-04:00,4.960000038146973,4.980000019073486,4.760000228881836,4.809999942779541,665800,0.0,0.0
2022-06-27 00:00:00-04:00,4.789999961853027,5.199999809265137,4.739999771118164,5.159999847412109,966100,0.0,0.0
2022-06-28 00:00:00-04:00,5.159999847412109,5.199999809265137,4.840000152587891,4.840000152587891,517700,0.0,0.0
2022-06-29 00:00:00-04:00,4.699999809265137,4.710000038146973,4.400000095367432,4.480000019073486,1429900,0.0,0.0
2022-06-30 00:00:00-04:00,4.400000095367432,4.809999942779541,4.400000095367432,4.75,830800,0.0,0.0
2022-07-01 00:00:00-04:00,4.78000020980835,4.869999885559082,4.579999923706055,4.670000076293945,431200,0.0,0.0
2022-07-05 00:00:00-04:00,4.570000171661377,4.71999979019165,4.409999847412109,4.710000038146973,547400,0.0,0.0
2022-07-06 00:00:00-04:00,4.679999828338623,4.840000152587891,4.5,4.550000190734863,438600,0.0,0.0
2022-07-07 00:00:00-04:00,4.599999904632568,4.880000114440918,4.599999904632568,4.840000152587891,505700,0.0,0.0
2022-07-08 00:00:00-04:00,4.760000228881836,5.150000095367432,4.739999771118164,5.059999942779541,657700,0.0,0.0
2022-07-11 00:00:00-04:00,4.96999979019165,5.0,4.78000020980835,4.820000171661377,413000,0.0,0.0
2022-07-12 00:00:00-04:00,4.840000152587891,4.889999866485596,4.670000076293945,4.840000152587891,456800,0.0,0.0
2022-07-13 00:00:00-04:00,4.71999979019165,4.96999979019165,4.699999809265137,4.849999904632568,307200,0.0,0.0
2022-07-14 00:00:00-04:00,4.760000228881836,4.889999866485596,4.739999771118164,4.829999923706055,280000,0.0,0.0
2022-07-15 00:00:00-04:00,4.760000228881836,4.849999904632568,4.429999828338623,4.699999809265137,846900,0.0,0.0
2022-07-18 00:00:00-04:00,4.809999942779541,5.010000228881836,4.769999980926514,4.809999942779541,406700,0.0,0.0
2022-07-19 00:00:00-04:00,4.840000152587891,4.940000057220459,4.820000171661377,4.909999847412109,316200,0.0,0.0
2022-07-20 00:00:00-04:00,4.889999866485596,5.300000190734863,4.889999866485596,5.28000020980835,925300,0.0,0.0
2022-07-21 00:00:00-04:00,5.300000190734863,5.389999866485596,5.039999961853027,5.070000171661377,350300,0.0,0.0
2022-07-22 00:00:00-04:00,5.110000133514404,5.119999885559082,4.869999885559082,4.909999847412109,272400,0.0,0.0
2022-07-25 00:00:00-04:00,4.909999847412109,4.960000038146973,4.739999771118164,4.909999847412109,406200,0.0,0.0
2022-07-26 00:00:00-04:00,4.860000133514404,4.909999847412109,4.730000019073486,4.760000228881836,477600,0.0,0.0
2022-07-27 00:00:00-04:00,4.929999828338623,5.230000019073486,4.840000152587891,5.190000057220459,539400,0.0,0.0
2022-07-28 00:00:00-04:00,5.489999771118164,5.920000076293945,5.449999809265137,5.760000228881836,1921600,0.0,0.0
2022-07-29 00:00:00-04:00,5.670000076293945,6.300000190734863,5.53000020980835,6.28000020980835,1409500,0.0,0.0
2022-08-01 00:00:00-04:00,6.300000190734863,6.5,6.059999942779541,6.179999828338623,926300,0.0,0.0
2022-08-02 00:00:00-04:00,6.010000228881836,6.690000057220459,6.0,6.690000057220459,1656700,0.0,0.0
2022-08-03 00:00:00-04:00,6.75,6.760000228881836,6.53000020980835,6.539999961853027,969800,0.0,0.0
2022-08-04 00:00:00-04:00,6.539999961853027,6.699999809265137,6.400000095367432,6.610000133514404,518400,0.0,0.0
2022-08-05 00:00:00-04:00,6.78000020980835,7.070000171661377,6.650000095367432,6.980000019073486,1007600,0.0,0.0
2022-08-08 00:00:00-04:00,7.5,7.5,7.190000057220459,7.230000019073486,902700,0.0,0.0
2022-08-09 00:00:00-04:00,6.989999771118164,7.190000057220459,6.789999961853027,6.840000152587891,821700,0.0,0.0
2022-08-10 00:00:00-04:00,7.039999961853027,7.429999828338623,6.960000038146973,7.409999847412109,707700,0.0,0.0
2022-08-11 00:00:00-04:00,7.489999771118164,7.489999771118164,6.980000019073486,6.989999771118164,850600,0.0,0.0
2022-08-12 00:00:00-04:00,7.03000020980835,7.320000171661377,6.949999809265137,7.199999809265137,504700,0.0,0.0
2022-08-15 00:00:00-04:00,7.050000190734863,7.210000038146973,6.900000095367432,7.0,608800,0.0,0.0
2022-08-16 00:00:00-04:00,7.03000020980835,7.050000190734863,6.579999923706055,6.599999904632568,844600,0.0,0.0
2022-08-17 00:00:00-04:00,6.5,6.590000152587891,6.239999771118164,6.340000152587891,444100,0.0,0.0
2022-08-18 00:00:00-04:00,6.360000133514404,6.809999942779541,6.360000133514404,6.789999961853027,675600,0.0,0.0
2022-08-19 00:00:00-04:00,6.579999923706055,6.639999866485596,6.400000095367432,6.429999828338623,452700,0.0,0.0
2022-08-22 00:00:00-04:00,6.239999771118164,6.340000152587891,6.050000190734863,6.25,612100,0.0,0.0
2022-08-23 00:00:00-04:00,6.320000171661377,6.429999828338623,6.21999979019165,6.25,337200,0.0,0.0
2022-08-24 00:00:00-04:00,6.300000190734863,6.550000190734863,6.300000190734863,6.440000057220459,410200,0.0,0.0
2022-08-25 00:00:00-04:00,6.559999942779541,6.599999904632568,6.329999923706055,6.400000095367432,293700,0.0,0.0
2022-08-26 00:00:00-04:00,6.53000020980835,6.53000020980835,6.199999809265137,6.28000020980835,422400,0.0,0.0
2022-08-29 00:00:00-04:00,6.199999809265137,6.340000152587891,6.039999961853027,6.059999942779541,644800,0.0,0.0
2022-08-30 00:00:00-04:00,6.130000114440918,6.170000076293945,5.829999923706055,5.889999866485596,614500,0.0,0.0
2022-08-31 00:00:00-04:00,5.849999904632568,5.909999847412109,5.679999828338623,5.840000152587891,494600,0.0,0.0
2022-09-01 00:00:00-04:00,5.650000095367432,5.670000076293945,5.269999980926514,5.329999923706055,825100,0.0,0.0
2022-09-02 00:00:00-04:00,5.46999979019165,5.46999979019165,5.079999923706055,5.110000133514404,971000,0.0,0.0
2022-09-06 00:00:00-04:00,5.079999923706055,5.28000020980835,4.960000038146973,5.28000020980835,682300,0.0,0.0
2022-09-07 00:00:00-04:00,5.340000152587891,5.480000019073486,5.210000038146973,5.429999828338623,728700,0.0,0.0
2022-09-08 00:00:00-04:00,5.460000038146973,5.590000152587891,4.960000038146973,5.099999904632568,1405000,0.0,0.0
2022-09-09 00:00:00-04:00,5.150000095367432,5.619999885559082,5.150000095367432,5.5,909500,0.0,0.0
2022-09-12 00:00:00-04:00,5.510000228881836,5.570000171661377,5.340000152587891,5.539999961853027,663100,0.0,0.0
2022-09-13 00:00:00-04:00,5.409999847412109,5.760000228881836,5.369999885559082,5.630000114440918,869600,0.0,0.0
2022-09-14 00:00:00-04:00,5.699999809265137,5.96999979019165,5.449999809265137,5.96999979019165,923700,0.0,0.0
2022-09-15 00:00:00-04:00,5.920000076293945,6.320000171661377,5.909999847412109,6.079999923706055,1380400,0.0,0.0
2022-09-16 00:00:00-04:00,5.900000095367432,6.010000228881836,5.769999980926514,5.920000076293945,1559000,0.0,0.0
2022-09-19 00:00:00-04:00,5.800000190734863,6.099999904632568,5.769999980926514,6.079999923706055,767100,0.0,0.0
2022-09-20 00:00:00-04:00,6.0,6.039999961853027,5.349999904632568,5.349999904632568,689400,0.0,0.0
2022-09-21 00:00:00-04:00,5.440000057220459,5.650000095367432,5.329999923706055,5.480000019073486,726100,0.0,0.0
2022-09-22 00:00:00-04:00,5.389999866485596,5.489999771118164,5.119999885559082,5.170000076293945,555200,0.0,0.0
2022-09-23 00:00:00-04:00,5.230000019073486,5.230000019073486,4.960000038146973,5.119999885559082,630900,0.0,0.0
2022-09-26 00:00:00-04:00,5.090000152587891,5.349999904632568,5.039999961853027,5.050000190734863,469600,0.0,0.0
2022-09-27 00:00:00-04:00,5.179999828338623,5.300000190734863,5.130000114440918,5.210000038146973,556800,0.0,0.0
2022-09-28 00:00:00-04:00,5.210000038146973,5.400000095367432,5.070000171661377,5.349999904632568,542000,0.0,0.0
2022-09-29 00:00:00-04:00,5.230000019073486,5.260000228881836,4.909999847412109,5.0,897000,0.0,0.0
2022-09-30 00:00:00-04:00,5.039999961853027,5.21999979019165,4.960000038146973,5.039999961853027,405100,0.0,0.0
2022-10-03 00:00:00-04:00,5.039999961853027,5.260000228881836,5.03000020980835,5.139999866485596,447300,0.0,0.0
2022-10-04 00:00:00-04:00,5.300000190734863,5.869999885559082,5.28000020980835,5.849999904632568,1061500,0.0,0.0
2022-10-05 00:00:00-04:00,5.710000038146973,5.769999980926514,5.269999980926514,5.329999923706055,733400,0.0,0.0
2022-10-06 00:00:00-04:00,5.320000171661377,5.5,5.039999961853027,5.070000171661377,774700,0.0,0.0
2022-10-07 00:00:00-04:00,5.010000228881836,5.059999942779541,4.849999904632568,4.900000095367432,898500,0.0,0.0
2022-10-10 00:00:00-04:00,4.909999847412109,4.909999847412109,4.510000228881836,4.539999961853027,767400,0.0,0.0
2022-10-11 00:00:00-04:00,4.579999923706055,4.670000076293945,4.380000114440918,4.590000152587891,639700,0.0,0.0
2022-10-12 00:00:00-04:00,4.53000020980835,4.619999885559082,4.429999828338623,4.480000019073486,569800,0.0,0.0
2022-10-13 00:00:00-04:00,4.340000152587891,4.579999923706055,4.25,4.480000019073486,436000,0.0,0.0
2022-10-14 00:00:00-04:00,4.559999942779541,4.699999809265137,4.409999847412109,4.449999809265137,721900,0.0,0.0
2022-10-17 00:00:00-04:00,4.489999771118164,4.690000057220459,4.489999771118164,4.630000114440918,410600,0.0,0.0
2022-10-18 00:00:00-04:00,4.639999866485596,4.829999923706055,4.389999866485596,4.480000019073486,655200,0.0,0.0
2022-10-19 00:00:00-04:00,4.400000095367432,4.449999809265137,4.260000228881836,4.289999961853027,336400,0.0,0.0
2022-10-20 00:00:00-04:00,4.289999961853027,4.409999847412109,4.210000038146973,4.210000038146973,457000,0.0,0.0
2022-10-21 00:00:00-04:00,4.159999847412109,4.269999980926514,4.110000133514404,4.25,610500,0.0,0.0
2022-10-24 00:00:00-04:00,4.079999923706055,4.21999979019165,3.9100000858306885,4.210000038146973,917200,0.0,0.0
2022-10-25 00:00:00-04:00,4.210000038146973,4.510000228881836,4.210000038146973,4.420000076293945,584600,0.0,0.0
2022-10-26 00:00:00-04:00,4.420000076293945,4.639999866485596,4.380000114440918,4.480000019073486,596500,0.0,0.0
2022-10-27 00:00:00-04:00,4.510000228881836,4.570000171661377,4.389999866485596,4.429999828338623,337000,0.0,0.0
2022-10-28 00:00:00-04:00,4.400000095367432,4.46999979019165,4.269999980926514,4.360000133514404,417300,0.0,0.0
2022-10-31 00:00:00-04:00,4.309999942779541,4.519999980926514,4.28000020980835,4.519999980926514,524300,0.0,0.0
2022-11-01 00:00:00-04:00,4.650000095367432,4.690000057220459,4.360000133514404,4.400000095367432,334600,0.0,0.0
2022-11-02 00:00:00-04:00,4.429999828338623,4.5,4.230000019073486,4.25,299400,0.0,0.0
2022-11-03 00:00:00-04:00,4.25,4.429999828338623,4.199999809265137,4.329999923706055,216700,0.0,0.0
2022-11-04 00:00:00-04:00,4.46999979019165,4.489999771118164,4.309999942779541,4.440000057220459,309800,0.0,0.0
2022-11-07 00:00:00-05:00,4.460000038146973,4.460000038146973,4.320000171661377,4.409999847412109,168600,0.0,0.0
2022-11-08 00:00:00-05:00,4.5,4.5,4.260000228881836,4.349999904632568,286300,0.0,0.0
2022-11-09 00:00:00-05:00,4.329999923706055,4.409999847412109,4.150000095367432,4.190000057220459,386300,0.0,0.0
2022-11-10 00:00:00-05:00,4.349999904632568,4.860000133514404,4.349999904632568,4.849999904632568,1043600,0.0,0.0
2022-11-11 00:00:00-05:00,4.75,4.949999809265137,4.71999979019165,4.829999923706055,338500,0.0,0.0
2022-11-14 00:00:00-05:00,4.820000171661377,4.849999904632568,4.619999885559082,4.739999771118164,390000,0.0,0.0
2022-11-15 00:00:00-05:00,4.940000057220459,5.070000171661377,4.900000095367432,5.0,443600,0.0,0.0
2022-11-16 00:00:00-05:00,4.920000076293945,4.960000038146973,4.809999942779541,4.960000038146973,375600,0.0,0.0
2022-11-17 00:00:00-05:00,4.809999942779541,4.949999809265137,4.71999979019165,4.949999809265137,283900,0.0,0.0
2022-11-18 00:00:00-05:00,5.0,5.050000190734863,4.880000114440918,5.0,286800,0.0,0.0
2022-11-21 00:00:00-05:00,4.920000076293945,4.929999828338623,4.78000020980835,4.909999847412109,284500,0.0,0.0
2022-11-22 00:00:00-05:00,4.860000133514404,4.869999885559082,4.760000228881836,4.860000133514404,210300,0.0,0.0
2022-11-23 00:00:00-05:00,4.840000152587891,4.989999771118164,4.820000171661377,4.929999828338623,231600,0.0,0.0
2022-11-25 00:00:00-05:00,4.900000095367432,4.929999828338623,4.739999771118164,4.75,199800,0.0,0.0
2022-11-28 00:00:00-05:00,4.75,4.75,4.260000228881836,4.400000095367432,712400,0.0,0.0
2022-11-29 00:00:00-05:00,4.420000076293945,4.510000228881836,4.300000190734863,4.329999923706055,459400,0.0,0.0
2022-11-30 00:00:00-05:00,4.380000114440918,4.769999980926514,4.340000152587891,4.71999979019165,1117600,0.0,0.0
2022-12-01 00:00:00-05:00,4.789999961853027,4.809999942779541,4.260000228881836,4.550000190734863,968000,0.0,0.0
2022-12-02 00:00:00-05:00,4.679999828338623,5.440000057220459,4.599999904632568,5.309999942779541,1800100,0.0,0.0
2022-12-05 00:00:00-05:00,5.380000114440918,5.429999828338623,5.039999961853027,5.380000114440918,905600,0.0,0.0
2022-12-06 00:00:00-05:00,5.309999942779541,5.360000133514404,4.800000190734863,4.860000133514404,1107700,0.0,0.0
2022-12-07 00:00:00-05:00,4.820000171661377,4.920000076293945,4.610000133514404,4.650000095367432,897500,0.0,0.0
2022-12-08 00:00:00-05:00,4.699999809265137,4.949999809265137,4.590000152587891,4.869999885559082,691700,0.0,0.0
2022-12-09 00:00:00-05:00,4.869999885559082,4.980000019073486,4.71999979019165,4.730000019073486,784600,0.0,0.0
2022-12-12 00:00:00-05:00,4.650000095367432,4.659999847412109,4.21999979019165,4.5,1418000,0.0,0.0
2022-12-13 00:00:00-05:00,4.690000057220459,4.690000057220459,4.510000228881836,4.590000152587891,839600,0.0,0.0
2022-12-14 00:00:00-05:00,4.489999771118164,4.550000190734863,4.389999866485596,4.5,955300,0.0,0.0
2022-12-15 00:00:00-05:00,4.400000095367432,4.5,4.329999923706055,4.420000076293945,1176900,0.0,0.0
2022-12-16 00:00:00-05:00,4.53000020980835,4.760000228881836,4.510000228881836,4.679999828338623,3968500,0.0,0.0
2022-12-19 00:00:00-05:00,4.630000114440918,4.679999828338623,4.460000038146973,4.5,467900,0.0,0.0
2022-12-20 00:00:00-05:00,4.449999809265137,4.559999942779541,4.389999866485596,4.449999809265137,513000,0.0,0.0
2022-12-21 00:00:00-05:00,4.420000076293945,4.449999809265137,4.309999942779541,4.420000076293945,482000,0.0,0.0
2022-12-22 00:00:00-05:00,4.329999923706055,4.369999885559082,4.230000019073486,4.340000152587891,589100,0.0,0.0
2022-12-23 00:00:00-05:00,4.320000171661377,4.420000076293945,4.130000114440918,4.380000114440918,665500,0.0,0.0
2022-12-27 00:00:00-05:00,4.309999942779541,4.329999923706055,4.179999828338623,4.190000057220459,553600,0.0,0.0
2022-12-28 00:00:00-05:00,4.150000095367432,4.199999809265137,4.050000190734863,4.170000076293945,535900,0.0,0.0
2022-12-29 00:00:00-05:00,4.369999885559082,4.539999961853027,4.300000190734863,4.519999980926514,848300,0.0,0.0
2022-12-30 00:00:00-05:00,4.409999847412109,4.579999923706055,4.409999847412109,4.519999980926514,498900,0.0,0.0
2023-01-03 00:00:00-05:00,4.550000190734863,4.699999809265137,4.320000171661377,4.349999904632568,461300,0.0,0.0
2023-01-04 00:00:00-05:00,4.5,4.710000038146973,4.460000038146973,4.679999828338623,555700,0.0,0.0
2023-01-05 00:00:00-05:00,4.639999866485596,4.690000057220459,4.53000020980835,4.599999904632568,220400,0.0,0.0
2023-01-06 00:00:00-05:00,4.670000076293945,4.849999904632568,4.630000114440918,4.809999942779541,591400,0.0,0.0
2023-01-09 00:00:00-05:00,4.880000114440918,5.110000133514404,4.860000133514404,4.889999866485596,579900,0.0,0.0
2023-01-10 00:00:00-05:00,4.909999847412109,5.070000171661377,4.820000171661377,5.070000171661377,404100,0.0,0.0
2023-01-11 00:00:00-05:00,5.039999961853027,5.329999923706055,4.980000019073486,5.260000228881836,724700,0.0,0.0
2023-01-12 00:00:00-05:00,5.300000190734863,5.400000095367432,5.130000114440918,5.400000095367432,428700,0.0,0.0
2023-01-13 00:00:00-05:00,5.369999885559082,5.440000057220459,5.25,5.25,398500,0.0,0.0
2023-01-17 00:00:00-05:00,5.349999904632568,5.429999828338623,5.28000020980835,5.369999885559082,365000,0.0,0.0
2023-01-18 00:00:00-05:00,5.309999942779541,5.449999809265137,5.239999771118164,5.28000020980835,447400,0.0,0.0
2023-01-19 00:00:00-05:00,5.190000057220459,5.190000057220459,4.980000019073486,5.03000020980835,408400,0.0,0.0
2023-01-20 00:00:00-05:00,5.03000020980835,5.230000019073486,4.989999771118164,5.230000019073486,312500,0.0,0.0
2023-01-23 00:00:00-05:00,5.25,5.46999979019165,5.210000038146973,5.449999809265137,417600,0.0,0.0
2023-01-24 00:00:00-05:00,5.550000190734863,5.599999904632568,5.400000095367432,5.400000095367432,262500,0.0,0.0
2023-01-25 00:00:00-05:00,5.309999942779541,5.309999942779541,5.150000095367432,5.210000038146973,318500,0.0,0.0
2023-01-26 00:00:00-05:00,5.269999980926514,5.309999942779541,5.079999923706055,5.150000095367432,375900,0.0,0.0
2023-01-27 00:00:00-05:00,5.099999904632568,5.239999771118164,5.079999923706055,5.159999847412109,248900,0.0,0.0
2023-01-30 00:00:00-05:00,5.03000020980835,5.090000152587891,4.849999904632568,4.949999809265137,410400,0.0,0.0
2023-01-31 00:00:00-05:00,4.869999885559082,5.059999942779541,4.869999885559082,5.059999942779541,464100,0.0,0.0
2023-02-01 00:00:00-05:00,5.090000152587891,5.269999980926514,5.039999961853027,5.190000057220459,466600,0.0,0.0
2023-02-02 00:00:00-05:00,5.289999961853027,5.429999828338623,5.230000019073486,5.349999904632568,642900,0.0,0.0
2023-02-03 00:00:00-05:00,5.28000020980835,5.389999866485596,5.159999847412109,5.170000076293945,378500,0.0,0.0
2023-02-06 00:00:00-05:00,5.099999904632568,5.170000076293945,5.010000228881836,5.079999923706055,327500,0.0,0.0
2023-02-07 00:00:00-05:00,5.110000133514404,5.110000133514404,4.889999866485596,5.010000228881836,369400,0.0,0.0
2023-02-08 00:00:00-05:00,5.050000190734863,5.050000190734863,4.920000076293945,4.980000019073486,326300,0.0,0.0
2023-02-09 00:00:00-05:00,5.039999961853027,5.059999942779541,4.679999828338623,4.690000057220459,494200,0.0,0.0
2023-02-10 00:00:00-05:00,4.670000076293945,4.800000190734863,4.539999961853027,4.760000228881836,339600,0.0,0.0
2023-02-13 00:00:00-05:00,4.760000228881836,4.880000114440918,4.670000076293945,4.860000133514404,284300,0.0,0.0
2023-02-14 00:00:00-05:00,4.78000020980835,4.909999847412109,4.71999979019165,4.829999923706055,310500,0.0,0.0
2023-02-15 00:00:00-05:00,4.820000171661377,4.980000019073486,4.75,4.980000019073486,300100,0.0,0.0
2023-02-16 00:00:00-05:00,4.849999904632568,4.960000038146973,4.690000057220459,4.699999809265137,262200,0.0,0.0
2023-02-17 00:00:00-05:00,4.699999809265137,4.710000038146973,4.619999885559082,4.710000038146973,314400,0.0,0.0
2023-02-21 00:00:00-05:00,4.679999828338623,4.679999828338623,4.510000228881836,4.519999980926514,301400,0.0,0.0
2023-02-22 00:00:00-05:00,4.550000190734863,4.590000152587891,4.449999809265137,4.550000190734863,302700,0.0,0.0
2023-02-23 00:00:00-05:00,4.599999904632568,4.690000057220459,4.489999771118164,4.610000133514404,340800,0.0,0.0
2023-02-24 00:00:00-05:00,4.510000228881836,4.519999980926514,4.340000152587891,4.449999809265137,405000,0.0,0.0
2023-02-27 00:00:00-05:00,4.489999771118164,4.619999885559082,4.489999771118164,4.559999942779541,307700,0.0,0.0
2023-02-28 00:00:00-05:00,4.510000228881836,4.590000152587891,4.5,4.53000020980835,269800,0.0,0.0
2023-03-01 00:00:00-05:00,4.570000171661377,4.699999809265137,4.570000171661377,4.610000133514404,303700,0.0,0.0
2023-03-02 00:00:00-05:00,4.53000020980835,4.550000190734863,4.429999828338623,4.489999771118164,335100,0.0,0.0
2023-03-03 00:00:00-05:00,4.519999980926514,4.599999904632568,4.480000019073486,4.550000190734863,272800,0.0,0.0
2023-03-06 00:00:00-05:00,4.550000190734863,4.599999904632568,4.389999866485596,4.440000057220459,418100,0.0,0.0
2023-03-07 00:00:00-05:00,4.429999828338623,4.46999979019165,4.289999961853027,4.329999923706055,325200,0.0,0.0
2023-03-08 00:00:00-05:00,4.329999923706055,4.409999847412109,4.260000228881836,4.389999866485596,401700,0.0,0.0
2023-03-09 00:00:00-05:00,4.409999847412109,4.510000228881836,4.25,4.28000020980835,420600,0.0,0.0
2023-03-10 00:00:00-05:00,4.28000020980835,4.349999904632568,4.130000114440918,4.239999771118164,573300,0.0,0.0
2023-03-13 00:00:00-04:00,4.190000057220459,4.329999923706055,4.070000171661377,4.230000019073486,355400,0.0,0.0
2023-03-14 00:00:00-04:00,4.25,4.400000095367432,4.230000019073486,4.369999885559082,372600,0.0,0.0
2023-03-15 00:00:00-04:00,4.170000076293945,4.230000019073486,4.03000020980835,4.199999809265137,563400,0.0,0.0
2023-03-16 00:00:00-04:00,4.099999904632568,4.28000020980835,4.010000228881836,4.260000228881836,477500,0.0,0.0
2023-03-17 00:00:00-04:00,4.230000019073486,4.230000019073486,4.03000020980835,4.159999847412109,1247200,0.0,0.0
2023-03-20 00:00:00-04:00,4.239999771118164,4.269999980926514,4.059999942779541,4.059999942779541,337200,0.0,0.0
2023-03-21 00:00:00-04:00,4.179999828338623,4.28000020980835,4.119999885559082,4.239999771118164,270500,0.0,0.0
2023-03-22 00:00:00-04:00,4.190000057220459,4.25,4.059999942779541,4.079999923706055,260700,0.0,0.0
2023-03-23 00:00:00-04:00,4.110000133514404,4.28000020980835,4.090000152587891,4.130000114440918,273700,0.0,0.0
2023-03-24 00:00:00-04:00,4.079999923706055,4.110000133514404,4.019999980926514,4.079999923706055,295800,0.0,0.0
2023-03-27 00:00:00-04:00,4.099999904632568,4.130000114440918,4.0,4.039999961853027,241100,0.0,0.0
2023-03-28 00:00:00-04:00,4.039999961853027,4.199999809265137,4.03000020980835,4.179999828338623,405600,0.0,0.0
2023-03-29 00:00:00-04:00,3.9800000190734863,4.139999866485596,3.680000066757202,4.090000152587891,652600,0.0,0.0
2023-03-30 00:00:00-04:00,4.119999885559082,4.380000114440918,4.119999885559082,4.309999942779541,390600,0.0,0.0
2023-03-31 00:00:00-04:00,4.300000190734863,4.449999809265137,4.260000228881836,4.449999809265137,518000,0.0,0.0
2023-04-03 00:00:00-04:00,4.539999961853027,4.539999961853027,4.199999809265137,4.28000020980835,274500,0.0,0.0
2023-04-04 00:00:00-04:00,4.289999961853027,4.289999961853027,4.159999847412109,4.210000038146973,178700,0.0,0.0
2023-04-05 00:00:00-04:00,4.170000076293945,4.190000057220459,4.079999923706055,4.150000095367432,175700,0.0,0.0
2023-04-06 00:00:00-04:00,4.139999866485596,4.139999866485596,4.070000171661377,4.110000133514404,124600,0.0,0.0
2023-04-10 00:00:00-04:00,4.070000171661377,4.210000038146973,4.070000171661377,4.190000057220459,126200,0.0,0.0
2023-04-11 00:00:00-04:00,4.150000095367432,4.309999942779541,4.150000095367432,4.269999980926514,168100,0.0,0.0
2023-04-12 00:00:00-04:00,4.300000190734863,4.340000152587891,4.179999828338623,4.260000228881836,305400,0.0,0.0
2023-04-13 00:00:00-04:00,4.260000228881836,4.360000133514404,4.260000228881836,4.28000020980835,155000,0.0,0.0
2023-04-14 00:00:00-04:00,4.25,4.300000190734863,4.199999809265137,4.260000228881836,122600,0.0,0.0
2023-04-17 00:00:00-04:00,4.230000019073486,4.460000038146973,4.230000019073486,4.389999866485596,331700,0.0,0.0
2023-04-18 00:00:00-04:00,4.460000038146973,4.460000038146973,4.25,4.300000190734863,275400,0.0,0.0
2023-04-19 00:00:00-04:00,4.21999979019165,4.289999961853027,4.170000076293945,4.190000057220459,123200,0.0,0.0
2023-04-20 00:00:00-04:00,4.110000133514404,4.260000228881836,4.070000171661377,4.159999847412109,206900,0.0,0.0
2023-04-21 00:00:00-04:00,4.139999866485596,4.239999771118164,4.130000114440918,4.170000076293945,203300,0.0,0.0
2023-04-24 00:00:00-04:00,4.110000133514404,4.159999847412109,4.019999980926514,4.139999866485596,323600,0.0,0.0
2023-04-25 00:00:00-04:00,4.079999923706055,4.110000133514404,4.03000020980835,4.090000152587891,248400,0.0,0.0
2023-04-26 00:00:00-04:00,4.010000228881836,4.119999885559082,3.9600000381469727,4.059999942779541,343000,0.0,0.0
2023-04-27 00:00:00-04:00,4.059999942779541,4.150000095367432,4.039999961853027,4.139999866485596,201300,0.0,0.0
2023-04-28 00:00:00-04:00,4.079999923706055,4.130000114440918,4.0,4.079999923706055,551300,0.0,0.0
2023-05-01 00:00:00-04:00,4.130000114440918,4.199999809265137,4.070000171661377,4.119999885559082,226500,0.0,0.0
2023-05-02 00:00:00-04:00,4.070000171661377,4.110000133514404,3.940000057220459,4.019999980926514,279500,0.0,0.0
2023-05-03 00:00:00-04:00,4.079999923706055,4.110000133514404,3.940000057220459,3.9700000286102295,271900,0.0,0.0
2023-05-04 00:00:00-04:00,3.940000057220459,4.03000020980835,3.8399999141693115,3.8399999141693115,396300,0.0,0.0
2023-05-05 00:00:00-04:00,3.930000066757202,3.990000009536743,3.9000000953674316,3.9800000190734863,165600,0.0,0.0
2023-05-08 00:00:00-04:00,4.010000228881836,4.039999961853027,3.9100000858306885,3.9600000381469727,124500,0.0,0.0
2023-05-09 00:00:00-04:00,3.940000057220459,3.940000057220459,3.8299999237060547,3.890000104904175,175900,0.0,0.0
2023-05-10 00:00:00-04:00,3.9100000858306885,3.940000057220459,3.880000114440918,3.890000104904175,130200,0.0,0.0
2023-05-11 00:00:00-04:00,3.8499999046325684,3.880000114440918,3.799999952316284,3.8299999237060547,220400,0.0,0.0
2023-05-12 00:00:00-04:00,3.8299999237060547,3.9200000762939453,3.75,3.799999952316284,288900,0.0,0.0
2023-05-15 00:00:00-04:00,3.799999952316284,3.930000066757202,3.7899999618530273,3.869999885559082,282400,0.0,0.0
2023-05-16 00:00:00-04:00,3.799999952316284,3.859999895095825,3.7100000381469727,3.7100000381469727,188900,0.0,0.0
2023-05-17 00:00:00-04:00,3.7100000381469727,3.7799999713897705,3.640000104904175,3.690000057220459,632000,0.0,0.0
2023-05-18 00:00:00-04:00,3.6600000858306885,3.680000066757202,3.4800000190734863,3.5,469300,0.0,0.0
2023-05-19 00:00:00-04:00,3.509999990463257,3.609999895095825,3.5,3.509999990463257,510600,0.0,0.0
2023-05-22 00:00:00-04:00,3.5199999809265137,3.7100000381469727,3.4700000286102295,3.640000104904175,793500,0.0,0.0
2023-05-23 00:00:00-04:00,3.7200000286102295,3.7699999809265137,3.630000114440918,3.680000066757202,358400,0.0,0.0
2023-05-24 00:00:00-04:00,3.6500000953674316,3.6600000858306885,3.4800000190734863,3.5299999713897705,508300,0.0,0.0
2023-05-25 00:00:00-04:00,3.5299999713897705,3.549999952316284,3.4100000858306885,3.440000057220459,278000,0.0,0.0
2023-05-26 00:00:00-04:00,3.4100000858306885,3.440000057220459,3.359999895095825,3.4000000953674316,371700,0.0,0.0
2023-05-30 00:00:00-04:00,3.440000057220459,3.4800000190734863,3.369999885559082,3.4000000953674316,504900,0.0,0.0
2023-05-31 00:00:00-04:00,3.4100000858306885,3.4700000286102295,3.2799999713897705,3.3499999046325684,1853900,0.0,0.0
2023-06-01 00:00:00-04:00,3.0899999141693115,3.5899999141693115,3.059999942779541,3.509999990463257,817400,0.0,0.0
2023-06-02 00:00:00-04:00,3.559999942779541,3.890000104904175,3.5299999713897705,3.8399999141693115,855600,0.0,0.0
2023-06-05 00:00:00-04:00,3.859999895095825,3.859999895095825,3.609999895095825,3.630000114440918,488000,0.0,0.0
2023-06-06 00:00:00-04:00,3.5799999237060547,3.75,3.569999933242798,3.6500000953674316,418700,0.0,0.0
2023-06-07 00:00:00-04:00,3.6500000953674316,3.7799999713897705,3.619999885559082,3.630000114440918,317900,0.0,0.0
2023-06-08 00:00:00-04:00,3.6500000953674316,3.680000066757202,3.549999952316284,3.640000104904175,376200,0.0,0.0
2023-06-09 00:00:00-04:00,3.630000114440918,3.819999933242798,3.5899999141693115,3.6600000858306885,612600,0.0,0.0
2023-06-12 00:00:00-04:00,3.609999895095825,3.690000057220459,3.5,3.5799999237060547,1814200,0.0,0.0
2023-06-13 00:00:00-04:00,3.809999942779541,4.199999809265137,3.7899999618530273,4.090000152587891,2021900,0.0,0.0
2023-06-14 00:00:00-04:00,4.190000057220459,4.190000057220459,3.8499999046325684,3.859999895095825,1129100,0.0,0.0
2023-06-15 00:00:00-04:00,3.8299999237060547,3.869999885559082,3.7100000381469727,3.8299999237060547,1106400,0.0,0.0
2023-06-16 00:00:00-04:00,3.8399999141693115,3.880000114440918,3.700000047683716,3.75,5014100,0.0,0.0
2023-06-20 00:00:00-04:00,3.799999952316284,3.799999952316284,3.700000047683716,3.7300000190734863,461300,0.0,0.0
2023-06-21 00:00:00-04:00,3.7100000381469727,3.890000104904175,3.680000066757202,3.819999933242798,437900,0.0,0.0
2023-06-22 00:00:00-04:00,3.8499999046325684,3.880000114440918,3.7699999809265137,3.8299999237060547,308300,0.0,0.0
2023-06-23 00:00:00-04:00,3.8299999237060547,3.8299999237060547,3.640000104904175,3.680000066757202,589800,0.0,0.0
2023-06-26 00:00:00-04:00,3.7100000381469727,3.930000066757202,3.7100000381469727,3.799999952316284,378500,0.0,0.0
2023-06-27 00:00:00-04:00,3.890000104904175,3.990000009536743,3.819999933242798,3.890000104904175,430900,0.0,0.0
2023-06-28 00:00:00-04:00,3.859999895095825,3.940000057220459,3.799999952316284,3.819999933242798,343200,0.0,0.0
2023-06-29 00:00:00-04:00,3.809999942779541,3.890000104904175,3.740000009536743,3.7899999618530273,417600,0.0,0.0
2023-06-30 00:00:00-04:00,3.819999933242798,3.8399999141693115,3.7899999618530273,3.7899999618530273,269900,0.0,0.0
2023-07-03 00:00:00-04:00,3.880000114440918,4.03000020980835,3.859999895095825,3.9000000953674316,264700,0.0,0.0
2023-07-05 00:00:00-04:00,3.9000000953674316,3.9000000953674316,3.75,3.75,315700,0.0,0.0
2023-07-06 00:00:00-04:00,3.700000047683716,3.7200000286102295,3.619999885559082,3.680000066757202,486900,0.0,0.0
2023-07-07 00:00:00-04:00,3.680000066757202,3.9000000953674316,3.680000066757202,3.8399999141693115,317300,0.0,0.0
2023-07-10 00:00:00-04:00,3.799999952316284,4.070000171661377,3.799999952316284,4.039999961853027,511300,0.0,0.0
2023-07-11 00:00:00-04:00,4.039999961853027,4.110000133514404,3.990000009536743,4.099999904632568,375500,0.0,0.0
2023-07-12 00:00:00-04:00,4.079999923706055,4.179999828338623,4.050000190734863,4.119999885559082,491000,0.0,0.0
2023-07-13 00:00:00-04:00,4.179999828338623,4.210000038146973,4.130000114440918,4.179999828338623,213000,0.0,0.0
2023-07-14 00:00:00-04:00,4.190000057220459,4.21999979019165,4.03000020980835,4.039999961853027,281500,0.0,0.0
2023-07-17 00:00:00-04:00,4.03000020980835,4.099999904632568,4.019999980926514,4.090000152587891,244800,0.0,0.0
2023-07-18 00:00:00-04:00,4.099999904632568,4.28000020980835,4.079999923706055,4.179999828338623,378900,0.0,0.0
2023-07-19 00:00:00-04:00,4.179999828338623,4.210000038146973,4.050000190734863,4.070000171661377,282800,0.0,0.0
2023-07-20 00:00:00-04:00,4.050000190734863,4.050000190734863,3.8499999046325684,3.890000104904175,420400,0.0,0.0
2023-07-21 00:00:00-04:00,3.9200000762939453,3.9600000381469727,3.8299999237060547,3.8399999141693115,290600,0.0,0.0
2023-07-24 00:00:00-04:00,3.880000114440918,3.9100000858306885,3.799999952316284,3.8499999046325684,291300,0.0,0.0
2023-07-25 00:00:00-04:00,3.8399999141693115,3.940000057220459,3.8399999141693115,3.880000114440918,252200,0.0,0.0
2023-07-26 00:00:00-04:00,3.8499999046325684,3.9100000858306885,3.8299999237060547,3.8399999141693115,232000,0.0,0.0
2023-07-27 00:00:00-04:00,3.8499999046325684,3.890000104904175,3.759999990463257,3.759999990463257,305900,0.0,0.0
2023-07-28 00:00:00-04:00,3.7799999713897705,3.859999895095825,3.7699999809265137,3.8299999237060547,292400,0.0,0.0
2023-07-31 00:00:00-04:00,3.930000066757202,3.940000057220459,3.7899999618530273,3.8499999046325684,475500,0.0,0.0
2023-08-01 00:00:00-04:00,3.8399999141693115,3.8399999141693115,3.7100000381469727,3.7100000381469727,335500,0.0,0.0
2023-08-02 00:00:00-04:00,3.680000066757202,3.680000066757202,3.4600000381469727,3.4800000190734863,682100,0.0,0.0
2023-08-03 00:00:00-04:00,3.509999990463257,3.559999942779541,3.4700000286102295,3.4700000286102295,285900,0.0,0.0
2023-08-04 00:00:00-04:00,3.4800000190734863,3.569999933242798,3.450000047683716,3.4700000286102295,343600,0.0,0.0
2023-08-07 00:00:00-04:00,3.450000047683716,3.4600000381469727,3.3499999046325684,3.369999885559082,455400,0.0,0.0
2023-08-08 00:00:00-04:00,3.359999895095825,3.4000000953674316,3.2899999618530273,3.369999885559082,404700,0.0,0.0
2023-08-09 00:00:00-04:00,3.359999895095825,3.440000057220459,3.3299999237060547,3.3299999237060547,362700,0.0,0.0
2023-08-10 00:00:00-04:00,3.3499999046325684,3.450000047683716,3.309999942779541,3.3499999046325684,340600,0.0,0.0
2023-08-11 00:00:00-04:00,3.3299999237060547,3.369999885559082,3.25,3.309999942779541,328000,0.0,0.0
2023-08-14 00:00:00-04:00,3.2799999713897705,3.3499999046325684,3.2100000381469727,3.3399999141693115,322000,0.0,0.0
2023-08-15 00:00:00-04:00,3.2899999618530273,3.309999942779541,3.140000104904175,3.180000066757202,510600,0.0,0.0
2023-08-16 00:00:00-04:00,3.180000066757202,3.2200000286102295,3.1500000953674316,3.180000066757202,341900,0.0,0.0
2023-08-17 00:00:00-04:00,3.180000066757202,3.319999933242798,3.1600000858306885,3.180000066757202,528900,0.0,0.0
2023-08-18 00:00:00-04:00,3.1500000953674316,3.2899999618530273,3.109999895095825,3.259999990463257,316400,0.0,0.0
2023-08-21 00:00:00-04:00,3.309999942779541,3.4000000953674316,3.299999952316284,3.3299999237060547,277300,0.0,0.0
2023-08-22 00:00:00-04:00,3.3499999046325684,3.390000104904175,3.299999952316284,3.3299999237060547,211000,0.0,0.0
2023-08-23 00:00:00-04:00,3.319999933242798,3.4100000858306885,3.309999942779541,3.369999885559082,194700,0.0,0.0
2023-08-24 00:00:00-04:00,3.369999885559082,3.369999885559082,3.240000009536743,3.2699999809265137,192000,0.0,0.0
2023-08-25 00:00:00-04:00,3.2799999713897705,3.4100000858306885,3.2699999809265137,3.380000114440918,365700,0.0,0.0
2023-08-28 00:00:00-04:00,3.4200000762939453,3.5,3.390000104904175,3.390000104904175,316600,0.0,0.0
2023-08-29 00:00:00-04:00,3.4000000953674316,3.490000009536743,3.369999885559082,3.4700000286102295,272300,0.0,0.0
2023-08-30 00:00:00-04:00,3.440000057220459,3.4800000190734863,3.390000104904175,3.4100000858306885,278700,0.0,0.0
2023-08-31 00:00:00-04:00,3.4200000762939453,3.490000009536743,3.380000114440918,3.4700000286102295,608500,0.0,0.0
2023-09-01 00:00:00-04:00,3.299999952316284,3.3399999141693115,3.0999999046325684,3.2799999713897705,821500,0.0,0.0
2023-09-05 00:00:00-04:00,3.2899999618530273,3.4100000858306885,3.2699999809265137,3.4000000953674316,329400,0.0,0.0
2023-09-06 00:00:00-04:00,3.5,3.5,3.299999952316284,3.3299999237060547,533800,0.0,0.0
2023-09-07 00:00:00-04:00,3.3399999141693115,3.3399999141693115,3.109999895095825,3.1600000858306885,405000,0.0,0.0
2023-09-08 00:00:00-04:00,3.140000104904175,3.2100000381469727,3.0999999046325684,3.1700000762939453,467700,0.0,0.0
2023-09-11 00:00:00-04:00,3.259999990463257,3.2899999618530273,3.190000057220459,3.2699999809265137,417200,0.0,0.0
2023-09-12 00:00:00-04:00,3.25,3.299999952316284,3.2300000190734863,3.2300000190734863,189300,0.0,0.0
2023-09-13 00:00:00-04:00,3.200000047683716,3.2100000381469727,3.0899999141693115,3.119999885559082,329000,0.0,0.0
2023-09-14 00:00:00-04:00,3.140000104904175,3.2200000286102295,3.119999885559082,3.180000066757202,303000,0.0,0.0
2023-09-15 00:00:00-04:00,3.190000057220459,3.190000057220459,3.0399999618530273,3.069999933242798,777100,0.0,0.0
2023-09-18 00:00:00-04:00,3.049999952316284,3.130000114440918,3.049999952316284,3.119999885559082,482700,0.0,0.0
2023-09-19 00:00:00-04:00,3.190000057220459,3.200000047683716,3.069999933242798,3.109999895095825,476300,0.0,0.0
2023-09-20 00:00:00-04:00,3.0799999237060547,3.180000066757202,3.0799999237060547,3.0899999141693115,337000,0.0,0.0
2023-09-21 00:00:00-04:00,3.049999952316284,3.0899999141693115,3.009999990463257,3.0399999618530273,338300,0.0,0.0
2023-09-22 00:00:00-04:00,3.0299999713897705,3.049999952316284,2.8499999046325684,2.890000104904175,1324500,0.0,0.0
2023-09-25 00:00:00-04:00,2.890000104904175,2.9800000190734863,2.869999885559082,2.869999885559082,752500,0.0,0.0
2023-09-26 00:00:00-04:00,2.8399999141693115,3.0,2.8299999237060547,2.9800000190734863,553100,0.0,0.0
2023-09-27 00:00:00-04:00,2.9800000190734863,3.069999933242798,2.9600000381469727,3.0299999713897705,818000,0.0,0.0
2023-09-28 00:00:00-04:00,3.0399999618530273,3.0899999141693115,2.990000009536743,3.059999942779541,2112700,0.0,0.0
2023-09-29 00:00:00-04:00,3.0999999046325684,3.1600000858306885,3.049999952316284,3.0799999237060547,385200,0.0,0.0
2023-10-02 00:00:00-04:00,3.0899999141693115,3.2699999809265137,3.069999933242798,3.2100000381469727,570900,0.0,0.0
2023-10-03 00:00:00-04:00,3.0999999046325684,3.130000114440918,2.950000047683716,2.9700000286102295,454300,0.0,0.0
2023-10-04 00:00:00-04:00,2.950000047683716,2.9700000286102295,2.869999885559082,2.869999885559082,427700,0.0,0.0
2023-10-05 00:00:00-04:00,2.890000104904175,2.9000000953674316,2.7300000190734863,2.809999942779541,790300,0.0,0.0
2023-10-06 00:00:00-04:00,2.7899999618530273,2.8399999141693115,2.7699999809265137,2.819999933242798,259500,0.0,0.0
2023-10-09 00:00:00-04:00,2.75,2.7799999713897705,2.6700000762939453,2.7200000286102295,334900,0.0,0.0
2023-10-10 00:00:00-04:00,2.8399999141693115,3.140000104904175,2.7899999618530273,3.140000104904175,650400,0.0,0.0
2023-10-11 00:00:00-04:00,3.1500000953674316,3.2100000381469727,3.0199999809265137,3.0199999809265137,455600,0.0,0.0
2023-10-12 00:00:00-04:00,3.0299999713897705,3.0299999713897705,2.9100000858306885,2.9600000381469727,272400,0.0,0.0
2023-10-13 00:00:00-04:00,2.940000057220459,2.950000047683716,2.859999895095825,2.890000104904175,221800,0.0,0.0
2023-10-16 00:00:00-04:00,2.9000000953674316,2.9600000381469727,2.880000114440918,2.9100000858306885,284000,0.0,0.0
2023-10-17 00:00:00-04:00,2.9100000858306885,3.0399999618530273,2.9100000858306885,3.0,252000,0.0,0.0
2023-10-18 00:00:00-04:00,2.9700000286102295,2.9800000190734863,2.8299999237060547,2.8499999046325684,253600,0.0,0.0
2023-10-19 00:00:00-04:00,2.819999933242798,2.8299999237060547,2.759999990463257,2.7799999713897705,286100,0.0,0.0
2023-10-20 00:00:00-04:00,2.690000057220459,2.7699999809265137,2.630000114440918,2.7200000286102295,367700,0.0,0.0
2023-10-23 00:00:00-04:00,2.680000066757202,2.75,2.5999999046325684,2.609999895095825,342300,0.0,0.0
2023-10-24 00:00:00-04:00,2.619999885559082,2.7200000286102295,2.5799999237060547,2.5799999237060547,312600,0.0,0.0
2023-10-25 00:00:00-04:00,2.559999942779541,2.5999999046325684,2.490000009536743,2.549999952316284,534900,0.0,0.0
2023-10-26 00:00:00-04:00,2.5199999809265137,2.6600000858306885,2.5,2.509999990463257,509500,0.0,0.0
2023-10-27 00:00:00-04:00,2.5,2.5299999713897705,2.390000104904175,2.430000066757202,315100,0.0,0.0
2023-10-30 00:00:00-04:00,2.380000114440918,2.5,2.359999895095825,2.440000057220459,488500,0.0,0.0
2023-10-31 00:00:00-04:00,2.4100000858306885,2.5199999809265137,2.4100000858306885,2.450000047683716,571100,0.0,0.0
2023-11-01 00:00:00-04:00,2.559999942779541,2.559999942779541,2.440000057220459,2.490000009536743,289400,0.0,0.0
2023-11-02 00:00:00-04:00,2.5299999713897705,2.619999885559082,2.5,2.5799999237060547,364100,0.0,0.0
2023-11-03 00:00:00-04:00,2.6500000953674316,2.7699999809265137,2.640000104904175,2.6600000858306885,364300,0.0,0.0
2023-11-06 00:00:00-05:00,2.640000104904175,2.6500000953674316,2.5199999809265137,2.559999942779541,231300,0.0,0.0
2023-11-07 00:00:00-05:00,2.5399999618530273,2.559999942779541,2.5,2.549999952316284,207100,0.0,0.0
2023-11-08 00:00:00-05:00,2.559999942779541,2.559999942779541,2.4600000381469727,2.4800000190734863,196400,0.0,0.0
2023-11-09 00:00:00-05:00,2.4800000190734863,2.5299999713897705,2.4100000858306885,2.4200000762939453,228900,0.0,0.0
2023-11-10 00:00:00-05:00,2.4000000953674316,2.430000066757202,2.3499999046325684,2.4000000953674316,216700,0.0,0.0
2023-11-13 00:00:00-05:00,2.369999885559082,2.4700000286102295,2.369999885559082,2.440000057220459,139300,0.0,0.0
2023-11-14 00:00:00-05:00,2.4800000190734863,2.6500000953674316,2.4800000190734863,2.6500000953674316,502400,0.0,0.0
2023-11-15 00:00:00-05:00,2.6500000953674316,2.8299999237060547,2.6500000953674316,2.690000057220459,500100,0.0,0.0
2023-11-16 00:00:00-05:00,2.6500000953674316,2.6700000762939453,2.549999952316284,2.5799999237060547,275200,0.0,0.0
2023-11-17 00:00:00-05:00,2.5999999046325684,2.6500000953674316,2.549999952316284,2.6500000953674316,260600,0.0,0.0
2023-11-20 00:00:00-05:00,2.640000104904175,2.75,2.640000104904175,2.7200000286102295,212500,0.0,0.0
2023-11-21 00:00:00-05:00,2.680000066757202,2.680000066757202,2.569999933242798,2.619999885559082,684500,0.0,0.0
2023-11-22 00:00:00-05:00,2.200000047683716,2.4200000762939453,2.200000047683716,2.2799999713897705,1664700,0.0,0.0
2023-11-24 00:00:00-05:00,2.25,2.380000114440918,2.25,2.359999895095825,346200,0.0,0.0
2023-11-27 00:00:00-05:00,2.4200000762939453,2.4700000286102295,2.2899999618530273,2.2899999618530273,941500,0.0,0.0
2023-11-28 00:00:00-05:00,2.299999952316284,2.440000057220459,2.2699999809265137,2.390000104904175,468500,0.0,0.0
2023-11-29 00:00:00-05:00,2.450000047683716,2.559999942779541,2.4100000858306885,2.490000009536743,556500,0.0,0.0
2023-11-30 00:00:00-05:00,2.5199999809265137,2.5399999618530273,2.4200000762939453,2.4200000762939453,376800,0.0,0.0
2023-12-01 00:00:00-05:00,2.4100000858306885,2.569999933242798,2.359999895095825,2.569999933242798,539200,0.0,0.0
2023-12-04 00:00:00-05:00,2.5399999618530273,2.609999895095825,2.5199999809265137,2.5399999618530273,416300,0.0,0.0
2023-12-05 00:00:00-05:00,2.509999990463257,2.5199999809265137,2.440000057220459,2.4600000381469727,595900,0.0,0.0
2023-12-06 00:00:00-05:00,2.4700000286102295,2.609999895095825,2.4600000381469727,2.509999990463257,485600,0.0,0.0
2023-12-07 00:00:00-05:00,2.509999990463257,2.5299999713897705,2.450000047683716,2.4600000381469727,499800,0.0,0.0
2023-12-08 00:00:00-05:00,2.440000057220459,2.549999952316284,2.440000057220459,2.5,410600,0.0,0.0
2023-12-11 00:00:00-05:00,2.450000047683716,2.4800000190734863,2.369999885559082,2.390000104904175,965800,0.0,0.0
2023-12-12 00:00:00-05:00,2.369999885559082,2.380000114440918,2.2899999618530273,2.3299999237060547,813600,0.0,0.0
2023-12-13 00:00:00-05:00,2.380000114440918,2.559999942779541,2.2799999713897705,2.5,1060800,0.0,0.0
2023-12-14 00:00:00-05:00,2.5899999141693115,2.7899999618530273,2.5899999141693115,2.740000009536743,1371100,0.0,0.0
2023-12-15 00:00:00-05:00,2.759999990463257,2.759999990463257,2.559999942779541,2.630000114440918,3259600,0.0,0.0
2023-12-18 00:00:00-05:00,2.630000114440918,2.680000066757202,2.5199999809265137,2.5199999809265137,461300,0.0,0.0
2023-12-19 00:00:00-05:00,2.5799999237060547,2.759999990463257,2.5799999237060547,2.740000009536743,640800,0.0,0.0
2023-12-20 00:00:00-05:00,2.7799999713897705,2.7899999618530273,2.609999895095825,2.609999895095825,462000,0.0,0.0
2023-12-21 00:00:00-05:00,2.6700000762939453,2.9200000762939453,2.6700000762939453,2.880000114440918,885800,0.0,0.0
2023-12-22 00:00:00-05:00,2.859999895095825,2.9700000286102295,2.7799999713897705,2.880000114440918,572900,0.0,0.0
2023-12-26 00:00:00-05:00,2.880000114440918,2.950000047683716,2.869999885559082,2.930000066757202,256100,0.0,0.0
2023-12-27 00:00:00-05:00,2.950000047683716,2.950000047683716,2.7899999618530273,2.799999952316284,439700,0.0,0.0
2023-12-28 00:00:00-05:00,2.7799999713897705,2.8499999046325684,2.740000009536743,2.7699999809265137,399400,0.0,0.0
2023-12-29 00:00:00-05:00,2.740000009536743,2.8499999046325684,2.700000047683716,2.7300000190734863,528400,0.0,0.0
2024-01-02 00:00:00-05:00,2.680000066757202,2.7699999809265137,2.6500000953674316,2.700000047683716,399600,0.0,0.0
2024-01-03 00:00:00-05:00,2.5999999046325684,2.640000104904175,2.5299999713897705,2.5899999141693115,587300,0.0,0.0
2024-01-04 00:00:00-05:00,2.5799999237060547,2.619999885559082,2.5399999618530273,2.5799999237060547,269600,0.0,0.0
2024-01-05 00:00:00-05:00,2.509999990463257,2.5999999046325684,2.450000047683716,2.5,399100,0.0,0.0
2024-01-08 00:00:00-05:00,2.5,2.5399999618530273,2.440000057220459,2.4800000190734863,424100,0.0,0.0
2024-01-09 00:00:00-05:00,2.490000009536743,2.490000009536743,2.380000114440918,2.380000114440918,348100,0.0,0.0
2024-01-10 00:00:00-05:00,2.4200000762939453,2.4200000762939453,2.319999933242798,2.3499999046325684,391700,0.0,0.0
2024-01-11 00:00:00-05:00,2.380000114440918,2.380000114440918,2.240000009536743,2.259999990463257,462900,0.0,0.0
2024-01-12 00:00:00-05:00,2.2699999809265137,2.3399999141693115,2.240000009536743,2.259999990463257,225700,0.0,0.0
2024-01-16 00:00:00-05:00,2.2300000190734863,2.2300000190734863,2.069999933242798,2.0899999141693115,699800,0.0,0.0
2024-01-17 00:00:00-05:00,2.059999942779541,2.0799999237060547,2.009999990463257,2.059999942779541,476700,0.0,0.0
2024-01-18 00:00:00-05:00,2.069999933242798,2.0899999141693115,2.0199999809265137,2.0299999713897705,315800,0.0,0.0
2024-01-19 00:00:00-05:00,2.0199999809265137,2.049999952316284,1.940000057220459,2.0399999618530273,484500,0.0,0.0
2024-01-22 00:00:00-05:00,2.0399999618530273,2.1500000953674316,2.0299999713897705,2.059999942779541,312200,0.0,0.0
2024-01-23 00:00:00-05:00,2.109999895095825,2.130000114440918,2.049999952316284,2.0799999237060547,367200,0.0,0.0
2024-01-24 00:00:00-05:00,2.109999895095825,2.119999885559082,1.9500000476837158,1.9500000476837158,373100,0.0,0.0
2024-01-25 00:00:00-05:00,1.9900000095367432,2.049999952316284,1.940000057220459,2.049999952316284,656600,0.0,0.0
2024-01-26 00:00:00-05:00,2.0799999237060547,2.0999999046325684,1.9500000476837158,1.9500000476837158,555200,0.0,0.0
2024-01-29 00:00:00-05:00,1.9299999475479126,1.9299999475479126,1.809999942779541,1.8700000047683716,659600,0.0,0.0
2024-01-30 00:00:00-05:00,1.840000033378601,1.850000023841858,1.7699999809265137,1.7999999523162842,404200,0.0,0.0
2024-01-31 00:00:00-05:00,1.7599999904632568,1.8300000429153442,1.7100000381469727,1.7100000381469727,421600,0.0,0.0
2024-02-01 00:00:00-05:00,1.7599999904632568,1.809999942779541,1.7000000476837158,1.7100000381469727,461000,0.0,0.0
2024-02-02 00:00:00-05:00,1.690000057220459,1.7000000476837158,1.649999976158142,1.6699999570846558,443700,0.0,0.0
2024-02-05 00:00:00-05:00,1.649999976158142,1.649999976158142,1.559999942779541,1.590000033378601,499600,0.0,0.0
2024-02-06 00:00:00-05:00,1.590000033378601,1.6399999856948853,1.559999942779541,1.559999942779541,298100,0.0,0.0
2024-02-07 00:00:00-05:00,1.590000033378601,1.6299999952316284,1.5399999618530273,1.590000033378601,305500,0.0,0.0
2024-02-08 00:00:00-05:00,1.5700000524520874,1.6699999570846558,1.5499999523162842,1.649999976158142,421900,0.0,0.0
2024-02-09 00:00:00-05:00,1.6799999475479126,1.8200000524520874,1.6699999570846558,1.7799999713897705,599400,0.0,0.0
2024-02-12 00:00:00-05:00,1.9500000476837158,2.119999885559082,1.909999966621399,2.0899999141693115,1198500,0.0,0.0
2024-02-13 00:00:00-05:00,2.009999990463257,2.2100000381469727,1.9299999475479126,2.0399999618530273,1166100,0.0,0.0
2024-02-14 00:00:00-05:00,2.0999999046325684,2.119999885559082,2.0399999618530273,2.0899999141693115,687300,0.0,0.0
2024-02-15 00:00:00-05:00,2.1500000953674316,2.2799999713897705,2.109999895095825,2.1700000762939453,519200,0.0,0.0
2024-02-16 00:00:00-05:00,2.109999895095825,2.190000057220459,2.069999933242798,2.1500000953674316,368000,0.0,0.0
2024-02-20 00:00:00-05:00,2.130000114440918,2.1500000953674316,2.049999952316284,2.140000104904175,361800,0.0,0.0
2024-02-21 00:00:00-05:00,2.0999999046325684,2.119999885559082,2.0199999809265137,2.0299999713897705,388000,0.0,0.0
2024-02-22 00:00:00-05:00,2.049999952316284,2.0999999046325684,1.9700000286102295,1.9700000286102295,403500,0.0,0.0
2024-02-23 00:00:00-05:00,1.9700000286102295,2.049999952316284,1.9199999570846558,1.9800000190734863,400500,0.0,0.0
2024-02-26 00:00:00-05:00,1.9600000381469727,2.0999999046325684,1.9199999570846558,2.049999952316284,338600,0.0,0.0
2024-02-27 00:00:00-05:00,2.069999933242798,2.2100000381469727,2.069999933242798,2.1700000762939453,587600,0.0,0.0
2024-02-28 00:00:00-05:00,2.140000104904175,2.309999942779541,2.140000104904175,2.2200000286102295,759700,0.0,0.0
2024-02-29 00:00:00-05:00,2.2699999809265137,2.5,2.200000047683716,2.2300000190734863,984500,0.0,0.0
2024-03-01 00:00:00-05:00,2.2300000190734863,2.309999942779541,2.200000047683716,2.2699999809265137,513600,0.0,0.0
2024-03-04 00:00:00-05:00,2.299999952316284,2.299999952316284,2.0899999141693115,2.0999999046325684,631900,0.0,0.0
2024-03-05 00:00:00-05:00,2.0799999237060547,2.0899999141693115,2.0199999809265137,2.0199999809265137,433400,0.0,0.0
2024-03-06 00:00:00-05:00,2.0199999809265137,2.0999999046325684,1.9900000095367432,2.0199999809265137,525600,0.0,0.0
2024-03-07 00:00:00-05:00,2.0299999713897705,2.2300000190734863,2.0199999809265137,2.180000066757202,599600,0.0,0.0
2024-03-08 00:00:00-05:00,2.190000057220459,2.2699999809265137,2.1500000953674316,2.2300000190734863,604500,0.0,0.0
2024-03-11 00:00:00-04:00,2.180000066757202,2.2899999618530273,2.140000104904175,2.1500000953674316,248200,0.0,0.0
2024-03-12 00:00:00-04:00,2.119999885559082,2.119999885559082,2.0199999809265137,2.0199999809265137,567700,0.0,0.0
2024-03-13 00:00:00-04:00,2.0199999809265137,2.0999999046325684,1.9600000381469727,1.9600000381469727,701100,0.0,0.0
2024-03-14 00:00:00-04:00,1.9500000476837158,1.9500000476837158,1.8300000429153442,1.850000023841858,666500,0.0,0.0
2024-03-15 00:00:00-04:00,1.850000023841858,1.940000057220459,1.840000033378601,1.840000033378601,2045600,0.0,0.0
2024-03-18 00:00:00-04:00,1.8899999856948853,1.909999966621399,1.7899999618530273,1.809999942779541,478400,0.0,0.0
2024-03-19 00:00:00-04:00,1.7799999713897705,1.840000033378601,1.7699999809265137,1.809999942779541,275800,0.0,0.0
2024-03-20 00:00:00-04:00,1.7999999523162842,1.9800000190734863,1.7999999523162842,1.9500000476837158,357900,0.0,0.0
2024-03-21 00:00:00-04:00,1.9600000381469727,2.0399999618530273,1.940000057220459,1.9600000381469727,254700,0.0,0.0
2024-03-22 00:00:00-04:00,1.9800000190734863,1.9900000095367432,1.8300000429153442,1.850000023841858,879000,0.0,0.0
2024-03-25 00:00:00-04:00,1.8600000143051147,1.940000057220459,1.8600000143051147,1.8799999952316284,462100,0.0,0.0
2024-03-26 00:00:00-04:00,1.909999966621399,1.9700000286102295,1.909999966621399,1.909999966621399,374200,0.0,0.0
2024-03-27 00:00:00-04:00,1.9199999570846558,2.0299999713897705,1.9199999570846558,2.0299999713897705,431500,0.0,0.0
2024-03-28 00:00:00-04:00,1.9800000190734863,2.059999942779541,1.9199999570846558,1.9299999475479126,453700,0.0,0.0
2024-04-01 00:00:00-04:00,1.940000057220459,2.490000009536743,1.940000057220459,2.3399999141693115,2551300,0.0,0.0
2024-04-02 00:00:00-04:00,2.299999952316284,2.4100000858306885,2.1700000762939453,2.359999895095825,1015800,0.0,0.0
2024-04-03 00:00:00-04:00,2.109999895095825,2.130000114440918,1.899999976158142,1.9600000381469727,1733800,0.0,0.0
2024-04-04 00:00:00-04:00,2.059999942779541,2.2200000286102295,2.009999990463257,2.1500000953674316,1216800,0.0,0.0
2024-04-05 00:00:00-04:00,2.119999885559082,2.1700000762939453,2.069999933242798,2.0799999237060547,465100,0.0,0.0
2024-04-08 00:00:00-04:00,2.0399999618530273,2.1700000762939453,2.0399999618530273,2.1500000953674316,298800,0.0,0.0
2024-04-09 00:00:00-04:00,2.1500000953674316,2.2799999713897705,2.140000104904175,2.200000047683716,333600,0.0,0.0
2024-04-10 00:00:00-04:00,2.1500000953674316,2.1500000953674316,2.0399999618530273,2.140000104904175,438700,0.0,0.0
2024-04-11 00:00:00-04:00,2.109999895095825,2.190000057220459,2.0799999237060547,2.180000066757202,351600,0.0,0.0
2024-04-12 00:00:00-04:00,2.1600000858306885,2.190000057220459,1.9900000095367432,2.009999990463257,377700,0.0,0.0
2024-04-15 00:00:00-04:00,2.0299999713897705,2.0399999618530273,1.850000023841858,1.8600000143051147,386300,0.0,0.0
2024-04-16 00:00:00-04:00,1.850000023841858,1.850000023841858,1.7999999523162842,1.850000023841858,316900,0.0,0.0
2024-04-17 00:00:00-04:00,1.850000023841858,1.899999976158142,1.7699999809265137,1.7799999713897705,284600,0.0,0.0
2024-04-18 00:00:00-04:00,1.7999999523162842,1.809999942779541,1.7200000286102295,1.7400000095367432,407600,0.0,0.0
2024-04-19 00:00:00-04:00,1.7100000381469727,1.7699999809265137,1.7000000476837158,1.7000000476837158,339900,0.0,0.0
2024-04-22 00:00:00-04:00,1.7000000476837158,1.7100000381469727,1.590000033378601,1.590000033378601,469800,0.0,0.0
2024-04-23 00:00:00-04:00,1.659999966621399,1.7300000190734863,1.6200000047683716,1.690000057220459,367900,0.0,0.0
2024-04-24 00:00:00-04:00,1.6699999570846558,1.850000023841858,1.659999966621399,1.840000033378601,747600,0.0,0.0
2024-04-25 00:00:00-04:00,1.8200000524520874,1.8799999952316284,1.7699999809265137,1.809999942779541,357900,0.0,0.0
2024-04-26 00:00:00-04:00,1.809999942779541,1.9199999570846558,1.7999999523162842,1.8899999856948853,234500,0.0,0.0
2024-04-29 00:00:00-04:00,1.899999976158142,2.0,1.8899999856948853,1.9500000476837158,297600,0.0,0.0
2024-04-30 00:00:00-04:00,1.9299999475479126,1.9299999475479126,1.809999942779541,1.8300000429153442,203000,0.0,0.0
2024-05-01 00:00:00-04:00,1.7799999713897705,1.8700000047683716,1.7799999713897705,1.7799999713897705,143400,0.0,0.0
2024-05-02 00:00:00-04:00,1.7899999618530273,1.840000033378601,1.7599999904632568,1.8300000429153442,155300,0.0,0.0
2024-05-03 00:00:00-04:00,1.8799999952316284,1.9900000095367432,1.8600000143051147,1.8700000047683716,261100,0.0,0.0
2024-05-06 00:00:00-04:00,1.899999976158142,1.9299999475479126,1.8799999952316284,1.9199999570846558,126700,0.0,0.0
2024-05-07 00:00:00-04:00,1.9199999570846558,1.9199999570846558,1.8700000047683716,1.8799999952316284,127600,0.0,0.0
2024-05-08 00:00:00-04:00,1.8600000143051147,1.8799999952316284,1.8300000429153442,1.8600000143051147,113500,0.0,0.0
2024-05-09 00:00:00-04:00,1.8300000429153442,1.899999976158142,1.8300000429153442,1.8700000047683716,137000,0.0,0.0
2024-05-10 00:00:00-04:00,1.8799999952316284,1.899999976158142,1.809999942779541,1.8200000524520874,185100,0.0,0.0
2024-05-13 00:00:00-04:00,1.8300000429153442,1.9600000381469727,1.8200000524520874,1.909999966621399,235500,0.0,0.0
2024-05-14 00:00:00-04:00,1.9600000381469727,2.069999933242798,1.9299999475479126,2.009999990463257,417100,0.0,0.0
2024-05-15 00:00:00-04:00,2.0399999618530273,2.049999952316284,1.940000057220459,1.9500000476837158,215400,0.0,0.0
2024-05-16 00:00:00-04:00,1.9500000476837158,2.009999990463257,1.9299999475479126,2.0,269900,0.0,0.0
2024-05-17 00:00:00-04:00,2.009999990463257,2.0399999618530273,1.9500000476837158,1.9700000286102295,178100,0.0,0.0
2024-05-20 00:00:00-04:00,1.9800000190734863,2.009999990463257,1.9600000381469727,1.9700000286102295,121700,0.0,0.0
2024-05-21 00:00:00-04:00,1.9600000381469727,2.009999990463257,1.9500000476837158,1.9800000190734863,184600,0.0,0.0
2024-05-22 00:00:00-04:00,1.9700000286102295,2.1700000762939453,1.9700000286102295,2.0799999237060547,503700,0.0,0.0
2024-05-23 00:00:00-04:00,2.0999999046325684,2.140000104904175,2.0199999809265137,2.0999999046325684,433900,0.0,0.0
2024-05-24 00:00:00-04:00,1.9700000286102295,2.059999942779541,1.8799999952316284,1.9500000476837158,581000,0.0,0.0
2024-05-28 00:00:00-04:00,1.940000057220459,1.940000057220459,1.8300000429153442,1.850000023841858,301500,0.0,0.0
2024-05-29 00:00:00-04:00,1.8200000524520874,1.840000033378601,1.75,1.809999942779541,364300,0.0,0.0
2024-05-30 00:00:00-04:00,1.7999999523162842,1.8600000143051147,1.7899999618530273,1.7999999523162842,185600,0.0,0.0
2024-05-31 00:00:00-04:00,1.809999942779541,1.8200000524520874,1.7100000381469727,1.7100000381469727,346000,0.0,0.0
2024-06-03 00:00:00-04:00,1.8200000524520874,1.840000033378601,1.690000057220459,1.7400000095367432,364600,0.0,0.0
2024-06-04 00:00:00-04:00,1.7599999904632568,1.7899999618530273,1.7000000476837158,1.7000000476837158,263500,0.0,0.0
2024-06-05 00:00:00-04:00,1.7000000476837158,1.7699999809265137,1.7000000476837158,1.7200000286102295,181800,0.0,0.0
2024-06-06 00:00:00-04:00,1.7200000286102295,1.7300000190734863,1.7000000476837158,1.7000000476837158,125900,0.0,0.0
2024-06-07 00:00:00-04:00,1.690000057220459,1.7200000286102295,1.649999976158142,1.649999976158142,233700,0.0,0.0
2024-06-10 00:00:00-04:00,1.649999976158142,1.7000000476837158,1.649999976158142,1.659999966621399,133900,0.0,0.0
2024-06-11 00:00:00-04:00,1.649999976158142,1.6799999475479126,1.6399999856948853,1.6699999570846558,147100,0.0,0.0
2024-06-12 00:00:00-04:00,1.75,1.8300000429153442,1.7200000286102295,1.7300000190734863,227700,0.0,0.0
2024-06-13 00:00:00-04:00,1.7100000381469727,1.75,1.6799999475479126,1.690000057220459,88100,0.0,0.0
2024-06-14 00:00:00-04:00,1.6799999475479126,1.7100000381469727,1.6100000143051147,1.6299999952316284,153600,0.0,0.0
2024-06-17 00:00:00-04:00,1.6100000143051147,1.649999976158142,1.5299999713897705,1.5499999523162842,283400,0.0,0.0
2024-06-18 00:00:00-04:00,1.5499999523162842,1.5700000524520874,1.4600000381469727,1.5399999618530273,296800,0.0,0.0
2024-06-20 00:00:00-04:00,1.5099999904632568,1.5399999618530273,1.4800000190734863,1.4800000190734863,277500,0.0,0.0
2024-06-21 00:00:00-04:00,1.5199999809265137,1.5299999713897705,1.4800000190734863,1.4800000190734863,230400,0.0,0.0
2024-06-24 00:00:00-04:00,1.5099999904632568,1.5299999713897705,1.4800000190734863,1.4800000190734863,214100,0.0,0.0
2024-06-25 00:00:00-04:00,1.4800000190734863,1.5199999809265137,1.4800000190734863,1.4900000095367432,148200,0.0,0.0
2024-06-26 00:00:00-04:00,1.4800000190734863,1.5,1.4800000190734863,1.4900000095367432,110300,0.0,0.0
2024-06-27 00:00:00-04:00,1.4900000095367432,1.5199999809265137,1.4800000190734863,1.5099999904632568,357900,0.0,0.0
2024-06-28 00:00:00-04:00,1.5099999904632568,1.5299999713897705,1.4800000190734863,1.5,228400,0.0,0.0
2024-07-01 00:00:00-04:00,1.5099999904632568,1.5700000524520874,1.5,1.5700000524520874,242600,0.0,0.0
2024-07-02 00:00:00-04:00,1.5399999618530273,1.5700000524520874,1.5399999618530273,1.5399999618530273,111900,0.0,0.0
2024-07-03 00:00:00-04:00,1.5700000524520874,1.6399999856948853,1.559999942779541,1.6200000047683716,173600,0.0,0.0
2024-07-05 00:00:00-04:00,1.6399999856948853,1.649999976158142,1.5700000524520874,1.6100000143051147,253500,0.0,0.0
2024-07-08 00:00:00-04:00,1.600000023841858,1.6200000047683716,1.5299999713897705,1.5299999713897705,148500,0.0,0.0
2024-07-09 00:00:00-04:00,1.5299999713897705,1.5800000429153442,1.5299999713897705,1.5800000429153442,107800,0.0,0.0
2024-07-10 00:00:00-04:00,1.600000023841858,1.6200000047683716,1.5700000524520874,1.6100000143051147,105500,0.0,0.0
2024-07-11 00:00:00-04:00,1.649999976158142,1.7899999618530273,1.6200000047683716,1.7599999904632568,404000,0.0,0.0
2024-07-12 00:00:00-04:00,1.7699999809265137,1.840000033378601,1.7400000095367432,1.7899999618530273,233800,0.0,0.0
2024-07-15 00:00:00-04:00,1.7999999523162842,1.809999942779541,1.7599999904632568,1.7599999904632568,179000,0.0,0.0
2024-07-16 00:00:00-04:00,1.7899999618530273,1.8799999952316284,1.7699999809265137,1.8600000143051147,197600,0.0,0.0
2024-07-17 00:00:00-04:00,1.840000033378601,1.8899999856948853,1.7899999618530273,1.840000033378601,223900,0.0,0.0
2024-07-18 00:00:00-04:00,1.8300000429153442,1.940000057220459,1.7699999809265137,1.8300000429153442,267600,0.0,0.0
2024-07-19 00:00:00-04:00,1.8300000429153442,1.840000033378601,1.809999942779541,1.8300000429153442,64100,0.0,0.0
2024-07-22 00:00:00-04:00,1.8899999856948853,1.8899999856948853,1.809999942779541,1.8200000524520874,134900,0.0,0.0
2024-07-23 00:00:00-04:00,1.809999942779541,1.850000023841858,1.7599999904632568,1.7699999809265137,118900,0.0,0.0
2024-07-24 00:00:00-04:00,1.75,1.7599999904632568,1.659999966621399,1.7000000476837158,87300,0.0,0.0
2024-07-25 00:00:00-04:00,1.7100000381469727,1.7899999618530273,1.6799999475479126,1.7300000190734863,88900,0.0,0.0
2024-07-26 00:00:00-04:00,1.75,1.7599999904632568,1.7000000476837158,1.7000000476837158,56800,0.0,0.0
2024-07-29 00:00:00-04:00,1.690000057220459,1.7999999523162842,1.6200000047683716,1.7699999809265137,255600,0.0,0.0
2024-07-30 00:00:00-04:00,1.7599999904632568,1.7699999809265137,1.6399999856948853,1.649999976158142,123700,0.0,0.0
2024-07-31 00:00:00-04:00,1.649999976158142,1.7200000286102295,1.649999976158142,1.7200000286102295,94100,0.0,0.0
2024-08-01 00:00:00-04:00,1.7100000381469727,1.7100000381469727,1.590000033378601,1.6100000143051147,176100,0.0,0.0
2024-08-02 00:00:00-04:00,1.5700000524520874,1.5800000429153442,1.5,1.5499999523162842,186700,0.0,0.0
2024-08-05 00:00:00-04:00,1.440000057220459,1.5399999618530273,1.409999966621399,1.5299999713897705,269400,0.0,0.0
2024-08-06 00:00:00-04:00,1.5199999809265137,1.5199999809265137,1.4299999475479126,1.4900000095367432,194400,0.0,0.0
2024-08-07 00:00:00-04:00,1.4800000190734863,1.5299999713897705,1.4600000381469727,1.5,161800,0.0,0.0
2024-08-08 00:00:00-04:00,1.5399999618530273,1.649999976158142,1.5299999713897705,1.649999976158142,174700,0.0,0.0
2024-08-09 00:00:00-04:00,1.649999976158142,1.649999976158142,1.5099999904632568,1.5499999523162842,176300,0.0,0.0
2024-08-12 00:00:00-04:00,1.5399999618530273,1.5499999523162842,1.4900000095367432,1.5099999904632568,126500,0.0,0.0
2024-08-13 00:00:00-04:00,1.5,1.5499999523162842,1.4900000095367432,1.4900000095367432,117800,0.0,0.0
2024-08-14 00:00:00-04:00,1.5,1.5399999618530273,1.4900000095367432,1.5099999904632568,101700,0.0,0.0
2024-08-15 00:00:00-04:00,1.5,1.5499999523162842,1.4800000190734863,1.5,122300,0.0,0.0
2024-08-16 00:00:00-04:00,1.5199999809265137,1.5199999809265137,1.4800000190734863,1.5199999809265137,119300,0.0,0.0
2024-08-19 00:00:00-04:00,1.5299999713897705,1.6399999856948853,1.5199999809265137,1.6100000143051147,342000,0.0,0.0
2024-08-20 00:00:00-04:00,1.6299999952316284,1.8899999856948853,1.5800000429153442,1.850000023841858,774000,0.0,0.0
2024-08-21 00:00:00-04:00,1.899999976158142,2.0,1.840000033378601,1.9600000381469727,644300,0.0,0.0
2024-08-22 00:00:00-04:00,1.9800000190734863,2.0,1.809999942779541,1.8799999952316284,386200,0.0,0.0
2024-08-23 00:00:00-04:00,1.9199999570846558,1.9700000286102295,1.840000033378601,1.9700000286102295,170300,0.0,0.0
2024-08-26 00:00:00-04:00,1.9600000381469727,1.9600000381469727,1.8799999952316284,1.909999966621399,80500,0.0,0.0
2024-08-27 00:00:00-04:00,1.8799999952316284,1.9199999570846558,1.850000023841858,1.9199999570846558,89800,0.0,0.0
2024-08-28 00:00:00-04:00,1.899999976158142,1.909999966621399,1.8300000429153442,1.8600000143051147,138700,0.0,0.0
2024-08-29 00:00:00-04:00,1.850000023841858,1.9500000476837158,1.840000033378601,1.8799999952316284,102200,0.0,0.0
2024-08-30 00:00:00-04:00,1.850000023841858,1.899999976158142,1.809999942779541,1.809999942779541,129900,0.0,0.0
2024-09-03 00:00:00-04:00,1.7999999523162842,1.8799999952316284,1.7799999713897705,1.8600000143051147,172800,0.0,0.0
2024-09-04 00:00:00-04:00,1.840000033378601,1.8899999856948853,1.7999999523162842,1.8700000047683716,135100,0.0,0.0
2024-09-05 00:00:00-04:00,1.850000023841858,1.9199999570846558,1.840000033378601,1.840000033378601,120600,0.0,0.0
2024-09-06 00:00:00-04:00,1.8899999856948853,1.9299999475479126,1.850000023841858,1.899999976158142,250800,0.0,0.0
2024-09-09 00:00:00-04:00,1.8899999856948853,2.109999895095825,1.850000023841858,2.0899999141693115,727800,0.0,0.0
2024-09-10 00:00:00-04:00,2.0899999141693115,2.309999942779541,2.0799999237060547,2.2899999618530273,488900,0.0,0.0
2024-09-11 00:00:00-04:00,2.2799999713897705,2.390000104904175,2.1700000762939453,2.3499999046325684,485500,0.0,0.0
2024-09-12 00:00:00-04:00,2.3499999046325684,2.390000104904175,2.259999990463257,2.259999990463257,234500,0.0,0.0
2024-09-13 00:00:00-04:00,2.2699999809265137,2.309999942779541,2.190000057220459,2.240000009536743,138900,0.0,0.0
2024-09-16 00:00:00-04:00,2.259999990463257,2.2799999713897705,2.1500000953674316,2.240000009536743,227200,0.0,0.0
2024-09-17 00:00:00-04:00,2.2699999809265137,2.390000104904175,2.2699999809265137,2.390000104904175,239500,0.0,0.0
2024-09-18 00:00:00-04:00,2.4000000953674316,2.440000057220459,2.240000009536743,2.240000009536743,256700,0.0,0.0
2024-09-19 00:00:00-04:00,2.3299999237060547,2.3399999141693115,2.119999885559082,2.2300000190734863,628300,0.0,0.0
2024-09-20 00:00:00-04:00,2.2300000190734863,2.3299999237060547,2.190000057220459,2.25,249500,0.0,0.0
2024-09-23 00:00:00-04:00,2.2699999809265137,2.359999895095825,2.25,2.3299999237060547,558700,0.0,0.0
2024-09-24 00:00:00-04:00,2.319999933242798,2.4200000762939453,2.2699999809265137,2.3299999237060547,301200,0.0,0.0
2024-09-25 00:00:00-04:00,2.3299999237060547,2.4000000953674316,2.319999933242798,2.3399999141693115,309200,0.0,0.0
2024-09-26 00:00:00-04:00,2.369999885559082,2.430000066757202,2.319999933242798,2.369999885559082,232600,0.0,0.0
2024-09-27 00:00:00-04:00,2.380000114440918,2.4000000953674316,2.309999942779541,2.390000104904175,771400,0.0,0.0
2024-09-30 00:00:00-04:00,2.4000000953674316,2.740000009536743,2.4000000953674316,2.700000047683716,739900,0.0,0.0
2024-10-01 00:00:00-04:00,2.690000057220459,2.7100000381469727,2.490000009536743,2.569999933242798,421900,0.0,0.0
2024-10-02 00:00:00-04:00,2.609999895095825,2.880000114440918,2.5899999141693115,2.8299999237060547,390100,0.0,0.0
2024-10-03 00:00:00-04:00,2.7899999618530273,3.0,2.75,2.7899999618530273,457600,0.0,0.0
2024-10-04 00:00:00-04:00,2.8399999141693115,2.880000114440918,2.75,2.869999885559082,175800,0.0,0.0
2024-10-07 00:00:00-04:00,2.9000000953674316,3.0,2.680000066757202,2.7300000190734863,359600,0.0,0.0
2024-10-08 00:00:00-04:00,2.7899999618530273,2.799999952316284,2.549999952316284,2.640000104904175,277300,0.0,0.0
2024-10-09 00:00:00-04:00,2.549999952316284,2.75,2.549999952316284,2.7200000286102295,185400,0.0,0.0
2024-10-10 00:00:00-04:00,2.700000047683716,2.7100000381469727,2.6500000953674316,2.700000047683716,106000,0.0,0.0
2024-10-11 00:00:00-04:00,2.680000066757202,2.740000009536743,2.640000104904175,2.6700000762939453,103000,0.0,0.0
2024-10-14 00:00:00-04:00,2.630000114440918,2.690000057220459,2.5899999141693115,2.6500000953674316,126200,0.0,0.0
2024-10-15 00:00:00-04:00,2.6700000762939453,2.680000066757202,2.5299999713897705,2.5899999141693115,176800,0.0,0.0
2024-10-16 00:00:00-04:00,2.5899999141693115,2.680000066757202,2.5399999618530273,2.6600000858306885,117100,0.0,0.0
2024-10-17 00:00:00-04:00,2.6500000953674316,2.6500000953674316,2.5399999618530273,2.5899999141693115,134400,0.0,0.0
2024-10-18 00:00:00-04:00,2.559999942779541,2.630000114440918,2.450000047683716,2.490000009536743,170900,0.0,0.0
2024-10-21 00:00:00-04:00,2.4800000190734863,2.5799999237060547,2.4800000190734863,2.559999942779541,134400,0.0,0.0
2024-10-22 00:00:00-04:00,2.5,2.549999952316284,2.5,2.5199999809265137,85900,0.0,0.0
2024-10-23 00:00:00-04:00,2.5,2.6500000953674316,2.5,2.6500000953674316,170500,0.0,0.0
2024-10-24 00:00:00-04:00,2.6600000858306885,2.680000066757202,2.3399999141693115,2.430000066757202,430300,0.0,0.0
2024-10-25 00:00:00-04:00,2.4000000953674316,2.4700000286102295,2.369999885559082,2.390000104904175,205600,0.0,0.0
2024-10-28 00:00:00-04:00,2.4200000762939453,2.4800000190734863,2.380000114440918,2.4600000381469727,128100,0.0,0.0
2024-10-29 00:00:00-04:00,2.4600000381469727,2.4600000381469727,2.390000104904175,2.4100000858306885,78000,0.0,0.0
2024-10-30 00:00:00-04:00,2.380000114440918,2.569999933242798,2.380000114440918,2.4700000286102295,134800,0.0,0.0
2024-10-31 00:00:00-04:00,2.4200000762939453,2.490000009536743,2.390000104904175,2.430000066757202,108400,0.0,0.0
2024-11-01 00:00:00-04:00,2.4200000762939453,2.5299999713897705,2.4200000762939453,2.4600000381469727,152000,0.0,0.0
2024-11-04 00:00:00-05:00,2.4600000381469727,2.5799999237060547,2.4600000381469727,2.4700000286102295,146400,0.0,0.0
2024-11-05 00:00:00-05:00,2.4700000286102295,2.630000114440918,2.450000047683716,2.630000114440918,137200,0.0,0.0
2024-11-06 00:00:00-05:00,2.4100000858306885,2.4600000381469727,2.0,2.200000047683716,836100,0.0,0.0
2024-11-07 00:00:00-05:00,2.1700000762939453,2.240000009536743,2.1700000762939453,2.180000066757202,134100,0.0,0.0
2024-11-08 00:00:00-05:00,2.200000047683716,2.200000047683716,2.009999990463257,2.130000114440918,439000,0.0,0.0
2024-11-11 00:00:00-05:00,2.1600000858306885,2.1700000762939453,2.049999952316284,2.130000114440918,210000,0.0,0.0
2024-11-12 00:00:00-05:00,2.059999942779541,2.180000066757202,2.0,2.0199999809265137,233100,0.0,0.0
2024-11-13 00:00:00-05:00,2.009999990463257,2.140000104904175,2.009999990463257,2.069999933242798,265800,0.0,0.0
2024-11-14 00:00:00-05:00,2.049999952316284,2.130000114440918,2.0,2.0,271500,0.0,0.0
2024-11-15 00:00:00-05:00,1.9600000381469727,1.9600000381469727,1.7599999904632568,1.909999966621399,371700,0.0,0.0
2024-11-18 00:00:00-05:00,1.8899999856948853,2.0999999046325684,1.8600000143051147,2.009999990463257,191800,0.0,0.0
2024-11-19 00:00:00-05:00,2.0199999809265137,2.049999952316284,1.8600000143051147,1.8600000143051147,280500,0.0,0.0
2024-11-20 00:00:00-05:00,1.909999966621399,1.9199999570846558,1.840000033378601,1.8700000047683716,216900,0.0,0.0
2024-11-21 00:00:00-05:00,1.899999976158142,1.899999976158142,1.7999999523162842,1.8200000524520874,148400,0.0,0.0
2024-11-22 00:00:00-05:00,1.809999942779541,1.8799999952316284,1.7699999809265137,1.8700000047683716,161100,0.0,0.0
2024-11-25 00:00:00-05:00,1.899999976158142,1.9900000095367432,1.899999976158142,1.940000057220459,141500,0.0,0.0
2024-11-26 00:00:00-05:00,1.9900000095367432,1.9900000095367432,1.8200000524520874,1.8200000524520874,145700,0.0,0.0
2024-11-27 00:00:00-05:00,1.8600000143051147,2.0,1.850000023841858,1.940000057220459,192000,0.0,0.0
2024-11-29 00:00:00-05:00,1.9199999570846558,1.9900000095367432,1.8899999856948853,1.899999976158142,115800,0.0,0.0
2024-12-02 00:00:00-05:00,1.9199999570846558,2.0,1.899999976158142,1.9700000286102295,179800,0.0,0.0
2024-12-03 00:00:00-05:00,1.9900000095367432,2.0999999046325684,1.9800000190734863,2.0299999713897705,367200,0.0,0.0
2024-12-04 00:00:00-05:00,2.049999952316284,2.049999952316284,1.8700000047683716,1.8700000047683716,212600,0.0,0.0
2024-12-05 00:00:00-05:00,1.8700000047683716,1.9299999475479126,1.850000023841858,1.8700000047683716,206600,0.0,0.0
2024-12-06 00:00:00-05:00,1.899999976158142,1.9500000476837158,1.850000023841858,1.899999976158142,161900,0.0,0.0
2024-12-09 00:00:00-05:00,1.899999976158142,2.0,1.649999976158142,1.9700000286102295,523800,0.0,0.0
2024-12-10 00:00:00-05:00,1.9600000381469727,1.9700000286102295,1.8600000143051147,1.899999976158142,177100,0.0,0.0
2024-12-11 00:00:00-05:00,1.940000057220459,1.940000057220459,1.8200000524520874,1.8300000429153442,218800,0.0,0.0
2024-12-12 00:00:00-05:00,1.8200000524520874,1.840000033378601,1.7400000095367432,1.7699999809265137,292200,0.0,0.0
2024-12-13 00:00:00-05:00,1.75,1.809999942779541,1.7302000522613525,1.7799999713897705,185125,0.0,0.0
