Date,Open,High,Low,Close,Volume,Dividends,Stock Splits
2022-01-03 00:00:00-05:00,18.49549235646412,18.899765014648438,18.49549235646412,18.899765014648438,7300,0.0,0.0
2022-01-04 00:00:00-05:00,18.87810892676304,18.9647394792448,18.599449496444418,18.906986236572266,37400,0.0,0.0
2022-01-05 00:00:00-05:00,18.750332889680575,18.89977010159927,18.48105867725974,18.79148292541504,8700,0.0,0.0
2022-01-06 00:00:00-05:00,18.596567139074384,18.697634997222444,18.596567139074384,18.60378646850586,9700,0.0,0.0
2022-01-07 00:00:00-05:00,18.60378332557386,18.92142550521837,18.60378332557386,18.863672256469727,4200,0.0,0.0
2022-01-10 00:00:00-05:00,18.914204982778934,18.950300241985317,18.71856575875508,18.935861587524414,4000,0.0,0.0
2022-01-11 00:00:00-05:00,18.950302766313015,19.065809263494856,18.85284390113845,19.058589935302734,12100,0.0,0.0
2022-01-12 00:00:00-05:00,19.042706994990994,19.058588689808147,18.914206266239386,18.98639678955078,11900,0.0,0.0
2022-01-13 00:00:00-05:00,19.019126892089844,19.1944091530196,18.91003083777974,19.019126892089844,12700,0.195,0.0
2022-01-14 00:00:00-05:00,18.953660641162664,18.953660641162664,18.840928702452274,18.939115524291992,3800,0.0,0.0
2022-01-18 00:00:00-05:00,18.7936627027685,18.981307983398438,18.7936627027685,18.981307983398438,3900,0.0,0.0
2022-01-19 00:00:00-05:00,19.01912454121192,19.073673255240223,18.98275965668067,19.070035934448242,8400,0.0,0.0
2022-01-20 00:00:00-05:00,19.16459014188245,19.174772422276696,19.05549408233958,19.080949783325195,4600,0.0,0.0
2022-01-21 00:00:00-05:00,19.084582443153312,19.139131157181613,18.76456618779889,19.070035934448242,14900,0.0,0.0
2022-01-24 00:00:00-05:00,18.982763443140357,19.048221358138527,18.621291091828773,18.910032272338867,63700,0.0,0.0
2022-01-25 00:00:00-05:00,18.873666312502216,19.051856214288897,18.37691392837694,18.924577713012695,29200,0.0,0.0
2022-01-26 00:00:00-05:00,18.910033962039105,19.019130034373735,18.7718448638916,18.7718448638916,85700,0.0,0.0
2022-01-27 00:00:00-05:00,18.771843638910042,19.05549507314822,18.69184059760899,18.695476531982422,8200,0.0,0.0
2022-01-28 00:00:00-05:00,18.65547401941031,18.907850310181804,18.65547401941031,18.83730125427246,6700,0.0,0.0
2022-01-31 00:00:00-05:00,18.83729681405001,18.87511690328016,18.560920092587473,18.800931930541992,5100,0.0,0.0
2022-02-01 00:00:00-05:00,18.79366294309524,18.800936198894355,18.560924306450243,18.750024795532227,3700,0.0,0.0
2022-02-02 00:00:00-05:00,18.82711346740707,18.83002249145488,18.728199713624917,18.81547737121582,6500,0.0,0.0
2022-02-03 00:00:00-05:00,18.81547952118786,18.81547952118786,18.61183255502668,18.76165771484375,2600,0.0,0.0
2022-02-04 00:00:00-05:00,18.764571070629486,18.764571070629486,18.619110107421875,18.619110107421875,6600,0.0,0.0
2022-02-07 00:00:00-05:00,18.582741086532238,18.77838790515659,18.546376197899576,18.60456085205078,2200,0.0,0.0
2022-02-08 00:00:00-05:00,18.72820617663553,18.757299201616124,18.466374500737327,18.619110107421875,5000,0.0,0.0
2022-02-09 00:00:00-05:00,18.60456207388501,18.60456207388501,18.517284393310547,18.517284393310547,3400,0.0,0.0
2022-02-10 00:00:00-05:00,18.728206535036282,18.869304656982422,18.61911046373486,18.869304656982422,1100,0.0,0.0
2022-02-11 00:00:00-05:00,18.677292327656577,18.726748521531526,18.5172834856518,18.622743606567383,6000,0.0,0.0
2022-02-14 00:00:00-05:00,18.65206125877151,18.767857237563057,18.542126580353866,18.7224178314209,6200,0.195,0.0
2022-02-15 00:00:00-05:00,19.055146321049772,19.055146321049772,18.564109802246094,18.564109802246094,4000,0.0,0.0
2022-02-16 00:00:00-05:00,18.37356125320347,18.808165542212418,18.37356125320347,18.542125701904297,9300,0.0,0.0
2022-02-17 00:00:00-05:00,18.5421258480951,18.61541516485338,18.432192571896405,18.49082374572754,10700,0.0,0.0
2022-02-18 00:00:00-05:00,18.366230707813546,18.72534679061166,18.366230707813546,18.666715621948242,2900,0.0,0.0
2022-02-22 00:00:00-05:00,18.46150938096192,18.46150938096192,16.863808101436792,18.1317081451416,53200,0.0,0.0
2022-02-23 00:00:00-05:00,18.322259518248796,18.322259518248796,18.17568088295182,18.234312057495117,9900,0.0,0.0
2022-02-24 00:00:00-05:00,18.029100472941956,18.029100472941956,17.22292091642736,17.5820369720459,39000,0.0,0.0
2022-02-25 00:00:00-05:00,17.647997216421654,18.170547485351562,17.647997216421654,18.170547485351562,8400,0.0,0.0
2022-02-28 00:00:00-05:00,18.095062590530475,18.161022831883596,17.904510937496717,17.997587203979492,7400,0.0,0.0
2022-03-01 00:00:00-05:00,18.139033704669227,18.31492719709045,17.677313461798168,18.065744400024414,11900,0.0,0.0
2022-03-02 00:00:00-05:00,17.845147675300826,17.95581343512457,17.3511783419337,17.51607894897461,33100,0.0,0.0
2022-03-03 00:00:00-05:00,17.516078652826348,17.516078652826348,17.274224899214556,17.30354118347168,25300,0.0,0.0
2022-03-04 00:00:00-05:00,17.2962145850519,17.4427918336599,15.294690142700464,15.485974311828613,50500,0.0,0.0
2022-03-07 00:00:00-05:00,15.661871678830932,16.709903991800463,15.586383482444521,15.757146835327148,31600,0.0,0.0
2022-03-08 00:00:00-05:00,15.830430813244673,16.47610754995631,15.830430813244673,16.123586654663086,18400,0.0,0.0
2022-03-09 00:00:00-05:00,16.94442587596109,16.94442587596109,16.343454601660397,16.482704162597656,16000,0.0,0.0
2022-03-10 00:00:00-05:00,16.380100104009237,17.14963443593904,16.263570244029925,16.4314022064209,13500,0.0,0.0
2022-03-11 00:00:00-05:00,16.453387366682446,16.76852901327794,15.98433663631208,16.204204559326172,8100,0.0,0.0
2022-03-14 00:00:00-04:00,16.40014780710449,16.456343240812334,14.016284368527499,15.194906234741211,29700,0.195,0.0
2022-03-15 00:00:00-04:00,14.788233638438992,15.490675300391189,14.544227839817383,14.751263618469238,43200,0.0,0.0
2022-03-16 00:00:00-04:00,14.795626081698405,15.509897384126699,14.67732034015116,15.313213348388672,8500,0.0,0.0
2022-03-17 00:00:00-04:00,16.032658558460202,16.42972157378681,15.767949411470665,16.23008155822754,13200,0.0,0.0
2022-03-18 00:00:00-04:00,16.230086568812983,16.230086568812983,15.860380737271147,15.886260032653809,6000,0.0,0.0
2022-03-21 00:00:00-04:00,15.823407441131833,16.082201774742547,15.823407441131833,15.976466178894043,13200,0.0,0.0
2022-03-22 00:00:00-04:00,15.971286064615132,16.119167494190336,15.786433219909668,15.786433219909668,8200,0.0,0.0
2022-03-23 00:00:00-04:00,15.971289484069445,16.133220509158175,15.786436599786963,15.955761909484863,9200,0.0,0.0
2022-03-24 00:00:00-04:00,15.897346354468038,16.55911994816462,15.535034909115687,16.244869232177734,16000,0.0,0.0
2022-03-25 00:00:00-04:00,16.244869599689146,16.37796389085316,16.244869599689146,16.340993881225586,4700,0.0,0.0
2022-03-28 00:00:00-04:00,16.56281927684093,17.356948292060572,16.56281927684093,17.176530838012695,7900,0.0,0.0
2022-03-29 00:00:00-04:00,17.176527907301285,17.26895433996259,16.87410832628788,17.154346466064453,8400,0.0,0.0
2022-03-30 00:00:00-04:00,17.15434270214812,17.66453548306757,17.007939298783253,17.413135528564453,7700,0.0,0.0
2022-03-31 00:00:00-04:00,17.671937667650468,17.82721484325064,17.43680559303182,17.727394104003906,6600,0.0,0.0
2022-04-01 00:00:00-04:00,18.078610114125393,18.463102987725357,17.67193297949037,17.745874404907227,44400,0.0,0.0
2022-04-04 00:00:00-04:00,17.55363335887473,18.115586412753142,17.55363335887473,17.597997665405273,10900,0.0,0.0
2022-04-05 00:00:00-04:00,17.671937618214077,18.04164343202741,17.479690425793255,17.550674438476562,4000,0.0,0.0
2022-04-06 00:00:00-04:00,17.405748412912445,18.108188533127628,17.15434837526873,18.0534725189209,8700,0.0,0.0
2022-04-07 00:00:00-04:00,17.908549397036523,17.908549397036523,17.309626364061703,17.383567810058594,11200,0.0,0.0
2022-04-08 00:00:00-04:00,17.72812940843729,17.893758267145465,17.56102253912016,17.886363983154297,14500,0.0,0.0
2022-04-11 00:00:00-04:00,17.745877767903654,17.745877767903654,17.450113420501722,17.487083435058594,10400,0.0,0.0
2022-04-12 00:00:00-04:00,17.616480425608895,17.74587688040226,17.376171112060547,17.376171112060547,11000,0.0,0.0
2022-04-13 00:00:00-04:00,17.85335924897197,17.85335924897197,17.447007932337954,17.633407592773438,7500,0.195,0.0
2022-04-14 00:00:00-04:00,17.46862513559561,17.571516654296197,17.46862513559561,17.491737365722656,1200,0.0,0.0
2022-04-18 00:00:00-04:00,17.581211276074878,17.581211276074878,17.22332436378562,17.459678649902344,7200,0.0,0.0
2022-04-19 00:00:00-04:00,17.37244250782529,17.508142249927122,17.35380283186582,17.40972328186035,4200,0.0,0.0
2022-04-20 00:00:00-04:00,17.372443091181697,17.37989924623908,17.238236566497257,17.245691299438477,5400,0.0,0.0
2022-04-21 00:00:00-04:00,17.43209428527096,17.451480576597575,17.036927945518247,17.074207305908203,8700,0.0,0.0
2022-04-22 00:00:00-04:00,16.62684553880027,16.894516257825654,16.190671110520398,16.757326126098633,8900,0.0,0.0
2022-04-25 00:00:00-04:00,16.783421624188602,17.1017922029955,16.561233031241624,16.735702514648438,8300,0.0,0.0
2022-04-26 00:00:00-04:00,16.761053471377057,16.775965782269193,16.40316654266321,16.53737449645996,6400,0.0,0.0
2022-04-27 00:00:00-04:00,15.657568744732613,16.761054200672522,15.657568744732613,16.67158317565918,12800,0.0,0.0
2022-04-28 00:00:00-04:00,16.775962991497384,16.775962991497384,16.403163813908552,16.51873207092285,5600,0.0,0.0
2022-04-29 00:00:00-04:00,16.42553054399781,17.403009076771607,16.403162083740092,16.62311363220215,3400,0.0,0.0
2022-05-02 00:00:00-04:00,16.97728042182235,16.992192735093862,16.241374969482422,16.241374969482422,13200,0.0,0.0
2022-05-03 00:00:00-04:00,16.13475227171063,16.574655532836914,15.940896476797663,16.574655532836914,18700,0.0,0.0
2022-05-04 00:00:00-04:00,16.73868769873806,16.999646048593405,16.596278389767143,16.992191314697266,3100,0.0,0.0
2022-05-05 00:00:00-04:00,17.148764975096473,17.32770843896527,16.962365355801946,17.118940353393555,5600,0.0,0.0
2022-05-06 00:00:00-04:00,16.925086925983123,17.12714405608207,16.216767765097842,16.41062355041504,7400,0.0,0.0
2022-05-09 00:00:00-04:00,16.216764583144077,16.80951534548157,16.030364990234375,16.030364990234375,5500,0.0,0.0
2022-05-10 00:00:00-04:00,16.204832690144894,17.048104743614125,15.88124302065328,15.918523788452148,19500,0.0,0.0
2022-05-11 00:00:00-04:00,16.090011136099598,16.7140768288674,15.963259369168284,15.970715522766113,9000,0.0,0.0
2022-05-12 00:00:00-04:00,16.109920759709347,16.63663523439692,15.65092675848679,15.816466331481934,11300,0.195,0.0
2022-05-13 00:00:00-04:00,16.10991821485865,16.486894405130663,15.808939177659997,16.19268798828125,20000,0.0,0.0
2022-05-16 00:00:00-04:00,15.914285202060661,16.398109314795256,15.801418216124661,16.388328552246094,6600,0.0,0.0
2022-05-17 00:00:00-04:00,16.410904989877917,16.779604663687593,16.17764630546403,16.32061195373535,11000,0.0,0.0
2022-05-18 00:00:00-04:00,16.004576780550863,16.77734155900761,15.951905625575856,16.087345123291016,13000,0.0,0.0
2022-05-19 00:00:00-04:00,16.358230394397836,16.358230394397836,15.80141867060774,15.914285659790039,12800,0.0,0.0
2022-05-20 00:00:00-04:00,16.15506901715953,16.20774161849076,14.589976171429589,15.048970222473145,28300,0.0,0.0
2022-05-23 00:00:00-04:00,14.943629452106753,15.34995094428847,13.94287288511883,14.484635353088379,56200,0.0,0.0
2022-05-24 00:00:00-04:00,14.744225379375905,14.747988424949394,14.486888747186773,14.695317268371582,12100,0.0,0.0
2022-05-25 00:00:00-04:00,14.71036434548857,14.943624362198335,14.439483921358555,14.492155075073242,14100,0.0,0.0
2022-05-26 00:00:00-04:00,14.409386939661921,15.003821879676522,13.995540883202706,14.389070510864258,60100,0.0,0.0
2022-05-27 00:00:00-04:00,14.401862334878768,14.477107464099683,14.146029756636532,14.254383087158203,25000,0.0,0.0
2022-05-31 00:00:00-04:00,14.364244344866707,15.04897247779168,14.298781394958496,14.298781394958496,26600,0.0,0.0
2022-06-01 00:00:00-04:00,14.552353341874099,14.747990113839188,14.033163502242962,14.251374244689941,24000,0.0,0.0
2022-06-02 00:00:00-04:00,14.212999944259183,14.638133756796396,13.732185389426448,14.18365478515625,34100,0.0,0.0
2022-06-03 00:00:00-04:00,14.311571084569033,14.672746026942486,14.236325946112487,14.507207870483398,16400,0.0,0.0
2022-06-06 00:00:00-04:00,14.52225355154224,14.578687755636631,13.920295405382072,14.097121238708496,33400,0.0,0.0
2022-06-07 00:00:00-04:00,14.258899854484403,14.356717529413638,13.679514156694262,13.80517292022705,50800,0.0,0.0
2022-06-08 00:00:00-04:00,13.995543602348981,14.003068260224184,13.709612343818238,13.732186317443848,29200,0.0,0.0
2022-06-09 00:00:00-04:00,13.732185062166751,13.84505204961399,13.54407293802748,13.551597595214844,17600,0.0,0.0
2022-06-10 00:00:00-04:00,13.566645771361376,13.837526231471827,13.55159645824927,13.581693649291992,15900,0.0,0.0
2022-06-13 00:00:00-04:00,13.551597243543851,13.68703819903842,13.407127560767712,13.589219093322754,16700,0.0,0.0
2022-06-14 00:00:00-04:00,13.501741028401915,13.615839958190918,13.501741028401915,13.615839958190918,8500,0.195,0.0
2022-06-15 00:00:00-04:00,13.463712994630272,13.935322447515265,13.463712994630272,13.661483764648438,4700,0.0,0.0
2022-06-16 00:00:00-04:00,13.463709003406382,13.48728961414503,12.824753233362554,12.877999305725098,19200,0.0,0.0
2022-06-17 00:00:00-04:00,13.311578720592129,13.380038384365786,13.205086555098413,13.27354621887207,4500,0.0,0.0
2022-06-21 00:00:00-04:00,13.638664656290025,13.691910743713379,13.478924943172894,13.691910743713379,6100,0.0,0.0
2022-06-22 00:00:00-04:00,13.684301821305889,13.684301821305889,13.273545317407166,13.478922843933105,7300,0.0,0.0
2022-06-23 00:00:00-04:00,13.40666260321935,13.691910743713379,13.273547384660965,13.691910743713379,6500,0.0,0.0
2022-06-24 00:00:00-04:00,13.684300202257496,13.988564511896035,13.653874496716979,13.967266082763672,28100,0.0,0.0
2022-06-27 00:00:00-04:00,14.201551593952013,14.224371963395457,13.577809337632608,14.003779411315918,9800,0.0,0.0
2022-06-28 00:00:00-04:00,14.095061414275158,14.095061414275158,13.577811241149902,13.577811241149902,10600,0.0,0.0
2022-06-29 00:00:00-04:00,13.714728286053122,13.882073304958746,13.691907917219586,13.729940414428711,2900,0.0,0.0
2022-06-30 00:00:00-04:00,13.775584087869763,13.882076263427733,13.775584087869763,13.882076263427734,3400,0.0,0.0
2022-07-01 00:00:00-04:00,13.965747965453023,14.144502461599219,13.882074722035494,14.02660083770752,5200,0.0,0.0
2022-07-05 00:00:00-04:00,13.980959414262005,14.148305892944334,13.882074045733502,14.148305892944336,11800,0.0,0.0
2022-07-06 00:00:00-04:00,14.21676871385981,14.21676871385981,13.714732067860654,14.140702247619629,5700,0.0,0.0
2022-07-07 00:00:00-04:00,14.216763818707879,14.43735489891804,14.174927204138708,14.37650203704834,9500,0.0,0.0
2022-07-08 00:00:00-04:00,14.452570915222168,14.566669869120329,14.452570915222168,14.452570915222168,8300,0.0,0.0
2022-07-11 00:00:00-04:00,14.566670388420299,14.718803299605975,14.444964639810545,14.528637886047363,9700,0.0,0.0
2022-07-12 00:00:00-04:00,14.391717923493445,14.56666974807326,14.391717923493445,14.559062957763672,2900,0.0,0.0
2022-07-13 00:00:00-04:00,14.604703820984325,14.691418039371024,14.391718043086687,14.452570915222168,9300,0.0,0.0
2022-07-14 00:00:00-04:00,14.48331263761381,14.48331263761381,13.949171049396709,13.964542388916016,12500,0.195,0.0
2022-07-15 00:00:00-04:00,14.414143008032692,14.427208499973633,13.411187296315925,13.660964965820312,20200,0.0,0.0
2022-07-18 00:00:00-04:00,13.62638086037928,14.602438975277632,13.62638086037928,13.904595375061035,12300,0.0,0.0
2022-07-19 00:00:00-04:00,14.026023361692578,14.095192909240723,13.641748749043467,14.095192909240723,10100,0.0,0.0
2022-07-20 00:00:00-04:00,14.095195661442823,14.602438131911581,14.055231058742509,14.325759887695312,5700,0.0,0.0
2022-07-21 00:00:00-04:00,14.259662388074922,14.54863646255609,14.241217078438757,14.51789379119873,1400,0.0,0.0
2022-07-22 00:00:00-04:00,14.506368423853006,14.626262223390363,14.444884536851143,14.46409797668457,4200,0.0,0.0
2022-07-25 00:00:00-04:00,14.487154531527866,14.509441945131536,14.225847653458732,14.402613639831543,3600,0.0,0.0
2022-07-26 00:00:00-04:00,14.22584821365371,14.319611032153356,14.102880438648452,14.210476875305176,1800,0.0,0.0
2022-07-27 00:00:00-04:00,14.336519092476323,14.40261467681793,14.026025670343103,14.256589889526367,7300,0.0,0.0
2022-07-28 00:00:00-04:00,14.31807082504965,14.625491675058237,14.31807082504965,14.51789379119873,6500,0.0,0.0
2022-07-29 00:00:00-04:00,14.555554363084475,14.679291725158691,14.55017454151131,14.679291725158691,8400,0.0,0.0
2022-08-01 00:00:00-04:00,14.648550357266126,14.756148264223505,14.648550357266126,14.71618366241455,10500,0.0,0.0
2022-08-02 00:00:00-04:00,14.871431359390154,14.909858243488816,14.756149241202506,14.86374568939209,13400,0.0,0.0
2022-08-03 00:00:00-04:00,14.97134412427605,15.101229472463283,14.694667297089062,14.75615119934082,14400,0.0,0.0
2022-08-04 00:00:00-04:00,14.771516309376324,14.771516309376324,14.602435999211615,14.74846076965332,5400,0.0,0.0
2022-08-05 00:00:00-04:00,14.756148665153216,15.06356812361649,14.756148665153216,15.055882453918457,3400,0.0,0.0
2022-08-08 00:00:00-04:00,15.332558631896973,15.332558631896973,15.14042131303055,15.332558631896973,9400,0.0,0.0
2022-08-09 00:00:00-04:00,15.255703562540054,15.319493293762207,15.217275218850636,15.319493293762207,3100,0.0,0.0
2022-08-10 00:00:00-04:00,15.332557833538951,15.63997723453978,15.332557833538951,15.497026443481445,5000,0.0,0.0
2022-08-11 00:00:00-04:00,15.517009699475818,16.41698050371335,15.517009699475818,16.297086715698242,16700,0.0,0.0
2022-08-12 00:00:00-04:00,16.37009960079264,16.84352684020996,16.29324584304971,16.84352684020996,10000,0.0,0.0
2022-08-15 00:00:00-04:00,16.869659140788634,16.90654830239797,16.52381134033203,16.52381134033203,10700,0.0,0.0
2022-08-16 00:00:00-04:00,16.878111786294042,16.931141876473042,16.67752066206793,16.908084869384766,5400,0.0,0.0
2022-08-17 00:00:00-04:00,16.969570999237234,17.232415637584342,16.29324816003898,16.370101928710938,19900,0.0,0.0
2022-08-18 00:00:00-04:00,16.77666248328712,17.05410881840071,16.396229947265798,16.623720169067383,4800,0.0,0.0
2022-08-19 00:00:00-04:00,17.1002244582279,17.1002244582279,16.308618034238368,16.370101928710938,6200,0.0,0.0
2022-08-22 00:00:00-04:00,16.316300653073917,16.370098867440483,15.370985402626332,15.593865394592285,19000,0.0,0.0
2022-08-23 00:00:00-04:00,15.593866845895526,15.593866845895526,14.364187606062309,14.640864372253418,25000,0.0,0.0
2022-08-24 00:00:00-04:00,14.794572292230068,15.344085094641343,14.602434989733574,14.986709594726562,13500,0.0,0.0
2022-08-25 00:00:00-04:00,15.524698786398444,15.524698786398444,15.21727784734764,15.447843551635742,9600,0.0,0.0
2022-08-26 00:00:00-04:00,15.340245680162516,15.41710091514341,15.255706240986045,15.409415245056152,5300,0.0,0.0
2022-08-29 00:00:00-04:00,14.971338526291548,15.397883579999894,14.971338526291548,15.369446754455566,5900,0.0,0.0
2022-08-30 00:00:00-04:00,15.45552552629843,15.670718373111557,15.151948227811255,15.155790328979492,6900,0.0,0.0
2022-08-31 00:00:00-04:00,15.171167620323388,15.670724524082685,15.171167620323388,15.486272811889648,5600,0.0,0.0
2022-09-01 00:00:00-04:00,15.493958026361932,15.493958026361932,14.064455466643706,14.75615119934082,37700,0.0,0.0
2022-09-02 00:00:00-04:00,14.679291166210795,14.986710577179796,14.6024359469957,14.955967903137207,5400,0.0,0.0
2022-09-06 00:00:00-04:00,14.971341032149866,14.971341032149866,14.179736137390137,14.179736137390137,10800,0.0,0.0
2022-09-07 00:00:00-04:00,14.287333834097021,14.916775996668234,14.287333834097021,14.494842529296875,4400,0.0,0.0
2022-09-08 00:00:00-04:00,14.510209055488547,14.733089039473354,14.510209055488547,14.5409517288208,4600,0.0,0.0
2022-09-09 00:00:00-04:00,14.733090296680404,14.979025840759277,14.679292079649585,14.979025840759277,6400,0.0,0.0
2022-09-12 00:00:00-04:00,14.986712820704472,15.178850164559659,14.909089462785438,15.101226806640625,9700,0.0,0.0
2022-09-13 00:00:00-04:00,15.013611140325612,15.025138911264074,14.794574697145686,14.90217113494873,3200,0.0,0.0
2022-09-14 00:00:00-04:00,14.766312160860029,14.904503331519587,14.766312160860029,14.859474182128906,4200,0.195,0.0
2022-09-15 00:00:00-04:00,14.848605314803226,14.850158656839456,14.83618450164795,14.83618450164795,1300,0.0,0.0
2022-09-16 00:00:00-04:00,14.479059149711057,14.750784422063688,14.479059149711057,14.70265007019043,5200,0.0,0.0
2022-09-19 00:00:00-04:00,14.634327668430224,14.735253412556446,14.525636696929004,14.711963653564453,10800,0.0,0.0
2022-09-20 00:00:00-04:00,14.711963653564453,14.750780905739942,14.603272682063231,14.711963653564453,8000,0.0,0.0
2022-09-21 00:00:00-04:00,14.711963577456881,14.711963577456881,14.370366133103369,14.551257133483887,9500,0.0,0.0
2022-09-22 00:00:00-04:00,14.533402046766549,14.611038040465157,14.23062330020373,14.408409118652344,22100,0.0,0.0
2022-09-23 00:00:00-04:00,14.230620537875415,14.393656241073717,14.021003839813226,14.028767585754395,17600,0.0,0.0
2022-09-26 00:00:00-04:00,14.05982278473571,14.129695018492656,13.749278865467884,13.951131820678711,11900,0.0,0.0
2022-09-27 00:00:00-04:00,13.780336300734543,13.97442554440686,13.511716266256293,13.89678955078125,18700,0.0,0.0
2022-09-28 00:00:00-04:00,13.97442508983243,14.090878336091027,13.819153107632056,14.052061080932617,11100,0.0,0.0
2022-09-29 00:00:00-04:00,13.958898724647575,13.958898724647575,13.617302705427054,13.889803886413574,14100,0.0,0.0
2022-09-30 00:00:00-04:00,13.889023106952997,14.750779655409076,13.857969604001468,14.57221794128418,23100,0.0,0.0
2022-10-03 00:00:00-04:00,14.564452537199525,14.673142006330362,14.168510424359097,14.525633811950684,7400,0.0,0.0
2022-10-04 00:00:00-04:00,14.696437680869257,15.248427830150264,14.696437680869257,15.022507667541504,3800,0.0,0.0
2022-10-05 00:00:00-04:00,15.115666274212085,16.548045509507368,14.62656214462694,16.342309951782227,31500,0.0,0.0
2022-10-06 00:00:00-04:00,16.233621885910466,16.233621885910466,15.752281460117432,15.79886245727539,8700,0.0,0.0
2022-10-07 00:00:00-04:00,15.39826366969114,15.682411193847656,15.333049969321904,15.682411193847656,4100,0.0,0.0
2022-10-10 00:00:00-04:00,15.69871257349867,15.69871257349867,15.247648243148786,15.414565086364746,15100,0.0,0.0
2022-10-11 00:00:00-04:00,15.239887755263544,15.489875108339767,14.867236738503447,15.030272483825684,13600,0.0,0.0
2022-10-12 00:00:00-04:00,15.348576599218255,15.356340346079591,15.006979141235991,15.305876731872559,5300,0.0,0.0
2022-10-13 00:00:00-04:00,15.349792216786774,15.447022633930398,14.921667002334809,15.282358169555664,13600,0.195,0.0
2022-10-14 00:00:00-04:00,15.156897210673028,15.290196418762205,14.92401655915455,15.290196418762207,3600,0.0,0.0
2022-10-17 00:00:00-04:00,15.274511278375332,15.442311905255744,15.274511278375332,15.337240219116211,1800,0.0,0.0
2022-10-18 00:00:00-04:00,15.42349536549292,15.42349536549292,15.180420870946783,15.270593643188477,6700,0.0,0.0
2022-10-19 00:00:00-04:00,15.317639221040183,15.36860695780223,15.094167254067605,15.172578811645508,3400,0.0,0.0
2022-10-20 00:00:00-04:00,15.180418597455873,15.180418597455873,14.937342643737793,14.937342643737793,4400,0.0,0.0
2022-10-21 00:00:00-04:00,14.976551177591846,15.211784362792969,14.976551177591846,15.211784362792969,4500,0.0,0.0
2022-10-24 00:00:00-04:00,15.274512207969718,15.572475816304655,15.274512207969718,15.376447677612305,7400,0.0,0.0
2022-10-25 00:00:00-04:00,15.478381156921387,15.486222461687559,15.211782777175372,15.478381156921387,5800,0.0,0.0
2022-10-26 00:00:00-04:00,15.43917522906064,15.572474411166604,15.43917522906064,15.54503059387207,5600,0.0,0.0
2022-10-27 00:00:00-04:00,15.643048286437987,15.643048286437987,15.094168821954604,15.643048286437988,6400,0.0,0.0
2022-10-28 00:00:00-04:00,15.48622407591169,15.7277312029253,15.094167770192406,15.211784362792969,4900,0.0,0.0
2022-10-31 00:00:00-04:00,15.282352957398414,15.282352957398414,15.132587476846773,15.141212463378906,4000,0.0,0.0
2022-11-01 00:00:00-04:00,15.221972040260459,15.652449521966481,15.221972040260459,15.595993041992188,2400,0.0,0.0
2022-11-02 00:00:00-04:00,15.72145605566836,16.466363577649577,15.72145605566836,15.83907413482666,5800,0.0,0.0
2022-11-03 00:00:00-04:00,15.839076010980715,15.839076010980715,15.682252883911133,15.682252883911133,2700,0.0,0.0
2022-11-04 00:00:00-04:00,16.074306481190725,16.21701433608366,15.682250225551925,15.764581680297852,2100,0.0,0.0
2022-11-07 00:00:00-05:00,15.988059324517607,16.383251943720808,15.874364106499032,16.074312210083008,4800,0.0,0.0
2022-11-08 00:00:00-05:00,16.309542735935338,16.309542735935338,16.082150842149,16.156641006469727,2200,0.0,0.0
2022-11-09 00:00:00-05:00,16.27033797356005,16.27033797356005,15.686173373805195,15.687742233276367,4500,0.0,0.0
2022-11-10 00:00:00-05:00,15.807711589706136,16.148016506524854,15.79202897708792,15.897884368896484,7100,0.0,0.0
2022-11-11 00:00:00-05:00,15.768503336990628,16.03510171480966,15.768503336990628,16.00373649597168,3400,0.0,0.0
2022-11-14 00:00:00-05:00,15.928529770209698,16.093197095724147,15.722693725813018,15.932487487792969,4100,0.195,0.0
2022-11-15 00:00:00-05:00,15.6751904373292,15.754358370851618,15.477271358524524,15.643524169921875,14900,0.0,0.0
2022-11-16 00:00:00-05:00,15.774152949503714,15.833529288336184,15.516859004570064,15.74565315246582,2700,0.0,0.0
2022-11-17 00:00:00-05:00,15.659358935555291,15.825610246260023,15.659358935555291,15.714776039123535,3400,0.0,0.0
2022-11-18 00:00:00-05:00,15.8176957576941,15.825612703719338,15.691027641296387,15.691027641296387,2100,0.0,0.0
2022-11-21 00:00:00-05:00,15.714774901791836,16.399574722043372,15.714774901791836,15.912693977355957,7900,0.0,0.0
2022-11-22 00:00:00-05:00,15.873112705601324,16.120115983021613,15.793946266174318,15.793946266174316,10700,0.0,0.0
2022-11-23 00:00:00-05:00,15.754358299732568,15.801067214199637,15.577814820476371,15.69498348236084,6100,0.0,0.0
2022-11-25 00:00:00-05:00,15.746444729922816,15.746444729922816,15.53269322757323,15.667278289794922,4400,0.0,0.0
2022-11-28 00:00:00-05:00,15.714778455872269,15.793946406003215,15.5825686284549,15.667278289794922,7100,0.0,0.0
2022-11-29 00:00:00-05:00,15.667273611254855,15.793941689637697,15.445603719083579,15.712398529052734,9400,0.0,0.0
2022-11-30 00:00:00-05:00,15.63560677017728,15.754357912000872,15.445604641258992,15.596023559570312,8900,0.0,0.0
2022-12-01 00:00:00-05:00,15.556441717403125,15.833528772929995,15.51685849947199,15.619775772094727,16000,0.0,0.0
2022-12-02 00:00:00-05:00,15.596024879469816,15.815318059195182,15.382271900095711,15.754359245300293,12900,0.0,0.0
2022-12-05 00:00:00-05:00,15.754359625176857,15.833527565002441,15.247687226297694,15.833527565002441,19500,0.0,0.0
2022-12-06 00:00:00-05:00,15.881027349828267,15.881027349828267,15.458271859746487,15.714776039123535,7400,0.0,0.0
2022-12-07 00:00:00-05:00,15.754359396410536,15.817693445350768,15.754359396410536,15.76148509979248,9800,0.0,0.0
2022-12-08 00:00:00-05:00,15.789987038201142,15.833529485887821,15.762278482401083,15.793946266174316,8000,0.0,0.0
2022-12-09 00:00:00-05:00,15.635610843439686,15.793946747121321,15.635610843439686,15.748820304870605,3000,0.0,0.0
2022-12-12 00:00:00-05:00,15.66173292793767,16.1422792079141,15.66173292793767,16.03936195373535,13800,0.0,0.0
2022-12-13 00:00:00-05:00,16.229362422495477,16.538908414767487,15.952275444988947,16.34019660949707,13200,0.0,0.0
2022-12-14 00:00:00-05:00,16.42411388941828,16.42411388941828,15.664849170278929,16.064462661743164,2800,0.195,0.0
2022-12-15 00:00:00-05:00,15.82470099413066,16.06846558092374,15.688832283020021,15.68883228302002,5200,0.0,0.0
2022-12-16 00:00:00-05:00,15.672841407968596,15.91101131390822,15.584925953243431,15.744771957397461,8000,0.0,0.0
2022-12-19 00:00:00-05:00,15.664850260710844,15.664850260710844,15.201298639320632,15.347556114196777,8400,0.0,0.0
2022-12-20 00:00:00-05:00,15.201303308116225,15.584932038593621,14.95354175249514,15.576939582824707,6300,0.0,0.0
2022-12-21 00:00:00-05:00,15.401110760352273,15.425086604236615,14.945551433688221,15.097403526306152,10600,0.0,0.0
2022-12-22 00:00:00-05:00,15.061438603772263,15.544972300781197,15.025473312662594,15.206098556518555,12100,0.0,0.0
2022-12-23 00:00:00-05:00,15.10539465040781,15.10539465040781,14.410067799783535,14.833657264709473,19100,0.0,0.0
2022-12-27 00:00:00-05:00,14.809681263393031,14.809681263393031,14.106360440548997,14.386090278625488,37900,0.0,0.0
2022-12-28 00:00:00-05:00,14.218250694506917,14.945547226075695,14.114350318908691,14.114350318908691,10700,0.0,0.0
2022-12-29 00:00:00-05:00,14.233438486447431,14.2502221859729,14.042422912511107,14.186284065246582,13400,0.0,0.0
2022-12-30 00:00:00-05:00,14.178291008805548,14.18628346410829,13.794662300703758,14.10636043548584,29200,0.0,0.0
2023-01-03 00:00:00-05:00,14.242229269513322,14.25022172489614,13.906553765459927,14.071195602416992,12500,0.0,0.0
2023-01-04 00:00:00-05:00,14.224644095864818,14.250219033616789,14.026434898376465,14.026434898376465,13100,0.0,0.0
2023-01-05 00:00:00-05:00,14.026435642599134,14.577902793884277,13.974486976272948,14.577902793884277,18700,0.0,0.0
2023-01-06 00:00:00-05:00,14.737749501459364,15.02547024723203,14.585895911709576,15.001494407653809,11700,0.0,0.0
2023-01-09 00:00:00-05:00,14.921568043784019,15.497010930864576,14.921568043784019,15.113382339477539,17500,0.0,0.0
2023-01-10 00:00:00-05:00,15.225278500586834,15.305201530456541,14.850441030146955,15.305201530456543,10400,0.0,0.0
2023-01-11 00:00:00-05:00,15.38512456032625,16.0005299085965,15.18531774785448,15.305201530456543,9000,0.0,0.0
2023-01-12 00:00:00-05:00,15.656439038002182,15.680663067726202,15.333459675450644,15.478800773620605,5800,0.195,0.0
2023-01-13 00:00:00-05:00,15.664514586422511,16.368610097999092,15.583769356268789,15.967308044433594,17800,0.0,0.0
2023-01-17 00:00:00-05:00,15.971348307853127,16.108614755608375,15.379488108909065,15.991534233093262,29000,0.0,0.0
2023-01-18 00:00:00-05:00,15.971348223747428,16.06824128042479,15.817932420573015,15.882528305053711,4200,0.0,0.0
2023-01-19 00:00:00-05:00,15.591848734954397,15.71296584666379,15.34153983207663,15.664519309997559,14800,0.0,0.0
2023-01-20 00:00:00-05:00,15.44650484013405,15.656441848500249,15.040359162121355,15.470728874206543,36900,0.0,0.0
2023-01-23 00:00:00-05:00,15.341538429260254,15.46992320276963,15.341538429260254,15.341538429260254,7200,0.0,0.0
2023-01-24 00:00:00-05:00,15.26886548197751,15.41824316481755,14.937811406447016,15.218803405761719,14300,0.0,0.0
2023-01-25 00:00:00-05:00,15.220414161682129,15.420660863364855,15.042774393649609,15.220414161682129,6800,0.0,0.0
2023-01-26 00:00:00-05:00,15.220416923412596,15.72345709542318,15.220416923412596,15.507061004638672,10900,0.0,0.0
2023-01-27 00:00:00-05:00,15.55147019562269,15.745257799108979,15.55147019562269,15.624140739440918,2700,0.0,0.0
2023-01-30 00:00:00-05:00,15.664519750247564,15.745265007019043,15.664519750247564,15.745265007019043,4100,0.0,0.0
2023-01-31 00:00:00-05:00,15.874452885625857,15.947123444783752,15.664515885846075,15.939048767089844,11100,0.0,0.0
2023-02-01 00:00:00-05:00,15.939049802982481,16.14898681640625,15.805821462592576,16.14898681640625,11300,0.0,0.0
2023-02-02 00:00:00-05:00,16.09246560896281,16.27817858773051,15.745262145996094,16.14898681640625,21600,0.0,0.0
2023-02-03 00:00:00-05:00,16.07631378650072,16.25395205980092,15.98830242556606,16.221654891967773,30300,0.0,0.0
2023-02-06 00:00:00-05:00,16.350845295042763,16.42997496679977,15.987492561340332,15.987492561340332,15600,0.0,0.0
2023-02-07 00:00:00-05:00,15.886561417543772,16.019791266597007,15.76140778489174,15.987492561340332,8900,0.0,0.0
2023-02-08 00:00:00-05:00,15.947124481201172,16.31047730060527,15.947124481201172,16.14898681640625,24800,0.0,0.0
2023-02-09 00:00:00-05:00,16.17320907242623,16.31047550687341,16.10861319386798,16.197431564331055,18300,0.0,0.0
2023-02-10 00:00:00-05:00,16.34277456729165,16.35084924555673,16.18935876042985,16.21438980102539,3900,0.0,0.0
2023-02-13 00:00:00-05:00,16.14898520598463,16.213581085205078,15.94712289090982,16.213581085205078,46700,0.0,0.0
2023-02-14 00:00:00-05:00,16.152425464121276,16.152425464121276,15.58166929831019,15.803448677062988,10200,0.195,0.0
2023-02-15 00:00:00-05:00,15.801819318851422,16.11981365817737,15.801819318851422,15.924125671386719,5800,0.0,0.0
2023-02-16 00:00:00-05:00,15.989354954775456,16.225810688277807,15.98120109428367,16.021968841552734,6700,0.0,0.0
2023-02-17 00:00:00-05:00,16.429650619002505,16.429650619002505,15.914338515459457,16.079042434692383,9400,0.0,0.0
2023-02-21 00:00:00-05:00,15.989357044183519,16.144275748201856,15.777361309264132,16.10350799560547,9600,0.0,0.0
2023-02-22 00:00:00-05:00,15.86705143429777,16.262505185179723,15.86705143429777,15.887436866760254,6000,0.0,0.0
2023-02-23 00:00:00-05:00,15.899666072966733,16.143460778570937,15.53275007997609,15.989356994628906,11900,0.0,0.0
2023-02-24 00:00:00-05:00,15.997506849088966,15.997506849088966,15.671358690262288,15.858894348144531,3200,0.0,0.0
2023-02-27 00:00:00-05:00,15.858900532008231,15.98935922433281,15.858900532008231,15.861345291137695,3100,0.0,0.0
2023-02-28 00:00:00-05:00,15.989355824179553,15.994246896588676,15.734146042150346,15.880910873413086,5100,0.0,0.0
2023-03-01 00:00:00-05:00,15.899668127108635,16.193200959423834,15.880099167941603,16.17689323425293,9700,0.0,0.0
2023-03-02 00:00:00-05:00,16.185045139538335,16.18993776753598,16.062740325927734,16.062740325927734,1500,0.0,0.0
2023-03-03 00:00:00-05:00,16.193196107293012,16.193196107293012,16.06273745539696,16.064367294311523,10000,0.0,0.0
2023-03-06 00:00:00-05:00,16.054582856339422,16.299192428588867,16.054582856339422,16.299192428588867,5600,0.0,0.0
2023-03-07 00:00:00-05:00,16.35626720264464,16.35626720264464,16.242116281096276,16.264131546020508,4400,0.0,0.0
2023-03-08 00:00:00-05:00,16.233964841716947,16.462268274037193,16.233964841716947,16.27473258972168,6000,0.0,0.0
2023-03-09 00:00:00-05:00,16.30734808712601,16.38888513859962,16.2258110356524,16.282886505126953,6100,0.0,0.0
2023-03-10 00:00:00-05:00,16.30734981842742,16.411717068771203,15.983649447075498,15.989356994628906,11300,0.0,0.0
2023-03-13 00:00:00-04:00,15.997509873525752,16.307348816760616,15.695823236132092,15.932280540466309,10400,0.0,0.0
2023-03-14 00:00:00-04:00,16.13817511832365,16.14229393005371,15.854038372739707,16.14229393005371,3900,0.195,0.0
2023-03-15 00:00:00-04:00,15.903455856868842,16.10111644056633,15.689323165146561,15.895219802856445,4700,0.0,0.0
2023-03-16 00:00:00-04:00,15.895217167847665,15.914160246022584,15.689320564270021,15.68932056427002,8400,0.0,0.0
2023-03-17 00:00:00-04:00,15.656376959426971,15.792267892560822,15.483423006232778,15.648140907287598,3900,0.0,0.0
2023-03-20 00:00:00-04:00,15.689321748217765,15.886983884930736,15.574020144190646,15.779916763305664,8400,0.0,0.0
2023-03-21 00:00:00-04:00,15.837564307042971,15.936395355066857,15.611078386784909,15.656375885009766,8500,0.0,0.0
2023-03-22 00:00:00-04:00,15.792269092998879,16.018756616882126,15.574019192747507,15.738737106323242,2200,0.0,0.0
2023-03-23 00:00:00-04:00,15.747797241812002,15.91169046037823,15.747797241812002,15.886983871459961,4400,0.0,0.0
2023-03-24 00:00:00-04:00,15.73050284895242,16.0549951964407,15.56578491657667,15.82933235168457,3700,0.0,0.0
2023-03-27 00:00:00-04:00,15.689319583569459,15.689319583569459,15.565781943318187,15.606962203979492,5800,0.0,0.0
2023-03-28 00:00:00-04:00,15.48342670201428,15.48342670201428,15.03045472229189,15.226469039916992,5100,0.0,0.0
2023-03-29 00:00:00-04:00,15.153991089215502,15.524605637753703,15.153991089215502,15.195171356201172,4500,0.0,0.0
2023-03-30 00:00:00-04:00,15.16222537745273,15.384594080687872,15.092221288026694,15.223170280456543,4300,0.0,0.0
2023-03-31 00:00:00-04:00,15.112810148193503,15.287410370024025,14.989272507320283,15.1539888381958,11300,0.0,0.0
2023-04-03 00:00:00-04:00,15.030452844465803,15.318708418669955,14.99750863216064,15.075750350952148,15800,0.0,0.0
2023-04-04 00:00:00-04:00,15.12104774968519,15.153990390889097,14.997508525287683,15.07163143157959,7600,0.0,0.0
2023-04-05 00:00:00-04:00,15.046923395732684,15.096338138217611,14.997507082381414,15.063395500183105,4400,0.0,0.0
2023-04-06 00:00:00-04:00,15.203409575820565,15.203409575820565,15.05516529083252,15.05516529083252,2400,0.0,0.0
2023-04-10 00:00:00-04:00,15.096339813921595,15.218231201171873,15.096339813921595,15.218231201171875,1500,0.0,0.0
2023-04-11 00:00:00-04:00,15.05516529083252,15.178702980422699,15.05516529083252,15.05516529083252,10400,0.0,0.0
2023-04-12 00:00:00-04:00,15.195169085254012,15.195169085254012,15.00574302716315,15.059276580810547,8800,0.0,0.0
2023-04-13 00:00:00-04:00,15.117550576056892,15.317341804504395,15.117550576056892,15.317341804504395,5300,0.195,0.0
2023-04-14 00:00:00-04:00,15.187475603058674,15.296528839181342,15.187475603058674,15.239920616149902,10700,0.0,0.0
2023-04-17 00:00:00-04:00,14.901109413557304,15.217446710424726,14.901109413557304,15.141691207885742,12900,0.0,0.0
2023-04-18 00:00:00-04:00,15.100901811103014,15.150850812044878,14.962714021002837,15.067604064941406,4200,0.0,0.0
2023-04-19 00:00:00-04:00,15.120881093919833,15.242420804839025,14.984357317837937,15.067604064941406,2200,0.0,0.0
2023-04-20 00:00:00-04:00,15.155011092067026,15.234094621518258,14.817862510681154,14.817862510681152,6700,0.0,0.0
2023-04-21 00:00:00-04:00,15.234095126797724,15.234095126797724,14.826187835183966,15.125875473022461,5200,0.0,0.0
2023-04-24 00:00:00-04:00,15.194137582711846,15.21744647920059,14.984355926513672,14.984355926513672,4600,0.0,0.0
2023-04-25 00:00:00-04:00,15.24242047802821,15.24242047802821,15.014325126243094,15.04262924194336,3000,0.0,0.0
2023-04-26 00:00:00-04:00,15.179152734771476,15.242420196533203,15.042628964138071,15.242420196533203,5200,0.0,0.0
2023-04-27 00:00:00-04:00,15.200795971958593,15.4005871827119,15.125874069451179,15.318172454833984,5200,0.0,0.0
2023-04-28 00:00:00-04:00,15.400590040678713,15.400590040678713,15.15085137784164,15.333992958068848,7000,0.0,0.0
2023-05-01 00:00:00-04:00,15.383939298898913,15.383939298898913,15.213284187389574,15.27571964263916,5600,0.0,0.0
2023-05-02 00:00:00-04:00,15.378109810067068,15.378109810067068,15.15500971114237,15.266560554504395,5200,0.0,0.0
2023-05-03 00:00:00-04:00,15.400586128234862,15.442208698867132,15.255737550051471,15.400586128234863,4400,0.0,0.0
2023-05-04 00:00:00-04:00,15.483834710659403,15.483834710659403,15.150849342346193,15.150849342346191,8000,0.0,0.0
2023-05-05 00:00:00-04:00,15.338152372648729,15.48383456149446,15.338152372648729,15.3964262008667,2600,0.0,0.0
2023-05-08 00:00:00-04:00,15.508805803111812,15.554591583600702,15.371450049444435,15.500482559204102,7000,0.0,0.0
2023-05-09 00:00:00-04:00,15.400587536095525,15.608703583880601,15.400587536095525,15.508807182312012,3800,0.0,0.0
2023-05-10 00:00:00-04:00,15.592052162979911,15.642001152038576,15.508805435681396,15.642001152038574,3200,0.0,0.0
2023-05-11 00:00:00-04:00,15.550432231246111,15.741898625054073,15.550432231246111,15.66281509399414,5000,0.0,0.0
2023-05-12 00:00:00-04:00,15.612344498112224,15.898346635200289,15.561874004634348,15.730111122131348,2800,0.195,0.0
2023-05-15 00:00:00-04:00,15.48616698127418,15.624120514857802,15.124458312988281,15.124458312988281,5800,0.0,0.0
2023-05-16 00:00:00-04:00,15.225397300190902,15.225397300190902,13.627151529326142,14.586098670959473,39400,0.0,0.0
2023-05-17 00:00:00-04:00,14.577686834190638,14.947807435495113,14.518804339434219,14.720687866210938,11600,0.0,0.0
2023-05-18 00:00:00-04:00,15.057161509962818,15.057161509962818,14.485157340127175,14.930984497070312,12700,0.0,0.0
2023-05-19 00:00:00-04:00,15.309516022630435,15.309516022630435,14.49356829692676,14.720687866210938,11900,0.0,0.0
2023-05-22 00:00:00-04:00,14.7122801519631,14.7122801519631,14.594515128031372,14.678633689880371,8700,0.0,0.0
2023-05-23 00:00:00-04:00,14.636572566332214,14.678632646481022,14.468337059020996,14.468337059020996,4600,0.0,0.0
2023-05-24 00:00:00-04:00,14.476746137986556,14.594512747134377,13.88791950995888,13.913155555725098,21400,0.0,0.0
2023-05-25 00:00:00-04:00,13.879507855795481,14.081391413893884,13.8206253519036,13.9678316116333,12300,0.0,0.0
2023-05-26 00:00:00-04:00,13.854270368856517,14.030919466592731,13.795387871087021,13.963624954223633,8200,0.0,0.0
2023-05-30 00:00:00-04:00,13.77856410978925,13.879506682519427,13.593504598282987,13.68603515625,28500,0.0,0.0
2023-05-31 00:00:00-04:00,13.702858841870615,13.702858841870615,13.50097370147705,13.50097370147705,15200,0.0,0.0
2023-06-01 00:00:00-04:00,13.543034866083113,13.627153413957489,13.164502202862352,13.450504302978516,19200,0.0,0.0
2023-06-02 00:00:00-04:00,13.450504731890412,13.593505786508535,13.379004204581351,13.484152793884277,14300,0.0,0.0
2023-06-05 00:00:00-04:00,13.484153870862421,13.517800331115723,13.45891782235142,13.517800331115723,2100,0.0,0.0
2023-06-06 00:00:00-04:00,13.517798755915427,14.188221766272948,13.517798755915427,14.148685455322266,23000,0.0,0.0
2023-06-07 00:00:00-04:00,13.997271823538355,14.554975733061871,13.963625368569273,14.342156410217285,11800,0.0,0.0
2023-06-08 00:00:00-04:00,14.695454020519485,14.987344377670263,14.638254561817236,14.804808616638184,13000,0.0,0.0
2023-06-09 00:00:00-04:00,15.107630269135749,15.645987922792777,14.594510261374278,14.72909927368164,30800,0.0,0.0
2023-06-12 00:00:00-04:00,15.528222083279383,15.528222083279383,14.594510965878536,15.112678527832031,20100,0.0,0.0
2023-06-13 00:00:00-04:00,15.132868038583876,15.141280053367078,13.837448246098242,14.930984497070312,10600,0.0,0.0
2023-06-14 00:00:00-04:00,14.646057431617455,14.884205300434273,14.288836439517047,14.799152374267578,11100,0.195,0.0
2023-06-15 00:00:00-04:00,14.714100247889498,15.50423968755433,14.552501463863635,14.9862699508667,6300,0.0,0.0
2023-06-16 00:00:00-04:00,15.02028830141546,15.02028830141546,14.790645903218113,14.892709732055664,3000,0.0,0.0
2023-06-20 00:00:00-04:00,14.87570073370019,15.309469223022461,14.629049017565801,15.309469223022461,6200,0.0,0.0
2023-06-21 00:00:00-04:00,15.054310547643254,15.054310547643254,14.458941710657529,14.75662612915039,6800,0.0,0.0
2023-06-22 00:00:00-04:00,14.535490409224286,15.241426969959738,14.458942934496973,14.646058082580566,9800,0.0,0.0
2023-06-23 00:00:00-04:00,14.467451391686978,14.986272911993375,14.467451391686978,14.841683387756348,9200,0.0,0.0
2023-06-26 00:00:00-04:00,14.458945217307734,15.564628614437165,14.458945217307734,15.411535263061523,49300,0.0,0.0
2023-06-27 00:00:00-04:00,15.411530358034025,15.47106691277307,15.316270248202105,15.437045097351074,4000,0.0,0.0
2023-06-28 00:00:00-04:00,15.390269493196218,15.649680218274172,15.351995753065866,15.454059600830078,13900,0.0,0.0
2023-06-29 00:00:00-04:00,15.675198155933645,15.926103450309819,15.394524574279785,15.394524574279785,10300,0.0,0.0
2023-06-30 00:00:00-04:00,15.59014137318549,15.59014137318549,14.416416217660299,14.884204864501953,51400,0.0,0.0
2023-07-03 00:00:00-04:00,14.722604902942518,15.207404473168149,14.722604902942518,14.799152374267578,7000,0.0,0.0
2023-07-05 00:00:00-04:00,14.816165628652755,15.283954363224067,14.816165628652755,14.84593391418457,7000,0.0,0.0
2023-07-06 00:00:00-04:00,15.181042232565025,15.181042232565025,14.765134667483842,14.7906494140625,6400,0.0,0.0
2023-07-07 00:00:00-04:00,14.688583478412816,15.309467029722805,14.688583478412816,15.053458213806152,18800,0.0,0.0
2023-07-10 00:00:00-04:00,15.135112866145054,15.377512688506545,14.977765983020022,15.080679893493652,3500,0.0,0.0
2023-07-11 00:00:00-04:00,15.30096346355128,15.30096346355128,15.011784476417484,15.054311752319336,10400,0.0,0.0
2023-07-12 00:00:00-04:00,15.139363501560105,15.139363501560105,14.552501677230632,14.918228149414062,23900,0.0,0.0
2023-07-13 00:00:00-04:00,14.913926228116617,15.066161845293818,14.767711200763015,14.827917098999023,9900,0.195,0.0
2023-07-14 00:00:00-04:00,14.47528146072931,14.802114189895848,14.372070175446984,14.66450023651123,54400,0.0,0.0
2023-07-17 00:00:00-04:00,14.819315798510482,15.02573672098653,14.707505080685497,14.810714721679688,2800,0.0,0.0
2023-07-18 00:00:00-04:00,14.948330010639983,14.948330010639983,14.4494789931281,14.53548812866211,19800,0.0,0.0
2023-07-19 00:00:00-04:00,14.58537535185812,14.625798616567371,14.44948060724609,14.492486000061035,20400,0.0,0.0
2023-07-20 00:00:00-04:00,14.458079852054084,14.612895965576172,14.406475027709318,14.612895965576172,16100,0.0,0.0
2023-07-21 00:00:00-04:00,14.612898717712545,15.08422735282956,14.612898717712545,15.008540153503418,4900,0.0,0.0
2023-07-24 00:00:00-04:00,14.879524676065268,15.008539213879887,14.853723080892738,14.866623878479004,6400,0.0,0.0
2023-07-25 00:00:00-04:00,14.819318827839265,15.008539275821372,14.423679055673045,14.707508087158203,16700,0.0,0.0
2023-07-26 00:00:00-04:00,14.724707995516004,14.724707995516004,14.458079521441492,14.587092399597168,11300,0.0,0.0
2023-07-27 00:00:00-04:00,14.621496200561523,14.707505329838835,14.612895123585023,14.621496200561523,5400,0.0,0.0
2023-07-28 00:00:00-04:00,14.673104841739224,14.793518310269425,14.595696769286995,14.668805122375488,3400,0.0,0.0
2023-07-31 00:00:00-04:00,14.475283279865412,14.767713377679899,14.475283279865412,14.638700485229492,10100,0.0,0.0
2023-08-01 00:00:00-04:00,14.694603186283633,14.698044929532815,14.578492746011637,14.66450023651123,8100,0.0,0.0
2023-08-02 00:00:00-04:00,14.509686978737665,14.604295554270621,13.942027323100618,14.569892883300781,40500,0.0,0.0
2023-08-03 00:00:00-04:00,14.535489678615825,14.793517112731934,14.338529409840605,14.793517112731934,11200,0.0,0.0
2023-08-04 00:00:00-04:00,14.78491565067457,14.945752369789082,14.703206227104513,14.879524230957031,13400,0.0,0.0
2023-08-07 00:00:00-04:00,14.879525560350965,15.136693395066661,14.836521805515721,15.025740623474121,25700,0.0,0.0
2023-08-08 00:00:00-04:00,14.89672672741534,15.018859417227294,14.363472984787574,14.578495025634766,17200,0.0,0.0
2023-08-09 00:00:00-04:00,14.754811506298227,14.784914457661959,14.4494789931281,14.53548812866211,4100,0.0,0.0
2023-08-10 00:00:00-04:00,14.535486658356216,14.68772227149137,14.458078608254432,14.47528076171875,11500,0.0,0.0
2023-08-11 00:00:00-04:00,14.518287658691406,14.612897882809634,14.518287658691406,14.518287658691406,4500,0.0,0.0
2023-08-14 00:00:00-04:00,14.592249747340688,14.959447976742219,14.531340206420564,14.727120399475098,4400,0.195,0.0
2023-08-15 00:00:00-04:00,14.940305173294739,14.940305173294739,13.965747557794426,13.974449157714844,30400,0.0,0.0
2023-08-16 00:00:00-04:00,13.930942810853594,13.939644410769688,10.998570855379512,11.529356002807617,119800,0.0,0.0
2023-08-17 00:00:00-04:00,11.74689044510956,11.74689044510956,5.5688962939979225,6.9437174797058105,343200,0.0,0.0
2023-08-18 00:00:00-04:00,6.987224640548502,8.493437079132999,6.987224640548502,7.570218563079834,98600,0.0,0.0
2023-08-21 00:00:00-04:00,7.613725566387915,11.659876535450543,7.613725566387915,10.389472007751465,144600,0.0,0.0
2023-08-22 00:00:00-04:00,10.650514463129602,11.18130044716183,10.158885679219521,10.519993782043457,39200,0.0,0.0
2023-08-23 00:00:00-04:00,10.502590398337855,11.224806591356847,10.502590398337855,11.073402404785156,38600,0.0,0.0
2023-08-24 00:00:00-04:00,11.094285875364955,11.530226401609667,10.575682640075684,10.575682640075684,16000,0.0,0.0
2023-08-25 00:00:00-04:00,11.348365098576163,11.348365098576163,9.832581626962044,10.537394523620605,28600,0.0,0.0
2023-08-28 00:00:00-04:00,10.476487068679592,10.476487068679592,9.571541372142926,9.771673202514648,22500,0.0,0.0
2023-08-29 00:00:00-04:00,9.789075990777146,9.96310384242491,9.354005946742605,9.675957679748535,33800,0.0,0.0
2023-08-30 00:00:00-04:00,9.62375014475267,9.823881975124392,9.39751351316093,9.771673202514648,11300,0.0,0.0
2023-08-31 00:00:00-04:00,9.745568681690202,9.98920767052914,9.136470794677734,9.571540832519531,32800,0.0,0.0
2023-09-01 00:00:00-04:00,9.702060976616833,10.432978732634606,9.049455955862422,9.858686447143555,32700,0.0,0.0
2023-09-05 00:00:00-04:00,10.006611004004803,10.61570889915209,10.006611004004803,10.5722017288208,35000,0.0,0.0
2023-09-06 00:00:00-04:00,10.238068210736012,11.050779075300115,10.238068210736012,10.868049621582031,12600,0.0,0.0
2023-09-07 00:00:00-04:00,11.277016134807832,11.277016134807832,10.519994320158709,10.720126152038574,7100,0.0,0.0
2023-09-08 00:00:00-04:00,10.772335918712812,10.955065396333973,10.30246023766274,10.450384140014648,13500,0.0,0.0
2023-09-11 00:00:00-04:00,10.746230820791048,10.998571422558896,10.61570930480957,10.61570930480957,11600,0.0,0.0
2023-09-12 00:00:00-04:00,10.963765850929892,11.485849425364949,10.441681446664552,10.61570930480957,33200,0.0,0.0
2023-09-13 00:00:00-04:00,10.42427673602899,11.056868717842782,10.180637769915887,10.22414493560791,22100,0.0,0.0
2023-09-14 00:00:00-04:00,10.626740913356224,11.060304653243128,10.263963055743334,10.432079315185547,9600,0.195,0.0
2023-09-15 00:00:00-04:00,10.472781923189915,10.61789273232592,10.31616796488406,10.485169410705566,11600,0.0,0.0
2023-09-18 00:00:00-04:00,10.617893259922297,11.007215641499004,10.485169931707006,10.7948579788208,8500,0.0,0.0
2023-09-19 00:00:00-04:00,10.724070565276058,11.086848398354977,10.697526072177027,10.93200397491455,9400,0.0,0.0
2023-09-20 00:00:00-04:00,10.980670961938925,11.237270011031338,10.892189025878906,10.892189025878906,14200,0.0,0.0
2023-09-21 00:00:00-04:00,10.901035996209458,11.127551494553725,10.432079315185547,10.432079315185547,12000,0.0,0.0
2023-09-22 00:00:00-04:00,10.299355512841638,11.06030413344213,10.086997032165527,10.086997032165527,9800,0.0,0.0
2023-09-25 00:00:00-04:00,10.361291711350088,10.396684646606445,10.086995830237704,10.396684646606445,2100,0.0,0.0
2023-09-26 00:00:00-04:00,10.529410514805377,10.617893296476419,10.140088131888355,10.28254508972168,5400,0.0,0.0
2023-09-27 00:00:00-04:00,10.378988678422571,11.042606906265473,10.263962261503908,10.847946166992188,20700,0.0,0.0
2023-09-28 00:00:00-04:00,10.847947793563266,10.847947793563266,9.750765694868717,10.486939430236816,17900,0.0,0.0
2023-09-29 00:00:00-04:00,10.529409426660761,10.794856900407304,9.82155062178232,10.378989219665527,9700,0.0,0.0
2023-10-02 00:00:00-04:00,10.45862424073719,10.45862424073719,9.786158331443758,10.310858726501465,6900,0.0,0.0
2023-10-03 00:00:00-04:00,10.317052439144225,10.440928159766951,9.299504709758448,9.733068466186523,30900,0.0,0.0
2023-10-04 00:00:00-04:00,10.147165788721539,10.352444500134986,9.69767469795543,10.086997032165527,9100,0.0,0.0
2023-10-05 00:00:00-04:00,10.01090234973629,10.272809926735665,9.821550170326747,9.945425033569336,17900,0.0,0.0
2023-10-06 00:00:00-04:00,9.715372016584666,10.290508413054344,8.96327174343342,10.016212463378906,16100,0.0,0.0
2023-10-09 00:00:00-04:00,10.175480125132541,10.352444828107123,10.01798099099289,10.317051887512207,4000,0.0,0.0
2023-10-10 00:00:00-04:00,10.33474999231539,10.44092882655823,10.11973762091919,10.308204650878906,9800,0.0,0.0
2023-10-11 00:00:00-04:00,10.352446582946166,10.573652710119521,10.228571691783108,10.529411315917969,8800,0.0,0.0
2023-10-12 00:00:00-04:00,10.578886823951724,10.794782263324073,10.250545736003081,10.704825401306152,9200,0.195,0.0
2023-10-13 00:00:00-04:00,10.794782206539221,10.884739068083933,10.344999614600088,10.695830345153809,7100,0.0,0.0
2023-10-16 00:00:00-04:00,10.566292966216281,10.704825401306152,10.237951020375423,10.704825401306152,12000,0.0,0.0
2023-10-17 00:00:00-04:00,10.434956606797163,10.605873616401452,10.30002131279062,10.443951606750488,12100,0.0,0.0
2023-10-18 00:00:00-04:00,10.637359050502665,10.749804708241365,10.12910505499634,10.515018463134766,7300,0.0,0.0
2023-10-19 00:00:00-04:00,10.344998522673341,10.6274620772701,9.031633458522608,10.124605178833008,24000,0.0,0.0
2023-10-20 00:00:00-04:00,10.34499848501781,10.34499848501781,10.086823573097533,10.156089782714844,5600,0.0,0.0
2023-10-23 00:00:00-04:00,9.94019472199143,10.336002996300035,9.805259439603475,10.048142433166504,7500,0.0,0.0
2023-10-24 00:00:00-04:00,9.985174031772962,9.985174031772962,9.4454345703125,9.4454345703125,8500,0.0,0.0
2023-10-25 00:00:00-04:00,9.391459964934661,9.463425967547261,7.196521335177952,8.096086502075195,39900,0.0,0.0
2023-10-26 00:00:00-04:00,8.096086943513393,8.802245500768192,6.782721693916643,8.25800895690918,36400,0.0,0.0
2023-10-27 00:00:00-04:00,8.249011826359604,8.85172049670067,8.249011826359604,8.334470748901367,4500,0.0,0.0
2023-10-30 00:00:00-04:00,8.36595660941429,8.36595660941429,8.096086875325009,8.186043739318848,7000,0.0,0.0
2023-10-31 00:00:00-04:00,8.284995793529902,9.301504605262213,8.18604392717963,8.536873817443848,11100,0.0,0.0
2023-11-01 00:00:00-04:00,8.815738588551348,9.283512017633734,8.365956016256812,8.545868873596191,11800,0.0,0.0
2023-11-02 00:00:00-04:00,9.62534565517081,9.877223623511478,8.815737470844056,9.130584716796875,12000,0.0,0.0
2023-11-03 00:00:00-04:00,9.4067522113174,9.4067522113174,9.13058557680451,9.288009643554688,6900,0.0,0.0
2023-11-06 00:00:00-05:00,9.44543450395358,9.57137393951416,9.265521637361479,9.57137393951416,8500,0.0,0.0
2023-11-07 00:00:00-05:00,9.670325461668288,10.884738769778856,9.571373602994731,10.87574291229248,49600,0.0,0.0
2023-11-08 00:00:00-05:00,10.875743407599497,11.163603997135834,10.749803970731236,11.061053276062012,19200,0.0,0.0
2023-11-09 00:00:00-05:00,10.867645118063825,10.911723611131046,10.668840648047757,10.749801635742188,13800,0.0,0.0
2023-11-10 00:00:00-05:00,10.668842756703825,11.082642775011985,9.589364709171472,10.63286018371582,35400,0.0,0.0
2023-11-13 00:00:00-05:00,11.235567623847562,11.235567623847562,9.716202089685549,10.649051666259766,17200,0.0,0.0
2023-11-14 00:00:00-05:00,10.975574747721353,11.062464958707036,10.060943518744574,10.28960132598877,7800,0.195,0.0
2023-11-15 00:00:00-05:00,10.289601757045334,10.289601757045334,9.548750046743516,10.07923698425293,15400,0.0,0.0
2023-11-16 00:00:00-05:00,10.079238293333209,10.28960309344756,9.749970436096191,9.749970436096191,21200,0.0,0.0
2023-11-17 00:00:00-05:00,10.060943902846775,10.966428644760501,9.786554349226158,9.960334777832031,24000,0.0,0.0
2023-11-20 00:00:00-05:00,10.289602388035167,10.792649790346745,10.024359339145121,10.060944557189941,19300,0.0,0.0
2023-11-21 00:00:00-05:00,10.051797638098291,10.518259803964419,9.972224813796243,9.97862720489502,12200,0.0,0.0
2023-11-22 00:00:00-05:00,10.561247384119019,10.561247384119019,9.996920223252086,10.0335054397583,7500,0.0,0.0
2023-11-24 00:00:00-05:00,10.335333487438096,10.484418481592911,10.257589794883629,10.31704044342041,2400,0.0,0.0
2023-11-27 00:00:00-05:00,10.271309200162452,10.518260072728902,10.033505722305609,10.285943984985352,10700,0.0,0.0
2023-11-28 00:00:00-05:00,10.289601924519518,10.975575386154153,10.152407581096737,10.911551475524902,33100,0.0,0.0
2023-11-29 00:00:00-05:00,10.682892820955086,11.11276886199111,10.289601121199285,10.62801456451416,14500,0.0,0.0
2023-11-30 00:00:00-05:00,10.957282736371896,10.97557578135915,10.527406646296146,10.906978607177734,24400,0.0,0.0
2023-12-01 00:00:00-05:00,11.131062831433256,11.388988477524418,10.884111965283518,11.38715934753418,11800,0.0,0.0
2023-12-04 00:00:00-05:00,11.42374529246289,11.844475746154785,11.112770495526215,11.844475746154785,19500,0.0,0.0
2023-12-05 00:00:00-05:00,12.436242143514,13.124959763279243,11.749353653801329,12.41154670715332,12600,0.0,0.0
2023-12-06 00:00:00-05:00,12.164596840761149,12.777399900498905,12.012767705316364,12.301791191101074,10000,0.0,0.0
2023-12-07 00:00:00-05:00,12.713375772054915,12.745388602899993,12.164597470046045,12.63471794128418,21800,0.0,0.0
2023-12-08 00:00:00-05:00,12.804839429758847,13.262155123678806,12.12801241209982,13.060935974121094,11100,0.0,0.0
2023-12-11 00:00:00-05:00,13.07008080895302,13.948126862744042,13.07008080895302,13.774347305297852,15800,0.0,0.0
2023-12-12 00:00:00-05:00,13.838371881675913,13.97556622983393,12.027401426879806,12.347522735595703,30600,0.0,0.0
2023-12-13 00:00:00-05:00,12.374962050964097,12.717948810808803,12.027402029650208,12.329230308532715,10500,0.0,0.0
2023-12-14 00:00:00-05:00,12.584446326334522,12.584446326334522,11.0995555962729,11.842000961303711,15700,0.195,0.0
2023-12-15 00:00:00-05:00,11.916245025427962,12.064733916637943,11.136677461511947,11.832719802856445,24700,0.0,0.0
2023-12-18 00:00:00-05:00,11.387253631585535,12.064734448884662,10.839700157295201,11.020670890808105,33600,0.0,0.0
2023-12-19 00:00:00-05:00,10.858259518296522,11.22948260302043,10.858259518296522,10.875892639160156,14100,0.0,0.0
2023-12-20 00:00:00-05:00,11.777035294067606,11.777035294067606,10.997468663672581,11.407669067382812,9700,0.0,0.0
2023-12-21 00:00:00-05:00,11.405813749973193,11.405813749973193,11.067073357696664,11.22484302520752,7700,0.0,0.0
2023-12-22 00:00:00-05:00,11.136677024608005,11.767755672556135,11.136677024608005,11.313007354736328,12500,0.0,0.0
2023-12-26 00:00:00-05:00,11.415094471706885,11.693511582736535,10.876821803412573,11.150598526000977,42100,0.0,0.0
2023-12-27 00:00:00-05:00,11.00674819946289,11.238762291328104,10.821137102983423,11.00674819946289,36500,0.0,0.0
2023-12-28 00:00:00-05:00,10.95106600595952,11.415094219050486,10.95106600595952,11.0717134475708,50400,0.0,0.0
2023-12-29 00:00:00-05:00,10.988187913737763,11.415093892989857,10.988187913737763,11.016029357910156,34700,0.0,0.0
2024-01-02 00:00:00-05:00,11.099555415562603,11.693511874929857,10.951066521986695,11.424375534057617,14200,0.0,0.0
2024-01-03 00:00:00-05:00,11.424375048474365,11.971927598996373,11.424375048474365,11.7770357131958,15100,0.0,0.0
2024-01-04 00:00:00-05:00,11.962647126836337,11.962647126836337,11.693510810463712,11.78631591796875,8600,0.0,0.0
2024-01-05 00:00:00-05:00,11.82343917685487,11.879122954301403,11.229483604431152,11.229483604431152,34400,0.0,0.0
2024-01-08 00:00:00-05:00,11.229483151585216,11.897683143615723,11.229483151585216,11.897683143615723,24500,0.0,0.0
2024-01-09 00:00:00-05:00,11.879123736624187,11.897684406952969,11.32228946574193,11.637828826904297,16200,0.0,0.0
2024-01-10 00:00:00-05:00,11.888403994537429,12.036892890930176,11.554303092590114,12.036892890930176,19700,0.0,0.0
2024-01-11 00:00:00-05:00,12.248892784118652,12.248892784118652,11.834315269874633,12.248892784118652,19700,0.195,0.0
2024-01-12 00:00:00-05:00,12.248892137484809,12.522136618454997,11.749514478864818,12.46560287475586,17000,0.0,0.0
2024-01-16 00:00:00-05:00,12.484447037765149,12.889602965024764,12.371380455440603,12.691736221313477,12100,0.0,0.0
2024-01-17 00:00:00-05:00,12.559825152685542,12.814225644813524,12.135825231045589,12.60693645477295,11700,0.0,0.0
2024-01-18 00:00:00-05:00,12.889603597196372,12.889603597196372,12.427913906844218,12.710580825805664,3900,0.0,0.0
2024-01-19 00:00:00-05:00,12.720002828828408,12.720002828828408,12.248891612945874,12.55982494354248,9400,0.0,0.0
2024-01-22 00:00:00-05:00,12.625780560487286,12.710580725362941,12.13582535025613,12.586207389831543,4200,0.0,0.0
2024-01-23 00:00:00-05:00,12.559825772233353,12.710581227490799,12.40059047986802,12.625781059265137,5800,0.0,0.0
2024-01-24 00:00:00-05:00,12.57867102619737,12.625781433431397,11.935132511814748,12.248892784118652,28000,0.0,0.0
2024-01-25 00:00:00-05:00,12.343115395733548,12.484448414582474,12.154670172503756,12.248892784118652,11400,0.0,0.0
2024-01-26 00:00:00-05:00,12.20178145968363,12.20178145968363,11.966225829579415,12.013337135314941,15300,0.0,0.0
2024-01-29 00:00:00-05:00,11.966225119664152,12.484447654863734,11.966225119664152,12.296003341674805,14600,0.0,0.0
2024-01-30 00:00:00-05:00,12.211203176096443,12.484447654863734,12.111327645177642,12.296003341674805,9000,0.0,0.0
2024-01-31 00:00:00-05:00,12.409070303778856,12.630492266131071,12.03406597443877,12.56924819946289,8400,0.0,0.0
2024-02-01 00:00:00-05:00,12.569248383520527,12.701158959375439,12.267737468911122,12.380804061889648,16200,0.0,0.0
2024-02-02 00:00:00-05:00,12.390225802967578,12.422261742517199,12.086830575056831,12.248892784118652,7100,0.0,0.0
2024-02-05 00:00:00-05:00,12.616359032997423,12.720003179865474,12.413781060805606,12.597514152526855,16000,0.0,0.0
2024-02-06 00:00:00-05:00,12.522137078469456,12.522137078469456,12.24889258746133,12.380804061889648,9100,0.0,0.0
2024-02-07 00:00:00-05:00,12.277158668246114,12.578670473009776,12.277158668246114,12.343114852905273,10300,0.0,0.0
2024-02-08 00:00:00-05:00,12.569248621566254,12.95555971286915,12.564537401114581,12.720004081726074,17400,0.0,0.0
2024-02-09 00:00:00-05:00,12.82364751527684,13.285337209286944,12.82364751527684,13.002670288085938,9500,0.0,0.0
2024-02-12 00:00:00-05:00,13.078047531014077,14.315185331781315,13.078047531014077,14.161602973937988,49700,0.0,0.0
2024-02-13 00:00:00-05:00,14.161603390515051,14.416003887257492,13.756448341790469,14.255825996398926,22000,0.0,0.0
2024-02-14 00:00:00-05:00,14.317870236553686,15.224668502807617,14.031512649761476,15.224668502807617,18000,0.195,0.0
2024-02-15 00:00:00-05:00,14.814223887402472,15.224668892344079,14.484912608650431,14.957402229309082,9900,0.0,0.0
2024-02-16 00:00:00-05:00,14.451504001326045,15.081490145279949,14.376096099998337,14.556501388549805,14200,0.0,0.0
2024-02-20 00:00:00-05:00,14.546956931783203,14.556502397730503,13.93606167604789,13.945606231689453,7100,0.0,0.0
2024-02-21 00:00:00-05:00,13.85015384439357,14.663409127991152,13.842517289827521,14.46104907989502,11300,0.0,0.0
2024-02-22 00:00:00-05:00,14.566046988677698,14.613773405241469,14.31787035079063,14.528820037841797,8400,0.0,0.0
2024-02-23 00:00:00-05:00,14.632864210454263,14.680590629577637,14.489685863389875,14.680590629577637,3300,0.0,0.0
2024-02-26 00:00:00-05:00,14.74740622064981,14.795132637023926,14.22241746114589,14.795132637023926,6100,0.0,0.0
2024-02-27 00:00:00-05:00,14.795132672836353,14.795132672836353,14.404731696524022,14.689180374145508,6800,0.0,0.0
2024-02-28 00:00:00-05:00,14.795132830079611,14.795132830079611,14.604228072397786,14.752179145812988,4900,0.0,0.0
2024-02-29 00:00:00-05:00,14.756951486207331,14.785586971521866,14.613773149328999,14.638590812683105,7700,0.0,0.0
2024-03-01 00:00:00-05:00,14.78558695634144,14.881039787699438,14.642408619610109,14.747406005859375,12700,0.0,0.0
2024-03-04 00:00:00-05:00,14.795133489290293,14.795133489290293,14.661499697805995,14.680590629577637,3100,0.0,0.0
2024-03-05 00:00:00-05:00,14.604227992003585,14.795132748634506,14.593727615932547,14.746452331542969,7200,0.0,0.0
2024-03-06 00:00:00-05:00,14.585136579552623,15.062398910522461,14.585136579552623,15.062398910522461,10300,0.0,0.0
2024-03-07 00:00:00-05:00,15.081490652121138,15.272395412718984,14.453413398055515,15.253304481506348,18900,0.0,0.0
2024-03-08 00:00:00-05:00,15.272394612178575,15.654204113360777,15.176941781730196,15.367847442626953,9000,0.0,0.0
2024-03-11 00:00:00-04:00,15.46330079044351,15.55875180347416,15.425118928742153,15.487163543701172,6900,0.0,0.0
2024-03-12 00:00:00-04:00,15.301030833772382,15.845109594356098,15.301030833772382,15.558751106262207,11100,0.0,0.0
2024-03-13 00:00:00-04:00,15.749655551271509,16.03601219668653,15.739156086766668,16.00737762451172,17500,0.0,0.0
2024-03-14 00:00:00-04:00,16.079810615637303,16.66409159369093,15.954263352381373,16.12809944152832,27400,0.195,0.0
2024-03-15 00:00:00-04:00,15.988065305279639,16.184112605040976,15.403783380783278,15.886661529541016,13100,0.0,0.0
2024-03-18 00:00:00-04:00,15.87700297760054,16.021865770342572,15.355494713292805,15.799742698669434,5200,0.0,0.0
2024-03-19 00:00:00-04:00,15.693509030274813,15.848029587210476,15.461728194871318,15.790084838867188,3100,0.0,0.0
2024-03-20 00:00:00-04:00,15.905973248146736,15.905973248146736,15.596932155402909,15.674192428588867,7000,0.0,0.0
2024-03-21 00:00:00-04:00,15.60176266131709,16.408166683888787,15.60176266131709,16.070152282714844,15400,0.0,0.0
2024-03-22 00:00:00-04:00,16.176386509554437,16.26330455458014,15.896316844020408,16.084640502929688,3100,0.0,0.0
2024-03-25 00:00:00-04:00,16.089468297938048,16.24785159357796,15.654878077309268,16.23529815673828,4900,0.0,0.0
2024-03-26 00:00:00-04:00,16.12809843079513,16.129063654643353,15.915631294250488,15.915631294250488,3900,0.0,0.0
2024-03-27 00:00:00-04:00,15.75145362085772,16.369537684440225,15.75145362085772,16.195701599121094,7200,0.0,0.0
2024-03-28 00:00:00-04:00,16.79446773770564,16.79446773770564,15.939774907718224,16.031522750854492,12800,0.0,0.0
2024-04-01 00:00:00-04:00,16.031525439645495,16.350224358344335,15.954265151537612,16.171560287475586,6400,0.0,0.0
2024-04-02 00:00:00-04:00,16.176385336893414,16.224672317504883,15.98323373038707,16.224672317504883,5100,0.0,0.0
2024-04-03 00:00:00-04:00,16.22467180936508,16.22467180936508,15.828712686255313,16.16672706604004,15500,0.0,0.0
2024-04-04 00:00:00-04:00,16.224672313139266,16.224672313139266,16.008344282259394,16.160932540893555,2000,0.0,0.0
2024-04-05 00:00:00-04:00,16.031523631776643,16.12809944152832,15.983234805885624,16.12809944152832,1900,0.0,0.0
2024-04-08 00:00:00-04:00,16.118440927927917,16.224672655894818,15.654877431050425,15.838371276855469,8500,0.0,0.0
2024-04-09 00:00:00-04:00,15.925289519447633,16.224672861747816,15.83837147780721,16.1763858795166,12300,0.0,0.0
2024-04-10 00:00:00-04:00,16.12809976750604,17.388407755233768,16.00641339742546,16.59166145324707,43100,0.0,0.0
2024-04-11 00:00:00-04:00,16.562687822952846,17.093853855590737,16.369538045473,16.7654972076416,13700,0.0,0.0
2024-04-12 00:00:00-04:00,16.955959946732037,17.473623412032612,16.604338073730467,17.092700958251953,15300,0.195,0.0
2024-04-15 00:00:00-04:00,16.096439494365494,16.65317285931678,14.26214926167521,14.709489822387695,67400,0.0,0.0
2024-04-16 00:00:00-04:00,14.895067277083118,16.03099939735935,14.784697352344324,15.310175895690918,14000,0.0,0.0
2024-04-17 00:00:00-04:00,15.481103024424868,15.59830999897051,14.846230747954849,15.50063705444336,9700,0.0,0.0
2024-04-18 00:00:00-04:00,15.373662072830403,15.61784349431047,15.188084602355957,15.188084602355957,1400,0.0,0.0
2024-04-19 00:00:00-04:00,15.617843494316228,15.617843494316228,15.383429553250043,15.388313293457031,800,0.0,0.0
2024-04-22 00:00:00-04:00,15.236920654139372,15.236920654139372,14.025780128964698,14.309030532836914,17800,0.0,0.0
2024-04-23 00:00:00-04:00,14.2797297543645,14.30903126482175,13.146728080916432,13.57746410369873,19100,0.0,0.0
2024-04-24 00:00:00-04:00,13.478814823605603,14.338333549936088,12.26767518119919,12.824408531188965,33500,0.0,0.0
2024-04-25 00:00:00-04:00,12.961150302972063,13.527651126449305,12.72380593141837,12.99045181274414,7100,0.0,0.0
2024-04-26 00:00:00-04:00,13.18579725656462,13.816761984012393,13.18579725656462,13.4983491897583,4600,0.0,0.0
2024-04-29 00:00:00-04:00,13.849970879700372,14.836463139861802,13.831413039029064,14.46530818939209,13600,0.0,0.0
2024-04-30 00:00:00-04:00,14.631350516133772,14.631350516133772,14.328566071232505,14.426239013671875,5100,0.0,0.0
2024-05-01 00:00:00-04:00,14.42623912993511,15.422498866045926,14.406704168698516,15.256455421447754,16600,0.0,0.0
2024-05-02 00:00:00-04:00,15.149015980414319,15.422498918305811,15.139248499762925,15.266222953796387,2600,0.0,0.0
2024-05-03 00:00:00-04:00,15.275990349301356,15.569984436035156,15.275990349301356,15.569984436035156,3900,0.0,0.0
2024-05-06 00:00:00-04:00,15.627611683632324,16.018301603131835,15.442034204739617,15.821979522705078,13600,0.0,0.0
2024-05-07 00:00:00-04:00,15.842490516447878,16.1159743888626,15.490869592386677,15.70574951171875,6300,0.0,0.0
2024-05-08 00:00:00-04:00,15.871792586002483,16.35038795427179,15.725284103953745,15.832722663879395,10900,0.0,0.0
2024-05-09 00:00:00-04:00,16.604337127996068,16.604337127996068,15.774119899004974,16.086671829223633,3700,0.0,0.0
2024-05-10 00:00:00-04:00,15.725283998205711,16.099369371532198,15.608076095581055,15.608076095581055,6700,0.0,0.0
2024-05-13 00:00:00-04:00,15.627611777749296,16.60336132465399,15.60807681591755,15.959698677062988,7300,0.0,0.0
2024-05-14 00:00:00-04:00,16.666491914159533,16.666491914159533,16.10797610802216,16.310623168945312,10100,0.195,0.0
2024-05-15 00:00:00-04:00,16.152460266846287,16.300738287392612,15.732337951660156,15.732337951660156,4900,0.0,0.0
2024-05-16 00:00:00-04:00,15.628543686940528,16.250323211460163,15.628543686940528,16.16234588623047,12400,0.0,0.0
2024-05-17 00:00:00-04:00,16.19199956491219,16.804884414330125,15.984410721284064,16.47867202758789,10000,0.0,0.0
2024-05-20 00:00:00-04:00,16.785114925540093,16.785114925540093,16.01406842935422,16.23648452758789,7000,0.0,0.0
2024-05-21 00:00:00-04:00,16.211771498384632,16.73173539096444,15.889512895054551,16.112918853759766,4500,0.0,0.0
2024-05-22 00:00:00-04:00,16.14257465920734,16.14257465920734,15.66808424382853,15.954754829406738,3800,0.0,0.0
2024-05-23 00:00:00-04:00,15.84601908340048,15.997262931284501,14.244611527940846,14.748758316040039,25800,0.0,0.0
2024-05-24 00:00:00-04:00,15.509919997411652,15.76891301523472,15.283549162296325,15.420953750610352,4300,0.0,0.0
2024-05-28 00:00:00-04:00,15.569231853696857,15.76693619662664,14.863426925209636,15.480264663696289,8400,0.0,0.0
2024-05-29 00:00:00-04:00,15.420953750610352,15.540564335381188,14.956347840136463,15.420953750610352,6800,0.0,0.0
2024-05-30 00:00:00-04:00,15.322101430261021,15.618658420682777,14.956348154408039,15.430838584899902,6200,0.0,0.0
2024-05-31 00:00:00-04:00,15.37152781195988,15.69279749335688,15.322101489576797,15.687854766845703,7800,0.0,0.0
2024-06-03 00:00:00-04:00,15.687854374977928,16.19694388016833,15.687854374977928,15.84601879119873,9200,0.0,0.0
2024-06-04 00:00:00-04:00,16.063493516851068,16.063493516851068,15.71751020247357,15.915215492248535,5800,0.0,0.0
2024-06-05 00:00:00-04:00,16.073378579034816,16.073378579034816,15.875673294067383,15.875673294067383,3500,0.0,0.0
2024-06-06 00:00:00-04:00,16.06349276332251,16.550834450863242,16.06349276332251,16.261198043823242,8500,0.0,0.0
2024-06-07 00:00:00-04:00,16.54786839310514,16.80488449994744,16.063492536714467,16.537982940673828,4900,0.0,0.0
2024-06-10 00:00:00-04:00,16.55775383616998,17.24972042231223,16.310623181898787,16.990726470947266,14200,0.0,0.0
2024-06-11 00:00:00-04:00,16.81477132116602,17.032245635986328,16.70603322102716,17.032245635986328,10500,0.0,0.0
2024-06-12 00:00:00-04:00,16.933392728594143,16.993693426769052,16.706032964035323,16.854310989379883,10500,0.0,0.0
2024-06-13 00:00:00-04:00,16.795000076293945,16.854310909057634,16.66253915360646,16.795000076293945,7700,0.0,0.0
2024-06-14 00:00:00-04:00,16.8799991607666,17.0,16.584999084472656,16.674999237060547,12500,0.195,0.0
2024-06-17 00:00:00-04:00,16.639999389648438,16.770000457763672,16.299999237060547,16.5,4800,0.0,0.0
2024-06-18 00:00:00-04:00,16.68000030517578,16.735000610351562,15.6899995803833,15.899999618530273,21600,0.0,0.0
2024-06-20 00:00:00-04:00,15.75,16.0,15.75,15.970000267028809,12900,0.0,0.0
2024-06-21 00:00:00-04:00,16.0,16.0,15.619999885559082,15.9399995803833,3500,0.0,0.0
2024-06-24 00:00:00-04:00,15.75,15.930000305175781,15.75,15.812999725341797,1500,0.0,0.0
2024-06-25 00:00:00-04:00,15.670000076293945,15.9399995803833,15.670000076293945,15.800000190734863,2100,0.0,0.0
2024-06-26 00:00:00-04:00,15.84000015258789,15.935999870300293,15.732000350952148,15.927000045776367,3200,0.0,0.0
2024-06-27 00:00:00-04:00,15.887999534606934,15.949999809265137,15.800000190734863,15.800000190734863,2600,0.0,0.0
2024-06-28 00:00:00-04:00,15.890000343322754,16.0,15.800000190734863,15.899999618530273,6400,0.0,0.0
2024-07-01 00:00:00-04:00,16.0,16.0,15.800000190734863,15.90999984741211,5700,0.0,0.0
2024-07-02 00:00:00-04:00,15.9399995803833,16.790000915527344,15.9399995803833,15.989999771118164,14900,0.0,0.0
2024-07-03 00:00:00-04:00,16.0,16.5,15.989999771118164,16.010000228881836,4300,0.0,0.0
2024-07-05 00:00:00-04:00,16.1299991607666,16.3799991607666,16.040000915527344,16.309999465942383,29400,0.0,0.0
2024-07-08 00:00:00-04:00,14.670000076293945,14.670000076293945,6.5,7.369999885559082,205700,0.0,0.0
2024-07-09 00:00:00-04:00,6.71999979019165,7.480999946594238,6.5,6.980000019073486,82000,0.0,0.0
2024-07-10 00:00:00-04:00,7.0,7.46999979019165,6.75,7.389999866485596,52600,0.0,0.0
2024-07-11 00:00:00-04:00,7.400000095367432,7.869999885559082,7.181000232696533,7.260000228881836,50200,0.0,0.0
2024-07-12 00:00:00-04:00,7.21999979019165,7.5,7.21999979019165,7.300000190734863,44500,0.0,0.0
2024-07-15 00:00:00-04:00,7.340000152587891,7.800000190734863,7.340000152587891,7.489999771118164,62600,0.0,0.0
2024-07-16 00:00:00-04:00,7.570000171661377,7.670000076293945,7.5,7.599999904632568,19100,0.0,0.0
2024-07-17 00:00:00-04:00,7.699999809265137,8.0,7.579999923706055,7.840000152587891,30000,0.0,0.0
2024-07-18 00:00:00-04:00,7.829999923706055,7.920000076293945,7.710000038146973,7.809999942779541,10300,0.0,0.0
2024-07-19 00:00:00-04:00,7.980000019073486,8.100000381469727,7.900000095367432,8.050000190734863,16400,0.0,0.0
2024-07-22 00:00:00-04:00,7.980000019073486,8.407999992370605,7.940000057220459,8.029999732971191,36500,0.0,0.0
2024-07-23 00:00:00-04:00,8.039999961853027,8.880000114440918,8.039999961853027,8.84000015258789,48400,0.0,0.0
2024-07-24 00:00:00-04:00,8.670000076293945,8.859999656677246,8.420000076293945,8.75,9100,0.0,0.0
2024-07-25 00:00:00-04:00,8.75,9.881999969482422,8.75,9.579999923706055,27200,0.0,0.0
2024-07-26 00:00:00-04:00,9.539999961853027,9.9399995803833,8.420000076293945,8.890000343322754,51200,0.0,0.0
2024-07-29 00:00:00-04:00,8.5,9.15999984741211,8.5,8.890000343322754,14200,0.0,0.0
2024-07-30 00:00:00-04:00,8.899999618530273,9.100000381469727,8.699999809265137,8.979999542236328,8000,0.0,0.0
2024-07-31 00:00:00-04:00,8.789999961853027,8.970000267028809,8.079999923706055,8.5,34500,0.0,0.0
2024-08-01 00:00:00-04:00,8.289999961853027,8.5,8.149999618530273,8.369999885559082,6500,0.0,0.0
2024-08-02 00:00:00-04:00,8.199999809265137,8.324000358581543,8.020000457763672,8.130000114440918,24700,0.0,0.0
2024-08-05 00:00:00-04:00,8.0,8.25,7.400000095367432,7.639999866485596,30400,0.0,0.0
2024-08-06 00:00:00-04:00,7.75,8.050000190734863,7.75,7.880000114440918,9200,0.0,0.0
2024-08-07 00:00:00-04:00,7.880000114440918,8.149999618530273,7.389999866485596,7.440000057220459,17300,0.0,0.0
2024-08-08 00:00:00-04:00,7.519000053405762,7.519000053405762,7.0,7.25,60400,0.0,0.0
2024-08-09 00:00:00-04:00,7.159999847412109,7.869999885559082,7.0,7.110000133514404,19600,0.0,0.0
2024-08-12 00:00:00-04:00,7.019999980926514,7.400000095367432,6.670000076293945,6.927999973297119,55500,0.0,0.0
2024-08-13 00:00:00-04:00,6.75,7.179999828338623,6.701000213623047,6.889999866485596,24000,0.0,0.0
2024-08-14 00:00:00-04:00,6.889999866485596,6.920000076293945,6.53000020980835,6.679999828338623,44400,0.0,0.0
2024-08-15 00:00:00-04:00,6.699999809265137,6.699999809265137,6.550000190734863,6.590000152587891,50400,0.0,0.0
2024-08-16 00:00:00-04:00,6.690000057220459,6.699999809265137,6.150000095367432,6.440000057220459,49300,0.0,0.0
2024-08-19 00:00:00-04:00,6.699999809265137,6.699999809265137,6.300000190734863,6.389999866485596,30700,0.0,0.0
2024-08-20 00:00:00-04:00,6.349999904632568,6.40500020980835,6.260000228881836,6.309999942779541,14800,0.0,0.0
2024-08-21 00:00:00-04:00,6.239999771118164,6.639999866485596,6.239999771118164,6.400000095367432,14000,0.0,0.0
2024-08-22 00:00:00-04:00,6.538000106811523,6.699999809265137,6.429999828338623,6.449999809265137,6700,0.0,0.0
2024-08-23 00:00:00-04:00,6.760000228881836,6.760000228881836,6.460000038146973,6.639999866485596,10500,0.0,0.0
2024-08-26 00:00:00-04:00,6.639999866485596,7.050000190734863,6.619999885559082,6.639999866485596,18900,0.0,0.0
2024-08-27 00:00:00-04:00,6.659999847412109,6.980000019073486,6.5,6.510000228881836,25600,0.0,0.0
2024-08-28 00:00:00-04:00,6.5,6.71999979019165,6.300000190734863,6.510000228881836,21500,0.0,0.0
2024-08-29 00:00:00-04:00,6.5,6.710000038146973,6.427999973297119,6.650000095367432,20600,0.0,0.0
2024-08-30 00:00:00-04:00,6.710000038146973,6.710000038146973,6.5,6.578999996185303,5100,0.0,0.0
2024-09-03 00:00:00-04:00,6.579999923706055,6.71999979019165,6.5,6.554999828338623,11300,0.0,0.0
2024-09-04 00:00:00-04:00,6.53000020980835,6.599999904632568,6.400000095367432,6.559999942779541,17000,0.0,0.0
2024-09-05 00:00:00-04:00,6.559999942779541,6.679999828338623,6.400000095367432,6.400000095367432,27300,0.0,0.0
2024-09-06 00:00:00-04:00,6.300000190734863,6.599999904632568,6.300000190734863,6.599999904632568,12200,0.0,0.0
2024-09-09 00:00:00-04:00,6.309999942779541,6.617000102996826,5.550000190734863,6.199999809265137,35900,0.0,0.0
2024-09-10 00:00:00-04:00,6.195000171661377,6.199999809265137,5.610000133514404,6.039999961853027,13500,0.0,0.0
2024-09-11 00:00:00-04:00,5.724999904632568,6.041999816894531,5.664999961853027,5.800000190734863,30200,0.0,0.0
2024-09-12 00:00:00-04:00,5.739999771118164,5.75,5.260000228881836,5.610000133514404,35900,0.0,0.0
2024-09-13 00:00:00-04:00,5.5,5.900000095367432,5.489999771118164,5.775000095367432,8100,0.0,0.0
2024-09-16 00:00:00-04:00,5.960000038146973,5.960000038146973,5.840000152587891,5.920000076293945,4100,0.0,0.0
2024-09-17 00:00:00-04:00,5.920000076293945,5.921000003814697,5.289999961853027,5.75,16300,0.0,0.0
2024-09-18 00:00:00-04:00,5.599999904632568,5.829999923706055,5.598999977111816,5.710000038146973,7500,0.0,0.0
2024-09-19 00:00:00-04:00,5.869999885559082,5.869999885559082,5.309999942779541,5.605000019073486,23100,0.0,0.0
2024-09-20 00:00:00-04:00,5.690000057220459,5.690000057220459,5.260000228881836,5.40500020980835,48100,0.0,0.0
2024-09-23 00:00:00-04:00,5.400000095367432,5.480000019073486,5.199999809265137,5.230000019073486,24900,0.0,0.0
2024-09-24 00:00:00-04:00,5.199999809265137,5.645999908447266,4.860000133514404,5.130000114440918,59800,0.0,0.0
2024-09-25 00:00:00-04:00,5.46999979019165,5.5,5.170000076293945,5.239999771118164,13400,0.0,0.0
2024-09-26 00:00:00-04:00,5.440000057220459,5.449999809265137,5.199999809265137,5.25,14000,0.0,0.0
2024-09-27 00:00:00-04:00,5.210000038146973,5.449999809265137,5.052000045776367,5.322999954223633,18800,0.0,0.0
2024-09-30 00:00:00-04:00,5.460000038146973,5.5,5.369999885559082,5.449999809265137,12900,0.0,0.0
2024-10-01 00:00:00-04:00,5.388999938964844,5.454999923706055,5.059999942779541,5.110000133514404,17700,0.0,0.0
2024-10-02 00:00:00-04:00,5.159999847412109,5.447000026702881,5.159999847412109,5.25,8200,0.0,0.0
2024-10-03 00:00:00-04:00,5.183000087738037,5.2789998054504395,5.159999847412109,5.210000038146973,15700,0.0,0.0
2024-10-04 00:00:00-04:00,5.210000038146973,5.349999904632568,5.059999942779541,5.160999774932861,14900,0.0,0.0
2024-10-07 00:00:00-04:00,5.190000057220459,5.2270002365112305,5.019999980926514,5.113999843597412,4800,0.0,0.0
2024-10-08 00:00:00-04:00,5.039999961853027,5.14300012588501,5.0,5.050000190734863,9300,0.0,0.0
2024-10-09 00:00:00-04:00,5.0,5.099999904632568,5.0,5.03000020980835,14700,0.0,0.0
2024-10-10 00:00:00-04:00,5.064000129699707,5.099999904632568,5.0,5.045000076293945,7100,0.0,0.0
2024-10-11 00:00:00-04:00,5.019999980926514,5.139999866485596,5.0,5.139999866485596,13900,0.0,0.0
2024-10-14 00:00:00-04:00,5.031000137329102,5.139999866485596,5.0,5.03000020980835,10600,0.0,0.0
2024-10-15 00:00:00-04:00,5.0,5.315000057220459,5.0,5.0,8800,0.0,0.0
2024-10-16 00:00:00-04:00,5.010000228881836,5.199999809265137,5.010000228881836,5.179999828338623,7300,0.0,0.0
2024-10-17 00:00:00-04:00,5.25,5.900000095367432,5.25,5.599999904632568,25400,0.0,0.0
2024-10-18 00:00:00-04:00,5.760000228881836,5.849999904632568,5.659999847412109,5.760000228881836,13000,0.0,0.0
2024-10-21 00:00:00-04:00,5.670000076293945,5.896999835968018,5.599999904632568,5.840000152587891,19400,0.0,0.0
2024-10-22 00:00:00-04:00,5.699999809265137,5.960000038146973,5.659999847412109,5.820000171661377,6500,0.0,0.0
2024-10-23 00:00:00-04:00,5.679999828338623,5.960000038146973,5.670000076293945,5.760000228881836,3100,0.0,0.0
2024-10-24 00:00:00-04:00,5.690000057220459,5.800000190734863,5.690000057220459,5.75,7500,0.0,0.0
2024-10-25 00:00:00-04:00,5.677999973297119,5.800000190734863,5.677999973297119,5.761000156402588,3700,0.0,0.0
2024-10-28 00:00:00-04:00,5.940000057220459,6.699999809265137,5.699999809265137,6.309999942779541,32600,0.0,0.0
2024-10-29 00:00:00-04:00,6.313000202178955,6.4629998207092285,6.044000148773193,6.099999904632568,21800,0.0,0.0
2024-10-30 00:00:00-04:00,5.960000038146973,6.460999965667725,5.769999980926514,5.949999809265137,21100,0.0,0.0
2024-10-31 00:00:00-04:00,5.880000114440918,5.880000114440918,5.25,5.550000190734863,20700,0.0,0.0
2024-11-01 00:00:00-04:00,5.7220001220703125,5.855000019073486,5.539999961853027,5.716000080108643,27200,0.0,0.0
2024-11-04 00:00:00-05:00,5.860000133514404,5.860000133514404,5.260000228881836,5.449999809265137,50100,0.0,0.0
2024-11-05 00:00:00-05:00,5.429999828338623,5.849999904632568,5.300000190734863,5.389999866485596,22300,0.0,0.0
2024-11-06 00:00:00-05:00,5.460000038146973,5.900000095367432,5.4029998779296875,5.438000202178955,9300,0.0,0.0
2024-11-07 00:00:00-05:00,5.409999847412109,5.685999870300293,5.210999965667725,5.269999980926514,36600,0.0,0.0
2024-11-08 00:00:00-05:00,5.300000190734863,5.300000190734863,5.210000038146973,5.21999979019165,21400,0.0,0.0
2024-11-11 00:00:00-05:00,5.525000095367432,5.860000133514404,5.2220001220703125,5.239999771118164,27600,0.0,0.0
2024-11-12 00:00:00-05:00,5.130000114440918,5.510000228881836,5.010000228881836,5.170000076293945,38100,0.0,0.0
2024-11-13 00:00:00-05:00,5.199999809265137,5.480000019073486,5.110000133514404,5.125999927520752,28400,0.0,0.0
2024-11-14 00:00:00-05:00,5.150000095367432,5.5,5.0,5.079999923706055,22800,0.0,0.0
2024-11-15 00:00:00-05:00,5.190000057220459,5.21999979019165,5.025000095367432,5.099999904632568,13500,0.0,0.0
2024-11-18 00:00:00-05:00,5.019999980926514,5.269999980926514,5.010000228881836,5.059999942779541,29600,0.0,0.0
2024-11-19 00:00:00-05:00,5.25,5.4842000007629395,5.059999942779541,5.168700218200684,38699,0.0,0.0
