Date,Open,High,Low,Close,Volume,Dividends,Stock Splits
2022-08-08 00:00:00-04:00,10.0600004196167,10.0600004196167,10.031999588012695,10.045000076293945,4100,0.0,0.0
2022-08-09 00:00:00-04:00,10.050000190734863,10.050000190734863,10.010000228881836,10.029999732971191,1700,0.0,0.0
2022-08-10 00:00:00-04:00,10.00100040435791,10.029999732971191,10.0,10.029999732971191,800,0.0,0.0
2022-08-11 00:00:00-04:00,10.029999732971191,10.029999732971191,9.989999771118164,10.0,3100,0.0,0.0
2022-08-12 00:00:00-04:00,10.010000228881836,10.029999732971191,10.010000228881836,10.029999732971191,1200,0.0,0.0
2022-08-15 00:00:00-04:00,10.010000228881836,10.010000228881836,10.010000228881836,10.010000228881836,1700,0.0,0.0
2022-08-16 00:00:00-04:00,10.010000228881836,10.010000228881836,10.010000228881836,10.010000228881836,0,0.0,0.0
2022-08-17 00:00:00-04:00,10.010000228881836,10.010000228881836,10.010000228881836,10.010000228881836,49600,0.0,0.0
2022-08-18 00:00:00-04:00,10.010000228881836,10.015000343322754,10.0,10.0,53800,0.0,0.0
2022-08-19 00:00:00-04:00,10.0,10.0,10.0,10.0,0,0.0,0.0
2022-08-22 00:00:00-04:00,10.0,10.0,10.0,10.0,1200,0.0,0.0
2022-08-23 00:00:00-04:00,10.0,10.0,10.0,10.0,0,0.0,0.0
2022-08-24 00:00:00-04:00,10.0,10.0,10.0,10.0,0,0.0,0.0
2022-08-25 00:00:00-04:00,10.0,10.0,10.0,10.0,0,0.0,0.0
2022-08-26 00:00:00-04:00,10.0,10.0,10.0,10.0,0,0.0,0.0
2022-08-29 00:00:00-04:00,10.0,10.0,10.0,10.0,0,0.0,0.0
2022-08-30 00:00:00-04:00,9.979999542236328,9.979999542236328,9.979999542236328,9.979999542236328,550000,0.0,0.0
2022-08-31 00:00:00-04:00,9.979999542236328,9.979999542236328,9.979999542236328,9.979999542236328,0,0.0,0.0
2022-09-01 00:00:00-04:00,9.979999542236328,9.979999542236328,9.979999542236328,9.979999542236328,0,0.0,0.0
2022-09-02 00:00:00-04:00,9.979999542236328,9.979999542236328,9.979999542236328,9.979999542236328,100,0.0,0.0
2022-09-06 00:00:00-04:00,9.979999542236328,9.979999542236328,9.979999542236328,9.979999542236328,0,0.0,0.0
2022-09-07 00:00:00-04:00,9.979999542236328,9.979999542236328,9.979999542236328,9.979999542236328,0,0.0,0.0
2022-09-08 00:00:00-04:00,9.979999542236328,9.979999542236328,9.979999542236328,9.979999542236328,1900,0.0,0.0
2022-09-09 00:00:00-04:00,10.0,10.020000457763672,10.0,10.020000457763672,1000,0.0,0.0
2022-09-12 00:00:00-04:00,10.020000457763672,10.020000457763672,10.020000457763672,10.020000457763672,0,0.0,0.0
2022-09-13 00:00:00-04:00,10.020000457763672,10.020000457763672,10.020000457763672,10.020000457763672,0,0.0,0.0
2022-09-14 00:00:00-04:00,10.020000457763672,10.020000457763672,10.020000457763672,10.020000457763672,0,0.0,0.0
2022-09-15 00:00:00-04:00,10.020000457763672,10.020000457763672,10.020000457763672,10.020000457763672,0,0.0,0.0
2022-09-16 00:00:00-04:00,10.020000457763672,10.020000457763672,10.020000457763672,10.020000457763672,0,0.0,0.0
2022-09-19 00:00:00-04:00,10.050000190734863,10.050000190734863,10.050000190734863,10.050000190734863,400,0.0,0.0
2022-09-20 00:00:00-04:00,10.050000190734863,10.050000190734863,10.050000190734863,10.050000190734863,0,0.0,0.0
2022-09-21 00:00:00-04:00,9.970000267028809,9.970000267028809,9.970000267028809,9.970000267028809,1300,0.0,0.0
2022-09-22 00:00:00-04:00,9.970000267028809,9.970000267028809,9.970000267028809,9.970000267028809,0,0.0,0.0
2022-09-23 00:00:00-04:00,9.970000267028809,9.970000267028809,9.970000267028809,9.970000267028809,0,0.0,0.0
2022-09-26 00:00:00-04:00,9.970000267028809,9.970000267028809,9.970000267028809,9.970000267028809,0,0.0,0.0
2022-09-27 00:00:00-04:00,9.970000267028809,9.970000267028809,9.970000267028809,9.970000267028809,0,0.0,0.0
2022-09-28 00:00:00-04:00,9.970000267028809,9.970000267028809,9.970000267028809,9.970000267028809,0,0.0,0.0
2022-09-29 00:00:00-04:00,9.970000267028809,9.970000267028809,9.970000267028809,9.970000267028809,0,0.0,0.0
2022-09-30 00:00:00-04:00,9.970000267028809,9.970000267028809,9.970000267028809,9.970000267028809,0,0.0,0.0
2022-10-03 00:00:00-04:00,9.970000267028809,9.970000267028809,9.970000267028809,9.970000267028809,0,0.0,0.0
2022-10-04 00:00:00-04:00,9.970000267028809,9.970000267028809,9.970000267028809,9.970000267028809,0,0.0,0.0
2022-10-05 00:00:00-04:00,9.970000267028809,9.970000267028809,9.970000267028809,9.970000267028809,0,0.0,0.0
2022-10-06 00:00:00-04:00,9.970000267028809,9.970000267028809,9.970000267028809,9.970000267028809,0,0.0,0.0
2022-10-07 00:00:00-04:00,9.970000267028809,9.970000267028809,9.970000267028809,9.970000267028809,0,0.0,0.0
2022-10-10 00:00:00-04:00,9.970000267028809,9.970000267028809,9.970000267028809,9.970000267028809,0,0.0,0.0
2022-10-11 00:00:00-04:00,9.970000267028809,9.970000267028809,9.970000267028809,9.970000267028809,0,0.0,0.0
2022-10-12 00:00:00-04:00,9.970000267028809,9.970000267028809,9.970000267028809,9.970000267028809,100,0.0,0.0
2022-10-13 00:00:00-04:00,9.970000267028809,9.970000267028809,9.970000267028809,9.970000267028809,0,0.0,0.0
2022-10-14 00:00:00-04:00,9.970000267028809,9.970000267028809,9.970000267028809,9.970000267028809,0,0.0,0.0
2022-10-17 00:00:00-04:00,9.970000267028809,9.970000267028809,9.970000267028809,9.970000267028809,0,0.0,0.0
2022-10-18 00:00:00-04:00,9.970000267028809,9.970000267028809,9.970000267028809,9.970000267028809,0,0.0,0.0
2022-10-19 00:00:00-04:00,9.970000267028809,9.970000267028809,9.970000267028809,9.970000267028809,0,0.0,0.0
2022-10-20 00:00:00-04:00,9.970000267028809,9.970000267028809,9.970000267028809,9.970000267028809,0,0.0,0.0
2022-10-21 00:00:00-04:00,9.970000267028809,9.970000267028809,9.970000267028809,9.970000267028809,0,0.0,0.0
2022-10-24 00:00:00-04:00,9.970000267028809,9.970000267028809,9.970000267028809,9.970000267028809,0,0.0,0.0
2022-10-25 00:00:00-04:00,9.979999542236328,9.979999542236328,9.979999542236328,9.979999542236328,2400,0.0,0.0
2022-10-26 00:00:00-04:00,10.5,10.649999618530273,10.399999618530273,10.649999618530273,1600,0.0,0.0
2022-10-27 00:00:00-04:00,10.40999984741211,10.40999984741211,10.40999984741211,10.40999984741211,200,0.0,0.0
2022-10-28 00:00:00-04:00,10.40999984741211,10.40999984741211,10.40999984741211,10.40999984741211,0,0.0,0.0
2022-10-31 00:00:00-04:00,10.40999984741211,10.40999984741211,10.40999984741211,10.40999984741211,0,0.0,0.0
2022-11-01 00:00:00-04:00,10.0600004196167,10.0600004196167,10.0600004196167,10.0600004196167,200,0.0,0.0
2022-11-02 00:00:00-04:00,10.0600004196167,10.0600004196167,10.0600004196167,10.0600004196167,0,0.0,0.0
2022-11-03 00:00:00-04:00,10.0600004196167,10.0600004196167,10.0600004196167,10.0600004196167,0,0.0,0.0
2022-11-04 00:00:00-04:00,10.0600004196167,10.0600004196167,10.0600004196167,10.0600004196167,0,0.0,0.0
2022-11-07 00:00:00-05:00,10.0600004196167,10.0600004196167,10.0600004196167,10.0600004196167,0,0.0,0.0
2022-11-08 00:00:00-05:00,10.0600004196167,10.0600004196167,10.0600004196167,10.0600004196167,0,0.0,0.0
2022-11-09 00:00:00-05:00,10.069999694824219,10.079999923706055,10.069999694824219,10.079999923706055,4000,0.0,0.0
2022-11-10 00:00:00-05:00,10.079999923706055,10.079999923706055,10.079999923706055,10.079999923706055,0,0.0,0.0
2022-11-11 00:00:00-05:00,10.079999923706055,10.079999923706055,10.079999923706055,10.079999923706055,0,0.0,0.0
2022-11-14 00:00:00-05:00,10.079999923706055,10.079999923706055,10.079999923706055,10.079999923706055,0,0.0,0.0
2022-11-15 00:00:00-05:00,10.079999923706055,10.079999923706055,10.079999923706055,10.079999923706055,100,0.0,0.0
2022-11-16 00:00:00-05:00,10.079999923706055,10.079999923706055,10.079999923706055,10.079999923706055,0,0.0,0.0
2022-11-17 00:00:00-05:00,10.09000015258789,10.09000015258789,10.09000015258789,10.09000015258789,100,0.0,0.0
2022-11-18 00:00:00-05:00,10.09000015258789,10.09000015258789,10.09000015258789,10.09000015258789,100,0.0,0.0
2022-11-21 00:00:00-05:00,10.09000015258789,10.09000015258789,10.09000015258789,10.09000015258789,0,0.0,0.0
2022-11-22 00:00:00-05:00,10.09000015258789,10.09000015258789,10.09000015258789,10.09000015258789,0,0.0,0.0
2022-11-23 00:00:00-05:00,10.09000015258789,10.5,10.085000038146973,10.09000015258789,267500,0.0,0.0
2022-11-25 00:00:00-05:00,10.09000015258789,10.09000015258789,10.09000015258789,10.09000015258789,0,0.0,0.0
2022-11-28 00:00:00-05:00,10.09000015258789,10.09000015258789,10.09000015258789,10.09000015258789,0,0.0,0.0
2022-11-29 00:00:00-05:00,10.09000015258789,10.100000381469727,10.09000015258789,10.100000381469727,5000,0.0,0.0
2022-11-30 00:00:00-05:00,10.140000343322754,10.180000305175781,10.140000343322754,10.180000305175781,6200,0.0,0.0
2022-12-01 00:00:00-05:00,10.15999984741211,10.1899995803833,10.15999984741211,10.1899995803833,9400,0.0,0.0
2022-12-02 00:00:00-05:00,10.104999542236328,10.104999542236328,10.104999542236328,10.104999542236328,100,0.0,0.0
2022-12-05 00:00:00-05:00,10.119999885559082,10.119999885559082,10.119999885559082,10.119999885559082,12500,0.0,0.0
2022-12-06 00:00:00-05:00,10.119999885559082,10.130000114440918,10.100000381469727,10.130000114440918,364300,0.0,0.0
2022-12-07 00:00:00-05:00,10.119999885559082,10.130000114440918,10.119999885559082,10.119999885559082,115700,0.0,0.0
2022-12-08 00:00:00-05:00,10.130000114440918,10.140000343322754,10.125,10.140000343322754,15900,0.0,0.0
2022-12-09 00:00:00-05:00,10.130000114440918,10.130000114440918,10.130000114440918,10.130000114440918,10100,0.0,0.0
2022-12-12 00:00:00-05:00,10.135000228881836,10.140000343322754,10.130000114440918,10.140000343322754,36800,0.0,0.0
2022-12-13 00:00:00-05:00,10.149999618530273,10.149999618530273,10.149999618530273,10.149999618530273,14300,0.0,0.0
2022-12-14 00:00:00-05:00,10.15999984741211,10.15999984741211,10.149999618530273,10.15999984741211,47300,0.0,0.0
2022-12-15 00:00:00-05:00,10.149999618530273,10.15999984741211,10.149999618530273,10.15999984741211,500,0.0,0.0
2022-12-16 00:00:00-05:00,10.15999984741211,10.170000076293945,10.119999885559082,10.119999885559082,21400,0.0,0.0
2022-12-19 00:00:00-05:00,10.15999984741211,10.220000267028809,10.15999984741211,10.15999984741211,62400,0.0,0.0
2022-12-20 00:00:00-05:00,10.15999984741211,10.170000076293945,10.151000022888184,10.170000076293945,180600,0.0,0.0
2022-12-21 00:00:00-05:00,10.170000076293945,10.170000076293945,10.170000076293945,10.170000076293945,1900,0.0,0.0
2022-12-22 00:00:00-05:00,10.170000076293945,10.170000076293945,10.170000076293945,10.170000076293945,0,0.0,0.0
2022-12-23 00:00:00-05:00,10.170000076293945,10.180000305175781,10.15999984741211,10.180000305175781,42800,0.0,0.0
2022-12-27 00:00:00-05:00,10.1899995803833,10.550000190734863,10.149999618530273,10.260000228881836,111700,0.0,0.0
2022-12-28 00:00:00-05:00,10.260000228881836,10.260000228881836,10.260000228881836,10.260000228881836,0,0.0,0.0
2022-12-29 00:00:00-05:00,10.260000228881836,10.289999961853027,10.260000228881836,10.279999732971191,4100,0.0,0.0
2022-12-30 00:00:00-05:00,10.229999542236328,10.260000228881836,10.220000267028809,10.220000267028809,81600,0.0,0.0
2023-01-03 00:00:00-05:00,10.220000267028809,10.220000267028809,10.220000267028809,10.220000267028809,120500,0.0,0.0
2023-01-04 00:00:00-05:00,10.229999542236328,10.25,10.229999542236328,10.239999771118164,279600,0.0,0.0
2023-01-05 00:00:00-05:00,10.234999656677246,10.239999771118164,10.229999542236328,10.239999771118164,443900,0.0,0.0
2023-01-06 00:00:00-05:00,10.270000457763672,10.270000457763672,10.239999771118164,10.239999771118164,245500,0.0,0.0
2023-01-09 00:00:00-05:00,10.239999771118164,10.239999771118164,10.239999771118164,10.239999771118164,0,0.0,0.0
2023-01-10 00:00:00-05:00,10.239999771118164,10.239999771118164,10.239999771118164,10.239999771118164,0,0.0,0.0
2023-01-11 00:00:00-05:00,10.239999771118164,10.239999771118164,10.239999771118164,10.239999771118164,0,0.0,0.0
2023-01-12 00:00:00-05:00,10.300000190734863,10.300000190734863,10.300000190734863,10.300000190734863,22600,0.0,0.0
2023-01-13 00:00:00-05:00,10.305000305175781,10.3100004196167,10.305000305175781,10.3100004196167,2600,0.0,0.0
2023-01-17 00:00:00-05:00,10.649999618530273,10.699999809265137,10.3100004196167,10.390000343322754,16600,0.0,0.0
2023-01-18 00:00:00-05:00,10.300000190734863,10.390000343322754,10.300000190734863,10.390000343322754,240000,0.0,0.0
2023-01-19 00:00:00-05:00,10.350000381469727,10.350000381469727,10.342000007629395,10.350000381469727,3100,0.0,0.0
2023-01-20 00:00:00-05:00,10.300000190734863,10.319999694824219,10.300000190734863,10.3100004196167,232100,0.0,0.0
2023-01-23 00:00:00-05:00,10.3100004196167,10.329999923706055,10.3100004196167,10.3100004196167,61300,0.0,0.0
2023-01-24 00:00:00-05:00,10.34000015258789,10.369999885559082,10.34000015258789,10.350000381469727,8900,0.0,0.0
2023-01-25 00:00:00-05:00,10.350000381469727,10.350000381469727,10.350000381469727,10.350000381469727,0,0.0,0.0
2023-01-26 00:00:00-05:00,10.390000343322754,10.395000457763672,10.369999885559082,10.390000343322754,41900,0.0,0.0
2023-01-27 00:00:00-05:00,10.390000343322754,10.390000343322754,10.390000343322754,10.390000343322754,0,0.0,0.0
2023-01-30 00:00:00-05:00,10.390000343322754,10.390000343322754,10.390000343322754,10.390000343322754,0,0.0,0.0
2023-01-31 00:00:00-05:00,10.390000343322754,10.390000343322754,10.390000343322754,10.390000343322754,100,0.0,0.0
2023-02-01 00:00:00-05:00,10.390000343322754,10.390000343322754,10.390000343322754,10.390000343322754,0,0.0,0.0
2023-02-02 00:00:00-05:00,10.390000343322754,10.390000343322754,10.390000343322754,10.390000343322754,300,0.0,0.0
2023-02-03 00:00:00-05:00,10.390000343322754,10.390000343322754,10.390000343322754,10.390000343322754,0,0.0,0.0
2023-02-06 00:00:00-05:00,10.390000343322754,10.390000343322754,10.390000343322754,10.390000343322754,0,0.0,0.0
2023-02-07 00:00:00-05:00,10.390000343322754,10.390000343322754,10.390000343322754,10.390000343322754,0,0.0,0.0
2023-02-08 00:00:00-05:00,10.40999984741211,10.4399995803833,10.40999984741211,10.4399995803833,5900,0.0,0.0
2023-02-09 00:00:00-05:00,10.449999809265137,10.449999809265137,10.40999984741211,10.40999984741211,1000,0.0,0.0
2023-02-10 00:00:00-05:00,10.40999984741211,10.416000366210938,10.329999923706055,10.40999984741211,195400,0.0,0.0
2023-02-13 00:00:00-05:00,10.34000015258789,10.399999618530273,10.34000015258789,10.399999618530273,43600,0.0,0.0
2023-02-14 00:00:00-05:00,10.399999618530273,10.40999984741211,10.380000114440918,10.380000114440918,6700,0.0,0.0
2023-02-15 00:00:00-05:00,10.380000114440918,10.380000114440918,10.380000114440918,10.380000114440918,0,0.0,0.0
2023-02-16 00:00:00-05:00,10.40999984741211,10.4399995803833,10.40999984741211,10.4399995803833,5200,0.0,0.0
2023-02-17 00:00:00-05:00,10.4399995803833,10.4399995803833,10.4399995803833,10.4399995803833,1200,0.0,0.0
2023-02-21 00:00:00-05:00,10.420000076293945,10.420000076293945,10.380000114440918,10.399999618530273,58000,0.0,0.0
2023-02-22 00:00:00-05:00,10.399999618530273,10.420000076293945,10.399999618530273,10.420000076293945,11400,0.0,0.0
2023-02-23 00:00:00-05:00,10.390000343322754,10.390000343322754,10.390000343322754,10.390000343322754,400,0.0,0.0
2023-02-24 00:00:00-05:00,10.399999618530273,10.420000076293945,10.399999618530273,10.420000076293945,85000,0.0,0.0
2023-02-27 00:00:00-05:00,10.4399995803833,10.460000038146973,10.4399995803833,10.449999809265137,6600,0.0,0.0
2023-02-28 00:00:00-05:00,10.420000076293945,10.420000076293945,10.420000076293945,10.420000076293945,1300,0.0,0.0
2023-03-01 00:00:00-05:00,10.420000076293945,10.420000076293945,10.420000076293945,10.420000076293945,0,0.0,0.0
2023-03-02 00:00:00-05:00,10.420000076293945,10.420000076293945,10.420000076293945,10.420000076293945,0,0.0,0.0
2023-03-03 00:00:00-05:00,10.4399995803833,10.4399995803833,10.4399995803833,10.4399995803833,25000,0.0,0.0
2023-03-06 00:00:00-05:00,10.479999542236328,10.479999542236328,10.479999542236328,10.479999542236328,2200,0.0,0.0
2023-03-07 00:00:00-05:00,10.479999542236328,10.479999542236328,10.479999542236328,10.479999542236328,0,0.0,0.0
2023-03-08 00:00:00-05:00,10.479999542236328,10.479999542236328,10.479999542236328,10.479999542236328,100,0.0,0.0
2023-03-09 00:00:00-05:00,10.479999542236328,10.479999542236328,10.479999542236328,10.479999542236328,100,0.0,0.0
2023-03-10 00:00:00-05:00,10.479999542236328,10.479999542236328,10.479999542236328,10.479999542236328,0,0.0,0.0
2023-03-13 00:00:00-04:00,10.479999542236328,10.479999542236328,10.479999542236328,10.479999542236328,0,0.0,0.0
2023-03-14 00:00:00-04:00,10.479999542236328,10.479999542236328,10.479999542236328,10.479999542236328,100,0.0,0.0
2023-03-15 00:00:00-04:00,10.454999923706055,10.460000038146973,10.454999923706055,10.460000038146973,200,0.0,0.0
2023-03-16 00:00:00-04:00,10.479999542236328,10.479999542236328,10.444999694824219,10.449999809265137,59600,0.0,0.0
2023-03-17 00:00:00-04:00,10.449999809265137,10.449999809265137,10.449999809265137,10.449999809265137,80000,0.0,0.0
2023-03-20 00:00:00-04:00,10.489999771118164,10.489999771118164,10.489999771118164,10.489999771118164,300,0.0,0.0
2023-03-21 00:00:00-04:00,10.489999771118164,10.489999771118164,10.489999771118164,10.489999771118164,100,0.0,0.0
2023-03-22 00:00:00-04:00,10.489999771118164,10.489999771118164,10.489999771118164,10.489999771118164,100,0.0,0.0
2023-03-23 00:00:00-04:00,10.489999771118164,10.489999771118164,10.489999771118164,10.489999771118164,0,0.0,0.0
2023-03-24 00:00:00-04:00,10.489999771118164,10.489999771118164,10.489999771118164,10.489999771118164,400,0.0,0.0
2023-03-27 00:00:00-04:00,10.520000457763672,10.520000457763672,10.520000457763672,10.520000457763672,200,0.0,0.0
2023-03-28 00:00:00-04:00,10.520000457763672,10.520000457763672,10.520000457763672,10.520000457763672,0,0.0,0.0
2023-03-29 00:00:00-04:00,10.520000457763672,10.520000457763672,10.480999946594238,10.480999946594238,400,0.0,0.0
2023-03-30 00:00:00-04:00,10.480999946594238,10.480999946594238,10.480999946594238,10.480999946594238,0,0.0,0.0
2023-03-31 00:00:00-04:00,10.480999946594238,10.480999946594238,10.480999946594238,10.480999946594238,0,0.0,0.0
2023-04-03 00:00:00-04:00,10.480999946594238,10.480999946594238,10.480999946594238,10.480999946594238,0,0.0,0.0
2023-04-04 00:00:00-04:00,10.520000457763672,10.520000457763672,10.520000457763672,10.520000457763672,500,0.0,0.0
2023-04-05 00:00:00-04:00,10.520000457763672,10.520000457763672,10.520000457763672,10.520000457763672,300,0.0,0.0
2023-04-06 00:00:00-04:00,10.520000457763672,10.520000457763672,10.520000457763672,10.520000457763672,300,0.0,0.0
2023-04-10 00:00:00-04:00,10.520000457763672,10.520000457763672,10.520000457763672,10.520000457763672,0,0.0,0.0
2023-04-11 00:00:00-04:00,10.479999542236328,10.479999542236328,10.479999542236328,10.479999542236328,1500,0.0,0.0
2023-04-12 00:00:00-04:00,10.479999542236328,10.479999542236328,10.479999542236328,10.479999542236328,0,0.0,0.0
2023-04-13 00:00:00-04:00,10.479999542236328,10.479999542236328,10.479999542236328,10.479999542236328,0,0.0,0.0
2023-04-14 00:00:00-04:00,10.479999542236328,10.479999542236328,10.479999542236328,10.479999542236328,0,0.0,0.0
2023-04-17 00:00:00-04:00,10.539999961853027,10.539999961853027,10.539999961853027,10.539999961853027,100,0.0,0.0
2023-04-18 00:00:00-04:00,10.539999961853027,10.539999961853027,10.539999961853027,10.539999961853027,0,0.0,0.0
2023-04-19 00:00:00-04:00,10.529999732971191,10.529999732971191,10.529999732971191,10.529999732971191,55000,0.0,0.0
2023-04-20 00:00:00-04:00,10.539999961853027,10.539999961853027,10.539999961853027,10.539999961853027,300,0.0,0.0
2023-04-21 00:00:00-04:00,10.539999961853027,10.539999961853027,10.539999961853027,10.539999961853027,0,0.0,0.0
2023-04-24 00:00:00-04:00,10.539999961853027,10.539999961853027,10.539999961853027,10.539999961853027,1400,0.0,0.0
2023-04-25 00:00:00-04:00,10.539999961853027,10.539999961853027,10.539999961853027,10.539999961853027,0,0.0,0.0
2023-04-26 00:00:00-04:00,10.569999694824219,10.569999694824219,10.569999694824219,10.569999694824219,100,0.0,0.0
2023-04-27 00:00:00-04:00,10.555000305175781,10.600000381469727,10.550000190734863,10.600000381469727,18300,0.0,0.0
2023-04-28 00:00:00-04:00,10.600000381469727,10.600000381469727,10.569999694824219,10.569999694824219,300,0.0,0.0
2023-05-01 00:00:00-04:00,10.569999694824219,10.569999694824219,10.569999694824219,10.569999694824219,0,0.0,0.0
2023-05-02 00:00:00-04:00,10.579999923706055,10.579999923706055,10.579999923706055,10.579999923706055,6500,0.0,0.0
2023-05-03 00:00:00-04:00,10.579999923706055,10.579999923706055,10.579999923706055,10.579999923706055,0,0.0,0.0
2023-05-04 00:00:00-04:00,10.579999923706055,10.579999923706055,10.579999923706055,10.579999923706055,0,0.0,0.0
2023-05-05 00:00:00-04:00,10.579999923706055,10.579999923706055,10.579999923706055,10.579999923706055,800,0.0,0.0
2023-05-08 00:00:00-04:00,10.579999923706055,10.579999923706055,10.579999923706055,10.579999923706055,0,0.0,0.0
2023-05-09 00:00:00-04:00,10.579999923706055,10.579999923706055,10.579999923706055,10.579999923706055,29400,0.0,0.0
2023-05-10 00:00:00-04:00,10.579999923706055,10.579999923706055,10.579999923706055,10.579999923706055,0,0.0,0.0
2023-05-11 00:00:00-04:00,10.579999923706055,10.579999923706055,10.579999923706055,10.579999923706055,0,0.0,0.0
2023-05-12 00:00:00-04:00,10.579999923706055,10.579999923706055,10.579999923706055,10.579999923706055,0,0.0,0.0
2023-05-15 00:00:00-04:00,10.579999923706055,10.579999923706055,10.579999923706055,10.579999923706055,3400,0.0,0.0
2023-05-16 00:00:00-04:00,10.640000343322754,10.661999702453613,10.640000343322754,10.65999984741211,85100,0.0,0.0
2023-05-17 00:00:00-04:00,10.670000076293945,10.670000076293945,10.670000076293945,10.670000076293945,5700,0.0,0.0
2023-05-18 00:00:00-04:00,10.670000076293945,10.670000076293945,10.670000076293945,10.670000076293945,5000,0.0,0.0
2023-05-19 00:00:00-04:00,10.670000076293945,10.670000076293945,10.670000076293945,10.670000076293945,100,0.0,0.0
2023-05-22 00:00:00-04:00,10.680000305175781,10.6899995803833,10.670000076293945,10.6899995803833,37700,0.0,0.0
2023-05-23 00:00:00-04:00,10.710000038146973,10.720000267028809,10.710000038146973,10.720000267028809,1500,0.0,0.0
2023-05-24 00:00:00-04:00,10.720000267028809,10.720000267028809,10.720000267028809,10.720000267028809,0,0.0,0.0
2023-05-25 00:00:00-04:00,10.710000038146973,10.789999961853027,10.710000038146973,10.789999961853027,6300,0.0,0.0
2023-05-26 00:00:00-04:00,10.930000305175781,10.930000305175781,10.78499984741211,10.78499984741211,1100,0.0,0.0
2023-05-30 00:00:00-04:00,10.78499984741211,10.78499984741211,10.78499984741211,10.78499984741211,100,0.0,0.0
2023-05-31 00:00:00-04:00,10.779999732971191,10.779999732971191,10.779999732971191,10.779999732971191,24700,0.0,0.0
2023-06-01 00:00:00-04:00,10.779999732971191,10.779999732971191,10.779999732971191,10.779999732971191,150600,0.0,0.0
2023-06-02 00:00:00-04:00,10.779999732971191,10.779999732971191,10.779999732971191,10.779999732971191,0,0.0,0.0
2023-06-05 00:00:00-04:00,10.779999732971191,10.779999732971191,10.779999732971191,10.779999732971191,0,0.0,0.0
2023-06-06 00:00:00-04:00,10.779999732971191,10.779999732971191,10.779999732971191,10.779999732971191,0,0.0,0.0
2023-06-07 00:00:00-04:00,10.779999732971191,10.779999732971191,10.779999732971191,10.779999732971191,0,0.0,0.0
2023-06-08 00:00:00-04:00,10.770000457763672,10.770000457763672,10.75,10.770000457763672,9200,0.0,0.0
2023-06-09 00:00:00-04:00,10.770000457763672,10.770000457763672,10.770000457763672,10.770000457763672,200,0.0,0.0
2023-06-12 00:00:00-04:00,10.770000457763672,10.789999961853027,10.770000457763672,10.779999732971191,16700,0.0,0.0
2023-06-13 00:00:00-04:00,10.779999732971191,10.779999732971191,10.779999732971191,10.779999732971191,12000,0.0,0.0
2023-06-14 00:00:00-04:00,10.779999732971191,10.800000190734863,10.779999732971191,10.800000190734863,9600,0.0,0.0
2023-06-15 00:00:00-04:00,10.79699993133545,10.800000190734863,10.79699993133545,10.800000190734863,300,0.0,0.0
2023-06-16 00:00:00-04:00,10.800000190734863,10.800000190734863,10.800000190734863,10.800000190734863,0,0.0,0.0
2023-06-20 00:00:00-04:00,10.795000076293945,10.800000190734863,10.795000076293945,10.800000190734863,52000,0.0,0.0
2023-06-21 00:00:00-04:00,10.789999961853027,10.795000076293945,10.789999961853027,10.789999961853027,6500,0.0,0.0
2023-06-22 00:00:00-04:00,10.8100004196167,10.8100004196167,10.8100004196167,10.8100004196167,1000,0.0,0.0
2023-06-23 00:00:00-04:00,10.800000190734863,10.8100004196167,10.800000190734863,10.8100004196167,21000,0.0,0.0
2023-06-26 00:00:00-04:00,10.8100004196167,10.8100004196167,10.8100004196167,10.8100004196167,0,0.0,0.0
2023-06-27 00:00:00-04:00,10.819999694824219,10.819999694824219,10.8100004196167,10.8100004196167,5400,0.0,0.0
2023-06-28 00:00:00-04:00,10.800000190734863,10.800000190734863,10.800000190734863,10.800000190734863,400,0.0,0.0
2023-06-29 00:00:00-04:00,10.800000190734863,10.819999694824219,10.800000190734863,10.807999610900879,7600,0.0,0.0
2023-06-30 00:00:00-04:00,10.800000190734863,10.824999809265137,10.800000190734863,10.824999809265137,800,0.0,0.0
2023-07-03 00:00:00-04:00,10.824999809265137,10.824999809265137,10.824999809265137,10.824999809265137,0,0.0,0.0
2023-07-05 00:00:00-04:00,10.8100004196167,10.8100004196167,10.8100004196167,10.8100004196167,3900,0.0,0.0
2023-07-06 00:00:00-04:00,10.8100004196167,10.8100004196167,10.8100004196167,10.8100004196167,150200,0.0,0.0
2023-07-07 00:00:00-04:00,10.8100004196167,10.8100004196167,10.8100004196167,10.8100004196167,0,0.0,0.0
2023-07-10 00:00:00-04:00,10.8100004196167,10.8100004196167,10.8100004196167,10.8100004196167,0,0.0,0.0
2023-07-11 00:00:00-04:00,10.8100004196167,10.8100004196167,10.8100004196167,10.8100004196167,0,0.0,0.0
2023-07-12 00:00:00-04:00,10.819999694824219,10.829999923706055,10.819999694824219,10.819999694824219,6000,0.0,0.0
2023-07-13 00:00:00-04:00,10.760000228881836,10.760000228881836,10.710000038146973,10.739999771118164,7700,0.0,0.0
2023-07-14 00:00:00-04:00,10.739999771118164,10.739999771118164,10.739999771118164,10.739999771118164,0,0.0,0.0
2023-07-17 00:00:00-04:00,10.760000228881836,10.8100004196167,10.760000228881836,10.760000228881836,2000,0.0,0.0
2023-07-18 00:00:00-04:00,10.770000457763672,10.770000457763672,10.770000457763672,10.770000457763672,300,0.0,0.0
2023-07-19 00:00:00-04:00,10.770000457763672,10.770000457763672,10.770000457763672,10.770000457763672,0,0.0,0.0
2023-07-20 00:00:00-04:00,10.770000457763672,10.770000457763672,10.770000457763672,10.770000457763672,0,0.0,0.0
2023-07-21 00:00:00-04:00,10.770000457763672,10.770000457763672,10.770000457763672,10.770000457763672,0,0.0,0.0
2023-07-24 00:00:00-04:00,10.770000457763672,10.770000457763672,10.770000457763672,10.770000457763672,0,0.0,0.0
2023-07-25 00:00:00-04:00,10.770000457763672,10.770000457763672,10.770000457763672,10.770000457763672,0,0.0,0.0
2023-07-26 00:00:00-04:00,10.770000457763672,10.770000457763672,10.770000457763672,10.770000457763672,0,0.0,0.0
2023-07-27 00:00:00-04:00,10.770000457763672,10.770000457763672,10.770000457763672,10.770000457763672,0,0.0,0.0
2023-07-28 00:00:00-04:00,10.770000457763672,10.770000457763672,10.770000457763672,10.770000457763672,0,0.0,0.0
2023-07-31 00:00:00-04:00,10.770000457763672,10.770000457763672,10.770000457763672,10.770000457763672,100,0.0,0.0
2023-08-01 00:00:00-04:00,10.770000457763672,10.770000457763672,10.770000457763672,10.770000457763672,0,0.0,0.0
2023-08-02 00:00:00-04:00,10.779999732971191,10.803000450134277,10.779999732971191,10.795000076293945,5900,0.0,0.0
2023-08-03 00:00:00-04:00,10.795000076293945,10.795000076293945,10.795000076293945,10.795000076293945,0,0.0,0.0
2023-08-04 00:00:00-04:00,10.795000076293945,10.795000076293945,10.795000076293945,10.795000076293945,0,0.0,0.0
2023-08-07 00:00:00-04:00,10.800000190734863,10.800000190734863,10.800000190734863,10.800000190734863,300,0.0,0.0
2023-08-08 00:00:00-04:00,10.800000190734863,10.800000190734863,10.800000190734863,10.800000190734863,0,0.0,0.0
2023-08-09 00:00:00-04:00,10.800000190734863,10.800000190734863,10.800000190734863,10.800000190734863,0,0.0,0.0
2023-08-10 00:00:00-04:00,10.800000190734863,10.800000190734863,10.800000190734863,10.800000190734863,0,0.0,0.0
2023-08-11 00:00:00-04:00,10.800000190734863,10.800000190734863,10.800000190734863,10.800000190734863,0,0.0,0.0
2023-08-14 00:00:00-04:00,10.829999923706055,10.84000015258789,10.819999694824219,10.84000015258789,11400,0.0,0.0
2023-08-15 00:00:00-04:00,10.84000015258789,10.84000015258789,10.84000015258789,10.84000015258789,0,0.0,0.0
2023-08-16 00:00:00-04:00,10.800000190734863,10.869999885559082,10.800000190734863,10.869999885559082,1200,0.0,0.0
2023-08-17 00:00:00-04:00,10.869999885559082,10.869999885559082,10.869999885559082,10.869999885559082,0,0.0,0.0
2023-08-18 00:00:00-04:00,10.869999885559082,10.869999885559082,10.869999885559082,10.869999885559082,0,0.0,0.0
2023-08-21 00:00:00-04:00,10.890000343322754,10.890000343322754,10.890000343322754,10.890000343322754,80000,0.0,0.0
2023-08-22 00:00:00-04:00,10.890000343322754,11.109999656677246,10.890000343322754,10.890000343322754,307000,0.0,0.0
2023-08-23 00:00:00-04:00,10.899999618530273,10.970000267028809,10.899999618530273,10.899999618530273,4200,0.0,0.0
2023-08-24 00:00:00-04:00,10.949999809265137,10.949999809265137,10.949999809265137,10.949999809265137,200,0.0,0.0
2023-08-25 00:00:00-04:00,10.949999809265137,10.949999809265137,10.949999809265137,10.949999809265137,0,0.0,0.0
2023-08-28 00:00:00-04:00,10.90999984741211,10.970000267028809,10.90999984741211,10.960000038146973,1800,0.0,0.0
2023-08-29 00:00:00-04:00,10.90999984741211,10.90999984741211,10.90999984741211,10.90999984741211,800,0.0,0.0
2023-08-30 00:00:00-04:00,10.90999984741211,10.90999984741211,10.90999984741211,10.90999984741211,0,0.0,0.0
2023-08-31 00:00:00-04:00,10.90999984741211,10.90999984741211,10.90999984741211,10.90999984741211,0,0.0,0.0
2023-09-01 00:00:00-04:00,10.90999984741211,10.90999984741211,10.90999984741211,10.90999984741211,0,0.0,0.0
2023-09-05 00:00:00-04:00,10.90999984741211,10.90999984741211,10.869999885559082,10.869999885559082,8500,0.0,0.0
2023-09-06 00:00:00-04:00,10.899999618530273,10.949999809265137,10.899999618530273,10.9399995803833,11300,0.0,0.0
2023-09-07 00:00:00-04:00,10.949999809265137,10.979999542236328,10.949999809265137,10.979999542236328,12700,0.0,0.0
2023-09-08 00:00:00-04:00,10.90999984741211,10.90999984741211,10.899999618530273,10.899999618530273,400,0.0,0.0
2023-09-11 00:00:00-04:00,10.979999542236328,10.989999771118164,10.899999618530273,10.899999618530273,1800,0.0,0.0
2023-09-12 00:00:00-04:00,10.989999771118164,10.989999771118164,10.930000305175781,10.949999809265137,150900,0.0,0.0
2023-09-13 00:00:00-04:00,10.960000038146973,10.970000267028809,10.960000038146973,10.970000267028809,17200,0.0,0.0
2023-09-14 00:00:00-04:00,10.970000267028809,10.970000267028809,10.970000267028809,10.970000267028809,0,0.0,0.0
2023-09-15 00:00:00-04:00,10.949999809265137,10.949999809265137,10.949999809265137,10.949999809265137,15700,0.0,0.0
2023-09-18 00:00:00-04:00,10.954999923706055,10.954999923706055,10.9399995803833,10.9399995803833,11400,0.0,0.0
2023-09-19 00:00:00-04:00,10.960000038146973,10.970000267028809,10.960000038146973,10.970000267028809,12400,0.0,0.0
2023-09-20 00:00:00-04:00,10.970000267028809,10.970000267028809,10.970000267028809,10.970000267028809,0,0.0,0.0
2023-09-21 00:00:00-04:00,10.970000267028809,10.970000267028809,10.970000267028809,10.970000267028809,0,0.0,0.0
2023-09-22 00:00:00-04:00,10.970000267028809,10.970000267028809,10.970000267028809,10.970000267028809,0,0.0,0.0
2023-09-25 00:00:00-04:00,10.970000267028809,10.970000267028809,10.970000267028809,10.970000267028809,0,0.0,0.0
2023-09-26 00:00:00-04:00,10.970000267028809,10.970000267028809,10.970000267028809,10.970000267028809,100,0.0,0.0
2023-09-27 00:00:00-04:00,10.970000267028809,10.970000267028809,10.970000267028809,10.970000267028809,0,0.0,0.0
2023-09-28 00:00:00-04:00,10.920000076293945,10.920000076293945,10.920000076293945,10.920000076293945,100,0.0,0.0
2023-09-29 00:00:00-04:00,10.920000076293945,10.920000076293945,10.920000076293945,10.920000076293945,0,0.0,0.0
2023-10-02 00:00:00-04:00,10.920000076293945,10.920000076293945,10.920000076293945,10.920000076293945,0,0.0,0.0
2023-10-03 00:00:00-04:00,10.937000274658203,10.937000274658203,10.920000076293945,10.920000076293945,1600,0.0,0.0
2023-10-04 00:00:00-04:00,10.920999526977539,10.920999526977539,10.920000076293945,10.920999526977539,600,0.0,0.0
2023-10-05 00:00:00-04:00,10.920999526977539,10.920999526977539,10.920999526977539,10.920999526977539,0,0.0,0.0
2023-10-06 00:00:00-04:00,10.920999526977539,10.920999526977539,10.920999526977539,10.920999526977539,0,0.0,0.0
2023-10-09 00:00:00-04:00,10.920999526977539,10.920999526977539,10.920999526977539,10.920999526977539,0,0.0,0.0
2023-10-10 00:00:00-04:00,10.920999526977539,10.920999526977539,10.920999526977539,10.920999526977539,0,0.0,0.0
2023-10-11 00:00:00-04:00,10.920000076293945,10.920000076293945,10.920000076293945,10.920000076293945,700,0.0,0.0
2023-10-12 00:00:00-04:00,10.920000076293945,10.920000076293945,10.920000076293945,10.920000076293945,0,0.0,0.0
2023-10-13 00:00:00-04:00,10.930000305175781,10.930000305175781,10.930000305175781,10.930000305175781,900,0.0,0.0
2023-10-16 00:00:00-04:00,10.930000305175781,10.930000305175781,10.930000305175781,10.930000305175781,0,0.0,0.0
2023-10-17 00:00:00-04:00,10.930000305175781,10.930000305175781,10.930000305175781,10.930000305175781,0,0.0,0.0
2023-10-18 00:00:00-04:00,10.930000305175781,10.930000305175781,10.930000305175781,10.930000305175781,900,0.0,0.0
2023-10-19 00:00:00-04:00,10.930000305175781,10.930000305175781,10.930000305175781,10.930000305175781,0,0.0,0.0
2023-10-20 00:00:00-04:00,10.951000213623047,10.951000213623047,10.949999809265137,10.949999809265137,600,0.0,0.0
2023-10-23 00:00:00-04:00,10.989999771118164,10.989999771118164,10.989999771118164,10.989999771118164,14100,0.0,0.0
2023-10-24 00:00:00-04:00,10.989999771118164,10.989999771118164,10.989999771118164,10.989999771118164,0,0.0,0.0
2023-10-25 00:00:00-04:00,10.989999771118164,10.989999771118164,10.989999771118164,10.989999771118164,0,0.0,0.0
2023-10-26 00:00:00-04:00,10.949999809265137,10.949999809265137,10.949999809265137,10.949999809265137,100,0.0,0.0
2023-10-27 00:00:00-04:00,10.97599983215332,10.97599983215332,10.97599983215332,10.97599983215332,700,0.0,0.0
2023-10-30 00:00:00-04:00,9.880000114440918,10.859999656677246,9.880000114440918,10.859999656677246,700,0.0,0.0
2023-10-31 00:00:00-04:00,11.050000190734863,11.050000190734863,11.010000228881836,11.010000228881836,600,0.0,0.0
2023-11-01 00:00:00-04:00,11.029999732971191,11.029999732971191,10.430000305175781,11.0,6000,0.0,0.0
2023-11-02 00:00:00-04:00,10.444999694824219,11.010000228881836,10.444999694824219,10.9399995803833,7000,0.0,0.0
2023-11-03 00:00:00-04:00,10.99899959564209,11.130000114440918,10.90999984741211,10.960000038146973,15200,0.0,0.0
2023-11-06 00:00:00-05:00,10.949999809265137,10.970000267028809,10.949999809265137,10.970000267028809,3400,0.0,0.0
2023-11-07 00:00:00-05:00,10.949999809265137,10.949999809265137,10.949999809265137,10.949999809265137,4200,0.0,0.0
2023-11-08 00:00:00-05:00,10.949999809265137,10.949999809265137,10.949999809265137,10.949999809265137,0,0.0,0.0
2023-11-09 00:00:00-05:00,10.949999809265137,10.949999809265137,10.949999809265137,10.949999809265137,0,0.0,0.0
2023-11-10 00:00:00-05:00,10.949999809265137,10.949999809265137,10.949999809265137,10.949999809265137,2200,0.0,0.0
2023-11-13 00:00:00-05:00,10.949999809265137,10.949999809265137,10.949999809265137,10.949999809265137,400,0.0,0.0
2023-11-14 00:00:00-05:00,11.039999961853027,11.039999961853027,11.039999961853027,11.039999961853027,200,0.0,0.0
2023-11-15 00:00:00-05:00,11.039999961853027,11.039999961853027,11.039999961853027,11.039999961853027,0,0.0,0.0
2023-11-16 00:00:00-05:00,11.039999961853027,11.039999961853027,11.039999961853027,11.039999961853027,0,0.0,0.0
2023-11-17 00:00:00-05:00,10.989999771118164,10.989999771118164,10.989999771118164,10.989999771118164,1100,0.0,0.0
2023-11-20 00:00:00-05:00,10.960000038146973,10.960000038146973,10.960000038146973,10.960000038146973,1200,0.0,0.0
2023-11-21 00:00:00-05:00,10.970000267028809,10.970000267028809,10.961000442504883,10.970000267028809,3400,0.0,0.0
2023-11-22 00:00:00-05:00,10.970000267028809,10.970000267028809,10.970000267028809,10.970000267028809,0,0.0,0.0
2023-11-24 00:00:00-05:00,10.970000267028809,10.970000267028809,10.970000267028809,10.970000267028809,0,0.0,0.0
2023-11-27 00:00:00-05:00,10.960000038146973,10.960000038146973,10.949999809265137,10.960000038146973,8800,0.0,0.0
2023-11-28 00:00:00-05:00,10.960000038146973,10.960000038146973,10.960000038146973,10.960000038146973,0,0.0,0.0
2023-11-29 00:00:00-05:00,10.960000038146973,10.960000038146973,10.960000038146973,10.960000038146973,0,0.0,0.0
2023-11-30 00:00:00-05:00,10.960000038146973,10.960000038146973,10.960000038146973,10.960000038146973,100,0.0,0.0
2023-12-01 00:00:00-05:00,10.960000038146973,10.960000038146973,10.960000038146973,10.960000038146973,0,0.0,0.0
2023-12-04 00:00:00-05:00,10.960000038146973,10.960000038146973,10.960000038146973,10.960000038146973,0,0.0,0.0
2023-12-05 00:00:00-05:00,10.949999809265137,10.949999809265137,10.949999809265137,10.949999809265137,100,0.0,0.0
2023-12-06 00:00:00-05:00,10.949999809265137,10.949999809265137,10.949999809265137,10.949999809265137,200,0.0,0.0
2023-12-07 00:00:00-05:00,10.949999809265137,10.949999809265137,10.949999809265137,10.949999809265137,0,0.0,0.0
2023-12-08 00:00:00-05:00,10.970000267028809,10.970000267028809,10.960000038146973,10.960000038146973,116400,0.0,0.0
2023-12-11 00:00:00-05:00,10.970000267028809,10.970000267028809,10.96500015258789,10.970000267028809,33500,0.0,0.0
2023-12-12 00:00:00-05:00,10.949999809265137,10.949999809265137,10.949999809265137,10.949999809265137,400,0.0,0.0
2023-12-13 00:00:00-05:00,10.949999809265137,11.020000457763672,10.949999809265137,11.010000228881836,30100,0.0,0.0
2023-12-14 00:00:00-05:00,11.0,11.0,11.0,11.0,19000,0.0,0.0
2023-12-15 00:00:00-05:00,11.039999961853027,11.039999961853027,11.039999961853027,11.039999961853027,100,0.0,0.0
2023-12-18 00:00:00-05:00,11.039999961853027,11.039999961853027,11.039999961853027,11.039999961853027,300,0.0,0.0
2023-12-19 00:00:00-05:00,11.03499984741211,11.039999961853027,11.03499984741211,11.039999961853027,1000,0.0,0.0
2023-12-20 00:00:00-05:00,11.039999961853027,11.039999961853027,11.039999961853027,11.039999961853027,0,0.0,0.0
2023-12-21 00:00:00-05:00,11.039999961853027,11.039999961853027,11.039999961853027,11.039999961853027,0,0.0,0.0
2023-12-22 00:00:00-05:00,11.039999961853027,11.039999961853027,11.039999961853027,11.039999961853027,0,0.0,0.0
2023-12-26 00:00:00-05:00,11.079999923706055,11.079999923706055,11.029999732971191,11.029999732971191,1500,0.0,0.0
2023-12-27 00:00:00-05:00,11.029999732971191,11.029999732971191,11.029999732971191,11.029999732971191,0,0.0,0.0
2023-12-28 00:00:00-05:00,11.0600004196167,11.138999938964844,11.0600004196167,11.079999923706055,15400,0.0,0.0
2023-12-29 00:00:00-05:00,11.069999694824219,11.069999694824219,11.0600004196167,11.0600004196167,1400,0.0,0.0
2024-01-02 00:00:00-05:00,11.0600004196167,11.0600004196167,11.0600004196167,11.0600004196167,0,0.0,0.0
2024-01-03 00:00:00-05:00,11.0600004196167,11.0600004196167,11.0600004196167,11.0600004196167,0,0.0,0.0
2024-01-04 00:00:00-05:00,11.140000343322754,11.140000343322754,11.140000343322754,11.140000343322754,200,0.0,0.0
2024-01-05 00:00:00-05:00,11.140000343322754,11.140000343322754,11.140000343322754,11.140000343322754,0,0.0,0.0
2024-01-08 00:00:00-05:00,11.140000343322754,11.140000343322754,11.140000343322754,11.140000343322754,0,0.0,0.0
2024-01-09 00:00:00-05:00,11.140000343322754,11.140000343322754,11.140000343322754,11.140000343322754,0,0.0,0.0
2024-01-10 00:00:00-05:00,11.140000343322754,11.140000343322754,11.140000343322754,11.140000343322754,0,0.0,0.0
2024-01-11 00:00:00-05:00,11.140000343322754,11.140000343322754,11.140000343322754,11.140000343322754,0,0.0,0.0
2024-01-12 00:00:00-05:00,11.0600004196167,11.0600004196167,11.0600004196167,11.0600004196167,100,0.0,0.0
2024-01-16 00:00:00-05:00,11.09000015258789,11.09000015258789,11.069999694824219,11.09000015258789,500,0.0,0.0
2024-01-17 00:00:00-05:00,11.09000015258789,11.09000015258789,11.09000015258789,11.09000015258789,0,0.0,0.0
2024-01-18 00:00:00-05:00,11.09000015258789,11.09000015258789,11.09000015258789,11.09000015258789,0,0.0,0.0
2024-01-19 00:00:00-05:00,11.09000015258789,11.09000015258789,11.09000015258789,11.09000015258789,0,0.0,0.0
2024-01-22 00:00:00-05:00,11.09000015258789,11.09000015258789,11.09000015258789,11.09000015258789,0,0.0,0.0
2024-01-23 00:00:00-05:00,11.09000015258789,11.09000015258789,11.09000015258789,11.09000015258789,0,0.0,0.0
2024-01-24 00:00:00-05:00,11.119999885559082,11.119999885559082,11.119999885559082,11.119999885559082,75100,0.0,0.0
2024-01-25 00:00:00-05:00,11.119999885559082,11.140000343322754,11.119999885559082,11.119999885559082,216000,0.0,0.0
2024-01-26 00:00:00-05:00,11.119999885559082,11.119999885559082,11.119999885559082,11.119999885559082,100,0.0,0.0
2024-01-29 00:00:00-05:00,11.489999771118164,11.489999771118164,11.140000343322754,11.142999649047852,241600,0.0,0.0
2024-01-30 00:00:00-05:00,11.142999649047852,11.142999649047852,11.142999649047852,11.142999649047852,0,0.0,0.0
2024-01-31 00:00:00-05:00,11.119999885559082,11.119999885559082,11.119999885559082,11.119999885559082,300,0.0,0.0
2024-02-01 00:00:00-05:00,11.119999885559082,11.119999885559082,11.119999885559082,11.119999885559082,0,0.0,0.0
2024-02-02 00:00:00-05:00,11.119999885559082,11.119999885559082,11.119999885559082,11.119999885559082,0,0.0,0.0
2024-02-05 00:00:00-05:00,11.0600004196167,11.130000114440918,11.0600004196167,11.119999885559082,7900,0.0,0.0
2024-02-06 00:00:00-05:00,11.109999656677246,11.114999771118164,11.109999656677246,11.114999771118164,1100,0.0,0.0
2024-02-07 00:00:00-05:00,11.114999771118164,11.114999771118164,11.114999771118164,11.114999771118164,0,0.0,0.0
2024-02-08 00:00:00-05:00,11.109999656677246,11.109999656677246,11.109999656677246,11.109999656677246,8100,0.0,0.0
2024-02-09 00:00:00-05:00,11.109999656677246,11.109999656677246,11.109999656677246,11.109999656677246,0,0.0,0.0
2024-02-12 00:00:00-05:00,11.079999923706055,11.079999923706055,11.069999694824219,11.069999694824219,900,0.0,0.0
2024-02-13 00:00:00-05:00,11.119999885559082,11.119999885559082,11.119999885559082,11.119999885559082,100500,0.0,0.0
2024-02-14 00:00:00-05:00,11.119999885559082,11.119999885559082,11.119999885559082,11.119999885559082,0,0.0,0.0
2024-02-15 00:00:00-05:00,11.125,11.125,11.104999542236328,11.104999542236328,19100,0.0,0.0
2024-02-16 00:00:00-05:00,11.119999885559082,11.140000343322754,11.119999885559082,11.130000114440918,32900,0.0,0.0
2024-02-20 00:00:00-05:00,11.130000114440918,11.239999771118164,11.125,11.154999732971191,165500,0.0,0.0
2024-02-21 00:00:00-05:00,11.210000038146973,11.210000038146973,11.180000305175781,11.180000305175781,700,0.0,0.0
2024-02-22 00:00:00-05:00,11.180000305175781,11.180000305175781,11.180000305175781,11.180000305175781,200,0.0,0.0
2024-02-23 00:00:00-05:00,11.180000305175781,11.180000305175781,11.140000343322754,11.149999618530273,124800,0.0,0.0
2024-02-26 00:00:00-05:00,11.149999618530273,11.149999618530273,11.149999618530273,11.149999618530273,100,0.0,0.0
2024-02-27 00:00:00-05:00,11.149999618530273,11.149999618530273,11.149999618530273,11.149999618530273,100000,0.0,0.0
2024-02-28 00:00:00-05:00,11.15999984741211,11.15999984741211,11.149999618530273,11.149999618530273,30200,0.0,0.0
2024-02-29 00:00:00-05:00,11.149999618530273,11.149999618530273,11.149999618530273,11.149999618530273,0,0.0,0.0
2024-03-01 00:00:00-05:00,11.149999618530273,11.149999618530273,11.149999618530273,11.149999618530273,200,0.0,0.0
2024-03-04 00:00:00-05:00,11.180000305175781,11.180000305175781,11.180000305175781,11.180000305175781,100,0.0,0.0
2024-03-05 00:00:00-05:00,11.180000305175781,11.180000305175781,11.180000305175781,11.180000305175781,0,0.0,0.0
2024-03-06 00:00:00-05:00,11.149999618530273,11.149999618530273,11.149999618530273,11.149999618530273,500,0.0,0.0
2024-03-07 00:00:00-05:00,11.149999618530273,11.149999618530273,11.149999618530273,11.149999618530273,0,0.0,0.0
2024-03-08 00:00:00-05:00,11.149999618530273,11.149999618530273,11.149999618530273,11.149999618530273,300,0.0,0.0
2024-03-11 00:00:00-04:00,11.199999809265137,11.210000038146973,11.199999809265137,11.199999809265137,27700,0.0,0.0
2024-03-12 00:00:00-04:00,11.199999809265137,11.199999809265137,11.199999809265137,11.199999809265137,0,0.0,0.0
2024-03-13 00:00:00-04:00,11.210000038146973,11.210000038146973,11.199999809265137,11.199999809265137,3200,0.0,0.0
2024-03-14 00:00:00-04:00,11.199999809265137,11.199999809265137,11.180000305175781,11.199999809265137,8300,0.0,0.0
2024-03-15 00:00:00-04:00,11.199999809265137,11.199999809265137,11.199999809265137,11.199999809265137,0,0.0,0.0
2024-03-18 00:00:00-04:00,11.199999809265137,11.199999809265137,11.199999809265137,11.199999809265137,0,0.0,0.0
2024-03-19 00:00:00-04:00,11.220000267028809,11.220000267028809,11.1899995803833,11.220000267028809,1200,0.0,0.0
2024-03-20 00:00:00-04:00,11.21500015258789,11.21500015258789,11.210000038146973,11.210000038146973,500,0.0,0.0
2024-03-21 00:00:00-04:00,11.210000038146973,11.210000038146973,11.210000038146973,11.210000038146973,26700,0.0,0.0
2024-03-22 00:00:00-04:00,11.220000267028809,11.220999717712402,11.220000267028809,11.220000267028809,45800,0.0,0.0
2024-03-25 00:00:00-04:00,11.21500015258789,11.21500015258789,11.1899995803833,11.1899995803833,19300,0.0,0.0
2024-03-26 00:00:00-04:00,11.229999542236328,11.229999542236328,11.229999542236328,11.229999542236328,200,0.0,0.0
2024-03-27 00:00:00-04:00,11.210000038146973,11.210000038146973,11.210000038146973,11.210000038146973,50300,0.0,0.0
2024-03-28 00:00:00-04:00,11.210000038146973,11.210000038146973,11.210000038146973,11.210000038146973,0,0.0,0.0
2024-04-01 00:00:00-04:00,11.1899995803833,11.239999771118164,11.1899995803833,11.239999771118164,59100,0.0,0.0
2024-04-02 00:00:00-04:00,11.229999542236328,11.229999542236328,11.1899995803833,11.1899995803833,5400,0.0,0.0
2024-04-03 00:00:00-04:00,11.199999809265137,11.270000457763672,11.1899995803833,11.1899995803833,22400,0.0,0.0
2024-04-04 00:00:00-04:00,11.199999809265137,11.199999809265137,11.1899995803833,11.199999809265137,11300,0.0,0.0
2024-04-05 00:00:00-04:00,11.199999809265137,11.199999809265137,11.199999809265137,11.199999809265137,1300,0.0,0.0
2024-04-08 00:00:00-04:00,11.199999809265137,11.220000267028809,11.199999809265137,11.220000267028809,1800,0.0,0.0
2024-04-09 00:00:00-04:00,11.199999809265137,11.199999809265137,11.199999809265137,11.199999809265137,300,0.0,0.0
2024-04-10 00:00:00-04:00,11.199999809265137,11.199999809265137,11.199999809265137,11.199999809265137,0,0.0,0.0
2024-04-11 00:00:00-04:00,11.100000381469727,11.100000381469727,11.100000381469727,11.100000381469727,200,0.0,0.0
2024-04-12 00:00:00-04:00,11.204999923706055,11.25,11.204999923706055,11.25,2300,0.0,0.0
2024-04-15 00:00:00-04:00,11.25,11.25,11.25,11.25,0,0.0,0.0
2024-04-16 00:00:00-04:00,11.234999656677246,11.234999656677246,11.210000038146973,11.210000038146973,24500,0.0,0.0
2024-04-17 00:00:00-04:00,11.210000038146973,11.210000038146973,11.210000038146973,11.210000038146973,0,0.0,0.0
2024-04-18 00:00:00-04:00,11.210000038146973,11.210000038146973,11.210000038146973,11.210000038146973,0,0.0,0.0
2024-04-19 00:00:00-04:00,11.210000038146973,11.210000038146973,11.210000038146973,11.210000038146973,0,0.0,0.0
2024-04-22 00:00:00-04:00,11.210000038146973,11.210000038146973,11.210000038146973,11.210000038146973,0,0.0,0.0
2024-04-23 00:00:00-04:00,11.210000038146973,11.210000038146973,11.210000038146973,11.210000038146973,0,0.0,0.0
2024-04-24 00:00:00-04:00,11.199999809265137,11.220000267028809,11.199999809265137,11.220000267028809,300,0.0,0.0
2024-04-25 00:00:00-04:00,11.199999809265137,11.199999809265137,11.199999809265137,11.199999809265137,100,0.0,0.0
2024-04-26 00:00:00-04:00,11.199999809265137,11.199999809265137,11.199999809265137,11.199999809265137,100,0.0,0.0
2024-04-29 00:00:00-04:00,11.199999809265137,11.199999809265137,11.199999809265137,11.199999809265137,400,0.0,0.0
2024-04-30 00:00:00-04:00,11.199999809265137,11.199999809265137,11.199999809265137,11.199999809265137,0,0.0,0.0
2024-05-01 00:00:00-04:00,11.199999809265137,11.199999809265137,11.199999809265137,11.199999809265137,0,0.0,0.0
2024-05-02 00:00:00-04:00,11.199999809265137,11.199999809265137,11.199999809265137,11.199999809265137,0,0.0,0.0
2024-05-03 00:00:00-04:00,11.25,11.260000228881836,11.25,11.260000228881836,27300,0.0,0.0
2024-05-06 00:00:00-04:00,11.260000228881836,11.260000228881836,11.260000228881836,11.260000228881836,5800,0.0,0.0
2024-05-07 00:00:00-04:00,11.260000228881836,11.260000228881836,11.260000228881836,11.260000228881836,0,0.0,0.0
2024-05-08 00:00:00-04:00,11.260000228881836,11.260000228881836,11.260000228881836,11.260000228881836,0,0.0,0.0
2024-05-09 00:00:00-04:00,11.260000228881836,11.260000228881836,11.260000228881836,11.260000228881836,0,0.0,0.0
2024-05-10 00:00:00-04:00,11.260000228881836,11.260000228881836,11.260000228881836,11.260000228881836,0,0.0,0.0
2024-05-13 00:00:00-04:00,11.260000228881836,11.260000228881836,11.260000228881836,11.260000228881836,0,0.0,0.0
2024-05-14 00:00:00-04:00,11.220000267028809,11.289999961853027,11.220000267028809,11.289999961853027,500,0.0,0.0
2024-05-15 00:00:00-04:00,11.210000038146973,11.289999961853027,11.210000038146973,11.289999961853027,300,0.0,0.0
2024-05-16 00:00:00-04:00,11.210000038146973,11.289999961853027,11.210000038146973,11.289999961853027,300,0.0,0.0
2024-05-17 00:00:00-04:00,11.220000267028809,11.220000267028809,11.220000267028809,11.220000267028809,100,0.0,0.0
2024-05-20 00:00:00-04:00,11.279999732971191,11.279999732971191,11.279999732971191,11.279999732971191,300,0.0,0.0
2024-05-21 00:00:00-04:00,11.279999732971191,11.300000190734863,11.279999732971191,11.300000190734863,5700,0.0,0.0
2024-05-22 00:00:00-04:00,11.300000190734863,11.300000190734863,11.300000190734863,11.300000190734863,0,0.0,0.0
2024-05-23 00:00:00-04:00,11.300000190734863,11.300000190734863,11.300000190734863,11.300000190734863,0,0.0,0.0
2024-05-24 00:00:00-04:00,11.300000190734863,11.300000190734863,11.300000190734863,11.300000190734863,0,0.0,0.0
2024-05-28 00:00:00-04:00,11.300000190734863,11.300000190734863,11.300000190734863,11.300000190734863,100,0.0,0.0
2024-05-29 00:00:00-04:00,11.300000190734863,11.300000190734863,11.300000190734863,11.300000190734863,0,0.0,0.0
2024-05-30 00:00:00-04:00,11.300000190734863,11.300000190734863,11.300000190734863,11.300000190734863,0,0.0,0.0
2024-05-31 00:00:00-04:00,11.300000190734863,11.300000190734863,11.300000190734863,11.300000190734863,0,0.0,0.0
2024-06-03 00:00:00-04:00,11.300000190734863,11.300000190734863,11.300000190734863,11.300000190734863,0,0.0,0.0
2024-06-04 00:00:00-04:00,11.300000190734863,11.300000190734863,11.300000190734863,11.300000190734863,100,0.0,0.0
2024-06-05 00:00:00-04:00,11.300000190734863,11.300000190734863,11.300000190734863,11.300000190734863,0,0.0,0.0
2024-06-06 00:00:00-04:00,11.279999732971191,11.279999732971191,11.279999732971191,11.279999732971191,100,0.0,0.0
2024-06-07 00:00:00-04:00,11.279999732971191,11.279999732971191,11.279999732971191,11.279999732971191,100,0.0,0.0
2024-06-10 00:00:00-04:00,11.279999732971191,11.279999732971191,11.279999732971191,11.279999732971191,100,0.0,0.0
2024-06-11 00:00:00-04:00,11.289999961853027,11.289999961853027,11.289999961853027,11.289999961853027,200,0.0,0.0
2024-06-12 00:00:00-04:00,11.289999961853027,11.289999961853027,11.289999961853027,11.289999961853027,0,0.0,0.0
2024-06-13 00:00:00-04:00,11.289999961853027,11.289999961853027,11.289999961853027,11.289999961853027,0,0.0,0.0
2024-06-14 00:00:00-04:00,11.359999656677246,11.359999656677246,11.289999961853027,11.289999961853027,400,0.0,0.0
2024-06-17 00:00:00-04:00,11.289999961853027,11.289999961853027,11.289999961853027,11.289999961853027,0,0.0,0.0
2024-06-18 00:00:00-04:00,11.289999961853027,11.289999961853027,11.289999961853027,11.289999961853027,0,0.0,0.0
2024-06-20 00:00:00-04:00,11.289999961853027,11.289999961853027,11.289999961853027,11.289999961853027,0,0.0,0.0
2024-06-21 00:00:00-04:00,11.289999961853027,11.289999961853027,11.289999961853027,11.289999961853027,0,0.0,0.0
2024-06-24 00:00:00-04:00,11.279999732971191,11.359999656677246,11.239999771118164,11.359999656677246,101800,0.0,0.0
2024-06-25 00:00:00-04:00,11.359999656677246,11.359999656677246,11.359999656677246,11.359999656677246,0,0.0,0.0
2024-06-26 00:00:00-04:00,11.359999656677246,11.359999656677246,11.359999656677246,11.359999656677246,0,0.0,0.0
2024-06-27 00:00:00-04:00,11.390000343322754,11.390000343322754,11.390000343322754,11.390000343322754,700,0.0,0.0
2024-06-28 00:00:00-04:00,11.390000343322754,11.390000343322754,11.390000343322754,11.390000343322754,0,0.0,0.0
2024-07-01 00:00:00-04:00,11.390000343322754,11.390000343322754,11.390000343322754,11.390000343322754,0,0.0,0.0
2024-07-02 00:00:00-04:00,11.380000114440918,11.4399995803833,11.380000114440918,11.4399995803833,2900,0.0,0.0
2024-07-03 00:00:00-04:00,11.489999771118164,11.489999771118164,11.489999771118164,11.489999771118164,300,0.0,0.0
2024-07-05 00:00:00-04:00,11.569999694824219,11.569999694824219,11.350000381469727,11.430000305175781,32000,0.0,0.0
2024-07-08 00:00:00-04:00,11.539999961853027,11.539999961853027,11.539999961853027,11.539999961853027,400,0.0,0.0
2024-07-09 00:00:00-04:00,11.539999961853027,11.539999961853027,11.539999961853027,11.539999961853027,0,0.0,0.0
2024-07-10 00:00:00-04:00,11.4399995803833,11.4399995803833,11.359999656677246,11.4399995803833,1500,0.0,0.0
2024-07-11 00:00:00-04:00,11.4399995803833,11.4399995803833,11.4399995803833,11.4399995803833,0,0.0,0.0
2024-07-12 00:00:00-04:00,11.470000267028809,11.470000267028809,11.470000267028809,11.470000267028809,300,0.0,0.0
2024-07-15 00:00:00-04:00,11.550000190734863,11.550000190734863,11.550000190734863,11.550000190734863,200,0.0,0.0
2024-07-16 00:00:00-04:00,11.489999771118164,11.489999771118164,11.489999771118164,11.489999771118164,200,0.0,0.0
2024-07-17 00:00:00-04:00,11.489999771118164,11.489999771118164,11.489999771118164,11.489999771118164,0,0.0,0.0
2024-07-18 00:00:00-04:00,11.489999771118164,11.489999771118164,11.489999771118164,11.489999771118164,100,0.0,0.0
2024-07-19 00:00:00-04:00,11.489999771118164,11.489999771118164,11.489999771118164,11.489999771118164,0,0.0,0.0
2024-07-22 00:00:00-04:00,11.489999771118164,11.489999771118164,11.489999771118164,11.489999771118164,0,0.0,0.0
2024-07-23 00:00:00-04:00,11.489999771118164,11.489999771118164,11.489999771118164,11.489999771118164,0,0.0,0.0
2024-07-24 00:00:00-04:00,11.489999771118164,11.489999771118164,11.489999771118164,11.489999771118164,0,0.0,0.0
2024-07-25 00:00:00-04:00,11.489999771118164,11.489999771118164,11.489999771118164,11.489999771118164,0,0.0,0.0
2024-07-26 00:00:00-04:00,11.489999771118164,11.489999771118164,11.489999771118164,11.489999771118164,0,0.0,0.0
2024-07-29 00:00:00-04:00,11.489999771118164,11.489999771118164,11.489999771118164,11.489999771118164,0,0.0,0.0
2024-07-30 00:00:00-04:00,11.5,11.5600004196167,11.489999771118164,11.5,2100,0.0,0.0
2024-07-31 00:00:00-04:00,11.489999771118164,11.5,11.489999771118164,11.5,5000,0.0,0.0
2024-08-01 00:00:00-04:00,11.460000038146973,11.550000190734863,11.460000038146973,11.550000190734863,1500,0.0,0.0
2024-08-02 00:00:00-04:00,11.550000190734863,11.550000190734863,11.550000190734863,11.550000190734863,0,0.0,0.0
2024-08-05 00:00:00-04:00,11.550000190734863,11.550000190734863,11.550000190734863,11.550000190734863,0,0.0,0.0
2024-08-06 00:00:00-04:00,11.520000457763672,11.520000457763672,11.520000457763672,11.520000457763672,800,0.0,0.0
2024-08-07 00:00:00-04:00,11.5,11.5,11.5,11.5,300,0.0,0.0
2024-08-08 00:00:00-04:00,11.5,11.5,11.5,11.5,0,0.0,0.0
2024-08-09 00:00:00-04:00,11.5,11.5,11.5,11.5,0,0.0,0.0
2024-08-12 00:00:00-04:00,11.5,11.5,11.5,11.5,0,0.0,0.0
2024-08-13 00:00:00-04:00,11.520000457763672,11.520000457763672,11.520000457763672,11.520000457763672,1200,0.0,0.0
2024-08-14 00:00:00-04:00,11.529999732971191,11.529999732971191,11.529999732971191,11.529999732971191,2000,0.0,0.0
2024-08-15 00:00:00-04:00,11.529999732971191,11.529999732971191,11.529999732971191,11.529999732971191,0,0.0,0.0
2024-08-16 00:00:00-04:00,11.529999732971191,11.529999732971191,11.529999732971191,11.529999732971191,100,0.0,0.0
2024-08-19 00:00:00-04:00,11.529999732971191,11.529999732971191,11.520000457763672,11.529999732971191,169400,0.0,0.0
2024-08-20 00:00:00-04:00,11.53499984741211,11.600000381469727,11.53499984741211,11.59000015258789,51100,0.0,0.0
2024-08-21 00:00:00-04:00,11.649999618530273,11.649999618530273,11.600000381469727,11.640000343322754,15900,0.0,0.0
2024-08-22 00:00:00-04:00,11.600000381469727,11.609999656677246,11.520000457763672,11.609999656677246,2100,0.0,0.0
2024-08-23 00:00:00-04:00,10.899999618530273,13.6899995803833,10.899999618530273,11.699999809265137,7000,0.0,0.0
2024-08-26 00:00:00-04:00,11.699999809265137,12.010000228881836,10.859999656677246,11.699999809265137,5600,0.0,0.0
2024-08-27 00:00:00-04:00,10.899999618530273,11.460000038146973,10.899999618530273,11.4399995803833,6400,0.0,0.0
2024-08-28 00:00:00-04:00,14.34000015258789,14.34000015258789,11.010000228881836,13.420000076293945,120900,0.0,0.0
2024-08-29 00:00:00-04:00,12.399999618530273,13.399999618530273,10.899999618530273,12.399999618530273,17800,0.0,0.0
2024-08-30 00:00:00-04:00,11.170000076293945,11.739999771118164,10.199999809265137,10.779999732971191,7200,0.0,0.0
2024-09-03 00:00:00-04:00,11.0,12.239999771118164,11.0,12.199999809265137,9100,0.0,0.0
2024-09-04 00:00:00-04:00,11.600000381469727,11.739999771118164,10.329999923706055,10.819999694824219,19200,0.0,0.0
2024-09-05 00:00:00-04:00,11.300000190734863,11.300000190734863,10.829999923706055,11.210000038146973,12200,0.0,0.0
2024-09-06 00:00:00-04:00,11.300000190734863,11.600000381469727,11.300000190734863,11.600000381469727,9800,0.0,0.0
2024-09-09 00:00:00-04:00,11.5,11.600000381469727,11.5,11.600000381469727,8800,0.0,0.0
2024-09-10 00:00:00-04:00,11.539999961853027,11.600000381469727,11.539999961853027,11.600000381469727,4400,0.0,0.0
2024-09-11 00:00:00-04:00,11.600000381469727,11.600000381469727,11.600000381469727,11.600000381469727,4900,0.0,0.0
2024-09-12 00:00:00-04:00,11.5,11.5,11.449999809265137,11.460000038146973,5700,0.0,0.0
2024-09-13 00:00:00-04:00,11.479999542236328,11.600000381469727,11.248000144958496,11.597999572753906,14000,0.0,0.0
2024-09-16 00:00:00-04:00,14.989999771118164,14.989999771118164,11.609999656677246,13.0,18000,0.0,0.0
2024-09-17 00:00:00-04:00,13.800000190734863,13.800000190734863,12.520000457763672,13.0,3300,0.0,0.0
2024-09-18 00:00:00-04:00,13.920000076293945,14.25,12.800000190734863,12.800000190734863,11600,0.0,0.0
2024-09-19 00:00:00-04:00,13.550000190734863,13.550000190734863,11.100000381469727,11.5,3000,0.0,0.0
2024-09-20 00:00:00-04:00,11.020000457763672,13.5,11.020000457763672,13.479999542236328,3700,0.0,0.0
2024-09-23 00:00:00-04:00,13.0,13.199999809265137,11.6899995803833,13.199999809265137,1800,0.0,0.0
2024-09-24 00:00:00-04:00,12.949999809265137,12.949999809265137,12.949999809265137,12.949999809265137,500,0.0,0.0
2024-09-25 00:00:00-04:00,12.949999809265137,12.949999809265137,12.949999809265137,12.949999809265137,0,0.0,0.0
2024-09-26 00:00:00-04:00,12.210000038146973,12.369999885559082,11.170000076293945,11.199999809265137,4100,0.0,0.0
2024-09-27 00:00:00-04:00,10.989999771118164,11.020000457763672,9.880000114440918,10.899999618530273,12100,0.0,0.0
2024-09-30 00:00:00-04:00,9.699999809265137,12.800000190734863,8.449999809265137,11.350000381469727,219900,0.0,0.0
2024-10-01 00:00:00-04:00,10.100000381469727,11.899999618530273,10.039999961853027,11.119999885559082,15800,0.0,0.0
2024-10-02 00:00:00-04:00,10.75,11.039999961853027,8.699999809265137,9.520000457763672,45000,0.0,0.0
2024-10-03 00:00:00-04:00,9.539999961853027,12.220000267028809,9.430000305175781,10.3100004196167,123800,0.0,0.0
2024-10-04 00:00:00-04:00,9.609999656677246,10.039999961853027,9.51200008392334,9.51200008392334,9600,0.0,0.0
2024-10-07 00:00:00-04:00,9.6899995803833,10.670000076293945,9.0,10.0,53600,0.0,0.0
2024-10-08 00:00:00-04:00,9.850000381469727,10.890000343322754,8.800000190734863,9.779999732971191,58100,0.0,0.0
2024-10-09 00:00:00-04:00,9.399999618530273,11.239999771118164,9.130000114440918,9.989999771118164,62500,0.0,0.0
2024-10-10 00:00:00-04:00,10.1899995803833,10.350000381469727,9.260000228881836,9.34000015258789,20200,0.0,0.0
2024-10-11 00:00:00-04:00,9.300000190734863,10.199999809265137,9.210000038146973,9.270000457763672,16300,0.0,0.0
2024-10-14 00:00:00-04:00,9.229999542236328,10.0,8.890000343322754,8.949999809265137,82600,0.0,0.0
2024-10-15 00:00:00-04:00,9.199999809265137,9.329999923706055,9.100000381469727,9.100000381469727,6100,0.0,0.0
2024-10-16 00:00:00-04:00,8.637999534606934,9.239999771118164,8.637999534606934,8.949999809265137,30300,0.0,0.0
2024-10-17 00:00:00-04:00,8.850000381469727,10.579999923706055,8.300000190734863,9.210000038146973,84100,0.0,0.0
2024-10-18 00:00:00-04:00,9.199999809265137,10.289999961853027,8.609999656677246,9.579999923706055,71200,0.0,0.0
2024-10-21 00:00:00-04:00,9.229999542236328,9.850000381469727,8.70199966430664,9.09000015258789,29200,0.0,0.0
2024-10-22 00:00:00-04:00,9.109999656677246,9.109999656677246,8.899999618530273,9.0,22300,0.0,0.0
2024-10-23 00:00:00-04:00,8.8100004196167,9.399999618530273,8.5,8.600000381469727,49900,0.0,0.0
2024-10-24 00:00:00-04:00,8.399999618530273,9.739999771118164,8.399999618530273,8.75,37300,0.0,0.0
2024-10-25 00:00:00-04:00,8.600000381469727,9.09000015258789,8.300000190734863,8.329999923706055,44600,0.0,0.0
2024-10-28 00:00:00-04:00,8.300000190734863,8.34000015258789,8.279999732971191,8.279999732971191,10400,0.0,0.0
2024-10-29 00:00:00-04:00,8.0,8.0,7.46999979019165,7.46999979019165,11700,0.0,0.0
2024-10-30 00:00:00-04:00,7.260000228881836,9.199999809265137,7.210000038146973,7.699999809265137,44100,0.0,0.0
2024-10-31 00:00:00-04:00,8.680000305175781,9.800000190734863,7.849999904632568,8.100000381469727,66700,0.0,0.0
2024-11-01 00:00:00-04:00,8.25,8.25,7.71999979019165,7.71999979019165,30600,0.0,0.0
2024-11-04 00:00:00-05:00,7.760000228881836,9.039999961853027,7.309999942779541,7.309999942779541,22200,0.0,0.0
2024-11-05 00:00:00-05:00,7.474999904632568,7.699999809265137,7.300000190734863,7.300000190734863,16300,0.0,0.0
2024-11-06 00:00:00-05:00,7.449999809265137,7.800000190734863,7.349999904632568,7.699999809265137,96100,0.0,0.0
2024-11-07 00:00:00-05:00,7.900000095367432,8.25,7.510000228881836,7.820000171661377,25700,0.0,0.0
2024-11-08 00:00:00-05:00,7.730000019073486,7.730000019073486,7.289999961853027,7.289999961853027,5900,0.0,0.0
2024-11-11 00:00:00-05:00,7.409999847412109,7.480000019073486,7.260000228881836,7.260000228881836,10100,0.0,0.0
2024-11-12 00:00:00-05:00,7.429999828338623,7.429999828338623,7.0,7.0,5800,0.0,0.0
2024-11-13 00:00:00-05:00,7.0,7.5,6.590000152587891,6.849999904632568,16900,0.0,0.0
2024-11-14 00:00:00-05:00,6.880000114440918,7.099999904632568,6.860000133514404,6.860000133514404,2000,0.0,0.0
2024-11-15 00:00:00-05:00,6.980000019073486,7.369999885559082,6.599999904632568,7.099999904632568,6900,0.0,0.0
2024-11-18 00:00:00-05:00,7.300000190734863,8.449999809265137,7.199999809265137,7.210000038146973,14900,0.0,0.0
2024-11-19 00:00:00-05:00,7.199999809265137,7.389999866485596,6.329999923706055,6.71999979019165,23928,0.0,0.0
