Date,Open,High,Low,Close,Volume,Dividends,Stock Splits
2022-03-09 00:00:00-05:00,9.890000343322754,9.920000076293945,9.880000114440918,9.920000076293945,65000,0.0,0.0
2022-03-10 00:00:00-05:00,9.920000076293945,9.920000076293945,9.920000076293945,9.920000076293945,75100,0.0,0.0
2022-03-11 00:00:00-05:00,9.960000038146973,9.960000038146973,9.930000305175781,9.930000305175781,300,0.0,0.0
2022-03-14 00:00:00-04:00,9.930000305175781,9.930000305175781,9.930000305175781,9.930000305175781,0,0.0,0.0
2022-03-15 00:00:00-04:00,9.899999618530273,9.920000076293945,9.899999618530273,9.920000076293945,152000,0.0,0.0
2022-03-16 00:00:00-04:00,9.930000305175781,9.9399995803833,9.930000305175781,9.930000305175781,35100,0.0,0.0
2022-03-17 00:00:00-04:00,9.890000343322754,9.9399995803833,9.890000343322754,9.930999755859375,237900,0.0,0.0
2022-03-18 00:00:00-04:00,9.90999984741211,9.9399995803833,9.899999618530273,9.90999984741211,7200,0.0,0.0
2022-03-21 00:00:00-04:00,9.90999984741211,9.90999984741211,9.899999618530273,9.899999618530273,156600,0.0,0.0
2022-03-22 00:00:00-04:00,9.90999984741211,9.930000305175781,9.90999984741211,9.930000305175781,5000,0.0,0.0
2022-03-23 00:00:00-04:00,9.930000305175781,9.930000305175781,9.930000305175781,9.930000305175781,1400,0.0,0.0
2022-03-24 00:00:00-04:00,9.930000305175781,9.930000305175781,9.930000305175781,9.930000305175781,600,0.0,0.0
2022-03-25 00:00:00-04:00,9.930000305175781,9.9350004196167,9.920000076293945,9.930000305175781,162700,0.0,0.0
2022-03-28 00:00:00-04:00,9.9399995803833,9.9399995803833,9.920000076293945,9.930000305175781,13100,0.0,0.0
2022-03-29 00:00:00-04:00,9.9399995803833,9.9399995803833,9.930000305175781,9.930000305175781,60200,0.0,0.0
2022-03-30 00:00:00-04:00,9.925000190734863,9.9399995803833,9.925000190734863,9.9399995803833,5500,0.0,0.0
2022-03-31 00:00:00-04:00,9.9399995803833,9.979999542236328,9.9399995803833,9.960000038146973,138500,0.0,0.0
2022-04-01 00:00:00-04:00,9.979999542236328,9.979999542236328,9.979999542236328,9.979999542236328,100,0.0,0.0
2022-04-04 00:00:00-04:00,9.979999542236328,9.979999542236328,9.979999542236328,9.979999542236328,100,0.0,0.0
2022-04-05 00:00:00-04:00,9.979999542236328,9.979999542236328,9.949999809265137,9.960000038146973,190500,0.0,0.0
2022-04-06 00:00:00-04:00,9.979999542236328,9.979999542236328,9.979999542236328,9.979999542236328,900,0.0,0.0
2022-04-07 00:00:00-04:00,9.979999542236328,9.979999542236328,9.960000038146973,9.960000038146973,20100,0.0,0.0
2022-04-08 00:00:00-04:00,9.949999809265137,9.970000267028809,9.949999809265137,9.970000267028809,21200,0.0,0.0
2022-04-11 00:00:00-04:00,9.970000267028809,9.970000267028809,9.970000267028809,9.970000267028809,100,0.0,0.0
2022-04-12 00:00:00-04:00,9.970000267028809,9.979999542236328,9.970000267028809,9.970000267028809,356300,0.0,0.0
2022-04-13 00:00:00-04:00,9.979999542236328,9.979999542236328,9.979999542236328,9.979999542236328,10100,0.0,0.0
2022-04-14 00:00:00-04:00,9.979999542236328,9.979999542236328,9.979999542236328,9.979999542236328,10000,0.0,0.0
2022-04-18 00:00:00-04:00,9.979999542236328,9.989999771118164,9.979999542236328,9.989999771118164,71100,0.0,0.0
2022-04-19 00:00:00-04:00,9.98900032043457,9.989999771118164,9.979999542236328,9.979999542236328,1100,0.0,0.0
2022-04-20 00:00:00-04:00,9.989999771118164,9.989999771118164,9.989999771118164,9.989999771118164,300,0.0,0.0
2022-04-21 00:00:00-04:00,9.989999771118164,9.989999771118164,9.98900032043457,9.98900032043457,11400,0.0,0.0
2022-04-22 00:00:00-04:00,9.989999771118164,9.989999771118164,9.989999771118164,9.989999771118164,300,0.0,0.0
2022-04-25 00:00:00-04:00,9.979999542236328,9.989999771118164,9.979999542236328,9.979999542236328,1400,0.0,0.0
2022-04-26 00:00:00-04:00,9.989999771118164,9.989999771118164,9.979999542236328,9.979999542236328,21500,0.0,0.0
2022-04-27 00:00:00-04:00,9.989999771118164,9.989999771118164,9.979999542236328,9.989999771118164,10300,0.0,0.0
2022-04-28 00:00:00-04:00,9.989999771118164,9.989999771118164,9.989999771118164,9.989999771118164,13600,0.0,0.0
2022-04-29 00:00:00-04:00,9.989999771118164,9.989999771118164,9.98799991607666,9.98900032043457,10600,0.0,0.0
2022-05-02 00:00:00-04:00,9.989999771118164,9.989999771118164,9.989999771118164,9.989999771118164,10400,0.0,0.0
2022-05-03 00:00:00-04:00,9.989999771118164,9.989999771118164,9.989999771118164,9.989999771118164,0,0.0,0.0
2022-05-04 00:00:00-04:00,9.989999771118164,10.010000228881836,9.989999771118164,10.010000228881836,111900,0.0,0.0
2022-05-05 00:00:00-04:00,10.010000228881836,10.010000228881836,10.010000228881836,10.010000228881836,100,0.0,0.0
2022-05-06 00:00:00-04:00,10.010000228881836,10.010000228881836,10.010000228881836,10.010000228881836,0,0.0,0.0
2022-05-09 00:00:00-04:00,9.989999771118164,9.989999771118164,9.989999771118164,9.989999771118164,10000,0.0,0.0
2022-05-10 00:00:00-04:00,10.005000114440918,10.005000114440918,9.979999542236328,9.979999542236328,13100,0.0,0.0
2022-05-11 00:00:00-04:00,9.989999771118164,9.989999771118164,9.970000267028809,9.979999542236328,158500,0.0,0.0
2022-05-12 00:00:00-04:00,9.989999771118164,9.989999771118164,9.960000038146973,9.979999542236328,400,0.0,0.0
2022-05-13 00:00:00-04:00,9.979999542236328,9.979999542236328,9.979999542236328,9.979999542236328,100,0.0,0.0
2022-05-16 00:00:00-04:00,9.960000038146973,9.979999542236328,9.960000038146973,9.970000267028809,500,0.0,0.0
2022-05-17 00:00:00-04:00,9.979999542236328,9.979999542236328,9.979999542236328,9.979999542236328,100,0.0,0.0
2022-05-18 00:00:00-04:00,9.979999542236328,9.979999542236328,9.960000038146973,9.979999542236328,1400,0.0,0.0
2022-05-19 00:00:00-04:00,9.979999542236328,9.979999542236328,9.979999542236328,9.979999542236328,200,0.0,0.0
2022-05-20 00:00:00-04:00,9.979999542236328,9.979999542236328,9.979999542236328,9.979999542236328,300,0.0,0.0
2022-05-23 00:00:00-04:00,9.979999542236328,9.979999542236328,9.979999542236328,9.979999542236328,200,0.0,0.0
2022-05-24 00:00:00-04:00,9.979999542236328,9.979999542236328,9.9399995803833,9.9399995803833,500,0.0,0.0
2022-05-25 00:00:00-04:00,9.979999542236328,9.979999542236328,9.979999542236328,9.979999542236328,300,0.0,0.0
2022-05-26 00:00:00-04:00,9.979999542236328,9.979999542236328,9.960000038146973,9.979999542236328,700,0.0,0.0
2022-05-27 00:00:00-04:00,9.979999542236328,9.979999542236328,9.979999542236328,9.979999542236328,200,0.0,0.0
2022-05-31 00:00:00-04:00,9.979999542236328,9.979999542236328,9.979999542236328,9.979999542236328,500,0.0,0.0
2022-06-01 00:00:00-04:00,9.979999542236328,9.979999542236328,9.979999542236328,9.979999542236328,300,0.0,0.0
2022-06-02 00:00:00-04:00,9.979999542236328,9.979999542236328,9.979999542236328,9.979999542236328,199900,0.0,0.0
2022-06-03 00:00:00-04:00,9.979999542236328,9.979999542236328,9.979999542236328,9.979999542236328,200,0.0,0.0
2022-06-06 00:00:00-04:00,9.979999542236328,9.979999542236328,9.979999542236328,9.979999542236328,400,0.0,0.0
2022-06-07 00:00:00-04:00,9.979999542236328,9.979999542236328,9.979999542236328,9.979999542236328,400,0.0,0.0
2022-06-08 00:00:00-04:00,9.979999542236328,9.989999771118164,9.970000267028809,9.989999771118164,20400,0.0,0.0
2022-06-09 00:00:00-04:00,9.989999771118164,9.989999771118164,9.989999771118164,9.989999771118164,6500,0.0,0.0
2022-06-10 00:00:00-04:00,10.050000190734863,10.050000190734863,9.979999542236328,9.979999542236328,12100,0.0,0.0
2022-06-13 00:00:00-04:00,9.979999542236328,10.0,9.979999542236328,10.0,1800,0.0,0.0
2022-06-14 00:00:00-04:00,10.100000381469727,10.100000381469727,9.960000038146973,9.970000267028809,55200,0.0,0.0
2022-06-15 00:00:00-04:00,10.100000381469727,10.100000381469727,10.100000381469727,10.100000381469727,200,0.0,0.0
2022-06-16 00:00:00-04:00,10.050000190734863,10.050000190734863,10.050000190734863,10.050000190734863,300,0.0,0.0
2022-06-17 00:00:00-04:00,9.960000038146973,9.989999771118164,9.949999809265137,9.949999809265137,76700,0.0,0.0
2022-06-21 00:00:00-04:00,10.050000190734863,10.050000190734863,9.989999771118164,9.989999771118164,400,0.0,0.0
2022-06-22 00:00:00-04:00,9.989999771118164,9.989999771118164,9.989999771118164,9.989999771118164,0,0.0,0.0
2022-06-23 00:00:00-04:00,10.041000366210938,10.041000366210938,10.041000366210938,10.041000366210938,100,0.0,0.0
2022-06-24 00:00:00-04:00,9.960000038146973,9.960000038146973,9.960000038146973,9.960000038146973,5200,0.0,0.0
2022-06-27 00:00:00-04:00,10.0,10.0,9.949999809265137,9.960000038146973,80700,0.0,0.0
2022-06-28 00:00:00-04:00,10.0,10.0,9.979999542236328,9.98900032043457,370100,0.0,0.0
2022-06-29 00:00:00-04:00,10.0,10.0,10.0,10.0,100,0.0,0.0
2022-06-30 00:00:00-04:00,10.0,10.0,9.989999771118164,10.0,2600,0.0,0.0
2022-07-01 00:00:00-04:00,10.0,10.0,9.979999542236328,10.0,19000,0.0,0.0
2022-07-05 00:00:00-04:00,10.0,10.0,9.989999771118164,9.989999771118164,2200,0.0,0.0
2022-07-06 00:00:00-04:00,9.989999771118164,10.0,9.989999771118164,10.0,308300,0.0,0.0
2022-07-07 00:00:00-04:00,10.0,10.0,9.989999771118164,9.989999771118164,50300,0.0,0.0
2022-07-08 00:00:00-04:00,10.0,10.0,9.989999771118164,9.989999771118164,22300,0.0,0.0
2022-07-11 00:00:00-04:00,10.0,10.0,10.0,10.0,700,0.0,0.0
2022-07-12 00:00:00-04:00,10.0,10.0,10.0,10.0,100,0.0,0.0
2022-07-13 00:00:00-04:00,10.0,10.0,10.0,10.0,100,0.0,0.0
2022-07-14 00:00:00-04:00,10.0,10.0,10.0,10.0,100,0.0,0.0
2022-07-15 00:00:00-04:00,10.0,10.0,10.0,10.0,0,0.0,0.0
2022-07-18 00:00:00-04:00,10.0,10.0,10.0,10.0,0,0.0,0.0
2022-07-19 00:00:00-04:00,10.0,10.0,10.0,10.0,0,0.0,0.0
2022-07-20 00:00:00-04:00,10.0,10.0,10.0,10.0,0,0.0,0.0
2022-07-21 00:00:00-04:00,10.0,10.0,10.0,10.0,0,0.0,0.0
2022-07-22 00:00:00-04:00,10.0,10.0,10.0,10.0,0,0.0,0.0
2022-07-25 00:00:00-04:00,10.0,10.0,10.0,10.0,0,0.0,0.0
2022-07-26 00:00:00-04:00,10.024999618530273,10.024999618530273,10.024999618530273,10.024999618530273,100,0.0,0.0
2022-07-27 00:00:00-04:00,10.029999732971191,10.029999732971191,10.029999732971191,10.029999732971191,500,0.0,0.0
2022-07-28 00:00:00-04:00,10.050000190734863,10.050000190734863,10.029999732971191,10.029999732971191,600,0.0,0.0
2022-07-29 00:00:00-04:00,10.032999992370605,10.032999992370605,10.020000457763672,10.020000457763672,15100,0.0,0.0
2022-08-01 00:00:00-04:00,10.050000190734863,10.050000190734863,10.050000190734863,10.050000190734863,100,0.0,0.0
2022-08-02 00:00:00-04:00,10.045000076293945,10.045000076293945,10.020000457763672,10.020000457763672,1500,0.0,0.0
2022-08-03 00:00:00-04:00,10.050000190734863,10.050000190734863,10.039999961853027,10.039999961853027,53400,0.0,0.0
2022-08-04 00:00:00-04:00,10.039999961853027,10.050000190734863,10.039999961853027,10.039999961853027,51500,0.0,0.0
2022-08-05 00:00:00-04:00,10.048999786376953,10.048999786376953,10.048999786376953,10.048999786376953,300,0.0,0.0
2022-08-08 00:00:00-04:00,10.0600004196167,10.0600004196167,10.03499984741211,10.039999961853027,13400,0.0,0.0
2022-08-09 00:00:00-04:00,10.09000015258789,10.09000015258789,10.09000015258789,10.09000015258789,200,0.0,0.0
2022-08-10 00:00:00-04:00,10.048999786376953,10.048999786376953,10.039999961853027,10.039999961853027,50100,0.0,0.0
2022-08-11 00:00:00-04:00,10.050000190734863,10.050000190734863,10.039999961853027,10.039999961853027,200,0.0,0.0
2022-08-12 00:00:00-04:00,10.039999961853027,10.039999961853027,10.039999961853027,10.039999961853027,100,0.0,0.0
2022-08-15 00:00:00-04:00,10.039999961853027,10.050000190734863,10.039999961853027,10.050000190734863,700,0.0,0.0
2022-08-16 00:00:00-04:00,10.100000381469727,10.100000381469727,10.100000381469727,10.100000381469727,100,0.0,0.0
2022-08-17 00:00:00-04:00,10.045000076293945,10.045000076293945,10.045000076293945,10.045000076293945,100,0.0,0.0
2022-08-18 00:00:00-04:00,10.100000381469727,10.100000381469727,10.100000381469727,10.100000381469727,100,0.0,0.0
2022-08-19 00:00:00-04:00,10.100000381469727,10.100000381469727,10.100000381469727,10.100000381469727,0,0.0,0.0
2022-08-22 00:00:00-04:00,10.100000381469727,10.100000381469727,10.100000381469727,10.100000381469727,0,0.0,0.0
2022-08-23 00:00:00-04:00,10.100000381469727,10.100000381469727,10.100000381469727,10.100000381469727,0,0.0,0.0
2022-08-24 00:00:00-04:00,10.039999961853027,10.043000221252441,10.039999961853027,10.039999961853027,2200,0.0,0.0
2022-08-25 00:00:00-04:00,10.039999961853027,10.039999961853027,10.039999961853027,10.039999961853027,0,0.0,0.0
2022-08-26 00:00:00-04:00,10.039999961853027,10.050000190734863,10.039999961853027,10.050000190734863,6700,0.0,0.0
2022-08-29 00:00:00-04:00,10.050000190734863,10.050000190734863,10.050000190734863,10.050000190734863,0,0.0,0.0
2022-08-30 00:00:00-04:00,10.0600004196167,10.0600004196167,10.050000190734863,10.050000190734863,5800,0.0,0.0
2022-08-31 00:00:00-04:00,10.050000190734863,10.055000305175781,10.050000190734863,10.055000305175781,1800,0.0,0.0
2022-09-01 00:00:00-04:00,10.055000305175781,10.055000305175781,10.055000305175781,10.055000305175781,0,0.0,0.0
2022-09-02 00:00:00-04:00,10.079999923706055,10.079999923706055,10.079999923706055,10.079999923706055,1900,0.0,0.0
2022-09-06 00:00:00-04:00,10.069999694824219,10.069999694824219,10.0600004196167,10.069999694824219,53800,0.0,0.0
2022-09-07 00:00:00-04:00,10.079999923706055,10.079999923706055,10.074999809265137,10.074999809265137,800,0.0,0.0
2022-09-08 00:00:00-04:00,10.079999923706055,10.09000015258789,10.079999923706055,10.09000015258789,3300,0.0,0.0
2022-09-09 00:00:00-04:00,10.09000015258789,10.09000015258789,10.09000015258789,10.09000015258789,0,0.0,0.0
2022-09-12 00:00:00-04:00,10.09000015258789,10.09000015258789,10.09000015258789,10.09000015258789,700,0.0,0.0
2022-09-13 00:00:00-04:00,10.149999618530273,10.149999618530273,10.149999618530273,10.149999618530273,300,0.0,0.0
2022-09-14 00:00:00-04:00,10.123000144958496,10.140000343322754,10.123000144958496,10.123000144958496,400,0.0,0.0
2022-09-15 00:00:00-04:00,10.140000343322754,10.140000343322754,10.100000381469727,10.140000343322754,104900,0.0,0.0
2022-09-16 00:00:00-04:00,10.140000343322754,10.140000343322754,10.140000343322754,10.140000343322754,300,0.0,0.0
2022-09-19 00:00:00-04:00,10.140000343322754,10.140000343322754,10.140000343322754,10.140000343322754,300,0.0,0.0
2022-09-20 00:00:00-04:00,10.140000343322754,10.140000343322754,10.100000381469727,10.140000343322754,400,0.0,0.0
2022-09-21 00:00:00-04:00,10.149999618530273,10.149999618530273,10.149999618530273,10.149999618530273,100,0.0,0.0
2022-09-22 00:00:00-04:00,10.140000343322754,10.140000343322754,10.140000343322754,10.140000343322754,300,0.0,0.0
2022-09-23 00:00:00-04:00,10.140000343322754,10.140000343322754,10.140000343322754,10.140000343322754,0,0.0,0.0
2022-09-26 00:00:00-04:00,10.170000076293945,10.170000076293945,10.170000076293945,10.170000076293945,100,0.0,0.0
2022-09-27 00:00:00-04:00,10.170000076293945,10.170000076293945,10.170000076293945,10.170000076293945,0,0.0,0.0
2022-09-28 00:00:00-04:00,10.140999794006348,10.140999794006348,10.100000381469727,10.100000381469727,25200,0.0,0.0
2022-09-29 00:00:00-04:00,10.100000381469727,10.100000381469727,10.100000381469727,10.100000381469727,0,0.0,0.0
2022-09-30 00:00:00-04:00,10.100000381469727,10.100000381469727,10.100000381469727,10.100000381469727,0,0.0,0.0
2022-10-03 00:00:00-04:00,10.199999809265137,10.199999809265137,10.199999809265137,10.199999809265137,200,0.0,0.0
2022-10-04 00:00:00-04:00,10.199999809265137,10.199999809265137,10.199999809265137,10.199999809265137,100,0.0,0.0
2022-10-05 00:00:00-04:00,10.11400032043457,10.180000305175781,10.11400032043457,10.180000305175781,500,0.0,0.0
2022-10-06 00:00:00-04:00,10.180000305175781,10.180000305175781,10.180000305175781,10.180000305175781,0,0.0,0.0
2022-10-07 00:00:00-04:00,10.180000305175781,10.180000305175781,10.180000305175781,10.180000305175781,0,0.0,0.0
2022-10-10 00:00:00-04:00,10.180000305175781,10.180000305175781,10.180000305175781,10.180000305175781,0,0.0,0.0
2022-10-11 00:00:00-04:00,10.180000305175781,10.180000305175781,10.180000305175781,10.180000305175781,100,0.0,0.0
2022-10-12 00:00:00-04:00,10.180000305175781,10.180000305175781,10.180000305175781,10.180000305175781,100,0.0,0.0
2022-10-13 00:00:00-04:00,10.180000305175781,10.180000305175781,10.180000305175781,10.180000305175781,0,0.0,0.0
2022-10-14 00:00:00-04:00,10.149999618530273,10.149999618530273,10.149999618530273,10.149999618530273,188300,0.0,0.0
2022-10-17 00:00:00-04:00,10.180000305175781,10.218000411987305,10.180000305175781,10.20300006866455,518900,0.0,0.0
2022-10-18 00:00:00-04:00,10.20300006866455,10.20300006866455,10.20300006866455,10.20300006866455,0,0.0,0.0
2022-10-19 00:00:00-04:00,10.199999809265137,10.199999809265137,10.149999618530273,10.149999618530273,77600,0.0,0.0
2022-10-20 00:00:00-04:00,10.175000190734863,10.180000305175781,10.164999961853027,10.170000076293945,2300,0.0,0.0
2022-10-21 00:00:00-04:00,10.170000076293945,10.170000076293945,10.15999984741211,10.15999984741211,7000,0.0,0.0
2022-10-24 00:00:00-04:00,10.170000076293945,10.170000076293945,10.170000076293945,10.170000076293945,100,0.0,0.0
2022-10-25 00:00:00-04:00,10.170000076293945,10.170000076293945,10.170000076293945,10.170000076293945,200,0.0,0.0
2022-10-26 00:00:00-04:00,10.164999961853027,10.164999961853027,10.15999984741211,10.15999984741211,2100,0.0,0.0
2022-10-27 00:00:00-04:00,10.180000305175781,10.180000305175781,10.175000190734863,10.175000190734863,300,0.0,0.0
2022-10-28 00:00:00-04:00,10.1899995803833,10.1899995803833,10.1899995803833,10.1899995803833,200,0.0,0.0
2022-10-31 00:00:00-04:00,10.1899995803833,10.1899995803833,10.15999984741211,10.15999984741211,1100,0.0,0.0
2022-11-01 00:00:00-04:00,10.199999809265137,10.199999809265137,10.199999809265137,10.199999809265137,200,0.0,0.0
2022-11-02 00:00:00-04:00,10.199999809265137,10.199999809265137,10.180000305175781,10.180000305175781,2200,0.0,0.0
2022-11-03 00:00:00-04:00,10.199999809265137,10.199999809265137,10.149999618530273,10.170000076293945,66600,0.0,0.0
2022-11-04 00:00:00-04:00,10.170000076293945,10.170000076293945,10.170000076293945,10.170000076293945,0,0.0,0.0
2022-11-07 00:00:00-05:00,10.180000305175781,10.180000305175781,10.175000190734863,10.180000305175781,9500,0.0,0.0
2022-11-08 00:00:00-05:00,10.210000038146973,10.210000038146973,10.199999809265137,10.199999809265137,7000,0.0,0.0
2022-11-09 00:00:00-05:00,10.210000038146973,10.210000038146973,10.20300006866455,10.20300006866455,300,0.0,0.0
2022-11-10 00:00:00-05:00,10.210000038146973,10.210000038146973,10.210000038146973,10.210000038146973,300,0.0,0.0
2022-11-11 00:00:00-05:00,10.210000038146973,10.210000038146973,10.210000038146973,10.210000038146973,0,0.0,0.0
2022-11-14 00:00:00-05:00,10.20300006866455,10.20300006866455,10.20300006866455,10.20300006866455,100,0.0,0.0
2022-11-15 00:00:00-05:00,10.210000038146973,10.210000038146973,10.210000038146973,10.210000038146973,100,0.0,0.0
2022-11-16 00:00:00-05:00,10.210000038146973,10.210000038146973,10.180000305175781,10.180000305175781,600,0.0,0.0
2022-11-17 00:00:00-05:00,10.210000038146973,10.210000038146973,10.210000038146973,10.210000038146973,100,0.0,0.0
2022-11-18 00:00:00-05:00,10.210000038146973,10.210000038146973,10.210000038146973,10.210000038146973,200,0.0,0.0
2022-11-21 00:00:00-05:00,10.189000129699707,10.194999694824219,10.189000129699707,10.1899995803833,15000,0.0,0.0
2022-11-22 00:00:00-05:00,10.210000038146973,10.220000267028809,10.210000038146973,10.220000267028809,200,0.0,0.0
2022-11-23 00:00:00-05:00,10.213000297546387,10.220000267028809,10.1899995803833,10.213000297546387,1500,0.0,0.0
2022-11-25 00:00:00-05:00,10.213000297546387,10.213000297546387,10.213000297546387,10.213000297546387,0,0.0,0.0
2022-11-28 00:00:00-05:00,10.220000267028809,10.220000267028809,10.220000267028809,10.220000267028809,200,0.0,0.0
2022-11-29 00:00:00-05:00,10.220000267028809,10.239999771118164,10.220000267028809,10.239999771118164,200,0.0,0.0
2022-11-30 00:00:00-05:00,10.239999771118164,10.239999771118164,10.239999771118164,10.239999771118164,1200,0.0,0.0
2022-12-01 00:00:00-05:00,10.229999542236328,10.239999771118164,10.229999542236328,10.239999771118164,800,0.0,0.0
2022-12-02 00:00:00-05:00,10.239999771118164,10.239999771118164,10.239999771118164,10.239999771118164,200,0.0,0.0
2022-12-05 00:00:00-05:00,10.239999771118164,10.239999771118164,10.239999771118164,10.239999771118164,100,0.0,0.0
2022-12-06 00:00:00-05:00,10.239999771118164,10.239999771118164,10.239999771118164,10.239999771118164,200,0.0,0.0
2022-12-07 00:00:00-05:00,10.239999771118164,10.239999771118164,10.239999771118164,10.239999771118164,100,0.0,0.0
2022-12-08 00:00:00-05:00,10.239999771118164,10.239999771118164,10.239999771118164,10.239999771118164,100,0.0,0.0
2022-12-09 00:00:00-05:00,10.229999542236328,10.239999771118164,10.220000267028809,10.220000267028809,400,0.0,0.0
2022-12-12 00:00:00-05:00,10.25,10.25,10.25,10.25,200,0.0,0.0
2022-12-13 00:00:00-05:00,10.25,10.25,10.25,10.25,400,0.0,0.0
2022-12-14 00:00:00-05:00,10.260000228881836,10.260000228881836,10.260000228881836,10.260000228881836,200,0.0,0.0
2022-12-15 00:00:00-05:00,10.270000457763672,10.270000457763672,10.270000457763672,10.270000457763672,400,0.0,0.0
2022-12-16 00:00:00-05:00,10.270000457763672,10.270000457763672,10.270000457763672,10.270000457763672,300,0.0,0.0
2022-12-19 00:00:00-05:00,10.210000038146973,10.210000038146973,10.210000038146973,10.210000038146973,200,0.0,0.0
2022-12-20 00:00:00-05:00,10.279999732971191,10.289999961853027,10.220000267028809,10.220000267028809,39900,0.0,0.0
2022-12-21 00:00:00-05:00,10.289999961853027,10.289999961853027,10.289999961853027,10.289999961853027,200,0.0,0.0
2022-12-22 00:00:00-05:00,10.288999557495117,10.289999961853027,10.288999557495117,10.289999961853027,5600,0.0,0.0
2022-12-23 00:00:00-05:00,10.289999961853027,10.289999961853027,10.27299976348877,10.27299976348877,400,0.0,0.0
2022-12-27 00:00:00-05:00,10.300000190734863,10.300000190734863,10.300000190734863,10.300000190734863,200,0.0,0.0
2022-12-28 00:00:00-05:00,10.300000190734863,10.319999694824219,10.295000076293945,10.295000076293945,20300,0.0,0.0
2022-12-29 00:00:00-05:00,10.295000076293945,10.295000076293945,10.295000076293945,10.295000076293945,0,0.0,0.0
2022-12-30 00:00:00-05:00,10.300000190734863,10.960000038146973,10.295000076293945,10.295000076293945,25300,0.0,0.0
2023-01-03 00:00:00-05:00,10.3100004196167,10.3100004196167,10.295000076293945,10.300000190734863,148600,0.0,0.0
2023-01-04 00:00:00-05:00,10.3100004196167,10.3100004196167,10.305000305175781,10.305000305175781,600,0.0,0.0
2023-01-05 00:00:00-05:00,10.3100004196167,10.350000381469727,10.300000190734863,10.3100004196167,38900,0.0,0.0
2023-01-06 00:00:00-05:00,10.3100004196167,10.3100004196167,10.3100004196167,10.3100004196167,700,0.0,0.0
2023-01-09 00:00:00-05:00,10.3100004196167,10.3100004196167,10.289999961853027,10.3100004196167,202800,0.0,0.0
2023-01-10 00:00:00-05:00,10.319999694824219,10.319999694824219,10.3100004196167,10.3100004196167,3400,0.0,0.0
2023-01-11 00:00:00-05:00,10.319999694824219,10.34000015258789,10.289999961853027,10.34000015258789,354700,0.0,0.0
2023-01-12 00:00:00-05:00,10.40999984741211,10.479999542236328,10.329999923706055,10.329999923706055,700,0.0,0.0
2023-01-13 00:00:00-05:00,10.699999809265137,10.699999809265137,10.319999694824219,10.670000076293945,9400,0.0,0.0
2023-01-17 00:00:00-05:00,10.649999618530273,10.649999618530273,10.649999618530273,10.649999618530273,200,0.0,0.0
2023-01-18 00:00:00-05:00,10.649999618530273,10.649999618530273,10.329999923706055,10.329999923706055,4700,0.0,0.0
2023-01-19 00:00:00-05:00,10.380000114440918,10.600000381469727,10.300000190734863,10.350000381469727,600,0.0,0.0
2023-01-20 00:00:00-05:00,10.489999771118164,10.527999877929688,10.3100004196167,10.3100004196167,4600,0.0,0.0
2023-01-23 00:00:00-05:00,10.489999771118164,10.489999771118164,10.489999771118164,10.489999771118164,300,0.0,0.0
2023-01-24 00:00:00-05:00,10.489999771118164,10.489999771118164,10.489999771118164,10.489999771118164,0,0.0,0.0
2023-01-25 00:00:00-05:00,10.449999809265137,10.470000267028809,10.437999725341797,10.437999725341797,1200,0.0,0.0
2023-01-26 00:00:00-05:00,10.449999809265137,10.520000457763672,10.399999618530273,10.449999809265137,3100,0.0,0.0
2023-01-27 00:00:00-05:00,10.449999809265137,10.5,10.380000114440918,10.390000343322754,5500,0.0,0.0
2023-01-30 00:00:00-05:00,10.4399995803833,10.4399995803833,10.399999618530273,10.399999618530273,4200,0.0,0.0
2023-01-31 00:00:00-05:00,10.430000305175781,10.430000305175781,10.430000305175781,10.430000305175781,200,0.0,0.0
2023-02-01 00:00:00-05:00,10.430000305175781,10.430000305175781,10.420000076293945,10.425000190734863,900,0.0,0.0
2023-02-02 00:00:00-05:00,10.430000305175781,10.430000305175781,10.407999992370605,10.407999992370605,600,0.0,0.0
2023-02-03 00:00:00-05:00,10.430000305175781,10.430000305175781,10.430000305175781,10.430000305175781,500,0.0,0.0
2023-02-06 00:00:00-05:00,10.430000305175781,10.430000305175781,10.399999618530273,10.399999618530273,300,0.0,0.0
2023-02-07 00:00:00-05:00,10.430000305175781,10.430000305175781,10.414999961853027,10.414999961853027,400,0.0,0.0
2023-02-08 00:00:00-05:00,10.430000305175781,10.430000305175781,10.430000305175781,10.430000305175781,400,0.0,0.0
2023-02-09 00:00:00-05:00,10.430000305175781,10.430000305175781,10.430000305175781,10.430000305175781,200,0.0,0.0
2023-02-10 00:00:00-05:00,10.430000305175781,10.430000305175781,10.399999618530273,10.430000305175781,300,0.0,0.0
2023-02-13 00:00:00-05:00,10.430000305175781,10.430000305175781,10.430000305175781,10.430000305175781,200,0.0,0.0
2023-02-14 00:00:00-05:00,10.430000305175781,10.430000305175781,10.430000305175781,10.430000305175781,200,0.0,0.0
2023-02-15 00:00:00-05:00,10.430000305175781,10.430000305175781,10.430000305175781,10.430000305175781,100,0.0,0.0
2023-02-16 00:00:00-05:00,10.430000305175781,10.430000305175781,10.430000305175781,10.430000305175781,300,0.0,0.0
2023-02-17 00:00:00-05:00,10.430000305175781,10.430000305175781,10.430000305175781,10.430000305175781,0,0.0,0.0
2023-02-21 00:00:00-05:00,10.430000305175781,10.430000305175781,10.430000305175781,10.430000305175781,100,0.0,0.0
2023-02-22 00:00:00-05:00,10.430000305175781,10.430000305175781,10.430000305175781,10.430000305175781,100,0.0,0.0
2023-02-23 00:00:00-05:00,10.430000305175781,10.430000305175781,10.430000305175781,10.430000305175781,300,0.0,0.0
2023-02-24 00:00:00-05:00,10.430000305175781,10.449999809265137,10.430000305175781,10.449999809265137,25900,0.0,0.0
2023-02-27 00:00:00-05:00,10.470000267028809,10.489999771118164,10.470000267028809,10.489999771118164,6200,0.0,0.0
2023-02-28 00:00:00-05:00,10.48900032043457,10.50100040435791,10.48900032043457,10.5,19300,0.0,0.0
2023-03-01 00:00:00-05:00,10.5,10.520000457763672,10.5,10.520000457763672,4700,0.0,0.0
2023-03-02 00:00:00-05:00,10.520000457763672,11.145000457763672,10.520000457763672,10.5600004196167,7700,0.0,0.0
2023-03-03 00:00:00-05:00,10.699999809265137,10.699999809265137,10.600000381469727,10.600000381469727,500,0.0,0.0
2023-03-06 00:00:00-05:00,10.664999961853027,10.664999961853027,10.664999961853027,10.664999961853027,300,0.0,0.0
2023-03-07 00:00:00-05:00,10.699999809265137,10.699999809265137,10.699999809265137,10.699999809265137,2300,0.0,0.0
2023-03-08 00:00:00-05:00,10.699999809265137,10.699999809265137,10.699999809265137,10.699999809265137,200,0.0,0.0
2023-03-09 00:00:00-05:00,10.6899995803833,10.6899995803833,10.6899995803833,10.6899995803833,200,0.0,0.0
2023-03-10 00:00:00-05:00,10.6899995803833,10.6899995803833,10.6899995803833,10.6899995803833,0,0.0,0.0
2023-03-13 00:00:00-04:00,10.680000305175781,10.680000305175781,10.680000305175781,10.680000305175781,100,0.0,0.0
2023-03-14 00:00:00-04:00,10.64799976348877,10.64799976348877,10.64799976348877,10.64799976348877,100,0.0,0.0
2023-03-15 00:00:00-04:00,10.640000343322754,10.640000343322754,10.640000343322754,10.640000343322754,100,0.0,0.0
2023-03-16 00:00:00-04:00,10.640000343322754,10.640000343322754,10.640000343322754,10.640000343322754,200,0.0,0.0
2023-03-17 00:00:00-04:00,10.630000114440918,10.630000114440918,10.630000114440918,10.630000114440918,100,0.0,0.0
2023-03-20 00:00:00-04:00,10.630000114440918,10.630000114440918,10.630000114440918,10.630000114440918,200,0.0,0.0
2023-03-21 00:00:00-04:00,10.739999771118164,10.739999771118164,10.739999771118164,10.739999771118164,300,0.0,0.0
2023-03-22 00:00:00-04:00,10.739999771118164,10.739999771118164,10.739999771118164,10.739999771118164,0,0.0,0.0
2023-03-23 00:00:00-04:00,10.739999771118164,10.739999771118164,10.739999771118164,10.739999771118164,0,0.0,0.0
2023-03-24 00:00:00-04:00,10.720000267028809,10.720000267028809,10.720000267028809,10.720000267028809,200,0.0,0.0
2023-03-27 00:00:00-04:00,10.710000038146973,10.710000038146973,10.710000038146973,10.710000038146973,100,0.0,0.0
2023-03-28 00:00:00-04:00,10.710000038146973,10.710000038146973,10.710000038146973,10.710000038146973,0,0.0,0.0
2023-03-29 00:00:00-04:00,10.699999809265137,10.699999809265137,10.699999809265137,10.699999809265137,200,0.0,0.0
2023-03-30 00:00:00-04:00,10.699999809265137,10.699999809265137,10.699999809265137,10.699999809265137,0,0.0,0.0
2023-03-31 00:00:00-04:00,10.6899995803833,10.6899995803833,10.6899995803833,10.6899995803833,700,0.0,0.0
2023-04-03 00:00:00-04:00,10.699999809265137,10.699999809265137,10.699999809265137,10.699999809265137,200,0.0,0.0
2023-04-04 00:00:00-04:00,10.720000267028809,10.720000267028809,10.720000267028809,10.720000267028809,200,0.0,0.0
2023-04-05 00:00:00-04:00,10.699999809265137,10.699999809265137,10.699999809265137,10.699999809265137,300,0.0,0.0
2023-04-06 00:00:00-04:00,10.699999809265137,10.699999809265137,10.699999809265137,10.699999809265137,200,0.0,0.0
2023-04-10 00:00:00-04:00,10.699999809265137,10.699999809265137,10.699999809265137,10.699999809265137,200,0.0,0.0
2023-04-11 00:00:00-04:00,10.699999809265137,10.699999809265137,10.529999732971191,10.529999732971191,15700,0.0,0.0
2023-04-12 00:00:00-04:00,10.579999923706055,10.579999923706055,10.550000190734863,10.550000190734863,400,0.0,0.0
2023-04-13 00:00:00-04:00,10.699999809265137,10.699999809265137,10.699999809265137,10.699999809265137,400,0.0,0.0
2023-04-14 00:00:00-04:00,10.699999809265137,10.699999809265137,10.699999809265137,10.699999809265137,0,0.0,0.0
2023-04-17 00:00:00-04:00,10.699999809265137,10.699999809265137,10.699999809265137,10.699999809265137,300,0.0,0.0
2023-04-18 00:00:00-04:00,10.699999809265137,10.699999809265137,10.699999809265137,10.699999809265137,200,0.0,0.0
2023-04-19 00:00:00-04:00,10.699999809265137,10.699999809265137,10.699999809265137,10.699999809265137,300,0.0,0.0
2023-04-20 00:00:00-04:00,10.699999809265137,10.699999809265137,10.619999885559082,10.630000114440918,800,0.0,0.0
2023-04-21 00:00:00-04:00,10.6899995803833,10.6899995803833,10.6899995803833,10.6899995803833,100,0.0,0.0
2023-04-24 00:00:00-04:00,10.699999809265137,10.699999809265137,10.699999809265137,10.699999809265137,200,0.0,0.0
2023-04-25 00:00:00-04:00,10.699999809265137,10.699999809265137,10.699999809265137,10.699999809265137,300,0.0,0.0
2023-04-26 00:00:00-04:00,10.699999809265137,10.699999809265137,10.699999809265137,10.699999809265137,100,0.0,0.0
2023-04-27 00:00:00-04:00,10.59000015258789,10.619999885559082,10.59000015258789,10.614999771118164,27900,0.0,0.0
2023-04-28 00:00:00-04:00,10.609999656677246,10.614999771118164,10.609999656677246,10.614999771118164,13500,0.0,0.0
2023-05-01 00:00:00-04:00,10.614999771118164,10.614999771118164,10.614999771118164,10.614999771118164,200,0.0,0.0
2023-05-02 00:00:00-04:00,10.609999656677246,10.670000076293945,10.609999656677246,10.65999984741211,43700,0.0,0.0
2023-05-03 00:00:00-04:00,10.65999984741211,10.65999984741211,10.65999984741211,10.65999984741211,0,0.0,0.0
2023-05-04 00:00:00-04:00,10.65999984741211,10.65999984741211,10.65999984741211,10.65999984741211,0,0.0,0.0
2023-05-05 00:00:00-04:00,10.65999984741211,10.65999984741211,10.65999984741211,10.65999984741211,0,0.0,0.0
2023-05-08 00:00:00-04:00,10.65999984741211,10.65999984741211,10.65999984741211,10.65999984741211,0,0.0,0.0
2023-05-09 00:00:00-04:00,10.65999984741211,10.65999984741211,10.65999984741211,10.65999984741211,0,0.0,0.0
2023-05-10 00:00:00-04:00,10.699999809265137,10.699999809265137,10.699999809265137,10.699999809265137,12100,0.0,0.0
2023-05-11 00:00:00-04:00,10.699999809265137,10.699999809265137,10.699999809265137,10.699999809265137,0,0.0,0.0
2023-05-12 00:00:00-04:00,10.699999809265137,10.699999809265137,10.699999809265137,10.699999809265137,3400,0.0,0.0
2023-05-15 00:00:00-04:00,10.630000114440918,10.630000114440918,10.630000114440918,10.630000114440918,300,0.0,0.0
2023-05-16 00:00:00-04:00,10.65999984741211,10.65999984741211,10.65999984741211,10.65999984741211,400,0.0,0.0
2023-05-17 00:00:00-04:00,10.65999984741211,10.65999984741211,10.65999984741211,10.65999984741211,0,0.0,0.0
2023-05-18 00:00:00-04:00,10.65999984741211,10.65999984741211,10.65999984741211,10.65999984741211,0,0.0,0.0
2023-05-19 00:00:00-04:00,10.65999984741211,10.65999984741211,10.65999984741211,10.65999984741211,0,0.0,0.0
2023-05-22 00:00:00-04:00,10.680000305175781,10.680000305175781,10.670000076293945,10.670000076293945,1700,0.0,0.0
2023-05-23 00:00:00-04:00,10.699999809265137,10.699999809265137,10.694999694824219,10.699999809265137,1500,0.0,0.0
2023-05-24 00:00:00-04:00,10.699999809265137,10.699999809265137,10.699999809265137,10.699999809265137,0,0.0,0.0
2023-05-25 00:00:00-04:00,10.699999809265137,10.739999771118164,10.699999809265137,10.725000381469727,8700,0.0,0.0
2023-05-26 00:00:00-04:00,10.725000381469727,10.725000381469727,10.725000381469727,10.725000381469727,0,0.0,0.0
2023-05-30 00:00:00-04:00,10.725000381469727,10.725000381469727,10.725000381469727,10.725000381469727,0,0.0,0.0
2023-05-31 00:00:00-04:00,10.725000381469727,10.725000381469727,10.725000381469727,10.725000381469727,0,0.0,0.0
2023-06-01 00:00:00-04:00,10.720000267028809,10.720000267028809,10.720000267028809,10.720000267028809,1400,0.0,0.0
2023-06-02 00:00:00-04:00,10.720000267028809,10.720000267028809,10.720000267028809,10.720000267028809,0,0.0,0.0
2023-06-05 00:00:00-04:00,10.720000267028809,10.720000267028809,10.720000267028809,10.720000267028809,20100,0.0,0.0
2023-06-06 00:00:00-04:00,10.720000267028809,10.720000267028809,10.720000267028809,10.720000267028809,0,0.0,0.0
2023-06-07 00:00:00-04:00,10.720000267028809,10.720000267028809,10.720000267028809,10.720000267028809,0,0.0,0.0
2023-06-08 00:00:00-04:00,10.720000267028809,10.720000267028809,10.720000267028809,10.720000267028809,2300,0.0,0.0
2023-06-09 00:00:00-04:00,10.720000267028809,10.720000267028809,10.720000267028809,10.720000267028809,0,0.0,0.0
2023-06-12 00:00:00-04:00,10.720000267028809,10.720000267028809,10.720000267028809,10.720000267028809,0,0.0,0.0
2023-06-13 00:00:00-04:00,10.720000267028809,10.720000267028809,10.720000267028809,10.720000267028809,0,0.0,0.0
2023-06-14 00:00:00-04:00,10.720000267028809,10.720000267028809,10.720000267028809,10.720000267028809,0,0.0,0.0
2023-06-15 00:00:00-04:00,10.720000267028809,10.720000267028809,10.720000267028809,10.720000267028809,0,0.0,0.0
2023-06-16 00:00:00-04:00,10.729999542236328,10.729999542236328,10.729999542236328,10.729999542236328,100,0.0,0.0
2023-06-20 00:00:00-04:00,10.729999542236328,10.729999542236328,10.729999542236328,10.729999542236328,0,0.0,0.0
2023-06-21 00:00:00-04:00,10.729999542236328,10.729999542236328,10.729999542236328,10.729999542236328,0,0.0,0.0
2023-06-22 00:00:00-04:00,10.800000190734863,10.800000190734863,10.800000190734863,10.800000190734863,4100,0.0,0.0
2023-06-23 00:00:00-04:00,10.800000190734863,10.800000190734863,10.800000190734863,10.800000190734863,0,0.0,0.0
2023-06-26 00:00:00-04:00,10.829999923706055,10.920000076293945,10.829999923706055,10.920000076293945,531700,0.0,0.0
2023-06-27 00:00:00-04:00,10.920000076293945,10.920000076293945,10.920000076293945,10.920000076293945,200,0.0,0.0
2023-06-28 00:00:00-04:00,10.949000358581543,10.949000358581543,10.949000358581543,10.949000358581543,100,0.0,0.0
2023-06-29 00:00:00-04:00,10.9399995803833,11.0,10.9399995803833,10.949999809265137,164200,0.0,0.0
2023-06-30 00:00:00-04:00,11.050000190734863,11.050000190734863,10.949999809265137,10.949999809265137,400200,0.0,0.0
2023-07-03 00:00:00-04:00,10.979999542236328,11.039999961853027,10.979999542236328,11.039999961853027,300,0.0,0.0
2023-07-05 00:00:00-04:00,10.890000343322754,11.020000457763672,10.890000343322754,10.949999809265137,27300,0.0,0.0
2023-07-06 00:00:00-04:00,11.050000190734863,11.050000190734863,11.050000190734863,11.050000190734863,600,0.0,0.0
2023-07-07 00:00:00-04:00,11.039999961853027,11.039999961853027,11.039999961853027,11.039999961853027,100,0.0,0.0
2023-07-10 00:00:00-04:00,11.050000190734863,11.050000190734863,10.949999809265137,10.949999809265137,10100,0.0,0.0
2023-07-11 00:00:00-04:00,11.050000190734863,11.050000190734863,10.949999809265137,11.020000457763672,12600,0.0,0.0
2023-07-12 00:00:00-04:00,11.050000190734863,11.050000190734863,11.050000190734863,11.050000190734863,300,0.0,0.0
2023-07-13 00:00:00-04:00,11.149999618530273,12.25,10.960000038146973,11.024999618530273,43500,0.0,0.0
2023-07-14 00:00:00-04:00,11.09000015258789,11.289999961853027,11.09000015258789,11.289999961853027,400,0.0,0.0
2023-07-17 00:00:00-04:00,11.300000190734863,11.300000190734863,11.300000190734863,11.300000190734863,400,0.0,0.0
2023-07-18 00:00:00-04:00,11.289999961853027,11.289999961853027,11.050000190734863,11.270000457763672,7300,0.0,0.0
2023-07-19 00:00:00-04:00,11.279999732971191,11.289999961853027,11.069999694824219,11.069999694824219,1400,0.0,0.0
2023-07-20 00:00:00-04:00,11.199999809265137,11.199999809265137,11.0600004196167,11.079999923706055,4400,0.0,0.0
2023-07-21 00:00:00-04:00,11.140000343322754,11.1899995803833,11.0600004196167,11.069999694824219,6400,0.0,0.0
2023-07-24 00:00:00-04:00,11.15999984741211,11.189000129699707,11.100000381469727,11.100000381469727,2400,0.0,0.0
2023-07-25 00:00:00-04:00,11.15999984741211,11.15999984741211,11.100000381469727,11.15999984741211,10000,0.0,0.0
2023-07-26 00:00:00-04:00,11.170000076293945,11.170000076293945,11.050000190734863,11.050000190734863,2900,0.0,0.0
2023-07-27 00:00:00-04:00,11.170000076293945,11.170000076293945,11.0600004196167,11.168999671936035,1600,0.0,0.0
2023-07-28 00:00:00-04:00,11.170000076293945,11.170000076293945,11.170000076293945,11.170000076293945,300,0.0,0.0
2023-07-31 00:00:00-04:00,11.170000076293945,11.170000076293945,11.100000381469727,11.109999656677246,600,0.0,0.0
2023-08-01 00:00:00-04:00,11.170000076293945,11.170000076293945,11.119999885559082,11.170000076293945,27000,0.0,0.0
2023-08-02 00:00:00-04:00,11.119999885559082,11.170000076293945,11.119999885559082,11.170000076293945,3100,0.0,0.0
2023-08-03 00:00:00-04:00,11.180000305175781,11.180000305175781,11.119999885559082,11.119999885559082,9900,0.0,0.0
2023-08-04 00:00:00-04:00,11.170000076293945,11.170000076293945,11.170000076293945,11.170000076293945,400,0.0,0.0
2023-08-07 00:00:00-04:00,11.170000076293945,11.170000076293945,11.149999618530273,11.149999618530273,800,0.0,0.0
2023-08-08 00:00:00-04:00,11.149999618530273,11.170000076293945,11.149999618530273,11.170000076293945,1900,0.0,0.0
2023-08-09 00:00:00-04:00,11.170000076293945,11.170000076293945,11.168999671936035,11.170000076293945,400,0.0,0.0
2023-08-10 00:00:00-04:00,11.199999809265137,11.199999809265137,11.199999809265137,11.199999809265137,400,0.0,0.0
2023-08-11 00:00:00-04:00,11.069999694824219,11.168999671936035,11.069999694824219,11.168999671936035,600,0.0,0.0
2023-08-14 00:00:00-04:00,11.170000076293945,11.170000076293945,11.170000076293945,11.170000076293945,400,0.0,0.0
2023-08-15 00:00:00-04:00,11.199999809265137,11.199999809265137,11.069999694824219,11.189000129699707,900,0.0,0.0
2023-08-16 00:00:00-04:00,11.1899995803833,11.25,11.15999984741211,11.170000076293945,6300,0.0,0.0
2023-08-17 00:00:00-04:00,11.25,11.25,11.220000267028809,11.239999771118164,3300,0.0,0.0
2023-08-18 00:00:00-04:00,11.289999961853027,11.289999961853027,11.210000038146973,11.21500015258789,2400,0.0,0.0
2023-08-21 00:00:00-04:00,11.218999862670898,11.220000267028809,11.218999862670898,11.220000267028809,200,0.0,0.0
2023-08-22 00:00:00-04:00,11.199999809265137,11.199999809265137,11.194999694824219,11.194999694824219,600,0.0,0.0
2023-08-23 00:00:00-04:00,11.220000267028809,11.220000267028809,11.199999809265137,11.199999809265137,300,0.0,0.0
2023-08-24 00:00:00-04:00,11.220000267028809,11.220000267028809,11.220000267028809,11.220000267028809,200,0.0,0.0
2023-08-25 00:00:00-04:00,11.220000267028809,11.220000267028809,11.220000267028809,11.220000267028809,0,0.0,0.0
2023-08-28 00:00:00-04:00,11.220000267028809,11.220000267028809,11.220000267028809,11.220000267028809,200,0.0,0.0
2023-08-29 00:00:00-04:00,11.25,11.25,11.25,11.25,1500,0.0,0.0
2023-08-30 00:00:00-04:00,11.300000190734863,11.300000190734863,11.300000190734863,11.300000190734863,400,0.0,0.0
2023-08-31 00:00:00-04:00,11.350000381469727,11.350000381469727,11.350000381469727,11.350000381469727,600,0.0,0.0
2023-09-01 00:00:00-04:00,11.350000381469727,11.350000381469727,11.350000381469727,11.350000381469727,200,0.0,0.0
2023-09-05 00:00:00-04:00,11.350000381469727,11.350000381469727,11.350000381469727,11.350000381469727,200,0.0,0.0
2023-09-06 00:00:00-04:00,11.350000381469727,11.350000381469727,11.270000457763672,11.338000297546387,10700,0.0,0.0
2023-09-07 00:00:00-04:00,11.350000381469727,11.350000381469727,11.350000381469727,11.350000381469727,400,0.0,0.0
2023-09-08 00:00:00-04:00,11.399999618530273,11.399999618530273,11.399999618530273,11.399999618530273,200,0.0,0.0
2023-09-11 00:00:00-04:00,11.399999618530273,11.399999618530273,11.399999618530273,11.399999618530273,100,0.0,0.0
2023-09-12 00:00:00-04:00,11.399999618530273,11.399999618530273,11.399999618530273,11.399999618530273,200,0.0,0.0
2023-09-13 00:00:00-04:00,11.399999618530273,11.399999618530273,11.399999618530273,11.399999618530273,100,0.0,0.0
2023-09-14 00:00:00-04:00,11.399999618530273,11.399999618530273,11.270000457763672,11.270000457763672,200,0.0,0.0
2023-09-15 00:00:00-04:00,11.399999618530273,11.399999618530273,11.350000381469727,11.350000381469727,400,0.0,0.0
2023-09-18 00:00:00-04:00,11.390000343322754,11.390000343322754,11.3100004196167,11.369999885559082,800,0.0,0.0
2023-09-19 00:00:00-04:00,11.399999618530273,11.399999618530273,11.399999618530273,11.399999618530273,100,0.0,0.0
2023-09-20 00:00:00-04:00,11.399999618530273,11.399999618530273,11.399999618530273,11.399999618530273,100,0.0,0.0
2023-09-21 00:00:00-04:00,11.399999618530273,11.399999618530273,11.399999618530273,11.399999618530273,100,0.0,0.0
2023-09-22 00:00:00-04:00,11.399999618530273,11.399999618530273,11.359999656677246,11.359999656677246,10200,0.0,0.0
2023-09-25 00:00:00-04:00,11.369999885559082,11.380000114440918,11.369999885559082,11.369999885559082,111000,0.0,0.0
2023-09-26 00:00:00-04:00,11.390000343322754,11.390000343322754,11.390000343322754,11.390000343322754,100,0.0,0.0
2023-09-27 00:00:00-04:00,11.388999938964844,11.388999938964844,11.388999938964844,11.388999938964844,100,0.0,0.0
2023-09-28 00:00:00-04:00,11.399999618530273,11.399999618530273,11.380000114440918,11.380000114440918,400,0.0,0.0
2023-09-29 00:00:00-04:00,11.35099983215332,11.35099983215332,11.350000381469727,11.350000381469727,17000,0.0,0.0
2023-10-02 00:00:00-04:00,11.350000381469727,11.350000381469727,11.350000381469727,11.350000381469727,200,0.0,0.0
2023-10-03 00:00:00-04:00,11.350000381469727,11.350000381469727,11.350000381469727,11.350000381469727,100,0.0,0.0
2023-10-04 00:00:00-04:00,11.350000381469727,11.350000381469727,11.350000381469727,11.350000381469727,91300,0.0,0.0
2023-10-05 00:00:00-04:00,11.350000381469727,11.350000381469727,11.300000190734863,11.300000190734863,8000,0.0,0.0
2023-10-06 00:00:00-04:00,11.321000099182129,11.321000099182129,11.321000099182129,11.321000099182129,500,0.0,0.0
2023-10-09 00:00:00-04:00,11.319999694824219,11.34000015258789,11.319999694824219,11.34000015258789,400,0.0,0.0
2023-10-10 00:00:00-04:00,11.34000015258789,11.34000015258789,11.319999694824219,11.329999923706055,87600,0.0,0.0
2023-10-11 00:00:00-04:00,11.319999694824219,11.319999694824219,11.319999694824219,11.319999694824219,100,0.0,0.0
2023-10-12 00:00:00-04:00,11.319999694824219,11.319999694824219,11.319999694824219,11.319999694824219,100,0.0,0.0
2023-10-13 00:00:00-04:00,11.319999694824219,11.319999694824219,11.319999694824219,11.319999694824219,100,0.0,0.0
2023-10-16 00:00:00-04:00,11.399999618530273,11.399999618530273,11.399999618530273,11.399999618530273,100,0.0,0.0
2023-10-17 00:00:00-04:00,11.399999618530273,11.399999618530273,11.399999618530273,11.399999618530273,100,0.0,0.0
2023-10-18 00:00:00-04:00,11.399999618530273,11.399999618530273,11.399999618530273,11.399999618530273,200,0.0,0.0
2023-10-19 00:00:00-04:00,11.399999618530273,11.399999618530273,11.399999618530273,11.399999618530273,100,0.0,0.0
2023-10-20 00:00:00-04:00,11.399999618530273,11.399999618530273,11.399999618530273,11.399999618530273,5200,0.0,0.0
2023-10-23 00:00:00-04:00,11.399999618530273,11.439000129699707,11.399999618530273,11.430999755859375,10600,0.0,0.0
2023-10-24 00:00:00-04:00,11.449999809265137,11.449999809265137,11.449999809265137,11.449999809265137,200,0.0,0.0
2023-10-25 00:00:00-04:00,11.100000381469727,11.470000267028809,11.100000381469727,11.470000267028809,7500,0.0,0.0
2023-10-26 00:00:00-04:00,11.40999984741211,11.460000038146973,11.40999984741211,11.40999984741211,1100,0.0,0.0
2023-10-27 00:00:00-04:00,11.449999809265137,11.449999809265137,11.449999809265137,11.449999809265137,300,0.0,0.0
2023-10-30 00:00:00-04:00,11.470000267028809,11.470000267028809,11.470000267028809,11.470000267028809,100,0.0,0.0
2023-10-31 00:00:00-04:00,11.460000038146973,11.470000267028809,11.460000038146973,11.468999862670898,8400,0.0,0.0
2023-11-01 00:00:00-04:00,11.479999542236328,11.479999542236328,11.479999542236328,11.479999542236328,100,0.0,0.0
2023-11-02 00:00:00-04:00,11.5,11.5,11.5,11.5,200,0.0,0.0
2023-11-03 00:00:00-04:00,11.460000038146973,11.460000038146973,11.460000038146973,11.460000038146973,200,0.0,0.0
2023-11-06 00:00:00-05:00,11.460000038146973,11.460000038146973,11.449999809265137,11.460000038146973,4600,0.0,0.0
2023-11-07 00:00:00-05:00,11.460000038146973,11.460000038146973,11.449999809265137,11.449999809265137,6800,0.0,0.0
2023-11-08 00:00:00-05:00,11.460000038146973,11.460000038146973,11.460000038146973,11.460000038146973,300,0.0,0.0
2023-11-09 00:00:00-05:00,11.479999542236328,11.489999771118164,11.479999542236328,11.489999771118164,600,0.0,0.0
2023-11-10 00:00:00-05:00,11.489999771118164,11.489999771118164,11.479999542236328,11.479999542236328,6800,0.0,0.0
2023-11-13 00:00:00-05:00,11.489999771118164,11.489999771118164,11.489999771118164,11.489999771118164,400,0.0,0.0
2023-11-14 00:00:00-05:00,11.489999771118164,11.489999771118164,11.489999771118164,11.489999771118164,200,0.0,0.0
2023-11-15 00:00:00-05:00,11.489999771118164,11.489999771118164,11.489999771118164,11.489999771118164,100,0.0,0.0
2023-11-16 00:00:00-05:00,11.489999771118164,11.489999771118164,11.489999771118164,11.489999771118164,200,0.0,0.0
2023-11-17 00:00:00-05:00,11.449999809265137,11.449999809265137,11.4399995803833,11.4399995803833,1500,0.0,0.0
2023-11-20 00:00:00-05:00,11.479999542236328,11.5,11.4399995803833,11.4399995803833,2000,0.0,0.0
2023-11-21 00:00:00-05:00,11.4399995803833,11.449999809265137,11.380000114440918,11.40999984741211,6500,0.0,0.0
2023-11-22 00:00:00-05:00,11.479999542236328,11.48900032043457,11.425000190734863,11.479999542236328,600,0.0,0.0
2023-11-24 00:00:00-05:00,11.5,11.5,11.5,11.5,100,0.0,0.0
2023-11-27 00:00:00-05:00,11.5,11.5,11.069999694824219,11.5,5000,0.0,0.0
2023-11-28 00:00:00-05:00,11.479999542236328,11.479999542236328,11.479999542236328,11.479999542236328,100,0.0,0.0
2023-11-29 00:00:00-05:00,11.5,11.5,11.5,11.5,300,0.0,0.0
2023-11-30 00:00:00-05:00,11.5,11.5,11.350000381469727,11.350000381469727,32100,0.0,0.0
2023-12-01 00:00:00-05:00,11.430000305175781,11.449999809265137,11.3100004196167,11.449999809265137,400,0.0,0.0
2023-12-04 00:00:00-05:00,11.489999771118164,11.489999771118164,11.489999771118164,11.489999771118164,300,0.0,0.0
2023-12-05 00:00:00-05:00,11.5,11.5,11.5,11.5,100,0.0,0.0
2023-12-06 00:00:00-05:00,11.449999809265137,11.449999809265137,11.449999809265137,11.449999809265137,400,0.0,0.0
2023-12-07 00:00:00-05:00,11.449999809265137,11.449999809265137,11.449999809265137,11.449999809265137,100,0.0,0.0
2023-12-08 00:00:00-05:00,11.449999809265137,11.449999809265137,11.449999809265137,11.449999809265137,0,0.0,0.0
2023-12-11 00:00:00-05:00,11.449999809265137,11.449999809265137,11.319999694824219,11.319999694824219,300,0.0,0.0
2023-12-12 00:00:00-05:00,11.427000045776367,11.449999809265137,11.319999694824219,11.319999694824219,500,0.0,0.0
2023-12-13 00:00:00-05:00,11.428999900817871,11.428999900817871,11.399999618530273,11.399999618530273,68500,0.0,0.0
2023-12-14 00:00:00-05:00,11.449999809265137,11.449999809265137,11.449999809265137,11.449999809265137,100,0.0,0.0
2023-12-15 00:00:00-05:00,11.449999809265137,11.449999809265137,11.420000076293945,11.449000358581543,600,0.0,0.0
2023-12-18 00:00:00-05:00,11.489999771118164,11.489999771118164,11.4399995803833,11.4399995803833,10000,0.0,0.0
2023-12-19 00:00:00-05:00,11.479999542236328,11.479999542236328,11.454999923706055,11.454999923706055,300,0.0,0.0
2023-12-20 00:00:00-05:00,11.5,11.5,11.454999923706055,11.454999923706055,900,0.0,0.0
2023-12-21 00:00:00-05:00,11.489999771118164,11.489999771118164,11.369999885559082,11.489999771118164,4800,0.0,0.0
2023-12-22 00:00:00-05:00,11.5,11.5,11.444999694824219,11.444999694824219,200,0.0,0.0
2023-12-26 00:00:00-05:00,11.5,11.5,11.5,11.5,100,0.0,0.0
2023-12-27 00:00:00-05:00,11.529999732971191,11.529999732971191,11.46500015258789,11.479999542236328,900,0.0,0.0
2023-12-28 00:00:00-05:00,11.510000228881836,11.510000228881836,11.46500015258789,11.46500015258789,200,0.0,0.0
2023-12-29 00:00:00-05:00,11.510000228881836,11.510000228881836,11.510000228881836,11.510000228881836,100,0.0,0.0
2024-01-02 00:00:00-05:00,11.529999732971191,11.529999732971191,11.470000267028809,11.470000267028809,300,0.0,0.0
2024-01-03 00:00:00-05:00,11.510000228881836,11.510000228881836,11.479999542236328,11.479999542236328,300,0.0,0.0
2024-01-04 00:00:00-05:00,11.550000190734863,11.550000190734863,11.550000190734863,11.550000190734863,100,0.0,0.0
2024-01-05 00:00:00-05:00,11.579999923706055,11.579999923706055,11.489999771118164,11.489999771118164,300,0.0,0.0
2024-01-08 00:00:00-05:00,11.489999771118164,11.5600004196167,11.489999771118164,11.5600004196167,15200,0.0,0.0
2024-01-09 00:00:00-05:00,11.5600004196167,11.5600004196167,11.5600004196167,11.5600004196167,0,0.0,0.0
2024-01-10 00:00:00-05:00,11.5600004196167,11.5600004196167,11.5600004196167,11.5600004196167,0,0.0,0.0
2024-01-11 00:00:00-05:00,11.40999984741211,11.420000076293945,11.399999618530273,11.399999618530273,9900,0.0,0.0
2024-01-12 00:00:00-05:00,11.399999618530273,11.399999618530273,11.399999618530273,11.399999618530273,0,0.0,0.0
2024-01-16 00:00:00-05:00,11.4399995803833,11.449999809265137,11.4399995803833,11.4399995803833,4500,0.0,0.0
2024-01-17 00:00:00-05:00,11.4399995803833,11.4399995803833,11.4399995803833,11.4399995803833,0,0.0,0.0
2024-01-18 00:00:00-05:00,11.519000053405762,11.519000053405762,11.519000053405762,11.519000053405762,200,0.0,0.0
2024-01-19 00:00:00-05:00,11.550000190734863,11.550000190734863,11.420000076293945,11.489999771118164,1600,0.0,0.0
2024-01-22 00:00:00-05:00,11.539999961853027,11.539999961853027,11.539999961853027,11.539999961853027,100,0.0,0.0
2024-01-23 00:00:00-05:00,11.519000053405762,11.520000457763672,11.449999809265137,11.520000457763672,2000,0.0,0.0
2024-01-24 00:00:00-05:00,11.508999824523926,11.510000228881836,11.505000114440918,11.510000228881836,900,0.0,0.0
2024-01-25 00:00:00-05:00,11.510000228881836,11.510000228881836,11.508999824523926,11.508999824523926,400,0.0,0.0
2024-01-26 00:00:00-05:00,11.539999961853027,11.550000190734863,11.510000228881836,11.529999732971191,11100,0.0,0.0
2024-01-29 00:00:00-05:00,11.539999961853027,11.539999961853027,11.529999732971191,11.539999961853027,700,0.0,0.0
2024-01-30 00:00:00-05:00,11.539999961853027,11.539999961853027,11.539999961853027,11.539999961853027,100,0.0,0.0
2024-01-31 00:00:00-05:00,11.529999732971191,11.569999694824219,11.529999732971191,11.569999694824219,900,0.0,0.0
2024-02-01 00:00:00-05:00,11.569999694824219,11.619999885559082,11.449999809265137,11.449999809265137,3100,0.0,0.0
2024-02-02 00:00:00-05:00,11.550000190734863,11.600000381469727,11.550000190734863,11.5600004196167,300,0.0,0.0
2024-02-05 00:00:00-05:00,11.5600004196167,11.5600004196167,11.559000015258789,11.5600004196167,400,0.0,0.0
2024-02-06 00:00:00-05:00,11.5600004196167,11.569000244140625,11.460000038146973,11.460000038146973,184200,0.0,0.0
2024-02-07 00:00:00-05:00,11.510000228881836,11.560999870300293,11.510000228881836,11.559000015258789,400,0.0,0.0
2024-02-08 00:00:00-05:00,11.550000190734863,11.550000190734863,11.539999961853027,11.539999961853027,400,0.0,0.0
2024-02-09 00:00:00-05:00,11.548999786376953,11.548999786376953,11.5,11.5,200,0.0,0.0
2024-02-12 00:00:00-05:00,11.539999961853027,11.548999786376953,11.529999732971191,11.529999732971191,500,0.0,0.0
2024-02-13 00:00:00-05:00,11.539999961853027,11.550000190734863,11.539999961853027,11.550000190734863,81400,0.0,0.0
2024-02-14 00:00:00-05:00,11.460000038146973,11.550000190734863,11.460000038146973,11.529999732971191,19600,0.0,0.0
2024-02-15 00:00:00-05:00,11.550000190734863,11.5600004196167,11.529999732971191,11.539999961853027,143500,0.0,0.0
2024-02-16 00:00:00-05:00,11.54699993133545,11.5600004196167,11.54699993133545,11.5600004196167,25300,0.0,0.0
2024-02-20 00:00:00-05:00,11.539999961853027,11.539999961853027,11.539999961853027,11.539999961853027,4200,0.0,0.0
2024-02-21 00:00:00-05:00,11.545999526977539,11.550000190734863,11.510000228881836,11.510000228881836,2800,0.0,0.0
2024-02-22 00:00:00-05:00,11.550000190734863,11.5600004196167,11.550000190734863,11.550000190734863,30700,0.0,0.0
2024-02-23 00:00:00-05:00,11.550000190734863,11.600000381469727,11.550000190734863,11.600000381469727,236600,0.0,0.0
2024-02-26 00:00:00-05:00,11.600000381469727,11.64900016784668,11.600000381469727,11.64900016784668,2400,0.0,0.0
2024-02-27 00:00:00-05:00,11.630000114440918,11.638999938964844,11.628000259399414,11.638999938964844,500,0.0,0.0
2024-02-28 00:00:00-05:00,11.649999618530273,11.649999618530273,11.649999618530273,11.649999618530273,700,0.0,0.0
2024-02-29 00:00:00-05:00,11.649999618530273,11.649999618530273,11.64799976348877,11.649999618530273,600,0.0,0.0
2024-03-01 00:00:00-05:00,11.680000305175781,11.680000305175781,11.680000305175781,11.680000305175781,200,0.0,0.0
2024-03-04 00:00:00-05:00,11.550000190734863,11.699999809265137,11.550000190734863,11.649999618530273,20400,0.0,0.0
2024-03-05 00:00:00-05:00,11.680000305175781,11.6899995803833,11.569999694824219,11.6899995803833,1200,0.0,0.0
2024-03-06 00:00:00-05:00,11.649999618530273,11.680000305175781,11.649999618530273,11.680000305175781,400,0.0,0.0
2024-03-07 00:00:00-05:00,11.65999984741211,11.6899995803833,11.65999984741211,11.6899995803833,300,0.0,0.0
2024-03-08 00:00:00-05:00,11.680000305175781,11.680000305175781,11.680000305175781,11.680000305175781,100,0.0,0.0
2024-03-11 00:00:00-04:00,11.680000305175781,11.689000129699707,11.680000305175781,11.680000305175781,400,0.0,0.0
2024-03-12 00:00:00-04:00,11.680000305175781,11.680000305175781,11.680000305175781,11.680000305175781,300,0.0,0.0
2024-03-13 00:00:00-04:00,11.680000305175781,11.689000129699707,11.680000305175781,11.680000305175781,600,0.0,0.0
2024-03-14 00:00:00-04:00,11.6899995803833,11.6899995803833,11.6899995803833,11.6899995803833,1600,0.0,0.0
2024-03-15 00:00:00-04:00,11.680000305175781,11.6899995803833,11.649999618530273,11.680000305175781,1100,0.0,0.0
2024-03-18 00:00:00-04:00,11.630000114440918,11.670000076293945,11.630000114440918,11.645000457763672,7600,0.0,0.0
2024-03-19 00:00:00-04:00,11.630000114440918,11.65999984741211,11.630000114440918,11.65999984741211,6900,0.0,0.0
2024-03-20 00:00:00-04:00,11.680000305175781,11.699999809265137,11.680000305175781,11.699999809265137,200,0.0,0.0
2024-03-21 00:00:00-04:00,11.699999809265137,11.699999809265137,11.670000076293945,11.6899995803833,57700,0.0,0.0
2024-03-22 00:00:00-04:00,11.6899995803833,11.699999809265137,11.6899995803833,11.699999809265137,400,0.0,0.0
2024-03-25 00:00:00-04:00,11.6899995803833,11.699999809265137,11.680000305175781,11.680000305175781,6400,0.0,0.0
2024-03-26 00:00:00-04:00,11.699999809265137,11.699999809265137,11.699999809265137,11.699999809265137,100,0.0,0.0
2024-03-27 00:00:00-04:00,11.65999984741211,11.680000305175781,11.65999984741211,11.680000305175781,1700,0.0,0.0
2024-03-28 00:00:00-04:00,11.680000305175781,11.699999809265137,11.680000305175781,11.6899995803833,62100,0.0,0.0
2024-04-01 00:00:00-04:00,11.699999809265137,11.699999809265137,11.699999809265137,11.699999809265137,300,0.0,0.0
2024-04-02 00:00:00-04:00,11.699999809265137,11.720000267028809,11.699999809265137,11.720000267028809,500,0.0,0.0
2024-04-03 00:00:00-04:00,11.720000267028809,11.720000267028809,11.710000038146973,11.710000038146973,300,0.0,0.0
2024-04-04 00:00:00-04:00,11.720000267028809,11.720000267028809,11.720000267028809,11.720000267028809,200,0.0,0.0
2024-04-05 00:00:00-04:00,11.710000038146973,11.739999771118164,11.710000038146973,11.739999771118164,123400,0.0,0.0
2024-04-08 00:00:00-04:00,11.760000228881836,11.760000228881836,11.729999542236328,11.729999542236328,34400,0.0,0.0
2024-04-09 00:00:00-04:00,11.760000228881836,11.760000228881836,11.760000228881836,11.760000228881836,100,0.0,0.0
2024-04-10 00:00:00-04:00,11.770000457763672,11.770000457763672,11.75,11.75,1500,0.0,0.0
2024-04-11 00:00:00-04:00,11.779999732971191,11.779999732971191,11.760000228881836,11.760000228881836,200,0.0,0.0
2024-04-12 00:00:00-04:00,11.789999961853027,11.789999961853027,11.739999771118164,11.779999732971191,7800,0.0,0.0
2024-04-15 00:00:00-04:00,11.760000228881836,11.800000190734863,11.760000228881836,11.800000190734863,35100,0.0,0.0
2024-04-16 00:00:00-04:00,11.800000190734863,11.800000190734863,11.779999732971191,11.800000190734863,400,0.0,0.0
2024-04-17 00:00:00-04:00,11.819999694824219,11.819999694824219,11.779999732971191,11.800000190734863,38500,0.0,0.0
2024-04-18 00:00:00-04:00,11.829999923706055,11.829999923706055,11.779999732971191,11.779999732971191,76500,0.0,0.0
2024-04-19 00:00:00-04:00,11.819999694824219,11.819999694824219,11.819999694824219,11.819999694824219,100,0.0,0.0
2024-04-22 00:00:00-04:00,11.819999694824219,11.819999694824219,11.800000190734863,11.800000190734863,12000,0.0,0.0
2024-04-23 00:00:00-04:00,11.829999923706055,11.899999618530273,11.800000190734863,11.899999618530273,14700,0.0,0.0
2024-04-24 00:00:00-04:00,11.899999618530273,11.899999618530273,11.899999618530273,11.899999618530273,100,0.0,0.0
2024-04-25 00:00:00-04:00,11.819999694824219,11.880000114440918,11.819999694824219,11.880000114440918,3000,0.0,0.0
2024-04-26 00:00:00-04:00,11.90999984741211,11.90999984741211,11.869999885559082,11.869999885559082,27200,0.0,0.0
2024-04-29 00:00:00-04:00,11.899999618530273,11.899999618530273,11.899999618530273,11.899999618530273,100,0.0,0.0
2024-04-30 00:00:00-04:00,11.899999618530273,11.899999618530273,11.899999618530273,11.899999618530273,200,0.0,0.0
2024-05-01 00:00:00-04:00,11.800000190734863,11.869999885559082,11.800000190734863,11.869999885559082,2700,0.0,0.0
2024-05-02 00:00:00-04:00,11.869999885559082,11.869999885559082,11.869999885559082,11.869999885559082,0,0.0,0.0
2024-05-03 00:00:00-04:00,11.880000114440918,11.880000114440918,11.880000114440918,11.880000114440918,100,0.0,0.0
2024-05-06 00:00:00-04:00,11.890000343322754,11.890000343322754,11.890000343322754,11.890000343322754,100,0.0,0.0
2024-05-07 00:00:00-04:00,11.920000076293945,12.25,11.829999923706055,11.829999923706055,329800,0.0,0.0
2024-05-08 00:00:00-04:00,11.899999618530273,11.899999618530273,11.829999923706055,11.829999923706055,5200,0.0,0.0
2024-05-09 00:00:00-04:00,11.880000114440918,11.880000114440918,11.789999961853027,11.819999694824219,14000,0.0,0.0
2024-05-10 00:00:00-04:00,11.850000381469727,11.850000381469727,11.850000381469727,11.850000381469727,500,0.0,0.0
2024-05-13 00:00:00-04:00,11.899999618530273,11.899999618530273,11.829999923706055,11.899999618530273,1900,0.0,0.0
2024-05-14 00:00:00-04:00,11.899999618530273,11.899999618530273,11.899999618530273,11.899999618530273,100,0.0,0.0
2024-05-15 00:00:00-04:00,11.920000076293945,11.920000076293945,11.850000381469727,11.890000343322754,400,0.0,0.0
2024-05-16 00:00:00-04:00,11.899999618530273,11.899999618530273,11.899999618530273,11.899999618530273,100,0.0,0.0
2024-05-17 00:00:00-04:00,11.899999618530273,11.899999618530273,11.899999618530273,11.899999618530273,200,0.0,0.0
2024-05-20 00:00:00-04:00,11.899999618530273,11.899999618530273,11.899999618530273,11.899999618530273,100,0.0,0.0
2024-05-21 00:00:00-04:00,11.899999618530273,11.899999618530273,11.899999618530273,11.899999618530273,300,0.0,0.0
2024-05-22 00:00:00-04:00,11.90999984741211,11.90999984741211,11.90999984741211,11.90999984741211,100,0.0,0.0
2024-05-23 00:00:00-04:00,11.90999984741211,11.90999984741211,11.90999984741211,11.90999984741211,0,0.0,0.0
2024-05-24 00:00:00-04:00,11.90999984741211,11.90999984741211,11.90999984741211,11.90999984741211,0,0.0,0.0
2024-05-28 00:00:00-04:00,11.90999984741211,11.90999984741211,11.90999984741211,11.90999984741211,0,0.0,0.0
2024-05-29 00:00:00-04:00,11.920000076293945,11.949999809265137,11.880000114440918,11.890000343322754,297600,0.0,0.0
2024-05-30 00:00:00-04:00,11.899999618530273,11.899999618530273,11.880000114440918,11.899999618530273,141300,0.0,0.0
2024-05-31 00:00:00-04:00,11.9399995803833,11.9399995803833,11.9399995803833,11.9399995803833,300,0.0,0.0
2024-06-03 00:00:00-04:00,11.9399995803833,11.9399995803833,11.9399995803833,11.9399995803833,0,0.0,0.0
2024-06-04 00:00:00-04:00,11.9399995803833,11.9399995803833,11.9399995803833,11.9399995803833,0,0.0,0.0
2024-06-05 00:00:00-04:00,11.9399995803833,11.9399995803833,11.9399995803833,11.9399995803833,200,0.0,0.0
2024-06-06 00:00:00-04:00,11.949999809265137,11.949999809265137,11.949999809265137,11.949999809265137,200,0.0,0.0
2024-06-07 00:00:00-04:00,11.949999809265137,11.949999809265137,11.920000076293945,11.920000076293945,26600,0.0,0.0
2024-06-10 00:00:00-04:00,11.949999809265137,11.970000267028809,11.9399995803833,11.9399995803833,5000,0.0,0.0
2024-06-11 00:00:00-04:00,11.970000267028809,11.970000267028809,11.970000267028809,11.970000267028809,100,0.0,0.0
2024-06-12 00:00:00-04:00,12.0,12.0,12.0,12.0,200,0.0,0.0
2024-06-13 00:00:00-04:00,12.029999732971191,12.029999732971191,11.890000343322754,11.9399995803833,95800,0.0,0.0
2024-06-14 00:00:00-04:00,11.9399995803833,11.960000038146973,11.9399995803833,11.960000038146973,4700,0.0,0.0
2024-06-17 00:00:00-04:00,11.979999542236328,11.979999542236328,11.979999542236328,11.979999542236328,100,0.0,0.0
2024-06-18 00:00:00-04:00,12.0,12.0,12.0,12.0,100,0.0,0.0
2024-06-20 00:00:00-04:00,12.0,12.0,12.0,12.0,100,0.0,0.0
2024-06-21 00:00:00-04:00,12.0,12.0,12.0,12.0,0,0.0,0.0
2024-06-24 00:00:00-04:00,11.899999618530273,11.899999618530273,11.899999618530273,11.899999618530273,1700,0.0,0.0
2024-06-25 00:00:00-04:00,11.890000343322754,11.890000343322754,11.890000343322754,11.890000343322754,100,0.0,0.0
2024-06-26 00:00:00-04:00,11.890000343322754,11.890000343322754,11.890000343322754,11.890000343322754,0,0.0,0.0
2024-06-27 00:00:00-04:00,11.890000343322754,11.890000343322754,11.890000343322754,11.890000343322754,0,0.0,0.0
2024-06-28 00:00:00-04:00,11.949999809265137,11.949999809265137,11.949999809265137,11.949999809265137,300,0.0,0.0
2024-07-01 00:00:00-04:00,11.890000343322754,11.899999618530273,11.890000343322754,11.899999618530273,101700,0.0,0.0
2024-07-02 00:00:00-04:00,11.899999618530273,11.899999618530273,11.899999618530273,11.899999618530273,0,0.0,0.0
2024-07-03 00:00:00-04:00,11.9399995803833,11.9399995803833,11.9399995803833,11.9399995803833,300,0.0,0.0
2024-07-05 00:00:00-04:00,11.9399995803833,11.9399995803833,11.9399995803833,11.9399995803833,0,0.0,0.0
2024-07-08 00:00:00-04:00,11.9399995803833,11.9399995803833,11.9399995803833,11.9399995803833,0,0.0,0.0
2024-07-09 00:00:00-04:00,11.979999542236328,11.979999542236328,11.979999542236328,11.979999542236328,600,0.0,0.0
2024-07-10 00:00:00-04:00,11.979999542236328,11.979999542236328,11.949999809265137,11.949999809265137,1100,0.0,0.0
2024-07-11 00:00:00-04:00,11.979999542236328,11.979999542236328,11.960000038146973,11.970000267028809,1400,0.0,0.0
2024-07-12 00:00:00-04:00,11.989999771118164,11.989999771118164,11.989999771118164,11.989999771118164,200,0.0,0.0
2024-07-15 00:00:00-04:00,12.0,12.010000228881836,12.0,12.0,5300,0.0,0.0
2024-07-16 00:00:00-04:00,12.020000457763672,12.020000457763672,12.020000457763672,12.020000457763672,4500,0.0,0.0
2024-07-17 00:00:00-04:00,12.029999732971191,12.029999732971191,12.029999732971191,12.029999732971191,300,0.0,0.0
2024-07-18 00:00:00-04:00,12.029999732971191,12.029999732971191,12.029999732971191,12.029999732971191,300,0.0,0.0
2024-07-19 00:00:00-04:00,12.029999732971191,12.039999961853027,12.0,12.020000457763672,28300,0.0,0.0
2024-07-22 00:00:00-04:00,12.039999961853027,12.050000190734863,12.017999649047852,12.039999961853027,57300,0.0,0.0
2024-07-23 00:00:00-04:00,12.050000190734863,12.050000190734863,12.050000190734863,12.050000190734863,200,0.0,0.0
2024-07-24 00:00:00-04:00,12.039999961853027,12.050000190734863,12.039999961853027,12.050000190734863,10600,0.0,0.0
2024-07-25 00:00:00-04:00,12.050000190734863,12.050000190734863,12.050000190734863,12.050000190734863,1600,0.0,0.0
2024-07-26 00:00:00-04:00,12.050000190734863,12.050000190734863,12.050000190734863,12.050000190734863,0,0.0,0.0
2024-07-29 00:00:00-04:00,12.100000381469727,12.100000381469727,12.050000190734863,12.050000190734863,2200,0.0,0.0
2024-07-30 00:00:00-04:00,12.09000015258789,12.09000015258789,12.09000015258789,12.09000015258789,200,0.0,0.0
2024-07-31 00:00:00-04:00,12.09000015258789,12.09000015258789,12.09000015258789,12.09000015258789,100,0.0,0.0
2024-08-01 00:00:00-04:00,12.09000015258789,12.09000015258789,12.09000015258789,12.09000015258789,0,0.0,0.0
2024-08-02 00:00:00-04:00,12.079999923706055,12.079999923706055,12.079999923706055,12.079999923706055,100,0.0,0.0
2024-08-05 00:00:00-04:00,12.079999923706055,12.079999923706055,12.050000190734863,12.050000190734863,125100,0.0,0.0
2024-08-06 00:00:00-04:00,12.079999923706055,12.079999923706055,12.069999694824219,12.079999923706055,600,0.0,0.0
2024-08-07 00:00:00-04:00,12.100000381469727,12.100000381469727,12.050000190734863,12.050000190734863,100100,0.0,0.0
2024-08-08 00:00:00-04:00,12.050000190734863,12.050000190734863,12.050000190734863,12.050000190734863,0,0.0,0.0
2024-08-09 00:00:00-04:00,12.050000190734863,12.050000190734863,12.050000190734863,12.050000190734863,0,0.0,0.0
2024-08-12 00:00:00-04:00,12.069999694824219,12.069999694824219,12.069999694824219,12.069999694824219,200,0.0,0.0
2024-08-13 00:00:00-04:00,12.069999694824219,12.069999694824219,12.069999694824219,12.069999694824219,0,0.0,0.0
2024-08-14 00:00:00-04:00,12.020000457763672,12.020000457763672,12.020000457763672,12.020000457763672,1400,0.0,0.0
2024-08-15 00:00:00-04:00,12.020000457763672,12.020000457763672,12.020000457763672,12.020000457763672,100,0.0,0.0
2024-08-16 00:00:00-04:00,12.020000457763672,12.020000457763672,12.020000457763672,12.020000457763672,0,0.0,0.0
2024-08-19 00:00:00-04:00,12.050000190734863,12.050000190734863,12.050000190734863,12.050000190734863,200,0.0,0.0
2024-08-20 00:00:00-04:00,12.069999694824219,12.069999694824219,12.050000190734863,12.050000190734863,100000,0.0,0.0
2024-08-21 00:00:00-04:00,12.069999694824219,12.069999694824219,12.039999961853027,12.0600004196167,12700,0.0,0.0
2024-08-22 00:00:00-04:00,12.0600004196167,12.0600004196167,12.0600004196167,12.0600004196167,0,0.0,0.0
2024-08-23 00:00:00-04:00,12.020000457763672,12.020000457763672,12.020000457763672,12.020000457763672,300,0.0,0.0
2024-08-26 00:00:00-04:00,12.079999923706055,12.079999923706055,12.079999923706055,12.079999923706055,200,0.0,0.0
2024-08-27 00:00:00-04:00,12.09000015258789,12.09000015258789,12.09000015258789,12.09000015258789,200,0.0,0.0
2024-08-28 00:00:00-04:00,12.09000015258789,12.09000015258789,12.09000015258789,12.09000015258789,0,0.0,0.0
2024-08-29 00:00:00-04:00,12.079999923706055,12.079999923706055,12.020000457763672,12.020000457763672,5500,0.0,0.0
2024-08-30 00:00:00-04:00,12.09000015258789,12.09000015258789,12.079999923706055,12.079999923706055,300,0.0,0.0
2024-09-03 00:00:00-04:00,12.09000015258789,12.09000015258789,12.09000015258789,12.09000015258789,400,0.0,0.0
2024-09-04 00:00:00-04:00,12.09000015258789,12.09000015258789,12.09000015258789,12.09000015258789,100,0.0,0.0
2024-09-05 00:00:00-04:00,12.100000381469727,12.100000381469727,12.100000381469727,12.100000381469727,100,0.0,0.0
2024-09-06 00:00:00-04:00,12.100000381469727,12.100000381469727,12.100000381469727,12.100000381469727,0,0.0,0.0
2024-09-09 00:00:00-04:00,12.100000381469727,12.100000381469727,12.100000381469727,12.100000381469727,100,0.0,0.0
2024-09-10 00:00:00-04:00,12.09000015258789,12.09000015258789,12.09000015258789,12.09000015258789,200,0.0,0.0
2024-09-11 00:00:00-04:00,12.09000015258789,12.09000015258789,12.09000015258789,12.09000015258789,200,0.0,0.0
2024-09-12 00:00:00-04:00,12.09000015258789,12.09000015258789,12.0600004196167,12.0600004196167,1100,0.0,0.0
2024-09-13 00:00:00-04:00,12.079999923706055,12.09000015258789,12.079999923706055,12.09000015258789,200,0.0,0.0
2024-09-16 00:00:00-04:00,12.100000381469727,12.100000381469727,12.100000381469727,12.100000381469727,100,0.0,0.0
2024-09-17 00:00:00-04:00,12.09000015258789,12.119999885559082,12.09000015258789,12.119999885559082,179200,0.0,0.0
2024-09-18 00:00:00-04:00,12.119999885559082,12.119999885559082,12.119999885559082,12.119999885559082,289800,0.0,0.0
2024-09-19 00:00:00-04:00,12.149999618530273,12.149999618530273,12.149999618530273,12.149999618530273,100,0.0,0.0
2024-09-20 00:00:00-04:00,12.15999984741211,12.15999984741211,12.15999984741211,12.15999984741211,100,0.0,0.0
2024-09-23 00:00:00-04:00,12.15999984741211,12.15999984741211,12.15999984741211,12.15999984741211,0,0.0,0.0
2024-09-24 00:00:00-04:00,12.170000076293945,12.170000076293945,12.170000076293945,12.170000076293945,100,0.0,0.0
2024-09-25 00:00:00-04:00,12.170000076293945,12.170000076293945,12.170000076293945,12.170000076293945,0,0.0,0.0
2024-09-26 00:00:00-04:00,12.170000076293945,12.170000076293945,12.170000076293945,12.170000076293945,200,0.0,0.0
2024-09-27 00:00:00-04:00,12.180000305175781,12.180000305175781,12.15999984741211,12.170000076293945,1200,0.0,0.0
2024-09-30 00:00:00-04:00,12.180000305175781,12.180000305175781,12.180000305175781,12.180000305175781,100,0.0,0.0
2024-10-01 00:00:00-04:00,12.1899995803833,12.1899995803833,12.109999656677246,12.170000076293945,700,0.0,0.0
2024-10-02 00:00:00-04:00,12.1899995803833,12.1899995803833,12.1899995803833,12.1899995803833,100,0.0,0.0
2024-10-03 00:00:00-04:00,12.180000305175781,12.180000305175781,12.180000305175781,12.180000305175781,100,0.0,0.0
2024-10-04 00:00:00-04:00,12.180000305175781,12.180000305175781,12.180000305175781,12.180000305175781,0,0.0,0.0
2024-10-07 00:00:00-04:00,12.109999656677246,12.119999885559082,12.109999656677246,12.119999885559082,3800,0.0,0.0
2024-10-08 00:00:00-04:00,12.109999656677246,12.119999885559082,12.109999656677246,12.119999885559082,200,0.0,0.0
2024-10-09 00:00:00-04:00,12.119999885559082,12.149999618530273,12.119999885559082,12.149999618530273,9500,0.0,0.0
2024-10-10 00:00:00-04:00,12.149999618530273,12.149999618530273,12.149999618530273,12.149999618530273,0,0.0,0.0
2024-10-11 00:00:00-04:00,12.180000305175781,12.199999809265137,12.180000305175781,12.1850004196167,8900,0.0,0.0
2024-10-14 00:00:00-04:00,12.199999809265137,12.199999809265137,12.199999809265137,12.199999809265137,200,0.0,0.0
2024-10-15 00:00:00-04:00,12.180000305175781,12.180000305175781,12.119999885559082,12.119999885559082,3200,0.0,0.0
2024-10-16 00:00:00-04:00,12.180000305175781,12.180000305175781,12.119999885559082,12.119999885559082,2300,0.0,0.0
2024-10-17 00:00:00-04:00,12.180000305175781,12.180000305175781,12.180000305175781,12.180000305175781,300,0.0,0.0
2024-10-18 00:00:00-04:00,12.180000305175781,12.180000305175781,12.180000305175781,12.180000305175781,300,0.0,0.0
2024-10-21 00:00:00-04:00,12.1899995803833,12.1899995803833,12.1899995803833,12.1899995803833,100,0.0,0.0
2024-10-22 00:00:00-04:00,12.199999809265137,12.199999809265137,12.109999656677246,12.180000305175781,15600,0.0,0.0
2024-10-23 00:00:00-04:00,12.180000305175781,12.180000305175781,12.149999618530273,12.180000305175781,800,0.0,0.0
2024-10-24 00:00:00-04:00,12.199999809265137,12.199999809265137,12.140000343322754,12.180000305175781,800,0.0,0.0
2024-10-25 00:00:00-04:00,12.180000305175781,12.180000305175781,12.140000343322754,12.180000305175781,400,0.0,0.0
2024-10-28 00:00:00-04:00,12.199999809265137,12.199999809265137,12.149999618530273,12.1899995803833,500,0.0,0.0
2024-10-29 00:00:00-04:00,12.180000305175781,12.1899995803833,12.140000343322754,12.149999618530273,19500,0.0,0.0
2024-10-30 00:00:00-04:00,12.1899995803833,12.199999809265137,12.1899995803833,12.199999809265137,300,0.0,0.0
2024-10-31 00:00:00-04:00,11.585000038146973,12.15999984741211,11.585000038146973,12.15999984741211,300,0.0,0.0
2024-11-01 00:00:00-04:00,12.180000305175781,12.199999809265137,12.170000076293945,12.1899995803833,400,0.0,0.0
2024-11-04 00:00:00-05:00,12.149999618530273,12.15999984741211,12.149999618530273,12.149999618530273,4400,0.0,0.0
2024-11-05 00:00:00-05:00,12.149999618530273,12.149999618530273,12.149999618530273,12.149999618530273,2000,0.0,0.0
2024-11-06 00:00:00-05:00,12.1899995803833,12.199999809265137,12.149999618530273,12.149999618530273,600,0.0,0.0
2024-11-07 00:00:00-05:00,12.149999618530273,12.149999618530273,12.149999618530273,12.149999618530273,100,0.0,0.0
2024-11-08 00:00:00-05:00,12.149999618530273,12.149999618530273,12.149999618530273,12.149999618530273,100,0.0,0.0
2024-11-11 00:00:00-05:00,12.1899995803833,12.199999809265137,11.564000129699707,12.130000114440918,21100,0.0,0.0
2024-11-12 00:00:00-05:00,12.199999809265137,12.210000038146973,11.493000030517578,12.180000305175781,29200,0.0,0.0
2024-11-13 00:00:00-05:00,12.15999984741211,12.1899995803833,12.15999984741211,12.1899995803833,200,0.0,0.0
2024-11-14 00:00:00-05:00,12.15999984741211,12.210000038146973,12.15999984741211,12.210000038146973,400,0.0,0.0
2024-11-15 00:00:00-05:00,12.1850004196167,12.210000038146973,12.1850004196167,12.210000038146973,1400,0.0,0.0
2024-11-18 00:00:00-05:00,12.210000038146973,12.210000038146973,12.210000038146973,12.210000038146973,0,0.0,0.0
2024-11-19 00:00:00-05:00,12.15999984741211,12.15999984741211,12.15999984741211,12.15999984741211,1065,0.0,0.0
