Date,Open,High,Low,Close,Volume,Dividends,Stock Splits
2022-01-03 00:00:00-05:00,22.299999237060547,22.959999084472656,21.969999313354492,22.139999389648438,2257700,0.0,0.0
2022-01-04 00:00:00-05:00,22.329999923706055,22.360000610351562,20.969999313354492,21.549999237060547,2235500,0.0,0.0
2022-01-05 00:00:00-05:00,21.739999771118164,21.739999771118164,20.020000457763672,20.209999084472656,2862200,0.0,0.0
2022-01-06 00:00:00-05:00,19.90999984741211,20.329999923706055,19.0,19.469999313354492,3547300,0.0,0.0
2022-01-07 00:00:00-05:00,19.420000076293945,20.239999771118164,19.0,19.25,2228700,0.0,0.0
2022-01-10 00:00:00-05:00,18.920000076293945,19.149999618530273,18.479999542236328,19.1299991607666,2641600,0.0,0.0
2022-01-11 00:00:00-05:00,19.280000686645508,19.684999465942383,19.049999237060547,19.649999618530273,2767900,0.0,0.0
2022-01-12 00:00:00-05:00,20.0,20.329999923706055,19.100000381469727,19.18000030517578,2304700,0.0,0.0
2022-01-13 00:00:00-05:00,19.1299991607666,19.31999969482422,18.295000076293945,18.309999465942383,2259200,0.0,0.0
2022-01-14 00:00:00-05:00,18.100000381469727,18.299999237060547,17.65999984741211,18.1299991607666,2846200,0.0,0.0
2022-01-18 00:00:00-05:00,17.59000015258789,17.65999984741211,17.030000686645508,17.040000915527344,3184800,0.0,0.0
2022-01-19 00:00:00-05:00,17.149999618530273,17.65999984741211,16.700000762939453,16.829999923706055,3058300,0.0,0.0
2022-01-20 00:00:00-05:00,17.1299991607666,18.190000534057617,16.6200008392334,16.65999984741211,4419000,0.0,0.0
2022-01-21 00:00:00-05:00,16.420000076293945,16.739999771118164,15.529999732971191,15.579999923706055,5516400,0.0,0.0
2022-01-24 00:00:00-05:00,14.96500015258789,15.670000076293945,13.895000457763672,15.630000114440918,5742800,0.0,0.0
2022-01-25 00:00:00-05:00,15.079999923706055,15.350000381469727,14.380000114440918,15.220000267028809,3942800,0.0,0.0
2022-01-26 00:00:00-05:00,15.75,15.949999809265137,14.442000389099121,14.489999771118164,5410700,0.0,0.0
2022-01-27 00:00:00-05:00,14.789999961853027,15.079999923706055,13.114999771118164,13.220000267028809,5897100,0.0,0.0
2022-01-28 00:00:00-05:00,13.149999618530273,13.600000381469727,12.550000190734863,13.59000015258789,5665700,0.0,0.0
2022-01-31 00:00:00-05:00,13.800000190734863,15.09000015258789,13.75,15.079999923706055,3657800,0.0,0.0
2022-02-01 00:00:00-05:00,15.520000457763672,15.739999771118164,14.729999542236328,15.220000267028809,4510700,0.0,0.0
2022-02-02 00:00:00-05:00,15.430000305175781,15.8149995803833,14.569999694824219,14.899999618530273,3817200,0.0,0.0
2022-02-03 00:00:00-05:00,14.329999923706055,14.84000015258789,14.050000190734863,14.079999923706055,4140400,0.0,0.0
2022-02-04 00:00:00-05:00,14.09000015258789,14.64900016784668,13.9399995803833,14.25,2446300,0.0,0.0
2022-02-07 00:00:00-05:00,13.979999542236328,15.069999694824219,13.949999809265137,14.40999984741211,3143200,0.0,0.0
2022-02-08 00:00:00-05:00,14.15999984741211,14.925000190734863,14.0600004196167,14.850000381469727,2617700,0.0,0.0
2022-02-09 00:00:00-05:00,15.350000381469727,16.100000381469727,15.199999809265137,16.030000686645508,3382800,0.0,0.0
2022-02-10 00:00:00-05:00,15.279999732971191,16.75,15.069999694824219,15.489999771118164,5554400,0.0,0.0
2022-02-11 00:00:00-05:00,16.399999618530273,18.207000732421875,16.378000259399414,16.8799991607666,11671300,0.0,0.0
2022-02-14 00:00:00-05:00,17.860000610351562,18.790000915527344,16.950000762939453,17.510000228881836,9483000,0.0,0.0
2022-02-15 00:00:00-05:00,18.040000915527344,20.040000915527344,17.979999542236328,19.93000030517578,8353100,0.0,0.0
2022-02-16 00:00:00-05:00,19.489999771118164,20.06999969482422,18.889999389648438,19.760000228881836,5105700,0.0,0.0
2022-02-17 00:00:00-05:00,19.469999313354492,19.889999389648438,18.6200008392334,18.90999984741211,3075600,0.0,0.0
2022-02-18 00:00:00-05:00,18.90999984741211,19.229999542236328,18.03499984741211,18.350000381469727,3304100,0.0,0.0
2022-02-22 00:00:00-05:00,18.059999465942383,18.44499969482422,17.389999389648438,17.520000457763672,3648500,0.0,0.0
2022-02-23 00:00:00-05:00,17.81999969482422,18.259000778198242,17.209999084472656,17.479999542236328,3011200,0.0,0.0
2022-02-24 00:00:00-05:00,16.399999618530273,19.979999542236328,16.31999969482422,19.90999984741211,6049600,0.0,0.0
2022-02-25 00:00:00-05:00,19.809999465942383,20.350000381469727,19.261999130249023,20.31999969482422,4199200,0.0,0.0
2022-02-28 00:00:00-05:00,21.530000686645508,23.440000534057617,21.18000030517578,22.200000762939453,9663500,0.0,0.0
2022-03-01 00:00:00-05:00,22.09000015258789,23.049999237060547,21.600000381469727,22.559999465942383,5524900,0.0,0.0
2022-03-02 00:00:00-05:00,22.530000686645508,22.780000686645508,21.719999313354492,22.389999389648438,4790200,0.0,0.0
2022-03-03 00:00:00-05:00,22.489999771118164,22.816999435424805,21.450000762939453,21.700000762939453,2502800,0.0,0.0
2022-03-04 00:00:00-05:00,22.1299991607666,22.799999237060547,20.889999389648438,21.100000381469727,3645000,0.0,0.0
2022-03-07 00:00:00-05:00,21.979999542236328,23.290000915527344,21.21500015258789,21.31999969482422,5963600,0.0,0.0
2022-03-08 00:00:00-05:00,21.489999771118164,24.540000915527344,21.1200008392334,23.670000076293945,7447200,0.0,0.0
2022-03-09 00:00:00-05:00,23.5,24.665000915527344,23.010000228881836,23.899999618530273,5082100,0.0,0.0
2022-03-10 00:00:00-05:00,23.469999313354492,23.979999542236328,22.639999389648438,23.43000030517578,3510500,0.0,0.0
2022-03-11 00:00:00-05:00,23.700000762939453,24.549999237060547,22.739999771118164,22.850000381469727,3079800,0.0,0.0
2022-03-14 00:00:00-04:00,22.479999542236328,22.479999542236328,20.290000915527344,20.65999984741211,3632500,0.0,0.0
2022-03-15 00:00:00-04:00,20.65999984741211,21.200000762939453,19.6200008392334,21.200000762939453,2834100,0.0,0.0
2022-03-16 00:00:00-04:00,21.3799991607666,22.375,20.940000534057617,22.350000381469727,3739000,0.0,0.0
2022-03-17 00:00:00-04:00,22.200000762939453,23.649999618530273,22.200000762939453,23.479999542236328,3553600,0.0,0.0
2022-03-18 00:00:00-04:00,23.350000381469727,24.490999221801758,23.350000381469727,23.940000534057617,3318300,0.0,0.0
2022-03-21 00:00:00-04:00,23.5,24.209999084472656,22.58099937438965,23.110000610351562,3217800,0.0,0.0
2022-03-22 00:00:00-04:00,23.110000610351562,24.34000015258789,22.961000442504883,23.780000686645508,2708800,0.0,0.0
2022-03-23 00:00:00-04:00,23.579999923706055,25.200000762939453,23.5,24.010000228881836,4064000,0.0,0.0
2022-03-24 00:00:00-04:00,24.010000228881836,24.96500015258789,23.520000457763672,24.940000534057617,2809100,0.0,0.0
2022-03-25 00:00:00-04:00,24.93000030517578,24.93000030517578,23.780000686645508,24.18000030517578,2858900,0.0,0.0
2022-03-28 00:00:00-04:00,24.31999969482422,24.84000015258789,23.3799991607666,24.149999618530273,2990500,0.0,0.0
2022-03-29 00:00:00-04:00,24.3799991607666,25.81999969482422,24.075000762939453,25.469999313354492,3881900,0.0,0.0
2022-03-30 00:00:00-04:00,25.209999084472656,25.579999923706055,24.37299919128418,24.540000915527344,2628900,0.0,0.0
2022-03-31 00:00:00-04:00,24.6200008392334,25.399999618530273,24.09000015258789,24.149999618530273,2662000,0.0,0.0
2022-04-01 00:00:00-04:00,24.15999984741211,24.6200008392334,23.8700008392334,24.540000915527344,2280400,0.0,0.0
2022-04-04 00:00:00-04:00,24.649999618530273,26.309999465942383,24.649999618530273,26.209999084472656,4847500,0.0,0.0
2022-04-05 00:00:00-04:00,26.729999542236328,27.05900001525879,24.96500015258789,25.06999969482422,3237300,0.0,0.0
2022-04-06 00:00:00-04:00,24.510000228881836,24.690000534057617,23.329999923706055,23.93000030517578,3327300,0.0,0.0
2022-04-07 00:00:00-04:00,23.809999465942383,24.280000686645508,22.6299991607666,23.149999618530273,3627700,0.0,0.0
2022-04-08 00:00:00-04:00,23.059999465942383,23.34000015258789,22.450000762939453,22.549999237060547,2831200,0.0,0.0
2022-04-11 00:00:00-04:00,22.31999969482422,23.389999389648438,22.152000427246094,22.950000762939453,3012900,0.0,0.0
2022-04-12 00:00:00-04:00,23.25,23.760000228881836,22.290000915527344,22.3700008392334,2972800,0.0,0.0
2022-04-13 00:00:00-04:00,22.549999237060547,23.290000915527344,22.219999313354492,23.260000228881836,2551600,0.0,0.0
2022-04-14 00:00:00-04:00,23.260000228881836,23.3700008392334,22.395000457763672,22.450000762939453,2434900,0.0,0.0
2022-04-18 00:00:00-04:00,22.389999389648438,22.709999084472656,21.920000076293945,22.110000610351562,2699300,0.0,0.0
2022-04-19 00:00:00-04:00,22.579999923706055,23.600000381469727,22.170000076293945,23.290000915527344,3782400,0.0,0.0
2022-04-20 00:00:00-04:00,23.469999313354492,23.489999771118164,22.399999618530273,22.459999084472656,2895300,0.0,0.0
2022-04-21 00:00:00-04:00,22.770000457763672,22.969999313354492,19.65999984741211,19.799999237060547,4119300,0.0,0.0
2022-04-22 00:00:00-04:00,19.729999542236328,20.219999313354492,18.90999984741211,19.059999465942383,6204500,0.0,0.0
2022-04-25 00:00:00-04:00,18.5,19.639999389648438,18.139999389648438,19.639999389648438,3439400,0.0,0.0
2022-04-26 00:00:00-04:00,19.450000762939453,19.770000457763672,19.0,19.40999984741211,3301300,0.0,0.0
2022-04-27 00:00:00-04:00,19.530000686645508,20.1200008392334,19.219999313354492,19.489999771118164,2646400,0.0,0.0
2022-04-28 00:00:00-04:00,19.709999084472656,19.989999771118164,18.34000015258789,19.5,2175100,0.0,0.0
2022-04-29 00:00:00-04:00,19.510000228881836,19.90999984741211,18.5,18.559999465942383,1751400,0.0,0.0
2022-05-02 00:00:00-04:00,18.229999542236328,18.850000381469727,17.8799991607666,18.760000228881836,2036300,0.0,0.0
2022-05-03 00:00:00-04:00,18.739999771118164,19.549999237060547,18.459999084472656,18.950000762939453,1982300,0.0,0.0
2022-05-04 00:00:00-04:00,19.239999771118164,20.375,18.770000457763672,20.299999237060547,2736800,0.0,0.0
2022-05-05 00:00:00-04:00,19.959999084472656,20.139999389648438,18.5,18.969999313354492,2816700,0.0,0.0
2022-05-06 00:00:00-04:00,15.819999694824219,16.610000610351562,14.529999732971191,15.130000114440918,11721700,0.0,0.0
2022-05-09 00:00:00-04:00,14.59000015258789,14.670000076293945,13.255000114440918,13.59000015258789,5668100,0.0,0.0
2022-05-10 00:00:00-04:00,14.039999961853027,14.220000267028809,12.555000305175781,13.289999961853027,4723900,0.0,0.0
2022-05-11 00:00:00-04:00,13.239999771118164,13.619999885559082,12.039999961853027,12.130000114440918,4266000,0.0,0.0
2022-05-12 00:00:00-04:00,11.949999809265137,13.029999732971191,11.470000267028809,12.350000381469727,4959000,0.0,0.0
2022-05-13 00:00:00-04:00,12.859999656677246,14.039999961853027,12.670000076293945,13.880000114440918,4379600,0.0,0.0
2022-05-16 00:00:00-04:00,13.75,14.550000190734863,13.550000190734863,14.050000190734863,2995600,0.0,0.0
2022-05-17 00:00:00-04:00,14.229999542236328,14.84000015258789,14.010000228881836,14.8100004196167,2797900,0.0,0.0
2022-05-18 00:00:00-04:00,14.579999923706055,15.479999542236328,13.975000381469727,14.109999656677246,2879600,0.0,0.0
2022-05-19 00:00:00-04:00,13.970000267028809,15.960000038146973,13.92199993133545,15.569999694824219,3880300,0.0,0.0
2022-05-20 00:00:00-04:00,15.800000190734863,15.989999771118164,14.850000381469727,15.640000343322754,3810800,0.0,0.0
2022-05-23 00:00:00-04:00,15.5600004196167,16.06999969482422,15.079999923706055,16.06999969482422,2247400,0.0,0.0
2022-05-24 00:00:00-04:00,15.960000038146973,15.960000038146973,14.824999809265137,15.010000228881836,4369400,0.0,0.0
2022-05-25 00:00:00-04:00,15.130000114440918,16.049999237060547,15.039999961853027,15.609999656677246,4108400,0.0,0.0
2022-05-26 00:00:00-04:00,15.460000038146973,16.704999923706055,15.40999984741211,16.56999969482422,2607600,0.0,0.0
2022-05-27 00:00:00-04:00,16.670000076293945,18.299999237060547,16.670000076293945,18.280000686645508,3378000,0.0,0.0
2022-05-31 00:00:00-04:00,18.34000015258789,18.559999465942383,17.200000762939453,17.520000457763672,3192600,0.0,0.0
2022-06-01 00:00:00-04:00,17.760000228881836,18.059999465942383,16.700000762939453,17.010000228881836,2171600,0.0,0.0
2022-06-02 00:00:00-04:00,17.1200008392334,18.780000686645508,17.09000015258789,18.540000915527344,2494100,0.0,0.0
2022-06-03 00:00:00-04:00,18.229999542236328,18.889999389648438,17.90999984741211,18.219999313354492,1733200,0.0,0.0
2022-06-06 00:00:00-04:00,18.799999237060547,19.81999969482422,18.540000915527344,18.8799991607666,2817000,0.0,0.0
2022-06-07 00:00:00-04:00,18.5049991607666,19.40999984741211,18.360000610351562,19.18000030517578,1666200,0.0,0.0
2022-06-08 00:00:00-04:00,18.979999542236328,19.459999084472656,18.549999237060547,18.68000030517578,1659700,0.0,0.0
2022-06-09 00:00:00-04:00,18.31999969482422,18.84000015258789,17.809999465942383,17.850000381469727,1678900,0.0,0.0
2022-06-10 00:00:00-04:00,17.399999618530273,17.829999923706055,16.7549991607666,17.049999237060547,1895500,0.0,0.0
2022-06-13 00:00:00-04:00,15.970000267028809,16.299999237060547,14.630000114440918,15.609999656677246,4103400,0.0,0.0
2022-06-14 00:00:00-04:00,15.6899995803833,16.1200008392334,15.220000267028809,15.649999618530273,2239900,0.0,0.0
2022-06-15 00:00:00-04:00,15.899999618530273,17.260000228881836,15.59000015258789,16.639999389648438,3568000,0.0,0.0
2022-06-16 00:00:00-04:00,15.920000076293945,16.450000762939453,15.3100004196167,16.010000228881836,3056800,0.0,0.0
2022-06-17 00:00:00-04:00,16.229999542236328,17.360000610351562,16.149999618530273,16.989999771118164,4984800,0.0,0.0
2022-06-21 00:00:00-04:00,17.200000762939453,17.889999389648438,17.190000534057617,17.280000686645508,2140800,0.0,0.0
2022-06-22 00:00:00-04:00,16.690000534057617,17.450000762939453,16.579999923706055,16.850000381469727,2506900,0.0,0.0
2022-06-23 00:00:00-04:00,17.049999237060547,18.149999618530273,16.72599983215332,18.110000610351562,2244900,0.0,0.0
2022-06-24 00:00:00-04:00,18.420000076293945,18.549999237060547,17.770000457763672,18.079999923706055,4448500,0.0,0.0
2022-06-27 00:00:00-04:00,18.239999771118164,18.59000015258789,17.770000457763672,18.25,1602400,0.0,0.0
2022-06-28 00:00:00-04:00,18.25,18.530000686645508,16.920000076293945,17.110000610351562,1571000,0.0,0.0
2022-06-29 00:00:00-04:00,16.739999771118164,16.770000457763672,15.848999977111816,16.34000015258789,1980100,0.0,0.0
2022-06-30 00:00:00-04:00,16.079999923706055,16.770000457763672,15.779999732971191,16.5,2032200,0.0,0.0
2022-07-01 00:00:00-04:00,16.719999313354492,17.18000030517578,16.420000076293945,16.8799991607666,1183100,0.0,0.0
2022-07-05 00:00:00-04:00,16.420000076293945,17.235000610351562,15.47700023651123,17.200000762939453,1911500,0.0,0.0
2022-07-06 00:00:00-04:00,17.239999771118164,17.979999542236328,16.940000534057617,17.290000915527344,1479700,0.0,0.0
2022-07-07 00:00:00-04:00,17.510000228881836,18.700000762939453,17.43000030517578,18.3700008392334,1764500,0.0,0.0
2022-07-08 00:00:00-04:00,18.399999618530273,19.514999389648438,18.170000076293945,18.899999618530273,1968000,0.0,0.0
2022-07-11 00:00:00-04:00,18.729999542236328,18.899999618530273,17.709999084472656,17.8700008392334,1801400,0.0,0.0
2022-07-12 00:00:00-04:00,17.709999084472656,17.860000610351562,16.829999923706055,17.489999771118164,1964000,0.0,0.0
2022-07-13 00:00:00-04:00,17.059999465942383,17.950000762939453,16.75,17.610000610351562,1193900,0.0,0.0
2022-07-14 00:00:00-04:00,17.309999465942383,17.440000534057617,16.8700008392334,17.079999923706055,1898500,0.0,0.0
2022-07-15 00:00:00-04:00,16.559999465942383,16.68000030517578,15.0600004196167,16.049999237060547,3883100,0.0,0.0
2022-07-18 00:00:00-04:00,16.40999984741211,17.39900016784668,16.3799991607666,16.809999465942383,2248300,0.0,0.0
2022-07-19 00:00:00-04:00,17.149999618530273,17.68899917602539,16.6299991607666,17.450000762939453,2058100,0.0,0.0
2022-07-20 00:00:00-04:00,17.780000686645508,18.469999313354492,17.68000030517578,18.049999237060547,2481600,0.0,0.0
2022-07-21 00:00:00-04:00,17.969999313354492,18.06999969482422,17.28499984741211,17.6200008392334,1681000,0.0,0.0
2022-07-22 00:00:00-04:00,17.6200008392334,18.010000228881836,16.334999084472656,16.520000457763672,1955000,0.0,0.0
2022-07-25 00:00:00-04:00,16.5,17.139999389648438,16.190000534057617,17.059999465942383,1365500,0.0,0.0
2022-07-26 00:00:00-04:00,16.899999618530273,17.06999969482422,16.288999557495117,16.440000534057617,1036200,0.0,0.0
2022-07-27 00:00:00-04:00,16.899999618530273,17.290000915527344,16.461999893188477,17.200000762939453,1666600,0.0,0.0
2022-07-28 00:00:00-04:00,19.299999237060547,22.020000457763672,19.190000534057617,20.170000076293945,7129000,0.0,0.0
2022-07-29 00:00:00-04:00,20.0,20.84000015258789,19.780000686645508,20.229999542236328,2477000,0.0,0.0
2022-08-01 00:00:00-04:00,20.149999618530273,20.690000534057617,19.489999771118164,20.360000610351562,1907600,0.0,0.0
2022-08-02 00:00:00-04:00,20.09000015258789,21.684999465942383,20.020000457763672,21.399999618530273,2630600,0.0,0.0
2022-08-03 00:00:00-04:00,21.780000686645508,21.8700008392334,20.6299991607666,21.489999771118164,1846500,0.0,0.0
2022-08-04 00:00:00-04:00,21.540000915527344,22.940000534057617,21.424999237060547,22.8799991607666,2471500,0.0,0.0
2022-08-05 00:00:00-04:00,23.450000762939453,24.280000686645508,22.969999313354492,24.100000381469727,4064100,0.0,0.0
2022-08-08 00:00:00-04:00,25.030000686645508,25.795000076293945,24.75,25.149999618530273,4097000,0.0,0.0
2022-08-09 00:00:00-04:00,24.469999313354492,25.200000762939453,24.030000686645508,24.760000228881836,2626800,0.0,0.0
2022-08-10 00:00:00-04:00,25.75,29.579999923706055,25.100000381469727,29.299999237060547,7754400,0.0,0.0
2022-08-11 00:00:00-04:00,29.5,30.389999389648438,29.059999465942383,29.200000762939453,4232400,0.0,0.0
2022-08-12 00:00:00-04:00,29.489999771118164,31.469999313354492,28.84000015258789,30.459999084472656,3825900,0.0,0.0
2022-08-15 00:00:00-04:00,30.200000762939453,31.360000610351562,30.049999237060547,30.360000610351562,3932700,0.0,0.0
2022-08-16 00:00:00-04:00,28.600000381469727,28.780000686645508,26.3799991607666,26.799999237060547,10771500,0.0,0.0
2022-08-17 00:00:00-04:00,26.0,27.200000762939453,25.68000030517578,26.579999923706055,16189900,0.0,0.0
2022-08-18 00:00:00-04:00,26.75,27.170000076293945,25.59000015258789,26.56999969482422,6105700,0.0,0.0
2022-08-19 00:00:00-04:00,25.75,26.139999389648438,24.969999313354492,25.540000915527344,6056300,0.0,0.0
2022-08-22 00:00:00-04:00,24.450000762939453,24.700000762939453,23.450000762939453,24.700000762939453,4898000,0.0,0.0
2022-08-23 00:00:00-04:00,24.700000762939453,25.209999084472656,24.030000686645508,24.100000381469727,3901200,0.0,0.0
2022-08-24 00:00:00-04:00,24.59000015258789,26.014999389648438,24.360000610351562,25.670000076293945,2849200,0.0,0.0
2022-08-25 00:00:00-04:00,27.139999389648438,27.6299991607666,25.639999389648438,27.360000610351562,5229500,0.0,0.0
2022-08-26 00:00:00-04:00,27.549999237060547,27.86400032043457,25.799999237060547,26.219999313354492,3059100,0.0,0.0
2022-08-29 00:00:00-04:00,25.725000381469727,26.510000228881836,25.459999084472656,25.739999771118164,2628100,0.0,0.0
2022-08-30 00:00:00-04:00,26.229999542236328,26.65999984741211,24.774999618530273,25.399999618530273,2187300,0.0,0.0
2022-08-31 00:00:00-04:00,25.979999542236328,26.479999542236328,25.06999969482422,25.40999984741211,1853700,0.0,0.0
2022-09-01 00:00:00-04:00,24.700000762939453,25.0,23.8799991607666,24.65999984741211,2693200,0.0,0.0
2022-09-02 00:00:00-04:00,25.1200008392334,25.260000228881836,23.6200008392334,23.670000076293945,2602000,0.0,0.0
2022-09-06 00:00:00-04:00,23.709999084472656,24.299999237060547,23.100000381469727,24.06999969482422,2262000,0.0,0.0
2022-09-07 00:00:00-04:00,24.040000915527344,25.549999237060547,24.0,25.43000030517578,2349600,0.0,0.0
2022-09-08 00:00:00-04:00,25.0,25.950000762939453,24.850000381469727,25.760000228881836,2014500,0.0,0.0
2022-09-09 00:00:00-04:00,26.0,26.31100082397461,25.729999542236328,26.139999389648438,1436100,0.0,0.0
2022-09-12 00:00:00-04:00,26.40999984741211,26.450000762939453,25.40999984741211,26.229999542236328,1825600,0.0,0.0
2022-09-13 00:00:00-04:00,24.559999465942383,25.549999237060547,24.25,25.239999771118164,2201900,0.0,0.0
2022-09-14 00:00:00-04:00,25.34000015258789,26.739999771118164,24.8700008392334,26.68000030517578,2208600,0.0,0.0
2022-09-15 00:00:00-04:00,26.25,26.854999542236328,25.700000762939453,25.8700008392334,2384400,0.0,0.0
2022-09-16 00:00:00-04:00,24.799999237060547,25.440000534057617,24.40999984741211,25.190000534057617,2890400,0.0,0.0
2022-09-19 00:00:00-04:00,24.760000228881836,25.549999237060547,24.65999984741211,25.329999923706055,1997700,0.0,0.0
2022-09-20 00:00:00-04:00,25.270000457763672,25.989999771118164,23.899999618530273,23.899999618530273,2011100,0.0,0.0
2022-09-21 00:00:00-04:00,24.09000015258789,25.229999542236328,23.979999542236328,24.030000686645508,2349000,0.0,0.0
2022-09-22 00:00:00-04:00,24.020000457763672,24.209999084472656,22.325000762939453,22.860000610351562,3104600,0.0,0.0
2022-09-23 00:00:00-04:00,22.0,22.260000228881836,20.959999084472656,21.360000610351562,2867500,0.0,0.0
2022-09-26 00:00:00-04:00,21.270000457763672,22.1299991607666,20.719999313354492,20.75,2927300,0.0,0.0
2022-09-27 00:00:00-04:00,21.1299991607666,21.68000030517578,20.739999771118164,21.200000762939453,2526100,0.0,0.0
2022-09-28 00:00:00-04:00,21.280000686645508,21.8799991607666,20.889999389648438,21.649999618530273,1927700,0.0,0.0
2022-09-29 00:00:00-04:00,21.149999618530273,21.309999465942383,19.6200008392334,20.190000534057617,3101100,0.0,0.0
2022-09-30 00:00:00-04:00,20.219999313354492,20.81999969482422,19.96299934387207,19.989999771118164,1956300,0.0,0.0
2022-10-03 00:00:00-04:00,20.420000076293945,21.010000228881836,20.219999313354492,20.739999771118164,1800000,0.0,0.0
2022-10-04 00:00:00-04:00,21.56999969482422,22.065000534057617,21.325000762939453,21.899999618530273,2330800,0.0,0.0
2022-10-05 00:00:00-04:00,21.290000915527344,21.489999771118164,20.114999771118164,20.549999237060547,2160600,0.0,0.0
2022-10-06 00:00:00-04:00,20.3799991607666,21.209999084472656,18.474000930786133,19.079999923706055,4974800,0.0,0.0
2022-10-07 00:00:00-04:00,18.360000610351562,18.829999923706055,17.764999389648438,17.93000030517578,2884200,0.0,0.0
2022-10-10 00:00:00-04:00,17.93000030517578,17.959999084472656,17.290000915527344,17.5,2198200,0.0,0.0
2022-10-11 00:00:00-04:00,17.25,17.860000610351562,17.030000686645508,17.489999771118164,2243900,0.0,0.0
2022-10-12 00:00:00-04:00,17.440000534057617,17.450000762939453,16.554000854492188,16.65999984741211,2789200,0.0,0.0
2022-10-13 00:00:00-04:00,16.0,17.309999465942383,15.850000381469727,16.969999313354492,3011900,0.0,0.0
2022-10-14 00:00:00-04:00,16.850000381469727,17.700000762939453,16.399999618530273,16.40999984741211,3706500,0.0,0.0
2022-10-17 00:00:00-04:00,17.0,17.1200008392334,16.51099967956543,16.790000915527344,2482800,0.0,0.0
2022-10-18 00:00:00-04:00,17.5,17.881000518798828,17.059999465942383,17.15999984741211,3175200,0.0,0.0
2022-10-19 00:00:00-04:00,16.989999771118164,16.989999771118164,16.18000030517578,16.530000686645508,4533900,0.0,0.0
2022-10-20 00:00:00-04:00,16.399999618530273,17.049999237060547,16.1200008392334,16.25,3064700,0.0,0.0
2022-10-21 00:00:00-04:00,16.219999313354492,16.719999313354492,15.680000305175781,16.690000534057617,4461900,0.0,0.0
2022-10-24 00:00:00-04:00,16.829999923706055,16.84000015258789,16.040000915527344,16.59000015258789,2597200,0.0,0.0
2022-10-25 00:00:00-04:00,16.600000381469727,18.200000762939453,16.584999084472656,17.969999313354492,3896100,0.0,0.0
2022-10-26 00:00:00-04:00,18.170000076293945,19.135000228881836,18.170000076293945,18.440000534057617,3646200,0.0,0.0
2022-10-27 00:00:00-04:00,18.610000610351562,18.8700008392334,18.219999313354492,18.559999465942383,1836400,0.0,0.0
2022-10-28 00:00:00-04:00,18.559999465942383,18.760000228881836,17.760000228881836,18.520000457763672,2556400,0.0,0.0
2022-10-31 00:00:00-04:00,18.299999237060547,18.8799991607666,18.200000762939453,18.709999084472656,1998400,0.0,0.0
2022-11-01 00:00:00-04:00,19.420000076293945,19.719999313354492,18.239999771118164,18.270000457763672,2601700,0.0,0.0
2022-11-02 00:00:00-04:00,18.25,18.450000762939453,17.270000457763672,17.329999923706055,2318300,0.0,0.0
2022-11-03 00:00:00-04:00,17.200000762939453,17.725000381469727,17.030000686645508,17.229999542236328,2812800,0.0,0.0
2022-11-04 00:00:00-04:00,19.329999923706055,20.940000534057617,18.049999237060547,19.239999771118164,6136600,0.0,0.0
2022-11-07 00:00:00-05:00,19.5,19.735000610351562,18.790000915527344,19.40999984741211,2789200,0.0,0.0
2022-11-08 00:00:00-05:00,19.75,20.110000610351562,19.15999984741211,19.489999771118164,2663400,0.0,0.0
2022-11-09 00:00:00-05:00,19.100000381469727,20.049999237060547,18.239999771118164,18.260000228881836,2056800,0.0,0.0
2022-11-10 00:00:00-05:00,19.700000762939453,21.80500030517578,19.700000762939453,21.649999618530273,4566600,0.0,0.0
2022-11-11 00:00:00-05:00,21.75,22.924999237060547,21.540000915527344,21.829999923706055,4283700,0.0,0.0
2022-11-14 00:00:00-05:00,21.56999969482422,21.920000076293945,20.479999542236328,21.56999969482422,1909200,0.0,0.0
2022-11-15 00:00:00-05:00,21.940000534057617,22.700000762939453,21.940000534057617,21.989999771118164,2190600,0.0,0.0
2022-11-16 00:00:00-05:00,21.600000381469727,21.829999923706055,21.0049991607666,21.25,1533800,0.0,0.0
2022-11-17 00:00:00-05:00,20.5,21.190000534057617,19.81999969482422,21.1200008392334,1954600,0.0,0.0
2022-11-18 00:00:00-05:00,21.559999465942383,21.780000686645508,20.360000610351562,21.059999465942383,2872400,0.0,0.0
2022-11-21 00:00:00-05:00,20.625,21.18000030517578,20.520000457763672,20.850000381469727,1505800,0.0,0.0
2022-11-22 00:00:00-05:00,20.8799991607666,21.520000457763672,20.579999923706055,21.469999313354492,1280800,0.0,0.0
2022-11-23 00:00:00-05:00,21.459999084472656,22.458999633789062,21.100000381469727,22.309999465942383,2059400,0.0,0.0
2022-11-25 00:00:00-05:00,22.1299991607666,22.219999313354492,21.760000228881836,22.110000610351562,757800,0.0,0.0
2022-11-28 00:00:00-05:00,21.790000915527344,22.170000076293945,20.950000762939453,21.030000686645508,1375300,0.0,0.0
2022-11-29 00:00:00-05:00,21.270000457763672,21.448999404907227,20.450000762939453,20.649999618530273,1357000,0.0,0.0
2022-11-30 00:00:00-05:00,20.790000915527344,21.350000381469727,20.040000915527344,21.290000915527344,2689600,0.0,0.0
2022-12-01 00:00:00-05:00,21.200000762939453,21.579999923706055,20.579999923706055,21.520000457763672,1857500,0.0,0.0
2022-12-02 00:00:00-05:00,20.950000762939453,22.07699966430664,20.8700008392334,21.979999542236328,1707600,0.0,0.0
2022-12-05 00:00:00-05:00,21.770000457763672,22.18000030517578,20.809999465942383,21.020000457763672,1645900,0.0,0.0
2022-12-06 00:00:00-05:00,21.020000457763672,21.110000610351562,19.851999282836914,20.1299991607666,2083400,0.0,0.0
2022-12-07 00:00:00-05:00,19.989999771118164,20.579999923706055,19.709999084472656,20.040000915527344,1440600,0.0,0.0
2022-12-08 00:00:00-05:00,20.25,20.96500015258789,19.8799991607666,20.540000915527344,1723800,0.0,0.0
2022-12-09 00:00:00-05:00,20.459999084472656,20.84000015258789,20.299999237060547,20.469999313354492,1310100,0.0,0.0
2022-12-12 00:00:00-05:00,20.670000076293945,21.8799991607666,20.540000915527344,21.809999465942383,1711600,0.0,0.0
2022-12-13 00:00:00-05:00,22.799999237060547,23.299999237060547,21.690000534057617,21.959999084472656,2744200,0.0,0.0
2022-12-14 00:00:00-05:00,22.510000228881836,24.405000686645508,22.5049991607666,23.260000228881836,4567000,0.0,0.0
2022-12-15 00:00:00-05:00,22.75,23.389999389648438,21.8799991607666,22.469999313354492,3048500,0.0,0.0
2022-12-16 00:00:00-05:00,22.209999084472656,22.299999237060547,21.40999984741211,22.040000915527344,4055300,0.0,0.0
2022-12-19 00:00:00-05:00,22.020000457763672,22.020000457763672,20.68000030517578,20.809999465942383,2562500,0.0,0.0
2022-12-20 00:00:00-05:00,20.360000610351562,21.18000030517578,20.040000915527344,20.549999237060547,2245300,0.0,0.0
2022-12-21 00:00:00-05:00,20.799999237060547,21.09000015258789,20.3799991607666,20.479999542236328,1750800,0.0,0.0
2022-12-22 00:00:00-05:00,20.079999923706055,20.209999084472656,19.030000686645508,19.520000457763672,2018400,0.0,0.0
2022-12-23 00:00:00-05:00,19.329999923706055,19.5,18.530000686645508,18.530000686645508,1615800,0.0,0.0
2022-12-27 00:00:00-05:00,18.3700008392334,18.420000076293945,17.440000534057617,17.639999389648438,2097600,0.0,0.0
2022-12-28 00:00:00-05:00,17.600000381469727,18.100000381469727,17.280000686645508,17.799999237060547,1835000,0.0,0.0
2022-12-29 00:00:00-05:00,18.200000762939453,18.850000381469727,18.09000015258789,18.700000762939453,1680300,0.0,0.0
2022-12-30 00:00:00-05:00,18.389999389648438,19.209999084472656,18.360000610351562,19.1200008392334,1433800,0.0,0.0
2023-01-03 00:00:00-05:00,19.639999389648438,19.979999542236328,18.829999923706055,19.190000534057617,3007500,0.0,0.0
2023-01-04 00:00:00-05:00,19.56999969482422,20.15999984741211,19.200000762939453,20.1200008392334,2114400,0.0,0.0
2023-01-05 00:00:00-05:00,19.84000015258789,19.899999618530273,18.920000076293945,19.15999984741211,1681400,0.0,0.0
2023-01-06 00:00:00-05:00,18.799999237060547,19.450000762939453,18.350000381469727,19.030000686645508,1772300,0.0,0.0
2023-01-09 00:00:00-05:00,19.59000015258789,20.3799991607666,19.385000228881836,19.889999389648438,2298400,0.0,0.0
2023-01-10 00:00:00-05:00,20.6299991607666,22.325000762939453,20.6299991607666,22.0,4220900,0.0,0.0
2023-01-11 00:00:00-05:00,22.079999923706055,23.100000381469727,21.770000457763672,23.049999237060547,3296900,0.0,0.0
2023-01-12 00:00:00-05:00,23.3700008392334,23.8799991607666,22.719999313354492,23.6299991607666,2615600,0.0,0.0
2023-01-13 00:00:00-05:00,23.299999237060547,23.84000015258789,22.989999771118164,23.170000076293945,1934400,0.0,0.0
2023-01-17 00:00:00-05:00,23.25,24.040000915527344,22.979999542236328,23.920000076293945,2902500,0.0,0.0
2023-01-18 00:00:00-05:00,24.079999923706055,24.729999542236328,23.6299991607666,23.809999465942383,2095900,0.0,0.0
2023-01-19 00:00:00-05:00,23.200000762939453,23.6200008392334,22.18000030517578,22.68000030517578,3601100,0.0,0.0
2023-01-20 00:00:00-05:00,22.969999313354492,24.190000534057617,22.899999618530273,24.040000915527344,2911600,0.0,0.0
2023-01-23 00:00:00-05:00,24.100000381469727,25.799999237060547,24.030000686645508,25.360000610351562,2351000,0.0,0.0
2023-01-24 00:00:00-05:00,26.0,26.260000228881836,24.655000686645508,24.989999771118164,2600400,0.0,0.0
2023-01-25 00:00:00-05:00,24.260000228881836,25.440000534057617,23.6200008392334,25.290000915527344,2194700,0.0,0.0
2023-01-26 00:00:00-05:00,25.899999618530273,26.299999237060547,24.440000534057617,24.770000457763672,2109200,0.0,0.0
2023-01-27 00:00:00-05:00,24.559999465942383,25.25,24.049999237060547,25.0,2132400,0.0,0.0
2023-01-30 00:00:00-05:00,24.549999237060547,25.09000015258789,24.049999237060547,24.18000030517578,1582900,0.0,0.0
2023-01-31 00:00:00-05:00,24.440000534057617,25.0,24.170000076293945,24.93000030517578,1723500,0.0,0.0
2023-02-01 00:00:00-05:00,24.889999389648438,25.905000686645508,24.399999618530273,25.420000076293945,2106700,0.0,0.0
2023-02-02 00:00:00-05:00,26.0,26.54800033569336,25.059999465942383,25.6299991607666,2281200,0.0,0.0
2023-02-03 00:00:00-05:00,24.790000915527344,25.510000228881836,24.59000015258789,24.690000534057617,1448700,0.0,0.0
2023-02-06 00:00:00-05:00,24.100000381469727,24.78499984741211,24.020000457763672,24.1299991607666,1722400,0.0,0.0
2023-02-07 00:00:00-05:00,24.010000228881836,24.399999618530273,23.309999465942383,24.280000686645508,1671300,0.0,0.0
2023-02-08 00:00:00-05:00,24.450000762939453,24.950000762939453,23.760000228881836,23.889999389648438,2115400,0.0,0.0
2023-02-09 00:00:00-05:00,24.299999237060547,24.68000030517578,23.594999313354492,23.639999389648438,3177700,0.0,0.0
2023-02-10 00:00:00-05:00,25.649999618530273,25.68000030517578,22.31999969482422,24.049999237060547,6750200,0.0,0.0
2023-02-13 00:00:00-05:00,23.979999542236328,24.25,22.940000534057617,23.299999237060547,2681800,0.0,0.0
2023-02-14 00:00:00-05:00,22.75,23.260000228881836,21.920000076293945,23.209999084472656,3639100,0.0,0.0
2023-02-15 00:00:00-05:00,23.0,24.450000762939453,22.790000915527344,24.40999984741211,2322500,0.0,0.0
2023-02-16 00:00:00-05:00,23.829999923706055,24.420000076293945,23.364999771118164,23.389999389648438,1970300,0.0,0.0
2023-02-17 00:00:00-05:00,23.170000076293945,23.520000457763672,22.739999771118164,23.489999771118164,1914900,0.0,0.0
2023-02-21 00:00:00-05:00,23.020000457763672,23.299999237060547,22.334999084472656,22.3799991607666,2607700,0.0,0.0
2023-02-22 00:00:00-05:00,22.049999237060547,22.719999313354492,22.049999237060547,22.420000076293945,1634300,0.0,0.0
2023-02-23 00:00:00-05:00,22.90999984741211,22.959999084472656,21.950000762939453,22.3799991607666,1361900,0.0,0.0
2023-02-24 00:00:00-05:00,21.850000381469727,21.860000610351562,21.059999465942383,21.31999969482422,2208800,0.0,0.0
2023-02-27 00:00:00-05:00,21.540000915527344,21.84000015258789,21.334999084472656,21.600000381469727,1440900,0.0,0.0
2023-02-28 00:00:00-05:00,21.520000457763672,21.90999984741211,21.440000534057617,21.690000534057617,2293800,0.0,0.0
2023-03-01 00:00:00-05:00,21.790000915527344,22.510000228881836,21.68000030517578,21.899999618530273,1980800,0.0,0.0
2023-03-02 00:00:00-05:00,21.350000381469727,21.690000534057617,21.1200008392334,21.68000030517578,1425700,0.0,0.0
2023-03-03 00:00:00-05:00,21.969999313354492,22.895000457763672,21.770000457763672,22.68000030517578,1488700,0.0,0.0
2023-03-06 00:00:00-05:00,22.889999389648438,23.399999618530273,22.649999618530273,22.780000686645508,1521100,0.0,0.0
2023-03-07 00:00:00-05:00,22.739999771118164,23.100000381469727,22.350000381469727,22.719999313354492,1282500,0.0,0.0
2023-03-08 00:00:00-05:00,22.68000030517578,22.71500015258789,21.93000030517578,22.34000015258789,1383800,0.0,0.0
2023-03-09 00:00:00-05:00,22.440000534057617,22.989999771118164,21.219999313354492,21.229999542236328,2618300,0.0,0.0
2023-03-10 00:00:00-05:00,21.110000610351562,21.25,19.780000686645508,20.1200008392334,2780700,0.0,0.0
2023-03-13 00:00:00-04:00,19.309999465942383,20.4950008392334,18.399999618530273,19.940000534057617,2694800,0.0,0.0
2023-03-14 00:00:00-04:00,20.8700008392334,21.260000228881836,19.780000686645508,20.149999618530273,2446300,0.0,0.0
2023-03-15 00:00:00-04:00,19.360000610351562,19.68000030517578,18.31999969482422,18.93000030517578,2710500,0.0,0.0
2023-03-16 00:00:00-04:00,18.729999542236328,18.81999969482422,17.639999389648438,18.020000457763672,4830400,0.0,0.0
2023-03-17 00:00:00-04:00,17.709999084472656,17.84000015258789,16.770000457763672,17.149999618530273,4456100,0.0,0.0
2023-03-20 00:00:00-04:00,17.209999084472656,17.670000076293945,16.8799991607666,17.200000762939453,3011900,0.0,0.0
2023-03-21 00:00:00-04:00,17.860000610351562,18.610000610351562,17.709999084472656,18.329999923706055,3170600,0.0,0.0
2023-03-22 00:00:00-04:00,18.290000915527344,18.68000030517578,17.739999771118164,17.75,2718600,0.0,0.0
2023-03-23 00:00:00-04:00,18.0,19.239999771118164,17.959999084472656,18.299999237060547,4561400,0.0,0.0
2023-03-24 00:00:00-04:00,17.989999771118164,18.405000686645508,17.770000457763672,18.280000686645508,2236800,0.0,0.0
2023-03-27 00:00:00-04:00,18.610000610351562,18.610000610351562,17.799999237060547,18.030000686645508,1540300,0.0,0.0
2023-03-28 00:00:00-04:00,18.1200008392334,18.315000534057617,18.020000457763672,18.09000015258789,1437300,0.0,0.0
2023-03-29 00:00:00-04:00,18.420000076293945,19.040000915527344,17.959999084472656,19.0,2387600,0.0,0.0
2023-03-30 00:00:00-04:00,19.600000381469727,20.299999237060547,19.479999542236328,19.549999237060547,2626200,0.0,0.0
2023-03-31 00:00:00-04:00,19.809999465942383,20.6200008392334,19.670000076293945,19.93000030517578,2326000,0.0,0.0
2023-04-03 00:00:00-04:00,20.239999771118164,20.34000015258789,19.70199966430664,20.15999984741211,2238600,0.0,0.0
2023-04-04 00:00:00-04:00,20.0,20.170000076293945,18.854999542236328,19.049999237060547,2474200,0.0,0.0
2023-04-05 00:00:00-04:00,18.829999923706055,19.149999618530273,17.860000610351562,18.260000228881836,2905300,0.0,0.0
2023-04-06 00:00:00-04:00,18.190000534057617,18.190000534057617,17.56999969482422,17.760000228881836,2498200,0.0,0.0
2023-04-10 00:00:00-04:00,17.639999389648438,18.5,17.579999923706055,18.40999984741211,2217900,0.0,0.0
2023-04-11 00:00:00-04:00,18.540000915527344,18.959999084472656,18.389999389648438,18.940000534057617,2000900,0.0,0.0
2023-04-12 00:00:00-04:00,19.43000030517578,19.5,18.389999389648438,18.479999542236328,1571700,0.0,0.0
2023-04-13 00:00:00-04:00,18.760000228881836,18.93000030517578,18.440000534057617,18.459999084472656,1385100,0.0,0.0
2023-04-14 00:00:00-04:00,18.280000686645508,18.381999969482422,17.899999618530273,18.25,1613700,0.0,0.0
2023-04-17 00:00:00-04:00,18.0,18.649999618530273,18.0,18.639999389648438,2977300,0.0,0.0
2023-04-18 00:00:00-04:00,18.68000030517578,18.770000457763672,17.8799991607666,18.299999237060547,3495900,0.0,0.0
2023-04-19 00:00:00-04:00,18.049999237060547,18.625,17.969999313354492,18.420000076293945,2123800,0.0,0.0
2023-04-20 00:00:00-04:00,17.979999542236328,18.354999542236328,17.719999313354492,18.139999389648438,2795500,0.0,0.0
2023-04-21 00:00:00-04:00,18.06999969482422,18.170000076293945,17.760000228881836,17.850000381469727,12412400,0.0,0.0
2023-04-24 00:00:00-04:00,17.809999465942383,18.239999771118164,17.56999969482422,17.8799991607666,2426300,0.0,0.0
2023-04-25 00:00:00-04:00,17.704999923706055,17.704999923706055,16.950000762939453,17.020000457763672,2280200,0.0,0.0
2023-04-26 00:00:00-04:00,16.850000381469727,16.940000534057617,16.270000457763672,16.450000762939453,3261600,0.0,0.0
2023-04-27 00:00:00-04:00,16.75,17.073999404907227,16.56999969482422,16.68000030517578,2310300,0.0,0.0
2023-04-28 00:00:00-04:00,16.510000228881836,16.739999771118164,16.360000610351562,16.649999618530273,2097900,0.0,0.0
2023-05-01 00:00:00-04:00,16.709999084472656,16.93000030517578,16.270000457763672,16.520000457763672,2420900,0.0,0.0
2023-05-02 00:00:00-04:00,16.3700008392334,16.475000381469727,15.920000076293945,15.960000038146973,3005800,0.0,0.0
2023-05-03 00:00:00-04:00,16.040000915527344,16.924999237060547,15.979999542236328,16.5,3567600,0.0,0.0
2023-05-04 00:00:00-04:00,16.450000762939453,16.530000686645508,15.944999694824219,16.139999389648438,2958000,0.0,0.0
2023-05-05 00:00:00-04:00,16.5,17.190000534057617,16.424999237060547,17.0,2275200,0.0,0.0
2023-05-08 00:00:00-04:00,17.31999969482422,17.31999969482422,16.729999542236328,16.950000762939453,1596700,0.0,0.0
2023-05-09 00:00:00-04:00,16.5,16.809999465942383,16.350000381469727,16.610000610351562,2552100,0.0,0.0
2023-05-10 00:00:00-04:00,17.56999969482422,17.56999969482422,15.109999656677246,15.199999809265137,6007000,0.0,0.0
2023-05-11 00:00:00-04:00,13.899999618530273,14.1899995803833,12.520000457763672,13.229999542236328,20736800,0.0,0.0
2023-05-12 00:00:00-04:00,13.079999923706055,13.265000343322754,12.331999778747559,12.720000267028809,20142600,0.0,0.0
2023-05-15 00:00:00-04:00,12.699999809265137,13.199999809265137,12.479999542236328,13.130000114440918,10668000,0.0,0.0
2023-05-16 00:00:00-04:00,13.180000305175781,13.350000381469727,12.970000267028809,13.119999885559082,6389700,0.0,0.0
2023-05-17 00:00:00-04:00,13.220000267028809,14.100000381469727,13.199999809265137,13.789999961853027,6503800,0.0,0.0
2023-05-18 00:00:00-04:00,13.649999618530273,13.835000038146973,13.239999771118164,13.649999618530273,4378900,0.0,0.0
2023-05-19 00:00:00-04:00,14.399999618530273,14.770000457763672,13.75,13.9399995803833,9701200,0.0,0.0
2023-05-22 00:00:00-04:00,14.050000190734863,15.039999961853027,13.829999923706055,14.779999732971191,8156500,0.0,0.0
2023-05-23 00:00:00-04:00,14.710000038146973,15.15999984741211,14.510000228881836,14.829999923706055,5037000,0.0,0.0
2023-05-24 00:00:00-04:00,14.529999732971191,14.529999732971191,13.630000114440918,13.800000190734863,5806700,0.0,0.0
2023-05-25 00:00:00-04:00,13.989999771118164,14.1899995803833,13.510000228881836,13.550000190734863,3829300,0.0,0.0
2023-05-26 00:00:00-04:00,13.520000457763672,14.09000015258789,13.350000381469727,13.989999771118164,5231900,0.0,0.0
2023-05-30 00:00:00-04:00,14.15999984741211,14.350000381469727,13.71500015258789,13.949999809265137,4420400,0.0,0.0
2023-05-31 00:00:00-04:00,13.800000190734863,14.0649995803833,13.550000190734863,13.720000267028809,3277100,0.0,0.0
2023-06-01 00:00:00-04:00,13.75,14.270000457763672,13.40999984741211,13.960000038146973,3916300,0.0,0.0
2023-06-02 00:00:00-04:00,14.380000114440918,14.649999618530273,14.125,14.420000076293945,5813000,0.0,0.0
2023-06-05 00:00:00-04:00,14.25,14.524999618530273,14.039999961853027,14.180000305175781,2543200,0.0,0.0
2023-06-06 00:00:00-04:00,14.0,15.385000228881836,13.899999618530273,15.119999885559082,6448200,0.0,0.0
2023-06-07 00:00:00-04:00,15.3100004196167,15.90999984741211,15.140000343322754,15.779999732971191,9889800,0.0,0.0
2023-06-08 00:00:00-04:00,15.8100004196167,15.859999656677246,15.050000190734863,15.210000038146973,6643600,0.0,0.0
2023-06-09 00:00:00-04:00,15.149999618530273,15.319999694824219,14.779999732971191,15.140000343322754,7231400,0.0,0.0
2023-06-12 00:00:00-04:00,15.289999961853027,16.969999313354492,15.135000228881836,16.850000381469727,11553500,0.0,0.0
2023-06-13 00:00:00-04:00,17.1299991607666,17.854999542236328,16.854999542236328,17.65999984741211,9176300,0.0,0.0
2023-06-14 00:00:00-04:00,17.709999084472656,17.969999313354492,16.790000915527344,16.850000381469727,6150400,0.0,0.0
2023-06-15 00:00:00-04:00,16.459999084472656,17.43000030517578,16.170000076293945,17.34000015258789,6522300,0.0,0.0
2023-06-16 00:00:00-04:00,17.68000030517578,17.68000030517578,16.809999465942383,17.15999984741211,4691000,0.0,0.0
2023-06-20 00:00:00-04:00,16.989999771118164,17.149999618530273,16.270000457763672,16.8700008392334,6129400,0.0,0.0
2023-06-21 00:00:00-04:00,16.729999542236328,16.920000076293945,16.225000381469727,16.5,2993600,0.0,0.0
2023-06-22 00:00:00-04:00,16.31999969482422,16.40999984741211,15.829999923706055,16.229999542236328,3191200,0.0,0.0
2023-06-23 00:00:00-04:00,15.979999542236328,15.979999542236328,15.399999618530273,15.4399995803833,6268000,0.0,0.0
2023-06-26 00:00:00-04:00,15.390000343322754,15.920000076293945,15.3100004196167,15.510000228881836,2114200,0.0,0.0
2023-06-27 00:00:00-04:00,15.739999771118164,15.989999771118164,15.524999618530273,15.989999771118164,3136000,0.0,0.0
2023-06-28 00:00:00-04:00,15.979999542236328,16.780000686645508,15.930000305175781,16.18000030517578,3486200,0.0,0.0
2023-06-29 00:00:00-04:00,16.15999984741211,16.84000015258789,16.059999465942383,16.25,3705500,0.0,0.0
2023-06-30 00:00:00-04:00,16.420000076293945,16.489999771118164,16.149999618530273,16.350000381469727,3258100,0.0,0.0
2023-07-03 00:00:00-04:00,16.520000457763672,16.809999465942383,16.21500015258789,16.31999969482422,1264800,0.0,0.0
2023-07-05 00:00:00-04:00,16.149999618530273,16.559999465942383,15.829999923706055,16.25,2601000,0.0,0.0
2023-07-06 00:00:00-04:00,16.0,16.010000228881836,15.130000114440918,15.550000190734863,3241300,0.0,0.0
2023-07-07 00:00:00-04:00,16.114999771118164,17.1200008392334,15.90999984741211,16.690000534057617,4705600,0.0,0.0
2023-07-10 00:00:00-04:00,16.415000915527344,17.3799991607666,16.399999618530273,17.3700008392334,2834800,0.0,0.0
2023-07-11 00:00:00-04:00,17.450000762939453,17.799999237060547,17.190000534057617,17.670000076293945,3506000,0.0,0.0
2023-07-12 00:00:00-04:00,18.049999237060547,18.059999465942383,17.549999237060547,17.59000015258789,2906500,0.0,0.0
2023-07-13 00:00:00-04:00,17.899999618530273,18.290000915527344,17.71500015258789,17.93000030517578,3648500,0.0,0.0
2023-07-14 00:00:00-04:00,18.040000915527344,18.639999389648438,17.375,17.59000015258789,3833500,0.0,0.0
2023-07-17 00:00:00-04:00,17.690000534057617,18.704999923706055,17.549999237060547,18.420000076293945,4039900,0.0,0.0
2023-07-18 00:00:00-04:00,18.43000030517578,18.760000228881836,17.834999084472656,18.200000762939453,5204900,0.0,0.0
2023-07-19 00:00:00-04:00,18.420000076293945,18.684999465942383,17.684999465942383,17.770000457763672,3598700,0.0,0.0
2023-07-20 00:00:00-04:00,17.600000381469727,17.725000381469727,17.28499984741211,17.389999389648438,4123700,0.0,0.0
2023-07-21 00:00:00-04:00,17.600000381469727,17.639999389648438,17.094999313354492,17.56999969482422,2953300,0.0,0.0
2023-07-24 00:00:00-04:00,17.700000762939453,18.079999923706055,17.400999069213867,17.799999237060547,2992000,0.0,0.0
2023-07-25 00:00:00-04:00,17.600000381469727,17.799999237060547,17.280000686645508,17.450000762939453,3470400,0.0,0.0
2023-07-26 00:00:00-04:00,17.25,18.200000762939453,17.100000381469727,17.889999389648438,4616500,0.0,0.0
2023-07-27 00:00:00-04:00,18.1299991607666,18.200000762939453,17.072999954223633,17.280000686645508,2979300,0.0,0.0
2023-07-28 00:00:00-04:00,17.690000534057617,17.790000915527344,17.360000610351562,17.360000610351562,1886900,0.0,0.0
2023-07-31 00:00:00-04:00,17.559999465942383,18.15999984741211,17.549999237060547,17.860000610351562,3303100,0.0,0.0
2023-08-01 00:00:00-04:00,17.600000381469727,17.809999465942383,17.360000610351562,17.670000076293945,1769000,0.0,0.0
2023-08-02 00:00:00-04:00,17.110000610351562,17.13800048828125,16.209999084472656,16.770000457763672,4504900,0.0,0.0
2023-08-03 00:00:00-04:00,16.600000381469727,16.950000762939453,16.46500015258789,16.56999969482422,4364000,0.0,0.0
2023-08-04 00:00:00-04:00,16.100000381469727,17.110000610351562,15.680000305175781,15.880000114440918,4467700,0.0,0.0
2023-08-07 00:00:00-04:00,15.699999809265137,15.8149995803833,15.149999618530273,15.720000267028809,3675600,0.0,0.0
2023-08-08 00:00:00-04:00,15.25,15.770000457763672,15.020000457763672,15.760000228881836,3247500,0.0,0.0
2023-08-09 00:00:00-04:00,15.850000381469727,16.239999771118164,15.489999771118164,15.569999694824219,2143100,0.0,0.0
2023-08-10 00:00:00-04:00,15.34000015258789,15.741000175476074,14.859999656677246,14.970000267028809,3825400,0.0,0.0
2023-08-11 00:00:00-04:00,14.880000114440918,15.100000381469727,14.770000457763672,15.0600004196167,2109800,0.0,0.0
2023-08-14 00:00:00-04:00,14.90999984741211,15.640000343322754,14.729999542236328,15.470000267028809,2322400,0.0,0.0
2023-08-15 00:00:00-04:00,15.260000228881836,15.359999656677246,14.789999961853027,14.8100004196167,3347400,0.0,0.0
2023-08-16 00:00:00-04:00,14.739999771118164,15.050000190734863,14.59000015258789,14.609999656677246,2789300,0.0,0.0
2023-08-17 00:00:00-04:00,14.640000343322754,14.8149995803833,14.40999984741211,14.449999809265137,2356300,0.0,0.0
2023-08-18 00:00:00-04:00,14.130000114440918,14.824999809265137,14.079999923706055,14.489999771118164,2559600,0.0,0.0
2023-08-21 00:00:00-04:00,14.470000267028809,14.635000228881836,14.114999771118164,14.420000076293945,2386400,0.0,0.0
2023-08-22 00:00:00-04:00,14.670000076293945,14.699999809265137,14.055000305175781,14.260000228881836,1804100,0.0,0.0
2023-08-23 00:00:00-04:00,14.0600004196167,14.859999656677246,13.949999809265137,14.680000305175781,3001900,0.0,0.0
2023-08-24 00:00:00-04:00,14.710000038146973,14.75,14.229999542236328,14.350000381469727,1903700,0.0,0.0
2023-08-25 00:00:00-04:00,14.470000267028809,14.774999618530273,14.25,14.460000038146973,3003200,0.0,0.0
2023-08-28 00:00:00-04:00,14.670000076293945,14.96500015258789,14.649999618530273,14.869999885559082,3683600,0.0,0.0
2023-08-29 00:00:00-04:00,14.880000114440918,15.880000114440918,14.770000457763672,15.449999809265137,4202000,0.0,0.0
2023-08-30 00:00:00-04:00,15.479999542236328,15.640000343322754,14.960000038146973,15.149999618530273,2783900,0.0,0.0
2023-08-31 00:00:00-04:00,15.210000038146973,15.529999732971191,14.979999542236328,14.989999771118164,1931100,0.0,0.0
2023-09-01 00:00:00-04:00,15.239999771118164,15.437999725341797,15.039999961853027,15.15999984741211,2103100,0.0,0.0
2023-09-05 00:00:00-04:00,15.020000457763672,15.324999809265137,14.970000267028809,15.100000381469727,2472100,0.0,0.0
2023-09-06 00:00:00-04:00,15.300000190734863,15.399999618530273,15.050000190734863,15.100000381469727,2885200,0.0,0.0
2023-09-07 00:00:00-04:00,14.779999732971191,15.074999809265137,14.505000114440918,15.050000190734863,2204800,0.0,0.0
2023-09-08 00:00:00-04:00,14.970000267028809,15.100000381469727,14.579999923706055,14.710000038146973,2543300,0.0,0.0
2023-09-11 00:00:00-04:00,14.920000076293945,15.234999656677246,14.600000381469727,15.100000381469727,2584600,0.0,0.0
2023-09-12 00:00:00-04:00,14.949999809265137,15.449999809265137,14.829999923706055,15.40999984741211,2400500,0.0,0.0
2023-09-13 00:00:00-04:00,15.420000076293945,15.449999809265137,14.949999809265137,15.029999732971191,2306900,0.0,0.0
2023-09-14 00:00:00-04:00,15.270000457763672,15.670000076293945,15.199999809265137,15.550000190734863,2897800,0.0,0.0
2023-09-15 00:00:00-04:00,15.479999542236328,15.59000015258789,14.960000038146973,15.119999885559082,4657400,0.0,0.0
2023-09-18 00:00:00-04:00,15.0,15.0600004196167,14.460000038146973,14.470000267028809,2605400,0.0,0.0
2023-09-19 00:00:00-04:00,14.260000228881836,14.84000015258789,14.239999771118164,14.670000076293945,3695400,0.0,0.0
2023-09-20 00:00:00-04:00,14.890000343322754,15.050000190734863,14.364999771118164,14.399999618530273,1890600,0.0,0.0
2023-09-21 00:00:00-04:00,14.079999923706055,14.1899995803833,13.770000457763672,13.779999732971191,3427300,0.0,0.0
2023-09-22 00:00:00-04:00,13.84000015258789,14.039999961853027,13.5600004196167,13.569999694824219,2665100,0.0,0.0
2023-09-25 00:00:00-04:00,13.710000038146973,14.119999885559082,13.600000381469727,13.729999542236328,2632300,0.0,0.0
2023-09-26 00:00:00-04:00,13.5,13.760000228881836,13.319999694824219,13.350000381469727,3242900,0.0,0.0
2023-09-27 00:00:00-04:00,13.600000381469727,13.710000038146973,13.279999732971191,13.420000076293945,2751700,0.0,0.0
2023-09-28 00:00:00-04:00,13.470000267028809,13.579999923706055,13.069999694824219,13.229999542236328,2699600,0.0,0.0
2023-09-29 00:00:00-04:00,13.470000267028809,13.710000038146973,13.109999656677246,13.260000228881836,3206600,0.0,0.0
2023-10-02 00:00:00-04:00,13.170000076293945,13.270000457763672,11.970000267028809,12.1899995803833,5556800,0.0,0.0
2023-10-03 00:00:00-04:00,12.010000228881836,12.09000015258789,11.420000076293945,11.539999961853027,7093900,0.0,0.0
2023-10-04 00:00:00-04:00,11.569999694824219,11.680000305175781,10.970000267028809,11.380000114440918,5383000,0.0,0.0
2023-10-05 00:00:00-04:00,11.180000305175781,11.239999771118164,10.675000190734863,10.739999771118164,5031600,0.0,0.0
2023-10-06 00:00:00-04:00,10.5600004196167,11.1899995803833,10.524999618530273,11.130000114440918,4836600,0.0,0.0
2023-10-09 00:00:00-04:00,10.739999771118164,11.074999809265137,10.449999809265137,10.550000190734863,3828600,0.0,0.0
2023-10-10 00:00:00-04:00,10.649999618530273,11.475000381469727,10.550000190734863,11.460000038146973,6369600,0.0,0.0
2023-10-11 00:00:00-04:00,11.84000015258789,11.979999542236328,11.550000190734863,11.84000015258789,5923600,0.0,0.0
2023-10-12 00:00:00-04:00,11.84000015258789,11.890000343322754,11.3100004196167,11.40999984741211,3690600,0.0,0.0
2023-10-13 00:00:00-04:00,11.449999809265137,12.0,11.25,11.430000305175781,4035700,0.0,0.0
2023-10-16 00:00:00-04:00,11.649999618530273,12.550000190734863,11.539999961853027,12.390000343322754,10597000,0.0,0.0
2023-10-17 00:00:00-04:00,12.050000190734863,12.569999694824219,11.8149995803833,12.420000076293945,6081400,0.0,0.0
2023-10-18 00:00:00-04:00,12.1899995803833,12.21500015258789,11.89900016784668,12.020000457763672,3607000,0.0,0.0
2023-10-19 00:00:00-04:00,12.010000228881836,12.295000076293945,11.829999923706055,11.9399995803833,4699400,0.0,0.0
2023-10-20 00:00:00-04:00,11.699999809265137,11.930000305175781,11.25,11.3100004196167,18671000,0.0,0.0
2023-10-23 00:00:00-04:00,11.100000381469727,11.46500015258789,10.864999771118164,11.25,3808900,0.0,0.0
2023-10-24 00:00:00-04:00,11.5,11.984999656677246,11.399999618530273,11.75,5282700,0.0,0.0
2023-10-25 00:00:00-04:00,11.600000381469727,11.614999771118164,11.21500015258789,11.350000381469727,3931200,0.0,0.0
2023-10-26 00:00:00-04:00,11.430000305175781,11.609999656677246,10.529999732971191,10.859999656677246,5416200,0.0,0.0
2023-10-27 00:00:00-04:00,10.819999694824219,10.869999885559082,9.680000305175781,9.779999732971191,7264800,0.0,0.0
2023-10-30 00:00:00-04:00,10.029999732971191,10.25,9.510000228881836,10.010000228881836,6205000,0.0,0.0
2023-10-31 00:00:00-04:00,10.010000228881836,10.479999542236328,9.989999771118164,10.399999618530273,4131000,0.0,0.0
2023-11-01 00:00:00-04:00,10.3100004196167,10.420000076293945,9.859999656677246,10.020000457763672,5129600,0.0,0.0
2023-11-02 00:00:00-04:00,10.260000228881836,10.789999961853027,10.260000228881836,10.760000228881836,5127500,0.0,0.0
2023-11-03 00:00:00-04:00,11.270000457763672,11.550000190734863,10.789999961853027,10.800000190734863,6412000,0.0,0.0
2023-11-06 00:00:00-05:00,10.90999984741211,10.930000305175781,9.954999923706055,10.09000015258789,4493100,0.0,0.0
2023-11-07 00:00:00-05:00,10.0,10.194999694824219,9.670000076293945,9.930000305175781,5233700,0.0,0.0
2023-11-08 00:00:00-05:00,9.949999809265137,10.229999542236328,9.600000381469727,10.029999732971191,8862600,0.0,0.0
2023-11-09 00:00:00-05:00,11.539999961853027,12.100000381469727,10.8149995803833,10.869999885559082,15489800,0.0,0.0
2023-11-10 00:00:00-05:00,10.520000457763672,10.960000038146973,9.968000411987305,10.539999961853027,9709500,0.0,0.0
2023-11-13 00:00:00-05:00,10.479999542236328,10.875,10.390000343322754,10.609999656677246,5120000,0.0,0.0
2023-11-14 00:00:00-05:00,11.34000015258789,12.5,11.260000228881836,12.350000381469727,9418800,0.0,0.0
2023-11-15 00:00:00-05:00,12.539999961853027,13.25,12.399999618530273,12.529999732971191,5818000,0.0,0.0
2023-11-16 00:00:00-05:00,12.350000381469727,12.654999732971191,12.1899995803833,12.420000076293945,4085500,0.0,0.0
2023-11-17 00:00:00-05:00,12.670000076293945,12.765000343322754,12.225000381469727,12.569999694824219,4909600,0.0,0.0
2023-11-20 00:00:00-05:00,12.569999694824219,13.010000228881836,12.359999656677246,12.859999656677246,3052900,0.0,0.0
2023-11-21 00:00:00-05:00,12.699999809265137,12.890000343322754,12.28499984741211,12.819999694824219,5293500,0.0,0.0
2023-11-22 00:00:00-05:00,12.970000267028809,13.15999984741211,12.649999618530273,13.119999885559082,3698100,0.0,0.0
2023-11-24 00:00:00-05:00,13.149999618530273,13.289999961853027,13.050000190734863,13.210000038146973,1539400,0.0,0.0
2023-11-27 00:00:00-05:00,13.270000457763672,13.329999923706055,12.890000343322754,13.010000228881836,4083800,0.0,0.0
2023-11-28 00:00:00-05:00,12.90999984741211,13.65999984741211,12.699999809265137,13.550000190734863,4410100,0.0,0.0
2023-11-29 00:00:00-05:00,13.880000114440918,14.614999771118164,13.819999694824219,14.3100004196167,5008700,0.0,0.0
2023-11-30 00:00:00-05:00,14.40999984741211,14.890000343322754,14.039999961853027,14.4399995803833,5137300,0.0,0.0
2023-12-01 00:00:00-05:00,14.319999694824219,15.399999618530273,14.100000381469727,15.380000114440918,4842800,0.0,0.0
2023-12-04 00:00:00-05:00,15.3100004196167,15.729999542236328,15.239999771118164,15.520000457763672,4150700,0.0,0.0
2023-12-05 00:00:00-05:00,15.270000457763672,15.270000457763672,14.699999809265137,14.90999984741211,4029500,0.0,0.0
2023-12-06 00:00:00-05:00,15.079999923706055,15.229999542236328,14.0,14.210000038146973,7358600,0.0,0.0
2023-12-07 00:00:00-05:00,14.140000343322754,14.23900032043457,13.579999923706055,13.880000114440918,5435700,0.0,0.0
2023-12-08 00:00:00-05:00,13.789999961853027,14.130000114440918,13.609999656677246,13.90999984741211,4090700,0.0,0.0
2023-12-11 00:00:00-05:00,13.789999961853027,13.994999885559082,13.359999656677246,13.510000228881836,4694700,0.0,0.0
2023-12-12 00:00:00-05:00,13.329999923706055,13.329999923706055,12.675000190734863,12.869999885559082,5861600,0.0,0.0
2023-12-13 00:00:00-05:00,12.760000228881836,13.84000015258789,12.614999771118164,13.5600004196167,5829000,0.0,0.0
2023-12-14 00:00:00-05:00,14.020000457763672,15.239999771118164,14.020000457763672,14.40999984741211,10373000,0.0,0.0
2023-12-15 00:00:00-05:00,14.579999923706055,14.75,13.90999984741211,14.199999809265137,7957500,0.0,0.0
2023-12-18 00:00:00-05:00,14.010000228881836,14.307999610900879,13.664999961853027,13.720000267028809,4313500,0.0,0.0
2023-12-19 00:00:00-05:00,13.869999885559082,14.369999885559082,13.699999809265137,14.3100004196167,4930700,0.0,0.0
2023-12-20 00:00:00-05:00,14.1899995803833,14.630000114440918,13.789999961853027,13.84000015258789,4134800,0.0,0.0
2023-12-21 00:00:00-05:00,14.229999542236328,14.789999961853027,14.020000457763672,14.760000228881836,3776500,0.0,0.0
2023-12-22 00:00:00-05:00,14.404999732971191,14.979999542236328,14.380000114440918,14.880000114440918,3710300,0.0,0.0
2023-12-26 00:00:00-05:00,14.979999542236328,15.15999984741211,14.739999771118164,15.09000015258789,2725400,0.0,0.0
2023-12-27 00:00:00-05:00,15.1899995803833,15.324999809265137,15.0,15.25,2595100,0.0,0.0
2023-12-28 00:00:00-05:00,15.140000343322754,15.390000343322754,15.050000190734863,15.229999542236328,1992400,0.0,0.0
2023-12-29 00:00:00-05:00,15.199999809265137,15.199999809265137,14.654999732971191,14.800000190734863,2530100,0.0,0.0
2024-01-02 00:00:00-05:00,14.5,15.267999649047852,14.390000343322754,14.760000228881836,3145900,0.0,0.0
2024-01-03 00:00:00-05:00,14.359999656677246,14.369999885559082,13.75,14.020000457763672,3649600,0.0,0.0
2024-01-04 00:00:00-05:00,13.949999809265137,14.210000038146973,13.850000381469727,13.90999984741211,2075100,0.0,0.0
2024-01-05 00:00:00-05:00,13.75,14.390000343322754,13.640000343322754,13.770000457763672,2771000,0.0,0.0
2024-01-08 00:00:00-05:00,13.6899995803833,13.944999694824219,13.319999694824219,13.890000343322754,2947400,0.0,0.0
2024-01-09 00:00:00-05:00,13.5600004196167,13.630000114440918,13.225000381469727,13.319999694824219,3908800,0.0,0.0
2024-01-10 00:00:00-05:00,14.109999656677246,14.229999542236328,13.15999984741211,13.470000267028809,5007400,0.0,0.0
2024-01-11 00:00:00-05:00,13.3100004196167,13.390000343322754,12.479999542236328,12.970000267028809,4246500,0.0,0.0
2024-01-12 00:00:00-05:00,13.149999618530273,13.220000267028809,12.609999656677246,12.729999542236328,3556100,0.0,0.0
2024-01-16 00:00:00-05:00,12.449999809265137,12.475000381469727,11.710000038146973,11.850000381469727,6181300,0.0,0.0
2024-01-17 00:00:00-05:00,11.399999618530273,11.65999984741211,11.140000343322754,11.260000228881836,4647500,0.0,0.0
2024-01-18 00:00:00-05:00,11.300000190734863,11.449999809265137,10.949999809265137,11.270000457763672,7698500,0.0,0.0
2024-01-19 00:00:00-05:00,11.220000267028809,11.428999900817871,10.960000038146973,11.399999618530273,5511400,0.0,0.0
2024-01-22 00:00:00-05:00,11.59000015258789,12.345000267028809,11.510000228881836,12.0600004196167,5631300,0.0,0.0
2024-01-23 00:00:00-05:00,11.989999771118164,12.319999694824219,11.670000076293945,11.930000305175781,5124600,0.0,0.0
2024-01-24 00:00:00-05:00,12.270000457763672,12.569999694824219,11.824999809265137,11.869999885559082,4781900,0.0,0.0
2024-01-25 00:00:00-05:00,12.180000305175781,12.619999885559082,12.0,12.470000267028809,4443700,0.0,0.0
2024-01-26 00:00:00-05:00,12.649999618530273,12.859999656677246,12.425000190734863,12.470000267028809,3340500,0.0,0.0
2024-01-29 00:00:00-05:00,11.5,11.920000076293945,11.0600004196167,11.899999618530273,8678300,0.0,0.0
2024-01-30 00:00:00-05:00,11.729999542236328,11.75,11.300999641418457,11.359999656677246,4179500,0.0,0.0
2024-01-31 00:00:00-05:00,11.529999732971191,12.239999771118164,11.289999961853027,11.319999694824219,5970800,0.0,0.0
2024-02-01 00:00:00-05:00,12.039999961853027,12.420000076293945,11.510000228881836,12.010000228881836,6550100,0.0,0.0
2024-02-02 00:00:00-05:00,11.800000190734863,12.0,11.364999771118164,11.600000381469727,4720300,0.0,0.0
2024-02-05 00:00:00-05:00,11.319999694824219,11.420000076293945,10.725000381469727,11.029999732971191,3860700,0.0,0.0
2024-02-06 00:00:00-05:00,10.949999809265137,11.359999656677246,10.829000473022461,11.3100004196167,3310600,0.0,0.0
2024-02-07 00:00:00-05:00,11.539999961853027,11.609999656677246,11.069999694824219,11.300000190734863,2931200,0.0,0.0
2024-02-08 00:00:00-05:00,11.270000457763672,11.59000015258789,11.149999618530273,11.520000457763672,2993200,0.0,0.0
2024-02-09 00:00:00-05:00,11.569999694824219,11.71500015258789,11.274999618530273,11.529999732971191,4078300,0.0,0.0
2024-02-12 00:00:00-05:00,11.569999694824219,12.46500015258789,11.489999771118164,12.319999694824219,4881000,0.0,0.0
2024-02-13 00:00:00-05:00,11.539999961853027,11.725000381469727,11.050000190734863,11.25,5171400,0.0,0.0
2024-02-14 00:00:00-05:00,11.510000228881836,11.774999618530273,11.239999771118164,11.710000038146973,4928000,0.0,0.0
2024-02-15 00:00:00-05:00,11.65999984741211,12.050000190734863,11.649999618530273,11.970000267028809,7443800,0.0,0.0
2024-02-16 00:00:00-05:00,9.0,9.949999809265137,8.979999542236328,9.880000114440918,27117900,0.0,0.0
2024-02-20 00:00:00-05:00,9.670000076293945,9.800000190734863,8.779999732971191,8.920000076293945,12681700,0.0,0.0
2024-02-21 00:00:00-05:00,8.829999923706055,8.989999771118164,8.699999809265137,8.960000038146973,6399800,0.0,0.0
2024-02-22 00:00:00-05:00,9.039999961853027,9.039999961853027,8.444999694824219,8.600000381469727,7492300,0.0,0.0
2024-02-23 00:00:00-05:00,8.545000076293945,8.800000190734863,8.411999702453613,8.579999923706055,5606500,0.0,0.0
2024-02-26 00:00:00-05:00,8.59000015258789,8.779999732971191,8.430000305175781,8.699999809265137,5847300,0.0,0.0
2024-02-27 00:00:00-05:00,8.899999618530273,9.34000015258789,8.805000305175781,9.319999694824219,7283400,0.0,0.0
2024-02-28 00:00:00-05:00,9.199999809265137,9.430000305175781,8.949999809265137,8.989999771118164,3965200,0.0,0.0
2024-02-29 00:00:00-05:00,9.15999984741211,9.375,8.739999771118164,8.770000457763672,4347400,0.0,0.0
2024-03-01 00:00:00-05:00,8.760000228881836,9.140000343322754,8.414999961853027,9.079999923706055,6881000,0.0,0.0
2024-03-04 00:00:00-05:00,9.100000381469727,9.130000114440918,8.680000305175781,9.029999732971191,4579900,0.0,0.0
2024-03-05 00:00:00-05:00,8.880000114440918,9.300000190734863,8.779999732971191,9.119999885559082,6000500,0.0,0.0
2024-03-06 00:00:00-05:00,9.779999732971191,9.8100004196167,8.949999809265137,9.539999961853027,7996100,0.0,0.0
2024-03-07 00:00:00-05:00,9.65999984741211,10.489999771118164,9.5600004196167,10.4399995803833,7841300,0.0,0.0
2024-03-08 00:00:00-05:00,10.619999885559082,10.920000076293945,10.289999961853027,10.3100004196167,5367200,0.0,0.0
2024-03-11 00:00:00-04:00,10.289999961853027,10.720000267028809,10.229999542236328,10.460000038146973,4495100,0.0,0.0
2024-03-12 00:00:00-04:00,10.529999732971191,10.619999885559082,10.029999732971191,10.300000190734863,4370400,0.0,0.0
2024-03-13 00:00:00-04:00,10.199999809265137,10.529999732971191,9.979999542236328,10.029999732971191,3621000,0.0,0.0
2024-03-14 00:00:00-04:00,10.050000190734863,10.15999984741211,8.819999694824219,9.029999732971191,9734100,0.0,0.0
2024-03-15 00:00:00-04:00,9.100000381469727,9.270000457763672,8.994999885559082,9.260000228881836,4954900,0.0,0.0
2024-03-18 00:00:00-04:00,9.289999961853027,9.880000114440918,9.100000381469727,9.779999732971191,6003100,0.0,0.0
2024-03-19 00:00:00-04:00,9.5,9.65999984741211,9.270000457763672,9.470000267028809,3799000,0.0,0.0
2024-03-20 00:00:00-04:00,9.390000343322754,9.725000381469727,9.15999984741211,9.59000015258789,3462900,0.0,0.0
2024-03-21 00:00:00-04:00,9.640000343322754,10.0,9.529999732971191,9.819999694824219,3512900,0.0,0.0
2024-03-22 00:00:00-04:00,9.8100004196167,9.920000076293945,9.574999809265137,9.869999885559082,3158700,0.0,0.0
2024-03-25 00:00:00-04:00,9.90999984741211,10.25,9.850000381469727,10.039999961853027,5254200,0.0,0.0
2024-03-26 00:00:00-04:00,10.25,11.220000267028809,10.239999771118164,10.800000190734863,10853700,0.0,0.0
2024-03-27 00:00:00-04:00,10.850000381469727,11.15999984741211,10.704999923706055,11.029999732971191,4741200,0.0,0.0
2024-03-28 00:00:00-04:00,11.029999732971191,11.34000015258789,10.96500015258789,11.239999771118164,4258000,0.0,0.0
2024-04-01 00:00:00-04:00,11.75,11.755000114440918,11.09000015258789,11.729999542236328,5555200,0.0,0.0
2024-04-02 00:00:00-04:00,11.5,11.880000114440918,11.225000381469727,11.75,6356500,0.0,0.0
2024-04-03 00:00:00-04:00,11.529999732971191,11.78499984741211,11.239999771118164,11.710000038146973,4260800,0.0,0.0
2024-04-04 00:00:00-04:00,12.0,12.5,11.690999984741211,11.789999961853027,5885600,0.0,0.0
2024-04-05 00:00:00-04:00,11.800000190734863,12.079999923706055,11.609999656677246,11.6899995803833,3904800,0.0,0.0
2024-04-08 00:00:00-04:00,11.90999984741211,12.039999961853027,11.630000114440918,11.670000076293945,3685600,0.0,0.0
2024-04-09 00:00:00-04:00,12.0,12.510000228881836,11.774999618530273,11.880000114440918,5138000,0.0,0.0
2024-04-10 00:00:00-04:00,11.15999984741211,11.520000457763672,11.055000305175781,11.420000076293945,5144100,0.0,0.0
2024-04-11 00:00:00-04:00,11.510000228881836,11.614999771118164,10.880000114440918,11.380000114440918,3708600,0.0,0.0
2024-04-12 00:00:00-04:00,11.289999961853027,11.4399995803833,10.600000381469727,10.739999771118164,4354400,0.0,0.0
2024-04-15 00:00:00-04:00,10.579999923706055,10.75,10.1899995803833,10.239999771118164,5983400,0.0,0.0
2024-04-16 00:00:00-04:00,10.09000015258789,10.204999923706055,9.75,9.880000114440918,7562300,0.0,0.0
2024-04-17 00:00:00-04:00,9.949999809265137,10.039999961853027,9.744999885559082,9.800000190734863,4282800,0.0,0.0
2024-04-18 00:00:00-04:00,9.859999656677246,10.079999923706055,9.59000015258789,9.75,4235300,0.0,0.0
2024-04-19 00:00:00-04:00,9.720000267028809,9.84000015258789,9.5,9.630000114440918,14889900,0.0,0.0
2024-04-22 00:00:00-04:00,9.779999732971191,9.779999732971191,9.140000343322754,9.319999694824219,6705400,0.0,0.0
2024-04-23 00:00:00-04:00,9.350000381469727,10.279999732971191,9.300000190734863,9.829999923706055,6509700,0.0,0.0
2024-04-24 00:00:00-04:00,9.819999694824219,9.895000457763672,9.5,9.640000343322754,3900200,0.0,0.0
2024-04-25 00:00:00-04:00,9.390000343322754,9.579999923706055,9.119999885559082,9.550000190734863,5109700,0.0,0.0
2024-04-26 00:00:00-04:00,9.579999923706055,10.65999984741211,9.460000038146973,10.600000381469727,7016800,0.0,0.0
2024-04-29 00:00:00-04:00,10.789999961853027,11.1899995803833,10.720000267028809,10.989999771118164,5262000,0.0,0.0
2024-04-30 00:00:00-04:00,10.989999771118164,11.4399995803833,10.75,11.130000114440918,6191600,0.0,0.0
2024-05-01 00:00:00-04:00,11.130000114440918,11.904999732971191,11.050000190734863,11.3100004196167,4528500,0.0,0.0
2024-05-02 00:00:00-04:00,11.65999984741211,11.65999984741211,11.199999809265137,11.4399995803833,3570800,0.0,0.0
2024-05-03 00:00:00-04:00,11.84000015258789,12.229999542236328,11.600000381469727,11.800000190734863,4200400,0.0,0.0
2024-05-06 00:00:00-04:00,11.9399995803833,12.369999885559082,11.9399995803833,12.199999809265137,3859800,0.0,0.0
2024-05-07 00:00:00-04:00,12.199999809265137,12.329999923706055,11.75,11.770000457763672,5615200,0.0,0.0
2024-05-08 00:00:00-04:00,11.479999542236328,11.8100004196167,11.220000267028809,11.800000190734863,3166100,0.0,0.0
2024-05-09 00:00:00-04:00,11.8100004196167,12.039999961853027,11.59000015258789,11.739999771118164,6528600,0.0,0.0
2024-05-10 00:00:00-04:00,12.5,13.539999961853027,11.130000114440918,11.15999984741211,11544500,0.0,0.0
2024-05-13 00:00:00-04:00,11.1899995803833,12.289999961853027,11.1899995803833,11.550000190734863,5784500,0.0,0.0
2024-05-14 00:00:00-04:00,12.039999961853027,13.069999694824219,12.039999961853027,12.479999542236328,7285300,0.0,0.0
2024-05-15 00:00:00-04:00,12.850000381469727,13.09000015258789,12.229999542236328,12.859999656677246,7055700,0.0,0.0
2024-05-16 00:00:00-04:00,12.779999732971191,12.8100004196167,11.930000305175781,12.229999542236328,5816000,0.0,0.0
2024-05-17 00:00:00-04:00,12.180000305175781,12.34000015258789,11.980999946594238,12.329999923706055,3969200,0.0,0.0
2024-05-20 00:00:00-04:00,12.529999732971191,13.114999771118164,12.401000022888184,12.920000076293945,5501900,0.0,0.0
2024-05-21 00:00:00-04:00,13.140000343322754,15.140000343322754,12.989999771118164,15.130000114440918,17398300,0.0,0.0
2024-05-22 00:00:00-04:00,15.25,18.139999389648438,15.180000305175781,17.0,30153100,0.0,0.0
2024-05-23 00:00:00-04:00,16.760000228881836,17.229999542236328,15.654999732971191,15.729999542236328,16069200,0.0,0.0
2024-05-24 00:00:00-04:00,15.729999542236328,16.5,15.279999732971191,16.290000915527344,20534900,0.0,0.0
2024-05-28 00:00:00-04:00,16.549999237060547,17.34000015258789,16.371999740600586,16.530000686645508,15781300,0.0,0.0
2024-05-29 00:00:00-04:00,16.0,16.1299991607666,15.369999885559082,15.520000457763672,6899500,0.0,0.0
2024-05-30 00:00:00-04:00,15.720000267028809,16.829999923706055,15.619999885559082,16.639999389648438,8425500,0.0,0.0
2024-05-31 00:00:00-04:00,16.829999923706055,17.709999084472656,15.84000015258789,16.31999969482422,8257700,0.0,0.0
2024-06-03 00:00:00-04:00,16.889999389648438,17.0,15.6899995803833,15.75,6798300,0.0,0.0
2024-06-04 00:00:00-04:00,15.5,15.510000228881836,14.680000305175781,15.020000457763672,6329200,0.0,0.0
2024-06-05 00:00:00-04:00,15.140000343322754,15.9399995803833,14.699999809265137,15.680000305175781,5694400,0.0,0.0
2024-06-06 00:00:00-04:00,15.529999732971191,15.75,15.03499984741211,15.350000381469727,4221900,0.0,0.0
2024-06-07 00:00:00-04:00,14.979999542236328,15.109999656677246,14.630000114440918,14.84000015258789,4842000,0.0,0.0
2024-06-10 00:00:00-04:00,14.75,15.75,14.649999618530273,15.130000114440918,5124100,0.0,0.0
2024-06-11 00:00:00-04:00,14.90999984741211,15.0,14.40999984741211,14.75,4593300,0.0,0.0
2024-06-12 00:00:00-04:00,15.59000015258789,16.239999771118164,15.15999984741211,15.3100004196167,7850900,0.0,0.0
2024-06-13 00:00:00-04:00,15.199999809265137,15.850000381469727,15.079999923706055,15.100000381469727,4713800,0.0,0.0
2024-06-14 00:00:00-04:00,14.859999656677246,14.920000076293945,13.90999984741211,14.329999923706055,5936800,0.0,0.0
2024-06-17 00:00:00-04:00,14.104999542236328,14.25,13.579999923706055,13.949999809265137,5403000,0.0,0.0
2024-06-18 00:00:00-04:00,13.869999885559082,14.020000457763672,13.569999694824219,13.649999618530273,6893600,0.0,0.0
2024-06-20 00:00:00-04:00,13.510000228881836,14.210000038146973,13.338000297546387,14.010000228881836,4664700,0.0,0.0
2024-06-21 00:00:00-04:00,13.850000381469727,13.890000343322754,12.819999694824219,12.819999694824219,8495900,0.0,0.0
2024-06-24 00:00:00-04:00,12.829999923706055,13.260000228881836,12.760000228881836,13.239999771118164,4853600,0.0,0.0
2024-06-25 00:00:00-04:00,13.029999732971191,13.329999923706055,12.760000228881836,13.319999694824219,3907300,0.0,0.0
2024-06-26 00:00:00-04:00,13.229999542236328,13.34000015258789,12.59000015258789,12.619999885559082,5399800,0.0,0.0
2024-06-27 00:00:00-04:00,12.430000305175781,13.260000228881836,12.359999656677246,13.039999961853027,4762100,0.0,0.0
2024-06-28 00:00:00-04:00,12.920000076293945,13.04800033569336,12.079999923706055,12.239999771118164,10038100,0.0,0.0
2024-07-01 00:00:00-04:00,12.319999694824219,12.4399995803833,11.359999656677246,11.369999885559082,5649900,0.0,0.0
2024-07-02 00:00:00-04:00,11.329999923706055,11.6899995803833,10.645000457763672,10.819999694824219,8677100,0.0,0.0
2024-07-03 00:00:00-04:00,11.1899995803833,11.895000457763672,11.01200008392334,11.850000381469727,5257900,0.0,0.0
2024-07-05 00:00:00-04:00,11.819999694824219,12.244999885559082,11.71500015258789,12.15999984741211,5250400,0.0,0.0
2024-07-08 00:00:00-04:00,12.319999694824219,12.8100004196167,12.255000114440918,12.40999984741211,4225500,0.0,0.0
2024-07-09 00:00:00-04:00,12.390000343322754,12.430000305175781,12.015000343322754,12.260000228881836,3649700,0.0,0.0
2024-07-10 00:00:00-04:00,12.479999542236328,12.880000114440918,12.069999694824219,12.800000190734863,3530900,0.0,0.0
2024-07-11 00:00:00-04:00,13.449999809265137,13.59000015258789,12.975000381469727,13.369999885559082,4452100,0.0,0.0
2024-07-12 00:00:00-04:00,13.569999694824219,14.270000457763672,13.569999694824219,13.970000267028809,5274600,0.0,0.0
2024-07-15 00:00:00-04:00,13.1899995803833,14.5600004196167,12.899999618530273,14.539999961853027,8587200,0.0,0.0
2024-07-16 00:00:00-04:00,14.5649995803833,15.194999694824219,14.220000267028809,15.079999923706055,7406800,0.0,0.0
2024-07-17 00:00:00-04:00,16.440000534057617,17.225000381469727,15.229999542236328,15.279999732971191,17509600,0.0,0.0
2024-07-18 00:00:00-04:00,15.180000305175781,15.630000114440918,14.619999885559082,14.649999618530273,7890800,0.0,0.0
2024-07-19 00:00:00-04:00,14.399999618530273,14.5600004196167,13.899999618530273,14.180000305175781,4259300,0.0,0.0
2024-07-22 00:00:00-04:00,14.609999656677246,14.789999961853027,14.0649995803833,14.25,4389400,0.0,0.0
2024-07-23 00:00:00-04:00,14.09000015258789,15.350000381469727,14.010000228881836,15.109999656677246,4260500,0.0,0.0
2024-07-24 00:00:00-04:00,14.899999618530273,15.430000305175781,14.369999885559082,14.479999542236328,3952300,0.0,0.0
2024-07-25 00:00:00-04:00,14.300000190734863,15.109999656677246,13.95300006866455,14.479999542236328,4503600,0.0,0.0
2024-07-26 00:00:00-04:00,14.880000114440918,15.239999771118164,14.369999885559082,14.510000228881836,4235800,0.0,0.0
2024-07-29 00:00:00-04:00,14.619999885559082,14.630000114440918,13.470000267028809,13.789999961853027,4447700,0.0,0.0
2024-07-30 00:00:00-04:00,13.869999885559082,13.895000457763672,12.9399995803833,13.069999694824219,4870700,0.0,0.0
2024-07-31 00:00:00-04:00,13.420000076293945,14.180000305175781,13.289999961853027,13.539999961853027,4772200,0.0,0.0
2024-08-01 00:00:00-04:00,13.59000015258789,13.720000267028809,12.345000267028809,12.5,4810400,0.0,0.0
2024-08-02 00:00:00-04:00,11.819999694824219,11.869999885559082,11.220000267028809,11.789999961853027,6147200,0.0,0.0
2024-08-05 00:00:00-04:00,10.819999694824219,11.454999923706055,10.539999961853027,10.899999618530273,8774100,0.0,0.0
2024-08-06 00:00:00-04:00,11.109999656677246,11.170000076293945,10.625,10.649999618530273,6277200,0.0,0.0
2024-08-07 00:00:00-04:00,10.899999618530273,10.930000305175781,9.819999694824219,9.899999618530273,9100900,0.0,0.0
2024-08-08 00:00:00-04:00,10.210000038146973,10.675000190734863,9.9399995803833,10.539999961853027,6322900,0.0,0.0
2024-08-09 00:00:00-04:00,12.100000381469727,12.270000457763672,10.895000457763672,11.489999771118164,9401200,0.0,0.0
2024-08-12 00:00:00-04:00,11.5600004196167,11.744999885559082,11.029999732971191,11.140000343322754,4836500,0.0,0.0
2024-08-13 00:00:00-04:00,11.329999923706055,11.989999771118164,11.09000015258789,11.859999656677246,4614800,0.0,0.0
2024-08-14 00:00:00-04:00,11.930000305175781,12.09000015258789,11.40999984741211,11.40999984741211,3779700,0.0,0.0
2024-08-15 00:00:00-04:00,11.609999656677246,12.027000427246094,11.550000190734863,11.979999542236328,4348200,0.0,0.0
2024-08-16 00:00:00-04:00,11.84000015258789,11.979999542236328,11.489999771118164,11.609999656677246,3571600,0.0,0.0
2024-08-19 00:00:00-04:00,11.84000015258789,11.968000411987305,11.585000038146973,11.789999961853027,2751800,0.0,0.0
2024-08-20 00:00:00-04:00,11.710000038146973,11.800000190734863,11.244999885559082,11.510000228881836,4130800,0.0,0.0
2024-08-21 00:00:00-04:00,11.5600004196167,11.734999656677246,11.380000114440918,11.579999923706055,4276100,0.0,0.0
2024-08-22 00:00:00-04:00,11.569999694824219,11.604999542236328,11.175000190734863,11.239999771118164,3646100,0.0,0.0
2024-08-23 00:00:00-04:00,11.319999694824219,11.885000228881836,11.25,11.859999656677246,3648100,0.0,0.0
2024-08-26 00:00:00-04:00,12.020000457763672,12.085000038146973,11.765000343322754,11.869999885559082,3890300,0.0,0.0
2024-08-27 00:00:00-04:00,11.729999542236328,11.9399995803833,11.430000305175781,11.770000457763672,2584500,0.0,0.0
2024-08-28 00:00:00-04:00,11.649999618530273,11.710000038146973,11.125,11.34000015258789,2708800,0.0,0.0
2024-08-29 00:00:00-04:00,11.529999732971191,12.220000267028809,11.329999923706055,11.899999618530273,3143700,0.0,0.0
2024-08-30 00:00:00-04:00,12.0600004196167,12.239999771118164,11.699999809265137,11.90999984741211,2418000,0.0,0.0
2024-09-03 00:00:00-04:00,11.569999694824219,11.720000267028809,10.994999885559082,11.020000457763672,4779600,0.0,0.0
2024-09-04 00:00:00-04:00,10.979999542236328,11.539999961853027,10.949999809265137,11.170000076293945,2370300,0.0,0.0
2024-09-05 00:00:00-04:00,11.300000190734863,11.430000305175781,10.954999923706055,11.029999732971191,2413200,0.0,0.0
2024-09-06 00:00:00-04:00,10.40999984741211,10.40999984741211,9.425000190734863,9.949999809265137,12135600,0.0,0.0
2024-09-09 00:00:00-04:00,10.010000228881836,10.14799976348877,9.65999984741211,9.75,4508800,0.0,0.0
2024-09-10 00:00:00-04:00,9.720000267028809,10.15999984741211,9.520000457763672,10.149999618530273,3414200,0.0,0.0
2024-09-11 00:00:00-04:00,10.34000015258789,10.680000305175781,10.15999984741211,10.640000343322754,5097300,0.0,0.0
2024-09-12 00:00:00-04:00,10.59000015258789,10.670000076293945,10.229999542236328,10.380000114440918,4029800,0.0,0.0
2024-09-13 00:00:00-04:00,10.59000015258789,10.65999984741211,10.140000343322754,10.199999809265137,4306200,0.0,0.0
2024-09-16 00:00:00-04:00,10.029999732971191,10.095000267028809,9.729999542236328,9.779999732971191,5628700,0.0,0.0
2024-09-17 00:00:00-04:00,9.930000305175781,10.489999771118164,9.800000190734863,10.09000015258789,4591700,0.0,0.0
2024-09-18 00:00:00-04:00,10.029999732971191,10.8100004196167,10.029999732971191,10.140000343322754,4011800,0.0,0.0
2024-09-19 00:00:00-04:00,10.84000015258789,10.84000015258789,10.229999542236328,10.239999771118164,4933400,0.0,0.0
2024-09-20 00:00:00-04:00,10.170000076293945,10.984999656677246,10.0,10.90999984741211,10720000,0.0,0.0
2024-09-23 00:00:00-04:00,11.010000228881836,11.289999961853027,10.710000038146973,10.859999656677246,5635800,0.0,0.0
2024-09-24 00:00:00-04:00,10.979999542236328,11.069999694824219,10.4350004196167,10.539999961853027,5132700,0.0,0.0
2024-09-25 00:00:00-04:00,10.520000457763672,10.680000305175781,10.140000343322754,10.180000305175781,4762800,0.0,0.0
2024-09-26 00:00:00-04:00,10.380000114440918,10.600000381469727,10.140000343322754,10.40999984741211,5625700,0.0,0.0
2024-09-27 00:00:00-04:00,10.600000381469727,10.84000015258789,10.515000343322754,10.699999809265137,4204400,0.0,0.0
2024-09-30 00:00:00-04:00,10.6899995803833,10.78600025177002,10.369999885559082,10.5600004196167,3759100,0.0,0.0
2024-10-01 00:00:00-04:00,10.460000038146973,10.47700023651123,9.960000038146973,10.210000038146973,5817300,0.0,0.0
2024-10-02 00:00:00-04:00,10.130000114440918,10.90999984741211,9.8100004196167,10.729999542236328,6127400,0.0,0.0
2024-10-03 00:00:00-04:00,10.510000228881836,10.710000038146973,10.34000015258789,10.649999618530273,4104200,0.0,0.0
2024-10-04 00:00:00-04:00,10.890000343322754,10.979999542236328,10.460000038146973,10.829999923706055,4951700,0.0,0.0
2024-10-07 00:00:00-04:00,10.739999771118164,10.75,10.100000381469727,10.359999656677246,4158000,0.0,0.0
2024-10-08 00:00:00-04:00,10.220000267028809,10.350000381469727,9.975000381469727,10.25,2845700,0.0,0.0
2024-10-09 00:00:00-04:00,10.229999542236328,10.845000267028809,10.1850004196167,10.5600004196167,3910400,0.0,0.0
2024-10-10 00:00:00-04:00,10.3100004196167,10.369999885559082,10.03499984741211,10.220000267028809,3532700,0.0,0.0
2024-10-11 00:00:00-04:00,10.140000343322754,10.829999923706055,10.079999923706055,10.739999771118164,4524800,0.0,0.0
2024-10-14 00:00:00-04:00,10.619999885559082,10.760000228881836,10.260000228881836,10.460000038146973,3637200,0.0,0.0
2024-10-15 00:00:00-04:00,10.380000114440918,10.6899995803833,10.145000457763672,10.460000038146973,4116100,0.0,0.0
2024-10-16 00:00:00-04:00,10.569999694824219,10.649999618530273,10.305000305175781,10.40999984741211,2845200,0.0,0.0
2024-10-17 00:00:00-04:00,10.430000305175781,10.430000305175781,10.074000358581543,10.15999984741211,3854100,0.0,0.0
2024-10-18 00:00:00-04:00,10.260000228881836,10.33899974822998,10.069999694824219,10.15999984741211,3722500,0.0,0.0
2024-10-21 00:00:00-04:00,10.180000305175781,10.260000228881836,9.65999984741211,9.869999885559082,6648200,0.0,0.0
2024-10-22 00:00:00-04:00,9.869999885559082,9.949999809265137,9.609999656677246,9.729999542236328,4125500,0.0,0.0
2024-10-23 00:00:00-04:00,9.640000343322754,9.6899995803833,9.020000457763672,9.039999961853027,8751200,0.0,0.0
2024-10-24 00:00:00-04:00,9.180000305175781,9.484999656677246,9.045000076293945,9.1899995803833,5899100,0.0,0.0
2024-10-25 00:00:00-04:00,9.300000190734863,9.720000267028809,9.1899995803833,9.5,6575800,0.0,0.0
2024-10-28 00:00:00-04:00,9.489999771118164,10.265000343322754,9.460000038146973,10.149999618530273,6235200,0.0,0.0
2024-10-29 00:00:00-04:00,9.960000038146973,10.170000076293945,9.864999771118164,10.140000343322754,3325900,0.0,0.0
2024-10-30 00:00:00-04:00,10.0,10.550000190734863,9.854999542236328,10.100000381469727,8674200,0.0,0.0
2024-10-31 00:00:00-04:00,10.100000381469727,10.180000305175781,9.59000015258789,9.600000381469727,4526600,0.0,0.0
2024-11-01 00:00:00-04:00,9.8100004196167,10.300000190734863,9.649999618530273,9.9399995803833,5949500,0.0,0.0
2024-11-04 00:00:00-05:00,10.0,10.9399995803833,10.0,10.819999694824219,9878200,0.0,0.0
2024-11-05 00:00:00-05:00,10.829999923706055,11.420000076293945,10.635000228881836,11.399999618530273,9984300,0.0,0.0
2024-11-06 00:00:00-05:00,10.989999771118164,11.210000038146973,10.420000076293945,10.970000267028809,12236100,0.0,0.0
2024-11-07 00:00:00-05:00,10.6899995803833,11.175000190734863,10.484999656677246,10.670000076293945,11030100,0.0,0.0
2024-11-08 00:00:00-05:00,11.050000190734863,13.390000343322754,11.017000198364258,13.170000076293945,23183600,0.0,0.0
