Date,Open,High,Low,Close,Volume,Dividends,Stock Splits
2022-01-03 00:00:00-05:00,91.5481776918495,93.18382267553298,91.23066780447643,92.2313003540039,811100,0.0,0.0
2022-01-04 00:00:00-05:00,92.37560750583357,93.13570346331991,91.91377435600545,92.63538360595703,451000,0.0,0.0
2022-01-05 00:00:00-05:00,92.1543308518253,93.17420313165134,90.25890230113696,90.28776550292969,479100,0.0,0.0
2022-01-06 00:00:00-05:00,90.14344307101834,90.5956527751248,88.4019541675069,88.60400390625,329600,0.0,0.0
2022-01-07 00:00:00-05:00,88.3538423061594,89.72971096500694,88.3538423061594,88.83491516113281,360900,0.0,0.0
2022-01-10 00:00:00-05:00,88.36346253797944,89.85479139315328,87.52640042984316,89.74895477294922,447700,0.0,0.0
2022-01-11 00:00:00-05:00,89.62388372659578,90.12419631825426,89.09470059452337,89.55653381347656,341700,0.0,0.0
2022-01-12 00:00:00-05:00,89.61423415763647,90.3262197951129,88.85413830738158,89.44104766845703,859000,0.0,0.0
2022-01-13 00:00:00-05:00,89.57576916340608,90.41283862072754,88.03633740907031,88.392333984375,493300,0.0,0.0
2022-01-14 00:00:00-05:00,88.33459949783101,89.02734561655484,88.03633666249864,88.46929931640625,647800,0.0,0.0
2022-01-18 00:00:00-05:00,88.01710221993224,88.51741481292832,87.42056917314576,87.44943237304688,489000,0.0,0.0
2022-01-19 00:00:00-05:00,87.71882348923612,88.03633333842761,85.4770222009533,85.49626922607422,359000,0.0,0.0
2022-01-20 00:00:00-05:00,85.97733714899044,87.18001922936398,84.5341186525422,84.65919494628906,315200,0.0,0.0
2022-01-21 00:00:00-05:00,84.29359267498715,85.23649143203436,83.48538639978548,83.57198333740234,426700,0.0,0.0
2022-01-24 00:00:00-05:00,82.63869797751316,84.82277294331381,81.20510286369098,84.53412628173828,558700,0.0,0.0
2022-01-25 00:00:00-05:00,83.65856733421526,83.9664536706842,81.60919959527409,82.56172180175781,323200,0.0,0.0
2022-01-26 00:00:00-05:00,83.70667119070428,84.43790393693045,81.65730360761277,82.08064270019531,361700,0.0,0.0
2022-01-27 00:00:00-05:00,82.64831671060078,83.62008591840936,80.57970199718216,81.2147216796875,311500,0.0,0.0
2022-01-28 00:00:00-05:00,81.436024601679,83.1582665634593,80.38728914293256,83.10054016113281,284000,0.0,0.0
2022-01-31 00:00:00-05:00,83.13902067854826,84.56299232744647,82.44627453991032,84.52450561523438,515000,0.0,0.0
2022-02-01 00:00:00-05:00,84.69769094834655,84.70731446141049,83.25447229352136,84.5533676147461,362100,0.0,0.0
2022-02-02 00:00:00-05:00,84.86126474315164,84.86126474315164,83.87987916311381,84.66883850097656,341100,0.0,0.0
2022-02-03 00:00:00-05:00,84.13963992598677,84.13963992598677,81.97481206503764,82.06140899658203,433000,0.0,0.0
2022-02-04 00:00:00-05:00,80.76252020002185,80.76252020002185,72.50730753570865,72.9883804321289,1358100,0.0,0.0
2022-02-07 00:00:00-05:00,72.45918586894473,75.04735999201677,72.38221979651827,73.85430145263672,905900,0.0,0.0
2022-02-08 00:00:00-05:00,73.30589527284482,73.89280483349475,72.69973868430355,73.62339782714844,862100,0.0,0.0
2022-02-09 00:00:00-05:00,74.30652401811378,75.66314579095182,73.71961448769896,75.56693267822266,913200,0.0,0.0
2022-02-10 00:00:00-05:00,74.34499296968316,75.36487237530609,74.18142996691147,74.74909973144531,605300,0.0,0.0
2022-02-11 00:00:00-05:00,75.02813948420723,75.41299196646342,72.7382275755939,73.19043731689453,886700,0.0,0.0
2022-02-14 00:00:00-05:00,72.76707248849411,74.33537458781564,72.4591861757187,73.07495880126953,678700,0.0,0.0
2022-02-15 00:00:00-05:00,74.11752258515368,74.68706716793346,73.81827471571232,74.62914276123047,493200,0.25,0.0
2022-02-16 00:00:00-05:00,74.0402862803986,74.18508623294704,73.1232321889777,73.36456298828125,735800,0.0,0.0
2022-02-17 00:00:00-05:00,72.8915655884889,72.97844115173208,72.30271777706598,72.53439331054688,534600,0.0,0.0
2022-02-18 00:00:00-05:00,72.37993963184483,73.74104156782658,72.22548437863257,72.6888427734375,656300,0.0,0.0
2022-02-22 00:00:00-05:00,72.15791371748865,73.26803693995488,72.11929990329142,72.5440444946289,971700,0.0,0.0
2022-02-23 00:00:00-05:00,72.89156351314966,73.14254226526134,71.82970936969316,71.99381256103516,752600,0.0,0.0
2022-02-24 00:00:00-05:00,70.38171606969979,73.57693341518203,70.32379167124176,73.2101058959961,826200,0.0,0.0
2022-02-25 00:00:00-05:00,72.90122087954138,73.54799316326117,72.30272507721838,73.23908996582031,1054700,0.0,0.0
2022-02-28 00:00:00-05:00,72.85294556293034,73.41283480555349,71.72351914803427,72.49577331542969,967500,0.0,0.0
2022-03-01 00:00:00-05:00,72.3992336323467,72.81432286643205,69.63840893398007,70.03419494628906,453600,0.0,0.0
2022-03-02 00:00:00-05:00,70.37208162391201,71.71388064254171,70.0052539960515,71.5594253540039,445400,0.0,0.0
2022-03-03 00:00:00-05:00,72.10965178200625,72.31237616791672,70.67132204302649,71.06710815429688,621500,0.0,0.0
2022-03-04 00:00:00-05:00,70.43964861987169,70.52652418944879,69.27160820717071,69.91837310791016,380400,0.0,0.0
2022-03-07 00:00:00-05:00,70.12109371098938,70.12109371098938,68.32559153316936,68.5379638671875,462300,0.0,0.0
2022-03-08 00:00:00-05:00,68.02633205871386,69.25228937187063,66.93551204942476,68.14216613769531,363100,0.0,0.0
2022-03-09 00:00:00-05:00,69.26195275309908,69.86045590209639,68.48969110051114,68.93374633789062,370200,0.0,0.0
2022-03-10 00:00:00-05:00,67.71743311861864,69.33917660871722,67.33130231338897,69.0302734375,402300,0.0,0.0
2022-03-11 00:00:00-05:00,69.65771814154108,69.85077981480619,68.11319529609727,68.1711196899414,330900,0.0,0.0
2022-03-14 00:00:00-04:00,68.0649480495194,68.54760970025949,66.78106629099103,67.29268646240234,354500,0.0,0.0
2022-03-15 00:00:00-04:00,67.56297642205092,68.47038269042969,67.12858387837262,68.47038269042969,377000,0.0,0.0
2022-03-16 00:00:00-04:00,69.30056442272532,70.57479095458984,68.59587513423361,70.57479095458984,530500,0.0,0.0
2022-03-17 00:00:00-04:00,70.15004343860795,70.79680829122339,69.94732642651202,70.65201568603516,441600,0.0,0.0
2022-03-18 00:00:00-04:00,70.42999682914036,72.08069901675694,69.75427337157802,72.00347137451172,747000,0.0,0.0
2022-03-21 00:00:00-04:00,71.71386123189998,72.07103346634344,70.93195179860733,71.56906127929688,442600,0.0,0.0
2022-03-22 00:00:00-04:00,72.56335147250427,74.28162578657906,72.19653126590559,73.538330078125,846700,0.0,0.0
2022-03-23 00:00:00-04:00,72.7564151055099,73.86653093743766,72.34132581854176,72.6888427734375,1840300,0.0,0.0
2022-03-24 00:00:00-04:00,73.1521888623694,73.3259473280808,72.24478272311747,73.2101058959961,352100,0.0,0.0
2022-03-25 00:00:00-04:00,73.2970027182939,74.05960905334109,72.75642399566104,74.04029846191406,390800,0.0,0.0
2022-03-28 00:00:00-04:00,74.17542254081647,75.18901472906697,74.17542254081647,75.17935943603516,358900,0.0,0.0
2022-03-29 00:00:00-04:00,76.06746765360852,76.77214943332085,75.86474330975742,76.54047393798828,346400,0.0,0.0
2022-03-30 00:00:00-04:00,76.04817566764021,76.63702352613466,75.09250757140867,75.75858306884766,351400,0.0,0.0
2022-03-31 00:00:00-04:00,75.56550065474939,76.45359625160562,75.1021496324034,75.50758361816406,464400,0.0,0.0
2022-04-01 00:00:00-04:00,75.83579196657499,76.3667226986308,75.02492397379729,76.347412109375,523000,0.0,0.0
2022-04-04 00:00:00-04:00,76.36671934792564,77.04244264559202,76.26053320617356,76.63700866699219,436800,0.0,0.0
2022-04-05 00:00:00-04:00,76.15434145668311,76.67561683285439,74.60017062166256,74.8897705078125,351400,0.0,0.0
2022-04-06 00:00:00-04:00,74.02098083496094,74.50364241907914,73.46109162982431,74.02098083496094,288100,0.0,0.0
2022-04-07 00:00:00-04:00,73.84722184206451,74.8608141073979,73.52866343126475,74.53260040283203,386200,0.0,0.0
2022-04-08 00:00:00-04:00,74.24303212404496,75.53656204763186,73.75071508880154,74.49401092529297,332100,0.0,0.0
2022-04-11 00:00:00-04:00,74.06926120574718,74.62914313121438,73.87619212383399,74.22370910644531,255700,0.0,0.0
2022-04-12 00:00:00-04:00,74.86083125734618,75.7778855247701,74.20441106266568,74.68707275390625,364600,0.0,0.0
2022-04-13 00:00:00-04:00,74.64844601812648,75.45931398398331,74.43607373235494,75.12145233154297,242400,0.0,0.0
2022-04-14 00:00:00-04:00,75.15042200106146,75.72961454330898,74.89943586564884,75.13111877441406,333200,0.0,0.0
2022-04-18 00:00:00-04:00,75.1504316085287,75.95165186623191,74.55193576312018,74.88014221191406,354800,0.0,0.0
2022-04-19 00:00:00-04:00,74.88979852126484,75.70066672207027,74.82222617119773,75.24696350097656,248500,0.0,0.0
2022-04-20 00:00:00-04:00,75.60410250249248,75.60410250249248,74.54224859909503,75.21797180175781,216200,0.0,0.0
2022-04-21 00:00:00-04:00,75.86475762082047,76.2605437246376,74.88013105629453,75.46897888183594,273200,0.0,0.0
2022-04-22 00:00:00-04:00,75.29520366850582,75.66202380426965,74.5036390014558,74.60982513427734,392200,0.0,0.0
2022-04-25 00:00:00-04:00,74.52296987219688,74.94771456106773,73.51903993186639,74.88014221191406,342900,0.0,0.0
2022-04-26 00:00:00-04:00,74.44573547874329,74.92839712829856,73.26803987545529,73.55763244628906,809500,0.0,0.0
2022-04-27 00:00:00-04:00,74.11752785100101,74.67741717830351,72.91087362741781,73.40319061279297,1436000,0.0,0.0
2022-04-28 00:00:00-04:00,74.2526552411948,75.68133674969967,73.95340742018838,75.44966125488281,286700,0.0,0.0
2022-04-29 00:00:00-04:00,75.16973066003135,75.61377850983303,74.61949665431703,74.78359985351562,576900,0.0,0.0
2022-05-02 00:00:00-04:00,74.53260869404313,75.90336596806496,74.21405024780604,75.7103042602539,363000,0.0,0.0
2022-05-03 00:00:00-04:00,75.73924859458934,76.12537930272433,74.60016705624803,75.17935943603516,668700,0.0,0.0
2022-05-04 00:00:00-04:00,75.3627964324652,76.21227836060287,74.03065281144256,75.86476135253906,1160700,0.0,0.0
2022-05-05 00:00:00-04:00,75.33384104437455,75.33384104437455,72.3220293040923,72.81434631347656,689000,0.0,0.0
2022-05-06 00:00:00-04:00,68.86615791860768,70.71958417737645,67.76568999003072,69.0592269897461,1474800,0.0,0.0
2022-05-09 00:00:00-04:00,68.21940272561692,70.62306328778462,67.97807187627075,69.8990707397461,514900,0.0,0.0
2022-05-10 00:00:00-04:00,70.63271207398591,70.72924294192615,69.30056842081125,69.77357482910156,466400,0.0,0.0
2022-05-11 00:00:00-04:00,70.14039245074973,71.33739124540078,69.6480755200725,69.83148193359375,809800,0.0,0.0
2022-05-12 00:00:00-04:00,69.7060066749333,70.98023335690141,69.5998205043665,70.85474395751953,574200,0.0,0.0
2022-05-13 00:00:00-04:00,70.8933429517275,73.09427881796981,70.80646002814845,72.63092041015625,391900,0.0,0.0
2022-05-16 00:00:00-04:00,72.28224098693453,73.0764446279883,72.25318592765204,72.6502914428711,378700,0.25,0.0
2022-05-17 00:00:00-04:00,73.24111726575588,73.81255325359398,72.85369915415441,73.6866455078125,423600,0.0,0.0
2022-05-18 00:00:00-04:00,72.64061737060547,73.89972436078358,72.46627959334059,72.64061737060547,549700,0.0,0.0
2022-05-19 00:00:00-04:00,72.38878962193206,74.08373724648625,71.41056802754672,73.15393829345703,471000,0.0,0.0
2022-05-20 00:00:00-04:00,73.72539097309654,73.72539097309654,71.55585241809668,72.74716186523438,502900,0.0,0.0
2022-05-23 00:00:00-04:00,72.7084067264654,73.86097342244233,71.55584003048847,72.96990966796875,998400,0.0,0.0
2022-05-24 00:00:00-04:00,72.85368255141917,72.85368255141917,71.1587351651395,71.60426330566406,654100,0.0,0.0
2022-05-25 00:00:00-04:00,71.23623473508096,73.77380889454626,70.79069911456308,72.80526733398438,645400,0.0,0.0
2022-05-26 00:00:00-04:00,72.6793544845813,74.54863986069854,72.6793544845813,73.7738037109375,393400,0.0,0.0
2022-05-27 00:00:00-04:00,74.33555330498807,76.28232361040696,74.33555330498807,75.85616302490234,410400,0.0,0.0
2022-05-31 00:00:00-04:00,75.6915256208997,75.79806578538047,74.6842414954179,75.1781997680664,396700,0.0,0.0
2022-06-01 00:00:00-04:00,75.54623166157153,75.77867953611788,74.70359795593704,74.86825561523438,357700,0.0,0.0
2022-06-02 00:00:00-04:00,74.86824817765181,76.35011523842287,74.22900734942212,76.32106018066406,325200,0.0,0.0
2022-06-03 00:00:00-04:00,75.8852259559954,75.89491344013929,74.92637192853913,75.40095520019531,286300,0.0,0.0
2022-06-06 00:00:00-04:00,75.71088818833195,76.31138658570276,75.34284507410261,75.40095520019531,313400,0.0,0.0
2022-06-07 00:00:00-04:00,74.82951056148484,75.96270222494915,74.57768772869795,75.35252380371094,707700,0.0,0.0
2022-06-08 00:00:00-04:00,75.30409871664874,75.52686650437462,74.49052743497492,74.67454528808594,350600,0.0,0.0
2022-06-09 00:00:00-04:00,74.56801257050904,74.94574318742961,73.37671059080127,73.38639068603516,374500,0.0,0.0
2022-06-10 00:00:00-04:00,72.67935800803025,72.8246407168268,71.87546675682343,71.92389678955078,376600,0.0,0.0
2022-06-13 00:00:00-04:00,70.39359610478412,70.97471952351586,69.26040432984946,69.41536712646484,483600,0.0,0.0
2022-06-14 00:00:00-04:00,69.45410611427799,69.76403908101359,68.6792773921314,69.10543060302734,542200,0.0,0.0
2022-06-15 00:00:00-04:00,69.81247446152847,70.7519609172407,69.39600131279167,70.00617980957031,577900,0.0,0.0
2022-06-16 00:00:00-04:00,68.93109723888118,68.95047220706545,67.38143230647674,67.75916290283203,593500,0.0,0.0
2022-06-17 00:00:00-04:00,67.85601574475767,69.27008546093847,67.5654577257367,68.75675964355469,766800,0.0,0.0
2022-06-21 00:00:00-04:00,69.15387147496689,69.7931050862408,69.09575395438857,69.16355895996094,570800,0.0,0.0
2022-06-22 00:00:00-04:00,68.56304955433878,69.89963408389475,68.55336207089267,69.5606460571289,436800,0.0,0.0
2022-06-23 00:00:00-04:00,69.97712854171716,71.07157785734647,69.61876550007898,71.02315521240234,393600,0.0,0.0
2022-06-24 00:00:00-04:00,71.46867051908569,73.76411628847525,71.46867051908569,73.60914611816406,518500,0.0,0.0
2022-06-27 00:00:00-04:00,73.73505312594902,73.73505312594902,72.29192852846765,72.48563385009766,306500,0.0,0.0
2022-06-28 00:00:00-04:00,72.39847312508024,72.7955786650456,70.84880828857422,70.84880828857422,331100,0.0,0.0
2022-06-29 00:00:00-04:00,70.7810050792082,70.7810050792082,69.81246370939763,70.40327453613281,395200,0.0,0.0
2022-06-30 00:00:00-04:00,69.68655319983289,69.78341325471187,68.97952209127848,69.30882263183594,343100,0.0,0.0
2022-07-01 00:00:00-04:00,69.16354532257989,69.91900643666581,68.04972122823433,68.59210205078125,1043300,0.0,0.0
2022-07-05 00:00:00-04:00,67.923811486296,69.83183938852568,67.33300059100503,69.78341674804688,534900,0.0,0.0
2022-07-06 00:00:00-04:00,70.04491995209781,70.78101355027707,69.73498697224103,70.19989013671875,479600,0.0,0.0
2022-07-07 00:00:00-04:00,70.29674521885076,71.06189390554759,70.25800267136651,70.87786865234375,362200,0.0,0.0
2022-07-08 00:00:00-04:00,70.3548588369954,71.371830438118,69.93838566760247,71.18780517578125,408800,0.0,0.0
2022-07-11 00:00:00-04:00,70.78102257516024,71.18780827757946,70.49045713664017,70.664794921875,266200,0.0,0.0
2022-07-12 00:00:00-04:00,70.62604627716004,71.48804764384033,69.85121749026894,69.96743774414062,331600,0.0,0.0
2022-07-13 00:00:00-04:00,69.33788546972778,70.28705943255763,69.02795247175212,69.88996124267578,226600,0.0,0.0
2022-07-14 00:00:00-04:00,69.1635540553192,69.9286953597129,68.76644848196901,69.6768798828125,238000,0.0,0.0
2022-07-15 00:00:00-04:00,70.36453436872132,71.02314281798941,69.95774875312812,70.79068756103516,472500,0.0,0.0
2022-07-18 00:00:00-04:00,71.06188537252139,71.5655236505696,70.01585888420841,70.20956420898438,367900,0.0,0.0
2022-07-19 00:00:00-04:00,70.73258482989378,71.37182576921344,70.16114888964006,71.24591064453125,1620000,0.0,0.0
2022-07-20 00:00:00-04:00,71.66239749843446,75.25568627781546,71.59459987578148,74.51959991455078,641500,0.0,0.0
2022-07-21 00:00:00-04:00,74.50020874465098,75.05227709176042,74.22901831300213,75.01353454589844,626100,0.0,0.0
2022-07-22 00:00:00-04:00,75.46874677747911,75.66245949794498,74.19027237994324,74.41304016113281,396000,0.0,0.0
2022-07-25 00:00:00-04:00,74.32587676083081,74.57769963381713,73.40576524058342,73.7156982421875,381100,0.0,0.0
2022-07-26 00:00:00-04:00,73.27983908162216,73.68662465848172,72.76650598009886,73.0764389038086,297300,0.0,0.0
2022-07-27 00:00:00-04:00,73.57041288621593,74.24839638305225,72.86338171550071,73.9094009399414,435300,0.0,0.0
2022-07-28 00:00:00-04:00,73.82223702120447,74.88763123242201,73.47356147725903,74.53895568847656,592700,0.0,0.0
2022-07-29 00:00:00-04:00,74.58738019906322,75.36220893650132,74.21932971359905,74.9651107788086,333400,0.0,0.0
2022-08-01 00:00:00-04:00,74.5389441247927,75.52686047583845,74.5389441247927,75.13944244384766,232200,0.0,0.0
2022-08-02 00:00:00-04:00,75.12008686553759,75.71089785419217,74.80047374183799,74.82952880859375,433100,0.0,0.0
2022-08-03 00:00:00-04:00,75.08133790942131,76.35981246333235,75.08133790942131,75.87554168701172,298500,0.0,0.0
2022-08-04 00:00:00-04:00,75.69151275846085,76.29200370416149,75.64308273215003,75.85616302490234,467300,0.0,0.0
2022-08-05 00:00:00-04:00,75.59467201483875,75.96271514892578,75.15882387747142,75.96271514892578,329400,0.0,0.0
2022-08-08 00:00:00-04:00,76.31138166409707,76.97967762860358,75.83679842304852,75.91427612304688,296700,0.0,0.0
2022-08-09 00:00:00-04:00,75.39126919374326,75.56560696482377,73.11519807474826,73.12488555908203,608400,0.0,0.0
2022-08-10 00:00:00-04:00,75.85616270819716,77.67701789335955,73.7834846881621,76.60193634033203,857700,0.0,0.0
2022-08-11 00:00:00-04:00,76.65038217370521,77.57049374444325,76.60195213760909,76.85377502441406,499900,0.0,0.0
2022-08-12 00:00:00-04:00,77.1346427934697,78.3840621880583,76.9215624857962,78.20972442626953,297800,0.0,0.0
2022-08-15 00:00:00-04:00,77.86104785233144,78.36469355265359,77.33803457402071,77.99664306640625,319000,0.0,0.0
2022-08-16 00:00:00-04:00,77.48331296948328,77.6963932624509,76.69879679027032,77.30897521972656,411300,0.0,0.0
2022-08-17 00:00:00-04:00,76.67943634247064,76.902204160766,75.93366256526363,76.0595703125,309700,0.0,0.0
2022-08-18 00:00:00-04:00,75.68182965179535,77.15401681991592,75.65277459008252,76.83439636230469,274600,0.0,0.0
2022-08-19 00:00:00-04:00,76.51478298925092,76.51478298925092,75.22662094521984,75.71089172363281,298700,0.0,0.0
2022-08-22 00:00:00-04:00,74.93356264321078,75.31250510501366,74.18538887076431,74.26312255859375,266100,0.25,0.0
2022-08-23 00:00:00-04:00,73.7967460042927,74.18540712598744,73.07772774766876,73.19432830810547,380500,0.0,0.0
2022-08-24 00:00:00-04:00,73.24289601884296,73.74815762994606,72.7473603861102,73.4760971069336,344600,0.0,0.0
2022-08-25 00:00:00-04:00,73.8453188221125,74.91413116455078,73.83560025712775,74.91413116455078,275800,0.0,0.0
2022-08-26 00:00:00-04:00,74.81697294161353,74.91413635891898,71.2801711774211,71.37733459472656,330800,0.0,0.0
2022-08-29 00:00:00-04:00,70.74576671928203,72.89311028366147,70.71661843315151,72.0283432006836,563300,0.0,0.0
2022-08-30 00:00:00-04:00,72.53358611001418,72.53358611001418,71.55221872324763,71.69796752929688,568400,0.0,0.0
2022-08-31 00:00:00-04:00,72.44615843282543,72.64049271116782,71.01783299266143,71.16358184814453,455700,0.0,0.0
2022-09-01 00:00:00-04:00,70.76519337526288,71.44534466125846,70.13362008792811,71.39676666259766,356700,0.0,0.0
2022-09-02 00:00:00-04:00,72.0380514924914,72.29068229141402,70.53199267707095,70.79434204101562,347000,0.0,0.0
2022-09-06 00:00:00-04:00,70.45426858281324,71.2801687210893,69.93929581705618,70.08503723144531,579300,0.0,0.0
2022-09-07 00:00:00-04:00,70.34738946808798,72.3101171970816,70.03646208290799,71.80486297607422,570600,0.0,0.0
2022-09-08 00:00:00-04:00,71.12469271294273,71.94088160012333,70.77489853459282,71.83399963378906,540300,0.0,0.0
2022-09-09 00:00:00-04:00,72.42672370719684,73.1943273741484,72.24210800880131,72.8833999633789,355800,0.0,0.0
2022-09-12 00:00:00-04:00,73.20402270702323,74.02993018150464,73.13600758227574,73.72871398925781,458800,0.0,0.0
2022-09-13 00:00:00-04:00,72.3003986386077,72.9319644969012,71.74655164573453,72.23237609863281,396500,0.0,0.0
2022-09-14 00:00:00-04:00,72.3587000262679,72.3587000262679,71.35790277265049,71.7854232788086,438200,0.0,0.0
2022-09-15 00:00:00-04:00,71.31903742700472,71.92145505708699,70.87207978068469,71.00811004638672,377100,0.0,0.0
2022-09-16 00:00:00-04:00,70.35710801752171,70.85264367269494,70.0656103507545,70.77490997314453,842100,0.0,0.0
2022-09-19 00:00:00-04:00,70.44455490931861,70.95952771083655,69.92958210780068,70.91094970703125,238800,0.0,0.0
2022-09-20 00:00:00-04:00,70.13361314824394,70.29879167091381,69.35629111565628,69.9489974975586,255700,0.0,0.0
2022-09-21 00:00:00-04:00,70.3279518325483,70.84293202867742,68.86076718245278,68.8899154663086,484900,0.0,0.0
2022-09-22 00:00:00-04:00,68.45266890171138,68.71501828234221,67.33527848517427,67.61705017089844,277100,0.0,0.0
2022-09-23 00:00:00-04:00,67.04377854362144,67.45186932952717,65.35311142123102,66.08184814453125,504200,0.0,0.0
2022-09-26 00:00:00-04:00,65.92637441243015,66.49965110110828,65.32395685681043,65.54743194580078,388300,0.0,0.0
2022-09-27 00:00:00-04:00,66.20815586841373,66.44134953021106,64.20656149404327,64.838134765625,430000,0.0,0.0
2022-09-28 00:00:00-04:00,64.89643744482214,66.04298355861188,64.6049397802798,65.6154556274414,570900,0.0,0.0
2022-09-29 00:00:00-04:00,64.94501181432334,65.25594659276041,63.27378185878289,63.82762145996094,443800,0.0,0.0
2022-09-30 00:00:00-04:00,63.77903866536836,64.71182079968624,63.19605075805638,63.30293273925781,374500,0.0,0.0
2022-10-03 00:00:00-04:00,63.720746426945475,64.79927746462643,62.807393948489256,64.43004608154297,480900,0.0,0.0
2022-10-04 00:00:00-04:00,65.29481323130686,66.44135940747232,65.29481323130686,66.43164825439453,366100,0.0,0.0
2022-10-05 00:00:00-04:00,65.80978314545735,66.46078612819424,65.3628181287052,66.22759246826172,288200,0.0,0.0
2022-10-06 00:00:00-04:00,65.86808422948387,66.44135356057139,65.43083774736087,65.5377197265625,420800,0.0,0.0
2022-10-07 00:00:00-04:00,64.76040243333497,64.76040243333497,62.7199411703196,63.03086853027344,279800,0.0,0.0
2022-10-10 00:00:00-04:00,63.25434825266425,63.49726050203169,61.98149043816876,62.37015151977539,261100,0.0,0.0
2022-10-11 00:00:00-04:00,62.31184344276357,62.42844398350853,61.077852558858275,61.64140701293945,366900,0.0,0.0
2022-10-12 00:00:00-04:00,61.83574383257125,62.05922266525093,61.320771031463586,61.66084671020508,396500,0.0,0.0
2022-10-13 00:00:00-04:00,60.815504634629065,63.06973348654936,59.80498889179348,62.86568069458008,487700,0.0,0.0
2022-10-14 00:00:00-04:00,63.419522375165336,63.70130145432909,62.26326518980933,62.45759201049805,326000,0.0,0.0
2022-10-17 00:00:00-04:00,63.555573398021664,64.22600625941696,63.50698797609545,63.837345123291016,211200,0.0,0.0
2022-10-18 00:00:00-04:00,65.09075663909856,65.25594258326709,63.497253062983205,64.09967803955078,248200,0.0,0.0
2022-10-19 00:00:00-04:00,63.594420644791505,64.16769737859028,63.15718158368021,63.497257232666016,215200,0.0,0.0
2022-10-20 00:00:00-04:00,63.9053476271764,64.93530054617419,62.93369868557784,63.341796875,254400,0.0,0.0
2022-10-21 00:00:00-04:00,63.07945434862205,64.6826767587025,62.96286120736858,64.48834991455078,211300,0.0,0.0
2022-10-24 00:00:00-04:00,64.68267322466484,64.68267322466484,62.78796065187735,63.15718460083008,1943200,0.0,0.0
2022-10-25 00:00:00-04:00,63.545838329412085,64.92557796192806,63.45838607527345,63.613853454589844,640300,0.0,0.0
2022-10-26 00:00:00-04:00,63.12803580693152,64.23571505793136,62.88512356042992,63.27378463745117,444900,0.0,0.0
2022-10-27 00:00:00-04:00,63.633285200347046,64.72153465099872,63.39037297223583,63.72073745727539,411800,0.0,0.0
2022-10-28 00:00:00-04:00,63.71101728377917,65.41140283762284,63.215474275278766,65.07132720947266,404500,0.0,0.0
2022-10-31 00:00:00-04:00,64.09967754633924,65.31423864153865,63.69158679749446,64.94500732421875,388000,0.0,0.0
2022-11-01 00:00:00-04:00,65.6057253053338,65.82920779651428,64.72152873069781,65.70289611816406,306300,0.0,0.0
2022-11-02 00:00:00-04:00,65.86808978207222,66.23731375119806,64.38146792633916,64.48834991455078,379600,0.0,0.0
2022-11-03 00:00:00-04:00,63.71103122909029,64.29401920682476,62.95314611672604,63.54585266113281,340100,0.0,0.0
2022-11-04 00:00:00-04:00,64.4106123108316,65.01303735216828,63.37094819008653,65.0033187866211,391100,0.0,0.0
2022-11-07 00:00:00-05:00,64.71181887579672,65.25594733112521,64.06081585553761,64.68267059326172,405100,0.0,0.0
2022-11-08 00:00:00-05:00,64.99359862734646,66.7522808804954,64.59522640680198,65.29480743408203,291300,0.0,0.0
2022-11-09 00:00:00-05:00,64.69238638340137,65.3433893757348,64.15797651620653,64.47862243652344,365400,0.0,0.0
2022-11-10 00:00:00-05:00,66.80086483819098,67.99599629996614,66.80086483819098,67.64620208740234,352000,0.0,0.0
2022-11-11 00:00:00-05:00,67.6462173518666,68.82191194874473,67.55876507244535,68.37495422363281,333400,0.0,0.0
2022-11-14 00:00:00-05:00,67.87939217176907,69.12310156713377,67.47130141636991,68.58869171142578,395000,0.0,0.0
2022-11-15 00:00:00-05:00,69.6089391397987,70.06561539114274,68.32636265732529,68.81218719482422,494700,0.0,0.0
2022-11-16 00:00:00-05:00,68.37493890854286,68.37493890854286,67.59761678753094,68.13202667236328,386500,0.0,0.0
2022-11-17 00:00:00-05:00,67.29640843286046,68.4332359265728,66.975762499836,67.77251434326172,374300,0.0,0.0
2022-11-18 00:00:00-05:00,65.45998580606127,68.025138181436,63.332072448703336,67.11178588867188,971200,0.0,0.0
2022-11-21 00:00:00-05:00,67.06321235511547,67.52960714826038,66.2664604521921,66.29561614990234,672100,0.0,0.0
2022-11-22 00:00:00-05:00,66.59681959207391,67.86967733806735,66.38305563803985,67.58789825439453,388200,0.0,0.0
2022-11-23 00:00:00-05:00,67.59760871767512,70.08502734701426,67.33526679568074,69.278564453125,568000,0.0,0.0
2022-11-25 00:00:00-05:00,68.73443862894842,70.41539442702499,68.73443862894842,70.0267333984375,198900,0.0,0.0
2022-11-28 00:00:00-05:00,69.67695617675781,70.09476558691317,69.4243253347095,69.67695617675781,393200,0.0,0.0
2022-11-29 00:00:00-05:00,69.6671832203578,71.07164791998825,69.6671832203578,70.39867401123047,546800,0.27,0.0
2022-11-30 00:00:00-05:00,70.28165043891296,73.39292776450392,70.15486134881743,73.02230834960938,982000,0.0,0.0
2022-12-01 00:00:00-05:00,73.14908729481215,74.62182433585848,72.74920204586772,74.22193908691406,401200,0.0,0.0
2022-12-02 00:00:00-05:00,73.5977348860003,74.87540324259227,73.49044896158769,74.28046417236328,360600,0.0,0.0
2022-12-05 00:00:00-05:00,73.63675086835417,74.35848647547353,73.42217901299458,73.78305053710938,374400,0.0,0.0
2022-12-06 00:00:00-05:00,73.66600893454958,73.79280545266928,71.79339401923446,72.320068359375,468300,0.0,0.0
2022-12-07 00:00:00-05:00,72.17376496891494,72.46636428982745,71.16918537681708,71.26671600341797,375100,0.0,0.0
2022-12-08 00:00:00-05:00,71.3739989072842,72.7589530933459,71.03263800805908,71.929931640625,327000,0.0,0.0
2022-12-09 00:00:00-05:00,71.71538260036581,72.14452640499523,71.11068808414642,71.1984634399414,492600,0.0,0.0
2022-12-12 00:00:00-05:00,71.35450198507469,71.65684917346749,70.9058476885361,71.55931854248047,353100,0.0,0.0
2022-12-13 00:00:00-05:00,73.20761458597076,73.41243116656656,70.92536630980801,71.84217071533203,626100,0.0,0.0
2022-12-14 00:00:00-05:00,71.80314918632615,72.28105448924137,70.4864596177743,71.36425018310547,444100,0.0,0.0
2022-12-15 00:00:00-05:00,70.5742356736068,70.5742356736068,68.98446495304665,69.31607055664062,561600,0.0,0.0
2022-12-16 00:00:00-05:00,68.85768091302836,69.42336904156812,68.37977556910862,69.05274963378906,442800,0.0,0.0
2022-12-19 00:00:00-05:00,68.95521374466068,68.95521374466068,66.62419640553031,66.86802673339844,465100,0.0,0.0
2022-12-20 00:00:00-05:00,66.40962080474284,67.0728395570209,66.28283172015684,66.51690673828125,445800,0.0,0.0
2022-12-21 00:00:00-05:00,66.68271067155804,67.63852124540092,66.45838352971575,67.11184692382812,291800,0.0,0.0
2022-12-22 00:00:00-05:00,66.44863633330415,66.94605227115503,65.77566970797623,66.91679382324219,259200,0.0,0.0
2022-12-23 00:00:00-05:00,66.78999602043356,67.58000377544282,66.20479737409052,67.53123474121094,247200,0.0,0.0
2022-12-27 00:00:00-05:00,67.54099220582339,67.7555640575603,66.7802428704726,67.73605346679688,359100,0.0,0.0
2022-12-28 00:00:00-05:00,67.69704471561788,68.1554394064143,66.75098200782998,67.0240707397461,318900,0.0,0.0
2022-12-29 00:00:00-05:00,67.5117315221709,69.05274073253767,67.45321463404123,68.71137237548828,183100,0.0,0.0
2022-12-30 00:00:00-05:00,68.27248943549512,68.79916381835938,67.80433194813438,68.79916381835938,335600,0.0,0.0
2023-01-03 00:00:00-05:00,69.2575637108688,69.67695214398377,68.52607277690853,69.29657745361328,367800,0.0,0.0
2023-01-04 00:00:00-05:00,69.59892378565888,70.8765922197976,69.53065159698988,69.9402847290039,452000,0.0,0.0
2023-01-05 00:00:00-05:00,69.66719684802001,70.01831309160978,68.8771890204983,69.29657745361328,278500,0.0,0.0
2023-01-06 00:00:00-05:00,69.79398726777626,71.13018007820044,69.30632663579658,71.10092163085938,238700,0.0,0.0
2023-01-09 00:00:00-05:00,71.48130201167216,73.01255622018707,71.11068258070117,72.6126708984375,516500,0.0,0.0
2023-01-10 00:00:00-05:00,72.26155350911019,73.02231039431841,71.57883155700033,72.74921417236328,242400,0.0,0.0
2023-01-11 00:00:00-05:00,72.85649490675998,74.31947679196489,72.85649490675998,74.1634292602539,232200,0.0,0.0
2023-01-12 00:00:00-05:00,74.28047083226373,74.28047083226373,73.18810834080902,73.71478271484375,359600,0.0,0.0
2023-01-13 00:00:00-05:00,73.42217547811887,73.89033290737427,73.32464485068105,73.68551635742188,165800,0.0,0.0
2023-01-17 00:00:00-05:00,73.66600856120007,74.24145193479488,73.53921948483317,73.72452545166016,223900,0.0,0.0
2023-01-18 00:00:00-05:00,74.20243673085031,74.73885891207993,73.58797962869578,74.53404235839844,330000,0.0,0.0
2023-01-19 00:00:00-05:00,74.12441109463855,76.0360397509881,73.84156705410736,75.18750762939453,449600,0.0,0.0
2023-01-20 00:00:00-05:00,75.28505062642881,76.35790252685547,74.7193625083656,76.35790252685547,420700,0.0,0.0
2023-01-23 00:00:00-05:00,76.69926149588883,79.9763414480744,76.13357339246276,77.13815307617188,535300,0.0,0.0
2023-01-24 00:00:00-05:00,76.61148092383871,77.3527196558642,76.4554259648165,77.34297180175781,349600,0.0,0.0
2023-01-25 00:00:00-05:00,76.8845786276153,77.71360023105223,76.53346236997669,77.2356948852539,281200,0.0,0.0
2023-01-26 00:00:00-05:00,77.73309596190141,78.01594000028156,76.83580225186725,77.74285125732422,315000,0.0,0.0
2023-01-27 00:00:00-05:00,77.24543860848078,78.28903202921856,77.24543860848078,77.81112670898438,270700,0.0,0.0
2023-01-30 00:00:00-05:00,77.11864427088332,77.46000519064141,76.11406466083383,76.1335678100586,582000,0.0,0.0
2023-01-31 00:00:00-05:00,76.15308630912722,77.65508195315965,76.15308630912722,77.5965576171875,527100,0.0,0.0
2023-02-01 00:00:00-05:00,77.54779478255404,78.8742322797508,77.24544013466391,78.43533325195312,495900,0.0,0.0
2023-02-02 00:00:00-05:00,79.29362115897054,81.40031120440551,78.94250491121294,80.62980651855469,599000,0.0,0.0
2023-02-03 00:00:00-05:00,82.90230508182461,85.88678568361493,80.97116575994761,84.27751159667969,759000,0.0,0.0
2023-02-06 00:00:00-05:00,83.78984779098455,83.78984779098455,81.83920539267814,81.84895324707031,676100,0.0,0.0
2023-02-07 00:00:00-05:00,81.57587112940594,82.9900840066298,81.15648268205301,82.71699523925781,556600,0.0,0.0
2023-02-08 00:00:00-05:00,82.45365828438696,83.58502705014182,81.80994269611311,82.14155578613281,326000,0.0,0.0
2023-02-09 00:00:00-05:00,82.81453977200063,82.93157357221473,81.57587748491771,81.86847686767578,487700,0.0,0.0
2023-02-10 00:00:00-05:00,81.15647393484946,81.86846166542485,81.0004264165035,81.64413452148438,249800,0.0,0.0
2023-02-13 00:00:00-05:00,81.8594078738667,82.04531346948681,81.40930178294113,81.59521484375,227900,0.27,0.0
2023-02-14 00:00:00-05:00,81.51693521840235,82.13338064781655,80.92006351399208,82.01596069335938,453400,0.0,0.0
2023-02-15 00:00:00-05:00,81.41909598902133,83.05315130346514,81.41909598902133,82.89659881591797,529100,0.0,0.0
2023-02-16 00:00:00-05:00,81.81047578099374,83.06292534885564,81.66370271424998,82.44648742675781,311200,0.0,0.0
2023-02-17 00:00:00-05:00,82.15293529910772,82.56389388385465,81.34079752554518,81.7126235961914,452400,0.0,0.0
2023-02-21 00:00:00-05:00,81.03748482337855,81.61479027762613,80.64609243383275,80.67544555664062,455200,0.0,0.0
2023-02-22 00:00:00-05:00,80.95920409508777,81.14511715805038,80.18620618589287,80.57759857177734,346900,0.0,0.0
2023-02-23 00:00:00-05:00,81.14511869392288,81.27231804903764,80.45040074179339,80.9592056274414,224600,0.0,0.0
2023-02-24 00:00:00-05:00,80.11771916934177,80.6558846739965,79.93181355743421,80.19599914550781,269200,0.0,0.0
2023-02-27 00:00:00-05:00,80.62652314573282,80.7830756165584,79.98072460745709,80.2840576171875,219400,0.0,0.0
2023-02-28 00:00:00-05:00,80.10793769370478,80.93964188962873,80.00030459556518,80.50910949707031,461700,0.0,0.0
2023-03-01 00:00:00-05:00,80.27427345425166,81.21361070635795,79.99051415957545,80.44061279296875,254900,0.0,0.0
2023-03-02 00:00:00-05:00,80.2449245353163,81.17447497349141,79.85353212680441,81.16468811035156,193000,0.0,0.0
2023-03-03 00:00:00-05:00,81.58542560243998,81.83004490050278,81.02769390146432,81.67349243164062,266900,0.0,0.0
2023-03-06 00:00:00-05:00,81.69306034551255,82.4464919793125,80.31341135839128,80.56781005859375,396500,0.0,0.0
2023-03-07 00:00:00-05:00,80.55802755756437,81.03747928275314,80.33297452277627,80.7341537475586,367600,0.0,0.0
2023-03-08 00:00:00-05:00,80.81243867958753,81.39953104667472,80.36234000595968,80.94943237304688,228700,0.0,0.0
2023-03-09 00:00:00-05:00,81.08640370840858,81.39951609625817,79.54040802738142,79.88287353515625,301100,0.0,0.0
2023-03-10 00:00:00-05:00,79.5306269695106,79.91223248676324,77.94549865636544,78.52279663085938,364700,0.0,0.0
2023-03-13 00:00:00-04:00,77.9259381578202,79.1392480220653,76.7811214117537,78.27819061279297,322000,0.0,0.0
2023-03-14 00:00:00-04:00,79.20773315429688,79.91223799321224,78.72828137538639,79.20773315429688,441300,0.0,0.0
2023-03-15 00:00:00-04:00,78.21946954262617,78.8065543679805,77.779150324719,78.14118957519531,685000,0.0,0.0
2023-03-16 00:00:00-04:00,77.93571780767003,80.46019101289677,77.35841232344099,80.42105102539062,398000,0.0,0.0
2023-03-17 00:00:00-04:00,80.65587350099936,80.65587350099936,78.53257983165719,79.01203155517578,659300,0.0,0.0
2023-03-20 00:00:00-04:00,79.4425724216408,81.1157676676589,79.4425724216408,80.8320083618164,305600,0.0,0.0
2023-03-21 00:00:00-04:00,81.25275974014522,81.67350529770101,80.54825485631324,81.56587219238281,382400,0.0,0.0
2023-03-22 00:00:00-04:00,81.53650875423506,82.16273357950955,80.28405910368608,80.29383850097656,290800,0.0,0.0
2023-03-23 00:00:00-04:00,80.84179282085758,81.65392326218584,80.02965491434037,80.72437286376953,396600,0.0,0.0
2023-03-24 00:00:00-04:00,80.75372556990521,81.40930353025436,80.0198676385681,81.04727172851562,442200,0.0,0.0
2023-03-27 00:00:00-04:00,81.27232362181466,81.69306916704625,80.62653247401123,81.64414978027344,376200,0.0,0.0
2023-03-28 00:00:00-04:00,81.43866878311036,81.79091374235512,80.61674397103434,81.44844818115234,331000,0.0,0.0
2023-03-29 00:00:00-04:00,81.89854522577821,82.80852939340637,81.21361411689215,81.99639892578125,266700,0.0,0.0
2023-03-30 00:00:00-04:00,82.27037243744883,82.53455802139501,82.0942462264216,82.5149917602539,163700,0.0,0.0
2023-03-31 00:00:00-04:00,82.67154353829677,83.60110143612404,82.23123174708702,83.58152770996094,458500,0.0,0.0
2023-04-03 00:00:00-04:00,83.23905813734422,83.82614298569084,82.95529884318576,83.65001678466797,264500,0.0,0.0
2023-04-04 00:00:00-04:00,83.5228103262059,83.87506269828549,82.95529178616786,83.14120483398438,302900,0.0,0.0
2023-04-05 00:00:00-04:00,82.92594471957115,83.00422468912284,82.16273367941416,82.57369232177734,366900,0.0,0.0
2023-04-06 00:00:00-04:00,82.39756806369772,83.08250661562505,82.32907495502387,82.63240051269531,275900,0.0,0.0
2023-04-10 00:00:00-04:00,81.93767945215176,82.72046420600755,81.81048010235537,82.61283111572266,264800,0.0,0.0
2023-04-11 00:00:00-04:00,82.5052027893282,83.01400768308103,82.25079660985723,82.4562759399414,331800,0.0,0.0
2023-04-12 00:00:00-04:00,82.9357335355557,83.39561903601816,82.6128342524409,82.63240051269531,237600,0.0,0.0
2023-04-13 00:00:00-04:00,82.75961276447448,84.23710812929892,82.53455969823816,84.06098937988281,277500,0.0,0.0
2023-04-14 00:00:00-04:00,83.80657434082761,84.54043224667515,83.1314226785875,83.7282943725586,198100,0.0,0.0
2023-04-17 00:00:00-04:00,83.95335866356949,84.0120649150427,83.0922938276174,83.79679870605469,198800,0.0,0.0
2023-04-18 00:00:00-04:00,84.14903870521532,84.14903870521532,83.4543207931228,83.9533462524414,230800,0.0,0.0
2023-04-19 00:00:00-04:00,83.49346309539749,84.04140795053218,83.03357760689998,83.50324249267578,188500,0.0,0.0
2023-04-20 00:00:00-04:00,83.31734061357311,83.75765239677804,82.85745510456091,83.19992065429688,271600,0.0,0.0
2023-04-21 00:00:00-04:00,83.09229098122985,83.81636956214747,82.2410205032704,82.4758529663086,439400,0.0,0.0
2023-04-24 00:00:00-04:00,82.30951345119266,82.61283902639238,81.45823550974873,81.68328857421875,286200,0.0,0.0
2023-04-25 00:00:00-04:00,81.14512243694831,81.34081491002691,80.64609692585178,80.6558837890625,251200,0.0,0.0
2023-04-26 00:00:00-04:00,80.76350842886083,81.2429601633135,80.15684988156156,80.18620300292969,243900,0.0,0.0
2023-04-27 00:00:00-04:00,80.52867515941317,81.75177163835208,80.13728279311503,81.57564544677734,297900,0.0,0.0
2023-04-28 00:00:00-04:00,81.5169372950753,82.60304763960968,81.33103169393473,81.88876342773438,260800,0.0,0.0
2023-05-01 00:00:00-04:00,81.89854850794687,82.74982646184041,81.43867043937281,81.64414978027344,274900,0.0,0.0
2023-05-02 00:00:00-04:00,81.5560815706042,81.5560815706042,80.16664559439876,80.7048110961914,308100,0.0,0.0
2023-05-03 00:00:00-04:00,80.84179643035073,81.91811995688647,80.83200956719251,80.9787826538086,354400,0.0,0.0
2023-05-04 00:00:00-04:00,80.48953810240319,80.80265051378697,79.81438643262395,80.05900573730469,240400,0.0,0.0
2023-05-05 00:00:00-04:00,81.26253880882501,82.97487400075532,81.19404569975536,82.86724090576172,361000,0.0,0.0
2023-05-08 00:00:00-04:00,82.87701872624355,83.0727186521392,81.25275039984837,82.11380767822266,401600,0.0,0.0
2023-05-09 00:00:00-04:00,81.96703626636163,82.43670863287005,81.83005004804438,82.30950927734375,335500,0.0,0.0
2023-05-10 00:00:00-04:00,83.13143233733312,83.6108841346065,82.38778748275332,83.60110473632812,537600,0.0,0.0
2023-05-11 00:00:00-04:00,83.60108862621121,84.08054033109316,81.92789362472725,82.38777160644531,348800,0.0,0.0
2023-05-12 00:00:00-04:00,82.34864642055857,82.38777893999345,81.81048096346954,82.33885955810547,223100,0.0,0.0
2023-05-15 00:00:00-04:00,82.32904575903825,82.97691557898266,82.18180023520866,82.7707748413086,203500,0.27,0.0
2023-05-16 00:00:00-04:00,82.23087290043894,82.5744482683025,81.59282147833359,81.86767578125,240100,0.0,0.0
2023-05-17 00:00:00-04:00,82.04436704086794,82.66278920839363,81.58300126177919,81.83822631835938,323500,0.0,0.0
2023-05-18 00:00:00-04:00,81.9560197901079,82.6922398932977,81.45539551217591,81.8873062133789,562200,0.0,0.0
2023-05-19 00:00:00-04:00,81.95602343831075,82.66279596710925,81.8676806168202,82.06400299072266,366100,0.0,0.0
2023-05-22 00:00:00-04:00,81.91676656593683,82.43703514409091,81.52412177451242,81.84805297851562,209300,0.0,0.0
2023-05-23 00:00:00-04:00,81.43575943091318,82.24069311724475,81.03329633235653,81.18053436279297,280900,0.0,0.0
2023-05-24 00:00:00-04:00,81.07255821980466,81.08237658531893,80.04185451736338,80.3952407836914,433600,0.0,0.0
2023-05-25 00:00:00-04:00,80.71918235609168,81.05293190343718,80.11057098895601,80.67991638183594,261300,0.0,0.0
2023-05-26 00:00:00-04:00,80.8173384948277,81.84804217003574,80.58174266402156,80.60137939453125,367800,0.0,0.0
2023-05-30 00:00:00-04:00,81.02348213336933,81.18053853698322,79.26636915070323,79.57067108154297,330600,0.0,0.0
2023-05-31 00:00:00-04:00,79.39397093814317,81.12163616069665,79.28599139365745,81.01365661621094,774400,0.0,0.0
2023-06-01 00:00:00-04:00,80.63082726981811,80.99403189327437,80.2479934050051,80.36579132080078,440500,0.0,0.0
2023-06-02 00:00:00-04:00,80.63083326908256,82.09345525858345,80.58174892821101,81.89713287353516,479300,0.0,0.0
2023-06-05 00:00:00-04:00,81.47502740559926,82.0640020094828,80.7191780369721,81.20999145507812,303900,0.0,0.0
2023-06-06 00:00:00-04:00,81.09220152766552,81.67135782326318,81.02348794192989,81.45540618896484,396400,0.0,0.0
2023-06-07 00:00:00-04:00,81.33759864858771,82.36830980203416,80.86641448121321,81.42594146728516,386700,0.0,0.0
2023-06-08 00:00:00-04:00,81.31795830608061,82.01491990564168,80.63082256045159,81.96583557128906,243800,0.0,0.0
2023-06-09 00:00:00-04:00,81.98547725653553,82.61372537689901,81.48485291839235,81.5633773803711,314700,0.0,0.0
2023-06-12 00:00:00-04:00,81.9265804292217,82.75115092217125,81.74988728710528,82.61372375488281,271400,0.0,0.0
2023-06-13 00:00:00-04:00,82.93765510663661,83.50700050895031,82.52537360394832,82.97692108154297,259300,0.0,0.0
2023-06-14 00:00:00-04:00,82.82967078735456,83.74258405610593,82.40757094289492,82.66279602050781,249800,0.0,0.0
2023-06-15 00:00:00-04:00,82.27015203753936,82.83949746425364,81.53393182723549,82.67262268066406,303100,0.0,0.0
2023-06-16 00:00:00-04:00,82.77078417531351,83.19288406364176,81.99529798563047,82.4370346069336,465100,0.0,0.0
2023-06-20 00:00:00-04:00,81.78914976764797,83.12416289788742,81.74988379449756,82.91802215576172,354700,0.0,0.0
2023-06-21 00:00:00-04:00,82.70206745595446,82.8100470155686,81.18054274445998,81.67135620117188,195500,0.0,0.0
2023-06-22 00:00:00-04:00,81.62227665717498,81.74006708980102,81.07256051111807,81.26889038085938,235100,0.0,0.0
2023-06-23 00:00:00-04:00,80.69954300717232,80.69954300717232,79.14857077585538,79.44306182861328,473600,0.0,0.0
2023-06-26 00:00:00-04:00,79.64920289210335,80.2970802151045,79.3350825961927,79.80626678466797,213800,0.0,0.0
2023-06-27 00:00:00-04:00,80.1890946339795,80.96458069448722,79.96331717769272,80.78788757324219,184800,0.0,0.0
2023-06-28 00:00:00-04:00,80.49339990976064,81.21980166562369,80.12038441117548,81.2001724243164,280400,0.0,0.0
2023-06-29 00:00:00-04:00,81.42594386766044,81.62227373036175,80.86641686509407,80.98421478271484,266000,0.0,0.0
2023-06-30 00:00:00-04:00,81.504488559983,82.73152230920404,81.504488559983,82.14254760742188,348500,0.0,0.0
2023-07-03 00:00:00-04:00,81.72043185547207,82.45665196227813,81.72043185547207,82.1327133178711,96600,0.0,0.0
2023-07-05 00:00:00-04:00,81.61245408802048,82.36831094146211,81.61245408802048,82.27996063232422,246600,0.0,0.0
2023-07-06 00:00:00-04:00,81.60264482906318,83.75241022429189,81.60264482906318,83.74259185791016,445200,0.0,0.0
2023-07-07 00:00:00-04:00,83.70332285855073,85.01870680508603,83.70332285855073,84.29230499267578,434200,0.0,0.0
2023-07-10 00:00:00-04:00,84.25303355092011,86.30463005355338,84.25303355092011,85.88253021240234,441400,0.0,0.0
2023-07-11 00:00:00-04:00,86.07886451161278,87.21754781135141,85.8629053972092,87.14883422851562,526300,0.0,0.0
2023-07-12 00:00:00-04:00,87.35497759416732,88.29733853952781,87.03104640207586,88.26789093017578,419800,0.0,0.0
2023-07-13 00:00:00-04:00,88.23843384864702,89.34766945407475,87.86541835486507,88.95502471923828,507700,0.0,0.0
2023-07-14 00:00:00-04:00,88.83724075913246,88.98448630243348,87.70836824611727,87.7378158569336,346700,0.0,0.0
2023-07-17 00:00:00-04:00,87.51203161694207,88.27769933053364,86.66783196113131,87.39423370361328,269300,0.0,0.0
2023-07-18 00:00:00-04:00,87.18809482357517,88.14027404785156,87.0408493010921,88.14027404785156,267500,0.0,0.0
2023-07-19 00:00:00-04:00,88.34641637010918,88.79796382173907,88.00284847095801,88.40531158447266,227000,0.0,0.0
2023-07-20 00:00:00-04:00,88.15009590569058,88.29733394478892,86.55985768046044,87.2371826171875,406700,0.0,0.0
2023-07-21 00:00:00-04:00,87.62001209939194,87.80651610262825,86.93286883147505,87.16846466064453,209100,0.0,0.0
2023-07-24 00:00:00-04:00,87.16846545431983,87.58074692529284,86.44205620826067,86.94268798828125,168200,0.0,0.0
2023-07-25 00:00:00-04:00,86.99177232600329,87.73780332418258,86.8543451690114,87.6592788696289,247000,0.0,0.0
2023-07-26 00:00:00-04:00,87.45313322701666,87.94394665625586,87.07029935134756,87.58074951171875,165200,0.0,0.0
2023-07-27 00:00:00-04:00,88.23844123040674,88.32679154558883,85.91198278686308,86.07886505126953,396300,0.0,0.0
2023-07-28 00:00:00-04:00,86.52058702902674,86.97213446602461,86.31444629621588,86.80525970458984,305700,0.0,0.0
2023-07-31 00:00:00-04:00,86.92306889123533,87.2273708473404,86.47151390645982,86.98196411132812,353300,0.0,0.0
2023-08-01 00:00:00-04:00,86.68746647741855,87.61019813160108,86.62857126177923,87.2371826171875,282000,0.0,0.0
2023-08-02 00:00:00-04:00,86.5500377613486,86.5500377613486,85.66657209652196,86.25555419921875,349600,0.0,0.0
2023-08-03 00:00:00-04:00,85.7156620350886,86.31445505319246,85.45062606293364,86.22610473632812,415300,0.0,0.0
2023-08-04 00:00:00-04:00,84.71440253682634,84.90090655091099,77.54852333429861,77.79393005371094,1192200,0.0,0.0
2023-08-07 00:00:00-04:00,77.67612802766679,79.35470900104036,77.18531461477797,77.4896240234375,518400,0.0,0.0
2023-08-08 00:00:00-04:00,76.63561105929767,76.72396137385668,75.38894820333377,76.13497924804688,386300,0.0,0.0
2023-08-09 00:00:00-04:00,75.95828207586455,76.48836146742254,75.08463478863519,75.71287536621094,287200,0.0,0.0
2023-08-10 00:00:00-04:00,76.3214799348416,76.60615259150406,75.22205527696086,75.48709869384766,416300,0.0,0.0
2023-08-11 00:00:00-04:00,75.28023394244889,75.89098967296424,74.94530847177042,75.54621124267578,258500,0.27,0.0
2023-08-14 00:00:00-04:00,75.29009010175437,76.88593142411783,75.2408328172172,76.84652709960938,459300,0.0,0.0
2023-08-15 00:00:00-04:00,76.49190469469534,76.88594047053579,75.91070023431902,75.96981048583984,383200,0.0,0.0
2023-08-16 00:00:00-04:00,75.75308651998847,76.13726931479425,74.73844952264979,74.95516204833984,354500,0.0,0.0
2023-08-17 00:00:00-04:00,75.28024250174354,76.71846662847598,75.28024250174354,75.67427825927734,605800,0.0,0.0
2023-08-18 00:00:00-04:00,81.2794126735779,84.31347052435376,80.71791419799989,83.54510498046875,3180400,0.0,0.0
2023-08-21 00:00:00-04:00,83.54510230812974,85.32811224754465,83.21017683175725,84.38243103027344,11148000,0.0,0.0
2023-08-22 00:00:00-04:00,84.36273514634996,84.83557956903736,81.63405118067101,81.90987396240234,1478400,0.0,0.0
2023-08-23 00:00:00-04:00,81.97882652222788,82.62897912349734,81.51583507819902,82.33345794677734,661100,0.0,0.0
2023-08-24 00:00:00-04:00,82.50091602931809,82.94420152711365,81.57493319366662,81.60448455810547,461600,0.0,0.0
2023-08-25 00:00:00-04:00,81.60448310041987,82.89495027751408,81.31881490554291,82.37285614013672,527300,0.0,0.0
2023-08-28 00:00:00-04:00,82.41226322652152,83.43674561594091,82.31374865604079,82.95405578613281,489300,0.0,0.0
2023-08-29 00:00:00-04:00,82.65854405894736,83.71258544921875,82.65854405894736,83.71258544921875,413400,0.0,0.0
2023-08-30 00:00:00-04:00,83.57465893470459,84.33317905760619,83.46630643275392,84.01795196533203,397400,0.0,0.0
2023-08-31 00:00:00-04:00,84.00809912435568,84.21496619936654,83.12152057744719,83.2101821899414,696000,0.0,0.0
2023-09-01 00:00:00-04:00,83.55495088129936,83.97853794221867,83.21017246325013,83.7618179321289,267500,0.0,0.0
2023-09-05 00:00:00-04:00,83.2397301426908,83.77167724902574,82.7373344007734,83.22003173828125,331200,0.0,0.0
2023-09-06 00:00:00-04:00,83.12151797745366,83.3086866413928,82.48121836723209,82.73733520507812,299200,0.0,0.0
2023-09-07 00:00:00-04:00,81.98867340877595,82.95405303639197,81.86060747763872,82.67823028564453,442300,0.0,0.0
2023-09-08 00:00:00-04:00,82.35315404911321,82.63882977287773,81.95911830889986,82.27434539794922,241600,0.0,0.0
2023-09-11 00:00:00-04:00,82.60927620823834,82.75704054633516,81.85075611329098,82.21524047851562,265700,0.0,0.0
2023-09-12 00:00:00-04:00,81.53552895690635,82.46151179355374,80.52089202684705,80.79671478271484,508600,0.0,0.0
2023-09-13 00:00:00-04:00,80.67851995491627,80.9149384174379,80.06776411816068,80.26478576660156,371500,0.0,0.0
2023-09-14 00:00:00-04:00,80.41254309971107,81.34837902540612,80.36329332400553,81.09225463867188,320800,0.0,0.0
2023-09-15 00:00:00-04:00,80.94448129658967,80.94448129658967,80.07760868118707,80.55044555664062,724200,0.0,0.0
2023-09-18 00:00:00-04:00,80.26477291525224,81.40746823082046,80.17611130874778,81.24000549316406,260700,0.0,0.0
2023-09-19 00:00:00-04:00,81.03314646246585,81.7325563616415,80.67851503251666,81.15135192871094,360800,0.0,0.0
2023-09-20 00:00:00-04:00,81.4665665124234,82.00836653481163,80.59969399220805,80.61939239501953,319100,0.0,0.0
2023-09-21 00:00:00-04:00,80.22537395688886,80.6489610670332,79.92984526958566,80.06775665283203,327300,0.0,0.0
2023-09-22 00:00:00-04:00,80.27462222635597,81.13164939102124,80.01850538546375,80.02835083007812,203600,0.0,0.0
2023-09-25 00:00:00-04:00,79.86088846558714,80.31402693502872,79.11222131295874,79.32894134521484,275800,0.0,0.0
2023-09-26 00:00:00-04:00,78.8363981916301,78.8363981916301,77.17160114742477,77.1913070678711,294300,0.0,0.0
2023-09-27 00:00:00-04:00,77.71339051847926,78.02861756173021,77.02383370999452,77.11248779296875,324000,0.0,0.0
2023-09-28 00:00:00-04:00,76.80712246564173,78.70833790077758,76.80712246564173,78.15668487548828,356600,0.0,0.0
2023-09-29 00:00:00-04:00,78.85610703186966,79.02356978383115,77.93997710296514,78.07788848876953,387900,0.0,0.0
2023-10-02 00:00:00-04:00,78.06802791961435,79.6146118944954,77.6148894796193,79.49639892578125,488900,0.0,0.0
2023-10-03 00:00:00-04:00,78.95461381662653,79.73283235702299,77.70355087253859,77.96952819824219,415500,0.0,0.0
2023-10-04 00:00:00-04:00,78.17638604108325,78.74773743599681,77.5754832836062,78.43251037597656,386000,0.0,0.0
2023-10-05 00:00:00-04:00,78.31430626105217,79.07281887646204,78.08773326311547,78.66893768310547,277800,0.0,0.0
2023-10-06 00:00:00-04:00,78.10743690774956,79.85103508569036,78.10743690774956,79.4176025390625,280900,0.0,0.0
2023-10-09 00:00:00-04:00,78.82653954060875,79.80177961091783,78.57042271814922,79.67371368408203,267400,0.0,0.0
2023-10-10 00:00:00-04:00,79.91013819603513,81.09223778580485,79.45699976943654,80.44208526611328,334700,0.0,0.0
2023-10-11 00:00:00-04:00,80.58985137939453,81.00359304761118,80.0579042479218,80.58985137939453,205800,0.0,0.0
2023-10-12 00:00:00-04:00,80.52089593820719,81.00359330002962,79.585067611682,80.08746337890625,227600,0.0,0.0
2023-10-13 00:00:00-04:00,79.7820726678677,80.14655700906711,78.92505309148869,79.24028015136719,290600,0.0,0.0
2023-10-16 00:00:00-04:00,79.85103525624058,81.19075225545701,79.8214838911354,80.33373260498047,262800,0.0,0.0
2023-10-17 00:00:00-04:00,79.82147812227232,81.70299506445791,79.60475810635504,80.786865234375,369100,0.0,0.0
2023-10-18 00:00:00-04:00,80.16627233957546,80.78688114659639,79.43731101886024,79.58507537841797,275200,0.0,0.0
2023-10-19 00:00:00-04:00,79.71312739593175,80.16626588397304,79.00386453965599,79.21073913574219,366900,0.0,0.0
2023-10-20 00:00:00-04:00,78.90534916871538,79.27968647876943,77.75280090646773,78.68862915039062,391100,0.0,0.0
2023-10-23 00:00:00-04:00,78.41280329119036,79.22057309020602,78.17638487859222,78.80683898925781,346700,0.0,0.0
2023-10-24 00:00:00-04:00,79.20088510803554,80.22537505156396,79.04326780182801,79.38804626464844,313500,0.0,0.0
2023-10-25 00:00:00-04:00,79.18117930901988,79.43730367419852,78.2552039382471,78.27490234375,287400,0.0,0.0
2023-10-26 00:00:00-04:00,78.62952908718017,79.12207186710879,78.03847925438711,78.04833221435547,219500,0.0,0.0
2023-10-27 00:00:00-04:00,78.02862338653391,78.30444613051786,77.12234650898492,77.46712493896484,205400,0.0,0.0
2023-10-30 00:00:00-04:00,78.08773026761435,78.76744171974343,77.75280477941575,78.28475189208984,224200,0.0,0.0
2023-10-31 00:00:00-04:00,78.37340337396584,80.03820034615997,78.35370496997815,79.73282623291016,325200,0.0,0.0
2023-11-01 00:00:00-04:00,79.8214838911354,80.71791538256097,79.67371955000291,80.33373260498047,352200,0.0,0.0
2023-11-02 00:00:00-04:00,80.6391098892896,82.37286269420865,80.26478005728951,82.24479675292969,299100,0.0,0.0
2023-11-03 00:00:00-04:00,82.66837656774577,84.04749782444289,82.66837656774577,83.46630096435547,286200,0.0,0.0
2023-11-06 00:00:00-05:00,83.52541351092232,83.949000642799,83.04272364479537,83.8307876586914,287800,0.0,0.0
2023-11-07 00:00:00-05:00,83.87018575177393,84.99318271268709,83.47615001631519,84.6779556274414,439600,0.0,0.0
2023-11-08 00:00:00-05:00,85.0128883562141,85.37736520995118,84.53019101193586,84.56959533691406,393800,0.0,0.0
2023-11-09 00:00:00-05:00,84.72721331091279,85.23945450849192,83.88003910615738,84.28392028808594,241800,0.0,0.0
2023-11-10 00:00:00-05:00,84.35287294199794,85.95856719850723,83.81108039885456,85.8206558227539,274100,0.0,0.0
2023-11-13 00:00:00-05:00,85.70244173190777,85.70244173190777,84.89467189207035,85.38721466064453,281000,0.0,0.0
2023-11-14 00:00:00-05:00,86.19499167118653,87.50515734833421,85.9881245930485,87.19977569580078,456000,0.0,0.0
2023-11-15 00:00:00-05:00,87.25888360957656,88.23411624202961,87.03231061637705,87.33769226074219,581800,0.0,0.0
2023-11-16 00:00:00-05:00,86.30334298374933,87.73171398109811,86.02752024072524,86.46095275878906,552500,0.0,0.0
2023-11-17 00:00:00-05:00,79.34864016740798,81.36806093650983,77.83160759293199,80.35342407226562,1699100,0.0,0.0
2023-11-20 00:00:00-05:00,80.35342578725522,82.68808118170845,80.35342578725522,82.42210388183594,588900,0.0,0.0
2023-11-21 00:00:00-05:00,82.41226580554674,83.9785483191995,82.20539121354848,83.7322769165039,1118900,0.0,0.0
2023-11-22 00:00:00-05:00,84.36272063227158,85.71229045710876,84.1361551786602,85.37735748291016,639800,0.0,0.0
2023-11-24 00:00:00-05:00,85.33796446045324,85.35767038157124,84.57945184076044,85.17050170898438,153400,0.0,0.0
2023-11-27 00:00:00-05:00,85.05187844039503,85.80315236667703,84.70589950782276,85.76361083984375,540500,0.3,0.0
2023-11-28 00:00:00-05:00,85.66475832810083,86.21832460428408,85.21992182036084,85.5164794921875,364900,0.0,0.0
2023-11-29 00:00:00-05:00,86.02062289639325,86.77189685276088,84.93325726114627,85.10130310058594,363000,0.0,0.0
2023-11-30 00:00:00-05:00,85.16062078791454,85.26935810769014,84.35003829435354,85.1408462524414,499300,0.0,0.0
2023-12-01 00:00:00-05:00,84.96291012815789,86.06016301295195,84.42911835772723,86.0008544921875,282400,0.0,0.0
2023-12-04 00:00:00-05:00,85.46705971520015,86.93994587928503,85.46705971520015,86.86087036132812,291300,0.0,0.0
2023-12-05 00:00:00-05:00,86.25786195586862,86.76199941509337,86.02061281317808,86.5346450805664,256400,0.0,0.0
2023-12-06 00:00:00-05:00,86.98936576448315,87.76040666343891,86.46545374554015,86.64338684082031,276100,0.0,0.0
2023-12-07 00:00:00-05:00,86.81143511410286,87.40454293448235,86.37648585966285,87.07833099365234,259800,0.0,0.0
2023-12-08 00:00:00-05:00,87.01902116379746,88.47214020399967,87.01902116379746,88.353515625,179500,0.0,0.0
2023-12-11 00:00:00-05:00,88.43259704996078,89.02570485049229,87.90868503379504,88.31397247314453,467700,0.0,0.0
2023-12-12 00:00:00-05:00,88.28432014716057,88.36340320010274,87.7999496459961,87.7999496459961,319400,0.0,0.0
2023-12-13 00:00:00-05:00,87.73074805299342,87.97787692074833,86.03050023615572,87.09809875488281,416900,0.0,0.0
2023-12-14 00:00:00-05:00,86.99925321686129,88.25466461162155,86.99925321686129,87.58247375488281,358800,0.0,0.0
2023-12-15 00:00:00-05:00,87.27604500498998,87.45397811828175,86.29741665277305,86.4852294921875,639300,0.0,0.0
2023-12-18 00:00:00-05:00,85.56590459190923,85.84268774245115,84.73555514028351,84.86405944824219,532800,0.0,0.0
2023-12-19 00:00:00-05:00,84.90360213595862,85.55602603553038,84.34014855986271,84.51808166503906,557300,0.0,0.0
2023-12-20 00:00:00-05:00,84.19186457476385,85.93165399228717,84.19186457476385,84.76520538330078,478400,0.0,0.0
2023-12-21 00:00:00-05:00,85.37809739668997,85.37809739668997,83.82612816437707,84.25119018554688,377100,0.0,0.0
2023-12-22 00:00:00-05:00,84.66635937575144,84.81463821837512,84.0732515470319,84.6762466430664,491800,0.0,0.0
2023-12-26 00:00:00-05:00,84.28083823327674,85.8229200839207,84.28083823327674,85.40774536132812,310000,0.0,0.0
2023-12-27 00:00:00-05:00,85.49670976675088,85.80315472267941,85.0321062409216,85.4472885131836,294400,0.0,0.0
2023-12-28 00:00:00-05:00,85.39785497307022,86.1194746193917,85.27923039590407,85.8921127319336,315500,0.0,0.0
2023-12-29 00:00:00-05:00,85.7339560334867,85.78337728538183,85.08153215756047,85.19026947021484,314200,0.0,0.0
2024-01-02 00:00:00-05:00,84.63670750553699,85.13096530038922,84.09302091448934,84.73555755615234,520800,0.0,0.0
2024-01-03 00:00:00-05:00,84.25118684780143,84.26106657359894,83.19347547076215,83.60865020751953,404300,0.0,0.0
2024-01-04 00:00:00-05:00,83.39116676640545,83.98427454797275,83.22312094428673,83.57898712158203,319000,0.0,0.0
2024-01-05 00:00:00-05:00,83.31208963740008,83.74703889428257,83.21323959041092,83.35163116455078,398000,0.0,0.0
2024-01-08 00:00:00-05:00,83.7371473706559,84.04358476327849,83.55921427840977,83.9941635131836,471600,0.0,0.0
2024-01-09 00:00:00-05:00,83.55921899731469,84.10290557148602,83.53945200451537,83.73715209960938,429800,0.0,0.0
2024-01-10 00:00:00-05:00,83.7569190849242,84.02381494342252,83.36151138860025,83.92496490478516,469200,0.0,0.0
2024-01-11 00:00:00-05:00,83.94474683728171,84.80475816422822,83.7272721885061,84.66636657714844,569400,0.0,0.0
2024-01-12 00:00:00-05:00,84.96290546952565,84.99256727005675,84.34014341031994,84.76520538330078,348900,0.0,0.0
2024-01-16 00:00:00-05:00,84.26106898174902,84.41923510033432,83.45048647843852,83.66796112060547,322100,0.0,0.0
2024-01-17 00:00:00-05:00,82.93645506285097,83.0353051081962,82.03690230412683,82.5707015991211,437800,0.0,0.0
2024-01-18 00:00:00-05:00,83.26266599239767,83.29232025146484,82.61024212582011,83.29232025146484,575400,0.0,0.0
2024-01-19 00:00:00-05:00,83.7371536881093,83.99416985002729,82.87714242040795,83.40106201171875,337300,0.0,0.0
2024-01-22 00:00:00-05:00,83.90519446526443,84.6070395781357,83.85577321442203,84.21163940429688,435400,0.0,0.0
2024-01-23 00:00:00-05:00,84.67624303500124,84.83440159642552,84.29071504389695,84.77509307861328,569200,0.0,0.0
2024-01-24 00:00:00-05:00,85.11118460408755,85.37808801738115,83.95462325788174,84.21163940429688,1387900,0.0,0.0
2024-01-25 00:00:00-05:00,84.85416832514517,84.85416832514517,83.37139505024075,83.64818572998047,307100,0.0,0.0
2024-01-26 00:00:00-05:00,83.83600247035098,84.00405584778147,83.05507427070125,83.18358612060547,286700,0.0,0.0
2024-01-29 00:00:00-05:00,83.07484729767799,83.73715090272914,82.58058952523233,83.7074966430664,378800,0.0,0.0
2024-01-30 00:00:00-05:00,84.02382054395977,84.07324933746034,83.3713966702723,83.68772888183594,384900,0.0,0.0
2024-01-31 00:00:00-05:00,83.47024777663954,83.48012750115258,82.16540767234748,82.22471618652344,377000,0.0,0.0
2024-02-01 00:00:00-05:00,82.28402989650053,83.88542775634103,82.28402989650053,83.84588623046875,515200,0.0,0.0
2024-02-02 00:00:00-05:00,82.69921902629565,82.69921902629565,78.4288243781709,79.33826446533203,830000,0.0,0.0
2024-02-05 00:00:00-05:00,79.17020476569299,79.20974629170024,76.87684904969726,78.06307220458984,557800,0.0,0.0
2024-02-06 00:00:00-05:00,78.04329976829756,78.62652786536141,78.04329976829756,78.4881362915039,409300,0.0,0.0
2024-02-07 00:00:00-05:00,78.6067460356921,78.6067460356921,77.81593819300956,78.31019592285156,400000,0.0,0.0
2024-02-08 00:00:00-05:00,77.914794490298,80.04010440772092,77.70720713209971,79.77320098876953,399900,0.0,0.0
2024-02-09 00:00:00-05:00,79.76333174832335,80.13896498751974,79.4568867625128,79.65459442138672,503500,0.0,0.0
2024-02-12 00:00:00-05:00,79.64465434062028,79.89270671906615,79.19816308740084,79.2279281616211,337500,0.3,0.0
2024-02-13 00:00:00-05:00,77.9082937177943,78.35479257550877,77.21375003240523,77.43203735351562,410400,0.0,0.0
2024-02-14 00:00:00-05:00,78.07697402481138,78.90050222042959,77.47172557733545,78.74175262451172,279100,0.0,0.0
2024-02-15 00:00:00-05:00,78.84097514612249,79.15848192031189,78.20596159774371,78.38455963134766,289200,0.0,0.0
2024-02-16 00:00:00-05:00,78.02736481172317,78.49370454969863,77.34273774363508,77.4518814086914,433500,0.0,0.0
2024-02-20 00:00:00-05:00,77.1641342124656,77.88845052262961,76.95577111309304,77.6999282836914,368200,0.0,0.0
2024-02-21 00:00:00-05:00,77.05499798049196,78.24564642323101,77.05499798049196,78.21588134765625,278000,0.0,0.0
2024-02-22 00:00:00-05:00,78.96003526322893,79.45614002225406,78.56314994201725,79.08901977539062,337900,0.0,0.0
2024-02-23 00:00:00-05:00,79.24778386943024,79.42638190111256,78.73183063569971,79.3668441772461,241800,0.0,0.0
2024-02-26 00:00:00-05:00,79.1882461902924,80.5475760749734,79.1882461902924,80.44835662841797,416000,0.0,0.0
2024-02-27 00:00:00-05:00,80.60710626090804,80.78570429276213,80.32928878245912,80.63687133789062,296200,0.0,0.0
2024-02-28 00:00:00-05:00,80.40866163690382,81.24211401284948,80.18045011303792,81.21234893798828,300400,0.0,0.0
2024-02-29 00:00:00-05:00,81.51002300156922,81.89698415349115,80.29952603608677,80.36898040771484,662400,0.0,0.0
2024-03-01 00:00:00-05:00,80.24990864320597,81.80767739145084,79.98201538559171,81.70845794677734,291700,0.0,0.0
2024-03-04 00:00:00-05:00,81.7779068054144,82.03588340015152,81.64892229302478,81.95650482177734,244400,0.0,0.0
2024-03-05 00:00:00-05:00,81.38102328367309,81.55962130398667,80.36897288186815,80.5574951171875,297700,0.0,0.0
2024-03-06 00:00:00-05:00,81.25204173576475,81.25204173576475,80.46819526075997,80.90476989746094,450800,0.0,0.0
2024-03-07 00:00:00-05:00,81.37110870058535,81.85728926877522,80.58726223434391,81.69853210449219,241200,0.0,0.0
2024-03-08 00:00:00-05:00,82.15495619730035,82.95864353417873,81.36118550584536,82.17479705810547,223400,0.0,0.0
2024-03-11 00:00:00-04:00,82.10533756361393,83.19676651874592,81.63899787924969,83.17692565917969,219600,0.0,0.0
2024-03-12 00:00:00-04:00,83.1173883294023,83.60357644556511,82.89910859332105,83.22653198242188,243200,0.0,0.0
2024-03-13 00:00:00-04:00,83.38529451133594,83.75241478332114,83.25630999034792,83.49443817138672,314800,0.0,0.0
2024-03-14 00:00:00-04:00,83.44482032008159,83.47458539491711,82.10533896277713,82.80980682373047,299500,0.0,0.0
2024-03-15 00:00:00-04:00,82.36332010159438,83.44482492001273,82.20456293377605,83.16700744628906,644700,0.0,0.0
2024-03-18 00:00:00-04:00,83.30591416577072,83.58373163276661,83.0181724835369,83.10747528076172,384400,0.0,0.0
2024-03-19 00:00:00-04:00,82.94871565783704,83.58372915499125,82.54191368464045,82.99832916259766,297800,0.0,0.0
2024-03-20 00:00:00-04:00,83.14716343339579,83.68294992957634,82.62128601240103,83.33567810058594,196000,0.0,0.0
2024-03-21 00:00:00-04:00,83.70279964494942,84.09968498558571,83.45474725329653,83.48451232910156,197100,0.0,0.0
2024-03-22 00:00:00-04:00,83.49443595674826,83.49443595674826,82.51215061230413,83.057861328125,224700,0.0,0.0
2024-03-25 00:00:00-04:00,82.69074610064702,83.01817709205066,81.76799842116908,82.57168579101562,268900,0.0,0.0
2024-03-26 00:00:00-04:00,82.97848345426786,82.97848345426786,81.8076758611221,81.88705444335938,244200,0.0,0.0
2024-03-27 00:00:00-04:00,82.42284816000694,82.92887715712058,82.04581125095731,82.91895294189453,423500,0.0,0.0
2024-03-28 00:00:00-04:00,82.94871968121765,83.45474868848011,82.94871968121765,83.11739349365234,220800,0.0,0.0
2024-04-01 00:00:00-04:00,82.98840567994358,83.11739019551813,82.34346796215473,82.90902709960938,239300,0.0,0.0
2024-04-02 00:00:00-04:00,82.35339693296517,82.82966087251586,81.46040677753167,82.75028228759766,278900,0.0,0.0
2024-04-03 00:00:00-04:00,82.4327741151379,83.02809835197687,82.14503242717475,82.22441101074219,222200,0.0,0.0
2024-04-04 00:00:00-04:00,82.87926832139959,82.89911675297022,81.34134795285738,81.49017333984375,195500,0.0,0.0
2024-04-05 00:00:00-04:00,81.58939293115233,82.21448220947268,81.45047663267874,81.8672103881836,224000,0.0,0.0
2024-04-08 00:00:00-04:00,81.94658844505886,82.87926790527005,81.79776305881973,82.5220718383789,231100,0.0,0.0
2024-04-09 00:00:00-04:00,82.83956825098689,83.14715834064552,81.43063259111825,82.74034881591797,663000,0.0,0.0
2024-04-10 00:00:00-04:00,81.59930740895913,81.73821613378563,80.6170221205553,80.72616577148438,383800,0.0,0.0
2024-04-11 00:00:00-04:00,80.93453935185174,81.35126558035958,80.46819961377732,80.88492584228516,286600,0.0,0.0
2024-04-12 00:00:00-04:00,80.24990415795781,80.52772918545742,79.29738391640448,79.5652847290039,279000,0.0,0.0
2024-04-15 00:00:00-04:00,80.11100044942413,80.11100044942413,77.90829394094061,77.99759674072266,314200,0.0,0.0
2024-04-16 00:00:00-04:00,77.96782885771607,78.69213759563132,77.84876098561193,78.02735900878906,289100,0.0,0.0
2024-04-17 00:00:00-04:00,78.37463139798997,78.41432068897394,77.36258097275274,77.37250518798828,241600,0.0,0.0
2024-04-18 00:00:00-04:00,77.34273665160147,77.88845496917789,76.93593464482883,77.68009185791016,233300,0.0,0.0
2024-04-19 00:00:00-04:00,77.84876321264517,78.29526206834016,77.352658419623,77.5709457397461,256000,0.0,0.0
2024-04-22 00:00:00-04:00,78.08688601054854,79.03941380904908,77.66023561516359,78.19602966308594,304900,0.0,0.0
2024-04-23 00:00:00-04:00,78.11666166095047,79.04933349585521,78.11666166095047,78.5433120727539,184300,0.0,0.0
2024-04-24 00:00:00-04:00,78.5532276853245,79.28746819735358,78.46393246005391,78.96003723144531,208300,0.0,0.0
2024-04-25 00:00:00-04:00,78.22580400906588,79.4363009752571,78.22580400906588,79.2874755859375,199000,0.0,0.0
2024-04-26 00:00:00-04:00,79.72403503890139,80.3888136140273,78.53338661867711,78.58299255371094,229900,0.0,0.0
2024-04-29 00:00:00-04:00,78.96995056890731,79.3668358833888,78.4837700328953,78.75167083740234,299100,0.0,0.0
2024-04-30 00:00:00-04:00,78.48377696557597,78.76159443926605,77.04507608969874,77.05500030517578,514400,0.0,0.0
2024-05-01 00:00:00-04:00,77.0550026708092,77.89837933324864,76.8764046365313,76.97562408447266,322100,0.0,0.0
2024-05-02 00:00:00-04:00,77.46179677138484,79.15847413885584,76.89623764889451,79.08901977539062,614500,0.0,0.0
2024-05-03 00:00:00-04:00,80.74601574412118,84.63548318811893,78.78144494558325,81.44056701660156,730500,0.0,0.0
2024-05-06 00:00:00-04:00,81.88705301724045,82.02596174875734,79.82325533476357,81.3611831665039,543500,0.0,0.0
2024-05-07 00:00:00-04:00,81.55962088169596,83.27614671081987,80.9642966737191,82.29386138916016,744000,0.0,0.0
2024-05-08 00:00:00-04:00,82.19463782225958,82.19463782225958,81.6687679570213,81.98627471923828,240400,0.0,0.0
2024-05-09 00:00:00-04:00,81.90690218066993,82.50222640249432,81.3909489704528,82.16487121582031,253500,0.0,0.0
2024-05-10 00:00:00-04:00,82.47246212393114,82.70066608568945,81.71838073168827,82.07557678222656,302500,0.0,0.0
2024-05-13 00:00:00-04:00,82.49381565290825,82.89214560939624,81.84653802081628,81.87641143798828,300500,0.3,0.0
2024-05-14 00:00:00-04:00,82.33449363291572,82.52370208410657,81.48804716826652,82.2249526977539,533800,0.0,0.0
2024-05-15 00:00:00-04:00,82.8025302810448,83.91784510850968,82.40420030087344,83.35022735595703,301900,0.0,0.0
2024-05-16 00:00:00-04:00,83.17097303252301,83.4000152232054,82.2349063861766,83.27056121826172,400900,0.0,0.0
2024-05-17 00:00:00-04:00,83.3502209612966,83.81825808227654,82.7328167570353,83.49959564208984,404300,0.0,0.0
2024-05-20 00:00:00-04:00,83.49960046766458,83.64897515709042,82.22495063325374,82.34445190429688,367900,0.0,0.0
2024-05-21 00:00:00-04:00,81.9859510774129,82.16519917513972,81.06979751014785,81.28887176513672,454900,0.0,0.0
2024-05-22 00:00:00-04:00,81.38846095067576,81.61749554654975,80.20343142350659,80.79096221923828,417300,0.0,0.0
2024-05-23 00:00:00-04:00,81.02996449757829,81.08971133153054,79.44660502023655,79.70552062988281,243100,0.0,0.0
2024-05-24 00:00:00-04:00,79.86484993554498,80.03414529825362,79.24744571011956,79.37689971923828,168200,0.0,0.0
2024-05-28 00:00:00-04:00,79.28727909902098,79.51631369851746,78.62007318469797,78.95865631103516,208300,0.0,0.0
2024-05-29 00:00:00-04:00,78.2018332153284,78.3312948264441,77.45496735739897,77.90309143066406,195100,0.0,0.0
2024-05-30 00:00:00-04:00,77.82342085936783,78.97856939022577,77.41513055959537,78.95865631103516,397100,0.0,0.0
2024-05-31 00:00:00-04:00,79.2076123876441,80.77105123407338,79.13790521350441,80.67147064208984,526400,0.0,0.0
2024-06-03 00:00:00-04:00,81.44820971216996,81.64737089568733,79.66568900889447,80.46234893798828,548800,0.0,0.0
2024-06-04 00:00:00-04:00,80.1835124306958,80.56192931488658,79.59598162262799,80.25321960449219,332400,0.0,0.0
2024-06-05 00:00:00-04:00,80.59180217779658,80.62167559528766,79.16777769646288,79.6258544921875,370800,0.0,0.0
2024-06-06 00:00:00-04:00,79.78519248350989,80.10385494445575,79.34702875064221,79.67565155029297,307400,0.0,0.0
2024-06-07 00:00:00-04:00,79.39681897682817,79.63581391151078,78.93873458887784,79.01840209960938,234100,0.0,0.0
2024-06-10 00:00:00-04:00,78.52049569115387,79.0881134393786,78.13212605276392,78.77941131591797,232400,0.0,0.0
2024-06-11 00:00:00-04:00,78.36116620703665,78.92878394039914,78.17195776341175,78.89891052246094,346800,0.0,0.0
2024-06-12 00:00:00-04:00,79.63581580701754,79.92460484215917,78.3312925771641,78.68978118896484,337700,0.0,0.0
2024-06-13 00:00:00-04:00,78.65991124764922,78.65991124764922,77.57446983079275,77.61430358886719,237100,0.0,0.0
2024-06-14 00:00:00-04:00,76.97697746293107,77.96283826809446,76.78776901438499,77.90309143066406,542700,0.0,0.0
2024-06-17 00:00:00-04:00,77.8532921967825,78.84911327497235,77.5545428343208,78.6399917602539,359700,0.0,0.0
2024-06-18 00:00:00-04:00,78.51053395085036,78.95865801619365,77.71388160831606,78.42091369628906,444200,0.0,0.0
2024-06-20 00:00:00-04:00,78.43087439155785,79.1876929807806,77.86325665088464,78.83915710449219,343800,0.0,0.0
2024-06-21 00:00:00-04:00,79.11798687157594,79.66569153991783,78.72961723311984,79.65573120117188,808500,0.0,0.0
2024-06-24 00:00:00-04:00,79.55614818739163,80.21339376941873,79.55614818739163,79.7951431274414,249700,0.0,0.0
2024-06-25 00:00:00-04:00,79.88477248732582,79.88477248732582,78.16199858470858,78.17195892333984,329300,0.0,0.0
2024-06-26 00:00:00-04:00,77.90309210673685,78.81924574367804,77.75371741435217,78.3014144897461,342900,0.0,0.0
2024-06-27 00:00:00-04:00,78.37112221580146,79.11798808544701,77.72384454011866,78.92878723144531,391700,0.0,0.0
2024-06-28 00:00:00-04:00,79.2275257172934,79.67564977890308,78.83915608907233,78.89891052246094,532000,0.0,0.0
2024-07-01 00:00:00-04:00,78.89891209509719,79.92460665148509,78.58024963488432,79.9046859741211,629800,0.0,0.0
2024-07-02 00:00:00-04:00,80.05406257896915,81.33867278922686,79.98435540155265,80.01422882080078,554400,0.0,0.0
2024-07-03 00:00:00-04:00,79.68560064002013,80.52209431011724,79.39681920842195,79.66568756103516,280200,0.0,0.0
2024-07-05 00:00:00-04:00,79.66568668658739,79.91464195748297,79.2374833167465,79.49639892578125,262500,0.0,0.0
2024-07-08 00:00:00-04:00,79.29723133604088,79.44660602031374,78.77940770774191,79.20761108398438,298700,0.0,0.0
2024-07-09 00:00:00-04:00,79.16778110833015,79.16778110833015,78.35120807249693,78.55036926269531,293000,0.0,0.0
2024-07-10 00:00:00-04:00,78.649959039116,78.76945271663637,78.02258684208385,78.6798324584961,330600,0.0,0.0
2024-07-11 00:00:00-04:00,79.35698439346447,79.66568649743823,78.85907385285547,79.28727722167969,398600,0.0,0.0
2024-07-12 00:00:00-04:00,79.6059401804664,80.05405663091832,79.2872777363088,79.47647857666016,359600,0.0,0.0
2024-07-15 00:00:00-04:00,79.68559957615734,80.05405611131229,79.1279422018791,79.28727722167969,292700,0.0,0.0
2024-07-16 00:00:00-04:00,79.7353947780804,80.29305216011385,79.46652642531772,80.10385131835938,359100,0.0,0.0
2024-07-17 00:00:00-04:00,80.10385599188396,81.30879867551343,79.67565259212205,80.93038177490234,408900,0.0,0.0
2024-07-18 00:00:00-04:00,80.73121729548795,81.49799620929322,80.12376580899416,80.46234893798828,379100,0.0,0.0
2024-07-19 00:00:00-04:00,80.62167873283256,80.62167873283256,78.54041619316276,78.5702896118164,265100,0.0,0.0
2024-07-22 00:00:00-04:00,78.63999120706738,80.02418188821333,78.58024437400007,79.99430847167969,376100,0.0,0.0
2024-07-23 00:00:00-04:00,79.67564955976657,79.73539639547866,78.25162506103516,78.25162506103516,354800,0.0,0.0
2024-07-24 00:00:00-04:00,78.14208336516378,78.49061923259073,77.36534411846601,77.41513061523438,527300,0.0,0.0
2024-07-25 00:00:00-04:00,77.62425111906408,78.2615760104442,77.146261249285,77.47488403320312,680900,0.0,0.0
2024-07-26 00:00:00-04:00,77.74375398404398,78.5304535749753,77.74375398404398,78.0425033569336,413700,0.0,0.0
2024-07-29 00:00:00-04:00,77.84333303361143,78.94869505488668,77.84333303361143,78.35120391845703,494400,0.0,0.0
2024-07-30 00:00:00-04:00,78.61012301510148,78.74953736653214,78.08233902789796,78.15204620361328,340400,0.0,0.0
2024-07-31 00:00:00-04:00,78.600157815633,78.96861434877782,78.09228693967917,78.43087005615234,606000,0.0,0.0
2024-08-01 00:00:00-04:00,78.39103914790044,79.10803156410269,76.3595631678315,76.72801971435547,358400,0.0,0.0
2024-08-02 00:00:00-04:00,76.11061042631805,76.1604045225796,75.09487620118915,75.92140197753906,475700,0.0,0.0
2024-08-05 00:00:00-04:00,74.0193878344657,74.27829586301738,72.96381225013322,73.27252197265625,571700,0.0,0.0
2024-08-06 00:00:00-04:00,73.69076136006687,74.28825250024069,73.10323055819104,73.26255798339844,664000,0.0,0.0
2024-08-07 00:00:00-04:00,73.98951299681296,74.69654508740011,72.79452308232484,72.91402435302734,817100,0.0,0.0
2024-08-08 00:00:00-04:00,71.83853509402755,71.83853509402755,66.19223115877554,67.6760025024414,1144500,0.0,0.0
2024-08-09 00:00:00-04:00,68.14403858363576,68.14403858363576,66.5606790744788,67.29759216308594,806000,0.0,0.0
2024-08-12 00:00:00-04:00,67.30754782503283,67.31750816382792,66.07273172737581,66.47106170654297,484000,0.0,0.0
2024-08-13 00:00:00-04:00,66.5805982033991,69.22947833292461,66.5805982033991,69.14981842041016,806600,0.0,0.0
2024-08-14 00:00:00-04:00,69.29918538479984,69.8966841114509,68.51249341656566,69.8170166015625,739900,0.0,0.0
2024-08-15 00:00:00-04:00,70.67342811613335,71.60950242681457,70.51409308558658,71.5198745727539,751000,0.0,0.0
2024-08-16 00:00:00-04:00,71.4402037696372,71.64932528947126,71.14146199737942,71.48999786376953,471000,0.0,0.0
2024-08-19 00:00:00-04:00,71.75,72.37999725341797,71.47000122070312,71.93000030517578,429300,0.3,0.0
2024-08-20 00:00:00-04:00,71.79000091552734,72.58000183105469,71.54000091552734,72.47000122070312,764900,0.0,0.0
2024-08-21 00:00:00-04:00,72.69999694824219,73.68000030517578,72.48999786376953,73.55000305175781,422300,0.0,0.0
2024-08-22 00:00:00-04:00,73.6500015258789,73.9800033569336,71.61000061035156,71.9000015258789,928200,0.0,0.0
2024-08-23 00:00:00-04:00,72.31999969482422,72.83000183105469,71.22000122070312,71.56999969482422,835500,0.0,0.0
2024-08-26 00:00:00-04:00,71.87000274658203,72.30999755859375,70.27999877929688,71.06999969482422,1196400,0.0,0.0
2024-08-27 00:00:00-04:00,70.94999694824219,71.76000213623047,70.94999694824219,71.4000015258789,512300,0.0,0.0
2024-08-28 00:00:00-04:00,71.27999877929688,71.27999877929688,70.0199966430664,70.05000305175781,572700,0.0,0.0
2024-08-29 00:00:00-04:00,70.55000305175781,72.11000061035156,70.55000305175781,71.55000305175781,486300,0.0,0.0
2024-08-30 00:00:00-04:00,71.44000244140625,71.7699966430664,70.80000305175781,71.36000061035156,1058100,0.0,0.0
2024-09-03 00:00:00-04:00,71.0999984741211,71.38999938964844,70.30000305175781,70.33000183105469,544600,0.0,0.0
2024-09-04 00:00:00-04:00,70.08000183105469,71.2300033569336,70.08000183105469,70.68000030517578,369600,0.0,0.0
2024-09-05 00:00:00-04:00,70.54000091552734,70.61000061035156,68.95999908447266,69.19000244140625,329700,0.0,0.0
2024-09-06 00:00:00-04:00,69.12999725341797,69.41000366210938,68.33999633789062,68.4800033569336,420100,0.0,0.0
2024-09-09 00:00:00-04:00,68.44999694824219,69.33999633789062,68.44999694824219,69.11000061035156,395900,0.0,0.0
2024-09-10 00:00:00-04:00,69.05000305175781,69.56999969482422,68.70999908447266,69.33000183105469,319800,0.0,0.0
2024-09-11 00:00:00-04:00,69.08000183105469,69.66000366210938,68.63999938964844,69.55000305175781,383800,0.0,0.0
2024-09-12 00:00:00-04:00,69.5,69.80000305175781,68.8499984741211,69.72000122070312,259500,0.0,0.0
2024-09-13 00:00:00-04:00,70.0199966430664,71.75,69.76000213623047,71.69999694824219,325800,0.0,0.0
2024-09-16 00:00:00-04:00,71.94999694824219,72.41999816894531,70.47000122070312,71.69999694824219,296900,0.0,0.0
2024-09-17 00:00:00-04:00,72.13999938964844,72.30999755859375,71.0999984741211,71.87999725341797,345200,0.0,0.0
2024-09-18 00:00:00-04:00,71.97000122070312,73.54000091552734,71.5999984741211,72.68000030517578,379000,0.0,0.0
2024-09-19 00:00:00-04:00,73.58000183105469,73.80000305175781,71.45999908447266,72.61000061035156,379600,0.0,0.0
2024-09-20 00:00:00-04:00,72.75,73.4800033569336,72.58000183105469,73.26000213623047,1031200,0.0,0.0
2024-09-23 00:00:00-04:00,73.4000015258789,73.7699966430664,72.51000213623047,72.8499984741211,275800,0.0,0.0
2024-09-24 00:00:00-04:00,73.22000122070312,74.37000274658203,72.94999694824219,74.30000305175781,379700,0.0,0.0
2024-09-25 00:00:00-04:00,74.33999633789062,75.23999786376953,73.94000244140625,74.98999786376953,674300,0.0,0.0
2024-09-26 00:00:00-04:00,75.83000183105469,75.8499984741211,74.6500015258789,75.83999633789062,402900,0.0,0.0
2024-09-27 00:00:00-04:00,76.30999755859375,76.70999908447266,75.55999755859375,75.61000061035156,307300,0.0,0.0
2024-09-30 00:00:00-04:00,75.62000274658203,76.5999984741211,75.27999877929688,76.52999877929688,494800,0.0,0.0
2024-10-01 00:00:00-04:00,76.33999633789062,76.33999633789062,75.3499984741211,75.8499984741211,266100,0.0,0.0
2024-10-02 00:00:00-04:00,75.9000015258789,77.23999786376953,75.70999908447266,76.69000244140625,407000,0.0,0.0
2024-10-03 00:00:00-04:00,76.22000122070312,76.58000183105469,75.38999938964844,75.62000274658203,372300,0.0,0.0
2024-10-04 00:00:00-04:00,76.29000091552734,76.29000091552734,75.0999984741211,75.70999908447266,203300,0.0,0.0
2024-10-07 00:00:00-04:00,75.43000030517578,75.54000091552734,74.5,74.73999786376953,201500,0.0,0.0
2024-10-08 00:00:00-04:00,74.76000213623047,75.11000061035156,73.94000244140625,74.16999816894531,302000,0.0,0.0
2024-10-09 00:00:00-04:00,74.41000366210938,74.73999786376953,73.6500015258789,73.87000274658203,296700,0.0,0.0
2024-10-10 00:00:00-04:00,73.76000213623047,73.87999725341797,73.22000122070312,73.27999877929688,270700,0.0,0.0
2024-10-11 00:00:00-04:00,73.0999984741211,74.16000366210938,73.0999984741211,74.05999755859375,378000,0.0,0.0
2024-10-14 00:00:00-04:00,74.36000061035156,74.5999984741211,74.01000213623047,74.36000061035156,266400,0.0,0.0
2024-10-15 00:00:00-04:00,74.19999694824219,74.7699966430664,73.37000274658203,73.5,318400,0.0,0.0
2024-10-16 00:00:00-04:00,73.9000015258789,74.44999694824219,73.45999908447266,74.0199966430664,313400,0.0,0.0
2024-10-17 00:00:00-04:00,73.95999908447266,74.29000091552734,72.95999908447266,74.05999755859375,247200,0.0,0.0
2024-10-18 00:00:00-04:00,73.5199966430664,74.83000183105469,73.5199966430664,74.81999969482422,265300,0.0,0.0
2024-10-21 00:00:00-04:00,74.62999725341797,74.83999633789062,73.69000244140625,74.26000213623047,253400,0.0,0.0
2024-10-22 00:00:00-04:00,74.13999938964844,74.13999938964844,73.23999786376953,73.27999877929688,204200,0.0,0.0
2024-10-23 00:00:00-04:00,73.19999694824219,73.54000091552734,72.05999755859375,72.69000244140625,380000,0.0,0.0
2024-10-24 00:00:00-04:00,73.06999969482422,73.13999938964844,72.4000015258789,72.5199966430664,179300,0.0,0.0
2024-10-25 00:00:00-04:00,72.66000366210938,73.3499984741211,72.56999969482422,72.79000091552734,178300,0.0,0.0
2024-10-28 00:00:00-04:00,73.11000061035156,73.80000305175781,72.83000183105469,73.0,188900,0.0,0.0
2024-10-29 00:00:00-04:00,72.87000274658203,73.87999725341797,72.70999908447266,73.68000030517578,233700,0.0,0.0
2024-10-30 00:00:00-04:00,73.33999633789062,74.2699966430664,73.18000030517578,73.4000015258789,229900,0.0,0.0
2024-10-31 00:00:00-04:00,73.33999633789062,73.86000061035156,72.86000061035156,72.9000015258789,190200,0.0,0.0
2024-11-01 00:00:00-04:00,72.9000015258789,73.83000183105469,72.9000015258789,73.6500015258789,198700,0.0,0.0
2024-11-04 00:00:00-05:00,73.7300033569336,74.45999908447266,73.2699966430664,73.38999938964844,183300,0.0,0.0
2024-11-05 00:00:00-05:00,73.43000030517578,74.80000305175781,73.43000030517578,74.52999877929688,214800,0.0,0.0
2024-11-06 00:00:00-05:00,76.69000244140625,76.76000213623047,74.8499984741211,75.47000122070312,290400,0.0,0.0
2024-11-07 00:00:00-05:00,76.0,76.04000091552734,75.29000091552734,75.86000061035156,234500,0.0,0.0
2024-11-08 00:00:00-05:00,75.45999908447266,75.76000213623047,74.6500015258789,75.1500015258789,264800,0.0,0.0
