Date,Open,High,Low,Close,Volume,Dividends,Stock Splits
2022-01-03 00:00:00-05:00,37.806456694675916,37.84334188688645,36.93967578312157,37.40073013305664,29200,0.0,0.0
2022-01-04 00:00:00-05:00,37.520602927201004,37.5482685810234,37.0503290230081,37.27163314819336,31500,0.0,0.0
2022-01-05 00:00:00-05:00,37.17020775339266,37.33618762218748,35.69483153272381,35.787044525146484,29000,0.0,0.0
2022-01-06 00:00:00-05:00,35.796269237211085,36.22043851093854,35.049359719725906,36.05445861816406,26700,0.0,0.0
2022-01-07 00:00:00-05:00,36.2019863189115,36.22042891517456,35.12312081926429,35.141563415527344,29900,0.0,0.0
2022-01-10 00:00:00-05:00,35.03091551093257,35.07702024827645,34.247120905822754,34.901817321777344,36000,0.0,0.0
2022-01-11 00:00:00-05:00,35.095463774073345,35.57496079376482,34.52375375969154,34.76350402832031,65200,0.0,0.0
2022-01-12 00:00:00-05:00,35.11389809098369,35.65793880229085,34.35776578313005,34.41309356689453,27400,0.0,0.0
2022-01-13 00:00:00-05:00,34.532967491176436,34.966356137688805,34.44997757715234,34.643619537353516,24400,0.0,0.0
2022-01-14 00:00:00-05:00,34.431544775242045,34.588301592109495,33.88750041026575,34.08114242553711,22000,0.0,0.0
2022-01-18 00:00:00-05:00,33.712292315623046,34.468421100422034,32.73485591493804,33.42643737792969,44600,0.0,0.0
2022-01-19 00:00:00-05:00,33.361897563535564,33.77684723821954,32.64265380579401,32.73486328125,70700,0.0,0.0
2022-01-20 00:00:00-05:00,32.96538966557172,33.3250115354765,32.26458852390675,32.4766731262207,37500,0.0,0.0
2022-01-21 00:00:00-05:00,32.23691989062588,32.93772448513308,31.923402786254883,31.923402786254883,57200,0.0,0.0
2022-01-24 00:00:00-05:00,31.545342686901144,32.69797874109279,30.909088851311147,32.4951171875,52600,0.0,0.0
2022-01-25 00:00:00-05:00,32.163149938985775,32.181592533659014,31.213375659923003,31.563777923583984,36900,0.0,0.0
2022-01-26 00:00:00-05:00,32.13548579605772,32.39367861603273,30.927525687585394,31.43468475341797,46700,0.0,0.0
2022-01-27 00:00:00-05:00,31.536123685834173,32.23692487104553,31.038184057686912,31.148836135864258,31500,0.0,0.0
2022-01-28 00:00:00-05:00,31.259494157755398,31.46235573056423,30.23595268186781,31.351703643798828,40000,0.0,0.0
2022-01-31 00:00:00-05:00,31.111952859271298,32.23692321777344,31.111952859271298,32.23692321777344,36700,0.0,0.0
2022-02-01 00:00:00-05:00,32.27380390468225,32.38445596172283,31.407023008994354,31.858854293823242,30300,0.0,0.0
2022-02-02 00:00:00-05:00,31.794315508426845,31.794315508426845,31.130395952701615,31.351703643798828,35200,0.0,0.0
2022-02-03 00:00:00-05:00,31.056621781532943,31.628328199526667,30.34659764935683,30.4941349029541,46200,0.0,0.0
2022-02-04 00:00:00-05:00,30.143733753079818,30.171399407507906,29.415268755584236,29.7933349609375,36700,0.0,0.0
2022-02-07 00:00:00-05:00,29.673457343462154,30.208278544035807,29.101749193013692,29.885541915893555,73100,0.0,0.0
2022-02-08 00:00:00-05:00,30.060745638415636,30.724665103690672,29.857884093243996,30.23594856262207,101100,0.0,0.0
2022-02-09 00:00:00-05:00,30.429592656489852,30.660119873584474,30.235950638346253,30.632457733154297,44400,0.0,0.0
2022-02-10 00:00:00-05:00,29.959319687111126,30.30971853621055,29.544369978897286,29.784116744995117,67200,0.0,0.0
2022-02-11 00:00:00-05:00,29.996195419309743,30.282050387721537,29.57202625397528,30.051523208618164,65900,0.0,0.0
2022-02-14 00:00:00-05:00,30.014643969828775,30.272836853587552,29.756454603636296,29.784116744995117,63400,0.0,0.0
2022-02-15 00:00:00-05:00,29.802553030096952,31.001293641712333,29.747225241536654,30.88142204284668,104900,0.0,0.0
2022-02-16 00:00:00-05:00,30.881422250576065,31.61910851518113,29.32305627918445,29.4337100982666,50000,0.0,0.0
2022-02-17 00:00:00-05:00,29.09253625940573,29.09253625940573,27.44196217671072,28.170427322387695,164200,0.0,0.0
2022-02-18 00:00:00-05:00,28.336405808649292,28.640701672438865,27.497286858236123,27.53417205810547,50000,0.0,0.0
2022-02-22 00:00:00-05:00,27.644821611309144,27.884570112179258,27.38663227097438,27.626379013061523,103300,0.0,0.0
2022-02-23 00:00:00-05:00,28.004446174265592,28.004446174265592,26.9532409033357,26.971683502197266,91300,0.0,0.0
2022-02-24 00:00:00-05:00,26.33542646304468,27.709368344557284,26.14178446199943,27.690927505493164,54700,0.0,0.0
2022-02-25 00:00:00-05:00,27.60743654628731,28.869067267538263,27.551776887817013,28.850513458251953,54800,0.18,0.0
2022-02-28 00:00:00-05:00,28.609319386752396,29.58337137703395,28.609319386752396,29.4813289642334,65100,0.0,0.0
2022-03-01 00:00:00-05:00,29.407113749771522,29.796733107235703,29.37928303735756,29.6112003326416,81700,0.0,0.0
2022-03-02 00:00:00-05:00,29.870949967379687,30.483211518727725,29.70396922257774,30.31623077392578,37400,0.0,0.0
2022-03-03 00:00:00-05:00,30.613083919563664,31.141855085981227,30.52959354914104,30.928491592407227,44800,0.0,0.0
2022-03-04 00:00:00-05:00,30.65946957796772,31.104750416163043,30.214188739772396,30.993431091308594,41600,0.0,0.0
2022-03-07 00:00:00-05:00,30.845003128051758,31.188239765987436,30.538870571325603,30.845003128051758,50800,0.0,0.0
2022-03-08 00:00:00-05:00,30.770791304049386,31.15113914297315,30.24202004625569,30.455387115478516,91700,0.0,0.0
2022-03-09 00:00:00-05:00,31.00270580084536,31.00270580084536,30.232742134589827,30.603811264038086,42900,0.0,0.0
2022-03-10 00:00:00-05:00,30.223466588549947,30.399722476317756,29.685416712031213,30.390443801879883,39500,0.0,0.0
2022-03-11 00:00:00-05:00,30.483207357421772,30.993424657431767,29.908053503161963,30.139970779418945,50700,0.0,0.0
2022-03-14 00:00:00-04:00,30.102869883159645,30.102869883159645,28.210423637309898,28.82268524169922,84100,0.0,0.0
2022-03-15 00:00:00-04:00,28.96183452832158,29.28651913293141,28.600044072281666,29.18447494506836,54700,0.0,0.0
2022-03-16 00:00:00-04:00,29.58337328447145,29.84311955495349,29.07315587940564,29.564821243286133,90400,0.0,0.0
2022-03-17 00:00:00-04:00,29.574097917789704,30.362617214323457,29.574097917789704,30.18636131286621,85800,0.0,0.0
2022-03-18 00:00:00-04:00,30.334782504200867,33.266216933804756,29.796732688097418,32.069522857666016,452400,0.0,0.0
2022-03-21 00:00:00-04:00,31.967482968775332,32.004590589780236,30.715130839468852,31.281009674072266,104700,0.0,0.0
2022-03-22 00:00:00-04:00,31.355217138554547,31.76339383687411,31.308834387957422,31.485090255737305,139500,0.0,0.0
2022-03-23 00:00:00-04:00,31.71700609126909,31.71700609126909,30.399717633151226,30.408992767333984,28300,0.0,0.0
2022-03-24 00:00:00-04:00,30.353342631265175,30.575981296240496,30.09359280375693,30.53887367248535,29900,0.0,0.0
2022-03-25 00:00:00-04:00,30.55742640559359,31.00270725860225,30.306955262255403,30.974878311157227,42500,0.0,0.0
2022-03-28 00:00:00-04:00,30.937769537811896,30.937769537811896,30.13069824293074,30.613086700439453,25800,0.0,0.0
2022-03-29 00:00:00-04:00,30.780063933987666,31.2717274711079,30.761510125578603,30.87282943725586,52800,0.0,0.0
2022-03-30 00:00:00-04:00,30.984159423730038,31.114032573727684,30.297682509599426,30.43683433532715,42400,0.0,0.0
2022-03-31 00:00:00-04:00,30.288403765118364,30.68730184333025,29.870951876434127,29.898780822753906,56900,0.0,0.0
2022-04-01 00:00:00-04:00,30.102866546524755,30.102866546524755,29.574093610990303,29.926607131958008,58200,0.0,0.0
2022-04-04 00:00:00-04:00,29.85239630484596,29.85239630484596,29.165921282365563,29.4813289642334,43000,0.0,0.0
2022-04-05 00:00:00-04:00,29.25869090328923,29.51843717782762,28.74847172086679,29.323627471923828,83700,0.0,0.0
2022-04-06 00:00:00-04:00,29.175198491111743,29.175198491111743,28.535106216016278,28.69281005859375,48900,0.0,0.0
2022-04-07 00:00:00-04:00,28.804131399469636,29.314350582164874,28.590767882587947,29.156646728515625,143900,0.0,0.0
2022-04-08 00:00:00-04:00,29.397835643283976,29.768902946684353,29.09170489680511,29.249408721923828,39600,0.0,0.0
2022-04-11 00:00:00-04:00,28.98966583118825,29.51843705284692,28.93400616822123,29.02677345275879,33600,0.0,0.0
2022-04-12 00:00:00-04:00,29.34217601098136,30.204910419281358,29.34217601098136,29.83384132385254,64100,0.0,0.0
2022-04-13 00:00:00-04:00,29.81528971004485,30.44610509544479,29.694691714336134,30.093589782714844,47900,0.0,0.0
2022-04-14 00:00:00-04:00,30.22346585529217,30.22346585529217,29.564819767891393,29.824567794799805,41900,0.0,0.0
2022-04-18 00:00:00-04:00,29.852398413136836,29.852398413136836,29.138092626142736,29.19375228881836,27700,0.0,0.0
2022-04-19 00:00:00-04:00,29.267962697884805,30.10286639755023,29.267962697884805,30.047204971313477,63200,0.0,0.0
2022-04-20 00:00:00-04:00,30.427548350423663,30.993427115575837,30.408994542198354,30.78006362915039,36100,0.0,0.0
2022-04-21 00:00:00-04:00,30.78006806787431,31.123304722597226,30.195635410217115,30.28840446472168,33400,0.0,0.0
2022-04-22 00:00:00-04:00,30.297680021214177,30.297680021214177,28.99894331973764,29.082433700561523,26600,0.0,0.0
2022-04-25 00:00:00-04:00,28.887620042521384,29.147368070973474,28.293912285360815,29.036046981811523,26900,0.0,0.0
2022-04-26 00:00:00-04:00,28.83196144316788,28.8783441998814,28.27535951566188,28.303190231323242,30300,0.0,0.0
2022-04-27 00:00:00-04:00,28.377399166779178,28.94327790903413,28.377399166779178,28.497995376586914,29500,0.0,0.0
2022-04-28 00:00:00-04:00,28.841236551540444,29.29579426269064,28.17331534177888,29.100984573364258,33500,0.0,0.0
2022-04-29 00:00:00-04:00,28.87834373374398,29.34217837094724,28.47017052696499,28.62787437438965,45500,0.0,0.0
2022-05-02 00:00:00-04:00,28.77629984120166,29.221580645431146,27.950673026130605,28.553659439086914,49000,0.0,0.0
2022-05-03 00:00:00-04:00,28.79485724461049,28.79485724461049,28.061997614624392,28.256807327270508,28300,0.0,0.0
2022-05-04 00:00:00-04:00,29.96371547329429,33.665117264485964,29.96371547329429,33.581626892089844,155000,0.0,0.0
2022-05-05 00:00:00-04:00,33.136346395627356,33.256940848945604,31.41088104248047,31.41088104248047,79500,0.0,0.0
2022-05-06 00:00:00-04:00,31.531479773157788,31.531479773157788,30.548149081455605,31.21607208251953,79100,0.0,0.0
2022-05-09 00:00:00-04:00,31.076924981169096,31.503652056976954,29.759636128341906,30.269853591918945,108700,0.0,0.0
2022-05-10 00:00:00-04:00,30.529596851713958,30.872833505569332,29.481331309905023,29.49060821533203,59100,0.0,0.0
2022-05-11 00:00:00-04:00,29.518433932431595,30.019376154346173,29.14736660289594,29.379283905029297,51300,0.0,0.0
2022-05-12 00:00:00-04:00,29.175195891315504,30.02864982287345,29.175195891315504,29.889501571655273,46700,0.0,0.0
2022-05-13 00:00:00-04:00,30.08540735533401,30.96231407155089,29.898830473956924,30.71976661682129,70700,0.18,0.0
2022-05-16 00:00:00-04:00,30.645133741753135,31.214191615576212,30.374601006518475,30.934328079223633,40100,0.0,0.0
2022-05-17 00:00:00-04:00,31.120910718546366,32.137751150538556,31.036951286229264,32.02580642700195,34500,0.0,0.0
2022-05-18 00:00:00-04:00,31.71795018587098,32.07244591966676,31.046274807870155,31.204866409301758,43400,0.0,0.0
2022-05-19 00:00:00-04:00,30.803729913769846,31.410100406266316,30.449234150387337,30.710439682006836,42800,0.0,0.0
2022-05-20 00:00:00-04:00,31.064935178495553,31.307486220337044,29.973466166184156,30.8223876953125,39300,0.0,0.0
2022-05-23 00:00:00-04:00,31.11157713502424,31.32614287739172,29.702928517226205,29.79621696472168,47100,0.0,0.0
2022-05-24 00:00:00-04:00,29.665610020739837,30.18802457261722,29.171184313969206,30.178693771362305,57500,0.0,0.0
2022-05-25 00:00:00-04:00,30.253326892532098,30.88768616869347,30.188025516338257,30.505205154418945,32300,0.0,0.0
2022-05-26 00:00:00-04:00,30.878355924388764,31.717950145829878,30.878355924388764,31.568689346313477,45700,0.0,0.0
2022-05-27 00:00:00-04:00,31.885864606174884,32.5295510483414,31.885864606174884,32.417606353759766,21000,0.0,0.0
2022-05-31 00:00:00-04:00,32.30566340518231,32.30566340518231,31.260834337092188,31.969825744628906,88700,0.0,0.0
2022-06-01 00:00:00-04:00,31.8858686613919,32.66948874043885,31.76459315095443,32.40828323364258,86400,0.0,0.0
2022-06-02 00:00:00-04:00,32.39894963430595,33.294514344837665,32.39894963430595,33.08928298950195,28000,0.0,0.0
2022-06-03 00:00:00-04:00,32.790765967670524,33.238548385047444,32.790765967670524,33.042640686035156,32300,0.0,0.0
2022-06-06 00:00:00-04:00,33.39713213410523,33.67699566409855,33.02398194700009,33.2572021484375,40300,0.0,0.0
2022-06-07 00:00:00-04:00,32.856062135655634,33.844913482666016,32.856062135655634,33.844913482666016,38600,0.0,0.0
2022-06-08 00:00:00-04:00,33.52773575877543,33.62102597699717,32.007142567669575,32.10975646972656,37500,0.0,0.0
2022-06-09 00:00:00-04:00,31.895198830047722,32.520230925489585,31.643320543107727,31.717952728271484,16900,0.0,0.0
2022-06-10 00:00:00-04:00,31.036947332126555,31.036947332126555,30.07608116364618,30.486547470092773,26900,0.0,0.0
2022-06-13 00:00:00-04:00,29.768224703677046,29.768224703677046,29.161852569730367,29.404401779174805,42400,0.0,0.0
2022-06-14 00:00:00-04:00,29.525677933043802,29.768227162522727,29.199169286463366,29.7402400970459,35300,0.0,0.0
2022-06-15 00:00:00-04:00,30.188026636327614,30.383930772177262,29.525680268940224,30.26265525817871,84500,0.0,0.0
2022-06-16 00:00:00-04:00,29.693596333471458,29.693596333471458,27.977095487872045,28.574138641357422,96000,0.0,0.0
2022-06-17 00:00:00-04:00,29.124540464474684,30.094735655470668,28.770046512596885,29.301788330078125,167000,0.0,0.0
2022-06-21 00:00:00-04:00,29.852188110351562,30.18802579597832,29.572324558548644,29.852188110351562,81100,0.0,0.0
2022-06-22 00:00:00-04:00,29.43238725229183,30.309297443816327,29.43238725229183,30.216007232666016,74400,0.0,0.0
2022-06-23 00:00:00-04:00,30.03876512573011,30.82238520931118,29.94547490229299,30.477216720581055,34200,0.0,0.0
2022-06-24 00:00:00-04:00,30.710435588974548,31.727275848388672,30.710435588974548,31.727275848388672,66100,0.0,0.0
2022-06-27 00:00:00-04:00,31.801910084949395,32.09110444562655,31.344796877254307,31.456745147705078,35000,0.0,0.0
2022-06-28 00:00:00-04:00,31.820566135423512,31.997812214539618,30.579832905636746,30.635807037353516,20700,0.0,0.0
2022-06-29 00:00:00-04:00,30.766407680806015,31.111572572796113,30.346610618300353,31.102245330810547,33200,0.0,0.0
2022-06-30 00:00:00-04:00,30.589164624327218,31.792581802394842,30.458561871729138,31.503387451171875,31600,0.0,0.0
2022-07-01 00:00:00-04:00,31.232855285851596,31.59667830451961,31.13023780701527,31.48473358154297,19100,0.0,0.0
2022-07-05 00:00:00-04:00,30.775737483952145,31.512710571289062,30.262650224932106,31.512710571289062,32800,0.0,0.0
2022-07-06 00:00:00-04:00,31.354125095261953,31.736606091136686,30.934328012312143,31.30748176574707,25200,0.0,0.0
2022-07-07 00:00:00-04:00,31.661976742795066,32.52955627210287,31.661976742795066,32.35231018066406,28100,0.0,0.0
2022-07-08 00:00:00-04:00,32.21237271262232,32.34297545453724,31.717947030042165,31.895193099975586,33500,0.0,0.0
2022-07-11 00:00:00-04:00,31.624668048892215,32.41761549361796,31.288830311803157,31.3541316986084,41300,0.0,0.0
2022-07-12 00:00:00-04:00,31.148891277209273,31.773923302530818,30.738424980832864,30.887685775756836,28100,0.0,0.0
2022-07-13 00:00:00-04:00,30.346614835515894,31.055606319310037,29.97346460705531,30.169368743896484,38100,0.0,0.0
2022-07-14 00:00:00-04:00,29.52567944702878,30.066750285355738,28.975279586397846,29.852188110351562,38500,0.0,0.0
2022-07-15 00:00:00-04:00,30.430573804924915,30.85037091949552,29.88017393441194,30.738426208496094,34200,0.0,0.0
2022-07-18 00:00:00-04:00,30.943660396414977,31.120910060144812,30.39326403456325,30.607826232910156,16900,0.0,0.0
2022-07-19 00:00:00-04:00,30.897017399996255,31.717953667823135,30.897017399996255,31.578020095825195,22000,0.0,0.0
2022-07-20 00:00:00-04:00,31.652650926212807,32.035131973463386,31.578018742037862,31.923187255859375,21100,0.0,0.0
2022-07-21 00:00:00-04:00,31.91384953803947,32.85606108645742,31.91384953803947,32.43626403808594,16400,0.0,0.0
2022-07-22 00:00:00-04:00,32.56687299015778,32.65083241585918,31.568690683851322,31.867212295532227,28300,0.0,0.0
2022-07-25 00:00:00-04:00,31.699287571275725,32.01646716975585,31.40076601490122,31.419424057006836,23200,0.0,0.0
2022-07-26 00:00:00-04:00,31.48472711279955,31.867208099823543,31.13956221198713,31.708620071411133,14700,0.0,0.0
2022-07-27 00:00:00-04:00,32.06311674657522,32.34298031540508,31.67130846194508,31.857885360717773,24100,0.0,0.0
2022-07-28 00:00:00-04:00,32.18439289655518,33.14525913991352,31.689967129958507,33.00532913208008,24500,0.0,0.0
2022-07-29 00:00:00-04:00,33.27586219966464,33.546398532668036,32.79076723114203,33.350494384765625,15300,0.0,0.0
2022-08-01 00:00:00-04:00,33.34116528841926,34.787129987153335,33.34116528841926,33.8076057434082,33100,0.0,0.0
2022-08-02 00:00:00-04:00,34.815114216139136,34.815114216139136,33.46243622610617,33.854248046875,13800,0.0,0.0
2022-08-03 00:00:00-04:00,32.53888492242993,32.828075707304556,29.068567034670224,29.6282958984375,70200,0.0,0.0
2022-08-04 00:00:00-04:00,29.861515216490233,29.861515216490233,29.08722594142829,29.67494010925293,32600,0.0,0.0
2022-08-05 00:00:00-04:00,29.37642190699825,30.523866867044504,29.283133452940852,30.421249389648438,27900,0.0,0.0
2022-08-08 00:00:00-04:00,30.52386226659849,30.75708247692725,29.44171885369037,29.814870834350586,27000,0.0,0.0
2022-08-09 00:00:00-04:00,29.525680985339612,29.945476334915654,28.826020290050383,29.049911499023438,20400,0.0,0.0
2022-08-10 00:00:00-04:00,29.665609863272877,30.048090863560265,29.273799841109096,29.824199676513672,15500,0.0,0.0
2022-08-11 00:00:00-04:00,30.244001260597088,30.589169803659203,30.16004538427565,30.439908981323242,28000,0.0,0.0
2022-08-12 00:00:00-04:00,30.271055353657644,31.0684012010592,29.980256822592096,30.993358612060547,21700,0.18,0.0
2022-08-15 00:00:00-04:00,30.890168475213457,31.199724935198212,30.683795116291748,30.946453094482422,25100,0.0,0.0
2022-08-16 00:00:00-04:00,30.92769205053755,31.396719816771252,30.61813200719233,31.256010055541992,17600,0.0,0.0
2022-08-17 00:00:00-04:00,30.871409557923037,31.068400374501664,30.167867860086687,30.32733917236328,15200,0.0,0.0
2022-08-18 00:00:00-04:00,30.177246288011926,31.265394195967435,30.177246288011926,31.14344596862793,21900,0.0,0.0
2022-08-19 00:00:00-04:00,30.82450487504994,31.649994732333205,30.505565855990344,31.227869033813477,22600,0.0,0.0
2022-08-22 00:00:00-04:00,30.974594256330636,30.974594256330636,29.72698046388262,30.08344078063965,22200,0.0,0.0
2022-08-23 00:00:00-04:00,29.923972584023648,30.646274019380815,29.830166668372357,29.895832061767578,15400,0.0,0.0
2022-08-24 00:00:00-04:00,29.89583214596317,30.646274105689876,29.68945877310932,30.055301666259766,11600,0.0,0.0
2022-08-25 00:00:00-04:00,30.04592178598005,30.81512714452477,29.755125030988573,30.599374771118164,16900,0.0,0.0
2022-08-26 00:00:00-04:00,30.458664128337723,30.93707087295131,28.910871076332963,28.920251846313477,19000,0.0,0.0
2022-08-29 00:00:00-04:00,28.516886844011093,28.60131198215248,27.87900881769787,27.888389587402344,16900,0.0,0.0
2022-08-30 00:00:00-04:00,27.803965931202846,28.39494192969139,27.72892155876609,28.301136016845703,22300,0.0,0.0
2022-08-31 00:00:00-04:00,28.03847619714843,28.50750391159627,27.77582182214483,28.216707229614258,27400,0.0,0.0
2022-09-01 00:00:00-04:00,28.029099299817606,28.076003151260466,27.71016205600108,27.972816467285156,34700,0.0,0.0
2022-09-02 00:00:00-04:00,28.413704907625434,28.760784476755493,27.381843392516195,27.46626853942871,22600,0.0,0.0
2022-09-06 00:00:00-04:00,27.381841469974255,27.5600707327654,26.743963422177277,27.344318389892578,19800,0.0,0.0
2022-09-07 00:00:00-04:00,27.306797468338683,27.74768293006779,27.081664352400484,27.700780868530273,16700,0.0,0.0
2022-09-08 00:00:00-04:00,27.241133866506576,28.03847964783809,27.175468475475512,27.700780868530273,14600,0.0,0.0
2022-09-09 00:00:00-04:00,28.01971825151549,28.507505746140808,27.9071508055565,28.338655471801758,20400,0.0,0.0
2022-09-12 00:00:00-04:00,28.33865916779484,28.413705334354425,27.75706569055075,27.860252380371094,17500,0.0,0.0
2022-09-13 00:00:00-04:00,27.297416050176025,27.297416050176025,26.143608187433472,26.303077697753906,26800,0.0,0.0
2022-09-14 00:00:00-04:00,26.50944877029231,26.978476522514327,26.38750055276321,26.8377685546875,34800,0.0,0.0
2022-09-15 00:00:00-04:00,26.55635263076337,26.781485752393554,26.01228047285734,26.27493667602539,32700,0.0,0.0
2022-09-16 00:00:00-04:00,25.880951944572402,28.423081545412337,25.374401104866177,27.513168334960938,128200,0.0,0.0
2022-09-19 00:00:00-04:00,27.400601560508488,28.076002696760263,26.772106064139248,27.17546844482422,28700,0.0,0.0
2022-09-20 00:00:00-04:00,26.734586715698242,27.184853009923245,26.23741656424196,26.734586715698242,34600,0.0,0.0
2022-09-21 00:00:00-04:00,27.137944502720977,27.606972228549687,26.500066509322124,26.706438064575195,26600,0.0,0.0
2022-09-22 00:00:00-04:00,26.884671464289298,26.884671464289298,26.087323902460973,26.134227752685547,30400,0.0,0.0
2022-09-23 00:00:00-04:00,25.80590775806455,26.18112961096065,25.046083282300074,25.130508422851562,28500,0.0,0.0
2022-09-26 00:00:00-04:00,24.93351832627065,25.440069220256756,24.567677206746755,25.036705017089844,30800,0.0,0.0
2022-09-27 00:00:00-04:00,25.055463186179402,25.374402220191335,24.623958486750904,24.74590492248535,32300,0.0,0.0
2022-09-28 00:00:00-04:00,25.0836050829797,25.730863910634604,25.0836050829797,25.562013626098633,35600,0.0,0.0
2022-09-29 00:00:00-04:00,25.252457301864773,25.252457301864773,24.614579195511126,24.877235412597656,16200,0.0,0.0
2022-09-30 00:00:00-04:00,24.980421749835994,25.46821112852219,24.680244221167317,25.168033599853516,42700,0.0,0.0
2022-10-03 00:00:00-04:00,25.63705808738865,26.52821157478462,25.63705808738865,26.40626335144043,28900,0.0,0.0
2022-10-04 00:00:00-04:00,26.847151662590544,27.39122383098411,26.284317953066395,26.82839012145996,58700,0.0,0.0
2022-10-05 00:00:00-04:00,26.678300669164916,27.297417196598786,26.556352444222462,26.640777587890625,31000,0.0,0.0
2022-10-06 00:00:00-04:00,26.57511740984166,26.57511740984166,26.152991637097575,26.368745803833008,23800,0.0,0.0
2022-10-07 00:00:00-04:00,26.218654739083203,26.218654739083203,25.308739661877677,25.571395874023438,84200,0.0,0.0
2022-10-10 00:00:00-04:00,25.57139288649704,26.256172965174752,25.477586979604467,26.19989013671875,40900,0.0,0.0
2022-10-11 00:00:00-04:00,26.08732115302589,26.08732115302589,24.97103647331437,25.13988494873047,58500,0.0,0.0
2022-10-12 00:00:00-04:00,25.121128785294577,25.121128785294577,24.398825567660122,24.502012252807617,47700,0.0,0.0
2022-10-13 00:00:00-04:00,24.192455228636835,26.6313984022227,24.11740906162277,26.528213500976562,54500,0.0,0.0
2022-10-14 00:00:00-04:00,26.66891885395328,26.884671195230265,25.890332840006796,26.05918312072754,38400,0.0,0.0
2022-10-17 00:00:00-04:00,26.640777149503265,27.222372375291396,26.49068840527387,26.93157386779785,27200,0.0,0.0
2022-10-18 00:00:00-04:00,27.531931719461998,27.76644561521687,26.79086695006106,27.072284698486328,37200,0.0,0.0
2022-10-19 00:00:00-04:00,26.83776653818812,26.83776653818812,26.106082655586437,26.67829704284668,24400,0.0,0.0
2022-10-20 00:00:00-04:00,26.312458572916924,26.847151761922557,25.98414054791221,26.18113136291504,20100,0.0,0.0
2022-10-21 00:00:00-04:00,26.45316552609984,27.212989971806444,26.218651653667035,27.128564834594727,28300,0.0,0.0
2022-10-24 00:00:00-04:00,26.98785807511135,27.409981990836574,26.781484713060017,27.344318389892578,35400,0.0,0.0
2022-10-25 00:00:00-04:00,27.25989267979032,28.282373331082972,27.25989267979032,27.841487884521484,25700,0.0,0.0
2022-10-26 00:00:00-04:00,28.15104577153099,28.441842475574177,27.719539311119565,27.888389587402344,20500,0.0,0.0
2022-10-27 00:00:00-04:00,28.179188135635528,29.089101328358666,27.9821955498549,28.4137020111084,25700,0.0,0.0
2022-10-28 00:00:00-04:00,28.34803666002282,29.46432320970532,28.34803666002282,29.379898071289062,50100,0.0,0.0
2022-10-31 00:00:00-04:00,29.379898523293836,29.95211296154103,29.004676674114897,29.773881912231445,41600,0.0,0.0
2022-11-01 00:00:00-04:00,30.224151059376364,30.224151059376364,28.835827481299983,29.1453857421875,85700,0.0,0.0
2022-11-02 00:00:00-04:00,27.43812630726118,27.43812630726118,21.39704774068674,21.584659576416016,120200,0.0,0.0
2022-11-03 00:00:00-04:00,21.31262253726449,21.54713643670745,20.890498591786603,21.143774032592773,33700,0.0,0.0
2022-11-04 00:00:00-04:00,21.265718261811326,22.29757966990552,21.200054663066954,22.278818130493164,35300,0.0,0.0
2022-11-07 00:00:00-05:00,22.15687384564964,22.879175290895176,22.07244869932759,22.75722885131836,38600,0.0,0.0
2022-11-08 00:00:00-05:00,22.747849945355892,23.742188452300827,22.69156710626068,23.160594940185547,32300,0.0,0.0
2022-11-09 00:00:00-05:00,22.841653809436107,23.563957037929264,22.597759143093,22.71970558166504,29900,0.0,0.0
2022-11-10 00:00:00-05:00,23.551374546993916,24.931189361256042,22.880367354541004,24.865034103393555,37400,0.18,0.0
2022-11-11 00:00:00-05:00,24.827231612735964,25.50768800413964,24.11842219571713,24.222379684448242,29900,0.0,0.0
2022-11-14 00:00:00-05:00,23.89160471840621,23.938857961112944,23.26785254117987,23.447416305541992,36600,0.0,0.0
2022-11-15 00:00:00-05:00,23.806547495826997,23.891604774977047,23.192246326206586,23.60807991027832,43700,0.0,0.0
2022-11-16 00:00:00-05:00,23.258402947079,23.523024006488388,23.012682104344726,23.163894653320312,58400,0.0,0.0
2022-11-17 00:00:00-05:00,22.72915292779108,23.324553804136933,22.72915292779108,23.04102897644043,37700,0.0,0.0
2022-11-18 00:00:00-05:00,23.560824431643702,23.626979686350204,23.220595347329702,23.305652618408203,34300,0.0,0.0
2022-11-21 00:00:00-05:00,23.192246271291697,23.46631832366295,22.918172416324783,23.447416305541992,27000,0.0,0.0
2022-11-22 00:00:00-05:00,23.437965121211437,23.882153530753996,23.437965121211437,23.797096252441406,17300,0.0,0.0
2022-11-23 00:00:00-05:00,23.768741129262434,24.099519204351054,23.51356931682874,23.815996170043945,17200,0.0,0.0
2022-11-25 00:00:00-05:00,23.759292953026733,24.071169048975925,23.66478646539026,23.90105628967285,12500,0.0,0.0
2022-11-28 00:00:00-05:00,23.882153059273595,23.98611055091782,23.192245639998838,23.34345817565918,18600,0.0,0.0
2022-11-29 00:00:00-05:00,23.126090763886978,23.570279206638027,22.974878213936428,22.984329223632812,24800,0.0,0.0
2022-11-30 00:00:00-05:00,23.10718932874976,23.334008141716428,22.370026834661328,23.25840187072754,83300,0.0,0.0
2022-12-01 00:00:00-05:00,23.46631760508202,23.853799951717953,23.20169476727881,23.67423439025879,41200,0.0,0.0
2022-12-02 00:00:00-05:00,23.466319695796834,23.79709782187238,23.456868686183732,23.66478729248047,23600,0.0,0.0
2022-12-05 00:00:00-05:00,23.62698144598664,23.844349242666766,23.031582306689852,23.65533447265625,52400,0.0,0.0
2022-12-06 00:00:00-05:00,23.86324940822997,24.4775505176257,23.46631607864272,23.815996170043945,37000,0.0,0.0
2022-12-07 00:00:00-05:00,23.806547713835684,24.600414458108897,23.693137406398503,24.250734329223633,37200,0.0,0.0
2022-12-08 00:00:00-05:00,24.194032133937824,24.798882351442625,23.938860272454548,24.071170806884766,26200,0.0,0.0
2022-12-09 00:00:00-05:00,24.014464734782354,24.127875043291596,23.381261535212044,23.40961456298828,19700,0.0,0.0
2022-12-12 00:00:00-05:00,23.54192706441904,23.995564731360098,22.88982179156886,23.239501953125,33600,0.0,0.0
2022-12-13 00:00:00-05:00,24.090068583937434,24.66656747258251,23.21114463980495,23.7781925201416,167200,0.0,0.0
2022-12-14 00:00:00-05:00,23.73094132290873,24.3357914859224,23.277301898052805,23.598628997802734,33400,0.0,0.0
2022-12-15 00:00:00-05:00,23.381262742373735,23.551377312622666,22.294421857844874,22.32277488708496,33400,0.0,0.0
2022-12-16 00:00:00-05:00,22.10540537476943,22.181011650512026,21.65176772031384,21.982545852661133,74500,0.0,0.0
2022-12-19 00:00:00-05:00,22.114856651317986,22.12430766122429,21.330440855053237,21.462751388549805,28600,0.0,0.0
2022-12-20 00:00:00-05:00,21.27373436300746,21.38714286477574,21.03746454796197,21.3304386138916,46500,0.0,0.0
2022-12-21 00:00:00-05:00,21.77462774005631,22.511788433719378,21.510004889518264,22.256616592407227,38400,0.0,0.0
2022-12-22 00:00:00-05:00,21.954191275590443,22.473985961948422,21.642315184813924,22.445632934570312,105600,0.0,0.0
2022-12-23 00:00:00-05:00,22.40782802453073,22.77641015569485,22.351123774580714,22.521238327026367,29100,0.0,0.0
2022-12-27 00:00:00-05:00,22.615746961317253,22.73860647187251,22.379477146514684,22.653549194335938,34000,0.0,0.0
2022-12-28 00:00:00-05:00,22.672450475784768,22.833114016736292,22.048698329171927,22.058149337768555,20700,0.0,0.0
2022-12-29 00:00:00-05:00,22.36057363309547,22.870917264180015,22.29441837779092,22.62519645690918,26100,0.0,0.0
2022-12-30 00:00:00-05:00,22.492884787708707,22.625197104701613,22.17155770766182,22.237714767456055,25300,0.0,0.0
2023-01-03 00:00:00-05:00,22.058148981894924,22.511786571640883,21.963640700048963,22.417278289794922,31500,0.0,0.0
2023-01-04 00:00:00-05:00,22.436180074538417,22.436180074538417,21.79352592775001,22.10540199279785,39100,0.0,0.0
2023-01-05 00:00:00-05:00,21.83133424239492,22.114857338004306,21.632866633391647,21.736825942993164,35200,0.0,0.0
2023-01-06 00:00:00-05:00,22.077050662491164,22.785860061645508,21.888034101678468,22.785860061645508,28300,0.0,0.0
2023-01-09 00:00:00-05:00,22.955973260160402,23.15443901504355,22.71025246654645,22.72915267944336,87600,0.0,0.0
2023-01-10 00:00:00-05:00,22.766958592587248,23.44741498320591,22.7197053525454,23.400161743164062,27600,0.0,0.0
2023-01-11 00:00:00-05:00,23.400163657323294,23.76874400706757,23.32455738551432,23.730941772460938,28600,0.0,0.0
2023-01-12 00:00:00-05:00,23.759293435853717,24.70437275218961,23.70258918160037,24.184579849243164,40700,0.0,0.0
2023-01-13 00:00:00-05:00,23.938855753700803,24.57205888159969,23.84434747440632,24.46809959411621,23500,0.0,0.0
2023-01-17 00:00:00-05:00,24.345240470328434,24.524806023512603,23.85379885245361,23.93885612487793,18300,0.0,0.0
2023-01-18 00:00:00-05:00,24.118422397737845,24.16567563823001,23.598627739346124,23.712038040161133,20900,0.0,0.0
2023-01-19 00:00:00-05:00,23.5135706892901,23.58917695635808,23.201694612310217,23.523021697998047,22200,0.0,0.0
2023-01-20 00:00:00-05:00,23.712040381432004,24.18458004339343,23.523023795609134,24.165678024291992,22600,0.0,0.0
2023-01-23 00:00:00-05:00,24.15622647949654,24.723274421804962,24.023915953909672,24.052268981933594,71600,0.0,0.0
2023-01-24 00:00:00-05:00,23.844350278876544,24.099522122205215,23.58917843554787,23.730941772460938,31400,0.0,0.0
2023-01-25 00:00:00-05:00,23.267851828676317,23.730940442885224,23.20169476727881,23.67423439025879,38800,0.0,0.0
2023-01-26 00:00:00-05:00,23.740390357618207,24.1184216780621,23.504120557016336,23.93885612487793,50400,0.0,0.0
2023-01-27 00:00:00-05:00,23.853797626475018,24.09006741493368,23.636429853715953,23.882150650024414,40600,0.0,0.0
2023-01-30 00:00:00-05:00,24.383042238658167,24.609862829218443,23.79709415373134,23.815996170043945,56300,0.0,0.0
2023-01-31 00:00:00-05:00,23.929406165605343,25.03514895300159,23.844348889452124,24.846134185791016,49800,0.0,0.0
2023-02-01 00:00:00-05:00,24.88393608550783,25.649449758056626,24.581511019937718,25.536041259765625,82800,0.0,0.0
2023-02-02 00:00:00-05:00,25.800664381259324,27.700274006201514,25.800664381259324,27.662471771240234,60600,0.0,0.0
2023-02-03 00:00:00-05:00,27.29388833186624,27.445102672387236,26.7457424312379,27.11432456970215,38300,0.0,0.0
2023-02-06 00:00:00-05:00,26.85915398791027,26.85915398791027,26.225950779860263,26.670137405395508,21700,0.0,0.0
2023-02-07 00:00:00-05:00,26.405516405703157,27.218283385909416,26.405516405703157,27.161579132080078,32300,0.0,0.0
2023-02-08 00:00:00-05:00,26.925307387499622,27.32224074123211,26.802447879185195,26.830799102783203,44400,0.0,0.0
2023-02-09 00:00:00-05:00,27.03871880628912,27.189931347041735,26.225950047797042,26.24485206604004,32100,0.0,0.0
2023-02-10 00:00:00-05:00,26.22595014440814,26.443317947216308,26.0841886122548,26.235401153564453,21700,0.0,0.0
2023-02-13 00:00:00-05:00,25.98968197626165,27.615217800024254,25.98968197626165,27.567964553833008,41100,0.0,0.0
2023-02-14 00:00:00-05:00,27.293886064536835,27.75697645138398,27.18047757181159,27.473451614379883,38300,0.0,0.0
2023-02-15 00:00:00-05:00,27.794780049552312,27.936541573734456,27.16157689244954,27.851484298706055,31300,0.0,0.0
2023-02-16 00:00:00-05:00,27.303341688412946,28.078306462562512,27.303341688412946,27.567964553833008,62300,0.0,0.0
2023-02-17 00:00:00-05:00,27.653019967666644,27.73807724713137,26.963112525426677,27.39784812927246,46700,0.0,0.0
2023-02-21 00:00:00-05:00,26.925307466766103,27.12377504551442,26.47166986190652,26.500022888183594,46900,0.0,0.0
2023-02-22 00:00:00-05:00,26.47166952886909,27.775878077081174,26.47166952886909,27.189929962158203,51900,0.0,0.0
2023-02-23 00:00:00-05:00,27.378945393007875,27.756978537423933,26.651235735976908,26.802448272705078,46900,0.0,0.0
2023-02-24 00:00:00-05:00,26.462220311075576,26.77409640692371,26.244852505428995,26.367712020874023,52600,0.0,0.0
2023-02-27 00:00:00-05:00,26.622885094586806,26.8402529102837,26.263755738330886,26.42441749572754,59200,0.0,0.0
2023-02-28 00:00:00-05:00,26.500021815569287,26.830798095768653,26.18814394693183,26.5850772857666,86400,0.0,0.0
2023-03-01 00:00:00-05:00,26.462220805517262,27.000915726357118,26.216499967440257,26.329910278320312,59600,0.0,0.0
2023-03-02 00:00:00-05:00,26.15034209908205,26.37716089565366,25.81011300292685,26.05583381652832,39700,0.0,0.0
2023-03-03 00:00:00-05:00,26.0843944032778,26.131994753261097,25.58936165805763,25.94159698486328,68700,0.2,0.0
2023-03-06 00:00:00-05:00,26.103432361132395,26.103432361132395,24.456498520508585,24.82777214050293,126000,0.0,0.0
2023-03-07 00:00:00-05:00,24.894415071644747,25.180011749267578,24.39938228304612,25.180011749267578,146400,0.0,0.0
2023-03-08 00:00:00-05:00,25.12288687153619,25.31328462287224,24.70401472382492,25.046728134155273,97200,0.0,0.0
2023-03-09 00:00:00-05:00,25.056248570936777,25.218086117216725,24.247060839537042,24.75161361694336,104900,0.0,0.0
2023-03-10 00:00:00-05:00,24.55169541968566,24.68497274622972,23.942423750268407,24.50409507751465,107200,0.0,0.0
2023-03-13 00:00:00-04:00,23.9995473534351,24.17090498947562,23.190361341104726,23.90435028076172,117700,0.0,0.0
2023-03-14 00:00:00-04:00,24.704016443715002,24.81825364985579,24.15186510532079,24.618337631225586,115500,0.0,0.0
2023-03-15 00:00:00-04:00,23.84722829209878,24.180423471876743,23.485474718701447,23.932907104492188,364300,0.0,0.0
2023-03-16 00:00:00-04:00,23.704431619545552,24.494579279671477,23.437876919984042,24.1709041595459,336200,0.0,0.0
2023-03-17 00:00:00-04:00,24.047144665105044,24.047144665105044,23.161798201347555,23.276037216186523,477600,0.0,0.0
2023-03-20 00:00:00-04:00,23.599715759926642,24.028108042783874,23.514036940201635,23.571155548095703,315200,0.0,0.0
2023-03-21 00:00:00-04:00,24.075706599208857,24.475538640398067,23.990027785877547,24.180423736572266,449500,0.0,0.0
2023-03-22 00:00:00-04:00,24.19946533593848,25.08481191658234,24.104266446965458,24.33274269104004,102800,0.0,0.0
2023-03-23 00:00:00-04:00,24.475537424850593,24.818252661155295,24.018584986956046,24.27562141418457,116000,0.0,0.0
2023-03-24 00:00:00-04:00,24.142344073740556,24.561216233926768,23.942426247306955,24.27562141418457,145200,0.0,0.0
2023-03-27 00:00:00-04:00,24.665935237754777,24.980090266490162,24.30418167754369,24.780174255371094,108800,0.0,0.0
2023-03-28 00:00:00-04:00,24.751616938106356,25.322808461370062,24.70401840107096,24.761137008666992,199000,0.0,0.0
2023-03-29 00:00:00-04:00,25.07529091679602,25.07529091679602,24.665936980420494,24.818254470825195,97000,0.0,0.0
2023-03-30 00:00:00-04:00,25.103851626120385,25.31328772564764,24.742096217393236,24.808734893798828,92100,0.0,0.0
2023-03-31 00:00:00-04:00,24.98009326493071,25.66552200560005,24.98009326493071,25.551284790039062,203200,0.0,0.0
2023-04-03 00:00:00-04:00,25.589362942681074,26.084395712752613,25.26568962538422,25.341848373413086,116900,0.0,0.0
2023-04-04 00:00:00-04:00,25.408485115791922,25.44656357902231,24.285142306096944,24.47553825378418,211800,0.0,0.0
2023-04-05 00:00:00-04:00,24.361301707422673,24.580257870282317,24.11378533454181,24.24706268310547,82400,0.0,0.0
2023-04-06 00:00:00-04:00,24.066189130026913,24.98961422089399,24.02810884631221,24.922975540161133,91200,0.0,0.0
2023-04-10 00:00:00-04:00,24.61833655229681,25.265686744615863,24.61833655229681,24.999130249023438,131000,0.0,0.0
2023-04-11 00:00:00-04:00,25.122888993648086,25.322806831014603,24.85633429818297,25.15144920349121,186800,0.0,0.0
2023-04-12 00:00:00-04:00,25.494163303842225,25.58936036747223,25.094329462986366,25.208566665649414,61700,0.0,0.0
2023-04-13 00:00:00-04:00,25.218087981280195,25.45608428365064,25.056250423037586,25.437044143676758,42900,0.0,0.0
2023-04-14 00:00:00-04:00,25.303765545047018,25.58936036747223,25.084809393469847,25.208566665649414,41800,0.0,0.0
2023-04-17 00:00:00-04:00,25.389445272876223,25.484644155715717,25.141928903800608,25.408485412597656,38600,0.0,0.0
2023-04-18 00:00:00-04:00,25.408484713147715,25.56080219519081,25.04672933146965,25.132408142089844,51100,0.0,0.0
2023-04-19 00:00:00-04:00,24.942012407108557,25.33232618509633,24.87537191935779,25.23712730407715,61600,0.0,0.0
2023-04-20 00:00:00-04:00,24.922972972049248,25.28472655122377,24.88489269225841,25.15144920349121,44400,0.0,0.0
2023-04-21 00:00:00-04:00,25.218087548679865,25.227607618503495,24.751615021927954,24.942012786865234,50300,0.0,0.0
2023-04-24 00:00:00-04:00,24.865856930356948,25.180012007931758,24.618340533515,24.922975540161133,68300,0.0,0.0
2023-04-25 00:00:00-04:00,24.60881854736061,24.789696249392566,24.389862380345342,24.59929847717285,76300,0.0,0.0
2023-04-26 00:00:00-04:00,24.40889972702139,24.656416094683298,24.237542102042553,24.618337631225586,106900,0.0,0.0
2023-04-27 00:00:00-04:00,24.837292276520245,25.351363304374775,24.580255854709208,25.332324981689453,60700,0.0,0.0
2023-04-28 00:00:00-04:00,25.265688059946893,25.6940803101536,25.199047570753805,25.370405197143555,64900,0.0,0.0
2023-05-01 00:00:00-04:00,25.15144979474764,25.751199689410665,25.15144979474764,25.42752456665039,56300,0.0,0.0
2023-05-02 00:00:00-04:00,25.18000728639752,25.284724415441573,24.70401472382492,25.046728134155273,117600,0.0,0.0
2023-05-03 00:00:00-04:00,23.666352760066573,23.666352760066573,19.534736828121698,21.800460815429688,312000,0.0,0.0
2023-05-04 00:00:00-04:00,21.524386692342514,22.11461651978521,21.15311121686832,21.75286293029785,185300,0.0,0.0
2023-05-05 00:00:00-04:00,22.181253370937675,22.495408399255073,22.181253370937675,22.21933364868164,61100,0.0,0.0
2023-05-08 00:00:00-04:00,22.305011036834063,22.438288368911973,22.10509322294973,22.20981216430664,68400,0.0,0.0
2023-05-09 00:00:00-04:00,22.36213417276737,22.39069438505255,22.057499171463444,22.305015563964844,43500,0.0,0.0
2023-05-10 00:00:00-04:00,22.628686966205255,22.83812304103936,22.371650545430988,22.590606689453125,83900,0.0,0.0
2023-05-11 00:00:00-04:00,22.333571180433502,22.70484663085372,22.200293837895153,22.609647750854492,64200,0.0,0.0
2023-05-12 00:00:00-04:00,22.5616455078125,22.888069461654634,22.379231690974073,22.5616455078125,41300,0.2,0.0
2023-05-15 00:00:00-04:00,22.465638097369737,22.77286021071955,22.158415984019925,22.753660202026367,59800,0.0,0.0
2023-05-16 00:00:00-04:00,22.561646291365722,22.782461964519428,22.42723706965274,22.60004997253418,39900,0.0,0.0
2023-05-17 00:00:00-04:00,22.72485621542387,23.089681997534928,22.715255296001455,22.98407554626465,47500,0.0,0.0
2023-05-18 00:00:00-04:00,22.840066229241636,23.608121498456853,22.840066229241636,23.49291229248047,34500,0.0,0.0
2023-05-19 00:00:00-04:00,23.771331915491345,23.819334679978446,23.147286821218593,23.387304306030273,54700,0.0,0.0
2023-05-22 00:00:00-04:00,23.47371209668225,24.107358146521612,23.32010104406593,24.068954467773438,48900,0.0,0.0
2023-05-23 00:00:00-04:00,24.068955237067815,24.654598538378544,23.502513775744905,24.54899024963379,63700,0.0,0.0
2023-05-24 00:00:00-04:00,24.491385890832998,24.587393256957313,24.193764703917005,24.318572998046875,47500,0.0,0.0
2023-05-25 00:00:00-04:00,24.222565519723506,24.568191303694814,24.222565519723506,24.289770126342773,41300,0.0,0.0
2023-05-26 00:00:00-04:00,24.270568745212305,24.635394516731406,24.270568745212305,24.462581634521484,37500,0.0,0.0
2023-05-30 00:00:00-04:00,24.520188499575976,24.520188499575976,24.241767322642623,24.260969161987305,40700,0.0,0.0
2023-05-31 00:00:00-04:00,24.203364400920414,24.203364400920414,23.704129380662227,23.88654136657715,111900,0.0,0.0
2023-06-01 00:00:00-04:00,23.95374716702965,24.539388620221604,23.68492690853636,24.510587692260742,54700,0.0,0.0
2023-06-02 00:00:00-04:00,24.88501689515299,25.441857476099326,24.77940859889456,25.374652862548828,65000,0.0,0.0
2023-06-05 00:00:00-04:00,25.345846424357116,25.345846424357116,24.73140223965623,24.99062156677246,37300,0.0,0.0
2023-06-06 00:00:00-04:00,24.865812414369003,25.278642803716675,24.67379951477607,25.11543083190918,89200,0.0,0.0
2023-06-07 00:00:00-04:00,25.297846783178525,25.710677207450804,25.115432956623444,25.643470764160156,160600,0.0,0.0
2023-06-08 00:00:00-04:00,25.547462613687042,25.8738865515921,25.37464972524458,25.605066299438477,51600,0.0,0.0
2023-06-09 00:00:00-04:00,25.614667252400327,25.614667252400327,25.34584699989542,25.41305160522461,39300,0.0,0.0
2023-06-12 00:00:00-04:00,25.374648767289337,25.8546837365345,25.134631282666756,25.701072692871094,61000,0.0,0.0
2023-06-13 00:00:00-04:00,25.7202761371426,26.363521278155844,25.614667851334122,26.248313903808594,53000,0.0,0.0
2023-06-14 00:00:00-04:00,26.23871589980497,26.4979352676738,25.845087303198998,25.931493759155273,43300,0.0,0.0
2023-06-15 00:00:00-04:00,25.797079676441033,26.267513719692584,25.710673236742988,26.21950912475586,43200,0.0,0.0
2023-06-16 00:00:00-04:00,26.401925109363663,26.401925109363663,25.9890947146635,26.085102081298828,68400,0.0,0.0
2023-06-20 00:00:00-04:00,25.94109142611347,26.286715375397968,25.91228866734469,26.13310432434082,28600,0.0,0.0
2023-06-21 00:00:00-04:00,26.037097826656407,26.469128205060805,26.037097826656407,26.229110717773438,23500,0.0,0.0
2023-06-22 00:00:00-04:00,26.238712984081623,26.382723117609785,25.893087198663476,26.248313903808594,42600,0.0,0.0
2023-06-23 00:00:00-04:00,25.854685500086966,26.21951129587536,25.681872606381017,26.085102081298828,158000,0.0,0.0
2023-06-26 00:00:00-04:00,25.969891533587738,26.39232282624898,25.969891533587738,26.065898895263672,40800,0.0,0.0
2023-06-27 00:00:00-04:00,26.171509959210354,26.661145907754438,26.171509959210354,26.574739456176758,31100,0.0,0.0
2023-06-28 00:00:00-04:00,26.488330990847608,26.795553092572717,26.411525465416332,26.545934677124023,29300,0.0,0.0
2023-06-29 00:00:00-04:00,26.545935462399928,26.843556653351772,26.459529014835166,26.584339141845703,38500,0.0,0.0
2023-06-30 00:00:00-04:00,26.88195991642008,26.88195991642008,26.61313965802813,26.661144256591797,45700,0.0,0.0
2023-07-03 00:00:00-04:00,26.43072879044016,26.718749069202183,26.40192603008865,26.62274169921875,19400,0.0,0.0
2023-07-05 00:00:00-04:00,26.47873021911647,26.517133897640623,25.30744549195248,26.161907196044922,45200,0.0,0.0
2023-07-06 00:00:00-04:00,25.864285458443536,26.219510321245178,25.787479934227925,26.181108474731445,53600,0.0,0.0
2023-07-07 00:00:00-04:00,26.152307667901535,26.39232517788359,25.98909568786621,25.98909568786621,30500,0.0,0.0
2023-07-10 00:00:00-04:00,25.989095740867977,26.545936291914416,25.989095740867977,26.430728912353516,32100,0.0,0.0
2023-07-11 00:00:00-04:00,26.478731007649415,26.69954667217462,26.171508895059873,26.421127319335938,37400,0.0,0.0
2023-07-12 00:00:00-04:00,26.872357812177302,26.872357812177302,26.277115465731598,26.286714553833008,36700,0.0,0.0
2023-07-13 00:00:00-04:00,26.42112721232758,26.469129980529694,26.075501421470047,26.1715087890625,32000,0.0,0.0
2023-07-14 00:00:00-04:00,26.085102891284038,26.430728689428182,25.989095521667522,26.373123168945312,27700,0.0,0.0
2023-07-17 00:00:00-04:00,26.36352016113639,26.728347770550773,26.36352016113639,26.507532119750977,31100,0.0,0.0
2023-07-18 00:00:00-04:00,26.43072607646195,26.79555184751177,26.2867141206802,26.55553436279297,26400,0.0,0.0
2023-07-19 00:00:00-04:00,26.593938891899146,26.593938891899146,26.19070943139682,26.209909439086914,24100,0.0,0.0
2023-07-20 00:00:00-04:00,26.248314200279236,26.45952894309363,25.998695778123192,26.363521575927734,26800,0.0,0.0
2023-07-21 00:00:00-04:00,26.526733251137948,26.526733251137948,26.20031113636194,26.248313903808594,28200,0.0,0.0
2023-07-24 00:00:00-04:00,26.2771151674348,27.102774073891943,26.2771151674348,27.025968551635742,43300,0.0,0.0
2023-07-25 00:00:00-04:00,26.84355542402765,27.31399131975322,26.718747133921042,27.256385803222656,46700,0.0,0.0
2023-07-26 00:00:00-04:00,27.256385782720734,28.05324378224608,27.256385782720734,27.890031814575195,56400,0.0,0.0
2023-07-27 00:00:00-04:00,28.005239468893507,28.254857866314097,27.70761830824082,27.784423828125,63500,0.0,0.0
2023-07-28 00:00:00-04:00,28.005244922733787,28.120454140590322,26.833960058602912,27.227588653564453,59200,0.0,0.0
2023-07-31 00:00:00-04:00,27.179579985009028,27.611612198373845,27.179579985009028,27.36199378967285,37800,0.0,0.0
2023-08-01 00:00:00-04:00,27.304390781685967,27.99564050901401,27.304390781685967,27.8132266998291,36600,0.0,0.0
2023-08-02 00:00:00-04:00,28.802100772466556,29.416545002965602,27.381197573843387,28.466075897216797,152200,0.0,0.0
2023-08-03 00:00:00-04:00,28.370069380114455,30.367015020375778,28.10125093679493,30.2998104095459,112900,0.0,0.0
2023-08-04 00:00:00-04:00,30.213404718512614,30.83744990345166,30.011790880949004,30.559030532836914,78800,0.0,0.0
2023-08-07 00:00:00-04:00,30.78944760032718,31.893529672615422,30.731842076271324,31.83592414855957,55400,0.0,0.0
2023-08-08 00:00:00-04:00,31.835918960412705,32.114340121077895,31.538295961524796,32.008731842041016,87000,0.0,0.0
2023-08-09 00:00:00-04:00,31.922327908321073,32.23915277031428,31.183073559380045,31.576702117919922,82200,0.0,0.0
2023-08-10 00:00:00-04:00,31.567105775095825,31.883927002271157,31.010263361595804,31.423093795776367,53200,0.0,0.0
2023-08-11 00:00:00-04:00,31.40377356364504,32.012337448892644,31.40377356364504,31.68390655517578,116400,0.2,0.0
2023-08-14 00:00:00-04:00,31.60662633636974,32.41804351102865,31.60662633636974,32.350425720214844,37300,0.0,0.0
2023-08-15 00:00:00-04:00,32.25382623067251,32.5242973938149,32.18620843988691,32.39872360229492,33600,0.0,0.0
2023-08-16 00:00:00-04:00,32.39872577551516,32.74647654282055,32.282806396484375,32.282806396484375,69100,0.0,0.0
2023-08-17 00:00:00-04:00,32.24416755525985,32.39872302930685,31.625945659071828,31.74186134338379,43400,0.0,0.0
2023-08-18 00:00:00-04:00,31.47139203009547,32.041312380080775,31.432752238095095,31.886756896972656,37000,0.0,0.0
2023-08-21 00:00:00-04:00,31.819135416483377,32.002672564771714,31.596962165564875,31.935054779052734,27600,0.0,0.0
2023-08-22 00:00:00-04:00,31.9833586568965,32.0026785542739,31.21058118626874,31.52935028076172,24600,0.0,0.0
2023-08-23 00:00:00-04:00,31.442409616471426,31.683902783548614,31.36513371915124,31.53900909423828,25000,0.0,0.0
2023-08-24 00:00:00-04:00,31.4907067153367,31.712883666126697,31.297515134482587,31.38445281982422,26300,0.0,0.0
2023-08-25 00:00:00-04:00,31.42308892505912,31.596964295742385,31.036702078457694,31.38445281982422,20300,0.0,0.0
2023-08-28 00:00:00-04:00,31.44241369383509,31.741866586404598,31.3844576845527,31.423093795776367,24400,0.0,0.0
2023-08-29 00:00:00-04:00,31.37479444491462,32.13791380098892,31.249216955776085,31.83846092224121,38000,0.0,0.0
2023-08-30 00:00:00-04:00,31.799819992760433,32.04131317138672,31.674246192998066,32.04131317138672,26400,0.0,0.0
2023-08-31 00:00:00-04:00,32.108932591903766,32.71749270988313,31.58730647515582,32.688514709472656,87500,0.0,0.0
2023-09-01 00:00:00-04:00,32.688519395093124,33.42265709490565,32.58226179849929,33.22946548461914,73200,0.0,0.0
2023-09-05 00:00:00-04:00,33.200480557800034,33.200480557800034,32.39872513558722,32.85272979736328,65500,0.0,0.0
2023-09-06 00:00:00-04:00,32.93000713369947,33.103882502047234,32.59191818685279,32.77545166015625,44300,0.0,0.0
2023-09-07 00:00:00-04:00,32.81409363457304,32.88171142844446,31.674245559464214,32.224849700927734,58500,0.0,0.0
2023-09-08 00:00:00-04:00,32.09926930999645,32.736811083649215,31.220234384431386,31.297513961791992,55000,0.0,0.0
2023-09-11 00:00:00-04:00,31.307173384287477,31.490706860904563,30.698611426529542,30.73724937438965,71200,0.0,0.0
2023-09-12 00:00:00-04:00,30.53439860519259,30.853169532606746,30.34120332208538,30.5537166595459,47300,0.0,0.0
2023-09-13 00:00:00-04:00,30.42814100769592,30.60201639395995,30.051412232421697,30.215627670288086,55300,0.0,0.0
2023-09-14 00:00:00-04:00,30.292904297652015,30.62133516127044,30.292904297652015,30.56337547302246,59500,0.0,0.0
2023-09-15 00:00:00-04:00,30.515077179563626,30.853167986839246,30.44745938659784,30.48609733581543,302200,0.0,0.0
2023-09-18 00:00:00-04:00,30.592351027143167,31.548663639769543,30.592351027143167,31.374788284301758,45700,0.0,0.0
2023-09-19 00:00:00-04:00,31.326495727643607,31.81914019542875,31.326495727643607,31.442411422729492,39200,0.0,0.0
2023-09-20 00:00:00-04:00,31.635605544058105,31.819139028286447,31.26853489070805,31.307174682617188,40200,0.0,0.0
2023-09-21 00:00:00-04:00,31.152623822596997,31.645268345414976,30.969090311134206,31.606632232666016,36700,0.0,0.0
2023-09-22 00:00:00-04:00,31.635605490080067,32.07029393608274,30.89180607911846,31.06568145751953,30600,0.0,0.0
2023-09-25 00:00:00-04:00,30.80486947064561,31.22989982604551,30.785551416492954,30.814529418945312,27900,0.0,0.0
2023-09-26 00:00:00-04:00,30.891807248149217,31.74186427640145,30.872487351496495,31.49070930480957,103700,0.0,0.0
2023-09-27 00:00:00-04:00,31.74186493132167,32.95898896640765,31.74186493132167,32.4373664855957,57100,0.0,0.0
2023-09-28 00:00:00-04:00,32.41804807828254,33.248781580304325,32.41804807828254,32.89137268066406,31600,0.0,0.0
2023-09-29 00:00:00-04:00,33.32606113490774,33.32606113490774,32.079955355923644,32.36008834838867,46300,0.0,0.0
2023-10-02 00:00:00-04:00,32.36008150751962,32.70783222673554,32.0123307883037,32.61123275756836,57000,0.0,0.0
2023-10-03 00:00:00-04:00,32.6015799888362,32.920352761920405,32.012336027603155,32.34076690673828,43800,0.0,0.0
2023-10-04 00:00:00-04:00,32.495319428516915,32.833412067703,32.35042574163137,32.736812591552734,28100,0.0,0.0
2023-10-05 00:00:00-04:00,32.785105333351375,33.258433479847255,32.65953156143612,33.055580139160156,40700,0.0,0.0
2023-10-06 00:00:00-04:00,32.89136739869755,33.53857097859832,32.89136739869755,33.065242767333984,40600,0.0,0.0
2023-10-09 00:00:00-04:00,32.90103458828081,33.53857648295008,32.90103458828081,33.22946548461914,19100,0.0,0.0
2023-10-10 00:00:00-04:00,33.45163477414329,33.4709546698346,32.495320204336586,32.504981994628906,49800,0.0,0.0
2023-10-11 00:00:00-04:00,32.41804805828336,33.00728836304264,32.215190972494106,32.93967056274414,47100,0.0,0.0
2023-10-12 00:00:00-04:00,32.872052095284026,32.94933168542459,32.379407605265826,32.83341598510742,29000,0.0,0.0
2023-10-13 00:00:00-04:00,32.88170918356957,32.88170918356957,32.17654960641443,32.485660552978516,44900,0.0,0.0
2023-10-16 00:00:00-04:00,32.67885821529016,33.36469794803204,32.67885821529016,32.901031494140625,27900,0.0,0.0
2023-10-17 00:00:00-04:00,32.630553612352735,33.35503307042375,32.630553612352735,33.200477600097656,44000,0.0,0.0
2023-10-18 00:00:00-04:00,32.997629479912085,33.06524727861917,32.42770540159972,32.447025299072266,36400,0.0,0.0
2023-10-19 00:00:00-04:00,32.31178964837676,32.823754033427264,31.857781270754675,32.25382995605469,38200,0.0,0.0
2023-10-20 00:00:00-04:00,32.39872370333847,32.55327918060089,31.403769363874243,31.461729049682617,56000,0.0,0.0
2023-10-23 00:00:00-04:00,31.490707036501608,31.915737362459105,31.432751035611577,31.510026931762695,37200,0.0,0.0
2023-10-24 00:00:00-04:00,31.49070929463135,31.49070929463135,31.152620315551758,31.152620315551758,26500,0.0,0.0
2023-10-25 00:00:00-04:00,31.01738302699847,31.01738302699847,30.321881525349298,30.36052131652832,32500,0.0,0.0
2023-10-26 00:00:00-04:00,30.544056299793432,30.804867517562506,30.33154113556732,30.524736404418945,32300,0.0,0.0
2023-10-27 00:00:00-04:00,30.44746009307449,30.457120041214697,29.95481379260422,30.1093692779541,41400,0.0,0.0
2023-10-30 00:00:00-04:00,30.466781614758027,30.90146824957759,30.186648631087067,30.80487060546875,40600,0.0,0.0
2023-10-31 00:00:00-04:00,31.39411152837305,31.39411152837305,30.495756657538912,30.86282730102539,175500,0.0,0.0
2023-11-01 00:00:00-04:00,33.02660104728558,34.26304845030803,32.15722793981064,34.002235412597656,124300,0.0,0.0
2023-11-02 00:00:00-04:00,34.002239004972296,34.21475048841979,32.96864853423101,33.0362663269043,64600,0.0,0.0
2023-11-03 00:00:00-04:00,33.46129382832798,34.04087966082139,33.30673834330843,33.432315826416016,70400,0.0,0.0
2023-11-06 00:00:00-05:00,33.7414247024918,34.49488218459154,33.43231375163584,34.17611312866211,89900,0.0,0.0
2023-11-07 00:00:00-05:00,33.86700439445615,34.34999074739247,33.43231593983478,34.25339126586914,107400,0.0,0.0
2023-11-08 00:00:00-05:00,34.523869294167525,34.79434049744102,34.02156299887833,34.775020599365234,44900,0.0,0.0
2023-11-09 00:00:00-05:00,34.57216186693353,34.977868609296124,34.48522418144251,34.75569534301758,36900,0.0,0.0
2023-11-10 00:00:00-05:00,35.09568079968831,35.406519626522986,34.91111769873009,35.338523864746094,34900,0.2,0.0
2023-11-13 00:00:00-05:00,35.33852371795152,35.56193889221769,34.609994525804446,34.91111755371094,38500,0.0,0.0
2023-11-14 00:00:00-05:00,35.14424842239973,35.99905704287933,35.05682477137918,35.960201263427734,49400,0.0,0.0
2023-11-15 00:00:00-05:00,36.193327294122014,36.241898869524626,35.19281509307627,35.26081085205078,83800,0.0,0.0
2023-11-16 00:00:00-05:00,35.28995575683436,35.59107878397797,34.96940113446604,35.32880783081055,46800,0.0,0.0
2023-11-17 00:00:00-05:00,35.40651910119353,35.60079429145551,35.12482026058823,35.5230827331543,47000,0.0,0.0
2023-11-20 00:00:00-05:00,35.33852454977434,35.8339227816793,35.231673006199046,35.59107971191406,34300,0.0,0.0
2023-11-21 00:00:00-05:00,35.26081065287858,35.911631963589635,34.94997184061062,35.66878890991211,55300,0.0,0.0
2023-11-22 00:00:00-05:00,35.48422674440514,36.193328035005415,35.48422674440514,35.931060791015625,39600,0.0,0.0
2023-11-24 00:00:00-05:00,35.67849934373182,36.58187575787333,35.61050358830102,36.21275329589844,48800,0.0,0.0
2023-11-27 00:00:00-05:00,35.92133859637818,36.19332158940683,35.70763555586117,35.99905014038086,23200,0.0,0.0
2023-11-28 00:00:00-05:00,35.76592803297949,36.06705478200577,34.9888309287889,35.00825881958008,26700,0.0,0.0
2023-11-29 00:00:00-05:00,35.377376160065594,35.54251137219224,34.7168464280324,34.930545806884766,31600,0.0,0.0
2023-11-30 00:00:00-05:00,35.037395051665506,35.14424658683103,34.20201436454327,34.5905647277832,55100,0.0,0.0
2023-12-01 00:00:00-05:00,34.658561243144774,35.99905594958509,34.36715031709018,35.90191650390625,53900,0.0,0.0
2023-12-04 00:00:00-05:00,35.96020270996715,36.05733845701244,35.445376580742895,35.62022018432617,36000,0.0,0.0
2023-12-05 00:00:00-05:00,35.64936106617602,35.80478047250713,35.056823421572744,35.46479797363281,31200,0.0,0.0
2023-12-06 00:00:00-05:00,35.74649609349235,36.00876703123112,34.89168752295382,35.212242126464844,39100,0.0,0.0
2023-12-07 00:00:00-05:00,35.21224282790386,35.503653751588324,35.00825555187382,35.46479797363281,30500,0.0,0.0
2023-12-08 00:00:00-05:00,35.88248803921789,35.88248803921789,34.98882738625258,35.65907287597656,38800,0.0,0.0
2023-12-11 00:00:00-05:00,35.60079105823029,35.87277407660122,35.22195280415416,35.76592254638672,36300,0.0,0.0
2023-12-12 00:00:00-05:00,35.90192104399059,35.94077682717575,34.76541717701038,35.51337432861328,39800,0.0,0.0
2023-12-13 00:00:00-05:00,35.52308053516266,36.47502483250458,34.90140292918352,36.24189758300781,134200,0.0,0.0
2023-12-14 00:00:00-05:00,36.42646185262489,37.10642321497215,35.91163571086501,36.941287994384766,50200,0.0,0.0
2023-12-15 00:00:00-05:00,36.902430392730224,37.31040492576015,36.09618971247,36.844146728515625,107900,0.0,0.0
2023-12-18 00:00:00-05:00,36.95099639892578,37.24240729433877,36.63044182012809,36.95099639892578,36000,0.0,0.0
2023-12-19 00:00:00-05:00,37.26183573270714,37.86408541953613,37.26183573270714,37.82522964477539,53300,0.0,0.0
2023-12-20 00:00:00-05:00,37.883513306916505,38.60233031802772,37.64067027289781,37.82522964477539,46600,0.0,0.0
2023-12-21 00:00:00-05:00,37.64067822484273,37.902949201648994,36.912148968878036,37.41726303100586,67600,0.0,0.0
2023-12-22 00:00:00-05:00,37.80580629668116,38.30120822063622,37.75723842514408,37.86408996582031,41100,0.0,0.0
2023-12-26 00:00:00-05:00,37.76694916240615,38.40805461507165,37.76694916240615,38.21377944946289,37400,0.0,0.0
2023-12-27 00:00:00-05:00,38.50519145001186,38.524619337679255,38.10692901655678,38.272064208984375,30500,0.0,0.0
2023-12-28 00:00:00-05:00,38.145789302280754,38.145789302280754,37.17441703699882,37.89323043823242,37300,0.0,0.0
2023-12-29 00:00:00-05:00,38.06807479260878,38.06807479260878,37.640672362980034,37.72809600830078,34300,0.0,0.0
2024-01-02 00:00:00-05:00,37.28126777102536,37.63096237182617,36.805293740937365,37.63096237182617,49100,0.0,0.0
2024-01-03 00:00:00-05:00,37.68923887675991,37.728094652281655,36.57216312168998,36.60130310058594,45700,0.0,0.0
2024-01-04 00:00:00-05:00,36.94128288687551,37.22298170890599,36.30989319202087,36.445884704589844,36900,0.0,0.0
2024-01-05 00:00:00-05:00,36.0864766387606,36.416743316003966,35.65907052380409,35.73678207397461,55000,0.0,0.0
2024-01-08 00:00:00-05:00,35.853349074899846,36.193327875230985,35.63964599726826,36.135047912597656,26100,0.0,0.0
2024-01-09 00:00:00-05:00,35.659073041873874,36.27103857346338,35.36766211913775,36.08647918701172,38600,0.0,0.0
2024-01-10 00:00:00-05:00,36.01848540108838,36.717870912858345,36.01848540108838,36.62073516845703,35300,0.0,0.0
2024-01-11 00:00:00-05:00,36.31960388240533,37.04813299062846,35.95048143003489,36.99956512451172,42800,0.0,0.0
2024-01-12 00:00:00-05:00,37.446394912976984,37.60181430573407,36.9995646219867,37.18412399291992,32600,0.0,0.0
2024-01-16 00:00:00-05:00,36.89271459594908,37.145273435388255,36.41674430741416,36.844146728515625,34300,0.0,0.0
2024-01-17 00:00:00-05:00,36.47502590546022,36.71786895903251,36.154475001600076,36.51388168334961,24900,0.0,0.0
2024-01-18 00:00:00-05:00,36.72758602276255,37.30069579717589,36.523595034554305,37.009281158447266,43600,0.0,0.0
2024-01-19 00:00:00-05:00,37.242408386930485,37.38811569165693,36.74701022074382,37.22298049926758,27100,0.0,0.0
2024-01-22 00:00:00-05:00,37.29097861481379,38.67032908230264,37.2715507259206,38.62175750732422,337100,0.0,0.0
2024-01-23 00:00:00-05:00,38.854887781396855,39.418285432862724,37.88351558686193,39.00059509277344,370200,0.0,0.0
2024-01-24 00:00:00-05:00,39.48628197293934,39.87482863516255,38.689757054067194,38.8354606628418,57100,0.0,0.0
2024-01-25 00:00:00-05:00,39.25314929860714,40.07881416211246,38.884026835932524,39.58341598510742,234300,0.0,0.0
2024-01-26 00:00:00-05:00,39.971970653693205,40.729639843483234,39.01031046969795,39.185157775878906,149000,0.0,0.0
2024-01-29 00:00:00-05:00,39.72912563436656,41.05018875273094,39.42799890950539,40.98219299316406,334200,0.0,0.0
2024-01-30 00:00:00-05:00,40.914200580659255,42.23526751258695,40.797636941221896,42.225555419921875,170300,0.0,0.0
2024-01-31 00:00:00-05:00,42.35182598477285,42.56552905224398,40.84619983197647,41.31245803833008,100600,0.0,0.0
2024-02-01 00:00:00-05:00,41.45816419536869,42.720947265625,41.45816419536869,42.720947265625,64400,0.0,0.0
2024-02-02 00:00:00-05:00,42.30325784603941,42.52667300356287,41.84671543957443,42.35182571411133,70600,0.0,0.0
2024-02-05 00:00:00-05:00,42.25469199844309,42.28383197958146,41.681582234612385,42.04098892211914,49100,0.0,0.0
2024-02-06 00:00:00-05:00,42.06041337313947,42.361540073753844,41.4581636774014,41.84671401977539,41100,0.0,0.0
2024-02-07 00:00:00-05:00,41.846721780374516,42.53639524577419,41.42903138178229,42.283836364746094,45700,0.0,0.0
2024-02-08 00:00:00-05:00,42.17698523171998,43.02208183562519,42.17698523171998,42.94437026977539,33300,0.0,0.0
2024-02-09 00:00:00-05:00,43.15806307692103,43.59518126684238,42.76951275132638,43.43004608154297,31000,0.0,0.0
2024-02-12 00:00:00-05:00,43.672896942647164,44.53741768140667,43.43005387196231,44.28486251831055,62900,0.0,0.0
2024-02-13 00:00:00-05:00,43.410620433503276,43.410620433503276,41.88556644095297,42.07984161376953,72500,0.0,0.0
2024-02-14 00:00:00-05:00,42.56553137516219,43.57575939680467,42.54610348565086,43.5466194152832,54800,0.0,0.0
2024-02-15 00:00:00-05:00,43.86717321718889,44.40142724471275,43.32320339152406,44.34314727783203,67100,0.0,0.0
2024-02-16 00:00:00-05:00,44.08087300805952,44.31400026910014,43.72146261359447,43.74089050292969,45900,0.0,0.0
2024-02-20 00:00:00-05:00,43.459189159941964,43.54661279671002,42.56552490570283,43.18720245361328,42800,0.0,0.0
2024-02-21 00:00:00-05:00,42.86665403272364,43.32319642365703,42.526671556804814,43.1094970703125,76400,0.0,0.0
2024-02-22 00:00:00-05:00,43.00265114577087,43.2163542324597,42.48782502473813,42.78894805908203,65900,0.0,0.0
2024-02-23 00:00:00-05:00,43.02207900663595,43.439769381884155,42.61410072373463,43.42034149169922,39400,0.0,0.0
2024-02-26 00:00:00-05:00,43.371774083868196,43.69232501162759,43.02207946777344,43.02207946777344,43100,0.0,0.0
2024-02-27 00:00:00-05:00,43.44947821624283,43.44947821624283,43.03178787231445,43.03178787231445,44500,0.0,0.0
2024-02-28 00:00:00-05:00,42.75009231922884,43.04150696698677,42.5363929378285,42.57524871826172,37400,0.0,0.0
2024-02-29 00:00:00-05:00,42.594669342041016,42.95407972276451,42.244978463850025,42.594669342041016,105100,0.0,0.0
2024-03-01 00:00:00-05:00,43.3329160980101,43.3329160980101,40.350803625994914,41.00162124633789,77000,0.0,0.0
2024-03-04 00:00:00-05:00,42.38097491684601,43.9934528029984,42.27412336988251,42.866661071777344,120400,0.0,0.0
2024-03-05 00:00:00-05:00,42.56552986853932,43.96430451442497,42.56552986853932,43.25520324707031,94000,0.0,0.0
2024-03-06 00:00:00-05:00,43.274629493834325,43.74088769143733,43.196921646979206,43.58546829223633,71100,0.0,0.0
2024-03-07 00:00:00-05:00,43.66318224071115,44.4014235010561,43.66318224071115,43.925453186035156,69100,0.0,0.0
2024-03-08 00:00:00-05:00,44.27709044168003,44.872918418722314,43.66172284528644,43.778934478759766,85900,0.25,0.0
2024-03-11 00:00:00-04:00,43.73986574572427,44.02313062864266,43.15380381135394,43.97429275512695,64700,0.0,0.0
2024-03-12 00:00:00-04:00,44.10127196346131,44.41383880936892,43.730097436662014,43.7593994140625,86600,0.0,0.0
2024-03-13 00:00:00-04:00,43.6910269734501,44.101273299942974,43.3979960122928,43.81800842285156,142500,0.0,0.0
2024-03-14 00:00:00-04:00,43.691025405675056,43.95475437908043,42.60680753481656,43.23194122314453,191900,0.0,0.0
2024-03-15 00:00:00-04:00,43.02682342453162,43.69102895384319,42.78263032481681,43.41753387451172,280100,0.0,0.0
2024-03-18 00:00:00-04:00,43.73009731542968,43.964520586165136,43.300318835020875,43.495670318603516,181300,0.0,0.0
2024-03-19 00:00:00-04:00,43.23194048452951,44.462675672727514,43.23194048452951,44.40406799316406,147500,0.0,0.0
2024-03-20 00:00:00-04:00,44.306391450158664,45.51758699712247,44.306391450158664,45.40037536621094,66700,0.0,0.0
2024-03-21 00:00:00-04:00,45.83015688208512,45.87899848046695,45.13664940771665,45.5078239440918,105300,0.0,0.0
2024-03-22 00:00:00-04:00,45.752014565162696,45.752014565162696,44.66779671873431,44.67756652832031,118500,0.0,0.0
2024-03-25 00:00:00-04:00,44.628728457637465,44.73617401502657,43.97429275512695,43.97429275512695,75500,0.0,0.0
2024-03-26 00:00:00-04:00,44.18918307376384,44.687335336394504,44.07196770812888,44.08173751831055,77900,0.0,0.0
2024-03-27 00:00:00-04:00,44.130573189322604,44.306392502912786,43.6421870351478,43.95475387573242,99800,0.0,0.0
2024-03-28 00:00:00-04:00,44.13057477719963,44.511515394988216,43.62265271145123,43.739864349365234,77100,0.0,0.0
2024-04-01 00:00:00-04:00,43.80823480536176,43.88637837546076,42.81193036923302,42.929141998291016,51200,0.0,0.0
2024-04-02 00:00:00-04:00,42.76309172033893,43.954755163795305,42.362615211223535,43.925453186035156,85400,0.0,0.0
2024-04-03 00:00:00-04:00,43.905914915386376,44.21848174821022,43.30031714255148,43.44683074951172,74500,0.0,0.0
2024-04-04 00:00:00-04:00,43.82777027916437,44.628723234574466,43.3979918259974,43.915679931640625,87200,0.0,0.0
2024-04-05 00:00:00-04:00,43.97428824670898,44.57011993034998,43.74963107069673,44.25755310058594,217000,0.0,0.0
2024-04-08 00:00:00-04:00,44.52128258722849,44.57988653969424,43.60311425363226,43.622650146484375,43800,0.0,0.0
2024-04-09 00:00:00-04:00,43.612884721929454,43.661722591752195,42.577504741670474,43.2514762878418,57800,0.0,0.0
2024-04-10 00:00:00-04:00,42.50913418267366,42.528670077293334,41.26863282000647,41.66910934448242,89900,0.0,0.0
2024-04-11 00:00:00-04:00,41.87422878331141,41.87422878331141,41.141649535120074,41.26863098144531,84200,0.0,0.0
2024-04-12 00:00:00-04:00,41.16118485586071,41.26863040694087,40.74117246132412,40.83885192871094,44200,0.0,0.0
2024-04-15 00:00:00-04:00,40.90722800680545,41.46398796108673,40.08673906479763,40.3406982421875,48400,0.0,0.0
2024-04-16 00:00:00-04:00,40.04766460055103,40.4383750139195,39.725327950608445,39.959754943847656,48000,0.0,0.0
2024-04-17 00:00:00-04:00,40.22348442817463,40.22348442817463,39.061126708984375,39.061126708984375,52300,0.0,0.0
2024-04-18 00:00:00-04:00,39.45183339392874,39.70579628364492,39.0611267017287,39.236942291259766,56900,0.0,0.0
2024-04-19 00:00:00-04:00,39.21741073957077,39.65695530943566,39.08065948275842,39.57881546020508,56200,0.0,0.0
2024-04-22 00:00:00-04:00,39.83277324734547,39.83277324734547,39.39322869271374,39.43229675292969,154300,0.0,0.0
2024-04-23 00:00:00-04:00,39.44206944794084,40.418841820517244,39.44206944794084,40.3406982421875,52700,0.0,0.0
2024-04-24 00:00:00-04:00,39.99882842893132,40.37000296478403,39.55928012674928,40.00859451293945,72300,0.0,0.0
2024-04-25 00:00:00-04:00,39.676490331188006,39.76439998844691,39.18810417443649,39.510440826416016,62000,0.0,0.0
2024-04-26 00:00:00-04:00,39.52020632382153,39.79370510128691,39.11972983026965,39.25647735595703,42200,0.0,0.0
2024-04-29 00:00:00-04:00,39.12949849847504,39.40299354187203,38.39691929558408,38.48482894897461,61700,0.0,0.0
2024-04-30 00:00:00-04:00,38.387152451386356,38.387152451386356,37.53736155369824,37.615501403808594,78800,0.0,0.0
2024-05-01 00:00:00-04:00,36.14057247642916,36.81454397311058,33.38607508847503,33.718177795410156,224700,0.0,0.0
2024-05-02 00:00:00-04:00,33.78655433595379,34.304242467659776,33.32747015812205,34.274940490722656,123000,0.0,0.0
2024-05-03 00:00:00-04:00,34.67541817480063,34.67541817480063,33.835393363687274,33.981910705566406,84900,0.0,0.0
2024-05-06 00:00:00-04:00,34.1870316213107,34.42145862047962,33.97214051591342,34.16749572753906,62400,0.0,0.0
2024-05-07 00:00:00-04:00,34.138196635032884,34.38238973867963,33.79632405427281,33.92330551147461,44100,0.0,0.0
2024-05-08 00:00:00-04:00,33.727947107413954,34.49959813653853,33.69864513008465,34.265174865722656,66700,0.0,0.0
2024-05-09 00:00:00-04:00,34.29447549189938,35.25171188321369,34.26517351572452,35.095428466796875,66100,0.0,0.0
2024-05-10 00:00:00-04:00,35.09542927840184,35.09542927840184,34.10197473131851,34.47574996948242,62600,0.25,0.0
2024-05-13 00:00:00-04:00,34.57411343980368,34.57411343980368,34.03312148878734,34.111812591552734,67900,0.0,0.0
2024-05-14 00:00:00-04:00,34.35771479801036,34.35771479801036,33.73803552999908,34.013450622558594,77800,0.0,0.0
2024-05-15 00:00:00-04:00,34.269189934691646,34.56427405610566,33.87574193800751,34.554439544677734,95000,0.0,0.0
2024-05-16 00:00:00-04:00,34.66263600081097,34.66263600081097,33.846232766431015,33.87574005126953,106700,0.0,0.0
2024-05-17 00:00:00-04:00,34.06263344239885,34.31837202885182,33.70853097484982,34.25935745239258,90900,0.0,0.0
2024-05-20 00:00:00-04:00,34.082306068120445,34.56427595066852,33.954434899359406,34.07246780395508,82600,0.0,0.0
2024-05-21 00:00:00-04:00,34.033120347726886,34.22000983442953,33.639676103686185,34.17082977294922,47100,0.0,0.0
2024-05-22 00:00:00-04:00,34.052795653934346,34.83968795270436,33.86590990553849,34.8101806640625,110600,0.0,0.0
2024-05-23 00:00:00-04:00,34.888872231389875,35.24297470856845,34.24952011957317,34.59378433227539,55800,0.0,0.0
2024-05-24 00:00:00-04:00,34.633128066795315,34.91837768645167,34.505260652906586,34.879032135009766,49500,0.0,0.0
2024-05-28 00:00:00-04:00,34.9085397209907,35.154443764876476,34.239680421445584,34.279022216796875,83900,0.0,0.0
2024-05-29 00:00:00-04:00,33.826565476380594,33.96427116421558,33.511808546415324,33.60033416748047,40100,0.0,0.0
2024-05-30 00:00:00-04:00,33.53148132356298,34.13148789387133,33.2855772375152,33.60033416748047,52200,0.0,0.0
2024-05-31 00:00:00-04:00,33.610163776201986,34.180662973651806,33.56098371660756,34.0429573059082,54200,0.0,0.0
2024-06-03 00:00:00-04:00,34.426570642833894,34.426570642833894,33.47246162717185,33.669185638427734,53400,0.0,0.0
2024-06-04 00:00:00-04:00,33.32491858474284,33.600329925643805,32.95114337052146,33.236392974853516,66900,0.0,0.0
2024-06-05 00:00:00-04:00,33.49213409423828,33.836402048806576,33.14786989186838,33.49213409423828,52800,0.0,0.0
2024-06-06 00:00:00-04:00,33.36426336832747,33.56098738037908,32.53802927166788,32.892127990722656,64400,0.0,0.0
2024-06-07 00:00:00-04:00,32.685569158273225,32.980653297468244,32.53802896477492,32.7150764465332,44500,0.0,0.0
2024-06-10 00:00:00-04:00,32.45933694357215,32.97081785476496,32.33146577772437,32.764259338378906,37400,0.0,0.0
2024-06-11 00:00:00-04:00,32.518354113356594,33.236393515381764,32.449501277011585,33.20688247680664,44500,0.0,0.0
2024-06-12 00:00:00-04:00,33.944594653815834,34.279024324147926,33.177375190429686,33.20688247680664,51900,0.0,0.0
2024-06-13 00:00:00-04:00,32.97081840024909,33.17737692005253,32.39048464065962,32.73474884033203,54600,0.0,0.0
2024-06-14 00:00:00-04:00,32.30195662312319,32.30195662312319,31.54457168795573,31.60359001159668,74400,0.0,0.0
2024-06-17 00:00:00-04:00,31.416704978271177,31.908511249525823,31.22981735696894,31.27899742126465,128200,0.0,0.0
2024-06-18 00:00:00-04:00,31.259327204067766,31.672446131913567,31.21014526259848,31.534740447998047,102600,0.0,0.0
2024-06-20 00:00:00-04:00,31.475719246515006,31.6921160170382,30.87571274802661,31.003583908081055,57500,0.0,0.0
2024-06-21 00:00:00-04:00,30.974076671323154,31.47572120312994,30.856043767426957,31.387195587158203,111300,0.0,0.0
2024-06-24 00:00:00-04:00,31.288833949043894,31.65277280519432,30.944567869139266,30.98391342163086,44800,0.0,0.0
2024-06-25 00:00:00-04:00,30.86587843187376,30.95440404828299,30.50194145427955,30.610139846801758,51200,0.0,0.0
2024-06-26 00:00:00-04:00,30.492102814936803,30.797023317778436,30.433086367054337,30.531448364257812,66800,0.0,0.0
2024-06-27 00:00:00-04:00,30.66915480082952,30.76751680049018,30.374068801847546,30.492103576660156,36900,0.0,0.0
2024-06-28 00:00:00-04:00,30.70849911221715,30.983912341761837,30.334725757069993,30.846206665039062,298500,0.0,0.0
2024-07-01 00:00:00-04:00,30.856044839504353,30.856044839504353,30.049477879727082,30.275711059570312,93300,0.0,0.0
2024-07-02 00:00:00-04:00,30.19702026727023,30.83637046813965,30.19702026727023,30.83637046813965,63200,0.0,0.0
2024-07-03 00:00:00-04:00,30.974075473357086,30.974075473357086,30.452758185697224,30.580629348754883,30900,0.0,0.0
2024-07-05 00:00:00-04:00,30.541285294064952,30.541285294064952,29.636358225109735,29.73472023010254,61700,0.0,0.0
2024-07-08 00:00:00-04:00,29.882260205080538,30.265871810055028,29.882260205080538,30.226526260375977,141500,0.0,0.0
2024-07-09 00:00:00-04:00,30.098657608032227,30.265872445480706,29.921606382957474,30.098657608032227,59700,0.0,0.0
2024-07-10 00:00:00-04:00,30.108494595776556,30.47243156470717,29.980623430185364,30.4527587890625,58600,0.0,0.0
2024-07-11 00:00:00-04:00,30.75768008110153,31.869167475907823,30.511776022652235,31.377357482910156,82500,0.0,0.0
2024-07-12 00:00:00-04:00,31.849496996016637,32.14458113697968,31.58392014349037,31.93802261352539,81700,0.0,0.0
2024-07-15 00:00:00-04:00,32.252780832977805,32.892129205510216,32.15441694721996,32.44950485229492,64900,0.0,0.0
2024-07-16 00:00:00-04:00,32.862622699007666,34.44624565156071,32.862622699007666,34.32821273803711,86600,0.0,0.0
2024-07-17 00:00:00-04:00,34.19050109243039,34.47575072125448,33.96426979266596,34.05279541015625,57000,0.0,0.0
2024-07-18 00:00:00-04:00,33.87573982996165,34.91837432975402,33.43311555148369,33.50196838378906,74000,0.0,0.0
2024-07-19 00:00:00-04:00,33.63967879996518,33.63967879996518,32.73474983696339,33.06917953491211,55200,0.0,0.0
2024-07-22 00:00:00-04:00,33.21672131445723,33.94459524045462,32.85278435145853,33.75770950317383,48200,0.0,0.0
2024-07-23 00:00:00-04:00,33.81672533619254,34.711815910359284,33.65934689740052,34.465911865234375,62900,0.0,0.0
2024-07-24 00:00:00-04:00,34.16098997207693,34.485585117196834,33.45278511159571,33.47245788574219,72800,0.0,0.0
2024-07-25 00:00:00-04:00,33.74787564743278,35.04624882646317,33.74787564743278,34.49542236328125,82600,0.0,0.0
2024-07-26 00:00:00-04:00,34.829851720118775,35.390512689810684,34.544602103342676,35.28231430053711,59100,0.0,0.0
2024-07-29 00:00:00-04:00,35.30198850592999,35.42985967590516,34.48558892577716,34.63312911987305,50300,0.0,0.0
2024-07-30 00:00:00-04:00,34.93804768111848,35.57739595626521,34.692143632477894,35.21345901489258,86400,0.0,0.0
2024-07-31 00:00:00-04:00,33.79705561915562,35.26264175942684,33.02983612967668,34.308536529541016,177700,0.0,0.0
2024-08-01 00:00:00-04:00,34.38722471767581,35.134775201911324,33.55115236914232,34.07246780395508,111500,0.0,0.0
2024-08-02 00:00:00-04:00,33.01999846417395,33.15770414404292,32.02654766497759,32.73474884033203,93200,0.0,0.0
2024-08-05 00:00:00-04:00,31.45604747129801,32.036381213434765,30.964239342443072,31.819984436035156,75400,0.0,0.0
2024-08-06 00:00:00-04:00,32.06588965199072,32.321631989410356,31.298670144128604,31.859331130981445,107900,0.0,0.0
2024-08-07 00:00:00-04:00,32.35114015687165,32.35114015687165,31.052766914951604,31.239654541015625,50600,0.0,0.0
2024-08-08 00:00:00-04:00,31.544573920611768,31.642934048110313,31.042929390752654,31.200307846069336,45000,0.0,0.0
2024-08-09 00:00:00-04:00,31.15112880675922,31.367523720911247,30.87571556284817,31.052766799926758,49800,0.0,0.0
2024-08-12 00:00:00-04:00,31.231229362938244,31.231229362938244,30.557031093166408,31.052764892578125,45500,0.25,0.0
2024-08-13 00:00:00-04:00,31.399778366088867,31.598072638719714,30.90404457558609,31.399778366088867,50100,0.0,0.0
2024-08-14 00:00:00-04:00,31.637731619064677,31.637731619064677,31.12216800254363,31.30063247680664,39600,0.0,0.0
2024-08-15 00:00:00-04:00,31.84593877831362,32.27227015591808,31.50884152854145,31.974830627441406,43600,0.0,0.0
2024-08-16 00:00:00-04:00,31.93517154039426,32.44082215105631,31.776536870453963,32.1136360168457,55900,0.0,0.0
2024-08-19 00:00:00-04:00,31.964916508018998,32.29209884336367,31.85585446885455,32.18303680419922,47900,0.0,0.0
2024-08-20 00:00:00-04:00,32.183038824911854,32.321843689964204,31.75670743530883,32.14337921142578,58200,0.0,0.0
2024-08-21 00:00:00-04:00,32.420990363734106,32.966296771953225,32.30201531408506,32.936553955078125,31800,0.0,0.0
2024-08-22 00:00:00-04:00,32.93655616175899,32.946469173998636,32.480478173608894,32.520137786865234,34700,0.0,0.0
2024-08-23 00:00:00-04:00,32.649030045741114,33.73964294883921,32.27227127940858,33.63058090209961,59100,0.0,0.0
2024-08-26 00:00:00-04:00,33.70989694100364,34.61213226666809,33.70989694100364,34.06682586669922,62100,0.0,0.0
2024-08-27 00:00:00-04:00,33.81896009149469,34.34443670377427,33.32322629662001,33.372798919677734,20500,0.0,0.0
2024-08-28 00:00:00-04:00,33.065442016302654,33.39262813052331,32.55979521868276,32.936553955078125,39500,0.0,0.0
2024-08-29 00:00:00-04:00,33.16459205931084,33.28356711260653,32.59945582847042,32.916725158691406,24700,0.0,0.0
2024-08-30 00:00:00-04:00,32.738260737826195,33.21416473388672,32.71843093188841,33.21416473388672,26700,0.0,0.0
2024-09-03 00:00:00-04:00,32.80766102600012,33.07535771546304,31.707131452257606,32.17312240600586,59100,0.0,0.0
2024-09-04 00:00:00-04:00,32.183037072267496,32.31192891800351,31.57824312813676,31.617900848388672,33800,0.0,0.0
2024-09-05 00:00:00-04:00,31.726963318949227,31.726963318949227,31.013107325059647,31.161827087402344,35700,0.0,0.0
2024-09-06 00:00:00-04:00,31.171740873148426,31.41960776519397,30.666092186446598,30.73549461364746,30100,0.0,0.0
2024-09-09 00:00:00-04:00,30.646263454655344,31.36011944796361,30.646263454655344,31.013107299804688,35600,0.0,0.0
2024-09-10 00:00:00-04:00,30.874301009490456,31.677391141386884,30.874301009490456,31.489011764526367,49100,0.0,0.0
2024-09-11 00:00:00-04:00,31.241144837018844,31.469181935059453,30.44796960881432,31.34029197692871,53100,0.0,0.0
2024-09-12 00:00:00-04:00,31.598073393010797,32.01448986261656,31.598073393010797,31.945087432861328,27900,0.0,0.0
2024-09-13 00:00:00-04:00,32.12355239566411,32.26235725729785,31.78645325363268,31.935171127319336,75200,0.0,0.0
2024-09-16 00:00:00-04:00,32.044233774235856,32.619286820006074,31.935171728855373,32.520137786865234,49900,0.0,0.0
2024-09-17 00:00:00-04:00,32.87706534028182,33.085272627778096,32.12355163127914,32.510223388671875,63600,0.0,0.0
2024-09-18 00:00:00-04:00,32.450735761758146,33.46203321958572,32.391246341127484,32.54988479614258,49700,0.0,0.0
2024-09-19 00:00:00-04:00,33.18442134021494,33.58100610564251,32.88697803845839,33.56117630004883,80800,0.0,0.0
2024-09-20 00:00:00-04:00,33.571094008977674,33.571094008977674,32.718431255951494,32.946468353271484,142500,0.0,0.0
2024-09-23 00:00:00-04:00,32.936554793944424,33.29348373413086,32.86715236470248,33.29348373413086,42200,0.0,0.0
2024-09-24 00:00:00-04:00,33.462029823728145,33.462029823728145,32.906806633968365,33.174503326416016,49200,0.0,0.0
2024-09-25 00:00:00-04:00,33.2637355572319,33.2637355572319,32.748171977201075,33.174503326416016,40900,0.0,0.0
2024-09-26 00:00:00-04:00,33.39262809380214,33.709897413949776,33.29348284956174,33.42237091064453,50200,0.0,0.0
2024-09-27 00:00:00-04:00,33.699986890047406,34.19572071214069,33.49177581033505,33.70989990234375,26400,0.0,0.0
2024-09-30 00:00:00-04:00,33.49177543689341,33.69998651428416,33.293484935986214,33.68015670776367,32900,0.0,0.0
2024-10-01 00:00:00-04:00,33.50169140082292,33.630579466788085,32.569709428205066,33.32322692871094,50800,0.0,0.0
2024-10-02 00:00:00-04:00,33.194335362800224,33.33314022403432,32.629199123690675,32.75809097290039,18500,0.0,0.0
2024-10-03 00:00:00-04:00,32.500306184927304,32.60936822428323,32.09380462687713,32.48047637939453,28800,0.0,0.0
2024-10-04 00:00:00-04:00,32.48047706247363,32.78783338147246,32.28218656727311,32.72834396362305,37200,0.0,0.0
2024-10-07 00:00:00-04:00,32.51022228500171,32.80766179734862,32.35158762627345,32.71842956542969,77500,0.0,0.0
2024-10-08 00:00:00-04:00,32.9068072008434,32.9068072008434,32.30201516172669,32.341670989990234,43000,0.0,0.0
2024-10-09 00:00:00-04:00,32.19295337675185,32.58953813753922,32.06406153297535,32.26235580444336,57300,0.0,0.0
2024-10-10 00:00:00-04:00,31.895511138654474,32.143378040691196,31.865768320697676,31.905427932739258,36800,0.0,0.0
2024-10-11 00:00:00-04:00,31.806283039339657,32.658942014845906,31.806283039339657,32.56970977783203,65800,0.0,0.0
2024-10-14 00:00:00-04:00,32.4507329314455,33.08527156756644,32.41107332115079,33.015869140625,34100,0.0,0.0
2024-10-15 00:00:00-04:00,32.79774862993636,33.26373581027657,32.7878318363544,33.09518814086914,77100,0.0,0.0
2024-10-16 00:00:00-04:00,33.45211756948213,33.98750718434619,33.15467427193153,33.719810485839844,96200,0.0,0.0
2024-10-17 00:00:00-04:00,33.54135207195556,34.41384087188672,33.43229002642694,34.384098052978516,61600,0.0,0.0
2024-10-18 00:00:00-04:00,34.443585133239,34.750937660142824,33.80904270982597,34.69145202636719,76100,0.0,0.0
2024-10-21 00:00:00-04:00,34.73110883200889,34.73110883200889,33.64049598441946,33.888362884521484,84500,0.0,0.0
2024-10-22 00:00:00-04:00,33.7098999424551,33.84870480766256,33.1844233006986,33.22407913208008,35300,0.0,0.0
2024-10-23 00:00:00-04:00,33.00595829902057,33.41245987589428,32.787834210208246,33.08527374267578,51700,0.0,0.0
2024-10-24 00:00:00-04:00,33.29348193612768,33.352967568180425,32.837403991548264,33.253822326660156,33100,0.0,0.0
2024-10-25 00:00:00-04:00,33.4124579961435,33.809042756405816,33.08527188133217,33.23399353027344,47500,0.0,0.0
2024-10-28 00:00:00-04:00,33.233994231132705,33.62066598795601,32.92663791517506,32.99604034423828,82200,0.0,0.0
2024-10-29 00:00:00-04:00,32.807661165852316,33.1150174659122,32.54988126868648,32.768001556396484,56400,0.0,0.0
2024-10-30 00:00:00-04:00,25.29233857604162,28.87153719922919,24.79660477852863,26.016109466552734,546000,0.0,0.0
2024-10-31 00:00:00-04:00,26.075597561853876,27.52314126554314,25.797987839475354,26.30363655090332,257000,0.0,0.0
2024-11-01 00:00:00-04:00,26.49201304926555,26.868771788559837,25.966536442302836,26.472185134887695,183100,0.0,0.0
2024-11-04 00:00:00-05:00,26.581244855499524,27.176125771983692,26.28380534279459,26.293720245361328,108200,0.0,0.0
2024-11-05 00:00:00-05:00,26.164828494787784,26.898514267629587,26.164828494787784,26.739879608154297,65700,0.0,0.0
2024-11-06 00:00:00-05:00,28.554266418709435,30.001810113030036,28.256826892064826,29.5159912109375,508000,0.0,0.0
2024-11-07 00:00:00-05:00,29.406928169769397,29.82334462757162,28.752559720519386,29.049999237060547,96000,0.0,0.0
2024-11-08 00:00:00-05:00,28.90999984741211,29.09000015258789,28.350000381469727,28.479999542236328,93700,0.25,0.0
