Date,Open,High,Low,Close,Volume,Dividends,Stock Splits
2022-01-03 00:00:00-05:00,147.35000610351562,150.5,141.0500030517578,143.85000610351562,5609,0.0,0.0
2022-01-04 00:00:00-05:00,142.8000030517578,144.5500030517578,133.0,137.89999389648438,1983,0.0,0.0
2022-01-05 00:00:00-05:00,135.8000030517578,137.89999389648438,127.75,127.75,3071,0.0,0.0
2022-01-06 00:00:00-05:00,127.4000015258789,132.3000030517578,124.5999984741211,130.89999389648438,1763,0.0,0.0
2022-01-07 00:00:00-05:00,130.5500030517578,132.05499267578125,125.82499694824219,127.4000015258789,889,0.0,0.0
2022-01-10 00:00:00-05:00,122.8499984741211,129.14999389648438,114.80000305175781,114.80000305175781,4817,0.0,0.0
2022-01-11 00:00:00-05:00,115.5,117.5999984741211,114.0999984741211,115.1500015258789,514,0.0,0.0
2022-01-12 00:00:00-05:00,115.1500015258789,116.9000015258789,113.75,115.5,929,0.0,0.0
2022-01-13 00:00:00-05:00,115.5,115.5,110.25,110.5999984741211,2009,0.0,0.0
2022-01-14 00:00:00-05:00,110.25,111.30000305175781,105.3499984741211,106.4000015258789,1723,0.0,0.0
2022-01-18 00:00:00-05:00,105.0,108.43000030517578,98.69999694824219,100.44999694824219,1774,0.0,0.0
2022-01-19 00:00:00-05:00,100.44999694824219,102.19999694824219,95.55000305175781,95.55000305175781,2251,0.0,0.0
2022-01-20 00:00:00-05:00,95.19999694824219,99.4000015258789,93.0999984741211,94.5,2283,0.0,0.0
2022-01-21 00:00:00-05:00,93.0999984741211,94.5,89.25,89.25,1626,0.0,0.0
2022-01-24 00:00:00-05:00,87.5,92.75,82.94999694824219,89.25,1983,0.0,0.0
2022-01-25 00:00:00-05:00,87.1500015258789,92.4000015258789,86.0999984741211,91.0,683,0.0,0.0
2022-01-26 00:00:00-05:00,92.05000305175781,103.5999984741211,91.3499984741211,95.19999694824219,774,0.0,0.0
2022-01-27 00:00:00-05:00,101.8499984741211,101.8499984741211,85.75,85.75,934,0.0,0.0
2022-01-28 00:00:00-05:00,87.5,88.19999694824219,84.0,84.3499984741211,1034,0.0,0.0
2022-01-31 00:00:00-05:00,86.80000305175781,91.0,86.0999984741211,89.25,403,0.0,0.0
2022-02-01 00:00:00-05:00,93.0999984741211,95.19999694824219,91.69999694824219,93.44999694824219,177,0.0,0.0
2022-02-02 00:00:00-05:00,94.5,95.55000305175781,91.69999694824219,93.625,400,0.0,0.0
2022-02-03 00:00:00-05:00,91.0,92.4000015258789,88.55000305175781,91.3499984741211,3240,0.0,0.0
2022-02-04 00:00:00-05:00,90.30000305175781,91.0,87.63999938964844,91.0,571,0.0,0.0
2022-02-07 00:00:00-05:00,91.0,99.05000305175781,87.8499984741211,92.75,1409,0.0,0.0
2022-02-08 00:00:00-05:00,91.3499984741211,93.80000305175781,83.6500015258789,85.75,986,0.0,0.0
2022-02-09 00:00:00-05:00,85.75,89.21499633789062,85.75,86.0999984741211,211,0.0,0.0
2022-02-10 00:00:00-05:00,93.0999984741211,93.0999984741211,86.0999984741211,88.55000305175781,563,0.0,0.0
2022-02-11 00:00:00-05:00,86.625,89.66999816894531,82.25,84.0,1054,0.0,0.0
2022-02-14 00:00:00-05:00,84.0,89.94999694824219,82.94999694824219,84.0,489,0.0,0.0
2022-02-15 00:00:00-05:00,85.75,87.5,82.25,85.4000015258789,457,0.0,0.0
2022-02-16 00:00:00-05:00,96.98500061035156,96.98500061035156,82.5999984741211,84.69999694824219,411,0.0,0.0
2022-02-17 00:00:00-05:00,88.9000015258789,90.08999633789062,78.92500305175781,81.9000015258789,829,0.0,0.0
2022-02-18 00:00:00-05:00,81.9000015258789,82.25,79.0999984741211,80.8499984741211,497,0.0,0.0
2022-02-22 00:00:00-05:00,78.75,80.8499984741211,77.0,78.4000015258789,543,0.0,0.0
2022-02-23 00:00:00-05:00,78.4000015258789,78.75,75.94999694824219,77.0,371,0.0,0.0
2022-02-24 00:00:00-05:00,74.55000305175781,77.0,73.5,77.0,871,0.0,0.0
2022-02-25 00:00:00-05:00,77.69999694824219,79.44999694824219,76.30000305175781,79.44999694824219,483,0.0,0.0
2022-02-28 00:00:00-05:00,77.0,80.5,77.0,78.4000015258789,423,0.0,0.0
2022-03-01 00:00:00-05:00,82.5999984741211,88.19999694824219,76.30000305175781,77.69999694824219,654,0.0,0.0
2022-03-02 00:00:00-05:00,89.94999694824219,89.94999694824219,78.57499694824219,78.75,300,0.0,0.0
2022-03-03 00:00:00-05:00,78.75,80.5,76.40499877929688,77.0,666,0.0,0.0
2022-03-04 00:00:00-05:00,76.6500015258789,77.5250015258789,70.3499984741211,75.25,1343,0.0,0.0
2022-03-07 00:00:00-05:00,72.80000305175781,73.77999877929688,71.4000015258789,71.4000015258789,806,0.0,0.0
2022-03-08 00:00:00-05:00,71.05000305175781,71.05000305175781,68.25,68.25,1669,0.0,0.0
2022-03-09 00:00:00-05:00,68.25,73.8499984741211,68.25,70.3499984741211,931,0.0,0.0
2022-03-10 00:00:00-05:00,70.0,71.4000015258789,67.19999694824219,68.5999984741211,546,0.0,0.0
2022-03-11 00:00:00-05:00,68.5999984741211,76.6500015258789,66.70999908447266,72.44999694824219,2126,0.0,0.0
2022-03-14 00:00:00-04:00,77.0,86.44999694824219,67.55000305175781,69.6500015258789,4826,0.0,0.0
2022-03-15 00:00:00-04:00,70.0,78.75,68.25,68.94999694824219,2271,0.0,0.0
2022-03-16 00:00:00-04:00,76.6500015258789,76.6500015258789,69.6500015258789,73.8499984741211,1043,0.0,0.0
2022-03-17 00:00:00-04:00,71.75,79.44999694824219,70.69999694824219,74.19999694824219,1394,0.0,0.0
2022-03-18 00:00:00-04:00,78.75,78.75,71.4000015258789,73.1500015258789,1877,0.0,0.0
2022-03-21 00:00:00-04:00,74.9000015258789,74.9000015258789,70.3499984741211,73.5,626,0.0,0.0
2022-03-22 00:00:00-04:00,74.9000015258789,76.6500015258789,71.75,75.5999984741211,369,0.0,0.0
2022-03-23 00:00:00-04:00,75.7750015258789,76.6500015258789,74.19999694824219,75.66999816894531,434,0.0,0.0
2022-03-24 00:00:00-04:00,75.94999694824219,77.3499984741211,73.1500015258789,76.6500015258789,1149,0.0,0.0
2022-03-25 00:00:00-04:00,77.3499984741211,78.19000244140625,75.5999984741211,76.54499816894531,854,0.0,0.0
2022-03-28 00:00:00-04:00,77.1050033569336,79.44999694824219,75.25,78.4000015258789,989,0.0,0.0
2022-03-29 00:00:00-04:00,78.4000015258789,78.4000015258789,66.5,73.1500015258789,3500,0.0,0.0
2022-03-30 00:00:00-04:00,73.5,76.30000305175781,72.80000305175781,74.19999694824219,451,0.0,0.0
2022-03-31 00:00:00-04:00,78.05000305175781,78.05000305175781,73.8499984741211,76.6500015258789,540,0.0,0.0
2022-04-01 00:00:00-04:00,77.69999694824219,77.69999694824219,75.25,75.5999984741211,377,0.0,0.0
2022-04-04 00:00:00-04:00,77.3499984741211,78.75,75.25,77.3499984741211,757,0.0,0.0
2022-04-05 00:00:00-04:00,76.6500015258789,79.0999984741211,74.19999694824219,77.3499984741211,220,0.0,0.0
2022-04-06 00:00:00-04:00,79.44999694824219,79.44999694824219,73.5,74.55000305175781,411,0.0,0.0
2022-04-07 00:00:00-04:00,74.19999694824219,75.5999984741211,70.69999694824219,71.05000305175781,629,0.0,0.0
2022-04-08 00:00:00-04:00,73.1500015258789,73.1500015258789,68.31999969482422,70.0,629,0.0,0.0
2022-04-11 00:00:00-04:00,67.9000015258789,70.69999694824219,67.9000015258789,69.4749984741211,669,0.0,0.0
2022-04-12 00:00:00-04:00,68.5999984741211,70.17500305175781,67.9000015258789,68.25,594,0.0,0.0
2022-04-13 00:00:00-04:00,68.25,69.6500015258789,68.25,68.25,220,0.0,0.0
2022-04-14 00:00:00-04:00,68.25,69.125,67.9000015258789,68.25,477,0.0,0.0
2022-04-18 00:00:00-04:00,68.5999984741211,68.7750015258789,67.19999694824219,67.55000305175781,423,0.0,0.0
2022-04-19 00:00:00-04:00,72.44999694824219,72.44999694824219,65.80000305175781,66.5,557,0.0,0.0
2022-04-20 00:00:00-04:00,68.25,68.42500305175781,65.80000305175781,66.5,109,0.0,0.0
2022-04-21 00:00:00-04:00,66.1500015258789,66.8499984741211,65.44999694824219,66.1500015258789,477,0.0,0.0
2022-04-22 00:00:00-04:00,69.30000305175781,69.30000305175781,65.0999984741211,65.44999694824219,511,0.0,0.0
2022-04-25 00:00:00-04:00,65.44999694824219,66.8499984741211,63.349998474121094,64.05000305175781,414,0.0,0.0
2022-04-26 00:00:00-04:00,63.0,68.25,57.75,59.5,1089,0.0,0.0
2022-04-27 00:00:00-04:00,58.974998474121094,59.849998474121094,58.45000076293945,59.150001525878906,306,0.0,0.0
2022-04-28 00:00:00-04:00,58.099998474121094,59.150001525878906,57.75,58.45000076293945,509,0.0,0.0
2022-04-29 00:00:00-04:00,58.79999923706055,59.150001525878906,53.20000076293945,55.650001525878906,580,0.0,0.0
2022-05-02 00:00:00-04:00,57.04999923706055,57.400001525878906,56.349998474121094,56.70000076293945,651,0.0,0.0
2022-05-03 00:00:00-04:00,52.849998474121094,57.04999923706055,52.849998474121094,56.349998474121094,300,0.0,0.0
2022-05-04 00:00:00-04:00,53.20000076293945,56.0,52.5,54.95000076293945,417,0.0,0.0
2022-05-05 00:00:00-04:00,57.04999923706055,57.04999923706055,52.150001525878906,52.5,486,0.0,0.0
2022-05-06 00:00:00-04:00,54.95000076293945,56.70000076293945,54.95000076293945,55.29999923706055,409,0.0,0.0
2022-05-09 00:00:00-04:00,57.75,57.75,53.20000076293945,53.20000076293945,663,0.0,0.0
2022-05-10 00:00:00-04:00,53.20000076293945,53.40999984741211,50.75,52.150001525878906,420,0.0,0.0
2022-05-11 00:00:00-04:00,54.459999084472656,54.459999084472656,43.04999923706055,43.75,3097,0.0,0.0
2022-05-12 00:00:00-04:00,47.95000076293945,53.23500061035156,44.79999923706055,45.849998474121094,1563,0.0,0.0
2022-05-13 00:00:00-04:00,60.20000076293945,60.20000076293945,47.31999969482422,49.0,1509,0.0,0.0
2022-05-16 00:00:00-04:00,50.75,51.79999923706055,50.75,51.099998474121094,337,0.0,0.0
2022-05-17 00:00:00-04:00,51.099998474121094,53.20000076293945,50.75,50.75,843,0.0,0.0
2022-05-18 00:00:00-04:00,51.099998474121094,54.25,42.0,43.04999923706055,1446,0.0,0.0
2022-05-19 00:00:00-04:00,44.099998474121094,46.20000076293945,44.099998474121094,46.20000076293945,366,0.0,0.0
2022-05-20 00:00:00-04:00,58.099998474121094,58.099998474121094,45.5,45.5,1051,0.0,0.0
2022-05-23 00:00:00-04:00,45.5,46.54999923706055,44.45000076293945,46.20000076293945,337,0.0,0.0
2022-05-24 00:00:00-04:00,46.900001525878906,47.25,45.849998474121094,46.20000076293945,329,0.0,0.0
2022-05-25 00:00:00-04:00,45.91999816894531,47.25,43.92499923706055,44.45000076293945,254,0.0,0.0
2022-05-26 00:00:00-04:00,44.45000076293945,45.5,42.70000076293945,42.70000076293945,440,0.0,0.0
2022-05-27 00:00:00-04:00,44.099998474121094,46.900001525878906,43.75,44.79999923706055,257,0.0,0.0
2022-05-31 00:00:00-04:00,48.29999923706055,48.29999923706055,46.654998779296875,48.29999923706055,89,0.0,0.0
2022-06-01 00:00:00-04:00,47.25,48.29999923706055,47.25,48.29999923706055,66,0.0,0.0
2022-06-02 00:00:00-04:00,48.29999923706055,48.29999923706055,45.46500015258789,45.849998474121094,89,0.0,0.0
2022-06-03 00:00:00-04:00,47.599998474121094,49.0,46.54999923706055,47.599998474121094,343,0.0,0.0
2022-06-06 00:00:00-04:00,46.20000076293945,48.650001525878906,46.20000076293945,47.599998474121094,454,0.0,0.0
2022-06-07 00:00:00-04:00,46.900001525878906,48.650001525878906,46.20000076293945,46.54999923706055,363,0.0,0.0
2022-06-08 00:00:00-04:00,45.5,45.5,44.099998474121094,45.5,186,0.0,0.0
2022-06-09 00:00:00-04:00,45.5,48.650001525878906,45.5,47.25,534,0.0,0.0
2022-06-10 00:00:00-04:00,45.5,47.25,43.540000915527344,43.75,463,0.0,0.0
2022-06-13 00:00:00-04:00,42.349998474121094,45.849998474121094,37.099998474121094,37.79999923706055,806,0.0,0.0
2022-06-14 00:00:00-04:00,37.45000076293945,37.79999923706055,32.900001525878906,35.349998474121094,466,0.0,0.0
2022-06-15 00:00:00-04:00,35.70000076293945,37.099998474121094,35.0,36.04999923706055,323,0.0,0.0
2022-06-16 00:00:00-04:00,41.29999923706055,41.29999923706055,35.0,35.0,320,0.0,0.0
2022-06-17 00:00:00-04:00,38.849998474121094,38.849998474121094,35.349998474121094,35.349998474121094,326,0.0,0.0
2022-06-21 00:00:00-04:00,35.0,38.5,35.0,37.45000076293945,274,0.0,0.0
2022-06-22 00:00:00-04:00,35.0,38.5,35.0,35.349998474121094,369,0.0,0.0
2022-06-23 00:00:00-04:00,35.349998474121094,36.400001525878906,35.0,35.0,66,0.0,0.0
2022-06-24 00:00:00-04:00,35.0,37.79999923706055,29.924999237060547,29.924999237060547,1154,0.0,0.0
2022-06-27 00:00:00-04:00,38.150001525878906,39.900001525878906,34.439998626708984,35.349998474121094,1394,0.0,0.0
2022-06-28 00:00:00-04:00,37.45000076293945,38.5,37.099998474121094,37.79999923706055,271,0.0,0.0
2022-06-29 00:00:00-04:00,38.150001525878906,38.150001525878906,34.15999984741211,36.400001525878906,260,0.0,0.0
2022-06-30 00:00:00-04:00,35.0,37.79999923706055,35.0,35.349998474121094,340,0.0,0.0
2022-07-01 00:00:00-04:00,38.849998474121094,38.849998474121094,35.0,35.349998474121094,143,0.0,0.0
2022-07-05 00:00:00-04:00,37.79999923706055,38.5,35.0,35.0,720,0.0,0.0
2022-07-06 00:00:00-04:00,33.25,33.25,32.900001525878906,32.900001525878906,2060,0.0,0.0
2022-07-07 00:00:00-04:00,31.149999618530273,35.349998474121094,31.149999618530273,34.6150016784668,540,0.0,0.0
2022-07-08 00:00:00-04:00,33.599998474121094,36.400001525878906,33.599998474121094,36.04999923706055,134,0.0,0.0
2022-07-11 00:00:00-04:00,36.04999923706055,36.04999923706055,34.6150016784668,34.6150016784668,69,0.0,0.0
2022-07-12 00:00:00-04:00,33.95000076293945,36.04999923706055,33.95000076293945,36.04999923706055,203,0.0,0.0
2022-07-13 00:00:00-04:00,34.650001525878906,35.70000076293945,34.650001525878906,35.0,160,0.0,0.0
2022-07-14 00:00:00-04:00,33.95000076293945,35.0,33.35499954223633,33.599998474121094,71,0.0,0.0
2022-07-15 00:00:00-04:00,35.349998474121094,36.04999923706055,34.125,34.720001220703125,86,0.0,0.0
2022-07-18 00:00:00-04:00,35.0,36.75,35.0,35.03499984741211,94,0.0,0.0
2022-07-19 00:00:00-04:00,34.650001525878906,36.75,34.650001525878906,36.04999923706055,157,0.0,0.0
2022-07-20 00:00:00-04:00,36.154998779296875,38.5,36.154998779296875,36.75,263,0.0,0.0
2022-07-21 00:00:00-04:00,36.75,37.79999923706055,36.75,37.099998474121094,43,0.0,0.0
2022-07-22 00:00:00-04:00,37.974998474121094,40.25,37.79999923706055,40.25,529,0.0,0.0
2022-07-25 00:00:00-04:00,43.400001525878906,43.400001525878906,38.779998779296875,42.0,286,0.0,0.0
2022-07-26 00:00:00-04:00,42.0,42.349998474121094,42.0,42.349998474121094,111,0.0,0.0
2022-07-27 00:00:00-04:00,42.349998474121094,43.400001525878906,42.349998474121094,42.97999954223633,49,0.0,0.0
2022-07-28 00:00:00-04:00,43.04999923706055,43.2599983215332,42.349998474121094,42.349998474121094,151,0.0,0.0
2022-07-29 00:00:00-04:00,42.349998474121094,43.01499938964844,42.0,42.70000076293945,69,0.0,0.0
2022-08-01 00:00:00-04:00,44.79999923706055,44.79999923706055,40.25,42.349998474121094,123,0.0,0.0
2022-08-02 00:00:00-04:00,38.150001525878906,41.96500015258789,38.150001525878906,40.25,220,0.0,0.0
2022-08-03 00:00:00-04:00,41.29999923706055,41.29999923706055,39.025001525878906,39.20000076293945,697,0.0,0.0
2022-08-04 00:00:00-04:00,40.775001525878906,40.775001525878906,39.900001525878906,40.599998474121094,80,0.0,0.0
2022-08-05 00:00:00-04:00,41.650001525878906,41.650001525878906,39.375,39.375,23714,0.0,0.0
2022-08-08 00:00:00-04:00,29.75,30.100000381469727,29.399999618530273,29.399999618530273,37291,0.0,0.0
2022-08-09 00:00:00-04:00,29.049999237060547,29.049999237060547,24.5,26.950000762939453,11246,0.0,0.0
2022-08-10 00:00:00-04:00,26.950000762939453,28.03499984741211,26.31999969482422,27.299999237060547,3303,0.0,0.0
2022-08-11 00:00:00-04:00,27.334999084472656,28.700000762939453,26.600000381469727,27.649999618530273,4483,0.0,0.0
2022-08-12 00:00:00-04:00,29.049999237060547,29.75,25.829999923706055,26.25,43346,0.0,0.0
2022-08-15 00:00:00-04:00,28.84000015258789,29.399999618530273,28.0,28.700000762939453,8143,0.0,0.0
2022-08-16 00:00:00-04:00,29.049999237060547,29.399999618530273,22.155000686645508,24.850000381469727,34586,0.0,0.0
2022-08-17 00:00:00-04:00,24.149999618530273,27.09000015258789,24.149999618530273,25.549999237060547,5897,0.0,0.0
2022-08-18 00:00:00-04:00,24.850000381469727,27.09000015258789,24.850000381469727,26.18000030517578,3286,0.0,0.0
2022-08-19 00:00:00-04:00,26.25,26.8799991607666,26.25,26.424999237060547,2457,0.0,0.0
2022-08-22 00:00:00-04:00,26.31999969482422,26.459999084472656,25.899999618530273,26.459999084472656,2806,0.0,0.0
2022-08-23 00:00:00-04:00,26.670000076293945,26.670000076293945,25.899999618530273,26.424999237060547,7069,0.0,0.0
2022-08-24 00:00:00-04:00,26.25,26.424999237060547,22.75,23.799999237060547,14086,0.0,0.0
2022-08-25 00:00:00-04:00,23.799999237060547,25.549999237060547,23.764999389648438,25.30500030517578,1486,0.0,0.0
2022-08-26 00:00:00-04:00,25.200000762939453,25.375,24.5,24.674999237060547,540,0.0,0.0
2022-08-29 00:00:00-04:00,24.53499984741211,25.829999923706055,24.5,24.639999389648438,963,0.0,0.0
2022-08-30 00:00:00-04:00,24.850000381469727,26.18000030517578,24.850000381469727,25.829999923706055,1011,0.0,0.0
2022-08-31 00:00:00-04:00,25.200000762939453,25.655000686645508,25.200000762939453,25.655000686645508,786,0.0,0.0
2022-09-01 00:00:00-04:00,25.899999618530273,25.899999618530273,24.850000381469727,25.899999618530273,1371,0.0,0.0
2022-09-02 00:00:00-04:00,25.44499969482422,25.899999618530273,25.200000762939453,25.899999618530273,534,0.0,0.0
2022-09-06 00:00:00-04:00,25.899999618530273,27.649999618530273,25.899999618530273,26.950000762939453,3346,0.0,0.0
2022-09-07 00:00:00-04:00,26.145000457763672,28.350000381469727,25.514999389648438,26.25,2243,0.0,0.0
2022-09-08 00:00:00-04:00,26.18000030517578,27.09000015258789,26.18000030517578,27.09000015258789,460,0.0,0.0
2022-09-09 00:00:00-04:00,26.25,26.809999465942383,26.18000030517578,26.530000686645508,1103,0.0,0.0
2022-09-12 00:00:00-04:00,26.600000381469727,27.299999237060547,26.25,26.25,526,0.0,0.0
2022-09-13 00:00:00-04:00,26.25,26.25,24.53499984741211,26.0049991607666,663,0.0,0.0
2022-09-14 00:00:00-04:00,26.21500015258789,26.31999969482422,24.885000228881836,24.885000228881836,480,0.0,0.0
2022-09-15 00:00:00-04:00,24.885000228881836,25.864999771118164,24.5,24.5,463,0.0,0.0
2022-09-16 00:00:00-04:00,23.975000381469727,27.860000610351562,23.975000381469727,24.850000381469727,11174,0.0,0.0
2022-09-19 00:00:00-04:00,26.110000610351562,26.110000610351562,24.045000076293945,24.045000076293945,451,0.0,0.0
2022-09-20 00:00:00-04:00,23.975000381469727,24.360000610351562,22.5049991607666,22.540000915527344,2826,0.0,0.0
2022-09-21 00:00:00-04:00,21.84000015258789,23.975000381469727,21.0,22.1200008392334,4226,0.0,0.0
2022-09-22 00:00:00-04:00,22.610000610351562,22.610000610351562,17.5,18.760000228881836,2851,0.0,0.0
2022-09-23 00:00:00-04:00,18.760000228881836,19.8799991607666,18.549999237060547,18.584999084472656,731,0.0,0.0
2022-09-26 00:00:00-04:00,19.25,19.25,16.65999984741211,17.114999771118164,1431,0.0,0.0
2022-09-27 00:00:00-04:00,17.639999389648438,17.639999389648438,14.03499984741211,14.03499984741211,1791,0.0,0.0
2022-09-28 00:00:00-04:00,16.309999465942383,16.309999465942383,9.869999885559082,10.954999923706055,11331,0.0,0.0
2022-09-29 00:00:00-04:00,11.585000038146973,14.699999809265137,10.850000381469727,11.550000190734863,2257,0.0,0.0
2022-09-30 00:00:00-04:00,11.795000076293945,13.4399995803833,11.444999694824219,11.444999694824219,2097,0.0,0.0
2022-10-03 00:00:00-04:00,13.335000038146973,13.335000038146973,10.850000381469727,11.585000038146973,2169,0.0,0.0
2022-10-04 00:00:00-04:00,11.585000038146973,12.600000381469727,11.199999809265137,11.234999656677246,1097,0.0,0.0
2022-10-05 00:00:00-04:00,13.404999732971191,13.404999732971191,11.899999618530273,11.899999618530273,780,0.0,0.0
2022-10-06 00:00:00-04:00,13.300000190734863,13.300000190734863,12.600000381469727,12.949999809265137,803,0.0,0.0
2022-10-07 00:00:00-04:00,14.630000114440918,15.399999618530273,12.600000381469727,13.4399995803833,1277,0.0,0.0
2022-10-10 00:00:00-04:00,14.03499984741211,14.03499984741211,12.949999809265137,13.300000190734863,326,0.0,0.0
2022-10-11 00:00:00-04:00,13.300000190734863,14.0,12.949999809265137,13.404999732971191,417,0.0,0.0
2022-10-12 00:00:00-04:00,13.300000190734863,13.300000190734863,12.600000381469727,12.600000381469727,277,0.0,0.0
2022-10-13 00:00:00-04:00,12.600000381469727,12.8100004196167,11.375,11.550000190734863,171,0.0,0.0
2022-10-14 00:00:00-04:00,10.5,12.425000190734863,10.46500015258789,12.425000190734863,2274,0.0,0.0
2022-10-17 00:00:00-04:00,11.199999809265137,13.055000305175781,10.53499984741211,11.585000038146973,854,0.0,0.0
2022-10-18 00:00:00-04:00,10.5,11.864999771118164,10.324999809265137,11.585000038146973,1166,0.0,0.0
2022-10-19 00:00:00-04:00,11.585000038146973,16.975000381469727,11.585000038146973,12.600000381469727,25209,0.0,0.0
2022-10-20 00:00:00-04:00,12.494999885559082,12.494999885559082,11.515000343322754,12.074999809265137,1366,0.0,0.0
2022-10-21 00:00:00-04:00,12.005000114440918,12.390000343322754,10.675000190734863,11.199999809265137,3063,0.0,0.0
2022-10-24 00:00:00-04:00,10.5,11.199999809265137,10.5,10.989999771118164,517,0.0,0.0
2022-10-25 00:00:00-04:00,12.145000457763672,12.145000457763672,11.0600004196167,11.619999885559082,731,0.0,0.0
2022-10-26 00:00:00-04:00,12.039999961853027,14.0,11.550000190734863,11.550000190734863,1009,0.0,0.0
2022-10-27 00:00:00-04:00,13.300000190734863,21.350000381469727,13.300000190734863,13.300000190734863,97723,0.0,0.0
2022-10-28 00:00:00-04:00,13.300000190734863,13.300000190734863,11.619999885559082,12.600000381469727,7083,0.0,0.0
2022-10-31 00:00:00-04:00,13.300000190734863,13.475000381469727,12.600000381469727,13.229999542236328,1974,0.0,0.0
2022-11-01 00:00:00-04:00,13.229999542236328,14.0,11.899999618530273,13.755000114440918,826,0.0,0.0
2022-11-02 00:00:00-04:00,13.614999771118164,13.614999771118164,11.619999885559082,12.5649995803833,3143,0.0,0.0
2022-11-03 00:00:00-04:00,12.005000114440918,12.739999771118164,11.34000015258789,11.725000381469727,1551,0.0,0.0
2022-11-04 00:00:00-04:00,10.710000038146973,11.795000076293945,10.53499984741211,10.640000343322754,3523,0.0,0.0
2022-11-07 00:00:00-05:00,13.649999618530273,13.649999618530273,10.5,12.25,25877,0.0,0.0
2022-11-08 00:00:00-05:00,12.704999923706055,12.704999923706055,11.34000015258789,12.25,740,0.0,0.0
2022-11-09 00:00:00-05:00,12.600000381469727,12.600000381469727,11.270000457763672,11.550000190734863,894,0.0,0.0
2022-11-10 00:00:00-05:00,12.145000457763672,12.319999694824219,11.199999809265137,11.550000190734863,1309,0.0,0.0
2022-11-11 00:00:00-05:00,11.234999656677246,12.005000114440918,11.234999656677246,12.005000114440918,374,0.0,0.0
2022-11-14 00:00:00-05:00,11.40999984741211,11.829999923706055,10.53499984741211,11.444999694824219,1323,0.0,0.0
2022-11-15 00:00:00-05:00,11.444999694824219,11.899999618530273,10.569999694824219,11.515000343322754,1100,0.0,0.0
2022-11-16 00:00:00-05:00,10.850000381469727,11.550000190734863,10.850000381469727,11.199999809265137,191,0.0,0.0
2022-11-17 00:00:00-05:00,10.989999771118164,10.989999771118164,10.850000381469727,10.850000381469727,877,0.0,0.0
2022-11-18 00:00:00-05:00,10.885000228881836,11.199999809265137,10.850000381469727,10.850000381469727,269,0.0,0.0
2022-11-21 00:00:00-05:00,10.850000381469727,11.515000343322754,10.850000381469727,11.095000267028809,709,0.0,0.0
2022-11-22 00:00:00-05:00,11.164999961853027,11.164999961853027,9.765000343322754,10.149999618530273,2063,0.0,0.0
2022-11-23 00:00:00-05:00,10.5,11.725000381469727,10.5,11.725000381469727,626,0.0,0.0
2022-11-25 00:00:00-05:00,11.550000190734863,11.550000190734863,10.850000381469727,10.850000381469727,569,0.0,0.0
2022-11-28 00:00:00-05:00,11.199999809265137,11.760000228881836,10.850000381469727,11.199999809265137,589,0.0,0.0
2022-11-29 00:00:00-05:00,11.899999618530273,11.899999618530273,11.550000190734863,11.550000190734863,274,0.0,0.0
2022-11-30 00:00:00-05:00,10.850000381469727,11.479999542236328,10.850000381469727,11.024999618530273,851,0.0,0.0
2022-12-01 00:00:00-05:00,11.550000190734863,11.899999618530273,11.550000190734863,11.585000038146973,354,0.0,0.0
2022-12-02 00:00:00-05:00,11.725000381469727,13.859999656677246,11.550000190734863,12.109999656677246,2751,0.0,0.0
2022-12-05 00:00:00-05:00,11.515000343322754,12.25,11.199999809265137,11.515000343322754,400,0.0,0.0
2022-12-06 00:00:00-05:00,11.199999809265137,11.899999618530273,11.199999809265137,11.234999656677246,414,0.0,0.0
2022-12-07 00:00:00-05:00,11.199999809265137,11.375,10.5,10.5,1846,0.0,0.0
2022-12-08 00:00:00-05:00,10.675000190734863,10.954999923706055,9.625,10.149999618530273,2546,0.0,0.0
2022-12-09 00:00:00-05:00,10.675000190734863,10.850000381469727,8.75,8.960000038146973,1869,0.0,0.0
2022-12-12 00:00:00-05:00,9.100000381469727,14.699999809265137,9.100000381469727,9.800000190734863,18929,0.0,0.0
2022-12-13 00:00:00-05:00,10.5,10.5,9.100000381469727,9.975000381469727,1523,0.0,0.0
2022-12-14 00:00:00-05:00,11.0600004196167,11.0600004196167,9.274999618530273,10.675000190734863,1346,0.0,0.0
2022-12-15 00:00:00-05:00,9.449999809265137,11.024999618530273,9.449999809265137,10.604999542236328,2277,0.0,0.0
2022-12-16 00:00:00-05:00,10.255000114440918,11.024999618530273,9.800000190734863,10.850000381469727,760,0.0,0.0
2022-12-19 00:00:00-05:00,10.5,10.5,9.449999809265137,10.010000228881836,1094,0.0,0.0
2022-12-20 00:00:00-05:00,10.569999694824219,11.654999732971191,9.100000381469727,10.8149995803833,110469,0.0,0.0
2022-12-21 00:00:00-05:00,10.430000305175781,11.375,9.800000190734863,9.975000381469727,13351,0.0,0.0
2022-12-22 00:00:00-05:00,9.65999984741211,11.550000190734863,8.75,10.920000076293945,8983,0.0,0.0
2022-12-23 00:00:00-05:00,10.604999542236328,11.024999618530273,10.604999542236328,10.604999542236328,809,0.0,0.0
2022-12-27 00:00:00-05:00,10.604999542236328,10.604999542236328,9.975000381469727,9.975000381469727,11280,0.0,0.0
2022-12-28 00:00:00-05:00,9.835000038146973,10.149999618530273,7.699999809265137,8.050000190734863,16906,0.0,0.0
2022-12-29 00:00:00-05:00,8.3100004196167,10.289999961853027,8.3100004196167,8.779999732971191,49600,0.0,0.02857142857142857
2022-12-30 00:00:00-05:00,9.020000457763672,9.020000457763672,8.5600004196167,8.649999618530273,13600,0.0,0.0
2023-01-03 00:00:00-05:00,8.489999771118164,16.649999618530273,8.329999923706055,10.550000190734863,579900,0.0,0.0
2023-01-04 00:00:00-05:00,12.850000381469727,16.3799991607666,10.739999771118164,11.800000190734863,444400,0.0,0.0
2023-01-05 00:00:00-05:00,11.359999656677246,12.065999984741211,9.760000228881836,9.970000267028809,55900,0.0,0.0
2023-01-06 00:00:00-05:00,9.390000343322754,9.63700008392334,9.0,9.520000457763672,13300,0.0,0.0
2023-01-09 00:00:00-05:00,9.520000457763672,12.430000305175781,8.850000381469727,10.380000114440918,126300,0.0,0.0
2023-01-10 00:00:00-05:00,9.845000267028809,11.425000190734863,9.779999732971191,10.34000015258789,43300,0.0,0.0
2023-01-11 00:00:00-05:00,10.170000076293945,11.404999732971191,9.829999923706055,10.220000267028809,57200,0.0,0.0
2023-01-12 00:00:00-05:00,10.069999694824219,10.699999809265137,9.0600004196167,10.25,10200,0.0,0.0
2023-01-13 00:00:00-05:00,9.529999732971191,10.15999984741211,9.149999618530273,9.675999641418457,4600,0.0,0.0
2023-01-17 00:00:00-05:00,9.65999984741211,10.319999694824219,9.65999984741211,10.069999694824219,3300,0.0,0.0
2023-01-18 00:00:00-05:00,10.300000190734863,17.0,10.229999542236328,15.550000190734863,627000,0.0,0.0
2023-01-19 00:00:00-05:00,18.399999618530273,20.0,12.630000114440918,14.34000015258789,978700,0.0,0.0
2023-01-20 00:00:00-05:00,13.399999618530273,13.949999809265137,11.100000381469727,12.5600004196167,158100,0.0,0.0
2023-01-23 00:00:00-05:00,12.25,13.039999961853027,11.517999649047852,11.5600004196167,34100,0.0,0.0
2023-01-24 00:00:00-05:00,11.270000457763672,11.526000022888184,10.380000114440918,10.979999542236328,14900,0.0,0.0
2023-01-25 00:00:00-05:00,10.569999694824219,11.479999542236328,10.359999656677246,10.960000038146973,8500,0.0,0.0
2023-01-26 00:00:00-05:00,11.579999923706055,11.699999809265137,10.817999839782715,11.399999618530273,37600,0.0,0.0
2023-01-27 00:00:00-05:00,10.904999732971191,11.5,10.850000381469727,11.0,21000,0.0,0.0
2023-01-30 00:00:00-05:00,10.699999809265137,11.789999961853027,10.699999809265137,11.34000015258789,29700,0.0,0.0
2023-01-31 00:00:00-05:00,11.029999732971191,11.649999618530273,10.970000267028809,11.1899995803833,27400,0.0,0.0
2023-02-01 00:00:00-05:00,11.24899959564209,11.760000228881836,11.010000228881836,11.760000228881836,11700,0.0,0.0
2023-02-02 00:00:00-05:00,11.119999885559082,11.569999694824219,11.119999885559082,11.420000076293945,7900,0.0,0.0
2023-02-03 00:00:00-05:00,11.420000076293945,13.229999542236328,11.010000228881836,11.980999946594238,28500,0.0,0.0
2023-02-06 00:00:00-05:00,12.149999618530273,12.5,11.210000038146973,12.5,11000,0.0,0.0
2023-02-07 00:00:00-05:00,12.220000267028809,13.345000267028809,11.699999809265137,12.350000381469727,21500,0.0,0.0
2023-02-08 00:00:00-05:00,12.880000114440918,13.199999809265137,12.09000015258789,12.319999694824219,41500,0.0,0.0
2023-02-09 00:00:00-05:00,11.75,12.050000190734863,11.489999771118164,11.489999771118164,4500,0.0,0.0
2023-02-10 00:00:00-05:00,11.645999908447266,12.829999923706055,11.130000114440918,11.899999618530273,17300,0.0,0.0
2023-02-13 00:00:00-05:00,11.906000137329102,11.906000137329102,11.119999885559082,11.329999923706055,11900,0.0,0.0
2023-02-14 00:00:00-05:00,11.5,15.479999542236328,11.489999771118164,14.553000450134277,172500,0.0,0.0
2023-02-15 00:00:00-05:00,13.25,14.770000457763672,13.25,13.779999732971191,136600,0.0,0.0
2023-02-16 00:00:00-05:00,11.989999771118164,12.5600004196167,11.628999710083008,12.119999885559082,24200,0.0,0.0
2023-02-17 00:00:00-05:00,12.300000190734863,13.5,11.614999771118164,12.010000228881836,33200,0.0,0.0
2023-02-21 00:00:00-05:00,12.369999885559082,12.600000381469727,11.5600004196167,12.600000381469727,13800,0.0,0.0
2023-02-22 00:00:00-05:00,12.890000343322754,13.399999618530273,11.899999618530273,12.01099967956543,35200,0.0,0.0
2023-02-23 00:00:00-05:00,12.350000381469727,12.449999809265137,11.550000190734863,11.550000190734863,8900,0.0,0.0
2023-02-24 00:00:00-05:00,11.850000381469727,11.979999542236328,11.149999618530273,11.489999771118164,13000,0.0,0.0
2023-02-27 00:00:00-05:00,11.29699993133545,13.0,10.920000076293945,12.350000381469727,30300,0.0,0.0
2023-02-28 00:00:00-05:00,12.3100004196167,12.6899995803833,11.699999809265137,12.09000015258789,14600,0.0,0.0
2023-03-01 00:00:00-05:00,12.149999618530273,12.369999885559082,11.739999771118164,11.899999618530273,5500,0.0,0.0
2023-03-02 00:00:00-05:00,11.649999618530273,11.649999618530273,11.130000114440918,11.489999771118164,1900,0.0,0.0
2023-03-03 00:00:00-05:00,11.210000038146973,11.699999809265137,11.100000381469727,11.520000457763672,6600,0.0,0.0
2023-03-06 00:00:00-05:00,11.380000114440918,12.729999542236328,11.300000190734863,12.5,22800,0.0,0.0
2023-03-07 00:00:00-05:00,12.020000457763672,12.880000114440918,11.90999984741211,12.09000015258789,10700,0.0,0.0
2023-03-08 00:00:00-05:00,11.510000228881836,11.600000381469727,11.34000015258789,11.600000381469727,1800,0.0,0.0
2023-03-09 00:00:00-05:00,12.199999809265137,12.25,11.600000381469727,11.75,3800,0.0,0.0
2023-03-10 00:00:00-05:00,11.258000373840332,11.510000228881836,11.0,11.199999809265137,5900,0.0,0.0
2023-03-13 00:00:00-04:00,11.404999732971191,11.899999618530273,10.875,11.899999618530273,7600,0.0,0.0
2023-03-14 00:00:00-04:00,11.493000030517578,12.699999809265137,11.0,12.069999694824219,30400,0.0,0.0
2023-03-15 00:00:00-04:00,12.220000267028809,12.75,11.699999809265137,12.210000038146973,17600,0.0,0.0
2023-03-16 00:00:00-04:00,12.0,12.0,12.0,12.0,1700,0.0,0.0
2023-03-17 00:00:00-04:00,13.09000015258789,13.09000015258789,11.25,11.25,6300,0.0,0.0
2023-03-20 00:00:00-04:00,11.25,11.25,11.25,11.25,500,0.0,0.0
2023-03-21 00:00:00-04:00,11.239999771118164,11.289999961853027,10.949999809265137,10.963000297546387,5900,0.0,0.0
2023-03-22 00:00:00-04:00,10.930000305175781,11.369999885559082,10.920000076293945,11.369999885559082,11900,0.0,0.0
2023-03-23 00:00:00-04:00,11.300000190734863,12.470000267028809,11.300000190734863,11.899999618530273,28000,0.0,0.0
2023-03-24 00:00:00-04:00,11.609999656677246,12.140000343322754,11.279999732971191,11.319999694824219,10400,0.0,0.0
2023-03-27 00:00:00-04:00,11.539999961853027,11.920000076293945,11.180000305175781,11.180000305175781,2500,0.0,0.0
2023-03-28 00:00:00-04:00,11.34000015258789,11.34000015258789,10.821999549865723,11.239999771118164,9500,0.0,0.0
2023-03-29 00:00:00-04:00,10.850000381469727,12.5600004196167,10.850000381469727,12.0,21800,0.0,0.0
2023-03-30 00:00:00-04:00,11.800000190734863,12.579999923706055,11.704999923706055,12.100000381469727,12400,0.0,0.0
2023-03-31 00:00:00-04:00,11.130999565124512,12.399999618530273,11.130999565124512,11.850000381469727,16900,0.0,0.0
2023-04-03 00:00:00-04:00,11.5,12.289999961853027,11.34000015258789,12.0,12700,0.0,0.0
2023-04-04 00:00:00-04:00,11.58899974822998,12.126999855041504,11.58899974822998,11.789999961853027,11000,0.0,0.0
2023-04-05 00:00:00-04:00,11.380000114440918,11.800000190734863,11.354999542236328,11.800000190734863,1100,0.0,0.0
2023-04-06 00:00:00-04:00,11.800000190734863,11.904999732971191,11.550000190734863,11.699999809265137,4100,0.0,0.0
2023-04-10 00:00:00-04:00,11.510000228881836,11.850000381469727,11.40999984741211,11.779999732971191,8200,0.0,0.0
2023-04-11 00:00:00-04:00,11.420000076293945,11.680000305175781,11.100000381469727,11.130000114440918,5800,0.0,0.0
2023-04-12 00:00:00-04:00,11.010000228881836,11.010000228881836,11.010000228881836,11.010000228881836,700,0.0,0.0
2023-04-13 00:00:00-04:00,11.164999961853027,11.164999961853027,10.859999656677246,10.859999656677246,1400,0.0,0.0
2023-04-14 00:00:00-04:00,10.949999809265137,10.949999809265137,10.5,10.5,1500,0.0,0.0
2023-04-17 00:00:00-04:00,9.600000381469727,9.850000381469727,9.029999732971191,9.5,2700,0.0,0.0
2023-04-18 00:00:00-04:00,9.329999923706055,9.4399995803833,9.329999923706055,9.4399995803833,700,0.0,0.0
2023-04-19 00:00:00-04:00,9.90999984741211,9.90999984741211,9.90999984741211,9.90999984741211,500,0.0,0.0
2023-04-20 00:00:00-04:00,9.90999984741211,9.90999984741211,9.90999984741211,9.90999984741211,0,0.0,0.0
2023-04-21 00:00:00-04:00,9.649999618530273,9.649999618530273,9.649999618530273,9.649999618530273,400,0.0,0.0
2023-04-24 00:00:00-04:00,9.079999923706055,9.72599983215332,9.079999923706055,9.72599983215332,400,0.0,0.0
2023-04-25 00:00:00-04:00,9.109999656677246,9.451000213623047,9.029000282287598,9.029000282287598,1100,0.0,0.0
2023-04-26 00:00:00-04:00,9.100000381469727,9.100000381469727,8.75,9.008999824523926,5000,0.0,0.0
2023-04-27 00:00:00-04:00,8.920000076293945,9.140000343322754,8.699999809265137,8.699999809265137,800,0.0,0.0
2023-04-28 00:00:00-04:00,7.920000076293945,8.399999618530273,7.880000114440918,8.399999618530273,1600,0.0,0.0
2023-05-01 00:00:00-04:00,8.8100004196167,9.800000190734863,8.8100004196167,9.279999732971191,3300,0.0,0.0
2023-05-02 00:00:00-04:00,9.390000343322754,11.270000457763672,9.390000343322754,9.885000228881836,29700,0.0,0.0
2023-05-03 00:00:00-04:00,10.510000228881836,12.630000114440918,10.255000114440918,12.0,21500,0.0,0.0
2023-05-04 00:00:00-04:00,11.817000389099121,13.0,11.119999885559082,11.170000076293945,10600,0.0,0.0
2023-05-05 00:00:00-04:00,11.0,11.0,10.680000305175781,10.984999656677246,2100,0.0,0.0
2023-05-08 00:00:00-04:00,11.619999885559082,12.100000381469727,10.5,10.890000343322754,6200,0.0,0.0
2023-05-09 00:00:00-04:00,10.0600004196167,10.390000343322754,9.864999771118164,10.390000343322754,1900,0.0,0.0
2023-05-10 00:00:00-04:00,9.869999885559082,11.350000381469727,9.869999885559082,10.65999984741211,5700,0.0,0.0
2023-05-11 00:00:00-04:00,10.5,10.510000228881836,10.5,10.5,1700,0.0,0.0
2023-05-12 00:00:00-04:00,10.489999771118164,10.800000190734863,10.489999771118164,10.5,800,0.0,0.0
2023-05-15 00:00:00-04:00,11.265000343322754,11.819999694824219,10.791999816894531,11.319000244140625,2400,0.0,0.0
2023-05-16 00:00:00-04:00,10.1899995803833,10.899999618530273,10.1899995803833,10.899999618530273,1000,0.0,0.0
2023-05-17 00:00:00-04:00,10.416999816894531,10.829999923706055,10.300000190734863,10.300000190734863,2400,0.0,0.0
2023-05-18 00:00:00-04:00,10.010000228881836,10.020000457763672,9.859999656677246,9.869999885559082,900,0.0,0.0
2023-05-19 00:00:00-04:00,9.880000114440918,10.670000076293945,9.880000114440918,10.670000076293945,1600,0.0,0.0
2023-05-22 00:00:00-04:00,10.880999565124512,10.989999771118164,10.812999725341797,10.90999984741211,2000,0.0,0.0
2023-05-23 00:00:00-04:00,10.199999809265137,10.800000190734863,10.199999809265137,10.75,1400,0.0,0.0
2023-05-24 00:00:00-04:00,11.0,13.0,10.144000053405762,12.175000190734863,9000,0.0,0.0
2023-05-25 00:00:00-04:00,12.0,12.0,11.50100040435791,11.510000228881836,2100,0.0,0.0
2023-05-26 00:00:00-04:00,11.0,12.020000457763672,11.0,12.0,1700,0.0,0.0
2023-05-30 00:00:00-04:00,11.529999732971191,12.0,11.204999923706055,11.210000038146973,5100,0.0,0.0
2023-05-31 00:00:00-04:00,10.649999618530273,10.699999809265137,10.085000038146973,10.085000038146973,3100,0.0,0.0
2023-06-01 00:00:00-04:00,11.0,11.369999885559082,11.0,11.362000465393066,1600,0.0,0.0
2023-06-02 00:00:00-04:00,10.8100004196167,10.8100004196167,10.279999732971191,10.329999923706055,1200,0.0,0.0
2023-06-05 00:00:00-04:00,10.850000381469727,11.621999740600586,10.229999542236328,11.239999771118164,16700,0.0,0.0
2023-06-06 00:00:00-04:00,11.029999732971191,11.390999794006348,10.34000015258789,10.854999542236328,11200,0.0,0.0
2023-06-07 00:00:00-04:00,11.130000114440918,11.130000114440918,10.34000015258789,10.729999542236328,2600,0.0,0.0
2023-06-08 00:00:00-04:00,10.36400032043457,10.875,10.36400032043457,10.875,1600,0.0,0.0
2023-06-09 00:00:00-04:00,10.859999656677246,10.859999656677246,10.48900032043457,10.510000228881836,2100,0.0,0.0
2023-06-12 00:00:00-04:00,10.4399995803833,10.59000015258789,10.09000015258789,10.175000190734863,2300,0.0,0.0
2023-06-13 00:00:00-04:00,10.479999542236328,10.479999542236328,10.190999984741211,10.329999923706055,3100,0.0,0.0
2023-06-14 00:00:00-04:00,10.399999618530273,10.399999618530273,9.515000343322754,9.515000343322754,2200,0.0,0.0
2023-06-15 00:00:00-04:00,10.050000190734863,10.050000190734863,9.779999732971191,9.779999732971191,500,0.0,0.0
2023-06-16 00:00:00-04:00,9.600000381469727,10.0,9.600000381469727,9.699999809265137,1500,0.0,0.0
2023-06-20 00:00:00-04:00,10.71399974822998,10.779999732971191,9.989999771118164,10.5,5300,0.0,0.0
2023-06-21 00:00:00-04:00,10.380000114440918,10.380000114440918,9.75,9.75,3100,0.0,0.0
2023-06-22 00:00:00-04:00,9.8100004196167,9.930000305175781,9.8100004196167,9.930000305175781,1200,0.0,0.0
2023-06-23 00:00:00-04:00,9.890000343322754,9.920000076293945,9.890000343322754,9.920000076293945,600,0.0,0.0
2023-06-26 00:00:00-04:00,10.053000450134277,10.053000450134277,9.989999771118164,9.989999771118164,800,0.0,0.0
2023-06-27 00:00:00-04:00,10.050000190734863,10.050000190734863,9.75,9.75,2500,0.0,0.0
2023-06-28 00:00:00-04:00,10.140000343322754,10.140000343322754,10.140000343322754,10.140000343322754,200,0.0,0.0
2023-06-29 00:00:00-04:00,10.274999618530273,10.274999618530273,9.5,9.982999801635742,5000,0.0,0.0
2023-06-30 00:00:00-04:00,9.979999542236328,9.979999542236328,9.59000015258789,9.59000015258789,1300,0.0,0.0
2023-07-03 00:00:00-04:00,9.5,9.989999771118164,9.5,9.5,1000,0.0,0.0
2023-07-05 00:00:00-04:00,9.319999694824219,9.319999694824219,9.319999694824219,9.319999694824219,600,0.0,0.0
2023-07-06 00:00:00-04:00,9.25,9.25,8.75,8.75,1300,0.0,0.0
2023-07-07 00:00:00-04:00,10.390000343322754,11.40999984741211,9.449999809265137,10.3100004196167,340100,0.0,0.0
2023-07-10 00:00:00-04:00,10.229999542236328,10.289999961853027,9.329999923706055,9.75,27900,0.0,0.0
2023-07-11 00:00:00-04:00,9.307000160217285,10.75,9.300000190734863,9.850000381469727,12000,0.0,0.0
2023-07-12 00:00:00-04:00,9.520000457763672,9.930000305175781,9.510000228881836,9.699999809265137,7000,0.0,0.0
2023-07-13 00:00:00-04:00,9.779999732971191,9.970000267028809,9.581000328063965,9.84000015258789,4200,0.0,0.0
2023-07-14 00:00:00-04:00,9.619999885559082,9.918000221252441,9.619999885559082,9.649999618530273,2500,0.0,0.0
2023-07-17 00:00:00-04:00,9.699999809265137,10.239999771118164,9.699999809265137,10.0,6500,0.0,0.0
2023-07-18 00:00:00-04:00,9.800000190734863,10.045000076293945,9.680000305175781,9.989999771118164,6200,0.0,0.0
2023-07-19 00:00:00-04:00,9.75,9.75,9.25,9.600000381469727,3400,0.0,0.0
2023-07-20 00:00:00-04:00,9.300000190734863,9.300000190734863,9.097999572753906,9.126999855041504,3700,0.0,0.0
2023-07-21 00:00:00-04:00,9.119999885559082,9.119999885559082,9.119999885559082,9.119999885559082,1000,0.0,0.0
2023-07-24 00:00:00-04:00,9.039999961853027,9.387999534606934,8.585000038146973,8.600000381469727,7700,0.0,0.0
2023-07-25 00:00:00-04:00,8.720000267028809,8.736000061035156,8.300000190734863,8.300000190734863,2500,0.0,0.0
2023-07-26 00:00:00-04:00,8.154000282287598,8.154000282287598,8.154000282287598,8.154000282287598,800,0.0,0.0
2023-07-27 00:00:00-04:00,8.130000114440918,8.819999694824219,8.100000381469727,8.180000305175781,7200,0.0,0.0
2023-07-28 00:00:00-04:00,8.239999771118164,8.329999923706055,8.09000015258789,8.119999885559082,2900,0.0,0.0
2023-07-31 00:00:00-04:00,8.989999771118164,9.130000114440918,8.14900016784668,8.399999618530273,2800,0.0,0.0
2023-08-01 00:00:00-04:00,8.399999618530273,8.399999618530273,8.399999618530273,8.399999618530273,100,0.0,0.0
2023-08-02 00:00:00-04:00,8.630000114440918,8.630000114440918,8.149999618530273,8.180000305175781,2900,0.0,0.0
2023-08-03 00:00:00-04:00,8.324999809265137,8.324999809265137,8.180000305175781,8.180000305175781,1000,0.0,0.0
2023-08-04 00:00:00-04:00,8.09000015258789,10.050000190734863,7.989999771118164,9.199999809265137,51900,0.0,0.0
2023-08-07 00:00:00-04:00,8.359999656677246,9.75,8.109999656677246,8.739999771118164,24600,0.0,0.0
2023-08-08 00:00:00-04:00,8.255999565124512,8.970000267028809,7.559999942779541,8.970000267028809,19300,0.0,0.0
2023-08-09 00:00:00-04:00,8.529999732971191,8.529999732971191,8.140000343322754,8.510000228881836,1600,0.0,0.0
2023-08-10 00:00:00-04:00,8.439000129699707,8.439000129699707,8.029999732971191,8.104999542236328,3500,0.0,0.0
2023-08-11 00:00:00-04:00,8.109999656677246,8.401000022888184,8.0,8.0,1400,0.0,0.0
2023-08-14 00:00:00-04:00,8.300000190734863,8.300000190734863,8.100000381469727,8.100000381469727,6800,0.0,0.0
2023-08-15 00:00:00-04:00,8.3149995803833,8.510000228881836,8.100000381469727,8.40999984741211,2500,0.0,0.0
2023-08-16 00:00:00-04:00,8.84000015258789,8.84000015258789,8.109999656677246,8.149999618530273,20000,0.0,0.0
2023-08-17 00:00:00-04:00,8.210000038146973,8.239999771118164,7.610000133514404,7.610000133514404,10700,0.0,0.0
2023-08-18 00:00:00-04:00,7.889999866485596,8.100000381469727,6.99399995803833,7.96999979019165,12600,0.0,0.0
2023-08-21 00:00:00-04:00,7.98799991607666,8.979999542236328,7.940000057220459,8.130000114440918,5300,0.0,0.0
2023-08-22 00:00:00-04:00,8.010000228881836,8.600000381469727,8.0,8.010000228881836,11600,0.0,0.0
2023-08-23 00:00:00-04:00,8.050000190734863,8.109999656677246,7.840000152587891,7.96999979019165,6300,0.0,0.0
2023-08-24 00:00:00-04:00,8.069999694824219,8.069999694824219,7.869999885559082,7.929999828338623,1500,0.0,0.0
2023-08-25 00:00:00-04:00,7.659999847412109,7.710999965667725,7.659999847412109,7.710000038146973,700,0.0,0.0
2023-08-28 00:00:00-04:00,7.710000038146973,7.710000038146973,7.710000038146973,7.710000038146973,0,0.0,0.0
2023-08-29 00:00:00-04:00,7.730000019073486,7.730000019073486,7.730000019073486,7.730000019073486,800,0.0,0.0
2023-08-30 00:00:00-04:00,7.730000019073486,7.730000019073486,7.730000019073486,7.730000019073486,500,0.0,0.0
2023-08-31 00:00:00-04:00,7.849999904632568,9.0,7.849999904632568,8.949999809265137,21000,0.0,0.0
2023-09-01 00:00:00-04:00,8.770000457763672,12.390000343322754,7.5,7.820000171661377,112500,0.0,0.0
2023-09-05 00:00:00-04:00,7.650000095367432,8.444999694824219,7.599999904632568,7.909999847412109,11500,0.0,0.0
2023-09-06 00:00:00-04:00,8.199999809265137,8.32800006866455,7.610000133514404,7.75,6500,0.0,0.0
2023-09-07 00:00:00-04:00,7.309999942779541,8.0,7.309999942779541,7.51200008392334,3200,0.0,0.0
2023-09-08 00:00:00-04:00,7.550000190734863,7.71999979019165,7.340000152587891,7.340000152587891,1600,0.0,0.0
2023-09-11 00:00:00-04:00,7.650000095367432,8.699999809265137,7.650000095367432,7.690000057220459,8700,0.0,0.0
2023-09-12 00:00:00-04:00,7.710000038146973,7.710000038146973,7.710000038146973,7.710000038146973,900,0.0,0.0
2023-09-13 00:00:00-04:00,7.366000175476074,7.699999809265137,7.050000190734863,7.400000095367432,11600,0.0,0.0
2023-09-14 00:00:00-04:00,7.789000034332275,8.40999984741211,7.25,8.0,31200,0.0,0.0
2023-09-15 00:00:00-04:00,8.699999809265137,10.640000343322754,8.0,8.609999656677246,190800,0.0,0.0
2023-09-18 00:00:00-04:00,8.4399995803833,9.539999961853027,8.0,9.0,36500,0.0,0.0
2023-09-19 00:00:00-04:00,8.9399995803833,8.9399995803833,8.140000343322754,8.399999618530273,17300,0.0,0.0
2023-09-20 00:00:00-04:00,8.289999961853027,8.449999809265137,7.888000011444092,8.25,7900,0.0,0.0
2023-09-21 00:00:00-04:00,7.929999828338623,8.069999694824219,7.400000095367432,8.050000190734863,6700,0.0,0.0
2023-09-22 00:00:00-04:00,7.880000114440918,7.894999980926514,7.650000095367432,7.870999813079834,3400,0.0,0.0
2023-09-25 00:00:00-04:00,7.599999904632568,7.690000057220459,7.449999809265137,7.460000038146973,2200,0.0,0.0
2023-09-26 00:00:00-04:00,7.855999946594238,7.855999946594238,6.900000095367432,7.110000133514404,7200,0.0,0.0
2023-09-27 00:00:00-04:00,7.110000133514404,7.632999897003174,7.110000133514404,7.170000076293945,900,0.0,0.0
2023-09-28 00:00:00-04:00,7.110000133514404,7.230000019073486,7.110000133514404,7.199999809265137,1800,0.0,0.0
2023-09-29 00:00:00-04:00,7.199999809265137,7.199999809265137,7.199999809265137,7.199999809265137,1000,0.0,0.0
2023-10-02 00:00:00-04:00,6.900000095367432,7.0,6.199999809265137,6.730000019073486,22400,0.0,0.0
2023-10-03 00:00:00-04:00,6.550000190734863,6.789999961853027,6.296000003814697,6.5,1600,0.0,0.0
2023-10-04 00:00:00-04:00,6.210000038146973,6.210000038146973,6.019999980926514,6.019999980926514,2300,0.0,0.0
2023-10-05 00:00:00-04:00,6.019999980926514,6.570000171661377,5.610000133514404,5.610000133514404,4900,0.0,0.0
2023-10-06 00:00:00-04:00,5.369999885559082,5.644999980926514,5.281000137329102,5.300000190734863,4600,0.0,0.0
2023-10-09 00:00:00-04:00,5.25600004196167,5.400000095367432,5.110000133514404,5.199999809265137,2200,0.0,0.0
2023-10-10 00:00:00-04:00,5.199999809265137,5.199999809265137,5.199999809265137,5.199999809265137,1200,0.0,0.0
2023-10-11 00:00:00-04:00,5.25,5.599999904632568,5.25,5.25,3600,0.0,0.0
2023-10-12 00:00:00-04:00,5.425000190734863,5.425000190734863,5.199999809265137,5.199999809265137,700,0.0,0.0
2023-10-13 00:00:00-04:00,5.1570000648498535,5.53000020980835,5.150000095367432,5.150000095367432,1800,0.0,0.0
2023-10-16 00:00:00-04:00,5.400000095367432,5.5960001945495605,5.309999942779541,5.51200008392334,1900,0.0,0.0
2023-10-17 00:00:00-04:00,5.579999923706055,5.579999923706055,5.13100004196167,5.199999809265137,30000,0.0,0.0
2023-10-18 00:00:00-04:00,2.9800000190734863,3.1500000953674316,2.6110000610351562,2.9100000858306885,259500,0.0,0.0
2023-10-19 00:00:00-04:00,2.9600000381469727,3.0,2.7300000190734863,2.859999895095825,45100,0.0,0.0
2023-10-20 00:00:00-04:00,2.8499999046325684,2.859999895095825,2.680000066757202,2.7899999618530273,25100,0.0,0.0
2023-10-23 00:00:00-04:00,2.9000000953674316,2.9000000953674316,2.700000047683716,2.740000009536743,6400,0.0,0.0
2023-10-24 00:00:00-04:00,2.7249999046325684,2.819999933242798,2.7249999046325684,2.75,8500,0.0,0.0
2023-10-25 00:00:00-04:00,2.880000114440918,2.890000104904175,2.700000047683716,2.869999885559082,14500,0.0,0.0
2023-10-26 00:00:00-04:00,2.7200000286102295,2.7850000858306885,2.7100000381469727,2.75,4900,0.0,0.0
2023-10-27 00:00:00-04:00,2.7809998989105225,2.7809998989105225,2.7200000286102295,2.7699999809265137,9900,0.0,0.0
2023-10-30 00:00:00-04:00,2.7799999713897705,2.7899999618530273,2.7200000286102295,2.740000009536743,18100,0.0,0.0
2023-10-31 00:00:00-04:00,2.7200000286102295,2.759999990463257,2.7200000286102295,2.7300000190734863,3900,0.0,0.0
2023-11-01 00:00:00-04:00,2.7200000286102295,2.75,2.7200000286102295,2.75,3600,0.0,0.0
2023-11-02 00:00:00-04:00,2.7699999809265137,2.950000047683716,2.7119998931884766,2.819999933242798,8900,0.0,0.0
2023-11-03 00:00:00-04:00,2.9000000953674316,2.9000000953674316,2.7699999809265137,2.7699999809265137,7100,0.0,0.0
2023-11-06 00:00:00-05:00,2.799999952316284,2.809999942779541,2.7899999618530273,2.799999952316284,3400,0.0,0.0
2023-11-07 00:00:00-05:00,2.8399999141693115,2.9000000953674316,2.75,2.7709999084472656,7200,0.0,0.0
2023-11-08 00:00:00-05:00,2.75,2.812999963760376,2.619999885559082,2.619999885559082,1900,0.0,0.0
2023-11-09 00:00:00-05:00,2.700000047683716,2.759999990463257,2.700000047683716,2.75,3000,0.0,0.0
2023-11-10 00:00:00-05:00,2.75,2.8399999141693115,2.734999895095825,2.7799999713897705,4500,0.0,0.0
2023-11-13 00:00:00-05:00,2.75,2.812000036239624,2.75,2.7850000858306885,900,0.0,0.0
2023-11-14 00:00:00-05:00,2.759999990463257,2.7699999809265137,2.75,2.7699999809265137,2400,0.0,0.0
2023-11-15 00:00:00-05:00,2.799999952316284,2.799999952316284,2.7699999809265137,2.7699999809265137,29800,0.0,0.0
2023-11-16 00:00:00-05:00,2.759999990463257,2.799999952316284,2.75,2.75,6800,0.0,0.0
2023-11-17 00:00:00-05:00,2.75,2.75,2.75,2.75,300,0.0,0.0
2023-11-20 00:00:00-05:00,2.7200000286102295,2.7200000286102295,2.619999885559082,2.619999885559082,1100,0.0,0.0
2023-11-21 00:00:00-05:00,2.759999990463257,2.759999990463257,2.619999885559082,2.7200000286102295,2600,0.0,0.0
2023-11-22 00:00:00-05:00,2.619999885559082,2.619999885559082,2.509999990463257,2.509999990463257,2900,0.0,0.0
2023-11-24 00:00:00-05:00,2.5399999618530273,2.5999999046325684,2.1600000858306885,2.3299999237060547,5700,0.0,0.0
2023-11-27 00:00:00-05:00,2.359999895095825,2.359999895095825,2.319999933242798,2.319999933242798,1000,0.0,0.0
2023-11-28 00:00:00-05:00,2.319999933242798,2.3399999141693115,2.25,2.25,4200,0.0,0.0
2023-11-29 00:00:00-05:00,2.259999990463257,2.4000000953674316,2.25,2.319999933242798,6900,0.0,0.0
2023-11-30 00:00:00-05:00,2.3299999237060547,3.0,2.299999952316284,2.450000047683716,129600,0.0,0.0
2023-12-01 00:00:00-05:00,2.3949999809265137,3.4000000953674316,2.3949999809265137,2.9489998817443848,740400,0.0,0.0
2023-12-04 00:00:00-05:00,3.2799999713897705,3.489000082015991,2.950000047683716,3.4000000953674316,335100,0.0,0.0
2023-12-05 00:00:00-05:00,3.380000114440918,3.549999952316284,2.680000066757202,2.9100000858306885,215200,0.0,0.0
2023-12-06 00:00:00-05:00,3.0299999713897705,3.0299999713897705,2.700000047683716,2.7799999713897705,65300,0.0,0.0
2023-12-07 00:00:00-05:00,2.799999952316284,2.880000114440918,2.5,2.630000114440918,56900,0.0,0.0
2023-12-08 00:00:00-05:00,2.630000114440918,2.75,2.319999933242798,2.4000000953674316,69900,0.0,0.0
2023-12-11 00:00:00-05:00,2.3499999046325684,2.3499999046325684,1.9509999752044678,2.009999990463257,57300,0.0,0.0
2023-12-12 00:00:00-05:00,1.9500000476837158,2.1700000762939453,1.7999999523162842,1.8700000047683716,66300,0.0,0.0
2023-12-13 00:00:00-05:00,1.9900000095367432,2.188999891281128,1.899999976158142,2.180000066757202,65500,0.0,0.0
2023-12-14 00:00:00-05:00,2.130000114440918,2.2799999713897705,2.000999927520752,2.119999885559082,95000,0.0,0.0
2023-12-15 00:00:00-05:00,2.119999885559082,2.1500000953674316,2.009999990463257,2.0299999713897705,30500,0.0,0.0
2023-12-18 00:00:00-05:00,2.2300000190734863,2.2300000190734863,2.049999952316284,2.180000066757202,53100,0.0,0.0
2023-12-19 00:00:00-05:00,2.119999885559082,2.4000000953674316,2.0899999141693115,2.2200000286102295,103400,0.0,0.0
2023-12-20 00:00:00-05:00,2.3499999046325684,2.440000057220459,2.121999979019165,2.2300000190734863,52600,0.0,0.0
2023-12-21 00:00:00-05:00,2.240000009536743,2.3299999237060547,2.180000066757202,2.2899999618530273,21000,0.0,0.0
2023-12-22 00:00:00-05:00,2.259999990463257,2.4000000953674316,2.259999990463257,2.3499999046325684,21200,0.0,0.0
2023-12-26 00:00:00-05:00,2.4600000381469727,2.549999952316284,2.369999885559082,2.5299999713897705,29600,0.0,0.0
2023-12-27 00:00:00-05:00,2.5299999713897705,2.61899995803833,2.4100000858306885,2.5,41000,0.0,0.0
2023-12-28 00:00:00-05:00,2.5999999046325684,2.880000114440918,2.509999990463257,2.7300000190734863,98100,0.0,0.0
2023-12-29 00:00:00-05:00,2.7200000286102295,2.7300000190734863,2.5199999809265137,2.5399999618530273,28500,0.0,0.0
2024-01-02 00:00:00-05:00,2.5999999046325684,2.6700000762939453,2.440000057220459,2.5,28000,0.0,0.0
2024-01-03 00:00:00-05:00,2.740000009536743,2.8299999237060547,2.490000009536743,2.569999933242798,36800,0.0,0.0
2024-01-04 00:00:00-05:00,2.5999999046325684,3.2799999713897705,2.5999999046325684,3.009999990463257,401700,0.0,0.0
2024-01-05 00:00:00-05:00,3.0,3.119999885559082,2.700000047683716,2.9000000953674316,32600,0.0,0.0
2024-01-08 00:00:00-05:00,2.799999952316284,3.0999999046325684,2.680000066757202,2.8499999046325684,55400,0.0,0.0
2024-01-09 00:00:00-05:00,2.880000114440918,2.931999921798706,2.609999895095825,2.6500000953674316,41300,0.0,0.0
2024-01-10 00:00:00-05:00,2.630000114440918,2.7899999618530273,2.619999885559082,2.7100000381469727,20400,0.0,0.0
2024-01-11 00:00:00-05:00,2.6500000953674316,2.7200000286102295,2.440000057220459,2.569999933242798,55300,0.0,0.0
2024-01-12 00:00:00-05:00,2.619999885559082,2.680000066757202,2.559999942779541,2.619999885559082,9700,0.0,0.0
2024-01-16 00:00:00-05:00,2.5299999713897705,2.7799999713897705,2.5299999713897705,2.693000078201294,8500,0.0,0.0
2024-01-17 00:00:00-05:00,2.559999942779541,2.760999917984009,2.4800000190734863,2.4800000190734863,12100,0.0,0.0
2024-01-18 00:00:00-05:00,2.5299999713897705,2.7100000381469727,2.4600000381469727,2.4600000381469727,3400,0.0,0.0
2024-01-19 00:00:00-05:00,2.552000045776367,2.5799999237060547,2.109999895095825,2.109999895095825,43400,0.0,0.0
2024-01-22 00:00:00-05:00,2.2249999046325684,2.2780001163482666,1.7999999523162842,1.7999999523162842,17000,0.0,0.0
2024-01-23 00:00:00-05:00,2.0199999809265137,2.0199999809265137,1.4800000190734863,1.9900000095367432,115600,0.0,0.0
2024-01-24 00:00:00-05:00,1.9500000476837158,2.059999942779541,1.909999966621399,1.9600000381469727,9700,0.0,0.0
2024-01-25 00:00:00-05:00,1.899999976158142,1.899999976158142,1.6649999618530273,1.8799999952316284,3900,0.0,0.0
2024-01-26 00:00:00-05:00,1.9500000476837158,1.9500000476837158,1.7999999523162842,1.9299999475479126,9100,0.0,0.0
2024-01-29 00:00:00-05:00,1.809999942779541,1.9199999570846558,1.6399999856948853,1.7100000381469727,10600,0.0,0.0
2024-01-30 00:00:00-05:00,1.6399999856948853,1.909000039100647,1.6399999856948853,1.649999976158142,20700,0.0,0.0
2024-01-31 00:00:00-05:00,1.7400000095367432,1.843999981880188,1.659000039100647,1.8200000524520874,10100,0.0,0.0
2024-02-01 00:00:00-05:00,1.7100000381469727,1.7699999809265137,1.649999976158142,1.659999966621399,4700,0.0,0.0
2024-02-02 00:00:00-05:00,1.899999976158142,2.1500000953674316,1.7200000286102295,1.7799999713897705,20500,0.0,0.0
2024-02-05 00:00:00-05:00,1.7100000381469727,1.7999999523162842,1.7100000381469727,1.7999999523162842,4500,0.0,0.0
2024-02-06 00:00:00-05:00,1.6699999570846558,1.9700000286102295,1.6369999647140503,1.7300000190734863,103900,0.0,0.0
2024-02-07 00:00:00-05:00,1.6799999475479126,1.7799999713897705,1.6200000047683716,1.7100000381469727,23700,0.0,0.0
2024-02-08 00:00:00-05:00,1.75,1.8070000410079956,1.649999976158142,1.659999966621399,46900,0.0,0.0
2024-02-09 00:00:00-05:00,1.75,1.7999999523162842,1.75,1.75,7700,0.0,0.0
2024-02-12 00:00:00-05:00,1.75,1.8300000429153442,1.75,1.8300000429153442,4100,0.0,0.0
2024-02-13 00:00:00-05:00,2.0,2.0,1.690000057220459,1.7000000476837158,10500,0.0,0.0
2024-02-14 00:00:00-05:00,1.7699999809265137,1.9600000381469727,1.7699999809265137,1.899999976158142,7600,0.0,0.0
2024-02-15 00:00:00-05:00,1.8799999952316284,2.0199999809265137,1.7999999523162842,2.0199999809265137,4600,0.0,0.0
2024-02-16 00:00:00-05:00,2.0199999809265137,2.0840001106262207,1.850000023841858,2.049999952316284,3800,0.0,0.0
2024-02-20 00:00:00-05:00,2.0199999809265137,2.25,1.9450000524520874,1.9900000095367432,34100,0.0,0.0
2024-02-21 00:00:00-05:00,2.0999999046325684,2.0999999046325684,1.7999999523162842,1.8600000143051147,9300,0.0,0.0
2024-02-22 00:00:00-05:00,1.9700000286102295,1.9700000286102295,1.909999966621399,1.9299999475479126,3000,0.0,0.0
2024-02-23 00:00:00-05:00,1.8200000524520874,1.8200000524520874,1.8200000524520874,1.8200000524520874,1300,0.0,0.0
2024-02-26 00:00:00-05:00,1.6200000047683716,1.8020000457763672,1.6200000047683716,1.690000057220459,15300,0.0,0.0
2024-02-27 00:00:00-05:00,1.659999966621399,1.7400000095367432,1.659999966621399,1.690000057220459,4100,0.0,0.0
2024-02-28 00:00:00-05:00,1.7200000286102295,1.7350000143051147,1.6959999799728394,1.7000000476837158,2400,0.0,0.0
2024-02-29 00:00:00-05:00,1.7200000286102295,1.7699999809265137,1.5499999523162842,1.5800000429153442,26300,0.0,0.0
2024-03-01 00:00:00-05:00,1.600000023841858,1.9769999980926514,1.5549999475479126,1.7200000286102295,11200,0.0,0.0
2024-03-04 00:00:00-05:00,1.649999976158142,1.7130000591278076,1.5,1.5499999523162842,14200,0.0,0.0
2024-03-05 00:00:00-05:00,1.534999966621399,1.559999942779541,1.5,1.5,2500,0.0,0.0
2024-03-06 00:00:00-05:00,1.3700000047683716,1.5299999713897705,1.3600000143051147,1.4500000476837158,18800,0.0,0.0
2024-03-07 00:00:00-05:00,1.3600000143051147,1.440000057220459,1.2999999523162842,1.3619999885559082,25100,0.0,0.0
2024-03-08 00:00:00-05:00,1.3200000524520874,1.440000057220459,1.3200000524520874,1.3700000047683716,2300,0.0,0.0
2024-03-11 00:00:00-04:00,1.4700000286102295,1.5,1.3949999809265137,1.4299999475479126,19400,0.0,0.0
2024-03-12 00:00:00-04:00,1.4500000476837158,1.5099999904632568,1.3630000352859497,1.5099999904632568,19800,0.0,0.0
2024-03-13 00:00:00-04:00,1.399999976158142,1.406999945640564,1.3799999952316284,1.406999945640564,7800,0.0,0.0
2024-03-14 00:00:00-04:00,1.3200000524520874,1.5,1.2999999523162842,1.4600000381469727,21000,0.0,0.0
2024-03-15 00:00:00-04:00,1.2999999523162842,1.3899999856948853,1.2999999523162842,1.3600000143051147,1600,0.0,0.0
2024-03-18 00:00:00-04:00,1.4880000352859497,1.4880000352859497,1.4880000352859497,1.4880000352859497,700,0.0,0.0
2024-03-19 00:00:00-04:00,1.4299999475479126,1.4299999475479126,1.399999976158142,1.409999966621399,1000,0.0,0.0
2024-03-20 00:00:00-04:00,1.399999976158142,1.4600000381469727,1.3819999694824219,1.4600000381469727,2700,0.0,0.0
2024-03-21 00:00:00-04:00,1.4600000381469727,1.4600000381469727,1.3799999952316284,1.440000057220459,4600,0.0,0.0
2024-03-22 00:00:00-04:00,1.440000057220459,1.440000057220459,1.3650000095367432,1.4299999475479126,1300,0.0,0.0
2024-03-25 00:00:00-04:00,1.3300000429153442,1.3949999809265137,1.2200000286102295,1.2799999713897705,2500,0.0,0.0
2024-03-26 00:00:00-04:00,1.2799999713897705,1.3259999752044678,1.25,1.3079999685287476,2300,0.0,0.0
2024-03-27 00:00:00-04:00,1.3079999685287476,1.3079999685287476,1.3079999685287476,1.3079999685287476,300,0.0,0.0
2024-03-28 00:00:00-04:00,1.2899999618530273,1.3200000524520874,1.2899999618530273,1.3200000524520874,3600,0.0,0.0
2024-04-01 00:00:00-04:00,1.3049999475479126,1.3899999856948853,1.2999999523162842,1.3730000257492065,8800,0.0,0.0
2024-04-02 00:00:00-04:00,1.3600000143051147,1.3899999856948853,1.3450000286102295,1.3819999694824219,7000,0.0,0.0
2024-04-03 00:00:00-04:00,1.440000057220459,1.440000057220459,1.2599999904632568,1.3799999952316284,4800,0.0,0.0
2024-04-04 00:00:00-04:00,1.3049999475479126,1.3049999475479126,1.2599999904632568,1.2599999904632568,1200,0.0,0.0
2024-04-05 00:00:00-04:00,1.25,1.3300000429153442,1.2100000381469727,1.309999942779541,9400,0.0,0.0
2024-04-08 00:00:00-04:00,1.2799999713897705,1.2999999523162842,1.2300000190734863,1.2999999523162842,2700,0.0,0.0
2024-04-09 00:00:00-04:00,1.309999942779541,1.3200000524520874,1.25,1.3200000524520874,2200,0.0,0.0
2024-04-10 00:00:00-04:00,1.315000057220459,1.315000057220459,1.25,1.25,1200,0.0,0.0
2024-04-11 00:00:00-04:00,1.2699999809265137,1.2699999809265137,1.2300000190734863,1.2300000190734863,1500,0.0,0.0
2024-04-12 00:00:00-04:00,1.2710000276565552,1.2710000276565552,1.2000000476837158,1.2100000381469727,4200,0.0,0.0
2024-04-15 00:00:00-04:00,1.2300000190734863,1.309999942779541,1.2000000476837158,1.2730000019073486,14500,0.0,0.0
2024-04-16 00:00:00-04:00,1.2000000476837158,1.6299999952316284,1.2000000476837158,1.6100000143051147,62000,0.0,0.0
2024-04-17 00:00:00-04:00,1.7000000476837158,1.7300000190734863,1.4900000095367432,1.4900000095367432,25900,0.0,0.0
2024-04-18 00:00:00-04:00,1.4600000381469727,1.50600004196167,1.2799999713897705,1.2860000133514404,7800,0.0,0.0
2024-04-19 00:00:00-04:00,1.25,1.4789999723434448,1.2300000190734863,1.2610000371932983,11700,0.0,0.0
2024-04-22 00:00:00-04:00,1.2400000095367432,1.350000023841858,1.2000000476837158,1.2400000095367432,7000,0.0,0.0
2024-04-23 00:00:00-04:00,1.2699999809265137,1.3849999904632568,1.2200000286102295,1.3600000143051147,7100,0.0,0.0
2024-04-24 00:00:00-04:00,1.350000023841858,1.350000023841858,1.1299999952316284,1.1699999570846558,29000,0.0,0.0
2024-04-25 00:00:00-04:00,1.159999966621399,1.3799999952316284,1.159999966621399,1.2200000286102295,74400,0.0,0.0
2024-04-26 00:00:00-04:00,1.350000023841858,2.0799999237060547,1.25,1.6299999952316284,3941400,0.0,0.0
2024-04-29 00:00:00-04:00,1.5,1.649999976158142,1.3200000524520874,1.350000023841858,244300,0.0,0.0
2024-04-30 00:00:00-04:00,1.2999999523162842,1.5269999504089355,1.2699999809265137,1.3200000524520874,42900,0.0,0.0
2024-05-01 00:00:00-04:00,1.3600000143051147,1.4800000190734863,1.2899999618530273,1.4800000190734863,29800,0.0,0.0
2024-05-02 00:00:00-04:00,1.4299999475479126,1.5399999618530273,1.4299999475479126,1.5399999618530273,19600,0.0,0.0
2024-05-03 00:00:00-04:00,1.5099999904632568,1.5099999904632568,1.4299999475479126,1.465000033378601,24600,0.0,0.0
2024-05-06 00:00:00-04:00,1.440000057220459,1.4800000190734863,1.309999942779541,1.3300000429153442,22200,0.0,0.0
2024-05-07 00:00:00-04:00,1.5199999809265137,2.9000000953674316,1.3170000314712524,2.069999933242798,26672200,0.0,0.0
2024-05-08 00:00:00-04:00,2.069999933242798,2.3499999046325684,1.850000023841858,2.190000057220459,905400,0.0,0.0
2024-05-09 00:00:00-04:00,2.2300000190734863,2.4600000381469727,2.2300000190734863,2.369999885559082,300200,0.0,0.0
2024-05-10 00:00:00-04:00,2.380000114440918,2.5799999237060547,2.2899999618530273,2.440000057220459,141400,0.0,0.0
2024-05-13 00:00:00-04:00,2.390000104904175,2.5999999046325684,2.0299999713897705,2.109999895095825,70800,0.0,0.0
2024-05-14 00:00:00-04:00,1.9900000095367432,2.180000066757202,1.8700000047683716,2.130000114440918,51000,0.0,0.0
2024-05-15 00:00:00-04:00,2.2300000190734863,2.369999885559082,2.009999990463257,2.2300000190734863,47100,0.0,0.0
2024-05-16 00:00:00-04:00,2.2799999713897705,2.4000000953674316,2.190000057220459,2.2300000190734863,43800,0.0,0.0
2024-05-17 00:00:00-04:00,2.2699999809265137,2.359999895095825,2.140000104904175,2.25,40600,0.0,0.0
2024-05-20 00:00:00-04:00,2.3499999046325684,2.569999933242798,1.850000023841858,1.965000033378601,140000,0.0,0.0
2024-05-21 00:00:00-04:00,1.9800000190734863,2.0799999237060547,1.8600000143051147,1.8899999856948853,14300,0.0,0.0
2024-05-22 00:00:00-04:00,1.8600000143051147,2.25,1.8600000143051147,1.9600000381469727,30400,0.0,0.0
2024-05-23 00:00:00-04:00,1.9299999475479126,1.940000057220459,1.850000023841858,1.850000023841858,13300,0.0,0.0
2024-05-24 00:00:00-04:00,1.850000023841858,1.8949999809265137,1.850000023841858,1.850000023841858,3600,0.0,0.0
2024-05-28 00:00:00-04:00,1.878999948501587,1.9500000476837158,1.850000023841858,1.850000023841858,13000,0.0,0.0
2024-05-29 00:00:00-04:00,1.8899999856948853,1.8899999856948853,1.559999942779541,1.7400000095367432,14900,0.0,0.0
2024-05-30 00:00:00-04:00,1.7100000381469727,1.7100000381469727,1.649999976158142,1.6829999685287476,3300,0.0,0.0
2024-05-31 00:00:00-04:00,1.6299999952316284,1.690000057220459,1.6299999952316284,1.649999976158142,6300,0.0,0.0
2024-06-03 00:00:00-04:00,1.649999976158142,1.75,1.5700000524520874,1.7000000476837158,14000,0.0,0.0
2024-06-04 00:00:00-04:00,1.600000023841858,2.299999952316284,1.600000023841858,1.7960000038146973,289900,0.0,0.0
2024-06-05 00:00:00-04:00,1.6699999570846558,1.7799999713897705,1.6460000276565552,1.715000033378601,26400,0.0,0.0
2024-06-06 00:00:00-04:00,1.7200000286102295,1.7699999809265137,1.590000033378601,1.6299999952316284,13000,0.0,0.0
2024-06-07 00:00:00-04:00,1.5700000524520874,1.7869999408721924,1.5700000524520874,1.690000057220459,4000,0.0,0.0
2024-06-10 00:00:00-04:00,1.6299999952316284,1.6720000505447388,1.534000039100647,1.5499999523162842,3200,0.0,0.0
2024-06-11 00:00:00-04:00,1.5499999523162842,1.690000057220459,1.5499999523162842,1.659999966621399,24700,0.0,0.0
2024-06-12 00:00:00-04:00,1.6399999856948853,1.690000057220459,1.5099999904632568,1.649999976158142,8800,0.0,0.0
2024-06-13 00:00:00-04:00,1.649999976158142,1.690000057220459,1.559999942779541,1.600000023841858,9900,0.0,0.0
2024-06-14 00:00:00-04:00,1.600000023841858,1.690000057220459,1.5800000429153442,1.600000023841858,15500,0.0,0.0
2024-06-17 00:00:00-04:00,1.5800000429153442,1.690000057220459,1.5199999809265137,1.6399999856948853,35900,0.0,0.0
2024-06-18 00:00:00-04:00,1.6200000047683716,1.6399999856948853,1.5299999713897705,1.5499999523162842,6800,0.0,0.0
2024-06-20 00:00:00-04:00,1.5499999523162842,1.6729999780654907,1.5199999809265137,1.600000023841858,2700,0.0,0.0
2024-06-21 00:00:00-04:00,1.600000023841858,1.649999976158142,1.5299999713897705,1.6299999952316284,16800,0.0,0.0
2024-06-24 00:00:00-04:00,1.600000023841858,1.659999966621399,1.5369999408721924,1.600000023841858,5100,0.0,0.0
2024-06-25 00:00:00-04:00,1.6100000143051147,1.659999966621399,1.5299999713897705,1.5579999685287476,6400,0.0,0.0
2024-06-26 00:00:00-04:00,1.5499999523162842,1.6100000143051147,1.5,1.5800000429153442,7700,0.0,0.0
2024-06-27 00:00:00-04:00,1.5800000429153442,1.5800000429153442,1.5800000429153442,1.5800000429153442,1800,0.0,0.0
2024-06-28 00:00:00-04:00,1.4900000095367432,1.600000023841858,1.4900000095367432,1.600000023841858,4100,0.0,0.0
2024-07-01 00:00:00-04:00,1.649999976158142,1.690000057220459,1.440000057220459,1.6050000190734863,7500,0.0,0.0
2024-07-02 00:00:00-04:00,1.6009999513626099,1.6009999513626099,1.600000023841858,1.600000023841858,1600,0.0,0.0
2024-07-03 00:00:00-04:00,1.6100000143051147,1.6100000143051147,1.6100000143051147,1.6100000143051147,700,0.0,0.0
2024-07-05 00:00:00-04:00,1.559999942779541,1.621000051498413,1.409999966621399,1.409999966621399,10300,0.0,0.0
2024-07-08 00:00:00-04:00,1.4600000381469727,1.5499999523162842,1.4199999570846558,1.5,7100,0.0,0.0
2024-07-09 00:00:00-04:00,1.5,1.5700000524520874,1.409999966621399,1.4199999570846558,11600,0.0,0.0
2024-07-10 00:00:00-04:00,1.4299999475479126,1.5,1.3200000524520874,1.4249999523162842,16000,0.0,0.0
2024-07-11 00:00:00-04:00,1.4500000476837158,1.4500000476837158,1.409999966621399,1.409999966621399,2100,0.0,0.0
2024-07-12 00:00:00-04:00,1.4199999570846558,1.5199999809265137,1.4199999570846558,1.5199999809265137,6800,0.0,0.0
2024-07-15 00:00:00-04:00,1.5529999732971191,1.5529999732971191,1.5529999732971191,1.5529999732971191,600,0.0,0.0
2024-07-16 00:00:00-04:00,1.5399999618530273,1.5700000524520874,1.5399999618530273,1.5700000524520874,2300,0.0,0.0
2024-07-17 00:00:00-04:00,1.4199999570846558,1.5,1.340000033378601,1.3600000143051147,14900,0.0,0.0
2024-07-18 00:00:00-04:00,1.440000057220459,1.4500000476837158,1.090000033378601,1.1299999952316284,102600,0.0,0.0
2024-07-19 00:00:00-04:00,1.1799999475479126,1.2000000476837158,1.0800000429153442,1.1390000581741333,24400,0.0,0.0
2024-07-22 00:00:00-04:00,1.0700000524520874,1.1100000143051147,1.0099999904632568,1.0169999599456787,75600,0.0,0.0
2024-07-23 00:00:00-04:00,1.0499999523162842,1.059999942779541,1.0099999904632568,1.0299999713897705,3260500,0.0,0.0
2024-07-24 00:00:00-04:00,4.940000057220459,5.269999980926514,2.5299999713897705,3.3499999046325684,135839900,0.0,0.0
2024-07-25 00:00:00-04:00,2.859999895095825,3.549999952316284,2.7300000190734863,3.0199999809265137,3239700,0.0,0.0
2024-07-26 00:00:00-04:00,3.5,4.300000190734863,3.140000104904175,3.759999990463257,8229000,0.0,0.0
2024-07-29 00:00:00-04:00,3.8399999141693115,4.400000095367432,3.5,3.5999999046325684,2749800,0.0,0.0
2024-07-30 00:00:00-04:00,3.680000066757202,4.189000129699707,3.5999999046325684,3.700000047683716,3132700,0.0,0.0
2024-07-31 00:00:00-04:00,5.920000076293945,8.0,5.550000190734863,5.980000019073486,36613400,0.0,0.0
2024-08-01 00:00:00-04:00,5.409999847412109,5.739999771118164,4.578000068664551,5.289999961853027,1060400,0.0,0.0
2024-08-02 00:00:00-04:00,4.619999885559082,4.639999866485596,3.6600000858306885,3.680000066757202,879600,0.0,0.0
2024-08-05 00:00:00-04:00,3.2100000381469727,3.630000114440918,2.8399999141693115,3.190000057220459,423800,0.0,0.0
2024-08-06 00:00:00-04:00,3.190000057220459,3.490000009536743,2.819999933242798,2.9000000953674316,334100,0.0,0.0
2024-08-07 00:00:00-04:00,3.190000057220459,3.2009999752044678,2.6500000953674316,2.8299999237060547,1299400,0.0,0.0
2024-08-08 00:00:00-04:00,2.759999990463257,2.799999952316284,2.109999895095825,2.4800000190734863,429800,0.0,0.0
2024-08-09 00:00:00-04:00,2.319999933242798,2.450000047683716,2.0999999046325684,2.319999933242798,217100,0.0,0.0
2024-08-12 00:00:00-04:00,2.1600000858306885,2.428999900817871,2.109999895095825,2.240000009536743,174400,0.0,0.0
2024-08-13 00:00:00-04:00,2.180000066757202,2.180000066757202,1.9199999570846558,2.0299999713897705,106000,0.0,0.0
2024-08-14 00:00:00-04:00,2.009999990463257,2.1600000858306885,1.9199999570846558,1.9600000381469727,141600,0.0,0.0
2024-08-15 00:00:00-04:00,1.8799999952316284,2.0899999141693115,1.7899999618530273,1.9700000286102295,100500,0.0,0.0
2024-08-16 00:00:00-04:00,1.9299999475479126,1.9700000286102295,1.7599999904632568,1.9199999570846558,86400,0.0,0.0
2024-08-19 00:00:00-04:00,1.899999976158142,2.200000047683716,1.8799999952316284,2.0399999618530273,191400,0.0,0.0
2024-08-20 00:00:00-04:00,1.909999966621399,1.9900000095367432,1.809999942779541,1.8799999952316284,107200,0.0,0.0
2024-08-21 00:00:00-04:00,1.809999942779541,1.909999966621399,1.7999999523162842,1.8200000524520874,53900,0.0,0.0
2024-08-22 00:00:00-04:00,1.850000023841858,1.8849999904632568,1.6100000143051147,1.6299999952316284,142200,0.0,0.0
2024-08-23 00:00:00-04:00,1.6100000143051147,1.649999976158142,1.5199999809265137,1.590000033378601,71600,0.0,0.0
2024-08-26 00:00:00-04:00,1.7699999809265137,1.8300000429153442,1.5700000524520874,1.590000033378601,72400,0.0,0.0
2024-08-27 00:00:00-04:00,1.590000033378601,1.590000033378601,1.2599999904632568,1.3200000524520874,214000,0.0,0.0
2024-08-28 00:00:00-04:00,1.2999999523162842,1.309999942779541,1.1699999570846558,1.2400000095367432,157800,0.0,0.0
2024-08-29 00:00:00-04:00,1.2000000476837158,1.4199999570846558,1.190000057220459,1.3200000524520874,137900,0.0,0.0
2024-08-30 00:00:00-04:00,1.309999942779541,1.5199999809265137,1.2999999523162842,1.3799999952316284,127500,0.0,0.0
2024-09-03 00:00:00-04:00,1.4299999475479126,1.4900000095367432,1.2100000381469727,1.2699999809265137,168700,0.0,0.0
2024-09-04 00:00:00-04:00,1.3300000429153442,1.340000033378601,1.2400000095367432,1.2999999523162842,74400,0.0,0.0
2024-09-05 00:00:00-04:00,1.3300000429153442,1.3300000429153442,1.2000000476837158,1.2200000286102295,213000,0.0,0.0
2024-09-06 00:00:00-04:00,1.2200000286102295,1.2599999904632568,1.1299999952316284,1.190000057220459,91900,0.0,0.0
2024-09-09 00:00:00-04:00,1.190000057220459,1.274999976158142,1.1399999856948853,1.149999976158142,71800,0.0,0.0
2024-09-10 00:00:00-04:00,1.1799999475479126,1.2400000095367432,1.1200000047683716,1.1799999475479126,82000,0.0,0.0
2024-09-11 00:00:00-04:00,1.1699999570846558,1.190000057220459,1.069000005722046,1.100000023841858,339900,0.0,0.0
2024-09-12 00:00:00-04:00,1.090000033378601,1.1200000047683716,1.0199999809265137,1.0700000524520874,128300,0.0,0.0
2024-09-13 00:00:00-04:00,1.0499999523162842,1.0499999523162842,0.9599999785423279,0.9900000095367432,272100,0.0,0.0
2024-09-16 00:00:00-04:00,0.9700000286102295,0.9900000095367432,0.8500000238418579,0.9010000228881836,304500,0.0,0.0
2024-09-17 00:00:00-04:00,0.8759999871253967,1.0,0.8759999871253967,0.9150000214576721,180700,0.0,0.0
2024-09-18 00:00:00-04:00,0.8999999761581421,1.059999942779541,0.8999999761581421,1.0299999713897705,349700,0.0,0.0
2024-09-19 00:00:00-04:00,1.059999942779541,1.340000033378601,0.5899999737739563,0.6919999718666077,14022400,0.0,0.0
2024-09-20 00:00:00-04:00,0.6499999761581421,0.6499999761581421,0.5419999957084656,0.6119999885559082,1516900,0.0,0.0
2024-09-23 00:00:00-04:00,0.6000000238418579,0.6000000238418579,0.503000020980835,0.5600000023841858,530800,0.0,0.0
2024-09-24 00:00:00-04:00,0.550000011920929,1.0299999713897705,0.4690000116825104,0.5400000214576721,15519700,0.0,0.0
2024-09-25 00:00:00-04:00,0.5099999904632568,0.5899999737739563,0.5070000290870667,0.5370000004768372,1838800,0.0,0.0
2024-09-26 00:00:00-04:00,0.546999990940094,0.5699999928474426,0.47999998927116394,0.5239999890327454,690000,0.0,0.0
2024-09-27 00:00:00-04:00,0.5170000195503235,0.5370000004768372,0.44999998807907104,0.5149999856948853,449800,0.0,0.0
2024-09-30 00:00:00-04:00,0.5059999823570251,0.5320000052452087,0.46000000834465027,0.4909999966621399,294500,0.0,0.0
2024-10-01 00:00:00-04:00,0.49000000953674316,0.49000000953674316,0.41499999165534973,0.44699999690055847,246200,0.0,0.0
2024-10-02 00:00:00-04:00,0.4490000009536743,0.4580000042915344,0.38100001215934753,0.4169999957084656,345400,0.0,0.0
2024-10-03 00:00:00-04:00,0.41100001335144043,0.4359999895095825,0.38999998569488525,0.4180000126361847,114600,0.0,0.0
2024-10-04 00:00:00-04:00,0.41100001335144043,0.46000000834465027,0.4099999964237213,0.414000004529953,87100,0.0,0.0
2024-10-07 00:00:00-04:00,0.42500001192092896,0.4300000071525574,0.4000000059604645,0.40799999237060547,161900,0.0,0.0
2024-10-08 00:00:00-04:00,0.4099999964237213,0.41999998688697815,0.38999998569488525,0.40400001406669617,116400,0.0,0.0
2024-10-09 00:00:00-04:00,0.4020000100135803,0.421999990940094,0.33500000834465027,0.3799999952316284,191400,0.0,0.0
2024-10-10 00:00:00-04:00,0.3799999952316284,0.38999998569488525,0.36500000953674316,0.38600000739097595,127600,0.0,0.0
2024-10-11 00:00:00-04:00,0.3779999911785126,0.4000000059604645,0.37700000405311584,0.39800000190734863,150500,0.0,0.0
2024-10-14 00:00:00-04:00,0.41499999165534973,0.41499999165534973,0.38199999928474426,0.4000000059604645,246500,0.0,0.0
2024-10-15 00:00:00-04:00,0.4129999876022339,0.4129999876022339,0.3630000054836273,0.37599998712539673,458600,0.0,0.0
2024-10-16 00:00:00-04:00,0.3799999952316284,0.3880000114440918,0.25,0.35600000619888306,3220700,0.0,0.0
2024-10-17 00:00:00-04:00,0.48100000619888306,3.5,0.41200000047683716,2.299999952316284,279562300,0.0,0.0
2024-10-18 00:00:00-04:00,1.7000000476837158,2.2799999713897705,1.5099999904632568,1.7699999809265137,35925200,0.0,0.0
2024-10-21 00:00:00-04:00,1.8600000143051147,2.200000047683716,1.600000023841858,1.6699999570846558,12252500,0.0,0.0
2024-10-22 00:00:00-04:00,1.659999966621399,1.7300000190734863,1.2000000476837158,1.2300000190734863,3583500,0.0,0.0
2024-10-23 00:00:00-04:00,1.1699999570846558,1.3300000429153442,1.090000033378601,1.2300000190734863,1803600,0.0,0.0
2024-10-24 00:00:00-04:00,1.2000000476837158,1.2400000095367432,0.9800000190734863,1.0700000524520874,1336600,0.0,0.0
2024-10-25 00:00:00-04:00,1.0399999618530273,1.059999942779541,0.9100000262260437,0.949999988079071,999000,0.0,0.0
2024-10-28 00:00:00-04:00,0.9459999799728394,0.9829999804496765,0.8999999761581421,0.9179999828338623,441100,0.0,0.0
2024-10-29 00:00:00-04:00,0.9110000133514404,0.9599999785423279,0.7620000243186951,0.7879999876022339,917700,0.0,0.0
2024-10-30 00:00:00-04:00,0.7590000033378601,0.7900000214576721,0.7200000286102295,0.7480000257492065,593400,0.0,0.0
2024-10-31 00:00:00-04:00,0.8500000238418579,0.9900000095367432,0.6610000133514404,0.9900000095367432,8591200,0.0,0.0
2024-11-01 00:00:00-04:00,0.8659999966621399,0.8999999761581421,0.7390000224113464,0.7599999904632568,811300,0.0,0.0
2024-11-04 00:00:00-05:00,0.6919999718666077,0.7689999938011169,0.6570000052452087,0.7599999904632568,391400,0.0,0.0
2024-11-05 00:00:00-05:00,0.7179999947547913,0.7179999947547913,0.6899999976158142,0.6949999928474426,186700,0.0,0.0
2024-11-06 00:00:00-05:00,0.656000018119812,0.6790000200271606,0.6010000109672546,0.6200000047683716,396900,0.0,0.0
2024-11-07 00:00:00-05:00,0.6200000047683716,0.7400000095367432,0.6200000047683716,0.6869999766349792,423000,0.0,0.0
2024-11-08 00:00:00-05:00,0.6899999976158142,0.703000009059906,0.6200000047683716,0.7020000219345093,268700,0.0,0.0
