Date,Open,High,Low,Close,Volume,Dividends,Stock Splits
2022-01-03 00:00:00-05:00,71.77480196789385,72.39150692305275,71.06322099776649,71.76531219482422,403000,0.0,0.0
2022-01-04 00:00:00-05:00,71.82223730568191,72.21123838234446,69.88674341129239,70.17137145996094,495100,0.0,0.0
2022-01-05 00:00:00-05:00,70.50345213513592,72.1448357023069,69.65904315343865,70.0670166015625,506100,0.0,0.0
2022-01-06 00:00:00-05:00,70.36113346722954,73.46362347368222,69.74442847993413,72.53382110595703,630700,0.0,0.0
2022-01-07 00:00:00-05:00,73.92852261661712,74.83934545665991,72.87538212437902,73.48259735107422,619200,0.0,0.0
2022-01-10 00:00:00-05:00,73.71977825964994,73.86209588720105,70.25675700783262,73.30232238769531,581300,0.0,0.0
2022-01-11 00:00:00-05:00,72.44643494929406,72.55104445349849,70.09748795476132,70.73464965820312,671900,0.18,0.0
2022-01-12 00:00:00-05:00,70.46838122420155,70.99142880212126,69.64102428973989,70.53495025634766,393400,0.0,0.0
2022-01-13 00:00:00-05:00,71.11506479516311,71.25771481397007,69.46985537730261,70.70613861083984,589400,0.0,0.0
2022-01-14 00:00:00-05:00,69.79316811927055,71.91387939453125,69.11796596803414,71.91387939453125,1000300,0.0,0.0
2022-01-18 00:00:00-05:00,71.87583785016072,72.0565210463725,67.36813927935246,67.59638214111328,1079200,0.0,0.0
2022-01-19 00:00:00-05:00,67.6819798909409,68.85170118659344,66.30304681776742,68.49983215332031,677500,0.0,0.0
2022-01-20 00:00:00-05:00,68.28110514681225,68.88973834682729,61.2723041568053,61.51005172729492,1109500,0.0,0.0
2022-01-21 00:00:00-05:00,61.07258776779652,61.32935191241269,57.84873178334137,58.26716613769531,1815100,0.0,0.0
2022-01-24 00:00:00-05:00,57.040397373115304,62.299376163431305,56.422255858937596,62.213783264160156,1188300,0.0,0.0
2022-01-25 00:00:00-05:00,60.463955340419865,62.23279759582414,58.94236892724631,60.80630874633789,773600,0.0,0.0
2022-01-26 00:00:00-05:00,61.60514728743336,62.489568510917884,59.76973581312589,60.521018981933594,805900,0.0,0.0
2022-01-27 00:00:00-05:00,61.46249293795334,61.47200487132105,59.04698062932587,59.57953643798828,521800,0.0,0.0
2022-01-28 00:00:00-05:00,59.38934949232872,59.91239347169224,58.019921034079054,59.72219467163086,676000,0.0,0.0
2022-01-31 00:00:00-05:00,59.541495975545104,61.500533432004794,58.600014097577066,61.35788345336914,1045800,0.0,0.0
2022-02-01 00:00:00-05:00,61.84290358714612,64.20136293479523,61.253294191844475,64.16332244873047,787800,0.0,0.0
2022-02-02 00:00:00-05:00,64.15379109906826,64.84801706257136,62.946036867797396,64.18231964111328,475800,0.0,0.0
2022-02-03 00:00:00-05:00,63.716343416083724,64.61027652606279,62.59417468958128,62.660743713378906,392400,0.0,0.0
2022-02-04 00:00:00-05:00,61.96652221917969,62.52760293014339,60.47346433260492,61.7477912902832,654700,0.0,0.0
2022-02-07 00:00:00-05:00,61.39591598232961,63.497603145315686,61.02503043918374,62.632205963134766,519800,0.0,0.0
2022-02-08 00:00:00-05:00,62.8889810828444,65.53274000780556,62.8889810828444,65.0667495727539,962300,0.0,0.0
2022-02-09 00:00:00-05:00,64.5912559990266,66.04626991975647,64.25841086282692,65.31401062011719,630800,0.0,0.0
2022-02-10 00:00:00-05:00,65.3615587412539,66.98775109027515,64.22036616363033,64.37252807617188,609000,0.0,0.0
2022-02-11 00:00:00-05:00,64.9431296692352,65.81803902024224,63.76390370677004,64.42008209228516,493100,0.0,0.0
2022-02-14 00:00:00-05:00,64.00164765571284,65.0762640418304,63.14575496719979,63.82095718383789,488000,0.0,0.0
2022-02-15 00:00:00-05:00,64.70537435966723,66.06529064179242,64.4010577845648,65.05724334716797,831100,0.0,0.0
2022-02-16 00:00:00-05:00,64.18233596392894,65.5042119550373,63.80193837713591,63.88753128051758,451300,0.0,0.0
2022-02-17 00:00:00-05:00,62.81290348939474,63.535650793023905,61.34837776023168,61.87141799926758,517000,0.0,0.0
2022-02-18 00:00:00-05:00,61.196216092369184,61.9665230651037,59.82679155122896,60.254737854003906,592900,0.0,0.0
2022-02-22 00:00:00-05:00,59.104043884085144,61.51004799039204,58.86629632803933,59.512969970703125,572500,0.0,0.0
2022-02-23 00:00:00-05:00,59.798271005178485,59.88386027718133,57.56344162632202,58.01991653442383,690000,0.0,0.0
2022-02-24 00:00:00-05:00,56.060879365384494,59.05649665804465,55.48077469723954,58.96139907836914,742000,0.0,0.0
2022-02-25 00:00:00-05:00,58.90433684161597,60.39739129617778,57.63952165125178,59.91238784790039,478800,0.0,0.0
2022-02-28 00:00:00-05:00,59.284730439998135,61.12965016019217,58.894824595038685,60.9299430847168,533400,0.0,0.0
2022-03-01 00:00:00-05:00,60.25474651027448,62.2898651894612,59.07551693185612,60.540042877197266,587700,0.0,0.0
2022-03-02 00:00:00-05:00,60.521022606028964,63.11722933865172,60.22621793237402,62.31839370727539,437400,0.0,0.0
2022-03-03 00:00:00-05:00,62.16623185551448,62.470548428656684,59.53198494397407,61.68122482299805,370400,0.0,0.0
2022-03-04 00:00:00-05:00,61.47201710226291,61.47201710226291,58.61904598456328,59.72219467163086,488100,0.0,0.0
2022-03-07 00:00:00-05:00,59.265706993568955,59.436885514068635,53.93065156938781,54.64389419555664,1148700,0.0,0.0
2022-03-08 00:00:00-05:00,54.58684296426838,56.850197195524686,53.80703123287083,55.433223724365234,770600,0.0,0.0
2022-03-09 00:00:00-05:00,57.20206169916609,59.37031818360277,55.74704423347438,55.88969421386719,1286300,0.0,0.0
2022-03-10 00:00:00-05:00,54.73900104449707,57.90579674544617,54.27301421771695,57.630008697509766,632000,0.0,0.0
2022-03-11 00:00:00-05:00,57.63000730255553,58.20060362527522,55.50929949496942,55.98479461669922,478300,0.0,0.0
2022-03-14 00:00:00-04:00,55.88969438422068,56.412738267689086,54.13036034088552,54.872135162353516,528600,0.0,0.0
2022-03-15 00:00:00-04:00,55.252528077940134,57.04990256775224,54.824585398581654,56.18450164794922,407500,0.0,0.0
2022-03-16 00:00:00-04:00,56.37470091401144,57.487361394019516,55.43322259712913,56.94529724121094,484500,0.0,0.0
2022-03-17 00:00:00-04:00,56.51734976813892,56.89774731196862,55.15743344639651,56.260581970214844,562900,0.0,0.0
2022-03-18 00:00:00-04:00,56.13695375118056,58.010405719727224,55.024296890986214,57.886775970458984,735800,0.0,0.0
2022-03-21 00:00:00-04:00,57.88677566853884,58.84727785534096,56.46029028942829,57.12598419189453,903100,0.0,0.0
2022-03-22 00:00:00-04:00,56.973822231018694,59.646105975277735,56.973822231018694,59.32276916503906,1160900,0.0,0.0
2022-03-23 00:00:00-04:00,54.55831587315308,56.108431173894054,52.08574239116235,52.34251022338867,3082000,0.0,0.0
2022-03-24 00:00:00-04:00,52.83701743695808,53.95918617632317,51.001606039237544,53.398101806640625,1777100,0.0,0.0
2022-03-25 00:00:00-04:00,53.34104343726115,53.70242074917769,51.21082367428041,51.35347366333008,1527600,0.0,0.0
2022-03-28 00:00:00-04:00,51.686320380866256,51.686320380866256,49.39443394612251,50.20277786254883,1105900,0.0,0.0
2022-03-29 00:00:00-04:00,51.35347793815306,54.14938820879936,51.11573035510606,53.474185943603516,1157900,0.0,0.0
2022-03-30 00:00:00-04:00,52.78946800522294,54.653411681397365,52.3139728728015,52.675350189208984,836100,0.0,0.0
2022-03-31 00:00:00-04:00,52.47564016386748,53.0177042942351,51.277390465772925,51.38199996948242,804200,0.0,0.0
2022-04-01 00:00:00-04:00,51.790927204148744,52.36152352043429,50.17424308294946,50.469051361083984,934500,0.0,0.0
2022-04-04 00:00:00-04:00,50.36444454277675,52.6373107398706,49.98405060602625,51.78142166137695,826000,0.0,0.0
2022-04-05 00:00:00-04:00,51.619752637471095,52.59927511929934,50.7828837803477,50.868473052978516,875200,0.0,0.0
2022-04-06 00:00:00-04:00,50.107677843484446,51.020631292984696,49.36590656677185,49.869930267333984,658300,0.0,0.0
2022-04-07 00:00:00-04:00,49.59414405729372,50.7543497204317,48.77629184423154,50.06012725830078,703200,0.0,0.0
2022-04-08 00:00:00-04:00,50.164738605412744,53.18888806653646,49.879442239366,52.047698974609375,869600,0.0,0.0
2022-04-11 00:00:00-04:00,51.49612465945429,54.48223353191054,51.343966361104286,52.43760299682617,621300,0.0,0.0
2022-04-12 00:00:00-04:00,52.79062329837284,54.25040255974815,51.54074462985376,51.8460578918457,675000,0.18,0.0
2022-04-13 00:00:00-04:00,52.323113398190856,53.58253158793726,51.89376546086336,53.219970703125,677900,0.0,0.0
2022-04-14 00:00:00-04:00,53.06730938602148,54.04049674498417,52.77153921941374,53.3344612121582,380300,0.0,0.0
2022-04-18 00:00:00-04:00,53.048231062144225,54.25040527609965,52.0559647307976,53.859222412109375,414000,0.0,0.0
2022-04-19 00:00:00-04:00,53.98325181269596,56.12044454557781,53.98325181269596,55.47165298461914,598200,0.0,0.0
2022-04-20 00:00:00-04:00,55.15679404566092,56.139520722488285,53.315371682543216,53.553897857666016,715500,0.0,0.0
2022-04-21 00:00:00-04:00,54.73698967491789,54.93735444287291,52.676123515830156,53.24858856201172,686000,0.0,0.0
2022-04-22 00:00:00-04:00,52.98144188276663,53.72564615092006,52.41851986795807,52.80016326904297,518900,0.0,0.0
2022-04-25 00:00:00-04:00,52.47577069522843,53.51574520550054,51.25451756009106,53.28675842285156,678700,0.0,0.0
2022-04-26 00:00:00-04:00,52.46623031722846,52.68567400858142,51.082777477321955,51.37854766845703,903100,0.0,0.0
2022-04-27 00:00:00-04:00,51.23542756849764,51.70293687392038,49.51803968724059,50.529388427734375,588200,0.0,0.0
2022-04-28 00:00:00-04:00,51.187726104449055,51.75064810544255,49.8615173200181,51.34992218017578,729300,0.0,0.0
2022-04-29 00:00:00-04:00,51.120939353405376,53.553905980768334,50.49122666153004,50.739295959472656,574400,0.0,0.0
2022-05-02 00:00:00-04:00,50.17637511794464,52.47576770260103,49.899683832912736,52.342193603515625,686400,0.0,0.0
2022-05-03 00:00:00-04:00,52.24677946477459,54.927815376865155,52.05596140836993,54.5366325378418,699500,0.0,0.0
2022-05-04 00:00:00-04:00,54.317189602413336,57.18904361009373,53.611150409370666,57.05546951293945,884800,0.0,0.0
2022-05-05 00:00:00-04:00,57.055466195699324,57.48481408274777,54.79423884340544,55.2522087097168,728000,0.0,0.0
2022-05-06 00:00:00-04:00,55.03277013872759,56.09182714497111,53.97371313248407,54.679752349853516,444500,0.0,0.0
2022-05-09 00:00:00-04:00,53.90692387406809,56.234938391286356,53.582528080391505,54.93735885620117,693700,0.0,0.0
2022-05-10 00:00:00-04:00,55.433488598588596,55.958249161403174,52.189534393633416,53.36308288574219,691200,0.0,0.0
2022-05-11 00:00:00-04:00,53.55390825330344,54.326730881360916,51.07323336671676,51.21635055541992,749700,0.0,0.0
2022-05-12 00:00:00-04:00,50.911036026793425,52.64750658474116,49.956931164640984,50.930118560791016,967300,0.0,0.0
2022-05-13 00:00:00-04:00,51.51213013181338,53.14364879501373,51.51213013181338,51.998722076416016,815000,0.0,0.0
2022-05-16 00:00:00-04:00,51.38808782606748,51.78881011622656,47.73386450193312,47.80065155029297,1259000,0.0,0.0
2022-05-17 00:00:00-04:00,48.478073286114395,50.59618377685547,47.285442111742945,50.59618377685547,1436100,0.0,0.0
2022-05-18 00:00:00-04:00,49.50850197883721,50.061884560033164,47.32360091521257,47.60029220581055,1204100,0.0,0.0
2022-05-19 00:00:00-04:00,45.548966014346874,46.43628015445874,43.98423104174933,44.604400634765625,1899700,0.0,0.0
2022-05-20 00:00:00-04:00,44.842927508546445,45.08145371869829,41.5608081671207,43.230491638183594,1467700,0.0,0.0
2022-05-23 00:00:00-04:00,43.774332908349905,44.31817239871629,42.11418881591163,43.306819915771484,1161900,0.0,0.0
2022-05-24 00:00:00-04:00,43.17324362390737,43.17324362390737,41.0742122667545,42.24776077270508,705000,0.0,0.0
2022-05-25 00:00:00-04:00,41.77070620576296,46.26454249665284,41.77070620576296,46.150047302246094,951000,0.0,0.0
2022-05-26 00:00:00-04:00,46.464904345960456,48.60209705324297,46.464904345960456,46.7988395690918,707700,0.0,0.0
2022-05-27 00:00:00-04:00,46.85608459012774,47.705237230491164,46.48398432206923,47.23772430419922,492100,0.0,0.0
2022-05-31 00:00:00-04:00,46.5793977071827,47.64799410222551,45.72070190068868,47.180484771728516,804100,0.0,0.0
2022-06-01 00:00:00-04:00,47.90560720551624,47.90560720551624,45.54897052580451,46.541236877441406,659500,0.0,0.0
2022-06-02 00:00:00-04:00,46.76067904691587,47.85790112601682,46.02602148464839,47.294979095458984,547100,0.0,0.0
2022-06-03 00:00:00-04:00,46.71296223998348,46.71296223998348,45.377217929497334,45.78748321533203,493600,0.0,0.0
2022-06-06 00:00:00-04:00,46.50307814414492,47.686166276514086,45.61576022505723,47.667083740234375,826100,0.0,0.0
2022-06-07 00:00:00-04:00,47.035090520305175,48.442697238224895,46.77655028725165,47.312782287597656,765800,0.18,0.0
2022-06-08 00:00:00-04:00,47.92561349795731,48.701234144129366,46.7861246844485,47.533016204833984,504200,0.0,0.0
2022-06-09 00:00:00-04:00,47.29362755866231,48.49057097188126,46.834001726320004,47.38938522338867,707100,0.0,0.0
2022-06-10 00:00:00-04:00,46.39353395673116,47.40853977622101,44.44012115475088,44.909324645996094,601100,0.0,0.0
2022-06-13 00:00:00-04:00,43.415534096240044,44.727383128857674,42.90803122910087,43.1569938659668,608400,0.0,0.0
2022-06-14 00:00:00-04:00,43.291053896177125,44.545452064804486,43.0133621129816,44.25818634033203,590100,0.0,0.0
2022-06-15 00:00:00-04:00,45.03379766704736,46.04880699323501,44.449688698806426,45.34979248046875,486400,0.0,0.0
2022-06-16 00:00:00-04:00,44.047517786668095,44.6986552983457,42.132408317682525,42.706939697265625,735800,0.0,0.0
2022-06-17 00:00:00-04:00,43.2623235339657,44.162423676406576,42.371797331720586,43.28147506713867,1166700,0.0,0.0
2022-06-21 00:00:00-04:00,44.66036021623785,45.05295758145332,43.721956847010176,43.817710876464844,985200,0.0,0.0
2022-06-22 00:00:00-04:00,44.69865981015616,47.27448099093966,43.56874481718036,46.32650375366211,2433300,0.0,0.0
2022-06-23 00:00:00-04:00,46.44140498710961,49.17043454070346,46.44140498710961,48.289485931396484,1435900,0.0,0.0
2022-06-24 00:00:00-04:00,48.31820948346088,49.76411913194735,48.31820948346088,49.09383010864258,1816900,0.0,0.0
2022-06-27 00:00:00-04:00,50.434407499527914,50.578042174764875,48.93104681724892,50.051387786865234,651500,0.0,0.0
2022-06-28 00:00:00-04:00,49.7736998133605,50.84616020423873,48.24161354067733,48.260765075683594,782500,0.0,0.0
2022-06-29 00:00:00-04:00,47.714967585493774,48.385253165826725,46.69038037102243,47.98308181762695,599600,0.0,0.0
2022-06-30 00:00:00-04:00,47.54259811666966,48.33736671519117,46.38395401219252,46.498863220214844,982200,0.0,0.0
2022-07-01 00:00:00-04:00,46.470133914264736,47.93519526230688,46.24032280466163,47.035091400146484,679000,0.0,0.0
2022-07-05 00:00:00-04:00,45.97220090356995,49.84072288299956,45.77111528727213,49.821571350097656,723700,0.0,0.0
2022-07-06 00:00:00-04:00,49.64921804602895,50.55889589388108,48.03095164710431,48.05967712402344,537400,0.0,0.0
2022-07-07 00:00:00-04:00,48.56717218653225,51.181295898004585,48.37566052925032,50.989784240722656,821800,0.0,0.0
2022-07-08 00:00:00-04:00,50.99936862547612,51.909046444298816,50.022665913574976,51.12385177612305,741300,0.0,0.0
2022-07-11 00:00:00-04:00,51.123848985314645,51.89946967007638,49.12255935426617,49.237464904785156,507100,0.0,0.0
2022-07-12 00:00:00-04:00,49.5821812798514,51.60262228466806,49.5821812798514,50.41525650024414,638000,0.0,0.0
2022-07-13 00:00:00-04:00,49.76412110672818,51.372813365384566,49.486429354902405,50.18544387817383,496200,0.0,0.0
2022-07-14 00:00:00-04:00,49.65878880407704,50.147140108384505,48.93104516486499,49.14170837402344,475600,0.0,0.0
2022-07-15 00:00:00-04:00,49.77369248703426,51.25790153012788,48.98849793126135,51.162147521972656,510600,0.0,0.0
2022-07-18 00:00:00-04:00,51.43025949122508,52.493145739575496,50.9131791023874,51.7845573425293,618200,0.0,0.0
2022-07-19 00:00:00-04:00,52.655938019828206,54.67637550123886,52.56975794505475,54.27420425415039,715100,0.0,0.0
2022-07-20 00:00:00-04:00,54.130565483301105,56.610632277726076,53.52730865830838,56.524452209472656,1098400,0.0,0.0
2022-07-21 00:00:00-04:00,55.92120397952191,56.715972595319876,55.65308614108996,56.677669525146484,715300,0.0,0.0
2022-07-22 00:00:00-04:00,56.66809073890037,57.39583074606439,55.94034707895484,56.38082504272461,525000,0.0,0.0
2022-07-25 00:00:00-04:00,56.78300229492013,56.78300229492013,55.34667000928413,56.15101623535156,756300,0.0,0.0
2022-07-26 00:00:00-04:00,55.672238985141576,55.959504712632594,53.05811465524403,53.14429473876953,719800,0.0,0.0
2022-07-27 00:00:00-04:00,53.489009902784055,54.90619052050365,52.56018060931844,54.456138610839844,314900,0.0,0.0
2022-07-28 00:00:00-04:00,55.06897546478459,57.204325903551386,54.10184671480582,56.98408508300781,679200,0.0,0.0
2022-07-29 00:00:00-04:00,57.003236668736946,57.9416399441756,56.352099105733515,57.80758285522461,420200,0.0,0.0
2022-08-01 00:00:00-04:00,57.59692015976527,58.88004368170686,56.85960255770809,57.63521957397461,534000,0.0,0.0
2022-08-02 00:00:00-04:00,56.936210768332955,57.1372964110977,55.06897807161864,55.28921890258789,575900,0.0,0.0
2022-08-03 00:00:00-04:00,56.60106378891465,60.46958598762685,56.60106378891465,60.15359115600586,1426400,0.0,0.0
2022-08-04 00:00:00-04:00,60.325947254719374,61.1207194242674,57.61606564851359,57.68309783935547,837000,0.0,0.0
2022-08-05 00:00:00-04:00,56.85960435676058,59.49288002480453,56.51488404849885,58.43956756591797,443200,0.0,0.0
2022-08-08 00:00:00-04:00,58.62150659745347,61.89634229210398,58.62150659745347,60.38340759277344,573700,0.0,0.0
2022-08-09 00:00:00-04:00,59.06197531874776,59.397118009050324,57.36710302897188,57.68309783935547,917900,0.0,0.0
2022-08-10 00:00:00-04:00,59.26306900941087,60.56534418825966,59.08113490313536,59.65566635131836,414800,0.0,0.0
2022-08-11 00:00:00-04:00,60.43128115230238,62.059121313033245,60.38340414512468,61.38883590698242,418300,0.0,0.0
2022-08-12 00:00:00-04:00,61.41756640024155,62.174035594930736,61.15902615701429,61.58034896850586,437500,0.0,0.0
2022-08-15 00:00:00-04:00,60.785581045161734,61.905922111837185,60.7760071039479,61.407989501953125,310800,0.0,0.0
2022-08-16 00:00:00-04:00,61.34096848165371,63.85934270537478,61.24521444663888,63.59122848510742,626000,0.0,0.0
2022-08-17 00:00:00-04:00,62.49959931097429,62.71984013199256,60.862185113313586,61.494171142578125,634900,0.0,0.0
2022-08-18 00:00:00-04:00,63.45715228466989,65.40099463174302,62.56662604384046,65.34353637695312,1218900,0.0,0.0
2022-08-19 00:00:00-04:00,64.48174320666757,65.42972781395922,63.102869123854084,63.26565170288086,586000,0.0,0.0
2022-08-22 00:00:00-04:00,61.676101504385166,62.10699819555824,60.41212594452528,60.99623489379883,455100,0.0,0.0
2022-08-23 00:00:00-04:00,61.12072486563019,61.81016549309549,60.78557849270936,61.024967193603516,357000,0.0,0.0
2022-08-24 00:00:00-04:00,60.929211271731475,61.74313502102434,60.42170475779215,60.46958541870117,363500,0.0,0.0
2022-08-25 00:00:00-04:00,61.283510306866404,62.60493336785527,60.70897885885228,61.01539611816406,471400,0.0,0.0
2022-08-26 00:00:00-04:00,61.37926091777288,62.04955365782257,58.52574806610545,58.62150573730469,581600,0.0,0.0
2022-08-29 00:00:00-04:00,57.45328124600889,58.38211046170937,56.58190662655567,56.629783630371094,458100,0.0,0.0
2022-08-30 00:00:00-04:00,56.89790251469045,57.26177434901169,55.270062332647036,55.67223358154297,558700,0.0,0.0
2022-08-31 00:00:00-04:00,56.112708052416096,56.112708052416096,53.891181278574,55.13600540161133,698900,0.0,0.0
2022-09-01 00:00:00-04:00,54.1018477727988,55.442425992883514,53.824155996058394,54.666805267333984,766900,0.0,0.0
2022-09-02 00:00:00-04:00,55.35624593677079,55.53818003913894,53.49858723216408,54.13057327270508,479800,0.0,0.0
2022-09-06 00:00:00-04:00,54.48487006640064,54.49444400726197,52.68466600358764,53.153865814208984,384400,0.0,0.0
2022-09-07 00:00:00-04:00,53.43156299240909,55.461578369140625,53.43156299240909,55.461578369140625,823800,0.0,0.0
2022-09-08 00:00:00-04:00,54.580629802091025,54.858321602313225,52.74212613051389,54.638084411621094,556200,0.0,0.0
2022-09-09 00:00:00-04:00,55.28921522650885,56.68724434437115,55.28921522650885,56.39997863769531,344300,0.0,0.0
2022-09-12 00:00:00-04:00,57.003237582400516,58.46829894903149,57.003237582400516,58.353389739990234,591300,0.0,0.0
2022-09-13 00:00:00-04:00,56.65097482503957,56.73753842854416,55.14092370648861,55.669921875,501600,0.27,0.0
2022-09-14 00:00:00-04:00,55.77572080770568,55.89113771973024,53.95788518087212,55.83342742919922,340400,0.0,0.0
2022-09-15 00:00:00-04:00,55.78533916599028,56.94913587836692,55.43908474963812,55.88151931762695,302900,0.0,0.0
2022-09-16 00:00:00-04:00,55.29481151017766,55.91037325281184,54.477265589648745,55.006263732910156,897500,0.0,0.0
2022-09-19 00:00:00-04:00,54.51574563845378,56.901049511073765,54.51574563845378,56.872196197509766,300900,0.0,0.0
2022-09-20 00:00:00-04:00,55.93923299800944,55.948849546140494,54.13101741923165,55.16978073120117,440500,0.0,0.0
2022-09-21 00:00:00-04:00,55.47756200334789,55.8238164429518,53.57316625456424,53.78476333618164,545000,0.0,0.0
2022-09-22 00:00:00-04:00,53.73666921263542,53.880943107957535,51.889983899122754,52.08234786987305,515300,0.0,0.0
2022-09-23 00:00:00-04:00,50.745426496906106,51.197481333096505,49.11034171816418,49.55277633666992,862500,0.0,0.0
2022-09-26 00:00:00-04:00,48.87949546926658,50.71656413216522,48.87949546926658,50.418399810791016,620300,0.0,0.0
2022-09-27 00:00:00-04:00,51.28404191971002,51.62067613804073,49.97597123870304,51.57258605957031,638100,0.0,0.0
2022-09-28 00:00:00-04:00,52.44783398173489,53.86170490970668,51.19747370870991,53.342323303222656,694500,0.0,0.0
2022-09-29 00:00:00-04:00,52.34203306460275,52.34203306460275,49.764369160937015,51.13976287841797,585700,0.0,0.0
2022-09-30 00:00:00-04:00,51.351368948082786,52.91913046131448,51.139768199206486,51.17824172973633,554100,0.0,0.0
2022-10-03 00:00:00-04:00,50.68771631100483,51.69762262380178,49.19690188077717,51.15900421142578,797000,0.0,0.0
2022-10-04 00:00:00-04:00,52.33242605856057,53.938661228046264,52.29395252501931,53.880950927734375,369000,0.0,0.0
2022-10-05 00:00:00-04:00,52.94798039360913,53.86170650563728,52.390128912700284,53.58277893066406,338000,0.0,0.0
2022-10-06 00:00:00-04:00,53.53468798424555,54.19833982204089,52.79408909155581,53.45774459838867,390600,0.0,0.0
2022-10-07 00:00:00-04:00,53.10187722461055,53.188440838669045,51.42831891153026,52.351661682128906,471600,0.0,0.0
2022-10-10 00:00:00-04:00,52.26509373534922,53.64049122857191,51.81303893618103,53.534690856933594,467300,0.0,0.0
2022-10-11 00:00:00-04:00,53.59239793633965,55.07359204331016,53.00568948811326,53.94826889038086,609900,0.0,0.0
2022-10-12 00:00:00-04:00,54.06368729417733,55.12168730723876,53.236524781668194,54.78504943847656,335500,0.0,0.0
2022-10-13 00:00:00-04:00,53.38079867814308,55.03512370316135,52.14005490937938,54.78504943847656,584600,0.0,0.0
2022-10-14 00:00:00-04:00,55.535266172438405,55.737246683576956,53.63086696472871,53.72705078125,407800,0.0,0.0
2022-10-17 00:00:00-04:00,54.88123758928755,55.60259979050251,54.08292832547148,55.29481887817383,634100,0.0,0.0
2022-10-18 00:00:00-04:00,56.8337196465323,58.75735205471544,56.50670199037967,57.89171600341797,1168500,0.0,0.0
2022-10-19 00:00:00-04:00,52.17853466265387,55.09283689921315,50.21642851550752,51.95731735229492,1481600,0.0,0.0
2022-10-20 00:00:00-04:00,51.02435004693122,53.303853474838185,51.02435004693122,51.543731689453125,699200,0.0,0.0
2022-10-21 00:00:00-04:00,51.889987019665725,53.573165444137494,51.15900462066254,53.56354522705078,561500,0.0,0.0
2022-10-24 00:00:00-04:00,54.0733100540673,55.689161626821175,53.74629238650907,55.150543212890625,592300,0.0,0.0
2022-10-25 00:00:00-04:00,55.237108744410016,56.699069916809286,54.80429068859479,55.900760650634766,561700,0.0,0.0
2022-10-26 00:00:00-04:00,56.67982587202251,57.45889827243792,55.1120645240921,55.91037368774414,356200,0.0,0.0
2022-10-27 00:00:00-04:00,56.61249995560515,57.31462531448899,55.467936373160455,56.33357238769531,405100,0.0,0.0
2022-10-28 00:00:00-04:00,56.45860892998975,58.19949381920084,55.20824866456322,57.91094970703125,463200,0.0,0.0
2022-10-31 00:00:00-04:00,57.15111774484934,57.891716670822355,56.420139035689225,57.41080856323242,384000,0.0,0.0
2022-11-01 00:00:00-04:00,58.41109735249475,58.77658853561742,56.64135539873977,58.18026351928711,393300,0.0,0.0
2022-11-02 00:00:00-04:00,57.55508206935815,57.74744604488559,53.95788783481929,54.409942626953125,474900,0.0,0.0
2022-11-03 00:00:00-04:00,53.217292190624406,56.07388381416019,52.77485394946172,54.99665069580078,269700,0.0,0.0
2022-11-04 00:00:00-04:00,55.80457476414349,57.0356982907502,54.15024977348759,55.35251998901367,338100,0.0,0.0
2022-11-07 00:00:00-05:00,55.83342603266492,57.26653369152102,55.04473709365548,57.1895866394043,352700,0.0,0.0
2022-11-08 00:00:00-05:00,57.21844611368207,58.34376928218243,56.33357332093868,57.054935455322266,515000,0.0,0.0
2022-11-09 00:00:00-05:00,56.795242863775044,57.58393181242,55.71800980424197,56.11235427856445,279400,0.0,0.0
2022-11-10 00:00:00-05:00,58.661169006825396,61.094562708990104,58.651548790598184,59.805728912353516,636700,0.0,0.0
2022-11-11 00:00:00-05:00,60.06542428266138,61.815925858273786,59.6806963231401,61.2196044921875,411900,0.0,0.0
2022-11-14 00:00:00-05:00,60.28664192959156,61.52738575385125,59.63260659598356,60.43091583251953,496600,0.0,0.0
2022-11-15 00:00:00-05:00,61.62356220065328,61.65241551188709,55.48717396069838,55.75648498535156,1211000,0.0,0.0
2022-11-16 00:00:00-05:00,55.21786830987168,56.45861209775751,54.660016817582324,55.3044319152832,724100,0.0,0.0
2022-11-17 00:00:00-05:00,54.21757905988322,55.75648720665872,54.21757905988322,55.21786880493164,348300,0.0,0.0
2022-11-18 00:00:00-05:00,56.57402945457959,56.60288276692825,54.496506577609345,55.01588821411133,398500,0.0,0.0
2022-11-21 00:00:00-05:00,54.58307210437842,54.804289401256995,53.8905632313409,54.467655181884766,252500,0.0,0.0
2022-11-22 00:00:00-05:00,54.82352244781443,56.19891988344928,54.650395241298334,56.064266204833984,241000,0.0,0.0
2022-11-23 00:00:00-05:00,55.84305098364282,56.5547929308843,55.689160535398365,56.21815872192383,178000,0.0,0.0
2022-11-25 00:00:00-05:00,56.09311845873207,56.910660731504876,55.429466625623704,56.833717346191406,205700,0.0,0.0
2022-11-28 00:00:00-05:00,56.42014187963614,56.99723017021804,56.160451048162926,56.7856330871582,387500,0.0,0.0
2022-11-29 00:00:00-05:00,56.949137367291556,57.17035465706965,55.79495717228772,56.016178131103516,400000,0.0,0.0
2022-11-30 00:00:00-05:00,56.08350255078249,56.36242645339061,53.2653808612092,56.35280990600586,659500,0.0,0.0
2022-12-01 00:00:00-05:00,56.833722026482754,58.016755566771195,55.535271564200706,55.95846939086914,478200,0.0,0.0
2022-12-02 00:00:00-05:00,55.16977075233009,58.112925599156235,55.102443920477015,57.987892150878906,453900,0.0,0.0
2022-12-05 00:00:00-05:00,57.141501636514036,57.17035494909926,54.871614764187235,55.727630615234375,421900,0.0,0.0
2022-12-06 00:00:00-05:00,55.910380560014346,56.420142006812,54.823527152296116,55.592979431152344,430600,0.0,0.0
2022-12-07 00:00:00-05:00,56.20853497448646,56.72791658057707,53.265379878047916,53.438507080078125,462200,0.0,0.0
2022-12-08 00:00:00-05:00,53.30385121136593,53.861706359801914,52.130437960615794,53.17881774902344,455800,0.0,0.0
2022-12-09 00:00:00-05:00,52.61134284564894,54.10215710769804,51.93807082339012,53.29423141479492,354300,0.0,0.0
2022-12-12 00:00:00-05:00,53.294230889495516,55.12168297918025,52.919123190958736,54.87160873413086,313300,0.0,0.0
2022-12-13 00:00:00-05:00,56.43937651097425,56.57403019574899,53.6501079842145,54.43879699707031,571100,0.0,0.0
2022-12-14 00:00:00-05:00,54.08292955577984,55.69878121678266,54.08292955577984,54.92932891845703,545300,0.0,0.0
2022-12-15 00:00:00-05:00,54.16948891611824,54.486890028094074,52.967218647793466,53.621253967285156,816800,0.0,0.0
2022-12-16 00:00:00-05:00,53.8617078867226,56.17968481151468,52.29394643340351,53.21729278564453,1776500,0.0,0.0
2022-12-19 00:00:00-05:00,53.37118547631837,53.813620071988126,50.668480485397055,51.082061767578125,752500,0.0,0.0
2022-12-20 00:00:00-05:00,50.976260441041894,51.755332912032166,49.985590893355244,50.15871810913086,566600,0.0,0.0
2022-12-21 00:00:00-05:00,51.00511100026902,51.7168565899242,50.18756871249639,51.58220291137695,376100,0.0,0.0
2022-12-22 00:00:00-05:00,50.76465995517999,51.35136844841883,50.08177130559022,51.26480484008789,355000,0.0,0.0
2022-12-23 00:00:00-05:00,51.36098147340672,51.64952557109248,50.158711342185,51.274417877197266,272800,0.0,0.0
2022-12-27 00:00:00-05:00,51.11091268248288,51.64953107956783,50.41840383895047,50.62038803100586,209400,0.0,0.0
2022-12-28 00:00:00-05:00,50.793517938955425,51.3706062265166,49.76437483574736,49.79322814941406,282800,0.0,0.0
2022-12-29 00:00:00-05:00,50.61076390019497,51.29365614321569,50.00482237800334,50.91854476928711,286800,0.0,0.0
2022-12-30 00:00:00-05:00,50.39916570871566,51.20709138911311,50.01443779651218,50.68770980834961,354300,0.0,0.0
2023-01-03 00:00:00-05:00,50.95701767229973,51.55334264024678,50.09138536444833,50.50496292114258,284400,0.0,0.0
2023-01-04 00:00:00-05:00,50.822369582896066,51.79380235781726,50.16833425499433,51.74571228027344,431400,0.0,0.0
2023-01-05 00:00:00-05:00,51.40907081659101,52.16890640932831,50.14909041606603,52.1496696472168,358600,0.0,0.0
2023-01-06 00:00:00-05:00,52.553643429505115,54.91009416039456,52.1785356496688,54.88124084472656,354900,0.0,0.0
2023-01-09 00:00:00-05:00,55.477555371859786,59.03627583156612,55.35251824605178,58.488040924072266,795800,0.0,0.0
2023-01-10 00:00:00-05:00,58.700586138157725,59.28991125931364,57.75380290686176,59.193302154541016,526700,0.27,0.0
2023-01-11 00:00:00-05:00,59.1739752002286,60.39126678277122,58.79719456004638,59.985504150390625,571600,0.0,0.0
2023-01-12 00:00:00-05:00,60.76805674658566,60.816361299865065,59.35753946717932,59.6956787109375,522500,0.0,0.0
2023-01-13 00:00:00-05:00,58.34312536759131,59.73431999944626,58.29482081740767,59.17397689819336,306200,0.0,0.0
2023-01-17 00:00:00-05:00,58.87448823784943,59.946866303993765,57.193466149353945,57.71516418457031,444800,0.0,0.0
2023-01-18 00:00:00-05:00,57.976007720525274,58.13058450186671,53.03921015407029,53.7734489440918,1053500,0.0,0.0
2023-01-19 00:00:00-05:00,53.126152577205936,55.531753639032004,52.65275917588317,54.94242858886719,608500,0.0,0.0
2023-01-20 00:00:00-05:00,55.37718249202143,57.019563039598,54.11158260542398,56.932613372802734,615200,0.0,0.0
2023-01-23 00:00:00-05:00,57.10651257146401,59.35753709588771,56.40125580263594,58.75855255126953,513500,0.0,0.0
2023-01-24 00:00:00-05:00,57.72482059685264,60.217375288688345,57.72482059685264,59.85025405883789,647800,0.0,0.0
2023-01-25 00:00:00-05:00,59.425166556811035,60.429917480415156,59.02906332342496,60.217376708984375,396500,0.0,0.0
2023-01-26 00:00:00-05:00,60.5361904078925,60.652122074139065,58.58465621330278,59.357540130615234,398700,0.0,0.0
2023-01-27 00:00:00-05:00,59.8695770826934,61.15449586906802,59.444488175747495,60.88398742675781,386200,0.0,0.0
2023-01-30 00:00:00-05:00,60.29466325712252,61.19314195231066,59.917882582121266,60.217376708984375,314400,0.0,0.0
2023-01-31 00:00:00-05:00,60.21737279442596,61.54093663183576,60.15940512303978,61.52161407470703,430200,0.0,0.0
2023-02-01 00:00:00-05:00,61.569918526963534,63.038399697804174,60.62313534156646,62.82585525512695,518500,0.0,0.0
2023-02-02 00:00:00-05:00,63.5214627793587,68.13944779144214,63.231628061702,65.84011840820312,997300,0.0,0.0
2023-02-03 00:00:00-05:00,64.72908906744303,67.26028893521098,64.59383484413047,66.13960266113281,457200,0.0,0.0
2023-02-06 00:00:00-05:00,64.4295913813413,64.8836622388921,63.647040753536125,64.43924713134766,682900,0.0,0.0
2023-02-07 00:00:00-05:00,64.01417997626463,64.98994164320068,63.46349989967975,64.39096069335938,288300,0.0,0.0
2023-02-08 00:00:00-05:00,63.743666871198094,64.45858313239235,62.26551873745487,62.84518814086914,495300,0.0,0.0
2023-02-09 00:00:00-05:00,63.57941878945001,63.75331812404291,61.97568703336183,62.593994140625,323400,0.0,0.0
2023-02-10 00:00:00-05:00,62.35246741390704,62.951455646079324,61.908059643251,62.4007682800293,233700,0.0,0.0
2023-02-13 00:00:00-05:00,62.57467233468564,65.73384257534319,62.08196366073568,65.44400787353516,459200,0.0,0.0
2023-02-14 00:00:00-05:00,64.584164882279,64.67111822851511,61.743815437326475,63.71466827392578,720500,0.0,0.0
2023-02-15 00:00:00-05:00,62.980436375658286,64.50687786307817,62.70992794423709,63.791961669921875,346600,0.0,0.0
2023-02-16 00:00:00-05:00,62.97077544729384,64.67112369504501,62.62297677455378,64.27501678466797,342000,0.0,0.0
2023-02-17 00:00:00-05:00,64.58417068568606,64.58417068568606,61.81144809607617,63.09636688232422,642100,0.0,0.0
2023-02-21 00:00:00-05:00,62.16891034813521,62.85484462127416,59.99517217253047,60.033817291259766,434900,0.0,0.0
2023-02-22 00:00:00-05:00,59.898560818716994,62.25586137733619,59.898560818716994,60.787376403808594,646200,0.0,0.0
2023-02-23 00:00:00-05:00,61.18348137218284,61.82111104535902,60.256017014052944,61.734161376953125,332800,0.0,0.0
2023-02-24 00:00:00-05:00,61.309072315231425,61.9950065390208,60.56517041751859,61.801788330078125,254200,0.0,0.0
2023-02-27 00:00:00-05:00,62.9031459040401,62.96110989032071,61.42500528746923,61.64720916748047,239100,0.0,0.0
2023-02-28 00:00:00-05:00,61.80178865184121,62.44907776305163,61.40568542480469,61.40568542480469,253500,0.0,0.0
2023-03-01 00:00:00-05:00,61.28009173147991,62.37178864165827,61.28009173147991,61.90806198120117,227600,0.0,0.0
2023-03-02 00:00:00-05:00,61.009581262546554,62.091615014955956,60.65211947173866,62.072296142578125,288800,0.0,0.0
2023-03-03 00:00:00-05:00,62.758229229486915,62.758229229486915,61.53127447312613,61.83076858520508,256500,0.0,0.0
2023-03-06 00:00:00-05:00,61.80178356699229,62.1882273258965,61.07720428309753,62.01432800292969,521700,0.0,0.0
2023-03-07 00:00:00-05:00,59.49279228844361,60.004827143141135,57.676512494326616,59.26092529296875,910700,0.0,0.0
2023-03-08 00:00:00-05:00,59.65703645111815,59.95653059243505,58.3527950231085,59.647377014160156,485800,0.0,0.0
2023-03-09 00:00:00-05:00,59.47347664730754,59.724662543329195,58.28516691014874,58.36245346069336,381100,0.0,0.0
2023-03-10 00:00:00-05:00,58.265837605713365,58.265837605713365,55.44480697210064,56.91328811645508,517600,0.0,0.0
2023-03-13 00:00:00-04:00,55.33853654620257,56.237015194469414,54.16954946547722,54.53667068481445,546100,0.0,0.0
2023-03-14 00:00:00-04:00,55.99548654226161,56.78769293635193,54.52700540835251,55.55107879638672,646500,0.0,0.0
2023-03-15 00:00:00-04:00,53.61887135849816,55.222606822885844,53.28073580607348,54.89413070678711,553200,0.0,0.0
2023-03-16 00:00:00-04:00,54.17921447294516,55.69600026843414,53.79277068277935,55.415828704833984,322500,0.0,0.0
2023-03-17 00:00:00-04:00,54.94243769251586,55.570407958146006,54.12124920860069,54.26616287231445,1188600,0.0,0.0
2023-03-20 00:00:00-04:00,54.391756806027736,55.84091553275353,53.93768957772649,55.193626403808594,522800,0.0,0.0
2023-03-21 00:00:00-04:00,56.44956080306895,56.71040980491358,55.58972725184093,56.27566146850586,836600,0.0,0.0
2023-03-22 00:00:00-04:00,59.60872935317776,60.507208053406465,55.2709126345789,55.328880310058594,1556400,0.0,0.0
2023-03-23 00:00:00-04:00,55.560743035258774,55.83125516581276,53.377345544951304,54.101924896240234,876300,0.0,0.0
2023-03-24 00:00:00-04:00,53.64785595169913,53.94735008792709,52.111747523383855,52.96192169189453,985700,0.0,0.0
2023-03-27 00:00:00-04:00,54.05362257609976,54.575320615074546,52.66242780550033,54.06328201293945,811200,0.0,0.0
2023-03-28 00:00:00-04:00,54.140569984133066,55.010062993978615,53.609212530549485,54.88447189331055,388200,0.0,0.0
2023-03-29 00:00:00-04:00,55.58972821464108,55.58972821464108,54.169551519579095,54.82650375366211,517500,0.0,0.0
2023-03-30 00:00:00-04:00,55.396504220910025,56.266000875854246,54.469043579236846,54.79751968383789,460600,0.0,0.0
2023-03-31 00:00:00-04:00,55.010065959357604,56.034139490585204,54.8168477370215,55.74430847167969,457200,0.0,0.0
2023-04-03 00:00:00-04:00,55.454472708025165,56.03413469623964,54.4497218220791,54.65260314941406,448700,0.0,0.0
2023-04-04 00:00:00-04:00,55.32887516917986,55.61870614884632,53.531917935686614,54.11157989501953,578900,0.0,0.0
2023-04-05 00:00:00-04:00,53.45463357311146,54.15022721558324,52.884631026193695,54.140567779541016,469000,0.0,0.0
2023-04-06 00:00:00-04:00,54.256499752117406,54.66226609085151,53.473952753745145,53.48361587524414,341900,0.0,0.0
2023-04-10 00:00:00-04:00,53.48361713752829,55.10667515996897,53.48361713752829,54.89413070678711,406600,0.0,0.0
2023-04-11 00:00:00-04:00,55.32124790963495,57.54419041878096,55.32124790963495,57.53448486328125,537500,0.27,0.0
2023-04-12 00:00:00-04:00,58.36930347717374,58.61198309816299,56.058992448516875,56.32108688354492,543200,0.0,0.0
2023-04-13 00:00:00-04:00,56.641425761396036,56.641425761396036,55.33095720356323,56.039581298828125,426600,0.0,0.0
2023-04-14 00:00:00-04:00,56.06869819032288,57.54419073519942,56.06869819032288,56.88410186767578,357500,0.0,0.0
2023-04-17 00:00:00-04:00,57.02971440444537,57.27239404020897,55.66100140685858,56.48611068725586,411700,0.0,0.0
2023-04-18 00:00:00-04:00,56.36961906694599,57.11707270417032,56.0492839098481,57.03941345214844,297700,0.0,0.0
2023-04-19 00:00:00-04:00,56.95205450705253,58.058676744284455,56.63171931698336,57.82570266723633,339700,0.0,0.0
2023-04-20 00:00:00-04:00,57.126781175348064,58.039258918200034,56.95205155237629,57.53448486328125,289500,0.0,0.0
2023-04-21 00:00:00-04:00,57.68008878481473,57.96159802531883,56.71907958860699,57.35004806518555,310800,0.0,0.0
2023-04-24 00:00:00-04:00,57.45682345287813,58.14603636342261,56.77732350346343,57.233558654785156,231600,0.0,0.0
2023-04-25 00:00:00-04:00,56.76761791719888,56.90351791587217,55.69982903933974,56.18518829345703,326200,0.0,0.0
2023-04-26 00:00:00-04:00,55.81631528524252,56.59288936600296,54.50584675539662,54.71940231323242,385700,0.0,0.0
2023-04-27 00:00:00-04:00,54.971790017245965,56.0007492634187,54.54467150479941,55.90367889404297,364800,0.0,0.0
2023-04-28 00:00:00-04:00,55.83572805161407,56.63171691806463,55.78719286765921,56.43757247924805,307700,0.0,0.0
2023-05-01 00:00:00-04:00,56.39874349368962,58.14603975995657,56.39874349368962,57.60243606567383,273600,0.0,0.0
2023-05-02 00:00:00-04:00,57.2723908408212,57.66067971755106,55.41831867528061,57.650970458984375,434400,0.0,0.0
2023-05-03 00:00:00-04:00,57.854820522111204,60.36898155930111,57.854820522111204,58.660518646240234,516500,0.0,0.0
2023-05-04 00:00:00-04:00,57.84511048237712,58.37900486988383,56.505518033199095,57.010292053222656,289800,0.0,0.0
2023-05-05 00:00:00-04:00,58.05867740705674,58.23340704108814,57.078249604658645,57.49565887451172,372600,0.0,0.0
2023-05-08 00:00:00-04:00,57.82570184657456,57.922772217218544,56.942348142924075,57.59273147583008,178600,0.0,0.0
2023-05-09 00:00:00-04:00,57.32092922676222,57.573318121634884,56.40845512937014,56.48611068725586,252400,0.0,0.0
2023-05-10 00:00:00-04:00,57.46653673651097,57.46653673651097,54.699986751395926,55.77748489379883,459800,0.0,0.0
2023-05-11 00:00:00-04:00,55.36978285152854,56.359916143049226,54.84559398490045,55.719242095947266,424700,0.0,0.0
2023-05-12 00:00:00-04:00,56.088115541093124,56.088115541093124,53.87487847518001,54.27287292480469,411700,0.0,0.0
2023-05-15 00:00:00-04:00,54.31170367199308,55.408616671521806,53.77780920951363,54.8261833190918,286700,0.0,0.0
2023-05-16 00:00:00-04:00,54.21462594899573,54.77764444818035,53.09830191215976,53.6127815246582,441300,0.0,0.0
2023-05-17 00:00:00-04:00,53.99135839733154,56.01045452254201,53.7195584200905,55.864845275878906,455600,0.0,0.0
2023-05-18 00:00:00-04:00,55.913382799623975,56.94234571842642,55.301832825210404,56.72878646850586,308100,0.0,0.0
2023-05-19 00:00:00-04:00,57.3209270551116,57.515071496966634,55.292125228870866,55.6609992980957,452700,0.0,0.0
2023-05-22 00:00:00-04:00,55.79689613669937,55.961920198979804,54.68057213949587,54.8455924987793,570100,0.0,0.0
2023-05-23 00:00:00-04:00,54.505843588404154,55.05915282023397,54.069019536170856,54.38935470581055,709300,0.0,0.0
2023-05-24 00:00:00-04:00,54.36023875000223,54.71940357633262,53.641905394344064,54.02048873901367,430600,0.0,0.0
2023-05-25 00:00:00-04:00,53.583666676546805,55.913389060659036,53.10801294018778,55.85514831542969,519900,0.0,0.0
2023-05-26 00:00:00-04:00,55.85513987037438,56.845273122542295,55.544510266125265,56.389034271240234,243100,0.0,0.0
2023-05-30 00:00:00-04:00,56.76761999949347,57.02971445069037,54.70969772338867,54.70969772338867,306000,0.0,0.0
2023-05-31 00:00:00-04:00,54.36023193140236,54.88442077088872,53.23419870380033,54.010772705078125,583100,0.0,0.0
2023-06-01 00:00:00-04:00,54.00107355244893,55.23388654569994,53.38951983387617,55.1950569152832,306000,0.0,0.0
2023-06-02 00:00:00-04:00,56.291965727502976,58.37900821705316,55.602752799244996,58.34988784790039,459700,0.0,0.0
2023-06-05 00:00:00-04:00,57.92277109829195,58.12662479750201,55.81631373143137,55.826019287109375,444700,0.0,0.0
2023-06-06 00:00:00-04:00,57.8159924567374,61.660036646085395,57.8159924567374,61.06789779663086,789400,0.0,0.0
2023-06-07 00:00:00-04:00,61.698865177240236,63.57234835354205,60.718437482375606,63.26171875,669400,0.0,0.0
2023-06-08 00:00:00-04:00,63.23260346231868,63.591771978956835,62.22305531819574,62.84431457519531,359700,0.0,0.0
2023-06-09 00:00:00-04:00,63.80533736812431,64.60132633051494,63.0967095255837,63.70825958251953,480900,0.0,0.0
2023-06-12 00:00:00-04:00,63.71796696055812,64.52366515891438,62.863737276827955,63.688846588134766,290900,0.0,0.0
2023-06-13 00:00:00-04:00,63.81555642981609,65.62855431734091,63.56212461849604,65.21916961669922,419000,0.27,0.0
2023-06-14 00:00:00-04:00,65.29714618834066,65.57981871826745,64.01050317012798,64.70256042480469,324700,0.0,0.0
2023-06-15 00:00:00-04:00,64.23469155850873,64.73180580974406,63.9812597430518,64.273681640625,330300,0.0,0.0
2023-06-16 00:00:00-04:00,64.95598480381764,64.95598480381764,62.43143852070199,62.792083740234375,941600,0.0,0.0
2023-06-20 00:00:00-04:00,62.61663646454912,63.28920236538882,62.00255940504184,62.55815505981445,622500,0.0,0.0
2023-06-21 00:00:00-04:00,58.22060681013373,63.328192273795594,57.50905454752128,61.75887680053711,1548900,0.0,0.0
2023-06-22 00:00:00-04:00,61.602917315494125,61.602917315494125,58.61049745669961,59.05887222290039,738200,0.0,0.0
2023-06-23 00:00:00-04:00,58.902916056044724,60.00436165793614,58.493527648615704,59.302555084228516,607700,0.0,0.0
2023-06-26 00:00:00-04:00,59.42927449620715,61.534690623376775,59.42927449620715,60.33577346801758,463200,0.0,0.0
2023-06-27 00:00:00-04:00,60.326023297996564,62.73360695699945,60.23829747225114,62.40219497680664,556400,0.0,0.0
2023-06-28 00:00:00-04:00,62.35345558786704,63.79605127500724,61.8563413945837,63.7570686340332,488400,0.0,0.0
2023-06-29 00:00:00-04:00,64.18595135473737,65.04371827818434,63.776566652145505,64.10797119140625,445500,0.0,0.0
2023-06-30 00:00:00-04:00,65.05346225076346,66.05743271603217,64.50761596361104,65.00473022460938,568500,0.0,0.0
2023-07-03 00:00:00-04:00,64.95598787292734,66.00869775412858,64.94623849349095,65.4531021118164,208300,0.0,0.0
2023-07-05 00:00:00-04:00,65.248415096549,65.45310746185868,63.79606234231649,63.87404251098633,482700,0.0,0.0
2023-07-06 00:00:00-04:00,63.34767678878148,63.82529966346985,62.95778344812448,63.16248321533203,302000,0.0,0.0
2023-07-07 00:00:00-04:00,63.513398459903314,64.7318107314337,63.14299636993514,63.3671875,324800,0.0,0.0
2023-07-10 00:00:00-04:00,63.25996125626769,65.01447031640623,63.191730472316706,64.9072494506836,323200,0.0,0.0
2023-07-11 00:00:00-04:00,65.16069062666878,66.73975570062312,65.1022092139071,66.28163146972656,440500,0.0,0.0
2023-07-12 00:00:00-04:00,67.11013849472236,67.6852328859274,66.34010113775821,67.27584075927734,478900,0.0,0.0
2023-07-13 00:00:00-04:00,67.29534853862225,67.64625187330451,66.65202327950527,67.52928161621094,306000,0.0,0.0
2023-07-14 00:00:00-04:00,67.62674628488399,67.73396715057898,66.13541098134166,66.73974609375,377300,0.0,0.0
2023-07-17 00:00:00-04:00,66.53505978690357,67.38306997332079,66.17440707529038,66.96393585205078,362800,0.0,0.0
2023-07-18 00:00:00-04:00,66.9152053561714,68.01664740400396,65.05346778238695,65.06321716308594,1025100,0.0,0.0
2023-07-19 00:00:00-04:00,63.89354445850432,65.79426468590206,63.0260354894255,65.46286010742188,684700,0.0,0.0
2023-07-20 00:00:00-04:00,65.25814504750288,66.38883497563073,64.90724178957332,66.34009552001953,393000,0.0,0.0
2023-07-21 00:00:00-04:00,66.62276620420604,66.85669922431401,64.4491233759847,64.88774871826172,540400,0.0,0.0
2023-07-24 00:00:00-04:00,65.23866111744411,66.60328422657706,65.23866111744411,66.01844787597656,335000,0.0,0.0
2023-07-25 00:00:00-04:00,65.68704565132023,66.58379535112695,65.19968071404283,66.28163146972656,279300,0.0,0.0
2023-07-26 00:00:00-04:00,65.96970792228294,67.2466014791632,65.96970792228294,67.129638671875,366400,0.0,0.0
2023-07-27 00:00:00-04:00,67.8119468778708,68.12386009335943,65.8819787443741,66.49606323242188,536100,0.0,0.0
2023-07-28 00:00:00-04:00,66.88595118115522,67.54876763983604,66.45706775595085,66.75923156738281,235500,0.0,0.0
2023-07-31 00:00:00-04:00,66.87620035819475,67.71446843302935,66.49605639828101,67.0614013671875,287800,0.0,0.0
2023-08-01 00:00:00-04:00,66.68126745283753,67.06141147002013,66.10617301876769,66.76898956298828,348300,0.0,0.0
2023-08-02 00:00:00-04:00,65.76502233449597,67.27584909788439,65.47260041301517,66.96393585205078,290400,0.0,0.0
2023-08-03 00:00:00-04:00,66.57405153830034,66.61303418798154,65.22891958974326,65.46286010742188,341000,0.0,0.0
2023-08-04 00:00:00-04:00,65.11195149032827,66.25238353433753,64.41988681070082,65.6480484008789,226200,0.0,0.0
2023-08-07 00:00:00-04:00,65.84299660202484,66.33036146973309,65.2289121092899,65.38487243652344,171600,0.0,0.0
2023-08-08 00:00:00-04:00,64.34191229060231,64.97548810962056,63.70833647158407,64.75129699707031,225500,0.0,0.0
2023-08-09 00:00:00-04:00,64.55635016150907,65.17042718447486,64.19569750171166,64.790283203125,275900,0.0,0.0
2023-08-10 00:00:00-04:00,65.16067692396336,66.42782846905352,64.98522528597546,65.65779113769531,275400,0.0,0.0
2023-08-11 00:00:00-04:00,65.08270768151917,65.35563828151955,64.35166030672185,64.57585144042969,197500,0.0,0.0
2023-08-14 00:00:00-04:00,64.05923463930074,64.4686193129588,63.484140271126385,64.45886993408203,211000,0.0,0.0
2023-08-15 00:00:00-04:00,64.1177209696782,64.59533645900535,62.58739557862785,62.67512512207031,659200,0.0,0.0
2023-08-16 00:00:00-04:00,62.21700228863294,62.8310793594982,61.90508534498369,62.012306213378906,337400,0.0,0.0
2023-08-17 00:00:00-04:00,63.0747612621349,63.718086467028506,62.06104142922843,62.28523254394531,235300,0.0,0.0
2023-08-18 00:00:00-04:00,61.86609973941406,63.53288675500631,61.74912948974868,63.37692642211914,261600,0.0,0.0
2023-08-21 00:00:00-04:00,64.01049666802098,64.12746690746702,62.87006472066209,63.31843948364258,247000,0.0,0.0
2023-08-22 00:00:00-04:00,63.64985149254838,63.864285776801104,62.32421480590145,62.87981414794922,294200,0.0,0.0
2023-08-23 00:00:00-04:00,62.48017372886149,63.55237493635942,62.26573571834118,62.665374755859375,287500,0.0,0.0
2023-08-24 00:00:00-04:00,62.567900698971165,62.567900698971165,60.569701875220495,60.686668395996094,346700,0.0,0.0
2023-08-25 00:00:00-04:00,61.31050237473858,62.441185010559984,60.920608989883775,62.04154968261719,294000,0.0,0.0
2023-08-28 00:00:00-04:00,62.09028056200633,62.840822852160194,61.739377286786485,62.07078552246094,185500,0.0,0.0
2023-08-29 00:00:00-04:00,61.93432461154315,64.0982256858261,61.73937793234942,64.06898498535156,290500,0.0,0.0
2023-08-30 00:00:00-04:00,63.57186856090183,64.11771478173948,63.13323575921699,63.250205993652344,402200,0.0,0.0
2023-08-31 00:00:00-04:00,63.445156663016014,63.835050055283105,63.06501265062003,63.21122360229492,160100,0.0,0.0
2023-09-01 00:00:00-04:00,63.99100928733526,65.40436444384653,63.79605887625239,65.07295989990234,237600,0.0,0.0
2023-09-05 00:00:00-04:00,64.45887656596959,64.45887656596959,61.05707177450499,61.89533996582031,461600,0.0,0.0
2023-09-06 00:00:00-04:00,61.89533410492318,62.38269894039502,60.74515279574576,61.03757095336914,387900,0.0,0.0
2023-09-07 00:00:00-04:00,60.891368848001214,61.29100789792204,60.42349901284748,60.45273971557617,344300,0.0,0.0
2023-09-08 00:00:00-04:00,60.248049927632216,60.72566544461838,59.5072532016754,59.72169494628906,270800,0.0,0.0
2023-09-11 00:00:00-04:00,59.97511976526191,60.17006645709369,58.90291853763543,59.049129486083984,439400,0.0,0.0
2023-09-12 00:00:00-04:00,58.97074484994421,60.79306789224961,58.78459497798652,60.69509506225586,480800,0.31,0.0
2023-09-13 00:00:00-04:00,61.16537399148052,61.37111918572768,59.54879606542644,60.66570281982422,279100,0.0,0.0
2023-09-14 00:00:00-04:00,61.12618230120149,61.97855790358148,60.97922305247335,61.890380859375,676000,0.0,0.0
2023-09-15 00:00:00-04:00,61.3417228779966,61.606253992764444,58.62783374214552,58.90216064453125,1434100,0.0,0.0
2023-09-18 00:00:00-04:00,59.04912492645885,60.0190686312979,58.52006268522456,59.12750244140625,530300,0.0,0.0
2023-09-19 00:00:00-04:00,59.31365398777111,60.93022801885179,58.931554739287016,60.42076110839844,522100,0.0,0.0
2023-09-20 00:00:00-04:00,60.61671249741624,61.07719301076103,59.84271818738675,59.98967742919922,538200,0.0,0.0
2023-09-21 00:00:00-04:00,59.343046105623706,59.783931298907994,58.7062115222771,58.71601104736328,439500,0.0,0.0
2023-09-22 00:00:00-04:00,58.8139855639904,59.009934959684294,58.12816828519759,58.373104095458984,536300,0.0,0.0
2023-09-25 00:00:00-04:00,58.500465297192044,60.45995168788619,57.95181149974884,60.32278823852539,420800,0.0,0.0
2023-09-26 00:00:00-04:00,57.85383806414689,58.8041902109656,57.23659877124436,57.422752380371094,583300,0.0,0.0
2023-09-27 00:00:00-04:00,57.59910390542955,58.000798469888444,56.78591525150679,57.55011749267578,315100,0.0,0.0
2023-09-28 00:00:00-04:00,57.54032358716048,59.50960971403009,57.54032358716048,59.137306213378906,330900,0.0,0.0
2023-09-29 00:00:00-04:00,59.92109517744442,59.97988111610888,58.21634033041291,58.24573516845703,355400,0.0,0.0
2023-10-02 00:00:00-04:00,58.39269586792423,58.7258087204981,57.834242517642146,58.18695068359375,361700,0.0,0.0
2023-10-03 00:00:00-04:00,58.03998834685453,58.27512462001093,57.17781329129249,57.62849426269531,370600,0.0,0.0
2023-10-04 00:00:00-04:00,57.7068776046835,58.09877265329688,57.12882895086174,57.87343215942383,391800,0.0,0.0
2023-10-05 00:00:00-04:00,57.00146145231902,57.41295181518605,55.825768828175775,56.531185150146484,662100,0.0,0.0
2023-10-06 00:00:00-04:00,56.060909742233044,56.68794482179861,55.15954401228963,55.68860626220703,395900,0.0,0.0
2023-10-09 00:00:00-04:00,55.11056060501458,56.776124961895384,54.748056630624774,56.24706268310547,314300,0.0,0.0
2023-10-10 00:00:00-04:00,56.5703794711163,57.96161315539733,56.5703794711163,57.491336822509766,411200,0.0,0.0
2023-10-11 00:00:00-04:00,57.265991997886,58.29472163214497,56.5703752081648,57.285587310791016,335200,0.0,0.0
2023-10-12 00:00:00-04:00,57.265991397273524,57.265991397273524,55.46326374058049,56.0217170715332,405200,0.0,0.0
2023-10-13 00:00:00-04:00,56.0902989005692,56.43320752988266,55.35549149139144,55.639617919921875,278400,0.0,0.0
2023-10-16 00:00:00-04:00,56.129489426338594,57.177814362576186,55.943335824393024,57.079837799072266,520600,0.0,0.0
2023-10-17 00:00:00-04:00,56.43320918217309,57.90282404355701,56.3450321409931,57.4129524230957,536300,0.0,0.0
2023-10-18 00:00:00-04:00,55.90415014072234,57.84404129080482,55.21832913111569,55.57103729248047,802100,0.0,0.0
2023-10-19 00:00:00-04:00,55.38488175590467,56.94267358934801,55.01258203181852,56.100093841552734,543400,0.0,0.0
2023-10-20 00:00:00-04:00,56.82510933907068,57.79505681535929,56.57037773477587,57.15822219848633,943100,0.0,0.0
2023-10-23 00:00:00-04:00,56.77611937636637,57.72646774207985,56.47239763788342,56.49199295043945,393200,0.0,0.0
2023-10-24 00:00:00-04:00,56.55078062359712,57.33457446277377,56.40381764362857,56.727134704589844,495300,0.0,0.0
2023-10-25 00:00:00-04:00,56.335238792117,56.72713760042308,55.62002664376883,56.031517028808594,536800,0.0,0.0
2023-10-26 00:00:00-04:00,56.15888152571409,57.070043026679,55.87475509263388,56.815311431884766,578200,0.0,0.0
2023-10-27 00:00:00-04:00,57.00146188268658,57.3051836319224,55.72779642084167,56.060909271240234,458200,0.0,0.0
2023-10-30 00:00:00-04:00,56.73692870646702,56.84470105672827,55.59063095352178,56.394020080566406,431600,0.0,0.0
2023-10-31 00:00:00-04:00,56.71733710540646,57.35417172366515,56.49199660257965,56.776123046875,522900,0.0,0.0
2023-11-01 00:00:00-04:00,56.58996430578121,58.902158803398216,56.247055688517506,58.471073150634766,654100,0.0,0.0
2023-11-02 00:00:00-04:00,59.450822388502054,60.49914739662372,59.01973669179632,60.45016098022461,591000,0.0,0.0
2023-11-03 00:00:00-04:00,61.96876409747115,63.05627976499566,61.596460594754625,62.99749755859375,799700,0.0,0.0
2023-11-06 00:00:00-05:00,62.72316007946673,63.134657928653624,60.83225903022083,60.900840759277344,645000,0.0,0.0
2023-11-07 00:00:00-05:00,60.636311008909274,61.302536738387765,60.35218456069145,60.64611053466797,466400,0.0,0.0
2023-11-08 00:00:00-05:00,60.38157511007159,61.106582992890026,59.99947585596136,60.058258056640625,459700,0.0,0.0
2023-11-09 00:00:00-05:00,60.3815771974352,60.3815771974352,58.3045188284107,58.66702651977539,546000,0.0,0.0
2023-11-10 00:00:00-05:00,58.92175669426613,59.97008164140976,58.676820889093804,59.88190460205078,444100,0.0,0.0
2023-11-13 00:00:00-05:00,59.49980764875968,60.61671436562226,59.48021233509599,59.84272003173828,262800,0.0,0.0
2023-11-14 00:00:00-05:00,62.05693692096647,63.506956466504256,61.75321517133923,62.88972091674805,554900,0.0,0.0
2023-11-15 00:00:00-05:00,62.70356873584882,65.02556295654345,62.70356873584882,64.94718170166016,536100,0.0,0.0
2023-11-16 00:00:00-05:00,64.41812235948387,64.9471846416234,62.7231631514342,63.771488189697266,459400,0.0,0.0
2023-11-17 00:00:00-05:00,64.2711584206177,65.03535699193098,64.06541322640626,64.61406707763672,286800,0.0,0.0
2023-11-20 00:00:00-05:00,64.59447791769637,65.98571164957164,64.2319701953704,65.8289566040039,452400,0.0,0.0
2023-11-21 00:00:00-05:00,65.38805842196751,65.90732111680569,64.58466930498541,64.82960510253906,682200,0.0,0.0
2023-11-22 00:00:00-05:00,65.47624420058351,65.64279876168698,64.5944737670241,64.85900115966797,183700,0.0,0.0
2023-11-24 00:00:00-05:00,64.99615729462235,65.81914543148767,64.69243930861758,65.73096466064453,220000,0.0,0.0
2023-11-27 00:00:00-05:00,65.19211853261737,65.4860370307367,64.78062815034154,65.35867309570312,339300,0.0,0.0
2023-11-28 00:00:00-05:00,65.26070756969187,65.46645278386536,64.66306350596699,64.77083587646484,362100,0.0,0.0
2023-11-29 00:00:00-05:00,65.60360205238561,65.60360205238561,64.25155916283289,64.4181137084961,351700,0.0,0.0
2023-11-30 00:00:00-05:00,64.16338440276579,64.29075581125915,62.8701235905312,63.320804595947266,627100,0.0,0.0
2023-12-01 00:00:00-05:00,63.22283267411002,65.56441851575498,62.93870622587574,65.55462646484375,455000,0.0,0.0
2023-12-04 00:00:00-05:00,65.446848991472,67.12220897267326,65.446848991472,66.96544647216797,531900,0.0,0.0
2023-12-05 00:00:00-05:00,66.63233805054833,67.08301903182706,65.8877311152477,66.30902099609375,425800,0.0,0.0
2023-12-06 00:00:00-05:00,67.09282227108683,69.85569798742108,67.09282227108683,67.65127563476562,640200,0.0,0.0
2023-12-07 00:00:00-05:00,67.7982255552066,68.98372138942521,67.0732176897331,68.9543228149414,422700,0.0,0.0
2023-12-08 00:00:00-05:00,68.72899022033572,69.51278033243764,68.10195514071506,68.76818084716797,533200,0.0,0.0
2023-12-11 00:00:00-05:00,68.71919030405675,68.9935172154745,67.97458334817446,68.85635375976562,318200,0.0,0.0
2023-12-12 00:00:00-05:00,68.95433044976927,68.95433044976927,67.03403448747568,67.1222152709961,419200,0.0,0.0
2023-12-13 00:00:00-05:00,67.39654537993852,68.75838802706345,65.88773973657273,68.55264282226562,666400,0.0,0.0
2023-12-14 00:00:00-05:00,69.85569174416949,72.91248568275252,69.4441939275664,72.20706939697266,963700,0.0,0.0
2023-12-15 00:00:00-05:00,71.90336084468717,72.35404186981508,70.65909013127406,71.48207092285156,1324100,0.0,0.0
2023-12-18 00:00:00-05:00,72.10910041124161,72.20707323951422,70.78644854244233,71.6290283203125,433400,0.0,0.0
2023-12-19 00:00:00-05:00,72.30505234137955,73.8922315676307,71.75639105744249,73.61790466308594,875900,0.0,0.0
2023-12-20 00:00:00-05:00,69.07189777191562,73.18681635136727,68.04316438962887,69.51277923583984,1521800,0.0,0.0
2023-12-21 00:00:00-05:00,69.62054952567458,71.7857811045999,69.62054952567458,70.80603790283203,462100,0.0,0.0
2023-12-22 00:00:00-05:00,71.2077365938035,71.27631831930928,70.25738448690379,70.71786499023438,386400,0.0,0.0
2023-12-26 00:00:00-05:00,70.6688737492946,72.40302338508053,70.54150982527734,72.22666931152344,316500,0.0,0.0
2023-12-27 00:00:00-05:00,72.79492532828844,73.09864333909476,72.24626403395897,72.3050537109375,439500,0.0,0.0
2023-12-28 00:00:00-05:00,72.0013371724614,72.47161727249019,71.7760003863934,72.14830017089844,311800,0.0,0.0
2023-12-29 00:00:00-05:00,72.0993033452018,72.54019229973832,71.35470384505427,71.4036865234375,260300,0.0,0.0
2024-01-02 00:00:00-05:00,70.68847307709146,71.94254317183128,70.21819305414033,71.65841674804688,349200,0.0,0.0
2024-01-03 00:00:00-05:00,70.54150881140454,70.54150881140454,67.34754395837538,67.6904525756836,624800,0.0,0.0
2024-01-04 00:00:00-05:00,67.84721940208054,68.12154631343462,67.14180307297136,67.22018432617188,417500,0.0,0.0
2024-01-05 00:00:00-05:00,66.75970072983408,68.09215207343146,66.48537383112533,66.66172790527344,524300,0.0,0.0
2024-01-08 00:00:00-05:00,66.7988864739751,68.17052834214736,66.41678725371347,67.308349609375,321000,0.0,0.0
2024-01-09 00:00:00-05:00,66.33840797138309,67.22017830376986,65.99549936291243,66.779296875,428300,0.0,0.0
2024-01-10 00:00:00-05:00,66.63234524703246,67.42593494381502,65.5252305121796,67.35735321044922,264900,0.0,0.0
2024-01-11 00:00:00-05:00,67.15067477797577,67.49513663569462,65.89091675606696,66.99320220947266,357900,0.31,0.0
2024-01-12 00:00:00-05:00,67.35734484638354,67.52465380138695,65.45787536257328,65.84170532226562,358000,0.0,0.0
2024-01-16 00:00:00-05:00,65.0838824039494,66.02869519869797,64.59179193739047,65.94996643066406,247700,0.0,0.0
2024-01-17 00:00:00-05:00,64.94610540142178,66.1861756271335,64.85753271108085,65.61534881591797,338800,0.0,0.0
2024-01-18 00:00:00-05:00,66.00901684661466,66.76683288381868,65.00515556881511,66.56999969482422,1492300,0.0,0.0
2024-01-19 00:00:00-05:00,67.80023055708166,68.64662684359155,64.70990272352894,66.51095581054688,2649800,0.0,0.0
2024-01-22 00:00:00-05:00,66.89478343208003,67.9577007087778,66.40269293457608,67.48529052734375,826800,0.0,0.0
2024-01-23 00:00:00-05:00,68.79425070708615,69.72921961698158,67.66244109967785,67.82975006103516,793100,0.0,0.0
2024-01-24 00:00:00-05:00,68.71551826222475,68.71551826222475,65.88107963822874,66.73731231689453,629200,0.0,0.0
2024-01-25 00:00:00-05:00,66.8062018585748,66.81604577075905,64.05049963467602,65.71376037597656,732000,0.0,0.0
2024-01-26 00:00:00-05:00,66.25506182275343,66.786520441363,65.14294004283451,65.49724578857422,521700,0.0,0.0
2024-01-29 00:00:00-05:00,65.49724637133778,66.42237137459628,65.1134163948221,66.38300323486328,553100,0.0,0.0
2024-01-30 00:00:00-05:00,65.9007615756367,66.0976022889743,64.55243084691949,64.58196258544922,480300,0.0,0.0
2024-01-31 00:00:00-05:00,64.61148177838662,66.80620112289377,64.09970347231074,64.68037414550781,630800,0.0,0.0
2024-02-01 00:00:00-05:00,65.37914553904976,66.57984758631369,64.51306894352257,66.40269470214844,390300,0.0,0.0
2024-02-02 00:00:00-05:00,65.74329069526748,67.07193348071081,65.34961681213858,66.46173858642578,387000,0.0,0.0
2024-02-05 00:00:00-05:00,65.32993680748856,66.04839229334308,64.71974934887541,65.34962463378906,337600,0.0,0.0
2024-02-06 00:00:00-05:00,65.11341553850907,65.92044362066015,65.08388380256903,65.20198822021484,303000,0.0,0.0
2024-02-07 00:00:00-05:00,65.15278146783572,66.09760186843403,64.90673620925824,65.54645538330078,273300,0.0,0.0
2024-02-08 00:00:00-05:00,65.76297772444406,66.21570010821539,65.31025534067274,65.91060638427734,317400,0.0,0.0
2024-02-09 00:00:00-05:00,65.99917923420479,67.25892978490477,65.84171416972008,66.98336029052734,312600,0.0,0.0
2024-02-12 00:00:00-05:00,66.92429980793494,68.96155392821068,66.92429980793494,68.30215454101562,390900,0.0,0.0
2024-02-13 00:00:00-05:00,66.02870764622337,66.70779502087959,65.47756862256385,66.33380889892578,568100,0.0,0.0
2024-02-14 00:00:00-05:00,67.3081361228605,67.82975083700339,66.11727804692741,67.45576477050781,333500,0.0,0.0
2024-02-15 00:00:00-05:00,68.17422179709538,69.40444817757982,68.07580518839781,68.8926773071289,349300,0.0,0.0
2024-02-16 00:00:00-05:00,68.20374862325295,68.72536336960148,67.78055047851078,68.36121368408203,396800,0.0,0.0
2024-02-20 00:00:00-05:00,67.50496684087344,68.41041900921003,67.121136876275,68.13484954833984,563100,0.0,0.0
2024-02-21 00:00:00-05:00,67.90849387674162,68.52852524813434,67.42624725454728,68.45963287353516,327800,0.0,0.0
2024-02-22 00:00:00-05:00,68.44978876201792,69.99495256865609,68.2135799253831,69.5717544555664,327500,0.0,0.0
2024-02-23 00:00:00-05:00,69.69969313750767,70.14257155236861,69.00092557850029,69.43396759033203,316700,0.0,0.0
2024-02-26 00:00:00-05:00,69.27650945598553,70.34927079710577,69.01078385350422,69.03046417236328,305600,0.0,0.0
2024-02-27 00:00:00-05:00,69.87685406882626,70.41815664608104,69.5717603482129,70.02448272705078,276400,0.0,0.0
2024-02-28 00:00:00-05:00,69.4044419634943,70.39846689236397,69.38476164699922,69.55207061767578,390700,0.0,0.0
2024-02-29 00:00:00-05:00,70.2016249081023,70.74291989409389,69.68001023614315,70.59529876708984,313800,0.0,0.0
2024-03-01 00:00:00-05:00,70.59530349405084,70.93976532796549,69.31586524384807,70.83150482177734,375200,0.0,0.0
2024-03-04 00:00:00-05:00,69.85716946069864,70.12289502221577,67.89864389872282,68.3415298461914,920600,0.0,0.0
2024-03-05 00:00:00-05:00,67.70181186963774,67.77070423926776,66.53063407722242,67.15067291259766,726100,0.0,0.0
2024-03-06 00:00:00-05:00,63.410785425514675,64.95594937546153,62.446288445916515,63.11552810668945,1231200,0.0,0.0
2024-03-07 00:00:00-05:00,62.96789620221207,63.67650392730763,62.05260762604264,62.908843994140625,757400,0.0,0.0
2024-03-08 00:00:00-05:00,63.272998516488016,64.35559613400326,63.02695326211158,63.29267883300781,525600,0.0,0.0
2024-03-11 00:00:00-04:00,63.14505670138656,64.01113328013462,62.347864983734844,64.00128936767578,506200,0.0,0.0
2024-03-12 00:00:00-04:00,64.20796686349793,64.39496365781528,62.82027554665785,63.03679656982422,615500,0.0,0.0
2024-03-13 00:00:00-04:00,62.8793281736853,64.47370421559691,62.8793281736853,63.6273078918457,516100,0.0,0.0
2024-03-14 00:00:00-04:00,63.56824446519239,63.79460938933456,61.04874361580904,61.88529968261719,799500,0.0,0.0
2024-03-15 00:00:00-04:00,62.00340876440626,64.0898753815172,61.737679419179315,63.84383010864258,1701600,0.0,0.0
2024-03-18 00:00:00-04:00,63.696193001728034,64.06033515175218,62.406914591161794,62.49549102783203,921100,0.0,0.0
2024-03-19 00:00:00-04:00,62.10181961689426,63.0761567047492,61.196374898711795,62.76122283935547,700300,0.0,0.0
2024-03-20 00:00:00-04:00,63.13521513061061,64.70005937787242,62.81043358576952,64.43433380126953,1323000,0.0,0.0
2024-03-21 00:00:00-04:00,66.92430580133613,69.41428244814011,65.4578782619501,68.42025756835938,1338900,0.0,0.0
2024-03-22 00:00:00-04:00,67.90848417886106,69.25681475627066,66.50110514842923,68.95171356201172,841000,0.0,0.0
2024-03-25 00:00:00-04:00,69.32571051076131,69.82763740340157,68.57773086485342,68.6761474609375,612500,0.0,0.0
2024-03-26 00:00:00-04:00,69.18792554076234,69.92606127195666,68.72535928115445,69.6406478881836,560600,0.0,0.0
2024-03-27 00:00:00-04:00,70.08353344247831,71.14645080545807,70.02448498077024,71.08740234375,769400,0.0,0.0
2024-03-28 00:00:00-04:00,71.06771409426221,72.92781571404949,71.06771409426221,72.82939910888672,597700,0.0,0.0
2024-04-01 00:00:00-04:00,72.82939621214852,72.82939621214852,70.69372517936804,71.65821838378906,529400,0.0,0.0
2024-04-02 00:00:00-04:00,70.93976306490126,71.32359302597649,69.05013748596096,69.28633880615234,753200,0.0,0.0
2024-04-03 00:00:00-04:00,68.58757532824579,69.81780156094524,68.58757532824579,69.4142837524414,540300,0.0,0.0
2024-04-04 00:00:00-04:00,70.27052681244953,71.00866258252,68.27264052951833,68.40058135986328,487400,0.0,0.0
2024-04-05 00:00:00-04:00,68.34153631316045,69.2765053317815,67.54434453576297,68.90251922607422,571400,0.0,0.0
2024-04-08 00:00:00-04:00,69.41428740016171,70.1819474083139,69.25682233862801,69.58159637451172,395600,0.0,0.0
2024-04-09 00:00:00-04:00,69.94734867165187,70.322981791729,68.5930799194859,68.81055450439453,492200,0.31,0.0
2024-04-10 00:00:00-04:00,67.367324528227,67.367324528227,65.4792565359385,65.49903106689453,775400,0.0,0.0
2024-04-11 00:00:00-04:00,65.49903085461779,66.10202583666754,64.91580286168617,64.93557739257812,586300,0.0,0.0
2024-04-12 00:00:00-04:00,64.27326869007793,64.89603822560031,63.680160951968965,63.69004821777344,841000,0.0,0.0
2024-04-15 00:00:00-04:00,64.01625615034334,64.11510617694638,62.13807547779114,62.38520431518555,609100,0.0,0.0
2024-04-16 00:00:00-04:00,62.01945177529744,62.30611834732082,61.060590724612695,61.6635856628418,821600,0.0,0.0
2024-04-17 00:00:00-04:00,61.85140532007231,61.85140532007231,60.437828063964844,60.437828063964844,515700,0.0,0.0
2024-04-18 00:00:00-04:00,60.437826109798365,61.564732972157834,60.10173074989408,60.57621765136719,539500,0.0,0.0
2024-04-19 00:00:00-04:00,60.30932331873216,62.01945829113349,60.30932331873216,61.821754455566406,500400,0.0,0.0
2024-04-22 00:00:00-04:00,62.17761722073806,63.71969875826585,61.871176103746,62.94865798950195,465500,0.0,0.0
2024-04-23 00:00:00-04:00,63.255102223833546,64.47097571560764,63.04751112357007,64.23373413085938,363200,0.0,0.0
2024-04-24 00:00:00-04:00,63.8976301920975,64.58958790491795,63.29463523873678,63.838321685791016,407600,0.0,0.0
2024-04-25 00:00:00-04:00,62.839918972717605,62.879460490770775,61.060592140078846,61.792091369628906,556400,0.0,0.0
2024-04-26 00:00:00-04:00,61.77232801606906,62.72130187986086,61.7426699903408,62.345664978027344,314700,0.0,0.0
2024-04-29 00:00:00-04:00,62.810265070535586,63.126589674954786,62.46428244196746,62.543365478515625,367900,0.0,0.0
2024-04-30 00:00:00-04:00,61.78220832805751,62.15784521054039,60.8233472481223,60.87277603149414,503100,0.0,0.0
2024-05-01 00:00:00-04:00,61.31760849207856,62.45440269999125,60.299438846114874,60.77392578125,501700,0.0,0.0
2024-05-02 00:00:00-04:00,61.46588673808827,62.04911096414868,60.77392521669487,61.970027923583984,349600,0.0,0.0
2024-05-03 00:00:00-04:00,62.938771157795415,63.69004494305172,61.93048880902997,62.02933883666992,609800,0.0,0.0
2024-05-06 00:00:00-04:00,62.70152796591728,63.20566912729728,61.30772149517641,61.52519607543945,471800,0.0,0.0
2024-05-07 00:00:00-04:00,61.50542668174064,61.96014284067068,60.922202470630594,61.00128173828125,454500,0.0,0.0
2024-05-08 00:00:00-04:00,60.704726347212265,62.63233199751716,60.28955171807196,62.07876205444336,550000,0.0,0.0
2024-05-09 00:00:00-04:00,62.078765687372375,62.90911876513304,61.65370376834686,62.6323356628418,430300,0.0,0.0
2024-05-10 00:00:00-04:00,62.899231356932674,63.512109804253846,62.78060680257112,63.37371826171875,362900,0.0,0.0
2024-05-13 00:00:00-04:00,64.09533089863524,65.29144109442755,63.917405377890134,63.947059631347656,407800,0.0,0.0
2024-05-14 00:00:00-04:00,65.07396683050573,65.07396683050573,62.70152849928678,62.83992004394531,377400,0.0,0.0
2024-05-15 00:00:00-04:00,63.33417853789111,63.33417853789111,61.82175125035717,62.39508819580078,447500,0.0,0.0
2024-05-16 00:00:00-04:00,62.464284675569196,62.55325120942379,61.44611505436755,61.574623107910156,433800,0.0,0.0
2024-05-17 00:00:00-04:00,61.574619039114104,61.7624355888911,60.259891878015246,61.011165618896484,510800,0.0,0.0
2024-05-20 00:00:00-04:00,61.04082034861925,61.72289455450973,60.49713768268742,60.744266510009766,345200,0.0,0.0
2024-05-21 00:00:00-04:00,60.41805632652273,60.694843185016694,59.815061367761245,60.507022857666016,347200,0.0,0.0
2024-05-22 00:00:00-04:00,60.14127408886718,60.61576100470815,59.360346056782596,59.597591400146484,468400,0.0,0.0
2024-05-23 00:00:00-04:00,59.716210806251546,59.716210806251546,58.52999165862106,59.192298889160156,433800,0.0,0.0
2024-05-24 00:00:00-04:00,59.7557514994644,59.7557514994644,58.777119679185205,59.17252731323242,369300,0.0,0.0
2024-05-28 00:00:00-04:00,59.2120693117657,59.755751984831704,58.648615879748085,58.9056282043457,326000,0.0,0.0
2024-05-29 00:00:00-04:00,58.23343706317608,58.52999090353624,57.630442117607984,57.96653747558594,421800,0.0,0.0
2024-05-30 00:00:00-04:00,58.52011053073625,60.32909169303559,58.52011053073625,60.180816650390625,463900,0.0,0.0
2024-05-31 00:00:00-04:00,60.566334888034184,61.68335826985189,60.36863106731358,61.33737564086914,389400,0.0,0.0
2024-06-03 00:00:00-04:00,61.97002495923314,62.167728780300756,60.516909981792715,61.52519607543945,318500,0.0,0.0
2024-06-04 00:00:00-04:00,59.64701789054561,60.72449980035165,58.92540211915432,59.261497497558594,516400,0.0,0.0
2024-06-05 00:00:00-04:00,58.21367048058657,59.65690203919292,57.38331740547702,59.370235443115234,556400,0.0,0.0
2024-06-06 00:00:00-04:00,59.37023113025603,59.66678497034811,58.06539121714154,59.17252731323242,346100,0.0,0.0
2024-06-07 00:00:00-04:00,58.78700986505512,59.31092180094635,58.55965178399124,58.964942932128906,200100,0.0,0.0
2024-06-10 00:00:00-04:00,58.33228895494104,58.38171773899002,57.48216892424577,58.10493087768555,391300,0.0,0.0
2024-06-11 00:00:00-04:00,57.818263177339695,57.986308973025906,57.15595594690841,57.33388900756836,462300,0.0,0.0
2024-06-12 00:00:00-04:00,58.953828341417626,60.2159893219588,57.82086595651528,57.98981475830078,883900,0.31,0.0
2024-06-13 00:00:00-04:00,58.05938280356344,58.45691519727991,56.42950681339567,56.628273010253906,740400,0.0,0.0
2024-06-14 00:00:00-04:00,55.84314803202771,56.3798156205706,54.53129645413389,54.7598762512207,894900,0.0,0.0
2024-06-17 00:00:00-04:00,55.00833061370548,56.48913471855833,54.67042923488233,55.98228454589844,753900,0.0,0.0
2024-06-18 00:00:00-04:00,55.773580700323194,56.3996928899628,55.226976505434585,56.35000228881836,879000,0.0,0.0
2024-06-20 00:00:00-04:00,53.418209390544725,56.53882603952003,52.80203761816641,54.3524055480957,1579300,0.0,0.0
2024-06-21 00:00:00-04:00,53.1697536697648,54.22321183626005,53.1697536697648,53.65673065185547,2189000,0.0,0.0
2024-06-24 00:00:00-04:00,53.746173506495644,55.17728322209802,53.666665515609566,53.79586410522461,668300,0.0,0.0
2024-06-25 00:00:00-04:00,53.49771782027883,53.76604781715534,51.390801512328196,51.5696907043457,657900,0.0,0.0
2024-06-26 00:00:00-04:00,51.023086846572674,52.42438299878034,50.70506245679149,52.394569396972656,779700,0.0,0.0
2024-06-27 00:00:00-04:00,52.513826195176485,53.298950545143036,52.04672622651163,53.13993835449219,601600,0.0,0.0
2024-06-28 00:00:00-04:00,53.51759095915543,54.36234631841859,52.94117317872679,53.86543273925781,796500,0.0,0.0
2024-07-01 00:00:00-04:00,53.86543135155927,54.2927773219201,52.50388924125717,53.08030700683594,493700,0.0,0.0
2024-07-02 00:00:00-04:00,53.31882926795494,53.50765506572786,52.533704892586336,53.11012268066406,494000,0.0,0.0
2024-07-03 00:00:00-04:00,53.29895122829497,53.48777702237883,52.64302545955926,52.93123245239258,229900,0.0,0.0
2024-07-05 00:00:00-04:00,52.61320882434253,52.70265342096442,51.2119126713661,51.52000045776367,455400,0.0,0.0
2024-07-08 00:00:00-04:00,51.86783953515625,52.325002922542154,50.6255555511562,50.82432174682617,615300,0.0,0.0
2024-07-09 00:00:00-04:00,50.43672772153079,50.81438309899717,49.37333297729492,49.37333297729492,825800,0.0,0.0
2024-07-10 00:00:00-04:00,49.40314925211628,50.983334653361304,49.40314925211628,50.83426284790039,478300,0.0,0.0
2024-07-11 00:00:00-04:00,52.006979002954665,54.481606598736924,52.006979002954665,54.22321319580078,836500,0.0,0.0
2024-07-12 00:00:00-04:00,54.96858342095259,56.92642041358346,54.580987631036955,56.518951416015625,1067600,0.0,0.0
2024-07-15 00:00:00-04:00,56.99598658063154,57.900369152060584,56.55870399143116,57.59228515625,734200,0.0,0.0
2024-07-16 00:00:00-04:00,57.979876740916616,59.7687648729967,57.602221358107016,59.28179168701172,961300,0.0,0.0
2024-07-17 00:00:00-04:00,58.665616498477995,58.95382728699832,57.641975728874534,58.13888931274414,737500,0.0,0.0
2024-07-18 00:00:00-04:00,58.506604330394175,60.21598827286558,57.055617574698566,57.70160675048828,683700,0.0,0.0
2024-07-19 00:00:00-04:00,57.6022228739182,57.6022228739182,55.51518729676241,56.45932388305664,468500,0.0,0.0
2024-07-22 00:00:00-04:00,56.84691410467755,57.35376428633895,55.6145667626277,57.2543830871582,441100,0.0,0.0
2024-07-23 00:00:00-04:00,55.6642593363847,58.1289541078963,55.6642593363847,57.83080291748047,397100,0.0,0.0
2024-07-24 00:00:00-04:00,57.47302631757603,58.347591486237775,55.84314659528879,55.94253158569336,362000,0.0,0.0
2024-07-25 00:00:00-04:00,55.6841352773965,59.38117357328618,55.336297283385285,59.07308578491211,681900,0.0,0.0
2024-07-26 00:00:00-04:00,59.81845610178126,60.99117246771791,59.62963030396596,60.38493728637695,626700,0.0,0.0
2024-07-29 00:00:00-04:00,60.28555538077396,61.50796233277428,60.09672958516651,61.358890533447266,408300,0.0,0.0
2024-07-30 00:00:00-04:00,61.61728561550902,62.21358041145723,60.3849382350929,61.87567901611328,519400,0.0,0.0
2024-07-31 00:00:00-04:00,62.03469017303874,64.42981729384061,61.279383191440694,62.13407516479492,543900,0.0,0.0
2024-08-01 00:00:00-04:00,62.08438403066649,62.10426102884682,56.966172629299955,57.64197540283203,707500,0.0,0.0
2024-08-02 00:00:00-04:00,55.992221815271606,58.01963011232887,54.988458061292604,56.64814758300781,689800,0.0,0.0
2024-08-05 00:00:00-04:00,53.64679079278454,57.07549532657291,53.29895279578203,56.18104934692383,686300,0.0,0.0
2024-08-06 00:00:00-04:00,56.48913435541555,57.50283848536837,55.75370060935774,56.57857894897461,399400,0.0,0.0
2024-08-07 00:00:00-04:00,57.641976514288004,58.4171605025191,55.773580351958095,56.29037094116211,380700,0.0,0.0
2024-08-08 00:00:00-04:00,56.767406131670185,57.304073706187644,56.07172636371975,56.161170959472656,317600,0.0,0.0
2024-08-09 00:00:00-04:00,56.320182462662615,56.76740543594614,55.76364168804285,55.82326889038086,240000,0.0,0.0
2024-08-12 00:00:00-04:00,55.73382777756393,55.81333197728994,54.30271427099902,54.56111145019531,366300,0.0,0.0
2024-08-13 00:00:00-04:00,54.88907239861864,57.49289843969167,54.83938179992882,57.184814453125,492400,0.0,0.0
2024-08-14 00:00:00-04:00,57.502839917980644,57.502839917980644,55.505245209110534,55.614566802978516,358400,0.0,0.0
2024-08-15 00:00:00-04:00,57.353763228230655,58.287963164353656,57.00592524636549,57.4034538269043,557900,0.0,0.0
2024-08-16 00:00:00-04:00,57.68173114386161,59.04327333562291,57.23450814915173,57.61216354370117,379400,0.0,0.0
2024-08-19 00:00:00-04:00,57.681730082407526,58.119012674104866,57.06555450496834,57.651912689208984,270800,0.0,0.0
2024-08-20 00:00:00-04:00,57.58234373639305,57.800986922675655,56.230741996249776,56.32018280029297,290900,0.0,0.0
2024-08-21 00:00:00-04:00,56.87672838196776,57.661852754733026,56.58851759330966,57.59228515625,301000,0.0,0.0
2024-08-22 00:00:00-04:00,57.612161469140155,57.612161469140155,56.54876671509402,57.03573989868164,373100,0.0,0.0
2024-08-23 00:00:00-04:00,57.65191259400024,60.355123715682716,57.65191259400024,59.72901153564453,695500,0.0,0.0
2024-08-26 00:00:00-04:00,60.21598815790182,60.78246933940214,59.6495069764015,60.43463134765625,559000,0.0,0.0
2024-08-27 00:00:00-04:00,60.106665528059516,60.30543171612741,58.9339491887236,60.0370979309082,573000,0.0,0.0
2024-08-28 00:00:00-04:00,59.62963140694957,60.017223404510766,59.09296381441106,59.251976013183594,444300,0.0,0.0
2024-08-29 00:00:00-04:00,59.848274960507055,60.414756158975,59.08302756459512,59.20228576660156,365100,0.0,0.0
2024-08-30 00:00:00-04:00,59.71907496095429,59.768765561360794,58.71531118460352,59.29172897338867,300400,0.0,0.0
2024-09-03 00:00:00-04:00,58.70537121248374,59.112840204590384,57.52271823323516,57.9301872253418,393500,0.0,0.0
2024-09-04 00:00:00-04:00,57.641977072404835,58.71531225833259,57.50284187226232,58.48672866821289,199700,0.0,0.0
2024-09-05 00:00:00-04:00,58.7252461044649,58.7252461044649,57.57240676879883,57.57240676879883,623100,0.0,0.0
2024-09-06 00:00:00-04:00,57.5425946185991,57.989813811861694,55.77357967927341,55.84314727783203,446200,0.0,0.0
2024-09-09 00:00:00-04:00,55.86302219929501,56.896603326810805,55.42573962587662,55.704010009765625,399400,0.0,0.0
2024-09-10 00:00:00-04:00,55.65432084400936,55.81333303763197,53.93500031573061,54.7400016784668,442100,0.0,0.0
2024-09-11 00:00:00-04:00,54.400001525878906,55.2400016784668,53.31999969482422,55.189998626708984,346100,0.34,0.0
2024-09-12 00:00:00-04:00,55.54999923706055,55.54999923706055,54.130001068115234,54.7599983215332,559100,0.0,0.0
2024-09-13 00:00:00-04:00,55.7400016784668,57.16999816894531,55.279998779296875,56.529998779296875,489900,0.0,0.0
2024-09-16 00:00:00-04:00,56.58000183105469,57.34000015258789,56.25,56.91999816894531,365900,0.0,0.0
2024-09-17 00:00:00-04:00,57.56999969482422,59.18000030517578,57.529998779296875,58.54999923706055,562100,0.0,0.0
2024-09-18 00:00:00-04:00,58.619998931884766,60.119998931884766,57.41999816894531,57.9900016784668,459900,0.0,0.0
2024-09-19 00:00:00-04:00,59.15999984741211,59.61000061035156,58.290000915527344,59.54999923706055,462400,0.0,0.0
2024-09-20 00:00:00-04:00,59.349998474121094,59.36000061035156,58.41999816894531,59.11000061035156,1156800,0.0,0.0
2024-09-23 00:00:00-04:00,59.09000015258789,59.38999938964844,55.709999084472656,57.7599983215332,1298300,0.0,0.0
2024-09-24 00:00:00-04:00,58.0099983215332,59.04999923706055,57.400001525878906,58.380001068115234,472800,0.0,0.0
2024-09-25 00:00:00-04:00,58.40999984741211,58.40999984741211,56.59000015258789,56.84000015258789,480900,0.0,0.0
2024-09-26 00:00:00-04:00,58.09000015258789,58.540000915527344,57.470001220703125,57.560001373291016,376600,0.0,0.0
2024-09-27 00:00:00-04:00,58.33000183105469,59.5,57.66999816894531,58.209999084472656,532700,0.0,0.0
2024-09-30 00:00:00-04:00,58.04999923706055,58.91999816894531,57.68000030517578,58.11000061035156,374700,0.0,0.0
2024-10-01 00:00:00-04:00,57.849998474121094,58.029998779296875,56.7400016784668,57.869998931884766,420700,0.0,0.0
2024-10-02 00:00:00-04:00,57.56999969482422,58.130001068115234,57.11000061035156,57.279998779296875,267000,0.0,0.0
2024-10-03 00:00:00-04:00,56.79999923706055,57.79999923706055,56.11000061035156,57.599998474121094,570300,0.0,0.0
2024-10-04 00:00:00-04:00,58.5,58.5,57.36000061035156,57.84000015258789,263800,0.0,0.0
2024-10-07 00:00:00-04:00,57.2400016784668,57.5099983215332,56.02000045776367,56.52000045776367,376500,0.0,0.0
2024-10-08 00:00:00-04:00,56.72999954223633,57.88999938964844,56.0099983215332,57.36000061035156,446800,0.0,0.0
2024-10-09 00:00:00-04:00,57.189998626708984,58.209999084472656,56.459999084472656,57.029998779296875,414900,0.0,0.0
2024-10-10 00:00:00-04:00,56.43000030517578,57.29999923706055,56.04999923706055,56.54999923706055,397900,0.0,0.0
2024-10-11 00:00:00-04:00,56.349998474121094,58.220001220703125,56.25,58.13999938964844,465300,0.0,0.0
2024-10-14 00:00:00-04:00,57.709999084472656,58.5,57.029998779296875,58.43000030517578,459700,0.0,0.0
2024-10-15 00:00:00-04:00,58.40999984741211,60.16999816894531,58.290000915527344,58.869998931884766,514600,0.0,0.0
2024-10-16 00:00:00-04:00,59.220001220703125,61.0,58.77000045776367,60.41999816894531,666600,0.0,0.0
2024-10-17 00:00:00-04:00,60.040000915527344,60.189998626708984,58.970001220703125,60.15999984741211,814000,0.0,0.0
2024-10-18 00:00:00-04:00,60.54999923706055,60.880001068115234,59.86000061035156,60.380001068115234,495700,0.0,0.0
2024-10-21 00:00:00-04:00,60.040000915527344,60.7400016784668,57.97999954223633,58.099998474121094,606500,0.0,0.0
2024-10-22 00:00:00-04:00,57.630001068115234,58.349998474121094,57.13999938964844,58.02000045776367,718400,0.0,0.0
2024-10-23 00:00:00-04:00,53.66999816894531,56.810001373291016,51.189998626708984,51.779998779296875,2539300,0.0,0.0
2024-10-24 00:00:00-04:00,52.869998931884766,52.869998931884766,51.2400016784668,52.22999954223633,1190800,0.0,0.0
2024-10-25 00:00:00-04:00,52.70000076293945,54.86000061035156,52.70000076293945,53.52000045776367,1092900,0.0,0.0
2024-10-28 00:00:00-04:00,54.09000015258789,56.04999923706055,53.619998931884766,55.599998474121094,1035300,0.0,0.0
2024-10-29 00:00:00-04:00,55.15999984741211,58.22999954223633,55.0,57.5,1213700,0.0,0.0
2024-10-30 00:00:00-04:00,57.47999954223633,58.43000030517578,57.31999969482422,57.349998474121094,724900,0.0,0.0
2024-10-31 00:00:00-04:00,57.099998474121094,57.38999938964844,56.02000045776367,56.040000915527344,1013800,0.0,0.0
2024-11-01 00:00:00-04:00,56.650001525878906,57.349998474121094,56.18000030517578,57.11000061035156,653100,0.0,0.0
2024-11-04 00:00:00-05:00,56.91999816894531,58.13999938964844,56.150001525878906,56.209999084472656,493600,0.0,0.0
2024-11-05 00:00:00-05:00,56.0099983215332,58.33000183105469,56.0099983215332,58.189998626708984,524000,0.0,0.0
2024-11-06 00:00:00-05:00,59.79999923706055,62.2400016784668,59.79999923706055,61.63999938964844,1215300,0.0,0.0
2024-11-07 00:00:00-05:00,61.779998779296875,61.810001373291016,60.43000030517578,61.09000015258789,593600,0.0,0.0
2024-11-08 00:00:00-05:00,61.099998474121094,61.369998931884766,60.06999969482422,61.099998474121094,508000,0.0,0.0
