Date,Open,High,Low,Close,Volume,Dividends,Stock Splits
2022-11-14 00:00:00-05:00,3.8808791599917445,4.19134956681298,2.9494681245827783,3.4772677421569824,1030100,0.0,0.0
2022-11-15 00:00:00-05:00,3.3530803436776457,3.818785854438821,3.259938945437774,3.337556838989258,1686400,0.0,0.0
2022-11-16 00:00:00-05:00,3.353079792958458,3.5548853207623945,3.259938410016387,3.2754619121551514,1039600,0.0,0.0
2022-11-17 00:00:00-05:00,3.19008180157181,4.036112949108121,3.19008180157181,3.9507339000701904,1071900,0.0,0.0
2022-11-18 00:00:00-05:00,3.919688182066414,4.633769651630052,3.8032617307963204,4.494058132171631,1022600,0.0,0.0
2022-11-21 00:00:00-05:00,4.230157101144493,4.579436362133926,3.9041636423741646,4.424201011657715,811200,0.0,0.0
2022-11-22 00:00:00-05:00,4.579437368765699,4.579437368765699,3.8420701246649984,3.958496570587158,403800,0.0,0.0
2022-11-23 00:00:00-05:00,3.8886419598929813,4.0749240233058,3.77997705279261,3.8498330116271973,275800,0.0,0.0
2022-11-25 00:00:00-05:00,3.950735004917398,4.074923016509318,3.9041645005704275,3.958496570587158,91900,0.0,0.0
2022-11-28 00:00:00-05:00,4.023465809742327,4.023465809742327,3.7729778983226843,3.819944381713867,409800,0.043,0.0
2022-11-29 00:00:00-05:00,3.733840297414796,4.070433734176265,3.733840297414796,3.796462297439575,497200,0.0,0.0
2022-11-30 00:00:00-05:00,3.772978608340663,4.086088556537812,3.772978608340663,4.007811069488525,492900,0.0,0.0
2022-12-01 00:00:00-05:00,3.992155427498922,4.070432911713315,3.882566949598772,3.8982224464416504,480500,0.0,0.0
2022-12-02 00:00:00-05:00,3.86691176957828,4.070433245210548,3.796461841385005,3.921706199645996,322500,0.0,0.0
2022-12-05 00:00:00-05:00,3.9138785820345863,4.015639514749057,3.7808066505243625,3.874739646911621,386400,0.0,0.0
2022-12-06 00:00:00-05:00,3.859083714255607,3.8982226449844566,3.7808062260544144,3.8669116497039795,407300,0.0,0.0
2022-12-07 00:00:00-05:00,3.882567127244235,3.9608446150401866,3.7964617040404365,3.8512561321258545,443500,0.0,0.0
2022-12-08 00:00:00-05:00,3.835600634566664,3.8982226248034255,3.8042896394482835,3.8512561321258545,299500,0.0,0.0
2022-12-09 00:00:00-05:00,3.804289833293999,3.897440104506083,3.804289833293999,3.859083890914917,271600,0.0,0.0
2022-12-12 00:00:00-05:00,3.8356005740155656,3.8747391306674244,3.788634082079436,3.8042895793914795,369900,0.0,0.0
2022-12-13 00:00:00-05:00,3.8825672494927015,3.8825672494927015,3.733839831369235,3.7573232650756836,430400,0.0,0.0
2022-12-14 00:00:00-05:00,3.757323456049277,3.7948965786328093,3.6555625269099865,3.68295955657959,364800,0.0,0.0
2022-12-15 00:00:00-05:00,3.624251613561507,3.8434286025323092,3.561629616712706,3.8426458835601807,712800,0.0,0.0
2022-12-16 00:00:00-05:00,3.7494949414218524,3.86378010270175,3.679045020849213,3.753408908843994,342900,0.0,0.0
2022-12-19 00:00:00-05:00,3.7103565162001244,3.8050725997094927,3.6085959622385406,3.702528953552246,306100,0.0,0.0
2022-12-20 00:00:00-05:00,3.6555619025766357,3.7886338066842775,3.6085954140544922,3.639906406402588,244600,0.0,0.0
2022-12-21 00:00:00-05:00,3.6477346046869634,3.718184536397642,3.577285046232821,3.6164236068725586,335900,0.0,0.0
2022-12-22 00:00:00-05:00,3.5760734351678614,3.694748514499646,3.441575037075684,3.568161964416504,414900,0.049,0.0
2022-12-23 00:00:00-05:00,3.568161908971113,3.7026599277156587,3.520691576169895,3.631455183029175,247800,0.0,0.0
2022-12-27 00:00:00-05:00,3.647278713503969,3.7501301011966546,3.5523384196417838,3.639366865158081,548200,0.0,0.0
2022-12-28 00:00:00-05:00,3.6789251385727213,3.742218412630783,3.5357237853473356,3.631455183029175,375600,0.0,0.0
2022-12-29 00:00:00-05:00,3.6868368535961173,3.7580419802603555,3.6077202557790176,3.734306812286377,276000,0.0,0.0
2022-12-30 00:00:00-05:00,3.726395845413208,3.8688057407558043,3.591897422294104,3.726395845413208,382000,0.0,0.0
2023-01-03 00:00:00-05:00,3.7263952056116714,3.829246967662228,3.6631019296598466,3.6868367195129395,267800,0.0,0.0
2023-01-04 00:00:00-05:00,3.702661583405738,3.7580434116000347,3.655191606635415,3.710573434829712,350000,0.0,0.0
2023-01-05 00:00:00-05:00,3.671013355255127,3.7105718408660353,3.623543398876644,3.671013355255127,201200,0.0,0.0
2023-01-06 00:00:00-05:00,3.726395845413208,3.7738658105274068,3.663102558594276,3.726395845413208,328400,0.0,0.0
2023-01-09 00:00:00-05:00,3.7105720215700955,3.7738652998237754,3.6678490964746313,3.734306812286377,289200,0.0,0.0
2023-01-10 00:00:00-05:00,3.710572690704749,3.7501308081180413,3.6868375184505617,3.7184841632843018,190800,0.0,0.0
2023-01-11 00:00:00-05:00,3.710572690704749,3.8688059148734477,3.694749368287879,3.7184841632843018,462100,0.0,0.0
2023-01-12 00:00:00-05:00,3.7343081129436446,3.7896899393339196,3.694749988885872,3.7580432891845703,227300,0.0,0.0
2023-01-13 00:00:00-05:00,3.852982251316245,4.1140672367072,3.7976008163895156,3.97956919670105,686900,0.0,0.0
2023-01-17 00:00:00-05:00,4.003304869128397,4.137803315941798,3.987481544636103,4.042863368988037,413100,0.0,0.0
2023-01-18 00:00:00-05:00,4.06659812694143,4.106156626410445,3.987481505261209,4.027040004730225,360100,0.0,0.0
2023-01-19 00:00:00-05:00,3.9795691967010494,4.050773952643663,3.9083640635007053,3.97956919670105,508800,0.0,0.0
2023-01-20 00:00:00-05:00,3.9400111896655794,4.034951127426732,3.9083645437451957,4.003304481506348,2219400,0.0,0.0
2023-01-23 00:00:00-05:00,3.970548107501652,4.050438719605431,3.9545700612702306,3.9785373210906982,252400,0.049,0.0
2023-01-24 00:00:00-05:00,3.930604452051806,4.074406914585362,3.9226152358821,4.010494709014893,384900,0.0,0.0
2023-01-25 00:00:00-05:00,3.9865265853236704,4.018483062192867,3.9785377518164053,3.990521192550659,195200,0.0,0.0
2023-01-26 00:00:00-05:00,4.002505110489619,4.065618458596373,3.994515895843506,3.994515895843506,136800,0.0,0.0
2023-01-27 00:00:00-05:00,3.9625597991524955,4.074406137571032,3.858702294433351,3.994515895843506,317100,0.0,0.0
2023-01-30 00:00:00-05:00,3.9545704354949236,4.042449888557193,3.922614340008045,3.9465816020965576,222200,0.0,0.0
2023-01-31 00:00:00-05:00,3.970547914505005,4.058427354979599,3.9465810367961676,3.970547914505005,412200,0.0,0.0
2023-02-01 00:00:00-05:00,4.13033028493292,4.13033028493292,3.970549390059952,4.010494709014893,321100,0.0,0.0
2023-02-02 00:00:00-05:00,4.0104945159314624,4.170275022165076,3.97853841468474,4.106362819671631,544300,0.0,0.0
2023-02-03 00:00:00-05:00,4.002505100845735,4.050439245766755,3.8826695480698246,3.914625644683838,403100,0.0,0.0
2023-02-06 00:00:00-05:00,3.914627233951593,3.9705502352564817,3.8347369599825556,3.858703851699829,463600,0.0,0.0
2023-02-07 00:00:00-05:00,3.858701783881701,3.99451536732212,3.842723737650279,3.9785373210906982,231800,0.0,0.0
2023-02-08 00:00:00-05:00,3.9465821261725815,3.9785382259029864,3.9146260264421766,3.9385929107666016,147900,0.0,0.0
2023-02-09 00:00:00-05:00,3.9545708608893437,3.978538125556022,3.8507137298583984,3.8507137298583984,238600,0.0,0.0
2023-02-10 00:00:00-05:00,3.8507138727721344,3.890658807436767,3.8427246572711504,3.86429500579834,192800,0.0,0.0
2023-02-13 00:00:00-05:00,3.8267466546381583,3.890658855651,3.682944202359266,3.7308783531188965,1000800,0.0,0.0
2023-02-14 00:00:00-05:00,3.6509891393803318,3.882671124363978,3.595065757128568,3.858703851699829,2618400,0.0,0.0
2023-02-15 00:00:00-05:00,3.826745916022928,3.872283521881231,3.6509873971614555,3.7069103717803955,1696600,0.0,0.0
2023-02-16 00:00:00-05:00,3.7069111815482314,3.8027798664526093,3.7069111815482314,3.7388672828674316,668000,0.0,0.0
2023-02-17 00:00:00-05:00,3.7299861064887576,3.834942520496957,3.713838995485765,3.826868772506714,935500,0.049,0.0
2023-02-21 00:00:00-05:00,3.7461327396676753,3.7671240197918503,3.6653971949506348,3.681544303894043,734700,0.0,0.0
2023-02-22 00:00:00-05:00,3.641176700592041,3.7057651359500245,3.584661627165084,3.641176700592041,1212700,0.0,0.0
2023-02-23 00:00:00-05:00,3.657324232697481,3.689618454113917,3.608882515595341,3.620993137359619,595000,0.0,0.0
2023-02-24 00:00:00-05:00,3.633103627842389,3.8187956064423223,3.617763813851795,3.7703542709350586,425000,0.0,0.0
2023-02-27 00:00:00-05:00,3.754207588076568,3.7784280661090137,3.6815453840241164,3.738060474395752,605100,0.0,0.0
2023-02-28 00:00:00-05:00,3.7380591647109984,3.774390254008085,3.665396986116824,3.6976912021636963,550400,0.0,0.0
2023-03-01 00:00:00-05:00,3.6896190173004437,3.729986607743988,3.6153422197094716,3.65732479095459,689800,0.0,0.0
2023-03-02 00:00:00-05:00,3.6008087044239416,3.7542064295425104,3.6008087044239416,3.649250030517578,457600,0.0,0.0
2023-03-03 00:00:00-05:00,3.6573238876128977,3.729985686455175,3.6492501405318394,3.713838577270508,738200,0.0,0.0
2023-03-06 00:00:00-05:00,3.7219121421259573,3.802647684096464,3.7219121421259573,3.7461326122283936,384500,0.0,0.0
2023-03-07 00:00:00-05:00,3.7622798243995397,3.7703535713080085,3.608882097935607,3.641176700592041,577300,0.0,0.0
2023-03-08 00:00:00-05:00,3.641176819830955,3.6734710385674973,3.60080885392155,3.6250293254852295,305600,0.0,0.0
2023-03-09 00:00:00-05:00,3.6331042452483495,3.6734722241865847,3.5846629015090143,3.6088833808898926,488500,0.0,0.0
2023-03-10 00:00:00-05:00,3.6331030220687133,3.6976914586424323,3.5362203672081356,3.568514585494995,515900,0.0,0.0
2023-03-13 00:00:00-04:00,3.5281472043637763,3.55236806457831,3.3908965614289475,3.4877796173095703,653400,0.0,0.0
2023-03-14 00:00:00-04:00,3.5200733868950387,3.5765880784766857,3.4514480742794986,3.5039262771606445,583300,0.0,0.0
2023-03-15 00:00:00-04:00,3.4716328533964664,3.5362213071378337,3.3908969012422054,3.431264877319336,500800,0.0,0.0
2023-03-16 00:00:00-04:00,3.4231907276459026,3.479705810546875,3.403814424776788,3.479705810546875,565200,0.0,0.0
2023-03-17 00:00:00-04:00,3.4312645970563684,3.649250803117319,3.4312645970563684,3.560441493988037,612200,0.0,0.0
2023-03-20 00:00:00-04:00,3.544294509706592,3.6008095966413336,3.4393384696528346,3.4554855823516846,395600,0.0,0.0
2023-03-21 00:00:00-04:00,3.487779558808802,3.544294256732268,3.456292633546797,3.479705810546875,447200,0.0,0.0
2023-03-22 00:00:00-04:00,3.4958531716100425,3.536221145845934,3.4554855823516846,3.4554855823516846,326600,0.0,0.0
2023-03-23 00:00:00-04:00,3.4955041848621637,3.528172415515789,3.4383345865003054,3.4710028171539307,569000,0.049,0.0
2023-03-24 00:00:00-04:00,3.4301667771643967,3.471002253569006,3.397498551815095,3.413832664489746,357800,0.0,0.0
2023-03-27 00:00:00-04:00,3.421999915545054,3.4628350025136982,3.3321621011164915,3.413832664489746,523600,0.0,0.0
2023-03-28 00:00:00-04:00,3.41383331817109,3.4628356655780195,3.36483097076416,3.36483097076416,308000,0.0,0.0
2023-03-29 00:00:00-04:00,3.389332280095193,3.430167374171019,3.3648309121008713,3.381165027618408,508500,0.0,0.0
2023-03-30 00:00:00-04:00,3.4710019927125053,3.511837466048203,3.4056655469241375,3.5036702156066895,471000,0.0,0.0
2023-03-31 00:00:00-04:00,3.5690067707350512,3.6425104692167904,3.5363385468400446,3.626176357269287,348400,0.0,0.0
2023-04-03 00:00:00-04:00,3.5771747126380427,3.6915135183640557,3.5608405975343262,3.6180098056793213,193000,0.0,0.0
2023-04-04 00:00:00-04:00,3.667012145395304,3.667012145395304,3.520005109686163,3.55267333984375,446800,0.0,0.0
2023-04-05 00:00:00-04:00,3.5690074049656744,3.5853415198158327,3.4791699680078136,3.51183819770813,246400,0.0,0.0
2023-04-06 00:00:00-04:00,3.5200045108795166,3.535521975980015,3.479169424847217,3.5200045108795166,310800,0.0,0.0
2023-04-10 00:00:00-04:00,3.487336567459617,3.5036706810767306,3.4220001129911632,3.4383342266082764,452500,0.0,0.0
2023-04-11 00:00:00-04:00,3.4383348819877098,3.462835862365507,3.422000765257158,3.4546689987182617,237900,0.0,0.0
2023-04-12 00:00:00-04:00,3.479170799255371,3.5281731555135454,3.454669426408229,3.479170799255371,495600,0.0,0.0
2023-04-13 00:00:00-04:00,3.4791692976190145,3.49550340932181,3.446500684777481,3.4873361587524414,244400,0.0,0.0
2023-04-14 00:00:00-04:00,3.4628356408031307,3.7486832494525144,3.4628356408031307,3.528172492980957,760000,0.0,0.0
2023-04-17 00:00:00-04:00,3.585341453552246,3.6098428200926618,3.5200049953591495,3.585341453552246,253700,0.0,0.0
2023-04-18 00:00:00-04:00,3.5771747806638774,3.6180098744817024,3.511838319006533,3.544506549835205,1063900,0.0,0.0
2023-04-19 00:00:00-04:00,3.5363384583645785,3.57717393192965,3.528171597313127,3.5690066814422607,286200,0.0,0.0
2023-04-20 00:00:00-04:00,3.552672549947965,3.5771739118365713,3.4832524789388404,3.5036702156066895,431900,0.0,0.0
2023-04-21 00:00:00-04:00,3.5028445120750114,3.552413415830194,3.49458329073948,3.535890579223633,330300,0.049,0.0
2023-04-24 00:00:00-04:00,3.5193676292566285,3.5524133014053354,3.4863215631724365,3.511106014251709,346800,0.0,0.0
2023-04-25 00:00:00-04:00,3.502844911266343,3.502844911266343,3.4532763957977295,3.4532763957977295,474800,0.0,0.0
2023-04-26 00:00:00-04:00,3.4532756973823115,3.5234978452444983,3.445014476776123,3.445014476776123,310800,0.0,0.0
2023-04-27 00:00:00-04:00,3.4450155624918146,3.502845306766887,3.420231104991364,3.494584083557129,535900,0.0,0.0
2023-04-28 00:00:00-04:00,3.4780602981163704,3.585458928209152,3.469798683215935,3.577197313308716,500600,0.0,0.0
2023-05-01 00:00:00-04:00,3.585458853191581,3.668073030790022,3.5689360176718927,3.618504524230957,548600,0.0,0.0
2023-05-02 00:00:00-04:00,3.585459377886377,3.626766275762697,3.5276292481368925,3.5524137020111084,286600,0.0,0.0
2023-05-03 00:00:00-04:00,3.519367772459483,3.6019819561928155,3.519367772459483,3.5606746673583984,273200,0.0,0.0
2023-05-04 00:00:00-04:00,3.5276289639526026,3.5689362524367554,3.461537617526357,3.535890579223633,347400,0.0,0.0
2023-05-05 00:00:00-04:00,3.5606747794622606,3.5937204539959997,3.5094541021156194,3.5854592323303223,323900,0.0,0.0
2023-05-08 00:00:00-04:00,3.535890323832086,3.5771972153972116,3.535890323832086,3.544151544570923,346000,0.0,0.0
2023-05-09 00:00:00-04:00,3.5358900357847314,3.5854585379861206,3.5111055877163175,3.5276284217834473,665100,0.0,0.0
2023-05-10 00:00:00-04:00,3.535890323832086,3.5606743799840674,3.5276287091577787,3.544151544570923,263300,0.0,0.0
2023-05-11 00:00:00-04:00,3.5276287091577787,3.55241315924523,3.5193674884189416,3.544151544570923,607700,0.0,0.0
2023-05-12 00:00:00-04:00,3.535890323832086,3.568935994658374,3.5111058737446346,3.544151544570923,468300,0.0,0.0
2023-05-15 00:00:00-04:00,3.552413415830194,3.5714145006567652,3.511106127346041,3.535890579223633,1589200,0.0,0.0
2023-05-16 00:00:00-04:00,3.519368332704972,3.5937209129333496,3.512758881805751,3.5937209129333496,2478900,0.0,0.0
2023-05-17 00:00:00-04:00,3.6185038306381196,3.758948102602924,3.610242217494121,3.701117992401123,3075100,0.0,0.0
2023-05-18 00:00:00-04:00,3.701118701829398,3.7490350430171353,3.601981688711269,3.618504524230957,2090400,0.0,0.0
2023-05-19 00:00:00-04:00,3.6185043355232644,3.6598112252005635,3.6185043355232644,3.6350271701812744,1129000,0.0,0.0
2023-05-22 00:00:00-04:00,3.634191453268749,3.667609274575489,3.601609017738899,3.650900363922119,1245000,0.049,0.0
2023-05-23 00:00:00-04:00,3.6007736319620087,3.684318185228859,3.5924193758212506,3.650900363922119,1294800,0.0,0.0
2023-05-24 00:00:00-04:00,3.625837802886963,3.6341920604234446,3.5924199759971964,3.625837802886963,1384600,0.0,0.0
2023-05-25 00:00:00-04:00,3.6509006111113,3.659255266189575,3.6258374426202358,3.659255266189575,828300,0.0,0.0
2023-05-26 00:00:00-04:00,3.6425466351912226,3.7177365448323223,3.6425466351912226,3.7010276317596436,887100,0.0,0.0
2023-05-30 00:00:00-04:00,3.7010275084488913,3.734445333480835,3.6676096834169476,3.734445333480835,786900,0.0,0.0
2023-05-31 00:00:00-04:00,3.6926724865778886,3.7511534690856934,3.6926724865778886,3.7511534690856934,1168600,0.0,0.0
2023-06-01 00:00:00-04:00,3.7511549504716295,3.809636354446411,3.7511549504716295,3.809636354446411,909400,0.0,0.0
2023-06-02 00:00:00-04:00,3.8263452769512303,3.834699933979146,3.7929274455835142,3.817991018295288,1212100,0.0,0.0
2023-06-05 00:00:00-04:00,3.7845734631963026,3.8681180477142334,3.769535318471474,3.8681180477142334,650300,0.0,0.0
2023-06-06 00:00:00-04:00,3.817990060512916,3.918243529466442,3.817990060512916,3.8848257064819336,844200,0.0,0.0
2023-06-07 00:00:00-04:00,3.901535749435425,3.9265989247562922,3.884826833097517,3.901535749435425,821900,0.0,0.0
2023-06-08 00:00:00-04:00,3.9015355897290758,3.90988984837006,3.8012820958054268,3.809636354446411,983800,0.0,0.0
2023-06-09 00:00:00-04:00,3.859763390076439,3.8722953765331307,3.817991297003475,3.8681180477142334,645500,0.0,0.0
2023-06-12 00:00:00-04:00,3.8597632594046605,3.9098900084183845,3.8597632594046605,3.901535749435425,660900,0.0,0.0
2023-06-13 00:00:00-04:00,3.934953582111241,3.968371414787057,3.876472175742568,3.901535749435425,748500,0.0,0.0
2023-06-14 00:00:00-04:00,3.8848257064819336,3.918243529466442,3.859762140057615,3.8848257064819336,545500,0.0,0.0
2023-06-15 00:00:00-04:00,3.8764710515498697,3.901534617974188,3.8764710515498697,3.8848257064819336,537200,0.0,0.0
2023-06-16 00:00:00-04:00,3.8848265887105593,3.901535503997342,3.8764719318811864,3.8931808471679688,775600,0.0,0.0
2023-06-20 00:00:00-04:00,3.884826287807089,3.91824411579224,3.843053803639685,3.9098894596099854,1044400,0.0,0.0
2023-06-21 00:00:00-04:00,3.8837171067377745,3.925087359873573,3.858388741834887,3.9006028175354004,1131000,0.049,0.0
2023-06-22 00:00:00-04:00,3.875274168184966,3.900602531228736,3.871052640148647,3.8837168216705322,549000,0.0,0.0
2023-06-23 00:00:00-04:00,3.8837168216705322,3.900602531228736,3.875274168184966,3.8837168216705322,451800,0.0,0.0
2023-06-26 00:00:00-04:00,3.8921597003936768,3.909045409182469,3.875273991604884,3.8921597003936768,740200,0.0,0.0
2023-06-27 00:00:00-04:00,3.883716033409559,3.942816206161503,3.883716033409559,3.9259305000305176,669500,0.0,0.0
2023-06-28 00:00:00-04:00,3.9174887265919573,3.959703207015991,3.9174887265919573,3.959703207015991,787900,0.0,0.0
2023-06-29 00:00:00-04:00,3.951259768719792,4.010359955094642,3.942817115001718,3.993474245071411,1296200,0.0,0.0
2023-06-30 00:00:00-04:00,3.9934745297095056,4.027245952163053,3.972367290029261,4.010360240936279,659100,0.0,0.0
2023-07-03 00:00:00-04:00,4.035688440611916,4.153888402549948,4.018802731763627,4.145445346832275,851500,0.0,0.0
2023-07-05 00:00:00-04:00,4.162330150604248,4.212987266134001,4.132780267191967,4.162330150604248,693800,0.0,0.0
2023-07-06 00:00:00-04:00,4.120117270222404,4.12855992393778,4.048352901999838,4.077902793884277,657400,0.0,0.0
2023-07-07 00:00:00-04:00,4.052573165634555,4.145444340460691,4.044130111966566,4.12855863571167,754200,0.0,0.0
2023-07-10 00:00:00-04:00,4.179216764528856,4.204545529094819,4.137002693701658,4.145445346832275,554900,0.0,0.0
2023-07-11 00:00:00-04:00,4.14544497025892,4.196102092202084,4.086345195952071,4.179216384887695,787900,0.0,0.0
2023-07-12 00:00:00-04:00,4.1792163096835795,4.242538012913337,4.170773657471818,4.221430778503418,713700,0.0,0.0
2023-07-13 00:00:00-04:00,4.280531005271896,4.280531005271896,4.196102066627518,4.238316535949707,564100,0.0,0.0
2023-07-14 00:00:00-04:00,4.255203338844058,4.415617799952071,4.179217435533126,4.288974761962891,998500,0.0,0.0
2023-07-17 00:00:00-04:00,4.2805305960701325,4.284751720529216,4.187659013991682,4.196101665496826,955800,0.0,0.0
2023-07-18 00:00:00-04:00,4.221430425186213,4.247603409767417,4.17921595989956,4.196101665496826,549500,0.0,0.0
2023-07-19 00:00:00-04:00,4.212988295682057,4.255202770233154,4.212988295682057,4.255202770233154,542800,0.0,0.0
2023-07-20 00:00:00-04:00,4.244099621307142,4.269718109126402,4.184323828382285,4.218481540679932,339900,0.057,0.0
2023-07-21 00:00:00-04:00,4.20994332204055,4.235561818458437,4.1843252328148495,4.201404094696045,596600,0.0,0.0
2023-07-24 00:00:00-04:00,4.201403650696963,4.244100597291699,4.184324790620639,4.235561370849609,595900,0.0,0.0
2023-07-25 00:00:00-04:00,4.235561387202708,4.26117947382003,4.20994289339324,4.252640247344971,465300,0.0,0.0
2023-07-26 00:00:00-04:00,4.235561387202708,4.2867979676294965,4.232145452297397,4.252640247344971,772700,0.0,0.0
2023-07-27 00:00:00-04:00,4.269719166720918,4.346574242023382,4.25264030634172,4.278258800506592,568500,0.0,0.0
2023-07-28 00:00:00-04:00,4.295338126149734,4.355113940355668,4.261179994499236,4.303877353668213,487200,0.0,0.0
2023-07-31 00:00:00-04:00,4.34657471283719,4.363653575066342,4.303877353668213,4.303877353668213,619400,0.0,0.0
2023-08-01 00:00:00-04:00,4.286799043139376,4.3764631831800225,4.286799043139376,4.363654136657715,733100,0.0,0.0
2023-08-02 00:00:00-04:00,4.355114038797022,4.457587214488198,4.314124849958993,4.380732536315918,934800,0.0,0.0
2023-08-03 00:00:00-04:00,4.338034206082965,4.414889274260629,4.329494980281065,4.389270782470703,549800,0.0,0.0
2023-08-04 00:00:00-04:00,4.389272253791866,4.431969618690222,4.372193389270974,4.3978118896484375,513800,0.0,0.0
2023-08-07 00:00:00-04:00,4.3978118896484375,4.423429982833651,4.355114524750081,4.3978118896484375,479100,0.0,0.0
2023-08-08 00:00:00-04:00,4.355114447714888,4.363654083420406,4.282529172986953,4.338035583496094,768400,0.0,0.0
2023-08-09 00:00:00-04:00,4.329494970892004,4.372191914193135,4.32095533791651,4.346573829650879,814300,0.0,0.0
2023-08-10 00:00:00-04:00,4.329494980281065,4.397810415464716,4.329494980281065,4.389270782470703,468300,0.0,0.0
2023-08-11 00:00:00-04:00,4.355113569203959,4.461856550837351,4.355113569203959,4.423429012298584,494000,0.0,0.0
2023-08-14 00:00:00-04:00,4.44050697348295,4.483204320363241,4.418304418255932,4.474664688110352,480300,0.0,0.0
2023-08-15 00:00:00-04:00,4.46612546304954,4.500283177676941,4.46612546304954,4.474664688110352,521500,0.0,0.0
2023-08-16 00:00:00-04:00,4.474665208368,4.55152027881143,4.466125982314355,4.4832048416137695,599000,0.0,0.0
2023-08-17 00:00:00-04:00,4.49174502532305,4.551520836600468,4.483205391030747,4.52590274810791,455100,0.0,0.0
2023-08-18 00:00:00-04:00,4.474665292579921,4.584824201809189,4.474665292579921,4.568599224090576,522000,0.0,0.0
2023-08-21 00:00:00-04:00,4.568598772795146,4.589947447010356,4.5259018315568165,4.560059547424316,329600,0.0,0.0
2023-08-22 00:00:00-04:00,4.583365851680908,4.600628983620768,4.5315764558613285,4.5919976234436035,691700,0.057,0.0
2023-08-23 00:00:00-04:00,4.609260042378674,4.71283881799527,4.609260042378674,4.6524176597595215,706200,0.0,0.0
2023-08-24 00:00:00-04:00,4.652418530319238,4.697302757135585,4.579050114299098,4.617892265319824,705100,0.0,0.0
2023-08-25 00:00:00-04:00,4.66104979954828,4.704207420349121,4.609260407635972,4.704207420349121,286200,0.0,0.0
2023-08-28 00:00:00-04:00,4.738734395588579,4.738734395588579,4.574734835616582,4.6006293296813965,801000,0.0,0.0
2023-08-29 00:00:00-04:00,4.600628271951224,4.686943918298387,4.574733783839808,4.6524176597595215,576300,0.0,0.0
2023-08-30 00:00:00-04:00,4.686944048942714,4.686944048942714,4.6006284001895805,4.643786430358887,545100,0.0,0.0
2023-08-31 00:00:00-04:00,4.643787368570172,4.660187406884484,4.574734835616582,4.6006293296813965,561200,0.0,0.0
2023-09-01 00:00:00-04:00,4.643787187107813,4.669681680160767,4.591997789416363,4.661050319671631,447800,0.0,0.0
2023-09-05 00:00:00-04:00,4.695576127136667,4.695576127136667,4.574734210968018,4.574734210968018,640600,0.0,0.0
2023-09-06 00:00:00-04:00,4.574734276086463,4.58336563585719,4.540208013832532,4.566102504730225,404000,0.0,0.0
2023-09-07 00:00:00-04:00,4.5488386154174805,4.566101743667083,4.505680589000752,4.5488386154174805,352500,0.0,0.0
2023-09-08 00:00:00-04:00,4.609260170857633,4.643786430358887,4.540207651855126,4.643786430358887,366500,0.0,0.0
2023-09-11 00:00:00-04:00,4.661049430186972,4.661049430186972,4.600628271951224,4.6524176597595215,436000,0.0,0.0
2023-09-12 00:00:00-04:00,4.661049560109514,4.661049560109514,4.636017754440544,4.643786430358887,385900,0.0,0.0
2023-09-13 00:00:00-04:00,4.643787133886984,4.643787133886984,4.540208339691162,4.540208339691162,462200,0.0,0.0
2023-09-14 00:00:00-04:00,4.574734604423103,4.591997736789073,4.52294479573965,4.540208339691162,742500,0.0,0.0
2023-09-15 00:00:00-04:00,4.540207450063463,4.5574705790468215,4.488417651527925,4.531575679779053,495800,0.0,0.0
2023-09-18 00:00:00-04:00,4.505681711652509,4.548839748822648,4.44526095351697,4.4884185791015625,1049700,0.0,0.0
2023-09-19 00:00:00-04:00,4.505681711652509,4.5143134837207555,4.45389231399967,4.4884185791015625,515300,0.0,0.0
2023-09-20 00:00:00-04:00,4.497049808502197,4.557470970932146,4.497049808502197,4.497049808502197,550300,0.0,0.0
2023-09-21 00:00:00-04:00,4.485705084961057,4.494432337628614,4.389707802447806,4.398434638977051,647700,0.057,0.0
2023-09-22 00:00:00-04:00,4.36352651279606,4.485705138635621,4.36352651279606,4.476978302001953,533100,0.0,0.0
2023-09-25 00:00:00-04:00,4.450796780070886,4.564248564694824,4.42025222887917,4.503159046173096,616200,0.0,0.0
2023-09-26 00:00:00-04:00,4.4595242125963015,4.5380674068525755,4.433342870418667,4.476978302001953,609000,0.0,0.0
2023-09-27 00:00:00-04:00,4.503159513830357,4.625338563562221,4.485705423316997,4.564249038696289,772600,0.0,0.0
2023-09-28 00:00:00-04:00,4.5947926365644,4.677699861347863,4.546794001679097,4.625337600708008,555000,0.0,0.0
2023-09-29 00:00:00-04:00,4.686427056125757,4.738789320781329,4.6628640578376634,4.730062484741211,606000,0.0,0.0
2023-10-02 00:00:00-04:00,4.703880730466789,4.7562429905151955,4.686426643783987,4.74751615524292,797300,0.0,0.0
2023-10-03 00:00:00-04:00,4.730061583016657,4.756242502284248,4.625337073669874,4.686426162719727,1027100,0.0,0.0
2023-10-04 00:00:00-04:00,4.660245488201445,4.799878174663795,4.660245488201445,4.756242752075195,891900,0.0,0.0
2023-10-05 00:00:00-04:00,4.782424507986281,4.826059934399077,4.730062245973888,4.738789081573486,746400,0.0,0.0
2023-10-06 00:00:00-04:00,4.747517401099985,4.8347878574157575,4.712609218573676,4.773698329925537,1433500,0.0,0.0
2023-10-09 00:00:00-04:00,4.738788542750312,4.7824239642015485,4.695153537437294,4.721334457397461,700200,0.0,0.0
2023-10-10 00:00:00-04:00,4.747517222382758,4.839151302099403,4.730063131776651,4.782425403594971,835300,0.0,0.0
2023-10-11 00:00:00-04:00,4.843513727369744,4.904602821269019,4.799878303608911,4.852240562438965,816500,0.0,0.0
2023-10-12 00:00:00-04:00,4.887149217397945,4.930784645465987,4.565121023316177,4.712608337402344,1511100,0.0,0.0
2023-10-13 00:00:00-04:00,4.625337897404544,4.7475165134014645,4.625337897404544,4.712608337402344,987500,0.0,0.0
2023-10-16 00:00:00-04:00,4.756243347603654,4.843514203708023,4.756243347603654,4.791151523590088,623600,0.0,0.0
2023-10-17 00:00:00-04:00,4.817333584807184,4.8260608381794095,4.756244059616638,4.782425403594971,963800,0.0,0.0
2023-10-18 00:00:00-04:00,4.799878415291326,4.843513840067457,4.7126079818773166,4.74751615524292,652800,0.0,0.0
2023-10-19 00:00:00-04:00,4.756243168910951,4.808605847061612,4.738789081573486,4.738789081573486,1183100,0.0,0.0
2023-10-20 00:00:00-04:00,4.736143608639773,4.758192778921555,4.674406436514313,4.69204568862915,455400,0.057,0.0
2023-10-23 00:00:00-04:00,4.709684447060312,4.780241448123658,4.687635279089791,4.736143112182617,575100,0.0,0.0
2023-10-24 00:00:00-04:00,4.789061086544636,4.789061086544636,4.709684666919344,4.7449631690979,719700,0.0,0.0
2023-10-25 00:00:00-04:00,4.736142933295931,4.797880517170948,4.656766520374206,4.771421432495117,671300,0.0,0.0
2023-10-26 00:00:00-04:00,4.771421720002857,4.8022907240768555,4.674406051635742,4.674406051635742,588800,0.0,0.0
2023-10-27 00:00:00-04:00,4.700865268707275,4.78024211627477,4.665586763244602,4.700865268707275,730300,0.0,0.0
2023-10-30 00:00:00-04:00,4.753782272338867,4.780241357512531,4.6920451078551375,4.753782272338867,441800,0.0,0.0
2023-10-31 00:00:00-04:00,4.771421254921361,4.859617920189871,4.753782005978232,4.806699752807617,719600,0.0,0.0
2023-11-01 00:00:00-04:00,4.815519885183712,4.868437635283732,4.780241385117032,4.841978549957275,766300,0.0,0.0
2023-11-02 00:00:00-04:00,4.868438336282907,4.930175930565548,4.828749912854991,4.850799083709717,736000,0.0,0.0
2023-11-03 00:00:00-04:00,4.868438720703125,4.934585817937436,4.833160212771094,4.868438720703125,991200,0.0,0.0
2023-11-06 00:00:00-05:00,4.91253680685302,4.921356223094479,4.846389292553727,4.87725830078125,774400,0.0,0.0
2023-11-07 00:00:00-05:00,4.903716709940576,5.053650563068827,4.8772580420667335,5.018372058868408,1946700,0.0,0.0
2023-11-08 00:00:00-05:00,5.10656813355601,5.10656813355601,5.0448305431752605,5.053650379180908,2490200,0.0,0.0
2023-11-09 00:00:00-05:00,5.080109596252441,5.115388100069228,5.0712897600217755,5.080109596252441,2321800,0.0,0.0
2023-11-10 00:00:00-05:00,5.1330272595905155,5.150666511181427,5.053650417154946,5.097748756408691,1697800,0.0,0.0
2023-11-13 00:00:00-05:00,5.106568336486816,5.141846840805489,5.0889290843274795,5.106568336486816,775200,0.0,0.0
2023-11-14 00:00:00-05:00,5.133027314081029,5.1506665658591935,4.983093463690166,5.036011219024658,1271000,0.0,0.0
2023-11-15 00:00:00-05:00,5.036011219024658,5.1506665658591935,5.000732715468329,5.036011219024658,1968300,0.0,0.0
2023-11-16 00:00:00-05:00,5.036011089214821,5.053650340538311,4.991912750629636,5.009552001953125,893200,0.0,0.0
2023-11-17 00:00:00-05:00,5.009552001953125,5.062469755923592,4.983093335244353,5.009552001953125,657000,0.0,0.0
2023-11-20 00:00:00-05:00,5.0068793296813965,5.095969626064046,4.980152453174623,5.0068793296813965,1029500,0.057,0.0
2023-11-21 00:00:00-05:00,5.033606834262098,5.078151771844134,4.997970714270045,5.06924295425415,624300,0.0,0.0
2023-11-22 00:00:00-05:00,5.069242561943496,5.069242561943496,5.024697202992783,5.051424503326416,392700,0.0,0.0
2023-11-24 00:00:00-05:00,5.069242783642627,5.113787719725449,5.0514247242462895,5.104878902435303,266700,0.0,0.0
2023-11-27 00:00:00-05:00,5.11378758195112,5.11378758195112,5.024697287369678,5.03360652923584,542600,0.0,0.0
2023-11-28 00:00:00-05:00,5.042515346285967,5.069242647068417,5.011333849386471,5.03360652923584,701500,0.0,0.0
2023-11-29 00:00:00-05:00,5.033606614362886,5.042515431563677,4.997970495927641,5.015788555145264,745000,0.0,0.0
2023-11-30 00:00:00-05:00,5.024698169492485,5.042516231536865,4.962335164745207,5.042516231536865,1016000,0.0,0.0
2023-12-01 00:00:00-05:00,5.051424067290519,5.345422221502604,5.033606010211483,5.247422695159912,2515400,0.0,0.0
2023-12-04 00:00:00-05:00,5.1672417556993695,5.1850598131404295,5.069242227365541,5.122696399688721,604700,0.0,0.0
2023-12-05 00:00:00-05:00,5.122696583654055,5.14942388318347,5.0425151098818235,5.078151226043701,718000,0.0,0.0
2023-12-06 00:00:00-05:00,5.131606289990582,5.158333167125254,5.033606749259331,5.087060928344727,592900,0.0,0.0
2023-12-07 00:00:00-05:00,5.069242227365541,5.122696399688721,5.052315009074134,5.122696399688721,571200,0.0,0.0
2023-12-08 00:00:00-05:00,5.0959698785780985,5.1583333015441895,5.0959698785780985,5.1583333015441895,570900,0.0,0.0
2023-12-11 00:00:00-05:00,5.131606492519125,5.18506067371419,5.104879189513557,5.1494245529174805,506900,0.0,0.0
2023-12-12 00:00:00-05:00,5.131606376648272,5.167242496640324,5.015788774266071,5.06924295425415,1030400,0.0,0.0
2023-12-13 00:00:00-05:00,5.078151617516908,5.1048789191067225,5.0068793796987965,5.0959696769714355,784700,0.0,0.0
2023-12-14 00:00:00-05:00,5.104878633165214,5.211786983904082,5.095969391528963,5.167242050170898,1119100,0.0,0.0
2023-12-15 00:00:00-05:00,5.1494243814882825,5.202878560903808,5.095969777256702,5.185060501098633,618000,0.0,0.0
2023-12-18 00:00:00-05:00,5.202878167083854,5.211786983904082,5.113787449985441,5.167242050170898,792200,0.0,0.0
2023-12-19 00:00:00-05:00,5.176151173513737,5.211787292537001,5.136060433408552,5.202878475189209,678400,0.0,0.0
2023-12-20 00:00:00-05:00,5.173188133957036,5.23616623089853,5.164191079106885,5.218172550201416,874100,0.057,0.0
2023-12-21 00:00:00-05:00,5.209175897673425,5.209175897673425,5.128204113781093,5.14619779586792,944800,0.0,0.0
2023-12-22 00:00:00-05:00,5.14619747359211,5.254159988355241,5.128203792632121,5.173188209533691,1327900,0.0,0.0
2023-12-26 00:00:00-05:00,5.164191399314807,5.218172873756482,5.153395533429686,5.1911821365356445,631600,0.0,0.0
2023-12-27 00:00:00-05:00,5.191182163247504,5.299144254679959,5.191182163247504,5.263156890869141,1021300,0.0,0.0
2023-12-28 00:00:00-05:00,5.227170207275999,5.290148316641953,5.1012144175473635,5.13720178604126,1517400,0.0,0.0
2023-12-29 00:00:00-05:00,5.1461974428296715,5.155194497757481,5.056229038567528,5.101213455200195,880300,0.0,0.0
2024-01-02 00:00:00-05:00,5.083220502486422,5.164191863419382,5.066126438877522,5.155195236206055,646400,0.0,0.0
2024-01-03 00:00:00-05:00,5.146197769513133,5.146197769513133,5.065226415038695,5.074223041534424,590600,0.0,0.0
2024-01-04 00:00:00-05:00,5.065226881182368,5.110210875807248,5.029239513881161,5.038236141204834,539900,0.0,0.0
2024-01-05 00:00:00-05:00,5.029239503962389,5.038236131268318,4.975258453117041,5.002248764038086,753400,0.0,0.0
2024-01-08 00:00:00-05:00,4.993251430263393,5.047232473471248,4.986053614633121,5.020241737365723,497300,0.0,0.0
2024-01-09 00:00:00-05:00,5.038235418435008,5.038235418435008,4.984254375227152,5.020241737365723,471600,0.0,0.0
2024-01-10 00:00:00-05:00,5.0292386850704975,5.03823531091154,4.970759115592563,4.993251323699951,629400,0.0,0.0
2024-01-11 00:00:00-05:00,4.984254860090853,5.056229591369629,4.921276755720305,5.056229591369629,798500,0.0,0.0
2024-01-12 00:00:00-05:00,5.011245369054662,5.10121377902805,5.011245369054662,5.074223041534424,716600,0.0,0.0
2024-01-16 00:00:00-05:00,5.0472325178439235,5.226269710407793,5.029238836616447,5.128203868865967,1089700,0.0,0.0
2024-01-17 00:00:00-05:00,5.1282045792584094,5.164191946698567,5.029239533299604,5.11021089553833,600200,0.0,0.0
2024-01-18 00:00:00-05:00,5.11021089553833,5.1282045792584094,5.011245849579525,5.11021089553833,619400,0.0,0.0
2024-01-19 00:00:00-05:00,5.092216991109118,5.173188778841588,5.060728153214598,5.164191722869873,704600,0.0,0.0
2024-01-22 00:00:00-05:00,5.173188133957036,5.218172550201416,5.173188133957036,5.218172550201416,782700,0.0,0.0
2024-01-23 00:00:00-05:00,5.251792175258445,5.260878095264753,5.215447195449701,5.242705821990967,774900,0.057,0.0
2024-01-24 00:00:00-05:00,5.251791690086,5.315394424037903,5.160929898849913,5.26087760925293,1120500,0.0,0.0
2024-01-25 00:00:00-05:00,5.315394424037903,5.315394424037903,5.233619418491008,5.26087760925293,555400,0.0,0.0
2024-01-26 00:00:00-05:00,5.251791690086,5.288136233275981,5.242705337657939,5.26087760925293,410800,0.0,0.0
2024-01-29 00:00:00-05:00,5.26087788211712,5.2699642350164595,5.224533337042067,5.233619689941406,719300,0.0,0.0
2024-01-30 00:00:00-05:00,5.23361991117528,5.2427058311975445,5.192732187922165,5.224533557891846,432000,0.0,0.0
2024-01-31 00:00:00-05:00,5.224533567130558,5.233619920430061,5.151844473779224,5.206361293792725,612700,0.0,0.0
2024-02-01 00:00:00-05:00,5.206361029428154,5.233619654681373,5.16093013175984,5.215446949005127,887400,0.0,0.0
2024-02-02 00:00:00-05:00,5.224532847584269,5.26996374130249,5.188188305914137,5.26996374130249,826200,0.0,0.0
2024-02-05 00:00:00-05:00,5.288136703425105,5.288136703425105,5.237254078478661,5.279050350189209,565300,0.0,0.0
2024-02-06 00:00:00-05:00,5.269964226548855,5.279050146172443,5.242705601155787,5.251791954040527,469900,0.0,0.0
2024-02-07 00:00:00-05:00,5.279049660089467,5.3153942017596,5.233619199632359,5.26996374130249,732900,0.0,0.0
2024-02-08 00:00:00-05:00,5.297222152442912,5.297222152442912,5.233619418491008,5.26087760925293,692100,0.0,0.0
2024-02-09 00:00:00-05:00,5.2699642350164595,5.2699642350164595,5.224533337042067,5.233619689941406,474100,0.0,0.0
2024-02-12 00:00:00-05:00,5.2608781045032424,5.2608781045032424,5.188189011280448,5.224533557891846,604200,0.0,0.0
2024-02-13 00:00:00-05:00,5.188188783630804,5.297222418680771,5.179102430746064,5.251791954040527,532400,0.0,0.0
2024-02-14 00:00:00-05:00,5.233619173238451,5.360825068442395,5.233619173238451,5.342652797698975,531900,0.0,0.0
2024-02-15 00:00:00-05:00,5.315394174953289,5.3517387164401296,5.289044534016717,5.342652797698975,585600,0.0,0.0
2024-02-16 00:00:00-05:00,5.333566445696709,5.3517387164401296,5.315394174953289,5.342652797698975,383000,0.0,0.0
2024-02-20 00:00:00-05:00,5.342653504740516,5.342653504740516,5.269964412147231,5.315394878387451,494900,0.0,0.0
2024-02-21 00:00:00-05:00,5.3034667572526795,5.3383334989553815,5.2392377659149085,5.266764163970947,538300,0.057,0.0
2024-02-22 00:00:00-05:00,5.275939921202657,5.294290999079785,5.1795966529666835,5.2117109298706055,983900,0.0,0.0
2024-02-23 00:00:00-05:00,5.211709979698282,5.230061054229736,5.184183586663167,5.230061054229736,567600,0.0,0.0
2024-02-26 00:00:00-05:00,5.2117109298706055,5.230062007747733,5.188772410667352,5.2117109298706055,584600,0.0,0.0
2024-02-27 00:00:00-05:00,5.2025356293594145,5.234649906384726,5.184184551412921,5.220886707305908,814800,0.0,0.0
2024-02-28 00:00:00-05:00,5.193359851521182,5.2300620072721,5.147482375594638,5.156657695770264,610800,0.0,0.0
2024-02-29 00:00:00-05:00,5.202535629616645,5.27593994140625,5.165833473721843,5.27593994140625,952600,0.0,0.0
2024-03-01 00:00:00-05:00,5.25758884332553,5.404397466342552,5.2117109298706055,5.2117109298706055,1727000,0.0,0.0
2024-03-04 00:00:00-05:00,5.257589341793493,5.303467259598067,5.21171142398892,5.239238262176514,851200,0.0,0.0
2024-03-05 00:00:00-05:00,5.266764183410038,5.294291019091883,5.2025356293594145,5.220886707305908,802900,0.0,0.0
2024-03-06 00:00:00-05:00,5.220887182559535,5.266764662839858,5.220887182559535,5.239238262176514,456500,0.0,0.0
2024-03-07 00:00:00-05:00,5.239237765448402,5.262176722175863,5.193359851993478,5.2117109298706055,625600,0.0,0.0
2024-03-08 00:00:00-05:00,5.220886687571274,5.220886687571274,5.193359851993478,5.2117109298706055,484200,0.0,0.0
2024-03-11 00:00:00-04:00,5.202536087217196,5.226392534399586,5.184185007655685,5.193360328674316,546200,0.0,0.0
2024-03-12 00:00:00-04:00,5.21171050231716,5.326404839021075,5.21171050231716,5.321817398071289,875900,0.0,0.0
2024-03-13 00:00:00-04:00,5.321817855294552,5.330993175506592,5.294291019610013,5.330993175506592,702100,0.0,0.0
2024-03-14 00:00:00-04:00,5.3585195508146075,5.3585195508146075,5.275939488380055,5.321817398071289,730100,0.0,0.0
2024-03-15 00:00:00-04:00,5.3309927240630515,5.404397029640126,5.321817404628003,5.395221710205078,485900,0.0,0.0
2024-03-18 00:00:00-04:00,5.376870633810809,5.413572786599347,5.376870633810809,5.395221710205078,536000,0.0,0.0
2024-03-19 00:00:00-04:00,5.395221699759477,5.496152400970459,5.377788111590049,5.496152400970459,1224300,0.0,0.0
2024-03-20 00:00:00-04:00,5.486883659701189,5.496151814327525,5.422004809512807,5.459078311920166,768500,0.06,0.0
2024-03-21 00:00:00-04:00,5.449811964054921,5.477616879103022,5.422006607055664,5.422006607055664,891600,0.0,0.0
2024-03-22 00:00:00-04:00,5.4312744140625,5.459079325052736,5.422005815765027,5.4312744140625,637400,0.0,0.0
2024-03-25 00:00:00-04:00,5.431274146470176,5.4683476539313185,5.380297742247802,5.384932041168213,647500,0.0,0.0
2024-03-26 00:00:00-04:00,5.394200801849365,5.440542466599221,5.384932203728743,5.394200801849365,765100,0.0,0.0
2024-03-27 00:00:00-04:00,5.394200453285555,5.417371063187698,5.375663700193209,5.403468608856201,816500,0.0,0.0
2024-03-28 00:00:00-04:00,5.4220053882415105,5.496152400970459,5.384931881877036,5.496152400970459,1093900,0.0,0.0
2024-04-01 00:00:00-04:00,5.449811168706354,5.468347923350209,5.403469061121172,5.4312744140625,831400,0.0,0.0
2024-04-02 00:00:00-04:00,5.422005815765027,5.440542570408882,5.384932306477317,5.4312744140625,620300,0.0,0.0
2024-04-03 00:00:00-04:00,5.459078974522938,5.47761572797654,5.412737311864465,5.440542221069336,676800,0.0,0.0
2024-04-04 00:00:00-04:00,5.468347630490688,5.468347630490688,5.4034687717362635,5.4127373695373535,833200,0.0,0.0
2024-04-05 00:00:00-04:00,5.412738233285344,5.496153417050948,5.412738233285344,5.468348503112793,554700,0.0,0.0
2024-04-08 00:00:00-04:00,5.496152750168065,5.496152750168065,5.44054248708816,5.486884593963623,725200,0.0,0.0
2024-04-09 00:00:00-04:00,5.486884245354869,5.523957751719343,5.459078894605985,5.496152400970459,833500,0.0,0.0
2024-04-10 00:00:00-04:00,5.496152587092437,5.59810495402279,5.460005850870342,5.477615833282471,830500,0.0,0.0
2024-04-11 00:00:00-04:00,5.48688448976639,5.541567980382507,5.4220056297630235,5.449810981750488,388700,0.0,0.0
2024-04-12 00:00:00-04:00,5.449810712562596,5.463713166894092,5.375663700193209,5.403468608856201,552200,0.0,0.0
2024-04-15 00:00:00-04:00,5.394200697499367,5.437762047141,5.338590435704662,5.3571271896362305,494000,0.0,0.0
2024-04-16 00:00:00-04:00,5.357127793282791,5.384932706337692,5.329322438276765,5.366395950317383,388500,0.0,0.0
2024-04-17 00:00:00-04:00,5.440542383770975,5.449810981750488,5.403468875755073,5.449810981750488,504600,0.0,0.0
2024-04-18 00:00:00-04:00,5.4868844311629905,5.505421184972957,5.440542325662538,5.477615833282471,471300,0.0,0.0
2024-04-19 00:00:00-04:00,5.505421926706532,5.5424954393213,5.496153327577275,5.523958683013916,417000,0.0,0.0
2024-04-22 00:00:00-04:00,5.523958683013916,5.56609064202446,5.514595827035775,5.523958683013916,334300,0.06,0.0
2024-04-23 00:00:00-04:00,5.57077116930806,5.598859288506535,5.467782440619836,5.495870113372803,492600,0.0,0.0
2024-04-24 00:00:00-04:00,5.477144718170166,5.538001936270951,5.44905704609011,5.477144718170166,455200,0.0,0.0
2024-04-25 00:00:00-04:00,5.467781700076951,5.4771441075780825,5.44905643862924,5.458418846130371,541900,0.0,0.0
2024-04-26 00:00:00-04:00,5.458418299348089,5.5988579693604805,5.458418299348089,5.514594078063965,498400,0.0,0.0
2024-04-29 00:00:00-04:00,5.552045772310978,5.561408627301329,5.458419454634963,5.477144718170166,602400,0.0,0.0
2024-04-30 00:00:00-04:00,5.4865074920179975,5.58013380830933,5.477144637166118,5.533320426940918,817500,0.0,0.0
2024-05-01 00:00:00-04:00,5.570771083114816,5.6831231117248535,5.528639574637242,5.6831231117248535,771600,0.0,0.0
2024-05-02 00:00:00-04:00,5.645672658388391,5.790793342309689,5.645672658388391,5.729936122894287,645000,0.0,0.0
2024-05-03 00:00:00-04:00,5.776748604887781,5.8610125026953925,5.758023343868916,5.804836273193359,615900,0.0,0.0
2024-05-06 00:00:00-04:00,5.832924922266267,5.879738302324463,5.711210491271343,5.776749134063721,639600,0.0,0.0
2024-05-07 00:00:00-04:00,5.776749210996996,5.851650262931238,5.729935830315352,5.823562145233154,465100,0.0,0.0
2024-05-08 00:00:00-04:00,5.8329243879443755,5.842286795231089,5.758023343868916,5.804836273193359,678200,0.0,0.0
2024-05-09 00:00:00-04:00,5.804837095335975,5.804837095335975,5.772067995523213,5.786111831665039,396300,0.0,0.0
2024-05-10 00:00:00-04:00,5.7767488136958285,5.7954740753915415,5.758023552000115,5.767385959625244,249100,0.0,0.0
2024-05-13 00:00:00-04:00,5.7767488136958285,5.779557402049731,5.739298290304401,5.767385959625244,565500,0.0,0.0
2024-05-14 00:00:00-04:00,5.758023418275749,5.794537744701199,5.73461673008834,5.748660564422607,427900,0.0,0.0
2024-05-15 00:00:00-04:00,5.748661386833986,5.776749505966291,5.720573714147191,5.729936122894287,391500,0.0,0.0
2024-05-16 00:00:00-04:00,5.7205736879900835,5.767386624402529,5.711210832840291,5.758024215698242,406600,0.0,0.0
2024-05-17 00:00:00-04:00,5.786111542208072,5.870375447734632,5.758023871329538,5.776749134063721,604100,0.0,0.0
2024-05-20 00:00:00-04:00,5.832924896205777,5.907825946807861,5.781430535528213,5.907825946807861,568500,0.0,0.0
2024-05-21 00:00:00-04:00,5.935914804779388,5.964002479037635,5.879739009817362,5.945277214050293,1038100,0.0,0.0
2024-05-22 00:00:00-04:00,5.973633286742162,6.0208927720513845,5.9358255182131225,6.001988887786865,555500,0.06,0.0
2024-05-23 00:00:00-04:00,5.954729030403823,6.011440679653825,5.860209164283028,5.869661331176758,742000,0.0,0.0
2024-05-24 00:00:00-04:00,5.935824995326815,5.973632760525371,5.8696611808772845,5.8885650634765625,590700,0.0,0.0
2024-05-28 00:00:00-04:00,5.926372080853026,5.954728126525879,5.874386522940862,5.954728126525879,409500,0.0,0.0
2024-05-29 00:00:00-04:00,5.945276711274397,5.954728877926093,5.864935097551437,5.8885650634765625,456300,0.0,0.0
2024-05-30 00:00:00-04:00,5.907468200639143,6.020891481922441,5.907468200639143,5.954728126525879,639600,0.0,0.0
2024-05-31 00:00:00-04:00,6.020892294057329,6.068152226318774,5.94527676300231,5.9736328125,392100,0.0,0.0
2024-06-03 00:00:00-04:00,5.992536395282168,6.058699756291166,5.954728631647285,6.011440277099609,695300,0.0,0.0
2024-06-04 00:00:00-04:00,6.011440704491878,6.011440704491878,5.92637300491333,5.92637300491333,529700,0.0,0.0
2024-06-05 00:00:00-04:00,5.945275961066909,5.973632006739762,5.907468200639143,5.954728126525879,347800,0.0,0.0
2024-06-06 00:00:00-04:00,5.964180645766064,6.001988411293574,5.954728929736246,5.9736328125,390600,0.0,0.0
2024-06-07 00:00:00-04:00,5.983084678649902,6.047357791518506,5.964180795411835,5.983084678649902,432100,0.0,0.0
2024-06-10 00:00:00-04:00,6.011440602933153,6.0681522514593755,5.983084553317982,6.058700084686279,745600,0.0,0.0
2024-06-11 00:00:00-04:00,6.020892143249512,6.058699907830034,6.020892143249512,6.020892143249512,335400,0.0,0.0
2024-06-12 00:00:00-04:00,6.0870561343014495,6.114466606676016,6.02089231900213,6.058700084686279,450600,0.0,0.0
2024-06-13 00:00:00-04:00,6.096508199709226,6.139042051217174,6.058700431858638,6.1343159675598145,422700,0.0,0.0
2024-06-14 00:00:00-04:00,6.09650817768023,6.143768112674769,6.049248693389832,6.077604293823242,582600,0.0,0.0
2024-06-17 00:00:00-04:00,6.0965081796794305,6.115412063542617,6.030344811510349,6.049248695373535,455200,0.0,0.0
2024-06-18 00:00:00-04:00,6.0492483686173015,6.0681522514593755,6.030344485775227,6.058700084686279,412800,0.0,0.0
2024-06-20 00:00:00-04:00,6.058700084686279,6.096507850370427,6.02089231900213,6.058700084686279,522900,0.0,0.0
2024-06-21 00:00:00-04:00,6.08732418627089,6.1159477124184605,6.07778270757987,6.1064066886901855,332200,0.06,0.0
2024-06-24 00:00:00-04:00,6.125489147019945,6.135030170679546,6.058700161551767,6.087324142456055,481200,0.0,0.0
2024-06-25 00:00:00-04:00,6.0777823783262415,6.201818864813566,6.020534874169643,6.173194885253906,938100,0.0,0.0
2024-06-26 00:00:00-04:00,6.173194657490622,6.173194657490622,6.058699653401778,6.077782154083252,540800,0.0,0.0
2024-06-27 00:00:00-04:00,6.077782142225536,6.135029644158269,6.058699641581292,6.068241119384766,568100,0.0,0.0
2024-06-28 00:00:00-04:00,6.1159471554462,6.173194657490622,6.077782154083252,6.077782154083252,518300,0.0,0.0
2024-07-01 00:00:00-04:00,6.115947381097308,6.173194885253906,6.115947381097308,6.173194885253906,413800,0.0,0.0
2024-07-02 00:00:00-04:00,6.135030170679546,6.182736653865779,6.077782663833712,6.087324142456055,524900,0.0,0.0
2024-07-03 00:00:00-04:00,6.08732418627089,6.135030214837756,6.07778270757987,6.1064066886901855,260200,0.0,0.0
2024-07-05 00:00:00-04:00,6.135030345671835,6.177966090771572,6.096865340019347,6.163654327392578,588900,0.0,0.0
2024-07-08 00:00:00-04:00,6.173194885253906,6.220901366199099,6.135029882482841,6.173194885253906,620600,0.0,0.0
2024-07-09 00:00:00-04:00,6.173194918563939,6.259066402743553,6.154112417075439,6.182736396789551,645200,0.0,0.0
2024-07-10 00:00:00-04:00,6.2018185458687025,6.259066047081197,6.1922770681852715,6.230442523956299,465300,0.0,0.0
2024-07-11 00:00:00-04:00,6.23044317612353,6.335396711851026,6.211360673721918,6.3067731857299805,674800,0.0,0.0
2024-07-12 00:00:00-04:00,6.278149083760252,6.325855566327066,6.230443056156174,6.259066581726074,718000,0.0,0.0
2024-07-15 00:00:00-04:00,6.230442922944314,6.259066447902219,6.068241431640427,6.201818943023682,1900600,0.0,0.0
2024-07-16 00:00:00-04:00,6.201819156147724,6.230443137052012,6.06824164017411,6.087324142456055,1105100,0.0,0.0
2024-07-17 00:00:00-04:00,6.106406223550002,6.15411224848298,6.049158720652801,6.115947246551514,790400,0.0,0.0
2024-07-18 00:00:00-04:00,6.115947004356331,6.15411200477644,6.0014520030959995,6.010993480682373,800600,0.0,0.0
2024-07-19 00:00:00-04:00,5.991911635526807,6.049159142415449,5.88695764541626,5.88695764541626,3265000,0.0,0.0
2024-07-22 00:00:00-04:00,5.944205207540553,5.9823702124876235,5.896498723875342,5.915581226348877,685000,0.0,0.0
2024-07-23 00:00:00-04:00,5.915581302558219,6.006223531697298,5.915581302558219,5.944205284118652,615200,0.0,0.0
2024-07-24 00:00:00-04:00,5.944205284118652,5.963473353946143,5.838230670373943,5.944205284118652,1144500,0.06,0.0
2024-07-25 00:00:00-04:00,5.963473056374984,6.01164299884657,5.94420498750895,5.973106861114502,448000,0.0,0.0
2024-07-26 00:00:00-04:00,5.992375499157678,6.069448241329455,5.992375499157678,6.059813976287842,623300,0.0,0.0
2024-07-29 00:00:00-04:00,6.088715896154982,6.199507180244027,6.073301165018665,6.165788173675537,777700,0.0,0.0
2024-07-30 00:00:00-04:00,6.185056077659352,6.2621283531188965,6.185056077659352,6.2621283531188965,837300,0.0,0.0
2024-07-31 00:00:00-04:00,6.300664490848668,6.319932559713554,6.2621283531188965,6.2621283531188965,650100,0.0,0.0
2024-08-01 00:00:00-04:00,6.233226436337064,6.315115849327552,6.1465203503489825,6.156154155731201,648100,0.0,0.0
2024-08-02 00:00:00-04:00,6.146520360396779,6.146520360396779,5.838230778082331,6.011643409729004,1277300,0.0,0.0
2024-08-05 00:00:00-04:00,5.847864292663045,5.857498096825122,5.452868215504562,5.751523494720459,2215600,0.0,0.0
2024-08-06 00:00:00-04:00,5.790060665517591,5.8960348187774585,5.780426401010139,5.838230609893799,798500,0.0,0.0
2024-08-07 00:00:00-04:00,5.896035156336361,5.924937492126411,5.770792466891216,5.790060997009277,863500,0.0,0.0
2024-08-08 00:00:00-04:00,5.838230609893799,5.90566908328491,5.828596804773364,5.838230609893799,650300,0.0,0.0
2024-08-09 00:00:00-04:00,5.905669212341309,5.973107227819123,5.867133072243407,5.905669212341309,581200,0.0,0.0
2024-08-12 00:00:00-04:00,5.87676614134118,5.924936540122349,5.7804258031658104,5.915302276611328,962400,0.0,0.0
2024-08-13 00:00:00-04:00,5.9442051832827705,6.0212774612853,5.9442051832827705,6.002009391784668,714000,0.0,0.0
2024-08-14 00:00:00-04:00,6.0116430321441,6.0598134342694925,5.867132744541926,5.95383882522583,1006600,0.0,0.0
2024-08-15 00:00:00-04:00,5.953838483607505,6.030911214463267,5.953838483607505,6.021276950836182,388900,0.0,0.0
2024-08-16 00:00:00-04:00,5.982741322284035,6.0212774612853,5.95383898833958,6.002009391784668,457500,0.0,0.0
2024-08-19 00:00:00-04:00,6.002009553599737,6.059813763660044,6.002009553599737,6.050179958343506,555200,0.0,0.0
2024-08-20 00:00:00-04:00,6.0694476646465825,6.136885675982145,6.0549962684572485,6.117617607116699,513600,0.0,0.0
2024-08-21 00:00:00-04:00,6.1176180154282696,6.175422225882667,6.107984210046051,6.156154155731201,558100,0.0,0.0
2024-08-22 00:00:00-04:00,6.165787761243616,6.185055829334906,6.079081225139319,6.127251625061035,716800,0.0,0.0
2024-08-23 00:00:00-04:00,6.107800440066866,6.14670358918253,6.084458365092619,6.088348865509033,744800,0.06,0.0
2024-08-26 00:00:00-04:00,6.098074140191095,6.1078001589033475,5.961913124554239,5.9716386795043945,1105700,0.0,0.0
2024-08-27 00:00:00-04:00,5.9716390981261895,6.010542248178181,5.913284373048203,5.942461967468262,624900,0.0,0.0
2024-08-28 00:00:00-04:00,5.913284387996637,5.961913557565622,5.903558832340118,5.952187538146973,448200,0.0,0.0
2024-08-29 00:00:00-04:00,5.9813645932715644,6.136977179840552,5.962885529052184,6.127251625061035,854600,0.0,0.0
2024-08-30 00:00:00-04:00,6.136978107480826,6.195332836264856,6.088349398708547,6.117526531219482,528000,0.0,0.0
2024-09-03 00:00:00-04:00,6.127252014624697,6.14670358918253,6.054308262211237,6.088348865509033,800400,0.0,0.0
2024-09-04 00:00:00-04:00,6.049445224411466,6.08834883710777,6.049445224411466,6.078622817993164,559100,0.0,0.0
2024-09-05 00:00:00-04:00,6.078623252493235,6.117526404208219,6.03972010077825,6.059171676635742,727900,0.0,0.0
2024-09-06 00:00:00-04:00,6.059171388903111,6.059171388903111,5.92301036436656,5.932735919952393,1098400,0.0,0.0
2024-09-09 00:00:00-04:00,5.952187566198356,5.981365160829681,5.908421406132435,5.961913585662842,972400,0.0,0.0
2024-09-10 00:00:00-04:00,5.9813645932715644,6.127251625061035,5.961913019950441,6.127251625061035,869100,0.0,0.0
2024-09-11 00:00:00-04:00,6.136977715751753,6.156429290771484,6.07862299069256,6.156429290771484,533600,0.0,0.0
2024-09-12 00:00:00-04:00,6.13697787118429,6.224510192871094,6.1175262956719045,6.224510192871094,582900,0.0,0.0
2024-09-13 00:00:00-04:00,6.205058460201877,6.205058460201877,6.127252160122953,6.156429290771484,339900,0.0,0.0
2024-09-16 00:00:00-04:00,6.195332050323486,6.2147836241171985,6.117525755148639,6.195332050323486,500700,0.0,0.0
2024-09-17 00:00:00-04:00,6.214783489225814,6.224509507792618,6.127251640935033,6.136977195739746,441500,0.0,0.0
2024-09-18 00:00:00-04:00,6.136977195739746,6.185606361049584,6.112662613084827,6.136977195739746,560900,0.0,0.0
2024-09-19 00:00:00-04:00,6.185606495307681,6.2245096428951046,6.15156589334711,6.195332050323486,368100,0.0,0.0
2024-09-20 00:00:00-04:00,6.214784015830677,6.214784015830677,6.156429290771484,6.156429290771484,266400,0.0,0.0
2024-09-23 00:00:00-04:00,6.195704618027136,6.2742554740084575,6.146610567138827,6.2447991371154785,425700,0.06,0.0
2024-09-24 00:00:00-04:00,6.2153425216674805,6.284074756848339,6.185886183875718,6.2153425216674805,489400,0.0,0.0
2024-09-25 00:00:00-04:00,6.225161613064767,6.234980236262005,6.185886183875718,6.2153425216674805,433600,0.0,0.0
2024-09-26 00:00:00-04:00,6.244799414362739,6.293893467430652,6.195704893094772,6.274255752563477,502700,0.0,0.0
2024-09-27 00:00:00-04:00,6.274255691886538,6.30371249800246,6.274255691886538,6.284074783325195,541800,0.0,0.0
2024-09-30 00:00:00-04:00,6.333168677280583,6.352806391465948,6.23498010635376,6.23498010635376,966600,0.0,0.0
2024-10-01 00:00:00-04:00,6.23498010635376,6.32335005428792,6.23498010635376,6.23498010635376,493900,0.0,0.0
2024-10-02 00:00:00-04:00,6.234980476356609,6.333169053110243,6.218288675818527,6.323350429534912,327100,0.0,0.0
2024-10-03 00:00:00-04:00,6.323350299274998,6.362625729167385,6.294875308272982,6.342988014221191,374000,0.0,0.0
2024-10-04 00:00:00-04:00,6.441176501348415,6.627735024899976,6.382263357311088,6.500089645385742,3497000,0.0,0.0
2024-10-07 00:00:00-04:00,6.529546408692164,6.622825435756318,6.504999148454215,6.578640460968018,1161900,0.0,0.0
2024-10-08 00:00:00-04:00,6.617916285528279,6.627735377490226,6.495180445204386,6.51972770690918,912100,0.0,0.0
2024-10-09 00:00:00-04:00,6.529546280180838,6.598278045654297,6.501071290313231,6.598278045654297,545200,0.0,0.0
2024-10-10 00:00:00-04:00,6.6080973977296775,6.6080973977296775,6.549184252912184,6.559002876281738,576500,0.0,0.0
2024-10-11 00:00:00-04:00,6.559003006925773,6.5884598140212765,6.5315102991033465,6.539365291595459,530500,0.0,0.0
2024-10-14 00:00:00-04:00,6.608097266893567,6.608097266893567,6.5099086941418145,6.578640460968018,569000,0.0,0.0
2024-10-15 00:00:00-04:00,6.549184453210658,6.5521298998515904,6.519727645800984,6.529546737670898,536800,0.0,0.0
2024-10-16 00:00:00-04:00,6.5393646261085046,6.578640052772219,6.529546003542586,6.568821430206299,503100,0.0,0.0
2024-10-17 00:00:00-04:00,6.6080973977296775,6.617916021099233,6.549184252912184,6.559002876281738,864300,0.0,0.0
2024-10-18 00:00:00-04:00,6.568822098690963,6.617916152916716,6.529546668030334,6.539365291595459,647000,0.0,0.0
2024-10-21 00:00:00-04:00,6.5393650747439604,6.55900278942307,6.500089645385742,6.500089645385742,535100,0.0,0.0
2024-10-22 00:00:00-04:00,6.500089584799404,6.52954639064353,6.500089584799404,6.509908676147461,557100,0.0,0.0
2024-10-23 00:00:00-04:00,6.509908676147461,6.5197272992954725,6.480451870303335,6.509908676147461,663400,0.0,0.0
2024-10-24 00:00:00-04:00,6.559451103210449,6.579268157473363,6.539634048947535,6.559451103210449,542800,0.06,0.0
2024-10-25 00:00:00-04:00,6.559451103210449,6.579268157473363,6.539634048947535,6.559451103210449,487500,0.0,0.0
2024-10-28 00:00:00-04:00,6.57926824947225,6.618902358552288,6.539634140392213,6.5495429039001465,511700,0.0,0.0
2024-10-29 00:00:00-04:00,6.559451282557433,6.569360046197733,6.519817172947938,6.5396342277526855,713900,0.0,0.0
2024-10-30 00:00:00-04:00,6.559451134975472,6.618902298052113,6.539634080616591,6.608994007110596,629100,0.0,0.0
2024-10-31 00:00:00-04:00,6.618902385584087,6.618902385584087,6.54954293064868,6.599085330963135,730500,0.0,0.0
2024-11-01 00:00:00-04:00,6.589176952751715,6.688262224546118,6.559451134975472,6.608994007110596,561200,0.0,0.0
2024-11-04 00:00:00-05:00,6.638719320262105,6.638719320262105,6.539634048947535,6.559451103210449,495300,0.0,0.0
2024-11-05 00:00:00-05:00,6.5396343197462095,6.569360138609413,6.490091918275352,6.529726028442383,706700,0.0,0.0
2024-11-06 00:00:00-05:00,6.569360138609413,6.638719595163785,6.500000209579179,6.529726028442383,635200,0.0,0.0
2024-11-07 00:00:00-05:00,6.539634140392213,6.569359958440166,6.5099087948201095,6.5495429039001465,622600,0.0,0.0
2024-11-08 00:00:00-05:00,6.5495428447421284,6.5495428447421284,6.445503191227794,6.450457572937012,1057300,0.0,0.0
2024-11-11 00:00:00-05:00,6.490091589605147,6.490091589605147,6.430639954889481,6.4603657722473145,852600,0.0,0.0
2024-11-12 00:00:00-05:00,6.4801827390634,6.499999792876481,6.440548631437237,6.470274448394775,532200,0.0,0.0
2024-11-13 00:00:00-05:00,6.470274627298035,6.474237754684733,6.430640046100143,6.450457572937012,782600,0.0,0.0
2024-11-14 00:00:00-05:00,6.440548896789551,6.468292678775749,6.43064013323685,6.440548896789551,512500,0.0,0.0
2024-11-15 00:00:00-05:00,6.460365982365057,6.490091800689697,6.4504576912407465,6.490091800689697,578100,0.0,0.0
2024-11-18 00:00:00-05:00,6.519816908120489,6.623856559738405,6.509908617358507,6.56935977935791,709400,0.0,0.0
2024-11-19 00:00:00-05:00,6.549543083525898,6.565396538602365,6.5099089733588675,6.529726028442383,564500,0.0,0.0
2024-11-20 00:00:00-05:00,6.5297258179047555,6.534679727159009,6.470274654571091,6.5,692900,0.0,0.0
2024-11-21 00:00:00-05:00,6.550000190734863,6.550000190734863,6.46999979019165,6.510000228881836,551800,0.06,0.0
2024-11-22 00:00:00-05:00,6.539999961853027,6.539999961853027,6.460999965667725,6.5,695200,0.0,0.0
2024-11-25 00:00:00-05:00,6.5,6.550000190734863,6.5,6.539999961853027,549400,0.0,0.0
2024-11-26 00:00:00-05:00,6.539999961853027,6.639999866485596,6.510000228881836,6.639999866485596,622362,0.0,0.0
