Date,Open,High,Low,Close,Volume,Dividends,Stock Splits
2022-01-03 00:00:00-05:00,3.0999999046325684,3.0999999046325684,2.990000009536743,3.0299999713897705,3663900,0.0,0.0
2022-01-04 00:00:00-05:00,3.049999952316284,3.119999885559082,3.009999990463257,3.059999942779541,5265200,0.0,0.0
2022-01-05 00:00:00-05:00,3.0799999237060547,3.1600000858306885,2.940000057220459,2.940000057220459,5576600,0.0,0.0
2022-01-06 00:00:00-05:00,2.9100000858306885,2.940000057220459,2.8299999237060547,2.859999895095825,5385700,0.0,0.0
2022-01-07 00:00:00-05:00,2.869999885559082,2.9000000953674316,2.7799999713897705,2.7899999618530273,7875500,0.0,0.0
2022-01-10 00:00:00-05:00,2.7799999713897705,2.869999885559082,2.759999990463257,2.859999895095825,5867300,0.0,0.0
2022-01-11 00:00:00-05:00,2.859999895095825,2.9700000286102295,2.8499999046325684,2.950000047683716,4650600,0.0,0.0
2022-01-12 00:00:00-05:00,2.7899999618530273,2.9000000953674316,2.7899999618530273,2.880000114440918,8436700,0.0,0.0
2022-01-13 00:00:00-05:00,2.8399999141693115,2.859999895095825,2.690000057220459,2.690000057220459,6510500,0.0,0.0
2022-01-14 00:00:00-05:00,2.700000047683716,2.700000047683716,2.549999952316284,2.619999885559082,4996000,0.0,0.0
2022-01-18 00:00:00-05:00,2.5899999141693115,2.630000114440918,2.509999990463257,2.559999942779541,4993800,0.0,0.0
2022-01-19 00:00:00-05:00,2.5799999237060547,2.809999942779541,2.569999933242798,2.7899999618530273,7689400,0.0,0.0
2022-01-20 00:00:00-05:00,2.7899999618530273,2.819999933242798,2.690000057220459,2.700000047683716,4140700,0.0,0.0
2022-01-21 00:00:00-05:00,2.700000047683716,2.7200000286102295,2.569999933242798,2.5799999237060547,4250900,0.0,0.0
2022-01-24 00:00:00-05:00,2.549999952316284,2.549999952316284,2.4200000762939453,2.509999990463257,6800200,0.0,0.0
2022-01-25 00:00:00-05:00,2.4700000286102295,2.569999933242798,2.4600000381469727,2.549999952316284,4564700,0.0,0.0
2022-01-26 00:00:00-05:00,2.549999952316284,2.609999895095825,2.4200000762939453,2.4600000381469727,5805200,0.0,0.0
2022-01-27 00:00:00-05:00,2.4100000858306885,2.5,2.4000000953674316,2.450000047683716,8279800,0.0,0.0
2022-01-28 00:00:00-05:00,2.4200000762939453,2.490000009536743,2.4200000762939453,2.4700000286102295,5594400,0.0,0.0
2022-01-31 00:00:00-05:00,2.4800000190734863,2.5,2.4000000953674316,2.4200000762939453,5221900,0.0,0.0
2022-02-01 00:00:00-05:00,2.490000009536743,2.619999885559082,2.4700000286102295,2.5299999713897705,8285300,0.0,0.0
2022-02-02 00:00:00-05:00,2.559999942779541,2.5799999237060547,2.4800000190734863,2.5199999809265137,5227800,0.0,0.0
2022-02-03 00:00:00-05:00,2.5,2.5799999237060547,2.450000047683716,2.549999952316284,6706800,0.0,0.0
2022-02-04 00:00:00-05:00,2.509999990463257,2.630000114440918,2.509999990463257,2.5299999713897705,6164700,0.0,0.0
2022-02-07 00:00:00-05:00,2.559999942779541,2.7300000190734863,2.5399999618530273,2.690000057220459,5364800,0.0,0.0
2022-02-08 00:00:00-05:00,2.700000047683716,2.75,2.6600000858306885,2.75,3528300,0.0,0.0
2022-02-09 00:00:00-05:00,2.740000009536743,2.7799999713897705,2.680000066757202,2.690000057220459,7376900,0.0,0.0
2022-02-10 00:00:00-05:00,2.6700000762939453,2.759999990463257,2.609999895095825,2.640000104904175,5537200,0.0,0.0
2022-02-11 00:00:00-05:00,2.630000114440918,2.9200000762939453,2.630000114440918,2.880000114440918,9885300,0.0,0.0
2022-02-14 00:00:00-05:00,2.9000000953674316,2.9700000286102295,2.819999933242798,2.950000047683716,10476100,0.0,0.0
2022-02-15 00:00:00-05:00,2.869999885559082,2.990000009536743,2.7699999809265137,2.9700000286102295,10657900,0.0,0.0
2022-02-16 00:00:00-05:00,2.9800000190734863,3.119999885559082,2.9700000286102295,3.109999895095825,6560600,0.0,0.0
2022-02-17 00:00:00-05:00,3.1500000953674316,3.2799999713897705,3.0899999141693115,3.240000009536743,10769100,0.0,0.0
2022-02-18 00:00:00-05:00,3.2200000286102295,3.2699999809265137,3.140000104904175,3.1700000762939453,5998500,0.0,0.0
2022-02-22 00:00:00-05:00,3.1500000953674316,3.200000047683716,3.049999952316284,3.0899999141693115,8025800,0.0,0.0
2022-02-23 00:00:00-05:00,3.069999933242798,3.190000057220459,3.049999952316284,3.140000104904175,7792800,0.0,0.0
2022-02-24 00:00:00-05:00,3.2100000381469727,3.25,2.9600000381469727,3.0299999713897705,10619800,0.0,0.0
2022-02-25 00:00:00-05:00,3.009999990463257,3.0999999046325684,2.9700000286102295,3.069999933242798,5905500,0.0,0.0
2022-02-28 00:00:00-05:00,3.109999895095825,3.119999885559082,2.890000104904175,2.9100000858306885,10049800,0.0,0.0
2022-03-01 00:00:00-05:00,2.940000057220459,3.2100000381469727,2.940000057220459,3.190000057220459,10631500,0.0,0.0
2022-03-02 00:00:00-05:00,3.130000114440918,3.259999990463257,3.0999999046325684,3.2200000286102295,8259400,0.0,0.0
2022-03-03 00:00:00-05:00,3.2200000286102295,3.25,3.140000104904175,3.25,6293900,0.0,0.0
2022-03-04 00:00:00-05:00,3.2200000286102295,3.380000114440918,3.2100000381469727,3.3299999237060547,7978700,0.0,0.0
2022-03-07 00:00:00-05:00,3.359999895095825,3.4600000381469727,3.2799999713897705,3.359999895095825,11997400,0.0,0.0
2022-03-08 00:00:00-05:00,3.390000104904175,3.5199999809265137,3.2899999618530273,3.4100000858306885,17549200,0.0,0.0
2022-03-09 00:00:00-05:00,3.190000057220459,3.430000066757202,3.140000104904175,3.4200000762939453,10461300,0.0,0.0
2022-03-10 00:00:00-05:00,3.390000104904175,3.5399999618530273,3.390000104904175,3.4700000286102295,9858400,0.0,0.0
2022-03-11 00:00:00-05:00,3.3499999046325684,3.440000057220459,3.309999942779541,3.390000104904175,10023400,0.0,0.0
2022-03-14 00:00:00-04:00,3.3499999046325684,3.3499999046325684,3.0899999141693115,3.1500000953674316,9077800,0.0,0.0
2022-03-15 00:00:00-04:00,3.0399999618530273,3.2300000190734863,3.009999990463257,3.1700000762939453,7158800,0.0,0.0
2022-03-16 00:00:00-04:00,3.1600000858306885,3.2300000190734863,3.0899999141693115,3.1600000858306885,7239000,0.0,0.0
2022-03-17 00:00:00-04:00,3.2200000286102295,3.4600000381469727,3.2200000286102295,3.380000114440918,6142100,0.0,0.0
2022-03-18 00:00:00-04:00,3.3499999046325684,3.3499999046325684,3.259999990463257,3.2899999618530273,11430900,0.0,0.0
2022-03-21 00:00:00-04:00,3.2699999809265137,3.440000057220459,3.2699999809265137,3.380000114440918,5651000,0.0,0.0
2022-03-22 00:00:00-04:00,3.369999885559082,3.4100000858306885,3.319999933242798,3.380000114440918,5255000,0.0,0.0
2022-03-23 00:00:00-04:00,3.380000114440918,3.4800000190734863,3.369999885559082,3.4600000381469727,5160800,0.0,0.0
2022-03-24 00:00:00-04:00,3.490000009536743,3.559999942779541,3.440000057220459,3.4600000381469727,6336900,0.0,0.0
2022-03-25 00:00:00-04:00,3.450000047683716,3.509999990463257,3.4100000858306885,3.5,3015800,0.0,0.0
2022-03-28 00:00:00-04:00,3.430000066757202,3.4600000381469727,3.359999895095825,3.4000000953674316,4126500,0.0,0.0
2022-03-29 00:00:00-04:00,3.299999952316284,3.450000047683716,3.2200000286102295,3.430000066757202,5884100,0.0,0.0
2022-03-30 00:00:00-04:00,3.4600000381469727,3.559999942779541,3.430000066757202,3.4800000190734863,5077400,0.0,0.0
2022-03-31 00:00:00-04:00,3.4700000286102295,3.549999952316284,3.450000047683716,3.4800000190734863,4900200,0.0,0.0
2022-04-01 00:00:00-04:00,3.4800000190734863,3.6600000858306885,3.4700000286102295,3.640000104904175,7431600,0.0,0.0
2022-04-04 00:00:00-04:00,3.640000104904175,3.6700000762939453,3.5299999713897705,3.619999885559082,4275300,0.0,0.0
2022-04-05 00:00:00-04:00,3.609999895095825,3.680000066757202,3.430000066757202,3.4700000286102295,6300800,0.0,0.0
2022-04-06 00:00:00-04:00,3.4800000190734863,3.5199999809265137,3.4000000953674316,3.430000066757202,5020000,0.0,0.0
2022-04-07 00:00:00-04:00,3.440000057220459,3.5,3.390000104904175,3.4600000381469727,4257400,0.0,0.0
2022-04-08 00:00:00-04:00,3.4800000190734863,3.569999933242798,3.4800000190734863,3.5199999809265137,3940300,0.0,0.0
2022-04-11 00:00:00-04:00,3.5799999237060547,3.609999895095825,3.490000009536743,3.559999942779541,5404600,0.0,0.0
2022-04-12 00:00:00-04:00,3.609999895095825,3.6500000953674316,3.559999942779541,3.619999885559082,6908300,0.0,0.0
2022-04-13 00:00:00-04:00,3.640000104904175,3.7699999809265137,3.640000104904175,3.700000047683716,4901500,0.0,0.0
2022-04-14 00:00:00-04:00,3.690000057220459,3.7200000286102295,3.630000114440918,3.7100000381469727,5137800,0.0,0.0
2022-04-18 00:00:00-04:00,3.7100000381469727,3.7100000381469727,3.390000104904175,3.4100000858306885,12170400,0.0,0.0
2022-04-19 00:00:00-04:00,3.3399999141693115,3.4100000858306885,3.2699999809265137,3.319999933242798,8678200,0.0,0.0
2022-04-20 00:00:00-04:00,3.25,3.3499999046325684,3.190000057220459,3.299999952316284,7877700,0.0,0.0
2022-04-21 00:00:00-04:00,3.2799999713897705,3.299999952316284,3.140000104904175,3.190000057220459,12965300,0.0,0.0
2022-04-22 00:00:00-04:00,3.119999885559082,3.2100000381469727,3.069999933242798,3.119999885559082,8628900,0.0,0.0
2022-04-25 00:00:00-04:00,3.0,3.049999952316284,2.869999885559082,2.9600000381469727,8417100,0.0,0.0
2022-04-26 00:00:00-04:00,2.9600000381469727,2.990000009536743,2.8299999237060547,2.8299999237060547,6219500,0.0,0.0
2022-04-27 00:00:00-04:00,2.8399999141693115,2.890000104904175,2.7899999618530273,2.799999952316284,7735300,0.0,0.0
2022-04-28 00:00:00-04:00,2.809999942779541,2.9000000953674316,2.7799999713897705,2.9000000953674316,7384500,0.0,0.0
2022-04-29 00:00:00-04:00,2.930000066757202,2.9800000190734863,2.809999942779541,2.819999933242798,9234600,0.0,0.0
2022-05-02 00:00:00-04:00,2.7899999618530273,2.7899999618530273,2.690000057220459,2.7799999713897705,7202100,0.0,0.0
2022-05-03 00:00:00-04:00,2.799999952316284,2.9100000858306885,2.7699999809265137,2.7899999618530273,12000600,0.0,0.0
2022-05-04 00:00:00-04:00,2.0399999618530273,2.200000047683716,1.9600000381469727,2.140000104904175,30777000,0.0,0.0
2022-05-05 00:00:00-04:00,2.1500000953674316,2.1700000762939453,2.0299999713897705,2.0799999237060547,10428400,0.0,0.0
2022-05-06 00:00:00-04:00,2.0799999237060547,2.1700000762939453,2.0399999618530273,2.109999895095825,13033100,0.0,0.0
2022-05-09 00:00:00-04:00,2.069999933242798,2.140000104904175,2.059999942779541,2.0899999141693115,15744800,0.0,0.0
2022-05-10 00:00:00-04:00,2.130000114440918,2.2200000286102295,2.0199999809265137,2.0899999141693115,20996400,0.0,0.0
2022-05-11 00:00:00-04:00,2.140000104904175,2.299999952316284,2.0799999237060547,2.109999895095825,15615100,0.0,0.0
2022-05-12 00:00:00-04:00,2.0899999141693115,2.130000114440918,2.009999990463257,2.049999952316284,16669900,0.0,0.0
2022-05-13 00:00:00-04:00,2.059999942779541,2.2100000381469727,2.049999952316284,2.180000066757202,13615300,0.0,0.0
2022-05-16 00:00:00-04:00,2.1600000858306885,2.240000009536743,2.130000114440918,2.180000066757202,7525600,0.0,0.0
2022-05-17 00:00:00-04:00,2.2200000286102295,2.2300000190734863,2.0999999046325684,2.0999999046325684,10788900,0.0,0.0
2022-05-18 00:00:00-04:00,2.0899999141693115,2.119999885559082,2.0199999809265137,2.0799999237060547,11513600,0.0,0.0
2022-05-19 00:00:00-04:00,2.119999885559082,2.309999942779541,2.119999885559082,2.2799999713897705,17950600,0.0,0.0
2022-05-20 00:00:00-04:00,2.2699999809265137,2.2899999618530273,2.180000066757202,2.2200000286102295,10209600,0.0,0.0
2022-05-23 00:00:00-04:00,2.2799999713897705,2.299999952316284,2.190000057220459,2.240000009536743,6358800,0.0,0.0
2022-05-24 00:00:00-04:00,2.25,2.3399999141693115,2.2100000381469727,2.309999942779541,6832900,0.0,0.0
2022-05-25 00:00:00-04:00,2.299999952316284,2.3299999237060547,2.2300000190734863,2.2899999618530273,7299900,0.0,0.0
2022-05-26 00:00:00-04:00,2.299999952316284,2.3399999141693115,2.2699999809265137,2.299999952316284,8305000,0.0,0.0
2022-05-27 00:00:00-04:00,2.3299999237060547,2.3299999237060547,2.2100000381469727,2.259999990463257,5809400,0.0,0.0
2022-05-31 00:00:00-04:00,2.259999990463257,2.3299999237060547,2.1700000762939453,2.200000047683716,9164900,0.0,0.0
2022-06-01 00:00:00-04:00,2.2300000190734863,2.25,2.1500000953674316,2.2200000286102295,9601500,0.0,0.0
2022-06-02 00:00:00-04:00,2.25,2.440000057220459,2.25,2.4000000953674316,11978900,0.0,0.0
2022-06-03 00:00:00-04:00,2.359999895095825,2.4100000858306885,2.2799999713897705,2.299999952316284,8338900,0.0,0.0
2022-06-06 00:00:00-04:00,2.3499999046325684,2.359999895095825,2.1600000858306885,2.180000066757202,10136900,0.0,0.0
2022-06-07 00:00:00-04:00,2.1600000858306885,2.25,2.1500000953674316,2.2200000286102295,11079700,0.0,0.0
2022-06-08 00:00:00-04:00,2.200000047683716,2.2699999809265137,2.180000066757202,2.25,10382400,0.0,0.0
2022-06-09 00:00:00-04:00,2.240000009536743,2.25,2.1600000858306885,2.1600000858306885,6280700,0.0,0.0
2022-06-10 00:00:00-04:00,2.1500000953674316,2.3299999237060547,2.0899999141693115,2.319999933242798,11675800,0.0,0.0
2022-06-13 00:00:00-04:00,2.2300000190734863,2.25,2.0399999618530273,2.049999952316284,10593100,0.0,0.0
2022-06-14 00:00:00-04:00,2.059999942779541,2.059999942779541,1.940000057220459,1.9800000190734863,8176300,0.0,0.0
2022-06-15 00:00:00-04:00,2.0199999809265137,2.069999933242798,1.9700000286102295,2.009999990463257,14135300,0.0,0.0
2022-06-16 00:00:00-04:00,1.9900000095367432,2.069999933242798,1.8899999856948853,2.049999952316284,13327200,0.0,0.0
2022-06-17 00:00:00-04:00,2.0199999809265137,2.059999942779541,1.9600000381469727,1.9900000095367432,9583100,0.0,0.0
2022-06-21 00:00:00-04:00,2.0199999809265137,2.049999952316284,1.9600000381469727,2.0,3244000,0.0,0.0
2022-06-22 00:00:00-04:00,1.9900000095367432,2.049999952316284,1.8899999856948853,1.8899999856948853,8460200,0.0,0.0
2022-06-23 00:00:00-04:00,1.9199999570846558,1.940000057220459,1.7899999618530273,1.8300000429153442,7871500,0.0,0.0
2022-06-24 00:00:00-04:00,1.809999942779541,1.899999976158142,1.7899999618530273,1.8799999952316284,4760400,0.0,0.0
2022-06-27 00:00:00-04:00,1.8899999856948853,1.909999966621399,1.8300000429153442,1.8899999856948853,4334600,0.0,0.0
2022-06-28 00:00:00-04:00,1.9199999570846558,1.9199999570846558,1.7999999523162842,1.7999999523162842,3803800,0.0,0.0
2022-06-29 00:00:00-04:00,1.850000023841858,1.850000023841858,1.7100000381469727,1.7200000286102295,7291000,0.0,0.0
2022-06-30 00:00:00-04:00,1.7000000476837158,1.7100000381469727,1.600000023841858,1.6100000143051147,8002400,0.0,0.0
2022-07-01 00:00:00-04:00,1.5800000429153442,1.6699999570846558,1.559999942779541,1.6299999952316284,8854600,0.0,0.0
2022-07-05 00:00:00-04:00,1.590000033378601,1.6200000047683716,1.4199999570846558,1.4600000381469727,9792700,0.0,0.0
2022-07-06 00:00:00-04:00,1.4700000286102295,1.4800000190734863,1.3799999952316284,1.440000057220459,8234500,0.0,0.0
2022-07-07 00:00:00-04:00,1.4700000286102295,1.559999942779541,1.4600000381469727,1.4800000190734863,7483200,0.0,0.0
2022-07-08 00:00:00-04:00,1.4700000286102295,1.5099999904632568,1.4299999475479126,1.4800000190734863,3896600,0.0,0.0
2022-07-11 00:00:00-04:00,1.4600000381469727,1.5199999809265137,1.4199999570846558,1.440000057220459,2526200,0.0,0.0
2022-07-12 00:00:00-04:00,1.4500000476837158,1.5099999904632568,1.3600000143051147,1.4199999570846558,6662700,0.0,0.0
2022-07-13 00:00:00-04:00,1.4199999570846558,1.5099999904632568,1.3899999856948853,1.4600000381469727,6297700,0.0,0.0
2022-07-14 00:00:00-04:00,1.409999966621399,1.409999966621399,1.309999942779541,1.3799999952316284,5742700,0.0,0.0
2022-07-15 00:00:00-04:00,1.399999976158142,1.4299999475479126,1.340000033378601,1.399999976158142,3053900,0.0,0.0
2022-07-18 00:00:00-04:00,1.4199999570846558,1.5,1.409999966621399,1.409999966621399,4051700,0.0,0.0
2022-07-19 00:00:00-04:00,1.440000057220459,1.5099999904632568,1.409999966621399,1.440000057220459,6561900,0.0,0.0
2022-07-20 00:00:00-04:00,1.4199999570846558,1.4900000095367432,1.3899999856948853,1.399999976158142,2692700,0.0,0.0
2022-07-21 00:00:00-04:00,1.4299999475479126,1.5099999904632568,1.3600000143051147,1.4600000381469727,7572000,0.0,0.0
2022-07-22 00:00:00-04:00,1.4800000190734863,1.5299999713897705,1.4199999570846558,1.4299999475479126,4698900,0.0,0.0
2022-07-25 00:00:00-04:00,1.440000057220459,1.440000057220459,1.340000033378601,1.3600000143051147,4137600,0.0,0.0
2022-07-26 00:00:00-04:00,1.3700000047683716,1.440000057220459,1.350000023841858,1.399999976158142,2729900,0.0,0.0
2022-07-27 00:00:00-04:00,1.3899999856948853,1.4700000286102295,1.3700000047683716,1.440000057220459,3985600,0.0,0.0
2022-07-28 00:00:00-04:00,1.4800000190734863,1.590000033378601,1.4600000381469727,1.590000033378601,11006600,0.0,0.0
2022-07-29 00:00:00-04:00,1.6100000143051147,1.6799999475479126,1.5299999713897705,1.659999966621399,9379200,0.0,0.0
2022-08-01 00:00:00-04:00,1.6699999570846558,1.690000057220459,1.6399999856948853,1.6699999570846558,4261800,0.0,0.0
2022-08-02 00:00:00-04:00,1.6699999570846558,1.75,1.6399999856948853,1.659999966621399,7980100,0.0,0.0
2022-08-03 00:00:00-04:00,1.6799999475479126,1.690000057220459,1.5499999523162842,1.5800000429153442,7302900,0.0,0.0
2022-08-04 00:00:00-04:00,1.559999942779541,1.6799999475479126,1.4800000190734863,1.4900000095367432,13814100,0.0,0.0
2022-08-05 00:00:00-04:00,1.5,1.5,1.2899999618530273,1.2999999523162842,12441300,0.0,0.0
2022-08-08 00:00:00-04:00,1.3300000429153442,1.399999976158142,1.3300000429153442,1.350000023841858,4809200,0.0,0.0
2022-08-09 00:00:00-04:00,1.3600000143051147,1.3700000047683716,1.309999942779541,1.350000023841858,3631200,0.0,0.0
2022-08-10 00:00:00-04:00,1.3600000143051147,1.4700000286102295,1.350000023841858,1.399999976158142,7314900,0.0,0.0
2022-08-11 00:00:00-04:00,1.399999976158142,1.4700000286102295,1.3700000047683716,1.440000057220459,5559700,0.0,0.0
2022-08-12 00:00:00-04:00,1.4500000476837158,1.4900000095367432,1.440000057220459,1.4600000381469727,2889100,0.0,0.0
2022-08-15 00:00:00-04:00,1.4299999475479126,1.4500000476837158,1.3799999952316284,1.409999966621399,2331200,0.0,0.0
2022-08-16 00:00:00-04:00,1.409999966621399,1.4299999475479126,1.3700000047683716,1.399999976158142,2521800,0.0,0.0
2022-08-17 00:00:00-04:00,1.3899999856948853,1.409999966621399,1.3200000524520874,1.3300000429153442,3653500,0.0,0.0
2022-08-18 00:00:00-04:00,1.350000023841858,1.3799999952316284,1.3200000524520874,1.3600000143051147,3078300,0.0,0.0
2022-08-19 00:00:00-04:00,1.3799999952316284,1.3799999952316284,1.2699999809265137,1.2699999809265137,4011600,0.0,0.0
2022-08-22 00:00:00-04:00,1.2599999904632568,1.2899999618530273,1.2400000095367432,1.25,3416900,0.0,0.0
2022-08-23 00:00:00-04:00,1.2699999809265137,1.340000033378601,1.2599999904632568,1.309999942779541,4193800,0.0,0.0
2022-08-24 00:00:00-04:00,1.309999942779541,1.3700000047683716,1.2899999618530273,1.3700000047683716,3276000,0.0,0.0
2022-08-25 00:00:00-04:00,1.3899999856948853,1.3899999856948853,1.340000033378601,1.3799999952316284,1802900,0.0,0.0
2022-08-26 00:00:00-04:00,1.3700000047683716,1.3799999952316284,1.2599999904632568,1.2699999809265137,3600700,0.0,0.0
2022-08-29 00:00:00-04:00,1.2799999713897705,1.3300000429153442,1.2400000095367432,1.2899999618530273,3446700,0.0,0.0
2022-08-30 00:00:00-04:00,1.2799999713897705,1.2799999713897705,1.2100000381469727,1.2200000286102295,3601100,0.0,0.0
2022-08-31 00:00:00-04:00,1.2100000381469727,1.2599999904632568,1.190000057220459,1.190000057220459,5657600,0.0,0.0
2022-09-01 00:00:00-04:00,1.190000057220459,1.190000057220459,1.1200000047683716,1.1200000047683716,5952400,0.0,0.0
2022-09-02 00:00:00-04:00,1.159999966621399,1.2200000286102295,1.1299999952316284,1.159999966621399,5969500,0.0,0.0
2022-09-06 00:00:00-04:00,1.1799999475479126,1.2300000190734863,1.159999966621399,1.1699999570846558,2228300,0.0,0.0
2022-09-07 00:00:00-04:00,1.159999966621399,1.2599999904632568,1.1399999856948853,1.2599999904632568,5659100,0.0,0.0
2022-09-08 00:00:00-04:00,1.25,1.2799999713897705,1.2000000476837158,1.2599999904632568,3959600,0.0,0.0
2022-09-09 00:00:00-04:00,1.2699999809265137,1.3600000143051147,1.2599999904632568,1.3300000429153442,5451000,0.0,0.0
2022-09-12 00:00:00-04:00,1.3600000143051147,1.399999976158142,1.3300000429153442,1.3700000047683716,3382400,0.0,0.0
2022-09-13 00:00:00-04:00,1.3300000429153442,1.3300000429153442,1.2599999904632568,1.2799999713897705,3879000,0.0,0.0
2022-09-14 00:00:00-04:00,1.2699999809265137,1.350000023841858,1.2699999809265137,1.2799999713897705,3554600,0.0,0.0
2022-09-15 00:00:00-04:00,1.2799999713897705,1.3200000524520874,1.190000057220459,1.2000000476837158,6589500,0.0,0.0
2022-09-16 00:00:00-04:00,1.149999976158142,1.2300000190734863,1.1200000047683716,1.190000057220459,11232300,0.0,0.0
2022-09-19 00:00:00-04:00,1.1699999570846558,1.2200000286102295,1.149999976158142,1.2100000381469727,4512100,0.0,0.0
2022-09-20 00:00:00-04:00,1.1799999475479126,1.2100000381469727,1.1200000047683716,1.1299999952316284,3572600,0.0,0.0
2022-09-21 00:00:00-04:00,1.149999976158142,1.2000000476837158,1.1200000047683716,1.159999966621399,5036300,0.0,0.0
2022-09-22 00:00:00-04:00,1.1399999856948853,1.2200000286102295,1.1200000047683716,1.1299999952316284,3858500,0.0,0.0
2022-09-23 00:00:00-04:00,1.100000023841858,1.1100000143051147,0.9700000286102295,1.0099999904632568,9515500,0.0,0.0
2022-09-26 00:00:00-04:00,1.0199999809265137,1.0199999809265137,0.9200000166893005,0.9900000095367432,30394200,0.0,0.0
2022-09-27 00:00:00-04:00,1.0199999809265137,1.0299999713897705,0.9599999785423279,0.9800000190734863,6435100,0.0,0.0
2022-09-28 00:00:00-04:00,1.0099999904632568,1.0800000429153442,1.0,1.0700000524520874,10609700,0.0,0.0
2022-09-29 00:00:00-04:00,1.0399999618530273,1.0700000524520874,1.0,1.0499999523162842,6679100,0.0,0.0
2022-09-30 00:00:00-04:00,1.0199999809265137,1.1100000143051147,1.0199999809265137,1.0700000524520874,4455400,0.0,0.0
2022-10-03 00:00:00-04:00,1.1200000047683716,1.190000057220459,1.090000033378601,1.190000057220459,4572500,0.0,0.0
2022-10-04 00:00:00-04:00,1.2200000286102295,1.2599999904632568,1.190000057220459,1.2599999904632568,8797100,0.0,0.0
2022-10-05 00:00:00-04:00,1.2000000476837158,1.2000000476837158,1.1299999952316284,1.159999966621399,3500100,0.0,0.0
2022-10-06 00:00:00-04:00,1.159999966621399,1.1699999570846558,1.100000023841858,1.1399999856948853,2874700,0.0,0.0
2022-10-07 00:00:00-04:00,1.1200000047683716,1.1399999856948853,1.0499999523162842,1.1100000143051147,6437700,0.0,0.0
2022-10-10 00:00:00-04:00,1.0700000524520874,1.1299999952316284,1.059999942779541,1.0700000524520874,6495300,0.0,0.0
2022-10-11 00:00:00-04:00,1.090000033378601,1.1299999952316284,1.0700000524520874,1.0800000429153442,5305900,0.0,0.0
2022-10-12 00:00:00-04:00,1.100000023841858,1.1299999952316284,1.0499999523162842,1.090000033378601,3483900,0.0,0.0
2022-10-13 00:00:00-04:00,1.0399999618530273,1.1200000047683716,1.0,1.100000023841858,3706700,0.0,0.0
2022-10-14 00:00:00-04:00,1.100000023841858,1.1100000143051147,1.0399999618530273,1.0499999523162842,1493600,0.0,0.0
2022-10-17 00:00:00-04:00,1.090000033378601,1.1200000047683716,1.059999942779541,1.059999942779541,3135700,0.0,0.0
2022-10-18 00:00:00-04:00,1.149999976158142,1.2799999713897705,1.1399999856948853,1.2699999809265137,10502100,0.0,0.0
2022-10-19 00:00:00-04:00,1.2899999618530273,1.2899999618530273,1.2200000286102295,1.2599999904632568,6113000,0.0,0.0
2022-10-20 00:00:00-04:00,1.2599999904632568,1.340000033378601,1.2400000095367432,1.2599999904632568,5108000,0.0,0.0
2022-10-21 00:00:00-04:00,1.2599999904632568,1.3799999952316284,1.25,1.3799999952316284,6548300,0.0,0.0
2022-10-24 00:00:00-04:00,1.3799999952316284,1.3799999952316284,1.2999999523162842,1.350000023841858,3972000,0.0,0.0
2022-10-25 00:00:00-04:00,1.340000033378601,1.4299999475479126,1.3300000429153442,1.4199999570846558,4639300,0.0,0.0
2022-10-26 00:00:00-04:00,1.4500000476837158,1.5199999809265137,1.4299999475479126,1.5099999904632568,5570900,0.0,0.0
2022-10-27 00:00:00-04:00,1.5099999904632568,1.5399999618530273,1.4299999475479126,1.440000057220459,3711400,0.0,0.0
2022-10-28 00:00:00-04:00,1.399999976158142,1.4500000476837158,1.3600000143051147,1.440000057220459,4427700,0.0,0.0
2022-10-31 00:00:00-04:00,1.399999976158142,1.4700000286102295,1.399999976158142,1.4600000381469727,4983900,0.0,0.0
2022-11-01 00:00:00-04:00,1.4900000095367432,1.5199999809265137,1.4700000286102295,1.4900000095367432,4550800,0.0,0.0
2022-11-02 00:00:00-04:00,1.5099999904632568,1.5099999904632568,1.3600000143051147,1.3600000143051147,5706100,0.0,0.0
2022-11-03 00:00:00-04:00,1.350000023841858,1.3799999952316284,1.2999999523162842,1.3600000143051147,6840500,0.0,0.0
2022-11-04 00:00:00-04:00,1.4299999475479126,1.5199999809265137,1.4199999570846558,1.5,6659300,0.0,0.0
2022-11-07 00:00:00-05:00,1.5199999809265137,1.600000023841858,1.5,1.600000023841858,6999800,0.0,0.0
2022-11-08 00:00:00-05:00,1.5800000429153442,1.7200000286102295,1.559999942779541,1.690000057220459,6881300,0.0,0.0
2022-11-09 00:00:00-05:00,1.649999976158142,1.809999942779541,1.590000033378601,1.7200000286102295,7230700,0.0,0.0
2022-11-10 00:00:00-05:00,1.8200000524520874,1.8799999952316284,1.7899999618530273,1.8200000524520874,6798100,0.0,0.0
2022-11-11 00:00:00-05:00,1.850000023841858,1.8700000047683716,1.809999942779541,1.850000023841858,6316800,0.0,0.0
2022-11-14 00:00:00-05:00,1.8200000524520874,1.8600000143051147,1.7799999713897705,1.8200000524520874,5498800,0.0,0.0
2022-11-15 00:00:00-05:00,1.8600000143051147,1.8700000047683716,1.7999999523162842,1.8300000429153442,5547200,0.0,0.0
2022-11-16 00:00:00-05:00,1.8300000429153442,1.850000023841858,1.7899999618530273,1.7999999523162842,4049400,0.0,0.0
2022-11-17 00:00:00-05:00,1.7699999809265137,1.809999942779541,1.7100000381469727,1.7899999618530273,4820100,0.0,0.0
2022-11-18 00:00:00-05:00,1.7899999618530273,1.8200000524520874,1.75,1.7799999713897705,2452800,0.0,0.0
2022-11-21 00:00:00-05:00,1.7599999904632568,1.840000033378601,1.75,1.840000033378601,3105100,0.0,0.0
2022-11-22 00:00:00-05:00,1.840000033378601,1.9800000190734863,1.840000033378601,1.9800000190734863,6847400,0.0,0.0
2022-11-23 00:00:00-05:00,1.9700000286102295,1.9800000190734863,1.8899999856948853,1.9800000190734863,4690700,0.0,0.0
2022-11-25 00:00:00-05:00,1.9800000190734863,2.0399999618530273,1.9500000476837158,2.009999990463257,4253100,0.0,0.0
2022-11-28 00:00:00-05:00,1.9900000095367432,1.9900000095367432,1.8200000524520874,1.8799999952316284,5038100,0.0,0.0
2022-11-29 00:00:00-05:00,1.899999976158142,1.9500000476837158,1.8600000143051147,1.940000057220459,3092600,0.0,0.0
2022-11-30 00:00:00-05:00,1.9500000476837158,2.0899999141693115,1.9199999570846558,2.049999952316284,6984600,0.0,0.0
2022-12-01 00:00:00-05:00,2.0899999141693115,2.200000047683716,2.0799999237060547,2.200000047683716,4910700,0.0,0.0
2022-12-02 00:00:00-05:00,2.119999885559082,2.25,2.0799999237060547,2.2100000381469727,6963500,0.0,0.0
2022-12-05 00:00:00-05:00,2.190000057220459,2.200000047683716,2.0899999141693115,2.0999999046325684,4971800,0.0,0.0
2022-12-06 00:00:00-05:00,2.130000114440918,2.1500000953674316,2.059999942779541,2.069999933242798,2427500,0.0,0.0
2022-12-07 00:00:00-05:00,2.0999999046325684,2.1700000762939453,2.069999933242798,2.130000114440918,3794500,0.0,0.0
2022-12-08 00:00:00-05:00,2.1500000953674316,2.1700000762939453,2.0899999141693115,2.0899999141693115,2539700,0.0,0.0
2022-12-09 00:00:00-05:00,2.0999999046325684,2.1700000762939453,2.0299999713897705,2.0399999618530273,4611200,0.0,0.0
2022-12-12 00:00:00-05:00,2.0199999809265137,2.0399999618530273,1.9299999475479126,1.9700000286102295,6325100,0.0,0.0
2022-12-13 00:00:00-05:00,2.0799999237060547,2.130000114440918,1.9900000095367432,2.0299999713897705,5562700,0.0,0.0
2022-12-14 00:00:00-05:00,2.009999990463257,2.069999933242798,1.9900000095367432,2.0299999713897705,4244400,0.0,0.0
2022-12-15 00:00:00-05:00,1.9700000286102295,1.9900000095367432,1.899999976158142,1.899999976158142,3588800,0.0,0.0
2022-12-16 00:00:00-05:00,1.8899999856948853,1.9500000476837158,1.850000023841858,1.909999966621399,12142500,0.0,0.0
2022-12-19 00:00:00-05:00,1.9299999475479126,1.940000057220459,1.8200000524520874,1.8200000524520874,4027300,0.0,0.0
2022-12-20 00:00:00-05:00,2.2100000381469727,2.3299999237060547,2.140000104904175,2.2799999713897705,20284000,0.0,0.0
2022-12-21 00:00:00-05:00,2.299999952316284,2.390000104904175,2.2799999713897705,2.3499999046325684,10872200,0.0,0.0
2022-12-22 00:00:00-05:00,2.309999942779541,2.450000047683716,2.2799999713897705,2.440000057220459,10534400,0.0,0.0
2022-12-23 00:00:00-05:00,2.450000047683716,2.5299999713897705,2.380000114440918,2.4600000381469727,7366700,0.0,0.0
2022-12-27 00:00:00-05:00,2.450000047683716,2.630000114440918,2.440000057220459,2.5799999237060547,5844100,0.0,0.0
2022-12-28 00:00:00-05:00,2.5399999618530273,2.569999933242798,2.4200000762939453,2.490000009536743,8912200,0.0,0.0
2022-12-29 00:00:00-05:00,2.509999990463257,2.609999895095825,2.5,2.569999933242798,9648300,0.0,0.0
2022-12-30 00:00:00-05:00,2.569999933242798,2.609999895095825,2.5299999713897705,2.5799999237060547,6777700,0.0,0.0
2023-01-03 00:00:00-05:00,2.569999933242798,2.7200000286102295,2.5199999809265137,2.5199999809265137,9366000,0.0,0.0
2023-01-04 00:00:00-05:00,2.559999942779541,2.690000057220459,2.549999952316284,2.690000057220459,9870600,0.0,0.0
2023-01-05 00:00:00-05:00,2.619999885559082,2.7200000286102295,2.569999933242798,2.7100000381469727,6929500,0.0,0.0
2023-01-06 00:00:00-05:00,2.7300000190734863,2.819999933242798,2.640000104904175,2.6500000953674316,7221100,0.0,0.0
2023-01-09 00:00:00-05:00,2.6700000762939453,2.7200000286102295,2.5899999141693115,2.609999895095825,8680200,0.0,0.0
2023-01-10 00:00:00-05:00,2.640000104904175,2.7200000286102295,2.5899999141693115,2.700000047683716,8848000,0.0,0.0
2023-01-11 00:00:00-05:00,2.700000047683716,2.7100000381469727,2.5999999046325684,2.609999895095825,3982300,0.0,0.0
2023-01-12 00:00:00-05:00,2.6500000953674316,2.75,2.619999885559082,2.690000057220459,6412300,0.0,0.0
2023-01-13 00:00:00-05:00,2.7100000381469727,2.819999933242798,2.7100000381469727,2.7699999809265137,7395600,0.0,0.0
2023-01-17 00:00:00-05:00,2.7699999809265137,2.799999952316284,2.6600000858306885,2.7100000381469727,5659500,0.0,0.0
2023-01-18 00:00:00-05:00,2.7699999809265137,2.819999933242798,2.640000104904175,2.6500000953674316,8579700,0.0,0.0
2023-01-19 00:00:00-05:00,2.680000066757202,2.7300000190734863,2.640000104904175,2.6500000953674316,8759600,0.0,0.0
2023-01-20 00:00:00-05:00,2.6500000953674316,2.7300000190734863,2.5999999046325684,2.7200000286102295,5813600,0.0,0.0
2023-01-23 00:00:00-05:00,2.700000047683716,2.740000009536743,2.6700000762939453,2.690000057220459,6180000,0.0,0.0
2023-01-24 00:00:00-05:00,2.680000066757202,2.8399999141693115,2.6500000953674316,2.819999933242798,4912600,0.0,0.0
2023-01-25 00:00:00-05:00,2.759999990463257,2.890000104904175,2.759999990463257,2.869999885559082,5482200,0.0,0.0
2023-01-26 00:00:00-05:00,2.869999885559082,2.9100000858306885,2.809999942779541,2.890000104904175,6179500,0.0,0.0
2023-01-27 00:00:00-05:00,2.880000114440918,2.9100000858306885,2.809999942779541,2.819999933242798,5100900,0.0,0.0
2023-01-30 00:00:00-05:00,2.819999933242798,2.869999885559082,2.7799999713897705,2.8299999237060547,6105000,0.0,0.0
2023-01-31 00:00:00-05:00,2.799999952316284,2.880000114440918,2.7899999618530273,2.809999942779541,3825500,0.0,0.0
2023-02-01 00:00:00-05:00,2.8299999237060547,2.9100000858306885,2.7300000190734863,2.869999885559082,6676200,0.0,0.0
2023-02-02 00:00:00-05:00,2.880000114440918,2.940000057220459,2.740000009536743,2.7699999809265137,6425200,0.0,0.0
2023-02-03 00:00:00-05:00,2.7200000286102295,2.75,2.6500000953674316,2.6600000858306885,3940300,0.0,0.0
2023-02-06 00:00:00-05:00,2.6700000762939453,2.690000057220459,2.5899999141693115,2.619999885559082,5324200,0.0,0.0
2023-02-07 00:00:00-05:00,2.609999895095825,2.700000047683716,2.609999895095825,2.6700000762939453,4083000,0.0,0.0
2023-02-08 00:00:00-05:00,2.690000057220459,2.7200000286102295,2.640000104904175,2.700000047683716,4036000,0.0,0.0
2023-02-09 00:00:00-05:00,2.7200000286102295,2.7699999809265137,2.5899999141693115,2.5999999046325684,3681300,0.0,0.0
2023-02-10 00:00:00-05:00,2.619999885559082,2.640000104904175,2.569999933242798,2.609999895095825,3143300,0.0,0.0
2023-02-13 00:00:00-05:00,2.5799999237060547,2.619999885559082,2.549999952316284,2.549999952316284,3222300,0.0,0.0
2023-02-14 00:00:00-05:00,2.5299999713897705,2.5799999237060547,2.490000009536743,2.559999942779541,3993500,0.0,0.0
2023-02-15 00:00:00-05:00,2.5,2.5,2.440000057220459,2.4700000286102295,4084600,0.0,0.0
2023-02-16 00:00:00-05:00,2.430000066757202,2.5399999618530273,2.390000104904175,2.4700000286102295,4871100,0.0,0.0
2023-02-17 00:00:00-05:00,2.4100000858306885,2.490000009536743,2.299999952316284,2.4600000381469727,6647100,0.0,0.0
2023-02-21 00:00:00-05:00,2.4200000762939453,2.440000057220459,2.3299999237060547,2.3299999237060547,5404200,0.0,0.0
2023-02-22 00:00:00-05:00,2.3499999046325684,2.3499999046325684,2.2200000286102295,2.25,6592100,0.0,0.0
2023-02-23 00:00:00-05:00,2.25,2.259999990463257,2.190000057220459,2.240000009536743,5098000,0.0,0.0
2023-02-24 00:00:00-05:00,2.190000057220459,2.25,2.1600000858306885,2.240000009536743,4345400,0.0,0.0
2023-02-27 00:00:00-05:00,2.200000047683716,2.2799999713897705,2.200000047683716,2.25,3802900,0.0,0.0
2023-02-28 00:00:00-05:00,2.240000009536743,2.299999952316284,2.2200000286102295,2.2699999809265137,6016200,0.0,0.0
2023-03-01 00:00:00-05:00,2.319999933242798,2.3399999141693115,2.259999990463257,2.3299999237060547,7091100,0.0,0.0
2023-03-02 00:00:00-05:00,2.319999933242798,2.3399999141693115,2.2799999713897705,2.309999942779541,4482300,0.0,0.0
2023-03-03 00:00:00-05:00,2.3299999237060547,2.369999885559082,2.309999942779541,2.359999895095825,4357200,0.0,0.0
2023-03-06 00:00:00-05:00,2.319999933242798,2.359999895095825,2.2699999809265137,2.2799999713897705,3725600,0.0,0.0
2023-03-07 00:00:00-05:00,2.25,2.25,2.119999885559082,2.140000104904175,6455300,0.0,0.0
2023-03-08 00:00:00-05:00,2.1500000953674316,2.200000047683716,2.0899999141693115,2.109999895095825,6217800,0.0,0.0
2023-03-09 00:00:00-05:00,2.130000114440918,2.1700000762939453,2.069999933242798,2.0799999237060547,4854400,0.0,0.0
2023-03-10 00:00:00-05:00,2.119999885559082,2.2300000190734863,2.119999885559082,2.130000114440918,6364600,0.0,0.0
2023-03-13 00:00:00-04:00,2.259999990463257,2.4000000953674316,2.2200000286102295,2.3499999046325684,8104600,0.0,0.0
2023-03-14 00:00:00-04:00,2.359999895095825,2.380000114440918,2.2899999618530273,2.359999895095825,4026900,0.0,0.0
2023-03-15 00:00:00-04:00,2.390000104904175,2.440000057220459,2.3399999141693115,2.3499999046325684,7884100,0.0,0.0
2023-03-16 00:00:00-04:00,2.369999885559082,2.380000114440918,2.299999952316284,2.359999895095825,4314800,0.0,0.0
2023-03-17 00:00:00-04:00,2.4000000953674316,2.5399999618530273,2.369999885559082,2.490000009536743,16202100,0.0,0.0
2023-03-20 00:00:00-04:00,2.5399999618530273,2.559999942779541,2.490000009536743,2.5399999618530273,4769000,0.0,0.0
2023-03-21 00:00:00-04:00,2.5199999809265137,2.5399999618530273,2.4100000858306885,2.4200000762939453,4860300,0.0,0.0
2023-03-22 00:00:00-04:00,2.4200000762939453,2.549999952316284,2.4100000858306885,2.5,5633500,0.0,0.0
2023-03-23 00:00:00-04:00,2.5399999618530273,2.559999942779541,2.4800000190734863,2.5399999618530273,4036300,0.0,0.0
2023-03-24 00:00:00-04:00,2.559999942779541,2.5799999237060547,2.509999990463257,2.569999933242798,3435600,0.0,0.0
2023-03-27 00:00:00-04:00,2.5399999618530273,2.630000114440918,2.4800000190734863,2.619999885559082,4151300,0.0,0.0
2023-03-28 00:00:00-04:00,2.609999895095825,2.7300000190734863,2.549999952316284,2.7100000381469727,6894100,0.0,0.0
2023-03-29 00:00:00-04:00,2.680000066757202,2.75,2.6700000762939453,2.700000047683716,4345300,0.0,0.0
2023-03-30 00:00:00-04:00,2.7300000190734863,2.7899999618530273,2.700000047683716,2.7699999809265137,3288900,0.0,0.0
2023-03-31 00:00:00-04:00,2.7699999809265137,2.7899999618530273,2.680000066757202,2.7100000381469727,4550100,0.0,0.0
2023-04-03 00:00:00-04:00,2.7200000286102295,2.859999895095825,2.7100000381469727,2.8299999237060547,4429900,0.0,0.0
2023-04-04 00:00:00-04:00,2.8299999237060547,2.950000047683716,2.809999942779541,2.9100000858306885,4813200,0.0,0.0
2023-04-05 00:00:00-04:00,2.940000057220459,2.9700000286102295,2.880000114440918,2.930000066757202,3397500,0.0,0.0
2023-04-06 00:00:00-04:00,2.890000104904175,2.950000047683716,2.880000114440918,2.930000066757202,2491300,0.0,0.0
2023-04-10 00:00:00-04:00,2.880000114440918,2.9200000762939453,2.8299999237060547,2.9100000858306885,3071400,0.0,0.0
2023-04-11 00:00:00-04:00,2.9200000762939453,3.069999933242798,2.9000000953674316,3.0299999713897705,4605600,0.0,0.0
2023-04-12 00:00:00-04:00,3.0899999141693115,3.119999885559082,3.0199999809265137,3.0999999046325684,4808500,0.0,0.0
2023-04-13 00:00:00-04:00,3.1500000953674316,3.2300000190734863,3.140000104904175,3.1700000762939453,4097900,0.0,0.0
2023-04-14 00:00:00-04:00,3.1500000953674316,3.1600000858306885,3.009999990463257,3.0999999046325684,3695000,0.0,0.0
2023-04-17 00:00:00-04:00,3.0399999618530273,3.0999999046325684,3.0199999809265137,3.049999952316284,4878400,0.0,0.0
2023-04-18 00:00:00-04:00,3.069999933242798,3.130000114440918,3.009999990463257,3.0199999809265137,3673800,0.0,0.0
2023-04-19 00:00:00-04:00,2.9200000762939453,2.990000009536743,2.9000000953674316,2.950000047683716,5321500,0.0,0.0
2023-04-20 00:00:00-04:00,2.9800000190734863,3.0,2.930000066757202,2.940000057220459,3038700,0.0,0.0
2023-04-21 00:00:00-04:00,2.9000000953674316,2.930000066757202,2.8399999141693115,2.859999895095825,3156100,0.0,0.0
2023-04-24 00:00:00-04:00,2.880000114440918,2.890000104904175,2.819999933242798,2.859999895095825,2993400,0.0,0.0
2023-04-25 00:00:00-04:00,2.8399999141693115,2.9000000953674316,2.799999952316284,2.859999895095825,2836500,0.0,0.0
2023-04-26 00:00:00-04:00,2.9000000953674316,2.9200000762939453,2.8399999141693115,2.869999885559082,3644800,0.0,0.0
2023-04-27 00:00:00-04:00,2.8499999046325684,2.890000104904175,2.819999933242798,2.869999885559082,3121500,0.0,0.0
2023-04-28 00:00:00-04:00,2.869999885559082,2.9000000953674316,2.8299999237060547,2.8499999046325684,3565300,0.0,0.0
2023-05-01 00:00:00-04:00,2.930000066757202,2.990000009536743,2.9100000858306885,2.930000066757202,3895600,0.0,0.0
2023-05-02 00:00:00-04:00,2.940000057220459,3.069999933242798,2.869999885559082,3.059999942779541,6673600,0.0,0.0
2023-05-03 00:00:00-04:00,3.049999952316284,3.1500000953674316,3.0399999618530273,3.0899999141693115,4209300,0.0,0.0
2023-05-04 00:00:00-04:00,3.130000114440918,3.3399999141693115,3.130000114440918,3.2100000381469727,8301300,0.0,0.0
2023-05-05 00:00:00-04:00,3.140000104904175,3.2899999618530273,3.0999999046325684,3.240000009536743,3963400,0.0,0.0
2023-05-08 00:00:00-04:00,3.2300000190734863,3.299999952316284,3.2100000381469727,3.240000009536743,2614200,0.0,0.0
2023-05-09 00:00:00-04:00,3.2300000190734863,3.299999952316284,3.2100000381469727,3.2799999713897705,3698400,0.0,0.0
2023-05-10 00:00:00-04:00,3.299999952316284,3.3299999237060547,3.200000047683716,3.299999952316284,6328500,0.0,0.0
2023-05-11 00:00:00-04:00,3.2200000286102295,3.259999990463257,3.1600000858306885,3.1600000858306885,6601300,0.0,0.0
2023-05-12 00:00:00-04:00,3.1500000953674316,3.259999990463257,3.140000104904175,3.240000009536743,4260400,0.0,0.0
2023-05-15 00:00:00-04:00,3.25,3.299999952316284,3.2100000381469727,3.2100000381469727,4693500,0.0,0.0
2023-05-16 00:00:00-04:00,3.1700000762939453,3.2200000286102295,2.890000104904175,2.9200000762939453,7764900,0.0,0.0
2023-05-17 00:00:00-04:00,2.9100000858306885,2.9100000858306885,2.75,2.759999990463257,3422800,0.0,0.0
2023-05-18 00:00:00-04:00,2.7200000286102295,2.740000009536743,2.630000114440918,2.7300000190734863,4032500,0.0,0.0
2023-05-19 00:00:00-04:00,2.7300000190734863,2.8399999141693115,2.7300000190734863,2.7699999809265137,3763500,0.0,0.0
2023-05-22 00:00:00-04:00,2.75,2.799999952316284,2.75,2.75,1461400,0.0,0.0
2023-05-23 00:00:00-04:00,2.7100000381469727,2.890000104904175,2.700000047683716,2.869999885559082,3852600,0.0,0.0
2023-05-24 00:00:00-04:00,2.869999885559082,2.869999885559082,2.799999952316284,2.799999952316284,3026900,0.0,0.0
2023-05-25 00:00:00-04:00,2.7699999809265137,2.7799999713897705,2.640000104904175,2.6500000953674316,3439600,0.0,0.0
2023-05-26 00:00:00-04:00,2.6600000858306885,2.700000047683716,2.619999885559082,2.690000057220459,3218800,0.0,0.0
2023-05-30 00:00:00-04:00,2.690000057220459,2.7200000286102295,2.640000104904175,2.6500000953674316,3643600,0.0,0.0
2023-05-31 00:00:00-04:00,2.640000104904175,2.740000009536743,2.640000104904175,2.700000047683716,2821100,0.0,0.0
2023-06-01 00:00:00-04:00,2.700000047683716,2.9100000858306885,2.700000047683716,2.880000114440918,3204900,0.0,0.0
2023-06-02 00:00:00-04:00,2.890000104904175,2.9100000858306885,2.809999942779541,2.8399999141693115,3185600,0.0,0.0
2023-06-05 00:00:00-04:00,2.859999895095825,2.940000057220459,2.819999933242798,2.930000066757202,2173900,0.0,0.0
2023-06-06 00:00:00-04:00,2.930000066757202,3.009999990463257,2.930000066757202,3.009999990463257,2705300,0.0,0.0
2023-06-07 00:00:00-04:00,3.0,3.119999885559082,2.869999885559082,2.9000000953674316,3984400,0.0,0.0
2023-06-08 00:00:00-04:00,2.940000057220459,3.009999990463257,2.940000057220459,2.990000009536743,1948700,0.0,0.0
2023-06-09 00:00:00-04:00,2.9700000286102295,2.990000009536743,2.9100000858306885,2.930000066757202,2974700,0.0,0.0
2023-06-12 00:00:00-04:00,2.9000000953674316,2.9200000762939453,2.869999885559082,2.9000000953674316,3488700,0.0,0.0
2023-06-13 00:00:00-04:00,2.930000066757202,2.9800000190734863,2.8399999141693115,2.8399999141693115,5613100,0.0,0.0
2023-06-14 00:00:00-04:00,2.9000000953674316,2.9000000953674316,2.7899999618530273,2.8499999046325684,2556000,0.0,0.0
2023-06-15 00:00:00-04:00,2.8499999046325684,2.880000114440918,2.799999952316284,2.869999885559082,2707200,0.0,0.0
2023-06-16 00:00:00-04:00,2.869999885559082,2.940000057220459,2.8299999237060547,2.9100000858306885,12186800,0.0,0.0
2023-06-20 00:00:00-04:00,2.859999895095825,2.869999885559082,2.6700000762939453,2.6700000762939453,4421000,0.0,0.0
2023-06-21 00:00:00-04:00,2.6500000953674316,2.6600000858306885,2.5399999618530273,2.630000114440918,3626200,0.0,0.0
2023-06-22 00:00:00-04:00,2.569999933242798,2.619999885559082,2.559999942779541,2.569999933242798,3181600,0.0,0.0
2023-06-23 00:00:00-04:00,2.5799999237060547,2.6500000953674316,2.569999933242798,2.5799999237060547,1810800,0.0,0.0
2023-06-26 00:00:00-04:00,2.5899999141693115,2.640000104904175,2.559999942779541,2.5999999046325684,1651600,0.0,0.0
2023-06-27 00:00:00-04:00,2.619999885559082,2.619999885559082,2.509999990463257,2.5299999713897705,2845100,0.0,0.0
2023-06-28 00:00:00-04:00,2.5,2.5299999713897705,2.490000009536743,2.5,2781700,0.0,0.0
2023-06-29 00:00:00-04:00,2.4800000190734863,2.609999895095825,2.4800000190734863,2.5899999141693115,3283300,0.0,0.0
2023-06-30 00:00:00-04:00,2.630000114440918,2.640000104904175,2.5799999237060547,2.630000114440918,2740200,0.0,0.0
2023-07-03 00:00:00-04:00,2.640000104904175,2.7300000190734863,2.630000114440918,2.7100000381469727,905600,0.0,0.0
2023-07-05 00:00:00-04:00,2.7100000381469727,2.7300000190734863,2.640000104904175,2.640000104904175,2345300,0.0,0.0
2023-07-06 00:00:00-04:00,2.630000114440918,2.630000114440918,2.5299999713897705,2.569999933242798,3003900,0.0,0.0
2023-07-07 00:00:00-04:00,2.569999933242798,2.6500000953674316,2.549999952316284,2.619999885559082,2359800,0.0,0.0
2023-07-10 00:00:00-04:00,2.619999885559082,2.7200000286102295,2.569999933242798,2.700000047683716,2680100,0.0,0.0
2023-07-11 00:00:00-04:00,2.7100000381469727,2.7699999809265137,2.6600000858306885,2.690000057220459,2867100,0.0,0.0
2023-07-12 00:00:00-04:00,2.75,2.930000066757202,2.740000009536743,2.9100000858306885,4856400,0.0,0.0
2023-07-13 00:00:00-04:00,2.950000047683716,2.950000047683716,2.869999885559082,2.9000000953674316,2307500,0.0,0.0
2023-07-14 00:00:00-04:00,2.9100000858306885,2.950000047683716,2.869999885559082,2.890000104904175,2423900,0.0,0.0
2023-07-17 00:00:00-04:00,2.8499999046325684,2.9200000762939453,2.8299999237060547,2.890000104904175,2392800,0.0,0.0
2023-07-18 00:00:00-04:00,2.9200000762939453,2.9800000190734863,2.9000000953674316,2.930000066757202,2561300,0.0,0.0
2023-07-19 00:00:00-04:00,2.940000057220459,2.9700000286102295,2.9000000953674316,2.9100000858306885,1580100,0.0,0.0
2023-07-20 00:00:00-04:00,2.9100000858306885,2.9200000762939453,2.799999952316284,2.8299999237060547,3063300,0.0,0.0
2023-07-21 00:00:00-04:00,2.8299999237060547,2.869999885559082,2.809999942779541,2.819999933242798,1897700,0.0,0.0
2023-07-24 00:00:00-04:00,2.819999933242798,2.8299999237060547,2.7699999809265137,2.799999952316284,2468000,0.0,0.0
2023-07-25 00:00:00-04:00,2.7799999713897705,2.859999895095825,2.7799999713897705,2.8399999141693115,2817500,0.0,0.0
2023-07-26 00:00:00-04:00,2.8299999237060547,2.8399999141693115,2.75,2.7799999713897705,2579400,0.0,0.0
2023-07-27 00:00:00-04:00,2.75,2.75,2.5899999141693115,2.5899999141693115,3177100,0.0,0.0
2023-07-28 00:00:00-04:00,2.619999885559082,2.630000114440918,2.5799999237060547,2.609999895095825,1874000,0.0,0.0
2023-07-31 00:00:00-04:00,2.6500000953674316,2.740000009536743,2.6500000953674316,2.7200000286102295,2773100,0.0,0.0
2023-08-01 00:00:00-04:00,2.630000114440918,2.680000066757202,2.5899999141693115,2.5999999046325684,2152000,0.0,0.0
2023-08-02 00:00:00-04:00,2.5999999046325684,2.609999895095825,2.4800000190734863,2.509999990463257,3096100,0.0,0.0
2023-08-03 00:00:00-04:00,2.4600000381469727,2.509999990463257,2.450000047683716,2.4700000286102295,2634600,0.0,0.0
2023-08-04 00:00:00-04:00,2.509999990463257,2.559999942779541,2.4800000190734863,2.4800000190734863,2254700,0.0,0.0
2023-08-07 00:00:00-04:00,2.450000047683716,2.4800000190734863,2.4200000762939453,2.430000066757202,1577800,0.0,0.0
2023-08-08 00:00:00-04:00,2.4000000953674316,2.440000057220459,2.369999885559082,2.4100000858306885,3345200,0.0,0.0
2023-08-09 00:00:00-04:00,2.430000066757202,2.440000057220459,2.369999885559082,2.390000104904175,2171900,0.0,0.0
2023-08-10 00:00:00-04:00,2.4200000762939453,2.440000057220459,2.3399999141693115,2.369999885559082,3565300,0.0,0.0
2023-08-11 00:00:00-04:00,2.380000114440918,2.380000114440918,2.259999990463257,2.309999942779541,3974500,0.0,0.0
2023-08-14 00:00:00-04:00,2.259999990463257,2.3499999046325684,2.25,2.309999942779541,2968300,0.0,0.0
2023-08-15 00:00:00-04:00,2.299999952316284,2.309999942779541,2.2300000190734863,2.240000009536743,2638100,0.0,0.0
2023-08-16 00:00:00-04:00,2.2200000286102295,2.259999990463257,2.1700000762939453,2.1700000762939453,3512900,0.0,0.0
2023-08-17 00:00:00-04:00,2.200000047683716,2.2300000190734863,2.1600000858306885,2.1700000762939453,3231300,0.0,0.0
2023-08-18 00:00:00-04:00,2.1700000762939453,2.190000057220459,2.109999895095825,2.119999885559082,2914800,0.0,0.0
2023-08-21 00:00:00-04:00,2.1500000953674316,2.190000057220459,2.0899999141693115,2.1600000858306885,3166500,0.0,0.0
2023-08-22 00:00:00-04:00,2.1700000762939453,2.200000047683716,2.1500000953674316,2.180000066757202,2365200,0.0,0.0
2023-08-23 00:00:00-04:00,2.2200000286102295,2.3499999046325684,2.200000047683716,2.319999933242798,3596600,0.0,0.0
2023-08-24 00:00:00-04:00,2.3299999237060547,2.380000114440918,2.2799999713897705,2.299999952316284,2344200,0.0,0.0
2023-08-25 00:00:00-04:00,2.2899999618530273,2.309999942779541,2.2300000190734863,2.25,2028000,0.0,0.0
2023-08-28 00:00:00-04:00,2.259999990463257,2.4000000953674316,2.259999990463257,2.390000104904175,3143200,0.0,0.0
2023-08-29 00:00:00-04:00,2.390000104904175,2.4600000381469727,2.369999885559082,2.4600000381469727,2176800,0.0,0.0
2023-08-30 00:00:00-04:00,2.4700000286102295,2.509999990463257,2.430000066757202,2.4700000286102295,3248700,0.0,0.0
2023-08-31 00:00:00-04:00,2.4600000381469727,2.5,2.430000066757202,2.4600000381469727,4418800,0.0,0.0
2023-09-01 00:00:00-04:00,2.509999990463257,2.5399999618530273,2.430000066757202,2.430000066757202,1776500,0.0,0.0
2023-09-05 00:00:00-04:00,2.4200000762939453,2.430000066757202,2.319999933242798,2.3299999237060547,2392900,0.0,0.0
2023-09-06 00:00:00-04:00,2.3299999237060547,2.359999895095825,2.299999952316284,2.299999952316284,2276800,0.0,0.0
2023-09-07 00:00:00-04:00,2.299999952316284,2.3299999237060547,2.2300000190734863,2.240000009536743,1359700,0.0,0.0
2023-09-08 00:00:00-04:00,2.240000009536743,2.2799999713897705,2.190000057220459,2.190000057220459,4015700,0.0,0.0
2023-09-11 00:00:00-04:00,2.240000009536743,2.2899999618530273,2.2300000190734863,2.2300000190734863,2302900,0.0,0.0
2023-09-12 00:00:00-04:00,2.240000009536743,2.369999885559082,2.2300000190734863,2.299999952316284,2674600,0.0,0.0
2023-09-13 00:00:00-04:00,2.319999933242798,2.3299999237060547,2.25,2.2699999809265137,2865000,0.0,0.0
2023-09-14 00:00:00-04:00,2.2799999713897705,2.440000057220459,2.2799999713897705,2.390000104904175,5458000,0.0,0.0
2023-09-15 00:00:00-04:00,2.440000057220459,2.5899999141693115,2.440000057220459,2.559999942779541,7007500,0.0,0.0
2023-09-18 00:00:00-04:00,2.559999942779541,2.559999942779541,2.5,2.5399999618530273,2878300,0.0,0.0
2023-09-19 00:00:00-04:00,2.559999942779541,2.559999942779541,2.430000066757202,2.4700000286102295,3733500,0.0,0.0
2023-09-20 00:00:00-04:00,2.4800000190734863,2.5,2.4200000762939453,2.430000066757202,2498100,0.0,0.0
2023-09-21 00:00:00-04:00,2.369999885559082,2.369999885559082,2.299999952316284,2.299999952316284,1962600,0.0,0.0
2023-09-22 00:00:00-04:00,2.3399999141693115,2.359999895095825,2.259999990463257,2.259999990463257,2531100,0.0,0.0
2023-09-25 00:00:00-04:00,2.25,2.25,2.1500000953674316,2.1700000762939453,3518600,0.0,0.0
2023-09-26 00:00:00-04:00,2.1500000953674316,2.1700000762939453,2.0799999237060547,2.0799999237060547,3106200,0.0,0.0
2023-09-27 00:00:00-04:00,2.0799999237060547,2.140000104904175,2.0199999809265137,2.069999933242798,4737900,0.0,0.0
2023-09-28 00:00:00-04:00,2.0899999141693115,2.130000114440918,2.049999952316284,2.119999885559082,5476500,0.0,0.0
2023-09-29 00:00:00-04:00,2.180000066757202,2.2100000381469727,2.0999999046325684,2.1500000953674316,3789100,0.0,0.0
2023-10-02 00:00:00-04:00,2.0999999046325684,2.109999895095825,1.9900000095367432,2.0199999809265137,3773200,0.0,0.0
2023-10-03 00:00:00-04:00,2.0,2.190000057220459,2.0,2.1500000953674316,8525900,0.0,0.0
2023-10-04 00:00:00-04:00,2.1600000858306885,2.1600000858306885,2.049999952316284,2.069999933242798,3962600,0.0,0.0
2023-10-05 00:00:00-04:00,2.0899999141693115,2.0899999141693115,2.009999990463257,2.0799999237060547,3336300,0.0,0.0
2023-10-06 00:00:00-04:00,2.069999933242798,2.1600000858306885,2.069999933242798,2.130000114440918,3300900,0.0,0.0
2023-10-09 00:00:00-04:00,2.1700000762939453,2.200000047683716,2.1500000953674316,2.1700000762939453,1771700,0.0,0.0
2023-10-10 00:00:00-04:00,2.1500000953674316,2.2100000381469727,2.1500000953674316,2.190000057220459,2188200,0.0,0.0
2023-10-11 00:00:00-04:00,2.2200000286102295,2.259999990463257,2.190000057220459,2.2200000286102295,2748700,0.0,0.0
2023-10-12 00:00:00-04:00,2.240000009536743,2.240000009536743,2.130000114440918,2.1600000858306885,2764500,0.0,0.0
2023-10-13 00:00:00-04:00,2.240000009536743,2.3399999141693115,2.240000009536743,2.309999942779541,3786200,0.0,0.0
2023-10-16 00:00:00-04:00,2.2799999713897705,2.319999933242798,2.259999990463257,2.2899999618530273,3626000,0.0,0.0
2023-10-17 00:00:00-04:00,2.2899999618530273,2.3499999046325684,2.259999990463257,2.3499999046325684,2544300,0.0,0.0
2023-10-18 00:00:00-04:00,2.380000114440918,2.430000066757202,2.3299999237060547,2.3399999141693115,3655800,0.0,0.0
2023-10-19 00:00:00-04:00,2.3499999046325684,2.4000000953674316,2.309999942779541,2.390000104904175,5197500,0.0,0.0
2023-10-20 00:00:00-04:00,2.4000000953674316,2.509999990463257,2.390000104904175,2.4100000858306885,5998800,0.0,0.0
2023-10-23 00:00:00-04:00,2.4200000762939453,2.4600000381469727,2.309999942779541,2.380000114440918,5518500,0.0,0.0
2023-10-24 00:00:00-04:00,2.369999885559082,2.4600000381469727,2.3399999141693115,2.440000057220459,5368800,0.0,0.0
2023-10-25 00:00:00-04:00,2.4200000762939453,2.4800000190734863,2.4000000953674316,2.4200000762939453,6342600,0.0,0.0
2023-10-26 00:00:00-04:00,2.430000066757202,2.5,2.3399999141693115,2.4800000190734863,5540100,0.0,0.0
2023-10-27 00:00:00-04:00,2.490000009536743,2.5999999046325684,2.4700000286102295,2.5799999237060547,5539700,0.0,0.0
2023-10-30 00:00:00-04:00,2.5999999046325684,2.6600000858306885,2.559999942779541,2.5799999237060547,4254900,0.0,0.0
2023-10-31 00:00:00-04:00,2.5799999237060547,2.6500000953674316,2.5199999809265137,2.5399999618530273,5997700,0.0,0.0
2023-11-01 00:00:00-04:00,2.549999952316284,2.5999999046325684,2.4700000286102295,2.5299999713897705,3955600,0.0,0.0
2023-11-02 00:00:00-04:00,2.559999942779541,2.569999933242798,2.490000009536743,2.5399999618530273,2758500,0.0,0.0
2023-11-03 00:00:00-04:00,2.559999942779541,2.640000104904175,2.559999942779541,2.5999999046325684,8657100,0.0,0.0
2023-11-06 00:00:00-05:00,2.5999999046325684,2.609999895095825,2.509999990463257,2.509999990463257,3349700,0.0,0.0
2023-11-07 00:00:00-05:00,2.4700000286102295,2.4700000286102295,2.359999895095825,2.4200000762939453,5245000,0.0,0.0
2023-11-08 00:00:00-05:00,2.4000000953674316,2.430000066757202,2.309999942779541,2.319999933242798,4324300,0.0,0.0
2023-11-09 00:00:00-05:00,2.319999933242798,2.4000000953674316,2.2899999618530273,2.299999952316284,3837900,0.0,0.0
2023-11-10 00:00:00-05:00,2.2899999618530273,2.299999952316284,2.180000066757202,2.2799999713897705,5293200,0.0,0.0
2023-11-13 00:00:00-05:00,2.2699999809265137,2.2899999618530273,2.180000066757202,2.180000066757202,4357200,0.0,0.0
2023-11-14 00:00:00-05:00,2.2300000190734863,2.319999933242798,2.2300000190734863,2.2899999618530273,4954600,0.0,0.0
2023-11-15 00:00:00-05:00,2.2899999618530273,2.309999942779541,2.2200000286102295,2.2899999618530273,5974000,0.0,0.0
2023-11-16 00:00:00-05:00,2.3299999237060547,2.430000066757202,2.309999942779541,2.359999895095825,6110900,0.0,0.0
2023-11-17 00:00:00-05:00,2.390000104904175,2.4100000858306885,2.309999942779541,2.3299999237060547,4423500,0.0,0.0
2023-11-20 00:00:00-05:00,2.299999952316284,2.3299999237060547,2.2699999809265137,2.3299999237060547,3615800,0.0,0.0
2023-11-21 00:00:00-05:00,2.3399999141693115,2.4800000190734863,2.3399999141693115,2.4200000762939453,7754500,0.0,0.0
2023-11-22 00:00:00-05:00,2.4100000858306885,2.430000066757202,2.369999885559082,2.4200000762939453,4114600,0.0,0.0
2023-11-24 00:00:00-05:00,2.4200000762939453,2.4800000190734863,2.4000000953674316,2.440000057220459,3428900,0.0,0.0
2023-11-27 00:00:00-05:00,2.4600000381469727,2.490000009536743,2.430000066757202,2.4600000381469727,7088300,0.0,0.0
2023-11-28 00:00:00-05:00,2.490000009536743,2.559999942779541,2.450000047683716,2.559999942779541,11920200,0.0,0.0
2023-11-29 00:00:00-05:00,2.559999942779541,2.5999999046325684,2.5399999618530273,2.5799999237060547,7859000,0.0,0.0
2023-11-30 00:00:00-05:00,2.559999942779541,2.5899999141693115,2.5199999809265137,2.5399999618530273,4326300,0.0,0.0
2023-12-01 00:00:00-05:00,2.559999942779541,2.640000104904175,2.5199999809265137,2.640000104904175,4971200,0.0,0.0
2023-12-04 00:00:00-05:00,2.609999895095825,2.619999885559082,2.490000009536743,2.5199999809265137,5553800,0.0,0.0
2023-12-05 00:00:00-05:00,2.4800000190734863,2.5,2.359999895095825,2.380000114440918,5424100,0.0,0.0
2023-12-06 00:00:00-05:00,2.4100000858306885,2.4600000381469727,2.380000114440918,2.380000114440918,3754000,0.0,0.0
2023-12-07 00:00:00-05:00,2.4000000953674316,2.4000000953674316,2.3299999237060547,2.3399999141693115,3977000,0.0,0.0
2023-12-08 00:00:00-05:00,2.319999933242798,2.319999933242798,2.2100000381469727,2.259999990463257,5777400,0.0,0.0
2023-12-11 00:00:00-05:00,2.2100000381469727,2.2300000190734863,2.1500000953674316,2.2100000381469727,6643100,0.0,0.0
2023-12-12 00:00:00-05:00,2.2200000286102295,2.2300000190734863,2.109999895095825,2.119999885559082,5364700,0.0,0.0
2023-12-13 00:00:00-05:00,2.130000114440918,2.380000114440918,2.109999895095825,2.380000114440918,6418800,0.0,0.0
2023-12-14 00:00:00-05:00,2.450000047683716,2.5399999618530273,2.430000066757202,2.440000057220459,9405400,0.0,0.0
2023-12-15 00:00:00-05:00,2.4600000381469727,2.509999990463257,2.430000066757202,2.440000057220459,8196600,0.0,0.0
2023-12-18 00:00:00-05:00,2.4700000286102295,2.569999933242798,2.4700000286102295,2.549999952316284,5397000,0.0,0.0
2023-12-19 00:00:00-05:00,2.5799999237060547,2.700000047683716,2.549999952316284,2.680000066757202,11666800,0.0,0.0
2023-12-20 00:00:00-05:00,2.6700000762939453,2.700000047683716,2.5999999046325684,2.609999895095825,8883900,0.0,0.0
2023-12-21 00:00:00-05:00,2.6700000762939453,2.700000047683716,2.619999885559082,2.6500000953674316,8261500,0.0,0.0
2023-12-22 00:00:00-05:00,2.7100000381469727,2.7699999809265137,2.640000104904175,2.640000104904175,8823800,0.0,0.0
2023-12-26 00:00:00-05:00,2.680000066757202,2.690000057220459,2.619999885559082,2.630000114440918,2677300,0.0,0.0
2023-12-27 00:00:00-05:00,2.6500000953674316,2.6700000762939453,2.619999885559082,2.640000104904175,4959100,0.0,0.0
2023-12-28 00:00:00-05:00,2.5999999046325684,2.609999895095825,2.5399999618530273,2.549999952316284,7997500,0.0,0.0
2023-12-29 00:00:00-05:00,2.5199999809265137,2.569999933242798,2.490000009536743,2.5299999713897705,4611300,0.0,0.0
2024-01-02 00:00:00-05:00,2.509999990463257,2.5399999618530273,2.440000057220459,2.440000057220459,6766000,0.0,0.0
2024-01-03 00:00:00-05:00,2.4000000953674316,2.4200000762939453,2.3399999141693115,2.390000104904175,6940000,0.0,0.0
2024-01-04 00:00:00-05:00,2.380000114440918,2.440000057220459,2.3499999046325684,2.4000000953674316,4706800,0.0,0.0
2024-01-05 00:00:00-05:00,2.4200000762939453,2.450000047683716,2.359999895095825,2.359999895095825,5139300,0.0,0.0
2024-01-08 00:00:00-05:00,2.3299999237060547,2.4100000858306885,2.309999942779541,2.369999885559082,3548200,0.0,0.0
2024-01-09 00:00:00-05:00,2.4000000953674316,2.4200000762939453,2.3499999046325684,2.359999895095825,5948700,0.0,0.0
2024-01-10 00:00:00-05:00,2.3499999046325684,2.4000000953674316,2.3499999046325684,2.390000104904175,4858200,0.0,0.0
2024-01-11 00:00:00-05:00,2.4000000953674316,2.440000057220459,2.299999952316284,2.359999895095825,9609000,0.0,0.0
2024-01-12 00:00:00-05:00,2.450000047683716,2.700000047683716,2.450000047683716,2.609999895095825,11142700,0.0,0.0
2024-01-16 00:00:00-05:00,2.5399999618530273,2.640000104904175,2.490000009536743,2.5,6562000,0.0,0.0
2024-01-17 00:00:00-05:00,2.4600000381469727,2.5199999809265137,2.4200000762939453,2.4700000286102295,8729200,0.0,0.0
2024-01-18 00:00:00-05:00,2.5,2.5199999809265137,2.319999933242798,2.3399999141693115,13030000,0.0,0.0
2024-01-19 00:00:00-05:00,2.359999895095825,2.369999885559082,2.2300000190734863,2.319999933242798,9422800,0.0,0.0
2024-01-22 00:00:00-05:00,2.309999942779541,2.359999895095825,2.2799999713897705,2.299999952316284,5402700,0.0,0.0
2024-01-23 00:00:00-05:00,2.3499999046325684,2.6600000858306885,2.3399999141693115,2.640000104904175,12247500,0.0,0.0
2024-01-24 00:00:00-05:00,2.6700000762939453,2.6700000762939453,2.4700000286102295,2.5,8095400,0.0,0.0
2024-01-25 00:00:00-05:00,2.549999952316284,2.5799999237060547,2.490000009536743,2.509999990463257,7511600,0.0,0.0
2024-01-26 00:00:00-05:00,2.5299999713897705,2.5399999618530273,2.4200000762939453,2.4200000762939453,5719800,0.0,0.0
2024-01-29 00:00:00-05:00,2.4700000286102295,2.4700000286102295,2.380000114440918,2.4600000381469727,6276900,0.0,0.0
2024-01-30 00:00:00-05:00,2.490000009536743,2.5199999809265137,2.380000114440918,2.4100000858306885,7603400,0.0,0.0
2024-01-31 00:00:00-05:00,2.440000057220459,2.4800000190734863,2.380000114440918,2.380000114440918,10152800,0.0,0.0
2024-02-01 00:00:00-05:00,2.4200000762939453,2.5799999237060547,2.4200000762939453,2.5799999237060547,8376400,0.0,0.0
2024-02-02 00:00:00-05:00,2.4800000190734863,2.509999990463257,2.430000066757202,2.4700000286102295,8349700,0.0,0.0
2024-02-05 00:00:00-05:00,2.4200000762939453,2.440000057220459,2.380000114440918,2.4100000858306885,7080900,0.0,0.0
2024-02-06 00:00:00-05:00,2.450000047683716,2.5,2.4100000858306885,2.490000009536743,6254500,0.0,0.0
2024-02-07 00:00:00-05:00,2.490000009536743,2.5199999809265137,2.4600000381469727,2.4700000286102295,5659800,0.0,0.0
2024-02-08 00:00:00-05:00,2.450000047683716,2.509999990463257,2.430000066757202,2.4600000381469727,7177800,0.0,0.0
2024-02-09 00:00:00-05:00,2.4700000286102295,2.490000009536743,2.4100000858306885,2.450000047683716,6446800,0.0,0.0
2024-02-12 00:00:00-05:00,2.4600000381469727,2.559999942779541,2.450000047683716,2.549999952316284,5146500,0.0,0.0
2024-02-13 00:00:00-05:00,2.4600000381469727,2.5,2.319999933242798,2.3399999141693115,10109000,0.0,0.0
2024-02-14 00:00:00-05:00,2.380000114440918,2.4700000286102295,2.3499999046325684,2.4200000762939453,7405700,0.0,0.0
2024-02-15 00:00:00-05:00,2.4700000286102295,2.569999933242798,2.4700000286102295,2.5299999713897705,8651400,0.0,0.0
2024-02-16 00:00:00-05:00,2.490000009536743,2.6500000953674316,2.380000114440918,2.569999933242798,12662600,0.0,0.0
2024-02-20 00:00:00-05:00,2.5999999046325684,2.6700000762939453,2.509999990463257,2.569999933242798,7270900,0.0,0.0
2024-02-21 00:00:00-05:00,2.549999952316284,2.559999942779541,2.4800000190734863,2.549999952316284,6291700,0.0,0.0
2024-02-22 00:00:00-05:00,2.549999952316284,2.619999885559082,2.509999990463257,2.5799999237060547,7539100,0.0,0.0
2024-02-23 00:00:00-05:00,2.5799999237060547,2.6500000953674316,2.5199999809265137,2.630000114440918,7658300,0.0,0.0
2024-02-26 00:00:00-05:00,2.5899999141693115,2.7200000286102295,2.559999942779541,2.7100000381469727,5790800,0.0,0.0
2024-02-27 00:00:00-05:00,2.7300000190734863,2.819999933242798,2.700000047683716,2.7100000381469727,8119100,0.0,0.0
2024-02-28 00:00:00-05:00,2.7100000381469727,2.7100000381469727,2.5299999713897705,2.569999933242798,7459000,0.0,0.0
2024-02-29 00:00:00-05:00,2.6600000858306885,2.6700000762939453,2.559999942779541,2.5999999046325684,5176500,0.0,0.0
2024-03-01 00:00:00-05:00,2.630000114440918,2.75,2.569999933242798,2.740000009536743,10995000,0.0,0.0
2024-03-04 00:00:00-05:00,2.799999952316284,2.869999885559082,2.75,2.8399999141693115,9837400,0.0,0.0
2024-03-05 00:00:00-05:00,2.880000114440918,2.9800000190734863,2.8299999237060547,2.8299999237060547,12903300,0.0,0.0
2024-03-06 00:00:00-05:00,2.9000000953674316,3.069999933242798,2.8499999046325684,3.0,12071600,0.0,0.0
2024-03-07 00:00:00-05:00,3.049999952316284,3.0899999141693115,2.990000009536743,3.0799999237060547,8099300,0.0,0.0
2024-03-08 00:00:00-05:00,3.140000104904175,3.200000047683716,3.049999952316284,3.140000104904175,11308300,0.0,0.0
2024-03-11 00:00:00-04:00,3.119999885559082,3.2200000286102295,3.069999933242798,3.200000047683716,12962800,0.0,0.0
2024-03-12 00:00:00-04:00,3.109999895095825,3.140000104904175,3.0199999809265137,3.0899999141693115,10187200,0.0,0.0
2024-03-13 00:00:00-04:00,3.130000114440918,3.190000057220459,3.0899999141693115,3.130000114440918,7260600,0.0,0.0
2024-03-14 00:00:00-04:00,3.0299999713897705,3.130000114440918,3.0299999713897705,3.069999933242798,5662600,0.0,0.0
2024-03-15 00:00:00-04:00,3.0799999237060547,3.1500000953674316,3.0399999618530273,3.0799999237060547,9637000,0.0,0.0
2024-03-18 00:00:00-04:00,3.069999933242798,3.0799999237060547,3.0,3.0,7379400,0.0,0.0
2024-03-19 00:00:00-04:00,2.9800000190734863,3.0199999809265137,2.9200000762939453,2.950000047683716,5826500,0.0,0.0
2024-03-20 00:00:00-04:00,2.9200000762939453,3.140000104904175,2.9000000953674316,3.0799999237060547,7301200,0.0,0.0
2024-03-21 00:00:00-04:00,3.119999885559082,3.190000057220459,2.990000009536743,3.009999990463257,7473800,0.0,0.0
2024-03-22 00:00:00-04:00,2.9800000190734863,3.0399999618530273,2.940000057220459,2.9800000190734863,6294100,0.0,0.0
2024-03-25 00:00:00-04:00,3.009999990463257,3.130000114440918,3.009999990463257,3.0899999141693115,5303800,0.0,0.0
2024-03-26 00:00:00-04:00,3.119999885559082,3.180000066757202,3.059999942779541,3.0899999141693115,5445900,0.0,0.0
2024-03-27 00:00:00-04:00,3.0999999046325684,3.190000057220459,3.0999999046325684,3.190000057220459,6647800,0.0,0.0
2024-03-28 00:00:00-04:00,3.240000009536743,3.390000104904175,3.2100000381469727,3.3299999237060547,9676600,0.0,0.0
2024-04-01 00:00:00-04:00,3.5199999809265137,3.6600000858306885,3.4700000286102295,3.6500000953674316,12759600,0.0,0.0
2024-04-02 00:00:00-04:00,3.6600000858306885,3.7100000381469727,3.549999952316284,3.619999885559082,16916800,0.0,0.0
2024-04-03 00:00:00-04:00,3.609999895095825,3.7100000381469727,3.5899999141693115,3.6500000953674316,9230400,0.0,0.0
2024-04-04 00:00:00-04:00,3.5899999141693115,3.700000047683716,3.569999933242798,3.5999999046325684,8750400,0.0,0.0
2024-04-05 00:00:00-04:00,3.5799999237060547,3.799999952316284,3.5299999713897705,3.7200000286102295,16008600,0.0,0.0
2024-04-08 00:00:00-04:00,3.7699999809265137,3.809999942779541,3.559999942779541,3.5999999046325684,12425100,0.0,0.0
2024-04-09 00:00:00-04:00,3.630000114440918,3.7699999809265137,3.5899999141693115,3.6600000858306885,11392400,0.0,0.0
2024-04-10 00:00:00-04:00,3.5399999618530273,3.6600000858306885,3.5,3.619999885559082,11369800,0.0,0.0
2024-04-11 00:00:00-04:00,3.6700000762939453,3.8399999141693115,3.6500000953674316,3.759999990463257,14698900,0.0,0.0
2024-04-12 00:00:00-04:00,3.8299999237060547,3.9200000762939453,3.5799999237060547,3.609999895095825,24671200,0.0,0.0
2024-04-15 00:00:00-04:00,3.6500000953674316,3.6600000858306885,3.5199999809265137,3.569999933242798,17176400,0.0,0.0
2024-04-16 00:00:00-04:00,3.5,3.609999895095825,3.4800000190734863,3.5399999618530273,13009500,0.0,0.0
2024-04-17 00:00:00-04:00,3.5999999046325684,3.7300000190734863,3.5799999237060547,3.6600000858306885,14345000,0.0,0.0
2024-04-18 00:00:00-04:00,3.75,3.7799999713897705,3.609999895095825,3.640000104904175,9809000,0.0,0.0
2024-04-19 00:00:00-04:00,3.640000104904175,3.75,3.619999885559082,3.6600000858306885,7980500,0.0,0.0
2024-04-22 00:00:00-04:00,3.5399999618530273,3.640000104904175,3.440000057220459,3.490000009536743,12429400,0.0,0.0
2024-04-23 00:00:00-04:00,3.4800000190734863,3.7799999713897705,3.4600000381469727,3.7100000381469727,14980500,0.0,0.0
2024-04-24 00:00:00-04:00,3.6700000762939453,3.7100000381469727,3.5999999046325684,3.5999999046325684,6971000,0.0,0.0
2024-04-25 00:00:00-04:00,3.5999999046325684,3.799999952316284,3.5899999141693115,3.7100000381469727,10673400,0.0,0.0
2024-04-26 00:00:00-04:00,3.75,3.799999952316284,3.700000047683716,3.7799999713897705,4564100,0.0,0.0
2024-04-29 00:00:00-04:00,3.7799999713897705,3.859999895095825,3.7100000381469727,3.799999952316284,6538300,0.0,0.0
2024-04-30 00:00:00-04:00,3.640000104904175,3.740000009536743,3.549999952316284,3.559999942779541,6639100,0.0,0.0
2024-05-01 00:00:00-04:00,3.5999999046325684,3.7300000190734863,3.5399999618530273,3.619999885559082,7622500,0.0,0.0
2024-05-02 00:00:00-04:00,3.5899999141693115,3.7200000286102295,3.5799999237060547,3.6600000858306885,5991900,0.0,0.0
2024-05-03 00:00:00-04:00,3.690000057220459,3.700000047683716,3.569999933242798,3.5899999141693115,4798500,0.0,0.0
2024-05-06 00:00:00-04:00,3.7100000381469727,3.7699999809265137,3.690000057220459,3.740000009536743,4936100,0.0,0.0
2024-05-07 00:00:00-04:00,3.7300000190734863,3.7899999618530273,3.690000057220459,3.7899999618530273,5361400,0.0,0.0
2024-05-08 00:00:00-04:00,3.7899999618530273,3.819999933242798,3.7300000190734863,3.7799999713897705,3992400,0.0,0.0
2024-05-09 00:00:00-04:00,3.799999952316284,3.8499999046325684,3.759999990463257,3.8499999046325684,7242900,0.0,0.0
2024-05-10 00:00:00-04:00,4.0,4.349999904632568,3.990000009536743,4.300000190734863,24496300,0.0,0.0
2024-05-13 00:00:00-04:00,4.260000228881836,4.349999904632568,4.150000095367432,4.210000038146973,11438300,0.0,0.0
2024-05-14 00:00:00-04:00,4.25,4.460000038146973,4.230000019073486,4.440000057220459,11196100,0.0,0.0
2024-05-15 00:00:00-04:00,4.5,4.550000190734863,4.349999904632568,4.480000019073486,9313100,0.0,0.0
2024-05-16 00:00:00-04:00,4.440000057220459,4.480000019073486,4.389999866485596,4.400000095367432,7189000,0.0,0.0
2024-05-17 00:00:00-04:00,4.5,4.599999904632568,4.449999809265137,4.519999980926514,9865800,0.0,0.0
2024-05-20 00:00:00-04:00,4.53000020980835,4.590000152587891,4.480000019073486,4.53000020980835,7125100,0.0,0.0
2024-05-21 00:00:00-04:00,4.510000228881836,4.539999961853027,4.440000057220459,4.489999771118164,6885400,0.0,0.0
2024-05-22 00:00:00-04:00,4.110000133514404,4.159999847412109,3.9100000858306885,4.010000228881836,20643200,0.0,0.0
2024-05-23 00:00:00-04:00,4.03000020980835,4.059999942779541,3.8499999046325684,3.869999885559082,12299500,0.0,0.0
2024-05-24 00:00:00-04:00,3.950000047683716,4.059999942779541,3.950000047683716,4.0,20910400,0.0,0.0
2024-05-28 00:00:00-04:00,4.119999885559082,4.170000076293945,4.059999942779541,4.090000152587891,9510600,0.0,0.0
2024-05-29 00:00:00-04:00,4.050000190734863,4.150000095367432,3.9800000190734863,3.990000009536743,9244600,0.0,0.0
2024-05-30 00:00:00-04:00,4.0,4.110000133514404,3.990000009536743,4.019999980926514,12436100,0.0,0.0
2024-05-31 00:00:00-04:00,4.099999904632568,4.150000095367432,3.930000066757202,3.950000047683716,11696700,0.0,0.0
2024-06-03 00:00:00-04:00,3.940000057220459,3.9600000381469727,3.8399999141693115,3.8499999046325684,7458700,0.0,0.0
2024-06-04 00:00:00-04:00,3.7899999618530273,3.799999952316284,3.6700000762939453,3.7100000381469727,10783500,0.0,0.0
2024-06-05 00:00:00-04:00,3.740000009536743,3.869999885559082,3.7300000190734863,3.8299999237060547,8702500,0.0,0.0
2024-06-06 00:00:00-04:00,3.869999885559082,4.019999980926514,3.859999895095825,3.9800000190734863,9504400,0.0,0.0
2024-06-07 00:00:00-04:00,3.8299999237060547,3.8399999141693115,3.559999942779541,3.5799999237060547,12800400,0.0,0.0
2024-06-10 00:00:00-04:00,3.630000114440918,3.7100000381469727,3.5799999237060547,3.6600000858306885,7305600,0.0,0.0
2024-06-11 00:00:00-04:00,3.609999895095825,3.690000057220459,3.5799999237060547,3.609999895095825,8027900,0.0,0.0
2024-06-12 00:00:00-04:00,3.740000009536743,3.7699999809265137,3.609999895095825,3.640000104904175,6590500,0.0,0.0
2024-06-13 00:00:00-04:00,3.609999895095825,3.6700000762939453,3.5299999713897705,3.549999952316284,6660300,0.0,0.0
2024-06-14 00:00:00-04:00,3.630000114440918,3.640000104904175,3.5299999713897705,3.619999885559082,9402300,0.0,0.0
2024-06-17 00:00:00-04:00,3.569999933242798,3.6500000953674316,3.559999942779541,3.5999999046325684,5742400,0.0,0.0
2024-06-18 00:00:00-04:00,3.5999999046325684,3.809999942779541,3.5999999046325684,3.75,8935900,0.0,0.0
2024-06-20 00:00:00-04:00,3.7899999618530273,3.8499999046325684,3.75,3.8299999237060547,8375200,0.0,0.0
2024-06-21 00:00:00-04:00,3.8399999141693115,3.8499999046325684,3.6700000762939453,3.700000047683716,13024300,0.0,0.0
2024-06-24 00:00:00-04:00,3.7100000381469727,3.75,3.6700000762939453,3.7200000286102295,4440300,0.0,0.0
2024-06-25 00:00:00-04:00,3.690000057220459,3.7300000190734863,3.640000104904175,3.690000057220459,5518700,0.0,0.0
2024-06-26 00:00:00-04:00,3.640000104904175,3.75,3.630000114440918,3.7200000286102295,6716000,0.0,0.0
2024-06-27 00:00:00-04:00,3.7699999809265137,3.8399999141693115,3.7300000190734863,3.740000009536743,4817700,0.0,0.0
2024-06-28 00:00:00-04:00,3.7899999618530273,3.809999942779541,3.7100000381469727,3.75,5765700,0.0,0.0
2024-07-01 00:00:00-04:00,3.759999990463257,3.819999933242798,3.6600000858306885,3.6600000858306885,4275300,0.0,0.0
2024-07-02 00:00:00-04:00,3.680000066757202,3.7699999809265137,3.5999999046325684,3.680000066757202,5572300,0.0,0.0
2024-07-03 00:00:00-04:00,3.759999990463257,3.880000114440918,3.690000057220459,3.809999942779541,4562100,0.0,0.0
2024-07-05 00:00:00-04:00,3.8399999141693115,4.03000020980835,3.8399999141693115,3.990000009536743,9314200,0.0,0.0
2024-07-08 00:00:00-04:00,3.950000047683716,4.070000171661377,3.9200000762939453,4.070000171661377,9535900,0.0,0.0
2024-07-09 00:00:00-04:00,4.079999923706055,4.110000133514404,4.039999961853027,4.070000171661377,9991800,0.0,0.0
2024-07-10 00:00:00-04:00,4.139999866485596,4.269999980926514,4.139999866485596,4.190000057220459,11475200,0.0,0.0
2024-07-11 00:00:00-04:00,4.25,4.28000020980835,4.150000095367432,4.230000019073486,10211200,0.0,0.0
2024-07-12 00:00:00-04:00,4.190000057220459,4.239999771118164,4.130000114440918,4.210000038146973,7314600,0.0,0.0
2024-07-15 00:00:00-04:00,4.21999979019165,4.239999771118164,4.119999885559082,4.119999885559082,13067900,0.0,0.0
2024-07-16 00:00:00-04:00,4.150000095367432,4.349999904632568,4.139999866485596,4.25,16456200,0.0,0.0
2024-07-17 00:00:00-04:00,4.239999771118164,4.309999942779541,4.130000114440918,4.130000114440918,9430100,0.0,0.0
2024-07-18 00:00:00-04:00,4.159999847412109,4.159999847412109,4.0,4.050000190734863,12255200,0.0,0.0
2024-07-19 00:00:00-04:00,3.9800000190734863,4.099999904632568,3.9200000762939453,4.010000228881836,12206900,0.0,0.0
2024-07-22 00:00:00-04:00,3.990000009536743,4.099999904632568,3.9800000190734863,4.079999923706055,11201200,0.0,0.0
2024-07-23 00:00:00-04:00,4.099999904632568,4.110000133514404,4.039999961853027,4.079999923706055,6450300,0.0,0.0
2024-07-24 00:00:00-04:00,4.119999885559082,4.230000019073486,3.990000009536743,4.0,9712700,0.0,0.0
2024-07-25 00:00:00-04:00,3.890000104904175,3.9600000381469727,3.8399999141693115,3.9200000762939453,8283500,0.0,0.0
2024-07-26 00:00:00-04:00,3.9800000190734863,4.019999980926514,3.880000114440918,3.9200000762939453,6791100,0.0,0.0
2024-07-29 00:00:00-04:00,3.9600000381469727,3.9700000286102295,3.8499999046325684,3.950000047683716,11316400,0.0,0.0
2024-07-30 00:00:00-04:00,3.9800000190734863,4.039999961853027,3.9200000762939453,4.03000020980835,9783600,0.0,0.0
2024-07-31 00:00:00-04:00,4.099999904632568,4.150000095367432,4.070000171661377,4.119999885559082,8524100,0.0,0.0
2024-08-01 00:00:00-04:00,4.130000114440918,4.190000057220459,4.019999980926514,4.079999923706055,8268100,0.0,0.0
2024-08-02 00:00:00-04:00,4.159999847412109,4.170000076293945,3.8299999237060547,3.859999895095825,13037800,0.0,0.0
2024-08-05 00:00:00-04:00,3.569999933242798,3.759999990463257,3.440000057220459,3.7100000381469727,12276300,0.0,0.0
2024-08-06 00:00:00-04:00,3.690000057220459,3.799999952316284,3.6500000953674316,3.759999990463257,6186200,0.0,0.0
2024-08-07 00:00:00-04:00,3.8399999141693115,3.8499999046325684,3.569999933242798,3.5799999237060547,8834800,0.0,0.0
2024-08-08 00:00:00-04:00,3.630000114440918,3.740000009536743,3.549999952316284,3.680000066757202,9117800,0.0,0.0
2024-08-09 00:00:00-04:00,3.9800000190734863,4.340000152587891,3.859999895095825,4.28000020980835,14395200,0.0,0.0
2024-08-12 00:00:00-04:00,4.340000152587891,4.78000020980835,4.289999961853027,4.71999979019165,18774200,0.0,0.0
2024-08-13 00:00:00-04:00,4.659999847412109,4.920000076293945,4.630000114440918,4.869999885559082,13871800,0.0,0.0
2024-08-14 00:00:00-04:00,4.809999942779541,4.920000076293945,4.760000228881836,4.869999885559082,8807200,0.0,0.0
2024-08-15 00:00:00-04:00,4.860000133514404,4.949999809265137,4.739999771118164,4.900000095367432,9988100,0.0,0.0
2024-08-16 00:00:00-04:00,4.949999809265137,5.119999885559082,4.909999847412109,5.079999923706055,10625300,0.0,0.0
2024-08-19 00:00:00-04:00,5.010000228881836,5.179999828338623,4.989999771118164,5.119999885559082,9602200,0.0,0.0
2024-08-20 00:00:00-04:00,5.190000057220459,5.239999771118164,5.110000133514404,5.170000076293945,12615000,0.0,0.0
2024-08-21 00:00:00-04:00,5.159999847412109,5.309999942779541,5.110000133514404,5.269999980926514,8817900,0.0,0.0
2024-08-22 00:00:00-04:00,5.210000038146973,5.230000019073486,5.099999904632568,5.170000076293945,8956100,0.0,0.0
2024-08-23 00:00:00-04:00,5.210000038146973,5.28000020980835,5.159999847412109,5.210000038146973,7925000,0.0,0.0
2024-08-26 00:00:00-04:00,5.25,5.269999980926514,5.119999885559082,5.150000095367432,6182200,0.0,0.0
2024-08-27 00:00:00-04:00,5.070000171661377,5.170000076293945,5.039999961853027,5.159999847412109,8197400,0.0,0.0
2024-08-28 00:00:00-04:00,5.050000190734863,5.099999904632568,4.880000114440918,4.940000057220459,7259200,0.0,0.0
2024-08-29 00:00:00-04:00,4.960000038146973,5.070000171661377,4.940000057220459,5.019999980926514,5043100,0.0,0.0
2024-08-30 00:00:00-04:00,5.03000020980835,5.050000190734863,4.920000076293945,4.940000057220459,4645700,0.0,0.0
2024-09-03 00:00:00-04:00,4.869999885559082,4.909999847412109,4.710000038146973,4.860000133514404,8646300,0.0,0.0
2024-09-04 00:00:00-04:00,4.809999942779541,4.889999866485596,4.78000020980835,4.809999942779541,6760400,0.0,0.0
2024-09-05 00:00:00-04:00,4.920000076293945,5.070000171661377,4.840000152587891,5.019999980926514,10112000,0.0,0.0
2024-09-06 00:00:00-04:00,5.0,5.019999980926514,4.789999961853027,4.809999942779541,7430700,0.0,0.0
2024-09-09 00:00:00-04:00,4.829999923706055,4.889999866485596,4.789999961853027,4.809999942779541,4382900,0.0,0.0
2024-09-10 00:00:00-04:00,4.800000190734863,4.860000133514404,4.730000019073486,4.860000133514404,3881700,0.0,0.0
2024-09-11 00:00:00-04:00,4.829999923706055,4.949999809265137,4.789999961853027,4.940000057220459,5755500,0.0,0.0
2024-09-12 00:00:00-04:00,5.050000190734863,5.380000114440918,5.039999961853027,5.349999904632568,8444800,0.0,0.0
2024-09-13 00:00:00-04:00,5.480000019073486,5.489999771118164,5.329999923706055,5.420000076293945,8724500,0.0,0.0
2024-09-16 00:00:00-04:00,5.420000076293945,5.559999942779541,5.400000095367432,5.460000038146973,7178800,0.0,0.0
2024-09-17 00:00:00-04:00,5.380000114440918,5.480000019073486,5.340000152587891,5.400000095367432,7189100,0.0,0.0
2024-09-18 00:00:00-04:00,5.429999828338623,5.570000171661377,5.28000020980835,5.289999961853027,8148200,0.0,0.0
2024-09-19 00:00:00-04:00,5.449999809265137,5.460000038146973,5.269999980926514,5.309999942779541,5356700,0.0,0.0
2024-09-20 00:00:00-04:00,5.389999866485596,5.559999942779541,5.369999885559082,5.480000019073486,18307500,0.0,0.0
2024-09-23 00:00:00-04:00,5.5,5.579999923706055,5.369999885559082,5.389999866485596,6411300,0.0,0.0
2024-09-24 00:00:00-04:00,5.449999809265137,5.550000190734863,5.380000114440918,5.46999979019165,7339900,0.0,0.0
2024-09-25 00:00:00-04:00,5.440000057220459,5.579999923706055,5.420000076293945,5.5,9281400,0.0,0.0
2024-09-26 00:00:00-04:00,5.539999961853027,5.599999904632568,5.5,5.519999980926514,14492200,0.0,0.0
2024-09-27 00:00:00-04:00,5.460000038146973,5.519999980926514,5.210000038146973,5.28000020980835,7886100,0.0,0.0
2024-09-30 00:00:00-04:00,5.21999979019165,5.269999980926514,5.159999847412109,5.230000019073486,5754500,0.0,0.0
2024-10-01 00:00:00-04:00,5.349999904632568,5.409999847412109,5.260000228881836,5.340000152587891,6561200,0.0,0.0
2024-10-02 00:00:00-04:00,5.300000190734863,5.369999885559082,5.260000228881836,5.320000171661377,4624700,0.0,0.0
2024-10-03 00:00:00-04:00,5.230000019073486,5.269999980926514,5.070000171661377,5.139999866485596,11019700,0.0,0.0
2024-10-04 00:00:00-04:00,5.099999904632568,5.190000057220459,5.010000228881836,5.039999961853027,8775700,0.0,0.0
2024-10-07 00:00:00-04:00,4.829999923706055,4.869999885559082,4.519999980926514,4.539999961853027,25271900,0.0,0.0
2024-10-08 00:00:00-04:00,4.630000114440918,4.650000095367432,4.489999771118164,4.579999923706055,8380900,0.0,0.0
2024-10-09 00:00:00-04:00,4.550000190734863,4.570000171661377,4.440000057220459,4.550000190734863,5446900,0.0,0.0
2024-10-10 00:00:00-04:00,4.650000095367432,4.909999847412109,4.639999866485596,4.849999904632568,9819700,0.0,0.0
2024-10-11 00:00:00-04:00,4.940000057220459,5.010000228881836,4.760000228881836,4.829999923706055,9135100,0.0,0.0
2024-10-14 00:00:00-04:00,4.75,4.78000020980835,4.639999866485596,4.769999980926514,5896800,0.0,0.0
2024-10-15 00:00:00-04:00,4.75,4.920000076293945,4.75,4.920000076293945,7303200,0.0,0.0
2024-10-16 00:00:00-04:00,5.0,5.150000095367432,4.989999771118164,5.079999923706055,10031500,0.0,0.0
2024-10-17 00:00:00-04:00,5.079999923706055,5.179999828338623,5.039999961853027,5.110000133514404,8519900,0.0,0.0
2024-10-18 00:00:00-04:00,5.239999771118164,6.039999961853027,5.210000038146973,5.96999979019165,24029300,0.0,0.0
2024-10-21 00:00:00-04:00,5.980000019073486,6.269999980926514,5.960000038146973,6.150000095367432,15839100,0.0,0.0
2024-10-22 00:00:00-04:00,6.269999980926514,6.369999885559082,6.079999923706055,6.110000133514404,10287800,0.0,0.0
2024-10-23 00:00:00-04:00,5.989999771118164,6.010000228881836,5.78000020980835,5.929999828338623,10950000,0.0,0.0
2024-10-24 00:00:00-04:00,6.010000228881836,6.090000152587891,5.800000190734863,5.989999771118164,8654400,0.0,0.0
2024-10-25 00:00:00-04:00,5.949999809265137,5.960000038146973,5.760000228881836,5.769999980926514,6516700,0.0,0.0
2024-10-28 00:00:00-04:00,5.760000228881836,5.769999980926514,5.599999904632568,5.650000095367432,4947700,0.0,0.0
2024-10-29 00:00:00-04:00,5.670000076293945,5.78000020980835,5.590000152587891,5.769999980926514,6220800,0.0,0.0
2024-10-30 00:00:00-04:00,5.71999979019165,5.75,5.570000171661377,5.690000057220459,6690300,0.0,0.0
2024-10-31 00:00:00-04:00,5.610000133514404,5.610000133514404,5.409999847412109,5.539999961853027,8210900,0.0,0.0
2024-11-01 00:00:00-04:00,5.599999904632568,5.619999885559082,5.389999866485596,5.400000095367432,6677400,0.0,0.0
2024-11-04 00:00:00-05:00,5.449999809265137,5.489999771118164,5.269999980926514,5.289999961853027,5526400,0.0,0.0
2024-11-05 00:00:00-05:00,5.329999923706055,5.420000076293945,5.260000228881836,5.329999923706055,6059900,0.0,0.0
2024-11-06 00:00:00-05:00,4.989999771118164,5.28000020980835,4.989999771118164,5.179999828338623,9449300,0.0,0.0
2024-11-07 00:00:00-05:00,5.309999942779541,5.340000152587891,5.179999828338623,5.320000171661377,8894900,0.0,0.0
2024-11-08 00:00:00-05:00,5.480000019073486,5.880000114440918,5.269999980926514,5.690000057220459,11847900,0.0,0.0
2024-11-11 00:00:00-05:00,5.360000133514404,5.449999809265137,5.039999961853027,5.21999979019165,10422000,0.0,0.0
2024-11-12 00:00:00-05:00,5.139999866485596,5.179999828338623,4.960000038146973,5.03000020980835,7858500,0.0,0.0
2024-11-13 00:00:00-05:00,5.070000171661377,5.139999866485596,4.96999979019165,4.980000019073486,7252800,0.0,0.0
2024-11-14 00:00:00-05:00,4.929999828338623,5.039999961853027,4.889999866485596,4.980000019073486,8474800,0.0,0.0
2024-11-15 00:00:00-05:00,5.039999961853027,5.059999942779541,4.929999828338623,4.940000057220459,4945500,0.0,0.0
2024-11-18 00:00:00-05:00,5.150000095367432,5.389999866485596,5.130000114440918,5.300000190734863,10990000,0.0,0.0
2024-11-19 00:00:00-05:00,5.429999828338623,5.559999942779541,5.300000190734863,5.539999961853027,7945300,0.0,0.0
2024-11-20 00:00:00-05:00,5.5,5.639999866485596,5.46999979019165,5.570000171661377,5827500,0.0,0.0
2024-11-21 00:00:00-05:00,5.670000076293945,5.71999979019165,5.550000190734863,5.699999809265137,4936800,0.0,0.0
2024-11-22 00:00:00-05:00,5.739999771118164,5.75,5.630000114440918,5.699999809265137,6252400,0.0,0.0
2024-11-25 00:00:00-05:00,5.46999979019165,5.5,5.28000020980835,5.329999923706055,8524700,0.0,0.0
2024-11-26 00:00:00-05:00,5.300000190734863,5.375,5.269999980926514,5.369999885559082,5161925,0.0,0.0
