Date,Open,High,Low,Close,Volume,Dividends,Stock Splits
2022-01-03 00:00:00-05:00,102.02999877929688,102.5999984741211,101.8499984741211,102.5,15900,0.0,0.0
2022-01-04 00:00:00-05:00,103.16999816894531,104.04000091552734,103.16999816894531,104.0,25700,0.0,0.0
2022-01-05 00:00:00-05:00,105.8499984741211,106.94999694824219,105.33000183105469,105.52999877929688,30400,0.0,0.0
2022-01-06 00:00:00-05:00,106.20999908447266,106.36000061035156,105.73999786376953,106.12999725341797,21000,0.0,0.0
2022-01-07 00:00:00-05:00,105.23999786376953,106.33000183105469,105.23999786376953,106.2699966430664,28700,0.0,0.0
2022-01-10 00:00:00-05:00,106.20999908447266,106.77999877929688,105.30000305175781,106.5199966430664,23000,0.0,0.0
2022-01-11 00:00:00-05:00,106.97000122070312,108.55000305175781,106.62999725341797,108.55000305175781,37500,0.0,0.0
2022-01-12 00:00:00-05:00,109.72000122070312,109.91999816894531,109.23999786376953,109.91999816894531,17600,0.0,0.0
2022-01-13 00:00:00-05:00,112.16999816894531,112.20999908447266,111.36000061035156,111.63999938964844,16400,0.0,0.0
2022-01-14 00:00:00-05:00,111.73999786376953,112.91000366210938,111.33000183105469,112.87999725341797,14500,0.0,0.0
2022-01-18 00:00:00-05:00,112.05999755859375,112.05999755859375,111.11000061035156,111.29000091552734,26200,0.0,0.0
2022-01-19 00:00:00-05:00,110.91999816894531,110.91999816894531,109.36000061035156,109.80000305175781,25500,0.0,0.0
2022-01-20 00:00:00-05:00,109.63999938964844,110.29000091552734,108.45999908447266,108.73999786376953,30500,0.0,0.0
2022-01-21 00:00:00-05:00,109.54000091552734,109.54000091552734,108.4000015258789,108.52999877929688,21100,0.0,0.0
2022-01-24 00:00:00-05:00,107.37999725341797,108.19000244140625,105.8499984741211,108.12000274658203,39900,0.0,0.0
2022-01-25 00:00:00-05:00,105.19999694824219,106.37000274658203,103.9800033569336,105.47000122070312,48800,0.0,0.0
2022-01-26 00:00:00-05:00,104.43000030517578,105.27999877929688,102.76000213623047,102.80000305175781,57700,0.0,0.0
2022-01-27 00:00:00-05:00,102.0,102.98999786376953,101.5,101.80000305175781,83300,0.0,0.0
2022-01-28 00:00:00-05:00,101.05000305175781,101.94999694824219,100.5,101.76000213623047,63800,0.0,0.0
2022-01-31 00:00:00-05:00,101.94000244140625,103.98999786376953,101.94000244140625,103.69000244140625,30300,0.0,0.0
2022-02-01 00:00:00-05:00,103.7300033569336,104.55000305175781,103.41000366210938,104.0999984741211,46300,0.0,0.0
2022-02-02 00:00:00-05:00,104.9800033569336,105.73999786376953,104.87000274658203,105.63999938964844,21900,0.0,0.0
2022-02-03 00:00:00-05:00,105.63999938964844,106.01000213623047,104.5,104.73999786376953,25100,0.0,0.0
2022-02-04 00:00:00-05:00,105.47000122070312,107.19999694824219,105.47000122070312,106.61000061035156,30500,0.0,0.0
2022-02-07 00:00:00-05:00,106.69000244140625,107.01000213623047,103.13999938964844,104.1500015258789,47200,0.0,0.0
2022-02-08 00:00:00-05:00,105.2699966430664,105.56999969482422,104.19000244140625,105.36000061035156,73100,0.0,0.0
2022-02-09 00:00:00-05:00,106.13999938964844,106.83000183105469,104.81999969482422,106.0,94600,0.0,0.0
2022-02-10 00:00:00-05:00,105.08999633789062,105.80999755859375,104.0199966430664,104.44000244140625,66000,0.0,0.0
2022-02-11 00:00:00-05:00,103.95999908447266,104.62000274658203,102.95999908447266,103.47000122070312,26600,0.0,0.0
2022-02-14 00:00:00-05:00,103.0999984741211,103.0999984741211,101.20999908447266,101.86000061035156,21500,0.0,0.0
2022-02-15 00:00:00-05:00,103.20999908447266,104.12999725341797,102.16000366210938,103.55999755859375,22800,0.0,0.0
2022-02-16 00:00:00-05:00,102.94000244140625,103.66000366210938,102.48999786376953,103.33999633789062,22100,0.0,0.0
2022-02-17 00:00:00-05:00,103.18000030517578,103.79000091552734,102.1500015258789,102.36000061035156,22000,0.0,0.0
2022-02-18 00:00:00-05:00,102.75,102.83000183105469,101.76000213623047,102.0999984741211,16300,0.0,0.0
2022-02-22 00:00:00-05:00,101.37000274658203,102.73999786376953,101.06999969482422,101.69000244140625,16900,0.0,0.0
2022-02-23 00:00:00-05:00,102.05999755859375,102.16999816894531,100.12000274658203,100.5,15400,0.0,0.0
2022-02-24 00:00:00-05:00,98.0,98.51000213623047,96.08999633789062,98.51000213623047,26100,0.0,0.0
2022-02-25 00:00:00-05:00,98.2300033569336,98.45999908447266,97.08999633789062,98.12999725341797,43200,0.0,0.0
2022-02-28 00:00:00-05:00,98.6500015258789,99.13999938964844,97.2699966430664,98.58999633789062,43700,0.0,0.0
2022-03-01 00:00:00-05:00,102.3499984741211,103.43000030517578,102.0,102.4000015258789,65700,0.0,0.0
2022-03-02 00:00:00-05:00,99.77999877929688,100.83999633789062,98.54000091552734,99.58000183105469,36100,0.0,0.0
2022-03-03 00:00:00-05:00,100.0,100.61000061035156,98.51000213623047,99.12000274658203,29800,0.0,0.0
2022-03-04 00:00:00-05:00,96.02999877929688,96.5999984741211,95.29000091552734,95.7300033569336,27100,0.0,0.0
2022-03-07 00:00:00-05:00,94.13999938964844,94.30999755859375,91.05000305175781,91.16000366210938,61600,0.0,0.0
2022-03-08 00:00:00-05:00,87.0,87.5,85.0,86.20999908447266,62100,0.0,0.0
2022-03-09 00:00:00-05:00,88.62999725341797,90.5199966430664,88.55000305175781,90.19000244140625,78900,0.0,0.0
2022-03-10 00:00:00-05:00,91.37999725341797,92.87999725341797,91.31999969482422,92.48999786376953,47300,0.0,0.0
2022-03-11 00:00:00-05:00,94.05999755859375,94.70999908447266,92.55000305175781,92.63999938964844,28900,0.0,0.0
2022-03-14 00:00:00-04:00,94.20999908447266,95.38999938964844,93.80999755859375,93.95999908447266,35500,0.0,0.0
2022-03-15 00:00:00-04:00,94.69999694824219,95.37000274658203,94.11000061035156,95.08000183105469,38700,0.0,0.0
2022-03-16 00:00:00-04:00,97.44999694824219,98.41999816894531,96.66000366210938,98.41000366210938,26200,0.0,0.0
2022-03-17 00:00:00-04:00,97.16000366210938,98.36000061035156,97.16000366210938,98.26000213623047,19900,0.0,0.0
2022-03-18 00:00:00-04:00,97.87000274658203,99.1500015258789,97.7300033569336,99.0999984741211,22400,0.0,0.0
2022-03-21 00:00:00-04:00,98.87000274658203,99.61000061035156,98.55000305175781,99.26000213623047,27200,0.0,0.0
2022-03-22 00:00:00-04:00,101.38999938964844,102.18000030517578,101.38999938964844,102.06999969482422,21600,0.0,0.0
2022-03-23 00:00:00-04:00,100.61000061035156,101.69999694824219,100.41999816894531,100.5,15100,0.0,0.0
2022-03-24 00:00:00-04:00,101.80000305175781,101.80000305175781,100.58999633789062,101.5999984741211,19200,0.0,0.0
2022-03-25 00:00:00-04:00,100.75,101.30999755859375,100.05999755859375,101.23999786376953,26600,0.0,0.0
2022-03-28 00:00:00-04:00,101.54000091552734,102.48999786376953,101.19999694824219,101.61000061035156,12200,0.0,0.0
2022-03-29 00:00:00-04:00,102.68000030517578,102.68000030517578,101.37000274658203,102.2300033569336,23900,0.0,0.0
2022-03-30 00:00:00-04:00,102.33000183105469,102.6500015258789,101.4800033569336,101.7699966430664,15600,0.0,0.0
2022-03-31 00:00:00-04:00,100.22000122070312,100.81999969482422,99.5199966430664,99.8499984741211,30400,0.0,0.0
2022-04-01 00:00:00-04:00,101.79000091552734,102.04000091552734,101.08999633789062,101.88999938964844,20500,0.0,0.0
2022-04-04 00:00:00-04:00,99.0,99.51000213623047,98.47000122070312,99.26000213623047,28500,0.0,0.0
2022-04-05 00:00:00-04:00,97.55999755859375,97.69000244140625,96.05000305175781,96.06999969482422,37600,0.0,0.0
2022-04-06 00:00:00-04:00,95.19000244140625,95.79000091552734,94.81999969482422,95.22000122070312,36400,0.0,0.0
2022-04-07 00:00:00-04:00,93.88999938964844,93.97000122070312,92.94000244140625,93.61000061035156,26300,0.0,0.0
2022-04-08 00:00:00-04:00,91.83999633789062,93.3499984741211,91.83000183105469,92.30000305175781,40500,0.0,0.0
2022-04-11 00:00:00-04:00,92.26000213623047,92.91000366210938,91.87999725341797,91.97000122070312,46300,0.0,0.0
2022-04-12 00:00:00-04:00,93.45999908447266,93.45999908447266,91.86000061035156,92.0999984741211,29400,0.0,0.0
2022-04-13 00:00:00-04:00,91.55000305175781,91.66999816894531,90.72000122070312,91.62000274658203,30400,0.0,0.0
2022-04-14 00:00:00-04:00,92.98999786376953,92.98999786376953,91.88999938964844,92.05999755859375,24800,0.0,0.0
2022-04-18 00:00:00-04:00,92.47000122070312,92.7300033569336,91.9000015258789,92.20999908447266,26300,0.0,0.0
2022-04-19 00:00:00-04:00,91.41000366210938,92.66999816894531,91.41000366210938,92.66999816894531,47100,0.0,0.0
2022-04-20 00:00:00-04:00,94.55000305175781,94.68000030517578,93.94999694824219,94.3499984741211,39800,0.0,0.0
2022-04-21 00:00:00-04:00,94.08000183105469,94.2699966430664,92.5999984741211,92.69000244140625,21600,0.0,0.0
2022-04-22 00:00:00-04:00,93.08000183105469,93.08999633789062,91.55000305175781,91.66999816894531,23700,0.0,0.0
2022-04-25 00:00:00-04:00,90.97000122070312,91.12000274658203,90.06999969482422,91.0999984741211,48100,0.0,0.0
2022-04-26 00:00:00-04:00,91.30000305175781,91.30000305175781,89.55999755859375,89.5999984741211,37700,0.0,0.0
2022-04-27 00:00:00-04:00,88.7300033569336,89.45999908447266,88.33000183105469,88.62999725341797,36000,0.0,0.0
2022-04-28 00:00:00-04:00,90.33999633789062,92.23999786376953,90.29000091552734,91.83000183105469,47600,0.0,0.0
2022-04-29 00:00:00-04:00,92.02999877929688,92.5199966430664,90.51000213623047,90.80999755859375,31500,0.0,0.0
2022-05-02 00:00:00-04:00,90.61000061035156,90.61000061035156,89.5199966430664,90.29000091552734,47500,0.0,0.0
2022-05-03 00:00:00-04:00,90.77999877929688,91.91999816894531,90.55999755859375,91.8499984741211,49200,0.0,0.0
2022-05-04 00:00:00-04:00,91.88999938964844,93.19000244140625,90.83999633789062,93.01000213623047,32900,0.0,0.0
2022-05-05 00:00:00-04:00,92.27999877929688,92.3499984741211,89.7699966430664,90.33999633789062,28100,0.0,0.0
2022-05-06 00:00:00-04:00,92.16000366210938,92.43000030517578,91.38999938964844,91.83999633789062,35400,0.0,0.0
2022-05-09 00:00:00-04:00,90.44000244140625,90.48999786376953,89.19999694824219,89.45999908447266,63000,0.0,0.0
2022-05-10 00:00:00-04:00,89.36000061035156,89.41999816894531,87.38999938964844,88.05999755859375,59100,0.0,0.0
2022-05-11 00:00:00-04:00,85.98999786376953,87.6500015258789,85.58999633789062,86.83000183105469,44800,0.0,0.0
2022-05-12 00:00:00-04:00,86.94999694824219,87.58000183105469,85.9800033569336,87.01000213623047,35400,0.0,0.0
2022-05-13 00:00:00-04:00,88.88999938964844,89.91000366210938,88.86000061035156,89.75,24600,0.0,0.0
2022-05-16 00:00:00-04:00,88.7300033569336,88.83999633789062,87.33999633789062,87.58000183105469,56600,0.0,0.0
2022-05-17 00:00:00-04:00,88.54000091552734,89.69999694824219,88.54000091552734,89.4800033569336,45500,0.0,0.0
2022-05-18 00:00:00-04:00,89.20999908447266,89.20999908447266,87.77999877929688,87.94000244140625,15700,0.0,0.0
2022-05-19 00:00:00-04:00,88.73999786376953,90.20999908447266,88.73999786376953,89.52999877929688,37700,0.0,0.0
2022-05-20 00:00:00-04:00,90.37000274658203,90.62999725341797,89.30999755859375,90.22000122070312,34200,0.0,0.0
2022-05-23 00:00:00-04:00,92.04000091552734,93.26000213623047,91.9800033569336,92.7699966430664,48900,0.0,0.0
2022-05-24 00:00:00-04:00,92.08999633789062,92.55999755859375,91.5,92.3499984741211,30800,0.0,0.0
2022-05-25 00:00:00-04:00,92.41999816894531,93.66000366210938,92.41999816894531,93.33000183105469,23000,0.0,0.0
2022-05-26 00:00:00-04:00,93.7699966430664,94.83999633789062,93.7699966430664,94.75,20000,0.0,0.0
2022-05-27 00:00:00-04:00,95.33000183105469,96.4800033569336,95.33000183105469,96.37000274658203,30200,0.0,0.0
2022-05-31 00:00:00-04:00,95.04000091552734,95.56999969482422,94.5999984741211,95.23999786376953,28600,0.0,0.0
2022-06-01 00:00:00-04:00,96.16000366210938,96.16000366210938,94.75,95.41999816894531,18200,0.0,0.0
2022-06-02 00:00:00-04:00,95.91000366210938,97.26000213623047,95.87000274658203,97.16999816894531,27100,0.0,0.0
2022-06-03 00:00:00-04:00,95.0,95.0,93.51000213623047,93.63999938964844,23600,0.0,0.0
2022-06-06 00:00:00-04:00,94.80999755859375,94.94999694824219,93.51000213623047,94.12000274658203,12500,0.0,0.0
2022-06-07 00:00:00-04:00,92.94000244140625,93.94000244140625,92.87999725341797,93.83999633789062,20300,0.0,0.0
2022-06-08 00:00:00-04:00,93.51000213623047,93.62000274658203,92.5,92.56999969482422,46400,0.0,0.0
2022-06-09 00:00:00-04:00,92.55999755859375,92.55999755859375,91.06999969482422,91.1500015258789,26200,0.0,0.0
2022-06-10 00:00:00-04:00,89.66999816894531,89.66999816894531,88.19999694824219,88.30999755859375,35900,0.0,0.0
2022-06-13 00:00:00-04:00,86.72000122070312,87.0199966430664,84.95999908447266,85.0999984741211,54800,0.0,0.0
2022-06-14 00:00:00-04:00,85.47000122070312,86.29000091552734,84.16999816894531,84.7699966430664,66000,0.0,0.0
2022-06-15 00:00:00-04:00,85.16999816894531,87.3499984741211,85.16999816894531,86.80999755859375,43400,0.0,0.0
2022-06-16 00:00:00-04:00,85.73999786376953,86.13999938964844,84.83000183105469,85.6500015258789,60000,0.0,0.0
2022-06-17 00:00:00-04:00,84.4800033569336,85.06999969482422,83.95999908447266,84.88999938964844,103600,0.0,0.0
2022-06-21 00:00:00-04:00,86.25,87.19000244140625,86.25,87.11000061035156,46000,0.0,0.0
2022-06-22 00:00:00-04:00,85.51000213623047,86.81999969482422,85.44999694824219,86.02999877929688,53500,0.0,0.0
2022-06-23 00:00:00-04:00,86.66000366210938,86.9000015258789,85.68000030517578,86.06999969482422,34700,0.0,0.0
2022-06-24 00:00:00-04:00,85.87000274658203,87.52999877929688,85.87000274658203,87.4800033569336,59200,0.0,0.0
2022-06-27 00:00:00-04:00,87.08999633789062,87.16999816894531,86.51000213623047,86.7699966430664,38800,0.0,0.0
2022-06-28 00:00:00-04:00,87.48999786376953,88.18000030517578,86.44999694824219,86.5199966430664,27900,0.0,0.0
2022-06-29 00:00:00-04:00,86.38999938964844,86.38999938964844,85.80000305175781,85.8499984741211,24700,0.0,0.0
2022-06-30 00:00:00-04:00,83.9000015258789,84.25,83.0999984741211,84.16000366210938,39800,0.0,0.0
2022-07-01 00:00:00-04:00,83.11000061035156,84.76000213623047,83.11000061035156,84.68000030517578,44200,0.0,0.0
2022-07-05 00:00:00-04:00,83.80999755859375,84.44999694824219,82.97000122070312,84.44999694824219,60900,0.0,0.0
2022-07-06 00:00:00-04:00,83.2699966430664,83.2699966430664,80.72000122070312,81.41000366210938,70100,0.0,0.0
2022-07-07 00:00:00-04:00,81.91999816894531,82.70999908447266,81.87999725341797,82.2699966430664,37500,0.0,0.0
2022-07-08 00:00:00-04:00,82.68000030517578,83.94000244140625,82.68000030517578,83.7699966430664,43900,0.0,0.0
2022-07-11 00:00:00-04:00,83.79000091552734,84.2699966430664,83.30000305175781,83.4000015258789,43900,0.0,0.0
2022-07-12 00:00:00-04:00,82.75,83.62999725341797,82.69999694824219,83.11000061035156,52400,0.0,0.0
2022-07-13 00:00:00-04:00,82.66999816894531,83.69999694824219,82.37999725341797,83.54000091552734,39300,0.0,0.0
2022-07-14 00:00:00-04:00,82.18000030517578,82.18000030517578,81.13999938964844,81.7300033569336,37500,0.0,0.0
2022-07-15 00:00:00-04:00,81.5,82.02999877929688,80.36000061035156,81.93000030517578,34800,0.0,0.0
2022-07-18 00:00:00-04:00,82.26000213623047,82.5199966430664,80.79000091552734,80.95999908447266,59700,0.0,0.0
2022-07-19 00:00:00-04:00,82.73999786376953,83.8499984741211,82.1500015258789,83.55999755859375,75500,0.0,0.0
2022-07-20 00:00:00-04:00,83.01000213623047,83.51000213623047,82.80000305175781,83.31999969482422,38200,0.0,0.0
2022-07-21 00:00:00-04:00,82.98999786376953,83.8499984741211,82.98999786376953,83.83999633789062,31700,0.0,0.0
2022-07-22 00:00:00-04:00,84.31999969482422,84.6500015258789,83.66000366210938,84.04000091552734,21900,0.0,0.0
2022-07-25 00:00:00-04:00,83.20999908447266,84.3499984741211,82.44999694824219,84.25,54500,0.0,0.0
2022-07-26 00:00:00-04:00,84.58000183105469,85.06999969482422,84.06999969482422,84.08999633789062,41900,0.0,0.0
2022-07-27 00:00:00-04:00,84.48999786376953,85.51000213623047,84.01000213623047,85.31999969482422,34200,0.0,0.0
2022-07-28 00:00:00-04:00,85.95999908447266,86.66999816894531,85.4000015258789,86.66999816894531,31900,0.0,0.0
2022-07-29 00:00:00-04:00,87.83000183105469,88.87000274658203,87.54000091552734,88.76000213623047,35700,0.0,0.0
2022-08-01 00:00:00-04:00,89.75,89.93000030517578,89.16000366210938,89.77999877929688,49100,0.0,0.0
2022-08-02 00:00:00-04:00,88.94999694824219,88.94999694824219,87.30999755859375,87.30999755859375,24900,0.0,0.0
2022-08-03 00:00:00-04:00,88.01000213623047,88.01000213623047,85.08000183105469,85.83999633789062,31800,0.0,0.0
2022-08-04 00:00:00-04:00,84.04000091552734,84.48999786376953,83.56999969482422,83.69999694824219,27500,0.0,0.0
2022-08-05 00:00:00-04:00,83.19000244140625,83.19000244140625,82.1500015258789,82.51000213623047,30500,0.0,0.0
2022-08-08 00:00:00-04:00,83.18000030517578,83.33999633789062,82.31999969482422,82.31999969482422,32700,0.0,0.0
2022-08-09 00:00:00-04:00,82.18000030517578,82.41000366210938,81.05999755859375,81.47000122070312,29200,0.0,0.0
2022-08-10 00:00:00-04:00,83.27999877929688,84.37000274658203,83.23999786376953,83.58000183105469,35100,0.0,0.0
2022-08-11 00:00:00-04:00,83.5199966430664,84.70999908447266,83.5199966430664,84.44000244140625,37900,0.0,0.0
2022-08-12 00:00:00-04:00,84.4000015258789,85.06999969482422,84.18000030517578,84.87000274658203,23600,0.0,0.0
2022-08-15 00:00:00-04:00,84.1500015258789,84.4000015258789,83.68000030517578,84.16000366210938,24300,0.0,0.0
2022-08-16 00:00:00-04:00,83.4800033569336,83.70999908447266,83.05000305175781,83.41999816894531,23800,0.0,0.0
2022-08-17 00:00:00-04:00,83.63999938964844,84.68000030517578,83.54000091552734,84.20999908447266,25200,0.0,0.0
2022-08-18 00:00:00-04:00,84.16000366210938,84.22000122070312,83.55000305175781,83.86000061035156,22100,0.0,0.0
2022-08-19 00:00:00-04:00,83.1500015258789,83.1500015258789,82.18000030517578,82.26000213623047,22600,0.0,0.0
2022-08-22 00:00:00-04:00,82.20999908447266,82.20999908447266,81.18000030517578,81.27999877929688,30400,0.0,0.0
2022-08-23 00:00:00-04:00,81.7699966430664,83.26000213623047,81.7699966430664,82.55999755859375,33100,0.0,0.0
2022-08-24 00:00:00-04:00,82.95999908447266,83.52999877929688,82.83000183105469,83.30000305175781,25800,0.0,0.0
2022-08-25 00:00:00-04:00,84.23999786376953,85.04000091552734,84.05000305175781,84.94000244140625,28900,0.0,0.0
2022-08-26 00:00:00-04:00,84.66999816894531,84.66999816894531,82.62000274658203,82.69000244140625,31200,0.0,0.0
2022-08-29 00:00:00-04:00,82.0,83.29000091552734,81.25,82.4000015258789,99200,0.0,0.0
2022-08-30 00:00:00-04:00,82.98999786376953,83.01000213623047,81.66000366210938,81.86000061035156,36000,0.0,0.0
2022-08-31 00:00:00-04:00,82.68000030517578,83.33000183105469,82.30999755859375,82.3499984741211,65500,0.0,0.0
2022-09-01 00:00:00-04:00,81.22000122070312,81.27999877929688,80.36000061035156,80.7699966430664,42900,0.0,0.0
2022-09-02 00:00:00-04:00,81.2699966430664,81.77999877929688,80.31999969482422,80.5999984741211,31200,0.0,0.0
2022-09-06 00:00:00-04:00,80.0,80.3499984741211,78.44000244140625,78.7300033569336,43100,0.0,0.0
2022-09-07 00:00:00-04:00,77.97000122070312,78.62000274658203,77.41999816894531,78.62000274658203,36100,0.0,0.0
2022-09-08 00:00:00-04:00,78.47000122070312,79.68000030517578,78.37999725341797,79.66000366210938,63800,0.0,0.0
2022-09-09 00:00:00-04:00,80.62999725341797,81.29000091552734,80.37000274658203,81.08999633789062,20600,0.0,0.0
2022-09-12 00:00:00-04:00,81.76000213623047,82.36000061035156,81.66000366210938,81.87999725341797,42500,0.0,0.0
2022-09-13 00:00:00-04:00,80.8499984741211,80.8499984741211,78.44000244140625,78.7300033569336,35000,0.0,0.0
2022-09-14 00:00:00-04:00,79.75,80.4000015258789,78.70999908447266,79.44000244140625,88400,0.0,0.0
2022-09-15 00:00:00-04:00,78.76000213623047,79.61000061035156,78.18000030517578,78.54000091552734,38100,0.0,0.0
2022-09-16 00:00:00-04:00,78.55000305175781,78.93000030517578,77.70999908447266,78.5199966430664,43500,0.0,0.0
2022-09-19 00:00:00-04:00,78.1500015258789,79.5999984741211,78.1500015258789,79.44000244140625,44100,0.0,0.0
2022-09-20 00:00:00-04:00,78.2699966430664,78.33999633789062,77.33999633789062,78.05000305175781,43300,0.0,0.0
2022-09-21 00:00:00-04:00,77.55999755859375,78.4000015258789,76.79000091552734,76.91999816894531,42600,0.0,0.0
2022-09-22 00:00:00-04:00,76.33999633789062,78.1500015258789,76.33999633789062,77.06999969482422,58600,0.0,0.0
2022-09-23 00:00:00-04:00,74.75,75.66000366210938,74.56999969482422,75.4000015258789,49700,0.0,0.0
2022-09-26 00:00:00-04:00,74.16999816894531,74.97000122070312,73.11000061035156,73.73999786376953,51800,0.0,0.0
2022-09-27 00:00:00-04:00,73.8499984741211,73.8499984741211,72.23999786376953,72.52999877929688,68400,0.0,0.0
2022-09-28 00:00:00-04:00,72.13999938964844,73.91000366210938,72.12999725341797,73.7699966430664,39700,0.0,0.0
2022-09-29 00:00:00-04:00,72.52999877929688,72.52999877929688,70.6500015258789,71.81999969482422,71500,0.0,0.0
2022-09-30 00:00:00-04:00,70.72000122070312,71.66000366210938,70.58999633789062,70.66999816894531,67800,0.0,0.0
2022-10-03 00:00:00-04:00,71.5999984741211,73.11000061035156,71.12999725341797,72.5999984741211,58300,0.0,0.0
2022-10-04 00:00:00-04:00,74.73999786376953,76.11000061035156,74.33999633789062,75.87000274658203,97900,0.0,0.0
2022-10-05 00:00:00-04:00,74.20999908447266,75.02999877929688,73.81999969482422,74.4800033569336,42000,0.0,0.0
2022-10-06 00:00:00-04:00,73.73999786376953,73.73999786376953,72.88999938964844,73.25,34900,0.0,0.0
2022-10-07 00:00:00-04:00,72.66000366210938,73.0199966430664,72.01000213623047,72.45999908447266,37800,0.0,0.0
2022-10-10 00:00:00-04:00,72.72000122070312,72.72000122070312,71.0,71.58000183105469,40200,0.0,0.0
2022-10-11 00:00:00-04:00,71.12999725341797,72.44000244140625,71.11000061035156,71.37000274658203,62100,0.0,0.0
2022-10-12 00:00:00-04:00,71.04000091552734,71.91999816894531,70.88999938964844,71.3499984741211,38500,0.0,0.0
2022-10-13 00:00:00-04:00,69.58000183105469,71.87000274658203,69.12999725341797,71.7300033569336,49500,0.0,0.0
2022-10-14 00:00:00-04:00,72.27999877929688,72.27999877929688,70.4800033569336,70.54000091552734,30600,0.0,0.0
2022-10-17 00:00:00-04:00,71.52999877929688,71.70999908447266,71.0,71.5,39700,0.0,0.0
2022-10-18 00:00:00-04:00,72.18000030517578,72.18000030517578,70.43000030517578,70.87000274658203,58000,0.0,0.0
2022-10-19 00:00:00-04:00,70.51000213623047,70.9000015258789,69.93000030517578,70.16999816894531,34500,0.0,0.0
2022-10-20 00:00:00-04:00,70.0199966430664,71.13999938964844,69.47000122070312,69.91000366210938,45600,0.0,0.0
2022-10-21 00:00:00-04:00,69.25,70.91000366210938,69.02999877929688,70.87999725341797,31100,0.0,0.0
2022-10-24 00:00:00-04:00,70.31999969482422,71.05999755859375,70.16999816894531,70.81999969482422,48100,0.0,0.0
2022-10-25 00:00:00-04:00,71.91000366210938,72.80000305175781,71.6500015258789,72.62000274658203,80300,0.0,0.0
2022-10-26 00:00:00-04:00,73.94999694824219,74.12000274658203,73.38999938964844,73.45999908447266,36300,0.0,0.0
2022-10-27 00:00:00-04:00,73.06999969482422,73.55999755859375,72.26000213623047,72.3499984741211,35700,0.0,0.0
2022-10-28 00:00:00-04:00,72.30000305175781,73.43000030517578,72.30000305175781,73.43000030517578,30200,0.0,0.0
2022-10-31 00:00:00-04:00,73.13999938964844,73.5199966430664,72.98999786376953,73.2300033569336,40300,0.0,0.0
2022-11-01 00:00:00-04:00,74.06999969482422,74.19000244140625,72.55000305175781,73.26000213623047,44600,0.0,0.0
2022-11-02 00:00:00-04:00,74.16999816894531,75.01000213623047,72.95999908447266,73.18000030517578,28500,0.0,0.0
2022-11-03 00:00:00-04:00,72.2300033569336,72.9800033569336,71.88999938964844,72.58000183105469,39200,0.0,0.0
2022-11-04 00:00:00-04:00,73.52999877929688,74.22000122070312,73.12999725341797,74.16000366210938,62800,0.0,0.0
2022-11-07 00:00:00-05:00,72.25,72.25,68.77999877929688,68.87000274658203,50200,0.0,0.0
2022-11-08 00:00:00-05:00,70.0999984741211,72.25,70.0999984741211,71.80999755859375,69800,0.0,0.0
2022-11-09 00:00:00-05:00,71.1500015258789,71.47000122070312,70.33000183105469,70.5999984741211,39500,0.0,0.0
2022-11-10 00:00:00-05:00,72.72000122070312,74.58000183105469,72.72000122070312,74.58000183105469,34600,0.0,0.0
2022-11-11 00:00:00-05:00,76.37000274658203,76.95999908447266,75.86000061035156,76.63999938964844,27300,0.0,0.0
2022-11-14 00:00:00-05:00,75.19000244140625,76.33000183105469,75.19000244140625,75.30000305175781,29700,0.0,0.0
2022-11-15 00:00:00-05:00,76.47000122070312,76.4800033569336,75.16000366210938,75.48999786376953,44400,0.0,0.0
2022-11-16 00:00:00-05:00,74.93000030517578,75.44000244140625,74.29000091552734,74.68000030517578,32200,0.0,0.0
2022-11-17 00:00:00-05:00,75.3499984741211,76.52999877929688,75.3499984741211,76.33999633789062,43900,0.0,0.0
2022-11-18 00:00:00-05:00,76.5999984741211,76.5999984741211,75.75,75.97000122070312,20800,0.0,0.0
2022-11-21 00:00:00-05:00,76.26000213623047,76.61000061035156,76.05999755859375,76.44000244140625,26500,0.0,0.0
2022-11-22 00:00:00-05:00,77.16000366210938,77.79000091552734,77.1500015258789,77.44000244140625,41700,0.0,0.0
2022-11-23 00:00:00-05:00,77.38999938964844,78.47000122070312,77.38999938964844,78.44000244140625,22900,0.0,0.0
2022-11-25 00:00:00-05:00,80.08000183105469,80.8499984741211,79.8499984741211,80.69000244140625,15900,0.0,0.0
2022-11-28 00:00:00-05:00,80.02999877929688,80.63999938964844,79.4000015258789,79.66999816894531,29800,0.0,0.0
2022-11-29 00:00:00-05:00,79.7699966430664,80.12999725341797,79.58999633789062,79.8499984741211,24900,0.0,0.0
2022-11-30 00:00:00-05:00,79.76000213623047,80.94000244140625,78.83999633789062,80.72000122070312,26900,0.0,0.0
2022-12-01 00:00:00-05:00,81.2699966430664,81.36000061035156,80.2699966430664,80.94000244140625,20700,0.0,0.0
2022-12-02 00:00:00-05:00,79.80000305175781,80.3499984741211,79.5,80.19000244140625,26300,0.0,0.0
2022-12-05 00:00:00-05:00,79.48999786376953,79.70999908447266,77.95999908447266,78.33999633789062,25200,0.0,0.0
2022-12-06 00:00:00-05:00,78.94999694824219,79.16999816894531,77.93000030517578,78.6500015258789,20100,0.0,0.0
2022-12-07 00:00:00-05:00,79.73999786376953,80.43000030517578,79.73999786376953,80.12000274658203,25900,0.0,0.0
2022-12-08 00:00:00-05:00,79.30000305175781,79.58000183105469,78.93000030517578,79.38999938964844,26900,0.0,0.0
2022-12-09 00:00:00-05:00,79.76000213623047,79.88999938964844,79.30999755859375,79.45999908447266,14500,0.0,0.0
2022-12-12 00:00:00-05:00,80.33999633789062,80.69000244140625,80.13999938964844,80.51000213623047,19700,0.0,0.0
2022-12-13 00:00:00-05:00,82.87000274658203,83.2300033569336,81.94000244140625,81.9800033569336,26300,0.0,0.0
2022-12-14 00:00:00-05:00,82.51000213623047,82.72000122070312,81.08000183105469,82.05000305175781,35500,0.0,0.0
2022-12-15 00:00:00-05:00,81.22000122070312,81.27999877929688,79.72000122070312,79.83000183105469,64000,0.0,0.0
2022-12-16 00:00:00-05:00,78.69999694824219,79.12999725341797,78.16000366210938,78.75,42400,0.0,0.0
2022-12-19 00:00:00-05:00,78.58999633789062,79.41999816894531,78.58999633789062,79.0,40900,0.0,0.0
2022-12-20 00:00:00-05:00,80.05000305175781,81.54000091552734,79.91999816894531,81.19999694824219,51400,0.0,0.0
2022-12-21 00:00:00-05:00,80.26000213623047,81.2300033569336,79.4800033569336,80.76000213623047,32100,0.0,0.0
2022-12-22 00:00:00-05:00,80.83999633789062,80.91000366210938,79.13999938964844,80.45999908447266,33800,0.0,0.0
2022-12-23 00:00:00-05:00,80.83999633789062,81.30999755859375,80.63999938964844,81.29000091552734,18500,0.0,0.0
2022-12-27 00:00:00-05:00,80.9800033569336,81.05999755859375,80.30000305175781,81.01000213623047,23800,0.0,0.0
2022-12-28 00:00:00-05:00,80.63999938964844,81.11000061035156,79.3499984741211,79.61000061035156,24500,0.0,0.0
2022-12-29 00:00:00-05:00,80.23999786376953,81.22000122070312,79.80000305175781,81.0199966430664,24800,0.0,0.0
2022-12-30 00:00:00-05:00,80.12999725341797,80.83999633789062,80.01000213623047,80.5199966430664,18500,0.0,0.0
2023-01-03 00:00:00-05:00,81.27999877929688,81.66999816894531,80.68000030517578,81.02999877929688,37800,0.0,0.0
2023-01-04 00:00:00-05:00,81.23999786376953,81.23999786376953,79.91999816894531,80.56999969482422,58000,0.0,0.0
2023-01-05 00:00:00-05:00,79.5999984741211,79.63999938964844,79.0999984741211,79.31999969482422,25800,0.0,0.0
2023-01-06 00:00:00-05:00,79.0,80.86000061035156,78.72000122070312,80.79000091552734,23000,0.0,0.0
2023-01-09 00:00:00-05:00,80.80999755859375,81.83000183105469,80.70999908447266,80.79000091552734,33000,0.0,0.0
2023-01-10 00:00:00-05:00,79.05999755859375,79.97000122070312,78.9800033569336,79.7699966430664,20000,0.0,0.0
2023-01-11 00:00:00-05:00,80.75,80.87999725341797,80.55000305175781,80.77999877929688,11500,0.0,0.0
2023-01-12 00:00:00-05:00,81.55999755859375,82.41999816894531,80.9800033569336,82.41000366210938,26900,0.0,0.0
2023-01-13 00:00:00-05:00,82.58999633789062,83.31999969482422,82.41000366210938,83.11000061035156,21200,0.0,0.0
2023-01-17 00:00:00-05:00,86.01000213623047,86.94999694824219,86.01000213623047,86.62999725341797,33900,0.0,0.0
2023-01-18 00:00:00-05:00,87.38999938964844,87.44000244140625,86.04000091552734,86.25,38300,0.0,0.0
2023-01-19 00:00:00-05:00,85.7300033569336,86.45999908447266,83.79000091552734,86.13999938964844,50600,0.0,0.0
2023-01-20 00:00:00-05:00,85.22000122070312,86.12000274658203,84.86000061035156,86.06999969482422,13800,0.0,0.0
2023-01-23 00:00:00-05:00,85.5,86.1500015258789,85.33999633789062,85.73999786376953,24400,0.0,0.0
2023-01-24 00:00:00-05:00,85.73999786376953,87.08999633789062,85.7300033569336,86.87999725341797,25900,0.0,0.0
2023-01-25 00:00:00-05:00,86.98999786376953,87.4000015258789,86.7300033569336,87.3499984741211,63700,0.0,0.0
2023-01-26 00:00:00-05:00,86.95999908447266,87.4800033569336,86.55999755859375,87.47000122070312,24900,0.0,0.0
2023-01-27 00:00:00-05:00,87.69999694824219,88.06999969482422,87.19000244140625,87.72000122070312,73200,0.0,0.0
2023-01-30 00:00:00-05:00,87.0199966430664,87.31999969482422,86.5,87.12999725341797,35600,0.0,0.0
2023-01-31 00:00:00-05:00,87.5199966430664,88.20999908447266,87.37999725341797,87.91999816894531,15700,0.0,0.0
2023-02-01 00:00:00-05:00,87.2300033569336,88.2300033569336,86.58000183105469,87.61000061035156,29600,0.0,0.0
2023-02-02 00:00:00-05:00,87.33000183105469,87.43000030517578,86.75,86.88999938964844,22500,0.0,0.0
2023-02-03 00:00:00-05:00,85.77999877929688,86.69000244140625,85.77999877929688,86.30000305175781,12900,0.0,0.0
2023-02-06 00:00:00-05:00,86.9000015258789,87.18000030517578,85.87999725341797,86.0,20000,0.0,0.0
2023-02-07 00:00:00-05:00,87.51000213623047,89.08999633789062,87.45999908447266,88.97000122070312,20500,0.0,0.0
2023-02-08 00:00:00-05:00,88.56999969482422,88.61000061035156,87.95999908447266,88.43000030517578,17100,0.0,0.0
2023-02-09 00:00:00-05:00,90.12999725341797,90.52999877929688,88.93000030517578,89.16000366210938,20600,0.0,0.0
2023-02-10 00:00:00-05:00,89.6500015258789,89.70999908447266,89.0999984741211,89.61000061035156,10600,0.0,0.0
2023-02-13 00:00:00-05:00,89.22000122070312,90.06999969482422,89.22000122070312,89.98999786376953,15200,0.0,0.0
2023-02-14 00:00:00-05:00,89.4800033569336,89.79000091552734,88.77999877929688,89.30999755859375,12000,0.0,0.0
2023-02-15 00:00:00-05:00,88.2300033569336,88.75,88.05999755859375,88.70999908447266,13000,0.0,0.0
2023-02-16 00:00:00-05:00,87.66999816894531,88.2300033569336,87.26000213623047,87.80000305175781,24500,0.0,0.0
2023-02-17 00:00:00-05:00,87.56999969482422,88.02999877929688,87.4000015258789,87.91000366210938,14000,0.0,0.0
2023-02-21 00:00:00-05:00,89.68000030517578,89.76000213623047,89.11000061035156,89.23999786376953,24500,0.0,0.0
2023-02-22 00:00:00-05:00,88.80000305175781,88.80000305175781,88.04000091552734,88.5,13700,0.0,0.0
2023-02-23 00:00:00-05:00,88.45999908447266,89.1500015258789,88.16999816894531,89.01000213623047,11500,0.0,0.0
2023-02-24 00:00:00-05:00,88.16999816894531,88.18000030517578,87.1500015258789,88.02999877929688,27800,0.0,0.0
2023-02-27 00:00:00-05:00,89.77999877929688,89.77999877929688,89.05999755859375,89.37000274658203,16100,0.0,0.0
2023-02-28 00:00:00-05:00,89.58999633789062,89.97000122070312,89.08999633789062,89.37999725341797,20100,0.0,0.0
2023-03-01 00:00:00-05:00,89.61000061035156,89.79000091552734,89.38999938964844,89.66999816894531,13500,0.0,0.0
2023-03-02 00:00:00-05:00,89.06999969482422,89.52999877929688,88.80000305175781,89.47000122070312,17100,0.0,0.0
2023-03-03 00:00:00-05:00,90.52999877929688,91.45999908447266,90.20999908447266,91.44999694824219,10800,0.0,0.0
2023-03-06 00:00:00-05:00,90.9800033569336,91.11000061035156,90.4800033569336,90.69000244140625,15800,0.0,0.0
2023-03-07 00:00:00-05:00,90.36000061035156,90.5999984741211,88.94000244140625,89.12999725341797,13100,0.0,0.0
2023-03-08 00:00:00-05:00,89.2300033569336,89.55999755859375,88.81999969482422,89.41999816894531,16100,0.0,0.0
2023-03-09 00:00:00-05:00,89.3499984741211,89.72000122070312,88.22000122070312,88.4000015258789,14200,0.0,0.0
2023-03-10 00:00:00-05:00,88.2699966430664,88.55999755859375,86.80999755859375,87.0199966430664,18500,0.0,0.0
2023-03-13 00:00:00-04:00,86.05000305175781,86.05000305175781,84.7300033569336,84.80999755859375,20300,0.0,0.0
2023-03-14 00:00:00-04:00,83.44000244140625,83.51000213623047,82.36000061035156,83.08000183105469,26700,0.0,0.0
2023-03-15 00:00:00-04:00,82.66000366210938,82.66000366210938,80.98999786376953,81.56999969482422,27800,0.0,0.0
2023-03-16 00:00:00-04:00,79.86000061035156,81.83000183105469,79.86000061035156,81.26000213623047,45500,0.0,0.0
2023-03-17 00:00:00-04:00,81.33000183105469,81.33000183105469,79.72000122070312,80.1500015258789,28300,0.0,0.0
2023-03-20 00:00:00-04:00,80.01000213623047,80.80000305175781,79.63999938964844,80.27999877929688,13400,0.0,0.0
2023-03-21 00:00:00-04:00,80.72000122070312,82.01000213623047,80.72000122070312,81.44999694824219,53900,0.0,0.0
2023-03-22 00:00:00-04:00,82.5,83.44999694824219,82.08999633789062,82.36000061035156,30000,0.0,0.0
2023-03-23 00:00:00-04:00,82.87000274658203,83.44999694824219,81.5199966430664,82.05999755859375,22700,0.0,0.0
2023-03-24 00:00:00-04:00,81.19000244140625,82.4800033569336,80.55000305175781,82.44999694824219,137800,0.0,0.0
2023-03-27 00:00:00-04:00,81.81999969482422,82.20999908447266,81.68000030517578,82.13999938964844,55800,0.0,0.0
2023-03-28 00:00:00-04:00,82.83999633789062,83.55999755859375,82.7699966430664,83.44000244140625,27000,0.0,0.0
2023-03-29 00:00:00-04:00,83.45999908447266,83.88999938964844,83.13999938964844,83.56999969482422,19400,0.0,0.0
2023-03-30 00:00:00-04:00,81.7300033569336,81.94999694824219,81.37000274658203,81.58999633789062,23700,0.0,0.0
2023-03-31 00:00:00-04:00,82.04000091552734,82.5,81.56999969482422,82.08000183105469,35100,0.0,0.0
2023-04-03 00:00:00-04:00,83.19000244140625,83.83000183105469,83.12000274658203,83.5999984741211,22900,0.0,0.0
2023-04-04 00:00:00-04:00,83.29000091552734,83.56999969482422,82.66999816894531,82.86000061035156,44700,0.0,0.0
2023-04-05 00:00:00-04:00,82.41999816894531,82.66000366210938,81.33000183105469,81.80999755859375,22000,0.0,0.0
2023-04-06 00:00:00-04:00,81.62999725341797,82.25,81.5199966430664,81.94000244140625,24000,0.0,0.0
2023-04-10 00:00:00-04:00,81.23999786376953,81.94999694824219,81.05000305175781,81.88999938964844,18200,0.0,0.0
2023-04-11 00:00:00-04:00,82.3499984741211,82.75,82.19999694824219,82.61000061035156,30800,0.0,0.0
2023-04-12 00:00:00-04:00,83.56999969482422,84.55999755859375,83.56999969482422,83.76000213623047,20700,0.0,0.0
2023-04-13 00:00:00-04:00,85.37000274658203,85.98999786376953,85.05999755859375,85.52999877929688,31900,0.0,0.0
2023-04-14 00:00:00-04:00,85.44999694824219,85.77999877929688,84.72000122070312,85.43000030517578,40800,0.0,0.0
2023-04-17 00:00:00-04:00,86.1500015258789,86.52999877929688,86.0,86.33999633789062,16900,0.0,0.0
2023-04-18 00:00:00-04:00,86.30000305175781,86.43000030517578,86.01000213623047,86.33999633789062,11600,0.0,0.0
2023-04-19 00:00:00-04:00,86.19000244140625,86.25,85.8499984741211,86.2300033569336,20300,0.0,0.0
2023-04-20 00:00:00-04:00,85.7300033569336,86.43000030517578,85.7300033569336,86.23999786376953,14300,0.0,0.0
2023-04-21 00:00:00-04:00,86.30000305175781,86.33999633789062,85.12999725341797,85.70999908447266,11100,0.0,0.0
2023-04-24 00:00:00-04:00,85.12000274658203,85.73999786376953,85.01000213623047,85.58999633789062,12400,0.0,0.0
2023-04-25 00:00:00-04:00,85.54000091552734,85.54000091552734,84.48999786376953,84.58000183105469,18500,0.0,0.0
2023-04-26 00:00:00-04:00,84.58999633789062,84.69999694824219,83.9000015258789,84.12000274658203,10000,0.0,0.0
2023-04-27 00:00:00-04:00,85.16999816894531,85.93000030517578,85.0999984741211,85.93000030517578,18300,0.0,0.0
2023-04-28 00:00:00-04:00,85.19999694824219,85.30999755859375,84.55000305175781,85.30999755859375,7800,0.0,0.0
2023-05-01 00:00:00-04:00,85.36000061035156,85.51000213623047,84.91999816894531,85.22000122070312,11300,0.0,0.0
2023-05-02 00:00:00-04:00,83.76000213623047,83.76000213623047,82.66999816894531,83.48999786376953,17800,0.0,0.0
2023-05-03 00:00:00-04:00,83.88999938964844,84.5,83.37000274658203,83.4000015258789,14000,0.0,0.0
2023-05-04 00:00:00-04:00,83.66999816894531,84.16000366210938,83.04000091552734,83.7300033569336,18000,0.0,0.0
2023-05-05 00:00:00-04:00,84.1500015258789,85.97000122070312,84.1500015258789,85.94000244140625,23400,0.0,0.0
2023-05-08 00:00:00-04:00,85.30000305175781,85.6500015258789,85.05000305175781,85.19000244140625,13100,0.0,0.0
2023-05-09 00:00:00-04:00,85.7300033569336,86.37000274658203,85.7300033569336,86.20999908447266,15600,0.0,0.0
2023-05-10 00:00:00-04:00,87.69000244140625,88.9800033569336,87.69000244140625,88.77999877929688,21800,0.0,0.0
2023-05-11 00:00:00-04:00,87.26000213623047,87.26000213623047,86.31999969482422,86.5199966430664,21500,0.0,0.0
2023-05-12 00:00:00-04:00,85.68000030517578,85.68000030517578,84.62000274658203,85.12000274658203,14000,0.0,0.0
2023-05-15 00:00:00-04:00,87.01000213623047,88.20999908447266,86.83999633789062,87.97000122070312,16300,0.0,0.0
2023-05-16 00:00:00-04:00,87.80000305175781,88.4000015258789,87.58000183105469,88.0,16700,0.0,0.0
2023-05-17 00:00:00-04:00,87.81999969482422,89.16999816894531,87.5,88.94999694824219,35200,0.0,0.0
2023-05-18 00:00:00-04:00,88.81999969482422,89.0199966430664,88.30000305175781,88.69000244140625,48200,0.0,0.0
2023-05-19 00:00:00-04:00,87.45999908447266,87.47000122070312,86.91000366210938,87.33999633789062,15700,0.0,0.0
2023-05-22 00:00:00-04:00,86.36000061035156,86.62000274658203,86.0,86.45999908447266,16500,0.0,0.0
2023-05-23 00:00:00-04:00,85.91000366210938,86.22000122070312,85.27999877929688,85.48999786376953,23300,0.0,0.0
2023-05-24 00:00:00-04:00,85.05999755859375,85.08000183105469,84.29000091552734,84.33999633789062,26800,0.0,0.0
2023-05-25 00:00:00-04:00,84.9800033569336,84.9800033569336,84.3499984741211,84.66000366210938,12200,0.0,0.0
2023-05-26 00:00:00-04:00,84.70999908447266,85.48999786376953,84.70999908447266,85.04000091552734,15500,0.0,0.0
2023-05-30 00:00:00-04:00,84.5999984741211,84.5999984741211,84.01000213623047,84.12999725341797,24500,0.0,0.0
2023-05-31 00:00:00-04:00,83.75,84.4800033569336,83.55999755859375,84.4000015258789,39700,0.0,0.0
2023-06-01 00:00:00-04:00,85.37999725341797,86.38999938964844,85.37999725341797,86.2699966430664,14300,0.0,0.0
2023-06-02 00:00:00-04:00,87.77999877929688,88.66999816894531,87.69999694824219,88.43000030517578,28500,0.0,0.0
2023-06-05 00:00:00-04:00,88.80000305175781,88.80000305175781,87.8499984741211,88.02999877929688,13800,0.0,0.0
2023-06-06 00:00:00-04:00,88.91999816894531,89.68000030517578,88.91999816894531,89.4800033569336,15900,0.0,0.0
2023-06-07 00:00:00-04:00,88.72000122070312,88.72000122070312,88.04000091552734,88.20999908447266,16400,0.0,0.0
2023-06-08 00:00:00-04:00,87.54000091552734,88.16000366210938,87.38999938964844,88.08999633789062,12900,0.0,0.0
2023-06-09 00:00:00-04:00,88.47000122070312,88.51000213623047,88.11000061035156,88.4800033569336,23200,0.0,0.0
2023-06-12 00:00:00-04:00,88.41000366210938,89.2300033569336,88.11000061035156,88.79000091552734,73900,0.0,0.0
2023-06-13 00:00:00-04:00,89.44000244140625,90.25,89.44000244140625,89.6500015258789,26600,0.0,0.0
2023-06-14 00:00:00-04:00,90.7300033569336,91.02999877929688,89.80000305175781,90.5,38500,0.0,0.0
2023-06-15 00:00:00-04:00,89.77999877929688,90.5999984741211,89.68000030517578,90.55999755859375,27800,0.0,0.0
2023-06-16 00:00:00-04:00,89.20999908447266,89.52999877929688,88.97000122070312,89.33000183105469,109600,0.0,0.0
2023-06-20 00:00:00-04:00,88.19999694824219,88.4000015258789,87.37999725341797,87.9000015258789,70400,0.0,0.0
2023-06-21 00:00:00-04:00,88.80000305175781,89.91000366210938,88.80000305175781,89.68000030517578,36100,0.0,0.0
2023-06-22 00:00:00-04:00,91.95999908447266,91.9800033569336,91.31999969482422,91.4000015258789,65900,0.0,0.0
2023-06-23 00:00:00-04:00,89.87000274658203,89.87999725341797,88.97000122070312,89.06999969482422,20400,0.0,0.0
2023-06-26 00:00:00-04:00,88.63999938964844,89.22000122070312,88.62999725341797,88.87999725341797,29500,0.0,0.0
2023-06-27 00:00:00-04:00,89.31999969482422,90.93000030517578,88.95999908447266,90.33000183105469,29800,0.0,0.0
2023-06-28 00:00:00-04:00,91.97000122070312,92.02999877929688,91.5999984741211,91.95999908447266,21000,0.0,0.0
2023-06-29 00:00:00-04:00,90.80000305175781,91.19000244140625,90.7300033569336,91.12999725341797,25100,0.0,0.0
2023-06-30 00:00:00-04:00,91.0199966430664,91.44999694824219,90.94000244140625,91.20999908447266,15500,0.0,0.0
2023-07-03 00:00:00-04:00,91.87999725341797,92.16000366210938,91.51000213623047,91.72000122070312,20900,0.0,0.0
2023-07-05 00:00:00-04:00,91.23999786376953,91.51000213623047,91.0999984741211,91.23999786376953,16600,0.0,0.0
2023-07-06 00:00:00-04:00,89.94000244140625,89.94000244140625,88.9000015258789,89.44000244140625,19000,0.0,0.0
2023-07-07 00:00:00-04:00,89.75,91.1500015258789,89.75,90.8499984741211,13000,0.0,0.0
2023-07-10 00:00:00-04:00,89.80999755859375,90.36000061035156,89.80999755859375,90.13999938964844,18400,0.0,0.0
2023-07-11 00:00:00-04:00,90.38999938964844,91.06999969482422,90.27999877929688,91.02999877929688,13300,0.0,0.0
2023-07-12 00:00:00-04:00,91.4000015258789,92.27999877929688,91.19000244140625,91.79000091552734,16800,0.0,0.0
2023-07-13 00:00:00-04:00,92.45999908447266,92.93000030517578,92.19000244140625,92.61000061035156,24700,0.0,0.0
2023-07-14 00:00:00-04:00,93.02999877929688,93.12000274658203,92.31999969482422,92.37999725341797,16500,0.0,0.0
2023-07-17 00:00:00-04:00,92.37000274658203,92.52999877929688,92.02999877929688,92.36000061035156,11900,0.0,0.0
2023-07-18 00:00:00-04:00,93.06999969482422,93.63999938964844,92.8499984741211,93.5199966430664,14300,0.0,0.0
2023-07-19 00:00:00-04:00,93.87999725341797,93.91000366210938,93.41999816894531,93.66000366210938,8200,0.0,0.0
2023-07-20 00:00:00-04:00,92.88999938964844,93.26000213623047,92.79000091552734,93.25,9000,0.0,0.0
2023-07-21 00:00:00-04:00,93.16999816894531,93.2300033569336,92.55999755859375,92.9800033569336,15600,0.0,0.0
2023-07-24 00:00:00-04:00,93.11000061035156,93.66999816894531,92.94000244140625,93.16999816894531,12800,0.0,0.0
2023-07-25 00:00:00-04:00,93.63999938964844,94.55999755859375,93.63999938964844,94.23999786376953,13200,0.0,0.0
2023-07-26 00:00:00-04:00,93.9000015258789,94.5,93.9000015258789,94.44999694824219,9100,0.0,0.0
2023-07-27 00:00:00-04:00,95.3499984741211,96.13999938964844,95.25,95.4800033569336,30000,0.0,0.0
2023-07-28 00:00:00-04:00,96.54000091552734,97.16999816894531,96.23999786376953,96.62000274658203,14100,0.0,0.0
2023-07-31 00:00:00-04:00,96.70999908447266,96.70999908447266,96.26000213623047,96.37999725341797,8200,0.0,0.0
2023-08-01 00:00:00-04:00,95.5999984741211,95.87000274658203,95.26000213623047,95.37999725341797,11400,0.0,0.0
2023-08-02 00:00:00-04:00,93.73999786376953,93.83999633789062,93.0199966430664,93.22000122070312,15300,0.0,0.0
2023-08-03 00:00:00-04:00,91.94999694824219,92.91000366210938,91.94999694824219,92.5999984741211,21400,0.0,0.0
2023-08-04 00:00:00-04:00,93.13999938964844,93.13999938964844,91.88999938964844,92.31999969482422,17400,0.0,0.0
2023-08-07 00:00:00-04:00,91.5199966430664,91.83000183105469,91.16999816894531,91.44999694824219,19800,0.0,0.0
2023-08-08 00:00:00-04:00,90.7699966430664,90.7699966430664,89.94000244140625,90.4000015258789,19000,0.0,0.0
2023-08-09 00:00:00-04:00,90.05999755859375,90.52999877929688,89.30000305175781,89.5199966430664,16900,0.0,0.0
2023-08-10 00:00:00-04:00,90.76000213623047,91.08000183105469,89.38999938964844,89.58000183105469,10700,0.0,0.0
2023-08-11 00:00:00-04:00,89.61000061035156,89.61000061035156,89.01000213623047,89.26000213623047,9600,0.0,0.0
2023-08-14 00:00:00-04:00,89.4800033569336,89.4800033569336,88.45999908447266,88.8499984741211,16400,0.0,0.0
2023-08-15 00:00:00-04:00,89.56999969482422,89.56999969482422,88.48999786376953,88.61000061035156,15900,0.0,0.0
2023-08-16 00:00:00-04:00,87.69999694824219,87.95999908447266,87.27999877929688,87.38999938964844,13800,0.0,0.0
2023-08-17 00:00:00-04:00,88.5199966430664,88.5199966430664,87.72000122070312,87.76000213623047,13400,0.0,0.0
2023-08-18 00:00:00-04:00,87.48999786376953,90.29000091552734,87.48999786376953,88.52999877929688,66700,0.0,0.0
2023-08-21 00:00:00-04:00,89.31999969482422,89.31999969482422,88.76000213623047,89.27999877929688,155500,0.0,0.0
2023-08-22 00:00:00-04:00,89.72000122070312,89.7300033569336,89.1500015258789,89.5999984741211,23600,0.0,0.0
2023-08-23 00:00:00-04:00,90.54000091552734,90.88999938964844,90.38999938964844,90.75,11100,0.0,0.0
2023-08-24 00:00:00-04:00,90.80000305175781,90.93000030517578,89.94000244140625,90.30999755859375,19000,0.0,0.0
2023-08-25 00:00:00-04:00,90.33000183105469,90.79000091552734,89.7300033569336,90.5,12700,0.0,0.0
2023-08-28 00:00:00-04:00,91.19999694824219,91.69999694824219,90.98999786376953,91.4000015258789,32600,0.0,0.0
2023-08-29 00:00:00-04:00,90.7300033569336,91.7699966430664,90.7300033569336,91.7699966430664,10500,0.0,0.0
2023-08-30 00:00:00-04:00,92.33000183105469,92.48999786376953,92.08000183105469,92.26000213623047,6300,0.0,0.0
2023-08-31 00:00:00-04:00,93.16999816894531,93.2300033569336,92.61000061035156,92.9000015258789,9900,0.0,0.0
2023-09-01 00:00:00-04:00,94.86000061035156,94.86000061035156,93.66999816894531,94.22000122070312,9300,0.0,0.0
2023-09-05 00:00:00-04:00,95.58000183105469,95.63999938964844,94.51000213623047,95.11000061035156,16500,0.0,0.0
2023-09-06 00:00:00-04:00,97.05999755859375,97.37000274658203,96.37000274658203,97.02999877929688,23600,0.0,0.0
2023-09-07 00:00:00-04:00,97.5999984741211,98.08000183105469,97.54000091552734,98.0,22000,0.0,0.0
2023-09-08 00:00:00-04:00,97.05999755859375,97.05999755859375,96.08000183105469,96.51000213623047,31400,0.0,0.0
2023-09-11 00:00:00-04:00,96.77999877929688,98.93000030517578,96.61000061035156,97.16000366210938,15700,0.0,0.0
2023-09-12 00:00:00-04:00,95.69000244140625,96.06999969482422,95.5199966430664,95.98999786376953,49100,0.0,0.0
2023-09-13 00:00:00-04:00,96.5,97.12000274658203,96.5,97.0,14800,0.0,0.0
2023-09-14 00:00:00-04:00,99.0999984741211,99.9800033569336,98.95999908447266,99.93000030517578,54800,0.0,0.0
2023-09-15 00:00:00-04:00,100.11000061035156,100.70999908447266,99.41999816894531,99.66999816894531,24500,0.0,0.0
2023-09-18 00:00:00-04:00,99.69999694824219,99.69999694824219,98.22000122070312,99.27999877929688,10800,0.0,0.0
2023-09-19 00:00:00-04:00,101.12000274658203,101.55999755859375,100.87999725341797,101.38999938964844,20900,0.0,0.0
2023-09-20 00:00:00-04:00,99.83000183105469,100.52999877929688,98.9800033569336,99.05000305175781,50000,0.0,0.0
2023-09-21 00:00:00-04:00,97.75,98.25,96.8499984741211,96.93000030517578,14900,0.0,0.0
2023-09-22 00:00:00-04:00,98.20999908447266,98.56999969482422,97.47000122070312,97.62999725341797,13200,0.0,0.0
2023-09-25 00:00:00-04:00,97.13999938964844,97.73999786376953,96.9000015258789,97.33000183105469,8900,0.0,0.0
2023-09-26 00:00:00-04:00,96.87999725341797,97.7300033569336,95.58999633789062,96.41999816894531,14600,0.0,0.0
2023-09-27 00:00:00-04:00,97.45999908447266,98.1500015258789,96.37000274658203,97.01000213623047,10600,0.0,0.0
2023-09-28 00:00:00-04:00,94.91999816894531,96.30000305175781,94.22000122070312,95.62999725341797,14400,0.0,0.0
2023-09-29 00:00:00-04:00,94.93000030517578,94.93000030517578,93.25,93.87999725341797,32600,0.0,0.0
2023-10-02 00:00:00-04:00,92.79000091552734,93.75,91.76000213623047,92.31999969482422,20100,0.0,0.0
2023-10-03 00:00:00-04:00,90.05000305175781,90.94000244140625,89.44000244140625,89.66999816894531,32000,0.0,0.0
2023-10-04 00:00:00-04:00,87.44000244140625,87.79000091552734,86.58999633789062,87.4000015258789,33500,0.0,0.0
2023-10-05 00:00:00-04:00,90.52999877929688,90.5999984741211,89.73999786376953,90.2300033569336,35700,0.0,0.0
2023-10-06 00:00:00-04:00,90.63999938964844,91.83999633789062,90.08999633789062,91.29000091552734,19800,0.0,0.0
2023-10-09 00:00:00-04:00,90.81999969482422,91.7300033569336,90.38999938964844,91.52999877929688,16000,0.0,0.0
2023-10-10 00:00:00-04:00,93.12999725341797,93.47000122070312,92.66000366210938,92.8499984741211,19600,0.0,0.0
2023-10-11 00:00:00-04:00,93.04000091552734,93.04000091552734,92.18000030517578,92.80000305175781,11200,0.0,0.0
2023-10-12 00:00:00-04:00,93.58000183105469,93.58000183105469,91.80000305175781,92.37999725341797,20800,0.0,0.0
2023-10-13 00:00:00-04:00,91.62000274658203,91.95999908447266,90.62000274658203,91.01000213623047,8900,0.0,0.0
2023-10-16 00:00:00-04:00,90.43000030517578,91.7699966430664,90.43000030517578,90.94999694824219,13200,0.0,0.0
2023-10-17 00:00:00-04:00,90.41999816894531,91.69000244140625,90.25,91.12000274658203,29000,0.0,0.0
2023-10-18 00:00:00-04:00,90.62000274658203,90.62999725341797,89.56999969482422,89.66999816894531,11200,0.0,0.0
2023-10-19 00:00:00-04:00,89.94999694824219,90.6500015258789,89.19999694824219,89.37999725341797,16100,0.0,0.0
2023-10-20 00:00:00-04:00,90.18000030517578,90.2300033569336,89.11000061035156,89.13999938964844,15800,0.0,0.0
2023-10-23 00:00:00-04:00,89.16000366210938,89.73999786376953,88.66000366210938,89.19000244140625,14500,0.0,0.0
2023-10-24 00:00:00-04:00,90.44000244140625,90.55999755859375,89.7699966430664,90.33999633789062,16000,0.0,0.0
2023-10-25 00:00:00-04:00,90.19999694824219,90.19999694824219,89.12000274658203,89.12000274658203,14800,0.0,0.0
2023-10-26 00:00:00-04:00,88.9000015258789,89.19999694824219,88.29000091552734,88.69000244140625,13600,0.0,0.0
2023-10-27 00:00:00-04:00,90.55999755859375,90.55999755859375,89.41999816894531,89.58999633789062,10200,0.0,0.0
2023-10-30 00:00:00-04:00,89.80999755859375,90.45999908447266,89.41000366210938,90.23999786376953,13100,0.0,0.0
2023-10-31 00:00:00-04:00,91.20999908447266,91.91000366210938,90.75,91.5999984741211,25400,0.0,0.0
2023-11-01 00:00:00-04:00,91.9000015258789,91.9000015258789,90.30000305175781,91.0,22100,0.0,0.0
2023-11-02 00:00:00-04:00,88.5,89.81999969482422,88.11000061035156,88.95999908447266,17000,0.0,0.0
2023-11-03 00:00:00-04:00,89.9800033569336,90.83000183105469,89.37000274658203,90.08999633789062,21100,0.0,0.0
2023-11-06 00:00:00-05:00,90.8499984741211,92.25,89.87000274658203,90.2300033569336,12700,0.0,0.0
2023-11-07 00:00:00-05:00,88.2699966430664,88.5,87.73999786376953,88.36000061035156,10000,0.0,0.0
2023-11-08 00:00:00-05:00,87.55000305175781,87.55000305175781,86.05000305175781,86.41999816894531,19600,0.0,0.0
2023-11-09 00:00:00-05:00,88.08000183105469,88.16000366210938,86.79000091552734,87.12999725341797,18000,0.0,0.0
2023-11-10 00:00:00-05:00,87.8499984741211,88.87999725341797,87.26000213623047,88.7699966430664,16800,0.0,0.0
2023-11-13 00:00:00-05:00,88.16999816894531,88.91999816894531,87.87000274658203,88.2699966430664,23400,0.0,0.0
2023-11-14 00:00:00-05:00,88.87999725341797,90.51000213623047,88.87999725341797,90.37999725341797,20600,0.0,0.0
2023-11-15 00:00:00-05:00,89.66999816894531,89.98999786376953,89.38999938964844,89.38999938964844,11700,0.0,0.0
2023-11-16 00:00:00-05:00,89.12000274658203,89.44999694824219,88.27999877929688,88.9800033569336,14000,0.0,0.0
2023-11-17 00:00:00-05:00,90.08999633789062,90.44000244140625,89.72000122070312,90.30999755859375,25000,0.0,0.0
2023-11-20 00:00:00-05:00,90.2699966430664,90.98999786376953,90.2699966430664,90.86000061035156,16900,0.0,0.0
2023-11-21 00:00:00-05:00,90.3499984741211,90.51000213623047,89.69000244140625,90.3499984741211,17600,0.0,0.0
2023-11-22 00:00:00-05:00,91.12999725341797,91.19000244140625,90.66000366210938,90.88999938964844,10400,0.0,0.0
2023-11-24 00:00:00-05:00,90.81999969482422,91.43000030517578,90.13999938964844,91.43000030517578,4800,0.0,0.0
2023-11-27 00:00:00-05:00,91.77999877929688,92.0199966430664,91.62000274658203,91.80999755859375,10100,0.0,0.0
2023-11-28 00:00:00-05:00,91.37000274658203,91.9800033569336,90.80999755859375,91.5199966430664,10600,0.0,0.0
2023-11-29 00:00:00-05:00,91.23999786376953,91.5999984741211,90.91000366210938,91.12999725341797,13700,0.0,0.0
2023-11-30 00:00:00-05:00,91.56999969482422,91.58999633789062,90.94999694824219,91.44000244140625,13300,0.0,0.0
2023-12-01 00:00:00-05:00,91.27999877929688,92.41999816894531,91.18000030517578,92.37000274658203,8500,0.0,0.0
2023-12-04 00:00:00-05:00,91.7300033569336,91.80999755859375,90.66000366210938,91.55000305175781,10800,0.0,0.0
2023-12-05 00:00:00-05:00,91.7699966430664,91.8499984741211,91.29000091552734,91.43000030517578,8900,0.0,0.0
2023-12-06 00:00:00-05:00,93.47000122070312,93.47000122070312,92.80999755859375,92.87000274658203,10100,0.0,0.0
2023-12-07 00:00:00-05:00,93.29000091552734,94.72000122070312,93.16999816894531,94.2699966430664,15000,0.0,0.0
2023-12-08 00:00:00-05:00,93.54000091552734,94.02999877929688,93.30000305175781,94.02999877929688,10300,0.0,0.0
2023-12-11 00:00:00-05:00,92.04000091552734,94.87999725341797,91.37999725341797,92.20999908447266,33300,0.0,0.0
2023-12-12 00:00:00-05:00,91.33999633789062,91.37999725341797,90.70999908447266,91.01000213623047,11300,0.0,0.0
2023-12-13 00:00:00-05:00,90.68000030517578,91.9800033569336,89.9000015258789,91.5199966430664,16800,0.0,0.0
2023-12-14 00:00:00-05:00,93.33999633789062,93.69000244140625,92.70999908447266,93.11000061035156,16400,0.0,0.0
2023-12-15 00:00:00-05:00,93.12999725341797,93.12999725341797,91.87999725341797,92.22000122070312,22100,0.0,0.0
2023-12-18 00:00:00-05:00,92.04000091552734,92.04000091552734,91.18000030517578,91.7699966430664,10200,0.0,0.0
2023-12-19 00:00:00-05:00,91.7300033569336,93.5,91.66999816894531,91.98999786376953,27000,0.0,0.0
2023-12-20 00:00:00-05:00,92.62000274658203,92.94999694824219,91.75,91.86000061035156,15200,0.0,0.0
2023-12-21 00:00:00-05:00,92.37999725341797,93.4000015258789,92.25,93.13999938964844,14700,0.0,0.0
2023-12-22 00:00:00-05:00,92.9000015258789,93.76000213623047,92.88999938964844,93.05000305175781,10800,0.0,0.0
2023-12-26 00:00:00-05:00,92.73999786376953,93.20999908447266,92.37000274658203,92.87999725341797,15300,0.0,0.0
2023-12-27 00:00:00-05:00,92.63999938964844,92.63999938964844,91.98999786376953,92.41000366210938,11500,0.0,0.0
2023-12-28 00:00:00-05:00,93.12999725341797,93.6500015258789,93.08999633789062,93.2300033569336,9100,0.0,0.0
2023-12-29 00:00:00-05:00,93.69000244140625,93.87000274658203,93.33999633789062,93.38999938964844,8500,0.0,0.0
2024-01-02 00:00:00-05:00,92.51000213623047,93.33000183105469,91.91999816894531,92.37999725341797,10600,0.0,0.0
2024-01-03 00:00:00-05:00,92.0199966430664,92.5,91.5199966430664,92.08999633789062,18000,0.0,0.0
2024-01-04 00:00:00-05:00,92.5999984741211,94.05000305175781,92.5999984741211,93.30000305175781,11200,0.0,0.0
2024-01-05 00:00:00-05:00,94.98999786376953,97.80999755859375,94.83000183105469,96.2699966430664,16500,0.0,0.0
2024-01-08 00:00:00-05:00,96.51000213623047,97.31999969482422,95.62000274658203,97.0199966430664,9100,0.0,0.0
2024-01-09 00:00:00-05:00,95.5199966430664,96.2300033569336,94.91000366210938,95.38999938964844,7500,0.0,0.0
2024-01-10 00:00:00-05:00,95.63999938964844,96.4800033569336,95.58000183105469,95.9000015258789,23000,0.0,0.0
2024-01-11 00:00:00-05:00,96.0199966430664,96.5999984741211,95.79000091552734,96.25,7800,0.0,0.0
2024-01-12 00:00:00-05:00,96.0,96.5,95.63999938964844,95.9000015258789,9700,0.0,0.0
2024-01-16 00:00:00-05:00,96.19000244140625,96.38999938964844,95.31999969482422,96.06999969482422,15500,0.0,0.0
2024-01-17 00:00:00-05:00,93.97000122070312,94.31999969482422,93.70999908447266,94.05000305175781,9000,0.0,0.0
2024-01-18 00:00:00-05:00,94.37000274658203,95.19999694824219,94.30000305175781,95.16000366210938,8400,0.0,0.0
2024-01-19 00:00:00-05:00,94.33999633789062,94.9800033569336,93.9800033569336,94.8499984741211,10300,0.0,0.0
2024-01-22 00:00:00-05:00,96.37000274658203,97.30999755859375,96.01000213623047,96.54000091552734,8800,0.0,0.0
2024-01-23 00:00:00-05:00,96.19000244140625,96.62000274658203,95.77999877929688,95.97000122070312,16800,0.0,0.0
2024-01-24 00:00:00-05:00,96.94000244140625,97.80000305175781,95.94999694824219,96.25,13000,0.0,0.0
2024-01-25 00:00:00-05:00,96.7300033569336,96.94000244140625,95.33000183105469,96.77999877929688,19400,0.0,0.0
2024-01-26 00:00:00-05:00,96.2300033569336,96.80000305175781,95.66000366210938,96.19999694824219,17400,0.0,0.0
2024-01-29 00:00:00-05:00,96.5199966430664,97.30000305175781,96.43000030517578,96.80999755859375,7000,0.0,0.0
2024-01-30 00:00:00-05:00,95.87999725341797,96.29000091552734,95.29000091552734,95.70999908447266,20400,0.0,0.0
2024-01-31 00:00:00-05:00,97.3499984741211,97.62000274658203,94.77999877929688,95.54000091552734,20900,0.0,0.0
2024-02-01 00:00:00-05:00,96.12999725341797,96.80999755859375,95.31999969482422,96.76000213623047,13400,0.0,0.0
2024-02-02 00:00:00-05:00,95.80000305175781,96.16000366210938,95.47000122070312,96.1500015258789,44600,0.0,0.0
2024-02-05 00:00:00-05:00,96.31999969482422,96.73999786376953,95.80000305175781,96.4000015258789,18500,0.0,0.0
2024-02-06 00:00:00-05:00,95.8499984741211,96.37000274658203,95.27999877929688,96.37000274658203,14400,0.0,0.0
2024-02-07 00:00:00-05:00,96.51000213623047,97.47000122070312,96.51000213623047,97.47000122070312,19100,0.0,0.0
2024-02-08 00:00:00-05:00,100.83000183105469,100.9800033569336,100.08999633789062,100.7300033569336,19700,0.0,0.0
2024-02-09 00:00:00-05:00,100.7300033569336,101.38999938964844,100.7300033569336,101.38999938964844,12100,0.0,0.0
2024-02-12 00:00:00-05:00,101.22000122070312,102.1500015258789,101.16000366210938,101.80000305175781,7600,0.0,0.0
2024-02-13 00:00:00-05:00,100.16999816894531,100.4800033569336,99.18000030517578,99.55999755859375,16200,0.0,0.0
2024-02-14 00:00:00-05:00,99.22000122070312,99.9000015258789,99.22000122070312,99.9000015258789,8100,0.0,0.0
2024-02-15 00:00:00-05:00,99.95999908447266,100.5199966430664,99.75,100.5199966430664,10300,0.0,0.0
2024-02-16 00:00:00-05:00,100.44999694824219,101.44999694824219,100.44999694824219,100.91999816894531,16700,0.0,0.0
2024-02-20 00:00:00-05:00,102.83999633789062,102.83999633789062,101.04000091552734,102.30000305175781,17800,0.0,0.0
2024-02-21 00:00:00-05:00,102.73999786376953,103.25,100.81999969482422,103.20999908447266,8800,0.0,0.0
2024-02-22 00:00:00-05:00,102.87999725341797,105.0,102.87999725341797,104.45999908447266,32500,0.0,0.0
2024-02-23 00:00:00-05:00,104.45999908447266,104.45999908447266,103.58999633789062,103.97000122070312,12100,0.0,0.0
2024-02-26 00:00:00-05:00,105.04000091552734,105.30000305175781,100.81999969482422,104.52999877929688,28200,0.0,0.0
2024-02-27 00:00:00-05:00,104.7300033569336,105.72000122070312,104.51000213623047,105.08999633789062,10300,0.0,0.0
2024-02-28 00:00:00-05:00,104.88999938964844,105.56999969482422,104.5,105.08999633789062,6300,0.0,0.0
2024-02-29 00:00:00-05:00,104.95999908447266,105.20999908447266,104.6500015258789,105.20999908447266,10900,0.0,0.0
2024-03-01 00:00:00-05:00,105.23999786376953,106.3499984741211,105.0999984741211,105.94999694824219,12700,0.0,0.0
2024-03-04 00:00:00-05:00,104.36000061035156,104.51000213623047,103.5199966430664,104.05999755859375,11800,0.0,0.0
2024-03-05 00:00:00-05:00,105.97000122070312,106.6500015258789,105.86000061035156,106.2699966430664,16900,0.0,0.0
2024-03-06 00:00:00-05:00,108.33999633789062,109.9800033569336,107.4800033569336,109.45999908447266,21400,0.0,0.0
2024-03-07 00:00:00-05:00,109.80000305175781,112.04000091552734,108.20999908447266,108.54000091552734,126600,0.0,0.0
2024-03-08 00:00:00-05:00,110.08999633789062,110.20999908447266,108.91999816894531,109.44999694824219,15700,0.0,0.0
2024-03-11 00:00:00-04:00,106.86000061035156,106.86000061035156,104.3499984741211,105.63999938964844,48900,0.0,0.0
2024-03-12 00:00:00-04:00,106.83000183105469,107.43000030517578,106.33000183105469,107.0999984741211,17600,0.0,0.0
2024-03-13 00:00:00-04:00,105.58000183105469,106.41999816894531,105.58000183105469,105.91000366210938,13000,0.0,0.0
2024-03-14 00:00:00-04:00,106.27999877929688,106.5,105.3499984741211,105.70999908447266,14100,0.0,0.0
2024-03-15 00:00:00-04:00,106.4800033569336,107.38999938964844,106.4800033569336,107.19000244140625,13500,0.0,0.0
2024-03-18 00:00:00-04:00,108.98999786376953,109.87999725341797,108.91000366210938,109.52999877929688,15300,0.0,0.0
2024-03-19 00:00:00-04:00,111.29000091552734,112.27999877929688,110.72000122070312,112.01000213623047,14900,0.0,0.0
2024-03-20 00:00:00-04:00,112.06999969482422,112.81999969482422,111.93000030517578,112.62000274658203,11300,0.0,0.0
2024-03-21 00:00:00-04:00,112.33000183105469,113.0199966430664,111.2300033569336,111.6500015258789,12000,0.0,0.0
2024-03-22 00:00:00-04:00,111.16999816894531,111.30999755859375,110.36000061035156,111.29000091552734,21500,0.0,0.0
2024-03-25 00:00:00-04:00,113.43000030517578,113.43000030517578,110.13999938964844,110.4000015258789,18500,0.0,0.0
2024-03-26 00:00:00-04:00,110.83000183105469,111.20999908447266,109.80000305175781,110.44999694824219,24500,0.0,0.0
2024-03-27 00:00:00-04:00,110.11000061035156,110.5999984741211,109.45999908447266,110.26000213623047,16500,0.0,0.0
2024-03-28 00:00:00-04:00,109.83999633789062,110.2699966430664,109.41999816894531,110.19999694824219,27700,0.0,0.0
2024-04-01 00:00:00-04:00,104.8499984741211,104.94000244140625,104.04000091552734,104.93000030517578,21000,0.0,0.0
2024-04-02 00:00:00-04:00,104.9000015258789,105.27999877929688,104.75,105.19000244140625,13200,0.0,0.0
2024-04-03 00:00:00-04:00,104.9800033569336,106.16000366210938,104.77999877929688,105.91000366210938,13500,0.0,0.0
2024-04-04 00:00:00-04:00,106.06999969482422,106.68000030517578,104.9000015258789,105.05000305175781,7300,0.0,0.0
2024-04-05 00:00:00-04:00,105.02999877929688,105.9800033569336,105.02999877929688,105.5,8100,0.0,0.0
2024-04-08 00:00:00-04:00,106.4000015258789,109.29000091552734,106.4000015258789,107.30999755859375,55700,0.0,0.0
2024-04-09 00:00:00-04:00,107.7699966430664,108.20999908447266,106.5199966430664,107.20999908447266,28900,0.0,0.0
2024-04-10 00:00:00-04:00,105.98999786376953,106.0199966430664,105.30999755859375,105.83000183105469,9100,0.0,0.0
2024-04-11 00:00:00-04:00,105.55000305175781,105.69999694824219,104.69999694824219,105.2699966430664,9500,0.0,0.0
2024-04-12 00:00:00-04:00,106.52999877929688,106.52999877929688,105.48999786376953,105.69000244140625,10000,0.0,0.0
2024-04-15 00:00:00-04:00,105.91999816894531,106.27999877929688,104.80000305175781,104.80999755859375,8300,0.0,0.0
2024-04-16 00:00:00-04:00,103.0,103.37000274658203,102.5199966430664,102.83000183105469,19300,0.0,0.0
2024-04-17 00:00:00-04:00,102.2699966430664,102.37999725341797,101.37000274658203,101.94999694824219,11200,0.0,0.0
2024-04-18 00:00:00-04:00,101.91999816894531,102.62000274658203,101.61000061035156,101.75,22900,0.0,0.0
2024-04-19 00:00:00-04:00,101.54000091552734,102.5999984741211,101.16999816894531,101.44000244140625,12800,0.0,0.0
2024-04-22 00:00:00-04:00,102.87000274658203,104.18000030517578,102.8499984741211,103.76000213623047,28200,0.0,0.0
2024-04-23 00:00:00-04:00,103.5199966430664,104.23999786376953,103.5199966430664,104.20999908447266,12800,0.0,0.0
2024-04-24 00:00:00-04:00,104.27999877929688,104.30000305175781,103.88999938964844,104.26000213623047,8800,0.0,0.0
2024-04-25 00:00:00-04:00,101.54000091552734,102.54000091552734,101.54000091552734,102.48999786376953,11200,0.0,0.0
2024-04-26 00:00:00-04:00,101.93000030517578,102.72000122070312,101.81999969482422,102.55999755859375,12700,0.0,0.0
2024-04-29 00:00:00-04:00,103.04000091552734,103.73999786376953,102.76000213623047,103.54000091552734,12200,0.0,0.0
2024-04-30 00:00:00-04:00,103.26000213623047,103.5999984741211,102.37000274658203,102.56999969482422,27800,0.0,0.0
2024-05-01 00:00:00-04:00,101.72000122070312,102.23999786376953,100.94000244140625,101.25,9100,0.0,0.0
2024-05-02 00:00:00-04:00,103.55000305175781,103.87999725341797,103.05000305175781,103.61000061035156,10400,0.0,0.0
2024-05-03 00:00:00-04:00,104.12999725341797,104.66000366210938,103.12000274658203,104.66000366210938,8500,0.0,0.0
2024-05-06 00:00:00-04:00,104.80000305175781,105.69999694824219,103.70999908447266,105.3499984741211,9000,0.0,0.0
2024-05-07 00:00:00-04:00,105.25,105.4000015258789,104.81999969482422,105.06999969482422,9500,0.0,0.0
2024-05-08 00:00:00-04:00,105.51000213623047,106.5999984741211,105.0199966430664,105.94999694824219,8800,0.0,0.0
2024-05-09 00:00:00-04:00,110.05000305175781,111.44999694824219,110.05000305175781,111.44999694824219,15600,0.0,0.0
2024-05-10 00:00:00-04:00,109.05999755859375,109.80000305175781,108.02999877929688,108.33000183105469,21000,0.0,0.0
2024-05-13 00:00:00-04:00,107.83000183105469,107.83000183105469,106.80000305175781,107.11000061035156,14300,0.0,0.0
2024-05-14 00:00:00-04:00,106.80000305175781,107.73999786376953,105.98999786376953,106.58999633789062,24600,0.0,0.0
2024-05-15 00:00:00-04:00,107.05999755859375,107.81999969482422,107.0,107.81999969482422,7200,0.0,0.0
2024-05-16 00:00:00-04:00,108.76000213623047,109.23999786376953,107.83000183105469,108.41000366210938,7800,0.0,0.0
2024-05-17 00:00:00-04:00,108.87999725341797,109.75,108.66000366210938,109.30000305175781,7800,0.0,0.0
2024-05-20 00:00:00-04:00,109.68000030517578,111.08000183105469,109.3499984741211,109.66999816894531,9600,0.0,0.0
2024-05-21 00:00:00-04:00,107.66999816894531,107.9800033569336,107.22000122070312,107.5199966430664,11300,0.0,0.0
2024-05-22 00:00:00-04:00,107.83999633789062,107.91000366210938,105.76000213623047,107.43000030517578,17500,0.0,0.0
2024-05-23 00:00:00-04:00,107.0199966430664,107.25,105.47000122070312,105.91999816894531,9900,0.0,0.0
2024-05-24 00:00:00-04:00,106.43000030517578,106.80000305175781,105.95999908447266,106.68000030517578,8600,0.0,0.0
2024-05-28 00:00:00-04:00,107.9800033569336,108.41000366210938,107.5999984741211,108.16999816894531,9800,0.0,0.0
2024-05-29 00:00:00-04:00,106.54000091552734,106.54000091552734,105.29000091552734,105.33000183105469,10000,0.0,0.0
2024-05-30 00:00:00-04:00,105.86000061035156,107.68000030517578,105.86000061035156,107.61000061035156,14900,0.0,0.0
2024-05-31 00:00:00-04:00,108.37999725341797,109.5199966430664,108.37999725341797,109.43000030517578,10700,0.0,0.0
2024-06-03 00:00:00-04:00,110.88999938964844,111.19000244140625,110.30000305175781,110.79000091552734,16100,0.0,0.0
2024-06-04 00:00:00-04:00,110.66999816894531,111.0199966430664,110.0,110.31999969482422,15500,0.0,0.0
2024-06-05 00:00:00-04:00,110.11000061035156,110.6500015258789,109.94000244140625,110.63999938964844,11700,0.0,0.0
2024-06-06 00:00:00-04:00,110.4800033569336,110.73999786376953,109.9800033569336,110.73999786376953,6900,0.0,0.0
2024-06-07 00:00:00-04:00,109.97000122070312,110.36000061035156,109.4800033569336,109.5999984741211,16500,0.0,0.0
2024-06-10 00:00:00-04:00,109.83999633789062,110.72000122070312,109.83999633789062,110.6500015258789,10900,0.0,0.0
2024-06-11 00:00:00-04:00,110.12999725341797,110.20999908447266,109.44999694824219,109.95999908447266,14200,0.0,0.0
2024-06-12 00:00:00-04:00,110.80000305175781,111.20999908447266,110.12000274658203,110.3499984741211,13600,0.0,0.0
2024-06-13 00:00:00-04:00,107.86000061035156,107.86000061035156,106.69000244140625,107.62999725341797,37400,0.0,0.0
2024-06-14 00:00:00-04:00,107.29000091552734,107.66999816894531,106.79000091552734,107.31999969482422,34800,0.0,0.0
2024-06-17 00:00:00-04:00,106.9000015258789,107.66999816894531,106.69999694824219,107.51000213623047,7900,0.0,0.0
2024-06-18 00:00:00-04:00,107.45999908447266,108.1500015258789,107.44000244140625,108.05000305175781,13700,0.0,0.0
2024-06-20 00:00:00-04:00,108.48999786376953,109.29000091552734,108.2699966430664,108.95999908447266,15800,0.0,0.0
2024-06-21 00:00:00-04:00,108.55999755859375,108.55999755859375,108.01000213623047,108.54000091552734,13700,0.0,0.0
2024-06-24 00:00:00-04:00,108.0999984741211,109.91999816894531,107.47000122070312,107.47000122070312,20100,0.0,0.0
2024-06-25 00:00:00-04:00,109.70999908447266,110.3499984741211,109.2699966430664,110.19000244140625,16700,0.0,0.0
2024-06-26 00:00:00-04:00,109.56999969482422,109.83999633789062,109.25,109.5,13400,0.0,0.0
2024-06-27 00:00:00-04:00,109.61000061035156,109.79000091552734,109.54000091552734,109.79000091552734,12200,0.0,0.0
2024-06-28 00:00:00-04:00,111.19000244140625,112.20999908447266,111.06999969482422,111.30000305175781,13300,0.0,0.0
2024-07-01 00:00:00-04:00,111.37999725341797,112.0,110.5999984741211,110.91000366210938,12800,0.0,0.0
2024-07-02 00:00:00-04:00,111.44999694824219,112.9000015258789,111.44999694824219,112.87999725341797,12200,0.0,0.0
2024-07-03 00:00:00-04:00,113.93000030517578,115.12999725341797,113.93000030517578,114.7699966430664,6000,0.0,0.0
2024-07-05 00:00:00-04:00,115.37000274658203,115.37000274658203,114.06999969482422,115.04000091552734,11400,0.0,0.0
2024-07-08 00:00:00-04:00,114.38999938964844,114.51000213623047,113.77999877929688,114.0,13400,0.0,0.0
2024-07-09 00:00:00-04:00,113.5199966430664,113.56999969482422,112.37999725341797,112.72000122070312,15300,0.0,0.0
2024-07-10 00:00:00-04:00,114.02999877929688,115.0999984741211,113.9000015258789,114.83999633789062,28400,0.0,0.0
2024-07-11 00:00:00-04:00,115.2300033569336,116.52999877929688,114.94000244140625,115.5,18100,0.0,0.0
2024-07-12 00:00:00-04:00,115.97000122070312,116.6500015258789,115.97000122070312,116.29000091552734,9000,0.0,0.0
2024-07-15 00:00:00-04:00,116.43000030517578,117.04000091552734,115.61000061035156,115.80000305175781,8600,0.0,0.0
2024-07-16 00:00:00-04:00,116.55000305175781,118.05999755859375,116.55000305175781,117.95999908447266,11300,0.0,0.0
2024-07-17 00:00:00-04:00,118.4800033569336,119.48999786376953,118.31999969482422,119.33000183105469,12000,0.0,0.0
2024-07-18 00:00:00-04:00,118.72000122070312,118.72000122070312,116.94000244140625,117.5199966430664,11300,0.0,0.0
2024-07-19 00:00:00-04:00,117.12000274658203,117.12000274658203,116.47000122070312,116.80000305175781,5700,0.0,0.0
2024-07-22 00:00:00-04:00,117.5,118.41999816894531,117.5,118.41999816894531,11000,0.0,0.0
2024-07-23 00:00:00-04:00,119.01000213623047,119.69000244140625,118.97000122070312,119.61000061035156,7800,0.0,0.0
2024-07-24 00:00:00-04:00,117.68000030517578,117.93000030517578,116.0199966430664,116.19999694824219,13900,0.0,0.0
2024-07-25 00:00:00-04:00,115.22000122070312,115.44999694824219,114.2699966430664,114.72000122070312,18600,0.0,0.0
2024-07-26 00:00:00-04:00,115.45999908447266,116.19000244140625,115.30999755859375,115.93000030517578,7800,0.0,0.0
2024-07-29 00:00:00-04:00,115.69999694824219,115.98999786376953,115.41999816894531,115.68000030517578,11900,0.0,0.0
2024-07-30 00:00:00-04:00,116.36000061035156,117.19000244140625,116.0,116.79000091552734,6800,0.0,0.0
2024-07-31 00:00:00-04:00,119.9800033569336,120.98999786376953,119.66999816894531,120.94000244140625,9300,0.0,0.0
2024-08-01 00:00:00-04:00,115.05000305175781,116.19000244140625,112.08000183105469,112.66000366210938,20100,0.0,0.0
2024-08-02 00:00:00-04:00,106.37999725341797,106.69999694824219,103.2699966430664,105.68000030517578,27700,0.0,0.0
2024-08-05 00:00:00-04:00,97.66999816894531,103.0199966430664,90.56999969482422,102.70999908447266,23300,0.0,0.0
2024-08-06 00:00:00-04:00,105.01000213623047,110.43000030517578,105.01000213623047,109.83000183105469,45000,0.0,0.0
2024-08-07 00:00:00-04:00,113.26000213623047,113.37000274658203,110.55999755859375,110.86000061035156,26000,0.0,0.0
2024-08-08 00:00:00-04:00,109.7300033569336,110.30000305175781,108.76000213623047,109.37999725341797,17500,0.0,0.0
2024-08-09 00:00:00-04:00,112.58000183105469,114.4000015258789,112.08999633789062,114.4000015258789,24500,0.0,0.0
2024-08-12 00:00:00-04:00,113.9000015258789,114.4000015258789,113.0,113.87999725341797,16100,0.0,0.0
2024-08-13 00:00:00-04:00,115.13999938964844,117.11000061035156,115.13999938964844,116.81999969482422,13300,0.0,0.0
2024-08-14 00:00:00-04:00,116.58000183105469,116.58999633789062,115.83000183105469,116.33999633789062,12300,0.0,0.0
2024-08-15 00:00:00-04:00,116.44999694824219,116.80999755859375,115.63999938964844,116.66000366210938,11600,0.0,0.0
2024-08-16 00:00:00-04:00,116.97000122070312,117.86000061035156,116.52999877929688,117.7699966430664,10200,0.0,0.0
2024-08-19 00:00:00-04:00,117.77999877929688,118.69000244140625,117.77999877929688,118.68000030517578,12500,0.0,0.0
2024-08-20 00:00:00-04:00,118.0,118.94999694824219,117.80000305175781,118.54000091552734,7200,0.0,0.0
2024-08-21 00:00:00-04:00,119.30999755859375,120.08999633789062,119.16999816894531,119.95999908447266,12600,0.0,0.0
2024-08-22 00:00:00-04:00,119.48999786376953,119.48999786376953,117.22000122070312,117.76000213623047,20300,0.0,0.0
2024-08-23 00:00:00-04:00,121.80000305175781,124.16999816894531,121.80000305175781,123.75,47400,0.0,0.0
2024-08-26 00:00:00-04:00,123.45999908447266,123.68000030517578,122.5999984741211,122.69999694824219,9600,0.0,0.0
2024-08-27 00:00:00-04:00,123.20999908447266,124.9800033569336,123.20999908447266,123.47000122070312,14600,0.0,0.0
2024-08-28 00:00:00-04:00,123.30999755859375,123.51000213623047,122.36000061035156,122.73999786376953,29900,0.0,0.0
2024-08-29 00:00:00-04:00,124.41999816894531,125.22000122070312,124.41999816894531,124.95999908447266,28000,0.0,0.0
2024-08-30 00:00:00-04:00,125.33000183105469,125.83999633789062,124.2699966430664,125.0999984741211,11400,0.0,0.0
2024-09-03 00:00:00-04:00,125.33999633789062,125.83999633789062,124.04000091552734,124.31999969482422,30200,0.0,0.0
2024-09-04 00:00:00-04:00,121.62000274658203,122.68000030517578,121.62000274658203,122.12999725341797,9400,0.0,0.0
2024-09-05 00:00:00-04:00,121.5,122.02999877929688,121.12999725341797,121.83000183105469,22200,0.0,0.0
2024-09-06 00:00:00-04:00,120.02999877929688,120.16999816894531,117.62000274658203,118.16000366210938,16500,0.0,0.0
2024-09-09 00:00:00-04:00,119.37000274658203,120.5999984741211,119.37000274658203,120.08000183105469,18800,0.0,0.0
2024-09-10 00:00:00-04:00,119.95999908447266,120.04000091552734,118.05999755859375,119.43000030517578,34200,0.0,0.0
2024-09-11 00:00:00-04:00,118.87000274658203,119.95999908447266,117.70999908447266,119.93000030517578,17200,0.0,0.0
2024-09-12 00:00:00-04:00,120.56999969482422,122.05000305175781,120.02999877929688,122.05000305175781,9600,0.0,0.0
2024-09-13 00:00:00-04:00,121.44000244140625,122.48999786376953,119.19000244140625,121.79000091552734,13800,0.0,0.0
2024-09-16 00:00:00-04:00,125.0,125.0,121.83999633789062,122.44000244140625,21100,0.0,0.0
2024-09-17 00:00:00-04:00,119.58999633789062,120.12999725341797,118.30000305175781,118.30999755859375,24300,0.0,0.0
2024-09-18 00:00:00-04:00,118.75,119.18000030517578,117.62000274658203,118.26000213623047,17100,0.0,0.0
2024-09-19 00:00:00-04:00,120.61000061035156,121.16999816894531,119.95999908447266,120.73999786376953,26200,0.0,0.0
2024-09-20 00:00:00-04:00,119.20999908447266,119.9800033569336,119.0199966430664,119.91000366210938,15400,0.0,0.0
2024-09-23 00:00:00-04:00,119.75,120.81999969482422,119.44000244140625,120.1500015258789,8000,0.0,0.0
2024-09-24 00:00:00-04:00,118.80000305175781,119.6500015258789,118.0999984741211,119.04000091552734,10700,0.0,0.0
2024-09-25 00:00:00-04:00,118.27999877929688,118.55999755859375,117.30999755859375,117.38999938964844,20400,0.0,0.0
2024-09-26 00:00:00-04:00,120.77999877929688,121.79000091552734,120.36000061035156,121.77999877929688,11700,0.0,0.0
2024-09-27 00:00:00-04:00,121.69000244140625,122.69000244140625,119.37000274658203,119.5,12000,0.0,0.0
2024-09-30 00:00:00-04:00,116.94999694824219,116.94999694824219,115.23999786376953,116.05000305175781,22600,0.0,0.0
2024-10-01 00:00:00-04:00,116.45999908447266,117.05999755859375,115.37000274658203,116.62999725341797,14700,0.0,0.0
2024-10-02 00:00:00-04:00,115.7699966430664,116.38999938964844,114.83999633789062,115.30000305175781,36400,0.0,0.0
2024-10-03 00:00:00-04:00,113.73999786376953,114.69000244140625,113.73999786376953,114.52999877929688,9800,0.0,0.0
2024-10-04 00:00:00-04:00,115.08999633789062,115.93000030517578,115.08999633789062,115.86000061035156,12500,0.0,0.0
2024-10-07 00:00:00-04:00,114.3499984741211,114.80000305175781,114.0,114.33999633789062,25800,0.0,0.0
2024-10-08 00:00:00-04:00,112.7699966430664,113.12999725341797,111.94000244140625,112.80999755859375,27000,0.0,0.0
2024-10-09 00:00:00-04:00,110.61000061035156,111.80000305175781,110.61000061035156,111.20999908447266,19900,0.0,0.0
2024-10-10 00:00:00-04:00,111.27999877929688,112.12999725341797,111.20999908447266,111.52999877929688,22300,0.0,0.0
2024-10-11 00:00:00-04:00,111.47000122070312,112.8499984741211,111.47000122070312,112.16999816894531,16300,0.0,0.0
2024-10-14 00:00:00-04:00,112.1500015258789,112.30000305175781,111.05000305175781,112.0199966430664,19700,0.0,0.0
2024-10-15 00:00:00-04:00,111.11000061035156,111.37000274658203,109.19999694824219,109.29000091552734,19900,0.0,0.0
2024-10-16 00:00:00-04:00,110.5199966430664,111.02999877929688,110.25,110.79000091552734,23400,0.0,0.0
2024-10-17 00:00:00-04:00,111.25,111.36000061035156,110.0999984741211,110.41999816894531,18900,0.0,0.0
2024-10-18 00:00:00-04:00,109.9800033569336,110.0199966430664,109.44999694824219,109.66000366210938,17300,0.0,0.0
2024-10-21 00:00:00-04:00,108.87999725341797,108.87999725341797,107.7699966430664,108.1500015258789,29700,0.0,0.0
2024-10-22 00:00:00-04:00,106.5199966430664,107.58000183105469,106.5199966430664,107.11000061035156,19700,0.0,0.0
2024-10-23 00:00:00-04:00,105.52999877929688,105.91000366210938,104.43000030517578,105.37000274658203,49600,0.0,0.0
2024-10-24 00:00:00-04:00,105.72000122070312,106.0,105.11000061035156,105.44999694824219,16800,0.0,0.0
2024-10-25 00:00:00-04:00,105.37999725341797,105.37999725341797,104.0,104.4000015258789,31300,0.0,0.0
2024-10-28 00:00:00-04:00,105.19999694824219,106.41000366210938,105.19999694824219,105.77999877929688,28500,0.0,0.0
2024-10-29 00:00:00-04:00,106.44999694824219,107.19999694824219,106.36000061035156,106.81999969482422,24000,0.0,0.0
2024-10-30 00:00:00-04:00,106.69999694824219,107.97000122070312,106.45999908447266,106.45999908447266,24600,0.0,0.0
2024-10-31 00:00:00-04:00,105.94999694824219,107.16000366210938,105.52999877929688,106.16000366210938,23700,0.0,0.0
2024-11-01 00:00:00-04:00,107.12000274658203,107.38999938964844,105.72000122070312,106.12000274658203,30400,0.0,0.0
2024-11-04 00:00:00-05:00,106.16000366210938,107.69999694824219,106.16000366210938,106.81999969482422,54800,0.0,0.0
2024-11-05 00:00:00-05:00,107.54000091552734,109.30999755859375,107.54000091552734,109.08000183105469,24600,0.0,0.0
2024-11-06 00:00:00-05:00,107.87000274658203,108.94999694824219,107.73999786376953,108.94999694824219,22400,0.0,0.0
2024-11-07 00:00:00-05:00,110.47000122070312,112.16000366210938,110.47000122070312,111.54000091552734,37300,0.0,0.0
2024-11-08 00:00:00-05:00,114.52999877929688,115.38999938964844,113.13999938964844,113.58999633789062,27900,0.0,0.0
2024-11-11 00:00:00-05:00,111.1500015258789,111.44999694824219,110.37000274658203,110.94000244140625,27500,0.0,0.0
2024-11-12 00:00:00-05:00,110.79000091552734,112.83000183105469,110.2300033569336,111.5,34400,0.0,0.0
2024-11-13 00:00:00-05:00,108.36000061035156,108.62000274658203,107.54000091552734,107.73999786376953,39300,0.0,0.0
2024-11-14 00:00:00-05:00,108.63999938964844,109.58000183105469,108.29000091552734,108.33000183105469,51000,0.0,0.0
2024-11-15 00:00:00-05:00,107.8499984741211,108.19000244140625,107.33999633789062,107.87000274658203,46500,0.0,0.0
2024-11-18 00:00:00-05:00,107.91000366210938,109.22000122070312,107.7300033569336,108.62999725341797,100200,0.0,0.0
2024-11-19 00:00:00-05:00,108.12000274658203,109.31999969482422,108.12000274658203,108.58000183105469,40000,0.0,0.0
2024-11-20 00:00:00-05:00,106.4000015258789,107.22000122070312,106.18000030517578,106.81999969482422,32000,0.0,0.0
2024-11-21 00:00:00-05:00,107.41999816894531,108.3499984741211,107.19999694824219,107.81999969482422,37700,0.0,0.0
2024-11-22 00:00:00-05:00,107.2699966430664,107.91999816894531,107.05999755859375,107.62000274658203,29100,0.0,0.0
2024-11-25 00:00:00-05:00,108.37000274658203,109.4800033569336,108.30000305175781,109.0,34900,0.0,0.0
2024-11-26 00:00:00-05:00,107.80000305175781,108.27999877929688,107.43000030517578,108.02999877929688,79699,0.0,0.0
