Date,Open,High,Low,Close,Volume,Dividends,Stock Splits
2022-01-03 00:00:00-05:00,31.74679906129149,34.21599454383638,31.74679906129149,33.80681228637695,93600,0.0,0.0
2022-01-04 00:00:00-05:00,34.11723083604052,35.031538862475465,33.816224403231296,34.662803649902344,126300,0.0,0.0
2022-01-05 00:00:00-05:00,34.992026296550705,35.73513737836477,33.70334248828268,33.910282135009766,135900,0.0,0.0
2022-01-06 00:00:00-05:00,34.25831480291324,34.65338786433213,33.39292247797055,33.91968536376953,76000,0.0,0.0
2022-01-07 00:00:00-05:00,34.24891928222059,36.685192463727525,34.24891928222059,36.591129302978516,115600,0.0,0.0
2022-01-10 00:00:00-05:00,37.475330726379156,37.597615691332514,35.88564053510209,36.5252799987793,150400,0.0,0.0
2022-01-11 00:00:00-05:00,37.10848257951751,37.14610927782688,36.11139660399615,36.713409423828125,100600,0.0,0.0
2022-01-12 00:00:00-05:00,37.099076524719486,37.287206440227855,36.34656045096568,36.72282028198242,91000,0.0,0.0
2022-01-13 00:00:00-05:00,37.38597129651278,38.56648293748828,37.061450892312706,38.1243782043457,138800,0.0,0.0
2022-01-14 00:00:00-05:00,37.71049743628187,38.75461504694823,37.33423760942349,38.735801696777344,88200,0.0,0.0
2022-01-18 00:00:00-05:00,38.575890323725545,39.31900151417453,36.6522710038966,37.023826599121094,111900,0.0,0.0
2022-01-19 00:00:00-05:00,36.99560791759118,37.83278226118175,36.38418659855466,36.65697479248047,74300,0.0,0.0
2022-01-20 00:00:00-05:00,36.55350145395473,37.16491915615662,35.18956413630518,35.30244064331055,60300,0.0,0.0
2022-01-21 00:00:00-05:00,33.4587703224079,34.089004864960245,32.320589782485506,32.489906311035156,151400,0.0,0.0
2022-01-24 00:00:00-05:00,32.11364784775639,33.46818013041516,31.116565571109287,33.4305534362793,163100,0.0,0.0
2022-01-25 00:00:00-05:00,32.9226076677223,34.046679271029326,32.23593656696049,33.684532165527344,136100,0.0,0.0
2022-01-26 00:00:00-05:00,33.72215588148076,34.27619700642687,32.09954305259544,32.64041519165039,80900,0.0,0.0
2022-01-27 00:00:00-05:00,32.91320237118415,33.12955050252942,32.18890458105639,32.41465759277344,38300,0.0,0.0
2022-01-28 00:00:00-05:00,32.89438092544384,34.0607795715332,32.104238402363265,34.0607795715332,74300,0.0,0.0
2022-01-31 00:00:00-05:00,34.05138983886578,34.62518453906624,33.18599355330506,34.408836364746094,94200,0.0,0.0
2022-02-01 00:00:00-05:00,34.352389286793716,35.20837692691922,33.84914386520805,34.68161392211914,75600,0.0,0.0
2022-02-02 00:00:00-05:00,34.80390627557569,34.80390627557569,33.67513021925234,33.759788513183594,97700,0.0,0.0
2022-02-03 00:00:00-05:00,33.3364917650914,34.98732644122082,33.195397023066754,34.07019805908203,71300,0.0,0.0
2022-02-04 00:00:00-05:00,34.070203191625815,34.70984283234631,33.590471666945376,34.408836364746094,46000,0.0,0.0
2022-02-07 00:00:00-05:00,34.50289779482774,35.29210050002804,34.41917963517879,34.97322082519531,48700,0.0,0.0
2022-02-08 00:00:00-05:00,35.0108427825021,35.57522890711916,34.719241251424926,35.55641555786133,69700,0.0,0.0
2022-02-09 00:00:00-05:00,35.55641767645427,36.72282028198242,35.50938609464709,36.72282028198242,51800,0.0,0.0
2022-02-10 00:00:00-05:00,36.41240538315166,37.31166415454827,36.205465705544164,36.72282028198242,113100,0.0,0.0
2022-02-11 00:00:00-05:00,36.72281906061892,37.55999338909394,36.41334430135796,36.89213562011719,69000,0.0,0.0
2022-02-14 00:00:00-05:00,36.77925246050281,37.27779721676754,35.72573007997005,36.0079231262207,39900,0.0,0.0
2022-02-15 00:00:00-05:00,36.092579056035035,36.97678842204385,35.96088921555177,36.90153503417969,74500,0.0,0.0
2022-02-16 00:00:00-05:00,31.577480793992372,31.981958795229666,29.32933779398177,30.881404876708984,718100,0.0,0.0
2022-02-17 00:00:00-05:00,30.937845355338965,31.967853839944862,30.580398882296073,31.041316986083984,104100,0.0,0.0
2022-02-18 00:00:00-05:00,31.041315167063427,31.370539801705373,29.81847619631984,30.74030876159668,173600,0.0,0.0
2022-02-22 00:00:00-05:00,31.097758051555495,31.238852798586638,29.432814200973986,29.498659133911133,187500,0.0,0.0
2022-02-23 00:00:00-05:00,29.84669335259981,30.904919967982494,29.630345230715086,30.260576248168945,113000,0.0,0.0
2022-02-24 00:00:00-05:00,29.34815016810647,30.768523771000254,29.329336821198595,30.65564727783203,119700,0.0,0.0
2022-02-25 00:00:00-05:00,30.71208971432456,31.13537749379471,29.856100304637927,31.02250099182129,77000,0.0,0.0
2022-02-28 00:00:00-05:00,30.702677486817105,32.49931077148444,30.702677486817105,32.028987884521484,157000,0.0,0.0
2022-03-01 00:00:00-05:00,32.00078058565941,34.549930642174374,31.85968223608342,33.74097442626953,126900,0.0,0.0
2022-03-02 00:00:00-05:00,33.99494615928445,37.25898895570581,33.94791457653447,36.741634368896484,237000,0.0,0.0
2022-03-03 00:00:00-05:00,34.87915564437272,36.94857398810697,34.87915564437272,36.4876594543457,182700,0.0,0.0
2022-03-04 00:00:00-05:00,36.12080870724049,36.48766008197125,34.86034289328263,35.18956756591797,94800,0.0,0.0
2022-03-07 00:00:00-05:00,35.41532013998426,35.41532013998426,34.25832250668757,34.474674224853516,173700,0.0,0.0
2022-03-08 00:00:00-05:00,34.380607690301645,36.25249465168455,34.380607690301645,34.63458251953125,54600,0.0,0.0
2022-03-09 00:00:00-05:00,35.32124692710105,35.876228058925314,34.45585456603473,34.559326171875,65100,0.0,0.0
2022-03-10 00:00:00-05:00,34.277135203881706,34.691021695168935,33.49640097507237,34.15485382080078,50400,0.0,0.0
2022-03-11 00:00:00-05:00,34.39942198824115,34.50289361651637,33.458776041418524,33.496402740478516,68500,0.0,0.0
2022-03-14 00:00:00-04:00,33.29752681191462,37.141517879439654,33.269117108777614,36.583717346191406,146000,0.24,0.0
2022-03-15 00:00:00-04:00,36.51742299762361,37.256104126949076,35.53251241677146,36.081787109375,76000,0.0,0.0
2022-03-16 00:00:00-04:00,36.129145134302526,37.246639251708984,36.129145134302526,37.246639251708984,60200,0.0,0.0
2022-03-17 00:00:00-04:00,36.93411498649068,38.47777259874377,36.697357839141375,38.32624816894531,156600,0.0,0.0
2022-03-18 00:00:00-04:00,38.22207732223155,38.402011467210876,37.114051910693746,37.18034362792969,282100,0.0,0.0
2022-03-21 00:00:00-04:00,37.68227382517174,38.14631587723179,36.45113720551125,37.00041198730469,82000,0.0,0.0
2022-03-22 00:00:00-04:00,37.00041212983024,38.9418203005379,37.00041212983024,38.08949661254883,83600,0.0,0.0
2022-03-23 00:00:00-04:00,38.07055248519509,39.055463149070896,37.80538200638077,38.27889633178711,61500,0.0,0.0
2022-03-24 00:00:00-04:00,38.13684214224325,38.54406472911173,37.95690800885174,38.316776275634766,60900,0.0,0.0
2022-03-25 00:00:00-04:00,38.31677536360921,39.439005528052924,38.25521980664166,39.29221725463867,92000,0.0,0.0
2022-03-28 00:00:00-04:00,39.292221824871376,39.652090124946426,37.62355629524639,38.11790466308594,40900,0.0,0.0
2022-03-29 00:00:00-04:00,38.515645931957934,38.72399335026862,38.203128417118805,38.61981964111328,31500,0.0,0.0
2022-03-30 00:00:00-04:00,38.856584618903945,39.064932079368084,38.61035875777802,38.752410888671875,49300,0.0,0.0
2022-03-31 00:00:00-04:00,38.5914181441578,38.74199607778325,37.90955634851465,38.26942825317383,57300,0.0,0.0
2022-04-01 00:00:00-04:00,38.71452924593431,38.71452924593431,37.445510808031614,38.12736892700195,87300,0.0,0.0
2022-04-04 00:00:00-04:00,37.900079597372475,38.78555251256599,37.085634539569135,38.61981964111328,77300,0.0,0.0
2022-04-05 00:00:00-04:00,38.89446684870065,38.89446684870065,37.492864862839,37.52127456665039,43900,0.0,0.0
2022-04-06 00:00:00-04:00,37.464455329542005,37.530747047155394,36.1537651124369,36.56477737426758,43700,0.0,0.0
2022-04-07 00:00:00-04:00,36.403780210640754,36.403780210640754,35.19632084266158,35.95867919921875,61200,0.0,0.0
2022-04-08 00:00:00-04:00,35.1158226855029,36.6310670204494,35.1158226855029,36.602657318115234,104200,0.0,0.0
2022-04-11 00:00:00-04:00,37.047760218369426,37.65385798357853,36.365902038822995,36.432193756103516,82300,0.0,0.0
2022-04-12 00:00:00-04:00,36.70682422416091,37.49285963792744,36.517421408309495,36.725765228271484,56000,0.0,0.0
2022-04-13 00:00:00-04:00,36.612123531044105,37.009877399877475,36.41324840294103,36.782588958740234,32800,0.0,0.0
2022-04-14 00:00:00-04:00,37.18034269279557,37.4928638770141,36.44166151210092,36.517425537109375,108800,0.0,0.0
2022-04-18 00:00:00-04:00,36.6784190411592,36.6784190411592,35.901855840129826,36.167022705078125,36200,0.0,0.0
2022-04-19 00:00:00-04:00,35.75980014513666,36.73524210878734,35.75980014513666,36.50795364379883,53000,0.0,0.0
2022-04-20 00:00:00-04:00,35.04952916707509,35.04952916707509,32.056918741708415,33.496402740478516,106100,0.0,0.0
2022-04-21 00:00:00-04:00,33.61951561203811,34.14985293350628,32.340078314204966,32.64407730102539,45300,0.0,0.0
2022-04-22 00:00:00-04:00,32.65354758600859,32.81454433590091,31.26141430732564,31.48870277404785,63900,0.0,0.0
2022-04-25 00:00:00-04:00,31.34664682443061,31.905393871624362,30.844722796700285,31.801223754882812,71100,0.0,0.0
2022-04-26 00:00:00-04:00,31.498170208384828,31.498170208384828,30.058688083502265,30.07762908935547,61300,0.0,0.0
2022-04-27 00:00:00-04:00,30.210212724121753,30.257565239078318,29.20636288912134,29.69881820678711,76600,0.0,0.0
2022-04-28 00:00:00-04:00,30.02080888718652,30.219684036388664,28.93172449609888,29.88822364807129,70700,0.0,0.0
2022-04-29 00:00:00-04:00,29.85981064932617,30.570080251172737,29.85981064932617,29.87874984741211,75000,0.0,0.0
2022-05-02 00:00:00-04:00,30.00186955308029,31.441353612902017,30.00186955308029,31.22353744506836,73800,0.0,0.0
2022-05-03 00:00:00-04:00,30.304913935972245,30.892070631946073,28.515030534649245,30.65531349182129,65600,0.0,0.0
2022-05-04 00:00:00-04:00,30.607958626608312,31.062531840354758,29.613579495748784,30.835247039794922,65600,0.0,0.0
2022-05-05 00:00:00-04:00,30.645845599596104,31.308766331858997,30.00186587255528,30.333324432373047,38100,0.0,0.0
2022-05-06 00:00:00-04:00,30.35226637700389,30.35226637700389,28.354037228385934,28.60973358154297,74900,0.0,0.0
2022-05-09 00:00:00-04:00,28.297211262877287,28.533968391873735,27.69111359066672,28.117277145385742,75800,0.0,0.0
2022-05-10 00:00:00-04:00,28.410854699347276,28.912780449308602,27.83316674244023,28.164627075195312,62600,0.0,0.0
2022-05-11 00:00:00-04:00,28.240394154633297,28.685498777760397,27.463830947875977,27.463830947875977,41000,0.0,0.0
2022-05-12 00:00:00-04:00,27.33124533273033,28.515031054954427,26.990314466709417,27.776348114013672,117700,0.0,0.0
2022-05-13 00:00:00-04:00,28.18357106094058,28.808609785963732,27.956284416051584,28.761259078979492,107100,0.0,0.0
2022-05-16 00:00:00-04:00,28.884373799793625,29.083248949089448,28.2318718408406,28.524503707885742,53600,0.0,0.0
2022-05-17 00:00:00-04:00,31.034129279338163,33.07023870829865,30.84472282690222,32.89030456542969,117100,0.0,0.0
2022-05-18 00:00:00-04:00,32.776658058991536,33.647922574063514,32.00956364779604,32.142147064208984,52700,0.0,0.0
2022-05-19 00:00:00-04:00,31.839098507207744,33.24070031306608,31.839098507207744,32.61566162109375,45500,0.0,0.0
2022-05-20 00:00:00-04:00,33.10811811825336,33.288055859602686,31.971683105615174,33.003944396972656,73400,0.0,0.0
2022-05-23 00:00:00-04:00,33.411160162844894,33.93676120389531,32.729302184351674,33.67633056640625,46300,0.0,0.0
2022-05-24 00:00:00-04:00,33.17441422872758,33.17441422872758,31.536055010069074,32.312618255615234,31100,0.0,0.0
2022-05-25 00:00:00-04:00,32.11374066644215,33.07023799222242,32.11374066644215,32.83348083496094,32400,0.0,0.0
2022-05-26 00:00:00-04:00,32.96606229441202,33.41116321809338,32.77570936990534,33.07023239135742,39200,0.0,0.0
2022-05-27 00:00:00-04:00,33.14599713329907,34.52297519871752,33.07023312007629,34.358192443847656,49800,0.0,0.0
2022-05-31 00:00:00-04:00,34.80330079456645,35.011648241078085,34.08829319527846,34.907474517822266,60800,0.0,0.0
2022-06-01 00:00:00-04:00,34.96429425178188,34.96429425178188,32.41678861294753,32.9187126159668,63100,0.0,0.0
2022-06-02 00:00:00-04:00,32.36944309408214,32.36944309408214,31.00572298914831,31.905397415161133,53000,0.0,0.0
2022-06-03 00:00:00-04:00,31.592869156919548,32.000091672815984,31.204587643230713,31.412931442260742,38200,0.0,0.0
2022-06-06 00:00:00-04:00,31.8864549815921,31.8864549815921,31.04360000639213,31.14777374267578,26200,0.0,0.0
2022-06-07 00:00:00-04:00,30.87312729603221,31.35611384848836,30.712134186964814,31.346641540527344,45800,0.0,0.0
2022-06-08 00:00:00-04:00,31.25194551858153,31.83531623759949,31.138303091867872,31.42241096496582,21000,0.0,0.0
2022-06-09 00:00:00-04:00,31.251945360840114,31.31823707714078,30.153392274479323,30.16286277770996,95700,0.0,0.0
2022-06-10 00:00:00-04:00,29.878750204166863,29.978189575294937,29.12112808227539,29.12112808227539,39300,0.0,0.0
2022-06-13 00:00:00-04:00,28.5434407355825,28.581322745696802,26.573621367480236,26.819849014282227,102700,0.0,0.0
2022-06-14 00:00:00-04:00,26.88671061320383,27.259209801595716,26.45690637979351,26.74344253540039,60300,0.24,0.0
2022-06-15 00:00:00-04:00,26.982222668083335,27.49798992272856,26.81030024986826,27.135042190551758,63800,0.0,0.0
2022-06-16 00:00:00-04:00,26.523758607096457,26.638372314332862,25.157932813890433,25.368059158325195,80500,0.0,0.0
2022-06-17 00:00:00-04:00,25.454023128567208,26.132161287134334,25.26299965506757,25.816970825195312,57000,0.0,0.0
2022-06-21 00:00:00-04:00,25.902934205994963,26.6001734953684,25.645050582225924,25.721460342407227,67600,0.0,0.0
2022-06-22 00:00:00-04:00,25.520880842325074,25.950686835777827,25.492228323929684,25.606842041015625,43900,0.0,0.0
2022-06-23 00:00:00-04:00,25.788316986031756,25.788316986031756,25.26300014649868,25.69280433654785,43700,0.0,0.0
2022-06-24 00:00:00-04:00,25.998442506925507,27.144590619730266,25.998442506925507,27.115936279296875,156800,0.0,0.0
2022-06-27 00:00:00-04:00,27.249656348007733,27.45023127782029,26.924914423952085,27.278308868408203,49900,0.0,0.0
2022-06-28 00:00:00-04:00,27.53619031934663,27.927790522576586,26.77209280615456,26.838951110839844,49300,0.0,0.0
2022-06-29 00:00:00-04:00,26.74344280534755,26.74344280534755,26.074856006512874,26.647930145263672,74100,0.0,0.0
2022-06-30 00:00:00-04:00,26.42824993567883,26.657479206301446,25.91248271046372,26.036649703979492,41600,0.0,0.0
2022-07-01 00:00:00-04:00,26.246777117835283,26.75203831749474,26.09395759804385,26.590621948242188,28500,0.0,0.0
2022-07-05 00:00:00-04:00,26.265877355633826,26.59061925777093,25.482676940509823,26.542863845825195,35600,0.0,0.0
2022-07-06 00:00:00-04:00,26.523760952346027,26.64792611645624,26.046199545879958,26.542863845825195,29300,0.0,0.0
2022-07-07 00:00:00-04:00,26.81029755828745,27.62215232849121,26.81029755828745,27.62215232849121,31100,0.0,0.0
2022-07-08 00:00:00-04:00,27.55529458809469,27.59349855478524,27.08728461018383,27.230552673339844,29400,0.0,0.0
2022-07-11 00:00:00-04:00,26.819851859683297,26.87715872551688,25.797870613847724,25.864728927612305,39000,0.0,0.0
2022-07-12 00:00:00-04:00,25.797870798986594,27.11593965313264,25.797870798986594,26.772096633911133,38500,0.0,0.0
2022-07-13 00:00:00-04:00,26.418700854113844,26.858058361798694,26.055754931898072,26.647930145263672,15000,0.0,0.0
2022-07-14 00:00:00-04:00,26.13216209478414,26.13216209478414,25.60684342748193,25.797868728637695,18500,0.0,0.0
2022-07-15 00:00:00-04:00,26.42824903837992,26.810297809779524,26.084404233244157,26.791194915771484,37600,0.0,0.0
2022-07-18 00:00:00-04:00,26.686136284000685,26.986998707799938,25.673704624438226,26.351842880249023,52500,0.0,0.0
2022-07-19 00:00:00-04:00,26.62882506259314,27.364270116578634,26.390044342864265,26.810298919677734,50500,0.0,0.0
2022-07-20 00:00:00-04:00,26.99177377072467,27.927793789309902,26.99177377072467,27.765422821044922,34100,0.0,0.0
2022-07-21 00:00:00-04:00,27.440677091430203,27.975547161046645,27.297409038471283,27.89913558959961,20400,0.0,0.0
2022-07-22 00:00:00-04:00,27.373822922127715,27.47888702698191,26.953568324463355,27.135042190551758,27900,0.0,0.0
2022-07-25 00:00:00-04:00,27.316512506202198,27.73676704924437,27.220999861635498,27.306961059570312,16800,0.0,0.0
2022-07-26 00:00:00-04:00,26.14171460474652,26.45690508924025,25.836073746121738,26.017547607421875,26100,0.0,0.0
2022-07-27 00:00:00-04:00,26.23722483441179,26.68613375353364,26.055752799035012,26.47600555419922,32500,0.0,0.0
2022-07-28 00:00:00-04:00,26.476008287100992,26.476008287100992,25.4540269924004,26.390047073364258,46700,0.0,0.0
2022-07-29 00:00:00-04:00,26.323187270350935,26.323187270350935,25.243899168006934,25.82652473449707,119400,0.0,0.0
2022-08-01 00:00:00-04:00,25.51133077625199,26.23722437017214,25.2438975407435,26.13216209411621,53200,0.0,0.0
2022-08-02 00:00:00-04:00,26.132165253906567,26.94879496265302,26.014684078315195,26.390047073364258,41000,0.0,0.0
2022-08-03 00:00:00-04:00,26.743441091429666,27.52664157476973,26.504660367399044,27.354719161987305,53600,0.0,0.0
2022-08-04 00:00:00-04:00,26.590618920117645,27.96599626336571,25.931583677472425,27.507535934448242,81900,0.0,0.0
2022-08-05 00:00:00-04:00,26.59062115723399,26.59062115723399,25.625946828652133,26.27543067932129,66300,0.0,0.0
2022-08-08 00:00:00-04:00,26.724337957960124,27.762556434768346,26.724337957960124,27.383373260498047,32700,0.0,0.0
2022-08-09 00:00:00-04:00,27.32606727837233,27.717667529175962,26.615454500847314,26.829402923583984,45900,0.0,0.0
2022-08-10 00:00:00-04:00,27.039528466619842,27.631705459132604,26.87715750268508,26.982221603393555,94300,0.0,0.0
2022-08-11 00:00:00-04:00,27.316514359153178,28.567724804768535,27.316514359153178,27.84183120727539,44200,0.0,0.0
2022-08-12 00:00:00-04:00,28.061510926748007,28.204780823879275,27.62215525268587,28.17612648010254,34000,0.0,0.0
2022-08-15 00:00:00-04:00,27.985095768394103,29.07393693915439,27.83227627455969,28.414901733398438,64500,0.0,0.0
2022-08-16 00:00:00-04:00,28.806506542112015,29.44643895851198,28.338496539334777,29.131248474121094,67200,0.0,0.0
2022-08-17 00:00:00-04:00,28.863811564148513,28.863811564148513,28.15702088127683,28.195226669311523,33500,0.0,0.0
2022-08-18 00:00:00-04:00,28.176125986822722,28.176125986822722,27.45978380071706,27.698564529418945,47900,0.0,0.0
2022-08-19 00:00:00-04:00,27.65080776202429,27.92779244648041,27.278308604649098,27.708114624023438,36900,0.0,0.0
2022-08-22 00:00:00-04:00,27.555296648055315,27.555296648055315,26.24677744410382,26.29453468322754,48100,0.0,0.0
2022-08-23 00:00:00-04:00,26.32318631994014,26.561967042273512,26.189469698394202,26.313634872436523,24400,0.0,0.0
2022-08-24 00:00:00-04:00,26.189469678712616,27.158918827696805,26.189469678712616,26.982221603393555,37500,0.0,0.0
2022-08-25 00:00:00-04:00,27.297414142548327,27.75587272644043,27.249658723216747,27.75587272644043,27300,0.0,0.0
2022-08-26 00:00:00-04:00,27.755867564283744,27.860931653375918,26.70523213861839,26.762540817260742,33000,0.0,0.0
2022-08-29 00:00:00-04:00,26.418698992496363,26.68231384288191,26.189469717499385,26.246776580810547,18200,0.0,0.0
2022-08-30 00:00:00-04:00,26.504659997817352,26.523762892693995,25.167488326241894,25.80742073059082,55300,0.0,0.0
2022-08-31 00:00:00-04:00,26.151263473854172,26.151263473854172,25.234346389770508,25.234346389770508,28900,0.0,0.0
2022-09-01 00:00:00-04:00,25.196141418109015,25.31075696821537,24.737682861188322,25.148386001586914,38000,0.0,0.0
2022-09-02 00:00:00-04:00,25.262999888597815,25.47312625791549,24.680374372270855,24.718578338623047,45300,0.0,0.0
2022-09-06 00:00:00-04:00,25.005118842703546,25.005118842703546,23.858970586826565,24.527557373046875,60800,0.0,0.0
2022-09-07 00:00:00-04:00,24.470249932871553,24.766337527023786,24.393840172388643,24.584863662719727,37900,0.0,0.0
2022-09-08 00:00:00-04:00,24.432043649658517,24.451146544832582,24.049994854938955,24.374736785888672,59100,0.0,0.0
2022-09-09 00:00:00-04:00,24.546657233369974,25.377613067626953,24.546657233369974,25.377613067626953,36300,0.0,0.0
2022-09-12 00:00:00-04:00,25.64505003745757,26.15126400474824,25.637407786375114,25.97934341430664,69000,0.0,0.0
2022-09-13 00:00:00-04:00,25.119732899271725,25.29165532204623,24.279225503404934,24.298328399658203,80500,0.0,0.0
2022-09-14 00:00:00-04:00,24.414030724751296,24.433315550826993,23.35338919891709,24.1922607421875,95900,0.24,0.0
2022-09-15 00:00:00-04:00,24.279042406328976,25.600021824943937,24.153692866718803,25.26254653930664,55500,0.0,0.0
2022-09-16 00:00:00-04:00,25.36861308362553,25.36861308362553,23.9512111615176,23.960853576660156,355800,0.0,0.0
2022-09-19 00:00:00-04:00,23.931922806459767,24.645444869995117,23.931922806459767,24.645444869995117,86000,0.0,0.0
2022-09-20 00:00:00-04:00,24.471885497377983,24.722582740911548,24.172978023554364,24.307968139648438,43300,0.0,0.0
2022-09-21 00:00:00-04:00,24.44296033586268,24.44296033586268,23.17983353096381,23.18947410583496,62000,0.0,0.0
2022-09-22 00:00:00-04:00,23.23768698538136,23.334109289374304,22.562732696533203,22.562732696533203,42700,0.0,0.0
2022-09-23 00:00:00-04:00,22.099906736725153,22.398814208930933,21.59851225237183,21.935989379882812,88200,0.0,0.0
2022-09-26 00:00:00-04:00,21.762429047009377,22.099906165802068,21.318889057072155,21.444236755371094,95200,0.0,0.0
2022-09-27 00:00:00-04:00,21.69493409244994,21.964916156566165,20.97176962270161,21.039264678955078,41200,0.0,0.0
2022-09-28 00:00:00-04:00,21.164615506226685,21.704577828249658,21.087478031651976,21.56958770751953,28700,0.0,0.0
2022-09-29 00:00:00-04:00,21.328532357541707,21.328532357541707,20.561977917751225,20.721073150634766,57900,0.0,0.0
2022-09-30 00:00:00-04:00,20.807854929692734,21.44423959730732,20.7210750350996,20.769287109375,42700,0.0,0.0
2022-10-03 00:00:00-04:00,21.07783608932657,21.579228765735984,20.868599558408086,21.492450714111328,45900,0.0,0.0
2022-10-04 00:00:00-04:00,21.64672185495839,21.89741722946707,21.212822477727634,21.800996780395508,71200,0.0,0.0
2022-10-05 00:00:00-04:00,21.59851257245882,21.59851257245882,20.721073131388163,21.338172912597656,43600,0.0,0.0
2022-10-06 00:00:00-04:00,21.424952603485945,21.569586972600195,20.827137655676314,20.913917541503906,45000,0.0,0.0
2022-10-07 00:00:00-04:00,20.682504860001874,20.875347617839854,20.373953137076835,20.489660263061523,111000,0.0,0.0
2022-10-10 00:00:00-04:00,20.749999537572613,20.825207788759922,20.36238297149345,20.470375061035156,83700,0.0,0.0
2022-10-11 00:00:00-04:00,20.296815190511175,20.692144949783103,19.920770258301864,20.25824737548828,133500,0.0,0.0
2022-10-12 00:00:00-04:00,20.35467071884381,20.70178842831665,19.92077128312473,20.624650955200195,53300,0.0,0.0
2022-10-13 00:00:00-04:00,20.200396730174308,21.380600308711756,20.04612177662827,21.347816467285156,47700,0.0,0.0
2022-10-14 00:00:00-04:00,21.55030225278271,21.56958708064153,20.769285115524703,20.817495346069336,67200,0.0,0.0
2022-10-17 00:00:00-04:00,21.232108595817646,21.67564857367703,21.000696193573322,21.309246063232422,62100,0.0,0.0
2022-10-18 00:00:00-04:00,21.646724528035488,21.964916830929752,21.424952686119408,21.743144989013672,66300,0.0,0.0
2022-10-19 00:00:00-04:00,21.887778090141428,22.196327961234847,21.097116746586668,21.21282386779785,62100,0.0,0.0
2022-10-20 00:00:00-04:00,21.42495134480344,21.656363747047763,21.106759061829703,21.309246063232422,41700,0.0,0.0
2022-10-21 00:00:00-04:00,21.25139447466298,21.714219302067384,20.981412405792554,21.36709976196289,94700,0.0,0.0
2022-10-24 00:00:00-04:00,21.405668456782386,21.540658565610183,20.913916410063887,21.21282386779785,74500,0.0,0.0
2022-10-25 00:00:00-04:00,21.174252826817266,21.931166593564736,21.174252826817266,21.800996780395508,50400,0.0,0.0
2022-10-26 00:00:00-04:00,21.694934748218433,22.24453946758358,21.45387991768267,21.482807159423828,35200,0.0,0.0
2022-10-27 00:00:00-04:00,21.608156405364664,21.608156405364664,20.51858930273056,20.586084365844727,68000,0.0,0.0
2022-10-28 00:00:00-04:00,20.721072569682466,21.203182220458984,20.5860824559778,21.203182220458984,62500,0.0,0.0
2022-10-31 00:00:00-04:00,20.83678156670941,20.83678156670941,19.930414826887734,20.32574462890625,132200,0.0,0.0
2022-11-01 00:00:00-04:00,20.316101754860032,21.68529332864935,20.316101754860032,21.28032112121582,103200,0.0,0.0
2022-11-02 00:00:00-04:00,19.159040602870228,19.776140440524774,18.701036012503618,18.75406837463379,240600,0.0,0.0
2022-11-03 00:00:00-04:00,18.580505168819016,18.686568034473275,17.539148464716824,18.059825897216797,144800,0.0,0.0
2022-11-04 00:00:00-04:00,18.590148046854065,18.590148046854065,17.11489191285249,17.365589141845703,143100,0.0,0.0
2022-11-07 00:00:00-05:00,17.500579362326,18.262313467509195,17.462011547904055,18.24302864074707,136400,0.0,0.0
2022-11-08 00:00:00-05:00,18.36837700266983,19.351881133979703,18.252671716105358,18.63835906982422,83100,0.0,0.0
2022-11-09 00:00:00-05:00,18.26231595006539,18.291241355038355,17.448514908920135,17.500581741333008,99600,0.0,0.0
2022-11-10 00:00:00-05:00,18.426232138082284,19.284386760407646,18.018367034417636,18.725139617919922,90600,0.0,0.0
2022-11-11 00:00:00-05:00,18.85048575621546,21.482805727987817,18.57086312775896,21.048906326293945,135400,0.0,0.0
2022-11-14 00:00:00-05:00,20.778929222299748,21.27068138167188,20.672866329252777,20.750003814697266,51500,0.0,0.0
2022-11-15 00:00:00-05:00,22.177042957617896,22.773894178719704,21.328530818879262,21.666006088256836,114000,0.0,0.0
2022-11-16 00:00:00-05:00,21.656363326860756,21.68047027923075,20.103971595370858,20.316099166870117,113000,0.0,0.0
2022-11-17 00:00:00-05:00,19.911129145245646,20.69214630126953,19.413593080430005,20.69214630126953,47800,0.0,0.0
2022-11-18 00:00:00-05:00,21.17425535988428,21.28032007347409,20.778925586270763,20.913917541503906,56000,0.0,0.0
2022-11-21 00:00:00-05:00,21.222466751340853,21.222466751340853,20.470375044561337,20.518587112426758,89100,0.0,0.0
2022-11-22 00:00:00-05:00,20.68250381749867,21.082653853192102,20.441449003024804,21.048906326293945,144900,0.0,0.0
2022-11-23 00:00:00-05:00,21.01997985458073,21.757608864414347,21.01997985458073,21.65636444091797,51400,0.0,0.0
2022-11-25 00:00:00-05:00,21.559943698960918,21.955273456809643,21.464485092716263,21.897418975830078,17400,0.0,0.0
2022-11-28 00:00:00-05:00,21.637080961602674,21.743143830849643,21.05854903103745,21.11640167236328,47700,0.0,0.0
2022-11-29 00:00:00-05:00,21.338171008998405,21.762427990282756,21.243677935273446,21.69493293762207,50400,0.0,0.0
2022-11-30 00:00:00-05:00,21.858851349466168,22.07097893091374,21.106759642166402,22.061336517333984,86000,0.0,0.0
2022-12-01 00:00:00-05:00,22.17704410382621,22.408456517260802,21.72386169073792,22.032411575317383,54300,0.0,0.0
2022-12-02 00:00:00-05:00,21.550301638073353,22.35060358036205,21.550301638073353,22.273466110229492,40600,0.0,0.0
2022-12-05 00:00:00-05:00,22.109548080102037,22.13847348107811,21.077833758970055,21.21282386779785,100300,0.0,0.0
2022-12-06 00:00:00-05:00,21.164613720039792,21.43459393871508,19.35188046186597,19.8339900970459,115400,0.0,0.0
2022-12-07 00:00:00-05:00,19.583295427537507,20.06540512577695,19.21689286608065,19.61222267150879,129500,0.0,0.0
2022-12-08 00:00:00-05:00,19.86291904948355,19.925593822408363,19.47723167591253,19.718286514282227,102000,0.0,0.0
2022-12-09 00:00:00-05:00,19.670073737376697,20.933200530163727,19.573651437667994,20.913917541503906,151300,0.0,0.0
2022-12-12 00:00:00-05:00,20.91391912723702,21.781716212208554,20.64393703540258,21.415311813354492,121200,0.0,0.0
2022-12-13 00:00:00-05:00,22.17704324728604,22.659152883096606,21.280319030422017,21.424951553344727,247800,0.0,0.0
2022-12-14 00:00:00-05:00,21.590659108746035,21.92207344363865,21.12278070390359,21.40545654296875,85000,0.24,0.0
2022-12-15 00:00:00-05:00,21.005808329115983,21.09353575472077,19.524193510511118,19.582677841186523,108500,0.0,0.0
2022-12-16 00:00:00-05:00,19.494953914320682,19.54369055543301,18.92960032517273,19.504701614379883,243200,0.0,0.0
2022-12-19 00:00:00-05:00,19.49495453783181,19.49495453783181,18.939348630973,19.290258407592773,142000,0.0,0.0
2022-12-20 00:00:00-05:00,19.2122745513916,19.397477118351723,18.72100203725107,19.2122745513916,97700,0.0,0.0
2022-12-21 00:00:00-05:00,19.494954095094958,19.641165878971428,19.202530527342013,19.309751510620117,76100,0.0,0.0
2022-12-22 00:00:00-05:00,19.056314682215458,19.280508041381836,18.490961153154892,19.280508041381836,145400,0.0,0.0
2022-12-23 00:00:00-05:00,19.144042811245946,19.256138565318626,18.673239900467266,18.919851303100586,76800,0.0,0.0
2022-12-27 00:00:00-05:00,18.88085944263148,18.931546356042723,18.305758282616043,18.783384323120117,72900,0.0,0.0
2022-12-28 00:00:00-05:00,18.8126294767669,18.831150664332366,18.276518996541803,18.315509796142578,87600,0.0,0.0
2022-12-29 00:00:00-05:00,18.52995507049662,19.26101588772681,18.500711968501246,19.07581329345703,135800,0.0,0.0
2022-12-30 00:00:00-05:00,18.85161910348043,19.144042645557985,18.710280252496748,19.11480140686035,148800,0.0,0.0
2023-01-03 00:00:00-05:00,19.816614497218414,20.01643763914106,19.13916535409489,19.329240798950195,113600,0.0,0.0
2023-01-04 00:00:00-05:00,19.709397053468578,21.044802168255234,19.504700936886476,20.97657012939453,123400,0.0,0.0
2023-01-05 00:00:00-05:00,20.70363765578942,21.298234253841283,20.411214135636634,21.191011428833008,53500,0.0,0.0
2023-01-06 00:00:00-05:00,21.434702035243227,21.746621006653797,20.888843835274724,21.707632064819336,58900,0.0,0.0
2023-01-09 00:00:00-05:00,21.532178562567754,22.292482498636716,21.532178562567754,22.146268844604492,136600,0.0,0.0
2023-01-10 00:00:00-05:00,22.039046279640733,22.692127318570236,21.931823436788758,22.59465217590332,83300,0.0,0.0
2023-01-11 00:00:00-05:00,22.614144379282514,22.867577111531187,22.195002626497995,22.750608444213867,58300,0.0,0.0
2023-01-12 00:00:00-05:00,23.00404464325733,23.218488454447538,22.604398260158014,23.091772079467773,42400,0.0,0.0
2023-01-13 00:00:00-05:00,22.77010605372655,22.837363880600016,22.487428338413938,22.828590393066406,38200,0.0,0.0
2023-01-17 00:00:00-05:00,22.81884140032473,23.588892904597706,22.68237732986968,23.403690338134766,70000,0.0,0.0
2023-01-18 00:00:00-05:00,23.540157476202356,23.71561236632795,22.66288488475815,22.701875686645508,49100,0.0,0.0
2023-01-19 00:00:00-05:00,22.419195405729525,22.54591177911245,21.766114421717017,22.175508499145508,95000,0.0,0.0
2023-01-20 00:00:00-05:00,22.516670841367223,23.179499533610656,22.039044721176182,23.043033599853516,72900,0.0,0.0
2023-01-23 00:00:00-05:00,23.257481392446426,24.163997077245337,23.160006247778547,23.959299087524414,59700,0.0,0.0
2023-01-24 00:00:00-05:00,23.82283562668456,24.066522565167713,23.657128434148664,23.744855880737305,42000,0.0,0.0
2023-01-25 00:00:00-05:00,23.54990124719108,24.885306242070307,23.2477300197187,24.797578811645508,93200,0.0,0.0
2023-01-26 00:00:00-05:00,25.03151707222032,25.587122871386807,24.79270310738002,25.401920318603516,57100,0.0,0.0
2023-01-27 00:00:00-05:00,25.460408183268303,26.288942157653636,25.25571022006494,26.113489151000977,65100,0.0,0.0
2023-01-30 00:00:00-05:00,25.713840707049876,26.14273016890404,25.42141717257592,25.47015380859375,81300,0.0,0.0
2023-01-31 00:00:00-05:00,25.635862034578505,26.035508415846987,24.622125461833733,25.97702407836914,114200,0.0,0.0
2023-02-01 00:00:00-05:00,25.89904585879096,27.409905895723956,25.782077176984956,27.10773277282715,96300,0.0,0.0
2023-02-02 00:00:00-05:00,27.63409538166383,28.76480247142648,27.54636794718366,28.043489456176758,88500,0.0,0.0
2023-02-03 00:00:00-05:00,27.185711513862667,27.916772255404478,27.107731775798886,27.341670989990234,46200,0.0,0.0
2023-02-06 00:00:00-05:00,26.74707796380223,27.039501536199044,26.489744625154238,26.698339462280273,45400,0.0,0.0
2023-02-07 00:00:00-05:00,26.532629686679105,26.532629686679105,25.42141798897188,25.85030746459961,41600,0.0,0.0
2023-02-08 00:00:00-05:00,25.733337880836014,25.918540457013783,25.177732011486324,25.24596405029297,184600,0.0,0.0
2023-02-09 00:00:00-05:00,25.762580527785513,25.762580527785513,24.417427737954235,24.52465057373047,46200,0.0,0.0
2023-02-10 00:00:00-05:00,24.368689484263992,24.651367174689515,24.086011793838466,24.23222541809082,54500,0.0,0.0
2023-02-13 00:00:00-05:00,24.23222591022607,24.91454811413275,23.861820781399917,24.904800415039062,45600,0.0,0.0
2023-02-14 00:00:00-05:00,24.904796152675964,25.0607555931161,24.35893811113549,25.021766662597656,39200,0.0,0.0
2023-02-15 00:00:00-05:00,25.6553589166537,27.244198693321657,25.392176594012945,27.156471252441406,132400,0.0,0.0
2023-02-16 00:00:00-05:00,25.158237386806093,26.873793546250035,24.953541264082553,25.99652099609375,114300,0.0,0.0
2023-02-17 00:00:00-05:00,26.016013812791538,26.56187194503557,25.938034079613818,26.30843734741211,62200,0.0,0.0
2023-02-21 00:00:00-05:00,25.830809755876203,25.840557454357786,25.30444519297108,25.401920318603516,35100,0.0,0.0
2023-02-22 00:00:00-05:00,25.51889419035581,26.147606881056127,25.482827887158873,25.889297485351562,59700,0.0,0.0
2023-02-23 00:00:00-05:00,26.181718521689906,26.230455153159454,25.43116249828567,26.05500030517578,31100,0.0,0.0
2023-02-24 00:00:00-05:00,25.2947018649182,25.2947018649182,24.280963432390834,24.76833724975586,34300,0.0,0.0
2023-02-27 00:00:00-05:00,25.09974857197439,25.1874759972713,24.50320356730209,24.680606842041016,44100,0.0,0.0
2023-02-28 00:00:00-05:00,24.573389338319686,24.680612183372727,23.705864455061427,23.959299087524414,77400,0.0,0.0
2023-03-01 00:00:00-05:00,23.891064843355267,24.378438662617878,23.598639436287552,24.251720428466797,29700,0.0,0.0
2023-03-02 00:00:00-05:00,24.163996084666742,24.953541191595495,24.163996084666742,24.934045791625977,24100,0.0,0.0
2023-03-03 00:00:00-05:00,25.099755287322505,25.392178877093503,25.03152324032153,25.284957885742188,30300,0.0,0.0
2023-03-06 00:00:00-05:00,25.518894628174742,25.63586330894498,24.700106426048432,24.709854125976562,46200,0.0,0.0
2023-03-07 00:00:00-05:00,24.758593241529194,24.86581609227394,24.125007556331006,24.173744201660156,28400,0.0,0.0
2023-03-08 00:00:00-05:00,24.42717612615985,24.651369503574696,23.954424769747714,24.5831356048584,26700,0.0,0.0
2023-03-09 00:00:00-05:00,24.475913400999303,24.661114110700634,23.403690644189812,23.481670379638672,22300,0.0,0.0
2023-03-10 00:00:00-05:00,23.393942791482676,23.393942791482676,22.195003669623237,22.4191951751709,45700,0.0,0.0
2023-03-13 00:00:00-04:00,22.10727760759446,22.61414684574144,21.70763120883571,22.165761947631836,68100,0.0,0.0
2023-03-14 00:00:00-04:00,22.536168756107667,23.12101591767241,22.22424791497368,22.458189010620117,82000,0.0,0.0
2023-03-15 00:00:00-04:00,21.87333770664981,22.59465074191222,21.64914433498944,22.477680206298828,52900,0.0,0.0
2023-03-16 00:00:00-04:00,22.4679307563607,22.8773248103382,22.17550722888396,22.750608444213867,39200,0.0,0.0
2023-03-17 00:00:00-04:00,22.661971073257963,22.92788774004385,22.553634236011916,22.711214065551758,51800,0.24,0.0
2023-03-20 00:00:00-04:00,22.977130880175466,23.28145723318857,22.780155152733425,23.075618743896484,39300,0.0,0.0
2023-03-21 00:00:00-04:00,23.193799937835063,24.45936385913331,23.193799937835063,24.37565040588379,37900,0.0,0.0
2023-03-22 00:00:00-04:00,24.55292955751884,24.661266388813836,23.76502857460008,23.774877548217773,31500,0.0,0.0
2023-03-23 00:00:00-04:00,23.883215134677954,24.59232435107654,23.636996421949316,23.853668212890625,26400,0.0,0.0
2023-03-24 00:00:00-04:00,23.558206608689012,23.558206608689012,22.814626919642368,23.262744903564453,25400,0.0,0.0
2023-03-27 00:00:00-04:00,23.469566876456557,24.078219545039058,23.425247434433572,23.87336540222168,25100,0.0,0.0
2023-03-28 00:00:00-04:00,25.3999240133147,25.9514534191888,24.424896230707255,24.52338409423828,40900,0.0,0.0
2023-03-29 00:00:00-04:00,24.858239583695834,24.897635477149198,24.27716330475587,24.651416778564453,34200,0.0,0.0
2023-03-30 00:00:00-04:00,25.015822457925463,25.015822457925463,24.71051176034542,24.769603729248047,34600,0.0,0.0
2023-03-31 00:00:00-04:00,24.85824008013375,25.498408333538812,24.81884606439325,25.44916534423828,38900,0.0,0.0
2023-04-03 00:00:00-04:00,25.60674796066082,25.60674796066082,24.69081398304644,24.838544845581055,27500,0.0,0.0
2023-04-04 00:00:00-04:00,24.90748326570267,24.977408531206684,24.493835796616878,24.828691482543945,39000,0.0,0.0
2023-04-05 00:00:00-04:00,24.69081382839438,24.69081382839438,23.59760207118591,23.715787887573242,172500,0.0,0.0
2023-04-06 00:00:00-04:00,23.70593506689179,24.602170944213867,23.518808337346666,24.602170944213867,66900,0.0,0.0
2023-04-10 00:00:00-04:00,24.0112476911751,25.262039184570312,24.0112476911751,25.262039184570312,31400,0.0,0.0
2023-04-11 00:00:00-04:00,25.252189768726744,26.355250393013396,25.252189768726744,25.813568115234375,36300,0.0,0.0
2023-04-12 00:00:00-04:00,26.089334430301733,26.148426395048258,24.927181812121866,25.035518646240234,42700,0.0,0.0
2023-04-13 00:00:00-04:00,25.134008608492888,25.196055458440796,24.843470429649617,25.00597381591797,23600,0.0,0.0
2023-04-14 00:00:00-04:00,24.966579737955712,24.966579737955712,24.021098832624336,24.346107482910156,19900,0.0,0.0
2023-04-17 00:00:00-04:00,24.434746643532787,24.976428985595703,24.434746643532787,24.976428985595703,25900,0.0,0.0
2023-04-18 00:00:00-04:00,25.124158351762286,25.124158351762286,24.479064630706052,24.720359802246094,26500,0.0,0.0
2023-04-19 00:00:00-04:00,24.533231848192965,25.616594536149833,24.311634635895025,25.390073776245117,31600,0.0,0.0
2023-04-20 00:00:00-04:00,24.956730462699174,25.178327693975078,24.843470073047005,24.96657943725586,17200,0.0,0.0
2023-04-21 00:00:00-04:00,25.025671154729718,25.350679797836605,24.696723297539684,25.291587829589844,18100,0.0,0.0
2023-04-24 00:00:00-04:00,25.222647244679415,25.65599085596923,25.0946124534121,25.330982208251953,18600,0.0,0.0
2023-04-25 00:00:00-04:00,25.202951933673802,25.212800909302246,24.592328594210613,24.749908447265625,22700,0.0,0.0
2023-04-26 00:00:00-04:00,24.621872370312435,24.946881010460565,24.277165781428103,24.36580467224121,27200,0.0,0.0
2023-04-27 00:00:00-04:00,24.63172147252112,25.931756039860932,24.562780530086403,25.88251304626465,34300,0.0,0.0
2023-04-28 00:00:00-04:00,25.803721941135667,26.310931890119345,25.468864340301867,26.05978775024414,21800,0.0,0.0
2023-05-01 00:00:00-04:00,26.069636310914373,26.813217866286227,25.670763203376847,26.414342880249023,69200,0.0,0.0
2023-05-02 00:00:00-04:00,26.197672320018746,26.197672320018746,25.537806071845164,25.843116760253906,24100,0.0,0.0
2023-05-03 00:00:00-04:00,25.754478682829248,26.2666140900912,25.62152034372279,25.626445770263672,31400,0.0,0.0
2023-05-04 00:00:00-04:00,21.66724661816285,21.66724661816285,18.683075157674168,18.752017974853516,518000,0.0,0.0
2023-05-05 00:00:00-04:00,19.470976100617154,19.687647889858077,18.05275580045013,19.244455337524414,356400,0.0,0.0
2023-05-08 00:00:00-04:00,19.638404280124103,19.638404280124103,18.663378441521854,19.333091735839844,106800,0.0,0.0
2023-05-09 00:00:00-04:00,19.20506107401088,19.441430831040265,18.604286767498795,18.6141357421875,146500,0.0,0.0
2023-05-10 00:00:00-04:00,18.958842282247847,18.958842282247847,17.684413514763342,17.954269409179688,99800,0.0,0.0
2023-05-11 00:00:00-04:00,17.63910908852595,17.717899004402398,17.146671644673184,17.28455352783203,124800,0.0,0.0
2023-05-12 00:00:00-04:00,17.294402385091438,17.34463159011643,16.865982337818746,16.920150756835938,62200,0.0,0.0
2023-05-15 00:00:00-04:00,17.038334765555305,17.72774793671641,16.9201508312704,17.678504943847656,87200,0.0,0.0
2023-05-16 00:00:00-04:00,17.73759702725779,17.77699104611106,16.870906070488516,16.89060401916504,126400,0.0,0.0
2023-05-17 00:00:00-04:00,17.028489921399355,17.67358185437717,16.8610610936074,17.52092742919922,75100,0.0,0.0
2023-05-18 00:00:00-04:00,17.589866795805122,18.178821581315766,17.471680978035504,17.757295608520508,69600,0.0,0.0
2023-05-19 00:00:00-04:00,18.062604804713043,18.062604804713043,17.16636884618527,17.20576286315918,69100,0.0,0.0
2023-05-22 00:00:00-04:00,17.412587014342712,17.412587014342712,16.75272081373698,16.90045166015625,73300,0.0,0.0
2023-05-23 00:00:00-04:00,16.772419513787618,17.57016762306298,16.772419513787618,16.880754470825195,59500,0.0,0.0
2023-05-24 00:00:00-04:00,16.772419743655526,16.772419743655526,16.30460380383268,16.654233932495117,71700,0.0,0.0
2023-05-25 00:00:00-04:00,16.664084181623075,16.664084181623075,15.817091125918276,16.0830078125,67900,0.0,0.0
2023-05-26 00:00:00-04:00,16.84136173892349,17.26485826089786,16.66408395032958,17.166370391845703,129300,0.0,0.0
2023-05-30 00:00:00-04:00,17.42243846695034,18.10200083287414,17.294403670935782,18.062606811523438,112700,0.0,0.0
2023-05-31 00:00:00-04:00,17.816388050937196,17.931618991507904,17.30425262451172,17.30425262451172,64500,0.0,0.0
2023-06-01 00:00:00-04:00,17.37319143267747,17.76714286821637,16.998939823115112,17.530771255493164,50700,0.0,0.0
2023-06-02 00:00:00-04:00,17.767142686428915,18.003512418234,17.45198116552249,17.461830139160156,53800,0.0,0.0
2023-06-05 00:00:00-04:00,17.471681095257516,17.57903360513931,17.048184573283145,17.166370391845703,75400,0.0,0.0
2023-06-06 00:00:00-04:00,17.038335100111567,18.16109376886271,17.038335100111567,17.816387176513672,42200,0.0,0.0
2023-06-07 00:00:00-04:00,18.003514353472017,19.33309400298266,17.88040498751734,18.515647888183594,120600,0.0,0.0
2023-06-08 00:00:00-04:00,18.49594897473382,18.978537389689393,18.170940373702535,18.66337776184082,56600,0.0,0.0
2023-06-09 00:00:00-04:00,18.820959165903453,18.820959165903453,18.03305815121457,18.23003387451172,30300,0.0,0.0
2023-06-12 00:00:00-04:00,18.486100001551108,19.1479348443332,18.436855135637543,18.66337776184082,47300,0.0,0.0
2023-06-13 00:00:00-04:00,18.880052004859497,19.145968680061696,18.742170119273084,18.77171516418457,32800,0.0,0.0
2023-06-14 00:00:00-04:00,18.870463187794932,19.41356836962545,18.656182260468345,18.821088790893555,29800,0.05,0.0
2023-06-15 00:00:00-04:00,18.890211063114823,18.909960821875373,18.603847094849478,18.821088790893555,31200,0.0,0.0
2023-06-16 00:00:00-04:00,18.979081516389847,18.979081516389847,18.455726136825742,18.53472328186035,68600,0.0,0.0
2023-06-20 00:00:00-04:00,18.544599594385932,18.544599594385932,17.784250837483317,17.84349822998047,68300,0.0,0.0
2023-06-21 00:00:00-04:00,17.784252277852165,18.485351815599905,17.621319580988057,17.991619110107422,61700,0.0,0.0
2023-06-22 00:00:00-04:00,17.853372483742607,18.011366780492846,17.60650615964028,17.71512794494629,57800,0.0,0.0
2023-06-23 00:00:00-04:00,17.527508852012765,17.88299695819119,17.492947717627704,17.50775909423828,118300,0.0,0.0
2023-06-26 00:00:00-04:00,17.50775689449468,17.971866726679604,17.50775689449468,17.79412269592285,28600,0.0,0.0
2023-06-27 00:00:00-04:00,17.853371171261514,18.327354026667642,17.625267699016497,18.15948486328125,30700,0.0,0.0
2023-06-28 00:00:00-04:00,18.1693596404352,18.1693596404352,17.853371071922655,18.021240234375,30100,0.0,0.0
2023-06-29 00:00:00-04:00,18.09036483986705,18.519911738072963,18.021242566988015,18.25823402404785,92600,0.0,0.0
2023-06-30 00:00:00-04:00,18.56434586408581,18.613720256430586,18.327354431152344,18.327354431152344,101800,0.0,0.0
2023-07-03 00:00:00-04:00,18.327355894474625,18.900085707319437,18.327355894474625,18.86058807373047,26700,0.0,0.0
2023-07-05 00:00:00-04:00,18.544599575783398,18.781591028974926,18.11011430321194,18.61372184753418,108100,0.0,0.0
2023-07-06 00:00:00-04:00,18.33723240969001,18.998834311435676,18.233548993398127,18.969209671020508,60400,0.0,0.0
2023-07-07 00:00:00-04:00,18.593971509534008,19.117328796174952,18.23848339910313,18.554473876953125,69300,0.0,0.0
2023-07-10 00:00:00-04:00,18.732213939540628,19.058077376264222,18.31747848521602,18.347103118896484,64600,0.0,0.0
2023-07-11 00:00:00-04:00,18.366855494821312,19.166701883892767,18.366855494821312,18.99883270263672,41700,0.0,0.0
2023-07-12 00:00:00-04:00,19.255570913034873,19.413565190364036,18.702590942382812,18.702590942382812,51000,0.0,0.0
2023-07-13 00:00:00-04:00,18.860587189220414,19.225948287406634,18.58409623330176,19.15682601928711,68900,0.0,0.0
2023-07-14 00:00:00-04:00,19.216073508914516,19.216073508914516,18.129863204039903,18.139738082885742,70100,0.0,0.0
2023-07-17 00:00:00-04:00,18.050867038188024,18.050867038188024,17.438637700541275,17.59663200378418,100400,0.0,0.0
2023-07-18 00:00:00-04:00,17.547259341965805,18.26810857984755,17.47813707031148,17.774375915527344,46600,0.0,0.0
2023-07-19 00:00:00-04:00,17.843497275999308,18.663093381580353,17.843497275999308,18.38660430908203,37800,0.0,0.0
2023-07-20 00:00:00-04:00,18.356980353162605,18.41622774468838,18.119988903618893,18.198986053466797,37700,0.0,0.0
2023-07-21 00:00:00-04:00,18.366854480271,18.366854480271,17.794124696464642,17.932369232177734,84400,0.0,0.0
2023-07-24 00:00:00-04:00,18.090362986103965,18.1891098872869,17.794124165995644,17.942243576049805,44600,0.0,0.0
2023-07-25 00:00:00-04:00,17.991616358472736,17.991616358472736,17.586755752563477,17.586755752563477,55300,0.0,0.0
2023-07-26 00:00:00-04:00,17.744750832261015,18.01136691632799,17.665753683290127,17.922494888305664,106500,0.0,0.0
2023-07-27 00:00:00-04:00,18.129863948544948,18.20886109911514,17.59663176961568,17.636131286621094,80700,0.0,0.0
2023-07-28 00:00:00-04:00,17.87312310090385,18.22860934396075,17.84349846254883,18.189111709594727,67300,0.0,0.0
2023-07-31 00:00:00-04:00,18.277982435382103,19.22594819372905,18.139737899816645,19.01858139038086,145900,0.0,0.0
2023-08-01 00:00:00-04:00,18.919834876922902,19.30494573877115,18.781590338503648,19.186450958251953,57200,0.0,0.0
2023-08-02 00:00:00-04:00,18.959335089728736,19.122265889792626,18.569285832345727,18.61372184753418,129300,0.0,0.0
2023-08-03 00:00:00-04:00,18.435976346798796,18.435976346798796,17.863246575460064,18.14961051940918,109900,0.0,0.0
2023-08-04 00:00:00-04:00,18.268107379489198,19.1765754974825,18.268107379489198,19.1272029876709,124100,0.0,0.0
2023-08-07 00:00:00-04:00,19.275324369190866,19.7690570514953,19.275324369190866,19.65056037902832,191300,0.0,0.0
2023-08-08 00:00:00-04:00,19.84805359878743,20.381283899992003,18.9000858983428,19.976423263549805,112900,0.0,0.0
2023-08-09 00:00:00-04:00,19.97642331021652,20.12454273403933,18.821088790893555,18.821088790893555,90300,0.0,0.0
2023-08-10 00:00:00-04:00,18.939583894090532,19.268410004847766,18.712467337444185,18.91983413696289,55600,0.0,0.0
2023-08-11 00:00:00-04:00,18.860586740558183,19.048205666305574,18.53472328186035,18.53472328186035,59000,0.0,0.0
2023-08-14 00:00:00-04:00,18.49522373460887,18.61174466458497,17.902744206186615,18.14961051940918,59900,0.0,0.0
2023-08-15 00:00:00-04:00,17.952118969360146,18.78158994958039,17.853372065345255,18.63347053527832,48200,0.0,0.0
2023-08-16 00:00:00-04:00,18.613720752146804,18.712467656025673,18.19898526260798,18.24835777282715,49000,0.0,0.0
2023-08-17 00:00:00-04:00,18.36685477075879,18.36685477075879,17.576881408691406,17.576881408691406,62000,0.0,0.0
2023-08-18 00:00:00-04:00,17.527508277058978,17.902744245262475,17.527508277058978,17.833621978759766,41200,0.0,0.0
2023-08-21 00:00:00-04:00,17.813875583323668,17.8434983380313,17.47813721807233,17.59663200378418,40600,0.0,0.0
2023-08-22 00:00:00-04:00,17.626258181283372,17.7250051002942,17.42876434326172,17.42876434326172,66000,0.0,0.0
2023-08-23 00:00:00-04:00,17.5768843768645,18.100241746983425,17.43863981561987,18.011369705200195,55700,0.0,0.0
2023-08-24 00:00:00-04:00,18.040991417423736,18.062715021108705,17.626255917594204,17.71512794494629,32600,0.0,0.0
2023-08-25 00:00:00-04:00,17.715127928476296,17.952119373381326,17.330015182495117,17.330015182495117,24300,0.0,0.0
2023-08-28 00:00:00-04:00,17.42876233475187,17.76351376775479,17.42876233475187,17.675628662109375,43600,0.0,0.0
2023-08-29 00:00:00-04:00,17.754626498514792,17.976806578421595,17.685504225530604,17.873123168945312,52400,0.0,0.0
2023-08-30 00:00:00-04:00,17.833624069405005,18.304646226546797,17.794126433961914,18.11011505126953,51000,0.0,0.0
2023-08-31 00:00:00-04:00,18.129863739013672,18.4162277002308,18.110113980739218,18.129863739013672,39400,0.0,0.0
2023-09-01 00:00:00-04:00,18.18911146959815,18.18911146959815,16.589416804906953,16.619041442871094,118200,0.0,0.0
2023-09-05 00:00:00-04:00,16.796785460494416,17.023902033978995,16.411674585156163,16.54991912841797,54700,0.0,0.0
2023-09-06 00:00:00-04:00,16.224055943363492,16.37217536864139,16.125309032031335,16.19443130493164,102200,0.0,0.0
2023-09-07 00:00:00-04:00,16.194430070857567,16.194430070857567,15.75994576589009,16.006811141967773,114500,0.0,0.0
2023-09-08 00:00:00-04:00,16.006812089047145,17.04365181520984,15.927814938015375,17.004152297973633,79800,0.0,0.0
2023-09-11 00:00:00-04:00,17.063400803545893,17.729939117572297,16.78690984569583,17.053525924682617,74700,0.0,0.0
2023-09-12 00:00:00-04:00,16.925153634485255,17.172019944829277,16.708898882231605,16.786909103393555,38200,0.0,0.0
2023-09-13 00:00:00-04:00,16.82640955433792,17.04365124150254,16.362299659638143,16.55979347229004,46700,0.0,0.0
2023-09-14 00:00:00-04:00,16.767780603384196,17.282798526140816,16.767780603384196,17.193660736083984,42900,0.05,0.0
2023-09-15 00:00:00-04:00,17.163948610362016,18.061267702488827,17.134235382080078,17.134235382080078,112400,0.0,0.0
2023-09-18 00:00:00-04:00,17.233275843196267,17.233275843196267,16.78659703531691,16.886629104614258,68300,0.0,0.0
2023-09-19 00:00:00-04:00,16.88663135006112,16.99359821964499,16.75787780156176,16.76778221130371,35200,0.0,0.0
2023-09-20 00:00:00-04:00,16.906440598035424,16.906440598035424,16.272573471069336,16.272573471069336,43400,0.0,0.0
2023-09-21 00:00:00-04:00,16.272572801151192,16.738068717218994,16.272572801151192,16.341901779174805,35700,0.0,0.0
2023-09-22 00:00:00-04:00,16.4211358056491,16.668740387693912,15.490142992756672,15.599088668823242,75800,0.0,0.0
2023-09-25 00:00:00-04:00,15.579278659571404,15.698129681072054,15.064261659393203,15.509949684143066,144800,0.0,0.0
2023-09-26 00:00:00-04:00,15.381194936566207,15.658512722639534,15.252440452575684,15.252440452575684,71000,0.0,0.0
2023-09-27 00:00:00-04:00,15.361388446870084,15.777364218917606,15.321771751653012,15.618897438049316,57800,0.0,0.0
2023-09-28 00:00:00-04:00,15.668415782287669,15.752601367931694,15.440620047331135,15.579277992248535,53700,0.0,0.0
2023-09-29 00:00:00-04:00,15.688225401873023,15.896212329881719,15.519854221977592,15.638704299926758,59200,0.0,0.0
2023-10-02 00:00:00-04:00,15.698130120959949,15.717937995407475,15.183112161813634,15.351483345031738,61500,0.0,0.0
2023-10-03 00:00:00-04:00,15.193015843869347,15.361387019025898,14.559147834777832,14.559147834777832,58400,0.0,0.0
2023-10-04 00:00:00-04:00,14.648286919158902,14.668095738942027,14.331353358921005,14.440299034118652,59400,0.0,0.0
2023-10-05 00:00:00-04:00,14.479914750871197,14.509627034001982,14.09365129202521,14.271926879882812,27700,0.0,0.0
2023-10-06 00:00:00-04:00,14.0738443197529,14.70771238254901,14.004515339827385,14.460107803344727,46000,0.0,0.0
2023-10-09 00:00:00-04:00,14.262022724896852,14.607678678814525,13.935184771022632,14.529436111450195,44800,0.0,0.0
2023-10-10 00:00:00-04:00,14.658191534694414,15.27225078853841,14.648287124663899,15.222729682922363,96500,0.0,0.0
2023-10-11 00:00:00-04:00,15.183112583486002,15.31186707684841,14.955316826062399,15.024645805358887,117800,0.0,0.0
2023-10-12 00:00:00-04:00,14.985028382375583,14.985028382375583,14.400681458035711,14.588860511779785,81800,0.0,0.0
2023-10-13 00:00:00-04:00,14.529436410541953,14.895891065019132,14.529436410541953,14.767136573791504,58900,0.0,0.0
2023-10-16 00:00:00-04:00,14.846370269316512,15.262346035894925,14.747329004844252,15.173208236694336,46800,0.0,0.0
2023-10-17 00:00:00-04:00,15.034549249602144,15.648608447677884,15.034549249602144,15.381195068359375,50900,0.0,0.0
2023-10-18 00:00:00-04:00,15.301962284040528,15.341578977580616,15.0840699973018,15.163304328918457,57500,0.0,0.0
2023-10-19 00:00:00-04:00,15.123688162691922,15.123688162691922,14.62847900390625,14.62847900390625,54200,0.0,0.0
2023-10-20 00:00:00-04:00,14.578956794519346,14.677998052050533,14.311543415658617,14.331352233886719,47800,0.0,0.0
2023-10-23 00:00:00-04:00,14.311543829332571,14.361064931797788,13.87576020561889,14.004514694213867,81700,0.0,0.0
2023-10-24 00:00:00-04:00,14.162981593929489,14.375921675270694,14.00451482024389,14.133269309997559,95000,0.0,0.0
2023-10-25 00:00:00-04:00,14.13326984044485,14.24221551530851,13.75691076654787,13.766814231872559,60000,0.0,0.0
2023-10-26 00:00:00-04:00,13.74700567900143,13.925281269568536,13.430072135358989,13.66777229309082,80500,0.0,0.0
2023-10-27 00:00:00-04:00,13.737101746944528,13.836143955042393,13.321125984191895,13.321125984191895,90000,0.0,0.0
2023-10-30 00:00:00-04:00,13.479592850130002,13.915377435181524,13.469689384884312,13.80643081665039,62700,0.0,0.0
2023-10-31 00:00:00-04:00,13.88566526113393,13.96390783214978,13.667772966870098,13.766814231872559,75000,0.0,0.0
2023-11-01 00:00:00-04:00,13.766814671770826,13.766814671770826,13.271605497325307,13.439976692199707,130800,0.0,0.0
2023-11-02 00:00:00-04:00,13.915377460587907,15.004837036132812,13.915377460587907,15.004837036132812,77800,0.0,0.0
2023-11-03 00:00:00-04:00,16.282476450571266,17.352128077889212,16.133914091874612,17.332319259643555,85900,0.0,0.0
2023-11-06 00:00:00-05:00,16.87672819656619,16.87672819656619,15.82688347216139,16.12401008605957,96800,0.0,0.0
2023-11-07 00:00:00-05:00,16.044775923554955,16.421134016054992,15.930876165842989,16.232954025268555,43300,0.0,0.0
2023-11-08 00:00:00-05:00,16.084392697984033,16.084392697984033,15.014741027324868,15.331674575805664,75400,0.0,0.0
2023-11-09 00:00:00-05:00,15.490142261620534,15.846692502902712,15.242537691262678,15.519854545593262,49200,0.0,0.0
2023-11-10 00:00:00-05:00,15.668416403786507,16.015063168902817,15.24253719881488,15.52975845336914,57600,0.0,0.0
2023-11-13 00:00:00-05:00,15.529757759244182,15.757553493054736,15.40100327922832,15.430715560913086,50200,0.0,0.0
2023-11-14 00:00:00-05:00,15.9061186188207,16.772734699411675,15.9061186188207,15.995256423950195,74200,0.0,0.0
2023-11-15 00:00:00-05:00,16.133914761485332,16.75787744953694,16.124010351951437,16.718259811401367,61100,0.0,0.0
2023-11-16 00:00:00-05:00,16.718260360040073,16.86682461885091,15.935830871915305,16.351806640625,38600,0.0,0.0
2023-11-17 00:00:00-05:00,16.510274220716912,17.084716796875,16.39142318572039,17.084716796875,44400,0.0,0.0
2023-11-20 00:00:00-05:00,17.114429391003796,17.953313835872297,17.03519600031238,17.827529907226562,111200,0.0,0.0
2023-11-21 00:00:00-05:00,17.609637192978457,17.68391742840246,17.22337279029664,17.629444122314453,73000,0.0,0.0
2023-11-22 00:00:00-05:00,17.827528311807566,17.827528311807566,17.550210524668767,17.708677291870117,60700,0.0,0.0
2023-11-24 00:00:00-05:00,17.67896465154553,17.867144632139055,17.609635682135476,17.847335815429688,32200,0.0,0.0
2023-11-27 00:00:00-05:00,17.66906344150165,17.66906344150165,17.41155444488588,17.540307998657227,74300,0.0,0.0
2023-11-28 00:00:00-05:00,17.4511707156754,17.51059528282289,17.163948511162157,17.173852920532227,35100,0.0,0.0
2023-11-29 00:00:00-05:00,17.431363394971118,17.926572571594885,17.362034412495486,17.837434768676758,48000,0.0,0.0
2023-11-30 00:00:00-05:00,17.966188189634344,17.97114133924463,17.470979016697804,17.540307998657227,50600,0.0,0.0
2023-12-01 00:00:00-05:00,17.72848682006674,19.313156444619324,17.589828865480506,19.194305419921875,130200,0.0,0.0
2023-12-04 00:00:00-05:00,18.996221393147998,19.471621676143325,18.76842566034684,19.41219711303711,50100,0.0,0.0
2023-12-05 00:00:00-05:00,19.11507221856728,19.11507221856728,18.580247324923253,18.778329849243164,42200,0.0,0.0
2023-12-06 00:00:00-05:00,18.91698743063913,19.115069931256475,18.619860846103997,18.72880744934082,53300,0.0,0.0
2023-12-07 00:00:00-05:00,18.679289735327295,18.679289735327295,18.33264295264587,18.530725479125977,57900,0.0,0.0
2023-12-08 00:00:00-05:00,19.06555065476751,20.967153704728013,19.06555065476751,20.551177978515625,112100,0.0,0.0
2023-12-11 00:00:00-05:00,20.907730604603493,21.095908718654712,19.665746362129813,20.37290382385254,164100,0.0,0.0
2023-12-12 00:00:00-05:00,20.422425654158335,20.422425654158335,19.49143194706135,20.367952346801758,84100,0.0,0.0
2023-12-13 00:00:00-05:00,20.02625720427124,21.155335342853956,19.29334789414448,21.006771087646484,189100,0.0,0.0
2023-12-14 00:00:00-05:00,21.294672455677283,22.396633200010367,21.036554995746663,22.098806381225586,191500,0.05,0.0
2023-12-15 00:00:00-05:00,21.989603364138656,21.989603364138656,20.738727258088687,21.65206527709961,195900,0.0,0.0
2023-12-18 00:00:00-05:00,21.711628090559252,21.711628090559252,20.659302772350287,21.09611701965332,140800,0.0,0.0
2023-12-19 00:00:00-05:00,21.344310233243014,21.344310233243014,20.41111660448302,21.135831832885742,124600,0.0,0.0
2023-12-20 00:00:00-05:00,21.42372940728946,21.521019320919315,19.606981338733124,19.889917373657227,232500,0.0,0.0
2023-12-21 00:00:00-05:00,20.202636908076187,20.262201890994625,19.08081868414839,20.172853469848633,206400,0.0,0.0
2023-12-22 00:00:00-05:00,20.05372360096033,20.510391628103864,20.004084537007763,20.45082664489746,99600,0.0,0.0
2023-12-26 00:00:00-05:00,20.25227519237792,20.33467433849079,19.954448367864906,20.004085540771484,75800,0.0,0.0
2023-12-27 00:00:00-05:00,19.924663311878724,19.924663311878724,19.52756028022542,19.666545867919922,93000,0.0,0.0
2023-12-28 00:00:00-05:00,19.65661816002782,20.252273657445524,19.65661816002782,19.94451904296875,50500,0.0,0.0
2023-12-29 00:00:00-05:00,19.7558933383155,19.926648675174132,19.4481387402506,19.51763153076172,69700,0.0,0.0
2024-01-02 00:00:00-05:00,19.418356496828057,19.418356496828057,19.001397834616874,19.041109085083008,56500,0.0,0.0
2024-01-03 00:00:00-05:00,18.971615665987063,18.971615665987063,18.366032371063532,18.84255599975586,57500,0.0,0.0
2024-01-04 00:00:00-05:00,18.902122859897496,19.270434659841346,18.822700361635995,19.140384674072266,28200,0.0,0.0
2024-01-05 00:00:00-05:00,19.080819645792616,19.85715835696843,19.04111028635792,19.438213348388672,19400,0.0,0.0
2024-01-08 00:00:00-05:00,19.30915440911369,19.835315224777254,19.279370971165385,19.61690902709961,40200,0.0,0.0
2024-01-09 00:00:00-05:00,19.418355664403467,19.418355664403467,18.872339248657227,18.872339248657227,32500,0.0,0.0
2024-01-10 00:00:00-05:00,18.91205064276904,19.309155599072124,18.693644431631753,18.85248565673828,101100,0.0,0.0
2024-01-11 00:00:00-05:00,18.723428989852223,18.723428989852223,17.700886885303124,18.10791778564453,97500,0.0,0.0
2024-01-12 00:00:00-05:00,18.296541061515075,18.47523791014231,18.018567975479733,18.02849578857422,40800,0.0,0.0
2024-01-16 00:00:00-05:00,18.018566755545592,18.316395447605622,17.9490739621259,18.217119216918945,44400,0.0,0.0
2024-01-17 00:00:00-05:00,17.968929089418477,18.137698108851705,17.800160069985253,17.99871063232422,42900,0.0,0.0
2024-01-18 00:00:00-05:00,17.939147011154287,18.097988230465997,17.849798588599366,18.083097457885742,29300,0.0,0.0
2024-01-19 00:00:00-05:00,18.167481235568467,18.634078979492188,17.889510045353536,18.634078979492188,49600,0.0,0.0
2024-01-22 00:00:00-05:00,18.81277535965935,19.408428977354912,18.81277535965935,19.28929901123047,45500,0.0,0.0
2024-01-23 00:00:00-05:00,19.388574300529722,19.67647328258135,19.051036257064656,19.140384674072266,33500,0.0,0.0
2024-01-24 00:00:00-05:00,19.319081777017214,19.319081777017214,18.24690254644892,18.52487564086914,57100,0.0,0.0
2024-01-25 00:00:00-05:00,18.892196874788485,20.11328950060933,18.812776262382336,19.438213348388672,64100,0.0,0.0
2024-01-26 00:00:00-05:00,19.597053761256824,19.597053761256824,19.190022902847293,19.26944351196289,26300,0.0,0.0
2024-01-29 00:00:00-05:00,19.338938029536735,19.45806990058198,18.852486518714294,19.29922866821289,40300,0.0,0.0
2024-01-30 00:00:00-05:00,19.249589333008213,19.46799744464315,19.031183114910103,19.05103874206543,42600,0.0,0.0
2024-01-31 00:00:00-05:00,22.337068850707578,24.561840135675045,21.72850695589997,23.16105842590332,642600,0.0,0.0
2024-02-01 00:00:00-05:00,23.4092474882559,24.943059586320352,22.937686779060904,23.25040626525879,388700,0.0,0.0
2024-02-02 00:00:00-05:00,23.32982537503264,23.359608812503737,22.664677086471094,22.89301109313965,113500,0.0,0.0
2024-02-05 00:00:00-05:00,22.694461126530225,22.83344671801248,21.63220977783203,21.63220977783203,101800,0.0,0.0
2024-02-06 00:00:00-05:00,21.721558413816243,22.118663388370997,21.56271718140908,21.602428436279297,74100,0.0,0.0
2024-02-07 00:00:00-05:00,21.721558403261955,21.840690274277865,20.133146079962135,20.162927627563477,75100,0.0,0.0
2024-02-08 00:00:00-05:00,20.282058068220415,20.65930549501515,19.924664373914133,20.38133430480957,61500,0.0,0.0
2024-02-09 00:00:00-05:00,20.550103809393125,21.09612028282809,20.222493546624797,20.599740982055664,130600,0.0,0.0
2024-02-12 00:00:00-05:00,20.74865472660823,22.615041987849757,20.74865472660823,22.57533073425293,75400,0.0,0.0
2024-02-13 00:00:00-05:00,22.088878942992825,22.088878942992825,21.18546876467246,21.751340866088867,98700,0.0,0.0
2024-02-14 00:00:00-05:00,22.525690686953485,22.525690686953485,21.56668637867452,21.840686798095703,41200,0.0,0.0
2024-02-15 00:00:00-05:00,21.592497175390072,22.32713823137436,21.096117929978803,21.840686798095703,77700,0.0,0.0
2024-02-16 00:00:00-05:00,22.356923459531505,22.456199695277398,21.38402051500247,21.572643280029297,123200,0.0,0.0
2024-02-20 00:00:00-05:00,21.006770695492243,21.453512798896455,20.808218228748892,21.066335678100586,58100,0.0,0.0
2024-02-21 00:00:00-05:00,20.877713211520064,20.937278194967014,20.56002888155072,20.728797912597656,27800,0.0,0.0
2024-02-22 00:00:00-05:00,20.550101998992186,20.85785660816856,20.222491765085312,20.29198455810547,43300,0.0,0.0
2024-02-23 00:00:00-05:00,20.103360096957978,20.373389779069065,19.58414667729888,20.2622013092041,26700,0.0,0.0
2024-02-26 00:00:00-05:00,20.063649675813934,20.778437053980845,20.063649675813934,20.7188720703125,46700,0.0,0.0
2024-02-27 00:00:00-05:00,20.68908792064723,21.473366174858462,20.550102332352317,21.413801193237305,49400,0.0,0.0
2024-02-28 00:00:00-05:00,21.145755454489205,21.741410937757195,20.967060513691735,21.19539451599121,61900,0.0,0.0
2024-02-29 00:00:00-05:00,20.91742318480207,22.217936407292186,20.87473529255739,20.927350997924805,141900,0.0,0.0
2024-03-01 00:00:00-05:00,21.245031921488007,21.334380339654,20.41111461429648,20.569955825805664,52400,0.0,0.0
2024-03-04 00:00:00-05:00,20.53024672785022,20.53024672785022,19.749937325624476,19.94451904296875,66600,0.0,0.0
2024-03-05 00:00:00-05:00,19.785679576395975,20.212566085461958,19.38857650756836,19.38857650756836,52000,0.0,0.0
2024-03-06 00:00:00-05:00,19.696328790059816,20.01401120707101,19.37864637304862,19.7459659576416,34800,0.0,0.0
2024-03-07 00:00:00-05:00,19.63676567675864,20.609668644715466,19.63676567675864,20.331695556640625,37400,0.0,0.0
2024-03-08 00:00:00-05:00,20.60966957727709,20.82807579623059,20.409132665418635,20.480609893798828,29500,0.0,0.0
2024-03-11 00:00:00-04:00,20.00408406340513,21.513077488177043,20.00408406340513,21.403873443603516,49900,0.0,0.0
2024-03-12 00:00:00-04:00,21.652064542057484,21.751340780793484,20.92338047171363,21.47336769104004,35000,0.0,0.0
2024-03-13 00:00:00-04:00,21.592497883504777,22.337066776039425,21.592497883504777,22.317211151123047,91800,0.0,0.0
2024-03-14 00:00:00-04:00,22.56595472702545,22.56595472702545,21.471485658509085,21.889373779296875,50900,0.05,0.0
2024-03-15 00:00:00-04:00,21.889375991156854,22.277414321899414,21.62073319398533,22.277414321899414,171100,0.0,0.0
2024-03-18 00:00:00-04:00,21.66053357970507,21.695357436122777,21.26552856900477,21.49138832092285,56700,0.0,0.0
2024-03-19 00:00:00-04:00,21.182945070978164,22.01871942153932,20.275530370522972,21.91922378540039,50200,0.0,0.0
2024-03-20 00:00:00-04:00,22.38686003117353,23.899217253185753,21.44163629297648,23.83951759338379,146600,0.0,0.0
2024-03-21 00:00:00-04:00,23.87931817359787,23.87931817359787,21.789877453856516,21.879425048828125,118800,0.0,0.0
2024-03-22 00:00:00-04:00,21.879425858521955,22.655504411077064,20.58596350202121,20.685461044311523,64000,0.0,0.0
2024-03-25 00:00:00-04:00,21.00385023436658,21.491386070930844,20.894402755507667,21.43168830871582,38900,0.0,0.0
2024-03-26 00:00:00-04:00,21.471486183485535,21.889374314490663,21.11329581469324,21.212793350219727,54000,0.0,0.0
2024-03-27 00:00:00-04:00,21.24264316478219,22.088369369506836,21.189910173161767,22.088369369506836,32200,0.0,0.0
2024-03-28 00:00:00-04:00,22.237615793584688,22.30726350242588,21.720230102539062,21.720230102539062,35100,0.0,0.0
2024-04-01 00:00:00-04:00,22.327163066154082,22.327163066154082,20.993900980438287,21.113296508789062,52800,0.0,0.0
2024-04-02 00:00:00-04:00,20.934201843996053,21.182944725805374,20.685458962186733,20.983949661254883,34900,0.0,0.0
2024-04-03 00:00:00-04:00,20.993902593666192,22.406762439436353,20.645662129994236,21.95902442932129,152700,0.0,0.0
2024-04-04 00:00:00-04:00,22.187865999994703,23.073392017626777,21.95902298664075,22.814699172973633,157000,0.0,0.0
2024-04-05 00:00:00-04:00,22.68535279000015,23.252488222844292,22.28437933775978,23.212688446044922,51000,0.0,0.0
2024-04-08 00:00:00-04:00,23.44152986968494,24.016624459540566,22.989814199936237,23.81962013244629,96900,0.0,0.0
2024-04-09 00:00:00-04:00,23.929065899506035,24.297206221574946,23.28731066842131,23.521127700805664,50300,0.0,0.0
2024-04-10 00:00:00-04:00,23.123140726497372,23.123140726497372,22.2575164609208,22.745052337646484,66600,0.0,0.0
2024-04-11 00:00:00-04:00,22.675403574727365,23.13308959778127,22.118218114803856,23.00374412536621,38100,0.0,0.0
2024-04-12 00:00:00-04:00,22.764950449146706,22.764950449146706,21.590885499762003,21.650583267211914,45900,0.0,0.0
2024-04-15 00:00:00-04:00,21.78987839874608,21.90330548381258,20.98395190681136,21.043649673461914,46900,0.0,0.0
2024-04-16 00:00:00-04:00,21.003850956603536,21.043648833529492,20.614816319428865,20.67551040649414,55900,0.0,0.0
2024-04-17 00:00:00-04:00,20.97400129323792,20.97400129323792,20.486465436012363,20.705358505249023,22400,0.0,0.0
2024-04-18 00:00:00-04:00,20.49641553310172,21.41178948965602,20.41681788026038,20.9541015625,52000,0.0,0.0
2024-04-19 00:00:00-04:00,21.68043215643743,22.814699177419556,21.582923466610826,22.705251693725586,89300,0.0,0.0
2024-04-22 00:00:00-04:00,22.52615582434944,22.86444631127407,22.16498217542739,22.476408004760742,64100,0.0,0.0
2024-04-23 00:00:00-04:00,22.33711308040156,23.21268724951924,22.33711308040156,23.00374412536621,39200,0.0,0.0
2024-04-24 00:00:00-04:00,22.898275206090617,22.9241454380596,22.625652834207944,22.824647903442383,21100,0.0,0.0
2024-04-25 00:00:00-04:00,22.585857432729874,22.620681288996337,22.217717083652907,22.257516860961914,41400,0.0,0.0
2024-04-26 00:00:00-04:00,22.496309831542447,23.212688743284044,22.202793116040947,22.257516860961914,56400,0.0,0.0
2024-04-29 00:00:00-04:00,22.307264069482866,22.5759068656345,21.16304707202245,21.371990203857422,106300,0.0,0.0
2024-04-30 00:00:00-04:00,21.371988848267428,21.635657604547493,20.546162521845552,20.585962295532227,85200,0.0,0.0
2024-05-01 00:00:00-04:00,21.182947475829607,21.551085925955828,20.92425461743284,21.35209083557129,58200,0.0,0.0
2024-05-02 00:00:00-04:00,21.57098492156899,26.207552496664572,21.152102342206103,25.968759536743164,255400,0.0,0.0
2024-05-03 00:00:00-04:00,25.988660168851933,26.177703414772186,22.22368707430036,22.30726432800293,221500,0.0,0.0
2024-05-06 00:00:00-04:00,22.386860544841205,24.227558346968575,22.386860544841205,23.272384643554688,124500,0.0,0.0
2024-05-07 00:00:00-04:00,23.282335467658065,23.521128428103644,22.909221111132272,23.093290328979492,74600,0.0,0.0
2024-05-08 00:00:00-04:00,23.033593057093245,23.4017333984375,22.466459526657278,23.4017333984375,40300,0.0,0.0
2024-05-09 00:00:00-04:00,23.282334434861863,23.411681802130676,22.421684251718098,22.80474853515625,41400,0.0,0.0
2024-05-10 00:00:00-04:00,22.934093667053013,23.108214828465833,22.148067122578382,22.19781494140625,52700,0.0,0.0
2024-05-13 00:00:00-04:00,22.197816517533827,22.585856743422532,21.92917561992814,22.028671264648438,27400,0.0,0.0
2024-05-14 00:00:00-04:00,21.9988226506193,22.64555381010751,21.37198948080568,21.90927505493164,78800,0.0,0.0
2024-05-15 00:00:00-04:00,21.769977582246494,21.929174782788774,21.401839156216305,21.660531997680664,52300,0.0,0.0
2024-05-16 00:00:00-04:00,21.879425227669238,22.143092094042114,21.5311847885729,21.799827575683594,50800,0.0,0.0
2024-05-17 00:00:00-04:00,21.52123418079797,21.52123418079797,20.872514191122775,21.242643356323242,62700,0.0,0.0
2024-05-20 00:00:00-04:00,21.391890496923843,21.391890496923843,20.715309470589187,20.88445472717285,44400,0.0,0.0
2024-05-21 00:00:00-04:00,20.894403078044387,21.600831985473633,20.765057608288917,21.600831985473633,55200,0.0,0.0
2024-05-22 00:00:00-04:00,21.401839648938722,21.859525680541992,21.262544230234724,21.859525680541992,76900,0.0,0.0
2024-05-23 00:00:00-04:00,21.859524879186655,21.859524879186655,20.173048358602433,20.39691734313965,53500,0.0,0.0
2024-05-24 00:00:00-04:00,20.406867955849915,20.993901357772444,20.406867955849915,20.73520851135254,41600,0.0,0.0
2024-05-28 00:00:00-04:00,21.00384989970703,21.00384989970703,20.30736905985092,20.496414184570312,49300,0.0,0.0
2024-05-29 00:00:00-04:00,20.406868039483154,20.466565804976177,19.551191843799558,19.64073944091797,40800,0.0,0.0
2024-05-30 00:00:00-04:00,19.894458866453903,21.04364990126694,19.571092322893758,20.526264190673828,94000,0.0,0.0
2024-05-31 00:00:00-04:00,20.536213096228447,20.74515811783655,20.168074669132693,20.566062927246094,53400,0.0,0.0
2024-06-03 00:00:00-04:00,21.8893758438338,22.287364115988314,21.580935170133774,22.028671264648438,119900,0.0,0.0
2024-06-04 00:00:00-04:00,22.01871997712492,22.01871997712492,20.804855346679688,20.804855346679688,49000,0.0,0.0
2024-06-05 00:00:00-04:00,20.75510891940169,20.82475663023064,20.12827572642554,20.715309143066406,65200,0.0,0.0
2024-06-06 00:00:00-04:00,20.854603992896234,21.572973615333552,20.715308575057776,21.391889572143555,94800,0.0,0.0
2024-06-07 00:00:00-04:00,21.123246782519896,21.551084877604005,21.123246782519896,21.391889572143555,28200,0.0,0.0
2024-06-10 00:00:00-04:00,20.884453868170375,20.99390135256334,20.735208506207623,20.844655990600586,28300,0.0,0.0
2024-06-11 00:00:00-04:00,20.59591372287442,21.241650484731583,18.97410888568816,19.620840072631836,119300,0.0,0.0
2024-06-12 00:00:00-04:00,19.988978482738265,19.988978482738265,18.86465957460142,19.18305206298828,115300,0.0,0.0
2024-06-13 00:00:00-04:00,19.322347475444367,19.322347475444367,18.247778282997473,18.854711532592773,141900,0.0,0.0
2024-06-14 00:00:00-04:00,18.755214358723872,18.946248337252918,18.038833618164062,18.038833618164062,70300,0.0,0.0
2024-06-17 00:00:00-04:00,18.258333022599242,18.258333022599242,17.32047462463379,17.32047462463379,78900,0.05,0.0
2024-06-18 00:00:00-04:00,17.320474886539614,17.38732177581885,16.89145361780991,16.98124885559082,77200,0.0,0.0
2024-06-20 00:00:00-04:00,17.071044048557376,17.659700871128727,16.96129389088972,17.61979103088379,55000,0.0,0.0
2024-06-21 00:00:00-04:00,17.599836044216904,17.94903953301608,16.552227480825294,16.83159065246582,139600,0.0,0.0
2024-06-24 00:00:00-04:00,16.961293670063096,17.609813341552567,16.961293670063096,17.48011016845703,52000,0.0,0.0
2024-06-25 00:00:00-04:00,17.2107242413174,17.420245188203662,16.841565840557863,17.021156311035156,66500,0.0,0.0
2024-06-26 00:00:00-04:00,16.961293582183803,17.14886526070687,16.831590409760285,16.851543426513672,41300,0.0,0.0
2024-06-27 00:00:00-04:00,16.891453562878954,17.77942657470703,16.861521182714014,17.77942657470703,53100,0.0,0.0
2024-06-28 00:00:00-04:00,17.759470693580692,18.378059862474345,17.759470693580692,18.338150024414062,183400,0.0,0.0
2024-07-01 00:00:00-04:00,18.328176186949115,18.328176186949115,17.639746639886297,17.879199981689453,52400,0.0,0.0
2024-07-02 00:00:00-04:00,18.02885660428738,19.455600980685233,17.978971209128986,19.276010513305664,176000,0.0,0.0
2024-07-03 00:00:00-04:00,20.9222535229227,21.159712497584415,19.58530436549737,20.054235458374023,133400,0.0,0.0
2024-07-05 00:00:00-04:00,20.16398498876241,20.845430498672975,20.014326889139426,20.42339324951172,98000,0.0,0.0
2024-07-08 00:00:00-04:00,21.770319032131965,21.770319032131965,20.802528252662555,20.97214126586914,387900,0.0,0.0
2024-07-09 00:00:00-04:00,21.002072208328403,21.650593798675914,21.002072208328403,21.091867446899414,82200,0.0,0.0
2024-07-10 00:00:00-04:00,20.952186797672567,21.640616325294904,20.952186797672567,21.251502990722656,121900,0.0,0.0
2024-07-11 00:00:00-04:00,21.24152778115814,21.745377158405557,21.24152778115814,21.381208419799805,92500,0.0,0.0
2024-07-12 00:00:00-04:00,21.211593861844758,21.471002102656346,21.11182116876248,21.351274490356445,83800,0.0,0.0
2024-07-15 00:00:00-04:00,21.40116320628554,21.750364800700304,21.291413046323203,21.55082130432129,92000,0.0,0.0
2024-07-16 00:00:00-04:00,21.650593857035297,22.049682750090014,21.440073823684425,21.880069732666016,73400,0.0,0.0
2024-07-17 00:00:00-04:00,21.910000672986833,22.12950099605705,21.830182892690207,21.99979591369629,33100,0.0,0.0
2024-07-18 00:00:00-04:00,21.99979591369629,22.408862275592245,21.949910514638145,21.99979591369629,89400,0.0,0.0
2024-07-19 00:00:00-04:00,21.949910498026696,22.289136539782135,21.57875772477797,22.15943145751953,40900,0.0,0.0
2024-07-22 00:00:00-04:00,22.069636447916864,22.66826880283391,21.989818673727534,22.618383407592773,61100,0.0,0.0
2024-07-23 00:00:00-04:00,22.28913628429068,22.6982026411881,22.099568344775353,22.339021682739258,54100,0.0,0.0
2024-07-24 00:00:00-04:00,22.209317679780195,22.458748468767386,22.10455720512699,22.249225616455078,34100,0.0,0.0
2024-07-25 00:00:00-04:00,22.31906819953059,22.66228483375241,22.129500263970133,22.219295501708984,75800,0.0,0.0
2024-07-26 00:00:00-04:00,22.26918053629547,22.478703388607777,22.229272599620586,22.249225616455078,99100,0.0,0.0
2024-07-29 00:00:00-04:00,22.179385793021275,22.538566746108565,22.01975023676158,22.0496826171875,112000,0.0,0.0
2024-07-30 00:00:00-04:00,22.08959050631619,22.71815717284076,21.939932410526602,22.68822479248047,94800,0.0,0.0
2024-07-31 00:00:00-04:00,22.45874890685544,23.60812643120189,22.41385128784172,22.84786033630371,134000,0.0,0.0
2024-08-01 00:00:00-04:00,22.658292173801183,22.84786010807729,22.533576778120622,22.708179473876953,28500,0.0,0.0
2024-08-02 00:00:00-04:00,22.149454343966013,22.768041621585144,22.06963656933755,22.44877052307129,55500,0.0,0.0
2024-08-05 00:00:00-04:00,21.810228214961167,22.49865580399822,21.800250755307694,22.29911231994629,58400,0.0,0.0
2024-08-06 00:00:00-04:00,22.15943131103327,22.748088150011295,22.15943131103327,22.48868179321289,44200,0.0,0.0
2024-08-07 00:00:00-04:00,22.59842907082325,23.087313188210796,22.269180505929356,22.88776969909668,79200,0.0,0.0
2024-08-08 00:00:00-04:00,22.423827576805312,23.16713023798176,22.378929960136507,22.9476318359375,47100,0.0,0.0
2024-08-09 00:00:00-04:00,23.10726761775405,23.376653320498708,22.872802072438606,23.087312698364258,103000,0.0,0.0
2024-08-12 00:00:00-04:00,23.256926875317642,23.256926875317642,21.974852736717935,22.039705276489258,85100,0.0,0.0
2024-08-13 00:00:00-04:00,22.009772287388085,22.35897577257133,21.7403884815664,22.249225616455078,52500,0.0,0.0
2024-08-14 00:00:00-04:00,22.508634662101112,22.94763339909947,22.348999103739157,22.817930221557617,38300,0.0,0.0
2024-08-15 00:00:00-04:00,23.296836133195658,23.624088446211665,22.977565026934407,23.356698989868164,78300,0.0,0.0
2024-08-16 00:00:00-04:00,23.396609312636844,23.516335028453394,23.03742835917531,23.316791534423828,50200,0.0,0.0
2024-08-19 00:00:00-04:00,23.35669863948534,23.416561495259824,22.947632302848938,23.22699546813965,39700,0.0,0.0
2024-08-20 00:00:00-04:00,23.067359692686036,23.190078831279102,22.089589575196737,22.768041610717773,90800,0.0,0.0
2024-08-21 00:00:00-04:00,22.70817954947179,23.386631608713525,22.538566534661356,23.33674430847168,55100,0.0,0.0
2024-08-22 00:00:00-04:00,23.39660844501337,24.124945882073714,23.19706305537767,24.02517318725586,63700,0.0,0.0
2024-08-23 00:00:00-04:00,24.394332066073115,24.444217462958424,23.586174934888604,24.144901275634766,73900,0.0,0.0
2024-08-26 00:00:00-04:00,24.124946371161315,24.270613861526513,23.815652723660914,23.82562828063965,24400,0.0,0.0
2024-08-27 00:00:00-04:00,22.947632719968027,23.037427956764898,22.069637174961414,22.079612731933594,211600,0.0,0.0
2024-08-28 00:00:00-04:00,22.1494549517802,22.239250188577067,21.99979495511481,22.079612731933594,67700,0.0,0.0
2024-08-29 00:00:00-04:00,22.059658883409394,22.14945411682129,22.059658883409394,22.14945411682129,40700,0.0,0.0
2024-08-30 00:00:00-04:00,22.14945447401518,22.1893624100608,21.868095056517443,22.119522094726562,33900,0.0,0.0
2024-09-03 00:00:00-04:00,21.949910275968374,22.27915885398766,21.80025217741524,22.019750595092773,98500,0.0,0.0
2024-09-04 00:00:00-04:00,21.929954767485857,22.259203336679015,21.800251593018338,21.90999984741211,52300,0.0,0.0
2024-09-05 00:00:00-04:00,21.959886670024968,21.959886670024968,21.74038826300503,21.949909210205078,35500,0.0,0.0
2024-09-06 00:00:00-04:00,21.959886317702235,21.959886317702235,21.730410454544103,21.820205688476562,36800,0.0,0.0
2024-09-09 00:00:00-04:00,21.82020699369058,21.954897949640195,21.82020699369058,21.870092391967773,30000,0.0,0.0
2024-09-10 00:00:00-04:00,21.850136761438776,21.87009168130361,21.710456128396757,21.77031898498535,27800,0.0,0.0
2024-09-11 00:00:00-04:00,21.890046721113325,21.890046721113325,21.750364184300025,21.76034164428711,26200,0.0,0.0
2024-09-12 00:00:00-04:00,21.760340930898707,21.870091084152712,21.59072792269063,21.660568237304688,110100,0.0,0.0
2024-09-13 00:00:00-04:00,21.65059349847707,21.99480730622258,21.65059349847707,21.90999984741211,48200,0.0,0.0
2024-09-16 00:00:00-04:00,21.90999984741211,21.96500015258789,21.760000228881836,21.860000610351562,26300,0.05,0.0
2024-09-17 00:00:00-04:00,21.860000610351562,21.93000030517578,21.719999313354492,21.84000015258789,36500,0.0,0.0
2024-09-18 00:00:00-04:00,21.84000015258789,22.0,21.790000915527344,21.940000534057617,45300,0.0,0.0
2024-09-19 00:00:00-04:00,22.139999389648438,22.139999389648438,21.770000457763672,21.8799991607666,50300,0.0,0.0
2024-09-20 00:00:00-04:00,21.770000457763672,22.434999465942383,21.770000457763672,22.239999771118164,196500,0.0,0.0
2024-09-23 00:00:00-04:00,22.15999984741211,22.239999771118164,21.795000076293945,21.899999618530273,52900,0.0,0.0
2024-09-24 00:00:00-04:00,21.90999984741211,21.90999984741211,21.799999237060547,21.899999618530273,81800,0.0,0.0
2024-09-25 00:00:00-04:00,22.020000457763672,22.020000457763672,21.729999542236328,21.75,62500,0.0,0.0
2024-09-26 00:00:00-04:00,21.65999984741211,21.871999740600586,21.65999984741211,21.790000915527344,40500,0.0,0.0
2024-09-27 00:00:00-04:00,21.75,21.940000534057617,21.75,21.780000686645508,101200,0.0,0.0
2024-09-30 00:00:00-04:00,21.760000228881836,21.860000610351562,21.68899917602539,21.860000610351562,29700,0.0,0.0
2024-10-01 00:00:00-04:00,21.850000381469727,21.90999984741211,21.610000610351562,21.899999618530273,24700,0.0,0.0
2024-10-02 00:00:00-04:00,21.899999618530273,22.219999313354492,21.774999618530273,21.8799991607666,63700,0.0,0.0
2024-10-03 00:00:00-04:00,21.739999771118164,21.899999618530273,21.658000946044922,21.899999618530273,22600,0.0,0.0
2024-10-04 00:00:00-04:00,21.93000030517578,21.979999542236328,21.770000457763672,21.950000762939453,16100,0.0,0.0
2024-10-07 00:00:00-04:00,21.979999542236328,22.190000534057617,21.850000381469727,22.139999389648438,32400,0.0,0.0
2024-10-08 00:00:00-04:00,22.040000915527344,22.190000534057617,21.989999771118164,22.139999389648438,14800,0.0,0.0
2024-10-09 00:00:00-04:00,22.030000686645508,22.139999389648438,21.860000610351562,21.969999313354492,16700,0.0,0.0
2024-10-10 00:00:00-04:00,21.8700008392334,21.969999313354492,21.829999923706055,21.8799991607666,18000,0.0,0.0
2024-10-11 00:00:00-04:00,21.969999313354492,22.079999923706055,21.829999923706055,22.079999923706055,18300,0.0,0.0
2024-10-14 00:00:00-04:00,22.079999923706055,22.079999923706055,21.760000228881836,21.850000381469727,28100,0.0,0.0
2024-10-15 00:00:00-04:00,21.850000381469727,22.010000228881836,21.753999710083008,22.010000228881836,21600,0.0,0.0
2024-10-16 00:00:00-04:00,21.93000030517578,22.049999237060547,21.899999618530273,22.030000686645508,37200,0.0,0.0
2024-10-17 00:00:00-04:00,21.90999984741211,21.969999313354492,21.709999084472656,21.93000030517578,56900,0.0,0.0
2024-10-18 00:00:00-04:00,21.940000534057617,21.969999313354492,21.739999771118164,21.829999923706055,28000,0.0,0.0
2024-10-21 00:00:00-04:00,21.760000228881836,21.809999465942383,21.760000228881836,21.780000686645508,15500,0.0,0.0
2024-10-22 00:00:00-04:00,21.75,21.899999618530273,21.739999771118164,21.84000015258789,19200,0.0,0.0
2024-10-23 00:00:00-04:00,21.81999969482422,21.860000610351562,21.739999771118164,21.780000686645508,8600,0.0,0.0
2024-10-24 00:00:00-04:00,21.70800018310547,21.770000457763672,21.70800018310547,21.719999313354492,12300,0.0,0.0
2024-10-25 00:00:00-04:00,21.850000381469727,21.850000381469727,21.68000030517578,21.75,43400,0.0,0.0
2024-10-28 00:00:00-04:00,21.75,21.899999618530273,21.739999771118164,21.770000457763672,16300,0.0,0.0
2024-10-29 00:00:00-04:00,21.770000457763672,21.829999923706055,21.729999542236328,21.799999237060547,14500,0.0,0.0
2024-10-30 00:00:00-04:00,21.84000015258789,22.0,21.75,22.0,20600,0.0,0.0
2024-10-31 00:00:00-04:00,21.93000030517578,22.28499984741211,21.882999420166016,21.889999389648438,61500,0.0,0.0
2024-11-01 00:00:00-04:00,21.950000762939453,22.114999771118164,21.75,21.780000686645508,38600,0.0,0.0
2024-11-04 00:00:00-05:00,21.788000106811523,21.969999313354492,21.700000762939453,21.969999313354492,25600,0.0,0.0
2024-11-05 00:00:00-05:00,21.81999969482422,22.0,21.729999542236328,21.799999237060547,29600,0.0,0.0
2024-11-06 00:00:00-05:00,21.84000015258789,22.1299991607666,21.700000762939453,22.079999923706055,63200,0.0,0.0
2024-11-07 00:00:00-05:00,21.899999618530273,22.139999389648438,21.899999618530273,22.040000915527344,35900,0.0,0.0
2024-11-08 00:00:00-05:00,22.0,22.06999969482422,21.899999618530273,22.049999237060547,38500,0.0,0.0
2024-11-11 00:00:00-05:00,22.049999237060547,22.288000106811523,22.030000686645508,22.040000915527344,70700,0.0,0.0
2024-11-12 00:00:00-05:00,21.950000762939453,22.18000030517578,21.799999237060547,22.149999618530273,38700,0.0,0.0
2024-11-13 00:00:00-05:00,22.290000915527344,23.020000457763672,22.149999618530273,22.729999542236328,78000,0.0,0.0
2024-11-14 00:00:00-05:00,22.729999542236328,22.729999542236328,22.549999237060547,22.579999923706055,50800,0.0,0.0
2024-11-15 00:00:00-05:00,22.600000381469727,22.700000762939453,22.18000030517578,22.34000015258789,27200,0.0,0.0
2024-11-18 00:00:00-05:00,22.3700008392334,22.3799991607666,22.139999389648438,22.149999618530273,29600,0.0,0.0
2024-11-19 00:00:00-05:00,22.049999237060547,22.204999923706055,21.950000762939453,22.030000686645508,21700,0.0,0.0
2024-11-20 00:00:00-05:00,22.170000076293945,22.170000076293945,21.829999923706055,22.059999465942383,77600,0.0,0.0
2024-11-21 00:00:00-05:00,22.149999618530273,23.770000457763672,22.06399917602539,23.299999237060547,131200,0.0,0.0
2024-11-22 00:00:00-05:00,22.920000076293945,23.25,22.30500030517578,22.670000076293945,51300,0.0,0.0
2024-11-25 00:00:00-05:00,22.8799991607666,22.899999618530273,22.3799991607666,22.399999618530273,63000,0.0,0.0
2024-11-26 00:00:00-05:00,22.5,23.024999618530273,22.449499130249023,22.959999084472656,36170,0.0,0.0
