Date,Open,High,Low,Close,Volume,Dividends,Stock Splits
2022-01-03 00:00:00-05:00,14.949999809265137,15.149999618530273,14.899999618530273,15.140000343322754,918700,0.0,0.0
2022-01-04 00:00:00-05:00,15.25,15.550000190734863,15.15999984741211,15.470000267028809,943200,0.0,0.0
2022-01-05 00:00:00-05:00,15.470000267028809,15.890000343322754,15.460000038146973,15.779999732971191,1296100,0.0,0.0
2022-01-06 00:00:00-05:00,15.6899995803833,15.890000343322754,15.369999885559082,15.739999771118164,886500,0.0,0.0
2022-01-07 00:00:00-05:00,15.800000190734863,15.829999923706055,15.510000228881836,15.520000457763672,1003300,0.0,0.0
2022-01-10 00:00:00-05:00,15.5,15.529999732971191,15.239999771118164,15.25,911900,0.0,0.0
2022-01-11 00:00:00-05:00,15.260000228881836,15.260000228881836,15.050000190734863,15.079999923706055,933000,0.0,0.0
2022-01-12 00:00:00-05:00,15.140000343322754,15.1899995803833,14.989999771118164,15.069999694824219,871000,0.0,0.0
2022-01-13 00:00:00-05:00,15.15999984741211,15.300000190734863,14.970000267028809,15.029999732971191,670100,0.0,0.0
2022-01-14 00:00:00-05:00,14.979999542236328,15.300000190734863,14.920000076293945,15.289999961853027,1021000,0.0,0.0
2022-01-18 00:00:00-05:00,15.229999542236328,15.300000190734863,14.949999809265137,15.010000228881836,937400,0.0,0.0
2022-01-19 00:00:00-05:00,15.039999961853027,15.079999923706055,14.720000267028809,14.800000190734863,906900,0.0,0.0
2022-01-20 00:00:00-05:00,14.760000228881836,14.819999694824219,14.430000305175781,14.430000305175781,777400,0.0,0.0
2022-01-21 00:00:00-05:00,14.350000381469727,14.550000190734863,14.220000267028809,14.229999542236328,1209200,0.0,0.0
2022-01-24 00:00:00-05:00,14.1899995803833,14.399999618530273,13.829999923706055,14.170000076293945,1182300,0.0,0.0
2022-01-25 00:00:00-05:00,14.220000267028809,14.649999618530273,13.59000015258789,13.649999618530273,1482400,0.0,0.0
2022-01-26 00:00:00-05:00,13.649999618530273,13.84000015258789,13.3100004196167,13.449999809265137,1047400,0.0,0.0
2022-01-27 00:00:00-05:00,13.529999732971191,13.710000038146973,13.109999656677246,13.170000076293945,983300,0.0,0.0
2022-01-28 00:00:00-05:00,13.109999656677246,13.550000190734863,12.8100004196167,13.15999984741211,1025400,0.0,0.0
2022-01-31 00:00:00-05:00,13.079999923706055,13.520000457763672,13.0,13.460000038146973,1334200,0.0,0.0
2022-02-01 00:00:00-05:00,13.489999771118164,13.640000343322754,13.319999694824219,13.600000381469727,955700,0.0,0.0
2022-02-02 00:00:00-05:00,13.600000381469727,13.729999542236328,13.5,13.710000038146973,755400,0.0,0.0
2022-02-03 00:00:00-05:00,13.720000267028809,13.890000343322754,13.609999656677246,13.729999542236328,687300,0.0,0.0
2022-02-04 00:00:00-05:00,13.65999984741211,13.779999732971191,13.359999656677246,13.470000267028809,770800,0.0,0.0
2022-02-07 00:00:00-05:00,13.4399995803833,13.880000114440918,13.430000305175781,13.8100004196167,1177500,0.0,0.0
2022-02-08 00:00:00-05:00,13.859999656677246,14.1899995803833,13.8100004196167,14.119999885559082,1275900,0.0,0.0
2022-02-09 00:00:00-05:00,14.119999885559082,14.369999885559082,13.819999694824219,14.329999923706055,776100,0.0,0.0
2022-02-10 00:00:00-05:00,10.65999984741211,11.979999542236328,9.760000228881836,11.75,3692500,0.0,0.0
2022-02-11 00:00:00-05:00,11.649999618530273,12.329999923706055,11.640000343322754,12.050000190734863,1955100,0.0,0.0
2022-02-14 00:00:00-05:00,12.09000015258789,12.260000228881836,11.90999984741211,12.039999961853027,1729800,0.0,0.0
2022-02-15 00:00:00-05:00,12.069999694824219,12.369999885559082,12.029999732971191,12.300000190734863,1209600,0.0,0.0
2022-02-16 00:00:00-05:00,12.289999961853027,12.399999618530273,12.050000190734863,12.369999885559082,1106400,0.0,0.0
2022-02-17 00:00:00-05:00,12.25,12.359999656677246,12.109999656677246,12.319999694824219,1060000,0.0,0.0
2022-02-18 00:00:00-05:00,12.25,12.420000076293945,12.170000076293945,12.300000190734863,1203200,0.0,0.0
2022-02-22 00:00:00-05:00,12.279999732971191,12.420000076293945,12.180000305175781,12.260000228881836,964700,0.0,0.0
2022-02-23 00:00:00-05:00,12.289999961853027,12.4399995803833,12.229999542236328,12.260000228881836,865000,0.0,0.0
2022-02-24 00:00:00-05:00,12.039999961853027,12.510000228881836,12.0,12.479999542236328,986600,0.0,0.0
2022-02-25 00:00:00-05:00,12.479999542236328,12.789999961853027,12.4399995803833,12.789999961853027,633700,0.0,0.0
2022-02-28 00:00:00-05:00,12.65999984741211,12.699999809265137,12.449999809265137,12.569999694824219,1063000,0.0,0.0
2022-03-01 00:00:00-05:00,12.520000457763672,12.649999618530273,12.319999694824219,12.399999618530273,1170400,0.0,0.0
2022-03-02 00:00:00-05:00,12.369999885559082,12.9399995803833,12.369999885559082,12.850000381469727,759100,0.0,0.0
2022-03-03 00:00:00-05:00,12.90999984741211,12.979999542236328,12.760000228881836,12.829999923706055,1021100,0.0,0.0
2022-03-04 00:00:00-05:00,12.710000038146973,12.770000457763672,12.479999542236328,12.640000343322754,814000,0.0,0.0
2022-03-07 00:00:00-05:00,12.59000015258789,12.779999732971191,12.489999771118164,12.529999732971191,1029400,0.0,0.0
2022-03-08 00:00:00-05:00,12.640000343322754,12.789999961853027,12.4399995803833,12.449999809265137,1840500,0.0,0.0
2022-03-09 00:00:00-05:00,12.609999656677246,12.789999961853027,12.4399995803833,12.579999923706055,761700,0.0,0.0
2022-03-10 00:00:00-05:00,12.449999809265137,12.84000015258789,12.420000076293945,12.789999961853027,778100,0.0,0.0
2022-03-11 00:00:00-05:00,12.84000015258789,12.989999771118164,12.729999542236328,12.850000381469727,644100,0.0,0.0
2022-03-14 00:00:00-04:00,12.90999984741211,13.0,12.710000038146973,12.760000228881836,585600,0.0,0.0
2022-03-15 00:00:00-04:00,12.850000381469727,12.989999771118164,12.760000228881836,12.9399995803833,679500,0.0,0.0
2022-03-16 00:00:00-04:00,13.0,13.489999771118164,13.0,13.479999542236328,805000,0.0,0.0
2022-03-17 00:00:00-04:00,13.460000038146973,13.869999885559082,13.420000076293945,13.829999923706055,567400,0.0,0.0
2022-03-18 00:00:00-04:00,13.850000381469727,14.3100004196167,13.699999809265137,14.220000267028809,1398000,0.0,0.0
2022-03-21 00:00:00-04:00,14.329999923706055,14.479999542236328,14.140000343322754,14.25,814700,0.0,0.0
2022-03-22 00:00:00-04:00,14.279999732971191,14.630000114440918,14.279999732971191,14.59000015258789,1074300,0.0,0.0
2022-03-23 00:00:00-04:00,14.569999694824219,14.579999923706055,14.359999656677246,14.369999885559082,531400,0.0,0.0
2022-03-24 00:00:00-04:00,14.390000343322754,14.779999732971191,14.300000190734863,14.710000038146973,495700,0.0,0.0
2022-03-25 00:00:00-04:00,14.75,15.029999732971191,14.680000305175781,14.989999771118164,637300,0.0,0.0
2022-03-28 00:00:00-04:00,14.90999984741211,15.0600004196167,14.420000076293945,14.619999885559082,1030200,0.0,0.0
2022-03-29 00:00:00-04:00,14.720000267028809,15.029999732971191,14.680000305175781,14.9399995803833,970600,0.0,0.0
2022-03-30 00:00:00-04:00,14.970000267028809,15.039999961853027,14.380000114440918,14.8100004196167,870200,0.0,0.0
2022-03-31 00:00:00-04:00,14.899999618530273,15.039999961853027,14.710000038146973,14.819999694824219,726700,0.0,0.0
2022-04-01 00:00:00-04:00,14.8100004196167,14.989999771118164,14.380000114440918,14.760000228881836,941300,0.0,0.0
2022-04-04 00:00:00-04:00,14.739999771118164,14.890000343322754,14.5,14.640000343322754,637200,0.0,0.0
2022-04-05 00:00:00-04:00,14.569999694824219,14.670000076293945,14.25,14.300000190734863,802000,0.0,0.0
2022-04-06 00:00:00-04:00,14.25,14.40999984741211,14.09000015258789,14.220000267028809,714800,0.0,0.0
2022-04-07 00:00:00-04:00,14.260000228881836,14.289999961853027,14.050000190734863,14.170000076293945,694600,0.0,0.0
2022-04-08 00:00:00-04:00,14.149999618530273,14.149999618530273,13.770000457763672,13.8100004196167,712500,0.0,0.0
2022-04-11 00:00:00-04:00,13.75,13.920000076293945,13.5,13.510000228881836,672900,0.0,0.0
2022-04-12 00:00:00-04:00,13.5,13.699999809265137,13.5,13.550000190734863,632700,0.0,0.0
2022-04-13 00:00:00-04:00,13.619999885559082,13.859999656677246,13.520000457763672,13.640000343322754,1934800,0.0,0.0
2022-04-14 00:00:00-04:00,13.739999771118164,13.850000381469727,13.579999923706055,13.600000381469727,606400,0.0,0.0
2022-04-18 00:00:00-04:00,13.619999885559082,13.760000228881836,13.5600004196167,13.609999656677246,633600,0.0,0.0
2022-04-19 00:00:00-04:00,13.779999732971191,14.539999961853027,13.779999732971191,14.270000457763672,737700,0.0,0.0
2022-04-20 00:00:00-04:00,14.34000015258789,14.819999694824219,14.3100004196167,14.369999885559082,431300,0.0,0.0
2022-04-21 00:00:00-04:00,14.470000267028809,14.489999771118164,14.100000381469727,14.130000114440918,467800,0.0,0.0
2022-04-22 00:00:00-04:00,14.039999961853027,14.170000076293945,13.779999732971191,13.8100004196167,369300,0.0,0.0
2022-04-25 00:00:00-04:00,13.739999771118164,13.890000343322754,13.510000228881836,13.850000381469727,486000,0.0,0.0
2022-04-26 00:00:00-04:00,13.720000267028809,13.789999961853027,13.489999771118164,13.5,621500,0.0,0.0
2022-04-27 00:00:00-04:00,13.539999961853027,13.8100004196167,13.4399995803833,13.539999961853027,625200,0.0,0.0
2022-04-28 00:00:00-04:00,13.670000076293945,14.279999732971191,13.609999656677246,14.270000457763672,693000,0.0,0.0
2022-04-29 00:00:00-04:00,14.1899995803833,14.40999984741211,13.890000343322754,13.949999809265137,675500,0.0,0.0
2022-05-02 00:00:00-04:00,13.920000076293945,14.039999961853027,13.729999542236328,13.989999771118164,669700,0.0,0.0
2022-05-03 00:00:00-04:00,14.020000457763672,14.300000190734863,13.930000305175781,14.130000114440918,670500,0.0,0.0
2022-05-04 00:00:00-04:00,14.15999984741211,14.579999923706055,13.989999771118164,14.520000457763672,874400,0.0,0.0
2022-05-05 00:00:00-04:00,15.079999923706055,15.170000076293945,14.1899995803833,14.399999618530273,628100,0.0,0.0
2022-05-06 00:00:00-04:00,14.390000343322754,14.6899995803833,14.149999618530273,14.520000457763672,751000,0.0,0.0
2022-05-09 00:00:00-04:00,14.319999694824219,14.460000038146973,13.949999809265137,14.010000228881836,502500,0.0,0.0
2022-05-10 00:00:00-04:00,14.100000381469727,14.350000381469727,13.850000381469727,14.100000381469727,925900,0.0,0.0
2022-05-11 00:00:00-04:00,14.119999885559082,14.350000381469727,13.880000114440918,13.90999984741211,652300,0.0,0.0
2022-05-12 00:00:00-04:00,13.859999656677246,13.869999885559082,13.34000015258789,13.529999732971191,758000,0.0,0.0
2022-05-13 00:00:00-04:00,13.600000381469727,14.09000015258789,13.34000015258789,14.010000228881836,772400,0.0,0.0
2022-05-16 00:00:00-04:00,13.989999771118164,14.180000305175781,13.800000190734863,14.039999961853027,531700,0.0,0.0
2022-05-17 00:00:00-04:00,14.300000190734863,14.850000381469727,14.260000228881836,14.84000015258789,566700,0.0,0.0
2022-05-18 00:00:00-04:00,14.729999542236328,15.020000457763672,14.470000267028809,14.5,1046300,0.0,0.0
2022-05-19 00:00:00-04:00,14.3100004196167,14.520000457763672,14.039999961853027,14.130000114440918,915600,0.0,0.0
2022-05-20 00:00:00-04:00,14.229999542236328,14.380000114440918,13.529999732971191,13.850000381469727,1129600,0.0,0.0
2022-05-23 00:00:00-04:00,13.989999771118164,14.130000114440918,13.829999923706055,13.920000076293945,664000,0.0,0.0
2022-05-24 00:00:00-04:00,13.829999923706055,14.079999923706055,13.770000457763672,14.0,811900,0.0,0.0
2022-05-25 00:00:00-04:00,13.970000267028809,14.020000457763672,13.729999542236328,13.829999923706055,569500,0.0,0.0
2022-05-26 00:00:00-04:00,13.800000190734863,14.149999618530273,13.800000190734863,14.020000457763672,627300,0.0,0.0
2022-05-27 00:00:00-04:00,14.100000381469727,14.489999771118164,14.100000381469727,14.449999809265137,751800,0.0,0.0
2022-05-31 00:00:00-04:00,14.380000114440918,14.449999809265137,14.25,14.289999961853027,801600,0.0,0.0
2022-06-01 00:00:00-04:00,14.3100004196167,14.40999984741211,14.079999923706055,14.260000228881836,526100,0.0,0.0
2022-06-02 00:00:00-04:00,14.300000190734863,14.600000381469727,14.220000267028809,14.550000190734863,564400,0.0,0.0
2022-06-03 00:00:00-04:00,14.479999542236328,14.539999961853027,14.270000457763672,14.449999809265137,504600,0.0,0.0
2022-06-06 00:00:00-04:00,14.550000190734863,14.859999656677246,14.479999542236328,14.770000457763672,1498100,0.0,0.0
2022-06-07 00:00:00-04:00,14.649999618530273,14.729999542236328,14.4399995803833,14.640000343322754,642300,0.0,0.0
2022-06-08 00:00:00-04:00,14.640000343322754,14.789999961853027,14.479999542236328,14.630000114440918,515200,0.0,0.0
2022-06-09 00:00:00-04:00,14.579999923706055,14.65999984741211,14.460000038146973,14.489999771118164,494600,0.0,0.0
2022-06-10 00:00:00-04:00,14.260000228881836,14.359999656677246,13.84000015258789,13.84000015258789,592100,0.0,0.0
2022-06-13 00:00:00-04:00,13.600000381469727,13.609999656677246,13.069999694824219,13.119999885559082,567100,0.0,0.0
2022-06-14 00:00:00-04:00,13.140000343322754,13.369999885559082,12.739999771118164,13.3100004196167,641000,0.0,0.0
2022-06-15 00:00:00-04:00,13.470000267028809,13.829999923706055,13.420000076293945,13.630000114440918,768200,0.0,0.0
2022-06-16 00:00:00-04:00,13.350000381469727,13.609999656677246,12.390000343322754,12.539999961853027,831100,0.0,0.0
2022-06-17 00:00:00-04:00,12.65999984741211,12.760000228881836,12.279999732971191,12.6899995803833,1999900,0.0,0.0
2022-06-21 00:00:00-04:00,12.819999694824219,12.880000114440918,12.470000267028809,12.59000015258789,935700,0.0,0.0
2022-06-22 00:00:00-04:00,12.430000305175781,12.579999923706055,12.319999694824219,12.479999542236328,625700,0.0,0.0
2022-06-23 00:00:00-04:00,12.399999618530273,12.40999984741211,11.9399995803833,12.039999961853027,1093100,0.0,0.0
2022-06-24 00:00:00-04:00,12.029999732971191,12.470000267028809,11.930000305175781,12.4399995803833,1469400,0.0,0.0
2022-06-27 00:00:00-04:00,12.550000190734863,12.819999694824219,12.460000038146973,12.770000457763672,546100,0.0,0.0
2022-06-28 00:00:00-04:00,12.739999771118164,12.970000267028809,12.510000228881836,12.510000228881836,460200,0.0,0.0
2022-06-29 00:00:00-04:00,12.510000228881836,12.680000305175781,12.229999542236328,12.390000343322754,535800,0.0,0.0
2022-06-30 00:00:00-04:00,12.210000038146973,12.59000015258789,12.050000190734863,12.5,726700,0.0,0.0
2022-07-01 00:00:00-04:00,12.390000343322754,12.460000038146973,11.989999771118164,12.170000076293945,595000,0.0,0.0
2022-07-05 00:00:00-04:00,11.920000076293945,11.970000267028809,11.529999732971191,11.899999618530273,878100,0.0,0.0
2022-07-06 00:00:00-04:00,11.920000076293945,11.970000267028809,11.609999656677246,11.75,406500,0.0,0.0
2022-07-07 00:00:00-04:00,11.899999618530273,12.140000343322754,11.880000114440918,11.949999809265137,387500,0.0,0.0
2022-07-08 00:00:00-04:00,11.90999984741211,12.119999885559082,11.859999656677246,12.010000228881836,422700,0.0,0.0
2022-07-11 00:00:00-04:00,11.930000305175781,11.930000305175781,11.729999542236328,11.789999961853027,365500,0.0,0.0
2022-07-12 00:00:00-04:00,11.770000457763672,12.039999961853027,11.770000457763672,11.850000381469727,383500,0.0,0.0
2022-07-13 00:00:00-04:00,11.739999771118164,12.0,11.6899995803833,11.869999885559082,376800,0.0,0.0
2022-07-14 00:00:00-04:00,11.710000038146973,11.84000015258789,11.550000190734863,11.819999694824219,388500,0.0,0.0
2022-07-15 00:00:00-04:00,12.050000190734863,12.609999656677246,11.75,12.579999923706055,756400,0.0,0.0
2022-07-18 00:00:00-04:00,12.65999984741211,12.8100004196167,12.390000343322754,12.390000343322754,834200,0.0,0.0
2022-07-19 00:00:00-04:00,12.609999656677246,13.109999656677246,12.609999656677246,12.90999984741211,566200,0.0,0.0
2022-07-20 00:00:00-04:00,12.880000114440918,13.199999809265137,12.800000190734863,13.1899995803833,487300,0.0,0.0
2022-07-21 00:00:00-04:00,13.130000114440918,13.1899995803833,12.920000076293945,13.170000076293945,347900,0.0,0.0
2022-07-22 00:00:00-04:00,13.140000343322754,13.229999542236328,12.739999771118164,12.789999961853027,572100,0.0,0.0
2022-07-25 00:00:00-04:00,13.029999732971191,13.029999732971191,12.710000038146973,12.720000267028809,638000,0.0,0.0
2022-07-26 00:00:00-04:00,12.710000038146973,12.800000190734863,12.630000114440918,12.710000038146973,461100,0.0,0.0
2022-07-27 00:00:00-04:00,12.770000457763672,13.130000114440918,12.229999542236328,13.100000381469727,484800,0.0,0.0
2022-07-28 00:00:00-04:00,13.1899995803833,13.460000038146973,13.140000343322754,13.4399995803833,1222500,0.0,0.0
2022-07-29 00:00:00-04:00,13.420000076293945,13.609999656677246,13.229999542236328,13.529999732971191,519600,0.0,0.0
2022-08-01 00:00:00-04:00,13.510000228881836,13.800000190734863,13.34000015258789,13.699999809265137,468200,0.0,0.0
2022-08-02 00:00:00-04:00,13.5600004196167,13.8100004196167,13.520000457763672,13.539999961853027,370800,0.0,0.0
2022-08-03 00:00:00-04:00,13.5600004196167,13.619999885559082,13.40999984741211,13.510000228881836,432600,0.0,0.0
2022-08-04 00:00:00-04:00,14.760000228881836,16.6299991607666,14.59000015258789,16.530000686645508,2208700,0.0,0.0
2022-08-05 00:00:00-04:00,16.489999771118164,17.479999542236328,16.34000015258789,16.780000686645508,1657600,0.0,0.0
2022-08-08 00:00:00-04:00,16.6200008392334,16.799999237060547,16.209999084472656,16.309999465942383,1203200,0.0,0.0
2022-08-09 00:00:00-04:00,16.049999237060547,16.280000686645508,15.630000114440918,15.710000038146973,1327000,0.0,0.0
2022-08-10 00:00:00-04:00,15.899999618530273,16.3799991607666,15.800000190734863,16.239999771118164,1525600,0.0,0.0
2022-08-11 00:00:00-04:00,16.299999237060547,16.299999237060547,15.949999809265137,16.020000457763672,786100,0.0,0.0
2022-08-12 00:00:00-04:00,16.09000015258789,16.68000030517578,16.0,16.579999923706055,1102900,0.0,0.0
2022-08-15 00:00:00-04:00,16.5,16.56999969482422,16.030000686645508,16.5,863300,0.0,0.0
2022-08-16 00:00:00-04:00,16.3700008392334,16.540000915527344,16.229999542236328,16.40999984741211,712700,0.0,0.0
2022-08-17 00:00:00-04:00,16.190000534057617,16.43000030517578,15.970000267028809,16.280000686645508,791700,0.0,0.0
2022-08-18 00:00:00-04:00,16.25,16.920000076293945,16.25,16.850000381469727,710800,0.0,0.0
2022-08-19 00:00:00-04:00,16.65999984741211,16.700000762939453,16.489999771118164,16.520000457763672,1543200,0.0,0.0
2022-08-22 00:00:00-04:00,16.270000457763672,16.56999969482422,16.100000381469727,16.3799991607666,486100,0.0,0.0
2022-08-23 00:00:00-04:00,16.420000076293945,16.649999618530273,16.3700008392334,16.3799991607666,412800,0.0,0.0
2022-08-24 00:00:00-04:00,16.399999618530273,16.90999984741211,16.360000610351562,16.780000686645508,611700,0.0,0.0
2022-08-25 00:00:00-04:00,16.90999984741211,17.489999771118164,16.90999984741211,17.43000030517578,543900,0.0,0.0
2022-08-26 00:00:00-04:00,17.399999618530273,17.420000076293945,16.520000457763672,16.579999923706055,563400,0.0,0.0
2022-08-29 00:00:00-04:00,16.389999389648438,16.65999984741211,16.309999465942383,16.520000457763672,509300,0.0,0.0
2022-08-30 00:00:00-04:00,16.520000457763672,16.520000457763672,15.729999542236328,15.789999961853027,696500,0.0,0.0
2022-08-31 00:00:00-04:00,15.829999923706055,15.970000267028809,15.720000267028809,15.729999542236328,814800,0.0,0.0
2022-09-01 00:00:00-04:00,15.550000190734863,15.739999771118164,15.0600004196167,15.279999732971191,623300,0.0,0.0
2022-09-02 00:00:00-04:00,15.420000076293945,15.600000381469727,15.100000381469727,15.119999885559082,468400,0.0,0.0
2022-09-06 00:00:00-04:00,15.199999809265137,15.210000038146973,14.8100004196167,14.930000305175781,702800,0.0,0.0
2022-09-07 00:00:00-04:00,14.829999923706055,15.109999656677246,14.729999542236328,15.0600004196167,636500,0.0,0.0
2022-09-08 00:00:00-04:00,14.9399995803833,15.170000076293945,14.75,15.140000343322754,368200,0.0,0.0
2022-09-09 00:00:00-04:00,15.25,15.5600004196167,15.239999771118164,15.470000267028809,454300,0.0,0.0
2022-09-12 00:00:00-04:00,15.600000381469727,15.880000114440918,15.5,15.789999961853027,563800,0.0,0.0
2022-09-13 00:00:00-04:00,15.40999984741211,15.600000381469727,15.180000305175781,15.229999542236328,436600,0.0,0.0
2022-09-14 00:00:00-04:00,15.270000457763672,15.359999656677246,15.09000015258789,15.359999656677246,501500,0.0,0.0
2022-09-15 00:00:00-04:00,15.210000038146973,15.260000228881836,14.649999618530273,14.680000305175781,425400,0.0,0.0
2022-09-16 00:00:00-04:00,14.569999694824219,14.569999694824219,14.210000038146973,14.4399995803833,786000,0.0,0.0
2022-09-19 00:00:00-04:00,14.289999961853027,14.640000343322754,14.289999961853027,14.569999694824219,423300,0.0,0.0
2022-09-20 00:00:00-04:00,14.430000305175781,14.430000305175781,14.1899995803833,14.390000343322754,392600,0.0,0.0
2022-09-21 00:00:00-04:00,14.510000228881836,14.710000038146973,14.300000190734863,14.359999656677246,383200,0.0,0.0
2022-09-22 00:00:00-04:00,14.3100004196167,14.399999618530273,13.899999618530273,14.0,432900,0.0,0.0
2022-09-23 00:00:00-04:00,13.760000228881836,13.850000381469727,13.270000457763672,13.470000267028809,540500,0.0,0.0
2022-09-26 00:00:00-04:00,13.460000038146973,13.739999771118164,13.199999809265137,13.210000038146973,439200,0.0,0.0
2022-09-27 00:00:00-04:00,13.350000381469727,13.479999542236328,13.100000381469727,13.3100004196167,464600,0.0,0.0
2022-09-28 00:00:00-04:00,13.25,13.739999771118164,13.220000267028809,13.649999618530273,543700,0.0,0.0
2022-09-29 00:00:00-04:00,13.4399995803833,13.449999809265137,13.100000381469727,13.329999923706055,462300,0.0,0.0
2022-09-30 00:00:00-04:00,13.329999923706055,13.600000381469727,13.180000305175781,13.180000305175781,634100,0.0,0.0
2022-10-03 00:00:00-04:00,13.380000114440918,13.779999732971191,13.3100004196167,13.670000076293945,487800,0.0,0.0
2022-10-04 00:00:00-04:00,13.90999984741211,14.270000457763672,13.90999984741211,14.260000228881836,455100,0.0,0.0
2022-10-05 00:00:00-04:00,14.050000190734863,14.319999694824219,13.989999771118164,14.220000267028809,457500,0.0,0.0
2022-10-06 00:00:00-04:00,14.130000114440918,14.59000015258789,14.119999885559082,14.279999732971191,486700,0.0,0.0
2022-10-07 00:00:00-04:00,14.010000228881836,14.020000457763672,13.699999809265137,13.789999961853027,639300,0.0,0.0
2022-10-10 00:00:00-04:00,13.880000114440918,13.880000114440918,13.489999771118164,13.579999923706055,331300,0.0,0.0
2022-10-11 00:00:00-04:00,13.430000305175781,13.470000267028809,13.119999885559082,13.199999809265137,814900,0.0,0.0
2022-10-12 00:00:00-04:00,13.25,13.279999732971191,12.649999618530273,12.649999618530273,931900,0.0,0.0
2022-10-13 00:00:00-04:00,12.489999771118164,13.050000190734863,12.289999961853027,12.890000343322754,1051600,0.0,0.0
2022-10-14 00:00:00-04:00,13.119999885559082,13.15999984741211,12.350000381469727,12.6899995803833,621300,0.0,0.0
2022-10-17 00:00:00-04:00,13.020000457763672,13.430000305175781,13.0,13.390000343322754,502300,0.0,0.0
2022-10-18 00:00:00-04:00,13.699999809265137,13.949999809265137,13.609999656677246,13.8100004196167,513700,0.0,0.0
2022-10-19 00:00:00-04:00,13.65999984741211,13.859999656677246,13.569999694824219,13.829999923706055,422400,0.0,0.0
2022-10-20 00:00:00-04:00,13.829999923706055,14.369999885559082,13.819999694824219,14.09000015258789,458100,0.0,0.0
2022-10-21 00:00:00-04:00,14.149999618530273,14.6899995803833,14.069999694824219,14.640000343322754,347000,0.0,0.0
2022-10-24 00:00:00-04:00,14.670000076293945,14.970000267028809,14.550000190734863,14.899999618530273,339700,0.0,0.0
2022-10-25 00:00:00-04:00,14.819999694824219,15.369999885559082,14.819999694824219,15.279999732971191,386600,0.0,0.0
2022-10-26 00:00:00-04:00,15.220000267028809,15.760000228881836,15.180000305175781,15.199999809265137,621800,0.0,0.0
2022-10-27 00:00:00-04:00,15.350000381469727,15.470000267028809,14.890000343322754,14.9399995803833,519400,0.0,0.0
2022-10-28 00:00:00-04:00,14.989999771118164,15.40999984741211,14.989999771118164,15.350000381469727,410700,0.0,0.0
2022-10-31 00:00:00-04:00,15.289999961853027,15.489999771118164,15.069999694824219,15.3100004196167,545900,0.0,0.0
2022-11-01 00:00:00-04:00,15.470000267028809,15.520000457763672,15.260000228881836,15.359999656677246,522500,0.0,0.0
2022-11-02 00:00:00-04:00,15.359999656677246,15.59000015258789,14.970000267028809,15.0,425500,0.0,0.0
2022-11-03 00:00:00-04:00,14.199999809265137,14.229999542236328,12.670000076293945,12.729999542236328,1433200,0.0,0.0
2022-11-04 00:00:00-04:00,13.0,14.229999542236328,12.960000038146973,13.930000305175781,695000,0.0,0.0
2022-11-07 00:00:00-05:00,13.880000114440918,13.890000343322754,13.569999694824219,13.829999923706055,555600,0.0,0.0
2022-11-08 00:00:00-05:00,14.020000457763672,14.5,13.949999809265137,14.210000038146973,444000,0.0,0.0
2022-11-09 00:00:00-05:00,14.039999961853027,14.119999885559082,13.479999542236328,13.670000076293945,495400,0.0,0.0
2022-11-10 00:00:00-05:00,14.319999694824219,14.850000381469727,14.260000228881836,14.819999694824219,667300,0.0,0.0
2022-11-11 00:00:00-05:00,14.850000381469727,15.399999618530273,14.84000015258789,15.210000038146973,667800,0.0,0.0
2022-11-14 00:00:00-05:00,15.039999961853027,15.510000228881836,15.020000457763672,15.039999961853027,506900,0.0,0.0
2022-11-15 00:00:00-05:00,15.359999656677246,15.640000343322754,15.050000190734863,15.229999542236328,433500,0.0,0.0
2022-11-16 00:00:00-05:00,15.069999694824219,15.239999771118164,14.9399995803833,15.130000114440918,362600,0.0,0.0
2022-11-17 00:00:00-05:00,14.880000114440918,15.1899995803833,14.880000114440918,15.180000305175781,291100,0.0,0.0
2022-11-18 00:00:00-05:00,15.449999809265137,15.729999542236328,15.229999542236328,15.40999984741211,389000,0.0,0.0
2022-11-21 00:00:00-05:00,15.229999542236328,15.329999923706055,15.130000114440918,15.210000038146973,285300,0.0,0.0
2022-11-22 00:00:00-05:00,15.279999732971191,15.529999732971191,15.279999732971191,15.510000228881836,257800,0.0,0.0
2022-11-23 00:00:00-05:00,15.470000267028809,15.6899995803833,15.4399995803833,15.670000076293945,412500,0.0,0.0
2022-11-25 00:00:00-05:00,15.5600004196167,15.84000015258789,15.5600004196167,15.6899995803833,193500,0.0,0.0
2022-11-28 00:00:00-05:00,15.529999732971191,15.579999923706055,15.289999961853027,15.3100004196167,593100,0.0,0.0
2022-11-29 00:00:00-05:00,15.239999771118164,15.399999618530273,15.140000343322754,15.140000343322754,261800,0.0,0.0
2022-11-30 00:00:00-05:00,15.069999694824219,16.09000015258789,14.960000038146973,16.06999969482422,721200,0.0,0.0
2022-12-01 00:00:00-05:00,16.139999389648438,16.350000381469727,16.0,16.049999237060547,344700,0.0,0.0
2022-12-02 00:00:00-05:00,15.770000457763672,16.110000610351562,15.770000457763672,16.020000457763672,393700,0.0,0.0
2022-12-05 00:00:00-05:00,15.899999618530273,15.989999771118164,15.279999732971191,15.430000305175781,379300,0.0,0.0
2022-12-06 00:00:00-05:00,15.40999984741211,15.520000457763672,15.279999732971191,15.399999618530273,421000,0.0,0.0
2022-12-07 00:00:00-05:00,15.350000381469727,15.710000038146973,15.270000457763672,15.649999618530273,428300,0.0,0.0
2022-12-08 00:00:00-05:00,15.720000267028809,16.209999084472656,15.649999618530273,16.030000686645508,423000,0.0,0.0
2022-12-09 00:00:00-05:00,15.930000305175781,16.170000076293945,15.829999923706055,16.09000015258789,552400,0.0,0.0
2022-12-12 00:00:00-05:00,16.020000457763672,16.329999923706055,15.84000015258789,16.25,408400,0.0,0.0
2022-12-13 00:00:00-05:00,16.75,16.950000762939453,16.200000762939453,16.219999313354492,1347900,0.0,0.0
2022-12-14 00:00:00-05:00,16.209999084472656,16.3700008392334,15.739999771118164,15.819999694824219,483500,0.0,0.0
2022-12-15 00:00:00-05:00,15.5,15.5,14.930000305175781,14.989999771118164,446600,0.0,0.0
2022-12-16 00:00:00-05:00,14.779999732971191,15.6899995803833,14.510000228881836,15.619999885559082,2326300,0.0,0.0
2022-12-19 00:00:00-05:00,15.529999732971191,15.670000076293945,14.9399995803833,14.970000267028809,525600,0.0,0.0
2022-12-20 00:00:00-05:00,14.920000076293945,15.210000038146973,14.880000114440918,15.130000114440918,659800,0.0,0.0
2022-12-21 00:00:00-05:00,15.210000038146973,15.470000267028809,15.1899995803833,15.399999618530273,340800,0.0,0.0
2022-12-22 00:00:00-05:00,15.149999618530273,15.289999961853027,14.770000457763672,14.970000267028809,308800,0.0,0.0
2022-12-23 00:00:00-05:00,14.890000343322754,15.140000343322754,14.789999961853027,14.960000038146973,199400,0.0,0.0
2022-12-27 00:00:00-05:00,15.010000228881836,15.140000343322754,14.800000190734863,14.979999542236328,290500,0.0,0.0
2022-12-28 00:00:00-05:00,14.970000267028809,15.069999694824219,14.5,14.510000228881836,201600,0.0,0.0
2022-12-29 00:00:00-05:00,14.65999984741211,15.25,14.65999984741211,15.220000267028809,324600,0.0,0.0
2022-12-30 00:00:00-05:00,15.039999961853027,15.1899995803833,14.949999809265137,15.079999923706055,504900,0.0,0.0
2023-01-03 00:00:00-05:00,15.300000190734863,15.479999542236328,14.920000076293945,15.119999885559082,395100,0.0,0.0
2023-01-04 00:00:00-05:00,15.289999961853027,15.520000457763672,14.949999809265137,15.020000457763672,512700,0.0,0.0
2023-01-05 00:00:00-05:00,14.970000267028809,15.260000228881836,14.890000343322754,15.069999694824219,437200,0.0,0.0
2023-01-06 00:00:00-05:00,15.34000015258789,15.970000267028809,15.15999984741211,15.859999656677246,411600,0.0,0.0
2023-01-09 00:00:00-05:00,15.960000038146973,16.34000015258789,15.960000038146973,16.079999923706055,394200,0.0,0.0
2023-01-10 00:00:00-05:00,16.100000381469727,16.25,15.920000076293945,16.25,305600,0.0,0.0
2023-01-11 00:00:00-05:00,16.25,16.489999771118164,16.170000076293945,16.469999313354492,259500,0.0,0.0
2023-01-12 00:00:00-05:00,16.489999771118164,16.90999984741211,16.3799991607666,16.8799991607666,365400,0.0,0.0
2023-01-13 00:00:00-05:00,16.610000610351562,17.329999923706055,16.610000610351562,17.299999237060547,406100,0.0,0.0
2023-01-17 00:00:00-05:00,17.280000686645508,17.40999984741211,16.93000030517578,17.030000686645508,318700,0.0,0.0
2023-01-18 00:00:00-05:00,17.1299991607666,17.459999084472656,16.829999923706055,16.84000015258789,233800,0.0,0.0
2023-01-19 00:00:00-05:00,16.709999084472656,16.940000534057617,16.459999084472656,16.700000762939453,372800,0.0,0.0
2023-01-20 00:00:00-05:00,16.8700008392334,17.149999618530273,16.690000534057617,17.139999389648438,371600,0.0,0.0
2023-01-23 00:00:00-05:00,17.15999984741211,17.260000228881836,16.90999984741211,17.139999389648438,288600,0.0,0.0
2023-01-24 00:00:00-05:00,16.170000076293945,17.110000610351562,16.170000076293945,16.860000610351562,289700,0.0,0.0
2023-01-25 00:00:00-05:00,16.649999618530273,16.780000686645508,16.469999313354492,16.729999542236328,579500,0.0,0.0
2023-01-26 00:00:00-05:00,16.149999618530273,16.40999984741211,15.170000076293945,15.550000190734863,733800,0.0,0.0
2023-01-27 00:00:00-05:00,15.399999618530273,15.649999618530273,15.300000190734863,15.390000343322754,422500,0.0,0.0
2023-01-30 00:00:00-05:00,15.220000267028809,15.4399995803833,15.119999885559082,15.270000457763672,302500,0.0,0.0
2023-01-31 00:00:00-05:00,15.40999984741211,15.75,15.300000190734863,15.720000267028809,585800,0.0,0.0
2023-02-01 00:00:00-05:00,15.640000343322754,16.270000457763672,15.579999923706055,16.1200008392334,483700,0.0,0.0
2023-02-02 00:00:00-05:00,16.299999237060547,16.579999923706055,16.170000076293945,16.420000076293945,607700,0.0,0.0
2023-02-03 00:00:00-05:00,16.15999984741211,16.68000030517578,16.100000381469727,16.389999389648438,471100,0.0,0.0
2023-02-06 00:00:00-05:00,16.219999313354492,16.3700008392334,15.880000114440918,15.960000038146973,363400,0.0,0.0
2023-02-07 00:00:00-05:00,15.970000267028809,16.110000610351562,15.789999961853027,16.030000686645508,439700,0.0,0.0
2023-02-08 00:00:00-05:00,15.890000343322754,15.960000038146973,15.65999984741211,15.800000190734863,335100,0.0,0.0
2023-02-09 00:00:00-05:00,14.420000076293945,14.420000076293945,13.050000190734863,13.59000015258789,1832700,0.0,0.0
2023-02-10 00:00:00-05:00,13.600000381469727,14.130000114440918,13.59000015258789,14.020000457763672,655700,0.0,0.0
2023-02-13 00:00:00-05:00,13.829999923706055,14.0,13.699999809265137,14.0,544700,0.0,0.0
2023-02-14 00:00:00-05:00,13.960000038146973,14.09000015258789,13.75,13.949999809265137,505000,0.0,0.0
2023-02-15 00:00:00-05:00,13.850000381469727,14.260000228881836,13.829999923706055,14.220000267028809,386600,0.0,0.0
2023-02-16 00:00:00-05:00,13.979999542236328,14.270000457763672,13.960000038146973,14.220000267028809,468600,0.0,0.0
2023-02-17 00:00:00-05:00,14.260000228881836,14.329999923706055,13.989999771118164,14.289999961853027,435900,0.0,0.0
2023-02-21 00:00:00-05:00,14.069999694824219,14.34000015258789,13.630000114440918,13.6899995803833,483300,0.0,0.0
2023-02-22 00:00:00-05:00,13.710000038146973,13.970000267028809,13.569999694824219,13.729999542236328,617300,0.0,0.0
2023-02-23 00:00:00-05:00,13.859999656677246,13.859999656677246,13.25,13.539999961853027,587900,0.0,0.0
2023-02-24 00:00:00-05:00,13.300000190734863,13.5,13.279999732971191,13.430000305175781,325700,0.0,0.0
2023-02-27 00:00:00-05:00,13.59000015258789,13.59000015258789,13.350000381469727,13.420000076293945,285900,0.0,0.0
2023-02-28 00:00:00-05:00,13.350000381469727,13.449999809265137,13.210000038146973,13.289999961853027,709900,0.0,0.0
2023-03-01 00:00:00-05:00,13.319999694824219,13.670000076293945,13.319999694824219,13.510000228881836,422400,0.0,0.0
2023-03-02 00:00:00-05:00,13.390000343322754,13.520000457763672,13.239999771118164,13.520000457763672,337700,0.0,0.0
2023-03-03 00:00:00-05:00,13.619999885559082,13.630000114440918,13.430000305175781,13.550000190734863,356900,0.0,0.0
2023-03-06 00:00:00-05:00,13.460000038146973,13.670000076293945,13.210000038146973,13.34000015258789,461400,0.0,0.0
2023-03-07 00:00:00-05:00,13.369999885559082,13.529999732971191,13.180000305175781,13.300000190734863,604700,0.0,0.0
2023-03-08 00:00:00-05:00,13.359999656677246,13.380000114440918,13.180000305175781,13.270000457763672,662700,0.0,0.0
2023-03-09 00:00:00-05:00,13.329999923706055,13.550000190734863,13.279999732971191,13.3100004196167,463100,0.0,0.0
2023-03-10 00:00:00-05:00,13.220000267028809,13.220000267028809,12.819999694824219,12.90999984741211,446700,0.0,0.0
2023-03-13 00:00:00-04:00,12.729999542236328,12.84000015258789,12.420000076293945,12.479999542236328,466400,0.0,0.0
2023-03-14 00:00:00-04:00,12.859999656677246,12.930000305175781,12.520000457763672,12.670000076293945,353600,0.0,0.0
2023-03-15 00:00:00-04:00,12.350000381469727,12.479999542236328,12.079999923706055,12.300000190734863,508300,0.0,0.0
2023-03-16 00:00:00-04:00,12.109999656677246,12.579999923706055,11.970000267028809,12.460000038146973,473100,0.0,0.0
2023-03-17 00:00:00-04:00,12.359999656677246,12.479999542236328,12.079999923706055,12.170000076293945,1854900,0.0,0.0
2023-03-20 00:00:00-04:00,12.329999923706055,12.619999885559082,12.300000190734863,12.550000190734863,614300,0.0,0.0
2023-03-21 00:00:00-04:00,12.789999961853027,12.9399995803833,12.600000381469727,12.8100004196167,617100,0.0,0.0
2023-03-22 00:00:00-04:00,12.800000190734863,13.0,12.520000457763672,12.520000457763672,519700,0.0,0.0
2023-03-23 00:00:00-04:00,12.579999923706055,12.869999885559082,12.369999885559082,12.489999771118164,440500,0.0,0.0
2023-03-24 00:00:00-04:00,12.34000015258789,12.640000343322754,12.260000228881836,12.600000381469727,399900,0.0,0.0
2023-03-27 00:00:00-04:00,12.710000038146973,12.789999961853027,12.609999656677246,12.699999809265137,297700,0.0,0.0
2023-03-28 00:00:00-04:00,12.649999618530273,12.75,12.550000190734863,12.739999771118164,354500,0.0,0.0
2023-03-29 00:00:00-04:00,12.890000343322754,13.069999694824219,12.75,13.029999732971191,348200,0.0,0.0
2023-03-30 00:00:00-04:00,13.119999885559082,13.260000228881836,12.9399995803833,13.130000114440918,238900,0.0,0.0
2023-03-31 00:00:00-04:00,13.180000305175781,13.520000457763672,13.100000381469727,13.489999771118164,749000,0.0,0.0
2023-04-03 00:00:00-04:00,13.470000267028809,13.510000228881836,13.109999656677246,13.270000457763672,392100,0.0,0.0
2023-04-04 00:00:00-04:00,13.260000228881836,13.359999656677246,12.880000114440918,12.9399995803833,385400,0.0,0.0
2023-04-05 00:00:00-04:00,12.859999656677246,12.949999809265137,12.680000305175781,12.720000267028809,316700,0.0,0.0
2023-04-06 00:00:00-04:00,12.699999809265137,12.84000015258789,12.579999923706055,12.649999618530273,420900,0.0,0.0
2023-04-10 00:00:00-04:00,12.640000343322754,12.850000381469727,12.510000228881836,12.630000114440918,386100,0.0,0.0
2023-04-11 00:00:00-04:00,12.640000343322754,12.819999694824219,12.529999732971191,12.5600004196167,444300,0.0,0.0
2023-04-12 00:00:00-04:00,12.760000228881836,12.800000190734863,12.430000305175781,12.460000038146973,371700,0.0,0.0
2023-04-13 00:00:00-04:00,12.470000267028809,12.630000114440918,12.399999618530273,12.619999885559082,485100,0.0,0.0
2023-04-14 00:00:00-04:00,12.600000381469727,12.670000076293945,12.449999809265137,12.529999732971191,318100,0.0,0.0
2023-04-17 00:00:00-04:00,12.5,12.720000267028809,12.449999809265137,12.670000076293945,473100,0.0,0.0
2023-04-18 00:00:00-04:00,12.670000076293945,12.770000457763672,12.569999694824219,12.640000343322754,397400,0.0,0.0
2023-04-19 00:00:00-04:00,12.510000228881836,12.6899995803833,12.399999618530273,12.6899995803833,505300,0.0,0.0
2023-04-20 00:00:00-04:00,12.59000015258789,12.670000076293945,12.430000305175781,12.5600004196167,427400,0.0,0.0
2023-04-21 00:00:00-04:00,12.539999961853027,12.539999961853027,12.229999542236328,12.279999732971191,334500,0.0,0.0
2023-04-24 00:00:00-04:00,12.279999732971191,12.390000343322754,12.170000076293945,12.25,317900,0.0,0.0
2023-04-25 00:00:00-04:00,12.079999923706055,12.199999809265137,11.59000015258789,11.59000015258789,417400,0.0,0.0
2023-04-26 00:00:00-04:00,11.479999542236328,11.75,11.399999618530273,11.619999885559082,415000,0.0,0.0
2023-04-27 00:00:00-04:00,11.720000267028809,11.720000267028809,11.520000457763672,11.600000381469727,346100,0.0,0.0
2023-04-28 00:00:00-04:00,11.619999885559082,11.890000343322754,11.569999694824219,11.8100004196167,598000,0.0,0.0
2023-05-01 00:00:00-04:00,11.819999694824219,12.100000381469727,11.8100004196167,11.84000015258789,399100,0.0,0.0
2023-05-02 00:00:00-04:00,11.75,11.859999656677246,11.479999542236328,11.619999885559082,432600,0.0,0.0
2023-05-03 00:00:00-04:00,11.59000015258789,11.779999732971191,11.130000114440918,11.420000076293945,828000,0.0,0.0
2023-05-04 00:00:00-04:00,11.720000267028809,11.720000267028809,11.199999809265137,11.5,1056800,0.0,0.0
2023-05-05 00:00:00-04:00,11.670000076293945,11.75,11.579999923706055,11.649999618530273,542900,0.0,0.0
2023-05-08 00:00:00-04:00,11.640000343322754,11.760000228881836,11.34000015258789,11.470000267028809,559600,0.0,0.0
2023-05-09 00:00:00-04:00,11.369999885559082,11.59000015258789,11.239999771118164,11.539999961853027,492500,0.0,0.0
2023-05-10 00:00:00-04:00,11.729999542236328,11.789999961853027,11.510000228881836,11.680000305175781,627700,0.0,0.0
2023-05-11 00:00:00-04:00,11.609999656677246,12.100000381469727,11.59000015258789,12.029999732971191,700200,0.0,0.0
2023-05-12 00:00:00-04:00,12.039999961853027,12.15999984741211,11.970000267028809,12.109999656677246,512300,0.0,0.0
2023-05-15 00:00:00-04:00,12.170000076293945,12.670000076293945,12.079999923706055,12.65999984741211,904500,0.0,0.0
2023-05-16 00:00:00-04:00,12.539999961853027,12.6899995803833,12.359999656677246,12.649999618530273,685800,0.0,0.0
2023-05-17 00:00:00-04:00,12.649999618530273,13.020000457763672,12.539999961853027,12.930000305175781,494300,0.0,0.0
2023-05-18 00:00:00-04:00,12.930000305175781,13.199999809265137,12.890000343322754,13.119999885559082,366000,0.0,0.0
2023-05-19 00:00:00-04:00,13.289999961853027,13.390000343322754,12.899999618530273,13.010000228881836,417200,0.0,0.0
2023-05-22 00:00:00-04:00,13.079999923706055,13.329999923706055,12.930000305175781,13.289999961853027,509800,0.0,0.0
2023-05-23 00:00:00-04:00,13.260000228881836,13.649999618530273,13.1899995803833,13.359999656677246,582300,0.0,0.0
2023-05-24 00:00:00-04:00,13.25,13.3100004196167,13.100000381469727,13.170000076293945,537100,0.0,0.0
2023-05-25 00:00:00-04:00,13.210000038146973,13.630000114440918,13.199999809265137,13.600000381469727,558800,0.0,0.0
2023-05-26 00:00:00-04:00,13.609999656677246,14.100000381469727,13.600000381469727,14.010000228881836,562100,0.0,0.0
2023-05-30 00:00:00-04:00,14.100000381469727,14.210000038146973,13.5600004196167,13.729999542236328,709300,0.0,0.0
2023-05-31 00:00:00-04:00,13.569999694824219,13.890000343322754,13.319999694824219,13.699999809265137,3039600,0.0,0.0
2023-06-01 00:00:00-04:00,13.65999984741211,13.680000305175781,13.369999885559082,13.399999618530273,884400,0.0,0.0
2023-06-02 00:00:00-04:00,13.59000015258789,13.800000190734863,13.59000015258789,13.739999771118164,543900,0.0,0.0
2023-06-05 00:00:00-04:00,13.550000190734863,13.550000190734863,13.130000114440918,13.140000343322754,471500,0.0,0.0
2023-06-06 00:00:00-04:00,13.109999656677246,13.869999885559082,13.0600004196167,13.75,616400,0.0,0.0
2023-06-07 00:00:00-04:00,13.84000015258789,14.399999618530273,13.75,14.359999656677246,623900,0.0,0.0
2023-06-08 00:00:00-04:00,14.289999961853027,14.34000015258789,13.960000038146973,13.989999771118164,415900,0.0,0.0
2023-06-09 00:00:00-04:00,14.039999961853027,14.09000015258789,13.819999694824219,13.859999656677246,350800,0.0,0.0
2023-06-12 00:00:00-04:00,13.850000381469727,14.170000076293945,13.850000381469727,14.069999694824219,432800,0.0,0.0
2023-06-13 00:00:00-04:00,14.100000381469727,14.199999809265137,13.859999656677246,13.890000343322754,517900,0.0,0.0
2023-06-14 00:00:00-04:00,13.899999618530273,13.960000038146973,13.569999694824219,13.680000305175781,708000,0.0,0.0
2023-06-15 00:00:00-04:00,13.569999694824219,13.680000305175781,13.5,13.680000305175781,669200,0.0,0.0
2023-06-16 00:00:00-04:00,13.890000343322754,13.930000305175781,13.520000457763672,13.65999984741211,1513100,0.0,0.0
2023-06-20 00:00:00-04:00,13.65999984741211,13.819999694824219,13.579999923706055,13.75,603100,0.0,0.0
2023-06-21 00:00:00-04:00,13.609999656677246,13.819999694824219,13.5600004196167,13.739999771118164,596600,0.0,0.0
2023-06-22 00:00:00-04:00,13.670000076293945,13.920000076293945,13.510000228881836,13.890000343322754,575500,0.0,0.0
2023-06-23 00:00:00-04:00,13.619999885559082,13.640000343322754,13.279999732971191,13.380000114440918,1466300,0.0,0.0
2023-06-26 00:00:00-04:00,13.430000305175781,13.710000038146973,13.220000267028809,13.229999542236328,451700,0.0,0.0
2023-06-27 00:00:00-04:00,13.210000038146973,13.520000457763672,13.140000343322754,13.470000267028809,375400,0.0,0.0
2023-06-28 00:00:00-04:00,13.449999809265137,13.460000038146973,13.270000457763672,13.390000343322754,362500,0.0,0.0
2023-06-29 00:00:00-04:00,13.430000305175781,13.850000381469727,13.430000305175781,13.829999923706055,392900,0.0,0.0
2023-06-30 00:00:00-04:00,13.970000267028809,14.050000190734863,13.829999923706055,13.899999618530273,593700,0.0,0.0
2023-07-03 00:00:00-04:00,13.789999961853027,13.960000038146973,13.710000038146973,13.869999885559082,134900,0.0,0.0
2023-07-05 00:00:00-04:00,13.720000267028809,13.869999885559082,13.5600004196167,13.770000457763672,383100,0.0,0.0
2023-07-06 00:00:00-04:00,13.579999923706055,13.760000228881836,13.380000114440918,13.59000015258789,305900,0.0,0.0
2023-07-07 00:00:00-04:00,13.640000343322754,13.739999771118164,13.390000343322754,13.5600004196167,449800,0.0,0.0
2023-07-10 00:00:00-04:00,13.550000190734863,13.65999984741211,13.430000305175781,13.65999984741211,462300,0.0,0.0
2023-07-11 00:00:00-04:00,13.720000267028809,13.729999542236328,13.449999809265137,13.529999732971191,282400,0.0,0.0
2023-07-12 00:00:00-04:00,13.800000190734863,13.9399995803833,13.40999984741211,13.899999618530273,753100,0.0,0.0
2023-07-13 00:00:00-04:00,13.949999809265137,14.0600004196167,13.880000114440918,14.039999961853027,343700,0.0,0.0
2023-07-14 00:00:00-04:00,13.949999809265137,13.989999771118164,13.619999885559082,13.880000114440918,390700,0.0,0.0
2023-07-17 00:00:00-04:00,13.90999984741211,14.130000114440918,13.880000114440918,14.010000228881836,291100,0.0,0.0
2023-07-18 00:00:00-04:00,14.0,14.260000228881836,14.0,14.210000038146973,311500,0.0,0.0
2023-07-19 00:00:00-04:00,14.270000457763672,14.350000381469727,14.109999656677246,14.229999542236328,331900,0.0,0.0
2023-07-20 00:00:00-04:00,14.220000267028809,14.220000267028809,13.869999885559082,13.970000267028809,264900,0.0,0.0
2023-07-21 00:00:00-04:00,14.0600004196167,14.100000381469727,13.75,13.84000015258789,462900,0.0,0.0
2023-07-24 00:00:00-04:00,13.8100004196167,14.100000381469727,13.760000228881836,14.0600004196167,331900,0.0,0.0
2023-07-25 00:00:00-04:00,14.010000228881836,14.350000381469727,14.010000228881836,14.239999771118164,457600,0.0,0.0
2023-07-26 00:00:00-04:00,14.149999618530273,14.350000381469727,13.989999771118164,14.039999961853027,429700,0.0,0.0
2023-07-27 00:00:00-04:00,14.220000267028809,14.359999656677246,13.890000343322754,14.020000457763672,435800,0.0,0.0
2023-07-28 00:00:00-04:00,14.149999618530273,14.34000015258789,14.0,14.050000190734863,261600,0.0,0.0
2023-07-31 00:00:00-04:00,14.069999694824219,14.359999656677246,14.069999694824219,14.359999656677246,467000,0.0,0.0
2023-08-01 00:00:00-04:00,14.319999694824219,14.4399995803833,14.199999809265137,14.369999885559082,669000,0.0,0.0
2023-08-02 00:00:00-04:00,14.260000228881836,15.119999885559082,13.989999771118164,14.65999984741211,1206500,0.0,0.0
2023-08-03 00:00:00-04:00,14.739999771118164,15.149999618530273,14.59000015258789,14.699999809265137,1190200,0.0,0.0
2023-08-04 00:00:00-04:00,14.699999809265137,15.210000038146973,14.699999809265137,15.050000190734863,929500,0.0,0.0
2023-08-07 00:00:00-04:00,15.010000228881836,15.100000381469727,14.670000076293945,14.970000267028809,679000,0.0,0.0
2023-08-08 00:00:00-04:00,14.869999885559082,15.260000228881836,14.789999961853027,15.0,1468600,0.0,0.0
2023-08-09 00:00:00-04:00,14.949999809265137,14.989999771118164,14.579999923706055,14.710000038146973,580700,0.0,0.0
2023-08-10 00:00:00-04:00,14.789999961853027,15.020000457763672,14.300000190734863,14.399999618530273,829700,0.0,0.0
2023-08-11 00:00:00-04:00,14.329999923706055,14.529999732971191,14.279999732971191,14.489999771118164,367400,0.0,0.0
2023-08-14 00:00:00-04:00,14.430000305175781,14.699999809265137,14.279999732971191,14.569999694824219,540000,0.0,0.0
2023-08-15 00:00:00-04:00,14.449999809265137,14.489999771118164,14.25,14.289999961853027,389200,0.0,0.0
2023-08-16 00:00:00-04:00,14.220000267028809,14.34000015258789,14.109999656677246,14.239999771118164,723400,0.0,0.0
2023-08-17 00:00:00-04:00,14.279999732971191,14.550000190734863,14.25,14.479999542236328,586700,0.0,0.0
2023-08-18 00:00:00-04:00,14.319999694824219,14.649999618530273,14.319999694824219,14.569999694824219,706600,0.0,0.0
2023-08-21 00:00:00-04:00,14.729999542236328,15.0,14.670000076293945,14.680000305175781,1145100,0.0,0.0
2023-08-22 00:00:00-04:00,14.779999732971191,15.020000457763672,14.649999618530273,14.720000267028809,881200,0.0,0.0
2023-08-23 00:00:00-04:00,14.729999542236328,15.010000228881836,14.6899995803833,14.850000381469727,1072100,0.0,0.0
2023-08-24 00:00:00-04:00,14.949999809265137,15.069999694824219,14.649999618530273,14.699999809265137,749300,0.0,0.0
2023-08-25 00:00:00-04:00,14.739999771118164,14.859999656677246,14.579999923706055,14.770000457763672,482100,0.0,0.0
2023-08-28 00:00:00-04:00,14.880000114440918,15.100000381469727,14.880000114440918,14.989999771118164,722300,0.0,0.0
2023-08-29 00:00:00-04:00,15.0,15.039999961853027,14.760000228881836,14.829999923706055,781800,0.0,0.0
2023-08-30 00:00:00-04:00,14.779999732971191,15.130000114440918,14.770000457763672,14.880000114440918,614100,0.0,0.0
2023-08-31 00:00:00-04:00,14.970000267028809,15.239999771118164,14.880000114440918,14.899999618530273,1008600,0.0,0.0
2023-09-01 00:00:00-04:00,14.949999809265137,15.149999618530273,14.84000015258789,14.869999885559082,858700,0.0,0.0
2023-09-05 00:00:00-04:00,14.829999923706055,14.829999923706055,13.699999809265137,13.880000114440918,1123400,0.0,0.0
2023-09-06 00:00:00-04:00,13.949999809265137,14.109999656677246,13.6899995803833,13.710000038146973,529200,0.0,0.0
2023-09-07 00:00:00-04:00,13.699999809265137,13.710000038146973,13.40999984741211,13.550000190734863,659400,0.0,0.0
2023-09-08 00:00:00-04:00,13.510000228881836,13.520000457763672,12.779999732971191,12.90999984741211,1050600,0.0,0.0
2023-09-11 00:00:00-04:00,12.949999809265137,12.960000038146973,12.65999984741211,12.770000457763672,940700,0.0,0.0
2023-09-12 00:00:00-04:00,12.770000457763672,13.050000190734863,12.640000343322754,12.970000267028809,758800,0.0,0.0
2023-09-13 00:00:00-04:00,12.949999809265137,13.25,12.880000114440918,12.949999809265137,847700,0.0,0.0
2023-09-14 00:00:00-04:00,13.069999694824219,13.420000076293945,13.069999694824219,13.289999961853027,1231800,0.0,0.0
2023-09-15 00:00:00-04:00,13.239999771118164,13.3100004196167,12.720000267028809,12.989999771118164,5162300,0.0,0.0
2023-09-18 00:00:00-04:00,13.039999961853027,13.270000457763672,12.989999771118164,13.039999961853027,848900,0.0,0.0
2023-09-19 00:00:00-04:00,13.050000190734863,13.170000076293945,12.970000267028809,13.0,527100,0.0,0.0
2023-09-20 00:00:00-04:00,13.079999923706055,13.170000076293945,12.8100004196167,12.819999694824219,397100,0.0,0.0
2023-09-21 00:00:00-04:00,12.75,12.770000457763672,12.5600004196167,12.600000381469727,503100,0.0,0.0
2023-09-22 00:00:00-04:00,12.609999656677246,12.710000038146973,12.529999732971191,12.5600004196167,385500,0.0,0.0
2023-09-25 00:00:00-04:00,12.5,12.630000114440918,12.390000343322754,12.550000190734863,542400,0.0,0.0
2023-09-26 00:00:00-04:00,12.5,12.569999694824219,12.279999732971191,12.350000381469727,530300,0.0,0.0
2023-09-27 00:00:00-04:00,12.399999618530273,12.6899995803833,12.399999618530273,12.640000343322754,511900,0.0,0.0
2023-09-28 00:00:00-04:00,12.760000228881836,13.170000076293945,12.760000228881836,12.920000076293945,721900,0.0,0.0
2023-09-29 00:00:00-04:00,12.920000076293945,12.989999771118164,12.829999923706055,12.880000114440918,571300,0.0,0.0
2023-10-02 00:00:00-04:00,12.880000114440918,13.0600004196167,12.739999771118164,12.930000305175781,746300,0.0,0.0
2023-10-03 00:00:00-04:00,12.859999656677246,12.890000343322754,12.630000114440918,12.680000305175781,599700,0.0,0.0
2023-10-04 00:00:00-04:00,12.680000305175781,12.9399995803833,12.609999656677246,12.899999618530273,557300,0.0,0.0
2023-10-05 00:00:00-04:00,12.850000381469727,13.039999961853027,12.670000076293945,12.869999885559082,542700,0.0,0.0
2023-10-06 00:00:00-04:00,12.779999732971191,13.0,12.760000228881836,12.930000305175781,393200,0.0,0.0
2023-10-09 00:00:00-04:00,12.880000114440918,12.9399995803833,12.789999961853027,12.829999923706055,428000,0.0,0.0
2023-10-10 00:00:00-04:00,12.8100004196167,13.050000190734863,12.8100004196167,12.829999923706055,452500,0.0,0.0
2023-10-11 00:00:00-04:00,12.829999923706055,13.0,12.680000305175781,12.789999961853027,296100,0.0,0.0
2023-10-12 00:00:00-04:00,12.819999694824219,12.819999694824219,12.579999923706055,12.6899995803833,469100,0.0,0.0
2023-10-13 00:00:00-04:00,12.670000076293945,12.6899995803833,12.380000114440918,12.460000038146973,334300,0.0,0.0
2023-10-16 00:00:00-04:00,12.5600004196167,12.779999732971191,12.5,12.770000457763672,374200,0.0,0.0
2023-10-17 00:00:00-04:00,12.649999618530273,12.930000305175781,12.649999618530273,12.739999771118164,716000,0.0,0.0
2023-10-18 00:00:00-04:00,12.640000343322754,12.670000076293945,12.210000038146973,12.279999732971191,912300,0.0,0.0
2023-10-19 00:00:00-04:00,12.300000190734863,12.510000228881836,12.109999656677246,12.1899995803833,653200,0.0,0.0
2023-10-20 00:00:00-04:00,12.210000038146973,12.300000190734863,12.050000190734863,12.050000190734863,703500,0.0,0.0
2023-10-23 00:00:00-04:00,12.0,12.09000015258789,11.8100004196167,11.829999923706055,581500,0.0,0.0
2023-10-24 00:00:00-04:00,11.859999656677246,12.0,11.829999923706055,11.899999618530273,465100,0.0,0.0
2023-10-25 00:00:00-04:00,11.789999961853027,11.869999885559082,11.140000343322754,11.210000038146973,1659600,0.0,0.0
2023-10-26 00:00:00-04:00,11.3100004196167,11.430000305175781,11.170000076293945,11.359999656677246,1059900,0.0,0.0
2023-10-27 00:00:00-04:00,11.399999618530273,11.569999694824219,11.3100004196167,11.520000457763672,603200,0.0,0.0
2023-10-30 00:00:00-04:00,11.600000381469727,11.65999984741211,11.390000343322754,11.569999694824219,461800,0.0,0.0
2023-10-31 00:00:00-04:00,11.600000381469727,11.619999885559082,11.380000114440918,11.489999771118164,1160200,0.0,0.0
2023-11-01 00:00:00-04:00,12.949999809265137,13.0,12.25,12.920000076293945,1380500,0.0,0.0
2023-11-02 00:00:00-04:00,13.59000015258789,14.15999984741211,13.430000305175781,14.020000457763672,1742200,0.0,0.0
2023-11-03 00:00:00-04:00,14.199999809265137,14.75,14.0600004196167,14.640000343322754,1036400,0.0,0.0
2023-11-06 00:00:00-05:00,14.59000015258789,14.720000267028809,14.079999923706055,14.170000076293945,1243700,0.0,0.0
2023-11-07 00:00:00-05:00,14.140000343322754,14.15999984741211,13.789999961853027,14.039999961853027,905100,0.0,0.0
2023-11-08 00:00:00-05:00,14.09000015258789,14.09000015258789,13.829999923706055,14.0600004196167,510600,0.0,0.0
2023-11-09 00:00:00-05:00,14.119999885559082,14.119999885559082,13.6899995803833,13.8100004196167,453700,0.0,0.0
2023-11-10 00:00:00-05:00,13.899999618530273,14.329999923706055,13.739999771118164,14.239999771118164,613100,0.0,0.0
2023-11-13 00:00:00-05:00,14.199999809265137,14.25,13.989999771118164,14.0,491200,0.0,0.0
2023-11-14 00:00:00-05:00,14.329999923706055,14.630000114440918,14.270000457763672,14.619999885559082,507800,0.0,0.0
2023-11-15 00:00:00-05:00,14.59000015258789,14.789999961853027,14.520000457763672,14.579999923706055,814800,0.0,0.0
2023-11-16 00:00:00-05:00,14.520000457763672,14.569999694824219,14.140000343322754,14.380000114440918,528700,0.0,0.0
2023-11-17 00:00:00-05:00,14.539999961853027,14.59000015258789,14.359999656677246,14.460000038146973,564600,0.0,0.0
2023-11-20 00:00:00-05:00,14.420000076293945,14.600000381469727,14.329999923706055,14.399999618530273,490100,0.0,0.0
2023-11-21 00:00:00-05:00,14.260000228881836,14.329999923706055,14.130000114440918,14.130000114440918,329800,0.0,0.0
2023-11-22 00:00:00-05:00,14.270000457763672,14.520000457763672,14.25,14.4399995803833,595800,0.0,0.0
2023-11-24 00:00:00-05:00,14.470000267028809,14.479999542236328,14.359999656677246,14.460000038146973,111200,0.0,0.0
2023-11-27 00:00:00-05:00,14.359999656677246,14.729999542236328,14.210000038146973,14.619999885559082,438000,0.0,0.0
2023-11-28 00:00:00-05:00,14.59000015258789,14.800000190734863,14.479999542236328,14.569999694824219,307600,0.0,0.0
2023-11-29 00:00:00-05:00,14.609999656677246,14.84000015258789,14.5600004196167,14.680000305175781,565800,0.0,0.0
2023-11-30 00:00:00-05:00,14.6899995803833,15.029999732971191,14.579999923706055,15.010000228881836,822600,0.0,0.0
2023-12-01 00:00:00-05:00,14.930000305175781,15.130000114440918,14.800000190734863,14.979999542236328,1049700,0.0,0.0
2023-12-04 00:00:00-05:00,14.850000381469727,15.029999732971191,14.720000267028809,14.8100004196167,517400,0.0,0.0
2023-12-05 00:00:00-05:00,14.699999809265137,14.699999809265137,14.470000267028809,14.479999542236328,360000,0.0,0.0
2023-12-06 00:00:00-05:00,14.649999618530273,14.739999771118164,14.34000015258789,14.350000381469727,390700,0.0,0.0
2023-12-07 00:00:00-05:00,14.430000305175781,14.479999542236328,14.25,14.479999542236328,784900,0.0,0.0
2023-12-08 00:00:00-05:00,14.460000038146973,14.890000343322754,14.289999961853027,14.869999885559082,582900,0.0,0.0
2023-12-11 00:00:00-05:00,14.890000343322754,15.069999694824219,14.859999656677246,14.970000267028809,509900,0.0,0.0
2023-12-12 00:00:00-05:00,14.90999984741211,14.989999771118164,14.779999732971191,14.9399995803833,410200,0.0,0.0
2023-12-13 00:00:00-05:00,14.9399995803833,15.210000038146973,14.670000076293945,15.130000114440918,617500,0.0,0.0
2023-12-14 00:00:00-05:00,15.40999984741211,15.729999542236328,15.369999885559082,15.699999809265137,801900,0.0,0.0
2023-12-15 00:00:00-05:00,15.779999732971191,15.789999961853027,15.4399995803833,15.600000381469727,2315900,0.0,0.0
2023-12-18 00:00:00-05:00,15.699999809265137,15.739999771118164,15.260000228881836,15.510000228881836,459400,0.0,0.0
2023-12-19 00:00:00-05:00,15.579999923706055,15.829999923706055,15.579999923706055,15.789999961853027,621300,0.0,0.0
2023-12-20 00:00:00-05:00,15.800000190734863,16.06999969482422,15.529999732971191,15.550000190734863,586700,0.0,0.0
2023-12-21 00:00:00-05:00,15.670000076293945,15.770000457763672,15.460000038146973,15.699999809265137,626700,0.0,0.0
2023-12-22 00:00:00-05:00,15.699999809265137,15.960000038146973,15.569999694824219,15.789999961853027,476800,0.0,0.0
2023-12-26 00:00:00-05:00,15.869999885559082,16.079999923706055,15.600000381469727,16.0,431100,0.0,0.0
2023-12-27 00:00:00-05:00,16.079999923706055,16.100000381469727,15.869999885559082,16.06999969482422,382800,0.0,0.0
2023-12-28 00:00:00-05:00,16.010000228881836,16.049999237060547,15.899999618530273,16.030000686645508,345300,0.0,0.0
2023-12-29 00:00:00-05:00,16.100000381469727,16.100000381469727,15.75,15.8100004196167,433100,0.0,0.0
2024-01-02 00:00:00-05:00,15.600000381469727,15.699999809265137,15.449999809265137,15.5600004196167,296400,0.0,0.0
2024-01-03 00:00:00-05:00,15.399999618530273,15.399999618530273,14.930000305175781,15.010000228881836,422900,0.0,0.0
2024-01-04 00:00:00-05:00,15.109999656677246,15.109999656677246,14.819999694824219,14.899999618530273,447500,0.0,0.0
2024-01-05 00:00:00-05:00,14.920000076293945,14.960000038146973,14.510000228881836,14.720000267028809,418000,0.0,0.0
2024-01-08 00:00:00-05:00,14.770000457763672,15.140000343322754,14.770000457763672,15.109999656677246,428300,0.0,0.0
2024-01-09 00:00:00-05:00,14.819999694824219,14.899999618530273,14.699999809265137,14.779999732971191,366800,0.0,0.0
2024-01-10 00:00:00-05:00,14.710000038146973,14.869999885559082,14.649999618530273,14.789999961853027,371600,0.0,0.0
2024-01-11 00:00:00-05:00,14.670000076293945,14.789999961853027,14.510000228881836,14.760000228881836,398000,0.0,0.0
2024-01-12 00:00:00-05:00,14.850000381469727,14.970000267028809,14.720000267028809,14.84000015258789,254200,0.0,0.0
2024-01-16 00:00:00-05:00,14.6899995803833,14.869999885559082,14.5600004196167,14.59000015258789,426200,0.0,0.0
2024-01-17 00:00:00-05:00,14.350000381469727,14.350000381469727,14.109999656677246,14.210000038146973,446800,0.0,0.0
2024-01-18 00:00:00-05:00,14.359999656677246,14.539999961853027,14.100000381469727,14.3100004196167,1114700,0.0,0.0
2024-01-19 00:00:00-05:00,14.4399995803833,14.550000190734863,14.220000267028809,14.510000228881836,830800,0.0,0.0
2024-01-22 00:00:00-05:00,14.739999771118164,14.949999809265137,14.630000114440918,14.680000305175781,1249300,0.0,0.0
2024-01-23 00:00:00-05:00,14.930000305175781,15.0600004196167,14.630000114440918,14.710000038146973,1053200,0.0,0.0
2024-01-24 00:00:00-05:00,14.899999618530273,14.899999618530273,14.460000038146973,14.510000228881836,700500,0.0,0.0
2024-01-25 00:00:00-05:00,14.779999732971191,14.779999732971191,14.270000457763672,14.539999961853027,784000,0.0,0.0
2024-01-26 00:00:00-05:00,14.609999656677246,14.649999618530273,14.270000457763672,14.270000457763672,416600,0.0,0.0
2024-01-29 00:00:00-05:00,14.220000267028809,14.270000457763672,13.949999809265137,14.270000457763672,606600,0.0,0.0
2024-01-30 00:00:00-05:00,14.300000190734863,14.510000228881836,14.25,14.300000190734863,424300,0.0,0.0
2024-01-31 00:00:00-05:00,14.210000038146973,14.3100004196167,13.819999694824219,13.90999984741211,766400,0.0,0.0
2024-02-01 00:00:00-05:00,13.949999809265137,14.350000381469727,13.949999809265137,14.319999694824219,896800,0.0,0.0
2024-02-02 00:00:00-05:00,14.149999618530273,14.359999656677246,14.09000015258789,14.149999618530273,604300,0.0,0.0
2024-02-05 00:00:00-05:00,13.989999771118164,14.1899995803833,13.84000015258789,14.15999984741211,733700,0.0,0.0
2024-02-06 00:00:00-05:00,14.0600004196167,14.510000228881836,14.020000457763672,14.479999542236328,1044300,0.0,0.0
2024-02-07 00:00:00-05:00,14.579999923706055,14.739999771118164,14.050000190734863,14.460000038146973,1680400,0.0,0.0
2024-02-08 00:00:00-05:00,14.569999694824219,15.279999732971191,14.520000457763672,15.220000267028809,1528800,0.0,0.0
2024-02-09 00:00:00-05:00,15.300000190734863,16.139999389648438,15.300000190734863,16.1200008392334,1388900,0.0,0.0
2024-02-12 00:00:00-05:00,16.200000762939453,16.540000915527344,16.09000015258789,16.299999237060547,1649300,0.0,0.0
2024-02-13 00:00:00-05:00,15.649999618530273,15.829999923706055,14.829999923706055,14.90999984741211,1503000,0.0,0.0
2024-02-14 00:00:00-05:00,15.130000114440918,15.479999542236328,14.8100004196167,15.25,1176300,0.0,0.0
2024-02-15 00:00:00-05:00,15.390000343322754,15.899999618530273,15.390000343322754,15.739999771118164,1073800,0.0,0.0
2024-02-16 00:00:00-05:00,15.630000114440918,15.789999961853027,15.539999961853027,15.649999618530273,619100,0.0,0.0
2024-02-20 00:00:00-05:00,15.5,15.640000343322754,15.369999885559082,15.609999656677246,740400,0.0,0.0
2024-02-21 00:00:00-05:00,15.489999771118164,15.5,15.1899995803833,15.319999694824219,486900,0.0,0.0
2024-02-22 00:00:00-05:00,15.350000381469727,15.720000267028809,15.350000381469727,15.569999694824219,568200,0.0,0.0
2024-02-23 00:00:00-05:00,15.510000228881836,15.510000228881836,15.220000267028809,15.430000305175781,510500,0.0,0.0
2024-02-26 00:00:00-05:00,15.399999618530273,15.449999809265137,15.180000305175781,15.1899995803833,580200,0.0,0.0
2024-02-27 00:00:00-05:00,15.319999694824219,15.449999809265137,15.069999694824219,15.069999694824219,496000,0.0,0.0
2024-02-28 00:00:00-05:00,14.859999656677246,15.010000228881836,14.729999542236328,14.760000228881836,496700,0.0,0.0
2024-02-29 00:00:00-05:00,15.029999732971191,15.09000015258789,14.779999732971191,14.850000381469727,829600,0.0,0.0
2024-03-01 00:00:00-05:00,14.899999618530273,15.15999984741211,14.829999923706055,15.079999923706055,571600,0.0,0.0
2024-03-04 00:00:00-05:00,15.109999656677246,15.279999732971191,15.020000457763672,15.130000114440918,369900,0.0,0.0
2024-03-05 00:00:00-05:00,14.970000267028809,15.220000267028809,14.859999656677246,14.979999542236328,369400,0.0,0.0
2024-03-06 00:00:00-05:00,15.130000114440918,15.130000114440918,14.819999694824219,14.859999656677246,488800,0.0,0.0
2024-03-07 00:00:00-05:00,14.960000038146973,15.029999732971191,14.800000190734863,14.949999809265137,393300,0.0,0.0
2024-03-08 00:00:00-05:00,15.100000381469727,15.239999771118164,14.930000305175781,15.020000457763672,414000,0.0,0.0
2024-03-11 00:00:00-04:00,14.890000343322754,14.90999984741211,14.65999984741211,14.710000038146973,550200,0.0,0.0
2024-03-12 00:00:00-04:00,14.710000038146973,14.720000267028809,14.430000305175781,14.640000343322754,541600,0.0,0.0
2024-03-13 00:00:00-04:00,14.529999732971191,14.65999984741211,14.460000038146973,14.5,358300,0.0,0.0
2024-03-14 00:00:00-04:00,14.420000076293945,14.550000190734863,14.09000015258789,14.229999542236328,400400,0.0,0.0
2024-03-15 00:00:00-04:00,14.100000381469727,14.300000190734863,13.970000267028809,14.079999923706055,2042600,0.0,0.0
2024-03-18 00:00:00-04:00,14.199999809265137,14.260000228881836,13.930000305175781,13.949999809265137,755400,0.0,0.0
2024-03-19 00:00:00-04:00,13.899999618530273,14.109999656677246,13.84000015258789,13.979999542236328,773100,0.0,0.0
2024-03-20 00:00:00-04:00,13.979999542236328,14.229999542236328,13.890000343322754,14.15999984741211,1005800,0.0,0.0
2024-03-21 00:00:00-04:00,14.300000190734863,15.170000076293945,14.300000190734863,14.970000267028809,1165300,0.0,0.0
2024-03-22 00:00:00-04:00,14.989999771118164,14.989999771118164,14.609999656677246,14.649999618530273,343600,0.0,0.0
2024-03-25 00:00:00-04:00,14.760000228881836,15.420000076293945,14.760000228881836,15.399999618530273,795300,0.0,0.0
2024-03-26 00:00:00-04:00,15.529999732971191,15.529999732971191,14.949999809265137,14.979999542236328,459400,0.0,0.0
2024-03-27 00:00:00-04:00,15.119999885559082,15.550000190734863,15.069999694824219,15.529999732971191,531100,0.0,0.0
2024-03-28 00:00:00-04:00,15.5,15.800000190734863,15.380000114440918,15.649999618530273,531100,0.0,0.0
2024-04-01 00:00:00-04:00,15.619999885559082,15.6899995803833,15.1899995803833,15.220000267028809,415500,0.0,0.0
2024-04-02 00:00:00-04:00,14.960000038146973,15.039999961853027,14.699999809265137,14.859999656677246,940200,0.0,0.0
2024-04-03 00:00:00-04:00,14.739999771118164,15.0600004196167,14.699999809265137,14.819999694824219,921000,0.0,0.0
2024-04-04 00:00:00-04:00,14.989999771118164,15.050000190734863,14.510000228881836,14.59000015258789,817700,0.0,0.0
2024-04-05 00:00:00-04:00,14.569999694824219,14.6899995803833,14.520000457763672,14.600000381469727,303800,0.0,0.0
2024-04-08 00:00:00-04:00,14.670000076293945,14.819999694824219,14.630000114440918,14.649999618530273,259300,0.0,0.0
2024-04-09 00:00:00-04:00,14.720000267028809,14.789999961853027,14.579999923706055,14.6899995803833,360500,0.0,0.0
2024-04-10 00:00:00-04:00,14.239999771118164,14.260000228881836,13.949999809265137,14.140000343322754,474200,0.0,0.0
2024-04-11 00:00:00-04:00,14.229999542236328,14.539999961853027,14.15999984741211,14.520000457763672,469900,0.0,0.0
2024-04-12 00:00:00-04:00,14.399999618530273,14.510000228881836,14.279999732971191,14.34000015258789,324800,0.0,0.0
2024-04-15 00:00:00-04:00,14.420000076293945,14.489999771118164,14.210000038146973,14.270000457763672,359000,0.0,0.0
2024-04-16 00:00:00-04:00,14.210000038146973,14.399999618530273,14.029999732971191,14.15999984741211,384900,0.0,0.0
2024-04-17 00:00:00-04:00,14.270000457763672,14.390000343322754,14.0600004196167,14.109999656677246,363200,0.0,0.0
2024-04-18 00:00:00-04:00,14.100000381469727,14.279999732971191,14.020000457763672,14.069999694824219,353700,0.0,0.0
2024-04-19 00:00:00-04:00,14.010000228881836,14.260000228881836,13.960000038146973,14.050000190734863,654100,0.0,0.0
2024-04-22 00:00:00-04:00,14.149999618530273,14.350000381469727,14.0600004196167,14.260000228881836,406500,0.0,0.0
2024-04-23 00:00:00-04:00,14.25,14.609999656677246,14.25,14.59000015258789,533200,0.0,0.0
2024-04-24 00:00:00-04:00,14.579999923706055,14.729999542236328,14.510000228881836,14.619999885559082,285400,0.0,0.0
2024-04-25 00:00:00-04:00,14.4399995803833,14.829999923706055,14.430000305175781,14.779999732971191,433400,0.0,0.0
2024-04-26 00:00:00-04:00,14.819999694824219,15.149999618530273,14.8100004196167,15.130000114440918,437600,0.0,0.0
2024-04-29 00:00:00-04:00,15.140000343322754,15.350000381469727,15.119999885559082,15.149999618530273,445500,0.0,0.0
2024-04-30 00:00:00-04:00,14.960000038146973,15.279999732971191,14.899999618530273,14.930000305175781,850400,0.0,0.0
2024-05-01 00:00:00-04:00,14.199999809265137,15.09000015258789,13.430000305175781,14.770000457763672,1096900,0.0,0.0
2024-05-02 00:00:00-04:00,15.760000228881836,16.799999237060547,15.619999885559082,16.649999618530273,1539000,0.0,0.0
2024-05-03 00:00:00-04:00,16.8799991607666,17.31999969482422,16.770000457763672,17.309999465942383,1138200,0.0,0.0
2024-05-06 00:00:00-04:00,17.280000686645508,17.739999771118164,17.280000686645508,17.510000228881836,987200,0.0,0.0
2024-05-07 00:00:00-04:00,17.5,17.959999084472656,17.5,17.59000015258789,780500,0.0,0.0
2024-05-08 00:00:00-04:00,17.31999969482422,17.729999542236328,16.920000076293945,17.670000076293945,977000,0.0,0.0
2024-05-09 00:00:00-04:00,17.709999084472656,17.969999313354492,17.690000534057617,17.829999923706055,765200,0.0,0.0
2024-05-10 00:00:00-04:00,17.959999084472656,18.389999389648438,17.850000381469727,18.3700008392334,1066300,0.0,0.0
2024-05-13 00:00:00-04:00,18.479999542236328,18.600000381469727,18.06999969482422,18.079999923706055,998400,0.0,0.0
2024-05-14 00:00:00-04:00,18.290000915527344,18.3799991607666,17.8799991607666,18.09000015258789,798900,0.0,0.0
2024-05-15 00:00:00-04:00,18.309999465942383,18.739999771118164,18.1299991607666,18.389999389648438,803300,0.0,0.0
2024-05-16 00:00:00-04:00,18.31999969482422,18.610000610351562,18.31999969482422,18.530000686645508,675400,0.0,0.0
2024-05-17 00:00:00-04:00,18.56999969482422,18.639999389648438,18.229999542236328,18.299999237060547,359300,0.0,0.0
2024-05-20 00:00:00-04:00,18.31999969482422,18.709999084472656,18.309999465942383,18.420000076293945,655000,0.0,0.0
2024-05-21 00:00:00-04:00,18.389999389648438,18.770000457763672,18.260000228881836,18.770000457763672,484300,0.0,0.0
2024-05-22 00:00:00-04:00,18.75,18.799999237060547,18.469999313354492,18.700000762939453,522900,0.0,0.0
2024-05-23 00:00:00-04:00,18.799999237060547,18.889999389648438,18.450000762939453,18.579999923706055,514100,0.0,0.0
2024-05-24 00:00:00-04:00,18.690000534057617,18.809999465942383,18.5,18.799999237060547,431900,0.0,0.0
2024-05-28 00:00:00-04:00,18.969999313354492,19.0,18.5,18.579999923706055,605900,0.0,0.0
2024-05-29 00:00:00-04:00,18.260000228881836,18.469999313354492,18.170000076293945,18.309999465942383,364000,0.0,0.0
2024-05-30 00:00:00-04:00,18.440000534057617,18.84000015258789,18.3799991607666,18.709999084472656,396200,0.0,0.0
2024-05-31 00:00:00-04:00,18.709999084472656,18.860000610351562,18.280000686645508,18.600000381469727,696800,0.0,0.0
2024-06-03 00:00:00-04:00,18.860000610351562,18.860000610351562,18.3700008392334,18.68000030517578,596500,0.0,0.0
2024-06-04 00:00:00-04:00,18.440000534057617,18.649999618530273,18.440000534057617,18.5,597400,0.0,0.0
2024-06-05 00:00:00-04:00,18.6200008392334,18.93000030517578,18.5,18.8700008392334,397800,0.0,0.0
2024-06-06 00:00:00-04:00,18.75,18.920000076293945,18.59000015258789,18.610000610351562,297100,0.0,0.0
2024-06-07 00:00:00-04:00,18.440000534057617,18.579999923706055,18.219999313354492,18.510000228881836,485900,0.0,0.0
2024-06-10 00:00:00-04:00,18.149999618530273,18.469999313354492,17.889999389648438,18.399999618530273,512100,0.0,0.0
2024-06-11 00:00:00-04:00,18.219999313354492,18.350000381469727,18.15999984741211,18.299999237060547,439000,0.0,0.0
2024-06-12 00:00:00-04:00,18.899999618530273,18.940000534057617,18.6299991607666,18.719999313354492,372800,0.0,0.0
2024-06-13 00:00:00-04:00,18.65999984741211,18.780000686645508,18.270000457763672,18.56999969482422,266500,0.0,0.0
2024-06-14 00:00:00-04:00,18.260000228881836,18.260000228881836,17.950000762939453,18.059999465942383,407100,0.0,0.0
2024-06-17 00:00:00-04:00,18.15999984741211,18.68000030517578,18.110000610351562,18.479999542236328,618700,0.0,0.0
2024-06-18 00:00:00-04:00,18.540000915527344,19.030000686645508,18.399999618530273,18.959999084472656,571400,0.0,0.0
2024-06-20 00:00:00-04:00,18.8700008392334,19.200000762939453,18.84000015258789,19.010000228881836,716000,0.0,0.0
2024-06-21 00:00:00-04:00,18.940000534057617,19.459999084472656,18.780000686645508,19.399999618530273,2313600,0.0,0.0
2024-06-24 00:00:00-04:00,19.239999771118164,19.3700008392334,18.709999084472656,19.1200008392334,1501300,0.0,0.0
2024-06-25 00:00:00-04:00,19.020000457763672,19.799999237060547,18.809999465942383,19.770000457763672,1146200,0.0,0.0
2024-06-26 00:00:00-04:00,19.790000915527344,20.110000610351562,19.540000915527344,19.56999969482422,1480900,0.0,0.0
2024-06-27 00:00:00-04:00,19.649999618530273,19.780000686645508,19.260000228881836,19.399999618530273,571200,0.0,0.0
2024-06-28 00:00:00-04:00,19.540000915527344,19.559999465942383,19.219999313354492,19.43000030517578,1271100,0.0,0.0
2024-07-01 00:00:00-04:00,19.450000762939453,19.610000610351562,19.010000228881836,19.059999465942383,525400,0.0,0.0
2024-07-02 00:00:00-04:00,19.059999465942383,19.479999542236328,19.059999465942383,19.459999084472656,609700,0.0,0.0
2024-07-03 00:00:00-04:00,19.479999542236328,20.010000228881836,19.459999084472656,19.989999771118164,490800,0.0,0.0
2024-07-05 00:00:00-04:00,19.959999084472656,19.979999542236328,19.770000457763672,19.790000915527344,800300,0.0,0.0
2024-07-08 00:00:00-04:00,19.93000030517578,20.190000534057617,19.6200008392334,19.8799991607666,1093100,0.0,0.0
2024-07-09 00:00:00-04:00,19.850000381469727,20.0,19.799999237060547,19.950000762939453,625700,0.0,0.0
2024-07-10 00:00:00-04:00,20.059999465942383,20.59000015258789,20.0,20.440000534057617,931800,0.0,0.0
2024-07-11 00:00:00-04:00,20.84000015258789,21.209999084472656,20.709999084472656,20.989999771118164,1458300,0.0,0.0
2024-07-12 00:00:00-04:00,21.290000915527344,21.350000381469727,20.84000015258789,20.959999084472656,872500,0.0,0.0
2024-07-15 00:00:00-04:00,21.15999984741211,21.450000762939453,20.959999084472656,21.15999984741211,1022000,0.0,0.0
2024-07-16 00:00:00-04:00,21.43000030517578,22.709999084472656,21.309999465942383,22.40999984741211,1848100,0.0,0.0
2024-07-17 00:00:00-04:00,21.969999313354492,22.270000457763672,21.450000762939453,21.510000228881836,868100,0.0,0.0
2024-07-18 00:00:00-04:00,21.75,22.06999969482422,20.940000534057617,21.31999969482422,1064800,0.0,0.0
2024-07-19 00:00:00-04:00,21.329999923706055,21.329999923706055,20.920000076293945,21.100000381469727,940000,0.0,0.0
2024-07-22 00:00:00-04:00,21.229999542236328,21.799999237060547,20.950000762939453,21.770000457763672,711700,0.0,0.0
2024-07-23 00:00:00-04:00,21.59000015258789,22.559999465942383,21.59000015258789,21.84000015258789,2293100,0.0,0.0
2024-07-24 00:00:00-04:00,21.600000381469727,22.170000076293945,21.479999542236328,21.600000381469727,1528300,0.0,0.0
2024-07-25 00:00:00-04:00,21.579999923706055,21.959999084472656,21.18000030517578,21.18000030517578,1142200,0.0,0.0
2024-07-26 00:00:00-04:00,21.56999969482422,21.899999618530273,21.5,21.639999389648438,1276900,0.0,0.0
2024-07-29 00:00:00-04:00,21.639999389648438,21.959999084472656,21.34000015258789,21.5,808000,0.0,0.0
2024-07-30 00:00:00-04:00,21.450000762939453,21.579999923706055,20.700000762939453,20.739999771118164,1482400,0.0,0.0
2024-07-31 00:00:00-04:00,22.1299991607666,22.280000686645508,19.270000457763672,19.3799991607666,2556000,0.0,0.0
2024-08-01 00:00:00-04:00,19.850000381469727,20.020000457763672,19.270000457763672,19.540000915527344,1710000,0.0,0.0
2024-08-02 00:00:00-04:00,18.8799991607666,18.969999313354492,18.049999237060547,18.309999465942383,1147400,0.0,0.0
2024-08-05 00:00:00-04:00,17.309999465942383,17.799999237060547,16.90999984741211,17.780000686645508,1761900,0.0,0.0
2024-08-06 00:00:00-04:00,17.75,18.229999542236328,17.610000610351562,17.8700008392334,1308300,0.0,0.0
2024-08-07 00:00:00-04:00,18.229999542236328,18.270000457763672,17.219999313354492,17.25,1319700,0.0,0.0
2024-08-08 00:00:00-04:00,17.579999923706055,17.809999465942383,17.3700008392334,17.739999771118164,745000,0.0,0.0
2024-08-09 00:00:00-04:00,17.649999618530273,18.049999237060547,17.649999618530273,18.040000915527344,551000,0.0,0.0
2024-08-12 00:00:00-04:00,17.979999542236328,18.030000686645508,17.709999084472656,18.020000457763672,465000,0.0,0.0
2024-08-13 00:00:00-04:00,18.209999084472656,18.43000030517578,18.100000381469727,18.40999984741211,491500,0.0,0.0
2024-08-14 00:00:00-04:00,18.5,18.549999237060547,18.219999313354492,18.229999542236328,562600,0.0,0.0
2024-08-15 00:00:00-04:00,18.65999984741211,18.979999542236328,18.399999618530273,18.739999771118164,958700,0.0,0.0
2024-08-16 00:00:00-04:00,18.739999771118164,18.969999313354492,18.610000610351562,18.860000610351562,468400,0.0,0.0
2024-08-19 00:00:00-04:00,19.030000686645508,19.479999542236328,18.6299991607666,19.469999313354492,554500,0.0,0.0
2024-08-20 00:00:00-04:00,19.440000534057617,19.440000534057617,19.139999389648438,19.15999984741211,508000,0.0,0.0
2024-08-21 00:00:00-04:00,19.280000686645508,19.760000228881836,19.18000030517578,19.75,397700,0.0,0.0
2024-08-22 00:00:00-04:00,19.68000030517578,19.829999923706055,19.520000457763672,19.670000076293945,636300,0.0,0.0
2024-08-23 00:00:00-04:00,19.860000610351562,20.600000381469727,19.68000030517578,20.489999771118164,544200,0.0,0.0
2024-08-26 00:00:00-04:00,20.649999618530273,20.709999084472656,20.1200008392334,20.15999984741211,649100,0.0,0.0
2024-08-27 00:00:00-04:00,20.079999923706055,20.100000381469727,19.6200008392334,19.93000030517578,459500,0.0,0.0
2024-08-28 00:00:00-04:00,19.860000610351562,19.969999313354492,19.5,19.510000228881836,399200,0.0,0.0
2024-08-29 00:00:00-04:00,19.6200008392334,19.950000762939453,19.280000686645508,19.639999389648438,465000,0.0,0.0
2024-08-30 00:00:00-04:00,19.81999969482422,19.889999389648438,19.280000686645508,19.450000762939453,789900,0.0,0.0
2024-09-03 00:00:00-04:00,19.280000686645508,19.280000686645508,18.100000381469727,18.1200008392334,833500,0.0,0.0
2024-09-04 00:00:00-04:00,17.969999313354492,18.34000015258789,17.84000015258789,18.09000015258789,680800,0.0,0.0
2024-09-05 00:00:00-04:00,18.049999237060547,18.489999771118164,17.81999969482422,17.850000381469727,658300,0.0,0.0
2024-09-06 00:00:00-04:00,17.8799991607666,17.950000762939453,17.139999389648438,17.15999984741211,773300,0.0,0.0
2024-09-09 00:00:00-04:00,17.18000030517578,17.290000915527344,16.93000030517578,17.0,1194100,0.0,0.0
2024-09-10 00:00:00-04:00,17.049999237060547,18.1200008392334,16.75,18.079999923706055,2708400,0.0,0.0
2024-09-11 00:00:00-04:00,17.979999542236328,18.040000915527344,17.40999984741211,17.84000015258789,888700,0.0,0.0
2024-09-12 00:00:00-04:00,17.90999984741211,18.229999542236328,17.65999984741211,18.049999237060547,944300,0.0,0.0
2024-09-13 00:00:00-04:00,18.34000015258789,18.479999542236328,18.149999618530273,18.260000228881836,857800,0.0,0.0
2024-09-16 00:00:00-04:00,18.260000228881836,18.299999237060547,17.920000076293945,18.209999084472656,652000,0.0,0.0
2024-09-17 00:00:00-04:00,18.399999618530273,18.649999618530273,17.969999313354492,18.06999969482422,660900,0.0,0.0
2024-09-18 00:00:00-04:00,18.1200008392334,18.25,17.799999237060547,17.81999969482422,868700,0.0,0.0
2024-09-19 00:00:00-04:00,18.440000534057617,18.520000457763672,18.0,18.1299991607666,672800,0.0,0.0
2024-09-20 00:00:00-04:00,17.979999542236328,18.200000762939453,17.920000076293945,18.15999984741211,1996400,0.0,0.0
2024-09-23 00:00:00-04:00,18.229999542236328,18.399999618530273,18.18000030517578,18.200000762939453,554200,0.0,0.0
2024-09-24 00:00:00-04:00,18.209999084472656,18.860000610351562,17.8700008392334,18.709999084472656,1019600,0.0,0.0
2024-09-25 00:00:00-04:00,18.84000015258789,18.84000015258789,18.18000030517578,18.209999084472656,483400,0.0,0.0
2024-09-26 00:00:00-04:00,18.6200008392334,18.950000762939453,18.40999984741211,18.709999084472656,643400,0.0,0.0
2024-09-27 00:00:00-04:00,18.93000030517578,18.950000762939453,18.549999237060547,18.579999923706055,955500,0.0,0.0
2024-09-30 00:00:00-04:00,18.440000534057617,18.510000228881836,17.959999084472656,18.25,975800,0.0,0.0
2024-10-01 00:00:00-04:00,18.209999084472656,18.260000228881836,17.670000076293945,18.239999771118164,651500,0.0,0.0
2024-10-02 00:00:00-04:00,18.15999984741211,18.68000030517578,18.15999984741211,18.40999984741211,616200,0.0,0.0
2024-10-03 00:00:00-04:00,18.270000457763672,18.450000762939453,18.049999237060547,18.059999465942383,323100,0.0,0.0
2024-10-04 00:00:00-04:00,18.309999465942383,18.5,18.200000762939453,18.350000381469727,326500,0.0,0.0
2024-10-07 00:00:00-04:00,18.209999084472656,18.479999542236328,18.040000915527344,18.420000076293945,375500,0.0,0.0
2024-10-08 00:00:00-04:00,18.5,18.579999923706055,18.270000457763672,18.450000762939453,542300,0.0,0.0
2024-10-09 00:00:00-04:00,18.479999542236328,18.700000762939453,18.360000610351562,18.639999389648438,331100,0.0,0.0
2024-10-10 00:00:00-04:00,18.489999771118164,18.56999969482422,18.219999313354492,18.549999237060547,467700,0.0,0.0
2024-10-11 00:00:00-04:00,18.549999237060547,19.1200008392334,18.440000534057617,19.010000228881836,358400,0.0,0.0
2024-10-14 00:00:00-04:00,19.06999969482422,19.290000915527344,18.93000030517578,19.170000076293945,265700,0.0,0.0
2024-10-15 00:00:00-04:00,19.110000610351562,19.56999969482422,19.010000228881836,19.440000534057617,848300,0.0,0.0
2024-10-16 00:00:00-04:00,19.670000076293945,20.209999084472656,19.549999237060547,20.1299991607666,1080500,0.0,0.0
2024-10-17 00:00:00-04:00,20.270000457763672,20.68000030517578,20.139999389648438,20.5,887400,0.0,0.0
2024-10-18 00:00:00-04:00,20.540000915527344,20.56999969482422,20.170000076293945,20.450000762939453,663400,0.0,0.0
2024-10-21 00:00:00-04:00,20.329999923706055,20.350000381469727,19.200000762939453,19.25,705600,0.0,0.0
2024-10-22 00:00:00-04:00,19.270000457763672,19.270000457763672,18.790000915527344,18.920000076293945,381800,0.0,0.0
2024-10-23 00:00:00-04:00,18.739999771118164,18.829999923706055,18.399999618530273,18.56999969482422,446100,0.0,0.0
2024-10-24 00:00:00-04:00,18.770000457763672,19.389999389648438,18.6200008392334,19.260000228881836,737900,0.0,0.0
2024-10-25 00:00:00-04:00,19.3799991607666,19.850000381469727,19.360000610351562,19.600000381469727,1000900,0.0,0.0
2024-10-28 00:00:00-04:00,19.75,20.049999237060547,19.690000534057617,19.780000686645508,705300,0.0,0.0
2024-10-29 00:00:00-04:00,19.459999084472656,19.799999237060547,19.459999084472656,19.709999084472656,489800,0.0,0.0
2024-10-30 00:00:00-04:00,19.399999618530273,20.06999969482422,19.399999618530273,19.719999313354492,704900,0.0,0.0
2024-10-31 00:00:00-04:00,21.3799991607666,23.610000610351562,21.0,22.440000534057617,1636000,0.0,0.0
2024-11-01 00:00:00-04:00,22.389999389648438,22.469999313354492,21.489999771118164,22.09000015258789,1435000,0.0,0.0
2024-11-04 00:00:00-05:00,22.06999969482422,22.850000381469727,22.06999969482422,22.600000381469727,756000,0.0,0.0
2024-11-05 00:00:00-05:00,22.540000915527344,22.920000076293945,22.280000686645508,22.899999618530273,786800,0.0,0.0
2024-11-06 00:00:00-05:00,24.040000915527344,25.469999313354492,23.979999542236328,25.030000686645508,1122800,0.0,0.0
2024-11-07 00:00:00-05:00,24.950000762939453,25.43000030517578,24.889999389648438,25.239999771118164,720700,0.0,0.0
2024-11-08 00:00:00-05:00,24.969999313354492,25.489999771118164,24.969999313354492,25.280000686645508,758300,0.0,0.0
2024-11-11 00:00:00-05:00,25.489999771118164,25.489999771118164,24.829999923706055,24.920000076293945,879500,0.0,0.0
2024-11-12 00:00:00-05:00,24.989999771118164,25.3700008392334,24.829999923706055,25.15999984741211,791700,0.0,0.0
2024-11-13 00:00:00-05:00,25.31999969482422,25.389999389648438,24.15999984741211,24.25,447900,0.0,0.0
2024-11-14 00:00:00-05:00,24.360000610351562,24.360000610351562,23.719999313354492,23.940000534057617,522200,0.0,0.0
2024-11-15 00:00:00-05:00,23.770000457763672,23.959999084472656,23.229999542236328,23.270000457763672,491900,0.0,0.0
2024-11-18 00:00:00-05:00,23.239999771118164,23.809999465942383,23.219999313354492,23.229999542236328,279200,0.0,0.0
2024-11-19 00:00:00-05:00,23.079999923706055,23.540000915527344,23.0,23.350000381469727,397100,0.0,0.0
2024-11-20 00:00:00-05:00,23.3700008392334,23.600000381469727,22.950000762939453,23.299999237060547,723600,0.0,0.0
2024-11-21 00:00:00-05:00,23.520000457763672,23.809999465942383,23.18000030517578,23.639999389648438,769700,0.0,0.0
2024-11-22 00:00:00-05:00,23.729999542236328,24.190000534057617,23.700000762939453,24.0,524400,0.0,0.0
2024-11-25 00:00:00-05:00,24.239999771118164,24.760000228881836,23.959999084472656,23.989999771118164,710200,0.0,0.0
2024-11-26 00:00:00-05:00,23.950000762939453,24.40999984741211,23.90999984741211,24.229999542236328,413180,0.0,0.0
