Date,Open,High,Low,Close,Volume,Dividends,Stock Splits
2022-01-03 00:00:00-05:00,65.37000274658203,67.33000183105469,65.12999725341797,66.04000091552734,1028700,0.0,0.0
2022-01-04 00:00:00-05:00,66.73999786376953,67.75,66.13999938964844,67.16000366210938,1018300,0.0,0.0
2022-01-05 00:00:00-05:00,67.72000122070312,67.72000122070312,64.77999877929688,65.33000183105469,1013600,0.0,0.0
2022-01-06 00:00:00-05:00,65.23999786376953,66.26000213623047,63.59000015258789,65.5999984741211,797300,0.0,0.0
2022-01-07 00:00:00-05:00,65.54000091552734,65.7699966430664,61.810001373291016,61.84000015258789,1430200,0.0,0.0
2022-01-10 00:00:00-05:00,60.880001068115234,61.36000061035156,57.060001373291016,58.41999816894531,2559400,0.0,0.0
2022-01-11 00:00:00-05:00,58.7400016784668,60.439998626708984,57.59000015258789,60.38999938964844,1262300,0.0,0.0
2022-01-12 00:00:00-05:00,59.81999969482422,61.150001525878906,59.29999923706055,60.029998779296875,859200,0.0,0.0
2022-01-13 00:00:00-05:00,60.209999084472656,62.209999084472656,60.16999816894531,60.9900016784668,1341300,0.0,0.0
2022-01-14 00:00:00-05:00,59.060001373291016,59.599998474121094,56.650001525878906,58.06999969482422,1924000,0.0,0.0
2022-01-18 00:00:00-05:00,57.45000076293945,57.70000076293945,56.5,57.08000183105469,1382000,0.0,0.0
2022-01-19 00:00:00-05:00,58.45000076293945,58.84000015258789,56.34000015258789,56.5,1482700,0.0,0.0
2022-01-20 00:00:00-05:00,56.5,57.779998779296875,54.060001373291016,54.310001373291016,1905200,0.0,0.0
2022-01-21 00:00:00-05:00,53.25,55.52000045776367,52.939998626708984,53.61000061035156,1792800,0.0,0.0
2022-01-24 00:00:00-05:00,52.52000045776367,56.470001220703125,51.45000076293945,56.290000915527344,2640700,0.0,0.0
2022-01-25 00:00:00-05:00,54.77000045776367,57.0,54.13999938964844,56.63999938964844,2064500,0.0,0.0
2022-01-26 00:00:00-05:00,57.310001373291016,58.09000015258789,53.91999816894531,54.68000030517578,2687100,0.0,0.0
2022-01-27 00:00:00-05:00,56.040000915527344,57.52000045776367,54.93000030517578,55.79999923706055,2730800,0.0,0.0
2022-01-28 00:00:00-05:00,55.40999984741211,57.08000183105469,53.29999923706055,57.06999969482422,1877700,0.0,0.0
2022-01-31 00:00:00-05:00,56.68000030517578,60.150001525878906,56.68000030517578,60.06999969482422,2724100,0.0,0.0
2022-02-01 00:00:00-05:00,60.95000076293945,61.77000045776367,59.7400016784668,61.4900016784668,3122800,0.0,0.0
2022-02-02 00:00:00-05:00,66.66000366210938,70.62999725341797,63.43000030517578,66.30000305175781,5960000,0.0,0.0
2022-02-03 00:00:00-05:00,67.5,68.1500015258789,64.01000213623047,64.5,3226400,0.0,0.0
2022-02-04 00:00:00-05:00,64.5,65.87000274658203,63.52000045776367,65.1500015258789,2823300,0.0,0.0
2022-02-07 00:00:00-05:00,65.20999908447266,66.0199966430664,64.04000091552734,64.83000183105469,1857600,0.0,0.0
2022-02-08 00:00:00-05:00,64.63999938964844,68.62000274658203,64.63999938964844,68.31999969482422,3201100,0.0,0.0
2022-02-09 00:00:00-05:00,68.72000122070312,70.69999694824219,68.72000122070312,69.95999908447266,1952900,0.0,0.0
2022-02-10 00:00:00-05:00,68.43000030517578,72.37000274658203,68.20999908447266,70.0,2457000,0.0,0.0
2022-02-11 00:00:00-05:00,69.55999755859375,69.76000213623047,66.62000274658203,67.12000274658203,2153000,0.0,0.0
2022-02-14 00:00:00-05:00,67.5,68.51000213623047,66.7699966430664,66.80000305175781,2158000,0.0,0.0
2022-02-15 00:00:00-05:00,68.18000030517578,70.25,68.18000030517578,69.94000244140625,2015300,0.0,0.0
2022-02-16 00:00:00-05:00,69.44999694824219,71.16999816894531,69.2699966430664,70.76000213623047,902700,0.0,0.0
2022-02-17 00:00:00-05:00,69.75,71.08000183105469,68.12999725341797,68.13999938964844,1708000,0.0,0.0
2022-02-18 00:00:00-05:00,68.06999969482422,69.26000213623047,67.1500015258789,67.80999755859375,1574500,0.0,0.0
2022-02-22 00:00:00-05:00,66.88999938964844,68.38999938964844,66.33000183105469,67.2699966430664,2454300,0.0,0.0
2022-02-23 00:00:00-05:00,68.02999877929688,68.13999938964844,66.20999908447266,67.0,2601500,0.0,0.0
2022-02-24 00:00:00-05:00,64.05000305175781,66.37999725341797,63.08000183105469,66.02999877929688,4247900,0.0,0.0
2022-02-25 00:00:00-05:00,65.97000122070312,69.01000213623047,65.97000122070312,68.97000122070312,1805500,0.0,0.0
2022-02-28 00:00:00-05:00,66.58999633789062,68.66999816894531,66.44999694824219,67.73999786376953,2584200,0.0,0.0
2022-03-01 00:00:00-05:00,66.87000274658203,67.7300033569336,65.52999877929688,66.47000122070312,7048700,0.0,0.0
2022-03-02 00:00:00-05:00,66.52999877929688,69.58000183105469,65.61000061035156,69.18000030517578,3315300,0.0,0.0
2022-03-03 00:00:00-05:00,68.9800033569336,69.6500015258789,63.97999954223633,64.4000015258789,2536800,0.0,0.0
2022-03-04 00:00:00-05:00,63.08000183105469,63.15999984741211,53.439998626708984,54.540000915527344,7335200,0.0,0.0
2022-03-07 00:00:00-05:00,52.54999923706055,53.54999923706055,46.15999984741211,46.15999984741211,9512500,0.0,0.0
2022-03-08 00:00:00-05:00,47.560001373291016,49.63999938964844,45.04999923706055,46.59000015258789,6832800,0.0,0.0
2022-03-09 00:00:00-05:00,50.150001525878906,52.09000015258789,49.16999816894531,50.38999938964844,7827700,0.0,0.0
2022-03-10 00:00:00-05:00,49.369998931884766,51.790000915527344,48.79999923706055,50.20000076293945,3014800,0.0,0.0
2022-03-11 00:00:00-05:00,50.54999923706055,50.88999938964844,48.79999923706055,49.31999969482422,2377200,0.0,0.0
2022-03-14 00:00:00-04:00,49.34000015258789,50.2400016784668,48.369998931884766,49.290000915527344,2158700,0.0,0.0
2022-03-15 00:00:00-04:00,49.0,51.06999969482422,48.689998626708984,50.15999984741211,2781000,0.0,0.0
2022-03-16 00:00:00-04:00,51.65999984741211,54.86000061035156,51.41999816894531,54.70000076293945,3320600,0.0,0.0
2022-03-17 00:00:00-04:00,54.34000015258789,55.540000915527344,53.27000045776367,55.31999969482422,1830300,0.0,0.0
2022-03-18 00:00:00-04:00,54.86000061035156,55.72999954223633,54.20000076293945,55.560001373291016,3110900,0.0,0.0
2022-03-21 00:00:00-04:00,55.77000045776367,55.84000015258789,54.040000915527344,54.52000045776367,1179700,0.0,0.0
2022-03-22 00:00:00-04:00,55.369998931884766,56.2599983215332,54.209999084472656,54.849998474121094,1339000,0.0,0.0
2022-03-23 00:00:00-04:00,54.31999969482422,54.56999969482422,53.41999816894531,53.66999816894531,1393900,0.0,0.0
2022-03-24 00:00:00-04:00,54.220001220703125,54.27000045776367,52.70000076293945,53.40999984741211,1318900,0.0,0.0
2022-03-25 00:00:00-04:00,53.790000915527344,54.709999084472656,53.5,53.880001068115234,1157000,0.0,0.0
2022-03-28 00:00:00-04:00,53.7400016784668,54.029998779296875,52.7400016784668,53.77000045776367,1374100,0.0,0.0
2022-03-29 00:00:00-04:00,55.61000061035156,57.97999954223633,55.38999938964844,56.86000061035156,2108200,0.0,0.0
2022-03-30 00:00:00-04:00,56.29999923706055,56.40999984741211,54.130001068115234,54.4900016784668,1327200,0.0,0.0
2022-03-31 00:00:00-04:00,53.52000045776367,53.77000045776367,51.36000061035156,51.38999938964844,1712900,0.0,0.0
2022-04-01 00:00:00-04:00,51.83000183105469,52.150001525878906,50.400001525878906,50.9900016784668,1578600,0.0,0.0
2022-04-04 00:00:00-04:00,50.81999969482422,51.61000061035156,50.279998779296875,50.709999084472656,2659600,0.0,0.0
2022-04-05 00:00:00-04:00,50.369998931884766,50.66999816894531,49.099998474121094,49.29999923706055,1513800,0.0,0.0
2022-04-06 00:00:00-04:00,48.43000030517578,48.63999938964844,46.7599983215332,48.02000045776367,1741100,0.0,0.0
2022-04-07 00:00:00-04:00,47.72999954223633,48.25,45.81999969482422,47.689998626708984,2339200,0.0,0.0
2022-04-08 00:00:00-04:00,47.27000045776367,48.70000076293945,46.529998779296875,47.86000061035156,2122000,0.0,0.0
2022-04-11 00:00:00-04:00,47.880001068115234,49.689998626708984,47.06999969482422,48.63999938964844,1876700,0.0,0.0
2022-04-12 00:00:00-04:00,49.369998931884766,50.97999954223633,49.060001373291016,49.650001525878906,2419800,0.0,0.0
2022-04-13 00:00:00-04:00,49.86000061035156,51.63999938964844,49.709999084472656,50.709999084472656,1735200,0.0,0.0
2022-04-14 00:00:00-04:00,50.689998626708984,51.66999816894531,49.7599983215332,49.79999923706055,1526800,0.0,0.0
2022-04-18 00:00:00-04:00,50.0,50.7400016784668,49.189998626708984,49.810001373291016,1112800,0.0,0.0
2022-04-19 00:00:00-04:00,50.25,52.52000045776367,49.95000076293945,52.13999938964844,1239200,0.0,0.0
2022-04-20 00:00:00-04:00,52.75,53.279998779296875,51.97999954223633,52.06999969482422,1320000,0.0,0.0
2022-04-21 00:00:00-04:00,53.0,53.29999923706055,49.97999954223633,50.689998626708984,1591500,0.0,0.0
2022-04-22 00:00:00-04:00,49.849998474121094,50.63999938964844,48.150001525878906,48.540000915527344,1450300,0.0,0.0
2022-04-25 00:00:00-04:00,47.91999816894531,48.689998626708984,46.93000030517578,48.650001525878906,2039100,0.0,0.0
2022-04-26 00:00:00-04:00,47.81999969482422,48.470001220703125,46.439998626708984,46.47999954223633,1843900,0.0,0.0
2022-04-27 00:00:00-04:00,45.7599983215332,48.36000061035156,45.5099983215332,47.43000030517578,1899900,0.0,0.0
2022-04-28 00:00:00-04:00,48.33000183105469,49.36000061035156,46.939998626708984,48.880001068115234,1281800,0.0,0.0
2022-04-29 00:00:00-04:00,48.650001525878906,50.0,47.34000015258789,47.70000076293945,1316300,0.0,0.0
2022-05-02 00:00:00-04:00,47.709999084472656,49.060001373291016,46.880001068115234,48.970001220703125,1662500,0.0,0.0
2022-05-03 00:00:00-04:00,49.16999816894531,49.61000061035156,47.31999969482422,48.20000076293945,1586200,0.0,0.0
2022-05-04 00:00:00-04:00,48.27000045776367,48.65999984741211,45.470001220703125,48.540000915527344,2855200,0.0,0.0
2022-05-05 00:00:00-04:00,47.97999954223633,47.97999954223633,44.34000015258789,44.97999954223633,2351800,0.0,0.0
2022-05-06 00:00:00-04:00,44.849998474121094,45.25,42.77000045776367,44.119998931884766,2384600,0.0,0.0
2022-05-09 00:00:00-04:00,43.349998474121094,43.88999938964844,41.08000183105469,41.38999938964844,2790400,0.0,0.0
2022-05-10 00:00:00-04:00,42.13999938964844,42.16999816894531,39.380001068115234,41.11000061035156,3522300,0.0,0.0
2022-05-11 00:00:00-04:00,41.040000915527344,41.369998931884766,36.900001525878906,37.310001373291016,5163000,0.0,0.0
2022-05-12 00:00:00-04:00,38.880001068115234,42.099998474121094,37.86000061035156,40.72999954223633,4596200,0.0,0.0
2022-05-13 00:00:00-04:00,41.349998474121094,43.40999984741211,41.2400016784668,43.0,2546400,0.0,0.0
2022-05-16 00:00:00-04:00,42.7400016784668,44.16999816894531,42.400001525878906,43.189998626708984,1562500,0.0,0.0
2022-05-17 00:00:00-04:00,44.380001068115234,45.54999923706055,43.540000915527344,45.09000015258789,3135900,0.0,0.0
2022-05-18 00:00:00-04:00,43.45000076293945,44.11000061035156,41.529998779296875,42.5,2815100,0.0,0.0
2022-05-19 00:00:00-04:00,41.79999923706055,43.400001525878906,41.2599983215332,42.650001525878906,2776400,0.0,0.0
2022-05-20 00:00:00-04:00,43.77000045776367,43.77000045776367,40.290000915527344,41.68000030517578,2032700,0.0,0.0
2022-05-23 00:00:00-04:00,42.20000076293945,42.619998931884766,40.95000076293945,42.13999938964844,2201900,0.0,0.0
2022-05-24 00:00:00-04:00,41.029998779296875,41.15999984741211,38.290000915527344,39.15999984741211,2867500,0.0,0.0
2022-05-25 00:00:00-04:00,38.58000183105469,42.9900016784668,38.56999969482422,42.88999938964844,3354300,0.0,0.0
2022-05-26 00:00:00-04:00,43.599998474121094,46.15999984741211,43.599998474121094,45.880001068115234,2806400,0.0,0.0
2022-05-27 00:00:00-04:00,45.77000045776367,47.619998931884766,45.68000030517578,47.56999969482422,2420700,0.0,0.0
2022-05-31 00:00:00-04:00,47.54999923706055,49.34000015258789,47.16999816894531,48.7400016784668,4138500,0.0,0.0
2022-06-01 00:00:00-04:00,51.29999923706055,51.349998474121094,48.58000183105469,49.27000045776367,5096200,0.0,0.0
2022-06-02 00:00:00-04:00,49.41999816894531,50.04999923706055,48.47999954223633,49.04999923706055,2684600,0.0,0.0
2022-06-03 00:00:00-04:00,48.099998474121094,50.470001220703125,47.86000061035156,49.70000076293945,2745100,0.0,0.0
2022-06-06 00:00:00-04:00,49.880001068115234,51.40999984741211,49.52000045776367,51.06999969482422,3326700,0.0,0.0
2022-06-07 00:00:00-04:00,49.790000915527344,52.2599983215332,49.54999923706055,52.130001068115234,2977000,0.0,0.0
2022-06-08 00:00:00-04:00,51.41999816894531,52.83000183105469,51.02000045776367,51.65999984741211,2347300,0.0,0.0
2022-06-09 00:00:00-04:00,50.83000183105469,51.47999954223633,50.290000915527344,50.400001525878906,2737700,0.0,0.0
2022-06-10 00:00:00-04:00,49.369998931884766,50.0099983215332,48.09000015258789,48.25,3377100,0.0,0.0
2022-06-13 00:00:00-04:00,46.529998779296875,46.9900016784668,43.54999923706055,45.68000030517578,4281500,0.0,0.0
2022-06-14 00:00:00-04:00,45.540000915527344,47.38999938964844,45.540000915527344,46.380001068115234,3773700,0.0,0.0
2022-06-15 00:00:00-04:00,47.38999938964844,48.52000045776367,46.31999969482422,47.40999984741211,5317500,0.0,0.0
2022-06-16 00:00:00-04:00,45.459999084472656,45.95000076293945,42.77000045776367,43.66999816894531,3335600,0.0,0.0
2022-06-17 00:00:00-04:00,43.56999969482422,45.560001373291016,43.29999923706055,45.0,2687300,0.0,0.0
2022-06-21 00:00:00-04:00,46.36000061035156,46.52000045776367,44.58000183105469,44.869998931884766,2608500,0.0,0.0
2022-06-22 00:00:00-04:00,43.959999084472656,44.75,43.16999816894531,43.7599983215332,2350200,0.0,0.0
2022-06-23 00:00:00-04:00,44.25,44.650001525878906,43.2599983215332,44.11000061035156,2391600,0.0,0.0
2022-06-24 00:00:00-04:00,44.939998626708984,46.849998474121094,44.720001220703125,46.02000045776367,3171600,0.0,0.0
2022-06-27 00:00:00-04:00,46.220001220703125,46.56999969482422,44.2599983215332,44.709999084472656,2433800,0.0,0.0
2022-06-28 00:00:00-04:00,45.52000045776367,46.459999084472656,44.150001525878906,44.25,1109800,0.0,0.0
2022-06-29 00:00:00-04:00,44.02000045776367,44.02000045776367,41.41999816894531,42.04999923706055,1939800,0.0,0.0
2022-06-30 00:00:00-04:00,40.84000015258789,41.630001068115234,39.97999954223633,41.0099983215332,1979400,0.0,0.0
2022-07-01 00:00:00-04:00,40.689998626708984,41.619998931884766,39.720001220703125,41.22999954223633,1775000,0.0,0.0
2022-07-05 00:00:00-04:00,40.18000030517578,42.0099983215332,39.90999984741211,41.959999084472656,2336300,0.0,0.0
2022-07-06 00:00:00-04:00,41.650001525878906,42.380001068115234,40.290000915527344,41.58000183105469,1786200,0.0,0.0
2022-07-07 00:00:00-04:00,42.31999969482422,43.5,41.97999954223633,43.119998931884766,1879600,0.0,0.0
2022-07-08 00:00:00-04:00,43.13999938964844,43.27000045776367,41.84000015258789,43.040000915527344,1273600,0.0,0.0
2022-07-11 00:00:00-04:00,42.31999969482422,42.900001525878906,41.2599983215332,41.709999084472656,1266700,0.0,0.0
2022-07-12 00:00:00-04:00,41.2400016784668,43.40999984741211,41.2400016784668,42.77000045776367,1908900,0.0,0.0
2022-07-13 00:00:00-04:00,42.0,42.77000045776367,41.630001068115234,42.630001068115234,1964000,0.0,0.0
2022-07-14 00:00:00-04:00,41.650001525878906,42.0099983215332,40.40999984741211,41.939998626708984,2219100,0.0,0.0
2022-07-15 00:00:00-04:00,42.34000015258789,42.81999969482422,40.900001525878906,42.709999084472656,1752800,0.0,0.0
2022-07-18 00:00:00-04:00,43.599998474121094,45.11000061035156,43.439998626708984,43.58000183105469,2767300,0.0,0.0
2022-07-19 00:00:00-04:00,44.619998931884766,46.779998779296875,44.40999984741211,46.290000915527344,2644200,0.0,0.0
2022-07-20 00:00:00-04:00,46.0,48.380001068115234,45.13999938964844,48.18000030517578,3861100,0.0,0.0
2022-07-21 00:00:00-04:00,47.84000015258789,48.63999938964844,46.400001525878906,48.40999984741211,1920400,0.0,0.0
2022-07-22 00:00:00-04:00,48.650001525878906,49.08000183105469,46.9900016784668,47.72999954223633,1991600,0.0,0.0
2022-07-25 00:00:00-04:00,48.70000076293945,49.0,47.36000061035156,48.41999816894531,1404100,0.0,0.0
2022-07-26 00:00:00-04:00,47.439998626708984,47.84000015258789,46.04999923706055,46.11000061035156,1982500,0.0,0.0
2022-07-27 00:00:00-04:00,46.4900016784668,48.529998779296875,46.040000915527344,48.34000015258789,1422000,0.0,0.0
2022-07-28 00:00:00-04:00,49.29999923706055,49.310001373291016,47.34000015258789,48.630001068115234,2184300,0.0,0.0
2022-07-29 00:00:00-04:00,48.5,48.97999954223633,47.79999923706055,48.68000030517578,1916500,0.0,0.0
2022-08-01 00:00:00-04:00,48.06999969482422,49.93000030517578,47.849998474121094,49.09000015258789,1402500,0.0,0.0
2022-08-02 00:00:00-04:00,48.459999084472656,48.81999969482422,47.7599983215332,47.959999084472656,1646500,0.0,0.0
2022-08-03 00:00:00-04:00,48.2599983215332,49.66999816894531,48.2599983215332,49.400001525878906,1058100,0.0,0.0
2022-08-04 00:00:00-04:00,49.209999084472656,49.439998626708984,48.540000915527344,49.33000183105469,1052300,0.0,0.0
2022-08-05 00:00:00-04:00,48.52000045776367,49.880001068115234,48.52000045776367,49.599998474121094,1139800,0.0,0.0
2022-08-08 00:00:00-04:00,50.150001525878906,51.77000045776367,50.06999969482422,50.9900016784668,2398600,0.0,0.0
2022-08-09 00:00:00-04:00,51.0099983215332,51.0099983215332,47.869998931884766,48.59000015258789,2713700,0.0,0.0
2022-08-10 00:00:00-04:00,50.31999969482422,51.83000183105469,49.939998626708984,50.04999923706055,2080700,0.0,0.0
2022-08-11 00:00:00-04:00,50.880001068115234,52.59000015258789,50.689998626708984,50.79999923706055,1692600,0.0,0.0
2022-08-12 00:00:00-04:00,51.040000915527344,51.849998474121094,50.72999954223633,51.599998474121094,1485100,0.0,0.0
2022-08-15 00:00:00-04:00,51.0099983215332,52.02000045776367,50.77000045776367,51.97999954223633,1426500,0.0,0.0
2022-08-16 00:00:00-04:00,51.79999923706055,53.88999938964844,51.79999923706055,53.459999084472656,2378200,0.0,0.0
2022-08-17 00:00:00-04:00,52.560001373291016,54.380001068115234,52.0,53.79999923706055,3089100,0.0,0.0
2022-08-18 00:00:00-04:00,53.66999816894531,54.31999969482422,52.869998931884766,53.849998474121094,1356900,0.0,0.0
2022-08-19 00:00:00-04:00,53.369998931884766,53.54999923706055,51.59000015258789,51.900001525878906,1690900,0.0,0.0
2022-08-22 00:00:00-04:00,50.4900016784668,50.70000076293945,49.43000030517578,49.81999969482422,2144200,0.0,0.0
2022-08-23 00:00:00-04:00,50.20000076293945,51.77000045776367,50.11000061035156,50.4900016784668,1624300,0.0,0.0
2022-08-24 00:00:00-04:00,50.439998626708984,51.16999816894531,49.869998931884766,50.7599983215332,1329100,0.0,0.0
2022-08-25 00:00:00-04:00,50.7599983215332,52.869998931884766,50.5,51.83000183105469,1460200,0.0,0.0
2022-08-26 00:00:00-04:00,52.2400016784668,52.279998779296875,49.33000183105469,49.38999938964844,1597500,0.0,0.0
2022-08-29 00:00:00-04:00,48.36000061035156,49.650001525878906,48.130001068115234,49.08000183105469,1435000,0.0,0.0
2022-08-30 00:00:00-04:00,49.95000076293945,50.18000030517578,48.66999816894531,49.150001525878906,1731400,0.0,0.0
2022-08-31 00:00:00-04:00,48.91999816894531,49.08000183105469,47.060001373291016,47.18000030517578,2336000,0.0,0.0
2022-09-01 00:00:00-04:00,46.34000015258789,47.86000061035156,45.56999969482422,47.5,2427700,0.0,0.0
2022-09-02 00:00:00-04:00,48.060001373291016,48.790000915527344,47.09000015258789,47.790000915527344,2120500,0.0,0.0
2022-09-06 00:00:00-04:00,48.0,48.310001373291016,45.650001525878906,46.20000076293945,2219200,0.0,0.0
2022-09-07 00:00:00-04:00,45.939998626708984,48.08000183105469,45.939998626708984,47.91999816894531,1665000,0.0,0.0
2022-09-08 00:00:00-04:00,47.119998931884766,48.369998931884766,46.369998931884766,48.290000915527344,1726400,0.0,0.0
2022-09-09 00:00:00-04:00,49.130001068115234,50.11000061035156,48.93000030517578,49.77000045776367,2002200,0.0,0.0
2022-09-12 00:00:00-04:00,50.54999923706055,52.08000183105469,50.47999954223633,50.81999969482422,2527600,0.0,0.0
2022-09-13 00:00:00-04:00,48.540000915527344,49.630001068115234,47.7400016784668,48.0,2624500,0.0,0.0
2022-09-14 00:00:00-04:00,48.02000045776367,48.02000045776367,45.97999954223633,46.36000061035156,2127700,0.0,0.0
2022-09-15 00:00:00-04:00,45.91999816894531,47.56999969482422,45.91999816894531,46.130001068115234,1603500,0.0,0.0
2022-09-16 00:00:00-04:00,45.439998626708984,46.09000015258789,44.2599983215332,44.4900016784668,5879900,0.0,0.0
2022-09-19 00:00:00-04:00,44.25,45.720001220703125,44.0,45.209999084472656,1720900,0.0,0.0
2022-09-20 00:00:00-04:00,44.560001373291016,45.33000183105469,43.439998626708984,43.86000061035156,1608400,0.0,0.0
2022-09-21 00:00:00-04:00,44.11000061035156,45.0,43.349998474121094,43.369998931884766,1161300,0.0,0.0
2022-09-22 00:00:00-04:00,43.459999084472656,43.56999969482422,42.060001373291016,42.27000045776367,1429200,0.0,0.0
2022-09-23 00:00:00-04:00,41.290000915527344,41.560001373291016,39.75,40.189998626708984,2389600,0.0,0.0
2022-09-26 00:00:00-04:00,39.9900016784668,40.41999816894531,38.4900016784668,38.65999984741211,2527700,0.0,0.0
2022-09-27 00:00:00-04:00,39.27000045776367,39.869998931884766,38.13999938964844,38.75,1980900,0.0,0.0
2022-09-28 00:00:00-04:00,38.86000061035156,40.16999816894531,38.720001220703125,39.77000045776367,1253700,0.0,0.0
2022-09-29 00:00:00-04:00,38.880001068115234,39.220001220703125,38.15999984741211,39.20000076293945,1470600,0.0,0.0
2022-09-30 00:00:00-04:00,38.130001068115234,39.650001525878906,37.400001525878906,38.439998626708984,2142800,0.0,0.0
2022-10-03 00:00:00-04:00,39.150001525878906,40.470001220703125,38.4900016784668,40.119998931884766,1619900,0.0,0.0
2022-10-04 00:00:00-04:00,41.90999984741211,43.34000015258789,41.47999954223633,43.310001373291016,1887700,0.0,0.0
2022-10-05 00:00:00-04:00,42.400001525878906,44.29999923706055,42.38999938964844,43.900001525878906,1557500,0.0,0.0
2022-10-06 00:00:00-04:00,43.56999969482422,44.4900016784668,43.349998474121094,43.599998474121094,875300,0.0,0.0
2022-10-07 00:00:00-04:00,42.599998474121094,42.88999938964844,41.38999938964844,42.0,1480500,0.0,0.0
2022-10-10 00:00:00-04:00,42.0099983215332,42.41999816894531,40.349998474121094,41.220001220703125,1313500,0.0,0.0
2022-10-11 00:00:00-04:00,41.209999084472656,43.08000183105469,40.9900016784668,42.150001525878906,1980300,0.0,0.0
2022-10-12 00:00:00-04:00,42.22999954223633,42.619998931884766,41.349998474121094,42.220001220703125,936700,0.0,0.0
2022-10-13 00:00:00-04:00,41.11000061035156,42.79999923706055,40.209999084472656,41.939998626708984,1549100,0.0,0.0
2022-10-14 00:00:00-04:00,42.38999938964844,43.06999969482422,41.13999938964844,41.189998626708984,952200,0.0,0.0
2022-10-17 00:00:00-04:00,42.459999084472656,43.52000045776367,42.310001373291016,43.27000045776367,2284400,0.0,0.0
2022-10-18 00:00:00-04:00,44.0,44.84000015258789,43.560001373291016,44.27000045776367,2489800,0.0,0.0
2022-10-19 00:00:00-04:00,43.7599983215332,44.36000061035156,42.31999969482422,42.77000045776367,1858300,0.0,0.0
2022-10-20 00:00:00-04:00,43.15999984741211,44.58000183105469,42.22999954223633,42.5,1683900,0.0,0.0
2022-10-21 00:00:00-04:00,42.36000061035156,44.04999923706055,41.97999954223633,43.9900016784668,1419100,0.0,0.0
2022-10-24 00:00:00-04:00,43.83000183105469,43.91999816894531,42.380001068115234,43.189998626708984,2788100,0.0,0.0
2022-10-25 00:00:00-04:00,43.20000076293945,45.90999984741211,43.130001068115234,45.58000183105469,3009300,0.0,0.0
2022-10-26 00:00:00-04:00,45.38999938964844,46.58000183105469,44.529998779296875,45.529998779296875,1189100,0.0,0.0
2022-10-27 00:00:00-04:00,46.099998474121094,46.599998474121094,44.93000030517578,45.599998474121094,975000,0.0,0.0
2022-10-28 00:00:00-04:00,45.5099983215332,46.34000015258789,45.04999923706055,46.130001068115234,1054800,0.0,0.0
2022-10-31 00:00:00-04:00,45.849998474121094,46.20000076293945,45.29999923706055,45.68000030517578,1272900,0.0,0.0
2022-11-01 00:00:00-04:00,47.09000015258789,47.41999816894531,45.720001220703125,46.5,1052800,0.0,0.0
2022-11-02 00:00:00-04:00,46.09000015258789,46.41999816894531,44.25,44.279998779296875,1474700,0.0,0.0
2022-11-03 00:00:00-04:00,43.86000061035156,44.939998626708984,43.060001373291016,44.52000045776367,1580200,0.0,0.0
2022-11-04 00:00:00-04:00,45.90999984741211,48.040000915527344,45.90999984741211,47.650001525878906,2689400,0.0,0.0
2022-11-07 00:00:00-05:00,47.83000183105469,47.91999816894531,45.93000030517578,47.0099983215332,1485500,0.0,0.0
2022-11-08 00:00:00-05:00,47.560001373291016,48.25,46.27000045776367,46.93000030517578,3615400,0.0,0.0
2022-11-09 00:00:00-05:00,47.20000076293945,49.650001525878906,44.75,44.86000061035156,4652700,0.0,0.0
2022-11-10 00:00:00-05:00,47.0,49.599998474121094,46.209999084472656,49.04999923706055,2833400,0.0,0.0
2022-11-11 00:00:00-05:00,49.61000061035156,54.220001220703125,49.34000015258789,53.7599983215332,3529800,0.0,0.0
2022-11-14 00:00:00-05:00,52.849998474121094,53.33000183105469,51.95000076293945,52.04999923706055,1895700,0.0,0.0
2022-11-15 00:00:00-05:00,53.599998474121094,54.90999984741211,52.619998931884766,54.0099983215332,2309900,0.0,0.0
2022-11-16 00:00:00-05:00,52.400001525878906,52.779998779296875,51.25,52.56999969482422,1623600,0.0,0.0
2022-11-17 00:00:00-05:00,51.66999816894531,53.34000015258789,51.18000030517578,53.290000915527344,1242800,0.0,0.0
2022-11-18 00:00:00-05:00,54.0,54.040000915527344,51.77000045776367,52.58000183105469,1462900,0.0,0.0
2022-11-21 00:00:00-05:00,51.86000061035156,52.25,51.279998779296875,51.5,1208600,0.0,0.0
2022-11-22 00:00:00-05:00,52.25,53.34000015258789,51.959999084472656,53.290000915527344,1678900,0.0,0.0
2022-11-23 00:00:00-05:00,53.09000015258789,53.79999923706055,52.52000045776367,53.43000030517578,1212400,0.0,0.0
2022-11-25 00:00:00-05:00,53.2599983215332,53.83000183105469,53.029998779296875,53.29999923706055,599900,0.0,0.0
2022-11-28 00:00:00-05:00,52.709999084472656,54.13999938964844,52.41999816894531,54.08000183105469,1839600,0.0,0.0
2022-11-29 00:00:00-05:00,54.650001525878906,56.040000915527344,54.650001525878906,55.83000183105469,1654200,0.0,0.0
2022-11-30 00:00:00-05:00,55.7599983215332,57.720001220703125,55.41999816894531,57.349998474121094,2289700,0.0,0.0
2022-12-01 00:00:00-05:00,57.470001220703125,59.369998931884766,57.349998474121094,58.70000076293945,2494800,0.0,0.0
2022-12-02 00:00:00-05:00,57.790000915527344,59.119998931884766,57.56999969482422,59.08000183105469,2285000,0.0,0.0
2022-12-05 00:00:00-05:00,58.099998474121094,58.540000915527344,57.08000183105469,58.290000915527344,1986400,0.0,0.0
2022-12-06 00:00:00-05:00,58.68000030517578,58.869998931884766,56.91999816894531,57.900001525878906,1916600,0.0,0.0
2022-12-07 00:00:00-05:00,57.599998474121094,57.93000030517578,56.81999969482422,57.45000076293945,1733200,0.0,0.0
2022-12-08 00:00:00-05:00,58.04999923706055,59.189998626708984,57.65999984741211,58.880001068115234,1696900,0.0,0.0
2022-12-09 00:00:00-05:00,58.20000076293945,58.869998931884766,56.959999084472656,57.0099983215332,1852800,0.0,0.0
2022-12-12 00:00:00-05:00,57.40999984741211,58.099998474121094,56.400001525878906,58.029998779296875,2076300,0.0,0.0
2022-12-13 00:00:00-05:00,60.0099983215332,60.61000061035156,58.119998931884766,58.63999938964844,2083900,0.0,0.0
2022-12-14 00:00:00-05:00,58.599998474121094,59.369998931884766,57.720001220703125,58.779998779296875,1835800,0.0,0.0
2022-12-15 00:00:00-05:00,57.2400016784668,58.58000183105469,56.54999923706055,58.22999954223633,2728300,0.0,0.0
2022-12-16 00:00:00-05:00,57.40999984741211,57.75,56.619998931884766,57.369998931884766,5281500,0.0,0.0
2022-12-19 00:00:00-05:00,57.70000076293945,57.70000076293945,55.65999984741211,55.75,2133400,0.0,0.0
2022-12-20 00:00:00-05:00,55.650001525878906,56.18000030517578,55.150001525878906,55.41999816894531,1102100,0.0,0.0
2022-12-21 00:00:00-05:00,56.66999816894531,57.209999084472656,56.2400016784668,57.150001525878906,1322500,0.0,0.0
2022-12-22 00:00:00-05:00,56.279998779296875,56.79999923706055,55.0,55.959999084472656,1151500,0.0,0.0
2022-12-23 00:00:00-05:00,55.720001220703125,55.959999084472656,55.220001220703125,55.70000076293945,801600,0.0,0.0
2022-12-27 00:00:00-05:00,55.869998931884766,56.7400016784668,55.45000076293945,56.43000030517578,813700,0.0,0.0
2022-12-28 00:00:00-05:00,56.25,56.5,54.849998474121094,55.56999969482422,1287400,0.0,0.0
2022-12-29 00:00:00-05:00,55.939998626708984,57.31999969482422,55.560001373291016,57.20000076293945,1211200,0.0,0.0
2022-12-30 00:00:00-05:00,56.349998474121094,57.38999938964844,56.040000915527344,57.31999969482422,978700,0.0,0.0
2023-01-03 00:00:00-05:00,58.77000045776367,59.119998931884766,57.709999084472656,57.77000045776367,1607800,0.0,0.0
2023-01-04 00:00:00-05:00,58.47999954223633,60.619998931884766,58.25,60.06999969482422,1825100,0.0,0.0
2023-01-05 00:00:00-05:00,59.38999938964844,60.33000183105469,58.83000183105469,60.06999969482422,1368400,0.0,0.0
2023-01-06 00:00:00-05:00,60.66999816894531,61.810001373291016,60.459999084472656,61.400001525878906,1288600,0.0,0.0
2023-01-09 00:00:00-05:00,61.54999923706055,61.93000030517578,60.29999923706055,61.27000045776367,1970600,0.0,0.0
2023-01-10 00:00:00-05:00,60.97999954223633,62.380001068115234,60.66999816894531,62.2400016784668,1080600,0.0,0.0
2023-01-11 00:00:00-05:00,62.849998474121094,63.5,62.290000915527344,63.20000076293945,1420100,0.0,0.0
2023-01-12 00:00:00-05:00,63.29999923706055,63.81999969482422,62.810001373291016,63.72999954223633,1089200,0.0,0.0
2023-01-13 00:00:00-05:00,62.959999084472656,64.37999725341797,62.939998626708984,64.2300033569336,1046300,0.0,0.0
2023-01-17 00:00:00-05:00,63.7599983215332,64.27999877929688,63.18000030517578,63.36000061035156,1304100,0.0,0.0
2023-01-18 00:00:00-05:00,64.08999633789062,64.62000274658203,63.2400016784668,63.36000061035156,1091200,0.0,0.0
2023-01-19 00:00:00-05:00,62.380001068115234,62.599998474121094,61.20000076293945,61.540000915527344,1255700,0.0,0.0
2023-01-20 00:00:00-05:00,61.70000076293945,63.279998779296875,61.41999816894531,63.16999816894531,1049800,0.0,0.0
2023-01-23 00:00:00-05:00,63.29999923706055,64.5199966430664,62.97999954223633,64.41000366210938,1616800,0.0,0.0
2023-01-24 00:00:00-05:00,64.41000366210938,64.55999755859375,63.619998931884766,64.0199966430664,1115300,0.0,0.0
2023-01-25 00:00:00-05:00,63.36000061035156,63.97999954223633,62.619998931884766,63.66999816894531,1237000,0.0,0.0
2023-01-26 00:00:00-05:00,64.44999694824219,64.63999938964844,63.13999938964844,64.1500015258789,1258100,0.0,0.0
2023-01-27 00:00:00-05:00,63.59000015258789,64.72000122070312,63.540000915527344,64.63999938964844,1142000,0.0,0.0
2023-01-30 00:00:00-05:00,63.630001068115234,64.69999694824219,63.47999954223633,64.41000366210938,1332400,0.0,0.0
2023-01-31 00:00:00-05:00,64.9000015258789,67.11000061035156,64.7300033569336,66.48999786376953,2036300,0.0,0.0
2023-02-01 00:00:00-05:00,66.70999908447266,68.66999816894531,66.0999984741211,68.37999725341797,1580200,0.0,0.0
2023-02-02 00:00:00-05:00,68.55999755859375,69.20999908447266,67.27999877929688,68.02999877929688,1674700,0.0,0.0
2023-02-03 00:00:00-05:00,66.83999633789062,69.25,66.43000030517578,67.95999908447266,1487600,0.0,0.0
2023-02-06 00:00:00-05:00,67.11000061035156,67.5999984741211,65.68000030517578,66.11000061035156,1563000,0.0,0.0
2023-02-07 00:00:00-05:00,65.69000244140625,67.05999755859375,65.01000213623047,66.36000061035156,1928600,0.0,0.0
2023-02-08 00:00:00-05:00,52.869998931884766,53.0,47.400001525878906,50.709999084472656,21846400,0.0,0.0
2023-02-09 00:00:00-05:00,51.34000015258789,52.84000015258789,48.720001220703125,49.439998626708984,8136500,0.0,0.0
2023-02-10 00:00:00-05:00,48.650001525878906,50.220001220703125,48.220001220703125,49.849998474121094,4363900,0.0,0.0
2023-02-13 00:00:00-05:00,49.529998779296875,51.400001525878906,49.25,51.209999084472656,3915800,0.0,0.0
2023-02-14 00:00:00-05:00,50.54999923706055,52.16999816894531,50.540000915527344,51.20000076293945,3112600,0.0,0.0
2023-02-15 00:00:00-05:00,50.630001068115234,51.68000030517578,50.31999969482422,51.2400016784668,2441600,0.0,0.0
2023-02-16 00:00:00-05:00,50.34000015258789,51.150001525878906,50.2599983215332,50.38999938964844,2801200,0.0,0.0
2023-02-17 00:00:00-05:00,49.95000076293945,50.91999816894531,49.84000015258789,50.31999969482422,2496200,0.0,0.0
2023-02-21 00:00:00-05:00,49.279998779296875,49.86000061035156,48.27000045776367,48.310001373291016,2489300,0.0,0.0
2023-02-22 00:00:00-05:00,48.720001220703125,49.7599983215332,48.349998474121094,49.47999954223633,1862800,0.0,0.0
2023-02-23 00:00:00-05:00,50.0,50.369998931884766,49.33000183105469,50.04999923706055,2014400,0.0,0.0
2023-02-24 00:00:00-05:00,49.189998626708984,50.40999984741211,49.0,50.209999084472656,2114100,0.0,0.0
2023-02-27 00:00:00-05:00,50.77000045776367,50.880001068115234,49.77000045776367,49.9900016784668,2234100,0.0,0.0
2023-02-28 00:00:00-05:00,50.220001220703125,50.54999923706055,49.56999969482422,49.56999969482422,2782100,0.0,0.0
2023-03-01 00:00:00-05:00,49.939998626708984,50.70000076293945,48.9900016784668,49.27000045776367,3035700,0.0,0.0
2023-03-02 00:00:00-05:00,48.84000015258789,49.90999984741211,48.689998626708984,49.77000045776367,1942800,0.0,0.0
2023-03-03 00:00:00-05:00,50.0099983215332,50.099998474121094,49.279998779296875,49.779998779296875,2209200,0.0,0.0
2023-03-06 00:00:00-05:00,49.83000183105469,49.900001525878906,47.90999984741211,48.09000015258789,3981900,0.0,0.0
2023-03-07 00:00:00-05:00,48.130001068115234,48.63999938964844,47.13999938964844,47.27000045776367,3403200,0.0,0.0
2023-03-08 00:00:00-05:00,47.130001068115234,47.29999923706055,46.31999969482422,46.400001525878906,3218100,0.0,0.0
2023-03-09 00:00:00-05:00,46.40999984741211,46.40999984741211,44.09000015258789,44.22999954223633,4283500,0.0,0.0
2023-03-10 00:00:00-05:00,44.220001220703125,44.220001220703125,42.02000045776367,42.880001068115234,4996200,0.0,0.0
2023-03-13 00:00:00-04:00,41.68000030517578,42.11000061035156,40.52000045776367,40.9900016784668,5335600,0.0,0.0
2023-03-14 00:00:00-04:00,42.310001373291016,42.7599983215332,41.529998779296875,41.959999084472656,3120200,0.0,0.0
2023-03-15 00:00:00-04:00,40.34000015258789,41.540000915527344,40.22999954223633,41.400001525878906,3671000,0.0,0.0
2023-03-16 00:00:00-04:00,40.63999938964844,42.34000015258789,40.54999923706055,41.84000015258789,2440100,0.0,0.0
2023-03-17 00:00:00-04:00,41.31999969482422,42.7599983215332,40.689998626708984,42.40999984741211,6584700,0.0,0.0
2023-03-20 00:00:00-04:00,42.86000061035156,43.66999816894531,42.459999084472656,42.849998474121094,3387400,0.0,0.0
2023-03-21 00:00:00-04:00,44.2599983215332,45.33000183105469,43.90999984741211,44.18000030517578,3382400,0.0,0.0
2023-03-22 00:00:00-04:00,44.099998474121094,44.86000061035156,43.27000045776367,43.34000015258789,2362400,0.0,0.0
2023-03-23 00:00:00-04:00,43.81999969482422,44.43000030517578,42.599998474121094,43.41999816894531,2007200,0.0,0.0
2023-03-24 00:00:00-04:00,42.849998474121094,43.7400016784668,42.77000045776367,43.40999984741211,1901500,0.0,0.0
2023-03-27 00:00:00-04:00,43.91999816894531,43.91999816894531,43.130001068115234,43.529998779296875,1453800,0.0,0.0
2023-03-28 00:00:00-04:00,43.91999816894531,45.279998779296875,43.540000915527344,44.779998779296875,1735600,0.0,0.0
2023-03-29 00:00:00-04:00,45.290000915527344,45.970001220703125,44.7599983215332,45.869998931884766,2209400,0.0,0.0
2023-03-30 00:00:00-04:00,46.7400016784668,47.119998931884766,45.779998779296875,45.83000183105469,1461400,0.0,0.0
2023-03-31 00:00:00-04:00,46.400001525878906,47.13999938964844,46.220001220703125,47.0,1599700,0.0,0.0
2023-04-03 00:00:00-04:00,47.36000061035156,47.5,46.2599983215332,47.029998779296875,1188700,0.0,0.0
2023-04-04 00:00:00-04:00,47.29999923706055,47.29999923706055,45.540000915527344,45.97999954223633,1228100,0.0,0.0
2023-04-05 00:00:00-04:00,45.04999923706055,45.29999923706055,44.099998474121094,44.63999938964844,2168300,0.0,0.0
2023-04-06 00:00:00-04:00,44.220001220703125,44.38999938964844,42.779998779296875,42.880001068115234,2908800,0.0,0.0
2023-04-10 00:00:00-04:00,42.720001220703125,43.86000061035156,42.400001525878906,43.56999969482422,1706400,0.0,0.0
2023-04-11 00:00:00-04:00,43.650001525878906,44.119998931884766,43.290000915527344,43.72999954223633,1729900,0.0,0.0
2023-04-12 00:00:00-04:00,44.349998474121094,44.58000183105469,42.880001068115234,42.970001220703125,2981600,0.0,0.0
2023-04-13 00:00:00-04:00,43.380001068115234,44.27000045776367,42.970001220703125,43.970001220703125,1782400,0.0,0.0
2023-04-14 00:00:00-04:00,44.06999969482422,44.810001373291016,43.869998931884766,44.5,1658200,0.0,0.0
2023-04-17 00:00:00-04:00,44.779998779296875,44.779998779296875,43.849998474121094,44.25,2247900,0.0,0.0
2023-04-18 00:00:00-04:00,44.689998626708984,45.0,43.959999084472656,44.97999954223633,2009600,0.0,0.0
2023-04-19 00:00:00-04:00,44.70000076293945,45.27000045776367,44.58000183105469,45.209999084472656,1270000,0.0,0.0
2023-04-20 00:00:00-04:00,45.58000183105469,46.810001373291016,45.56999969482422,45.689998626708984,1704900,0.0,0.0
2023-04-21 00:00:00-04:00,45.70000076293945,45.81999969482422,45.11000061035156,45.33000183105469,1130200,0.0,0.0
2023-04-24 00:00:00-04:00,45.29999923706055,45.43000030517578,44.7599983215332,45.0,1517400,0.0,0.0
2023-04-25 00:00:00-04:00,43.0099983215332,43.81999969482422,42.400001525878906,42.41999816894531,3275800,0.0,0.0
2023-04-26 00:00:00-04:00,42.54999923706055,42.689998626708984,41.290000915527344,41.380001068115234,2233200,0.0,0.0
2023-04-27 00:00:00-04:00,41.599998474121094,41.939998626708984,41.099998474121094,41.400001525878906,2136000,0.0,0.0
2023-04-28 00:00:00-04:00,41.130001068115234,41.59000015258789,40.970001220703125,41.5,2071100,0.0,0.0
2023-05-01 00:00:00-04:00,41.459999084472656,41.91999816894531,41.15999984741211,41.36000061035156,1961200,0.0,0.0
2023-05-02 00:00:00-04:00,40.38999938964844,40.66999816894531,38.88999938964844,39.790000915527344,2611000,0.0,0.0
2023-05-03 00:00:00-04:00,39.599998474121094,40.09000015258789,39.08000183105469,39.189998626708984,2289200,0.0,0.0
2023-05-04 00:00:00-04:00,39.0099983215332,39.11000061035156,37.130001068115234,37.349998474121094,2934000,0.0,0.0
2023-05-05 00:00:00-04:00,38.099998474121094,38.650001525878906,37.59000015258789,38.310001373291016,2488400,0.0,0.0
2023-05-08 00:00:00-04:00,38.7599983215332,38.939998626708984,37.439998626708984,37.790000915527344,2197200,0.0,0.0
2023-05-09 00:00:00-04:00,37.34000015258789,37.560001373291016,36.77000045776367,37.279998779296875,2410100,0.0,0.0
2023-05-10 00:00:00-04:00,37.93000030517578,38.040000915527344,36.400001525878906,36.95000076293945,2391300,0.0,0.0
2023-05-11 00:00:00-04:00,37.4900016784668,38.66999816894531,37.400001525878906,38.130001068115234,3483500,0.0,0.0
2023-05-12 00:00:00-04:00,38.349998474121094,39.220001220703125,38.29999923706055,39.220001220703125,2685900,0.0,0.0
2023-05-15 00:00:00-04:00,39.56999969482422,40.63999938964844,39.459999084472656,40.25,2456000,0.0,0.0
2023-05-16 00:00:00-04:00,39.7400016784668,40.029998779296875,38.77000045776367,39.099998474121094,2100200,0.0,0.0
2023-05-17 00:00:00-04:00,39.11000061035156,40.63999938964844,38.95000076293945,40.45000076293945,1637300,0.0,0.0
2023-05-18 00:00:00-04:00,40.630001068115234,41.290000915527344,40.5,41.040000915527344,1584200,0.0,0.0
2023-05-19 00:00:00-04:00,40.54999923706055,40.630001068115234,38.900001525878906,39.540000915527344,2113900,0.0,0.0
2023-05-22 00:00:00-04:00,39.560001373291016,39.86000061035156,39.150001525878906,39.470001220703125,1768800,0.0,0.0
2023-05-23 00:00:00-04:00,39.0099983215332,39.779998779296875,38.5099983215332,39.130001068115234,1689300,0.0,0.0
2023-05-24 00:00:00-04:00,39.09000015258789,39.72999954223633,38.2400016784668,39.369998931884766,1970100,0.0,0.0
2023-05-25 00:00:00-04:00,39.5099983215332,40.18000030517578,38.95000076293945,39.209999084472656,2198500,0.0,0.0
2023-05-26 00:00:00-04:00,39.08000183105469,40.470001220703125,39.02000045776367,39.970001220703125,2362400,0.0,0.0
2023-05-30 00:00:00-04:00,40.58000183105469,41.04999923706055,39.36000061035156,39.58000183105469,4186700,0.0,0.0
2023-05-31 00:00:00-04:00,38.58000183105469,38.61000061035156,34.58000183105469,35.099998474121094,9815700,0.0,0.0
2023-06-01 00:00:00-04:00,35.20000076293945,35.349998474121094,34.25,34.43000030517578,4859400,0.0,0.0
2023-06-02 00:00:00-04:00,34.650001525878906,36.63999938964844,34.650001525878906,36.099998474121094,4683500,0.0,0.0
2023-06-05 00:00:00-04:00,36.18000030517578,36.38999938964844,35.369998931884766,35.689998626708984,2477400,0.0,0.0
2023-06-06 00:00:00-04:00,35.38999938964844,37.54999923706055,35.119998931884766,37.20000076293945,4042900,0.0,0.0
2023-06-07 00:00:00-04:00,37.13999938964844,39.130001068115234,37.099998474121094,38.900001525878906,3918400,0.0,0.0
2023-06-08 00:00:00-04:00,38.59000015258789,38.88999938964844,37.900001525878906,38.119998931884766,3737600,0.0,0.0
2023-06-09 00:00:00-04:00,38.040000915527344,38.34000015258789,36.61000061035156,37.0,3766000,0.0,0.0
2023-06-12 00:00:00-04:00,37.20000076293945,37.36000061035156,36.40999984741211,36.52000045776367,2120900,0.0,0.0
2023-06-13 00:00:00-04:00,36.25,36.900001525878906,35.9900016784668,36.66999816894531,2127400,0.0,0.0
2023-06-14 00:00:00-04:00,37.060001373291016,37.7599983215332,36.619998931884766,36.900001525878906,1592500,0.0,0.0
2023-06-15 00:00:00-04:00,36.63999938964844,37.0,36.13999938964844,36.81999969482422,2328700,0.0,0.0
2023-06-16 00:00:00-04:00,37.16999816894531,37.529998779296875,36.54999923706055,36.93000030517578,3976100,0.0,0.0
2023-06-20 00:00:00-04:00,36.58000183105469,36.59000015258789,35.45000076293945,36.380001068115234,2564900,0.0,0.0
2023-06-21 00:00:00-04:00,36.279998779296875,36.84000015258789,35.88999938964844,36.18000030517578,1570300,0.0,0.0
2023-06-22 00:00:00-04:00,36.16999816894531,36.45000076293945,35.2599983215332,36.189998626708984,1738900,0.0,0.0
2023-06-23 00:00:00-04:00,35.47999954223633,36.099998474121094,35.29999923706055,35.810001373291016,2247700,0.0,0.0
2023-06-26 00:00:00-04:00,36.119998931884766,36.869998931884766,35.47999954223633,35.7599983215332,1903000,0.0,0.0
2023-06-27 00:00:00-04:00,35.95000076293945,36.81999969482422,35.689998626708984,36.470001220703125,1910600,0.0,0.0
2023-06-28 00:00:00-04:00,36.56999969482422,36.56999969482422,35.34000015258789,35.54999923706055,2111700,0.0,0.0
2023-06-29 00:00:00-04:00,35.65999984741211,36.58000183105469,35.650001525878906,35.93000030517578,1715800,0.0,0.0
2023-06-30 00:00:00-04:00,36.13999938964844,36.27000045776367,35.540000915527344,35.88999938964844,1827600,0.0,0.0
2023-07-03 00:00:00-04:00,36.130001068115234,37.31999969482422,36.130001068115234,36.79999923706055,1974400,0.0,0.0
2023-07-05 00:00:00-04:00,36.369998931884766,36.470001220703125,35.59000015258789,35.68000030517578,2371800,0.0,0.0
2023-07-06 00:00:00-04:00,35.0,35.209999084472656,34.16999816894531,35.040000915527344,2894300,0.0,0.0
2023-07-07 00:00:00-04:00,34.70000076293945,35.63999938964844,34.70000076293945,35.06999969482422,1809800,0.0,0.0
2023-07-10 00:00:00-04:00,35.119998931884766,36.099998474121094,35.0,35.939998626708984,1792700,0.0,0.0
2023-07-11 00:00:00-04:00,36.130001068115234,36.619998931884766,35.900001525878906,36.349998474121094,1962000,0.0,0.0
2023-07-12 00:00:00-04:00,37.0,37.189998626708984,36.27000045776367,36.349998474121094,1494700,0.0,0.0
2023-07-13 00:00:00-04:00,36.380001068115234,36.65999984741211,36.06999969482422,36.18000030517578,1535900,0.0,0.0
2023-07-14 00:00:00-04:00,36.20000076293945,36.27000045776367,35.16999816894531,35.2599983215332,1984500,0.0,0.0
2023-07-17 00:00:00-04:00,34.65999984741211,35.0099983215332,34.29999923706055,34.790000915527344,2507800,0.0,0.0
2023-07-18 00:00:00-04:00,34.79999923706055,36.84000015258789,34.79999923706055,36.47999954223633,3489900,0.0,0.0
2023-07-19 00:00:00-04:00,36.86000061035156,37.33000183105469,36.279998779296875,37.20000076293945,2573500,0.0,0.0
2023-07-20 00:00:00-04:00,37.41999816894531,37.41999816894531,36.11000061035156,36.150001525878906,1490200,0.0,0.0
2023-07-21 00:00:00-04:00,36.41999816894531,36.470001220703125,35.66999816894531,35.83000183105469,1398200,0.0,0.0
2023-07-24 00:00:00-04:00,35.7400016784668,36.689998626708984,35.5,36.439998626708984,1502300,0.0,0.0
2023-07-25 00:00:00-04:00,36.52000045776367,36.63999938964844,35.83000183105469,36.15999984741211,1675200,0.0,0.0
2023-07-26 00:00:00-04:00,36.0,36.650001525878906,35.66999816894531,36.470001220703125,1463300,0.0,0.0
2023-07-27 00:00:00-04:00,36.7400016784668,37.06999969482422,35.689998626708984,35.869998931884766,1392300,0.0,0.0
2023-07-28 00:00:00-04:00,36.439998626708984,37.27000045776367,36.25,37.06999969482422,2089900,0.0,0.0
2023-07-31 00:00:00-04:00,36.11000061035156,37.4900016784668,36.11000061035156,36.90999984741211,2193700,0.0,0.0
2023-08-01 00:00:00-04:00,36.68000030517578,36.970001220703125,36.02000045776367,36.41999816894531,1788000,0.0,0.0
2023-08-02 00:00:00-04:00,35.95000076293945,36.209999084472656,35.36000061035156,36.0,1868400,0.0,0.0
2023-08-03 00:00:00-04:00,35.970001220703125,36.029998779296875,35.02000045776367,35.349998474121094,2523600,0.0,0.0
2023-08-04 00:00:00-04:00,35.470001220703125,36.689998626708984,35.34000015258789,35.5099983215332,3075900,0.0,0.0
2023-08-07 00:00:00-04:00,35.4900016784668,36.599998474121094,35.43000030517578,35.95000076293945,3228900,0.0,0.0
2023-08-08 00:00:00-04:00,35.349998474121094,35.349998474121094,34.38999938964844,35.209999084472656,2912300,0.0,0.0
2023-08-09 00:00:00-04:00,35.040000915527344,35.34000015258789,34.25,34.61000061035156,2784600,0.0,0.0
2023-08-10 00:00:00-04:00,54.5,54.52000045776367,53.650001525878906,53.900001525878906,49657400,0.0,0.0
2023-08-11 00:00:00-04:00,53.439998626708984,53.650001525878906,52.939998626708984,53.13999938964844,10022300,0.0,0.0
2023-08-14 00:00:00-04:00,53.0,53.439998626708984,52.25,52.2599983215332,6580900,0.0,0.0
2023-08-15 00:00:00-04:00,52.25,52.779998779296875,51.88999938964844,51.93000030517578,5181400,0.0,0.0
2023-08-16 00:00:00-04:00,51.79999923706055,52.31999969482422,51.5,51.5099983215332,5524800,0.0,0.0
2023-08-17 00:00:00-04:00,51.599998474121094,51.95000076293945,51.599998474121094,51.630001068115234,3612300,0.0,0.0
2023-08-18 00:00:00-04:00,51.5099983215332,52.099998474121094,51.5,52.02000045776367,2487800,0.0,0.0
2023-08-21 00:00:00-04:00,51.900001525878906,52.13999938964844,51.689998626708984,51.849998474121094,1935500,0.0,0.0
2023-08-22 00:00:00-04:00,51.79999923706055,51.86000061035156,51.5099983215332,51.65999984741211,2601000,0.0,0.0
2023-08-23 00:00:00-04:00,51.650001525878906,52.2400016784668,51.54999923706055,52.02000045776367,2759700,0.0,0.0
2023-08-24 00:00:00-04:00,52.060001373291016,52.09000015258789,51.7400016784668,51.869998931884766,2018200,0.0,0.0
2023-08-25 00:00:00-04:00,52.0,52.099998474121094,51.439998626708984,52.029998779296875,2641300,0.0,0.0
2023-08-28 00:00:00-04:00,51.97999954223633,52.599998474121094,51.91999816894531,52.380001068115234,2366300,0.0,0.0
2023-08-29 00:00:00-04:00,52.47999954223633,52.599998474121094,52.33000183105469,52.45000076293945,2414700,0.0,0.0
2023-08-30 00:00:00-04:00,52.45000076293945,52.59000015258789,52.349998474121094,52.470001220703125,1847200,0.0,0.0
2023-08-31 00:00:00-04:00,52.54999923706055,52.619998931884766,52.43000030517578,52.4900016784668,2196100,0.0,0.0
2023-09-01 00:00:00-04:00,52.650001525878906,52.869998931884766,52.5099983215332,52.7599983215332,1782400,0.0,0.0
2023-09-05 00:00:00-04:00,52.560001373291016,52.95000076293945,52.560001373291016,52.70000076293945,2436900,0.0,0.0
2023-09-06 00:00:00-04:00,52.650001525878906,52.959999084472656,52.599998474121094,52.900001525878906,2305700,0.0,0.0
2023-09-07 00:00:00-04:00,52.709999084472656,52.81999969482422,52.599998474121094,52.709999084472656,1767600,0.0,0.0
2023-09-08 00:00:00-04:00,52.75,52.79999923706055,52.630001068115234,52.779998779296875,1067200,0.0,0.0
2023-09-11 00:00:00-04:00,52.79999923706055,53.0,52.77000045776367,52.95000076293945,1875600,0.0,0.0
2023-09-12 00:00:00-04:00,52.9900016784668,53.060001373291016,52.61000061035156,52.619998931884766,1965600,0.0,0.0
2023-09-13 00:00:00-04:00,52.79999923706055,52.79999923706055,52.25,52.400001525878906,2317300,0.0,0.0
2023-09-14 00:00:00-04:00,52.56999969482422,52.689998626708984,52.369998931884766,52.630001068115234,2099300,0.0,0.0
2023-09-15 00:00:00-04:00,52.470001220703125,52.58000183105469,52.189998626708984,52.189998626708984,7532100,0.0,0.0
2023-09-18 00:00:00-04:00,52.279998779296875,52.369998931884766,52.20000076293945,52.20000076293945,1164800,0.0,0.0
2023-09-19 00:00:00-04:00,52.25,52.369998931884766,52.20000076293945,52.36000061035156,1168400,0.0,0.0
2023-09-20 00:00:00-04:00,52.45000076293945,52.79999923706055,52.380001068115234,52.43000030517578,1357700,0.0,0.0
2023-09-21 00:00:00-04:00,52.459999084472656,52.54999923706055,52.290000915527344,52.349998474121094,1690700,0.0,0.0
2023-09-22 00:00:00-04:00,52.540000915527344,52.540000915527344,52.25,52.36000061035156,1961800,0.0,0.0
2023-09-25 00:00:00-04:00,52.209999084472656,52.470001220703125,52.18000030517578,52.36000061035156,1481300,0.0,0.0
2023-09-26 00:00:00-04:00,52.25,52.43000030517578,52.209999084472656,52.290000915527344,1910600,0.0,0.0
2023-09-27 00:00:00-04:00,52.349998474121094,52.59000015258789,52.25,52.25,984900,0.0,0.0
2023-09-28 00:00:00-04:00,52.31999969482422,52.77000045776367,52.31999969482422,52.720001220703125,1796100,0.0,0.0
2023-09-29 00:00:00-04:00,52.880001068115234,52.880001068115234,52.5099983215332,52.61000061035156,2841100,0.0,0.0
2023-10-02 00:00:00-04:00,52.599998474121094,52.63999938964844,52.290000915527344,52.439998626708984,2298100,0.0,0.0
2023-10-03 00:00:00-04:00,52.11000061035156,52.119998931884766,51.16999816894531,51.75,3626000,0.0,0.0
2023-10-04 00:00:00-04:00,51.790000915527344,51.790000915527344,51.4900016784668,51.63999938964844,1464600,0.0,0.0
2023-10-05 00:00:00-04:00,51.63999938964844,51.79999923706055,51.29999923706055,51.31999969482422,1277100,0.0,0.0
2023-10-06 00:00:00-04:00,51.349998474121094,51.720001220703125,51.34000015258789,51.56999969482422,1585700,0.0,0.0
2023-10-09 00:00:00-04:00,51.43000030517578,51.61000061035156,51.36000061035156,51.4900016784668,880400,0.0,0.0
2023-10-10 00:00:00-04:00,51.65999984741211,51.68000030517578,51.040000915527344,51.150001525878906,1864700,0.0,0.0
2023-10-11 00:00:00-04:00,51.220001220703125,52.189998626708984,51.060001373291016,52.02000045776367,4862000,0.0,0.0
2023-10-12 00:00:00-04:00,52.0,52.0,51.18000030517578,51.18000030517578,2212100,0.0,0.0
2023-10-13 00:00:00-04:00,51.34000015258789,51.61000061035156,51.290000915527344,51.599998474121094,1193700,0.0,0.0
2023-10-16 00:00:00-04:00,51.7599983215332,51.79999923706055,51.380001068115234,51.630001068115234,1062400,0.0,0.0
2023-10-17 00:00:00-04:00,51.560001373291016,52.060001373291016,51.5099983215332,51.900001525878906,1708000,0.0,0.0
2023-10-18 00:00:00-04:00,51.900001525878906,51.9900016784668,51.22999954223633,51.45000076293945,1530500,0.0,0.0
2023-10-19 00:00:00-04:00,51.310001373291016,51.459999084472656,51.0,51.2400016784668,1078700,0.0,0.0
2023-10-20 00:00:00-04:00,51.130001068115234,51.349998474121094,51.0,51.060001373291016,897900,0.0,0.0
2023-10-23 00:00:00-04:00,51.0,51.45000076293945,50.779998779296875,51.08000183105469,1094400,0.0,0.0
2023-10-24 00:00:00-04:00,51.189998626708984,51.279998779296875,50.869998931884766,51.150001525878906,1294900,0.0,0.0
2023-10-25 00:00:00-04:00,51.5,51.72999954223633,51.150001525878906,51.25,1664300,0.0,0.0
2023-10-26 00:00:00-04:00,51.20000076293945,51.380001068115234,50.95000076293945,50.959999084472656,1119500,0.0,0.0
2023-10-27 00:00:00-04:00,51.220001220703125,51.25,50.84000015258789,50.93000030517578,914000,0.0,0.0
2023-10-30 00:00:00-04:00,51.13999938964844,51.459999084472656,50.959999084472656,51.13999938964844,659900,0.0,0.0
2023-10-31 00:00:00-04:00,51.11000061035156,51.2599983215332,51.029998779296875,51.18000030517578,744200,0.0,0.0
2023-11-01 00:00:00-04:00,51.099998474121094,51.20000076293945,50.630001068115234,50.630001068115234,1786600,0.0,0.0
2023-11-02 00:00:00-04:00,50.83000183105469,50.959999084472656,50.709999084472656,50.75,872400,0.0,0.0
2023-11-03 00:00:00-04:00,50.88999938964844,51.150001525878906,50.7599983215332,51.04999923706055,1785500,0.0,0.0
2023-11-06 00:00:00-05:00,51.09000015258789,51.18000030517578,50.560001373291016,50.65999984741211,1238400,0.0,0.0
2023-11-07 00:00:00-05:00,48.86000061035156,49.22999954223633,48.470001220703125,48.81999969482422,4570400,0.0,0.0
2023-11-08 00:00:00-05:00,48.95000076293945,49.0,48.189998626708984,48.209999084472656,2600400,0.0,0.0
2023-11-09 00:00:00-05:00,48.5,48.75,48.13999938964844,48.189998626708984,2078300,0.0,0.0
2023-11-10 00:00:00-05:00,46.70000076293945,47.900001525878906,46.59000015258789,47.11000061035156,3691100,0.0,0.0
2023-11-13 00:00:00-05:00,47.0,47.16999816894531,46.79999923706055,46.880001068115234,2392800,0.0,0.0
2023-11-14 00:00:00-05:00,47.4900016784668,47.72999954223633,46.959999084472656,47.5099983215332,1781600,0.0,0.0
2023-11-15 00:00:00-05:00,47.790000915527344,48.400001525878906,47.630001068115234,48.15999984741211,1460400,0.0,0.0
2023-11-16 00:00:00-05:00,48.20000076293945,48.27000045776367,47.93000030517578,48.0,1234100,0.0,0.0
2023-11-17 00:00:00-05:00,48.31999969482422,48.45000076293945,48.099998474121094,48.36000061035156,1226100,0.0,0.0
2023-11-20 00:00:00-05:00,48.41999816894531,48.41999816894531,48.11000061035156,48.209999084472656,858900,0.0,0.0
2023-11-21 00:00:00-05:00,48.29999923706055,48.939998626708984,48.25,48.84000015258789,1585200,0.0,0.0
2023-11-22 00:00:00-05:00,48.75,49.33000183105469,48.61000061035156,48.90999984741211,849600,0.0,0.0
2023-11-24 00:00:00-05:00,48.9900016784668,49.380001068115234,48.91999816894531,49.25,290400,0.0,0.0
2023-11-27 00:00:00-05:00,49.220001220703125,49.400001525878906,48.90999984741211,49.150001525878906,757100,0.0,0.0
2023-11-28 00:00:00-05:00,49.290000915527344,49.560001373291016,49.099998474121094,49.15999984741211,681200,0.0,0.0
2023-11-29 00:00:00-05:00,49.310001373291016,49.439998626708984,48.869998931884766,48.91999816894531,1077500,0.0,0.0
2023-11-30 00:00:00-05:00,48.900001525878906,49.04999923706055,48.310001373291016,48.439998626708984,1885700,0.0,0.0
2023-12-01 00:00:00-05:00,48.45000076293945,48.90999984741211,48.220001220703125,48.41999816894531,958400,0.0,0.0
2023-12-04 00:00:00-05:00,48.5,48.970001220703125,48.459999084472656,48.72999954223633,897600,0.0,0.0
2023-12-05 00:00:00-05:00,48.599998474121094,48.709999084472656,48.31999969482422,48.4900016784668,678000,0.0,0.0
2023-12-06 00:00:00-05:00,48.689998626708984,48.75,47.939998626708984,47.970001220703125,622600,0.0,0.0
2023-12-07 00:00:00-05:00,47.95000076293945,48.310001373291016,47.95000076293945,48.209999084472656,502500,0.0,0.0
2023-12-08 00:00:00-05:00,48.18000030517578,48.61000061035156,48.099998474121094,48.439998626708984,355100,0.0,0.0
2023-12-11 00:00:00-05:00,48.619998931884766,48.70000076293945,48.43000030517578,48.540000915527344,458100,0.0,0.0
2023-12-12 00:00:00-05:00,49.20000076293945,49.529998779296875,49.099998474121094,49.380001068115234,1329100,0.0,0.0
2023-12-13 00:00:00-05:00,49.0,49.470001220703125,48.900001525878906,49.369998931884766,977300,0.0,0.0
2023-12-14 00:00:00-05:00,49.709999084472656,49.880001068115234,49.560001373291016,49.56999969482422,1462900,0.0,0.0
2023-12-15 00:00:00-05:00,49.56999969482422,49.7599983215332,49.279998779296875,49.279998779296875,2557700,0.0,0.0
2023-12-18 00:00:00-05:00,49.5,49.52000045776367,49.2599983215332,49.279998779296875,858500,0.0,0.0
2023-12-19 00:00:00-05:00,49.400001525878906,49.79999923706055,49.400001525878906,49.68000030517578,1119400,0.0,0.0
2023-12-20 00:00:00-05:00,49.56999969482422,50.290000915527344,49.529998779296875,49.650001525878906,892400,0.0,0.0
2023-12-21 00:00:00-05:00,49.7599983215332,50.189998626708984,49.650001525878906,49.93000030517578,396600,0.0,0.0
2023-12-22 00:00:00-05:00,49.72999954223633,50.130001068115234,49.599998474121094,50.08000183105469,430000,0.0,0.0
2023-12-26 00:00:00-05:00,50.150001525878906,50.380001068115234,50.130001068115234,50.34000015258789,431500,0.0,0.0
2023-12-27 00:00:00-05:00,50.349998474121094,50.52000045776367,50.25,50.41999816894531,689700,0.0,0.0
2023-12-28 00:00:00-05:00,50.38999938964844,50.459999084472656,50.27000045776367,50.439998626708984,531100,0.0,0.0
2023-12-29 00:00:00-05:00,50.47999954223633,50.58000183105469,50.11000061035156,50.2400016784668,691600,0.0,0.0
2024-01-02 00:00:00-05:00,50.06999969482422,50.54999923706055,50.0099983215332,50.310001373291016,984800,0.0,0.0
2024-01-03 00:00:00-05:00,50.16999816894531,50.34000015258789,50.04999923706055,50.150001525878906,495300,0.0,0.0
2024-01-04 00:00:00-05:00,50.04999923706055,50.380001068115234,49.90999984741211,50.2400016784668,697700,0.0,0.0
2024-01-05 00:00:00-05:00,50.20000076293945,50.72999954223633,50.189998626708984,50.689998626708984,1462300,0.0,0.0
2024-01-08 00:00:00-05:00,50.54999923706055,50.77000045776367,50.380001068115234,50.4900016784668,679400,0.0,0.0
2024-01-09 00:00:00-05:00,50.4900016784668,50.529998779296875,50.220001220703125,50.38999938964844,1121100,0.0,0.0
2024-01-10 00:00:00-05:00,51.0,51.15999984741211,50.45000076293945,51.029998779296875,1691600,0.0,0.0
2024-01-11 00:00:00-05:00,51.189998626708984,51.22999954223633,50.58000183105469,50.959999084472656,1077300,0.0,0.0
2024-01-12 00:00:00-05:00,51.11000061035156,51.11000061035156,50.540000915527344,50.65999984741211,995100,0.0,0.0
2024-01-16 00:00:00-05:00,50.5,50.84000015258789,50.099998474121094,50.72999954223633,549200,0.0,0.0
2024-01-17 00:00:00-05:00,50.52000045776367,50.779998779296875,50.380001068115234,50.63999938964844,1008400,0.0,0.0
2024-01-18 00:00:00-05:00,50.790000915527344,50.790000915527344,50.38999938964844,50.5,917500,0.0,0.0
2024-01-19 00:00:00-05:00,50.5099983215332,50.619998931884766,50.130001068115234,50.220001220703125,927900,0.0,0.0
2024-01-22 00:00:00-05:00,50.5,50.5099983215332,49.869998931884766,50.04999923706055,1127300,0.0,0.0
2024-01-23 00:00:00-05:00,50.20000076293945,50.27000045776367,49.439998626708984,49.4900016784668,1775600,0.0,0.0
2024-01-24 00:00:00-05:00,49.4900016784668,49.650001525878906,48.900001525878906,48.9900016784668,2031400,0.0,0.0
2024-01-25 00:00:00-05:00,49.0,49.209999084472656,48.5,48.52000045776367,1274300,0.0,0.0
2024-01-26 00:00:00-05:00,48.75,48.86000061035156,48.45000076293945,48.709999084472656,1270500,0.0,0.0
2024-01-29 00:00:00-05:00,48.70000076293945,49.43000030517578,48.540000915527344,49.41999816894531,1422400,0.0,0.0
2024-01-30 00:00:00-05:00,49.279998779296875,49.36000061035156,49.08000183105469,49.25,466000,0.0,0.0
2024-01-31 00:00:00-05:00,49.20000076293945,49.20000076293945,48.72999954223633,48.7400016784668,862300,0.0,0.0
2024-02-01 00:00:00-05:00,48.91999816894531,49.04999923706055,46.34000015258789,47.45000076293945,4423000,0.0,0.0
2024-02-02 00:00:00-05:00,47.599998474121094,47.70000076293945,47.060001373291016,47.56999969482422,1273700,0.0,0.0
2024-02-05 00:00:00-05:00,47.31999969482422,47.400001525878906,46.709999084472656,47.0,1306400,0.0,0.0
2024-02-06 00:00:00-05:00,47.0,47.0099983215332,46.400001525878906,46.58000183105469,1277000,0.0,0.0
2024-02-07 00:00:00-05:00,46.90999984741211,47.06999969482422,46.0,46.220001220703125,2007900,0.0,0.0
2024-02-08 00:00:00-05:00,47.11000061035156,47.79999923706055,46.97999954223633,47.540000915527344,1977000,0.0,0.0
2024-02-09 00:00:00-05:00,46.63999938964844,46.900001525878906,45.849998474121094,46.83000183105469,1976400,0.0,0.0
2024-02-12 00:00:00-05:00,46.810001373291016,47.61000061035156,46.63999938964844,47.5,1100000,0.0,0.0
2024-02-13 00:00:00-05:00,46.79999923706055,47.36000061035156,46.7400016784668,47.040000915527344,1066700,0.0,0.0
2024-02-14 00:00:00-05:00,47.209999084472656,47.47999954223633,47.06999969482422,47.34000015258789,711800,0.0,0.0
2024-02-15 00:00:00-05:00,47.52000045776367,47.720001220703125,47.31999969482422,47.47999954223633,622700,0.0,0.0
2024-02-16 00:00:00-05:00,47.31999969482422,47.59000015258789,47.2599983215332,47.31999969482422,785700,0.0,0.0
2024-02-20 00:00:00-05:00,47.25,47.290000915527344,46.540000915527344,47.04999923706055,769000,0.0,0.0
2024-02-21 00:00:00-05:00,47.150001525878906,47.150001525878906,46.5099983215332,46.54999923706055,832100,0.0,0.0
2024-02-22 00:00:00-05:00,46.5,46.86000061035156,46.29999923706055,46.59000015258789,804800,0.0,0.0
2024-02-23 00:00:00-05:00,46.54999923706055,46.720001220703125,46.36000061035156,46.369998931884766,744700,0.0,0.0
2024-02-26 00:00:00-05:00,46.369998931884766,46.540000915527344,46.11000061035156,46.11000061035156,438800,0.0,0.0
2024-02-27 00:00:00-05:00,46.130001068115234,46.54999923706055,46.040000915527344,46.31999969482422,625300,0.0,0.0
2024-02-28 00:00:00-05:00,46.119998931884766,46.52000045776367,46.06999969482422,46.27000045776367,701200,0.0,0.0
2024-02-29 00:00:00-05:00,46.27000045776367,46.38999938964844,46.09000015258789,46.130001068115234,728900,0.0,0.0
2024-03-01 00:00:00-05:00,46.29999923706055,46.369998931884766,45.7599983215332,45.810001373291016,988100,0.0,0.0
2024-03-04 00:00:00-05:00,45.79999923706055,46.029998779296875,45.70000076293945,45.83000183105469,523200,0.0,0.0
2024-03-05 00:00:00-05:00,45.720001220703125,46.220001220703125,45.720001220703125,45.900001525878906,615000,0.0,0.0
2024-03-06 00:00:00-05:00,45.970001220703125,46.06999969482422,45.720001220703125,45.779998779296875,861000,0.0,0.0
2024-03-07 00:00:00-05:00,45.810001373291016,46.58000183105469,45.779998779296875,46.47999954223633,608300,0.0,0.0
2024-03-08 00:00:00-05:00,46.59000015258789,47.16999816894531,46.56999969482422,46.790000915527344,605000,0.0,0.0
2024-03-11 00:00:00-04:00,46.790000915527344,46.959999084472656,46.439998626708984,46.5,1184200,0.0,0.0
2024-03-12 00:00:00-04:00,46.5,46.900001525878906,46.400001525878906,46.84000015258789,422400,0.0,0.0
2024-03-13 00:00:00-04:00,46.75,46.970001220703125,46.58000183105469,46.70000076293945,625200,0.0,0.0
2024-03-14 00:00:00-04:00,46.70000076293945,46.95000076293945,46.380001068115234,46.93000030517578,569200,0.0,0.0
2024-03-15 00:00:00-04:00,46.810001373291016,46.91999816894531,46.310001373291016,46.81999969482422,1877800,0.0,0.0
2024-03-18 00:00:00-04:00,46.849998474121094,46.90999984741211,45.61000061035156,45.88999938964844,1392600,0.0,0.0
2024-03-19 00:00:00-04:00,45.900001525878906,46.060001373291016,45.75,46.04999923706055,658700,0.0,0.0
2024-03-20 00:00:00-04:00,46.0,46.150001525878906,45.47999954223633,45.75,1297000,0.0,0.0
2024-03-21 00:00:00-04:00,45.88999938964844,45.88999938964844,45.31999969482422,45.54999923706055,701200,0.0,0.0
2024-03-22 00:00:00-04:00,45.310001373291016,45.5,45.189998626708984,45.290000915527344,740000,0.0,0.0
2024-03-25 00:00:00-04:00,45.29999923706055,45.369998931884766,44.59000015258789,44.95000076293945,574300,0.0,0.0
2024-03-26 00:00:00-04:00,45.060001373291016,45.06999969482422,44.650001525878906,44.7599983215332,747500,0.0,0.0
2024-03-27 00:00:00-04:00,44.900001525878906,45.2599983215332,44.66999816894531,45.2599983215332,456000,0.0,0.0
2024-03-28 00:00:00-04:00,45.15999984741211,46.09000015258789,45.060001373291016,45.29999923706055,1238000,0.0,0.0
2024-04-01 00:00:00-04:00,45.20000076293945,45.77000045776367,45.15999984741211,45.36000061035156,658800,0.0,0.0
2024-04-02 00:00:00-04:00,45.04999923706055,45.31999969482422,44.400001525878906,44.869998931884766,692800,0.0,0.0
2024-04-03 00:00:00-04:00,45.0,45.70000076293945,44.9900016784668,45.290000915527344,909300,0.0,0.0
2024-04-04 00:00:00-04:00,45.4900016784668,45.4900016784668,44.66999816894531,44.790000915527344,600000,0.0,0.0
2024-04-05 00:00:00-04:00,44.66999816894531,44.83000183105469,43.7400016784668,43.75,1037400,0.0,0.0
2024-04-08 00:00:00-04:00,43.900001525878906,44.04999923706055,43.70000076293945,43.75,580200,0.0,0.0
2024-04-09 00:00:00-04:00,43.90999984741211,44.11000061035156,43.5,44.029998779296875,643700,0.0,0.0
2024-04-10 00:00:00-04:00,43.83000183105469,43.939998626708984,42.31999969482422,42.599998474121094,1988400,0.0,0.0
2024-04-11 00:00:00-04:00,42.869998931884766,43.02000045776367,40.470001220703125,40.779998779296875,3703200,0.0,0.0
2024-04-12 00:00:00-04:00,40.779998779296875,41.0,39.11000061035156,39.310001373291016,3445600,0.0,0.0
2024-04-15 00:00:00-04:00,39.25,41.630001068115234,38.849998474121094,39.33000183105469,5234200,0.0,0.0
2024-04-16 00:00:00-04:00,38.75,39.61000061035156,38.220001220703125,38.93000030517578,3497500,0.0,0.0
2024-04-17 00:00:00-04:00,38.25,39.04999923706055,37.849998474121094,37.869998931884766,3737900,0.0,0.0
2024-04-18 00:00:00-04:00,37.95000076293945,38.279998779296875,37.72999954223633,37.83000183105469,1701900,0.0,0.0
2024-04-19 00:00:00-04:00,37.59000015258789,38.65999984741211,37.380001068115234,38.529998779296875,2273100,0.0,0.0
2024-04-22 00:00:00-04:00,38.599998474121094,38.70000076293945,37.84000015258789,37.959999084472656,1575700,0.0,0.0
2024-04-23 00:00:00-04:00,37.20000076293945,37.5,36.220001220703125,36.5099983215332,6201600,0.0,0.0
2024-04-24 00:00:00-04:00,36.27000045776367,36.47999954223633,34.779998779296875,35.400001525878906,4546900,0.0,0.0
2024-04-25 00:00:00-04:00,35.0,35.040000915527344,34.29999923706055,34.810001373291016,2464900,0.0,0.0
2024-04-26 00:00:00-04:00,34.81999969482422,35.619998931884766,34.70000076293945,35.540000915527344,1854400,0.0,0.0
2024-04-29 00:00:00-04:00,35.91999816894531,36.25,35.58000183105469,35.83000183105469,1156900,0.0,0.0
2024-04-30 00:00:00-04:00,35.529998779296875,35.77000045776367,34.91999816894531,35.47999954223633,1893500,0.0,0.0
2024-05-01 00:00:00-04:00,35.279998779296875,35.540000915527344,35.029998779296875,35.25,1396200,0.0,0.0
2024-05-02 00:00:00-04:00,35.529998779296875,35.599998474121094,35.099998474121094,35.099998474121094,808400,0.0,0.0
2024-05-03 00:00:00-04:00,35.310001373291016,35.849998474121094,35.119998931884766,35.68000030517578,943500,0.0,0.0
2024-05-06 00:00:00-04:00,36.33000183105469,36.33000183105469,35.689998626708984,35.72999954223633,863800,0.0,0.0
2024-05-07 00:00:00-04:00,35.83000183105469,37.0,35.75,36.959999084472656,2936300,0.0,0.0
2024-05-08 00:00:00-04:00,36.7400016784668,36.88999938964844,36.54999923706055,36.709999084472656,1292200,0.0,0.0
2024-05-09 00:00:00-04:00,36.599998474121094,36.709999084472656,36.02000045776367,36.2400016784668,1333300,0.0,0.0
2024-05-10 00:00:00-04:00,36.5,36.54999923706055,35.91999816894531,36.119998931884766,758700,0.0,0.0
2024-05-13 00:00:00-04:00,36.2400016784668,36.90999984741211,35.529998779296875,35.7599983215332,1535400,0.0,0.0
2024-05-14 00:00:00-04:00,36.20000076293945,36.2400016784668,35.689998626708984,36.20000076293945,630600,0.0,0.0
2024-05-15 00:00:00-04:00,36.36000061035156,36.5,35.83000183105469,36.150001525878906,720500,0.0,0.0
2024-05-16 00:00:00-04:00,36.0,36.31999969482422,35.5099983215332,36.150001525878906,841100,0.0,0.0
2024-05-17 00:00:00-04:00,36.47999954223633,36.47999954223633,35.900001525878906,35.95000076293945,597500,0.0,0.0
2024-05-20 00:00:00-04:00,36.060001373291016,36.209999084472656,35.400001525878906,35.72999954223633,916700,0.0,0.0
2024-05-21 00:00:00-04:00,35.529998779296875,35.56999969482422,34.970001220703125,35.150001525878906,884900,0.0,0.0
2024-05-22 00:00:00-04:00,35.2400016784668,35.290000915527344,34.83000183105469,34.93000030517578,933900,0.0,0.0
2024-05-23 00:00:00-04:00,34.790000915527344,34.869998931884766,34.5,34.79999923706055,722400,0.0,0.0
2024-05-24 00:00:00-04:00,35.0,35.0,34.540000915527344,34.630001068115234,999300,0.0,0.0
2024-05-28 00:00:00-04:00,34.599998474121094,34.880001068115234,33.7599983215332,34.25,1437200,0.0,0.0
2024-05-29 00:00:00-04:00,34.040000915527344,34.310001373291016,33.880001068115234,34.18000030517578,2169600,0.0,0.0
2024-05-30 00:00:00-04:00,33.400001525878906,34.2599983215332,32.95000076293945,33.849998474121094,2630600,0.0,0.0
2024-05-31 00:00:00-04:00,33.880001068115234,34.58000183105469,33.83000183105469,34.54999923706055,1564100,0.0,0.0
2024-06-03 00:00:00-04:00,34.75,34.75,34.29999923706055,34.40999984741211,1187000,0.0,0.0
2024-06-04 00:00:00-04:00,34.119998931884766,34.25,33.66999816894531,33.84000015258789,933600,0.0,0.0
2024-06-05 00:00:00-04:00,33.709999084472656,34.209999084472656,33.65999984741211,33.970001220703125,1702000,0.0,0.0
2024-06-06 00:00:00-04:00,33.970001220703125,34.310001373291016,33.91999816894531,33.959999084472656,592100,0.0,0.0
2024-06-07 00:00:00-04:00,33.75,33.97999954223633,33.70000076293945,33.900001525878906,511300,0.0,0.0
2024-06-10 00:00:00-04:00,33.65999984741211,33.86000061035156,33.5099983215332,33.5099983215332,633100,0.0,0.0
2024-06-11 00:00:00-04:00,33.540000915527344,33.59000015258789,32.68000030517578,32.84000015258789,1326900,0.0,0.0
2024-06-12 00:00:00-04:00,32.84000015258789,32.959999084472656,32.59000015258789,32.619998931884766,604000,0.0,0.0
2024-06-13 00:00:00-04:00,32.560001373291016,32.59000015258789,31.649999618530273,32.18000030517578,1309100,0.0,0.0
2024-06-14 00:00:00-04:00,31.959999084472656,32.11000061035156,31.420000076293945,31.700000762939453,1233300,0.0,0.0
2024-06-17 00:00:00-04:00,32.7400016784668,32.91999816894531,31.8799991607666,32.0,1577100,0.0,0.0
2024-06-18 00:00:00-04:00,32.0,32.2400016784668,31.59000015258789,31.729999542236328,719300,0.0,0.0
2024-06-20 00:00:00-04:00,31.770000457763672,31.84000015258789,30.90999984741211,30.950000762939453,1761200,0.0,0.0
2024-06-21 00:00:00-04:00,30.799999237060547,31.84000015258789,30.790000915527344,31.299999237060547,1897400,0.0,0.0
2024-06-24 00:00:00-04:00,31.5,31.940000534057617,31.110000610351562,31.510000228881836,1097000,0.0,0.0
2024-06-25 00:00:00-04:00,32.13999938964844,32.439998626708984,31.760000228881836,31.899999618530273,1868500,0.0,0.0
2024-06-26 00:00:00-04:00,31.899999618530273,32.400001525878906,31.780000686645508,32.310001373291016,1370300,0.0,0.0
2024-06-27 00:00:00-04:00,32.2599983215332,32.47999954223633,32.09000015258789,32.459999084472656,970300,0.0,0.0
2024-06-28 00:00:00-04:00,32.38999938964844,33.130001068115234,32.209999084472656,33.08000183105469,1876000,0.0,0.0
2024-07-01 00:00:00-04:00,33.029998779296875,34.06999969482422,32.970001220703125,33.91999816894531,1463000,0.0,0.0
2024-07-02 00:00:00-04:00,33.97999954223633,34.0,33.06999969482422,33.43000030517578,1123700,0.0,0.0
2024-07-03 00:00:00-04:00,33.599998474121094,33.77000045776367,33.22999954223633,33.33000183105469,374700,0.0,0.0
2024-07-05 00:00:00-04:00,33.2400016784668,33.38999938964844,33.060001373291016,33.38999938964844,682300,0.0,0.0
2024-07-08 00:00:00-04:00,33.400001525878906,34.15999984741211,33.349998474121094,34.02000045776367,966800,0.0,0.0
2024-07-09 00:00:00-04:00,33.9900016784668,34.08000183105469,33.83000183105469,33.9900016784668,916700,0.0,0.0
2024-07-10 00:00:00-04:00,34.04999923706055,34.189998626708984,33.869998931884766,34.09000015258789,753900,0.0,0.0
2024-07-11 00:00:00-04:00,34.25,35.189998626708984,34.20000076293945,35.16999816894531,1609100,0.0,0.0
2024-07-12 00:00:00-04:00,35.4900016784668,35.93000030517578,35.2599983215332,35.810001373291016,979900,0.0,0.0
2024-07-15 00:00:00-04:00,35.90999984741211,35.91999816894531,34.70000076293945,35.04999923706055,1577800,0.0,0.0
2024-07-16 00:00:00-04:00,35.16999816894531,35.599998474121094,35.0,35.400001525878906,1278400,0.0,0.0
2024-07-17 00:00:00-04:00,35.09000015258789,35.5,34.90999984741211,34.90999984741211,1034100,0.0,0.0
2024-07-18 00:00:00-04:00,34.900001525878906,35.099998474121094,34.15999984741211,34.16999816894531,598300,0.0,0.0
2024-07-19 00:00:00-04:00,34.20000076293945,34.290000915527344,33.54999923706055,33.68000030517578,618000,0.0,0.0
2024-07-22 00:00:00-04:00,33.70000076293945,34.02000045776367,33.310001373291016,34.0,603500,0.0,0.0
2024-07-23 00:00:00-04:00,33.93000030517578,34.13999938964844,33.439998626708984,33.630001068115234,760800,0.0,0.0
2024-07-24 00:00:00-04:00,33.59000015258789,33.59000015258789,32.810001373291016,32.95000076293945,634900,0.0,0.0
2024-07-25 00:00:00-04:00,32.959999084472656,33.43000030517578,32.66999816894531,33.310001373291016,475500,0.0,0.0
2024-07-26 00:00:00-04:00,33.5099983215332,33.79999923706055,33.400001525878906,33.75,476600,0.0,0.0
2024-07-29 00:00:00-04:00,33.75,33.7599983215332,33.369998931884766,33.70000076293945,463500,0.0,0.0
2024-07-30 00:00:00-04:00,33.77000045776367,33.97999954223633,33.38999938964844,33.95000076293945,407000,0.0,0.0
2024-07-31 00:00:00-04:00,33.970001220703125,34.0099983215332,33.41999816894531,33.540000915527344,568200,0.0,0.0
2024-08-01 00:00:00-04:00,33.5,33.599998474121094,33.040000915527344,33.290000915527344,660400,0.0,0.0
2024-08-02 00:00:00-04:00,32.77000045776367,33.349998474121094,32.43000030517578,33.20000076293945,585500,0.0,0.0
2024-08-05 00:00:00-04:00,32.5,32.68000030517578,32.099998474121094,32.290000915527344,991000,0.0,0.0
2024-08-06 00:00:00-04:00,32.369998931884766,33.22999954223633,32.09000015258789,32.47999954223633,2527400,0.0,0.0
2024-08-07 00:00:00-04:00,32.70000076293945,32.779998779296875,31.729999542236328,31.8799991607666,1278700,0.0,0.0
2024-08-08 00:00:00-04:00,32.599998474121094,32.709999084472656,31.809999465942383,32.099998474121094,1068800,0.0,0.0
2024-08-09 00:00:00-04:00,30.75,31.350000381469727,30.440000534057617,30.540000915527344,3019500,0.0,0.0
2024-08-12 00:00:00-04:00,30.540000915527344,30.600000381469727,29.280000686645508,29.610000610351562,1806800,0.0,0.0
2024-08-13 00:00:00-04:00,29.700000762939453,30.18000030517578,29.700000762939453,29.90999984741211,954100,0.0,0.0
2024-08-14 00:00:00-04:00,30.049999237060547,30.329999923706055,29.850000381469727,30.1299991607666,1143000,0.0,0.0
2024-08-15 00:00:00-04:00,31.5,31.790000915527344,31.049999237060547,31.719999313354492,1743200,0.0,0.0
2024-08-16 00:00:00-04:00,31.84000015258789,32.599998474121094,31.760000228881836,32.470001220703125,1464600,0.0,0.0
2024-08-19 00:00:00-04:00,32.599998474121094,33.279998779296875,32.599998474121094,32.90999984741211,944400,0.0,0.0
2024-08-20 00:00:00-04:00,32.97999954223633,33.06999969482422,32.52000045776367,33.0099983215332,705500,0.0,0.0
2024-08-21 00:00:00-04:00,33.900001525878906,35.5,33.709999084472656,35.439998626708984,4239700,0.0,0.0
2024-08-22 00:00:00-04:00,35.70000076293945,35.95000076293945,34.810001373291016,35.04999923706055,1875300,0.0,0.0
2024-08-23 00:00:00-04:00,35.2400016784668,35.91999816894531,35.130001068115234,35.779998779296875,1964700,0.0,0.0
2024-08-26 00:00:00-04:00,35.959999084472656,35.9900016784668,35.310001373291016,35.38999938964844,949400,0.0,0.0
2024-08-27 00:00:00-04:00,35.650001525878906,36.029998779296875,35.060001373291016,35.880001068115234,898500,0.0,0.0
2024-08-28 00:00:00-04:00,35.81999969482422,36.13999938964844,35.41999816894531,35.900001525878906,969200,0.0,0.0
2024-08-29 00:00:00-04:00,35.959999084472656,36.04999923706055,35.619998931884766,35.880001068115234,865800,0.0,0.0
2024-08-30 00:00:00-04:00,36.189998626708984,36.22999954223633,35.63999938964844,35.720001220703125,1313400,0.0,0.0
2024-09-03 00:00:00-04:00,35.650001525878906,36.150001525878906,35.279998779296875,36.029998779296875,995400,0.0,0.0
2024-09-04 00:00:00-04:00,35.84000015258789,36.61000061035156,35.779998779296875,36.04999923706055,874600,0.0,0.0
2024-09-05 00:00:00-04:00,36.130001068115234,36.15999984741211,35.0,35.220001220703125,1497000,0.0,0.0
2024-09-06 00:00:00-04:00,35.27000045776367,35.52000045776367,34.70000076293945,34.77000045776367,1968600,0.0,0.0
2024-09-09 00:00:00-04:00,34.310001373291016,37.04999923706055,34.310001373291016,36.54999923706055,2509300,0.0,0.0
2024-09-10 00:00:00-04:00,36.5,37.93000030517578,36.31999969482422,37.810001373291016,2212000,0.0,0.0
2024-09-11 00:00:00-04:00,37.709999084472656,40.52000045776367,37.16999816894531,40.459999084472656,3622400,0.0,0.0
2024-09-12 00:00:00-04:00,40.45000076293945,40.70000076293945,38.56999969482422,39.2599983215332,1976400,0.0,0.0
2024-09-13 00:00:00-04:00,38.54999923706055,39.310001373291016,37.90999984741211,38.220001220703125,2044500,0.0,0.0
2024-09-16 00:00:00-04:00,38.25,38.66999816894531,37.58000183105469,38.65999984741211,1067700,0.0,0.0
2024-09-17 00:00:00-04:00,39.02000045776367,41.0099983215332,38.68000030517578,39.88999938964844,3269900,0.0,0.0
2024-09-18 00:00:00-04:00,39.77000045776367,40.060001373291016,38.86000061035156,39.06999969482422,1222100,0.0,0.0
2024-09-19 00:00:00-04:00,39.5,39.54999923706055,38.689998626708984,38.869998931884766,1037000,0.0,0.0
2024-09-20 00:00:00-04:00,38.83000183105469,39.099998474121094,38.0,38.290000915527344,2640400,0.0,0.0
2024-09-23 00:00:00-04:00,38.41999816894531,38.70000076293945,37.72999954223633,38.099998474121094,1305400,0.0,0.0
2024-09-24 00:00:00-04:00,38.75,38.75,38.130001068115234,38.279998779296875,1082700,0.0,0.0
2024-09-25 00:00:00-04:00,38.29999923706055,38.5,38.060001373291016,38.40999984741211,986300,0.0,0.0
2024-09-26 00:00:00-04:00,39.0,39.060001373291016,38.27000045776367,38.810001373291016,2244800,0.0,0.0
2024-09-27 00:00:00-04:00,38.90999984741211,39.58000183105469,38.880001068115234,39.470001220703125,1508900,0.0,0.0
2024-09-30 00:00:00-04:00,39.470001220703125,42.72999954223633,39.040000915527344,42.439998626708984,4496000,0.0,0.0
2024-10-01 00:00:00-04:00,42.970001220703125,43.13999938964844,41.880001068115234,42.13999938964844,2281500,0.0,0.0
2024-10-02 00:00:00-04:00,42.04999923706055,42.45000076293945,41.77000045776367,42.18000030517578,1363000,0.0,0.0
2024-10-03 00:00:00-04:00,42.09000015258789,42.220001220703125,41.95000076293945,41.970001220703125,992300,0.0,0.0
2024-10-04 00:00:00-04:00,42.29999923706055,42.63999938964844,42.04999923706055,42.279998779296875,1751300,0.0,0.0
2024-10-07 00:00:00-04:00,42.29999923706055,42.81999969482422,42.09000015258789,42.63999938964844,1379700,0.0,0.0
2024-10-08 00:00:00-04:00,42.290000915527344,42.75,42.279998779296875,42.619998931884766,869000,0.0,0.0
2024-10-09 00:00:00-04:00,42.88999938964844,43.040000915527344,42.61000061035156,43.0,900700,0.0,0.0
2024-10-10 00:00:00-04:00,42.95000076293945,43.209999084472656,42.40999984741211,43.150001525878906,1382300,0.0,0.0
2024-10-11 00:00:00-04:00,43.189998626708984,43.34000015258789,42.790000915527344,42.97999954223633,882300,0.0,0.0
2024-10-14 00:00:00-04:00,43.0099983215332,43.20000076293945,42.7599983215332,43.04999923706055,1023000,0.0,0.0
2024-10-15 00:00:00-04:00,43.0,43.20000076293945,42.779998779296875,43.040000915527344,919800,0.0,0.0
2024-10-16 00:00:00-04:00,43.040000915527344,43.150001525878906,42.66999816894531,42.90999984741211,1138700,0.0,0.0
2024-10-17 00:00:00-04:00,42.77000045776367,42.95000076293945,41.959999084472656,42.63999938964844,1204100,0.0,0.0
2024-10-18 00:00:00-04:00,42.79999923706055,42.90999984741211,41.900001525878906,41.97999954223633,1360000,0.0,0.0
2024-10-21 00:00:00-04:00,41.91999816894531,42.33000183105469,41.709999084472656,42.040000915527344,949700,0.0,0.0
2024-10-22 00:00:00-04:00,41.90999984741211,42.209999084472656,41.720001220703125,42.060001373291016,640600,0.0,0.0
2024-10-23 00:00:00-04:00,41.90999984741211,42.0099983215332,41.22999954223633,41.810001373291016,1173700,0.0,0.0
2024-10-24 00:00:00-04:00,42.119998931884766,42.209999084472656,41.459999084472656,41.599998474121094,18267700,0.0,0.0
2024-10-25 00:00:00-04:00,22.34000015258789,23.25,20.989999771118164,21.260000228881836,52166900,0.0,0.0
2024-10-28 00:00:00-04:00,21.440000534057617,21.760000228881836,21.0,21.389999389648438,11091100,0.0,0.0
2024-10-29 00:00:00-04:00,21.200000762939453,21.600000381469727,20.479999542236328,20.479999542236328,9373700,0.0,0.0
2024-10-30 00:00:00-04:00,20.219999313354492,20.3799991607666,19.270000457763672,19.459999084472656,11856500,0.0,0.0
2024-10-31 00:00:00-04:00,19.450000762939453,19.760000228881836,18.75,19.739999771118164,6863300,0.0,0.0
2024-11-01 00:00:00-04:00,19.84000015258789,20.170000076293945,19.200000762939453,20.100000381469727,5134300,0.0,0.0
2024-11-04 00:00:00-05:00,20.270000457763672,20.56999969482422,19.860000610351562,20.139999389648438,3959500,0.0,0.0
2024-11-05 00:00:00-05:00,20.100000381469727,20.579999923706055,19.950000762939453,20.520000457763672,3056100,0.0,0.0
2024-11-06 00:00:00-05:00,21.469999313354492,22.100000381469727,21.049999237060547,22.0,12084800,0.0,0.0
2024-11-07 00:00:00-05:00,22.049999237060547,22.850000381469727,21.90999984741211,21.989999771118164,7570100,0.0,0.0
2024-11-08 00:00:00-05:00,20.100000381469727,20.700000762939453,19.360000610351562,20.520000457763672,11188500,0.0,0.0
2024-11-11 00:00:00-05:00,20.600000381469727,20.760000228881836,19.920000076293945,19.940000534057617,3604300,0.0,0.0
2024-11-12 00:00:00-05:00,19.760000228881836,19.889999389648438,19.25,19.389999389648438,3807000,0.0,0.0
2024-11-13 00:00:00-05:00,19.329999923706055,19.68000030517578,19.040000915527344,19.649999618530273,2580889,0.0,0.0
