Date,Open,High,Low,Close,Volume,Dividends,Stock Splits
2022-01-03 00:00:00-05:00,10.229999542236328,10.489999771118164,9.800000190734863,10.039999961853027,222400,0.0,0.0
2022-01-04 00:00:00-05:00,9.949999809265137,10.25,9.289999961853027,10.09000015258789,303700,0.0,0.0
2022-01-05 00:00:00-05:00,10.430000305175781,10.430000305175781,9.329999923706055,9.539999961853027,97400,0.0,0.0
2022-01-06 00:00:00-05:00,9.430000305175781,9.989999771118164,9.109999656677246,9.869999885559082,108300,0.0,0.0
2022-01-07 00:00:00-05:00,9.960000038146973,10.149999618530273,9.5649995803833,10.0,71800,0.0,0.0
2022-01-10 00:00:00-05:00,10.09000015258789,10.09000015258789,9.5,9.699999809265137,105400,0.0,0.0
2022-01-11 00:00:00-05:00,9.699999809265137,9.75,9.399999618530273,9.720000267028809,59700,0.0,0.0
2022-01-12 00:00:00-05:00,9.65999984741211,9.878999710083008,9.5,9.529999732971191,48700,0.0,0.0
2022-01-13 00:00:00-05:00,9.539999961853027,9.539999961853027,9.149999618530273,9.199999809265137,61200,0.0,0.0
2022-01-14 00:00:00-05:00,9.050000190734863,9.369999885559082,8.770000457763672,9.279999732971191,80200,0.0,0.0
2022-01-18 00:00:00-05:00,9.119999885559082,9.59000015258789,8.90999984741211,9.460000038146973,83800,0.0,0.0
2022-01-19 00:00:00-05:00,9.5,9.510000228881836,8.899999618530273,9.100000381469727,113000,0.0,0.0
2022-01-20 00:00:00-05:00,9.020000457763672,9.170000076293945,8.779999732971191,8.800000190734863,131600,0.0,0.0
2022-01-21 00:00:00-05:00,8.710000038146973,8.760000228881836,8.34000015258789,8.380000114440918,145500,0.0,0.0
2022-01-24 00:00:00-05:00,8.25,8.739999771118164,7.880000114440918,8.529999732971191,183400,0.0,0.0
2022-01-25 00:00:00-05:00,8.229999542236328,9.069999694824219,8.225000381469727,8.84000015258789,113200,0.0,0.0
2022-01-26 00:00:00-05:00,9.0600004196167,9.604999542236328,8.84000015258789,9.109999656677246,99300,0.0,0.0
2022-01-27 00:00:00-05:00,9.1899995803833,9.1899995803833,8.50100040435791,8.9399995803833,41500,0.0,0.0
2022-01-28 00:00:00-05:00,8.970000267028809,9.145000457763672,8.630000114440918,8.819999694824219,39600,0.0,0.0
2022-01-31 00:00:00-05:00,8.869999885559082,9.779999732971191,8.755000114440918,9.65999984741211,78400,0.0,0.0
2022-02-01 00:00:00-05:00,9.65999984741211,9.819999694824219,9.609999656677246,9.779999732971191,23700,0.0,0.0
2022-02-02 00:00:00-05:00,9.8100004196167,9.890000343322754,9.270000457763672,9.3100004196167,27100,0.0,0.0
2022-02-03 00:00:00-05:00,9.260000228881836,9.300000190734863,9.006999969482422,9.239999771118164,39800,0.0,0.0
2022-02-04 00:00:00-05:00,9.270000457763672,9.440999984741211,9.039999961853027,9.359999656677246,37600,0.0,0.0
2022-02-07 00:00:00-05:00,9.390000343322754,9.625,9.1899995803833,9.579999923706055,44200,0.0,0.0
2022-02-08 00:00:00-05:00,9.550000190734863,9.75,9.107999801635742,9.729999542236328,31600,0.0,0.0
2022-02-09 00:00:00-05:00,9.729999542236328,9.859999656677246,9.539999961853027,9.739999771118164,36000,0.0,0.0
2022-02-10 00:00:00-05:00,9.770000457763672,10.210000038146973,9.770000457763672,10.029999732971191,51800,0.0,0.0
2022-02-11 00:00:00-05:00,10.15999984741211,10.449999809265137,9.949999809265137,10.34000015258789,27700,0.0,0.0
2022-02-14 00:00:00-05:00,10.460000038146973,10.760000228881836,10.319999694824219,10.489999771118164,49700,0.0,0.0
2022-02-15 00:00:00-05:00,10.970000267028809,11.3100004196167,10.609999656677246,11.149999618530273,70600,0.0,0.0
2022-02-16 00:00:00-05:00,11.119999885559082,11.475000381469727,10.960000038146973,11.119999885559082,38000,0.0,0.0
2022-02-17 00:00:00-05:00,11.010000228881836,11.100000381469727,10.34000015258789,10.5,29900,0.0,0.0
2022-02-18 00:00:00-05:00,10.420000076293945,10.550000190734863,10.069999694824219,10.40999984741211,40700,0.0,0.0
2022-02-22 00:00:00-05:00,10.289999961853027,10.869999885559082,9.645000457763672,9.850000381469727,31000,0.0,0.0
2022-02-23 00:00:00-05:00,10.039999961853027,10.050000190734863,9.59000015258789,9.59000015258789,56700,0.0,0.0
2022-02-24 00:00:00-05:00,9.15999984741211,9.829999923706055,8.90999984741211,9.670000076293945,56900,0.0,0.0
2022-02-25 00:00:00-05:00,9.260000228881836,9.949999809265137,9.260000228881836,9.760000228881836,29300,0.0,0.0
2022-02-28 00:00:00-05:00,9.739999771118164,10.260000228881836,9.739999771118164,9.970000267028809,48500,0.0,0.0
2022-03-01 00:00:00-05:00,10.069999694824219,10.350000381469727,9.449999809265137,9.529999732971191,31200,0.0,0.0
2022-03-02 00:00:00-05:00,9.5600004196167,10.65999984741211,9.460000038146973,9.670000076293945,25600,0.0,0.0
2022-03-03 00:00:00-05:00,9.670000076293945,10.194999694824219,9.425000190734863,9.520000457763672,17200,0.0,0.0
2022-03-04 00:00:00-05:00,9.369999885559082,9.630000114440918,8.729999542236328,8.84000015258789,54000,0.0,0.0
2022-03-07 00:00:00-05:00,8.920000076293945,9.135000228881836,7.769999980926514,7.960000038146973,70400,0.0,0.0
2022-03-08 00:00:00-05:00,8.079999923706055,8.470000267028809,7.690000057220459,7.869999885559082,76300,0.0,0.0
2022-03-09 00:00:00-05:00,7.980000019073486,8.130000114440918,7.53000020980835,7.590000152587891,62100,0.0,0.0
2022-03-10 00:00:00-05:00,7.440000057220459,7.5,7.070000171661377,7.46999979019165,49000,0.0,0.0
2022-03-11 00:00:00-05:00,7.389999866485596,7.389999866485596,6.559999942779541,6.630000114440918,83600,0.0,0.0
2022-03-14 00:00:00-04:00,6.929999828338623,6.929999828338623,6.039999961853027,6.489999771118164,90600,0.0,0.0
2022-03-15 00:00:00-04:00,6.639999866485596,6.690000057220459,6.309999942779541,6.460000038146973,69400,0.0,0.0
2022-03-16 00:00:00-04:00,6.579999923706055,7.4629998207092285,6.460000038146973,7.25,194800,0.0,0.0
2022-03-17 00:00:00-04:00,7.380000114440918,7.809999942779541,7.0,7.0,111300,0.0,0.0
2022-03-18 00:00:00-04:00,6.989999771118164,7.550000190734863,6.730000019073486,7.400000095367432,87200,0.0,0.0
2022-03-21 00:00:00-04:00,7.380000114440918,7.5,5.309999942779541,5.670000076293945,315800,0.0,0.0
2022-03-22 00:00:00-04:00,6.099999904632568,6.099999904632568,5.710000038146973,5.829999923706055,167800,0.0,0.0
2022-03-23 00:00:00-04:00,5.690000057220459,5.920000076293945,5.099999904632568,5.460000038146973,260800,0.0,0.0
2022-03-24 00:00:00-04:00,5.380000114440918,5.880000114440918,5.340000152587891,5.849999904632568,84700,0.0,0.0
2022-03-25 00:00:00-04:00,5.840000152587891,5.849999904632568,5.320000171661377,5.46999979019165,111600,0.0,0.0
2022-03-28 00:00:00-04:00,5.510000228881836,5.78000020980835,5.379000186920166,5.760000228881836,88600,0.0,0.0
2022-03-29 00:00:00-04:00,5.730000019073486,6.25,5.730000019073486,6.179999828338623,158700,0.0,0.0
2022-03-30 00:00:00-04:00,6.329999923706055,6.341000080108643,6.039999961853027,6.210000038146973,113100,0.0,0.0
2022-03-31 00:00:00-04:00,6.199999809265137,6.789999961853027,6.039999961853027,6.78000020980835,263200,0.0,0.0
2022-04-01 00:00:00-04:00,8.140000343322754,8.140000343322754,7.050000190734863,7.75,702500,0.0,0.0
2022-04-04 00:00:00-04:00,8.149999618530273,8.640000343322754,7.880000114440918,8.5,248600,0.0,0.0
2022-04-05 00:00:00-04:00,8.550000190734863,9.970000267028809,8.420000076293945,9.350000381469727,456400,0.0,0.0
2022-04-06 00:00:00-04:00,9.220000267028809,9.710000038146973,8.510000228881836,9.359999656677246,153500,0.0,0.0
2022-04-07 00:00:00-04:00,9.380000114440918,9.380000114440918,8.9350004196167,9.020000457763672,105100,0.0,0.0
2022-04-08 00:00:00-04:00,9.010000228881836,9.130000114440918,8.25,8.470000267028809,170800,0.0,0.0
2022-04-11 00:00:00-04:00,8.350000381469727,8.741999626159668,8.140000343322754,8.420000076293945,95400,0.0,0.0
2022-04-12 00:00:00-04:00,8.489999771118164,8.819999694824219,8.4399995803833,8.640000343322754,42300,0.0,0.0
2022-04-13 00:00:00-04:00,8.619999885559082,8.819999694824219,8.369999885559082,8.630000114440918,118800,0.0,0.0
2022-04-14 00:00:00-04:00,8.470000267028809,9.430000305175781,8.4399995803833,9.369999885559082,72300,0.0,0.0
2022-04-18 00:00:00-04:00,9.279999732971191,9.359999656677246,8.899999618530273,8.930000305175781,129200,0.0,0.0
2022-04-19 00:00:00-04:00,8.819999694824219,9.430000305175781,8.699999809265137,8.970000267028809,196800,0.0,0.0
2022-04-20 00:00:00-04:00,8.960000038146973,9.09000015258789,8.609999656677246,8.960000038146973,222500,0.0,0.0
2022-04-21 00:00:00-04:00,9.029999732971191,9.569999694824219,9.029999732971191,9.3100004196167,119300,0.0,0.0
2022-04-22 00:00:00-04:00,9.359999656677246,9.680000305175781,8.8100004196167,9.390000343322754,181900,0.0,0.0
2022-04-25 00:00:00-04:00,9.350000381469727,9.6899995803833,9.024999618530273,9.329999923706055,126400,0.0,0.0
2022-04-26 00:00:00-04:00,9.289999961853027,9.760000228881836,8.925000190734863,9.130000114440918,214100,0.0,0.0
2022-04-27 00:00:00-04:00,9.119999885559082,9.460000038146973,8.875,9.010000228881836,87400,0.0,0.0
2022-04-28 00:00:00-04:00,8.9399995803833,9.4399995803833,8.850000381469727,9.300000190734863,59100,0.0,0.0
2022-04-29 00:00:00-04:00,9.40999984741211,10.199999809265137,9.270000457763672,9.640000343322754,202200,0.0,0.0
2022-05-02 00:00:00-04:00,9.65999984741211,10.069999694824219,9.479999542236328,9.989999771118164,81300,0.0,0.0
2022-05-03 00:00:00-04:00,10.050000190734863,10.449999809265137,9.725000381469727,10.0,59700,0.0,0.0
2022-05-04 00:00:00-04:00,10.0,10.399999618530273,9.5600004196167,10.350000381469727,61400,0.0,0.0
2022-05-05 00:00:00-04:00,10.359999656677246,10.604000091552734,9.770000457763672,10.0600004196167,79200,0.0,0.0
2022-05-06 00:00:00-04:00,10.050000190734863,10.34000015258789,9.654999732971191,9.960000038146973,80000,0.0,0.0
2022-05-09 00:00:00-04:00,9.670000076293945,9.984999656677246,9.289999961853027,9.5600004196167,183300,0.0,0.0
2022-05-10 00:00:00-04:00,9.520000457763672,10.15999984741211,9.270000457763672,9.4399995803833,72700,0.0,0.0
2022-05-11 00:00:00-04:00,9.5,9.920000076293945,9.0600004196167,9.449999809265137,79800,0.0,0.0
2022-05-12 00:00:00-04:00,9.569999694824219,9.800000190734863,9.079999923706055,9.390000343322754,131100,0.0,0.0
2022-05-13 00:00:00-04:00,9.460000038146973,9.734999656677246,9.109999656677246,9.279999732971191,102600,0.0,0.0
2022-05-16 00:00:00-04:00,9.1899995803833,9.305000305175781,8.25,8.760000228881836,141600,0.0,0.0
2022-05-17 00:00:00-04:00,8.90999984741211,10.050000190734863,8.90999984741211,10.050000190734863,294500,0.0,0.0
2022-05-18 00:00:00-04:00,10.680000305175781,11.710000038146973,9.100000381469727,11.550000190734863,506300,0.0,0.0
2022-05-19 00:00:00-04:00,11.600000381469727,12.048999786376953,11.25,11.600000381469727,435800,0.0,0.0
2022-05-20 00:00:00-04:00,11.619999885559082,11.800000190734863,10.795000076293945,11.369999885559082,173500,0.0,0.0
2022-05-23 00:00:00-04:00,11.510000228881836,12.079999923706055,11.22599983215332,12.050000190734863,251100,0.0,0.0
2022-05-24 00:00:00-04:00,12.039999961853027,14.65999984741211,11.510000228881836,13.140000343322754,991500,0.0,0.0
2022-05-25 00:00:00-04:00,12.920000076293945,16.049999237060547,12.920000076293945,15.859999656677246,497200,0.0,0.0
2022-05-26 00:00:00-04:00,16.940000534057617,18.0,16.219999313354492,17.959999084472656,485600,0.0,0.0
2022-05-27 00:00:00-04:00,17.579999923706055,18.75,16.760000228881836,18.75,350800,0.0,0.0
2022-05-31 00:00:00-04:00,18.3700008392334,19.6299991607666,17.636999130249023,18.770000457763672,316800,0.0,0.0
2022-06-01 00:00:00-04:00,18.770000457763672,19.989999771118164,18.34000015258789,19.68000030517578,243000,0.0,0.0
2022-06-02 00:00:00-04:00,19.68000030517578,20.770000457763672,18.520000457763672,18.829999923706055,361200,0.0,0.0
2022-06-03 00:00:00-04:00,18.639999389648438,19.719999313354492,18.190000534057617,19.700000762939453,262800,0.0,0.0
2022-06-06 00:00:00-04:00,20.0,21.290000915527344,19.139999389648438,19.3799991607666,340600,0.0,0.0
2022-06-07 00:00:00-04:00,19.5,19.94099998474121,17.270000457763672,18.219999313354492,353000,0.0,0.0
2022-06-08 00:00:00-04:00,17.860000610351562,19.530000686645508,17.860000610351562,19.079999923706055,228600,0.0,0.0
2022-06-09 00:00:00-04:00,18.850000381469727,19.15999984741211,17.510000228881836,17.59000015258789,197100,0.0,0.0
2022-06-10 00:00:00-04:00,16.649999618530273,16.950000762939453,13.069999694824219,14.15999984741211,536400,0.0,0.0
2022-06-13 00:00:00-04:00,12.239999771118164,12.970000267028809,11.470000267028809,11.59000015258789,836600,0.0,0.0
2022-06-14 00:00:00-04:00,11.729999542236328,12.208999633789062,11.350000381469727,12.100000381469727,233700,0.0,0.0
2022-06-15 00:00:00-04:00,11.710000038146973,12.739999771118164,11.710000038146973,12.710000038146973,257400,0.0,0.0
2022-06-16 00:00:00-04:00,12.199999809265137,12.279999732971191,11.75,12.220000267028809,236600,0.0,0.0
2022-06-17 00:00:00-04:00,12.220000267028809,12.680000305175781,11.845000267028809,12.479999542236328,348100,0.0,0.0
2022-06-21 00:00:00-04:00,12.609999656677246,13.369999885559082,12.170999526977539,12.300000190734863,217800,0.0,0.0
2022-06-22 00:00:00-04:00,12.130000114440918,12.130000114440918,10.930000305175781,11.479999542236328,328200,0.0,0.0
2022-06-23 00:00:00-04:00,11.4399995803833,13.029999732971191,11.371000289916992,12.760000228881836,176600,0.0,0.0
2022-06-24 00:00:00-04:00,12.850000381469727,13.5,12.175000190734863,12.279999732971191,346700,0.0,0.0
2022-06-27 00:00:00-04:00,12.529999732971191,12.670000076293945,12.010000228881836,12.199999809265137,110700,0.0,0.0
2022-06-28 00:00:00-04:00,12.15999984741211,12.920000076293945,11.972000122070312,12.029999732971191,79500,0.0,0.0
2022-06-29 00:00:00-04:00,11.8100004196167,11.875,11.0,11.1899995803833,139300,0.0,0.0
2022-06-30 00:00:00-04:00,10.90999984741211,11.130000114440918,10.359999656677246,10.850000381469727,108000,0.0,0.0
2022-07-01 00:00:00-04:00,10.8100004196167,11.319999694824219,10.180000305175781,11.0,70800,0.0,0.0
2022-07-05 00:00:00-04:00,10.8100004196167,11.680000305175781,10.399999618530273,11.630000114440918,81700,0.0,0.0
2022-07-06 00:00:00-04:00,11.569999694824219,11.760000228881836,11.260000228881836,11.420000076293945,97400,0.0,0.0
2022-07-07 00:00:00-04:00,11.449999809265137,11.725000381469727,10.899999618530273,11.5600004196167,85000,0.0,0.0
2022-07-08 00:00:00-04:00,11.260000228881836,12.199999809265137,11.210000038146973,12.100000381469727,84200,0.0,0.0
2022-07-11 00:00:00-04:00,11.859999656677246,11.899999618530273,10.760000228881836,10.770000457763672,124300,0.0,0.0
2022-07-12 00:00:00-04:00,10.800000190734863,11.420000076293945,10.630000114440918,10.920000076293945,110900,0.0,0.0
2022-07-13 00:00:00-04:00,10.680000305175781,11.670000076293945,10.170000076293945,11.489999771118164,122400,0.0,0.0
2022-07-14 00:00:00-04:00,11.239999771118164,11.729999542236328,9.890000343322754,9.9399995803833,144600,0.0,0.0
2022-07-15 00:00:00-04:00,9.9399995803833,10.279999732971191,9.059000015258789,10.25,151900,0.0,0.0
2022-07-18 00:00:00-04:00,10.3100004196167,11.494999885559082,10.199999809265137,10.539999961853027,120400,0.0,0.0
2022-07-19 00:00:00-04:00,10.600000381469727,11.199999809265137,10.279999732971191,10.399999618530273,129300,0.0,0.0
2022-07-20 00:00:00-04:00,10.430000305175781,11.270000457763672,10.34000015258789,11.130000114440918,84000,0.0,0.0
2022-07-21 00:00:00-04:00,11.069999694824219,11.069999694824219,10.270000457763672,10.34000015258789,56800,0.0,0.0
2022-07-22 00:00:00-04:00,9.789999961853027,9.789999961853027,6.78000020980835,7.630000114440918,474900,0.0,0.0
2022-07-25 00:00:00-04:00,7.739999771118164,8.569999694824219,7.389999866485596,8.319999694824219,186300,0.0,0.0
2022-07-26 00:00:00-04:00,8.0600004196167,8.0600004196167,6.954999923706055,7.449999809265137,118200,0.0,0.0
2022-07-27 00:00:00-04:00,7.429999828338623,8.130000114440918,7.170000076293945,7.71999979019165,82700,0.0,0.0
2022-07-28 00:00:00-04:00,7.21999979019165,7.425000190734863,5.889999866485596,5.900000095367432,337200,0.0,0.0
2022-07-29 00:00:00-04:00,6.059999942779541,6.059999942779541,5.554999828338623,5.599999904632568,386200,0.0,0.0
2022-08-01 00:00:00-04:00,5.630000114440918,5.639999866485596,5.304999828338623,5.460000038146973,478500,0.0,0.0
2022-08-02 00:00:00-04:00,5.480000019073486,5.570000171661377,5.309999942779541,5.389999866485596,210000,0.0,0.0
2022-08-03 00:00:00-04:00,5.550000190734863,5.840000152587891,5.420000076293945,5.619999885559082,380400,0.0,0.0
2022-08-04 00:00:00-04:00,5.690000057220459,5.940000057220459,5.420000076293945,5.670000076293945,295400,0.0,0.0
2022-08-05 00:00:00-04:00,5.630000114440918,5.980000019073486,5.579999923706055,5.710000038146973,205800,0.0,0.0
2022-08-08 00:00:00-04:00,6.289999961853027,7.670000076293945,6.25,7.329999923706055,1463900,0.0,0.0
2022-08-09 00:00:00-04:00,7.53000020980835,7.840000152587891,6.510000228881836,6.679999828338623,413100,0.0,0.0
2022-08-10 00:00:00-04:00,6.900000095367432,7.210000038146973,6.78000020980835,6.980000019073486,187400,0.0,0.0
2022-08-11 00:00:00-04:00,7.039999961853027,7.394999980926514,6.960000038146973,6.980000019073486,264000,0.0,0.0
2022-08-12 00:00:00-04:00,6.96999979019165,7.309999942779541,6.579999923706055,7.269999980926514,205500,0.0,0.0
2022-08-15 00:00:00-04:00,7.360000133514404,7.440000057220459,7.070000171661377,7.380000114440918,169400,0.0,0.0
2022-08-16 00:00:00-04:00,7.429999828338623,8.15999984741211,7.340000152587891,7.829999923706055,483600,0.0,0.0
2022-08-17 00:00:00-04:00,7.400000095367432,7.548999786376953,5.925000190734863,6.75,858400,0.0,0.0
2022-08-18 00:00:00-04:00,6.730000019073486,7.300000190734863,6.440000057220459,7.130000114440918,306000,0.0,0.0
2022-08-19 00:00:00-04:00,6.96999979019165,7.070000171661377,6.510000228881836,6.900000095367432,351800,0.0,0.0
2022-08-22 00:00:00-04:00,6.71999979019165,6.789999961853027,6.25,6.349999904632568,256200,0.0,0.0
2022-08-23 00:00:00-04:00,6.389999866485596,6.769999980926514,6.389999866485596,6.539999961853027,244200,0.0,0.0
2022-08-24 00:00:00-04:00,6.630000114440918,6.710000038146973,6.360000133514404,6.559999942779541,200900,0.0,0.0
2022-08-25 00:00:00-04:00,6.639999866485596,6.8429999351501465,6.449999809265137,6.599999904632568,178100,0.0,0.0
2022-08-26 00:00:00-04:00,6.75,6.860000133514404,6.610000133514404,6.840000152587891,258200,0.0,0.0
2022-08-29 00:00:00-04:00,6.78000020980835,7.159999847412109,6.699999809265137,6.800000190734863,213600,0.0,0.0
2022-08-30 00:00:00-04:00,6.78000020980835,6.829999923706055,6.5,6.760000228881836,223200,0.0,0.0
2022-08-31 00:00:00-04:00,6.860000133514404,7.085000038146973,6.320000171661377,6.380000114440918,172800,0.0,0.0
2022-09-01 00:00:00-04:00,6.400000095367432,6.400000095367432,5.829999923706055,6.059999942779541,222500,0.0,0.0
2022-09-02 00:00:00-04:00,6.260000228881836,6.260000228881836,5.960000038146973,6.179999828338623,206200,0.0,0.0
2022-09-06 00:00:00-04:00,6.239999771118164,6.579999923706055,6.019999980926514,6.159999847412109,238900,0.0,0.0
2022-09-07 00:00:00-04:00,6.300000190734863,6.610000133514404,6.199999809265137,6.590000152587891,142500,0.0,0.0
2022-09-08 00:00:00-04:00,6.449999809265137,6.579999923706055,6.239999771118164,6.429999828338623,111000,0.0,0.0
2022-09-09 00:00:00-04:00,6.489999771118164,6.734000205993652,6.380000114440918,6.46999979019165,160600,0.0,0.0
2022-09-12 00:00:00-04:00,6.53000020980835,6.789999961853027,6.260000228881836,6.5,242100,0.0,0.0
2022-09-13 00:00:00-04:00,6.300000190734863,6.480000019073486,5.889999866485596,5.900000095367432,179200,0.0,0.0
2022-09-14 00:00:00-04:00,5.900000095367432,6.110000133514404,5.599999904632568,6.059999942779541,232300,0.0,0.0
2022-09-15 00:00:00-04:00,6.019999980926514,6.320000171661377,5.900000095367432,5.900000095367432,208600,0.0,0.0
2022-09-16 00:00:00-04:00,5.769999980926514,5.820000171661377,5.440000057220459,5.440000057220459,1127500,0.0,0.0
2022-09-19 00:00:00-04:00,5.349999904632568,5.744999885559082,5.349999904632568,5.610000133514404,305300,0.0,0.0
2022-09-20 00:00:00-04:00,5.519999980926514,5.630000114440918,5.130000114440918,5.329999923706055,222900,0.0,0.0
2022-09-21 00:00:00-04:00,5.349999904632568,5.489999771118164,5.144999980926514,5.28000020980835,177600,0.0,0.0
2022-09-22 00:00:00-04:00,5.269999980926514,5.28000020980835,4.869999885559082,4.949999809265137,251500,0.0,0.0
2022-09-23 00:00:00-04:00,5.059999942779541,5.059999942779541,4.849999904632568,4.980000019073486,156500,0.0,0.0
2022-09-26 00:00:00-04:00,4.960000038146973,5.150000095367432,4.880000114440918,4.900000095367432,106000,0.0,0.0
2022-09-27 00:00:00-04:00,4.96999979019165,5.176000118255615,4.960000038146973,5.010000228881836,89400,0.0,0.0
2022-09-28 00:00:00-04:00,5.050000190734863,5.139999866485596,4.929999828338623,5.059999942779541,90500,0.0,0.0
2022-09-29 00:00:00-04:00,4.96999979019165,4.96999979019165,4.579999923706055,4.710000038146973,205800,0.0,0.0
2022-09-30 00:00:00-04:00,4.690000057220459,4.920000076293945,4.571000099182129,4.659999847412109,118500,0.0,0.0
2022-10-03 00:00:00-04:00,4.690000057220459,4.900000095367432,4.570000171661377,4.860000133514404,124100,0.0,0.0
2022-10-04 00:00:00-04:00,4.940000057220459,5.139999866485596,4.800000190734863,4.960000038146973,266800,0.0,0.0
2022-10-05 00:00:00-04:00,4.869999885559082,5.005000114440918,4.71999979019165,4.980000019073486,102400,0.0,0.0
2022-10-06 00:00:00-04:00,4.929999828338623,5.409999847412109,4.860000133514404,5.050000190734863,125200,0.0,0.0
2022-10-07 00:00:00-04:00,5.119999885559082,5.21999979019165,4.769999980926514,5.119999885559082,110800,0.0,0.0
2022-10-10 00:00:00-04:00,5.059999942779541,5.53000020980835,4.860000133514404,5.28000020980835,242600,0.0,0.0
2022-10-11 00:00:00-04:00,5.260000228881836,5.679999828338623,4.949999809265137,5.449999809265137,266700,0.0,0.0
2022-10-12 00:00:00-04:00,5.449999809265137,5.679999828338623,5.0,5.340000152587891,137000,0.0,0.0
2022-10-13 00:00:00-04:00,5.179999828338623,5.579999923706055,5.070000171661377,5.440000057220459,159600,0.0,0.0
2022-10-14 00:00:00-04:00,5.460000038146973,5.460000038146973,4.940000057220459,4.96999979019165,148100,0.0,0.0
2022-10-17 00:00:00-04:00,5.090000152587891,5.800000190734863,5.079999923706055,5.550000190734863,207500,0.0,0.0
2022-10-18 00:00:00-04:00,5.820000171661377,5.860000133514404,5.510000228881836,5.789999961853027,100100,0.0,0.0
2022-10-19 00:00:00-04:00,5.730000019073486,5.730000019073486,5.179999828338623,5.230000019073486,119300,0.0,0.0
2022-10-20 00:00:00-04:00,5.199999809265137,5.409999847412109,5.199999809265137,5.269999980926514,60700,0.0,0.0
2022-10-21 00:00:00-04:00,5.400000095367432,5.559999942779541,5.150000095367432,5.519999980926514,76900,0.0,0.0
2022-10-24 00:00:00-04:00,5.550000190734863,5.690000057220459,5.261000156402588,5.619999885559082,72500,0.0,0.0
2022-10-25 00:00:00-04:00,5.619999885559082,6.019999980926514,5.619999885559082,5.869999885559082,97700,0.0,0.0
2022-10-26 00:00:00-04:00,5.920000076293945,6.289999961853027,5.920000076293945,6.0,91600,0.0,0.0
2022-10-27 00:00:00-04:00,6.050000190734863,6.610000133514404,5.965000152587891,6.019999980926514,115500,0.0,0.0
2022-10-28 00:00:00-04:00,6.110000133514404,6.21999979019165,5.71999979019165,6.139999866485596,82000,0.0,0.0
2022-10-31 00:00:00-04:00,6.099999904632568,6.559999942779541,6.099999904632568,6.260000228881836,112100,0.0,0.0
2022-11-01 00:00:00-04:00,6.409999847412109,6.800000190734863,6.260000228881836,6.340000152587891,118700,0.0,0.0
2022-11-02 00:00:00-04:00,6.289999961853027,6.619999885559082,6.03000020980835,6.090000152587891,102800,0.0,0.0
2022-11-03 00:00:00-04:00,6.079999923706055,6.28000020980835,5.869999885559082,6.190000057220459,90900,0.0,0.0
2022-11-04 00:00:00-04:00,6.349999904632568,6.409999847412109,5.980000019073486,6.170000076293945,49400,0.0,0.0
2022-11-07 00:00:00-05:00,6.21999979019165,6.369999885559082,6.0,6.079999923706055,59300,0.0,0.0
2022-11-08 00:00:00-05:00,6.119999885559082,6.119999885559082,5.190000057220459,5.489999771118164,135600,0.0,0.0
2022-11-09 00:00:00-05:00,5.409999847412109,5.429999828338623,5.0,5.039999961853027,91600,0.0,0.0
2022-11-10 00:00:00-05:00,5.309999942779541,5.630000114440918,5.059999942779541,5.269999980926514,157100,0.0,0.0
2022-11-11 00:00:00-05:00,5.25,6.03000020980835,5.25,5.78000020980835,149700,0.0,0.0
2022-11-14 00:00:00-05:00,5.699999809265137,5.809999942779541,5.5,5.690000057220459,230300,0.0,0.0
2022-11-15 00:00:00-05:00,5.889999866485596,6.309999942779541,5.764999866485596,6.289999961853027,303600,0.0,0.0
2022-11-16 00:00:00-05:00,4.900000095367432,5.84499979019165,4.5,5.519999980926514,572900,0.0,0.0
2022-11-17 00:00:00-05:00,5.349999904632568,5.349999904632568,4.760000228881836,5.039999961853027,309200,0.0,0.0
2022-11-18 00:00:00-05:00,5.090000152587891,5.090000152587891,4.809999942779541,4.869999885559082,96500,0.0,0.0
2022-11-21 00:00:00-05:00,4.840000152587891,4.840000152587891,4.360000133514404,4.489999771118164,231100,0.0,0.0
2022-11-22 00:00:00-05:00,4.489999771118164,4.559999942779541,4.199999809265137,4.340000152587891,228200,0.0,0.0
2022-11-23 00:00:00-05:00,4.110000133514404,4.360000133514404,4.019999980926514,4.090000152587891,292100,0.0,0.0
2022-11-25 00:00:00-05:00,4.079999923706055,4.179999828338623,4.0,4.019999980926514,54800,0.0,0.0
2022-11-28 00:00:00-05:00,4.019999980926514,4.179999828338623,3.924999952316284,4.0,131600,0.0,0.0
2022-11-29 00:00:00-05:00,4.010000228881836,4.010000228881836,3.640000104904175,3.7300000190734863,341700,0.0,0.0
2022-11-30 00:00:00-05:00,3.8299999237060547,3.890000104904175,3.6700000762939453,3.8499999046325684,141500,0.0,0.0
2022-12-01 00:00:00-05:00,3.869999885559082,3.9149999618530273,3.680000066757202,3.700000047683716,195000,0.0,0.0
2022-12-02 00:00:00-05:00,3.700000047683716,3.825000047683716,3.5999999046325684,3.6600000858306885,172400,0.0,0.0
2022-12-05 00:00:00-05:00,3.6600000858306885,3.7899999618530273,3.390000104904175,3.490000009536743,255300,0.0,0.0
2022-12-06 00:00:00-05:00,3.490000009536743,3.5950000286102295,3.200000047683716,3.240000009536743,141500,0.0,0.0
2022-12-07 00:00:00-05:00,3.25,3.25,3.119999885559082,3.1600000858306885,93800,0.0,0.0
2022-12-08 00:00:00-05:00,3.2300000190734863,3.2300000190734863,3.0350000858306885,3.059999942779541,281900,0.0,0.0
2022-12-09 00:00:00-05:00,3.0399999618530273,3.309999942779541,2.990000009536743,3.2100000381469727,123300,0.0,0.0
2022-12-12 00:00:00-05:00,3.240000009536743,3.265000104904175,3.0,3.119999885559082,117000,0.0,0.0
2022-12-13 00:00:00-05:00,3.2799999713897705,3.378999948501587,3.0399999618530273,3.0999999046325684,138400,0.0,0.0
2022-12-14 00:00:00-05:00,3.0899999141693115,3.138000011444092,2.869999885559082,2.9100000858306885,147500,0.0,0.0
2022-12-15 00:00:00-05:00,2.869999885559082,2.9100000858306885,2.6600000858306885,2.700000047683716,163100,0.0,0.0
2022-12-16 00:00:00-05:00,2.7200000286102295,3.059999942779541,2.6600000858306885,2.9700000286102295,257900,0.0,0.0
2022-12-19 00:00:00-05:00,2.9700000286102295,2.9700000286102295,2.440000057220459,2.4700000286102295,163000,0.0,0.0
2022-12-20 00:00:00-05:00,2.490000009536743,2.640000104904175,2.4700000286102295,2.559999942779541,81200,0.0,0.0
2022-12-21 00:00:00-05:00,2.5399999618530273,2.6600000858306885,2.503000020980835,2.5399999618530273,96900,0.0,0.0
2022-12-22 00:00:00-05:00,2.5199999809265137,2.690000057220459,2.259999990463257,2.359999895095825,224200,0.0,0.0
2022-12-23 00:00:00-05:00,2.380000114440918,2.4730000495910645,2.3399999141693115,2.359999895095825,90100,0.0,0.0
2022-12-27 00:00:00-05:00,2.3299999237060547,2.3299999237060547,2.1700000762939453,2.180000066757202,198500,0.0,0.0
2022-12-28 00:00:00-05:00,2.1700000762939453,2.369999885559082,2.1600000858306885,2.2899999618530273,169700,0.0,0.0
2022-12-29 00:00:00-05:00,2.380000114440918,2.5,2.309999942779541,2.440000057220459,154600,0.0,0.0
2022-12-30 00:00:00-05:00,2.390000104904175,2.569999933242798,2.369999885559082,2.509999990463257,169000,0.0,0.0
2023-01-03 00:00:00-05:00,2.509999990463257,2.569999933242798,2.430000066757202,2.450000047683716,62800,0.0,0.0
2023-01-04 00:00:00-05:00,2.5,2.5,2.299999952316284,2.3499999046325684,135100,0.0,0.0
2023-01-05 00:00:00-05:00,2.3299999237060547,2.3570001125335693,2.255000114440918,2.2799999713897705,127900,0.0,0.0
2023-01-06 00:00:00-05:00,2.299999952316284,2.390000104904175,2.2100000381469727,2.369999885559082,135400,0.0,0.0
2023-01-09 00:00:00-05:00,2.4100000858306885,2.4200000762939453,2.240000009536743,2.25,99500,0.0,0.0
2023-01-10 00:00:00-05:00,2.2699999809265137,2.4600000381469727,2.240000009536743,2.430000066757202,90700,0.0,0.0
2023-01-11 00:00:00-05:00,2.4600000381469727,2.6600000858306885,2.4600000381469727,2.609999895095825,64000,0.0,0.0
2023-01-12 00:00:00-05:00,2.6600000858306885,2.822999954223633,2.5220000743865967,2.7100000381469727,123700,0.0,0.0
2023-01-13 00:00:00-05:00,2.680000066757202,2.8299999237060547,2.680000066757202,2.799999952316284,61100,0.0,0.0
2023-01-17 00:00:00-05:00,2.7899999618530273,2.869999885559082,2.7300000190734863,2.7699999809265137,69900,0.0,0.0
2023-01-18 00:00:00-05:00,2.799999952316284,3.0399999618530273,2.799999952316284,3.0199999809265137,113000,0.0,0.0
2023-01-19 00:00:00-05:00,3.0,3.0399999618530273,2.880000114440918,3.0,69200,0.0,0.0
2023-01-20 00:00:00-05:00,3.049999952316284,3.0850000381469727,2.9100000858306885,2.9600000381469727,83500,0.0,0.0
2023-01-23 00:00:00-05:00,2.9700000286102295,3.006999969482422,2.811000108718872,2.950000047683716,47700,0.0,0.0
2023-01-24 00:00:00-05:00,2.950000047683716,3.0,2.7799999713897705,2.7899999618530273,90200,0.0,0.0
2023-01-25 00:00:00-05:00,2.7799999713897705,2.9700000286102295,2.6700000762939453,2.880000114440918,97600,0.0,0.0
2023-01-26 00:00:00-05:00,2.9600000381469727,2.9800000190734863,2.680000066757202,2.7799999713897705,66000,0.0,0.0
2023-01-27 00:00:00-05:00,2.7799999713897705,3.115000009536743,2.759999990463257,3.0399999618530273,83800,0.0,0.0
2023-01-30 00:00:00-05:00,2.930000066757202,3.2100000381469727,2.8499999046325684,3.009999990463257,72500,0.0,0.0
2023-01-31 00:00:00-05:00,3.0299999713897705,3.306999921798706,3.0299999713897705,3.2300000190734863,130800,0.0,0.0
2023-02-01 00:00:00-05:00,3.1600000858306885,3.440000057220459,3.049999952316284,3.380000114440918,129200,0.0,0.0
2023-02-02 00:00:00-05:00,3.3299999237060547,3.5999999046325684,3.299999952316284,3.380000114440918,125300,0.0,0.0
2023-02-03 00:00:00-05:00,3.309999942779541,3.5999999046325684,3.2300000190734863,3.430000066757202,81900,0.0,0.0
2023-02-06 00:00:00-05:00,3.440000057220459,3.7799999713897705,3.3499999046325684,3.7200000286102295,124600,0.0,0.0
2023-02-07 00:00:00-05:00,3.759999990463257,4.039999961853027,3.640000104904175,3.990000009536743,132200,0.0,0.0
2023-02-08 00:00:00-05:00,3.940000057220459,3.9800000190734863,3.5999999046325684,3.7100000381469727,117000,0.0,0.0
2023-02-09 00:00:00-05:00,3.7100000381469727,3.7899999618530273,3.5399999618530273,3.5399999618530273,103500,0.0,0.0
2023-02-10 00:00:00-05:00,3.509999990463257,3.509999990463257,2.890000104904175,2.9600000381469727,144100,0.0,0.0
2023-02-13 00:00:00-05:00,3.0899999141693115,3.0899999141693115,2.7899999618530273,3.009999990463257,109800,0.0,0.0
2023-02-14 00:00:00-05:00,2.990000009536743,3.2699999809265137,2.944999933242798,3.200000047683716,73000,0.0,0.0
2023-02-15 00:00:00-05:00,3.0799999237060547,3.2699999809265137,3.005000114440918,3.2300000190734863,63100,0.0,0.0
2023-02-16 00:00:00-05:00,3.180000066757202,3.240000009536743,3.0999999046325684,3.0999999046325684,51000,0.0,0.0
2023-02-17 00:00:00-05:00,3.140000104904175,3.3499999046325684,3.122999906539917,3.299999952316284,104800,0.0,0.0
2023-02-21 00:00:00-05:00,3.2100000381469727,3.244999885559082,3.0,3.0199999809265137,33500,0.0,0.0
2023-02-22 00:00:00-05:00,3.0299999713897705,3.119999885559082,2.950000047683716,3.069999933242798,39700,0.0,0.0
2023-02-23 00:00:00-05:00,3.0999999046325684,3.25,3.0,3.1500000953674316,43600,0.0,0.0
2023-02-24 00:00:00-05:00,3.0399999618530273,3.119999885559082,2.9600000381469727,3.0299999713897705,38500,0.0,0.0
2023-02-27 00:00:00-05:00,3.109999895095825,3.188999891281128,2.940000057220459,3.009999990463257,41000,0.0,0.0
2023-02-28 00:00:00-05:00,3.009999990463257,3.25,3.009999990463257,3.049999952316284,27800,0.0,0.0
2023-03-01 00:00:00-05:00,3.059999942779541,3.240999937057495,3.0,3.119999885559082,124300,0.0,0.0
2023-03-02 00:00:00-05:00,3.049999952316284,3.2300000190734863,3.005000114440918,3.0999999046325684,40600,0.0,0.0
2023-03-03 00:00:00-05:00,3.130000114440918,3.200000047683716,3.0799999237060547,3.1500000953674316,31900,0.0,0.0
2023-03-06 00:00:00-05:00,3.180000066757202,3.4000000953674316,3.0250000953674316,3.0799999237060547,59100,0.0,0.0
2023-03-07 00:00:00-05:00,3.1500000953674316,3.1500000953674316,2.9200000762939453,2.930000066757202,56600,0.0,0.0
2023-03-08 00:00:00-05:00,2.930000066757202,2.9579999446868896,2.4000000953674316,2.440000057220459,188200,0.0,0.0
2023-03-09 00:00:00-05:00,2.440000057220459,2.5399999618530273,2.200000047683716,2.2049999237060547,107900,0.0,0.0
2023-03-10 00:00:00-05:00,2.200000047683716,2.3399999141693115,1.934999942779541,2.0,156500,0.0,0.0
2023-03-13 00:00:00-04:00,2.049999952316284,2.109999895095825,2.0,2.0399999618530273,92200,0.0,0.0
2023-03-14 00:00:00-04:00,2.0999999046325684,2.25,1.9800000190734863,2.0999999046325684,155500,0.0,0.0
2023-03-15 00:00:00-04:00,2.240000009536743,2.5,2.140000104904175,2.4800000190734863,258900,0.0,0.0
2023-03-16 00:00:00-04:00,2.5,2.950000047683716,2.5,2.680000066757202,218700,0.0,0.0
2023-03-17 00:00:00-04:00,2.640000104904175,2.809999942779541,2.299999952316284,2.319999933242798,137200,0.0,0.0
2023-03-20 00:00:00-04:00,2.319999933242798,2.369999885559082,2.2950000762939453,2.3550000190734863,61200,0.0,0.0
2023-03-21 00:00:00-04:00,2.359999895095825,2.799999952316284,2.3299999237060547,2.609999895095825,72500,0.0,0.0
2023-03-22 00:00:00-04:00,2.640000104904175,2.640000104904175,2.359999895095825,2.569999933242798,114200,0.0,0.0
2023-03-23 00:00:00-04:00,2.5999999046325684,2.6549999713897705,2.299999952316284,2.365000009536743,43000,0.0,0.0
2023-03-24 00:00:00-04:00,2.3399999141693115,2.4800000190734863,2.3299999237060547,2.4100000858306885,34100,0.0,0.0
2023-03-27 00:00:00-04:00,2.4000000953674316,2.4600000381469727,2.3499999046325684,2.380000114440918,45400,0.0,0.0
2023-03-28 00:00:00-04:00,2.359999895095825,2.509999990463257,2.2799999713897705,2.359999895095825,28900,0.0,0.0
2023-03-29 00:00:00-04:00,2.4000000953674316,2.427000045776367,2.309999942779541,2.3499999046325684,37000,0.0,0.0
2023-03-30 00:00:00-04:00,2.380000114440918,2.390000104904175,2.299999952316284,2.3499999046325684,15300,0.0,0.0
2023-03-31 00:00:00-04:00,2.380000114440918,2.490000009536743,2.316999912261963,2.380000114440918,73600,0.0,0.0
2023-04-03 00:00:00-04:00,2.380000114440918,2.6700000762939453,2.299999952316284,2.359999895095825,38600,0.0,0.0
2023-04-04 00:00:00-04:00,2.359999895095825,2.390000104904175,2.2200000286102295,2.2200000286102295,103300,0.0,0.0
2023-04-05 00:00:00-04:00,2.2699999809265137,2.3399999141693115,2.109999895095825,2.130000114440918,64200,0.0,0.0
2023-04-06 00:00:00-04:00,2.140000104904175,2.25,2.059999942779541,2.0999999046325684,42200,0.0,0.0
2023-04-10 00:00:00-04:00,2.0899999141693115,2.1700000762939453,1.9299999475479126,2.0299999713897705,96600,0.0,0.0
2023-04-11 00:00:00-04:00,2.0399999618530273,2.1500000953674316,1.9800000190734863,2.059999942779541,42100,0.0,0.0
2023-04-12 00:00:00-04:00,2.0799999237060547,2.0799999237060547,1.899999976158142,1.9600000381469727,45500,0.0,0.0
2023-04-13 00:00:00-04:00,1.9700000286102295,2.2799999713897705,1.909999966621399,2.2300000190734863,66100,0.0,0.0
2023-04-14 00:00:00-04:00,2.2300000190734863,2.259999990463257,2.0299999713897705,2.0799999237060547,39400,0.0,0.0
2023-04-17 00:00:00-04:00,2.059999942779541,2.130000114440918,2.0369999408721924,2.119999885559082,32400,0.0,0.0
2023-04-18 00:00:00-04:00,2.1600000858306885,2.1700000762939453,2.0999999046325684,2.140000104904175,32400,0.0,0.0
2023-04-19 00:00:00-04:00,2.140000104904175,2.5899999141693115,2.119999885559082,2.4000000953674316,132500,0.0,0.0
2023-04-20 00:00:00-04:00,2.380000114440918,2.4210000038146973,2.200000047683716,2.2300000190734863,23500,0.0,0.0
2023-04-21 00:00:00-04:00,2.200000047683716,2.2850000858306885,2.0899999141693115,2.200000047683716,39600,0.0,0.0
2023-04-24 00:00:00-04:00,2.1600000858306885,2.2899999618530273,2.1500000953674316,2.1700000762939453,34300,0.0,0.0
2023-04-25 00:00:00-04:00,2.180000066757202,2.390000104904175,2.1500000953674316,2.3499999046325684,54200,0.0,0.0
2023-04-26 00:00:00-04:00,2.299999952316284,2.390000104904175,2.2100000381469727,2.25,68500,0.0,0.0
2023-04-27 00:00:00-04:00,2.2799999713897705,2.2799999713897705,2.1500000953674316,2.200000047683716,34000,0.0,0.0
2023-04-28 00:00:00-04:00,2.200000047683716,2.299999952316284,2.180000066757202,2.25,33100,0.0,0.0
2023-05-01 00:00:00-04:00,2.259999990463257,2.315000057220459,2.1500000953674316,2.2300000190734863,24400,0.0,0.0
2023-05-02 00:00:00-04:00,2.200000047683716,2.3399999141693115,2.1010000705718994,2.299999952316284,22900,0.0,0.0
2023-05-03 00:00:00-04:00,2.3299999237060547,2.740000009536743,2.319999933242798,2.559999942779541,75600,0.0,0.0
2023-05-04 00:00:00-04:00,2.5299999713897705,2.75,2.421999931335449,2.5399999618530273,53300,0.0,0.0
2023-05-05 00:00:00-04:00,2.609999895095825,2.6500000953674316,2.2699999809265137,2.569999933242798,16100,0.0,0.0
2023-05-08 00:00:00-04:00,2.5899999141693115,2.7799999713897705,2.4800000190734863,2.640000104904175,36200,0.0,0.0
2023-05-09 00:00:00-04:00,2.630000114440918,2.700000047683716,2.3499999046325684,2.4100000858306885,77200,0.0,0.0
2023-05-10 00:00:00-04:00,2.4100000858306885,2.5299999713897705,2.319999933242798,2.5299999713897705,37600,0.0,0.0
2023-05-11 00:00:00-04:00,2.5,2.6700000762939453,2.319999933242798,2.4100000858306885,43800,0.0,0.0
2023-05-12 00:00:00-04:00,2.430000066757202,2.490000009536743,2.319999933242798,2.369999885559082,25800,0.0,0.0
2023-05-15 00:00:00-04:00,2.369999885559082,2.4600000381469727,2.322000026702881,2.4100000858306885,16400,0.0,0.0
2023-05-16 00:00:00-04:00,2.380000114440918,2.5,2.378000020980835,2.440000057220459,35500,0.0,0.0
2023-05-17 00:00:00-04:00,2.4600000381469727,2.6700000762939453,2.361999988555908,2.5799999237060547,30200,0.0,0.0
2023-05-18 00:00:00-04:00,2.5799999237060547,2.759999990463257,2.4000000953674316,2.759999990463257,78200,0.0,0.0
2023-05-19 00:00:00-04:00,2.799999952316284,2.8399999141693115,2.4200000762939453,2.7799999713897705,130000,0.0,0.0
2023-05-22 00:00:00-04:00,2.8299999237060547,2.9000000953674316,2.5999999046325684,2.7699999809265137,105300,0.0,0.0
2023-05-23 00:00:00-04:00,2.759999990463257,2.950000047683716,2.680000066757202,2.809999942779541,74900,0.0,0.0
2023-05-24 00:00:00-04:00,2.7049999237060547,3.0199999809265137,2.7039999961853027,2.9600000381469727,58800,0.0,0.0
2023-05-25 00:00:00-04:00,3.0,3.0799999237060547,2.890000104904175,3.009999990463257,89900,0.0,0.0
2023-05-26 00:00:00-04:00,2.990000009536743,3.069999933242798,2.690000057220459,2.75,28800,0.0,0.0
2023-05-30 00:00:00-04:00,2.7300000190734863,2.8299999237060547,2.5199999809265137,2.5399999618530273,33300,0.0,0.0
2023-05-31 00:00:00-04:00,2.549999952316284,2.549999952316284,2.3499999046325684,2.430000066757202,48800,0.0,0.0
2023-06-01 00:00:00-04:00,2.4000000953674316,2.4649999141693115,2.3499999046325684,2.4200000762939453,38300,0.0,0.0
2023-06-02 00:00:00-04:00,2.4600000381469727,2.549999952316284,2.359999895095825,2.4800000190734863,65100,0.0,0.0
2023-06-05 00:00:00-04:00,2.4600000381469727,2.549999952316284,2.4000000953674316,2.4800000190734863,32400,0.0,0.0
2023-06-06 00:00:00-04:00,2.4700000286102295,2.799999952316284,2.4049999713897705,2.5199999809265137,75500,0.0,0.0
2023-06-07 00:00:00-04:00,2.630000114440918,2.6600000858306885,2.4100000858306885,2.5199999809265137,58900,0.0,0.0
2023-06-08 00:00:00-04:00,2.5199999809265137,2.5799999237060547,2.369999885559082,2.509999990463257,60000,0.0,0.0
2023-06-09 00:00:00-04:00,2.549999952316284,2.549999952316284,2.359999895095825,2.430000066757202,51700,0.0,0.0
2023-06-12 00:00:00-04:00,2.4700000286102295,2.609999895095825,2.380000114440918,2.509999990463257,61900,0.0,0.0
2023-06-13 00:00:00-04:00,2.559999942779541,2.6050000190734863,2.4000000953674316,2.494999885559082,69000,0.0,0.0
2023-06-14 00:00:00-04:00,2.4700000286102295,2.509999990463257,2.430000066757202,2.4800000190734863,41700,0.0,0.0
2023-06-15 00:00:00-04:00,2.4200000762939453,2.549999952316284,2.380000114440918,2.509999990463257,60900,0.0,0.0
2023-06-16 00:00:00-04:00,2.559999942779541,2.559999942779541,2.259999990463257,2.3499999046325684,129200,0.0,0.0
2023-06-20 00:00:00-04:00,2.319999933242798,2.319999933242798,2.109999895095825,2.180000066757202,101900,0.0,0.0
2023-06-21 00:00:00-04:00,2.140000104904175,2.190000057220459,2.130000114440918,2.134999990463257,41900,0.0,0.0
2023-06-22 00:00:00-04:00,2.130000114440918,2.1700000762939453,2.0999999046325684,2.119999885559082,54700,0.0,0.0
2023-06-23 00:00:00-04:00,2.0999999046325684,3.259999990463257,2.0,3.140000104904175,3748500,0.0,0.0
2023-06-26 00:00:00-04:00,2.5,2.740000009536743,2.4800000190734863,2.7100000381469727,582700,0.0,0.0
2023-06-27 00:00:00-04:00,2.700000047683716,2.890000104904175,2.619999885559082,2.7300000190734863,112600,0.0,0.0
2023-06-28 00:00:00-04:00,2.7200000286102295,3.0799999237060547,2.549999952316284,2.880000114440918,209200,0.0,0.0
2023-06-29 00:00:00-04:00,2.819999933242798,3.0,2.565000057220459,2.5999999046325684,122400,0.0,0.0
2023-06-30 00:00:00-04:00,2.700000047683716,2.700000047683716,2.509999990463257,2.5299999713897705,92000,0.0,0.0
2023-07-03 00:00:00-04:00,2.430000066757202,2.6549999713897705,2.430000066757202,2.619999885559082,35700,0.0,0.0
2023-07-05 00:00:00-04:00,2.640000104904175,2.799999952316284,2.5999999046325684,2.75,42600,0.0,0.0
2023-07-06 00:00:00-04:00,2.6700000762939453,2.680000066757202,2.505000114440918,2.549999952316284,28700,0.0,0.0
2023-07-07 00:00:00-04:00,2.5299999713897705,2.630000114440918,2.490000009536743,2.5199999809265137,33800,0.0,0.0
2023-07-10 00:00:00-04:00,2.5299999713897705,2.7699999809265137,2.430000066757202,2.619999885559082,36000,0.0,0.0
2023-07-11 00:00:00-04:00,2.680000066757202,2.7190001010894775,2.5399999618530273,2.559999942779541,26200,0.0,0.0
2023-07-12 00:00:00-04:00,2.640000104904175,2.75,2.559999942779541,2.7200000286102295,25900,0.0,0.0
2023-07-13 00:00:00-04:00,2.6500000953674316,2.740000009536743,2.5999999046325684,2.690000057220459,37400,0.0,0.0
2023-07-14 00:00:00-04:00,2.619999885559082,2.640000104904175,2.5,2.569999933242798,26600,0.0,0.0
2023-07-17 00:00:00-04:00,2.5899999141693115,2.739000082015991,2.549999952316284,2.7200000286102295,30500,0.0,0.0
2023-07-18 00:00:00-04:00,2.7200000286102295,2.7799999713897705,2.630000114440918,2.7799999713897705,32200,0.0,0.0
2023-07-19 00:00:00-04:00,2.7699999809265137,2.8499999046325684,2.7200000286102295,2.799999952316284,44800,0.0,0.0
2023-07-20 00:00:00-04:00,2.75,2.890000104904175,2.7200000286102295,2.759999990463257,27700,0.0,0.0
2023-07-21 00:00:00-04:00,2.809999942779541,2.8499999046325684,2.624000072479248,2.7699999809265137,42500,0.0,0.0
2023-07-24 00:00:00-04:00,2.75,2.8299999237060547,2.619999885559082,2.7300000190734863,22800,0.0,0.0
2023-07-25 00:00:00-04:00,2.180000066757202,2.609999895095825,2.180000066757202,2.549999952316284,112500,0.0,0.0
2023-07-26 00:00:00-04:00,2.4200000762939453,2.496999979019165,2.359999895095825,2.4700000286102295,50800,0.0,0.0
2023-07-27 00:00:00-04:00,2.430000066757202,2.509999990463257,2.3299999237060547,2.380000114440918,29300,0.0,0.0
2023-07-28 00:00:00-04:00,2.4000000953674316,2.4700000286102295,2.3399999141693115,2.4600000381469727,17800,0.0,0.0
2023-07-31 00:00:00-04:00,2.4100000858306885,2.569999933242798,2.4100000858306885,2.4600000381469727,25300,0.0,0.0
2023-08-01 00:00:00-04:00,2.4700000286102295,2.5199999809265137,2.430000066757202,2.509999990463257,16400,0.0,0.0
2023-08-02 00:00:00-04:00,2.4800000190734863,2.5899999141693115,2.380000114440918,2.4700000286102295,18900,0.0,0.0
2023-08-03 00:00:00-04:00,2.4200000762939453,2.5,2.4200000762939453,2.430000066757202,10200,0.0,0.0
2023-08-04 00:00:00-04:00,2.490000009536743,2.5999999046325684,2.430000066757202,2.5399999618530273,64300,0.0,0.0
2023-08-07 00:00:00-04:00,2.509999990463257,2.5199999809265137,2.450000047683716,2.4700000286102295,12500,0.0,0.0
2023-08-08 00:00:00-04:00,2.450000047683716,2.450000047683716,2.4000000953674316,2.450000047683716,7400,0.0,0.0
2023-08-09 00:00:00-04:00,2.319999933242798,2.380000114440918,2.2699999809265137,2.2799999713897705,28600,0.0,0.0
2023-08-10 00:00:00-04:00,2.319999933242798,2.3499999046325684,2.2899999618530273,2.309999942779541,12100,0.0,0.0
2023-08-11 00:00:00-04:00,2.25,2.3299999237060547,2.200000047683716,2.200000047683716,49100,0.0,0.0
2023-08-14 00:00:00-04:00,2.2300000190734863,2.359999895095825,2.119999885559082,2.119999885559082,43600,0.0,0.0
2023-08-15 00:00:00-04:00,2.2300000190734863,2.2300000190734863,2.119999885559082,2.1600000858306885,25800,0.0,0.0
2023-08-16 00:00:00-04:00,2.190000057220459,2.200000047683716,2.0999999046325684,2.1500000953674316,16200,0.0,0.0
2023-08-17 00:00:00-04:00,2.180000066757202,2.180000066757202,2.0999999046325684,2.119999885559082,16500,0.0,0.0
2023-08-18 00:00:00-04:00,2.130000114440918,2.190999984741211,2.069999933242798,2.109999895095825,23300,0.0,0.0
2023-08-21 00:00:00-04:00,2.140000104904175,2.174999952316284,2.0,2.0199999809265137,18400,0.0,0.0
2023-08-22 00:00:00-04:00,2.180000066757202,2.180000066757202,2.0,2.0899999141693115,16800,0.0,0.0
2023-08-23 00:00:00-04:00,2.0160000324249268,2.140000104904175,2.0160000324249268,2.049999952316284,65500,0.0,0.0
2023-08-24 00:00:00-04:00,2.066999912261963,2.130000114440918,2.009999990463257,2.0899999141693115,15600,0.0,0.0
2023-08-25 00:00:00-04:00,2.0999999046325684,2.119999885559082,2.0,2.069999933242798,30300,0.0,0.0
2023-08-28 00:00:00-04:00,2.0799999237060547,2.109999895095825,2.0,2.0799999237060547,15100,0.0,0.0
2023-08-29 00:00:00-04:00,2.059999942779541,2.140000104904175,2.0399999618530273,2.130000114440918,17300,0.0,0.0
2023-08-30 00:00:00-04:00,2.0799999237060547,2.1600000858306885,2.059999942779541,2.140000104904175,33500,0.0,0.0
2023-08-31 00:00:00-04:00,2.109999895095825,2.140000104904175,2.0399999618530273,2.069999933242798,16400,0.0,0.0
2023-09-01 00:00:00-04:00,2.0899999141693115,2.1600000858306885,2.059999942779541,2.125,34800,0.0,0.0
2023-09-05 00:00:00-04:00,2.119999885559082,2.1700000762939453,2.0510001182556152,2.1600000858306885,18600,0.0,0.0
2023-09-06 00:00:00-04:00,2.1700000762939453,2.1700000762939453,2.059999942779541,2.130000114440918,20500,0.0,0.0
2023-09-07 00:00:00-04:00,2.130000114440918,2.1500000953674316,2.0799999237060547,2.109999895095825,14400,0.0,0.0
2023-09-08 00:00:00-04:00,2.109999895095825,2.119999885559082,2.0399999618530273,2.0850000381469727,9500,0.0,0.0
2023-09-11 00:00:00-04:00,2.0799999237060547,2.1700000762939453,2.0399999618530273,2.109999895095825,52800,0.0,0.0
2023-09-12 00:00:00-04:00,2.130000114440918,2.1500000953674316,2.0799999237060547,2.0999999046325684,18300,0.0,0.0
2023-09-13 00:00:00-04:00,2.119999885559082,2.180000066757202,2.0399999618530273,2.049999952316284,26200,0.0,0.0
2023-09-14 00:00:00-04:00,2.049999952316284,2.1549999713897705,2.049999952316284,2.049999952316284,31500,0.0,0.0
2023-09-15 00:00:00-04:00,2.049999952316284,2.049999952316284,2.0,2.0399999618530273,83200,0.0,0.0
2023-09-18 00:00:00-04:00,2.009999990463257,2.0290000438690186,1.9800000190734863,1.9800000190734863,8900,0.0,0.0
2023-09-19 00:00:00-04:00,1.9600000381469727,2.069999933242798,1.9500000476837158,2.0399999618530273,19400,0.0,0.0
2023-09-20 00:00:00-04:00,2.0199999809265137,2.069999933242798,1.9900000095367432,2.0199999809265137,6100,0.0,0.0
2023-09-21 00:00:00-04:00,2.0199999809265137,2.075000047683716,1.9700000286102295,2.049999952316284,11500,0.0,0.0
2023-09-22 00:00:00-04:00,2.0399999618530273,2.059999942779541,2.0399999618530273,2.059999942779541,8600,0.0,0.0
2023-09-25 00:00:00-04:00,2.0199999809265137,2.0899999141693115,1.9900000095367432,1.9900000095367432,20300,0.0,0.0
2023-09-26 00:00:00-04:00,2.0399999618530273,2.0799999237060547,2.0399999618530273,2.069999933242798,8300,0.0,0.0
2023-09-27 00:00:00-04:00,2.069999933242798,2.1050000190734863,2.0329999923706055,2.049999952316284,24400,0.0,0.0
2023-09-28 00:00:00-04:00,2.069999933242798,2.0799999237060547,1.9800000190734863,1.9800000190734863,17700,0.0,0.0
2023-09-29 00:00:00-04:00,1.9670000076293945,2.069999933242798,1.9600000381469727,2.009999990463257,15200,0.0,0.0
2023-10-02 00:00:00-04:00,2.0,2.049999952316284,1.9600000381469727,2.009999990463257,7700,0.0,0.0
2023-10-03 00:00:00-04:00,2.0480000972747803,2.059999942779541,1.9800000190734863,2.0299999713897705,18700,0.0,0.0
2023-10-04 00:00:00-04:00,2.049999952316284,2.450000047683716,2.049999952316284,2.319999933242798,206800,0.0,0.0
2023-10-05 00:00:00-04:00,2.2899999618530273,2.372999906539917,2.0899999141693115,2.259999990463257,55600,0.0,0.0
2023-10-06 00:00:00-04:00,2.2300000190734863,2.3299999237060547,2.180000066757202,2.299999952316284,14500,0.0,0.0
2023-10-09 00:00:00-04:00,2.2899999618530273,2.319999933242798,2.1410000324249268,2.2300000190734863,14800,0.0,0.0
2023-10-10 00:00:00-04:00,2.2300000190734863,2.2799999713897705,2.130000114440918,2.130000114440918,17200,0.0,0.0
2023-10-11 00:00:00-04:00,2.140000104904175,2.2899999618530273,2.063999891281128,2.1700000762939453,38800,0.0,0.0
2023-10-12 00:00:00-04:00,2.180000066757202,2.2100000381469727,2.059999942779541,2.0899999141693115,13900,0.0,0.0
2023-10-13 00:00:00-04:00,2.049999952316284,2.244999885559082,2.049999952316284,2.180000066757202,7900,0.0,0.0
2023-10-16 00:00:00-04:00,2.2100000381469727,2.256999969482422,2.119999885559082,2.190000057220459,21600,0.0,0.0
2023-10-17 00:00:00-04:00,2.240000009536743,2.390000104904175,2.2300000190734863,2.299999952316284,31300,0.0,0.0
2023-10-18 00:00:00-04:00,2.2300000190734863,2.2300000190734863,2.1600000858306885,2.200000047683716,11700,0.0,0.0
2023-10-19 00:00:00-04:00,2.200000047683716,2.200000047683716,2.109999895095825,2.140000104904175,7300,0.0,0.0
2023-10-20 00:00:00-04:00,2.1700000762939453,2.190000057220459,2.0999999046325684,2.109999895095825,12800,0.0,0.0
2023-10-23 00:00:00-04:00,2.0899999141693115,2.200000047683716,2.0799999237060547,2.1700000762939453,25200,0.0,0.0
2023-10-24 00:00:00-04:00,2.1700000762939453,2.255000114440918,1.899999976158142,1.909999966621399,45500,0.0,0.0
2023-10-25 00:00:00-04:00,2.0,2.130000114440918,1.9500000476837158,2.069999933242798,20700,0.0,0.0
2023-10-26 00:00:00-04:00,2.049999952316284,2.240000009536743,2.0399999618530273,2.200000047683716,8300,0.0,0.0
2023-10-27 00:00:00-04:00,2.190000057220459,2.200000047683716,2.009999990463257,2.0799999237060547,16700,0.0,0.0
2023-10-30 00:00:00-04:00,2.059999942779541,2.200000047683716,1.9700000286102295,2.200000047683716,33100,0.0,0.0
2023-10-31 00:00:00-04:00,2.1500000953674316,2.200000047683716,2.0,2.0799999237060547,50900,0.0,0.0
2023-11-01 00:00:00-04:00,2.0199999809265137,2.200000047683716,2.0,2.180000066757202,25600,0.0,0.0
2023-11-02 00:00:00-04:00,2.1449999809265137,2.190000057220459,2.059999942779541,2.140000104904175,25200,0.0,0.0
2023-11-03 00:00:00-04:00,2.119999885559082,2.200000047683716,2.0999999046325684,2.140000104904175,32900,0.0,0.0
2023-11-06 00:00:00-05:00,2.134000062942505,2.259999990463257,2.0999999046325684,2.1600000858306885,52300,0.0,0.0
2023-11-07 00:00:00-05:00,2.1600000858306885,2.2100000381469727,2.130000114440918,2.1700000762939453,16400,0.0,0.0
2023-11-08 00:00:00-05:00,2.1700000762939453,2.2100000381469727,2.0899999141693115,2.200000047683716,8600,0.0,0.0
2023-11-09 00:00:00-05:00,2.0799999237060547,2.0999999046325684,1.75,1.9900000095367432,48400,0.0,0.0
2023-11-10 00:00:00-05:00,1.9500000476837158,2.0999999046325684,1.8600000143051147,2.0299999713897705,27200,0.0,0.0
2023-11-13 00:00:00-05:00,2.055000066757202,2.0999999046325684,1.9550000429153442,2.0899999141693115,43800,0.0,0.0
2023-11-14 00:00:00-05:00,2.119999885559082,2.1500000953674316,1.850000023841858,1.8600000143051147,29500,0.0,0.0
2023-11-15 00:00:00-05:00,1.7999999523162842,1.909999966621399,1.440000057220459,1.5499999523162842,443800,0.0,0.0
2023-11-16 00:00:00-05:00,1.659999966621399,2.0,1.5740000009536743,2.0,127400,0.0,0.0
2023-11-17 00:00:00-05:00,1.9900000095367432,2.0799999237060547,1.9500000476837158,2.0250000953674316,117100,0.0,0.0
2023-11-20 00:00:00-05:00,2.009999990463257,2.0799999237060547,1.9900000095367432,2.049999952316284,56100,0.0,0.0
2023-11-21 00:00:00-05:00,2.0,2.259999990463257,2.0,2.25,25800,0.0,0.0
2023-11-22 00:00:00-05:00,2.2100000381469727,2.2699999809265137,2.0899999141693115,2.25,46800,0.0,0.0
2023-11-24 00:00:00-05:00,2.180000066757202,2.3399999141693115,2.180000066757202,2.2799999713897705,24100,0.0,0.0
2023-11-27 00:00:00-05:00,2.2300000190734863,2.509999990463257,2.2300000190734863,2.380000114440918,74500,0.0,0.0
2023-11-28 00:00:00-05:00,2.4200000762939453,2.5199999809265137,2.384999990463257,2.5,31900,0.0,0.0
2023-11-29 00:00:00-05:00,2.5799999237060547,2.8399999141693115,2.3949999809265137,2.700000047683716,54900,0.0,0.0
2023-11-30 00:00:00-05:00,2.7100000381469727,2.799999952316284,2.684999942779541,2.7300000190734863,12600,0.0,0.0
2023-12-01 00:00:00-05:00,2.7200000286102295,2.819999933242798,2.619999885559082,2.6700000762939453,20600,0.0,0.0
2023-12-04 00:00:00-05:00,2.630000114440918,2.6600000858306885,2.380000114440918,2.4100000858306885,36000,0.0,0.0
2023-12-05 00:00:00-05:00,2.4200000762939453,2.493000030517578,2.4100000858306885,2.440000057220459,5900,0.0,0.0
2023-12-06 00:00:00-05:00,2.430000066757202,2.5199999809265137,2.3550000190734863,2.5199999809265137,44600,0.0,0.0
2023-12-07 00:00:00-05:00,2.5,2.5399999618530273,2.369999885559082,2.4100000858306885,12400,0.0,0.0
2023-12-08 00:00:00-05:00,2.4100000858306885,2.4100000858306885,2.196000099182129,2.309999942779541,17600,0.0,0.0
2023-12-11 00:00:00-05:00,2.384999990463257,2.384999990463257,2.130000114440918,2.2300000190734863,27600,0.0,0.0
2023-12-12 00:00:00-05:00,2.190000057220459,2.312999963760376,2.119999885559082,2.180000066757202,43500,0.0,0.0
2023-12-13 00:00:00-05:00,2.180000066757202,2.2200000286102295,2.0399999618530273,2.0399999618530273,49800,0.0,0.0
2023-12-14 00:00:00-05:00,2.130000114440918,2.2190001010894775,2.0,2.0,72500,0.0,0.0
2023-12-15 00:00:00-05:00,2.049999952316284,2.309999942779541,2.009999990463257,2.009999990463257,25800,0.0,0.0
2023-12-18 00:00:00-05:00,2.0299999713897705,2.0899999141693115,1.9800000190734863,1.9800000190734863,17500,0.0,0.0
2023-12-19 00:00:00-05:00,2.049999952316284,2.049999952316284,1.9049999713897705,2.0299999713897705,38300,0.0,0.0
2023-12-20 00:00:00-05:00,2.0299999713897705,2.0450000762939453,1.9199999570846558,1.940000057220459,22900,0.0,0.0
2023-12-21 00:00:00-05:00,2.0,2.0199999809265137,1.909999966621399,1.9700000286102295,13700,0.0,0.0
2023-12-22 00:00:00-05:00,1.9500000476837158,2.0799999237060547,1.9199999570846558,2.0199999809265137,19900,0.0,0.0
2023-12-26 00:00:00-05:00,2.0199999809265137,2.190000057220459,2.0,2.1500000953674316,25300,0.0,0.0
2023-12-27 00:00:00-05:00,2.1500000953674316,2.2200000286102295,1.9500000476837158,1.9600000381469727,76500,0.0,0.0
2023-12-28 00:00:00-05:00,2.0,2.0899999141693115,1.5199999809265137,1.649999976158142,264600,0.0,0.0
2023-12-29 00:00:00-05:00,1.6200000047683716,1.9500000476837158,1.6200000047683716,1.8600000143051147,157000,0.0,0.0
2024-01-02 00:00:00-05:00,1.8300000429153442,1.9149999618530273,1.8300000429153442,1.840000033378601,14400,0.0,0.0
2024-01-03 00:00:00-05:00,1.8300000429153442,1.9700000286102295,1.7899999618530273,1.9500000476837158,34600,0.0,0.0
2024-01-04 00:00:00-05:00,1.8899999856948853,1.9500000476837158,1.840000033378601,1.9199999570846558,11900,0.0,0.0
2024-01-05 00:00:00-05:00,1.8899999856948853,1.9800000190734863,1.8600000143051147,1.9700000286102295,45000,0.0,0.0
2024-01-08 00:00:00-05:00,2.0,2.0299999713897705,1.9199999570846558,2.0299999713897705,14700,0.0,0.0
2024-01-09 00:00:00-05:00,1.9900000095367432,2.0899999141693115,1.9850000143051147,2.0399999618530273,13100,0.0,0.0
2024-01-10 00:00:00-05:00,1.9900000095367432,2.119999885559082,1.9199999570846558,2.0999999046325684,25300,0.0,0.0
2024-01-11 00:00:00-05:00,2.0850000381469727,2.1500000953674316,2.0329999923706055,2.0899999141693115,9000,0.0,0.0
2024-01-12 00:00:00-05:00,2.0250000953674316,2.0899999141693115,1.9700000286102295,2.0899999141693115,21800,0.0,0.0
2024-01-16 00:00:00-05:00,2.0199999809265137,2.069999933242798,1.9609999656677246,2.0199999809265137,5600,0.0,0.0
2024-01-17 00:00:00-05:00,2.0399999618530273,2.069999933242798,1.9900000095367432,2.0399999618530273,15700,0.0,0.0
2024-01-18 00:00:00-05:00,1.9010000228881836,2.0799999237060547,1.899999976158142,2.059999942779541,6000,0.0,0.0
2024-01-19 00:00:00-05:00,1.9900000095367432,2.049999952316284,1.9900000095367432,2.049999952316284,3300,0.0,0.0
2024-01-22 00:00:00-05:00,2.0399999618530273,2.049999952316284,2.0,2.0,9100,0.0,0.0
2024-01-23 00:00:00-05:00,2.0299999713897705,2.059999942779541,2.01200008392334,2.0299999713897705,10000,0.0,0.0
2024-01-24 00:00:00-05:00,2.0399999618530273,2.069999933242798,2.0299999713897705,2.059999942779541,16700,0.0,0.0
2024-01-25 00:00:00-05:00,2.059999942779541,2.0899999141693115,2.009999990463257,2.069999933242798,34100,0.0,0.0
2024-01-26 00:00:00-05:00,2.069999933242798,2.0799999237060547,1.9900000095367432,2.0799999237060547,35000,0.0,0.0
2024-01-29 00:00:00-05:00,2.049999952316284,2.0899999141693115,1.9700000286102295,1.9700000286102295,3000,0.0,0.0
2024-01-30 00:00:00-05:00,1.9700000286102295,2.0859999656677246,1.9700000286102295,2.059999942779541,20800,0.0,0.0
2024-01-31 00:00:00-05:00,2.0350000858306885,2.069999933242798,1.9900000095367432,2.0199999809265137,8500,0.0,0.0
2024-02-01 00:00:00-05:00,2.0299999713897705,2.0899999141693115,2.0299999713897705,2.0899999141693115,1600,0.0,0.0
2024-02-02 00:00:00-05:00,2.049999952316284,2.0899999141693115,2.049999952316284,2.059999942779541,5500,0.0,0.0
2024-02-05 00:00:00-05:00,2.0299999713897705,2.0899999141693115,2.009999990463257,2.0199999809265137,12900,0.0,0.0
2024-02-06 00:00:00-05:00,2.0299999713897705,2.0799999237060547,1.9980000257492065,2.069999933242798,5200,0.0,0.0
2024-02-07 00:00:00-05:00,2.0399999618530273,2.059999942779541,2.009999990463257,2.049999952316284,6900,0.0,0.0
2024-02-08 00:00:00-05:00,2.052000045776367,2.0820000171661377,2.0299999713897705,2.0399999618530273,6600,0.0,0.0
2024-02-09 00:00:00-05:00,2.0299999713897705,2.109999895095825,2.009999990463257,2.0999999046325684,24800,0.0,0.0
2024-02-12 00:00:00-05:00,2.052000045776367,2.109999895095825,2.052000045776367,2.0899999141693115,7700,0.0,0.0
2024-02-13 00:00:00-05:00,2.109999895095825,2.119999885559082,2.0799999237060547,2.119999885559082,3100,0.0,0.0
2024-02-14 00:00:00-05:00,2.130000114440918,2.130000114440918,2.049999952316284,2.119999885559082,20400,0.0,0.0
2024-02-15 00:00:00-05:00,2.0799999237060547,2.130000114440918,2.059999942779541,2.059999942779541,12500,0.0,0.0
2024-02-16 00:00:00-05:00,2.0799999237060547,2.0899999141693115,2.0299999713897705,2.0299999713897705,3700,0.0,0.0
2024-02-20 00:00:00-05:00,2.0299999713897705,2.0399999618530273,2.009999990463257,2.0299999713897705,28700,0.0,0.0
2024-02-21 00:00:00-05:00,2.0299999713897705,2.0910000801086426,2.0299999713897705,2.0889999866485596,5000,0.0,0.0
2024-02-22 00:00:00-05:00,2.055000066757202,2.0999999046325684,1.9800000190734863,2.0299999713897705,34500,0.0,0.0
2024-02-23 00:00:00-05:00,2.0299999713897705,2.069999933242798,2.0299999713897705,2.0299999713897705,5900,0.0,0.0
2024-02-26 00:00:00-05:00,2.009999990463257,2.0799999237060547,1.9500000476837158,1.9500000476837158,15000,0.0,0.0
2024-02-27 00:00:00-05:00,1.9199999570846558,2.0250000953674316,1.9199999570846558,1.9500000476837158,4600,0.0,0.0
2024-02-28 00:00:00-05:00,1.9500000476837158,2.0299999713897705,1.9199999570846558,1.9199999570846558,13000,0.0,0.0
2024-02-29 00:00:00-05:00,1.8700000047683716,1.975000023841858,1.8250000476837158,1.9199999570846558,22000,0.0,0.0
2024-03-01 00:00:00-05:00,1.8799999952316284,2.0999999046325684,1.8300000429153442,1.9600000381469727,31100,0.0,0.0
2024-03-04 00:00:00-05:00,1.9900000095367432,2.0810000896453857,1.9800000190734863,2.059999942779541,10500,0.0,0.0
2024-03-05 00:00:00-05:00,2.009999990463257,2.049999952316284,1.9700000286102295,2.0299999713897705,60700,0.0,0.0
2024-03-06 00:00:00-05:00,1.940000057220459,2.125999927520752,1.940000057220459,2.00600004196167,39000,0.0,0.0
2024-03-07 00:00:00-05:00,1.9500000476837158,1.965000033378601,1.7899999618530273,1.8799999952316284,30700,0.0,0.0
2024-03-08 00:00:00-05:00,1.8700000047683716,1.8700000047683716,1.7000000476837158,1.715000033378601,58000,0.0,0.0
2024-03-11 00:00:00-04:00,1.75,1.850000023841858,1.7100000381469727,1.7100000381469727,28000,0.0,0.0
2024-03-12 00:00:00-04:00,1.7000000476837158,1.8049999475479126,1.649999976158142,1.659999966621399,29500,0.0,0.0
2024-03-13 00:00:00-04:00,1.7640000581741333,1.850000023841858,1.690000057220459,1.690000057220459,25100,0.0,0.0
2024-03-14 00:00:00-04:00,1.690000057220459,1.7000000476837158,1.6100000143051147,1.6200000047683716,23800,0.0,0.0
2024-03-15 00:00:00-04:00,1.590000033378601,1.684000015258789,1.559999942779541,1.590000033378601,16300,0.0,0.0
2024-03-18 00:00:00-04:00,1.649999976158142,1.649999976158142,1.5499999523162842,1.5700000524520874,29700,0.0,0.0
2024-03-19 00:00:00-04:00,1.559999942779541,1.6749999523162842,1.5549999475479126,1.590000033378601,9300,0.0,0.0
2024-03-20 00:00:00-04:00,1.6100000143051147,1.649999976158142,1.5099999904632568,1.5199999809265137,39400,0.0,0.0
2024-03-21 00:00:00-04:00,1.5099999904632568,1.5499999523162842,1.4800000190734863,1.4800000190734863,36500,0.0,0.0
2024-03-22 00:00:00-04:00,1.5,1.5499999523162842,1.340000033378601,1.3899999856948853,70500,0.0,0.0
2024-03-25 00:00:00-04:00,1.4299999475479126,1.4850000143051147,1.3650000095367432,1.399999976158142,30500,0.0,0.0
2024-03-26 00:00:00-04:00,1.4140000343322754,1.5499999523162842,1.4140000343322754,1.440000057220459,17200,0.0,0.0
2024-03-27 00:00:00-04:00,1.4700000286102295,1.5399999618530273,1.2999999523162842,1.4500000476837158,24100,0.0,0.0
2024-03-28 00:00:00-04:00,1.4800000190734863,1.5099999904632568,1.399999976158142,1.399999976158142,18900,0.0,0.0
2024-04-01 00:00:00-04:00,1.4199999570846558,1.5199999809265137,1.4199999570846558,1.4900000095367432,30200,0.0,0.0
2024-04-02 00:00:00-04:00,1.4789999723434448,1.565000057220459,1.4500000476837158,1.5199999809265137,14000,0.0,0.0
2024-04-03 00:00:00-04:00,1.5240000486373901,1.559999942779541,1.4800000190734863,1.559999942779541,18800,0.0,0.0
2024-04-04 00:00:00-04:00,1.559999942779541,1.559999942779541,1.4199999570846558,1.5299999713897705,31000,0.0,0.0
2024-04-05 00:00:00-04:00,1.4900000095367432,1.4900000095367432,1.3890000581741333,1.440000057220459,35800,0.0,0.0
2024-04-08 00:00:00-04:00,1.4299999475479126,1.4299999475479126,1.3899999856948853,1.3899999856948853,13600,0.0,0.0
2024-04-09 00:00:00-04:00,1.399999976158142,1.399999976158142,1.340000033378601,1.3799999952316284,14600,0.0,0.0
2024-04-10 00:00:00-04:00,1.3650000095367432,1.3700000047683716,1.25,1.2799999713897705,49500,0.0,0.0
2024-04-11 00:00:00-04:00,1.2599999904632568,1.3819999694824219,1.2599999904632568,1.3300000429153442,14900,0.0,0.0
2024-04-12 00:00:00-04:00,1.440000057220459,1.440000057220459,1.2200000286102295,1.350000023841858,33300,0.0,0.0
2024-04-15 00:00:00-04:00,1.3799999952316284,1.3799999952316284,1.2999999523162842,1.3200000524520874,6900,0.0,0.0
2024-04-16 00:00:00-04:00,1.2100000381469727,1.2599999904632568,1.2000000476837158,1.2109999656677246,23900,0.0,0.0
2024-04-17 00:00:00-04:00,1.1799999475479126,1.2999999523162842,1.0989999771118164,1.2200000286102295,36700,0.0,0.0
2024-04-18 00:00:00-04:00,1.159999966621399,1.3899999856948853,1.159999966621399,1.190000057220459,10200,0.0,0.0
2024-04-19 00:00:00-04:00,1.1349999904632568,1.2000000476837158,1.1349999904632568,1.159999966621399,6900,0.0,0.0
2024-04-22 00:00:00-04:00,1.149999976158142,1.2450000047683716,1.149999976158142,1.190000057220459,3800,0.0,0.0
2024-04-23 00:00:00-04:00,1.2200000286102295,1.2380000352859497,1.190000057220459,1.2380000352859497,7400,0.0,0.0
2024-04-24 00:00:00-04:00,1.2000000476837158,1.2000000476837158,1.0499999523162842,1.1399999856948853,15500,0.0,0.0
2024-04-25 00:00:00-04:00,1.100000023841858,1.149999976158142,1.100000023841858,1.1299999952316284,3800,0.0,0.0
2024-04-26 00:00:00-04:00,1.1699999570846558,1.2200000286102295,1.1100000143051147,1.2200000286102295,12400,0.0,0.0
2024-04-29 00:00:00-04:00,1.2000000476837158,1.2200000286102295,1.1799999475479126,1.215000033378601,2700,0.0,0.0
2024-04-30 00:00:00-04:00,1.2200000286102295,1.4800000190734863,1.1799999475479126,1.406999945640564,34000,0.0,0.0
2024-05-01 00:00:00-04:00,1.5399999618530273,1.7999999523162842,1.5119999647140503,1.5399999618530273,112600,0.0,0.0
2024-05-02 00:00:00-04:00,1.690000057220459,1.690000057220459,1.5499999523162842,1.659999966621399,28100,0.0,0.0
2024-05-03 00:00:00-04:00,1.659999966621399,1.659999966621399,1.5499999523162842,1.5800000429153442,19600,0.0,0.0
2024-05-06 00:00:00-04:00,1.6399999856948853,1.6399999856948853,1.3609999418258667,1.409999966621399,13400,0.0,0.0
2024-05-07 00:00:00-04:00,1.5099999904632568,1.6799999475479126,1.5,1.6299999952316284,43300,0.0,0.0
2024-05-08 00:00:00-04:00,1.6699999570846558,1.6699999570846558,1.5,1.5299999713897705,213200,0.0,0.0
2024-05-09 00:00:00-04:00,1.690000057220459,1.7799999713897705,1.600000023841858,1.7799999713897705,258000,0.0,0.0
2024-05-10 00:00:00-04:00,1.7999999523162842,1.7999999523162842,1.600000023841858,1.75,66600,0.0,0.0
2024-05-13 00:00:00-04:00,1.7400000095367432,1.7899999618530273,1.6619999408721924,1.7000000476837158,30100,0.0,0.0
2024-05-14 00:00:00-04:00,1.7400000095367432,1.75,1.6150000095367432,1.7200000286102295,58600,0.0,0.0
2024-05-15 00:00:00-04:00,1.7200000286102295,1.7899999618530273,1.649999976158142,1.75,47900,0.0,0.0
2024-05-16 00:00:00-04:00,1.7799999713897705,1.7799999713897705,1.7000000476837158,1.7599999904632568,20600,0.0,0.0
2024-05-17 00:00:00-04:00,1.7599999904632568,1.774999976158142,1.7200000286102295,1.7400000095367432,17600,0.0,0.0
2024-05-20 00:00:00-04:00,1.7100000381469727,1.75,1.690000057220459,1.7400000095367432,25800,0.0,0.0
2024-05-21 00:00:00-04:00,1.7400000095367432,1.7999999523162842,1.7109999656677246,1.7699999809265137,12500,0.0,0.0
2024-05-22 00:00:00-04:00,1.7999999523162842,1.7999999523162842,1.659999966621399,1.7699999809265137,15300,0.0,0.0
2024-05-23 00:00:00-04:00,1.7799999713897705,1.9900000095367432,1.7699999809265137,1.9800000190734863,60400,0.0,0.0
2024-05-24 00:00:00-04:00,1.850000023841858,1.940000057220459,1.7999999523162842,1.909999966621399,40300,0.0,0.0
2024-05-28 00:00:00-04:00,1.8700000047683716,1.9199999570846558,1.8300000429153442,1.899999976158142,13800,0.0,0.0
2024-05-29 00:00:00-04:00,1.8700000047683716,1.8700000047683716,1.7999999523162842,1.7999999523162842,21800,0.0,0.0
2024-05-30 00:00:00-04:00,1.7899999618530273,1.8350000381469727,1.649999976158142,1.7200000286102295,31100,0.0,0.0
2024-05-31 00:00:00-04:00,1.7929999828338623,1.840000033378601,1.7300000190734863,1.7799999713897705,13900,0.0,0.0
2024-06-03 00:00:00-04:00,1.7999999523162842,1.8799999952316284,1.774999976158142,1.8600000143051147,21000,0.0,0.0
2024-06-04 00:00:00-04:00,1.850000023841858,1.8849999904632568,1.75,1.840000033378601,5700,0.0,0.0
2024-06-05 00:00:00-04:00,1.809999942779541,1.9299999475479126,1.7200000286102295,1.7300000190734863,39200,0.0,0.0
2024-06-06 00:00:00-04:00,1.7400000095367432,1.8899999856948853,1.7400000095367432,1.815000057220459,13100,0.0,0.0
2024-06-07 00:00:00-04:00,1.8600000143051147,1.940000057220459,1.7200000286102295,1.75,49100,0.0,0.0
2024-06-10 00:00:00-04:00,1.7200000286102295,1.850000023841858,1.7200000286102295,1.7699999809265137,6600,0.0,0.0
2024-06-11 00:00:00-04:00,1.7799999713897705,1.840000033378601,1.7730000019073486,1.840000033378601,8100,0.0,0.0
2024-06-12 00:00:00-04:00,1.809999942779541,1.8600000143051147,1.7979999780654907,1.8200000524520874,14300,0.0,0.0
2024-06-13 00:00:00-04:00,1.7799999713897705,1.850000023841858,1.7699999809265137,1.7760000228881836,10400,0.0,0.0
2024-06-14 00:00:00-04:00,1.7699999809265137,1.8300000429153442,1.7699999809265137,1.7799999713897705,14400,0.0,0.0
2024-06-17 00:00:00-04:00,1.7699999809265137,1.8899999856948853,1.7699999809265137,1.7999999523162842,4700,0.0,0.0
2024-06-18 00:00:00-04:00,1.7799999713897705,1.840000033378601,1.7699999809265137,1.7699999809265137,10300,0.0,0.0
2024-06-20 00:00:00-04:00,1.7899999618530273,1.850000023841858,1.7200000286102295,1.7599999904632568,10900,0.0,0.0
2024-06-21 00:00:00-04:00,1.809999942779541,1.850000023841858,1.7599999904632568,1.8300000429153442,33000,0.0,0.0
2024-06-24 00:00:00-04:00,1.8300000429153442,1.8600000143051147,1.7200000286102295,1.75,11700,0.0,0.0
2024-06-25 00:00:00-04:00,1.7599999904632568,1.9500000476837158,1.7599999904632568,1.809999942779541,16400,0.0,0.0
2024-06-26 00:00:00-04:00,1.940000057220459,1.940000057220459,1.7899999618530273,1.7899999618530273,6900,0.0,0.0
2024-06-27 00:00:00-04:00,1.7999999523162842,1.875,1.7699999809265137,1.850000023841858,7200,0.0,0.0
2024-06-28 00:00:00-04:00,1.8300000429153442,1.850000023841858,1.7549999952316284,1.850000023841858,14500,0.0,0.0
2024-07-01 00:00:00-04:00,1.9129999876022339,1.9129999876022339,1.7400000095367432,1.8899999856948853,9700,0.0,0.0
2024-07-02 00:00:00-04:00,1.909999966621399,1.9299999475479126,1.840000033378601,1.840000033378601,7800,0.0,0.0
2024-07-03 00:00:00-04:00,1.8300000429153442,1.840000033378601,1.7200000286102295,1.7699999809265137,11300,0.0,0.0
2024-07-05 00:00:00-04:00,1.7799999713897705,1.840000033378601,1.7799999713897705,1.8300000429153442,6400,0.0,0.0
2024-07-08 00:00:00-04:00,1.809999942779541,1.809999942779541,1.7649999856948853,1.7699999809265137,10000,0.0,0.0
2024-07-09 00:00:00-04:00,1.7999999523162842,1.850000023841858,1.7200000286102295,1.7200000286102295,15000,0.0,0.0
2024-07-10 00:00:00-04:00,1.7899999618530273,1.7899999618530273,1.7200000286102295,1.7200000286102295,5400,0.0,0.0
2024-07-11 00:00:00-04:00,1.7999999523162842,1.7999999523162842,1.649999976158142,1.649999976158142,18000,0.0,0.0
2024-07-12 00:00:00-04:00,1.7599999904632568,1.7999999523162842,1.649999976158142,1.7799999713897705,24000,0.0,0.0
2024-07-15 00:00:00-04:00,1.7649999856948853,1.784999966621399,1.649999976158142,1.7400000095367432,34700,0.0,0.0
2024-07-16 00:00:00-04:00,1.7999999523162842,1.8799999952316284,1.659999966621399,1.7200000286102295,17000,0.0,0.0
2024-07-17 00:00:00-04:00,1.7000000476837158,1.7999999523162842,1.649999976158142,1.7100000381469727,14400,0.0,0.0
2024-07-18 00:00:00-04:00,1.7200000286102295,1.774999976158142,1.6799999475479126,1.7000000476837158,5000,0.0,0.0
2024-07-19 00:00:00-04:00,1.6699999570846558,1.809999942779541,1.659999966621399,1.7899999618530273,9000,0.0,0.0
2024-07-22 00:00:00-04:00,1.7599999904632568,1.7599999904632568,1.7280000448226929,1.75,11500,0.0,0.0
2024-07-23 00:00:00-04:00,1.7699999809265137,1.7699999809265137,1.659999966621399,1.75,14700,0.0,0.0
2024-07-24 00:00:00-04:00,1.75,1.7799999713897705,1.7009999752044678,1.75,3100,0.0,0.0
2024-07-25 00:00:00-04:00,1.7799999713897705,1.7799999713897705,1.6699999570846558,1.6699999570846558,6600,0.0,0.0
2024-07-26 00:00:00-04:00,1.6799999475479126,1.7699999809265137,1.659999966621399,1.7109999656677246,10800,0.0,0.0
2024-07-29 00:00:00-04:00,1.7100000381469727,1.7699999809265137,1.6410000324249268,1.659999966621399,9100,0.0,0.0
2024-07-30 00:00:00-04:00,1.6399999856948853,1.649999976158142,1.5800000429153442,1.590000033378601,11600,0.0,0.0
2024-07-31 00:00:00-04:00,1.5800000429153442,1.590000033378601,1.5399999618530273,1.5700000524520874,28100,0.0,0.0
2024-08-01 00:00:00-04:00,1.5800000429153442,1.649999976158142,1.5110000371932983,1.590000033378601,11000,0.0,0.0
2024-08-02 00:00:00-04:00,1.2699999809265137,1.5,1.1299999952316284,1.4500000476837158,105400,0.0,0.0
2024-08-05 00:00:00-04:00,1.25,1.4900000095367432,1.2100000381469727,1.3899999856948853,63100,0.0,0.0
2024-08-06 00:00:00-04:00,1.3700000047683716,1.649999976158142,1.3200000524520874,1.6399999856948853,13200,0.0,0.0
2024-08-07 00:00:00-04:00,1.6100000143051147,1.6100000143051147,1.340000033378601,1.399999976158142,23900,0.0,0.0
2024-08-08 00:00:00-04:00,1.4500000476837158,1.4550000429153442,1.4199999570846558,1.440000057220459,8100,0.0,0.0
2024-08-09 00:00:00-04:00,1.399999976158142,1.559999942779541,1.1699999570846558,1.1699999570846558,44100,0.0,0.0
2024-08-12 00:00:00-04:00,1.2400000095367432,1.3899999856948853,1.190000057220459,1.2300000190734863,34500,0.0,0.0
2024-08-13 00:00:00-04:00,1.2799999713897705,1.3600000143051147,1.25,1.2699999809265137,20700,0.0,0.0
2024-08-14 00:00:00-04:00,1.3380000591278076,1.340000033378601,1.2300000190734863,1.2300000190734863,19500,0.0,0.0
2024-08-15 00:00:00-04:00,1.2300000190734863,1.2799999713897705,1.2100000381469727,1.2100000381469727,14300,0.0,0.0
2024-08-16 00:00:00-04:00,1.2699999809265137,1.2699999809265137,1.159999966621399,1.2000000476837158,24000,0.0,0.0
2024-08-19 00:00:00-04:00,1.2599999904632568,1.2599999904632568,1.149999976158142,1.2100000381469727,28900,0.0,0.0
2024-08-20 00:00:00-04:00,1.190000057220459,1.2289999723434448,1.0199999809265137,1.0700000524520874,97100,0.0,0.0
2024-08-21 00:00:00-04:00,1.090000033378601,1.1200000047683716,1.0800000429153442,1.0800000429153442,26200,0.0,0.0
2024-08-22 00:00:00-04:00,1.1399999856948853,1.152999997138977,1.0800000429153442,1.1399999856948853,37900,0.0,0.0
2024-08-23 00:00:00-04:00,1.1699999570846558,1.2400000095367432,1.1399999856948853,1.2300000190734863,45900,0.0,0.0
2024-08-26 00:00:00-04:00,1.25,1.3799999952316284,1.25,1.2699999809265137,37200,0.0,0.0
2024-08-27 00:00:00-04:00,1.2999999523162842,1.3799999952316284,1.2999999523162842,1.3600000143051147,9300,0.0,0.0
2024-08-28 00:00:00-04:00,1.2899999618530273,1.3300000429153442,1.25,1.2999999523162842,13900,0.0,0.0
2024-08-29 00:00:00-04:00,1.25,1.375,1.25,1.3320000171661377,16500,0.0,0.0
2024-08-30 00:00:00-04:00,1.350000023841858,1.440000057220459,1.340000033378601,1.4199999570846558,14600,0.0,0.0
2024-09-03 00:00:00-04:00,1.3799999952316284,1.4199999570846558,1.3200000524520874,1.340000033378601,8900,0.0,0.0
2024-09-04 00:00:00-04:00,1.340000033378601,1.4149999618530273,1.2599999904632568,1.2999999523162842,42600,0.0,0.0
2024-09-05 00:00:00-04:00,1.2899999618530273,1.305999994277954,1.25,1.2699999809265137,16500,0.0,0.0
2024-09-06 00:00:00-04:00,1.2899999618530273,1.340000033378601,1.2599999904632568,1.309999942779541,7500,0.0,0.0
2024-09-09 00:00:00-04:00,1.2699999809265137,1.4199999570846558,1.2699999809265137,1.3300000429153442,19200,0.0,0.0
2024-09-10 00:00:00-04:00,1.3899999856948853,1.3899999856948853,1.309999942779541,1.340000033378601,12100,0.0,0.0
2024-09-11 00:00:00-04:00,1.3799999952316284,1.4800000190734863,1.350000023841858,1.4700000286102295,6500,0.0,0.0
2024-09-12 00:00:00-04:00,1.3700000047683716,1.4900000095367432,1.340000033378601,1.4299999475479126,14900,0.0,0.0
2024-09-13 00:00:00-04:00,1.3799999952316284,1.559999942779541,1.284999966621399,1.4049999713897705,45400,0.0,0.0
2024-09-16 00:00:00-04:00,1.350000023841858,1.4630000591278076,1.3300000429153442,1.4199999570846558,14400,0.0,0.0
2024-09-17 00:00:00-04:00,1.5700000524520874,1.5700000524520874,1.434999942779541,1.440000057220459,10600,0.0,0.0
2024-09-18 00:00:00-04:00,1.4809999465942383,1.5399999618530273,1.3799999952316284,1.3799999952316284,12900,0.0,0.0
2024-09-19 00:00:00-04:00,1.4500000476837158,1.559999942779541,1.4500000476837158,1.4500000476837158,12800,0.0,0.0
2024-09-20 00:00:00-04:00,1.5199999809265137,1.5499999523162842,1.4500000476837158,1.5499999523162842,37200,0.0,0.0
2024-09-23 00:00:00-04:00,1.4989999532699585,1.628999948501587,1.4989999532699585,1.559999942779541,14200,0.0,0.0
2024-09-24 00:00:00-04:00,1.5950000286102295,1.649999976158142,1.5299999713897705,1.5399999618530273,12000,0.0,0.0
2024-09-25 00:00:00-04:00,1.5700000524520874,1.63100004196167,1.5499999523162842,1.559999942779541,4900,0.0,0.0
2024-09-26 00:00:00-04:00,1.6100000143051147,1.649999976158142,1.559999942779541,1.6100000143051147,20300,0.0,0.0
2024-09-27 00:00:00-04:00,1.590000033378601,1.6799999475479126,1.5700000524520874,1.600000023841858,9400,0.0,0.0
2024-09-30 00:00:00-04:00,1.6299999952316284,1.7599999904632568,1.5399999618530273,1.600000023841858,26000,0.0,0.0
2024-10-01 00:00:00-04:00,1.6299999952316284,1.7100000381469727,1.593000054359436,1.6100000143051147,11700,0.0,0.0
2024-10-02 00:00:00-04:00,1.600000023841858,1.6820000410079956,1.5,1.5,15300,0.0,0.0
2024-10-03 00:00:00-04:00,1.5199999809265137,1.6990000009536743,1.4670000076293945,1.5099999904632568,14600,0.0,0.0
2024-10-04 00:00:00-04:00,1.5700000524520874,1.590000033378601,1.5,1.5,9400,0.0,0.0
2024-10-07 00:00:00-04:00,1.559999942779541,1.690000057220459,1.5199999809265137,1.649999976158142,18400,0.0,0.0
2024-10-08 00:00:00-04:00,1.600000023841858,1.7400000095367432,1.600000023841858,1.649999976158142,32300,0.0,0.0
2024-10-09 00:00:00-04:00,1.649999976158142,1.75,1.6200000047683716,1.75,23200,0.0,0.0
2024-10-10 00:00:00-04:00,1.75,1.7899999618530273,1.5499999523162842,1.5499999523162842,18700,0.0,0.0
2024-10-11 00:00:00-04:00,1.5700000524520874,1.6699999570846558,1.559999942779541,1.600000023841858,9600,0.0,0.0
2024-10-14 00:00:00-04:00,1.5789999961853027,1.649999976158142,1.4199999570846558,1.4299999475479126,44500,0.0,0.0
2024-10-15 00:00:00-04:00,1.3700000047683716,1.5299999713897705,1.3600000143051147,1.4500000476837158,25200,0.0,0.0
2024-10-16 00:00:00-04:00,1.590000033378601,1.6200000047683716,1.4210000038146973,1.5399999618530273,31900,0.0,0.0
2024-10-17 00:00:00-04:00,1.600000023841858,1.6100000143051147,1.565999984741211,1.590000033378601,7300,0.0,0.0
2024-10-18 00:00:00-04:00,1.559999942779541,1.600000023841858,1.5509999990463257,1.5809999704360962,15900,0.0,0.0
2024-10-21 00:00:00-04:00,1.559999942779541,1.6480000019073486,1.5499999523162842,1.5499999523162842,11100,0.0,0.0
2024-10-22 00:00:00-04:00,1.600000023841858,1.6460000276565552,1.4900000095367432,1.4900000095367432,15900,0.0,0.0
2024-10-23 00:00:00-04:00,1.5399999618530273,1.6100000143051147,1.5399999618530273,1.5499999523162842,5100,0.0,0.0
2024-10-24 00:00:00-04:00,1.5399999618530273,1.600000023841858,1.5049999952316284,1.590000033378601,4800,0.0,0.0
2024-10-25 00:00:00-04:00,1.5700000524520874,1.5700000524520874,1.409999966621399,1.4850000143051147,17700,0.0,0.0
2024-10-28 00:00:00-04:00,1.4800000190734863,1.590000033378601,1.4800000190734863,1.5549999475479126,16900,0.0,0.0
2024-10-29 00:00:00-04:00,1.5499999523162842,1.600000023841858,1.5099999904632568,1.5499999523162842,14500,0.0,0.0
2024-10-30 00:00:00-04:00,1.590000033378601,1.600000023841858,1.4900000095367432,1.5,12300,0.0,0.0
2024-10-31 00:00:00-04:00,1.5199999809265137,1.5199999809265137,1.4199999570846558,1.4600000381469727,10100,0.0,0.0
2024-11-01 00:00:00-04:00,1.5299999713897705,1.559999942779541,1.3899999856948853,1.4199999570846558,14900,0.0,0.0
2024-11-04 00:00:00-05:00,1.4500000476837158,1.4600000381469727,1.3200000524520874,1.3200000524520874,22100,0.0,0.0
2024-11-05 00:00:00-05:00,1.340000033378601,1.7899999618530273,1.340000033378601,1.7200000286102295,118100,0.0,0.0
2024-11-06 00:00:00-05:00,1.7999999523162842,1.8700000047683716,1.218999981880188,1.4500000476837158,129600,0.0,0.0
2024-11-07 00:00:00-05:00,1.4199999570846558,1.6399999856948853,1.3899999856948853,1.399999976158142,16800,0.0,0.0
2024-11-08 00:00:00-05:00,1.3799999952316284,1.7899999618530273,1.3799999952316284,1.6200000047683716,60800,0.0,0.0
2024-11-11 00:00:00-05:00,1.6100000143051147,1.774999976158142,1.5099999904632568,1.5399999618530273,34400,0.0,0.0
2024-11-12 00:00:00-05:00,1.5199999809265137,1.7000000476837158,1.5199999809265137,1.7000000476837158,46400,0.0,0.0
2024-11-13 00:00:00-05:00,1.7000000476837158,1.7000000476837158,1.6100000143051147,1.6100000143051147,13579,0.0,0.0
