Date,Open,High,Low,Close,Volume,Dividends,Stock Splits
2022-01-03 00:00:00-05:00,37.08110826993733,38.21246227880389,36.95431753811334,37.89060974121094,6434900,0.0,0.0
2022-01-04 00:00:00-05:00,38.38801377048961,38.62208493808125,37.48097962496019,37.705299377441406,6132000,0.0,0.0
2022-01-05 00:00:00-05:00,37.53949785244982,37.90035972574684,35.969255924179194,36.05703353881836,8088700,0.0,0.0
2022-01-06 00:00:00-05:00,36.41789654152604,37.383450332501106,35.930243938517116,36.89579772949219,5588000,0.0,0.0
2022-01-07 00:00:00-05:00,36.93480386820973,37.656531294330804,36.86653280742049,36.96406555175781,5827700,0.0,0.0
2022-01-10 00:00:00-05:00,36.096043887409756,36.59345162388449,34.50629908697565,35.53036880493164,9357000,0.0,0.0
2022-01-11 00:00:00-05:00,36.69098465839942,38.446533469331044,36.3398741521142,37.89060974121094,17029400,0.0,0.0
2022-01-12 00:00:00-05:00,38.28073478021517,38.524561116394885,37.40295848177034,37.98814392089844,6935400,0.0,0.0
2022-01-13 00:00:00-05:00,37.97838526246521,38.514806128717176,36.661724657378684,36.72999572753906,7045000,0.0,0.0
2022-01-14 00:00:00-05:00,41.08960837727931,42.640343766153904,40.48491648542048,41.92837142944336,49781100,0.0,0.0
2022-01-18 00:00:00-05:00,41.528496736363785,43.186512581384605,40.826275809676545,42.03565216064453,20203100,0.0,0.0
2022-01-19 00:00:00-05:00,42.884167860698916,43.7521888332258,42.191698389143625,42.83539962768555,14169700,0.0,0.0
2022-01-20 00:00:00-05:00,43.06947911745677,43.90824221656279,42.42577780985121,42.53306198120117,9836100,0.0,0.0
2022-01-21 00:00:00-05:00,42.581827632639495,43.85947886651382,41.840597269796504,42.66960525512695,14375300,0.0,0.0
2022-01-24 00:00:00-05:00,41.743060415807136,43.87898111328294,40.87503941220027,43.78144836425781,16501700,0.0,0.0
2022-01-25 00:00:00-05:00,42.91342558377324,44.24959256589337,41.95762700586664,43.761940002441406,9875100,0.0,0.0
2022-01-26 00:00:00-05:00,44.14231541292448,44.366638901751564,42.72812573084859,43.03046798706055,9186000,0.0,0.0
2022-01-27 00:00:00-05:00,43.1279964638873,43.19626752918611,40.76775598193378,41.04084396362305,9585800,0.0,0.0
2022-01-28 00:00:00-05:00,41.28466950190682,42.103922270452294,40.78726178329684,42.045406341552734,7040500,0.0,0.0
2022-01-31 00:00:00-05:00,41.71380532921964,42.82565270135573,41.31393033186377,42.71836853027344,6136000,0.0,0.0
2022-02-01 00:00:00-05:00,42.75737999098614,43.85947590548105,42.73787344058425,43.54737854003906,5808100,0.0,0.0
2022-02-02 00:00:00-05:00,43.49861163279242,44.57144961470976,43.19626939356101,43.6449089050293,10342500,0.0,0.0
2022-02-03 00:00:00-05:00,43.001204487236485,44.13255831964974,42.767129612722684,42.82564926147461,5268500,0.0,0.0
2022-02-04 00:00:00-05:00,42.572069114493516,43.43033492396579,42.2112035486423,43.10848617553711,5479000,0.0,0.0
2022-02-07 00:00:00-05:00,43.32305710168637,44.81527665318732,43.18651496296605,44.37638854980469,8361700,0.0,0.0
2022-02-08 00:00:00-05:00,44.65922565554852,45.322433484059154,43.87898224568131,44.62021255493164,8268100,0.0,0.0
2022-02-09 00:00:00-05:00,44.795766458897575,45.75156507270464,44.600704682091376,45.55650329589844,6379000,0.0,0.0
2022-02-10 00:00:00-05:00,44.912808060336594,46.20021075122809,44.776265914407865,45.49799346923828,6549600,0.0,0.0
2022-02-11 00:00:00-05:00,45.51748988091617,46.15143972101838,43.75218992826704,44.04478073120117,7252800,0.0,0.0
2022-02-14 00:00:00-05:00,44.10330142630819,46.375760560852946,44.03503036135368,45.068851470947266,9440600,0.0,0.0
2022-02-15 00:00:00-05:00,46.05391206290095,46.79514236707334,45.79057921628215,46.58057403564453,8576400,0.0,0.0
2022-02-16 00:00:00-05:00,46.044160616441914,47.077985535568274,45.702805262269884,46.43428421020508,6073900,0.0,0.0
2022-02-17 00:00:00-05:00,45.83934945227969,46.648854643338154,45.566265156739234,45.89786911010742,6470200,0.0,0.0
2022-02-18 00:00:00-05:00,45.654040502362754,46.55131955459312,45.21515239181777,45.956382751464844,6884300,0.0,0.0
2022-02-22 00:00:00-05:00,45.51749037647987,45.51749037647987,43.381573399263004,44.29835891723633,8732000,0.0,0.0
2022-02-23 00:00:00-05:00,44.94206448002548,45.33218431972724,43.90823964985251,44.035030364990234,6190400,0.0,0.0
2022-02-24 00:00:00-05:00,41.90886647397839,42.786638939263426,41.011583737349206,42.50380325317383,11837500,0.0,0.0
2022-02-25 00:00:00-05:00,42.8939237279505,43.47910910041633,41.93812504546661,43.420589447021484,7213700,0.0,0.0
2022-02-28 00:00:00-05:00,42.38676398039536,42.54281266682019,41.32368114147177,41.80158233642578,8260000,0.0,0.0
2022-03-01 00:00:00-05:00,41.43096372255244,42.00639392927514,39.070726965804624,39.3047981262207,10125400,0.0,0.0
2022-03-02 00:00:00-05:00,41.362691809059804,43.76194161683411,41.21639454642973,43.303550720214844,14976200,0.0,0.0
2022-03-03 00:00:00-05:00,42.81589643267463,42.83539926112049,41.13837042880225,41.32367706298828,7160700,0.0,0.0
2022-03-04 00:00:00-05:00,40.60195891551213,41.06034985664672,39.23653006667825,39.79245376586914,8204200,0.0,0.0
2022-03-07 00:00:00-05:00,39.81196107606575,39.81196107606575,34.99395435110996,35.208518981933594,14629900,0.0,0.0
2022-03-08 00:00:00-05:00,35.44259473269198,37.35419222679558,34.36000525496658,36.08629608154297,8893700,0.0,0.0
2022-03-09 00:00:00-05:00,37.82233533854755,38.64159187427936,37.54925106680167,37.812583923339844,7507100,0.0,0.0
2022-03-10 00:00:00-05:00,36.954316072833734,38.0369055174558,36.74950285911992,37.64678192138672,5876400,0.0,0.0
2022-03-11 00:00:00-05:00,37.949122203673376,38.21245503345756,35.51085939510918,35.52061080932617,7488800,0.0,0.0
2022-03-14 00:00:00-04:00,34.29172910016039,34.4672843256957,30.965938670509658,31.297542572021484,17873100,0.0,0.0
2022-03-15 00:00:00-04:00,30.93668237743888,32.48741975992743,30.48804284785819,31.853469848632812,10523400,0.0,0.0
2022-03-16 00:00:00-04:00,33.64802982479328,35.64740476593579,33.57975875757091,35.63765335083008,13820800,0.0,0.0
2022-03-17 00:00:00-04:00,35.07197478856428,36.51542606648192,34.6525932466801,36.4471549987793,9785900,0.0,0.0
2022-03-18 00:00:00-04:00,36.05703516838863,38.32949439598065,35.86197338031993,37.99789047241211,10334900,0.0,0.0
2022-03-21 00:00:00-04:00,37.58826455289252,38.18320133998747,37.07135024973938,37.73455810546875,5661200,0.0,0.0
2022-03-22 00:00:00-04:00,37.56875158087217,38.72936326979021,37.56875158087217,38.05640411376953,4938000,0.0,0.0
2022-03-23 00:00:00-04:00,37.6467755971538,38.15393469864886,37.12011366757644,37.227394104003906,4706100,0.0,0.0
2022-03-24 00:00:00-04:00,37.77356947651993,38.78788776473667,37.32492998305661,38.74887466430664,6852300,0.0,0.0
2022-03-25 00:00:00-04:00,38.768381220596055,38.81714573589423,37.96863126412517,38.231964111328125,4426400,0.0,0.0
2022-03-28 00:00:00-04:00,38.075916104428785,38.34900037133028,37.13962400034302,37.92961883544922,4130700,0.0,0.0
2022-03-29 00:00:00-04:00,38.69035453740507,39.597388648521154,38.4367768287193,39.01220703125,5317100,0.0,0.0
2022-03-30 00:00:00-04:00,38.612333009765635,39.499860592783726,38.28072909300645,38.67085266113281,3779600,0.0,0.0
2022-03-31 00:00:00-04:00,38.27097991208534,38.79764192315739,37.90036287278002,37.91011428833008,4850700,0.0,0.0
2022-04-01 00:00:00-04:00,38.524553204070564,39.28529002614987,38.14418479303092,38.54405975341797,4559700,0.0,0.0
2022-04-04 00:00:00-04:00,38.631838040263034,39.37306832594673,38.07591439587677,38.94393539428711,4450300,0.0,0.0
2022-04-05 00:00:00-04:00,38.81714645541135,39.01220824071374,36.690980808652924,36.89579772949219,6640700,0.0,0.0
2022-04-06 00:00:00-04:00,36.3106158539689,36.45691313709186,35.2280263762435,36.08629608154297,7720600,0.0,0.0
2022-04-07 00:00:00-04:00,35.86197059442007,35.98876130488925,34.25271561848428,35.21826934814453,5541100,0.0,0.0
2022-04-08 00:00:00-04:00,34.93542701264247,35.43283467758853,34.35999687741663,35.062217712402344,3919200,0.0,0.0
2022-04-11 00:00:00-04:00,34.23320616915394,35.49135059135966,33.9113574335278,34.17469024658203,4722500,0.0,0.0
2022-04-12 00:00:00-04:00,34.63308979571438,35.276791149164474,33.98938844226429,34.16494369506836,4185000,0.0,0.0
2022-04-13 00:00:00-04:00,34.54530754033476,35.696167945396155,34.43802709621377,35.35481262207031,4567700,0.0,0.0
2022-04-14 00:00:00-04:00,35.45234258966018,36.369131860272574,35.28654249122675,36.047279357910156,5586800,0.0,0.0
2022-04-18 00:00:00-04:00,35.78394727805721,36.037528719411654,35.31580121766536,35.744937896728516,5100200,0.0,0.0
2022-04-19 00:00:00-04:00,36.07653815141959,37.754060433724206,36.03752505356526,37.29566955566406,6994100,0.0,0.0
2022-04-20 00:00:00-04:00,37.3932018230866,38.30023596415514,37.26641110430979,37.55900192260742,5318000,0.0,0.0
2022-04-21 00:00:00-04:00,38.00764249275075,38.57331753924026,36.203325751625684,36.29110336303711,5714700,0.0,0.0
2022-04-22 00:00:00-04:00,37.022579799977244,37.159121915367535,35.45233803200169,35.50110626220703,9637200,0.0,0.0
2022-04-25 00:00:00-04:00,34.535555939211974,35.49135455986004,34.05765476864095,35.39382553100586,5652200,0.0,0.0
2022-04-26 00:00:00-04:00,35.12073616165979,35.12073616165979,33.42370731568067,33.89185333251953,6022000,0.0,0.0
2022-04-27 00:00:00-04:00,33.891851909598685,34.993947704080696,33.23839928451676,33.97962951660156,5688600,0.0,0.0
2022-04-28 00:00:00-04:00,33.60901564862647,35.267035200636656,32.68247498245953,34.79888916015625,7657600,0.0,0.0
2022-04-29 00:00:00-04:00,35.413330903593575,36.58369409291205,34.49654169266857,34.55506134033203,6083900,0.0,0.0
2022-05-02 00:00:00-04:00,34.66234822626419,36.04727984541718,34.07716286509863,35.7839469909668,7906200,0.0,0.0
2022-05-03 00:00:00-04:00,35.95950175441483,36.52518055738703,35.0037031029563,35.53036880493164,5822900,0.0,0.0
2022-05-04 00:00:00-04:00,35.813205827442815,36.26184529762252,34.43802573285278,36.14480972290039,6527200,0.0,0.0
2022-05-05 00:00:00-04:00,35.49135270160134,35.67666305541336,34.10642121781566,34.672096252441406,5720400,0.0,0.0
2022-05-06 00:00:00-04:00,34.457532663301954,34.574568239319,32.897042194267904,33.443214416503906,8165100,0.0,0.0
2022-05-09 00:00:00-04:00,32.477659216954464,33.10185388819421,30.85865289324123,31.07322120666504,7958200,0.0,0.0
2022-05-10 00:00:00-04:00,32.00951486902179,32.30210567123619,29.902855884386693,30.429521560668945,9230000,0.0,0.0
2022-05-11 00:00:00-04:00,30.57581482343823,31.599886280063462,29.44446107230228,29.581003189086914,8767900,0.0,0.0
2022-05-12 00:00:00-04:00,29.06409274003365,29.93211558892365,28.16681192718747,29.39569664001465,10220000,0.0,0.0
2022-05-13 00:00:00-04:00,30.829402243298738,34.01865113610494,30.770882583804227,33.82358932495117,13376900,0.0,0.0
2022-05-16 00:00:00-04:00,33.08234987393349,34.36000099734138,32.45815515487723,32.54593276977539,7313900,0.0,0.0
2022-05-17 00:00:00-04:00,33.648029228785624,34.08691731065121,33.111612115613944,33.833335876464844,6604400,0.0,0.0
2022-05-18 00:00:00-04:00,33.31642138087162,33.77481595898681,32.30210320484779,32.98481750488281,5077000,0.0,0.0
2022-05-19 00:00:00-04:00,32.448399543181075,33.4919756517181,32.2825957495992,32.43864440917969,6185500,0.0,0.0
2022-05-20 00:00:00-04:00,32.98481939805572,33.238400816862864,31.61939071961652,32.63370895385742,6278500,0.0,0.0
2022-05-23 00:00:00-04:00,33.00432759020565,33.00432759020565,31.76568955950996,32.17531967163086,5087000,0.0,0.0
2022-05-24 00:00:00-04:00,31.755936359493592,31.89247848236004,29.82483078907728,30.21495246887207,5861500,0.0,0.0
2022-05-25 00:00:00-04:00,29.961375609340877,31.54137088006405,29.961375609340877,31.278038024902344,5293400,0.0,0.0
2022-05-26 00:00:00-04:00,31.5413691730744,33.63827676523449,31.32680084629692,33.326175689697266,4464800,0.0,0.0
2022-05-27 00:00:00-04:00,33.43346410721021,33.98938782414849,33.37494817100266,33.76506805419922,5263000,0.0,0.0
2022-05-31 00:00:00-04:00,35.40357655128724,35.53036726378036,34.272222714910086,34.584320068359375,10304100,0.0,0.0
2022-06-01 00:00:00-04:00,34.8476526120307,35.59863802504572,33.59926320883372,34.29172897338867,6063500,0.0,0.0
2022-06-02 00:00:00-04:00,34.194204566871804,34.954941497176264,34.09667180625944,34.65259552001953,4983700,0.0,0.0
2022-06-03 00:00:00-04:00,34.25271692358765,34.74036951421017,33.75531291817004,34.0966682434082,4499700,0.0,0.0
2022-06-06 00:00:00-04:00,35.12074083846528,36.37888551903659,34.36975906095566,34.62333679199219,7184500,0.0,0.0
2022-06-07 00:00:00-04:00,33.999139393612204,35.00370254505879,33.86259726279352,34.945186614990234,4383300,0.0,0.0
2022-06-08 00:00:00-04:00,34.867163316997164,36.671476573874806,34.69160807118812,36.4666633605957,8323700,0.0,0.0
2022-06-09 00:00:00-04:00,35.75468501921826,35.774191567787724,34.311233909521036,34.41851806640625,6249200,0.0,0.0
2022-06-10 00:00:00-04:00,33.589507345833866,34.16493752149086,32.49716664171159,32.67272186279297,7558200,0.0,0.0
2022-06-13 00:00:00-04:00,31.04396431539159,31.52186363821921,29.395698013222876,29.84433937072754,11068100,0.0,0.0
2022-06-14 00:00:00-04:00,30.010139159228867,31.794945604304573,30.010139159228867,31.47309684753418,8683400,0.0,0.0
2022-06-15 00:00:00-04:00,31.746178162752102,32.51667003374771,31.278032192151766,31.833955764770508,7189500,0.0,0.0
2022-06-16 00:00:00-04:00,31.131741432999384,31.131741432999384,29.815079067400617,30.1076717376709,8529400,0.0,0.0
2022-06-17 00:00:00-04:00,30.780628593413464,31.297540968760437,29.815076762677947,30.88791275024414,8175300,0.0,0.0
2022-06-21 00:00:00-04:00,31.51211292956174,31.765690649196987,30.82939853293649,30.92692756652832,5608500,0.0,0.0
2022-06-22 00:00:00-04:00,30.30273249833254,31.28779284135001,30.205201605536516,30.819644927978516,5706700,0.0,0.0
2022-06-23 00:00:00-04:00,31.161000290212616,31.30729383043325,29.70779397952677,30.80013656616211,6337800,0.0,0.0
2022-06-24 00:00:00-04:00,31.41457679739016,32.72148579765398,31.297541225566256,32.60445022583008,14518400,0.0,0.0
2022-06-27 00:00:00-04:00,32.73123647792802,33.072591732832414,31.950989517301,32.35086441040039,4880000,0.0,0.0
2022-06-28 00:00:00-04:00,34.896417702795,35.413331971508896,33.62852172913641,33.657779693603516,12814600,0.0,0.0
2022-06-29 00:00:00-04:00,33.30666820215524,33.521232778429685,32.32160804016947,32.78000259399414,7076700,0.0,0.0
2022-06-30 00:00:00-04:00,32.15581367848457,33.579758379511176,31.180506616905216,32.760501861572266,9917800,0.0,0.0
2022-07-01 00:00:00-04:00,32.91655187253202,34.50630045655861,32.70198352902698,34.40876770019531,6397800,0.0,0.0
2022-07-05 00:00:00-04:00,33.404203492599144,33.96012716549338,33.0530930211935,33.901607513427734,6103600,0.0,0.0
2022-07-06 00:00:00-04:00,33.6382806567217,34.203955782993255,33.472476824895885,33.84309387207031,7779000,0.0,0.0
2022-07-07 00:00:00-04:00,34.233211318128035,35.081729527980755,33.843091467161535,34.45753479003906,5976300,0.0,0.0
2022-07-08 00:00:00-04:00,34.330744395895756,34.37950891266596,33.35543917851516,33.5309944152832,5437400,0.0,0.0
2022-07-11 00:00:00-04:00,31.999762797030375,32.25334049494115,30.166188102735354,31.41457748413086,15838000,0.0,0.0
2022-07-12 00:00:00-04:00,31.248779460125167,32.44840440809984,31.131742017769255,32.428897857666016,6787600,0.0,0.0
2022-07-13 00:00:00-04:00,32.048527634227845,32.79951304173369,31.71692373637454,32.40938949584961,4749300,0.0,0.0
2022-07-14 00:00:00-04:00,31.882724128721748,33.60901469688601,31.76568855203936,33.40420150756836,7293400,0.0,0.0
2022-07-15 00:00:00-04:00,33.85284329265621,34.389260419547476,32.96531569129237,33.67728805541992,7427100,0.0,0.0
2022-07-18 00:00:00-04:00,34.057655913080296,34.65259268236679,33.73580713065124,33.79432678222656,8601800,0.0,0.0
2022-07-19 00:00:00-04:00,34.194204566871804,34.7501282806319,34.03815587038642,34.65259552001953,6250700,0.0,0.0
2022-07-20 00:00:00-04:00,35.21827457859238,36.26185094010943,35.101238985659045,36.16432189941406,10306600,0.0,0.0
2022-07-21 00:00:00-04:00,36.80801778693181,38.99269922692659,36.63246256329907,38.54405975341797,14812600,0.0,0.0
2022-07-22 00:00:00-04:00,38.43677557507014,38.670850446640436,37.705296717092025,38.02714920043945,5934100,0.0,0.0
2022-07-25 00:00:00-04:00,38.03690702566128,38.368510979320156,37.4517253288489,37.89060974121094,4721800,0.0,0.0
2022-07-26 00:00:00-04:00,37.84184007583552,37.84184007583552,37.246903323335864,37.27616500854492,4129400,0.0,0.0
2022-07-27 00:00:00-04:00,37.73455288139819,38.202698881720345,37.24690033266756,38.00764083862305,5018800,0.0,0.0
2022-07-28 00:00:00-04:00,38.03690214499474,38.163692860549716,36.94456138154347,37.568756103515625,4268000,0.0,0.0
2022-07-29 00:00:00-04:00,37.27616491263393,37.27616491263393,36.144811060469706,36.75925064086914,5268900,0.0,0.0
2022-08-01 00:00:00-04:00,36.388636976608495,37.28591594087197,35.822958196142785,36.837276458740234,5263200,0.0,0.0
2022-08-02 00:00:00-04:00,36.34962751507007,37.77357230286439,36.21308537384244,37.2078971862793,4506300,0.0,0.0
2022-08-03 00:00:00-04:00,37.578508930237355,38.29048129426808,37.52974441334372,37.99789047241211,4809000,0.0,0.0
2022-08-04 00:00:00-04:00,38.183197125193246,38.81714322403483,38.105170929370026,38.329490661621094,4592300,0.0,0.0
2022-08-05 00:00:00-04:00,37.8418401729795,38.183199217672225,37.21764545416241,37.42245864868164,4099900,0.0,0.0
2022-08-08 00:00:00-04:00,37.71505005619807,38.1831998232294,36.252092265583826,36.27159881591797,5937500,0.0,0.0
2022-08-09 00:00:00-04:00,36.08629475471911,36.08629475471911,35.04271842026272,35.988765716552734,4312400,0.0,0.0
2022-08-10 00:00:00-04:00,36.63246550048073,36.72024311933509,35.30604980245673,35.744937896728516,5281600,0.0,0.0
2022-08-11 00:00:00-04:00,36.4471532830648,37.939372728091655,36.28135318944736,36.75925064086914,3956800,0.0,0.0
2022-08-12 00:00:00-04:00,36.40814436654161,37.73455629382484,36.40814436654161,37.715049743652344,3481900,0.0,0.0
2022-08-15 00:00:00-04:00,37.27616717613684,38.13443310196786,37.25666062502783,37.73455810546875,2748600,0.0,0.0
2022-08-16 00:00:00-04:00,37.48097590549977,37.637024575239934,37.012829896279264,37.334678649902344,3067300,0.0,0.0
2022-08-17 00:00:00-04:00,36.6909809163228,37.051846522364116,36.34962558141248,36.52518081665039,3509200,0.0,0.0
2022-08-18 00:00:00-04:00,36.47641960084906,36.79826841424475,35.90098932672276,36.788516998291016,3499100,0.0,0.0
2022-08-19 00:00:00-04:00,36.349622741767504,36.905546369760565,36.24233858189274,36.70073318481445,2800500,0.0,0.0
2022-08-22 00:00:00-04:00,35.74493140616056,35.881473517253085,35.374314447128356,35.696163177490234,3621400,0.0,0.0
2022-08-23 00:00:00-04:00,35.735182466224344,36.593452096776105,35.65715998371644,35.96925735473633,2469400,0.0,0.0
2022-08-24 00:00:00-04:00,35.95950162527605,37.36394349216662,35.530368677333975,36.93480682373047,3908800,0.0,0.0
2022-08-25 00:00:00-04:00,37.519993368817666,38.58307621777528,37.432215749344316,38.10517501831055,3694400,0.0,0.0
2022-08-26 00:00:00-04:00,38.45628595620835,38.826902989583964,36.9738215432001,36.99332809448242,3155300,0.0,0.0
2022-08-29 00:00:00-04:00,36.57394295935138,37.33467978234784,36.34962322232662,36.95431137084961,2902200,0.0,0.0
2022-08-30 00:00:00-04:00,37.305424764701364,37.519993104232945,35.40357883651971,35.744937896728516,6389400,0.0,0.0
2022-08-31 00:00:00-04:00,36.183818934553635,37.246901678004086,35.86197017542315,36.70073318481445,4412500,0.0,0.0
2022-09-01 00:00:00-04:00,36.26184721602423,36.26184721602423,34.945186699385395,35.793701171875,3792800,0.0,0.0
2022-09-02 00:00:00-04:00,36.19357195477138,36.26184301243139,35.2377734270376,35.3157958984375,3208200,0.0,0.0
2022-09-06 00:00:00-04:00,35.45234214015511,35.46209727552403,34.14543303777297,34.57456970214844,6543100,0.0,0.0
2022-09-07 00:00:00-04:00,34.408761898097495,35.618141829613904,34.38925535011408,35.50110626220703,3593000,0.0,0.0
2022-09-08 00:00:00-04:00,34.89641817971395,36.739744376212826,34.66234701979022,36.72024154663086,3206900,0.0,0.0
2022-09-09 00:00:00-04:00,37.05184260780727,37.41270445522913,36.8567808425409,37.227394104003906,2938100,0.0,0.0
2022-09-12 00:00:00-04:00,37.60776512150976,38.31973738150686,37.4614678717117,37.79307174682617,4624600,0.0,0.0
2022-09-13 00:00:00-04:00,36.573944186261265,37.74431114432043,36.45690860660355,36.905548095703125,4872000,0.0,0.0
2022-09-14 00:00:00-04:00,36.72024455589815,37.24690656913411,35.5401223628001,37.2078971862793,4196800,0.0,0.0
2022-09-15 00:00:00-04:00,37.159126350299104,39.33406020385743,37.02258421861255,38.709861755371094,8544800,0.0,0.0
2022-09-16 00:00:00-04:00,37.422461962410765,38.124682943508105,36.80802232444491,37.685794830322266,9292700,0.0,0.0
2022-09-19 00:00:00-04:00,37.20789075781363,38.46603149925036,37.20789075781363,37.86134338378906,4951000,0.0,0.0
2022-09-20 00:00:00-04:00,39.33406344214627,40.085045228249044,37.98814112379722,38.30998992919922,15503100,0.0,0.0
2022-09-21 00:00:00-04:00,37.958868459554935,38.124672242662534,35.715667724609375,35.715667724609375,8359300,0.0,0.0
2022-09-22 00:00:00-04:00,35.6766625454341,36.47641243431373,34.07715904718113,34.41851806640625,7215600,0.0,0.0
2022-09-23 00:00:00-04:00,33.89185336312819,34.63308362700235,33.618769116515686,34.59407424926758,8097200,0.0,0.0
2022-09-26 00:00:00-04:00,37.91011104745673,39.49985952180086,37.422458460767835,38.68060302734375,25186600,0.0,0.0
2022-09-27 00:00:00-04:00,39.4901019821838,39.548617902394525,37.929611714514415,38.73911666870117,11500000,0.0,0.0
2022-09-28 00:00:00-04:00,38.63184108156221,38.94393846015621,38.05641084218685,38.7293701171875,6478700,0.0,0.0
2022-09-29 00:00:00-04:00,38.03690108359979,38.339247021334415,36.96406690020864,37.57850646972656,6596800,0.0,0.0
2022-09-30 00:00:00-04:00,36.87628801733059,37.41270509055196,36.47641306596625,36.593448638916016,7166500,0.0,0.0
2022-10-03 00:00:00-04:00,36.91530296912796,37.9393764786857,36.30086332798652,37.64678192138672,5905600,0.0,0.0
2022-10-04 00:00:00-04:00,38.28072529747372,41.01157884211196,38.222205651908766,40.96281433105469,10742100,0.0,0.0
2022-10-05 00:00:00-04:00,40.85553256238012,41.92837047081458,40.27035095450236,41.5675048828125,9479200,0.0,0.0
2022-10-06 00:00:00-04:00,41.450466018371834,42.386758004927174,41.44071460456118,42.00638961791992,7507400,0.0,0.0
2022-10-07 00:00:00-04:00,41.70404767938889,41.762567329313605,40.592200374277304,41.450469970703125,6788100,0.0,0.0
2022-10-10 00:00:00-04:00,40.29960856240004,40.465412372812104,37.315173459427825,38.319740295410156,11700200,0.0,0.0
2022-10-11 00:00:00-04:00,37.96862711470902,38.03689817276424,34.759872504139416,35.462093353271484,13057300,0.0,0.0
2022-10-12 00:00:00-04:00,35.120739248259895,35.979008881474066,34.613583809149944,35.59864044189453,6902000,0.0,0.0
2022-10-13 00:00:00-04:00,34.51605033087609,36.330118592802464,33.98938463151152,34.86716079711914,8378000,0.0,0.0
2022-10-14 00:00:00-04:00,35.149996304884105,35.608387166835875,33.80407424015719,34.35024642944336,6740600,0.0,0.0
2022-10-17 00:00:00-04:00,34.945185372826224,35.4133313992041,34.31123553599504,34.80863952636719,6330900,0.0,0.0
2022-10-18 00:00:00-04:00,35.647405570230944,36.21308439197272,34.867162126875236,34.964691162109375,6210500,0.0,0.0
2022-10-19 00:00:00-04:00,33.86259373179581,35.29628967638835,33.84308718364231,34.72085952758789,9687800,0.0,0.0
2022-10-20 00:00:00-04:00,35.63764691722553,37.82232811493277,35.208510320162944,36.66171646118164,12358000,0.0,0.0
2022-10-21 00:00:00-04:00,36.99332765197756,38.30998822358364,36.59345265670878,38.10517501831055,7303700,0.0,0.0
2022-10-24 00:00:00-04:00,35.988761169556575,36.3496230297723,32.55568662883217,34.184444427490234,15856100,0.0,0.0
2022-10-25 00:00:00-04:00,34.360001186059975,35.50111018600348,33.404202552193716,33.91136169433594,10269700,0.0,0.0
2022-10-26 00:00:00-04:00,33.91135991224249,34.87690991019032,33.45296530929108,34.59407424926758,8429800,0.0,0.0
2022-10-27 00:00:00-04:00,34.81839425695833,35.189011252054776,34.116173365300604,34.184444427490234,5282800,0.0,0.0
2022-10-28 00:00:00-04:00,33.96987684910234,36.18381604976263,33.872344111313076,36.17406463623047,7352400,0.0,0.0
2022-10-31 00:00:00-04:00,36.97381725834415,37.93937097220374,35.88147655658403,37.071346282958984,9699500,0.0,0.0
2022-11-01 00:00:00-04:00,38.30023818878244,38.76838426934922,37.64678172681812,37.685794830322266,7671100,0.0,0.0
2022-11-02 00:00:00-04:00,37.042086524641185,38.592821752029906,37.042086524641185,37.23714828491211,6750100,0.0,0.0
2022-11-03 00:00:00-04:00,36.65196934528739,37.744310072218184,36.115548536063706,36.91529846191406,3869600,0.0,0.0
2022-11-04 00:00:00-04:00,39.168254472732244,39.743684657077786,38.0369006533996,39.246280670166016,8740300,0.0,0.0
2022-11-07 00:00:00-05:00,39.226773569638446,40.2703497624419,38.436775073944034,39.69491958618164,5382900,0.0,0.0
2022-11-08 00:00:00-05:00,39.71442632477842,40.046030219807285,39.2072672076464,39.655906677246094,3951300,0.0,0.0
2022-11-09 00:00:00-05:00,39.051217550244964,39.34380833954277,38.71961366357579,38.96343994140625,3722000,0.0,0.0
2022-11-10 00:00:00-05:00,40.2605975208455,41.333435474618305,39.538873755329,40.036277770996094,5940400,0.0,0.0
2022-11-11 00:00:00-05:00,41.304174011477514,42.78663837197473,40.87504105994967,42.250221252441406,10637500,0.0,0.0
2022-11-14 00:00:00-05:00,42.181944248288175,43.049965164708084,41.42120748477295,41.93811798095703,4725300,0.0,0.0
2022-11-15 00:00:00-05:00,42.8939221390666,43.635156172634225,42.367256439504466,42.845157623291016,5915000,0.0,0.0
2022-11-16 00:00:00-05:00,42.435525710782905,42.952439973523504,41.86985065482323,42.82564926147461,4755300,0.0,0.0
2022-11-17 00:00:00-05:00,41.93812626338159,43.44009725968645,41.596770909900634,43.18651580810547,3744000,0.0,0.0
2022-11-18 00:00:00-05:00,43.664414830509415,43.927747684466894,42.17219904524452,42.54281234741211,4125700,0.0,0.0
2022-11-21 00:00:00-05:00,41.59676502764965,41.73330714973344,40.39713645107054,41.32367706298828,6146100,0.0,0.0
2022-11-22 00:00:00-05:00,41.14812393299683,41.733309269427494,40.689733031360895,41.63577651977539,3574100,0.0,0.0
2022-11-23 00:00:00-05:00,41.7820709375859,42.14293278547986,41.226147324170384,41.996639251708984,1986900,0.0,0.0
2022-11-25 00:00:00-05:00,42.26972378693654,42.26972378693654,41.49923185400622,42.103919982910156,2533600,0.0,0.0
2022-11-28 00:00:00-05:00,43.254781700672524,43.547376220622546,41.538246282167584,42.57207107543945,7573600,0.0,0.0
2022-11-29 00:00:00-05:00,43.44009713159807,43.986265695557165,43.079231506988755,43.557132720947266,6756200,0.0,0.0
2022-11-30 00:00:00-05:00,44.05453456760055,45.751567270701244,43.97651208542608,45.68329620361328,9585900,0.0,0.0
2022-12-01 00:00:00-05:00,45.35168726934057,45.86859778314281,44.70798605046646,45.7320556640625,5079200,0.0,0.0
2022-12-02 00:00:00-05:00,45.10786750703484,47.12674906322367,44.990831919565785,46.775638580322266,7501800,0.0,0.0
2022-12-05 00:00:00-05:00,47.22427763265578,48.08254728009993,46.131936812586794,46.52206039428711,7456400,0.0,0.0
2022-12-06 00:00:00-05:00,46.580571514735375,46.697610809450104,45.566257003997805,45.64427947998047,4997600,0.0,0.0
2022-12-07 00:00:00-05:00,45.029841075834796,46.02465286556691,44.434908005563265,45.96613693237305,6008400,0.0,0.0
2022-12-08 00:00:00-05:00,47.30229958883234,48.50192447215171,46.53180763044623,47.11699295043945,9284500,0.0,0.0
2022-12-09 00:00:00-05:00,47.009710313489556,47.21452350790652,46.10267620050702,46.14168930053711,3963700,0.0,0.0
2022-12-12 00:00:00-05:00,45.76131817197084,47.17551145526023,45.18589167597451,47.1657600402832,4188500,0.0,0.0
2022-12-13 00:00:00-05:00,47.84847364829576,48.15081587410508,47.17551069047447,47.468101501464844,5513200,0.0,0.0
2022-12-14 00:00:00-05:00,47.29254961065016,47.90698919263668,47.0194616314955,47.54612731933594,4572300,0.0,0.0
2022-12-15 00:00:00-05:00,47.292544477281496,47.89723257889169,46.36600391676184,47.44859313964844,4375600,0.0,0.0
2022-12-16 00:00:00-05:00,47.0097112809606,47.30230209621985,46.23921928173247,46.31724548339844,6640200,0.0,0.0
2022-12-19 00:00:00-05:00,45.897863298684015,46.122183044546034,44.99082917991923,45.21514892578125,5042200,0.0,0.0
2022-12-20 00:00:00-05:00,45.0981189548298,45.5857716074878,44.73725331310685,45.23466110229492,3224200,0.0,0.0
2022-12-21 00:00:00-05:00,45.585762130973755,46.39526343144719,45.536993899450465,45.7320556640625,3157900,0.0,0.0
2022-12-22 00:00:00-05:00,45.69304167503608,46.05390723469644,44.97131799670264,45.371192932128906,2834800,0.0,0.0
2022-12-23 00:00:00-05:00,45.22489568140242,45.58576124106278,44.76650482208047,45.371192932128906,1985700,0.0,0.0
2022-12-27 00:00:00-05:00,45.99539064196874,47.54612597648302,45.81983541764683,47.26328659057617,6039600,0.0,0.0
2022-12-28 00:00:00-05:00,46.79513732953428,46.8926700699088,45.029833793938394,45.039588928222656,4485300,0.0,0.0
2022-12-29 00:00:00-05:00,45.39070415031987,46.73662262530749,45.195642369446674,45.9173698425293,3969100,0.0,0.0
2022-12-30 00:00:00-05:00,45.41996155380044,46.9219324113146,45.29317083972613,46.88291931152344,3924300,0.0,0.0
2023-01-03 00:00:00-05:00,48.072791863136835,48.550689304419976,47.34131299870868,48.1118049621582,5853300,0.0,0.0
2023-01-04 00:00:00-05:00,48.57019737609129,50.715869523090056,48.37513559536522,50.608585357666016,8253600,0.0,0.0
2023-01-05 00:00:00-05:00,50.16969918800235,51.184017509934854,49.84785039999143,50.257476806640625,4981000,0.0,0.0
2023-01-06 00:00:00-05:00,50.22821483854369,51.086484405678455,49.78932678032173,50.296485900878906,4807000,0.0,0.0
2023-01-09 00:00:00-05:00,50.696364845143165,51.58389244575314,50.64760032828431,51.47660827636719,4622800,0.0,0.0
2023-01-10 00:00:00-05:00,51.652163751403066,52.578704457966126,51.33031496225667,52.47142028808594,4558500,0.0,0.0
2023-01-11 00:00:00-05:00,51.52537601987945,52.208086690348246,51.20352351480635,51.92525100708008,4043000,0.0,0.0
2023-01-12 00:00:00-05:00,51.93500288847451,52.744508005718906,51.23278194055109,52.178829193115234,4728900,0.0,0.0
2023-01-13 00:00:00-05:00,51.69117358044966,53.68079700363456,51.6521604810553,53.612525939941406,4685500,0.0,0.0
2023-01-17 00:00:00-05:00,53.173640635110615,53.49548942059774,52.40314862427136,53.105369567871094,6639800,0.0,0.0
2023-01-18 00:00:00-05:00,53.26141385009608,53.64178225627063,52.754254735032085,53.03709411621094,4326900,0.0,0.0
2023-01-19 00:00:00-05:00,53.095614817735154,53.973391003607354,52.94932126708589,53.02734375,4575500,0.0,0.0
2023-01-20 00:00:00-05:00,52.95907162945379,53.59302149781365,52.84203604716218,53.22240447998047,5011900,0.0,0.0
2023-01-23 00:00:00-05:00,53.4077124288645,54.51956350943215,53.193147809521975,54.02215576171875,4850700,0.0,0.0
2023-01-24 00:00:00-05:00,53.62228038622438,54.16845264714289,53.22240539605906,54.100181579589844,4352200,0.0,0.0
2023-01-25 00:00:00-05:00,53.251666693046545,54.1391943472475,52.98833754200951,53.66129684448242,8660200,0.0,0.0
2023-01-26 00:00:00-05:00,55.806963442569256,57.43572130302467,54.412276741218164,56.92856216430664,22729100,0.0,0.0
2023-01-27 00:00:00-05:00,57.35770063141874,58.479299388509226,56.57745348849339,57.46498107910156,9276600,0.0,0.0
2023-01-30 00:00:00-05:00,56.43116178370093,56.567703922026745,55.80696702535764,56.45066833496094,6678400,0.0,0.0
2023-01-31 00:00:00-05:00,56.567705445370436,57.562517263455234,56.05079484478989,57.54301071166992,4429400,0.0,0.0
2023-02-01 00:00:00-05:00,58.17695715509506,58.849916409349355,56.07029805428367,57.46498107910156,7091100,0.0,0.0
2023-02-02 00:00:00-05:00,57.54300399825454,57.7575723223654,55.611900242738486,55.98251724243164,6868000,0.0,0.0
2023-02-03 00:00:00-05:00,55.836223945053646,57.02609750614393,55.504620020839674,56.645729064941406,3953800,0.0,0.0
2023-02-06 00:00:00-05:00,55.82646895557851,56.61646375349864,55.290048141566174,56.42140197753906,3652600,0.0,0.0
2023-02-07 00:00:00-05:00,56.44090852956309,56.92856110923564,55.42659399141956,56.606712341308594,3958600,0.0,0.0
2023-02-08 00:00:00-05:00,56.27511397821425,56.63597588095804,55.806967902102066,56.109310150146484,2695200,0.0,0.0
2023-02-09 00:00:00-05:00,57.650287477488895,58.8108992558548,56.00201940814859,56.099552154541016,4708700,0.0,0.0
2023-02-10 00:00:00-05:00,55.51436967918049,56.479923455171296,55.30955648201379,55.40708923339844,3665700,0.0,0.0
2023-02-13 00:00:00-05:00,55.777699672186806,56.74325339875558,55.61189958406047,56.099552154541016,3624000,0.0,0.0
2023-02-14 00:00:00-05:00,55.728938757862025,56.61646634462782,55.51437042243708,56.13856887817383,2884400,0.0,0.0
2023-02-15 00:00:00-05:00,55.49486627825805,55.75819540305138,54.95844545239829,55.153507232666016,3132500,0.0,0.0
2023-02-16 00:00:00-05:00,54.890173913580746,56.04103431468302,54.54881859142921,55.416839599609375,3472500,0.0,0.0
2023-02-17 00:00:00-05:00,54.86090876411369,55.143748119993774,54.37325624176601,54.63658905029297,4244700,0.0,0.0
2023-02-21 00:00:00-05:00,54.04165720348647,55.46560180297667,54.031905789185885,54.95844268798828,3404800,0.0,0.0
2023-02-22 00:00:00-05:00,54.802400038888536,56.18733541289663,54.65610648533812,55.933753967285156,3272600,0.0,0.0
2023-02-23 00:00:00-05:00,56.50917839259345,57.18214131936122,54.99745617182243,55.06572723388672,3730600,0.0,0.0
2023-02-24 00:00:00-05:00,54.2172173248623,54.9584476549935,53.91487136730536,54.763389587402344,2495800,0.0,0.0
2023-02-27 00:00:00-05:00,55.143748119993774,55.32905473910824,54.324491733629934,54.63658905029297,2843500,0.0,0.0
2023-02-28 00:00:00-05:00,54.67560874909024,56.12881135773763,54.67560874909024,56.05078887939453,4929200,0.0,0.0
2023-03-01 00:00:00-05:00,56.96757802186322,57.81609252555362,56.714000300476656,57.123626708984375,7091000,0.0,0.0
2023-03-02 00:00:00-05:00,56.83103119265389,58.84016112885956,56.83103119265389,58.68410873413086,5877500,0.0,0.0
2023-03-03 00:00:00-05:00,58.5280652563351,59.4838676564404,58.14769681164737,59.29855728149414,4323500,0.0,0.0
2023-03-06 00:00:00-05:00,59.05472601213373,59.16201017377419,58.10868254779136,58.45978927612305,5275200,0.0,0.0
2023-03-07 00:00:00-05:00,58.21597000603861,58.430538355182684,57.05535807852018,57.54301071166992,10668800,0.0,0.0
2023-03-08 00:00:00-05:00,57.543005657186434,57.88436098220943,57.11387271708695,57.59177017211914,2300400,0.0,0.0
2023-03-09 00:00:00-05:00,57.39670760988907,57.41621415969519,54.89017362745921,55.12424850463867,6619600,0.0,0.0
2023-03-10 00:00:00-05:00,54.64635180134947,55.77770573910141,53.40771369114354,54.82190704345703,6097000,0.0,0.0
2023-03-13 00:00:00-04:00,53.83684710637844,54.97795239017658,53.7100563902362,54.558570861816406,5174700,0.0,0.0
2023-03-14 00:00:00-04:00,55.06572846414592,55.38758095292015,54.16844950240066,54.50005340576172,5208300,0.0,0.0
2023-03-15 00:00:00-04:00,53.19314870550472,53.31018429261691,50.54031726100021,51.7984619140625,7056700,0.0,0.0
2023-03-16 00:00:00-04:00,51.63265466611948,53.31993217374993,51.02796649887766,53.124874114990234,4079500,0.0,0.0
2023-03-17 00:00:00-04:00,52.88104848366795,53.719811540623034,52.30561827393092,53.339439392089844,5346200,0.0,0.0
2023-03-20 00:00:00-04:00,53.222407122030056,54.587835958359285,53.183394019164815,53.60277557373047,3717800,0.0,0.0
2023-03-21 00:00:00-04:00,54.61708897241972,54.93894146113,53.75881938968626,53.79783248901367,4195300,0.0,0.0
2023-03-22 00:00:00-04:00,54.1196810784121,54.363507350899916,53.076101209310096,53.09560775756836,3427100,0.0,0.0
2023-03-23 00:00:00-04:00,53.583261667516794,54.51955740529625,52.71524071062732,53.378448486328125,3948000,0.0,0.0
2023-03-24 00:00:00-04:00,52.773756631239166,53.11511190912172,52.10079376842286,53.00782775878906,3291500,0.0,0.0
2023-03-27 00:00:00-04:00,53.06636029944724,53.37845769236908,52.442165513603555,52.92006301879883,2443100,0.0,0.0
2023-03-28 00:00:00-04:00,53.33943910577732,53.788082317422464,52.63722190412591,53.23215866088867,2408100,0.0,0.0
2023-03-29 00:00:00-04:00,53.33944119370331,54.10018179597072,53.11512143934694,53.54425811767578,2678400,0.0,0.0
2023-03-30 00:00:00-04:00,54.051410104067216,54.1782008164242,53.261415306713054,54.16844940185547,3475400,0.0,0.0
2023-03-31 00:00:00-04:00,54.6170910520085,56.08980026300062,54.49030033461371,56.03128433227539,4272900,0.0,0.0
2023-04-03 00:00:00-04:00,58.13794522123346,58.81090448900047,56.88955572027639,57.26992416381836,5731200,0.0,0.0
2023-04-04 00:00:00-04:00,56.6847349095606,56.79201907253823,55.602145585686564,56.2360954284668,3363200,0.0,0.0
2023-04-05 00:00:00-04:00,56.30436764370222,56.30436764370222,54.63659667737644,55.153507232666016,2436500,0.0,0.0
2023-04-06 00:00:00-04:00,55.2803011696,55.61190509923252,54.0904275890667,55.602149963378906,2818700,0.0,0.0
2023-04-10 00:00:00-04:00,55.34856749154087,56.06053980752785,55.25103846433483,55.611900329589844,2476200,0.0,0.0
2023-04-11 00:00:00-04:00,55.875236171686126,55.97276520413566,54.470794293250556,54.54882049560547,2896500,0.0,0.0
2023-04-12 00:00:00-04:00,55.14375466281626,55.52412308009931,54.24647198057706,54.50005340576172,3447200,0.0,0.0
2023-04-13 00:00:00-04:00,55.299808722856966,56.245852290617414,54.94869823564925,56.109310150146484,5199700,0.0,0.0
2023-04-14 00:00:00-04:00,55.79720896284462,56.89930486801613,55.72893789726262,56.811527252197266,3327600,0.0,0.0
2023-04-17 00:00:00-04:00,56.8700472869062,57.83559734693927,56.64572753840868,56.73350143432617,3911800,0.0,0.0
2023-04-18 00:00:00-04:00,57.29917964402928,58.596337326488694,57.006588832499,57.884361267089844,3720100,0.0,0.0
2023-04-19 00:00:00-04:00,57.6697919055898,58.49879975671708,56.84078033396879,57.89411163330078,5847900,0.0,0.0
2023-04-20 00:00:00-04:00,60.60546533965347,61.92212960948067,59.49361799212881,60.010528564453125,15784400,0.0,0.0
2023-04-21 00:00:00-04:00,59.88374104595533,61.67830277109878,59.30831082646656,61.49299240112305,7333400,0.0,0.0
2023-04-24 00:00:00-04:00,61.49298955440142,62.38051710061156,61.16138565139467,62.370765686035156,8802900,0.0,0.0
2023-04-25 00:00:00-04:00,61.931880117652334,62.107435351058434,60.8005262359764,60.868797302246094,7377100,0.0,0.0
2023-04-26 00:00:00-04:00,61.41496995602638,61.746573874581884,60.13731879796082,60.273860931396484,3583400,0.0,0.0
2023-04-27 00:00:00-04:00,60.67372798952608,60.751754181577375,58.84015712224393,60.6834831237793,6545900,0.0,0.0
2023-04-28 00:00:00-04:00,60.225095896174274,62.45854568953396,60.10806031430871,62.27323532104492,4684000,0.0,0.0
2023-05-01 00:00:00-04:00,62.7998985369744,63.960514056270064,62.68285923924269,63.25829315185547,5375400,0.0,0.0
2023-05-02 00:00:00-04:00,62.8096516229709,62.88767781891323,61.502742604887224,62.05866622924805,3602300,0.0,0.0
2023-05-03 00:00:00-04:00,61.639288834530795,61.668546799711834,59.727691552492935,59.91299819946289,4035100,0.0,0.0
2023-05-04 00:00:00-04:00,59.95201462113639,60.56645424693989,59.30831330803682,60.176334381103516,3328300,0.0,0.0
2023-05-05 00:00:00-04:00,60.683490959682615,60.9565752261376,59.81546992374147,60.127567291259766,3183100,0.0,0.0
2023-05-08 00:00:00-04:00,60.19583257039224,60.829778659497364,59.92274460969899,60.663978576660156,2505600,0.0,0.0
2023-05-09 00:00:00-04:00,59.91299508581004,60.946819874243026,59.13275171741432,60.82978057861328,2776200,0.0,0.0
2023-05-10 00:00:00-04:00,61.02484636428379,61.94163191738166,59.9129990261348,60.97608184814453,5601200,0.0,0.0
2023-05-11 00:00:00-04:00,60.693239283209394,61.22965637377746,59.51312093986087,59.63991165161133,3818000,0.0,0.0
2023-05-12 00:00:00-04:00,59.318059818361036,59.90324142897307,58.10868349763113,58.635345458984375,2956300,0.0,0.0
2023-05-15 00:00:00-04:00,59.12299996751792,59.12299996751792,58.13794335611319,58.469547271728516,2836600,0.0,0.0
2023-05-16 00:00:00-04:00,58.26473664225622,58.313501160130286,56.85054330094284,56.96757888793945,3351600,0.0,0.0
2023-05-17 00:00:00-04:00,57.66004284135231,59.16201375422961,57.464981055700406,58.16720199584961,3476800,0.0,0.0
2023-05-18 00:00:00-04:00,58.24522290725735,59.37657669667221,58.11843220002728,59.14250183105469,2622000,0.0,0.0
2023-05-19 00:00:00-04:00,58.976705455545904,59.21077661538987,58.60608844521662,58.996212005615234,1966000,0.0,0.0
2023-05-22 00:00:00-04:00,59.152262246121346,59.63991484923696,57.933130738332316,58.02090835571289,2390400,0.0,0.0
2023-05-23 00:00:00-04:00,57.21140246697661,57.21140246697661,54.04166059003596,54.334251403808594,7604400,0.0,0.0
2023-05-24 00:00:00-04:00,53.51499114461549,54.88041980724157,53.42721353458248,54.51955795288086,3865700,0.0,0.0
2023-05-25 00:00:00-04:00,54.71461638123321,55.377824168199155,54.25622549942868,54.441532135009766,2879300,0.0,0.0
2023-05-26 00:00:00-04:00,54.500051805984285,55.33881481459994,54.14894136326203,54.95844268798828,3047400,0.0,0.0
2023-05-30 00:00:00-04:00,54.636597170769036,55.055978699958956,53.38820771857246,53.671043395996094,4885400,0.0,0.0
2023-05-31 00:00:00-04:00,53.6125288900134,53.86610660904216,52.65673022522172,53.768577575683594,6259200,0.0,0.0
2023-06-01 00:00:00-04:00,53.368700879637906,54.71461935532172,52.13006284902052,54.08067321777344,5730300,0.0,0.0
2023-06-02 00:00:00-04:00,55.83622492656837,58.22572350595267,55.094994582027894,57.48448944091797,7341100,0.0,0.0
2023-06-05 00:00:00-04:00,57.26016752844277,57.26016752844277,56.060542576191885,56.323875427246094,3032200,0.0,0.0
2023-06-06 00:00:00-04:00,56.01177393885197,57.835593491037905,55.8849832301564,57.43571853637695,3473500,0.0,0.0
2023-06-07 00:00:00-04:00,57.435720725864925,58.33300341473221,56.48967352271542,57.04560089111328,3057900,0.0,0.0
2023-06-08 00:00:00-04:00,55.51437088514894,56.58720885072168,55.3875838863357,56.392147064208984,3468800,0.0,0.0
2023-06-09 00:00:00-04:00,56.67498483388653,57.123624325579215,56.36288747266606,57.03584671020508,2290300,0.0,0.0
2023-06-12 00:00:00-04:00,57.26016493219594,57.62103051940485,56.772512353205016,57.494239807128906,2455500,0.0,0.0
2023-06-13 00:00:00-04:00,58.21596987526904,58.986461926833535,57.66980130848455,57.91362762451172,2748600,0.0,0.0
2023-06-14 00:00:00-04:00,58.2159665053329,58.80115186222019,57.92337568713631,58.35251235961914,2933200,0.0,0.0
2023-06-15 00:00:00-04:00,58.167201542772276,58.342756776442144,57.01634110893388,57.211402893066406,4532500,0.0,0.0
2023-06-16 00:00:00-04:00,57.416214368111255,57.757573410216494,56.76276168945712,57.006587982177734,4884900,0.0,0.0
2023-06-20 00:00:00-04:00,56.96757355546847,58.12818534240642,56.50917894527311,57.240657806396484,4807900,0.0,0.0
2023-06-21 00:00:00-04:00,57.27967387179766,57.55275813686891,56.42140425522421,56.879798889160156,3014500,0.0,0.0
2023-06-22 00:00:00-04:00,56.78226890672361,57.12362423234699,56.38239393078164,56.70424270629883,2349000,0.0,0.0
2023-06-23 00:00:00-04:00,55.84597577928165,56.08005067127485,54.86091913494278,55.865482330322266,10250400,0.0,0.0
2023-06-26 00:00:00-04:00,55.86548031371601,57.25041562365346,55.76795128252768,56.58720779418945,3759900,0.0,0.0
2023-06-27 00:00:00-04:00,56.92856891666943,57.44548325195011,56.44091627011805,57.084617614746094,3186000,0.0,0.0
2023-06-28 00:00:00-04:00,57.01634325660906,57.01634325660906,56.17758015759078,56.30437088012695,2778200,0.0,0.0
2023-06-29 00:00:00-04:00,56.39214563839496,56.53844290470404,55.80696401414669,55.9630126953125,4015000,0.0,0.0
2023-06-30 00:00:00-04:00,56.30437418588277,57.01634660416638,55.97277023704574,56.56770706176758,6063600,0.0,0.0
2023-07-03 00:00:00-04:00,56.94807327559429,57.75757842352823,56.860295653776085,57.14313507080078,3518200,0.0,0.0
2023-07-05 00:00:00-04:00,56.6554781107339,56.6554781107339,53.80758504767645,53.93437576293945,8092200,0.0,0.0
2023-07-06 00:00:00-04:00,52.959071814620465,53.446724416450294,52.14957043023988,53.36870193481445,6600700,0.0,0.0
2023-07-07 00:00:00-04:00,53.5442593967797,54.43178702021512,53.50524629409163,54.34400939941406,3961900,0.0,0.0
2023-07-10 00:00:00-04:00,54.44153304382672,56.20683670043945,54.42202649441459,56.20683670043945,3266400,0.0,0.0
2023-07-11 00:00:00-04:00,56.16782569177976,57.123624325579215,56.050790111445586,57.03584671020508,3631400,0.0,0.0
2023-07-12 00:00:00-04:00,57.572263336180065,58.17695522392401,57.16263694818642,57.81608963012695,3805400,0.0,0.0
2023-07-13 00:00:00-04:00,58.489058573995656,59.73744813632724,58.489058573995656,58.64510726928711,3625600,0.0,0.0
2023-07-14 00:00:00-04:00,59.51311912179402,59.71793230494598,58.77188514396721,59.43509292602539,3030400,0.0,0.0
2023-07-17 00:00:00-04:00,58.77189154452605,59.02547298789661,57.523502040222326,57.93313217163086,4261900,0.0,0.0
2023-07-18 00:00:00-04:00,57.84534377330711,58.8499067828326,57.84534377330711,58.51830291748047,3897300,0.0,0.0
2023-07-19 00:00:00-04:00,58.78164714820081,58.8011536994226,57.240663086127455,58.186710357666016,7511100,0.0,0.0
2023-07-20 00:00:00-04:00,55.797211984023534,57.279676397847844,55.00721711937297,55.046226501464844,9916800,0.0,0.0
2023-07-21 00:00:00-04:00,55.192521588685636,56.57745319116106,54.178203284608536,54.587833404541016,5892900,0.0,0.0
2023-07-24 00:00:00-04:00,54.69511831461781,56.1288144526081,54.617092111478506,55.134002685546875,4469400,0.0,0.0
2023-07-25 00:00:00-04:00,55.202275038050416,56.0800512413298,54.94869731293317,55.933753967285156,3351600,0.0,0.0
2023-07-26 00:00:00-04:00,55.91425031391896,57.29918194705745,55.84597552534017,57.123626708984375,3764000,0.0,0.0
2023-07-27 00:00:00-04:00,57.98188994457538,58.020903042170396,56.694487487889745,56.889549255371094,4073700,0.0,0.0
2023-07-28 00:00:00-04:00,57.738069438021746,58.12818929149502,57.2406616951886,57.75757598876953,2766700,0.0,0.0
2023-07-31 00:00:00-04:00,57.757573794335414,58.41102647733536,57.07485942607849,58.333003997802734,5126900,0.0,0.0
2023-08-01 00:00:00-04:00,57.640539443993724,58.97671033048402,57.4844907510343,57.767330169677734,3081900,0.0,0.0
2023-08-02 00:00:00-04:00,56.94806660437633,57.45522572430401,56.13856527176624,56.61646270751953,2836000,0.0,0.0
2023-08-03 00:00:00-04:00,56.24584751213903,56.92856187698663,55.83622112552686,56.63597106933594,3588800,0.0,0.0
2023-08-04 00:00:00-04:00,57.11387773488794,57.230913325107544,56.26535947443644,56.509185791015625,2883600,0.0,0.0
2023-08-07 00:00:00-04:00,56.90065383911133,57.115965387697955,56.098133727773366,56.90065383911133,1971600,0.2,0.0
2023-08-08 00:00:00-04:00,56.27429490275672,56.5678991729645,55.70665674475828,56.29386901855469,2794900,0.0,0.0
2023-08-09 00:00:00-04:00,56.60705134197001,57.282341583757066,55.559860340915066,55.638153076171875,3072400,0.0,0.0
2023-08-10 00:00:00-04:00,56.23514836431613,57.155113167615,56.078559166598595,56.176429748535156,2208500,0.0,0.0
2023-08-11 00:00:00-04:00,55.599005832457166,55.68708748863908,54.287569914515885,55.2075309753418,3942600,0.0,0.0
2023-08-14 00:00:00-04:00,54.47351577993153,55.06072430378297,54.219059748497436,54.610530853271484,3311000,0.0,0.0
2023-08-15 00:00:00-04:00,54.111407407163554,54.2092742562079,53.416543072158206,53.47526168823242,4004400,0.0,0.0
2023-08-16 00:00:00-04:00,53.12293550901426,53.582917916863785,52.44764528476411,52.486793518066406,3013300,0.0,0.0
2023-08-17 00:00:00-04:00,52.682530144575075,53.05442715510979,51.98766208093187,52.339988708496094,3824300,0.0,0.0
2023-08-18 00:00:00-04:00,51.674482483066505,52.57487314736704,51.34172997960035,52.202972412109375,3210000,0.0,0.0
2023-08-21 00:00:00-04:00,52.27148407307686,52.33999161742395,51.654912440571934,51.87022399902344,2773800,0.0,0.0
2023-08-22 00:00:00-04:00,52.281268168127625,52.525939030913804,51.65491135673598,52.30084228515625,2623200,0.0,0.0
2023-08-23 00:00:00-04:00,52.20296988482152,53.24037557678786,51.89957670319666,52.82932662963867,2229100,0.0,0.0
2023-08-24 00:00:00-04:00,52.63359419794706,53.22080650185775,52.22254894525252,52.23233413696289,3243600,0.0,0.0
2023-08-25 00:00:00-04:00,52.3399937654275,52.398716120155434,51.27322858818196,51.49832534790039,6539500,0.0,0.0
2023-08-28 00:00:00-04:00,51.87022083709286,52.829330132867355,51.84086152941414,52.6727409362793,3979000,0.0,0.0
2023-08-29 00:00:00-04:00,52.82932977001492,53.58291644010058,52.75103703894911,53.416542053222656,2629600,0.0,0.0
2023-08-30 00:00:00-04:00,53.201230640259936,54.04289896822837,53.07400075191145,53.739505767822266,2972800,0.0,0.0
2023-08-31 00:00:00-04:00,53.91566756072314,54.54202432666572,53.68078190680427,53.69057083129883,4691900,0.0,0.0
2023-09-01 00:00:00-04:00,54.19949109817468,54.228850407313324,53.32846341550452,53.75908279418945,3595300,0.0,0.0
2023-09-05 00:00:00-04:00,52.97614004969412,53.2208109300024,51.33195143535202,51.48854064941406,5064400,0.0,0.0
2023-09-06 00:00:00-04:00,51.30258137572565,51.439600186002195,50.85238791353094,51.31237030029297,4269600,0.0,0.0
2023-09-07 00:00:00-04:00,50.61750493274808,50.881749889827205,48.29802266506937,48.71885681152344,11904200,0.0,0.0
2023-09-08 00:00:00-04:00,48.66013779472413,49.032034783037865,47.39763536584761,47.82825469970703,9344000,0.0,0.0
2023-09-11 00:00:00-04:00,48.307811188211545,48.435041070203475,47.46614290229387,47.82825469970703,5252700,0.0,0.0
2023-09-12 00:00:00-04:00,47.71081593950057,48.50355084066632,47.642308399898944,47.945701599121094,5199100,0.0,0.0
2023-09-13 00:00:00-04:00,47.70103325868096,48.219734295358805,47.59337748124644,47.808685302734375,3754200,0.0,0.0
2023-09-14 00:00:00-04:00,48.5035535888414,48.80694307187247,47.78911511152991,47.88698196411133,5311900,0.0,0.0
2023-09-15 00:00:00-04:00,47.90655334993304,48.36653201089758,47.524867419893596,47.70103073120117,5163200,0.0,0.0
2023-09-18 00:00:00-04:00,47.701032853761994,48.36653416307132,47.52486953461565,48.06314468383789,3218500,0.0,0.0
2023-09-19 00:00:00-04:00,47.769539475417986,48.161010606677245,47.1138196371527,47.59337615966797,3407400,0.0,0.0
2023-09-20 00:00:00-04:00,47.84783464117791,47.98484973075434,46.849577045630966,46.88872528076172,3661000,0.0,0.0
2023-09-21 00:00:00-04:00,45.46962902592795,45.90025210331693,44.75519060516447,44.86284637451172,9086300,0.0,0.0
2023-09-22 00:00:00-04:00,45.430483126885434,45.93939895959241,44.28542530333049,44.81391525268555,7276300,0.0,0.0
2023-09-25 00:00:00-04:00,43.85480741159019,44.569245893049484,43.43397322296084,44.37350845336914,4652300,0.0,0.0
2023-09-26 00:00:00-04:00,44.10925858010506,44.79433767635172,44.08968446496879,44.314781188964844,4030800,0.0,0.0
2023-09-27 00:00:00-04:00,44.530098259031995,45.18581439741675,43.97224897511681,45.176029205322266,5406100,0.0,0.0
2023-09-28 00:00:00-04:00,44.794336797448366,44.89220363782877,44.15819113483376,44.57902526855469,4216600,0.0,0.0
2023-09-29 00:00:00-04:00,45.50877725721437,46.24278979362105,44.76497952967649,44.86284637451172,4561500,0.0,0.0
2023-10-02 00:00:00-04:00,44.588815005741566,45.117301180166145,44.40286277889486,44.725830078125,4593500,0.0,0.0
2023-10-03 00:00:00-04:00,44.10925699520051,44.843269486223434,43.707996982776535,43.77650451660156,4189500,0.0,0.0
2023-10-04 00:00:00-04:00,43.717786447943844,44.07011307542557,42.91526634462702,43.277381896972656,4087300,0.0,0.0
2023-10-05 00:00:00-04:00,43.2284463553403,43.629710155379335,42.8369752139122,43.15993881225586,5340900,0.0,0.0
2023-10-06 00:00:00-04:00,43.208871712035915,45.019434429432536,43.169723481738075,44.559452056884766,5111100,0.0,0.0
2023-10-09 00:00:00-04:00,45.02922245858908,45.20538577265251,43.40460813263375,44.74540710449219,4112400,0.0,0.0
2023-10-10 00:00:00-04:00,44.999866179240186,45.98833858949692,44.950932751680625,45.332618713378906,4028600,0.0,0.0
2023-10-11 00:00:00-04:00,45.37176164018009,45.782806863644645,45.12709079762811,45.528350830078125,3328700,0.0,0.0
2023-10-12 00:00:00-04:00,45.53813921390327,45.65558391459677,44.51052234981192,44.97050476074219,4045300,0.0,0.0
2023-10-13 00:00:00-04:00,44.73561485266661,44.91177815362895,43.56119409071124,43.835227966308594,3441800,0.0,0.0
2023-10-16 00:00:00-04:00,44.13862048905312,44.735617969082924,43.62970839902145,44.42243957519531,3669200,0.0,0.0
2023-10-17 00:00:00-04:00,44.109260576794135,44.892206550782966,44.09947538547342,44.35393142700195,3860000,0.0,0.0
2023-10-18 00:00:00-04:00,44.07990750948228,44.33436358703207,43.26759837977757,43.64928436279297,4884500,0.0,0.0
2023-10-19 00:00:00-04:00,45.1466674689525,45.910039346250045,44.295210200633406,44.90199661254883,10660700,0.0,0.0
2023-10-20 00:00:00-04:00,45.07815878630467,45.41091129192254,44.3245721196589,44.35393142700195,4003200,0.0,0.0
2023-10-23 00:00:00-04:00,44.08968448865536,46.04705120276553,43.884161879685166,45.459842681884766,5844200,0.0,0.0
2023-10-24 00:00:00-04:00,45.84153139958546,46.95722989757511,45.80238316689577,46.62447738647461,5552200,0.0,0.0
2023-10-25 00:00:00-04:00,46.27215183415936,47.24105008214636,46.05684401612528,46.1938591003418,5093700,0.0,0.0
2023-10-26 00:00:00-04:00,46.24279643802132,46.839793984086,45.841536343132475,46.51682662963867,5911700,0.0,0.0
2023-10-27 00:00:00-04:00,46.976804792116035,47.15296810875695,45.998121358946946,46.037269592285156,4813700,0.0,0.0
2023-10-30 00:00:00-04:00,46.624480595052646,47.02574067428334,46.41895795935963,46.80064392089844,4232900,0.0,0.0
2023-10-31 00:00:00-04:00,46.4776777083313,46.7810671821039,46.095988034797024,46.44831466674805,4633700,0.0,0.0
2023-11-01 00:00:00-04:00,46.42874347199851,46.82021836177609,45.2249632259971,45.73387908935547,5027100,0.0,0.0
2023-11-02 00:00:00-04:00,46.47768236309446,47.81847775040628,46.418960007427884,47.652099609375,4439200,0.0,0.0
2023-11-03 00:00:00-04:00,48.09250489722116,48.483979776772735,47.710818943018,47.79890060424805,3761500,0.0,0.0
2023-11-06 00:00:00-05:00,48.03475281707368,48.84057282096584,47.8185559262184,48.33938980102539,3893400,0.2,0.0
2023-11-07 00:00:00-05:00,47.828375838268514,47.936474271230665,47.32719662485445,47.46477508544922,3452000,0.0,0.0
2023-11-08 00:00:00-05:00,47.55322037579048,48.00526497410617,47.27806344616041,47.2977180480957,2699300,0.0,0.0
2023-11-09 00:00:00-05:00,47.61218437042864,47.75958826242993,46.94394289690647,47.061866760253906,2671400,0.0,0.0
2023-11-10 00:00:00-05:00,46.206913577647164,46.99307893811425,45.59763589187669,46.92428970336914,4297300,0.0,0.0
2023-11-13 00:00:00-05:00,46.541035729625065,46.884981913735196,46.16760576635388,46.786712646484375,3095600,0.0,0.0
2023-11-14 00:00:00-05:00,47.631836360414475,48.693158569804815,47.39598489792117,48.61454391479492,4220700,0.0,0.0
2023-11-15 00:00:00-05:00,48.791434256627255,49.58742502024398,48.23129121973696,48.42782974243164,4181500,0.0,0.0
2023-11-16 00:00:00-05:00,48.29025015209511,48.79143311999438,48.083882458833976,48.27059555053711,4292400,0.0,0.0
2023-11-17 00:00:00-05:00,48.66368273625358,48.81108663287376,48.11336510883466,48.231292724609375,3427900,0.0,0.0
2023-11-20 00:00:00-05:00,48.28042585041063,48.722645023937716,47.76941744419401,48.42782974243164,3676000,0.0,0.0
2023-11-21 00:00:00-05:00,47.9659570597033,48.79143155500259,47.9659570597033,48.585060119628906,2286900,0.0,0.0
2023-11-22 00:00:00-05:00,48.85039431394285,49.09607121604322,48.290251277052555,48.42782974243164,2286100,0.0,0.0
2023-11-24 00:00:00-05:00,48.37869542815795,48.37869542815795,47.906996222888125,48.07405471801758,2280300,0.0,0.0
2023-11-27 00:00:00-05:00,47.82837437452562,47.92664737817997,47.33702060244922,47.720279693603516,4237700,0.0,0.0
2023-11-28 00:00:00-05:00,47.700629719645605,47.73993892492018,46.77688213935376,46.835845947265625,5394200,0.0,0.0
2023-11-29 00:00:00-05:00,45.17507229860152,45.715560761481875,44.241499272499695,44.555965423583984,28332500,0.0,0.0
2023-11-30 00:00:00-05:00,44.71319774449816,45.68607996024917,44.4675208338141,45.32247543334961,25960400,0.0,0.0
2023-12-01 00:00:00-05:00,45.322473557553295,46.167602695125574,45.322473557553295,45.99071502685547,10268700,0.0,0.0
2023-12-04 00:00:00-05:00,45.9907161349326,46.07915997119857,44.64440773731241,44.84095001220703,5334700,0.0,0.0
2023-12-05 00:00:00-05:00,44.47734487700263,44.673887149181404,43.90737641128943,44.09408950805664,5158900,0.0,0.0
2023-12-06 00:00:00-05:00,44.369248994965005,44.7918135567252,44.00564448915985,44.05478286743164,5479300,0.0,0.0
2023-12-07 00:00:00-05:00,44.14322542269744,44.45769531656816,43.88772308554691,44.07443618774414,4024200,0.0,0.0
2023-12-08 00:00:00-05:00,44.035130583824696,45.69590514157716,43.82875913092308,45.587806701660156,5992100,0.0,0.0
2023-12-11 00:00:00-05:00,45.597637268581046,46.83584728010979,45.58780809261662,46.786712646484375,6047300,0.0,0.0
2023-12-12 00:00:00-05:00,46.92428839110224,47.1601398670127,46.482069216727645,47.002906799316406,5661400,0.0,0.0
2023-12-13 00:00:00-05:00,46.9046355619133,48.00526707738818,46.44276176802762,47.7890739440918,6341000,0.0,0.0
2023-12-14 00:00:00-05:00,48.15267601676866,48.516276806433915,47.46477989535408,47.7694206237793,7178200,0.0,0.0
2023-12-15 00:00:00-05:00,47.83820797387112,48.015095648077725,46.796536531180244,47.042213439941406,7225900,0.0,0.0
2023-12-18 00:00:00-05:00,47.052044032244396,47.445124848858015,46.79653794014992,46.90463638305664,3858600,0.0,0.0
2023-12-19 00:00:00-05:00,47.23875568670213,48.427831024655404,47.042213410071575,48.40817642211914,7217800,0.0,0.0
2023-12-20 00:00:00-05:00,48.260774182709305,48.359043450031535,46.708094267638714,46.72774887084961,4392300,0.0,0.0
2023-12-21 00:00:00-05:00,47.45495052520796,47.956129747768614,47.08152059054138,47.94630432128906,3396100,0.0,0.0
2023-12-22 00:00:00-05:00,47.906996222888125,48.133018524450826,47.4647770464689,48.07405471801758,3728300,0.0,0.0
2023-12-26 00:00:00-05:00,48.15267306504852,48.4769683769188,48.054403803184094,48.19198226928711,2915700,0.0,0.0
2023-12-27 00:00:00-05:00,48.39834784867268,48.39834784867268,47.1208287567282,47.700626373291016,3241000,0.0,0.0
2023-12-28 00:00:00-05:00,47.739936350407525,48.61454550257427,47.739936350407525,48.24111557006836,4073500,0.0,0.0
2023-12-29 00:00:00-05:00,48.15267161370612,48.55558157317765,48.12319158578175,48.359039306640625,3236400,0.0,0.0
2024-01-02 00:00:00-05:00,48.06423211048282,50.550481322233686,48.03475207990309,50.442386627197266,7502600,0.0,0.0
2024-01-03 00:00:00-05:00,49.81344732662773,50.40307414098241,49.400711930438284,49.793792724609375,5108100,0.0,0.0
2024-01-04 00:00:00-05:00,49.64639308080928,49.89207000396329,49.11573002710087,49.38106155395508,3755300,0.0,0.0
2024-01-05 00:00:00-05:00,49.41053602853916,50.236010547454875,49.0764153006749,49.931373596191406,2946100,0.0,0.0
2024-01-08 00:00:00-05:00,49.508809402432405,50.91408155513934,49.34174716289778,50.88459777832031,3889500,0.0,0.0
2024-01-09 00:00:00-05:00,50.196707054177104,50.383420152527236,49.00762798434412,49.145206451416016,4407200,0.0,0.0
2024-01-10 00:00:00-05:00,49.01745787174606,49.25330560479978,48.280427145671965,48.437660217285156,3414200,0.0,0.0
2024-01-11 00:00:00-05:00,48.5064502737038,49.0567641593083,47.66132109368866,48.889705657958984,4625700,0.0,0.0
2024-01-12 00:00:00-05:00,48.97814708522722,49.36140245061386,48.58506254452031,48.75212478637695,3741300,0.0,0.0
2024-01-16 00:00:00-05:00,48.15267306504852,48.44748459937384,47.906996161655414,48.19198226928711,3708200,0.0,0.0
2024-01-17 00:00:00-05:00,47.58270156419401,47.58270156419401,46.71792155035351,47.39598846435547,5631600,0.0,0.0
2024-01-18 00:00:00-05:00,47.76941726002507,48.830739523666246,47.68097342566064,48.66368103027344,4219100,0.0,0.0
2024-01-19 00:00:00-05:00,48.555585740715,48.57524034392886,47.59253267562964,48.00526809692383,7616800,0.0,0.0
2024-01-22 00:00:00-05:00,47.82837876572498,48.01509561544512,46.82602027754496,47.10117721557617,7206400,0.0,0.0
2024-01-23 00:00:00-05:00,47.67114972843617,48.250947431734225,47.66132430070304,48.172332763671875,5392000,0.0,0.0
2024-01-24 00:00:00-05:00,49.13538010338721,49.72500316513506,48.76195016495651,48.7816047668457,9465400,0.0,0.0
2024-01-25 00:00:00-05:00,50.658579626112655,50.658579626112655,48.28042886469756,49.28279113769531,9263900,0.0,0.0
2024-01-26 00:00:00-05:00,49.351576613942186,49.41053667044589,48.44748367732159,49.164859771728516,4810600,0.0,0.0
2024-01-29 00:00:00-05:00,49.01745686160099,49.76431299918949,48.55558308318518,49.528465270996094,4098300,0.0,0.0
2024-01-30 00:00:00-05:00,48.9978042987515,49.08624813768807,48.506450471044374,48.65385437011719,4928900,0.0,0.0
2024-01-31 00:00:00-05:00,48.50644846773062,48.95849307085603,48.0642292913114,48.07405471801758,3618200,0.0,0.0
2024-02-01 00:00:00-05:00,49.07641646582092,50.33428474991397,48.9879726313826,49.970680236816406,5728100,0.0,0.0
2024-02-02 00:00:00-05:00,49.51863852734448,49.911723091946655,48.987975489751214,49.60708236694336,3881700,0.0,0.0
2024-02-05 00:00:00-05:00,49.320966244477184,50.70222724742046,49.153239462816735,50.42597579956055,5924200,0.2,0.0
2024-02-06 00:00:00-05:00,50.75155682869273,51.66911057283928,50.54436824482575,51.47178649902344,5013900,0.0,0.0
2024-02-07 00:00:00-05:00,51.69871111811851,52.675459440182934,51.57044990686231,52.04402542114258,6731500,0.0,0.0
2024-02-08 00:00:00-05:00,52.783988660508314,53.57328119616101,52.58666458568422,52.89251708984375,6141100,0.0,0.0
2024-02-09 00:00:00-05:00,53.0701048519984,53.139167709048046,52.379472517858545,52.90237808227539,3364700,0.0,0.0
2024-02-12 00:00:00-05:00,52.72478699102691,53.760737377750715,52.72478699102691,53.731136322021484,4271600,0.0,0.0
2024-02-13 00:00:00-05:00,52.902381956229426,53.61274712492283,52.53733486171475,53.1391716003418,4480500,0.0,0.0
2024-02-14 00:00:00-05:00,53.32662432897605,54.056722239566824,53.27729425369208,53.75086975097656,4446300,0.0,0.0
2024-02-15 00:00:00-05:00,53.750870190364445,54.40203697490904,53.6127444729828,54.23431396484375,3753000,0.0,0.0
2024-02-16 00:00:00-05:00,54.16525240966153,54.91507936362546,53.94819555504193,54.51056671142578,4400100,0.0,0.0
2024-02-20 00:00:00-05:00,54.26391118901868,54.31324126464363,51.915762705564596,52.349876403808594,5232700,0.0,0.0
2024-02-21 00:00:00-05:00,52.221617488780375,52.99117724051485,51.925633258393546,52.77412414550781,4060900,0.0,0.0
2024-02-22 00:00:00-05:00,53.583146914369536,53.652209772717605,52.84318449180291,52.93198013305664,2515400,0.0,0.0
2024-02-23 00:00:00-05:00,53.07010667803634,54.27377634491989,52.991175545181775,54.01725769042969,3320600,0.0,0.0
2024-02-26 00:00:00-05:00,54.017254307820956,54.17511280000128,53.09970064588431,53.208229064941406,3007100,0.0,0.0
2024-02-27 00:00:00-05:00,53.53381269968809,53.583146538427876,52.418938700666374,52.685325622558594,3463000,0.0,0.0
2024-02-28 00:00:00-05:00,52.241346803759264,53.188497783563015,52.09335281657092,52.90237808227539,3621800,0.0,0.0
2024-02-29 00:00:00-05:00,53.02077687776744,54.05672353819191,52.71492438182957,53.79033660888672,5979500,0.0,0.0
2024-03-01 00:00:00-05:00,52.68532643614121,52.76425380478542,50.03132544944044,50.59369659423828,10344900,0.0,0.0
2024-03-04 00:00:00-05:00,50.64303098762823,50.64303098762823,49.380159202716825,50.021461486816406,4399000,0.0,0.0
2024-03-05 00:00:00-05:00,49.60707588256618,50.81074920399759,49.31109168847542,50.22864532470703,4231200,0.0,0.0
2024-03-06 00:00:00-05:00,50.75155952140966,50.800893365213874,49.76494286362736,49.903072357177734,3376900,0.0,0.0
2024-03-07 00:00:00-05:00,49.991862777999806,50.90941654393501,49.92279991507081,50.8008918762207,3426800,0.0,0.0
2024-03-08 00:00:00-05:00,50.71209301494523,51.20540129811146,50.662759175713795,50.82061767578125,3166500,0.0,0.0
2024-03-11 00:00:00-04:00,50.93901524788729,52.211747779932395,50.82061854807189,51.90589904785156,3509400,0.0,0.0
2024-03-12 00:00:00-04:00,52.06375318073065,52.635988793900964,51.896026418558534,52.2413444519043,2965500,0.0,0.0
2024-03-13 00:00:00-04:00,52.26108236039016,53.0701076690389,52.02429272104836,52.63599395751953,3831400,0.0,0.0
2024-03-14 00:00:00-04:00,52.369609676656864,52.803719615318045,50.94887939805017,51.659244537353516,4323700,0.0,0.0
2024-03-15 00:00:00-04:00,51.442190970228815,51.95523207429519,50.20892017112036,50.3470458984375,5717700,0.0,0.0
2024-03-18 00:00:00-04:00,50.16944882237597,50.524631373782505,49.76493619741705,49.93266296386719,4174500,0.0,0.0
2024-03-19 00:00:00-04:00,49.98199844587399,50.38651111460444,49.814275424918236,50.10039138793945,3668800,0.0,0.0
2024-03-20 00:00:00-04:00,49.834001571214145,50.268115273154805,49.48868727525549,49.8931999206543,3702300,0.0,0.0
2024-03-21 00:00:00-04:00,50.08066014209427,50.7712925587054,49.636685654799294,49.6761474609375,2892700,0.0,0.0
2024-03-22 00:00:00-04:00,49.43935740917923,49.72547712055644,49.12364040477803,49.42948913574219,2684600,0.0,0.0
2024-03-25 00:00:00-04:00,49.59721533447553,49.84386947652266,49.35056119242839,49.64654541015625,2186600,0.0,0.0
2024-03-26 00:00:00-04:00,50.465440658521125,50.731823828847595,49.99186137792291,50.16945266723633,2686400,0.0,0.0
2024-03-27 00:00:00-04:00,50.46543793594997,50.810752222294596,50.25824560049975,50.791019439697266,2288800,0.0,0.0
2024-03-28 00:00:00-04:00,51.17580254608813,51.501387834186545,50.8502210216334,51.008079528808594,4729100,0.0,0.0
2024-04-01 00:00:00-04:00,51.649375790767245,53.36609027380823,51.50138556386389,52.46826934814453,4667300,0.0,0.0
2024-04-02 00:00:00-04:00,52.25121148336702,52.290677048564895,51.52111734542362,52.201881408691406,2197400,0.0,0.0
2024-04-03 00:00:00-04:00,51.84670185287356,53.405557895708945,51.84670185287356,53.237831115722656,3187400,0.0,0.0
2024-04-04 00:00:00-04:00,53.56341454230776,53.81006868505519,51.777637193904646,51.886165618896484,3386500,0.0,0.0
2024-04-05 00:00:00-04:00,51.994693847495455,52.68532619730835,51.69870963004522,52.46826934814453,2163500,0.0,0.0
2024-04-08 00:00:00-04:00,52.87278506221012,52.93198341459714,51.560583144959246,51.73817443847656,2754200,0.0,0.0
2024-04-09 00:00:00-04:00,51.47178404995029,51.78750481121956,51.06727141151453,51.74803924560547,2316500,0.0,0.0
2024-04-10 00:00:00-04:00,51.234998374617895,51.53098259054041,50.8699513004349,51.16593551635742,2345500,0.0,0.0
2024-04-11 00:00:00-04:00,50.92914551540627,51.23499800236868,50.35690987059946,50.919281005859375,2586800,0.0,0.0
2024-04-12 00:00:00-04:00,50.406240328059646,50.554234317890256,49.48868662385429,49.75507354736328,2881400,0.0,0.0
2024-04-15 00:00:00-04:00,50.12012250792115,50.66276088498292,49.41962562546607,49.577484130859375,5165900,0.0,0.0
2024-04-16 00:00:00-04:00,49.10390926277256,50.09052587541342,48.84738683584547,49.83400344848633,4493000,0.0,0.0
2024-04-17 00:00:00-04:00,49.88333598208788,50.120121855272664,49.18283534511085,49.5577507019043,9102500,0.0,0.0
2024-04-18 00:00:00-04:00,47.44638999280867,47.564782924870634,44.83185463245429,45.265968322753906,21519900,0.0,0.0
2024-04-19 00:00:00-04:00,45.680347287636245,46.22298565849717,44.79239461631207,44.85158920288086,7964900,0.0,0.0
2024-04-22 00:00:00-04:00,45.36462736918837,46.686693663272735,45.36462736918837,45.936866760253906,7882200,0.0,0.0
2024-04-23 00:00:00-04:00,46.292050879554274,46.459777665221885,45.364632594122114,45.394229888916016,7965400,0.0,0.0
2024-04-24 00:00:00-04:00,45.38436378564098,45.54222229174094,44.447077259078355,45.226505279541016,7358100,0.0,0.0
2024-04-25 00:00:00-04:00,44.89105383547089,45.59155069534335,44.881189325795916,44.94038391113281,5172700,0.0,0.0
2024-04-26 00:00:00-04:00,44.8318561222935,45.384362763015815,44.49640633393417,44.84172439575195,4932300,0.0,0.0
2024-04-29 00:00:00-04:00,45.49288931358071,45.729675175811046,44.930518186229406,45.1377067565918,4830200,0.0,0.0
2024-04-30 00:00:00-04:00,44.65426430028365,44.91078671611304,43.73671435277501,43.76631164550781,6435600,0.0,0.0
2024-05-01 00:00:00-04:00,43.56898950968926,44.604936201327526,43.41113100204575,43.943904876708984,5559600,0.0,0.0
2024-05-02 00:00:00-04:00,44.72333539637616,46.30192056075586,44.43721565919361,46.02566909790039,8361700,0.0,0.0
2024-05-03 00:00:00-04:00,46.50910466938368,46.588035801807116,45.936869013887986,46.24271774291992,4703600,0.0,0.0
2024-05-06 00:00:00-04:00,46.767868024610976,47.11466213863486,46.36162187113769,46.589515686035156,4141300,0.2,0.0
2024-05-07 00:00:00-04:00,46.28234865400124,46.886764442500564,46.123813675031904,46.292259216308594,4597000,0.0,0.0
2024-05-08 00:00:00-04:00,46.28234865516775,46.411159506762345,45.97518925952871,46.341800689697266,3438700,0.0,0.0
2024-05-09 00:00:00-04:00,46.341800761932724,46.88676451676724,46.302166072184605,46.76786422729492,3230700,0.0,0.0
2024-05-10 00:00:00-04:00,46.92640298138386,47.03539649707287,45.99500659623954,46.11391067504883,2222900,0.0,0.0
2024-05-13 00:00:00-04:00,46.817409471669286,46.99576181013362,46.31208036586857,46.49042892456055,3045300,0.0,0.0
2024-05-14 00:00:00-04:00,46.450794115125916,46.56969440420473,45.588756624931364,45.89591979980469,7156300,0.0,0.0
2024-05-15 00:00:00-04:00,45.975192991343,46.084182727169086,45.15279012257101,45.68784713745117,6392400,0.0,0.0
2024-05-16 00:00:00-04:00,45.70766073578232,46.38143534080148,45.52930841211418,46.193172454833984,3911000,0.0,0.0
2024-05-17 00:00:00-04:00,46.17335895501066,47.34255593874364,45.90583422700286,46.599422454833984,8169600,0.0,0.0
2024-05-20 00:00:00-04:00,46.73814009163372,47.08493798525659,46.3219871550131,46.3913459777832,6858600,0.0,0.0
2024-05-21 00:00:00-04:00,46.123817414321536,46.48052209086383,45.72748182465304,45.786930084228516,3786200,0.0,0.0
2024-05-22 00:00:00-04:00,45.68784710207387,45.76711270804713,44.96453096612071,45.450042724609375,3680100,0.0,0.0
2024-05-23 00:00:00-04:00,45.44013585281384,45.47977054560949,44.191669488157395,44.38983917236328,4147200,0.0,0.0
2024-05-24 00:00:00-04:00,44.59791566353863,44.776268001441295,44.3601150661833,44.46910858154297,5878000,0.0,0.0
2024-05-28 00:00:00-04:00,44.469108554766535,44.83572001366912,44.1024933160916,44.32048034667969,4227200,0.0,0.0
2024-05-29 00:00:00-04:00,43.785419440347624,44.01331323398578,43.34944919770576,43.498077392578125,4189600,0.0,0.0
2024-05-30 00:00:00-04:00,43.498077395947554,43.973682327895155,43.47826005131157,43.59716033935547,4777900,0.0,0.0
2024-05-31 00:00:00-04:00,43.94395834303938,44.63755034811366,43.36927041639315,44.617733001708984,6696400,0.0,0.0
2024-06-03 00:00:00-04:00,44.80599205969601,44.87535087627736,44.08267598693908,44.44928741455078,4230500,0.0,0.0
2024-06-04 00:00:00-04:00,44.221397294454896,44.26102820738573,42.99274827906318,43.17110061645508,6161900,0.0,0.0
2024-06-05 00:00:00-04:00,43.1810073580258,43.38908380664428,42.754943898603976,43.20082092285156,16346800,0.0,0.0
2024-06-06 00:00:00-04:00,43.28009032434467,43.47825999065604,43.01256184179012,43.26027297973633,6924600,0.0,0.0
2024-06-07 00:00:00-04:00,42.60631595911885,45.48967346934741,42.59640917664665,44.60782241821289,10343400,0.0,0.0
2024-06-10 00:00:00-04:00,44.49883268447496,44.805995883960684,44.05295183998677,44.32048034667969,5168500,0.0,0.0
2024-06-11 00:00:00-04:00,44.092586474615274,44.19166942669423,43.40890503381681,43.716064453125,5033000,0.0,0.0
2024-06-12 00:00:00-04:00,43.87459566174874,44.062858546149315,43.349449257414534,43.834964752197266,6279500,0.0,0.0
2024-06-13 00:00:00-04:00,43.58725737402281,43.90432735642155,43.39899447338008,43.66652297973633,3836600,0.0,0.0
2024-06-14 00:00:00-04:00,43.29000088929184,43.5278052655984,42.83421326279095,42.85403060913086,4643500,0.0,0.0
2024-06-17 00:00:00-04:00,42.774761304612746,44.05295179766002,42.715313045253005,43.9439582824707,5992200,0.0,0.0
2024-06-18 00:00:00-04:00,43.68634034176559,43.95386884821773,43.32963566649608,43.89441680908203,7335500,0.0,0.0
2024-06-20 00:00:00-04:00,43.76560598643586,44.588008852902334,43.745792419812005,44.20158004760742,7153000,0.0,0.0
2024-06-21 00:00:00-04:00,44.340297793998204,45.608577728075915,44.12231076291396,45.48967742919922,14193100,0.0,0.0
2024-06-24 00:00:00-04:00,45.33114234954554,45.420318518473245,44.0727692012423,44.429473876953125,10190900,0.0,0.0
2024-06-25 00:00:00-04:00,44.33039087313765,44.33039087313765,43.62688830584981,43.963775634765625,7981000,0.0,0.0
2024-06-26 00:00:00-04:00,43.87459943974632,43.92414469555298,43.12155917661652,43.408905029296875,9738600,0.0,0.0
2024-06-27 00:00:00-04:00,43.4782600698888,43.91423031275071,43.13146220826891,43.735877990722656,6879800,0.0,0.0
2024-06-28 00:00:00-04:00,43.904327374832675,44.142127971845284,43.54762269954143,43.84487533569336,20974600,0.0,0.0
2024-07-01 00:00:00-04:00,43.66651896615362,44.0727650799979,42.32888033709298,42.4874153137207,6405900,0.0,0.0
2024-07-02 00:00:00-04:00,42.29915617996267,42.71531289285787,41.85327911726598,41.922637939453125,6171300,0.0,0.0
2024-07-03 00:00:00-04:00,42.15053175433002,42.70540233185362,42.04153823952436,42.160438537597656,3382100,0.0,0.0
2024-07-05 00:00:00-04:00,41.89290999902133,42.20007319688814,41.556022671602754,41.70465087890625,6754900,0.0,0.0
2024-07-08 00:00:00-04:00,41.76410286450208,41.95236198437699,41.02096938847729,41.07051086425781,4810500,0.0,0.0
2024-07-09 00:00:00-04:00,41.13986968516046,41.63529200249654,40.822799704447156,41.23895263671875,3866600,0.0,0.0
2024-07-10 00:00:00-04:00,41.25876997807392,41.33803936312897,40.80298235332434,41.05069351196289,4079500,0.0,0.0
2024-07-11 00:00:00-04:00,41.22904592358375,42.24961468950445,41.149776538384465,41.93254470825195,4116100,0.0,0.0
2024-07-12 00:00:00-04:00,42.11089328640949,42.60631556036725,41.85327536705113,42.33878707885742,3591200,0.0,0.0
2024-07-15 00:00:00-04:00,42.20997614705709,42.59640869499975,41.73437121855687,41.863182067871094,3077900,0.0,0.0
2024-07-16 00:00:00-04:00,41.9226379931212,42.794578553096486,41.57584010196919,42.50723648071289,5631000,0.0,0.0
2024-07-17 00:00:00-04:00,42.30906288731783,42.626132839784695,41.71455389161347,41.95235824584961,4076100,0.0,0.0
2024-07-18 00:00:00-04:00,41.73437490079098,41.97217927590862,40.555271147754,40.72371292114258,6048300,0.0,0.0
2024-07-19 00:00:00-04:00,40.75344083878356,40.90206526596192,40.13911444450827,40.69398880004883,4169000,0.0,0.0
2024-07-22 00:00:00-04:00,40.802982347326676,41.268680535025844,40.73362352529986,41.03087615966797,4320100,0.0,0.0
2024-07-23 00:00:00-04:00,40.87233732885686,40.96151348876524,40.25801477158352,40.75343704223633,5414300,0.0,0.0
2024-07-24 00:00:00-04:00,40.71380607524927,40.862434281940594,39.80222704843563,39.95085525512695,6684200,0.0,0.0
2024-07-25 00:00:00-04:00,39.257263167628814,40.58499512252473,38.89065171300173,38.979827880859375,10539000,0.0,0.0
2024-07-26 00:00:00-04:00,39.35634988414865,39.415798142850605,38.56367115691447,38.821292877197266,6490800,0.0,0.0
2024-07-29 00:00:00-04:00,38.73211673528616,39.55451581264926,38.4744987946033,39.187904357910156,7334000,0.0,0.0
2024-07-30 00:00:00-04:00,39.04918672489785,39.89140314865691,38.98973468636796,39.108638763427734,6402300,0.0,0.0
2024-07-31 00:00:00-04:00,39.445522252028155,40.010303333922884,39.28698727780809,39.306800842285156,10040700,0.0,0.0
2024-08-01 00:00:00-04:00,39.306804566278636,39.33653247535458,37.96916583080241,38.117794036865234,6021700,0.0,0.0
2024-08-02 00:00:00-04:00,37.662002596411455,37.90971375307754,36.94859703545829,37.7115478515625,5808300,0.0,0.0
2024-08-05 00:00:00-04:00,36.314457053053836,37.64218900302056,36.28472914403012,37.51337814331055,7218200,0.0,0.0
2024-08-06 00:00:00-04:00,37.71260140119453,38.62901776875732,37.52333869061632,38.3501091003418,6823100,0.2,0.0
2024-08-07 00:00:00-04:00,38.67882455757876,38.87804285550127,38.05127627955555,38.33018493652344,6580200,0.0,0.0
2024-08-08 00:00:00-04:00,38.629014753088946,40.0733701586255,38.629014753088946,39.66496658325195,6179400,0.0,0.0
2024-08-09 00:00:00-04:00,39.59524031702835,39.684890069739964,37.72255870474425,38.41983413696289,6366500,0.0,0.0
2024-08-12 00:00:00-04:00,38.330185603800324,38.75851179151214,37.91182261106536,38.290340423583984,6637300,0.0,0.0
2024-08-13 00:00:00-04:00,38.37002843268756,39.46574422257231,38.36006523832126,39.226680755615234,6378600,0.0,0.0
2024-08-14 00:00:00-04:00,39.27648713005135,39.40598206383786,38.47960253722179,39.346214294433594,8528500,0.0,0.0
2024-08-15 00:00:00-04:00,39.65500867556571,40.25267116930682,39.45578657770351,39.97376251220703,9741800,0.0,0.0
2024-08-16 00:00:00-04:00,39.89407194020637,40.62122936365384,39.83430797105851,40.212825775146484,6004000,0.0,0.0
2024-08-19 00:00:00-04:00,40.21282536815167,40.99975055262796,40.21282536815167,40.690956115722656,3429600,0.0,0.0
2024-08-20 00:00:00-04:00,40.53158100418828,40.850334850092075,40.27259492933355,40.81049346923828,4987500,0.0,0.0
2024-08-21 00:00:00-04:00,41.03959600479985,41.3483866439157,40.8802190878817,41.12924575805664,4170900,0.0,0.0
2024-08-22 00:00:00-04:00,41.25873867764504,41.2985838585617,40.83041628225056,40.91010284423828,2999200,0.0,0.0
2024-08-23 00:00:00-04:00,40.282551949968614,40.57142379324195,39.9040341551746,40.44192886352539,5143700,0.0,0.0
2024-08-26 00:00:00-04:00,40.66107342936117,40.730800591354296,40.2227878682836,40.39212417602539,4605800,0.0,0.0
2024-08-27 00:00:00-04:00,40.3821664203554,40.55150273496993,39.72473615213365,39.78450012207031,6217900,0.0,0.0
2024-08-28 00:00:00-04:00,39.555395401461084,39.58528118579422,38.40987499790228,38.85811996459961,6236300,0.0,0.0
2024-08-29 00:00:00-04:00,39.02746152814218,39.356174769271256,38.39991323163776,38.48956298828125,7656300,0.0,0.0
2024-08-30 00:00:00-04:00,38.85811840444029,38.947768154149394,38.28037852841685,38.838199615478516,12254200,0.0,0.0
2024-09-03 00:00:00-04:00,38.67882502631881,39.27648752702021,38.419835156128165,38.5294075012207,7459700,0.0,0.0
2024-09-04 00:00:00-04:00,38.46964089235317,39.854228640651066,38.46964089235317,39.70481491088867,5852400,0.0,0.0
2024-09-05 00:00:00-04:00,39.90403499338478,39.9339169778527,39.127069198610116,39.824344635009766,5031300,0.0,0.0
2024-09-06 00:00:00-04:00,39.8243455199502,39.993685635337314,39.3960193337802,39.54543685913086,6282600,0.0,0.0
2024-09-09 00:00:00-04:00,39.6052015141031,39.97376373638108,38.84816207885742,39.844268798828125,9216500,0.0,0.0
2024-09-10 00:00:00-04:00,39.894070133967595,39.894070133967595,38.75850917342629,39.12706756591797,5057200,0.0,0.0
2024-09-11 00:00:00-04:00,39.226682996519564,39.226682996519564,38.589175315088035,39.20676040649414,5629000,0.0,0.0
2024-09-12 00:00:00-04:00,39.366137439524834,39.43586460489063,38.609094215773965,39.25656509399414,4541500,0.0,0.0
2024-09-13 00:00:00-04:00,39.23664088569318,40.19290237113881,39.107145955420734,39.86418914794922,6328000,0.0,0.0
2024-09-16 00:00:00-04:00,39.96379808663355,40.37220166474298,39.814384367722504,40.10325241088867,4013200,0.0,0.0
2024-09-17 00:00:00-04:00,40.44193071814091,41.448000618479526,40.34232156754198,41.23881912231445,4267800,0.0,0.0
2024-09-18 00:00:00-04:00,41.34838545932413,41.368308048348815,40.601305470202426,40.63119125366211,3152500,0.0,0.0
2024-09-19 00:00:00-04:00,41.64722052058857,42.5038690501075,41.54760757540359,41.93608856201172,5322800,0.0,0.0
2024-09-20 00:00:00-04:00,42.02574033306713,42.04566292306187,41.428077832606974,41.816558837890625,7983500,0.0,0.0
2024-09-23 00:00:00-04:00,42.01578129056992,42.68317096168935,41.697027447670266,41.96597671508789,7011700,0.0,0.0
2024-09-24 00:00:00-04:00,44.227136944524325,45.203321009175646,43.838652157708566,44.20721435546875,10905500,0.0,0.0
2024-09-25 00:00:00-04:00,43.719120685610555,44.765031918311,43.310717107133414,44.64550018310547,8223800,0.0,0.0
2024-09-26 00:00:00-04:00,48.3111760774352,48.560202758246724,46.93654773539883,48.21156692504883,16656500,0.0,0.0
2024-09-27 00:00:00-04:00,49.8053325319882,51.299492507947846,49.23755204511116,50.92097091674805,16750200,0.0,0.0
2024-09-30 00:00:00-04:00,51.17000115711548,51.41902783718688,49.77545402862296,50.144012451171875,9416100,0.0,0.0
2024-10-01 00:00:00-04:00,50.28346565305102,52.195992488902185,50.28346565305102,51.628211975097656,12142200,0.0,0.0
2024-10-02 00:00:00-04:00,51.90711983574273,52.83349935450342,51.379184509940885,51.618247985839844,10484800,0.0,0.0
2024-10-03 00:00:00-04:00,50.77155917365696,51.857315617075145,50.40299696269757,51.76766586303711,6042100,0.0,0.0
2024-10-04 00:00:00-04:00,52.554585619627275,52.96298919753375,51.95692314458938,52.37528991699219,6426400,0.0,0.0
2024-10-07 00:00:00-04:00,53.62042501925863,54.178242334513136,52.51474598388563,53.122371673583984,8817600,0.0,0.0
2024-10-08 00:00:00-04:00,51.37918607623159,52.12626611092002,50.59226086106351,51.6381721496582,8469800,0.0,0.0
2024-10-09 00:00:00-04:00,50.72175145294537,51.946966040535884,50.57233772752018,51.727821350097656,7827300,0.0,0.0
2024-10-10 00:00:00-04:00,51.73777939792748,52.08641901453198,51.34929840215438,51.8075065612793,3438700,0.0,0.0
2024-10-11 00:00:00-04:00,51.658091816255926,53.202056373927334,51.548519476061024,52.66415786743164,5721700,0.0,0.0
2024-10-14 00:00:00-04:00,51.97684804750337,52.654200909283084,51.42899012102299,52.066497802734375,4263300,0.0,0.0
2024-10-15 00:00:00-04:00,51.46883073647274,51.63817084932421,50.62214157175177,50.75163650512695,5008600,0.0,0.0
2024-10-16 00:00:00-04:00,51.16999965572783,51.6879755910598,50.74167347458496,51.47879409790039,2725200,0.0,0.0
2024-10-17 00:00:00-04:00,51.11023516308384,51.23972629570748,50.43288231610859,50.60221862792969,4377800,0.0,0.0
2024-10-18 00:00:00-04:00,51.29949580875394,51.77762657584435,51.12019629611434,51.349300384521484,3229100,0.0,0.0
2024-10-21 00:00:00-04:00,51.13015631656131,51.18992028383346,50.472722277805076,50.97077560424805,3430300,0.0,0.0
2024-10-22 00:00:00-04:00,51.10027038207832,51.77762320802681,50.77155716351688,51.548519134521484,4714200,0.0,0.0
2024-10-23 00:00:00-04:00,50.93093545848939,51.289534470181295,50.61218162584001,50.841285705566406,4486900,0.0,0.0
2024-10-24 00:00:00-04:00,51.94696652374492,53.192099913097906,51.100273539077556,52.26572036743164,8057200,0.0,0.0
2024-10-25 00:00:00-04:00,52.4250971815333,53.899334655515986,52.4250971815333,52.554588317871094,7170100,0.0,0.0
2024-10-28 00:00:00-04:00,52.70400478648121,53.70011147592507,52.70400478648121,53.41123962402344,4213700,0.0,0.0
2024-10-29 00:00:00-04:00,53.949139156836466,53.98898433712202,53.17217714049591,53.18213653564453,5596800,0.0,0.0
2024-10-30 00:00:00-04:00,52.65419938101642,53.10244814416122,52.554586433736795,52.72392654418945,5813400,0.0,0.0
2024-10-31 00:00:00-04:00,52.42509428383055,52.604393785606085,51.62820972029783,51.648128509521484,6325400,0.0,0.0
2024-11-01 00:00:00-04:00,52.195992245791835,52.962991055723755,51.4987168005537,51.52859878540039,4848900,0.0,0.0
2024-11-04 00:00:00-05:00,51.54851976450612,51.72781926767464,50.960816681863825,51.16999816894531,7091700,0.0,0.0
2024-11-05 00:00:00-05:00,51.189998626708984,51.220001220703125,49.95000076293945,50.34000015258789,7339200,0.2,0.0
2024-11-06 00:00:00-05:00,50.88999938964844,50.88999938964844,49.369998931884766,50.70000076293945,6280200,0.0,0.0
2024-11-07 00:00:00-05:00,51.34000015258789,52.060001373291016,51.18000030517578,51.459999084472656,6048600,0.0,0.0
2024-11-08 00:00:00-05:00,50.54999923706055,50.75,49.4900016784668,50.380001068115234,8699100,0.0,0.0
2024-11-11 00:00:00-05:00,50.689998626708984,51.04999923706055,50.220001220703125,50.63999938964844,3694800,0.0,0.0
2024-11-12 00:00:00-05:00,50.220001220703125,50.34000015258789,48.880001068115234,49.2599983215332,9384000,0.0,0.0
2024-11-13 00:00:00-05:00,49.16999816894531,49.58000183105469,48.93000030517578,49.529998779296875,5493102,0.0,0.0
