Date,Open,High,Low,Close,Volume,Dividends,Stock Splits
2022-01-03 00:00:00-05:00,53.24780524865273,53.334579931278405,52.39583892023513,52.64038848876953,3628500,0.0,0.0
2022-01-04 00:00:00-05:00,53.011142723873576,53.90255422449589,52.95592302176835,53.26357650756836,2984800,0.0,0.0
2022-01-05 00:00:00-05:00,53.90255684693552,54.943847007648834,53.87889211895283,54.20232009887695,4117900,0.0,0.0
2022-01-06 00:00:00-05:00,55.54338586029682,55.68537424437534,54.79396861728764,55.25150680541992,4994700,0.0,0.0
2022-01-07 00:00:00-05:00,56.15868864981098,57.05798445805224,56.11924342268772,56.98698425292969,5414600,0.0,0.0
2022-01-10 00:00:00-05:00,56.71877816064015,57.42875014683253,56.40323438694388,57.357749938964844,5555500,0.0,0.0
2022-01-11 00:00:00-05:00,57.23153040949153,58.714578175898815,57.01853582534221,58.706687927246094,5652900,0.0,0.0
2022-01-12 00:00:00-05:00,60.00830078124999,60.481613375542004,59.66909231861642,60.00830078125,5963600,0.0,0.0
2022-01-13 00:00:00-05:00,60.1029722403557,60.49740044822049,59.613879095944505,59.684879302978516,4872000,0.0,0.0
2022-01-14 00:00:00-05:00,59.093228939839804,59.724310375341716,58.896014862777456,59.479766845703125,4967400,0.0,0.0
2022-01-18 00:00:00-05:00,58.93546015796849,59.88997566737823,58.730355811447595,59.74009704589844,6051500,0.0,0.0
2022-01-19 00:00:00-05:00,61.45191503422926,62.13033202269559,61.32569512079518,61.467689514160156,6091600,0.0,0.0
2022-01-20 00:00:00-05:00,61.767459805607025,61.81478926466751,60.05563680812528,60.079307556152344,6027100,0.0,0.0
2022-01-21 00:00:00-05:00,58.91180043309584,59.35355812297375,58.39115228274219,58.659366607666016,6109400,0.0,0.0
2022-01-24 00:00:00-05:00,56.45055966189493,57.80739357526017,55.89047236388885,57.799503326416016,6301800,0.0,0.0
2022-01-25 00:00:00-05:00,57.38140935207387,58.35170531305005,56.805547585544346,58.1229362487793,3700900,0.0,0.0
2022-01-26 00:00:00-05:00,59.16423578261326,59.41666961454585,57.87051164164657,58.399044036865234,4045600,0.0,0.0
2022-01-27 00:00:00-05:00,59.59021467751984,60.252851181313474,58.840797467566354,59.235225677490234,4418200,0.0,0.0
2022-01-28 00:00:00-05:00,59.04589794181475,59.09323341647291,56.687219086645236,57.689064025878906,6066500,0.0,0.0
2022-01-31 00:00:00-05:00,56.1271343487056,56.458452593948785,55.41716238140112,56.32434844970703,5225600,0.0,0.0
2022-02-01 00:00:00-05:00,57.14474799559776,58.59624058943955,57.10530277616914,58.53313064575195,4316700,0.0,0.0
2022-02-02 00:00:00-05:00,58.328038909123315,58.70668657679546,57.862610545260104,58.6041374206543,4148200,0.0,0.0
2022-02-03 00:00:00-05:00,58.683029492995466,58.8407983719913,57.941502521021775,57.95728302001953,4727000,0.0,0.0
2022-02-04 00:00:00-05:00,58.34381681248131,58.46214647251113,57.87050419085854,58.288597106933594,4269400,0.0,0.0
2022-02-07 00:00:00-05:00,58.91967938888221,60.734045280593776,58.62780038916305,60.45794677734375,6373200,0.0,0.0
2022-02-08 00:00:00-05:00,60.93915347714302,61.67279012867567,60.21340707434628,61.60968017578125,4612800,0.0,0.0
2022-02-09 00:00:00-05:00,61.57024741147502,61.870010691344596,61.00226981298783,61.7911262512207,5039200,0.0,0.0
2022-02-10 00:00:00-05:00,62.01199506186539,63.45560355479834,61.996214565294565,62.28809356689453,4340000,0.0,0.0
2022-02-11 00:00:00-05:00,61.5465687800688,62.54052945011754,61.19947608427901,61.365135192871094,4193800,0.0,0.0
2022-02-14 00:00:00-05:00,61.83056565809144,62.012005287599,61.262594076300275,61.82268142700195,3068500,0.0,0.0
2022-02-15 00:00:00-05:00,60.836609635038144,61.120598429388956,60.05563744132495,60.8444938659668,3947100,0.0,0.0
2022-02-16 00:00:00-05:00,60.86815917221315,62.035663205941965,60.82082369838887,61.97255325317383,3078700,0.0,0.0
2022-02-17 00:00:00-05:00,60.94705543052249,61.20737350383641,60.142418422832144,60.48951721191406,4246700,0.0,0.0
2022-02-18 00:00:00-05:00,61.21525738934508,61.47558145408981,60.891829384644545,61.238922119140625,2479100,0.0,0.0
2022-02-22 00:00:00-05:00,61.70434274788068,62.39064389927611,61.01014532955465,61.3493537902832,6540400,0.0,0.0
2022-02-23 00:00:00-05:00,60.89183565089479,61.191598956647795,60.095088894304354,61.13637924194336,5476000,0.0,0.0
2022-02-24 00:00:00-05:00,58.66725263932318,59.59810343213706,58.06772009009644,59.495548248291016,6316300,0.0,0.0
2022-02-25 00:00:00-05:00,59.03801786060843,61.55447203386681,58.97491391435708,61.49925231933594,5227100,0.0,0.0
2022-02-28 00:00:00-05:00,60.868163806767036,62.43009613647906,60.82082832933859,61.988338470458984,4751600,0.0,0.0
2022-03-01 00:00:00-05:00,63.305728638171644,64.25235394872684,62.39065228860427,63.132179260253906,5329000,0.0,0.0
2022-03-02 00:00:00-05:00,65.25420758219441,66.0903935070537,64.93866379329558,65.90106964111328,6540800,0.0,0.0
2022-03-03 00:00:00-05:00,66.60313973477292,66.80824406437264,65.23053141498184,66.26393127441406,6286400,0.0,0.0
2022-03-04 00:00:00-05:00,64.00780830844401,64.68622529915883,63.73170977001281,64.59156036376953,10406600,0.0,0.0
2022-03-07 00:00:00-05:00,63.78691839124811,64.2602309489373,62.288090276485896,62.745628356933594,6169300,0.0,0.0
2022-03-08 00:00:00-05:00,61.75167646469956,62.477422889875186,60.915490627801404,61.1600341796875,7564200,0.0,0.0
2022-03-09 00:00:00-05:00,59.69275578552142,61.51501796189956,59.203668723092,61.309913635253906,7712700,0.0,0.0
2022-03-10 00:00:00-05:00,61.34355366123196,62.957634910181525,60.679425077658294,62.924007415771484,6792500,4.79,0.0
2022-03-11 00:00:00-05:00,61.461233242050916,62.51206816081969,61.09974577344296,61.13337326049805,4664600,0.0,0.0
2022-03-14 00:00:00-04:00,59.721056531760865,59.948034073654874,57.964057045932314,58.317142486572266,8954200,0.0,0.0
2022-03-15 00:00:00-04:00,57.089768944124906,58.18263353386059,56.74509197351933,58.07334899902344,8968000,0.0,0.0
2022-03-16 00:00:00-04:00,59.34274645409216,61.20062823460821,59.34274645409216,61.13337326049805,6816400,0.0,0.0
2022-03-17 00:00:00-04:00,61.6377758747377,62.92399685454466,61.48645538218466,62.91558837890625,4771600,0.0,0.0
2022-03-18 00:00:00-04:00,62.873567325476095,63.655388907029824,62.671808779400834,63.41159439086914,4637000,0.0,0.0
2022-03-21 00:00:00-04:00,64.81550308217119,65.39556606858854,64.65578051969052,65.3115005493164,3803000,0.0,0.0
2022-03-22 00:00:00-04:00,66.19421023445787,66.26987370529916,64.15138631479131,64.28589630126953,3668300,0.0,0.0
2022-03-23 00:00:00-04:00,64.68940796087459,65.63095854520635,64.38676693068896,65.47122955322266,3853800,0.0,0.0
2022-03-24 00:00:00-04:00,66.16057238875221,66.3371183218362,65.5552967856472,65.82431030273438,3003800,0.0,0.0
2022-03-25 00:00:00-04:00,66.34552262036121,66.90036662580911,66.17739157168582,66.84992218017578,2889900,0.0,0.0
2022-03-28 00:00:00-04:00,66.01766204833984,66.08491703277782,65.18540246073184,66.01766204833984,2574400,0.0,0.0
2022-03-29 00:00:00-04:00,64.95001172731189,65.91678121381226,64.53807978778985,65.89155578613281,3512000,0.0,0.0
2022-03-30 00:00:00-04:00,66.87513513690705,68.16975808058004,66.79106321446135,67.67376708984375,3057400,0.0,0.0
2022-03-31 00:00:00-04:00,68.62373992985893,68.86753446711448,67.50565614603123,67.5897216796875,2786400,0.0,0.0
2022-04-01 00:00:00-04:00,68.50604211117535,69.67457026454397,68.43038506031013,69.50643920898438,3345700,0.0,0.0
2022-04-04 00:00:00-04:00,68.82549856978228,68.96841060521763,68.01845797617338,68.41356658935547,2800300,0.0,0.0
2022-04-05 00:00:00-04:00,68.10251808853783,68.40515908880744,67.31228809741297,67.66536712646484,2861200,0.0,0.0
2022-04-06 00:00:00-04:00,67.74943840841367,68.02686041788944,67.11053527686698,67.73262786865234,3680600,0.0,0.0
2022-04-07 00:00:00-04:00,67.74103239933774,68.33790593981745,66.93399184824739,67.96800994873047,2936400,0.0,0.0
2022-04-08 00:00:00-04:00,68.31268808404808,68.49763608273022,67.34591853607488,67.48883056640625,2769500,0.0,0.0
2022-04-11 00:00:00-04:00,67.74944058025312,67.79988502873124,66.80789639251138,67.03487396240234,2655900,0.0,0.0
2022-04-12 00:00:00-04:00,67.98482507885387,68.87593112754328,67.45520012148806,67.66536712646484,3327500,0.0,0.0
2022-04-13 00:00:00-04:00,67.90075193862323,68.93477640679178,67.88394140059069,68.88433837890625,2691200,0.0,0.0
2022-04-14 00:00:00-04:00,68.93478503363895,69.27105356046322,68.61533346073966,68.82550048828125,2644500,0.0,0.0
2022-04-18 00:00:00-04:00,69.31307905428288,69.95198857641464,68.88434296116016,69.27104949951172,2575800,0.0,0.0
2022-04-19 00:00:00-04:00,68.22861660297308,68.59850615424796,67.51404368614077,67.84190368652344,2704800,0.0,0.0
2022-04-20 00:00:00-04:00,65.60573847422249,66.09332750544165,63.907585341711226,66.05970001220703,6459800,0.0,0.0
2022-04-21 00:00:00-04:00,64.3699507576552,64.66418328520153,62.52888572076983,62.89037322998047,4776200,0.0,0.0
2022-04-22 00:00:00-04:00,62.65499376697075,62.9408242620722,61.007285026433166,61.09135055541992,3842600,0.0,0.0
2022-04-25 00:00:00-04:00,59.15781649054866,59.74628159487988,57.762304366293776,59.55292510986328,5313100,0.0,0.0
2022-04-26 00:00:00-04:00,58.58615601002472,59.24187603543205,57.72026898089515,57.78751754760742,4639700,0.0,0.0
2022-04-27 00:00:00-04:00,60.444034576416016,61.16700961848356,59.48567350461267,60.444034576416016,4250000,0.0,0.0
2022-04-28 00:00:00-04:00,60.04050933244438,60.32633979861945,59.29231529673952,60.116172790527344,3416000,0.0,0.0
2022-04-29 00:00:00-04:00,60.965241084153135,61.5368955858264,59.73786656281098,59.78831100463867,2905300,0.0,0.0
2022-05-02 00:00:00-04:00,59.552923185188945,60.06573122258511,58.66181708063291,59.6453971862793,3688200,0.0,0.0
2022-05-03 00:00:00-04:00,60.12457307662115,60.519688066367245,59.460450994804226,59.78831100463867,3262000,0.0,0.0
2022-05-04 00:00:00-04:00,58.829952413451664,60.53650751286018,58.09856890779594,60.368370056152344,3929300,0.0,0.0
2022-05-05 00:00:00-04:00,59.54451610429533,59.88078458775874,57.35037210658671,57.980873107910156,4992300,0.0,0.0
2022-05-06 00:00:00-04:00,57.22426986694336,57.66982287578142,56.34156591124653,57.22426986694336,3785000,0.0,0.0
2022-05-09 00:00:00-04:00,55.26551376190364,55.45046175225192,54.31556120959147,54.618202209472656,4919400,0.0,0.0
2022-05-10 00:00:00-04:00,55.18985947035804,55.34117997784282,53.886821410695255,54.72748947143555,3655300,0.0,0.0
2022-05-11 00:00:00-04:00,55.90442882749661,56.81235191768853,54.96287824354329,54.99650573730469,4113600,0.0,0.0
2022-05-12 00:00:00-04:00,53.55896065263419,54.44166466993732,53.10499913634586,54.15583419799805,4946500,0.0,0.0
2022-05-13 00:00:00-04:00,54.81996036865904,55.66062838182134,54.7190778981159,55.32435989379883,3054200,0.0,0.0
2022-05-16 00:00:00-04:00,55.99689576954959,56.33316425096469,55.34957782041265,55.9632682800293,3174900,0.0,0.0
2022-05-17 00:00:00-04:00,57.98087780639361,58.14060679208464,57.32515773808697,57.972469329833984,3690200,0.0,0.0
2022-05-18 00:00:00-04:00,57.14020370467631,57.21586074436132,55.85398271972949,56.047332763671875,2547200,0.0,0.0
2022-05-19 00:00:00-04:00,56.45927104534831,57.51850820285364,56.42564355266408,57.10658264160156,2962000,0.0,0.0
2022-05-20 00:00:00-04:00,58.594556032765254,58.72065751336702,57.106576520270075,58.460052490234375,3178400,0.0,0.0
2022-05-23 00:00:00-04:00,59.65379926298587,59.88078320996083,58.88879473415177,59.46044921875,3009600,0.0,0.0
2022-05-24 00:00:00-04:00,58.855165008389186,59.95643797109522,58.72906353306093,59.91440200805664,2566000,0.0,0.0
2022-05-25 00:00:00-04:00,59.93963211802662,60.65419864900865,59.71264816194101,60.43562316894531,2934100,0.0,0.0
2022-05-26 00:00:00-04:00,60.20864643127814,60.71304596495992,60.04891745366016,60.63738250732422,2550500,0.0,0.0
2022-05-27 00:00:00-04:00,61.368766808851305,61.59574435717342,61.06612580189638,61.52849578857422,2165800,0.0,0.0
2022-05-31 00:00:00-04:00,62.27669359850603,62.56251767026722,61.47805506534851,61.73866653442383,4667700,0.0,0.0
2022-06-01 00:00:00-04:00,62.1589958735718,62.31871843708125,60.948431864134065,61.5621223449707,2178400,0.0,0.0
2022-06-02 00:00:00-04:00,62.512074016916074,63.91598806060008,62.48685500270909,63.73944854736328,3136500,0.0,0.0
2022-06-03 00:00:00-04:00,63.09213252816297,63.47883901744009,62.59613510001596,62.932403564453125,1482600,0.0,0.0
2022-06-06 00:00:00-04:00,63.48724284100828,64.13456077542757,63.184608269782096,63.81510925292969,2548600,0.0,0.0
2022-06-07 00:00:00-04:00,64.22704244499471,65.9924441261205,64.22704244499471,65.90837860107422,3553600,0.0,0.0
2022-06-08 00:00:00-04:00,64.34472456092804,65.0761079738686,64.05889412765264,64.30268859863281,2943400,0.0,0.0
2022-06-09 00:00:00-04:00,63.86554766650425,63.88235820409023,62.512071701369116,62.554107666015625,2646400,0.0,0.0
2022-06-10 00:00:00-04:00,60.393589277386305,60.71304723932769,59.47726418690601,60.267494201660156,4055800,0.0,0.0
2022-06-13 00:00:00-04:00,57.90521338969409,58.703851891186055,57.24949333220461,57.84636688232422,3670900,0.0,0.0
2022-06-14 00:00:00-04:00,57.4092170072064,57.82114252070887,56.18184252855479,56.677833557128906,3373800,0.0,0.0
2022-06-15 00:00:00-04:00,57.72867831418261,58.846768454120195,57.03933071170018,58.44324493408203,3158100,0.0,0.0
2022-06-16 00:00:00-04:00,56.761899956080256,57.68663987763123,56.51811188271257,57.19905090332031,3542900,0.0,0.0
2022-06-17 00:00:00-04:00,55.55134727157089,55.73629527206724,53.701876887289885,54.256717681884766,4770900,0.0,0.0
2022-06-21 00:00:00-04:00,54.47528723583365,55.24029175637379,54.374404770073205,54.97968673706055,3038500,0.0,0.0
2022-06-22 00:00:00-04:00,52.592193953944125,53.36560701462705,52.47449773406734,52.718292236328125,4513000,0.0,0.0
2022-06-23 00:00:00-04:00,52.062568515071675,52.1466340307293,50.54095830927515,51.12102127075195,5031400,0.0,0.0
2022-06-24 00:00:00-04:00,51.39844652196732,52.735108913667396,51.0453674633909,52.72670364379883,3210200,0.0,0.0
2022-06-27 00:00:00-04:00,53.155436602905716,53.39082261381125,52.69306984995817,52.97889709472656,2836200,0.0,0.0
2022-06-28 00:00:00-04:00,53.76912467630052,54.29874320897153,53.0209306670943,53.18065643310547,3102500,0.0,0.0
2022-06-29 00:00:00-04:00,53.60099301197985,53.71868923179381,52.524938943119196,52.90324020385742,2951300,0.0,0.0
2022-06-30 00:00:00-04:00,51.163057262540725,51.65064305658371,50.423268491795646,51.2807502746582,3837700,0.0,0.0
2022-07-01 00:00:00-04:00,50.12062981311693,50.625032583054,48.809189666447814,50.29717254638672,3875500,0.0,0.0
2022-07-05 00:00:00-04:00,47.80038622642216,48.17868749339004,47.09422493038016,48.153465270996094,4964100,0.0,0.0
2022-07-06 00:00:00-04:00,48.086212055958,48.36363083884182,47.287576784441946,48.13665008544922,3841400,0.0,0.0
2022-07-07 00:00:00-04:00,49.86002059731802,50.440080367057355,49.61622610588936,50.0113410949707,4180700,0.0,0.0
2022-07-08 00:00:00-04:00,49.885243990104605,49.97771799199773,48.91847441545101,49.691890716552734,2986600,0.0,0.0
2022-07-11 00:00:00-04:00,48.50654410408254,48.859623123774085,48.18708936705645,48.59901809692383,4334700,0.0,0.0
2022-07-12 00:00:00-04:00,48.136651628857564,48.69990089575665,47.80038632952293,48.10302734375,5086600,0.0,0.0
2022-07-13 00:00:00-04:00,48.03576728830372,49.27155023029671,47.62384177890193,48.84280776977539,4371800,0.0,0.0
2022-07-14 00:00:00-04:00,46.29558767633604,46.29558767633604,45.58102114099024,45.96772766113281,5172600,0.0,0.0
2022-07-15 00:00:00-04:00,45.61464379630316,46.66547878541431,45.253159510391306,46.58141326904297,6343900,0.0,0.0
2022-07-18 00:00:00-04:00,48.12824456371958,48.73352656959167,47.51455728860774,47.61543655395508,3496400,0.0,0.0
2022-07-19 00:00:00-04:00,48.06940213261233,48.43088967154768,47.74154208727429,48.296382904052734,3103800,0.0,0.0
2022-07-20 00:00:00-04:00,48.128243882453795,48.262750636644284,47.665877115354874,48.1702766418457,2876900,0.0,0.0
2022-07-21 00:00:00-04:00,47.04378361168942,48.37204067856336,46.9849371043615,48.36363220214844,2871200,0.0,0.0
2022-07-22 00:00:00-04:00,49.09501189756733,49.473309927543056,48.103023412839875,48.338409423828125,2913500,0.0,0.0
2022-07-25 00:00:00-04:00,50.145844339829246,50.24672359557627,49.523748647786235,50.162654876708984,2922500,0.0,0.0
2022-07-26 00:00:00-04:00,50.1710712655496,50.221512504826094,49.28837042302349,49.691890716552734,2890800,0.0,0.0
2022-07-27 00:00:00-04:00,48.582208918983255,50.13744357801927,47.96011313123232,49.95249557495117,4579800,0.0,0.0
2022-07-28 00:00:00-04:00,50.667059062170836,50.79315733384675,49.784358332864166,50.33919906616211,3441300,0.0,0.0
2022-07-29 00:00:00-04:00,50.85201093583823,51.47410348694988,50.38964095027599,51.30596923828125,3881900,0.0,0.0
2022-08-01 00:00:00-04:00,51.112612412952146,51.137834632975974,50.229911677570264,50.650245666503906,2725400,0.0,0.0
2022-08-02 00:00:00-04:00,50.49052157118572,50.549368075026635,49.44809183320079,49.85161209106445,3022900,0.0,0.0
2022-08-03 00:00:00-04:00,50.12902981898198,50.28035030370368,49.506934136582366,49.750728607177734,2859600,0.0,0.0
2022-08-04 00:00:00-04:00,49.633041254447804,50.18788202590042,49.2967727597336,49.86842727661133,2575800,0.0,0.0
2022-08-05 00:00:00-04:00,49.63304127578175,51.205089594424216,49.456501759083224,51.0201416015625,2625400,0.0,0.0
2022-08-08 00:00:00-04:00,51.617020253661494,51.877625300288,50.80997647746318,51.11261749267578,2862700,0.0,0.0
2022-08-09 00:00:00-04:00,51.41525740701065,51.6422381635601,51.078988906886856,51.56657791137695,2756700,0.0,0.0
2022-08-10 00:00:00-04:00,52.373618788690194,52.424060026090274,51.701084991159625,51.87762451171875,3605200,0.0,0.0
2022-08-11 00:00:00-04:00,52.68601626933024,53.18686706408616,52.35211797410721,52.703590393066406,4678400,2.67,0.0
2022-08-12 00:00:00-04:00,52.13244050263707,52.99355235585642,52.00063626562635,52.89689636230469,7103900,0.0,0.0
2022-08-15 00:00:00-04:00,50.96379401677333,51.48221895205529,50.62989235881507,51.411922454833984,3890500,0.0,0.0
2022-08-16 00:00:00-04:00,52.79145994993176,53.62620902312107,52.76509708889708,53.582275390625,3509200,0.0,0.0
2022-08-17 00:00:00-04:00,52.281819425172564,52.729947831114416,52.12365566968221,52.42240905761719,2671000,0.0,0.0
2022-08-18 00:00:00-04:00,52.86175014786327,53.21322589210206,52.65086403093577,53.15171813964844,2587400,0.0,0.0
2022-08-19 00:00:00-04:00,52.343329613601696,52.42241149502383,51.61402190886107,51.6931037902832,2933800,0.0,0.0
2022-08-22 00:00:00-04:00,51.710671221492404,52.22909611022913,51.43828069901931,51.780967712402344,2043200,0.0,0.0
2022-08-23 00:00:00-04:00,52.11487192278967,53.81952168877089,52.097297799191345,53.68771743774414,4681000,0.0,0.0
2022-08-24 00:00:00-04:00,51.78975037921143,52.29938985579255,51.64916075669267,51.947914123535156,3780800,0.0,0.0
2022-08-25 00:00:00-04:00,52.21152228184853,52.94083329550546,52.04457314287798,52.87053680419922,2251700,0.0,0.0
2022-08-26 00:00:00-04:00,53.503192726953735,53.784371993111804,52.19395239739046,52.46634292602539,3141600,0.0,0.0
2022-08-29 00:00:00-04:00,51.842477670273524,52.58057409660512,51.74582166712323,52.05336380004883,2345200,0.0,0.0
2022-08-30 00:00:00-04:00,51.385559378214374,51.40313350130007,49.72484329371054,49.88300704956055,4422400,0.0,0.0
2022-08-31 00:00:00-04:00,49.43487600011649,49.80392588636981,49.004321710062456,49.461238861083984,3183600,0.0,0.0
2022-09-01 00:00:00-04:00,47.668717043041006,47.9235367957506,47.10635852114478,47.747798919677734,4279800,0.0,0.0
2022-09-02 00:00:00-04:00,48.494678029363705,48.76707188985445,47.642354908072534,47.879600524902344,3820800,0.0,0.0
2022-09-06 00:00:00-04:00,48.74950031382455,48.88130455847565,48.0289780407532,48.2222900390625,2994800,0.0,0.0
2022-09-07 00:00:00-04:00,47.15907767358616,47.98504468793363,46.75488290379806,47.739013671875,4132900,0.0,0.0
2022-09-08 00:00:00-04:00,47.967469409875115,48.64405803966316,47.88838753491492,48.62648391723633,2433700,0.0,0.0
2022-09-09 00:00:00-04:00,50.10267479539865,51.04286852234651,50.08510067363352,50.902278900146484,3506400,0.0,0.0
2022-09-12 00:00:00-04:00,51.69309983808963,51.9479162348155,51.24496809365232,51.70188522338867,2563600,0.0,0.0
2022-09-13 00:00:00-04:00,50.57716920722359,51.324050993634614,49.63697542116309,49.803924560546875,3956100,0.0,0.0
2022-09-14 00:00:00-04:00,49.645765350100625,49.84786275372001,48.96917664132884,49.38216018676758,3541500,0.0,0.0
2022-09-15 00:00:00-04:00,48.74949928453009,49.3733655452745,48.45074590796048,48.63526916503906,3309600,0.0,0.0
2022-09-16 00:00:00-04:00,48.03776119448015,48.82857992180539,47.87081206400972,48.47710418701172,3589700,0.0,0.0
2022-09-19 00:00:00-04:00,47.80051924806525,49.496383478738835,47.68628913070477,49.47880935668945,2456700,0.0,0.0
2022-09-20 00:00:00-04:00,48.14320961687547,48.54740439653027,47.73022609962049,48.42438888549805,3507400,0.0,0.0
2022-09-21 00:00:00-04:00,48.23107594514552,48.27500957652977,46.763671875,46.763671875,3848000,0.0,0.0
2022-09-22 00:00:00-04:00,48.77585879213528,49.057041398248835,48.22228902089954,48.63526916503906,3970500,0.0,0.0
2022-09-23 00:00:00-04:00,46.04315007205621,46.227673336938054,45.2259717825266,45.8322639465332,8999700,0.0,0.0
2022-09-26 00:00:00-04:00,44.93600538488907,46.06951122725289,44.74269337557765,45.00630187988281,5248800,0.0,0.0
2022-09-27 00:00:00-04:00,45.946491856199586,46.53520986870918,45.5247229774044,46.02557373046875,5002600,0.0,0.0
2022-09-28 00:00:00-04:00,45.99921279758896,47.449046102603674,45.90256014891971,47.334815979003906,4264600,0.0,0.0
2022-09-29 00:00:00-04:00,47.870816151758056,48.556190206017526,47.24694985355155,48.485897064208984,6329400,0.0,0.0
2022-09-30 00:00:00-04:00,47.703866357794155,49.07461444765755,47.703866357794155,48.380455017089844,4688700,0.0,0.0
2022-10-03 00:00:00-04:00,49.32943534090698,50.46294117354065,49.17127158045013,50.085105895996094,6471200,0.0,0.0
2022-10-04 00:00:00-04:00,50.68261220199469,52.35211705653398,50.66503807856654,52.06214904785156,5526100,0.0,0.0
2022-10-05 00:00:00-04:00,50.67382037603352,51.97427861509004,50.47172299680854,51.614017486572266,5140300,0.0,0.0
2022-10-06 00:00:00-04:00,50.41021587065888,50.84955887928008,50.01480649251557,50.23447799682617,3367300,0.0,0.0
2022-10-07 00:00:00-04:00,50.04117033513892,50.58595473799076,49.68090919507092,50.34870910644531,4830000,0.0,0.0
2022-10-10 00:00:00-04:00,50.752904919546005,51.20103668341451,50.23448001447381,50.48929977416992,3848900,0.0,0.0
2022-10-11 00:00:00-04:00,49.69847966550494,50.38385364942974,49.100972937804,49.34700393676758,4460500,0.0,0.0
2022-10-12 00:00:00-04:00,48.69678166915125,49.24156946023958,48.424391125528516,48.72314453125,3445400,0.0,0.0
2022-10-13 00:00:00-04:00,47.68628977192735,49.88300477882328,47.59841916049886,49.584251403808594,4745000,0.0,0.0
2022-10-14 00:00:00-04:00,49.27671359124798,49.29428436195049,47.15029168068071,47.1942253112793,3766500,0.0,0.0
2022-10-17 00:00:00-04:00,48.81100996790626,49.11855210009238,48.17835828394418,48.485897064208984,4794900,0.0,0.0
2022-10-18 00:00:00-04:00,48.846158804289125,49.06583032196412,47.65114521182972,48.072914123535156,3619700,0.0,0.0
2022-10-19 00:00:00-04:00,47.47540508509008,47.95868508268733,47.0009171767819,47.22058868408203,3485600,0.0,0.0
2022-10-20 00:00:00-04:00,46.46491928127272,48.02019399263036,46.324329647292885,46.860328674316406,6419500,0.0,0.0
2022-10-21 00:00:00-04:00,46.85153931437589,48.89887939342738,46.623082419163886,48.81979751586914,5720800,0.0,0.0
2022-10-24 00:00:00-04:00,47.5720593924525,48.1432066318854,47.30845426345312,47.52812576293945,5003700,0.0,0.0
2022-10-25 00:00:00-04:00,47.35239027967541,48.39802881516331,47.15029289219218,48.371665954589844,3688500,0.0,0.0
2022-10-26 00:00:00-04:00,48.72314256726946,50.39264406565828,48.72314256726946,50.00602340698242,4805300,0.0,0.0
2022-10-27 00:00:00-04:00,48.32773426352026,48.67921003529623,47.9147507344717,48.108062744140625,7214300,0.0,0.0
2022-10-28 00:00:00-04:00,46.95698185671736,47.29088349817627,46.13101816670984,46.42098617553711,5573000,0.0,0.0
2022-10-31 00:00:00-04:00,46.131013618362374,47.33481246377034,46.069505868358235,46.87789535522461,6098100,0.0,0.0
2022-11-01 00:00:00-04:00,48.78464532519264,48.94280906752019,47.993826613554916,48.301368713378906,6204900,0.0,0.0
2022-11-02 00:00:00-04:00,48.125635200972376,48.22229120245892,46.35068898363395,46.37704849243164,5399700,0.0,0.0
2022-11-03 00:00:00-04:00,45.94649220250587,46.80760408885985,45.91134395769442,46.58793258666992,3292900,0.0,0.0
2022-11-04 00:00:00-04:00,50.383860450769966,51.73703783157759,50.1817630526371,51.26254653930664,6579300,0.0,0.0
2022-11-07 00:00:00-05:00,52.22909668329656,52.360900929238305,51.23618387770799,51.367984771728516,4429400,0.0,0.0
2022-11-08 00:00:00-05:00,51.98306898596824,52.81782144242492,51.614022436837466,52.29939651489258,3447000,0.0,0.0
2022-11-09 00:00:00-05:00,52.176380735168536,52.773887541916196,51.09559725141299,51.271331787109375,3903000,0.0,0.0
2022-11-10 00:00:00-05:00,52.91447079802741,53.573485283149616,52.41362005748821,53.43289566040039,3364500,0.0,0.0
2022-11-11 00:00:00-05:00,56.62252945206031,57.43091898407987,56.244694194118644,56.859771728515625,6469500,0.0,0.0
2022-11-14 00:00:00-05:00,55.78777761612215,57.00036527815925,55.708695739208395,56.4467887878418,4065400,0.0,0.0
2022-11-15 00:00:00-05:00,57.931769660700546,58.13387039531891,57.1848878832578,57.36062240600586,4085800,0.0,0.0
2022-11-16 00:00:00-05:00,56.9564267721416,57.18488701130438,56.376497492841885,56.68403625488281,2862800,0.0,0.0
2022-11-17 00:00:00-05:00,55.44509195863021,57.070659914278224,55.33086517821143,57.0530891418457,3515800,0.0,0.0
2022-11-18 00:00:00-05:00,57.10580250555998,57.42213000875071,56.7982637396363,57.28154373168945,2786300,0.0,0.0
2022-11-21 00:00:00-05:00,55.79656337192658,56.70160891778556,55.032107457967264,56.481937408447266,3985900,0.0,0.0
2022-11-22 00:00:00-05:00,56.98279019631348,57.49242972491973,56.675251413134774,57.29032897949219,3134100,0.0,0.0
2022-11-23 00:00:00-05:00,57.43092081386326,58.20416212514716,57.369413058463884,58.116294860839844,2248900,0.0,0.0
2022-11-25 00:00:00-05:00,58.116296470562745,58.23931198476881,57.72967245229069,57.756038665771484,1079600,0.0,0.0
2022-11-28 00:00:00-05:00,57.56272621931563,58.16901504791288,57.246398698376765,57.29032897949219,2748700,0.0,0.0
2022-11-29 00:00:00-05:00,58.95104394240411,59.83851873096984,58.88075415324605,59.62763595581055,3820100,0.0,0.0
2022-11-30 00:00:00-05:00,60.08455471493192,60.57662350273296,59.126790058107645,60.31301498413086,4925200,0.0,0.0
2022-12-01 00:00:00-05:00,60.99838506749494,61.55196157930461,60.62054979111796,60.78750228881836,4277300,0.0,0.0
2022-12-02 00:00:00-05:00,60.06697281730291,61.569525005827586,60.06697281730291,61.349853515625,3632100,0.0,0.0
2022-12-05 00:00:00-05:00,62.632743419222535,62.96664842386404,60.85780046720868,61.03353500366211,3487300,0.0,0.0
2022-12-06 00:00:00-05:00,61.8067741394043,62.123101656783774,61.2092740552904,61.8067741394043,3863100,0.0,0.0
2022-12-07 00:00:00-05:00,60.98959959992744,61.74526340629531,60.98959959992744,61.376216888427734,3027500,0.0,0.0
2022-12-08 00:00:00-05:00,62.65909965617875,63.30933215554446,62.43942814516554,63.08966064453125,3021600,0.0,0.0
2022-12-09 00:00:00-05:00,63.57293404439385,64.2407373159787,63.52900376442902,63.69594955444336,3386800,0.0,0.0
2022-12-12 00:00:00-05:00,62.922703002458555,63.019358995703165,61.82434553726251,62.50093078613281,3498600,0.0,0.0
2022-12-13 00:00:00-05:00,64.34617647276177,64.45161449860457,62.580015797633685,62.92270278930664,4019300,0.0,0.0
2022-12-14 00:00:00-05:00,62.07917446145844,62.553665761109585,61.420159884805685,62.140682220458984,3312700,0.0,0.0
2022-12-15 00:00:00-05:00,62.667894094671055,62.667894094671055,61.42016140753043,61.90343475341797,3472400,0.0,0.0
2022-12-16 00:00:00-05:00,60.769929351284155,61.121398401937455,60.45360184262224,61.007171630859375,3987800,0.0,0.0
2022-12-19 00:00:00-05:00,60.945667813606335,61.376222121159465,60.28665324529644,60.506324768066406,2343600,0.0,0.0
2022-12-20 00:00:00-05:00,60.93686848496962,61.587094202285385,60.91050897943329,61.182899475097656,2142000,0.0,0.0
2022-12-21 00:00:00-05:00,61.973725636511446,62.44821690493013,61.78920237165571,62.15824890136719,2350500,0.0,0.0
2022-12-22 00:00:00-05:00,61.61347286958742,61.80677818388642,60.90173255698777,61.762847900390625,2109600,0.0,0.0
2022-12-23 00:00:00-05:00,62.09674565281053,62.34277669047279,61.77163608326097,62.20219039916992,1407100,0.0,0.0
2022-12-27 00:00:00-05:00,62.81726445896584,63.09844372959425,62.588810910472056,62.76454544067383,1444000,0.0,0.0
2022-12-28 00:00:00-05:00,63.29175388911131,63.38840988905594,61.99130231432575,62.06159210205078,1903800,0.0,0.0
2022-12-29 00:00:00-05:00,62.68546131346445,62.93149904546003,62.377922528273395,62.465789794921875,1968900,0.0,0.0
2022-12-30 00:00:00-05:00,62.325196700425764,62.85240694656507,62.03522871870445,62.56243896484375,1122800,0.0,0.0
2023-01-03 00:00:00-05:00,62.41306310105291,63.0808663123816,62.05280534094055,62.439422607421875,1979000,0.0,0.0
2023-01-04 00:00:00-05:00,62.84362476444175,62.9842177534588,62.32520320108745,62.861202239990234,1734100,0.0,0.0
2023-01-05 00:00:00-05:00,62.94027916801687,63.39719966686125,62.58881011209662,63.221458435058594,1581800,0.0,0.0
2023-01-06 00:00:00-05:00,63.96835347671137,65.1985087058517,63.75746397699314,65.08428192138672,2810100,0.0,0.0
2023-01-09 00:00:00-05:00,65.81357835994184,66.20898435208511,65.11941566168716,65.1545639038086,3126800,0.0,0.0
2023-01-10 00:00:00-05:00,65.83115113092961,66.47259483742855,65.33030039719173,66.43744659423828,2221400,0.0,0.0
2023-01-11 00:00:00-05:00,67.02617029260134,67.08767804746239,66.05082824848861,66.20899200439453,2356600,0.0,0.0
2023-01-12 00:00:00-05:00,67.84334888276614,68.2914806438012,66.5604680586383,68.25633239746094,4020800,0.0,0.0
2023-01-13 00:00:00-05:00,67.5885286067255,68.15088713617493,67.4830905723553,68.14210510253906,2205000,0.0,0.0
2023-01-17 00:00:00-05:00,67.18433081358918,67.24583856548864,66.5604645575112,66.75377655029297,2624200,0.0,0.0
2023-01-18 00:00:00-05:00,68.29147998777484,68.67810398996106,67.09646643905599,67.1316146850586,3624600,0.0,0.0
2023-01-19 00:00:00-05:00,67.14918368679139,68.38813418632839,67.03495691817457,67.94000244140625,3609200,0.0,0.0
2023-01-20 00:00:00-05:00,67.87850130380109,68.87141418457031,67.69397802704802,68.87141418457031,3673400,0.0,0.0
2023-01-23 00:00:00-05:00,69.04715849226636,69.22289303873453,68.65174570694815,69.205322265625,2369600,0.0,0.0
2023-01-24 00:00:00-05:00,70.14550173028341,70.14550173028341,67.91363858950449,69.40740203857422,2305100,0.0,0.0
2023-01-25 00:00:00-05:00,69.0295725714069,70.2421635867764,69.01200180044668,70.18943786621094,2161400,0.0,0.0
2023-01-26 00:00:00-05:00,70.5409175615072,70.75180034402501,69.69737972759319,70.6463623046875,2908000,0.0,0.0
2023-01-27 00:00:00-05:00,69.66223381766693,70.13672512213758,68.31784514025493,69.95220184326172,4268600,0.0,0.0
2023-01-30 00:00:00-05:00,69.39862753602105,70.06642411069288,69.35469055175781,69.35469055175781,2394900,0.0,0.0
2023-01-31 00:00:00-05:00,68.89777926131451,69.76767660988621,68.65174152586295,69.72373962402344,2032000,0.0,0.0
2023-02-01 00:00:00-05:00,68.61659134305005,69.75888590484274,67.61488976897944,69.49527740478516,4121300,0.0,0.0
2023-02-02 00:00:00-05:00,67.71154336296577,67.75548034602635,65.64663253212434,66.03325653076172,5612600,0.0,0.0
2023-02-03 00:00:00-05:00,66.20019909233773,66.8592135830815,65.54997333854631,65.6466293334961,3002000,0.0,0.0
2023-02-06 00:00:00-05:00,64.86460123589454,65.0227649864477,64.20558672589677,64.91732025146484,2412500,0.0,0.0
2023-02-07 00:00:00-05:00,65.10184875636352,65.99811231634207,64.53949019881897,65.58512878417969,2630100,0.0,0.0
2023-02-08 00:00:00-05:00,65.48847076527302,65.7784387730481,65.03155696525624,65.33030700683594,2226200,0.0,0.0
2023-02-09 00:00:00-05:00,66.57803248795848,66.58682122466699,65.15456551790533,65.3478775024414,1938100,0.0,0.0
2023-02-10 00:00:00-05:00,64.31981770927896,64.44283322289934,63.660803156094374,64.42526245117188,3051100,0.0,0.0
2023-02-13 00:00:00-05:00,64.1967991012073,65.0491256215232,64.0386353479132,65.02276611328125,1905200,0.0,0.0
2023-02-14 00:00:00-05:00,65.05791100801575,65.91901951749851,64.8294507752819,65.6378402709961,2168000,0.0,0.0
2023-02-15 00:00:00-05:00,63.44992010630182,65.42696375744733,63.26539683665602,65.40060424804688,2428300,0.0,0.0
2023-02-16 00:00:00-05:00,65.08426515593311,66.28806726731791,64.93489015999351,65.8223648071289,2090600,0.0,0.0
2023-02-17 00:00:00-05:00,65.15456594566743,65.48846420052253,64.88216873665009,65.40938568115234,2198700,0.0,0.0
2023-02-21 00:00:00-05:00,66.89436609529268,67.25463059106374,66.0156800515691,66.2353515625,2769100,0.0,0.0
2023-02-22 00:00:00-05:00,64.45161870909226,64.69764972392072,63.30054215949813,64.01227569580078,3883200,0.0,0.0
2023-02-23 00:00:00-05:00,63.53778299953103,63.6256569632752,61.90342649075436,62.8172607421875,3770200,0.0,0.0
2023-02-24 00:00:00-05:00,60.86657911873003,60.98081259453488,60.10212655341433,60.54146957397461,3987400,0.0,0.0
2023-02-27 00:00:00-05:00,60.39208893316079,61.0598854354713,60.01425370250323,60.76992416381836,3457100,0.0,0.0
2023-02-28 00:00:00-05:00,61.11261871031104,61.95615653112127,60.68205771022872,61.270782470703125,3280500,0.0,0.0
2023-03-01 00:00:00-05:00,63.48506836655301,64.24073892078756,63.28296762137009,63.88926315307617,4599900,0.0,0.0
2023-03-02 00:00:00-05:00,63.56414215078516,64.95246764251672,63.51142313590797,64.79430389404297,2824300,0.0,0.0
2023-03-03 00:00:00-05:00,66.00689707222867,66.16506082598663,65.50604630263554,66.05961608886719,2956400,0.0,0.0
2023-03-06 00:00:00-05:00,64.16165368872723,64.21437941138167,63.581724370269704,63.88926315307617,3550600,0.0,0.0
2023-03-07 00:00:00-05:00,63.46749963384292,63.54657816460104,61.86829120803074,62.05281448364258,3787900,0.0,0.0
2023-03-08 00:00:00-05:00,62.60637525268771,63.142374229754914,62.536078766288945,62.89634323120117,3699200,0.0,0.0
2023-03-09 00:00:00-05:00,63.04149881767656,63.23201050917855,61.68976905145446,61.88935470581055,3571100,2.25,0.0
2023-03-10 00:00:00-05:00,62.21594467134568,62.99613931938268,61.2089494144934,61.27245330810547,3333700,0.0,0.0
2023-03-13 00:00:00-04:00,60.428754652797075,62.49717509387715,60.39246572488625,62.06172180175781,4091900,0.0,0.0
2023-03-14 00:00:00-04:00,62.32480326405819,63.114071858360546,62.10707662202501,62.950775146484375,3487900,0.0,0.0
2023-03-15 00:00:00-04:00,60.43782518745671,60.918641342546906,58.61434646143483,59.757423400878906,6475300,0.0,0.0
2023-03-16 00:00:00-04:00,58.23333064500389,59.24032597294085,58.16075278392239,58.72322082519531,9811800,0.0,0.0
2023-03-17 00:00:00-04:00,58.98630075644337,59.013522644155984,58.088172261280285,58.66878128051758,9661300,0.0,0.0
2023-03-20 00:00:00-04:00,59.76649592725522,60.50133463076542,59.64856209846235,60.29267501831055,4299700,0.0,0.0
2023-03-21 00:00:00-04:00,60.746278077556084,60.87328587281522,59.385474338574795,59.85722351074219,3810300,0.0,0.0
2023-03-22 00:00:00-04:00,59.40362043851367,60.26546001148232,58.96816021000596,59.01352310180664,2833200,0.0,0.0
2023-03-23 00:00:00-04:00,59.22217596988155,59.73020713682239,58.23332860259947,58.60527801513672,3378900,0.0,0.0
2023-03-24 00:00:00-04:00,58.72321813453734,59.013522644155984,58.27868394683576,58.66878128051758,3214400,0.0,0.0
2023-03-27 00:00:00-04:00,58.99537475485265,59.303827189800415,58.578062454610176,59.0498046875,2154900,0.0,0.0
2023-03-28 00:00:00-04:00,59.61227102962242,60.28359889191111,59.50340424597887,59.92979049682617,2251600,0.0,0.0
2023-03-29 00:00:00-04:00,60.60112670860379,60.882357254553646,60.356178169984844,60.62834167480469,2722600,0.0,0.0
2023-03-30 00:00:00-04:00,61.75326948267057,61.88027726987681,61.38132008339665,61.78955841064453,2779500,0.0,0.0
2023-03-31 00:00:00-04:00,61.76234286657494,62.35202582816995,61.716979976681,62.23408508300781,4221700,0.0,0.0
2023-04-03 00:00:00-04:00,61.79863378340768,62.215946082524624,61.20895080283173,61.77141189575195,3426500,0.0,0.0
2023-04-04 00:00:00-04:00,61.472038669430006,61.48110571032923,60.47411737949943,60.719058990478516,2883100,0.0,0.0
2023-04-05 00:00:00-04:00,60.365250024175275,60.99122191055467,60.183805386830784,60.646480560302734,2825100,0.0,0.0
2023-04-06 00:00:00-04:00,60.7644190246964,60.81884895315462,60.102158235699946,60.55575942993164,1805800,0.0,0.0
2023-04-10 00:00:00-04:00,60.7190585979489,61.11822987990272,60.419680136483535,60.954933166503906,1322100,0.0,0.0
2023-04-11 00:00:00-04:00,62.66046997705435,63.59488734887562,62.596966085418096,63.150360107421875,3031300,0.0,0.0
2023-04-12 00:00:00-04:00,63.43159545145056,63.567677207111664,62.751193594550664,62.98706817626953,2479000,0.0,0.0
2023-04-13 00:00:00-04:00,63.64933055049178,63.83076828143979,62.97799571889148,63.413455963134766,4152300,0.0,0.0
2023-04-14 00:00:00-04:00,62.896340327815345,63.09592595141878,61.78955235794509,62.215938568115234,2617700,0.0,0.0
2023-04-17 00:00:00-04:00,63.06871377109671,63.34087728541495,62.606045486723666,62.78748321533203,2357900,0.0,0.0
2023-04-18 00:00:00-04:00,63.20479434006759,64.00313694231,63.13221648142637,63.876129150390625,2255500,0.0,0.0
2023-04-19 00:00:00-04:00,63.150365593954454,63.20479552825583,62.4518158038603,62.78748321533203,2964000,0.0,0.0
2023-04-20 00:00:00-04:00,62.09800289306058,62.37924034987327,60.700917256813156,61.054725646972656,4319000,0.0,0.0
2023-04-21 00:00:00-04:00,58.80486196284003,58.859291894463354,57.83415562759389,58.587135314941406,6660200,0.0,0.0
2023-04-24 00:00:00-04:00,58.28775599039449,58.804861097421934,58.151674241933534,58.478267669677734,3327600,0.0,0.0
2023-04-25 00:00:00-04:00,57.053959862080994,57.07210432583591,56.20119082981586,56.373558044433594,3991800,0.0,0.0
2023-04-26 00:00:00-04:00,58.10631816548426,58.10631816548426,56.917881741333616,57.09931945800781,4173600,0.0,0.0
2023-04-27 00:00:00-04:00,57.353338720165766,57.80693993507197,57.02674529172087,57.788795471191406,3467500,0.0,0.0
2023-04-28 00:00:00-04:00,57.6799308481012,58.12445809069306,57.57106406727244,58.051883697509766,2974000,0.0,0.0
2023-05-01 00:00:00-04:00,58.27868209105161,58.42383780194144,57.22633087272138,57.30797576904297,2583800,0.0,0.0
2023-05-02 00:00:00-04:00,56.55500099108543,56.61850488586357,55.74759136258957,56.35541534423828,3883100,0.0,0.0
2023-05-03 00:00:00-04:00,56.60943472916536,56.93602470685708,56.128615073438965,56.25562286376953,3271500,0.0,0.0
2023-05-04 00:00:00-04:00,55.84738483445191,56.30098606567835,55.71130308080288,55.77480697631836,2931200,0.0,0.0
2023-05-05 00:00:00-04:00,56.73644134225934,58.133533928312524,56.62757455791826,57.76157760620117,3366200,0.0,0.0
2023-05-08 00:00:00-04:00,58.759500000516184,58.823003895548425,57.92487540254805,57.94301986694336,2314100,0.0,0.0
2023-05-09 00:00:00-04:00,57.34426351456636,58.178888070760635,57.29890408619972,57.915802001953125,1888200,0.0,0.0
2023-05-10 00:00:00-04:00,58.46013184693265,58.46013184693265,56.75459016241262,57.317054748535156,3008200,0.0,0.0
2023-05-11 00:00:00-04:00,55.62058195301875,55.83830859714435,55.012754528371005,55.684085845947266,3229300,0.0,0.0
2023-05-12 00:00:00-04:00,55.910884520577376,56.264692900584215,55.81109170350827,56.010677337646484,2580800,0.0,0.0
2023-05-15 00:00:00-04:00,56.69108204374673,57.16282426750649,56.618504187351284,57.072105407714844,3006300,0.0,0.0
2023-05-16 00:00:00-04:00,56.3009867024827,56.70015454462385,55.67501478146027,55.7113037109375,2618800,0.0,0.0
2023-05-17 00:00:00-04:00,56.86344880950098,57.17189777532378,56.373558664834896,56.8271598815918,2306300,0.0,0.0
2023-05-18 00:00:00-04:00,56.074187530611326,56.183050861148104,55.5207934542698,56.17397689819336,3049100,0.0,0.0
2023-05-19 00:00:00-04:00,56.34634746124499,56.46428475447266,55.892746214203186,56.44614028930664,3544600,0.0,0.0
2023-05-22 00:00:00-04:00,55.83830830819745,56.37355787489849,55.83830830819745,56.16490173339844,3047400,0.0,0.0
2023-05-23 00:00:00-04:00,55.67501274309007,55.75666110107314,55.13976316535724,55.17605209350586,3012400,0.0,0.0
2023-05-24 00:00:00-04:00,54.404933228215164,54.450292659570344,53.52494572497292,53.60659408569336,3335900,0.0,0.0
2023-05-25 00:00:00-04:00,54.150913708556914,54.150913708556914,53.29814464016722,53.878753662109375,4278800,0.0,0.0
2023-05-26 00:00:00-04:00,55.47543391272708,55.729449503715315,55.20327039586496,55.44821548461914,3898600,0.0,0.0
2023-05-30 00:00:00-04:00,55.366562635500316,55.366562635500316,54.44121575097492,54.61358642578125,4001600,0.0,0.0
2023-05-31 00:00:00-04:00,54.42307740262681,54.486581298325916,53.39793764809399,53.57030487060547,6759200,0.0,0.0
2023-06-01 00:00:00-04:00,54.72245396833806,55.693160356640284,54.495653345637486,55.375640869140625,6265500,0.0,0.0
2023-06-02 00:00:00-04:00,57.54385033853631,57.698073090302806,57.18096798271699,57.30797576904297,4330900,0.0,0.0
2023-06-05 00:00:00-04:00,57.2898363676994,57.45313308631358,56.48242327646141,57.0811767578125,2873300,0.0,0.0
2023-06-06 00:00:00-04:00,57.17189809751566,57.834155462428555,57.08117577723143,57.76157760620117,3312500,0.0,0.0
2023-06-07 00:00:00-04:00,57.952093954638336,58.369402793820846,57.61642655365423,57.770652770996094,3662400,0.0,0.0
2023-06-08 00:00:00-04:00,58.59620405246833,58.7504337322087,58.13353577746387,58.60527801513672,2933800,0.0,0.0
2023-06-09 00:00:00-04:00,58.686926932563836,58.94094250346579,58.44197840247609,58.578060150146484,2215400,0.0,0.0
2023-06-12 00:00:00-04:00,57.652717812234805,57.94302233351233,57.21726103031852,57.82508850097656,2767700,0.0,0.0
2023-06-13 00:00:00-04:00,59.31289223323059,59.82093029931452,59.30382519236507,59.51247787475586,3603400,0.0,0.0
2023-06-14 00:00:00-04:00,61.68069417560932,61.76234599727625,60.72813573219906,61.01844024658203,5491100,0.0,0.0
2023-06-15 00:00:00-04:00,61.091009659305136,62.08893789140626,60.90957193787152,62.007286071777344,2582300,0.0,0.0
2023-06-16 00:00:00-04:00,61.79863359428951,61.916567421481616,61.25430658532797,61.28152847290039,3723200,0.0,0.0
2023-06-20 00:00:00-04:00,59.77557020148652,60.09308968174205,59.56691750934955,59.811859130859375,2974900,0.0,0.0
2023-06-21 00:00:00-04:00,58.89557922333355,59.512477143465176,58.82300136886979,59.33103942871094,3393700,0.0,0.0
2023-06-22 00:00:00-04:00,59.05887985229492,59.194961608088896,58.76857533659041,59.05887985229492,2336500,0.0,0.0
2023-06-23 00:00:00-04:00,57.63456817540729,57.806938848681895,57.35333764230041,57.60735321044922,2833400,0.0,0.0
2023-06-26 00:00:00-04:00,57.57106944933157,58.27868628735768,57.57106944933157,57.82508850097656,2226800,0.0,0.0
2023-06-27 00:00:00-04:00,58.17889163169717,59.031664164276535,57.933950011384766,58.87744140625,3003200,0.0,0.0
2023-06-28 00:00:00-04:00,57.78879501446614,57.806939478203304,57.21725651920465,57.54384994506836,2846300,0.0,0.0
2023-06-29 00:00:00-04:00,57.22632940809148,57.924872215006076,57.11746262771041,57.879512786865234,2242700,0.0,0.0
2023-06-30 00:00:00-04:00,58.40568867329637,58.40568867329637,57.72529032639172,57.915802001953125,1722100,0.0,0.0
2023-07-03 00:00:00-04:00,59.131453787683874,59.38546935689347,58.813934326171875,58.813934326171875,1633300,0.0,0.0
2023-07-05 00:00:00-04:00,58.41476464843077,58.460127539063215,57.89765953368546,58.070030212402344,2278600,0.0,0.0
2023-07-06 00:00:00-04:00,57.235401206216075,57.46220181276144,56.427991600627,57.09931945800781,3190800,0.0,0.0
2023-07-07 00:00:00-04:00,56.981388066441305,57.91580549786702,56.981388066441305,57.49849319458008,2620800,0.0,0.0
2023-07-10 00:00:00-04:00,56.536860037721645,57.38055864725691,56.51871557227215,57.317054748535156,2611400,0.0,0.0
2023-07-11 00:00:00-04:00,58.14260463856211,58.61435381240603,57.95209640569925,58.55084991455078,3061200,0.0,0.0
2023-07-12 00:00:00-04:00,60.59205000368223,60.92771738824707,60.35617543827436,60.709983825683594,3358900,0.0,0.0
2023-07-13 00:00:00-04:00,62.270373567417515,62.74212270189783,61.99821007280155,62.606040954589844,3341100,0.0,0.0
2023-07-14 00:00:00-04:00,62.67861681269195,62.68769077560015,62.07986676745937,62.17058563232422,2469800,0.0,0.0
2023-07-17 00:00:00-04:00,60.64648209040723,61.12729827904198,60.52854826421175,61.07286834716797,2288400,0.0,0.0
2023-07-18 00:00:00-04:00,60.4741178967802,61.08194186968011,60.455969972015986,60.92771911621094,2259700,0.0,0.0
2023-07-19 00:00:00-04:00,59.75742528570448,60.129374674968226,59.712062396606534,60.08401870727539,2712500,0.0,0.0
2023-07-20 00:00:00-04:00,60.954938440098005,61.25431000605867,60.40154435911361,60.41968536376953,2126300,0.0,0.0
2023-07-21 00:00:00-04:00,60.71905986451317,60.74627483041312,60.13845085396293,60.310821533203125,1250400,0.0,0.0
2023-07-24 00:00:00-04:00,60.065874376414094,61.17266249112668,60.00237048072102,60.80978012084961,2463600,0.0,0.0
2023-07-25 00:00:00-04:00,63.0324308126123,63.694684741317914,62.72397837293958,63.33180236816406,3824900,0.0,0.0
2023-07-26 00:00:00-04:00,61.88027994632043,62.19779942806938,61.28152991236606,61.644405364990234,2907000,0.0,0.0
2023-07-27 00:00:00-04:00,61.28153170086359,61.68069609468089,60.70092265403316,60.82793045043945,2872000,0.0,0.0
2023-07-28 00:00:00-04:00,60.229173080692256,60.25638804811343,59.7029939725304,59.96608352661133,3010600,0.0,0.0
2023-07-31 00:00:00-04:00,60.32896572011737,60.6737001753834,60.30175075278133,60.37432861328125,3029100,0.0,0.0
2023-08-01 00:00:00-04:00,59.40361892698576,59.594130609171074,59.10424046009226,59.48526382446289,3930300,0.0,0.0
2023-08-02 00:00:00-04:00,58.269615623518916,58.53269823963614,57.68900315635455,57.89765930175781,3789100,0.0,0.0
2023-08-03 00:00:00-04:00,57.58921133936691,58.46919536608295,57.398699654679156,58.115386962890625,3612000,0.0,0.0
2023-08-04 00:00:00-04:00,58.08817411453221,58.859294843926904,57.888591920741106,58.09724807739258,2371700,0.0,0.0
2023-08-07 00:00:00-04:00,58.26054218215338,58.451053865220565,57.88858931776868,58.106319427490234,1962100,0.0,0.0
2023-08-08 00:00:00-04:00,57.1446846616032,57.77065311516022,56.672938965604075,57.670860290527344,2333800,0.0,0.0
2023-08-09 00:00:00-04:00,58.160748328986394,58.28775611544771,57.725291577960746,57.788795471191406,1920400,0.0,0.0
2023-08-10 00:00:00-04:00,57.71414310400145,58.08739687725827,57.04229129559569,57.24757766723633,2756000,1.77,0.0
2023-08-11 00:00:00-04:00,56.53840110469843,56.99563680975475,56.43575613664832,56.93964767456055,3502700,0.0,0.0
2023-08-14 00:00:00-04:00,55.661256636198395,56.043840142381654,55.13870207864567,55.931861877441406,3946900,0.0,0.0
2023-08-15 00:00:00-04:00,55.29733199033174,55.38131390828304,54.737454910397524,54.81210708618164,5237700,0.0,0.0
2023-08-16 00:00:00-04:00,54.410863698482764,55.17603074662341,54.37353760842423,54.45751953125,2979500,0.0,0.0
2023-08-17 00:00:00-04:00,55.950528364473776,56.155818303218226,55.343995410310846,55.57727813720703,3656900,0.0,0.0
2023-08-18 00:00:00-04:00,55.15736951189786,55.55861609416665,54.95207956945002,55.3626594543457,2718400,0.0,0.0
2023-08-21 00:00:00-04:00,55.45596796146181,55.987852273289114,55.34399325360653,55.94119644165039,2988700,0.0,0.0
2023-08-22 00:00:00-04:00,57.01429417952696,57.02362748151893,56.07183357620776,56.28645324707031,2448000,0.0,0.0
2023-08-23 00:00:00-04:00,56.85566432748366,57.564842224121094,56.79967519369184,57.564842224121094,2907200,0.0,0.0
2023-08-24 00:00:00-04:00,56.44509043003684,56.94897841718434,56.1744816112647,56.72502899169922,4361900,0.0,0.0
2023-08-25 00:00:00-04:00,56.9489769656549,57.107611067641166,56.27712514671191,56.65037536621094,3661700,0.0,0.0
2023-08-28 00:00:00-04:00,57.21958451646877,57.63016081675257,57.18225842745794,57.592838287353516,1501900,0.0,0.0
2023-08-29 00:00:00-04:00,57.28490680853805,58.19004494316256,57.28490680853805,58.162052154541016,2487400,0.0,0.0
2023-08-30 00:00:00-04:00,58.600618539587224,58.78724542746981,58.34867277488751,58.55396270751953,1566300,0.0,0.0
2023-08-31 00:00:00-04:00,58.84323712252476,58.8619001680864,58.30201948007313,58.320682525634766,2138200,0.0,0.0
2023-09-01 00:00:00-04:00,59.851015002672085,60.08429772629311,59.225819011981436,59.580406188964844,2856200,0.0,0.0
2023-09-05 00:00:00-04:00,59.72037668028686,59.91633331196221,59.151166270514985,59.160499572753906,2417900,0.0,0.0
2023-09-06 00:00:00-04:00,58.973870235058676,59.30046460762377,58.563290384277764,59.076515197753906,2541300,0.0,0.0
2023-09-07 00:00:00-04:00,57.46220024366777,57.66748661296147,56.84633045695144,57.144935607910156,2459800,0.0,0.0
2023-09-08 00:00:00-04:00,56.64104561991851,57.26624160633542,56.63171231765482,57.12627410888672,3685800,0.0,0.0
2023-09-11 00:00:00-04:00,59.24448314596728,59.47776587387616,58.89922214574155,59.04852294921875,3748400,0.0,0.0
2023-09-12 00:00:00-04:00,58.89921969788787,59.291136515484915,58.88988995538851,58.96453857421875,1783500,0.0,0.0
2023-09-13 00:00:00-04:00,58.94587815483812,59.18849418596812,58.6939359404052,58.889892578125,1742300,0.0,0.0
2023-09-14 00:00:00-04:00,61.316030052194186,61.679950530495816,60.93345008851307,61.61463165283203,4917400,0.0,0.0
2023-09-15 00:00:00-04:00,62.333145320639844,62.482442558698544,61.41867393034477,61.4466667175293,3552000,0.0,0.0
2023-09-18 00:00:00-04:00,61.530652008738166,61.54931149372917,60.82147055227935,60.90544891357422,2104200,0.0,0.0
2023-09-19 00:00:00-04:00,61.5586456834933,61.763935617472406,60.8494642168083,61.036094665527344,3329100,0.0,0.0
2023-09-20 00:00:00-04:00,61.44666781312377,61.941226046798064,61.092080637091414,61.13873291015625,2210600,0.0,0.0
2023-09-21 00:00:00-04:00,60.1776087332298,60.18694203545514,59.42177499512218,59.47776412963867,2540900,0.0,0.0
2023-09-22 00:00:00-04:00,59.72037524665736,60.280252340750074,59.70171220223937,59.78569412231445,3589000,0.0,0.0
2023-09-25 00:00:00-04:00,57.94742765042674,58.91788464381962,57.90077181720075,58.85256576538086,3076600,0.0,0.0
2023-09-26 00:00:00-04:00,58.5353006660302,58.815239222846145,57.77946335897645,57.86344528198242,2879700,0.0,0.0
2023-09-27 00:00:00-04:00,58.65660528450861,58.8712249509671,57.70481139872857,58.152713775634766,2227400,0.0,0.0
2023-09-28 00:00:00-04:00,58.99253735717101,60.00964663335898,58.88055908488358,59.52442169189453,3518400,0.0,0.0
2023-09-29 00:00:00-04:00,60.224268226224964,60.28025380122361,59.22581846314835,59.38444900512695,3334100,0.0,0.0
2023-10-02 00:00:00-04:00,59.06718608394428,59.25381297847604,58.11539212548304,58.50730895996094,3097500,0.0,0.0
2023-10-03 00:00:00-04:00,57.42487553662253,57.882107677044495,56.948976791728995,57.28490447998047,4199000,0.0,0.0
2023-10-04 00:00:00-04:00,56.958311271388624,56.99563736187968,56.0625064572748,56.43575668334961,3403200,0.0,0.0
2023-10-05 00:00:00-04:00,56.93031245600882,57.060953767064724,56.566391988525346,56.82767105102539,3270900,0.0,0.0
2023-10-06 00:00:00-04:00,57.527520148470835,58.31135022968233,57.070284451259205,57.8541145324707,4969700,0.0,0.0
2023-10-09 00:00:00-04:00,57.20092291284785,57.378220060309495,56.603719712078195,57.191593170166016,2890100,0.0,0.0
2023-10-10 00:00:00-04:00,58.20870626880182,58.656608671571654,58.050072165539156,58.3393440246582,2561500,0.0,0.0
2023-10-11 00:00:00-04:00,58.92721703834122,59.01119896069885,58.30201749198736,58.74991989135742,2208500,0.0,0.0
2023-10-12 00:00:00-04:00,58.92721500534008,58.92721500534008,57.91943197181727,58.2553596496582,3250400,0.0,0.0
2023-10-13 00:00:00-04:00,58.31135086951495,58.563293077301154,57.695484624634766,58.20870590209961,3638500,0.0,0.0
2023-10-16 00:00:00-04:00,59.11383894504973,60.261593042839415,59.01119753985007,59.85101318359375,5001400,0.0,0.0
2023-10-17 00:00:00-04:00,59.13250126682209,60.29891839483197,59.104508480256285,60.065635681152344,4833900,0.0,0.0
2023-10-18 00:00:00-04:00,59.29113806803038,59.29113806803038,58.04074252327906,58.246028900146484,3459200,0.0,0.0
2023-10-19 00:00:00-04:00,57.97542289911715,58.2740244976377,57.555513288818936,57.76080322265625,3877500,0.0,0.0
2023-10-20 00:00:00-04:00,56.65971111500659,56.93964968162139,56.127826770554854,56.51041030883789,4449300,0.0,0.0
2023-10-23 00:00:00-04:00,56.23046483675401,56.69703027322085,55.801225489511346,56.32378005981445,4565100,0.0,0.0
2023-10-24 00:00:00-04:00,57.536850984436306,58.32068108054329,57.41554297109745,58.246028900146484,4195600,0.0,0.0
2023-10-25 00:00:00-04:00,59.07651947292994,59.47776605089636,58.647276546995,58.889892578125,4889700,0.0,0.0
2023-10-26 00:00:00-04:00,59.06718389457399,59.2724738269109,58.376669037896455,58.8712272644043,3985100,0.0,0.0
2023-10-27 00:00:00-04:00,59.720377604166664,59.851015360637874,59.16050048797236,59.48709487915039,3619600,0.0,0.0
2023-10-30 00:00:00-04:00,60.2615932293275,60.532202035647444,59.86034667088394,59.91633224487305,3380500,0.0,0.0
2023-10-31 00:00:00-04:00,59.86968288777545,60.47621228678312,59.608403811195785,60.03763961791992,3236800,0.0,0.0
2023-11-01 00:00:00-04:00,60.62551588931631,60.88679140300435,60.09363155953028,60.7281608581543,3244000,0.0,0.0
2023-11-02 00:00:00-04:00,61.88523665992262,62.295816505258394,61.40933794094009,61.83857727050781,2876800,0.0,0.0
2023-11-03 00:00:00-04:00,62.09052655523869,62.379794835657854,61.81058445731975,61.8665771484375,2196700,0.0,0.0
2023-11-06 00:00:00-05:00,62.53843344007592,62.622418927980114,62.13718684485947,62.22117233276367,2535300,0.0,0.0
2023-11-07 00:00:00-05:00,61.00809496315089,61.06408765756599,60.2242684335765,60.373565673828125,3172100,0.0,0.0
2023-11-08 00:00:00-05:00,60.42955745916668,60.64417357365425,59.934999234486035,60.27091979980469,2229400,0.0,0.0
2023-11-09 00:00:00-05:00,60.77481222837599,61.157399310035,60.12162345386515,60.14961624145508,1924800,0.0,0.0
2023-11-10 00:00:00-05:00,60.29891810146582,61.176056259561854,59.94432382209495,61.08274459838867,2062300,0.0,0.0
2023-11-13 00:00:00-05:00,60.9894351032153,61.4560005448744,60.914782923936166,61.194725036621094,2071300,0.0,0.0
2023-11-14 00:00:00-05:00,63.59287245703201,63.89147406119365,63.18229258160083,63.275604248046875,3825300,0.0,0.0
2023-11-15 00:00:00-05:00,63.66752279731818,63.79816055041081,63.24760963161449,63.322261810302734,2788100,0.0,0.0
2023-11-16 00:00:00-05:00,63.00499305735556,63.37824682829633,62.799710246600505,63.126304626464844,2560900,0.0,0.0
2023-11-17 00:00:00-05:00,63.611532827289956,63.98478661748887,63.434242794343994,63.63019943237305,2116300,0.0,0.0
2023-11-20 00:00:00-05:00,63.83548755755401,64.79661123450711,63.732842590187786,64.60065460205078,2621600,0.0,0.0
2023-11-21 00:00:00-05:00,65.31916428148513,65.72041086112607,65.24451209940683,65.5431137084961,3069900,0.0,0.0
2023-11-22 00:00:00-05:00,65.05788713593077,65.19785819402004,64.46068393269202,65.17919158935547,2983000,0.0,0.0
2023-11-24 00:00:00-05:00,64.64730436279876,65.08587700282546,64.60065209167847,65.0578842163086,1575000,0.0,0.0
2023-11-27 00:00:00-05:00,64.74061874147053,64.78727813377259,64.39536486764075,64.41402435302734,2575200,0.0,0.0
2023-11-28 00:00:00-05:00,64.34870456942015,64.80593670680358,64.15274793911297,64.78727722167969,1986900,0.0,0.0
2023-11-29 00:00:00-05:00,64.94590627078766,64.97389905744235,64.08742759033431,64.26472473144531,2099100,0.0,0.0
2023-11-30 00:00:00-05:00,64.40468997350153,64.4980087565448,64.096762194819,64.47000885009766,1819800,0.0,0.0
2023-12-01 00:00:00-05:00,65.70174791743766,66.72819044971043,65.52445077413856,66.40159606933594,4082000,0.0,0.0
2023-12-04 00:00:00-05:00,64.78727300008855,64.99256291919264,64.09675818792104,64.43268585205078,3165500,0.0,0.0
2023-12-05 00:00:00-05:00,64.13408990370729,64.21806826749854,63.51822009234304,63.910133361816406,2297100,0.0,0.0
2023-12-06 00:00:00-05:00,65.36581724272827,65.49645498889784,64.23672267776904,64.37669372558594,3096400,0.0,0.0
2023-12-07 00:00:00-05:00,65.46846084122124,66.11231625702749,65.23517813945388,65.729736328125,4074200,0.0,0.0
2023-12-08 00:00:00-05:00,65.16985593965943,65.88837068966632,65.16985593965943,65.47779083251953,3047500,0.0,0.0
2023-12-11 00:00:00-05:00,64.45135641904139,64.80594362805412,64.33005195472175,64.52600860595703,2840300,0.0,0.0
2023-12-12 00:00:00-05:00,65.16052843017148,65.16052843017148,64.42335421040526,64.7966079711914,2703300,0.0,0.0
2023-12-13 00:00:00-05:00,64.81526699147635,65.83238330435503,64.33004208938512,65.74839782714844,2266800,0.0,0.0
2023-12-14 00:00:00-05:00,67.18542208531075,67.67064700124632,66.66287108057652,67.35338592529297,4202200,0.0,0.0
2023-12-15 00:00:00-05:00,67.763969085831,68.29585341849607,67.44670087518973,67.60533142089844,5529800,0.0,0.0
2023-12-18 00:00:00-05:00,68.44514770918246,68.5664592782639,67.95058948846949,67.95992279052734,2647900,0.0,0.0
2023-12-19 00:00:00-05:00,68.59445264338034,69.12633695758431,68.5198004647354,68.85572814941406,2118200,0.0,0.0
2023-12-20 00:00:00-05:00,68.39849580534545,68.71575688478393,67.60532886830208,67.61466217041016,2291400,0.0,0.0
2023-12-21 00:00:00-05:00,68.97702934343455,69.39694248906783,68.54779001532872,69.05168151855469,2207300,0.0,0.0
2023-12-22 00:00:00-05:00,69.21965318091104,69.34095763978193,68.80907329054172,68.89305877685547,1831200,0.0,0.0
2023-12-26 00:00:00-05:00,69.05168642221818,69.39694741724983,69.05168642221818,69.21965026855469,1215300,0.0,0.0
2023-12-27 00:00:00-05:00,69.49025240707867,69.83550624971723,69.35028136204161,69.77018737792969,2050800,0.0,0.0
2023-12-28 00:00:00-05:00,69.64889180799695,70.06879787737448,69.51825404778064,69.55558013916016,2430500,0.0,0.0
2023-12-29 00:00:00-05:00,69.15433211991265,69.50891930181926,68.98636827180451,69.48092651367188,1462200,0.0,0.0
2024-01-02 00:00:00-05:00,69.05168786222544,69.72354326158236,69.02369507378954,69.29430389404297,3051800,0.0,0.0
2024-01-03 00:00:00-05:00,68.22120264568747,68.90238423566379,67.93193433645567,68.63178253173828,3408900,0.0,0.0
2024-01-04 00:00:00-05:00,68.23986215529784,68.48247818979553,68.0532388175144,68.1558837890625,1514100,0.0,0.0
2024-01-05 00:00:00-05:00,67.54934058224444,68.39849305939872,67.50268119280089,67.78262329101562,1759200,0.0,0.0
2024-01-08 00:00:00-05:00,67.43736919458229,68.02524623692463,67.12010809553483,67.96925354003906,2417300,0.0,0.0
2024-01-09 00:00:00-05:00,66.71885385305954,66.79350602752268,66.03766521972395,66.12165069580078,2660700,0.0,0.0
2024-01-10 00:00:00-05:00,65.80438558276502,65.9163638496819,65.45913171841248,65.60842895507812,2093200,0.0,0.0
2024-01-11 00:00:00-05:00,65.67374654520485,65.77639150806318,64.8152678733201,65.3751449584961,2225100,0.0,0.0
2024-01-12 00:00:00-05:00,65.98167978019619,66.09365804211443,65.37514332011301,65.48712158203125,1629800,0.0,0.0
2024-01-16 00:00:00-05:00,65.26317579062383,65.26317579062383,64.28338552245833,64.47000885009766,3565200,0.0,0.0
2024-01-17 00:00:00-05:00,63.480892013038925,63.835486300310755,63.322261473587616,63.639522552490234,2553500,0.0,0.0
2024-01-18 00:00:00-05:00,64.74995241212486,64.75928571448311,64.08743032916438,64.54466247558594,2904100,0.0,0.0
2024-01-19 00:00:00-05:00,64.26472637661902,64.36737134312956,63.67684936492704,64.15274810791016,3346700,0.0,0.0
2024-01-22 00:00:00-05:00,62.68773234287753,63.16363108156581,62.60374686229792,62.781044006347656,3576300,0.0,0.0
2024-01-23 00:00:00-05:00,64.02210528692116,64.73128669416765,63.863474758223006,64.1434097290039,3084800,0.0,0.0
2024-01-24 00:00:00-05:00,66.03767527195691,66.10299415474918,64.89926147460938,64.89926147460938,4866800,0.0,0.0
2024-01-25 00:00:00-05:00,65.13253298679126,65.42180125796827,64.78727202628546,65.41246795654297,3399000,0.0,0.0
2024-01-26 00:00:00-05:00,66.31760842009358,66.3549345079475,65.95368796254694,66.03766632080078,2157500,0.0,0.0
2024-01-29 00:00:00-05:00,66.01900809070142,66.3362691646521,65.59910205300824,66.2989501953125,2272900,0.0,0.0
2024-01-30 00:00:00-05:00,65.72974726725867,65.84171842643914,65.02056574247723,65.50579071044922,3244900,0.0,0.0
2024-01-31 00:00:00-05:00,65.52444853771861,66.05633283023857,64.63796997070312,64.63796997070312,2920100,0.0,0.0
2024-02-01 00:00:00-05:00,64.83393391670494,65.4964559590132,64.69396286681483,65.43113708496094,2094600,0.0,0.0
2024-02-02 00:00:00-05:00,64.26473074068646,64.42336129271185,63.882143636034975,63.90081024169922,2708500,0.0,0.0
2024-02-05 00:00:00-05:00,62.99566905677784,63.25694456972026,62.55709639467143,62.98633575439453,2714100,0.0,0.0
2024-02-06 00:00:00-05:00,63.25694096623958,63.86347744057484,63.25694096623958,63.75149917602539,2584000,0.0,0.0
2024-02-07 00:00:00-05:00,63.602205038796704,63.94745891265756,63.3689223157129,63.93812561035156,2188500,0.0,0.0
2024-02-08 00:00:00-05:00,63.47156413402264,63.75150626692172,63.19162912034773,63.55554962158203,2270500,0.0,0.0
2024-02-09 00:00:00-05:00,63.38757960935633,63.44356518280904,62.91168087733781,63.37824630737305,1784200,0.0,0.0
2024-02-12 00:00:00-05:00,63.294265586482226,63.72350491179831,63.21028011021211,63.45289611816406,1969200,0.0,0.0
2024-02-13 00:00:00-05:00,63.04231782467879,63.098310516641305,61.82925199358287,62.193172454833984,2617800,0.0,0.0
2024-02-14 00:00:00-05:00,62.37980195262848,62.64107747690959,62.24916419048793,62.594425201416016,1511300,0.0,0.0
2024-02-15 00:00:00-05:00,62.53842672145019,63.191622590980906,62.491774450270206,63.023658752441406,2668900,0.0,0.0
2024-02-16 00:00:00-05:00,64.77794371936257,65.23518297455689,64.42335654931517,64.49800872802734,3888100,0.0,0.0
2024-02-20 00:00:00-05:00,62.58508383127565,62.631743219978816,61.3626847348629,61.51198196411133,4613100,0.0,0.0
2024-02-21 00:00:00-05:00,61.18539208956539,61.47466038692156,60.52287001287059,61.10141372680664,2883400,0.0,0.0
2024-02-22 00:00:00-05:00,61.26937812280642,61.483994242381094,61.026762096169875,61.29737091064453,2931800,0.0,0.0
2024-02-23 00:00:00-05:00,61.791931149155474,62.04387336708535,61.428010657021225,61.5679817199707,2164200,0.0,0.0
2024-02-26 00:00:00-05:00,60.27092304437976,60.39223462096502,59.82302418702734,60.3269157409668,3414000,0.0,0.0
2024-02-27 00:00:00-05:00,60.97077012561169,61.10141500244789,60.32691464001481,60.634849548339844,3071200,0.0,0.0
2024-02-28 00:00:00-05:00,59.72037815364117,59.90700148768176,59.608403441294435,59.68305206298828,2158700,0.0,0.0
2024-02-29 00:00:00-05:00,60.47621081333636,60.681500748587546,59.98165257980779,60.214935302734375,2073200,0.0,0.0
2024-03-01 00:00:00-05:00,60.280250039314886,60.93344589017099,59.906996284429006,60.784141540527344,2482400,0.0,0.0
2024-03-04 00:00:00-05:00,60.2522628437017,60.59752384486814,60.17761066195373,60.5135383605957,2183700,0.0,0.0
2024-03-05 00:00:00-05:00,59.77636108599774,59.99098431795273,59.412440617258724,59.533748626708984,2912700,0.0,0.0
2024-03-06 00:00:00-05:00,60.84013275671321,61.11074157613169,60.494878874770656,60.5135383605957,2617900,0.0,0.0
2024-03-07 00:00:00-05:00,62.30163753388097,62.515433137979656,61.815741129726035,61.874046325683594,3408600,2.58,0.0
2024-03-08 00:00:00-05:00,61.621383926629555,61.689409128961834,60.814797795934446,60.92169189453125,3068000,0.0,0.0
2024-03-11 00:00:00-04:00,59.35710822324167,60.29974475366954,59.32795191732645,60.251155853271484,4636400,0.0,0.0
2024-03-12 00:00:00-04:00,61.7574337488201,61.767153753116176,60.81479722235104,60.95084762573242,4677700,0.0,0.0
2024-03-13 00:00:00-04:00,60.43579276442225,61.68940636336584,60.299742365856964,61.38814926147461,4825200,0.0,0.0
2024-03-14 00:00:00-04:00,60.87310156359808,60.97999936677869,59.940181347450654,60.29974365234375,3710700,0.0,0.0
2024-03-15 00:00:00-04:00,60.03736017942296,60.591281798984255,59.930462374403156,60.42607879638672,3742800,0.0,0.0
2024-03-18 00:00:00-04:00,61.18407406091954,61.26181926465901,60.49410205966083,60.5135383605957,2450800,0.0,0.0
2024-03-19 00:00:00-04:00,61.16463758501363,61.36871689069826,60.941125685545074,61.038307189941406,3095000,0.0,0.0
2024-03-20 00:00:00-04:00,61.15492125313628,62.214171847235285,61.06745975277729,62.06840515136719,1940500,0.0,0.0
2024-03-21 00:00:00-04:00,62.62233244421791,62.87499324223006,62.311359034656796,62.32107162475586,2504000,0.0,0.0
2024-03-22 00:00:00-04:00,61.611664768350906,61.75743146353893,61.22294616699219,61.22294616699219,2507300,0.0,0.0
2024-03-25 00:00:00-04:00,61.98094597881861,62.36966459658994,61.58251106379596,61.62138366699219,2368200,0.0,0.0
2024-03-26 00:00:00-04:00,61.25210138141287,61.290973984628515,60.39692635324157,60.416358947753906,2938000,0.0,0.0
2024-03-27 00:00:00-04:00,60.65930604358503,61.699127771488655,60.61071714400524,61.66997146606445,2216900,0.0,0.0
2024-03-28 00:00:00-04:00,61.73799832166103,62.09756434379884,61.44646120927281,61.94207763671875,3254600,0.0,0.0
2024-04-01 00:00:00-04:00,62.515433643789436,62.85555964661169,62.27248543974629,62.36966323852539,2363600,0.0,0.0
2024-04-02 00:00:00-04:00,63.16653237962575,63.49693837479994,62.78753377848326,63.253990173339844,3300400,0.0,0.0
2024-04-03 00:00:00-04:00,62.64176255985118,62.97217596491768,61.922637968857906,62.77781295776367,5273500,0.0,0.0
2024-04-04 00:00:00-04:00,63.41920113899216,63.41920113899216,61.50476810849628,61.51448440551758,3151900,0.0,0.0
2024-04-05 00:00:00-04:00,61.14520096388232,61.3298439677206,60.85366386641094,61.22294616699219,3896700,0.0,0.0
2024-04-08 00:00:00-04:00,63.31230445269076,64.36184249007725,63.31230445269076,64.21607208251953,4714100,0.0,0.0
2024-04-09 00:00:00-04:00,65.47939572944453,65.80008913057071,64.75055113462538,65.36278533935547,3709700,0.0,0.0
2024-04-10 00:00:00-04:00,63.866224443385235,64.66309424832147,63.642708835597546,64.63394165039062,3062500,0.0,0.0
2024-04-11 00:00:00-04:00,64.63393903255738,64.6728116329543,63.55524846766138,64.40070343017578,2101900,0.0,0.0
2024-04-12 00:00:00-04:00,65.5960179970012,66.1305070352458,64.12860870361328,64.12860870361328,4338700,0.0,0.0
2024-04-15 00:00:00-04:00,65.98473495734827,66.13050536538788,64.66309610905344,64.88660430908203,3848400,0.0,0.0
2024-04-16 00:00:00-04:00,63.52610086634643,64.00227728382019,63.02076443563912,63.837074279785156,3177000,0.0,0.0
2024-04-17 00:00:00-04:00,65.64460879056725,66.09163260374295,64.68252854832845,64.89632415771484,3839500,0.0,0.0
2024-04-18 00:00:00-04:00,65.6348910169255,65.71263622556114,64.40070992595605,64.79914855957031,3823300,0.0,0.0
2024-04-19 00:00:00-04:00,64.66309194618886,65.3239113277942,64.56591415181552,65.08096313476562,2774100,0.0,0.0
2024-04-22 00:00:00-04:00,65.08096568256356,65.54742207949266,64.59506927748448,65.30447387695312,3867100,0.0,0.0
2024-04-23 00:00:00-04:00,64.01199199940477,64.91575956600693,63.80791640877724,64.76026916503906,2522700,0.0,0.0
2024-04-24 00:00:00-04:00,66.42203978105711,66.42203978105711,65.5182721344467,66.21796417236328,3406800,0.0,0.0
2024-04-25 00:00:00-04:00,65.29476406257926,66.1985317110108,64.82830023163125,65.86811828613281,2964700,0.0,0.0
2024-04-26 00:00:00-04:00,66.91765398628735,66.91765398628735,65.98473377146765,66.31513977050781,3019700,0.0,0.0
2024-04-29 00:00:00-04:00,66.6649845502074,67.07313574651415,66.46090895205401,67.06342315673828,2379400,0.0,0.0
2024-04-30 00:00:00-04:00,66.76216492284065,66.85935013787393,65.85839728804419,65.91670989990234,3281700,0.0,0.0
2024-05-01 00:00:00-04:00,65.98473454445204,66.42203835164352,65.37250031735489,65.59601593017578,2330400,0.0,0.0
2024-05-02 00:00:00-04:00,65.99445294289546,66.45118933330129,65.64460693997859,66.35401153564453,2263000,0.0,0.0
2024-05-03 00:00:00-04:00,67.04398466764971,67.17032247950486,66.49006305605869,66.99539947509766,3193800,0.0,0.0
2024-05-06 00:00:00-04:00,67.53959728991492,67.95746847618992,67.21890389747797,67.85057067871094,1835900,0.0,0.0
2024-05-07 00:00:00-04:00,68.02549659961463,68.37534260383363,67.97690399351004,68.06436920166016,2081200,0.0,0.0
2024-05-08 00:00:00-04:00,66.90793238041132,67.2577783793675,66.771881982394,67.07313537597656,1817500,0.0,0.0
2024-05-09 00:00:00-04:00,67.65621883383386,68.16154783826121,67.55903362042903,68.02549743652344,2214000,0.0,0.0
2024-05-10 00:00:00-04:00,68.51139058716386,68.57941578479625,67.80197859969125,67.83113861083984,2140000,0.0,0.0
2024-05-13 00:00:00-04:00,67.78255257662495,68.14211860707215,67.78255257662495,67.87001037597656,1725400,0.0,0.0
2024-05-14 00:00:00-04:00,68.02549656201037,68.10324176605845,67.56875275596636,67.7242431640625,2925700,0.0,0.0
2024-05-15 00:00:00-04:00,68.46280180058517,68.46280180058517,67.04398516071048,68.34619140625,2576800,0.0,0.0
2024-05-16 00:00:00-04:00,69.07503252827252,69.9690801057739,68.81264432592917,69.88162231445312,4283200,0.0,0.0
2024-05-17 00:00:00-04:00,70.93115431365743,71.57254111972415,70.7367987195594,71.5336685180664,3545200,0.0,0.0
2024-05-20 00:00:00-04:00,71.25185242066739,71.51423323144093,70.97003160068624,71.31987762451172,3373900,0.0,0.0
2024-05-21 00:00:00-04:00,71.4850787956782,72.1458982221315,71.33931580132091,71.40734100341797,4017600,0.0,0.0
2024-05-22 00:00:00-04:00,70.88256858304975,71.00889897683345,69.79415798748417,70.18287658691406,3413700,0.0,0.0
2024-05-23 00:00:00-04:00,70.54243710186708,70.61046971675223,69.1527804897097,69.40544128417969,2580100,0.0,0.0
2024-05-24 00:00:00-04:00,70.11485165628608,70.26062205840373,69.68726045385849,69.82331085205078,1769300,0.0,0.0
2024-05-28 00:00:00-04:00,69.93020714103695,69.97879974542265,68.69603358005897,68.86123657226562,2478200,0.0,0.0
2024-05-29 00:00:00-04:00,67.9380421339441,67.9963473327734,67.45214570585703,67.56875610351562,2371800,0.0,0.0
2024-05-30 00:00:00-04:00,67.28693075308038,67.94775014733369,67.23834556205904,67.7728271484375,2409900,0.0,0.0
2024-05-31 00:00:00-04:00,68.12267303466797,68.2684434358745,67.35495584155811,68.12267303466797,1764200,0.0,0.0
2024-06-03 00:00:00-04:00,67.58819083386155,67.63677602436103,66.74272844591297,67.46185302734375,2100900,0.0,0.0
2024-06-04 00:00:00-04:00,66.3345782609141,66.47062865907525,65.9555796640094,66.38316345214844,2611800,0.0,0.0
2024-06-05 00:00:00-04:00,66.20824553431896,66.50950636553398,65.81953431784613,66.15966033935547,2125600,0.0,0.0
2024-06-06 00:00:00-04:00,66.31514188916414,67.3160873365995,66.14993888436611,67.24806213378906,1377000,0.0,0.0
2024-06-07 00:00:00-04:00,66.49006036874455,66.51921296593568,65.90698618235011,66.0819091796875,1775400,0.0,0.0
2024-06-10 00:00:00-04:00,65.91670841627479,66.52893522057354,65.761218007074,66.32485961914062,1210800,0.0,0.0
2024-06-11 00:00:00-04:00,64.60478980216591,65.30447440319786,64.36184159766862,65.28504180908203,1962500,0.0,0.0
2024-06-12 00:00:00-04:00,66.23740426920523,66.34429466173724,65.02266320570769,65.1878662109375,2226400,0.0,0.0
2024-06-13 00:00:00-04:00,65.02265893134415,65.19757451536603,64.76999073077269,65.0323715209961,1818600,0.0,0.0
2024-06-14 00:00:00-04:00,64.13832524299409,64.76999205019506,63.992554839149136,64.63394165039062,1633300,0.0,0.0
2024-06-17 00:00:00-04:00,63.681584878077395,64.2840991198994,63.535814466356946,64.12860870361328,1797400,0.0,0.0
2024-06-18 00:00:00-04:00,63.953680014600494,64.62421940046963,63.91480741398006,64.3909912109375,1984400,0.0,0.0
2024-06-20 00:00:00-04:00,64.85744852278364,65.15870932837711,64.58534772871772,65.0323715209961,1823600,0.0,0.0
2024-06-21 00:00:00-04:00,64.16748018289779,64.56591880700341,64.14804758829823,64.52704620361328,1805800,0.0,0.0
2024-06-24 00:00:00-04:00,64.65337539331271,65.14899180951744,64.34240198620581,64.57563018798828,1681400,0.0,0.0
2024-06-25 00:00:00-04:00,64.76999167885921,64.95462726942627,64.45901827906185,64.6436538696289,1544000,0.0,0.0
2024-06-26 00:00:00-04:00,64.95462904359985,65.06152684778039,64.63394304524914,64.91576385498047,1368700,0.0,0.0
2024-06-27 00:00:00-04:00,64.13832479498755,64.29381520178693,63.652428395025524,63.963401794433594,2081200,0.0,0.0
2024-06-28 00:00:00-04:00,64.30352542864904,64.51732102304663,63.905094250700216,64.07029724121094,1756300,0.0,0.0
2024-07-01 00:00:00-04:00,64.51732604350245,65.03237506234437,64.25494523899106,64.5367660522461,1988700,0.0,0.0
2024-07-02 00:00:00-04:00,63.6135593652328,64.15776099120623,63.45807636389372,64.1480484008789,1718000,0.0,0.0
2024-07-03 00:00:00-04:00,65.79037057014571,66.49978258691182,65.76121797198383,65.98473358154297,2029400,0.0,0.0
2024-07-05 00:00:00-04:00,65.8389610927946,65.94585889213216,65.15870910991057,65.73206329345703,1950900,0.0,0.0
2024-07-08 00:00:00-04:00,65.27532196044922,65.47939756301027,64.85745075115064,65.27532196044922,1910800,0.0,0.0
2024-07-09 00:00:00-04:00,65.06152297238448,65.37249636215263,64.84773479094862,65.09068298339844,1784100,0.0,0.0
2024-07-10 00:00:00-04:00,65.01294187012294,65.6834738817949,64.88660405702362,65.58629608154297,1995300,0.0,0.0
2024-07-11 00:00:00-04:00,66.38316854740822,66.39288855207741,65.86811951280964,66.15966033935547,1673000,0.0,0.0
2024-07-12 00:00:00-04:00,66.32486132194076,66.9273755517763,66.29570872301485,66.58724212646484,1617300,0.0,0.0
2024-07-15 00:00:00-04:00,65.75150534660847,66.21796174532884,65.44052452854052,65.64460754394531,1936700,0.0,0.0
2024-07-16 00:00:00-04:00,63.17625638950921,64.47845527309303,62.83613036873666,64.44930267333984,4562100,0.0,0.0
2024-07-17 00:00:00-04:00,64.68252739422125,64.93519560209609,63.90509759073137,63.91481018066406,3407300,0.0,0.0
2024-07-18 00:00:00-04:00,63.97312264728642,64.01199524950208,62.38909561730921,62.55430603027344,3453600,0.0,0.0
2024-07-19 00:00:00-04:00,61.8934840840671,62.18502489910108,61.621383277603876,61.9809455871582,2312400,0.0,0.0
2024-07-22 00:00:00-04:00,62.03925385545231,62.3405109645872,61.912919750706,62.18502426147461,2678500,0.0,0.0
2024-07-23 00:00:00-04:00,61.22294615206141,61.81574035079599,61.096612050586344,61.73799514770508,2702500,0.0,0.0
2024-07-24 00:00:00-04:00,62.204459903802295,62.350230308280416,61.66997089211278,61.699127197265625,3066000,0.0,0.0
2024-07-25 00:00:00-04:00,62.28219864871976,62.952738071084475,61.72828074165896,62.51543426513672,2484300,0.0,0.0
2024-07-26 00:00:00-04:00,63.29286345741027,63.60383686206306,62.787534455171034,63.22483825683594,2229500,0.0,0.0
2024-07-29 00:00:00-04:00,62.69035677680091,63.01104277201548,62.5543063753909,62.87499237060547,2285300,0.0,0.0
2024-07-30 00:00:00-04:00,61.728278850866374,62.019815948266654,61.49504694868896,61.73799514770508,3318000,0.0,0.0
2024-07-31 00:00:00-04:00,63.31230529465491,63.73017651430899,62.573740656947265,63.322025299072266,3822900,0.0,0.0
2024-08-01 00:00:00-04:00,62.991609708117075,63.38032831532848,61.52420419473003,61.699127197265625,3489200,0.0,0.0
2024-08-02 00:00:00-04:00,62.26276493184569,62.33079013185975,61.30069212759232,61.874046325683594,3892200,0.0,0.0
2024-08-05 00:00:00-04:00,60.59128004096649,61.553356551135224,60.358051843231586,61.19379425048828,4053700,0.0,0.0
2024-08-06 00:00:00-04:00,60.358053692921544,61.660256242649794,60.22200328889099,61.28125762939453,4396200,0.0,0.0
2024-08-07 00:00:00-04:00,61.329846301015344,61.485333006055264,60.61071797327108,60.77592468261719,3817800,0.0,0.0
2024-08-08 00:00:00-04:00,61.067461138577315,61.43674344926154,60.960563334924345,61.14520263671875,2487900,0.0,0.0
2024-08-09 00:00:00-04:00,61.40758796503912,61.80602287946829,60.78564114320779,61.456180572509766,2652500,0.0,0.0
2024-08-12 00:00:00-04:00,61.54364055523927,61.89348285355295,61.37843384953148,61.52420425415039,1919500,0.0,0.0
2024-08-13 00:00:00-04:00,61.4853335513973,62.01010257572223,61.39787204734314,61.9517936706543,1887500,0.0,0.0
2024-08-14 00:00:00-04:00,60.746766654911426,60.94112595747602,60.43579325364622,60.678741455078125,2904700,0.0,0.0
2024-08-15 00:00:00-04:00,61.417307053281014,61.45617965583952,60.89253804002739,60.97999954223633,3304400,0.0,0.0
2024-08-16 00:00:00-04:00,60.709999084472656,61.529998779296875,60.63999938964844,61.279998779296875,2820600,1.77,0.0
2024-08-19 00:00:00-04:00,62.349998474121094,62.91999816894531,62.279998779296875,62.47999954223633,2784100,0.0,0.0
2024-08-20 00:00:00-04:00,62.439998626708984,62.630001068115234,61.869998931884766,62.0,2242400,0.0,0.0
2024-08-21 00:00:00-04:00,63.5099983215332,63.59000015258789,63.119998931884766,63.38999938964844,2217400,0.0,0.0
2024-08-22 00:00:00-04:00,62.83000183105469,62.88999938964844,62.47999954223633,62.7400016784668,1761500,0.0,0.0
2024-08-23 00:00:00-04:00,62.56999969482422,63.08000183105469,62.29999923706055,63.02000045776367,2847000,0.0,0.0
2024-08-26 00:00:00-04:00,63.79999923706055,64.4000015258789,63.56999969482422,63.720001220703125,2463500,0.0,0.0
2024-08-27 00:00:00-04:00,63.91999816894531,64.12000274658203,63.619998931884766,64.0,2399300,0.0,0.0
2024-08-28 00:00:00-04:00,62.84000015258789,63.11000061035156,62.650001525878906,63.0,2070700,0.0,0.0
2024-08-29 00:00:00-04:00,62.959999084472656,63.58000183105469,62.83000183105469,63.31999969482422,1473900,0.0,0.0
2024-08-30 00:00:00-04:00,63.0099983215332,63.27000045776367,62.63999938964844,63.27000045776367,2238200,0.0,0.0
2024-09-03 00:00:00-04:00,61.0,61.06999969482422,60.099998474121094,60.34000015258789,3715700,0.0,0.0
2024-09-04 00:00:00-04:00,60.130001068115234,60.58000183105469,60.04999923706055,60.09000015258789,2096500,0.0,0.0
2024-09-05 00:00:00-04:00,60.529998779296875,60.86000061035156,60.369998931884766,60.38999938964844,2035100,0.0,0.0
2024-09-06 00:00:00-04:00,60.09000015258789,60.189998626708984,59.349998474121094,59.709999084472656,3387700,0.0,0.0
2024-09-09 00:00:00-04:00,60.06999969482422,60.459999084472656,59.9900016784668,60.0099983215332,2379100,0.0,0.0
2024-09-10 00:00:00-04:00,59.81999969482422,59.81999969482422,59.400001525878906,59.77000045776367,2092100,0.0,0.0
2024-09-11 00:00:00-04:00,60.7400016784668,61.310001373291016,60.20000076293945,61.209999084472656,2532200,0.0,0.0
2024-09-12 00:00:00-04:00,61.66999816894531,62.08000183105469,61.529998779296875,61.90999984741211,2783000,0.0,0.0
2024-09-13 00:00:00-04:00,62.619998931884766,62.790000915527344,62.47999954223633,62.54999923706055,2033900,0.0,0.0
2024-09-16 00:00:00-04:00,62.93000030517578,63.25,62.79999923706055,63.189998626708984,1845400,0.0,0.0
2024-09-17 00:00:00-04:00,63.5,63.58000183105469,62.779998779296875,62.91999816894531,1868300,0.0,0.0
2024-09-18 00:00:00-04:00,63.31999969482422,63.880001068115234,62.84000015258789,62.90999984741211,2078800,0.0,0.0
2024-09-19 00:00:00-04:00,65.5,65.5,64.63999938964844,65.18000030517578,5144600,0.0,0.0
2024-09-20 00:00:00-04:00,64.30000305175781,64.48999786376953,63.560001373291016,63.56999969482422,2044900,0.0,0.0
2024-09-23 00:00:00-04:00,63.7599983215332,64.61000061035156,63.70000076293945,64.58000183105469,2057000,0.0,0.0
2024-09-24 00:00:00-04:00,67.7699966430664,67.8499984741211,67.26000213623047,67.41999816894531,4128600,0.0,0.0
2024-09-25 00:00:00-04:00,67.94000244140625,67.95999908447266,67.55999755859375,67.66999816894531,3420200,0.0,0.0
2024-09-26 00:00:00-04:00,70.27999877929688,71.08000183105469,70.06999969482422,70.75,5285300,0.0,0.0
2024-09-27 00:00:00-04:00,71.08000183105469,71.45999908447266,70.98999786376953,71.2300033569336,2910600,0.0,0.0
2024-09-30 00:00:00-04:00,71.47000122070312,71.4800033569336,70.69000244140625,71.16999816894531,3347900,0.0,0.0
2024-10-01 00:00:00-04:00,70.86000061035156,71.16000366210938,70.19000244140625,71.16000366210938,3536300,0.0,0.0
2024-10-02 00:00:00-04:00,71.48999786376953,72.08000183105469,70.77999877929688,70.81999969482422,4744600,0.0,0.0
2024-10-03 00:00:00-04:00,69.79000091552734,70.19000244140625,69.62999725341797,69.83000183105469,2760800,0.0,0.0
2024-10-04 00:00:00-04:00,69.63999938964844,69.91999816894531,69.33000183105469,69.69999694824219,2064200,0.0,0.0
2024-10-07 00:00:00-04:00,69.44000244140625,69.83000183105469,69.27999877929688,69.62000274658203,2386000,0.0,0.0
2024-10-08 00:00:00-04:00,66.30999755859375,66.69000244140625,66.13999938964844,66.66000366210938,5638800,0.0,0.0
2024-10-09 00:00:00-04:00,65.56999969482422,66.43000030517578,65.27999877929688,66.3499984741211,4138900,0.0,0.0
2024-10-10 00:00:00-04:00,66.33000183105469,66.9000015258789,65.95999908447266,66.83999633789062,3352300,0.0,0.0
2024-10-11 00:00:00-04:00,66.80999755859375,67.37999725341797,66.77999877929688,67.2300033569336,3490000,0.0,0.0
2024-10-14 00:00:00-04:00,66.70999908447266,67.77999877929688,66.58000183105469,67.69999694824219,3928900,0.0,0.0
2024-10-15 00:00:00-04:00,66.5199966430664,66.81999969482422,66.29000091552734,66.47000122070312,4468500,0.0,0.0
2024-10-16 00:00:00-04:00,66.3499984741211,66.5199966430664,65.66999816894531,65.94999694824219,3566600,0.0,0.0
2024-10-17 00:00:00-04:00,64.6500015258789,65.12999725341797,64.13999938964844,65.08999633789062,3642800,0.0,0.0
2024-10-18 00:00:00-04:00,65.58000183105469,65.69000244140625,65.22000122070312,65.36000061035156,2429900,0.0,0.0
2024-10-21 00:00:00-04:00,65.37000274658203,65.45999908447266,64.69000244140625,64.94999694824219,2054400,0.0,0.0
2024-10-22 00:00:00-04:00,65.2300033569336,65.48999786376953,64.9800033569336,65.4800033569336,1746600,0.0,0.0
2024-10-23 00:00:00-04:00,64.4000015258789,64.61000061035156,64.16000366210938,64.48999786376953,2639000,0.0,0.0
2024-10-24 00:00:00-04:00,64.7699966430664,64.83999633789062,64.06999969482422,64.61000061035156,2969800,0.0,0.0
2024-10-25 00:00:00-04:00,65.37999725341797,65.8499984741211,65.12000274658203,65.27999877929688,2574200,0.0,0.0
2024-10-28 00:00:00-04:00,65.80000305175781,66.30999755859375,65.68000030517578,66.18000030517578,1706000,0.0,0.0
2024-10-29 00:00:00-04:00,66.77999877929688,66.98999786376953,66.52999877929688,66.58000183105469,1669500,0.0,0.0
2024-10-30 00:00:00-04:00,65.93000030517578,66.38999938964844,65.63999938964844,65.9000015258789,1856000,0.0,0.0
2024-10-31 00:00:00-04:00,65.36000061035156,65.43000030517578,64.51000213623047,64.88999938964844,1817200,0.0,0.0
2024-11-01 00:00:00-04:00,65.66999816894531,65.80000305175781,65.18000030517578,65.33000183105469,1807700,0.0,0.0
2024-11-04 00:00:00-05:00,65.33999633789062,65.77999877929688,65.0,65.01000213623047,1703200,0.0,0.0
2024-11-05 00:00:00-05:00,65.5999984741211,65.75,65.33999633789062,65.5,1490900,0.0,0.0
2024-11-06 00:00:00-05:00,64.4000015258789,65.55000305175781,64.36000061035156,65.33000183105469,2931000,0.0,0.0
2024-11-07 00:00:00-05:00,67.69000244140625,68.18000030517578,67.41999816894531,67.47000122070312,4396100,0.0,0.0
2024-11-08 00:00:00-05:00,64.91999816894531,64.9800033569336,63.869998931884766,64.43000030517578,4747100,0.0,0.0
2024-11-11 00:00:00-05:00,63.13999938964844,63.22999954223633,62.40999984741211,62.599998474121094,3467400,0.0,0.0
2024-11-12 00:00:00-05:00,61.38999938964844,61.400001525878906,60.5099983215332,61.20000076293945,4297300,0.0,0.0
2024-11-13 00:00:00-05:00,60.90999984741211,60.970001220703125,60.31230163574219,60.619998931884766,2130484,0.0,0.0
