Date,Open,High,Low,Close,Volume,Dividends,Stock Splits
2022-01-03 00:00:00-05:00,12.406143023042924,12.452725353452875,12.227581865473644,12.297453880310059,23400,0.0,0.0
2022-01-04 00:00:00-05:00,12.351798849295662,12.351798849295662,12.23534598107905,12.243109703063965,5900,0.0,0.0
2022-01-05 00:00:00-05:00,12.204291232510059,12.34403451941027,12.188763789304899,12.274163246154785,11600,0.0,0.0
2022-01-06 00:00:00-05:00,12.35179763580023,12.35179763580023,12.165472768803319,12.305216789245605,17900,0.0,0.0
2022-01-07 00:00:00-05:00,12.312978274025973,12.336269434862567,12.188761711120605,12.188761711120605,11600,0.0,0.0
2022-01-10 00:00:00-05:00,12.157709682011829,12.297453709746435,12.157709682011829,12.212054252624512,21700,0.0,0.0
2022-01-11 00:00:00-05:00,12.227581159504325,12.429433470624474,12.165472869988774,12.3983793258667,26100,0.0,0.0
2022-01-12 00:00:00-05:00,12.491540197026913,12.499303917342157,12.250870049978195,12.429431915283203,43000,0.0,0.0
2022-01-13 00:00:00-05:00,12.42943307951601,12.615757942199707,12.266398639570477,12.615757942199707,33300,0.0,0.0
2022-01-14 00:00:00-05:00,12.685630767910972,12.809847351034483,12.390616012798015,12.60799503326416,41700,0.0,0.0
2022-01-18 00:00:00-05:00,12.344035202619938,13.003936767578125,12.344035202619938,13.003936767578125,58200,0.0,0.0
2022-01-19 00:00:00-05:00,12.56141404415471,12.91853634644198,12.406142576599443,12.600231170654297,31600,0.0,0.0
2022-01-20 00:00:00-05:00,12.569178644236148,13.003936710692033,12.305218019407576,12.344035148620605,20200,0.0,0.0
2022-01-21 00:00:00-05:00,12.421670070163097,12.716684082786946,12.25087189938937,12.351798057556152,23700,0.0,0.0
2022-01-24 00:00:00-05:00,12.258633712852154,12.42166813676273,11.660841318772789,12.188761711120605,49900,0.0,0.0
2022-01-25 00:00:00-05:00,12.18100066757392,12.576942344522532,11.971385356706161,12.243109703063965,23700,0.0,0.0
2022-01-26 00:00:00-05:00,12.32850802686077,12.553650774450746,12.181000275452947,12.297453880310059,33400,0.0,0.0
2022-01-27 00:00:00-05:00,12.227581725310708,12.382852456284423,12.142183008372477,12.289690017700195,8300,0.0,0.0
2022-01-28 00:00:00-05:00,12.243108428757205,12.351797563676147,12.19652684208537,12.312979698181152,4900,0.0,0.0
2022-01-31 00:00:00-05:00,12.344033914578057,12.375088059077541,12.227581057802288,12.305216789245605,11200,0.0,0.0
2022-02-01 00:00:00-05:00,12.258634315448896,12.367324183528511,12.14994444736928,12.157708168029785,10500,0.0,0.0
2022-02-02 00:00:00-05:00,12.227580919997342,12.592466928656723,12.134418487548828,12.134418487548828,30300,0.0,0.0
2022-02-03 00:00:00-05:00,12.134419537335946,12.437198024279843,12.002439228185217,12.227581977844238,21800,0.0,0.0
2022-02-04 00:00:00-05:00,12.188762805895749,12.305216399371044,11.885985091716183,12.033492088317871,37000,0.0,0.0
2022-02-07 00:00:00-05:00,12.033493323665502,12.375088937404733,12.033493323665502,12.049020767211914,31100,0.0,0.0
2022-02-08 00:00:00-05:00,12.056782822459072,12.344033842499307,12.041256120494596,12.312979698181152,10300,0.0,0.0
2022-02-09 00:00:00-05:00,12.281924737041258,12.344033021546995,12.072309461931686,12.157708168029785,14000,0.0,0.0
2022-02-10 00:00:00-05:00,12.227581656928553,12.30521739217586,12.064547205220602,12.274163246154785,10300,0.0,0.0
2022-02-11 00:00:00-05:00,12.305217077152857,12.33627122237892,12.072310617762762,12.180999755859375,25200,0.0,0.0
2022-02-14 00:00:00-05:00,12.072310199249818,12.21205347772799,12.041256055100314,12.134418487548828,45200,0.0,0.0
2022-02-15 00:00:00-05:00,12.157708626706969,12.188762770131424,12.041255773962552,12.118890762329102,10400,0.0,0.0
2022-02-16 00:00:00-05:00,12.274162219840566,12.274162219840566,12.072309917387008,12.118890762329102,7400,0.0,0.0
2022-02-17 00:00:00-05:00,12.095600585341227,12.336270757057111,12.095600585341227,12.219817161560059,11400,0.0,0.0
2022-02-18 00:00:00-05:00,12.072311542182998,12.344035148620605,12.072311542182998,12.344035148620605,7200,0.0,0.0
2022-02-22 00:00:00-05:00,12.243108076416108,12.344033487253705,12.041255773962552,12.118890762329102,12400,0.0,0.0
2022-02-23 00:00:00-05:00,12.126653884099664,12.344032877330074,12.126653884099664,12.149944305419922,6200,0.0,0.0
2022-02-24 00:00:00-05:00,12.04125690460205,12.20429135798621,12.04125690460205,12.04125690460205,10200,0.0,0.0
2022-02-25 00:00:00-05:00,12.103364343399324,12.274162506416198,12.041256055100314,12.134418487548828,15600,0.0,0.0
2022-02-28 00:00:00-05:00,12.250870451659898,12.250870451659898,12.056781879749746,12.149944305419922,14200,0.0,0.0
2022-03-01 00:00:00-05:00,12.165473559151463,12.28969014521932,12.041256973083605,12.056783676147461,9800,0.0,0.0
2022-03-02 00:00:00-05:00,12.002437316539428,12.196525888449582,11.948092753329112,12.149944305419922,12800,0.0,0.0
2022-03-03 00:00:00-05:00,12.14994533099462,12.219817341242422,11.917039617354222,12.142182350158691,3500,0.0,0.0
2022-03-04 00:00:00-05:00,12.188761882431681,12.188761882431681,11.917038332354437,12.111126899719238,9700,0.0,0.0
2022-03-07 00:00:00-05:00,12.235345780925941,12.235345780925941,11.81611442565918,11.81611442565918,8200,0.0,0.0
2022-03-08 00:00:00-05:00,11.917039340362349,12.033492194475793,11.761767881025502,11.96362018585205,11600,0.0,0.0
2022-03-09 00:00:00-05:00,11.800587704601513,12.08783876743186,11.653080682214318,11.715188980102539,28400,0.0,0.0
2022-03-10 00:00:00-05:00,11.645314888011699,11.932565899735952,11.645314888011699,11.792821884155273,5400,0.0,0.0
2022-03-11 00:00:00-05:00,11.800586972470418,11.800586972470418,11.202794457287169,11.575444221496582,15600,0.0,0.0
2022-03-14 00:00:00-04:00,11.699658768730398,11.699658768730398,11.334772790021738,11.482279777526855,26000,0.0,0.0
2022-03-15 00:00:00-04:00,11.288191298384826,11.451225728198471,11.249373435974121,11.249373435974121,20100,0.0,0.0
2022-03-16 00:00:00-04:00,11.257139321163892,11.482282077971599,10.907779973067699,11.187267303466797,25100,0.0,0.0
2022-03-17 00:00:00-04:00,11.117393605997343,11.645314779596939,11.117393605997343,11.536624908447266,23000,0.0,0.0
2022-03-18 00:00:00-04:00,11.536624980050526,11.816113010344596,11.420172127687449,11.528861999511719,10800,0.0,0.0
2022-03-21 00:00:00-04:00,11.54439051388559,11.8161148659227,11.54439051388559,11.699661254882812,36600,0.0,0.0
2022-03-22 00:00:00-04:00,11.785058903592377,11.893748035364743,11.73847731826909,11.792821884155273,10300,0.0,0.0
2022-03-23 00:00:00-04:00,11.746241569519043,11.948093881050843,11.653079135055725,11.746241569519043,10900,0.0,0.0
2022-03-24 00:00:00-04:00,11.754004795607758,11.777295218145024,11.645314923118546,11.707423210144043,13500,0.0,0.0
2022-03-25 00:00:00-04:00,11.722952165628099,11.785060460672307,11.722952165628099,11.76176929473877,7300,0.0,0.0
2022-03-28 00:00:00-04:00,11.75400659385802,11.839405316485967,11.75400659385802,11.777297019958496,26800,0.0,0.0
2022-03-29 00:00:00-04:00,11.893748429145571,11.893748429145571,11.684133139223745,11.73847770690918,9800,0.0,0.0
2022-03-30 00:00:00-04:00,11.74624111061259,11.878221406043341,11.64531495878971,11.785058975219727,25300,0.0,0.0
2022-03-31 00:00:00-04:00,11.862694246451657,11.870457967635746,11.785059255778368,11.82387638092041,8000,0.0,0.0
2022-04-01 00:00:00-04:00,11.862693574309247,11.862693574309247,11.73071328321456,11.83940315246582,11300,0.0,0.0
2022-04-04 00:00:00-04:00,11.839404206702737,11.93256664276123,11.839404206702737,11.93256664276123,13800,0.0,0.0
2022-04-05 00:00:00-04:00,12.010202234152555,12.010202234152555,11.854931509226603,11.924802780151367,10200,0.0,0.0
2022-04-06 00:00:00-04:00,11.785059080187422,11.963620222425805,11.785059080187422,11.87822151184082,8800,0.0,0.0
2022-04-07 00:00:00-04:00,11.909275833166992,11.979147843045395,11.761768092226099,11.82387638092041,6400,0.0,0.0
2022-04-08 00:00:00-04:00,11.893749491647453,11.893749491647453,11.83164119720459,11.83164119720459,5900,0.0,0.0
2022-04-11 00:00:00-04:00,11.823876945141603,11.909276401463343,11.823876945141603,11.854931831359863,10600,0.0,0.0
2022-04-12 00:00:00-04:00,11.761769273151774,11.816114586507673,11.536626518932417,11.660843849182129,43500,0.0,0.0
2022-04-13 00:00:00-04:00,11.676371108825073,11.761769833324047,11.637553237547607,11.715188980102539,9100,0.0,0.0
2022-04-14 00:00:00-04:00,11.645316237383163,11.691897828103974,11.567680499644903,11.575444221496582,12000,0.0,0.0
2022-04-18 00:00:00-04:00,11.559915966832728,11.746240823932494,11.47451651870346,11.606496810913086,24700,0.0,0.0
2022-04-19 00:00:00-04:00,11.544389225508404,11.761768238644576,11.544389225508404,11.66860580444336,6500,0.0,0.0
2022-04-20 00:00:00-04:00,11.629785869994393,11.76176614673652,11.629785869994393,11.722949028015137,37500,0.0,0.0
2022-04-21 00:00:00-04:00,11.761767919840787,11.769531640911088,11.490044345882964,11.552152633666992,19100,0.0,0.0
2022-04-22 00:00:00-04:00,11.451226445840943,11.62978758757572,11.451226445840943,11.474516868591309,11400,0.0,0.0
2022-04-25 00:00:00-04:00,11.583205922825785,11.583205922825785,11.389117352725338,11.482279777526855,13700,0.0,0.0
2022-04-26 00:00:00-04:00,11.451228141784668,11.490046012377054,11.404646548995947,11.451228141784668,18300,0.0,0.0
2022-04-27 00:00:00-04:00,11.443461844633305,11.482279706491072,11.311481558550373,11.466753005981445,21600,0.0,0.0
2022-04-28 00:00:00-04:00,11.490043880387041,11.490043880387041,11.257137440438077,11.264901161193848,11400,0.0,0.0
2022-04-29 00:00:00-04:00,11.272666787843646,11.606498692502651,10.884489569095134,11.024232864379883,46400,0.0,0.0
2022-05-02 00:00:00-04:00,10.900016251014847,11.195031025519649,10.814617529601332,11.187267303466797,32300,0.0,0.0
2022-05-03 00:00:00-04:00,11.125158591631427,11.327010915118587,10.962124136567068,11.14068603515625,32300,0.0,0.0
2022-05-04 00:00:00-04:00,10.96212221864628,11.21055534846381,10.96212221864628,11.063048362731934,9400,0.0,0.0
2022-05-05 00:00:00-04:00,11.148449647500657,11.202794962524075,10.946598052978516,10.946598052978516,17600,0.0,0.0
2022-05-06 00:00:00-04:00,10.977650853194517,11.187266144174922,10.876724698133875,11.000941276550293,14700,0.0,0.0
2022-05-09 00:00:00-04:00,10.962122062900905,11.094102346338628,10.868959640542945,10.892250061035156,12900,0.0,0.0
2022-05-10 00:00:00-04:00,10.892251475128104,11.20279366369341,10.853433609008789,10.853433609008789,13800,0.0,0.0
2022-05-11 00:00:00-04:00,10.853433501231532,11.1872661099977,10.853433501231532,10.92330551147461,21000,0.0,0.0
2022-05-12 00:00:00-04:00,10.868961842829513,11.047523003432007,10.713691107438374,10.744745254516602,33300,0.0,0.0
2022-05-13 00:00:00-04:00,10.806849946876369,10.884485658891498,10.682633399963379,10.682633399963379,15700,0.0,0.0
2022-05-16 00:00:00-04:00,10.682636960360146,10.830143973884411,10.682636960360146,10.744745254516602,32800,0.0,0.0
2022-05-17 00:00:00-04:00,10.837907999429017,10.938834165358523,10.744745555583927,10.861198425292969,30400,0.0,0.0
2022-05-18 00:00:00-04:00,10.86119729399803,10.99317759412892,10.830143149284245,10.915542602539062,9300,0.0,0.0
2022-05-19 00:00:00-04:00,10.768033879447458,11.024230735107247,10.76027015887858,10.837905883789062,35700,0.0,0.0
2022-05-20 00:00:00-04:00,10.853432584537673,10.931068309448154,10.752507178698847,10.837905883789062,18600,0.0,0.0
2022-05-23 00:00:00-04:00,10.729217308721024,10.884488777235674,10.636054871845772,10.868961334228516,74100,0.0,0.0
2022-05-24 00:00:00-04:00,10.868962263723752,11.02423300512766,10.674873651871541,10.791326522827148,41900,0.0,0.0
2022-05-25 00:00:00-04:00,10.822379147353582,10.90777859839375,10.791325003445117,10.900014877319336,35500,0.0,0.0
2022-05-26 00:00:00-04:00,10.97764954643499,11.140683971296518,10.861195962740114,10.96988582611084,39500,0.0,0.0
2022-05-27 00:00:00-04:00,11.064660100769597,11.127841538987576,11.017273645515033,11.048864364624023,25600,0.24,0.0
2022-05-31 00:00:00-04:00,11.104148840290213,11.333181745268057,11.040966648023275,11.159432411193848,30500,0.0,0.0
2022-06-01 00:00:00-04:00,11.16732942038944,11.285794421265576,11.009375081645112,11.01727294921875,14000,0.0,0.0
2022-06-02 00:00:00-04:00,11.064659073113623,11.214714786649015,10.99357977342451,11.135738372802734,35100,0.0,0.0
2022-06-03 00:00:00-04:00,10.898807229378006,11.206816512610274,10.898807229378006,11.001477241516113,79400,0.0,0.0
2022-06-06 00:00:00-04:00,11.056760997612557,11.135738163154047,11.056760997612557,11.0962495803833,43200,0.0,0.0
2022-06-07 00:00:00-04:00,11.096250118590914,11.214715119467051,10.946193647420225,11.01727294921875,47300,0.0,0.0
2022-06-08 00:00:00-04:00,11.040965096950687,11.198919425654818,10.969886552852298,10.985681533813477,22800,0.0,0.0
2022-06-09 00:00:00-04:00,11.040965497880142,11.135738399816924,10.977784065377012,11.119942665100098,37700,0.0,0.0
2022-06-10 00:00:00-04:00,11.048863852794783,11.13573889120671,11.017273135149205,11.112045288085938,36700,0.0,0.0
2022-06-13 00:00:00-04:00,11.017273402576057,11.151534144124255,10.64608189634385,10.661877632141113,76000,0.0,0.0
2022-06-14 00:00:00-04:00,10.740856340731659,10.938298547339357,10.740856340731659,10.835628509521484,3600,0.0,0.0
2022-06-15 00:00:00-04:00,10.780342028295655,11.001477797859962,10.740854197399688,10.867217063903809,14800,0.0,0.0
2022-06-16 00:00:00-04:00,10.70136499105292,10.883011412794596,10.646080675285496,10.748750686645508,14500,0.0,0.0
2022-06-17 00:00:00-04:00,10.74085438639383,10.780342217984618,10.519718612938457,10.582900047302246,17000,0.0,0.0
2022-06-21 00:00:00-04:00,10.543412208557129,10.72505864393424,10.543412208557129,10.543412208557129,21400,0.0,0.0
2022-06-22 00:00:00-04:00,10.638184387795647,10.653979369826034,10.519718633248244,10.527616500854492,10900,0.0,0.0
2022-06-23 00:00:00-04:00,10.63818483242666,10.63818483242666,10.582900510054378,10.590798377990723,10900,0.0,0.0
2022-06-24 00:00:00-04:00,10.661876158993792,10.819829729231367,10.519717569188957,10.780341148376465,11900,0.0,0.0
2022-06-27 00:00:00-04:00,10.76454783904176,10.796138557993448,10.701366401138388,10.7566499710083,12200,0.0,0.0
2022-06-28 00:00:00-04:00,10.693466412247234,10.811931396525111,10.582898541254414,10.677671432495117,21400,0.0,0.0
2022-06-29 00:00:00-04:00,10.61449075728158,10.661877209613323,10.543412208557129,10.543412208557129,17300,0.0,0.0
2022-06-30 00:00:00-04:00,10.54341267673693,10.669775550989902,10.54341267673693,10.590798377990723,20300,0.0,0.0
2022-07-01 00:00:00-04:00,10.630285249239423,10.740853122961154,10.559205955645597,10.685568809509277,13300,0.0,0.0
2022-07-05 00:00:00-04:00,10.66187737621797,10.819830964488478,10.60659380861882,10.69346809387207,15900,0.0,0.0
2022-07-06 00:00:00-04:00,10.8119328112638,10.819830678764292,10.669774962165429,10.740854263305664,5800,0.0,0.0
2022-07-07 00:00:00-04:00,10.811933825260224,10.811933825260224,10.66977596282959,10.66977596282959,10300,0.0,0.0
2022-07-08 00:00:00-04:00,10.693467082135015,10.819829940795898,10.661876367469793,10.819829940795898,6700,0.0,0.0
2022-07-11 00:00:00-04:00,10.819830752056237,11.056761506401257,10.819830752056237,11.033068656921387,13700,0.0,0.0
2022-07-12 00:00:00-04:00,11.033068475586525,11.05676132467699,10.9225005911942,10.977784156799316,14400,0.0,0.0
2022-07-13 00:00:00-04:00,11.017272485771683,11.096249651821632,10.977783902746708,11.009374618530273,10300,0.0,0.0
2022-07-14 00:00:00-04:00,11.017273957043306,11.096251133640045,10.946194648742676,10.946194648742676,12200,0.0,0.0
2022-07-15 00:00:00-04:00,11.001478105943711,11.017273088107999,10.764547348022461,10.764547348022461,29700,0.0,0.0
2022-07-18 00:00:00-04:00,11.048863457252803,11.08835204119164,10.906705609527922,10.977784156799316,22500,0.0,0.0
2022-07-19 00:00:00-04:00,10.993579637229528,11.088351784580222,10.977783902746708,11.009374618530273,22700,0.0,0.0
2022-07-20 00:00:00-04:00,11.033069381660606,11.080455083733014,11.017273645515033,11.048864364624023,15100,0.0,0.0
2022-07-21 00:00:00-04:00,11.04096615582056,11.072557627136772,10.819831128881983,10.843523979187012,20600,0.0,0.0
2022-07-22 00:00:00-04:00,10.827730640493439,11.056763570031078,10.819832771465391,10.835628509521484,12300,0.0,0.0
2022-07-25 00:00:00-04:00,10.8514208063242,11.040965096950687,10.819830091219785,10.985681533813477,19400,0.0,0.0
2022-07-26 00:00:00-04:00,10.977783514122004,10.99357924804564,10.819829940795898,10.819829940795898,7100,0.0,0.0
2022-07-27 00:00:00-04:00,10.94619441522659,11.017273722010877,10.819831537913256,10.922501564025879,18000,0.0,0.0
2022-07-28 00:00:00-04:00,10.922501488188063,11.0883529518058,10.890910769079072,11.048864364624023,22400,0.0,0.0
2022-07-29 00:00:00-04:00,11.048863852794783,11.119943155792862,10.9698874352719,11.112045288085938,24900,0.0,0.0
2022-08-01 00:00:00-04:00,11.104146206442646,11.214713322023954,10.977782605063746,11.198918342590332,26700,0.0,0.0
2022-08-02 00:00:00-04:00,11.301588535623365,11.364769960787243,11.175224932113608,11.348974227905273,14000,0.0,0.0
2022-08-03 00:00:00-04:00,11.396362876059248,11.649088625561621,11.293692852028373,11.625395774841309,12500,0.0,0.0
2022-08-04 00:00:00-04:00,11.625395931289,11.751758807740703,11.412158012390137,11.412158012390137,3500,0.0,0.0
2022-08-05 00:00:00-04:00,11.451645968253153,11.601701687471513,11.254203796386719,11.254203796386719,12400,0.0,0.0
2022-08-08 00:00:00-04:00,11.39636205002044,11.51482704821748,11.30158990082639,11.427952766418457,7000,0.0,0.0
2022-08-09 00:00:00-04:00,11.546418756915608,11.546418756915608,11.3331815911989,11.412158012390137,14000,0.0,0.0
2022-08-10 00:00:00-04:00,11.412156525794876,11.649087264869307,11.34107722875434,11.491133689880371,17900,0.0,0.0
2022-08-11 00:00:00-04:00,11.435849341213814,11.601700782775879,11.372667911397984,11.601700782775879,5900,0.0,0.0
2022-08-12 00:00:00-04:00,11.69647450118314,11.69647450118314,11.372668709184644,11.435850143432617,12100,0.0,0.0
2022-08-15 00:00:00-04:00,11.420054716728039,11.680678311146934,11.325282569046813,11.372668266296387,13100,0.0,0.0
2022-08-16 00:00:00-04:00,11.412156849459084,11.696474045684845,11.27789611861516,11.372668266296387,9900,0.0,0.0
2022-08-17 00:00:00-04:00,11.427954498457776,11.451647351051694,11.19102371297199,11.333182334899902,26600,0.0,0.0
2022-08-18 00:00:00-04:00,11.269999559315051,11.39636242911047,11.183124521444114,11.238408088684082,13800,0.0,0.0
2022-08-19 00:00:00-04:00,11.214714270626661,11.688575744628906,11.191021422881164,11.688575744628906,23600,0.0,0.0
2022-08-22 00:00:00-04:00,11.546417082903625,11.585905664365225,11.222612070646196,11.380565643310547,15700,0.0,0.0
2022-08-23 00:00:00-04:00,11.372669091857164,11.625395590535014,11.348976241512474,11.530623435974121,22400,0.0,0.0
2022-08-24 00:00:00-04:00,11.578007233914931,11.609597946910226,11.506927941380013,11.570109367370605,12800,0.0,0.0
2022-08-25 00:00:00-04:00,11.570112367203484,11.570112367203484,11.333182334899902,11.333182334899902,19100,0.0,0.0
2022-08-26 00:00:00-04:00,11.485789026138763,11.485789026138763,10.97173945816573,10.995835304260254,35800,0.24,0.0
2022-08-29 00:00:00-04:00,11.027963045411049,11.076155502243013,10.811098904649997,10.891419410705566,35500,0.0,0.0
2022-08-30 00:00:00-04:00,10.939611691453267,10.979771946646657,10.610298977655145,10.762907028198242,56000,0.0,0.0
2022-08-31 00:00:00-04:00,10.827162720527202,10.939611277616223,10.666522471823694,10.754875183105469,16500,0.0,0.0
2022-09-01 00:00:00-04:00,10.754876152352656,10.851260310261061,10.730779538380657,10.827163696289062,14000,0.0,0.0
2022-09-02 00:00:00-04:00,10.931579361797947,10.931579361797947,10.778971313005723,10.787003517150879,12300,0.0,0.0
2022-09-06 00:00:00-04:00,10.803068049766871,10.971740520750298,10.803068049766871,10.899452209472656,18000,0.0,0.0
2022-09-07 00:00:00-04:00,11.003866840000219,11.36530757343952,10.883386850851481,11.027962684631348,23000,0.0,0.0
2022-09-08 00:00:00-04:00,11.027963460072964,11.164507865905762,10.907483462452563,11.164507865905762,15500,0.0,0.0
2022-09-09 00:00:00-04:00,11.349245430920348,11.525950102198177,11.24482906907405,11.34121322631836,48300,0.0,0.0
2022-09-12 00:00:00-04:00,11.365308708812652,11.85526244988065,11.365308708812652,11.614301681518555,24300,0.0,0.0
2022-09-13 00:00:00-04:00,11.42153372675901,11.791006712085743,11.42153372675901,11.606269836425781,32400,0.0,0.0
2022-09-14 00:00:00-04:00,11.550046373991007,11.550046373991007,10.85126063382379,11.011900901794434,25900,0.0,0.0
2022-09-15 00:00:00-04:00,10.963707096829074,11.019931758233765,10.762906594938482,10.8110990524292,15200,0.0,0.0
2022-09-16 00:00:00-04:00,10.722746275308738,10.722746275308738,10.642425774387831,10.658490180969238,32200,0.0,0.0
2022-09-19 00:00:00-04:00,10.65849171659445,10.987804439028478,10.65849171659445,10.795035362243652,35200,0.0,0.0
2022-09-20 00:00:00-04:00,10.74684281698775,10.907483063266982,10.698650360107422,10.698650360107422,25700,0.0,0.0
2022-09-21 00:00:00-04:00,10.74684338571678,10.931579487215958,10.69865092628608,10.762907028198242,13600,0.0,0.0
2022-09-22 00:00:00-04:00,10.714716068649626,10.76290776538799,10.594235294817297,10.618331909179688,37700,0.0,0.0
2022-09-23 00:00:00-04:00,10.562104968346668,10.73077740261348,10.562104968346668,10.682585716247559,21200,0.0,0.0
2022-09-26 00:00:00-04:00,10.570138026902812,10.722746833396773,10.457690238952637,10.457690238952637,32600,0.0,0.0
2022-09-27 00:00:00-04:00,10.457690805876215,10.634394701089558,10.361305888132202,10.521946907043457,17400,0.0,0.0
2022-09-28 00:00:00-04:00,10.554075802866397,10.682588015492978,10.529979188504006,10.618331909179688,4900,0.0,0.0
2022-09-29 00:00:00-04:00,10.666521438063677,10.666521438063677,10.280984878540039,10.280984878540039,21000,0.0,0.0
2022-09-30 00:00:00-04:00,10.345242471380084,10.521947136439023,10.28901857313126,10.401466369628906,14100,0.0,0.0
2022-10-03 00:00:00-04:00,10.433592866808924,10.730777488418587,10.28098483743917,10.3934326171875,20800,0.0,0.0
2022-10-04 00:00:00-04:00,10.457690651227072,10.803066998395263,10.457690651227072,10.730778694152832,18200,0.0,0.0
2022-10-05 00:00:00-04:00,10.76290804227308,10.76290804227308,10.297050876520538,10.441627502441406,7000,0.0,0.0
2022-10-06 00:00:00-04:00,10.698650001657068,10.843226601461003,10.554074167846222,10.706682205200195,17200,0.0,0.0
2022-10-07 00:00:00-04:00,10.65046079994916,10.79503666752773,10.465723905274782,10.714716911315918,12500,0.0,0.0
2022-10-10 00:00:00-04:00,10.80306726383511,10.827163110510261,10.562106499104129,10.690619468688965,14900,0.0,0.0
2022-10-11 00:00:00-04:00,10.650459486763799,11.04402831185707,10.650459486763799,10.987804412841797,49100,0.0,0.0
2022-10-12 00:00:00-04:00,10.86732241835936,11.108283162086524,10.811098525687154,10.95567512512207,14200,0.0,0.0
2022-10-13 00:00:00-04:00,10.827162521224587,11.148443778710702,10.827162521224587,10.947643280029297,15100,0.0,0.0
2022-10-14 00:00:00-04:00,10.899452443373542,11.148445435785089,10.859292950462555,10.91551685333252,16700,0.0,0.0
2022-10-17 00:00:00-04:00,11.011900446571607,11.084188755668364,10.8512601852417,10.8512601852417,16200,0.0,0.0
2022-10-18 00:00:00-04:00,10.971739436846383,11.068123587030327,10.923547744750977,10.923547744750977,20800,0.0,0.0
2022-10-19 00:00:00-04:00,10.98780516616146,11.148445435785089,10.90748464835303,10.91551685333252,19900,0.0,0.0
2022-10-20 00:00:00-04:00,11.003867486907698,11.164507737214272,10.907483336723752,10.923547744750977,11700,0.0,0.0
2022-10-21 00:00:00-04:00,10.915515230879997,10.979771329178597,10.883387181730697,10.947643280029297,11200,0.0,0.0
2022-10-24 00:00:00-04:00,10.867323337064914,11.08418825455069,10.682587236385759,10.746843338012695,19100,0.0,0.0
2022-10-25 00:00:00-04:00,10.722745965547855,10.883386196755998,10.682585716247559,10.682585716247559,15200,0.0,0.0
2022-10-26 00:00:00-04:00,10.690618703133056,10.819130897521973,10.690618703133056,10.819130897521973,3300,0.0,0.0
2022-10-27 00:00:00-04:00,10.915514242997626,10.915514242997626,10.682585716247559,10.682585716247559,13000,0.0,0.0
2022-10-28 00:00:00-04:00,10.73881116203927,10.91551582497441,10.690619468688965,10.690619468688965,17600,0.0,0.0
2022-10-31 00:00:00-04:00,10.69864935637185,10.827161541338365,10.626361060829925,10.682585716247559,14200,0.0,0.0
2022-11-01 00:00:00-04:00,10.682587810793681,10.682587810793681,10.457691443006617,10.546043395996094,32000,0.0,0.0
2022-11-02 00:00:00-04:00,10.497850934187984,10.658491962886224,10.473755086280525,10.546043395996094,25800,0.0,0.0
2022-11-03 00:00:00-04:00,10.642427316521166,10.666523163891805,10.457691210024317,10.52997875213623,19100,0.0,0.0
2022-11-04 00:00:00-04:00,10.66109186079817,10.84956581964404,10.505395234237614,10.570951461791992,23200,0.26,0.0
2022-11-07 00:00:00-05:00,10.587341733249264,10.702065531142258,10.529980225048735,10.61192512512207,29700,0.0,0.0
2022-11-08 00:00:00-05:00,10.66928529549788,10.718452069477147,10.554561520393294,10.603728294372559,22200,0.0,0.0
2022-11-09 00:00:00-05:00,10.529979405689414,10.669286584615437,10.185808820282988,10.570951461791992,61900,0.0,0.0
2022-11-10 00:00:00-05:00,10.644702814493524,10.734843216898202,10.439839400289298,10.58734130859375,29200,0.0,0.0
2022-11-11 00:00:00-05:00,10.6283145740319,10.726648923015064,10.570952284339434,10.61192512512207,15200,0.0,0.0
2022-11-14 00:00:00-05:00,10.611923645855793,10.808592316407175,10.587340257409828,10.636507034301758,8700,0.0,0.0
2022-11-15 00:00:00-05:00,10.636507633182408,10.71845330793862,10.570951405974185,10.661091804504395,28100,0.0,0.0
2022-11-16 00:00:00-05:00,10.767621595871024,10.808593654522742,10.652897799767207,10.751232147216797,22900,0.0,0.0
2022-11-17 00:00:00-05:00,10.775814683111719,10.882343746430067,10.661091677608779,10.808592796325684,22100,0.0,0.0
2022-11-18 00:00:00-05:00,10.833176164128535,11.144568607318906,10.734841831777649,10.906927108764648,54700,0.0,0.0
2022-11-21 00:00:00-05:00,10.997067829567591,11.529712379011178,10.92331687747715,11.464156150817871,58400,0.0,0.0
2022-11-22 00:00:00-05:00,11.406795104944093,11.636241912841797,11.242904527874305,11.636241912841797,44800,0.0,0.0
2022-11-23 00:00:00-05:00,11.628046930645775,11.71818733215332,11.537907310630128,11.71818733215332,28500,0.0,0.0
2022-11-25 00:00:00-05:00,11.775548637009926,11.800132027233511,11.6772142946237,11.709992408752441,4500,0.0,0.0
2022-11-28 00:00:00-05:00,11.677212608435054,11.759158272669904,11.521516784178965,11.619851112365723,13800,0.0,0.0
2022-11-29 00:00:00-05:00,11.628047122413156,11.628047122413156,11.079013887728165,11.234709739685059,21100,0.0,0.0
2022-11-30 00:00:00-05:00,11.169153968291036,11.742771399091577,11.128181127199868,11.160959243774414,56800,0.0,0.0
2022-12-01 00:00:00-05:00,11.365821186284366,11.496933635492978,11.34943252087921,11.431377410888672,8700,0.0,0.0
2022-12-02 00:00:00-05:00,11.447765484188967,11.447765484188967,11.30845832824707,11.30845832824707,19800,0.0,0.0
2022-12-05 00:00:00-05:00,11.185541910891699,11.447767607985035,10.816787927954193,11.070818901062012,152700,0.0,0.0
2022-12-06 00:00:00-05:00,11.144569823104352,11.26748755657937,10.980678469815139,11.169153213500977,27000,0.0,0.0
2022-12-07 00:00:00-05:00,11.210124245143039,11.30026384973124,11.103595195270568,11.226512908935547,13400,0.0,0.0
2022-12-08 00:00:00-05:00,11.26748808994046,11.455962061056068,11.111792234735914,11.144570350646973,32500,0.0,0.0
2022-12-09 00:00:00-05:00,11.374017555382373,11.455962457248031,11.144570736069793,11.267488479614258,13700,0.0,0.0
2022-12-12 00:00:00-05:00,11.185541879934764,11.414989461942906,11.144569823104352,11.169153213500977,27100,0.0,0.0
2022-12-13 00:00:00-05:00,11.18554117741756,11.18554117741756,10.915121555562935,11.087206840515137,53300,0.0,0.0
2022-12-14 00:00:00-05:00,11.128180764041806,11.144570212540197,10.972484910766688,11.046235084533691,29200,0.0,0.0
2022-12-15 00:00:00-05:00,11.013455390930176,11.103595781771428,10.972483338538849,11.013455390930176,24500,0.0,0.0
2022-12-16 00:00:00-05:00,10.931510504655716,11.054428224813309,10.915121058505742,11.013455390930176,25400,0.0,0.0
2022-12-19 00:00:00-05:00,11.038040883687446,11.267487686856612,11.02165143557227,11.128180503845215,32500,0.0,0.0
2022-12-20 00:00:00-05:00,11.079014118824855,11.30026620585152,11.070819394474109,11.144570350646973,13200,0.0,0.0
2022-12-21 00:00:00-05:00,11.210124749873813,11.382210025647904,11.210124749873813,11.300264358520508,21000,0.0,0.0
2022-12-22 00:00:00-05:00,11.341237922981312,11.464155650102159,11.32484847590288,11.39040470123291,13400,0.0,0.0
2022-12-23 00:00:00-05:00,11.349432845520107,11.50512868803592,11.316654732280364,11.398599624633789,26900,0.0,0.0
2022-12-27 00:00:00-05:00,11.455960110397953,11.47234955630874,11.210124673670487,11.251096725463867,29800,0.0,0.0
2022-12-28 00:00:00-05:00,11.218319682068227,11.472350647402855,11.218319682068227,11.44776725769043,34800,0.0,0.0
2022-12-29 00:00:00-05:00,11.49793902487834,11.690267803960758,11.49793902487834,11.556473731994629,18900,0.28,0.0
2022-12-30 00:00:00-05:00,11.698631074872877,11.698631074872877,11.355783538482596,11.673544883728027,39700,0.0,0.0
2023-01-03 00:00:00-05:00,11.740442367845878,11.782253219647796,11.615010609915794,11.681907653808594,15500,0.0,0.0
2023-01-04 00:00:00-05:00,11.706993191600766,11.740441711677743,11.581561440681007,11.648458480834961,14800,0.0,0.0
2023-01-05 00:00:00-05:00,11.706993568164577,11.706993568164577,11.548113292057343,11.598285675048828,14500,0.0,0.0
2023-01-06 00:00:00-05:00,11.681906115725276,11.706992304513218,11.589922094376883,11.631732940673828,6700,0.0,0.0
2023-01-09 00:00:00-05:00,11.589922779947509,11.665182148238664,11.464491031112658,11.506301879882812,23600,0.0,0.0
2023-01-10 00:00:00-05:00,11.51466456057635,11.606647792697661,11.4561290515213,11.573199272155762,10800,0.0,0.0
2023-01-11 00:00:00-05:00,11.589922637799384,11.665182005167496,11.414317713098987,11.46449089050293,20100,0.0,0.0
2023-01-12 00:00:00-05:00,11.489576541749551,11.631732940673828,11.29724776524939,11.631732940673828,26100,0.0,0.0
2023-01-13 00:00:00-05:00,11.523025059291994,11.698629975758715,11.523025059291994,11.631732940673828,19200,0.0,0.0
2023-01-17 00:00:00-05:00,11.631733594225647,11.706992962293633,11.631733594225647,11.665182113647461,20100,0.0,0.0
2023-01-18 00:00:00-05:00,11.698631051976628,11.865873655074363,11.640096340261328,11.79061508178711,35700,0.0,0.0
2023-01-19 00:00:00-05:00,11.815701905588185,11.865874290466309,11.665183156002449,11.865874290466309,18400,0.0,0.0
2023-01-20 00:00:00-05:00,11.999669285241147,12.325792182301853,11.748804966172822,12.024755477905273,64500,0.0,0.0
2023-01-23 00:00:00-05:00,12.12509881434575,12.24216902102373,12.058201781237058,12.175271987915039,72800,0.0,0.0
2023-01-24 00:00:00-05:00,12.141824440327257,12.242169997998277,12.049840414355454,12.058202743530273,42400,0.0,0.0
2023-01-25 00:00:00-05:00,12.125099324687167,12.208721018330412,12.091650806724983,12.166910171508789,10000,0.0,0.0
2023-01-26 00:00:00-05:00,12.108375211497,12.166910718669914,11.882597904467671,11.99966812133789,9600,0.0,0.0
2023-01-27 00:00:00-05:00,11.932771415325195,12.17527338759125,11.87423590651916,12.108375549316406,25500,0.0,0.0
2023-01-30 00:00:00-05:00,12.108375753620432,12.242170634952004,11.790615203200428,11.874236106872559,84700,0.0,0.0
2023-01-31 00:00:00-05:00,11.807338943359065,12.049840917219692,11.757166561167562,11.79061508178711,24000,0.0,0.0
2023-02-01 00:00:00-05:00,11.765528093215721,11.9745815464568,11.71535571102422,11.79061508178711,16800,0.0,0.0
2023-02-02 00:00:00-05:00,11.849149682231701,12.083289324369817,11.849149682231701,11.966219902038574,19800,0.0,0.0
2023-02-03 00:00:00-05:00,11.92440905228786,11.982943763453482,11.815701161926256,11.966219902038574,21400,0.0,0.0
2023-02-06 00:00:00-05:00,11.97458113363138,12.058202831035198,11.966219601871487,11.99966812133789,19600,0.0,0.0
2023-02-07 00:00:00-05:00,12.049842564574822,12.250533715728945,11.999670175524164,12.183636665344238,31900,0.0,0.0
2023-02-08 00:00:00-05:00,12.242171666160576,12.250533198999165,12.08329058009172,12.191998481750488,11500,0.0,0.0
2023-02-09 00:00:00-05:00,12.191997154912492,12.250531865790919,12.125100114629825,12.242170333862305,11600,0.0,0.0
2023-02-10 00:00:00-05:00,12.23380763559914,12.250531496427756,12.133462078200639,12.217082977294922,12300,0.0,0.0
2023-02-13 00:00:00-05:00,12.150188140151883,12.283982240921299,12.141826606960604,12.183636665344238,13400,0.0,0.0
2023-02-14 00:00:00-05:00,12.242170756442379,12.300705469341331,12.141825192554613,12.292343139648438,15000,0.0,0.0
2023-02-15 00:00:00-05:00,12.283979068610009,12.29234139711748,12.06656410974453,12.175271987915039,6300,0.0,0.0
2023-02-16 00:00:00-05:00,12.191996360611533,12.25053106767646,12.133461653546606,12.166910171508789,13000,0.0,0.0
2023-02-17 00:00:00-05:00,12.175273593597431,12.242170635528545,12.04984104186986,12.208722114562988,17200,0.0,0.0
2023-02-21 00:00:00-05:00,12.208723657345312,12.208723657345312,12.008031708715444,12.183636665344238,10700,0.0,0.0
2023-02-22 00:00:00-05:00,12.183634491250146,12.183634491250146,12.041478085180636,12.058202743530273,22800,0.0,0.0
2023-02-23 00:00:00-05:00,12.049840377781253,12.049840377781253,11.62337116086716,11.840786933898926,40100,0.0,0.0
2023-02-24 00:00:00-05:00,11.740442653091284,12.041479357922865,11.623372424696715,11.690269470214844,27600,0.0,0.0
2023-02-27 00:00:00-05:00,11.640096802006676,11.740442367845878,11.631734472151159,11.681907653808594,18500,0.0,0.0
2023-02-28 00:00:00-05:00,11.615009521015327,11.740441267186258,11.615009521015327,11.640095710754395,33300,0.0,0.0
2023-03-01 00:00:00-05:00,11.581560732351589,11.640095439537404,11.497939038535645,11.514663696289062,32700,0.0,0.0
2023-03-02 00:00:00-05:00,11.49794054788864,11.673545489973602,11.49794054788864,11.606648445129395,26800,0.0,0.0
2023-03-03 00:00:00-05:00,11.673544772684695,11.85751203344011,11.589923073029787,11.849149703979492,26800,0.0,0.0
2023-03-06 00:00:00-05:00,11.857512408795014,11.924409451646342,11.706993663641697,11.79897689819336,17200,0.0,0.0
2023-03-07 00:00:00-05:00,11.706993964264935,11.991306802421763,11.706993964264935,11.765528678894043,9900,0.0,0.0
2023-03-08 00:00:00-05:00,11.73207948395775,11.890960553806945,11.73207948395775,11.849149703979492,16400,0.0,0.0
2023-03-09 00:00:00-05:00,11.966219872595481,11.966219872595481,11.706993242759388,11.748804092407227,14300,0.0,0.0
2023-03-10 00:00:00-05:00,11.815701296008237,11.815701296008237,11.648458692583178,11.673544883728027,20100,0.0,0.0
2023-03-13 00:00:00-04:00,11.78225220292218,11.949494798222322,11.539750240368077,11.581561088562012,26800,0.0,0.0
2023-03-14 00:00:00-04:00,11.58156174780663,11.94949547841043,11.55647475897691,11.874236106872559,38300,0.0,0.0
2023-03-15 00:00:00-04:00,11.765528845791662,11.865874414068855,11.631734754755403,11.690269470214844,17600,0.0,0.0
2023-03-16 00:00:00-04:00,11.589923094726329,11.82406353520813,11.589923094726329,11.73207950592041,4200,0.0,0.0
2023-03-17 00:00:00-04:00,11.757166261552111,11.874235681999354,11.706993083163567,11.824063301086426,8200,0.0,0.0
2023-03-20 00:00:00-04:00,11.924409187603434,11.924409187603434,11.665182554187865,11.673544883728027,30600,0.0,0.0
2023-03-21 00:00:00-04:00,11.69863126167545,11.899322388990136,11.69863126167545,11.815701484680176,13300,0.0,0.0
2023-03-22 00:00:00-04:00,11.890960666918422,11.899322198982947,11.673544883728027,11.673544883728027,16100,0.0,0.0
2023-03-23 00:00:00-04:00,11.67354401533681,11.916045971632412,11.506301424352875,11.615009307861328,37000,0.0,0.0
2023-03-24 00:00:00-04:00,11.681906472402718,11.815700546657554,11.681906472402718,11.698630332946777,8900,0.0,0.0
2023-03-27 00:00:00-04:00,11.7320791867039,11.890960252527549,11.715355325682026,11.882597923278809,21900,0.0,0.0
2023-03-28 00:00:00-04:00,11.907683950028385,11.916046279162293,11.581561088562012,11.581561088562012,26400,0.0,0.0
2023-03-29 00:00:00-04:00,11.640096802006676,11.857512593396113,11.640096802006676,11.681907653808594,18600,0.0,0.0
2023-03-30 00:00:00-04:00,11.706993453648922,11.865873728202018,11.64009641199755,11.773890495300293,26200,0.0,0.0
2023-03-31 00:00:00-04:00,11.83242416381836,11.840786492656177,11.656819245602035,11.83242416381836,20500,0.0,0.0
2023-04-03 00:00:00-04:00,11.840787336447686,12.08328930769645,11.840787336447686,12.00802993774414,5100,0.0,0.0
2023-04-04 00:00:00-04:00,11.890960766092373,12.049841041302376,11.732079693406725,11.874236106872559,17800,0.0,0.0
2023-04-05 00:00:00-04:00,11.857512196102329,11.899322249027705,11.715355783224254,11.773890495300293,6000,0.0,0.0
2023-04-06 00:00:00-04:00,11.723718112799586,11.790615154450958,11.673544932823237,11.773890495300293,7400,0.0,0.0
2023-04-10 00:00:00-04:00,11.732078650819066,11.782251826544151,11.481214367144787,11.556473731994629,34400,0.0,0.0
2023-04-11 00:00:00-04:00,11.556473929682115,11.706992661956601,11.556473929682115,11.698630332946777,31400,0.0,0.0
2023-04-12 00:00:00-04:00,11.631734637577052,11.69863168242126,11.606648445129395,11.606648445129395,8700,0.0,0.0
2023-04-13 00:00:00-04:00,11.606647792697661,11.706993354323357,11.556474613146996,11.573199272155762,19600,0.0,0.0
2023-04-14 00:00:00-04:00,11.648457598182832,11.80733785714055,11.631732940673828,11.631732940673828,24000,0.0,0.0
2023-04-17 00:00:00-04:00,11.723717655507121,11.80733855557182,11.305610762756807,11.506301879882812,27400,0.0,0.0
2023-04-18 00:00:00-04:00,11.58156236935465,11.690269470214844,11.58156236935465,11.690269470214844,8400,0.0,0.0
2023-04-19 00:00:00-04:00,11.581561073603245,11.740441339564269,11.539750225463314,11.623371124267578,12700,0.0,0.0
2023-04-20 00:00:00-04:00,11.589922904968262,11.63173375418943,11.497939674662186,11.589922904968262,7200,0.0,0.0
2023-04-21 00:00:00-04:00,11.58992387819342,11.631734730925515,11.506302970204917,11.548113822937012,11100,0.0,0.0
2023-04-24 00:00:00-04:00,11.615011208166415,11.615011208166415,11.297249834570946,11.397595405578613,92200,0.0,0.0
2023-04-25 00:00:00-04:00,11.38086885450999,11.556473773972293,11.25543711095502,11.280523300170898,33300,0.0,0.0
2023-04-26 00:00:00-04:00,11.347420565592161,11.347420565592161,11.24707500922629,11.263799667358398,18800,0.0,0.0
2023-04-27 00:00:00-04:00,11.238712771352224,11.715355164802125,11.230351239693917,11.581561088562012,58800,0.0,0.0
2023-04-28 00:00:00-04:00,11.481215980080249,11.698631776306593,11.414318934699171,11.548113822937012,12300,0.0,0.0
2023-05-01 00:00:00-04:00,11.615009840492611,11.615009840492611,11.422680253934713,11.489577293395996,21600,0.0,0.0
2023-05-02 00:00:00-04:00,11.456129680253268,11.531389054971811,11.380870305534724,11.389232635498047,14800,0.0,0.0
2023-05-03 00:00:00-04:00,11.456128701863506,11.523025740905506,11.37250780179881,11.506301879882812,18300,0.0,0.0
2023-05-04 00:00:00-04:00,11.472853252774964,11.472853252774964,11.297248327567546,11.305610656738281,12600,0.0,0.0
2023-05-05 00:00:00-04:00,11.40595546862187,11.481214033811158,11.313971448709044,11.330696105957031,7200,0.0,0.0
2023-05-08 00:00:00-04:00,11.297250791114104,11.41432023513085,11.171818218627307,11.180180549621582,22300,0.0,0.0
2023-05-09 00:00:00-04:00,11.20526674512863,11.431044897119401,11.130008158607485,11.180180549621582,35400,0.0,0.0
2023-05-10 00:00:00-04:00,11.25543735489156,11.347420582327032,11.130005608618138,11.146729469299316,17600,0.0,0.0
2023-05-11 00:00:00-04:00,11.146730776412289,11.180179299172558,10.93767730979169,10.954401969909668,25200,0.0,0.0
2023-05-12 00:00:00-04:00,11.021297844497404,11.029659376192352,10.837330590123267,10.85405445098877,30000,0.0,0.0
2023-05-15 00:00:00-04:00,10.887503312008834,11.02129738323573,10.887503312008834,10.962761878967285,22800,0.0,0.0
2023-05-16 00:00:00-04:00,10.987849838473645,11.063108412096726,10.870779617045008,10.920952796936035,11900,0.0,0.0
2023-05-17 00:00:00-04:00,10.954400701848192,11.079832448310524,10.954400701848192,11.029659271240234,34700,0.0,0.0
2023-05-18 00:00:00-04:00,10.937676891359255,11.272162106165851,10.887504507876093,11.16345500946045,40900,0.0,0.0
2023-05-19 00:00:00-04:00,11.130005201977387,11.523025084595236,11.130005201977387,11.47285270690918,30600,0.0,0.0
2023-05-22 00:00:00-04:00,11.514664596771382,12.334153751361683,11.472853746593673,12.049840927124023,144100,0.0,0.0
2023-05-23 00:00:00-04:00,12.183635761412324,12.183635761412324,11.916047579726476,12.024755477905273,16000,0.0,0.0
2023-05-24 00:00:00-04:00,11.907684376966268,12.166911007082492,11.882598186140706,12.00802993774414,22200,0.0,0.0
2023-05-25 00:00:00-04:00,12.08328930769645,12.1334624868232,11.924409035833728,12.00802993774414,6900,0.0,0.0
2023-05-26 00:00:00-04:00,12.066566100378814,12.066566100378814,11.748804741953327,12.041479110717773,14900,0.0,0.0
2023-05-30 00:00:00-04:00,12.272388682252481,12.272388682252481,11.913196762682157,11.93030071258545,43500,0.32,0.0
2023-05-31 00:00:00-04:00,11.913196340665204,12.144104957580566,11.819121764929246,12.144104957580566,26600,0.0,0.0
2023-06-01 00:00:00-04:00,12.050031860613347,12.144105625926533,11.896092230464378,12.06713581085205,15100,0.0,0.0
2023-06-02 00:00:00-04:00,12.186865089097996,12.203969852640878,11.930299345154877,11.964508056640625,20300,0.0,0.0
2023-06-05 00:00:00-04:00,11.904642773270078,12.067133945621897,11.904642773270078,12.007268905639648,33400,0.0,0.0
2023-06-06 00:00:00-04:00,12.092792122269355,12.323700735903882,12.058583408560533,12.31514835357666,36300,0.0,0.0
2023-06-07 00:00:00-04:00,12.451984873705644,12.74275855227229,12.3408063426654,12.725654602050781,72600,0.0,0.0
2023-06-08 00:00:00-04:00,12.734206984961599,12.811175984358574,12.57171497205658,12.725654602050781,24400,0.0,0.0
2023-06-09 00:00:00-04:00,12.905249426528785,13.10194932252171,12.759862192273122,12.896697044372559,78400,0.0,0.0
2023-06-12 00:00:00-04:00,12.802623333361266,13.101949369502078,12.64013133421049,12.836832046508789,95000,0.0,0.0
2023-06-13 00:00:00-04:00,12.879592563974152,13.084844833650228,12.691444242304405,13.042083740234375,30800,0.0,0.0
2023-06-14 00:00:00-04:00,13.06774107384596,13.161815649707208,12.879593553323629,12.982219696044922,36400,0.0,0.0
2023-06-15 00:00:00-04:00,13.101948408898656,13.153261882657787,12.913800908181832,13.016427040100098,24000,0.0,0.0
2023-06-16 00:00:00-04:00,13.093398221226344,13.170367216567254,12.930906216884235,12.982219696044922,18400,0.0,0.0
2023-06-20 00:00:00-04:00,12.982220985657982,12.982220985657982,12.82828134848412,12.88814640045166,26300,0.0,0.0
2023-06-21 00:00:00-04:00,12.913803188316878,12.999324572215581,12.332254189165083,12.383566856384277,76100,0.0,0.0
2023-06-22 00:00:00-04:00,12.494744344083426,12.742757723159137,12.400670584985766,12.61447525024414,30700,0.0,0.0
2023-06-23 00:00:00-04:00,12.55460971627766,12.725653278706503,12.55460971627766,12.699996948242188,8200,0.0,0.0
2023-06-26 00:00:00-04:00,12.648684314662777,12.999323844909668,12.648684314662777,12.999323844909668,20300,0.0,0.0
2023-06-27 00:00:00-04:00,12.99932264681852,13.042083740234375,12.888144130177306,13.042083740234375,20800,0.0,0.0
2023-06-28 00:00:00-04:00,12.930906741026762,13.136159034789065,12.366462525380374,12.537506103515625,134100,0.0,0.0
2023-06-29 00:00:00-04:00,12.60592375591644,12.657237238057268,12.392119075596554,12.486193656921387,28500,0.0,0.0
2023-06-30 00:00:00-04:00,12.759862562049356,12.759862562049356,12.503296799127707,12.742757797241211,19300,0.0,0.0
2023-07-03 00:00:00-04:00,12.742757550647447,12.888144786302892,12.597370314992,12.785518646240234,12800,0.0,0.0
2023-07-05 00:00:00-04:00,12.682892429544909,12.91380185499073,12.682892429544909,12.836832046508789,19100,0.0,0.0
2023-07-06 00:00:00-04:00,12.845384550964114,12.90524959564209,12.785518690686077,12.90524959564209,22400,0.0,0.0
2023-07-07 00:00:00-04:00,12.751309687771814,12.9052493027067,12.751309687771814,12.828279495239258,34700,0.0,0.0
2023-07-10 00:00:00-04:00,12.811175019572085,13.153262969841606,12.751309974904945,13.084845542907715,86900,0.0,0.0
2023-07-11 00:00:00-04:00,12.982219816064845,13.213128435422473,12.845384957838089,13.050637245178223,86800,0.0,0.0
2023-07-12 00:00:00-04:00,13.25588906304321,13.25588906304321,13.059189165208661,13.144710540771484,21000,0.0,0.0
2023-07-13 00:00:00-04:00,13.059189286225164,13.230232854535894,13.050636903909611,13.213128089904785,17200,0.0,0.0
2023-07-14 00:00:00-04:00,13.213128258749476,13.238784590423919,13.084845784777182,13.221680641174316,15000,0.0,0.0
2023-07-17 00:00:00-04:00,13.170367114716445,13.281545639038086,13.084845737576773,13.281545639038086,23900,0.0,0.0
2023-07-18 00:00:00-04:00,13.298650372965227,13.409828897028868,13.221680562798086,13.272994041442871,36300,0.0,0.0
2023-07-19 00:00:00-04:00,13.341411669723515,13.452589379857802,13.230233143989143,13.290098190307617,20100,0.0,0.0
2023-07-20 00:00:00-04:00,13.41838100580096,13.41838100580096,13.230233479570556,13.30720329284668,24000,0.0,0.0
2023-07-21 00:00:00-04:00,13.264441367328251,13.392723837718638,13.196023941040039,13.196023941040039,14800,0.0,0.0
2023-07-24 00:00:00-04:00,13.196024794493995,13.38417232115501,13.084846265685155,13.315754890441895,24500,0.0,0.0
2023-07-25 00:00:00-04:00,13.375619341943251,13.495349425251169,13.084844884309698,13.16181468963623,25600,0.0,0.0
2023-07-26 00:00:00-04:00,13.144710709694808,13.290097947180051,13.110501995910049,13.153263092041016,32600,0.0,0.0
2023-07-27 00:00:00-04:00,13.238784669513057,13.392724291679516,13.101949812298466,13.170367240905762,15800,0.0,0.0
2023-07-28 00:00:00-04:00,13.16181459492132,13.16181459492132,13.05063607864973,13.101948738098145,17100,0.0,0.0
2023-07-31 00:00:00-04:00,13.127606713549456,13.255889185882484,13.076293235256204,13.213128089904785,26400,0.0,0.0
2023-08-01 00:00:00-04:00,13.28154576629264,13.375620342327734,13.15326329155398,13.170367240905762,23100,0.0,0.0
2023-08-02 00:00:00-04:00,13.12760729578097,13.375620684731356,13.119054913086105,13.187472343444824,9600,0.0,0.0
2023-08-03 00:00:00-04:00,13.119054331233903,13.221680472220338,13.084845617571757,13.213128089904785,12900,0.0,0.0
2023-08-04 00:00:00-04:00,13.136157914545276,13.452588711010488,13.136157914545276,13.367067337036133,18500,0.0,0.0
2023-08-07 00:00:00-04:00,13.315754274619362,13.512454990522704,13.298650325532156,13.33285903930664,38800,0.0,0.0
2023-08-08 00:00:00-04:00,13.298650156931537,13.461141341400255,13.221680348014752,13.32430648803711,13300,0.0,0.0
2023-08-09 00:00:00-04:00,13.27299382751581,13.435485012005216,13.04208440073606,13.144710540771484,66700,0.0,0.0
2023-08-10 00:00:00-04:00,13.27299395745403,13.27299395745403,12.794071150333496,12.853936195373535,61100,0.0,0.0
2023-08-11 00:00:00-04:00,12.811174854010384,12.913801808685013,12.811174854010384,12.896697044372559,8900,0.0,0.0
2023-08-14 00:00:00-04:00,12.811174361332288,12.990770301706107,12.708548226204396,12.80262279510498,36700,0.0,0.0
2023-08-15 00:00:00-04:00,12.930904855701545,13.042083369179666,12.794070013143855,13.016427040100098,21200,0.0,0.0
2023-08-16 00:00:00-04:00,13.016427822870778,13.016427822870778,12.759862069845985,12.828279495239258,16800,0.0,0.0
2023-08-17 00:00:00-04:00,12.828279919810026,12.905249729824897,12.280939682948771,12.434879302978516,159700,0.0,0.0
2023-08-18 00:00:00-04:00,12.31514904413974,12.623028300383309,12.31514904413974,12.537506103515625,29400,0.0,0.0
2023-08-21 00:00:00-04:00,12.614475587617033,12.657236684932364,12.554610540735627,12.631580352783203,23000,0.0,0.0
2023-08-22 00:00:00-04:00,12.631580062660099,12.631580062660099,12.554610252380371,12.554610252380371,32700,0.0,0.0
2023-08-23 00:00:00-04:00,12.614475538896674,12.742758014747112,12.614475538896674,12.691445350646973,39600,0.0,0.0
2023-08-24 00:00:00-04:00,12.828279741833024,12.905249550780033,12.657236175061929,12.785518646240234,49000,0.0,0.0
2023-08-25 00:00:00-04:00,12.960665091268286,13.092022847655743,12.750492346987455,12.768006324768066,36400,0.35,0.0
2023-08-28 00:00:00-04:00,12.951905302981716,12.951905302981716,12.741732597351074,12.741732597351074,27600,0.0,0.0
2023-08-29 00:00:00-04:00,12.785520513180611,12.95190705215424,12.73297691210082,12.890606880187988,40100,0.0,0.0
2023-08-30 00:00:00-04:00,12.838063953418102,13.170837883996272,12.838063953418102,13.092022895812988,22600,0.0,0.0
2023-08-31 00:00:00-04:00,13.02196392938553,13.170836483422494,13.02196392938553,13.065750122070312,19900,0.0,0.0
2023-09-01 00:00:00-04:00,13.118291786967323,13.223378974674251,13.00444886473032,13.109535217285156,24900,0.0,0.0
2023-09-05 00:00:00-04:00,13.188351225509633,13.302194156681017,13.048235242621473,13.275922775268555,33800,0.0,0.0
2023-09-06 00:00:00-04:00,13.319708124521997,13.354736909238506,13.188350390623116,13.3372220993042,58600,0.0,0.0
2023-09-07 00:00:00-04:00,13.345978763561497,13.512366108094394,13.319707385270219,13.503608703613281,19900,0.0,0.0
2023-09-08 00:00:00-04:00,13.608696751888537,13.818869474777031,13.407281434575104,13.599939346313477,86700,0.0,0.0
2023-09-11 00:00:00-04:00,13.617452236823585,14.099098618541213,13.512365890200982,13.967740058898926,208200,0.0,0.0
2023-09-12 00:00:00-04:00,14.029042816594021,14.081585578930245,13.652482734191773,13.853898048400879,55900,0.0,0.0
2023-09-13 00:00:00-04:00,13.836383951553193,13.92395549973104,13.529881445050377,13.634967803955078,61200,0.0,0.0
2023-09-14 00:00:00-04:00,13.705025183734143,13.80135497107224,13.310951134597941,13.407280921936035,68900,0.0,0.0
2023-09-15 00:00:00-04:00,13.451065090412179,13.626209839146675,13.363493551196989,13.608695030212402,18900,0.0,0.0
2023-09-18 00:00:00-04:00,13.70502512168354,13.766326122935364,13.407280861233493,13.617453575134277,44200,0.0,0.0
2023-09-19 00:00:00-04:00,13.50361039044429,13.827626880352094,13.50361039044429,13.599939346313477,63300,0.0,0.0
2023-09-20 00:00:00-04:00,13.731297646116218,14.01152793761993,13.66124007324029,13.845141410827637,80200,0.0,0.0
2023-09-21 00:00:00-04:00,13.818869337762786,13.958984484965873,13.748811764161243,13.801355361938477,40200,0.0,0.0
2023-09-22 00:00:00-04:00,13.845141224859976,13.967741558170012,13.783840223052824,13.836383819580078,51800,0.0,0.0
2023-09-25 00:00:00-04:00,13.836383800937018,14.099100112915039,13.766326229096498,14.099100112915039,49600,0.0,0.0
2023-09-26 00:00:00-04:00,14.020285154697266,14.029042559977164,13.80135503361262,13.836383819580078,43700,0.0,0.0
2023-09-27 00:00:00-04:00,13.818868934485433,13.958984077599528,13.740053957695725,13.88892650604248,44500,0.0,0.0
2023-09-28 00:00:00-04:00,13.836384072672853,13.853898048400879,13.705025496527997,13.853898048400879,31900,0.0,0.0
2023-09-29 00:00:00-04:00,13.83638593033578,14.099102282745449,13.66124197378009,13.958986282348633,304400,0.0,0.0
2023-10-02 00:00:00-04:00,14.011526874948187,14.13412720060665,13.775081958060436,14.002769470214844,69600,0.0,0.0
2023-10-03 00:00:00-04:00,13.958984998227164,14.116615797354832,13.915199639480361,13.994013786315918,28100,0.0,0.0
2023-10-04 00:00:00-04:00,13.950228088967414,13.950228088967414,13.354737870760234,13.494853019714355,71700,0.0,0.0
2023-10-05 00:00:00-04:00,13.60869726939864,13.783841211799407,13.521124880622159,13.731298446655273,48200,0.0,0.0
2023-10-06 00:00:00-04:00,13.713782253965947,14.029042153695258,13.643724684059903,13.923954963684082,33600,0.0,0.0
2023-10-09 00:00:00-04:00,13.923955664319335,13.967741856501904,13.845141520573293,13.906441688537598,9100,0.0,0.0
2023-10-10 00:00:00-04:00,13.845140711216214,13.950227065219968,13.775082306728274,13.862654685974121,21800,0.0,0.0
2023-10-11 00:00:00-04:00,13.941470475253224,13.994013237750584,13.740054325274265,13.906441688537598,31100,0.0,0.0
2023-10-12 00:00:00-04:00,13.941469945132296,13.985256135649907,13.766326018213976,13.7750825881958,30300,0.0,0.0
2023-10-13 00:00:00-04:00,13.85389735421387,13.950227138923665,13.775082379506625,13.810111999511719,42100,0.0,0.0
2023-10-16 00:00:00-04:00,13.7400542163616,13.967741745784437,13.7400542163616,13.845141410827637,29500,0.0,0.0
2023-10-17 00:00:00-04:00,13.845142034128614,13.923956180798095,13.79259843453011,13.880170822143555,30200,0.0,0.0
2023-10-18 00:00:00-04:00,13.84514199705807,14.072828700969465,13.836384591289738,13.985257148742676,54600,0.0,0.0
2023-10-19 00:00:00-04:00,14.011527287613058,14.142885021873587,13.99401247763053,14.134127616882324,28000,0.0,0.0
2023-10-20 00:00:00-04:00,14.125370733676917,14.125370733676917,13.836383874659107,14.046557426452637,64000,0.0,0.0
2023-10-23 00:00:00-04:00,14.01152773053832,14.142885468951263,13.950227563965898,14.099100112915039,32100,0.0,0.0
2023-10-24 00:00:00-04:00,14.134126733103582,14.265486129454683,14.011526411500268,14.081583976745605,81500,0.0,0.0
2023-10-25 00:00:00-04:00,14.169158564675643,14.2567309524907,14.055313959424756,14.151643753051758,45300,0.0,0.0
2023-10-26 00:00:00-04:00,14.186671951550165,14.256729520705546,14.116614382394786,14.230457305908203,26700,0.0,0.0
2023-10-27 00:00:00-04:00,14.230458840959441,14.247973652713673,14.046558328453147,14.055314064025879,28000,0.0,0.0
2023-10-30 00:00:00-04:00,14.081585101759808,14.204185433157978,13.836383603811347,13.93271255493164,40300,0.0,0.0
2023-10-31 00:00:00-04:00,14.029043516698913,14.186673481878243,13.96774251071129,14.055314064025879,20000,0.0,0.0
2023-11-01 00:00:00-04:00,14.18667257088023,14.291758094048788,14.0115278051936,14.046557426452637,54200,0.0,0.0
2023-11-02 00:00:00-04:00,14.134128941427871,14.335545934493815,14.134128941427871,14.151643753051758,55700,0.0,0.0
2023-11-03 00:00:00-04:00,14.330890893012965,14.330890893012965,13.918620070509691,13.999281883239746,48500,0.37,0.0
2023-11-06 00:00:00-05:00,14.106830688951002,14.115793302530303,13.963432290569685,14.053056716918945,27300,0.0,0.0
2023-11-07 00:00:00-05:00,13.999281975595073,14.205417815567555,13.81107136289058,13.945508003234863,50300,0.0,0.0
2023-11-08 00:00:00-05:00,13.93654626401287,14.070982058070095,13.93654626401287,14.008245468139648,28700,0.0,0.0
2023-11-09 00:00:00-05:00,14.097869059876182,14.106831674081374,13.927583663587201,13.963433265686035,22100,0.0,0.0
2023-11-10 00:00:00-05:00,14.044093973549387,14.187492370605469,13.936545175757326,14.187492370605469,20100,0.0,0.0
2023-11-13 00:00:00-05:00,14.223341886183368,14.33985329678638,14.079943489971,14.29504108428955,34400,0.0,0.0
2023-11-14 00:00:00-05:00,14.474290979260877,14.474290979260877,14.321929949607858,14.43844223022461,32700,0.0,0.0
2023-11-15 00:00:00-05:00,14.375702446218664,15.003069945364246,14.375702446218664,14.940333366394043,89200,0.0,0.0
2023-11-16 00:00:00-05:00,14.87759780883789,14.94033439211524,14.59080102274504,14.87759780883789,49500,0.0,0.0
2023-11-17 00:00:00-05:00,15.020996937224286,15.209206696269982,14.94033512350648,15.065808296203613,115600,0.0,0.0
2023-11-20 00:00:00-05:00,15.065808195316544,15.415343288900983,14.949297637084237,15.316756248474121,119400,0.0,0.0
2023-11-21 00:00:00-05:00,15.32572081996036,15.388457413903417,15.092697964283303,15.343646049499512,47400,0.0,0.0
2023-11-22 00:00:00-05:00,15.289869325534589,15.397418986042846,15.23609535000239,15.298831939697266,23300,0.0,0.0
2023-11-24 00:00:00-05:00,15.25401981255861,15.316756399104037,15.14647015744947,15.191283226013184,12100,0.0,0.0
2023-11-27 00:00:00-05:00,15.218171270980884,15.227133885820432,14.922411819051714,14.97618579864502,37100,0.0,0.0
2023-11-28 00:00:00-05:00,14.976186650764154,15.31675919626906,14.976186650764154,15.254022598266602,50600,0.0,0.0
2023-11-29 00:00:00-05:00,15.325718844477128,15.325718844477128,15.182320445535897,15.307793617248535,27100,0.0,0.0
2023-11-30 00:00:00-05:00,15.236095289137934,15.513929489295581,15.236095289137934,15.37053108215332,29500,0.0,0.0
2023-12-01 00:00:00-05:00,15.531853622650722,15.85450087069812,15.406380452607282,15.504965782165527,55300,0.0,0.0
2023-12-04 00:00:00-05:00,15.504965761684229,15.657326772011603,15.361567364840083,15.594590187072754,29200,0.0,0.0
2023-12-05 00:00:00-05:00,15.567704144371909,15.711102542029458,15.478079718475005,15.639403343200684,33400,0.0,0.0
2023-12-06 00:00:00-05:00,15.66628923678539,15.863463312657252,15.612515265840209,15.818650245666504,36700,0.0,0.0
2023-12-07 00:00:00-05:00,15.79176513584395,15.926200926619956,15.684215477556847,15.854501724243164,32000,0.0,0.0
2023-12-08 00:00:00-05:00,15.854501512616794,16.08752434459193,15.782802311197045,16.051673889160156,37900,0.0,0.0
2023-12-11 00:00:00-05:00,16.078561424689216,16.481868783957193,16.006862224634215,16.401206970214844,55400,0.0,0.0
2023-12-12 00:00:00-05:00,16.239886603844457,16.284697967119005,15.77384090423584,15.77384090423584,66500,0.0,0.0
2023-12-13 00:00:00-05:00,15.881387380053178,15.881387380053178,14.716274949040121,14.985146522521973,118900,0.0,0.0
2023-12-14 00:00:00-05:00,15.119582042040866,15.442227546149118,15.110619429504032,15.245055198669434,55900,0.0,0.0
2023-12-15 00:00:00-05:00,15.280905611093964,15.549778888282871,15.280905611093964,15.424304008483887,37100,0.0,0.0
2023-12-18 00:00:00-05:00,15.69317707697984,15.899312056806135,15.558741294895025,15.818650245666504,40900,0.0,0.0
2023-12-19 00:00:00-05:00,15.87242598656732,16.033749626836,15.845539852818476,15.95308780670166,43000,0.0,0.0
2023-12-20 00:00:00-05:00,15.818648479739025,16.015822533599202,15.764874514796942,15.791762351989746,22700,0.0,0.0
2023-12-21 00:00:00-05:00,15.917238235473633,16.015825279305197,15.791765059283513,15.917238235473633,26400,0.0,0.0
2023-12-22 00:00:00-05:00,15.97101127253657,16.015824339577794,15.791764132702827,15.82761287689209,34100,0.0,0.0
2023-12-26 00:00:00-05:00,15.908275434596552,16.078561678456214,15.81865100575232,16.0247859954834,25100,0.0,0.0
2023-12-27 00:00:00-05:00,16.114410255917864,16.53564455425035,15.95308662757298,16.446020126342773,49900,0.0,0.0
2023-12-28 00:00:00-05:00,16.44602033075064,16.647363941586768,16.144006660088856,16.592451095581055,41200,0.38,0.0
2023-12-29 00:00:00-05:00,16.63821182795422,17.031745163680444,16.63821182795422,16.86701011657715,46500,0.0,0.0
2024-01-02 00:00:00-05:00,16.7205773935154,16.748032067756046,16.22637231007725,16.24467658996582,48100,0.0,0.0
2024-01-03 00:00:00-05:00,16.198918272263786,16.198918272263786,15.48506703889345,15.61319351196289,75300,0.0,0.0
2024-01-04 00:00:00-05:00,15.622346075699262,15.906055450439455,15.622346075699262,15.906055450439453,33100,0.0,0.0
2024-01-05 00:00:00-05:00,15.942664588334567,16.38195687713552,15.933512447452166,16.19891929626465,54000,0.0,0.0
2024-01-08 00:00:00-05:00,16.354502105656888,16.464324304426867,16.21722173880585,16.372804641723633,41000,0.0,0.0
2024-01-09 00:00:00-05:00,16.308740261458507,16.40941205795391,16.02503089794412,16.18976593017578,27000,0.0,0.0
2024-01-10 00:00:00-05:00,16.317892678756696,16.427716617306906,16.034183310424392,16.13485336303711,26300,0.0,0.0
2024-01-11 00:00:00-05:00,16.04333461362062,16.317891827281187,16.04333461362062,16.272132873535156,14400,0.0,0.0
2024-01-12 00:00:00-05:00,16.336197443010928,16.46432392045191,16.244677782442082,16.354501724243164,17100,0.0,0.0
2024-01-16 00:00:00-05:00,16.217220713540147,16.3636514663709,16.217220713540147,16.262981414794922,44200,0.0,0.0
2024-01-17 00:00:00-05:00,16.171461648833947,16.693121420475,16.171461648833947,16.537538528442383,56200,0.0,0.0
2024-01-18 00:00:00-05:00,16.63821172681645,16.793794631958008,16.601603162974957,16.793794631958008,54700,0.0,0.0
2024-01-19 00:00:00-05:00,16.94022301291508,17.10495803584137,16.857855501451933,16.94937515258789,118500,0.0,0.0
2024-01-22 00:00:00-05:00,17.15987219541032,17.233087580287037,16.976832860422288,17.132415771484375,81400,0.0,0.0
2024-01-23 00:00:00-05:00,17.11411237869997,17.608315765507978,16.99513629322919,17.269695281982422,66900,0.0,0.0
2024-01-24 00:00:00-05:00,17.46188318675606,17.46188318675606,17.20562850635952,17.34290885925293,80400,0.0,0.0
2024-01-25 00:00:00-05:00,17.306303065489782,17.443581694730387,17.159872294887474,17.205631256103516,40100,0.0,0.0
2024-01-26 00:00:00-05:00,17.20562946500738,17.26969444787018,16.748032918112585,16.931072235107422,60000,0.0,0.0
2024-01-29 00:00:00-05:00,16.72057872808564,16.83955306567299,16.381956505488443,16.427717208862305,60200,0.0,0.0
2024-01-30 00:00:00-05:00,16.52838655934739,16.555842980199333,15.887752449799137,16.06163787841797,62300,0.0,0.0
2024-01-31 00:00:00-05:00,16.06163736546622,16.57414673144781,15.887751942400671,16.418563842773438,61700,0.0,0.0
2024-02-01 00:00:00-05:00,16.418563874960263,16.69312109288047,16.372803174912082,16.665664672851562,24000,0.0,0.0
2024-02-02 00:00:00-05:00,16.784642388076254,16.848705628813644,16.674818442817596,16.720579147338867,17900,0.0,0.0
2024-02-05 00:00:00-05:00,16.857857294025383,16.885313715963385,16.72057867552006,16.876161575317383,29500,0.0,0.0
2024-02-06 00:00:00-05:00,16.921921856260603,17.29715092412808,16.757186802934886,17.205631256103516,39800,0.0,0.0
2024-02-07 00:00:00-05:00,17.20562796507148,17.51679372948081,17.050045082866813,17.324604034423828,36200,0.0,0.0
2024-02-08 00:00:00-05:00,17.388668782002217,17.46188415968169,16.848704717018975,16.931072235107422,37300,0.0,0.0
2024-02-09 00:00:00-05:00,17.095807854442345,17.095807854442345,16.793794193013433,16.848705291748047,25600,0.0,0.0
2024-02-12 00:00:00-05:00,16.97683086564585,17.123261618193688,16.638210404976085,16.71142578125,34000,0.0,0.0
2024-02-13 00:00:00-05:00,16.711424325147686,16.72972860401934,16.491778215464173,16.55584144592285,18300,0.0,0.0
2024-02-14 00:00:00-05:00,16.784642461570236,16.921921084550362,16.519235610961914,16.519235610961914,35200,0.0,0.0
2024-02-15 00:00:00-05:00,16.51923571316585,16.757186142413374,16.4917810357554,16.592451095581055,46000,0.0,0.0
2024-02-16 00:00:00-05:00,16.70227479809058,16.867009842517216,16.53753975366395,16.54669189453125,22800,0.0,0.0
2024-02-20 00:00:00-05:00,16.647364244274144,16.647364244274144,16.391109528365412,16.56499671936035,39000,0.0,0.0
2024-02-21 00:00:00-05:00,16.436866811028615,16.885312954497653,16.436866811028615,16.71142578125,30900,0.0,0.0
2024-02-22 00:00:00-05:00,16.674816895850295,16.83955192565918,16.48262719146808,16.83955192565918,27400,0.0,0.0
2024-02-23 00:00:00-05:00,17.022592349385967,17.242238488305432,16.91276840713006,17.123262405395508,60200,0.0,0.0
2024-02-26 00:00:00-05:00,17.17817657761088,17.434429553368684,17.095809050948024,17.205631256103516,40600,0.0,0.0
2024-02-27 00:00:00-05:00,17.050046676466902,17.233085994612868,17.004287719726562,17.004287719726562,23800,0.0,0.0
2024-02-28 00:00:00-05:00,17.150718337213355,17.242237995545715,16.94937648535601,17.0317440032959,55000,0.0,0.0
2024-02-29 00:00:00-05:00,17.03174543010203,17.397822348506647,17.03174543010203,17.187328338623047,14500,0.0,0.0
2024-03-01 00:00:00-05:00,17.278843879959645,17.480187466554142,17.21478064625856,17.34290885925293,41600,0.0,0.0
2024-03-04 00:00:00-05:00,17.20562857362545,17.34290892705556,16.601601302664893,16.6931209564209,82400,0.0,0.0
2024-03-05 00:00:00-05:00,16.693122928457846,16.96768192216081,16.693122928457846,16.86701011657715,32400,0.0,0.0
2024-03-06 00:00:00-05:00,16.80294418334961,17.08665352702802,16.7480313460502,16.80294418334961,46300,0.0,0.0
2024-03-07 00:00:00-05:00,17.07750309786649,17.07750309786649,16.839552682513652,17.004287719726562,21800,0.0,0.0
2024-03-08 00:00:00-05:00,17.031742365884128,17.132412409338357,16.876159485354368,16.976829528808594,22300,0.0,0.0
2024-03-11 00:00:00-04:00,16.96767943193351,16.976829826014168,16.839551222106312,16.94937515258789,25300,0.0,0.0
2024-03-12 00:00:00-04:00,16.86700867403111,16.93107191007175,16.665665080083638,16.71142578125,33100,0.0,0.0
2024-03-13 00:00:00-04:00,16.949376515925366,17.01343975319587,16.839552576610004,16.931072235107422,30700,0.0,0.0
2024-03-14 00:00:00-04:00,16.91276809202159,16.98598347029731,16.848704854229375,16.903615951538086,11200,0.0,0.0
2024-03-15 00:00:00-04:00,17.004287474757877,17.077502851843043,16.90361567666867,16.958528518676758,15300,0.0,0.0
2024-03-18 00:00:00-04:00,16.958527404664885,17.150717102291324,16.775488101179754,17.02259063720703,48700,0.0,0.0
2024-03-19 00:00:00-04:00,17.104959380843326,17.187326898783216,16.940224344963543,17.0317440032959,13400,0.0,0.0
2024-03-20 00:00:00-04:00,17.104958285723665,17.123260819744512,16.921918980777775,16.995134353637695,26600,0.0,0.0
2024-03-21 00:00:00-04:00,17.022591346061116,17.050046020812637,16.848704175068455,16.91276741027832,20500,0.0,0.0
2024-03-22 00:00:00-04:00,16.931073082995933,16.931073082995933,16.54669189453125,16.54669189453125,31100,0.0,0.0
2024-03-25 00:00:00-04:00,16.564995525584283,16.812098082517917,16.40026048762853,16.455171585083008,42500,0.0,0.0
2024-03-26 00:00:00-04:00,16.4826269659191,16.601601293824007,16.253828704447027,16.345348358154297,58900,0.0,0.0
2024-03-27 00:00:00-04:00,16.345349616809322,16.583300036534443,16.24467781541999,16.253829956054688,47900,0.0,0.0
2024-03-28 00:00:00-04:00,16.327045279453596,16.327045279453596,15.668106866349993,15.732170104980469,137000,0.0,0.0
2024-04-01 00:00:00-04:00,15.759624814322244,16.134853851882845,15.613194055547002,15.631498336791992,57600,0.0,0.0
2024-04-02 00:00:00-04:00,15.558282353698475,16.21722074261837,15.558282353698475,16.162309646606445,58300,0.0,0.0
2024-04-03 00:00:00-04:00,16.19891727663544,16.36365055520309,16.061636926107482,16.125701904296875,24700,0.0,0.0
2024-04-04 00:00:00-04:00,16.134855519079732,16.22637518916897,15.924361499789248,15.933513641357422,16300,0.0,0.0
2024-04-05 00:00:00-04:00,15.796232688147049,16.025030956957536,15.576586559560052,15.640649795532227,39100,0.0,0.0
2024-04-08 00:00:00-04:00,15.640650477414486,15.84199233433236,15.613194055547002,15.631498336791992,44400,0.0,0.0
2024-04-09 00:00:00-04:00,15.658955001904834,15.787081481425396,15.549131058321235,15.677257537841797,42400,0.0,0.0
2024-04-10 00:00:00-04:00,15.558282655739786,15.723017692565918,15.558282655739786,15.723017692565918,23600,0.0,0.0
2024-04-11 00:00:00-04:00,15.723015876997186,15.878598755412805,15.64980050748349,15.83283805847168,13100,0.0,0.0
2024-04-12 00:00:00-04:00,15.851143888663211,16.07994215898593,15.704713135304054,16.06163787841797,22800,0.0,0.0
2024-04-15 00:00:00-04:00,16.144005259267118,16.144005259267118,15.723017283307069,15.741321563720703,39000,0.0,0.0
2024-04-16 00:00:00-04:00,15.613193722116963,16.079942410342447,15.613193722116963,15.823689460754395,19200,0.0,0.0
2024-04-17 00:00:00-04:00,15.924361260437582,15.94266554329881,15.658956141319742,15.887754440307617,22100,0.0,0.0
2024-04-18 00:00:00-04:00,15.915206204644274,16.098245508553756,15.851142971953607,16.0250301361084,15900,0.0,0.0
2024-04-19 00:00:00-04:00,16.098245756845753,16.098245756845753,15.896903915913654,16.070789337158203,27000,0.0,0.0
2024-04-22 00:00:00-04:00,15.906052831358613,16.116548538208008,15.906052831358613,16.116548538208008,31600,0.0,0.0
2024-04-23 00:00:00-04:00,16.18061389812859,16.31789251070839,16.043335285548793,16.262981414794922,20900,0.0,0.0
2024-04-24 00:00:00-04:00,16.36364966420238,16.36364966420238,16.2172189274984,16.33619499206543,26100,0.0,0.0
2024-04-25 00:00:00-04:00,16.317893636551094,16.3453500591983,16.116551773915422,16.19891929626465,24300,0.0,0.0
2024-04-26 00:00:00-04:00,16.10740094720468,16.32704710952566,16.10740094720468,16.281288146972656,18000,0.0,0.0
2024-04-29 00:00:00-04:00,16.354502310741204,16.564996315683555,16.15315870115078,16.519235610961914,21100,0.0,0.0
2024-04-30 00:00:00-04:00,16.50093317675635,16.629059659584865,16.48262889475445,16.592451095581055,14300,0.0,0.0
2024-05-01 00:00:00-04:00,16.720579729392654,16.720579729392654,16.47347715315317,16.638212203979492,36100,0.0,0.0
2024-05-02 00:00:00-04:00,16.674819321293587,16.89446547779009,16.574149257227994,16.857858657836914,32100,0.0,0.0
2024-05-03 00:00:00-04:00,16.867010280941024,17.20563077387096,16.812099179902305,17.114112854003906,24200,0.0,0.0
2024-05-06 00:00:00-04:00,17.1598713407525,17.17817562245814,16.89446449279785,16.89446449279785,28600,0.0,0.0
2024-05-07 00:00:00-04:00,16.89446186487873,17.159868671549575,16.83955077389556,17.104957580566406,17900,0.0,0.0
2024-05-08 00:00:00-04:00,17.01344043855131,17.09580795995778,16.89446435403424,16.921920776367188,24400,0.0,0.0
2024-05-09 00:00:00-04:00,17.06835051974846,17.132413755779204,16.921919767223258,17.0591983795166,20000,0.0,0.0
2024-05-10 00:00:00-04:00,17.114111734580604,17.17817497253418,16.93107241563412,17.17817497253418,18500,0.0,0.0
2024-05-13 00:00:00-04:00,17.095806940444035,17.205629132041807,17.0591983795166,17.0591983795166,16000,0.0,0.0
2024-05-14 00:00:00-04:00,17.0683508500574,17.187326929781733,16.931072235107422,16.931072235107422,23700,0.0,0.0
2024-05-15 00:00:00-04:00,16.921919605289954,16.921919605289954,16.34534874093846,16.363651275634766,40900,0.0,0.0
2024-05-16 00:00:00-04:00,16.198918345453563,16.391108055926075,16.034183310424392,16.13485336303711,44900,0.0,0.0
2024-05-17 00:00:00-04:00,16.09824548507285,16.336195881571236,16.09824548507285,16.125701904296875,26900,0.0,0.0
2024-05-20 00:00:00-04:00,16.153156800847967,16.327043967148832,16.134852521112677,16.272132873535156,21300,0.0,0.0
2024-05-21 00:00:00-04:00,16.3361979183159,16.3361979183159,16.14400645097024,16.19891929626465,32800,0.0,0.0
2024-05-22 00:00:00-04:00,16.363652119266945,16.400260681731417,16.26298206367432,16.354501724243164,21700,0.0,0.0
2024-05-23 00:00:00-04:00,16.455172231450632,16.619907275877267,16.381956850104615,16.54669189453125,20600,0.0,0.0
2024-05-24 00:00:00-04:00,16.528386307047263,16.56499486762437,16.317892320505624,16.363651275634766,41300,0.0,0.0
2024-05-28 00:00:00-04:00,16.327044680234486,16.372803635979047,16.079942129792425,16.162309646606445,41100,0.0,0.0
2024-05-29 00:00:00-04:00,16.162308285094134,16.327043304844903,16.07994077521875,16.180612564086914,24100,0.0,0.0
2024-05-30 00:00:00-04:00,16.153157150542356,16.29043576034454,15.979269980477065,16.0433349609375,32200,0.0,0.0
2024-05-31 00:00:00-04:00,16.005894526617706,16.30541974589528,16.005894526617706,16.22117805480957,24800,0.39,0.0
2024-06-03 00:00:00-04:00,16.099493835114988,16.324137710938025,15.996531389204538,16.211814880371094,53300,0.0,0.0
2024-06-04 00:00:00-04:00,16.32414098742434,16.361580748254124,16.19309736124214,16.26797866821289,10000,0.0,0.0
2024-06-05 00:00:00-04:00,16.239900340192918,16.5113444259583,16.23053995305462,16.361581802368164,31100,0.0,0.0
2024-06-06 00:00:00-04:00,16.445821039107553,16.445821039107553,16.024614392813195,16.108854293823242,45400,0.0,0.0
2024-06-07 00:00:00-04:00,16.108853967107265,16.108853967107265,15.940372383193242,16.043333053588867,27200,0.0,0.0
2024-06-10 00:00:00-04:00,16.043336026696263,16.31478190193151,15.987175488317405,16.239900588989258,29500,0.0,0.0
2024-06-11 00:00:00-04:00,16.314779895108654,16.464542502571398,16.18373805990653,16.342859268188477,19800,0.0,0.0
2024-06-12 00:00:00-04:00,16.47390245042083,16.58622351037408,16.38966076280036,16.39902114868164,24100,0.0,0.0
2024-06-13 00:00:00-04:00,16.642386990125026,17.316318752932535,16.55814529661019,17.194637298583984,91100,0.0,0.0
2024-06-14 00:00:00-04:00,17.409919850837206,17.550322070337693,17.16655517055786,17.288236618041992,88000,0.0,0.0
2024-06-17 00:00:00-04:00,17.28823721083716,17.28823721083716,16.764068073583644,16.92319107055664,44100,0.0,0.0
2024-06-18 00:00:00-04:00,17.026153242084852,17.08231377378278,16.75470739914116,16.96063232421875,18000,0.0,0.0
2024-06-20 00:00:00-04:00,17.054231537221174,17.28823582069995,16.960631252078464,17.175914764404297,24000,0.0,0.0
2024-06-21 00:00:00-04:00,17.1759141699148,17.1759141699148,16.96063066504032,17.129112243652344,14300,0.0,0.0
2024-06-24 00:00:00-04:00,17.035513337065552,17.288236618041992,17.0167925650492,17.288236618041992,17400,0.0,0.0
2024-06-25 00:00:00-04:00,17.17591575887666,17.288236821675614,16.960632234086077,17.0635929107666,19400,0.0,0.0
2024-06-26 00:00:00-04:00,16.98871233826473,17.119755964251304,16.941912190969568,17.0916748046875,14900,0.0,0.0
2024-06-27 00:00:00-04:00,17.091673757784406,17.494161426989777,16.969990525772467,17.40991973876953,32200,0.0,0.0
2024-06-28 00:00:00-04:00,17.409919593860558,17.428640365600586,17.129113373693304,17.428640365600586,41400,0.0,0.0
2024-07-01 00:00:00-04:00,17.43799851774106,17.49416083151693,17.16655447573507,17.363117218017578,28900,0.0,0.0
2024-07-02 00:00:00-04:00,17.447358613738338,17.48480015563404,17.138473034342702,17.400558471679688,17200,0.0,0.0
2024-07-03 00:00:00-04:00,17.353758435199136,17.372477420949892,17.241435594139645,17.27887535095215,11900,0.0,0.0
2024-07-05 00:00:00-04:00,17.23207701992987,17.5503230201875,17.23207701992987,17.503522872924805,33200,0.0,0.0
2024-07-08 00:00:00-04:00,17.49416207308132,17.597122751688865,17.400559995456256,17.54096221923828,41000,0.0,0.0
2024-07-09 00:00:00-04:00,17.419281642263133,17.587765033381682,17.335039946703862,17.550323486328125,10200,0.0,0.0
2024-07-10 00:00:00-04:00,17.428639218050403,17.52223949996553,17.260155854105676,17.437997817993164,28200,0.0,0.0
2024-07-11 00:00:00-04:00,17.316316787725334,17.437998228264412,17.316316787725334,17.400558471679688,21900,0.0,0.0
2024-07-12 00:00:00-04:00,17.475441010689188,17.58776385903878,17.42864086530834,17.57840347290039,9400,0.0,0.0
2024-07-15 00:00:00-04:00,17.550321397446687,17.59712154038214,17.447358940615477,17.466079711914062,15200,0.0,0.0
2024-07-16 00:00:00-04:00,17.47544115543715,17.597122605621905,17.4567203830053,17.559682846069336,19300,0.0,0.0
2024-07-17 00:00:00-04:00,17.503522283169804,17.503522283169804,17.05423267215465,17.45672035217285,20900,0.0,0.0
2024-07-18 00:00:00-04:00,17.503522169104365,17.597122459866068,17.34439917537392,17.57840347290039,25100,0.0,0.0
2024-07-19 00:00:00-04:00,17.597122751688865,17.597122751688865,17.31631830412481,17.54096221923828,6600,0.0,0.0
2024-07-22 00:00:00-04:00,17.43799841088535,17.59712139498656,17.344398125787816,17.484800338745117,19800,0.0,0.0
2024-07-23 00:00:00-04:00,17.569042205810547,17.58776297714863,17.40991922005889,17.569042205810547,10200,0.0,0.0
2024-07-24 00:00:00-04:00,17.550321434472465,17.578402591479588,17.32567753434854,17.569042205810547,40300,0.0,0.0
2024-07-25 00:00:00-04:00,17.47544171338048,17.597123167450196,17.335039486281214,17.503522872924805,17800,0.0,0.0
2024-07-26 00:00:00-04:00,17.569042205810547,17.597121577506652,17.437998591754994,17.569042205810547,12200,0.0,0.0
2024-07-29 00:00:00-04:00,17.456719737899572,17.569042583028683,17.39119882212053,17.428640365600586,20400,0.0,0.0
2024-07-30 00:00:00-04:00,17.50352348428318,17.559684020022207,17.41928178801901,17.53160285949707,20300,0.0,0.0
2024-07-31 00:00:00-04:00,17.597121577506652,17.597121577506652,17.41927960572793,17.569042205810547,13800,0.0,0.0
2024-08-01 00:00:00-04:00,17.57840244704947,17.59712143292273,17.456719219662748,17.5877628326416,17500,0.0,0.0
2024-08-02 00:00:00-04:00,17.503522153991398,17.59712244467228,16.127575743124673,16.342859268188477,176900,0.0,0.0
2024-08-05 00:00:00-04:00,15.977814769296163,16.239900251808162,15.828052146521104,16.0714168548584,78100,0.0,0.0
2024-08-06 00:00:00-04:00,16.10885491620599,16.380300757130623,16.099496315418538,16.25861930847168,36000,0.0,0.0
2024-08-07 00:00:00-04:00,16.305418714634193,16.361579243368997,16.174376885815978,16.23053741455078,27700,0.0,0.0
2024-08-08 00:00:00-04:00,16.314778543760287,16.361578685224288,16.22117647552133,16.286697387695312,40500,0.0,0.0
2024-08-09 00:00:00-04:00,16.352220951144165,16.36158133801681,16.221179105549666,16.314781188964844,18400,0.0,0.0
2024-08-12 00:00:00-04:00,16.34286071160767,16.3522210985647,16.20245847787476,16.29606056213379,23900,0.0,0.0
2024-08-13 00:00:00-04:00,16.31477913705649,16.41774159439473,16.174376922247724,16.333499908447266,23500,0.0,0.0
2024-08-14 00:00:00-04:00,16.380301131831548,16.857670121910832,16.380301131831548,16.820228576660156,44400,0.0,0.0
2024-08-15 00:00:00-04:00,16.661106067841576,17.035514390067295,16.595585147045433,16.96999168395996,31900,0.0,0.0
2024-08-16 00:00:00-04:00,17.035513103651507,17.157194549468404,16.99807156013181,17.119754791259766,22300,0.0,0.0
2024-08-19 00:00:00-04:00,16.998070971373124,17.297596167911877,16.941910443349858,17.072952270507812,31600,0.0,0.0
2024-08-20 00:00:00-04:00,17.119755290733533,17.26951789855957,17.02615321451448,17.26951789855957,10400,0.0,0.0
2024-08-21 00:00:00-04:00,17.129115370580756,17.372480075639054,17.129115370580756,17.30695915222168,17000,0.0,0.0
2024-08-22 00:00:00-04:00,17.40991871311426,17.44735846938923,17.27887510287445,17.419279098510742,23000,0.0,0.0
2024-08-23 00:00:00-04:00,17.353761178698846,17.597124099731445,17.026154774570124,17.597124099731445,33800,0.0,0.0
2024-08-26 00:00:00-04:00,17.424976658254113,17.692759622741768,17.358031373162753,17.377159118652344,33600,0.4,0.0
2024-08-27 00:00:00-04:00,17.377160516813923,17.444105807291685,17.214578315315492,17.26239585876465,34200,0.0,0.0
2024-08-28 00:00:00-04:00,17.34846749187618,17.36759523735635,17.214576921759377,17.252832412719727,7600,0.0,0.0
2024-08-29 00:00:00-04:00,17.21457673112411,17.434540329343594,17.21457673112411,17.338903427124023,13100,0.0,0.0
2024-08-30 00:00:00-04:00,17.243269509099072,17.348468466908084,17.214577889266263,17.27195930480957,27900,0.0,0.0
2024-09-03 00:00:00-04:00,17.329341688119374,17.444104513534807,17.233704784191698,17.291086196899414,16800,0.0,0.0
2024-09-04 00:00:00-04:00,17.224141336729765,17.36759578410272,17.2145774636886,17.281522750854492,21500,0.0,0.0
2024-09-05 00:00:00-04:00,17.300649960816187,17.444104403743705,17.243268548469622,17.377159118652344,16300,0.0,0.0
2024-09-06 00:00:00-04:00,17.4536689054607,17.4536689054607,17.310214457363557,17.405851364135742,16400,0.0,0.0
2024-09-09 00:00:00-04:00,17.453668375725528,17.711887468936553,17.40585083585188,17.62581443786621,38800,0.0,0.0
2024-09-10 00:00:00-04:00,17.69275973110083,17.769268889405566,17.597122827189356,17.750141143798828,16800,0.0,0.0
2024-09-11 00:00:00-04:00,17.721449971039096,17.931849683980516,17.721449971039096,17.864904403686523,25400,0.0,0.0
2024-09-12 00:00:00-04:00,17.88403352837993,18.161378543025254,17.86490578278447,18.084869384765625,47300,0.0,0.0
2024-09-13 00:00:00-04:00,18.21875994533861,18.696942640220175,18.075305501698587,18.419597625732422,93300,0.0,0.0
2024-09-16 00:00:00-04:00,18.4769792454214,18.58218002319336,18.343088673073265,18.58218002319336,33800,0.0,0.0
2024-09-17 00:00:00-04:00,18.60130799172277,18.649125532670457,18.381342560645532,18.4100341796875,27800,0.0,0.0
2024-09-18 00:00:00-04:00,18.51523409231059,18.543923885887775,17.874469223335563,17.97010612487793,29500,0.0,0.0
2024-09-19 00:00:00-04:00,17.874469034802708,18.151814039815854,17.874469034802708,18.056177139282227,12000,0.0,0.0
2024-09-20 00:00:00-04:00,18.151815727421063,18.45785237828369,18.142251854066313,18.22832489013672,26200,0.0,0.0
2024-09-23 00:00:00-04:00,18.170941785893316,18.448288615046113,18.170941785893316,18.390905380249023,16600,0.0,0.0
2024-09-24 00:00:00-04:00,18.457850770599467,18.457850770599467,18.218759429922674,18.304832458496094,18500,0.0,0.0
2024-09-25 00:00:00-04:00,18.27614361066185,18.534360885620117,18.27614361066185,18.534360885620117,24900,0.0,0.0
2024-09-26 00:00:00-04:00,18.543924758636685,18.543924758636685,18.352652770672126,18.534360885620117,22800,0.0,0.0
2024-09-27 00:00:00-04:00,18.410032810308994,18.696941682898725,18.400468938006387,18.649124145507812,17900,0.0,0.0
2024-09-30 00:00:00-04:00,18.629996721763792,19.089051655462434,18.620432849296467,19.060361862182617,62800,0.0,0.0
2024-10-01 00:00:00-04:00,19.06036208751131,19.10817962629107,18.86908828414792,19.012542724609375,23800,0.0,0.0
2024-10-02 00:00:00-04:00,19.002980026575386,19.117742845372756,18.84995989464203,19.06992530822754,19900,0.0,0.0
2024-10-03 00:00:00-04:00,19.06992626215316,19.385526765816238,18.79257942529538,19.299453735351562,15500,0.0,0.0
2024-10-04 00:00:00-04:00,19.299454481283625,19.586363377840225,18.97429009232093,19.490726470947266,25200,0.0,0.0
2024-10-07 00:00:00-04:00,19.490725063995846,19.490725063995846,18.362215481312457,18.476978302001953,70900,0.0,0.0
2024-10-08 00:00:00-04:00,18.39090537908884,18.96472495816844,17.960542062870758,18.056177139282227,43600,0.0,0.0
2024-10-09 00:00:00-04:00,17.95097828455227,18.199633497594952,17.95097828455227,18.180505752563477,14300,0.0,0.0
2024-10-10 00:00:00-04:00,18.285708559145235,18.390907520270186,18.037053318456714,18.218761444091797,12100,0.0,0.0
2024-10-11 00:00:00-04:00,18.304832767565355,18.34308825829821,18.21875973753863,18.257015228271484,4700,0.0,0.0
2024-10-14 00:00:00-04:00,18.381341507782842,18.410033125181386,18.218759324102066,18.390905380249023,17000,0.0,0.0
2024-10-15 00:00:00-04:00,18.410033959247333,19.050798850534076,18.362216418872208,18.58218002319336,40800,0.0,0.0
2024-10-16 00:00:00-04:00,18.629998617729484,19.04123605506509,18.60130882152992,18.84996223449707,8400,0.0,0.0
2024-10-17 00:00:00-04:00,19.079489607117267,19.079489607117267,18.792578905463998,19.060361862182617,14400,0.0,0.0
2024-10-18 00:00:00-04:00,19.069925420679823,19.069925420679823,18.735197186323102,18.77345085144043,12300,0.0,0.0
2024-10-21 00:00:00-04:00,18.85952408387565,19.165562528763967,18.50566992516057,19.146434783935547,34000,0.0,0.0
2024-10-22 00:00:00-04:00,19.213381240552227,19.270762654421056,18.897780728090268,19.20381736755371,22000,0.0,0.0
2024-10-23 00:00:00-04:00,19.12730651409411,19.29945256458049,18.945596591456027,19.03166961669922,18200,0.0,0.0
2024-10-24 00:00:00-04:00,18.955161621648774,19.242072331361882,18.754325766559585,18.964725494384766,19200,0.0,0.0
2024-10-25 00:00:00-04:00,18.91690911871916,18.983854407867803,18.754326920448605,18.897781372070312,10500,0.0,0.0
2024-10-28 00:00:00-04:00,18.763889856461095,19.10818015833041,18.763889856461095,18.792579650878906,17300,0.0,0.0
2024-10-29 00:00:00-04:00,18.83083408529961,19.127306830416877,18.744761058632964,18.77345085144043,26400,0.0,0.0
2024-10-30 00:00:00-04:00,18.77345105331792,19.098615418861385,18.76388900502736,18.81170654296875,11600,0.0,0.0
2024-10-31 00:00:00-04:00,18.897780217877923,19.098616073057688,18.553488095715803,19.089052200317383,18600,0.0,0.0
2024-11-01 00:00:00-04:00,19.127308002031697,19.222944906866303,18.91690827069335,19.041234970092773,18400,0.0,0.0
2024-11-04 00:00:00-05:00,19.285227170277025,19.334025076850114,18.777720751225335,18.894838333129883,28900,0.4,0.0
2024-11-05 00:00:00-05:00,18.972916649950463,19.25594786700746,18.846039110753193,19.129072189331055,23400,0.0,0.0
2024-11-06 00:00:00-05:00,19.412103050764237,19.412103050764237,19.06075402435495,19.18762969970703,26800,0.0,0.0
2024-11-07 00:00:00-05:00,19.080273331767387,19.24618883297932,18.8460400115013,18.972917556762695,18800,0.0,0.0
2024-11-08 00:00:00-05:00,18.924116888669055,18.972916658197242,18.71916344121327,18.7972412109375,15700,0.0,0.0
2024-11-11 00:00:00-05:00,18.76796200955729,18.79724187230439,18.504448829396164,18.680124282836914,42900,0.0,0.0
2024-11-12 00:00:00-05:00,18.68012353101404,18.79724111576786,18.172618961136436,18.48493003845215,65000,0.0,0.0
2024-11-13 00:00:00-05:00,18.39709295476864,18.787481814983597,18.15309968444418,18.699644088745117,19600,0.0,0.0
2024-11-14 00:00:00-05:00,18.93387653472246,19.51946072889343,18.65084532214434,19.509700775146484,59900,0.0,0.0
2024-11-15 00:00:00-05:00,19.79273521563938,19.900090991225444,19.38282643757368,19.6072998046875,103400,0.0,0.0
2024-11-18 00:00:00-05:00,19.558500794003706,19.77321419461988,19.304747577900486,19.47066307067871,69900,0.0,0.0
2024-11-19 00:00:00-05:00,19.353546296557788,19.597539569011378,19.168110888267197,19.32426643371582,18100,0.0,0.0
2024-11-20 00:00:00-05:00,19.373066560877593,19.509702200274017,19.119313329483536,19.265708923339844,32500,0.0,0.0
2024-11-21 00:00:00-05:00,19.12907234240724,19.12907234240724,18.87531912350296,19.09979248046875,37100,0.0,0.0
2024-11-22 00:00:00-05:00,19.07051534238341,19.34378662008261,18.875319977008868,18.953397750854492,34300,0.0,0.0
2024-11-25 00:00:00-05:00,18.953397397318767,19.168110806008965,18.83627980797443,19.01195526123047,18100,0.0,0.0
2024-11-26 00:00:00-05:00,18.953396294404612,19.763453833875463,18.953396294404612,19.53898048400879,51500,0.0,0.0
2024-11-27 00:00:00-05:00,19.538981652977725,19.646337426738064,19.20715065440009,19.334026336669922,25800,0.0,0.0
2024-11-29 00:00:00-05:00,19.129073232828816,19.402344510891464,19.129073232828816,19.275468826293945,20000,0.0,0.0
2024-12-02 00:00:00-05:00,19.187630294933424,19.49994137766148,19.1388323863275,19.4121036529541,8100,0.0,0.0
2024-12-03 00:00:00-05:00,19.40234461463363,19.626819844769436,19.255949020385742,19.255949020385742,22100,0.0,0.0
2024-12-04 00:00:00-05:00,19.451143668798633,19.5487413485336,19.226670308472848,19.38282585144043,13000,0.0,0.0
2024-12-05 00:00:00-05:00,19.373066153688907,19.51946174446823,19.24618860989814,19.334026336669922,18500,0.0,0.0
2024-12-06 00:00:00-05:00,19.324265775955922,19.490181270037766,19.22666995951321,19.441383361816406,8500,0.0,0.0
2024-12-09 00:00:00-05:00,19.324266788578175,19.460904289495573,19.24618901442008,19.265708923339844,18700,0.0,0.0
2024-12-10 00:00:00-05:00,19.470663325906695,19.470663325906695,19.294987876953893,19.421863555908203,18800,0.0,0.0
2024-12-11 00:00:00-05:00,19.25594756228837,19.802493802992387,19.25594756228837,19.509700775146484,13400,0.0,0.0
2024-12-12 00:00:00-05:00,19.334025831431802,19.6170589128604,19.30474783095359,19.421863555908203,11600,0.0,0.0
2024-12-13 00:00:00-05:00,19.519460678100586,19.519460678100586,19.246187558459678,19.519460678100586,28700,0.0,0.0
2024-12-16 00:00:00-05:00,19.51946127346779,20.007447805304487,19.50970131944855,19.743934631347656,25100,0.0,0.0
2024-12-17 00:00:00-05:00,19.5585005948266,20.183122744091516,19.412103149761897,19.499940872192383,35400,0.0,0.0
2024-12-18 00:00:00-05:00,19.51946072889343,20.007447247115767,19.421863052944797,19.509700775146484,53400,0.0,0.0
2024-12-19 00:00:00-05:00,19.509701083881136,19.782974208557604,19.129072189331055,19.129072189331055,58700,0.0,0.0
2024-12-20 00:00:00-05:00,19.03147509996267,19.58777945888746,19.03147509996267,19.353546142578125,27200,0.0,0.0
2024-12-23 00:00:00-05:00,19.236428881897904,19.95865061307626,19.04123537906996,19.626819610595703,53400,0.0,0.0
2024-12-24 00:00:00-05:00,19.74393387583647,20.10504471464673,19.636578108774618,19.880571365356445,25800,0.0,0.0
2024-12-26 00:00:00-05:00,19.880571861836614,20.280720663702116,19.880571861836614,20.12456512451172,17700,0.0,0.0
2024-12-27 00:00:00-05:00,20.173363829134917,20.475914965574706,19.909850648274006,20.309999465942383,72100,0.0,0.0
2024-12-30 00:00:00-05:00,20.440000534057617,20.5,20.139999389648438,20.350000381469727,49100,0.5,0.0
2024-12-31 00:00:00-05:00,20.440000534057617,20.520000457763672,20.0,20.3799991607666,42700,0.0,0.0
2025-01-02 00:00:00-05:00,20.440000534057617,20.829999923706055,20.0,20.059999465942383,80700,0.0,0.0
2025-01-03 00:00:00-05:00,20.149999618530273,20.3799991607666,20.0,20.079999923706055,20000,0.0,0.0
2025-01-06 00:00:00-05:00,20.299999237060547,20.350000381469727,20.010000228881836,20.1299991607666,30300,0.0,0.0
2025-01-07 00:00:00-05:00,20.389999389648438,20.450000762939453,20.100000381469727,20.34000015258789,31700,0.0,0.0
2025-01-08 00:00:00-05:00,20.389999389648438,20.399999618530273,20.15999984741211,20.200000762939453,23800,0.0,0.0
2025-01-10 00:00:00-05:00,20.190000534057617,20.3799991607666,20.0,20.170000076293945,45800,0.0,0.0
2025-01-13 00:00:00-05:00,20.100000381469727,20.1299991607666,19.84000015258789,20.06999969482422,38500,0.0,0.0
2025-01-14 00:00:00-05:00,20.06999969482422,20.260000228881836,19.969999313354492,20.040000915527344,41700,0.0,0.0
2025-01-15 00:00:00-05:00,20.139999389648438,20.299999237060547,20.020000457763672,20.1200008392334,24800,0.0,0.0
2025-01-16 00:00:00-05:00,20.200000762939453,20.920000076293945,19.989999771118164,20.780000686645508,60300,0.0,0.0
2025-01-17 00:00:00-05:00,21.06999969482422,21.610000610351562,20.969999313354492,21.520000457763672,116400,0.0,0.0
