Date,Open,High,Low,Close,Volume,Dividends,Stock Splits
2022-01-03 00:00:00-05:00,5.909999847412109,6.21999979019165,5.840000152587891,6.210000038146973,848000,0.0,0.0
2022-01-04 00:00:00-05:00,6.239999771118164,6.25,6.010000228881836,6.130000114440918,541400,0.0,0.0
2022-01-05 00:00:00-05:00,6.059999942779541,6.090000152587891,5.619999885559082,5.619999885559082,991900,0.0,0.0
2022-01-06 00:00:00-05:00,5.619999885559082,5.679999828338623,5.409999847412109,5.559999942779541,999400,0.0,0.0
2022-01-07 00:00:00-05:00,5.53000020980835,5.670000076293945,5.420000076293945,5.460000038146973,717100,0.0,0.0
2022-01-10 00:00:00-05:00,5.679999828338623,5.809999942779541,5.110000133514404,5.340000152587891,3434200,0.0,0.0
2022-01-11 00:00:00-05:00,5.510000228881836,6.659999847412109,5.510000228881836,6.409999847412109,9134300,0.0,0.0
2022-01-12 00:00:00-05:00,6.409999847412109,6.53000020980835,6.070000171661377,6.090000152587891,1992400,0.0,0.0
2022-01-13 00:00:00-05:00,6.139999866485596,6.269999980926514,5.840000152587891,5.889999866485596,1223000,0.0,0.0
2022-01-14 00:00:00-05:00,5.860000133514404,5.949999809265137,5.670000076293945,5.889999866485596,1009500,0.0,0.0
2022-01-18 00:00:00-05:00,5.800000190734863,5.849999904632568,5.510000228881836,5.519999980926514,959600,0.0,0.0
2022-01-19 00:00:00-05:00,5.559999942779541,5.610000133514404,5.300000190734863,5.309999942779541,817700,0.0,0.0
2022-01-20 00:00:00-05:00,5.389999866485596,5.510000228881836,5.190000057220459,5.210000038146973,735200,0.0,0.0
2022-01-21 00:00:00-05:00,5.079999923706055,5.170000076293945,4.880000114440918,4.900000095367432,2487800,0.0,0.0
2022-01-24 00:00:00-05:00,4.739999771118164,4.949999809265137,4.46999979019165,4.940000057220459,1713900,0.0,0.0
2022-01-25 00:00:00-05:00,4.849999904632568,4.909999847412109,4.650000095367432,4.809999942779541,871300,0.0,0.0
2022-01-26 00:00:00-05:00,4.980000019073486,5.0,4.630000114440918,4.690000057220459,846400,0.0,0.0
2022-01-27 00:00:00-05:00,4.769999980926514,4.900000095367432,4.519999980926514,4.550000190734863,716300,0.0,0.0
2022-01-28 00:00:00-05:00,4.559999942779541,4.760000228881836,4.369999885559082,4.739999771118164,1417900,0.0,0.0
2022-01-31 00:00:00-05:00,4.820000171661377,5.239999771118164,4.820000171661377,5.199999809265137,1863300,0.0,0.0
2022-02-01 00:00:00-05:00,5.320000171661377,5.579999923706055,5.159999847412109,5.53000020980835,2141300,0.0,0.0
2022-02-02 00:00:00-05:00,5.53000020980835,5.53000020980835,5.130000114440918,5.300000190734863,1115000,0.0,0.0
2022-02-03 00:00:00-05:00,5.110000133514404,5.309999942779541,5.079999923706055,5.179999828338623,856700,0.0,0.0
2022-02-04 00:00:00-05:00,5.170000076293945,5.389999866485596,5.070000171661377,5.329999923706055,756600,0.0,0.0
2022-02-07 00:00:00-05:00,5.320000171661377,5.519999980926514,5.269999980926514,5.5,850800,0.0,0.0
2022-02-08 00:00:00-05:00,5.440000057220459,5.650000095367432,5.360000133514404,5.650000095367432,893300,0.0,0.0
2022-02-09 00:00:00-05:00,5.599999904632568,6.159999847412109,5.550000190734863,6.0,1604800,0.0,0.0
2022-02-10 00:00:00-05:00,5.829999923706055,6.519999980926514,5.769999980926514,6.179999828338623,1918400,0.0,0.0
2022-02-11 00:00:00-05:00,6.179999828338623,6.550000190734863,6.179999828338623,6.360000133514404,1805100,0.0,0.0
2022-02-14 00:00:00-05:00,6.329999923706055,6.650000095367432,6.03000020980835,6.070000171661377,1383300,0.0,0.0
2022-02-15 00:00:00-05:00,6.25,6.389999866485596,6.150000095367432,6.269999980926514,756700,0.0,0.0
2022-02-16 00:00:00-05:00,6.239999771118164,6.340000152587891,6.130000114440918,6.28000020980835,636500,0.0,0.0
2022-02-17 00:00:00-05:00,6.21999979019165,6.28000020980835,5.929999828338623,6.010000228881836,723100,0.0,0.0
2022-02-18 00:00:00-05:00,5.960000038146973,6.03000020980835,5.670000076293945,5.690000057220459,946500,0.0,0.0
2022-02-22 00:00:00-05:00,5.639999866485596,5.639999866485596,5.349999904632568,5.420000076293945,950000,0.0,0.0
2022-02-23 00:00:00-05:00,5.539999961853027,5.619999885559082,5.300000190734863,5.320000171661377,641000,0.0,0.0
2022-02-24 00:00:00-05:00,4.929999828338623,5.789999961853027,4.900000095367432,5.769999980926514,1184400,0.0,0.0
2022-02-25 00:00:00-05:00,5.809999942779541,5.820000171661377,5.599999904632568,5.760000228881836,598700,0.0,0.0
2022-02-28 00:00:00-05:00,5.75,5.800000190734863,5.5,5.590000152587891,789700,0.0,0.0
2022-03-01 00:00:00-05:00,5.590000152587891,5.659999847412109,5.429999828338623,5.559999942779541,571700,0.0,0.0
2022-03-02 00:00:00-05:00,5.579999923706055,5.699999809265137,5.449999809265137,5.630000114440918,414600,0.0,0.0
2022-03-03 00:00:00-05:00,5.659999847412109,5.659999847412109,5.389999866485596,5.449999809265137,400700,0.0,0.0
2022-03-04 00:00:00-05:00,5.360000133514404,5.510000228881836,5.190000057220459,5.260000228881836,429800,0.0,0.0
2022-03-07 00:00:00-05:00,5.269999980926514,5.320000171661377,5.059999942779541,5.090000152587891,632300,0.0,0.0
2022-03-08 00:00:00-05:00,5.070000171661377,5.329999923706055,4.980000019073486,5.139999866485596,526600,0.0,0.0
2022-03-09 00:00:00-05:00,5.28000020980835,5.510000228881836,5.260000228881836,5.400000095367432,440000,0.0,0.0
2022-03-10 00:00:00-05:00,5.260000228881836,5.440000057220459,5.179999828338623,5.420000076293945,370300,0.0,0.0
2022-03-11 00:00:00-05:00,5.440000057220459,5.440000057220459,5.130000114440918,5.150000095367432,519600,0.0,0.0
2022-03-14 00:00:00-04:00,5.119999885559082,5.139999866485596,4.760000228881836,4.820000171661377,823100,0.0,0.0
2022-03-15 00:00:00-04:00,4.820000171661377,4.949999809265137,4.71999979019165,4.789999961853027,756000,0.0,0.0
2022-03-16 00:00:00-04:00,4.860000133514404,5.0,4.789999961853027,4.989999771118164,886900,0.0,0.0
2022-03-17 00:00:00-04:00,4.909999847412109,5.130000114440918,4.869999885559082,5.010000228881836,1690400,0.0,0.0
2022-03-18 00:00:00-04:00,4.960000038146973,5.429999828338623,4.949999809265137,5.329999923706055,1640400,0.0,0.0
2022-03-21 00:00:00-04:00,5.300000190734863,5.349999904632568,5.0,5.079999923706055,540000,0.0,0.0
2022-03-22 00:00:00-04:00,5.119999885559082,5.340000152587891,5.119999885559082,5.300000190734863,585600,0.0,0.0
2022-03-23 00:00:00-04:00,5.230000019073486,5.46999979019165,5.230000019073486,5.260000228881836,492300,0.0,0.0
2022-03-24 00:00:00-04:00,5.269999980926514,5.300000190734863,5.110000133514404,5.269999980926514,404100,0.0,0.0
2022-03-25 00:00:00-04:00,5.28000020980835,5.380000114440918,5.050000190734863,5.079999923706055,463700,0.0,0.0
2022-03-28 00:00:00-04:00,5.070000171661377,5.179999828338623,4.869999885559082,5.159999847412109,690400,0.0,0.0
2022-03-29 00:00:00-04:00,5.269999980926514,5.360000133514404,5.150000095367432,5.179999828338623,584300,0.0,0.0
2022-03-30 00:00:00-04:00,5.159999847412109,5.190000057220459,4.929999828338623,4.960000038146973,547900,0.0,0.0
2022-03-31 00:00:00-04:00,4.960000038146973,5.039999961853027,4.809999942779541,4.829999923706055,553100,0.0,0.0
2022-04-01 00:00:00-04:00,4.849999904632568,4.900000095367432,4.75,4.849999904632568,521700,0.0,0.0
2022-04-04 00:00:00-04:00,4.900000095367432,5.059999942779541,4.849999904632568,5.039999961853027,435200,0.0,0.0
2022-04-05 00:00:00-04:00,5.010000228881836,5.059999942779541,4.769999980926514,4.789999961853027,443500,0.0,0.0
2022-04-06 00:00:00-04:00,4.71999979019165,4.75,4.53000020980835,4.610000133514404,762000,0.0,0.0
2022-04-07 00:00:00-04:00,4.579999923706055,4.670000076293945,4.46999979019165,4.539999961853027,408800,0.0,0.0
2022-04-08 00:00:00-04:00,4.519999980926514,4.550000190734863,4.340000152587891,4.349999904632568,554500,0.0,0.0
2022-04-11 00:00:00-04:00,5.989999771118164,14.569999694824219,5.679999828338623,12.279999732971191,351431600,0.0,0.0
2022-04-12 00:00:00-04:00,13.609999656677246,13.869999885559082,9.600000381469727,10.010000228881836,90335600,0.0,0.0
2022-04-13 00:00:00-04:00,10.550000190734863,14.5,9.9399995803833,14.300000190734863,187101200,0.0,0.0
2022-04-14 00:00:00-04:00,15.489999771118164,17.5,13.199999809265137,14.949999809265137,179722200,0.0,0.0
2022-04-18 00:00:00-04:00,13.600000381469727,14.449999809265137,11.550000190734863,11.899999618530273,32906600,0.0,0.0
2022-04-19 00:00:00-04:00,11.779999732971191,12.859999656677246,11.640000343322754,12.640000343322754,23999600,0.0,0.0
2022-04-20 00:00:00-04:00,12.029999732971191,12.350000381469727,11.119999885559082,11.760000228881836,11112900,0.0,0.0
2022-04-21 00:00:00-04:00,11.510000228881836,13.149999618530273,11.300000190734863,11.960000038146973,21449700,0.0,0.0
2022-04-22 00:00:00-04:00,11.720000267028809,11.819999694824219,10.470000267028809,11.210000038146973,8363900,0.0,0.0
2022-04-25 00:00:00-04:00,11.3100004196167,14.369999885559082,11.109999656677246,14.100000381469727,42440700,0.0,0.0
2022-04-26 00:00:00-04:00,13.300000190734863,15.470000267028809,12.880000114440918,13.15999984741211,40247000,0.0,0.0
2022-04-27 00:00:00-04:00,12.65999984741211,13.920000076293945,12.550000190734863,13.239999771118164,14818200,0.0,0.0
2022-04-28 00:00:00-04:00,13.119999885559082,13.420000076293945,11.770000457763672,12.069999694824219,9117100,0.0,0.0
2022-04-29 00:00:00-04:00,12.119999885559082,12.359999656677246,11.5600004196167,11.720000267028809,5631400,0.0,0.0
2022-05-02 00:00:00-04:00,12.6899995803833,13.0,9.609999656677246,10.270000457763672,25082800,0.0,0.0
2022-05-03 00:00:00-04:00,9.960000038146973,10.550000190734863,8.739999771118164,8.880000114440918,14933300,0.0,0.0
2022-05-04 00:00:00-04:00,8.770000457763672,10.149999618530273,8.539999961853027,9.420000076293945,16081700,0.0,0.0
2022-05-05 00:00:00-04:00,9.289999961853027,9.319999694824219,8.6899995803833,9.25,6058600,0.0,0.0
2022-05-06 00:00:00-04:00,9.130000114440918,9.180000305175781,8.399999618530273,8.460000038146973,4482300,0.0,0.0
2022-05-09 00:00:00-04:00,8.399999618530273,8.40999984741211,7.920000076293945,8.149999618530273,5743600,0.0,0.0
2022-05-10 00:00:00-04:00,8.170000076293945,8.289999961853027,7.639999866485596,7.789999961853027,4265800,0.0,0.0
2022-05-11 00:00:00-04:00,9.65999984741211,9.699999809265137,7.820000171661377,8.15999984741211,41861400,0.0,0.0
2022-05-12 00:00:00-04:00,7.300000190734863,9.229999542236328,6.800000190734863,9.029999732971191,14306300,0.0,0.0
2022-05-13 00:00:00-04:00,11.270000457763672,15.149999618530273,10.40999984741211,13.0,109672400,0.0,0.0
2022-05-16 00:00:00-04:00,13.050000190734863,14.640000343322754,12.510000228881836,13.5,41467900,0.0,0.0
2022-05-17 00:00:00-04:00,12.930000305175781,15.75,12.760000228881836,15.600000381469727,50470100,0.0,0.0
2022-05-18 00:00:00-04:00,15.9399995803833,16.3700008392334,13.720000267028809,15.010000228881836,26685700,0.0,0.0
2022-05-19 00:00:00-04:00,14.4399995803833,15.140000343322754,13.699999809265137,14.289999961853027,14047400,0.0,0.0
2022-05-20 00:00:00-04:00,14.130000114440918,14.210000038146973,12.65999984741211,13.380000114440918,11562300,0.0,0.0
2022-05-23 00:00:00-04:00,12.869999885559082,14.300000190734863,12.350000381469727,14.119999885559082,8142100,0.0,0.0
2022-05-24 00:00:00-04:00,13.899999618530273,14.0,11.800000190734863,12.210000038146973,9694300,0.0,0.0
2022-05-25 00:00:00-04:00,11.920000076293945,12.899999618530273,11.869999885559082,12.369999885559082,6182000,0.0,0.0
2022-05-26 00:00:00-04:00,12.1899995803833,13.149999618530273,12.039999961853027,12.640000343322754,5935000,0.0,0.0
2022-05-27 00:00:00-04:00,12.729999542236328,12.90999984741211,12.109999656677246,12.829999923706055,6169200,0.0,0.0
2022-05-31 00:00:00-04:00,12.960000038146973,13.4399995803833,12.470000267028809,12.9399995803833,5948900,0.0,0.0
2022-06-01 00:00:00-04:00,12.850000381469727,12.890000343322754,11.460000038146973,12.1899995803833,6278900,0.0,0.0
2022-06-02 00:00:00-04:00,12.1899995803833,13.319999694824219,12.09000015258789,13.210000038146973,7307100,0.0,0.0
2022-06-03 00:00:00-04:00,13.0,14.920000076293945,12.90999984741211,14.460000038146973,18019800,0.0,0.0
2022-06-06 00:00:00-04:00,14.350000381469727,14.430000305175781,13.279999732971191,13.569999694824219,7062000,0.0,0.0
2022-06-07 00:00:00-04:00,14.0,16.40999984741211,13.8100004196167,15.850000381469727,29792500,0.0,0.0
2022-06-08 00:00:00-04:00,15.4399995803833,16.100000381469727,14.960000038146973,15.300000190734863,9344600,0.0,0.0
2022-06-09 00:00:00-04:00,15.369999885559082,15.369999885559082,13.640000343322754,13.710000038146973,5601100,0.0,0.0
2022-06-10 00:00:00-04:00,13.300000190734863,13.75,12.619999885559082,13.119999885559082,4678600,0.0,0.0
2022-06-13 00:00:00-04:00,12.739999771118164,12.890000343322754,12.180000305175781,12.619999885559082,3733900,0.0,0.0
2022-06-14 00:00:00-04:00,12.489999771118164,13.149999618530273,12.069999694824219,12.34000015258789,4123900,0.0,0.0
2022-06-15 00:00:00-04:00,12.279999732971191,13.029999732971191,12.270000457763672,12.850000381469727,5108200,0.0,0.0
2022-06-16 00:00:00-04:00,12.470000267028809,12.609999656677246,11.65999984741211,11.960000038146973,5228400,0.0,0.0
2022-06-17 00:00:00-04:00,11.930000305175781,13.0600004196167,11.930000305175781,12.789999961853027,5252300,0.0,0.0
2022-06-21 00:00:00-04:00,12.979999542236328,13.529999732971191,12.5,13.390000343322754,3754300,0.0,0.0
2022-06-22 00:00:00-04:00,13.25,14.180000305175781,13.119999885559082,13.539999961853027,3383200,0.0,0.0
2022-06-23 00:00:00-04:00,13.479999542236328,13.760000228881836,12.5600004196167,13.289999961853027,3218100,0.0,0.0
2022-06-24 00:00:00-04:00,13.319999694824219,14.069999694824219,13.109999656677246,13.210000038146973,6567700,0.0,0.0
2022-06-27 00:00:00-04:00,13.380000114440918,14.479999542236328,12.600000381469727,12.859999656677246,7030900,0.0,0.0
2022-06-28 00:00:00-04:00,12.630000114440918,12.84000015258789,11.569999694824219,11.8100004196167,5135200,0.0,0.0
2022-06-29 00:00:00-04:00,11.630000114440918,11.739999771118164,10.960000038146973,11.449999809265137,4155200,0.0,0.0
2022-06-30 00:00:00-04:00,11.350000381469727,11.630000114440918,11.039999961853027,11.300000190734863,3371200,0.0,0.0
2022-07-01 00:00:00-04:00,11.329999923706055,11.8100004196167,10.970000267028809,11.199999809265137,3299400,0.0,0.0
2022-07-05 00:00:00-04:00,11.09000015258789,11.600000381469727,10.760000228881836,11.520000457763672,3463300,0.0,0.0
2022-07-06 00:00:00-04:00,11.550000190734863,13.90999984741211,11.520000457763672,13.020000457763672,31883600,0.0,0.0
2022-07-07 00:00:00-04:00,13.960000038146973,14.9399995803833,13.350000381469727,13.460000038146973,23082900,0.0,0.0
2022-07-08 00:00:00-04:00,13.140000343322754,13.34000015258789,11.9399995803833,13.319999694824219,9820200,0.0,0.0
2022-07-11 00:00:00-04:00,13.300000190734863,15.550000190734863,13.260000228881836,15.300000190734863,13941100,0.0,0.0
2022-07-12 00:00:00-04:00,14.75,15.369999885559082,13.90999984741211,15.0,7304600,0.0,0.0
2022-07-13 00:00:00-04:00,14.699999809265137,16.780000686645508,14.550000190734863,15.9399995803833,23223600,0.0,0.0
2022-07-14 00:00:00-04:00,16.25,16.59000015258789,15.149999618530273,15.630000114440918,7348000,0.0,0.0
2022-07-15 00:00:00-04:00,15.829999923706055,17.770000457763672,15.399999618530273,17.229999542236328,14984100,0.0,0.0
2022-07-18 00:00:00-04:00,16.899999618530273,17.350000381469727,16.15999984741211,16.3799991607666,8363000,0.0,0.0
2022-07-19 00:00:00-04:00,16.549999237060547,17.229999542236328,15.859999656677246,16.790000915527344,6728300,0.0,0.0
2022-07-20 00:00:00-04:00,17.0,18.399999618530273,16.219999313354492,16.219999313354492,9675200,0.0,0.0
2022-07-21 00:00:00-04:00,16.079999923706055,16.510000228881836,15.510000228881836,15.920000076293945,5039100,0.0,0.0
2022-07-22 00:00:00-04:00,16.139999389648438,16.139999389648438,14.09000015258789,14.09000015258789,6339600,0.0,0.0
2022-07-25 00:00:00-04:00,14.569999694824219,14.579999923706055,13.289999961853027,13.3100004196167,5415100,0.0,0.0
2022-07-26 00:00:00-04:00,13.050000190734863,13.149999618530273,12.3100004196167,12.350000381469727,7300200,0.0,0.0
2022-07-27 00:00:00-04:00,12.449999809265137,12.829999923706055,12.029999732971191,12.600000381469727,6522000,0.0,0.0
2022-07-28 00:00:00-04:00,12.550000190734863,12.739999771118164,12.029999732971191,12.210000038146973,3962200,0.0,0.0
2022-07-29 00:00:00-04:00,12.0,12.279999732971191,11.729999542236328,12.100000381469727,4346300,0.0,0.0
2022-08-01 00:00:00-04:00,12.0,12.15999984741211,11.729999542236328,11.869999885559082,2403900,0.0,0.0
2022-08-02 00:00:00-04:00,11.84000015258789,12.529999732971191,11.84000015258789,12.09000015258789,4958500,0.0,0.0
2022-08-03 00:00:00-04:00,12.170000076293945,12.75,11.90999984741211,12.3100004196167,5635200,0.0,0.0
2022-08-04 00:00:00-04:00,12.239999771118164,12.579999923706055,11.859999656677246,12.369999885559082,4004400,0.0,0.0
2022-08-05 00:00:00-04:00,12.359999656677246,13.449999809265137,12.1899995803833,12.609999656677246,7061600,0.0,0.0
2022-08-08 00:00:00-04:00,12.65999984741211,12.819999694824219,12.010000228881836,12.0600004196167,4810300,0.0,0.0
2022-08-09 00:00:00-04:00,12.0,12.270000457763672,11.279999732971191,11.5,6040100,0.0,0.0
2022-08-10 00:00:00-04:00,11.770000457763672,11.880000114440918,11.34000015258789,11.770000457763672,5451400,0.0,0.0
2022-08-11 00:00:00-04:00,14.220000267028809,17.989999771118164,13.65999984741211,16.010000228881836,59023500,0.0,0.0
2022-08-12 00:00:00-04:00,15.779999732971191,19.25,15.220000267028809,19.079999923706055,24556300,0.0,0.0
2022-08-15 00:00:00-04:00,18.850000381469727,20.8700008392334,18.399999618530273,19.610000610351562,16683000,0.0,0.0
2022-08-16 00:00:00-04:00,19.719999313354492,23.989999771118164,19.510000228881836,22.25,18761800,0.0,0.0
2022-08-17 00:00:00-04:00,22.149999618530273,24.549999237060547,22.100000381469727,23.780000686645508,12444100,0.0,0.0
2022-08-18 00:00:00-04:00,23.059999465942383,23.670000076293945,18.559999465942383,18.68000030517578,12162700,0.0,0.0
2022-08-19 00:00:00-04:00,18.079999923706055,19.489999771118164,17.389999389648438,17.469999313354492,7877200,0.0,0.0
2022-08-22 00:00:00-04:00,18.420000076293945,19.06999969482422,16.610000610351562,16.959999084472656,6788200,0.0,0.0
2022-08-23 00:00:00-04:00,16.969999313354492,18.31999969482422,16.610000610351562,18.010000228881836,5116600,0.0,0.0
2022-08-24 00:00:00-04:00,17.700000762939453,18.850000381469727,17.549999237060547,18.139999389648438,3402400,0.0,0.0
2022-08-25 00:00:00-04:00,18.139999389648438,18.360000610351562,16.799999237060547,17.309999465942383,3821200,0.0,0.0
2022-08-26 00:00:00-04:00,17.360000610351562,17.3700008392334,16.420000076293945,16.670000076293945,3297900,0.0,0.0
2022-08-29 00:00:00-04:00,16.25,16.6299991607666,16.149999618530273,16.489999771118164,2601600,0.0,0.0
2022-08-30 00:00:00-04:00,16.399999618530273,16.520000457763672,13.220000267028809,14.880000114440918,11302300,0.0,0.0
2022-08-31 00:00:00-04:00,15.199999809265137,15.479999542236328,14.550000190734863,15.300000190734863,4962000,0.0,0.0
2022-09-01 00:00:00-04:00,15.130000114440918,15.460000038146973,14.880000114440918,15.300000190734863,3176300,0.0,0.0
2022-09-02 00:00:00-04:00,15.220000267028809,15.609999656677246,14.630000114440918,14.800000190734863,3297500,0.0,0.0
2022-09-06 00:00:00-04:00,14.579999923706055,14.739999771118164,14.199999809265137,14.59000015258789,2050100,0.0,0.0
2022-09-07 00:00:00-04:00,15.989999771118164,16.530000686645508,10.75,11.510000228881836,28592800,0.0,0.0
2022-09-08 00:00:00-04:00,11.479999542236328,12.920000076293945,11.100000381469727,12.770000457763672,11318300,0.0,0.0
2022-09-09 00:00:00-04:00,12.90999984741211,15.6899995803833,12.75,15.569999694824219,13253600,0.0,0.0
2022-09-12 00:00:00-04:00,15.569999694824219,16.18000030517578,14.859999656677246,16.09000015258789,5836700,0.0,0.0
2022-09-13 00:00:00-04:00,15.5600004196167,16.3799991607666,15.270000457763672,15.380000114440918,4155000,0.0,0.0
2022-09-14 00:00:00-04:00,15.670000076293945,16.149999618530273,14.960000038146973,15.770000457763672,3507500,0.0,0.0
2022-09-15 00:00:00-04:00,15.59000015258789,16.06999969482422,15.020000457763672,15.15999984741211,3038300,0.0,0.0
2022-09-16 00:00:00-04:00,14.899999618530273,14.920000076293945,14.069999694824219,14.279999732971191,3759700,0.0,0.0
2022-09-19 00:00:00-04:00,13.479999542236328,13.579999923706055,10.479999542236328,11.6899995803833,13660100,0.0,0.0
2022-09-20 00:00:00-04:00,11.270000457763672,12.449999809265137,11.149999618530273,11.869999885559082,6069900,0.0,0.0
2022-09-21 00:00:00-04:00,11.770000457763672,11.789999961853027,10.319999694824219,10.710000038146973,7638800,0.0,0.0
2022-09-22 00:00:00-04:00,10.420000076293945,10.850000381469727,10.359999656677246,10.670000076293945,2929500,0.0,0.0
2022-09-23 00:00:00-04:00,10.4399995803833,10.449999809265137,9.859999656677246,10.220000267028809,5479300,0.0,0.0
2022-09-26 00:00:00-04:00,10.199999809265137,10.899999618530273,10.130000114440918,10.729999542236328,3714300,0.0,0.0
2022-09-27 00:00:00-04:00,10.9399995803833,11.239999771118164,10.649999618530273,11.109999656677246,3135700,0.0,0.0
2022-09-28 00:00:00-04:00,11.0,11.239999771118164,10.84000015258789,11.010000228881836,2163300,0.0,0.0
2022-09-29 00:00:00-04:00,10.899999618530273,11.779999732971191,10.550000190734863,11.720000267028809,4183800,0.0,0.0
2022-09-30 00:00:00-04:00,11.510000228881836,11.880000114440918,11.079999923706055,11.520000457763672,4220700,0.0,0.0
2022-10-03 00:00:00-04:00,11.6899995803833,12.59000015258789,11.199999809265137,12.279999732971191,3582200,0.0,0.0
2022-10-04 00:00:00-04:00,12.449999809265137,12.960000038146973,12.029999732971191,12.510000228881836,3763300,0.0,0.0
2022-10-05 00:00:00-04:00,12.220000267028809,12.279999732971191,11.25,11.890000343322754,2414000,0.0,0.0
2022-10-06 00:00:00-04:00,11.890000343322754,12.289999961853027,11.3100004196167,11.40999984741211,2080900,0.0,0.0
2022-10-07 00:00:00-04:00,11.380000114440918,11.460000038146973,10.899999618530273,11.069999694824219,2185400,0.0,0.0
2022-10-10 00:00:00-04:00,10.960000038146973,11.140000343322754,10.3100004196167,10.609999656677246,1818900,0.0,0.0
2022-10-11 00:00:00-04:00,10.609999656677246,11.399999618530273,10.479999542236328,11.149999618530273,2098200,0.0,0.0
2022-10-12 00:00:00-04:00,11.09000015258789,11.170000076293945,10.460000038146973,10.949999809265137,1747200,0.0,0.0
2022-10-13 00:00:00-04:00,10.90999984741211,11.6899995803833,10.25,11.399999618530273,2732500,0.0,0.0
2022-10-14 00:00:00-04:00,11.479999542236328,11.720000267028809,10.789999961853027,10.859999656677246,1239800,0.0,0.0
2022-10-17 00:00:00-04:00,11.100000381469727,11.9399995803833,11.050000190734863,11.470000267028809,2517100,0.0,0.0
2022-10-18 00:00:00-04:00,11.65999984741211,12.600000381469727,11.59000015258789,11.9399995803833,3178100,0.0,0.0
2022-10-19 00:00:00-04:00,11.640000343322754,12.039999961853027,10.989999771118164,11.119999885559082,2107400,0.0,0.0
2022-10-20 00:00:00-04:00,11.010000228881836,11.569999694824219,10.90999984741211,11.170000076293945,1163900,0.0,0.0
2022-10-21 00:00:00-04:00,11.09000015258789,11.25,10.890000343322754,11.180000305175781,1686200,0.0,0.0
2022-10-24 00:00:00-04:00,11.25,11.319999694824219,10.5600004196167,10.890000343322754,2112400,0.0,0.0
2022-10-25 00:00:00-04:00,10.890000343322754,11.720000267028809,10.859999656677246,11.630000114440918,2015100,0.0,0.0
2022-10-26 00:00:00-04:00,11.670000076293945,12.850000381469727,11.630000114440918,12.09000015258789,2584600,0.0,0.0
2022-10-27 00:00:00-04:00,12.170000076293945,12.520000457763672,12.079999923706055,12.239999771118164,1293300,0.0,0.0
2022-10-28 00:00:00-04:00,12.34000015258789,12.979999542236328,12.079999923706055,12.210000038146973,2038700,0.0,0.0
2022-10-31 00:00:00-04:00,12.130000114440918,12.8100004196167,12.069999694824219,12.239999771118164,2719900,0.0,0.0
2022-11-01 00:00:00-04:00,12.510000228881836,12.930000305175781,12.260000228881836,12.40999984741211,1982300,0.0,0.0
2022-11-02 00:00:00-04:00,12.59000015258789,12.600000381469727,11.420000076293945,11.460000038146973,2689500,0.0,0.0
2022-11-03 00:00:00-04:00,11.329999923706055,11.9399995803833,11.229999542236328,11.279999732971191,1791900,0.0,0.0
2022-11-04 00:00:00-04:00,11.5,11.600000381469727,10.289999961853027,10.350000381469727,3910800,0.0,0.0
2022-11-07 00:00:00-05:00,12.0,15.899999618530273,11.800000190734863,14.4399995803833,55151900,0.0,0.0
2022-11-08 00:00:00-05:00,14.680000305175781,15.569999694824219,14.020000457763672,15.010000228881836,11311400,0.0,0.0
2022-11-09 00:00:00-05:00,15.010000228881836,15.010000228881836,15.010000228881836,15.010000228881836,131200,0.0,0.0
2022-11-10 00:00:00-05:00,6.179999828338623,7.78000020980835,6.039999961853027,6.96999979019165,36284500,0.0,0.0
2022-11-11 00:00:00-05:00,7.150000095367432,7.190000057220459,6.5,6.590000152587891,8643500,0.0,0.0
2022-11-14 00:00:00-05:00,6.449999809265137,6.599999904632568,5.980000019073486,6.190000057220459,6984800,0.0,0.0
2022-11-15 00:00:00-05:00,6.309999942779541,6.659999847412109,6.190000057220459,6.269999980926514,4204000,0.0,0.0
2022-11-16 00:00:00-05:00,6.349999904632568,6.389999866485596,6.019999980926514,6.090000152587891,3574800,0.0,0.0
2022-11-17 00:00:00-05:00,6.059999942779541,6.139999866485596,5.900000095367432,5.929999828338623,3324800,0.0,0.0
2022-11-18 00:00:00-05:00,5.989999771118164,6.630000114440918,5.769999980926514,6.0,5885000,0.0,0.0
2022-11-21 00:00:00-05:00,5.889999866485596,5.929999828338623,5.329999923706055,5.380000114440918,3710000,0.0,0.0
2022-11-22 00:00:00-05:00,5.400000095367432,5.659999847412109,5.150000095367432,5.349999904632568,3158700,0.0,0.0
2022-11-23 00:00:00-05:00,5.300000190734863,5.639999866485596,5.260000228881836,5.510000228881836,2407400,0.0,0.0
2022-11-25 00:00:00-05:00,5.429999828338623,5.840000152587891,5.360000133514404,5.610000133514404,1791200,0.0,0.0
2022-11-28 00:00:00-05:00,5.489999771118164,5.800000190734863,5.389999866485596,5.420000076293945,1877100,0.0,0.0
2022-11-29 00:00:00-05:00,5.420000076293945,5.559999942779541,5.380000114440918,5.519999980926514,1733800,0.0,0.0
2022-11-30 00:00:00-05:00,5.489999771118164,5.679999828338623,5.360000133514404,5.679999828338623,3326700,0.0,0.0
2022-12-01 00:00:00-05:00,5.579999923706055,5.639999866485596,5.360000133514404,5.480000019073486,2707000,0.0,0.0
2022-12-02 00:00:00-05:00,5.5,5.630000114440918,5.400000095367432,5.5,2911600,0.0,0.0
2022-12-05 00:00:00-05:00,5.400000095367432,6.53000020980835,5.380000114440918,5.820000171661377,9495000,0.0,0.0
2022-12-06 00:00:00-05:00,5.75,6.349999904632568,5.550000190734863,5.659999847412109,6879600,0.0,0.0
2022-12-07 00:00:00-05:00,5.599999904632568,5.659999847412109,5.239999771118164,5.570000171661377,3333200,0.0,0.0
2022-12-08 00:00:00-05:00,5.599999904632568,6.130000114440918,5.53000020980835,5.829999923706055,3277100,0.0,0.0
2022-12-09 00:00:00-05:00,5.789999961853027,5.829999923706055,5.409999847412109,5.46999979019165,3073300,0.0,0.0
2022-12-12 00:00:00-05:00,5.400000095367432,5.5,5.239999771118164,5.369999885559082,2645300,0.0,0.0
2022-12-13 00:00:00-05:00,5.46999979019165,5.650000095367432,5.309999942779541,5.309999942779541,2584700,0.0,0.0
2022-12-14 00:00:00-05:00,5.300000190734863,5.449999809265137,5.150000095367432,5.230000019073486,2215900,0.0,0.0
2022-12-15 00:00:00-05:00,5.150000095367432,5.289999961853027,5.039999961853027,5.110000133514404,1896700,0.0,0.0
2022-12-16 00:00:00-05:00,5.03000020980835,5.199999809265137,4.940000057220459,4.989999771118164,3212100,0.0,0.0
2022-12-19 00:00:00-05:00,5.010000228881836,5.03000020980835,4.760000228881836,4.809999942779541,2268500,0.0,0.0
2022-12-20 00:00:00-05:00,4.760000228881836,4.909999847412109,4.570000171661377,4.78000020980835,2427000,0.0,0.0
2022-12-21 00:00:00-05:00,4.800000190734863,5.170000076293945,4.710000038146973,5.110000133514404,2275000,0.0,0.0
2022-12-22 00:00:00-05:00,5.039999961853027,5.170000076293945,4.889999866485596,5.119999885559082,1719400,0.0,0.0
2022-12-23 00:00:00-05:00,5.139999866485596,5.190000057220459,4.960000038146973,5.050000190734863,1557500,0.0,0.0
2022-12-27 00:00:00-05:00,5.059999942779541,5.059999942779541,4.710000038146973,4.929999828338623,1920500,0.0,0.0
2022-12-28 00:00:00-05:00,4.849999904632568,5.039999961853027,4.769999980926514,5.010000228881836,1601000,0.0,0.0
2022-12-29 00:00:00-05:00,5.039999961853027,5.320000171661377,4.929999828338623,5.289999961853027,1669200,0.0,0.0
2022-12-30 00:00:00-05:00,5.21999979019165,5.349999904632568,5.010000228881836,5.28000020980835,1892800,0.0,0.0
2023-01-03 00:00:00-05:00,5.309999942779541,5.480000019073486,5.130000114440918,5.139999866485596,1698300,0.0,0.0
2023-01-04 00:00:00-05:00,5.139999866485596,5.460000038146973,5.059999942779541,5.429999828338623,1495600,0.0,0.0
2023-01-05 00:00:00-05:00,5.400000095367432,5.659999847412109,5.199999809265137,5.639999866485596,1462800,0.0,0.0
2023-01-06 00:00:00-05:00,5.630000114440918,5.639999866485596,5.380000114440918,5.409999847412109,1326000,0.0,0.0
2023-01-09 00:00:00-05:00,5.480000019073486,5.489999771118164,5.28000020980835,5.289999961853027,1229000,0.0,0.0
2023-01-10 00:00:00-05:00,5.309999942779541,5.829999923706055,5.309999942779541,5.699999809265137,3069000,0.0,0.0
2023-01-11 00:00:00-05:00,5.739999771118164,5.860000133514404,5.630000114440918,5.690000057220459,1835600,0.0,0.0
2023-01-12 00:00:00-05:00,5.75,6.170000076293945,5.5,6.159999847412109,2428100,0.0,0.0
2023-01-13 00:00:00-05:00,6.130000114440918,6.340000152587891,6.0,6.260000228881836,1524400,0.0,0.0
2023-01-17 00:00:00-05:00,6.28000020980835,6.539999961853027,6.050000190734863,6.210000038146973,2004500,0.0,0.0
2023-01-18 00:00:00-05:00,6.21999979019165,6.420000076293945,6.099999904632568,6.210000038146973,1370100,0.0,0.0
2023-01-19 00:00:00-05:00,6.199999809265137,6.21999979019165,6.010000228881836,6.130000114440918,810100,0.0,0.0
2023-01-20 00:00:00-05:00,6.110000133514404,6.440000057220459,6.099999904632568,6.409999847412109,1472600,0.0,0.0
2023-01-23 00:00:00-05:00,6.269999980926514,6.409999847412109,6.010000228881836,6.239999771118164,2288700,0.0,0.0
2023-01-24 00:00:00-05:00,6.230000019073486,6.570000171661377,6.199999809265137,6.269999980926514,1334200,0.0,0.0
2023-01-25 00:00:00-05:00,6.130000114440918,6.159999847412109,5.889999866485596,6.110000133514404,1440900,0.0,0.0
2023-01-26 00:00:00-05:00,6.190000057220459,6.239999771118164,5.860000133514404,5.909999847412109,1813800,0.0,0.0
2023-01-27 00:00:00-05:00,5.880000114440918,6.090000152587891,5.809999942779541,5.900000095367432,1857900,0.0,0.0
2023-01-30 00:00:00-05:00,5.900000095367432,5.960000038146973,5.400000095367432,5.570000171661377,2503300,0.0,0.0
2023-01-31 00:00:00-05:00,5.510000228881836,5.989999771118164,5.510000228881836,5.760000228881836,2124900,0.0,0.0
2023-02-01 00:00:00-05:00,5.739999771118164,5.920000076293945,5.570000171661377,5.900000095367432,2259500,0.0,0.0
2023-02-02 00:00:00-05:00,5.949999809265137,6.340000152587891,5.840000152587891,5.909999847412109,2020100,0.0,0.0
2023-02-03 00:00:00-05:00,5.900000095367432,6.090000152587891,5.71999979019165,5.760000228881836,1237800,0.0,0.0
2023-02-06 00:00:00-05:00,5.699999809265137,5.849999904632568,5.579999923706055,5.710000038146973,1229500,0.0,0.0
2023-02-07 00:00:00-05:00,5.78000020980835,5.78000020980835,5.21999979019165,5.409999847412109,2068300,0.0,0.0
2023-02-08 00:00:00-05:00,5.309999942779541,5.380000114440918,5.039999961853027,5.130000114440918,2281800,0.0,0.0
2023-02-09 00:00:00-05:00,4.449999809265137,4.579999923706055,3.880000114440918,3.9700000286102295,6558100,0.0,0.0
2023-02-10 00:00:00-05:00,4.059999942779541,4.320000171661377,4.0,4.150000095367432,3766200,0.0,0.0
2023-02-13 00:00:00-05:00,4.150000095367432,4.150000095367432,3.940000057220459,4.019999980926514,1828300,0.0,0.0
2023-02-14 00:00:00-05:00,4.0,4.090000152587891,3.9000000953674316,4.010000228881836,1760300,0.0,0.0
2023-02-15 00:00:00-05:00,3.950000047683716,4.53000020980835,3.950000047683716,4.400000095367432,2918700,0.0,0.0
2023-02-16 00:00:00-05:00,4.28000020980835,4.940000057220459,4.28000020980835,4.539999961853027,3501900,0.0,0.0
2023-02-17 00:00:00-05:00,4.510000228881836,4.670000076293945,4.409999847412109,4.590000152587891,1544000,0.0,0.0
2023-02-21 00:00:00-05:00,4.570000171661377,4.75,4.389999866485596,4.440000057220459,1581200,0.0,0.0
2023-02-22 00:00:00-05:00,4.429999828338623,4.639999866485596,4.369999885559082,4.480000019073486,1386300,0.0,0.0
2023-02-23 00:00:00-05:00,4.5,4.539999961853027,4.340000152587891,4.420000076293945,1027800,0.0,0.0
2023-02-24 00:00:00-05:00,4.300000190734863,4.360000133514404,4.090000152587891,4.139999866485596,1412000,0.0,0.0
2023-02-27 00:00:00-05:00,4.139999866485596,4.199999809265137,3.990000009536743,4.010000228881836,1270700,0.0,0.0
2023-02-28 00:00:00-05:00,4.0,4.079999923706055,3.9100000858306885,3.9600000381469727,1571500,0.0,0.0
2023-03-01 00:00:00-05:00,3.930000066757202,3.950000047683716,3.740000009536743,3.759999990463257,1672000,0.0,0.0
2023-03-02 00:00:00-05:00,3.7100000381469727,3.8299999237060547,3.6500000953674316,3.7799999713897705,3490600,0.0,0.0
2023-03-03 00:00:00-05:00,2.4000000953674316,2.549999952316284,2.259999990463257,2.4200000762939453,16415700,0.0,0.0
2023-03-06 00:00:00-05:00,2.450000047683716,2.5799999237060547,2.4000000953674316,2.440000057220459,3764000,0.0,0.0
2023-03-07 00:00:00-05:00,2.4200000762939453,2.430000066757202,2.319999933242798,2.359999895095825,2356600,0.0,0.0
2023-03-08 00:00:00-05:00,2.319999933242798,2.4000000953674316,2.25,2.390000104904175,2484400,0.0,0.0
2023-03-09 00:00:00-05:00,2.369999885559082,2.4000000953674316,2.2100000381469727,2.240000009536743,2740400,0.0,0.0
2023-03-10 00:00:00-05:00,2.240000009536743,2.240000009536743,2.0799999237060547,2.180000066757202,4585700,0.0,0.0
2023-03-13 00:00:00-04:00,2.130000114440918,2.130000114440918,2.0,2.0299999713897705,4034400,0.0,0.0
2023-03-14 00:00:00-04:00,2.059999942779541,2.1700000762939453,2.0399999618530273,2.069999933242798,2999700,0.0,0.0
2023-03-15 00:00:00-04:00,2.0,2.009999990463257,1.7999999523162842,1.840000033378601,3596600,0.0,0.0
2023-03-16 00:00:00-04:00,1.850000023841858,1.8700000047683716,1.7599999904632568,1.8600000143051147,2262900,0.0,0.0
2023-03-17 00:00:00-04:00,1.8300000429153442,1.8300000429153442,1.559999942779541,1.600000023841858,4106800,0.0,0.0
2023-03-20 00:00:00-04:00,1.600000023841858,1.7799999713897705,1.5399999618530273,1.7300000190734863,2733800,0.0,0.0
2023-03-21 00:00:00-04:00,1.75,1.75,1.5700000524520874,1.590000033378601,2846400,0.0,0.0
2023-03-22 00:00:00-04:00,1.5700000524520874,1.5800000429153442,1.3600000143051147,1.409999966621399,4460300,0.0,0.0
2023-03-23 00:00:00-04:00,1.409999966621399,1.4500000476837158,1.2799999713897705,1.309999942779541,3140500,0.0,0.0
2023-03-24 00:00:00-04:00,1.2999999523162842,1.4299999475479126,1.25,1.3799999952316284,3739000,0.0,0.0
2023-03-27 00:00:00-04:00,1.3799999952316284,1.3899999856948853,1.2799999713897705,1.2799999713897705,1827800,0.0,0.0
2023-03-28 00:00:00-04:00,1.309999942779541,1.340000033378601,1.2699999809265137,1.2999999523162842,1106900,0.0,0.0
2023-03-29 00:00:00-04:00,1.3200000524520874,1.350000023841858,1.2799999713897705,1.3200000524520874,880800,0.0,0.0
2023-03-30 00:00:00-04:00,1.3200000524520874,1.340000033378601,1.2000000476837158,1.2000000476837158,1798500,0.0,0.0
2023-03-31 00:00:00-04:00,1.2000000476837158,1.25,1.149999976158142,1.159999966621399,1963400,0.0,0.0
2023-04-03 00:00:00-04:00,1.159999966621399,1.1799999475479126,1.1299999952316284,1.1399999856948853,2016200,0.0,0.0
2023-04-04 00:00:00-04:00,1.2300000190734863,1.25,1.1100000143051147,1.1100000143051147,4258300,0.0,0.0
2023-04-05 00:00:00-04:00,1.1299999952316284,1.149999976158142,1.100000023841858,1.1200000047683716,1587900,0.0,0.0
2023-04-06 00:00:00-04:00,1.090000033378601,1.100000023841858,0.9900000095367432,1.059999942779541,2831600,0.0,0.0
2023-04-10 00:00:00-04:00,1.0499999523162842,1.0499999523162842,0.9900000095367432,1.0,1856700,0.0,0.0
2023-04-11 00:00:00-04:00,1.0,1.090000033378601,1.0,1.0099999904632568,4224800,0.0,0.0
2023-04-12 00:00:00-04:00,1.0099999904632568,1.0299999713897705,0.9800000190734863,1.0,1970100,0.0,0.0
2023-04-13 00:00:00-04:00,1.0099999904632568,1.1299999952316284,1.0099999904632568,1.0499999523162842,5313700,0.0,0.0
2023-04-14 00:00:00-04:00,1.0499999523162842,1.0499999523162842,0.9300000071525574,1.0,5532200,0.0,0.0
2023-04-17 00:00:00-04:00,0.9900000095367432,1.090000033378601,0.9800000190734863,1.0399999618530273,3906300,0.0,0.0
2023-04-18 00:00:00-04:00,1.0399999618530273,1.0499999523162842,1.0099999904632568,1.0299999713897705,1151700,0.0,0.0
2023-04-19 00:00:00-04:00,1.0099999904632568,1.059999942779541,1.0,1.0299999713897705,1519300,0.0,0.0
2023-04-20 00:00:00-04:00,1.059999942779541,1.2300000190734863,1.0399999618530273,1.2000000476837158,7190700,0.0,0.0
2023-04-21 00:00:00-04:00,1.309999942779541,1.4600000381469727,1.2100000381469727,1.409999966621399,11405000,0.0,0.0
2023-04-24 00:00:00-04:00,1.4800000190734863,1.5099999904632568,1.3300000429153442,1.399999976158142,5763000,0.0,0.0
2023-04-25 00:00:00-04:00,1.340000033378601,1.3600000143051147,1.2599999904632568,1.2899999618530273,1841900,0.0,0.0
2023-04-26 00:00:00-04:00,1.2899999618530273,1.309999942779541,1.2200000286102295,1.2799999713897705,1691300,0.0,0.0
2023-04-27 00:00:00-04:00,1.3200000524520874,1.3200000524520874,1.25,1.2699999809265137,1236200,0.0,0.0
2023-04-28 00:00:00-04:00,1.2400000095367432,1.2999999523162842,1.2400000095367432,1.2699999809265137,1447800,0.0,0.0
2023-05-01 00:00:00-04:00,1.2799999713897705,1.350000023841858,1.2300000190734863,1.340000033378601,1577100,0.0,0.0
2023-05-02 00:00:00-04:00,1.309999942779541,1.3700000047683716,1.2400000095367432,1.2599999904632568,1507900,0.0,0.0
2023-05-03 00:00:00-04:00,1.2300000190734863,1.3200000524520874,1.1699999570846558,1.2699999809265137,2830900,0.0,0.0
2023-05-04 00:00:00-04:00,1.2699999809265137,1.2999999523162842,1.2200000286102295,1.2699999809265137,1389000,0.0,0.0
2023-05-05 00:00:00-04:00,1.2599999904632568,1.3600000143051147,1.2599999904632568,1.340000033378601,1246300,0.0,0.0
2023-05-08 00:00:00-04:00,1.340000033378601,1.3899999856948853,1.309999942779541,1.3700000047683716,1395500,0.0,0.0
2023-05-09 00:00:00-04:00,1.350000023841858,1.3899999856948853,1.3200000524520874,1.3700000047683716,1360400,0.0,0.0
2023-05-10 00:00:00-04:00,1.3700000047683716,1.5199999809265137,1.3700000047683716,1.4900000095367432,2713600,0.0,0.0
2023-05-11 00:00:00-04:00,1.5099999904632568,1.5099999904632568,1.2100000381469727,1.2300000190734863,3530000,0.0,0.0
2023-05-12 00:00:00-04:00,1.2599999904632568,1.2599999904632568,1.0700000524520874,1.1399999856948853,3059600,0.0,0.0
2023-05-15 00:00:00-04:00,1.1399999856948853,1.1699999570846558,1.0800000429153442,1.1100000143051147,1158800,0.0,0.0
2023-05-16 00:00:00-04:00,1.100000023841858,1.1100000143051147,1.0299999713897705,1.0800000429153442,2244000,0.0,0.0
2023-05-17 00:00:00-04:00,1.0700000524520874,1.159999966621399,1.0700000524520874,1.1399999856948853,1637900,0.0,0.0
2023-05-18 00:00:00-04:00,1.1699999570846558,1.190000057220459,1.100000023841858,1.1299999952316284,1118300,0.0,0.0
2023-05-19 00:00:00-04:00,1.1399999856948853,1.1799999475479126,1.1100000143051147,1.1399999856948853,1056000,0.0,0.0
2023-05-22 00:00:00-04:00,1.1399999856948853,1.1699999570846558,1.090000033378601,1.1100000143051147,1248300,0.0,0.0
2023-05-23 00:00:00-04:00,1.1100000143051147,1.1299999952316284,1.0700000524520874,1.0800000429153442,1656900,0.0,0.0
2023-05-24 00:00:00-04:00,1.0700000524520874,1.090000033378601,1.0399999618530273,1.059999942779541,1189400,0.0,0.0
2023-05-25 00:00:00-04:00,1.0399999618530273,1.0499999523162842,1.0099999904632568,1.0299999713897705,1660600,0.0,0.0
2023-05-26 00:00:00-04:00,1.0299999713897705,1.100000023841858,1.0199999809265137,1.0399999618530273,1331500,0.0,0.0
2023-05-30 00:00:00-04:00,1.0399999618530273,1.090000033378601,1.0299999713897705,1.0800000429153442,861600,0.0,0.0
2023-05-31 00:00:00-04:00,1.0700000524520874,1.090000033378601,0.9900000095367432,0.9900000095367432,4568200,0.0,0.0
2023-06-01 00:00:00-04:00,1.0,1.0299999713897705,0.9599999785423279,0.9800000190734863,2449300,0.0,0.0
2023-06-02 00:00:00-04:00,0.9900000095367432,1.0399999618530273,0.9900000095367432,1.0399999618530273,1148600,0.0,0.0
2023-06-05 00:00:00-04:00,1.0299999713897705,1.100000023841858,1.0199999809265137,1.059999942779541,1094400,0.0,0.0
2023-06-06 00:00:00-04:00,1.0800000429153442,1.159999966621399,1.059999942779541,1.1299999952316284,1938900,0.0,0.0
2023-06-07 00:00:00-04:00,1.1399999856948853,1.2599999904632568,1.1299999952316284,1.2200000286102295,2391600,0.0,0.0
2023-06-08 00:00:00-04:00,1.2400000095367432,1.350000023841858,1.2100000381469727,1.309999942779541,1685900,0.0,0.0
2023-06-09 00:00:00-04:00,1.3200000524520874,1.340000033378601,1.2400000095367432,1.309999942779541,1212600,0.0,0.0
2023-06-12 00:00:00-04:00,1.2999999523162842,1.3600000143051147,1.25,1.2699999809265137,1034300,0.0,0.0
2023-06-13 00:00:00-04:00,1.2699999809265137,1.3300000429153442,1.25,1.3200000524520874,852500,0.0,0.0
2023-06-14 00:00:00-04:00,1.3300000429153442,1.350000023841858,1.2599999904632568,1.2799999713897705,1253100,0.0,0.0
2023-06-15 00:00:00-04:00,1.2999999523162842,1.3300000429153442,1.2599999904632568,1.309999942779541,1046300,0.0,0.0
2023-06-16 00:00:00-04:00,1.3200000524520874,1.340000033378601,1.190000057220459,1.2300000190734863,1665300,0.0,0.0
2023-06-20 00:00:00-04:00,1.2100000381469727,1.2300000190734863,1.149999976158142,1.2200000286102295,990300,0.0,0.0
2023-06-21 00:00:00-04:00,1.2300000190734863,1.2300000190734863,1.159999966621399,1.2100000381469727,850200,0.0,0.0
2023-06-22 00:00:00-04:00,1.190000057220459,1.2000000476837158,1.159999966621399,1.1699999570846558,813700,0.0,0.0
2023-06-23 00:00:00-04:00,1.1799999475479126,1.2200000286102295,1.1299999952316284,1.1299999952316284,8720500,0.0,0.0
2023-06-26 00:00:00-04:00,1.1399999856948853,1.149999976158142,1.0299999713897705,1.0299999713897705,2555100,0.0,0.0
2023-06-27 00:00:00-04:00,1.0499999523162842,1.149999976158142,1.0099999904632568,1.1200000047683716,1987700,0.0,0.0
2023-06-28 00:00:00-04:00,1.100000023841858,1.149999976158142,1.090000033378601,1.1299999952316284,799900,0.0,0.0
2023-06-29 00:00:00-04:00,1.149999976158142,1.190000057220459,1.1299999952316284,1.1799999475479126,884600,0.0,0.0
2023-06-30 00:00:00-04:00,1.149999976158142,1.2100000381469727,1.1399999856948853,1.190000057220459,1015000,0.0,0.0
2023-07-03 00:00:00-04:00,1.159999966621399,1.25,1.159999966621399,1.2000000476837158,698500,0.0,0.0
2023-07-05 00:00:00-04:00,1.190000057220459,1.25,1.190000057220459,1.2000000476837158,895500,0.0,0.0
2023-07-06 00:00:00-04:00,1.190000057220459,1.190000057220459,1.1100000143051147,1.1100000143051147,961700,0.0,0.0
2023-07-07 00:00:00-04:00,1.1200000047683716,1.1799999475479126,1.1200000047683716,1.1299999952316284,529800,0.0,0.0
2023-07-10 00:00:00-04:00,1.149999976158142,1.25,1.1399999856948853,1.2000000476837158,1653800,0.0,0.0
2023-07-11 00:00:00-04:00,1.2400000095367432,1.2999999523162842,1.2200000286102295,1.2300000190734863,1181400,0.0,0.0
2023-07-12 00:00:00-04:00,1.2899999618530273,1.340000033378601,1.2200000286102295,1.2300000190734863,1237800,0.0,0.0
2023-07-13 00:00:00-04:00,1.25,1.2699999809265137,1.2100000381469727,1.2599999904632568,911600,0.0,0.0
2023-07-14 00:00:00-04:00,1.2300000190734863,1.2599999904632568,1.2000000476837158,1.2200000286102295,545300,0.0,0.0
2023-07-17 00:00:00-04:00,1.2300000190734863,1.2799999713897705,1.2100000381469727,1.2599999904632568,827700,0.0,0.0
2023-07-18 00:00:00-04:00,1.2599999904632568,1.4500000476837158,1.2599999904632568,1.3200000524520874,2601900,0.0,0.0
2023-07-19 00:00:00-04:00,1.3200000524520874,1.399999976158142,1.3200000524520874,1.3300000429153442,1109800,0.0,0.0
2023-07-20 00:00:00-04:00,1.3600000143051147,1.3799999952316284,1.2999999523162842,1.3300000429153442,848100,0.0,0.0
2023-07-21 00:00:00-04:00,1.340000033378601,1.350000023841858,1.25,1.2899999618530273,936800,0.0,0.0
2023-07-24 00:00:00-04:00,1.2899999618530273,1.3200000524520874,1.2100000381469727,1.25,916300,0.0,0.0
2023-07-25 00:00:00-04:00,1.25,1.2799999713897705,1.1799999475479126,1.190000057220459,949700,0.0,0.0
2023-07-26 00:00:00-04:00,1.2300000190734863,1.25,1.190000057220459,1.2200000286102295,777800,0.0,0.0
2023-07-27 00:00:00-04:00,1.2300000190734863,1.25,1.1699999570846558,1.190000057220459,731800,0.0,0.0
2023-07-28 00:00:00-04:00,1.190000057220459,1.25,1.190000057220459,1.2400000095367432,504000,0.0,0.0
2023-07-31 00:00:00-04:00,1.2400000095367432,1.2999999523162842,1.2200000286102295,1.2599999904632568,795100,0.0,0.0
2023-08-01 00:00:00-04:00,1.2400000095367432,1.25,1.159999966621399,1.2000000476837158,1271200,0.0,0.0
2023-08-02 00:00:00-04:00,1.1799999475479126,1.2000000476837158,1.1299999952316284,1.1699999570846558,807300,0.0,0.0
2023-08-03 00:00:00-04:00,1.159999966621399,1.2000000476837158,1.149999976158142,1.1699999570846558,597900,0.0,0.0
2023-08-04 00:00:00-04:00,1.190000057220459,1.2100000381469727,1.1399999856948853,1.149999976158142,836100,0.0,0.0
2023-08-07 00:00:00-04:00,1.1399999856948853,1.159999966621399,1.100000023841858,1.1299999952316284,1230100,0.0,0.0
2023-08-08 00:00:00-04:00,1.100000023841858,1.1299999952316284,1.059999942779541,1.090000033378601,1261800,0.0,0.0
2023-08-09 00:00:00-04:00,1.0800000429153442,1.1200000047683716,1.059999942779541,1.0800000429153442,969500,0.0,0.0
2023-08-10 00:00:00-04:00,1.090000033378601,1.1100000143051147,1.0499999523162842,1.090000033378601,1195700,0.0,0.0
2023-08-11 00:00:00-04:00,1.1100000143051147,1.159999966621399,1.1100000143051147,1.1399999856948853,713800,0.0,0.0
2023-08-14 00:00:00-04:00,1.1399999856948853,1.1699999570846558,1.1299999952316284,1.1399999856948853,525300,0.0,0.0
2023-08-15 00:00:00-04:00,1.1299999952316284,1.149999976158142,1.100000023841858,1.1200000047683716,441500,0.0,0.0
2023-08-16 00:00:00-04:00,1.1200000047683716,1.1299999952316284,1.0499999523162842,1.0800000429153442,832400,0.0,0.0
2023-08-17 00:00:00-04:00,1.059999942779541,1.090000033378601,1.0199999809265137,1.0299999713897705,915600,0.0,0.0
2023-08-18 00:00:00-04:00,1.0700000524520874,1.1200000047683716,1.0700000524520874,1.0800000429153442,663700,0.0,0.0
2023-08-21 00:00:00-04:00,1.1100000143051147,1.1100000143051147,1.0499999523162842,1.0700000524520874,569300,0.0,0.0
2023-08-22 00:00:00-04:00,1.090000033378601,1.100000023841858,1.0299999713897705,1.0499999523162842,527600,0.0,0.0
2023-08-23 00:00:00-04:00,1.0499999523162842,1.0700000524520874,1.0399999618530273,1.0399999618530273,413600,0.0,0.0
2023-08-24 00:00:00-04:00,1.059999942779541,1.059999942779541,1.0199999809265137,1.0299999713897705,711700,0.0,0.0
2023-08-25 00:00:00-04:00,1.0299999713897705,1.0399999618530273,1.0,1.0299999713897705,689600,0.0,0.0
2023-08-28 00:00:00-04:00,1.0399999618530273,1.0499999523162842,1.0199999809265137,1.0499999523162842,281700,0.0,0.0
2023-08-29 00:00:00-04:00,1.0499999523162842,1.0800000429153442,1.0299999713897705,1.0700000524520874,351100,0.0,0.0
2023-08-30 00:00:00-04:00,1.0700000524520874,1.100000023841858,1.0499999523162842,1.100000023841858,355600,0.0,0.0
2023-08-31 00:00:00-04:00,1.090000033378601,1.100000023841858,1.0399999618530273,1.0399999618530273,501600,0.0,0.0
2023-09-01 00:00:00-04:00,1.059999942779541,1.0700000524520874,1.0399999618530273,1.0399999618530273,567900,0.0,0.0
2023-09-05 00:00:00-04:00,1.0700000524520874,1.090000033378601,1.0499999523162842,1.090000033378601,384400,0.0,0.0
2023-09-06 00:00:00-04:00,1.090000033378601,1.090000033378601,1.0399999618530273,1.0499999523162842,587100,0.0,0.0
2023-09-07 00:00:00-04:00,1.0399999618530273,1.0499999523162842,1.0299999713897705,1.0399999618530273,368100,0.0,0.0
2023-09-08 00:00:00-04:00,1.0399999618530273,1.0499999523162842,1.0199999809265137,1.0299999713897705,426500,0.0,0.0
2023-09-11 00:00:00-04:00,1.0499999523162842,1.059999942779541,1.0299999713897705,1.0499999523162842,856400,0.0,0.0
2023-09-12 00:00:00-04:00,1.059999942779541,1.0700000524520874,1.0199999809265137,1.0199999809265137,474500,0.0,0.0
2023-09-13 00:00:00-04:00,1.0299999713897705,1.059999942779541,1.0199999809265137,1.059999942779541,1111700,0.0,0.0
2023-09-14 00:00:00-04:00,1.0499999523162842,1.059999942779541,1.0099999904632568,1.0099999904632568,603700,0.0,0.0
2023-09-15 00:00:00-04:00,1.0199999809265137,1.0399999618530273,1.0,1.0,1204800,0.0,0.0
2023-09-18 00:00:00-04:00,0.9800000190734863,0.9900000095367432,0.9100000262260437,0.9300000071525574,1498800,0.0,0.0
2023-09-19 00:00:00-04:00,0.9300000071525574,0.9399999976158142,0.8199999928474426,0.8299999833106995,1961100,0.0,0.0
2023-09-20 00:00:00-04:00,0.8399999737739563,0.9399999976158142,0.7799999713897705,0.9200000166893005,2180100,0.0,0.0
2023-09-21 00:00:00-04:00,0.9300000071525574,0.9800000190734863,0.8999999761581421,0.949999988079071,1074700,0.0,0.0
2023-09-22 00:00:00-04:00,0.9700000286102295,0.9700000286102295,0.8500000238418579,0.8700000047683716,837300,0.0,0.0
2023-09-25 00:00:00-04:00,0.8700000047683716,0.8899999856948853,0.8399999737739563,0.8399999737739563,379300,0.0,0.0
2023-09-26 00:00:00-04:00,0.8899999856948853,0.9200000166893005,0.7900000214576721,0.800000011920929,4500900,0.0,0.0
2023-09-27 00:00:00-04:00,0.8100000023841858,0.8199999928474426,0.7200000286102295,0.7799999713897705,1764100,0.0,0.0
2023-09-28 00:00:00-04:00,0.7699999809265137,0.7699999809265137,0.7300000190734863,0.75,1140700,0.0,0.0
2023-09-29 00:00:00-04:00,0.75,0.7699999809265137,0.699999988079071,0.7200000286102295,1138400,0.0,0.0
2023-10-02 00:00:00-04:00,0.7200000286102295,0.7400000095367432,0.7099999785423279,0.7300000190734863,668100,0.0,0.0
2023-10-03 00:00:00-04:00,0.7300000190734863,0.7599999904632568,0.7099999785423279,0.7400000095367432,789900,0.0,0.0
2023-10-04 00:00:00-04:00,0.7900000214576721,0.800000011920929,0.6600000262260437,0.7400000095367432,2164800,0.0,0.0
2023-10-05 00:00:00-04:00,0.7300000190734863,0.7799999713897705,0.7200000286102295,0.7599999904632568,698900,0.0,0.0
2023-10-06 00:00:00-04:00,0.7599999904632568,0.7900000214576721,0.7300000190734863,0.7599999904632568,493600,0.0,0.0
2023-10-09 00:00:00-04:00,0.75,0.800000011920929,0.7400000095367432,0.800000011920929,567000,0.0,0.0
2023-10-10 00:00:00-04:00,0.7799999713897705,0.8999999761581421,0.7799999713897705,0.8999999761581421,1432700,0.0,0.0
2023-10-11 00:00:00-04:00,0.9200000166893005,0.9200000166893005,0.8100000023841858,0.8100000023841858,872600,0.0,0.0
2023-10-12 00:00:00-04:00,0.8199999928474426,0.8600000143051147,0.7799999713897705,0.8600000143051147,797600,0.0,0.0
2023-10-13 00:00:00-04:00,0.8399999737739563,0.8700000047683716,0.8299999833106995,0.8500000238418579,393700,0.0,0.0
2023-10-16 00:00:00-04:00,0.8700000047683716,0.9700000286102295,0.8600000143051147,0.9399999976158142,1045300,0.0,0.0
2023-10-17 00:00:00-04:00,0.8999999761581421,1.1100000143051147,0.8999999761581421,1.0,2221300,0.0,0.0
2023-10-18 00:00:00-04:00,1.0,1.0,0.9399999976158142,0.9399999976158142,944400,0.0,0.0
2023-10-19 00:00:00-04:00,0.9300000071525574,0.9700000286102295,0.8500000238418579,0.8700000047683716,1176600,0.0,0.0
2023-10-20 00:00:00-04:00,0.8700000047683716,0.9200000166893005,0.7799999713897705,0.8100000023841858,784600,0.0,0.0
2023-10-23 00:00:00-04:00,0.8100000023841858,0.8100000023841858,0.7200000286102295,0.75,1175400,0.0,0.0
2023-10-24 00:00:00-04:00,0.75,0.8700000047683716,0.7400000095367432,0.8399999737739563,1322800,0.0,0.0
2023-10-25 00:00:00-04:00,0.8399999737739563,0.8700000047683716,0.800000011920929,0.8500000238418579,964500,0.0,0.0
2023-10-26 00:00:00-04:00,0.8600000143051147,0.949999988079071,0.8399999737739563,0.9100000262260437,942200,0.0,0.0
2023-10-27 00:00:00-04:00,0.9200000166893005,0.9200000166893005,0.8500000238418579,0.8799999952316284,474800,0.0,0.0
2023-10-30 00:00:00-04:00,0.8999999761581421,0.9599999785423279,0.8799999952316284,0.9599999785423279,788200,0.0,0.0
2023-10-31 00:00:00-04:00,0.9399999976158142,1.0199999809265137,0.8999999761581421,0.8999999761581421,1024400,0.0,0.0
2023-11-01 00:00:00-04:00,0.9300000071525574,0.949999988079071,0.8299999833106995,0.8700000047683716,615200,0.0,0.0
2023-11-02 00:00:00-04:00,0.8500000238418579,0.9900000095367432,0.8500000238418579,0.9700000286102295,748100,0.0,0.0
2023-11-03 00:00:00-04:00,0.9900000095367432,1.0099999904632568,0.9300000071525574,1.0,528000,0.0,0.0
2023-11-06 00:00:00-05:00,1.0099999904632568,1.0199999809265137,0.9800000190734863,0.9800000190734863,318400,0.0,0.0
2023-11-07 00:00:00-05:00,0.9800000190734863,1.0299999713897705,0.9700000286102295,1.0299999713897705,597900,0.0,0.0
2023-11-08 00:00:00-05:00,1.0199999809265137,1.0299999713897705,0.9599999785423279,0.9700000286102295,263600,0.0,0.0
2023-11-09 00:00:00-05:00,0.9800000190734863,0.9900000095367432,0.8999999761581421,0.9100000262260437,403100,0.0,0.0
2023-11-10 00:00:00-05:00,0.9300000071525574,0.9300000071525574,0.8799999952316284,0.9200000166893005,307500,0.0,0.0
2023-11-13 00:00:00-05:00,0.9200000166893005,0.949999988079071,0.8899999856948853,0.9399999976158142,151300,0.0,0.0
2023-11-14 00:00:00-05:00,0.949999988079071,1.0,0.9399999976158142,0.9599999785423279,416100,0.0,0.0
2023-11-15 00:00:00-05:00,0.9800000190734863,1.1399999856948853,0.9800000190734863,1.059999942779541,1813200,0.0,0.0
2023-11-16 00:00:00-05:00,1.0,1.0299999713897705,0.9599999785423279,1.0,962200,0.0,0.0
2023-11-17 00:00:00-05:00,0.9800000190734863,1.090000033378601,0.9700000286102295,1.0700000524520874,1287100,0.0,0.0
2023-11-20 00:00:00-05:00,1.1100000143051147,1.1100000143051147,0.9599999785423279,0.9900000095367432,1001600,0.0,0.0
2023-11-21 00:00:00-05:00,0.9800000190734863,1.0199999809265137,0.949999988079071,1.0,670400,0.0,0.0
2023-11-22 00:00:00-05:00,0.9800000190734863,0.9900000095367432,0.949999988079071,0.9800000190734863,429100,0.0,0.0
2023-11-24 00:00:00-05:00,0.9599999785423279,1.0199999809265137,0.9599999785423279,1.0099999904632568,240500,0.0,0.0
2023-11-27 00:00:00-05:00,1.0,1.0199999809265137,0.9900000095367432,1.0,464300,0.0,0.0
2023-11-28 00:00:00-05:00,0.9900000095367432,1.0,0.9300000071525574,0.949999988079071,861500,0.0,0.0
2023-11-29 00:00:00-05:00,0.9599999785423279,0.9599999785423279,0.9100000262260437,0.9200000166893005,888100,0.0,0.0
2023-11-30 00:00:00-05:00,0.8999999761581421,0.9599999785423279,0.8899999856948853,0.9599999785423279,850500,0.0,0.0
2023-12-01 00:00:00-05:00,0.9200000166893005,1.0099999904632568,0.9200000166893005,1.0099999904632568,560500,0.0,0.0
2023-12-04 00:00:00-05:00,0.9800000190734863,1.0099999904632568,0.9599999785423279,0.9800000190734863,546800,0.0,0.0
2023-12-05 00:00:00-05:00,0.9800000190734863,1.0199999809265137,0.9800000190734863,0.9900000095367432,429900,0.0,0.0
2023-12-06 00:00:00-05:00,0.9800000190734863,1.1200000047683716,0.9800000190734863,1.1100000143051147,1228300,0.0,0.0
2023-12-07 00:00:00-05:00,1.059999942779541,1.159999966621399,1.0299999713897705,1.1399999856948853,988500,0.0,0.0
2023-12-08 00:00:00-05:00,1.1399999856948853,1.2300000190734863,1.1399999856948853,1.1699999570846558,856000,0.0,0.0
2023-12-11 00:00:00-05:00,0.9800000190734863,0.9900000095367432,0.7699999809265137,0.8600000143051147,3982200,0.0,0.0
2023-12-12 00:00:00-05:00,0.8600000143051147,0.8700000047683716,0.8299999833106995,0.8500000238418579,707400,0.0,0.0
2023-12-13 00:00:00-05:00,0.8700000047683716,0.8700000047683716,0.7900000214576721,0.8299999833106995,1093000,0.0,0.0
2023-12-14 00:00:00-05:00,0.7599999904632568,0.800000011920929,0.6899999976158142,0.75,10477700,0.0,0.0
2023-12-15 00:00:00-05:00,0.75,0.7599999904632568,0.7200000286102295,0.7599999904632568,2462700,0.0,0.0
2023-12-18 00:00:00-05:00,0.75,0.7599999904632568,0.6800000071525574,0.6800000071525574,2936700,0.0,0.0
2023-12-19 00:00:00-05:00,0.6899999976158142,0.7200000286102295,0.6899999976158142,0.7200000286102295,1370800,0.0,0.0
2023-12-20 00:00:00-05:00,0.7200000286102295,0.7200000286102295,0.6600000262260437,0.6700000166893005,1738100,0.0,0.0
2023-12-21 00:00:00-05:00,0.6899999976158142,0.7200000286102295,0.6399999856948853,0.6700000166893005,1249700,0.0,0.0
2023-12-22 00:00:00-05:00,0.6600000262260437,0.7099999785423279,0.6600000262260437,0.7099999785423279,1203600,0.0,0.0
2023-12-26 00:00:00-05:00,0.6800000071525574,0.7300000190734863,0.6800000071525574,0.7200000286102295,1282000,0.0,0.0
2023-12-27 00:00:00-05:00,0.7400000095367432,0.75,0.699999988079071,0.7099999785423279,1375700,0.0,0.0
2023-12-28 00:00:00-05:00,0.7099999785423279,0.7599999904632568,0.7099999785423279,0.7599999904632568,2466400,0.0,0.0
2023-12-29 00:00:00-05:00,0.75,0.7599999904632568,0.7099999785423279,0.7200000286102295,1542700,0.0,0.0
2024-01-02 00:00:00-05:00,0.7400000095367432,0.7599999904632568,0.7099999785423279,0.7200000286102295,1178000,0.0,0.0
2024-01-03 00:00:00-05:00,0.7200000286102295,0.7200000286102295,0.6700000166893005,0.6800000071525574,945000,0.0,0.0
2024-01-04 00:00:00-05:00,0.699999988079071,0.7099999785423279,0.6499999761581421,0.6499999761581421,729400,0.0,0.0
2024-01-05 00:00:00-05:00,0.6499999761581421,0.6499999761581421,0.550000011920929,0.5899999737739563,2583800,0.0,0.0
2024-01-08 00:00:00-05:00,0.5799999833106995,0.6000000238418579,0.5400000214576721,0.5600000023841858,1923200,0.0,0.0
2024-01-09 00:00:00-05:00,0.5600000023841858,0.5799999833106995,0.550000011920929,0.5600000023841858,815700,0.0,0.0
2024-01-10 00:00:00-05:00,0.5600000023841858,0.5699999928474426,0.5,0.5099999904632568,1970500,0.0,0.0
2024-01-11 00:00:00-05:00,0.5099999904632568,0.5099999904632568,0.4000000059604645,0.4399999976158142,4122200,0.0,0.0
2024-01-12 00:00:00-05:00,0.46000000834465027,0.49000000953674316,0.4300000071525574,0.46000000834465027,3454900,0.0,0.0
2024-01-16 00:00:00-05:00,0.4699999988079071,0.47999998927116394,0.4099999964237213,0.41999998688697815,1945600,0.0,0.0
2024-01-17 00:00:00-05:00,0.4300000071525574,0.4399999976158142,0.4000000059604645,0.4399999976158142,1857100,0.0,0.0
2024-01-18 00:00:00-05:00,0.4300000071525574,0.4399999976158142,0.4099999964237213,0.41999998688697815,975900,0.0,0.0
2024-01-19 00:00:00-05:00,0.4000000059604645,0.4099999964237213,0.36000001430511475,0.3700000047683716,2851900,0.0,0.0
2024-01-22 00:00:00-05:00,0.3700000047683716,0.4000000059604645,0.36000001430511475,0.4000000059604645,2831900,0.0,0.0
2024-01-23 00:00:00-05:00,0.4000000059604645,0.4300000071525574,0.38999998569488525,0.4099999964237213,3031100,0.0,0.0
2024-01-24 00:00:00-05:00,0.4300000071525574,0.49000000953674316,0.41999998688697815,0.4300000071525574,4063800,0.0,0.0
2024-01-25 00:00:00-05:00,0.4399999976158142,0.44999998807907104,0.4000000059604645,0.4399999976158142,1762500,0.0,0.0
2024-01-26 00:00:00-05:00,0.44999998807907104,0.46000000834465027,0.4300000071525574,0.4300000071525574,874000,0.0,0.0
2024-01-29 00:00:00-05:00,0.4399999976158142,0.49000000953674316,0.4099999964237213,0.49000000953674316,1347000,0.0,0.0
2024-01-30 00:00:00-05:00,0.49000000953674316,0.49000000953674316,0.46000000834465027,0.4699999988079071,994600,0.0,0.0
2024-01-31 00:00:00-05:00,0.4699999988079071,0.5099999904632568,0.46000000834465027,0.49000000953674316,1004100,0.0,0.0
2024-02-01 00:00:00-05:00,0.5,0.5400000214576721,0.49000000953674316,0.49000000953674316,1516700,0.0,0.0
2024-02-02 00:00:00-05:00,0.5099999904632568,0.5299999713897705,0.47999998927116394,0.5,1659400,0.0,0.0
2024-02-05 00:00:00-05:00,0.5,0.5099999904632568,0.47999998927116394,0.49000000953674316,871400,0.0,0.0
2024-02-06 00:00:00-05:00,0.47999998927116394,0.49000000953674316,0.4300000071525574,0.4399999976158142,7505500,0.0,0.0
2024-02-07 00:00:00-05:00,0.4399999976158142,0.44999998807907104,0.4099999964237213,0.4399999976158142,1734000,0.0,0.0
2024-02-08 00:00:00-05:00,0.4300000071525574,0.4399999976158142,0.4000000059604645,0.4099999964237213,1576000,0.0,0.0
2024-02-09 00:00:00-05:00,0.41999998688697815,0.41999998688697815,0.3700000047683716,0.3799999952316284,3498400,0.0,0.0
2024-02-12 00:00:00-05:00,0.3799999952316284,0.4099999964237213,0.3799999952316284,0.38999998569488525,1700300,0.0,0.0
2024-02-13 00:00:00-05:00,0.3799999952316284,0.3799999952316284,0.36000001430511475,0.3799999952316284,2032200,0.0,0.0
2024-02-14 00:00:00-05:00,0.38999998569488525,0.41999998688697815,0.3700000047683716,0.41999998688697815,2002500,0.0,0.0
2024-02-15 00:00:00-05:00,0.41999998688697815,0.4300000071525574,0.4000000059604645,0.41999998688697815,1517300,0.0,0.0
2024-02-16 00:00:00-05:00,0.41999998688697815,0.49000000953674316,0.41999998688697815,0.47999998927116394,3190600,0.0,0.0
2024-02-20 00:00:00-05:00,0.5,0.5400000214576721,0.47999998927116394,0.5,2303700,0.0,0.0
2024-02-21 00:00:00-05:00,0.5099999904632568,0.5299999713897705,0.49000000953674316,0.5,1310600,0.0,0.0
2024-02-22 00:00:00-05:00,0.5,0.5699999928474426,0.4699999988079071,0.5600000023841858,2645000,0.0,0.0
2024-02-23 00:00:00-05:00,0.5400000214576721,0.6100000143051147,0.5299999713897705,0.5899999737739563,2673800,0.0,0.0
2024-02-26 00:00:00-05:00,0.5799999833106995,0.5899999737739563,0.5299999713897705,0.550000011920929,1417600,0.0,0.0
2024-02-27 00:00:00-05:00,0.550000011920929,0.6700000166893005,0.550000011920929,0.6499999761581421,4223300,0.0,0.0
2024-02-28 00:00:00-05:00,0.6399999856948853,0.6399999856948853,0.5799999833106995,0.6200000047683716,1796700,0.0,0.0
2024-02-29 00:00:00-05:00,0.6200000047683716,0.6299999952316284,0.6000000238418579,0.6100000143051147,1148000,0.0,0.0
2024-03-01 00:00:00-05:00,0.6000000238418579,0.6600000262260437,0.5899999737739563,0.6399999856948853,1160900,0.0,0.0
2024-03-04 00:00:00-05:00,0.6499999761581421,0.6499999761581421,0.6000000238418579,0.6399999856948853,742600,0.0,0.0
2024-03-05 00:00:00-05:00,0.6299999952316284,0.6299999952316284,0.5899999737739563,0.5899999737739563,1163900,0.0,0.0
2024-03-06 00:00:00-05:00,0.5899999737739563,0.6499999761581421,0.5899999737739563,0.6399999856948853,1069900,0.0,0.0
2024-03-07 00:00:00-05:00,0.6399999856948853,0.6499999761581421,0.6000000238418579,0.6100000143051147,714000,0.0,0.0
2024-03-08 00:00:00-05:00,0.6200000047683716,0.6700000166893005,0.6100000143051147,0.6499999761581421,1403700,0.0,0.0
2024-03-11 00:00:00-04:00,0.6499999761581421,0.7200000286102295,0.6499999761581421,0.6600000262260437,1618000,0.0,0.0
2024-03-12 00:00:00-04:00,0.6499999761581421,0.6700000166893005,0.6100000143051147,0.6299999952316284,793900,0.0,0.0
2024-03-13 00:00:00-04:00,0.6200000047683716,0.6600000262260437,0.6200000047683716,0.6399999856948853,672000,0.0,0.0
2024-03-14 00:00:00-04:00,0.6600000262260437,0.6600000262260437,0.6000000238418579,0.6000000238418579,584200,0.0,0.0
2024-03-15 00:00:00-04:00,0.6100000143051147,0.6200000047683716,0.5799999833106995,0.5799999833106995,1833500,0.0,0.0
2024-03-18 00:00:00-04:00,0.6000000238418579,0.6000000238418579,0.5400000214576721,0.5699999928474426,611000,0.0,0.0
2024-03-19 00:00:00-04:00,0.5699999928474426,0.6100000143051147,0.5600000023841858,0.6000000238418579,742400,0.0,0.0
2024-03-20 00:00:00-04:00,0.6000000238418579,0.6100000143051147,0.5699999928474426,0.5899999737739563,654000,0.0,0.0
2024-03-21 00:00:00-04:00,0.5899999737739563,0.6000000238418579,0.5600000023841858,0.5699999928474426,577400,0.0,0.0
2024-03-22 00:00:00-04:00,0.5600000023841858,0.5899999737739563,0.550000011920929,0.5600000023841858,432200,0.0,0.0
2024-03-25 00:00:00-04:00,0.5699999928474426,0.6200000047683716,0.5699999928474426,0.6100000143051147,578800,0.0,0.0
2024-03-26 00:00:00-04:00,0.6000000238418579,0.6100000143051147,0.5799999833106995,0.6100000143051147,522400,0.0,0.0
2024-03-27 00:00:00-04:00,0.6100000143051147,0.6499999761581421,0.5799999833106995,0.6499999761581421,3216400,0.0,0.0
2024-03-28 00:00:00-04:00,0.6899999976158142,0.7699999809265137,0.6899999976158142,0.699999988079071,5928800,0.0,0.0
2024-04-01 00:00:00-04:00,0.7200000286102295,0.7699999809265137,0.6700000166893005,0.7599999904632568,2280500,0.0,0.0
2024-04-02 00:00:00-04:00,0.7599999904632568,0.7799999713897705,0.699999988079071,0.7699999809265137,1096900,0.0,0.0
2024-04-03 00:00:00-04:00,0.7799999713897705,0.8500000238418579,0.7799999713897705,0.8299999833106995,2945700,0.0,0.0
2024-04-04 00:00:00-04:00,0.8199999928474426,0.8799999952316284,0.800000011920929,0.8299999833106995,1533500,0.0,0.0
2024-04-05 00:00:00-04:00,0.8299999833106995,0.9300000071525574,0.8299999833106995,0.9300000071525574,2430000,0.0,0.0
2024-04-08 00:00:00-04:00,0.949999988079071,1.090000033378601,0.8999999761581421,1.0299999713897705,3374200,0.0,0.0
2024-04-09 00:00:00-04:00,1.059999942779541,1.25,1.0399999618530273,1.1699999570846558,6189800,0.0,0.0
2024-04-10 00:00:00-04:00,1.1399999856948853,1.2400000095367432,1.0499999523162842,1.2400000095367432,2465200,0.0,0.0
2024-04-11 00:00:00-04:00,1.2699999809265137,1.9199999570846558,1.2599999904632568,1.7899999618530273,17815800,0.0,0.0
2024-04-12 00:00:00-04:00,1.809999942779541,1.850000023841858,1.409999966621399,1.5199999809265137,6380900,0.0,0.0
2024-04-15 00:00:00-04:00,1.5099999904632568,1.5299999713897705,1.1100000143051147,1.5299999713897705,7167700,0.0,0.0
2024-04-16 00:00:00-04:00,1.4199999570846558,1.440000057220459,1.2400000095367432,1.25,3203000,0.0,0.0
2024-04-17 00:00:00-04:00,1.25,1.2799999713897705,1.1299999952316284,1.159999966621399,2515300,0.0,0.0
2024-04-18 00:00:00-04:00,1.1399999856948853,1.4299999475479126,1.0,1.4199999570846558,7020000,0.0,0.0
2024-04-19 00:00:00-04:00,1.3899999856948853,1.5499999523162842,1.2999999523162842,1.309999942779541,2611000,0.0,0.0
2024-04-22 00:00:00-04:00,1.350000023841858,1.3600000143051147,1.25,1.2699999809265137,1409500,0.0,0.0
2024-04-23 00:00:00-04:00,1.2899999618530273,1.4800000190734863,1.2699999809265137,1.2699999809265137,2636000,0.0,0.0
2024-04-24 00:00:00-04:00,1.2999999523162842,1.3799999952316284,1.2799999713897705,1.3200000524520874,1552800,0.0,0.0
2024-04-25 00:00:00-04:00,1.309999942779541,1.350000023841858,1.2100000381469727,1.2100000381469727,2063100,0.0,0.0
2024-04-26 00:00:00-04:00,1.2400000095367432,1.2799999713897705,1.2100000381469727,1.2699999809265137,1282200,0.0,0.0
2024-04-29 00:00:00-04:00,1.2599999904632568,1.3200000524520874,1.1699999570846558,1.25,2334100,0.0,0.0
2024-04-30 00:00:00-04:00,1.2599999904632568,1.4199999570846558,1.2599999904632568,1.350000023841858,3713500,0.0,0.0
2024-05-01 00:00:00-04:00,1.3799999952316284,1.4900000095367432,1.350000023841858,1.4900000095367432,3250600,0.0,0.0
2024-05-02 00:00:00-04:00,1.4700000286102295,1.7200000286102295,1.440000057220459,1.6399999856948853,4123600,0.0,0.0
2024-05-03 00:00:00-04:00,1.659999966621399,1.7100000381469727,1.5499999523162842,1.6299999952316284,2919900,0.0,0.0
2024-05-06 00:00:00-04:00,1.6299999952316284,1.75,1.559999942779541,1.6399999856948853,1983200,0.0,0.0
2024-05-07 00:00:00-04:00,1.6299999952316284,1.7000000476837158,1.600000023841858,1.6299999952316284,2098200,0.0,0.0
2024-05-08 00:00:00-04:00,1.409999966621399,1.6399999856948853,1.2999999523162842,1.4299999475479126,3313200,0.0,0.0
2024-05-09 00:00:00-04:00,1.4500000476837158,1.4800000190734863,1.2999999523162842,1.3700000047683716,2050000,0.0,0.0
2024-05-10 00:00:00-04:00,1.3799999952316284,1.4500000476837158,1.3300000429153442,1.3300000429153442,1386100,0.0,0.0
2024-05-13 00:00:00-04:00,1.3200000524520874,1.3899999856948853,1.309999942779541,1.3300000429153442,1084100,0.0,0.0
2024-05-14 00:00:00-04:00,1.4199999570846558,1.5700000524520874,1.3799999952316284,1.4700000286102295,2680000,0.0,0.0
2024-05-15 00:00:00-04:00,1.5099999904632568,1.5199999809265137,1.4199999570846558,1.4700000286102295,1426500,0.0,0.0
2024-05-16 00:00:00-04:00,1.4500000476837158,1.4900000095367432,1.350000023841858,1.3700000047683716,1033300,0.0,0.0
2024-05-17 00:00:00-04:00,1.3899999856948853,1.3899999856948853,1.25,1.3200000524520874,1585500,0.0,0.0
2024-05-20 00:00:00-04:00,1.2799999713897705,1.4299999475479126,1.2799999713897705,1.4199999570846558,1443000,0.0,0.0
2024-05-21 00:00:00-04:00,1.440000057220459,1.5,1.3899999856948853,1.3899999856948853,1134500,0.0,0.0
2024-05-22 00:00:00-04:00,1.3700000047683716,1.409999966621399,1.340000033378601,1.3700000047683716,846400,0.0,0.0
2024-05-23 00:00:00-04:00,1.3899999856948853,1.3899999856948853,1.25,1.2699999809265137,2056900,0.0,0.0
2024-05-24 00:00:00-04:00,1.340000033378601,1.340000033378601,1.2000000476837158,1.2300000190734863,1641200,0.0,0.0
2024-05-28 00:00:00-04:00,1.309999942779541,1.309999942779541,1.0800000429153442,1.1100000143051147,4137700,0.0,0.0
2024-05-29 00:00:00-04:00,1.1299999952316284,1.1299999952316284,0.9399999976158142,1.0,3642700,0.0,0.0
2024-05-30 00:00:00-04:00,1.0,1.0299999713897705,0.9599999785423279,0.9700000286102295,1953300,0.0,0.0
2024-05-31 00:00:00-04:00,0.9900000095367432,1.0800000429153442,0.9800000190734863,1.0099999904632568,1879300,0.0,0.0
2024-06-03 00:00:00-04:00,1.0199999809265137,1.0499999523162842,0.9800000190734863,1.0099999904632568,7830000,0.0,0.0
2024-06-04 00:00:00-04:00,1.0199999809265137,1.0199999809265137,0.949999988079071,1.0099999904632568,1851000,0.0,0.0
2024-06-05 00:00:00-04:00,1.0,1.0299999713897705,0.9700000286102295,0.9800000190734863,933100,0.0,0.0
2024-06-06 00:00:00-04:00,0.9900000095367432,0.9900000095367432,0.8799999952316284,0.9200000166893005,1933200,0.0,0.0
2024-06-07 00:00:00-04:00,0.9100000262260437,0.9200000166893005,0.8799999952316284,0.9200000166893005,1053600,0.0,0.0
2024-06-10 00:00:00-04:00,0.8999999761581421,0.9700000286102295,0.8799999952316284,0.8999999761581421,3544300,0.0,0.0
2024-06-11 00:00:00-04:00,0.9700000286102295,0.9700000286102295,0.8999999761581421,0.9300000071525574,593500,0.0,0.0
2024-06-12 00:00:00-04:00,0.9399999976158142,0.9700000286102295,0.8700000047683716,0.8899999856948853,1621000,0.0,0.0
2024-06-13 00:00:00-04:00,0.8999999761581421,0.9200000166893005,0.8299999833106995,0.8399999737739563,1285000,0.0,0.0
2024-06-14 00:00:00-04:00,0.8399999737739563,0.8500000238418579,0.800000011920929,0.8100000023841858,1194400,0.0,0.0
2024-06-17 00:00:00-04:00,0.8100000023841858,0.8399999737739563,0.7799999713897705,0.8299999833106995,740800,0.0,0.0
2024-06-18 00:00:00-04:00,0.8399999737739563,0.8500000238418579,0.7900000214576721,0.800000011920929,1015700,0.0,0.0
2024-06-20 00:00:00-04:00,0.8100000023841858,0.8399999737739563,0.75,0.7799999713897705,1836200,0.0,0.0
2024-06-21 00:00:00-04:00,0.7799999713897705,0.7900000214576721,0.75,0.7799999713897705,674600,0.0,0.0
2024-06-24 00:00:00-04:00,0.7799999713897705,0.8600000143051147,0.7799999713897705,0.8500000238418579,1707700,0.0,0.0
2024-06-25 00:00:00-04:00,0.8799999952316284,0.8799999952316284,0.7900000214576721,0.7900000214576721,834800,0.0,0.0
2024-06-26 00:00:00-04:00,0.8100000023841858,0.8500000238418579,0.7699999809265137,0.800000011920929,1127300,0.0,0.0
2024-06-27 00:00:00-04:00,0.8299999833106995,0.8600000143051147,0.7799999713897705,0.800000011920929,1324700,0.0,0.0
2024-06-28 00:00:00-04:00,0.800000011920929,0.8799999952316284,0.7599999904632568,0.8399999737739563,15881700,0.0,0.0
2024-07-01 00:00:00-04:00,0.8399999737739563,0.8999999761581421,0.8199999928474426,0.8799999952316284,1522100,0.0,0.0
2024-07-02 00:00:00-04:00,0.8700000047683716,0.9800000190734863,0.8700000047683716,0.949999988079071,4537000,0.0,0.0
2024-07-03 00:00:00-04:00,0.9900000095367432,0.9900000095367432,0.8899999856948853,0.9100000262260437,1121900,0.0,0.0
2024-07-05 00:00:00-04:00,0.9300000071525574,0.9599999785423279,0.8799999952316284,0.949999988079071,1210600,0.0,0.0
2024-07-08 00:00:00-04:00,0.949999988079071,0.9599999785423279,0.8399999737739563,0.8500000238418579,1236900,0.0,0.0
2024-07-09 00:00:00-04:00,0.8500000238418579,0.8600000143051147,0.8199999928474426,0.8299999833106995,904400,0.0,0.0
2024-07-10 00:00:00-04:00,0.8500000238418579,0.8899999856948853,0.8199999928474426,0.8799999952316284,1142700,0.0,0.0
2024-07-11 00:00:00-04:00,0.8899999856948853,0.9599999785423279,0.8600000143051147,0.9300000071525574,1269200,0.0,0.0
2024-07-12 00:00:00-04:00,0.9399999976158142,0.9800000190734863,0.9100000262260437,0.949999988079071,1411800,0.0,0.0
2024-07-15 00:00:00-04:00,0.9399999976158142,0.9700000286102295,0.9200000166893005,0.949999988079071,791300,0.0,0.0
2024-07-16 00:00:00-04:00,0.9700000286102295,1.059999942779541,0.949999988079071,1.0399999618530273,1746700,0.0,0.0
2024-07-17 00:00:00-04:00,1.0700000524520874,1.1299999952316284,0.9800000190734863,1.0099999904632568,1969000,0.0,0.0
2024-07-18 00:00:00-04:00,1.0199999809265137,1.0199999809265137,0.9300000071525574,0.9399999976158142,1115000,0.0,0.0
2024-07-19 00:00:00-04:00,0.9599999785423279,0.9700000286102295,0.8799999952316284,0.8999999761581421,932800,0.0,0.0
2024-07-22 00:00:00-04:00,0.9200000166893005,0.9700000286102295,0.9100000262260437,0.9599999785423279,1126500,0.0,0.0
2024-07-23 00:00:00-04:00,0.949999988079071,0.9800000190734863,0.9399999976158142,0.9800000190734863,638200,0.0,0.0
2024-07-24 00:00:00-04:00,0.9599999785423279,0.9900000095367432,0.9399999976158142,0.949999988079071,705100,0.0,0.0
2024-07-25 00:00:00-04:00,0.949999988079071,0.9800000190734863,0.9399999976158142,0.949999988079071,660900,0.0,0.0
2024-07-26 00:00:00-04:00,0.9700000286102295,0.9700000286102295,0.9300000071525574,0.949999988079071,437600,0.0,0.0
2024-07-29 00:00:00-04:00,0.9399999976158142,0.9700000286102295,0.9399999976158142,0.9399999976158142,341100,0.0,0.0
2024-07-30 00:00:00-04:00,0.9399999976158142,0.9399999976158142,0.8799999952316284,0.9100000262260437,803000,0.0,0.0
2024-07-31 00:00:00-04:00,0.9399999976158142,0.9599999785423279,0.8999999761581421,0.9399999976158142,648200,0.0,0.0
2024-08-01 00:00:00-04:00,0.9200000166893005,0.949999988079071,0.8799999952316284,0.8899999856948853,565900,0.0,0.0
2024-08-02 00:00:00-04:00,0.8700000047683716,0.8899999856948853,0.8299999833106995,0.8399999737739563,711700,0.0,0.0
2024-08-05 00:00:00-04:00,0.7300000190734863,0.8500000238418579,0.7300000190734863,0.8299999833106995,786700,0.0,0.0
2024-08-06 00:00:00-04:00,0.8100000023841858,0.8500000238418579,0.800000011920929,0.8100000023841858,524100,0.0,0.0
2024-08-07 00:00:00-04:00,0.8399999737739563,0.8500000238418579,0.7699999809265137,0.7699999809265137,473800,0.0,0.0
2024-08-08 00:00:00-04:00,0.7799999713897705,0.8500000238418579,0.7799999713897705,0.8100000023841858,582100,0.0,0.0
2024-08-09 00:00:00-04:00,0.8199999928474426,0.8500000238418579,0.8100000023841858,0.8199999928474426,278500,0.0,0.0
2024-08-12 00:00:00-04:00,0.8299999833106995,0.8500000238418579,0.7900000214576721,0.8299999833106995,507600,0.0,0.0
2024-08-13 00:00:00-04:00,0.8399999737739563,0.8500000238418579,0.8100000023841858,0.8199999928474426,353000,0.0,0.0
2024-08-14 00:00:00-04:00,0.8199999928474426,0.8500000238418579,0.75,0.800000011920929,1252800,0.0,0.0
2024-08-15 00:00:00-04:00,0.800000011920929,0.8700000047683716,0.7900000214576721,0.8399999737739563,535100,0.0,0.0
2024-08-16 00:00:00-04:00,0.8500000238418579,0.8600000143051147,0.8100000023841858,0.8299999833106995,289600,0.0,0.0
2024-08-19 00:00:00-04:00,0.8199999928474426,0.8500000238418579,0.8199999928474426,0.8399999737739563,370100,0.0,0.0
2024-08-20 00:00:00-04:00,0.8500000238418579,0.8600000143051147,0.8100000023841858,0.8100000023841858,244100,0.0,0.0
2024-08-21 00:00:00-04:00,0.8299999833106995,0.8700000047683716,0.8199999928474426,0.8500000238418579,279000,0.0,0.0
2024-08-22 00:00:00-04:00,0.8500000238418579,0.8700000047683716,0.8100000023841858,0.8299999833106995,270600,0.0,0.0
2024-08-23 00:00:00-04:00,0.8399999737739563,0.8700000047683716,0.8299999833106995,0.8600000143051147,621700,0.0,0.0
2024-08-26 00:00:00-04:00,0.8799999952316284,0.8899999856948853,0.8299999833106995,0.8600000143051147,438700,0.0,0.0
2024-08-27 00:00:00-04:00,0.8500000238418579,0.8700000047683716,0.8199999928474426,0.8399999737739563,276800,0.0,0.0
2024-08-28 00:00:00-04:00,0.8399999737739563,0.8500000238418579,0.7799999713897705,0.8100000023841858,450000,0.0,0.0
2024-08-29 00:00:00-04:00,0.8399999737739563,0.8600000143051147,0.8100000023841858,0.8199999928474426,433100,0.0,0.0
2024-08-30 00:00:00-04:00,0.8199999928474426,0.8399999737739563,0.800000011920929,0.8199999928474426,364900,0.0,0.0
2024-09-03 00:00:00-04:00,0.8100000023841858,0.9100000262260437,0.800000011920929,0.9100000262260437,1052200,0.0,0.0
2024-09-04 00:00:00-04:00,0.8899999856948853,0.8999999761581421,0.8500000238418579,0.8899999856948853,680700,0.0,0.0
2024-09-05 00:00:00-04:00,0.8999999761581421,0.8999999761581421,0.8500000238418579,0.8799999952316284,208000,0.0,0.0
2024-09-06 00:00:00-04:00,0.8600000143051147,0.8799999952316284,0.8399999737739563,0.8500000238418579,265300,0.0,0.0
2024-09-09 00:00:00-04:00,0.8500000238418579,0.8999999761581421,0.8399999737739563,0.8700000047683716,522100,0.0,0.0
2024-09-10 00:00:00-04:00,0.8700000047683716,0.8899999856948853,0.8600000143051147,0.8700000047683716,229500,0.0,0.0
2024-09-11 00:00:00-04:00,0.8700000047683716,0.8899999856948853,0.8600000143051147,0.8700000047683716,224700,0.0,0.0
2024-09-12 00:00:00-04:00,0.8600000143051147,0.8600000143051147,0.8299999833106995,0.8299999833106995,566800,0.0,0.0
2024-09-13 00:00:00-04:00,0.8500000238418579,0.8500000238418579,0.8199999928474426,0.8299999833106995,570600,0.0,0.0
2024-09-16 00:00:00-04:00,0.8199999928474426,0.8500000238418579,0.800000011920929,0.8100000023841858,521600,0.0,0.0
2024-09-17 00:00:00-04:00,0.8199999928474426,0.8199999928474426,0.7799999713897705,0.7799999713897705,646600,0.0,0.0
2024-09-18 00:00:00-04:00,0.7900000214576721,0.800000011920929,0.75,0.7699999809265137,862500,0.0,0.0
2024-09-19 00:00:00-04:00,0.7900000214576721,0.8199999928474426,0.7799999713897705,0.800000011920929,375900,0.0,0.0
2024-09-20 00:00:00-04:00,0.800000011920929,0.8100000023841858,0.7699999809265137,0.7799999713897705,816200,0.0,0.0
2024-09-23 00:00:00-04:00,0.7900000214576721,0.800000011920929,0.7699999809265137,0.7799999713897705,419800,0.0,0.0
2024-09-24 00:00:00-04:00,0.7699999809265137,0.800000011920929,0.7599999904632568,0.7900000214576721,309800,0.0,0.0
2024-09-25 00:00:00-04:00,0.800000011920929,0.8100000023841858,0.7699999809265137,0.7799999713897705,225400,0.0,0.0
2024-09-26 00:00:00-04:00,0.7699999809265137,0.8100000023841858,0.7599999904632568,0.7799999713897705,644100,0.0,0.0
2024-09-27 00:00:00-04:00,0.7799999713897705,0.7799999713897705,0.7599999904632568,0.7699999809265137,364900,0.0,0.0
2024-09-30 00:00:00-04:00,0.7799999713897705,0.800000011920929,0.7599999904632568,0.7699999809265137,371200,0.0,0.0
2024-10-01 00:00:00-04:00,0.7599999904632568,0.7699999809265137,0.7400000095367432,0.7699999809265137,458500,0.0,0.0
2024-10-02 00:00:00-04:00,0.75,0.7699999809265137,0.7300000190734863,0.75,478800,0.0,0.0
2024-10-03 00:00:00-04:00,0.7699999809265137,0.7699999809265137,0.75,0.75,311400,0.0,0.0
2024-10-04 00:00:00-04:00,0.7699999809265137,0.7799999713897705,0.7599999904632568,0.7699999809265137,278900,0.0,0.0
2024-10-07 00:00:00-04:00,0.7699999809265137,0.8299999833106995,0.75,0.8100000023841858,881100,0.0,0.0
2024-10-08 00:00:00-04:00,0.7900000214576721,0.8600000143051147,0.7799999713897705,0.8299999833106995,603700,0.0,0.0
2024-10-09 00:00:00-04:00,0.8399999737739563,0.9399999976158142,0.8199999928474426,0.9100000262260437,1139300,0.0,0.0
2024-10-10 00:00:00-04:00,0.9100000262260437,0.9300000071525574,0.8299999833106995,0.8299999833106995,579400,0.0,0.0
2024-10-11 00:00:00-04:00,0.8299999833106995,0.8700000047683716,0.800000011920929,0.8700000047683716,336200,0.0,0.0
2024-10-14 00:00:00-04:00,0.8600000143051147,1.0,0.8500000238418579,0.9300000071525574,2061100,0.0,0.0
2024-10-15 00:00:00-04:00,0.9300000071525574,0.9700000286102295,0.9100000262260437,0.9100000262260437,523700,0.0,0.0
2024-10-16 00:00:00-04:00,0.9200000166893005,0.9300000071525574,0.8999999761581421,0.9100000262260437,429700,0.0,0.0
2024-10-17 00:00:00-04:00,0.8899999856948853,0.8999999761581421,0.8500000238418579,0.8600000143051147,627500,0.0,0.0
2024-10-18 00:00:00-04:00,0.8600000143051147,0.8700000047683716,0.8299999833106995,0.8399999737739563,575600,0.0,0.0
2024-10-21 00:00:00-04:00,0.8399999737739563,0.8799999952316284,0.8299999833106995,0.8700000047683716,542000,0.0,0.0
2024-10-22 00:00:00-04:00,0.8799999952316284,0.9200000166893005,0.8600000143051147,0.9200000166893005,951200,0.0,0.0
2024-10-23 00:00:00-04:00,0.9200000166893005,0.9300000071525574,0.8600000143051147,0.8700000047683716,3763900,0.0,0.0
2024-10-24 00:00:00-04:00,0.8500000238418579,0.8799999952316284,0.8299999833106995,0.8399999737739563,276100,0.0,0.0
2024-10-25 00:00:00-04:00,0.8799999952316284,0.8799999952316284,0.8299999833106995,0.8299999833106995,532400,0.0,0.0
2024-10-28 00:00:00-04:00,0.8399999737739563,0.8600000143051147,0.8299999833106995,0.8399999737739563,411800,0.0,0.0
2024-10-29 00:00:00-04:00,0.8299999833106995,0.8399999737739563,0.7900000214576721,0.800000011920929,657900,0.0,0.0
2024-10-30 00:00:00-04:00,0.800000011920929,0.8100000023841858,0.7599999904632568,0.7699999809265137,963100,0.0,0.0
2024-10-31 00:00:00-04:00,0.7699999809265137,0.7799999713897705,0.7200000286102295,0.7599999904632568,742200,0.0,0.0
2024-11-01 00:00:00-04:00,0.7699999809265137,0.7799999713897705,0.7300000190734863,0.7599999904632568,544800,0.0,0.0
2024-11-04 00:00:00-05:00,0.75,0.7599999904632568,0.7300000190734863,0.7300000190734863,410900,0.0,0.0
2024-11-05 00:00:00-05:00,0.8299999833106995,0.8299999833106995,0.7300000190734863,0.7400000095367432,2212800,0.0,0.0
2024-11-06 00:00:00-05:00,0.7699999809265137,0.7699999809265137,0.7200000286102295,0.7400000095367432,834900,0.0,0.0
2024-11-07 00:00:00-05:00,0.7400000095367432,0.7599999904632568,0.7300000190734863,0.7300000190734863,631600,0.0,0.0
2024-11-08 00:00:00-05:00,0.7400000095367432,0.7599999904632568,0.7200000286102295,0.7300000190734863,610100,0.0,0.0
2024-11-11 00:00:00-05:00,0.7400000095367432,0.75,0.7099999785423279,0.7200000286102295,660000,0.0,0.0
2024-11-12 00:00:00-05:00,0.7099999785423279,0.7200000286102295,0.6399999856948853,0.6600000262260437,1887900,0.0,0.0
2024-11-13 00:00:00-05:00,0.6600000262260437,0.6800000071525574,0.6200000047683716,0.6200000047683716,817000,0.0,0.0
2024-11-14 00:00:00-05:00,0.6200000047683716,0.6600000262260437,0.5799999833106995,0.6299999952316284,1128200,0.0,0.0
2024-11-15 00:00:00-05:00,0.6399999856948853,0.6399999856948853,0.5799999833106995,0.5799999833106995,1353900,0.0,0.0
2024-11-18 00:00:00-05:00,0.5799999833106995,0.6299999952316284,0.5699999928474426,0.5899999737739563,1392700,0.0,0.0
2024-11-19 00:00:00-05:00,0.6000000238418579,0.6299999952316284,0.6000000238418579,0.6299999952316284,498100,0.0,0.0
2024-11-20 00:00:00-05:00,0.6399999856948853,0.6399999856948853,0.6100000143051147,0.6299999952316284,607900,0.0,0.0
2024-11-21 00:00:00-05:00,0.6299999952316284,0.6399999856948853,0.6100000143051147,0.6299999952316284,1040800,0.0,0.0
2024-11-22 00:00:00-05:00,0.6200000047683716,0.6899999976158142,0.6200000047683716,0.6800000071525574,1037100,0.0,0.0
2024-11-25 00:00:00-05:00,0.6700000166893005,0.7099999785423279,0.6600000262260437,0.6899999976158142,832600,0.0,0.0
2024-11-26 00:00:00-05:00,0.6899999976158142,0.7599999904632568,0.6899999976158142,0.7400000095367432,1704100,0.0,0.0
2024-11-27 00:00:00-05:00,0.75,0.7799999713897705,0.7200000286102295,0.7300000190734863,708800,0.0,0.0
2024-11-29 00:00:00-05:00,0.7300000190734863,0.7400000095367432,0.699999988079071,0.7099999785423279,599500,0.0,0.0
2024-12-02 00:00:00-05:00,0.7099999785423279,0.7300000190734863,0.6899999976158142,0.6899999976158142,721200,0.0,0.0
2024-12-03 00:00:00-05:00,0.7300000190734863,0.7400000095367432,0.6800000071525574,0.7099999785423279,714000,0.0,0.0
2024-12-04 00:00:00-05:00,0.7300000190734863,0.800000011920929,0.699999988079071,0.7300000190734863,1090800,0.0,0.0
2024-12-05 00:00:00-05:00,0.7400000095367432,0.75,0.6899999976158142,0.7200000286102295,1376400,0.0,0.0
2024-12-06 00:00:00-05:00,0.7300000190734863,0.7400000095367432,0.6800000071525574,0.7099999785423279,1057000,0.0,0.0
2024-12-09 00:00:00-05:00,0.7099999785423279,0.75,0.699999988079071,0.699999988079071,598800,0.0,0.0
2024-12-10 00:00:00-05:00,0.699999988079071,0.7300000190734863,0.6700000166893005,0.7200000286102295,987800,0.0,0.0
2024-12-11 00:00:00-05:00,0.7200000286102295,0.75,0.6899999976158142,0.7300000190734863,1410900,0.0,0.0
2024-12-12 00:00:00-05:00,0.7200000286102295,0.75,0.6899999976158142,0.7400000095367432,887100,0.0,0.0
2024-12-13 00:00:00-05:00,0.7400000095367432,0.7400000095367432,0.6800000071525574,0.7200000286102295,782900,0.0,0.0
2024-12-16 00:00:00-05:00,0.7099999785423279,0.8199999928474426,0.6899999976158142,0.7900000214576721,2377400,0.0,0.0
2024-12-17 00:00:00-05:00,0.7599999904632568,0.800000011920929,0.7099999785423279,0.7099999785423279,1173600,0.0,0.0
2024-12-18 00:00:00-05:00,0.7300000190734863,0.75,0.6700000166893005,0.6700000166893005,1472200,0.0,0.0
2024-12-19 00:00:00-05:00,0.699999988079071,0.7099999785423279,0.6000000238418579,0.6299999952316284,1423000,0.0,0.0
2024-12-20 00:00:00-05:00,0.6299999952316284,0.6800000071525574,0.6299999952316284,0.6499999761581421,1503100,0.0,0.0
2024-12-23 00:00:00-05:00,0.6399999856948853,0.6800000071525574,0.6100000143051147,0.6499999761581421,1387300,0.0,0.0
2024-12-24 00:00:00-05:00,0.6299999952316284,0.6600000262260437,0.6000000238418579,0.6299999952316284,946200,0.0,0.0
2024-12-26 00:00:00-05:00,0.6299999952316284,0.699999988079071,0.6299999952316284,0.6800000071525574,1027100,0.0,0.0
2024-12-27 00:00:00-05:00,0.6800000071525574,0.7300000190734863,0.6399999856948853,0.6800000071525574,1432600,0.0,0.0
2024-12-30 00:00:00-05:00,0.6800000071525574,0.699999988079071,0.6299999952316284,0.6399999856948853,1070400,0.0,0.0
2024-12-31 00:00:00-05:00,0.6899999976158142,0.8799999952316284,0.6499999761581421,0.6499999761581421,7166100,0.0,0.0
2025-01-02 00:00:00-05:00,0.6600000262260437,0.699999988079071,0.6299999952316284,0.6499999761581421,1909500,0.0,0.0
2025-01-03 00:00:00-05:00,0.6600000262260437,0.7699999809265137,0.6499999761581421,0.7400000095367432,2744800,0.0,0.0
2025-01-06 00:00:00-05:00,0.7799999713897705,0.8399999737739563,0.699999988079071,0.75,2770400,0.0,0.0
2025-01-07 00:00:00-05:00,0.75,0.7699999809265137,0.7300000190734863,0.7400000095367432,969600,0.0,0.0
2025-01-08 00:00:00-05:00,0.7300000190734863,0.7699999809265137,0.6800000071525574,0.7300000190734863,1813000,0.0,0.0
2025-01-10 00:00:00-05:00,0.7200000286102295,0.8100000023841858,0.7099999785423279,0.7799999713897705,4393800,0.0,0.0
2025-01-13 00:00:00-05:00,0.7900000214576721,0.800000011920929,0.699999988079071,0.7599999904632568,1617000,0.0,0.0
2025-01-14 00:00:00-05:00,0.75,0.800000011920929,0.7200000286102295,0.7400000095367432,1534300,0.0,0.0
2025-01-15 00:00:00-05:00,0.7699999809265137,0.7799999713897705,0.7200000286102295,0.7400000095367432,1093600,0.0,0.0
2025-01-16 00:00:00-05:00,0.7400000095367432,0.8600000143051147,0.7300000190734863,0.8399999737739563,2760100,0.0,0.0
2025-01-17 00:00:00-05:00,0.8399999737739563,0.9900000095367432,0.8299999833106995,0.9800000190734863,4912000,0.0,0.0
