Date,Open,High,Low,Close,Volume,Dividends,Stock Splits
2022-01-03 00:00:00-05:00,5.019999980926514,5.119999885559082,4.960000038146973,5.099999904632568,59200,0.0,0.0
2022-01-04 00:00:00-05:00,5.059999942779541,5.349999904632568,5.039999961853027,5.28000020980835,15700,0.0,0.0
2022-01-05 00:00:00-05:00,5.340000152587891,5.53000020980835,5.340000152587891,5.5,33700,0.0,0.0
2022-01-06 00:00:00-05:00,5.449999809265137,5.590000152587891,5.449999809265137,5.5,18200,0.0,0.0
2022-01-07 00:00:00-05:00,5.559999942779541,5.650000095367432,5.559999942779541,5.590000152587891,14600,0.0,0.0
2022-01-10 00:00:00-05:00,5.570000171661377,5.690000057220459,5.550000190734863,5.650000095367432,25000,0.0,0.0
2022-01-11 00:00:00-05:00,5.610000133514404,5.659999847412109,5.610000133514404,5.630000114440918,11200,0.0,0.0
2022-01-12 00:00:00-05:00,5.679999828338623,5.730000019073486,5.619999885559082,5.650000095367432,24300,0.0,0.0
2022-01-13 00:00:00-05:00,5.699999809265137,5.829999923706055,5.679999828338623,5.809999942779541,23600,0.0,0.0
2022-01-14 00:00:00-05:00,5.809999942779541,5.809999942779541,5.630000114440918,5.710000038146973,11200,0.0,0.0
2022-01-18 00:00:00-05:00,5.650000095367432,5.670000076293945,5.489999771118164,5.519999980926514,35300,0.0,0.0
2022-01-19 00:00:00-05:00,5.489999771118164,5.610000133514404,5.489999771118164,5.599999904632568,18600,0.0,0.0
2022-01-20 00:00:00-05:00,5.650000095367432,5.75,5.599999904632568,5.659999847412109,14800,0.0,0.0
2022-01-21 00:00:00-05:00,5.599999904632568,5.630000114440918,5.440000057220459,5.440000057220459,45800,0.0,0.0
2022-01-24 00:00:00-05:00,5.46999979019165,5.46999979019165,5.260000228881836,5.389999866485596,42400,0.0,0.0
2022-01-25 00:00:00-05:00,5.349999904632568,5.449999809265137,5.269999980926514,5.360000133514404,24800,0.0,0.0
2022-01-26 00:00:00-05:00,5.380000114440918,5.449999809265137,5.269999980926514,5.349999904632568,23800,0.0,0.0
2022-01-27 00:00:00-05:00,5.409999847412109,5.46999979019165,5.329999923706055,5.400000095367432,26700,0.0,0.0
2022-01-28 00:00:00-05:00,5.349999904632568,5.510000228881836,5.349999904632568,5.480000019073486,26900,0.0,0.0
2022-01-31 00:00:00-05:00,5.449999809265137,5.710000038146973,5.449999809265137,5.710000038146973,17400,0.0,0.0
2022-02-01 00:00:00-05:00,5.75,5.900000095367432,5.670000076293945,5.860000133514404,19500,0.0,0.0
2022-02-02 00:00:00-05:00,5.860000133514404,5.949999809265137,5.789999961853027,5.909999847412109,11700,0.0,0.0
2022-02-03 00:00:00-05:00,5.860000133514404,5.909999847412109,5.630000114440918,5.860000133514404,11800,0.0,0.0
2022-02-04 00:00:00-05:00,5.949999809265137,5.949999809265137,5.670000076293945,5.869999885559082,50100,0.0,0.0
2022-02-07 00:00:00-05:00,5.940000057220459,6.050000190734863,5.800000190734863,6.050000190734863,17700,0.0,0.0
2022-02-08 00:00:00-05:00,6.050000190734863,6.210000038146973,6.050000190734863,6.079999923706055,13000,0.0,0.0
2022-02-09 00:00:00-05:00,6.099999904632568,6.210000038146973,6.070000171661377,6.199999809265137,8900,0.0,0.0
2022-02-10 00:00:00-05:00,6.199999809265137,6.21999979019165,5.949999809265137,6.0,21400,0.0,0.0
2022-02-11 00:00:00-05:00,6.059999942779541,6.079999923706055,5.96999979019165,6.050000190734863,19100,0.0,0.0
2022-02-14 00:00:00-05:00,6.070000171661377,6.099999904632568,5.849999904632568,6.0,13400,0.0,0.0
2022-02-15 00:00:00-05:00,6.059999942779541,6.090000152587891,5.989999771118164,6.050000190734863,15600,0.0,0.0
2022-02-16 00:00:00-05:00,6.050000190734863,6.21999979019165,5.96999979019165,6.179999828338623,39600,0.0,0.0
2022-02-17 00:00:00-05:00,6.139999866485596,6.139999866485596,5.980000019073486,6.050000190734863,19900,0.0,0.0
2022-02-18 00:00:00-05:00,6.130000114440918,6.130000114440918,6.050000190734863,6.070000171661377,6900,0.0,0.0
2022-02-22 00:00:00-05:00,6.059999942779541,6.239999771118164,5.760000228881836,6.150000095367432,56100,0.0,0.0
2022-02-23 00:00:00-05:00,6.139999866485596,6.300000190734863,5.949999809265137,6.300000190734863,21100,0.0,0.0
2022-02-24 00:00:00-05:00,6.300000190734863,6.579999923706055,6.150000095367432,6.460000038146973,29400,0.0,0.0
2022-02-25 00:00:00-05:00,6.579999923706055,6.579999923706055,6.300000190734863,6.400000095367432,29200,0.0,0.0
2022-02-28 00:00:00-05:00,6.289999961853027,6.460000038146973,6.03000020980835,6.059999942779541,42700,0.0,0.0
2022-03-01 00:00:00-05:00,6.050000190734863,6.110000133514404,5.809999942779541,6.059999942779541,27600,0.0,0.0
2022-03-02 00:00:00-05:00,6.150000095367432,6.349999904632568,6.050000190734863,6.239999771118164,14900,0.0,0.0
2022-03-03 00:00:00-05:00,6.199999809265137,6.369999885559082,6.199999809265137,6.340000152587891,26500,0.0,0.0
2022-03-04 00:00:00-05:00,6.369999885559082,6.5,6.21999979019165,6.480000019073486,26700,0.0,0.0
2022-03-07 00:00:00-05:00,6.480000019073486,6.489999771118164,6.400000095367432,6.400000095367432,11600,0.0,0.0
2022-03-08 00:00:00-05:00,6.480000019073486,6.489999771118164,6.289999961853027,6.400000095367432,39800,0.0,0.0
2022-03-09 00:00:00-05:00,6.400000095367432,6.550000190734863,6.369999885559082,6.550000190734863,24800,0.0,0.0
2022-03-10 00:00:00-05:00,6.579999923706055,6.670000076293945,6.510000228881836,6.570000171661377,13700,0.0,0.0
2022-03-11 00:00:00-05:00,6.610000133514404,6.619999885559082,6.46999979019165,6.559999942779541,12000,0.0,0.0
2022-03-14 00:00:00-04:00,6.670000076293945,6.670000076293945,6.369999885559082,6.400000095367432,27300,0.0,0.0
2022-03-15 00:00:00-04:00,6.460000038146973,6.519999980926514,6.269999980926514,6.400000095367432,21000,0.0,0.0
2022-03-16 00:00:00-04:00,6.400000095367432,6.440000057220459,6.170000076293945,6.400000095367432,52200,0.0,0.0
2022-03-17 00:00:00-04:00,6.400000095367432,6.480000019073486,6.230000019073486,6.400000095367432,20400,0.0,0.0
2022-03-18 00:00:00-04:00,6.400000095367432,6.5,6.210000038146973,6.460000038146973,49600,0.0,0.0
2022-03-21 00:00:00-04:00,6.440000057220459,6.480000019073486,6.389999866485596,6.449999809265137,20900,0.0,0.0
2022-03-22 00:00:00-04:00,6.409999847412109,6.429999828338623,6.320000171661377,6.400000095367432,20400,0.0,0.0
2022-03-23 00:00:00-04:00,6.400000095367432,6.440000057220459,6.369999885559082,6.400000095367432,11300,0.0,0.0
2022-03-24 00:00:00-04:00,6.440000057220459,6.440000057220459,6.380000114440918,6.400000095367432,32400,0.0,0.0
2022-03-25 00:00:00-04:00,6.400000095367432,6.5,6.369999885559082,6.400000095367432,12800,0.0,0.0
2022-03-28 00:00:00-04:00,6.429999828338623,6.5,6.309999942779541,6.400000095367432,13500,0.0,0.0
2022-03-29 00:00:00-04:00,6.320000171661377,6.440000057220459,6.309999942779541,6.400000095367432,21500,0.0,0.0
2022-03-30 00:00:00-04:00,6.380000114440918,6.400000095367432,6.150000095367432,6.340000152587891,59800,0.0,0.0
2022-03-31 00:00:00-04:00,6.449999809265137,6.550000190734863,6.230000019073486,6.309999942779541,58500,0.0,0.0
2022-04-01 00:00:00-04:00,6.400000095367432,6.400000095367432,6.25,6.309999942779541,69400,0.0,0.0
2022-04-04 00:00:00-04:00,6.400000095367432,6.400000095367432,6.309999942779541,6.309999942779541,60600,0.0,0.0
2022-04-05 00:00:00-04:00,6.360000133514404,6.400000095367432,5.78000020980835,5.820000171661377,58300,0.0,0.0
2022-04-06 00:00:00-04:00,5.75,5.860000133514404,5.210000038146973,5.210000038146973,42600,0.0,0.0
2022-04-07 00:00:00-04:00,5.210000038146973,5.309999942779541,5.039999961853027,5.289999961853027,37400,0.0,0.0
2022-04-08 00:00:00-04:00,5.210000038146973,5.400000095367432,5.050000190734863,5.340000152587891,21600,0.0,0.0
2022-04-11 00:00:00-04:00,5.340000152587891,5.380000114440918,5.309999942779541,5.349999904632568,9700,0.0,0.0
2022-04-12 00:00:00-04:00,5.429999828338623,5.510000228881836,5.329999923706055,5.449999809265137,10100,0.0,0.0
2022-04-13 00:00:00-04:00,5.590000152587891,5.659999847412109,5.550000190734863,5.550000190734863,1900,0.0,0.0
2022-04-14 00:00:00-04:00,5.599999904632568,5.619999885559082,5.5,5.5,17900,0.0,0.0
2022-04-18 00:00:00-04:00,5.570000171661377,5.570000171661377,5.320000171661377,5.5,32400,0.0,0.0
2022-04-19 00:00:00-04:00,5.420000076293945,5.679999828338623,5.420000076293945,5.630000114440918,16200,0.0,0.0
2022-04-20 00:00:00-04:00,5.630000114440918,5.690000057220459,5.599999904632568,5.610000133514404,6200,0.0,0.0
2022-04-21 00:00:00-04:00,5.619999885559082,5.619999885559082,5.489999771118164,5.5,13400,0.0,0.0
2022-04-22 00:00:00-04:00,5.5,5.579999923706055,5.429999828338623,5.460000038146973,14000,0.0,0.0
2022-04-25 00:00:00-04:00,5.380000114440918,5.579999923706055,5.380000114440918,5.5,9200,0.0,0.0
2022-04-26 00:00:00-04:00,5.579999923706055,5.579999923706055,5.25,5.5,14500,0.0,0.0
2022-04-27 00:00:00-04:00,5.449999809265137,5.590000152587891,5.340000152587891,5.5,10700,0.0,0.0
2022-04-28 00:00:00-04:00,5.480000019073486,5.559999942779541,5.349999904632568,5.5,4500,0.0,0.0
2022-04-29 00:00:00-04:00,5.53000020980835,5.690000057220459,5.480000019073486,5.610000133514404,6400,0.0,0.0
2022-05-02 00:00:00-04:00,5.389999866485596,5.579999923706055,5.329999923706055,5.5,11000,0.0,0.0
2022-05-03 00:00:00-04:00,5.5,5.610000133514404,5.409999847412109,5.510000228881836,7300,0.0,0.0
2022-05-04 00:00:00-04:00,5.590000152587891,5.650000095367432,5.46999979019165,5.5,4900,0.0,0.0
2022-05-05 00:00:00-04:00,5.53000020980835,5.550000190734863,5.340000152587891,5.5,8500,0.0,0.0
2022-05-06 00:00:00-04:00,5.5,5.550000190734863,5.369999885559082,5.5,8100,0.0,0.0
2022-05-09 00:00:00-04:00,5.5,5.550000190734863,5.329999923706055,5.550000190734863,19500,0.0,0.0
2022-05-10 00:00:00-04:00,5.550000190734863,5.550000190734863,5.150000095367432,5.210000038146973,11100,0.0,0.0
2022-05-11 00:00:00-04:00,5.349999904632568,5.460000038146973,5.099999904632568,5.170000076293945,10400,0.0,0.0
2022-05-12 00:00:00-04:00,5.179999828338623,5.179999828338623,4.75,4.75,15900,0.0,0.0
2022-05-13 00:00:00-04:00,4.75,4.840000152587891,4.570000171661377,4.590000152587891,7700,0.0,0.0
2022-05-16 00:00:00-04:00,4.639999866485596,4.809999942779541,4.53000020980835,4.590000152587891,3800,0.0,0.0
2022-05-17 00:00:00-04:00,4.610000133514404,4.800000190734863,4.599999904632568,4.699999809265137,2100,0.0,0.0
2022-05-18 00:00:00-04:00,4.670000076293945,4.809999942779541,4.510000228881836,4.510000228881836,10000,0.0,0.0
2022-05-19 00:00:00-04:00,4.639999866485596,4.769999980926514,4.519999980926514,4.639999866485596,13900,0.0,0.0
2022-05-20 00:00:00-04:00,4.519999980926514,4.610000133514404,4.46999979019165,4.46999979019165,14200,0.0,0.0
2022-05-23 00:00:00-04:00,4.53000020980835,4.639999866485596,4.46999979019165,4.46999979019165,13800,0.0,0.0
2022-05-24 00:00:00-04:00,4.449999809265137,4.46999979019165,4.309999942779541,4.46999979019165,19200,0.0,0.0
2022-05-25 00:00:00-04:00,4.46999979019165,4.630000114440918,4.460000038146973,4.519999980926514,15500,0.0,0.0
2022-05-26 00:00:00-04:00,4.449999809265137,4.5,4.380000114440918,4.409999847412109,17600,0.0,0.0
2022-05-27 00:00:00-04:00,4.519999980926514,4.53000020980835,4.329999923706055,4.429999828338623,9200,0.0,0.0
2022-05-31 00:00:00-04:00,4.5,4.5,4.289999961853027,4.289999961853027,12200,0.0,0.0
2022-06-01 00:00:00-04:00,4.360000133514404,4.360000133514404,4.28000020980835,4.360000133514404,12300,0.0,0.0
2022-06-02 00:00:00-04:00,4.360000133514404,4.480000019073486,4.289999961853027,4.429999828338623,7300,0.0,0.0
2022-06-03 00:00:00-04:00,4.389999866485596,4.5,4.369999885559082,4.440000057220459,5100,0.0,0.0
2022-06-06 00:00:00-04:00,4.440000057220459,4.579999923706055,4.340000152587891,4.550000190734863,4500,0.0,0.0
2022-06-07 00:00:00-04:00,4.570000171661377,4.690000057220459,4.53000020980835,4.53000020980835,6600,0.0,0.0
2022-06-08 00:00:00-04:00,4.449999809265137,4.53000020980835,4.260000228881836,4.300000190734863,9200,0.0,0.0
2022-06-09 00:00:00-04:00,4.260000228881836,4.329999923706055,4.0,4.010000228881836,15600,0.0,0.0
2022-06-10 00:00:00-04:00,4.019999980926514,4.019999980926514,3.8499999046325684,3.9000000953674316,12400,0.0,0.0
2022-06-13 00:00:00-04:00,3.740000009536743,3.819999933242798,3.3499999046325684,3.509999990463257,23100,0.0,0.0
2022-06-14 00:00:00-04:00,3.4600000381469727,3.5999999046325684,3.059999942779541,3.4800000190734863,42900,0.0,0.0
2022-06-15 00:00:00-04:00,3.4600000381469727,3.5899999141693115,3.4600000381469727,3.5,8300,0.0,0.0
2022-06-16 00:00:00-04:00,3.490000009536743,3.5399999618530273,3.4100000858306885,3.5,12800,0.0,0.0
2022-06-17 00:00:00-04:00,3.5399999618530273,3.559999942779541,3.4100000858306885,3.559999942779541,18100,0.0,0.0
2022-06-21 00:00:00-04:00,3.509999990463257,3.7100000381469727,3.5,3.6500000953674316,15000,0.0,0.0
2022-06-22 00:00:00-04:00,3.700000047683716,3.7899999618530273,3.6600000858306885,3.7899999618530273,7200,0.0,0.0
2022-06-23 00:00:00-04:00,3.799999952316284,3.799999952316284,3.6700000762939453,3.75,20000,0.0,0.0
2022-06-24 00:00:00-04:00,3.569999933242798,3.880000114440918,3.569999933242798,3.75,9400,0.0,0.0
2022-06-27 00:00:00-04:00,3.809999942779541,3.809999942779541,3.7200000286102295,3.759999990463257,1600,0.0,0.0
2022-06-28 00:00:00-04:00,3.819999933242798,3.819999933242798,3.640000104904175,3.759999990463257,17200,0.0,0.0
2022-06-29 00:00:00-04:00,3.8299999237060547,3.8299999237060547,3.7699999809265137,3.7799999713897705,1700,0.0,0.0
2022-06-30 00:00:00-04:00,3.8299999237060547,3.869999885559082,3.7200000286102295,3.869999885559082,4200,0.0,0.0
2022-07-01 00:00:00-04:00,3.880000114440918,4.059999942779541,3.740000009536743,3.9000000953674316,14300,0.0,0.0
2022-07-05 00:00:00-04:00,3.809999942779541,3.9600000381469727,3.809999942779541,3.9200000762939453,9300,0.0,0.0
2022-07-06 00:00:00-04:00,3.9700000286102295,4.010000228881836,3.950000047683716,3.9600000381469727,6600,0.0,0.0
2022-07-07 00:00:00-04:00,3.9000000953674316,3.950000047683716,3.9000000953674316,3.950000047683716,3400,0.0,0.0
2022-07-08 00:00:00-04:00,3.880000114440918,3.950000047683716,3.8499999046325684,3.950000047683716,1800,0.0,0.0
2022-07-11 00:00:00-04:00,3.809999942779541,4.059999942779541,3.809999942779541,3.950000047683716,4800,0.0,0.0
2022-07-12 00:00:00-04:00,3.799999952316284,3.990000009536743,3.680000066757202,3.8499999046325684,5600,0.0,0.0
2022-07-13 00:00:00-04:00,3.700000047683716,3.930000066757202,3.6700000762939453,3.859999895095825,26300,0.0,0.0
2022-07-14 00:00:00-04:00,3.75,4.199999809265137,3.75,3.990000009536743,4700,0.0,0.0
2022-07-15 00:00:00-04:00,4.079999923706055,4.150000095367432,3.9100000858306885,4.150000095367432,13900,0.0,0.0
2022-07-18 00:00:00-04:00,4.260000228881836,4.349999904632568,4.170000076293945,4.239999771118164,13300,0.0,0.0
2022-07-19 00:00:00-04:00,4.210000038146973,4.340000152587891,4.139999866485596,4.300000190734863,2500,0.0,0.0
2022-07-20 00:00:00-04:00,4.179999828338623,4.539999961853027,4.119999885559082,4.429999828338623,29100,0.0,0.0
2022-07-21 00:00:00-04:00,4.0,4.369999885559082,4.0,4.21999979019165,4100,0.0,0.0
2022-07-22 00:00:00-04:00,4.119999885559082,4.5,4.070000171661377,4.300000190734863,3900,0.0,0.0
2022-07-25 00:00:00-04:00,4.300000190734863,4.300000190734863,4.139999866485596,4.139999866485596,2200,0.0,0.0
2022-07-26 00:00:00-04:00,4.099999904632568,4.25,4.039999961853027,4.039999961853027,3000,0.0,0.0
2022-07-27 00:00:00-04:00,4.159999847412109,4.170000076293945,3.950000047683716,4.170000076293945,21000,0.0,0.0
2022-07-28 00:00:00-04:00,4.070000171661377,4.199999809265137,4.019999980926514,4.130000114440918,3800,0.0,0.0
2022-07-29 00:00:00-04:00,4.199999809265137,4.440000057220459,3.9600000381469727,4.400000095367432,12300,0.0,0.0
2022-08-01 00:00:00-04:00,4.340000152587891,4.559999942779541,4.239999771118164,4.559999942779541,9600,0.0,0.0
2022-08-02 00:00:00-04:00,4.550000190734863,4.550000190734863,4.400000095367432,4.480000019073486,2300,0.0,0.0
2022-08-03 00:00:00-04:00,4.579999923706055,4.579999923706055,4.360000133514404,4.5,5200,0.0,0.0
2022-08-04 00:00:00-04:00,4.429999828338623,4.489999771118164,4.389999866485596,4.429999828338623,2500,0.0,0.0
2022-08-05 00:00:00-04:00,4.5,4.789999961853027,4.309999942779541,4.610000133514404,16600,0.0,0.0
2022-08-08 00:00:00-04:00,4.610000133514404,4.760000228881836,4.420000076293945,4.760000228881836,11200,0.0,0.0
2022-08-09 00:00:00-04:00,4.800000190734863,4.800000190734863,4.659999847412109,4.659999847412109,13300,0.0,0.0
2022-08-10 00:00:00-04:00,4.599999904632568,4.710000038146973,4.429999828338623,4.449999809265137,10200,0.0,0.0
2022-08-11 00:00:00-04:00,4.449999809265137,4.579999923706055,4.349999904632568,4.380000114440918,10000,0.0,0.0
2022-08-12 00:00:00-04:00,4.320000171661377,4.320000171661377,4.010000228881836,4.010000228881836,12300,0.0,0.0
2022-08-15 00:00:00-04:00,4.03000020980835,4.130000114440918,4.03000020980835,4.050000190734863,3700,0.0,0.0
2022-08-16 00:00:00-04:00,4.050000190734863,4.090000152587891,4.010000228881836,4.050000190734863,4100,0.0,0.0
2022-08-17 00:00:00-04:00,4.0,4.050000190734863,4.0,4.050000190734863,5600,0.0,0.0
2022-08-18 00:00:00-04:00,4.099999904632568,4.099999904632568,4.0,4.050000190734863,4000,0.0,0.0
2022-08-19 00:00:00-04:00,4.059999942779541,4.159999847412109,4.0,4.050000190734863,7300,0.0,0.0
2022-08-22 00:00:00-04:00,4.059999942779541,4.159999847412109,3.9100000858306885,4.03000020980835,7100,0.0,0.0
2022-08-23 00:00:00-04:00,3.9000000953674316,4.03000020980835,3.9000000953674316,4.0,3200,0.0,0.0
2022-08-24 00:00:00-04:00,4.0,4.010000228881836,4.0,4.010000228881836,1000,0.0,0.0
2022-08-25 00:00:00-04:00,4.019999980926514,4.050000190734863,4.019999980926514,4.050000190734863,1600,0.0,0.0
2022-08-26 00:00:00-04:00,4.0,4.199999809265137,4.0,4.03000020980835,3900,0.0,0.0
2022-08-29 00:00:00-04:00,4.050000190734863,4.170000076293945,4.019999980926514,4.019999980926514,2000,0.0,0.0
2022-08-30 00:00:00-04:00,4.050000190734863,4.150000095367432,3.940000057220459,4.150000095367432,7000,0.0,0.0
2022-08-31 00:00:00-04:00,4.050000190734863,4.420000076293945,3.950000047683716,4.269999980926514,8900,0.0,0.0
2022-09-01 00:00:00-04:00,4.190000057220459,4.190000057220459,4.050000190734863,4.050000190734863,6200,0.0,0.0
2022-09-02 00:00:00-04:00,4.170000076293945,4.269999980926514,4.039999961853027,4.099999904632568,4600,0.0,0.0
2022-09-06 00:00:00-04:00,4.070000171661377,4.070000171661377,4.039999961853027,4.050000190734863,10100,0.0,0.0
2022-09-07 00:00:00-04:00,4.070000171661377,4.070000171661377,3.9200000762939453,4.050000190734863,6700,0.0,0.0
2022-09-08 00:00:00-04:00,4.050000190734863,4.150000095367432,4.010000228881836,4.079999923706055,4200,0.0,0.0
2022-09-09 00:00:00-04:00,4.050000190734863,4.110000133514404,3.990000009536743,4.050000190734863,5500,0.0,0.0
2022-09-12 00:00:00-04:00,3.9700000286102295,4.119999885559082,3.9700000286102295,4.010000228881836,8800,0.0,0.0
2022-09-13 00:00:00-04:00,4.050000190734863,4.079999923706055,4.010000228881836,4.050000190734863,11000,0.0,0.0
2022-09-14 00:00:00-04:00,4.070000171661377,4.110000133514404,3.950000047683716,4.050000190734863,15600,0.0,0.0
2022-09-15 00:00:00-04:00,4.050000190734863,4.110000133514404,3.950000047683716,4.070000171661377,8600,0.0,0.0
2022-09-16 00:00:00-04:00,3.9700000286102295,4.050000190734863,3.950000047683716,4.039999961853027,8000,0.0,0.0
2022-09-19 00:00:00-04:00,3.9800000190734863,4.119999885559082,3.9700000286102295,4.119999885559082,22400,0.0,0.0
2022-09-20 00:00:00-04:00,4.050000190734863,4.139999866485596,3.9600000381469727,4.139999866485596,13000,0.0,0.0
2022-09-21 00:00:00-04:00,4.170000076293945,4.170000076293945,3.9600000381469727,4.090000152587891,7200,0.0,0.0
2022-09-22 00:00:00-04:00,4.139999866485596,4.139999866485596,3.859999895095825,3.859999895095825,4500,0.0,0.0
2022-09-23 00:00:00-04:00,3.9000000953674316,3.9000000953674316,3.630000114440918,3.630000114440918,6600,0.0,0.0
2022-09-26 00:00:00-04:00,3.5999999046325684,3.5999999046325684,3.359999895095825,3.450000047683716,9100,0.0,0.0
2022-09-27 00:00:00-04:00,3.430000066757202,3.5899999141693115,3.430000066757202,3.549999952316284,4500,0.0,0.0
2022-09-28 00:00:00-04:00,3.380000114440918,3.5799999237060547,3.380000114440918,3.5,2200,0.0,0.0
2022-09-29 00:00:00-04:00,3.450000047683716,3.509999990463257,3.4000000953674316,3.490000009536743,8600,0.0,0.0
2022-09-30 00:00:00-04:00,3.5199999809265137,3.8499999046325684,3.5199999809265137,3.680000066757202,31300,0.0,0.0
2022-10-03 00:00:00-04:00,3.799999952316284,3.819999933242798,3.690000057220459,3.819999933242798,3900,0.0,0.0
2022-10-04 00:00:00-04:00,3.819999933242798,3.930000066757202,3.819999933242798,3.890000104904175,2700,0.0,0.0
2022-10-05 00:00:00-04:00,3.880000114440918,3.990000009536743,3.880000114440918,3.880000114440918,2900,0.0,0.0
2022-10-06 00:00:00-04:00,3.880000114440918,3.9000000953674316,3.690000057220459,3.799999952316284,7900,0.0,0.0
2022-10-07 00:00:00-04:00,4.059999942779541,4.059999942779541,3.8299999237060547,3.8299999237060547,1300,0.0,0.0
2022-10-10 00:00:00-04:00,3.759999990463257,3.759999990463257,3.5199999809265137,3.5199999809265137,4400,0.0,0.0
2022-10-11 00:00:00-04:00,3.559999942779541,3.559999942779541,3.3499999046325684,3.3499999046325684,2500,0.0,0.0
2022-10-12 00:00:00-04:00,3.3499999046325684,3.4200000762939453,3.3499999046325684,3.390000104904175,10500,0.0,0.0
2022-10-13 00:00:00-04:00,3.369999885559082,3.7799999713897705,3.2100000381469727,3.2100000381469727,67200,0.0,0.0
2022-10-14 00:00:00-04:00,3.2200000286102295,3.2799999713897705,3.200000047683716,3.2799999713897705,3700,0.0,0.0
2022-10-17 00:00:00-04:00,3.259999990463257,3.450000047683716,3.259999990463257,3.2899999618530273,1400,0.0,0.0
2022-10-18 00:00:00-04:00,3.2899999618530273,3.549999952316284,3.2899999618530273,3.4700000286102295,6700,0.0,0.0
2022-10-19 00:00:00-04:00,3.509999990463257,3.5999999046325684,3.069999933242798,3.069999933242798,66800,0.0,0.0
2022-10-20 00:00:00-04:00,3.0799999237060547,3.180000066757202,2.9000000953674316,2.9100000858306885,15100,0.0,0.0
2022-10-21 00:00:00-04:00,2.9100000858306885,3.069999933242798,2.9000000953674316,3.0399999618530273,13800,0.0,0.0
2022-10-24 00:00:00-04:00,3.2699999809265137,3.490000009536743,3.1600000858306885,3.4100000858306885,30300,0.0,0.0
2022-10-25 00:00:00-04:00,3.4600000381469727,3.609999895095825,3.4000000953674316,3.5399999618530273,12200,0.0,0.0
2022-10-26 00:00:00-04:00,3.5299999713897705,3.5299999713897705,3.3499999046325684,3.3499999046325684,3600,0.0,0.0
2022-10-27 00:00:00-04:00,3.4100000858306885,3.430000066757202,3.25,3.259999990463257,5300,0.0,0.0
2022-10-28 00:00:00-04:00,3.2200000286102295,3.240000009536743,3.059999942779541,3.059999942779541,3500,0.0,0.0
2022-10-31 00:00:00-04:00,3.0,3.140000104904175,2.9100000858306885,3.049999952316284,21800,0.0,0.0
2022-11-01 00:00:00-04:00,3.059999942779541,3.0899999141693115,2.940000057220459,2.990000009536743,17000,0.0,0.0
2022-11-02 00:00:00-04:00,2.9200000762939453,3.0799999237060547,2.9200000762939453,2.990000009536743,6500,0.0,0.0
2022-11-03 00:00:00-04:00,3.0199999809265137,3.0799999237060547,2.990000009536743,3.049999952316284,5700,0.0,0.0
2022-11-04 00:00:00-04:00,3.140000104904175,3.25,3.0,3.119999885559082,7100,0.0,0.0
2022-11-07 00:00:00-05:00,3.25,3.25,3.0899999141693115,3.180000066757202,12700,0.0,0.0
2022-11-08 00:00:00-05:00,3.180000066757202,3.5299999713897705,3.180000066757202,3.450000047683716,44800,0.0,0.0
2022-11-09 00:00:00-05:00,3.4000000953674316,3.4800000190734863,3.240000009536743,3.4800000190734863,6600,0.0,0.0
2022-11-10 00:00:00-05:00,3.430000066757202,3.5299999713897705,3.259999990463257,3.4000000953674316,51200,0.0,0.0
2022-11-11 00:00:00-05:00,3.359999895095825,3.4100000858306885,3.25,3.359999895095825,14100,0.0,0.0
2022-11-14 00:00:00-05:00,3.359999895095825,3.4600000381469727,3.140000104904175,3.140000104904175,15600,0.0,0.0
2022-11-15 00:00:00-05:00,3.309999942779541,3.3299999237060547,3.0,3.0399999618530273,32000,0.0,0.0
2022-11-16 00:00:00-05:00,3.0,3.0199999809265137,2.859999895095825,2.930000066757202,37000,0.0,0.0
2022-11-17 00:00:00-05:00,2.869999885559082,2.950000047683716,2.8499999046325684,2.869999885559082,24100,0.0,0.0
2022-11-18 00:00:00-05:00,2.9000000953674316,2.9000000953674316,2.799999952316284,2.880000114440918,9200,0.0,0.0
2022-11-21 00:00:00-05:00,2.819999933242798,2.859999895095825,2.75,2.75,1823800,0.0,0.0
2022-11-22 00:00:00-05:00,2.75,2.940000057220459,2.75,2.859999895095825,62200,0.0,0.0
2022-11-23 00:00:00-05:00,2.940000057220459,2.940000057220459,2.880000114440918,2.9100000858306885,30600,0.0,0.0
2022-11-25 00:00:00-05:00,3.0199999809265137,3.5199999809265137,3.0199999809265137,3.4000000953674316,110100,0.0,0.0
2022-11-28 00:00:00-05:00,3.4800000190734863,3.4800000190734863,3.1700000762939453,3.2200000286102295,98000,0.0,0.0
2022-11-29 00:00:00-05:00,3.200000047683716,3.2799999713897705,3.140000104904175,3.190000057220459,30400,0.0,0.0
2022-11-30 00:00:00-05:00,3.140000104904175,3.1700000762939453,3.009999990463257,3.0299999713897705,94700,0.0,0.0
2022-12-01 00:00:00-05:00,3.0799999237060547,3.140000104904175,3.0,3.0199999809265137,22200,0.0,0.0
2022-12-02 00:00:00-05:00,2.9600000381469727,3.0999999046325684,2.9600000381469727,3.0399999618530273,14400,0.0,0.0
2022-12-05 00:00:00-05:00,3.190000057220459,3.2300000190734863,3.049999952316284,3.059999942779541,31000,0.0,0.0
2022-12-06 00:00:00-05:00,3.140000104904175,3.1500000953674316,2.990000009536743,2.990000009536743,47900,0.0,0.0
2022-12-07 00:00:00-05:00,2.950000047683716,3.0799999237060547,2.950000047683716,2.9700000286102295,16400,0.0,0.0
2022-12-08 00:00:00-05:00,2.9700000286102295,3.059999942779541,2.9000000953674316,2.9700000286102295,53500,0.0,0.0
2022-12-09 00:00:00-05:00,3.0,3.0299999713897705,2.890000104904175,2.9100000858306885,25300,0.0,0.0
2022-12-12 00:00:00-05:00,2.890000104904175,3.009999990463257,2.859999895095825,2.9000000953674316,56600,0.0,0.0
2022-12-13 00:00:00-05:00,2.9000000953674316,2.940000057220459,2.859999895095825,2.869999885559082,26100,0.0,0.0
2022-12-14 00:00:00-05:00,2.880000114440918,2.9700000286102295,2.799999952316284,2.799999952316284,20200,0.0,0.0
2022-12-15 00:00:00-05:00,2.819999933242798,2.8499999046325684,2.569999933242798,2.5799999237060547,79600,0.0,0.0
2022-12-16 00:00:00-05:00,2.5199999809265137,2.5999999046325684,2.490000009536743,2.5,106100,0.0,0.0
2022-12-19 00:00:00-05:00,2.509999990463257,2.5299999713897705,2.4600000381469727,2.4600000381469727,64300,0.0,0.0
2022-12-20 00:00:00-05:00,2.5,2.549999952316284,2.4600000381469727,2.4700000286102295,34200,0.0,0.0
2022-12-21 00:00:00-05:00,2.5,2.5199999809265137,2.4200000762939453,2.440000057220459,56900,0.0,0.0
2022-12-22 00:00:00-05:00,2.440000057220459,2.6500000953674316,2.4000000953674316,2.640000104904175,109300,0.0,0.0
2022-12-23 00:00:00-05:00,2.630000114440918,2.740000009536743,2.5999999046325684,2.680000066757202,30800,0.0,0.0
2022-12-27 00:00:00-05:00,2.700000047683716,2.700000047683716,2.569999933242798,2.630000114440918,10000,0.0,0.0
2022-12-28 00:00:00-05:00,2.619999885559082,2.680000066757202,2.5,2.509999990463257,54000,0.0,0.0
2022-12-29 00:00:00-05:00,2.4600000381469727,2.509999990463257,2.259999990463257,2.430000066757202,129800,0.0,0.0
2022-12-30 00:00:00-05:00,2.4000000953674316,2.5799999237060547,2.390000104904175,2.509999990463257,78600,0.0,0.0
2023-01-03 00:00:00-05:00,2.5399999618530273,2.6500000953674316,2.509999990463257,2.640000104904175,20100,0.0,0.0
2023-01-04 00:00:00-05:00,2.640000104904175,2.6500000953674316,2.569999933242798,2.6500000953674316,9500,0.0,0.0
2023-01-05 00:00:00-05:00,2.6600000858306885,2.799999952316284,2.640000104904175,2.7699999809265137,16100,0.0,0.0
2023-01-06 00:00:00-05:00,2.7799999713897705,3.0,2.759999990463257,2.809999942779541,13400,0.0,0.0
2023-01-09 00:00:00-05:00,2.859999895095825,2.890000104904175,2.819999933242798,2.8499999046325684,41700,0.0,0.0
2023-01-10 00:00:00-05:00,2.799999952316284,3.0199999809265137,2.799999952316284,3.0,13900,0.0,0.0
2023-01-11 00:00:00-05:00,3.049999952316284,3.2699999809265137,3.049999952316284,3.25,32500,0.0,0.0
2023-01-12 00:00:00-05:00,3.200000047683716,3.390000104904175,3.200000047683716,3.3499999046325684,18300,0.0,0.0
2023-01-13 00:00:00-05:00,3.380000114440918,3.430000066757202,3.2699999809265137,3.3499999046325684,7200,0.0,0.0
2023-01-17 00:00:00-05:00,3.4100000858306885,3.450000047683716,3.119999885559082,3.190000057220459,64200,0.0,0.0
2023-01-18 00:00:00-05:00,3.25,3.3499999046325684,3.130000114440918,3.2300000190734863,33600,0.0,0.0
2023-01-19 00:00:00-05:00,3.140000104904175,3.2200000286102295,3.140000104904175,3.1500000953674316,10400,0.0,0.0
2023-01-20 00:00:00-05:00,3.25,3.25,3.109999895095825,3.130000114440918,9100,0.0,0.0
2023-01-23 00:00:00-05:00,3.109999895095825,3.190000057220459,3.109999895095825,3.130000114440918,12900,0.0,0.0
2023-01-24 00:00:00-05:00,3.140000104904175,3.2799999713897705,3.119999885559082,3.200000047683716,16900,0.0,0.0
2023-01-25 00:00:00-05:00,3.1600000858306885,3.240000009536743,3.109999895095825,3.119999885559082,39500,0.0,0.0
2023-01-26 00:00:00-05:00,3.240000009536743,3.2799999713897705,3.1500000953674316,3.200000047683716,22900,0.0,0.0
2023-01-27 00:00:00-05:00,3.25,3.4000000953674316,3.25,3.2799999713897705,36600,0.0,0.0
2023-01-30 00:00:00-05:00,3.299999952316284,3.3499999046325684,3.25,3.319999933242798,14000,0.0,0.0
2023-01-31 00:00:00-05:00,3.390000104904175,3.440000057220459,3.2799999713897705,3.2799999713897705,28000,0.0,0.0
2023-02-01 00:00:00-05:00,3.2799999713897705,3.380000114440918,3.25,3.2899999618530273,16300,0.0,0.0
2023-02-02 00:00:00-05:00,3.3399999141693115,3.380000114440918,3.200000047683716,3.25,48800,0.0,0.0
2023-02-03 00:00:00-05:00,3.1700000762939453,3.299999952316284,3.130000114440918,3.2100000381469727,7500,0.0,0.0
2023-02-06 00:00:00-05:00,3.200000047683716,3.3399999141693115,3.200000047683716,3.3399999141693115,16500,0.0,0.0
2023-02-07 00:00:00-05:00,3.309999942779541,3.4000000953674316,3.2300000190734863,3.2899999618530273,19800,0.0,0.0
2023-02-08 00:00:00-05:00,3.2899999618530273,3.3399999141693115,3.2300000190734863,3.25,14500,0.0,0.0
2023-02-09 00:00:00-05:00,3.2300000190734863,3.309999942779541,3.1600000858306885,3.2300000190734863,8500,0.0,0.0
2023-02-10 00:00:00-05:00,3.380000114440918,3.380000114440918,3.049999952316284,3.140000104904175,14200,0.0,0.0
2023-02-13 00:00:00-05:00,3.069999933242798,3.180000066757202,3.069999933242798,3.130000114440918,15700,0.0,0.0
2023-02-14 00:00:00-05:00,3.1600000858306885,3.259999990463257,3.1500000953674316,3.1500000953674316,6600,0.0,0.0
2023-02-15 00:00:00-05:00,3.180000066757202,3.180000066757202,2.9200000762939453,2.930000066757202,28500,0.0,0.0
2023-02-16 00:00:00-05:00,3.0299999713897705,3.0299999713897705,2.8299999237060547,2.9100000858306885,53200,0.0,0.0
2023-02-17 00:00:00-05:00,2.8499999046325684,2.9100000858306885,2.7799999713897705,2.799999952316284,12300,0.0,0.0
2023-02-21 00:00:00-05:00,2.75,2.8299999237060547,2.5199999809265137,2.5399999618530273,41000,0.0,0.0
2023-02-22 00:00:00-05:00,2.609999895095825,2.9100000858306885,2.549999952316284,2.759999990463257,52700,0.0,0.0
2023-02-23 00:00:00-05:00,2.759999990463257,2.930000066757202,2.759999990463257,2.880000114440918,9400,0.0,0.0
2023-02-24 00:00:00-05:00,2.9100000858306885,2.9600000381469727,2.819999933242798,2.9200000762939453,18200,0.0,0.0
2023-02-27 00:00:00-05:00,2.880000114440918,3.0,2.880000114440918,3.0,16000,0.0,0.0
2023-02-28 00:00:00-05:00,2.930000066757202,3.059999942779541,2.9100000858306885,2.9200000762939453,57400,0.0,0.0
2023-03-01 00:00:00-05:00,2.9800000190734863,2.990000009536743,2.7100000381469727,2.7100000381469727,14000,0.0,0.0
2023-03-02 00:00:00-05:00,2.75,2.809999942779541,2.7200000286102295,2.740000009536743,4500,0.0,0.0
2023-03-03 00:00:00-05:00,2.740000009536743,2.75,2.700000047683716,2.75,24200,0.0,0.0
2023-03-06 00:00:00-05:00,2.75,2.799999952316284,2.630000114440918,2.6600000858306885,27600,0.0,0.0
2023-03-07 00:00:00-05:00,2.619999885559082,2.7100000381469727,2.5999999046325684,2.6700000762939453,15500,0.0,0.0
2023-03-08 00:00:00-05:00,2.630000114440918,2.6700000762939453,2.609999895095825,2.619999885559082,2300,0.0,0.0
2023-03-09 00:00:00-05:00,2.680000066757202,2.75,2.5999999046325684,2.5999999046325684,10200,0.0,0.0
2023-03-10 00:00:00-05:00,2.5899999141693115,2.6500000953674316,2.3499999046325684,2.359999895095825,27300,0.0,0.0
2023-03-13 00:00:00-04:00,2.299999952316284,2.5999999046325684,2.2699999809265137,2.5299999713897705,81600,0.0,0.0
2023-03-14 00:00:00-04:00,2.5,2.7799999713897705,2.5,2.640000104904175,52500,0.0,0.0
2023-03-15 00:00:00-04:00,2.6600000858306885,2.6600000858306885,2.430000066757202,2.4700000286102295,62300,0.0,0.0
2023-03-16 00:00:00-04:00,2.5,2.5,2.380000114440918,2.4000000953674316,18100,0.0,0.0
2023-03-17 00:00:00-04:00,2.4000000953674316,2.440000057220459,2.390000104904175,2.4200000762939453,81100,0.0,0.0
2023-03-20 00:00:00-04:00,2.4200000762939453,2.440000057220459,2.390000104904175,2.4200000762939453,21100,0.0,0.0
2023-03-21 00:00:00-04:00,2.309999942779541,2.4100000858306885,2.2699999809265137,2.369999885559082,60800,0.0,0.0
2023-03-22 00:00:00-04:00,2.4000000953674316,2.4200000762939453,2.1500000953674316,2.190000057220459,78200,0.0,0.0
2023-03-23 00:00:00-04:00,2.200000047683716,2.319999933242798,2.200000047683716,2.25,64400,0.0,0.0
2023-03-24 00:00:00-04:00,2.2100000381469727,2.2200000286102295,2.180000066757202,2.180000066757202,21300,0.0,0.0
2023-03-27 00:00:00-04:00,2.240000009536743,2.450000047683716,2.2200000286102295,2.430000066757202,49700,0.0,0.0
2023-03-28 00:00:00-04:00,2.4100000858306885,2.4600000381469727,2.369999885559082,2.4200000762939453,25300,0.0,0.0
2023-03-29 00:00:00-04:00,2.4600000381469727,2.619999885559082,2.430000066757202,2.619999885559082,58300,0.0,0.0
2023-03-30 00:00:00-04:00,2.6700000762939453,2.700000047683716,2.430000066757202,2.450000047683716,40800,0.0,0.0
2023-03-31 00:00:00-04:00,2.490000009536743,2.490000009536743,2.4100000858306885,2.450000047683716,35000,0.0,0.0
2023-04-03 00:00:00-04:00,2.509999990463257,2.930000066757202,2.490000009536743,2.930000066757202,41300,0.0,0.0
2023-04-04 00:00:00-04:00,2.859999895095825,2.869999885559082,2.7300000190734863,2.7899999618530273,25100,0.0,0.0
2023-04-05 00:00:00-04:00,2.7699999809265137,2.7799999713897705,2.6700000762939453,2.700000047683716,42600,0.0,0.0
2023-04-06 00:00:00-04:00,2.6500000953674316,2.799999952316284,2.6500000953674316,2.7799999713897705,7700,0.0,0.0
2023-04-10 00:00:00-04:00,2.7100000381469727,2.809999942779541,2.700000047683716,2.740000009536743,13200,0.0,0.0
2023-04-11 00:00:00-04:00,2.700000047683716,2.7799999713897705,2.690000057220459,2.690000057220459,19200,0.0,0.0
2023-04-12 00:00:00-04:00,2.6700000762939453,2.8299999237060547,2.6700000762939453,2.809999942779541,11500,0.0,0.0
2023-04-13 00:00:00-04:00,2.880000114440918,2.9800000190734863,2.8499999046325684,2.9800000190734863,30200,0.0,0.0
2023-04-14 00:00:00-04:00,3.049999952316284,3.0899999141693115,2.8299999237060547,2.9200000762939453,48500,0.0,0.0
2023-04-17 00:00:00-04:00,2.8499999046325684,3.0799999237060547,2.8499999046325684,3.049999952316284,23000,0.0,0.0
2023-04-18 00:00:00-04:00,2.990000009536743,3.059999942779541,2.7899999618530273,2.8499999046325684,60700,0.0,0.0
2023-04-19 00:00:00-04:00,2.8499999046325684,2.890000104904175,2.759999990463257,2.799999952316284,21700,0.0,0.0
2023-04-20 00:00:00-04:00,2.869999885559082,2.9600000381469727,2.8499999046325684,2.930000066757202,18400,0.0,0.0
2023-04-21 00:00:00-04:00,2.9800000190734863,3.0299999713897705,2.940000057220459,3.0299999713897705,10500,0.0,0.0
2023-04-24 00:00:00-04:00,3.0999999046325684,3.1700000762939453,3.0799999237060547,3.130000114440918,12900,0.0,0.0
2023-04-25 00:00:00-04:00,3.1500000953674316,3.190000057220459,3.0,3.0299999713897705,15600,0.0,0.0
2023-04-26 00:00:00-04:00,3.0899999141693115,3.0899999141693115,2.759999990463257,2.8299999237060547,11600,0.0,0.0
2023-04-27 00:00:00-04:00,2.9200000762939453,2.9200000762939453,2.759999990463257,2.869999885559082,20900,0.0,0.0
2023-04-28 00:00:00-04:00,2.9200000762939453,3.109999895095825,2.9200000762939453,3.0199999809265137,20100,0.0,0.0
2023-05-01 00:00:00-04:00,3.0799999237060547,3.0799999237060547,2.950000047683716,2.950000047683716,12400,0.0,0.0
2023-05-02 00:00:00-04:00,2.9000000953674316,3.049999952316284,2.9000000953674316,3.0,13700,0.0,0.0
2023-05-03 00:00:00-04:00,2.940000057220459,3.0899999141693115,2.940000057220459,2.990000009536743,11300,0.0,0.0
2023-05-04 00:00:00-04:00,3.0299999713897705,3.0399999618530273,2.880000114440918,2.990000009536743,11700,0.0,0.0
2023-05-05 00:00:00-04:00,2.990000009536743,3.0,2.890000104904175,2.9800000190734863,9100,0.0,0.0
2023-05-08 00:00:00-04:00,2.9800000190734863,2.990000009536743,2.7799999713897705,2.9100000858306885,24600,0.0,0.0
2023-05-09 00:00:00-04:00,3.0,3.0,2.8499999046325684,2.940000057220459,4100,0.0,0.0
2023-05-10 00:00:00-04:00,2.9800000190734863,2.9800000190734863,2.759999990463257,2.7799999713897705,16500,0.0,0.0
2023-05-11 00:00:00-04:00,2.8399999141693115,2.880000114440918,2.7100000381469727,2.819999933242798,26800,0.0,0.0
2023-05-12 00:00:00-04:00,2.940000057220459,2.940000057220459,2.7200000286102295,2.7200000286102295,13500,0.0,0.0
2023-05-15 00:00:00-04:00,2.7200000286102295,2.930000066757202,2.7100000381469727,2.7300000190734863,37500,0.0,0.0
2023-05-16 00:00:00-04:00,2.7200000286102295,2.759999990463257,2.619999885559082,2.6500000953674316,12600,0.0,0.0
2023-05-17 00:00:00-04:00,2.7699999809265137,2.7699999809265137,2.700000047683716,2.759999990463257,15500,0.0,0.0
2023-05-18 00:00:00-04:00,2.619999885559082,2.809999942779541,2.619999885559082,2.7899999618530273,17000,0.0,0.0
2023-05-19 00:00:00-04:00,2.8499999046325684,3.119999885559082,2.799999952316284,3.0999999046325684,90900,0.0,0.0
2023-05-22 00:00:00-04:00,3.200000047683716,3.2899999618530273,3.069999933242798,3.180000066757202,37400,0.0,0.0
2023-05-23 00:00:00-04:00,3.259999990463257,3.2699999809265137,3.180000066757202,3.2100000381469727,17300,0.0,0.0
2023-05-24 00:00:00-04:00,3.180000066757202,3.380000114440918,3.1500000953674316,3.2799999713897705,28500,0.0,0.0
2023-05-25 00:00:00-04:00,3.3499999046325684,3.380000114440918,3.1500000953674316,3.180000066757202,23500,0.0,0.0
2023-05-26 00:00:00-04:00,3.240000009536743,3.3499999046325684,3.0999999046325684,3.1600000858306885,9400,0.0,0.0
2023-05-30 00:00:00-04:00,3.240000009536743,3.25,3.109999895095825,3.119999885559082,7300,0.0,0.0
2023-05-31 00:00:00-04:00,3.1500000953674316,3.1600000858306885,3.0299999713897705,3.069999933242798,40500,0.0,0.0
2023-06-01 00:00:00-04:00,3.009999990463257,3.1700000762939453,3.009999990463257,3.0799999237060547,23300,0.0,0.0
2023-06-02 00:00:00-04:00,3.1700000762939453,3.2200000286102295,3.1500000953674316,3.1700000762939453,12700,0.0,0.0
2023-06-05 00:00:00-04:00,3.0999999046325684,3.190000057220459,3.0899999141693115,3.109999895095825,11200,0.0,0.0
2023-06-06 00:00:00-04:00,3.109999895095825,3.1700000762939453,3.0899999141693115,3.140000104904175,7300,0.0,0.0
2023-06-07 00:00:00-04:00,3.1500000953674316,3.2899999618530273,3.0799999237060547,3.2899999618530273,30000,0.0,0.0
2023-06-08 00:00:00-04:00,3.240000009536743,3.299999952316284,3.200000047683716,3.25,18000,0.0,0.0
2023-06-09 00:00:00-04:00,3.2899999618530273,3.2899999618530273,3.190000057220459,3.190000057220459,4500,0.0,0.0
2023-06-12 00:00:00-04:00,3.240000009536743,3.240000009536743,3.009999990463257,3.0799999237060547,19900,0.0,0.0
2023-06-13 00:00:00-04:00,3.0999999046325684,3.200000047683716,3.0,3.009999990463257,10300,0.0,0.0
2023-06-14 00:00:00-04:00,2.9700000286102295,3.059999942779541,2.9700000286102295,3.0,7500,0.0,0.0
2023-06-15 00:00:00-04:00,2.9600000381469727,3.059999942779541,2.9600000381469727,3.0299999713897705,3900,0.0,0.0
2023-06-16 00:00:00-04:00,3.0799999237060547,3.0799999237060547,2.880000114440918,2.990000009536743,17800,0.0,0.0
2023-06-20 00:00:00-04:00,3.0,3.0,2.880000114440918,2.9700000286102295,14500,0.0,0.0
2023-06-21 00:00:00-04:00,2.9800000190734863,2.990000009536743,2.869999885559082,2.9600000381469727,12100,0.0,0.0
2023-06-22 00:00:00-04:00,2.9000000953674316,2.9800000190734863,2.9000000953674316,2.950000047683716,16100,0.0,0.0
2023-06-23 00:00:00-04:00,2.9700000286102295,2.9700000286102295,2.859999895095825,2.9200000762939453,8200,0.0,0.0
2023-06-26 00:00:00-04:00,2.880000114440918,3.009999990463257,2.8499999046325684,2.859999895095825,13600,0.0,0.0
2023-06-27 00:00:00-04:00,2.9000000953674316,2.9200000762939453,2.9000000953674316,2.9000000953674316,2200,0.0,0.0
2023-06-28 00:00:00-04:00,2.9100000858306885,2.950000047683716,2.8499999046325684,2.8499999046325684,6700,0.0,0.0
2023-06-29 00:00:00-04:00,2.8399999141693115,3.049999952316284,2.8399999141693115,3.0199999809265137,18000,0.0,0.0
2023-06-30 00:00:00-04:00,3.0899999141693115,3.190000057220459,3.059999942779541,3.180000066757202,8400,0.0,0.0
2023-07-03 00:00:00-04:00,3.2200000286102295,3.2200000286102295,3.0799999237060547,3.190000057220459,6200,0.0,0.0
2023-07-05 00:00:00-04:00,3.190000057220459,3.200000047683716,3.0999999046325684,3.109999895095825,11700,0.0,0.0
2023-07-06 00:00:00-04:00,3.119999885559082,3.119999885559082,3.049999952316284,3.069999933242798,3600,0.0,0.0
2023-07-07 00:00:00-04:00,3.109999895095825,3.200000047683716,3.0799999237060547,3.190000057220459,3600,0.0,0.0
2023-07-10 00:00:00-04:00,3.200000047683716,3.25,3.109999895095825,3.200000047683716,7600,0.0,0.0
2023-07-11 00:00:00-04:00,3.2899999618530273,3.359999895095825,3.180000066757202,3.3499999046325684,7600,0.0,0.0
2023-07-12 00:00:00-04:00,3.359999895095825,3.440000057220459,3.3499999046325684,3.3499999046325684,4200,0.0,0.0
2023-07-13 00:00:00-04:00,3.4200000762939453,3.4700000286102295,3.369999885559082,3.430000066757202,16800,0.0,0.0
2023-07-14 00:00:00-04:00,3.4700000286102295,3.75,3.4700000286102295,3.619999885559082,28300,0.0,0.0
2023-07-17 00:00:00-04:00,3.7300000190734863,3.7799999713897705,3.5299999713897705,3.680000066757202,24100,0.0,0.0
2023-07-18 00:00:00-04:00,3.8399999141693115,3.8399999141693115,3.690000057220459,3.7899999618530273,10900,0.0,0.0
2023-07-19 00:00:00-04:00,3.869999885559082,3.880000114440918,3.759999990463257,3.8399999141693115,16000,0.0,0.0
2023-07-20 00:00:00-04:00,3.799999952316284,4.0,3.7899999618530273,3.9100000858306885,26000,0.0,0.0
2023-07-21 00:00:00-04:00,3.859999895095825,3.990000009536743,3.8299999237060547,3.8399999141693115,27100,0.0,0.0
2023-07-24 00:00:00-04:00,3.9000000953674316,3.9800000190734863,3.8499999046325684,3.869999885559082,10500,0.0,0.0
2023-07-25 00:00:00-04:00,3.799999952316284,3.869999885559082,3.5299999713897705,3.5299999713897705,14500,0.0,0.0
2023-07-26 00:00:00-04:00,3.5899999141693115,3.8299999237060547,3.559999942779541,3.7699999809265137,8600,0.0,0.0
2023-07-27 00:00:00-04:00,3.690000057220459,3.7100000381469727,3.4700000286102295,3.549999952316284,9600,0.0,0.0
2023-07-28 00:00:00-04:00,3.549999952316284,3.759999990463257,3.5199999809265137,3.7100000381469727,12500,0.0,0.0
2023-07-31 00:00:00-04:00,3.6700000762939453,3.799999952316284,3.549999952316284,3.619999885559082,12900,0.0,0.0
2023-08-01 00:00:00-04:00,3.6500000953674316,3.869999885559082,3.630000114440918,3.8499999046325684,15500,0.0,0.0
2023-08-02 00:00:00-04:00,3.7300000190734863,3.9700000286102295,3.7300000190734863,3.7899999618530273,8400,0.0,0.0
2023-08-03 00:00:00-04:00,3.940000057220459,3.9600000381469727,3.7100000381469727,3.940000057220459,26900,0.0,0.0
2023-08-04 00:00:00-04:00,3.819999933242798,3.950000047683716,3.7899999618530273,3.880000114440918,10500,0.0,0.0
2023-08-07 00:00:00-04:00,3.9700000286102295,3.9700000286102295,3.490000009536743,3.5299999713897705,42700,0.0,0.0
2023-08-08 00:00:00-04:00,3.5,3.7200000286102295,3.430000066757202,3.609999895095825,21100,0.0,0.0
2023-08-09 00:00:00-04:00,3.7200000286102295,3.819999933242798,3.490000009536743,3.740000009536743,15000,0.0,0.0
2023-08-10 00:00:00-04:00,3.740000009536743,3.740000009536743,3.069999933242798,3.180000066757202,44600,0.0,0.0
2023-08-11 00:00:00-04:00,3.25,3.25,3.0799999237060547,3.1500000953674316,14800,0.0,0.0
2023-08-14 00:00:00-04:00,3.25,3.299999952316284,3.0999999046325684,3.299999952316284,33600,0.0,0.0
2023-08-15 00:00:00-04:00,3.2899999618530273,3.3299999237060547,3.1700000762939453,3.2200000286102295,5900,0.0,0.0
2023-08-16 00:00:00-04:00,3.130000114440918,3.2799999713897705,3.130000114440918,3.2100000381469727,6900,0.0,0.0
2023-08-17 00:00:00-04:00,3.299999952316284,3.299999952316284,3.1500000953674316,3.180000066757202,2900,0.0,0.0
2023-08-18 00:00:00-04:00,3.200000047683716,3.200000047683716,3.140000104904175,3.140000104904175,5100,0.0,0.0
2023-08-21 00:00:00-04:00,3.140000104904175,3.1600000858306885,3.0399999618530273,3.049999952316284,24800,0.0,0.0
2023-08-22 00:00:00-04:00,3.140000104904175,3.140000104904175,2.9600000381469727,3.0,15900,0.0,0.0
2023-08-23 00:00:00-04:00,3.0399999618530273,3.0899999141693115,3.0299999713897705,3.059999942779541,9400,0.0,0.0
2023-08-24 00:00:00-04:00,3.1500000953674316,3.200000047683716,3.119999885559082,3.200000047683716,9300,0.0,0.0
2023-08-25 00:00:00-04:00,3.180000066757202,3.700000047683716,3.180000066757202,3.5299999713897705,48100,0.0,0.0
2023-08-28 00:00:00-04:00,3.619999885559082,3.619999885559082,3.2200000286102295,3.3499999046325684,30800,0.0,0.0
2023-08-29 00:00:00-04:00,3.359999895095825,3.359999895095825,3.180000066757202,3.2100000381469727,23100,0.0,0.0
2023-08-30 00:00:00-04:00,3.25,3.390000104904175,3.180000066757202,3.2200000286102295,31300,0.0,0.0
2023-08-31 00:00:00-04:00,3.2799999713897705,3.450000047683716,3.180000066757202,3.2200000286102295,16900,0.0,0.0
2023-09-01 00:00:00-04:00,3.25,3.490000009536743,3.240000009536743,3.3299999237060547,19300,0.0,0.0
2023-09-05 00:00:00-04:00,3.2300000190734863,3.369999885559082,3.180000066757202,3.180000066757202,17700,0.0,0.0
2023-09-06 00:00:00-04:00,3.2799999713897705,3.2899999618530273,3.0999999046325684,3.1500000953674316,8400,0.0,0.0
2023-09-07 00:00:00-04:00,3.180000066757202,3.299999952316284,3.1600000858306885,3.2300000190734863,4700,0.0,0.0
2023-09-08 00:00:00-04:00,3.1500000953674316,3.2899999618530273,3.1500000953674316,3.2300000190734863,15200,0.0,0.0
2023-09-11 00:00:00-04:00,3.200000047683716,3.2300000190734863,3.0999999046325684,3.0999999046325684,7700,0.0,0.0
2023-09-12 00:00:00-04:00,3.180000066757202,3.180000066757202,3.059999942779541,3.069999933242798,10000,0.0,0.0
2023-09-13 00:00:00-04:00,3.0399999618530273,3.119999885559082,3.0399999618530273,3.0399999618530273,9200,0.0,0.0
2023-09-14 00:00:00-04:00,3.109999895095825,3.1600000858306885,3.0899999141693115,3.119999885559082,12800,0.0,0.0
2023-09-15 00:00:00-04:00,3.049999952316284,3.0999999046325684,2.7699999809265137,2.869999885559082,50100,0.0,0.0
2023-09-18 00:00:00-04:00,2.7699999809265137,2.869999885559082,2.7100000381469727,2.799999952316284,56800,0.0,0.0
2023-09-19 00:00:00-04:00,2.9000000953674316,2.9100000858306885,2.799999952316284,2.859999895095825,12500,0.0,0.0
2023-09-20 00:00:00-04:00,2.809999942779541,2.9100000858306885,2.700000047683716,2.799999952316284,8700,0.0,0.0
2023-09-21 00:00:00-04:00,2.7100000381469727,2.880000114440918,2.7100000381469727,2.809999942779541,5700,0.0,0.0
2023-09-22 00:00:00-04:00,2.809999942779541,2.930000066757202,2.7899999618530273,2.7899999618530273,7400,0.0,0.0
2023-09-25 00:00:00-04:00,2.8399999141693115,2.9000000953674316,2.759999990463257,2.809999942779541,6600,0.0,0.0
2023-09-26 00:00:00-04:00,2.7300000190734863,2.8299999237060547,2.680000066757202,2.8299999237060547,4200,0.0,0.0
2023-09-27 00:00:00-04:00,2.8299999237060547,2.8299999237060547,2.75,2.759999990463257,6500,0.0,0.0
2023-09-28 00:00:00-04:00,2.819999933242798,2.819999933242798,2.680000066757202,2.680000066757202,8900,0.0,0.0
2023-09-29 00:00:00-04:00,2.799999952316284,2.869999885559082,2.559999942779541,2.630000114440918,18100,0.0,0.0
2023-10-02 00:00:00-04:00,2.7100000381469727,2.7100000381469727,2.609999895095825,2.619999885559082,6300,0.0,0.0
2023-10-03 00:00:00-04:00,2.619999885559082,2.619999885559082,2.4600000381469727,2.4600000381469727,26200,0.0,0.0
2023-10-04 00:00:00-04:00,2.440000057220459,2.5299999713897705,2.440000057220459,2.4700000286102295,17900,0.0,0.0
2023-10-05 00:00:00-04:00,2.509999990463257,2.5899999141693115,2.490000009536743,2.5899999141693115,20400,0.0,0.0
2023-10-06 00:00:00-04:00,2.619999885559082,2.7200000286102295,2.609999895095825,2.700000047683716,10800,0.0,0.0
2023-10-09 00:00:00-04:00,2.6700000762939453,2.869999885559082,2.6700000762939453,2.859999895095825,18000,0.0,0.0
2023-10-10 00:00:00-04:00,2.859999895095825,2.990000009536743,2.759999990463257,2.759999990463257,37200,0.0,0.0
2023-10-11 00:00:00-04:00,2.809999942779541,2.9200000762939453,2.799999952316284,2.819999933242798,4400,0.0,0.0
2023-10-12 00:00:00-04:00,2.9000000953674316,2.9200000762939453,2.680000066757202,2.880000114440918,11700,0.0,0.0
2023-10-13 00:00:00-04:00,2.930000066757202,2.930000066757202,2.569999933242798,2.5899999141693115,14600,0.0,0.0
2023-10-16 00:00:00-04:00,2.6600000858306885,2.740000009536743,2.6500000953674316,2.690000057220459,19700,0.0,0.0
2023-10-17 00:00:00-04:00,2.690000057220459,2.809999942779541,2.6600000858306885,2.6700000762939453,20800,0.0,0.0
2023-10-18 00:00:00-04:00,2.690000057220459,2.740000009536743,2.5899999141693115,2.5999999046325684,18400,0.0,0.0
2023-10-19 00:00:00-04:00,2.609999895095825,2.609999895095825,2.5199999809265137,2.5199999809265137,13800,0.0,0.0
2023-10-20 00:00:00-04:00,2.5199999809265137,2.5999999046325684,2.5,2.5899999141693115,21800,0.0,0.0
2023-10-23 00:00:00-04:00,2.619999885559082,2.6500000953674316,2.450000047683716,2.549999952316284,17200,0.0,0.0
2023-10-24 00:00:00-04:00,2.549999952316284,2.640000104904175,2.490000009536743,2.5999999046325684,19600,0.0,0.0
2023-10-25 00:00:00-04:00,2.5799999237060547,2.680000066757202,2.5799999237060547,2.640000104904175,8800,0.0,0.0
2023-10-26 00:00:00-04:00,2.690000057220459,2.700000047683716,2.640000104904175,2.640000104904175,10800,0.0,0.0
2023-10-27 00:00:00-04:00,2.6600000858306885,2.740000009536743,2.6600000858306885,2.740000009536743,10400,0.0,0.0
2023-10-30 00:00:00-04:00,2.5999999046325684,2.7200000286102295,2.5999999046325684,2.630000114440918,18000,0.0,0.0
2023-10-31 00:00:00-04:00,2.6700000762939453,2.700000047683716,2.640000104904175,2.6500000953674316,4300,0.0,0.0
2023-11-01 00:00:00-04:00,2.7300000190734863,2.7300000190734863,2.6600000858306885,2.6600000858306885,15600,0.0,0.0
2023-11-02 00:00:00-04:00,2.640000104904175,2.880000114440918,2.640000104904175,2.809999942779541,17900,0.0,0.0
2023-11-03 00:00:00-04:00,2.880000114440918,2.9000000953674316,2.690000057220459,2.700000047683716,35100,0.0,0.0
2023-11-06 00:00:00-05:00,2.880000114440918,2.930000066757202,2.809999942779541,2.859999895095825,18400,0.0,0.0
2023-11-07 00:00:00-05:00,2.8499999046325684,3.0199999809265137,2.8499999046325684,2.880000114440918,14100,0.0,0.0
2023-11-08 00:00:00-05:00,2.890000104904175,2.9200000762939453,2.759999990463257,2.8299999237060547,9700,0.0,0.0
2023-11-09 00:00:00-05:00,2.8299999237060547,2.8499999046325684,2.7699999809265137,2.799999952316284,6700,0.0,0.0
2023-11-10 00:00:00-05:00,2.75,2.940000057220459,2.690000057220459,2.690000057220459,5300,0.0,0.0
2023-11-13 00:00:00-05:00,2.7200000286102295,2.799999952316284,2.700000047683716,2.7899999618530273,4800,0.0,0.0
2023-11-14 00:00:00-05:00,2.880000114440918,2.9100000858306885,2.759999990463257,2.799999952316284,15400,0.0,0.0
2023-11-15 00:00:00-05:00,2.799999952316284,2.799999952316284,2.680000066757202,2.700000047683716,17400,0.0,0.0
2023-11-16 00:00:00-05:00,2.690000057220459,2.7699999809265137,2.6500000953674316,2.7200000286102295,6400,0.0,0.0
2023-11-17 00:00:00-05:00,2.7799999713897705,2.7799999713897705,2.6700000762939453,2.740000009536743,6900,0.0,0.0
2023-11-20 00:00:00-05:00,2.700000047683716,2.7899999618530273,2.700000047683716,2.7100000381469727,13500,0.0,0.0
2023-11-21 00:00:00-05:00,2.559999942779541,2.7100000381469727,2.559999942779541,2.630000114440918,32200,0.0,0.0
2023-11-22 00:00:00-05:00,2.5899999141693115,2.630000114440918,2.509999990463257,2.5299999713897705,20900,0.0,0.0
2023-11-24 00:00:00-05:00,2.4800000190734863,2.549999952316284,2.450000047683716,2.5199999809265137,12200,0.0,0.0
2023-11-27 00:00:00-05:00,2.5,2.700000047683716,2.450000047683716,2.509999990463257,56400,0.0,0.0
2023-11-28 00:00:00-05:00,2.5199999809265137,2.740000009536743,2.490000009536743,2.690000057220459,29200,0.0,0.0
2023-11-29 00:00:00-05:00,2.700000047683716,2.809999942779541,2.700000047683716,2.759999990463257,16300,0.0,0.0
2023-11-30 00:00:00-05:00,2.7699999809265137,2.7799999713897705,2.7100000381469727,2.7799999713897705,16500,0.0,0.0
2023-12-01 00:00:00-05:00,2.7100000381469727,2.7799999713897705,2.7100000381469727,2.75,7500,0.0,0.0
2023-12-04 00:00:00-05:00,2.75,2.8399999141693115,2.740000009536743,2.7699999809265137,20000,0.0,0.0
2023-12-05 00:00:00-05:00,2.7699999809265137,2.7899999618530273,2.75,2.7699999809265137,4200,0.0,0.0
2023-12-06 00:00:00-05:00,2.7300000190734863,2.7699999809265137,2.700000047683716,2.7300000190734863,19700,0.0,0.0
2023-12-07 00:00:00-05:00,2.7699999809265137,2.799999952316284,2.7300000190734863,2.75,11600,0.0,0.0
2023-12-08 00:00:00-05:00,2.75,2.819999933242798,2.5,2.6500000953674316,64700,0.0,0.0
2023-12-11 00:00:00-05:00,2.6500000953674316,2.680000066757202,2.549999952316284,2.549999952316284,37100,0.0,0.0
2023-12-12 00:00:00-05:00,2.549999952316284,2.569999933242798,2.509999990463257,2.509999990463257,15200,0.0,0.0
2023-12-13 00:00:00-05:00,2.509999990463257,2.6500000953674316,2.509999990463257,2.559999942779541,22800,0.0,0.0
2023-12-14 00:00:00-05:00,2.640000104904175,2.740000009536743,2.569999933242798,2.5999999046325684,104700,0.0,0.0
2023-12-15 00:00:00-05:00,2.5999999046325684,2.799999952316284,2.5999999046325684,2.619999885559082,60700,0.0,0.0
2023-12-18 00:00:00-05:00,2.5999999046325684,2.6700000762939453,2.559999942779541,2.559999942779541,182400,0.0,0.0
2023-12-19 00:00:00-05:00,2.549999952316284,2.680000066757202,2.549999952316284,2.619999885559082,111300,0.0,0.0
2023-12-20 00:00:00-05:00,2.549999952316284,2.7300000190734863,2.549999952316284,2.700000047683716,76400,0.0,0.0
2023-12-21 00:00:00-05:00,2.6600000858306885,2.740000009536743,2.509999990463257,2.680000066757202,37500,0.0,0.0
2023-12-22 00:00:00-05:00,2.6600000858306885,2.7200000286102295,2.609999895095825,2.630000114440918,23100,0.0,0.0
2023-12-26 00:00:00-05:00,2.690000057220459,2.75,2.680000066757202,2.740000009536743,28400,0.0,0.0
2023-12-27 00:00:00-05:00,2.7300000190734863,2.859999895095825,2.6600000858306885,2.75,61900,0.0,0.0
2023-12-28 00:00:00-05:00,2.75,2.859999895095825,2.740000009536743,2.740000009536743,106600,0.0,0.0
2023-12-29 00:00:00-05:00,2.7699999809265137,2.799999952316284,2.680000066757202,2.7300000190734863,75700,0.0,0.0
2024-01-02 00:00:00-05:00,2.700000047683716,2.890000104904175,2.700000047683716,2.7899999618530273,40900,0.0,0.0
2024-01-03 00:00:00-05:00,2.869999885559082,2.869999885559082,2.7200000286102295,2.759999990463257,22400,0.0,0.0
2024-01-04 00:00:00-05:00,2.799999952316284,2.799999952316284,2.6700000762939453,2.680000066757202,40100,0.0,0.0
2024-01-05 00:00:00-05:00,2.6700000762939453,2.7200000286102295,2.5899999141693115,2.609999895095825,64000,0.0,0.0
2024-01-08 00:00:00-05:00,2.609999895095825,2.7899999618530273,2.609999895095825,2.7100000381469727,36400,0.0,0.0
2024-01-09 00:00:00-05:00,2.740000009536743,2.799999952316284,2.609999895095825,2.609999895095825,13500,0.0,0.0
2024-01-10 00:00:00-05:00,2.5999999046325684,2.680000066757202,2.5999999046325684,2.6600000858306885,36500,0.0,0.0
2024-01-11 00:00:00-05:00,2.700000047683716,2.7100000381469727,2.609999895095825,2.630000114440918,28800,0.0,0.0
2024-01-12 00:00:00-05:00,2.700000047683716,2.7200000286102295,2.5,2.559999942779541,110800,0.0,0.0
2024-01-16 00:00:00-05:00,2.509999990463257,2.609999895095825,2.4700000286102295,2.4800000190734863,95200,0.0,0.0
2024-01-17 00:00:00-05:00,2.4700000286102295,2.5299999713897705,2.4100000858306885,2.430000066757202,95800,0.0,0.0
2024-01-18 00:00:00-05:00,2.4700000286102295,2.509999990463257,2.4100000858306885,2.440000057220459,39200,0.0,0.0
2024-01-19 00:00:00-05:00,2.4200000762939453,2.5,2.4200000762939453,2.4600000381469727,25500,0.0,0.0
2024-01-22 00:00:00-05:00,2.549999952316284,2.609999895095825,2.4600000381469727,2.5199999809265137,58900,0.0,0.0
2024-01-23 00:00:00-05:00,2.5,2.5799999237060547,2.450000047683716,2.450000047683716,18800,0.0,0.0
2024-01-24 00:00:00-05:00,2.5,2.619999885559082,2.4200000762939453,2.4600000381469727,39900,0.0,0.0
2024-01-25 00:00:00-05:00,2.440000057220459,2.609999895095825,2.4100000858306885,2.609999895095825,39900,0.0,0.0
2024-01-26 00:00:00-05:00,2.569999933242798,2.5899999141693115,2.509999990463257,2.509999990463257,23800,0.0,0.0
2024-01-29 00:00:00-05:00,2.5299999713897705,2.619999885559082,2.5299999713897705,2.5799999237060547,90100,0.0,0.0
2024-01-30 00:00:00-05:00,2.5299999713897705,2.680000066757202,2.5299999713897705,2.549999952316284,60200,0.0,0.0
2024-01-31 00:00:00-05:00,2.5899999141693115,2.609999895095825,2.5299999713897705,2.5299999713897705,17200,0.0,0.0
2024-02-01 00:00:00-05:00,2.5299999713897705,2.640000104904175,2.5299999713897705,2.5399999618530273,16800,0.0,0.0
2024-02-02 00:00:00-05:00,2.5299999713897705,2.569999933242798,2.5299999713897705,2.559999942779541,14100,0.0,0.0
2024-02-05 00:00:00-05:00,2.549999952316284,2.5899999141693115,2.509999990463257,2.509999990463257,9400,0.0,0.0
2024-02-06 00:00:00-05:00,2.6600000858306885,2.6600000858306885,2.509999990463257,2.5199999809265137,34400,0.0,0.0
2024-02-07 00:00:00-05:00,2.559999942779541,2.5899999141693115,2.4600000381469727,2.4700000286102295,24600,0.0,0.0
2024-02-08 00:00:00-05:00,2.4800000190734863,2.549999952316284,2.4800000190734863,2.5,18000,0.0,0.0
2024-02-09 00:00:00-05:00,2.5,2.619999885559082,2.4200000762939453,2.430000066757202,17900,0.0,0.0
2024-02-12 00:00:00-05:00,2.4000000953674316,2.5299999713897705,2.4000000953674316,2.450000047683716,49200,0.0,0.0
2024-02-13 00:00:00-05:00,2.4200000762939453,2.509999990463257,2.4200000762939453,2.450000047683716,7000,0.0,0.0
2024-02-14 00:00:00-05:00,2.5,2.5799999237060547,2.430000066757202,2.549999952316284,16000,0.0,0.0
2024-02-15 00:00:00-05:00,2.5199999809265137,2.559999942779541,2.5,2.559999942779541,15300,0.0,0.0
2024-02-16 00:00:00-05:00,2.509999990463257,2.559999942779541,2.4600000381469727,2.490000009536743,22400,0.0,0.0
2024-02-20 00:00:00-05:00,2.490000009536743,2.569999933242798,2.4700000286102295,2.4700000286102295,23500,0.0,0.0
2024-02-21 00:00:00-05:00,2.490000009536743,2.5,2.440000057220459,2.450000047683716,27500,0.0,0.0
2024-02-22 00:00:00-05:00,2.4800000190734863,2.5,2.450000047683716,2.490000009536743,10600,0.0,0.0
2024-02-23 00:00:00-05:00,2.440000057220459,2.4600000381469727,2.4200000762939453,2.430000066757202,9900,0.0,0.0
2024-02-26 00:00:00-05:00,2.4200000762939453,2.5299999713897705,2.4200000762939453,2.509999990463257,27600,0.0,0.0
2024-02-27 00:00:00-05:00,2.509999990463257,2.640000104904175,2.509999990463257,2.5799999237060547,46800,0.0,0.0
2024-02-28 00:00:00-05:00,2.5799999237060547,2.5799999237060547,2.4800000190734863,2.4800000190734863,25900,0.0,0.0
2024-02-29 00:00:00-05:00,2.440000057220459,2.559999942779541,2.440000057220459,2.5199999809265137,34400,0.0,0.0
2024-03-01 00:00:00-05:00,2.549999952316284,2.559999942779541,2.440000057220459,2.440000057220459,71400,0.0,0.0
2024-03-04 00:00:00-05:00,2.450000047683716,2.5299999713897705,2.450000047683716,2.490000009536743,25700,0.0,0.0
2024-03-05 00:00:00-05:00,2.5199999809265137,2.5199999809265137,2.450000047683716,2.5,27400,0.0,0.0
2024-03-06 00:00:00-05:00,2.5,2.5899999141693115,2.450000047683716,2.5,16700,0.0,0.0
2024-03-07 00:00:00-05:00,2.490000009536743,2.740000009536743,2.490000009536743,2.5999999046325684,41300,0.0,0.0
2024-03-08 00:00:00-05:00,2.5999999046325684,2.6500000953674316,2.490000009536743,2.5299999713897705,21300,0.0,0.0
2024-03-11 00:00:00-04:00,2.569999933242798,2.569999933242798,2.450000047683716,2.5399999618530273,34800,0.0,0.0
2024-03-12 00:00:00-04:00,2.5999999046325684,2.609999895095825,2.5,2.5,22600,0.0,0.0
2024-03-13 00:00:00-04:00,2.4600000381469727,2.5399999618530273,2.4600000381469727,2.4700000286102295,17700,0.0,0.0
2024-03-14 00:00:00-04:00,2.5799999237060547,2.5899999141693115,2.4700000286102295,2.5,11600,0.0,0.0
2024-03-15 00:00:00-04:00,2.450000047683716,2.5199999809265137,2.450000047683716,2.5199999809265137,12200,0.0,0.0
2024-03-18 00:00:00-04:00,2.5799999237060547,2.5799999237060547,2.450000047683716,2.450000047683716,22200,0.0,0.0
2024-03-19 00:00:00-04:00,2.450000047683716,2.5299999713897705,2.440000057220459,2.440000057220459,14300,0.0,0.0
2024-03-20 00:00:00-04:00,2.4800000190734863,2.5299999713897705,2.440000057220459,2.5299999713897705,13600,0.0,0.0
2024-03-21 00:00:00-04:00,2.569999933242798,2.569999933242798,2.4100000858306885,2.450000047683716,23800,0.0,0.0
2024-03-22 00:00:00-04:00,2.490000009536743,2.5399999618530273,2.4100000858306885,2.5399999618530273,21900,0.0,0.0
2024-03-25 00:00:00-04:00,2.5399999618530273,2.7699999809265137,2.5399999618530273,2.759999990463257,93500,0.0,0.0
2024-03-26 00:00:00-04:00,2.5999999046325684,2.700000047683716,2.200000047683716,2.200000047683716,189800,0.0,0.0
2024-03-27 00:00:00-04:00,2.2100000381469727,2.319999933242798,2.0899999141693115,2.109999895095825,86900,0.0,0.0
2024-03-28 00:00:00-04:00,2.1600000858306885,2.240000009536743,2.1500000953674316,2.1700000762939453,41700,0.0,0.0
2024-04-01 00:00:00-04:00,2.1700000762939453,2.2200000286102295,2.119999885559082,2.190000057220459,34700,0.0,0.0
2024-04-02 00:00:00-04:00,2.119999885559082,2.190000057220459,2.119999885559082,2.1500000953674316,35800,0.0,0.0
2024-04-03 00:00:00-04:00,2.180000066757202,2.2300000190734863,2.140000104904175,2.200000047683716,20100,0.0,0.0
2024-04-04 00:00:00-04:00,2.200000047683716,2.240000009536743,2.1500000953674316,2.2100000381469727,46400,0.0,0.0
2024-04-05 00:00:00-04:00,2.1700000762939453,2.200000047683716,2.119999885559082,2.200000047683716,28500,0.0,0.0
2024-04-08 00:00:00-04:00,2.200000047683716,2.390000104904175,2.1600000858306885,2.3499999046325684,63300,0.0,0.0
2024-04-09 00:00:00-04:00,2.359999895095825,2.4000000953674316,2.2899999618530273,2.309999942779541,17600,0.0,0.0
2024-04-10 00:00:00-04:00,2.2799999713897705,2.3499999046325684,2.2799999713897705,2.319999933242798,26900,0.0,0.0
2024-04-11 00:00:00-04:00,2.3299999237060547,2.3499999046325684,2.309999942779541,2.319999933242798,6200,0.0,0.0
2024-04-12 00:00:00-04:00,2.3399999141693115,2.380000114440918,2.319999933242798,2.369999885559082,16800,0.0,0.0
2024-04-15 00:00:00-04:00,2.299999952316284,2.309999942779541,2.25,2.259999990463257,22300,0.0,0.0
2024-04-16 00:00:00-04:00,2.259999990463257,2.259999990463257,2.1700000762939453,2.1700000762939453,14100,0.0,0.0
2024-04-17 00:00:00-04:00,2.2100000381469727,2.2100000381469727,2.1700000762939453,2.200000047683716,7500,0.0,0.0
2024-04-18 00:00:00-04:00,2.2200000286102295,2.240000009536743,2.1600000858306885,2.2200000286102295,14300,0.0,0.0
2024-04-19 00:00:00-04:00,2.1700000762939453,2.2200000286102295,2.1500000953674316,2.180000066757202,13100,0.0,0.0
2024-04-22 00:00:00-04:00,2.130000114440918,2.259999990463257,2.130000114440918,2.200000047683716,7900,0.0,0.0
2024-04-23 00:00:00-04:00,2.2100000381469727,2.2300000190734863,2.1500000953674316,2.1500000953674316,16600,0.0,0.0
2024-04-24 00:00:00-04:00,2.1500000953674316,2.1500000953674316,2.0899999141693115,2.0899999141693115,21100,0.0,0.0
2024-04-25 00:00:00-04:00,2.0899999141693115,2.140000104904175,2.0899999141693115,2.119999885559082,8400,0.0,0.0
2024-04-26 00:00:00-04:00,2.119999885559082,2.2200000286102295,2.109999895095825,2.109999895095825,14500,0.0,0.0
2024-04-29 00:00:00-04:00,2.1500000953674316,2.180000066757202,2.049999952316284,2.1500000953674316,26500,0.0,0.0
2024-04-30 00:00:00-04:00,2.1500000953674316,2.1500000953674316,2.049999952316284,2.049999952316284,22800,0.0,0.0
2024-05-01 00:00:00-04:00,2.0399999618530273,2.069999933242798,2.0299999713897705,2.049999952316284,14700,0.0,0.0
2024-05-02 00:00:00-04:00,2.0899999141693115,2.0899999141693115,1.9900000095367432,2.0399999618530273,27200,0.0,0.0
2024-05-03 00:00:00-04:00,2.0199999809265137,2.059999942779541,2.0,2.0299999713897705,40900,0.0,0.0
2024-05-06 00:00:00-04:00,2.0299999713897705,2.1600000858306885,2.0299999713897705,2.0399999618530273,29600,0.0,0.0
2024-05-07 00:00:00-04:00,2.049999952316284,2.059999942779541,1.9800000190734863,1.9800000190734863,20000,0.0,0.0
2024-05-08 00:00:00-04:00,2.009999990463257,2.049999952316284,1.9299999475479126,1.9600000381469727,22200,0.0,0.0
2024-05-09 00:00:00-04:00,2.0,2.0,1.850000023841858,1.909999966621399,79200,0.0,0.0
2024-05-10 00:00:00-04:00,1.9199999570846558,1.9199999570846558,1.809999942779541,1.8799999952316284,47600,0.0,0.0
2024-05-13 00:00:00-04:00,1.8799999952316284,1.9800000190734863,1.8200000524520874,1.8700000047683716,37900,0.0,0.0
2024-05-14 00:00:00-04:00,1.9299999475479126,2.0,1.6699999570846558,1.7100000381469727,203300,0.0,0.0
2024-05-15 00:00:00-04:00,1.75,1.75,1.559999942779541,1.6100000143051147,97500,0.0,0.0
2024-05-16 00:00:00-04:00,1.6200000047683716,1.6200000047683716,1.5499999523162842,1.5499999523162842,91300,0.0,0.0
2024-05-17 00:00:00-04:00,1.5700000524520874,1.600000023841858,1.5099999904632568,1.5099999904632568,64400,0.0,0.0
2024-05-20 00:00:00-04:00,1.5499999523162842,1.5800000429153442,1.4700000286102295,1.4900000095367432,94700,0.0,0.0
2024-05-21 00:00:00-04:00,1.4900000095367432,1.6100000143051147,1.4900000095367432,1.6100000143051147,47100,0.0,0.0
2024-05-22 00:00:00-04:00,1.6299999952316284,1.6399999856948853,1.5700000524520874,1.5800000429153442,38700,0.0,0.0
2024-05-23 00:00:00-04:00,1.5700000524520874,1.600000023841858,1.5199999809265137,1.5299999713897705,26400,0.0,0.0
2024-05-24 00:00:00-04:00,1.5199999809265137,1.5299999713897705,1.4800000190734863,1.5099999904632568,41800,0.0,0.0
2024-05-28 00:00:00-04:00,1.4800000190734863,1.5299999713897705,1.4199999570846558,1.4299999475479126,55100,0.0,0.0
2024-05-29 00:00:00-04:00,1.4500000476837158,1.4600000381469727,1.340000033378601,1.3899999856948853,56800,0.0,0.0
2024-05-30 00:00:00-04:00,1.4199999570846558,1.4199999570846558,1.25,1.309999942779541,86700,0.0,0.0
2024-05-31 00:00:00-04:00,1.409999966621399,1.440000057220459,1.309999942779541,1.3200000524520874,53000,0.0,0.0
2024-06-03 00:00:00-04:00,1.2999999523162842,1.4199999570846558,1.2799999713897705,1.2799999713897705,53500,0.0,0.0
2024-06-04 00:00:00-04:00,1.2899999618530273,1.2999999523162842,1.25,1.2899999618530273,23800,0.0,0.0
2024-06-05 00:00:00-04:00,1.2699999809265137,1.3200000524520874,1.2599999904632568,1.2899999618530273,45200,0.0,0.0
2024-06-06 00:00:00-04:00,1.309999942779541,1.3700000047683716,1.2599999904632568,1.2599999904632568,41700,0.0,0.0
2024-06-07 00:00:00-04:00,1.2599999904632568,1.2899999618530273,1.2200000286102295,1.2300000190734863,55300,0.0,0.0
2024-06-10 00:00:00-04:00,1.2000000476837158,1.2400000095367432,1.1399999856948853,1.1399999856948853,118500,0.0,0.0
2024-06-11 00:00:00-04:00,1.1100000143051147,1.1100000143051147,1.0099999904632568,1.090000033378601,123800,0.0,0.0
2024-06-12 00:00:00-04:00,1.0700000524520874,1.1100000143051147,1.059999942779541,1.059999942779541,26900,0.0,0.0
2024-06-13 00:00:00-04:00,1.0499999523162842,1.059999942779541,1.0,1.0299999713897705,60600,0.0,0.0
2024-06-14 00:00:00-04:00,1.0499999523162842,1.0700000524520874,1.0299999713897705,1.0399999618530273,28200,0.0,0.0
2024-06-17 00:00:00-04:00,0.8999999761581421,0.9800000190734863,0.8899999856948853,0.9200000166893005,224200,0.0,0.0
2024-06-18 00:00:00-04:00,0.8799999952316284,0.9599999785423279,0.8799999952316284,0.9100000262260437,118500,0.0,0.0
2024-06-20 00:00:00-04:00,0.8199999928474426,0.8500000238418579,0.800000011920929,0.8199999928474426,307700,0.0,0.0
2024-06-21 00:00:00-04:00,0.8100000023841858,0.8199999928474426,0.800000011920929,0.8100000023841858,106500,0.0,0.0
2024-06-24 00:00:00-04:00,0.800000011920929,0.8299999833106995,0.7599999904632568,0.8299999833106995,145400,0.0,0.0
2024-06-25 00:00:00-04:00,0.8100000023841858,0.8199999928474426,0.7799999713897705,0.8199999928474426,245100,0.0,0.0
2024-06-26 00:00:00-04:00,0.800000011920929,0.8199999928474426,0.7699999809265137,0.7799999713897705,125800,0.0,0.0
2024-06-27 00:00:00-04:00,0.7799999713897705,0.7900000214576721,0.75,0.7799999713897705,261200,0.0,0.0
2024-06-28 00:00:00-04:00,0.800000011920929,0.800000011920929,0.75,0.7699999809265137,91000,0.0,0.0
2024-07-01 00:00:00-04:00,0.7900000214576721,0.7900000214576721,0.75,0.75,66700,0.0,0.0
2024-07-02 00:00:00-04:00,0.75,0.7599999904632568,0.7400000095367432,0.75,144200,0.0,0.0
2024-07-03 00:00:00-04:00,0.75,0.7599999904632568,0.75,0.75,84600,0.0,0.0
2024-07-05 00:00:00-04:00,0.7599999904632568,0.7699999809265137,0.7400000095367432,0.7699999809265137,189000,0.0,0.0
2024-07-08 00:00:00-04:00,0.7599999904632568,0.800000011920929,0.7599999904632568,0.7599999904632568,41900,0.0,0.0
2024-07-09 00:00:00-04:00,0.7599999904632568,0.8100000023841858,0.7599999904632568,0.7599999904632568,3220800,0.0,0.0
2024-07-10 00:00:00-04:00,1.0700000524520874,1.3700000047683716,1.0299999713897705,1.2300000190734863,36852100,0.0,0.0
2024-07-11 00:00:00-04:00,1.1200000047683716,1.5700000524520874,1.1200000047683716,1.4600000381469727,5483500,0.0,0.0
2024-07-12 00:00:00-04:00,1.399999976158142,1.8700000047683716,1.3799999952316284,1.559999942779541,3846700,0.0,0.0
2024-07-15 00:00:00-04:00,1.4700000286102295,1.649999976158142,1.4700000286102295,1.5,824800,0.0,0.0
2024-07-16 00:00:00-04:00,1.5700000524520874,1.75,1.409999966621399,1.7100000381469727,1061900,0.0,0.0
2024-07-17 00:00:00-04:00,1.7100000381469727,1.8700000047683716,1.6699999570846558,1.840000033378601,691500,0.0,0.0
2024-07-18 00:00:00-04:00,1.75,1.8300000429153442,1.5499999523162842,1.5499999523162842,583300,0.0,0.0
2024-07-19 00:00:00-04:00,1.5499999523162842,1.7200000286102295,1.5,1.7200000286102295,381400,0.0,0.0
2024-07-22 00:00:00-04:00,1.7200000286102295,1.7200000286102295,1.5499999523162842,1.5700000524520874,313000,0.0,0.0
2024-07-23 00:00:00-04:00,1.600000023841858,1.649999976158142,1.5,1.6399999856948853,218700,0.0,0.0
2024-07-24 00:00:00-04:00,1.590000033378601,1.6299999952316284,1.559999942779541,1.559999942779541,73900,0.0,0.0
2024-07-25 00:00:00-04:00,1.559999942779541,1.690000057220459,1.559999942779541,1.649999976158142,199200,0.0,0.0
2024-07-26 00:00:00-04:00,1.6299999952316284,1.690000057220459,1.5700000524520874,1.600000023841858,133500,0.0,0.0
2024-07-29 00:00:00-04:00,1.600000023841858,1.7000000476837158,1.5800000429153442,1.6100000143051147,145600,0.0,0.0
2024-07-30 00:00:00-04:00,1.5800000429153442,1.6299999952316284,1.5199999809265137,1.5299999713897705,154600,0.0,0.0
2024-07-31 00:00:00-04:00,1.5299999713897705,1.5800000429153442,1.5199999809265137,1.5800000429153442,121500,0.0,0.0
2024-08-01 00:00:00-04:00,1.559999942779541,1.600000023841858,1.5099999904632568,1.5199999809265137,142100,0.0,0.0
2024-08-02 00:00:00-04:00,1.5,1.5299999713897705,1.440000057220459,1.4900000095367432,108700,0.0,0.0
2024-08-05 00:00:00-04:00,1.409999966621399,1.4299999475479126,1.3200000524520874,1.350000023841858,233800,0.0,0.0
2024-08-06 00:00:00-04:00,1.3899999856948853,1.440000057220459,1.309999942779541,1.3300000429153442,126200,0.0,0.0
2024-08-07 00:00:00-04:00,1.3300000429153442,1.3799999952316284,1.2599999904632568,1.2799999713897705,118400,0.0,0.0
2024-08-08 00:00:00-04:00,1.3300000429153442,1.399999976158142,1.2999999523162842,1.3600000143051147,112600,0.0,0.0
2024-08-09 00:00:00-04:00,1.3200000524520874,1.399999976158142,1.3200000524520874,1.3600000143051147,130800,0.0,0.0
2024-08-12 00:00:00-04:00,1.3200000524520874,1.5,1.3200000524520874,1.4900000095367432,315200,0.0,0.0
2024-08-13 00:00:00-04:00,1.600000023841858,1.600000023841858,1.3600000143051147,1.5099999904632568,413600,0.0,0.0
2024-08-14 00:00:00-04:00,1.4700000286102295,1.7599999904632568,1.4299999475479126,1.7400000095367432,324400,0.0,0.0
2024-08-15 00:00:00-04:00,1.7799999713897705,1.9800000190734863,1.7000000476837158,1.8600000143051147,216200,0.0,0.0
2024-08-16 00:00:00-04:00,1.8700000047683716,1.8700000047683716,1.7599999904632568,1.7999999523162842,110900,0.0,0.0
2024-08-19 00:00:00-04:00,1.7799999713897705,2.0399999618530273,1.7400000095367432,2.009999990463257,115200,0.0,0.0
2024-08-20 00:00:00-04:00,1.9800000190734863,2.0299999713897705,1.8799999952316284,1.940000057220459,97400,0.0,0.0
2024-08-21 00:00:00-04:00,1.909999966621399,1.9600000381469727,1.840000033378601,1.9199999570846558,59400,0.0,0.0
2024-08-22 00:00:00-04:00,1.8899999856948853,1.940000057220459,1.8600000143051147,1.9299999475479126,76400,0.0,0.0
2024-08-23 00:00:00-04:00,1.899999976158142,2.0399999618530273,1.8899999856948853,1.9900000095367432,152100,0.0,0.0
2024-08-26 00:00:00-04:00,2.0,2.2300000190734863,1.9299999475479126,2.0399999618530273,234100,0.0,0.0
2024-08-27 00:00:00-04:00,1.9800000190734863,2.049999952316284,1.909999966621399,1.9900000095367432,114400,0.0,0.0
2024-08-28 00:00:00-04:00,2.0299999713897705,2.0999999046325684,1.8300000429153442,1.8600000143051147,106000,0.0,0.0
2024-08-29 00:00:00-04:00,1.840000033378601,2.240000009536743,1.75,1.9900000095367432,273200,0.0,0.0
2024-08-30 00:00:00-04:00,1.9500000476837158,2.0399999618530273,1.940000057220459,2.0299999713897705,110700,0.0,0.0
2024-09-03 00:00:00-04:00,2.0199999809265137,2.049999952316284,1.850000023841858,1.8600000143051147,94300,0.0,0.0
2024-09-04 00:00:00-04:00,1.899999976158142,1.9700000286102295,1.7999999523162842,1.899999976158142,88000,0.0,0.0
2024-09-05 00:00:00-04:00,1.850000023841858,1.899999976158142,1.840000033378601,1.840000033378601,38100,0.0,0.0
2024-09-06 00:00:00-04:00,1.899999976158142,1.899999976158142,1.850000023841858,1.8700000047683716,80300,0.0,0.0
2024-09-09 00:00:00-04:00,1.850000023841858,1.9199999570846558,1.8200000524520874,1.8300000429153442,51100,0.0,0.0
2024-09-10 00:00:00-04:00,1.809999942779541,1.850000023841858,1.75,1.7599999904632568,51700,0.0,0.0
2024-09-11 00:00:00-04:00,1.7400000095367432,1.809999942779541,1.7000000476837158,1.7699999809265137,33100,0.0,0.0
2024-09-12 00:00:00-04:00,1.7999999523162842,1.9800000190734863,1.7899999618530273,1.9500000476837158,105200,0.0,0.0
2024-09-13 00:00:00-04:00,1.9500000476837158,2.0899999141693115,1.899999976158142,1.9800000190734863,92100,0.0,0.0
2024-09-16 00:00:00-04:00,2.0,2.0899999141693115,1.9700000286102295,1.9900000095367432,92100,0.0,0.0
2024-09-17 00:00:00-04:00,2.0399999618530273,2.140000104904175,1.9800000190734863,2.0299999713897705,73200,0.0,0.0
2024-09-18 00:00:00-04:00,2.069999933242798,2.200000047683716,2.0399999618530273,2.1700000762939453,91000,0.0,0.0
2024-09-19 00:00:00-04:00,2.240000009536743,2.359999895095825,2.2100000381469727,2.2899999618530273,154100,0.0,0.0
2024-09-20 00:00:00-04:00,2.319999933242798,2.319999933242798,2.0399999618530273,2.109999895095825,185900,0.0,0.0
2024-09-23 00:00:00-04:00,2.0899999141693115,2.0899999141693115,1.9299999475479126,2.059999942779541,44300,0.0,0.0
2024-09-24 00:00:00-04:00,2.0899999141693115,2.119999885559082,1.9800000190734863,2.059999942779541,45200,0.0,0.0
2024-09-25 00:00:00-04:00,2.0799999237060547,2.0999999046325684,1.9299999475479126,2.0199999809265137,39300,0.0,0.0
2024-09-26 00:00:00-04:00,2.0399999618530273,2.0899999141693115,2.009999990463257,2.069999933242798,69000,0.0,0.0
2024-09-27 00:00:00-04:00,2.0799999237060547,2.0899999141693115,2.0199999809265137,2.0399999618530273,21800,0.0,0.0
2024-09-30 00:00:00-04:00,2.0199999809265137,2.069999933242798,1.9500000476837158,2.0,47200,0.0,0.0
2024-10-01 00:00:00-04:00,1.9600000381469727,2.0,1.9500000476837158,1.9800000190734863,49200,0.0,0.0
2024-10-02 00:00:00-04:00,1.940000057220459,1.940000057220459,1.809999942779541,1.840000033378601,57500,0.0,0.0
2024-10-03 00:00:00-04:00,1.7999999523162842,1.8700000047683716,1.7999999523162842,1.840000033378601,33900,0.0,0.0
2024-10-04 00:00:00-04:00,1.850000023841858,1.9299999475479126,1.7200000286102295,1.7999999523162842,82900,0.0,0.0
2024-10-07 00:00:00-04:00,1.7799999713897705,1.8200000524520874,1.7300000190734863,1.7300000190734863,74300,0.0,0.0
2024-10-08 00:00:00-04:00,1.7300000190734863,1.7300000190734863,1.690000057220459,1.7000000476837158,38200,0.0,0.0
2024-10-09 00:00:00-04:00,1.7300000190734863,1.7899999618530273,1.7100000381469727,1.7400000095367432,46500,0.0,0.0
2024-10-10 00:00:00-04:00,1.7699999809265137,1.7799999713897705,1.7300000190734863,1.75,21900,0.0,0.0
2024-10-11 00:00:00-04:00,1.7599999904632568,1.7999999523162842,1.7599999904632568,1.7799999713897705,27200,0.0,0.0
2024-10-14 00:00:00-04:00,1.7300000190734863,1.8600000143051147,1.7300000190734863,1.840000033378601,60300,0.0,0.0
2024-10-15 00:00:00-04:00,1.850000023841858,1.909999966621399,1.7699999809265137,1.7999999523162842,40900,0.0,0.0
2024-10-16 00:00:00-04:00,1.7799999713897705,1.8200000524520874,1.7599999904632568,1.8200000524520874,37600,0.0,0.0
2024-10-17 00:00:00-04:00,1.7799999713897705,1.8300000429153442,1.7799999713897705,1.809999942779541,12100,0.0,0.0
2024-10-18 00:00:00-04:00,1.809999942779541,1.9700000286102295,1.809999942779541,1.9700000286102295,71000,0.0,0.0
2024-10-21 00:00:00-04:00,1.9900000095367432,2.0,1.8899999856948853,1.899999976158142,47800,0.0,0.0
2024-10-22 00:00:00-04:00,1.8899999856948853,1.8899999856948853,1.8200000524520874,1.8300000429153442,24000,0.0,0.0
2024-10-23 00:00:00-04:00,1.7999999523162842,1.809999942779541,1.75,1.7999999523162842,20500,0.0,0.0
2024-10-24 00:00:00-04:00,1.8300000429153442,1.9800000190734863,1.7999999523162842,1.9299999475479126,33500,0.0,0.0
2024-10-25 00:00:00-04:00,1.9700000286102295,2.0399999618530273,1.9199999570846558,2.0,50200,0.0,0.0
2024-10-28 00:00:00-04:00,1.9800000190734863,2.009999990463257,1.9500000476837158,1.9700000286102295,14800,0.0,0.0
2024-10-29 00:00:00-04:00,1.9700000286102295,1.9700000286102295,1.7799999713897705,1.8700000047683716,26200,0.0,0.0
2024-10-30 00:00:00-04:00,1.909999966621399,1.909999966621399,1.7699999809265137,1.7699999809265137,24600,0.0,0.0
2024-10-31 00:00:00-04:00,1.7599999904632568,1.7699999809265137,1.6699999570846558,1.75,27100,0.0,0.0
2024-11-01 00:00:00-04:00,1.7400000095367432,1.7799999713897705,1.659999966621399,1.7599999904632568,20400,0.0,0.0
2024-11-04 00:00:00-05:00,1.7599999904632568,1.7599999904632568,1.7000000476837158,1.75,34800,0.0,0.0
2024-11-05 00:00:00-05:00,1.7799999713897705,1.8700000047683716,1.7300000190734863,1.7599999904632568,21800,0.0,0.0
2024-11-06 00:00:00-05:00,1.850000023841858,2.0299999713897705,1.850000023841858,1.8899999856948853,134100,0.0,0.0
2024-11-07 00:00:00-05:00,1.840000033378601,1.9600000381469727,1.7999999523162842,1.9199999570846558,32700,0.0,0.0
2024-11-08 00:00:00-05:00,1.9700000286102295,2.0199999809265137,1.8899999856948853,1.9900000095367432,98100,0.0,0.0
2024-11-11 00:00:00-05:00,2.0,2.009999990463257,1.8700000047683716,1.899999976158142,151200,0.0,0.0
2024-11-12 00:00:00-05:00,1.8799999952316284,1.9299999475479126,1.7400000095367432,1.8799999952316284,110800,0.0,0.0
2024-11-13 00:00:00-05:00,1.6200000047683716,1.7699999809265137,1.6200000047683716,1.7100000381469727,37500,0.0,0.0
2024-11-14 00:00:00-05:00,1.7100000381469727,1.8300000429153442,1.7100000381469727,1.7799999713897705,39600,0.0,0.0
2024-11-15 00:00:00-05:00,1.7799999713897705,1.7899999618530273,1.6299999952316284,1.659999966621399,66400,0.0,0.0
2024-11-18 00:00:00-05:00,1.6399999856948853,1.7599999904632568,1.6100000143051147,1.7100000381469727,29000,0.0,0.0
2024-11-19 00:00:00-05:00,1.690000057220459,1.75,1.6399999856948853,1.6699999570846558,79300,0.0,0.0
2024-11-20 00:00:00-05:00,1.649999976158142,1.7599999904632568,1.649999976158142,1.75,44200,0.0,0.0
2024-11-21 00:00:00-05:00,1.75,1.75,1.6799999475479126,1.75,22700,0.0,0.0
2024-11-22 00:00:00-05:00,1.7200000286102295,1.7799999713897705,1.7100000381469727,1.7300000190734863,48600,0.0,0.0
2024-11-25 00:00:00-05:00,1.7999999523162842,1.9199999570846558,1.7899999618530273,1.8799999952316284,47000,0.0,0.0
2024-11-26 00:00:00-05:00,1.899999976158142,1.9299999475479126,1.8200000524520874,1.8300000429153442,29200,0.0,0.0
2024-11-27 00:00:00-05:00,1.8799999952316284,2.0399999618530273,1.8799999952316284,2.0199999809265137,141700,0.0,0.0
2024-11-29 00:00:00-05:00,1.9700000286102295,2.1600000858306885,1.909999966621399,2.1600000858306885,41200,0.0,0.0
2024-12-02 00:00:00-05:00,2.2100000381469727,2.2200000286102295,2.130000114440918,2.1600000858306885,35200,0.0,0.0
2024-12-03 00:00:00-05:00,2.0999999046325684,2.0999999046325684,1.9800000190734863,1.9900000095367432,19400,0.0,0.0
2024-12-04 00:00:00-05:00,1.9900000095367432,2.009999990463257,1.9199999570846558,2.009999990463257,39000,0.0,0.0
2024-12-05 00:00:00-05:00,2.0,2.069999933242798,1.9299999475479126,1.9299999475479126,21100,0.0,0.0
2024-12-06 00:00:00-05:00,1.9800000190734863,2.0899999141693115,1.940000057220459,2.0899999141693115,12500,0.0,0.0
2024-12-09 00:00:00-05:00,2.0999999046325684,2.2899999618530273,2.0799999237060547,2.190000057220459,52800,0.0,0.0
2024-12-10 00:00:00-05:00,2.140000104904175,2.190000057220459,2.0199999809265137,2.140000104904175,20000,0.0,0.0
2024-12-11 00:00:00-05:00,2.180000066757202,2.098299980163574,1.9500000476837158,2.0899999141693115,31378,0.0,0.0
