Date,Open,High,Low,Close,Volume,Dividends,Stock Splits
2022-01-03 00:00:00-05:00,43.0099983215332,44.54999923706055,39.560001373291016,40.380001068115234,476000,0.0,0.0
2022-01-04 00:00:00-05:00,40.72999954223633,40.72999954223633,36.18000030517578,37.97999954223633,229700,0.0,0.0
2022-01-05 00:00:00-05:00,37.97999954223633,37.97999954223633,32.650001525878906,32.869998931884766,414600,0.0,0.0
2022-01-06 00:00:00-05:00,33.150001525878906,34.72999954223633,32.099998474121094,33.400001525878906,373200,0.0,0.0
2022-01-07 00:00:00-05:00,33.209999084472656,33.33000183105469,30.520000457763672,32.33000183105469,390800,0.0,0.0
2022-01-10 00:00:00-05:00,30.959999084472656,32.2400016784668,28.510000228881836,31.920000076293945,423700,0.0,0.0
2022-01-11 00:00:00-05:00,32.029998779296875,33.47999954223633,30.940000534057617,31.5,247300,0.0,0.0
2022-01-12 00:00:00-05:00,31.899999618530273,33.119998931884766,30.030000686645508,31.299999237060547,199100,0.0,0.0
2022-01-13 00:00:00-05:00,31.260000228881836,32.064998626708984,30.329999923706055,31.059999465942383,351400,0.0,0.0
2022-01-14 00:00:00-05:00,30.549999237060547,31.540000915527344,28.510000228881836,29.68000030517578,273500,0.0,0.0
2022-01-18 00:00:00-05:00,29.270000457763672,29.270000457763672,27.540000915527344,27.56999969482422,347700,0.0,0.0
2022-01-19 00:00:00-05:00,28.020000457763672,28.200000762939453,25.75,26.700000762939453,252200,0.0,0.0
2022-01-20 00:00:00-05:00,27.0,28.479999542236328,26.43000030517578,27.049999237060547,217800,0.0,0.0
2022-01-21 00:00:00-05:00,26.610000610351562,27.049999237060547,24.790000915527344,25.1200008392334,446700,0.0,0.0
2022-01-24 00:00:00-05:00,24.0,27.479999542236328,23.309999465942383,27.34000015258789,482200,0.0,0.0
2022-01-25 00:00:00-05:00,26.299999237060547,27.06999969482422,24.780000686645508,25.899999618530273,342000,0.0,0.0
2022-01-26 00:00:00-05:00,26.729999542236328,27.905000686645508,25.100000381469727,25.649999618530273,266300,0.0,0.0
2022-01-27 00:00:00-05:00,26.06999969482422,26.510000228881836,24.6299991607666,25.149999618530273,170900,0.0,0.0
2022-01-28 00:00:00-05:00,25.079999923706055,26.809999465942383,23.059999465942383,26.65999984741211,339400,0.0,0.0
2022-01-31 00:00:00-05:00,26.610000610351562,29.469999313354492,26.559999465942383,29.25,262800,0.0,0.0
2022-02-01 00:00:00-05:00,29.229999542236328,29.510000228881836,27.459999084472656,28.850000381469727,230600,0.0,0.0
2022-02-02 00:00:00-05:00,29.5,29.5,26.110000610351562,26.389999389648438,170300,0.0,0.0
2022-02-03 00:00:00-05:00,25.729999542236328,26.979999542236328,24.940000534057617,25.420000076293945,288600,0.0,0.0
2022-02-04 00:00:00-05:00,25.260000228881836,27.559999465942383,25.260000228881836,26.889999389648438,138500,0.0,0.0
2022-02-07 00:00:00-05:00,27.040000915527344,28.799999237060547,26.469999313354492,27.110000610351562,156100,0.0,0.0
2022-02-08 00:00:00-05:00,27.1299991607666,28.850000381469727,26.468000411987305,28.65999984741211,149100,0.0,0.0
2022-02-09 00:00:00-05:00,28.940000534057617,29.010000228881836,27.600000381469727,28.0,367100,0.0,0.0
2022-02-10 00:00:00-05:00,27.5,28.5,27.030000686645508,27.3700008392334,317800,0.0,0.0
2022-02-11 00:00:00-05:00,27.3700008392334,28.920000076293945,25.190000534057617,25.639999389648438,220000,0.0,0.0
2022-02-14 00:00:00-05:00,25.700000762939453,27.760000228881836,25.5,26.18000030517578,145300,0.0,0.0
2022-02-15 00:00:00-05:00,26.790000915527344,27.3700008392334,26.364999771118164,27.1200008392334,119200,0.0,0.0
2022-02-16 00:00:00-05:00,26.829999923706055,27.0,25.729999542236328,26.639999389648438,161700,0.0,0.0
2022-02-17 00:00:00-05:00,26.1299991607666,26.139999389648438,24.600000381469727,25.25,520700,0.0,0.0
2022-02-18 00:00:00-05:00,25.34000015258789,25.34000015258789,22.190000534057617,22.850000381469727,362800,0.0,0.0
2022-02-22 00:00:00-05:00,22.5,23.725000381469727,22.03499984741211,22.989999771118164,211300,0.0,0.0
2022-02-23 00:00:00-05:00,23.280000686645508,23.280000686645508,20.739999771118164,20.770000457763672,276100,0.0,0.0
2022-02-24 00:00:00-05:00,19.959999084472656,22.020000457763672,19.530000686645508,22.010000228881836,695600,0.0,0.0
2022-02-25 00:00:00-05:00,22.209999084472656,22.920000076293945,20.530000686645508,21.329999923706055,428900,0.0,0.0
2022-02-28 00:00:00-05:00,21.260000228881836,21.920000076293945,20.239999771118164,20.5,351500,0.0,0.0
2022-03-01 00:00:00-05:00,20.3700008392334,22.190000534057617,20.3700008392334,21.920000076293945,599900,0.0,0.0
2022-03-02 00:00:00-05:00,22.0,22.270000457763672,19.68000030517578,20.299999237060547,177900,0.0,0.0
2022-03-03 00:00:00-05:00,20.440000534057617,20.6200008392334,18.739999771118164,19.469999313354492,184700,0.0,0.0
2022-03-04 00:00:00-05:00,19.149999618530273,19.33300018310547,17.40999984741211,18.510000228881836,384700,0.0,0.0
2022-03-07 00:00:00-05:00,18.5,19.600000381469727,18.209999084472656,18.34000015258789,418500,0.0,0.0
2022-03-08 00:00:00-05:00,18.15999984741211,18.729999542236328,17.450000762939453,18.729999542236328,547200,0.0,0.0
2022-03-09 00:00:00-05:00,19.190000534057617,20.790000915527344,19.1299991607666,19.81999969482422,320000,0.0,0.0
2022-03-10 00:00:00-05:00,19.469999313354492,19.575000762939453,18.645000457763672,19.079999923706055,247900,0.0,0.0
2022-03-11 00:00:00-05:00,19.360000610351562,19.559999465942383,17.31999969482422,17.739999771118164,512200,0.0,0.0
2022-03-14 00:00:00-04:00,17.75,18.141000747680664,15.100000381469727,15.859999656677246,366200,0.0,0.0
2022-03-15 00:00:00-04:00,15.729999542236328,17.18000030517578,15.460000038146973,16.75,360600,0.0,0.0
2022-03-16 00:00:00-04:00,17.040000915527344,18.420000076293945,17.040000915527344,18.049999237060547,405000,0.0,0.0
2022-03-17 00:00:00-04:00,17.989999771118164,19.299999237060547,17.450000762939453,19.1299991607666,885000,0.0,0.0
2022-03-18 00:00:00-04:00,18.760000228881836,20.773000717163086,18.760000228881836,19.969999313354492,449600,0.0,0.0
2022-03-21 00:00:00-04:00,19.940000534057617,20.90999984741211,19.719999313354492,20.270000457763672,267800,0.0,0.0
2022-03-22 00:00:00-04:00,20.389999389648438,20.75,19.149999618530273,19.510000228881836,352400,0.0,0.0
2022-03-23 00:00:00-04:00,19.360000610351562,19.770000457763672,18.479999542236328,18.719999313354492,281300,0.0,0.0
2022-03-24 00:00:00-04:00,18.780000686645508,18.809999465942383,17.389999389648438,18.09000015258789,393800,0.0,0.0
2022-03-25 00:00:00-04:00,18.360000610351562,18.3700008392334,16.969999313354492,17.729999542236328,564700,0.0,0.0
2022-03-28 00:00:00-04:00,17.760000228881836,18.959999084472656,17.139999389648438,18.93000030517578,438000,0.0,0.0
2022-03-29 00:00:00-04:00,18.969999313354492,20.1299991607666,18.5,19.719999313354492,597900,0.0,0.0
2022-03-30 00:00:00-04:00,19.719999313354492,19.979999542236328,18.3799991607666,18.65999984741211,592500,0.0,0.0
2022-03-31 00:00:00-04:00,16.5,17.600000381469727,15.800000190734863,17.559999465942383,2105400,0.0,0.0
2022-04-01 00:00:00-04:00,17.399999618530273,18.270000457763672,17.360000610351562,18.260000228881836,669300,0.0,0.0
2022-04-04 00:00:00-04:00,18.25,19.899999618530273,18.218000411987305,19.40999984741211,425500,0.0,0.0
2022-04-05 00:00:00-04:00,19.360000610351562,19.360000610351562,18.459999084472656,18.540000915527344,200900,0.0,0.0
2022-04-06 00:00:00-04:00,18.1200008392334,18.1200008392334,16.649999618530273,16.90999984741211,344100,0.0,0.0
2022-04-07 00:00:00-04:00,16.950000762939453,17.360000610351562,15.960000038146973,16.420000076293945,295400,0.0,0.0
2022-04-08 00:00:00-04:00,16.260000228881836,16.459999084472656,15.71500015258789,16.049999237060547,210000,0.0,0.0
2022-04-11 00:00:00-04:00,15.979999542236328,17.905000686645508,15.800000190734863,17.81999969482422,161100,0.0,0.0
2022-04-12 00:00:00-04:00,18.06999969482422,18.350000381469727,17.15999984741211,17.510000228881836,119800,0.0,0.0
2022-04-13 00:00:00-04:00,17.579999923706055,18.43000030517578,16.93000030517578,18.309999465942383,140600,0.0,0.0
2022-04-14 00:00:00-04:00,18.139999389648438,18.5,17.850000381469727,18.209999084472656,104800,0.0,0.0
2022-04-18 00:00:00-04:00,17.940000534057617,18.170000076293945,16.59000015258789,17.110000610351562,169300,0.0,0.0
2022-04-19 00:00:00-04:00,16.93000030517578,17.53499984741211,16.420000076293945,16.549999237060547,299700,0.0,0.0
2022-04-20 00:00:00-04:00,16.600000381469727,17.3700008392334,15.65999984741211,16.5,158500,0.0,0.0
2022-04-21 00:00:00-04:00,16.540000915527344,16.8700008392334,15.779999732971191,16.579999923706055,357300,0.0,0.0
2022-04-22 00:00:00-04:00,16.559999465942383,16.7450008392334,15.65999984741211,16.100000381469727,237300,0.0,0.0
2022-04-25 00:00:00-04:00,16.010000228881836,17.149999618530273,15.989999771118164,17.020000457763672,171900,0.0,0.0
2022-04-26 00:00:00-04:00,16.770000457763672,16.969999313354492,15.819999694824219,16.06999969482422,168100,0.0,0.0
2022-04-27 00:00:00-04:00,15.989999771118164,16.479999542236328,14.34000015258789,15.010000228881836,422200,0.0,0.0
2022-04-28 00:00:00-04:00,15.100000381469727,15.689000129699707,14.859999656677246,15.520000457763672,201200,0.0,0.0
2022-04-29 00:00:00-04:00,15.5,16.059999465942383,14.90999984741211,15.029999732971191,186800,0.0,0.0
2022-05-02 00:00:00-04:00,15.0600004196167,15.65999984741211,14.800000190734863,15.399999618530273,190700,0.0,0.0
2022-05-03 00:00:00-04:00,15.350000381469727,15.484999656677246,14.960000038146973,15.239999771118164,103100,0.0,0.0
2022-05-04 00:00:00-04:00,15.1899995803833,15.739999771118164,14.510000228881836,15.619999885559082,179900,0.0,0.0
2022-05-05 00:00:00-04:00,15.260000228881836,15.4399995803833,14.75,15.079999923706055,141600,0.0,0.0
2022-05-06 00:00:00-04:00,14.930000305175781,15.75,14.369999885559082,15.329999923706055,251800,0.0,0.0
2022-05-09 00:00:00-04:00,14.420000076293945,15.010000228881836,13.850000381469727,14.289999961853027,1037400,0.0,0.0
2022-05-10 00:00:00-04:00,14.470000267028809,15.119999885559082,13.850000381469727,14.369999885559082,428800,0.0,0.0
2022-05-11 00:00:00-04:00,14.029999732971191,15.039999961853027,13.699999809265137,14.180000305175781,515600,0.0,0.0
2022-05-12 00:00:00-04:00,13.90999984741211,15.6899995803833,13.579999923706055,15.239999771118164,1322200,0.0,0.0
2022-05-13 00:00:00-04:00,16.350000381469727,20.698999404907227,16.239999771118164,20.489999771118164,1392900,0.0,0.0
2022-05-16 00:00:00-04:00,20.200000762939453,22.40999984741211,20.0,20.010000228881836,585700,0.0,0.0
2022-05-17 00:00:00-04:00,20.0,20.299999237060547,17.8799991607666,18.8700008392334,388800,0.0,0.0
2022-05-18 00:00:00-04:00,18.139999389648438,19.1299991607666,17.239999771118164,18.510000228881836,513900,0.0,0.0
2022-05-19 00:00:00-04:00,18.200000762939453,20.43000030517578,18.200000762939453,19.90999984741211,418100,0.0,0.0
2022-05-20 00:00:00-04:00,20.0,20.049999237060547,18.889999389648438,19.610000610351562,344000,0.0,0.0
2022-05-23 00:00:00-04:00,19.110000610351562,20.15999984741211,17.790000915527344,19.43000030517578,578100,0.0,0.0
2022-05-24 00:00:00-04:00,18.969999313354492,19.299999237060547,17.795000076293945,17.90999984741211,322900,0.0,0.0
2022-05-25 00:00:00-04:00,17.889999389648438,18.770000457763672,17.5,18.350000381469727,494700,0.0,0.0
2022-05-26 00:00:00-04:00,18.709999084472656,20.290000915527344,18.6299991607666,20.18000030517578,732000,0.0,0.0
2022-05-27 00:00:00-04:00,20.299999237060547,21.219999313354492,20.209999084472656,20.540000915527344,402500,0.0,0.0
2022-05-31 00:00:00-04:00,20.260000228881836,21.78499984741211,20.260000228881836,21.139999389648438,699200,0.0,0.0
2022-06-01 00:00:00-04:00,20.920000076293945,22.190000534057617,19.770000457763672,20.059999465942383,944800,0.0,0.0
2022-06-02 00:00:00-04:00,19.690000534057617,21.559999465942383,19.690000534057617,21.239999771118164,519100,0.0,0.0
2022-06-03 00:00:00-04:00,20.299999237060547,20.81599998474121,19.739999771118164,19.799999237060547,269100,0.0,0.0
2022-06-06 00:00:00-04:00,20.1299991607666,20.790000915527344,19.850000381469727,20.110000610351562,384300,0.0,0.0
2022-06-07 00:00:00-04:00,19.940000534057617,20.139999389648438,18.75,19.260000228881836,259000,0.0,0.0
2022-06-08 00:00:00-04:00,19.31999969482422,20.030000686645508,19.239999771118164,19.979999542236328,236000,0.0,0.0
2022-06-09 00:00:00-04:00,19.739999771118164,20.600000381469727,19.56999969482422,19.899999618530273,220800,0.0,0.0
2022-06-10 00:00:00-04:00,19.40999984741211,19.989999771118164,18.610000610351562,19.239999771118164,294300,0.0,0.0
2022-06-13 00:00:00-04:00,18.350000381469727,18.899999618530273,17.510000228881836,17.579999923706055,300900,0.0,0.0
2022-06-14 00:00:00-04:00,17.670000076293945,17.959999084472656,16.8799991607666,17.600000381469727,331200,0.0,0.0
2022-06-15 00:00:00-04:00,17.600000381469727,18.899999618530273,17.030000686645508,17.450000762939453,866500,0.0,0.0
2022-06-16 00:00:00-04:00,16.549999237060547,17.190000534057617,16.100000381469727,16.520000457763672,716300,0.0,0.0
2022-06-17 00:00:00-04:00,16.520000457763672,18.170000076293945,16.190000534057617,16.850000381469727,1001600,0.0,0.0
2022-06-21 00:00:00-04:00,16.8799991607666,17.799999237060547,16.610000610351562,16.860000610351562,606900,0.0,0.0
2022-06-22 00:00:00-04:00,16.510000228881836,17.190000534057617,16.510000228881836,16.68000030517578,631100,0.0,0.0
2022-06-23 00:00:00-04:00,16.690000534057617,18.719999313354492,16.559999465942383,18.25,732700,0.0,0.0
2022-06-24 00:00:00-04:00,18.260000228881836,19.395000457763672,18.260000228881836,19.049999237060547,432600,0.0,0.0
2022-06-27 00:00:00-04:00,19.049999237060547,19.110000610351562,18.18000030517578,18.459999084472656,182700,0.0,0.0
2022-06-28 00:00:00-04:00,18.3799991607666,18.565000534057617,17.739999771118164,17.760000228881836,112900,0.0,0.0
2022-06-29 00:00:00-04:00,17.780000686645508,18.3700008392334,17.399999618530273,18.170000076293945,140400,0.0,0.0
2022-06-30 00:00:00-04:00,17.989999771118164,18.209999084472656,17.3799991607666,17.790000915527344,170100,0.0,0.0
2022-07-01 00:00:00-04:00,17.75,18.6299991607666,17.530000686645508,18.579999923706055,240000,0.0,0.0
2022-07-05 00:00:00-04:00,18.510000228881836,20.0,18.040000915527344,19.790000915527344,399800,0.0,0.0
2022-07-06 00:00:00-04:00,19.729999542236328,19.979999542236328,19.18000030517578,19.899999618530273,207900,0.0,0.0
2022-07-07 00:00:00-04:00,19.1200008392334,20.68000030517578,19.1200008392334,20.6200008392334,373700,0.0,0.0
2022-07-08 00:00:00-04:00,19.809999465942383,20.59000015258789,19.260000228881836,19.5,216100,0.0,0.0
2022-07-11 00:00:00-04:00,19.690000534057617,19.690000534057617,18.809999465942383,19.06999969482422,90900,0.0,0.0
2022-07-12 00:00:00-04:00,19.1200008392334,19.450000762939453,17.75,17.799999237060547,393100,0.0,0.0
2022-07-13 00:00:00-04:00,17.18000030517578,18.118000030517578,16.670000076293945,17.860000610351562,352900,0.0,0.0
2022-07-14 00:00:00-04:00,17.75,17.979999542236328,17.040000915527344,17.25,272600,0.0,0.0
2022-07-15 00:00:00-04:00,17.530000686645508,17.809999465942383,17.2450008392334,17.5,266900,0.0,0.0
2022-07-18 00:00:00-04:00,19.0,20.610000610351562,18.5,19.65999984741211,1148100,0.0,0.0
2022-07-19 00:00:00-04:00,19.350000381469727,20.100000381469727,19.280000686645508,19.459999084472656,339800,0.0,0.0
2022-07-20 00:00:00-04:00,19.65999984741211,20.649999618530273,19.510000228881836,19.850000381469727,670400,0.0,0.0
2022-07-21 00:00:00-04:00,19.760000228881836,19.93000030517578,19.3799991607666,19.75,158700,0.0,0.0
2022-07-22 00:00:00-04:00,20.139999389648438,20.139999389648438,18.670000076293945,19.049999237060547,123900,0.0,0.0
2022-07-25 00:00:00-04:00,19.049999237060547,19.600000381469727,18.209999084472656,18.579999923706055,83300,0.0,0.0
2022-07-26 00:00:00-04:00,18.6200008392334,18.649999618530273,17.770000457763672,18.260000228881836,171300,0.0,0.0
2022-07-27 00:00:00-04:00,18.65999984741211,18.979999542236328,18.200000762939453,18.59000015258789,484200,0.0,0.0
2022-07-28 00:00:00-04:00,18.700000762939453,19.360000610351562,18.18000030517578,19.239999771118164,453200,0.0,0.0
2022-07-29 00:00:00-04:00,19.229999542236328,20.059999465942383,19.020000457763672,19.959999084472656,403000,0.0,0.0
2022-08-01 00:00:00-04:00,20.0,20.530000686645508,19.740999221801758,20.25,246800,0.0,0.0
2022-08-02 00:00:00-04:00,19.950000762939453,20.510000228881836,19.8700008392334,20.3799991607666,257800,0.0,0.0
2022-08-03 00:00:00-04:00,20.610000610351562,20.929000854492188,20.239999771118164,20.420000076293945,313900,0.0,0.0
2022-08-04 00:00:00-04:00,20.479999542236328,21.020000457763672,20.239999771118164,20.899999618530273,346900,0.0,0.0
2022-08-05 00:00:00-04:00,20.479999542236328,21.459999084472656,20.19499969482422,20.959999084472656,379500,0.0,0.0
2022-08-08 00:00:00-04:00,21.059999465942383,22.049999237060547,20.790000915527344,21.670000076293945,474600,0.0,0.0
2022-08-09 00:00:00-04:00,21.510000228881836,22.010000228881836,20.780000686645508,21.90999984741211,277600,0.0,0.0
2022-08-10 00:00:00-04:00,22.309999465942383,23.709999084472656,22.290000915527344,23.540000915527344,334500,0.0,0.0
2022-08-11 00:00:00-04:00,24.8700008392334,25.389999389648438,23.639999389648438,24.299999237060547,720900,0.0,0.0
2022-08-12 00:00:00-04:00,22.059999465942383,23.229999542236328,19.770000457763672,21.459999084472656,1263800,0.0,0.0
2022-08-15 00:00:00-04:00,21.459999084472656,23.459999084472656,20.920000076293945,22.84000015258789,639100,0.0,0.0
2022-08-16 00:00:00-04:00,22.299999237060547,23.010000228881836,21.719999313354492,22.649999618530273,595400,0.0,0.0
2022-08-17 00:00:00-04:00,22.200000762939453,22.520000457763672,21.475000381469727,22.06999969482422,354300,0.0,0.0
2022-08-18 00:00:00-04:00,21.979999542236328,22.649999618530273,21.479999542236328,22.5,237400,0.0,0.0
2022-08-19 00:00:00-04:00,21.899999618530273,21.90999984741211,20.65999984741211,20.889999389648438,340900,0.0,0.0
2022-08-22 00:00:00-04:00,20.399999618530273,20.770000457763672,20.0,20.040000915527344,270100,0.0,0.0
2022-08-23 00:00:00-04:00,19.959999084472656,20.2549991607666,19.56999969482422,19.65999984741211,199400,0.0,0.0
2022-08-24 00:00:00-04:00,19.59000015258789,20.579999923706055,19.209999084472656,19.270000457763672,375700,0.0,0.0
2022-08-25 00:00:00-04:00,19.65999984741211,19.90999984741211,19.09000015258789,19.559999465942383,260500,0.0,0.0
2022-08-26 00:00:00-04:00,19.579999923706055,19.899999618530273,18.280000686645508,18.389999389648438,398800,0.0,0.0
2022-08-29 00:00:00-04:00,18.18000030517578,18.31999969482422,17.40999984741211,18.110000610351562,446300,0.0,0.0
2022-08-30 00:00:00-04:00,18.190000534057617,18.639999389648438,17.40999984741211,17.68000030517578,693000,0.0,0.0
2022-08-31 00:00:00-04:00,18.040000915527344,18.40999984741211,17.954999923706055,18.1299991607666,592700,0.0,0.0
2022-09-01 00:00:00-04:00,18.260000228881836,18.26300048828125,16.68000030517578,17.15999984741211,281400,0.0,0.0
2022-09-02 00:00:00-04:00,17.25,17.469999313354492,16.18000030517578,16.389999389648438,420600,0.0,0.0
2022-09-06 00:00:00-04:00,16.610000610351562,17.440000534057617,16.3799991607666,16.399999618530273,877200,0.0,0.0
2022-09-07 00:00:00-04:00,16.610000610351562,17.139999389648438,16.299999237060547,17.049999237060547,583400,0.0,0.0
2022-09-08 00:00:00-04:00,16.969999313354492,17.639999389648438,16.6299991607666,17.18000030517578,378900,0.0,0.0
2022-09-09 00:00:00-04:00,17.43000030517578,18.270000457763672,17.3700008392334,17.479999542236328,488500,0.0,0.0
2022-09-12 00:00:00-04:00,17.540000915527344,18.26799964904785,17.290000915527344,17.6200008392334,402000,0.0,0.0
2022-09-13 00:00:00-04:00,16.940000534057617,17.510000228881836,16.469999313354492,16.780000686645508,545600,0.0,0.0
2022-09-14 00:00:00-04:00,16.729999542236328,16.924999237060547,16.479999542236328,16.639999389648438,863700,0.0,0.0
2022-09-15 00:00:00-04:00,16.350000381469727,17.270000457763672,16.229999542236328,16.25,610100,0.0,0.0
2022-09-16 00:00:00-04:00,15.979999542236328,16.639999389648438,15.720000267028809,16.06999969482422,3225100,0.0,0.0
2022-09-19 00:00:00-04:00,15.65999984741211,16.1299991607666,15.390000343322754,15.789999961853027,683100,0.0,0.0
2022-09-20 00:00:00-04:00,15.739999771118164,15.84000015258789,15.369999885559082,15.600000381469727,437300,0.0,0.0
2022-09-21 00:00:00-04:00,15.800000190734863,16.1299991607666,15.300000190734863,15.460000038146973,334100,0.0,0.0
2022-09-22 00:00:00-04:00,15.350000381469727,15.399999618530273,14.380000114440918,14.529999732971191,407200,0.0,0.0
2022-09-23 00:00:00-04:00,14.479999542236328,14.489999771118164,13.789999961853027,14.270000457763672,478400,0.0,0.0
2022-09-26 00:00:00-04:00,14.1899995803833,15.020000457763672,14.1899995803833,14.779999732971191,628200,0.0,0.0
2022-09-27 00:00:00-04:00,15.0600004196167,15.5,15.029999732971191,15.390000343322754,308700,0.0,0.0
2022-09-28 00:00:00-04:00,15.479999542236328,16.059999465942383,15.3100004196167,15.989999771118164,207900,0.0,0.0
2022-09-29 00:00:00-04:00,15.649999618530273,15.649999618530273,14.859999656677246,15.09000015258789,198600,0.0,0.0
2022-09-30 00:00:00-04:00,15.270000457763672,15.920000076293945,14.869999885559082,14.880000114440918,168600,0.0,0.0
2022-10-03 00:00:00-04:00,15.010000228881836,15.444999694824219,14.779999732971191,15.25,172100,0.0,0.0
2022-10-04 00:00:00-04:00,15.609999656677246,16.325000762939453,15.609999656677246,15.880000114440918,265400,0.0,0.0
2022-10-05 00:00:00-04:00,15.600000381469727,15.774999618530273,15.220000267028809,15.600000381469727,155400,0.0,0.0
2022-10-06 00:00:00-04:00,15.359999656677246,15.9399995803833,15.359999656677246,15.520000457763672,134300,0.0,0.0
2022-10-07 00:00:00-04:00,15.1899995803833,16.139999389648438,14.65999984741211,14.84000015258789,191400,0.0,0.0
2022-10-10 00:00:00-04:00,14.800000190734863,14.8100004196167,14.239999771118164,14.579999923706055,337500,0.0,0.0
2022-10-11 00:00:00-04:00,14.5600004196167,14.5600004196167,13.739999771118164,14.220000267028809,298100,0.0,0.0
2022-10-12 00:00:00-04:00,14.15999984741211,14.265000343322754,13.605999946594238,13.670000076293945,306100,0.0,0.0
2022-10-13 00:00:00-04:00,13.260000228881836,14.289999961853027,12.75,14.100000381469727,502600,0.0,0.0
2022-10-14 00:00:00-04:00,14.270000457763672,14.274999618530273,13.649999618530273,13.710000038146973,172600,0.0,0.0
2022-10-17 00:00:00-04:00,14.0,14.625,13.8100004196167,13.90999984741211,276800,0.0,0.0
2022-10-18 00:00:00-04:00,14.039999961853027,14.640000343322754,13.979999542236328,14.1899995803833,207000,0.0,0.0
2022-10-19 00:00:00-04:00,14.069999694824219,14.100000381469727,13.569999694824219,13.90999984741211,123800,0.0,0.0
2022-10-20 00:00:00-04:00,13.800000190734863,14.350000381469727,13.210000038146973,13.3100004196167,225800,0.0,0.0
2022-10-21 00:00:00-04:00,13.220000267028809,13.229999542236328,12.460000038146973,13.0,156200,0.0,0.0
2022-10-24 00:00:00-04:00,13.039999961853027,13.114999771118164,12.069999694824219,12.470000267028809,194200,0.0,0.0
2022-10-25 00:00:00-04:00,12.550000190734863,13.380000114440918,12.5,13.109999656677246,273900,0.0,0.0
2022-10-26 00:00:00-04:00,12.979999542236328,13.789999961853027,12.180000305175781,13.0600004196167,267500,0.0,0.0
2022-10-27 00:00:00-04:00,13.109999656677246,13.300000190734863,12.6899995803833,12.90999984741211,206400,0.0,0.0
2022-10-28 00:00:00-04:00,12.899999618530273,13.300000190734863,12.510000228881836,12.869999885559082,159300,0.0,0.0
2022-10-31 00:00:00-04:00,12.819999694824219,13.1899995803833,12.6899995803833,13.09000015258789,247600,0.0,0.0
2022-11-01 00:00:00-04:00,13.270000457763672,13.645000457763672,13.0,13.119999885559082,231300,0.0,0.0
2022-11-02 00:00:00-04:00,13.119999885559082,13.760000228881836,12.859999656677246,12.899999618530273,464100,0.0,0.0
2022-11-03 00:00:00-04:00,12.770000457763672,13.239999771118164,12.274999618530273,12.90999984741211,384900,0.0,0.0
2022-11-04 00:00:00-04:00,13.100000381469727,13.100000381469727,11.770000457763672,12.1899995803833,459200,0.0,0.0
2022-11-07 00:00:00-05:00,12.279999732971191,12.640000343322754,11.800000190734863,12.550000190734863,308500,0.0,0.0
2022-11-08 00:00:00-05:00,12.609999656677246,13.050000190734863,12.3100004196167,12.890000343322754,264600,0.0,0.0
2022-11-09 00:00:00-05:00,12.579999923706055,12.75,12.130000114440918,12.399999618530273,695300,0.0,0.0
2022-11-10 00:00:00-05:00,12.920000076293945,13.859999656677246,12.869999885559082,12.949999809265137,488600,0.0,0.0
2022-11-11 00:00:00-05:00,10.130000114440918,11.625,8.609999656677246,10.90999984741211,1472100,0.0,0.0
2022-11-14 00:00:00-05:00,11.34000015258789,11.34000015258789,10.279999732971191,10.420000076293945,1219800,0.0,0.0
2022-11-15 00:00:00-05:00,10.489999771118164,11.329999923706055,10.489999771118164,10.720000267028809,1773400,0.0,0.0
2022-11-16 00:00:00-05:00,10.619999885559082,10.692999839782715,9.640000343322754,9.8100004196167,732800,0.0,0.0
2022-11-17 00:00:00-05:00,9.739999771118164,9.928999900817871,9.079999923706055,9.59000015258789,468100,0.0,0.0
2022-11-18 00:00:00-05:00,9.800000190734863,9.800000190734863,8.9399995803833,9.100000381469727,484900,0.0,0.0
2022-11-21 00:00:00-05:00,9.0,9.03499984741211,8.770000457763672,8.8100004196167,702600,0.0,0.0
2022-11-22 00:00:00-05:00,8.800000190734863,8.84000015258789,8.510000228881836,8.75,308200,0.0,0.0
2022-11-23 00:00:00-05:00,8.760000228881836,8.960000038146973,8.649999618530273,8.890000343322754,214300,0.0,0.0
2022-11-25 00:00:00-05:00,8.899999618530273,8.930000305175781,8.640000343322754,8.8100004196167,44400,0.0,0.0
2022-11-28 00:00:00-05:00,8.710000038146973,8.899999618530273,8.4399995803833,8.5600004196167,515400,0.0,0.0
2022-11-29 00:00:00-05:00,8.899999618530273,9.430000305175781,8.59000015258789,9.170000076293945,766200,0.0,0.0
2022-11-30 00:00:00-05:00,9.239999771118164,9.680000305175781,9.100000381469727,9.569999694824219,514300,0.0,0.0
2022-12-01 00:00:00-05:00,9.579999923706055,9.90999984741211,9.050000190734863,9.260000228881836,224100,0.0,0.0
2022-12-02 00:00:00-05:00,9.050000190734863,9.3100004196167,8.699999809265137,8.760000228881836,295900,0.0,0.0
2022-12-05 00:00:00-05:00,8.770000457763672,8.770000457763672,8.289999961853027,8.329999923706055,477000,0.0,0.0
2022-12-06 00:00:00-05:00,8.34000015258789,8.520000457763672,8.079999923706055,8.5,635300,0.0,0.0
2022-12-07 00:00:00-05:00,8.529999732971191,9.0,8.40999984741211,8.569999694824219,592300,0.0,0.0
2022-12-08 00:00:00-05:00,8.569999694824219,9.199999809265137,8.399999618530273,9.140000343322754,336100,0.0,0.0
2022-12-09 00:00:00-05:00,9.069999694824219,9.460000038146973,9.069999694824219,9.270000457763672,356000,0.0,0.0
2022-12-12 00:00:00-05:00,9.319999694824219,9.609999656677246,9.300000190734863,9.5600004196167,266200,0.0,0.0
2022-12-13 00:00:00-05:00,9.84000015258789,9.979999542236328,9.350000381469727,9.640000343322754,495400,0.0,0.0
2022-12-14 00:00:00-05:00,9.649999618530273,9.75,9.289999961853027,9.489999771118164,393600,0.0,0.0
2022-12-15 00:00:00-05:00,9.399999618530273,9.630000114440918,9.180000305175781,9.300000190734863,160800,0.0,0.0
2022-12-16 00:00:00-05:00,9.210000038146973,9.645000457763672,9.11299991607666,9.529999732971191,490200,0.0,0.0
2022-12-19 00:00:00-05:00,9.470000267028809,9.524999618530273,8.739999771118164,8.800000190734863,182500,0.0,0.0
2022-12-20 00:00:00-05:00,8.65999984741211,8.758000373840332,8.539999961853027,8.670000076293945,274300,0.0,0.0
2022-12-21 00:00:00-05:00,8.699999809265137,8.949999809265137,8.460000038146973,8.8100004196167,261800,0.0,0.0
2022-12-22 00:00:00-05:00,8.739999771118164,8.789999961853027,8.460000038146973,8.550000190734863,188100,0.0,0.0
2022-12-23 00:00:00-05:00,8.550000190734863,8.699999809265137,8.3100004196167,8.609999656677246,207700,0.0,0.0
2022-12-27 00:00:00-05:00,8.710000038146973,8.710000038146973,8.170000076293945,8.430000305175781,216200,0.0,0.0
2022-12-28 00:00:00-05:00,8.40999984741211,8.649999618530273,8.300000190734863,8.430000305175781,152800,0.0,0.0
2022-12-29 00:00:00-05:00,8.5,8.859999656677246,8.479999542236328,8.829999923706055,199500,0.0,0.0
2022-12-30 00:00:00-05:00,8.649999618530273,8.869999885559082,8.640000343322754,8.829999923706055,173400,0.0,0.0
2023-01-03 00:00:00-05:00,8.920000076293945,9.069999694824219,8.569999694824219,8.579999923706055,145000,0.0,0.0
2023-01-04 00:00:00-05:00,8.670000076293945,9.140000343322754,8.510000228881836,8.9399995803833,235800,0.0,0.0
2023-01-05 00:00:00-05:00,8.859999656677246,8.859999656677246,8.239999771118164,8.3100004196167,222900,0.0,0.0
2023-01-06 00:00:00-05:00,8.319999694824219,8.319999694824219,7.980000019073486,8.149999618530273,252100,0.0,0.0
2023-01-09 00:00:00-05:00,8.34000015258789,8.869999885559082,8.229999542236328,8.6899995803833,326700,0.0,0.0
2023-01-10 00:00:00-05:00,8.779999732971191,9.319999694824219,8.760000228881836,9.3100004196167,306800,0.0,0.0
2023-01-11 00:00:00-05:00,9.319999694824219,9.390000343322754,8.949999809265137,9.109999656677246,253700,0.0,0.0
2023-01-12 00:00:00-05:00,9.149999618530273,9.239999771118164,8.774999618530273,9.199999809265137,189900,0.0,0.0
2023-01-13 00:00:00-05:00,9.039999961853027,9.210000038146973,8.989999771118164,9.010000228881836,207300,0.0,0.0
2023-01-17 00:00:00-05:00,8.829999923706055,9.180000305175781,8.699999809265137,9.0,241700,0.0,0.0
2023-01-18 00:00:00-05:00,9.100000381469727,9.140000343322754,8.84000015258789,8.979999542236328,201600,0.0,0.0
2023-01-19 00:00:00-05:00,8.90999984741211,9.1899995803833,8.760000228881836,9.09000015258789,158600,0.0,0.0
2023-01-20 00:00:00-05:00,9.119999885559082,9.475000381469727,9.029999732971191,9.470000267028809,155200,0.0,0.0
2023-01-23 00:00:00-05:00,9.5,9.859999656677246,9.470000267028809,9.800000190734863,201400,0.0,0.0
2023-01-24 00:00:00-05:00,9.75,9.989999771118164,9.350000381469727,9.819999694824219,260400,0.0,0.0
2023-01-25 00:00:00-05:00,9.619999885559082,9.869999885559082,9.399999618530273,9.760000228881836,254500,0.0,0.0
2023-01-26 00:00:00-05:00,9.90999984741211,10.119999885559082,9.739999771118164,9.970000267028809,234600,0.0,0.0
2023-01-27 00:00:00-05:00,9.890000343322754,10.5600004196167,9.890000343322754,10.539999961853027,248900,0.0,0.0
2023-01-30 00:00:00-05:00,10.359999656677246,10.510000228881836,10.100000381469727,10.399999618530273,150400,0.0,0.0
2023-01-31 00:00:00-05:00,10.399999618530273,10.755000114440918,10.369999885559082,10.40999984741211,460200,0.0,0.0
2023-02-01 00:00:00-05:00,10.470000267028809,10.779999732971191,10.34000015258789,10.550000190734863,555900,0.0,0.0
2023-02-02 00:00:00-05:00,10.619999885559082,11.649999618530273,10.619999885559082,11.449999809265137,1204900,0.0,0.0
2023-02-03 00:00:00-05:00,10.920000076293945,11.109999656677246,10.265000343322754,10.40999984741211,545500,0.0,0.0
2023-02-06 00:00:00-05:00,10.3100004196167,10.630000114440918,9.949999809265137,9.96500015258789,208000,0.0,0.0
2023-02-07 00:00:00-05:00,9.960000038146973,10.029999732971191,9.119999885559082,9.859999656677246,275000,0.0,0.0
2023-02-08 00:00:00-05:00,9.760000228881836,9.944999694824219,9.600000381469727,9.819999694824219,280700,0.0,0.0
2023-02-09 00:00:00-05:00,10.0,10.319999694824219,9.380000114440918,9.479999542236328,204300,0.0,0.0
2023-02-10 00:00:00-05:00,9.34000015258789,9.630000114440918,9.239999771118164,9.40999984741211,184100,0.0,0.0
2023-02-13 00:00:00-05:00,9.579999923706055,9.819999694824219,9.229999542236328,9.5600004196167,201500,0.0,0.0
2023-02-14 00:00:00-05:00,9.460000038146973,9.859999656677246,9.359999656677246,9.739999771118164,221900,0.0,0.0
2023-02-15 00:00:00-05:00,9.649999618530273,10.074999809265137,9.579999923706055,10.0,250200,0.0,0.0
2023-02-16 00:00:00-05:00,9.869999885559082,10.039999961853027,9.25,9.34000015258789,296200,0.0,0.0
2023-02-17 00:00:00-05:00,9.180000305175781,9.390000343322754,9.180000305175781,9.390000343322754,150100,0.0,0.0
2023-02-21 00:00:00-05:00,9.210000038146973,9.300000190734863,8.819999694824219,9.199999809265137,225000,0.0,0.0
2023-02-22 00:00:00-05:00,9.279999732971191,9.529999732971191,8.875,8.979999542236328,223100,0.0,0.0
2023-02-23 00:00:00-05:00,9.520000457763672,9.520000457763672,8.880000114440918,9.359999656677246,253300,0.0,0.0
2023-02-24 00:00:00-05:00,9.0,9.755000114440918,8.760000228881836,9.229999542236328,736800,0.0,0.0
2023-02-27 00:00:00-05:00,9.319999694824219,9.319999694824219,8.390000343322754,8.470000267028809,334100,0.0,0.0
2023-02-28 00:00:00-05:00,8.449999809265137,8.649999618530273,8.34000015258789,8.420000076293945,313600,0.0,0.0
2023-03-01 00:00:00-05:00,8.399999618530273,8.529999732971191,8.3100004196167,8.449999809265137,315100,0.0,0.0
2023-03-02 00:00:00-05:00,8.4399995803833,8.850000381469727,8.399999618530273,8.75,199500,0.0,0.0
2023-03-03 00:00:00-05:00,8.800000190734863,9.029999732971191,8.800000190734863,8.829999923706055,180200,0.0,0.0
2023-03-06 00:00:00-05:00,8.9399995803833,9.0,8.576000213623047,8.970000267028809,274900,0.0,0.0
2023-03-07 00:00:00-05:00,8.90999984741211,9.010000228881836,8.520000457763672,8.579999923706055,226100,0.0,0.0
2023-03-08 00:00:00-05:00,8.569999694824219,8.630000114440918,8.305999755859375,8.510000228881836,137500,0.0,0.0
2023-03-09 00:00:00-05:00,8.479999542236328,8.649999618530273,8.039999961853027,8.069999694824219,282100,0.0,0.0
2023-03-10 00:00:00-05:00,8.050000190734863,8.069999694824219,7.420000076293945,7.650000095367432,465900,0.0,0.0
2023-03-13 00:00:00-04:00,7.409999847412109,7.630000114440918,7.010000228881836,7.300000190734863,628600,0.0,0.0
2023-03-14 00:00:00-04:00,7.480000019073486,7.639999866485596,7.239999771118164,7.320000171661377,449000,0.0,0.0
2023-03-15 00:00:00-04:00,7.179999828338623,7.690000057220459,7.050000190734863,7.550000190734863,632900,0.0,0.0
2023-03-16 00:00:00-04:00,7.449999809265137,7.909999847412109,7.28000020980835,7.889999866485596,500800,0.0,0.0
2023-03-17 00:00:00-04:00,7.829999923706055,7.96999979019165,7.409999847412109,7.480000019073486,345400,0.0,0.0
2023-03-20 00:00:00-04:00,7.489999771118164,7.510000228881836,7.269999980926514,7.510000228881836,293400,0.0,0.0
2023-03-21 00:00:00-04:00,7.610000133514404,7.875,7.460000038146973,7.849999904632568,312400,0.0,0.0
2023-03-22 00:00:00-04:00,7.840000152587891,7.840000152587891,7.550000190734863,7.550000190734863,259900,0.0,0.0
2023-03-23 00:00:00-04:00,7.679999828338623,7.989999771118164,7.639999866485596,7.940000057220459,389300,0.0,0.0
2023-03-24 00:00:00-04:00,7.880000114440918,8.03499984741211,7.349999904632568,7.570000171661377,389600,0.0,0.0
2023-03-27 00:00:00-04:00,7.570000171661377,7.75,7.409999847412109,7.619999885559082,248600,0.0,0.0
2023-03-28 00:00:00-04:00,7.579999923706055,7.690000057220459,7.489999771118164,7.639999866485596,204000,0.0,0.0
2023-03-29 00:00:00-04:00,7.71999979019165,7.860000133514404,7.550000190734863,7.730000019073486,211600,0.0,0.0
2023-03-30 00:00:00-04:00,7.78000020980835,7.931000232696533,7.619999885559082,7.619999885559082,157800,0.0,0.0
2023-03-31 00:00:00-04:00,7.650000095367432,8.210000038146973,7.619999885559082,8.149999618530273,301300,0.0,0.0
2023-04-03 00:00:00-04:00,8.149999618530273,8.260000228881836,8.069999694824219,8.210000038146973,182200,0.0,0.0
2023-04-04 00:00:00-04:00,8.1899995803833,8.270000457763672,8.020000457763672,8.140000343322754,229800,0.0,0.0
2023-04-05 00:00:00-04:00,8.100000381469727,8.100000381469727,7.760000228881836,7.78000020980835,276200,0.0,0.0
2023-04-06 00:00:00-04:00,7.860000133514404,7.96999979019165,7.53000020980835,7.940000057220459,243700,0.0,0.0
2023-04-10 00:00:00-04:00,7.849999904632568,7.860000133514404,7.690000057220459,7.800000190734863,373400,0.0,0.0
2023-04-11 00:00:00-04:00,8.1899995803833,8.5,7.769999980926514,8.390000343322754,451400,0.0,0.0
2023-04-12 00:00:00-04:00,8.399999618530273,8.6899995803833,7.860000133514404,7.909999847412109,339900,0.0,0.0
2023-04-13 00:00:00-04:00,8.010000228881836,8.239999771118164,8.010000228881836,8.09000015258789,176500,0.0,0.0
2023-04-14 00:00:00-04:00,8.069999694824219,8.4350004196167,7.96999979019165,8.210000038146973,170600,0.0,0.0
2023-04-17 00:00:00-04:00,8.1899995803833,8.33899974822998,8.045000076293945,8.079999923706055,197900,0.0,0.0
2023-04-18 00:00:00-04:00,8.180000305175781,8.180000305175781,7.900000095367432,8.079999923706055,362000,0.0,0.0
2023-04-19 00:00:00-04:00,7.989999771118164,8.359999656677246,7.96999979019165,8.279999732971191,271700,0.0,0.0
2023-04-20 00:00:00-04:00,8.170000076293945,8.600000381469727,8.170000076293945,8.3100004196167,410700,0.0,0.0
2023-04-21 00:00:00-04:00,8.34000015258789,8.635000228881836,8.170000076293945,8.449999809265137,255400,0.0,0.0
2023-04-24 00:00:00-04:00,8.449999809265137,8.470000267028809,8.0,8.039999961853027,176000,0.0,0.0
2023-04-25 00:00:00-04:00,7.989999771118164,8.024999618530273,7.489999771118164,7.510000228881836,225500,0.0,0.0
2023-04-26 00:00:00-04:00,7.679999828338623,7.840000152587891,7.53000020980835,7.599999904632568,232400,0.0,0.0
2023-04-27 00:00:00-04:00,7.78000020980835,7.829999923706055,7.559999942779541,7.809999942779541,258500,0.0,0.0
2023-04-28 00:00:00-04:00,7.78000020980835,7.909999847412109,7.514999866485596,7.590000152587891,316300,0.0,0.0
2023-05-01 00:00:00-04:00,7.559999942779541,7.820000171661377,7.480000019073486,7.760000228881836,257900,0.0,0.0
2023-05-02 00:00:00-04:00,7.670000076293945,7.679999828338623,7.340000152587891,7.420000076293945,254800,0.0,0.0
2023-05-03 00:00:00-04:00,7.480000019073486,7.525000095367432,7.269999980926514,7.369999885559082,191800,0.0,0.0
2023-05-04 00:00:00-04:00,7.400000095367432,7.429999828338623,7.130000114440918,7.190000057220459,149900,0.0,0.0
2023-05-05 00:00:00-04:00,7.349999904632568,7.5,7.309999942779541,7.460000038146973,189000,0.0,0.0
2023-05-08 00:00:00-04:00,7.5,7.5,7.289999961853027,7.429999828338623,164200,0.0,0.0
2023-05-09 00:00:00-04:00,7.380000114440918,7.460000038146973,7.039999961853027,7.239999771118164,388500,0.0,0.0
2023-05-10 00:00:00-04:00,6.630000114440918,6.699999809265137,5.75,5.909999847412109,1764200,0.0,0.0
2023-05-11 00:00:00-04:00,5.880000114440918,6.139999866485596,5.670000076293945,5.954999923706055,959200,0.0,0.0
2023-05-12 00:00:00-04:00,5.949999809265137,6.159999847412109,5.769999980926514,5.860000133514404,777900,0.0,0.0
2023-05-15 00:00:00-04:00,5.880000114440918,6.070000171661377,5.855000019073486,5.920000076293945,501300,0.0,0.0
2023-05-16 00:00:00-04:00,5.960000038146973,6.025000095367432,5.699999809265137,5.730000019073486,471900,0.0,0.0
2023-05-17 00:00:00-04:00,5.75,6.0,5.710000038146973,5.96999979019165,1155000,0.0,0.0
2023-05-18 00:00:00-04:00,5.989999771118164,6.630000114440918,5.949999809265137,6.619999885559082,1453400,0.0,0.0
2023-05-19 00:00:00-04:00,6.599999904632568,6.989999771118164,6.460000038146973,6.519999980926514,554000,0.0,0.0
2023-05-22 00:00:00-04:00,6.5,6.889999866485596,6.480000019073486,6.800000190734863,419100,0.0,0.0
2023-05-23 00:00:00-04:00,6.730000019073486,7.0,6.644999980926514,6.699999809265137,485500,0.0,0.0
2023-05-24 00:00:00-04:00,6.619999885559082,6.75,6.494999885559082,6.639999866485596,270500,0.0,0.0
2023-05-25 00:00:00-04:00,6.71999979019165,6.800000190734863,6.340000152587891,6.349999904632568,409600,0.0,0.0
2023-05-26 00:00:00-04:00,6.340000152587891,6.599999904632568,6.329999923706055,6.409999847412109,575000,0.0,0.0
2023-05-30 00:00:00-04:00,6.489999771118164,6.84499979019165,6.489999771118164,6.590000152587891,352500,0.0,0.0
2023-05-31 00:00:00-04:00,6.519999980926514,7.010000228881836,6.5,6.920000076293945,1420100,0.0,0.0
2023-06-01 00:00:00-04:00,6.75,6.864999771118164,6.429999828338623,6.619999885559082,719200,0.0,0.0
2023-06-02 00:00:00-04:00,6.739999771118164,6.96999979019165,6.710999965667725,6.820000171661377,332900,0.0,0.0
2023-06-05 00:00:00-04:00,6.690000057220459,7.079999923706055,6.550000190734863,6.889999866485596,318100,0.0,0.0
2023-06-06 00:00:00-04:00,6.820000171661377,7.429999828338623,6.769999980926514,7.389999866485596,490600,0.0,0.0
2023-06-07 00:00:00-04:00,7.429999828338623,7.599999904632568,7.239999771118164,7.260000228881836,347500,0.0,0.0
2023-06-08 00:00:00-04:00,7.269999980926514,7.320000171661377,7.099999904632568,7.150000095367432,231600,0.0,0.0
2023-06-09 00:00:00-04:00,7.190000057220459,7.330999851226807,7.059999942779541,7.170000076293945,287200,0.0,0.0
2023-06-12 00:00:00-04:00,6.35099983215332,7.039999961853027,6.010000228881836,6.71999979019165,735700,0.0,0.0
2023-06-13 00:00:00-04:00,6.800000190734863,7.085000038146973,6.769999980926514,7.059999942779541,407900,0.0,0.0
2023-06-14 00:00:00-04:00,7.03000020980835,7.085000038146973,6.830999851226807,7.0,705800,0.0,0.0
2023-06-15 00:00:00-04:00,6.900000095367432,7.21999979019165,6.900000095367432,7.150000095367432,475800,0.0,0.0
2023-06-16 00:00:00-04:00,7.21999979019165,7.460000038146973,7.159999847412109,7.400000095367432,618400,0.0,0.0
2023-06-20 00:00:00-04:00,7.25,7.760000228881836,7.25,7.659999847412109,740600,0.0,0.0
2023-06-21 00:00:00-04:00,8.0,8.244999885559082,7.78000020980835,8.170000076293945,1252700,0.0,0.0
2023-06-22 00:00:00-04:00,8.119999885559082,8.239999771118164,7.809999942779541,8.130000114440918,515900,0.0,0.0
2023-06-23 00:00:00-04:00,8.0,8.0,7.460000038146973,7.610000133514404,7831100,0.0,0.0
2023-06-26 00:00:00-04:00,7.53000020980835,7.849999904632568,7.269999980926514,7.710000038146973,626600,0.0,0.0
2023-06-27 00:00:00-04:00,7.760000228881836,8.069999694824219,7.630000114440918,8.029999732971191,602100,0.0,0.0
2023-06-28 00:00:00-04:00,7.96999979019165,8.204999923706055,7.949999809265137,8.100000381469727,374000,0.0,0.0
2023-06-29 00:00:00-04:00,8.0600004196167,8.119999885559082,7.789999961853027,7.889999866485596,326200,0.0,0.0
2023-06-30 00:00:00-04:00,8.0,8.119999885559082,7.889999866485596,7.980000019073486,324300,0.0,0.0
2023-07-03 00:00:00-04:00,7.980000019073486,8.020000457763672,7.78000020980835,7.949999809265137,139700,0.0,0.0
2023-07-05 00:00:00-04:00,7.889999866485596,7.889999866485596,7.494999885559082,7.53000020980835,342600,0.0,0.0
2023-07-06 00:00:00-04:00,7.400000095367432,7.570000171661377,7.309999942779541,7.510000228881836,298600,0.0,0.0
2023-07-07 00:00:00-04:00,7.510000228881836,7.829999923706055,7.510000228881836,7.75,354500,0.0,0.0
2023-07-10 00:00:00-04:00,7.75,7.869999885559082,7.650000095367432,7.760000228881836,303200,0.0,0.0
2023-07-11 00:00:00-04:00,7.760000228881836,7.889999866485596,7.570000171661377,7.610000133514404,471400,0.0,0.0
2023-07-12 00:00:00-04:00,7.760000228881836,7.760000228881836,7.400000095367432,7.519999980926514,413000,0.0,0.0
2023-07-13 00:00:00-04:00,7.610000133514404,8.180000305175781,7.53000020980835,8.164999961853027,450600,0.0,0.0
2023-07-14 00:00:00-04:00,8.130000114440918,8.25,7.710000038146973,7.769999980926514,368200,0.0,0.0
2023-07-17 00:00:00-04:00,7.75,7.945000171661377,7.684999942779541,7.739999771118164,496000,0.0,0.0
2023-07-18 00:00:00-04:00,7.690000057220459,7.840000152587891,7.640999794006348,7.789999961853027,387800,0.0,0.0
2023-07-19 00:00:00-04:00,7.800000190734863,7.929999828338623,7.650000095367432,7.760000228881836,338300,0.0,0.0
2023-07-20 00:00:00-04:00,7.75,7.855000019073486,7.650000095367432,7.710000038146973,336800,0.0,0.0
2023-07-21 00:00:00-04:00,7.800000190734863,7.849999904632568,7.679999828338623,7.75,278100,0.0,0.0
2023-07-24 00:00:00-04:00,7.75,7.789999961853027,7.610000133514404,7.670000076293945,166900,0.0,0.0
2023-07-25 00:00:00-04:00,7.650000095367432,7.699999809265137,7.489999771118164,7.614999771118164,192200,0.0,0.0
2023-07-26 00:00:00-04:00,7.619999885559082,7.860000133514404,7.570000171661377,7.849999904632568,239100,0.0,0.0
2023-07-27 00:00:00-04:00,7.900000095367432,7.929999828338623,7.684999942779541,7.739999771118164,212800,0.0,0.0
2023-07-28 00:00:00-04:00,7.820000171661377,7.925000190734863,7.710000038146973,7.78000020980835,186000,0.0,0.0
2023-07-31 00:00:00-04:00,7.860000133514404,8.145000457763672,7.800000190734863,8.0600004196167,265000,0.0,0.0
2023-08-01 00:00:00-04:00,8.029999732971191,8.029999732971191,6.130000114440918,6.409999847412109,3071400,0.0,0.0
2023-08-02 00:00:00-04:00,6.309999942779541,6.309999942779541,5.804999828338623,5.900000095367432,1940100,0.0,0.0
2023-08-03 00:00:00-04:00,5.900000095367432,6.28000020980835,5.869999885559082,6.199999809265137,1200200,0.0,0.0
2023-08-04 00:00:00-04:00,6.199999809265137,6.215000152587891,5.835000038146973,5.949999809265137,1028000,0.0,0.0
2023-08-07 00:00:00-04:00,6.059999942779541,6.059999942779541,5.715000152587891,5.820000171661377,649600,0.0,0.0
2023-08-08 00:00:00-04:00,5.769999980926514,6.199999809265137,5.670000076293945,5.920000076293945,1214000,0.0,0.0
2023-08-09 00:00:00-04:00,4.75,4.909999847412109,4.059999942779541,4.230000019073486,3873800,0.0,0.0
2023-08-10 00:00:00-04:00,4.300000190734863,4.539999961853027,4.204999923706055,4.5,1453100,0.0,0.0
2023-08-11 00:00:00-04:00,4.690000057220459,4.84499979019165,4.46999979019165,4.510000228881836,1091400,0.0,0.0
2023-08-14 00:00:00-04:00,4.46999979019165,4.630000114440918,4.449999809265137,4.510000228881836,962600,0.0,0.0
2023-08-15 00:00:00-04:00,4.53000020980835,4.75,4.5,4.5,670800,0.0,0.0
2023-08-16 00:00:00-04:00,4.480000019073486,4.550000190734863,4.389999866485596,4.5,527100,0.0,0.0
2023-08-17 00:00:00-04:00,4.559999942779541,4.619999885559082,4.46999979019165,4.5,444100,0.0,0.0
2023-08-18 00:00:00-04:00,4.489999771118164,4.75,4.409999847412109,4.71999979019165,564700,0.0,0.0
2023-08-21 00:00:00-04:00,4.710000038146973,4.769999980926514,4.480000019073486,4.510000228881836,632100,0.0,0.0
2023-08-22 00:00:00-04:00,4.559999942779541,4.619999885559082,4.46999979019165,4.480000019073486,623000,0.0,0.0
2023-08-23 00:00:00-04:00,4.510000228881836,4.704999923706055,4.5,4.630000114440918,402500,0.0,0.0
2023-08-24 00:00:00-04:00,4.610000133514404,4.630000114440918,4.34499979019165,4.380000114440918,450700,0.0,0.0
2023-08-25 00:00:00-04:00,4.429999828338623,4.550000190734863,4.389999866485596,4.489999771118164,403400,0.0,0.0
2023-08-28 00:00:00-04:00,4.489999771118164,4.60099983215332,4.394999980926514,4.460000038146973,442900,0.0,0.0
2023-08-29 00:00:00-04:00,4.480000019073486,4.534999847412109,4.400000095367432,4.409999847412109,431500,0.0,0.0
2023-08-30 00:00:00-04:00,4.409999847412109,4.514999866485596,4.329999923706055,4.489999771118164,544400,0.0,0.0
2023-08-31 00:00:00-04:00,4.46999979019165,4.550000190734863,4.28000020980835,4.289999961853027,610700,0.0,0.0
2023-09-01 00:00:00-04:00,4.360000133514404,4.449999809265137,4.269999980926514,4.420000076293945,495800,0.0,0.0
2023-09-05 00:00:00-04:00,4.380000114440918,4.440000057220459,4.284999847412109,4.340000152587891,595300,0.0,0.0
2023-09-06 00:00:00-04:00,4.329999923706055,4.369999885559082,4.275000095367432,4.289999961853027,420600,0.0,0.0
2023-09-07 00:00:00-04:00,4.239999771118164,4.239999771118164,4.039999961853027,4.110000133514404,801900,0.0,0.0
2023-09-08 00:00:00-04:00,4.179999828338623,4.179999828338623,3.9000000953674316,3.9049999713897705,853600,0.0,0.0
2023-09-11 00:00:00-04:00,3.930000066757202,3.930000066757202,3.809999942779541,3.859999895095825,687500,0.0,0.0
2023-09-12 00:00:00-04:00,3.859999895095825,4.170000076293945,3.8299999237060547,4.159999847412109,587200,0.0,0.0
2023-09-13 00:00:00-04:00,4.179999828338623,4.179999828338623,3.799999952316284,3.8299999237060547,957800,0.0,0.0
2023-09-14 00:00:00-04:00,3.890000104904175,3.890000104904175,3.7799999713897705,3.809999942779541,572300,0.0,0.0
2023-09-15 00:00:00-04:00,3.684999942779541,3.7100000381469727,3.450000047683716,3.4600000381469727,1920300,0.0,0.0
2023-09-18 00:00:00-04:00,3.4600000381469727,3.4749999046325684,3.319999933242798,3.4000000953674316,875500,0.0,0.0
2023-09-19 00:00:00-04:00,3.390000104904175,3.4649999141693115,3.3399999141693115,3.359999895095825,646600,0.0,0.0
2023-09-20 00:00:00-04:00,3.390000104904175,3.450000047683716,3.3399999141693115,3.359999895095825,533900,0.0,0.0
2023-09-21 00:00:00-04:00,3.299999952316284,3.3450000286102295,3.2300000190734863,3.2699999809265137,747200,0.0,0.0
2023-09-22 00:00:00-04:00,3.2699999809265137,3.3399999141693115,3.2100000381469727,3.309999942779541,719700,0.0,0.0
2023-09-25 00:00:00-04:00,3.2699999809265137,3.3450000286102295,3.1700000762939453,3.2100000381469727,641200,0.0,0.0
2023-09-26 00:00:00-04:00,3.200000047683716,3.3499999046325684,3.115000009536743,3.1500000953674316,434700,0.0,0.0
2023-09-27 00:00:00-04:00,3.1700000762939453,3.25,3.1700000762939453,3.2300000190734863,341000,0.0,0.0
2023-09-28 00:00:00-04:00,3.2100000381469727,3.265000104904175,3.1449999809265137,3.2100000381469727,353000,0.0,0.0
2023-09-29 00:00:00-04:00,3.240000009536743,3.375,3.234999895095825,3.25,441500,0.0,0.0
2023-10-02 00:00:00-04:00,3.2300000190734863,3.2950000762939453,3.194999933242798,3.259999990463257,392300,0.0,0.0
2023-10-03 00:00:00-04:00,3.240000009536743,3.244999885559082,3.059999942779541,3.0999999046325684,367000,0.0,0.0
2023-10-04 00:00:00-04:00,3.0999999046325684,3.130000114440918,3.009999990463257,3.049999952316284,357800,0.0,0.0
2023-10-05 00:00:00-04:00,3.0299999713897705,3.0799999237060547,2.9000000953674316,2.9100000858306885,605500,0.0,0.0
2023-10-06 00:00:00-04:00,2.890000104904175,3.069999933242798,2.880000114440918,3.059999942779541,579700,0.0,0.0
2023-10-09 00:00:00-04:00,3.0299999713897705,3.1700000762939453,3.0,3.1600000858306885,494100,0.0,0.0
2023-10-10 00:00:00-04:00,3.1700000762939453,3.4000000953674316,3.1700000762939453,3.369999885559082,643700,0.0,0.0
2023-10-11 00:00:00-04:00,3.380000114440918,3.4200000762939453,3.0999999046325684,3.2100000381469727,560100,0.0,0.0
2023-10-12 00:00:00-04:00,3.2200000286102295,3.240000009536743,3.0450000762939453,3.0899999141693115,398200,0.0,0.0
2023-10-13 00:00:00-04:00,3.0899999141693115,3.0899999141693115,2.9000000953674316,2.930000066757202,482800,0.0,0.0
2023-10-16 00:00:00-04:00,2.950000047683716,3.0350000858306885,2.890000104904175,3.009999990463257,409700,0.0,0.0
2023-10-17 00:00:00-04:00,2.9800000190734863,3.0799999237060547,2.9700000286102295,3.0299999713897705,496100,0.0,0.0
2023-10-18 00:00:00-04:00,3.0299999713897705,3.049999952316284,2.869999885559082,2.869999885559082,364700,0.0,0.0
2023-10-19 00:00:00-04:00,2.869999885559082,2.9700000286102295,2.859999895095825,2.950000047683716,645900,0.0,0.0
2023-10-20 00:00:00-04:00,2.950000047683716,2.950000047683716,2.809999942779541,2.8299999237060547,532500,0.0,0.0
2023-10-23 00:00:00-04:00,2.799999952316284,2.799999952316284,2.6700000762939453,2.6700000762939453,568700,0.0,0.0
2023-10-24 00:00:00-04:00,2.680000066757202,2.7899999618530273,2.6500000953674316,2.700000047683716,658700,0.0,0.0
2023-10-25 00:00:00-04:00,2.690000057220459,2.700000047683716,2.619999885559082,2.630000114440918,382900,0.0,0.0
2023-10-26 00:00:00-04:00,2.640000104904175,2.680999994277954,2.559999942779541,2.619999885559082,375400,0.0,0.0
2023-10-27 00:00:00-04:00,2.5799999237060547,2.680000066757202,2.450000047683716,2.569999933242798,838300,0.0,0.0
2023-10-30 00:00:00-04:00,2.619999885559082,2.740000009536743,2.609999895095825,2.609999895095825,607700,0.0,0.0
2023-10-31 00:00:00-04:00,2.609999895095825,2.700000047683716,2.5899999141693115,2.6700000762939453,387500,0.0,0.0
2023-11-01 00:00:00-04:00,2.819999933242798,2.8399999141693115,2.609999895095825,2.680000066757202,610800,0.0,0.0
2023-11-02 00:00:00-04:00,2.740000009536743,2.9200000762939453,2.734999895095825,2.9100000858306885,502700,0.0,0.0
2023-11-03 00:00:00-04:00,2.799999952316284,2.9100000858306885,2.7100000381469727,2.7300000190734863,997700,0.0,0.0
2023-11-06 00:00:00-05:00,2.759999990463257,2.809999942779541,2.684999942779541,2.799999952316284,644300,0.0,0.0
2023-11-07 00:00:00-05:00,2.799999952316284,2.9200000762939453,2.740000009536743,2.9000000953674316,760900,0.0,0.0
2023-11-08 00:00:00-05:00,2.0,2.0399999618530273,1.5199999809265137,1.8300000429153442,4530200,0.0,0.0
2023-11-09 00:00:00-05:00,1.8700000047683716,2.2100000381469727,1.8200000524520874,2.075000047683716,1238500,0.0,0.0
2023-11-10 00:00:00-05:00,2.0999999046325684,2.180000066757202,2.0,2.0999999046325684,906100,0.0,0.0
2023-11-13 00:00:00-05:00,2.109999895095825,2.1600000858306885,2.0199999809265137,2.119999885559082,485800,0.0,0.0
2023-11-14 00:00:00-05:00,2.240000009536743,2.4100000858306885,2.180000066757202,2.2300000190734863,978600,0.0,0.0
2023-11-15 00:00:00-05:00,2.25,2.2899999618530273,2.180000066757202,2.180000066757202,569300,0.0,0.0
2023-11-16 00:00:00-05:00,2.180000066757202,2.184999942779541,2.0899999141693115,2.0899999141693115,470200,0.0,0.0
2023-11-17 00:00:00-05:00,2.180000066757202,2.4600000381469727,2.1700000762939453,2.440000057220459,1433200,0.0,0.0
2023-11-20 00:00:00-05:00,2.4200000762939453,2.6050000190734863,2.3450000286102295,2.490000009536743,836600,0.0,0.0
2023-11-21 00:00:00-05:00,2.440000057220459,2.4549999237060547,2.3499999046325684,2.3499999046325684,454000,0.0,0.0
2023-11-22 00:00:00-05:00,2.3499999046325684,2.494999885559082,2.3399999141693115,2.4100000858306885,298500,0.0,0.0
2023-11-24 00:00:00-05:00,2.380000114440918,2.440000057220459,2.3299999237060547,2.430000066757202,252200,0.0,0.0
2023-11-27 00:00:00-05:00,2.4100000858306885,2.4100000858306885,2.309999942779541,2.3299999237060547,441400,0.0,0.0
2023-11-28 00:00:00-05:00,2.3499999046325684,2.424999952316284,2.2799999713897705,2.390000104904175,336500,0.0,0.0
2023-11-29 00:00:00-05:00,2.390000104904175,2.494999885559082,2.384999990463257,2.4200000762939453,658700,0.0,0.0
2023-11-30 00:00:00-05:00,2.440000057220459,2.440000057220459,2.319999933242798,2.3299999237060547,1366300,0.0,0.0
2023-12-01 00:00:00-05:00,2.3499999046325684,2.5399999618530273,2.2899999618530273,2.5299999713897705,626100,0.0,0.0
2023-12-04 00:00:00-05:00,2.509999990463257,2.619999885559082,2.509999990463257,2.559999942779541,461100,0.0,0.0
2023-12-05 00:00:00-05:00,2.559999942779541,2.559999942779541,2.424999952316284,2.5,342700,0.0,0.0
2023-12-06 00:00:00-05:00,2.490000009536743,2.6500000953674316,2.434999942779541,2.559999942779541,395700,0.0,0.0
2023-12-07 00:00:00-05:00,2.5899999141693115,2.5950000286102295,2.4600000381469727,2.4700000286102295,416400,0.0,0.0
2023-12-08 00:00:00-05:00,2.4700000286102295,2.5840001106262207,2.4000000953674316,2.450000047683716,464300,0.0,0.0
2023-12-11 00:00:00-05:00,2.4800000190734863,2.4800000190734863,2.2799999713897705,2.2899999618530273,326500,0.0,0.0
2023-12-12 00:00:00-05:00,2.3299999237060547,2.369999885559082,2.2209999561309814,2.3399999141693115,570500,0.0,0.0
2023-12-13 00:00:00-05:00,2.3399999141693115,2.4600000381469727,2.259999990463257,2.450000047683716,726600,0.0,0.0
2023-12-14 00:00:00-05:00,2.4700000286102295,2.6050000190734863,2.424999952316284,2.4800000190734863,705000,0.0,0.0
2023-12-15 00:00:00-05:00,2.5,2.5399999618530273,2.319999933242798,2.3299999237060547,891900,0.0,0.0
2023-12-18 00:00:00-05:00,2.2300000190734863,2.4049999713897705,2.2149999141693115,2.259999990463257,553800,0.0,0.0
2023-12-19 00:00:00-05:00,2.3299999237060547,2.4100000858306885,2.25,2.319999933242798,682500,0.0,0.0
2023-12-20 00:00:00-05:00,2.309999942779541,2.444999933242798,2.2799999713897705,2.309999942779541,593700,0.0,0.0
2023-12-21 00:00:00-05:00,2.319999933242798,2.4000000953674316,2.2699999809265137,2.319999933242798,396000,0.0,0.0
2023-12-22 00:00:00-05:00,2.359999895095825,2.450000047683716,2.319999933242798,2.430000066757202,581100,0.0,0.0
2023-12-26 00:00:00-05:00,2.4100000858306885,2.619999885559082,2.4100000858306885,2.5299999713897705,513400,0.0,0.0
2023-12-27 00:00:00-05:00,2.5299999713897705,2.5450000762939453,2.390000104904175,2.440000057220459,593500,0.0,0.0
2023-12-28 00:00:00-05:00,2.359999895095825,2.5399999618530273,2.3410000801086426,2.5299999713897705,537600,0.0,0.0
2023-12-29 00:00:00-05:00,2.5199999809265137,2.5799999237060547,2.450000047683716,2.4700000286102295,451700,0.0,0.0
2024-01-02 00:00:00-05:00,2.4600000381469727,2.48799991607666,2.4200000762939453,2.450000047683716,635600,0.0,0.0
2024-01-03 00:00:00-05:00,2.380000114440918,2.380000114440918,2.1600000858306885,2.234999895095825,695700,0.0,0.0
2024-01-04 00:00:00-05:00,2.25,2.2799999713897705,2.109999895095825,2.109999895095825,387000,0.0,0.0
2024-01-05 00:00:00-05:00,2.140000104904175,2.1700000762939453,2.0299999713897705,2.049999952316284,682500,0.0,0.0
2024-01-08 00:00:00-05:00,1.9800000190734863,2.1600000858306885,1.9800000190734863,2.1500000953674316,480000,0.0,0.0
2024-01-09 00:00:00-05:00,2.109999895095825,2.130000114440918,2.0399999618530273,2.059999942779541,811900,0.0,0.0
2024-01-10 00:00:00-05:00,2.0799999237060547,2.119999885559082,2.049999952316284,2.119999885559082,450200,0.0,0.0
2024-01-11 00:00:00-05:00,2.0999999046325684,2.0999999046325684,1.9500000476837158,1.9900000095367432,591400,0.0,0.0
2024-01-12 00:00:00-05:00,1.9800000190734863,2.065000057220459,1.9700000286102295,1.9700000286102295,561200,0.0,0.0
2024-01-16 00:00:00-05:00,1.909999966621399,2.0299999713897705,1.8600000143051147,1.8700000047683716,638400,0.0,0.0
2024-01-17 00:00:00-05:00,1.850000023841858,1.850000023841858,1.7899999618530273,1.840000033378601,429000,0.0,0.0
2024-01-18 00:00:00-05:00,1.840000033378601,1.8700000047683716,1.7949999570846558,1.809999942779541,382500,0.0,0.0
2024-01-19 00:00:00-05:00,1.8300000429153442,1.878999948501587,1.7699999809265137,1.8700000047683716,646300,0.0,0.0
2024-01-22 00:00:00-05:00,1.899999976158142,2.009999990463257,1.899999976158142,1.9600000381469727,542300,0.0,0.0
2024-01-23 00:00:00-05:00,1.909999966621399,1.9950000047683716,1.8200000524520874,1.8200000524520874,495700,0.0,0.0
2024-01-24 00:00:00-05:00,1.840000033378601,1.8700000047683716,1.6799999475479126,1.7000000476837158,903200,0.0,0.0
2024-01-25 00:00:00-05:00,1.7599999904632568,1.784999966621399,1.7000000476837158,1.7200000286102295,563700,0.0,0.0
2024-01-26 00:00:00-05:00,1.7400000095367432,1.8200000524520874,1.7200000286102295,1.7300000190734863,576600,0.0,0.0
2024-01-29 00:00:00-05:00,1.7100000381469727,1.7599999904632568,1.6699999570846558,1.75,962100,0.0,0.0
2024-01-30 00:00:00-05:00,1.7599999904632568,1.8200000524520874,1.659999966621399,1.659999966621399,510400,0.0,0.0
2024-01-31 00:00:00-05:00,1.75,1.7649999856948853,1.6200000047683716,1.6200000047683716,691100,0.0,0.0
2024-02-01 00:00:00-05:00,1.659999966621399,1.7350000143051147,1.600000023841858,1.6799999475479126,719400,0.0,0.0
2024-02-02 00:00:00-05:00,1.6799999475479126,1.7050000429153442,1.625,1.6699999570846558,435400,0.0,0.0
2024-02-05 00:00:00-05:00,1.659999966621399,1.6699999570846558,1.600000023841858,1.6100000143051147,449900,0.0,0.0
2024-02-06 00:00:00-05:00,1.600000023841858,1.684999942779541,1.600000023841858,1.6399999856948853,499600,0.0,0.0
2024-02-07 00:00:00-05:00,1.649999976158142,1.7000000476837158,1.565000057220459,1.6100000143051147,550000,0.0,0.0
2024-02-08 00:00:00-05:00,1.6100000143051147,1.7000000476837158,1.6100000143051147,1.6699999570846558,403700,0.0,0.0
2024-02-09 00:00:00-05:00,1.6699999570846558,1.7899999618530273,1.659999966621399,1.75,405100,0.0,0.0
2024-02-12 00:00:00-05:00,1.75,1.8600000143051147,1.75,1.7799999713897705,722200,0.0,0.0
2024-02-13 00:00:00-05:00,1.6799999475479126,1.7400000095367432,1.5700000524520874,1.5850000381469727,755300,0.0,0.0
2024-02-14 00:00:00-05:00,1.600000023841858,1.7000000476837158,1.600000023841858,1.6349999904632568,429300,0.0,0.0
2024-02-15 00:00:00-05:00,1.6299999952316284,1.7200000286102295,1.6200000047683716,1.7200000286102295,490600,0.0,0.0
2024-02-16 00:00:00-05:00,1.7200000286102295,1.7200000286102295,1.5750000476837158,1.600000023841858,830200,0.0,0.0
2024-02-20 00:00:00-05:00,1.590000033378601,1.6699999570846558,1.5789999961853027,1.6399999856948853,549000,0.0,0.0
2024-02-21 00:00:00-05:00,1.600000023841858,1.6200000047683716,1.5499999523162842,1.559999942779541,666000,0.0,0.0
2024-02-22 00:00:00-05:00,1.590000033378601,1.600000023841858,1.5199999809265137,1.590000033378601,1167000,0.0,0.0
2024-02-23 00:00:00-05:00,1.6799999475479126,1.909999966621399,1.6100000143051147,1.850000023841858,2008700,0.0,0.0
2024-02-26 00:00:00-05:00,1.9199999570846558,2.180000066757202,1.8799999952316284,2.1600000858306885,1671500,0.0,0.0
2024-02-27 00:00:00-05:00,2.180000066757202,2.2799999713897705,2.115000009536743,2.1700000762939453,917700,0.0,0.0
2024-02-28 00:00:00-05:00,2.1500000953674316,2.1500000953674316,2.0399999618530273,2.049999952316284,473700,0.0,0.0
2024-02-29 00:00:00-05:00,2.109999895095825,2.1449999809265137,2.005000114440918,2.0799999237060547,856000,0.0,0.0
2024-03-01 00:00:00-05:00,2.069999933242798,2.569999933242798,2.049999952316284,2.490000009536743,1948000,0.0,0.0
2024-03-04 00:00:00-05:00,2.490000009536743,2.494999885559082,2.299999952316284,2.299999952316284,981700,0.0,0.0
2024-03-05 00:00:00-05:00,2.25,2.25,2.069999933242798,2.0899999141693115,622400,0.0,0.0
2024-03-06 00:00:00-05:00,2.130000114440918,2.265000104904175,2.109999895095825,2.190000057220459,353500,0.0,0.0
2024-03-07 00:00:00-05:00,2.190000057220459,2.244999885559082,2.1449999809265137,2.240000009536743,374800,0.0,0.0
2024-03-08 00:00:00-05:00,2.2799999713897705,2.315000057220459,2.1500000953674316,2.180000066757202,592400,0.0,0.0
2024-03-11 00:00:00-04:00,2.1600000858306885,2.2100000381469727,2.0799999237060547,2.200000047683716,739800,0.0,0.0
2024-03-12 00:00:00-04:00,2.200000047683716,2.25,2.119999885559082,2.119999885559082,314600,0.0,0.0
2024-03-13 00:00:00-04:00,2.119999885559082,2.2200000286102295,2.119999885559082,2.140000104904175,265600,0.0,0.0
2024-03-14 00:00:00-04:00,2.109999895095825,2.130000114440918,2.0199999809265137,2.0299999713897705,408100,0.0,0.0
2024-03-15 00:00:00-04:00,2.0,2.049999952316284,1.934999942779541,1.9900000095367432,797700,0.0,0.0
2024-03-18 00:00:00-04:00,1.9900000095367432,1.9900000095367432,1.809999942779541,1.8300000429153442,845400,0.0,0.0
2024-03-19 00:00:00-04:00,1.8300000429153442,1.850000023841858,1.7200000286102295,1.7599999904632568,762700,0.0,0.0
2024-03-20 00:00:00-04:00,1.7599999904632568,1.9299999475479126,1.7549999952316284,1.9199999570846558,571900,0.0,0.0
2024-03-21 00:00:00-04:00,1.9600000381469727,1.9600000381469727,1.8200000524520874,1.8600000143051147,361700,0.0,0.0
2024-03-22 00:00:00-04:00,1.850000023841858,1.8899999856948853,1.784999966621399,1.8300000429153442,368000,0.0,0.0
2024-03-25 00:00:00-04:00,1.840000033378601,1.8600000143051147,1.7350000143051147,1.7599999904632568,619000,0.0,0.0
2024-03-26 00:00:00-04:00,1.7599999904632568,1.774999976158142,1.6799999475479126,1.6799999475479126,531400,0.0,0.0
2024-03-27 00:00:00-04:00,1.7000000476837158,1.8200000524520874,1.7000000476837158,1.7899999618530273,535700,0.0,0.0
2024-03-28 00:00:00-04:00,1.8200000524520874,1.899999976158142,1.7999999523162842,1.840000033378601,341600,0.0,0.0
2024-04-01 00:00:00-04:00,1.840000033378601,1.840000033378601,1.6799999475479126,1.6799999475479126,503900,0.0,0.0
2024-04-02 00:00:00-04:00,1.649999976158142,1.6699999570846558,1.559999942779541,1.559999942779541,1001000,0.0,0.0
2024-04-03 00:00:00-04:00,1.559999942779541,1.6299999952316284,1.4950000047683716,1.6200000047683716,828100,0.0,0.0
2024-04-04 00:00:00-04:00,1.659999966621399,1.659999966621399,1.5700000524520874,1.5800000429153442,312700,0.0,0.0
2024-04-05 00:00:00-04:00,1.5700000524520874,1.5800000429153442,1.5199999809265137,1.5299999713897705,304300,0.0,0.0
2024-04-08 00:00:00-04:00,1.5399999618530273,1.590000033378601,1.5149999856948853,1.5499999523162842,413800,0.0,0.0
2024-04-09 00:00:00-04:00,1.559999942779541,1.659999966621399,1.559999942779541,1.649999976158142,366400,0.0,0.0
2024-04-10 00:00:00-04:00,1.5700000524520874,1.5959999561309814,1.4900000095367432,1.5,524200,0.0,0.0
2024-04-11 00:00:00-04:00,1.5199999809265137,1.5729999542236328,1.4500000476837158,1.4700000286102295,404200,0.0,0.0
2024-04-12 00:00:00-04:00,1.5299999713897705,1.600000023841858,1.399999976158142,1.4299999475479126,492000,0.0,0.0
2024-04-15 00:00:00-04:00,1.4500000476837158,1.4500000476837158,1.4199999570846558,1.4299999475479126,582300,0.0,0.0
2024-04-16 00:00:00-04:00,1.4299999475479126,1.4800000190734863,1.409999966621399,1.4500000476837158,367100,0.0,0.0
2024-04-17 00:00:00-04:00,1.4600000381469727,1.5299999713897705,1.440000057220459,1.5099999904632568,693300,0.0,0.0
2024-04-18 00:00:00-04:00,1.5800000429153442,1.909999966621399,1.5499999523162842,1.590000033378601,1184500,0.0,0.0
2024-04-19 00:00:00-04:00,1.5800000429153442,1.649999976158142,1.5299999713897705,1.6399999856948853,807300,0.0,0.0
2024-04-22 00:00:00-04:00,1.6799999475479126,1.7300000190734863,1.600000023841858,1.7000000476837158,570800,0.0,0.0
2024-04-23 00:00:00-04:00,1.690000057220459,1.7000000476837158,1.5299999713897705,1.5449999570846558,415100,0.0,0.0
2024-04-24 00:00:00-04:00,1.5399999618530273,1.7100000381469727,1.5199999809265137,1.649999976158142,764700,0.0,0.0
2024-04-25 00:00:00-04:00,1.600000023841858,1.649999976158142,1.5449999570846558,1.6399999856948853,497600,0.0,0.0
2024-04-26 00:00:00-04:00,1.6399999856948853,1.6699999570846558,1.600000023841858,1.6299999952316284,204600,0.0,0.0
2024-04-29 00:00:00-04:00,1.6299999952316284,1.6349999904632568,1.5,1.6100000143051147,2097000,0.0,0.0
2024-04-30 00:00:00-04:00,1.600000023841858,1.6299999952316284,1.5499999523162842,1.600000023841858,485400,0.0,0.0
2024-05-01 00:00:00-04:00,1.600000023841858,1.690000057220459,1.590000033378601,1.6200000047683716,289500,0.0,0.0
2024-05-02 00:00:00-04:00,1.6799999475479126,1.6799999475479126,1.5700000524520874,1.6399999856948853,362400,0.0,0.0
2024-05-03 00:00:00-04:00,1.6799999475479126,1.7000000476837158,1.600000023841858,1.659999966621399,291900,0.0,0.0
2024-05-06 00:00:00-04:00,1.690000057220459,1.809999942779541,1.6699999570846558,1.7799999713897705,509000,0.0,0.0
2024-05-07 00:00:00-04:00,1.809999942779541,1.8359999656677246,1.7100000381469727,1.7899999618530273,494100,0.0,0.0
2024-05-08 00:00:00-04:00,1.7799999713897705,1.7949999570846558,1.7000000476837158,1.7899999618530273,366200,0.0,0.0
2024-05-09 00:00:00-04:00,1.7899999618530273,1.815000057220459,1.6699999570846558,1.7799999713897705,474200,0.0,0.0
2024-05-10 00:00:00-04:00,1.7799999713897705,1.840000033378601,1.690000057220459,1.7699999809265137,462000,0.0,0.0
2024-05-13 00:00:00-04:00,1.7699999809265137,1.809999942779541,1.7100000381469727,1.7400000095367432,284600,0.0,0.0
2024-05-14 00:00:00-04:00,1.7999999523162842,1.809999942779541,1.7100000381469727,1.7400000095367432,310200,0.0,0.0
2024-05-15 00:00:00-04:00,1.7699999809265137,1.774999976158142,1.6699999570846558,1.7200000286102295,608400,0.0,0.0
2024-05-16 00:00:00-04:00,1.75,1.75,1.6950000524520874,1.7100000381469727,236100,0.0,0.0
2024-05-17 00:00:00-04:00,1.7300000190734863,1.7300000190734863,1.649999976158142,1.6799999475479126,268300,0.0,0.0
2024-05-20 00:00:00-04:00,1.690000057220459,1.8049999475479126,1.649999976158142,1.7999999523162842,386100,0.0,0.0
2024-05-21 00:00:00-04:00,1.7999999523162842,1.840000033378601,1.7100000381469727,1.7200000286102295,202200,0.0,0.0
2024-05-22 00:00:00-04:00,1.690000057220459,1.7400000095367432,1.6699999570846558,1.7000000476837158,279400,0.0,0.0
2024-05-23 00:00:00-04:00,1.690000057220459,1.715000033378601,1.6299999952316284,1.659999966621399,322100,0.0,0.0
2024-05-24 00:00:00-04:00,1.659999966621399,1.7200000286102295,1.6299999952316284,1.7100000381469727,234500,0.0,0.0
2024-05-28 00:00:00-04:00,1.75,1.7899999618530273,1.7050000429153442,1.7599999904632568,401200,0.0,0.0
2024-05-29 00:00:00-04:00,1.7200000286102295,1.725000023841858,1.6299999952316284,1.649999976158142,594500,0.0,0.0
2024-05-30 00:00:00-04:00,1.7000000476837158,1.7000000476837158,1.5199999809265137,1.5399999618530273,454700,0.0,0.0
2024-05-31 00:00:00-04:00,1.5499999523162842,1.5889999866485596,1.4600000381469727,1.5099999904632568,631400,0.0,0.0
2024-06-03 00:00:00-04:00,1.5099999904632568,1.5260000228881836,1.4299999475479126,1.4900000095367432,440800,0.0,0.0
2024-06-04 00:00:00-04:00,1.5,1.5,1.4199999570846558,1.4299999475479126,432400,0.0,0.0
2024-06-05 00:00:00-04:00,1.4500000476837158,1.4700000286102295,1.409999966621399,1.4299999475479126,382500,0.0,0.0
2024-06-06 00:00:00-04:00,1.4199999570846558,1.4900000095367432,1.399999976158142,1.4800000190734863,408400,0.0,0.0
2024-06-07 00:00:00-04:00,1.440000057220459,1.5199999809265137,1.4299999475479126,1.4500000476837158,272500,0.0,0.0
2024-06-10 00:00:00-04:00,1.440000057220459,1.4800000190734863,1.399999976158142,1.440000057220459,494000,0.0,0.0
2024-06-11 00:00:00-04:00,1.409999966621399,1.4500000476837158,1.3700000047683716,1.440000057220459,291900,0.0,0.0
2024-06-12 00:00:00-04:00,1.5,1.5099999904632568,1.4199999570846558,1.4600000381469727,306800,0.0,0.0
2024-06-13 00:00:00-04:00,1.440000057220459,1.5549999475479126,1.3700000047683716,1.409999966621399,795100,0.0,0.0
2024-06-14 00:00:00-04:00,1.399999976158142,1.4500000476837158,1.2400000095367432,1.399999976158142,684400,0.0,0.0
2024-06-17 00:00:00-04:00,1.3899999856948853,1.409999966621399,1.3200000524520874,1.3300000429153442,568000,0.0,0.0
2024-06-18 00:00:00-04:00,1.3300000429153442,1.3300000429153442,1.2599999904632568,1.2799999713897705,470600,0.0,0.0
2024-06-20 00:00:00-04:00,1.2799999713897705,1.3899999856948853,1.2599999904632568,1.3700000047683716,328400,0.0,0.0
2024-06-21 00:00:00-04:00,1.399999976158142,1.4500000476837158,1.3550000190734863,1.440000057220459,783400,0.0,0.0
2024-06-24 00:00:00-04:00,1.4299999475479126,1.524999976158142,1.409999966621399,1.5099999904632568,506500,0.0,0.0
2024-06-25 00:00:00-04:00,1.5099999904632568,1.5190000534057617,1.440000057220459,1.4800000190734863,504100,0.0,0.0
2024-06-26 00:00:00-04:00,1.4700000286102295,1.5399999618530273,1.440000057220459,1.4500000476837158,360200,0.0,0.0
2024-06-27 00:00:00-04:00,1.4700000286102295,1.600000023841858,1.4299999475479126,1.4900000095367432,722500,0.0,0.0
2024-06-28 00:00:00-04:00,1.5,1.5399999618530273,1.4450000524520874,1.4900000095367432,7168500,0.0,0.0
2024-07-01 00:00:00-04:00,1.4900000095367432,1.5700000524520874,1.4900000095367432,1.559999942779541,334100,0.0,0.0
2024-07-02 00:00:00-04:00,1.559999942779541,1.590000033378601,1.4600000381469727,1.5,207500,0.0,0.0
2024-07-03 00:00:00-04:00,1.5199999809265137,1.5299999713897705,1.4800000190734863,1.5199999809265137,150900,0.0,0.0
2024-07-05 00:00:00-04:00,1.5,1.5199999809265137,1.4600000381469727,1.4700000286102295,326100,0.0,0.0
2024-07-08 00:00:00-04:00,1.4900000095367432,1.5,1.409999966621399,1.4500000476837158,672500,0.0,0.0
2024-07-09 00:00:00-04:00,1.9700000286102295,2.25,1.7400000095367432,2.0,21888700,0.0,0.0
2024-07-10 00:00:00-04:00,1.940000057220459,2.1500000953674316,1.8700000047683716,1.909999966621399,3103800,0.0,0.0
2024-07-11 00:00:00-04:00,1.9700000286102295,2.240000009536743,1.940999984741211,2.2200000286102295,2091500,0.0,0.0
2024-07-12 00:00:00-04:00,2.200000047683716,2.309999942779541,2.180000066757202,2.240000009536743,1392700,0.0,0.0
2024-07-15 00:00:00-04:00,2.2899999618530273,2.305000066757202,2.075000047683716,2.0999999046325684,1474400,0.0,0.0
2024-07-16 00:00:00-04:00,2.069999933242798,2.1549999713897705,2.049999952316284,2.0799999237060547,771800,0.0,0.0
2024-07-17 00:00:00-04:00,2.0399999618530273,2.125,2.0199999809265137,2.0999999046325684,683800,0.0,0.0
2024-07-18 00:00:00-04:00,2.0899999141693115,2.200000047683716,1.940000057220459,1.9500000476837158,809600,0.0,0.0
2024-07-19 00:00:00-04:00,1.9299999475479126,1.9299999475479126,1.850000023841858,1.8799999952316284,587000,0.0,0.0
2024-07-22 00:00:00-04:00,1.8899999856948853,1.9800000190734863,1.8300000429153442,1.9600000381469727,427600,0.0,0.0
2024-07-23 00:00:00-04:00,1.9600000381469727,2.059999942779541,1.9500000476837158,2.009999990463257,494500,0.0,0.0
2024-07-24 00:00:00-04:00,2.0,2.0399999618530273,1.8899999856948853,1.899999976158142,341600,0.0,0.0
2024-07-25 00:00:00-04:00,1.899999976158142,1.9700000286102295,1.8700000047683716,1.909999966621399,298400,0.0,0.0
2024-07-26 00:00:00-04:00,1.940000057220459,1.9800000190734863,1.899999976158142,1.9800000190734863,320800,0.0,0.0
2024-07-29 00:00:00-04:00,1.9500000476837158,1.9800000190734863,1.8799999952316284,1.899999976158142,277100,0.0,0.0
2024-07-30 00:00:00-04:00,1.899999976158142,1.9600000381469727,1.850000023841858,1.850000023841858,274900,0.0,0.0
2024-07-31 00:00:00-04:00,1.840000033378601,1.9079999923706055,1.8200000524520874,1.850000023841858,343000,0.0,0.0
2024-08-01 00:00:00-04:00,1.850000023841858,1.8600000143051147,1.7000000476837158,1.7000000476837158,490900,0.0,0.0
2024-08-02 00:00:00-04:00,1.6699999570846558,1.6720000505447388,1.590000033378601,1.590000033378601,547600,0.0,0.0
2024-08-05 00:00:00-04:00,1.5,1.590000033378601,1.4500000476837158,1.5499999523162842,612800,0.0,0.0
2024-08-06 00:00:00-04:00,1.5499999523162842,1.6269999742507935,1.5,1.5199999809265137,512200,0.0,0.0
2024-08-07 00:00:00-04:00,1.5199999809265137,1.5399999618530273,1.5,1.5099999904632568,450200,0.0,0.0
2024-08-08 00:00:00-04:00,1.5099999904632568,1.590000033378601,1.5099999904632568,1.5399999618530273,452200,0.0,0.0
2024-08-09 00:00:00-04:00,1.75,2.2300000190734863,1.75,2.0999999046325684,5346500,0.0,0.0
2024-08-12 00:00:00-04:00,2.109999895095825,2.4200000762939453,1.9600000381469727,2.299999952316284,2121900,0.0,0.0
2024-08-13 00:00:00-04:00,2.299999952316284,2.3399999141693115,2.059999942779541,2.25,1400300,0.0,0.0
2024-08-14 00:00:00-04:00,2.259999990463257,2.3299999237060547,2.1700000762939453,2.2799999713897705,824200,0.0,0.0
2024-08-15 00:00:00-04:00,2.240000009536743,2.380000114440918,2.240000009536743,2.359999895095825,1053500,0.0,0.0
2024-08-16 00:00:00-04:00,2.390000104904175,2.490000009536743,2.3499999046325684,2.4100000858306885,543400,0.0,0.0
2024-08-19 00:00:00-04:00,2.4000000953674316,2.4100000858306885,2.3299999237060547,2.380000114440918,455900,0.0,0.0
2024-08-20 00:00:00-04:00,2.369999885559082,2.4049999713897705,2.319999933242798,2.359999895095825,259900,0.0,0.0
2024-08-21 00:00:00-04:00,2.3299999237060547,2.390000104904175,2.299999952316284,2.390000104904175,271900,0.0,0.0
2024-08-22 00:00:00-04:00,2.380000114440918,2.380000114440918,2.2300000190734863,2.2300000190734863,441500,0.0,0.0
2024-08-23 00:00:00-04:00,2.2699999809265137,2.440000057220459,2.2100000381469727,2.430000066757202,558200,0.0,0.0
2024-08-26 00:00:00-04:00,2.4100000858306885,2.4200000762939453,2.2699999809265137,2.319999933242798,238000,0.0,0.0
2024-08-27 00:00:00-04:00,2.319999933242798,2.325000047683716,2.244999885559082,2.319999933242798,279300,0.0,0.0
2024-08-28 00:00:00-04:00,2.2899999618530273,2.309999942779541,2.1649999618530273,2.200000047683716,579400,0.0,0.0
2024-08-29 00:00:00-04:00,2.2100000381469727,2.4549999237060547,2.2100000381469727,2.450000047683716,581400,0.0,0.0
2024-08-30 00:00:00-04:00,2.4800000190734863,2.4800000190734863,2.25,2.319999933242798,358500,0.0,0.0
2024-09-03 00:00:00-04:00,2.4800000190734863,2.490000009536743,2.2100000381469727,2.2899999618530273,520500,0.0,0.0
2024-09-04 00:00:00-04:00,2.240000009536743,2.3350000381469727,2.234999895095825,2.259999990463257,315700,0.0,0.0
2024-09-05 00:00:00-04:00,2.25,2.2899999618530273,2.180000066757202,2.240000009536743,400200,0.0,0.0
2024-09-06 00:00:00-04:00,2.309999942779541,2.309999942779541,2.140000104904175,2.240000009536743,484200,0.0,0.0
2024-09-09 00:00:00-04:00,2.140000104904175,2.5789999961853027,2.140000104904175,2.559999942779541,1571500,0.0,0.0
2024-09-10 00:00:00-04:00,2.5999999046325684,2.614000082015991,2.4049999713897705,2.5199999809265137,561300,0.0,0.0
2024-09-11 00:00:00-04:00,2.5399999618530273,2.5399999618530273,2.365000009536743,2.430000066757202,361900,0.0,0.0
2024-09-12 00:00:00-04:00,2.440000057220459,2.440000057220459,2.3350000381469727,2.3399999141693115,313300,0.0,0.0
2024-09-13 00:00:00-04:00,2.3399999141693115,2.5199999809265137,2.309999942779541,2.5199999809265137,423500,0.0,0.0
2024-09-16 00:00:00-04:00,2.509999990463257,2.509999990463257,2.25,2.25,577500,0.0,0.0
2024-09-17 00:00:00-04:00,2.259999990463257,2.375,2.2300000190734863,2.2799999713897705,482600,0.0,0.0
2024-09-18 00:00:00-04:00,2.2799999713897705,2.3550000190734863,2.2300000190734863,2.240000009536743,381400,0.0,0.0
2024-09-19 00:00:00-04:00,2.2899999618530273,2.3499999046325684,2.2249999046325684,2.259999990463257,201500,0.0,0.0
2024-09-20 00:00:00-04:00,2.240000009536743,2.240000009536743,2.194999933242798,2.240000009536743,400400,0.0,0.0
2024-09-23 00:00:00-04:00,2.240000009536743,2.240000009536743,2.140000104904175,2.190000057220459,335800,0.0,0.0
2024-09-24 00:00:00-04:00,2.2100000381469727,2.2100000381469727,2.119999885559082,2.140000104904175,202800,0.0,0.0
2024-09-25 00:00:00-04:00,2.130000114440918,2.130000114440918,2.069999933242798,2.0799999237060547,205100,0.0,0.0
2024-09-26 00:00:00-04:00,2.109999895095825,2.119999885559082,2.005000114440918,2.0199999809265137,297100,0.0,0.0
2024-09-27 00:00:00-04:00,2.0299999713897705,2.059999942779541,1.940000057220459,2.0,395300,0.0,0.0
2024-09-30 00:00:00-04:00,1.9700000286102295,2.0350000858306885,1.940000057220459,1.9600000381469727,279300,0.0,0.0
2024-10-01 00:00:00-04:00,1.9600000381469727,1.9800000190734863,1.8600000143051147,1.909999966621399,362200,0.0,0.0
2024-10-02 00:00:00-04:00,1.899999976158142,1.909999966621399,1.8300000429153442,1.8300000429153442,231000,0.0,0.0
2024-10-03 00:00:00-04:00,1.8300000429153442,1.850000023841858,1.7899999618530273,1.809999942779541,211900,0.0,0.0
2024-10-04 00:00:00-04:00,1.8200000524520874,1.8899999856948853,1.774999976158142,1.850000023841858,525300,0.0,0.0
2024-10-07 00:00:00-04:00,1.8200000524520874,1.850000023841858,1.809999942779541,1.840000033378601,158800,0.0,0.0
2024-10-08 00:00:00-04:00,1.8600000143051147,1.8830000162124634,1.809999942779541,1.8200000524520874,177400,0.0,0.0
2024-10-09 00:00:00-04:00,1.8300000429153442,1.8600000143051147,1.7799999713897705,1.8600000143051147,416600,0.0,0.0
2024-10-10 00:00:00-04:00,1.8300000429153442,1.8350000381469727,1.784999966621399,1.809999942779541,280600,0.0,0.0
2024-10-11 00:00:00-04:00,1.809999942779541,1.8450000286102295,1.7999999523162842,1.8200000524520874,224800,0.0,0.0
2024-10-14 00:00:00-04:00,1.8600000143051147,1.8600000143051147,1.7549999952316284,1.7799999713897705,277600,0.0,0.0
2024-10-15 00:00:00-04:00,1.7799999713897705,1.8700000047683716,1.7799999713897705,1.8350000381469727,352600,0.0,0.0
2024-10-16 00:00:00-04:00,1.840000033378601,1.9249999523162842,1.809999942779541,1.8799999952316284,357600,0.0,0.0
2024-10-17 00:00:00-04:00,1.8799999952316284,1.8799999952316284,1.7999999523162842,1.809999942779541,345100,0.0,0.0
2024-10-18 00:00:00-04:00,1.809999942779541,1.899999976158142,1.809999942779541,1.8300000429153442,373200,0.0,0.0
2024-10-21 00:00:00-04:00,1.840000033378601,1.850000023841858,1.7599999904632568,1.7649999856948853,321200,0.0,0.0
2024-10-22 00:00:00-04:00,1.75,1.809999942779541,1.6799999475479126,1.7400000095367432,406600,0.0,0.0
2024-10-23 00:00:00-04:00,1.7599999904632568,1.7599999904632568,1.649999976158142,1.7000000476837158,510200,0.0,0.0
2024-10-24 00:00:00-04:00,1.7300000190734863,1.7350000143051147,1.6200000047683716,1.7000000476837158,476800,0.0,0.0
2024-10-25 00:00:00-04:00,1.7000000476837158,1.7350000143051147,1.7000000476837158,1.7100000381469727,192100,0.0,0.0
2024-10-28 00:00:00-04:00,1.7100000381469727,1.9199999570846558,1.7100000381469727,1.840000033378601,494900,0.0,0.0
2024-10-29 00:00:00-04:00,1.8200000524520874,1.909999966621399,1.7949999570846558,1.8899999856948853,531700,0.0,0.0
2024-10-30 00:00:00-04:00,1.899999976158142,1.9900000095367432,1.8899999856948853,1.9600000381469727,508100,0.0,0.0
2024-10-31 00:00:00-04:00,1.9500000476837158,1.9500000476837158,1.8600000143051147,1.8899999856948853,354200,0.0,0.0
2024-11-01 00:00:00-04:00,1.8899999856948853,1.8899999856948853,1.8200000524520874,1.8700000047683716,366900,0.0,0.0
2024-11-04 00:00:00-05:00,1.8600000143051147,1.899999976158142,1.8250000476837158,1.840000033378601,309600,0.0,0.0
2024-11-05 00:00:00-05:00,1.8600000143051147,1.9249999523162842,1.850000023841858,1.9199999570846558,397300,0.0,0.0
2024-11-06 00:00:00-05:00,1.9700000286102295,1.9700000286102295,1.8600000143051147,1.9199999570846558,566800,0.0,0.0
2024-11-07 00:00:00-05:00,1.940000057220459,1.9900000095367432,1.899999976158142,1.9800000190734863,603000,0.0,0.0
2024-11-08 00:00:00-05:00,2.0999999046325684,2.6600000858306885,2.0999999046325684,2.450000047683716,3097500,0.0,0.0
2024-11-11 00:00:00-05:00,2.569999933242798,2.994999885559082,2.569999933242798,2.7899999618530273,2188100,0.0,0.0
2024-11-12 00:00:00-05:00,2.75,2.8889999389648438,2.690000057220459,2.8399999141693115,849300,0.0,0.0
2024-11-13 00:00:00-05:00,2.799999952316284,2.9200000762939453,2.7300000190734863,2.809999942779541,720400,0.0,0.0
2024-11-14 00:00:00-05:00,2.7799999713897705,2.9700000286102295,2.7699999809265137,2.859999895095825,724100,0.0,0.0
2024-11-15 00:00:00-05:00,2.890000104904175,2.890000104904175,2.700000047683716,2.75,641400,0.0,0.0
2024-11-18 00:00:00-05:00,2.7300000190734863,2.7899999618530273,2.634999990463257,2.6700000762939453,458800,0.0,0.0
2024-11-19 00:00:00-05:00,2.6500000953674316,2.8450000286102295,2.630000114440918,2.7699999809265137,763200,0.0,0.0
2024-11-20 00:00:00-05:00,2.8499999046325684,3.115000009536743,2.8299999237060547,3.069999933242798,1392700,0.0,0.0
2024-11-21 00:00:00-05:00,3.140000104904175,3.3350000381469727,3.0,3.319999933242798,824500,0.0,0.0
2024-11-22 00:00:00-05:00,3.319999933242798,3.4749999046325684,3.25,3.4000000953674316,1053200,0.0,0.0
2024-11-25 00:00:00-05:00,3.3499999046325684,3.4749999046325684,3.134999990463257,3.2699999809265137,1169500,0.0,0.0
2024-11-26 00:00:00-05:00,3.2300000190734863,3.375,3.1700000762939453,3.3399999141693115,755000,0.0,0.0
2024-11-27 00:00:00-05:00,3.3299999237060547,3.434999942779541,3.200000047683716,3.2699999809265137,509000,0.0,0.0
2024-11-29 00:00:00-05:00,3.309999942779541,3.4000000953674316,3.2300000190734863,3.259999990463257,280300,0.0,0.0
2024-12-02 00:00:00-05:00,3.25,3.3949999809265137,3.181999921798706,3.369999885559082,696200,0.0,0.0
2024-12-03 00:00:00-05:00,3.3399999141693115,3.5799999237060547,3.299999952316284,3.430000066757202,987200,0.0,0.0
2024-12-04 00:00:00-05:00,3.4200000762939453,3.4649999141693115,3.305000066757202,3.380000114440918,525200,0.0,0.0
2024-12-05 00:00:00-05:00,3.369999885559082,3.569999933242798,3.3499999046325684,3.490000009536743,611000,0.0,0.0
2024-12-06 00:00:00-05:00,3.5,3.700000047683716,3.440000057220459,3.680000066757202,834200,0.0,0.0
2024-12-09 00:00:00-05:00,3.690000057220459,3.869999885559082,3.609999895095825,3.680000066757202,670600,0.0,0.0
2024-12-10 00:00:00-05:00,3.619999885559082,3.7799999713897705,3.559999942779541,3.619999885559082,503400,0.0,0.0
2024-12-11 00:00:00-05:00,3.5999999046325684,3.940000057220459,3.5999999046325684,3.8499999046325684,871050,0.0,0.0
