Date,Open,High,Low,Close,Volume,Dividends,Stock Splits
2022-01-03 00:00:00-05:00,3.9100000858306885,4.329999923706055,3.7799999713897705,4.119999885559082,578900,0.0,0.0
2022-01-04 00:00:00-05:00,4.179999828338623,4.179999828338623,3.9000000953674316,4.050000190734863,189100,0.0,0.0
2022-01-05 00:00:00-05:00,4.050000190734863,4.099999904632568,3.7699999809265137,3.819999933242798,290400,0.0,0.0
2022-01-06 00:00:00-05:00,3.7899999618530273,3.9000000953674316,3.619999885559082,3.7100000381469727,250600,0.0,0.0
2022-01-07 00:00:00-05:00,3.7899999618530273,3.8499999046325684,3.6600000858306885,3.7300000190734863,176800,0.0,0.0
2022-01-10 00:00:00-05:00,3.6500000953674316,3.6500000953674316,3.3399999141693115,3.4600000381469727,418700,0.0,0.0
2022-01-11 00:00:00-05:00,3.4600000381469727,3.8299999237060547,3.4000000953674316,3.680000066757202,162200,0.0,0.0
2022-01-12 00:00:00-05:00,3.7699999809265137,3.799999952316284,3.6600000858306885,3.700000047683716,292800,0.0,0.0
2022-01-13 00:00:00-05:00,3.690000057220459,3.759999990463257,3.509999990463257,3.5799999237060547,181300,0.0,0.0
2022-01-14 00:00:00-05:00,3.549999952316284,3.7100000381469727,3.4600000381469727,3.630000114440918,149700,0.0,0.0
2022-01-18 00:00:00-05:00,3.5999999046325684,3.640000104904175,3.450000047683716,3.509999990463257,240100,0.0,0.0
2022-01-19 00:00:00-05:00,3.559999942779541,3.630000114440918,3.3399999141693115,3.359999895095825,208300,0.0,0.0
2022-01-20 00:00:00-05:00,3.390000104904175,3.680000066757202,3.2799999713897705,3.2799999713897705,215700,0.0,0.0
2022-01-21 00:00:00-05:00,3.25,3.3499999046325684,2.890000104904175,2.9200000762939453,434100,0.0,0.0
2022-01-24 00:00:00-05:00,2.819999933242798,3.109999895095825,2.7200000286102295,3.059999942779541,442300,0.0,0.0
2022-01-25 00:00:00-05:00,2.9800000190734863,3.299999952316284,2.9800000190734863,3.2100000381469727,258800,0.0,0.0
2022-01-26 00:00:00-05:00,3.299999952316284,3.509999990463257,3.25,3.430000066757202,454000,0.0,0.0
2022-01-27 00:00:00-05:00,3.430000066757202,3.5,3.0199999809265137,3.069999933242798,343000,0.0,0.0
2022-01-28 00:00:00-05:00,3.059999942779541,3.2300000190734863,2.9200000762939453,3.2100000381469727,301000,0.0,0.0
2022-01-31 00:00:00-05:00,3.1500000953674316,3.6600000858306885,3.1500000953674316,3.6500000953674316,204800,0.0,0.0
2022-02-01 00:00:00-05:00,3.700000047683716,3.859999895095825,3.5399999618530273,3.8499999046325684,165400,0.0,0.0
2022-02-02 00:00:00-05:00,3.859999895095825,3.859999895095825,3.549999952316284,3.630000114440918,167200,0.0,0.0
2022-02-03 00:00:00-05:00,3.490000009536743,3.5899999141693115,3.240000009536743,3.259999990463257,155800,0.0,0.0
2022-02-04 00:00:00-05:00,3.240000009536743,3.5999999046325684,3.1700000762939453,3.509999990463257,190100,0.0,0.0
2022-02-07 00:00:00-05:00,3.559999942779541,3.8299999237060547,3.5199999809265137,3.630000114440918,148300,0.0,0.0
2022-02-08 00:00:00-05:00,3.630000114440918,3.700000047683716,3.5199999809265137,3.640000104904175,191600,0.0,0.0
2022-02-09 00:00:00-05:00,3.7100000381469727,4.03000020980835,3.640000104904175,4.019999980926514,311400,0.0,0.0
2022-02-10 00:00:00-05:00,3.8499999046325684,4.269999980926514,3.809999942779541,4.090000152587891,225300,0.0,0.0
2022-02-11 00:00:00-05:00,4.090000152587891,4.28000020980835,4.019999980926514,4.170000076293945,228400,0.0,0.0
2022-02-14 00:00:00-05:00,4.159999847412109,4.239999771118164,3.819999933242798,3.8499999046325684,301700,0.0,0.0
2022-02-15 00:00:00-05:00,3.9000000953674316,4.320000171661377,3.9000000953674316,4.059999942779541,734600,0.0,0.0
2022-02-16 00:00:00-05:00,4.099999904632568,4.150000095367432,3.9200000762939453,4.079999923706055,135700,0.0,0.0
2022-02-17 00:00:00-05:00,4.019999980926514,4.119999885559082,3.950000047683716,4.0,131200,0.0,0.0
2022-02-18 00:00:00-05:00,3.940000057220459,3.9700000286102295,3.549999952316284,3.609999895095825,260500,0.0,0.0
2022-02-22 00:00:00-05:00,3.509999990463257,3.5899999141693115,3.380000114440918,3.5,221800,0.0,0.0
2022-02-23 00:00:00-05:00,3.5799999237060547,3.630000114440918,3.440000057220459,3.490000009536743,95800,0.0,0.0
2022-02-24 00:00:00-05:00,3.259999990463257,3.690000057220459,3.259999990463257,3.680000066757202,144100,0.0,0.0
2022-02-25 00:00:00-05:00,3.690000057220459,3.809999942779541,3.549999952316284,3.549999952316284,140600,0.0,0.0
2022-02-28 00:00:00-05:00,3.559999942779541,3.759999990463257,3.5399999618530273,3.7200000286102295,102700,0.0,0.0
2022-03-01 00:00:00-05:00,3.7200000286102295,3.799999952316284,3.5199999809265137,3.559999942779541,62500,0.0,0.0
2022-03-02 00:00:00-05:00,3.5799999237060547,3.640000104904175,3.4200000762939453,3.4800000190734863,82700,0.0,0.0
2022-03-03 00:00:00-05:00,3.490000009536743,3.490000009536743,3.309999942779541,3.359999895095825,113000,0.0,0.0
2022-03-04 00:00:00-05:00,3.319999933242798,3.4100000858306885,3.200000047683716,3.2200000286102295,95200,0.0,0.0
2022-03-07 00:00:00-05:00,3.2100000381469727,3.3499999046325684,3.190000057220459,3.2100000381469727,173900,0.0,0.0
2022-03-08 00:00:00-05:00,3.3299999237060547,3.549999952316284,3.2100000381469727,3.259999990463257,208200,0.0,0.0
2022-03-09 00:00:00-05:00,3.450000047683716,3.680000066757202,3.319999933242798,3.4000000953674316,163100,0.0,0.0
2022-03-10 00:00:00-05:00,3.3399999141693115,3.4800000190734863,3.2100000381469727,3.430000066757202,156900,0.0,0.0
2022-03-11 00:00:00-05:00,3.430000066757202,3.450000047683716,3.259999990463257,3.309999942779541,78100,0.0,0.0
2022-03-14 00:00:00-04:00,3.3299999237060547,3.3299999237060547,3.0799999237060547,3.0899999141693115,137100,0.0,0.0
2022-03-15 00:00:00-04:00,3.0999999046325684,3.25,3.059999942779541,3.2100000381469727,130200,0.0,0.0
2022-03-16 00:00:00-04:00,3.2799999713897705,3.440000057220459,3.1600000858306885,3.3299999237060547,151000,0.0,0.0
2022-03-17 00:00:00-04:00,3.3399999141693115,3.5399999618530273,3.2799999713897705,3.509999990463257,199700,0.0,0.0
2022-03-18 00:00:00-04:00,3.430000066757202,3.7300000190734863,3.430000066757202,3.609999895095825,173600,0.0,0.0
2022-03-21 00:00:00-04:00,3.6600000858306885,3.6600000858306885,3.440000057220459,3.559999942779541,80400,0.0,0.0
2022-03-22 00:00:00-04:00,3.619999885559082,3.7200000286102295,3.5799999237060547,3.5999999046325684,88500,0.0,0.0
2022-03-23 00:00:00-04:00,3.5899999141693115,3.8499999046325684,3.5199999809265137,3.559999942779541,176300,0.0,0.0
2022-03-24 00:00:00-04:00,3.6500000953674316,3.680000066757202,3.4100000858306885,3.509999990463257,48700,0.0,0.0
2022-03-25 00:00:00-04:00,3.4600000381469727,3.5399999618530273,3.4000000953674316,3.450000047683716,45400,0.0,0.0
2022-03-28 00:00:00-04:00,3.4600000381469727,3.490000009536743,3.240000009536743,3.3399999141693115,110200,0.0,0.0
2022-03-29 00:00:00-04:00,3.3399999141693115,3.5899999141693115,3.3399999141693115,3.5799999237060547,121100,0.0,0.0
2022-03-30 00:00:00-04:00,3.5999999046325684,3.6500000953674316,3.450000047683716,3.5199999809265137,75400,0.0,0.0
2022-03-31 00:00:00-04:00,3.4700000286102295,3.559999942779541,3.4100000858306885,3.5299999713897705,38600,0.0,0.0
2022-04-01 00:00:00-04:00,3.5199999809265137,3.6500000953674316,3.5,3.549999952316284,99600,0.0,0.0
2022-04-04 00:00:00-04:00,3.559999942779541,3.6500000953674316,3.4700000286102295,3.5899999141693115,77700,0.0,0.0
2022-04-05 00:00:00-04:00,3.609999895095825,3.609999895095825,3.450000047683716,3.559999942779541,77900,0.0,0.0
2022-04-06 00:00:00-04:00,3.509999990463257,3.890000104904175,3.430000066757202,3.5999999046325684,289900,0.0,0.0
2022-04-07 00:00:00-04:00,3.569999933242798,3.7100000381469727,3.5,3.509999990463257,90200,0.0,0.0
2022-04-08 00:00:00-04:00,3.5199999809265137,3.630000114440918,3.390000104904175,3.5899999141693115,130300,0.0,0.0
2022-04-11 00:00:00-04:00,3.549999952316284,3.6600000858306885,3.5,3.559999942779541,65100,0.0,0.0
2022-04-12 00:00:00-04:00,3.559999942779541,3.5899999141693115,3.200000047683716,3.2300000190734863,106700,0.0,0.0
2022-04-13 00:00:00-04:00,3.2100000381469727,3.369999885559082,3.2100000381469727,3.2200000286102295,81300,0.0,0.0
2022-04-14 00:00:00-04:00,3.259999990463257,3.2899999618530273,3.180000066757202,3.2799999713897705,53500,0.0,0.0
2022-04-18 00:00:00-04:00,3.25,3.259999990463257,3.0,3.069999933242798,119800,0.0,0.0
2022-04-19 00:00:00-04:00,3.140000104904175,3.180000066757202,3.0199999809265137,3.1500000953674316,70400,0.0,0.0
2022-04-20 00:00:00-04:00,3.1700000762939453,3.1700000762939453,2.950000047683716,3.009999990463257,100500,0.0,0.0
2022-04-21 00:00:00-04:00,3.0299999713897705,3.130000114440918,2.5,2.809999942779541,264200,0.0,0.0
2022-04-22 00:00:00-04:00,2.819999933242798,2.880000114440918,2.7699999809265137,2.799999952316284,108800,0.0,0.0
2022-04-25 00:00:00-04:00,2.700000047683716,2.7799999713897705,2.5199999809265137,2.5999999046325684,196900,0.0,0.0
2022-04-26 00:00:00-04:00,2.630000114440918,2.7300000190734863,2.380000114440918,2.4200000762939453,112400,0.0,0.0
2022-04-27 00:00:00-04:00,2.4200000762939453,2.630000114440918,2.359999895095825,2.4600000381469727,168900,0.0,0.0
2022-04-28 00:00:00-04:00,2.450000047683716,2.4600000381469727,2.140000104904175,2.3499999046325684,375000,0.0,0.0
2022-04-29 00:00:00-04:00,2.359999895095825,2.4000000953674316,2.200000047683716,2.2300000190734863,136200,0.0,0.0
2022-05-02 00:00:00-04:00,2.309999942779541,2.7200000286102295,2.190000057220459,2.5999999046325684,317200,0.0,0.0
2022-05-03 00:00:00-04:00,2.5999999046325684,2.6700000762939453,2.309999942779541,2.4200000762939453,93300,0.0,0.0
2022-05-04 00:00:00-04:00,2.4200000762939453,2.5,2.309999942779541,2.440000057220459,28300,0.0,0.0
2022-05-05 00:00:00-04:00,2.359999895095825,2.609999895095825,2.2699999809265137,2.450000047683716,132600,0.0,0.0
2022-05-06 00:00:00-04:00,2.4100000858306885,2.509999990463257,2.309999942779541,2.319999933242798,104200,0.0,0.0
2022-05-09 00:00:00-04:00,2.2699999809265137,2.319999933242798,2.0399999618530273,2.0999999046325684,153400,0.0,0.0
2022-05-10 00:00:00-04:00,2.130000114440918,2.2300000190734863,2.0199999809265137,2.0299999713897705,172400,0.0,0.0
2022-05-11 00:00:00-04:00,2.0,2.0899999141693115,1.8899999856948853,1.909999966621399,99500,0.0,0.0
2022-05-12 00:00:00-04:00,1.899999976158142,2.0199999809265137,1.850000023841858,1.940000057220459,106600,0.0,0.0
2022-05-13 00:00:00-04:00,2.0299999713897705,2.200000047683716,2.0,2.109999895095825,129400,0.0,0.0
2022-05-16 00:00:00-04:00,2.1500000953674316,2.1500000953674316,1.9299999475479126,1.9900000095367432,117200,0.0,0.0
2022-05-17 00:00:00-04:00,2.049999952316284,2.109999895095825,1.9500000476837158,2.109999895095825,88200,0.0,0.0
2022-05-18 00:00:00-04:00,2.069999933242798,2.180000066757202,2.0399999618530273,2.130000114440918,106100,0.0,0.0
2022-05-19 00:00:00-04:00,2.1500000953674316,2.25,2.0199999809265137,2.0799999237060547,175600,0.0,0.0
2022-05-20 00:00:00-04:00,2.0999999046325684,2.140000104904175,2.0,2.049999952316284,85200,0.0,0.0
2022-05-23 00:00:00-04:00,2.0999999046325684,2.200000047683716,2.0199999809265137,2.180000066757202,165600,0.0,0.0
2022-05-24 00:00:00-04:00,2.1500000953674316,2.180000066757202,2.069999933242798,2.130000114440918,73700,0.0,0.0
2022-05-25 00:00:00-04:00,2.059999942779541,2.2100000381469727,2.059999942779541,2.190000057220459,148600,0.0,0.0
2022-05-26 00:00:00-04:00,2.2200000286102295,2.3399999141693115,2.200000047683716,2.25,88600,0.0,0.0
2022-05-27 00:00:00-04:00,2.3399999141693115,2.3399999141693115,2.259999990463257,2.299999952316284,123400,0.0,0.0
2022-05-31 00:00:00-04:00,2.2899999618530273,2.2899999618530273,2.1600000858306885,2.25,119300,0.0,0.0
2022-06-01 00:00:00-04:00,2.2799999713897705,2.299999952316284,2.1500000953674316,2.240000009536743,66200,0.0,0.0
2022-06-02 00:00:00-04:00,2.259999990463257,2.5,2.2300000190734863,2.5,106500,0.0,0.0
2022-06-03 00:00:00-04:00,2.450000047683716,2.5,2.240000009536743,2.309999942779541,94800,0.0,0.0
2022-06-06 00:00:00-04:00,2.2799999713897705,2.5399999618530273,2.2799999713897705,2.5399999618530273,101000,0.0,0.0
2022-06-07 00:00:00-04:00,2.5,2.5399999618530273,2.4100000858306885,2.4800000190734863,56700,0.0,0.0
2022-06-08 00:00:00-04:00,2.4600000381469727,2.5999999046325684,2.4100000858306885,2.4800000190734863,79200,0.0,0.0
2022-06-09 00:00:00-04:00,2.440000057220459,2.4600000381469727,2.309999942779541,2.390000104904175,47800,0.0,0.0
2022-06-10 00:00:00-04:00,2.309999942779541,2.369999885559082,2.2699999809265137,2.369999885559082,49700,0.0,0.0
2022-06-13 00:00:00-04:00,2.259999990463257,2.359999895095825,2.109999895095825,2.190000057220459,122900,0.0,0.0
2022-06-14 00:00:00-04:00,2.200000047683716,2.200000047683716,1.7999999523162842,1.8600000143051147,250900,0.0,0.0
2022-06-15 00:00:00-04:00,1.899999976158142,2.299999952316284,1.899999976158142,1.9900000095367432,517200,0.0,0.0
2022-06-16 00:00:00-04:00,1.909999966621399,2.2100000381469727,1.909999966621399,1.9600000381469727,182000,0.0,0.0
2022-06-17 00:00:00-04:00,1.9800000190734863,2.119999885559082,1.9800000190734863,2.0199999809265137,90800,0.0,0.0
2022-06-21 00:00:00-04:00,2.059999942779541,2.200000047683716,2.0299999713897705,2.109999895095825,96500,0.0,0.0
2022-06-22 00:00:00-04:00,2.049999952316284,2.2799999713897705,2.0299999713897705,2.2300000190734863,79000,0.0,0.0
2022-06-23 00:00:00-04:00,2.240000009536743,2.3299999237060547,2.240000009536743,2.319999933242798,79200,0.0,0.0
2022-06-24 00:00:00-04:00,2.3499999046325684,2.5199999809265137,2.0799999237060547,2.1600000858306885,141100,0.0,0.0
2022-06-27 00:00:00-04:00,2.240000009536743,2.240000009536743,2.130000114440918,2.1600000858306885,49200,0.0,0.0
2022-06-28 00:00:00-04:00,2.180000066757202,2.2200000286102295,2.0299999713897705,2.069999933242798,74700,0.0,0.0
2022-06-29 00:00:00-04:00,2.069999933242798,2.069999933242798,2.009999990463257,2.009999990463257,69200,0.0,0.0
2022-06-30 00:00:00-04:00,2.009999990463257,2.0399999618530273,1.9900000095367432,2.0399999618530273,158000,0.0,0.0
2022-07-01 00:00:00-04:00,2.0399999618530273,2.0899999141693115,2.0,2.069999933242798,71500,0.0,0.0
2022-07-05 00:00:00-04:00,2.0299999713897705,2.319999933242798,2.009999990463257,2.009999990463257,202100,0.0,0.0
2022-07-06 00:00:00-04:00,2.049999952316284,2.130000114440918,2.009999990463257,2.0399999618530273,87800,0.0,0.0
2022-07-07 00:00:00-04:00,2.069999933242798,2.190000057220459,2.069999933242798,2.130000114440918,81500,0.0,0.0
2022-07-08 00:00:00-04:00,2.0799999237060547,2.2899999618530273,2.0799999237060547,2.2899999618530273,114700,0.0,0.0
2022-07-11 00:00:00-04:00,2.3499999046325684,2.3499999046325684,2.1500000953674316,2.1500000953674316,26400,0.0,0.0
2022-07-12 00:00:00-04:00,2.130000114440918,2.140000104904175,2.0,2.0399999618530273,67100,0.0,0.0
2022-07-13 00:00:00-04:00,2.0,2.0899999141693115,2.0,2.059999942779541,62900,0.0,0.0
2022-07-14 00:00:00-04:00,2.0399999618530273,2.069999933242798,2.009999990463257,2.0399999618530273,23400,0.0,0.0
2022-07-15 00:00:00-04:00,2.049999952316284,2.0999999046325684,2.009999990463257,2.0799999237060547,60900,0.0,0.0
2022-07-18 00:00:00-04:00,2.130000114440918,2.2100000381469727,2.069999933242798,2.109999895095825,47800,0.0,0.0
2022-07-19 00:00:00-04:00,2.140000104904175,2.1700000762939453,2.009999990463257,2.0999999046325684,123900,0.0,0.0
2022-07-20 00:00:00-04:00,2.109999895095825,2.5999999046325684,2.0899999141693115,2.450000047683716,422100,0.0,0.0
2022-07-21 00:00:00-04:00,2.490000009536743,2.640000104904175,2.4200000762939453,2.559999942779541,187200,0.0,0.0
2022-07-22 00:00:00-04:00,2.5,2.5,2.2899999618530273,2.3399999141693115,114200,0.0,0.0
2022-07-25 00:00:00-04:00,2.3299999237060547,2.4200000762939453,2.25,2.2799999713897705,56500,0.0,0.0
2022-07-26 00:00:00-04:00,2.259999990463257,2.299999952316284,2.1500000953674316,2.180000066757202,52300,0.0,0.0
2022-07-27 00:00:00-04:00,2.1600000858306885,2.3399999141693115,2.1600000858306885,2.2699999809265137,57600,0.0,0.0
2022-07-28 00:00:00-04:00,2.2200000286102295,2.359999895095825,2.2200000286102295,2.2799999713897705,39000,0.0,0.0
2022-07-29 00:00:00-04:00,2.2200000286102295,2.5999999046325684,2.2200000286102295,2.4800000190734863,276400,0.0,0.0
2022-08-01 00:00:00-04:00,2.490000009536743,2.5399999618530273,2.430000066757202,2.4600000381469727,108100,0.0,0.0
2022-08-02 00:00:00-04:00,2.4600000381469727,2.5,2.380000114440918,2.4600000381469727,116000,0.0,0.0
2022-08-03 00:00:00-04:00,2.490000009536743,2.5999999046325684,2.4700000286102295,2.509999990463257,129900,0.0,0.0
2022-08-04 00:00:00-04:00,2.5299999713897705,2.690000057220459,2.450000047683716,2.549999952316284,109600,0.0,0.0
2022-08-05 00:00:00-04:00,2.4800000190734863,2.680000066757202,2.4100000858306885,2.640000104904175,181300,0.0,0.0
2022-08-08 00:00:00-04:00,2.6500000953674316,2.930000066757202,2.6500000953674316,2.8399999141693115,112800,0.0,0.0
2022-08-09 00:00:00-04:00,2.809999942779541,3.0199999809265137,2.7699999809265137,2.940000057220459,115300,0.0,0.0
2022-08-10 00:00:00-04:00,3.0,3.0,2.859999895095825,2.930000066757202,96900,0.0,0.0
2022-08-11 00:00:00-04:00,3.0199999809265137,3.2200000286102295,2.890000104904175,3.1500000953674316,139200,0.0,0.0
2022-08-12 00:00:00-04:00,3.109999895095825,3.109999895095825,2.700000047683716,2.9000000953674316,338900,0.0,0.0
2022-08-15 00:00:00-04:00,2.9100000858306885,2.9100000858306885,2.809999942779541,2.880000114440918,96800,0.0,0.0
2022-08-16 00:00:00-04:00,2.8499999046325684,2.950000047683716,2.700000047683716,2.7300000190734863,167100,0.0,0.0
2022-08-17 00:00:00-04:00,2.7300000190734863,2.809999942779541,2.559999942779541,2.5799999237060547,95700,0.0,0.0
2022-08-18 00:00:00-04:00,2.5799999237060547,2.809999942779541,2.5199999809265137,2.75,87000,0.0,0.0
2022-08-19 00:00:00-04:00,2.690000057220459,2.740000009536743,2.5,2.5,43100,0.0,0.0
2022-08-22 00:00:00-04:00,2.5299999713897705,2.740000009536743,2.5,2.5799999237060547,74400,0.0,0.0
2022-08-23 00:00:00-04:00,2.619999885559082,2.700000047683716,2.569999933242798,2.5999999046325684,37400,0.0,0.0
2022-08-24 00:00:00-04:00,2.569999933242798,2.6600000858306885,2.5,2.5299999713897705,57300,0.0,0.0
2022-08-25 00:00:00-04:00,2.5899999141693115,2.7100000381469727,2.559999942779541,2.569999933242798,122500,0.0,0.0
2022-08-26 00:00:00-04:00,2.559999942779541,2.640000104904175,2.5199999809265137,2.5399999618530273,86200,0.0,0.0
2022-08-29 00:00:00-04:00,2.5,2.5799999237060547,2.2799999713897705,2.4800000190734863,95300,0.0,0.0
2022-08-30 00:00:00-04:00,2.509999990463257,2.640000104904175,2.4600000381469727,2.509999990463257,57100,0.0,0.0
2022-08-31 00:00:00-04:00,2.5399999618530273,2.5999999046325684,2.5299999713897705,2.569999933242798,86200,0.0,0.0
2022-09-01 00:00:00-04:00,2.509999990463257,2.5199999809265137,2.299999952316284,2.380000114440918,88200,0.0,0.0
2022-09-02 00:00:00-04:00,2.359999895095825,2.4600000381469727,2.319999933242798,2.319999933242798,60000,0.0,0.0
2022-09-06 00:00:00-04:00,2.299999952316284,2.4000000953674316,2.299999952316284,2.390000104904175,68700,0.0,0.0
2022-09-07 00:00:00-04:00,2.319999933242798,2.4600000381469727,2.319999933242798,2.430000066757202,58700,0.0,0.0
2022-09-08 00:00:00-04:00,2.430000066757202,2.5799999237060547,2.4000000953674316,2.5399999618530273,42800,0.0,0.0
2022-09-09 00:00:00-04:00,2.5299999713897705,2.5799999237060547,2.4100000858306885,2.569999933242798,83500,0.0,0.0
2022-09-12 00:00:00-04:00,2.549999952316284,2.700000047683716,2.5299999713897705,2.680000066757202,29000,0.0,0.0
2022-09-13 00:00:00-04:00,2.549999952316284,2.619999885559082,2.5299999713897705,2.559999942779541,23200,0.0,0.0
2022-09-14 00:00:00-04:00,2.559999942779541,2.690000057220459,2.509999990463257,2.5199999809265137,66800,0.0,0.0
2022-09-15 00:00:00-04:00,2.5899999141693115,2.5899999141693115,2.4200000762939453,2.430000066757202,48600,0.0,0.0
2022-09-16 00:00:00-04:00,2.4000000953674316,2.5199999809265137,2.1700000762939453,2.299999952316284,185700,0.0,0.0
2022-09-19 00:00:00-04:00,2.299999952316284,2.390000104904175,2.0799999237060547,2.2100000381469727,74100,0.0,0.0
2022-09-20 00:00:00-04:00,2.200000047683716,2.2100000381469727,2.0799999237060547,2.109999895095825,61100,0.0,0.0
2022-09-21 00:00:00-04:00,2.119999885559082,2.1500000953674316,1.8799999952316284,2.0999999046325684,169300,0.0,0.0
2022-09-22 00:00:00-04:00,2.0799999237060547,2.0799999237060547,1.909999966621399,2.0199999809265137,124400,0.0,0.0
2022-09-23 00:00:00-04:00,2.0,2.049999952316284,1.899999976158142,1.9299999475479126,102600,0.0,0.0
2022-09-26 00:00:00-04:00,1.9800000190734863,2.0999999046325684,1.899999976158142,1.9199999570846558,71600,0.0,0.0
2022-09-27 00:00:00-04:00,1.9700000286102295,2.0,1.840000033378601,1.8700000047683716,63500,0.0,0.0
2022-09-28 00:00:00-04:00,1.9800000190734863,2.0999999046325684,1.940000057220459,2.0399999618530273,93300,0.0,0.0
2022-09-29 00:00:00-04:00,2.049999952316284,2.140000104904175,1.9800000190734863,2.119999885559082,122900,0.0,0.0
2022-09-30 00:00:00-04:00,2.0899999141693115,2.190000057220459,1.9500000476837158,1.9700000286102295,91600,0.0,0.0
2022-10-03 00:00:00-04:00,2.009999990463257,2.259999990463257,1.840000033378601,1.9900000095367432,305000,0.0,0.0
2022-10-04 00:00:00-04:00,2.0199999809265137,2.200000047683716,2.009999990463257,2.119999885559082,34500,0.0,0.0
2022-10-05 00:00:00-04:00,2.180000066757202,2.299999952316284,2.0299999713897705,2.130000114440918,164100,0.0,0.0
2022-10-06 00:00:00-04:00,2.130000114440918,2.299999952316284,2.130000114440918,2.2699999809265137,71600,0.0,0.0
2022-10-07 00:00:00-04:00,2.240000009536743,2.2699999809265137,2.0399999618530273,2.130000114440918,126500,0.0,0.0
2022-10-10 00:00:00-04:00,2.140000104904175,2.1500000953674316,2.049999952316284,2.119999885559082,75700,0.0,0.0
2022-10-11 00:00:00-04:00,2.119999885559082,2.190000057220459,2.049999952316284,2.1600000858306885,90100,0.0,0.0
2022-10-12 00:00:00-04:00,2.130000114440918,2.180000066757202,2.049999952316284,2.0999999046325684,21800,0.0,0.0
2022-10-13 00:00:00-04:00,2.069999933242798,2.2200000286102295,2.0,2.180000066757202,58300,0.0,0.0
2022-10-14 00:00:00-04:00,2.200000047683716,2.240000009536743,2.069999933242798,2.119999885559082,24100,0.0,0.0
2022-10-17 00:00:00-04:00,2.069999933242798,2.2300000190734863,2.069999933242798,2.1500000953674316,37300,0.0,0.0
2022-10-18 00:00:00-04:00,2.1600000858306885,2.1700000762939453,2.109999895095825,2.140000104904175,10300,0.0,0.0
2022-10-19 00:00:00-04:00,2.140000104904175,2.140000104904175,2.069999933242798,2.0799999237060547,17900,0.0,0.0
2022-10-20 00:00:00-04:00,2.0999999046325684,2.1600000858306885,2.069999933242798,2.1600000858306885,45800,0.0,0.0
2022-10-21 00:00:00-04:00,2.130000114440918,2.180000066757202,2.0799999237060547,2.1600000858306885,28200,0.0,0.0
2022-10-24 00:00:00-04:00,2.1600000858306885,2.190000057220459,2.049999952316284,2.119999885559082,71000,0.0,0.0
2022-10-25 00:00:00-04:00,2.140000104904175,2.1600000858306885,2.0,2.0199999809265137,65200,0.0,0.0
2022-10-26 00:00:00-04:00,2.0899999141693115,2.1700000762939453,2.009999990463257,2.130000114440918,96500,0.0,0.0
2022-10-27 00:00:00-04:00,2.1500000953674316,2.190000057220459,2.0999999046325684,2.119999885559082,52700,0.0,0.0
2022-10-28 00:00:00-04:00,2.0899999141693115,2.0999999046325684,2.049999952316284,2.069999933242798,43100,0.0,0.0
2022-10-31 00:00:00-04:00,2.009999990463257,2.2699999809265137,2.009999990463257,2.190000057220459,54700,0.0,0.0
2022-11-01 00:00:00-04:00,2.190000057220459,2.2100000381469727,2.130000114440918,2.1500000953674316,63900,0.0,0.0
2022-11-02 00:00:00-04:00,2.0999999046325684,2.119999885559082,2.0399999618530273,2.059999942779541,40300,0.0,0.0
2022-11-03 00:00:00-04:00,2.0299999713897705,2.0999999046325684,2.0199999809265137,2.049999952316284,61000,0.0,0.0
2022-11-04 00:00:00-04:00,2.0999999046325684,2.1700000762939453,2.0399999618530273,2.109999895095825,299000,0.0,0.0
2022-11-07 00:00:00-05:00,2.1600000858306885,2.1600000858306885,2.0399999618530273,2.0899999141693115,29300,0.0,0.0
2022-11-08 00:00:00-05:00,2.059999942779541,2.109999895095825,2.009999990463257,2.069999933242798,106400,0.0,0.0
2022-11-09 00:00:00-05:00,2.069999933242798,2.069999933242798,1.9900000095367432,2.009999990463257,68500,0.0,0.0
2022-11-10 00:00:00-05:00,2.0,2.119999885559082,2.0,2.0799999237060547,26300,0.0,0.0
2022-11-11 00:00:00-05:00,2.259999990463257,2.680000066757202,2.25,2.4800000190734863,224000,0.0,0.0
2022-11-14 00:00:00-05:00,2.440000057220459,2.5999999046325684,2.440000057220459,2.5199999809265137,75100,0.0,0.0
2022-11-15 00:00:00-05:00,2.5999999046325684,2.700000047683716,2.390000104904175,2.4700000286102295,66900,0.0,0.0
2022-11-16 00:00:00-05:00,2.4100000858306885,2.490000009536743,2.4000000953674316,2.440000057220459,29200,0.0,0.0
2022-11-17 00:00:00-05:00,2.390000104904175,2.6500000953674316,2.390000104904175,2.5,105300,0.0,0.0
2022-11-18 00:00:00-05:00,2.5,2.609999895095825,2.4700000286102295,2.509999990463257,59800,0.0,0.0
2022-11-21 00:00:00-05:00,2.5799999237060547,2.6700000762939453,2.509999990463257,2.619999885559082,37500,0.0,0.0
2022-11-22 00:00:00-05:00,2.5999999046325684,2.6700000762939453,2.549999952316284,2.630000114440918,65700,0.0,0.0
2022-11-23 00:00:00-05:00,2.6500000953674316,2.690000057220459,2.569999933242798,2.5999999046325684,35700,0.0,0.0
2022-11-25 00:00:00-05:00,2.5899999141693115,2.6700000762939453,2.5899999141693115,2.640000104904175,28900,0.0,0.0
2022-11-28 00:00:00-05:00,2.619999885559082,2.680000066757202,2.359999895095825,2.380000114440918,178500,0.0,0.0
2022-11-29 00:00:00-05:00,2.3499999046325684,2.4200000762939453,2.2899999618530273,2.3299999237060547,50500,0.0,0.0
2022-11-30 00:00:00-05:00,2.359999895095825,2.5299999713897705,2.3399999141693115,2.430000066757202,63700,0.0,0.0
2022-12-01 00:00:00-05:00,2.4800000190734863,2.5199999809265137,2.4000000953674316,2.4600000381469727,78800,0.0,0.0
2022-12-02 00:00:00-05:00,2.490000009536743,2.630000114440918,2.490000009536743,2.609999895095825,74000,0.0,0.0
2022-12-05 00:00:00-05:00,2.5899999141693115,2.6500000953674316,2.5299999713897705,2.609999895095825,81400,0.0,0.0
2022-12-06 00:00:00-05:00,2.640000104904175,2.640000104904175,2.4000000953674316,2.4200000762939453,103300,0.0,0.0
2022-12-07 00:00:00-05:00,2.450000047683716,2.490000009536743,2.4100000858306885,2.4800000190734863,22500,0.0,0.0
2022-12-08 00:00:00-05:00,2.509999990463257,2.5199999809265137,2.4200000762939453,2.490000009536743,51300,0.0,0.0
2022-12-09 00:00:00-05:00,2.490000009536743,2.509999990463257,2.4000000953674316,2.4800000190734863,56100,0.0,0.0
2022-12-12 00:00:00-05:00,2.4800000190734863,2.509999990463257,2.4100000858306885,2.4700000286102295,57000,0.0,0.0
2022-12-13 00:00:00-05:00,2.5199999809265137,2.5199999809265137,2.4000000953674316,2.4600000381469727,46500,0.0,0.0
2022-12-14 00:00:00-05:00,2.4200000762939453,2.490000009536743,2.4000000953674316,2.4000000953674316,26400,0.0,0.0
2022-12-15 00:00:00-05:00,2.430000066757202,2.440000057220459,2.299999952316284,2.299999952316284,48500,0.0,0.0
2022-12-16 00:00:00-05:00,2.2899999618530273,2.3499999046325684,2.2200000286102295,2.2699999809265137,161300,0.0,0.0
2022-12-19 00:00:00-05:00,2.240000009536743,2.299999952316284,2.109999895095825,2.109999895095825,65400,0.0,0.0
2022-12-20 00:00:00-05:00,2.140000104904175,2.2200000286102295,1.940000057220459,2.1700000762939453,304600,0.0,0.0
2022-12-21 00:00:00-05:00,2.180000066757202,2.2300000190734863,1.9700000286102295,2.0299999713897705,545200,0.0,0.0
2022-12-22 00:00:00-05:00,2.0399999618530273,2.130000114440918,2.0,2.009999990463257,133200,0.0,0.0
2022-12-23 00:00:00-05:00,2.009999990463257,2.119999885559082,1.940000057220459,2.049999952316284,265600,0.0,0.0
2022-12-27 00:00:00-05:00,1.9900000095367432,2.0799999237060547,1.9700000286102295,1.9700000286102295,155700,0.0,0.0
2022-12-28 00:00:00-05:00,1.9900000095367432,2.009999990463257,1.7200000286102295,1.8200000524520874,362900,0.0,0.0
2022-12-29 00:00:00-05:00,1.8200000524520874,1.9700000286102295,1.7200000286102295,1.8799999952316284,203300,0.0,0.0
2022-12-30 00:00:00-05:00,1.8799999952316284,1.940000057220459,1.7699999809265137,1.940000057220459,277100,0.0,0.0
2023-01-03 00:00:00-05:00,1.9299999475479126,2.0,1.8600000143051147,1.8899999856948853,88700,0.0,0.0
2023-01-04 00:00:00-05:00,1.8300000429153442,1.940000057220459,1.809999942779541,1.899999976158142,76300,0.0,0.0
2023-01-05 00:00:00-05:00,1.8899999856948853,2.0,1.809999942779541,1.899999976158142,132400,0.0,0.0
2023-01-06 00:00:00-05:00,1.899999976158142,2.009999990463257,1.8799999952316284,1.9299999475479126,199400,0.0,0.0
2023-01-09 00:00:00-05:00,1.9299999475479126,2.049999952316284,1.909999966621399,1.9299999475479126,141400,0.0,0.0
2023-01-10 00:00:00-05:00,1.9299999475479126,2.0,1.8899999856948853,1.899999976158142,71200,0.0,0.0
2023-01-11 00:00:00-05:00,1.9199999570846558,1.9800000190734863,1.899999976158142,1.9199999570846558,18800,0.0,0.0
2023-01-12 00:00:00-05:00,1.9500000476837158,1.9600000381469727,1.909999966621399,1.9299999475479126,37100,0.0,0.0
2023-01-13 00:00:00-05:00,1.940000057220459,2.009999990463257,1.8799999952316284,2.009999990463257,133900,0.0,0.0
2023-01-17 00:00:00-05:00,2.0299999713897705,2.0399999618530273,1.9900000095367432,2.009999990463257,44700,0.0,0.0
2023-01-18 00:00:00-05:00,2.009999990463257,2.009999990463257,1.8700000047683716,1.9600000381469727,83300,0.0,0.0
2023-01-19 00:00:00-05:00,1.9500000476837158,1.9500000476837158,1.7999999523162842,1.7999999523162842,125900,0.0,0.0
2023-01-20 00:00:00-05:00,1.8899999856948853,1.909999966621399,1.7599999904632568,1.7799999713897705,250000,0.0,0.0
2023-01-23 00:00:00-05:00,1.8300000429153442,1.9299999475479126,1.7699999809265137,1.840000033378601,202700,0.0,0.0
2023-01-24 00:00:00-05:00,1.8600000143051147,1.9299999475479126,1.8200000524520874,1.840000033378601,180200,0.0,0.0
2023-01-25 00:00:00-05:00,1.8200000524520874,1.9299999475479126,1.7899999618530273,1.850000023841858,146300,0.0,0.0
2023-01-26 00:00:00-05:00,1.8899999856948853,1.9199999570846558,1.7999999523162842,1.899999976158142,28600,0.0,0.0
2023-01-27 00:00:00-05:00,1.8799999952316284,2.0,1.8600000143051147,1.940000057220459,31700,0.0,0.0
2023-01-30 00:00:00-05:00,1.9500000476837158,2.0,1.940000057220459,1.9600000381469727,37200,0.0,0.0
2023-01-31 00:00:00-05:00,1.9900000095367432,2.0,1.9600000381469727,1.9800000190734863,59400,0.0,0.0
2023-02-01 00:00:00-05:00,1.9800000190734863,2.0899999141693115,1.9700000286102295,2.069999933242798,78600,0.0,0.0
2023-02-02 00:00:00-05:00,2.130000114440918,2.25,2.109999895095825,2.2300000190734863,139200,0.0,0.0
2023-02-03 00:00:00-05:00,2.190000057220459,2.25,2.1700000762939453,2.2300000190734863,40000,0.0,0.0
2023-02-06 00:00:00-05:00,2.190000057220459,2.259999990463257,2.0899999141693115,2.1600000858306885,73100,0.0,0.0
2023-02-07 00:00:00-05:00,2.140000104904175,2.2200000286102295,2.0299999713897705,2.0299999713897705,93000,0.0,0.0
2023-02-08 00:00:00-05:00,2.0999999046325684,2.0999999046325684,2.0199999809265137,2.0299999713897705,28600,0.0,0.0
2023-02-09 00:00:00-05:00,2.0399999618530273,2.059999942779541,1.8600000143051147,1.8899999856948853,80100,0.0,0.0
2023-02-10 00:00:00-05:00,1.899999976158142,2.049999952316284,1.8300000429153442,1.850000023841858,94900,0.0,0.0
2023-02-13 00:00:00-05:00,1.840000033378601,1.940000057220459,1.840000033378601,1.850000023841858,48800,0.0,0.0
2023-02-14 00:00:00-05:00,1.850000023841858,1.9199999570846558,1.8200000524520874,1.8200000524520874,22900,0.0,0.0
2023-02-15 00:00:00-05:00,1.8899999856948853,1.9700000286102295,1.8700000047683716,1.9700000286102295,46300,0.0,0.0
2023-02-16 00:00:00-05:00,1.9299999475479126,1.9700000286102295,1.850000023841858,1.8600000143051147,25000,0.0,0.0
2023-02-17 00:00:00-05:00,1.8799999952316284,1.9500000476837158,1.840000033378601,1.899999976158142,32000,0.0,0.0
2023-02-21 00:00:00-05:00,1.8700000047683716,1.9700000286102295,1.850000023841858,1.8700000047683716,51700,0.0,0.0
2023-02-22 00:00:00-05:00,1.8799999952316284,1.940000057220459,1.850000023841858,1.850000023841858,78100,0.0,0.0
2023-02-23 00:00:00-05:00,1.8899999856948853,1.8899999856948853,1.8200000524520874,1.8200000524520874,24600,0.0,0.0
2023-02-24 00:00:00-05:00,1.8300000429153442,1.909999966621399,1.809999942779541,1.8200000524520874,58900,0.0,0.0
2023-02-27 00:00:00-05:00,1.8799999952316284,1.8799999952316284,1.7599999904632568,1.7599999904632568,32300,0.0,0.0
2023-02-28 00:00:00-05:00,1.809999942779541,1.850000023841858,1.7699999809265137,1.7799999713897705,39900,0.0,0.0
2023-03-01 00:00:00-05:00,1.7999999523162842,1.8700000047683716,1.7699999809265137,1.7699999809265137,52100,0.0,0.0
2023-03-02 00:00:00-05:00,1.7699999809265137,1.850000023841858,1.75,1.7899999618530273,89500,0.0,0.0
2023-03-03 00:00:00-05:00,1.7999999523162842,1.840000033378601,1.7699999809265137,1.8200000524520874,25000,0.0,0.0
2023-03-06 00:00:00-05:00,1.8200000524520874,1.850000023841858,1.7999999523162842,1.8300000429153442,48800,0.0,0.0
2023-03-07 00:00:00-05:00,1.940000057220459,1.940000057220459,1.7799999713897705,1.8200000524520874,36700,0.0,0.0
2023-03-08 00:00:00-05:00,1.8899999856948853,1.8899999856948853,1.7599999904632568,1.7799999713897705,69800,0.0,0.0
2023-03-09 00:00:00-05:00,1.7599999904632568,1.7899999618530273,1.590000033378601,1.6200000047683716,232200,0.0,0.0
2023-03-10 00:00:00-05:00,1.600000023841858,1.649999976158142,1.409999966621399,1.4299999475479126,143100,0.0,0.0
2023-03-13 00:00:00-04:00,1.4299999475479126,1.4299999475479126,1.340000033378601,1.3700000047683716,100000,0.0,0.0
2023-03-14 00:00:00-04:00,1.3799999952316284,1.4500000476837158,1.2599999904632568,1.2599999904632568,96400,0.0,0.0
2023-03-15 00:00:00-04:00,1.3700000047683716,1.3899999856948853,1.190000057220459,1.2200000286102295,113100,0.0,0.0
2023-03-16 00:00:00-04:00,1.2000000476837158,1.2899999618530273,1.2000000476837158,1.25,35300,0.0,0.0
2023-03-17 00:00:00-04:00,1.2699999809265137,1.309999942779541,1.149999976158142,1.149999976158142,155700,0.0,0.0
2023-03-20 00:00:00-04:00,1.2000000476837158,1.2999999523162842,1.1399999856948853,1.149999976158142,105600,0.0,0.0
2023-03-21 00:00:00-04:00,1.1799999475479126,1.25,1.149999976158142,1.1699999570846558,96600,0.0,0.0
2023-03-22 00:00:00-04:00,1.2000000476837158,1.4500000476837158,1.2000000476837158,1.399999976158142,990000,0.0,0.0
2023-03-23 00:00:00-04:00,1.5,1.5499999523162842,1.2699999809265137,1.4500000476837158,505200,0.0,0.0
2023-03-24 00:00:00-04:00,1.4500000476837158,1.559999942779541,1.399999976158142,1.5399999618530273,166900,0.0,0.0
2023-03-27 00:00:00-04:00,1.5800000429153442,1.5800000429153442,1.4199999570846558,1.4500000476837158,82800,0.0,0.0
2023-03-28 00:00:00-04:00,1.4299999475479126,1.590000033378601,1.4299999475479126,1.5399999618530273,79400,0.0,0.0
2023-03-29 00:00:00-04:00,1.5199999809265137,1.5700000524520874,1.4800000190734863,1.5099999904632568,59600,0.0,0.0
2023-03-30 00:00:00-04:00,1.5299999713897705,1.5800000429153442,1.409999966621399,1.5,89500,0.0,0.0
2023-03-31 00:00:00-04:00,1.4700000286102295,1.7300000190734863,1.4700000286102295,1.7000000476837158,129500,0.0,0.0
2023-04-03 00:00:00-04:00,1.6699999570846558,1.7300000190734863,1.6200000047683716,1.7000000476837158,68200,0.0,0.0
2023-04-04 00:00:00-04:00,1.6799999475479126,1.7599999904632568,1.6200000047683716,1.6699999570846558,57000,0.0,0.0
2023-04-05 00:00:00-04:00,1.690000057220459,1.7000000476837158,1.590000033378601,1.6200000047683716,22100,0.0,0.0
2023-04-06 00:00:00-04:00,1.590000033378601,1.649999976158142,1.559999942779541,1.6299999952316284,91200,0.0,0.0
2023-04-10 00:00:00-04:00,1.590000033378601,1.7000000476837158,1.590000033378601,1.6699999570846558,74700,0.0,0.0
2023-04-11 00:00:00-04:00,1.6699999570846558,1.7000000476837158,1.6399999856948853,1.6699999570846558,31600,0.0,0.0
2023-04-12 00:00:00-04:00,1.6799999475479126,1.7000000476837158,1.5199999809265137,1.5199999809265137,40600,0.0,0.0
2023-04-13 00:00:00-04:00,1.5299999713897705,1.6299999952316284,1.5299999713897705,1.590000033378601,27100,0.0,0.0
2023-04-14 00:00:00-04:00,1.5800000429153442,1.649999976158142,1.5800000429153442,1.590000033378601,29100,0.0,0.0
2023-04-17 00:00:00-04:00,1.600000023841858,1.659999966621399,1.5499999523162842,1.659999966621399,35000,0.0,0.0
2023-04-18 00:00:00-04:00,1.6100000143051147,1.7200000286102295,1.5800000429153442,1.7200000286102295,121900,0.0,0.0
2023-04-19 00:00:00-04:00,1.7300000190734863,1.8600000143051147,1.6799999475479126,1.809999942779541,143600,0.0,0.0
2023-04-20 00:00:00-04:00,1.7699999809265137,1.8300000429153442,1.659999966621399,1.7599999904632568,58700,0.0,0.0
2023-04-21 00:00:00-04:00,1.840000033378601,1.840000033378601,1.649999976158142,1.7000000476837158,47000,0.0,0.0
2023-04-24 00:00:00-04:00,1.6699999570846558,1.7999999523162842,1.649999976158142,1.7000000476837158,67300,0.0,0.0
2023-04-25 00:00:00-04:00,1.6799999475479126,1.7200000286102295,1.5700000524520874,1.5700000524520874,34100,0.0,0.0
2023-04-26 00:00:00-04:00,1.5800000429153442,1.6100000143051147,1.5299999713897705,1.559999942779541,52400,0.0,0.0
2023-04-27 00:00:00-04:00,1.559999942779541,1.7200000286102295,1.559999942779541,1.6799999475479126,20500,0.0,0.0
2023-04-28 00:00:00-04:00,1.7200000286102295,1.7200000286102295,1.6200000047683716,1.659999966621399,44900,0.0,0.0
2023-05-01 00:00:00-04:00,1.659999966621399,1.659999966621399,1.559999942779541,1.5700000524520874,55100,0.0,0.0
2023-05-02 00:00:00-04:00,1.5800000429153442,1.590000033378601,1.399999976158142,1.4800000190734863,74300,0.0,0.0
2023-05-03 00:00:00-04:00,1.5299999713897705,1.5499999523162842,1.4500000476837158,1.5399999618530273,21600,0.0,0.0
2023-05-04 00:00:00-04:00,1.559999942779541,1.5700000524520874,1.4600000381469727,1.4700000286102295,41600,0.0,0.0
2023-05-05 00:00:00-04:00,1.4600000381469727,1.5199999809265137,1.4600000381469727,1.5099999904632568,16400,0.0,0.0
2023-05-08 00:00:00-04:00,1.5099999904632568,1.6200000047683716,1.5099999904632568,1.6100000143051147,34600,0.0,0.0
2023-05-09 00:00:00-04:00,1.590000033378601,1.7100000381469727,1.590000033378601,1.690000057220459,44700,0.0,0.0
2023-05-10 00:00:00-04:00,1.690000057220459,1.7599999904632568,1.6699999570846558,1.75,79500,0.0,0.0
2023-05-11 00:00:00-04:00,1.7400000095367432,1.850000023841858,1.7200000286102295,1.8300000429153442,114500,0.0,0.0
2023-05-12 00:00:00-04:00,1.8899999856948853,1.9500000476837158,1.659999966621399,1.8300000429153442,481700,0.0,0.0
2023-05-15 00:00:00-04:00,1.8300000429153442,1.8700000047683716,1.7200000286102295,1.7599999904632568,145400,0.0,0.0
2023-05-16 00:00:00-04:00,1.7400000095367432,1.809999942779541,1.7200000286102295,1.7799999713897705,29900,0.0,0.0
2023-05-17 00:00:00-04:00,1.7999999523162842,1.9299999475479126,1.7400000095367432,1.8700000047683716,104400,0.0,0.0
2023-05-18 00:00:00-04:00,1.850000023841858,1.8700000047683716,1.7899999618530273,1.8600000143051147,50300,0.0,0.0
2023-05-19 00:00:00-04:00,1.8899999856948853,2.049999952316284,1.809999942779541,2.0399999618530273,163500,0.0,0.0
2023-05-22 00:00:00-04:00,2.0199999809265137,2.180000066757202,1.9800000190734863,2.1600000858306885,152400,0.0,0.0
2023-05-23 00:00:00-04:00,2.1700000762939453,2.180000066757202,1.9600000381469727,2.119999885559082,141700,0.0,0.0
2023-05-24 00:00:00-04:00,2.0999999046325684,2.190000057220459,2.069999933242798,2.1500000953674316,123100,0.0,0.0
2023-05-25 00:00:00-04:00,2.190000057220459,2.190000057220459,2.049999952316284,2.1700000762939453,83000,0.0,0.0
2023-05-26 00:00:00-04:00,2.140000104904175,2.200000047683716,2.059999942779541,2.180000066757202,84500,0.0,0.0
2023-05-30 00:00:00-04:00,2.190000057220459,2.190000057220459,2.0299999713897705,2.0999999046325684,76700,0.0,0.0
2023-05-31 00:00:00-04:00,2.109999895095825,2.109999895095825,1.9299999475479126,1.9500000476837158,109500,0.0,0.0
2023-06-01 00:00:00-04:00,1.9500000476837158,2.180000066757202,1.9500000476837158,2.180000066757202,74100,0.0,0.0
2023-06-02 00:00:00-04:00,2.180000066757202,2.180000066757202,2.0799999237060547,2.140000104904175,58400,0.0,0.0
2023-06-05 00:00:00-04:00,2.140000104904175,2.180000066757202,2.059999942779541,2.180000066757202,98200,0.0,0.0
2023-06-06 00:00:00-04:00,2.2100000381469727,2.2100000381469727,2.130000114440918,2.180000066757202,270100,0.0,0.0
2023-06-07 00:00:00-04:00,2.200000047683716,2.200000047683716,2.1700000762939453,2.200000047683716,160600,0.0,0.0
2023-06-08 00:00:00-04:00,2.2799999713897705,2.4000000953674316,2.259999990463257,2.390000104904175,213300,0.0,0.0
2023-06-09 00:00:00-04:00,2.440000057220459,2.5899999141693115,2.4000000953674316,2.490000009536743,164000,0.0,0.0
2023-06-12 00:00:00-04:00,2.5899999141693115,2.630000114440918,2.5,2.630000114440918,131900,0.0,0.0
2023-06-13 00:00:00-04:00,2.640000104904175,3.180000066757202,2.5299999713897705,2.9000000953674316,338900,0.0,0.0
2023-06-14 00:00:00-04:00,2.950000047683716,3.0999999046325684,2.8499999046325684,2.9800000190734863,259700,0.0,0.0
2023-06-15 00:00:00-04:00,3.009999990463257,3.25,2.9800000190734863,3.2300000190734863,531400,0.0,0.0
2023-06-16 00:00:00-04:00,3.2899999618530273,3.440000057220459,3.049999952316284,3.369999885559082,653400,0.0,0.0
2023-06-20 00:00:00-04:00,3.450000047683716,3.5999999046325684,3.4100000858306885,3.559999942779541,307100,0.0,0.0
2023-06-21 00:00:00-04:00,3.559999942779541,4.199999809265137,3.309999942779541,3.859999895095825,1257100,0.0,0.0
2023-06-22 00:00:00-04:00,3.9800000190734863,4.090000152587891,3.5999999046325684,3.6500000953674316,508700,0.0,0.0
2023-06-23 00:00:00-04:00,3.5999999046325684,4.0,3.5,3.9000000953674316,472500,0.0,0.0
2023-06-26 00:00:00-04:00,3.9200000762939453,3.9700000286102295,3.7699999809265137,3.859999895095825,183800,0.0,0.0
2023-06-27 00:00:00-04:00,3.8499999046325684,3.9800000190734863,3.5399999618530273,3.680000066757202,404200,0.0,0.0
2023-06-28 00:00:00-04:00,3.609999895095825,3.9700000286102295,3.5999999046325684,3.940000057220459,228200,0.0,0.0
2023-06-29 00:00:00-04:00,4.039999961853027,4.099999904632568,3.809999942779541,4.099999904632568,306800,0.0,0.0
2023-06-30 00:00:00-04:00,4.090000152587891,4.409999847412109,4.050000190734863,4.349999904632568,466600,0.0,0.0
2023-07-03 00:00:00-04:00,4.400000095367432,4.800000190734863,4.369999885559082,4.789999961853027,645600,0.0,0.0
2023-07-05 00:00:00-04:00,4.820000171661377,4.849999904632568,4.5,4.820000171661377,574800,0.0,0.0
2023-07-06 00:00:00-04:00,4.730000019073486,4.730000019073486,4.059999942779541,4.170000076293945,560000,0.0,0.0
2023-07-07 00:00:00-04:00,4.170000076293945,5.0,4.059999942779541,4.570000171661377,744000,0.0,0.0
2023-07-10 00:00:00-04:00,4.670000076293945,5.349999904632568,4.539999961853027,5.320000171661377,753300,0.0,0.0
2023-07-11 00:00:00-04:00,5.440000057220459,5.449999809265137,4.829999923706055,5.03000020980835,684800,0.0,0.0
2023-07-12 00:00:00-04:00,5.079999923706055,5.170000076293945,4.650000095367432,4.699999809265137,504800,0.0,0.0
2023-07-13 00:00:00-04:00,4.699999809265137,4.699999809265137,4.210000038146973,4.46999979019165,551500,0.0,0.0
2023-07-14 00:00:00-04:00,4.440000057220459,4.46999979019165,4.03000020980835,4.099999904632568,316900,0.0,0.0
2023-07-17 00:00:00-04:00,4.099999904632568,4.110000133514404,3.6500000953674316,4.039999961853027,947000,0.0,0.0
2023-07-18 00:00:00-04:00,4.050000190734863,4.25,3.880000114440918,3.890000104904175,424700,0.0,0.0
2023-07-19 00:00:00-04:00,3.8299999237060547,3.9000000953674316,3.490000009536743,3.6600000858306885,577300,0.0,0.0
2023-07-20 00:00:00-04:00,3.690000057220459,3.799999952316284,3.309999942779541,3.5299999713897705,1176300,0.0,0.0
2023-07-21 00:00:00-04:00,3.7100000381469727,4.599999904632568,3.690000057220459,4.139999866485596,1356500,0.0,0.0
2023-07-24 00:00:00-04:00,4.110000133514404,4.300000190734863,3.7200000286102295,3.759999990463257,570100,0.0,0.0
2023-07-25 00:00:00-04:00,3.869999885559082,4.039999961853027,3.6600000858306885,3.6700000762939453,463600,0.0,0.0
2023-07-26 00:00:00-04:00,3.630000114440918,3.940000057220459,3.569999933242798,3.890000104904175,299100,0.0,0.0
2023-07-27 00:00:00-04:00,3.940000057220459,4.230000019073486,3.8499999046325684,3.9200000762939453,419400,0.0,0.0
2023-07-28 00:00:00-04:00,4.150000095367432,4.590000152587891,3.9800000190734863,4.559999942779541,608200,0.0,0.0
2023-07-31 00:00:00-04:00,4.610000133514404,4.800000190734863,4.400000095367432,4.739999771118164,417800,0.0,0.0
2023-08-01 00:00:00-04:00,4.710000038146973,4.75,4.260000228881836,4.449999809265137,301200,0.0,0.0
2023-08-02 00:00:00-04:00,4.349999904632568,4.429999828338623,4.130000114440918,4.210000038146973,142800,0.0,0.0
2023-08-03 00:00:00-04:00,4.159999847412109,4.480000019073486,4.159999847412109,4.21999979019165,121800,0.0,0.0
2023-08-04 00:00:00-04:00,4.21999979019165,4.349999904632568,4.170000076293945,4.309999942779541,196700,0.0,0.0
2023-08-07 00:00:00-04:00,4.28000020980835,4.28000020980835,3.8499999046325684,3.9200000762939453,217600,0.0,0.0
2023-08-08 00:00:00-04:00,3.859999895095825,3.9600000381469727,3.7300000190734863,3.75,356200,0.0,0.0
2023-08-09 00:00:00-04:00,3.859999895095825,3.859999895095825,3.450000047683716,3.6600000858306885,336600,0.0,0.0
2023-08-10 00:00:00-04:00,3.950000047683716,4.539999961853027,3.950000047683716,4.380000114440918,999600,0.0,0.0
2023-08-11 00:00:00-04:00,4.340000152587891,4.630000114440918,4.260000228881836,4.380000114440918,397100,0.0,0.0
2023-08-14 00:00:00-04:00,4.400000095367432,4.590000152587891,4.28000020980835,4.349999904632568,306400,0.0,0.0
2023-08-15 00:00:00-04:00,4.300000190734863,4.440000057220459,4.03000020980835,4.360000133514404,372000,0.0,0.0
2023-08-16 00:00:00-04:00,4.369999885559082,4.53000020980835,4.050000190734863,4.079999923706055,411300,0.0,0.0
2023-08-17 00:00:00-04:00,4.099999904632568,4.130000114440918,3.7699999809265137,3.799999952316284,344600,0.0,0.0
2023-08-18 00:00:00-04:00,3.740000009536743,3.819999933242798,3.6500000953674316,3.7699999809265137,312700,0.0,0.0
2023-08-21 00:00:00-04:00,3.8399999141693115,4.010000228881836,3.809999942779541,3.8399999141693115,241600,0.0,0.0
2023-08-22 00:00:00-04:00,3.880000114440918,3.9000000953674316,3.700000047683716,3.8499999046325684,213200,0.0,0.0
2023-08-23 00:00:00-04:00,3.8499999046325684,3.950000047683716,3.75,3.9000000953674316,132500,0.0,0.0
2023-08-24 00:00:00-04:00,3.9000000953674316,3.9100000858306885,3.5199999809265137,3.5799999237060547,244400,0.0,0.0
2023-08-25 00:00:00-04:00,3.6600000858306885,3.700000047683716,3.5199999809265137,3.5899999141693115,192700,0.0,0.0
2023-08-28 00:00:00-04:00,3.619999885559082,3.7200000286102295,3.4600000381469727,3.490000009536743,222900,0.0,0.0
2023-08-29 00:00:00-04:00,3.5299999713897705,3.690000057220459,3.5299999713897705,3.680000066757202,287300,0.0,0.0
2023-08-30 00:00:00-04:00,3.759999990463257,3.940000057220459,3.7200000286102295,3.869999885559082,283400,0.0,0.0
2023-08-31 00:00:00-04:00,3.990000009536743,3.990000009536743,3.7699999809265137,3.859999895095825,336500,0.0,0.0
2023-09-01 00:00:00-04:00,4.039999961853027,4.309999942779541,3.9700000286102295,4.25,1045600,0.0,0.0
2023-09-05 00:00:00-04:00,4.260000228881836,4.869999885559082,4.159999847412109,4.650000095367432,692300,0.0,0.0
2023-09-06 00:00:00-04:00,4.650000095367432,4.670000076293945,4.269999980926514,4.389999866485596,409400,0.0,0.0
2023-09-07 00:00:00-04:00,4.320000171661377,4.860000133514404,4.28000020980835,4.710000038146973,483200,0.0,0.0
2023-09-08 00:00:00-04:00,4.730000019073486,4.78000020980835,4.300000190734863,4.369999885559082,230500,0.0,0.0
2023-09-11 00:00:00-04:00,4.380000114440918,4.75,4.380000114440918,4.690000057220459,260700,0.0,0.0
2023-09-12 00:00:00-04:00,4.639999866485596,5.039999961853027,4.639999866485596,4.71999979019165,555000,0.0,0.0
2023-09-13 00:00:00-04:00,4.650000095367432,4.960000038146973,4.519999980926514,4.699999809265137,310500,0.0,0.0
2023-09-14 00:00:00-04:00,4.730000019073486,4.920000076293945,4.579999923706055,4.860000133514404,341900,0.0,0.0
2023-09-15 00:00:00-04:00,4.829999923706055,5.019999980926514,4.590000152587891,4.849999904632568,438600,0.0,0.0
2023-09-18 00:00:00-04:00,4.829999923706055,4.829999923706055,4.409999847412109,4.519999980926514,385400,0.0,0.0
2023-09-19 00:00:00-04:00,4.5,4.650000095367432,4.210000038146973,4.409999847412109,432000,0.0,0.0
2023-09-20 00:00:00-04:00,4.420000076293945,4.480000019073486,4.28000020980835,4.309999942779541,295300,0.0,0.0
2023-09-21 00:00:00-04:00,4.260000228881836,4.519999980926514,4.25,4.300000190734863,434700,0.0,0.0
2023-09-22 00:00:00-04:00,4.309999942779541,4.409999847412109,4.050000190734863,4.300000190734863,543700,0.0,0.0
2023-09-25 00:00:00-04:00,4.260000228881836,4.940000057220459,4.260000228881836,4.829999923706055,729500,0.0,0.0
2023-09-26 00:00:00-04:00,4.75,5.659999847412109,4.75,5.429999828338623,1390400,0.0,0.0
2023-09-27 00:00:00-04:00,5.440000057220459,5.619999885559082,5.03000020980835,5.5,666800,0.0,0.0
2023-09-28 00:00:00-04:00,5.5,5.920000076293945,5.340000152587891,5.889999866485596,817600,0.0,0.0
2023-09-29 00:00:00-04:00,5.960000038146973,6.260000228881836,5.75,6.25,1205900,0.0,0.0
2023-10-02 00:00:00-04:00,6.25,6.5,6.010000228881836,6.260000228881836,1180500,0.0,0.0
2023-10-03 00:00:00-04:00,6.25,6.860000133514404,5.659999847412109,5.960000038146973,1027300,0.0,0.0
2023-10-04 00:00:00-04:00,6.019999980926514,6.179999828338623,5.769999980926514,6.059999942779541,499300,0.0,0.0
2023-10-05 00:00:00-04:00,6.090000152587891,6.539999961853027,6.03000020980835,6.449999809265137,544200,0.0,0.0
2023-10-06 00:00:00-04:00,6.380000114440918,6.630000114440918,6.25,6.5,369300,0.0,0.0
2023-10-09 00:00:00-04:00,6.409999847412109,6.730000019073486,6.159999847412109,6.619999885559082,484600,0.0,0.0
2023-10-10 00:00:00-04:00,6.570000171661377,6.730000019073486,6.309999942779541,6.349999904632568,385900,0.0,0.0
2023-10-11 00:00:00-04:00,6.349999904632568,6.75,6.300000190734863,6.489999771118164,431700,0.0,0.0
2023-10-12 00:00:00-04:00,6.550000190734863,6.96999979019165,6.409999847412109,6.75,1028500,0.0,0.0
2023-10-13 00:00:00-04:00,6.840000152587891,7.400000095367432,6.550000190734863,6.699999809265137,1211700,0.0,0.0
2023-10-16 00:00:00-04:00,6.849999904632568,7.050000190734863,6.340000152587891,6.78000020980835,660300,0.0,0.0
2023-10-17 00:00:00-04:00,6.730000019073486,7.079999923706055,6.619999885559082,6.769999980926514,546900,0.0,0.0
2023-10-18 00:00:00-04:00,6.659999847412109,6.809999942779541,6.230000019073486,6.28000020980835,956900,0.0,0.0
2023-10-19 00:00:00-04:00,6.260000228881836,6.360000133514404,6.119999885559082,6.300000190734863,475100,0.0,0.0
2023-10-20 00:00:00-04:00,6.300000190734863,6.510000228881836,6.230000019073486,6.409999847412109,560100,0.0,0.0
2023-10-23 00:00:00-04:00,6.309999942779541,6.840000152587891,5.96999979019165,6.670000076293945,798500,0.0,0.0
2023-10-24 00:00:00-04:00,7.070000171661377,7.230000019073486,6.639999866485596,6.869999885559082,676300,0.0,0.0
2023-10-25 00:00:00-04:00,6.820000171661377,6.980000019073486,6.5,6.579999923706055,604400,0.0,0.0
2023-10-26 00:00:00-04:00,6.510000228881836,6.679999828338623,6.019999980926514,6.400000095367432,582600,0.0,0.0
2023-10-27 00:00:00-04:00,6.429999828338623,6.610000133514404,6.28000020980835,6.320000171661377,342900,0.0,0.0
2023-10-30 00:00:00-04:00,6.340000152587891,6.489999771118164,6.070000171661377,6.190000057220459,669900,0.0,0.0
2023-10-31 00:00:00-04:00,6.159999847412109,6.360000133514404,6.03000020980835,6.260000228881836,176500,0.0,0.0
2023-11-01 00:00:00-04:00,6.260000228881836,6.400000095367432,6.199999809265137,6.380000114440918,168700,0.0,0.0
2023-11-02 00:00:00-04:00,6.449999809265137,7.170000076293945,6.440000057220459,6.840000152587891,710600,0.0,0.0
2023-11-03 00:00:00-04:00,6.920000076293945,7.25,6.920000076293945,7.110000133514404,501500,0.0,0.0
2023-11-06 00:00:00-05:00,7.150000095367432,7.369999885559082,6.889999866485596,7.309999942779541,470600,0.0,0.0
2023-11-07 00:00:00-05:00,7.28000020980835,7.769999980926514,7.119999885559082,7.199999809265137,714500,0.0,0.0
2023-11-08 00:00:00-05:00,7.239999771118164,7.539999961853027,7.050000190734863,7.159999847412109,677600,0.0,0.0
2023-11-09 00:00:00-05:00,7.389999866485596,7.449999809265137,6.199999809265137,6.809999942779541,1519500,0.0,0.0
2023-11-10 00:00:00-05:00,6.789999961853027,6.940000057220459,6.670000076293945,6.880000114440918,473300,0.0,0.0
2023-11-13 00:00:00-05:00,6.880000114440918,7.110000133514404,6.610000133514404,7.099999904632568,418200,0.0,0.0
2023-11-14 00:00:00-05:00,7.28000020980835,7.650000095367432,7.150000095367432,7.21999979019165,594900,0.0,0.0
2023-11-15 00:00:00-05:00,7.239999771118164,7.630000114440918,7.190000057220459,7.53000020980835,528200,0.0,0.0
2023-11-16 00:00:00-05:00,7.510000228881836,7.699999809265137,7.309999942779541,7.400000095367432,465500,0.0,0.0
2023-11-17 00:00:00-05:00,7.400000095367432,7.539999961853027,7.199999809265137,7.199999809265137,1538300,0.0,0.0
2023-11-20 00:00:00-05:00,7.170000076293945,7.289999961853027,6.929999828338623,7.099999904632568,527100,0.0,0.0
2023-11-21 00:00:00-05:00,7.059999942779541,7.190000057220459,6.829999923706055,7.0,448000,0.0,0.0
2023-11-22 00:00:00-05:00,7.079999923706055,7.079999923706055,6.849999904632568,6.889999866485596,263700,0.0,0.0
2023-11-24 00:00:00-05:00,6.829999923706055,6.960000038146973,6.690000057220459,6.71999979019165,211400,0.0,0.0
2023-11-27 00:00:00-05:00,6.699999809265137,6.989999771118164,6.639999866485596,6.929999828338623,387700,0.0,0.0
2023-11-28 00:00:00-05:00,6.929999828338623,7.059999942779541,6.820000171661377,6.869999885559082,317800,0.0,0.0
2023-11-29 00:00:00-05:00,6.920000076293945,7.590000152587891,6.920000076293945,7.190000057220459,680600,0.0,0.0
2023-11-30 00:00:00-05:00,7.400000095367432,7.949999809265137,7.400000095367432,7.699999809265137,1611200,0.0,0.0
2023-12-01 00:00:00-05:00,7.690000057220459,8.180000305175781,7.590000152587891,7.760000228881836,820900,0.0,0.0
2023-12-04 00:00:00-05:00,7.75,8.220000267028809,7.75,8.170000076293945,682400,0.0,0.0
2023-12-05 00:00:00-05:00,8.210000038146973,8.34000015258789,7.920000076293945,8.0600004196167,514100,0.0,0.0
2023-12-06 00:00:00-05:00,8.0600004196167,8.199999809265137,7.900000095367432,7.96999979019165,557800,0.0,0.0
2023-12-07 00:00:00-05:00,7.96999979019165,8.390000343322754,7.829999923706055,8.279999732971191,446900,0.0,0.0
2023-12-08 00:00:00-05:00,8.279999732971191,8.5,8.180000305175781,8.390000343322754,357800,0.0,0.0
2023-12-11 00:00:00-05:00,8.380000114440918,8.40999984741211,7.889999866485596,7.960000038146973,479500,0.0,0.0
2023-12-12 00:00:00-05:00,7.880000114440918,8.170000076293945,7.590000152587891,8.100000381469727,514000,0.0,0.0
2023-12-13 00:00:00-05:00,9.050000190734863,9.109999656677246,7.210000038146973,7.579999923706055,2566200,0.0,0.0
2023-12-14 00:00:00-05:00,7.800000190734863,8.149999618530273,7.369999885559082,8.039999961853027,880400,0.0,0.0
2023-12-15 00:00:00-05:00,8.079999923706055,8.079999923706055,7.510000228881836,7.820000171661377,736400,0.0,0.0
2023-12-18 00:00:00-05:00,7.849999904632568,7.980000019073486,7.650000095367432,7.739999771118164,408000,0.0,0.0
2023-12-19 00:00:00-05:00,7.809999942779541,7.980000019073486,7.650000095367432,7.900000095367432,564200,0.0,0.0
2023-12-20 00:00:00-05:00,7.840000152587891,8.34000015258789,7.820000171661377,8.0,1017900,0.0,0.0
2023-12-21 00:00:00-05:00,8.09000015258789,8.350000381469727,7.949999809265137,8.329999923706055,916900,0.0,0.0
2023-12-22 00:00:00-05:00,8.5,8.930000305175781,8.380000114440918,8.579999923706055,934200,0.0,0.0
2023-12-26 00:00:00-05:00,8.579999923706055,8.779999732971191,8.180000305175781,8.520000457763672,609500,0.0,0.0
2023-12-27 00:00:00-05:00,8.65999984741211,8.890000343322754,8.489999771118164,8.5600004196167,880100,0.0,0.0
2023-12-28 00:00:00-05:00,8.529999732971191,8.739999771118164,8.3100004196167,8.329999923706055,673000,0.0,0.0
2023-12-29 00:00:00-05:00,8.329999923706055,8.529999732971191,8.130000114440918,8.289999961853027,1508200,0.0,0.0
2024-01-02 00:00:00-05:00,8.130000114440918,8.460000038146973,8.09000015258789,8.430000305175781,851400,0.0,0.0
2024-01-03 00:00:00-05:00,8.390000343322754,8.430000305175781,7.679999828338623,7.769999980926514,846500,0.0,0.0
2024-01-04 00:00:00-05:00,6.960000038146973,6.96999979019165,5.0,5.28000020980835,7259000,0.0,0.0
2024-01-05 00:00:00-05:00,5.550000190734863,5.849999904632568,5.260000228881836,5.449999809265137,3418100,0.0,0.0
2024-01-08 00:00:00-05:00,6.099999904632568,6.099999904632568,5.679999828338623,5.829999923706055,2452600,0.0,0.0
2024-01-09 00:00:00-05:00,5.690000057220459,6.010000228881836,5.550000190734863,5.920000076293945,899500,0.0,0.0
2024-01-10 00:00:00-05:00,5.929999828338623,5.980000019073486,5.610000133514404,5.670000076293945,1529000,0.0,0.0
2024-01-11 00:00:00-05:00,5.849999904632568,6.130000114440918,5.619999885559082,6.039999961853027,1111100,0.0,0.0
2024-01-12 00:00:00-05:00,6.099999904632568,6.480000019073486,6.0,6.159999847412109,898800,0.0,0.0
2024-01-16 00:00:00-05:00,6.150000095367432,6.349999904632568,5.840000152587891,5.900000095367432,1029700,0.0,0.0
2024-01-17 00:00:00-05:00,5.730000019073486,6.03000020980835,5.690000057220459,5.940000057220459,598400,0.0,0.0
2024-01-18 00:00:00-05:00,5.96999979019165,6.079999923706055,5.840000152587891,6.0,563800,0.0,0.0
2024-01-19 00:00:00-05:00,5.980000019073486,6.090000152587891,5.820000171661377,6.019999980926514,596700,0.0,0.0
2024-01-22 00:00:00-05:00,6.050000190734863,6.150000095367432,5.900000095367432,6.079999923706055,682600,0.0,0.0
2024-01-23 00:00:00-05:00,5.960000038146973,6.190000057220459,5.960000038146973,6.159999847412109,731900,0.0,0.0
2024-01-24 00:00:00-05:00,6.210000038146973,6.300000190734863,6.050000190734863,6.079999923706055,484900,0.0,0.0
2024-01-25 00:00:00-05:00,6.059999942779541,6.239999771118164,5.789999961853027,5.940000057220459,674500,0.0,0.0
2024-01-26 00:00:00-05:00,5.940000057220459,6.03000020980835,5.860000133514404,5.869999885559082,314900,0.0,0.0
2024-01-29 00:00:00-05:00,5.769999980926514,5.920000076293945,5.579999923706055,5.869999885559082,917900,0.0,0.0
2024-01-30 00:00:00-05:00,5.829999923706055,5.889999866485596,5.460000038146973,5.559999942779541,750100,0.0,0.0
2024-01-31 00:00:00-05:00,5.510000228881836,5.840000152587891,5.5,5.590000152587891,629700,0.0,0.0
2024-02-01 00:00:00-05:00,5.619999885559082,5.829999923706055,5.599999904632568,5.800000190734863,387400,0.0,0.0
2024-02-02 00:00:00-05:00,5.769999980926514,5.829999923706055,5.53000020980835,5.690000057220459,499400,0.0,0.0
2024-02-05 00:00:00-05:00,5.619999885559082,5.670000076293945,5.510000228881836,5.639999866485596,367700,0.0,0.0
2024-02-06 00:00:00-05:00,5.650000095367432,6.0,5.650000095367432,5.980000019073486,437000,0.0,0.0
2024-02-07 00:00:00-05:00,6.010000228881836,6.010000228881836,5.690000057220459,5.710000038146973,451700,0.0,0.0
2024-02-08 00:00:00-05:00,5.710000038146973,5.860000133514404,5.670000076293945,5.789999961853027,279700,0.0,0.0
2024-02-09 00:00:00-05:00,5.820000171661377,6.019999980926514,5.75,5.929999828338623,300400,0.0,0.0
2024-02-12 00:00:00-05:00,5.929999828338623,6.230000019073486,5.929999828338623,6.119999885559082,363900,0.0,0.0
2024-02-13 00:00:00-05:00,5.880000114440918,6.230000019073486,5.679999828338623,6.0,365700,0.0,0.0
2024-02-14 00:00:00-05:00,6.039999961853027,6.829999923706055,6.039999961853027,6.670000076293945,529200,0.0,0.0
2024-02-15 00:00:00-05:00,6.71999979019165,7.0,6.619999885559082,7.0,393700,0.0,0.0
2024-02-16 00:00:00-05:00,6.940000057220459,7.199999809265137,6.869999885559082,7.090000152587891,362200,0.0,0.0
2024-02-20 00:00:00-05:00,7.0,7.28000020980835,6.940000057220459,7.190000057220459,276600,0.0,0.0
2024-02-21 00:00:00-05:00,7.099999904632568,7.199999809265137,6.869999885559082,7.119999885559082,289100,0.0,0.0
2024-02-22 00:00:00-05:00,7.170000076293945,7.349999904632568,6.639999866485596,6.699999809265137,473400,0.0,0.0
2024-02-23 00:00:00-05:00,6.710000038146973,7.389999866485596,6.619999885559082,7.349999904632568,531100,0.0,0.0
2024-02-26 00:00:00-05:00,7.340000152587891,7.869999885559082,7.28000020980835,7.769999980926514,406700,0.0,0.0
2024-02-27 00:00:00-05:00,7.860000133514404,8.4399995803833,7.860000133514404,8.270000457763672,746300,0.0,0.0
2024-02-28 00:00:00-05:00,8.25,8.380000114440918,7.929999828338623,8.0,598300,0.0,0.0
2024-02-29 00:00:00-05:00,8.0,8.140000343322754,7.760000228881836,7.960000038146973,378000,0.0,0.0
2024-03-01 00:00:00-05:00,7.989999771118164,8.119999885559082,7.869999885559082,8.0,378400,0.0,0.0
2024-03-04 00:00:00-05:00,8.0,8.050000190734863,7.53000020980835,7.539999961853027,388400,0.0,0.0
2024-03-05 00:00:00-05:00,7.46999979019165,7.630000114440918,7.090000152587891,7.559999942779541,553800,0.0,0.0
2024-03-06 00:00:00-05:00,7.619999885559082,8.0,7.619999885559082,7.78000020980835,738200,0.0,0.0
2024-03-07 00:00:00-05:00,7.789999961853027,7.989999771118164,7.579999923706055,7.900000095367432,559600,0.0,0.0
2024-03-08 00:00:00-05:00,7.920000076293945,8.34000015258789,7.900000095367432,8.0,542300,0.0,0.0
2024-03-11 00:00:00-04:00,8.09000015258789,8.119999885559082,7.800000190734863,7.949999809265137,1123800,0.0,0.0
2024-03-12 00:00:00-04:00,8.25,8.75,7.400000095367432,8.380000114440918,2455000,0.0,0.0
2024-03-13 00:00:00-04:00,8.420000076293945,9.020000457763672,8.350000381469727,8.899999618530273,1265400,0.0,0.0
2024-03-14 00:00:00-04:00,9.039999961853027,10.180000305175781,9.0,9.770000457763672,2115000,0.0,0.0
2024-03-15 00:00:00-04:00,9.8100004196167,10.279999732971191,9.619999885559082,10.079999923706055,1135100,0.0,0.0
2024-03-18 00:00:00-04:00,10.140000343322754,11.0600004196167,10.020000457763672,10.84000015258789,1475300,0.0,0.0
2024-03-19 00:00:00-04:00,10.770000457763672,10.989999771118164,10.109999656677246,10.869999885559082,1103400,0.0,0.0
2024-03-20 00:00:00-04:00,10.880000114440918,11.569999694824219,10.600000381469727,11.529999732971191,824700,0.0,0.0
2024-03-21 00:00:00-04:00,11.630000114440918,12.010000228881836,11.130000114440918,11.239999771118164,1072900,0.0,0.0
2024-03-22 00:00:00-04:00,11.229999542236328,11.510000228881836,10.920000076293945,11.140000343322754,667200,0.0,0.0
2024-03-25 00:00:00-04:00,11.260000228881836,11.319999694824219,10.550000190734863,10.600000381469727,637400,0.0,0.0
2024-03-26 00:00:00-04:00,10.600000381469727,11.170000076293945,10.510000228881836,11.0600004196167,732400,0.0,0.0
2024-03-27 00:00:00-04:00,11.109999656677246,11.109999656677246,10.130000114440918,10.180000305175781,674800,0.0,0.0
2024-03-28 00:00:00-04:00,10.199999809265137,10.520000457763672,10.130000114440918,10.279999732971191,783900,0.0,0.0
2024-04-01 00:00:00-04:00,10.300000190734863,10.619999885559082,9.979999542236328,10.199999809265137,537000,0.0,0.0
2024-04-02 00:00:00-04:00,10.079999923706055,10.130000114440918,9.729999542236328,9.899999618530273,480800,0.0,0.0
2024-04-03 00:00:00-04:00,9.859999656677246,10.239999771118164,9.84000015258789,10.130000114440918,409500,0.0,0.0
2024-04-04 00:00:00-04:00,10.170000076293945,10.850000381469727,9.640000343322754,9.670000076293945,817700,0.0,0.0
2024-04-05 00:00:00-04:00,9.770000457763672,9.960000038146973,9.380000114440918,9.579999923706055,441600,0.0,0.0
2024-04-08 00:00:00-04:00,9.65999984741211,10.149999618530273,9.600000381469727,10.0,400800,0.0,0.0
2024-04-09 00:00:00-04:00,10.029999732971191,10.300000190734863,9.930000305175781,10.270000457763672,541300,0.0,0.0
2024-04-10 00:00:00-04:00,10.039999961853027,10.220000267028809,9.680000305175781,9.859999656677246,302200,0.0,0.0
2024-04-11 00:00:00-04:00,9.829999923706055,10.289999961853027,9.600000381469727,10.220000267028809,324600,0.0,0.0
2024-04-12 00:00:00-04:00,10.140000343322754,10.25,9.220000267028809,9.65999984741211,762100,0.0,0.0
2024-04-15 00:00:00-04:00,9.649999618530273,10.050000190734863,9.479999542236328,9.609999656677246,447800,0.0,0.0
2024-04-16 00:00:00-04:00,9.579999923706055,10.0,9.449999809265137,9.920000076293945,426800,0.0,0.0
2024-04-17 00:00:00-04:00,9.960000038146973,10.100000381469727,9.850000381469727,9.869999885559082,488700,0.0,0.0
2024-04-18 00:00:00-04:00,9.850000381469727,10.5,9.649999618530273,10.210000038146973,857000,0.0,0.0
2024-04-19 00:00:00-04:00,10.100000381469727,10.25,9.5600004196167,9.699999809265137,493300,0.0,0.0
2024-04-22 00:00:00-04:00,9.6899995803833,10.050000190734863,9.6899995803833,10.0,440100,0.0,0.0
2024-04-23 00:00:00-04:00,10.199999809265137,11.069999694824219,10.15999984741211,10.890000343322754,1113100,0.0,0.0
2024-04-24 00:00:00-04:00,11.020000457763672,11.229999542236328,10.800000190734863,11.15999984741211,695100,0.0,0.0
2024-04-25 00:00:00-04:00,10.949999809265137,11.050000190734863,10.510000228881836,10.819999694824219,397900,0.0,0.0
2024-04-26 00:00:00-04:00,10.869999885559082,12.050000190734863,10.869999885559082,11.949999809265137,754400,0.0,0.0
2024-04-29 00:00:00-04:00,12.069999694824219,12.100000381469727,11.510000228881836,11.869999885559082,648400,0.0,0.0
2024-04-30 00:00:00-04:00,11.800000190734863,12.430000305175781,11.649999618530273,11.930000305175781,679700,0.0,0.0
2024-05-01 00:00:00-04:00,11.880000114440918,12.0,11.15999984741211,11.640000343322754,529700,0.0,0.0
2024-05-02 00:00:00-04:00,11.869999885559082,12.5,11.640000343322754,12.489999771118164,602700,0.0,0.0
2024-05-03 00:00:00-04:00,12.520000457763672,12.800000190734863,12.25,12.510000228881836,870300,0.0,0.0
2024-05-06 00:00:00-04:00,12.520000457763672,12.729999542236328,12.109999656677246,12.4399995803833,583900,0.0,0.0
2024-05-07 00:00:00-04:00,12.510000228881836,12.880000114440918,12.289999961853027,12.380000114440918,849500,0.0,0.0
2024-05-08 00:00:00-04:00,12.239999771118164,12.640000343322754,11.819999694824219,12.329999923706055,1222100,0.0,0.0
2024-05-09 00:00:00-04:00,10.699999809265137,10.699999809265137,9.279999732971191,9.300000190734863,3498100,0.0,0.0
2024-05-10 00:00:00-04:00,9.449999809265137,9.829999923706055,8.970000267028809,9.319999694824219,1406400,0.0,0.0
2024-05-13 00:00:00-04:00,9.25,9.869999885559082,9.239999771118164,9.529999732971191,589600,0.0,0.0
2024-05-14 00:00:00-04:00,9.529999732971191,9.800000190734863,9.0600004196167,9.079999923706055,537700,0.0,0.0
2024-05-15 00:00:00-04:00,9.119999885559082,9.399999618530273,8.1899995803833,8.3100004196167,1587400,0.0,0.0
2024-05-16 00:00:00-04:00,8.329999923706055,8.390000343322754,7.659999847412109,7.71999979019165,1685900,0.0,0.0
2024-05-17 00:00:00-04:00,7.769999980926514,8.039999961853027,7.730000019073486,7.769999980926514,826700,0.0,0.0
2024-05-20 00:00:00-04:00,7.860000133514404,7.96999979019165,7.53000020980835,7.900000095367432,944700,0.0,0.0
2024-05-21 00:00:00-04:00,7.860000133514404,8.039999961853027,7.710000038146973,7.710000038146973,557500,0.0,0.0
2024-05-22 00:00:00-04:00,7.699999809265137,7.829999923706055,7.590000152587891,7.789999961853027,751400,0.0,0.0
2024-05-23 00:00:00-04:00,7.829999923706055,7.880000114440918,7.610000133514404,7.619999885559082,637800,0.0,0.0
2024-05-24 00:00:00-04:00,7.769999980926514,8.079999923706055,7.610000133514404,7.840000152587891,657500,0.0,0.0
2024-05-28 00:00:00-04:00,7.949999809265137,8.0,7.710000038146973,7.769999980926514,547000,0.0,0.0
2024-05-29 00:00:00-04:00,7.699999809265137,7.989999771118164,7.699999809265137,7.909999847412109,357800,0.0,0.0
2024-05-30 00:00:00-04:00,7.900000095367432,8.729999542236328,7.849999904632568,8.5,997200,0.0,0.0
2024-05-31 00:00:00-04:00,8.600000381469727,8.920000076293945,8.220000267028809,8.25,764600,0.0,0.0
2024-06-03 00:00:00-04:00,8.279999732971191,8.350000381469727,7.489999771118164,7.53000020980835,851100,0.0,0.0
2024-06-04 00:00:00-04:00,7.420000076293945,7.570000171661377,6.949999809265137,7.53000020980835,1152900,0.0,0.0
2024-06-05 00:00:00-04:00,7.960000038146973,8.239999771118164,7.639999866485596,8.220000267028809,630900,0.0,0.0
2024-06-06 00:00:00-04:00,8.210000038146973,8.470000267028809,7.789999961853027,7.949999809265137,452900,0.0,0.0
2024-06-07 00:00:00-04:00,7.869999885559082,8.279999732971191,7.5,7.539999961853027,833900,0.0,0.0
2024-06-10 00:00:00-04:00,7.5,8.0600004196167,7.360000133514404,7.559999942779541,853300,0.0,0.0
2024-06-11 00:00:00-04:00,7.489999771118164,7.929999828338623,7.289999961853027,7.849999904632568,567400,0.0,0.0
2024-06-12 00:00:00-04:00,7.960000038146973,8.199999809265137,7.730000019073486,7.949999809265137,682100,0.0,0.0
2024-06-13 00:00:00-04:00,8.020000457763672,8.420000076293945,7.880000114440918,8.119999885559082,843800,0.0,0.0
2024-06-14 00:00:00-04:00,8.0,8.15999984741211,7.889999866485596,7.920000076293945,485400,0.0,0.0
2024-06-17 00:00:00-04:00,8.039999961853027,8.8100004196167,8.0,8.399999618530273,1093300,0.0,0.0
2024-06-18 00:00:00-04:00,8.359999656677246,8.680000305175781,7.860000133514404,7.869999885559082,692100,0.0,0.0
2024-06-20 00:00:00-04:00,7.909999847412109,7.940000057220459,7.159999847412109,7.210000038146973,1081500,0.0,0.0
2024-06-21 00:00:00-04:00,7.199999809265137,7.230000019073486,6.769999980926514,6.960000038146973,1686400,0.0,0.0
2024-06-24 00:00:00-04:00,6.949999809265137,7.019999980926514,6.760000228881836,6.929999828338623,712400,0.0,0.0
2024-06-25 00:00:00-04:00,6.920000076293945,7.110000133514404,6.690000057220459,6.789999961853027,931300,0.0,0.0
2024-06-26 00:00:00-04:00,6.789999961853027,6.96999979019165,6.420000076293945,6.940000057220459,1255700,0.0,0.0
2024-06-27 00:00:00-04:00,6.710000038146973,7.050000190734863,6.639999866485596,6.71999979019165,836000,0.0,0.0
2024-06-28 00:00:00-04:00,6.739999771118164,6.96999979019165,6.650000095367432,6.860000133514404,6436700,0.0,0.0
2024-07-01 00:00:00-04:00,6.880000114440918,6.989999771118164,6.519999980926514,6.800000190734863,731200,0.0,0.0
2024-07-02 00:00:00-04:00,6.78000020980835,6.929999828338623,6.590000152587891,6.619999885559082,460800,0.0,0.0
2024-07-03 00:00:00-04:00,6.650000095367432,6.829999923706055,6.590000152587891,6.809999942779541,306600,0.0,0.0
2024-07-05 00:00:00-04:00,6.760000228881836,6.760000228881836,6.46999979019165,6.570000171661377,480600,0.0,0.0
2024-07-08 00:00:00-04:00,6.519999980926514,6.889999866485596,6.519999980926514,6.610000133514404,462300,0.0,0.0
2024-07-09 00:00:00-04:00,6.619999885559082,6.630000114440918,5.829999923706055,6.019999980926514,1542900,0.0,0.0
2024-07-10 00:00:00-04:00,6.150000095367432,6.190000057220459,5.670000076293945,5.820000171661377,841000,0.0,0.0
2024-07-11 00:00:00-04:00,5.860000133514404,6.300000190734863,5.829999923706055,6.260000228881836,873200,0.0,0.0
2024-07-12 00:00:00-04:00,6.380000114440918,6.429999828338623,6.079999923706055,6.170000076293945,877600,0.0,0.0
2024-07-15 00:00:00-04:00,6.239999771118164,6.789999961853027,6.119999885559082,6.690000057220459,690100,0.0,0.0
2024-07-16 00:00:00-04:00,6.820000171661377,7.059999942779541,6.739999771118164,6.980000019073486,730400,0.0,0.0
2024-07-17 00:00:00-04:00,6.75,7.019999980926514,6.599999904632568,6.75,728900,0.0,0.0
2024-07-18 00:00:00-04:00,6.71999979019165,6.849999904632568,6.53000020980835,6.550000190734863,343500,0.0,0.0
2024-07-19 00:00:00-04:00,6.579999923706055,6.869999885559082,6.539999961853027,6.550000190734863,421000,0.0,0.0
2024-07-22 00:00:00-04:00,6.570000171661377,6.989999771118164,6.480000019073486,6.949999809265137,509200,0.0,0.0
2024-07-23 00:00:00-04:00,6.769999980926514,7.150000095367432,6.769999980926514,7.0,663400,0.0,0.0
2024-07-24 00:00:00-04:00,6.920000076293945,7.070000171661377,6.730000019073486,6.769999980926514,464700,0.0,0.0
2024-07-25 00:00:00-04:00,6.71999979019165,7.139999866485596,6.71999979019165,6.960000038146973,358000,0.0,0.0
2024-07-26 00:00:00-04:00,6.980000019073486,7.139999866485596,6.900000095367432,7.03000020980835,506600,0.0,0.0
2024-07-29 00:00:00-04:00,7.199999809265137,7.199999809265137,6.71999979019165,6.739999771118164,340300,0.0,0.0
2024-07-30 00:00:00-04:00,6.789999961853027,6.880000114440918,6.630000114440918,6.860000133514404,305100,0.0,0.0
2024-07-31 00:00:00-04:00,6.940000057220459,7.429999828338623,6.880000114440918,7.130000114440918,716600,0.0,0.0
2024-08-01 00:00:00-04:00,7.119999885559082,7.289999961853027,6.400000095367432,6.690000057220459,698200,0.0,0.0
2024-08-02 00:00:00-04:00,6.300000190734863,6.630000114440918,6.260000228881836,6.590000152587891,515600,0.0,0.0
2024-08-05 00:00:00-04:00,5.659999847412109,6.139999866485596,5.659999847412109,5.980000019073486,628800,0.0,0.0
2024-08-06 00:00:00-04:00,6.119999885559082,6.119999885559082,5.78000020980835,5.789999961853027,476100,0.0,0.0
2024-08-07 00:00:00-04:00,5.840000152587891,5.900000095367432,5.309999942779541,5.369999885559082,1026800,0.0,0.0
2024-08-08 00:00:00-04:00,5.230000019073486,5.5,4.710000038146973,5.21999979019165,1304200,0.0,0.0
2024-08-09 00:00:00-04:00,5.239999771118164,5.599999904632568,5.239999771118164,5.429999828338623,536700,0.0,0.0
2024-08-12 00:00:00-04:00,5.440000057220459,5.510000228881836,5.210000038146973,5.460000038146973,472200,0.0,0.0
2024-08-13 00:00:00-04:00,5.550000190734863,5.690000057220459,5.329999923706055,5.510000228881836,554900,0.0,0.0
2024-08-14 00:00:00-04:00,5.550000190734863,5.670000076293945,5.199999809265137,5.199999809265137,458600,0.0,0.0
2024-08-15 00:00:00-04:00,5.349999904632568,5.420000076293945,5.050000190734863,5.070000171661377,424500,0.0,0.0
2024-08-16 00:00:00-04:00,5.130000114440918,5.230000019073486,5.0,5.210000038146973,371500,0.0,0.0
2024-08-19 00:00:00-04:00,5.210000038146973,5.420000076293945,5.050000190734863,5.320000171661377,577700,0.0,0.0
2024-08-20 00:00:00-04:00,5.300000190734863,5.320000171661377,5.099999904632568,5.199999809265137,415500,0.0,0.0
2024-08-21 00:00:00-04:00,5.21999979019165,5.329999923706055,5.130000114440918,5.300000190734863,375700,0.0,0.0
2024-08-22 00:00:00-04:00,5.309999942779541,5.340000152587891,5.039999961853027,5.059999942779541,305300,0.0,0.0
2024-08-23 00:00:00-04:00,5.260000228881836,5.559999942779541,5.190000057220459,5.449999809265137,536200,0.0,0.0
2024-08-26 00:00:00-04:00,5.440000057220459,5.46999979019165,5.300000190734863,5.440000057220459,322900,0.0,0.0
2024-08-27 00:00:00-04:00,5.199999809265137,5.289999961853027,4.889999866485596,4.909999847412109,738800,0.0,0.0
2024-08-28 00:00:00-04:00,5.090000152587891,5.150000095367432,4.829999923706055,5.139999866485596,459900,0.0,0.0
2024-08-29 00:00:00-04:00,5.159999847412109,5.289999961853027,5.039999961853027,5.130000114440918,388000,0.0,0.0
2024-08-30 00:00:00-04:00,5.150000095367432,5.28000020980835,5.090000152587891,5.210000038146973,309300,0.0,0.0
2024-09-03 00:00:00-04:00,5.360000133514404,5.389999866485596,4.960000038146973,5.039999961853027,483000,0.0,0.0
2024-09-04 00:00:00-04:00,5.0,5.239999771118164,4.900000095367432,4.989999771118164,331900,0.0,0.0
2024-09-05 00:00:00-04:00,4.989999771118164,5.050000190734863,4.889999866485596,4.940000057220459,362600,0.0,0.0
2024-09-06 00:00:00-04:00,4.940000057220459,5.010000228881836,4.730000019073486,4.789999961853027,327200,0.0,0.0
2024-09-09 00:00:00-04:00,4.800000190734863,4.909999847412109,4.75,4.800000190734863,411700,0.0,0.0
2024-09-10 00:00:00-04:00,4.789999961853027,4.989999771118164,4.650000095367432,4.960000038146973,343200,0.0,0.0
2024-09-11 00:00:00-04:00,4.96999979019165,5.309999942779541,4.900000095367432,5.28000020980835,385400,0.0,0.0
2024-09-12 00:00:00-04:00,5.409999847412109,5.449999809265137,5.130000114440918,5.230000019073486,455600,0.0,0.0
2024-09-13 00:00:00-04:00,5.28000020980835,5.599999904632568,5.179999828338623,5.269999980926514,418500,0.0,0.0
2024-09-16 00:00:00-04:00,5.28000020980835,5.400000095367432,5.079999923706055,5.130000114440918,244600,0.0,0.0
2024-09-17 00:00:00-04:00,5.190000057220459,5.309999942779541,5.139999866485596,5.199999809265137,184800,0.0,0.0
2024-09-18 00:00:00-04:00,5.199999809265137,5.449999809265137,5.179999828338623,5.239999771118164,276900,0.0,0.0
2024-09-19 00:00:00-04:00,5.409999847412109,5.489999771118164,5.260000228881836,5.28000020980835,306800,0.0,0.0
2024-09-20 00:00:00-04:00,5.269999980926514,5.420000076293945,4.909999847412109,4.909999847412109,1309800,0.0,0.0
2024-09-23 00:00:00-04:00,4.929999828338623,5.139999866485596,4.880000114440918,5.119999885559082,486100,0.0,0.0
2024-09-24 00:00:00-04:00,5.190000057220459,5.820000171661377,5.050000190734863,5.679999828338623,940200,0.0,0.0
2024-09-25 00:00:00-04:00,5.650000095367432,5.699999809265137,5.139999866485596,5.159999847412109,593200,0.0,0.0
2024-09-26 00:00:00-04:00,5.25,5.420000076293945,5.099999904632568,5.199999809265137,299100,0.0,0.0
2024-09-27 00:00:00-04:00,5.25,5.429999828338623,5.170000076293945,5.210000038146973,352100,0.0,0.0
2024-09-30 00:00:00-04:00,5.190000057220459,5.349999904632568,5.130000114440918,5.239999771118164,232900,0.0,0.0
2024-10-01 00:00:00-04:00,5.190000057220459,5.190000057220459,5.03000020980835,5.070000171661377,265400,0.0,0.0
2024-10-02 00:00:00-04:00,5.059999942779541,5.199999809265137,5.010000228881836,5.159999847412109,215300,0.0,0.0
2024-10-03 00:00:00-04:00,5.110000133514404,5.139999866485596,4.579999923706055,4.679999828338623,1234300,0.0,0.0
2024-10-04 00:00:00-04:00,4.78000020980835,5.03000020980835,4.710000038146973,4.829999923706055,514200,0.0,0.0
2024-10-07 00:00:00-04:00,4.849999904632568,4.900000095367432,4.670000076293945,4.760000228881836,421800,0.0,0.0
2024-10-08 00:00:00-04:00,4.760000228881836,4.889999866485596,4.650000095367432,4.670000076293945,213500,0.0,0.0
2024-10-09 00:00:00-04:00,4.650000095367432,4.670000076293945,4.440000057220459,4.449999809265137,393000,0.0,0.0
2024-10-10 00:00:00-04:00,4.460000038146973,4.460000038146973,4.099999904632568,4.210000038146973,854200,0.0,0.0
2024-10-11 00:00:00-04:00,4.210000038146973,4.5,4.210000038146973,4.380000114440918,629100,0.0,0.0
2024-10-14 00:00:00-04:00,4.409999847412109,4.900000095367432,4.409999847412109,4.639999866485596,855200,0.0,0.0
2024-10-15 00:00:00-04:00,4.610000133514404,4.840000152587891,4.449999809265137,4.820000171661377,525000,0.0,0.0
2024-10-16 00:00:00-04:00,4.820000171661377,4.909999847412109,4.610000133514404,4.760000228881836,457400,0.0,0.0
2024-10-17 00:00:00-04:00,4.75,4.760000228881836,4.53000020980835,4.579999923706055,249000,0.0,0.0
2024-10-18 00:00:00-04:00,4.599999904632568,4.789999961853027,4.599999904632568,4.679999828338623,349900,0.0,0.0
2024-10-21 00:00:00-04:00,4.75,4.789999961853027,4.46999979019165,4.489999771118164,557300,0.0,0.0
2024-10-22 00:00:00-04:00,4.610000133514404,4.610000133514404,4.409999847412109,4.420000076293945,291000,0.0,0.0
2024-10-23 00:00:00-04:00,4.389999866485596,4.559999942779541,4.300000190734863,4.389999866485596,390800,0.0,0.0
2024-10-24 00:00:00-04:00,4.400000095367432,4.400000095367432,4.21999979019165,4.25,267800,0.0,0.0
2024-10-25 00:00:00-04:00,4.289999961853027,4.46999979019165,4.260000228881836,4.289999961853027,217900,0.0,0.0
2024-10-28 00:00:00-04:00,4.349999904632568,4.460000038146973,4.320000171661377,4.389999866485596,241300,0.0,0.0
2024-10-29 00:00:00-04:00,4.389999866485596,4.389999866485596,4.260000228881836,4.309999942779541,200700,0.0,0.0
2024-10-30 00:00:00-04:00,4.28000020980835,4.340000152587891,3.990000009536743,4.150000095367432,1058200,0.0,0.0
2024-10-31 00:00:00-04:00,4.179999828338623,4.239999771118164,4.03000020980835,4.079999923706055,363000,0.0,0.0
2024-11-01 00:00:00-04:00,4.090000152587891,4.380000114440918,4.090000152587891,4.320000171661377,407200,0.0,0.0
2024-11-04 00:00:00-05:00,4.289999961853027,4.5,4.21999979019165,4.380000114440918,330800,0.0,0.0
2024-11-05 00:00:00-05:00,4.389999866485596,4.489999771118164,4.199999809265137,4.460000038146973,579200,0.0,0.0
2024-11-06 00:00:00-05:00,4.800000190734863,5.099999904632568,4.599999904632568,5.059999942779541,650100,0.0,0.0
2024-11-07 00:00:00-05:00,4.960000038146973,5.190000057220459,4.840000152587891,5.130000114440918,594600,0.0,0.0
2024-11-08 00:00:00-05:00,5.5,6.139999866485596,5.340000152587891,5.849999904632568,1734400,0.0,0.0
2024-11-11 00:00:00-05:00,6.119999885559082,7.429999828338623,6.050000190734863,7.099999904632568,2202700,0.0,0.0
2024-11-12 00:00:00-05:00,7.039999961853027,7.309999942779541,6.78000020980835,7.159999847412109,896800,0.0,0.0
2024-11-13 00:00:00-05:00,7.289999961853027,7.539999961853027,6.909999847412109,6.989999771118164,757000,0.0,0.0
2024-11-14 00:00:00-05:00,6.699999809265137,6.900000095367432,5.960000038146973,5.96999979019165,1348000,0.0,0.0
2024-11-15 00:00:00-05:00,6.0,6.150000095367432,5.429999828338623,5.489999771118164,1114500,0.0,0.0
2024-11-18 00:00:00-05:00,5.449999809265137,5.53000020980835,5.239999771118164,5.260000228881836,660200,0.0,0.0
2024-11-19 00:00:00-05:00,5.239999771118164,5.610000133514404,5.199999809265137,5.559999942779541,459000,0.0,0.0
2024-11-20 00:00:00-05:00,5.539999961853027,5.710000038146973,5.369999885559082,5.420000076293945,341400,0.0,0.0
2024-11-21 00:00:00-05:00,5.46999979019165,5.769999980926514,5.400000095367432,5.690000057220459,481300,0.0,0.0
2024-11-22 00:00:00-05:00,5.78000020980835,5.960000038146973,5.659999847412109,5.800000190734863,445400,0.0,0.0
2024-11-25 00:00:00-05:00,5.909999847412109,6.579999923706055,5.829999923706055,6.46999979019165,910900,0.0,0.0
2024-11-26 00:00:00-05:00,6.429999828338623,6.679999828338623,6.039999961853027,6.340000152587891,1057200,0.0,0.0
2024-11-27 00:00:00-05:00,6.429999828338623,6.900000095367432,6.300000190734863,6.360000133514404,612300,0.0,0.0
2024-11-29 00:00:00-05:00,6.429999828338623,6.75,6.320000171661377,6.590000152587891,448500,0.0,0.0
2024-12-02 00:00:00-05:00,6.599999904632568,6.679999828338623,6.380000114440918,6.539999961853027,703500,0.0,0.0
2024-12-03 00:00:00-05:00,6.460000038146973,6.519999980926514,6.050000190734863,6.159999847412109,831000,0.0,0.0
2024-12-04 00:00:00-05:00,6.179999828338623,6.21999979019165,5.670000076293945,6.039999961853027,1271300,0.0,0.0
2024-12-05 00:00:00-05:00,6.0,6.139999866485596,5.429999828338623,5.46999979019165,694900,0.0,0.0
2024-12-06 00:00:00-05:00,5.480000019073486,5.610000133514404,5.380000114440918,5.579999923706055,519900,0.0,0.0
2024-12-09 00:00:00-05:00,5.75,6.199999809265137,5.75,5.900000095367432,925800,0.0,0.0
2024-12-10 00:00:00-05:00,5.96999979019165,6.289999961853027,5.849999904632568,5.96999979019165,597100,0.0,0.0
2024-12-11 00:00:00-05:00,5.989999771118164,5.989999771118164,5.550000190734863,5.610000133514404,601286,0.0,0.0
