Date,Open,High,Low,Close,Volume,Dividends,Stock Splits
2022-01-03 00:00:00-05:00,2.6500000953674316,2.799999952316284,2.6500000953674316,2.7799999713897705,92200,0.0,0.0
2022-01-04 00:00:00-05:00,2.7799999713897705,2.859999895095825,2.7300000190734863,2.809999942779541,151800,0.0,0.0
2022-01-05 00:00:00-05:00,2.8399999141693115,2.8399999141693115,2.680000066757202,2.740000009536743,110200,0.0,0.0
2022-01-06 00:00:00-05:00,2.740000009536743,2.740000009536743,2.619999885559082,2.619999885559082,63100,0.0,0.0
2022-01-07 00:00:00-05:00,2.630000114440918,2.690000057220459,2.609999895095825,2.609999895095825,52300,0.0,0.0
2022-01-10 00:00:00-05:00,2.5899999141693115,2.5899999141693115,2.5,2.5299999713897705,84900,0.0,0.0
2022-01-11 00:00:00-05:00,2.5199999809265137,2.569999933242798,2.509999990463257,2.5399999618530273,66400,0.0,0.0
2022-01-12 00:00:00-05:00,2.5899999141693115,2.630000114440918,2.5,2.5899999141693115,36900,0.0,0.0
2022-01-13 00:00:00-05:00,2.630000114440918,2.630000114440918,2.549999952316284,2.5899999141693115,74000,0.0,0.0
2022-01-14 00:00:00-05:00,2.569999933242798,2.5899999141693115,2.5,2.5199999809265137,56100,0.0,0.0
2022-01-18 00:00:00-05:00,2.5,2.549999952316284,2.4000000953674316,2.430000066757202,103200,0.0,0.0
2022-01-19 00:00:00-05:00,2.450000047683716,2.4700000286102295,2.3499999046325684,2.390000104904175,73600,0.0,0.0
2022-01-20 00:00:00-05:00,2.380000114440918,2.450000047683716,2.3399999141693115,2.3399999141693115,68500,0.0,0.0
2022-01-21 00:00:00-05:00,2.309999942779541,2.4000000953674316,2.2100000381469727,2.2200000286102295,133500,0.0,0.0
2022-01-24 00:00:00-05:00,2.1500000953674316,2.25,2.130000114440918,2.2100000381469727,120300,0.0,0.0
2022-01-25 00:00:00-05:00,2.1600000858306885,2.309999942779541,2.1500000953674316,2.2899999618530273,209300,0.0,0.0
2022-01-26 00:00:00-05:00,2.319999933242798,2.4600000381469727,2.319999933242798,2.369999885559082,70400,0.0,0.0
2022-01-27 00:00:00-05:00,2.390000104904175,2.390000104904175,2.190000057220459,2.25,67200,0.0,0.0
2022-01-28 00:00:00-05:00,2.2200000286102295,2.2899999618530273,2.180000066757202,2.2699999809265137,63800,0.0,0.0
2022-01-31 00:00:00-05:00,2.309999942779541,2.440000057220459,2.309999942779541,2.4200000762939453,47800,0.0,0.0
2022-02-01 00:00:00-05:00,2.4600000381469727,2.5799999237060547,2.3499999046325684,2.5399999618530273,2257500,0.0,0.0
2022-02-02 00:00:00-05:00,2.5299999713897705,2.5899999141693115,2.430000066757202,2.5,246700,0.0,0.0
2022-02-03 00:00:00-05:00,2.450000047683716,2.559999942779541,2.380000114440918,2.380000114440918,81400,0.0,0.0
2022-02-04 00:00:00-05:00,2.4000000953674316,2.440000057220459,2.3299999237060547,2.369999885559082,28700,0.0,0.0
2022-02-07 00:00:00-05:00,2.4200000762939453,2.509999990463257,2.390000104904175,2.4200000762939453,85800,0.0,0.0
2022-02-08 00:00:00-05:00,2.4000000953674316,2.440000057220459,2.309999942779541,2.3499999046325684,44000,0.0,0.0
2022-02-09 00:00:00-05:00,2.4100000858306885,2.5,2.380000114440918,2.450000047683716,28100,0.0,0.0
2022-02-10 00:00:00-05:00,2.4100000858306885,2.5299999713897705,2.4100000858306885,2.4600000381469727,98000,0.0,0.0
2022-02-11 00:00:00-05:00,2.440000057220459,2.450000047683716,2.359999895095825,2.4200000762939453,30000,0.0,0.0
2022-02-14 00:00:00-05:00,2.4200000762939453,2.450000047683716,2.4100000858306885,2.4100000858306885,44300,0.0,0.0
2022-02-15 00:00:00-05:00,2.440000057220459,2.5,2.430000066757202,2.4600000381469727,34300,0.0,0.0
2022-02-16 00:00:00-05:00,2.440000057220459,2.5399999618530273,2.4200000762939453,2.5399999618530273,17900,0.0,0.0
2022-02-17 00:00:00-05:00,2.490000009536743,2.5299999713897705,2.430000066757202,2.450000047683716,31800,0.0,0.0
2022-02-18 00:00:00-05:00,2.4600000381469727,2.509999990463257,2.4100000858306885,2.430000066757202,108700,0.0,0.0
2022-02-22 00:00:00-05:00,2.4100000858306885,2.490000009536743,2.3299999237060547,2.3299999237060547,58700,0.0,0.0
2022-02-23 00:00:00-05:00,2.380000114440918,2.440000057220459,2.380000114440918,2.4100000858306885,63900,0.0,0.0
2022-02-24 00:00:00-05:00,2.299999952316284,2.380000114440918,2.25,2.3499999046325684,111200,0.0,0.0
2022-02-25 00:00:00-05:00,2.3499999046325684,2.450000047683716,2.3299999237060547,2.4100000858306885,44500,0.0,0.0
2022-02-28 00:00:00-05:00,2.450000047683716,2.5,2.359999895095825,2.390000104904175,42600,0.0,0.0
2022-03-01 00:00:00-05:00,2.380000114440918,2.4800000190734863,2.3499999046325684,2.3499999046325684,49600,0.0,0.0
2022-03-02 00:00:00-05:00,2.380000114440918,2.4200000762939453,2.3399999141693115,2.4000000953674316,17500,0.0,0.0
2022-03-03 00:00:00-05:00,2.4100000858306885,2.4200000762939453,2.319999933242798,2.4000000953674316,63800,0.0,0.0
2022-03-04 00:00:00-05:00,2.369999885559082,2.4700000286102295,2.3499999046325684,2.4000000953674316,25600,0.0,0.0
2022-03-07 00:00:00-05:00,2.319999933242798,2.369999885559082,2.299999952316284,2.299999952316284,40500,0.0,0.0
2022-03-08 00:00:00-05:00,2.299999952316284,2.299999952316284,2.0899999141693115,2.190000057220459,130000,0.0,0.0
2022-03-09 00:00:00-05:00,2.190000057220459,2.3299999237060547,2.190000057220459,2.2899999618530273,40100,0.0,0.0
2022-03-10 00:00:00-05:00,2.3499999046325684,2.4000000953674316,2.25,2.2799999713897705,29900,0.0,0.0
2022-03-11 00:00:00-05:00,2.2200000286102295,2.3299999237060547,2.2100000381469727,2.25,43300,0.0,0.0
2022-03-14 00:00:00-04:00,2.2699999809265137,2.299999952316284,2.190000057220459,2.2300000190734863,42400,0.0,0.0
2022-03-15 00:00:00-04:00,2.1700000762939453,2.4000000953674316,2.1700000762939453,2.299999952316284,51400,0.0,0.0
2022-03-16 00:00:00-04:00,2.2899999618530273,2.490000009536743,2.2899999618530273,2.369999885559082,53000,0.0,0.0
2022-03-17 00:00:00-04:00,2.4000000953674316,2.440000057220459,2.369999885559082,2.430000066757202,28900,0.0,0.0
2022-03-18 00:00:00-04:00,2.4100000858306885,2.569999933242798,2.4100000858306885,2.569999933242798,89000,0.0,0.0
2022-03-21 00:00:00-04:00,2.5299999713897705,2.569999933242798,2.5,2.5199999809265137,30000,0.0,0.0
2022-03-22 00:00:00-04:00,2.569999933242798,2.630000114440918,2.5299999713897705,2.5899999141693115,36800,0.0,0.0
2022-03-23 00:00:00-04:00,2.609999895095825,2.609999895095825,2.559999942779541,2.569999933242798,27700,0.0,0.0
2022-03-24 00:00:00-04:00,2.619999885559082,2.7300000190734863,2.619999885559082,2.680000066757202,61600,0.0,0.0
2022-03-25 00:00:00-04:00,2.640000104904175,2.7200000286102295,2.619999885559082,2.640000104904175,22900,0.0,0.0
2022-03-28 00:00:00-04:00,2.549999952316284,2.5999999046325684,2.5,2.5899999141693115,28400,0.0,0.0
2022-03-29 00:00:00-04:00,2.5899999141693115,2.6600000858306885,2.5,2.619999885559082,40200,0.0,0.0
2022-03-30 00:00:00-04:00,2.619999885559082,2.690000057220459,2.619999885559082,2.6700000762939453,31900,0.0,0.0
2022-03-31 00:00:00-04:00,2.640000104904175,2.740000009536743,2.630000114440918,2.6700000762939453,19000,0.0,0.0
2022-04-01 00:00:00-04:00,2.6500000953674316,2.6600000858306885,2.5299999713897705,2.5999999046325684,46900,0.0,0.0
2022-04-04 00:00:00-04:00,2.609999895095825,2.7100000381469727,2.609999895095825,2.690000057220459,33700,0.0,0.0
2022-04-05 00:00:00-04:00,2.690000057220459,2.799999952316284,2.690000057220459,2.7200000286102295,53000,0.0,0.0
2022-04-06 00:00:00-04:00,2.799999952316284,2.9800000190734863,2.6700000762939453,2.799999952316284,314500,0.0,0.0
2022-04-07 00:00:00-04:00,2.7799999713897705,2.9700000286102295,2.7699999809265137,2.9100000858306885,124600,0.0,0.0
2022-04-08 00:00:00-04:00,3.0,3.1600000858306885,3.0,3.0199999809265137,132300,0.0,0.0
2022-04-11 00:00:00-04:00,3.009999990463257,3.180000066757202,2.9700000286102295,3.0,62200,0.0,0.0
2022-04-12 00:00:00-04:00,2.990000009536743,3.0899999141693115,2.890000104904175,2.9600000381469727,55400,0.0,0.0
2022-04-13 00:00:00-04:00,3.0,3.0799999237060547,2.950000047683716,3.0299999713897705,23100,0.0,0.0
2022-04-14 00:00:00-04:00,3.059999942779541,3.1500000953674316,3.0299999713897705,3.059999942779541,54200,0.0,0.0
2022-04-18 00:00:00-04:00,3.0799999237060547,3.180000066757202,3.059999942779541,3.140000104904175,26900,0.0,0.0
2022-04-19 00:00:00-04:00,3.130000114440918,3.1500000953674316,3.069999933242798,3.130000114440918,26500,0.0,0.0
2022-04-20 00:00:00-04:00,3.130000114440918,3.1600000858306885,3.0899999141693115,3.109999895095825,21700,0.0,0.0
2022-04-21 00:00:00-04:00,3.119999885559082,3.130000114440918,2.9600000381469727,2.990000009536743,76000,0.0,0.0
2022-04-22 00:00:00-04:00,2.9600000381469727,3.0299999713897705,2.9200000762939453,2.930000066757202,22600,0.0,0.0
2022-04-25 00:00:00-04:00,2.9200000762939453,2.950000047683716,2.880000114440918,2.930000066757202,29000,0.0,0.0
2022-04-26 00:00:00-04:00,2.880000114440918,2.890000104904175,2.7300000190734863,2.759999990463257,41600,0.0,0.0
2022-04-27 00:00:00-04:00,2.680000066757202,2.680000066757202,2.5899999141693115,2.609999895095825,41400,0.0,0.0
2022-04-28 00:00:00-04:00,2.6600000858306885,2.7200000286102295,2.6500000953674316,2.680000066757202,7500,0.0,0.0
2022-04-29 00:00:00-04:00,2.630000114440918,2.700000047683716,2.630000114440918,2.6700000762939453,23800,0.0,0.0
2022-05-02 00:00:00-04:00,2.6500000953674316,2.690000057220459,2.5899999141693115,2.619999885559082,28200,0.0,0.0
2022-05-03 00:00:00-04:00,2.619999885559082,2.680000066757202,2.609999895095825,2.630000114440918,39000,0.0,0.0
2022-05-04 00:00:00-04:00,2.6600000858306885,2.930000066757202,2.6600000858306885,2.700000047683716,29200,0.0,0.0
2022-05-05 00:00:00-04:00,2.680000066757202,2.75,2.5799999237060547,2.5799999237060547,23000,0.0,0.0
2022-05-06 00:00:00-04:00,2.5399999618530273,2.549999952316284,2.4200000762939453,2.509999990463257,64400,0.0,0.0
2022-05-09 00:00:00-04:00,2.509999990463257,2.559999942779541,2.4600000381469727,2.4700000286102295,27000,0.0,0.0
2022-05-10 00:00:00-04:00,2.240000009536743,2.509999990463257,2.240000009536743,2.440000057220459,64400,0.0,0.0
2022-05-11 00:00:00-04:00,2.4700000286102295,2.5,2.3299999237060547,2.369999885559082,25700,0.0,0.0
2022-05-12 00:00:00-04:00,2.2799999713897705,2.4100000858306885,2.25,2.369999885559082,34900,0.0,0.0
2022-05-13 00:00:00-04:00,2.390000104904175,2.490000009536743,2.380000114440918,2.4100000858306885,30000,0.0,0.0
2022-05-16 00:00:00-04:00,2.430000066757202,2.4800000190734863,2.390000104904175,2.4000000953674316,25200,0.0,0.0
2022-05-17 00:00:00-04:00,2.4000000953674316,2.490000009536743,2.4000000953674316,2.430000066757202,14100,0.0,0.0
2022-05-18 00:00:00-04:00,2.380000114440918,2.4600000381469727,2.309999942779541,2.309999942779541,24000,0.0,0.0
2022-05-19 00:00:00-04:00,2.319999933242798,2.4200000762939453,2.319999933242798,2.4000000953674316,51800,0.0,0.0
2022-05-20 00:00:00-04:00,2.4100000858306885,2.4600000381469727,2.3499999046325684,2.390000104904175,29000,0.0,0.0
2022-05-23 00:00:00-04:00,2.390000104904175,2.430000066757202,2.369999885559082,2.4000000953674316,15700,0.0,0.0
2022-05-24 00:00:00-04:00,2.390000104904175,2.4200000762939453,2.3299999237060547,2.380000114440918,14500,0.0,0.0
2022-05-25 00:00:00-04:00,2.309999942779541,2.4200000762939453,2.309999942779541,2.390000104904175,111300,0.0,0.0
2022-05-26 00:00:00-04:00,2.4100000858306885,2.5799999237060547,2.4100000858306885,2.4700000286102295,59600,0.0,0.0
2022-05-27 00:00:00-04:00,2.5999999046325684,2.5999999046325684,2.4600000381469727,2.490000009536743,34400,0.0,0.0
2022-05-31 00:00:00-04:00,2.509999990463257,2.509999990463257,2.4000000953674316,2.430000066757202,20200,0.0,0.0
2022-06-01 00:00:00-04:00,2.430000066757202,2.430000066757202,2.390000104904175,2.4100000858306885,10600,0.0,0.0
2022-06-02 00:00:00-04:00,2.4000000953674316,2.440000057220459,2.380000114440918,2.4000000953674316,10200,0.0,0.0
2022-06-03 00:00:00-04:00,2.380000114440918,2.4200000762939453,2.2699999809265137,2.3399999141693115,19100,0.0,0.0
2022-06-06 00:00:00-04:00,2.390000104904175,2.4100000858306885,2.369999885559082,2.380000114440918,18600,0.0,0.0
2022-06-07 00:00:00-04:00,2.3399999141693115,2.390000104904175,2.309999942779541,2.3499999046325684,33300,0.0,0.0
2022-06-08 00:00:00-04:00,2.700000047683716,2.7699999809265137,2.509999990463257,2.559999942779541,81500,0.0,0.0
2022-06-09 00:00:00-04:00,2.559999942779541,2.6600000858306885,2.549999952316284,2.569999933242798,27400,0.0,0.0
2022-06-10 00:00:00-04:00,2.549999952316284,2.5999999046325684,2.490000009536743,2.490000009536743,17800,0.0,0.0
2022-06-13 00:00:00-04:00,2.5199999809265137,2.5999999046325684,2.440000057220459,2.440000057220459,120600,0.0,0.0
2022-06-14 00:00:00-04:00,2.430000066757202,2.5199999809265137,2.430000066757202,2.4700000286102295,35000,0.0,0.0
2022-06-15 00:00:00-04:00,2.5,2.569999933242798,2.5,2.549999952316284,17200,0.0,0.0
2022-06-16 00:00:00-04:00,2.549999952316284,2.559999942779541,2.4600000381469727,2.509999990463257,18600,0.0,0.0
2022-06-17 00:00:00-04:00,2.5299999713897705,2.549999952316284,2.4600000381469727,2.549999952316284,17500,0.0,0.0
2022-06-21 00:00:00-04:00,2.549999952316284,2.559999942779541,2.4700000286102295,2.5199999809265137,66600,0.0,0.0
2022-06-22 00:00:00-04:00,2.4100000858306885,2.5199999809265137,2.380000114440918,2.509999990463257,11800,0.0,0.0
2022-06-23 00:00:00-04:00,2.549999952316284,2.5799999237060547,2.509999990463257,2.509999990463257,29400,0.0,0.0
2022-06-24 00:00:00-04:00,2.5399999618530273,2.640000104904175,2.5,2.5999999046325684,41200,0.0,0.0
2022-06-27 00:00:00-04:00,2.630000114440918,2.6500000953674316,2.559999942779541,2.619999885559082,24600,0.0,0.0
2022-06-28 00:00:00-04:00,2.609999895095825,2.7100000381469727,2.5199999809265137,2.5899999141693115,14200,0.0,0.0
2022-06-29 00:00:00-04:00,2.609999895095825,2.619999885559082,2.5399999618530273,2.549999952316284,12800,0.0,0.0
2022-06-30 00:00:00-04:00,2.549999952316284,2.549999952316284,2.4800000190734863,2.5299999713897705,22000,0.0,0.0
2022-07-01 00:00:00-04:00,2.5299999713897705,2.5899999141693115,2.4700000286102295,2.4700000286102295,17700,0.0,0.0
2022-07-05 00:00:00-04:00,2.4800000190734863,2.509999990463257,2.4200000762939453,2.4800000190734863,27000,0.0,0.0
2022-07-06 00:00:00-04:00,2.4800000190734863,2.6600000858306885,2.4800000190734863,2.569999933242798,24600,0.0,0.0
2022-07-07 00:00:00-04:00,2.490000009536743,2.609999895095825,2.440000057220459,2.5999999046325684,17400,0.0,0.0
2022-07-08 00:00:00-04:00,2.5,2.5999999046325684,2.5,2.5899999141693115,11500,0.0,0.0
2022-07-11 00:00:00-04:00,2.5399999618530273,2.5799999237060547,2.5199999809265137,2.559999942779541,14500,0.0,0.0
2022-07-12 00:00:00-04:00,2.5,2.5299999713897705,2.4600000381469727,2.5,13200,0.0,0.0
2022-07-13 00:00:00-04:00,2.559999942779541,2.569999933242798,2.440000057220459,2.5199999809265137,13700,0.0,0.0
2022-07-14 00:00:00-04:00,2.4800000190734863,2.490000009536743,2.369999885559082,2.4100000858306885,52500,0.0,0.0
2022-07-15 00:00:00-04:00,2.4200000762939453,2.450000047683716,2.369999885559082,2.380000114440918,25200,0.0,0.0
2022-07-18 00:00:00-04:00,2.4200000762939453,2.4600000381469727,2.4000000953674316,2.4600000381469727,9200,0.0,0.0
2022-07-19 00:00:00-04:00,2.440000057220459,2.509999990463257,2.390000104904175,2.4800000190734863,15100,0.0,0.0
2022-07-20 00:00:00-04:00,2.4600000381469727,2.490000009536743,2.4200000762939453,2.440000057220459,18200,0.0,0.0
2022-07-21 00:00:00-04:00,2.4100000858306885,2.450000047683716,2.3499999046325684,2.450000047683716,11200,0.0,0.0
2022-07-22 00:00:00-04:00,2.4600000381469727,2.490000009536743,2.4100000858306885,2.450000047683716,8900,0.0,0.0
2022-07-25 00:00:00-04:00,2.450000047683716,2.490000009536743,2.4000000953674316,2.4000000953674316,11100,0.0,0.0
2022-07-26 00:00:00-04:00,2.4800000190734863,2.5,2.390000104904175,2.390000104904175,14100,0.0,0.0
2022-07-27 00:00:00-04:00,2.440000057220459,2.450000047683716,2.299999952316284,2.380000114440918,34400,0.0,0.0
2022-07-28 00:00:00-04:00,2.4100000858306885,2.440000057220459,2.309999942779541,2.380000114440918,9800,0.0,0.0
2022-07-29 00:00:00-04:00,2.390000104904175,2.390000104904175,2.25,2.309999942779541,26800,0.0,0.0
2022-08-01 00:00:00-04:00,2.299999952316284,2.3399999141693115,2.299999952316284,2.3299999237060547,6900,0.0,0.0
2022-08-02 00:00:00-04:00,2.3299999237060547,2.369999885559082,2.299999952316284,2.299999952316284,12400,0.0,0.0
2022-08-03 00:00:00-04:00,2.2699999809265137,2.309999942779541,2.25,2.2799999713897705,15100,0.0,0.0
2022-08-04 00:00:00-04:00,2.299999952316284,2.3299999237060547,2.2699999809265137,2.319999933242798,7700,0.0,0.0
2022-08-05 00:00:00-04:00,2.3299999237060547,2.369999885559082,2.319999933242798,2.3499999046325684,15900,0.0,0.0
2022-08-08 00:00:00-04:00,2.3499999046325684,2.369999885559082,2.319999933242798,2.369999885559082,11500,0.0,0.0
2022-08-09 00:00:00-04:00,2.390000104904175,2.4000000953674316,2.3499999046325684,2.3499999046325684,16100,0.0,0.0
2022-08-10 00:00:00-04:00,2.4000000953674316,2.440000057220459,2.3399999141693115,2.3499999046325684,14500,0.0,0.0
2022-08-11 00:00:00-04:00,2.3499999046325684,2.4600000381469727,2.3499999046325684,2.440000057220459,9900,0.0,0.0
2022-08-12 00:00:00-04:00,2.450000047683716,2.5999999046325684,2.440000057220459,2.490000009536743,37100,0.0,0.0
2022-08-15 00:00:00-04:00,2.450000047683716,2.4800000190734863,2.4100000858306885,2.4800000190734863,27200,0.0,0.0
2022-08-16 00:00:00-04:00,2.450000047683716,2.4800000190734863,2.440000057220459,2.440000057220459,6700,0.0,0.0
2022-08-17 00:00:00-04:00,2.4200000762939453,2.4200000762939453,2.359999895095825,2.380000114440918,21800,0.0,0.0
2022-08-18 00:00:00-04:00,2.380000114440918,2.569999933242798,2.380000114440918,2.4000000953674316,13000,0.0,0.0
2022-08-19 00:00:00-04:00,2.4100000858306885,2.4800000190734863,2.2699999809265137,2.2799999713897705,68800,0.0,0.0
2022-08-22 00:00:00-04:00,2.299999952316284,2.4600000381469727,2.240000009536743,2.309999942779541,11800,0.0,0.0
2022-08-23 00:00:00-04:00,2.369999885559082,2.440000057220459,2.2799999713897705,2.2899999618530273,10900,0.0,0.0
2022-08-24 00:00:00-04:00,2.3499999046325684,2.440000057220459,2.2100000381469727,2.2100000381469727,47300,0.0,0.0
2022-08-25 00:00:00-04:00,2.190000057220459,2.3399999141693115,2.190000057220459,2.2200000286102295,17700,0.0,0.0
2022-08-26 00:00:00-04:00,2.2200000286102295,2.2899999618530273,2.2100000381469727,2.2100000381469727,9400,0.0,0.0
2022-08-29 00:00:00-04:00,2.190000057220459,2.2699999809265137,2.1700000762939453,2.1700000762939453,46100,0.0,0.0
2022-08-30 00:00:00-04:00,2.1600000858306885,2.2300000190734863,2.119999885559082,2.119999885559082,23800,0.0,0.0
2022-08-31 00:00:00-04:00,2.130000114440918,2.200000047683716,2.119999885559082,2.130000114440918,40100,0.0,0.0
2022-09-01 00:00:00-04:00,2.130000114440918,2.200000047683716,2.119999885559082,2.1600000858306885,26900,0.0,0.0
2022-09-02 00:00:00-04:00,2.1500000953674316,2.200000047683716,2.0999999046325684,2.0999999046325684,21800,0.0,0.0
2022-09-06 00:00:00-04:00,2.0899999141693115,2.180000066757202,2.0899999141693115,2.140000104904175,36900,0.0,0.0
2022-09-07 00:00:00-04:00,2.119999885559082,2.1600000858306885,2.0799999237060547,2.140000104904175,26300,0.0,0.0
2022-09-08 00:00:00-04:00,2.1500000953674316,2.180000066757202,2.140000104904175,2.1700000762939453,27500,0.0,0.0
2022-09-09 00:00:00-04:00,2.2300000190734863,2.25,2.200000047683716,2.2100000381469727,25100,0.0,0.0
2022-09-12 00:00:00-04:00,2.2300000190734863,2.2300000190734863,2.180000066757202,2.2200000286102295,10600,0.0,0.0
2022-09-13 00:00:00-04:00,2.1700000762939453,2.2100000381469727,2.119999885559082,2.130000114440918,59300,0.0,0.0
2022-09-14 00:00:00-04:00,2.190000057220459,2.25,2.1500000953674316,2.1600000858306885,60100,0.0,0.0
2022-09-15 00:00:00-04:00,2.1500000953674316,2.25,2.1500000953674316,2.200000047683716,35000,0.0,0.0
2022-09-16 00:00:00-04:00,2.2300000190734863,2.2899999618530273,2.1700000762939453,2.2899999618530273,54600,0.0,0.0
2022-09-19 00:00:00-04:00,2.259999990463257,2.2899999618530273,2.2200000286102295,2.25,24100,0.0,0.0
2022-09-20 00:00:00-04:00,2.2200000286102295,2.2200000286102295,2.1500000953674316,2.200000047683716,23600,0.0,0.0
2022-09-21 00:00:00-04:00,2.1600000858306885,2.190000057220459,2.140000104904175,2.1600000858306885,32700,0.0,0.0
2022-09-22 00:00:00-04:00,2.1600000858306885,2.2300000190734863,2.1600000858306885,2.190000057220459,15600,0.0,0.0
2022-09-23 00:00:00-04:00,2.1700000762939453,2.190000057220459,2.140000104904175,2.1600000858306885,46500,0.0,0.0
2022-09-26 00:00:00-04:00,2.1500000953674316,2.190000057220459,2.140000104904175,2.1600000858306885,47600,0.0,0.0
2022-09-27 00:00:00-04:00,2.2100000381469727,2.2100000381469727,2.1500000953674316,2.1500000953674316,11500,0.0,0.0
2022-09-28 00:00:00-04:00,2.1500000953674316,2.190000057220459,2.119999885559082,2.1600000858306885,25900,0.0,0.0
2022-09-29 00:00:00-04:00,2.1700000762939453,2.200000047683716,2.1700000762939453,2.190000057220459,21400,0.0,0.0
2022-09-30 00:00:00-04:00,2.190000057220459,2.2200000286102295,2.119999885559082,2.1700000762939453,28300,0.0,0.0
2022-10-03 00:00:00-04:00,2.140000104904175,2.2300000190734863,2.140000104904175,2.2200000286102295,37000,0.0,0.0
2022-10-04 00:00:00-04:00,2.2300000190734863,2.309999942779541,2.1700000762939453,2.2799999713897705,81700,0.0,0.0
2022-10-05 00:00:00-04:00,2.2799999713897705,2.2899999618530273,2.190000057220459,2.2699999809265137,25300,0.0,0.0
2022-10-06 00:00:00-04:00,2.2300000190734863,2.259999990463257,2.1700000762939453,2.190000057220459,46600,0.0,0.0
2022-10-07 00:00:00-04:00,2.140000104904175,2.180000066757202,2.0899999141693115,2.119999885559082,27800,0.0,0.0
2022-10-10 00:00:00-04:00,2.130000114440918,2.140000104904175,2.109999895095825,2.109999895095825,9700,0.0,0.0
2022-10-11 00:00:00-04:00,2.0999999046325684,2.0999999046325684,1.9900000095367432,2.009999990463257,93200,0.0,0.0
2022-10-12 00:00:00-04:00,1.9800000190734863,2.009999990463257,1.9600000381469727,1.9900000095367432,40300,0.0,0.0
2022-10-13 00:00:00-04:00,1.9600000381469727,2.059999942779541,1.9600000381469727,2.0399999618530273,17800,0.0,0.0
2022-10-14 00:00:00-04:00,2.0399999618530273,2.049999952316284,1.9800000190734863,1.9900000095367432,8900,0.0,0.0
2022-10-17 00:00:00-04:00,1.9900000095367432,2.069999933242798,1.9900000095367432,2.049999952316284,6100,0.0,0.0
2022-10-18 00:00:00-04:00,2.059999942779541,2.069999933242798,2.0299999713897705,2.0299999713897705,18100,0.0,0.0
2022-10-19 00:00:00-04:00,2.0399999618530273,2.0399999618530273,1.9800000190734863,2.0,24900,0.0,0.0
2022-10-20 00:00:00-04:00,2.0199999809265137,2.0299999713897705,1.9700000286102295,2.009999990463257,10300,0.0,0.0
2022-10-21 00:00:00-04:00,2.009999990463257,2.0799999237060547,2.009999990463257,2.059999942779541,12700,0.0,0.0
2022-10-24 00:00:00-04:00,2.049999952316284,2.049999952316284,1.9700000286102295,1.9900000095367432,17300,0.0,0.0
2022-10-25 00:00:00-04:00,2.009999990463257,2.0999999046325684,2.009999990463257,2.059999942779541,29900,0.0,0.0
2022-10-26 00:00:00-04:00,2.049999952316284,2.140000104904175,2.049999952316284,2.0999999046325684,32000,0.0,0.0
2022-10-27 00:00:00-04:00,2.0899999141693115,2.1600000858306885,2.049999952316284,2.049999952316284,14700,0.0,0.0
2022-10-28 00:00:00-04:00,2.0399999618530273,2.130000114440918,2.0399999618530273,2.130000114440918,17400,0.0,0.0
2022-10-31 00:00:00-04:00,2.119999885559082,2.1500000953674316,2.0399999618530273,2.0399999618530273,51300,0.0,0.0
2022-11-01 00:00:00-04:00,2.069999933242798,2.130000114440918,2.069999933242798,2.0899999141693115,32100,0.0,0.0
2022-11-02 00:00:00-04:00,2.0899999141693115,2.0999999046325684,2.059999942779541,2.0799999237060547,23600,0.0,0.0
2022-11-03 00:00:00-04:00,2.0199999809265137,2.069999933242798,2.0199999809265137,2.0199999809265137,80900,0.0,0.0
2022-11-04 00:00:00-04:00,2.049999952316284,2.190000057220459,2.049999952316284,2.190000057220459,47300,0.0,0.0
2022-11-07 00:00:00-05:00,2.190000057220459,2.190000057220459,2.140000104904175,2.180000066757202,8900,0.0,0.0
2022-11-08 00:00:00-05:00,2.180000066757202,2.2100000381469727,2.119999885559082,2.140000104904175,27000,0.0,0.0
2022-11-09 00:00:00-05:00,2.1500000953674316,2.200000047683716,2.0999999046325684,2.119999885559082,55500,0.0,0.0
2022-11-10 00:00:00-05:00,2.1500000953674316,2.2200000286102295,2.1500000953674316,2.2200000286102295,92900,0.0,0.0
2022-11-11 00:00:00-05:00,2.1700000762939453,2.2200000286102295,2.119999885559082,2.200000047683716,19600,0.0,0.0
2022-11-14 00:00:00-05:00,2.200000047683716,2.200000047683716,2.1500000953674316,2.1600000858306885,74900,0.0,0.0
2022-11-15 00:00:00-05:00,2.1700000762939453,2.180000066757202,2.140000104904175,2.1500000953674316,18500,0.0,0.0
2022-11-16 00:00:00-05:00,2.119999885559082,2.180000066757202,2.119999885559082,2.1500000953674316,14200,0.0,0.0
2022-11-17 00:00:00-05:00,2.1700000762939453,2.180000066757202,2.1500000953674316,2.180000066757202,11400,0.0,0.0
2022-11-18 00:00:00-05:00,2.1500000953674316,2.180000066757202,2.119999885559082,2.140000104904175,248200,0.0,0.0
2022-11-21 00:00:00-05:00,2.130000114440918,2.1600000858306885,2.0999999046325684,2.130000114440918,50600,0.0,0.0
2022-11-22 00:00:00-05:00,2.140000104904175,2.180000066757202,2.119999885559082,2.119999885559082,20700,0.0,0.0
2022-11-23 00:00:00-05:00,2.140000104904175,2.25,2.140000104904175,2.190000057220459,47200,0.0,0.0
2022-11-25 00:00:00-05:00,2.2100000381469727,2.369999885559082,2.2100000381469727,2.2899999618530273,48300,0.0,0.0
2022-11-28 00:00:00-05:00,2.450000047683716,2.680000066757202,2.450000047683716,2.6600000858306885,171800,0.0,0.0
2022-11-29 00:00:00-05:00,2.6700000762939453,2.6700000762939453,2.5,2.5199999809265137,56800,0.0,0.0
2022-11-30 00:00:00-05:00,2.5199999809265137,2.6500000953674316,2.5199999809265137,2.640000104904175,47000,0.0,0.0
2022-12-01 00:00:00-05:00,2.7300000190734863,2.7300000190734863,2.609999895095825,2.630000114440918,53300,0.0,0.0
2022-12-02 00:00:00-05:00,2.630000114440918,2.680000066757202,2.559999942779541,2.5899999141693115,62000,0.0,0.0
2022-12-05 00:00:00-05:00,2.5899999141693115,2.5899999141693115,2.4700000286102295,2.4700000286102295,79700,0.0,0.0
2022-12-06 00:00:00-05:00,2.4800000190734863,2.5399999618530273,2.390000104904175,2.390000104904175,36600,0.0,0.0
2022-12-07 00:00:00-05:00,2.509999990463257,2.5299999713897705,2.4000000953674316,2.4100000858306885,65800,0.0,0.0
2022-12-08 00:00:00-05:00,2.4600000381469727,2.7100000381469727,2.430000066757202,2.619999885559082,128300,0.0,0.0
2022-12-09 00:00:00-05:00,2.5999999046325684,2.6600000858306885,2.549999952316284,2.549999952316284,49500,0.0,0.0
2022-12-12 00:00:00-05:00,2.5799999237060547,2.5899999141693115,2.5399999618530273,2.5799999237060547,38300,0.0,0.0
2022-12-13 00:00:00-05:00,2.549999952316284,2.6600000858306885,2.509999990463257,2.559999942779541,107800,0.0,0.0
2022-12-14 00:00:00-05:00,2.5399999618530273,2.5799999237060547,2.490000009536743,2.5199999809265137,224800,0.0,0.0
2022-12-15 00:00:00-05:00,2.490000009536743,2.509999990463257,2.309999942779541,2.3499999046325684,305900,0.0,0.0
2022-12-16 00:00:00-05:00,2.319999933242798,2.4200000762939453,2.299999952316284,2.309999942779541,306800,0.0,0.0
2022-12-19 00:00:00-05:00,2.3299999237060547,2.380000114440918,2.240000009536743,2.2699999809265137,376000,0.0,0.0
2022-12-20 00:00:00-05:00,2.109999895095825,2.359999895095825,2.109999895095825,2.2200000286102295,445600,0.0,0.0
2022-12-21 00:00:00-05:00,2.25,2.319999933242798,2.25,2.25,38600,0.0,0.0
2022-12-22 00:00:00-05:00,2.200000047683716,2.25,2.049999952316284,2.049999952316284,140900,0.0,0.0
2022-12-23 00:00:00-05:00,2.059999942779541,2.119999885559082,1.9800000190734863,2.0,115500,0.0,0.0
2022-12-27 00:00:00-05:00,2.0299999713897705,2.0799999237060547,1.9900000095367432,2.0199999809265137,121200,0.0,0.0
2022-12-28 00:00:00-05:00,2.069999933242798,2.0899999141693115,1.9500000476837158,1.9700000286102295,183000,0.0,0.0
2022-12-29 00:00:00-05:00,2.049999952316284,2.200000047683716,1.9900000095367432,2.0299999713897705,232300,0.0,0.0
2022-12-30 00:00:00-05:00,2.1600000858306885,2.1700000762939453,2.0199999809265137,2.049999952316284,105000,0.0,0.0
2023-01-03 00:00:00-05:00,2.109999895095825,2.1700000762939453,2.109999895095825,2.1700000762939453,78700,0.0,0.0
2023-01-04 00:00:00-05:00,2.1700000762939453,2.3399999141693115,2.1700000762939453,2.259999990463257,201900,0.0,0.0
2023-01-05 00:00:00-05:00,2.240000009536743,2.2899999618530273,2.240000009536743,2.25,16800,0.0,0.0
2023-01-06 00:00:00-05:00,2.3299999237060547,2.390000104904175,2.319999933242798,2.390000104904175,50700,0.0,0.0
2023-01-09 00:00:00-05:00,2.4000000953674316,2.4800000190734863,2.4000000953674316,2.440000057220459,47400,0.0,0.0
2023-01-10 00:00:00-05:00,2.450000047683716,2.5,2.4100000858306885,2.450000047683716,80100,0.0,0.0
2023-01-11 00:00:00-05:00,2.569999933242798,2.5799999237060547,2.5,2.5399999618530273,39800,0.0,0.0
2023-01-12 00:00:00-05:00,2.549999952316284,2.549999952316284,2.450000047683716,2.5,63300,0.0,0.0
2023-01-13 00:00:00-05:00,2.5,2.5,2.4200000762939453,2.4800000190734863,30000,0.0,0.0
2023-01-17 00:00:00-05:00,2.450000047683716,2.450000047683716,2.369999885559082,2.380000114440918,19800,0.0,0.0
2023-01-18 00:00:00-05:00,2.380000114440918,2.430000066757202,2.3299999237060547,2.3299999237060547,36700,0.0,0.0
2023-01-19 00:00:00-05:00,2.319999933242798,2.4000000953674316,2.319999933242798,2.3499999046325684,31800,0.0,0.0
2023-01-20 00:00:00-05:00,2.3499999046325684,2.4000000953674316,2.3299999237060547,2.390000104904175,6100,0.0,0.0
2023-01-23 00:00:00-05:00,2.369999885559082,2.440000057220459,2.369999885559082,2.4100000858306885,33800,0.0,0.0
2023-01-24 00:00:00-05:00,2.4200000762939453,2.4700000286102295,2.4200000762939453,2.4600000381469727,13200,0.0,0.0
2023-01-25 00:00:00-05:00,2.4600000381469727,2.5399999618530273,2.4600000381469727,2.5199999809265137,22900,0.0,0.0
2023-01-26 00:00:00-05:00,2.5199999809265137,2.5199999809265137,2.4600000381469727,2.4700000286102295,12200,0.0,0.0
2023-01-27 00:00:00-05:00,2.440000057220459,2.490000009536743,2.4100000858306885,2.4600000381469727,32600,0.0,0.0
2023-01-30 00:00:00-05:00,2.4800000190734863,2.4800000190734863,2.4000000953674316,2.4100000858306885,32000,0.0,0.0
2023-01-31 00:00:00-05:00,2.4000000953674316,2.4000000953674316,2.390000104904175,2.390000104904175,8400,0.0,0.0
2023-02-01 00:00:00-05:00,2.4200000762939453,2.4200000762939453,2.4000000953674316,2.4000000953674316,6200,0.0,0.0
2023-02-02 00:00:00-05:00,2.4100000858306885,2.4800000190734863,2.4100000858306885,2.4600000381469727,18800,0.0,0.0
2023-02-03 00:00:00-05:00,2.4600000381469727,2.4600000381469727,2.4000000953674316,2.4000000953674316,28500,0.0,0.0
2023-02-06 00:00:00-05:00,2.390000104904175,2.440000057220459,2.390000104904175,2.430000066757202,12100,0.0,0.0
2023-02-07 00:00:00-05:00,2.390000104904175,2.4100000858306885,2.359999895095825,2.4100000858306885,3700,0.0,0.0
2023-02-08 00:00:00-05:00,2.380000114440918,2.390000104904175,2.359999895095825,2.359999895095825,20300,0.0,0.0
2023-02-09 00:00:00-05:00,2.440000057220459,2.490000009536743,2.4200000762939453,2.450000047683716,32100,0.0,0.0
2023-02-10 00:00:00-05:00,2.4600000381469727,2.4600000381469727,2.3499999046325684,2.380000114440918,13000,0.0,0.0
2023-02-13 00:00:00-05:00,2.309999942779541,2.3499999046325684,2.309999942779541,2.3299999237060547,8000,0.0,0.0
2023-02-14 00:00:00-05:00,2.3499999046325684,2.369999885559082,2.3299999237060547,2.3499999046325684,20100,0.0,0.0
2023-02-15 00:00:00-05:00,2.3299999237060547,2.3499999046325684,2.299999952316284,2.309999942779541,19000,0.0,0.0
2023-02-16 00:00:00-05:00,2.319999933242798,2.369999885559082,2.2300000190734863,2.2699999809265137,24300,0.0,0.0
2023-02-17 00:00:00-05:00,2.259999990463257,2.359999895095825,2.259999990463257,2.3299999237060547,8000,0.0,0.0
2023-02-21 00:00:00-05:00,2.3499999046325684,2.4000000953674316,2.299999952316284,2.299999952316284,14500,0.0,0.0
2023-02-22 00:00:00-05:00,2.3399999141693115,2.3399999141693115,2.299999952316284,2.309999942779541,12800,0.0,0.0
2023-02-23 00:00:00-05:00,2.309999942779541,2.3399999141693115,2.2899999618530273,2.299999952316284,12000,0.0,0.0
2023-02-24 00:00:00-05:00,2.299999952316284,2.299999952316284,2.2100000381469727,2.2300000190734863,14900,0.0,0.0
2023-02-27 00:00:00-05:00,2.25,2.25,2.180000066757202,2.2100000381469727,27400,0.0,0.0
2023-02-28 00:00:00-05:00,2.200000047683716,2.240000009536743,2.200000047683716,2.200000047683716,17500,0.0,0.0
2023-03-01 00:00:00-05:00,2.200000047683716,2.2300000190734863,2.190000057220459,2.190000057220459,7900,0.0,0.0
2023-03-02 00:00:00-05:00,2.200000047683716,2.2200000286102295,2.1600000858306885,2.190000057220459,18700,0.0,0.0
2023-03-03 00:00:00-05:00,2.180000066757202,2.240000009536743,2.180000066757202,2.240000009536743,8200,0.0,0.0
2023-03-06 00:00:00-05:00,2.200000047683716,2.25,2.200000047683716,2.2100000381469727,4000,0.0,0.0
2023-03-07 00:00:00-05:00,2.200000047683716,2.240000009536743,2.200000047683716,2.200000047683716,8700,0.0,0.0
2023-03-08 00:00:00-05:00,2.200000047683716,2.240000009536743,2.200000047683716,2.240000009536743,6000,0.0,0.0
2023-03-09 00:00:00-05:00,2.2300000190734863,2.2799999713897705,2.1700000762939453,2.1700000762939453,15400,0.0,0.0
2023-03-10 00:00:00-05:00,2.1700000762939453,2.259999990463257,2.1700000762939453,2.240000009536743,38300,0.0,0.0
2023-03-13 00:00:00-04:00,2.2200000286102295,2.2200000286102295,2.140000104904175,2.1500000953674316,14700,0.0,0.0
2023-03-14 00:00:00-04:00,2.1500000953674316,2.190000057220459,2.130000114440918,2.130000114440918,32000,0.0,0.0
2023-03-15 00:00:00-04:00,2.0999999046325684,2.1500000953674316,2.0999999046325684,2.0999999046325684,18400,0.0,0.0
2023-03-16 00:00:00-04:00,2.0999999046325684,2.119999885559082,2.0999999046325684,2.0999999046325684,5900,0.0,0.0
2023-03-17 00:00:00-04:00,2.069999933242798,2.200000047683716,1.8899999856948853,1.9500000476837158,132700,0.0,0.0
2023-03-20 00:00:00-04:00,1.9800000190734863,2.0999999046325684,1.9800000190734863,2.069999933242798,21700,0.0,0.0
2023-03-21 00:00:00-04:00,2.119999885559082,2.130000114440918,2.0,2.0199999809265137,12300,0.0,0.0
2023-03-22 00:00:00-04:00,2.119999885559082,2.1600000858306885,2.069999933242798,2.069999933242798,39400,0.0,0.0
2023-03-23 00:00:00-04:00,2.1500000953674316,2.200000047683716,2.1500000953674316,2.200000047683716,26600,0.0,0.0
2023-03-24 00:00:00-04:00,2.1700000762939453,2.25,2.1700000762939453,2.2300000190734863,5800,0.0,0.0
2023-03-27 00:00:00-04:00,2.2200000286102295,2.240000009536743,2.190000057220459,2.190000057220459,9900,0.0,0.0
2023-03-28 00:00:00-04:00,2.1700000762939453,2.190000057220459,2.1700000762939453,2.1700000762939453,10100,0.0,0.0
2023-03-29 00:00:00-04:00,2.1600000858306885,2.200000047683716,2.1600000858306885,2.1700000762939453,3100,0.0,0.0
2023-03-30 00:00:00-04:00,2.180000066757202,2.200000047683716,2.130000114440918,2.1500000953674316,18800,0.0,0.0
2023-03-31 00:00:00-04:00,2.1500000953674316,2.190000057220459,2.1500000953674316,2.1600000858306885,3000,0.0,0.0
2023-04-03 00:00:00-04:00,2.1500000953674316,2.1500000953674316,2.0999999046325684,2.0999999046325684,5000,0.0,0.0
2023-04-04 00:00:00-04:00,2.0999999046325684,2.130000114440918,2.0999999046325684,2.0999999046325684,35700,0.0,0.0
2023-04-05 00:00:00-04:00,2.0999999046325684,2.200000047683716,2.0999999046325684,2.1600000858306885,58100,0.0,0.0
2023-04-06 00:00:00-04:00,2.180000066757202,2.2100000381469727,2.1700000762939453,2.200000047683716,25500,0.0,0.0
2023-04-10 00:00:00-04:00,2.200000047683716,2.240000009536743,2.190000057220459,2.240000009536743,117600,0.0,0.0
2023-04-11 00:00:00-04:00,2.25,2.359999895095825,2.25,2.299999952316284,94300,0.0,0.0
2023-04-12 00:00:00-04:00,2.299999952316284,2.3399999141693115,2.25,2.2899999618530273,35800,0.0,0.0
2023-04-13 00:00:00-04:00,2.319999933242798,2.319999933242798,2.2699999809265137,2.309999942779541,6500,0.0,0.0
2023-04-14 00:00:00-04:00,2.3299999237060547,2.4000000953674316,2.2899999618530273,2.299999952316284,8400,0.0,0.0
2023-04-17 00:00:00-04:00,2.2899999618530273,2.319999933242798,2.25,2.25,7600,0.0,0.0
2023-04-18 00:00:00-04:00,2.25,2.2899999618530273,2.240000009536743,2.259999990463257,6300,0.0,0.0
2023-04-19 00:00:00-04:00,2.240000009536743,2.240000009536743,2.2200000286102295,2.2200000286102295,4300,0.0,0.0
2023-04-20 00:00:00-04:00,2.200000047683716,2.2300000190734863,2.1600000858306885,2.200000047683716,24300,0.0,0.0
2023-04-21 00:00:00-04:00,2.180000066757202,2.25,2.180000066757202,2.190000057220459,10800,0.0,0.0
2023-04-24 00:00:00-04:00,2.1700000762939453,2.240000009536743,2.1600000858306885,2.1700000762939453,15000,0.0,0.0
2023-04-25 00:00:00-04:00,2.190000057220459,2.2300000190734863,2.180000066757202,2.180000066757202,6000,0.0,0.0
2023-04-26 00:00:00-04:00,2.1600000858306885,2.200000047683716,2.140000104904175,2.140000104904175,12500,0.0,0.0
2023-04-27 00:00:00-04:00,2.1600000858306885,2.1600000858306885,2.109999895095825,2.119999885559082,20300,0.0,0.0
2023-04-28 00:00:00-04:00,2.109999895095825,2.140000104904175,2.0999999046325684,2.109999895095825,9900,0.0,0.0
2023-05-01 00:00:00-04:00,2.140000104904175,2.200000047683716,2.0899999141693115,2.0899999141693115,8600,0.0,0.0
2023-05-02 00:00:00-04:00,2.109999895095825,2.119999885559082,2.0999999046325684,2.0999999046325684,6800,0.0,0.0
2023-05-03 00:00:00-04:00,2.119999885559082,2.119999885559082,2.0899999141693115,2.0899999141693115,23200,0.0,0.0
2023-05-04 00:00:00-04:00,2.0999999046325684,2.140000104904175,2.0899999141693115,2.119999885559082,16100,0.0,0.0
2023-05-05 00:00:00-04:00,2.119999885559082,2.2799999713897705,2.119999885559082,2.1600000858306885,49200,0.0,0.0
2023-05-08 00:00:00-04:00,2.180000066757202,2.299999952316284,2.180000066757202,2.190000057220459,11200,0.0,0.0
2023-05-09 00:00:00-04:00,2.25,2.259999990463257,2.1500000953674316,2.190000057220459,15600,0.0,0.0
2023-05-10 00:00:00-04:00,2.190000057220459,2.240000009536743,2.190000057220459,2.2300000190734863,9000,0.0,0.0
2023-05-11 00:00:00-04:00,2.25,2.25,2.1600000858306885,2.1600000858306885,5000,0.0,0.0
2023-05-12 00:00:00-04:00,2.240000009536743,2.25,2.1600000858306885,2.1600000858306885,5800,0.0,0.0
2023-05-15 00:00:00-04:00,2.200000047683716,2.25,2.190000057220459,2.2100000381469727,7400,0.0,0.0
2023-05-16 00:00:00-04:00,2.200000047683716,2.2200000286102295,2.180000066757202,2.190000057220459,6800,0.0,0.0
2023-05-17 00:00:00-04:00,2.180000066757202,2.2200000286102295,2.180000066757202,2.2100000381469727,8600,0.0,0.0
2023-05-18 00:00:00-04:00,2.180000066757202,2.180000066757202,2.109999895095825,2.119999885559082,15500,0.0,0.0
2023-05-19 00:00:00-04:00,2.109999895095825,2.2200000286102295,2.109999895095825,2.190000057220459,24000,0.0,0.0
2023-05-22 00:00:00-04:00,2.180000066757202,2.180000066757202,2.1500000953674316,2.180000066757202,9800,0.0,0.0
2023-05-23 00:00:00-04:00,2.0999999046325684,2.200000047683716,2.0999999046325684,2.1500000953674316,10000,0.0,0.0
2023-05-24 00:00:00-04:00,2.1500000953674316,2.1600000858306885,2.109999895095825,2.1600000858306885,4600,0.0,0.0
2023-05-25 00:00:00-04:00,2.119999885559082,2.140000104904175,2.0999999046325684,2.109999895095825,15200,0.0,0.0
2023-05-26 00:00:00-04:00,2.140000104904175,2.1600000858306885,2.109999895095825,2.140000104904175,13400,0.0,0.0
2023-05-30 00:00:00-04:00,2.140000104904175,2.1600000858306885,2.130000114440918,2.140000104904175,15400,0.0,0.0
2023-05-31 00:00:00-04:00,2.1600000858306885,2.1700000762939453,2.1500000953674316,2.1500000953674316,9800,0.0,0.0
2023-06-01 00:00:00-04:00,2.109999895095825,2.2200000286102295,2.109999895095825,2.200000047683716,10900,0.0,0.0
2023-06-02 00:00:00-04:00,2.1700000762939453,2.200000047683716,2.1700000762939453,2.190000057220459,6800,0.0,0.0
2023-06-05 00:00:00-04:00,2.190000057220459,2.2300000190734863,2.1600000858306885,2.1700000762939453,13600,0.0,0.0
2023-06-06 00:00:00-04:00,2.109999895095825,2.2100000381469727,2.109999895095825,2.1500000953674316,2000,0.0,0.0
2023-06-07 00:00:00-04:00,2.240000009536743,2.240000009536743,2.1500000953674316,2.1700000762939453,4800,0.0,0.0
2023-06-08 00:00:00-04:00,2.180000066757202,2.180000066757202,2.140000104904175,2.1600000858306885,5400,0.0,0.0
2023-06-09 00:00:00-04:00,2.1500000953674316,2.1600000858306885,2.140000104904175,2.1500000953674316,6100,0.0,0.0
2023-06-12 00:00:00-04:00,2.1700000762939453,2.240000009536743,2.1700000762939453,2.200000047683716,27000,0.0,0.0
2023-06-13 00:00:00-04:00,2.200000047683716,2.299999952316284,2.200000047683716,2.2300000190734863,41500,0.0,0.0
2023-06-14 00:00:00-04:00,2.259999990463257,2.299999952316284,2.1700000762939453,2.2100000381469727,49900,0.0,0.0
2023-06-15 00:00:00-04:00,2.259999990463257,2.309999942779541,2.259999990463257,2.309999942779541,28800,0.0,0.0
2023-06-16 00:00:00-04:00,2.380000114440918,2.4200000762939453,2.3399999141693115,2.3499999046325684,67100,0.0,0.0
2023-06-20 00:00:00-04:00,2.3499999046325684,2.4800000190734863,2.3499999046325684,2.4000000953674316,42800,0.0,0.0
2023-06-21 00:00:00-04:00,2.440000057220459,2.450000047683716,2.4000000953674316,2.4200000762939453,19900,0.0,0.0
2023-06-22 00:00:00-04:00,2.440000057220459,2.450000047683716,2.430000066757202,2.430000066757202,18400,0.0,0.0
2023-06-23 00:00:00-04:00,2.430000066757202,2.430000066757202,2.299999952316284,2.3299999237060547,55700,0.0,0.0
2023-06-26 00:00:00-04:00,2.3499999046325684,2.3499999046325684,2.2300000190734863,2.240000009536743,15600,0.0,0.0
2023-06-27 00:00:00-04:00,2.2799999713897705,2.2799999713897705,2.2100000381469727,2.2200000286102295,10000,0.0,0.0
2023-06-28 00:00:00-04:00,2.2799999713897705,2.319999933242798,2.25,2.25,24500,0.0,0.0
2023-06-29 00:00:00-04:00,2.2699999809265137,2.309999942779541,2.2200000286102295,2.2899999618530273,46900,0.0,0.0
2023-06-30 00:00:00-04:00,2.299999952316284,2.369999885559082,2.299999952316284,2.299999952316284,29400,0.0,0.0
2023-07-03 00:00:00-04:00,2.2799999713897705,2.369999885559082,2.2799999713897705,2.2899999618530273,9300,0.0,0.0
2023-07-05 00:00:00-04:00,2.2899999618530273,2.4600000381469727,2.2899999618530273,2.4000000953674316,26300,0.0,0.0
2023-07-06 00:00:00-04:00,2.380000114440918,2.380000114440918,2.2899999618530273,2.3399999141693115,15300,0.0,0.0
2023-07-07 00:00:00-04:00,2.369999885559082,2.430000066757202,2.359999895095825,2.4000000953674316,12900,0.0,0.0
2023-07-10 00:00:00-04:00,2.450000047683716,2.609999895095825,2.450000047683716,2.559999942779541,20300,0.0,0.0
2023-07-11 00:00:00-04:00,2.5899999141693115,2.6600000858306885,2.5899999141693115,2.5999999046325684,24000,0.0,0.0
2023-07-12 00:00:00-04:00,2.5999999046325684,2.5999999046325684,2.5299999713897705,2.549999952316284,25500,0.0,0.0
2023-07-13 00:00:00-04:00,2.5199999809265137,2.640000104904175,2.5199999809265137,2.5999999046325684,17000,0.0,0.0
2023-07-14 00:00:00-04:00,2.5999999046325684,2.5999999046325684,2.5399999618530273,2.559999942779541,18500,0.0,0.0
2023-07-17 00:00:00-04:00,2.5799999237060547,2.5799999237060547,2.440000057220459,2.4600000381469727,19300,0.0,0.0
2023-07-18 00:00:00-04:00,2.4700000286102295,2.549999952316284,2.4000000953674316,2.4100000858306885,29300,0.0,0.0
2023-07-19 00:00:00-04:00,2.4000000953674316,2.509999990463257,2.380000114440918,2.5,29800,0.0,0.0
2023-07-20 00:00:00-04:00,2.5399999618530273,2.549999952316284,2.4600000381469727,2.509999990463257,10500,0.0,0.0
2023-07-21 00:00:00-04:00,2.490000009536743,2.490000009536743,2.380000114440918,2.4000000953674316,13000,0.0,0.0
2023-07-24 00:00:00-04:00,2.3499999046325684,2.4700000286102295,2.3499999046325684,2.4000000953674316,21000,0.0,0.0
2023-07-25 00:00:00-04:00,2.4000000953674316,2.4200000762939453,2.3499999046325684,2.359999895095825,4500,0.0,0.0
2023-07-26 00:00:00-04:00,2.380000114440918,2.4200000762939453,2.359999895095825,2.380000114440918,4900,0.0,0.0
2023-07-27 00:00:00-04:00,2.380000114440918,2.4000000953674316,2.3499999046325684,2.380000114440918,12300,0.0,0.0
2023-07-28 00:00:00-04:00,2.380000114440918,2.380000114440918,2.3399999141693115,2.3499999046325684,10100,0.0,0.0
2023-07-31 00:00:00-04:00,2.3399999141693115,2.4000000953674316,2.3399999141693115,2.380000114440918,7700,0.0,0.0
2023-08-01 00:00:00-04:00,2.299999952316284,2.369999885559082,2.2899999618530273,2.3399999141693115,21500,0.0,0.0
2023-08-02 00:00:00-04:00,2.3399999141693115,2.3399999141693115,2.2799999713897705,2.309999942779541,10100,0.0,0.0
2023-08-03 00:00:00-04:00,2.309999942779541,2.430000066757202,2.309999942779541,2.380000114440918,21500,0.0,0.0
2023-08-04 00:00:00-04:00,2.4100000858306885,2.559999942779541,2.380000114440918,2.4700000286102295,24400,0.0,0.0
2023-08-07 00:00:00-04:00,2.4700000286102295,2.5199999809265137,2.440000057220459,2.450000047683716,7500,0.0,0.0
2023-08-08 00:00:00-04:00,2.4700000286102295,2.4700000286102295,2.4000000953674316,2.4100000858306885,14700,0.0,0.0
2023-08-09 00:00:00-04:00,2.450000047683716,2.450000047683716,2.359999895095825,2.359999895095825,16500,0.0,0.0
2023-08-10 00:00:00-04:00,2.380000114440918,2.430000066757202,2.369999885559082,2.4000000953674316,14000,0.0,0.0
2023-08-11 00:00:00-04:00,2.4000000953674316,2.5,2.390000104904175,2.4000000953674316,8900,0.0,0.0
2023-08-14 00:00:00-04:00,2.390000104904175,2.4100000858306885,2.359999895095825,2.380000114440918,9700,0.0,0.0
2023-08-15 00:00:00-04:00,2.4000000953674316,2.4000000953674316,2.299999952316284,2.309999942779541,13600,0.0,0.0
2023-08-16 00:00:00-04:00,2.4700000286102295,2.5399999618530273,2.450000047683716,2.4700000286102295,75800,0.0,0.0
2023-08-17 00:00:00-04:00,2.4700000286102295,2.4700000286102295,2.299999952316284,2.309999942779541,16100,0.0,0.0
2023-08-18 00:00:00-04:00,2.2799999713897705,2.369999885559082,2.25,2.309999942779541,19900,0.0,0.0
2023-08-21 00:00:00-04:00,2.380000114440918,2.4200000762939453,2.3399999141693115,2.359999895095825,29800,0.0,0.0
2023-08-22 00:00:00-04:00,2.359999895095825,2.369999885559082,2.319999933242798,2.359999895095825,10600,0.0,0.0
2023-08-23 00:00:00-04:00,2.380000114440918,2.380000114440918,2.319999933242798,2.319999933242798,9100,0.0,0.0
2023-08-24 00:00:00-04:00,2.309999942779541,2.309999942779541,2.259999990463257,2.2699999809265137,12400,0.0,0.0
2023-08-25 00:00:00-04:00,2.259999990463257,2.2899999618530273,2.2200000286102295,2.2699999809265137,16000,0.0,0.0
2023-08-28 00:00:00-04:00,2.25,2.3399999141693115,2.240000009536743,2.25,9300,0.0,0.0
2023-08-29 00:00:00-04:00,2.2300000190734863,2.2899999618530273,2.2300000190734863,2.2899999618530273,8800,0.0,0.0
2023-08-30 00:00:00-04:00,2.359999895095825,2.4700000286102295,2.359999895095825,2.440000057220459,21400,0.0,0.0
2023-08-31 00:00:00-04:00,2.440000057220459,2.490000009536743,2.390000104904175,2.440000057220459,30400,0.0,0.0
2023-09-01 00:00:00-04:00,2.4000000953674316,2.450000047683716,2.380000114440918,2.380000114440918,17000,0.0,0.0
2023-09-05 00:00:00-04:00,2.309999942779541,2.3399999141693115,2.2899999618530273,2.319999933242798,26200,0.0,0.0
2023-09-06 00:00:00-04:00,2.2899999618530273,2.299999952316284,2.259999990463257,2.2799999713897705,8400,0.0,0.0
2023-09-07 00:00:00-04:00,2.240000009536743,2.2899999618530273,2.2200000286102295,2.2699999809265137,11200,0.0,0.0
2023-09-08 00:00:00-04:00,2.2799999713897705,2.2799999713897705,2.25,2.25,6300,0.0,0.0
2023-09-11 00:00:00-04:00,2.2799999713897705,2.380000114440918,2.25,2.25,11800,0.0,0.0
2023-09-12 00:00:00-04:00,2.259999990463257,2.2699999809265137,2.2100000381469727,2.240000009536743,20600,0.0,0.0
2023-09-13 00:00:00-04:00,2.2300000190734863,2.259999990463257,2.2100000381469727,2.2100000381469727,15600,0.0,0.0
2023-09-14 00:00:00-04:00,2.2100000381469727,2.259999990463257,2.2100000381469727,2.240000009536743,4800,0.0,0.0
2023-09-15 00:00:00-04:00,2.25,2.25,2.0399999618530273,2.0399999618530273,53000,0.0,0.0
2023-09-18 00:00:00-04:00,2.049999952316284,2.2100000381469727,2.049999952316284,2.1500000953674316,14000,0.0,0.0
2023-09-19 00:00:00-04:00,2.240000009536743,2.240000009536743,2.0999999046325684,2.0999999046325684,7300,0.0,0.0
2023-09-20 00:00:00-04:00,2.0799999237060547,2.119999885559082,2.0399999618530273,2.0899999141693115,18600,0.0,0.0
2023-09-21 00:00:00-04:00,2.109999895095825,2.109999895095825,2.0,2.009999990463257,26500,0.0,0.0
2023-09-22 00:00:00-04:00,2.0999999046325684,2.2699999809265137,2.0799999237060547,2.0899999141693115,47600,0.0,0.0
2023-09-25 00:00:00-04:00,2.0999999046325684,2.3499999046325684,2.0999999046325684,2.130000114440918,28300,0.0,0.0
2023-09-26 00:00:00-04:00,2.0999999046325684,2.0999999046325684,2.069999933242798,2.0999999046325684,23200,0.0,0.0
2023-09-27 00:00:00-04:00,2.049999952316284,2.1600000858306885,2.049999952316284,2.0899999141693115,9000,0.0,0.0
2023-09-28 00:00:00-04:00,2.2200000286102295,2.380000114440918,1.9900000095367432,2.119999885559082,126400,0.0,0.0
2023-09-29 00:00:00-04:00,2.119999885559082,2.119999885559082,2.049999952316284,2.0899999141693115,18700,0.0,0.0
2023-10-02 00:00:00-04:00,2.069999933242798,2.069999933242798,2.0,2.0299999713897705,12400,0.0,0.0
2023-10-03 00:00:00-04:00,2.0199999809265137,2.0299999713897705,1.9800000190734863,2.009999990463257,65700,0.0,0.0
2023-10-04 00:00:00-04:00,1.9700000286102295,2.0299999713897705,1.9500000476837158,1.9800000190734863,66700,0.0,0.0
2023-10-05 00:00:00-04:00,2.0,2.0399999618530273,1.9900000095367432,1.9900000095367432,30300,0.0,0.0
2023-10-06 00:00:00-04:00,2.069999933242798,2.0799999237060547,1.9800000190734863,1.9800000190734863,1200,0.0,0.0
2023-10-09 00:00:00-04:00,1.9900000095367432,2.059999942779541,1.9299999475479126,2.009999990463257,20400,0.0,0.0
2023-10-10 00:00:00-04:00,1.9600000381469727,2.059999942779541,1.9600000381469727,2.0,19200,0.0,0.0
2023-10-11 00:00:00-04:00,2.0199999809265137,2.049999952316284,2.0,2.0,22600,0.0,0.0
2023-10-12 00:00:00-04:00,2.0,2.0,1.9800000190734863,2.0,17600,0.0,0.0
2023-10-13 00:00:00-04:00,1.9800000190734863,2.009999990463257,1.9800000190734863,2.0,28100,0.0,0.0
2023-10-16 00:00:00-04:00,2.0199999809265137,2.0899999141693115,2.0,2.0,32100,0.0,0.0
2023-10-17 00:00:00-04:00,2.0,2.0899999141693115,1.9900000095367432,1.9900000095367432,51600,0.0,0.0
2023-10-18 00:00:00-04:00,2.0,2.0299999713897705,2.0,2.0199999809265137,5400,0.0,0.0
2023-10-19 00:00:00-04:00,1.9900000095367432,2.009999990463257,1.9800000190734863,2.0,11000,0.0,0.0
2023-10-20 00:00:00-04:00,2.0,2.0199999809265137,1.9800000190734863,2.0199999809265137,20500,0.0,0.0
2023-10-23 00:00:00-04:00,2.0,2.0,1.9299999475479126,1.9500000476837158,26600,0.0,0.0
2023-10-24 00:00:00-04:00,1.909999966621399,1.9600000381469727,1.909999966621399,1.9199999570846558,11900,0.0,0.0
2023-10-25 00:00:00-04:00,1.9299999475479126,1.9900000095367432,1.9299999475479126,1.9700000286102295,13500,0.0,0.0
2023-10-26 00:00:00-04:00,1.940000057220459,1.9800000190734863,1.909999966621399,1.940000057220459,14300,0.0,0.0
2023-10-27 00:00:00-04:00,1.9500000476837158,1.9500000476837158,1.909999966621399,1.9199999570846558,2200,0.0,0.0
2023-10-30 00:00:00-04:00,1.9500000476837158,1.9600000381469727,1.909999966621399,1.9600000381469727,10300,0.0,0.0
2023-10-31 00:00:00-04:00,2.0,2.0,1.909999966621399,1.909999966621399,4200,0.0,0.0
2023-11-01 00:00:00-04:00,1.940000057220459,1.940000057220459,1.8700000047683716,1.8799999952316284,16800,0.0,0.0
2023-11-02 00:00:00-04:00,1.899999976158142,1.9199999570846558,1.8600000143051147,1.8899999856948853,12900,0.0,0.0
2023-11-03 00:00:00-04:00,1.9299999475479126,1.9299999475479126,1.899999976158142,1.899999976158142,4100,0.0,0.0
2023-11-06 00:00:00-05:00,1.8799999952316284,1.9199999570846558,1.8300000429153442,1.8300000429153442,13100,0.0,0.0
2023-11-07 00:00:00-05:00,1.9299999475479126,1.9500000476837158,1.840000033378601,1.850000023841858,8800,0.0,0.0
2023-11-08 00:00:00-05:00,1.909999966621399,1.9199999570846558,1.850000023841858,1.8700000047683716,3900,0.0,0.0
2023-11-09 00:00:00-05:00,1.840000033378601,1.8899999856948853,1.75,1.7899999618530273,15000,0.0,0.0
2023-11-10 00:00:00-05:00,1.840000033378601,1.840000033378601,1.7799999713897705,1.7799999713897705,7300,0.0,0.0
2023-11-13 00:00:00-05:00,1.75,1.809999942779541,1.75,1.7999999523162842,8300,0.0,0.0
2023-11-14 00:00:00-05:00,1.840000033378601,1.840000033378601,1.7400000095367432,1.7400000095367432,19400,0.0,0.0
2023-11-15 00:00:00-05:00,1.75,1.8200000524520874,1.75,1.7599999904632568,8400,0.0,0.0
2023-11-16 00:00:00-05:00,1.75,1.7799999713897705,1.7100000381469727,1.7599999904632568,19300,0.0,0.0
2023-11-17 00:00:00-05:00,1.7599999904632568,1.8300000429153442,1.7599999904632568,1.7799999713897705,5400,0.0,0.0
2023-11-20 00:00:00-05:00,1.9900000095367432,2.1600000858306885,1.850000023841858,2.059999942779541,4471700,0.0,0.0
2023-11-21 00:00:00-05:00,1.9500000476837158,1.9500000476837158,1.850000023841858,1.8600000143051147,250300,0.0,0.0
2023-11-22 00:00:00-05:00,1.8200000524520874,1.899999976158142,1.7599999904632568,1.899999976158142,134300,0.0,0.0
2023-11-24 00:00:00-05:00,1.850000023841858,1.899999976158142,1.850000023841858,1.850000023841858,27400,0.0,0.0
2023-11-27 00:00:00-05:00,1.7599999904632568,1.850000023841858,1.7599999904632568,1.7799999713897705,50100,0.0,0.0
2023-11-28 00:00:00-05:00,1.809999942779541,1.850000023841858,1.7799999713897705,1.850000023841858,43900,0.0,0.0
2023-11-29 00:00:00-05:00,1.850000023841858,1.850000023841858,1.7899999618530273,1.840000033378601,32900,0.0,0.0
2023-11-30 00:00:00-05:00,1.75,1.8200000524520874,1.75,1.809999942779541,33300,0.0,0.0
2023-12-01 00:00:00-05:00,1.75,1.809999942779541,1.75,1.7799999713897705,20600,0.0,0.0
2023-12-04 00:00:00-05:00,1.7000000476837158,1.7899999618530273,1.7000000476837158,1.7400000095367432,77400,0.0,0.0
2023-12-05 00:00:00-05:00,1.7400000095367432,1.75,1.7100000381469727,1.7400000095367432,32700,0.0,0.0
2023-12-06 00:00:00-05:00,1.7300000190734863,1.7300000190734863,1.6799999475479126,1.6799999475479126,47800,0.0,0.0
2023-12-07 00:00:00-05:00,1.6799999475479126,1.75,1.6799999475479126,1.75,67300,0.0,0.0
2023-12-08 00:00:00-05:00,1.7400000095367432,1.7699999809265137,1.7000000476837158,1.7000000476837158,22000,0.0,0.0
2023-12-11 00:00:00-05:00,1.659999966621399,1.7100000381469727,1.659999966621399,1.690000057220459,39800,0.0,0.0
2023-12-12 00:00:00-05:00,1.7000000476837158,1.7100000381469727,1.6399999856948853,1.6399999856948853,41600,0.0,0.0
2023-12-13 00:00:00-05:00,1.6399999856948853,1.6399999856948853,1.5700000524520874,1.5800000429153442,76000,0.0,0.0
2023-12-14 00:00:00-05:00,1.5499999523162842,1.5800000429153442,1.5499999523162842,1.5700000524520874,49300,0.0,0.0
2023-12-15 00:00:00-05:00,1.6100000143051147,1.6299999952316284,1.559999942779541,1.559999942779541,40800,0.0,0.0
2023-12-18 00:00:00-05:00,1.5700000524520874,1.5800000429153442,1.5099999904632568,1.5099999904632568,17500,0.0,0.0
2023-12-19 00:00:00-05:00,1.4900000095367432,1.5700000524520874,1.4900000095367432,1.559999942779541,46300,0.0,0.0
2023-12-20 00:00:00-05:00,1.5399999618530273,1.5499999523162842,1.5,1.5099999904632568,16700,0.0,0.0
2023-12-21 00:00:00-05:00,1.5099999904632568,1.5399999618530273,1.4800000190734863,1.4800000190734863,56400,0.0,0.0
2023-12-22 00:00:00-05:00,1.5,1.5,1.4199999570846558,1.4600000381469727,50100,0.0,0.0
2023-12-26 00:00:00-05:00,1.4500000476837158,1.4500000476837158,1.3799999952316284,1.3799999952316284,154000,0.0,0.0
2023-12-27 00:00:00-05:00,1.4199999570846558,1.4800000190734863,1.4199999570846558,1.4500000476837158,74500,0.0,0.0
2023-12-28 00:00:00-05:00,1.4500000476837158,1.4500000476837158,1.399999976158142,1.409999966621399,103700,0.0,0.0
2023-12-29 00:00:00-05:00,1.399999976158142,1.5299999713897705,1.3899999856948853,1.5,157700,0.0,0.0
2024-01-02 00:00:00-05:00,1.5199999809265137,1.7000000476837158,1.5099999904632568,1.649999976158142,246000,0.0,0.0
2024-01-03 00:00:00-05:00,1.6399999856948853,1.6399999856948853,1.5700000524520874,1.6100000143051147,71100,0.0,0.0
2024-01-04 00:00:00-05:00,1.6100000143051147,1.6200000047683716,1.5499999523162842,1.5700000524520874,74800,0.0,0.0
2024-01-05 00:00:00-05:00,1.5700000524520874,1.600000023841858,1.5399999618530273,1.5399999618530273,83500,0.0,0.0
2024-01-08 00:00:00-05:00,1.5399999618530273,1.600000023841858,1.5399999618530273,1.5700000524520874,18500,0.0,0.0
2024-01-09 00:00:00-05:00,1.5499999523162842,1.5700000524520874,1.5199999809265137,1.5299999713897705,49700,0.0,0.0
2024-01-10 00:00:00-05:00,1.5299999713897705,1.5399999618530273,1.4500000476837158,1.5,94300,0.0,0.0
2024-01-11 00:00:00-05:00,1.4299999475479126,1.5099999904632568,1.4299999475479126,1.4600000381469727,78500,0.0,0.0
2024-01-12 00:00:00-05:00,1.5,1.559999942779541,1.4900000095367432,1.5,99300,0.0,0.0
2024-01-16 00:00:00-05:00,1.5,1.559999942779541,1.5,1.5199999809265137,27200,0.0,0.0
2024-01-17 00:00:00-05:00,1.5199999809265137,1.5299999713897705,1.4900000095367432,1.5,37000,0.0,0.0
2024-01-18 00:00:00-05:00,1.5299999713897705,1.5399999618530273,1.5099999904632568,1.5199999809265137,17200,0.0,0.0
2024-01-19 00:00:00-05:00,1.5099999904632568,1.5199999809265137,1.4800000190734863,1.5,11900,0.0,0.0
2024-01-22 00:00:00-05:00,1.5,1.5199999809265137,1.4700000286102295,1.5,43900,0.0,0.0
2024-01-23 00:00:00-05:00,1.5,1.5299999713897705,1.4800000190734863,1.4800000190734863,11800,0.0,0.0
2024-01-24 00:00:00-05:00,1.5,1.5199999809265137,1.5,1.5199999809265137,4200,0.0,0.0
2024-01-25 00:00:00-05:00,1.5099999904632568,1.5199999809265137,1.4900000095367432,1.5099999904632568,12200,0.0,0.0
2024-01-26 00:00:00-05:00,1.4900000095367432,1.5099999904632568,1.2999999523162842,1.4700000286102295,98000,0.0,0.0
2024-01-29 00:00:00-05:00,1.4299999475479126,1.4600000381469727,1.4299999475479126,1.4500000476837158,15500,0.0,0.0
2024-01-30 00:00:00-05:00,1.4500000476837158,1.4500000476837158,1.409999966621399,1.409999966621399,22700,0.0,0.0
2024-01-31 00:00:00-05:00,1.409999966621399,1.4500000476837158,1.409999966621399,1.409999966621399,10400,0.0,0.0
2024-02-01 00:00:00-05:00,1.3899999856948853,1.440000057220459,1.3899999856948853,1.440000057220459,24100,0.0,0.0
2024-02-02 00:00:00-05:00,1.5199999809265137,1.5199999809265137,1.3799999952316284,1.409999966621399,23800,0.0,0.0
2024-02-05 00:00:00-05:00,1.3600000143051147,1.399999976158142,1.3600000143051147,1.399999976158142,7300,0.0,0.0
2024-02-06 00:00:00-05:00,1.3600000143051147,1.440000057220459,1.3600000143051147,1.440000057220459,29300,0.0,0.0
2024-02-07 00:00:00-05:00,1.4199999570846558,1.4199999570846558,1.3700000047683716,1.399999976158142,28900,0.0,0.0
2024-02-08 00:00:00-05:00,1.3799999952316284,1.399999976158142,1.3700000047683716,1.399999976158142,24100,0.0,0.0
2024-02-09 00:00:00-05:00,1.4199999570846558,1.4199999570846558,1.3799999952316284,1.4199999570846558,11200,0.0,0.0
2024-02-12 00:00:00-05:00,1.3899999856948853,1.399999976158142,1.350000023841858,1.3600000143051147,47600,0.0,0.0
2024-02-13 00:00:00-05:00,1.3700000047683716,1.3799999952316284,1.3300000429153442,1.350000023841858,49500,0.0,0.0
2024-02-14 00:00:00-05:00,1.309999942779541,1.399999976158142,1.309999942779541,1.3799999952316284,56100,0.0,0.0
2024-02-15 00:00:00-05:00,1.3799999952316284,1.409999966621399,1.3200000524520874,1.350000023841858,158400,0.0,0.0
2024-02-16 00:00:00-05:00,1.3600000143051147,1.399999976158142,1.2899999618530273,1.3600000143051147,476900,0.0,0.0
2024-02-20 00:00:00-05:00,1.2899999618530273,1.3799999952316284,1.2899999618530273,1.3700000047683716,87100,0.0,0.0
2024-02-21 00:00:00-05:00,1.3600000143051147,1.3600000143051147,1.3200000524520874,1.350000023841858,62000,0.0,0.0
2024-02-22 00:00:00-05:00,1.3300000429153442,1.350000023841858,1.2999999523162842,1.3300000429153442,17900,0.0,0.0
2024-02-23 00:00:00-05:00,1.2899999618530273,1.309999942779541,1.2599999904632568,1.2799999713897705,116600,0.0,0.0
2024-02-26 00:00:00-05:00,1.2699999809265137,1.2999999523162842,1.2599999904632568,1.2999999523162842,38500,0.0,0.0
2024-02-27 00:00:00-05:00,1.2899999618530273,1.3300000429153442,1.2599999904632568,1.2899999618530273,69800,0.0,0.0
2024-02-28 00:00:00-05:00,1.2899999618530273,1.3799999952316284,1.2899999618530273,1.3600000143051147,46300,0.0,0.0
2024-02-29 00:00:00-05:00,1.3700000047683716,1.3700000047683716,1.309999942779541,1.350000023841858,21200,0.0,0.0
2024-03-01 00:00:00-05:00,1.3600000143051147,1.3899999856948853,1.3300000429153442,1.350000023841858,80900,0.0,0.0
2024-03-04 00:00:00-05:00,1.3799999952316284,1.4199999570846558,1.3700000047683716,1.3799999952316284,15000,0.0,0.0
2024-03-05 00:00:00-05:00,1.409999966621399,1.4199999570846558,1.3799999952316284,1.409999966621399,30400,0.0,0.0
2024-03-06 00:00:00-05:00,1.3799999952316284,1.409999966621399,1.340000033378601,1.3799999952316284,19900,0.0,0.0
2024-03-07 00:00:00-05:00,1.340000033378601,1.399999976158142,1.3300000429153442,1.3300000429153442,19100,0.0,0.0
2024-03-08 00:00:00-05:00,1.309999942779541,1.4299999475479126,1.309999942779541,1.399999976158142,51000,0.0,0.0
2024-03-11 00:00:00-04:00,1.3899999856948853,1.4299999475479126,1.3700000047683716,1.3799999952316284,22300,0.0,0.0
2024-03-12 00:00:00-04:00,1.409999966621399,1.440000057220459,1.3899999856948853,1.399999976158142,33700,0.0,0.0
2024-03-13 00:00:00-04:00,1.3899999856948853,1.440000057220459,1.350000023841858,1.350000023841858,34400,0.0,0.0
2024-03-14 00:00:00-04:00,1.350000023841858,1.4199999570846558,1.350000023841858,1.3600000143051147,17100,0.0,0.0
2024-03-15 00:00:00-04:00,1.3600000143051147,1.3700000047683716,1.2999999523162842,1.2999999523162842,74800,0.0,0.0
2024-03-18 00:00:00-04:00,1.309999942779541,1.4199999570846558,1.309999942779541,1.350000023841858,37200,0.0,0.0
2024-03-19 00:00:00-04:00,1.409999966621399,1.409999966621399,1.3200000524520874,1.3200000524520874,11300,0.0,0.0
2024-03-20 00:00:00-04:00,1.3300000429153442,1.399999976158142,1.3300000429153442,1.3799999952316284,34200,0.0,0.0
2024-03-21 00:00:00-04:00,1.4199999570846558,1.4600000381469727,1.409999966621399,1.4199999570846558,82800,0.0,0.0
2024-03-22 00:00:00-04:00,1.4500000476837158,1.4500000476837158,1.3799999952316284,1.3899999856948853,31800,0.0,0.0
2024-03-25 00:00:00-04:00,1.4199999570846558,1.440000057220459,1.3700000047683716,1.3799999952316284,23600,0.0,0.0
2024-03-26 00:00:00-04:00,1.4299999475479126,1.4299999475479126,1.3600000143051147,1.3600000143051147,67500,0.0,0.0
2024-03-27 00:00:00-04:00,1.3899999856948853,1.4700000286102295,1.3799999952316284,1.4700000286102295,264300,0.0,0.0
2024-03-28 00:00:00-04:00,1.4500000476837158,1.5,1.4500000476837158,1.4500000476837158,63000,0.0,0.0
2024-04-01 00:00:00-04:00,1.4500000476837158,1.5099999904632568,1.4500000476837158,1.4700000286102295,51800,0.0,0.0
2024-04-02 00:00:00-04:00,1.4500000476837158,1.4900000095367432,1.4199999570846558,1.4900000095367432,49000,0.0,0.0
2024-04-03 00:00:00-04:00,1.5199999809265137,1.590000033378601,1.5,1.5199999809265137,107000,0.0,0.0
2024-04-04 00:00:00-04:00,1.5199999809265137,1.5499999523162842,1.4600000381469727,1.4600000381469727,62700,0.0,0.0
2024-04-05 00:00:00-04:00,1.4700000286102295,1.5299999713897705,1.4700000286102295,1.4900000095367432,53300,0.0,0.0
2024-04-08 00:00:00-04:00,1.4900000095367432,1.5299999713897705,1.4900000095367432,1.4900000095367432,26900,0.0,0.0
2024-04-09 00:00:00-04:00,1.4900000095367432,1.5399999618530273,1.4900000095367432,1.4900000095367432,16400,0.0,0.0
2024-04-10 00:00:00-04:00,1.5,1.5700000524520874,1.4900000095367432,1.5199999809265137,19900,0.0,0.0
2024-04-11 00:00:00-04:00,1.559999942779541,1.590000033378601,1.5299999713897705,1.559999942779541,23600,0.0,0.0
2024-04-12 00:00:00-04:00,1.600000023841858,1.6399999856948853,1.5399999618530273,1.5700000524520874,57700,0.0,0.0
2024-04-15 00:00:00-04:00,1.590000033378601,1.590000033378601,1.5199999809265137,1.5399999618530273,17000,0.0,0.0
2024-04-16 00:00:00-04:00,1.5099999904632568,1.5199999809265137,1.4800000190734863,1.5199999809265137,24200,0.0,0.0
2024-04-17 00:00:00-04:00,1.4600000381469727,1.4800000190734863,1.4199999570846558,1.4299999475479126,40500,0.0,0.0
2024-04-18 00:00:00-04:00,1.4199999570846558,1.5,1.399999976158142,1.399999976158142,21400,0.0,0.0
2024-04-19 00:00:00-04:00,1.399999976158142,1.409999966621399,1.3899999856948853,1.3899999856948853,17700,0.0,0.0
2024-04-22 00:00:00-04:00,1.409999966621399,1.409999966621399,1.2999999523162842,1.340000033378601,16800,0.0,0.0
2024-04-23 00:00:00-04:00,1.350000023841858,1.3799999952316284,1.3300000429153442,1.3300000429153442,9300,0.0,0.0
2024-04-24 00:00:00-04:00,1.3200000524520874,1.3899999856948853,1.3200000524520874,1.3600000143051147,8000,0.0,0.0
2024-04-25 00:00:00-04:00,1.3700000047683716,1.3700000047683716,1.3200000524520874,1.3200000524520874,4400,0.0,0.0
2024-04-26 00:00:00-04:00,1.3600000143051147,1.3600000143051147,1.2999999523162842,1.309999942779541,6500,0.0,0.0
2024-04-29 00:00:00-04:00,1.2799999713897705,1.340000033378601,1.2799999713897705,1.2899999618530273,14500,0.0,0.0
2024-04-30 00:00:00-04:00,1.309999942779541,1.309999942779541,1.2799999713897705,1.2899999618530273,21900,0.0,0.0
2024-05-01 00:00:00-04:00,1.3200000524520874,1.3300000429153442,1.2899999618530273,1.2899999618530273,5000,0.0,0.0
2024-05-02 00:00:00-04:00,1.340000033378601,1.3799999952316284,1.309999942779541,1.3799999952316284,19800,0.0,0.0
2024-05-03 00:00:00-04:00,1.3700000047683716,1.3700000047683716,1.2899999618530273,1.309999942779541,20000,0.0,0.0
2024-05-06 00:00:00-04:00,1.309999942779541,1.3799999952316284,1.309999942779541,1.3200000524520874,15800,0.0,0.0
2024-05-07 00:00:00-04:00,1.340000033378601,1.399999976158142,1.3300000429153442,1.3300000429153442,40200,0.0,0.0
2024-05-08 00:00:00-04:00,1.350000023841858,1.4199999570846558,1.350000023841858,1.350000023841858,10700,0.0,0.0
2024-05-09 00:00:00-04:00,1.3799999952316284,1.4900000095367432,1.3799999952316284,1.4600000381469727,47900,0.0,0.0
2024-05-10 00:00:00-04:00,1.4800000190734863,1.5499999523162842,1.4600000381469727,1.5299999713897705,30500,0.0,0.0
2024-05-13 00:00:00-04:00,1.5299999713897705,1.5399999618530273,1.4800000190734863,1.5199999809265137,35700,0.0,0.0
2024-05-14 00:00:00-04:00,1.5299999713897705,1.5299999713897705,1.4500000476837158,1.4800000190734863,41800,0.0,0.0
2024-05-15 00:00:00-04:00,1.4700000286102295,1.4900000095367432,1.4600000381469727,1.4900000095367432,3300,0.0,0.0
2024-05-16 00:00:00-04:00,1.4700000286102295,1.4700000286102295,1.3899999856948853,1.4299999475479126,12500,0.0,0.0
2024-05-17 00:00:00-04:00,1.399999976158142,1.4500000476837158,1.350000023841858,1.4199999570846558,9000,0.0,0.0
2024-05-20 00:00:00-04:00,1.4199999570846558,1.4199999570846558,1.350000023841858,1.3700000047683716,17800,0.0,0.0
2024-05-21 00:00:00-04:00,1.3700000047683716,1.4600000381469727,1.3700000047683716,1.3899999856948853,20100,0.0,0.0
2024-05-22 00:00:00-04:00,1.3899999856948853,1.440000057220459,1.3700000047683716,1.3899999856948853,2900,0.0,0.0
2024-05-23 00:00:00-04:00,1.3799999952316284,1.3899999856948853,1.350000023841858,1.350000023841858,5800,0.0,0.0
2024-05-24 00:00:00-04:00,1.340000033378601,1.3600000143051147,1.3200000524520874,1.340000033378601,6300,0.0,0.0
2024-05-28 00:00:00-04:00,1.3200000524520874,1.3799999952316284,1.2999999523162842,1.3200000524520874,57000,0.0,0.0
2024-05-29 00:00:00-04:00,1.3300000429153442,1.3600000143051147,1.309999942779541,1.350000023841858,14100,0.0,0.0
2024-05-30 00:00:00-04:00,1.3899999856948853,1.3899999856948853,1.3300000429153442,1.3300000429153442,14000,0.0,0.0
2024-05-31 00:00:00-04:00,1.3899999856948853,1.4199999570846558,1.3600000143051147,1.3600000143051147,35800,0.0,0.0
2024-06-03 00:00:00-04:00,1.4199999570846558,1.4700000286102295,1.3899999856948853,1.4700000286102295,47100,0.0,0.0
2024-06-04 00:00:00-04:00,1.4500000476837158,1.4700000286102295,1.3899999856948853,1.399999976158142,19900,0.0,0.0
2024-06-05 00:00:00-04:00,1.399999976158142,1.399999976158142,1.3700000047683716,1.3799999952316284,8500,0.0,0.0
2024-06-06 00:00:00-04:00,1.399999976158142,1.4299999475479126,1.350000023841858,1.3899999856948853,14600,0.0,0.0
2024-06-07 00:00:00-04:00,1.3799999952316284,1.3799999952316284,1.3600000143051147,1.3700000047683716,6100,0.0,0.0
2024-06-10 00:00:00-04:00,1.3700000047683716,1.3700000047683716,1.3200000524520874,1.3300000429153442,19200,0.0,0.0
2024-06-11 00:00:00-04:00,1.340000033378601,1.340000033378601,1.309999942779541,1.340000033378601,23700,0.0,0.0
2024-06-12 00:00:00-04:00,1.3899999856948853,1.399999976158142,1.350000023841858,1.350000023841858,6700,0.0,0.0
2024-06-13 00:00:00-04:00,1.350000023841858,1.399999976158142,1.340000033378601,1.3700000047683716,7000,0.0,0.0
2024-06-14 00:00:00-04:00,1.350000023841858,1.3600000143051147,1.3200000524520874,1.3300000429153442,9800,0.0,0.0
2024-06-17 00:00:00-04:00,1.3200000524520874,1.3700000047683716,1.3200000524520874,1.3300000429153442,10900,0.0,0.0
2024-06-18 00:00:00-04:00,1.3700000047683716,1.3799999952316284,1.309999942779541,1.309999942779541,15800,0.0,0.0
2024-06-20 00:00:00-04:00,1.350000023841858,1.3600000143051147,1.2799999713897705,1.2799999713897705,31600,0.0,0.0
2024-06-21 00:00:00-04:00,1.2999999523162842,1.409999966621399,1.2799999713897705,1.3899999856948853,282300,0.0,0.0
2024-06-24 00:00:00-04:00,1.3899999856948853,1.4500000476837158,1.3700000047683716,1.3899999856948853,43600,0.0,0.0
2024-06-25 00:00:00-04:00,1.3799999952316284,1.440000057220459,1.3799999952316284,1.4199999570846558,37700,0.0,0.0
2024-06-26 00:00:00-04:00,1.440000057220459,1.4500000476837158,1.3799999952316284,1.4299999475479126,85900,0.0,0.0
2024-06-27 00:00:00-04:00,1.409999966621399,1.4500000476837158,1.399999976158142,1.440000057220459,9100,0.0,0.0
2024-06-28 00:00:00-04:00,1.409999966621399,1.440000057220459,1.3799999952316284,1.440000057220459,13200,0.0,0.0
2024-07-01 00:00:00-04:00,1.4600000381469727,1.4700000286102295,1.409999966621399,1.440000057220459,5000,0.0,0.0
2024-07-02 00:00:00-04:00,1.440000057220459,1.4500000476837158,1.3899999856948853,1.399999976158142,11100,0.0,0.0
2024-07-03 00:00:00-04:00,1.440000057220459,1.440000057220459,1.399999976158142,1.399999976158142,2200,0.0,0.0
2024-07-05 00:00:00-04:00,1.3899999856948853,1.440000057220459,1.3799999952316284,1.409999966621399,22600,0.0,0.0
2024-07-08 00:00:00-04:00,1.3899999856948853,1.409999966621399,1.3899999856948853,1.399999976158142,4000,0.0,0.0
2024-07-09 00:00:00-04:00,1.440000057220459,1.440000057220459,1.3600000143051147,1.3700000047683716,8300,0.0,0.0
2024-07-10 00:00:00-04:00,1.4500000476837158,1.4600000381469727,1.3700000047683716,1.3799999952316284,21800,0.0,0.0
2024-07-11 00:00:00-04:00,1.350000023841858,1.409999966621399,1.350000023841858,1.3899999856948853,6600,0.0,0.0
2024-07-12 00:00:00-04:00,1.440000057220459,1.4600000381469727,1.3799999952316284,1.440000057220459,11200,0.0,0.0
2024-07-15 00:00:00-04:00,1.4700000286102295,1.4700000286102295,1.399999976158142,1.4199999570846558,21900,0.0,0.0
2024-07-16 00:00:00-04:00,1.399999976158142,1.399999976158142,1.3899999856948853,1.399999976158142,4400,0.0,0.0
2024-07-17 00:00:00-04:00,1.3899999856948853,1.399999976158142,1.3799999952316284,1.3799999952316284,4900,0.0,0.0
2024-07-18 00:00:00-04:00,1.3799999952316284,1.399999976158142,1.3799999952316284,1.3799999952316284,10400,0.0,0.0
2024-07-19 00:00:00-04:00,1.3799999952316284,1.3799999952316284,1.3300000429153442,1.340000033378601,19600,0.0,0.0
2024-07-22 00:00:00-04:00,1.3200000524520874,1.350000023841858,1.3200000524520874,1.340000033378601,9600,0.0,0.0
2024-07-23 00:00:00-04:00,1.340000033378601,1.3600000143051147,1.309999942779541,1.3200000524520874,21300,0.0,0.0
2024-07-24 00:00:00-04:00,1.3600000143051147,1.3700000047683716,1.309999942779541,1.3200000524520874,5900,0.0,0.0
2024-07-25 00:00:00-04:00,1.309999942779541,1.3300000429153442,1.2999999523162842,1.2999999523162842,3100,0.0,0.0
2024-07-26 00:00:00-04:00,1.350000023841858,1.350000023841858,1.2899999618530273,1.309999942779541,8000,0.0,0.0
2024-07-29 00:00:00-04:00,1.3300000429153442,1.3300000429153442,1.2999999523162842,1.2999999523162842,1600,0.0,0.0
2024-07-30 00:00:00-04:00,1.309999942779541,1.3200000524520874,1.309999942779541,1.309999942779541,12900,0.0,0.0
2024-07-31 00:00:00-04:00,1.3200000524520874,1.340000033378601,1.309999942779541,1.340000033378601,42600,0.0,0.0
2024-08-01 00:00:00-04:00,1.3300000429153442,1.340000033378601,1.3200000524520874,1.3200000524520874,3700,0.0,0.0
2024-08-02 00:00:00-04:00,1.2999999523162842,1.3200000524520874,1.2899999618530273,1.2899999618530273,20100,0.0,0.0
2024-08-05 00:00:00-04:00,1.2699999809265137,1.2899999618530273,1.2100000381469727,1.2100000381469727,37000,0.0,0.0
2024-08-06 00:00:00-04:00,1.2200000286102295,1.2400000095367432,1.1699999570846558,1.190000057220459,26700,0.0,0.0
2024-08-07 00:00:00-04:00,1.2300000190734863,1.2300000190734863,1.1299999952316284,1.1299999952316284,19500,0.0,0.0
2024-08-08 00:00:00-04:00,1.149999976158142,1.1799999475479126,1.1399999856948853,1.149999976158142,9600,0.0,0.0
2024-08-09 00:00:00-04:00,1.159999966621399,1.1699999570846558,1.149999976158142,1.159999966621399,9300,0.0,0.0
2024-08-12 00:00:00-04:00,1.159999966621399,1.159999966621399,1.1200000047683716,1.1299999952316284,9800,0.0,0.0
2024-08-13 00:00:00-04:00,1.2100000381469727,1.2100000381469727,1.1200000047683716,1.1299999952316284,7400,0.0,0.0
2024-08-14 00:00:00-04:00,1.1399999856948853,1.1399999856948853,1.1399999856948853,1.1399999856948853,800,0.0,0.0
2024-08-15 00:00:00-04:00,1.149999976158142,1.1799999475479126,1.149999976158142,1.159999966621399,5100,0.0,0.0
2024-08-16 00:00:00-04:00,1.1699999570846558,1.1699999570846558,1.1299999952316284,1.159999966621399,13000,0.0,0.0
2024-08-19 00:00:00-04:00,1.190000057220459,1.2100000381469727,1.1699999570846558,1.190000057220459,9100,0.0,0.0
2024-08-20 00:00:00-04:00,1.1699999570846558,1.2400000095367432,1.1699999570846558,1.2400000095367432,10500,0.0,0.0
2024-08-21 00:00:00-04:00,1.1699999570846558,1.2400000095367432,1.149999976158142,1.2100000381469727,11800,0.0,0.0
2024-08-22 00:00:00-04:00,1.309999942779541,1.309999942779541,1.2200000286102295,1.2200000286102295,8400,0.0,0.0
2024-08-23 00:00:00-04:00,1.2000000476837158,1.2300000190734863,1.2000000476837158,1.2200000286102295,5600,0.0,0.0
2024-08-26 00:00:00-04:00,1.25,1.3200000524520874,1.2200000286102295,1.2699999809265137,76200,0.0,0.0
2024-08-27 00:00:00-04:00,1.399999976158142,1.4700000286102295,1.3799999952316284,1.4600000381469727,175400,0.0,0.0
2024-08-28 00:00:00-04:00,1.4700000286102295,1.4700000286102295,1.3300000429153442,1.3700000047683716,16500,0.0,0.0
2024-08-29 00:00:00-04:00,1.3600000143051147,1.3700000047683716,1.309999942779541,1.309999942779541,50800,0.0,0.0
2024-08-30 00:00:00-04:00,1.4199999570846558,1.5,1.399999976158142,1.5,116400,0.0,0.0
2024-09-03 00:00:00-04:00,1.5199999809265137,1.7599999904632568,1.5,1.649999976158142,162700,0.0,0.0
2024-09-04 00:00:00-04:00,1.7999999523162842,2.1500000953674316,1.6799999475479126,1.7699999809265137,420400,0.0,0.0
2024-09-05 00:00:00-04:00,1.7999999523162842,1.9700000286102295,1.7699999809265137,1.7999999523162842,180700,0.0,0.0
2024-09-06 00:00:00-04:00,1.850000023841858,2.109999895095825,1.850000023841858,2.0999999046325684,165700,0.0,0.0
2024-09-09 00:00:00-04:00,2.0399999618530273,2.0999999046325684,1.8200000524520874,1.909999966621399,120700,0.0,0.0
2024-09-10 00:00:00-04:00,1.909999966621399,2.0299999713897705,1.909999966621399,1.9600000381469727,36900,0.0,0.0
2024-09-11 00:00:00-04:00,1.9199999570846558,1.9600000381469727,1.909999966621399,1.9600000381469727,49000,0.0,0.0
2024-09-12 00:00:00-04:00,2.0199999809265137,2.0199999809265137,1.909999966621399,1.9800000190734863,12600,0.0,0.0
2024-09-13 00:00:00-04:00,2.009999990463257,2.009999990463257,1.6799999475479126,1.8200000524520874,41200,0.0,0.0
2024-09-16 00:00:00-04:00,1.7899999618530273,1.8700000047683716,1.7899999618530273,1.7999999523162842,9100,0.0,0.0
2024-09-17 00:00:00-04:00,1.7599999904632568,1.7599999904632568,1.649999976158142,1.690000057220459,19400,0.0,0.0
2024-09-18 00:00:00-04:00,1.649999976158142,1.6799999475479126,1.5499999523162842,1.5499999523162842,26600,0.0,0.0
2024-09-19 00:00:00-04:00,1.6100000143051147,1.7100000381469727,1.6100000143051147,1.690000057220459,18500,0.0,0.0
2024-09-20 00:00:00-04:00,1.7400000095367432,2.0,1.7400000095367432,1.899999976158142,129200,0.0,0.0
2024-09-23 00:00:00-04:00,1.9299999475479126,1.9600000381469727,1.850000023841858,1.8799999952316284,26800,0.0,0.0
2024-09-24 00:00:00-04:00,1.9299999475479126,2.069999933242798,1.9299999475479126,2.059999942779541,46600,0.0,0.0
2024-09-25 00:00:00-04:00,2.009999990463257,2.0299999713897705,2.009999990463257,2.0199999809265137,14000,0.0,0.0
2024-09-26 00:00:00-04:00,2.0799999237060547,2.0799999237060547,1.8799999952316284,1.8899999856948853,15800,0.0,0.0
2024-09-27 00:00:00-04:00,1.909999966621399,1.9900000095367432,1.75,1.909999966621399,11600,0.0,0.0
2024-09-30 00:00:00-04:00,2.049999952316284,2.0999999046325684,2.0,2.0999999046325684,49900,0.0,0.0
2024-10-01 00:00:00-04:00,2.0999999046325684,2.0999999046325684,1.9800000190734863,2.0299999713897705,14800,0.0,0.0
2024-10-02 00:00:00-04:00,2.009999990463257,2.0799999237060547,2.0,2.0,10800,0.0,0.0
2024-10-03 00:00:00-04:00,1.9900000095367432,1.9900000095367432,1.9700000286102295,1.9700000286102295,2400,0.0,0.0
2024-10-04 00:00:00-04:00,1.9500000476837158,2.069999933242798,1.9500000476837158,1.9800000190734863,9000,0.0,0.0
2024-10-07 00:00:00-04:00,1.9199999570846558,2.049999952316284,1.9199999570846558,1.9900000095367432,8300,0.0,0.0
2024-10-08 00:00:00-04:00,1.9199999570846558,2.0,1.9199999570846558,1.9500000476837158,17900,0.0,0.0
2024-10-09 00:00:00-04:00,1.9500000476837158,1.9800000190734863,1.9500000476837158,1.9500000476837158,3200,0.0,0.0
2024-10-10 00:00:00-04:00,1.909999966621399,1.9700000286102295,1.899999976158142,1.9700000286102295,2400,0.0,0.0
2024-10-11 00:00:00-04:00,1.8799999952316284,1.8799999952316284,1.7000000476837158,1.7799999713897705,40800,0.0,0.0
2024-10-14 00:00:00-04:00,1.7599999904632568,1.7899999618530273,1.75,1.7699999809265137,3700,0.0,0.0
2024-10-15 00:00:00-04:00,1.7799999713897705,1.809999942779541,1.7599999904632568,1.809999942779541,8500,0.0,0.0
2024-10-16 00:00:00-04:00,1.7799999713897705,1.8700000047683716,1.7799999713897705,1.850000023841858,28200,0.0,0.0
2024-10-17 00:00:00-04:00,1.7599999904632568,1.8300000429153442,1.75,1.809999942779541,16000,0.0,0.0
2024-10-18 00:00:00-04:00,1.809999942779541,1.8200000524520874,1.809999942779541,1.809999942779541,2400,0.0,0.0
2024-10-21 00:00:00-04:00,1.809999942779541,1.8200000524520874,1.7799999713897705,1.7799999713897705,7000,0.0,0.0
2024-10-22 00:00:00-04:00,1.7000000476837158,1.809999942779541,1.7000000476837158,1.809999942779541,12100,0.0,0.0
2024-10-23 00:00:00-04:00,1.7200000286102295,1.7799999713897705,1.7100000381469727,1.7300000190734863,8000,0.0,0.0
2024-10-24 00:00:00-04:00,1.8200000524520874,1.8200000524520874,1.7200000286102295,1.7300000190734863,31700,0.0,0.0
2024-10-25 00:00:00-04:00,1.7100000381469727,1.7100000381469727,1.590000033378601,1.659999966621399,18200,0.0,0.0
2024-10-28 00:00:00-04:00,1.5800000429153442,1.6299999952316284,1.5700000524520874,1.6299999952316284,18200,0.0,0.0
2024-10-29 00:00:00-04:00,1.6100000143051147,1.7599999904632568,1.6100000143051147,1.75,59500,0.0,0.0
2024-10-30 00:00:00-04:00,1.7100000381469727,1.7699999809265137,1.6299999952316284,1.75,9400,0.0,0.0
2024-10-31 00:00:00-04:00,1.690000057220459,1.7100000381469727,1.6200000047683716,1.6799999475479126,8000,0.0,0.0
2024-11-01 00:00:00-04:00,1.7000000476837158,1.850000023841858,1.6299999952316284,1.659999966621399,36500,0.0,0.0
2024-11-04 00:00:00-05:00,1.690000057220459,1.7300000190734863,1.6200000047683716,1.6799999475479126,4800,0.0,0.0
2024-11-05 00:00:00-05:00,1.6299999952316284,1.6799999475479126,1.600000023841858,1.6100000143051147,9200,0.0,0.0
2024-11-06 00:00:00-05:00,1.6100000143051147,1.6200000047683716,1.559999942779541,1.559999942779541,16300,0.0,0.0
2024-11-07 00:00:00-05:00,1.5,1.5800000429153442,1.409999966621399,1.5700000524520874,8500,0.0,0.0
2024-11-08 00:00:00-05:00,1.5,1.6399999856948853,1.5,1.5299999713897705,15600,0.0,0.0
2024-11-11 00:00:00-05:00,1.5499999523162842,1.5499999523162842,1.4900000095367432,1.5299999713897705,47700,0.0,0.0
2024-11-12 00:00:00-05:00,1.7699999809265137,2.549999952316284,1.75,2.2799999713897705,2108400,0.0,0.0
2024-11-13 00:00:00-05:00,2.0399999618530273,2.119999885559082,1.940000057220459,2.0,207100,0.0,0.0
2024-11-14 00:00:00-05:00,2.0899999141693115,2.0899999141693115,1.809999942779541,1.8300000429153442,72100,0.0,0.0
2024-11-15 00:00:00-05:00,1.899999976158142,1.899999976158142,1.7999999523162842,1.8300000429153442,39900,0.0,0.0
2024-11-18 00:00:00-05:00,1.7899999618530273,1.8300000429153442,1.7000000476837158,1.7999999523162842,114300,0.0,0.0
2024-11-19 00:00:00-05:00,1.7899999618530273,1.940000057220459,1.7899999618530273,1.899999976158142,47500,0.0,0.0
2024-11-20 00:00:00-05:00,1.9500000476837158,1.9700000286102295,1.8200000524520874,1.9500000476837158,59900,0.0,0.0
2024-11-21 00:00:00-05:00,1.9199999570846558,2.049999952316284,1.9199999570846558,2.0,81400,0.0,0.0
2024-11-22 00:00:00-05:00,1.9600000381469727,2.130000114440918,1.9299999475479126,2.130000114440918,63100,0.0,0.0
2024-11-25 00:00:00-05:00,2.109999895095825,2.130000114440918,2.0,2.049999952316284,49700,0.0,0.0
2024-11-26 00:00:00-05:00,2.0299999713897705,2.119999885559082,2.0299999713897705,2.0799999237060547,45400,0.0,0.0
2024-11-27 00:00:00-05:00,2.0799999237060547,2.0799999237060547,2.0,2.009999990463257,50400,0.0,0.0
2024-11-29 00:00:00-05:00,2.0299999713897705,2.109999895095825,2.0299999713897705,2.069999933242798,73500,0.0,0.0
2024-12-02 00:00:00-05:00,2.2300000190734863,2.4800000190734863,2.1500000953674316,2.380000114440918,179700,0.0,0.0
2024-12-03 00:00:00-05:00,2.299999952316284,2.3399999141693115,2.25,2.299999952316284,76900,0.0,0.0
2024-12-04 00:00:00-05:00,2.2699999809265137,2.2899999618530273,2.1500000953674316,2.259999990463257,63400,0.0,0.0
2024-12-05 00:00:00-05:00,2.259999990463257,2.2699999809265137,2.1600000858306885,2.259999990463257,45900,0.0,0.0
2024-12-06 00:00:00-05:00,2.3299999237060547,2.369999885559082,2.2200000286102295,2.3399999141693115,65500,0.0,0.0
2024-12-09 00:00:00-05:00,2.3399999141693115,2.369999885559082,2.259999990463257,2.299999952316284,58000,0.0,0.0
2024-12-10 00:00:00-05:00,2.2899999618530273,2.2899999618530273,2.2100000381469727,2.259999990463257,34700,0.0,0.0
2024-12-11 00:00:00-05:00,2.2200000286102295,2.2200000286102295,2.1500000953674316,2.1700000762939453,31365,0.0,0.0
