Date,Open,High,Low,Close,Volume,Dividends,Stock Splits
2022-01-03 00:00:00-05:00,9.629374206455518,9.66812416794313,9.60999968764769,9.63906192779541,1057200,0.0,0.0
2022-01-04 00:00:00-05:00,9.653594137078443,9.658437998063134,9.619688034057617,9.619688034057617,537800,0.0,0.0
2022-01-05 00:00:00-05:00,9.619687377985919,9.648749618039979,9.600311935368575,9.609999656677246,571400,0.0,0.0
2022-01-06 00:00:00-05:00,9.61000034105347,9.648750305175781,9.61000034105347,9.648750305175781,1110500,0.0,0.0
2022-01-07 00:00:00-05:00,9.639062554124367,9.658437998063134,9.610000312088234,9.619688034057617,370800,0.0,0.0
2022-01-10 00:00:00-05:00,9.619688063052052,9.648750305175781,9.61000034105347,9.648750305175781,570700,0.0,0.0
2022-01-11 00:00:00-05:00,9.648750305175781,9.658438027174364,9.619688063052052,9.648750305175781,653400,0.0,0.0
2022-01-12 00:00:00-05:00,9.64875027609375,9.658437998063134,9.619688034057617,9.619688034057617,285000,0.0,0.0
2022-01-13 00:00:00-05:00,9.629374563783678,9.695250332241908,9.619687765956284,9.658437728881836,3069200,0.0,0.0
2022-01-14 00:00:00-05:00,9.658437728881836,9.687499970108002,9.658437728881836,9.658437728881836,883200,0.0,0.0
2022-01-18 00:00:00-05:00,9.65843740141461,9.668124198913574,9.648749680043682,9.668124198913574,1468200,0.0,0.0
2022-01-19 00:00:00-05:00,9.658437728881836,9.687499970108002,9.64875000718245,9.658437728881836,2461500,0.0,0.0
2022-01-20 00:00:00-05:00,9.39687442779541,9.619687399022338,8.980312573203081,9.39687442779541,2694400,0.0,0.0
2022-01-21 00:00:00-05:00,8.893125096426415,8.970625020780599,7.914687396614869,7.982499599456787,2203100,0.0,0.0
2022-01-24 00:00:00-05:00,7.469062754271316,7.788750189663036,7.374125203467713,7.682187557220459,1176500,0.0,0.0
2022-01-25 00:00:00-05:00,7.595000089985308,7.8710936900633985,7.449687498704631,7.827499866485596,715300,0.0,0.0
2022-01-26 00:00:00-05:00,8.011563128076693,8.447500453348017,7.391562781195513,7.759687900543213,1079500,0.0,0.0
2022-01-27 00:00:00-05:00,7.740312307523858,7.9921875302050545,7.740312307523858,7.88562536239624,522700,0.0,0.0
2022-01-28 00:00:00-05:00,8.331250369548798,8.331250369548798,7.44968755543232,7.9921875,248800,0.0,0.0
2022-01-31 00:00:00-05:00,8.040625440369523,8.621874904523063,7.895312381427119,8.437812805175781,329500,0.0,0.0
2022-02-01 00:00:00-05:00,8.428124995073146,8.573438052497174,8.156875247969113,8.379687309265137,234100,0.0,0.0
2022-02-02 00:00:00-05:00,8.379687250493145,8.389374972361203,7.897250527025522,8.321562767028809,332900,0.0,0.0
2022-02-03 00:00:00-05:00,7.788750310726849,8.079375508474454,7.4835939916726675,8.011563301086426,309500,0.0,0.0
2022-02-04 00:00:00-05:00,7.75,8.36031261086464,7.682187333703041,8.234375,232900,0.0,0.0
2022-02-07 00:00:00-05:00,8.011563307554898,8.573438259180305,8.011563307554898,8.52500057220459,146300,0.0,0.0
2022-02-08 00:00:00-05:00,8.263437540743178,8.389375156171193,8.03093775404778,8.224687576293945,286700,0.0,0.0
2022-02-09 00:00:00-05:00,8.340937627809184,8.350625350073207,8.040625628600878,8.098750114440918,137200,0.0,0.0
2022-02-10 00:00:00-05:00,7.943749989782065,8.23437518094268,7.9050000258854505,8.137499809265137,183500,0.0,0.0
2022-02-11 00:00:00-05:00,8.224687096458723,8.428124628916484,8.089062690734863,8.089062690734863,516000,0.0,0.0
2022-02-14 00:00:00-05:00,7.953437240735678,8.166562491482162,7.94374951936721,8.001874923706055,134200,0.0,0.0
2022-02-15 00:00:00-05:00,8.137499809265137,8.156875253149451,7.9340622678399075,8.137499809265137,173800,0.0,0.0
2022-02-16 00:00:00-05:00,8.108437483265716,8.224687373750614,7.556250272494446,7.701562404632568,518500,0.0,0.0
2022-02-17 00:00:00-05:00,7.6918751311783,7.750000076318368,6.858749993631995,7.565937519073486,566600,0.0,0.0
2022-02-18 00:00:00-05:00,7.4496875996186676,7.624062434355978,7.188125116544701,7.536875247955322,264300,0.0,0.0
2022-02-22 00:00:00-05:00,7.188125206944458,7.740312421525061,7.0718753156575955,7.246250152587891,188500,0.0,0.0
2022-02-23 00:00:00-05:00,7.653124915587433,7.8468751882730805,7.391562440107395,7.740312099456787,251200,0.0,0.0
2022-02-24 00:00:00-05:00,7.478749854847637,7.672500133514404,7.221062552402116,7.672500133514404,304400,0.0,0.0
2022-02-25 00:00:00-05:00,7.556250015508772,8.292500220745499,7.5271873129079605,7.982499599456787,206000,0.0,0.0
2022-02-28 00:00:00-05:00,7.633749749568779,8.18593692779541,7.624062028298008,8.18593692779541,185900,0.0,0.0
2022-03-01 00:00:00-05:00,8.069687515712381,8.515312557616383,7.972812145087683,8.050312995910645,178400,0.0,0.0
2022-03-02 00:00:00-05:00,8.166562530872962,8.447499984809879,8.011562683717692,8.273124694824219,441600,0.0,0.0
2022-03-03 00:00:00-05:00,8.137499814750226,8.224687464544383,7.720937471612834,7.895312309265137,183500,0.0,0.0
2022-03-04 00:00:00-05:00,7.856561988371406,8.030937280036795,7.759687544902169,7.846875190734863,182700,0.0,0.0
2022-03-07 00:00:00-05:00,7.84687522974253,7.84687522974253,7.478749663500715,7.527187347412109,184100,0.0,0.0
2022-03-08 00:00:00-05:00,7.44968755543232,7.817812204360962,7.391562610864639,7.75,232600,0.0,0.0
2022-03-09 00:00:00-05:00,7.982499601812433,8.166562615111918,7.759687550196394,8.089062690734863,301200,0.0,0.0
2022-03-10 00:00:00-05:00,8.030937285516085,8.253750261004098,7.992187323327558,8.089062690734863,135800,0.0,0.0
2022-03-11 00:00:00-05:00,8.263436786821577,8.36031215104217,8.069686982252339,8.127812385559082,174900,0.0,0.0
2022-03-14 00:00:00-04:00,8.147187305009052,8.147187305009052,7.682187289223917,7.720937252044678,146400,0.0,0.0
2022-03-15 00:00:00-04:00,7.77906218208004,7.97281199583028,7.720937237954967,7.827499866485596,143600,0.0,0.0
2022-03-16 00:00:00-04:00,7.972812401996494,8.253750801086426,7.875937952122205,8.253750801086426,167300,0.0,0.0
2022-03-17 00:00:00-04:00,8.16656270890707,8.4959378532285,8.12781274627349,8.418437004089355,137700,0.0,0.0
2022-03-18 00:00:00-04:00,8.205312671540652,8.602500019502854,8.059999618760735,8.418437004089355,253900,0.0,0.0
2022-03-21 00:00:00-04:00,8.418436806057741,8.825311866075184,8.370000046809158,8.728437423706055,175400,0.0,0.0
2022-03-22 00:00:00-04:00,8.563750119999822,9.290312617639554,8.563750119999822,9.174062728881836,381400,0.0,0.0
2022-03-23 00:00:00-04:00,9.27093676057226,9.387186644142878,9.067499233355692,9.338749885559082,246500,0.0,0.0
2022-03-24 00:00:00-04:00,9.319374776261997,9.87156197393504,9.222500331758507,9.842499732971191,381600,0.0,0.0
2022-03-25 00:00:00-04:00,9.803749587837165,9.87156179011406,9.435624488286098,9.697187423706055,304800,0.0,0.0
2022-03-28 00:00:00-04:00,9.861875119762146,10.074999450773447,9.861875119762146,10.026562690734863,211400,0.0,0.0
2022-03-29 00:00:00-04:00,10.05562525650876,10.491562578048411,9.881249958344098,10.288125038146973,359300,0.0,0.0
2022-03-30 00:00:00-04:00,9.978125414709917,10.452812703919314,9.978125414709917,10.346250534057617,344200,0.0,0.0
2022-03-31 00:00:00-04:00,10.452812733269537,10.50125041929614,10.074999890908463,10.375312805175781,245400,0.0,0.0
2022-04-01 00:00:00-04:00,10.297813058742161,10.462500639814593,10.16703158132487,10.278437614440918,198100,0.0,0.0
2022-04-04 00:00:00-04:00,10.278437137909568,10.578750043551425,10.094375044941458,10.385000228881836,306200,0.0,0.0
2022-04-05 00:00:00-04:00,10.220312525657748,10.404374616288468,9.464687796105977,9.571249961853027,240800,0.0,0.0
2022-04-06 00:00:00-04:00,9.668124462020094,9.774687552256346,9.135312706326774,9.144999504089355,212600,0.0,0.0
2022-04-07 00:00:00-04:00,9.125624656677246,9.30968674175807,8.776875005216342,9.125624656677246,193000,0.0,0.0
2022-04-08 00:00:00-04:00,9.057812516825077,9.338749968930106,8.970624872400766,9.183749198913574,145100,0.0,0.0
2022-04-11 00:00:00-04:00,9.164375477012083,9.455000675741791,8.970625652482955,9.309687614440918,188000,0.0,0.0
2022-04-12 00:00:00-04:00,9.377500381668803,9.929687591095563,9.377500381668803,9.745625495910645,358200,0.0,0.0
2022-04-13 00:00:00-04:00,9.92968785938094,10.74343803665217,9.309687504347615,10.70468807220459,728500,0.0,0.0
2022-04-14 00:00:00-04:00,10.433438235515911,10.73375022655406,9.712687794054721,10.646562576293945,1259700,0.0,0.0
2022-04-18 00:00:00-04:00,10.365624398592129,10.510937447074646,9.620655626798397,9.63906192779541,407500,0.0,0.0
2022-04-19 00:00:00-04:00,9.609999889135366,9.774687459878628,9.135312619991602,9.300000190734863,372300,0.0,0.0
2022-04-20 00:00:00-04:00,9.358124852180481,9.668124556541443,9.03843742609024,9.203125,278400,0.0,0.0
2022-04-21 00:00:00-04:00,9.251562591865085,9.387186999224994,8.728437634073476,8.902812004089355,294000,0.0,0.0
2022-04-22 00:00:00-04:00,8.93187564278162,9.174063153196409,8.82821904833918,9.00937557220459,221000,0.0,0.0
2022-04-25 00:00:00-04:00,8.951249690757967,9.183749466755632,8.67031223045946,9.144999504089355,322700,0.0,0.0
2022-04-26 00:00:00-04:00,9.135312949715745,9.135312949715745,8.689687905244927,8.835000038146973,417300,0.0,0.0
2022-04-27 00:00:00-04:00,8.728437342771112,9.639061896731308,8.728437342771112,9.609999656677246,363300,0.0,0.0
2022-04-28 00:00:00-04:00,9.532499803825537,9.919999420293259,9.484062120799083,9.910311698913574,427600,0.0,0.0
2022-04-29 00:00:00-04:00,9.81343805205101,9.920000224247849,9.270937621157941,9.280625343322754,410700,0.0,0.0
2022-05-02 00:00:00-04:00,9.212812544591728,9.425936875306085,8.902811922319248,9.300000190734863,481900,0.0,0.0
2022-05-03 00:00:00-04:00,9.406562390507235,9.803749736504038,9.1837494135627,9.571249961853027,327900,0.0,0.0
2022-05-04 00:00:00-04:00,9.48406216410585,9.619687492424834,8.941561774701878,9.454999923706055,364900,0.0,0.0
2022-05-05 00:00:00-04:00,9.338750075059098,9.76499965680073,9.108187662718056,9.726249694824219,643500,0.0,0.0
2022-05-06 00:00:00-04:00,9.716561797065102,9.803749440898317,9.009374772856944,9.125624656677246,465400,0.0,0.0
2022-05-09 00:00:00-04:00,8.931874835949657,9.082030820158803,8.093905423466989,8.18593692779541,398700,0.0,0.0
2022-05-10 00:00:00-04:00,8.137499422987524,8.4281246003525,6.994374618428187,7.013749599456787,748300,0.0,0.0
2022-05-11 00:00:00-04:00,7.023437714839186,7.323750168593092,6.713437539059665,6.820000171661377,508000,0.0,0.0
2022-05-12 00:00:00-04:00,6.6843749481824135,7.192968779597508,6.606875023764111,6.907187461853027,719600,0.0,0.0
2022-05-13 00:00:00-04:00,6.994374717930296,7.992187409938032,6.994374717930296,7.9340620040893555,529100,0.0,0.0
2022-05-16 00:00:00-04:00,7.895312553602641,8.495938398800702,7.7790626582368345,8.340937614440918,336400,0.0,0.0
2022-05-17 00:00:00-04:00,8.554062043854639,8.738125052998157,8.399062198600278,8.67031192779541,275700,0.0,0.0
2022-05-18 00:00:00-04:00,8.476562078917594,8.660624163270432,8.369999916805103,8.399062156677246,194400,0.0,0.0
2022-05-19 00:00:00-04:00,8.273125191051234,8.796250168513602,8.273125191051234,8.650938034057617,211700,0.0,0.0
2022-05-20 00:00:00-04:00,8.796249649020186,8.89312501551754,8.263436981028672,8.515312194824219,265700,0.0,0.0
2022-05-23 00:00:00-04:00,8.621874541444265,8.747812151008803,8.374844107001811,8.660624504089355,229400,0.0,0.0
2022-05-24 00:00:00-04:00,8.437812696793694,8.805937814631784,7.837187796280601,7.866250038146973,477400,0.0,0.0
2022-05-25 00:00:00-04:00,6.451874995547347,6.858750078498263,5.977187706728618,6.035312652587891,2019200,0.0,0.0
2022-05-26 00:00:00-04:00,6.083750249808701,6.161250176492022,5.812500044481077,5.841562747955322,852900,0.0,0.0
2022-05-27 00:00:00-04:00,5.860937647315106,7.004062473712039,5.841562665916379,6.994374752044678,832500,0.0,0.0
2022-05-31 00:00:00-04:00,6.868437647819519,7.159062370657921,6.732812315225601,6.78125,437500,0.0,0.0
2022-06-01 00:00:00-04:00,6.723124899453349,6.878124748037775,6.422812461853027,6.422812461853027,342800,0.0,0.0
2022-06-02 00:00:00-04:00,6.490624829715845,6.829687700021596,6.490624829715845,6.674687385559082,291400,0.0,0.0
2022-06-03 00:00:00-04:00,6.655312228679288,6.694062190790167,5.986874689362646,6.180624961853027,275800,0.0,0.0
2022-06-06 00:00:00-04:00,6.122500373801945,6.229062544819653,5.4443750736571905,5.715625286102295,1103900,0.0,0.0
2022-06-07 00:00:00-04:00,5.628437429793663,5.880312650861796,5.454062596548336,5.676875114440918,595300,0.0,0.0
2022-06-08 00:00:00-04:00,5.686562520778893,5.948125008356607,5.580000350905904,5.793125152587891,382200,0.0,0.0
2022-06-09 00:00:00-04:00,5.696250332284065,5.754375279111126,5.366875171661377,5.366875171661377,285900,0.0,0.0
2022-06-10 00:00:00-04:00,5.289375222567816,5.366875151377657,5.085937678473976,5.095625400543213,342900,0.0,0.0
2022-06-13 00:00:00-04:00,4.930937730984994,4.930937730984994,4.398125037224147,4.417500019073486,462100,0.0,0.0
2022-06-14 00:00:00-04:00,4.485312742139777,4.727500249228067,4.485312742139777,4.582187652587891,329400,0.0,0.0
2022-06-15 00:00:00-04:00,4.553124595383369,4.601562277819011,4.17531224296767,4.320624828338623,402300,0.0,0.0
2022-06-16 00:00:00-04:00,4.136562269933153,4.223749913292934,4.010624665510352,4.078437328338623,301100,0.0,0.0
2022-06-17 00:00:00-04:00,4.185000110075981,4.475624829010152,4.175312388476846,4.436874866485596,310400,0.0,0.0
2022-06-21 00:00:00-04:00,4.524062650212857,4.591874855717543,4.407812759116819,4.417500019073486,205100,0.0,0.0
2022-06-22 00:00:00-04:00,4.340000134829858,4.562812659280749,4.252812484672899,4.446562767028809,216000,0.0,0.0
2022-06-23 00:00:00-04:00,4.436874849235155,4.57734357832453,4.1753123722433525,4.301249980926514,211000,0.0,0.0
2022-06-24 00:00:00-04:00,4.349687278270721,4.591874778270721,4.272187352180481,4.359375,295600,0.0,0.0
2022-06-27 00:00:00-04:00,4.339999829541951,4.35937481022105,4.097812340085226,4.107499599456787,245700,0.0,0.0
2022-06-28 00:00:00-04:00,4.1268750420718625,4.204374964788259,4.0687496380985895,4.107499599456787,176800,0.0,0.0
2022-06-29 00:00:00-04:00,4.078437762076501,4.146250432116584,3.971875126852377,4.049375057220459,303400,0.0,0.0
2022-06-30 00:00:00-04:00,4.039687619376475,4.039687619376475,3.7781251349100273,3.971874952316284,254200,0.0,0.0
2022-07-01 00:00:00-04:00,4.039687442940066,4.146250068827305,3.9234375575736133,4.136562347412109,192500,0.0,0.0
2022-07-05 00:00:00-04:00,4.097812504020579,4.223750114440918,3.9234376709327234,4.223750114440918,109900,0.0,0.0
2022-07-06 00:00:00-04:00,4.214062317166224,4.262500000901003,4.029999765684446,4.165625095367432,133200,0.0,0.0
2022-07-07 00:00:00-04:00,4.204375062539028,4.407812595367432,4.165625100279902,4.407812595367432,104000,0.0,0.0
2022-07-08 00:00:00-04:00,4.388437820902839,4.524062695196769,4.281875188703888,4.446562767028809,138800,0.0,0.0
2022-07-11 00:00:00-04:00,4.417500069819831,4.417500069819831,4.185000284956898,4.204375267028809,175700,0.0,0.0
2022-07-12 00:00:00-04:00,4.22375032129613,4.340000215714625,4.1462503916838,4.262500286102295,185500,0.0,0.0
2022-07-13 00:00:00-04:00,4.204375347245641,4.44656285873332,4.126875417479346,4.398125171661377,161200,0.0,0.0
2022-07-14 00:00:00-04:00,4.272187398241777,4.311906503436861,4.126875266223868,4.146250247955322,182700,0.0,0.0
2022-07-15 00:00:00-04:00,4.0687500112746005,4.1268754205789975,3.826562730573026,4.020312786102295,206300,0.0,0.0
2022-07-18 00:00:00-04:00,4.049375057220459,4.223750362484665,3.923437901340337,4.049375057220459,345300,0.0,0.0
2022-07-19 00:00:00-04:00,4.117187310738121,4.252812175161539,4.097812330106204,4.214062213897705,137000,0.0,0.0
2022-07-20 00:00:00-04:00,4.301250013380735,4.611250176646948,4.262500050714458,4.572499752044678,203800,0.0,0.0
2022-07-21 00:00:00-04:00,4.601562544422916,4.679062471261331,4.427187709036482,4.630625247955322,124000,0.0,0.0
2022-07-22 00:00:00-04:00,4.746874959932426,4.746874959932426,4.272187232971191,4.272187232971191,203900,0.0,0.0
2022-07-25 00:00:00-04:00,4.233437205106021,4.553124617299312,4.233437205106021,4.456249713897705,92100,0.0,0.0
2022-07-26 00:00:00-04:00,4.485312473490435,4.562812397207041,4.281874942766351,4.378749847412109,123200,0.0,0.0
2022-07-27 00:00:00-04:00,4.446562561022144,4.66937507515026,3.778125018637797,3.8168749809265137,917200,0.0,0.0
2022-07-28 00:00:00-04:00,3.816875069857522,3.9912499042195817,3.816875069857522,3.94281268119812,176700,0.0,0.0
2022-07-29 00:00:00-04:00,3.8749998743696006,4.136562347412109,3.8749998743696006,4.136562347412109,196500,0.0,0.0
2022-08-01 00:00:00-04:00,4.136562392739367,4.20437505758086,4.029999765684446,4.165625095367432,84400,0.0,0.0
2022-08-02 00:00:00-04:00,4.233437597847139,4.5628127619051115,4.194687632891616,4.533750057220459,192200,0.0,0.0
2022-08-03 00:00:00-04:00,4.553124701114877,4.756562232971191,4.553124701114877,4.756562232971191,190200,0.0,0.0
2022-08-04 00:00:00-04:00,4.814687163973477,4.96968747381551,4.795312182985221,4.863124847412109,208200,0.0,0.0
2022-08-05 00:00:00-04:00,4.824374848535944,5.076249599456787,4.756562184627727,5.076249599456787,142300,0.0,0.0
2022-08-08 00:00:00-04:00,5.037499626941774,5.260312137091274,5.037499626941774,5.182812213897705,149000,0.0,0.0
2022-08-09 00:00:00-04:00,5.182812312894534,5.182812312894534,4.843749911478254,4.892187595367432,232700,0.0,0.0
2022-08-10 00:00:00-04:00,4.959999781299395,5.492812454489848,4.959999781299395,5.483124732971191,283500,0.0,0.0
2022-08-11 00:00:00-04:00,4.8437499550266745,5.357187653511339,4.4688436272068754,4.814687252044678,454600,0.0,0.0
2022-08-12 00:00:00-04:00,4.911562549166893,5.066562397650966,4.814687181928362,4.998749732971191,243400,0.0,0.0
2022-08-15 00:00:00-04:00,4.940624907612801,5.36687496304512,4.940624907612801,5.328125,412300,0.0,0.0
2022-08-16 00:00:00-04:00,5.173125024451759,5.269999929754304,4.766249960245083,4.998749732971191,765100,0.0,0.0
2022-08-17 00:00:00-04:00,4.930937647819519,4.930937647819519,4.553124815225601,4.6015625,436200,0.0,0.0
2022-08-18 00:00:00-04:00,4.485312794436367,4.582187706013996,4.252812544714042,4.369062900543213,215700,0.0,0.0
2022-08-19 00:00:00-04:00,4.32062490914876,4.378749851997077,4.029999732971191,4.029999732971191,428100,0.0,0.0
2022-08-22 00:00:00-04:00,3.9621876044931534,4.194687380221499,3.9137499202484185,4.088124752044678,449900,0.0,0.0
2022-08-23 00:00:00-04:00,4.088125001960415,4.2043753588672095,3.981562829205214,4.155937671661377,140000,0.0,0.0
2022-08-24 00:00:00-04:00,4.194687253648289,4.349687099456787,4.1171873307440405,4.349687099456787,176300,0.0,0.0
2022-08-25 00:00:00-04:00,4.38843776800221,4.407812749810644,4.000937669897538,4.039687633514404,319700,0.0,0.0
2022-08-26 00:00:00-04:00,4.068749875259052,4.136562542556572,3.952499984408452,4.039687633514404,134200,0.0,0.0
2022-08-29 00:00:00-04:00,4.039687589177042,4.0784375523686105,3.9234376996023355,3.94281268119812,119800,0.0,0.0
2022-08-30 00:00:00-04:00,3.9815628018597446,4.185000347629397,3.9234378547735607,4.126875400543213,721800,0.0,0.0
2022-08-31 00:00:00-04:00,4.126875237062359,4.126875237062359,3.8750000143972576,4.010624885559082,223800,0.0,0.0
2022-09-01 00:00:00-04:00,4.0009376030348935,4.0009376030348935,3.7781250849934933,3.807187557220459,244700,0.0,0.0
2022-09-02 00:00:00-04:00,3.8265625387051023,4.020312584519537,3.7781250849934933,3.807187557220459,326600,0.0,0.0
2022-09-06 00:00:00-04:00,3.797500188164138,4.068749937640999,3.797500188164138,3.9621877670288086,459000,0.0,0.0
2022-09-07 00:00:00-04:00,3.9040629187483167,4.1075000049965205,3.9040629187483167,4.049375057220459,109300,0.0,0.0
2022-09-08 00:00:00-04:00,4.049374833703041,4.09781251847744,3.8168750554323196,3.875,173400,0.0,0.0
2022-09-09 00:00:00-04:00,3.884687936156296,4.1075000049965205,3.845937740004244,4.049375057220459,229100,0.0,0.0
2022-09-12 00:00:00-04:00,4.088124721708906,4.146250127145667,4.020312518592665,4.059062480926514,131000,0.0,0.0
2022-09-13 00:00:00-04:00,3.952499940775443,4.049374848748174,3.9137499775863502,4.010624885559082,147400,0.0,0.0
2022-09-14 00:00:00-04:00,4.039687367275603,4.117187289401643,3.946687183562771,4.078437328338623,162500,0.0,0.0
2022-09-15 00:00:00-04:00,3.9621874753315334,4.262499906825555,3.9621874753315334,4.107499599456787,191400,0.0,0.0
2022-09-16 00:00:00-04:00,4.029999940735954,4.088124886580876,3.933125030994418,4.068749904632568,98000,0.0,0.0
2022-09-19 00:00:00-04:00,4.088124811937267,4.146250218656905,4.000937625729808,4.010624885559082,159400,0.0,0.0
2022-09-20 00:00:00-04:00,4.0396874818537,4.126875127686394,3.9234375953674316,3.9234375953674316,243900,0.0,0.0
2022-09-21 00:00:00-04:00,3.913749857164509,3.962187540628499,3.8265624426717126,3.8556249141693115,96000,0.0,0.0
2022-09-22 00:00:00-04:00,3.942812589332837,3.9912498112257393,3.710312353664548,3.8168749809265137,246700,0.0,0.0
2022-09-23 00:00:00-04:00,3.661874866577481,3.778124983325079,3.5649999617611425,3.6134374141693115,189500,0.0,0.0
2022-09-26 00:00:00-04:00,3.5940625369548798,3.76359374076128,3.5650000646710396,3.6328125,191000,0.0,0.0
2022-09-27 00:00:00-04:00,3.6909374225054683,3.7781250698038322,3.6328124782852242,3.739374876022339,123600,0.0,0.0
2022-09-28 00:00:00-04:00,3.72968761348411,4.0590627794844805,3.6909376483000687,4.049375057220459,156400,0.0,0.0
2022-09-29 00:00:00-04:00,3.91375000995475,3.91375000995475,3.729687452316284,3.729687452316284,206200,0.0,0.0
2022-09-30 00:00:00-04:00,3.661874917061889,3.986405968154765,3.661874917061889,3.9524998664855957,140100,0.0,0.0
2022-10-03 00:00:00-04:00,4.0203124426539825,4.039687423454938,3.8943748364797854,4.000937461853027,163100,0.0,0.0
2022-10-04 00:00:00-04:00,4.107499835448023,4.301250115306669,4.107499835448023,4.281875133514404,514000,0.0,0.0
2022-10-05 00:00:00-04:00,4.107499690111302,4.194687336059509,4.107499690111302,4.165625095367432,86900,0.0,0.0
2022-10-06 00:00:00-04:00,4.214062555942438,4.252812520351507,4.117187644919763,4.233437538146973,79700,0.0,0.0
2022-10-07 00:00:00-04:00,4.185000347629397,4.252812554928603,4.028062667141488,4.126875400543213,137200,0.0,0.0
2022-10-10 00:00:00-04:00,4.146250308201287,4.233437496291682,3.8265626430511475,3.8265626430511475,76800,0.0,0.0
2022-10-11 00:00:00-04:00,3.952499984408452,4.078437597131272,3.7684376572283345,4.039687633514404,102200,0.0,0.0
2022-10-12 00:00:00-04:00,4.010624762156505,4.029999743154904,3.816874952172513,3.8556249141693115,148500,0.0,0.0
2022-10-13 00:00:00-04:00,3.671562573510447,4.010624991324528,3.603750136141232,3.9621877670288086,134700,0.0,0.0
2022-10-14 00:00:00-04:00,4.0493747726375,4.0493747726375,3.8459374697185016,3.9524998664855957,155700,0.0,0.0
2022-10-17 00:00:00-04:00,4.020312500772655,4.034843621099442,3.8168749684536927,3.9234375953674316,136100,0.0,0.0
2022-10-18 00:00:00-04:00,4.020312713345279,4.039687695450769,3.9040628207123387,3.9621877670288086,72100,0.0,0.0
2022-10-19 00:00:00-04:00,4.00093767366239,4.010624933607721,3.7781251516877394,3.7975001335144043,68600,0.0,0.0
2022-10-20 00:00:00-04:00,3.807187624427737,3.9137500244743952,3.729687466153074,3.7975001335144043,91000,0.0,0.0
2022-10-21 00:00:00-04:00,3.749062341737423,3.9040626538942926,3.4971873541605007,3.535937547683716,486600,0.0,0.0
2022-10-24 00:00:00-04:00,3.584375024768354,3.787812560507206,3.5746875340649797,3.739374876022339,127300,0.0,0.0
2022-10-25 00:00:00-04:00,3.826562671426764,4.146250338947525,3.7684377249568097,4.097812652587891,101400,0.0,0.0
2022-10-26 00:00:00-04:00,4.078437426618894,4.078437426618894,3.8071874616733132,3.8556249141693115,46300,0.0,0.0
2022-10-27 00:00:00-04:00,3.9331250381223897,3.9331250381223897,3.7587502002716064,3.7587502002716064,52300,0.0,0.0
2022-10-28 00:00:00-04:00,3.807187608265254,3.981562674932976,3.6909374868307725,3.9040627479553223,52500,0.0,0.0
2022-10-31 00:00:00-04:00,3.8362499510200245,3.9912497997283936,3.729687324065028,3.9912497997283936,67100,0.0,0.0
2022-11-01 00:00:00-04:00,3.971874800159706,4.029999743154904,3.816874952172513,3.8556249141693115,74600,0.0,0.0
2022-11-02 00:00:00-04:00,3.9040627111120068,4.068749823417339,3.700624942779541,3.700624942779541,76100,0.0,0.0
2022-11-03 00:00:00-04:00,3.700624966014909,3.7781251237157867,3.594062566757202,3.594062566757202,43900,0.0,0.0
2022-11-04 00:00:00-04:00,3.6812499623341735,3.6812499623341735,3.21140631287168,3.216249942779541,364900,0.0,0.0
2022-11-07 00:00:00-05:00,3.3034375180036575,3.6037499566490827,3.293750027433418,3.4003124237060547,209300,0.0,0.0
2022-11-08 00:00:00-05:00,3.487499838838212,3.6027812768824568,3.342187480284616,3.4003124237060547,208000,0.0,0.0
2022-11-09 00:00:00-05:00,3.3615626251352,3.410000080345332,3.293750187841016,3.3421876430511475,211300,0.0,0.0
2022-11-10 00:00:00-05:00,3.3906248999602373,3.7878124713897705,3.3683436487698977,3.7878124713897705,201800,0.0,0.0
2022-11-11 00:00:00-05:00,3.8556249141693115,3.8556249141693115,3.497187303762942,3.8556249141693115,161000,0.0,0.0
2022-11-14 00:00:00-05:00,3.855625064690393,3.855625064690393,3.545625125645819,3.729687452316284,128500,0.0,0.0
2022-11-15 00:00:00-05:00,3.8362500829356074,3.8362500829356074,3.5843750891553907,3.729687452316284,77100,0.0,0.0
2022-11-16 00:00:00-05:00,3.7200000114307863,3.7200000114307863,3.497187487288442,3.5165627002716064,90200,0.0,0.0
2022-11-17 00:00:00-05:00,3.419687385099696,3.6037499358393834,3.419687385099696,3.5068747997283936,151400,0.0,0.0
2022-11-18 00:00:00-05:00,3.458437503921267,3.526250171563176,3.3809375762939453,3.3809375762939453,62400,0.0,0.0
2022-11-21 00:00:00-05:00,3.5068750018279857,3.632812616739601,3.4100000911021318,3.4778125286102295,139200,0.0,0.0
2022-11-22 00:00:00-05:00,3.4875000018525735,3.6328125981664323,3.3712501095758896,3.5843751430511475,88300,0.0,0.0
2022-11-23 00:00:00-05:00,3.5843749548107837,3.6357186776333714,3.3421874609852984,3.5068747997283936,150800,0.0,0.0
2022-11-25 00:00:00-05:00,3.429374848725997,3.458437320041032,3.099999942854277,3.1290624141693115,353700,0.0,0.0
2022-11-28 00:00:00-05:00,3.1678125551279948,3.293750168918846,3.1678125551279948,3.2065625190734863,123800,0.0,0.0
2022-11-29 00:00:00-05:00,3.2453123835361652,3.254999874225575,2.9740624132647007,3.012812376022339,309800,0.0,0.0
2022-11-30 00:00:00-05:00,2.964374873098164,3.119374952509673,2.954687382570444,3.0903124809265137,144900,0.0,0.0
2022-12-01 00:00:00-05:00,3.148437546866557,3.148437546866557,2.9643749886943453,3.003124952316284,144600,0.0,0.0
2022-12-02 00:00:00-05:00,2.9643748568800765,3.0612499925952634,2.9159374045064785,3.0224997997283936,133600,0.0,0.0
2022-12-05 00:00:00-05:00,3.070937462951111,3.1968748382974015,2.8190624812905396,2.8868749141693115,308000,0.0,0.0
2022-12-06 00:00:00-05:00,2.8965625702722417,2.969218867996784,2.8287501335144043,2.8287501335144043,195100,0.0,0.0
2022-12-07 00:00:00-05:00,2.9062500620881715,3.2453124769445902,2.886875080151691,3.1387500762939453,264400,0.0,0.0
2022-12-08 00:00:00-05:00,3.1968749300891175,3.225937402157346,3.0031248853329293,3.012812376022339,194000,0.0,0.0
2022-12-09 00:00:00-05:00,3.0806251796848625,3.1387501264226128,2.9546875641183963,2.9934375286102295,250000,0.0,0.0
2022-12-12 00:00:00-05:00,3.003124945726331,3.003124945726331,2.906250036884063,2.935312509536743,108500,0.0,0.0
2022-12-13 00:00:00-05:00,2.9934373729995345,3.3034375347551848,2.8578125043284333,3.051562547683716,302600,0.0,0.0
2022-12-14 00:00:00-05:00,3.0418751913185313,3.0612501734123816,2.9643750319751256,3.0321877002716064,77100,0.0,0.0
2022-12-15 00:00:00-05:00,2.954687516064674,2.9643750070300796,2.809375151583594,2.8287501335144043,49700,0.0,0.0
2022-12-16 00:00:00-05:00,2.799687715352219,2.877187644590589,2.7512500286102295,2.7512500286102295,98600,0.0,0.0
2022-12-19 00:00:00-05:00,2.760937452316284,2.7870938856664487,2.702812506807479,2.760937452316284,122800,0.0,0.0
2022-12-20 00:00:00-05:00,2.7609374657885635,2.867500097376026,2.7028125199961313,2.8287501335144043,90300,0.0,0.0
2022-12-21 00:00:00-05:00,2.848125010112237,2.8694373508671265,2.7706248542872,2.809375047683716,265600,0.0,0.0
2022-12-22 00:00:00-05:00,2.770624876022339,2.8384375417722256,2.6059375344091764,2.770624876022339,157600,0.0,0.0
2022-12-23 00:00:00-05:00,2.7909688196572904,2.886875048481129,2.702812491135822,2.867500066757202,205200,0.0,0.0
2022-12-27 00:00:00-05:00,2.8481250058367578,2.8481250058367578,2.4896873919750186,2.567187547683716,224300,0.0,0.0
2022-12-28 00:00:00-05:00,2.576875142529886,2.6931250343441047,2.576875142529886,2.5865626335144043,114000,0.0,0.0
2022-12-29 00:00:00-05:00,2.6059374987763118,2.760937347586922,2.6059374987763118,2.7415623664855957,113400,0.0,0.0
2022-12-30 00:00:00-05:00,2.7028124630451202,2.90625,2.7028124630451202,2.90625,74800,0.0,0.0
2023-01-03 00:00:00-05:00,2.886875039690239,3.1387500323023,2.8578125671928474,3.041875123977661,220300,0.0,0.0
2023-01-04 00:00:00-05:00,3.0128124568505585,3.0709376335144043,2.8965625654588725,3.0709376335144043,72100,0.0,0.0
2023-01-05 00:00:00-05:00,2.993437369219191,2.993437369219191,2.809375047683716,2.809375047683716,116500,0.0,0.0
2023-01-06 00:00:00-05:00,2.8093751629972807,2.983750001083012,2.7706249680102246,2.9643750190734863,93800,0.0,0.0
2023-01-09 00:00:00-05:00,2.993437518305693,3.1387501156178557,2.799687696513485,2.8578126430511475,513900,0.0,0.0
2023-01-10 00:00:00-05:00,2.857812489104733,2.9837498664855957,2.828750017401457,2.9837498664855957,65600,0.0,0.0
2023-01-11 00:00:00-05:00,2.993437474951944,3.0806251244637113,2.9450000202054083,3.0709376335144043,197200,0.0,0.0
2023-01-12 00:00:00-05:00,3.1871875731307964,3.255000010802003,3.06125018888427,3.2356250286102295,203800,0.0,0.0
2023-01-13 00:00:00-05:00,3.2453123293700297,3.2453123293700297,3.070937499871074,3.0903124809265137,189600,0.0,0.0
2023-01-17 00:00:00-05:00,3.1678125186618873,3.206562482161311,2.954687488447057,3.177500009536743,217900,0.0,0.0
2023-01-18 00:00:00-05:00,3.148437546866557,3.245312455921404,2.8578125887340136,3.003124952316284,428800,0.0,0.0
2023-01-19 00:00:00-05:00,3.0515626877313493,3.1000001430511475,3.0031250014435455,3.1000001430511475,240400,0.0,0.0
2023-01-20 00:00:00-05:00,3.119374987327491,3.119374987327491,2.8674999998274076,2.877187490463257,754900,0.0,0.0
2023-01-23 00:00:00-05:00,2.9256248747151896,3.0612499713897705,2.8578124418618946,3.0612499713897705,207500,0.0,0.0
2023-01-24 00:00:00-05:00,3.0224997997283936,3.0999999544941415,2.9643748568800765,3.0224997997283936,58000,0.0,0.0
2023-01-25 00:00:00-05:00,3.003124965901251,3.0903126154130187,2.8917187045002177,3.0709376335144043,56300,0.0,0.0
2023-01-26 00:00:00-05:00,3.0418750570643516,3.080625019541809,3.0031248636188987,3.051562547683716,43200,0.0,0.0
2023-01-27 00:00:00-05:00,3.0321876108646393,3.1484375,3.0321876108646393,3.1484375,63600,0.0,0.0
2023-01-30 00:00:00-05:00,3.1968748472377264,3.1968748472377264,3.0806249619775867,3.1290624141693115,101400,0.0,0.0
2023-01-31 00:00:00-05:00,3.129062561579606,3.264687434105731,3.10968757979016,3.245312452316284,118200,0.0,0.0
2023-02-01 00:00:00-05:00,3.264687278687611,3.3034374713897705,3.1290624126180195,3.3034374713897705,217400,0.0,0.0
2023-02-02 00:00:00-05:00,3.3421874449334332,3.3906248972722963,3.158124895077762,3.1968748569488525,192500,0.0,0.0
2023-02-03 00:00:00-05:00,3.1678125096883383,3.3809375392994436,3.119375055451269,3.351875066757202,102800,0.0,0.0
2023-02-06 00:00:00-05:00,3.3615625708053525,3.5165626559406546,3.3034376254926148,3.487499952316284,151500,0.0,0.0
2023-02-07 00:00:00-05:00,3.4971874920438157,3.904062807819446,3.4196875638777935,3.8943750858306885,259900,0.0,0.0
2023-02-08 00:00:00-05:00,3.933124967896233,3.942812689682972,3.739374920553443,3.768437623977661,124800,0.0,0.0
2023-02-09 00:00:00-05:00,3.797500012904481,3.8653124471440625,3.7103123664855957,3.7103123664855957,55100,0.0,0.0
2023-02-10 00:00:00-05:00,3.6812500176685186,3.8653125762939453,3.6425000539511663,3.8653125762939453,95500,0.0,0.0
2023-02-13 00:00:00-05:00,3.8653125392668173,3.923437715254048,3.797500103411049,3.836250066757202,45700,0.0,0.0
2023-02-14 00:00:00-05:00,3.7878126846024083,3.904062807819446,3.7878126846024083,3.8943750858306885,64900,0.0,0.0
2023-02-15 00:00:00-05:00,3.865312553498494,3.9040627479553223,3.807187608265254,3.9040627479553223,41500,0.0,0.0
2023-02-16 00:00:00-05:00,3.8556249047179376,3.9234375690140966,3.7684374904388656,3.7878124713897705,271400,0.0,0.0
2023-02-17 00:00:00-05:00,3.7878125092099757,3.923437608188479,3.7684375280656175,3.8168749809265137,116900,0.0,0.0
2023-02-21 00:00:00-05:00,3.8071876103034286,3.875000046445179,3.7103124705614983,3.729687452316284,134000,0.0,0.0
2023-02-22 00:00:00-05:00,3.700624847077121,3.77812500228715,3.632812413365339,3.7490622997283936,54400,0.0,0.0
2023-02-23 00:00:00-05:00,3.7393748983740807,3.85562501847744,3.5359375923871994,3.6328125,73800,0.0,0.0
2023-02-24 00:00:00-05:00,3.5650001610050337,3.6715625622586603,3.54562517895892,3.5843751430511475,28600,0.0,0.0
2023-02-27 00:00:00-05:00,3.5940626095051544,3.8071876415234875,3.5359376637641553,3.6909375190734863,63300,0.0,0.0
2023-02-28 00:00:00-05:00,3.807187541913954,3.8168750326173284,3.6812499318020944,3.739374876022339,47900,0.0,0.0
2023-03-01 00:00:00-05:00,3.729687363482441,3.826562500916995,3.652187438309194,3.778125047683716,35600,0.0,0.0
2023-03-02 00:00:00-05:00,3.7878126056151404,3.8023437263592497,3.646374962499944,3.768437623977661,36900,0.0,0.0
2023-03-03 00:00:00-05:00,3.7490622877101236,3.8749998951677105,3.623124911220529,3.8556249141693115,88100,0.0,0.0
2023-03-06 00:00:00-05:00,3.778125121737972,3.9185938543517786,3.765531360553672,3.836250066757202,158400,0.0,0.0
2023-03-07 00:00:00-05:00,3.8362499791033113,3.9718748477159767,3.7490623325986028,3.9524998664855957,144400,0.0,0.0
2023-03-08 00:00:00-05:00,4.020312500772655,4.049374741426229,3.768437515751081,3.9234375953674316,277400,0.0,0.0
2023-03-09 00:00:00-05:00,3.923437796829556,3.923437796829556,3.6037501306408926,3.6521875858306885,289300,0.0,0.0
2023-03-10 00:00:00-05:00,3.6328124705122136,3.710312395973382,3.5843750170989837,3.671562433242798,181600,0.0,0.0
2023-03-13 00:00:00-04:00,3.632812573332487,3.8168751324803205,3.565000136634655,3.6909375190734863,197600,0.0,0.0
2023-03-14 00:00:00-04:00,3.4874999076128006,3.875,3.390625,3.875,351800,0.0,0.0
2023-03-15 00:00:00-04:00,3.7684376255128083,3.8556250429169814,3.4293749847828026,3.526250123977661,304400,0.0,0.0
2023-03-16 00:00:00-04:00,3.458437391605281,3.7199998698210086,3.419687429050062,3.535937547683716,137700,0.0,0.0
2023-03-17 00:00:00-04:00,3.4874999297189175,3.6618749954952636,3.400312512314745,3.526250123977661,63100,0.0,0.0
2023-03-20 00:00:00-04:00,3.5553125511865193,3.603750004683339,3.458437413224883,3.497187376022339,52200,0.0,0.0
2023-03-21 00:00:00-04:00,3.555312531842635,3.778125047683716,3.555312531842635,3.778125047683716,136500,0.0,0.0
2023-03-22 00:00:00-04:00,3.739374920553443,3.826562568890098,3.600843778748668,3.768437623977661,106200,0.0,0.0
2023-03-23 00:00:00-04:00,3.778125061719901,3.826562515133131,3.6521874518775057,3.671562433242798,94200,0.0,0.0
2023-03-24 00:00:00-04:00,3.6328124044168923,3.768437502474373,3.594062442391324,3.6812498569488525,162300,0.0,0.0
2023-03-27 00:00:00-04:00,3.7199999614388912,3.74906243407107,3.5940625800327837,3.729687452316284,155400,0.0,0.0
2023-03-28 00:00:00-04:00,3.7103124260902405,3.9040627032518387,3.64249999076128,3.875,167600,0.0,0.0
2023-03-29 00:00:00-04:00,3.7684375280656175,3.894374905503947,3.758750037493438,3.8168749809265137,204700,0.0,0.0
2023-03-30 00:00:00-04:00,3.836249962070872,3.845937452643051,3.758750037493438,3.8168749809265137,65800,0.0,0.0
2023-03-31 00:00:00-04:00,3.8265625900096674,3.9234377296997356,3.7587501539042205,3.9040627479553223,160700,0.0,0.0
2023-04-03 00:00:00-04:00,3.8749998556788303,4.0203124426539825,3.8362498940769205,4.000937461853027,351500,0.0,0.0
2023-04-04 00:00:00-04:00,3.94281263429288,3.9718748753728215,3.6231249798295675,3.671562433242798,242200,0.0,0.0
2023-04-05 00:00:00-04:00,3.6909374525191403,3.6909374525191403,3.439062461215241,3.458437442779541,117500,0.0,0.0
2023-04-06 00:00:00-04:00,3.4584374993362195,3.652187549115661,3.4196875355739316,3.6231250762939453,139200,0.0,0.0
2023-04-10 00:00:00-04:00,3.594062603472229,3.7393749675808086,3.526250166888226,3.6231250762939453,118500,0.0,0.0
2023-04-11 00:00:00-04:00,3.6134374891469214,3.7199998866560278,3.5650000357336915,3.671562433242798,76800,0.0,0.0
2023-04-12 00:00:00-04:00,3.7103124568565184,3.768437632874177,3.594062566757202,3.594062566757202,65700,0.0,0.0
2023-04-13 00:00:00-04:00,3.613437591418821,3.739374973857652,3.613437591418821,3.6909375190734863,78200,0.0,0.0
2023-04-14 00:00:00-04:00,3.681250053281717,3.7684377034572347,3.5650001610050337,3.5843751430511475,138500,0.0,0.0
2023-04-17 00:00:00-04:00,3.5940625077816293,3.69093741460809,3.5456250543683994,3.671562433242798,260500,0.0,0.0
2023-04-18 00:00:00-04:00,3.681249923925444,3.768437571037255,3.6231249798295675,3.671562433242798,127900,0.0,0.0
2023-04-19 00:00:00-04:00,3.661875051393938,3.7103125062467672,3.4003125642206573,3.4487500190734863,132300,0.0,0.0
2023-04-20 00:00:00-04:00,3.4874997976862074,3.729687290052416,3.458437326318421,3.5456249713897705,134900,0.0,0.0
2023-04-21 00:00:00-04:00,3.5553125511865193,3.6715624395788864,3.458437413224883,3.497187376022339,123100,0.0,0.0
2023-04-24 00:00:00-04:00,3.506874978296022,3.5262501912791864,3.351875122174742,3.5165627002716064,120800,0.0,0.0
2023-04-25 00:00:00-04:00,3.4380938539062043,3.491375169815257,3.1968750280871134,3.2065625190734863,242700,0.0,0.0
2023-04-26 00:00:00-04:00,3.2162498358166105,3.545624973445101,3.196874854893522,3.3712499141693115,157100,0.0,0.0
2023-04-27 00:00:00-04:00,3.3809375762939453,3.419687540107606,3.313125139620039,3.3809375762939453,64200,0.0,0.0
2023-04-28 00:00:00-04:00,3.4390624978890028,3.5456251285970235,3.398374943782886,3.487499952316284,45100,0.0,0.0
2023-05-01 00:00:00-04:00,3.565000135376837,3.565000135376837,3.322812630573454,3.3809375762939453,168300,0.0,0.0
2023-05-02 00:00:00-04:00,3.3034375383135153,3.4874998602797027,3.206562401047526,3.293750047683716,167300,0.0,0.0
2023-05-03 00:00:00-04:00,3.2549998623021072,3.4196874343867956,3.2356248809942607,3.361562490463257,117800,0.0,0.0
2023-05-04 00:00:00-04:00,3.322812452256855,3.419687356592277,3.2162498265199,3.3034374713897705,83200,0.0,0.0
2023-05-05 00:00:00-04:00,3.332499950391348,3.5456249713897705,3.2937499885676336,3.5456249713897705,183800,0.0,0.0
2023-05-08 00:00:00-04:00,3.516562582320461,3.671562433242798,3.4487499165739424,3.671562433242798,192700,0.0,0.0
2023-05-09 00:00:00-04:00,3.6328125,3.6909374445676804,3.5456250831484795,3.6328125,124200,0.0,0.0
2023-05-10 00:00:00-04:00,3.6182811267461648,3.7635937182647723,3.613437496878476,3.739374876022339,78500,0.0,0.0
2023-05-11 00:00:00-04:00,3.6715625003965755,3.7296874455555713,3.5650001009384167,3.661875009536743,98200,0.0,0.0
2023-05-12 00:00:00-04:00,3.7103124705614983,3.74906243407107,3.632812543542355,3.729687452316284,105200,0.0,0.0
2023-05-15 00:00:00-04:00,3.681249847540749,3.681249847540749,3.5068747879033473,3.6134374141693115,270100,0.0,0.0
2023-05-16 00:00:00-04:00,3.54562517895892,3.6425000891894896,3.535937687935863,3.5843751430511475,99300,0.0,0.0
2023-05-17 00:00:00-04:00,3.5650001494693995,3.7587502002716064,3.555312658477689,3.7587502002716064,178600,0.0,0.0
2023-05-18 00:00:00-04:00,3.719999878396912,3.739374859719188,3.5359375558352912,3.603749990463257,246900,0.0,0.0
2023-05-19 00:00:00-04:00,3.6328125609039272,3.7587501738799047,3.5553126335144043,3.5553126335144043,175500,0.0,0.0
2023-05-22 00:00:00-04:00,3.594062491516545,3.6085936119907545,3.4293749196888665,3.535937547683716,391000,0.0,0.0
2023-05-23 00:00:00-04:00,3.545625052335908,3.613437487075557,3.3034375544405914,3.429374933242798,412200,0.0,0.0
2023-05-24 00:00:00-04:00,3.274375103522668,3.4293749553556,3.1290625114612958,3.322812557220459,432300,0.0,0.0
2023-05-25 00:00:00-04:00,3.284062609853108,3.342187554566402,2.9353124796373447,2.974062442779541,364600,0.0,0.0
2023-05-26 00:00:00-04:00,3.012812443221769,3.284062650511345,2.9256250250724065,3.003124952316284,480900,0.0,0.0
2023-05-30 00:00:00-04:00,2.9546873765129646,2.964374867020824,2.751249844879929,2.8481249809265137,360400,0.0,0.0
2023-05-31 00:00:00-04:00,2.8384374521442304,2.87718741365315,2.7706247885356317,2.8190624713897705,131300,0.0,0.0
2023-06-01 00:00:00-04:00,2.780312430522134,3.0224999341272536,2.780312430522134,3.003124952316284,248900,0.0,0.0
2023-06-02 00:00:00-04:00,3.05156265161579,3.138750070159554,2.9353125292561013,3.0709376335144043,136800,0.0,0.0
2023-06-05 00:00:00-04:00,3.1096875369548798,3.1968749538064003,3.0031249076128006,3.1484375,283900,0.0,0.0
2023-06-06 00:00:00-04:00,3.090312627237011,3.2985937989280307,3.090312627237011,3.2065625190734863,170900,0.0,0.0
2023-06-07 00:00:00-04:00,3.1871874704283765,3.2453124151307056,3.1290625257260474,3.216249942779541,172000,0.0,0.0
2023-06-08 00:00:00-04:00,3.1581249324095846,3.322812503276463,3.1484374418272973,3.2259373664855957,312800,0.0,0.0
2023-06-09 00:00:00-04:00,3.206562372877503,3.3324999809265137,3.1484374296093414,3.3324999809265137,313500,0.0,0.0
2023-06-12 00:00:00-04:00,3.293750163544433,3.5262501778060167,3.2840626725738673,3.4487500190734863,386900,0.0,0.0
2023-06-13 00:00:00-04:00,3.4196873644947066,3.5456249713897705,3.4196873644947066,3.5456249713897705,421800,0.0,0.0
2023-06-14 00:00:00-04:00,3.5068749838986872,3.6328125981664323,3.477812510829516,3.5843751430511475,356500,0.0,0.0
2023-06-15 00:00:00-04:00,3.5068748447993054,3.594062491516545,3.4487499009664764,3.535937547683716,430200,0.0,0.0
2023-06-16 00:00:00-04:00,3.4971873983740807,3.6909374445676804,3.4971873983740807,3.6328125,343100,0.0,0.0
2023-06-20 00:00:00-04:00,3.778125055791148,3.855624981130701,3.652187446146378,3.845937490463257,394700,0.0,0.0
2023-06-21 00:00:00-04:00,3.8265626430511475,3.8750000980835915,3.7781251880187035,3.8265626430511475,590100,0.0,0.0
2023-06-22 00:00:00-04:00,3.8071875646710396,3.875,3.5746875554323196,3.875,533600,0.0,0.0
2023-06-23 00:00:00-04:00,3.7684376092130294,3.8653125170208713,3.48749991463429,3.700624942779541,18219600,0.0,0.0
2023-06-26 00:00:00-04:00,3.652187527873532,3.710312473178893,2.7706249335368858,2.935312509536743,2188900,0.0,0.0
2023-06-27 00:00:00-04:00,2.915937396992994,2.9692187099506575,2.654374923881542,2.7803122997283936,879500,0.0,0.0
2023-06-28 00:00:00-04:00,2.7221874145517218,2.7900000801009504,2.6349999986615655,2.702812433242798,557600,0.0,0.0
2023-06-29 00:00:00-04:00,2.7028123558950226,2.8578124328986902,2.6834373751405627,2.8190624713897705,449000,0.0,0.0
2023-06-30 00:00:00-04:00,2.886874972540758,2.9353124255764094,2.7803123448943303,2.809375047683716,451100,0.0,0.0
2023-07-03 00:00:00-04:00,2.8093751876030955,2.877187625230368,2.7522189208839922,2.8578126430511475,139000,0.0,0.0
2023-07-05 00:00:00-04:00,2.8771874249779725,2.8771874249779725,2.6834373857027707,2.7124998569488525,259900,0.0,0.0
2023-07-06 00:00:00-04:00,2.66406246233622,2.7028124248335037,2.596250027965973,2.634999990463257,237600,0.0,0.0
2023-07-07 00:00:00-04:00,2.6349999429820263,2.794843650887026,2.6349999429820263,2.7803122997283936,282600,0.0,0.0
2023-07-10 00:00:00-04:00,2.731874957139309,2.8694374194349366,2.7221874663006878,2.799687623977661,209100,0.0,0.0
2023-07-11 00:00:00-04:00,2.799687594277053,2.906249992371419,2.780312381837352,2.838437557220459,219900,0.0,0.0
2023-07-12 00:00:00-04:00,2.8578125007193673,2.915937444362149,2.7900000664694553,2.809375047683716,469000,0.0,0.0
2023-07-13 00:00:00-04:00,2.8093751280417947,2.9740624730736505,2.8093751280417947,2.935312509536743,225600,0.0,0.0
2023-07-14 00:00:00-04:00,2.877187490463257,2.9401562950802766,2.857812509191558,2.877187490463257,205900,0.0,0.0
2023-07-17 00:00:00-04:00,2.877187635134729,3.022500001979105,2.877187635134729,2.9934375286102295,225400,0.0,0.0
2023-07-18 00:00:00-04:00,2.9934374455397363,3.158125021027813,2.9934374455397363,3.109687566757202,250500,0.0,0.0
2023-07-19 00:00:00-04:00,3.109687433292622,3.1581248854843467,3.0709374715392417,3.1290624141693115,220700,0.0,0.0
2023-07-20 00:00:00-04:00,3.1484375072934903,3.264687396698149,3.124218664850187,3.216249942779541,346400,0.0,0.0
2023-07-21 00:00:00-04:00,3.2065625321230193,3.342187637452189,3.16781256801983,3.2743752002716064,954100,0.0,0.0
2023-07-24 00:00:00-04:00,3.284062490522686,3.3518749235574816,3.2162498265199,3.3034374713897705,194400,0.0,0.0
2023-07-25 00:00:00-04:00,3.2840624921508224,3.332499944342547,3.0806249619775867,3.1290624141693115,252700,0.0,0.0
2023-07-26 00:00:00-04:00,3.0709375125634177,3.151343707372614,2.974062375917837,2.9837498664855957,502300,0.0,0.0
2023-07-27 00:00:00-04:00,3.0031249076128006,3.0409061908721924,2.8820311576128006,2.90625,288400,0.0,0.0
2023-07-28 00:00:00-04:00,2.906249970589813,2.9643749145692904,2.8771874986000743,2.944999933242798,228300,0.0,0.0
2023-07-31 00:00:00-04:00,2.94500000042097,2.993437454842104,2.906250036884063,2.935312509536743,379500,0.0,0.0
2023-08-01 00:00:00-04:00,2.92562491424456,2.943062535794666,2.8335936386447615,2.9159374237060547,150000,0.0,0.0
2023-08-02 00:00:00-04:00,2.838437527919859,2.9062499623708056,2.799687565376461,2.877187490463257,132600,0.0,0.0
2023-08-03 00:00:00-04:00,2.857812471434373,2.8868749429579506,2.7996875283872176,2.8481249809265137,229600,0.0,0.0
2023-08-04 00:00:00-04:00,2.8578124429355523,2.915937385403071,2.8578124429355523,2.8868749141693115,152100,0.0,0.0
2023-08-07 00:00:00-04:00,2.896562545999836,2.9837499639578775,2.848125091578702,2.935312509536743,180600,0.0,0.0
2023-08-08 00:00:00-04:00,2.8965626173806456,3.0031250197331882,2.857812652888812,2.9934375286102295,178400,0.0,0.0
2023-08-09 00:00:00-04:00,3.003124996162826,3.0709376644593065,2.8868751035997255,3.0321877002716064,248600,0.0,0.0
2023-08-10 00:00:00-04:00,3.0612500604373833,3.1484374766420697,2.976000003789781,3.012812376022339,328000,0.0,0.0
2023-08-11 00:00:00-04:00,2.9546874318858816,3.051562569747974,2.915937469128243,3.012812376022339,156900,0.0,0.0
2023-08-14 00:00:00-04:00,2.9643748568800765,3.0612499925952634,2.906249914031759,3.0224997997283936,146600,0.0,0.0
2023-08-15 00:00:00-04:00,3.012812500484914,3.0321877136321413,2.848125151961537,2.8578126430511475,314300,0.0,0.0
2023-08-16 00:00:00-04:00,2.857812538692162,2.9159374831072706,2.7512499096297978,2.838437557220459,404600,0.0,0.0
2023-08-17 00:00:00-04:00,3.0951560806166265,3.4778122991935305,3.070937470016766,3.3034374713897705,1341300,0.0,0.0
2023-08-18 00:00:00-04:00,3.3421874427846783,3.4874997997078436,3.2162498358166105,3.3712499141693115,564100,0.0,0.0
2023-08-21 00:00:00-04:00,3.361562413991024,3.419687356592277,3.1290624126180195,3.3034374713897705,510300,0.0,0.0
2023-08-22 00:00:00-04:00,3.303437612520133,3.3906250301468575,3.187187491383166,3.351875066757202,324300,0.0,0.0
2023-08-23 00:00:00-04:00,3.3034376254926148,3.526250146826111,3.3034376254926148,3.487499952316284,398600,0.0,0.0
2023-08-24 00:00:00-04:00,3.4293750004035553,3.5456251217733037,3.419687509536743,3.419687509536743,321100,0.0,0.0
2023-08-25 00:00:00-04:00,3.4196874651369518,3.6231250016666627,3.4196874651369518,3.565000057220459,337900,0.0,0.0
2023-08-28 00:00:00-04:00,3.5165626466392537,3.710312463835906,3.5020312948655046,3.661875009536743,392000,0.0,0.0
2023-08-29 00:00:00-04:00,3.6521873944258485,3.8052498833846657,3.618281062085961,3.7490622997283936,462300,0.0,0.0
2023-08-30 00:00:00-04:00,3.729687482900819,3.749062464814485,3.6570314162085715,3.6909375190734863,285600,0.0,0.0
2023-08-31 00:00:00-04:00,3.6425000278170776,3.7684376399629027,3.6425000278170776,3.661875009536743,377100,0.0,0.0
2023-09-01 00:00:00-04:00,3.6715623754863573,3.7684375117568956,3.6715623754863573,3.7490622997283936,219400,0.0,0.0
2023-09-05 00:00:00-04:00,3.66187500264847,3.7219375382536506,3.535937621707544,3.594062566757202,230500,0.0,0.0
2023-09-06 00:00:00-04:00,3.565000124438095,3.5940625972091658,3.466187624629252,3.5553126335144043,270300,0.0,0.0
2023-09-07 00:00:00-04:00,3.55531261948248,3.5698437403266636,3.4681249705453716,3.487499952316284,415800,0.0,0.0
2023-09-08 00:00:00-04:00,3.458437391605281,3.553374938446366,3.4293749196888665,3.535937547683716,213000,0.0,0.0
2023-09-11 00:00:00-04:00,3.5359375697877917,3.5456250604871555,3.458437413224883,3.497187376022339,255600,0.0,0.0
2023-09-12 00:00:00-04:00,3.48749998295575,3.5940626145999772,3.4003125642206573,3.4487500190734863,352900,0.0,0.0
2023-09-13 00:00:00-04:00,3.4390624538064003,3.4874999076128006,3.38093750923872,3.390625,183900,0.0,0.0
2023-09-14 00:00:00-04:00,3.4196873759719684,3.4390623569488525,3.3664060628015404,3.4390623569488525,341700,0.0,0.0
2023-09-15 00:00:00-04:00,3.4487499445676804,3.4487499445676804,3.3228125646710396,3.390625,697600,0.0,0.0
2023-09-18 00:00:00-04:00,3.3809376126578594,3.4390625590035175,3.2937501931393722,3.4100000858306885,227000,0.0,0.0
2023-09-19 00:00:00-04:00,3.419687413511662,3.4971873382699563,3.376093590351124,3.4681248664855957,221200,0.0,0.0
2023-09-20 00:00:00-04:00,3.4681249638708045,3.535937630906491,3.4003125278031185,3.419687509536743,166900,0.0,0.0
2023-09-21 00:00:00-04:00,3.3518750369548798,3.4293749630451202,3.2840626016259193,3.390625,179000,0.0,0.0
2023-09-22 00:00:00-04:00,3.40031249076128,3.4487499445676804,3.36156252771616,3.390625,160400,0.0,0.0
2023-09-25 00:00:00-04:00,3.3131250371936414,3.3954688232359858,3.13874997445503,3.361562490463257,215400,0.0,0.0
2023-09-26 00:00:00-04:00,3.351874933246223,3.4148437367302567,3.293749990476957,3.3712499141693115,137900,0.0,0.0
2023-09-27 00:00:00-04:00,3.3809375165223408,3.468124933561691,3.327656201736516,3.458437442779541,246400,0.0,0.0
2023-09-28 00:00:00-04:00,3.4584375287834024,3.6328125981664323,3.4100000736681175,3.5843751430511475,313200,0.0,0.0
2023-09-29 00:00:00-04:00,3.594062462045249,3.603749952604616,3.4632812240097905,3.5746874809265137,470000,0.0,0.0
2023-10-02 00:00:00-04:00,3.526250146826111,3.550468758555751,3.3228126072635273,3.487499952316284,212300,0.0,0.0
2023-10-03 00:00:00-04:00,3.4875000196828148,3.5068750018279857,3.4100000911021318,3.4778125286102295,185300,0.0,0.0
2023-10-04 00:00:00-04:00,3.4487500190734863,3.48749998295575,3.351875109367828,3.4487500190734863,196200,0.0,0.0
2023-10-05 00:00:00-04:00,3.439062347400122,3.439062347400122,3.196874854893522,3.3712499141693115,325000,0.0,0.0
2023-10-06 00:00:00-04:00,3.351875122174742,3.5262501912791864,3.3082812971566296,3.5165627002716064,137800,0.0,0.0
2023-10-09 00:00:00-04:00,3.4971874570042596,3.5843751062854756,3.410000038691046,3.5553126335144043,169000,0.0,0.0
2023-10-10 00:00:00-04:00,3.555312669981977,3.6618750712356034,3.521406335917275,3.5843751430511475,296600,0.0,0.0
2023-10-11 00:00:00-04:00,3.6715625003965755,3.686093852170325,3.535937628358919,3.661875009536743,526200,0.0,0.0
2023-10-12 00:00:00-04:00,3.6134374234041085,3.7248436797116127,3.57468746137854,3.6812498569488525,181100,0.0,0.0
2023-10-13 00:00:00-04:00,3.7199999243411095,3.7296874151218935,3.642499998094836,3.700624942779541,208000,0.0,0.0
2023-10-16 00:00:00-04:00,3.7199999856996646,3.7199999856996646,3.506874954039079,3.6231250762939453,249000,0.0,0.0
2023-10-17 00:00:00-04:00,3.5843751125316574,3.657031410069948,3.516562675947654,3.6231250762939453,214600,0.0,0.0
2023-10-18 00:00:00-04:00,3.564999984967154,3.6037499471459284,3.32281249038182,3.3324999809265137,267600,0.0,0.0
2023-10-19 00:00:00-04:00,3.274375037658352,3.419687395828756,3.2453123350562776,3.3324999809265137,213400,0.0,0.0
2023-10-20 00:00:00-04:00,3.4390625590035175,3.4778125232339563,3.3228126663122013,3.4100000858306885,319900,0.0,0.0
2023-10-23 00:00:00-04:00,3.390624992397367,3.4390624460951584,3.3131250664809007,3.322812557220459,212500,0.0,0.0
2023-10-24 00:00:00-04:00,3.34218758903444,3.4971874432017405,3.34218758903444,3.487499952316284,216200,0.0,0.0
2023-10-25 00:00:00-04:00,3.4487500190734863,3.5165626868354507,3.3906250732500913,3.4487500190734863,165600,0.0,0.0
2023-10-26 00:00:00-04:00,3.468124933561691,3.5068748966902907,3.3712500257401907,3.458437442779541,262500,0.0,0.0
2023-10-27 00:00:00-04:00,3.429375067945908,3.487500014291566,3.332500157369811,3.4100000858306885,280300,0.0,0.0
2023-10-30 00:00:00-04:00,3.4681249260902405,3.6328125,3.3518750369548798,3.6328125,205100,0.0,0.0
2023-10-31 00:00:00-04:00,3.7103123664855957,3.7587500504818627,3.5359375355838147,3.7103123664855957,656500,0.0,0.0
2023-11-01 00:00:00-04:00,3.6521875743777263,3.671562556392886,3.4487500322505418,3.5165627002716064,287500,0.0,0.0
2023-11-02 00:00:00-04:00,3.6037500643777474,3.6715625003965755,3.5262501374990864,3.661875009536743,253100,0.0,0.0
2023-11-03 00:00:00-04:00,3.7103123664855957,3.71999985709125,3.5504686560082988,3.7103123664855957,427900,0.0,0.0
2023-11-06 00:00:00-05:00,3.681250053281717,3.724843878369476,3.535937687935863,3.5843751430511475,328300,0.0,0.0
2023-11-07 00:00:00-05:00,3.603749969823396,3.753906189695038,3.565000007400778,3.7103123664855957,418700,0.0,0.0
2023-11-08 00:00:00-05:00,3.739374838302559,3.742281108581055,3.623124951034705,3.7103123664855957,277800,0.0,0.0
2023-11-09 00:00:00-05:00,3.6909374847754877,3.739374939109549,3.419687509536743,3.419687509536743,374000,0.0,0.0
2023-11-10 00:00:00-05:00,3.3809375700633417,3.4090313630668736,3.1678125385129645,3.3131251335144043,325200,0.0,0.0
2023-11-13 00:00:00-05:00,3.2840626016259193,3.2840626016259193,3.12906251847744,3.1484375,317900,0.0,0.0
2023-11-14 00:00:00-05:00,3.187187391788116,3.3712499431052882,3.1290624485199543,3.3324999809265137,598800,0.0,0.0
2023-11-15 00:00:00-05:00,3.264687290223261,3.3421874449334332,3.1678123855455347,3.1968748569488525,342600,0.0,0.0
2023-11-16 00:00:00-05:00,3.1484375,3.2549998983740807,3.1339061483740807,3.1484375,359900,0.0,0.0
2023-11-17 00:00:00-05:00,3.1484375072934903,3.2404687852228444,3.1000000533748824,3.216249942779541,401500,0.0,0.0
2023-11-20 00:00:00-05:00,3.216249927550367,3.216249927550367,3.070937566482608,3.080625057220459,222800,0.0,0.0
2023-11-21 00:00:00-05:00,3.0515625314279005,3.0709375125634177,2.974062375917837,2.9837498664855957,238500,0.0,0.0
2023-11-22 00:00:00-05:00,2.906250043261437,3.080625110528164,2.8820312005137243,3.003124952316284,583500,0.0,0.0
2023-11-24 00:00:00-05:00,2.9837498664855957,3.0321875502923827,2.9643748853500784,2.9837498664855957,104800,0.0,0.0
2023-11-27 00:00:00-05:00,2.93531247228384,2.9643749445676804,2.87718752771616,2.90625,166800,0.0,0.0
2023-11-28 00:00:00-05:00,2.896562479926567,2.954687423906044,2.8481250266103357,2.944999933242798,417700,0.0,0.0
2023-11-29 00:00:00-05:00,2.935312509536743,3.0418751402312396,2.877187564231382,2.935312509536743,356300,0.0,0.0
2023-11-30 00:00:00-05:00,2.954687423906044,2.954687423906044,2.906249970589813,2.944999933242798,194500,0.0,0.0
2023-12-01 00:00:00-05:00,2.9546875280687233,2.983750001083012,2.915937564049672,2.9643750190734863,1091800,0.0,0.0
2023-12-04 00:00:00-05:00,3.003124945726331,3.032187649347013,2.9159375277682895,2.935312509536743,413100,0.0,0.0
2023-12-05 00:00:00-05:00,2.8868749141693115,2.935312366225577,2.8093749908792867,2.8868749141693115,477700,0.0,0.0
2023-12-06 00:00:00-05:00,2.8965626173806456,3.017656371901629,2.8965626173806456,2.9934375286102295,620900,0.0,0.0
2023-12-07 00:00:00-05:00,2.993437318723711,2.993437318723711,2.9353123760614235,2.9546873569488525,312000,0.0,0.0
2023-12-08 00:00:00-05:00,2.92562498152256,2.9449999630451202,2.8578125461935997,2.90625,416600,0.0,0.0
2023-12-11 00:00:00-05:00,2.90625006727949,2.90625006727949,2.8578126123517658,2.8965625762939453,223000,0.0,0.0
2023-12-12 00:00:00-05:00,2.88687501847744,2.9110938608646393,2.87718752771616,2.90625,271200,0.0,0.0
2023-12-13 00:00:00-05:00,2.8868750745095655,3.0709376335144043,2.8868750745095655,3.0709376335144043,621600,0.0,0.0
2023-12-14 00:00:00-05:00,3.0709376128839203,3.1000000855366006,2.8675000733471556,2.935312509536743,735100,0.0,0.0
2023-12-15 00:00:00-05:00,2.93531247228384,2.9546874538064003,2.8190625831484795,2.90625,876000,0.0,0.0
2023-12-18 00:00:00-05:00,2.87718752771616,2.9449999630451202,2.8675000369548798,2.90625,384100,0.0,0.0
2023-12-19 00:00:00-05:00,2.935312509536743,2.9740624730736505,2.906250036884063,2.935312509536743,482000,0.0,0.0
2023-12-20 00:00:00-05:00,2.954687522207214,2.9934374861493933,2.8965625762939453,2.8965625762939453,420100,0.0,0.0
2023-12-21 00:00:00-05:00,2.9353123760614235,2.974062337836282,2.901406044024427,2.9546873569488525,294800,0.0,0.0
2023-12-22 00:00:00-05:00,2.993437318723711,2.993437318723711,2.940156236767276,2.9546873569488525,303500,0.0,0.0
2023-12-26 00:00:00-05:00,2.945000049881276,3.0321877002716064,2.9256250677874256,3.0321877002716064,234900,0.0,0.0
2023-12-27 00:00:00-05:00,3.0128124272479804,3.1193750576113244,3.0031249363938586,3.109687566757202,245900,0.0,0.0
2023-12-28 00:00:00-05:00,3.0515625923871994,3.16781248152256,3.0515625923871994,3.1484375,191300,0.0,0.0
2023-12-29 00:00:00-05:00,3.1581250520581685,3.1581250520581685,3.032187669717176,3.0709376335144043,208400,0.0,0.0
2024-01-02 00:00:00-05:00,3.0128124740973004,3.061250160089119,2.9546875280687233,2.9643750190734863,188000,0.0,0.0
2024-01-03 00:00:00-05:00,2.9934372981799084,2.9934372981799084,2.8045311203399312,2.8190624713897705,428900,0.0,0.0
2024-01-04 00:00:00-05:00,2.8965624462641992,2.8965624462641992,2.7028124042829433,2.7415623664855957,284800,0.0,0.0
2024-01-05 00:00:00-05:00,2.7124998468237074,2.7415623179613053,2.625312433410913,2.6446874141693115,646300,0.0,0.0
2024-01-08 00:00:00-05:00,2.6446874240413285,2.7124998569488525,2.5865624815491652,2.7124998569488525,273500,0.0,0.0
2024-01-09 00:00:00-05:00,2.6737499830882943,2.6737499830882943,2.596250057220459,2.596250057220459,319900,0.0,0.0
2024-01-10 00:00:00-05:00,2.5865625090411153,2.6737499237060547,2.5478125469678092,2.6737499237060547,437000,0.0,0.0
2024-01-11 00:00:00-05:00,2.6253125369548798,2.67374999076128,2.6059375554323196,2.6640625,403800,0.0,0.0
2024-01-12 00:00:00-05:00,2.7125000223299867,2.7803124593720354,2.6398437243009325,2.6543750762939453,384900,0.0,0.0
2024-01-16 00:00:00-05:00,2.6349999429820263,2.7996875115959003,2.6301560822731522,2.7803122997283936,647000,0.0,0.0
2024-01-17 00:00:00-05:00,2.7124998828484923,2.852968610696447,2.7124998828484923,2.8481249809265137,439400,0.0,0.0
2024-01-18 00:00:00-05:00,2.848125121366221,2.9256250492505798,2.809375157424042,2.8965625762939453,635500,0.0,0.0
2024-01-19 00:00:00-05:00,2.867500139190663,2.9256250858306885,2.799687701443967,2.9256250858306885,479400,0.0,0.0
2024-01-22 00:00:00-05:00,2.925624894981198,3.032187521171105,2.906249914031759,3.0224997997283936,324600,0.0,0.0
2024-01-23 00:00:00-05:00,3.0903125781399807,3.0903125781399807,3.0031249296798053,3.041875123977661,277800,0.0,0.0
2024-01-24 00:00:00-05:00,3.090312532505612,3.090312532505612,2.9449999411964716,3.012812376022339,259300,0.0,0.0
2024-01-25 00:00:00-05:00,3.041875028287915,3.2065623672591506,3.032187537760195,3.0903124809265137,470200,0.0,0.0
2024-01-26 00:00:00-05:00,3.1096875598049083,3.176531315839309,3.032187633145197,3.041875123977661,167100,0.0,0.0
2024-01-29 00:00:00-05:00,3.0321875464833927,3.167812414261644,3.0321875464833927,3.1581249237060547,205600,0.0,0.0
2024-01-30 00:00:00-05:00,3.162968881938874,3.1678125118819347,3.1000000759030804,3.109687566757202,159500,0.0,0.0
2024-01-31 00:00:00-05:00,3.1000001376000816,3.167812574928557,3.022499978256676,3.0321877002716064,430000,0.0,0.0
2024-02-01 00:00:00-05:00,3.070937603340714,3.1290625484654466,3.037031269867286,3.109687566757202,449900,0.0,0.0
2024-02-02 00:00:00-05:00,3.06125003830308,3.1193749820192664,3.0273437056513073,3.051562547683716,270300,0.0,0.0
2024-02-05 00:00:00-05:00,3.0224999651020634,3.030250096486676,2.9450000370639606,2.9643750190734863,329000,0.0,0.0
2024-02-06 00:00:00-05:00,2.9546875409282007,3.0515626823654567,2.942093779470398,3.0321877002716064,150200,0.0,0.0
2024-02-07 00:00:00-05:00,3.012812376022339,3.042843758837106,2.975031324011239,3.012812376022339,367000,0.0,0.0
2024-02-08 00:00:00-05:00,3.0224999886587094,3.1678125858306885,2.9740625332573853,3.1678125858306885,684200,0.0,0.0
2024-02-09 00:00:00-05:00,3.148437573155249,3.259843834982539,3.1319688615752153,3.2065625190734863,247500,0.0,0.0
2024-02-12 00:00:00-05:00,3.254999987252007,3.303437673348999,3.216250023148817,3.2743752002716064,435000,0.0,0.0
2024-02-13 00:00:00-05:00,3.1193749820192664,3.158124944496724,3.0224998448576277,3.051562547683716,484300,0.0,0.0
2024-02-14 00:00:00-05:00,3.1000000461935997,3.15812499076128,3.0854686945676804,3.1484375,232600,0.0,0.0
2024-02-15 00:00:00-05:00,3.1678124888609336,3.216249942779541,3.1193750349423257,3.216249942779541,236300,0.0,0.0
2024-02-16 00:00:00-05:00,3.3131250126941754,3.3131250126941754,3.1968748947387335,3.2259373664855957,531600,0.0,0.0
2024-02-20 00:00:00-05:00,3.158125089434905,3.1775000715628243,3.0903126519871877,3.1000001430511475,187700,0.0,0.0
2024-02-21 00:00:00-05:00,3.1000000759030804,3.1387500393195684,3.1000000759030804,3.109687566757202,177200,0.0,0.0
2024-02-22 00:00:00-05:00,3.0999999714542334,3.129062443037393,3.0612500093433543,3.0903124809265137,222600,0.0,0.0
2024-02-23 00:00:00-05:00,3.1000001430511475,3.129062616243026,3.0903126519871877,3.1000001430511475,153200,0.0,0.0
2024-02-26 00:00:00-05:00,3.100000009172081,3.1290624811088446,3.066093676428525,3.119374990463257,203300,0.0,0.0
2024-02-27 00:00:00-05:00,3.1678125491986666,3.1920313921032695,3.129062585325705,3.1387500762939453,82000,0.0,0.0
2024-02-28 00:00:00-05:00,3.100000009172081,3.1329374311734806,3.090312518526493,3.119374990463257,152500,0.0,0.0
2024-02-29 00:00:00-05:00,3.158124895077762,3.2162498378843978,3.138749914142217,3.1968748569488525,181300,0.0,0.0
2024-03-01 00:00:00-05:00,3.187187395372823,3.2065623764840017,3.1290624520392867,3.1581249237060547,210900,0.0,0.0
2024-03-04 00:00:00-05:00,3.158125089434905,3.1678125804988646,3.0903126519871877,3.1000001430511475,123500,0.0,0.0
2024-03-05 00:00:00-05:00,3.0806249735447024,3.1387499163930195,3.012812309253674,3.0224997997283936,308000,0.0,0.0
2024-03-06 00:00:00-05:00,3.3324999897143766,3.4390623859870133,3.251124884149968,3.4003124237060547,715900,0.0,0.0
2024-03-07 00:00:00-05:00,3.4778125286102295,3.6570314599050677,3.412906361520708,3.4778125286102295,635900,0.0,0.0
2024-03-08 00:00:00-05:00,3.4584374353289604,3.5262501016259193,3.3664061576128006,3.390625,375200,0.0,0.0
2024-03-11 00:00:00-04:00,3.3421874427846783,3.4196873664770333,3.3276560916083664,3.3712499141693115,293500,0.0,0.0
2024-03-12 00:00:00-04:00,3.3518750441758907,3.502031266783215,3.3421875533937406,3.458437442779541,280200,0.0,0.0
2024-03-13 00:00:00-04:00,3.4100000491541906,3.4971874677349275,3.313125139620039,3.3809375762939453,392900,0.0,0.0
2024-03-14 00:00:00-04:00,3.3228125872865184,3.3518750597681612,3.2453124297008036,3.284062623977661,261100,0.0,0.0
2024-03-15 00:00:00-04:00,3.274375103522668,3.3421875386995756,3.274375103522668,3.322812557220459,749700,0.0,0.0
2024-03-18 00:00:00-04:00,3.2937499809562283,3.3421874331239394,3.274375000089144,3.3034374713897705,241400,0.0,0.0
2024-03-19 00:00:00-04:00,3.293749990476957,3.3712499141693115,3.2646872881243323,3.3712499141693115,158600,0.0,0.0
2024-03-20 00:00:00-04:00,3.3324999897143766,3.419687404846534,3.254999834184465,3.4003124237060547,279300,0.0,0.0
2024-03-21 00:00:00-04:00,3.3906250434617213,3.5068749340871967,3.3906250434617213,3.487499952316284,224600,0.0,0.0
2024-03-22 00:00:00-04:00,3.4778122991935305,3.4874997896270727,3.3034374713897705,3.3034374713897705,278300,0.0,0.0
2024-03-25 00:00:00-04:00,3.293750047683716,3.3712499727221106,3.293750047683716,3.293750047683716,99300,0.0,0.0
2024-03-26 00:00:00-04:00,3.3228126418779653,3.3228126418779653,3.1532814341324373,3.2065625190734863,291600,0.0,0.0
2024-03-27 00:00:00-04:00,3.2259375141746145,3.2937501823232016,3.16781256801983,3.2743752002716064,415400,0.0,0.0
2024-03-28 00:00:00-04:00,3.2743752057569635,3.3567187641301843,3.2549999927049056,3.3421876430511475,226600,0.0,0.0
2024-04-01 00:00:00-04:00,3.3324999938587503,3.3324999938587503,3.2259373664855957,3.2259373664855957,127300,0.0,0.0
2024-04-02 00:00:00-04:00,3.187187395372823,3.187187395372823,3.0999999803725187,3.1581249237060547,504400,0.0,0.0
2024-04-03 00:00:00-04:00,3.1290624892186245,3.22593739592558,3.1096875078772332,3.187187433242798,288300,0.0,0.0
2024-04-04 00:00:00-04:00,3.245312514472807,3.250156375496943,3.1484376036701587,3.1678125858306885,265800,0.0,0.0
2024-04-05 00:00:00-04:00,3.17749997228384,3.17749997228384,3.12906251847744,3.1484375,189600,0.0,0.0
2024-04-08 00:00:00-04:00,3.1484375301736907,3.158125021027813,3.1000000759030804,3.109687566757202,287700,0.0,0.0
2024-04-09 00:00:00-04:00,3.1290624892186245,3.1968749239134935,3.1000000172065376,3.187187433242798,490900,0.0,0.0
2024-04-10 00:00:00-04:00,3.1387499046076566,3.187187356799382,3.0806249619775867,3.1290624141693115,419700,0.0,0.0
2024-04-11 00:00:00-04:00,3.129062432784705,3.2743750211923635,3.129062432784705,3.2646872997283936,245400,0.0,0.0
2024-04-12 00:00:00-04:00,3.2259375268826225,3.2743752131704262,3.066093808843286,3.1000001430511475,396900,0.0,0.0
2024-04-15 00:00:00-04:00,3.0999999330202246,3.1581248754659064,3.051562480982157,3.0612499713897705,282400,0.0,0.0
2024-04-16 00:00:00-04:00,3.051562614810125,3.061250105642589,2.9934374388473417,3.041875123977661,212600,0.0,0.0
2024-04-17 00:00:00-04:00,3.0418750408601416,3.0709375125634177,2.9643748853500784,2.9837498664855957,361700,0.0,0.0
2024-04-18 00:00:00-04:00,2.974062337836282,3.0128122996111406,2.940156236767276,2.9546873569488525,503700,0.0,0.0
2024-04-19 00:00:00-04:00,2.9353125159778912,3.0321876560007404,2.9353125159778912,3.003124952316284,414600,0.0,0.0
2024-04-22 00:00:00-04:00,3.022499790054855,3.041875001910275,2.944999866505138,2.9546873569488525,348500,0.0,0.0
2024-04-23 00:00:00-04:00,2.9546873569488525,3.0128122996111406,2.944999866505138,2.9546873569488525,410200,0.0,0.0
2024-04-24 00:00:00-04:00,2.9546874538064003,2.9740624353289604,2.87718752771616,2.90625,322400,0.0,0.0
2024-04-25 00:00:00-04:00,2.8771875943228555,2.90625006727949,2.809375157424042,2.8965625762939453,370400,0.0,0.0
2024-04-26 00:00:00-04:00,2.9062499331675493,2.9159374237060547,2.88493736159564,2.9159374237060547,298200,0.0,0.0
2024-04-29 00:00:00-04:00,2.935312429283348,3.051562547683716,2.915937448044619,3.051562547683716,271200,0.0,0.0
2024-04-30 00:00:00-04:00,3.0128122883837123,3.0999999330202246,3.0031247979760987,3.0612499713897705,324300,0.0,0.0
2024-05-01 00:00:00-04:00,3.07093750870575,3.23562484815077,3.02249982495981,3.1581249237060547,1107400,0.0,0.0
2024-05-02 00:00:00-04:00,3.216249963925408,3.3857811692391504,3.177500000535752,3.351875066757202,246900,0.0,0.0
2024-05-03 00:00:00-04:00,3.4003125582007754,3.4487500129678517,3.322812630573454,3.3809375762939453,310900,0.0,0.0
2024-05-06 00:00:00-04:00,3.3809375762939453,3.3857812062866515,3.3421876124802843,3.3809375762939453,271700,0.0,0.0
2024-05-07 00:00:00-04:00,3.380937404630856,3.395468755807168,3.3664060534545435,3.3712499141693115,505700,0.0,0.0
2024-05-08 00:00:00-04:00,3.4390624538064003,3.4390624538064003,3.3034375831484795,3.390625,412300,0.0,0.0
2024-05-09 00:00:00-04:00,3.390625,3.41968747228384,3.3518750369548798,3.390625,453200,0.0,0.0
2024-05-10 00:00:00-04:00,3.361562574020964,3.361562574020964,3.1823438769845844,3.245312452316284,517700,0.0,0.0
2024-05-13 00:00:00-04:00,3.2453125016628794,3.3421876430511475,3.235625010620853,3.3421876430511475,294800,0.0,0.0
2024-05-14 00:00:00-04:00,3.3421875461935997,3.40031249076128,3.3421875461935997,3.390625,384400,0.0,0.0
2024-05-15 00:00:00-04:00,3.4003123855539448,3.409999876015489,3.3664060534545435,3.3712499141693115,204500,0.0,0.0
2024-05-16 00:00:00-04:00,3.3421875461935997,3.40031249076128,3.3421875461935997,3.390625,223900,0.0,0.0
2024-05-17 00:00:00-04:00,3.3906250434617213,3.487499952316284,3.3760936916495363,3.487499952316284,947600,0.0,0.0
2024-05-20 00:00:00-04:00,3.448749908917054,3.603749990463257,3.439062418255916,3.603749990463257,712200,0.0,0.0
2024-05-21 00:00:00-04:00,3.5843750891553907,3.768437646793857,3.565000107400605,3.729687452316284,2536200,0.0,0.0
2024-05-22 00:00:00-04:00,3.7587501331589217,3.855625041346317,3.7296874297347036,3.768437623977661,1041300,0.0,0.0
2024-05-23 00:00:00-04:00,3.778125061719901,3.8042812634662453,3.5843750170989837,3.671562433242798,602700,0.0,0.0
2024-05-24 00:00:00-04:00,3.6909375554532753,3.7345313806727094,3.6521875912440027,3.7200000286102295,475200,0.0,0.0
2024-05-28 00:00:00-04:00,3.7199999856996646,3.7296874766402364,3.5843751125316574,3.6231250762939453,491300,0.0,0.0
2024-05-29 00:00:00-04:00,3.5746876463170865,3.5843751373246664,3.487499996280862,3.5165627002716064,357200,0.0,0.0
2024-05-30 00:00:00-04:00,3.555312499807779,3.613437443163984,3.545625009248411,3.5746874809265137,222600,0.0,0.0
2024-05-31 00:00:00-04:00,3.5650001553095065,3.5650001553095065,3.487499996280862,3.5165627002716064,257500,0.0,0.0
2024-06-03 00:00:00-04:00,3.5262501778060167,3.5310938078072978,3.419687546161789,3.4487500190734863,287600,0.0,0.0
2024-06-04 00:00:00-04:00,3.4196874939601165,3.526250123977661,3.400312512314745,3.526250123977661,415600,0.0,0.0
2024-06-05 00:00:00-04:00,3.5553126033907634,3.594062566757202,3.5165626400243246,3.594062566757202,288700,0.0,0.0
2024-06-06 00:00:00-04:00,3.5650000942323734,3.6134375484404218,3.560156233327568,3.594062566757202,182900,0.0,0.0
2024-06-07 00:00:00-04:00,3.535937553201869,3.5456250438557917,3.351874999809334,3.361562490463257,211700,0.0,0.0
2024-06-10 00:00:00-04:00,3.293750085001784,3.356718659324914,3.2356249095964364,3.322812557220459,261400,0.0,0.0
2024-06-11 00:00:00-04:00,3.2743751399778915,3.37125004845203,3.264687418162477,3.351875066757202,218300,0.0,0.0
2024-06-12 00:00:00-04:00,3.4293748954167738,3.487499838838212,3.380937442565575,3.4003124237060547,204300,0.0,0.0
2024-06-13 00:00:00-04:00,3.3712499431052882,3.400312414739369,3.274375037658352,3.3324999809265137,154700,0.0,0.0
2024-06-14 00:00:00-04:00,3.2743751559684555,3.2889062768265394,3.187187506947945,3.245312452316284,225300,0.0,0.0
2024-06-17 00:00:00-04:00,3.2162499572191607,3.293750114804875,3.2065624663919463,3.284062623977661,172900,0.0,0.0
2024-06-18 00:00:00-04:00,3.2646873586083625,3.2743750802470544,3.177499942572102,3.187187433242798,232900,0.0,0.0
2024-06-20 00:00:00-04:00,3.1774999048172337,3.216249867039591,3.1290624520392867,3.1581249237060547,303500,0.0,0.0
2024-06-21 00:00:00-04:00,3.1387500393195684,3.187187493590179,3.109687566757202,3.109687566757202,500100,0.0,0.0
2024-06-24 00:00:00-04:00,3.1000000007805375,3.187187416354817,3.0273437056513073,3.051562547683716,166100,0.0,0.0
2024-06-25 00:00:00-04:00,3.032187718972075,3.0806251745054296,2.901406242580008,2.9256250858306885,618500,0.0,0.0
2024-06-26 00:00:00-04:00,2.8674999998274076,2.9304688044444274,2.81906254664816,2.877187490463257,549600,0.0,0.0
2024-06-27 00:00:00-04:00,3.0031249003496563,3.10000003869616,2.8965625022332997,3.080625057220459,622000,0.0,0.0
2024-06-28 00:00:00-04:00,3.1193749237309665,3.1387499046076566,3.0612499811008966,3.1290624141693115,3003900,0.0,0.0
2024-07-01 00:00:00-04:00,3.1290625911825027,3.216250010059859,3.109687609209757,3.2065625190734863,673200,0.0,0.0
2024-07-02 00:00:00-04:00,3.2065624445676804,3.2114063054323196,3.12906251847744,3.1484375,213200,0.0,0.0
2024-07-03 00:00:00-04:00,3.15812499076128,3.2307812869548798,3.1339061483740807,3.1484375,127900,0.0,0.0
2024-07-05 00:00:00-04:00,3.138750107306986,3.1484375983709456,3.0709376698592687,3.1000001430511475,181600,0.0,0.0
2024-07-08 00:00:00-04:00,3.119999885559082,3.1600000858306885,3.0999999046325684,3.109999895095825,197700,0.1,0.0
2024-07-09 00:00:00-04:00,3.0999999046325684,3.1600000858306885,3.0399999618530273,3.1500000953674316,350100,0.0,0.0
2024-07-10 00:00:00-04:00,3.1700000762939453,3.190000057220459,3.119999885559082,3.1700000762939453,232000,0.0,0.0
2024-07-11 00:00:00-04:00,3.2300000190734863,3.4800000190734863,3.1700000762939453,3.4600000381469727,664200,0.0,0.0
2024-07-12 00:00:00-04:00,3.5,3.5,3.359999895095825,3.380000114440918,347000,0.0,0.0
2024-07-15 00:00:00-04:00,3.4200000762939453,3.5,3.369999885559082,3.490000009536743,464000,0.0,0.0
2024-07-16 00:00:00-04:00,3.5,3.7200000286102295,3.490000009536743,3.7100000381469727,678400,0.0,0.0
2024-07-17 00:00:00-04:00,3.6500000953674316,3.700000047683716,3.565000057220459,3.630000114440918,523700,0.0,0.0
2024-07-18 00:00:00-04:00,3.569999933242798,3.6600000858306885,3.4700000286102295,3.509999990463257,342800,0.0,0.0
2024-07-19 00:00:00-04:00,3.5,3.5399999618530273,3.4639999866485596,3.4800000190734863,160200,0.0,0.0
2024-07-22 00:00:00-04:00,3.4800000190734863,3.6600000858306885,3.390000104904175,3.6500000953674316,526900,0.0,0.0
2024-07-23 00:00:00-04:00,3.619999885559082,3.734999895095825,3.5999999046325684,3.7300000190734863,675600,0.0,0.0
2024-07-24 00:00:00-04:00,3.7200000286102295,3.7300000190734863,3.640000104904175,3.6700000762939453,364900,0.0,0.0
2024-07-25 00:00:00-04:00,3.6700000762939453,3.815000057220459,3.630000114440918,3.740000009536743,602900,0.0,0.0
2024-07-26 00:00:00-04:00,3.799999952316284,3.819000005722046,3.700000047683716,3.7899999618530273,417800,0.0,0.0
2024-07-29 00:00:00-04:00,3.759999990463257,3.865000009536743,3.759999990463257,3.859999895095825,609800,0.0,0.0
2024-07-30 00:00:00-04:00,3.869999885559082,3.890000104904175,3.7899999618530273,3.869999885559082,391200,0.0,0.0
2024-07-31 00:00:00-04:00,3.880000114440918,3.9149999618530273,3.680000066757202,3.8299999237060547,1184300,0.0,0.0
2024-08-01 00:00:00-04:00,3.8299999237060547,3.869999885559082,3.6449999809265137,3.7699999809265137,546300,0.0,0.0
2024-08-02 00:00:00-04:00,3.5899999141693115,3.7300000190734863,3.569999933242798,3.6600000858306885,558500,0.0,0.0
2024-08-05 00:00:00-04:00,3.440000057220459,3.4749999046325684,3.309999942779541,3.380000114440918,603800,0.0,0.0
2024-08-06 00:00:00-04:00,3.3499999046325684,3.4700000286102295,3.3399999141693115,3.380000114440918,641700,0.0,0.0
2024-08-07 00:00:00-04:00,3.3399999141693115,3.380000114440918,3.055000066757202,3.0799999237060547,642700,0.0,0.0
2024-08-08 00:00:00-04:00,3.140000104904175,3.2100000381469727,3.1010000705718994,3.1700000762939453,329100,0.0,0.0
2024-08-09 00:00:00-04:00,3.1500000953674316,3.180000066757202,3.0299999713897705,3.0299999713897705,261600,0.0,0.0
2024-08-12 00:00:00-04:00,3.009999990463257,3.059999942779541,2.940000057220459,3.0399999618530273,625900,0.0,0.0
2024-08-13 00:00:00-04:00,3.069999933242798,3.140000104904175,3.0299999713897705,3.130000114440918,445200,0.0,0.0
2024-08-14 00:00:00-04:00,3.1500000953674316,3.200000047683716,3.0899999141693115,3.109999895095825,404500,0.0,0.0
2024-08-15 00:00:00-04:00,3.2200000286102295,3.25,3.1649999618530273,3.2300000190734863,1061700,0.0,0.0
2024-08-16 00:00:00-04:00,3.2300000190734863,3.299999952316284,3.184999942779541,3.2899999618530273,419500,0.0,0.0
2024-08-19 00:00:00-04:00,3.2799999713897705,3.3399999141693115,3.265000104904175,3.319999933242798,291000,0.0,0.0
2024-08-20 00:00:00-04:00,3.309999942779541,3.309999942779541,3.2249999046325684,3.259999990463257,199700,0.0,0.0
2024-08-21 00:00:00-04:00,3.299999952316284,3.309999942779541,3.2200000286102295,3.309999942779541,187800,0.0,0.0
2024-08-22 00:00:00-04:00,3.299999952316284,3.309999942779541,3.240000009536743,3.259999990463257,176800,0.0,0.0
2024-08-23 00:00:00-04:00,3.2699999809265137,3.4200000762939453,3.259999990463257,3.4000000953674316,407900,0.0,0.0
2024-08-26 00:00:00-04:00,3.4600000381469727,3.4600000381469727,3.3499999046325684,3.380000114440918,249300,0.0,0.0
2024-08-27 00:00:00-04:00,3.3399999141693115,3.369999885559082,3.2899999618530273,3.309999942779541,334500,0.0,0.0
2024-08-28 00:00:00-04:00,3.299999952316284,3.3399999141693115,3.259999990463257,3.319999933242798,266000,0.0,0.0
2024-08-29 00:00:00-04:00,3.319999933242798,3.430000066757202,3.299999952316284,3.4000000953674316,313200,0.0,0.0
2024-08-30 00:00:00-04:00,3.430000066757202,3.4600000381469727,3.3399999141693115,3.450000047683716,356300,0.0,0.0
2024-09-03 00:00:00-04:00,3.4000000953674316,3.450000047683716,3.3499999046325684,3.4100000858306885,419600,0.0,0.0
2024-09-04 00:00:00-04:00,3.380000114440918,3.490000009536743,3.359999895095825,3.490000009536743,309900,0.0,0.0
2024-09-05 00:00:00-04:00,3.490000009536743,3.505000114440918,3.430000066757202,3.4700000286102295,358400,0.0,0.0
2024-09-06 00:00:00-04:00,3.4800000190734863,3.490000009536743,3.319999933242798,3.319999933242798,419200,0.0,0.0
2024-09-09 00:00:00-04:00,3.299999952316284,3.4549999237060547,3.2899999618530273,3.4100000858306885,397500,0.0,0.0
2024-09-10 00:00:00-04:00,3.4100000858306885,3.5,3.375,3.5,380000,0.0,0.0
2024-09-11 00:00:00-04:00,3.450000047683716,3.5,3.380000114440918,3.5,231300,0.0,0.0
2024-09-12 00:00:00-04:00,3.509999990463257,3.5350000858306885,3.4649999141693115,3.5,322600,0.0,0.0
2024-09-13 00:00:00-04:00,3.5,3.5999999046325684,3.4700000286102295,3.569999933242798,683200,0.0,0.0
2024-09-16 00:00:00-04:00,3.5899999141693115,3.609999895095825,3.509999990463257,3.5299999713897705,330100,0.0,0.0
2024-09-17 00:00:00-04:00,3.5999999046325684,3.640000104904175,3.5,3.5999999046325684,283600,0.0,0.0
2024-09-18 00:00:00-04:00,3.5799999237060547,3.7249999046325684,3.569999933242798,3.619999885559082,478900,0.0,0.0
2024-09-19 00:00:00-04:00,3.759999990463257,3.759999990463257,3.5999999046325684,3.7200000286102295,1108400,0.0,0.0
2024-09-20 00:00:00-04:00,3.700000047683716,3.7200000286102295,3.5799999237060547,3.619999885559082,1458800,0.0,0.0
2024-09-23 00:00:00-04:00,3.6500000953674316,3.674999952316284,3.5799999237060547,3.5999999046325684,267400,0.0,0.0
2024-09-24 00:00:00-04:00,3.619999885559082,3.700000047683716,3.559999942779541,3.640000104904175,306900,0.0,0.0
2024-09-25 00:00:00-04:00,3.640000104904175,3.6600000858306885,3.575000047683716,3.5799999237060547,330100,0.0,0.0
2024-09-26 00:00:00-04:00,3.640000104904175,3.640000104904175,3.4649999141693115,3.4700000286102295,388400,0.0,0.0
2024-09-27 00:00:00-04:00,3.5399999618530273,3.549999952316284,3.440000057220459,3.5299999713897705,1091100,0.0,0.0
2024-09-30 00:00:00-04:00,3.5,3.630000114440918,3.490000009536743,3.630000114440918,350900,0.0,0.0
2024-10-01 00:00:00-04:00,3.619999885559082,3.7699999809265137,3.575000047683716,3.740000009536743,1129500,0.0,0.0
2024-10-02 00:00:00-04:00,3.7300000190734863,3.759999990463257,3.680000066757202,3.7300000190734863,409800,0.0,0.0
2024-10-03 00:00:00-04:00,3.700000047683716,3.7699999809265137,3.700000047683716,3.740000009536743,301800,0.0,0.0
2024-10-04 00:00:00-04:00,3.7899999618530273,3.9149999618530273,3.759999990463257,3.869999885559082,1005600,0.0,0.0
2024-10-07 00:00:00-04:00,3.8399999141693115,3.869999885559082,3.765000104904175,3.859999895095825,338700,0.0,0.0
2024-10-08 00:00:00-04:00,3.859999895095825,3.9200000762939453,3.8399999141693115,3.880000114440918,431000,0.0,0.0
2024-10-09 00:00:00-04:00,3.880000114440918,4.0,3.880000114440918,3.9700000286102295,464800,0.0,0.0
2024-10-10 00:00:00-04:00,3.950000047683716,4.03000020980835,3.8499999046325684,4.010000228881836,494800,0.0,0.0
2024-10-11 00:00:00-04:00,4.010000228881836,4.070000171661377,3.994999885559082,4.010000228881836,211900,0.0,0.0
2024-10-14 00:00:00-04:00,4.0,4.054999828338623,3.9600000381469727,4.03000020980835,195700,0.0,0.0
2024-10-15 00:00:00-04:00,4.03000020980835,4.03000020980835,3.984999895095825,4.0,291100,0.0,0.0
2024-10-16 00:00:00-04:00,4.050000190734863,4.209000110626221,4.0,4.159999847412109,384700,0.0,0.0
2024-10-17 00:00:00-04:00,4.079999923706055,4.25,4.050000190734863,4.170000076293945,272800,0.0,0.0
2024-10-18 00:00:00-04:00,4.170000076293945,4.21999979019165,4.139999866485596,4.179999828338623,274000,0.0,0.0
2024-10-21 00:00:00-04:00,4.170000076293945,4.190000057220459,4.079999923706055,4.090000152587891,234000,0.0,0.0
2024-10-22 00:00:00-04:00,4.070000171661377,4.130000114440918,4.019999980926514,4.130000114440918,188000,0.0,0.0
2024-10-23 00:00:00-04:00,4.099999904632568,4.139999866485596,4.074999809265137,4.130000114440918,196700,0.0,0.0
2024-10-24 00:00:00-04:00,4.130000114440918,4.184999942779541,4.110000133514404,4.150000095367432,230900,0.0,0.0
2024-10-25 00:00:00-04:00,4.150000095367432,4.199999809265137,4.125,4.150000095367432,197700,0.0,0.0
2024-10-28 00:00:00-04:00,4.179999828338623,4.210000038146973,4.150000095367432,4.170000076293945,302200,0.0,0.0
2024-10-29 00:00:00-04:00,4.099999904632568,4.210000038146973,4.099999904632568,4.179999828338623,348600,0.0,0.0
2024-10-30 00:00:00-04:00,4.170000076293945,4.21999979019165,4.135000228881836,4.150000095367432,213000,0.0,0.0
2024-10-31 00:00:00-04:00,4.150000095367432,4.159999847412109,4.070000171661377,4.099999904632568,344300,0.0,0.0
2024-11-01 00:00:00-04:00,4.130000114440918,4.130000114440918,4.059999942779541,4.079999923706055,228200,0.0,0.0
2024-11-04 00:00:00-05:00,4.050000190734863,4.110000133514404,4.010000228881836,4.050000190734863,163200,0.0,0.0
2024-11-05 00:00:00-05:00,4.019999980926514,4.204999923706055,4.019999980926514,4.190000057220459,447000,0.0,0.0
2024-11-06 00:00:00-05:00,4.679999828338623,5.070000171661377,4.210000038146973,4.929999828338623,2142200,0.0,0.0
2024-11-07 00:00:00-05:00,4.900000095367432,5.5,4.889999866485596,5.360000133514404,1215000,0.0,0.0
2024-11-08 00:00:00-05:00,5.360000133514404,5.409999847412109,5.230000019073486,5.360000133514404,1072500,0.0,0.0
2024-11-11 00:00:00-05:00,5.320000171661377,5.360000133514404,5.28000020980835,5.320000171661377,662700,0.0,0.0
2024-11-12 00:00:00-05:00,5.28000020980835,5.429999828338623,5.239999771118164,5.340000152587891,755600,0.0,0.0
2024-11-13 00:00:00-05:00,5.25,5.385000228881836,5.25,5.28000020980835,535800,0.0,0.0
2024-11-14 00:00:00-05:00,5.28000020980835,5.329999923706055,5.215000152587891,5.269999980926514,552700,0.0,0.0
2024-11-15 00:00:00-05:00,5.309999942779541,5.409999847412109,5.244999885559082,5.320000171661377,427400,0.0,0.0
2024-11-18 00:00:00-05:00,5.440000057220459,5.885000228881836,5.420000076293945,5.860000133514404,891000,0.0,0.0
2024-11-19 00:00:00-05:00,5.789999961853027,5.974999904632568,5.659999847412109,5.940000057220459,741700,0.0,0.0
2024-11-20 00:00:00-05:00,5.940000057220459,5.96999979019165,5.820000171661377,5.929999828338623,350200,0.0,0.0
2024-11-21 00:00:00-05:00,5.949999809265137,6.0,5.889999866485596,5.929999828338623,440400,0.0,0.0
2024-11-22 00:00:00-05:00,5.929999828338623,6.144999980926514,5.90500020980835,6.079999923706055,519500,0.0,0.0
2024-11-25 00:00:00-05:00,6.079999923706055,6.239999771118164,6.050000190734863,6.159999847412109,706700,0.0,0.0
2024-11-26 00:00:00-05:00,6.179999828338623,6.789999961853027,6.179999828338623,6.769999980926514,1255200,0.0,0.0
2024-11-27 00:00:00-05:00,6.809999942779541,6.809999942779541,6.670000076293945,6.730000019073486,601300,0.0,0.0
2024-11-29 00:00:00-05:00,6.75,6.769999980926514,6.619999885559082,6.650000095367432,437900,0.0,0.0
2024-12-02 00:00:00-05:00,6.420000076293945,6.965000152587891,5.809999942779541,6.940000057220459,939100,0.0,0.0
2024-12-03 00:00:00-05:00,6.889999866485596,6.980000019073486,6.599999904632568,6.679999828338623,1949300,0.0,0.0
2024-12-04 00:00:00-05:00,6.760000228881836,7.0,6.75,6.949999809265137,743400,0.0,0.0
2024-12-05 00:00:00-05:00,6.909999847412109,7.010000228881836,6.829999923706055,6.869999885559082,499800,0.0,0.0
2024-12-06 00:00:00-05:00,6.909999847412109,7.0,6.739999771118164,6.949999809265137,485700,0.0,0.0
2024-12-09 00:00:00-05:00,6.929999828338623,6.989999771118164,6.610000133514404,6.619999885559082,534100,0.0,0.0
2024-12-10 00:00:00-05:00,6.840000152587891,7.107999801635742,6.730000019073486,6.980000019073486,1275300,0.0,0.0
2024-12-11 00:00:00-05:00,7.079999923706055,7.118000030517578,6.849999904632568,6.920000076293945,1050019,0.0,0.0
