Date,Open,High,Low,Close,Volume,Dividends,Stock Splits
2022-01-03 00:00:00-05:00,199.60000610351562,199.60000610351562,199.0,199.1999969482422,37440,0.0,0.0
2022-01-04 00:00:00-05:00,199.39999389648438,199.60000610351562,199.0,199.39999389648438,58230,0.0,0.0
2022-01-05 00:00:00-05:00,199.39999389648438,199.60000610351562,199.0,199.1999969482422,27525,0.0,0.0
2022-01-06 00:00:00-05:00,199.0,199.1999969482422,198.6999969482422,199.0,212500,0.0,0.0
2022-01-07 00:00:00-05:00,199.0,199.39999389648438,196.39999389648438,199.1999969482422,114080,0.0,0.0
2022-01-10 00:00:00-05:00,198.8000030517578,199.39999389648438,198.0,199.1999969482422,26765,0.0,0.0
2022-01-11 00:00:00-05:00,197.0,197.8000030517578,188.74000549316406,191.1999969482422,7460,0.0,0.0
2022-01-12 00:00:00-05:00,191.8000030517578,193.1999969482422,187.10000610351562,187.60000610351562,5800,0.0,0.0
2022-01-13 00:00:00-05:00,187.39999389648438,188.39999389648438,176.8000030517578,177.1999969482422,3600,0.0,0.0
2022-01-14 00:00:00-05:00,176.60000610351562,179.3800048828125,166.1999969482422,169.60000610351562,9680,0.0,0.0
2022-01-18 00:00:00-05:00,169.8000030517578,180.1999969482422,164.8000030517578,167.39999389648438,20135,0.0,0.0
2022-01-19 00:00:00-05:00,179.0,179.0,164.39999389648438,164.39999389648438,3830,0.0,0.0
2022-01-20 00:00:00-05:00,168.8000030517578,176.39999389648438,160.0,164.39999389648438,14360,0.0,0.0
2022-01-21 00:00:00-05:00,164.39999389648438,169.8000030517578,160.0,162.1999969482422,10320,0.0,0.0
2022-01-24 00:00:00-05:00,160.1999969482422,163.10000610351562,140.0,143.0,9365,0.0,0.0
2022-01-25 00:00:00-05:00,141.1999969482422,165.8000030517578,141.0,153.1999969482422,14840,0.0,0.0
2022-01-26 00:00:00-05:00,154.0,171.60000610351562,148.60000610351562,167.0,10830,0.0,0.0
2022-01-27 00:00:00-05:00,172.8000030517578,190.0,161.0,187.1999969482422,14370,0.0,0.0
2022-01-28 00:00:00-05:00,183.8000030517578,199.8000030517578,163.0,178.39999389648438,12380,0.0,0.0
2022-01-31 00:00:00-05:00,178.8000030517578,198.60000610351562,162.8000030517578,190.39999389648438,16865,0.0,0.0
2022-02-01 00:00:00-05:00,197.8000030517578,208.60000610351562,192.1999969482422,202.1999969482422,19650,0.0,0.0
2022-02-02 00:00:00-05:00,203.8000030517578,214.8000030517578,198.0,203.8000030517578,11010,0.0,0.0
2022-02-03 00:00:00-05:00,202.8000030517578,208.8000030517578,190.0,198.1999969482422,8595,0.0,0.0
2022-02-04 00:00:00-05:00,197.8000030517578,206.60000610351562,190.39999389648438,202.1999969482422,5665,0.0,0.0
2022-02-07 00:00:00-05:00,200.0,205.8000030517578,180.1999969482422,199.8000030517578,14290,0.0,0.0
2022-02-08 00:00:00-05:00,202.1999969482422,217.60000610351562,190.5800018310547,208.39999389648438,8430,0.0,0.0
2022-02-09 00:00:00-05:00,207.60000610351562,216.0,201.60000610351562,212.1999969482422,19330,0.0,0.0
2022-02-10 00:00:00-05:00,202.0,204.0,188.39999389648438,190.0,38995,0.0,0.0
2022-02-11 00:00:00-05:00,188.0,196.0,169.1999969482422,180.0,13220,0.0,0.0
2022-02-14 00:00:00-05:00,176.8000030517578,176.8000030517578,153.39999389648438,157.0,11910,0.0,0.0
2022-02-15 00:00:00-05:00,155.39999389648438,158.24000549316406,143.60000610351562,145.60000610351562,33530,0.0,0.0
2022-02-16 00:00:00-05:00,148.0,150.5800018310547,137.1999969482422,140.60000610351562,8170,0.0,0.0
2022-02-17 00:00:00-05:00,138.8000030517578,146.0,132.0,136.39999389648438,49955,0.0,0.0
2022-02-18 00:00:00-05:00,135.1999969482422,157.39999389648438,128.8000030517578,139.8000030517578,119725,0.0,0.0
2022-02-22 00:00:00-05:00,139.1999969482422,139.60000610351562,116.5999984741211,122.5999984741211,43685,0.0,0.0
2022-02-23 00:00:00-05:00,123.4000015258789,127.5999984741211,102.4000015258789,105.0,54635,0.0,0.0
2022-02-24 00:00:00-05:00,99.80000305175781,101.80000305175781,90.4000015258789,96.5999984741211,44420,0.0,0.0
2022-02-25 00:00:00-05:00,96.5999984741211,117.5999984741211,96.0,114.0,54880,0.0,0.0
2022-02-28 00:00:00-05:00,110.19999694824219,122.5999984741211,109.08000183105469,120.19999694824219,29865,0.0,0.0
2022-03-01 00:00:00-05:00,122.80000305175781,122.80000305175781,116.4000015258789,116.80000305175781,28490,0.0,0.0
2022-03-02 00:00:00-05:00,118.80000305175781,122.80000305175781,110.0,111.80000305175781,25590,0.0,0.0
2022-03-03 00:00:00-05:00,112.5999984741211,119.19999694824219,104.4000015258789,105.80000305175781,14455,0.0,0.0
2022-03-04 00:00:00-05:00,104.4000015258789,109.19999694824219,100.0,102.5999984741211,13065,0.0,0.0
2022-03-07 00:00:00-05:00,103.80000305175781,104.4000015258789,84.4000015258789,94.19999694824219,61955,0.0,0.0
2022-03-08 00:00:00-05:00,93.5999984741211,104.5999984741211,92.80000305175781,101.0,43340,0.0,0.0
2022-03-09 00:00:00-05:00,106.19999694824219,107.80000305175781,98.4000015258789,98.80000305175781,29690,0.0,0.0
2022-03-10 00:00:00-05:00,86.0,102.30000305175781,85.76000213623047,99.5999984741211,38725,0.0,0.0
2022-03-11 00:00:00-05:00,97.4000015258789,105.4000015258789,93.19999694824219,93.4000015258789,27645,0.0,0.0
2022-03-14 00:00:00-04:00,94.5999984741211,100.80000305175781,93.5999984741211,94.4000015258789,25775,0.0,0.0
2022-03-15 00:00:00-04:00,95.4000015258789,101.4000015258789,94.5999984741211,95.0,20980,0.0,0.0
2022-03-16 00:00:00-04:00,94.0,101.19999694824219,90.5999984741211,92.4000015258789,30485,0.0,0.0
2022-03-17 00:00:00-04:00,92.80000305175781,98.0,92.0,92.19999694824219,18715,0.0,0.0
2022-03-18 00:00:00-04:00,92.5999984741211,94.19999694824219,83.0,88.5999984741211,262250,0.0,0.0
2022-03-21 00:00:00-04:00,90.0,96.4000015258789,86.0,93.5999984741211,22160,0.0,0.0
2022-03-22 00:00:00-04:00,93.19999694824219,98.19999694824219,92.19999694824219,95.5999984741211,17140,0.0,0.0
2022-03-23 00:00:00-04:00,95.5999984741211,97.80000305175781,87.5999984741211,88.80000305175781,22075,0.0,0.0
2022-03-24 00:00:00-04:00,89.4000015258789,97.5999984741211,89.0,96.0,26745,0.0,0.0
2022-03-25 00:00:00-04:00,95.80000305175781,98.0,86.0,86.4000015258789,19135,0.0,0.0
2022-03-28 00:00:00-04:00,86.80000305175781,89.5999984741211,81.0,83.0,28020,0.0,0.0
2022-03-29 00:00:00-04:00,84.80000305175781,97.0,84.80000305175781,96.5999984741211,44895,0.0,0.0
2022-03-30 00:00:00-04:00,96.5999984741211,98.4000015258789,95.19999694824219,96.80000305175781,38210,0.0,0.0
2022-03-31 00:00:00-04:00,96.5999984741211,97.0,94.80000305175781,95.0,25450,0.0,0.0
2022-04-01 00:00:00-04:00,95.80000305175781,97.19999694824219,95.19999694824219,96.5999984741211,39920,0.0,0.0
2022-04-04 00:00:00-04:00,96.80000305175781,102.19999694824219,95.4000015258789,96.0,37725,0.0,0.0
2022-04-05 00:00:00-04:00,95.5999984741211,100.5999984741211,92.0,97.0,38815,0.0,0.0
2022-04-06 00:00:00-04:00,97.5999984741211,98.0,91.19999694824219,91.80000305175781,32835,0.0,0.0
2022-04-07 00:00:00-04:00,91.4000015258789,96.80000305175781,86.19999694824219,87.4000015258789,35125,0.0,0.0
2022-04-08 00:00:00-04:00,88.0,93.4000015258789,86.5999984741211,87.80000305175781,23450,0.0,0.0
2022-04-11 00:00:00-04:00,87.5999984741211,94.0,86.19999694824219,89.80000305175781,17255,0.0,0.0
2022-04-12 00:00:00-04:00,91.0,95.0,90.19999694824219,91.19999694824219,20945,0.0,0.0
2022-04-13 00:00:00-04:00,90.0,98.19999694824219,89.80000305175781,91.4000015258789,20100,0.0,0.0
2022-04-14 00:00:00-04:00,91.4000015258789,96.5999984741211,89.80000305175781,94.4000015258789,9840,0.0,0.0
2022-04-18 00:00:00-04:00,94.0,97.0,92.22000122070312,94.80000305175781,13045,0.0,0.0
2022-04-19 00:00:00-04:00,93.5999984741211,97.5999984741211,93.5999984741211,94.5999984741211,17375,0.0,0.0
2022-04-20 00:00:00-04:00,96.0,101.19999694824219,96.0,98.0,27820,0.0,0.0
2022-04-21 00:00:00-04:00,100.0,100.0,85.80000305175781,87.19999694824219,17005,0.0,0.0
2022-04-22 00:00:00-04:00,86.5999984741211,88.5999984741211,82.80000305175781,83.0,12975,0.0,0.0
2022-04-25 00:00:00-04:00,81.0,87.80000305175781,78.19999694824219,82.5999984741211,21480,0.0,0.0
2022-04-26 00:00:00-04:00,81.5999984741211,84.4000015258789,78.5999984741211,80.5999984741211,17770,0.0,0.0
2022-04-27 00:00:00-04:00,80.4000015258789,85.0,80.19999694824219,82.4000015258789,21295,0.0,0.0
2022-04-28 00:00:00-04:00,85.0,90.0,80.19999694824219,89.5999984741211,21860,0.0,0.0
2022-04-29 00:00:00-04:00,88.80000305175781,94.69999694824219,82.0,89.80000305175781,20830,0.0,0.0
2022-05-02 00:00:00-04:00,89.80000305175781,89.80000305175781,84.80000305175781,85.19999694824219,9400,0.0,0.0
2022-05-03 00:00:00-04:00,87.4000015258789,87.4000015258789,81.4000015258789,84.0,9300,0.0,0.0
2022-05-04 00:00:00-04:00,85.5999984741211,85.5999984741211,75.5999984741211,78.80000305175781,21475,0.0,0.0
2022-05-05 00:00:00-04:00,78.19999694824219,79.80000305175781,70.19999694824219,70.4000015258789,13595,0.0,0.0
2022-05-06 00:00:00-04:00,70.19999694824219,70.19999694824219,62.79999923706055,63.0,13470,0.0,0.0
2022-05-09 00:00:00-04:00,64.80000305175781,64.80000305175781,54.400001525878906,55.0,30445,0.0,0.0
2022-05-10 00:00:00-04:00,56.400001525878906,57.29999923706055,47.0,47.400001525878906,40985,0.0,0.0
2022-05-11 00:00:00-04:00,47.20000076293945,55.79999923706055,46.79999923706055,47.79999923706055,41355,0.0,0.0
2022-05-12 00:00:00-04:00,45.79999923706055,46.20000076293945,41.20000076293945,44.79999923706055,41555,0.0,0.0
2022-05-13 00:00:00-04:00,45.400001525878906,46.15999984741211,41.79999923706055,42.20000076293945,44345,0.0,0.0
2022-05-16 00:00:00-04:00,42.79999923706055,42.79999923706055,37.79999923706055,38.79999923706055,39460,0.0,0.0
2022-05-17 00:00:00-04:00,39.0,39.79999923706055,38.0,38.599998474121094,18180,0.0,0.0
2022-05-18 00:00:00-04:00,38.79999923706055,39.79999923706055,34.79999923706055,35.400001525878906,35785,0.0,0.0
2022-05-19 00:00:00-04:00,34.400001525878906,37.20000076293945,33.400001525878906,36.0,33855,0.0,0.0
2022-05-20 00:00:00-04:00,35.599998474121094,36.79999923706055,34.599998474121094,35.0,40580,0.0,0.0
2022-05-23 00:00:00-04:00,35.599998474121094,50.400001525878906,35.599998474121094,44.599998474121094,246090,0.0,0.0
2022-05-24 00:00:00-04:00,42.599998474121094,43.20000076293945,38.5,39.79999923706055,61115,0.0,0.0
2022-05-25 00:00:00-04:00,39.0,41.97999954223633,37.79999923706055,39.0,29375,0.0,0.0
2022-05-26 00:00:00-04:00,39.599998474121094,44.20000076293945,38.400001525878906,43.20000076293945,47795,0.0,0.0
2022-05-27 00:00:00-04:00,42.79999923706055,46.599998474121094,40.79999923706055,45.20000076293945,42415,0.0,0.0
2022-05-31 00:00:00-04:00,45.400001525878906,49.099998474121094,43.20000076293945,45.0,43150,0.0,0.0
2022-06-01 00:00:00-04:00,45.20000076293945,47.79999923706055,42.79999923706055,44.20000076293945,25835,0.0,0.0
2022-06-02 00:00:00-04:00,44.400001525878906,54.599998474121094,43.599998474121094,49.0,79410,0.0,0.0
2022-06-03 00:00:00-04:00,48.20000076293945,49.599998474121094,45.20000076293945,47.79999923706055,40300,0.0,0.0
2022-06-06 00:00:00-04:00,49.400001525878906,49.400001525878906,36.20000076293945,36.20000076293945,83655,0.0,0.0
2022-06-07 00:00:00-04:00,36.20000076293945,37.20000076293945,32.400001525878906,36.599998474121094,115070,0.0,0.0
2022-06-08 00:00:00-04:00,36.599998474121094,41.0,36.0,39.0,59465,0.0,0.0
2022-06-09 00:00:00-04:00,39.0,39.0,34.599998474121094,35.599998474121094,53220,0.0,0.0
2022-06-10 00:00:00-04:00,35.20000076293945,36.20000076293945,34.20000076293945,34.20000076293945,43440,0.0,0.0
2022-06-13 00:00:00-04:00,34.0,34.79999923706055,28.399999618530273,29.799999237060547,119510,0.0,0.0
2022-06-14 00:00:00-04:00,32.0,32.0,28.0,28.600000381469727,31545,0.0,0.0
2022-06-15 00:00:00-04:00,29.600000381469727,33.599998474121094,27.600000381469727,31.0,45445,0.0,0.0
2022-06-16 00:00:00-04:00,29.200000762939453,29.200000762939453,25.200000762939453,25.600000381469727,51080,0.0,0.0
2022-06-17 00:00:00-04:00,25.399999618530273,31.600000381469727,25.399999618530273,30.399999618530273,167485,0.0,0.0
2022-06-21 00:00:00-04:00,31.600000381469727,31.799999237060547,26.600000381469727,26.799999237060547,45510,0.0,0.0
2022-06-22 00:00:00-04:00,26.799999237060547,27.399999618530273,25.600000381469727,25.799999237060547,30055,0.0,0.0
2022-06-23 00:00:00-04:00,25.399999618530273,27.0,24.399999618530273,26.0,62200,0.0,0.0
2022-06-24 00:00:00-04:00,26.600000381469727,30.0,26.0,27.0,308820,0.0,0.0
2022-06-27 00:00:00-04:00,27.0,28.200000762939453,24.299999237060547,24.799999237060547,51320,0.0,0.0
2022-06-28 00:00:00-04:00,25.600000381469727,25.600000381469727,21.200000762939453,22.0,81600,0.0,0.0
2022-06-29 00:00:00-04:00,22.0,22.0,20.399999618530273,20.600000381469727,53385,0.0,0.0
2022-06-30 00:00:00-04:00,21.799999237060547,21.799999237060547,18.34000015258789,20.799999237060547,116085,0.0,0.0
2022-07-01 00:00:00-04:00,20.0,25.399999618530273,20.0,23.200000762939453,104560,0.0,0.0
2022-07-05 00:00:00-04:00,23.799999237060547,24.0,20.0,21.600000381469727,104610,0.0,0.0
2022-07-06 00:00:00-04:00,21.0,22.200000762939453,20.600000381469727,20.799999237060547,23250,0.0,0.0
2022-07-07 00:00:00-04:00,21.399999618530273,23.0,21.0,22.799999237060547,52435,0.0,0.0
2022-07-08 00:00:00-04:00,22.399999618530273,22.600000381469727,21.200000762939453,21.399999618530273,33025,0.0,0.0
2022-07-11 00:00:00-04:00,21.200000762939453,21.200000762939453,18.600000381469727,18.780000686645508,70850,0.0,0.0
2022-07-12 00:00:00-04:00,18.780000686645508,20.600000381469727,18.600000381469727,19.3799991607666,45795,0.0,0.0
2022-07-13 00:00:00-04:00,19.059999465942383,19.799999237060547,18.200000762939453,19.239999771118164,29525,0.0,0.0
2022-07-14 00:00:00-04:00,18.920000076293945,19.780000686645508,18.020000457763672,18.399999618530273,39200,0.0,0.0
2022-07-15 00:00:00-04:00,19.200000762939453,21.100000381469727,18.100000381469727,20.399999618530273,59760,0.0,0.0
2022-07-18 00:00:00-04:00,20.200000762939453,21.399999618530273,20.0,20.399999618530273,47140,0.0,0.0
2022-07-19 00:00:00-04:00,21.399999618530273,22.0,20.600000381469727,21.200000762939453,31835,0.0,0.0
2022-07-20 00:00:00-04:00,21.600000381469727,22.799999237060547,20.399999618530273,22.799999237060547,61065,0.0,0.0
2022-07-21 00:00:00-04:00,23.600000381469727,23.600000381469727,20.0,20.200000762939453,104810,0.0,0.0
2022-07-22 00:00:00-04:00,20.600000381469727,20.799999237060547,19.260000228881836,19.5,58900,0.0,0.0
2022-07-25 00:00:00-04:00,20.0,23.200000762939453,19.600000381469727,22.799999237060547,50550,0.0,0.0
2022-07-26 00:00:00-04:00,23.0,24.200000762939453,21.200000762939453,21.399999618530273,35940,0.0,0.0
2022-07-27 00:00:00-04:00,21.399999618530273,25.600000381469727,21.399999618530273,25.200000762939453,77955,0.0,0.0
2022-07-28 00:00:00-04:00,25.0,27.0,24.600000381469727,25.200000762939453,178270,0.0,0.0
2022-07-29 00:00:00-04:00,26.0,31.200000762939453,24.799999237060547,31.0,78210,0.0,0.0
2022-08-01 00:00:00-04:00,31.200000762939453,31.799999237060547,29.200000762939453,30.399999618530273,77290,0.0,0.0
2022-08-02 00:00:00-04:00,29.399999618530273,35.29999923706055,28.399999618530273,34.400001525878906,68540,0.0,0.0
2022-08-03 00:00:00-04:00,34.599998474121094,35.400001525878906,30.899999618530273,31.799999237060547,60595,0.0,0.0
2022-08-04 00:00:00-04:00,32.0,38.400001525878906,31.600000381469727,37.0,76120,0.0,0.0
2022-08-05 00:00:00-04:00,37.0,38.79999923706055,35.20000076293945,36.79999923706055,34685,0.0,0.0
2022-08-08 00:00:00-04:00,39.0,40.599998474121094,34.20000076293945,37.20000076293945,49585,0.0,0.0
2022-08-09 00:00:00-04:00,36.20000076293945,37.400001525878906,35.599998474121094,37.0,40670,0.0,0.0
2022-08-10 00:00:00-04:00,38.0,45.599998474121094,36.86000061035156,42.599998474121094,96030,0.0,0.0
2022-08-11 00:00:00-04:00,44.400001525878906,55.400001525878906,41.400001525878906,45.599998474121094,295040,0.0,0.0
2022-08-12 00:00:00-04:00,46.400001525878906,51.599998474121094,45.400001525878906,47.20000076293945,194750,0.0,0.0
2022-08-15 00:00:00-04:00,44.599998474121094,53.400001525878906,44.599998474121094,46.0,75285,0.0,0.0
2022-08-16 00:00:00-04:00,45.599998474121094,53.20000076293945,45.400001525878906,51.0,122815,0.0,0.0
2022-08-17 00:00:00-04:00,48.79999923706055,48.79999923706055,35.20000076293945,37.599998474121094,206945,0.0,0.0
2022-08-18 00:00:00-04:00,38.0,41.599998474121094,36.79999923706055,41.0,120075,0.0,0.0
2022-08-19 00:00:00-04:00,39.400001525878906,39.400001525878906,35.79999923706055,38.79999923706055,51385,0.0,0.0
2022-08-22 00:00:00-04:00,38.0,41.20000076293945,36.599998474121094,37.79999923706055,74475,0.0,0.0
2022-08-23 00:00:00-04:00,38.0,40.400001525878906,35.0,40.0,75300,0.0,0.0
2022-08-24 00:00:00-04:00,39.79999923706055,44.400001525878906,38.20000076293945,44.400001525878906,93540,0.0,0.0
2022-08-25 00:00:00-04:00,44.400001525878906,46.20000076293945,41.79999923706055,44.400001525878906,67460,0.0,0.0
2022-08-26 00:00:00-04:00,43.400001525878906,45.900001525878906,37.20000076293945,38.400001525878906,94075,0.0,0.0
2022-08-29 00:00:00-04:00,38.0,39.599998474121094,36.599998474121094,36.79999923706055,36385,0.0,0.0
2022-08-30 00:00:00-04:00,36.599998474121094,38.400001525878906,33.099998474121094,35.400001525878906,72905,0.0,0.0
2022-08-31 00:00:00-04:00,36.400001525878906,39.29999923706055,35.20000076293945,37.20000076293945,75310,0.0,0.0
2022-09-01 00:00:00-04:00,36.400001525878906,40.20000076293945,36.400001525878906,38.20000076293945,69060,0.0,0.0
2022-09-02 00:00:00-04:00,38.400001525878906,45.0,37.599998474121094,40.79999923706055,130985,0.0,0.0
2022-09-06 00:00:00-04:00,42.0,49.0,39.0,39.0,147255,0.0,0.0
2022-09-07 00:00:00-04:00,40.0,42.79999923706055,38.400001525878906,40.599998474121094,79365,0.0,0.0
2022-09-08 00:00:00-04:00,39.400001525878906,44.900001525878906,38.79999923706055,44.20000076293945,82325,0.0,0.0
2022-09-09 00:00:00-04:00,45.0,49.0,44.400001525878906,48.400001525878906,107270,0.0,0.0
2022-09-12 00:00:00-04:00,49.599998474121094,51.599998474121094,44.599998474121094,44.79999923706055,100020,0.0,0.0
2022-09-13 00:00:00-04:00,44.20000076293945,46.720001220703125,41.400001525878906,41.400001525878906,112625,0.0,0.0
2022-09-14 00:00:00-04:00,41.79999923706055,44.79999923706055,41.099998474121094,43.400001525878906,164535,0.0,0.0
2022-09-15 00:00:00-04:00,43.0,45.0,36.79999923706055,37.599998474121094,242945,0.0,0.0
2022-09-16 00:00:00-04:00,36.599998474121094,39.400001525878906,34.79999923706055,37.400001525878906,866765,0.0,0.0
2022-09-19 00:00:00-04:00,36.599998474121094,38.0,33.599998474121094,35.79999923706055,172935,0.0,0.0
2022-09-20 00:00:00-04:00,34.599998474121094,36.099998474121094,33.400001525878906,33.79999923706055,136090,0.0,0.0
2022-09-21 00:00:00-04:00,33.79999923706055,34.79999923706055,30.399999618530273,33.79999923706055,77685,0.0,0.0
2022-09-22 00:00:00-04:00,33.20000076293945,33.20000076293945,29.200000762939453,29.399999618530273,85130,0.0,0.0
2022-09-23 00:00:00-04:00,29.0,30.600000381469727,26.799999237060547,30.600000381469727,122810,0.0,0.0
2022-09-26 00:00:00-04:00,29.600000381469727,32.0,29.600000381469727,30.799999237060547,82365,0.0,0.0
2022-09-27 00:00:00-04:00,31.0,32.20000076293945,30.299999237060547,30.799999237060547,46850,0.0,0.0
2022-09-28 00:00:00-04:00,31.600000381469727,36.599998474121094,30.799999237060547,36.0,83280,0.0,0.0
2022-09-29 00:00:00-04:00,34.79999923706055,36.099998474121094,32.79999923706055,33.20000076293945,87245,0.0,0.0
2022-09-30 00:00:00-04:00,33.400001525878906,35.400001525878906,32.79999923706055,33.20000076293945,49235,0.0,0.0
2022-10-03 00:00:00-04:00,33.099998474121094,35.79999923706055,32.0,34.400001525878906,54620,0.0,0.0
2022-10-04 00:00:00-04:00,36.0,40.0,35.599998474121094,37.79999923706055,95345,0.0,0.0
2022-10-05 00:00:00-04:00,36.20000076293945,38.599998474121094,36.0,38.20000076293945,36335,0.0,0.0
2022-10-06 00:00:00-04:00,37.79999923706055,39.400001525878906,36.79999923706055,37.599998474121094,31445,0.0,0.0
2022-10-07 00:00:00-04:00,36.79999923706055,37.70000076293945,35.79999923706055,36.79999923706055,66905,0.0,0.0
2022-10-10 00:00:00-04:00,36.20000076293945,36.79999923706055,33.599998474121094,34.400001525878906,25565,0.0,0.0
2022-10-11 00:00:00-04:00,33.79999923706055,33.79999923706055,31.600000381469727,32.0,54025,0.0,0.0
2022-10-12 00:00:00-04:00,32.599998474121094,36.0,30.200000762939453,35.79999923706055,74630,0.0,0.0
2022-10-13 00:00:00-04:00,33.79999923706055,39.79999923706055,32.599998474121094,39.599998474121094,66565,0.0,0.0
2022-10-14 00:00:00-04:00,39.400001525878906,41.599998474121094,38.900001525878906,40.400001525878906,55230,0.0,0.0
2022-10-17 00:00:00-04:00,40.400001525878906,44.79999923706055,40.20000076293945,43.79999923706055,80465,0.0,0.0
2022-10-18 00:00:00-04:00,43.400001525878906,46.0,40.900001525878906,42.0,70860,0.0,0.0
2022-10-19 00:00:00-04:00,41.599998474121094,43.0,40.0,41.599998474121094,54825,0.0,0.0
2022-10-20 00:00:00-04:00,41.599998474121094,42.70000076293945,39.400001525878906,39.79999923706055,56540,0.0,0.0
2022-10-21 00:00:00-04:00,41.400001525878906,41.400001525878906,36.79999923706055,37.400001525878906,81925,0.0,0.0
2022-10-24 00:00:00-04:00,37.20000076293945,38.599998474121094,34.70000076293945,37.79999923706055,40080,0.0,0.0
2022-10-25 00:00:00-04:00,38.0,40.900001525878906,38.0,40.0,59800,0.0,0.0
2022-10-26 00:00:00-04:00,39.79999923706055,44.0,39.599998474121094,41.0,61050,0.0,0.0
2022-10-27 00:00:00-04:00,42.79999923706055,45.0,41.400001525878906,43.599998474121094,60370,0.0,0.0
2022-10-28 00:00:00-04:00,44.400001525878906,45.599998474121094,42.20000076293945,43.599998474121094,63025,0.0,0.0
2022-10-31 00:00:00-04:00,43.20000076293945,44.20000076293945,42.400001525878906,43.79999923706055,32420,0.0,0.0
2022-11-01 00:00:00-04:00,44.0,48.20000076293945,44.0,47.400001525878906,86910,0.0,0.0
2022-11-02 00:00:00-04:00,47.400001525878906,47.79999923706055,41.79999923706055,43.400001525878906,43370,0.0,0.0
2022-11-03 00:00:00-04:00,42.20000076293945,43.20000076293945,40.20000076293945,42.400001525878906,35485,0.0,0.0
2022-11-04 00:00:00-04:00,42.400001525878906,44.599998474121094,40.400001525878906,43.599998474121094,62850,0.0,0.0
2022-11-07 00:00:00-05:00,44.20000076293945,44.20000076293945,40.400001525878906,44.0,75675,0.0,0.0
2022-11-08 00:00:00-05:00,42.79999923706055,45.20000076293945,41.70000076293945,45.0,47865,0.0,0.0
2022-11-09 00:00:00-05:00,44.20000076293945,44.29999923706055,39.599998474121094,40.400001525878906,41445,0.0,0.0
2022-11-10 00:00:00-05:00,41.400001525878906,48.20000076293945,41.400001525878906,45.0,92735,0.0,0.0
2022-11-11 00:00:00-05:00,43.599998474121094,45.79999923706055,39.79999923706055,40.79999923706055,85535,0.0,0.0
2022-11-14 00:00:00-05:00,40.20000076293945,41.400001525878906,38.70000076293945,41.0,53610,0.0,0.0
2022-11-15 00:00:00-05:00,41.20000076293945,41.5,37.20000076293945,38.20000076293945,57035,0.0,0.0
2022-11-16 00:00:00-05:00,37.400001525878906,38.400001525878906,34.20000076293945,37.400001525878906,63970,0.0,0.0
2022-11-17 00:00:00-05:00,35.0,40.599998474121094,35.0,39.599998474121094,31760,0.0,0.0
2022-11-18 00:00:00-05:00,40.79999923706055,41.0,37.400001525878906,37.79999923706055,24005,0.0,0.0
2022-11-21 00:00:00-05:00,37.20000076293945,37.400001525878906,34.79999923706055,35.400001525878906,57575,0.0,0.0
2022-11-22 00:00:00-05:00,36.0,36.0,33.29999923706055,34.400001525878906,71710,0.0,0.0
2022-11-23 00:00:00-05:00,33.0,35.20000076293945,33.0,33.79999923706055,39940,0.0,0.0
2022-11-25 00:00:00-05:00,33.400001525878906,36.5,32.79999923706055,36.400001525878906,14430,0.0,0.0
2022-11-28 00:00:00-05:00,35.400001525878906,36.599998474121094,33.5,34.20000076293945,30325,0.0,0.0
2022-11-29 00:00:00-05:00,33.79999923706055,35.79999923706055,33.599998474121094,34.79999923706055,19235,0.0,0.0
2022-11-30 00:00:00-05:00,35.0,36.20000076293945,34.20000076293945,35.400001525878906,33165,0.0,0.0
2022-12-01 00:00:00-05:00,35.79999923706055,37.0,34.0,34.79999923706055,31565,0.0,0.0
2022-12-02 00:00:00-05:00,34.20000076293945,35.599998474121094,33.5,34.599998474121094,22470,0.0,0.0
2022-12-05 00:00:00-05:00,33.400001525878906,35.20000076293945,32.70000076293945,33.0,25180,0.0,0.0
2022-12-06 00:00:00-05:00,33.79999923706055,33.79999923706055,31.0,31.600000381469727,35280,0.0,0.0
2022-12-07 00:00:00-05:00,31.799999237060547,31.799999237060547,29.799999237060547,30.200000762939453,31160,0.0,0.0
2022-12-08 00:00:00-05:00,30.600000381469727,31.420000076293945,29.399999618530273,30.200000762939453,23650,0.0,0.0
2022-12-09 00:00:00-05:00,30.200000762939453,30.200000762939453,27.799999237060547,28.200000762939453,48590,0.0,0.0
2022-12-12 00:00:00-05:00,28.399999618530273,29.0,26.799999237060547,27.200000762939453,27120,0.0,0.0
2022-12-13 00:00:00-05:00,30.0,30.799999237060547,27.200000762939453,27.399999618530273,56010,0.0,0.0
2022-12-14 00:00:00-05:00,27.600000381469727,28.899999618530273,26.700000762939453,27.200000762939453,21810,0.0,0.0
2022-12-15 00:00:00-05:00,26.600000381469727,28.799999237060547,26.200000762939453,26.600000381469727,53950,0.0,0.0
2022-12-16 00:00:00-05:00,26.200000762939453,26.799999237060547,24.200000762939453,24.399999618530273,52175,0.0,0.0
2022-12-19 00:00:00-05:00,24.399999618530273,24.399999618530273,21.700000762939453,22.799999237060547,43955,0.0,0.0
2022-12-20 00:00:00-05:00,23.399999618530273,24.600000381469727,22.700000762939453,23.200000762939453,28105,0.0,0.0
2022-12-21 00:00:00-05:00,23.0,26.600000381469727,22.399999618530273,26.200000762939453,28315,0.0,0.0
2022-12-22 00:00:00-05:00,25.600000381469727,26.200000762939453,24.399999618530273,26.0,18360,0.0,0.0
2022-12-23 00:00:00-05:00,26.600000381469727,29.700000762939453,26.020000457763672,27.799999237060547,42700,0.0,0.0
2022-12-27 00:00:00-05:00,28.0,28.0,24.299999237060547,24.399999618530273,13325,0.0,0.0
2022-12-28 00:00:00-05:00,23.799999237060547,25.0,20.399999618530273,21.600000381469727,58780,0.0,0.0
2022-12-29 00:00:00-05:00,22.0,22.799999237060547,21.399999618530273,22.799999237060547,41380,0.0,0.0
2022-12-30 00:00:00-05:00,22.600000381469727,25.399999618530273,21.200000762939453,24.799999237060547,41475,0.0,0.0
2023-01-03 00:00:00-05:00,25.0,27.200000762939453,24.600000381469727,25.399999618530273,22680,0.0,0.0
2023-01-04 00:00:00-05:00,25.799999237060547,27.100000381469727,25.399999618530273,26.799999237060547,22555,0.0,0.0
2023-01-05 00:00:00-05:00,26.0,26.399999618530273,25.200000762939453,25.200000762939453,10390,0.0,0.0
2023-01-06 00:00:00-05:00,26.399999618530273,26.719999313354492,24.600000381469727,25.600000381469727,21725,0.0,0.0
2023-01-09 00:00:00-05:00,26.0,28.399999618530273,25.399999618530273,25.799999237060547,42720,0.0,0.0
2023-01-10 00:00:00-05:00,26.200000762939453,26.600000381469727,25.399999618530273,26.0,19820,0.0,0.0
2023-01-11 00:00:00-05:00,26.399999618530273,28.0,25.399999618530273,27.0,42040,0.0,0.0
2023-01-12 00:00:00-05:00,27.600000381469727,27.899999618530273,26.399999618530273,26.799999237060547,19800,0.0,0.0
2023-01-13 00:00:00-05:00,26.399999618530273,27.600000381469727,25.0,26.0,43215,0.0,0.0
2023-01-17 00:00:00-05:00,26.0,26.700000762939453,25.799999237060547,26.0,42425,0.0,0.0
2023-01-18 00:00:00-05:00,26.799999237060547,27.200000762939453,23.600000381469727,24.0,56980,0.0,0.0
2023-01-19 00:00:00-05:00,23.600000381469727,24.600000381469727,22.799999237060547,23.200000762939453,33975,0.0,0.0
2023-01-20 00:00:00-05:00,24.799999237060547,24.799999237060547,23.200000762939453,24.200000762939453,24950,0.0,0.0
2023-01-23 00:00:00-05:00,24.600000381469727,26.0,23.600000381469727,25.799999237060547,39470,0.0,0.0
2023-01-24 00:00:00-05:00,25.200000762939453,29.0,25.200000762939453,28.0,88575,0.0,0.0
2023-01-25 00:00:00-05:00,27.399999618530273,29.559999465942383,26.399999618530273,27.799999237060547,42865,0.0,0.0
2023-01-26 00:00:00-05:00,28.0,28.299999237060547,25.600000381469727,26.0,32105,0.0,0.0
2023-01-27 00:00:00-05:00,25.799999237060547,29.0,25.200000762939453,28.0,33480,0.0,0.0
2023-01-30 00:00:00-05:00,28.200000762939453,29.399999618530273,27.399999618530273,27.600000381469727,37950,0.0,0.0
2023-01-31 00:00:00-05:00,28.600000381469727,28.700000762939453,26.600000381469727,26.799999237060547,29835,0.0,0.0
2023-02-01 00:00:00-05:00,26.399999618530273,28.799999237060547,26.0,28.0,44825,0.0,0.0
2023-02-02 00:00:00-05:00,28.600000381469727,34.400001525878906,28.600000381469727,33.400001525878906,129990,0.0,0.0
2023-02-03 00:00:00-05:00,33.20000076293945,34.79999923706055,32.400001525878906,34.599998474121094,66440,0.0,0.0
2023-02-06 00:00:00-05:00,34.400001525878906,35.0,31.0,31.399999618530273,40480,0.0,0.0
2023-02-07 00:00:00-05:00,31.0,32.599998474121094,30.200000762939453,31.799999237060547,45815,0.0,0.0
2023-02-08 00:00:00-05:00,31.799999237060547,32.0,28.600000381469727,28.799999237060547,41205,0.0,0.0
2023-02-09 00:00:00-05:00,29.200000762939453,29.799999237060547,27.600000381469727,28.399999618530273,30010,0.0,0.0
2023-02-10 00:00:00-05:00,28.0,28.0,26.0,26.200000762939453,34160,0.0,0.0
2023-02-13 00:00:00-05:00,26.200000762939453,26.600000381469727,25.0,26.0,24240,0.0,0.0
2023-02-14 00:00:00-05:00,25.600000381469727,27.299999237060547,25.600000381469727,26.600000381469727,33440,0.0,0.0
2023-02-15 00:00:00-05:00,27.399999618530273,29.299999237060547,27.0,29.0,31690,0.0,0.0
2023-02-16 00:00:00-05:00,28.799999237060547,28.799999237060547,25.799999237060547,26.0,28290,0.0,0.0
2023-02-17 00:00:00-05:00,26.799999237060547,26.799999237060547,25.0,25.600000381469727,39905,0.0,0.0
2023-02-21 00:00:00-05:00,25.0,25.299999237060547,24.0,24.600000381469727,22800,0.0,0.0
2023-02-22 00:00:00-05:00,25.0,26.200000762939453,23.799999237060547,25.0,24255,0.0,0.0
2023-02-23 00:00:00-05:00,25.0,25.399999618530273,22.399999618530273,23.600000381469727,32260,0.0,0.0
2023-02-24 00:00:00-05:00,23.399999618530273,23.600000381469727,21.399999618530273,21.799999237060547,34945,0.0,0.0
2023-02-27 00:00:00-05:00,22.600000381469727,22.600000381469727,21.0,21.399999618530273,50785,0.0,0.0
2023-02-28 00:00:00-05:00,23.0,23.200000762939453,19.420000076293945,20.600000381469727,107435,0.0,0.0
2023-03-01 00:00:00-05:00,20.799999237060547,22.0,19.65999984741211,20.200000762939453,67570,0.0,0.0
2023-03-02 00:00:00-05:00,19.600000381469727,20.200000762939453,17.239999771118164,17.5,79240,0.0,0.0
2023-03-03 00:00:00-05:00,18.399999618530273,19.739999771118164,17.68000030517578,19.559999465942383,82605,0.0,0.0
2023-03-06 00:00:00-05:00,19.360000610351562,24.0,19.0,22.200000762939453,100885,0.0,0.0
2023-03-07 00:00:00-05:00,21.600000381469727,22.600000381469727,21.0,21.399999618530273,24205,0.0,0.0
2023-03-08 00:00:00-05:00,21.799999237060547,22.399999618530273,21.299999237060547,22.0,28400,0.0,0.0
2023-03-09 00:00:00-05:00,21.600000381469727,22.799999237060547,19.600000381469727,19.719999313354492,59905,0.0,0.0
2023-03-10 00:00:00-05:00,21.200000762939453,21.200000762939453,18.200000762939453,18.280000686645508,40775,0.0,0.0
2023-03-13 00:00:00-04:00,18.18000030517578,19.440000534057617,15.359999656677246,19.239999771118164,117025,0.0,0.0
2023-03-14 00:00:00-04:00,21.200000762939453,21.200000762939453,17.639999389648438,18.219999313354492,53280,0.0,0.0
2023-03-15 00:00:00-04:00,18.200000762939453,18.3799991607666,16.5,17.459999084472656,42385,0.0,0.0
2023-03-16 00:00:00-04:00,17.579999923706055,18.520000457763672,17.239999771118164,18.100000381469727,30270,0.0,0.0
2023-03-17 00:00:00-04:00,18.18000030517578,19.0,16.239999771118164,17.600000381469727,67505,0.0,0.0
2023-03-20 00:00:00-04:00,17.600000381469727,17.600000381469727,16.219999313354492,16.34000015258789,18410,0.0,0.0
2023-03-21 00:00:00-04:00,16.0,16.979999542236328,16.0,16.5,32640,0.0,0.0
2023-03-22 00:00:00-04:00,16.399999618530273,16.860000610351562,16.0,16.299999237060547,51330,0.0,0.0
2023-03-23 00:00:00-04:00,16.200000762939453,17.0,15.100000381469727,15.279999732971191,51945,0.0,0.0
2023-03-24 00:00:00-04:00,15.920000076293945,15.960000038146973,14.020000457763672,14.420000076293945,52540,0.0,0.0
2023-03-27 00:00:00-04:00,14.399999618530273,15.460000038146973,13.279999732971191,14.140000343322754,50680,0.0,0.0
2023-03-28 00:00:00-04:00,13.800000190734863,14.5,13.5,13.619999885559082,31610,0.0,0.0
2023-03-29 00:00:00-04:00,13.600000381469727,15.0,13.600000381469727,14.9399995803833,41375,0.0,0.0
2023-03-30 00:00:00-04:00,15.119999885559082,15.260000228881836,14.699999809265137,15.140000343322754,24970,0.0,0.0
2023-03-31 00:00:00-04:00,14.920000076293945,15.199999809265137,14.300000190734863,15.140000343322754,56170,0.0,0.0
2023-04-03 00:00:00-04:00,15.4399995803833,15.600000381469727,13.619999885559082,14.140000343322754,44815,0.0,0.0
2023-04-04 00:00:00-04:00,14.420000076293945,14.420000076293945,13.600000381469727,13.760000228881836,41615,0.0,0.0
2023-04-05 00:00:00-04:00,13.539999961853027,13.880000114440918,12.140000343322754,12.140000343322754,81230,0.0,0.0
2023-04-06 00:00:00-04:00,12.199999809265137,12.600000381469727,11.800000190734863,12.420000076293945,45575,0.0,0.0
2023-04-10 00:00:00-04:00,12.420000076293945,12.420000076293945,11.359999656677246,12.039999961853027,49010,0.0,0.0
2023-04-11 00:00:00-04:00,12.140000343322754,12.239999771118164,11.300000190734863,11.600000381469727,76445,0.0,0.0
2023-04-12 00:00:00-04:00,12.0,12.199999809265137,10.279999732971191,10.279999732971191,66225,0.0,0.0
2023-04-13 00:00:00-04:00,10.899999618530273,11.199999809265137,10.260000228881836,10.460000038146973,57405,0.0,0.0
2023-04-14 00:00:00-04:00,10.460000038146973,10.600000381469727,9.600000381469727,10.279999732971191,96300,0.0,0.0
2023-04-17 00:00:00-04:00,10.579999923706055,11.0,10.140000343322754,10.619999885559082,54420,0.0,0.0
2023-04-18 00:00:00-04:00,10.859999656677246,10.859999656677246,9.84000015258789,10.039999961853027,89150,0.0,0.0
2023-04-19 00:00:00-04:00,9.960000038146973,10.180000305175781,9.739999771118164,10.039999961853027,47070,0.0,0.0
2023-04-20 00:00:00-04:00,10.5600004196167,10.640000343322754,9.699999809265137,9.960000038146973,43795,0.0,0.0
2023-04-21 00:00:00-04:00,9.880000114440918,10.899999618530273,9.800000190734863,10.739999771118164,56290,0.0,0.0
2023-04-24 00:00:00-04:00,10.65999984741211,11.0,10.020000457763672,10.680000305175781,59350,0.0,0.0
2023-04-25 00:00:00-04:00,10.739999771118164,10.800000190734863,8.619999885559082,8.739999771118164,59065,0.0,0.0
2023-04-26 00:00:00-04:00,8.739999771118164,8.800000190734863,8.0600004196167,8.079999923706055,61960,0.0,0.0
2023-04-27 00:00:00-04:00,8.399999618530273,9.0,7.21999979019165,8.4399995803833,93025,0.0,0.0
2023-04-28 00:00:00-04:00,8.100000381469727,9.020000457763672,7.539999961853027,8.199999809265137,44110,0.0,0.0
2023-05-01 00:00:00-04:00,8.600000381469727,9.0,8.399999618530273,8.420000076293945,34540,0.0,0.0
2023-05-02 00:00:00-04:00,8.399999618530273,8.84000015258789,7.599999904632568,8.020000457763672,56450,0.0,0.0
2023-05-03 00:00:00-04:00,8.399999618530273,8.680000305175781,7.800000190734863,8.0,40245,0.0,0.0
2023-05-04 00:00:00-04:00,8.34000015258789,8.34000015258789,7.420000076293945,7.679999828338623,53695,0.0,0.0
2023-05-05 00:00:00-04:00,8.0600004196167,8.699999809265137,7.800000190734863,8.4399995803833,66875,0.0,0.0
2023-05-08 00:00:00-04:00,8.859999656677246,9.100000381469727,8.020000457763672,8.600000381469727,71115,0.0,0.0
2023-05-09 00:00:00-04:00,8.699999809265137,8.779999732971191,7.900000095367432,8.279999732971191,49135,0.0,0.0
2023-05-10 00:00:00-04:00,8.579999923706055,9.979999542236328,8.199999809265137,9.9399995803833,145120,0.0,0.0
2023-05-11 00:00:00-04:00,10.0,10.399999618530273,7.639999866485596,7.900000095367432,134930,0.0,0.0
2023-05-12 00:00:00-04:00,7.860000133514404,7.900000095367432,5.420000076293945,5.800000190734863,184195,0.0,0.0
2023-05-15 00:00:00-04:00,6.21999979019165,6.679999828338623,6.0,6.539999961853027,164985,0.0,0.0
2023-05-16 00:00:00-04:00,6.920000076293945,8.680000305175781,6.300000190734863,8.0,264730,0.0,0.0
2023-05-17 00:00:00-04:00,7.800000190734863,11.0,7.800000190734863,10.699999809265137,290580,0.0,0.0
2023-05-18 00:00:00-04:00,10.600000381469727,16.15999984741211,10.399999618530273,15.119999885559082,403390,0.0,0.0
2023-05-19 00:00:00-04:00,15.399999618530273,15.399999618530273,11.600000381469727,13.079999923706055,238000,0.0,0.0
2023-05-22 00:00:00-04:00,12.0,12.680000305175781,10.800000190734863,11.779999732971191,154495,0.0,0.0
2023-05-23 00:00:00-04:00,11.600000381469727,12.140000343322754,9.699999809265137,9.779999732971191,87230,0.0,0.0
2023-05-24 00:00:00-04:00,9.34000015258789,10.34000015258789,9.34000015258789,10.0,88165,0.0,0.0
2023-05-25 00:00:00-04:00,10.260000228881836,10.260000228881836,9.180000305175781,9.920000076293945,50990,0.0,0.0
2023-05-26 00:00:00-04:00,9.479999542236328,11.199999809265137,9.199999809265137,11.180000305175781,84230,0.0,0.0
2023-05-30 00:00:00-04:00,11.180000305175781,13.0,10.720000267028809,12.800000190734863,84885,0.0,0.0
2023-05-31 00:00:00-04:00,12.800000190734863,14.5600004196167,11.399999618530273,14.199999809265137,118415,0.0,0.0
2023-06-01 00:00:00-04:00,14.199999809265137,14.199999809265137,12.100000381469727,13.600000381469727,110465,0.0,0.0
2023-06-02 00:00:00-04:00,13.800000190734863,15.180000305175781,13.100000381469727,15.020000457763672,80315,0.0,0.0
2023-06-05 00:00:00-04:00,15.0,15.920000076293945,13.359999656677246,13.479999542236328,68870,0.0,0.0
2023-06-06 00:00:00-04:00,13.640000343322754,15.199999809265137,13.5,14.100000381469727,115095,0.0,0.0
2023-06-07 00:00:00-04:00,14.880000114440918,15.0,12.5600004196167,12.779999732971191,99130,0.0,0.0
2023-06-08 00:00:00-04:00,12.640000343322754,13.699999809265137,12.199999809265137,12.520000457763672,76430,0.0,0.0
2023-06-09 00:00:00-04:00,13.020000457763672,16.600000381469727,12.0,15.399999618530273,181840,0.0,0.0
2023-06-12 00:00:00-04:00,14.720000267028809,14.800000190734863,12.600000381469727,12.779999732971191,68930,0.0,0.0
2023-06-13 00:00:00-04:00,13.039999961853027,13.800000190734863,12.720000267028809,13.0600004196167,58985,0.0,0.0
2023-06-14 00:00:00-04:00,13.199999809265137,13.579999923706055,12.0,12.119999885559082,95865,0.0,0.0
2023-06-15 00:00:00-04:00,12.0,12.739999771118164,11.800000190734863,12.640000343322754,61720,0.0,0.0
2023-06-16 00:00:00-04:00,12.979999542236328,13.0,12.020000457763672,12.239999771118164,67755,0.0,0.0
2023-06-20 00:00:00-04:00,12.399999618530273,12.600000381469727,11.0,11.0,71180,0.0,0.0
2023-06-21 00:00:00-04:00,11.0,11.600000381469727,11.0,11.539999961853027,57785,0.0,0.0
2023-06-22 00:00:00-04:00,12.0,12.399999618530273,11.0,11.9399995803833,64050,0.0,0.0
2023-06-23 00:00:00-04:00,12.0,12.399999618530273,10.680000305175781,10.859999656677246,985405,0.0,0.0
2023-06-26 00:00:00-04:00,10.819999694824219,11.199999809265137,10.100000381469727,10.100000381469727,71010,0.0,0.0
2023-06-27 00:00:00-04:00,10.279999732971191,10.5,9.100000381469727,9.199999809265137,115700,0.0,0.0
2023-06-28 00:00:00-04:00,9.800000190734863,10.899999618530273,8.399999618530273,10.0,91805,0.0,0.0
2023-06-29 00:00:00-04:00,10.5,11.699999809265137,10.199999809265137,10.199999809265137,82970,0.0,0.0
2023-06-30 00:00:00-04:00,10.300000190734863,11.0,10.199999809265137,10.619999885559082,33770,0.0,0.0
2023-07-03 00:00:00-04:00,11.0,11.479999542236328,10.399999618530273,10.600000381469727,24945,0.0,0.0
2023-07-05 00:00:00-04:00,10.600000381469727,11.079999923706055,10.020000457763672,10.979999542236328,44250,0.0,0.0
2023-07-06 00:00:00-04:00,10.399999618530273,10.600000381469727,9.84000015258789,9.979999542236328,45400,0.0,0.0
2023-07-07 00:00:00-04:00,10.15999984741211,10.899999618530273,10.140000343322754,10.899999618530273,30065,0.0,0.0
2023-07-10 00:00:00-04:00,11.0,11.680000305175781,10.399999618530273,11.220000267028809,47635,0.0,0.0
2023-07-11 00:00:00-04:00,10.819999694824219,11.579999923706055,10.819999694824219,11.15999984741211,31170,0.0,0.0
2023-07-12 00:00:00-04:00,11.399999618530273,11.899999618530273,10.800000190734863,11.539999961853027,47545,0.0,0.0
2023-07-13 00:00:00-04:00,12.0,12.0,11.199999809265137,11.359999656677246,29695,0.0,0.0
2023-07-14 00:00:00-04:00,11.039999961853027,11.84000015258789,11.0,11.199999809265137,10880,0.0,0.0
2023-07-17 00:00:00-04:00,11.460000038146973,12.779999732971191,11.399999618530273,11.880000114440918,32345,0.0,0.0
2023-07-18 00:00:00-04:00,12.199999809265137,12.600000381469727,11.720000267028809,12.0600004196167,38610,0.0,0.0
2023-07-19 00:00:00-04:00,12.140000343322754,12.600000381469727,11.800000190734863,12.199999809265137,39055,0.0,0.0
2023-07-20 00:00:00-04:00,12.199999809265137,12.600000381469727,11.819999694824219,12.5600004196167,15865,0.0,0.0
2023-07-21 00:00:00-04:00,12.800000190734863,12.899999618530273,12.0,12.100000381469727,33040,0.0,0.0
2023-07-24 00:00:00-04:00,13.0600004196167,13.0600004196167,10.619999885559082,11.039999961853027,50460,0.0,0.0
2023-07-25 00:00:00-04:00,11.0,11.399999618530273,10.600000381469727,11.100000381469727,21985,0.0,0.0
2023-07-26 00:00:00-04:00,11.199999809265137,11.399999618530273,10.600000381469727,11.039999961853027,57585,0.0,0.0
2023-07-27 00:00:00-04:00,11.039999961853027,11.739999771118164,10.619999885559082,10.819999694824219,26520,0.0,0.0
2023-07-28 00:00:00-04:00,10.699999809265137,12.0,10.699999809265137,11.479999542236328,23055,0.0,0.0
2023-07-31 00:00:00-04:00,11.880000114440918,12.399999618530273,11.300000190734863,11.800000190734863,27655,0.0,0.0
2023-08-01 00:00:00-04:00,11.859999656677246,12.380000114440918,11.359999656677246,11.600000381469727,11945,0.0,0.0
2023-08-02 00:00:00-04:00,11.0,11.720000267028809,10.399999618530273,11.399999618530273,66255,0.0,0.0
2023-08-03 00:00:00-04:00,10.960000038146973,11.699999809265137,10.619999885559082,11.300000190734863,27820,0.0,0.0
2023-08-04 00:00:00-04:00,11.020000457763672,11.5,10.199999809265137,10.960000038146973,17675,0.0,0.0
2023-08-07 00:00:00-04:00,11.0,11.399999618530273,10.600000381469727,10.640000343322754,15535,0.0,0.0
2023-08-08 00:00:00-04:00,11.180000305175781,11.199999809265137,10.100000381469727,10.300000190734863,32060,0.0,0.0
2023-08-09 00:00:00-04:00,10.460000038146973,10.800000190734863,10.0,10.0,32970,0.0,0.0
2023-08-10 00:00:00-04:00,10.0,10.800000190734863,9.0,10.300000190734863,48465,0.0,0.0
2023-08-11 00:00:00-04:00,10.239999771118164,10.699999809265137,9.65999984741211,9.65999984741211,51915,0.0,0.0
2023-08-14 00:00:00-04:00,9.619999885559082,10.199999809265137,9.100000381469727,9.9399995803833,33600,0.0,0.0
2023-08-15 00:00:00-04:00,10.100000381469727,10.399999618530273,9.5,10.359999656677246,55005,0.0,0.0
2023-08-16 00:00:00-04:00,10.199999809265137,10.199999809265137,9.600000381469727,10.0,27865,0.0,0.0
2023-08-17 00:00:00-04:00,9.800000190734863,10.4399995803833,9.600000381469727,10.020000457763672,58425,0.0,0.0
2023-08-18 00:00:00-04:00,9.680000305175781,10.399999618530273,9.600000381469727,10.0,18825,0.0,0.0
2023-08-21 00:00:00-04:00,10.0,10.199999809265137,9.819999694824219,9.899999618530273,45145,0.0,0.0
2023-08-22 00:00:00-04:00,9.800000190734863,10.020000457763672,9.600000381469727,9.800000190734863,15495,0.0,0.0
2023-08-23 00:00:00-04:00,9.979999542236328,10.199999809265137,9.399999618530273,10.0,19855,0.0,0.0
2023-08-24 00:00:00-04:00,9.760000228881836,10.199999809265137,9.619999885559082,10.079999923706055,30285,0.0,0.0
2023-08-25 00:00:00-04:00,9.899999618530273,10.600000381469727,9.720000267028809,10.020000457763672,19385,0.0,0.0
2023-08-28 00:00:00-04:00,9.720000267028809,10.5,9.720000267028809,10.199999809265137,22330,0.0,0.0
2023-08-29 00:00:00-04:00,10.260000228881836,10.579999923706055,10.100000381469727,10.239999771118164,11325,0.0,0.0
2023-08-30 00:00:00-04:00,9.920000076293945,10.800000190734863,9.920000076293945,10.34000015258789,31005,0.0,0.0
2023-08-31 00:00:00-04:00,10.739999771118164,10.760000228881836,9.880000114440918,10.0,29195,0.0,0.0
2023-09-01 00:00:00-04:00,10.199999809265137,10.300000190734863,9.859999656677246,10.180000305175781,51010,0.0,0.0
2023-09-05 00:00:00-04:00,10.0,10.300000190734863,9.899999618530273,10.0,27565,0.0,0.0
2023-09-06 00:00:00-04:00,9.859999656677246,10.300000190734863,9.859999656677246,10.0,22020,0.0,0.0
2023-09-07 00:00:00-04:00,10.0,10.199999809265137,9.0,9.039999961853027,57140,0.0,0.0
2023-09-08 00:00:00-04:00,9.039999961853027,9.199999809265137,8.5,8.520000457763672,24775,0.0,0.0
2023-09-11 00:00:00-04:00,8.520000457763672,8.699999809265137,7.619999885559082,7.800000190734863,48670,0.0,0.0
2023-09-12 00:00:00-04:00,7.480000019073486,8.600000381469727,7.199999809265137,7.400000095367432,51525,0.0,0.0
2023-09-13 00:00:00-04:00,7.380000114440918,7.800000190734863,6.980000019073486,7.0,57000,0.0,0.0
2023-09-14 00:00:00-04:00,7.199999809265137,7.340000152587891,6.980000019073486,7.179999828338623,24375,0.0,0.0
2023-09-15 00:00:00-04:00,7.099999904632568,7.320000171661377,6.699999809265137,6.800000190734863,154925,0.0,0.0
2023-09-18 00:00:00-04:00,6.400000095367432,7.079999923706055,6.400000095367432,6.840000152587891,22655,0.0,0.0
2023-09-19 00:00:00-04:00,6.940000057220459,6.940000057220459,6.599999904632568,6.800000190734863,12640,0.0,0.0
2023-09-20 00:00:00-04:00,6.760000228881836,6.760000228881836,6.0,6.380000114440918,139085,0.0,0.0
2023-09-21 00:00:00-04:00,5.599999904632568,6.110000133514404,5.599999904632568,5.769999980926514,169500,0.0,0.05
2023-09-22 00:00:00-04:00,5.71999979019165,6.650000095367432,5.400000095367432,6.400000095367432,62000,0.0,0.0
2023-09-25 00:00:00-04:00,6.559999942779541,6.840000152587891,5.539999961853027,6.039999961853027,67700,0.0,0.0
2023-09-26 00:00:00-04:00,5.940000057220459,6.230000019073486,5.63100004196167,6.230000019073486,60300,0.0,0.0
2023-09-27 00:00:00-04:00,6.239999771118164,6.380000114440918,5.800000190734863,6.010000228881836,34800,0.0,0.0
2023-09-28 00:00:00-04:00,5.949999809265137,6.849999904632568,5.949999809265137,6.71999979019165,72200,0.0,0.0
2023-09-29 00:00:00-04:00,6.860000133514404,8.380000114440918,6.703000068664551,8.210000038146973,120000,0.0,0.0
2023-10-02 00:00:00-04:00,8.239999771118164,8.489999771118164,7.679999828338623,8.140000343322754,28300,0.0,0.0
2023-10-03 00:00:00-04:00,7.96999979019165,8.369999885559082,7.25,7.610000133514404,23400,0.0,0.0
2023-10-04 00:00:00-04:00,7.599999904632568,8.130000114440918,7.599999904632568,8.039999961853027,20500,0.0,0.0
2023-10-05 00:00:00-04:00,8.029999732971191,8.25,7.909999847412109,8.039999961853027,19600,0.0,0.0
2023-10-06 00:00:00-04:00,7.920000076293945,8.279999732971191,7.839000225067139,8.130000114440918,21900,0.0,0.0
2023-10-09 00:00:00-04:00,7.960000038146973,8.010000228881836,7.5,7.809999942779541,12900,0.0,0.0
2023-10-10 00:00:00-04:00,7.820000171661377,8.229999542236328,7.820000171661377,8.09000015258789,15700,0.0,0.0
2023-10-11 00:00:00-04:00,7.96999979019165,8.267000198364258,7.96999979019165,7.989999771118164,12700,0.0,0.0
2023-10-12 00:00:00-04:00,7.679999828338623,7.989999771118164,7.650000095367432,7.889999866485596,16700,0.0,0.0
2023-10-13 00:00:00-04:00,7.5,7.730000019073486,7.050000190734863,7.199999809265137,33100,0.0,0.0
2023-10-16 00:00:00-04:00,7.380000114440918,7.5,7.190000057220459,7.289999961853027,15700,0.0,0.0
2023-10-17 00:00:00-04:00,7.269999980926514,7.300000190734863,7.050000190734863,7.050000190734863,22300,0.0,0.0
2023-10-18 00:00:00-04:00,6.980000019073486,6.980000019073486,6.420000076293945,6.599999904632568,25400,0.0,0.0
2023-10-19 00:00:00-04:00,6.550000190734863,6.860000133514404,6.539999961853027,6.860000133514404,11300,0.0,0.0
2023-10-20 00:00:00-04:00,6.789999961853027,7.289999961853027,6.27400016784668,7.170000076293945,33300,0.0,0.0
2023-10-23 00:00:00-04:00,7.0,7.409999847412109,6.889999866485596,7.139999866485596,26300,0.0,0.0
2023-10-24 00:00:00-04:00,7.139999866485596,7.849999904632568,6.835000038146973,7.690000057220459,36000,0.0,0.0
2023-10-25 00:00:00-04:00,7.510000228881836,7.760000228881836,7.300000190734863,7.440000057220459,9500,0.0,0.0
2023-10-26 00:00:00-04:00,7.480000019073486,8.020000457763672,7.40500020980835,7.550000190734863,9800,0.0,0.0
2023-10-27 00:00:00-04:00,7.440000057220459,7.579999923706055,7.050000190734863,7.210000038146973,3300,0.0,0.0
2023-10-30 00:00:00-04:00,7.28000020980835,7.420000076293945,7.239999771118164,7.420000076293945,2600,0.0,0.0
2023-10-31 00:00:00-04:00,7.429999828338623,7.599999904632568,7.368000030517578,7.599999904632568,7400,0.0,0.0
2023-11-01 00:00:00-04:00,7.389999866485596,7.5,7.235000133514404,7.239999771118164,13600,0.0,0.0
2023-11-02 00:00:00-04:00,7.400000095367432,7.679999828338623,7.145999908447266,7.659999847412109,17400,0.0,0.0
2023-11-03 00:00:00-04:00,7.659999847412109,9.760000228881836,7.659999847412109,9.140000343322754,69300,0.0,0.0
2023-11-06 00:00:00-05:00,9.149999618530273,9.479999542236328,8.460000038146973,8.569999694824219,74400,0.0,0.0
2023-11-07 00:00:00-05:00,8.75,9.710000038146973,8.484999656677246,9.609999656677246,24000,0.0,0.0
2023-11-08 00:00:00-05:00,9.739999771118164,9.739999771118164,8.510000228881836,8.510000228881836,21700,0.0,0.0
2023-11-09 00:00:00-05:00,8.989999771118164,9.399999618530273,8.359999656677246,9.338000297546387,32000,0.0,0.0
2023-11-10 00:00:00-05:00,9.289999961853027,9.319999694824219,8.730999946594238,8.869999885559082,34400,0.0,0.0
2023-11-13 00:00:00-05:00,8.65999984741211,9.460000038146973,8.229999542236328,8.460000038146973,61500,0.0,0.0
2023-11-14 00:00:00-05:00,8.220000267028809,9.125,8.220000267028809,8.670000076293945,24700,0.0,0.0
2023-11-15 00:00:00-05:00,8.289999961853027,8.581999778747559,6.809999942779541,7.0,127700,0.0,0.0
2023-11-16 00:00:00-05:00,7.010000228881836,7.010000228881836,6.114999771118164,6.150000095367432,107500,0.0,0.0
2023-11-17 00:00:00-05:00,6.360000133514404,6.46999979019165,5.5,5.525000095367432,284600,0.0,0.0
2023-11-20 00:00:00-05:00,5.809999942779541,5.809999942779541,5.0229997634887695,5.130000114440918,114400,0.0,0.0
2023-11-21 00:00:00-05:00,5.170000076293945,5.389999866485596,5.03000020980835,5.130000114440918,37600,0.0,0.0
2023-11-22 00:00:00-05:00,5.119999885559082,5.269999980926514,4.031000137329102,4.099999904632568,247700,0.0,0.0
2023-11-24 00:00:00-05:00,4.320000171661377,4.389999866485596,3.950000047683716,3.990000009536743,102800,0.0,0.0
2023-11-27 00:00:00-05:00,3.869999885559082,4.078999996185303,3.299999952316284,3.4000000953674316,266000,0.0,0.0
2023-11-28 00:00:00-05:00,3.5799999237060547,3.765000104904175,3.119999885559082,3.190000057220459,164300,0.0,0.0
2023-11-29 00:00:00-05:00,3.2200000286102295,3.2799999713897705,2.390000104904175,2.9700000286102295,374800,0.0,0.0
2023-11-30 00:00:00-05:00,2.9800000190734863,3.059999942779541,2.6700000762939453,3.0199999809265137,96200,0.0,0.0
2023-12-01 00:00:00-05:00,3.0299999713897705,3.059999942779541,2.809999942779541,2.9800000190734863,60600,0.0,0.0
2023-12-04 00:00:00-05:00,2.9800000190734863,3.0,2.8369998931884766,2.940000057220459,52800,0.0,0.0
2023-12-05 00:00:00-05:00,2.940000057220459,2.940000057220459,2.690000057220459,2.8399999141693115,40800,0.0,0.0
2023-12-06 00:00:00-05:00,2.9000000953674316,3.049999952316284,2.700000047683716,2.880000114440918,98700,0.0,0.0
2023-12-07 00:00:00-05:00,2.9600000381469727,3.0899999141693115,2.799999952316284,2.950000047683716,118800,0.0,0.0
2023-12-08 00:00:00-05:00,2.9200000762939453,2.989000082015991,2.755000114440918,2.9100000858306885,47400,0.0,0.0
2023-12-11 00:00:00-05:00,2.930000066757202,3.013000011444092,2.8299999237060547,2.9100000858306885,26800,0.0,0.0
2023-12-12 00:00:00-05:00,2.869999885559082,2.9200000762939453,2.549999952316284,2.565000057220459,62900,0.0,0.0
2023-12-13 00:00:00-05:00,2.5299999713897705,2.559999942779541,2.390000104904175,2.509999990463257,156400,0.0,0.0
2023-12-14 00:00:00-05:00,2.549999952316284,2.690000057220459,2.5399999618530273,2.5899999141693115,74900,0.0,0.0
2023-12-15 00:00:00-05:00,2.609999895095825,2.640000104904175,2.450000047683716,2.4700000286102295,95000,0.0,0.0
2023-12-18 00:00:00-05:00,2.450000047683716,2.937999963760376,2.450000047683716,2.819999933242798,237000,0.0,0.0
2023-12-19 00:00:00-05:00,2.7799999713897705,3.75,2.7699999809265137,3.6700000762939453,206100,0.0,0.0
2023-12-20 00:00:00-05:00,3.6700000762939453,4.369999885559082,3.299999952316284,3.740000009536743,185600,0.0,0.0
2023-12-21 00:00:00-05:00,3.7300000190734863,4.090000152587891,3.7300000190734863,4.0,71400,0.0,0.0
2023-12-22 00:00:00-05:00,4.03000020980835,4.03000020980835,3.549999952316284,3.819999933242798,60200,0.0,0.0
2023-12-26 00:00:00-05:00,3.880000114440918,3.940000057220459,3.440000057220459,3.490000009536743,53100,0.0,0.0
2023-12-27 00:00:00-05:00,3.450000047683716,3.5899999141693115,3.369999885559082,3.390000104904175,18500,0.0,0.0
2023-12-28 00:00:00-05:00,3.390000104904175,3.4820001125335693,3.1500000953674316,3.4000000953674316,73700,0.0,0.0
2023-12-29 00:00:00-05:00,3.361999988555908,3.4600000381469727,3.2699999809265137,3.390000104904175,39900,0.0,0.0
2024-01-02 00:00:00-05:00,3.319999933242798,3.380000114440918,3.240000009536743,3.240000009536743,20000,0.0,0.0
2024-01-03 00:00:00-05:00,3.2699999809265137,3.2820000648498535,3.0799999237060547,3.180000066757202,33900,0.0,0.0
2024-01-04 00:00:00-05:00,3.200000047683716,3.200000047683716,3.009999990463257,3.069999933242798,11800,0.0,0.0
2024-01-05 00:00:00-05:00,3.0299999713897705,3.1700000762939453,2.9100000858306885,2.9100000858306885,13900,0.0,0.0
2024-01-08 00:00:00-05:00,2.9100000858306885,3.0,2.7179999351501465,2.8499999046325684,25500,0.0,0.0
2024-01-09 00:00:00-05:00,2.799999952316284,2.990000009536743,2.799999952316284,2.799999952316284,7700,0.0,0.0
2024-01-10 00:00:00-05:00,2.8299999237060547,2.937999963760376,2.8299999237060547,2.9000000953674316,11400,0.0,0.0
2024-01-11 00:00:00-05:00,2.8399999141693115,2.890000104904175,2.7699999809265137,2.799999952316284,14700,0.0,0.0
2024-01-12 00:00:00-05:00,2.8459999561309814,2.950000047683716,2.7699999809265137,2.8299999237060547,12900,0.0,0.0
2024-01-16 00:00:00-05:00,2.937999963760376,2.937999963760376,2.7899999618530273,2.7899999618530273,7200,0.0,0.0
2024-01-17 00:00:00-05:00,2.75,2.8399999141693115,2.5299999713897705,2.6500000953674316,71200,0.0,0.0
2024-01-18 00:00:00-05:00,2.5999999046325684,2.819999933242798,2.569999933242798,2.569999933242798,31900,0.0,0.0
2024-01-19 00:00:00-05:00,2.569999933242798,2.8310000896453857,2.3299999237060547,2.549999952316284,90600,0.0,0.0
2024-01-22 00:00:00-05:00,2.5899999141693115,2.6700000762939453,2.5,2.569999933242798,38300,0.0,0.0
2024-01-23 00:00:00-05:00,2.569999933242798,2.6600000858306885,2.4779999256134033,2.5399999618530273,12000,0.0,0.0
2024-01-24 00:00:00-05:00,2.5999999046325684,2.680000066757202,2.4200000762939453,2.4700000286102295,13300,0.0,0.0
2024-01-25 00:00:00-05:00,2.4800000190734863,2.640000104904175,2.4200000762939453,2.4200000762939453,6300,0.0,0.0
2024-01-26 00:00:00-05:00,2.621999979019165,2.621999979019165,2.4100000858306885,2.4200000762939453,25200,0.0,0.0
2024-01-29 00:00:00-05:00,2.4200000762939453,2.700000047683716,2.359999895095825,2.619999885559082,60600,0.0,0.0
2024-01-30 00:00:00-05:00,2.5950000286102295,2.681999921798706,2.5179998874664307,2.559999942779541,4100,0.0,0.0
2024-01-31 00:00:00-05:00,2.680000066757202,2.680000066757202,2.555999994277954,2.5899999141693115,22200,0.0,0.0
2024-02-01 00:00:00-05:00,2.630000114440918,2.700000047683716,2.5899999141693115,2.630000114440918,9200,0.0,0.0
2024-02-02 00:00:00-05:00,2.5799999237060547,2.680000066757202,2.5799999237060547,2.6600000858306885,32100,0.0,0.0
2024-02-05 00:00:00-05:00,2.680000066757202,2.690000057220459,2.5199999809265137,2.5199999809265137,16400,0.0,0.0
2024-02-06 00:00:00-05:00,2.569999933242798,2.700000047683716,2.509999990463257,2.509999990463257,46600,0.0,0.0
2024-02-07 00:00:00-05:00,2.5399999618530273,2.674999952316284,2.5299999713897705,2.549999952316284,54700,0.0,0.0
2024-02-08 00:00:00-05:00,2.5799999237060547,2.740000009536743,2.5299999713897705,2.680000066757202,15900,0.0,0.0
2024-02-09 00:00:00-05:00,2.7300000190734863,3.119999885559082,2.680000066757202,3.0299999713897705,61400,0.0,0.0
2024-02-12 00:00:00-05:00,3.0,3.0899999141693115,2.680000066757202,2.750999927520752,51200,0.0,0.0
2024-02-13 00:00:00-05:00,2.6700000762939453,2.950000047683716,2.6700000762939453,2.8399999141693115,23900,0.0,0.0
2024-02-14 00:00:00-05:00,2.799999952316284,2.865000009536743,2.5510001182556152,2.559999942779541,65600,0.0,0.0
2024-02-15 00:00:00-05:00,2.619999885559082,2.819999933242798,2.5999999046325684,2.809999942779541,26500,0.0,0.0
2024-02-16 00:00:00-05:00,2.75,3.2200000286102295,2.700000047683716,3.109999895095825,108900,0.0,0.0
2024-02-20 00:00:00-05:00,3.069999933242798,3.180000066757202,2.700000047683716,3.0399999618530273,37600,0.0,0.0
2024-02-21 00:00:00-05:00,3.0,3.9100000858306885,3.0,3.690000057220459,126700,0.0,0.0
2024-02-22 00:00:00-05:00,3.799999952316284,4.710000038146973,3.5,4.059999942779541,271400,0.0,0.0
2024-02-23 00:00:00-05:00,4.0,4.710000038146973,3.799999952316284,4.690000057220459,72400,0.0,0.0
2024-02-26 00:00:00-05:00,4.710000038146973,5.619999885559082,4.699999809265137,5.489999771118164,143300,0.0,0.0
2024-02-27 00:00:00-05:00,5.480000019073486,7.489999771118164,5.480000019073486,6.940000057220459,216400,0.0,0.0
2024-02-28 00:00:00-05:00,7.010000228881836,7.489999771118164,4.920000076293945,5.869999885559082,169900,0.0,0.0
2024-02-29 00:00:00-05:00,5.940000057220459,6.090000152587891,4.739999771118164,5.360000133514404,104800,0.0,0.0
2024-03-01 00:00:00-05:00,5.480000019073486,5.489999771118164,4.409999847412109,4.429999828338623,68900,0.0,0.0
2024-03-04 00:00:00-05:00,4.650000095367432,5.210000038146973,4.429999828338623,5.079999923706055,94100,0.0,0.0
2024-03-05 00:00:00-05:00,4.900000095367432,5.389999866485596,4.570000171661377,4.829999923706055,60600,0.0,0.0
2024-03-06 00:00:00-05:00,4.71999979019165,5.0,4.572000026702881,4.849999904632568,28600,0.0,0.0
2024-03-07 00:00:00-05:00,4.75,5.184000015258789,4.75,4.920000076293945,44800,0.0,0.0
2024-03-08 00:00:00-05:00,4.849999904632568,5.269999980926514,4.849999904632568,4.980000019073486,22700,0.0,0.0
2024-03-11 00:00:00-04:00,5.179999828338623,5.369999885559082,4.914000034332275,5.039999961853027,30300,0.0,0.0
2024-03-12 00:00:00-04:00,5.039999961853027,5.039999961853027,4.619999885559082,4.800000190734863,51200,0.0,0.0
2024-03-13 00:00:00-04:00,4.730000019073486,5.807000160217285,4.730000019073486,5.190000057220459,43500,0.0,0.0
2024-03-14 00:00:00-04:00,5.190000057220459,6.25,5.190000057220459,5.900000095367432,136000,0.0,0.0
2024-03-15 00:00:00-04:00,5.900000095367432,6.138000011444092,5.400000095367432,5.5,47300,0.0,0.0
2024-03-18 00:00:00-04:00,4.550000190734863,4.550000190734863,3.4000000953674316,3.4000000953674316,282100,0.0,0.0
2024-03-19 00:00:00-04:00,3.4700000286102295,3.5899999141693115,2.934999942779541,3.130000114440918,83900,0.0,0.0
2024-03-20 00:00:00-04:00,3.049999952316284,3.6700000762939453,3.049999952316284,3.509999990463257,86800,0.0,0.0
2024-03-21 00:00:00-04:00,3.559999942779541,3.634999990463257,3.453000068664551,3.619999885559082,24900,0.0,0.0
2024-03-22 00:00:00-04:00,3.640000104904175,4.150000095367432,3.4719998836517334,3.930000066757202,63200,0.0,0.0
2024-03-25 00:00:00-04:00,3.9800000190734863,4.010000228881836,3.0799999237060547,3.380000114440918,192800,0.0,0.0
2024-03-26 00:00:00-04:00,3.359999895095825,3.759999990463257,3.2799999713897705,3.3299999237060547,32800,0.0,0.0
2024-03-27 00:00:00-04:00,3.3299999237060547,3.5,3.119999885559082,3.240000009536743,32700,0.0,0.0
2024-03-28 00:00:00-04:00,3.2799999713897705,3.4800000190734863,2.950000047683716,2.9600000381469727,77600,0.0,0.0
2024-04-01 00:00:00-04:00,2.930000066757202,3.1019999980926514,2.8499999046325684,2.9549999237060547,36400,0.0,0.0
2024-04-02 00:00:00-04:00,2.880000114440918,3.059999942779541,2.880000114440918,3.049999952316284,14700,0.0,0.0
2024-04-03 00:00:00-04:00,3.119999885559082,3.200000047683716,3.015000104904175,3.0399999618530273,20700,0.0,0.0
2024-04-04 00:00:00-04:00,3.119999885559082,3.75,3.0799999237060547,3.549999952316284,200800,0.0,0.0
2024-04-05 00:00:00-04:00,3.609999895095825,4.329999923706055,3.2899999618530273,3.869999885559082,114300,0.0,0.0
2024-04-08 00:00:00-04:00,3.8299999237060547,4.739999771118164,3.8299999237060547,4.519999980926514,186500,0.0,0.0
2024-04-09 00:00:00-04:00,4.5,4.599999904632568,4.019999980926514,4.019999980926514,53700,0.0,0.0
2024-04-10 00:00:00-04:00,4.019999980926514,4.380000114440918,4.010000228881836,4.119999885559082,36100,0.0,0.0
2024-04-11 00:00:00-04:00,4.179999828338623,4.934999942779541,3.8499999046325684,4.75,169800,0.0,0.0
2024-04-12 00:00:00-04:00,4.639999866485596,5.890999794006348,4.639999866485596,5.739999771118164,205900,0.0,0.0
2024-04-15 00:00:00-04:00,5.519999980926514,5.519999980926514,4.960000038146973,5.179999828338623,75300,0.0,0.0
2024-04-16 00:00:00-04:00,5.179999828338623,5.369999885559082,4.579999923706055,4.670000076293945,48400,0.0,0.0
2024-04-17 00:00:00-04:00,4.650000095367432,5.050000190734863,4.579999923706055,4.835000038146973,21200,0.0,0.0
2024-04-18 00:00:00-04:00,4.920000076293945,4.945000171661377,4.590000152587891,4.945000171661377,11700,0.0,0.0
2024-04-19 00:00:00-04:00,4.539999961853027,4.789999961853027,4.110000133514404,4.110000133514404,40200,0.0,0.0
2024-04-22 00:00:00-04:00,4.300000190734863,4.489999771118164,4.070000171661377,4.340000152587891,32700,0.0,0.0
2024-04-23 00:00:00-04:00,4.35099983215332,4.75,4.340000152587891,4.400000095367432,37300,0.0,0.0
2024-04-24 00:00:00-04:00,4.539999961853027,4.539999961853027,4.179999828338623,4.369999885559082,23900,0.0,0.0
2024-04-25 00:00:00-04:00,4.360000133514404,4.400000095367432,4.119999885559082,4.199999809265137,6200,0.0,0.0
2024-04-26 00:00:00-04:00,4.300000190734863,5.0,4.300000190734863,4.619999885559082,32400,0.0,0.0
2024-04-29 00:00:00-04:00,4.659999847412109,4.71999979019165,4.281000137329102,4.420000076293945,59400,0.0,0.0
2024-04-30 00:00:00-04:00,4.489999771118164,4.489999771118164,3.990000009536743,4.0,47900,0.0,0.0
2024-05-01 00:00:00-04:00,4.050000190734863,4.159999847412109,3.5899999141693115,3.799999952316284,79000,0.0,0.0
2024-05-02 00:00:00-04:00,3.869999885559082,4.461999893188477,3.869999885559082,4.130000114440918,40200,0.0,0.0
2024-05-03 00:00:00-04:00,4.21999979019165,4.21999979019165,3.8299999237060547,3.8299999237060547,36200,0.0,0.0
2024-05-06 00:00:00-04:00,3.8299999237060547,4.360000133514404,3.8299999237060547,4.03000020980835,49100,0.0,0.0
2024-05-07 00:00:00-04:00,4.079999923706055,4.199999809265137,3.7300000190734863,3.799999952316284,26700,0.0,0.0
2024-05-08 00:00:00-04:00,3.859999895095825,4.019999980926514,3.6600000858306885,3.7799999713897705,14500,0.0,0.0
2024-05-09 00:00:00-04:00,3.7899999618530273,4.014999866485596,3.509999990463257,3.5199999809265137,30700,0.0,0.0
2024-05-10 00:00:00-04:00,3.7100000381469727,3.921999931335449,3.5299999713897705,3.9000000953674316,36900,0.0,0.0
2024-05-13 00:00:00-04:00,3.930000066757202,4.130000114440918,3.7200000286102295,3.8499999046325684,25100,0.0,0.0
2024-05-14 00:00:00-04:00,4.050000190734863,4.739999771118164,3.5299999713897705,3.5999999046325684,281100,0.0,0.0
2024-05-15 00:00:00-04:00,3.940000057220459,4.0,3.5399999618530273,3.680000066757202,94100,0.0,0.0
2024-05-16 00:00:00-04:00,3.7799999713897705,3.9579999446868896,3.3499999046325684,3.4749999046325684,84700,0.0,0.0
2024-05-17 00:00:00-04:00,3.549999952316284,3.640000104904175,3.299999952316284,3.450000047683716,61000,0.0,0.0
2024-05-20 00:00:00-04:00,3.5,3.700000047683716,3.2699999809265137,3.2799999713897705,72400,0.0,0.0
2024-05-21 00:00:00-04:00,3.319999933242798,3.5,3.319999933242798,3.5,28600,0.0,0.0
2024-05-22 00:00:00-04:00,3.4600000381469727,3.618000030517578,3.369999885559082,3.559999942779541,27300,0.0,0.0
2024-05-23 00:00:00-04:00,3.490000009536743,3.5899999141693115,3.4100000858306885,3.4200000762939453,7300,0.0,0.0
2024-05-24 00:00:00-04:00,3.5,3.5399999618530273,3.390000104904175,3.390000104904175,15100,0.0,0.0
2024-05-28 00:00:00-04:00,3.430000066757202,3.809999942779541,3.119999885559082,3.119999885559082,68700,0.0,0.0
2024-05-29 00:00:00-04:00,3.1500000953674316,3.309999942779541,3.1500000953674316,3.180000066757202,36000,0.0,0.0
2024-05-30 00:00:00-04:00,3.109999895095825,3.36899995803833,3.109999895095825,3.2799999713897705,21700,0.0,0.0
2024-05-31 00:00:00-04:00,3.3499999046325684,3.572999954223633,3.253000020980835,3.509999990463257,15500,0.0,0.0
2024-06-03 00:00:00-04:00,3.5299999713897705,3.700000047683716,3.2899999618530273,3.569999933242798,35400,0.0,0.0
2024-06-04 00:00:00-04:00,3.509999990463257,3.609999895095825,3.369999885559082,3.430000066757202,24400,0.0,0.0
2024-06-05 00:00:00-04:00,3.3299999237060547,3.609999895095825,3.3299999237060547,3.5199999809265137,45400,0.0,0.0
2024-06-06 00:00:00-04:00,3.496999979019165,3.549999952316284,3.4000000953674316,3.4000000953674316,19200,0.0,0.0
2024-06-07 00:00:00-04:00,3.6040000915527344,3.6040000915527344,3.0199999809265137,3.0199999809265137,55300,0.0,0.0
2024-06-10 00:00:00-04:00,3.109999895095825,3.180000066757202,3.0439999103546143,3.140000104904175,27500,0.0,0.0
2024-06-11 00:00:00-04:00,3.180000066757202,4.300000190734863,3.180000066757202,4.050000190734863,168400,0.0,0.0
2024-06-12 00:00:00-04:00,4.199999809265137,4.320000171661377,3.7300000190734863,4.130000114440918,103300,0.0,0.0
2024-06-13 00:00:00-04:00,4.039999961853027,4.275000095367432,3.819999933242798,3.8399999141693115,25300,0.0,0.0
2024-06-14 00:00:00-04:00,3.9200000762939453,3.950000047683716,3.6500000953674316,3.7899999618530273,32000,0.0,0.0
2024-06-17 00:00:00-04:00,3.759999990463257,4.03000020980835,3.759999990463257,3.950000047683716,24800,0.0,0.0
2024-06-18 00:00:00-04:00,3.9860000610351562,4.070000171661377,3.930000066757202,3.9700000286102295,16600,0.0,0.0
2024-06-20 00:00:00-04:00,3.950000047683716,4.169000148773193,3.9100000858306885,4.070000171661377,32100,0.0,0.0
2024-06-21 00:00:00-04:00,4.0,4.139999866485596,3.9000000953674316,4.039999961853027,30500,0.0,0.0
2024-06-24 00:00:00-04:00,4.050000190734863,4.159999847412109,3.9639999866485596,4.139999866485596,7200,0.0,0.0
2024-06-25 00:00:00-04:00,4.099999904632568,4.2179999351501465,3.9700000286102295,4.099999904632568,30300,0.0,0.0
2024-06-26 00:00:00-04:00,3.9800000190734863,4.340000152587891,3.9800000190734863,4.179999828338623,48900,0.0,0.0
2024-06-27 00:00:00-04:00,4.179999828338623,4.699999809265137,4.179999828338623,4.570000171661377,44800,0.0,0.0
2024-06-28 00:00:00-04:00,4.510000228881836,4.880000114440918,4.510000228881836,4.630000114440918,38400,0.0,0.0
2024-07-01 00:00:00-04:00,4.510000228881836,4.735000133514404,4.139999866485596,4.369999885559082,18100,0.0,0.0
2024-07-02 00:00:00-04:00,4.320000171661377,4.489999771118164,4.269999980926514,4.369999885559082,7600,0.0,0.0
2024-07-03 00:00:00-04:00,4.28000020980835,4.400000095367432,4.059999942779541,4.150000095367432,19400,0.0,0.0
2024-07-05 00:00:00-04:00,4.170000076293945,4.25,3.7799999713897705,3.9700000286102295,47700,0.0,0.0
2024-07-08 00:00:00-04:00,3.859999895095825,4.170000076293945,3.809999942779541,3.9800000190734863,26300,0.0,0.0
2024-07-09 00:00:00-04:00,4.0,4.159999847412109,3.875,4.039999961853027,24300,0.0,0.0
2024-07-10 00:00:00-04:00,4.039999961853027,4.099999904632568,3.509999990463257,3.680000066757202,43700,0.0,0.0
2024-07-11 00:00:00-04:00,3.9600000381469727,4.190000057220459,3.75,3.9600000381469727,43900,0.0,0.0
2024-07-12 00:00:00-04:00,3.950000047683716,4.014999866485596,3.75,3.7850000858306885,43700,0.0,0.0
2024-07-15 00:00:00-04:00,3.7799999713897705,3.930000066757202,3.5999999046325684,3.6600000858306885,44200,0.0,0.0
2024-07-16 00:00:00-04:00,3.569999933242798,3.684999942779541,3.5199999809265137,3.5799999237060547,47700,0.0,0.0
2024-07-17 00:00:00-04:00,3.5999999046325684,3.638000011444092,3.4149999618530273,3.559999942779541,54200,0.0,0.0
2024-07-18 00:00:00-04:00,3.509999990463257,3.556999921798706,3.200000047683716,3.2699999809265137,75400,0.0,0.0
2024-07-19 00:00:00-04:00,3.2799999713897705,3.4100000858306885,3.2200000286102295,3.259999990463257,19000,0.0,0.0
2024-07-22 00:00:00-04:00,3.2899999618530273,3.3299999237060547,3.180000066757202,3.309999942779541,66500,0.0,0.0
2024-07-23 00:00:00-04:00,3.190000057220459,3.200000047683716,3.0199999809265137,3.190000057220459,111300,0.0,0.0
2024-07-24 00:00:00-04:00,3.0,3.11299991607666,2.8499999046325684,2.9700000286102295,123700,0.0,0.0
2024-07-25 00:00:00-04:00,2.9000000953674316,3.059999942779541,2.75,2.880000114440918,90300,0.0,0.0
2024-07-26 00:00:00-04:00,2.7799999713897705,3.0929999351501465,2.609999895095825,3.0399999618530273,85400,0.0,0.0
2024-07-29 00:00:00-04:00,2.990000009536743,3.130000114440918,2.950000047683716,3.049999952316284,33900,0.0,0.0
2024-07-30 00:00:00-04:00,3.0,3.0329999923706055,2.8499999046325684,2.890000104904175,28300,0.0,0.0
2024-07-31 00:00:00-04:00,2.7899999618530273,3.069999933242798,2.690000057220459,2.859999895095825,53300,0.0,0.0
2024-08-01 00:00:00-04:00,2.930000066757202,2.930000066757202,2.5999999046325684,2.700000047683716,35400,0.0,0.0
2024-08-02 00:00:00-04:00,2.819999933242798,2.819999933242798,2.5,2.5,35400,0.0,0.0
2024-08-05 00:00:00-04:00,2.5299999713897705,2.9200000762939453,2.359999895095825,2.6700000762939453,79000,0.0,0.0
2024-08-06 00:00:00-04:00,2.5799999237060547,2.859999895095825,2.549999952316284,2.8299999237060547,24800,0.0,0.0
2024-08-07 00:00:00-04:00,2.7799999713897705,2.7799999713897705,2.359999895095825,2.4800000190734863,63100,0.0,0.0
2024-08-08 00:00:00-04:00,2.4200000762939453,2.4600000381469727,1.2599999904632568,1.340000033378601,524500,0.0,0.0
2024-08-09 00:00:00-04:00,1.340000033378601,1.340000033378601,0.8799999952316284,1.2100000381469727,727400,0.0,0.0
2024-08-12 00:00:00-04:00,1.309999942779541,1.6299999952316284,1.1799999475479126,1.4700000286102295,152600,0.0,0.0
2024-08-13 00:00:00-04:00,1.4500000476837158,2.009999990463257,1.350000023841858,1.75,389500,0.0,0.0
2024-08-14 00:00:00-04:00,1.7100000381469727,2.8980000019073486,1.7100000381469727,2.25,810500,0.0,0.0
2024-08-15 00:00:00-04:00,2.200000047683716,2.4800000190734863,2.0959999561309814,2.2699999809265137,158100,0.0,0.0
2024-08-16 00:00:00-04:00,2.2300000190734863,2.6700000762939453,2.0199999809265137,2.619999885559082,160600,0.0,0.0
2024-08-19 00:00:00-04:00,3.440000057220459,6.880000114440918,3.3399999141693115,6.039999961853027,37796400,0.0,0.0
2024-08-20 00:00:00-04:00,4.650000095367432,6.75,4.519999980926514,5.929999828338623,4079400,0.0,0.0
2024-08-21 00:00:00-04:00,6.230000019073486,7.699999809265137,5.559999942779541,6.550000190734863,3201300,0.0,0.0
2024-08-22 00:00:00-04:00,6.420000076293945,6.690000057220459,5.739999771118164,6.369999885559082,518200,0.0,0.0
2024-08-23 00:00:00-04:00,6.440000057220459,7.270999908447266,6.216000080108643,6.769999980926514,714000,0.0,0.0
2024-08-26 00:00:00-04:00,6.730000019073486,8.329999923706055,6.679999828338623,8.3100004196167,832500,0.0,0.0
2024-08-27 00:00:00-04:00,8.430000305175781,10.5,7.769999980926514,8.390000343322754,1496000,0.0,0.0
2024-08-28 00:00:00-04:00,8.270000457763672,8.689000129699707,7.0,7.409999847412109,394500,0.0,0.0
2024-08-29 00:00:00-04:00,7.349999904632568,7.900000095367432,6.559999942779541,7.480000019073486,350300,0.0,0.0
2024-08-30 00:00:00-04:00,7.409999847412109,8.050000190734863,6.599999904632568,6.800000190734863,243800,0.0,0.0
2024-09-03 00:00:00-04:00,6.769999980926514,7.046999931335449,5.860000133514404,6.039999961853027,275700,0.0,0.0
2024-09-04 00:00:00-04:00,5.989999771118164,6.369999885559082,5.889999866485596,6.199999809265137,120000,0.0,0.0
2024-09-05 00:00:00-04:00,6.25,6.300000190734863,5.880000114440918,6.0,80200,0.0,0.0
2024-09-06 00:00:00-04:00,5.949999809265137,6.449999809265137,5.949999809265137,6.260000228881836,121700,0.0,0.0
2024-09-09 00:00:00-04:00,6.329999923706055,6.909999847412109,6.329999923706055,6.539999961853027,120700,0.0,0.0
2024-09-10 00:00:00-04:00,6.489999771118164,6.639999866485596,6.21999979019165,6.610000133514404,53700,0.0,0.0
2024-09-11 00:00:00-04:00,6.25,6.559000015258789,5.889999866485596,5.96999979019165,88900,0.0,0.0
2024-09-12 00:00:00-04:00,5.960000038146973,6.309999942779541,5.829999923706055,5.980000019073486,101700,0.0,0.0
2024-09-13 00:00:00-04:00,6.059999942779541,6.150000095367432,5.458000183105469,5.539999961853027,99300,0.0,0.0
2024-09-16 00:00:00-04:00,5.590000152587891,5.760000228881836,5.414999961853027,5.630000114440918,72500,0.0,0.0
2024-09-17 00:00:00-04:00,5.659999847412109,5.659999847412109,4.309999942779541,4.699999809265137,232600,0.0,0.0
2024-09-18 00:00:00-04:00,4.590000152587891,5.199999809265137,4.581999778747559,4.75,133200,0.0,0.0
2024-09-19 00:00:00-04:00,4.849999904632568,5.2210001945495605,4.739999771118164,4.920000076293945,108900,0.0,0.0
2024-09-20 00:00:00-04:00,4.869999885559082,5.150000095367432,4.71999979019165,4.840000152587891,358800,0.0,0.0
2024-09-23 00:00:00-04:00,4.829999923706055,4.840000152587891,4.519999980926514,4.519999980926514,64100,0.0,0.0
2024-09-24 00:00:00-04:00,4.550000190734863,4.909999847412109,4.400000095367432,4.789999961853027,68700,0.0,0.0
2024-09-25 00:00:00-04:00,4.769999980926514,5.059999942779541,4.769999980926514,4.989999771118164,61400,0.0,0.0
2024-09-26 00:00:00-04:00,5.090000152587891,5.570000171661377,4.96999979019165,5.239999771118164,148500,0.0,0.0
2024-09-27 00:00:00-04:00,5.320000171661377,5.329999923706055,4.25,4.349999904632568,154800,0.0,0.0
2024-09-30 00:00:00-04:00,4.5,5.0,4.369999885559082,4.679999828338623,154400,0.0,0.0
2024-10-01 00:00:00-04:00,4.630000114440918,4.71999979019165,4.309999942779541,4.550000190734863,45200,0.0,0.0
2024-10-02 00:00:00-04:00,4.460000038146973,4.7230000495910645,4.340000152587891,4.699999809265137,62100,0.0,0.0
2024-10-03 00:00:00-04:00,4.519999980926514,4.849999904632568,4.5,4.800000190734863,37000,0.0,0.0
2024-10-04 00:00:00-04:00,4.78000020980835,4.949999809265137,4.670000076293945,4.679999828338623,27000,0.0,0.0
2024-10-07 00:00:00-04:00,4.639999866485596,4.71999979019165,4.349999904632568,4.510000228881836,34100,0.0,0.0
2024-10-08 00:00:00-04:00,4.46999979019165,4.46999979019165,3.619999885559082,3.619999885559082,157400,0.0,0.0
2024-10-09 00:00:00-04:00,3.5899999141693115,3.630000114440918,3.319999933242798,3.4200000762939453,70300,0.0,0.0
2024-10-10 00:00:00-04:00,3.4100000858306885,4.306000232696533,3.4100000858306885,3.880000114440918,154100,0.0,0.0
2024-10-11 00:00:00-04:00,3.869999885559082,4.03000020980835,3.4600000381469727,3.680000066757202,77500,0.0,0.0
2024-10-14 00:00:00-04:00,3.6500000953674316,3.989000082015991,3.5399999618530273,3.690000057220459,50000,0.0,0.0
2024-10-15 00:00:00-04:00,3.690000057220459,3.740000009536743,3.569999933242798,3.740000009536743,41200,0.0,0.0
2024-10-16 00:00:00-04:00,3.7100000381469727,3.9800000190734863,3.700000047683716,3.9100000858306885,49600,0.0,0.0
2024-10-17 00:00:00-04:00,3.950000047683716,4.063000202178955,3.884000062942505,4.059999942779541,20600,0.0,0.0
2024-10-18 00:00:00-04:00,4.110000133514404,4.139999866485596,3.990000009536743,4.070000171661377,40700,0.0,0.0
2024-10-21 00:00:00-04:00,4.010000228881836,4.070000171661377,3.5,3.5199999809265137,78900,0.0,0.0
2024-10-22 00:00:00-04:00,3.509999990463257,3.739000082015991,3.4700000286102295,3.509999990463257,48500,0.0,0.0
2024-10-23 00:00:00-04:00,3.3499999046325684,3.49399995803833,3.069999933242798,3.3299999237060547,102300,0.0,0.0
2024-10-24 00:00:00-04:00,3.3299999237060547,3.424999952316284,3.0799999237060547,3.109999895095825,93000,0.0,0.0
2024-10-25 00:00:00-04:00,3.119999885559082,3.2880001068115234,2.7100000381469727,2.8299999237060547,117900,0.0,0.0
2024-10-28 00:00:00-04:00,2.880000114440918,2.9000000953674316,2.75,2.7899999618530273,43300,0.0,0.0
2024-10-29 00:00:00-04:00,2.799999952316284,2.8499999046325684,2.5899999141693115,2.700000047683716,69000,0.0,0.0
2024-10-30 00:00:00-04:00,2.7200000286102295,3.13700008392334,2.7200000286102295,2.9200000762939453,115700,0.0,0.0
2024-10-31 00:00:00-04:00,2.9100000858306885,3.0,2.7300000190734863,2.7300000190734863,40100,0.0,0.0
2024-11-01 00:00:00-04:00,2.7699999809265137,2.9049999713897705,2.6500000953674316,2.680000066757202,82500,0.0,0.0
2024-11-04 00:00:00-05:00,2.700000047683716,2.799999952316284,2.609999895095825,2.6700000762939453,32800,0.0,0.0
2024-11-05 00:00:00-05:00,2.5999999046325684,2.640000104904175,2.299999952316284,2.549999952316284,74700,0.0,0.0
2024-11-06 00:00:00-05:00,2.680000066757202,2.7209999561309814,2.3499999046325684,2.450000047683716,51300,0.0,0.0
2024-11-07 00:00:00-05:00,2.4600000381469727,2.7100000381469727,2.4100000858306885,2.7100000381469727,49300,0.0,0.0
2024-11-08 00:00:00-05:00,2.799999952316284,4.989999771118164,2.799999952316284,4.380000114440918,1420600,0.0,0.0
2024-11-11 00:00:00-05:00,4.659999847412109,4.860000133514404,3.559999942779541,3.990000009536743,311500,0.0,0.0
2024-11-12 00:00:00-05:00,3.740000009536743,4.25,3.6500000953674316,4.139999866485596,136100,0.0,0.0
2024-11-13 00:00:00-05:00,4.090000152587891,4.300000190734863,3.6500000953674316,3.8299999237060547,101800,0.0,0.0
2024-11-14 00:00:00-05:00,3.740000009536743,3.9600000381469727,3.549999952316284,3.6500000953674316,52100,0.0,0.0
2024-11-15 00:00:00-05:00,3.6700000762939453,3.75,3.200000047683716,3.2300000190734863,63500,0.0,0.0
2024-11-18 00:00:00-05:00,3.109999895095825,3.565000057220459,3.109999895095825,3.4700000286102295,49300,0.0,0.0
2024-11-19 00:00:00-05:00,3.450000047683716,3.6600000858306885,3.359999895095825,3.5199999809265137,23100,0.0,0.0
2024-11-20 00:00:00-05:00,3.5399999618530273,3.7699999809265137,3.319999933242798,3.7100000381469727,28200,0.0,0.0
2024-11-21 00:00:00-05:00,3.690000057220459,3.9000000953674316,3.5999999046325684,3.680000066757202,57500,0.0,0.0
2024-11-22 00:00:00-05:00,3.690000057220459,3.8299999237060547,3.6700000762939453,3.7100000381469727,26000,0.0,0.0
2024-11-25 00:00:00-05:00,3.6700000762939453,4.0,3.6549999713897705,3.880000114440918,132800,0.0,0.0
2024-11-26 00:00:00-05:00,3.9100000858306885,4.090000152587891,3.569999933242798,3.6500000953674316,69300,0.0,0.0
2024-11-27 00:00:00-05:00,3.619999885559082,3.619999885559082,3.3499999046325684,3.4600000381469727,81600,0.0,0.0
2024-11-29 00:00:00-05:00,3.5199999809265137,3.819999933242798,3.444999933242798,3.7300000190734863,44100,0.0,0.0
2024-12-02 00:00:00-05:00,3.6600000858306885,3.890000104904175,3.619999885559082,3.799999952316284,62600,0.0,0.0
2024-12-03 00:00:00-05:00,3.809999942779541,3.859999895095825,3.440000057220459,3.5399999618530273,37700,0.0,0.0
2024-12-04 00:00:00-05:00,3.559999942779541,3.9800000190734863,3.4800000190734863,3.950000047683716,138900,0.0,0.0
2024-12-05 00:00:00-05:00,3.930000066757202,3.940000057220459,3.549999952316284,3.640000104904175,81200,0.0,0.0
2024-12-06 00:00:00-05:00,3.7300000190734863,3.890000104904175,3.5199999809265137,3.880000114440918,21900,0.0,0.0
2024-12-09 00:00:00-05:00,3.940000057220459,3.950000047683716,3.7300000190734863,3.809999942779541,48900,0.0,0.0
2024-12-10 00:00:00-05:00,3.819999933242798,3.890000104904175,3.630000114440918,3.700000047683716,9000,0.0,0.0
2024-12-11 00:00:00-05:00,3.591399908065796,3.6500000953674316,3.5799999237060547,3.6500000953674316,12818,0.0,0.0
