Date,Open,High,Low,Close,Volume,Dividends,Stock Splits
2022-01-03 00:00:00-05:00,38.38772192055162,39.324232148855046,38.38772192055162,39.012062072753906,19400,0.0,0.0
2022-01-04 00:00:00-05:00,39.048788011183404,39.204874811354465,38.080142714899104,38.15818786621094,9200,0.0,0.0
2022-01-05 00:00:00-05:00,38.103089489305006,38.3877162379391,37.781739533147025,37.94700622558594,16200,0.0,0.0
2022-01-06 00:00:00-05:00,37.92864429677138,38.83760763691195,37.341027422420055,38.562164306640625,17800,0.0,0.0
2022-01-07 00:00:00-05:00,38.66316859445781,38.722846885277875,38.01128510105959,38.240821838378906,12700,0.0,0.0
2022-01-10 00:00:00-05:00,37.8460148555294,38.516261645966885,37.77256142523099,38.194908142089844,9000,0.0,0.0
2022-01-11 00:00:00-05:00,38.28672113177916,38.72743116249256,37.70828768414508,38.25917434692383,16200,0.0,0.0
2022-01-12 00:00:00-05:00,38.103090294051434,38.369353693321216,37.654117988329475,37.79092025756836,27500,0.0,0.0
2022-01-13 00:00:00-05:00,37.95619900886245,38.00210566065628,37.487945556640625,37.487945556640625,19700,0.0,0.0
2022-01-14 00:00:00-05:00,37.432848079643314,37.598114795421615,37.19412793354029,37.3134880065918,18400,0.0,0.0
2022-01-18 00:00:00-05:00,37.41906999938488,38.35098834597282,36.790138244628906,36.790138244628906,11900,0.0,0.0
2022-01-19 00:00:00-05:00,37.184952409941815,37.515485880644846,37.09313911361441,37.39612579345703,25100,0.0,0.0
2022-01-20 00:00:00-05:00,37.16658079715368,37.61647425514335,37.04997716617072,37.18494415283203,18300,0.0,0.0
2022-01-21 00:00:00-05:00,37.18494813628725,37.515481569002176,36.19793955316693,36.81768798828125,53200,0.0,0.0
2022-01-24 00:00:00-05:00,36.817690983307806,37.230857807811546,35.784775673274765,37.038047790527344,56700,0.0,0.0
2022-01-25 00:00:00-05:00,36.81768278180159,36.81768278180159,35.82608612633328,36.3310661315918,13300,0.0,0.0
2022-01-26 00:00:00-05:00,36.141015356558135,36.94623267903153,35.32111225092969,35.78018569946289,15200,0.0,0.0
2022-01-27 00:00:00-05:00,35.59655500995483,36.101535094202895,35.46801500695922,35.69755172729492,23900,0.0,0.0
2022-01-28 00:00:00-05:00,35.376198938920155,36.23007583618164,35.34865565270284,36.23007583618164,13100,0.0,0.0
2022-01-31 00:00:00-05:00,36.26679922787173,37.01508762194378,36.239255944179554,36.74423599243164,31600,0.0,0.0
2022-02-01 00:00:00-05:00,37.18494238827555,37.85518907769593,36.71209738496508,37.194122314453125,45200,0.0,0.0
2022-02-02 00:00:00-05:00,37.60729791403659,37.60729791403659,36.946234497283235,37.038047790527344,32000,0.0,0.0
2022-02-03 00:00:00-05:00,37.18495133529263,37.2905397752251,36.432071119317484,36.5422477722168,31500,0.0,0.0
2022-02-04 00:00:00-05:00,36.863597396216626,37.584342532737715,36.395340541753185,37.23085403442383,31200,0.0,0.0
2022-02-07 00:00:00-05:00,37.14822132430924,37.18494803950472,36.45961117542952,36.496337890625,11600,0.0,0.0
2022-02-08 00:00:00-05:00,36.3953348506795,36.81768149467971,36.26679487228393,36.725868225097656,9800,0.0,0.0
2022-02-09 00:00:00-05:00,36.71669607488653,37.09313616381721,36.129079116781526,36.23007583618164,29700,0.0,0.0
2022-02-10 00:00:00-05:00,35.85362741678062,36.12907072231285,35.72508744102902,35.82608413696289,13000,0.0,0.0
2022-02-11 00:00:00-05:00,35.67000318267903,35.67000318267903,34.715133134967274,34.88957977294922,15000,0.0,0.0
2022-02-14 00:00:00-05:00,35.0456641199152,35.5598276246705,35.0456641199152,35.4221076965332,8400,0.0,0.0
2022-02-15 00:00:00-05:00,35.57818973831896,36.20252986424563,35.57818973831896,36.07398986816406,9200,0.0,0.0
2022-02-16 00:00:00-05:00,35.68836458226037,36.009718058751695,35.68836458226037,35.954627990722656,6700,0.0,0.0
2022-02-17 00:00:00-05:00,35.58736796234174,35.81690465934522,35.348651338537,35.45882797241211,11900,0.0,0.0
2022-02-18 00:00:00-05:00,35.34865361375837,36.90950395433686,35.34865361375837,36.09235382080078,27800,0.0,0.0
2022-02-22 00:00:00-05:00,36.23007069841098,36.99213419857853,35.55064405008161,35.87199401855469,34000,0.0,0.0
2022-02-23 00:00:00-05:00,36.26680374145508,36.29893874391269,36.19335030586477,36.26680374145508,12400,0.0,0.0
2022-02-24 00:00:00-05:00,35.52309286085287,36.26679291311836,35.20174293222358,35.78935623168945,33700,0.0,0.0
2022-02-25 00:00:00-05:00,35.80772635829509,36.84523325654256,35.80772635829509,36.63405990600586,8100,0.0,0.0
2022-02-28 00:00:00-05:00,36.55752284336341,36.55752284336341,35.51834487915039,35.51834487915039,22400,0.17,0.0
2022-03-01 00:00:00-05:00,35.86873324210955,35.86873324210955,34.255101347212765,34.937435150146484,45800,0.0,0.0
2022-03-02 00:00:00-05:00,35.3800302860634,36.883014095330864,35.3800302860634,36.74470138549805,19300,0.0,0.0
2022-03-03 00:00:00-05:00,36.48652243348794,37.6022327969097,36.48652243348794,36.919898986816406,15400,0.0,0.0
2022-03-04 00:00:00-05:00,36.71704952554677,36.864581478498394,36.54185643061648,36.79081726074219,7500,0.0,0.0
2022-03-07 00:00:00-05:00,36.87380046892565,37.09601818619763,36.43858072418878,36.52341079711914,13400,0.0,0.0
2022-03-08 00:00:00-05:00,36.42198000308777,36.72626658768666,36.19146114230873,36.338993072509766,16400,0.0,0.0
2022-03-09 00:00:00-05:00,36.883022525488414,36.883022525488414,36.18224664517735,36.34821701049805,8800,0.0,0.0
2022-03-10 00:00:00-05:00,36.42198279201657,36.606398598248745,36.182244706122,36.22834777832031,20400,0.0,0.0
2022-03-11 00:00:00-05:00,36.532633927855336,36.689388607382234,36.1453638680346,36.62484359741211,25400,0.0,0.0
2022-03-14 00:00:00-04:00,36.75393135294655,36.883021364933576,35.82263309371613,36.136138916015625,19100,0.0,0.0
2022-03-15 00:00:00-04:00,36.29288778165034,36.80924774701823,35.9609400796633,36.016265869140625,54300,0.0,0.0
2022-03-16 00:00:00-04:00,36.42197562012337,37.15041597671102,36.34820790518061,37.039764404296875,29200,0.0,0.0
2022-03-17 00:00:00-04:00,36.83691868015764,38.91620001641455,36.83691868015764,38.358341217041016,32700,0.0,0.0
2022-03-18 00:00:00-04:00,38.358341217041016,38.358341217041016,37.445488398398794,38.358341217041016,41300,0.0,0.0
2022-03-21 00:00:00-04:00,38.35833390867958,38.35833390867958,37.24723491910898,37.4547004699707,15000,0.0,0.0
2022-03-22 00:00:00-04:00,37.82353292917066,37.82353292917066,37.34405330416043,37.52846908569336,7800,0.0,0.0
2022-03-23 00:00:00-04:00,37.36250102309014,37.390162163502495,37.076656341552734,37.076656341552734,14400,0.0,0.0
2022-03-24 00:00:00-04:00,37.4270389693453,37.78664779663086,37.3440520463226,37.78664779663086,27300,0.0,0.0
2022-03-25 00:00:00-04:00,37.344057364457775,38.256913647706504,37.344057364457775,37.66678237915039,30300,0.0,0.0
2022-03-28 00:00:00-04:00,37.63912251984558,38.34912109375,37.25185248904624,38.34912109375,27100,0.0,0.0
2022-03-29 00:00:00-04:00,38.46899065123727,38.62574179650424,37.99873018055864,38.40444564819336,16400,0.0,0.0
2022-03-30 00:00:00-04:00,38.29379057067535,38.29379057067535,37.380937886472886,37.70366287231445,18700,0.0,0.0
2022-03-31 00:00:00-04:00,37.814313822633835,38.515093156004376,37.58379495302699,38.26613235473633,92500,0.0,0.0
2022-04-01 00:00:00-04:00,38.72716990831058,39.57547765602676,38.404444899383506,39.372623443603516,44600,0.0,0.0
2022-04-04 00:00:00-04:00,39.815218347916364,40.294698005641045,38.957687895102445,39.29885482788086,27100,0.0,0.0
2022-04-05 00:00:00-04:00,39.381841485497866,40.354631363189284,38.64418183160451,39.73223114013672,42300,0.0,0.0
2022-04-06 00:00:00-04:00,39.45561171370395,40.770490174187174,38.823988726331756,39.049896240234375,35900,0.0,0.0
2022-04-07 00:00:00-04:00,39.25274941139783,39.35417826796782,38.828595572503794,38.874698638916016,16700,0.0,0.0
2022-04-08 00:00:00-04:00,39.086782453804446,39.43717215174015,38.57042239099301,38.902366638183594,25300,0.0,0.0
2022-04-11 00:00:00-04:00,38.7271666257504,38.98534661100842,38.38784285193765,38.57041549682617,22200,0.0,0.0
2022-04-12 00:00:00-04:00,38.386005707021624,38.91619984589809,37.39938516082395,37.583797454833984,38400,0.0,0.0
2022-04-13 00:00:00-04:00,37.75899186569149,38.34911961410544,37.620679135777486,38.20158767700195,45600,0.0,0.0
2022-04-14 00:00:00-04:00,38.25692033768007,38.36756843100384,37.67601169221124,38.22925567626953,23900,0.0,0.0
2022-04-18 00:00:00-04:00,38.26613079472247,38.584247947391496,38.16470193344025,38.38600158691406,11500,0.0,0.0
2022-04-19 00:00:00-04:00,38.4966555294113,39.119055843464835,38.36295414799489,38.97613525390625,23100,0.0,0.0
2022-04-20 00:00:00-04:00,39.05911952390007,39.649247292911305,38.88392292423558,39.188209533691406,16700,0.0,0.0
2022-04-21 00:00:00-04:00,39.280414074354276,39.64924567364275,38.902363267931044,38.939247131347656,23600,0.0,0.0
2022-04-22 00:00:00-04:00,38.3666389240714,38.754830498250605,38.3666389240714,38.66262435913086,17300,0.0,0.0
2022-04-25 00:00:00-04:00,38.32145871321706,38.71795145616616,37.88070603711802,38.40444564819336,42600,0.0,0.0
2022-04-26 00:00:00-04:00,38.385997482708056,38.385997482708056,37.33483215533434,37.344051361083984,32700,0.0,0.0
2022-04-27 00:00:00-04:00,37.52847180925911,37.72210681107411,37.325614083106984,37.62067794799805,23400,0.0,0.0
2022-04-28 00:00:00-04:00,37.768211482962066,38.08171729239083,37.699055117254176,37.8696403503418,16600,0.0,0.0
2022-04-29 00:00:00-04:00,37.88807961685564,38.06788404458323,36.9014591866545,36.9383430480957,20200,0.0,0.0
2022-05-02 00:00:00-04:00,37.04899511709733,37.8050967711247,37.04899511709733,37.712890625,39000,0.0,0.0
2022-05-03 00:00:00-04:00,37.371716434398564,37.371716434398564,36.24678679015583,36.87379837036133,49300,0.0,0.0
2022-05-04 00:00:00-04:00,36.71704545606872,37.48697764028074,36.49574930988791,37.15964126586914,21700,0.0,0.0
2022-05-05 00:00:00-04:00,36.89224004177638,36.92912390679597,36.39432193376774,36.73548889160156,60600,0.0,0.0
2022-05-06 00:00:00-04:00,36.50497010779278,36.71151412454561,36.28367043452976,36.46808624267578,54900,0.0,0.0
2022-05-09 00:00:00-04:00,36.27444883994684,36.43119998022069,35.99782690465028,36.31133270263672,56400,0.0,0.0
2022-05-10 00:00:00-04:00,36.357435077815104,36.864575869078344,35.1034119098225,35.49990463256836,65500,0.0,0.0
2022-05-11 00:00:00-04:00,35.54600534166413,35.93327883192443,34.81756494428383,35.075748443603516,29800,0.0,0.0
2022-05-12 00:00:00-04:00,34.78068678735863,35.19561792218289,34.172117136519226,34.82678985595703,37400,0.0,0.0
2022-05-13 00:00:00-04:00,35.038870178257476,35.264777698471214,34.73919492719247,34.78990936279297,50300,0.0,0.0
2022-05-16 00:00:00-04:00,34.808353756676986,34.928224569066415,34.44874483694795,34.74380874633789,33600,0.0,0.0
2022-05-17 00:00:00-04:00,35.121847404333046,35.121847404333046,34.65159056123513,34.872886657714844,33500,0.0,0.0
2022-05-18 00:00:00-04:00,34.66081228762133,35.01120190287998,34.218216545028554,34.2919807434082,26200,0.0,0.0
2022-05-19 00:00:00-04:00,34.34731183328332,34.68387093314831,34.1628960327041,34.439517974853516,46200,0.0,0.0
2022-05-20 00:00:00-04:00,34.577834311012595,34.66082125405659,33.9508226341111,34.60549545288086,49000,0.0,0.0
2022-05-23 00:00:00-04:00,34.76224413516404,35.22328184645948,34.62393141479997,34.65159606933594,19400,0.0,0.0
2022-05-24 00:00:00-04:00,34.63315706461784,35.343155622086485,33.82172963930527,34.57783126831055,50700,0.0,0.0
2022-05-25 00:00:00-04:00,34.68848070563652,35.14029926629094,34.53172955276886,34.62393569946289,20700,0.0,0.0
2022-05-26 00:00:00-04:00,34.88211481332264,35.28782673168601,34.88211481332264,35.12185287475586,30800,0.0,0.0
2022-05-27 00:00:00-04:00,35.4999032460521,35.4999032460521,34.82678861958321,34.88211441040039,12700,0.0,0.0
2022-05-31 00:00:00-04:00,34.891379279532,35.22482548200606,34.16891486304963,34.57646179199219,33800,0.17,0.0
2022-06-01 00:00:00-04:00,34.51161865318573,34.51161865318573,33.678006758493545,33.81694030761719,33100,0.0,0.0
2022-06-02 00:00:00-04:00,33.66874017400605,34.085547860430005,33.66874017400605,33.9280891418457,25300,0.0,0.0
2022-06-03 00:00:00-04:00,33.92809673151794,33.92809673151794,32.39980271719149,33.18710708618164,56200,0.0,0.0
2022-06-06 00:00:00-04:00,33.25193937832261,33.64558974784651,33.048165925870144,33.28898620605469,26000,0.0,0.0
2022-06-07 00:00:00-04:00,33.4371784223023,33.4371784223023,32.79807570297805,33.0203742980957,32200,0.0,0.0
2022-06-08 00:00:00-04:00,32.76103051898078,33.02964033325926,32.09414169500399,32.4183235168457,34700,0.0,0.0
2022-06-09 00:00:00-04:00,32.334962434509166,32.34422325812983,32.103402977506576,32.14045333862305,20300,0.0,0.0
2022-06-10 00:00:00-04:00,31.769954673384937,31.79774420902574,31.121587530394088,31.195688247680664,19100,0.0,0.0
2022-06-13 00:00:00-04:00,30.96412667288405,30.96412667288405,29.546982352261466,29.639606475830078,40500,0.0,0.0
2022-06-14 00:00:00-04:00,29.797068837172915,29.797068837172915,28.917143972191077,29.371000289916992,45800,0.0,0.0
2022-06-15 00:00:00-04:00,29.352476876262095,29.7414968295498,28.898620558536184,29.371000289916992,78100,0.0,0.0
2022-06-16 00:00:00-04:00,28.824521650753535,28.926406609325436,28.305827201088597,28.89862060546875,54500,0.0,0.0
2022-06-17 00:00:00-04:00,28.88009391215731,29.204277484549984,28.87083132247085,28.991241455078125,40600,0.0,0.0
2022-06-21 00:00:00-04:00,29.102387057724698,29.695180355542266,28.815253880651603,29.667390823364258,47700,0.0,0.0
2022-06-22 00:00:00-04:00,29.315423105918306,29.98231361970523,29.20427557028293,29.80632972717285,28800,0.0,0.0
2022-06-23 00:00:00-04:00,29.787804476456387,30.121250615866746,29.21353808820324,29.602556228637695,18600,0.0,0.0
2022-06-24 00:00:00-04:00,30.01010678275691,30.408389328041242,29.380263015803106,30.111989974975586,60200,0.0,0.0
2022-06-27 00:00:00-04:00,30.343547221673678,30.362072400724376,29.834117164387575,29.982315063476562,28400,0.0,0.0
2022-06-28 00:00:00-04:00,30.01010300711205,31.519867919848608,29.732228869405333,29.741493225097656,28600,0.0,0.0
2022-06-29 00:00:00-04:00,29.7137077298285,29.732229374895166,29.11165179898339,29.32468605041504,34000,0.0,0.0
2022-06-30 00:00:00-04:00,29.222803313421704,29.222803313421704,28.565175291235196,28.81525993347168,106200,0.0,0.0
2022-07-01 00:00:00-04:00,28.768943690597116,29.88042791786273,28.750420278469736,29.787805557250977,71300,0.0,0.0
2022-07-05 00:00:00-04:00,29.417311672339352,29.769281246235415,28.815257477521737,29.704444885253906,25300,0.0,0.0
2022-07-06 00:00:00-04:00,30.130511170828967,30.158300704410802,29.000501815807844,29.167224884033203,26000,0.0,0.0
2022-07-07 00:00:00-04:00,29.204275924240964,29.940634981718393,29.13943779989989,29.32468605041504,20100,0.0,0.0
2022-07-08 00:00:00-04:00,29.176488337868957,29.630344611125704,28.898617727028746,29.083864212036133,21800,0.0,0.0
2022-07-11 00:00:00-04:00,29.074602203463996,29.074602203463996,28.713370048825556,28.870830535888672,15900,0.0,0.0
2022-07-12 00:00:00-04:00,28.833784226237142,29.204280788983404,28.722636670740098,28.73189926147461,6800,0.0,0.0
2022-07-13 00:00:00-04:00,28.537386837360735,28.95975247192306,28.333615152259252,28.555912017822266,14000,0.0,0.0
2022-07-14 00:00:00-04:00,28.30582222350335,28.30582222350335,27.963115280707488,28.240985870361328,17000,0.0,0.0
2022-07-15 00:00:00-04:00,28.602224040853432,29.04681955167218,28.416977530782578,28.981983184814453,15300,0.0,0.0
2022-07-18 00:00:00-04:00,29.2598496941657,29.72296855381801,28.84767419174046,28.91714096069336,12800,0.0,0.0
2022-07-19 00:00:00-04:00,29.259851567937034,29.954529901902,29.259851567937034,29.797067642211914,10500,0.0,0.0
2022-07-20 00:00:00-04:00,29.977683839398757,30.55658238498696,29.861904130281115,30.232397079467773,13500,0.0,0.0
2022-07-21 00:00:00-04:00,30.15830345684108,30.51953562652546,30.1119887410832,30.204614639282227,17000,0.0,0.0
2022-07-22 00:00:00-04:00,31.033596033173254,31.033596033173254,28.71336953765657,29.69518280029297,20300,0.0,0.0
2022-07-25 00:00:00-04:00,29.871168360493535,30.348180251152137,29.62108373626814,29.797067642211914,12700,0.0,0.0
2022-07-26 00:00:00-04:00,29.621082559197916,30.232399327462165,29.426573481413058,29.648868560791016,21900,0.0,0.0
2022-07-27 00:00:00-04:00,29.722967986240597,30.5936301537672,29.584032684329603,30.35280990600586,19900,0.0,0.0
2022-07-28 00:00:00-04:00,30.149039128124826,30.848349643575325,29.611821284684336,30.306501388549805,46400,0.0,0.0
2022-07-29 00:00:00-04:00,30.510269308591244,31.316098671192034,29.908216908927827,30.102725982666016,27100,0.0,0.0
2022-08-01 00:00:00-04:00,29.78780723965653,30.17682894949417,29.2783771608863,29.861907958984375,16300,0.0,0.0
2022-08-02 00:00:00-04:00,29.537721335419807,30.13051293115783,29.11165281764768,29.880428314208984,13000,0.0,0.0
2022-08-03 00:00:00-04:00,30.954862991414178,30.954862991414178,29.63960712139423,30.102725982666016,210500,0.0,0.0
2022-08-04 00:00:00-04:00,30.31575487236274,31.084533742078143,29.954522789798975,30.94559669494629,29900,0.0,0.0
2022-08-05 00:00:00-04:00,30.79740776623229,31.742170774337296,30.667735035705174,31.36241340637207,20200,0.0,0.0
2022-08-08 00:00:00-04:00,31.408719305433134,31.73290107719561,30.473220811692624,30.843713760375977,31300,0.0,0.0
2022-08-09 00:00:00-04:00,30.806663557264738,31.302200572723404,30.019362945782632,30.19534683227539,29100,0.0,0.0
2022-08-10 00:00:00-04:00,30.621417658769353,31.890362236587897,30.463955422601863,31.714378356933594,49200,0.0,0.0
2022-08-11 00:00:00-04:00,31.76995373785648,32.23307260731012,31.50134394557739,31.992252349853516,41800,0.0,0.0
2022-08-12 00:00:00-04:00,31.584708486082683,33.60390723152553,31.30683784465742,33.390872955322266,119200,0.0,0.0
2022-08-15 00:00:00-04:00,33.38160868550811,34.53940584968375,32.529468135350236,32.90922546386719,35700,0.0,0.0
2022-08-16 00:00:00-04:00,32.807342256068985,32.89996815909714,32.20899270244308,32.677669525146484,27300,0.0,0.0
2022-08-17 00:00:00-04:00,32.33496018079539,32.52020844014923,32.26086299704386,32.38127136230469,10000,0.0,0.0
2022-08-18 00:00:00-04:00,32.7425068768079,32.7425068768079,31.982992115685132,32.32570266723633,21800,0.0,0.0
2022-08-19 00:00:00-04:00,32.10339711360555,32.40905723701022,31.705114637644712,32.07561111450195,45000,0.0,0.0
2022-08-22 00:00:00-04:00,31.86257884145936,31.86257884145936,31.353145271042425,31.464296340942383,11600,0.0,0.0
2022-08-23 00:00:00-04:00,31.311466127926263,31.353145128962513,31.05674934387207,31.05674934387207,7400,0.0,0.0
2022-08-24 00:00:00-04:00,30.769622447891916,31.17716582910615,30.66773571925911,31.01044273376465,19600,0.0,0.0
2022-08-25 00:00:00-04:00,31.186425794550136,32.18213216062346,31.186425794550136,31.871843338012695,19300,0.0,0.0
2022-08-26 00:00:00-04:00,31.908887389529355,32.073755456315325,31.001174926757812,31.001174926757812,11900,0.0,0.0
2022-08-29 00:00:00-04:00,31.056752185665925,31.769955712961643,30.40838855477599,30.60289764404297,12900,0.0,0.0
2022-08-30 00:00:00-04:00,30.73257325115228,30.73257325115228,30.056420020328293,30.278715133666992,22100,0.0,0.0
2022-08-31 00:00:00-04:00,30.148361799499362,30.17163666101892,29.775928497314453,29.775928497314453,18900,0.17,0.0
2022-09-01 00:00:00-04:00,29.785238881758524,29.869037971294,29.24521273600708,29.738685607910156,17700,0.0,0.0
2022-09-02 00:00:00-04:00,29.8690396862832,29.990077494881152,28.97520221474592,29.189350128173828,16800,0.0,0.0
2022-09-06 00:00:00-04:00,29.04968984768539,29.422121404523665,28.96589252541006,29.29176902770996,14600,0.0,0.0
2022-09-07 00:00:00-04:00,29.31039113399786,29.841106326008642,29.05899916644736,29.72937774658203,13000,0.0,0.0
2022-09-08 00:00:00-04:00,29.571092652741633,29.850417639307125,29.226592368745628,29.626956939697266,15900,0.0,0.0
2022-09-09 00:00:00-04:00,29.51056964524463,29.51056964524463,29.133483518166003,29.37556266784668,9700,0.0,0.0
2022-09-12 00:00:00-04:00,30.111116358977565,30.111116358977565,29.46867089606055,29.701440811157227,8200,0.0,0.0
2022-09-13 00:00:00-04:00,29.20797110565473,29.66419994766029,28.723809233198125,28.900714874267578,47000,0.0,0.0
2022-09-14 00:00:00-04:00,28.723808620344176,29.54315796126367,28.723808620344176,29.38487434387207,31000,0.0,0.0
2022-09-15 00:00:00-04:00,29.42212135799844,29.747999635676774,29.38487731442663,29.645580291748047,45000,0.0,0.0
2022-09-16 00:00:00-04:00,29.46867336022223,29.98542467498392,28.891404917011826,29.68282127380371,40400,0.0,0.0
2022-09-19 00:00:00-04:00,29.505916208965424,29.803859653117836,29.23590224336523,29.664199829101562,19100,0.0,0.0
2022-09-20 00:00:00-04:00,29.571095652570598,29.580406663990033,28.98451436440311,29.06831169128418,20400,0.0,0.0
2022-09-21 00:00:00-04:00,29.450051020533014,29.450051020533014,28.546904323532612,28.612079620361328,18100,0.0,0.0
2022-09-22 00:00:00-04:00,28.090677968857495,28.155853271484375,28.053433923988536,28.155853271484375,6300,0.0,0.0
2022-09-23 00:00:00-04:00,28.053432773394515,28.07671118842977,27.606514908659854,27.78342056274414,20800,0.0,0.0
2022-09-26 00:00:00-04:00,27.58789501283073,27.77411169209968,26.796478565672373,27.01993751525879,28900,0.0,0.0
2022-09-27 00:00:00-04:00,27.075800082661374,27.224772706222318,26.154031308417863,26.256450653076172,23400,0.0,0.0
2022-09-28 00:00:00-04:00,25.809527866376015,26.861648890149066,25.735041563657937,26.64750099182129,56700,0.0,0.0
2022-09-29 00:00:00-04:00,26.647506836045945,27.44357970391694,26.116789814904692,26.349559783935547,30300,0.0,0.0
2022-09-30 00:00:00-04:00,26.38680003940501,26.51715063504376,25.781598562076095,25.911949157714844,118200,0.0,0.0
2022-10-03 00:00:00-04:00,26.200582175267606,26.396109835624465,25.884014935370665,25.977123260498047,24600,0.0,0.0
2022-10-04 00:00:00-04:00,26.20989173464945,26.619567276998186,25.61400132824656,25.846771240234375,38300,0.0,0.0
2022-10-05 00:00:00-04:00,25.697802387269306,25.88401727848733,25.530207742047452,25.790910720825195,16700,0.0,0.0
2022-10-06 00:00:00-04:00,25.72573310970818,26.492011713209656,25.371923580619384,25.455720901489258,12000,0.0,0.0
2022-10-07 00:00:00-04:00,25.418475010008404,25.418475010008404,24.859828612693253,25.073976516723633,19000,0.0,0.0
2022-10-10 00:00:00-04:00,25.07397814715418,25.17639748873876,24.48739690557992,24.496707916259766,14700,0.0,0.0
2022-10-11 00:00:00-04:00,24.254626027826603,24.748098919403112,23.844952229126413,24.236005783081055,36700,0.0,0.0
2022-10-12 00:00:00-04:00,24.198762852899527,24.668959128213146,24.18945184215242,24.552574157714844,8100,0.0,0.0
2022-10-13 00:00:00-04:00,24.20807224940496,25.779734530483804,24.20807224940496,25.157773971557617,30000,0.0,0.0
2022-10-14 00:00:00-04:00,25.241571933036585,25.241571933036585,24.738788028709248,24.757410049438477,14900,0.0,0.0
2022-10-17 00:00:00-04:00,24.63637049309101,25.36261337162311,24.63637049309101,25.1391544342041,18400,0.0,0.0
2022-10-18 00:00:00-04:00,25.362609265166125,25.362609265166125,24.585158615599465,24.589813232421875,9500,0.0,0.0
2022-10-19 00:00:00-04:00,24.43153234293028,24.43153234293028,24.003236511831147,24.245317459106445,12300,0.0,0.0
2022-10-20 00:00:00-04:00,24.068410560030838,24.068410560030838,23.165262115965458,23.491140365600586,22000,0.0,0.0
2022-10-21 00:00:00-04:00,23.56562708702019,23.74253273010254,23.128020260336083,23.74253273010254,17900,0.0,0.0
2022-10-24 00:00:00-04:00,23.775122111073763,23.858919433594963,23.27699456936094,23.602872848510742,15200,0.0,0.0
2022-10-25 00:00:00-04:00,23.7704649525654,23.900815539933756,23.4818289721161,23.649423599243164,18100,0.0,0.0
2022-10-26 00:00:00-04:00,23.742532703304455,23.835641029868686,23.332857131958008,23.332857131958008,17400,0.0,0.0
2022-10-27 00:00:00-04:00,23.593557866392892,23.61217988512849,23.01628771684353,23.165260314941406,23600,0.0,0.0
2022-10-28 00:00:00-04:00,23.081469232270763,23.80771034403583,22.913874583126887,23.584251403808594,24000,0.0,0.0
2022-10-31 00:00:00-04:00,22.96042902831427,24.04979252714205,22.96042902831427,23.053537368774414,20900,0.0,0.0
2022-11-01 00:00:00-04:00,23.23974699745177,23.458551281471735,22.923181553190464,23.360788345336914,39600,0.0,0.0
2022-11-02 00:00:00-04:00,23.416654399459947,24.673612365722654,23.276992797851562,23.276992797851562,63500,0.0,0.0
2022-11-03 00:00:00-04:00,23.23974900889509,23.323546325947316,23.034912109375,23.034912109375,16800,0.0,0.0
2022-11-04 00:00:00-04:00,23.32354607308982,23.37010112422169,23.067499507492176,23.276992797851562,38200,0.0,0.0
2022-11-07 00:00:00-05:00,23.276994119613992,23.276994119613992,22.411089654221357,22.47626495361328,40000,0.0,0.0
2022-11-08 00:00:00-05:00,22.532130255950126,22.820764476019477,22.355224609375,22.355224609375,17400,0.0,0.0
2022-11-09 00:00:00-05:00,22.327291003075405,22.56937194060363,22.15969637125636,22.37384605407715,18200,0.0,0.0
2022-11-10 00:00:00-05:00,22.858009676218717,23.276996320342434,22.764903111652455,23.053537368774414,22500,0.0,0.0
2022-11-11 00:00:00-05:00,23.286300108685456,23.342164385275176,22.755585041349796,23.006975173950195,12300,0.0,0.0
2022-11-14 00:00:00-05:00,23.1838850037162,23.1838850037162,22.34591359893487,22.355224609375,16300,0.0,0.0
2022-11-15 00:00:00-05:00,22.6438603972573,23.04422499443493,22.415746841307854,22.569374084472656,15500,0.0,0.0
2022-11-16 00:00:00-05:00,22.606616653877232,23.27699342520131,22.299360411700324,22.38315773010254,57200,0.0,0.0
2022-11-17 00:00:00-05:00,22.252808209808798,23.118712760288155,22.252808209808798,23.081470489501953,17300,0.0,0.0
2022-11-18 00:00:00-05:00,23.38872159253932,23.691321413293927,22.578681515537216,22.681100845336914,21400,0.0,0.0
2022-11-21 00:00:00-05:00,22.86731844175112,23.276994033999753,22.2900499842084,22.858007431030273,14500,0.0,0.0
2022-11-22 00:00:00-05:00,22.8514912542401,23.565629658183052,22.825421133035505,23.34217071533203,13600,0.0,0.0
2022-11-23 00:00:00-05:00,23.38685961566188,23.38685961566188,22.625235692625143,22.88593864440918,12600,0.0,0.0
2022-11-25 00:00:00-05:00,23.044222560211157,23.379411820281998,22.699722290039062,22.699722290039062,5500,0.0,0.0
2022-11-28 00:00:00-05:00,22.6811046305388,22.6811046305388,22.029348056323446,22.215564727783203,18600,0.0,0.0
2022-11-29 00:00:00-05:00,22.159696044472188,22.36453471407192,22.029345455376784,22.150386810302734,12200,0.0,0.0
2022-11-30 00:00:00-05:00,22.094121163896524,22.534879404676847,21.67212076218129,22.394210815429688,28300,0.17,0.0
2022-12-01 00:00:00-05:00,22.225410325652412,22.431721500895552,21.869052545434357,22.17852020263672,26700,0.0,0.0
2022-12-02 00:00:00-05:00,21.859673754879495,22.534877193244267,21.85029573060496,22.38483238220215,25300,0.0,0.0
2022-12-05 00:00:00-05:00,22.347322236290687,22.506745085526852,21.653364477461324,21.84092140197754,12600,0.0,0.0
2022-12-06 00:00:00-05:00,21.93000697037825,22.019095513617696,21.58865441591083,21.90656280517578,27300,0.0,0.0
2022-12-07 00:00:00-05:00,22.028475543263962,22.271361552792207,21.587719115828396,21.68149757385254,16300,0.0,0.0
2022-12-08 00:00:00-05:00,21.81278635871229,21.850296668745703,21.475184625035002,21.72838592529297,20400,0.0,0.0
2022-12-09 00:00:00-05:00,21.493940929029147,21.756520257075085,21.428296544186495,21.643985748291016,11900,0.0,0.0
2022-12-12 00:00:00-05:00,21.54082899247867,21.831542391221042,21.390784175110163,21.68149757385254,19100,0.0,0.0
2022-12-13 00:00:00-05:00,22.131632889782267,22.131632889782267,21.38140698498222,21.794031143188477,77300,0.0,0.0
2022-12-14 00:00:00-05:00,21.756521724919992,21.944076867313424,21.315763473510742,21.315763473510742,13300,0.0,0.0
2022-12-15 00:00:00-05:00,21.315760824162325,21.353272921183883,20.434248008258482,20.528024673461914,41700,0.0,0.0
2022-12-16 00:00:00-05:00,20.26544743714161,20.89376076178408,20.256069412752883,20.66869354248047,81500,0.0,0.0
2022-12-19 00:00:00-05:00,20.49051336603753,20.846869326990944,20.302956467425112,20.368600845336914,43600,0.0,0.0
2022-12-20 00:00:00-05:00,20.415495196230097,20.706206839532964,20.37798309326172,20.37798309326172,14700,0.0,0.0
2022-12-21 00:00:00-05:00,20.462383442020396,21.05318654032265,20.293582556791183,20.87500762939453,27700,0.0,0.0
2022-12-22 00:00:00-05:00,20.846872869378384,20.9969176982945,20.537405186154462,20.903141021728516,20200,0.0,0.0
2022-12-23 00:00:00-05:00,21.00629365192684,21.081316058985763,20.762470381816517,20.80936050415039,6500,0.0,0.0
2022-12-27 00:00:00-05:00,20.978164519623963,21.11883133041326,20.574918350332574,20.612428665161133,13200,0.0,0.0
2022-12-28 00:00:00-05:00,20.724963426142747,20.724963426142747,20.04038362737341,20.162294387817383,48000,0.0,0.0
2022-12-29 00:00:00-05:00,20.3310951913951,20.781229704663673,20.3310951913951,20.753095626831055,11700,0.0,0.0
2022-12-30 00:00:00-05:00,20.603050361973654,20.758722369804403,20.406117187254413,20.649940490722656,11500,0.0,0.0
2023-01-03 00:00:00-05:00,20.415493545022546,20.415493545022546,20.021625439088258,20.293581008911133,15800,0.0,0.0
2023-01-04 00:00:00-05:00,20.368603310553183,20.678070978646,20.016935424598827,20.471759796142578,13400,0.0,0.0
2023-01-05 00:00:00-05:00,20.443625074524878,20.753092732826413,20.34047038087457,20.593669891357422,12200,0.0,0.0
2023-01-06 00:00:00-05:00,20.77184733659106,21.456426989334208,20.77184733659106,21.372028350830078,14400,0.0,0.0
2023-01-09 00:00:00-05:00,21.522074427004938,21.93469677458685,21.33451751361295,21.493940353393555,17500,0.0,0.0
2023-01-10 00:00:00-05:00,21.40953992123469,21.831542082029017,21.33451751361295,21.493940353393555,12500,0.0,0.0
2023-01-11 00:00:00-05:00,21.437673353757173,21.972208215661315,21.343894899865603,21.6158504486084,10800,0.0,0.0
2023-01-12 00:00:00-05:00,21.645862421430238,21.93469771944437,21.090695150174806,21.334518432617188,21000,0.0,0.0
2023-01-13 00:00:00-05:00,21.0625593605007,21.26887231505668,20.856248194619937,20.931270599365234,20400,0.0,0.0
2023-01-17 00:00:00-05:00,20.72495968393217,21.071937639318964,20.53271465765699,20.84687042236328,27500,0.0,0.0
2023-01-18 00:00:00-05:00,20.631184866907482,20.893764227318595,20.312339139506687,20.753095626831055,26500,0.0,0.0
2023-01-19 00:00:00-05:00,20.546782452671092,20.654627057679203,20.209180705741094,20.340471267700195,20900,0.0,0.0
2023-01-20 00:00:00-05:00,20.453002327256748,20.518646708559125,20.06851227504975,20.25606918334961,24400,0.0,0.0
2023-01-23 00:00:00-05:00,20.312338548286256,20.352662448864656,19.955982516156453,20.237316131591797,25800,0.0,0.0
2023-01-24 00:00:00-05:00,19.88095474243164,20.15291025891586,19.796554322808085,19.88095474243164,24300,0.0,0.0
2023-01-25 00:00:00-05:00,19.83219252121989,19.843445077164468,19.515221381665217,19.759044647216797,18500,0.0,0.0
2023-01-26 00:00:00-05:00,19.868764880537483,19.993489200840962,19.35579788035745,19.78717803955078,33000,0.0,0.0
2023-01-27 00:00:00-05:00,19.91846697068784,20.443623796778944,19.604311214040766,20.424869537353516,29400,0.0,0.0
2023-01-30 00:00:00-05:00,20.35922460783755,20.837493131454398,20.19511364865911,20.499893188476562,36100,0.0,0.0
2023-01-31 00:00:00-05:00,20.612426905960948,20.90314031727972,20.603048880885307,20.706205368041992,21600,0.0,0.0
2023-02-01 00:00:00-05:00,20.659315529681155,21.390783545659414,20.518646952446634,21.25949478149414,24100,0.0,0.0
2023-02-02 00:00:00-05:00,21.33451851614615,22.563011169433594,21.33451851614615,22.563011169433594,31200,0.0,0.0
2023-02-03 00:00:00-05:00,22.36607659932838,22.975633875012015,22.36607659932838,22.891233444213867,32000,0.0,0.0
2023-02-06 00:00:00-05:00,22.94750182866068,22.975635904303388,22.53487945128684,22.713056564331055,37200,0.0,0.0
2023-02-07 00:00:00-05:00,22.563013242357332,23.003771513431275,22.516124901835887,22.975637435913086,42900,0.0,0.0
2023-02-08 00:00:00-05:00,22.788076130148312,22.844344274403387,22.633343205134842,22.82558822631836,24000,0.0,0.0
2023-02-09 00:00:00-05:00,23.086291307217678,23.086291307217678,22.380142013150113,22.647409439086914,40900,0.0,0.0
2023-02-10 00:00:00-05:00,22.394210133036456,22.61927915350347,22.14101061519294,22.422344207763672,14300,0.0,0.0
2023-02-13 00:00:00-05:00,22.553631143748866,22.928744954883946,22.37076414459188,22.741188049316406,34500,0.0,0.0
2023-02-14 00:00:00-05:00,22.64741160555853,22.73181204168347,22.497366783264283,22.563011169433594,11500,0.0,0.0
2023-02-15 00:00:00-05:00,22.534878369419296,22.75056757296552,22.45985595998255,22.7318115234375,23200,0.0,0.0
2023-02-16 00:00:00-05:00,22.731811250393562,22.928746190721608,22.52550007408946,22.769323348999023,13700,0.0,0.0
2023-02-17 00:00:00-05:00,22.797459316273613,22.872481736926023,22.506747659829976,22.675548553466797,13900,0.0,0.0
2023-02-21 00:00:00-05:00,22.73181485836976,24.504220659260504,22.520813741912388,24.17599868774414,170200,0.0,0.0
2023-02-22 00:00:00-05:00,24.072836918245045,24.67301615038346,24.00250263193342,24.23225975036621,52600,0.0,0.0
2023-02-23 00:00:00-05:00,24.335416067314767,24.39168242279056,23.960302261008994,24.13848114013672,41200,0.0,0.0
2023-02-24 00:00:00-05:00,23.838393946303146,23.88528228251426,23.13505817108414,23.378881454467773,18900,0.0,0.0
2023-02-27 00:00:00-05:00,23.810259566043907,25.757093167216823,23.810259566043907,25.41386604309082,99200,0.0,0.0
2023-02-28 00:00:00-05:00,25.75359535217285,25.942334429673323,25.47992125984252,25.75359535217285,42300,0.17,0.0
2023-03-01 00:00:00-05:00,25.68753883791475,25.68753883791475,24.545661568983906,25.20625114440918,50300,0.0,0.0
2023-03-02 00:00:00-05:00,25.347808742292965,25.39499307101494,24.97976413838785,25.121320724487305,21400,0.0,0.0
2023-03-03 00:00:00-05:00,25.102444957731546,25.128868468426035,23.951128677585935,24.02662467956543,65700,0.0,0.0
2023-03-06 00:00:00-05:00,24.215366263983924,24.5654795904768,23.790700115953918,23.9322566986084,86800,0.0,0.0
2023-03-07 00:00:00-05:00,23.81900922425064,24.262547975506585,23.752950452783423,23.913379669189453,53100,0.0,0.0
2023-03-08 00:00:00-05:00,24.281427149614984,24.59284841853859,23.601963053772625,24.32861328125,56000,0.0,0.0
2023-03-09 00:00:00-05:00,24.253112994156545,24.555096983505646,23.366033675468643,23.59252166748047,89800,0.0,0.0
2023-03-10 00:00:00-05:00,23.479276834034426,23.479276834034426,21.45975754990788,22.148658752441406,95900,0.0,0.0
2023-03-13 00:00:00-04:00,21.978797079583703,21.978797079583703,19.277923487551117,20.223512649536133,110200,0.0,0.0
2023-03-14 00:00:00-04:00,21.837236872372422,22.648820171161663,20.29900529439962,20.459434509277344,119100,0.0,0.0
2023-03-15 00:00:00-04:00,19.86490265077471,21.657935748916447,19.86490265077471,21.204957962036133,137900,0.0,0.0
2023-03-16 00:00:00-04:00,21.120027261450204,22.01654391757471,20.718955062638432,21.723997116088867,88300,0.0,0.0
2023-03-17 00:00:00-04:00,21.516378771724803,21.516378771724803,19.94039827204377,19.96870994567871,98600,0.0,0.0
2023-03-20 00:00:00-04:00,20.1197014743428,20.313160073135847,19.70447260377486,19.789405822753906,102600,0.0,0.0
2023-03-21 00:00:00-04:00,20.157453754481462,22.025981285664262,20.157453754481462,21.4503231048584,73900,0.0,0.0
2023-03-22 00:00:00-04:00,21.469196233187237,21.601313787863667,20.55380697584814,20.629302978515625,42600,0.0,0.0
2023-03-23 00:00:00-04:00,20.761419387090776,21.591875370589108,19.69503818328459,19.817718505859375,24600,0.0,0.0
2023-03-24 00:00:00-04:00,19.798844504603252,20.195198955694863,19.468548828699138,20.05364418029785,31200,0.0,0.0
2023-03-27 00:00:00-04:00,20.374504564955913,20.41225166865999,18.87401984340766,20.110267639160156,29100,0.0,0.0
2023-03-28 00:00:00-04:00,20.166888415754194,20.695360399798677,20.110265067488786,20.478309631347656,24900,0.0,0.0
2023-03-29 00:00:00-04:00,20.50662118275864,20.780295321858986,20.40753301513957,20.63874053955078,15700,0.0,0.0
2023-03-30 00:00:00-04:00,20.648175779117608,20.648175779117608,19.473269116576876,19.68560218811035,24700,0.0,0.0
2023-03-31 00:00:00-04:00,19.638416525047585,19.789408535045737,19.223189397536046,19.47798728942871,47800,0.0,0.0
2023-04-03 00:00:00-04:00,19.40249504318477,19.864908388381135,18.70415641166575,19.194881439208984,93100,0.0,0.0
2023-04-04 00:00:00-04:00,19.336429493957628,19.336429493957628,18.13792902625845,18.222862243652344,65700,0.0,0.0
2023-04-05 00:00:00-04:00,18.185116270196442,18.66640393183251,17.920879377543336,18.42104148864746,36400,0.0,0.0
2023-04-06 00:00:00-04:00,18.26061338877344,18.628656176154863,17.96806660393094,18.11905860900879,23100,0.0,0.0
2023-04-10 00:00:00-04:00,17.741578250584542,18.251177659468006,17.741578250584542,17.883134841918945,67400,0.0,0.0
2023-04-11 00:00:00-04:00,17.949193619516716,18.156807193466378,17.79820160210481,17.939756393432617,34400,0.0,0.0
2023-04-12 00:00:00-04:00,17.93975369548773,18.034124142169585,17.65192464309303,17.751012802124023,31900,0.0,0.0
2023-04-13 00:00:00-04:00,17.732141725966727,17.881245568980056,17.515089139351467,17.628334045410156,28000,0.0,0.0
2023-04-14 00:00:00-04:00,17.684958486577322,17.684958486577322,16.618577030221935,16.7601318359375,62100,0.0,0.0
2023-04-17 00:00:00-04:00,16.675195569936253,17.043238358077964,16.37321155915673,17.005491256713867,116500,0.0,0.0
2023-04-18 00:00:00-04:00,17.15648352393646,17.15648352393646,16.156161022971236,16.288278579711914,48300,0.0,0.0
2023-04-19 00:00:00-04:00,16.429836089289847,16.835627852316932,16.392088981083635,16.7601318359375,52100,0.0,0.0
2023-04-20 00:00:00-04:00,16.70350851658846,16.892247637699914,16.18447188360662,16.4864559173584,33000,0.0,0.0
2023-04-21 00:00:00-04:00,16.363774582177435,16.45814503696997,16.175033672592363,16.344900131225586,25800,0.0,0.0
2023-04-24 00:00:00-04:00,16.392085922096367,16.57893866276372,16.09953733824849,16.278841018676758,37400,0.0,0.0
2023-04-25 00:00:00-04:00,16.099536893046018,16.70350669463783,15.797552892233425,15.98629379272461,57700,0.0,0.0
2023-04-26 00:00:00-04:00,16.04291449050846,16.524202141219693,15.34457607574113,15.769240379333496,49600,0.0,0.0
2023-04-27 00:00:00-04:00,15.674875538808614,16.750694195667702,15.62768940475613,16.580827713012695,44900,0.0,0.0
2023-04-28 00:00:00-04:00,16.231658359581672,17.52452775661448,16.231658359581672,17.222543716430664,71100,0.0,0.0
2023-05-01 00:00:00-04:00,17.118735275663102,17.4867798834412,16.58082600271832,16.863937377929688,60700,0.0,0.0
2023-05-02 00:00:00-04:00,16.911118591232324,16.911118591232324,15.580500592812257,16.052350997924805,46400,0.0,0.0
2023-05-03 00:00:00-04:00,16.00516622019621,16.694069237430938,15.953264183251294,16.1467227935791,38000,0.0,0.0
2023-05-04 00:00:00-04:00,15.939107448038614,16.31658924382073,15.505005902842427,16.203344345092773,50000,0.0,0.0
2023-05-05 00:00:00-04:00,16.7035089454548,16.996055760667186,15.93910981543181,16.665760040283203,62100,0.0,0.0
2023-05-08 00:00:00-04:00,16.797874183232096,16.797874183232096,15.854173345972617,16.23165512084961,50200,0.0,0.0
2023-05-09 00:00:00-04:00,16.137288222371758,16.62801319754725,15.96742174635202,16.392087936401367,34000,0.0,0.0
2023-05-10 00:00:00-04:00,16.628012131903606,17.052676494770484,16.628012131903606,16.863937377929688,54100,0.0,0.0
2023-05-11 00:00:00-04:00,16.580827217575997,16.580827217575997,15.920237560282413,16.17503547668457,21900,0.0,0.0
2023-05-12 00:00:00-04:00,16.184469660130066,16.392085004786644,15.788115220291647,15.806989669799805,24200,0.0,0.0
2023-05-15 00:00:00-04:00,15.797551276758817,15.986292157949155,15.674870963961608,15.910796165466309,37200,0.0,0.0
2023-05-16 00:00:00-04:00,15.778679000773415,15.986294358656853,15.599377118922597,15.835302352905273,22000,0.0,0.0
2023-05-17 00:00:00-04:00,15.976857537245188,16.62801170349121,15.910798758054542,16.62801170349121,24000,0.0,0.0
2023-05-18 00:00:00-04:00,16.646882550807828,16.703505898235427,16.175032122043735,16.41095733642578,44100,0.0,0.0
2023-05-19 00:00:00-04:00,16.675197512820386,16.675197512820386,15.684312137002799,15.778680801391602,32200,0.0,0.0
2023-05-22 00:00:00-04:00,15.873051435213272,16.231658843600155,15.571067386024474,16.1184139251709,73300,0.0,0.0
2023-05-23 00:00:00-04:00,16.231657094721115,17.467904837875906,16.18447096714011,17.18479347229004,59300,0.0,0.0
2023-05-24 00:00:00-04:00,17.345223295852126,17.4207193025818,16.64688478361094,16.863937377929688,34000,0.0,0.0
2023-05-25 00:00:00-04:00,16.703507033989005,16.93943226441277,16.62801103225207,16.722379684448242,20000,0.0,0.0
2023-05-26 00:00:00-04:00,16.684633450590457,17.099862381704572,16.64216683490871,17.08098793029785,15600,0.0,0.0
2023-05-30 00:00:00-04:00,17.23197847738414,17.510370312094167,16.873371130994983,17.43015480041504,16000,0.0,0.0
2023-05-31 00:00:00-04:00,17.306338414401885,17.782572270806245,16.430068045950346,16.91582679748535,28200,0.17,0.0
2023-06-01 00:00:00-04:00,17.01107083887445,17.477779715283567,16.858676177870965,17.16346549987793,14200,0.0,0.0
2023-06-02 00:00:00-04:00,17.430152855885922,18.458817584812184,17.272996678097662,18.39214515686035,25600,0.0,0.0
2023-06-05 00:00:00-04:00,18.392145363997223,18.62550068114415,17.839714333290903,18.258800506591797,24900,0.0,0.0
2023-06-06 00:00:00-04:00,18.173083394393764,19.399861876923623,18.173083394393764,19.2827091217041,41700,0.0,0.0
2023-06-07 00:00:00-04:00,19.51606009649766,20.001818770351584,19.103641105064664,19.93514633178711,73900,0.0,0.0
2023-06-08 00:00:00-04:00,20.0018175854695,20.0018175854695,18.954102967655007,19.125547409057617,26400,0.0,0.0
2023-06-09 00:00:00-04:00,19.23031677612528,19.568442257651064,19.125544783719466,19.38271141052246,11900,0.0,0.0
2023-06-12 00:00:00-04:00,19.525581397939025,20.001815090571682,19.401761437196974,19.573204040527344,56600,0.0,0.0
2023-06-13 00:00:00-04:00,19.792277108950106,20.373281101586795,19.792277108950106,20.039918899536133,150900,0.0,0.0
2023-06-14 00:00:00-04:00,20.116113394151927,20.38280311814554,19.658927636314672,19.6970272064209,37700,0.0,0.0
2023-06-15 00:00:00-04:00,19.79227549717839,20.50662612915039,19.79227549717839,20.50662612915039,52400,0.0,0.0
2023-06-16 00:00:00-04:00,20.687594846210736,21.45909488144397,19.65892994925413,21.411470413208008,179100,0.0,0.0
2023-06-20 00:00:00-04:00,21.249548758581867,21.259073651289548,20.39423410366981,20.763790130615234,50700,0.0,0.0
2023-06-21 00:00:00-04:00,20.592348131136085,20.887612547202504,20.46376480074726,20.639970779418945,18900,0.0,0.0
2023-06-22 00:00:00-04:00,20.687593934376586,20.687593934376586,20.182787310139375,20.46852684020996,22000,0.0,0.0
2023-06-23 00:00:00-04:00,20.29708186646518,20.76379072231614,19.863709227697317,20.592348098754883,243200,0.0,0.0
2023-06-26 00:00:00-04:00,20.43995369331678,21.20192885845812,20.27803594637219,20.735219955444336,39500,0.0,0.0
2023-06-27 00:00:00-04:00,20.887613768991933,20.887613768991933,19.33509063720703,19.33509063720703,56200,0.0,0.0
2023-06-28 00:00:00-04:00,19.382715917202695,19.401765705103447,18.96362966682493,19.354141235351562,39100,0.0,0.0
2023-06-29 00:00:00-04:00,19.582732681015568,20.06849135848993,19.439862909214337,20.030393600463867,36500,0.0,0.0
2023-06-30 00:00:00-04:00,20.087539266566644,20.19707280858982,19.753223341487196,20.078014373779297,42300,0.0,0.0
2023-07-03 00:00:00-04:00,20.220884665239854,20.735217989189238,20.106589582153937,20.459001541137695,9500,0.0,0.0
2023-07-05 00:00:00-04:00,20.487576031534097,20.582823144353394,19.792275196322095,20.316131591796875,24300,0.0,0.0
2023-07-06 00:00:00-04:00,20.135162795958014,20.135162795958014,19.249367711490112,19.868473052978516,24300,0.0,0.0
2023-07-07 00:00:00-04:00,19.982767820781884,20.439951787220032,19.868472737516143,20.18278694152832,60600,0.0,0.0
2023-07-10 00:00:00-04:00,20.04943904374369,20.468525229327547,19.963716828131364,20.154211044311523,20500,0.0,0.0
2023-07-11 00:00:00-04:00,20.144686537283054,20.687592702090765,20.031343402997763,20.439950942993164,34000,0.0,0.0
2023-07-12 00:00:00-04:00,20.697118692202057,21.020957793063545,20.338039484986233,20.925710678100586,29800,0.0,0.0
2023-07-13 00:00:00-04:00,20.963808855728285,21.316220795946148,20.963808855728285,21.25907325744629,21800,0.0,0.0
2023-07-14 00:00:00-04:00,21.287649063519734,21.33527171201289,20.716168198163903,20.963809967041016,12800,0.0,0.0
2023-07-17 00:00:00-04:00,21.135252836948936,21.58291187623978,21.135252836948936,21.478139877319336,18700,0.0,0.0
2023-07-18 00:00:00-04:00,21.62101143171022,22.311548866516667,21.62101143171022,22.21154022216797,25100,0.0,0.0
2023-07-19 00:00:00-04:00,22.135344875290013,23.040189743041992,22.135344875290013,23.040189743041992,23100,0.0,0.0
2023-07-20 00:00:00-04:00,23.17448511808479,23.344977606893945,22.554429689647943,23.14495849609375,20600,0.0,0.0
2023-07-21 00:00:00-04:00,23.268783739259476,23.28783352724865,22.468710810591865,22.583005905151367,23800,0.0,0.0
2023-07-24 00:00:00-04:00,22.48775783043096,23.09733643754576,22.48775783043096,22.9735164642334,23100,0.0,0.0
2023-07-25 00:00:00-04:00,22.95446831371273,23.002090964528065,22.635390739849427,22.830646514892578,43600,0.0,0.0
2023-07-26 00:00:00-04:00,22.906842732763817,24.735580412172386,22.906842732763817,24.687957763671875,46600,0.0,0.0
2023-07-27 00:00:00-04:00,24.745105712027584,25.507080817376032,24.4507932340706,24.69748306274414,27900,0.0,0.0
2023-07-28 00:00:00-04:00,25.059420551040958,25.754723238207465,24.5450890224291,25.449932098388672,23400,0.0,0.0
2023-07-31 00:00:00-04:00,25.449935351800118,25.935694078895555,24.183153430166573,24.373647689819336,41800,0.0,0.0
2023-08-01 00:00:00-04:00,24.46889002462264,24.859401545365472,24.25934601673012,24.7641544342041,25100,0.0,0.0
2023-08-02 00:00:00-04:00,24.564137135784012,24.807015543392342,24.53556245742934,24.7641544342041,32800,0.0,0.0
2023-08-03 00:00:00-04:00,24.52603877039546,24.973697853167945,24.52603877039546,24.7927303314209,29600,0.0,0.0
2023-08-04 00:00:00-04:00,24.678432215827623,24.992746410978867,24.678432215827623,24.7641544342041,19800,0.0,0.0
2023-08-07 00:00:00-04:00,24.91655141236602,25.368973870119007,24.55461453617626,24.773681640625,30200,0.0,0.0
2023-08-08 00:00:00-04:00,24.3831690049734,25.016558964463325,24.36411921846709,24.7927303314209,24800,0.0,0.0
2023-08-09 00:00:00-04:00,24.887977250862676,25.011799054527245,24.32602304584261,24.602237701416016,32400,0.0,0.0
2023-08-10 00:00:00-04:00,24.40221862216469,24.802255052583376,24.106952383428492,24.145051956176758,23100,0.0,0.0
2023-08-11 00:00:00-04:00,24.192674507068823,24.378405381742475,24.14505185801472,24.326021194458008,13000,0.0,0.0
2023-08-14 00:00:00-04:00,24.32602186016899,24.802255630493164,24.106952945137245,24.802255630493164,13000,0.0,0.0
2023-08-15 00:00:00-04:00,24.48793954308567,25.064183784566925,23.840263142916406,23.973608016967773,21300,0.0,0.0
2023-08-16 00:00:00-04:00,24.002181884148246,24.340307412861595,23.94503252575824,23.954557418823242,15100,0.0,0.0
2023-08-17 00:00:00-04:00,24.173625887421657,24.173625887421657,23.94503389089213,24.078380584716797,10700,0.0,0.0
2023-08-18 00:00:00-04:00,23.897410128714586,24.068854572314393,23.68786792914128,23.86883544921875,66300,0.0,0.0
2023-08-21 00:00:00-04:00,23.968845789281833,24.72605571660014,23.968845789281833,24.002182006835938,16000,0.0,0.0
2023-08-22 00:00:00-04:00,24.126002777255344,24.126002777255344,23.202109915099257,23.24020767211914,12000,0.0,0.0
2023-08-23 00:00:00-04:00,23.268781899105548,23.730729229528322,23.268781899105548,23.687868118286133,13300,0.0,0.0
2023-08-24 00:00:00-04:00,23.840263289496715,24.126002826131543,23.506899285630965,23.51642417907715,14200,0.0,0.0
2023-08-25 00:00:00-04:00,23.356408370375984,23.721204702062426,22.678251584649537,22.89255714416504,8100,0.0,0.0
2023-08-28 00:00:00-04:00,22.40203601015776,23.192583961578134,22.21154178370252,22.478233337402344,21400,0.0,0.0
2023-08-29 00:00:00-04:00,22.440133703385282,22.854458372276618,22.2972639422827,22.706825256347656,15300,0.0,0.0
2023-08-30 00:00:00-04:00,22.84112561512859,23.202110547413312,22.635391181538857,23.11638832092285,13500,0.0,0.0
2023-08-31 00:00:00-04:00,23.212307375758833,23.289042200575288,22.526489078554423,22.57924461364746,18800,0.17,0.0
2023-09-01 00:00:00-04:00,22.886183216007534,23.365776313881945,22.655978748568117,22.751895904541016,27600,0.0,0.0
2023-09-05 00:00:00-04:00,22.684753367349664,22.838223013687987,22.53128372101134,22.703937530517578,10700,0.0,0.0
2023-09-06 00:00:00-04:00,22.780673494185038,22.780673494185038,22.181182086443325,22.39699935913086,21600,0.0,0.0
2023-09-07 00:00:00-04:00,22.425772421458944,22.425772421458944,20.87668693694874,21.178831100463867,62900,0.0,0.0
2023-09-08 00:00:00-04:00,21.409035219879772,21.898220390648834,20.853665968591685,21.80230140686035,14200,0.0,0.0
2023-09-11 00:00:00-04:00,22.022913753212787,22.061282078466945,21.265157624467584,21.293933868408203,9900,0.0,0.0
2023-09-12 00:00:00-04:00,21.361077298292336,21.859854565697592,20.96781109924271,21.092504501342773,24900,0.0,0.0
2023-09-13 00:00:00-04:00,21.121281699427794,21.485771670056643,20.785566145465445,21.3610782623291,21600,0.0,0.0
2023-09-14 00:00:00-04:00,21.39944252363252,22.099649804516105,21.015768429006002,21.984546661376953,12900,0.0,0.0
2023-09-15 00:00:00-04:00,21.907813436863066,22.54087619644559,20.919850970483054,21.015769958496094,113900,0.0,0.0
2023-09-18 00:00:00-04:00,21.15005359887003,21.29872810879492,20.891074732181572,20.98699188232422,11300,0.0,0.0
2023-09-19 00:00:00-04:00,20.660871805301785,21.15964724320454,20.660871805301785,21.092504501342773,11500,0.0,0.0
2023-09-20 00:00:00-04:00,21.07331933732206,21.361076283852956,20.73760564395631,20.83352279663086,11400,0.0,0.0
2023-09-21 00:00:00-04:00,20.814340869922304,21.255565635242043,20.488217421858824,20.737606048583984,23300,0.0,0.0
2023-09-22 00:00:00-04:00,20.73760564395631,20.83352279663086,20.42107428342402,20.83352279663086,16900,0.0,0.0
2023-09-25 00:00:00-04:00,20.73760610544622,21.375463966538305,20.73760610544622,21.23638153076172,15900,0.0,0.0
2023-09-26 00:00:00-04:00,21.102095251348693,21.198014232028026,20.852706633383377,20.929441452026367,11300,0.0,0.0
2023-09-27 00:00:00-04:00,21.668016670462105,21.668016670462105,20.967811174943577,21.06372833251953,11500,0.0,0.0
2023-09-28 00:00:00-04:00,21.217202402161302,21.73995902463902,21.111691320531918,21.399446487426758,11600,0.0,0.0
2023-09-29 00:00:00-04:00,21.778322652743785,21.792709860339272,21.500159605383562,21.658424377441406,18000,0.0,0.0
2023-10-02 00:00:00-04:00,21.47617665180984,21.480973606933482,20.823929797172074,21.102094650268555,13500,0.0,0.0
2023-10-03 00:00:00-04:00,21.130870892503395,21.198013628215698,20.622501590035178,21.102094650268555,13700,0.0,0.0
2023-10-04 00:00:00-04:00,21.31311696712254,21.53373118625376,20.900668432839403,21.06372833251953,16700,0.0,0.0
2023-10-05 00:00:00-04:00,21.989341505664203,23.634345880475983,21.0109730342664,21.533729553222656,28000,0.0,0.0
2023-10-06 00:00:00-04:00,21.322710132208435,22.1188346552573,21.322710132208435,21.821487426757812,15500,0.0,0.0
2023-10-09 00:00:00-04:00,21.773530170990632,22.190775707454428,21.773530170990632,21.974958419799805,18500,0.0,0.0
2023-10-10 00:00:00-04:00,23.082814281788156,23.082814281788156,22.04209639963717,22.25311851501465,23500,0.0,0.0
2023-10-11 00:00:00-04:00,22.06128056094464,22.25311851501465,21.88862676818209,22.25311851501465,20100,0.0,0.0
2023-10-12 00:00:00-04:00,22.20515888025743,22.363425472268077,21.303523392126852,21.485769271850586,25800,0.0,0.0
2023-10-13 00:00:00-04:00,21.303524989917005,21.428220222581153,20.910258787519346,21.05413818359375,18000,0.0,0.0
2023-10-16 00:00:00-04:00,21.303525769990927,21.509750960446258,21.284343435380787,21.3610782623291,11000,0.0,0.0
2023-10-17 00:00:00-04:00,21.380260805394943,22.10924069138154,21.380260805394943,21.80230140686035,18000,0.0,0.0
2023-10-18 00:00:00-04:00,21.802301087731408,21.850261493674857,21.198014608863307,21.370668411254883,9600,0.0,0.0
2023-10-19 00:00:00-04:00,21.389850237733015,21.44740272350262,20.8239302675152,20.977401733398438,11200,0.0,0.0
2023-10-20 00:00:00-04:00,20.958219217131155,20.958219217131155,19.91270609375304,19.98944091796875,21000,0.0,0.0
2023-10-23 00:00:00-04:00,20.008625183453315,20.478626212859613,19.730460300813498,19.951072692871094,23300,0.0,0.0
2023-10-24 00:00:00-04:00,19.903113814536923,19.903113814536923,19.39474446571339,19.519439697265625,14000,0.0,0.0
2023-10-25 00:00:00-04:00,19.519440653627914,19.519440653627914,18.972704781040974,19.25086784362793,10100,0.0,0.0
2023-10-26 00:00:00-04:00,19.03984534273319,19.845561850833406,19.03984534273319,19.33719253540039,33500,0.0,0.0
2023-10-27 00:00:00-04:00,19.42351930031881,19.59617309793091,18.579436303606983,18.82882308959961,13400,0.0,0.0
2023-10-30 00:00:00-04:00,18.780866571526104,19.011071050388733,18.51229376476842,18.800050735473633,11400,0.0,0.0
2023-10-31 00:00:00-04:00,18.79046034931182,18.848011016845703,18.56025584967357,18.848011016845703,7800,0.0,0.0
2023-11-01 00:00:00-04:00,18.99188760355712,19.29882874979967,18.531478628447253,19.126174926757812,19100,0.0,0.0
2023-11-02 00:00:00-04:00,19.22209132481427,19.97505230622966,19.068619857666853,19.855154037475586,46700,0.0,0.0
2023-11-03 00:00:00-04:00,20.392297562599044,20.526583036802133,19.67290795736414,19.903112411499023,42900,0.0,0.0
2023-11-06 00:00:00-05:00,19.788011448003612,19.946278056738887,19.500256306033656,19.826379776000977,44600,0.0,0.0
2023-11-07 00:00:00-05:00,19.586579767928015,19.74964147421815,19.135762970303404,19.1837215423584,20100,0.0,0.0
2023-11-08 00:00:00-05:00,19.346786792050565,19.346786792050565,18.032700820740597,18.224538803100586,29000,0.0,0.0
2023-11-09 00:00:00-05:00,18.31086607761892,18.75209088454823,17.821680859391233,18.119028091430664,24100,0.0,0.0
2023-11-10 00:00:00-05:00,18.378006483832195,18.4547413026362,18.128617865343575,18.24372100830078,31400,0.0,0.0
2023-11-13 00:00:00-05:00,17.51474112132228,18.60821285943192,17.51474112132228,18.253314971923828,24700,0.0,0.0
2023-11-14 00:00:00-05:00,18.886376675948735,19.663316980985517,18.886376675948735,19.596174240112305,76500,0.0,0.0
2023-11-15 00:00:00-05:00,19.318007280840344,19.634538617584422,18.867190476841895,19.10698699951172,33400,0.0,0.0
2023-11-16 00:00:00-05:00,19.212498255236863,19.222090335783935,18.82882235136311,19.05902862548828,20000,0.0,0.0
2023-11-17 00:00:00-05:00,19.25086905321848,19.25086905321848,18.708928272873244,18.924745559692383,31400,0.0,0.0
2023-11-20 00:00:00-05:00,18.71372138428549,19.183722362629638,18.71372138428549,18.95351791381836,16200,0.0,0.0
2023-11-21 00:00:00-05:00,18.732905545728677,18.982294155983144,18.732905545728677,18.95351791381836,36400,0.0,0.0
2023-11-22 00:00:00-05:00,19.174131393432617,19.9031131050119,18.78566033444886,19.174131393432617,41500,0.0,0.0
2023-11-24 00:00:00-05:00,19.011070373139315,19.50984764099121,19.011070373139315,19.50984764099121,3800,0.0,0.0
2023-11-27 00:00:00-05:00,19.188518879795783,19.464764604303195,18.73290690424409,19.097396850585938,12600,0.0,0.0
2023-11-28 00:00:00-05:00,19.145355632754683,19.164539795794113,19.03025431352307,19.0494384765625,8900,0.0,0.0
2023-11-29 00:00:00-05:00,19.452297674032362,19.59617524463637,19.289235939480466,19.30841827392578,12000,0.0,0.0
2023-11-30 00:00:00-05:00,19.356786138555247,19.463195846967565,19.211683164864898,19.337438583374023,12300,0.17,0.0
2023-12-01 00:00:00-05:00,19.18266313580128,20.92390262859391,19.18266313580128,20.798147201538086,45800,0.0,0.0
2023-12-04 00:00:00-05:00,20.556307106162695,20.595002216944234,20.00491469311678,20.179039001464844,29100,0.0,0.0
2023-12-05 00:00:00-05:00,19.95654594342341,20.31446834030402,19.95654594342341,20.120996475219727,20900,0.0,0.0
2023-12-06 00:00:00-05:00,20.120996007815073,20.353162978556835,19.51156278360006,19.78242301940918,51300,0.0,0.0
2023-12-07 00:00:00-05:00,19.588950237595892,20.072628021240234,19.53090942018218,20.072628021240234,25800,0.0,0.0
2023-12-08 00:00:00-05:00,19.975893564749803,20.962596758777917,19.451586985843935,20.7014102935791,59900,0.0,0.0
2023-12-11 00:00:00-05:00,20.39185694397665,20.65787937761106,19.95751483458687,20.44989776611328,43900,0.0,0.0
2023-12-12 00:00:00-05:00,20.56598024258692,20.56598024258692,19.734053837568574,19.772748947143555,17600,0.0,0.0
2023-12-13 00:00:00-05:00,19.8307894690791,21.533335518078452,19.825953502996928,20.981943130493164,92800,0.0,0.0
2023-12-14 00:00:00-05:00,21.533335899510714,22.10407585170324,21.349537818698447,21.765501022338867,75000,0.0,0.0
2023-12-15 00:00:00-05:00,21.765499960618175,22.229830183624465,20.83973998711418,22.11374855041504,102400,0.0,0.0
2023-12-18 00:00:00-05:00,22.104075658957743,22.229831074153108,21.417252228797985,21.63007164001465,14500,0.0,0.0
2023-12-19 00:00:00-05:00,21.804193700419365,22.055704504954804,21.6881102294087,21.93962287902832,27500,0.0,0.0
2023-12-20 00:00:00-05:00,22.05570666569328,22.239504744014624,21.262475378842908,21.755826950073242,38000,0.0,0.0
2023-12-21 00:00:00-05:00,21.238292194679378,22.026687527919425,21.238292194679378,21.958972930908203,18600,0.0,0.0
2023-12-22 00:00:00-05:00,21.95897194426279,22.239504097145222,21.476260988565368,22.055706024169922,30800,0.0,0.0
2023-12-26 00:00:00-05:00,22.055707993197068,22.63612174987793,21.835152131020845,22.63612174987793,25700,0.0,0.0
2023-12-27 00:00:00-05:00,22.42330510017689,22.724151670561604,21.58170484138895,22.539386749267578,15800,0.0,0.0
2023-12-28 00:00:00-05:00,22.510365603243002,22.674816131591797,22.118585914948532,22.674816131591797,9500,0.0,0.0
2023-12-29 00:00:00-05:00,22.73285641443643,22.73285641443643,21.784848376995075,21.82354164123535,16300,0.0,0.0
2024-01-02 00:00:00-05:00,21.726805723202915,22.070218360824978,21.17541333065859,21.63007164001465,50500,0.0,0.0
2024-01-03 00:00:00-05:00,21.572030533012807,21.601051867114588,20.80782051917752,21.03998565673828,18400,0.0,0.0
2024-01-04 00:00:00-05:00,21.1270458520166,21.388232299424324,20.735266180905015,21.359210968017578,69600,0.0,0.0
2024-01-05 00:00:00-05:00,21.078679187161907,22.403955311926794,21.078679187161907,22.14276885986328,133400,0.0,0.0
2024-01-08 00:00:00-05:00,22.181464964824585,22.249179563936096,21.8815852351517,22.046035766601562,20700,0.0,0.0
2024-01-09 00:00:00-05:00,21.70745970993438,22.162116167845554,21.67843837833328,21.813867568969727,21300,0.0,0.0
2024-01-10 00:00:00-05:00,21.678439057338874,21.900930404663086,21.39887371430389,21.900930404663086,16500,0.0,0.0
2024-01-11 00:00:00-05:00,21.049657434856304,21.813867376084445,21.049657434856304,21.678438186645508,45000,0.0,0.0
2024-01-12 00:00:00-05:00,21.891255941488318,21.891255941488318,21.60105000581469,21.813867568969727,37600,0.0,0.0
2024-01-16 00:00:00-05:00,21.50431530614695,21.688113393274588,20.159691564992126,21.533336639404297,21900,0.0,0.0
2024-01-17 00:00:00-05:00,21.146394140025492,21.581703055725058,21.127046585083008,21.127046585083008,16400,0.0,0.0
2024-01-18 00:00:00-05:00,21.07867796983821,21.088349901503303,20.773960460028647,21.010961532592773,11300,0.0,0.0
2024-01-19 00:00:00-05:00,21.06900458724415,21.291495921388712,20.8465114080153,21.088350296020508,86000,0.0,0.0
2024-01-22 00:00:00-05:00,21.010963646988777,21.90093090156203,20.99161793662752,21.852563858032227,26100,0.0,0.0
2024-01-23 00:00:00-05:00,21.958972689090977,21.958972689090977,21.388232741875253,21.63007164001465,27500,0.0,0.0
2024-01-24 00:00:00-05:00,21.871911911920026,21.958974068325297,21.678440043222874,21.804197311401367,23200,0.0,0.0
2024-01-25 00:00:00-05:00,21.958973567899122,21.958973567899122,21.49464146262458,21.852563858032227,23200,0.0,0.0
2024-01-26 00:00:00-05:00,21.862236604094498,22.14276876448128,21.659090971669826,22.075054168701172,45000,0.0,0.0
2024-01-29 00:00:00-05:00,22.171790639504124,22.326567389389176,21.591376904892986,21.900930404663086,35900,0.0,0.0
2024-01-30 00:00:00-05:00,21.73357805261718,21.96864550053753,21.73357805261718,21.852563858032227,14300,0.0,0.0
2024-01-31 00:00:00-05:00,21.63006960743127,22.046032768356365,20.391853901082644,20.73042869567871,28900,0.0,0.0
2024-02-01 00:00:00-05:00,20.923901041102887,21.339864248788153,20.08133586907654,21.194761276245117,36400,0.0,0.0
2024-02-02 00:00:00-05:00,21.17541283122937,21.17541283122937,20.391855336361814,20.459569931030273,17100,0.0,0.0
2024-02-05 00:00:00-05:00,19.995241639236433,20.280611633784986,19.646993009933926,20.140344619750977,21100,0.0,0.0
2024-02-06 00:00:00-05:00,20.188712962774193,20.459571360370663,19.395479790298157,20.314468383789062,62700,0.0,0.0
2024-02-07 00:00:00-05:00,20.237080006606575,20.653043225869105,19.530910834180844,20.314468383789062,48800,0.0,0.0
2024-02-08 00:00:00-05:00,19.98556827954565,20.827168536282297,19.666340977697516,20.798147201538086,23100,0.0,0.0
2024-02-09 00:00:00-05:00,21.228618745300356,21.228618745300356,20.41120391218583,20.749778747558594,43500,0.0,0.0
2024-02-12 00:00:00-05:00,20.972270691744992,21.5720301587675,20.90939205815757,21.349538803100586,29500,0.0,0.0
2024-02-13 00:00:00-05:00,20.711083576676117,21.42692651061252,20.711083576676117,21.069005966186523,98400,0.0,0.0
2024-02-14 00:00:00-05:00,21.281821442553206,21.281821442553206,20.377344547868276,20.807817459106445,17000,0.0,0.0
2024-02-15 00:00:00-05:00,21.765501108780548,22.694161603781346,21.591376804696804,22.345914840698242,47600,0.0,0.0
2024-02-16 00:00:00-05:00,22.258853091397246,22.732857124932515,21.301171246693198,21.91060447692871,89800,0.0,0.0
2024-02-20 00:00:00-05:00,21.552684999308227,22.249180417719455,21.53333744308123,21.8815860748291,82100,0.0,0.0
2024-02-21 00:00:00-05:00,21.465621465887814,21.770337154056982,20.96259610672608,21.320518493652344,32400,0.0,0.0
2024-02-22 00:00:00-05:00,21.136719123093588,21.378558010440006,20.217730613143495,20.507938385009766,31900,0.0,0.0
2024-02-23 00:00:00-05:00,20.391856650277827,20.88520824404476,19.956545877811575,20.440223693847656,18400,0.0,0.0
2024-02-26 00:00:00-05:00,20.266100613657223,20.585327888730017,19.937199561147754,20.35316276550293,9000,0.0,0.0
2024-02-27 00:00:00-05:00,20.517611728710644,20.556306838989258,20.40153008804362,20.556306838989258,11000,0.0,0.0
2024-02-28 00:00:00-05:00,20.31446696458581,20.749777709003524,20.16936399814135,20.459569931030273,22600,0.0,0.0
2024-02-29 00:00:00-05:00,20.88865650629997,21.727323979729327,20.24990373757935,20.878904342651367,33800,0.17,0.0
2024-03-01 00:00:00-05:00,20.732624287416932,20.849646523676288,20.079244244858316,20.57659339904785,37400,0.0,0.0
2024-03-04 00:00:00-05:00,20.659484714305144,20.703368519439614,20.05974061749066,20.108501434326172,10000,0.0,0.0
2024-03-05 00:00:00-05:00,20.44981715215336,20.479073641253436,20.308415438256954,20.401058197021484,16300,0.0,0.0
2024-03-06 00:00:00-05:00,20.615601909310975,21.41526074385807,19.98855246866207,20.381555557250977,13200,0.0,0.0
2024-03-07 00:00:00-05:00,20.674113420357585,20.674113420357585,20.08899665185031,20.245027542114258,22200,0.0,0.0
2024-03-08 00:00:00-05:00,20.566842460232575,20.781384479501643,20.430315889791807,20.69361686706543,39200,0.0,0.0
2024-03-11 00:00:00-04:00,20.415685124927236,20.415685124927236,20.128002831013426,20.18651580810547,11700,0.0,0.0
2024-03-12 00:00:00-04:00,20.235276564161815,20.444943433990872,19.812042331023882,20.17676544189453,14300,0.0,0.0
2024-03-13 00:00:00-04:00,20.1280027124438,20.8252665417201,20.1280027124438,20.352298736572266,17400,0.0,0.0
2024-03-14 00:00:00-04:00,20.571717009371024,20.571717009371024,19.7135470973998,19.923213958740234,27200,0.0,0.0
2024-03-15 00:00:00-04:00,19.72817396925788,21.04468622762915,19.72817396925788,20.771631240844727,75400,0.0,0.0
2024-03-18 00:00:00-04:00,20.713120438621896,20.713120438621896,20.201143958112,20.2645320892334,29600,0.0,0.0
2024-03-19 00:00:00-04:00,20.332794410989813,20.498577458370924,19.991476153436366,20.352298736572266,29300,0.0,0.0
2024-03-20 00:00:00-04:00,20.342549063445084,20.95692051420449,19.601401340918834,20.947168350219727,52500,0.0,0.0
2024-03-21 00:00:00-04:00,21.314815240181243,21.314815240181243,20.459569327973856,21.11294937133789,17300,0.0,0.0
2024-03-22 00:00:00-04:00,20.85940059144999,20.9374160427584,20.70336968883317,20.75213050842285,15300,0.0,0.0
2024-03-25 00:00:00-04:00,20.713121439105418,20.908160993498996,20.537586212158203,20.537586212158203,5300,0.0,0.0
2024-03-26 00:00:00-04:00,19.786687933557793,20.94619284177432,19.786687933557793,20.508331298828125,10300,0.0,0.0
2024-03-27 00:00:00-04:00,20.479075687520606,21.3567499878359,20.479075687520606,21.30799102783203,17000,0.0,0.0
2024-03-28 00:00:00-04:00,21.633706429034845,21.756580352783203,21.298239784807848,21.756580352783203,21500,0.0,0.0
2024-04-01 00:00:00-04:00,21.70781922531566,21.75657818256427,21.298237660308384,21.551788330078125,49100,0.0,0.0
2024-04-02 00:00:00-04:00,21.32749392454184,21.36162556626096,20.995927810668945,20.995927810668945,18800,0.0,0.0
2024-04-03 00:00:00-04:00,20.86915336762076,21.14220838522854,20.81064224243164,20.81064224243164,18000,0.0,0.0
2024-04-04 00:00:00-04:00,21.1324528031964,21.14220496582319,20.67411231994629,20.67411231994629,19400,0.0,0.0
2024-04-05 00:00:00-04:00,20.752129477871033,21.025182613873096,20.542462614135175,21.015430450439453,12000,0.0,0.0
2024-04-08 00:00:00-04:00,20.94716776315425,20.94716776315425,20.704345768868794,20.71312141418457,9300,0.0,0.0
2024-04-09 00:00:00-04:00,20.8203911634926,20.8203911634926,20.302563043140168,20.332794189453125,4900,0.0,0.0
2024-04-10 00:00:00-04:00,19.796436602719556,19.825693091071123,19.05041382008583,19.289337158203125,24000,0.0,0.0
2024-04-11 00:00:00-04:00,19.386856299412077,19.669663458032186,19.094298837422638,19.406360626220703,16000,0.0,0.0
2024-04-12 00:00:00-04:00,18.967523117492668,19.562390163610978,18.948018792037026,19.279584884643555,11900,0.0,0.0
2024-04-15 00:00:00-04:00,19.338096496567232,19.698919086604292,19.172313446015323,19.50387954711914,13200,0.0,0.0
2024-04-16 00:00:00-04:00,19.513632214683625,19.84519832436113,19.099173647569266,19.55263900756836,12600,0.0,0.0
2024-04-17 00:00:00-04:00,20.040236139485675,20.08899695595312,19.386856079101562,19.386856079101562,16200,0.0,0.0
2024-04-18 00:00:00-04:00,19.51460672928623,19.523384234139005,19.172313800587013,19.182065963745117,23800,0.0,0.0
2024-04-19 00:00:00-04:00,19.084545828094928,19.679414749145508,19.084545828094928,19.679414749145508,12600,0.0,0.0
2024-04-22 00:00:00-04:00,19.78668753946706,20.088997164564688,19.35760165027254,19.58189582824707,15600,0.0,0.0
2024-04-23 00:00:00-04:00,19.52338425279155,20.118251325724724,19.52338425279155,19.718421936035156,9400,0.0,0.0
2024-04-24 00:00:00-04:00,19.620904589264942,19.7086703402284,18.68471735862649,19.0552921295166,24600,0.0,0.0
2024-04-25 00:00:00-04:00,19.006531245776383,19.230825424194336,18.850500351221722,19.230825424194336,24500,0.0,0.0
2024-04-26 00:00:00-04:00,19.299089727873433,19.747678065179272,18.918762811424024,19.152809143066406,9600,0.0,0.0
2024-04-29 00:00:00-04:00,18.86317788416803,19.065041895748706,18.723725484855073,18.830995559692383,11500,0.0,0.0
2024-04-30 00:00:00-04:00,18.538439399531008,18.538439399531008,17.319446818236504,17.52423667907715,21000,0.0,0.0
2024-05-01 00:00:00-04:00,17.49498072960379,18.187367570802838,17.33894983975513,17.93381690979004,27400,0.0,0.0
2024-05-02 00:00:00-04:00,17.93381785182302,18.37753106689419,17.690019341123804,18.02158546447754,25000,0.0,0.0
2024-05-03 00:00:00-04:00,18.275134653735787,18.372654422097828,17.729026554957162,18.060592651367188,26400,0.0,0.0
2024-05-06 00:00:00-04:00,18.275134311278627,18.46042168169093,18.206871032714844,18.206871032714844,14700,0.0,0.0
2024-05-07 00:00:00-04:00,17.933817611946516,18.528686565307044,17.933817611946516,18.177616119384766,24200,0.0,0.0
2024-05-08 00:00:00-04:00,17.84605102892198,18.15323768680694,17.84605102892198,17.914316177368164,15000,0.0,0.0
2024-05-09 00:00:00-04:00,18.07034645289575,18.392160415649414,17.61200405804034,18.392160415649414,26700,0.0,0.0
2024-05-10 00:00:00-04:00,18.372655669349363,18.372655669349363,18.031337386928815,18.177616119384766,6900,0.0,0.0
2024-05-13 00:00:00-04:00,18.284889032405598,18.309268512441786,17.83630064762743,18.0898494720459,12200,0.0,0.0
2024-05-14 00:00:00-04:00,18.294639713795394,18.49942956154494,18.119104495704384,18.128856658935547,8400,0.0,0.0
2024-05-15 00:00:00-04:00,17.99232903436654,18.255629985964735,17.963072546395704,18.206871032714844,15700,0.0,0.0
2024-05-16 00:00:00-04:00,18.817345624110786,18.817345624110786,18.04109155161127,18.18737030029297,10200,0.0,0.0
2024-05-17 00:00:00-04:00,18.255632588780983,18.548191930096813,17.60420365471144,18.450672149658203,10700,0.0,0.0
2024-05-20 00:00:00-04:00,18.294640288662077,18.692518516807144,18.294640288662077,18.53843879699707,6100,0.0,0.0
2024-05-21 00:00:00-04:00,18.58719842290025,18.791990144482554,18.236129823099986,18.245880126953125,56200,0.0,0.0
2024-05-22 00:00:00-04:00,18.45067120687725,18.45067120687725,17.943569862536105,18.362903594970703,8400,0.0,0.0
2024-05-23 00:00:00-04:00,18.557943556597213,18.557943556597213,17.865554809570312,17.865554809570312,18800,0.0,0.0
2024-05-24 00:00:00-04:00,17.865553753170712,17.9435691986417,17.660763906322472,17.768033981323242,8000,0.0,0.0
2024-05-28 00:00:00-04:00,17.699771378432136,17.719275705557276,17.280437645416683,17.651012420654297,20600,0.0,0.0
2024-05-29 00:00:00-04:00,17.524236643596215,17.602252094239706,17.338951110839844,17.338951110839844,16100,0.0,0.0
2024-05-30 00:00:00-04:00,17.543741383086445,17.992331629842983,17.31944718972573,17.914316177368164,19800,0.0,0.0
2024-05-31 00:00:00-04:00,18.337564424511474,18.62301320128056,18.15054820256864,18.43599510192871,9600,0.17,0.0
2024-06-03 00:00:00-04:00,18.5639562461728,18.5639562461728,18.20960654506548,18.248979568481445,14500,0.0,0.0
2024-06-04 00:00:00-04:00,18.0521162984521,18.061959553265844,17.29420257447376,17.422163009643555,19100,0.0,0.0
2024-06-05 00:00:00-04:00,17.422162430270586,17.874940872192383,17.363102903352136,17.874940872192383,11900,0.0,0.0
2024-06-06 00:00:00-04:00,17.6583959265358,18.091487884521484,17.6583959265358,18.091487884521484,4500,0.0,0.0
2024-06-07 00:00:00-04:00,18.09148814956947,18.111174659968764,17.884785422603784,17.963529586791992,17200,0.0,0.0
2024-06-10 00:00:00-04:00,17.235146595325464,17.815885543823242,17.235146595325464,17.815885543823242,29000,0.0,0.0
2024-06-11 00:00:00-04:00,17.7174530395306,17.806040454920964,17.446770104686216,17.619022369384766,20300,0.0,0.0
2024-06-12 00:00:00-04:00,18.121018792785737,18.69191448015149,17.815885376454663,18.111175537109375,24400,0.0,0.0
2024-06-13 00:00:00-04:00,18.18007510834732,18.18007510834732,17.815884062232353,18.121017456054688,5200,0.0,0.0
2024-06-14 00:00:00-04:00,17.835570534396336,18.426150810890938,17.835570534396336,18.21944808959961,13200,0.0,0.0
2024-06-17 00:00:00-04:00,18.288348527656126,18.898617175766972,18.288348527656126,18.839557647705078,12000,0.0,0.0
2024-06-18 00:00:00-04:00,18.937988034525738,18.947831289055866,18.563953749425043,18.60332489013672,19500,0.0,0.0
2024-06-20 00:00:00-04:00,18.445838567435185,18.603326902132316,18.042274475097656,18.042274475097656,12300,0.0,0.0
2024-06-21 00:00:00-04:00,18.03243096073153,18.047194905207196,17.786355206622403,17.806041717529297,37700,0.0,0.0
2024-06-24 00:00:00-04:00,17.80604015969894,18.04227263768691,17.79619690510667,17.84541130065918,14400,0.0,0.0
2024-06-25 00:00:00-04:00,17.7765112270772,18.436979936014765,17.727296829223633,17.727296829223633,22000,0.0,0.0
2024-06-26 00:00:00-04:00,17.6682405087134,17.825728846612037,17.6682405087134,17.71745491027832,24600,0.0,0.0
2024-06-27 00:00:00-04:00,17.835571064989256,17.953686372838444,17.678080858842062,17.86509895324707,28900,0.0,0.0
2024-06-28 00:00:00-04:00,18.061961385754486,18.933069812356454,17.89462979176186,18.347408294677734,145800,0.0,0.0
2024-07-01 00:00:00-04:00,18.45568139435798,18.91338244313078,18.10133171081543,18.10133171081543,32500,0.0,0.0
2024-07-02 00:00:00-04:00,18.15054763952347,18.450760351499138,17.94384303561852,18.061960220336914,19000,0.0,0.0
2024-07-03 00:00:00-04:00,18.170231931552998,18.184997752746355,17.74698323132487,17.924156188964844,19100,0.0,0.0
2024-07-05 00:00:00-04:00,17.865099240287964,17.884785751048792,17.23514591521352,17.274517059326172,59100,0.0,0.0
2024-07-08 00:00:00-04:00,17.36310437399241,18.49505432948977,17.36310437399241,18.298192977905273,31100,0.0,0.0
2024-07-09 00:00:00-04:00,18.219449969327542,18.70175824617669,18.19779593269406,18.583641052246094,25700,0.0,0.0
2024-07-10 00:00:00-04:00,18.47536743371321,19.13485050714204,18.47536743371321,19.085634231567383,13200,0.0,0.0
2024-07-11 00:00:00-04:00,19.597472300249713,20.227425610492567,19.597472300249713,20.178211212158203,28900,0.0,0.0
2024-07-12 00:00:00-04:00,20.17821046319082,20.67036193790279,20.158523953624208,20.562088012695312,26500,0.0,0.0
2024-07-15 00:00:00-04:00,20.660520047358553,21.59560866201988,20.562089370434883,20.916439056396484,28600,0.0,0.0
2024-07-16 00:00:00-04:00,21.07392629007009,22.156659924976864,21.07392629007009,22.087759017944336,37700,0.0,0.0
2024-07-17 00:00:00-04:00,21.93027066685413,22.638968123550235,21.93027066685413,22.55038070678711,30100,0.0,0.0
2024-07-18 00:00:00-04:00,22.328911513100916,23.140962183922944,21.821996103293426,22.2747745513916,33100,0.0,0.0
2024-07-19 00:00:00-04:00,22.284618283229065,22.309227359012187,21.28063069673474,21.654664993286133,29700,0.0,0.0
2024-07-22 00:00:00-04:00,21.7235668182226,23.859504394332983,21.575921744325548,23.721702575683594,86800,0.0,0.0
2024-07-23 00:00:00-04:00,23.475626379637376,24.42055633650999,23.475626379637376,24.24338150024414,34700,0.0,0.0
2024-07-24 00:00:00-04:00,24.026836106486407,24.587888516723957,23.406726041857794,23.426410675048828,27600,0.0,0.0
2024-07-25 00:00:00-04:00,23.554369330923972,24.60757316186644,23.554369330923972,24.518985748291016,62500,0.0,0.0
2024-07-26 00:00:00-04:00,24.48945758396133,24.843807261404528,23.97762145559877,24.38118553161621,68600,0.0,0.0
2024-07-29 00:00:00-04:00,24.341811178584017,24.341811178584017,23.465782165527344,23.465782165527344,12900,0.0,0.0
2024-07-30 00:00:00-04:00,23.623271676041654,23.623271676041654,23.239394112076845,23.387039184570312,15300,0.0,0.0
2024-07-31 00:00:00-04:00,23.239393103155027,23.623270650454064,22.609437942504883,22.609437942504883,47200,0.0,0.0
2024-08-01 00:00:00-04:00,22.599594495372116,22.609437750015065,21.47748974979964,21.713722229003906,42100,0.0,0.0
2024-08-02 00:00:00-04:00,20.936124569671055,21.083769639316866,20.60146141052246,20.60146141052246,18700,0.0,0.0
2024-08-05 00:00:00-04:00,19.695901737729226,20.11915229550341,19.64668546507593,19.991191864013672,27800,0.0,0.0
2024-08-06 00:00:00-04:00,20.001037342868734,20.06993825483702,19.63684627177666,19.76480484008789,28100,0.0,0.0
2024-08-07 00:00:00-04:00,20.02072162760565,20.18805319980919,19.887840507554998,19.991191864013672,12400,0.0,0.0
2024-08-08 00:00:00-04:00,20.256957014920047,20.43413186711323,20.19789935665869,20.306171417236328,9200,0.0,0.0
2024-08-09 00:00:00-04:00,20.217585165700488,20.217585165700488,19.60731646018494,19.863235473632812,16000,0.0,0.0
2024-08-12 00:00:00-04:00,19.981349986597458,20.12899693732434,19.095477669280978,19.518728256225586,25900,0.0,0.0
2024-08-13 00:00:00-04:00,19.814017312594235,20.247111130916892,18.75097021482688,20.22742462158203,30400,0.0,0.0
2024-08-14 00:00:00-04:00,19.70574654663031,19.961665552387597,19.489198684692383,19.489198684692383,9000,0.0,0.0
2024-08-15 00:00:00-04:00,20.020723808460883,20.345543733719904,19.74511828380724,19.863235473632812,11800,0.0,0.0
2024-08-16 00:00:00-04:00,19.833703323141485,20.59161701679354,19.833703323141485,20.119152069091797,60800,0.0,0.0
2024-08-19 00:00:00-04:00,20.31601413224794,20.591619659144527,20.089624883766312,20.296329498291016,10400,0.0,0.0
2024-08-20 00:00:00-04:00,19.666372402123937,19.745116562674035,19.439983175218508,19.469512939453125,9100,0.0,0.0
2024-08-21 00:00:00-04:00,19.489198110840736,20.092576689276886,19.39076931548604,19.941978454589844,46500,0.0,0.0
2024-08-22 00:00:00-04:00,20.51287351580686,20.51287351580686,19.636844495877288,19.9321346282959,9900,0.0,0.0
2024-08-23 00:00:00-04:00,21.132984348268444,21.697975551609723,21.093613205239986,21.566078186035156,20400,0.0,0.0
2024-08-26 00:00:00-04:00,21.900741577148438,21.930271342782607,21.467647734892115,21.900741577148438,35000,0.0,0.0
2024-08-27 00:00:00-04:00,21.236338451897545,21.280632162986585,20.62114906311035,20.62114906311035,12600,0.0,0.0
2024-08-28 00:00:00-04:00,20.448894230691305,20.965652924679592,20.448894230691305,20.808164596557617,9800,0.0,0.0
2024-08-29 00:00:00-04:00,21.083768809788598,21.182199478149414,20.645754306862244,21.182199478149414,15500,0.0,0.0
2024-08-30 00:00:00-04:00,21.276453639567038,21.36078656973907,20.69605233030632,20.834951400756836,8400,0.17,0.0
2024-09-03 00:00:00-04:00,20.596837575754314,20.596837575754314,19.436033083010603,20.249588012695312,21700,0.0,0.0
2024-09-04 00:00:00-04:00,20.0610816705809,20.2198240106014,20.0015537661627,20.03131866455078,9500,0.0,0.0
2024-09-05 00:00:00-04:00,20.00155245706283,20.160294786693658,19.72176924301533,19.9023380279541,27200,0.0,0.0
2024-09-06 00:00:00-04:00,19.93210251806255,20.09084484445729,18.870512500663537,19.26736831665039,28600,0.0,0.0
2024-09-09 00:00:00-04:00,19.22371432934012,19.92218173049535,19.22371432934012,19.624540328979492,15000,0.0,0.0
2024-09-10 00:00:00-04:00,19.63446116969835,19.907299425480243,19.197918825032644,19.60469627380371,17100,0.0,0.0
2024-09-11 00:00:00-04:00,19.57493316505628,19.604698063668387,18.89035752819957,19.505483627319336,10300,0.0,0.0
2024-09-12 00:00:00-04:00,19.63446279112833,19.771376781891416,19.26736994754415,19.35666275024414,19800,0.0,0.0
2024-09-13 00:00:00-04:00,19.535246904528787,20.497622504815194,19.436032476414418,20.04123878479004,27200,0.0,0.0
2024-09-16 00:00:00-04:00,20.229745382188195,20.96492265630997,20.229745382188195,20.795265197753906,21400,0.0,0.0
2024-09-17 00:00:00-04:00,21.12267254049634,21.152435544932864,20.39840852402911,20.725814819335938,22200,0.0,0.0
2024-09-18 00:00:00-04:00,20.576994464884486,20.929203900576276,20.061080932617188,20.061080932617188,50700,0.0,0.0
2024-09-19 00:00:00-04:00,20.47777907967591,20.47777907967591,19.813044876602508,20.22974395751953,53200,0.0,0.0
2024-09-20 00:00:00-04:00,19.92218132907516,20.190059720456563,19.455875971467325,19.6146183013916,83900,0.0,0.0
2024-09-23 00:00:00-04:00,19.644381180164785,19.79320376933217,19.406267686797932,19.515403747558594,11100,0.0,0.0
2024-09-24 00:00:00-04:00,19.565010107099685,19.57493173924771,19.267368712090256,19.27729034423828,18500,0.0,0.0
2024-09-25 00:00:00-04:00,19.287211942219372,19.287211942219372,18.786179927599736,18.93996238708496,20000,0.0,0.0
2024-09-26 00:00:00-04:00,19.197920517281435,19.197920517281435,18.939963740529716,19.118549346923828,14100,0.0,0.0
2024-09-27 00:00:00-04:00,19.287213080314448,19.287213080314448,18.691928363865877,18.920120239257812,25800,0.0,0.0
2024-09-30 00:00:00-04:00,18.860592298227054,19.237604878900175,18.860592298227054,19.207841873168945,42200,0.0,0.0
2024-10-01 00:00:00-04:00,18.890355938006934,18.959805469897606,18.63239918215742,18.791141510009766,28500,0.0,0.0
2024-10-02 00:00:00-04:00,18.70184953099889,18.855630103372153,18.46968749441391,18.523263931274414,13100,0.0,0.0
2024-10-03 00:00:00-04:00,18.48357655654484,18.48357655654484,18.25538469726402,18.453813552856445,27400,0.0,0.0
2024-10-04 00:00:00-04:00,18.79114205461868,18.86059158852215,18.52326365896996,18.61255645751953,17900,0.0,0.0
2024-10-07 00:00:00-04:00,18.47365738971258,18.61255645751953,18.39428622348606,18.61255645751953,23000,0.0,0.0
2024-10-08 00:00:00-04:00,18.741534568077487,18.895317036087224,18.26530755356455,18.533185958862305,13100,0.0,0.0
2024-10-09 00:00:00-04:00,18.543107816672364,18.622478986721493,18.34467894537057,18.394287109375,8900,0.0,0.0
2024-10-10 00:00:00-04:00,18.176013832446575,18.840748049549184,18.116485931732896,18.70184898376465,21300,0.0,0.0
2024-10-11 00:00:00-04:00,18.761376387081967,19.217761993408203,18.662161960284283,19.217761993408203,34000,0.0,0.0
2024-10-14 00:00:00-04:00,19.18799777823096,19.54020720811518,19.18799777823096,19.475717544555664,22700,0.0,0.0
2024-10-15 00:00:00-04:00,19.416189138172236,19.753517057058193,19.297133338775904,19.3665828704834,66200,0.0,0.0
2024-10-16 00:00:00-04:00,19.465797837229818,20.61668068917081,19.465797837229818,20.438095092773438,88500,0.0,0.0
2024-10-17 00:00:00-04:00,20.31903850903718,20.824038833476184,20.100768263923516,20.41825294494629,40600,0.0,0.0
2024-10-18 00:00:00-04:00,20.55715150085776,21.251650642331555,20.30911636352539,20.30911636352539,35000,0.0,0.0
2024-10-21 00:00:00-04:00,19.857691282100607,19.88249630821225,19.287211636331094,19.316974639892578,10700,0.0,0.0
2024-10-22 00:00:00-04:00,19.23760433180362,19.72375296595355,19.23760433180362,19.38642692565918,10300,0.0,0.0
2024-10-23 00:00:00-04:00,19.247525708127405,19.832888766273427,19.133429775418655,19.813045501708984,22500,0.0,0.0
2024-10-24 00:00:00-04:00,20.011474213995633,20.259509342135214,19.5848534908183,20.00155258178711,20100,0.0,0.0
2024-10-25 00:00:00-04:00,19.91226037607415,19.91226037607415,19.535247802734375,19.535247802734375,20100,0.0,0.0
2024-10-28 00:00:00-04:00,19.545170126486,20.25951066077372,19.545170126486,20.13053321838379,10600,0.0,0.0
2024-10-29 00:00:00-04:00,19.937062561740984,20.33888014338347,19.892416163780705,20.32895851135254,9300,0.0,0.0
2024-10-30 00:00:00-04:00,20.814116340429692,20.89447910293938,20.34880256652832,20.34880256652832,11600,0.0,0.0
2024-10-31 00:00:00-04:00,19.545168570981957,19.65430273897784,18.473656908647747,18.840747833251953,32700,0.0,0.0
2024-11-01 00:00:00-04:00,18.86059161599322,19.103664985009424,18.86059161599322,18.94988441467285,39300,0.0,0.0
2024-11-04 00:00:00-05:00,18.741533279418945,18.999490034299296,18.602634216159455,18.741533279418945,37300,0.0,0.0
2024-11-05 00:00:00-05:00,18.761378175342,18.974688550963695,18.761378175342,18.830827713012695,28800,0.0,0.0
2024-11-06 00:00:00-05:00,19.793204225362473,22.41245460510254,19.46083616555089,22.41245460510254,101600,0.0,0.0
2024-11-07 00:00:00-05:00,22.412454009003476,22.412454009003476,20.820068963325536,21.00361442565918,29000,0.0,0.0
2024-11-08 00:00:00-05:00,21.291334188511687,21.906462130191205,21.261571184667048,21.628662109375,35400,0.0,0.0
2024-11-11 00:00:00-05:00,21.827091302626297,22.323161559504168,21.519528273222214,22.214025497436523,39300,0.0,0.0
2024-11-12 00:00:00-05:00,22.32316110621438,22.38268900597076,22.025519715074648,22.154497146606445,19600,0.0,0.0
2024-11-13 00:00:00-05:00,22.23386917639584,22.23386917639584,21.46992051239532,21.598899841308594,21300,0.0,0.0
2024-11-14 00:00:00-05:00,21.866778918194274,21.866778918194274,21.24172930374545,21.519529342651367,11800,0.0,0.0
2024-11-15 00:00:00-05:00,21.737798934843884,21.936227798461914,21.43023589935804,21.936227798461914,25500,0.0,0.0
2024-11-18 00:00:00-05:00,21.837013631621552,21.837013631621552,20.87463798381986,20.884557723999023,12700,0.0,0.0
2024-11-19 00:00:00-05:00,20.537310576903334,21.043300602844738,20.537310576903334,21.018497467041016,15900,0.0,0.0
2024-11-20 00:00:00-05:00,20.83495165748058,21.46992100720164,20.681169190188417,21.370708465576172,49400,0.0,0.0
2024-11-21 00:00:00-05:00,21.360786272687196,21.82709164011351,21.360786272687196,21.549291610717773,26600,0.0,0.0
2024-11-22 00:00:00-05:00,21.579056438875632,22.184262765244597,21.549291541849037,22.124732971191406,21900,0.0,0.0
2024-11-25 00:00:00-05:00,22.392610982325575,22.819231703915158,22.11481285095215,22.11481285095215,36000,0.0,0.0
2024-11-26 00:00:00-05:00,21.886618900888024,21.886618900888024,21.202043318362257,21.3409423828125,23800,0.0,0.0
2024-11-27 00:00:00-05:00,21.569135149614894,21.708034219899265,21.29133511668825,21.459999084472656,20900,0.0,0.0
2024-11-29 00:00:00-05:00,21.600000381469727,21.760000228881836,21.450000762939453,21.579999923706055,16900,0.17,0.0
2024-12-02 00:00:00-05:00,21.6299991607666,21.81999969482422,21.354999542236328,21.59000015258789,25500,0.0,0.0
2024-12-03 00:00:00-05:00,21.459999084472656,21.600000381469727,21.149999618530273,21.149999618530273,20600,0.0,0.0
2024-12-04 00:00:00-05:00,21.34000015258789,21.760000228881836,21.34000015258789,21.760000228881836,35700,0.0,0.0
2024-12-05 00:00:00-05:00,21.65999984741211,22.079999923706055,21.459999084472656,21.84000015258789,25800,0.0,0.0
2024-12-06 00:00:00-05:00,21.8700008392334,22.06999969482422,21.5,21.81999969482422,18600,0.0,0.0
2024-12-09 00:00:00-05:00,22.139999389648438,22.200000762939453,21.56999969482422,21.700000762939453,16000,0.0,0.0
2024-12-10 00:00:00-05:00,21.68000030517578,22.09000015258789,21.510000228881836,21.75,29300,0.0,0.0
2024-12-11 00:00:00-05:00,22.040000915527344,22.19499969482422,21.899999618530273,22.010000228881836,39500,0.0,0.0
2024-12-12 00:00:00-05:00,22.100000381469727,22.100000381469727,21.65999984741211,21.809999465942383,20800,0.0,0.0
2024-12-13 00:00:00-05:00,21.600000381469727,21.8700008392334,21.584999084472656,21.690000534057617,31000,0.0,0.0
2024-12-16 00:00:00-05:00,21.600000381469727,22.40999984741211,21.450000762939453,21.450000762939453,46900,0.0,0.0
2024-12-17 00:00:00-05:00,21.190000534057617,21.190000534057617,21.0,21.190000534057617,24800,0.0,0.0
2024-12-18 00:00:00-05:00,21.200000762939453,21.270000457763672,19.8799991607666,19.8799991607666,67700,0.0,0.0
2024-12-19 00:00:00-05:00,20.079999923706055,20.510000228881836,19.65999984741211,19.959999084472656,30900,0.0,0.0
2024-12-20 00:00:00-05:00,19.5,21.489999771118164,19.5,21.25,196400,0.0,0.0
2024-12-23 00:00:00-05:00,21.100000381469727,21.3700008392334,19.899999618530273,20.1200008392334,29700,0.0,0.0
2024-12-24 00:00:00-05:00,20.110000610351562,20.260000228881836,20.014999389648438,20.260000228881836,11500,0.0,0.0
2024-12-26 00:00:00-05:00,20.219999313354492,20.75,20.100000381469727,20.700000762939453,27700,0.0,0.0
2024-12-27 00:00:00-05:00,20.450000762939453,20.729999542236328,20.174999237060547,20.59000015258789,67600,0.0,0.0
2024-12-30 00:00:00-05:00,20.440000534057617,21.15999984741211,20.139999389648438,20.469999313354492,83800,0.0,0.0
2024-12-31 00:00:00-05:00,20.469999313354492,20.700000762939453,20.34000015258789,20.700000762939453,47600,0.0,0.0
2025-01-02 00:00:00-05:00,20.989999771118164,20.989999771118164,20.049999237060547,20.06999969482422,58600,0.0,0.0
2025-01-03 00:00:00-05:00,20.06999969482422,20.540000915527344,19.969999313354492,20.420000076293945,23400,0.0,0.0
2025-01-06 00:00:00-05:00,20.450000762939453,20.780000686645508,20.299999237060547,20.360000610351562,45400,0.0,0.0
2025-01-07 00:00:00-05:00,20.5,20.5,19.68000030517578,19.809999465942383,25500,0.0,0.0
2025-01-08 00:00:00-05:00,19.489999771118164,19.799999237060547,18.760000228881836,18.93000030517578,61100,0.0,0.0
2025-01-10 00:00:00-05:00,18.579999923706055,18.729999542236328,17.864999771118164,18.06999969482422,111100,0.0,0.0
2025-01-13 00:00:00-05:00,17.899999618530273,18.510000228881836,17.899999618530273,18.510000228881836,21100,0.0,0.0
2025-01-14 00:00:00-05:00,18.600000381469727,19.020000457763672,18.389999389648438,18.950000762939453,46400,0.0,0.0
2025-01-15 00:00:00-05:00,19.610000610351562,20.209999084472656,19.020000457763672,19.950000762939453,44400,0.0,0.0
2025-01-16 00:00:00-05:00,19.969999313354492,19.969999313354492,19.190000534057617,19.420000076293945,37600,0.0,0.0
2025-01-17 00:00:00-05:00,19.610000610351562,19.610000610351562,19.18000030517578,19.440000534057617,32900,0.0,0.0
2025-01-21 00:00:00-05:00,19.100000381469727,19.700000762939453,19.100000381469727,19.649999618530273,28506,0.0,0.0
