Date,Open,High,Low,Close,Volume,Dividends,Stock Splits
2022-01-03 00:00:00-05:00,37.66926565192378,39.67639132312795,37.526581211332854,38.525386810302734,311400,0.0,0.0
2022-01-04 00:00:00-05:00,38.61099715822789,38.95344560589951,37.574140971092454,37.945125579833984,266800,0.0,0.0
2022-01-05 00:00:00-05:00,38.18293889016431,38.33513780618491,36.00458895629385,36.15678787231445,178300,0.0,0.0
2022-01-06 00:00:00-05:00,36.670454340304104,37.35535116031168,35.53847532164294,36.64191818237305,162100,0.0,0.0
2022-01-07 00:00:00-05:00,36.53709461526439,36.98499443273376,35.82236272031423,36.2607307434082,161400,0.07,0.0
2022-01-10 00:00:00-05:00,35.765179438483244,35.765179438483244,33.17308781945359,35.17433547973633,291000,0.0,0.0
2022-01-11 00:00:00-05:00,35.37446334752995,36.2702629937296,34.726439463803814,36.089195251464844,195300,0.0,0.0
2022-01-12 00:00:00-05:00,36.48945128660739,37.03264730646528,35.50788355142911,36.022491455078125,349000,0.0,0.0
2022-01-13 00:00:00-05:00,36.41320765544302,37.499599581561,35.66988762921797,35.917659759521484,224000,0.0,0.0
2022-01-14 00:00:00-05:00,35.269632039632384,35.708003661536715,33.38274043032677,34.44054412841797,265700,0.0,0.0
2022-01-18 00:00:00-05:00,34.37383824282424,34.8312662095849,33.7067544280554,34.35477828979492,303400,0.0,0.0
2022-01-19 00:00:00-05:00,34.373843120083805,34.76456312433776,32.90625924642166,33.44945526123047,225100,0.0,0.0
2022-01-20 00:00:00-05:00,33.687695912759516,33.687695912759516,30.76206025121302,30.99077606201172,307300,0.0,0.0
2022-01-21 00:00:00-05:00,30.876420774557147,32.029520747073065,30.3522829362394,31.314788818359375,270900,0.0,0.0
2022-01-24 00:00:00-05:00,30.542876442722356,33.668639823219706,30.24745442677923,33.525691986083984,390400,0.0,0.0
2022-01-25 00:00:00-05:00,32.83001800299601,33.78299383103471,32.03904632077304,32.944374084472656,244900,0.0,0.0
2022-01-26 00:00:00-05:00,33.93547181246644,34.2499519638375,31.067012365717094,31.572092056274414,251700,0.0,0.0
2022-01-27 00:00:00-05:00,32.181997196736084,32.87766918084668,31.29572930190548,31.60068130493164,255100,0.0,0.0
2022-01-28 00:00:00-05:00,31.553030420456242,31.553030420456242,30.314160746640937,31.4863224029541,205800,0.0,0.0
2022-01-31 00:00:00-05:00,31.448201916304694,32.572713669591636,31.16230989867386,32.553653717041016,351000,0.0,0.0
2022-02-01 00:00:00-05:00,32.71566350063867,33.049203602425806,31.657859698807364,32.782371520996094,516800,0.0,0.0
2022-02-02 00:00:00-05:00,33.04919830521558,33.05872646289039,30.714407060988542,31.047950744628906,207800,0.0,0.0
2022-02-03 00:00:00-05:00,30.81924057006836,31.753156510335337,30.571468437064688,30.81924057006836,196000,0.0,0.0
2022-02-04 00:00:00-05:00,30.714413411525527,30.733473366129875,29.208711533271035,29.99968147277832,305900,0.0,0.0
2022-02-07 00:00:00-05:00,30.123567399653016,30.866887404275285,29.71378749061397,30.104507446289062,189400,0.0,0.0
2022-02-08 00:00:00-05:00,30.037800627491613,31.06701270307203,29.837674744487394,30.81924057006836,183300,0.0,0.0
2022-02-09 00:00:00-05:00,31.32431579712668,31.715035758016384,30.67629191536115,31.410083770751953,174000,0.0,0.0
2022-02-10 00:00:00-05:00,30.895472779242436,32.14387234911198,30.600052616562134,30.695348739624023,186900,0.0,0.0
2022-02-11 00:00:00-05:00,30.65723137089112,31.229019062477793,30.161685309965605,30.31416130065918,139900,0.0,0.0
2022-02-14 00:00:00-05:00,30.285569499024653,30.619111369655915,29.761431754416392,29.875789642333984,199900,0.0,0.0
2022-02-15 00:00:00-05:00,30.39039961662524,31.181371325971536,29.980619705691634,31.143251419067383,166000,0.0,0.0
2022-02-16 00:00:00-05:00,30.85736094133793,31.07654496409936,30.142627192161566,30.647705078125,145200,0.0,0.0
2022-02-17 00:00:00-05:00,30.218863758611846,30.57146744552742,29.008585793406258,29.103883743286133,102900,0.0,0.0
2022-02-18 00:00:00-05:00,29.07529493815556,29.79955684054936,28.94187889375525,29.361186981201172,156400,0.0,0.0
2022-02-22 00:00:00-05:00,29.04670275622115,29.55178059863557,27.807834908802494,28.07466697692871,311200,0.0,0.0
2022-02-23 00:00:00-05:00,28.446334201380086,28.67504822517354,27.49335819341196,27.56006622314453,234600,0.0,0.0
2022-02-24 00:00:00-05:00,26.721443917933723,29.284947666006655,26.46414000015984,29.084823608398438,261900,0.0,0.0
2022-02-25 00:00:00-05:00,28.779870217219653,29.304006186169598,28.122316398732345,28.80845832824707,292000,0.0,0.0
2022-02-28 00:00:00-05:00,28.50350830467827,28.94187815280359,27.521942498078484,27.788776397705078,359900,0.0,0.0
2022-03-01 00:00:00-05:00,28.084198281632318,28.084198281632318,26.42602048317091,26.750032424926758,355100,0.0,0.0
2022-03-02 00:00:00-05:00,26.826269847325495,28.684573484199063,26.826269847325495,28.150907516479492,313000,0.0,0.0
2022-03-03 00:00:00-05:00,28.027020830025794,28.046080784097907,27.18840284508279,27.61724090576172,243100,0.0,0.0
2022-03-04 00:00:00-05:00,27.464764184702783,27.9507820947897,26.721444172052266,27.75065803527832,310200,0.0,0.0
2022-03-07 00:00:00-05:00,27.855485673262802,28.617867498978658,26.292605747914138,26.568967819213867,390900,0.0,0.0
2022-03-08 00:00:00-05:00,26.74050461242702,29.065766436272916,26.626148516467516,27.931724548339844,279800,0.0,0.0
2022-03-09 00:00:00-05:00,28.665511442593196,29.3611833270393,28.532095414797247,28.58927345275879,258300,0.0,0.0
2022-03-10 00:00:00-05:00,27.836426182634934,29.208712037671393,27.741130043282173,29.142004013061523,269200,0.0,0.0
2022-03-11 00:00:00-05:00,29.275418636384057,29.5422525394844,27.664890693751197,27.82689666748047,446300,0.0,0.0
2022-03-14 00:00:00-04:00,28.15090708031403,29.00858496956035,27.43617520299924,28.779870986938477,473200,0.0,0.0
2022-03-15 00:00:00-04:00,28.570214521890435,30.171214183284466,28.465388418157648,29.952030181884766,468200,0.0,0.0
2022-03-16 00:00:00-04:00,33.55427747233317,34.76455718996556,31.36243383151587,32.86813735961914,780600,0.0,0.0
2022-03-17 00:00:00-04:00,32.94437526324024,32.99202332928419,30.92406745339849,32.39165115356445,395900,0.0,0.0
2022-03-18 00:00:00-04:00,32.3154147114945,32.45836255985622,31.276670767968408,31.772218704223633,736400,0.0,0.0
2022-03-21 00:00:00-04:00,31.791274759396305,31.791274759396305,29.64707910891883,29.83767318725586,336300,0.0,0.0
2022-03-22 00:00:00-04:00,30.733472425813186,31.35290820790112,29.732848469244963,30.34275245666504,344400,0.0,0.0
2022-03-23 00:00:00-04:00,30.12356633585739,30.552406183116165,28.61786460876465,28.61786460876465,235300,0.0,0.0
2022-03-24 00:00:00-04:00,28.65598295265396,29.63754871312239,28.15090692543096,29.44695281982422,284700,0.0,0.0
2022-03-25 00:00:00-04:00,29.5422505324449,29.5422505324449,28.684572654711797,29.304006576538086,289100,0.0,0.0
2022-03-28 00:00:00-04:00,29.132470818453346,29.38024475225465,28.18902496531981,29.32306671142578,379600,0.0,0.0
2022-03-29 00:00:00-04:00,29.65660900443,30.714410953100938,29.64707902789062,30.276042938232422,431300,0.0,0.0
2022-03-30 00:00:00-04:00,29.971092587940113,29.971092587940113,28.35103284137033,28.5320987701416,375900,0.0,0.0
2022-03-31 00:00:00-04:00,28.351032309936567,28.351032309936567,27.71253840033423,27.788776397705078,383300,0.0,0.0
2022-04-01 00:00:00-04:00,28.21894427409846,28.677788451737946,27.588033074023002,27.94172477722168,320800,0.09,0.0
2022-04-04 00:00:00-04:00,27.81745625031974,28.677789572848237,27.63582973917197,28.41012954711914,317500,0.0,0.0
2022-04-05 00:00:00-04:00,27.874808136305823,28.64910785584639,27.45420009340775,28.31453514099121,563400,0.0,0.0
2022-04-06 00:00:00-04:00,27.48288105040233,27.970403680873197,26.928443870838645,27.578474044799805,524800,0.0,0.0
2022-04-07 00:00:00-04:00,27.69318340857126,28.725583708099318,27.186543651951684,28.572635650634766,447300,0.0,0.0
2022-04-08 00:00:00-04:00,28.199823303268374,29.796220153028848,28.199823303268374,29.366052627563477,462900,0.0,0.0
2022-04-11 00:00:00-04:00,29.461646557287807,30.1785912405052,29.098395386702894,29.29913902282715,437300,0.0,0.0
2022-04-12 00:00:00-04:00,29.882255446519544,30.81906457767881,29.184429706365076,29.356494903564453,337500,0.0,0.0
2022-04-13 00:00:00-04:00,29.337375191909917,30.293301378986826,28.916767159076418,29.82489776611328,179000,0.0,0.0
2022-04-14 00:00:00-04:00,29.9300529134719,30.33154204542841,29.61459729716927,30.006526947021484,177400,0.0,0.0
2022-04-18 00:00:00-04:00,29.853578514750655,30.89553834867138,29.308700804464266,30.50360870361328,419700,0.0,0.0
2022-04-19 00:00:00-04:00,30.398456395447056,32.03308953546978,30.398456395447056,31.6889591217041,385700,0.0,0.0
2022-04-20 00:00:00-04:00,31.755872458642905,32.10000650582148,30.666117073623678,31.08672332763672,498400,0.0,0.0
2022-04-21 00:00:00-04:00,31.32570176336027,31.81322251700672,30.55140023473105,31.010244369506836,361900,0.0,0.0
2022-04-22 00:00:00-04:00,30.589642308049626,30.77126699648864,29.480767920245608,29.595478057861328,339000,0.0,0.0
2022-04-25 00:00:00-04:00,29.509445190429688,29.796222346326545,28.773381514133813,29.509445190429688,305100,0.0,0.0
2022-04-26 00:00:00-04:00,29.251340955518263,29.29913653435948,28.324091410409164,28.35276985168457,358600,0.0,0.0
2022-04-27 00:00:00-04:00,28.51528021980127,29.174869848724775,28.199824627409097,28.54395866394043,359400,0.0,0.0
2022-04-28 00:00:00-04:00,28.849854330823103,29.882254601239143,28.46748419794394,29.557239532470703,228600,0.0,0.0
2022-04-29 00:00:00-04:00,29.20354727708354,29.32781871517147,28.543959453206483,28.85941505432129,198900,0.0,0.0
2022-05-02 00:00:00-04:00,28.993243252599484,30.3028630247088,28.69690662395286,30.235946655273438,306200,0.0,0.0
2022-05-03 00:00:00-04:00,30.02564337683975,30.45581091879977,29.203546218109327,29.834457397460938,254100,0.0,0.0
2022-05-04 00:00:00-04:00,29.84401750375617,30.819064560380003,29.174870208486194,30.79038429260254,255600,0.0,0.0
2022-05-05 00:00:00-04:00,30.33153964546789,30.74258822700478,29.21310585374748,30.235946655273438,243200,0.0,0.0
2022-05-06 00:00:00-04:00,29.930051463346228,30.044763419755142,29.021922586854807,29.643274307250977,251400,0.0,0.0
2022-05-09 00:00:00-04:00,29.203549632437632,30.26462847780512,28.97412752433098,29.413854598999023,213800,0.0,0.0
2022-05-10 00:00:00-04:00,29.757983309015938,30.092557860596774,28.065995235125605,29.174869537353516,357600,0.0,0.0
2022-05-11 00:00:00-04:00,29.232225308688538,29.949170012292686,27.836573827515764,27.922605514526367,295400,0.0,0.0
2022-05-12 00:00:00-04:00,27.855692447695297,29.15575282944289,27.683625417959906,29.069719314575195,390800,0.0,0.0
2022-05-13 00:00:00-04:00,29.34693911456411,30.27418699999568,29.088838567398643,29.61459732055664,190100,0.0,0.0
2022-05-16 00:00:00-04:00,29.471204607115524,29.910931606239423,29.117511111661855,29.461645126342773,198900,0.0,0.0
2022-05-17 00:00:00-04:00,29.767542379247093,30.972011477619986,29.413850693279457,30.321979522705078,303600,0.0,0.0
2022-05-18 00:00:00-04:00,28.69690945561773,28.70646893790892,24.662899092976478,25.32248878479004,1414000,0.0,0.0
2022-05-19 00:00:00-04:00,24.787167106301368,26.163701369732312,24.08934140526103,25.08350372314453,583100,0.0,0.0
2022-05-20 00:00:00-04:00,25.293806346380517,25.752652307524507,23.926833413584774,24.920995712280273,448700,0.0,0.0
2022-05-23 00:00:00-04:00,25.0739468122913,25.274692286608854,24.366561557775867,24.60554313659668,381100,0.0,0.0
2022-05-24 00:00:00-04:00,24.07022386294306,24.07022386294306,22.73192744445049,23.62093734741211,439400,0.0,0.0
2022-05-25 00:00:00-04:00,23.47754995506246,26.842411045698416,23.38195695821666,26.316652297973633,405800,0.0,0.0
2022-05-26 00:00:00-04:00,26.871087545550626,28.391010433133008,26.861528064229933,27.358610153198242,383300,0.0,0.0
2022-05-27 00:00:00-04:00,27.196100642855175,28.123348384227945,27.04315259939749,27.874807357788086,333800,0.0,0.0
2022-05-31 00:00:00-04:00,27.521117704757405,27.702742380100158,25.9916353349831,26.058549880981445,594000,0.0,0.0
2022-06-01 00:00:00-04:00,26.287976988652296,26.421806106234243,25.446762527260812,25.876928329467773,363700,0.0,0.0
2022-06-02 00:00:00-04:00,25.934278894452078,26.192379424856775,25.465875241098,26.087228775024414,398800,0.0,0.0
2022-06-03 00:00:00-04:00,26.211499074072048,26.46004012949264,25.762214371937546,26.26885414123535,247400,0.0,0.0
2022-06-06 00:00:00-04:00,26.43135990608215,26.55563133707436,25.599705106667884,26.53651237487793,358100,0.0,0.0
2022-06-07 00:00:00-04:00,26.039433894579446,27.052715328265858,25.637944749415418,26.52695655822754,401100,0.0,0.0
2022-06-08 00:00:00-04:00,26.469602138758347,26.90932740113992,25.829131387209404,26.4409236907959,241500,0.0,0.0
2022-06-09 00:00:00-04:00,26.240177787859533,26.71814094010991,26.01075387028879,26.54607391357422,248000,0.0,0.0
2022-06-10 00:00:00-04:00,25.991637612687935,26.57475143840494,25.513674444203783,25.56147003173828,393700,0.0,0.0
2022-06-13 00:00:00-04:00,24.768047298341926,25.63793998050797,24.376117708499404,24.634218215942383,381100,0.0,0.0
2022-06-14 00:00:00-04:00,24.67245811210937,25.22689531159661,24.127580394733865,25.026151657104492,309400,0.0,0.0
2022-06-15 00:00:00-04:00,25.27468999874086,25.62838168233999,25.064385061513136,25.102622985839844,319300,0.0,0.0
2022-06-16 00:00:00-04:00,24.42391423492793,24.538626183776234,23.75476697371397,24.051103591918945,432900,0.0,0.0
2022-06-17 00:00:00-04:00,24.003309764365817,24.414358361459485,23.55402324043334,24.041545867919922,823500,0.0,0.0
2022-06-21 00:00:00-04:00,24.9879116736443,25.1982166162374,23.945951911858273,23.97463035583496,413600,0.0,0.0
2022-06-22 00:00:00-04:00,23.496665737201834,24.404796349332017,22.779721092873114,22.961347579956055,539800,0.0,0.0
2022-06-23 00:00:00-04:00,23.142975585753856,23.28636599395374,22.512064353499575,23.056943893432617,387100,0.0,0.0
2022-06-24 00:00:00-04:00,23.257688721304117,24.3570036921741,22.961352054420963,23.00914764404297,824000,0.0,0.0
2022-06-27 00:00:00-04:00,23.114299344751235,23.44887393060584,22.387795102785034,22.55986213684082,432600,0.0,0.0
2022-06-28 00:00:00-04:00,22.779723988129128,23.047384012413314,21.795119228394025,21.852476119995117,693200,0.0,0.0
2022-06-29 00:00:00-04:00,22.101015738704927,22.167930284589772,21.240680653657943,21.364952087402344,338600,0.0,0.0
2022-06-30 00:00:00-04:00,20.982585003935437,21.25980270911386,20.294316835769894,20.657569885253906,379000,0.0,0.0
2022-07-01 00:00:00-04:00,20.47594230090297,20.67668595737305,19.711201957276778,20.322994232177734,447900,0.0,0.0
2022-07-05 00:00:00-04:00,20.055333070948848,20.97302325490988,19.825910980779764,20.896549224853516,319200,0.0,0.0
2022-07-06 00:00:00-04:00,20.70536276261438,20.915665884619024,19.61560740351404,19.95018196105957,298800,0.0,0.0
2022-07-07 00:00:00-04:00,20.198718855446042,20.867867893344005,20.0840087378709,20.571531295776367,297500,0.0,0.0
2022-07-08 00:00:00-04:00,20.600332223920883,20.744324833381725,20.005169851125462,20.581134796142578,240300,0.09,0.0
2022-07-11 00:00:00-04:00,20.571533300452852,20.830717776837645,20.12035991616631,20.216354370117188,282500,0.0,0.0
2022-07-12 00:00:00-04:00,20.283548895552393,20.81151744966135,19.947571070414305,20.00516700744629,345100,0.0,0.0
2022-07-13 00:00:00-04:00,19.736385943464054,20.177959744280546,19.592395163328586,19.851579666137695,422600,0.0,0.0
2022-07-14 00:00:00-04:00,20.04356466476316,20.302749140444103,19.227616385751322,19.43880271911621,340800,0.0,0.0
2022-07-15 00:00:00-04:00,19.861176306626156,20.05316337426659,19.61159147084594,20.014766693115234,302500,0.0,0.0
2022-07-18 00:00:00-04:00,20.20675688582268,21.243493070430866,20.197159087256875,20.648330688476562,219600,0.0,0.0
2022-07-19 00:00:00-04:00,20.859514327032958,21.82905480970611,20.859514327032958,21.62746810913086,413000,0.0,0.0
2022-07-20 00:00:00-04:00,21.43547969532632,22.18423423800683,21.003505568598733,22.107439041137695,296100,0.0,0.0
2022-07-21 00:00:00-04:00,22.069043006934486,22.261031936150374,21.598672144391895,22.23223304748535,244900,0.0,0.0
2022-07-22 00:00:00-04:00,22.145835990618913,22.952186482919952,21.848254828037465,22.165035247802734,255000,0.0,0.0
2022-07-25 00:00:00-04:00,22.1842325097366,22.3090240083238,21.42587839765954,21.77145767211914,242400,0.0,0.0
2022-07-26 00:00:00-04:00,21.118697497041303,21.118697497041303,20.158756701721245,20.24515151977539,342300,0.0,0.0
2022-07-27 00:00:00-04:00,20.513937755562996,21.109100085825958,19.82277913855832,20.66752815246582,322300,0.0,0.0
2022-07-28 00:00:00-04:00,20.69632605493844,20.926711659725605,20.168359272835602,20.849916458129883,254600,0.0,0.0
2022-07-29 00:00:00-04:00,20.84991688935198,21.032306183517296,20.379546040982127,20.936311721801758,275100,0.0,0.0
2022-08-01 00:00:00-04:00,20.85951343745805,22.030642401704362,20.801917501313056,21.82905387878418,262300,0.0,0.0
2022-08-02 00:00:00-04:00,22.03064612325722,22.03064612325722,20.993909942806415,21.416282653808594,248600,0.0,0.0
2022-08-03 00:00:00-04:00,21.665865546675054,22.261029702779894,21.560271463105988,22.165035247802734,203500,0.0,0.0
2022-08-04 00:00:00-04:00,22.04024178921256,22.549011116212032,21.723461371140942,22.52981185913086,228000,0.0,0.0
2022-08-05 00:00:00-04:00,22.12663809347328,22.337826273592334,21.723462822541148,22.0594425201416,187200,0.0,0.0
2022-08-08 00:00:00-04:00,22.107441028980777,24.046520382018855,22.107441028980777,23.681743621826172,309500,0.0,0.0
2022-08-09 00:00:00-04:00,23.35536156125691,23.72973791894172,22.193833974110742,22.894590377807617,213900,0.0,0.0
2022-08-10 00:00:00-04:00,23.604949380863204,24.142515829210264,23.432159707587537,23.873733520507812,282000,0.0,0.0
2022-08-11 00:00:00-04:00,23.988921351739844,25.054456269146343,23.988921351739844,24.968061447143555,253500,0.0,0.0
2022-08-12 00:00:00-04:00,25.131252820550337,25.467232498605032,24.766474256625145,25.246444702148438,282800,0.0,0.0
2022-08-15 00:00:00-04:00,24.977661061860694,25.092852937174772,24.23850617665161,24.58408546447754,174900,0.0,0.0
2022-08-16 00:00:00-04:00,24.737676419304822,26.455969607843016,24.660881223687614,25.457632064819336,614700,0.0,0.0
2022-08-17 00:00:00-04:00,25.04485685269791,25.342438002699154,24.24810602267132,25.01605796813965,367000,0.0,0.0
2022-08-18 00:00:00-04:00,24.766478725769332,25.23685145849046,24.363303405538563,24.593690872192383,238500,0.0,0.0
2022-08-19 00:00:00-04:00,24.401699178950604,24.77607556595347,24.142514681359973,24.4208984375,330100,0.0,0.0
2022-08-22 00:00:00-04:00,23.998522287188205,24.200108995548455,23.364961445281793,23.720138549804688,382500,0.0,0.0
2022-08-23 00:00:00-04:00,23.7585372355086,24.305703254648392,23.66254277947977,23.748937606811523,440700,0.0,0.0
2022-08-24 00:00:00-04:00,23.499352029227385,23.499352029227385,21.5794702915923,21.694664001464844,766200,0.0,0.0
2022-08-25 00:00:00-04:00,23.998522241935124,25.918404021289934,23.40335808472068,24.084917068481445,1150700,0.0,0.0
2022-08-26 00:00:00-04:00,23.950526699767533,24.324903072875404,22.904190949907168,23.480154037475586,558000,0.0,0.0
2022-08-29 00:00:00-04:00,23.38416070253761,24.104116371153257,23.000182881189044,23.720138549804688,676200,0.0,0.0
2022-08-30 00:00:00-04:00,23.92172382157677,24.20970531731011,22.74099712575169,23.08657455444336,385100,0.0,0.0
2022-08-31 00:00:00-04:00,23.04818242834411,23.076981315982163,22.299427828233195,22.83699607849121,362400,0.0,0.0
2022-09-01 00:00:00-04:00,22.529811419697236,22.529811419697236,21.800256143319718,22.443416595458984,380300,0.0,0.0
2022-09-02 00:00:00-04:00,22.779396653943287,22.894590365213208,22.011444681950255,22.1362361907959,280700,0.0,0.0
2022-09-06 00:00:00-04:00,22.136237793501667,23.28816766583506,21.934651072861453,22.83699607849121,474900,0.0,0.0
2022-09-07 00:00:00-04:00,22.529810320461806,23.316963328554017,22.433817703495603,22.971384048461914,385600,0.0,0.0
2022-09-08 00:00:00-04:00,22.58741213117454,22.58741213117454,21.80025898217299,22.251432418823242,274300,0.0,0.0
2022-09-09 00:00:00-04:00,22.40502149348838,23.230571280693653,22.40502149348838,22.750600814819336,298800,0.0,0.0
2022-09-12 00:00:00-04:00,22.990585631533744,23.86413171713491,22.990585631533744,23.441757202148438,319100,0.0,0.0
2022-09-13 00:00:00-04:00,22.635405888062337,22.750599599332254,21.963446539361986,22.1362361907959,363500,0.0,0.0
2022-09-14 00:00:00-04:00,22.405022590758215,22.405022590758215,21.55067570556236,21.8194580078125,247500,0.0,0.0
2022-09-15 00:00:00-04:00,21.627466590063484,22.299424042392673,21.550671400341813,21.704261779785156,277300,0.0,0.0
2022-09-16 00:00:00-04:00,21.704262413404184,22.155433937322467,21.281887942133615,21.45467758178711,598000,0.0,0.0
2022-09-19 00:00:00-04:00,21.099499147343376,21.85785328704841,21.061102465972226,21.560270309448242,284900,0.0,0.0
2022-09-20 00:00:00-04:00,21.253093632722834,21.29149215243981,20.398746709384245,20.830720901489258,354700,0.0,0.0
2022-09-21 00:00:00-04:00,20.955511243786056,21.329887635147035,20.57153522303863,20.590734481811523,289600,0.0,0.0
2022-09-22 00:00:00-04:00,20.619531614713267,20.638730873556636,20.197158905811815,20.225955963134766,298600,0.0,0.0
2022-09-23 00:00:00-04:00,19.74598265813267,20.17795676571541,19.54439596188862,20.02436637878418,406400,0.0,0.0
2022-09-26 00:00:00-04:00,19.94757232170527,20.446740192197787,19.035627745274695,19.112422943115234,290600,0.0,0.0
2022-09-27 00:00:00-04:00,19.102822348416577,19.458001264805052,18.651650812788592,19.294811248779297,389500,0.0,0.0
2022-09-28 00:00:00-04:00,19.477203998780315,21.416283450155078,19.477203998780315,21.185897827148438,643200,0.0,0.0
2022-09-29 00:00:00-04:00,20.792320683771134,21.454680447259932,20.571534706255548,20.87871551513672,467300,0.0,0.0
2022-09-30 00:00:00-04:00,20.350749184324147,21.272291631597863,19.362009331529066,20.581134796142578,570600,0.0,0.0
2022-10-03 00:00:00-04:00,20.735371732946657,21.04384744452291,20.12805856695317,20.301576614379883,333000,0.09,0.0
2022-10-04 00:00:00-04:00,20.68717004833177,21.757196719335195,20.68717004833177,21.699357986450195,389600,0.0,0.0
2022-10-05 00:00:00-04:00,21.304125093225384,22.036755847410998,21.159527329336452,21.901796340942383,300300,0.0,0.0
2022-10-06 00:00:00-04:00,21.747555836058247,22.740463547683753,21.747555836058247,22.68262481689453,326800,0.0,0.0
2022-10-07 00:00:00-04:00,22.33559133630654,22.509109387388904,21.4198024394431,21.60296058654785,430500,0.0,0.0
2022-10-10 00:00:00-04:00,21.718640616672936,22.277753333794877,21.255925185634485,21.583681106567383,267100,0.0,0.0
2022-10-11 00:00:00-04:00,21.554762899608665,22.19099455597812,21.169166396278968,21.477643966674805,355000,0.0,0.0
2022-10-12 00:00:00-04:00,21.477643966674805,21.882518824242673,21.17880649272825,21.477643966674805,265900,0.0,0.0
2022-10-13 00:00:00-04:00,21.05348828826538,22.29703127456643,20.571494512139637,21.99819564819336,272500,0.0,0.0
2022-10-14 00:00:00-04:00,21.998192740326985,22.431987816962394,21.689717058568515,22.0753116607666,329100,0.0,0.0
2022-10-17 00:00:00-04:00,22.499467849731445,22.942901206386797,22.33558990517182,22.499467849731445,337300,0.0,0.0
2022-10-18 00:00:00-04:00,22.885064237982032,23.376698109585757,22.25847269762211,22.60550880432129,322500,0.0,0.0
2022-10-19 00:00:00-04:00,22.316310466866245,22.97182226720855,21.834316712339284,22.277751922607422,342700,0.0,0.0
2022-10-20 00:00:00-04:00,22.277751793677513,23.338136576571767,22.181352675597967,22.229551315307617,255200,0.0,0.0
2022-10-21 00:00:00-04:00,22.403070564390916,22.875424245845682,22.133153386990898,22.24883270263672,301700,0.0,0.0
2022-10-24 00:00:00-04:00,22.258474117111966,22.557309762127055,21.602962246503036,21.91143798828125,207200,0.0,0.0
2022-10-25 00:00:00-04:00,22.017473046847652,23.424893811998423,21.882515395027745,23.135698318481445,298900,0.0,0.0
2022-10-26 00:00:00-04:00,23.029657736754302,23.318855051651333,22.701901883067002,22.817581176757812,276300,0.0,0.0
2022-10-27 00:00:00-04:00,22.98146245798743,23.338136808162808,22.58622772473349,22.779024124145508,194600,0.0,0.0
2022-10-28 00:00:00-04:00,22.750104863363283,23.029660276062227,22.316309762516404,22.95254135131836,233000,0.0,0.0
2022-10-31 00:00:00-04:00,22.98146307874977,23.3574176306195,22.740466193979877,23.11642074584961,245000,0.0,0.0
2022-11-01 00:00:00-04:00,23.37669651917737,23.87797045282581,22.798303660249186,23.85869026184082,251800,0.0,0.0
2022-11-02 00:00:00-04:00,23.71409700989696,23.868334889745025,22.393433095204774,22.43199348449707,225500,0.0,0.0
2022-11-03 00:00:00-04:00,22.653705330175917,23.675531523861135,22.190991790242254,23.318857192993164,242500,0.0,0.0
2022-11-04 00:00:00-04:00,23.7333765454741,23.945453164710745,23.174263786886126,23.906892776489258,226400,0.0,0.0
2022-11-07 00:00:00-05:00,24.06112676735831,24.06112676735831,22.827223962053914,23.453815460205078,273100,0.0,0.0
2022-11-08 00:00:00-05:00,23.64661136572454,24.109324872176554,22.90434063329524,23.261014938354492,273400,0.0,0.0
2022-11-09 00:00:00-05:00,22.991104294799428,23.232101191309567,21.410163403403836,21.57404136657715,217600,0.0,0.0
2022-11-10 00:00:00-05:00,22.769386303723174,24.456364483898753,22.56694796599875,24.080408096313477,367300,0.0,0.0
2022-11-11 00:00:00-05:00,23.858690723883814,24.398523211296315,23.46345599433856,23.694812774658203,532000,0.0,0.0
2022-11-14 00:00:00-05:00,23.559851825618203,23.559851825618203,22.682623466458054,22.76938247680664,496200,0.0,0.0
2022-11-15 00:00:00-05:00,23.53093344317375,24.302122665604546,23.251378039540143,23.579132080078125,579400,0.0,0.0
2022-11-16 00:00:00-05:00,22.52839069944793,23.916531499798566,20.995650290232916,23.338138580322266,521300,0.0,0.0
2022-11-17 00:00:00-05:00,23.203182408904244,24.17681015468355,22.933267044023996,24.003292083740234,291000,0.0,0.0
2022-11-18 00:00:00-05:00,24.658803716314576,24.77448304193127,23.62733723742945,24.311767578125,370700,0.0,0.0
2022-11-21 00:00:00-05:00,24.061127310102343,24.938357633693812,24.022568765896928,24.80339813232422,284000,0.0,0.0
2022-11-22 00:00:00-05:00,25.121513581435845,25.921623127992902,25.121513581435845,25.420351028442383,368000,0.0,0.0
2022-11-23 00:00:00-05:00,25.256474713091972,25.60350898310622,24.485283564777358,24.870878219604492,196800,0.0,0.0
2022-11-25 00:00:00-05:00,24.832318716207045,25.082955691848127,24.34068486075649,24.745559692382812,123200,0.0,0.0
2022-11-28 00:00:00-05:00,24.494921987718406,25.092595040868336,24.398522870931615,24.562400817871094,255200,0.0,0.0
2022-11-29 00:00:00-05:00,24.56240090326155,25.015476202136508,24.388882860174142,24.813037872314453,197700,0.0,0.0
2022-11-30 00:00:00-05:00,24.80339818751047,25.815586176063345,24.331044528316564,25.45890998840332,663700,0.0,0.0
2022-12-01 00:00:00-05:00,25.545671667461775,25.902347892206745,24.04185151054178,24.33104705810547,354200,0.0,0.0
2022-12-02 00:00:00-05:00,23.94544922588022,24.72627857232017,23.781571280216507,24.466001510620117,266500,0.0,0.0
2022-12-05 00:00:00-05:00,24.359964345503975,24.919077016890327,23.935809334523228,24.15752601623535,308500,0.0,0.0
2022-12-06 00:00:00-05:00,24.118966146497236,24.43708192757602,23.36705528273824,23.636972427368164,235800,0.0,0.0
2022-12-07 00:00:00-05:00,23.530932629103607,23.80084976694647,23.232097045582634,23.347774505615234,254700,0.0,0.0
2022-12-08 00:00:00-05:00,23.41525546070675,24.176804571163334,23.17425860420047,23.289936065673828,271400,0.0,0.0
2022-12-09 00:00:00-05:00,22.971820279438433,23.434533802466877,22.644064407628257,22.885061264038086,293500,0.0,0.0
2022-12-12 00:00:00-05:00,22.740466430292138,23.03930205568733,22.325951489994754,23.01038360595703,182400,0.0,0.0
2022-12-13 00:00:00-05:00,23.993651972411858,24.176810140372552,22.99110577450912,23.29958152770996,530000,0.0,0.0
2022-12-14 00:00:00-05:00,23.48273474205266,23.617692395943955,22.57658602917936,23.12605857849121,353900,0.0,0.0
2022-12-15 00:00:00-05:00,22.740465429934257,22.991102402313157,20.937807983411517,21.01492691040039,634600,0.0,0.0
2022-12-16 00:00:00-05:00,21.400524229041363,22.489829345604797,21.19808588853929,22.10423469543457,1849000,0.0,0.0
2022-12-19 00:00:00-05:00,22.36451242936408,22.470549812106444,21.564402817309766,21.834318161010742,410700,0.0,0.0
2022-12-20 00:00:00-05:00,21.815035655385834,21.815035655385834,21.227004548481577,21.39088249206543,370400,0.0,0.0
2022-12-21 00:00:00-05:00,21.737915375729177,23.077859126885368,21.737915375729177,22.89470100402832,401600,0.0,0.0
2022-12-22 00:00:00-05:00,22.615148311515224,22.750107826389577,21.85359906031613,22.672988891601562,300900,0.0,0.0
2022-12-23 00:00:00-05:00,22.788662324344294,23.58877182006836,22.480186640015997,23.58877182006836,233300,0.0,0.0
2022-12-27 00:00:00-05:00,23.627334570114368,23.656254857918825,22.566947919868124,23.17426109313965,384000,0.0,0.0
2022-12-28 00:00:00-05:00,23.241738280969557,23.251378376222046,22.431988666361914,22.50910758972168,258100,0.0,0.0
2022-12-29 00:00:00-05:00,22.740465424014992,23.76229166601664,22.740465424014992,23.743011474609375,317800,0.0,0.0
2022-12-30 00:00:00-05:00,23.50201411537442,23.617693422782214,22.952541542172874,23.048940658569336,288700,0.0,0.0
2023-01-03 00:00:00-05:00,23.33813648854438,23.434535606260322,21.940355716974025,21.978914260864258,358700,0.0,0.0
2023-01-04 00:00:00-05:00,22.08495292423413,22.72118451119089,21.718638492428195,21.892154693603516,385400,0.0,0.0
2023-01-05 00:00:00-05:00,21.949996132942758,23.02966111886894,21.14988656994629,22.981462478637695,446900,0.0,0.0
2023-01-06 00:00:00-05:00,23.145961048835748,23.94910259747129,22.952432208786878,23.832984924316406,296900,0.09,0.0
2023-01-09 00:00:00-05:00,23.697514967660837,23.939425085965617,23.252401235881358,23.649133682250977,301100,0.0,0.0
2023-01-10 00:00:00-05:00,23.68784138246259,24.094250507213918,23.058875363250007,24.02651596069336,288800,0.0,0.0
2023-01-11 00:00:00-05:00,24.413567627809552,25.071563416099153,24.055541701940456,24.878034591674805,348100,0.0,0.0
2023-01-12 00:00:00-05:00,25.13929850771921,25.545707571508956,24.771595947922627,24.955448150634766,298400,0.0,0.0
2023-01-13 00:00:00-05:00,24.578069064889288,25.023184667908946,24.510334523166865,24.897390365600586,193600,0.0,0.0
2023-01-17 00:00:00-05:00,25.00383302528593,25.45862343874256,24.72321636792498,25.042537689208984,241300,0.0,0.0
2023-01-18 00:00:00-05:00,25.197360745840946,25.91341452960198,24.82965630419498,24.974802017211914,266500,0.0,0.0
2023-01-19 00:00:00-05:00,24.897389488698444,24.897389488698444,23.958778873151665,24.713539123535156,242400,0.0,0.0
2023-01-20 00:00:00-05:00,24.82965555543729,25.85535398820448,24.655479966818223,25.690855026245117,293100,0.0,0.0
2023-01-23 00:00:00-05:00,25.8747066315564,26.755259334925583,25.574738594688206,26.687524795532227,357700,0.0,0.0
2023-01-24 00:00:00-05:00,26.493996763064477,26.87137782285053,26.01985312727835,26.590761184692383,285500,0.0,0.0
2023-01-25 00:00:00-05:00,26.387557842512834,27.790635511423805,25.923090828485524,27.771284103393555,372900,0.0,0.0
2023-01-26 00:00:00-05:00,28.21640123849435,28.245431122453525,26.53270672705162,26.76494026184082,374000,0.0,0.0
2023-01-27 00:00:00-05:00,26.92943622574683,26.997170768425892,26.387558038686475,26.66817283630371,262500,0.0,0.0
2023-01-30 00:00:00-05:00,26.49399634618869,26.852024146890127,25.80697247013357,25.836002349853516,282200,0.0,0.0
2023-01-31 00:00:00-05:00,25.913413611000344,26.74558319742429,25.913413611000344,26.42626190185547,427900,0.0,0.0
2023-02-01 00:00:00-05:00,26.53270480090172,27.122966145824932,26.000503219681992,26.793968200683594,449200,0.0,0.0
2023-02-02 00:00:00-05:00,27.045553735299908,28.51636594820464,27.045553735299908,27.74225425720215,452300,0.0,0.0
2023-02-03 00:00:00-05:00,27.384224635533595,27.54872358969593,26.677847533506768,27.03587532043457,396600,0.0,0.0
2023-02-06 00:00:00-05:00,26.803643437255364,27.45196266661596,26.329497953084374,26.842348098754883,334700,0.0,0.0
2023-02-07 00:00:00-05:00,26.726232930087367,27.36487554847216,26.10694172011735,27.142316818237305,357000,0.0,0.0
2023-02-08 00:00:00-05:00,26.755263633854426,26.813321556144707,26.097267695804337,26.76494026184082,373800,0.0,0.0
2023-02-09 00:00:00-05:00,27.10360967324275,27.70354572859147,26.32949619309161,26.445613861083984,431700,0.0,0.0
2023-02-10 00:00:00-05:00,26.290791680980227,26.60043633651857,25.92308911393538,26.019851684570312,254600,0.0,0.0
2023-02-13 00:00:00-05:00,26.11661845886412,26.871378759105827,25.797297148305688,26.774614334106445,241000,0.0,0.0
2023-02-14 00:00:00-05:00,26.71655419589724,27.297137006362732,26.426260945036752,26.948787689208984,288500,0.0,0.0
2023-02-15 00:00:00-05:00,26.76493385976521,27.67451637100843,26.697199325690395,27.480987548828125,221000,0.0,0.0
2023-02-16 00:00:00-05:00,27.15199024423666,27.906750452268813,26.910080134106472,27.161666870117188,304100,0.0,0.0
2023-02-17 00:00:00-05:00,27.335843435507293,27.81966367330388,27.13263982153404,27.65516471862793,269200,0.0,0.0
2023-02-21 00:00:00-05:00,27.210055495074428,27.287466672125543,25.990828072298296,26.039209365844727,449700,0.0,0.0
2023-02-22 00:00:00-05:00,26.252086709725962,26.648821024140688,25.56506282082159,25.913414001464844,373100,0.0,0.0
2023-02-23 00:00:00-05:00,26.1650009958443,26.677849299045942,25.49732850880738,25.768266677856445,370100,0.0,0.0
2023-02-24 00:00:00-05:00,25.35218028505815,25.86502853743689,24.97479925815138,25.77794075012207,307000,0.0,0.0
2023-02-27 00:00:00-05:00,26.039205257023333,26.26176212522373,25.603766301302773,25.84567642211914,217800,0.0,0.0
2023-02-28 00:00:00-05:00,25.88438557569608,26.45529366688503,25.497329711914062,25.497329711914062,426100,0.0,0.0
2023-03-01 00:00:00-05:00,25.26509381778399,26.0682353517169,25.052211728501778,25.081241607666016,323800,0.0,0.0
2023-03-02 00:00:00-05:00,25.129624212027313,25.45862214396688,24.878037449624827,25.37153434753418,281600,0.0,0.0
2023-03-03 00:00:00-05:00,25.381209520204113,25.58441498211364,24.887712650569846,25.47797393798828,309400,0.0,0.0
2023-03-06 00:00:00-05:00,25.55538688575936,25.816650278313258,23.93942708661073,24.239395141601562,463700,0.0,0.0
2023-03-07 00:00:00-05:00,24.40389205105237,25.39088577591373,24.181335185336888,25.003829956054688,340700,0.0,0.0
2023-03-08 00:00:00-05:00,25.052211521141903,25.894059553659066,24.742566861797396,25.84567642211914,319400,0.0,0.0
2023-03-09 00:00:00-05:00,25.642474350216492,26.232735671143146,25.207035368282426,25.710208892822266,574300,0.0,0.0
2023-03-10 00:00:00-05:00,25.390888813645244,25.477976614236063,24.326483797468104,24.790952682495117,355500,0.0,0.0
2023-03-13 00:00:00-04:00,24.44260073476629,24.44260073476629,23.47496017604535,23.871692657470703,562800,0.0,0.0
2023-03-14 00:00:00-04:00,24.60710193918647,24.674836489150316,23.794283648364217,24.065223693847656,369500,0.0,0.0
2023-03-15 00:00:00-04:00,23.465282946469117,24.007161128663327,23.078227102044682,23.852338790893555,471700,0.0,0.0
2023-03-16 00:00:00-04:00,23.562046985221844,24.365188541432047,23.0975799794774,23.745899200439453,329000,0.0,0.0
2023-03-17 00:00:00-04:00,23.41690092501032,23.649134424395406,22.429907168402856,22.933080673217773,833500,0.0,0.0
2023-03-20 00:00:00-04:00,22.933082465124468,23.649136272251912,22.236380066903653,22.34282112121582,556300,0.0,0.0
2023-03-21 00:00:00-04:00,22.95243208070607,23.687839084909076,22.41055391547199,22.594406127929688,497100,0.0,0.0
2023-03-22 00:00:00-04:00,21.984791815354523,25.23606453324691,21.897704021437562,24.113601684570312,845800,0.0,0.0
2023-03-23 00:00:00-04:00,24.1523058219761,24.51033361650082,23.416900671369447,23.726545333862305,534100,0.0,0.0
2023-03-24 00:00:00-04:00,23.59107616139074,23.862016184002623,22.991140044673724,23.474960327148438,394900,0.0,0.0
2023-03-27 00:00:00-04:00,23.67816160097302,24.161981835247623,23.465281362318176,24.045866012573242,407300,0.0,0.0
2023-03-28 00:00:00-04:00,24.103927102074266,24.771599630183292,24.103927102074266,24.365190505981445,354800,0.0,0.0
2023-03-29 00:00:00-04:00,24.461955241539805,24.549043043934514,23.958781682287697,24.52968978881836,352700,0.0,0.0
2023-03-30 00:00:00-04:00,24.800626668764345,24.926420974750975,24.200690556856692,24.549041748046875,263500,0.0,0.0
2023-03-31 00:00:00-04:00,24.723904802055433,25.073632636832908,24.63647238012821,24.918197631835938,357000,0.1,0.0
2023-04-03 00:00:00-04:00,24.937624905200966,25.53993687729912,24.733615324048074,25.413644790649414,322300,0.0,0.0
2023-04-04 00:00:00-04:00,25.471934519318776,25.61765645467517,24.228454506165154,24.345029830932617,469600,0.0,0.0
2023-04-05 00:00:00-04:00,24.228452806468443,24.44217545550311,23.820435492543172,24.29645538330078,408000,0.0,0.0
2023-04-06 00:00:00-04:00,24.131307056018198,24.685044478447594,23.95644221673915,24.578182220458984,252300,0.0,0.0
2023-04-10 00:00:00-04:00,24.451893933859118,25.083348907286805,24.296458920490196,25.063919067382812,255800,0.0,0.0
2023-04-11 00:00:00-04:00,25.267927572141602,25.87023775929314,25.015345223263672,25.77309226989746,335000,0.0,0.0
2023-04-12 00:00:00-04:00,25.938243971671298,26.10339390905391,25.258214381759007,25.403934478759766,301600,0.0,0.0
2023-04-13 00:00:00-04:00,25.53022238199105,25.870235267995643,25.083345391493033,25.199922561645508,250300,0.0,0.0
2023-04-14 00:00:00-04:00,25.28735950311725,26.122822269209564,25.23878490146959,25.306787490844727,330200,0.0,0.0
2023-04-17 00:00:00-04:00,25.365073288256763,25.48164860923025,24.247881702517738,24.35474395751953,278200,0.0,0.0
2023-04-18 00:00:00-04:00,24.383893046321166,24.675333253464064,23.96616072393314,24.02444839477539,318600,0.0,0.0
2023-04-19 00:00:00-04:00,23.956443465460495,24.073020648700194,23.558141023199678,23.937013626098633,282400,0.0,0.0
2023-04-20 00:00:00-04:00,23.78157866255946,24.374175793709558,23.78157866255946,24.238170623779297,317700,0.0,0.0
2023-04-21 00:00:00-04:00,24.18959494259238,24.29645720157258,23.91758461490662,24.11187744140625,182700,0.0,0.0
2023-04-24 00:00:00-04:00,24.121592506686177,24.28674242932283,23.548425237119645,23.762147903442383,156600,0.0,0.0
2023-04-25 00:00:00-04:00,23.5775659602778,23.655283448634638,21.994069587226992,22.02321434020996,354800,0.0,0.0
2023-04-26 00:00:00-04:00,21.955217832588836,22.65467542096009,21.955217832588836,22.528385162353516,282600,0.0,0.0
2023-04-27 00:00:00-04:00,22.61581690979665,22.98497460706011,22.207799532330963,22.606101989746094,391000,0.0,0.0
2023-04-28 00:00:00-04:00,22.606099760059706,22.887825002012555,22.402090164982983,22.586669921875,290100,0.0,0.0
2023-05-01 00:00:00-04:00,21.896930517412244,22.742108218739673,21.479198200533148,22.431238174438477,648500,0.0,0.0
2023-05-02 00:00:00-04:00,22.324373481263066,22.324373481263066,21.420906354891997,22.159223556518555,357600,0.0,0.0
2023-05-03 00:00:00-04:00,22.110649658937355,22.59638448838783,21.440335075474927,21.964929580688477,304200,0.0,0.0
2023-05-04 00:00:00-04:00,21.828923500486614,21.848353339197754,20.925458235595457,21.304330825805664,251200,0.0,0.0
2023-05-05 00:00:00-04:00,21.71234958254882,22.266087051217077,21.702634662563053,22.236942291259766,209000,0.0,0.0
2023-05-08 00:00:00-04:00,22.343803644180475,22.42152114795602,21.7317785335645,22.178653717041016,196400,0.0,0.0
2023-05-09 00:00:00-04:00,22.110650103902895,22.334087685243162,21.58605558813215,22.0523624420166,191800,0.0,0.0
2023-05-10 00:00:00-04:00,22.460380258234846,22.460380258234846,21.420906123746896,21.722063064575195,182700,0.0,0.0
2023-05-11 00:00:00-04:00,21.586059475647954,22.10093916500907,21.401481537611446,22.00379180908203,166400,0.0,0.0
2023-05-12 00:00:00-04:00,22.081506374088722,22.382663322533972,21.945501205714383,22.178653717041016,264600,0.0,0.0
2023-05-15 00:00:00-04:00,22.334088719443923,22.60610090906135,22.081506368998767,22.479808807373047,192500,0.0,0.0
2023-05-16 00:00:00-04:00,22.266086222971648,22.54781148035339,21.848353943779777,22.36323356628418,249200,0.0,0.0
2023-05-17 00:00:00-04:00,22.55752678057075,23.24727126208886,22.411806689609076,23.169553756713867,229700,0.0,0.0
2023-05-18 00:00:00-04:00,23.023834153295965,23.334704181378797,22.392377324204745,22.83925437927246,306800,0.0,0.0
2023-05-19 00:00:00-04:00,22.596384416093226,22.596384416093226,20.954600178982556,21.663772583007812,564500,0.0,0.0
2023-05-22 00:00:00-04:00,21.73177953521536,21.848354869786085,20.86717018131339,20.91574478149414,459500,0.0,0.0
2023-05-23 00:00:00-04:00,20.91574433307938,21.362619527572456,20.750594401868575,21.129467010498047,786600,0.0,0.0
2023-05-24 00:00:00-04:00,20.303718201327985,21.4403379275572,19.400251001898155,19.798553466796875,923400,0.0,0.0
2023-05-25 00:00:00-04:00,19.64312034418611,19.64312034418611,18.768797821097017,19.12824249267578,611700,0.0,0.0
2023-05-26 00:00:00-04:00,19.157383357919134,19.594545499255982,18.95337559391631,19.361392974853516,470200,0.0,0.0
2023-05-30 00:00:00-04:00,19.47796932923665,19.711123718764046,19.1768142010836,19.48768424987793,446800,0.0,0.0
2023-05-31 00:00:00-04:00,19.487683410212146,19.76941053787551,18.93394592803968,19.01166343688965,364300,0.0,0.0
2023-06-01 00:00:00-04:00,18.963091434923783,19.27396148255669,18.691079216779166,19.118526458740234,329500,0.0,0.0
2023-06-02 00:00:00-04:00,19.39053480476945,20.30371686429797,19.39053480476945,20.255144119262695,338600,0.0,0.0
2023-06-05 00:00:00-04:00,19.75969178317029,19.97341442780069,19.079662322998047,19.079662322998047,479300,0.0,0.0
2023-06-06 00:00:00-04:00,19.069949123667726,20.352290665836854,19.069949123667726,20.26485824584961,393700,0.0,0.0
2023-06-07 00:00:00-04:00,20.54658463435849,21.624916638903596,20.527154794851203,21.479196548461914,352300,0.0,0.0
2023-06-08 00:00:00-04:00,21.479197116773836,21.877499572554356,21.246044595311933,21.819210052490234,311100,0.0,0.0
2023-06-09 00:00:00-04:00,21.819208467054505,22.04264790520161,21.420906040215588,21.838638305664062,292900,0.0,0.0
2023-06-12 00:00:00-04:00,21.945500538778923,22.363232803726657,21.595770855951724,22.256370544433594,227900,0.0,0.0
2023-06-13 00:00:00-04:00,22.38266397000273,22.576956808596222,21.945501840537247,22.217514038085938,284200,0.0,0.0
2023-06-14 00:00:00-04:00,22.275800946173973,22.460380711547064,21.654060919146435,21.80949592590332,224600,0.0,0.0
2023-06-15 00:00:00-04:00,21.780349756992734,22.032932089850632,21.54719726195421,21.663772583007812,264400,0.0,0.0
2023-06-16 00:00:00-04:00,21.90664503366861,21.90664503366861,21.178042624305817,21.372337341308594,538000,0.0,0.0
2023-06-20 00:00:00-04:00,21.420906626392757,21.469481224245875,21.051748947366274,21.27518653869629,295300,0.0,0.0
2023-06-21 00:00:00-04:00,21.275186774386682,22.275801266068594,21.119751765397652,22.130081176757812,266200,0.0,0.0
2023-06-22 00:00:00-04:00,22.13007658154977,22.149504563940667,21.663769798477663,22.02321434020996,211600,0.0,0.0
2023-06-23 00:00:00-04:00,21.819208552139006,22.17865315609187,21.53748330292743,21.722063064575195,327300,0.0,0.0
2023-06-26 00:00:00-04:00,21.731778101939742,22.49923820486393,21.731778101939742,21.79006576538086,277500,0.0,0.0
2023-06-27 00:00:00-04:00,21.819208671425475,22.256370779578212,21.586056164721153,22.09122085571289,276200,0.0,0.0
2023-06-28 00:00:00-04:00,21.93578699463166,22.03293434072172,21.537484543300767,21.984359741210938,254700,0.0,0.0
2023-06-29 00:00:00-04:00,22.023220435790716,22.780967546697227,22.023220435790716,22.712963104248047,224300,0.0,0.0
2023-06-30 00:00:00-04:00,22.878114593634425,22.897544435649976,22.178656957460074,22.81011199951172,293300,0.0,0.0
2023-07-03 00:00:00-04:00,22.878405949235933,23.541829355810247,22.868649476378778,23.512561798095703,179200,0.1,0.0
2023-07-05 00:00:00-04:00,23.327188866906155,23.395482305308963,22.829619994584327,23.366214752197266,318800,0.0,0.0
2023-07-06 00:00:00-04:00,23.161332264420604,23.356457966536823,22.29302679780231,23.229625701904297,369900,0.0,0.0
2023-07-07 00:00:00-04:00,23.25889663066143,23.600365701181246,23.04425983303653,23.288166046142578,402600,0.0,0.0
2023-07-10 00:00:00-04:00,23.190602575959257,23.658902046143293,23.190602575959257,23.541826248168945,289400,0.0,0.0
2023-07-11 00:00:00-04:00,23.707680948929408,23.93207605821959,23.454020148612774,23.62963104248047,185500,0.0,0.0
2023-07-12 00:00:00-04:00,24.029639632841068,24.127202491620693,23.317433927206284,23.327190399169922,342700,0.0,0.0
2023-07-13 00:00:00-04:00,23.473533112353433,23.473533112353433,22.546690631538958,22.673521041870117,239600,0.0,0.0
2023-07-14 00:00:00-04:00,22.624738314177623,22.624738314177623,21.922287308177307,22.058876037597656,274700,0.0,0.0
2023-07-17 00:00:00-04:00,22.097904070662793,22.468642582423737,21.873510785619352,22.244247436523438,234800,0.0,0.0
2023-07-18 00:00:00-04:00,22.273515760625905,23.034503830943756,22.088146513845256,22.654008865356445,194400,0.0,0.0
2023-07-19 00:00:00-04:00,22.87840442819512,23.219871651208972,22.751572150341293,23.073528289794922,213800,0.0,0.0
2023-07-20 00:00:00-04:00,22.946694834264513,23.12230758904997,22.65400628933656,23.102794647216797,178500,0.0,0.0
2023-07-21 00:00:00-04:00,23.35646095547224,23.444267346575494,22.88815958263593,23.346704483032227,278000,0.0,0.0
2023-07-24 00:00:00-04:00,23.414995905837685,24.010127647251863,23.307676579128454,23.971101760864258,216600,0.0,0.0
2023-07-25 00:00:00-04:00,23.873539784837796,24.019885003323438,23.502803154787486,23.854028701782227,170200,0.0,0.0
2023-07-26 00:00:00-04:00,23.834513586643705,25.268681338130865,23.834513586643705,25.249168395996094,351300,0.0,0.0
2023-07-27 00:00:00-04:00,25.268682544416166,25.824788395808632,24.878432987373795,25.171119689941406,263100,0.0,0.0
2023-07-28 00:00:00-04:00,25.288195437820686,25.971133556946167,25.18087611202354,25.74673843383789,245800,0.0,0.0
2023-07-31 00:00:00-04:00,25.795521797043907,26.18577136853374,25.405272225554075,25.96137809753418,188500,0.0,0.0
2023-08-01 00:00:00-04:00,25.893083142828026,25.96137658124293,25.522344675923353,25.9028377532959,186500,0.0,0.0
2023-08-02 00:00:00-04:00,25.727227407158793,25.97113361296446,25.512588755101536,25.69795799255371,148400,0.0,0.0
2023-08-03 00:00:00-04:00,25.658932928036826,26.468701482806928,25.502833100191268,26.10772132873535,346300,0.0,0.0
2023-08-04 00:00:00-04:00,26.176014960700506,26.605290420818267,25.824789415071724,26.34187126159668,208000,0.0,0.0
2023-08-07 00:00:00-04:00,26.351625177681452,26.605287840382186,25.88332573616775,26.166255950927734,175700,0.0,0.0
2023-08-08 00:00:00-04:00,25.971134776347128,26.000402331406587,25.385759484020177,25.668689727783203,231300,0.0,0.0
2023-08-09 00:00:00-04:00,25.658933786621223,25.707716147490743,24.985753954332978,25.034534454345703,192500,0.0,0.0
2023-08-10 00:00:00-04:00,25.13209604066052,25.48332157768159,24.429646827475082,24.683307647705078,238400,0.0,0.0
2023-08-11 00:00:00-04:00,24.55647882501117,24.956484885428935,24.44915949046017,24.595502853393555,259400,0.0,0.0
2023-08-14 00:00:00-04:00,24.439401942181437,24.712577572258596,24.06866531501512,24.52720832824707,299900,0.0,0.0
2023-08-15 00:00:00-04:00,24.429649568685075,24.468673598923626,23.97110465259797,24.18574333190918,247300,0.0,0.0
2023-08-16 00:00:00-04:00,24.371107782565346,25.00526354926355,23.93207772601583,24.01988410949707,321300,0.0,0.0
2023-08-17 00:00:00-04:00,24.136959670964696,24.351596477884815,23.395484527708632,23.454023361206055,334900,0.0,0.0
2023-08-18 00:00:00-04:00,23.307677007202642,24.029639170922895,23.307677007202642,23.912565231323242,195500,0.0,0.0
2023-08-21 00:00:00-04:00,23.8150045001462,24.029641315808522,23.210118082890162,23.6198787689209,325200,0.0,0.0
2023-08-22 00:00:00-04:00,23.395482663743056,23.395482663743056,22.24424508201052,22.351564407348633,287800,0.0,0.0
2023-08-23 00:00:00-04:00,21.94180363643664,22.127172887283148,21.522284634400396,21.590578079223633,290900,0.0,0.0
2023-08-24 00:00:00-04:00,21.590577515880486,21.912533647972964,20.858858864683327,20.88812828063965,467300,0.0,0.0
2023-08-25 00:00:00-04:00,20.936906748398663,21.22959529699476,20.45885083263394,21.083251953125,405100,0.0,0.0
2023-08-28 00:00:00-04:00,21.161303592623355,21.77594643152724,21.161303592623355,21.278377532958984,607300,0.0,0.0
2023-08-29 00:00:00-04:00,19.512496657571667,21.493015738223598,19.385666248074394,21.385696411132812,720900,0.0,0.0
2023-08-30 00:00:00-04:00,21.610089881524168,22.936940262326797,21.38569661443452,22.575958251953125,524500,0.0,0.0
2023-08-31 00:00:00-04:00,22.575956727413146,22.839375863611618,22.48815034868032,22.566200256347656,318100,0.0,0.0
2023-09-01 00:00:00-04:00,22.663762332835386,22.897912047847967,22.273512807814424,22.63449478149414,260600,0.0,0.0
2023-09-05 00:00:00-04:00,22.488151526551654,22.488151526551654,21.258865881618465,21.532039642333984,447700,0.0,0.0
2023-09-06 00:00:00-04:00,21.61009214798079,21.76619199022846,21.297892463485447,21.65887451171875,336200,0.0,0.0
2023-09-07 00:00:00-04:00,21.71740733689346,21.71740733689346,21.32715780585559,21.571063995361328,479400,0.0,0.0
2023-09-08 00:00:00-04:00,21.512525817470326,21.512525817470326,20.527146419766492,20.64422035217285,455700,0.0,0.0
2023-09-11 00:00:00-04:00,20.897886713922137,20.975936636273996,20.39056128820659,20.41007423400879,296200,0.0,0.0
2023-09-12 00:00:00-04:00,20.26372695684498,20.761295813764622,20.244214014803447,20.605195999145508,260500,0.0,0.0
2023-09-13 00:00:00-04:00,20.800319613246227,21.483257690501055,20.283239680703748,20.89788246154785,263100,0.0,0.0
2023-09-14 00:00:00-04:00,21.044228892422492,21.80521698784437,21.044228892422492,21.77594757080078,210900,0.0,0.0
2023-09-15 00:00:00-04:00,21.775948029859016,21.89302383964462,21.327161457537418,21.668628692626953,675500,0.0,0.0
2023-09-18 00:00:00-04:00,21.571063943204926,21.697894342664366,21.21008196483237,21.619844436645508,324400,0.0,0.0
2023-09-19 00:00:00-04:00,21.561311351885433,22.273517105062194,21.37594209391584,21.52228546142578,323800,0.0,0.0
2023-09-20 00:00:00-04:00,21.52228374542032,22.09790255780706,21.52228374542032,21.756433486938477,216100,0.0,0.0
2023-09-21 00:00:00-04:00,21.5710660378841,22.049121991278756,21.5710660378841,21.85399627685547,249100,0.0,0.0
2023-09-22 00:00:00-04:00,22.273514693758607,22.936939872896076,22.049121430478777,22.58571434020996,325600,0.0,0.0
2023-09-25 00:00:00-04:00,22.26375734706208,23.034501822192237,22.26375734706208,22.800352096557617,423500,0.0,0.0
2023-09-26 00:00:00-04:00,22.58571575116005,23.112554083101283,22.166196752212052,22.26375961303711,570000,0.0,0.0
2023-09-27 00:00:00-04:00,22.419860854455315,22.97596677697951,22.224736981404092,22.849136352539062,301900,0.0,0.0
2023-09-28 00:00:00-04:00,22.829619137885246,23.707681054562265,22.654006382378533,23.53207015991211,334300,0.0,0.0
2023-09-29 00:00:00-04:00,23.83451492594181,23.873538951547587,23.132063856470918,23.444265365600586,256100,0.0,0.0
2023-10-02 00:00:00-04:00,23.483485402950272,23.954135168480644,23.31679671055044,23.924718856811523,235100,0.12,0.0
2023-10-03 00:00:00-04:00,23.865888353585483,24.061993359707984,23.630563468356048,23.856082916259766,218000,0.0,0.0
2023-10-04 00:00:00-04:00,23.875695759899973,24.218878613818095,23.50309659157878,23.54231834411621,355600,0.0,0.0
2023-10-05 00:00:00-04:00,23.473681613230376,24.012967606975952,23.2579657195753,23.83647346496582,244800,0.0,0.0
2023-10-06 00:00:00-04:00,23.67959023857233,24.16985091378168,23.257965758660923,23.60114860534668,335500,0.0,0.0
2023-10-09 00:00:00-04:00,23.375628462285015,23.758031179339955,23.2775759560618,23.571733474731445,237200,0.0,0.0
2023-10-10 00:00:00-04:00,23.630563947378082,24.19926623242653,23.32660286490287,23.875694274902344,253300,0.0,0.0
2023-10-11 00:00:00-04:00,23.924719845497563,24.179655613244016,23.601147884549373,23.807058334350586,180700,0.0,0.0
2023-10-12 00:00:00-04:00,23.875693114038214,23.875693114038214,22.846144666376574,23.199132919311523,232400,0.0,0.0
2023-10-13 00:00:00-04:00,23.248160387609065,23.405045524707724,23.08147355294661,23.208940505981445,133100,0.0,0.0
2023-10-16 00:00:00-04:00,23.297187899768414,24.267903828484254,23.08147387234137,24.09140968322754,203300,0.0,0.0
2023-10-17 00:00:00-04:00,23.97374643862071,25.55238445366755,23.97374643862071,25.04251480102539,289000,0.0,0.0
2023-10-18 00:00:00-04:00,24.64049841917377,25.01309754495473,24.24829028955899,24.689525604248047,245000,0.0,0.0
2023-10-19 00:00:00-04:00,24.493419408874484,24.93465470202785,24.061991422453186,24.326730728149414,242800,0.0,0.0
2023-10-20 00:00:00-04:00,24.414981719693163,24.464008910272128,23.699201569005098,23.77764320373535,272500,0.0,0.0
2023-10-23 00:00:00-04:00,23.62075886894432,23.630564306617874,22.69906829978637,22.787315368652344,261700,0.0,0.0
2023-10-24 00:00:00-04:00,23.130499368418704,23.61095461738277,22.846147272189057,23.150110244750977,175900,0.0,0.0
2023-10-25 00:00:00-04:00,23.09127547978945,23.24815873554358,22.797119842799443,23.061861038208008,141300,0.0,0.0
2023-10-26 00:00:00-04:00,23.18933012721942,23.405046026482214,22.91478533935201,23.150110244750977,150400,0.0,0.0
2023-10-27 00:00:00-04:00,23.16971616718787,23.24815779188092,22.375494483396245,22.473546981811523,184800,0.0,0.0
2023-10-30 00:00:00-04:00,22.87556222675717,23.130497993332725,22.35588525602286,22.542184829711914,151000,0.0,0.0
2023-10-31 00:00:00-04:00,22.47354792095849,22.64023661417146,21.944065529506968,22.434326171875,159400,0.0,0.0
2023-11-01 00:00:00-04:00,22.43432480280048,22.43432480280048,20.767439842589855,21.198869705200195,580000,0.0,0.0
2023-11-02 00:00:00-04:00,21.57146690823174,23.101079492615163,21.522441595154994,23.081470489501953,381100,0.0,0.0
2023-11-03 00:00:00-04:00,23.434458216835075,24.2384853671651,23.434458216835075,23.924718856811523,219300,0.0,0.0
2023-11-06 00:00:00-05:00,23.875694070847633,24.032577329506672,23.15991396944127,23.552122116088867,157400,0.0,0.0
2023-11-07 00:00:00-05:00,23.55212046316294,24.042381079614145,23.022638099701638,23.326601028442383,165600,0.0,0.0
2023-11-08 00:00:00-05:00,23.238357179866387,23.336407820552502,22.287250255563915,22.59121322631836,199500,0.0,0.0
2023-11-09 00:00:00-05:00,22.875560824155706,22.875560824155706,21.86562325736044,22.01270294189453,201300,0.0,0.0
2023-11-10 00:00:00-05:00,22.149978708859205,24.091410643690843,21.287118824358817,21.836212158203125,202800,0.0,0.0
2023-11-13 00:00:00-05:00,21.57146668166257,22.08133816116704,21.29692006880729,21.81659698486328,311400,0.0,0.0
2023-11-14 00:00:00-05:00,22.483353331291188,23.50309449369302,22.483353331291188,23.061861038208008,266000,0.0,0.0
2023-11-15 00:00:00-05:00,23.297186096849273,24.022771627711748,23.297186096849273,23.699199676513672,320900,0.0,0.0
2023-11-16 00:00:00-05:00,21.630299340214492,22.8559509644138,21.081207936228072,21.65971565246582,497700,0.0,0.0
2023-11-17 00:00:00-05:00,22.081339731887844,23.306991335076166,21.865623852801306,23.29718589782715,288400,0.0,0.0
2023-11-20 00:00:00-05:00,23.179523226243628,23.5325114971638,23.061861716067558,23.16971778869629,221700,0.0,0.0
2023-11-21 00:00:00-05:00,22.96381132255242,23.414850270031728,22.94420044565432,23.257966995239258,189200,0.0,0.0
2023-11-22 00:00:00-05:00,23.277575731521004,23.610953127346505,23.071667153614897,23.16971778869629,151900,0.0,0.0
2023-11-24 00:00:00-05:00,23.179523042440078,23.26777010947036,22.522573693545738,22.68926239013672,145200,0.0,0.0
2023-11-27 00:00:00-05:00,22.699069282568235,23.003030382824704,22.483355254998497,22.51276969909668,212900,0.0,0.0
2023-11-28 00:00:00-05:00,22.52257202560514,23.248157512856345,22.306858027837215,23.012832641601562,166800,0.0,0.0
2023-11-29 00:00:00-05:00,23.45407048758141,24.10121442126132,23.23835646642012,23.905109405517578,260400,0.0,0.0
2023-11-30 00:00:00-05:00,24.179655858618663,24.326733684142926,23.601148124053335,23.816864013671875,168500,0.0,0.0
2023-12-01 00:00:00-05:00,23.797252780459463,24.679721590534445,23.63056408198561,24.6699161529541,260300,0.0,0.0
2023-12-04 00:00:00-05:00,24.669916070462786,25.542579440039415,24.630696190468548,25.297449111938477,225400,0.0,0.0
2023-12-05 00:00:00-05:00,24.85621382324265,24.993486198463945,24.258095268014138,24.35614776611328,169200,0.0,0.0
2023-12-06 00:00:00-05:00,25.581800650850823,26.78784139083167,25.434722831130514,26.062255859375,271500,0.0,0.0
2023-12-07 00:00:00-05:00,26.160307631444823,27.042776395298905,25.954397193434534,26.503490447998047,237200,0.0,0.0
2023-12-08 00:00:00-05:00,26.395631543954615,26.787839661284643,26.042643303259677,26.46426773071289,151000,0.0,0.0
2023-12-11 00:00:00-05:00,26.709398743034498,27.150634055553233,26.572126365893503,26.885892868041992,192500,0.0,0.0
2023-12-12 00:00:00-05:00,26.885893578852436,27.32712890303657,26.48388000357175,27.072193145751953,191100,0.0,0.0
2023-12-13 00:00:00-05:00,26.964336490473325,28.28804065586304,26.69959528335618,28.229209899902344,254100,0.0,0.0
2023-12-14 00:00:00-05:00,28.82732632564081,29.072456654719723,28.150766093728137,28.690053939819336,297700,0.0,0.0
2023-12-15 00:00:00-05:00,28.954793952240415,29.09206633241151,28.45472787707953,28.71946907043457,751500,0.0,0.0
2023-12-18 00:00:00-05:00,29.415641461340172,29.984343788118238,28.572392474318995,28.611614227294922,305800,0.0,0.0
2023-12-19 00:00:00-05:00,28.719470665673718,29.26856208705361,28.493949338328317,29.180315017700195,220000,0.0,0.0
2023-12-20 00:00:00-05:00,28.91557270625703,29.337197161479995,28.258623365136682,28.268428802490234,199700,0.0,0.0
2023-12-21 00:00:00-05:00,28.493946798083094,28.846935044027724,28.28803823474596,28.601804733276367,149200,0.0,0.0
2023-12-22 00:00:00-05:00,28.405700471742875,28.69985797437488,28.180181028862137,28.47433853149414,125600,0.0,0.0
2023-12-26 00:00:00-05:00,28.650832731742124,29.92551158919569,28.611612850849106,29.896095275878906,240500,0.0,0.0
2023-12-27 00:00:00-05:00,30.062784436345694,30.2294731406256,29.719601589864002,30.072589874267578,134000,0.0,0.0
2023-12-28 00:00:00-05:00,29.82745717162977,30.337328681960923,29.82745717162977,29.97453498840332,122700,0.0,0.0
2023-12-29 00:00:00-05:00,30.02356315423329,30.13141922595033,29.533302502186473,29.62154769897461,135900,0.0,0.0
2024-01-02 00:00:00-05:00,29.34700472447489,30.0137595512427,28.47434130895612,28.827327728271484,252100,0.0,0.0
2024-01-03 00:00:00-05:00,28.49395106455466,28.49395106455466,27.24869032083056,27.35654640197754,262200,0.0,0.0
2024-01-04 00:00:00-05:00,27.37615561167489,27.60167506875476,27.16044159231971,27.366350173950195,186800,0.0,0.0
2024-01-05 00:00:00-05:00,27.120162323711757,27.54360553214801,26.942906066180825,27.03153419494629,190600,0.12,0.0
2024-01-08 00:00:00-05:00,27.03153510791054,27.622386815273494,26.962600655664545,27.100467681884766,162700,0.0,0.0
2024-01-09 00:00:00-05:00,26.805037121324407,27.1300062773903,26.588391643371004,26.765647888183594,122700,0.0,0.0
2024-01-10 00:00:00-05:00,26.63762988009172,27.58299593650257,26.63762988009172,27.346654891967773,169700,0.0,0.0
2024-01-11 00:00:00-05:00,27.18909538229116,27.198943161027213,26.352052972444216,26.598241806030273,215000,0.0,0.0
2024-01-12 00:00:00-05:00,26.814885844817812,27.130007234143523,26.086167162434197,26.164947509765625,146200,0.0,0.0
2024-01-16 00:00:00-05:00,25.849827091314186,25.889218205595178,25.19988873185145,25.298364639282227,183500,0.0,0.0
2024-01-17 00:00:00-05:00,25.012782674503317,26.07631825662325,24.855221986653813,25.308210372924805,174300,0.0,0.0
2024-01-18 00:00:00-05:00,25.38699312366018,25.544553826447206,24.717359197679446,25.140804290771484,114500,0.0,0.0
2024-01-19 00:00:00-05:00,25.30821119554533,25.318057095368342,24.559796964797876,25.24912452697754,131400,0.0,0.0
2024-01-22 00:00:00-05:00,25.662722762723046,25.91875936781811,25.278668794216294,25.583942413330078,175100,0.0,0.0
2024-01-23 00:00:00-05:00,25.84982598326876,26.62778355252609,25.190039873517325,25.239276885986328,176800,0.0,0.0
2024-01-24 00:00:00-05:00,25.741502968205555,25.741502968205555,24.88476690813067,25.062023162841797,112700,0.0,0.0
2024-01-25 00:00:00-05:00,25.48546494632924,25.603636402317893,24.95369809005924,25.426380157470703,172400,0.0,0.0
2024-01-26 00:00:00-05:00,25.60363714671202,25.80058895299538,25.39683944055896,25.643028259277344,128700,0.0,0.0
2024-01-29 00:00:00-05:00,25.643025533406433,25.751347324903136,25.386988963763578,25.56424331665039,163000,0.0,0.0
2024-01-30 00:00:00-05:00,25.41653277742236,26.263422903493336,25.38699132166651,26.066471099853516,130000,0.0,0.0
2024-01-31 00:00:00-05:00,26.036929942946536,26.243727648697504,24.993088001254648,25.11125946044922,166500,0.0,0.0
2024-02-01 00:00:00-05:00,25.3869913892806,25.99753860130124,25.258972153092277,25.928606033325195,163600,0.0,0.0
2024-02-02 00:00:00-05:00,25.44607688155979,26.23388036341825,25.27866840688091,25.879369735717773,123500,0.0,0.0
2024-02-05 00:00:00-05:00,25.49531513836889,25.839979882845007,25.199889287830363,25.524858474731445,119300,0.0,0.0
2024-02-06 00:00:00-05:00,25.54455184146883,26.529307096501707,25.465771496197064,26.48006820678711,246300,0.0,0.0
2024-02-07 00:00:00-05:00,26.371745078962025,26.617933880332306,25.820280811537124,26.440677642822266,181800,0.0,0.0
2024-02-08 00:00:00-05:00,26.519460681239153,27.19894236804248,26.430832553470385,27.051227569580078,154800,0.0,0.0
2024-02-09 00:00:00-05:00,27.061074343893342,27.56329975652342,26.775496292557584,27.523910522460938,141500,0.0,0.0
2024-02-12 00:00:00-05:00,27.720859860663253,29.178297177187133,27.720859860663253,28.90256690979004,207400,0.0,0.0
2024-02-13 00:00:00-05:00,27.95720272672162,28.58744740407923,27.55345319877324,28.104917526245117,221600,0.0,0.0
2024-02-14 00:00:00-05:00,28.51851295376296,28.93211026022118,27.90796571173093,28.63668441772461,246700,0.0,0.0
2024-02-15 00:00:00-05:00,28.873024468584386,29.64113426208496,28.55790307994978,29.64113426208496,261200,0.0,0.0
2024-02-16 00:00:00-05:00,29.355556768000024,30.320618448691476,29.14875904388372,30.133514404296875,165200,0.0,0.0
2024-02-20 00:00:00-05:00,29.64113514705863,29.828239181498517,29.10936637915738,29.178298950195312,138300,0.0,0.0
2024-02-21 00:00:00-05:00,29.326013300386492,30.04488421345866,29.197994060470172,29.87747573852539,141000,0.0,0.0
2024-02-22 00:00:00-05:00,29.749455446760365,30.103967940736737,29.099517126651413,29.818389892578125,125300,0.0,0.0
2024-02-23 00:00:00-05:00,29.916863809157615,30.517565115527574,29.79869423043435,30.360004425048828,130700,0.0,0.0
2024-02-26 00:00:00-05:00,30.49786838737237,31.374301807527566,30.39939436831199,31.24628257751465,176700,0.0,0.0
2024-02-27 00:00:00-05:00,31.364454619154483,32.14241027832031,31.364454619154483,32.14241027832031,147400,0.0,0.0
2024-02-28 00:00:00-05:00,31.76820415744454,31.856832284238482,31.285676166655655,31.4727783203125,147000,0.0,0.0
2024-02-29 00:00:00-05:00,31.906069339038936,32.329514367021055,31.61063977976368,32.27042770385742,191300,0.0,0.0
2024-03-01 00:00:00-05:00,32.250735708068824,32.67418078277456,31.512169241471828,32.55601119995117,160500,0.0,0.0
2024-03-04 00:00:00-05:00,32.57570744339433,32.79235105704808,31.965156446755724,31.975006103515625,117800,0.0,0.0
2024-03-05 00:00:00-05:00,31.63033888822779,31.9553099373281,31.21674346923828,31.21674346923828,121700,0.0,0.0
2024-03-06 00:00:00-05:00,30.872080057193113,31.21674479930802,30.005494312545817,30.45848274230957,182200,0.0,0.0
2024-03-07 00:00:00-05:00,30.763756008088823,31.187201096717192,30.419091270023515,31.147809982299805,190900,0.0,0.0
2024-03-08 00:00:00-05:00,31.39399719585541,31.63033823537344,30.52741338428929,31.128114700317383,193900,0.0,0.0
2024-03-11 00:00:00-04:00,31.17735212489173,31.462932058672937,30.488022675143167,31.09857177734375,114900,0.0,0.0
2024-03-12 00:00:00-04:00,31.039487269781294,31.29552387121891,30.576651080221435,30.8129940032959,191900,0.0,0.0
2024-03-13 00:00:00-04:00,30.95085693736635,31.758355919127702,30.822837706635486,31.5023193359375,174700,0.0,0.0
2024-03-14 00:00:00-04:00,31.797750572685356,32.06363496311755,31.197049219102627,31.522016525268555,194000,0.0,0.0
2024-03-15 00:00:00-04:00,31.443239398700502,32.18180592934982,31.137965758614893,32.093177795410156,424100,0.0,0.0
2024-03-18 00:00:00-04:00,32.26058211642036,32.26058211642036,30.960707293522127,31.45308494567871,285400,0.0,0.0
2024-03-19 00:00:00-04:00,30.13351112268545,31.650033235867493,29.857778975619816,31.433387756347656,304800,0.0,0.0
2024-03-20 00:00:00-04:00,31.285677459970014,32.506771972339315,31.256134123726856,32.447689056396484,271100,0.0,0.0
2024-03-21 00:00:00-04:00,31.98485296593771,35.62844847223024,31.403847165556925,35.0966796875,496900,0.0,0.0
2024-03-22 00:00:00-04:00,35.628446672406106,36.514727935518025,35.0178994447864,35.756465911865234,361100,0.0,0.0
2024-03-25 00:00:00-04:00,35.884481050044506,36.337471333807294,34.89972577006645,34.97850799560547,249300,0.0,0.0
2024-03-26 00:00:00-04:00,35.02774552009557,35.26408844362261,34.34826571933824,34.4073486328125,198700,0.0,0.0
2024-03-27 00:00:00-04:00,34.70277479155911,35.244389398544335,34.70277479155911,35.185302734375,147600,0.0,0.0
2024-03-28 00:00:00-04:00,35.14591408858972,36.15036491062075,34.60429944363835,36.0814323425293,228400,0.0,0.0
2024-04-01 00:00:00-04:00,36.15036368451232,36.46548505839766,35.667835724238,36.435943603515625,203100,0.0,0.0
2024-04-02 00:00:00-04:00,35.756463315686226,35.815546224574966,34.44673707268796,35.40195083618164,333200,0.0,0.0
2024-04-03 00:00:00-04:00,35.401951588653596,36.06173579555521,34.436891905347025,34.81109619140625,284800,0.0,0.0
2024-04-04 00:00:00-04:00,35.145912382524145,35.155762038369495,33.88542690541797,34.32856750488281,261700,0.0,0.0
2024-04-05 00:00:00-04:00,34.274195523011926,34.600429958485634,34.05670967051037,34.31373977661133,199300,0.135,0.0
2024-04-08 00:00:00-04:00,34.39283306591042,34.67952328764714,34.06659858507593,34.145687103271484,154600,0.0,0.0
2024-04-09 00:00:00-04:00,34.264313688673795,34.264313688673795,33.57230428794498,34.096256256103516,121000,0.0,0.0
2024-04-10 00:00:00-04:00,33.21640704252238,33.33503978828752,32.732003196329615,33.107666015625,152100,0.0,0.0
2024-04-11 00:00:00-04:00,33.0186985295241,33.48333032442212,32.751780466337046,33.463558197021484,131100,0.0,0.0
2024-04-12 00:00:00-04:00,33.24607416158106,33.29550259722014,32.14874554311318,32.316802978515625,125100,0.0,0.0
2024-04-15 00:00:00-04:00,32.53428989031536,32.623262575457964,31.773079977683626,31.802736282348633,179400,0.0,0.0
2024-04-16 00:00:00-04:00,31.684109252828446,32.28714595931055,31.387534874386642,32.20806121826172,158500,0.0,0.0
2024-04-17 00:00:00-04:00,32.336568614361646,33.157094811584514,31.980677915380507,32.27725601196289,146300,0.0,0.0
2024-04-18 00:00:00-04:00,32.277257438926604,33.018695170866906,32.03999570540089,32.08942413330078,111300,0.0,0.0
2024-04-19 00:00:00-04:00,31.842281894817845,32.79132139607264,31.842281894817845,32.77155303955078,187600,0.0,0.0
2024-04-22 00:00:00-04:00,32.73200634390756,33.681045774407615,32.603489409210425,33.26584243774414,165100,0.0,0.0
2024-04-23 00:00:00-04:00,33.265842888194406,34.89700372436364,33.265842888194406,34.87723159790039,210600,0.0,0.0
2024-04-24 00:00:00-04:00,34.501572673271376,34.66963009229013,34.204994546054095,34.60042953491211,154500,0.0,0.0
2024-04-25 00:00:00-04:00,34.116023346894174,34.28408454437472,33.52287460894006,33.86887741088867,129800,0.0,0.0
2024-04-26 00:00:00-04:00,34.155563903841966,34.53122674182015,33.829333264631224,34.13579177856445,118100,0.0,0.0
2024-04-29 00:00:00-04:00,34.49168488669952,34.66963025540809,33.394356370045855,33.779903411865234,128900,0.0,0.0
2024-04-30 00:00:00-04:00,33.414129733747146,33.700819924074466,33.04835480503681,33.0582389831543,162700,0.0,0.0
2024-05-01 00:00:00-04:00,33.19664639541964,34.03694113167392,32.237718885861625,32.969268798828125,138700,0.0,0.0
2024-05-02 00:00:00-04:00,33.414128033314036,33.75024663941925,33.21641054069671,33.66127395629883,94400,0.0,0.0
2024-05-03 00:00:00-04:00,34.155565771337464,34.402711694098436,33.74036243124982,34.204994201660156,114800,0.0,0.0
2024-05-06 00:00:00-04:00,34.284086284662074,34.728949746283135,34.284086284662074,34.62020492553711,131500,0.0,0.0
2024-05-07 00:00:00-04:00,34.79814732821398,35.07494956010345,34.590545654296875,34.590545654296875,189400,0.0,0.0
2024-05-08 00:00:00-04:00,34.28408180747335,34.976091127275126,34.28408180747335,34.91677474975586,153700,0.0,0.0
2024-05-09 00:00:00-04:00,34.99586317501052,35.124376335960996,34.580656075597155,35.05517578125,149400,0.0,0.0
2024-05-10 00:00:00-04:00,35.371524482278105,35.401184558415665,34.244539638889464,34.57077407836914,111500,0.0,0.0
2024-05-13 00:00:00-04:00,35.055175156274224,35.99433037351221,35.035403030831105,35.213348388671875,227800,0.0,0.0
2024-05-14 00:00:00-04:00,35.776843473645755,35.954788844959744,35.00574937871689,35.79661560058594,176900,0.0,0.0
2024-05-15 00:00:00-04:00,35.954787048242,36.00421547754862,35.19357716924828,35.589012145996094,148000,0.0,0.0
2024-05-16 00:00:00-04:00,35.65821236889705,35.71752874620058,34.09625214471126,34.106136322021484,149200,0.0,0.0
2024-05-17 00:00:00-04:00,34.16545792703671,34.27419897867742,33.93808410263676,34.05671310424805,148600,0.0,0.0
2024-05-20 00:00:00-04:00,33.750246937290996,34.106137672913704,33.34492777086459,33.651390075683594,295800,0.0,0.0
2024-05-21 00:00:00-04:00,33.75024429220005,34.12590712493211,33.21640823060406,34.01716232299805,328400,0.0,0.0
2024-05-22 00:00:00-04:00,34.017166435202014,34.16545550506496,33.2856128063046,34.00728225708008,324800,0.0,0.0
2024-05-23 00:00:00-04:00,34.70917288452623,36.201932550898555,33.62172859651007,35.875701904296875,474200,0.0,0.0
2024-05-24 00:00:00-04:00,36.518276442906874,36.92359556380472,35.8460393002743,36.646793365478516,206000,0.0,0.0
2024-05-28 00:00:00-04:00,36.656685764393075,36.973032249792894,36.23159446754689,36.488624572753906,280300,0.0,0.0
2024-05-29 00:00:00-04:00,36.28102185963399,37.80344163398248,36.28102185963399,36.93348693847656,273600,0.0,0.0
2024-05-30 00:00:00-04:00,37.18063514075295,37.83310025964019,36.7852001354859,37.6650390625,211000,0.0,0.0
2024-05-31 00:00:00-04:00,37.95173141873127,38.22853367552716,37.20040939122189,37.31903839111328,248900,0.0,0.0
2024-06-03 00:00:00-04:00,37.79355363019591,39.19734441665641,37.52663558408411,39.10837173461914,315800,0.0,0.0
2024-06-04 00:00:00-04:00,38.63385012044137,38.63385012044137,36.83462444206241,36.86428451538086,184600,0.0,0.0
2024-06-05 00:00:00-04:00,37.03234550638955,37.03234550638955,35.687871034356895,36.33045196533203,178900,0.0,0.0
2024-06-06 00:00:00-04:00,36.12285037447721,36.31067992543511,35.43084100972274,36.19205093383789,233500,0.0,0.0
2024-06-07 00:00:00-04:00,35.85592977857141,36.45896641418219,35.34186582315152,35.875701904296875,267400,0.0,0.0
2024-06-10 00:00:00-04:00,35.64832852385249,35.64832852385249,34.95631920011753,35.589012145996094,272900,0.0,0.0
2024-06-11 00:00:00-04:00,35.42095233969333,36.28101901920897,34.669626688848616,36.08330154418945,222100,0.0,0.0
2024-06-12 00:00:00-04:00,37.1905184452991,37.852871497891215,36.449080656199804,36.88405990600586,183100,0.0,0.0
2024-06-13 00:00:00-04:00,36.99280001479713,37.14108907733797,36.1327332570438,37.05211639404297,166600,0.0,0.0
2024-06-14 00:00:00-04:00,36.468849101202224,36.547937600872196,35.65821083532121,36.06352996826172,184800,0.0,0.0
2024-06-17 00:00:00-04:00,35.86581523863738,36.50839614868164,35.53958458036773,36.50839614868164,210600,0.0,0.0
2024-06-18 00:00:00-04:00,36.36010867731569,37.09166230274958,35.90536106290559,36.992801666259766,288000,0.0,0.0
2024-06-20 00:00:00-04:00,36.83462661227044,37.45743539259036,36.83462661227044,37.32891845703125,188700,0.0,0.0
2024-06-21 00:00:00-04:00,37.46732259541599,38.44601831671558,37.12131604828335,37.76389694213867,837200,0.0,0.0
2024-06-24 00:00:00-04:00,37.763899146782904,37.95172869740497,37.17074664756206,37.684810638427734,206300,0.0,0.0
2024-06-25 00:00:00-04:00,37.57606715642512,37.70458410148211,36.38976965824531,36.41942596435547,159800,0.0,0.0
2024-06-26 00:00:00-04:00,36.3699965502624,36.75554360389489,36.182163226899526,36.725887298583984,142100,0.0,0.0
2024-06-27 00:00:00-04:00,36.70611261494022,36.79508529582414,35.64832839284666,36.40953826904297,157500,0.0,0.0
2024-06-28 00:00:00-04:00,36.271139291693906,36.70611858954849,35.58901780798743,36.46885681152344,596800,0.0,0.0
2024-07-01 00:00:00-04:00,36.56771389537228,36.973033074528736,35.9251329612997,36.05364990234375,275100,0.0,0.0
2024-07-02 00:00:00-04:00,36.18216050357375,36.68634028279707,35.50003913473046,35.737300872802734,333700,0.0,0.0
2024-07-03 00:00:00-04:00,35.94489912101584,36.40953460455096,35.86581062545793,35.994327545166016,91700,0.0,0.0
2024-07-05 00:00:00-04:00,35.91524918372066,36.18216347564919,35.193579732913996,35.36164093017578,187300,0.0,0.0
2024-07-08 00:00:00-04:00,35.77345533105659,36.37877655291935,35.54522014313746,35.74368667602539,196600,0.135,0.0
2024-07-09 00:00:00-04:00,35.46583451292405,36.001689211191646,35.445987481812786,35.803226470947266,218400,0.0,0.0
2024-07-10 00:00:00-04:00,35.89253407471806,36.577243430359545,35.763534044744866,36.47800827026367,149800,0.0,0.0
2024-07-11 00:00:00-04:00,37.27187100315303,39.35575996408151,37.13294179171504,38.57181930541992,323600,0.0,0.0
2024-07-12 00:00:00-04:00,38.75044244563711,39.117603075472424,38.28405044085202,38.839752197265625,256900,0.0,0.0
2024-07-15 00:00:00-04:00,38.92906059041763,39.91146782404901,38.333664790627445,38.98860168457031,214600,0.0,0.0
2024-07-16 00:00:00-04:00,39.2366821330407,40.675559667456234,39.2366821330407,40.48701477050781,161500,0.0,0.0
2024-07-17 00:00:00-04:00,39.941235236213885,40.76486997859012,39.49468650754208,39.59392166137695,175400,0.0,0.0
2024-07-18 00:00:00-04:00,39.5343828859118,39.81223376206426,38.19474040682328,38.65121078491211,184000,0.0,0.0
2024-07-19 00:00:00-04:00,38.66113235456186,38.82983023301646,38.01612085218297,38.105430603027344,165100,0.0,0.0
2024-07-22 00:00:00-04:00,38.21458392574645,39.59392426396256,38.11535255082296,39.4748420715332,142800,0.0,0.0
2024-07-23 00:00:00-04:00,39.22676161384389,41.69766232913669,39.22676161384389,41.15188217163086,317000,0.0,0.0
2024-07-24 00:00:00-04:00,40.70532832047588,41.370186807474624,39.69315247803393,40.48701477050781,228900,0.0,0.0
2024-07-25 00:00:00-04:00,40.526707944679096,41.538883764972475,40.09008463973122,41.28087615966797,188300,0.0,0.0
2024-07-26 00:00:00-04:00,41.677812692024844,42.17397712883466,41.30072666012779,41.81673812866211,177100,0.0,0.0
2024-07-29 00:00:00-04:00,41.97550877617526,42.00528121518764,40.95341129202338,41.32057189941406,172000,0.0,0.0
2024-07-30 00:00:00-04:00,41.727428552343596,42.322828150254765,41.33049927250374,41.54880905151367,201400,0.0,0.0
2024-07-31 00:00:00-04:00,41.94574047585943,43.11668880863257,41.34041927844215,42.14420700073242,220300,0.0,0.0
2024-08-01 00:00:00-04:00,42.20374532237146,42.46175294653544,39.45499391823979,39.90154266357422,206300,0.0,0.0
2024-08-02 00:00:00-04:00,38.08558452951433,38.37335703575726,37.381028128263964,37.946659088134766,233700,0.0,0.0
2024-08-05 00:00:00-04:00,35.743683507122206,37.718415681427224,34.423884398045146,37.5695686340332,314100,0.0,0.0
2024-08-06 00:00:00-04:00,37.56956834579037,39.39545345869274,37.4802586038656,38.82982635498047,211000,0.0,0.0
2024-08-07 00:00:00-04:00,39.40537949605676,39.61376765541849,37.72834502693932,38.02604293823242,154800,0.0,0.0
2024-08-08 00:00:00-04:00,38.60159615482053,38.948909759521484,37.90696515998422,38.948909759521484,184500,0.0,0.0
2024-08-09 00:00:00-04:00,38.869520216610546,39.35576303094998,38.55197527944636,39.187068939208984,148200,0.0,0.0
2024-08-12 00:00:00-04:00,39.196989968639954,40.36793832623406,39.048139125471444,40.080162048339844,321300,0.0,0.0
2024-08-13 00:00:00-04:00,40.556482202183375,41.71750901564631,40.10993342777456,41.598426818847656,233400,0.0,0.0
2024-08-14 00:00:00-04:00,41.796887768009356,41.86635048079561,40.735096260637846,41.0129508972168,186900,0.0,0.0
2024-08-15 00:00:00-04:00,42.68006319041508,43.602929345751235,42.17397713044086,43.086917877197266,234900,0.0,0.0
2024-08-16 00:00:00-04:00,43.05714893716248,44.13878755370285,42.96783918770743,43.53346633911133,215100,0.0,0.0
2024-08-19 00:00:00-04:00,43.533466218701854,43.890705215533956,42.8090666019853,43.076995849609375,174900,0.0,0.0
2024-08-20 00:00:00-04:00,42.918222937126096,42.918222937126096,42.04497248565144,42.43198013305664,137300,0.0,0.0
2024-08-21 00:00:00-04:00,42.928145234194226,43.295309641466474,42.32282780349043,42.719757080078125,116700,0.0,0.0
2024-08-22 00:00:00-04:00,42.50144639654173,42.5312150506566,41.866352753762776,42.15412902832031,147600,0.0,0.0
2024-08-23 00:00:00-04:00,42.65029425307487,43.79147396439667,42.362517973115914,43.53346633911133,197000,0.0,0.0
2024-08-26 00:00:00-04:00,43.63269826087481,43.9502431719553,42.6403694673898,43.27545928955078,289700,0.0,0.0
2024-08-27 00:00:00-04:00,43.196073170566876,43.5136180963609,42.70983415907219,42.779296875,271800,0.0,0.0
2024-08-28 00:00:00-04:00,42.15412903317778,42.21367012684853,40.119855650687605,40.159549713134766,268300,0.0,0.0
2024-08-29 00:00:00-04:00,41.300727064819654,42.49152248191827,40.64579015323056,41.19157028198242,358900,0.0,0.0
2024-08-30 00:00:00-04:00,41.38011636392515,41.38011636392515,39.65346239243717,40.12977981567383,250200,0.0,0.0
2024-09-03 00:00:00-04:00,39.40537657718646,40.03054479439797,37.768036293639796,37.777957916259766,390900,0.0,0.0
2024-09-04 00:00:00-04:00,37.7084963722787,38.01611967912464,36.865018362335604,37.26194763183594,380300,0.0,0.0
2024-09-05 00:00:00-04:00,39.79238437657319,42.91822169014463,39.36568267890003,40.318321228027344,1005100,0.0,0.0
2024-09-06 00:00:00-04:00,39.97100752495439,41.97551238951716,39.7526977375308,39.86185073852539,434700,0.0,0.0
2024-09-09 00:00:00-04:00,39.74277119936245,40.90379796651602,39.11760294012591,40.288551330566406,374600,0.0,0.0
2024-09-10 00:00:00-04:00,40.63586540732633,40.63586540732633,39.187066257482506,40.11985397338867,329400,0.0,0.0
2024-09-11 00:00:00-04:00,39.82215860903605,39.94123701350255,38.99852383001006,39.454994201660156,276300,0.0,0.0
2024-09-12 00:00:00-04:00,39.45499378720405,39.61376625330297,38.46266492772732,38.80998229980469,255200,0.0,0.0
2024-09-13 00:00:00-04:00,39.058064489048085,40.95341245798776,39.058064489048085,40.804561614990234,284900,0.0,0.0
2024-09-16 00:00:00-04:00,41.072490525342495,41.52896088816629,40.695404502149984,41.34041976928711,294400,0.0,0.0
2024-09-17 00:00:00-04:00,41.67780998498278,44.00978117234988,41.3801120993197,43.563236236572266,269200,0.0,0.0
2024-09-18 00:00:00-04:00,43.076993022394596,46.14328916337839,43.076993022394596,44.2777099609375,370600,0.0,0.0
2024-09-19 00:00:00-04:00,45.458588050711626,46.05398387364274,44.75403165820747,45.468509674072266,331500,0.0,0.0
2024-09-20 00:00:00-04:00,45.07157476016227,46.560068042103175,44.83341795489486,45.06165313720703,1588600,0.0,0.0
2024-09-23 00:00:00-04:00,44.70441418720305,44.87311206107896,42.719756476024806,44.33725357055664,432900,0.0,0.0
2024-09-24 00:00:00-04:00,44.654799172354075,45.289889043802525,44.39679533161598,44.625030517578125,361000,0.0,0.0
2024-09-25 00:00:00-04:00,44.54563898673297,44.70441144246162,43.68231399529804,43.91054916381836,394000,0.0,0.0
2024-09-26 00:00:00-04:00,44.45633550363753,44.535723635397375,42.4716776348552,42.96784210205078,404900,0.0,0.0
2024-09-27 00:00:00-04:00,43.5830796381863,43.642620729706465,42.64037029443799,43.29530715942383,250600,0.0,0.0
2024-09-30 00:00:00-04:00,43.28538328845766,43.62277524818426,42.84875995810788,43.51361846923828,213500,0.0,0.0
2024-10-01 00:00:00-04:00,43.2853832346615,43.2853832346615,41.4892704447489,41.60834884643555,271800,0.0,0.0
2024-10-02 00:00:00-04:00,41.2312648393898,41.56865681518268,40.6060965754783,41.112186431884766,371100,0.0,0.0
2024-10-03 00:00:00-04:00,40.97326033372636,40.97326033372636,39.216837763159326,40.1893196105957,311700,0.0,0.0
2024-10-04 00:00:00-04:00,40.63586509474513,41.95566042959384,40.63586509474513,41.38011169433594,392400,0.0,0.0
2024-10-07 00:00:00-04:00,40.96696143583283,41.00678062481197,37.94048280513379,38.0599479675293,472000,0.135,0.0
2024-10-08 00:00:00-04:00,37.90065928668273,39.06545694631626,37.681636660589646,38.82652282714844,476800,0.0,0.0
2024-10-09 00:00:00-04:00,38.68714565193268,38.72696863754542,37.830970449903496,38.5079460144043,232400,0.0,0.0
2024-10-10 00:00:00-04:00,37.99025814876421,38.31879207962015,37.49248222763379,38.15950393676758,345600,0.0,0.0
2024-10-11 00:00:00-04:00,38.19932628649366,39.04554770110666,38.19932628649366,38.95594787597656,157200,0.0,0.0
2024-10-14 00:00:00-04:00,38.94598986405519,39.035589688343386,38.28892575185145,38.57763671875,223000,0.0,0.0
2024-10-15 00:00:00-04:00,38.71701168521767,40.13069731793989,38.71701168521767,39.29443359375,284800,0.0,0.0
2024-10-16 00:00:00-04:00,39.77229849313339,40.39949724290955,39.49354138338341,40.17051696777344,247700,0.0,0.0
2024-10-17 00:00:00-04:00,40.20038754865277,40.37958719787358,39.802165262000045,40.100830078125,160700,0.0,0.0
2024-10-18 00:00:00-04:00,40.2402054976795,40.43931663486306,39.47363388577573,39.55327606201172,208400,0.0,0.0
2024-10-21 00:00:00-04:00,39.4238544675464,39.4238544675464,36.85533249172097,36.934974670410156,322900,0.0,0.0
2024-10-22 00:00:00-04:00,36.8553322030498,37.104220180813996,35.949380115897284,35.9991569519043,310200,0.0,0.0
2024-10-23 00:00:00-04:00,35.71044505604987,36.36750914832284,35.332138074067494,35.859779357910156,280200,0.0,0.0
2024-10-24 00:00:00-04:00,36.15844260514827,36.457107398264654,35.262444428070204,35.43169021606445,189900,0.0,0.0
2024-10-25 00:00:00-04:00,35.67062435255844,35.81995485035,34.80449151490605,34.87417984008789,258900,0.0,0.0
2024-10-28 00:00:00-04:00,35.242539958845455,35.81995810535555,35.10315949808721,35.67062759399414,273100,0.0,0.0
2024-10-29 00:00:00-04:00,35.06333722988183,35.541201660213765,34.51578067642232,35.37195587158203,209500,0.0,0.0
2024-10-30 00:00:00-04:00,35.073291644141705,35.620844408721034,34.98369182464844,35.133026123046875,249600,0.0,0.0
2024-10-31 00:00:00-04:00,35.00360576660413,35.15294007545057,33.64965453185773,34.1175651550293,340000,0.0,0.0
2024-11-01 00:00:00-04:00,34.16733845401802,34.77462567710569,33.779073848497404,33.99809646606445,325300,0.0,0.0
2024-11-04 00:00:00-05:00,34.037918382388135,34.74476312365483,34.00805304040826,34.44609451293945,264700,0.0,0.0
2024-11-05 00:00:00-05:00,34.446093339715354,35.49142584615716,34.446093339715354,35.481468200683594,314000,0.0,0.0
2024-11-06 00:00:00-05:00,37.592035840593496,37.96039275608356,36.68608381730269,37.631858825683594,530500,0.0,0.0
2024-11-07 00:00:00-05:00,37.811060847073755,38.488036445413016,37.39293087042669,37.7015495300293,326900,0.0,0.0
2024-11-08 00:00:00-05:00,37.81105934690891,38.03008197230804,37.05444160111125,37.80110549926758,310900,0.0,0.0
2024-11-11 00:00:00-05:00,37.940481523826314,38.358611476954216,37.43274795476654,38.06990432739258,306000,0.0,0.0
2024-11-12 00:00:00-05:00,38.09977066671059,39.11523403373158,37.84092505278988,38.179412841796875,219000,0.0,0.0
2024-11-13 00:00:00-05:00,38.39843670059992,38.627413183192786,37.61194978360979,37.67168426513672,374000,0.0,0.0
2024-11-14 00:00:00-05:00,37.62190704945055,37.7911490488073,36.65622049536126,36.76573181152344,418600,0.0,0.0
2024-11-15 00:00:00-05:00,37.0544412995675,37.06439514712783,34.92396093513563,35.222625732421875,399500,0.0,0.0
2024-11-18 00:00:00-05:00,35.18280277780567,35.800043865773084,34.54565019697106,34.66511535644531,276100,0.0,0.0
2024-11-19 00:00:00-05:00,34.02796291547781,34.30671622130649,32.73374625562169,33.52022933959961,365300,0.0,0.0
2024-11-20 00:00:00-05:00,33.07223574942735,33.47045423580074,32.31561416917834,33.331077575683594,604100,0.0,0.0
2024-11-21 00:00:00-05:00,33.84876285474151,35.81000121189243,33.50032122679897,33.69942855834961,623400,0.0,0.0
2024-11-22 00:00:00-05:00,34.16734032567646,34.84431591003256,33.380853426537904,33.749210357666016,860600,0.0,0.0
2024-11-25 00:00:00-05:00,34.19720448799783,36.19826583086139,34.19720448799783,34.78458023071289,649600,0.0,0.0
2024-11-26 00:00:00-05:00,34.18725009752725,34.18725009752725,33.271340436337574,33.38085174560547,395500,0.0,0.0
2024-11-27 00:00:00-05:00,33.66956379013151,34.42618533470131,33.4107219760812,33.46049880981445,398400,0.0,0.0
2024-11-29 00:00:00-05:00,33.79898623194398,34.12751636922777,33.400763970909566,33.60982894897461,250200,0.0,0.0
2024-12-02 00:00:00-05:00,33.61978855035685,35.571069387953486,33.43063505411088,35.441646575927734,336800,0.0,0.0
2024-12-03 00:00:00-05:00,35.192756489448406,35.431690605203016,34.30671594778941,34.724849700927734,323700,0.0,0.0
2024-12-04 00:00:00-05:00,34.48591800253752,34.993651609958384,33.95827669865981,34.764671325683594,277900,0.0,0.0
2024-12-05 00:00:00-05:00,34.217117479437775,34.38636327596991,32.17623685950312,32.54458999633789,438500,0.0,0.0
2024-12-06 00:00:00-05:00,32.85321087603831,33.85871656821332,32.67401124016888,33.75916290283203,397100,0.0,0.0
2024-12-09 00:00:00-05:00,33.898541432469244,34.73480518030477,33.74921092611986,34.03791809082031,328300,0.0,0.0
2024-12-10 00:00:00-05:00,35.83986864358274,36.327690748898995,34.515782784673725,35.531246185302734,537300,0.0,0.0
2024-12-11 00:00:00-05:00,35.56111417355608,36.04893246534851,35.152938056907125,35.481468200683594,567700,0.0,0.0
2024-12-12 00:00:00-05:00,36.56662176423975,36.56662176423975,34.19720711842193,34.2071647644043,361000,0.0,0.0
2024-12-13 00:00:00-05:00,34.018007683221924,34.37640698627,33.31116672317113,34.1175651550293,469300,0.0,0.0
2024-12-16 00:00:00-05:00,34.51578043734555,35.36200177918498,34.15738496537573,34.93391418457031,330900,0.0,0.0
2024-12-17 00:00:00-05:00,34.83436290617911,36.4869789203287,34.83436290617911,36.05889129638672,554500,0.0,0.0
2024-12-18 00:00:00-05:00,36.53675402530226,36.77568434499861,33.91845156986896,34.07773971557617,522600,0.0,0.0
2024-12-19 00:00:00-05:00,34.66511471603607,35.33213642271328,33.639697537557154,33.84876251220703,455200,0.0,0.0
2024-12-20 00:00:00-05:00,33.191698230468795,34.91400244408471,33.191698230468795,34.495872497558594,1829300,0.0,0.0
2024-12-23 00:00:00-05:00,34.62529218993112,35.25249091992198,34.02796259794959,34.19720458984375,346000,0.0,0.0
2024-12-24 00:00:00-05:00,34.32662992338934,35.00360553630859,33.85871930329625,34.734806060791016,158500,0.0,0.0
2024-12-26 00:00:00-05:00,34.64520403086659,36.24804313599069,34.505827377852135,36.218177795410156,376600,0.0,0.0
2024-12-27 00:00:00-05:00,35.899601885904296,36.337643342577586,34.92396150668038,35.51133346557617,325400,0.0,0.0
2024-12-30 00:00:00-05:00,35.252490997704115,35.252490997704115,33.86867452830142,34.16733932495117,414400,0.0,0.0
2024-12-31 00:00:00-05:00,34.41622766538366,35.12306857799967,32.88307688200012,32.932857513427734,346800,0.0,0.0
2025-01-02 00:00:00-05:00,33.20165372414521,34.10760578427039,31.867614051218435,32.166282653808594,409200,0.0,0.0
2025-01-03 00:00:00-05:00,32.48485815213647,32.733746116347106,31.568948469022274,31.68841552734375,328900,0.0,0.0
2025-01-06 00:00:00-05:00,31.877572456441825,32.51472506805742,30.742641993420847,30.7824649810791,459300,0.0,0.0
2025-01-07 00:00:00-05:00,31.648595413510037,31.648595413510037,30.483799629238238,30.74264144897461,425700,0.0,0.0
2025-01-08 00:00:00-05:00,30.812330944063262,31.23046280281259,29.77695609425942,30.51366424560547,495100,0.0,0.0
2025-01-10 00:00:00-05:00,29.92628919388032,30.62317627438068,29.78691253732606,30.21500015258789,317400,0.0,0.0
2025-01-13 00:00:00-05:00,29.850000381469727,30.799999237060547,29.239999771118164,30.690000534057617,369200,0.135,0.0
2025-01-14 00:00:00-05:00,30.90999984741211,30.93000030517578,29.670000076293945,30.280000686645508,368400,0.0,0.0
2025-01-15 00:00:00-05:00,30.979999542236328,31.360000610351562,30.329999923706055,30.6200008392334,431900,0.0,0.0
2025-01-16 00:00:00-05:00,30.739999771118164,30.739999771118164,29.510000228881836,30.079999923706055,468500,0.0,0.0
2025-01-17 00:00:00-05:00,30.610000610351562,30.610000610351562,29.8799991607666,29.950000762939453,283300,0.0,0.0
2025-01-21 00:00:00-05:00,30.3799991607666,30.922500610351562,29.6560001373291,30.59000015258789,417779,0.0,0.0
