Date,Open,High,Low,Close,Volume,Dividends,Stock Splits
2022-01-03 00:00:00-05:00,19.024630207148576,19.073788707250074,19.024630207148576,19.044294357299805,8500,0.0,0.0
2022-01-04 00:00:00-05:00,19.073787977688696,19.35891251814594,18.92631060774855,19.206518173217773,34600,0.0,0.0
2022-01-05 00:00:00-05:00,19.083618581760543,19.545714805369858,19.083618581760543,19.467060089111328,28100,0.0,0.0
2022-01-06 00:00:00-05:00,19.19176924742475,19.51622018179527,19.19176924742475,19.457229614257812,9200,0.0,0.0
2022-01-07 00:00:00-05:00,19.506388107992972,19.51622018179527,19.35891075151116,19.457229614257812,18700,0.0,0.0
2022-01-10 00:00:00-05:00,19.467060089111328,19.51622045882063,19.467060089111328,19.467060089111328,38300,0.0,0.0
2022-01-11 00:00:00-05:00,19.51622184860984,19.51622184860984,19.368744479532484,19.38840675354004,32800,0.0,0.0
2022-01-12 00:00:00-05:00,19.41790291557225,19.516221786402593,19.41790291557225,19.447399139404297,49000,0.0,0.0
2022-01-13 00:00:00-05:00,19.374225010952863,19.57252709122915,19.374225010952863,19.532867431640625,17700,0.1662,0.0
2022-01-14 00:00:00-05:00,19.454537407434643,19.53286764722422,19.42181643858365,19.47337532043457,10600,0.0,0.0
2022-01-18 00:00:00-05:00,19.522951426340402,19.532866813715565,19.441646384564116,19.44363021850586,57700,0.0,0.0
2022-01-19 00:00:00-05:00,19.483289789554064,19.483289789554064,19.443630131397853,19.463459014892578,26700,0.0,0.0
2022-01-20 00:00:00-05:00,19.582441629265535,19.582441629265535,19.44362998997828,19.50312042236328,47400,0.0,0.0
2022-01-21 00:00:00-05:00,19.42379903617063,19.53286640384202,19.28498739816467,19.29490089416504,38500,0.0,0.0
2022-01-24 00:00:00-05:00,19.166005226282124,19.185836001219503,18.501689395214225,18.88838005065918,45600,0.0,0.0
2022-01-25 00:00:00-05:00,18.828889318226615,19.086683714821355,18.699993065512622,18.967700958251953,25900,0.0,0.0
2022-01-26 00:00:00-05:00,19.096599207690765,19.522951408601582,18.957787566898133,19.195751190185547,11300,0.0,0.0
2022-01-27 00:00:00-05:00,19.195752019896904,19.651848511453593,19.182861826647063,19.225496292114258,13100,0.0,0.0
2022-01-28 00:00:00-05:00,19.381166104433394,19.384139018768316,18.541351845822035,18.898296356201172,30200,0.0,0.0
2022-01-31 00:00:00-05:00,18.888379700012962,19.384137717243398,18.888379700012962,19.235410690307617,7600,0.0,0.0
2022-02-01 00:00:00-05:00,19.304817503305284,19.38413871449631,18.94192338761888,19.225496292114258,11400,0.0,0.0
2022-02-02 00:00:00-05:00,19.29490112284858,19.29490112284858,18.947872023720677,19.235410690307617,7100,0.0,0.0
2022-02-03 00:00:00-05:00,19.19575194822788,19.275073159122755,19.19575194822788,19.24532699584961,5000,0.0,0.0
2022-02-04 00:00:00-05:00,19.265156623830464,19.34447783000055,19.23441949096247,19.29490089416504,10200,0.0,0.0
2022-02-07 00:00:00-05:00,19.71133863706372,19.86998294811769,19.294901812068233,19.30481719970703,17400,0.0,0.0
2022-02-08 00:00:00-05:00,19.592358010620295,19.602273398382017,19.26019913968657,19.493206024169922,10400,0.0,0.0
2022-02-09 00:00:00-05:00,19.612188093253852,19.612188093253852,19.20169899732171,19.423799514770508,17600,0.0,0.0
2022-02-10 00:00:00-05:00,19.399999618530273,19.79800033569336,19.299999237060547,19.309999465942383,30100,0.1662,0.0
2022-02-11 00:00:00-05:00,19.209999084472656,19.76300048828125,19.209999084472656,19.469999313354492,4400,0.0,0.0
2022-02-14 00:00:00-05:00,19.530000686645508,19.614999771118164,19.350000381469727,19.450000762939453,15600,0.0,0.0
2022-02-15 00:00:00-05:00,19.510000228881836,19.510000228881836,19.344999313354492,19.489999771118164,5100,0.0,0.0
2022-02-16 00:00:00-05:00,19.489999771118164,19.5,19.299999237060547,19.420000076293945,12700,0.0,0.0
2022-02-17 00:00:00-05:00,19.43600082397461,19.450000762939453,19.209999084472656,19.25,5200,0.0,0.0
2022-02-18 00:00:00-05:00,19.25,19.65399932861328,19.25,19.270000457763672,12600,0.0,0.0
2022-02-22 00:00:00-05:00,19.149999618530273,19.46500015258789,19.149999618530273,19.25,6500,0.0,0.0
2022-02-23 00:00:00-05:00,19.329999923706055,19.479999542236328,18.940000534057617,19.149999618530273,27800,0.0,0.0
2022-02-24 00:00:00-05:00,18.93000030517578,19.049999237060547,18.93000030517578,19.020000457763672,10600,0.0,0.0
2022-02-25 00:00:00-05:00,19.020000457763672,19.149999618530273,19.0,19.010000228881836,10800,0.0,0.0
2022-02-28 00:00:00-05:00,19.040000915527344,19.270000457763672,19.040000915527344,19.25,14100,0.0,0.0
2022-03-01 00:00:00-05:00,19.229999542236328,19.45800018310547,19.229999542236328,19.440000534057617,2400,0.0,0.0
2022-03-02 00:00:00-05:00,19.34000015258789,19.489999771118164,19.34000015258789,19.450000762939453,4700,0.0,0.0
2022-03-03 00:00:00-05:00,19.3799991607666,19.5,19.3799991607666,19.459999084472656,10700,0.0,0.0
2022-03-04 00:00:00-05:00,19.44300079345703,19.489999771118164,19.350000381469727,19.399999618530273,12300,0.0,0.0
2022-03-07 00:00:00-05:00,19.530000686645508,19.709999084472656,19.190000534057617,19.190000534057617,15400,0.0,0.0
2022-03-08 00:00:00-05:00,19.200000762939453,19.93000030517578,19.190000534057617,19.25,14300,0.0,0.0
2022-03-09 00:00:00-05:00,19.350000381469727,19.549999237060547,19.25,19.389999389648438,15300,0.0,0.0
2022-03-10 00:00:00-05:00,19.489999771118164,19.489999771118164,19.329999923706055,19.329999923706055,7300,0.0,0.0
2022-03-11 00:00:00-05:00,19.260000228881836,19.350000381469727,19.229999542236328,19.25,10000,0.0,0.0
2022-03-14 00:00:00-04:00,19.549999237060547,19.549999237060547,19.200000762939453,19.229999542236328,5000,0.0,0.0
2022-03-15 00:00:00-04:00,19.209999084472656,19.354999542236328,19.190000534057617,19.260000228881836,14500,0.0,0.0
2022-03-16 00:00:00-04:00,19.139999389648438,19.209999084472656,19.110000610351562,19.165000915527344,8400,0.0,0.0
2022-03-17 00:00:00-04:00,19.23900032043457,19.23900032043457,19.1299991607666,19.17799949645996,8600,0.0,0.0
2022-03-18 00:00:00-04:00,19.139999389648438,19.277000427246094,18.91200065612793,19.270000457763672,9700,0.0,0.0
2022-03-21 00:00:00-04:00,19.260000228881836,19.260000228881836,19.0,19.209999084472656,16200,0.0,0.0
2022-03-22 00:00:00-04:00,19.239999771118164,19.25,18.969999313354492,18.969999313354492,24100,0.0,0.0
2022-03-23 00:00:00-04:00,18.950000762939453,18.979999542236328,18.760000228881836,18.8799991607666,19500,0.0,0.0
2022-03-24 00:00:00-04:00,18.860000610351562,19.149999618530273,18.860000610351562,19.149999618530273,3200,0.0,0.0
2022-03-25 00:00:00-04:00,19.170000076293945,19.290000915527344,19.170000076293945,19.260000228881836,7700,0.0,0.0
2022-03-28 00:00:00-04:00,19.309999465942383,19.309999465942383,18.780000686645508,18.780000686645508,14600,0.0,0.0
2022-03-29 00:00:00-04:00,18.799999237060547,19.790000915527344,18.799999237060547,19.30299949645996,30400,0.0,0.0
2022-03-30 00:00:00-04:00,19.118000030517578,19.399999618530273,19.100000381469727,19.187999725341797,11900,0.0,0.0
2022-03-31 00:00:00-04:00,19.100000381469727,19.5,19.100000381469727,19.40999984741211,10900,0.0,0.0
2022-04-01 00:00:00-04:00,19.40999984741211,19.631000518798828,18.760000228881836,19.049999237060547,73300,0.0,0.0
2022-04-04 00:00:00-04:00,19.110000610351562,19.34600067138672,18.850000381469727,19.233999252319336,14200,0.0,0.0
2022-04-05 00:00:00-04:00,19.18000030517578,19.233999252319336,19.059999465942383,19.059999465942383,6100,0.0,0.0
2022-04-06 00:00:00-04:00,18.90999984741211,19.14299964904785,18.90999984741211,19.059999465942383,9500,0.0,0.0
2022-04-07 00:00:00-04:00,19.170000076293945,19.384000778198242,18.89299964904785,18.920000076293945,13100,0.0,0.0
2022-04-08 00:00:00-04:00,18.989999771118164,19.3799991607666,18.989999771118164,19.139999389648438,8300,0.0,0.0
2022-04-11 00:00:00-04:00,19.260000228881836,19.275999069213867,19.059999465942383,19.190000534057617,9100,0.0,0.0
2022-04-12 00:00:00-04:00,19.290000915527344,19.290000915527344,19.09000015258789,19.229999542236328,21600,0.0,0.0
2022-04-13 00:00:00-04:00,19.0,19.25,19.0,19.010000228881836,9900,0.0,0.0
2022-04-14 00:00:00-04:00,18.8700008392334,19.11400032043457,18.8700008392334,19.11400032043457,5700,0.0,0.0
2022-04-18 00:00:00-04:00,19.0,19.1299991607666,19.0,19.045000076293945,3200,0.0,0.0
2022-04-19 00:00:00-04:00,19.1299991607666,19.155000686645508,19.010000228881836,19.1200008392334,5000,0.0,0.0
2022-04-20 00:00:00-04:00,19.132999420166016,19.190000534057617,19.049999237060547,19.100000381469727,12200,0.0,0.0
2022-04-21 00:00:00-04:00,19.260000228881836,19.260000228881836,19.0,19.100000381469727,2900,0.0,0.0
2022-04-22 00:00:00-04:00,19.18000030517578,19.18000030517578,18.8700008392334,19.049999237060547,8300,0.0,0.0
2022-04-25 00:00:00-04:00,19.100000381469727,19.149999618530273,19.049999237060547,19.049999237060547,4000,0.0,0.0
2022-04-26 00:00:00-04:00,19.1299991607666,19.149999618530273,18.860000610351562,18.979999542236328,9700,0.0,0.0
2022-04-27 00:00:00-04:00,19.06999969482422,19.1299991607666,18.850000381469727,19.079999923706055,8300,0.0,0.0
2022-04-28 00:00:00-04:00,19.01300048828125,19.01300048828125,18.850000381469727,18.8799991607666,3900,0.0,0.0
2022-04-29 00:00:00-04:00,18.93000030517578,19.052000045776367,18.700000762939453,18.739999771118164,16800,0.0,0.0
2022-05-02 00:00:00-04:00,18.93000030517578,18.9689998626709,18.760000228881836,18.9689998626709,7300,0.0,0.0
2022-05-03 00:00:00-04:00,18.989999771118164,18.989999771118164,18.530000686645508,18.700000762939453,21000,0.0,0.0
2022-05-04 00:00:00-04:00,18.899999618530273,18.899999618530273,18.6299991607666,18.665000915527344,6800,0.0,0.0
2022-05-05 00:00:00-04:00,18.700000762939453,18.950000762939453,18.520000457763672,18.68000030517578,6300,0.0,0.0
2022-05-06 00:00:00-04:00,18.700000762939453,18.785999298095703,18.649999618530273,18.739999771118164,10100,0.0,0.0
2022-05-09 00:00:00-04:00,18.700000762939453,18.799999237060547,18.360000610351562,18.690000534057617,25100,0.0,0.0
2022-05-10 00:00:00-04:00,18.799999237060547,19.128999710083008,17.43000030517578,17.809999465942383,39400,0.0,0.0
2022-05-11 00:00:00-04:00,17.809999465942383,17.889999389648438,17.18000030517578,17.5,48600,0.0,0.0
2022-05-12 00:00:00-04:00,17.690000534057617,17.690000534057617,16.979999542236328,17.149999618530273,25600,0.0,0.0
2022-05-13 00:00:00-04:00,17.34000015258789,17.670000076293945,17.270000457763672,17.6299991607666,10900,0.0,0.0
2022-05-16 00:00:00-04:00,17.989999771118164,17.989999771118164,17.639999389648438,17.719999313354492,13800,0.0,0.0
2022-05-17 00:00:00-04:00,17.75,17.950000762939453,17.600000381469727,17.760000228881836,4900,0.0,0.0
2022-05-18 00:00:00-04:00,17.950000762939453,18.232999801635742,17.760000228881836,18.049999237060547,12300,0.0,0.0
2022-05-19 00:00:00-04:00,17.920000076293945,18.049999237060547,17.899999618530273,18.010000228881836,7500,0.0,0.0
2022-05-20 00:00:00-04:00,17.93000030517578,18.209999084472656,17.90999984741211,17.950000762939453,15000,0.0,0.0
2022-05-23 00:00:00-04:00,17.959999084472656,18.159000396728516,17.690000534057617,17.969999313354492,21300,0.0,0.0
2022-05-24 00:00:00-04:00,17.829999923706055,18.100000381469727,17.829999923706055,17.8799991607666,4900,0.0,0.0
2022-05-25 00:00:00-04:00,18.159000396728516,18.19700050354004,17.8799991607666,18.049999237060547,5000,0.0,0.0
2022-05-26 00:00:00-04:00,18.18000030517578,18.209999084472656,18.06999969482422,18.149999618530273,14200,0.0,0.0
2022-05-27 00:00:00-04:00,18.209999084472656,18.68000030517578,18.209999084472656,18.56999969482422,4300,0.0,0.0
2022-05-31 00:00:00-04:00,18.600000381469727,18.610000610351562,18.280000686645508,18.31999969482422,8500,0.0,0.0
2022-06-01 00:00:00-04:00,18.3799991607666,18.81999969482422,18.3799991607666,18.530000686645508,10500,0.0,0.0
2022-06-02 00:00:00-04:00,18.579999923706055,18.6299991607666,18.530000686645508,18.530000686645508,2500,0.0,0.0
2022-06-03 00:00:00-04:00,18.40999984741211,18.809999465942383,18.40999984741211,18.549999237060547,3900,0.0,0.0
2022-06-06 00:00:00-04:00,18.674999237060547,18.799999237060547,18.549999237060547,18.649999618530273,4100,0.0,0.0
2022-06-07 00:00:00-04:00,18.65999984741211,18.795000076293945,18.479999542236328,18.479999542236328,12900,0.0,0.0
2022-06-08 00:00:00-04:00,18.350000381469727,18.670000076293945,18.25,18.600000381469727,7000,0.0,0.0
2022-06-09 00:00:00-04:00,18.610000610351562,18.639999389648438,18.479999542236328,18.549999237060547,3600,0.0,0.0
2022-06-10 00:00:00-04:00,18.489999771118164,18.655000686645508,18.395000457763672,18.475000381469727,7700,0.0,0.0
2022-06-13 00:00:00-04:00,18.219999313354492,18.3799991607666,17.792999267578125,18.200000762939453,16500,0.0,0.0
2022-06-14 00:00:00-04:00,18.06999969482422,18.25,17.700000762939453,17.7810001373291,14300,0.0,0.0
2022-06-15 00:00:00-04:00,17.780000686645508,18.799999237060547,17.780000686645508,18.690000534057617,2700,0.0,0.0
2022-06-16 00:00:00-04:00,18.5,18.5,17.84000015258789,18.09000015258789,13900,0.0,0.0
2022-06-17 00:00:00-04:00,17.989999771118164,18.239999771118164,17.799999237060547,17.8700008392334,15700,0.0,0.0
2022-06-21 00:00:00-04:00,17.8700008392334,18.149999618530273,17.8700008392334,18.058000564575195,4700,0.0,0.0
2022-06-22 00:00:00-04:00,17.799999237060547,18.011999130249023,17.709999084472656,17.850000381469727,8500,0.0,0.0
2022-06-23 00:00:00-04:00,18.038999557495117,18.038999557495117,17.850000381469727,17.850000381469727,200,0.0,0.0
2022-06-24 00:00:00-04:00,18.075000762939453,18.299999237060547,17.850000381469727,17.850000381469727,7300,0.0,0.0
2022-06-27 00:00:00-04:00,17.959999084472656,18.030000686645508,17.8700008392334,17.969999313354492,7100,0.0,0.0
2022-06-28 00:00:00-04:00,17.8799991607666,18.350000381469727,17.5,18.0,4500,0.0,0.0
2022-06-29 00:00:00-04:00,18.013999938964844,18.426000595092773,17.910999298095703,18.020000457763672,2600,0.0,0.0
2022-06-30 00:00:00-04:00,18.020000457763672,18.2450008392334,17.600000381469727,18.030000686645508,4400,0.0,0.0
2022-07-01 00:00:00-04:00,18.040000915527344,18.368000030517578,17.950000762939453,17.950000762939453,3200,0.0,0.0
2022-07-05 00:00:00-04:00,17.860000610351562,18.44300079345703,17.799999237060547,17.97800064086914,3500,0.0,0.0
2022-07-06 00:00:00-04:00,18.040000915527344,18.350000381469727,18.040000915527344,18.350000381469727,3700,0.0,0.0
2022-07-07 00:00:00-04:00,18.450000762939453,18.5,18.18899917602539,18.18899917602539,2800,0.0,0.0
2022-07-08 00:00:00-04:00,18.31999969482422,18.479999542236328,17.538000106811523,18.28499984741211,5000,0.0,0.0
2022-07-11 00:00:00-04:00,18.25,18.360000610351562,17.510000228881836,18.003999710083008,3700,0.0,0.0
2022-07-12 00:00:00-04:00,18.010000228881836,18.104999542236328,18.010000228881836,18.104999542236328,4300,0.0,0.0
2022-07-13 00:00:00-04:00,18.110000610351562,18.5,18.0,18.25,16500,0.0,0.0
2022-07-14 00:00:00-04:00,17.600000381469727,18.149999618530273,17.600000381469727,17.770000457763672,14000,0.0,0.0
2022-07-15 00:00:00-04:00,17.81999969482422,18.143999099731445,17.160999298095703,17.670000076293945,39800,0.0,0.0
2022-07-18 00:00:00-04:00,17.790000915527344,18.040000915527344,17.719999313354492,17.75,6100,0.0,0.0
2022-07-19 00:00:00-04:00,17.809999465942383,18.110000610351562,17.670000076293945,17.940000534057617,6700,0.0,0.0
2022-07-20 00:00:00-04:00,18.170000076293945,18.299999237060547,18.100000381469727,18.209999084472656,27500,0.0,0.0
2022-07-21 00:00:00-04:00,18.209999084472656,18.209999084472656,18.062999725341797,18.14299964904785,13700,0.0,0.0
2022-07-22 00:00:00-04:00,18.149999618530273,18.209999084472656,18.0,18.209999084472656,15100,0.0,0.0
2022-07-25 00:00:00-04:00,18.079999923706055,18.209999084472656,18.0,18.040000915527344,14000,0.0,0.0
2022-07-26 00:00:00-04:00,17.75,18.030000686645508,17.75,18.030000686645508,2000,0.0,0.0
2022-07-27 00:00:00-04:00,18.110000610351562,18.110000610351562,17.799999237060547,17.924999237060547,16200,0.0,0.0
2022-07-28 00:00:00-04:00,18.0,18.049999237060547,17.75,17.924999237060547,11600,0.0,0.0
2022-07-29 00:00:00-04:00,18.038000106811523,18.139999389648438,17.9950008392334,18.110000610351562,6900,0.0,0.0
2022-08-01 00:00:00-04:00,18.219999313354492,18.239999771118164,18.1200008392334,18.18000030517578,19900,0.0,0.0
2022-08-02 00:00:00-04:00,18.049999237060547,18.299999237060547,18.030000686645508,18.170000076293945,9400,0.0,0.0
2022-08-03 00:00:00-04:00,18.239999771118164,18.25,18.145000457763672,18.25,14000,0.0,0.0
2022-08-04 00:00:00-04:00,18.290000915527344,18.290000915527344,18.020000457763672,18.02199935913086,12800,0.0,0.0
2022-08-05 00:00:00-04:00,18.0,18.260000228881836,18.0,18.190000534057617,3800,0.0,0.0
2022-08-08 00:00:00-04:00,18.239999771118164,18.399999618530273,18.051000595092773,18.19499969482422,9500,0.0,0.0
2022-08-09 00:00:00-04:00,18.200000762939453,18.299999237060547,18.174999237060547,18.200000762939453,3000,0.0,0.0
2022-08-10 00:00:00-04:00,18.299999237060547,18.479000091552734,18.25,18.25,11500,0.0,0.0
2022-08-11 00:00:00-04:00,18.260000228881836,18.472999572753906,18.15999984741211,18.299999237060547,11300,0.0,0.0
2022-08-12 00:00:00-04:00,18.479999542236328,18.479999542236328,18.260000228881836,18.459999084472656,6100,0.0,0.0
2022-08-15 00:00:00-04:00,18.479999542236328,18.799999237060547,18.350000381469727,18.600000381469727,25700,0.0,0.0
2022-08-16 00:00:00-04:00,18.5,18.56999969482422,18.450000762939453,18.56999969482422,4400,0.0,0.0
2022-08-17 00:00:00-04:00,18.26099967956543,18.73900032043457,18.229999542236328,18.43000030517578,7300,0.0,0.0
2022-08-18 00:00:00-04:00,18.43000030517578,18.799999237060547,18.43000030517578,18.5,4000,0.0,0.0
2022-08-19 00:00:00-04:00,18.450000762939453,18.790000915527344,18.37700080871582,18.479999542236328,22300,0.0,0.0
2022-08-22 00:00:00-04:00,18.469999313354492,18.520000457763672,18.280000686645508,18.472000122070312,10200,0.0,0.0
2022-08-23 00:00:00-04:00,18.40999984741211,18.709999084472656,18.389999389648438,18.67300033569336,5700,0.0,0.0
2022-08-24 00:00:00-04:00,18.530000686645508,18.790000915527344,18.510000228881836,18.610000610351562,2800,0.0,0.0
2022-08-25 00:00:00-04:00,18.780000686645508,18.780000686645508,18.635000228881836,18.670000076293945,5900,0.0,0.0
2022-08-26 00:00:00-04:00,18.700000762939453,18.700000762939453,18.5,18.5,4500,0.0,0.0
2022-08-29 00:00:00-04:00,18.450000762939453,18.760000228881836,18.389999389648438,18.486000061035156,11700,0.0,0.0
2022-08-30 00:00:00-04:00,18.600000381469727,18.600000381469727,18.059999465942383,18.09000015258789,6800,0.0,0.0
2022-08-31 00:00:00-04:00,18.040000915527344,18.459999084472656,18.0,18.100000381469727,13500,0.0,0.0
2022-09-01 00:00:00-04:00,17.850000381469727,18.290000915527344,17.850000381469727,17.8799991607666,6100,0.0,0.0
2022-09-02 00:00:00-04:00,17.889999389648438,18.299999237060547,17.56999969482422,17.770000457763672,15600,0.0,0.0
2022-09-06 00:00:00-04:00,17.93000030517578,17.93000030517578,17.690000534057617,17.860000610351562,5800,0.0,0.0
2022-09-07 00:00:00-04:00,18.030000686645508,18.030000686645508,17.698999404907227,17.829999923706055,15600,0.0,0.0
2022-09-08 00:00:00-04:00,17.85300064086914,17.8700008392334,17.722000122070312,17.77400016784668,7700,0.0,0.0
2022-09-09 00:00:00-04:00,17.829999923706055,18.010000228881836,17.82900047302246,17.981000900268555,12800,0.0,0.0
2022-09-12 00:00:00-04:00,17.989999771118164,18.18000030517578,17.950000762939453,18.18000030517578,10300,0.0,0.0
2022-09-13 00:00:00-04:00,18.09000015258789,18.139999389648438,17.75,17.75,4600,0.0,0.0
2022-09-14 00:00:00-04:00,17.965999603271484,18.100000381469727,17.770000457763672,17.780000686645508,6300,0.0,0.0
2022-09-15 00:00:00-04:00,17.899999618530273,17.93199920654297,17.5,17.5,2700,0.0,0.0
2022-09-16 00:00:00-04:00,17.489999771118164,17.600000381469727,17.350000381469727,17.540000915527344,8200,0.0,0.0
2022-09-19 00:00:00-04:00,17.427000045776367,17.649999618530273,17.427000045776367,17.649999618530273,4700,0.0,0.0
2022-09-20 00:00:00-04:00,17.5,17.549999237060547,17.360000610351562,17.46500015258789,4100,0.0,0.0
2022-09-21 00:00:00-04:00,17.459999084472656,17.510000228881836,17.37700080871582,17.483999252319336,13200,0.0,0.0
2022-09-22 00:00:00-04:00,17.489999771118164,17.489999771118164,17.399999618530273,17.450000762939453,4600,0.0,0.0
2022-09-23 00:00:00-04:00,17.329999923706055,17.469999313354492,17.040000915527344,17.459999084472656,13500,0.0,0.0
2022-09-26 00:00:00-04:00,17.280000686645508,17.280000686645508,17.0,17.170000076293945,18700,0.0,0.0
2022-09-27 00:00:00-04:00,17.200000762939453,17.34000015258789,17.0,17.280000686645508,14400,0.0,0.0
2022-09-28 00:00:00-04:00,17.3700008392334,17.3700008392334,17.020999908447266,17.049999237060547,3300,0.0,0.0
2022-09-29 00:00:00-04:00,17.209999084472656,17.37700080871582,17.049999237060547,17.149999618530273,5700,0.0,0.0
2022-09-30 00:00:00-04:00,17.049999237060547,17.309999465942383,17.040000915527344,17.18000030517578,2800,0.0,0.0
2022-10-03 00:00:00-04:00,17.440000534057617,17.479999542236328,17.274999618530273,17.290000915527344,3800,0.0,0.0
2022-10-04 00:00:00-04:00,17.450000762939453,18.191999435424805,17.25,17.58799934387207,14600,0.0,0.0
2022-10-05 00:00:00-04:00,17.440000534057617,18.18000030517578,17.440000534057617,18.020000457763672,11400,0.0,0.0
2022-10-06 00:00:00-04:00,17.5,18.149999618530273,17.5,17.94300079345703,3700,0.0,0.0
2022-10-07 00:00:00-04:00,17.90999984741211,18.170000076293945,17.450000762939453,17.450000762939453,4000,0.0,0.0
2022-10-10 00:00:00-04:00,17.399999618530273,17.520000457763672,17.399999618530273,17.40999984741211,2200,0.0,0.0
2022-10-11 00:00:00-04:00,17.450000762939453,17.450000762939453,17.405000686645508,17.43000030517578,5600,0.0,0.0
2022-10-12 00:00:00-04:00,17.489999771118164,17.489999771118164,17.3799991607666,17.440000534057617,3400,0.0,0.0
2022-10-13 00:00:00-04:00,17.1299991607666,17.200000762939453,16.829999923706055,17.049999237060547,13600,0.0,0.0
2022-10-14 00:00:00-04:00,17.39699935913086,17.39699935913086,16.861000061035156,16.93000030517578,1500,0.0,0.0
2022-10-17 00:00:00-04:00,17.079999923706055,17.41200065612793,16.739999771118164,17.25,7600,0.0,0.0
2022-10-18 00:00:00-04:00,17.399999618530273,17.399999618530273,17.09000015258789,17.09000015258789,10000,0.0,0.0
2022-10-19 00:00:00-04:00,16.93000030517578,17.479999542236328,16.93000030517578,17.100000381469727,2400,0.0,0.0
2022-10-20 00:00:00-04:00,16.989999771118164,17.290000915527344,16.799999237060547,16.799999237060547,10500,0.0,0.0
2022-10-21 00:00:00-04:00,16.799999237060547,17.12299919128418,16.739999771118164,16.790000915527344,3800,0.0,0.0
2022-10-24 00:00:00-04:00,17.25,17.280000686645508,17.190000534057617,17.200000762939453,2400,0.0,0.0
2022-10-25 00:00:00-04:00,17.200000762939453,17.25,17.15999984741211,17.219999313354492,6300,0.0,0.0
2022-10-26 00:00:00-04:00,17.274999618530273,17.290000915527344,17.010000228881836,17.1299991607666,5000,0.0,0.0
2022-10-27 00:00:00-04:00,17.25,17.600000381469727,17.22800064086914,17.3700008392334,7500,0.0,0.0
2022-10-28 00:00:00-04:00,17.375999450683594,17.389999389648438,17.3700008392334,17.3700008392334,1600,0.0,0.0
2022-10-31 00:00:00-04:00,17.489999771118164,17.649999618530273,17.301000595092773,17.360000610351562,7000,0.0,0.0
2022-11-01 00:00:00-04:00,17.304000854492188,17.559999465942383,17.200000762939453,17.209999084472656,11200,0.0,0.0
2022-11-02 00:00:00-04:00,17.360000610351562,17.360000610351562,17.200000762939453,17.299999237060547,1800,0.0,0.0
2022-11-03 00:00:00-04:00,17.232999801635742,17.399999618530273,17.209999084472656,17.3799991607666,1800,0.0,0.0
2022-11-04 00:00:00-04:00,17.3700008392334,17.486000061035156,17.26099967956543,17.360000610351562,4400,0.0,0.0
2022-11-07 00:00:00-05:00,17.450000762939453,17.520000457763672,17.28499984741211,17.420000076293945,4600,0.0,0.0
2022-11-08 00:00:00-05:00,17.43000030517578,17.469999313354492,17.299999237060547,17.299999237060547,3000,0.0,0.0
2022-11-09 00:00:00-05:00,17.299999237060547,17.520000457763672,17.270000457763672,17.270000457763672,9800,0.0,0.0
2022-11-10 00:00:00-05:00,17.59000015258789,17.600000381469727,17.2450008392334,17.469999313354492,11600,0.0,0.0
2022-11-11 00:00:00-05:00,17.399999618530273,17.610000610351562,17.399999618530273,17.5,6100,0.0,0.0
2022-11-14 00:00:00-05:00,17.389999389648438,17.424999237060547,17.290000915527344,17.290000915527344,6400,0.0,0.0
2022-11-15 00:00:00-05:00,17.299999237060547,17.299999237060547,17.01099967956543,17.299999237060547,7100,0.0,0.0
2022-11-16 00:00:00-05:00,17.21500015258789,17.389999389648438,17.200000762939453,17.280000686645508,5100,0.0,0.0
2022-11-17 00:00:00-05:00,17.374000549316406,17.389999389648438,17.219999313354492,17.219999313354492,3600,0.0,0.0
2022-11-18 00:00:00-05:00,17.350000381469727,17.610000610351562,17.277000427246094,17.3799991607666,9500,0.0,0.0
2022-11-21 00:00:00-05:00,17.270000457763672,17.48200035095215,17.1299991607666,17.280000686645508,3500,0.0,0.0
2022-11-22 00:00:00-05:00,17.290000915527344,17.3700008392334,17.21299934387207,17.270000457763672,5200,0.0,0.0
2022-11-23 00:00:00-05:00,17.433000564575195,17.433000564575195,17.062999725341797,17.239999771118164,600,0.0,0.0
2022-11-25 00:00:00-05:00,17.290000915527344,17.290000915527344,17.280000686645508,17.280000686645508,300,0.0,0.0
2022-11-28 00:00:00-05:00,17.309999465942383,17.489999771118164,17.1299991607666,17.459999084472656,6200,0.0,0.0
2022-11-29 00:00:00-05:00,17.389999389648438,17.389999389648438,17.344999313354492,17.344999313354492,2600,0.0,0.0
2022-11-30 00:00:00-05:00,17.3799991607666,17.59000015258789,17.28499984741211,17.3700008392334,7100,0.0,0.0
2022-12-01 00:00:00-05:00,16.780000686645508,17.518999099731445,16.729999542236328,17.309999465942383,4700,0.0,0.0
2022-12-02 00:00:00-05:00,17.010000228881836,17.5,17.0,17.264999389648438,3200,0.0,0.0
2022-12-05 00:00:00-05:00,17.56599998474121,17.59000015258789,17.31999969482422,17.479999542236328,8500,0.0,0.0
2022-12-06 00:00:00-05:00,17.59000015258789,17.59000015258789,17.30299949645996,17.3700008392334,1500,0.0,0.0
2022-12-07 00:00:00-05:00,17.312000274658203,17.59000015258789,17.312000274658203,17.59000015258789,2600,0.0,0.0
2022-12-08 00:00:00-05:00,17.56999969482422,17.610000610351562,17.399999618530273,17.59000015258789,15800,0.0,0.0
2022-12-09 00:00:00-05:00,17.59000015258789,17.59000015258789,17.299999237060547,17.44700050354004,3900,0.0,0.0
2022-12-12 00:00:00-05:00,17.469999313354492,17.469999313354492,16.579999923706055,17.329999923706055,14000,0.0,0.0
2022-12-13 00:00:00-05:00,17.572999954223633,17.572999954223633,17.350000381469727,17.360000610351562,7800,0.0,0.0
2022-12-14 00:00:00-05:00,17.15999984741211,17.399999618530273,17.049999237060547,17.15399932861328,8400,0.0,0.0
2022-12-15 00:00:00-05:00,17.238000869750977,17.239999771118164,17.020000457763672,17.020000457763672,6400,0.0,0.0
2022-12-16 00:00:00-05:00,17.100000381469727,17.17300033569336,16.40999984741211,16.75,5800,0.0,0.0
2022-12-19 00:00:00-05:00,16.75,17.270000457763672,16.709999084472656,16.889999389648438,29800,0.0,0.0
2022-12-20 00:00:00-05:00,16.770000457763672,17.1299991607666,16.770000457763672,17.1200008392334,4600,0.0,0.0
2022-12-21 00:00:00-05:00,17.1200008392334,17.5,17.01300048828125,17.5,7000,0.0,0.0
2022-12-22 00:00:00-05:00,17.299999237060547,17.299999237060547,16.959999084472656,17.149999618530273,400800,0.0,0.0
2022-12-23 00:00:00-05:00,16.979999542236328,17.350000381469727,16.979999542236328,17.350000381469727,19000,0.0,0.0
2022-12-27 00:00:00-05:00,17.219999313354492,17.297000885009766,16.940000534057617,17.09000015258789,22600,0.0,0.0
2022-12-28 00:00:00-05:00,17.09000015258789,17.200000762939453,17.0,17.110000610351562,6900,0.0,0.0
2022-12-29 00:00:00-05:00,17.190000534057617,17.19499969482422,16.950000762939453,17.075000762939453,17300,0.0,0.0
2022-12-30 00:00:00-05:00,17.219999313354492,17.413000106811523,16.770000457763672,16.93000030517578,32300,0.0,0.0
2023-01-03 00:00:00-05:00,16.829999923706055,16.899999618530273,16.75,16.850000381469727,31800,0.0,0.0
2023-01-04 00:00:00-05:00,16.799999237060547,17.018999099731445,16.719999313354492,16.920000076293945,33600,0.0,0.0
2023-01-05 00:00:00-05:00,16.549999237060547,16.549999237060547,16.149999618530273,16.149999618530273,29000,0.0,0.0
2023-01-06 00:00:00-05:00,16.280000686645508,16.290000915527344,16.200000762939453,16.239999771118164,44300,0.0,0.0
2023-01-09 00:00:00-05:00,16.350000381469727,16.489999771118164,16.299999237060547,16.427000045776367,18700,0.0,0.0
2023-01-10 00:00:00-05:00,16.489999771118164,16.489999771118164,16.399999618530273,16.399999618530273,5400,0.0,0.0
2023-01-11 00:00:00-05:00,16.5,16.65999984741211,16.440000534057617,16.510000228881836,20000,0.0,0.0
2023-01-12 00:00:00-05:00,16.459999084472656,16.610000610351562,16.40999984741211,16.479999542236328,12700,0.0,0.0
2023-01-13 00:00:00-05:00,16.450000762939453,16.450000762939453,16.350000381469727,16.389999389648438,22800,0.0,0.0
2023-01-17 00:00:00-05:00,16.31999969482422,16.3799991607666,16.15999984741211,16.31999969482422,43900,0.0,0.0
2023-01-18 00:00:00-05:00,16.239999771118164,16.389999389648438,16.239999771118164,16.31999969482422,15100,0.0,0.0
2023-01-19 00:00:00-05:00,16.3799991607666,16.391000747680664,16.260000228881836,16.360000610351562,12000,0.0,0.0
2023-01-20 00:00:00-05:00,16.399999618530273,16.399999618530273,16.209999084472656,16.31999969482422,10200,0.0,0.0
2023-01-23 00:00:00-05:00,16.229999542236328,16.360000610351562,16.229999542236328,16.34000015258789,47300,0.0,0.0
2023-01-24 00:00:00-05:00,16.25,16.440000534057617,16.25,16.350000381469727,19700,0.0,0.0
2023-01-25 00:00:00-05:00,16.309999465942383,16.350000381469727,16.270000457763672,16.299999237060547,49400,0.0,0.0
2023-01-26 00:00:00-05:00,16.299999237060547,16.3700008392334,16.190000534057617,16.200000762939453,40100,0.0,0.0
2023-01-27 00:00:00-05:00,16.290000915527344,16.290000915527344,16.200000762939453,16.260000228881836,46600,0.0,0.0
2023-01-30 00:00:00-05:00,16.260000228881836,16.489999771118164,16.260000228881836,16.40999984741211,33600,0.0,0.0
2023-01-31 00:00:00-05:00,16.399999618530273,16.579999923706055,16.399999618530273,16.479999542236328,22700,0.0,0.0
2023-02-01 00:00:00-05:00,16.479999542236328,16.579999923706055,16.290000915527344,16.510000228881836,19000,0.0,0.0
2023-02-02 00:00:00-05:00,16.530000686645508,16.600000381469727,16.351999282836914,16.389999389648438,25400,0.0,0.0
2023-02-03 00:00:00-05:00,16.25,16.34000015258789,16.15999984741211,16.229999542236328,63800,0.0,0.0
2023-02-06 00:00:00-05:00,16.229999542236328,16.229999542236328,15.989999771118164,16.09000015258789,57700,0.0,0.0
2023-02-07 00:00:00-05:00,16.052000045776367,16.13800048828125,16.010000228881836,16.1200008392334,13600,0.0,0.0
2023-02-08 00:00:00-05:00,16.1200008392334,16.200000762939453,16.020000457763672,16.190000534057617,19300,0.0,0.0
2023-02-09 00:00:00-05:00,16.200000762939453,16.25,16.149999618530273,16.200000762939453,16100,0.0,0.0
2023-02-10 00:00:00-05:00,16.200000762939453,16.239999771118164,16.100000381469727,16.100000381469727,22000,0.0,0.0
2023-02-13 00:00:00-05:00,16.1200008392334,16.239999771118164,16.0,16.09000015258789,24500,0.0,0.0
2023-02-14 00:00:00-05:00,15.989999771118164,16.100000381469727,15.949999809265137,16.069000244140625,16500,0.0,0.0
2023-02-15 00:00:00-05:00,16.040000915527344,16.100000381469727,15.935999870300293,15.960000038146973,13600,0.0,0.0
2023-02-16 00:00:00-05:00,15.979999542236328,15.979999542236328,15.729999542236328,15.779999732971191,38600,0.0,0.0
2023-02-17 00:00:00-05:00,15.8100004196167,15.8100004196167,15.369999885559082,15.59000015258789,23900,0.0,0.0
2023-02-21 00:00:00-05:00,15.630000114440918,15.704999923706055,15.630000114440918,15.65999984741211,56300,0.0,0.0
2023-02-22 00:00:00-05:00,15.65999984741211,15.720000267028809,15.640000343322754,15.6899995803833,41300,0.0,0.0
2023-02-23 00:00:00-05:00,15.729999542236328,15.84000015258789,15.729999542236328,15.779999732971191,12100,0.0,0.0
2023-02-24 00:00:00-05:00,15.6899995803833,15.800000190734863,15.6899995803833,15.729999542236328,7100,0.0,0.0
2023-02-27 00:00:00-05:00,15.789999961853027,15.819999694824219,15.741999626159668,15.779999732971191,7000,0.0,0.0
2023-02-28 00:00:00-05:00,15.729999542236328,15.779000282287598,15.670000076293945,15.739999771118164,10700,0.0,0.0
2023-03-01 00:00:00-05:00,15.75,15.770000457763672,15.680000305175781,15.680000305175781,9600,0.0,0.0
2023-03-02 00:00:00-05:00,15.725000381469727,15.760000228881836,15.640000343322754,15.65999984741211,11800,0.0,0.0
2023-03-03 00:00:00-05:00,15.65999984741211,15.75,15.640000343322754,15.710000038146973,12200,0.0,0.0
2023-03-06 00:00:00-05:00,15.680000305175781,15.755000114440918,15.680000305175781,15.6899995803833,6100,0.0,0.0
2023-03-07 00:00:00-05:00,15.720000267028809,15.720000267028809,15.604999542236328,15.604999542236328,8800,0.0,0.0
2023-03-08 00:00:00-05:00,15.616000175476074,15.640000343322754,15.600000381469727,15.630000114440918,8100,0.0,0.0
2023-03-09 00:00:00-05:00,15.630000114440918,15.680000305175781,15.600000381469727,15.645000457763672,18300,0.0,0.0
2023-03-10 00:00:00-05:00,15.680000305175781,15.6899995803833,15.510000228881836,15.510000228881836,8300,0.0,0.0
2023-03-13 00:00:00-04:00,15.510000228881836,15.59000015258789,15.413999557495117,15.5,28400,0.0,0.0
2023-03-14 00:00:00-04:00,15.390000343322754,15.539999961853027,15.390000343322754,15.539999961853027,4600,0.0,0.0
2023-03-15 00:00:00-04:00,15.100000381469727,15.300000190734863,15.100000381469727,15.199999809265137,13100,0.0,0.0
2023-03-16 00:00:00-04:00,15.199999809265137,15.479999542236328,15.192000389099121,15.390000343322754,8800,0.0,0.0
2023-03-17 00:00:00-04:00,15.520000457763672,15.529999732971191,15.401000022888184,15.430000305175781,6500,0.0,0.0
2023-03-20 00:00:00-04:00,15.539999961853027,15.539999961853027,15.180000305175781,15.300000190734863,6900,0.0,0.0
2023-03-21 00:00:00-04:00,15.260000228881836,15.510000228881836,15.220000267028809,15.3100004196167,4800,0.0,0.0
2023-03-22 00:00:00-04:00,15.350000381469727,15.350000381469727,15.274999618530273,15.300000190734863,4400,0.0,0.0
2023-03-23 00:00:00-04:00,15.350000381469727,15.385000228881836,15.300000190734863,15.329999923706055,1700,0.0,0.0
2023-03-24 00:00:00-04:00,15.324999809265137,15.324999809265137,15.324999809265137,15.324999809265137,800,0.0,0.0
2023-03-27 00:00:00-04:00,15.25,15.35099983215332,15.25,15.295000076293945,21800,0.0,0.0
2023-03-28 00:00:00-04:00,15.300000190734863,15.359999656677246,15.279999732971191,15.279999732971191,1500,0.0,0.0
2023-03-29 00:00:00-04:00,15.380000114440918,15.380000114440918,15.270000457763672,15.3100004196167,6700,0.0,0.0
2023-03-30 00:00:00-04:00,15.319999694824219,15.380000114440918,15.3100004196167,15.34000015258789,6100,0.0,0.0
2023-03-31 00:00:00-04:00,15.380000114440918,15.489999771118164,15.319999694824219,15.430000305175781,5200,0.0,0.0
2023-04-03 00:00:00-04:00,15.5,15.5,15.380000114440918,15.399999618530273,3600,0.0,0.0
2023-04-04 00:00:00-04:00,15.4399995803833,15.449999809265137,15.34000015258789,15.387999534606934,8000,0.0,0.0
2023-04-05 00:00:00-04:00,15.489999771118164,15.489999771118164,15.279999732971191,15.319999694824219,15500,0.0,0.0
2023-04-06 00:00:00-04:00,15.319999694824219,15.479999542236328,15.300000190734863,15.369999885559082,13800,0.0,0.0
2023-04-10 00:00:00-04:00,15.399999618530273,15.399999618530273,15.279999732971191,15.319999694824219,5000,0.0,0.0
2023-04-11 00:00:00-04:00,15.350000381469727,15.5,15.350000381469727,15.449999809265137,19000,0.0,0.0
2023-04-12 00:00:00-04:00,15.460000038146973,15.550000190734863,15.460000038146973,15.550000190734863,11900,0.0,0.0
2023-04-13 00:00:00-04:00,15.449999809265137,15.479999542236328,15.361000061035156,15.479999542236328,38300,0.0,0.0
2023-04-14 00:00:00-04:00,15.430000305175781,15.520000457763672,15.425000190734863,15.430000305175781,33400,0.0,0.0
2023-04-17 00:00:00-04:00,15.460000038146973,15.498000144958496,15.289999961853027,15.289999961853027,9200,0.0,0.0
2023-04-18 00:00:00-04:00,15.279999732971191,15.40999984741211,15.274999618530273,15.310999870300293,17800,0.0,0.0
2023-04-19 00:00:00-04:00,15.350000381469727,15.350000381469727,15.229999542236328,15.25100040435791,36500,0.0,0.0
2023-04-20 00:00:00-04:00,15.289999961853027,15.293000221252441,15.239999771118164,15.239999771118164,23500,0.0,0.0
2023-04-21 00:00:00-04:00,15.260000228881836,15.289999961853027,15.229999542236328,15.270000457763672,21800,0.0,0.0
2023-04-24 00:00:00-04:00,15.25,15.289999961853027,15.220000267028809,15.260000228881836,33600,0.0,0.0
2023-04-25 00:00:00-04:00,15.300000190734863,15.300000190734863,15.220000267028809,15.239999771118164,18100,0.0,0.0
2023-04-26 00:00:00-04:00,15.234999656677246,15.350000381469727,15.234999656677246,15.324999809265137,8100,0.0,0.0
2023-04-27 00:00:00-04:00,15.350000381469727,15.350000381469727,15.267000198364258,15.319999694824219,2700,0.0,0.0
2023-04-28 00:00:00-04:00,15.279999732971191,15.350000381469727,15.279999732971191,15.350000381469727,9500,0.0,0.0
2023-05-01 00:00:00-04:00,15.34000015258789,15.399999618530273,15.300000190734863,15.329999923706055,5400,0.0,0.0
2023-05-02 00:00:00-04:00,15.319999694824219,15.350000381469727,15.319999694824219,15.350000381469727,19900,0.0,0.0
2023-05-03 00:00:00-04:00,15.350000381469727,15.350000381469727,15.329999923706055,15.329999923706055,7700,0.0,0.0
2023-05-04 00:00:00-04:00,15.350000381469727,15.350000381469727,15.300000190734863,15.3100004196167,6600,0.0,0.0
2023-05-05 00:00:00-04:00,15.369999885559082,15.425000190734863,15.319999694824219,15.425000190734863,4400,0.0,0.0
2023-05-08 00:00:00-04:00,15.4399995803833,15.539999961853027,15.375,15.539999961853027,8600,0.0,0.0
2023-05-09 00:00:00-04:00,15.550000190734863,15.550000190734863,15.449999809265137,15.449999809265137,1400,0.0,0.0
2023-05-10 00:00:00-04:00,15.449999809265137,15.579999923706055,15.449999809265137,15.510000228881836,5000,0.0,0.0
2023-05-11 00:00:00-04:00,15.4399995803833,15.449999809265137,15.383000373840332,15.4399995803833,2500,0.0,0.0
2023-05-12 00:00:00-04:00,15.359999656677246,15.359999656677246,15.300000190734863,15.300000190734863,1000,0.0,0.0
2023-05-15 00:00:00-04:00,15.270000457763672,15.399999618530273,15.270000457763672,15.3100004196167,8900,0.0,0.0
2023-05-16 00:00:00-04:00,15.350000381469727,15.390000343322754,15.300999641418457,15.350000381469727,1800,0.0,0.0
2023-05-17 00:00:00-04:00,15.359999656677246,15.430000305175781,15.350000381469727,15.399999618530273,4400,0.0,0.0
2023-05-18 00:00:00-04:00,15.430000305175781,15.430000305175781,15.420000076293945,15.420000076293945,5100,0.0,0.0
2023-05-19 00:00:00-04:00,15.449999809265137,15.470000267028809,15.430000305175781,15.430000305175781,700,0.0,0.0
2023-05-22 00:00:00-04:00,15.5,15.5,15.420000076293945,15.446999549865723,3800,0.0,0.0
2023-05-23 00:00:00-04:00,15.449999809265137,15.449999809265137,15.420000076293945,15.420000076293945,6600,0.0,0.0
2023-05-24 00:00:00-04:00,15.420000076293945,15.440999984741211,15.300000190734863,15.319999694824219,4400,0.0,0.0
2023-05-25 00:00:00-04:00,15.369999885559082,15.369999885559082,15.149999618530273,15.25,9300,0.0,0.0
2023-05-26 00:00:00-04:00,15.279999732971191,15.34000015258789,15.25100040435791,15.300000190734863,5700,0.0,0.0
2023-05-30 00:00:00-04:00,15.260000228881836,15.3100004196167,15.260000228881836,15.3100004196167,3600,0.0,0.0
2023-05-31 00:00:00-04:00,15.3100004196167,15.369999885559082,15.25,15.277999877929688,9400,0.0,0.0
2023-06-01 00:00:00-04:00,15.300000190734863,15.350000381469727,15.295000076293945,15.295000076293945,6800,0.0,0.0
2023-06-02 00:00:00-04:00,15.350000381469727,15.350000381469727,15.279999732971191,15.324999809265137,2800,0.0,0.0
2023-06-05 00:00:00-04:00,15.319999694824219,15.333999633789062,15.210000038146973,15.324000358581543,16100,0.0,0.0
2023-06-06 00:00:00-04:00,15.25,15.369000434875488,15.25,15.329999923706055,10900,0.0,0.0
2023-06-07 00:00:00-04:00,15.329999923706055,15.40999984741211,15.329999923706055,15.390000343322754,27100,0.0,0.0
2023-06-08 00:00:00-04:00,15.399999618530273,15.449999809265137,15.359999656677246,15.399999618530273,9400,0.0,0.0
2023-06-09 00:00:00-04:00,15.399999618530273,15.434000015258789,15.399999618530273,15.420000076293945,4000,0.0,0.0
2023-06-12 00:00:00-04:00,15.420000076293945,15.475000381469727,15.399999618530273,15.475000381469727,15800,0.0,0.0
2023-06-13 00:00:00-04:00,15.489999771118164,15.539999961853027,15.420000076293945,15.538999557495117,4200,0.0,0.0
2023-06-14 00:00:00-04:00,15.449999809265137,15.479999542236328,15.449999809265137,15.479999542236328,3000,0.0,0.0
2023-06-15 00:00:00-04:00,15.432000160217285,15.458000183105469,15.380000114440918,15.420000076293945,13200,0.0,0.0
2023-06-16 00:00:00-04:00,15.420000076293945,15.487000465393066,15.369999885559082,15.369999885559082,3200,0.0,0.0
2023-06-20 00:00:00-04:00,15.399999618530273,15.40999984741211,15.369999885559082,15.40999984741211,3800,0.0,0.0
2023-06-21 00:00:00-04:00,15.380000114440918,15.4399995803833,15.369999885559082,15.369999885559082,1200,0.0,0.0
2023-06-22 00:00:00-04:00,15.380000114440918,15.380000114440918,15.369999885559082,15.369999885559082,400,0.0,0.0
2023-06-23 00:00:00-04:00,15.350000381469727,15.420000076293945,15.350000381469727,15.420000076293945,900,0.0,0.0
2023-06-26 00:00:00-04:00,15.369999885559082,15.399999618530273,15.359999656677246,15.359999656677246,2600,0.0,0.0
2023-06-27 00:00:00-04:00,15.399999618530273,15.413000106811523,15.359999656677246,15.359999656677246,3400,0.0,0.0
2023-06-28 00:00:00-04:00,15.399999618530273,15.420000076293945,15.369999885559082,15.40999984741211,2200,0.0,0.0
2023-06-29 00:00:00-04:00,15.420000076293945,15.420000076293945,15.33899974822998,15.34000015258789,7800,0.0,0.0
2023-06-30 00:00:00-04:00,15.350000381469727,15.4399995803833,15.350000381469727,15.420000076293945,6700,0.0,0.0
2023-07-03 00:00:00-04:00,15.34000015258789,15.4399995803833,15.34000015258789,15.4399995803833,2400,0.0,0.0
2023-07-05 00:00:00-04:00,15.4399995803833,15.46399974822998,15.404999732971191,15.46399974822998,3900,0.0,0.0
2023-07-06 00:00:00-04:00,15.319999694824219,15.373000144958496,15.319999694824219,15.336000442504883,6900,0.0,0.0
2023-07-07 00:00:00-04:00,15.369999885559082,15.399999618530273,15.350000381469727,15.399999618530273,2900,0.0,0.0
2023-07-10 00:00:00-04:00,15.430000305175781,15.430000305175781,15.399999618530273,15.430000305175781,11200,0.0,0.0
2023-07-11 00:00:00-04:00,15.479999542236328,15.489999771118164,15.449999809265137,15.460000038146973,7600,0.0,0.0
2023-07-12 00:00:00-04:00,15.430000305175781,15.59000015258789,15.399999618530273,15.510000228881836,18200,0.0,0.0
2023-07-13 00:00:00-04:00,15.399999618530273,15.569999694824219,15.399999618530273,15.534000396728516,3300,0.0,0.0
2023-07-14 00:00:00-04:00,15.5,15.699999809265137,15.437999725341797,15.550999641418457,7700,0.0,0.0
2023-07-17 00:00:00-04:00,15.550000190734863,15.65999984741211,15.550000190734863,15.65999984741211,8600,0.0,0.0
2023-07-18 00:00:00-04:00,15.65999984741211,15.699999809265137,15.600000381469727,15.652000427246094,3000,0.0,0.0
2023-07-19 00:00:00-04:00,15.600000381469727,15.699999809265137,15.600000381469727,15.609999656677246,2100,0.0,0.0
2023-07-20 00:00:00-04:00,15.59000015258789,15.670000076293945,15.59000015258789,15.59000015258789,1800,0.0,0.0
2023-07-21 00:00:00-04:00,15.550000190734863,15.550000190734863,15.550000190734863,15.550000190734863,800,0.0,0.0
2023-07-24 00:00:00-04:00,15.670000076293945,15.670000076293945,15.600000381469727,15.600000381469727,3200,0.0,0.0
2023-07-25 00:00:00-04:00,15.600000381469727,15.6899995803833,15.600000381469727,15.619999885559082,2800,0.0,0.0
2023-07-26 00:00:00-04:00,15.699999809265137,15.75,15.699999809265137,15.75,5400,0.0,0.0
2023-07-27 00:00:00-04:00,15.800000190734863,15.899999618530273,15.800000190734863,15.850000381469727,16800,0.0,0.0
2023-07-28 00:00:00-04:00,15.890000343322754,15.9399995803833,15.880999565124512,15.880999565124512,33100,0.0,0.0
2023-07-31 00:00:00-04:00,15.989999771118164,16.0,15.859999656677246,15.890000343322754,10100,0.0,0.0
2023-08-01 00:00:00-04:00,15.90999984741211,15.920000076293945,15.800000190734863,15.800000190734863,7600,0.0,0.0
2023-08-02 00:00:00-04:00,15.8100004196167,15.899999618530273,15.619999885559082,15.739999771118164,7100,0.0,0.0
2023-08-03 00:00:00-04:00,15.739999771118164,15.8100004196167,15.619999885559082,15.670000076293945,6600,0.0,0.0
2023-08-04 00:00:00-04:00,15.699999809265137,16.0,15.539999961853027,15.59000015258789,11300,0.0,0.0
2023-08-07 00:00:00-04:00,15.59000015258789,15.800000190734863,15.52400016784668,15.800000190734863,8800,0.0,0.0
2023-08-08 00:00:00-04:00,15.779999732971191,15.864999771118164,15.635000228881836,15.770000457763672,3000,0.0,0.0
2023-08-09 00:00:00-04:00,15.84000015258789,15.949999809265137,15.550000190734863,15.829999923706055,3500,0.0,0.0
2023-08-10 00:00:00-04:00,15.829999923706055,15.829999923706055,15.720000267028809,15.800000190734863,3400,0.0,0.0
2023-08-11 00:00:00-04:00,15.800000190734863,15.880000114440918,15.369999885559082,15.489999771118164,27500,0.0,0.0
2023-08-14 00:00:00-04:00,15.199999809265137,15.5,15.140000343322754,15.279999732971191,71800,0.0,0.0
2023-08-15 00:00:00-04:00,15.289999961853027,15.361000061035156,14.90999984741211,15.319999694824219,100600,0.0,0.0
2023-08-16 00:00:00-04:00,15.329999923706055,15.4399995803833,14.895000457763672,15.3100004196167,110400,0.0,0.0
2023-08-17 00:00:00-04:00,15.350000381469727,15.380000114440918,15.010000228881836,15.170000076293945,65000,0.0,0.0
2023-08-18 00:00:00-04:00,15.199999809265137,15.350000381469727,14.8100004196167,15.180000305175781,143800,0.0,0.0
2023-08-21 00:00:00-04:00,15.199999809265137,15.239999771118164,15.0600004196167,15.130000114440918,2600,0.0,0.0
2023-08-22 00:00:00-04:00,15.119999885559082,15.220000267028809,15.050000190734863,15.109999656677246,125500,0.0,0.0
2023-08-23 00:00:00-04:00,15.1899995803833,15.229999542236328,15.15999984741211,15.180000305175781,1800,0.0,0.0
2023-08-24 00:00:00-04:00,15.119999885559082,15.119999885559082,14.954999923706055,14.989999771118164,62100,0.0,0.0
2023-08-25 00:00:00-04:00,15.0,15.100000381469727,14.989999771118164,15.010000228881836,59400,0.0,0.0
2023-08-28 00:00:00-04:00,15.09000015258789,15.319999694824219,15.069999694824219,15.25,14800,0.0,0.0
2023-08-29 00:00:00-04:00,15.270000457763672,15.390000343322754,15.260000228881836,15.270000457763672,14300,0.0,0.0
2023-08-30 00:00:00-04:00,15.199999809265137,15.255000114440918,15.180000305175781,15.239999771118164,5100,0.0,0.0
2023-08-31 00:00:00-04:00,15.199999809265137,15.25,15.180000305175781,15.229999542236328,3600,0.0,0.0
2023-09-01 00:00:00-04:00,15.239999771118164,15.387999534606934,15.180000305175781,15.255000114440918,15300,0.0,0.0
2023-09-05 00:00:00-04:00,15.180000305175781,15.239999771118164,15.180000305175781,15.229999542236328,4500,0.0,0.0
2023-09-06 00:00:00-04:00,15.170000076293945,15.234999656677246,15.170000076293945,15.199999809265137,4400,0.0,0.0
2023-09-07 00:00:00-04:00,15.229999542236328,15.289999961853027,15.229999542236328,15.25,8000,0.0,0.0
2023-09-08 00:00:00-04:00,15.270000457763672,15.300000190734863,15.210000038146973,15.300000190734863,9600,0.0,0.0
2023-09-11 00:00:00-04:00,15.289999961853027,15.289999961853027,15.28499984741211,15.28499984741211,1000,0.0,0.0
2023-09-12 00:00:00-04:00,15.319999694824219,15.380000114440918,15.300000190734863,15.350000381469727,10700,0.0,0.0
2023-09-13 00:00:00-04:00,15.369999885559082,15.369999885559082,15.140999794006348,15.34000015258789,2200,0.0,0.0
2023-09-14 00:00:00-04:00,15.210000038146973,15.279999732971191,15.210000038146973,15.260000228881836,4400,0.0,0.0
2023-09-15 00:00:00-04:00,15.289999961853027,15.289999961853027,15.22700023651123,15.22700023651123,3700,0.0,0.0
2023-09-18 00:00:00-04:00,15.239999771118164,15.27299976348877,15.239999771118164,15.270000457763672,1800,0.0,0.0
2023-09-19 00:00:00-04:00,15.300000190734863,15.300000190734863,15.281000137329102,15.289999961853027,4200,0.0,0.0
2023-09-20 00:00:00-04:00,15.289999961853027,15.300000190734863,15.279999732971191,15.279999732971191,3300,0.0,0.0
2023-09-21 00:00:00-04:00,15.279999732971191,15.350000381469727,15.279999732971191,15.34000015258789,7000,0.0,0.0
2023-09-22 00:00:00-04:00,15.350000381469727,15.390000343322754,15.300000190734863,15.326000213623047,8000,0.0,0.0
2023-09-25 00:00:00-04:00,15.34000015258789,15.345000267028809,15.34000015258789,15.345000267028809,4200,0.0,0.0
2023-09-26 00:00:00-04:00,15.289999961853027,15.335000038146973,15.270000457763672,15.300000190734863,11500,0.0,0.0
2023-09-27 00:00:00-04:00,15.350000381469727,15.399999618530273,15.25,15.25100040435791,7200,0.0,0.0
2023-09-28 00:00:00-04:00,15.25,15.380000114440918,15.25,15.25,2300,0.0,0.0
2023-09-29 00:00:00-04:00,15.319999694824219,15.34000015258789,15.239999771118164,15.239999771118164,5500,0.0,0.0
2023-10-02 00:00:00-04:00,15.300000190734863,15.300000190734863,15.239999771118164,15.289999961853027,11500,0.0,0.0
2023-10-03 00:00:00-04:00,15.239999771118164,15.239999771118164,15.12399959564209,15.12399959564209,1600,0.0,0.0
2023-10-04 00:00:00-04:00,15.199999809265137,15.300000190734863,15.100000381469727,15.125,5000,0.0,0.0
2023-10-05 00:00:00-04:00,15.25,15.361000061035156,15.140000343322754,15.180000305175781,1700,0.0,0.0
2023-10-06 00:00:00-04:00,15.180000305175781,15.39900016784668,15.100000381469727,15.23799991607666,14800,0.0,0.0
2023-10-09 00:00:00-04:00,15.210000038146973,15.279999732971191,15.210000038146973,15.279999732971191,3300,0.0,0.0
2023-10-10 00:00:00-04:00,15.300000190734863,15.354999542236328,15.300000190734863,15.354999542236328,2400,0.0,0.0
2023-10-11 00:00:00-04:00,15.263999938964844,15.399999618530273,15.263999938964844,15.399999618530273,4500,0.0,0.0
2023-10-12 00:00:00-04:00,15.329999923706055,15.34000015258789,15.149999618530273,15.15999984741211,2300,0.0,0.0
2023-10-13 00:00:00-04:00,15.170000076293945,15.225000381469727,15.100000381469727,15.149999618530273,2800,0.0,0.0
2023-10-16 00:00:00-04:00,15.149999618530273,15.149999618530273,15.079999923706055,15.079999923706055,5600,0.0,0.0
2023-10-17 00:00:00-04:00,15.079999923706055,15.100000381469727,15.079999923706055,15.100000381469727,1200,0.0,0.0
2023-10-18 00:00:00-04:00,15.079999923706055,15.14900016784668,15.0600004196167,15.100000381469727,2900,0.0,0.0
2023-10-19 00:00:00-04:00,15.100000381469727,15.100000381469727,15.0600004196167,15.0600004196167,3100,0.0,0.0
2023-10-20 00:00:00-04:00,15.09000015258789,15.350000381469727,15.079999923706055,15.079999923706055,4900,0.0,0.0
2023-10-23 00:00:00-04:00,15.25,15.293000221252441,15.069999694824219,15.079999923706055,1500,0.0,0.0
2023-10-24 00:00:00-04:00,15.09000015258789,15.149999618530273,15.079999923706055,15.09000015258789,1800,0.0,0.0
2023-10-25 00:00:00-04:00,15.09000015258789,15.149999618530273,15.09000015258789,15.09000015258789,1700,0.0,0.0
2023-10-26 00:00:00-04:00,15.079999923706055,15.229999542236328,15.020000457763672,15.020000457763672,4500,0.0,0.0
2023-10-27 00:00:00-04:00,15.020000457763672,15.170000076293945,15.020000457763672,15.050000190734863,2500,0.0,0.0
2023-10-30 00:00:00-04:00,15.079999923706055,15.126999855041504,15.050000190734863,15.050000190734863,2700,0.0,0.0
2023-10-31 00:00:00-04:00,15.0600004196167,15.0600004196167,15.039999961853027,15.048999786376953,5700,0.0,0.0
2023-11-01 00:00:00-04:00,15.050000190734863,15.1899995803833,15.050000190734863,15.109999656677246,6800,0.0,0.0
2023-11-02 00:00:00-04:00,15.149999618530273,15.350000381469727,15.100000381469727,15.279999732971191,10100,0.0,0.0
2023-11-03 00:00:00-04:00,15.350000381469727,15.39799976348877,15.25,15.390000343322754,5300,0.0,0.0
2023-11-06 00:00:00-05:00,15.369999885559082,15.413000106811523,15.319999694824219,15.329999923706055,4000,0.0,0.0
2023-11-07 00:00:00-05:00,15.458000183105469,15.458000183105469,15.3100004196167,15.390000343322754,8300,0.0,0.0
2023-11-08 00:00:00-05:00,15.449999809265137,15.449999809265137,15.390000343322754,15.390000343322754,21000,0.0,0.0
2023-11-09 00:00:00-05:00,15.369999885559082,15.467000007629395,15.354000091552734,15.390000343322754,6900,0.0,0.0
2023-11-10 00:00:00-05:00,15.369999885559082,15.460000038146973,15.338000297546387,15.449999809265137,7300,0.0,0.0
2023-11-13 00:00:00-05:00,15.449999809265137,15.449999809265137,15.34000015258789,15.437000274658203,4800,0.0,0.0
2023-11-14 00:00:00-05:00,15.329999923706055,15.460000038146973,15.272000312805176,15.329999923706055,2300,0.0,0.0
2023-11-15 00:00:00-05:00,15.3100004196167,15.435999870300293,15.3100004196167,15.335000038146973,1600,0.0,0.0
2023-11-16 00:00:00-05:00,15.3100004196167,15.468999862670898,15.3100004196167,15.434000015258789,2200,0.0,0.0
2023-11-17 00:00:00-05:00,15.369999885559082,15.510000228881836,15.369999885559082,15.482000350952148,9900,0.0,0.0
2023-11-20 00:00:00-05:00,15.4399995803833,15.539999961853027,15.4399995803833,15.5,3000,0.0,0.0
2023-11-21 00:00:00-05:00,15.5,15.505000114440918,15.465999603271484,15.505000114440918,3100,0.0,0.0
2023-11-22 00:00:00-05:00,15.534000396728516,15.539999961853027,15.501999855041504,15.501999855041504,3300,0.0,0.0
2023-11-24 00:00:00-05:00,15.5,15.600000381469727,15.5,15.600000381469727,2600,0.0,0.0
2023-11-27 00:00:00-05:00,15.600000381469727,15.600000381469727,15.5,15.550000190734863,5800,0.0,0.0
2023-11-28 00:00:00-05:00,15.59000015258789,15.600000381469727,15.489999771118164,15.510000228881836,2700,0.0,0.0
2023-11-29 00:00:00-05:00,15.600000381469727,15.600000381469727,15.470000267028809,15.520000457763672,3500,0.0,0.0
2023-11-30 00:00:00-05:00,15.539999961853027,15.59000015258789,15.5,15.553999900817871,5000,0.0,0.0
2023-12-01 00:00:00-05:00,15.600000381469727,15.699999809265137,15.600000381469727,15.630000114440918,4200,0.0,0.0
2023-12-04 00:00:00-05:00,15.666999816894531,15.670000076293945,15.600000381469727,15.635000228881836,2700,0.0,0.0
2023-12-05 00:00:00-05:00,15.779999732971191,15.779999732971191,15.600000381469727,15.666999816894531,5400,0.0,0.0
2023-12-06 00:00:00-05:00,15.739999771118164,15.739999771118164,15.692000389099121,15.692000389099121,1400,0.0,0.0
2023-12-07 00:00:00-05:00,15.6899995803833,15.75,15.600000381469727,15.600000381469727,10100,0.0,0.0
2023-12-08 00:00:00-05:00,15.680000305175781,15.680000305175781,15.600000381469727,15.600000381469727,2800,0.0,0.0
2023-12-11 00:00:00-05:00,15.609999656677246,15.621999740600586,15.600000381469727,15.600000381469727,3100,0.0,0.0
2023-12-12 00:00:00-05:00,15.550000190734863,15.699999809265137,15.449999809265137,15.539999961853027,21000,0.0,0.0
2023-12-13 00:00:00-05:00,15.5600004196167,15.75,15.5600004196167,15.74899959564209,6100,0.0,0.0
2023-12-14 00:00:00-05:00,15.699999809265137,15.710000038146973,15.649999618530273,15.670000076293945,8600,0.0,0.0
2023-12-15 00:00:00-05:00,15.670000076293945,15.720000267028809,15.616999626159668,15.616999626159668,7200,0.0,0.0
2023-12-18 00:00:00-05:00,15.699999809265137,15.699999809265137,15.625,15.670000076293945,3600,0.0,0.0
2023-12-19 00:00:00-05:00,15.619999885559082,15.75,15.619999885559082,15.743000030517578,7900,0.0,0.0
2023-12-20 00:00:00-05:00,15.680000305175781,15.779999732971191,15.656999588012695,15.680000305175781,6800,0.0,0.0
2023-12-21 00:00:00-05:00,15.899999618530273,15.899999618530273,15.640000343322754,15.640000343322754,5400,0.0,0.0
2023-12-22 00:00:00-05:00,15.65999984741211,15.961000442504883,15.420000076293945,15.75,17500,0.0,0.0
2023-12-26 00:00:00-05:00,15.75,15.798999786376953,15.661999702453613,15.729999542236328,9000,0.0,0.0
2023-12-27 00:00:00-05:00,15.800000190734863,15.920000076293945,15.649999618530273,15.920000076293945,7900,0.0,0.0
2023-12-28 00:00:00-05:00,15.90999984741211,15.920000076293945,15.829999923706055,15.84000015258789,10300,0.0,0.0
2023-12-29 00:00:00-05:00,15.75,15.829999923706055,15.75,15.75,6600,0.0,0.0
2024-01-02 00:00:00-05:00,15.65999984741211,15.9399995803833,15.649999618530273,15.680000305175781,3600,0.0,0.0
2024-01-03 00:00:00-05:00,15.649999618530273,15.9399995803833,15.649999618530273,15.779999732971191,3100,0.0,0.0
2024-01-04 00:00:00-05:00,15.649999618530273,15.800000190734863,15.649999618530273,15.795000076293945,6000,0.0,0.0
2024-01-05 00:00:00-05:00,15.880000114440918,15.890000343322754,15.800000190734863,15.8100004196167,2000,0.0,0.0
2024-01-08 00:00:00-05:00,15.720000267028809,15.880999565124512,15.720000267028809,15.880999565124512,4400,0.0,0.0
2024-01-09 00:00:00-05:00,15.9399995803833,15.9399995803833,15.84000015258789,15.871999740600586,1200,0.0,0.0
2024-01-10 00:00:00-05:00,15.918000221252441,15.973999977111816,15.918000221252441,15.949999809265137,1600,0.0,0.0
2024-01-11 00:00:00-05:00,15.949000358581543,16.0,15.949000358581543,15.970000267028809,2900,0.0,0.0
2024-01-12 00:00:00-05:00,16.0,16.0,15.75,15.75,4700,0.0,0.0
2024-01-16 00:00:00-05:00,15.850000381469727,15.949999809265137,15.779999732971191,15.850000381469727,4400,0.0,0.0
2024-01-17 00:00:00-05:00,15.807000160217285,15.819999694824219,15.75,15.800000190734863,4300,0.0,0.0
2024-01-18 00:00:00-05:00,15.8100004196167,15.885000228881836,15.75,15.75,19200,0.0,0.0
2024-01-19 00:00:00-05:00,15.84000015258789,15.979000091552734,15.729999542236328,15.729999542236328,6100,0.0,0.0
2024-01-22 00:00:00-05:00,15.710000038146973,15.8100004196167,15.710000038146973,15.779999732971191,7000,0.0,0.0
2024-01-23 00:00:00-05:00,15.82800006866455,15.90999984741211,15.760000228881836,15.760000228881836,5200,0.0,0.0
2024-01-24 00:00:00-05:00,15.8149995803833,15.824999809265137,15.75,15.824999809265137,1500,0.0,0.0
2024-01-25 00:00:00-05:00,15.829999923706055,15.850000381469727,15.829999923706055,15.84000015258789,1300,0.0,0.0
2024-01-26 00:00:00-05:00,15.854000091552734,15.960000038146973,15.850000381469727,15.850000381469727,3000,0.0,0.0
2024-01-29 00:00:00-05:00,15.819999694824219,15.960000038146973,15.819999694824219,15.840999603271484,2900,0.0,0.0
2024-01-30 00:00:00-05:00,15.949000358581543,15.949000358581543,15.850000381469727,15.930000305175781,3700,0.0,0.0
2024-01-31 00:00:00-05:00,15.960000038146973,15.960000038146973,15.901000022888184,15.901000022888184,7400,0.0,0.0
2024-02-01 00:00:00-05:00,15.880000114440918,16.06999969482422,15.880000114440918,16.06100082397461,9400,0.0,0.0
2024-02-02 00:00:00-05:00,16.09000015258789,16.100000381469727,15.949999809265137,15.949999809265137,4000,0.0,0.0
2024-02-05 00:00:00-05:00,16.059999465942383,16.158000946044922,15.979999542236328,15.989999771118164,3500,0.0,0.0
2024-02-06 00:00:00-05:00,16.010000228881836,16.100000381469727,15.95199966430664,16.100000381469727,2300,0.0,0.0
2024-02-07 00:00:00-05:00,16.049999237060547,16.167999267578125,16.049999237060547,16.100000381469727,6200,0.0,0.0
2024-02-08 00:00:00-05:00,16.059999465942383,16.059999465942383,16.059999465942383,16.059999465942383,1200,0.0,0.0
2024-02-09 00:00:00-05:00,16.089000701904297,16.089000701904297,16.089000701904297,16.089000701904297,600,0.0,0.0
2024-02-12 00:00:00-05:00,16.209999084472656,16.209999084472656,16.104999542236328,16.1299991607666,3800,0.0,0.0
2024-02-13 00:00:00-05:00,16.149999618530273,16.155000686645508,16.084999084472656,16.084999084472656,9400,0.0,0.0
2024-02-14 00:00:00-05:00,16.1200008392334,16.1200008392334,16.0,16.049999237060547,1800,0.0,0.0
2024-02-15 00:00:00-05:00,15.9399995803833,16.075000762939453,15.9399995803833,16.06999969482422,2500,0.0,0.0
2024-02-16 00:00:00-05:00,16.100000381469727,16.100000381469727,15.979000091552734,15.979000091552734,2000,0.0,0.0
2024-02-20 00:00:00-05:00,15.970000267028809,16.22800064086914,15.970000267028809,16.049999237060547,3600,0.0,0.0
2024-02-21 00:00:00-05:00,16.038999557495117,16.1200008392334,15.949999809265137,16.1200008392334,4900,0.0,0.0
2024-02-22 00:00:00-05:00,16.1200008392334,16.1200008392334,15.979999542236328,16.09000015258789,4000,0.0,0.0
2024-02-23 00:00:00-05:00,16.079999923706055,16.079999923706055,15.979999542236328,16.0,12000,0.0,0.0
2024-02-26 00:00:00-05:00,16.010000228881836,16.086000442504883,16.009000778198242,16.010000228881836,2100,0.0,0.0
2024-02-27 00:00:00-05:00,16.110000610351562,16.110000610351562,16.0,16.010000228881836,8600,0.0,0.0
2024-02-28 00:00:00-05:00,16.040000915527344,16.079999923706055,16.010000228881836,16.023000717163086,3000,0.0,0.0
2024-02-29 00:00:00-05:00,16.040000915527344,16.118999481201172,16.020000457763672,16.06999969482422,4400,0.0,0.0
2024-03-01 00:00:00-05:00,16.0,16.149999618530273,16.0,16.010000228881836,19800,0.0,0.0
2024-03-04 00:00:00-05:00,16.020999908447266,16.093000411987305,15.949999809265137,16.010000228881836,14100,0.0,0.0
2024-03-05 00:00:00-05:00,16.020000457763672,16.09000015258789,15.967000007629395,15.979999542236328,2500,0.0,0.0
2024-03-06 00:00:00-05:00,16.020000457763672,16.030000686645508,15.979999542236328,15.989999771118164,11500,0.0,0.0
2024-03-07 00:00:00-05:00,16.100000381469727,16.110000610351562,15.9399995803833,16.049999237060547,6800,0.0,0.0
2024-03-08 00:00:00-05:00,16.139999389648438,16.139999389648438,16.049999237060547,16.049999237060547,3800,0.0,0.0
2024-03-11 00:00:00-04:00,16.100000381469727,16.1299991607666,16.05299949645996,16.100000381469727,10700,0.0,0.0
2024-03-12 00:00:00-04:00,16.100000381469727,16.1200008392334,16.100000381469727,16.1200008392334,6100,0.0,0.0
2024-03-13 00:00:00-04:00,16.149999618530273,16.194000244140625,16.1299991607666,16.1299991607666,6200,0.0,0.0
2024-03-14 00:00:00-04:00,16.040000915527344,16.190000534057617,15.979999542236328,15.979999542236328,11200,0.0,0.0
2024-03-15 00:00:00-04:00,15.989999771118164,16.198999404907227,15.960000038146973,15.960000038146973,4500,0.0,0.0
2024-03-18 00:00:00-04:00,15.920000076293945,15.960000038146973,15.739999771118164,15.829999923706055,52600,0.0,0.0
2024-03-19 00:00:00-04:00,15.920000076293945,16.010000228881836,15.899999618530273,15.949999809265137,25100,0.0,0.0
2024-03-20 00:00:00-04:00,15.914999961853027,16.0,15.907999992370605,15.989999771118164,8900,0.0,0.0
2024-03-21 00:00:00-04:00,15.989999771118164,16.040000915527344,15.932000160217285,16.020000457763672,14800,0.0,0.0
2024-03-22 00:00:00-04:00,15.949999809265137,16.100000381469727,15.949999809265137,16.049999237060547,37400,0.0,0.0
2024-03-25 00:00:00-04:00,16.149999618530273,16.190000534057617,16.110000610351562,16.1299991607666,271800,0.0,0.0
2024-03-26 00:00:00-04:00,16.190000534057617,16.190000534057617,16.0,16.040000915527344,42800,0.0,0.0
2024-03-27 00:00:00-04:00,16.06999969482422,16.06999969482422,16.020000457763672,16.049999237060547,86100,0.0,0.0
2024-03-28 00:00:00-04:00,14.899999618530273,15.946999549865723,14.899999618530273,15.859999656677246,102000,0.0,0.0
2024-04-01 00:00:00-04:00,15.789999961853027,15.960000038146973,15.699999809265137,15.779999732971191,163300,0.0,0.0
2024-04-02 00:00:00-04:00,15.75,15.800000190734863,15.699999809265137,15.75,4000,0.0,0.0
2024-04-03 00:00:00-04:00,15.949999809265137,15.949999809265137,15.75,15.793999671936035,5900,0.0,0.0
2024-04-04 00:00:00-04:00,15.675000190734863,15.779999732971191,15.619999885559082,15.710000038146973,14700,0.0,0.0
2024-04-05 00:00:00-04:00,15.630000114440918,15.670000076293945,15.5,15.569999694824219,19300,0.0,0.0
2024-04-08 00:00:00-04:00,15.5,15.70199966430664,15.5,15.539999961853027,10200,0.0,0.0
2024-04-09 00:00:00-04:00,15.519000053405762,15.600000381469727,15.519000053405762,15.5600004196167,25500,0.0,0.0
2024-04-10 00:00:00-04:00,15.5,15.541999816894531,15.399999618530273,15.432999610900879,23000,0.0,0.0
2024-04-11 00:00:00-04:00,15.5,15.5,15.399999618530273,15.40999984741211,12500,0.0,0.0
2024-04-12 00:00:00-04:00,15.329999923706055,15.40999984741211,15.239999771118164,15.279999732971191,5300,0.0,0.0
2024-04-15 00:00:00-04:00,15.279999732971191,15.279999732971191,15.013999938964844,15.102999687194824,21000,0.0,0.0
2024-04-16 00:00:00-04:00,15.100000381469727,15.180000305175781,15.0600004196167,15.119999885559082,2900,0.0,0.0
2024-04-17 00:00:00-04:00,15.0600004196167,15.185999870300293,15.0600004196167,15.100000381469727,1100,0.0,0.0
2024-04-18 00:00:00-04:00,15.229999542236328,15.229999542236328,15.0,15.050000190734863,15200,0.0,0.0
2024-04-19 00:00:00-04:00,15.039999961853027,15.059000015258789,14.994000434875488,15.0,20100,0.0,0.0
2024-04-22 00:00:00-04:00,15.100000381469727,15.100000381469727,15.0,15.045999526977539,38900,0.0,0.0
2024-04-23 00:00:00-04:00,15.109999656677246,16.899999618530273,15.109999656677246,15.369999885559082,129600,0.0,0.0
2024-04-24 00:00:00-04:00,15.25,15.359999656677246,15.25,15.270000457763672,141200,0.0,0.0
2024-04-25 00:00:00-04:00,15.229999542236328,15.229999542236328,15.133999824523926,15.149999618530273,21200,0.0,0.0
2024-04-26 00:00:00-04:00,15.300000190734863,15.300000190734863,15.178000450134277,15.229999542236328,29200,0.0,0.0
2024-04-29 00:00:00-04:00,15.1899995803833,15.329999923706055,15.1899995803833,15.229999542236328,23100,0.0,0.0
2024-04-30 00:00:00-04:00,15.25,15.258000373840332,15.170000076293945,15.25,6500,0.0,0.0
2024-05-01 00:00:00-04:00,15.220000267028809,15.220000267028809,15.170000076293945,15.199999809265137,15500,0.0,0.0
2024-05-02 00:00:00-04:00,15.300000190734863,15.300000190734863,15.149999618530273,15.173999786376953,9400,0.0,0.0
2024-05-03 00:00:00-04:00,15.289999961853027,15.289999961853027,15.220000267028809,15.229999542236328,8300,0.0,0.0
2024-05-06 00:00:00-04:00,15.319999694824219,15.319999694824219,15.229999542236328,15.239999771118164,9300,0.0,0.0
2024-05-07 00:00:00-04:00,15.25,15.279999732971191,15.229999542236328,15.229999542236328,13000,0.0,0.0
2024-05-08 00:00:00-04:00,15.220000267028809,15.270000457763672,15.180000305175781,15.225000381469727,17300,0.0,0.0
2024-05-09 00:00:00-04:00,15.210000038146973,15.26099967956543,15.199999809265137,15.199999809265137,6600,0.0,0.0
2024-05-10 00:00:00-04:00,15.199999809265137,15.239999771118164,15.170000076293945,15.204999923706055,8700,0.0,0.0
2024-05-13 00:00:00-04:00,15.289999961853027,15.289999961853027,15.180000305175781,15.180000305175781,7400,0.0,0.0
2024-05-14 00:00:00-04:00,15.100000381469727,15.119999885559082,15.050000190734863,15.0600004196167,19000,0.0,0.0
2024-05-15 00:00:00-04:00,15.140000343322754,15.140000343322754,15.079999923706055,15.119999885559082,11100,0.0,0.0
2024-05-16 00:00:00-04:00,15.100000381469727,15.199999809265137,15.100000381469727,15.1899995803833,30400,0.0,0.0
2024-05-17 00:00:00-04:00,15.0600004196167,15.25,15.0600004196167,15.1899995803833,14400,0.0,0.0
2024-05-20 00:00:00-04:00,15.1899995803833,15.239999771118164,15.149999618530273,15.170000076293945,20200,0.0,0.0
2024-05-21 00:00:00-04:00,15.119999885559082,15.239999771118164,15.109999656677246,15.154000282287598,7600,0.0,0.0
2024-05-22 00:00:00-04:00,15.119999885559082,15.170000076293945,15.109999656677246,15.140000343322754,7500,0.0,0.0
2024-05-23 00:00:00-04:00,15.119999885559082,15.170000076293945,15.050000190734863,15.100000381469727,16800,0.0,0.0
2024-05-24 00:00:00-04:00,15.069999694824219,15.109999656677246,15.069999694824219,15.100000381469727,4600,0.0,0.0
2024-05-28 00:00:00-04:00,15.149999618530273,15.180000305175781,15.100000381469727,15.100000381469727,7600,0.0,0.0
2024-05-29 00:00:00-04:00,15.069999694824219,15.125,15.050000190734863,15.100000381469727,10400,0.0,0.0
2024-05-30 00:00:00-04:00,15.050000190734863,15.180000305175781,15.050000190734863,15.050000190734863,6200,0.0,0.0
2024-05-31 00:00:00-04:00,15.050000190734863,15.14900016784668,15.050000190734863,15.0600004196167,15700,0.0,0.0
2024-06-03 00:00:00-04:00,15.149999618530273,15.149999618530273,15.079999923706055,15.09000015258789,7800,0.0,0.0
2024-06-04 00:00:00-04:00,15.100000381469727,15.1899995803833,15.079999923706055,15.154999732971191,17200,0.0,0.0
2024-06-05 00:00:00-04:00,15.180000305175781,15.199999809265137,15.149999618530273,15.199999809265137,11000,0.0,0.0
2024-06-06 00:00:00-04:00,15.220000267028809,15.220000267028809,15.149999618530273,15.149999618530273,10500,0.0,0.0
2024-06-07 00:00:00-04:00,15.15999984741211,15.25,15.15999984741211,15.21500015258789,18300,0.0,0.0
2024-06-10 00:00:00-04:00,15.25,15.3100004196167,15.229999542236328,15.255000114440918,20400,0.0,0.0
2024-06-11 00:00:00-04:00,15.270000457763672,15.329999923706055,15.223999977111816,15.319999694824219,14200,0.0,0.0
2024-06-12 00:00:00-04:00,15.34000015258789,15.399999618530273,15.289999961853027,15.329999923706055,15700,0.0,0.0
2024-06-13 00:00:00-04:00,15.350000381469727,15.449999809265137,15.34000015258789,15.399999618530273,21900,0.0,0.0
2024-06-14 00:00:00-04:00,15.279999732971191,15.300000190734863,15.1899995803833,15.229999542236328,6100,0.0,0.0
2024-06-17 00:00:00-04:00,15.220000267028809,15.25,15.197999954223633,15.197999954223633,5200,0.0,0.0
2024-06-18 00:00:00-04:00,15.279999732971191,15.288999557495117,15.187000274658203,15.270000457763672,15000,0.0,0.0
2024-06-20 00:00:00-04:00,15.270000457763672,15.270000457763672,15.1899995803833,15.210000038146973,6300,0.0,0.0
2024-06-21 00:00:00-04:00,15.234999656677246,15.260000228881836,15.15999984741211,15.260000228881836,8800,0.0,0.0
2024-06-24 00:00:00-04:00,15.270000457763672,15.270000457763672,15.25,15.25,2700,0.0,0.0
2024-06-25 00:00:00-04:00,15.27299976348877,15.295000076293945,15.239999771118164,15.270000457763672,6700,0.0,0.0
2024-06-26 00:00:00-04:00,15.239999771118164,15.279999732971191,15.239999771118164,15.279999732971191,2400,0.0,0.0
2024-06-27 00:00:00-04:00,15.279999732971191,15.369999885559082,15.270000457763672,15.345000267028809,4300,0.0,0.0
2024-06-28 00:00:00-04:00,15.380000114440918,15.399999618530273,15.324999809265137,15.359999656677246,12500,0.0,0.0
2024-07-01 00:00:00-04:00,15.359999656677246,15.369999885559082,15.300000190734863,15.300999641418457,212100,0.0,0.0
2024-07-02 00:00:00-04:00,15.270000457763672,15.375,15.270000457763672,15.375,1700,0.0,0.0
2024-07-03 00:00:00-04:00,15.329999923706055,15.630000114440918,15.300000190734863,15.359999656677246,6700,0.0,0.0
2024-07-05 00:00:00-04:00,15.460000038146973,15.529999732971191,15.300000190734863,15.4350004196167,19900,0.0,0.0
2024-07-08 00:00:00-04:00,15.40999984741211,15.449999809265137,15.380000114440918,15.390000343322754,185100,0.0,0.0
2024-07-09 00:00:00-04:00,15.319999694824219,15.399999618530273,15.319999694824219,15.359999656677246,52200,0.0,0.0
2024-07-10 00:00:00-04:00,15.350000381469727,15.399999618530273,15.350000381469727,15.369999885559082,8700,0.0,0.0
2024-07-11 00:00:00-04:00,15.399999618530273,15.399999618530273,15.350000381469727,15.369999885559082,14500,0.0,0.0
2024-07-12 00:00:00-04:00,15.34000015258789,15.37399959564209,15.34000015258789,15.350000381469727,38500,0.0,0.0
2024-07-15 00:00:00-04:00,15.279999732971191,15.350000381469727,15.260000228881836,15.274999618530273,15000,0.0,0.0
2024-07-16 00:00:00-04:00,15.319999694824219,15.350000381469727,15.267000198364258,15.350000381469727,17500,0.0,0.0
2024-07-17 00:00:00-04:00,15.380000114440918,15.380000114440918,15.199999809265137,15.239999771118164,20800,0.0,0.0
2024-07-18 00:00:00-04:00,15.260000228881836,15.300000190734863,15.220000267028809,15.227999687194824,29100,0.0,0.0
2024-07-19 00:00:00-04:00,15.210000038146973,15.32699966430664,15.210000038146973,15.229999542236328,3800,0.0,0.0
2024-07-22 00:00:00-04:00,15.229999542236328,15.279999732971191,15.210000038146973,15.229999542236328,8700,0.0,0.0
2024-07-23 00:00:00-04:00,15.229999542236328,15.319999694824219,15.229999542236328,15.279999732971191,31600,0.0,0.0
2024-07-24 00:00:00-04:00,15.229999542236328,15.310999870300293,15.210000038146973,15.220000267028809,16600,0.0,0.0
2024-07-25 00:00:00-04:00,15.229000091552734,15.319999694824219,15.199999809265137,15.210000038146973,20900,0.0,0.0
2024-07-26 00:00:00-04:00,15.255000114440918,15.300000190734863,15.1899995803833,15.1899995803833,28700,0.0,0.0
2024-07-29 00:00:00-04:00,15.25,15.25,15.220000267028809,15.220000267028809,3400,0.0,0.0
2024-07-30 00:00:00-04:00,15.239999771118164,15.319000244140625,15.210000038146973,15.300000190734863,59000,0.0,0.0
2024-07-31 00:00:00-04:00,15.319999694824219,15.319999694824219,15.25,15.25,27500,0.0,0.0
2024-08-01 00:00:00-04:00,15.289999961853027,15.305000305175781,15.199999809265137,15.24899959564209,30600,0.0,0.0
2024-08-02 00:00:00-04:00,15.229999542236328,15.229999542236328,15.180000305175781,15.199999809265137,19000,0.0,0.0
2024-08-05 00:00:00-04:00,15.0600004196167,15.064000129699707,14.930000305175781,15.0,31100,0.0,0.0
2024-08-06 00:00:00-04:00,15.010000228881836,15.0600004196167,14.949999809265137,14.989999771118164,26700,0.0,0.0
2024-08-07 00:00:00-04:00,15.020000457763672,15.1899995803833,15.020000457763672,15.109999656677246,37100,0.0,0.0
2024-08-08 00:00:00-04:00,15.079999923706055,15.15999984741211,15.079999923706055,15.14900016784668,14100,0.0,0.0
2024-08-09 00:00:00-04:00,15.140000343322754,15.140000343322754,15.079999923706055,15.130000114440918,19800,0.0,0.0
2024-08-12 00:00:00-04:00,15.149999618530273,15.180000305175781,15.130000114440918,15.178999900817871,32200,0.0,0.0
2024-08-13 00:00:00-04:00,15.180000305175781,15.25,15.170000076293945,15.180000305175781,39400,0.0,0.0
2024-08-14 00:00:00-04:00,15.180000305175781,15.199999809265137,15.180000305175781,15.199999809265137,16700,0.0,0.0
2024-08-15 00:00:00-04:00,15.149999618530273,15.170000076293945,15.060999870300293,15.140000343322754,16200,0.0,0.0
2024-08-16 00:00:00-04:00,15.199999809265137,15.199999809265137,15.119000434875488,15.119000434875488,10400,0.0,0.0
2024-08-19 00:00:00-04:00,15.1899995803833,15.199999809265137,15.100000381469727,15.170000076293945,27400,0.0,0.0
2024-08-20 00:00:00-04:00,15.140000343322754,15.170000076293945,15.130000114440918,15.149999618530273,12700,0.0,0.0
2024-08-21 00:00:00-04:00,15.149999618530273,15.180000305175781,15.130000114440918,15.140000343322754,17100,0.0,0.0
2024-08-22 00:00:00-04:00,15.119999885559082,15.149999618530273,14.899999618530273,14.979000091552734,53700,0.0,0.0
2024-08-23 00:00:00-04:00,14.949999809265137,15.119999885559082,14.949999809265137,15.029999732971191,27600,0.0,0.0
2024-08-26 00:00:00-04:00,15.050000190734863,15.199999809265137,15.050000190734863,15.149999618530273,37100,0.0,0.0
2024-08-27 00:00:00-04:00,15.149999618530273,15.199999809265137,15.119000434875488,15.199999809265137,19900,0.0,0.0
2024-08-28 00:00:00-04:00,15.199999809265137,15.199999809265137,15.130000114440918,15.140000343322754,21100,0.0,0.0
2024-08-29 00:00:00-04:00,15.140000343322754,15.192000389099121,15.140000343322754,15.1899995803833,10300,0.0,0.0
2024-08-30 00:00:00-04:00,15.1899995803833,15.229999542236328,15.1899995803833,15.223999977111816,12400,0.0,0.0
2024-09-03 00:00:00-04:00,15.199999809265137,15.229999542236328,15.149999618530273,15.170000076293945,20600,0.0,0.0
2024-09-04 00:00:00-04:00,15.220000267028809,15.220000267028809,15.149999618530273,15.185999870300293,4400,0.0,0.0
2024-09-05 00:00:00-04:00,15.220000267028809,15.270000457763672,15.21500015258789,15.267000198364258,13100,0.0,0.0
2024-09-06 00:00:00-04:00,15.270000457763672,15.319999694824219,15.239999771118164,15.239999771118164,22600,0.0,0.0
2024-09-09 00:00:00-04:00,15.239999771118164,15.350000381469727,15.239999771118164,15.329999923706055,20900,0.0,0.0
2024-09-10 00:00:00-04:00,15.329999923706055,15.329999923706055,15.279999732971191,15.319999694824219,8400,0.0,0.0
2024-09-11 00:00:00-04:00,15.34000015258789,15.34000015258789,15.298999786376953,15.329999923706055,11400,0.0,0.0
2024-09-12 00:00:00-04:00,15.300000190734863,15.390000343322754,15.270000457763672,15.38700008392334,39400,0.0,0.0
2024-09-13 00:00:00-04:00,15.300000190734863,15.34000015258789,15.25,15.25,10400,0.0,0.0
2024-09-16 00:00:00-04:00,15.319999694824219,15.319999694824219,15.220000267028809,15.220000267028809,19700,0.0,0.0
2024-09-17 00:00:00-04:00,15.239999771118164,15.350000381469727,15.230999946594238,15.246999740600586,7500,0.0,0.0
2024-09-18 00:00:00-04:00,15.263999938964844,15.310999870300293,15.211000442504883,15.3100004196167,11200,0.0,0.0
2024-09-19 00:00:00-04:00,15.359999656677246,15.359999656677246,15.109999656677246,15.180000305175781,80800,0.0,0.0
2024-09-20 00:00:00-04:00,15.1899995803833,15.204999923706055,15.144000053405762,15.1899995803833,22300,0.0,0.0
2024-09-23 00:00:00-04:00,15.149999618530273,15.199999809265137,15.145999908447266,15.149999618530273,9200,0.0,0.0
2024-09-24 00:00:00-04:00,15.229999542236328,15.229999542236328,15.156000137329102,15.194999694824219,7400,0.0,0.0
2024-09-25 00:00:00-04:00,15.239999771118164,15.25,15.199999809265137,15.210000038146973,5300,0.0,0.0
2024-09-26 00:00:00-04:00,15.329999923706055,15.329999923706055,15.210000038146973,15.25,28000,0.0,0.0
2024-09-27 00:00:00-04:00,15.229999542236328,15.380000114440918,15.180000305175781,15.291000366210938,8100,0.0,0.0
2024-09-30 00:00:00-04:00,15.600000381469727,15.600000381469727,15.289999961853027,15.390000343322754,7000,0.0,0.0
2024-10-01 00:00:00-04:00,15.491999626159668,15.548999786376953,15.460000038146973,15.460000038146973,188600,0.0,0.0
2024-10-02 00:00:00-04:00,15.380000114440918,15.491000175476074,15.380000114440918,15.449999809265137,3000,0.0,0.0
2024-10-03 00:00:00-04:00,15.517000198364258,15.520000457763672,15.472000122070312,15.5,5400,0.0,0.0
2024-10-04 00:00:00-04:00,15.5,15.569999694824219,15.5,15.539999961853027,168800,0.0,0.0
2024-10-07 00:00:00-04:00,15.470000267028809,15.519000053405762,15.418000221252441,15.420000076293945,35000,0.0,0.0
2024-10-08 00:00:00-04:00,15.479999542236328,15.529999732971191,15.40999984741211,15.5,19500,0.0,0.0
2024-10-09 00:00:00-04:00,15.449999809265137,15.529999732971191,15.449999809265137,15.520000457763672,7300,0.0,0.0
2024-10-10 00:00:00-04:00,15.5,15.5600004196167,15.5,15.5600004196167,10200,0.0,0.0
2024-10-11 00:00:00-04:00,15.529999732971191,15.5600004196167,15.510000228881836,15.510000228881836,13100,0.0,0.0
2024-10-14 00:00:00-04:00,15.449999809265137,15.520999908447266,15.430000305175781,15.5,7900,0.0,0.0
2024-10-15 00:00:00-04:00,15.399999618530273,15.437000274658203,15.350000381469727,15.350000381469727,18100,0.0,0.0
2024-10-16 00:00:00-04:00,15.380000114440918,15.380000114440918,15.329999923706055,15.369999885559082,8600,0.0,0.0
2024-10-17 00:00:00-04:00,15.430000305175781,15.430000305175781,15.319999694824219,15.34000015258789,6500,0.0,0.0
2024-10-18 00:00:00-04:00,15.364999771118164,15.479999542236328,15.340999603271484,15.479999542236328,12600,0.0,0.0
2024-10-21 00:00:00-04:00,15.479999542236328,15.479999542236328,15.401000022888184,15.451000213623047,7700,0.0,0.0
2024-10-22 00:00:00-04:00,15.5,15.5,15.343999862670898,15.40999984741211,15400,0.0,0.0
2024-10-23 00:00:00-04:00,15.425000190734863,15.460000038146973,15.300000190734863,15.3100004196167,17300,0.0,0.0
2024-10-24 00:00:00-04:00,15.390000343322754,15.392000198364258,15.329999923706055,15.369999885559082,3400,0.0,0.0
2024-10-25 00:00:00-04:00,15.430000305175781,15.430000305175781,15.399999618530273,15.430000305175781,13700,0.0,0.0
2024-10-28 00:00:00-04:00,15.449999809265137,15.619999885559082,15.390000343322754,15.399999618530273,33700,0.0,0.0
2024-10-29 00:00:00-04:00,15.420000076293945,15.449999809265137,15.270000457763672,15.279999732971191,10900,0.0,0.0
2024-10-30 00:00:00-04:00,15.260000228881836,15.354999542236328,15.260000228881836,15.270000457763672,8100,0.0,0.0
2024-10-31 00:00:00-04:00,15.300000190734863,15.359999656677246,15.270000457763672,15.29699993133545,6200,0.0,0.0
2024-11-01 00:00:00-04:00,15.350000381469727,15.399999618530273,15.300000190734863,15.3100004196167,13500,0.0,0.0
2024-11-04 00:00:00-05:00,15.319999694824219,15.380000114440918,15.260000228881836,15.289999961853027,9400,0.0,0.0
2024-11-05 00:00:00-05:00,15.3149995803833,15.369999885559082,15.25,15.359999656677246,7400,0.0,0.0
2024-11-06 00:00:00-05:00,15.454999923706055,15.454999923706055,15.354999542236328,15.40999984741211,12900,0.0,0.0
2024-11-07 00:00:00-05:00,15.319999694824219,15.399999618530273,15.319999694824219,15.385000228881836,18700,0.0,0.0
2024-11-08 00:00:00-05:00,15.404999732971191,15.510000228881836,15.399999618530273,15.473999977111816,15800,0.0,0.0
2024-11-11 00:00:00-05:00,15.454999923706055,15.520000457763672,15.350000381469727,15.40999984741211,9700,0.0,0.0
2024-11-12 00:00:00-05:00,15.399999618530273,15.399999618530273,15.298999786376953,15.300000190734863,9100,0.0,0.0
2024-11-13 00:00:00-05:00,15.336000442504883,15.336000442504883,15.289999961853027,15.295000076293945,3600,0.0,0.0
2024-11-14 00:00:00-05:00,15.289999961853027,15.40999984741211,15.25,15.307000160217285,19300,0.0,0.0
2024-11-15 00:00:00-05:00,15.220000267028809,15.300000190734863,15.149999618530273,15.170000076293945,5300,0.0,0.0
2024-11-18 00:00:00-05:00,15.15999984741211,15.329999923706055,15.15999984741211,15.199999809265137,13100,0.0,0.0
2024-11-19 00:00:00-05:00,15.289999961853027,15.300000190734863,15.15999984741211,15.229999542236328,5800,0.0,0.0
2024-11-20 00:00:00-05:00,15.289999961853027,15.289999961853027,15.149999618530273,15.149999618530273,13100,0.0,0.0
2024-11-21 00:00:00-05:00,15.149999618530273,15.199999809265137,15.149999618530273,15.154000282287598,14000,0.0,0.0
2024-11-22 00:00:00-05:00,15.175000190734863,15.279999732971191,15.140000343322754,15.140000343322754,19200,0.0,0.0
2024-11-25 00:00:00-05:00,15.149999618530273,15.25,15.149999618530273,15.199999809265137,13200,0.0,0.0
2024-11-26 00:00:00-05:00,15.279999732971191,15.279999732971191,15.178000450134277,15.25,10300,0.0,0.0
2024-11-27 00:00:00-05:00,15.329999923706055,15.329999923706055,15.180000305175781,15.3100004196167,6400,0.0,0.0
2024-11-29 00:00:00-05:00,15.350000381469727,15.380000114440918,15.300000190734863,15.329999923706055,7500,0.0,0.0
2024-12-02 00:00:00-05:00,15.270000457763672,15.378999710083008,15.270000457763672,15.279999732971191,7400,0.0,0.0
2024-12-03 00:00:00-05:00,15.279999732971191,15.399999618530273,15.279999732971191,15.300000190734863,42400,0.0,0.0
2024-12-04 00:00:00-05:00,15.350000381469727,15.380000114440918,15.229999542236328,15.3100004196167,19200,0.0,0.0
2024-12-05 00:00:00-05:00,15.449999809265137,15.465999603271484,15.3100004196167,15.465999603271484,14200,0.0,0.0
2024-12-06 00:00:00-05:00,15.600000381469727,15.600000381469727,15.470999717712402,15.539999961853027,23000,0.0,0.0
2024-12-09 00:00:00-05:00,15.5,15.539999961853027,15.449999809265137,15.475000381469727,13400,0.0,0.0
2024-12-10 00:00:00-05:00,15.539999961853027,15.539999961853027,15.380000114440918,15.529999732971191,7200,0.0,0.0
2024-12-11 00:00:00-05:00,15.59000015258789,15.609999656677246,15.449999809265137,15.550000190734863,16100,0.0,0.0
2024-12-12 00:00:00-05:00,15.600000381469727,15.600000381469727,15.489999771118164,15.550000190734863,7100,0.0,0.0
2024-12-13 00:00:00-05:00,15.460000038146973,15.489999771118164,15.413000106811523,15.449999809265137,13900,0.0,0.0
2024-12-16 00:00:00-05:00,15.489999771118164,15.489999771118164,15.369999885559082,15.4399995803833,16900,0.0,0.0
2024-12-17 00:00:00-05:00,15.449999809265137,15.5,15.371000289916992,15.489999771118164,20600,0.0,0.0
2024-12-18 00:00:00-05:00,15.489999771118164,15.489999771118164,15.123299598693848,15.25,31492,0.0,0.0
