Date,Open,High,Low,Close,Volume,Dividends,Stock Splits
2022-01-03 00:00:00-05:00,9.729999542236328,9.75,9.729999542236328,9.75,96100,0.0,0.0
2022-01-04 00:00:00-05:00,9.739999771118164,9.770000457763672,9.739999771118164,9.770000457763672,91800,0.0,0.0
2022-01-05 00:00:00-05:00,9.760000228881836,9.774999618530273,9.760000228881836,9.770000457763672,270800,0.0,0.0
2022-01-06 00:00:00-05:00,9.739999771118164,9.770000457763672,9.739999771118164,9.770000457763672,1913900,0.0,0.0
2022-01-07 00:00:00-05:00,9.760000228881836,9.770000457763672,9.760000228881836,9.770000457763672,156100,0.0,0.0
2022-01-10 00:00:00-05:00,9.739999771118164,9.770000457763672,9.739999771118164,9.770000457763672,52300,0.0,0.0
2022-01-11 00:00:00-05:00,9.779999732971191,9.789999961853027,9.760000228881836,9.760000228881836,199700,0.0,0.0
2022-01-12 00:00:00-05:00,9.760000228881836,9.777999877929688,9.75,9.760000228881836,57000,0.0,0.0
2022-01-13 00:00:00-05:00,9.729999542236328,9.763999938964844,9.729999542236328,9.75,33600,0.0,0.0
2022-01-14 00:00:00-05:00,9.729999542236328,9.770000457763672,9.729999542236328,9.75,51400,0.0,0.0
2022-01-18 00:00:00-05:00,9.729999542236328,9.75,9.729999542236328,9.739999771118164,88700,0.0,0.0
2022-01-19 00:00:00-05:00,9.720000267028809,9.744999885559082,9.720000267028809,9.739999771118164,88200,0.0,0.0
2022-01-20 00:00:00-05:00,9.720000267028809,9.739999771118164,9.720000267028809,9.729999542236328,180600,0.0,0.0
2022-01-21 00:00:00-05:00,9.710000038146973,9.739999771118164,9.710000038146973,9.739999771118164,120100,0.0,0.0
2022-01-24 00:00:00-05:00,9.710000038146973,9.710000038146973,9.6899995803833,9.710000038146973,158800,0.0,0.0
2022-01-25 00:00:00-05:00,9.6899995803833,9.739999771118164,9.6899995803833,9.710000038146973,63100,0.0,0.0
2022-01-26 00:00:00-05:00,9.699999809265137,9.720000267028809,9.699999809265137,9.720000267028809,14600,0.0,0.0
2022-01-27 00:00:00-05:00,9.720000267028809,9.75,9.710000038146973,9.729999542236328,99800,0.0,0.0
2022-01-28 00:00:00-05:00,9.670000076293945,9.739999771118164,9.670000076293945,9.729999542236328,64000,0.0,0.0
2022-01-31 00:00:00-05:00,9.720000267028809,9.739999771118164,9.710000038146973,9.710000038146973,64500,0.0,0.0
2022-02-01 00:00:00-05:00,9.6899995803833,9.75,9.6899995803833,9.739999771118164,69500,0.0,0.0
2022-02-02 00:00:00-05:00,9.710000038146973,9.760000228881836,9.710000038146973,9.760000228881836,385400,0.0,0.0
2022-02-03 00:00:00-05:00,9.760000228881836,9.770000457763672,9.75,9.760000228881836,55700,0.0,0.0
2022-02-04 00:00:00-05:00,9.710000038146973,9.75,9.710000038146973,9.739999771118164,15000,0.0,0.0
2022-02-07 00:00:00-05:00,9.729999542236328,9.744999885559082,9.729999542236328,9.729999542236328,27700,0.0,0.0
2022-02-08 00:00:00-05:00,9.729999542236328,9.734999656677246,9.710000038146973,9.720000267028809,33600,0.0,0.0
2022-02-09 00:00:00-05:00,9.720000267028809,9.75,9.711999893188477,9.75,111400,0.0,0.0
2022-02-10 00:00:00-05:00,9.720000267028809,9.760000228881836,9.6899995803833,9.760000228881836,63200,0.0,0.0
2022-02-11 00:00:00-05:00,9.75,9.751999855041504,9.729999542236328,9.739999771118164,21700,0.0,0.0
2022-02-14 00:00:00-05:00,9.739999771118164,9.75,9.739999771118164,9.75,13500,0.0,0.0
2022-02-15 00:00:00-05:00,9.739999771118164,9.760000228881836,9.739999771118164,9.760000228881836,34400,0.0,0.0
2022-02-16 00:00:00-05:00,9.75,9.760000228881836,9.75,9.760000228881836,25800,0.0,0.0
2022-02-17 00:00:00-05:00,9.755000114440918,9.760000228881836,9.739999771118164,9.760000228881836,33200,0.0,0.0
2022-02-18 00:00:00-05:00,9.75,9.760000228881836,9.729999542236328,9.760000228881836,71200,0.0,0.0
2022-02-22 00:00:00-05:00,9.75,9.755000114440918,9.729999542236328,9.75,102000,0.0,0.0
2022-02-23 00:00:00-05:00,9.770000457763672,9.770000457763672,9.739999771118164,9.75,10200,0.0,0.0
2022-02-24 00:00:00-05:00,9.739999771118164,9.765000343322754,9.729999542236328,9.75,138400,0.0,0.0
2022-02-25 00:00:00-05:00,9.75,9.770000457763672,9.729999542236328,9.770000457763672,149000,0.0,0.0
2022-02-28 00:00:00-05:00,9.760000228881836,9.770000457763672,9.75,9.75,19100,0.0,0.0
2022-03-01 00:00:00-05:00,9.760000228881836,9.770000457763672,9.75,9.760000228881836,83800,0.0,0.0
2022-03-02 00:00:00-05:00,9.75,9.770000457763672,9.75,9.760000228881836,50500,0.0,0.0
2022-03-03 00:00:00-05:00,9.755000114440918,9.770000457763672,9.75,9.760000228881836,13200,0.0,0.0
2022-03-04 00:00:00-05:00,9.75,9.770000457763672,9.75,9.760000228881836,40700,0.0,0.0
2022-03-07 00:00:00-05:00,9.75,9.770000457763672,9.75,9.760000228881836,386600,0.0,0.0
2022-03-08 00:00:00-05:00,9.75,9.769000053405762,9.75,9.760000228881836,583300,0.0,0.0
2022-03-09 00:00:00-05:00,9.760000228881836,9.760000228881836,9.739999771118164,9.744999885559082,4696400,0.0,0.0
2022-03-10 00:00:00-05:00,9.75,9.760000228881836,9.739999771118164,9.739999771118164,760800,0.0,0.0
2022-03-11 00:00:00-05:00,9.75,9.760000228881836,9.739999771118164,9.75,256500,0.0,0.0
2022-03-14 00:00:00-04:00,9.75,9.760000228881836,9.739999771118164,9.755000114440918,361100,0.0,0.0
2022-03-15 00:00:00-04:00,9.779999732971191,9.779999732971191,9.75,9.770000457763672,171800,0.0,0.0
2022-03-16 00:00:00-04:00,9.75,9.774999618530273,9.75,9.760000228881836,80600,0.0,0.0
2022-03-17 00:00:00-04:00,9.739999771118164,9.779999732971191,9.739999771118164,9.770000457763672,48100,0.0,0.0
2022-03-18 00:00:00-04:00,9.739999771118164,9.770000457763672,9.739999771118164,9.770000457763672,7400,0.0,0.0
2022-03-21 00:00:00-04:00,9.760000228881836,9.779999732971191,9.760000228881836,9.774999618530273,40700,0.0,0.0
2022-03-22 00:00:00-04:00,9.765000343322754,9.774999618530273,9.765000343322754,9.774999618530273,9300,0.0,0.0
2022-03-23 00:00:00-04:00,9.770000457763672,9.779999732971191,9.770000457763672,9.770000457763672,72800,0.0,0.0
2022-03-24 00:00:00-04:00,9.770000457763672,9.779999732971191,9.770000457763672,9.774999618530273,126700,0.0,0.0
2022-03-25 00:00:00-04:00,9.760000228881836,9.789999961853027,9.760000228881836,9.78499984741211,20400,0.0,0.0
2022-03-28 00:00:00-04:00,9.779999732971191,9.78499984741211,9.770000457763672,9.774999618530273,653500,0.0,0.0
2022-03-29 00:00:00-04:00,9.760000228881836,9.789999961853027,9.760000228881836,9.789999961853027,391500,0.0,0.0
2022-03-30 00:00:00-04:00,9.795000076293945,9.800000190734863,9.779999732971191,9.779999732971191,575200,0.0,0.0
2022-03-31 00:00:00-04:00,9.760000228881836,9.78499984741211,9.760000228881836,9.779999732971191,24700,0.0,0.0
2022-04-01 00:00:00-04:00,9.779999732971191,9.800000190734863,9.779999732971191,9.779999732971191,1310100,0.0,0.0
2022-04-04 00:00:00-04:00,9.789999961853027,9.800000190734863,9.789999961853027,9.789999961853027,241700,0.0,0.0
2022-04-05 00:00:00-04:00,9.789999961853027,9.8100004196167,9.789999961853027,9.800000190734863,560800,0.0,0.0
2022-04-06 00:00:00-04:00,9.800000190734863,9.819999694824219,9.789999961853027,9.800000190734863,178700,0.0,0.0
2022-04-07 00:00:00-04:00,9.789999961853027,9.805000305175781,9.789999961853027,9.789999961853027,27300,0.0,0.0
2022-04-08 00:00:00-04:00,9.789999961853027,9.805000305175781,9.777999877929688,9.800000190734863,59800,0.0,0.0
2022-04-11 00:00:00-04:00,9.800000190734863,9.8100004196167,9.789999961853027,9.800999641418457,216900,0.0,0.0
2022-04-12 00:00:00-04:00,9.8100004196167,9.8100004196167,9.789999961853027,9.800000190734863,45100,0.0,0.0
2022-04-13 00:00:00-04:00,9.779999732971191,9.819999694824219,9.779999732971191,9.8100004196167,246000,0.0,0.0
2022-04-14 00:00:00-04:00,9.819999694824219,9.829999923706055,9.800999641418457,9.824999809265137,173800,0.0,0.0
2022-04-18 00:00:00-04:00,9.800000190734863,9.829999923706055,9.800000190734863,9.819999694824219,47600,0.0,0.0
2022-04-19 00:00:00-04:00,9.819999694824219,9.819999694824219,9.8100004196167,9.8100004196167,10200,0.0,0.0
2022-04-20 00:00:00-04:00,9.814000129699707,9.829999923706055,9.8100004196167,9.819999694824219,25300,0.0,0.0
2022-04-21 00:00:00-04:00,9.8100004196167,9.819999694824219,9.800000190734863,9.800000190734863,120000,0.0,0.0
2022-04-22 00:00:00-04:00,9.819999694824219,9.819999694824219,9.800000190734863,9.8100004196167,242300,0.0,0.0
2022-04-25 00:00:00-04:00,9.819999694824219,9.819999694824219,9.800000190734863,9.8100004196167,112500,0.0,0.0
2022-04-26 00:00:00-04:00,9.8100004196167,9.824999809265137,9.800000190734863,9.800000190734863,567000,0.0,0.0
2022-04-27 00:00:00-04:00,9.8100004196167,9.819999694824219,9.800000190734863,9.819999694824219,414600,0.0,0.0
2022-04-28 00:00:00-04:00,9.819999694824219,9.829999923706055,9.8100004196167,9.8100004196167,41500,0.0,0.0
2022-04-29 00:00:00-04:00,9.8100004196167,9.819999694824219,9.8100004196167,9.8100004196167,515600,0.0,0.0
2022-05-02 00:00:00-04:00,9.8100004196167,9.8149995803833,9.800000190734863,9.8100004196167,1234900,0.0,0.0
2022-05-03 00:00:00-04:00,9.8100004196167,9.819999694824219,9.800000190734863,9.8100004196167,1155600,0.0,0.0
2022-05-04 00:00:00-04:00,9.800000190734863,9.829999923706055,9.800000190734863,9.8100004196167,60400,0.0,0.0
2022-05-05 00:00:00-04:00,9.8100004196167,9.829999923706055,9.8100004196167,9.8100004196167,46500,0.0,0.0
2022-05-06 00:00:00-04:00,9.8100004196167,9.819999694824219,9.800000190734863,9.800000190734863,1253000,0.0,0.0
2022-05-09 00:00:00-04:00,9.800000190734863,9.819999694824219,9.779999732971191,9.789999961853027,250400,0.0,0.0
2022-05-10 00:00:00-04:00,9.789999961853027,9.805000305175781,9.779999732971191,9.779999732971191,100400,0.0,0.0
2022-05-11 00:00:00-04:00,9.800000190734863,9.800000190734863,9.774999618530273,9.779999732971191,85900,0.0,0.0
2022-05-12 00:00:00-04:00,9.779999732971191,9.789999961853027,9.770000457763672,9.770000457763672,1029600,0.0,0.0
2022-05-13 00:00:00-04:00,9.779999732971191,9.779999732971191,9.770000457763672,9.770000457763672,24100,0.0,0.0
2022-05-16 00:00:00-04:00,9.779999732971191,9.779999732971191,9.770000457763672,9.770000457763672,13200,0.0,0.0
2022-05-17 00:00:00-04:00,9.770000457763672,9.789999961853027,9.760000228881836,9.779999732971191,333600,0.0,0.0
2022-05-18 00:00:00-04:00,9.789999961853027,9.789999961853027,9.770999908447266,9.789999961853027,77100,0.0,0.0
2022-05-19 00:00:00-04:00,9.779999732971191,9.798999786376953,9.779999732971191,9.779999732971191,36000,0.0,0.0
2022-05-20 00:00:00-04:00,9.789999961853027,9.800000190734863,9.779999732971191,9.779999732971191,63700,0.0,0.0
2022-05-23 00:00:00-04:00,9.770000457763672,9.789999961853027,9.770000457763672,9.779999732971191,50000,0.0,0.0
2022-05-24 00:00:00-04:00,9.770000457763672,9.789999961853027,9.770000457763672,9.779999732971191,34500,0.0,0.0
2022-05-25 00:00:00-04:00,9.789999961853027,9.789999961853027,9.770000457763672,9.779999732971191,35500,0.0,0.0
2022-05-26 00:00:00-04:00,9.779999732971191,9.800000190734863,9.779999732971191,9.800000190734863,865400,0.0,0.0
2022-05-27 00:00:00-04:00,9.800000190734863,9.800000190734863,9.779999732971191,9.779999732971191,802600,0.0,0.0
2022-05-31 00:00:00-04:00,9.779999732971191,9.795000076293945,9.779999732971191,9.779999732971191,46900,0.0,0.0
2022-06-01 00:00:00-04:00,9.779999732971191,9.819999694824219,9.779999732971191,9.805000305175781,298500,0.0,0.0
2022-06-02 00:00:00-04:00,9.819999694824219,9.819999694824219,9.800000190734863,9.8100004196167,76100,0.0,0.0
2022-06-03 00:00:00-04:00,9.779999732971191,9.819999694824219,9.779999732971191,9.8149995803833,13100,0.0,0.0
2022-06-06 00:00:00-04:00,9.779999732971191,9.829999923706055,9.779999732971191,9.819999694824219,268800,0.0,0.0
2022-06-07 00:00:00-04:00,9.8100004196167,9.829999923706055,9.8100004196167,9.8100004196167,5300,0.0,0.0
2022-06-08 00:00:00-04:00,9.800000190734863,9.819999694824219,9.800000190734863,9.819999694824219,2600,0.0,0.0
2022-06-09 00:00:00-04:00,9.789999961853027,9.819999694824219,9.789999961853027,9.800000190734863,16800,0.0,0.0
2022-06-10 00:00:00-04:00,9.800000190734863,9.8100004196167,9.800000190734863,9.8100004196167,9800,0.0,0.0
2022-06-13 00:00:00-04:00,9.800000190734863,9.8149995803833,9.800000190734863,9.8149995803833,35000,0.0,0.0
2022-06-14 00:00:00-04:00,9.800000190734863,9.819999694824219,9.800000190734863,9.8100004196167,42200,0.0,0.0
2022-06-15 00:00:00-04:00,9.800000190734863,9.824999809265137,9.800000190734863,9.819999694824219,215700,0.0,0.0
2022-06-16 00:00:00-04:00,9.800000190734863,9.824999809265137,9.800000190734863,9.8149995803833,194200,0.0,0.0
2022-06-17 00:00:00-04:00,9.8100004196167,9.821000099182129,9.789999961853027,9.819999694824219,147000,0.0,0.0
2022-06-21 00:00:00-04:00,9.789999961853027,9.8149995803833,9.789999961853027,9.8100004196167,74900,0.0,0.0
2022-06-22 00:00:00-04:00,9.800000190734863,9.819999694824219,9.800000190734863,9.819999694824219,80300,0.0,0.0
2022-06-23 00:00:00-04:00,9.819999694824219,9.819999694824219,9.800000190734863,9.819999694824219,42700,0.0,0.0
2022-06-24 00:00:00-04:00,9.819999694824219,9.819999694824219,9.800000190734863,9.8100004196167,20200,0.0,0.0
2022-06-27 00:00:00-04:00,9.779999732971191,9.819999694824219,9.779999732971191,9.8100004196167,713500,0.0,0.0
2022-06-28 00:00:00-04:00,9.8100004196167,9.829999923706055,9.8100004196167,9.8100004196167,116700,0.0,0.0
2022-06-29 00:00:00-04:00,9.8100004196167,9.819999694824219,9.8100004196167,9.819999694824219,221000,0.0,0.0
2022-06-30 00:00:00-04:00,9.789999961853027,9.819999694824219,9.789999961853027,9.8100004196167,24500,0.0,0.0
2022-07-01 00:00:00-04:00,9.8100004196167,9.819999694824219,9.800000190734863,9.819999694824219,106900,0.0,0.0
2022-07-05 00:00:00-04:00,9.8100004196167,9.829999923706055,9.8100004196167,9.8100004196167,359300,0.0,0.0
2022-07-06 00:00:00-04:00,9.8100004196167,9.824999809265137,9.8100004196167,9.824999809265137,3900,0.0,0.0
2022-07-07 00:00:00-04:00,9.8100004196167,9.829999923706055,9.8100004196167,9.829999923706055,261300,0.0,0.0
2022-07-08 00:00:00-04:00,9.819999694824219,9.829999923706055,9.819999694824219,9.824999809265137,58600,0.0,0.0
2022-07-11 00:00:00-04:00,9.819999694824219,9.829999923706055,9.819999694824219,9.819999694824219,36700,0.0,0.0
2022-07-12 00:00:00-04:00,9.819999694824219,9.824999809265137,9.8100004196167,9.819999694824219,167000,0.0,0.0
2022-07-13 00:00:00-04:00,9.829999923706055,9.829999923706055,9.8100004196167,9.829999923706055,3300,0.0,0.0
2022-07-14 00:00:00-04:00,9.84000015258789,9.84000015258789,9.8100004196167,9.819999694824219,2723000,0.0,0.0
2022-07-15 00:00:00-04:00,9.850000381469727,9.850000381469727,9.8100004196167,9.819999694824219,1600,0.0,0.0
2022-07-18 00:00:00-04:00,9.819999694824219,9.829999923706055,9.819999694824219,9.829999923706055,457000,0.0,0.0
2022-07-19 00:00:00-04:00,9.819999694824219,9.829999923706055,9.819999694824219,9.829999923706055,6000,0.0,0.0
2022-07-20 00:00:00-04:00,9.829999923706055,9.829999923706055,9.8149995803833,9.829999923706055,71400,0.0,0.0
2022-07-21 00:00:00-04:00,9.829999923706055,9.84000015258789,9.819999694824219,9.84000015258789,481900,0.0,0.0
2022-07-22 00:00:00-04:00,9.850000381469727,9.850000381469727,9.84000015258789,9.850000381469727,21600,0.0,0.0
2022-07-25 00:00:00-04:00,9.84000015258789,9.859999656677246,9.84000015258789,9.859999656677246,529100,0.0,0.0
2022-07-26 00:00:00-04:00,9.859999656677246,9.864999771118164,9.850000381469727,9.850000381469727,14100,0.0,0.0
2022-07-27 00:00:00-04:00,9.84000015258789,9.869999885559082,9.84000015258789,9.84000015258789,195300,0.0,0.0
2022-07-28 00:00:00-04:00,9.84000015258789,9.850000381469727,9.84000015258789,9.850000381469727,86800,0.0,0.0
2022-07-29 00:00:00-04:00,9.84000015258789,9.850000381469727,9.829999923706055,9.850000381469727,392500,0.0,0.0
2022-08-01 00:00:00-04:00,9.84000015258789,9.859999656677246,9.84000015258789,9.850000381469727,28200,0.0,0.0
2022-08-02 00:00:00-04:00,9.847999572753906,9.850000381469727,9.84000015258789,9.84000015258789,39700,0.0,0.0
2022-08-03 00:00:00-04:00,9.84000015258789,9.859999656677246,9.84000015258789,9.850000381469727,95200,0.0,0.0
2022-08-04 00:00:00-04:00,9.84000015258789,9.855999946594238,9.84000015258789,9.850000381469727,66900,0.0,0.0
2022-08-05 00:00:00-04:00,9.850000381469727,9.854000091552734,9.84000015258789,9.84000015258789,7600,0.0,0.0
2022-08-08 00:00:00-04:00,9.84000015258789,9.850000381469727,9.84000015258789,9.850000381469727,57700,0.0,0.0
2022-08-09 00:00:00-04:00,9.850000381469727,9.859999656677246,9.850000381469727,9.850000381469727,56200,0.0,0.0
2022-08-10 00:00:00-04:00,9.850000381469727,9.859999656677246,9.850000381469727,9.850000381469727,13000,0.0,0.0
2022-08-11 00:00:00-04:00,9.869999885559082,9.869999885559082,9.850000381469727,9.850000381469727,28300,0.0,0.0
2022-08-12 00:00:00-04:00,9.850000381469727,9.859999656677246,9.850000381469727,9.850000381469727,10500,0.0,0.0
2022-08-15 00:00:00-04:00,9.850000381469727,9.859999656677246,9.850000381469727,9.850000381469727,18100,0.0,0.0
2022-08-16 00:00:00-04:00,9.850000381469727,9.869999885559082,9.850000381469727,9.859999656677246,31900,0.0,0.0
2022-08-17 00:00:00-04:00,9.869999885559082,9.869999885559082,9.84000015258789,9.850000381469727,585100,0.0,0.0
2022-08-18 00:00:00-04:00,9.850000381469727,9.869999885559082,9.850000381469727,9.869999885559082,413800,0.0,0.0
2022-08-19 00:00:00-04:00,9.880000114440918,9.880000114440918,9.850000381469727,9.850000381469727,6100,0.0,0.0
2022-08-22 00:00:00-04:00,9.850000381469727,9.859999656677246,9.845000267028809,9.850000381469727,133100,0.0,0.0
2022-08-23 00:00:00-04:00,9.850000381469727,9.854999542236328,9.850000381469727,9.850000381469727,10900,0.0,0.0
2022-08-24 00:00:00-04:00,9.850000381469727,9.859999656677246,9.829999923706055,9.829999923706055,175300,0.0,0.0
2022-08-25 00:00:00-04:00,9.829999923706055,9.845000267028809,9.819999694824219,9.829999923706055,1531100,0.0,0.0
2022-08-26 00:00:00-04:00,9.819999694824219,9.850000381469727,9.819999694824219,9.829999923706055,76300,0.0,0.0
2022-08-29 00:00:00-04:00,9.84000015258789,9.84000015258789,9.829999923706055,9.84000015258789,132100,0.0,0.0
2022-08-30 00:00:00-04:00,9.829999923706055,9.84000015258789,9.829999923706055,9.829999923706055,10700,0.0,0.0
2022-08-31 00:00:00-04:00,9.829999923706055,9.84000015258789,9.829999923706055,9.829999923706055,15400,0.0,0.0
2022-09-01 00:00:00-04:00,9.829999923706055,9.84000015258789,9.829999923706055,9.829999923706055,38900,0.0,0.0
2022-09-02 00:00:00-04:00,9.829999923706055,9.850000381469727,9.829999923706055,9.84000015258789,36400,0.0,0.0
2022-09-06 00:00:00-04:00,9.850000381469727,9.859999656677246,9.829999923706055,9.829999923706055,37600,0.0,0.0
2022-09-07 00:00:00-04:00,9.829999923706055,9.859999656677246,9.829999923706055,9.850000381469727,283500,0.0,0.0
2022-09-08 00:00:00-04:00,9.84000015258789,9.850000381469727,9.84000015258789,9.84000015258789,5400,0.0,0.0
2022-09-09 00:00:00-04:00,9.829999923706055,9.850000381469727,9.829999923706055,9.84000015258789,28100,0.0,0.0
2022-09-12 00:00:00-04:00,9.829999923706055,9.850000381469727,9.829999923706055,9.84000015258789,10300,0.0,0.0
2022-09-13 00:00:00-04:00,9.829999923706055,9.850000381469727,9.829999923706055,9.84000015258789,53800,0.0,0.0
2022-09-14 00:00:00-04:00,9.84000015258789,9.850000381469727,9.829999923706055,9.829999923706055,409100,0.0,0.0
2022-09-15 00:00:00-04:00,9.829999923706055,9.84000015258789,9.829999923706055,9.829999923706055,33900,0.0,0.0
2022-09-16 00:00:00-04:00,9.829999923706055,9.850000381469727,9.829999923706055,9.84000015258789,66000,0.0,0.0
2022-09-19 00:00:00-04:00,9.84000015258789,9.850000381469727,9.84000015258789,9.84000015258789,50100,0.0,0.0
2022-09-20 00:00:00-04:00,9.84000015258789,9.850000381469727,9.84000015258789,9.84000015258789,9600,0.0,0.0
2022-09-21 00:00:00-04:00,9.84000015258789,9.859999656677246,9.84000015258789,9.850000381469727,349300,0.0,0.0
2022-09-22 00:00:00-04:00,9.84000015258789,9.854999542236328,9.84000015258789,9.850000381469727,196800,0.0,0.0
2022-09-23 00:00:00-04:00,9.84000015258789,9.859999656677246,9.84000015258789,9.84000015258789,1098000,0.0,0.0
2022-09-26 00:00:00-04:00,9.84000015258789,9.854000091552734,9.84000015258789,9.850000381469727,39900,0.0,0.0
2022-09-27 00:00:00-04:00,9.84000015258789,9.859999656677246,9.84000015258789,9.85099983215332,23900,0.0,0.0
2022-09-28 00:00:00-04:00,9.850000381469727,9.859999656677246,9.84000015258789,9.859999656677246,237900,0.0,0.0
2022-09-29 00:00:00-04:00,9.859999656677246,9.859999656677246,9.850000381469727,9.850000381469727,60800,0.0,0.0
2022-09-30 00:00:00-04:00,9.850000381469727,9.880000114440918,9.850000381469727,9.869999885559082,725900,0.0,0.0
2022-10-03 00:00:00-04:00,9.880000114440918,9.880000114440918,9.859999656677246,9.864999771118164,150100,0.0,0.0
2022-10-04 00:00:00-04:00,9.869999885559082,9.880000114440918,9.859999656677246,9.869999885559082,56100,0.0,0.0
2022-10-05 00:00:00-04:00,9.869999885559082,9.899999618530273,9.869999885559082,9.885000228881836,298700,0.0,0.0
2022-10-06 00:00:00-04:00,9.899999618530273,9.899999618530273,9.869999885559082,9.880000114440918,288700,0.0,0.0
2022-10-07 00:00:00-04:00,9.880000114440918,9.899999618530273,9.869999885559082,9.899999618530273,835900,0.0,0.0
2022-10-10 00:00:00-04:00,9.869999885559082,9.90999984741211,9.869999885559082,9.90999984741211,842800,0.0,0.0
2022-10-11 00:00:00-04:00,9.899999618530273,9.90999984741211,9.885000228881836,9.90999984741211,286200,0.0,0.0
2022-10-12 00:00:00-04:00,9.90999984741211,9.90999984741211,9.890000343322754,9.90999984741211,1730200,0.0,0.0
2022-10-13 00:00:00-04:00,9.920000076293945,9.925000190734863,9.90999984741211,9.920000076293945,151200,0.0,0.0
2022-10-14 00:00:00-04:00,9.930000305175781,9.930000305175781,9.920000076293945,9.920000076293945,14000,0.0,0.0
2022-10-17 00:00:00-04:00,9.899999618530273,9.920000076293945,9.899999618530273,9.920000076293945,36200,0.0,0.0
2022-10-18 00:00:00-04:00,9.930000305175781,9.930000305175781,9.90999984741211,9.90999984741211,111600,0.0,0.0
2022-10-19 00:00:00-04:00,9.90999984741211,9.930000305175781,9.90999984741211,9.920000076293945,67900,0.0,0.0
2022-10-20 00:00:00-04:00,9.90999984741211,9.9399995803833,9.90999984741211,9.9399995803833,563600,0.0,0.0
2022-10-21 00:00:00-04:00,9.979999542236328,9.989999771118164,9.975000381469727,9.979999542236328,7179500,0.0,0.0
2022-10-24 00:00:00-04:00,9.979999542236328,9.989999771118164,9.979999542236328,9.989999771118164,443100,0.0,0.0
2022-10-25 00:00:00-04:00,9.989999771118164,10.010000228881836,9.989999771118164,10.0,11543100,0.0,0.0
2022-10-26 00:00:00-04:00,10.0,10.010000228881836,10.0,10.0,792500,0.0,0.0
2022-10-27 00:00:00-04:00,10.0,10.010000228881836,10.0,10.0,614600,0.0,0.0
2022-10-28 00:00:00-04:00,10.039999961853027,10.039999961853027,10.0,10.010000228881836,367400,0.0,0.0
2022-10-31 00:00:00-04:00,10.010000228881836,10.015000343322754,10.010000228881836,10.010000228881836,59900,0.0,0.0
2022-11-01 00:00:00-04:00,10.010000228881836,10.020000457763672,10.010000228881836,10.010000228881836,162000,0.0,0.0
2022-11-02 00:00:00-04:00,10.0,10.020000457763672,10.0,10.010000228881836,73500,0.0,0.0
2022-11-03 00:00:00-04:00,10.010000228881836,10.020000457763672,10.010000228881836,10.010000228881836,73100,0.0,0.0
2022-11-04 00:00:00-04:00,10.010000228881836,10.019000053405762,10.0,10.0,165800,0.0,0.0
2022-11-07 00:00:00-05:00,10.010000228881836,10.020000457763672,10.010000228881836,10.020000457763672,540600,0.0,0.0
2022-11-08 00:00:00-05:00,10.010000228881836,10.020000457763672,10.010000228881836,10.010000228881836,93800,0.0,0.0
2022-11-09 00:00:00-05:00,10.010000228881836,10.020000457763672,10.010000228881836,10.010000228881836,205900,0.0,0.0
2022-11-10 00:00:00-05:00,10.010000228881836,10.015000343322754,10.0,10.0,959100,0.0,0.0
2022-11-11 00:00:00-05:00,10.010000228881836,10.020000457763672,10.010000228881836,10.010000228881836,26100,0.0,0.0
2022-11-14 00:00:00-05:00,10.010000228881836,10.020000457763672,10.010000228881836,10.020000457763672,41300,0.0,0.0
2022-11-15 00:00:00-05:00,10.010000228881836,10.020000457763672,10.010000228881836,10.020000457763672,10900,0.0,0.0
2022-11-16 00:00:00-05:00,10.010000228881836,10.020000457763672,10.010000228881836,10.010000228881836,32600,0.0,0.0
2022-11-17 00:00:00-05:00,10.010000228881836,10.015000343322754,10.010000228881836,10.010000228881836,13400,0.0,0.0
2022-11-18 00:00:00-05:00,10.015000343322754,10.020000457763672,10.010000228881836,10.020000457763672,24600,0.0,0.0
2022-11-21 00:00:00-05:00,10.010000228881836,10.020000457763672,10.010000228881836,10.020000457763672,180100,0.0,0.0
2022-11-22 00:00:00-05:00,10.015000343322754,10.020000457763672,10.010000228881836,10.020000457763672,55500,0.0,0.0
2022-11-23 00:00:00-05:00,10.010000228881836,10.020000457763672,10.010000228881836,10.020000457763672,48500,0.0,0.0
2022-11-25 00:00:00-05:00,10.029999732971191,10.045000076293945,10.029999732971191,10.029999732971191,1440000,0.0,0.0
2022-11-28 00:00:00-05:00,10.079999923706055,10.079999923706055,10.029999732971191,10.039999961853027,219500,0.0,0.0
2022-11-29 00:00:00-05:00,10.039999961853027,10.045000076293945,10.029999732971191,10.029999732971191,34500,0.0,0.0
2022-11-30 00:00:00-05:00,10.029999732971191,10.039999961853027,9.998000144958496,10.010000228881836,13100,0.0,0.0
2022-12-01 00:00:00-05:00,10.0,10.03499984741211,10.0,10.010000228881836,20900,0.0,0.0
2022-12-02 00:00:00-05:00,10.0,10.020000457763672,10.0,10.010000228881836,18400,0.0,0.0
2022-12-05 00:00:00-05:00,10.0,10.029999732971191,10.0,10.029999732971191,19100,0.0,0.0
2022-12-06 00:00:00-05:00,10.010000228881836,10.020000457763672,10.010000228881836,10.020000457763672,17000,0.0,0.0
2022-12-07 00:00:00-05:00,10.010000228881836,10.020999908447266,10.010000228881836,10.020000457763672,23400,0.0,0.0
2022-12-08 00:00:00-05:00,10.010000228881836,10.020000457763672,10.010000228881836,10.020000457763672,4900,0.0,0.0
2022-12-09 00:00:00-05:00,10.010000228881836,10.050000190734863,9.994999885559082,10.050000190734863,24700,0.0,0.0
2022-12-12 00:00:00-05:00,10.050000190734863,10.079999923706055,10.039999961853027,10.069999694824219,38600,0.0,0.0
2022-12-13 00:00:00-05:00,10.050000190734863,10.069999694824219,10.050000190734863,10.050000190734863,15300,0.0,0.0
2022-12-14 00:00:00-05:00,10.079999923706055,10.079999923706055,10.050000190734863,10.050000190734863,21000,0.0,0.0
2022-12-15 00:00:00-05:00,10.050000190734863,10.055000305175781,10.050000190734863,10.050000190734863,23600,0.0,0.0
2022-12-16 00:00:00-05:00,10.050000190734863,10.0600004196167,10.045000076293945,10.050000190734863,24900,0.0,0.0
2022-12-19 00:00:00-05:00,10.050000190734863,10.069999694824219,10.050000190734863,10.062000274658203,27000,0.0,0.0
2022-12-20 00:00:00-05:00,10.050000190734863,10.069999694824219,10.050000190734863,10.069999694824219,25700,0.0,0.0
2022-12-21 00:00:00-05:00,10.050000190734863,10.069999694824219,10.029999732971191,10.050000190734863,19600,0.0,0.0
2022-12-22 00:00:00-05:00,10.050000190734863,10.074999809265137,10.050000190734863,10.050000190734863,69100,0.0,0.0
2022-12-23 00:00:00-05:00,10.050000190734863,10.0649995803833,10.050000190734863,10.0600004196167,25700,0.0,0.0
2022-12-27 00:00:00-05:00,10.050000190734863,10.0600004196167,10.050000190734863,10.055000305175781,18300,0.0,0.0
2022-12-28 00:00:00-05:00,10.050000190734863,10.069999694824219,10.050000190734863,10.0600004196167,83300,0.0,0.0
2022-12-29 00:00:00-05:00,10.050000190734863,10.079999923706055,10.050000190734863,10.0600004196167,44200,0.0,0.0
2022-12-30 00:00:00-05:00,10.0600004196167,10.100000381469727,10.0600004196167,10.100000381469727,16500,0.0,0.0
2023-01-03 00:00:00-05:00,10.079999923706055,10.119999885559082,10.069999694824219,10.119999885559082,19200,0.0,0.0
2023-01-04 00:00:00-05:00,10.069999694824219,10.119000434875488,10.069999694824219,10.100000381469727,11500,0.0,0.0
2023-01-05 00:00:00-05:00,10.079999923706055,10.140000343322754,10.079999923706055,10.119999885559082,18300,0.0,0.0
2023-01-06 00:00:00-05:00,10.100000381469727,10.125,10.100000381469727,10.119999885559082,5500,0.0,0.0
2023-01-09 00:00:00-05:00,10.239999771118164,10.239999771118164,10.100000381469727,10.100000381469727,25100,0.0,0.0
2023-01-10 00:00:00-05:00,10.09000015258789,10.34000015258789,10.09000015258789,10.210000038146973,51400,0.0,0.0
2023-01-11 00:00:00-05:00,10.140000343322754,10.210000038146973,10.140000343322754,10.199999809265137,5600,0.0,0.0
2023-01-12 00:00:00-05:00,10.220000267028809,10.267999649047852,10.1899995803833,10.21500015258789,24200,0.0,0.0
2023-01-13 00:00:00-05:00,10.229999542236328,10.229999542236328,10.210000038146973,10.21500015258789,10700,0.0,0.0
2023-01-17 00:00:00-05:00,10.149999618530273,10.229999542236328,10.149999618530273,10.210000038146973,12000,0.0,0.0
2023-01-18 00:00:00-05:00,10.229999542236328,10.279999732971191,10.180000305175781,10.210000038146973,18600,0.0,0.0
2023-01-19 00:00:00-05:00,10.180000305175781,10.25,10.180000305175781,10.25,5600,0.0,0.0
2023-01-20 00:00:00-05:00,10.260000228881836,10.260000228881836,10.210000038146973,10.239999771118164,8700,0.0,0.0
2023-01-23 00:00:00-05:00,10.234000205993652,10.265000343322754,10.199999809265137,10.229999542236328,12300,0.0,0.0
2023-01-24 00:00:00-05:00,10.199999809265137,10.270000457763672,10.199999809265137,10.270000457763672,17400,0.0,0.0
2023-01-25 00:00:00-05:00,10.220000267028809,10.270000457763672,10.220000267028809,10.270000457763672,3700,0.0,0.0
2023-01-26 00:00:00-05:00,10.239999771118164,10.279999732971191,10.229999542236328,10.279999732971191,27200,0.0,0.0
2023-01-27 00:00:00-05:00,10.289999961853027,10.289999961853027,10.239999771118164,10.260000228881836,4600,0.0,0.0
2023-01-30 00:00:00-05:00,10.1899995803833,10.279999732971191,10.170000076293945,10.279999732971191,50200,0.0,0.0
2023-01-31 00:00:00-05:00,10.210000038146973,10.3100004196167,10.210000038146973,10.3100004196167,10100,0.0,0.0
2023-02-01 00:00:00-05:00,10.260000228881836,10.3100004196167,10.229999542236328,10.3100004196167,1700,0.0,0.0
2023-02-02 00:00:00-05:00,10.300000190734863,10.34000015258789,10.270000457763672,10.289999961853027,5500,0.0,0.0
2023-02-03 00:00:00-05:00,10.289999961853027,10.289999961853027,10.239999771118164,10.289999961853027,1800,0.0,0.0
2023-02-06 00:00:00-05:00,10.300000190734863,10.300000190734863,10.260000228881836,10.270000457763672,10500,0.0,0.0
2023-02-07 00:00:00-05:00,10.25,10.289999961853027,10.239999771118164,10.270000457763672,7700,0.0,0.0
2023-02-08 00:00:00-05:00,10.25,10.300000190734863,10.25,10.300000190734863,13100,0.0,0.0
2023-02-09 00:00:00-05:00,10.270000457763672,10.4350004196167,10.270000457763672,10.3100004196167,81400,0.0,0.0
2023-02-10 00:00:00-05:00,10.3100004196167,10.319999694824219,10.289999961853027,10.300000190734863,284900,0.0,0.0
2023-02-13 00:00:00-05:00,10.319999694824219,10.319999694824219,10.3100004196167,10.319999694824219,23300,0.0,0.0
2023-02-14 00:00:00-05:00,10.319999694824219,10.350000381469727,10.279999732971191,10.300000190734863,57800,0.0,0.0
2023-02-15 00:00:00-05:00,10.279999732971191,10.289999961853027,10.239999771118164,10.260000228881836,334300,0.0,0.0
2023-02-16 00:00:00-05:00,10.25,10.260000228881836,10.239999771118164,10.260000228881836,68300,0.0,0.0
2023-02-17 00:00:00-05:00,10.260000228881836,10.260000228881836,10.25,10.260000228881836,35900,0.0,0.0
2023-02-21 00:00:00-05:00,10.239999771118164,10.260000228881836,10.239999771118164,10.260000228881836,21000,0.0,0.0
2023-02-22 00:00:00-05:00,10.239999771118164,10.260000228881836,10.239999771118164,10.260000228881836,15300,0.0,0.0
2023-02-23 00:00:00-05:00,10.255000114440918,10.260000228881836,10.25,10.260000228881836,3400,0.0,0.0
2023-02-24 00:00:00-05:00,10.25,10.260000228881836,10.25,10.260000228881836,18600,0.0,0.0
2023-02-27 00:00:00-05:00,10.25,10.260000228881836,10.25,10.260000228881836,9300,0.0,0.0
2023-02-28 00:00:00-05:00,10.25,10.260000228881836,10.25,10.260000228881836,18300,0.0,0.0
2023-03-01 00:00:00-05:00,10.25,10.25,10.239999771118164,10.25,41900,0.0,0.0
2023-03-02 00:00:00-05:00,10.239999771118164,10.239999771118164,10.170000076293945,10.229999542236328,207800,0.0,0.0
2023-03-03 00:00:00-05:00,10.229999542236328,10.239999771118164,10.220000267028809,10.239999771118164,5000,0.0,0.0
2023-03-06 00:00:00-05:00,10.229999542236328,10.239999771118164,10.229999542236328,10.239999771118164,15800,0.0,0.0
2023-03-07 00:00:00-05:00,10.239999771118164,10.239999771118164,10.239999771118164,10.239999771118164,1500,0.0,0.0
2023-03-08 00:00:00-05:00,10.229999542236328,10.239999771118164,10.229999542236328,10.229999542236328,4900,0.0,0.0
2023-03-09 00:00:00-05:00,10.210000038146973,10.239999771118164,10.210000038146973,10.239999771118164,53500,0.0,0.0
2023-03-10 00:00:00-05:00,10.220000267028809,10.239999771118164,10.220000267028809,10.239999771118164,6600,0.0,0.0
2023-03-13 00:00:00-04:00,10.220000267028809,10.25,10.220000267028809,10.229999542236328,10500,0.0,0.0
2023-03-14 00:00:00-04:00,10.220000267028809,10.229999542236328,10.220000267028809,10.229999542236328,10500,0.0,0.0
2023-03-15 00:00:00-04:00,10.239999771118164,10.239999771118164,10.220000267028809,10.229999542236328,7300,0.0,0.0
2023-03-16 00:00:00-04:00,10.220000267028809,10.239999771118164,10.220000267028809,10.239999771118164,10000,0.0,0.0
2023-03-17 00:00:00-04:00,10.25,10.25,10.220000267028809,10.229999542236328,3500,0.0,0.0
2023-03-20 00:00:00-04:00,10.220000267028809,10.229999542236328,10.220000267028809,10.229999542236328,27400,0.0,0.0
2023-03-21 00:00:00-04:00,10.220000267028809,10.239999771118164,10.220000267028809,10.239999771118164,17900,0.0,0.0
2023-03-22 00:00:00-04:00,10.220000267028809,10.239999771118164,10.220000267028809,10.239999771118164,6600,0.0,0.0
2023-03-23 00:00:00-04:00,10.220000267028809,10.239999771118164,10.220000267028809,10.239999771118164,6000,0.0,0.0
2023-03-24 00:00:00-04:00,10.229999542236328,10.25,10.229999542236328,10.25,52100,0.0,0.0
2023-03-27 00:00:00-04:00,10.220000267028809,10.25,10.220000267028809,10.25,15900,0.0,0.0
2023-03-28 00:00:00-04:00,10.239999771118164,10.25,10.239999771118164,10.25,8900,0.0,0.0
2023-03-29 00:00:00-04:00,10.25,10.25,10.239999771118164,10.239999771118164,40900,0.0,0.0
2023-03-30 00:00:00-04:00,10.25,10.25,10.239999771118164,10.239999771118164,2400,0.0,0.0
2023-03-31 00:00:00-04:00,10.239999771118164,10.25,10.239999771118164,10.239999771118164,5400,0.0,0.0
2023-04-03 00:00:00-04:00,10.239999771118164,10.25,10.239999771118164,10.25,9500,0.0,0.0
2023-04-04 00:00:00-04:00,10.239999771118164,10.25,10.239999771118164,10.25,1300,0.0,0.0
2023-04-05 00:00:00-04:00,10.25,10.258999824523926,10.25,10.25,28700,0.0,0.0
2023-04-06 00:00:00-04:00,10.260000228881836,10.270000457763672,10.255000114440918,10.270000457763672,38400,0.0,0.0
2023-04-10 00:00:00-04:00,10.260000228881836,10.279999732971191,10.25,10.270000457763672,8200,0.0,0.0
2023-04-11 00:00:00-04:00,10.300000190734863,10.300000190734863,10.279999732971191,10.289999961853027,38700,0.0,0.0
2023-04-12 00:00:00-04:00,10.300000190734863,10.300000190734863,10.289999961853027,10.289999961853027,6400,0.0,0.0
2023-04-13 00:00:00-04:00,10.289999961853027,10.300000190734863,10.289999961853027,10.289999961853027,14000,0.0,0.0
2023-04-14 00:00:00-04:00,10.289999961853027,10.3100004196167,10.289999961853027,10.3100004196167,157300,0.0,0.0
2023-04-17 00:00:00-04:00,10.300000190734863,10.329999923706055,10.300000190734863,10.329999923706055,20700,0.0,0.0
2023-04-18 00:00:00-04:00,10.329999923706055,10.350000381469727,10.319999694824219,10.350000381469727,34400,0.0,0.0
2023-04-19 00:00:00-04:00,10.350000381469727,10.359999656677246,10.350000381469727,10.359999656677246,16900,0.0,0.0
2023-04-20 00:00:00-04:00,10.350000381469727,10.380000114440918,10.350000381469727,10.359999656677246,8900,0.0,0.0
2023-04-21 00:00:00-04:00,10.359999656677246,10.369999885559082,10.359999656677246,10.369999885559082,2600,0.0,0.0
2023-04-24 00:00:00-04:00,10.359999656677246,10.390000343322754,10.359999656677246,10.359999656677246,7800,0.0,0.0
2023-04-25 00:00:00-04:00,10.420000076293945,10.420000076293945,10.369999885559082,10.380000114440918,2600,0.0,0.0
2023-04-26 00:00:00-04:00,10.420000076293945,10.420000076293945,10.369999885559082,10.380000114440918,6700,0.0,0.0
2023-04-27 00:00:00-04:00,10.369999885559082,10.380000114440918,10.369999885559082,10.369999885559082,7300,0.0,0.0
2023-04-28 00:00:00-04:00,10.369999885559082,10.397000312805176,10.369999885559082,10.380000114440918,112100,0.0,0.0
2023-05-01 00:00:00-04:00,10.399999618530273,10.399999618530273,10.380000114440918,10.399999618530273,11000,0.0,0.0
2023-05-02 00:00:00-04:00,10.390000343322754,10.399999618530273,10.390000343322754,10.399999618530273,25600,0.0,0.0
2023-05-03 00:00:00-04:00,10.380000114440918,10.470000267028809,10.380000114440918,10.430000305175781,61100,0.0,0.0
2023-05-04 00:00:00-04:00,10.369999885559082,10.399999618530273,10.369999885559082,10.399999618530273,5600,0.0,0.0
2023-05-05 00:00:00-04:00,10.380000114440918,10.40999984741211,10.380000114440918,10.399999618530273,56600,0.0,0.0
2023-05-08 00:00:00-04:00,10.40999984741211,10.4399995803833,10.359999656677246,10.40999984741211,25500,0.0,0.0
2023-05-09 00:00:00-04:00,10.40999984741211,10.430000305175781,10.40999984741211,10.430000305175781,5700,0.0,0.0
2023-05-10 00:00:00-04:00,10.430000305175781,10.4399995803833,10.40999984741211,10.40999984741211,3000,0.0,0.0
2023-05-11 00:00:00-04:00,10.420000076293945,10.430000305175781,10.40999984741211,10.430000305175781,16700,0.0,0.0
2023-05-12 00:00:00-04:00,10.40999984741211,10.4399995803833,10.40999984741211,10.4399995803833,13000,0.0,0.0
2023-05-15 00:00:00-04:00,10.430000305175781,10.4399995803833,10.430000305175781,10.4399995803833,4400,0.0,0.0
2023-05-16 00:00:00-04:00,10.430000305175781,10.449999809265137,10.430000305175781,10.449999809265137,2600,0.0,0.0
2023-05-17 00:00:00-04:00,10.470000267028809,10.470000267028809,10.4399995803833,10.449999809265137,23600,0.0,0.0
2023-05-18 00:00:00-04:00,10.430000305175781,10.489999771118164,10.430000305175781,10.489999771118164,91600,0.0,0.0
2023-05-19 00:00:00-04:00,10.4399995803833,10.470000267028809,10.4399995803833,10.470000267028809,3100,0.0,0.0
2023-05-22 00:00:00-04:00,10.470000267028809,10.470000267028809,10.460000038146973,10.460000038146973,2000,0.0,0.0
2023-05-23 00:00:00-04:00,10.460000038146973,10.475000381469727,10.460000038146973,10.470000267028809,12500,0.0,0.0
2023-05-24 00:00:00-04:00,10.470000267028809,10.479999542236328,10.470000267028809,10.470000267028809,1300,0.0,0.0
2023-05-25 00:00:00-04:00,10.479999542236328,10.550000190734863,10.479999542236328,10.510000228881836,65600,0.0,0.0
2023-05-26 00:00:00-04:00,10.520000457763672,10.550000190734863,10.520000457763672,10.520000457763672,8200,0.0,0.0
2023-05-30 00:00:00-04:00,10.520000457763672,10.539999961853027,10.505999565124512,10.539999961853027,42200,0.0,0.0
2023-05-31 00:00:00-04:00,10.539999961853027,10.550000190734863,10.520000457763672,10.539999961853027,56000,0.0,0.0
2023-06-01 00:00:00-04:00,10.550000190734863,10.550000190734863,10.529999732971191,10.539999961853027,7000,0.0,0.0
2023-06-02 00:00:00-04:00,10.520000457763672,10.550000190734863,10.520000457763672,10.539999961853027,143400,0.0,0.0
2023-06-05 00:00:00-04:00,10.510000228881836,10.569999694824219,10.510000228881836,10.569999694824219,6800,0.0,0.0
2023-06-06 00:00:00-04:00,10.550000190734863,10.5649995803833,10.539999961853027,10.5649995803833,2900,0.0,0.0
2023-06-07 00:00:00-04:00,10.550000190734863,10.569999694824219,10.550000190734863,10.564000129699707,3900,0.0,0.0
2023-06-08 00:00:00-04:00,10.579999923706055,10.579999923706055,10.5600004196167,10.5600004196167,1900,0.0,0.0
2023-06-09 00:00:00-04:00,10.550000190734863,10.569999694824219,10.550000190734863,10.569000244140625,4000,0.0,0.0
2023-06-12 00:00:00-04:00,10.550000190734863,10.579999923706055,10.550000190734863,10.569999694824219,81800,0.0,0.0
2023-06-13 00:00:00-04:00,10.579999923706055,10.619999885559082,10.550000190734863,10.579999923706055,10900,0.0,0.0
2023-06-14 00:00:00-04:00,10.579999923706055,10.619999885559082,10.579999923706055,10.619999885559082,210900,0.0,0.0
2023-06-15 00:00:00-04:00,10.619999885559082,10.699999809265137,10.604999542236328,10.6899995803833,60000,0.0,0.0
2023-06-16 00:00:00-04:00,10.699999809265137,10.699999809265137,10.654999732971191,10.654999732971191,2300,0.0,0.0
2023-06-20 00:00:00-04:00,10.670000076293945,10.670000076293945,10.619999885559082,10.649999618530273,64900,0.0,0.0
2023-06-21 00:00:00-04:00,10.649999618530273,10.684000015258789,10.649999618530273,10.649999618530273,12400,0.0,0.0
2023-06-22 00:00:00-04:00,10.649999618530273,10.675000190734863,10.649999618530273,10.649999618530273,3600,0.0,0.0
2023-06-23 00:00:00-04:00,10.649999618530273,10.668000221252441,10.640000343322754,10.649999618530273,127000,0.0,0.0
2023-06-26 00:00:00-04:00,10.649999618530273,10.670000076293945,10.649999618530273,10.649999618530273,172400,0.0,0.0
2023-06-27 00:00:00-04:00,10.654999732971191,10.65999984741211,10.649999618530273,10.649999618530273,237300,0.0,0.0
2023-06-28 00:00:00-04:00,10.649999618530273,10.65999984741211,10.649999618530273,10.649999618530273,18600,0.0,0.0
2023-06-29 00:00:00-04:00,10.65999984741211,10.65999984741211,10.640000343322754,10.649999618530273,137100,0.0,0.0
2023-06-30 00:00:00-04:00,10.649999618530273,10.670000076293945,10.649999618530273,10.670000076293945,104100,0.0,0.0
2023-07-03 00:00:00-04:00,10.550000190734863,10.680999755859375,10.539999961853027,10.680000305175781,5600,0.0,0.0
2023-07-05 00:00:00-04:00,10.65999984741211,10.6899995803833,10.619999885559082,10.649999618530273,129300,0.0,0.0
2023-07-06 00:00:00-04:00,10.65999984741211,10.6899995803833,10.630000114440918,10.670000076293945,13300,0.0,0.0
2023-07-07 00:00:00-04:00,10.649999618530273,10.65999984741211,10.649999618530273,10.65999984741211,2900,0.0,0.0
2023-07-10 00:00:00-04:00,10.609999656677246,10.65999984741211,10.609999656677246,10.649999618530273,8400,0.0,0.0
2023-07-11 00:00:00-04:00,10.630000114440918,10.670000076293945,10.630000114440918,10.670000076293945,28600,0.0,0.0
2023-07-12 00:00:00-04:00,10.65999984741211,10.65999984741211,10.600000381469727,10.640000343322754,5000,0.0,0.0
2023-07-13 00:00:00-04:00,10.640000343322754,10.649999618530273,10.635000228881836,10.649999618530273,70500,0.0,0.0
2023-07-14 00:00:00-04:00,10.649999618530273,10.649999618530273,10.630000114440918,10.640000343322754,36100,0.0,0.0
2023-07-17 00:00:00-04:00,10.520000457763672,10.619999885559082,10.520000457763672,10.609999656677246,31400,0.0,0.0
2023-07-18 00:00:00-04:00,10.609999656677246,10.630000114440918,10.609999656677246,10.630000114440918,35000,0.0,0.0
2023-07-19 00:00:00-04:00,10.619999885559082,10.640000343322754,10.609999656677246,10.640000343322754,191600,0.0,0.0
2023-07-20 00:00:00-04:00,10.640000343322754,10.649999618530273,10.619999885559082,10.640000343322754,69900,0.0,0.0
2023-07-21 00:00:00-04:00,10.609999656677246,10.649999618530273,10.609999656677246,10.630000114440918,62500,0.0,0.0
2023-07-24 00:00:00-04:00,10.510000228881836,10.649999618530273,9.699999809265137,10.619999885559082,132900,0.0,0.0
2023-07-25 00:00:00-04:00,10.460000038146973,10.630000114440918,10.0,10.40999984741211,154000,0.0,0.0
2023-07-26 00:00:00-04:00,10.529999732971191,10.699999809265137,10.350000381469727,10.479999542236328,66000,0.0,0.0
2023-07-27 00:00:00-04:00,10.449999809265137,10.520000457763672,10.359999656677246,10.420000076293945,23500,0.0,0.0
2023-07-28 00:00:00-04:00,10.390000343322754,10.640000343322754,9.850000381469727,10.210000038146973,82400,0.0,0.0
2023-07-31 00:00:00-04:00,10.5,10.9399995803833,10.262999534606934,10.579999923706055,87100,0.0,0.0
2023-08-01 00:00:00-04:00,10.760000228881836,10.770000457763672,10.3100004196167,10.359999656677246,40600,0.0,0.0
2023-08-02 00:00:00-04:00,9.0,9.0,6.769999980926514,7.25,261800,0.0,0.0
2023-08-03 00:00:00-04:00,7.03000020980835,7.079999923706055,4.964000225067139,5.289999961853027,194500,0.0,0.0
2023-08-04 00:00:00-04:00,5.289999961853027,6.320000171661377,5.210000038146973,5.460000038146973,274000,0.0,0.0
2023-08-07 00:00:00-04:00,6.0,6.0,5.360000133514404,5.869999885559082,94700,0.0,0.0
2023-08-08 00:00:00-04:00,5.800000190734863,6.090000152587891,5.800000190734863,6.0,91000,0.0,0.0
2023-08-09 00:00:00-04:00,6.0,6.0,5.429999828338623,5.539999961853027,33200,0.0,0.0
2023-08-10 00:00:00-04:00,5.599999904632568,5.702000141143799,5.099999904632568,5.190000057220459,76500,0.0,0.0
2023-08-11 00:00:00-04:00,5.519999980926514,5.519999980926514,3.940000057220459,4.070000171661377,109600,0.0,0.0
2023-08-14 00:00:00-04:00,4.070000171661377,4.086999893188477,3.240000009536743,3.309999942779541,200800,0.0,0.0
2023-08-15 00:00:00-04:00,3.490000009536743,3.5799999237060547,2.700000047683716,3.0,234400,0.0,0.0
2023-08-16 00:00:00-04:00,3.109999895095825,3.322999954223633,2.6700000762939453,3.049999952316284,127400,0.0,0.0
2023-08-17 00:00:00-04:00,2.9600000381469727,3.0999999046325684,2.805000066757202,2.880000114440918,42300,0.0,0.0
2023-08-18 00:00:00-04:00,3.0799999237060547,3.259999990463257,2.630000114440918,2.759999990463257,110300,0.0,0.0
2023-08-21 00:00:00-04:00,3.0,3.3420000076293945,2.809999942779541,3.0,158100,0.0,0.0
2023-08-22 00:00:00-04:00,3.299999952316284,3.490000009536743,3.065000057220459,3.240000009536743,80500,0.0,0.0
2023-08-23 00:00:00-04:00,3.4700000286102295,3.4700000286102295,3.0199999809265137,3.0999999046325684,51100,0.0,0.0
2023-08-24 00:00:00-04:00,3.25,3.2899999618530273,3.0199999809265137,3.1600000858306885,99300,0.0,0.0
2023-08-25 00:00:00-04:00,3.4700000286102295,3.4700000286102295,3.200000047683716,3.2799999713897705,57800,0.0,0.0
2023-08-28 00:00:00-04:00,3.3499999046325684,3.390000104904175,3.180000066757202,3.200000047683716,36200,0.0,0.0
2023-08-29 00:00:00-04:00,3.380000114440918,3.380000114440918,3.049999952316284,3.109999895095825,59800,0.0,0.0
2023-08-30 00:00:00-04:00,3.200000047683716,3.869999885559082,3.109999895095825,3.8399999141693115,73700,0.0,0.0
2023-08-31 00:00:00-04:00,4.079999923706055,4.079999923706055,3.609999895095825,3.9800000190734863,110500,0.0,0.0
2023-09-01 00:00:00-04:00,3.930000066757202,4.519000053405762,3.9000000953674316,4.349999904632568,178500,0.0,0.0
2023-09-05 00:00:00-04:00,4.489999771118164,5.460000038146973,4.489999771118164,4.769999980926514,235500,0.0,0.0
2023-09-06 00:00:00-04:00,5.110000133514404,5.110000133514404,4.71999979019165,4.809999942779541,102900,0.0,0.0
2023-09-07 00:00:00-04:00,4.78000020980835,4.920000076293945,4.429999828338623,4.78000020980835,111100,0.0,0.0
2023-09-08 00:00:00-04:00,4.880000114440918,4.880000114440918,4.699999809265137,4.809999942779541,91700,0.0,0.0
2023-09-11 00:00:00-04:00,4.670000076293945,4.849999904632568,4.670000076293945,4.849999904632568,52100,0.0,0.0
2023-09-12 00:00:00-04:00,4.849999904632568,5.034999847412109,4.769999980926514,4.980000019073486,93800,0.0,0.0
2023-09-13 00:00:00-04:00,4.900000095367432,5.510000228881836,4.900000095367432,5.349999904632568,188600,0.0,0.0
2023-09-14 00:00:00-04:00,5.46999979019165,5.639999866485596,5.300000190734863,5.460000038146973,100900,0.0,0.0
2023-09-15 00:00:00-04:00,5.820000171661377,5.820000171661377,5.085000038146973,5.75,1963700,0.0,0.0
2023-09-18 00:00:00-04:00,5.699999809265137,6.389999866485596,5.545000076293945,6.210000038146973,144700,0.0,0.0
2023-09-19 00:00:00-04:00,6.039999961853027,6.429999828338623,5.739999771118164,5.809999942779541,224600,0.0,0.0
2023-09-20 00:00:00-04:00,5.809999942779541,5.989999771118164,5.199999809265137,5.409999847412109,104300,0.0,0.0
2023-09-21 00:00:00-04:00,5.320000171661377,5.829999923706055,5.320000171661377,5.440000057220459,575000,0.0,0.0
2023-09-22 00:00:00-04:00,5.510000228881836,5.75,4.909999847412109,4.949999809265137,424400,0.0,0.0
2023-09-25 00:00:00-04:00,5.0,5.28000020980835,5.0,5.150000095367432,134000,0.0,0.0
2023-09-26 00:00:00-04:00,5.059999942779541,5.335000038146973,4.179999828338623,4.179999828338623,315400,0.0,0.0
2023-09-27 00:00:00-04:00,4.28000020980835,4.28000020980835,3.9000000953674316,3.9000000953674316,76000,0.0,0.0
2023-09-28 00:00:00-04:00,3.9000000953674316,4.309999942779541,3.9000000953674316,4.21999979019165,81200,0.0,0.0
2023-09-29 00:00:00-04:00,4.090000152587891,4.400000095367432,4.090000152587891,4.300000190734863,53400,0.0,0.0
2023-10-02 00:00:00-04:00,4.300000190734863,4.980000019073486,4.300000190734863,4.679999828338623,69500,0.0,0.0
2023-10-03 00:00:00-04:00,4.539999961853027,4.630000114440918,4.409999847412109,4.489999771118164,66500,0.0,0.0
2023-10-04 00:00:00-04:00,4.550000190734863,4.809999942779541,4.550000190734863,4.670000076293945,24300,0.0,0.0
2023-10-05 00:00:00-04:00,4.610000133514404,4.9710001945495605,4.610000133514404,4.730000019073486,38700,0.0,0.0
2023-10-06 00:00:00-04:00,4.699999809265137,4.75,4.519999980926514,4.75,37300,0.0,0.0
2023-10-09 00:00:00-04:00,4.619999885559082,4.749000072479248,4.449999809265137,4.570000171661377,16700,0.0,0.0
2023-10-10 00:00:00-04:00,4.5,4.809999942779541,4.5,4.659999847412109,13500,0.0,0.0
2023-10-11 00:00:00-04:00,4.630000114440918,4.71999979019165,4.559999942779541,4.559999942779541,18500,0.0,0.0
2023-10-12 00:00:00-04:00,4.510000228881836,4.948999881744385,4.25,4.409999847412109,46400,0.0,0.0
2023-10-13 00:00:00-04:00,4.349999904632568,4.949999809265137,4.349999904632568,4.71999979019165,54600,0.0,0.0
2023-10-16 00:00:00-04:00,4.670000076293945,5.150000095367432,4.63100004196167,4.820000171661377,44100,0.0,0.0
2023-10-17 00:00:00-04:00,4.869999885559082,5.010000228881836,4.618000030517578,4.75,38800,0.0,0.0
2023-10-18 00:00:00-04:00,4.769999980926514,4.769999980926514,4.559999942779541,4.610000133514404,11800,0.0,0.0
2023-10-19 00:00:00-04:00,4.53000020980835,4.71999979019165,4.400000095367432,4.420000076293945,25100,0.0,0.0
2023-10-20 00:00:00-04:00,4.519999980926514,4.639999866485596,4.269999980926514,4.300000190734863,99100,0.0,0.0
2023-10-23 00:00:00-04:00,4.650000095367432,4.650000095367432,4.260000228881836,4.320000171661377,23700,0.0,0.0
2023-10-24 00:00:00-04:00,4.25,4.599999904632568,4.25,4.5,7500,0.0,0.0
2023-10-25 00:00:00-04:00,4.329999923706055,4.650000095367432,4.28000020980835,4.590000152587891,7300,0.0,0.0
2023-10-26 00:00:00-04:00,4.510000228881836,4.809999942779541,4.28000020980835,4.409999847412109,38200,0.0,0.0
2023-10-27 00:00:00-04:00,4.269999980926514,4.400000095367432,4.230000019073486,4.269999980926514,9000,0.0,0.0
2023-10-30 00:00:00-04:00,4.210000038146973,4.590000152587891,4.210000038146973,4.570000171661377,6300,0.0,0.0
2023-10-31 00:00:00-04:00,4.559999942779541,4.629000186920166,4.199999809265137,4.199999809265137,17500,0.0,0.0
2023-11-01 00:00:00-04:00,4.199999809265137,4.53000020980835,4.199999809265137,4.309999942779541,17300,0.0,0.0
2023-11-02 00:00:00-04:00,4.179999828338623,4.5,4.179999828338623,4.46999979019165,13100,0.0,0.0
2023-11-03 00:00:00-04:00,4.340000152587891,4.639999866485596,4.340000152587891,4.519999980926514,5700,0.0,0.0
2023-11-06 00:00:00-05:00,4.230000019073486,4.360000133514404,4.199999809265137,4.199999809265137,27400,0.0,0.0
2023-11-07 00:00:00-05:00,4.199999809265137,4.380000114440918,4.199999809265137,4.289999961853027,19700,0.0,0.0
2023-11-08 00:00:00-05:00,4.199999809265137,4.440000057220459,4.043000221252441,4.389999866485596,30500,0.0,0.0
2023-11-09 00:00:00-05:00,4.349999904632568,4.349999904632568,4.210000038146973,4.28000020980835,8900,0.0,0.0
2023-11-10 00:00:00-05:00,4.260000228881836,4.348999977111816,4.010000228881836,4.159999847412109,43500,0.0,0.0
2023-11-13 00:00:00-05:00,4.139999866485596,4.230000019073486,3.994999885559082,4.230000019073486,30200,0.0,0.0
2023-11-14 00:00:00-05:00,4.110000133514404,4.440000057220459,4.079999923706055,4.440000057220459,21700,0.0,0.0
2023-11-15 00:00:00-05:00,4.400000095367432,4.639999866485596,4.284999847412109,4.329999923706055,16100,0.0,0.0
2023-11-16 00:00:00-05:00,4.210000038146973,4.46999979019165,4.210000038146973,4.25,11100,0.0,0.0
2023-11-17 00:00:00-05:00,4.25,4.539999961853027,4.25,4.260000228881836,8000,0.0,0.0
2023-11-20 00:00:00-05:00,4.130000114440918,4.130000114440918,3.690000057220459,3.740000009536743,82400,0.0,0.0
2023-11-21 00:00:00-05:00,3.619999885559082,3.799999952316284,3.569999933242798,3.6600000858306885,25900,0.0,0.0
2023-11-22 00:00:00-05:00,3.7200000286102295,3.799999952316284,3.609999895095825,3.6600000858306885,38000,0.0,0.0
2023-11-24 00:00:00-05:00,4.0,4.0,3.7699999809265137,3.880000114440918,15900,0.0,0.0
2023-11-27 00:00:00-05:00,3.740000009536743,4.239999771118164,3.740000009536743,4.050000190734863,30100,0.0,0.0
2023-11-28 00:00:00-05:00,4.010000228881836,4.150000095367432,3.880000114440918,3.930000066757202,9000,0.0,0.0
2023-11-29 00:00:00-05:00,3.859999895095825,4.0,3.7100000381469727,3.799999952316284,8600,0.0,0.0
2023-11-30 00:00:00-05:00,3.7200000286102295,3.8499999046325684,3.5999999046325684,3.7300000190734863,28200,0.0,0.0
2023-12-01 00:00:00-05:00,3.630000114440918,3.930000066757202,3.561000108718872,3.869999885559082,21900,0.0,0.0
2023-12-04 00:00:00-05:00,3.7200000286102295,3.8519999980926514,3.440000057220459,3.5199999809265137,42500,0.0,0.0
2023-12-05 00:00:00-05:00,3.440000057220459,3.515000104904175,3.2799999713897705,3.380000114440918,24200,0.0,0.0
2023-12-06 00:00:00-05:00,3.3399999141693115,3.380000114440918,3.1700000762939453,3.2200000286102295,33400,0.0,0.0
2023-12-07 00:00:00-05:00,3.200000047683716,3.4600000381469727,3.200000047683716,3.309999942779541,19600,0.0,0.0
2023-12-08 00:00:00-05:00,3.240000009536743,3.4000000953674316,3.015000104904175,3.319999933242798,13100,0.0,0.0
2023-12-11 00:00:00-05:00,3.259999990463257,3.700000047683716,3.2100000381469727,3.440000057220459,18000,0.0,0.0
2023-12-12 00:00:00-05:00,3.440000057220459,3.4600000381469727,3.3350000381469727,3.359999895095825,18400,0.0,0.0
2023-12-13 00:00:00-05:00,3.440000057220459,3.6600000858306885,3.369999885559082,3.5,31400,0.0,0.0
2023-12-14 00:00:00-05:00,3.4100000858306885,3.5999999046325684,3.180000066757202,3.440000057220459,27400,0.0,0.0
2023-12-15 00:00:00-05:00,3.319999933242798,3.5399999618530273,3.009999990463257,3.5399999618530273,41200,0.0,0.0
2023-12-18 00:00:00-05:00,3.4800000190734863,3.700000047683716,3.359999895095825,3.450000047683716,32100,0.0,0.0
2023-12-19 00:00:00-05:00,3.4000000953674316,3.559999942779541,3.3399999141693115,3.430000066757202,38000,0.0,0.0
2023-12-20 00:00:00-05:00,3.3299999237060547,3.5299999713897705,3.2850000858306885,3.359999895095825,35000,0.0,0.0
2023-12-21 00:00:00-05:00,3.3299999237060547,3.632999897003174,3.319999933242798,3.549999952316284,27200,0.0,0.0
2023-12-22 00:00:00-05:00,3.509999990463257,3.624000072479248,3.369999885559082,3.549999952316284,51000,0.0,0.0
2023-12-26 00:00:00-05:00,3.4600000381469727,3.575000047683716,3.4200000762939453,3.490000009536743,26600,0.0,0.0
2023-12-27 00:00:00-05:00,3.4600000381469727,3.809999942779541,3.4149999618530273,3.75,70600,0.0,0.0
2023-12-28 00:00:00-05:00,3.75,4.0,3.619999885559082,3.9000000953674316,33000,0.0,0.0
2023-12-29 00:00:00-05:00,3.809999942779541,3.890000104904175,3.6730000972747803,3.740000009536743,26700,0.0,0.0
2024-01-02 00:00:00-05:00,3.630000114440918,3.6500000953674316,3.5,3.5299999713897705,29800,0.0,0.0
2024-01-03 00:00:00-05:00,3.5,3.6549999713897705,3.299999952316284,3.3399999141693115,32800,0.0,0.0
2024-01-04 00:00:00-05:00,3.3399999141693115,3.440000057220459,3.240000009536743,3.380000114440918,29300,0.0,0.0
2024-01-05 00:00:00-05:00,3.2899999618530273,3.5,3.240000009536743,3.430000066757202,56200,0.0,0.0
2024-01-08 00:00:00-05:00,3.490000009536743,3.549999952316284,3.430000066757202,3.509999990463257,10900,0.0,0.0
2024-01-09 00:00:00-05:00,3.5,3.5799999237060547,3.4100000858306885,3.4100000858306885,5700,0.0,0.0
2024-01-10 00:00:00-05:00,3.4100000858306885,3.450000047683716,3.325000047683716,3.4100000858306885,7000,0.0,0.0
2024-01-11 00:00:00-05:00,3.369999885559082,3.375,3.2200000286102295,3.369999885559082,6900,0.0,0.0
2024-01-12 00:00:00-05:00,3.4600000381469727,3.8299999237060547,3.3299999237060547,3.700000047683716,16100,0.0,0.0
2024-01-16 00:00:00-05:00,3.5899999141693115,3.700000047683716,3.490000009536743,3.490000009536743,14200,0.0,0.0
2024-01-17 00:00:00-05:00,3.4000000953674316,3.5,3.319999933242798,3.359999895095825,17900,0.0,0.0
2024-01-18 00:00:00-05:00,3.3499999046325684,3.3499999046325684,3.1700000762939453,3.1700000762939453,14800,0.0,0.0
2024-01-19 00:00:00-05:00,3.130000114440918,3.140000104904175,3.069999933242798,3.0899999141693115,15200,0.0,0.0
2024-01-22 00:00:00-05:00,3.049999952316284,3.0899999141693115,2.990000009536743,2.990000009536743,18200,0.0,0.0
2024-01-23 00:00:00-05:00,3.0299999713897705,3.2190001010894775,3.007999897003174,3.0799999237060547,18700,0.0,0.0
2024-01-24 00:00:00-05:00,3.2699999809265137,3.4489998817443848,3.130000114440918,3.1700000762939453,32800,0.0,0.0
2024-01-25 00:00:00-05:00,3.0999999046325684,3.2049999237060547,3.0199999809265137,3.059999942779541,14800,0.0,0.0
2024-01-26 00:00:00-05:00,3.059999942779541,3.799999952316284,3.059999942779541,3.2300000190734863,42600,0.0,0.0
2024-01-29 00:00:00-05:00,3.200000047683716,3.2300000190734863,3.069999933242798,3.130000114440918,15300,0.0,0.0
2024-01-30 00:00:00-05:00,3.119999885559082,3.119999885559082,2.930000066757202,3.0399999618530273,25400,0.0,0.0
2024-01-31 00:00:00-05:00,3.049999952316284,3.059999942779541,2.940000057220459,2.990000009536743,14500,0.0,0.0
2024-02-01 00:00:00-05:00,2.950000047683716,2.990000009536743,2.765000104904175,2.9600000381469727,37900,0.0,0.0
2024-02-02 00:00:00-05:00,2.9700000286102295,3.0,2.8980000019073486,2.940000057220459,15200,0.0,0.0
2024-02-05 00:00:00-05:00,2.8399999141693115,2.880000114440918,2.6500000953674316,2.8499999046325684,57100,0.0,0.0
2024-02-06 00:00:00-05:00,2.819999933242798,3.059999942779541,2.7799999713897705,3.049999952316284,17500,0.0,0.0
2024-02-07 00:00:00-05:00,3.0799999237060547,3.0799999237060547,2.9000000953674316,2.990000009536743,11500,0.0,0.0
2024-02-08 00:00:00-05:00,2.9200000762939453,3.059999942779541,2.9200000762939453,2.9600000381469727,3900,0.0,0.0
2024-02-09 00:00:00-05:00,3.049999952316284,3.1700000762939453,2.6989998817443848,2.759999990463257,60900,0.0,0.0
2024-02-12 00:00:00-05:00,2.7899999618530273,3.0899999141693115,2.7899999618530273,3.049999952316284,64500,0.0,0.0
2024-02-13 00:00:00-05:00,3.0999999046325684,3.2060000896453857,3.059999942779541,3.0899999141693115,17600,0.0,0.0
2024-02-14 00:00:00-05:00,3.140000104904175,3.299999952316284,2.75,2.930000066757202,87600,0.0,0.0
2024-02-15 00:00:00-05:00,2.990000009536743,3.118000030517578,2.7899999618530273,2.880000114440918,21000,0.0,0.0
2024-02-16 00:00:00-05:00,2.7899999618530273,2.9800000190734863,2.765000104904175,2.809999942779541,27200,0.0,0.0
2024-02-20 00:00:00-05:00,2.9700000286102295,3.049999952316284,2.930000066757202,3.0199999809265137,25800,0.0,0.0
2024-02-21 00:00:00-05:00,3.009999990463257,3.049999952316284,2.890000104904175,3.0,123600,0.0,0.0
2024-02-22 00:00:00-05:00,3.0,3.072999954223633,2.75,2.75,39500,0.0,0.0
2024-02-23 00:00:00-05:00,2.9000000953674316,2.940000057220459,2.75,2.8499999046325684,35200,0.0,0.0
2024-02-26 00:00:00-05:00,2.7899999618530273,2.8389999866485596,2.76200008392334,2.809999942779541,11000,0.0,0.0
2024-02-27 00:00:00-05:00,2.859999895095825,3.069999933242798,2.809999942779541,2.9700000286102295,22400,0.0,0.0
2024-02-28 00:00:00-05:00,3.0999999046325684,3.744999885559082,3.0390000343322754,3.069999933242798,115800,0.0,0.0
2024-02-29 00:00:00-05:00,3.049999952316284,3.299999952316284,3.049999952316284,3.2100000381469727,46500,0.0,0.0
2024-03-01 00:00:00-05:00,3.1600000858306885,3.3299999237060547,3.1600000858306885,3.25,22600,0.0,0.0
2024-03-04 00:00:00-05:00,3.25,3.25,2.859999895095825,2.9800000190734863,64000,0.0,0.0
2024-03-05 00:00:00-05:00,2.930000066757202,2.950000047683716,2.75,2.799999952316284,51600,0.0,0.0
2024-03-06 00:00:00-05:00,2.7799999713897705,2.9800000190734863,2.75,2.809999942779541,17300,0.0,0.0
2024-03-07 00:00:00-05:00,2.7200000286102295,2.859999895095825,2.700000047683716,2.700000047683716,33300,0.0,0.0
2024-03-08 00:00:00-05:00,2.700000047683716,2.890000104904175,2.700000047683716,2.7200000286102295,15600,0.0,0.0
2024-03-11 00:00:00-04:00,2.759999990463257,2.759999990463257,2.5999999046325684,2.609999895095825,28700,0.0,0.0
2024-03-12 00:00:00-04:00,2.8299999237060547,2.8299999237060547,2.5999999046325684,2.6500000953674316,13800,0.0,0.0
2024-03-13 00:00:00-04:00,2.5899999141693115,2.8299999237060547,2.549999952316284,2.809999942779541,29400,0.0,0.0
2024-03-14 00:00:00-04:00,2.809999942779541,2.809999942779541,2.5899999141693115,2.7300000190734863,36200,0.0,0.0
2024-03-15 00:00:00-04:00,2.7300000190734863,2.7300000190734863,2.5910000801086426,2.6600000858306885,33500,0.0,0.0
2024-03-18 00:00:00-04:00,2.5899999141693115,2.6500000953674316,2.549999952316284,2.630000114440918,31000,0.0,0.0
2024-03-19 00:00:00-04:00,2.549999952316284,2.5899999141693115,2.200000047683716,2.2100000381469727,68900,0.0,0.0
2024-03-20 00:00:00-04:00,2.2100000381469727,2.2899999618530273,2.0999999046325684,2.0999999046325684,25600,0.0,0.0
2024-03-21 00:00:00-04:00,2.5999999046325684,2.5999999046325684,1.9500000476837158,2.009999990463257,80200,0.0,0.0
2024-03-22 00:00:00-04:00,1.9800000190734863,1.9800000190734863,1.8250000476837158,1.850000023841858,37900,0.0,0.0
2024-03-25 00:00:00-04:00,1.940000057220459,1.940000057220459,1.6299999952316284,1.6799999475479126,49000,0.0,0.0
2024-03-26 00:00:00-04:00,1.7200000286102295,1.8899999856948853,1.7170000076293945,1.8700000047683716,19300,0.0,0.0
2024-03-27 00:00:00-04:00,1.8700000047683716,1.899999976158142,1.7200000286102295,1.7599999904632568,20300,0.0,0.0
2024-03-28 00:00:00-04:00,1.8700000047683716,1.8700000047683716,1.75,1.75,11100,0.0,0.0
2024-04-01 00:00:00-04:00,1.7599999904632568,1.809999942779541,1.559999942779541,1.7000000476837158,19400,0.0,0.0
2024-04-02 00:00:00-04:00,1.75,1.9199999570846558,1.75,1.9199999570846558,17000,0.0,0.0
2024-04-03 00:00:00-04:00,2.059999942779541,2.0799999237060547,1.7000000476837158,1.7300000190734863,16000,0.0,0.0
2024-04-04 00:00:00-04:00,2.2200000286102295,3.950000047683716,2.130000114440918,3.0799999237060547,59236600,0.0,0.0
2024-04-05 00:00:00-04:00,3.069999933242798,3.0899999141693115,2.299999952316284,2.430000066757202,1346800,0.0,0.0
2024-04-08 00:00:00-04:00,2.2799999713897705,2.569999933242798,2.234999895095825,2.3299999237060547,516700,0.0,0.0
2024-04-09 00:00:00-04:00,2.25,2.4600000381469727,2.180000066757202,2.299999952316284,152900,0.0,0.0
2024-04-10 00:00:00-04:00,2.2699999809265137,2.450000047683716,2.0799999237060547,2.2300000190734863,112100,0.0,0.0
2024-04-11 00:00:00-04:00,2.25,2.4000000953674316,2.25,2.369999885559082,124500,0.0,0.0
2024-04-12 00:00:00-04:00,2.369999885559082,2.440000057220459,2.2799999713897705,2.3399999141693115,71300,0.0,0.0
2024-04-15 00:00:00-04:00,2.2799999713897705,2.450000047683716,2.140000104904175,2.390000104904175,206200,0.0,0.0
2024-04-16 00:00:00-04:00,2.130000114440918,2.5,2.130000114440918,2.359999895095825,71100,0.0,0.0
2024-04-17 00:00:00-04:00,2.2200000286102295,2.318000078201294,2.134999990463257,2.1700000762939453,90800,0.0,0.0
2024-04-18 00:00:00-04:00,2.109999895095825,2.239000082015991,1.9299999475479126,2.0399999618530273,124200,0.0,0.0
2024-04-19 00:00:00-04:00,1.9299999475479126,2.0,1.809999942779541,1.9900000095367432,106700,0.0,0.0
2024-04-22 00:00:00-04:00,2.140000104904175,2.240000009536743,1.850000023841858,1.909999966621399,73800,0.0,0.0
2024-04-23 00:00:00-04:00,1.850000023841858,1.899999976158142,1.7599999904632568,1.7999999523162842,47900,0.0,0.0
2024-04-24 00:00:00-04:00,1.7799999713897705,1.899999976158142,1.7799999713897705,1.8300000429153442,32400,0.0,0.0
2024-04-25 00:00:00-04:00,1.8899999856948853,1.899999976158142,1.8300000429153442,1.850000023841858,33100,0.0,0.0
2024-04-26 00:00:00-04:00,1.8899999856948853,1.940000057220459,1.8600000143051147,1.9199999570846558,43600,0.0,0.0
2024-04-29 00:00:00-04:00,1.9700000286102295,2.059999942779541,1.9199999570846558,2.009999990463257,88000,0.0,0.0
2024-04-30 00:00:00-04:00,2.069999933242798,2.109999895095825,2.009999990463257,2.009999990463257,32100,0.0,0.0
2024-05-01 00:00:00-04:00,2.130000114440918,2.3499999046325684,1.9149999618530273,2.3499999046325684,210600,0.0,0.0
2024-05-02 00:00:00-04:00,2.3399999141693115,2.3399999141693115,2.1449999809265137,2.200000047683716,37500,0.0,0.0
2024-05-03 00:00:00-04:00,2.2699999809265137,2.430000066757202,2.200000047683716,2.299999952316284,39200,0.0,0.0
2024-05-06 00:00:00-04:00,2.359999895095825,2.359999895095825,2.055999994277954,2.1500000953674316,19800,0.0,0.0
2024-05-07 00:00:00-04:00,2.140000104904175,2.140000104904175,2.009999990463257,2.059999942779541,25000,0.0,0.0
2024-05-08 00:00:00-04:00,2.0299999713897705,2.119999885559082,1.8200000524520874,2.119999885559082,84400,0.0,0.0
2024-05-09 00:00:00-04:00,2.109999895095825,2.180000066757202,2.0799999237060547,2.130000114440918,26400,0.0,0.0
2024-05-10 00:00:00-04:00,2.0399999618530273,2.109999895095825,1.9299999475479126,1.9600000381469727,72900,0.0,0.0
2024-05-13 00:00:00-04:00,1.9500000476837158,2.0399999618530273,1.899999976158142,1.940000057220459,41100,0.0,0.0
2024-05-14 00:00:00-04:00,1.8799999952316284,2.299999952316284,1.7519999742507935,2.109999895095825,174500,0.0,0.0
2024-05-15 00:00:00-04:00,2.119999885559082,2.200000047683716,1.809999942779541,1.9199999570846558,128200,0.0,0.0
2024-05-16 00:00:00-04:00,1.8799999952316284,1.9500000476837158,1.815000057220459,1.8600000143051147,40700,0.0,0.0
2024-05-17 00:00:00-04:00,2.0,2.0,1.75,1.7699999809265137,88700,0.0,0.0
2024-05-20 00:00:00-04:00,1.75,1.899999976158142,1.6200000047683716,1.690000057220459,102900,0.0,0.0
2024-05-21 00:00:00-04:00,1.690000057220459,1.7300000190734863,1.6200000047683716,1.690000057220459,57800,0.0,0.0
2024-05-22 00:00:00-04:00,1.7000000476837158,1.7300000190734863,1.5800000429153442,1.6299999952316284,91200,0.0,0.0
2024-05-23 00:00:00-04:00,1.6299999952316284,1.6399999856948853,1.5,1.5399999618530273,116300,0.0,0.0
2024-05-24 00:00:00-04:00,1.5,1.690000057220459,1.4900000095367432,1.6299999952316284,52200,0.0,0.0
2024-05-28 00:00:00-04:00,1.7000000476837158,1.7000000476837158,1.5,1.590000033378601,51000,0.0,0.0
2024-05-29 00:00:00-04:00,1.6100000143051147,1.6100000143051147,1.5499999523162842,1.600000023841858,17800,0.0,0.0
2024-05-30 00:00:00-04:00,1.6699999570846558,1.7699999809265137,1.5,1.5099999904632568,126900,0.0,0.0
2024-05-31 00:00:00-04:00,1.559999942779541,1.6200000047683716,1.5099999904632568,1.5099999904632568,22200,0.0,0.0
2024-06-03 00:00:00-04:00,1.5099999904632568,1.590000033378601,1.350000023841858,1.4299999475479126,68800,0.0,0.0
2024-06-04 00:00:00-04:00,1.4299999475479126,1.5499999523162842,1.4299999475479126,1.5099999904632568,37700,0.0,0.0
2024-06-05 00:00:00-04:00,1.4700000286102295,1.5169999599456787,1.409999966621399,1.440000057220459,63200,0.0,0.0
2024-06-06 00:00:00-04:00,1.4600000381469727,1.4850000143051147,1.3799999952316284,1.409999966621399,72100,0.0,0.0
2024-06-07 00:00:00-04:00,1.409999966621399,1.409999966621399,1.2350000143051147,1.2599999904632568,51400,0.0,0.0
2024-06-10 00:00:00-04:00,1.2599999904632568,1.2599999904632568,1.1399999856948853,1.190000057220459,65800,0.0,0.0
2024-06-11 00:00:00-04:00,1.149999976158142,1.2400000095367432,1.0399999618530273,1.2400000095367432,96300,0.0,0.0
2024-06-12 00:00:00-04:00,1.2999999523162842,1.409999966621399,1.2300000190734863,1.3899999856948853,67100,0.0,0.0
2024-06-13 00:00:00-04:00,1.5,1.5369999408721924,1.3700000047683716,1.3899999856948853,59900,0.0,0.0
2024-06-14 00:00:00-04:00,1.350000023841858,1.3799999952316284,1.2000000476837158,1.2300000190734863,47500,0.0,0.0
2024-06-17 00:00:00-04:00,1.4299999475479126,1.4600000381469727,1.1200000047683716,1.1200000047683716,40400,0.0,0.0
2024-06-18 00:00:00-04:00,1.2400000095367432,1.25,1.0499999523162842,1.059999942779541,79000,0.0,0.0
2024-06-20 00:00:00-04:00,1.2000000476837158,3.549999952316284,1.2000000476837158,2.5999999046325684,63488900,0.0,0.0
2024-06-21 00:00:00-04:00,2.5399999618530273,2.5899999141693115,2.0,2.2799999713897705,3235200,0.0,0.0
2024-06-24 00:00:00-04:00,2.130000114440918,2.200000047683716,1.8700000047683716,1.899999976158142,897400,0.0,0.0
2024-06-25 00:00:00-04:00,1.899999976158142,2.2899999618530273,1.8200000524520874,1.8700000047683716,896900,0.0,0.0
2024-06-26 00:00:00-04:00,1.5,1.5959999561309814,1.3899999856948853,1.559999942779541,606700,0.0,0.0
2024-06-27 00:00:00-04:00,1.4700000286102295,1.5099999904632568,1.2899999618530273,1.2999999523162842,521500,0.0,0.0
2024-06-28 00:00:00-04:00,1.2000000476837158,1.2100000381469727,0.8299999833106995,0.9980000257492065,2935600,0.0,0.0
2024-07-01 00:00:00-04:00,1.0499999523162842,1.2000000476837158,0.9700000286102295,1.1200000047683716,1901600,0.0,0.0
2024-07-02 00:00:00-04:00,1.100000023841858,1.2899999618530273,1.0499999523162842,1.2599999904632568,945800,0.0,0.0
2024-07-03 00:00:00-04:00,1.25,1.350000023841858,1.1100000143051147,1.2599999904632568,554600,0.0,0.0
2024-07-05 00:00:00-04:00,1.2599999904632568,1.2599999904632568,1.1399999856948853,1.159999966621399,248000,0.0,0.0
2024-07-08 00:00:00-04:00,1.2300000190734863,1.2300000190734863,1.0700000524520874,1.1200000047683716,279800,0.0,0.0
2024-07-09 00:00:00-04:00,1.1299999952316284,1.1299999952316284,1.0199999809265137,1.0499999523162842,207900,0.0,0.0
2024-07-10 00:00:00-04:00,1.059999942779541,1.0700000524520874,0.9810000061988831,1.0299999713897705,163600,0.0,0.0
2024-07-11 00:00:00-04:00,1.059999942779541,1.0700000524520874,0.9900000095367432,1.0399999618530273,254700,0.0,0.0
2024-07-12 00:00:00-04:00,1.0099999904632568,1.0700000524520874,1.0,1.059999942779541,155000,0.0,0.0
2024-07-15 00:00:00-04:00,1.0299999713897705,1.0299999713897705,1.0,1.0,182300,0.0,0.0
2024-07-16 00:00:00-04:00,1.0,1.0199999809265137,0.9620000123977661,1.0,523400,0.0,0.0
2024-07-17 00:00:00-04:00,0.9800000190734863,1.0,0.9100000262260437,0.9359999895095825,307100,0.0,0.0
2024-07-18 00:00:00-04:00,0.9300000071525574,0.9399999976158142,0.8500000238418579,0.8799999952316284,309400,0.0,0.0
2024-07-19 00:00:00-04:00,0.8600000143051147,0.8700000047683716,0.843999981880188,0.8550000190734863,201600,0.0,0.0
2024-07-22 00:00:00-04:00,0.8460000157356262,0.8840000033378601,0.8100000023841858,0.8659999966621399,163800,0.0,0.0
2024-07-23 00:00:00-04:00,0.8700000047683716,0.8899999856948853,0.8119999766349792,0.8690000176429749,192800,0.0,0.0
2024-07-24 00:00:00-04:00,0.8399999737739563,0.8740000128746033,0.8370000123977661,0.8669999837875366,172300,0.0,0.0
2024-07-25 00:00:00-04:00,0.8899999856948853,0.8899999856948853,0.8199999928474426,0.8669999837875366,148400,0.0,0.0
2024-07-26 00:00:00-04:00,0.8899999856948853,0.8960000276565552,0.8410000205039978,0.8600000143051147,152500,0.0,0.0
2024-07-29 00:00:00-04:00,0.8600000143051147,0.8899999856948853,0.8299999833106995,0.8679999709129333,113500,0.0,0.0
2024-07-30 00:00:00-04:00,0.8600000143051147,0.8600000143051147,0.8159999847412109,0.8330000042915344,134200,0.0,0.0
2024-07-31 00:00:00-04:00,0.8600000143051147,0.8600000143051147,0.8330000042915344,0.8600000143051147,37300,0.0,0.0
2024-08-01 00:00:00-04:00,0.8600000143051147,0.9049999713897705,0.843999981880188,0.8889999985694885,104800,0.0,0.0
2024-08-02 00:00:00-04:00,0.8579999804496765,0.9039999842643738,0.800000011920929,0.8429999947547913,104500,0.0,0.0
2024-08-05 00:00:00-04:00,0.7900000214576721,0.8299999833106995,0.75,0.7799999713897705,118600,0.0,0.0
2024-08-06 00:00:00-04:00,0.800000011920929,0.8299999833106995,0.7049999833106995,0.718999981880188,215300,0.0,0.0
2024-08-07 00:00:00-04:00,0.7400000095367432,0.7940000295639038,0.7310000061988831,0.7459999918937683,91500,0.0,0.0
2024-08-08 00:00:00-04:00,0.7200000286102295,0.781000018119812,0.6449999809265137,0.781000018119812,214800,0.0,0.0
2024-08-09 00:00:00-04:00,0.8109999895095825,0.8140000104904175,0.75,0.7699999809265137,73300,0.0,0.0
2024-08-12 00:00:00-04:00,0.7699999809265137,0.8899999856948853,0.7699999809265137,0.7950000166893005,101200,0.0,0.0
2024-08-13 00:00:00-04:00,0.8299999833106995,0.8539999723434448,0.75,0.777999997138977,48500,0.0,0.0
2024-08-14 00:00:00-04:00,0.7799999713897705,0.7799999713897705,0.6930000185966492,0.6940000057220459,204800,0.0,0.0
2024-08-15 00:00:00-04:00,0.6980000138282776,0.718999981880188,0.6499999761581421,0.675000011920929,216000,0.0,0.0
2024-08-16 00:00:00-04:00,0.6800000071525574,0.7269999980926514,0.6470000147819519,0.6600000262260437,119200,0.0,0.0
2024-08-19 00:00:00-04:00,0.6700000166893005,0.6800000071525574,0.6449999809265137,0.6639999747276306,43200,0.0,0.0
2024-08-20 00:00:00-04:00,0.6299999952316284,0.7440000176429749,0.6299999952316284,0.6970000267028809,128900,0.0,0.0
2024-08-21 00:00:00-04:00,0.7049999833106995,0.7179999947547913,0.6499999761581421,0.671999990940094,132800,0.0,0.0
2024-08-22 00:00:00-04:00,0.671999990940094,0.671999990940094,0.6349999904632568,0.6399999856948853,66800,0.0,0.0
2024-08-23 00:00:00-04:00,0.6499999761581421,0.6940000057220459,0.6389999985694885,0.6830000281333923,79300,0.0,0.0
2024-08-26 00:00:00-04:00,0.6499999761581421,0.7200000286102295,0.6309999823570251,0.6800000071525574,85800,0.0,0.0
2024-08-27 00:00:00-04:00,0.6899999976158142,0.6899999976158142,0.5950000286102295,0.5979999899864197,114700,0.0,0.0
2024-08-28 00:00:00-04:00,0.6499999761581421,0.671999990940094,0.6019999980926514,0.6299999952316284,728700,0.0,0.0
2024-08-29 00:00:00-04:00,0.8500000238418579,0.8500000238418579,0.6299999952316284,0.675000011920929,116200,0.0,0.0
2024-08-30 00:00:00-04:00,0.699999988079071,0.699999988079071,0.6200000047683716,0.6589999794960022,121400,0.0,0.0
2024-09-03 00:00:00-04:00,0.6800000071525574,0.6909999847412109,0.6299999952316284,0.6759999990463257,69100,0.0,0.0
2024-09-04 00:00:00-04:00,0.6200000047683716,0.6710000038146973,0.6200000047683716,0.6230000257492065,80800,0.0,0.0
2024-09-05 00:00:00-04:00,0.5799999833106995,0.6489999890327454,0.5730000138282776,0.6299999952316284,331300,0.0,0.0
2024-09-06 00:00:00-04:00,0.699999988079071,0.8899999856948853,0.5600000023841858,0.5950000286102295,2432700,0.0,0.0
2024-09-09 00:00:00-04:00,0.5770000219345093,0.6990000009536743,0.5529999732971191,0.6790000200271606,318800,0.0,0.0
2024-09-10 00:00:00-04:00,0.699999988079071,0.699999988079071,0.6299999952316284,0.6510000228881836,117700,0.0,0.0
2024-09-11 00:00:00-04:00,0.6320000290870667,0.6399999856948853,0.5820000171661377,0.6200000047683716,136400,0.0,0.0
2024-09-12 00:00:00-04:00,0.6589999794960022,0.6899999976158142,0.6029999852180481,0.6299999952316284,70400,0.0,0.0
2024-09-13 00:00:00-04:00,0.6200000047683716,0.6700000166893005,0.6000000238418579,0.6150000095367432,112600,0.0,0.0
2024-09-16 00:00:00-04:00,0.597000002861023,0.6200000047683716,0.5640000104904175,0.5690000057220459,142600,0.0,0.0
2024-09-17 00:00:00-04:00,0.5759999752044678,0.6060000061988831,0.5759999752044678,0.5899999737739563,161200,0.0,0.0
2024-09-18 00:00:00-04:00,0.5989999771118164,0.6589999794960022,0.5929999947547913,0.640999972820282,98000,0.0,0.0
2024-09-19 00:00:00-04:00,0.6790000200271606,0.6790000200271606,0.5770000219345093,0.6299999952316284,123200,0.0,0.0
2024-09-20 00:00:00-04:00,0.6299999952316284,0.675000011920929,0.6100000143051147,0.6230000257492065,267800,0.0,0.0
2024-09-23 00:00:00-04:00,0.6499999761581421,0.6729999780654907,0.5899999737739563,0.625,113600,0.0,0.0
2024-09-24 00:00:00-04:00,0.6100000143051147,0.675000011920929,0.6000000238418579,0.6499999761581421,100000,0.0,0.0
2024-09-25 00:00:00-04:00,0.6309999823570251,0.6990000009536743,0.6060000061988831,0.6489999890327454,115100,0.0,0.0
2024-09-26 00:00:00-04:00,0.6299999952316284,0.6489999890327454,0.6200000047683716,0.6430000066757202,37900,0.0,0.0
2024-09-27 00:00:00-04:00,0.6240000128746033,0.6499999761581421,0.6140000224113464,0.6259999871253967,38200,0.0,0.0
2024-09-30 00:00:00-04:00,0.6449999809265137,0.6449999809265137,0.6000000238418579,0.6129999756813049,56700,0.0,0.0
2024-10-01 00:00:00-04:00,0.6470000147819519,0.6470000147819519,0.5849999785423279,0.5849999785423279,63100,0.0,0.0
2024-10-02 00:00:00-04:00,0.6759999990463257,0.75,0.6299999952316284,0.6899999976158142,570900,0.0,0.0
2024-10-03 00:00:00-04:00,0.7139999866485596,0.75,0.6700000166893005,0.6930000185966492,164900,0.0,0.0
2024-10-04 00:00:00-04:00,0.75,0.7789999842643738,0.6800000071525574,0.7049999833106995,292500,0.0,0.0
2024-10-07 00:00:00-04:00,0.7300000190734863,0.7400000095367432,0.699999988079071,0.7049999833106995,98800,0.0,0.0
2024-10-08 00:00:00-04:00,0.7200000286102295,0.7429999709129333,0.6930000185966492,0.7089999914169312,102900,0.0,0.0
2024-10-09 00:00:00-04:00,0.7599999904632568,0.7599999904632568,0.6859999895095825,0.6949999928474426,93200,0.0,0.0
2024-10-10 00:00:00-04:00,0.6899999976158142,0.7319999933242798,0.6800000071525574,0.7049999833106995,213100,0.0,0.0
2024-10-11 00:00:00-04:00,0.718999981880188,0.7279999852180481,0.6899999976158142,0.6899999976158142,85300,0.0,0.0
2024-10-14 00:00:00-04:00,0.699999988079071,0.7099999785423279,0.6800000071525574,0.6809999942779541,70800,0.0,0.0
2024-10-15 00:00:00-04:00,0.699999988079071,0.699999988079071,0.671999990940094,0.6940000057220459,50600,0.0,0.0
2024-10-16 00:00:00-04:00,0.6669999957084656,0.781000018119812,0.6669999957084656,0.7680000066757202,130700,0.0,0.0
2024-10-17 00:00:00-04:00,0.7760000228881836,0.800000011920929,0.7009999752044678,0.7049999833106995,134700,0.0,0.0
2024-10-18 00:00:00-04:00,0.7630000114440918,0.800000011920929,0.699999988079071,0.7049999833106995,177700,0.0,0.0
2024-10-21 00:00:00-04:00,0.699999988079071,0.718999981880188,0.6610000133514404,0.7039999961853027,96300,0.0,0.0
2024-10-22 00:00:00-04:00,0.699999988079071,0.75,0.6800000071525574,0.7419999837875366,139700,0.0,0.0
2024-10-23 00:00:00-04:00,0.746999979019165,0.7599999904632568,0.6809999942779541,0.7139999866485596,166800,0.0,0.0
2024-10-24 00:00:00-04:00,0.75,0.7519999742507935,0.699999988079071,0.7200000286102295,54400,0.0,0.0
2024-10-25 00:00:00-04:00,0.75,0.800000011920929,0.7300000190734863,0.7599999904632568,154700,0.0,0.0
2024-10-28 00:00:00-04:00,0.7799999713897705,0.7879999876022339,0.7319999933242798,0.7540000081062317,85100,0.0,0.0
2024-10-29 00:00:00-04:00,0.7319999933242798,0.7770000100135803,0.7300000190734863,0.7699999809265137,101500,0.0,0.0
2024-10-30 00:00:00-04:00,0.75,0.7689999938011169,0.7160000205039978,0.7300000190734863,56400,0.0,0.0
2024-10-31 00:00:00-04:00,0.7799999713897705,0.7799999713897705,0.6949999928474426,0.7129999995231628,55300,0.0,0.0
2024-11-01 00:00:00-04:00,0.6930000185966492,0.75,0.6930000185966492,0.7089999914169312,104100,0.0,0.0
2024-11-04 00:00:00-05:00,0.7699999809265137,0.7879999876022339,0.6800000071525574,0.6919999718666077,151600,0.0,0.0
2024-11-05 00:00:00-05:00,0.6800000071525574,0.7329999804496765,0.6800000071525574,0.7049999833106995,95500,0.0,0.0
2024-11-06 00:00:00-05:00,0.699999988079071,0.746999979019165,0.699999988079071,0.7400000095367432,137200,0.0,0.0
2024-11-07 00:00:00-05:00,0.7689999938011169,0.7799999713897705,0.7020000219345093,0.7039999961853027,319600,0.0,0.0
2024-11-08 00:00:00-05:00,0.7599999904632568,0.7599999904632568,0.699999988079071,0.7379999756813049,90100,0.0,0.0
2024-11-11 00:00:00-05:00,0.75,0.7649999856948853,0.7149999737739563,0.7239999771118164,81600,0.0,0.0
2024-11-12 00:00:00-05:00,0.7419999837875366,0.7620000243186951,0.699999988079071,0.7099999785423279,157000,0.0,0.0
2024-11-13 00:00:00-05:00,0.699999988079071,0.699999988079071,0.492000013589859,0.5230000019073486,753600,0.0,0.0
2024-11-14 00:00:00-05:00,0.5230000019073486,0.5630000233650208,0.3799999952316284,0.4000000059604645,822700,0.0,0.0
2024-11-15 00:00:00-05:00,0.4000000059604645,0.4020000100135803,0.3100000023841858,0.34299999475479126,1055600,0.0,0.0
2024-11-18 00:00:00-05:00,0.3779999911785126,0.4000000059604645,0.3499999940395355,0.38199999928474426,361200,0.0,0.0
2024-11-19 00:00:00-05:00,0.4000000059604645,0.4169999957084656,0.3610000014305115,0.4099999964237213,479700,0.0,0.0
2024-11-20 00:00:00-05:00,0.4099999964237213,0.4749999940395355,0.3799999952316284,0.4580000042915344,600700,0.0,0.0
2024-11-21 00:00:00-05:00,0.453000009059906,0.5699999928474426,0.453000009059906,0.5109999775886536,950900,0.0,0.0
2024-11-22 00:00:00-05:00,0.5199999809265137,0.5350000262260437,0.4000000059604645,0.4300000071525574,564100,0.0,0.0
2024-11-25 00:00:00-05:00,0.4300000071525574,0.44999998807907104,0.38999998569488525,0.4259999990463257,459900,0.0,0.0
2024-11-26 00:00:00-05:00,0.45899999141693115,0.4690000116825104,0.3799999952316284,0.38100001215934753,536200,0.0,0.0
2024-11-27 00:00:00-05:00,0.4099999964237213,0.41499999165534973,0.3619999885559082,0.39500001072883606,219300,0.0,0.0
2024-11-29 00:00:00-05:00,0.4090000092983246,0.42800000309944153,0.3799999952316284,0.3799999952316284,3632000,0.0,0.0
2024-12-02 00:00:00-05:00,0.4000000059604645,0.41200000047683716,0.3199999928474426,0.3659999966621399,4045900,0.0,0.0
2024-12-03 00:00:00-05:00,0.3440000116825104,0.36500000953674316,0.3400000035762787,0.3630000054836273,507000,0.0,0.0
2024-12-04 00:00:00-05:00,0.3700000047683716,0.3700000047683716,0.3269999921321869,0.34599998593330383,733800,0.0,0.0
2024-12-05 00:00:00-05:00,0.35899999737739563,0.41200000047683716,0.3499999940395355,0.36399999260902405,1130700,0.0,0.0
2024-12-06 00:00:00-05:00,0.38999998569488525,0.39800000190734863,0.3499999940395355,0.37400001287460327,320600,0.0,0.0
2024-12-09 00:00:00-05:00,0.37400001287460327,0.4000000059604645,0.3569999933242798,0.37700000405311584,361300,0.0,0.0
2024-12-10 00:00:00-05:00,0.3499999940395355,0.3799999952316284,0.33000001311302185,0.35899999737739563,449700,0.0,0.0
2024-12-11 00:00:00-05:00,0.36800000071525574,0.36800000071525574,0.3499999940395355,0.3540000021457672,215700,0.0,0.0
2024-12-12 00:00:00-05:00,0.3540000021457672,0.3580000102519989,0.3400000035762787,0.3449999988079071,238700,0.0,0.0
2024-12-13 00:00:00-05:00,0.3400000035762787,0.36000001430511475,0.3199999928474426,0.34599998593330383,730300,0.0,0.0
2024-12-16 00:00:00-05:00,0.3490000069141388,0.3490000069141388,0.3199999928474426,0.335999995470047,477100,0.0,0.0
2024-12-17 00:00:00-05:00,0.33000001311302185,0.329800009727478,0.3009999990463257,0.31529998779296875,265518,0.0,0.0
