Date,Open,High,Low,Close,Volume,Dividends,Stock Splits
2022-01-03 00:00:00-05:00,18.059999465942383,18.579999923706055,17.940000534057617,18.420000076293945,712000,0.0,0.0
2022-01-04 00:00:00-05:00,18.479999542236328,18.790000915527344,18.350000381469727,18.719999313354492,473900,0.0,0.0
2022-01-05 00:00:00-05:00,18.68000030517578,19.149999618530273,18.68000030517578,18.969999313354492,799000,0.0,0.0
2022-01-06 00:00:00-05:00,18.979999542236328,19.389999389648438,18.850000381469727,18.979999542236328,1023800,0.0,0.0
2022-01-07 00:00:00-05:00,18.979999542236328,19.219999313354492,18.649999618530273,18.690000534057617,446900,0.0,0.0
2022-01-10 00:00:00-05:00,18.489999771118164,18.540000915527344,18.010000228881836,18.479999542236328,686200,0.0,0.0
2022-01-11 00:00:00-05:00,18.520000457763672,18.920000076293945,18.229999542236328,18.829999923706055,389700,0.0,0.0
2022-01-12 00:00:00-05:00,19.18000030517578,19.3799991607666,18.84000015258789,19.110000610351562,521200,0.0,0.0
2022-01-13 00:00:00-05:00,19.110000610351562,19.770000457763672,19.110000610351562,19.549999237060547,754800,0.0,0.0
2022-01-14 00:00:00-05:00,19.290000915527344,19.610000610351562,19.219999313354492,19.600000381469727,543000,0.0,0.0
2022-01-18 00:00:00-05:00,19.31999969482422,19.3799991607666,18.860000610351562,19.15999984741211,777300,0.0,0.0
2022-01-19 00:00:00-05:00,19.299999237060547,19.56999969482422,18.780000686645508,18.799999237060547,644000,0.0,0.0
2022-01-20 00:00:00-05:00,19.06999969482422,19.389999389648438,18.209999084472656,18.219999313354492,500700,0.0,0.0
2022-01-21 00:00:00-05:00,18.15999984741211,18.270000457763672,17.549999237060547,17.860000610351562,908400,0.0,0.0
2022-01-24 00:00:00-05:00,17.31999969482422,17.559999465942383,16.649999618530273,17.450000762939453,915700,0.0,0.0
2022-01-25 00:00:00-05:00,17.100000381469727,17.739999771118164,16.6200008392334,17.469999313354492,583700,0.0,0.0
2022-01-26 00:00:00-05:00,17.760000228881836,18.200000762939453,17.25,17.549999237060547,541800,0.0,0.0
2022-01-27 00:00:00-05:00,17.799999237060547,17.8700008392334,16.93000030517578,17.010000228881836,674300,0.0,0.0
2022-01-28 00:00:00-05:00,16.93000030517578,17.270000457763672,16.56999969482422,17.270000457763672,614900,0.0,0.0
2022-01-31 00:00:00-05:00,17.049999237060547,17.5,16.719999313354492,17.489999771118164,539800,0.0,0.0
2022-02-01 00:00:00-05:00,17.450000762939453,17.81999969482422,17.290000915527344,17.639999389648438,546900,0.0,0.0
2022-02-02 00:00:00-05:00,17.459999084472656,17.600000381469727,17.020000457763672,17.209999084472656,699100,0.0,0.0
2022-02-03 00:00:00-05:00,17.0,17.56999969482422,17.0,17.149999618530273,474700,0.0,0.0
2022-02-04 00:00:00-05:00,16.90999984741211,17.360000610351562,16.770000457763672,17.290000915527344,408400,0.0,0.0
2022-02-07 00:00:00-05:00,17.229999542236328,17.479999542236328,17.139999389648438,17.190000534057617,345100,0.0,0.0
2022-02-08 00:00:00-05:00,17.270000457763672,17.760000228881836,17.229999542236328,17.739999771118164,529900,0.0,0.0
2022-02-09 00:00:00-05:00,17.90999984741211,18.09000015258789,17.59000015258789,17.600000381469727,569800,0.0,0.0
2022-02-10 00:00:00-05:00,17.34000015258789,18.15999984741211,17.309999465942383,17.639999389648438,564700,0.0,0.0
2022-02-11 00:00:00-05:00,17.520000457763672,18.760000228881836,17.520000457763672,18.260000228881836,908900,0.0,0.0
2022-02-14 00:00:00-05:00,18.479999542236328,18.600000381469727,18.040000915527344,18.299999237060547,523800,0.0,0.0
2022-02-15 00:00:00-05:00,18.389999389648438,19.110000610351562,18.18000030517578,19.100000381469727,628200,0.0,0.0
2022-02-16 00:00:00-05:00,19.149999618530273,19.850000381469727,19.100000381469727,19.84000015258789,865200,0.0,0.0
2022-02-17 00:00:00-05:00,19.719999313354492,19.729999542236328,19.0,19.079999923706055,652200,0.0,0.0
2022-02-18 00:00:00-05:00,18.8700008392334,19.270000457763672,18.690000534057617,19.219999313354492,611300,0.0,0.0
2022-02-22 00:00:00-05:00,19.15999984741211,19.610000610351562,18.719999313354492,19.0,654100,0.0,0.0
2022-02-23 00:00:00-05:00,20.0,20.850000381469727,19.729999542236328,20.530000686645508,1912800,0.0,0.0
2022-02-24 00:00:00-05:00,20.100000381469727,20.299999237060547,19.209999084472656,19.729999542236328,1250900,0.0,0.0
2022-02-25 00:00:00-05:00,19.0,20.0,19.0,19.56999969482422,1174200,0.0,0.0
2022-02-28 00:00:00-05:00,18.940000534057617,19.610000610351562,18.889999389648438,19.43000030517578,984200,0.0,0.0
2022-03-01 00:00:00-05:00,19.3799991607666,19.8700008392334,17.959999084472656,18.200000762939453,1147600,0.0,0.0
2022-03-02 00:00:00-05:00,18.399999618530273,19.270000457763672,18.350000381469727,18.81999969482422,1013600,0.0,0.0
2022-03-03 00:00:00-05:00,18.809999465942383,19.139999389648438,18.110000610351562,18.520000457763672,636600,0.0,0.0
2022-03-04 00:00:00-05:00,18.18000030517578,18.520000457763672,17.579999923706055,17.84000015258789,1769300,0.0,0.0
2022-03-07 00:00:00-05:00,17.799999237060547,17.799999237060547,16.6200008392334,16.6200008392334,1373900,0.0,0.0
2022-03-08 00:00:00-05:00,16.59000015258789,16.959999084472656,16.420000076293945,16.68000030517578,1356500,0.0,0.0
2022-03-09 00:00:00-05:00,17.06999969482422,19.549999237060547,16.969999313354492,18.809999465942383,2084100,0.0,0.0
2022-03-10 00:00:00-05:00,18.3700008392334,18.959999084472656,18.06999969482422,18.280000686645508,689300,0.0,0.0
2022-03-11 00:00:00-05:00,18.309999465942383,18.510000228881836,17.489999771118164,17.549999237060547,528400,0.0,0.0
2022-03-14 00:00:00-04:00,17.68000030517578,17.790000915527344,16.31999969482422,16.530000686645508,1082300,0.0,0.0
2022-03-15 00:00:00-04:00,16.510000228881836,17.0,16.25,16.510000228881836,986700,0.0,0.0
2022-03-16 00:00:00-04:00,16.75,17.6299991607666,16.75,17.31999969482422,1356900,0.0,0.0
2022-03-17 00:00:00-04:00,17.170000076293945,17.790000915527344,17.139999389648438,17.5,530700,0.0,0.0
2022-03-18 00:00:00-04:00,17.459999084472656,18.139999389648438,17.299999237060547,18.079999923706055,1351700,0.0,0.0
2022-03-21 00:00:00-04:00,18.0,18.34000015258789,17.889999389648438,18.020000457763672,640900,0.0,0.0
2022-03-22 00:00:00-04:00,18.18000030517578,18.5,18.18000030517578,18.299999237060547,541100,0.0,0.0
2022-03-23 00:00:00-04:00,18.049999237060547,18.299999237060547,17.8700008392334,18.010000228881836,836200,0.0,0.0
2022-03-24 00:00:00-04:00,18.010000228881836,18.56999969482422,17.950000762939453,18.549999237060547,416400,0.0,0.0
2022-03-25 00:00:00-04:00,18.420000076293945,18.610000610351562,18.170000076293945,18.260000228881836,585700,0.0,0.0
2022-03-28 00:00:00-04:00,18.049999237060547,18.049999237060547,17.389999389648438,17.780000686645508,497900,0.0,0.0
2022-03-29 00:00:00-04:00,18.100000381469727,19.209999084472656,18.020000457763672,18.8799991607666,1328900,0.0,0.0
2022-03-30 00:00:00-04:00,18.809999465942383,19.020000457763672,18.459999084472656,18.5,575400,0.0,0.0
2022-03-31 00:00:00-04:00,18.270000457763672,18.59000015258789,17.700000762939453,18.0,799300,0.0,0.0
2022-04-01 00:00:00-04:00,18.079999923706055,18.420000076293945,18.040000915527344,18.329999923706055,518400,0.0,0.0
2022-04-04 00:00:00-04:00,18.450000762939453,18.479999542236328,17.229999542236328,17.610000610351562,2323700,0.0,0.0
2022-04-05 00:00:00-04:00,17.6299991607666,18.079999923706055,17.450000762939453,17.610000610351562,1521500,0.0,0.0
2022-04-06 00:00:00-04:00,17.010000228881836,17.860000610351562,16.5,17.25,1738800,0.0,0.0
2022-04-07 00:00:00-04:00,17.15999984741211,17.399999618530273,16.540000915527344,17.1200008392334,941600,0.0,0.0
2022-04-08 00:00:00-04:00,16.959999084472656,17.350000381469727,16.84000015258789,17.139999389648438,721600,0.0,0.0
2022-04-11 00:00:00-04:00,17.040000915527344,17.239999771118164,16.68000030517578,16.739999771118164,741200,0.0,0.0
2022-04-12 00:00:00-04:00,16.979999542236328,17.270000457763672,16.68000030517578,16.709999084472656,467600,0.0,0.0
2022-04-13 00:00:00-04:00,16.75,17.389999389648438,16.709999084472656,17.350000381469727,526300,0.0,0.0
2022-04-14 00:00:00-04:00,17.299999237060547,17.559999465942383,17.139999389648438,17.239999771118164,614300,0.0,0.0
2022-04-18 00:00:00-04:00,17.170000076293945,17.610000610351562,17.170000076293945,17.31999969482422,551300,0.0,0.0
2022-04-19 00:00:00-04:00,17.299999237060547,17.920000076293945,17.18000030517578,17.790000915527344,670700,0.0,0.0
2022-04-20 00:00:00-04:00,17.940000534057617,18.010000228881836,17.530000686645508,17.59000015258789,822300,0.0,0.0
2022-04-21 00:00:00-04:00,17.780000686645508,17.780000686645508,16.65999984741211,16.979999542236328,835600,0.0,0.0
2022-04-22 00:00:00-04:00,16.799999237060547,17.100000381469727,16.520000457763672,16.729999542236328,944200,0.0,0.0
2022-04-25 00:00:00-04:00,16.5,16.5,15.569999694824219,16.149999618530273,1068100,0.0,0.0
2022-04-26 00:00:00-04:00,15.859999656677246,16.170000076293945,15.649999618530273,15.649999618530273,1219000,0.0,0.0
2022-04-27 00:00:00-04:00,17.420000076293945,17.420000076293945,16.040000915527344,16.56999969482422,1485100,0.0,0.0
2022-04-28 00:00:00-04:00,17.040000915527344,17.040000915527344,16.139999389648438,16.670000076293945,1333800,0.0,0.0
2022-04-29 00:00:00-04:00,16.510000228881836,17.09000015258789,16.360000610351562,16.690000534057617,1339000,0.0,0.0
2022-05-02 00:00:00-04:00,16.56999969482422,16.90999984741211,15.970000267028809,16.40999984741211,1005700,0.0,0.0
2022-05-03 00:00:00-04:00,16.360000610351562,16.81999969482422,16.06999969482422,16.700000762939453,989400,0.0,0.0
2022-05-04 00:00:00-04:00,16.690000534057617,16.959999084472656,16.209999084472656,16.860000610351562,1146200,0.0,0.0
2022-05-05 00:00:00-04:00,16.56999969482422,16.700000762939453,15.34000015258789,15.729999542236328,1161100,0.0,0.0
2022-05-06 00:00:00-04:00,15.640000343322754,16.290000915527344,15.260000228881836,16.229999542236328,1214700,0.0,0.0
2022-05-09 00:00:00-04:00,15.979999542236328,16.09000015258789,15.510000228881836,15.59000015258789,2014800,0.0,0.0
2022-05-10 00:00:00-04:00,15.800000190734863,16.100000381469727,15.0600004196167,15.640000343322754,841700,0.0,0.0
2022-05-11 00:00:00-04:00,15.770000457763672,16.420000076293945,15.539999961853027,15.579999923706055,768000,0.0,0.0
2022-05-12 00:00:00-04:00,15.270000457763672,15.550000190734863,15.09000015258789,15.539999961853027,602600,0.0,0.0
2022-05-13 00:00:00-04:00,15.739999771118164,16.1200008392334,15.569999694824219,15.649999618530273,786200,0.0,0.0
2022-05-16 00:00:00-04:00,15.529999732971191,15.9399995803833,15.390000343322754,15.729999542236328,474900,0.0,0.0
2022-05-17 00:00:00-04:00,16.170000076293945,16.8799991607666,16.170000076293945,16.809999465942383,1447600,0.0,0.0
2022-05-18 00:00:00-04:00,16.639999389648438,17.020000457763672,15.9399995803833,16.020000457763672,959700,0.0,0.0
2022-05-19 00:00:00-04:00,16.020000457763672,16.280000686645508,15.770000457763672,15.800000190734863,725900,0.0,0.0
2022-05-20 00:00:00-04:00,16.1200008392334,16.1200008392334,15.069999694824219,15.760000228881836,788800,0.0,0.0
2022-05-23 00:00:00-04:00,15.979999542236328,16.209999084472656,15.75,16.18000030517578,577500,0.0,0.0
2022-05-24 00:00:00-04:00,16.030000686645508,16.049999237060547,15.399999618530273,15.779999732971191,765400,0.0,0.0
2022-05-25 00:00:00-04:00,15.600000381469727,16.34000015258789,15.449999809265137,16.209999084472656,595300,0.0,0.0
2022-05-26 00:00:00-04:00,16.3700008392334,16.709999084472656,16.239999771118164,16.549999237060547,356800,0.0,0.0
2022-05-27 00:00:00-04:00,16.770000457763672,16.90999984741211,16.670000076293945,16.700000762939453,359400,0.0,0.0
2022-05-31 00:00:00-04:00,16.549999237060547,17.06999969482422,16.520000457763672,16.889999389648438,630100,0.0,0.0
2022-06-01 00:00:00-04:00,16.899999618530273,16.979999542236328,16.100000381469727,16.65999984741211,749800,0.0,0.0
2022-06-02 00:00:00-04:00,16.889999389648438,17.40999984741211,16.719999313354492,17.34000015258789,502900,0.0,0.0
2022-06-03 00:00:00-04:00,16.719999313354492,16.90999984741211,16.56999969482422,16.84000015258789,438800,0.0,0.0
2022-06-06 00:00:00-04:00,17.149999618530273,17.540000915527344,16.729999542236328,17.459999084472656,561900,0.0,0.0
2022-06-07 00:00:00-04:00,17.18000030517578,17.540000915527344,17.1200008392334,17.540000915527344,574100,0.0,0.0
2022-06-08 00:00:00-04:00,17.540000915527344,17.56999969482422,16.920000076293945,17.079999923706055,283400,0.0,0.0
2022-06-09 00:00:00-04:00,16.770000457763672,16.809999465942383,16.239999771118164,16.299999237060547,509300,0.0,0.0
2022-06-10 00:00:00-04:00,16.0,16.059999465942383,15.380000114440918,15.430000305175781,838300,0.0,0.0
2022-06-13 00:00:00-04:00,15.0600004196167,15.3100004196167,14.470000267028809,14.859999656677246,697400,0.0,0.0
2022-06-14 00:00:00-04:00,14.699999809265137,14.920000076293945,14.130000114440918,14.34000015258789,1200600,0.0,0.0
2022-06-15 00:00:00-04:00,14.609999656677246,14.90999984741211,14.239999771118164,14.25,1763600,0.0,0.0
2022-06-16 00:00:00-04:00,13.899999618530273,13.949999809265137,13.40999984741211,13.600000381469727,1587600,0.0,0.0
2022-06-17 00:00:00-04:00,13.600000381469727,13.680000305175781,13.130000114440918,13.65999984741211,1706700,0.0,0.0
2022-06-21 00:00:00-04:00,14.170000076293945,14.170000076293945,13.369999885559082,13.399999618530273,1020100,0.0,0.0
2022-06-22 00:00:00-04:00,12.970000267028809,13.279999732971191,12.770000457763672,12.890000343322754,1001300,0.0,0.0
2022-06-23 00:00:00-04:00,12.789999961853027,13.020000457763672,11.789999961853027,11.949999809265137,2067400,0.0,0.0
2022-06-24 00:00:00-04:00,12.100000381469727,13.609999656677246,12.100000381469727,13.600000381469727,4867400,0.0,0.0
2022-06-27 00:00:00-04:00,13.739999771118164,14.079999923706055,13.510000228881836,13.710000038146973,863100,0.0,0.0
2022-06-28 00:00:00-04:00,13.880000114440918,14.119999885559082,13.699999809265137,13.930000305175781,948800,0.0,0.0
2022-06-29 00:00:00-04:00,14.050000190734863,14.069999694824219,13.220000267028809,13.420000076293945,1088900,0.0,0.0
2022-06-30 00:00:00-04:00,13.050000190734863,13.40999984741211,12.779999732971191,13.210000038146973,789800,0.0,0.0
2022-07-01 00:00:00-04:00,12.989999771118164,13.5,12.989999771118164,13.270000457763672,898200,0.0,0.0
2022-07-05 00:00:00-04:00,12.729999542236328,12.760000228881836,12.4399995803833,12.75,940500,0.0,0.0
2022-07-06 00:00:00-04:00,12.649999618530273,13.039999961853027,12.289999961853027,13.010000228881836,818300,0.0,0.0
2022-07-07 00:00:00-04:00,13.329999923706055,13.6899995803833,13.170000076293945,13.1899995803833,549200,0.0,0.0
2022-07-08 00:00:00-04:00,13.09000015258789,13.149999618530273,12.75,12.920000076293945,662000,0.0,0.0
2022-07-11 00:00:00-04:00,12.65999984741211,12.770000457763672,12.5,12.550000190734863,757100,0.0,0.0
2022-07-12 00:00:00-04:00,12.510000228881836,13.170000076293945,12.510000228881836,12.949999809265137,618800,0.0,0.0
2022-07-13 00:00:00-04:00,12.720000267028809,13.079999923706055,12.6899995803833,12.989999771118164,578700,0.0,0.0
2022-07-14 00:00:00-04:00,12.539999961853027,13.020000457763672,12.470000267028809,12.989999771118164,453900,0.0,0.0
2022-07-15 00:00:00-04:00,13.34000015258789,13.4399995803833,12.90999984741211,13.170000076293945,851900,0.0,0.0
2022-07-18 00:00:00-04:00,13.489999771118164,13.649999618530273,13.069999694824219,13.149999618530273,827300,0.0,0.0
2022-07-19 00:00:00-04:00,13.359999656677246,13.670000076293945,13.180000305175781,13.649999618530273,751300,0.0,0.0
2022-07-20 00:00:00-04:00,13.59000015258789,13.989999771118164,13.479999542236328,13.960000038146973,930200,0.0,0.0
2022-07-21 00:00:00-04:00,13.829999923706055,14.270000457763672,13.5,14.260000228881836,1059700,0.0,0.0
2022-07-22 00:00:00-04:00,14.270000457763672,14.710000038146973,14.270000457763672,14.4399995803833,1551000,0.0,0.0
2022-07-25 00:00:00-04:00,14.699999809265137,14.720000267028809,14.239999771118164,14.4399995803833,831000,0.0,0.0
2022-07-26 00:00:00-04:00,14.170000076293945,14.5,13.729999542236328,14.170000076293945,1167400,0.0,0.0
2022-07-27 00:00:00-04:00,13.899999618530273,14.6899995803833,13.800000190734863,14.449999809265137,2610100,0.0,0.0
2022-07-28 00:00:00-04:00,14.569999694824219,14.710000038146973,14.050000190734863,14.4399995803833,978500,0.0,0.0
2022-07-29 00:00:00-04:00,14.600000381469727,14.789999961853027,14.420000076293945,14.630000114440918,634900,0.0,0.0
2022-08-01 00:00:00-04:00,14.430000305175781,14.699999809265137,14.34000015258789,14.539999961853027,552900,0.0,0.0
2022-08-02 00:00:00-04:00,14.510000228881836,14.670000076293945,14.229999542236328,14.520000457763672,562000,0.0,0.0
2022-08-03 00:00:00-04:00,14.6899995803833,14.869999885559082,14.550000190734863,14.729999542236328,525200,0.0,0.0
2022-08-04 00:00:00-04:00,14.779999732971191,14.880000114440918,13.829999923706055,13.850000381469727,1309000,0.0,0.0
2022-08-05 00:00:00-04:00,13.720000267028809,14.390000343322754,13.680000305175781,14.319999694824219,820100,0.0,0.0
2022-08-08 00:00:00-04:00,14.550000190734863,14.859999656677246,14.229999542236328,14.279999732971191,624100,0.0,0.0
2022-08-09 00:00:00-04:00,14.359999656677246,14.399999618530273,13.5,13.600000381469727,919300,0.0,0.0
2022-08-10 00:00:00-04:00,13.989999771118164,14.65999984741211,13.989999771118164,14.479999542236328,1025400,0.0,0.0
2022-08-11 00:00:00-04:00,14.770000457763672,14.880000114440918,14.350000381469727,14.470000267028809,566800,0.0,0.0
2022-08-12 00:00:00-04:00,14.470000267028809,14.670000076293945,14.279999732971191,14.65999984741211,733700,0.0,0.0
2022-08-15 00:00:00-04:00,14.40999984741211,14.859999656677246,14.289999961853027,14.850000381469727,431500,0.0,0.0
2022-08-16 00:00:00-04:00,14.84000015258789,15.0,14.619999885559082,14.90999984741211,569700,0.0,0.0
2022-08-17 00:00:00-04:00,14.649999618530273,14.670000076293945,14.25,14.460000038146973,506800,0.0,0.0
2022-08-18 00:00:00-04:00,14.5600004196167,15.239999771118164,14.5600004196167,14.949999809265137,912000,0.0,0.0
2022-08-19 00:00:00-04:00,14.84000015258789,14.859999656677246,14.029999732971191,14.109999656677246,809300,0.0,0.0
2022-08-22 00:00:00-04:00,13.789999961853027,14.020000457763672,13.640000343322754,13.739999771118164,615400,0.0,0.0
2022-08-23 00:00:00-04:00,13.789999961853027,14.350000381469727,13.789999961853027,14.140000343322754,482200,0.0,0.0
2022-08-24 00:00:00-04:00,14.020000457763672,14.220000267028809,13.930000305175781,14.180000305175781,549600,0.0,0.0
2022-08-25 00:00:00-04:00,14.34000015258789,14.59000015258789,14.239999771118164,14.5,462100,0.0,0.0
2022-08-26 00:00:00-04:00,14.65999984741211,14.729999542236328,14.010000228881836,14.039999961853027,665100,0.0,0.0
2022-08-29 00:00:00-04:00,13.6899995803833,14.020000457763672,13.670000076293945,13.75,391800,0.0,0.0
2022-08-30 00:00:00-04:00,13.720000267028809,13.760000228881836,13.1899995803833,13.539999961853027,444600,0.0,0.0
2022-08-31 00:00:00-04:00,13.59000015258789,13.59000015258789,13.25,13.319999694824219,449800,0.0,0.0
2022-09-01 00:00:00-04:00,13.0600004196167,13.0600004196167,12.729999542236328,13.020000457763672,660800,0.0,0.0
2022-09-02 00:00:00-04:00,13.0600004196167,13.34000015258789,12.819999694824219,12.930000305175781,365000,0.0,0.0
2022-09-06 00:00:00-04:00,12.869999885559082,12.960000038146973,12.619999885559082,12.75,410100,0.0,0.0
2022-09-07 00:00:00-04:00,12.609999656677246,12.90999984741211,12.430000305175781,12.829999923706055,542100,0.0,0.0
2022-09-08 00:00:00-04:00,12.609999656677246,13.119999885559082,12.539999961853027,12.979999542236328,614500,0.0,0.0
2022-09-09 00:00:00-04:00,13.130000114440918,13.350000381469727,13.130000114440918,13.260000228881836,499200,0.0,0.0
2022-09-12 00:00:00-04:00,13.479999542236328,14.319999694824219,13.470000267028809,14.15999984741211,706000,0.0,0.0
2022-09-13 00:00:00-04:00,13.649999618530273,13.960000038146973,13.229999542236328,13.25,485200,0.0,0.0
2022-09-14 00:00:00-04:00,13.050000190734863,13.140000343322754,12.649999618530273,12.960000038146973,529500,0.0,0.0
2022-09-15 00:00:00-04:00,12.609999656677246,12.710000038146973,11.930000305175781,12.109999656677246,1529500,0.0,0.0
2022-09-16 00:00:00-04:00,11.8100004196167,11.869999885559082,11.329999923706055,11.449999809265137,1534900,0.0,0.0
2022-09-19 00:00:00-04:00,11.270000457763672,12.25,11.270000457763672,12.149999618530273,1176200,0.0,0.0
2022-09-20 00:00:00-04:00,11.960000038146973,11.989999771118164,11.539999961853027,11.649999618530273,446800,0.0,0.0
2022-09-21 00:00:00-04:00,11.75,11.75,11.0,11.010000228881836,708900,0.0,0.0
2022-09-22 00:00:00-04:00,11.0,11.109999656677246,10.720000267028809,10.869999885559082,814800,0.0,0.0
2022-09-23 00:00:00-04:00,10.59000015258789,10.710000038146973,10.09000015258789,10.40999984741211,1112500,0.0,0.0
2022-09-26 00:00:00-04:00,10.270000457763672,10.390000343322754,9.819999694824219,9.84000015258789,1146100,0.0,0.0
2022-09-27 00:00:00-04:00,10.079999923706055,10.579999923706055,9.880000114440918,10.220000267028809,1211000,0.0,0.0
2022-09-28 00:00:00-04:00,10.329999923706055,10.59000015258789,10.229999542236328,10.460000038146973,644700,0.0,0.0
2022-09-29 00:00:00-04:00,10.430000305175781,10.529999732971191,10.0,10.350000381469727,874600,0.0,0.0
2022-09-30 00:00:00-04:00,10.260000228881836,10.460000038146973,10.0,10.140000343322754,843700,0.0,0.0
2022-10-03 00:00:00-04:00,10.350000381469727,10.829999923706055,10.329999923706055,10.699999809265137,580800,0.0,0.0
2022-10-04 00:00:00-04:00,11.069999694824219,11.289999961853027,10.949999809265137,11.25,1239500,0.0,0.0
2022-10-05 00:00:00-04:00,10.859999656677246,11.529999732971191,10.859999656677246,11.460000038146973,1049900,0.0,0.0
2022-10-06 00:00:00-04:00,11.229999542236328,11.5600004196167,11.229999542236328,11.470000267028809,1285100,0.0,0.0
2022-10-07 00:00:00-04:00,11.350000381469727,11.510000228881836,10.770000457763672,10.930000305175781,717600,0.0,0.0
2022-10-10 00:00:00-04:00,10.930000305175781,11.279999732971191,10.920000076293945,11.180000305175781,624100,0.0,0.0
2022-10-11 00:00:00-04:00,11.15999984741211,11.229999542236328,10.829999923706055,10.989999771118164,401000,0.0,0.0
2022-10-12 00:00:00-04:00,10.869999885559082,11.300000190734863,10.5600004196167,11.0600004196167,1172500,0.0,0.0
2022-10-13 00:00:00-04:00,10.739999771118164,11.369999885559082,10.529999732971191,11.260000228881836,900200,0.0,0.0
2022-10-14 00:00:00-04:00,11.470000267028809,11.760000228881836,10.880000114440918,10.970000267028809,644700,0.0,0.0
2022-10-17 00:00:00-04:00,11.289999961853027,11.720000267028809,11.229999542236328,11.710000038146973,811800,0.0,0.0
2022-10-18 00:00:00-04:00,12.170000076293945,12.210000038146973,11.760000228881836,11.9399995803833,842900,0.0,0.0
2022-10-19 00:00:00-04:00,11.699999809265137,12.010000228881836,11.670000076293945,11.890000343322754,659900,0.0,0.0
2022-10-20 00:00:00-04:00,11.859999656677246,12.569999694824219,11.65999984741211,12.460000038146973,1137400,0.0,0.0
2022-10-21 00:00:00-04:00,12.670000076293945,13.229999542236328,12.460000038146973,12.949999809265137,1410000,0.0,0.0
2022-10-24 00:00:00-04:00,12.90999984741211,12.979999542236328,12.510000228881836,12.649999618530273,1160200,0.0,0.0
2022-10-25 00:00:00-04:00,12.539999961853027,13.020000457763672,12.529999732971191,12.920000076293945,1418800,0.0,0.0
2022-10-26 00:00:00-04:00,12.869999885559082,13.0,10.829999923706055,10.970000267028809,3107000,0.0,0.0
2022-10-27 00:00:00-04:00,11.020000457763672,11.5600004196167,10.899999618530273,11.119999885559082,1878700,0.0,0.0
2022-10-28 00:00:00-04:00,10.899999618530273,11.100000381469727,10.59000015258789,10.789999961853027,1618200,0.0,0.0
2022-10-31 00:00:00-04:00,10.770000457763672,11.079999923706055,10.710000038146973,11.020000457763672,1045300,0.0,0.0
2022-11-01 00:00:00-04:00,11.279999732971191,11.420000076293945,11.039999961853027,11.149999618530273,737200,0.0,0.0
2022-11-02 00:00:00-04:00,11.319999694824219,11.319999694824219,10.420000076293945,10.449999809265137,942100,0.0,0.0
2022-11-03 00:00:00-04:00,10.279999732971191,10.680000305175781,10.09000015258789,10.5,903300,0.0,0.0
2022-11-04 00:00:00-04:00,10.899999618530273,11.460000038146973,10.880000114440918,11.4399995803833,1305100,0.0,0.0
2022-11-07 00:00:00-05:00,11.619999885559082,11.680000305175781,11.399999618530273,11.470000267028809,791600,0.0,0.0
2022-11-08 00:00:00-05:00,11.489999771118164,11.630000114440918,11.1899995803833,11.350000381469727,1083500,0.0,0.0
2022-11-09 00:00:00-05:00,11.220000267028809,11.350000381469727,11.050000190734863,11.069999694824219,772800,0.0,0.0
2022-11-10 00:00:00-05:00,11.65999984741211,11.920000076293945,11.510000228881836,11.770000457763672,1080500,0.0,0.0
2022-11-11 00:00:00-05:00,11.920000076293945,12.630000114440918,11.920000076293945,12.550000190734863,1545300,0.0,0.0
2022-11-14 00:00:00-05:00,12.40999984741211,12.65999984741211,12.140000343322754,12.279999732971191,1083900,0.0,0.0
2022-11-15 00:00:00-05:00,12.449999809265137,12.670000076293945,12.25,12.489999771118164,921800,0.0,0.0
2022-11-16 00:00:00-05:00,12.279999732971191,12.449999809265137,12.079999923706055,12.130000114440918,739600,0.0,0.0
2022-11-17 00:00:00-05:00,11.850000381469727,12.010000228881836,11.59000015258789,12.010000228881836,1310300,0.0,0.0
2022-11-18 00:00:00-05:00,12.289999961853027,12.449999809265137,11.960000038146973,12.100000381469727,879600,0.0,0.0
2022-11-21 00:00:00-05:00,11.960000038146973,11.970000267028809,11.65999984741211,11.899999618530273,585500,0.0,0.0
2022-11-22 00:00:00-05:00,12.0,12.289999961853027,11.930000305175781,12.199999809265137,1028700,0.0,0.0
2022-11-23 00:00:00-05:00,12.180000305175781,12.289999961853027,11.920000076293945,12.199999809265137,495400,0.0,0.0
2022-11-25 00:00:00-05:00,12.180000305175781,12.359999656677246,12.109999656677246,12.109999656677246,238800,0.0,0.0
2022-11-28 00:00:00-05:00,12.0,12.010000228881836,11.479999542236328,11.8100004196167,1109000,0.0,0.0
2022-11-29 00:00:00-05:00,11.960000038146973,12.0600004196167,11.770000457763672,11.789999961853027,474500,0.0,0.0
2022-11-30 00:00:00-05:00,11.869999885559082,12.460000038146973,11.739999771118164,12.449999809265137,877000,0.0,0.0
2022-12-01 00:00:00-05:00,12.640000343322754,12.75,12.180000305175781,12.300000190734863,885200,0.0,0.0
2022-12-02 00:00:00-05:00,12.0,12.399999618530273,11.869999885559082,12.380000114440918,703100,0.0,0.0
2022-12-05 00:00:00-05:00,12.25,12.319999694824219,11.670000076293945,11.710000038146973,564400,0.0,0.0
2022-12-06 00:00:00-05:00,11.720000267028809,12.050000190734863,11.720000267028809,11.890000343322754,1349600,0.0,0.0
2022-12-07 00:00:00-05:00,11.829999923706055,12.0,11.489999771118164,11.489999771118164,405800,0.0,0.0
2022-12-08 00:00:00-05:00,11.65999984741211,11.8100004196167,11.59000015258789,11.640000343322754,734300,0.0,0.0
2022-12-09 00:00:00-05:00,11.550000190734863,11.75,11.550000190734863,11.59000015258789,1188000,0.0,0.0
2022-12-12 00:00:00-05:00,11.550000190734863,11.789999961853027,11.329999923706055,11.75,1260100,0.0,0.0
2022-12-13 00:00:00-05:00,12.239999771118164,12.239999771118164,11.600000381469727,11.90999984741211,2372600,0.0,0.0
2022-12-14 00:00:00-05:00,11.789999961853027,12.319999694824219,11.600000381469727,12.220000267028809,1230200,0.0,0.0
2022-12-15 00:00:00-05:00,12.0,12.020000457763672,11.34000015258789,11.4399995803833,791300,0.0,0.0
2022-12-16 00:00:00-05:00,11.229999542236328,11.460000038146973,11.119999885559082,11.279999732971191,1632300,0.0,0.0
2022-12-19 00:00:00-05:00,11.279999732971191,11.609999656677246,11.15999984741211,11.470000267028809,782300,0.0,0.0
2022-12-20 00:00:00-05:00,11.470000267028809,11.710000038146973,11.470000267028809,11.609999656677246,617200,0.0,0.0
2022-12-21 00:00:00-05:00,11.739999771118164,12.09000015258789,11.649999618530273,11.989999771118164,541900,0.0,0.0
2022-12-22 00:00:00-05:00,11.869999885559082,11.960000038146973,11.399999618530273,11.65999984741211,603300,0.0,0.0
2022-12-23 00:00:00-05:00,11.619999885559082,11.800000190734863,11.569999694824219,11.75,289400,0.0,0.0
2022-12-27 00:00:00-05:00,11.789999961853027,12.119999885559082,11.680000305175781,11.930000305175781,394700,0.0,0.0
2022-12-28 00:00:00-05:00,11.989999771118164,12.0,11.550000190734863,11.579999923706055,441400,0.0,0.0
2022-12-29 00:00:00-05:00,11.75,11.890000343322754,11.609999656677246,11.869999885559082,392700,0.0,0.0
2022-12-30 00:00:00-05:00,11.65999984741211,11.880000114440918,11.640000343322754,11.829999923706055,406000,0.0,0.0
2023-01-03 00:00:00-05:00,11.899999618530273,12.1899995803833,11.760000228881836,12.119999885559082,896500,0.0,0.0
2023-01-04 00:00:00-05:00,12.300000190734863,12.899999618530273,12.239999771118164,12.699999809265137,935400,0.0,0.0
2023-01-05 00:00:00-05:00,12.699999809265137,13.020000457763672,12.619999885559082,12.819999694824219,908100,0.0,0.0
2023-01-06 00:00:00-05:00,13.010000228881836,13.260000228881836,12.779999732971191,13.119999885559082,912900,0.0,0.0
2023-01-09 00:00:00-05:00,13.40999984741211,13.5600004196167,13.15999984741211,13.199999809265137,1245700,0.0,0.0
2023-01-10 00:00:00-05:00,13.300000190734863,13.579999923706055,13.0600004196167,13.479999542236328,630100,0.0,0.0
2023-01-11 00:00:00-05:00,13.470000267028809,13.680000305175781,13.399999618530273,13.430000305175781,553300,0.0,0.0
2023-01-12 00:00:00-05:00,13.550000190734863,13.739999771118164,13.399999618530273,13.680000305175781,797400,0.0,0.0
2023-01-13 00:00:00-05:00,13.65999984741211,13.65999984741211,13.260000228881836,13.550000190734863,567900,0.0,0.0
2023-01-17 00:00:00-05:00,13.600000381469727,14.010000228881836,13.34000015258789,13.890000343322754,1041000,0.0,0.0
2023-01-18 00:00:00-05:00,14.0,14.779999732971191,13.970000267028809,14.100000381469727,1738000,0.0,0.0
2023-01-19 00:00:00-05:00,13.890000343322754,14.069999694824219,13.619999885559082,13.75,929000,0.0,0.0
2023-01-20 00:00:00-05:00,13.770000457763672,14.079999923706055,13.520000457763672,14.079999923706055,824000,0.0,0.0
2023-01-23 00:00:00-05:00,14.0600004196167,14.390000343322754,14.029999732971191,14.390000343322754,611700,0.0,0.0
2023-01-24 00:00:00-05:00,14.390000343322754,14.630000114440918,14.170000076293945,14.319999694824219,1176700,0.0,0.0
2023-01-25 00:00:00-05:00,14.09000015258789,14.5,14.050000190734863,14.4399995803833,927900,0.0,0.0
2023-01-26 00:00:00-05:00,14.670000076293945,14.779999732971191,14.350000381469727,14.770000457763672,515700,0.0,0.0
2023-01-27 00:00:00-05:00,14.619999885559082,14.729999542236328,14.4399995803833,14.539999961853027,656500,0.0,0.0
2023-01-30 00:00:00-05:00,14.390000343322754,14.569999694824219,14.380000114440918,14.430000305175781,507500,0.0,0.0
2023-01-31 00:00:00-05:00,14.489999771118164,14.539999961853027,14.289999961853027,14.529999732971191,1790800,0.0,0.0
2023-02-01 00:00:00-05:00,14.449999809265137,15.140000343322754,14.369999885559082,14.970000267028809,2660000,0.0,0.0
2023-02-02 00:00:00-05:00,15.050000190734863,15.739999771118164,14.899999618530273,15.619999885559082,1764800,0.0,0.0
2023-02-03 00:00:00-05:00,15.4399995803833,15.920000076293945,15.359999656677246,15.84000015258789,1236500,0.0,0.0
2023-02-06 00:00:00-05:00,15.770000457763672,15.880000114440918,14.220000267028809,14.619999885559082,1567000,0.0,0.0
2023-02-07 00:00:00-05:00,14.539999961853027,14.829999923706055,14.350000381469727,14.779999732971191,782300,0.0,0.0
2023-02-08 00:00:00-05:00,14.5,14.899999618530273,14.390000343322754,14.449999809265137,1757700,0.0,0.0
2023-02-09 00:00:00-05:00,14.680000305175781,14.680000305175781,14.149999618530273,14.199999809265137,562200,0.0,0.0
2023-02-10 00:00:00-05:00,14.010000228881836,14.15999984741211,13.729999542236328,13.989999771118164,844600,0.0,0.0
2023-02-13 00:00:00-05:00,14.020000457763672,14.180000305175781,13.899999618530273,14.020000457763672,730800,0.0,0.0
2023-02-14 00:00:00-05:00,13.859999656677246,14.399999618530273,13.800000190734863,14.279999732971191,984300,0.0,0.0
2023-02-15 00:00:00-05:00,13.949999809265137,14.600000381469727,13.859999656677246,14.569999694824219,694400,0.0,0.0
2023-02-16 00:00:00-05:00,14.390000343322754,14.569999694824219,14.079999923706055,14.09000015258789,1325200,0.0,0.0
2023-02-17 00:00:00-05:00,14.140000343322754,14.210000038146973,13.789999961853027,14.15999984741211,910000,0.0,0.0
2023-02-21 00:00:00-05:00,13.989999771118164,14.260000228881836,13.789999961853027,13.930000305175781,1346700,0.0,0.0
2023-02-22 00:00:00-05:00,14.800000190734863,16.139999389648438,14.760000228881836,15.8100004196167,2594500,0.0,0.0
2023-02-23 00:00:00-05:00,16.450000762939453,16.8700008392334,15.75,16.399999618530273,2445600,0.0,0.0
2023-02-24 00:00:00-05:00,15.670000076293945,15.90999984741211,15.329999923706055,15.479999542236328,1791000,0.0,0.0
2023-02-27 00:00:00-05:00,15.5,16.190000534057617,15.369999885559082,15.579999923706055,1250400,0.0,0.0
2023-02-28 00:00:00-05:00,15.529999732971191,16.56999969482422,15.369999885559082,15.989999771118164,2185400,0.0,0.0
2023-03-01 00:00:00-05:00,15.920000076293945,16.600000381469727,15.920000076293945,16.389999389648438,909300,0.0,0.0
2023-03-02 00:00:00-05:00,16.110000610351562,16.600000381469727,15.5600004196167,16.5,707400,0.0,0.0
2023-03-03 00:00:00-05:00,16.68000030517578,16.780000686645508,16.530000686645508,16.68000030517578,514500,0.0,0.0
2023-03-06 00:00:00-05:00,16.489999771118164,16.59000015258789,16.06999969482422,16.200000762939453,598400,0.0,0.0
2023-03-07 00:00:00-05:00,16.239999771118164,16.239999771118164,15.8100004196167,15.869999885559082,501600,0.0,0.0
2023-03-08 00:00:00-05:00,15.960000038146973,16.200000762939453,15.899999618530273,16.059999465942383,455500,0.0,0.0
2023-03-09 00:00:00-05:00,15.930000305175781,16.0,15.420000076293945,15.430000305175781,544900,0.0,0.0
2023-03-10 00:00:00-05:00,15.59000015258789,16.0,14.789999961853027,14.90999984741211,794500,0.0,0.0
2023-03-13 00:00:00-04:00,14.420000076293945,14.6899995803833,14.15999984741211,14.289999961853027,1067900,0.0,0.0
2023-03-14 00:00:00-04:00,14.949999809265137,15.149999618530273,14.359999656677246,14.640000343322754,847100,0.0,0.0
2023-03-15 00:00:00-04:00,13.770000457763672,14.020000457763672,13.420000076293945,13.869999885559082,1671600,0.0,0.0
2023-03-16 00:00:00-04:00,13.59000015258789,14.430000305175781,13.5600004196167,14.289999961853027,1002700,0.0,0.0
2023-03-17 00:00:00-04:00,14.260000228881836,14.260000228881836,13.779999732971191,13.789999961853027,1715900,0.0,0.0
2023-03-20 00:00:00-04:00,14.109999656677246,14.25,13.930000305175781,14.029999732971191,635100,0.0,0.0
2023-03-21 00:00:00-04:00,14.529999732971191,14.800000190734863,14.460000038146973,14.579999923706055,597700,0.0,0.0
2023-03-22 00:00:00-04:00,14.520000457763672,14.829999923706055,14.319999694824219,14.34000015258789,636600,0.0,0.0
2023-03-23 00:00:00-04:00,14.369999885559082,14.449999809265137,13.920000076293945,14.079999923706055,777500,0.0,0.0
2023-03-24 00:00:00-04:00,13.729999542236328,13.920000076293945,13.520000457763672,13.890000343322754,713200,0.0,0.0
2023-03-27 00:00:00-04:00,14.069999694824219,14.529999732971191,14.039999961853027,14.369999885559082,461900,0.0,0.0
2023-03-28 00:00:00-04:00,14.319999694824219,14.729999542236328,14.1899995803833,14.630000114440918,714600,0.0,0.0
2023-03-29 00:00:00-04:00,14.850000381469727,15.130000114440918,14.760000228881836,14.770000457763672,1407500,0.0,0.0
2023-03-30 00:00:00-04:00,15.069999694824219,15.34000015258789,15.0,15.039999961853027,666700,0.0,0.0
2023-03-31 00:00:00-04:00,15.180000305175781,15.300000190734863,15.119999885559082,15.279999732971191,975400,0.0,0.0
2023-04-03 00:00:00-04:00,15.239999771118164,15.430000305175781,14.800000190734863,15.119999885559082,747400,0.0,0.0
2023-04-04 00:00:00-04:00,15.1899995803833,15.239999771118164,14.699999809265137,14.760000228881836,753200,0.0,0.0
2023-04-05 00:00:00-04:00,14.600000381469727,14.699999809265137,14.329999923706055,14.390000343322754,553900,0.0,0.0
2023-04-06 00:00:00-04:00,14.3100004196167,14.850000381469727,14.0,14.09000015258789,889000,0.0,0.0
2023-04-10 00:00:00-04:00,14.029999732971191,14.520000457763672,14.029999732971191,14.510000228881836,768000,0.0,0.0
2023-04-11 00:00:00-04:00,14.720000267028809,15.0,14.520000457763672,14.59000015258789,1025000,0.0,0.0
2023-04-12 00:00:00-04:00,14.869999885559082,14.869999885559082,14.1899995803833,14.1899995803833,977100,0.0,0.0
2023-04-13 00:00:00-04:00,14.239999771118164,14.630000114440918,14.119999885559082,14.489999771118164,1156000,0.0,0.0
2023-04-14 00:00:00-04:00,14.640000343322754,14.720000267028809,14.270000457763672,14.5,803100,0.0,0.0
2023-04-17 00:00:00-04:00,14.5600004196167,14.569999694824219,14.25,14.4399995803833,530500,0.0,0.0
2023-04-18 00:00:00-04:00,14.520000457763672,14.710000038146973,14.470000267028809,14.6899995803833,850100,0.0,0.0
2023-04-19 00:00:00-04:00,14.449999809265137,14.8100004196167,14.449999809265137,14.760000228881836,568800,0.0,0.0
2023-04-20 00:00:00-04:00,14.460000038146973,14.640000343322754,14.079999923706055,14.180000305175781,633400,0.0,0.0
2023-04-21 00:00:00-04:00,14.170000076293945,14.170000076293945,13.800000190734863,14.109999656677246,1120900,0.0,0.0
2023-04-24 00:00:00-04:00,14.100000381469727,14.270000457763672,13.930000305175781,14.079999923706055,732500,0.0,0.0
2023-04-25 00:00:00-04:00,13.779999732971191,13.920000076293945,13.59000015258789,13.600000381469727,1079000,0.0,0.0
2023-04-26 00:00:00-04:00,14.020000457763672,14.630000114440918,13.399999618530273,14.119999885559082,2095300,0.0,0.0
2023-04-27 00:00:00-04:00,14.359999656677246,14.550000190734863,14.140000343322754,14.510000228881836,998600,0.0,0.0
2023-04-28 00:00:00-04:00,14.119999885559082,14.880000114440918,14.079999923706055,14.850000381469727,736500,0.0,0.0
2023-05-01 00:00:00-04:00,14.789999961853027,14.819999694824219,14.220000267028809,14.300000190734863,653000,0.0,0.0
2023-05-02 00:00:00-04:00,14.350000381469727,14.350000381469727,13.770000457763672,14.0,1555900,0.0,0.0
2023-05-03 00:00:00-04:00,13.979999542236328,14.279999732971191,13.890000343322754,14.0600004196167,913500,0.0,0.0
2023-05-04 00:00:00-04:00,14.270000457763672,14.470000267028809,14.029999732971191,14.470000267028809,1015100,0.0,0.0
2023-05-05 00:00:00-04:00,14.720000267028809,14.960000038146973,14.649999618530273,14.930000305175781,761000,0.0,0.0
2023-05-08 00:00:00-04:00,15.420000076293945,15.739999771118164,15.210000038146973,15.460000038146973,1135100,0.0,0.0
2023-05-09 00:00:00-04:00,15.329999923706055,15.380000114440918,15.09000015258789,15.100000381469727,689400,0.0,0.0
2023-05-10 00:00:00-04:00,15.390000343322754,15.40999984741211,14.6899995803833,15.109999656677246,540600,0.0,0.0
2023-05-11 00:00:00-04:00,14.649999618530273,14.90999984741211,14.619999885559082,14.890000343322754,488900,0.0,0.0
2023-05-12 00:00:00-04:00,14.949999809265137,15.09000015258789,14.460000038146973,14.720000267028809,1515400,0.0,0.0
2023-05-15 00:00:00-04:00,14.729999542236328,15.460000038146973,14.619999885559082,15.449999809265137,895600,0.0,0.0
2023-05-16 00:00:00-04:00,15.15999984741211,15.550000190734863,15.15999984741211,15.350000381469727,1778300,0.0,0.0
2023-05-17 00:00:00-04:00,15.520000457763672,15.9399995803833,14.979999542236328,15.90999984741211,1677900,0.0,0.0
2023-05-18 00:00:00-04:00,15.6899995803833,16.100000381469727,15.520000457763672,16.049999237060547,624100,0.0,0.0
2023-05-19 00:00:00-04:00,16.149999618530273,16.149999618530273,15.640000343322754,15.770000457763672,642500,0.0,0.0
2023-05-22 00:00:00-04:00,15.720000267028809,15.920000076293945,15.680000305175781,15.770000457763672,378400,0.0,0.0
2023-05-23 00:00:00-04:00,15.640000343322754,15.970000267028809,15.369999885559082,15.390000343322754,790800,0.0,0.0
2023-05-24 00:00:00-04:00,15.199999809265137,15.289999961853027,15.039999961853027,15.140000343322754,533100,0.0,0.0
2023-05-25 00:00:00-04:00,15.079999923706055,15.229999542236328,14.960000038146973,15.109999656677246,321200,0.0,0.0
2023-05-26 00:00:00-04:00,15.25,15.420000076293945,15.130000114440918,15.359999656677246,451500,0.0,0.0
2023-05-30 00:00:00-04:00,15.420000076293945,15.489999771118164,15.270000457763672,15.329999923706055,559200,0.0,0.0
2023-05-31 00:00:00-04:00,15.210000038146973,15.210000038146973,14.739999771118164,14.899999618530273,559600,0.0,0.0
2023-06-01 00:00:00-04:00,15.09000015258789,15.479999542236328,14.90999984741211,15.329999923706055,502000,0.0,0.0
2023-06-02 00:00:00-04:00,15.6899995803833,16.0,15.609999656677246,15.9399995803833,703900,0.0,0.0
2023-06-05 00:00:00-04:00,15.9399995803833,16.200000762939453,15.59000015258789,16.1299991607666,855500,0.0,0.0
2023-06-06 00:00:00-04:00,15.960000038146973,16.670000076293945,15.9399995803833,16.389999389648438,1155000,0.0,0.0
2023-06-07 00:00:00-04:00,16.540000915527344,16.950000762939453,16.43000030517578,16.440000534057617,847900,0.0,0.0
2023-06-08 00:00:00-04:00,16.399999618530273,16.510000228881836,16.110000610351562,16.3799991607666,423200,0.0,0.0
2023-06-09 00:00:00-04:00,16.3799991607666,16.520000457763672,15.920000076293945,15.9399995803833,570800,0.0,0.0
2023-06-12 00:00:00-04:00,15.890000343322754,16.280000686645508,15.84000015258789,16.229999542236328,490300,0.0,0.0
2023-06-13 00:00:00-04:00,16.309999465942383,16.770000457763672,16.309999465942383,16.459999084472656,753100,0.0,0.0
2023-06-14 00:00:00-04:00,16.579999923706055,16.6299991607666,16.34000015258789,16.6200008392334,813900,0.0,0.0
2023-06-15 00:00:00-04:00,16.649999618530273,16.799999237060547,16.520000457763672,16.790000915527344,869500,0.0,0.0
2023-06-16 00:00:00-04:00,16.940000534057617,16.959999084472656,16.559999465942383,16.670000076293945,904900,0.0,0.0
2023-06-20 00:00:00-04:00,16.440000534057617,16.549999237060547,16.290000915527344,16.440000534057617,469200,0.0,0.0
2023-06-21 00:00:00-04:00,16.25,16.600000381469727,16.25,16.559999465942383,333500,0.0,0.0
2023-06-22 00:00:00-04:00,16.559999465942383,16.610000610351562,16.270000457763672,16.350000381469727,472200,0.0,0.0
2023-06-23 00:00:00-04:00,15.899999618530273,16.270000457763672,15.899999618530273,16.09000015258789,2026600,0.0,0.0
2023-06-26 00:00:00-04:00,16.09000015258789,16.559999465942383,16.09000015258789,16.299999237060547,505100,0.0,0.0
2023-06-27 00:00:00-04:00,16.31999969482422,16.809999465942383,16.229999542236328,16.719999313354492,660600,0.0,0.0
2023-06-28 00:00:00-04:00,16.649999618530273,16.739999771118164,16.5,16.6200008392334,527100,0.0,0.0
2023-06-29 00:00:00-04:00,16.600000381469727,16.979999542236328,16.56999969482422,16.969999313354492,606100,0.0,0.0
2023-06-30 00:00:00-04:00,17.1200008392334,17.270000457763672,16.93000030517578,17.200000762939453,754300,0.0,0.0
2023-07-03 00:00:00-04:00,17.059999465942383,17.360000610351562,16.979999542236328,17.170000076293945,513100,0.0,0.0
2023-07-05 00:00:00-04:00,17.049999237060547,17.139999389648438,16.809999465942383,16.84000015258789,570500,0.0,0.0
2023-07-06 00:00:00-04:00,16.670000076293945,16.700000762939453,16.010000228881836,16.479999542236328,715700,0.0,0.0
2023-07-07 00:00:00-04:00,16.56999969482422,17.139999389648438,16.40999984741211,16.989999771118164,605500,0.0,0.0
2023-07-10 00:00:00-04:00,16.850000381469727,17.229999542236328,16.850000381469727,17.059999465942383,442400,0.0,0.0
2023-07-11 00:00:00-04:00,17.049999237060547,17.239999771118164,16.93000030517578,17.219999313354492,430900,0.0,0.0
2023-07-12 00:00:00-04:00,17.579999923706055,18.049999237060547,17.40999984741211,17.829999923706055,739700,0.0,0.0
2023-07-13 00:00:00-04:00,17.920000076293945,18.43000030517578,17.850000381469727,18.43000030517578,745900,0.0,0.0
2023-07-14 00:00:00-04:00,18.31999969482422,18.389999389648438,17.719999313354492,17.780000686645508,530400,0.0,0.0
2023-07-17 00:00:00-04:00,17.56999969482422,17.969999313354492,17.540000915527344,17.950000762939453,342600,0.0,0.0
2023-07-18 00:00:00-04:00,18.0,18.15999984741211,17.920000076293945,17.950000762939453,411400,0.0,0.0
2023-07-19 00:00:00-04:00,17.959999084472656,18.020000457763672,17.56999969482422,17.700000762939453,615600,0.0,0.0
2023-07-20 00:00:00-04:00,17.809999465942383,17.84000015258789,17.540000915527344,17.670000076293945,376400,0.0,0.0
2023-07-21 00:00:00-04:00,17.700000762939453,17.81999969482422,17.510000228881836,17.6299991607666,378800,0.0,0.0
2023-07-24 00:00:00-04:00,17.6299991607666,17.790000915527344,17.43000030517578,17.59000015258789,372600,0.0,0.0
2023-07-25 00:00:00-04:00,17.649999618530273,18.010000228881836,17.600000381469727,17.829999923706055,1317000,0.0,0.0
2023-07-26 00:00:00-04:00,19.0,19.280000686645508,18.559999465942383,18.75,1517100,0.0,0.0
2023-07-27 00:00:00-04:00,19.219999313354492,19.219999313354492,18.670000076293945,18.920000076293945,1082700,0.0,0.0
2023-07-28 00:00:00-04:00,18.229999542236328,19.459999084472656,18.18000030517578,18.989999771118164,897300,0.0,0.0
2023-07-31 00:00:00-04:00,18.969999313354492,19.139999389648438,18.829999923706055,19.09000015258789,639000,0.0,0.0
2023-08-01 00:00:00-04:00,19.0,19.06999969482422,18.809999465942383,18.81999969482422,590900,0.0,0.0
2023-08-02 00:00:00-04:00,18.520000457763672,18.75,18.280000686645508,18.350000381469727,632400,0.0,0.0
2023-08-03 00:00:00-04:00,18.219999313354492,18.719999313354492,18.18000030517578,18.329999923706055,470800,0.0,0.0
2023-08-04 00:00:00-04:00,18.309999465942383,18.540000915527344,18.18000030517578,18.209999084472656,492100,0.0,0.0
2023-08-07 00:00:00-04:00,18.309999465942383,18.450000762939453,18.139999389648438,18.25,453200,0.0,0.0
2023-08-08 00:00:00-04:00,17.950000762939453,18.1299991607666,17.6200008392334,18.1200008392334,492700,0.0,0.0
2023-08-09 00:00:00-04:00,18.1200008392334,18.229999542236328,17.729999542236328,17.959999084472656,536600,0.0,0.0
2023-08-10 00:00:00-04:00,18.06999969482422,18.350000381469727,17.81999969482422,17.940000534057617,361200,0.0,0.0
2023-08-11 00:00:00-04:00,17.8700008392334,17.8700008392334,17.469999313354492,17.59000015258789,593000,0.0,0.0
2023-08-14 00:00:00-04:00,17.43000030517578,17.600000381469727,17.290000915527344,17.540000915527344,621300,0.0,0.0
2023-08-15 00:00:00-04:00,17.3799991607666,17.3799991607666,17.06999969482422,17.110000610351562,364600,0.0,0.0
2023-08-16 00:00:00-04:00,17.1299991607666,17.31999969482422,16.950000762939453,16.969999313354492,336600,0.0,0.0
2023-08-17 00:00:00-04:00,17.110000610351562,17.43000030517578,17.0,17.200000762939453,522900,0.0,0.0
2023-08-18 00:00:00-04:00,16.989999771118164,17.3799991607666,16.889999389648438,17.170000076293945,531800,0.0,0.0
2023-08-21 00:00:00-04:00,17.18000030517578,17.280000686645508,16.899999618530273,17.06999969482422,297400,0.0,0.0
2023-08-22 00:00:00-04:00,17.25,17.280000686645508,17.030000686645508,17.239999771118164,433800,0.0,0.0
2023-08-23 00:00:00-04:00,17.350000381469727,17.600000381469727,17.170000076293945,17.290000915527344,665200,0.0,0.0
2023-08-24 00:00:00-04:00,17.149999618530273,17.350000381469727,16.93000030517578,17.100000381469727,333000,0.0,0.0
2023-08-25 00:00:00-04:00,17.219999313354492,17.329999923706055,16.700000762939453,16.93000030517578,295200,0.0,0.0
2023-08-28 00:00:00-04:00,16.809999465942383,17.190000534057617,16.729999542236328,17.09000015258789,525900,0.0,0.0
2023-08-29 00:00:00-04:00,17.030000686645508,17.6299991607666,16.940000534057617,17.610000610351562,476600,0.0,0.0
2023-08-30 00:00:00-04:00,17.549999237060547,17.950000762939453,17.520000457763672,17.709999084472656,432400,0.0,0.0
2023-08-31 00:00:00-04:00,17.719999313354492,18.06999969482422,17.649999618530273,18.0,720900,0.0,0.0
2023-09-01 00:00:00-04:00,18.229999542236328,18.360000610351562,17.979999542236328,18.100000381469727,445600,0.0,0.0
2023-09-05 00:00:00-04:00,17.360000610351562,17.68000030517578,17.200000762939453,17.6200008392334,772900,0.0,0.0
2023-09-06 00:00:00-04:00,17.690000534057617,17.93000030517578,17.40999984741211,17.549999237060547,605900,0.0,0.0
2023-09-07 00:00:00-04:00,17.469999313354492,17.549999237060547,17.200000762939453,17.479999542236328,476900,0.0,0.0
2023-09-08 00:00:00-04:00,17.530000686645508,17.850000381469727,17.399999618530273,17.5,545100,0.0,0.0
2023-09-11 00:00:00-04:00,17.700000762939453,17.8799991607666,17.360000610351562,17.3700008392334,589200,0.0,0.0
2023-09-12 00:00:00-04:00,17.329999923706055,17.43000030517578,17.15999984741211,17.229999542236328,431000,0.0,0.0
2023-09-13 00:00:00-04:00,17.219999313354492,17.270000457763672,16.90999984741211,17.059999465942383,474000,0.0,0.0
2023-09-14 00:00:00-04:00,17.309999465942383,17.829999923706055,17.309999465942383,17.770000457763672,579200,0.0,0.0
2023-09-15 00:00:00-04:00,17.6200008392334,17.729999542236328,17.479999542236328,17.530000686645508,767000,0.0,0.0
2023-09-18 00:00:00-04:00,17.479999542236328,17.510000228881836,17.219999313354492,17.309999465942383,390900,0.0,0.0
2023-09-19 00:00:00-04:00,17.309999465942383,17.5,17.239999771118164,17.489999771118164,485500,0.0,0.0
2023-09-20 00:00:00-04:00,17.579999923706055,17.940000534057617,17.56999969482422,17.700000762939453,605600,0.0,0.0
2023-09-21 00:00:00-04:00,17.510000228881836,17.65999984741211,17.299999237060547,17.299999237060547,489700,0.0,0.0
2023-09-22 00:00:00-04:00,17.399999618530273,17.6299991607666,17.360000610351562,17.440000534057617,1358400,0.0,0.0
2023-09-25 00:00:00-04:00,17.139999389648438,17.200000762939453,16.6200008392334,16.950000762939453,846300,0.0,0.0
2023-09-26 00:00:00-04:00,16.809999465942383,16.959999084472656,16.59000015258789,16.610000610351562,732400,0.0,0.0
2023-09-27 00:00:00-04:00,16.75,17.559999465942383,16.600000381469727,17.280000686645508,1787200,0.0,0.0
2023-09-28 00:00:00-04:00,17.459999084472656,18.209999084472656,17.3799991607666,18.059999465942383,1674700,0.0,0.0
2023-09-29 00:00:00-04:00,18.3799991607666,18.700000762939453,18.020000457763672,18.200000762939453,1560600,0.0,0.0
2023-10-02 00:00:00-04:00,18.139999389648438,18.280000686645508,17.770000457763672,17.860000610351562,779700,0.0,0.0
2023-10-03 00:00:00-04:00,17.639999389648438,17.809999465942383,16.8700008392334,17.139999389648438,786900,0.0,0.0
2023-10-04 00:00:00-04:00,17.25,17.31999969482422,17.040000915527344,17.219999313354492,963700,0.0,0.0
2023-10-05 00:00:00-04:00,17.219999313354492,17.270000457763672,16.420000076293945,16.709999084472656,987400,0.0,0.0
2023-10-06 00:00:00-04:00,16.700000762939453,17.34000015258789,16.579999923706055,17.110000610351562,581300,0.0,0.0
2023-10-09 00:00:00-04:00,16.969999313354492,17.239999771118164,16.84000015258789,16.979999542236328,518900,0.0,0.0
2023-10-10 00:00:00-04:00,17.18000030517578,17.56999969482422,17.18000030517578,17.229999542236328,433500,0.0,0.0
2023-10-11 00:00:00-04:00,17.299999237060547,17.450000762939453,17.079999923706055,17.350000381469727,319200,0.0,0.0
2023-10-12 00:00:00-04:00,17.459999084472656,17.459999084472656,16.450000762939453,16.65999984741211,491900,0.0,0.0
2023-10-13 00:00:00-04:00,16.75,16.760000228881836,16.43000030517578,16.639999389648438,748400,0.0,0.0
2023-10-16 00:00:00-04:00,16.8700008392334,16.989999771118164,16.690000534057617,16.760000228881836,601800,0.0,0.0
2023-10-17 00:00:00-04:00,16.530000686645508,17.0,16.5,16.979999542236328,511100,0.0,0.0
2023-10-18 00:00:00-04:00,16.68000030517578,16.75,16.299999237060547,16.299999237060547,642800,0.0,0.0
2023-10-19 00:00:00-04:00,16.190000534057617,16.639999389648438,15.979999542236328,16.309999465942383,814200,0.0,0.0
2023-10-20 00:00:00-04:00,16.280000686645508,16.280000686645508,15.869999885559082,15.930000305175781,721600,0.0,0.0
2023-10-23 00:00:00-04:00,15.770000457763672,16.290000915527344,15.739999771118164,16.110000610351562,699400,0.0,0.0
2023-10-24 00:00:00-04:00,16.190000534057617,16.399999618530273,16.079999923706055,16.280000686645508,902000,0.0,0.0
2023-10-25 00:00:00-04:00,15.039999961853027,15.260000228881836,14.119999885559082,15.010000228881836,3235900,0.0,0.0
2023-10-26 00:00:00-04:00,15.40999984741211,15.970000267028809,15.210000038146973,15.609999656677246,1669600,0.0,0.0
2023-10-27 00:00:00-04:00,15.789999961853027,15.789999961853027,15.170000076293945,15.319999694824219,1037100,0.0,0.0
2023-10-30 00:00:00-04:00,15.510000228881836,16.020000457763672,15.460000038146973,15.930000305175781,1366400,0.0,0.0
2023-10-31 00:00:00-04:00,15.869999885559082,16.15999984741211,15.770000457763672,15.800000190734863,1412900,0.0,0.0
2023-11-01 00:00:00-04:00,15.779999732971191,15.819999694824219,15.300000190734863,15.75,1408700,0.0,0.0
2023-11-02 00:00:00-04:00,16.1299991607666,16.700000762939453,15.9399995803833,16.690000534057617,1463000,0.0,0.0
2023-11-03 00:00:00-04:00,17.149999618530273,17.31999969482422,17.0,17.049999237060547,989500,0.0,0.0
2023-11-06 00:00:00-05:00,17.010000228881836,17.040000915527344,16.770000457763672,16.959999084472656,508600,0.0,0.0
2023-11-07 00:00:00-05:00,16.850000381469727,16.90999984741211,16.56999969482422,16.729999542236328,1179600,0.0,0.0
2023-11-08 00:00:00-05:00,16.770000457763672,16.899999618530273,16.610000610351562,16.889999389648438,490500,0.0,0.0
2023-11-09 00:00:00-05:00,17.0,17.239999771118164,16.8799991607666,17.1200008392334,880100,0.0,0.0
2023-11-10 00:00:00-05:00,17.25,17.6299991607666,17.040000915527344,17.56999969482422,811100,0.0,0.0
2023-11-13 00:00:00-05:00,17.520000457763672,17.579999923706055,17.1299991607666,17.139999389648438,596100,0.0,0.0
2023-11-14 00:00:00-05:00,17.5,18.1299991607666,17.5,18.1200008392334,790000,0.0,0.0
2023-11-15 00:00:00-05:00,17.940000534057617,18.3700008392334,17.90999984741211,17.959999084472656,769800,0.0,0.0
2023-11-16 00:00:00-05:00,17.8700008392334,17.979999542236328,17.579999923706055,17.649999618530273,754400,0.0,0.0
2023-11-17 00:00:00-05:00,17.8799991607666,18.010000228881836,17.709999084472656,17.799999237060547,531600,0.0,0.0
2023-11-20 00:00:00-05:00,17.889999389648438,17.959999084472656,17.75,17.799999237060547,382200,0.0,0.0
2023-11-21 00:00:00-05:00,17.690000534057617,17.729999542236328,17.260000228881836,17.260000228881836,905600,0.0,0.0
2023-11-22 00:00:00-05:00,17.299999237060547,17.56999969482422,17.1200008392334,17.450000762939453,523100,0.0,0.0
2023-11-24 00:00:00-05:00,17.3799991607666,17.56999969482422,17.34000015258789,17.5,210700,0.0,0.0
2023-11-27 00:00:00-05:00,17.3700008392334,17.549999237060547,17.219999313354492,17.489999771118164,331400,0.0,0.0
2023-11-28 00:00:00-05:00,17.489999771118164,17.670000076293945,17.290000915527344,17.3700008392334,549400,0.0,0.0
2023-11-29 00:00:00-05:00,17.559999465942383,17.6200008392334,16.959999084472656,17.260000228881836,419100,0.0,0.0
2023-11-30 00:00:00-05:00,17.3799991607666,17.639999389648438,17.25,17.399999618530273,765100,0.0,0.0
2023-12-01 00:00:00-05:00,17.350000381469727,17.989999771118164,17.280000686645508,17.860000610351562,1387000,0.0,0.0
2023-12-04 00:00:00-05:00,17.850000381469727,18.329999923706055,17.799999237060547,18.329999923706055,940100,0.0,0.0
2023-12-05 00:00:00-05:00,18.229999542236328,18.270000457763672,17.489999771118164,17.600000381469727,583500,0.0,0.0
2023-12-06 00:00:00-05:00,17.829999923706055,17.899999618530273,17.290000915527344,17.399999618530273,470600,0.0,0.0
2023-12-07 00:00:00-05:00,17.440000534057617,17.540000915527344,17.149999618530273,17.530000686645508,480100,0.0,0.0
2023-12-08 00:00:00-05:00,17.440000534057617,17.799999237060547,17.3799991607666,17.600000381469727,425800,0.0,0.0
2023-12-11 00:00:00-05:00,17.510000228881836,18.06999969482422,17.34000015258789,17.780000686645508,447300,0.0,0.0
2023-12-12 00:00:00-05:00,17.780000686645508,17.780000686645508,17.469999313354492,17.510000228881836,477300,0.0,0.0
2023-12-13 00:00:00-05:00,17.479999542236328,18.290000915527344,17.420000076293945,18.270000457763672,636700,0.0,0.0
2023-12-14 00:00:00-05:00,18.489999771118164,18.979999542236328,18.450000762939453,18.8799991607666,871600,0.0,0.0
2023-12-15 00:00:00-05:00,18.979999542236328,19.389999389648438,18.84000015258789,18.950000762939453,1192400,0.0,0.0
2023-12-18 00:00:00-05:00,19.040000915527344,19.5,18.950000762939453,19.25,547900,0.0,0.0
2023-12-19 00:00:00-05:00,19.459999084472656,19.780000686645508,19.3799991607666,19.739999771118164,573600,0.0,0.0
2023-12-20 00:00:00-05:00,19.790000915527344,20.010000228881836,19.3799991607666,19.399999618530273,508700,0.0,0.0
2023-12-21 00:00:00-05:00,19.68000030517578,19.790000915527344,19.520000457763672,19.780000686645508,323700,0.0,0.0
2023-12-22 00:00:00-05:00,19.799999237060547,20.06999969482422,19.6200008392334,20.0,366600,0.0,0.0
2023-12-26 00:00:00-05:00,20.0,20.290000915527344,19.940000534057617,20.200000762939453,361900,0.0,0.0
2023-12-27 00:00:00-05:00,20.270000457763672,20.68000030517578,20.270000457763672,20.489999771118164,416300,0.0,0.0
2023-12-28 00:00:00-05:00,20.280000686645508,20.549999237060547,20.280000686645508,20.389999389648438,301900,0.0,0.0
2023-12-29 00:00:00-05:00,20.229999542236328,20.3799991607666,19.950000762939453,19.959999084472656,497000,0.0,0.0
2024-01-02 00:00:00-05:00,19.520000457763672,19.920000076293945,19.40999984741211,19.59000015258789,539700,0.0,0.0
2024-01-03 00:00:00-05:00,19.420000076293945,19.420000076293945,18.739999771118164,18.799999237060547,592200,0.0,0.0
2024-01-04 00:00:00-05:00,18.93000030517578,18.979999542236328,18.719999313354492,18.770000457763672,521600,0.0,0.0
2024-01-05 00:00:00-05:00,18.549999237060547,19.010000228881836,18.520000457763672,18.559999465942383,514200,0.0,0.0
2024-01-08 00:00:00-05:00,18.469999313354492,18.780000686645508,18.329999923706055,18.6299991607666,738400,0.0,0.0
2024-01-09 00:00:00-05:00,18.309999465942383,18.799999237060547,18.280000686645508,18.549999237060547,1034800,0.0,0.0
2024-01-10 00:00:00-05:00,18.469999313354492,18.56999969482422,18.239999771118164,18.31999969482422,723500,0.0,0.0
2024-01-11 00:00:00-05:00,18.329999923706055,18.329999923706055,17.889999389648438,18.1299991607666,765700,0.0,0.0
2024-01-12 00:00:00-05:00,18.459999084472656,18.520000457763672,18.15999984741211,18.239999771118164,460000,0.0,0.0
2024-01-16 00:00:00-05:00,18.290000915527344,18.329999923706055,18.040000915527344,18.1200008392334,546600,0.0,0.0
2024-01-17 00:00:00-05:00,17.68000030517578,18.149999618530273,17.56999969482422,18.049999237060547,992400,0.0,0.0
2024-01-18 00:00:00-05:00,18.260000228881836,18.260000228881836,17.81999969482422,18.0,746300,0.0,0.0
2024-01-19 00:00:00-05:00,18.079999923706055,18.639999389648438,17.809999465942383,18.610000610351562,904900,0.0,0.0
2024-01-22 00:00:00-05:00,18.670000076293945,19.1299991607666,18.579999923706055,18.850000381469727,876800,0.0,0.0
2024-01-23 00:00:00-05:00,19.43000030517578,19.520000457763672,18.90999984741211,19.0,694700,0.0,0.0
2024-01-24 00:00:00-05:00,19.329999923706055,19.3799991607666,18.760000228881836,18.809999465942383,688300,0.0,0.0
2024-01-25 00:00:00-05:00,19.15999984741211,19.229999542236328,18.68000030517578,19.09000015258789,484800,0.0,0.0
2024-01-26 00:00:00-05:00,19.260000228881836,19.3799991607666,19.100000381469727,19.239999771118164,264100,0.0,0.0
2024-01-29 00:00:00-05:00,19.1200008392334,19.520000457763672,18.989999771118164,19.510000228881836,516900,0.0,0.0
2024-01-30 00:00:00-05:00,19.290000915527344,19.399999618530273,19.110000610351562,19.260000228881836,322400,0.0,0.0
2024-01-31 00:00:00-05:00,19.18000030517578,19.43000030517578,18.75,18.75,421800,0.0,0.0
2024-02-01 00:00:00-05:00,18.940000534057617,19.260000228881836,18.809999465942383,19.260000228881836,419600,0.0,0.0
2024-02-02 00:00:00-05:00,18.850000381469727,19.329999923706055,18.739999771118164,19.239999771118164,454100,0.0,0.0
2024-02-05 00:00:00-05:00,18.860000610351562,18.90999984741211,18.559999465942383,18.829999923706055,444900,0.0,0.0
2024-02-06 00:00:00-05:00,18.799999237060547,19.010000228881836,18.670000076293945,18.989999771118164,484200,0.0,0.0
2024-02-07 00:00:00-05:00,19.049999237060547,19.049999237060547,18.760000228881836,18.8700008392334,465500,0.0,0.0
2024-02-08 00:00:00-05:00,18.790000915527344,19.3799991607666,18.649999618530273,19.15999984741211,797100,0.0,0.0
2024-02-09 00:00:00-05:00,19.139999389648438,19.200000762939453,18.780000686645508,18.790000915527344,610900,0.0,0.0
2024-02-12 00:00:00-05:00,18.860000610351562,19.360000610351562,18.829999923706055,19.25,894600,0.0,0.0
2024-02-13 00:00:00-05:00,18.450000762939453,18.780000686645508,18.110000610351562,18.350000381469727,772400,0.0,0.0
2024-02-14 00:00:00-05:00,18.68000030517578,18.8700008392334,18.450000762939453,18.65999984741211,644700,0.0,0.0
2024-02-15 00:00:00-05:00,18.889999389648438,19.270000457763672,18.889999389648438,19.219999313354492,642500,0.0,0.0
2024-02-16 00:00:00-05:00,19.09000015258789,19.350000381469727,18.940000534057617,19.1299991607666,678600,0.0,0.0
2024-02-20 00:00:00-05:00,18.75,18.770000457763672,18.440000534057617,18.56999969482422,889600,0.0,0.0
2024-02-21 00:00:00-05:00,20.34000015258789,20.790000915527344,19.200000762939453,19.489999771118164,1996500,0.0,0.0
2024-02-22 00:00:00-05:00,19.3700008392334,19.770000457763672,19.25,19.610000610351562,1200900,0.0,0.0
2024-02-23 00:00:00-05:00,19.600000381469727,19.8700008392334,19.18000030517578,19.59000015258789,1171300,0.0,0.0
2024-02-26 00:00:00-05:00,18.790000915527344,19.75,18.790000915527344,19.3799991607666,866700,0.0,0.0
2024-02-27 00:00:00-05:00,19.459999084472656,19.549999237060547,19.020000457763672,19.040000915527344,578200,0.0,0.0
2024-02-28 00:00:00-05:00,18.850000381469727,19.260000228881836,18.729999542236328,18.780000686645508,765300,0.0,0.0
2024-02-29 00:00:00-05:00,19.149999618530273,19.600000381469727,18.90999984741211,19.389999389648438,1176600,0.0,0.0
2024-03-01 00:00:00-05:00,19.489999771118164,19.579999923706055,19.239999771118164,19.43000030517578,611900,0.0,0.0
2024-03-04 00:00:00-05:00,19.31999969482422,19.540000915527344,19.31999969482422,19.399999618530273,367400,0.0,0.0
2024-03-05 00:00:00-05:00,19.239999771118164,19.5,19.1200008392334,19.1299991607666,497000,0.0,0.0
2024-03-06 00:00:00-05:00,19.479999542236328,19.549999237060547,19.25,19.40999984741211,641700,0.0,0.0
2024-03-07 00:00:00-05:00,19.530000686645508,20.040000915527344,19.530000686645508,20.030000686645508,887600,0.0,0.0
2024-03-08 00:00:00-05:00,19.6299991607666,20.549999237060547,19.6299991607666,20.079999923706055,888400,0.0,0.0
2024-03-11 00:00:00-04:00,19.950000762939453,20.18000030517578,19.809999465942383,20.18000030517578,689600,0.0,0.0
2024-03-12 00:00:00-04:00,20.200000762939453,20.229999542236328,19.809999465942383,20.149999618530273,358900,0.0,0.0
2024-03-13 00:00:00-04:00,20.1200008392334,20.420000076293945,20.1200008392334,20.25,454700,0.0,0.0
2024-03-14 00:00:00-04:00,20.1299991607666,20.170000076293945,19.59000015258789,19.81999969482422,527000,0.0,0.0
2024-03-15 00:00:00-04:00,19.760000228881836,20.030000686645508,19.670000076293945,19.809999465942383,729600,0.0,0.0
2024-03-18 00:00:00-04:00,19.920000076293945,20.18000030517578,19.809999465942383,19.889999389648438,534200,0.0,0.0
2024-03-19 00:00:00-04:00,19.850000381469727,20.31999969482422,19.75,20.1200008392334,1130400,0.0,0.0
2024-03-20 00:00:00-04:00,20.15999984741211,21.100000381469727,20.100000381469727,21.0,587200,0.0,0.0
2024-03-21 00:00:00-04:00,21.09000015258789,21.149999618530273,20.81999969482422,20.979999542236328,694300,0.0,0.0
2024-03-22 00:00:00-04:00,20.829999923706055,21.079999923706055,20.790000915527344,20.90999984741211,336900,0.0,0.0
2024-03-25 00:00:00-04:00,21.0,21.3700008392334,21.0,21.309999465942383,445600,0.0,0.0
2024-03-26 00:00:00-04:00,21.450000762939453,21.450000762939453,20.899999618530273,20.90999984741211,907900,0.0,0.0
2024-03-27 00:00:00-04:00,21.1200008392334,21.829999923706055,21.09000015258789,21.729999542236328,752100,0.0,0.0
2024-03-28 00:00:00-04:00,21.760000228881836,22.170000076293945,21.729999542236328,22.110000610351562,587300,0.0,0.0
2024-04-01 00:00:00-04:00,22.260000228881836,22.450000762939453,22.1200008392334,22.280000686645508,627100,0.0,0.0
2024-04-02 00:00:00-04:00,22.170000076293945,22.540000915527344,22.06999969482422,22.479999542236328,858800,0.0,0.0
2024-04-03 00:00:00-04:00,22.440000534057617,23.1299991607666,22.440000534057617,22.8799991607666,867200,0.0,0.0
2024-04-04 00:00:00-04:00,23.079999923706055,23.200000762939453,22.389999389648438,22.40999984741211,578300,0.0,0.0
2024-04-05 00:00:00-04:00,22.389999389648438,22.6299991607666,22.170000076293945,22.43000030517578,754000,0.0,0.0
2024-04-08 00:00:00-04:00,22.729999542236328,22.8700008392334,22.440000534057617,22.489999771118164,571800,0.0,0.0
2024-04-09 00:00:00-04:00,22.739999771118164,22.90999984741211,22.350000381469727,22.40999984741211,697400,0.0,0.0
2024-04-10 00:00:00-04:00,22.06999969482422,22.309999465942383,21.440000534057617,21.799999237060547,959200,0.0,0.0
2024-04-11 00:00:00-04:00,21.940000534057617,22.020000457763672,21.6200008392334,21.670000076293945,554100,0.0,0.0
2024-04-12 00:00:00-04:00,21.549999237060547,21.690000534057617,21.0,21.149999618530273,900300,0.0,0.0
2024-04-15 00:00:00-04:00,21.5,21.690000534057617,20.889999389648438,21.010000228881836,740600,0.0,0.0
2024-04-16 00:00:00-04:00,20.719999313354492,21.260000228881836,20.520000457763672,20.979999542236328,940000,0.0,0.0
2024-04-17 00:00:00-04:00,21.309999465942383,21.34000015258789,20.700000762939453,20.729999542236328,646400,0.0,0.0
2024-04-18 00:00:00-04:00,20.84000015258789,21.34000015258789,20.59000015258789,20.610000610351562,1267900,0.0,0.0
2024-04-19 00:00:00-04:00,20.549999237060547,21.100000381469727,20.549999237060547,20.719999313354492,847500,0.0,0.0
2024-04-22 00:00:00-04:00,20.959999084472656,21.3799991607666,20.75,21.1299991607666,1909600,0.0,0.0
2024-04-23 00:00:00-04:00,20.8799991607666,21.329999923706055,20.81999969482422,21.329999923706055,1251800,0.0,0.0
2024-04-24 00:00:00-04:00,21.200000762939453,21.209999084472656,19.860000610351562,19.989999771118164,2506400,0.0,0.0
2024-04-25 00:00:00-04:00,19.860000610351562,20.610000610351562,19.450000762939453,20.3700008392334,1679800,0.0,0.0
2024-04-26 00:00:00-04:00,20.270000457763672,20.770000457763672,20.25,20.700000762939453,910400,0.0,0.0
2024-04-29 00:00:00-04:00,20.829999923706055,21.049999237060547,20.549999237060547,20.700000762939453,680600,0.0,0.0
2024-04-30 00:00:00-04:00,20.350000381469727,20.450000762939453,19.649999618530273,19.690000534057617,883200,0.0,0.0
2024-05-01 00:00:00-04:00,19.860000610351562,20.329999923706055,19.690000534057617,19.739999771118164,1048000,0.0,0.0
2024-05-02 00:00:00-04:00,19.84000015258789,20.079999923706055,19.729999542236328,19.979999542236328,850100,0.0,0.0
2024-05-03 00:00:00-04:00,20.299999237060547,20.450000762939453,20.049999237060547,20.209999084472656,606400,0.0,0.0
2024-05-06 00:00:00-04:00,20.469999313354492,20.81999969482422,20.440000534057617,20.459999084472656,593000,0.0,0.0
2024-05-07 00:00:00-04:00,20.440000534057617,20.670000076293945,20.25,20.270000457763672,487400,0.0,0.0
2024-05-08 00:00:00-04:00,19.969999313354492,20.139999389648438,19.950000762939453,20.0,669300,0.0,0.0
2024-05-09 00:00:00-04:00,20.059999465942383,20.479999542236328,20.059999465942383,20.15999984741211,459900,0.0,0.0
2024-05-10 00:00:00-04:00,20.350000381469727,20.43000030517578,20.010000228881836,20.239999771118164,499500,0.0,0.0
2024-05-13 00:00:00-04:00,20.40999984741211,20.530000686645508,20.100000381469727,20.200000762939453,505700,0.0,0.0
2024-05-14 00:00:00-04:00,20.549999237060547,20.59000015258789,19.940000534057617,20.020000457763672,591000,0.0,0.0
2024-05-15 00:00:00-04:00,20.329999923706055,20.399999618530273,19.770000457763672,20.190000534057617,1402700,0.0,0.0
2024-05-16 00:00:00-04:00,20.209999084472656,20.8799991607666,20.209999084472656,20.84000015258789,927200,0.0,0.0
2024-05-17 00:00:00-04:00,20.760000228881836,21.06999969482422,20.59000015258789,20.700000762939453,642000,0.0,0.0
2024-05-20 00:00:00-04:00,20.649999618530273,21.59000015258789,20.649999618530273,21.489999771118164,722900,0.0,0.0
2024-05-21 00:00:00-04:00,21.309999465942383,21.809999465942383,21.309999465942383,21.700000762939453,621600,0.0,0.0
2024-05-22 00:00:00-04:00,21.549999237060547,21.690000534057617,21.170000076293945,21.3700008392334,890400,0.0,0.0
2024-05-23 00:00:00-04:00,21.43000030517578,21.649999618530273,20.989999771118164,21.219999313354492,1256000,0.0,0.0
2024-05-24 00:00:00-04:00,21.3799991607666,21.729999542236328,21.3700008392334,21.649999618530273,599700,0.0,0.0
2024-05-28 00:00:00-04:00,21.56999969482422,21.959999084472656,21.399999618530273,21.809999465942383,976800,0.0,0.0
2024-05-29 00:00:00-04:00,21.600000381469727,21.68000030517578,20.84000015258789,21.5,1907900,0.0,0.0
2024-05-30 00:00:00-04:00,21.6299991607666,21.68000030517578,21.350000381469727,21.540000915527344,813900,0.0,0.0
2024-05-31 00:00:00-04:00,21.520000457763672,21.709999084472656,21.1200008392334,21.670000076293945,662900,0.0,0.0
2024-06-03 00:00:00-04:00,21.75,22.0,21.6200008392334,21.979999542236328,1233400,0.0,0.0
2024-06-04 00:00:00-04:00,21.649999618530273,21.709999084472656,20.959999084472656,21.280000686645508,1605400,0.0,0.0
2024-06-05 00:00:00-04:00,20.1200008392334,20.579999923706055,20.010000228881836,20.450000762939453,2561400,0.0,0.0
2024-06-06 00:00:00-04:00,20.329999923706055,20.59000015258789,19.850000381469727,19.8700008392334,1153300,0.0,0.0
2024-06-07 00:00:00-04:00,19.670000076293945,19.770000457763672,19.399999618530273,19.739999771118164,1522000,0.0,0.0
2024-06-10 00:00:00-04:00,19.5,20.229999542236328,19.5,20.200000762939453,771100,0.0,0.0
2024-06-11 00:00:00-04:00,19.739999771118164,20.5,19.68000030517578,20.420000076293945,960100,0.0,0.0
2024-06-12 00:00:00-04:00,21.0,21.229999542236328,20.559999465942383,20.559999465942383,1309900,0.0,0.0
2024-06-13 00:00:00-04:00,20.40999984741211,20.649999618530273,19.93000030517578,20.25,1198300,0.0,0.0
2024-06-14 00:00:00-04:00,19.8700008392334,20.030000686645508,19.690000534057617,19.81999969482422,1083400,0.0,0.0
2024-06-17 00:00:00-04:00,19.59000015258789,20.09000015258789,19.520000457763672,20.049999237060547,768700,0.0,0.0
2024-06-18 00:00:00-04:00,20.110000610351562,20.290000915527344,19.93000030517578,19.940000534057617,778500,0.0,0.0
2024-06-20 00:00:00-04:00,19.920000076293945,20.15999984741211,19.860000610351562,20.059999465942383,886300,0.0,0.0
2024-06-21 00:00:00-04:00,20.0,20.350000381469727,20.0,20.09000015258789,1139100,0.0,0.0
2024-06-24 00:00:00-04:00,20.200000762939453,20.670000076293945,20.1200008392334,20.3700008392334,823700,0.0,0.0
2024-06-25 00:00:00-04:00,20.229999542236328,20.299999237060547,19.969999313354492,20.079999923706055,769600,0.0,0.0
2024-06-26 00:00:00-04:00,19.93000030517578,20.049999237060547,19.700000762939453,19.889999389648438,655700,0.0,0.0
2024-06-27 00:00:00-04:00,19.969999313354492,19.969999313354492,19.239999771118164,19.360000610351562,891100,0.0,0.0
2024-06-28 00:00:00-04:00,19.56999969482422,19.770000457763672,18.81999969482422,18.850000381469727,3957500,0.0,0.0
2024-07-01 00:00:00-04:00,19.079999923706055,19.3700008392334,18.469999313354492,18.549999237060547,1224700,0.0,0.0
2024-07-02 00:00:00-04:00,18.610000610351562,19.020000457763672,18.239999771118164,18.940000534057617,1320100,0.0,0.0
2024-07-03 00:00:00-04:00,19.149999618530273,19.3799991607666,18.8799991607666,18.940000534057617,613000,0.0,0.0
2024-07-05 00:00:00-04:00,18.8700008392334,18.899999618530273,18.5,18.59000015258789,724800,0.0,0.0
2024-07-08 00:00:00-04:00,18.780000686645508,19.079999923706055,18.639999389648438,19.0,778400,0.0,0.0
2024-07-09 00:00:00-04:00,18.969999313354492,18.979999542236328,18.459999084472656,18.670000076293945,1568700,0.0,0.0
2024-07-10 00:00:00-04:00,18.790000915527344,18.90999984741211,18.510000228881836,18.670000076293945,1046000,0.0,0.0
2024-07-11 00:00:00-04:00,19.020000457763672,19.09000015258789,18.729999542236328,18.8799991607666,972900,0.0,0.0
2024-07-12 00:00:00-04:00,19.1200008392334,19.18000030517578,18.6200008392334,18.649999618530273,1321200,0.0,0.0
2024-07-15 00:00:00-04:00,18.780000686645508,19.350000381469727,18.56999969482422,19.209999084472656,1254700,0.0,0.0
2024-07-16 00:00:00-04:00,19.1200008392334,19.649999618530273,18.799999237060547,19.530000686645508,1607000,0.0,0.0
2024-07-17 00:00:00-04:00,19.420000076293945,19.530000686645508,19.030000686645508,19.1299991607666,1613000,0.0,0.0
2024-07-18 00:00:00-04:00,18.979999542236328,19.530000686645508,18.649999618530273,18.770000457763672,966800,0.0,0.0
2024-07-19 00:00:00-04:00,18.729999542236328,18.729999542236328,18.399999618530273,18.690000534057617,1143400,0.0,0.0
2024-07-22 00:00:00-04:00,18.780000686645508,18.93000030517578,18.469999313354492,18.510000228881836,2264700,0.0,0.0
2024-07-23 00:00:00-04:00,18.510000228881836,18.979999542236328,16.81999969482422,17.950000762939453,5053600,0.0,0.0
2024-07-24 00:00:00-04:00,17.799999237060547,17.950000762939453,17.399999618530273,17.450000762939453,2108200,0.0,0.0
2024-07-25 00:00:00-04:00,17.600000381469727,17.600000381469727,17.049999237060547,17.079999923706055,2209100,0.0,0.0
2024-07-26 00:00:00-04:00,17.18000030517578,17.440000534057617,16.93000030517578,16.989999771118164,1355800,0.0,0.0
2024-07-29 00:00:00-04:00,16.920000076293945,17.389999389648438,16.829999923706055,17.209999084472656,1570400,0.0,0.0
2024-07-30 00:00:00-04:00,17.18000030517578,17.329999923706055,16.860000610351562,17.219999313354492,1651400,0.0,0.0
2024-07-31 00:00:00-04:00,17.479999542236328,18.149999618530273,17.479999542236328,17.809999465942383,1061900,0.0,0.0
2024-08-01 00:00:00-04:00,17.68000030517578,17.809999465942383,16.639999389648438,16.690000534057617,1105300,0.0,0.0
2024-08-02 00:00:00-04:00,16.290000915527344,16.290000915527344,15.869999885559082,15.880000114440918,1082700,0.0,0.0
2024-08-05 00:00:00-04:00,15.199999809265137,15.729999542236328,14.699999809265137,15.65999984741211,1399200,0.0,0.0
2024-08-06 00:00:00-04:00,15.579999923706055,15.829999923706055,15.229999542236328,15.229999542236328,1749600,0.0,0.0
2024-08-07 00:00:00-04:00,15.529999732971191,15.600000381469727,15.170000076293945,15.210000038146973,1038000,0.0,0.0
2024-08-08 00:00:00-04:00,15.350000381469727,15.65999984741211,15.220000267028809,15.550000190734863,1083300,0.0,0.0
2024-08-09 00:00:00-04:00,15.539999961853027,15.90999984741211,15.529999732971191,15.729999542236328,786400,0.0,0.0
2024-08-12 00:00:00-04:00,15.770000457763672,15.880000114440918,15.239999771118164,15.270000457763672,780000,0.0,0.0
2024-08-13 00:00:00-04:00,15.460000038146973,16.020000457763672,15.300000190734863,15.960000038146973,827900,0.0,0.0
2024-08-14 00:00:00-04:00,16.0,16.0,15.510000228881836,15.890000343322754,618800,0.0,0.0
2024-08-15 00:00:00-04:00,16.290000915527344,16.329999923706055,15.920000076293945,16.040000915527344,840600,0.0,0.0
2024-08-16 00:00:00-04:00,16.0,16.139999389648438,15.90999984741211,16.040000915527344,542000,0.0,0.0
2024-08-19 00:00:00-04:00,16.149999618530273,16.25,16.079999923706055,16.100000381469727,521300,0.0,0.0
2024-08-20 00:00:00-04:00,16.18000030517578,16.299999237060547,15.970000267028809,15.979999542236328,481400,0.0,0.0
2024-08-21 00:00:00-04:00,16.139999389648438,16.34000015258789,16.040000915527344,16.260000228881836,526400,0.0,0.0
2024-08-22 00:00:00-04:00,16.200000762939453,16.299999237060547,15.90999984741211,15.930000305175781,412900,0.0,0.0
2024-08-23 00:00:00-04:00,16.010000228881836,16.639999389648438,15.960000038146973,16.559999465942383,789500,0.0,0.0
2024-08-26 00:00:00-04:00,16.799999237060547,16.920000076293945,16.68000030517578,16.75,644800,0.0,0.0
2024-08-27 00:00:00-04:00,16.68000030517578,17.040000915527344,16.649999618530273,16.899999618530273,724900,0.0,0.0
2024-08-28 00:00:00-04:00,16.729999542236328,16.799999237060547,16.43000030517578,16.549999237060547,680100,0.0,0.0
2024-08-29 00:00:00-04:00,16.690000534057617,16.84000015258789,16.530000686645508,16.670000076293945,861500,0.0,0.0
2024-08-30 00:00:00-04:00,16.709999084472656,16.90999984741211,16.6299991607666,16.770000457763672,729900,0.0,0.0
2024-09-03 00:00:00-04:00,16.440000534057617,16.469999313354492,15.970000267028809,16.049999237060547,1306500,0.0,0.0
2024-09-04 00:00:00-04:00,16.040000915527344,16.350000381469727,15.850000381469727,15.930000305175781,990300,0.0,0.0
2024-09-05 00:00:00-04:00,16.059999465942383,16.520000457763672,15.890000343322754,16.5,1343900,0.0,0.0
2024-09-06 00:00:00-04:00,16.540000915527344,16.700000762939453,16.360000610351562,16.540000915527344,1469700,0.0,0.0
2024-09-09 00:00:00-04:00,16.549999237060547,16.549999237060547,16.100000381469727,16.170000076293945,1235000,0.0,0.0
2024-09-10 00:00:00-04:00,16.06999969482422,16.209999084472656,15.899999618530273,15.90999984741211,1347700,0.0,0.0
2024-09-11 00:00:00-04:00,15.899999618530273,16.43000030517578,15.800000190734863,16.40999984741211,718100,0.0,0.0
2024-09-12 00:00:00-04:00,16.5,16.610000610351562,16.309999465942383,16.3799991607666,459300,0.0,0.0
2024-09-13 00:00:00-04:00,16.59000015258789,16.799999237060547,16.450000762939453,16.56999969482422,628800,0.0,0.0
2024-09-16 00:00:00-04:00,16.649999618530273,16.790000915527344,16.40999984741211,16.6200008392334,541300,0.0,0.0
2024-09-17 00:00:00-04:00,16.799999237060547,16.959999084472656,16.649999618530273,16.889999389648438,644600,0.0,0.0
2024-09-18 00:00:00-04:00,16.889999389648438,17.270000457763672,16.68000030517578,16.760000228881836,788700,0.0,0.0
2024-09-19 00:00:00-04:00,17.270000457763672,17.270000457763672,16.649999618530273,16.760000228881836,1206000,0.0,0.0
2024-09-20 00:00:00-04:00,16.739999771118164,16.739999771118164,16.190000534057617,16.219999313354492,1669800,0.0,0.0
2024-09-23 00:00:00-04:00,16.299999237060547,16.510000228881836,16.1299991607666,16.139999389648438,661500,0.0,0.0
2024-09-24 00:00:00-04:00,16.440000534057617,16.579999923706055,16.219999313354492,16.260000228881836,1213800,0.0,0.0
2024-09-25 00:00:00-04:00,16.15999984741211,16.260000228881836,15.729999542236328,15.75,1158800,0.0,0.0
2024-09-26 00:00:00-04:00,16.18000030517578,16.8700008392334,16.040000915527344,16.600000381469727,1584400,0.0,0.0
2024-09-27 00:00:00-04:00,16.790000915527344,17.030000686645508,16.75,16.84000015258789,805600,0.0,0.0
2024-09-30 00:00:00-04:00,16.3700008392334,16.540000915527344,16.0,16.260000228881836,1151600,0.0,0.0
2024-10-01 00:00:00-04:00,16.34000015258789,16.59000015258789,16.200000762939453,16.450000762939453,1479800,0.0,0.0
2024-10-02 00:00:00-04:00,16.239999771118164,16.440000534057617,15.989999771118164,16.190000534057617,2123600,0.0,0.0
2024-10-03 00:00:00-04:00,16.0,16.049999237060547,15.510000228881836,15.510000228881836,2052700,0.0,0.0
2024-10-04 00:00:00-04:00,15.819999694824219,15.819999694824219,15.0600004196167,15.069999694824219,1175300,0.0,0.0
2024-10-07 00:00:00-04:00,14.930000305175781,15.140000343322754,14.739999771118164,14.880000114440918,1167500,0.0,0.0
2024-10-08 00:00:00-04:00,14.680000305175781,14.729999542236328,14.479999542236328,14.5,1726100,0.0,0.0
2024-10-09 00:00:00-04:00,14.390000343322754,14.600000381469727,14.25,14.359999656677246,1343700,0.0,0.0
2024-10-10 00:00:00-04:00,14.199999809265137,14.8100004196167,14.15999984741211,14.739999771118164,1589200,0.0,0.0
2024-10-11 00:00:00-04:00,14.779999732971191,14.869999885559082,14.420000076293945,14.550000190734863,929900,0.0,0.0
2024-10-14 00:00:00-04:00,14.380000114440918,14.770000457763672,14.260000228881836,14.760000228881836,879000,0.0,0.0
2024-10-15 00:00:00-04:00,14.789999961853027,14.880000114440918,14.510000228881836,14.539999961853027,1463800,0.0,0.0
2024-10-16 00:00:00-04:00,14.670000076293945,14.84000015258789,14.529999732971191,14.84000015258789,1189700,0.0,0.0
2024-10-17 00:00:00-04:00,14.850000381469727,14.9399995803833,14.479999542236328,14.84000015258789,651200,0.0,0.0
2024-10-18 00:00:00-04:00,15.010000228881836,15.15999984741211,14.869999885559082,15.0,458000,0.0,0.0
2024-10-21 00:00:00-04:00,14.970000267028809,15.029999732971191,14.119999885559082,14.140000343322754,1133200,0.0,0.0
2024-10-22 00:00:00-04:00,14.210000038146973,15.050000190734863,14.119999885559082,14.930000305175781,2540500,0.0,0.0
2024-10-23 00:00:00-04:00,12.0,12.359999656677246,10.489999771118164,10.729999542236328,12364600,0.0,0.0
2024-10-24 00:00:00-04:00,10.899999618530273,10.920000076293945,10.609999656677246,10.850000381469727,5280200,0.0,0.0
2024-10-25 00:00:00-04:00,11.0600004196167,11.40999984741211,10.84000015258789,11.350000381469727,4265300,0.0,0.0
2024-10-28 00:00:00-04:00,11.329999923706055,12.050000190734863,11.319999694824219,11.890000343322754,2541400,0.0,0.0
2024-10-29 00:00:00-04:00,11.760000228881836,11.859999656677246,11.359999656677246,11.40999984741211,2427200,0.0,0.0
2024-10-30 00:00:00-04:00,11.289999961853027,11.4399995803833,11.010000228881836,11.319999694824219,2024300,0.0,0.0
2024-10-31 00:00:00-04:00,11.220000267028809,11.34000015258789,11.020000457763672,11.100000381469727,1605400,0.0,0.0
2024-11-01 00:00:00-04:00,11.109999656677246,11.390000343322754,11.069999694824219,11.329999923706055,1170100,0.0,0.0
2024-11-04 00:00:00-05:00,11.5,11.520000457763672,11.140000343322754,11.1899995803833,1587500,0.0,0.0
2024-11-05 00:00:00-05:00,11.180000305175781,11.300000190734863,11.079999923706055,11.199999809265137,1319400,0.0,0.0
2024-11-06 00:00:00-05:00,11.550000190734863,12.0600004196167,11.420000076293945,11.920000076293945,2914400,0.0,0.0
2024-11-07 00:00:00-05:00,12.130000114440918,12.199999809265137,11.84000015258789,11.949999809265137,1729200,0.0,0.0
2024-11-08 00:00:00-05:00,11.829999923706055,12.020000457763672,11.729999542236328,11.960000038146973,1142000,0.0,0.0
2024-11-11 00:00:00-05:00,11.989999771118164,12.069999694824219,11.770000457763672,11.949999809265137,1021500,0.0,0.0
2024-11-12 00:00:00-05:00,11.8100004196167,12.010000228881836,11.75,11.789999961853027,860800,0.0,0.0
2024-11-13 00:00:00-05:00,11.84000015258789,12.0,11.630000114440918,11.680000305175781,1133900,0.0,0.0
2024-11-14 00:00:00-05:00,11.720000267028809,11.800000190734863,11.210000038146973,11.34000015258789,1685800,0.0,0.0
2024-11-15 00:00:00-05:00,11.619999885559082,11.649999618530273,11.300000190734863,11.460000038146973,1516200,0.0,0.0
2024-11-18 00:00:00-05:00,11.479999542236328,11.729999542236328,11.430000305175781,11.699999809265137,1179100,0.0,0.0
2024-11-19 00:00:00-05:00,11.619999885559082,11.890000343322754,11.510000228881836,11.579999923706055,1434000,0.0,0.0
2024-11-20 00:00:00-05:00,11.479999542236328,11.720000267028809,11.479999542236328,11.680000305175781,1484400,0.0,0.0
2024-11-21 00:00:00-05:00,11.670000076293945,12.0600004196167,11.489999771118164,12.010000228881836,1370600,0.0,0.0
2024-11-22 00:00:00-05:00,11.979999542236328,12.430000305175781,11.970000267028809,12.289999961853027,885600,0.0,0.0
2024-11-25 00:00:00-05:00,12.319999694824219,12.75,12.319999694824219,12.539999961853027,1327700,0.0,0.0
2024-11-26 00:00:00-05:00,12.529999732971191,12.649999618530273,12.300000190734863,12.479999542236328,1064700,0.0,0.0
2024-11-27 00:00:00-05:00,12.520000457763672,12.59000015258789,12.15999984741211,12.25,806000,0.0,0.0
2024-11-29 00:00:00-05:00,12.289999961853027,12.460000038146973,12.199999809265137,12.260000228881836,245100,0.0,0.0
2024-12-02 00:00:00-05:00,12.3100004196167,12.5600004196167,12.149999618530273,12.479999542236328,1146100,0.0,0.0
2024-12-03 00:00:00-05:00,12.539999961853027,12.630000114440918,12.199999809265137,12.260000228881836,928800,0.0,0.0
2024-12-04 00:00:00-05:00,12.239999771118164,12.449999809265137,12.130000114440918,12.199999809265137,1103200,0.0,0.0
2024-12-05 00:00:00-05:00,12.199999809265137,12.279999732971191,11.770000457763672,11.899999618530273,1024900,0.0,0.0
2024-12-06 00:00:00-05:00,11.960000038146973,12.050000190734863,11.630000114440918,11.729999542236328,655900,0.0,0.0
2024-12-09 00:00:00-05:00,11.960000038146973,12.239999771118164,11.819999694824219,11.859999656677246,1250100,0.0,0.0
2024-12-10 00:00:00-05:00,11.949999809265137,11.960000038146973,11.630000114440918,11.8100004196167,1117000,0.0,0.0
2024-12-11 00:00:00-05:00,11.850000381469727,11.970000267028809,11.6899995803833,11.710000038146973,962000,0.0,0.0
2024-12-12 00:00:00-05:00,11.630000114440918,11.720000267028809,11.270000457763672,11.3100004196167,1058600,0.0,0.0
2024-12-13 00:00:00-05:00,11.220000267028809,11.359999656677246,11.020000457763672,11.15999984741211,689400,0.0,0.0
2024-12-16 00:00:00-05:00,11.039999961853027,11.069999694824219,10.779999732971191,11.010000228881836,1258400,0.0,0.0
2024-12-17 00:00:00-05:00,10.869999885559082,10.970000267028809,10.710000038146973,10.90999984741211,922412,0.0,0.0
