Date,Open,High,Low,Close,Volume,Dividends,Stock Splits
2022-01-03 00:00:00-05:00,19.883193493104866,20.01027306282329,19.814765889063224,19.892969131469727,5106500,0.0,0.0
2022-01-04 00:00:00-05:00,20.15690664948612,20.176456062552777,20.020049570944806,20.068927764892578,5842300,0.0,0.0
2022-01-05 00:00:00-05:00,20.479497441423906,20.762983538308326,20.362191628032406,20.411067962646484,8925300,0.0,0.0
2022-01-06 00:00:00-05:00,20.411068273342437,20.723883158977195,20.401294497880965,20.675004959106445,8427700,0.0,0.0
2022-01-07 00:00:00-05:00,20.792309045054434,21.25175289855294,20.772757766732152,21.2126522064209,9931800,0.0,0.0
2022-01-10 00:00:00-05:00,21.427711537448776,21.43748717700364,21.036695277817202,21.34950828552246,10465300,0.0,0.0
2022-01-11 00:00:00-05:00,21.349506720569124,21.584116459150795,21.26152783553694,21.5743408203125,8145100,0.0,0.0
2022-01-12 00:00:00-05:00,21.779627807731924,21.808952862832296,21.554791819723995,21.72097396850586,9088400,0.0,0.0
2022-01-13 00:00:00-05:00,21.76985034777873,21.83827795664221,21.56456565667578,21.603668212890625,11190300,0.0,0.0
2022-01-14 00:00:00-05:00,21.37883363606332,21.632992787796983,21.33973108071201,21.61344337463379,5443400,0.0,0.0
2022-01-18 00:00:00-05:00,21.466811704932343,21.584117512202557,21.29085579079585,21.39838409423828,8420600,0.0,0.0
2022-01-19 00:00:00-05:00,21.193100591571284,21.271303839106096,20.880287601432038,20.948715209960938,7618200,0.0,0.0
2022-01-20 00:00:00-05:00,21.017144678732354,21.349508976301227,20.93894142427572,21.026920318603516,6981300,0.0,0.0
2022-01-21 00:00:00-05:00,20.890063475380252,20.987816137513782,20.479495955076878,20.55769920349121,11442700,0.0,0.0
2022-01-24 00:00:00-05:00,20.313312834103545,20.63590145123383,19.971172939689623,20.616350173950195,14015300,0.0,0.0
2022-01-25 00:00:00-05:00,20.762982563393926,20.782533842126597,20.352415032570633,20.4697208404541,13501100,0.0,0.0
2022-01-26 00:00:00-05:00,20.645678186391073,20.743430848976157,20.225335025030134,20.40129280090332,13924300,0.0,0.0
2022-01-27 00:00:00-05:00,20.59680139030275,20.82163551274775,20.274212734116947,20.411067962646484,16188300,0.0,0.0
2022-01-28 00:00:00-05:00,20.25465857487015,20.55769777283496,19.980948156724367,20.547922134399414,8689900,0.0,0.0
2022-01-31 00:00:00-05:00,20.59679856056915,21.261527061266356,20.567473509634645,21.241975784301758,10349700,0.0,0.0
2022-02-01 00:00:00-05:00,21.28108015148062,21.437486651499203,21.124673651462036,21.39838409423828,13035700,0.0,0.0
2022-02-02 00:00:00-05:00,21.32018084422899,21.466811704932343,21.26152887285016,21.39838409423828,6497200,0.0,0.0
2022-02-03 00:00:00-05:00,21.026918412874267,21.241976877010494,20.968266443475745,20.987815856933594,6969700,0.0,0.0
2022-02-04 00:00:00-05:00,20.948715119687066,21.13444853097405,20.85096059456168,21.06601905822754,3980000,0.0,0.0
2022-02-07 00:00:00-05:00,20.557701477750268,20.77275996855306,20.557701477750268,20.70433235168457,8459300,0.0,0.0
2022-02-08 00:00:00-05:00,20.772756964652462,20.99759106313983,20.70432935767913,20.919387817382812,9078000,0.0,0.0
2022-02-09 00:00:00-05:00,20.919389673330258,21.124674376975367,20.919389673330258,20.99759292602539,9004800,0.0,0.0
2022-02-10 00:00:00-05:00,20.733656560478266,21.056247080268804,20.50882243866605,20.52837371826172,12991600,0.0,0.0
2022-02-11 00:00:00-05:00,20.459946801207096,20.606577674144628,20.068930518536103,20.205785751342773,14054500,0.0,0.0
2022-02-14 00:00:00-05:00,19.589934613145694,19.72678984088015,19.101163811793906,19.179367065429688,10397700,0.0,0.0
2022-02-15 00:00:00-05:00,19.902747059472354,20.059153562278563,19.75611433164302,20.000499725341797,10156200,0.0,0.0
2022-02-16 00:00:00-05:00,19.648584797760286,19.765888735274245,19.55083027349034,19.717012405395508,4651400,0.0,0.0
2022-02-17 00:00:00-05:00,19.365097571467956,19.404200128409805,19.208691072725625,19.277118682861328,8878200,0.0,0.0
2022-02-18 00:00:00-05:00,19.41397614541151,19.668137176941514,19.394424866560147,19.462852478027344,5088100,0.0,0.0
2022-02-22 00:00:00-05:00,19.345548012199288,19.707237338631966,19.345548012199288,19.550830841064453,11783700,0.0,0.0
2022-02-23 00:00:00-05:00,19.511730904792763,19.55083346669228,19.130490248836352,19.18914222717285,10410000,0.0,0.0
2022-02-24 00:00:00-05:00,18.07474330180611,18.876327086282856,17.996540051235513,18.807899475097656,11809700,0.0,0.0
2022-02-25 00:00:00-05:00,19.03273329551237,19.316221239803177,19.03273329551237,19.277118682861328,13985200,0.0,0.0
2022-02-28 00:00:00-05:00,19.081610202763382,19.169589085427205,18.807897916196776,19.032732009887695,10083300,0.0,0.0
2022-03-01 00:00:00-05:00,18.71992005869853,18.837225863511826,18.074742793506704,18.084518432617188,20878300,0.0,0.0
2022-03-02 00:00:00-05:00,18.201824520866424,18.465759322909385,18.094294353489172,18.426658630371094,22131900,0.0,0.0
2022-03-03 00:00:00-05:00,18.00631677397796,18.13339636460876,17.68372811290151,17.82058334350586,10446100,0.0,0.0
2022-03-04 00:00:00-05:00,17.36113849800384,17.380689776876793,16.91146840648879,17.067874908447266,33877400,0.0,0.0
2022-03-07 00:00:00-05:00,16.549779247197154,16.549779247197154,15.992580844936843,16.02190589904785,30083300,0.0,0.0
2022-03-08 00:00:00-05:00,16.393373918396783,16.823490901958472,16.285843740249994,16.422698974609375,23147200,0.0,0.0
2022-03-09 00:00:00-05:00,17.03855146667966,17.56642299460366,16.960348208301557,17.497995376586914,18530900,0.0,0.0
2022-03-10 00:00:00-05:00,17.146079921842365,17.263383865356445,16.99944719568092,17.263383865356445,10838300,0.0,0.0
2022-03-11 00:00:00-05:00,17.468669094669426,17.595748681427516,17.204732416964983,17.214508056640625,12102200,0.0,0.0
2022-03-14 00:00:00-04:00,17.703278065387995,18.03564234151603,17.605523537495184,17.69350242614746,9781000,0.0,0.0
2022-03-15 00:00:00-04:00,17.82058328434063,17.9769897943728,17.76193130920673,17.937889099121094,14258100,0.0,0.0
2022-03-16 00:00:00-04:00,18.17249619191969,18.485309165985164,17.98676278937617,18.377779006958008,11041800,0.0,0.0
2022-03-17 00:00:00-04:00,18.348455380781967,18.455983683646675,18.231149574142005,18.426658630371094,4855800,0.0,0.0
2022-03-18 00:00:00-04:00,18.2995766209152,18.622165248599984,18.240924651657735,18.55373764038086,7551100,0.0,0.0
2022-03-21 00:00:00-04:00,18.30935196526194,18.416882127597432,18.162721112221465,18.250699996948242,10499200,0.0,0.0
2022-03-22 00:00:00-04:00,18.475534868657626,18.749247173090435,18.368006566337172,18.543962478637695,8413600,0.0,0.0
2022-03-23 00:00:00-04:00,18.26047595798445,18.319127927333145,17.683726309936898,17.703277587890625,29886200,0.0,0.0
2022-03-24 00:00:00-04:00,17.87923383581649,17.87923383581649,17.546869596995077,17.84990692138672,27617100,0.0,0.0
2022-03-25 00:00:00-04:00,17.810805841526797,18.025866169436373,17.703277542084493,17.78148078918457,14302800,0.0,0.0
2022-03-28 00:00:00-04:00,18.03564300385514,18.19204950842248,17.91833719317333,18.143171310424805,13444800,0.0,0.0
2022-03-29 00:00:00-04:00,18.475534439086914,18.680819128766625,18.338679222308766,18.475534439086914,11487700,0.0,0.0
2022-03-30 00:00:00-04:00,18.514637422988237,18.612391950594677,18.455983587716855,18.583065032958984,21934500,0.0,0.0
2022-03-31 00:00:00-04:00,18.475536340788228,18.680821051598056,18.475536340788228,18.514638900756836,11262200,0.0,0.0
2022-04-01 00:00:00-04:00,18.817676071258624,18.837227351023493,18.680820841929886,18.788349151611328,8838500,0.0,0.0
2022-04-04 00:00:00-04:00,19.110936544883533,19.316221239803177,19.091387130925145,19.277118682861328,9900000,0.0,0.0
2022-04-05 00:00:00-04:00,19.00340795669431,19.11093625764316,18.88610215214442,18.97408103942871,7429700,0.0,0.0
2022-04-06 00:00:00-04:00,18.817674968398524,19.11093668963348,18.798123689779512,19.042509078979492,10811800,0.0,0.0
2022-04-07 00:00:00-04:00,19.159814405919303,19.247793292987016,18.86655082752277,19.052284240722656,11370900,0.0,0.0
2022-04-08 00:00:00-04:00,19.159814646260692,19.580157808743106,19.159814646260692,19.43352508544922,7808800,0.0,0.0
2022-04-11 00:00:00-04:00,19.443302688561783,19.55083286596868,19.32599873549309,19.355323791503906,7349700,0.0,0.0
2022-04-12 00:00:00-04:00,19.570383280416532,19.599708335129844,19.228243347497685,19.257570266723633,9894900,0.0,0.0
2022-04-13 00:00:00-04:00,19.267343043625864,19.38464884993888,19.15981474106085,19.277118682861328,8742900,0.0,0.0
2022-04-14 00:00:00-04:00,19.26734261115142,19.33577208426369,19.15981431099998,19.247793197631836,4984800,0.0,0.0
2022-04-18 00:00:00-04:00,19.15981531617475,19.198916009777736,19.032733866811707,19.110937118530273,7829600,0.0,0.0
2022-04-19 00:00:00-04:00,19.189140164318776,19.541055725532008,19.169590749983374,19.501955032348633,13332500,0.0,0.0
2022-04-20 00:00:00-04:00,19.38464741137712,19.453075016434717,19.208689647221938,19.26734161376953,8377600,0.0,0.0
2022-04-21 00:00:00-04:00,19.5019527676334,19.560604732853637,19.02295581404569,19.19891357421875,9496000,0.0,0.0
2022-04-22 00:00:00-04:00,18.954529117612562,19.091386195692266,18.38755512131793,18.446208953857422,9006600,0.0,0.0
2022-04-25 00:00:00-04:00,18.8958787389878,19.05228524322415,18.39733230754221,18.993633270263672,19202400,0.0,0.0
2022-04-26 00:00:00-04:00,18.81767425102365,18.934980053753186,18.671043395996094,18.671043395996094,18856300,0.0,0.0
2022-04-27 00:00:00-04:00,18.485310927715815,18.837226489334753,18.387556397875823,18.690595626831055,16540000,0.0,0.0
2022-04-28 00:00:00-04:00,18.876326936857648,19.15981488325232,18.70036915833855,19.08161163330078,13989300,0.0,0.0
2022-04-29 00:00:00-04:00,18.86655159348182,19.04250937476091,18.57328986769172,18.61239242553711,13255900,0.0,0.0
2022-05-02 00:00:00-04:00,18.759023666381836,18.81767563981904,18.475535709828897,18.759023666381836,7946100,0.0,0.0
2022-05-03 00:00:00-04:00,18.788347670293096,18.964305445278637,18.74924697835882,18.934980392456055,3481000,0.0,0.0
2022-05-04 00:00:00-04:00,18.534186137995622,19.013183118753464,18.34845459351091,18.944753646850586,9194600,0.0,0.0
2022-05-05 00:00:00-04:00,18.67104401840118,18.7394716287276,18.2213739348793,18.426658630371094,7711800,0.0,0.0
2022-05-06 00:00:00-04:00,18.182274396143747,18.23115073104632,17.947664632488603,18.094295501708984,6272800,0.0,0.0
2022-05-09 00:00:00-04:00,17.830357697982517,17.937887865426404,17.52732033870094,17.576196670532227,11377200,0.0,0.0
2022-05-10 00:00:00-04:00,17.820580915685326,18.03564123677893,17.693501342367455,17.947662353515625,10831100,0.0,0.0
2022-05-11 00:00:00-04:00,17.898787129186662,18.21160015955933,17.752156254263564,17.77170753479004,7352700,0.0,0.0
2022-05-12 00:00:00-04:00,17.5175457050718,17.67395221332589,17.204732688563624,17.478443145751953,11501000,0.0,0.0
2022-05-13 00:00:00-04:00,17.038551163488677,17.449118728796094,17.038551163488677,17.273160934448242,8530600,0.0,0.0
2022-05-16 00:00:00-04:00,17.234058324656914,17.38069106253801,17.204733268690866,17.3122615814209,8355300,0.0,0.0
2022-05-17 00:00:00-04:00,17.869459495366215,18.104069234304916,17.859683856513044,18.055191040039062,7460300,0.0,0.0
2022-05-18 00:00:00-04:00,17.849910533531432,17.859686173652907,17.390466634898324,17.468669891357422,6776800,0.0,0.0
2022-05-19 00:00:00-04:00,17.34158749357549,17.585972889817274,17.273159880949805,17.410015106201172,8383300,0.0,0.0
2022-05-20 00:00:00-04:00,17.79125695404027,17.859684564211477,17.42956576019063,17.69350242614746,5330600,0.0,0.0
2022-05-23 00:00:00-04:00,17.898785536903635,18.10407023514395,17.801031007480272,18.035642623901367,4274500,0.0,0.0
2022-05-24 00:00:00-04:00,17.889009950019272,17.98676447972957,17.7521547271324,17.918336868286133,5282500,0.0,0.0
2022-05-25 00:00:00-04:00,17.89878543981001,18.299577330210347,17.89878543981001,18.192049026489258,10357200,0.0,0.0
2022-05-26 00:00:00-04:00,18.40710820306156,18.690596161252063,18.30935367042647,18.563514709472656,10342700,0.0,0.0
2022-05-27 00:00:00-04:00,18.661268561577057,18.944754644916888,18.661268561577057,18.92520523071289,6871200,0.0,0.0
2022-05-31 00:00:00-04:00,18.807900904061338,18.89587980070168,18.612393695037124,18.817676544189453,6606400,0.0,0.0
2022-06-01 00:00:00-04:00,19.013184600508254,19.04250965481099,18.76879920391824,18.915430068969727,11709200,0.0,0.0
2022-06-02 00:00:00-04:00,18.886103002903468,19.110937118530273,18.768799057581916,19.110937118530273,6352000,0.0,0.0
2022-06-03 00:00:00-04:00,18.768799362192127,18.85677825486745,18.56351465777883,18.6417179107666,6702500,0.0,0.0
2022-06-06 00:00:00-04:00,18.837226061496963,18.895878032263802,18.52441306472377,18.543962478637695,6667600,0.0,0.0
2022-06-07 00:00:00-04:00,18.309352259876857,18.573288918304176,18.309352259876857,18.55373764038086,4492100,0.0,0.0
2022-06-08 00:00:00-04:00,18.348456390072144,18.407108364362113,18.211599297378694,18.28980255126953,5498000,0.0,0.0
2022-06-09 00:00:00-04:00,18.280028015203484,18.32890434765888,18.035642623901367,18.035642623901367,4917500,0.0,0.0
2022-06-10 00:00:00-04:00,17.752156432443936,17.79125899388936,17.44911903929288,17.497995376586914,7169400,0.0,0.0
2022-06-13 00:00:00-04:00,16.911466640027434,17.077648764064087,16.72573510367241,16.833263397216797,6447500,0.0,0.0
2022-06-14 00:00:00-04:00,16.911469396698145,17.126529747867806,16.87236870117537,17.04832649230957,5663700,0.0,0.0
2022-06-15 00:00:00-04:00,17.17540398172103,17.49799260448909,17.12652765217017,17.36113739013672,8045900,0.0,0.0
2022-06-16 00:00:00-04:00,16.891918757124987,16.950570728415293,16.68663406084009,16.725736618041992,10413700,0.0,0.0
2022-06-17 00:00:00-04:00,17.02877473946888,17.14608055180545,16.882143872432643,17.018999099731445,18873900,0.0,0.0
2022-06-21 00:00:00-04:00,17.33181174974127,17.69350295438925,17.26338413752715,17.60552406311035,7136100,0.0,0.0
2022-06-22 00:00:00-04:00,17.185180141745086,17.44911680415459,17.136303810711848,17.23405647277832,7547400,0.0,0.0
2022-06-23 00:00:00-04:00,17.468670320015597,17.585974275326375,17.361140140553424,17.497995376586914,7722100,0.0,0.0
2022-06-24 00:00:00-04:00,17.752154723803038,18.025867034038026,17.742379084382584,17.957439422607422,4029600,0.0,0.0
2022-06-27 00:00:00-04:00,17.92811169082103,17.967212382215997,17.69350194891376,17.703277587890625,4907700,0.0,0.0
2022-06-28 00:00:00-04:00,17.644624428466326,17.713053903919977,17.33181142729987,17.34158706665039,3935600,0.0,0.0
2022-06-29 00:00:00-04:00,17.2927083575161,17.40023664656689,17.23405452947498,17.351360321044922,6719700,0.0,0.0
2022-06-30 00:00:00-04:00,17.292710734410342,17.478442288532577,17.175404926716638,17.34158706665039,9060700,0.0,0.0
2022-07-01 00:00:00-04:00,17.24383243827184,17.595747994812097,17.21450738490185,17.53709602355957,9498900,0.0,0.0
2022-07-05 00:00:00-04:00,17.53709395885182,17.869458197673232,17.46866635636135,17.84990692138672,9472400,0.0,0.0
2022-07-06 00:00:00-04:00,17.869460910126158,18.15294700126239,17.840133991244777,18.06496810913086,9648900,0.0,0.0
2022-07-07 00:00:00-04:00,18.309352683963056,18.64171695830781,18.289801405586886,18.62216567993164,11353700,0.0,0.0
2022-07-08 00:00:00-04:00,18.680821311421234,18.86655288031733,18.67104567129312,18.817676544189453,9318900,0.0,0.0
2022-07-11 00:00:00-04:00,18.95453086601005,18.99363342464326,18.729696747406926,18.759023666381836,9154000,0.0,0.0
2022-07-12 00:00:00-04:00,18.602617796173522,18.749248667030436,18.495087620772534,18.514638900756836,7127900,0.0,0.0
2022-07-13 00:00:00-04:00,18.211599767778043,18.397333199758457,18.162723432026052,18.319129943847656,6860200,0.0,0.0
2022-07-14 00:00:00-04:00,18.13339687430032,18.52441502618232,18.055193616826468,18.465761184692383,8856000,0.0,0.0
2022-07-15 00:00:00-04:00,18.612390517704434,18.680818122407224,18.40710583908367,18.573287963867188,4907300,0.0,0.0
2022-07-18 00:00:00-04:00,18.79812393159373,18.915429740304234,18.631941790219514,18.690595626831055,4847000,0.0,0.0
2022-07-19 00:00:00-04:00,19.071834479315537,19.267341656411006,19.071834479315537,19.228240966796875,5561200,0.0,0.0
2022-07-20 00:00:00-04:00,19.042509030509002,19.169590476696552,18.954530141459948,19.120712280273438,6184000,0.0,0.0
2022-07-21 00:00:00-04:00,19.208690551400988,19.365097045898438,19.12071166518211,19.365097045898438,4675100,0.0,0.0
2022-07-22 00:00:00-04:00,19.501954462584443,19.6290340423584,19.413975574851506,19.6290340423584,5565900,0.0,0.0
2022-07-25 00:00:00-04:00,19.6290340423584,19.668136598911936,19.550830793763843,19.6290340423584,6782400,0.0,0.0
2022-07-26 00:00:00-04:00,19.54105577541684,19.570382693763666,19.374873633809976,19.423751831054688,7279600,0.0,0.0
2022-07-27 00:00:00-04:00,19.560606383835275,19.85386809920109,19.560606383835275,19.746339797973633,9622100,0.0,0.0
2022-07-28 00:00:00-04:00,19.85386970004647,20.186233998666737,19.834320284754963,20.17645835876465,3827400,0.0,0.0
2022-07-29 00:00:00-04:00,20.166681711174526,20.362190770421726,20.11780537861901,20.31331443786621,9526300,0.0,0.0
2022-08-01 00:00:00-04:00,20.362189337196117,20.391516253372746,20.196007207886765,20.264434814453125,5603400,0.0,0.0
2022-08-02 00:00:00-04:00,20.23511028369169,20.36218986137022,20.19600772778292,20.215559005737305,4330300,0.0,0.0
2022-08-03 00:00:00-04:00,20.323090402996296,20.577249573773443,20.264436565574552,20.538148880004883,3849100,0.0,0.0
2022-08-04 00:00:00-04:00,20.235110711467232,20.37196593101611,20.166681237180267,20.323089599609375,5186800,0.0,0.0
2022-08-05 00:00:00-04:00,20.469721121105913,20.811861045568357,20.440394202604814,20.73365592956543,8258700,0.0,0.0
2022-08-08 00:00:00-04:00,20.782533168323653,20.919388385990164,20.675003003292822,20.792308807373047,8377200,0.0,0.0
2022-08-09 00:00:00-04:00,20.817874677276496,21.04404858511075,20.788372998836838,20.95554542541504,8367000,0.126,0.0
2022-08-10 00:00:00-04:00,21.35872574903017,21.742240067983435,21.270222588935052,21.673404693603516,9470700,0.0,0.0
2022-08-11 00:00:00-04:00,21.594735266935416,21.673406416048422,21.29972596025535,21.52589988708496,16272700,0.0,0.0
2022-08-12 00:00:00-04:00,21.811076163332853,21.978248596191406,21.781574483784873,21.978248596191406,7859200,0.0,0.0
2022-08-15 00:00:00-04:00,21.997918437985938,22.263426076232765,21.938915073376847,22.125755310058594,8586400,0.0,0.0
2022-08-16 00:00:00-04:00,22.027416186481368,22.09625156313665,21.9290791302781,21.978248596191406,10727600,0.0,0.0
2022-08-17 00:00:00-04:00,21.889746149484324,22.11592007321675,21.8700783624754,21.948747634887695,8385200,0.0,0.0
2022-08-18 00:00:00-04:00,21.988082811971605,22.03725040298293,21.879911860998654,21.938913345336914,4754100,0.0,0.0
2022-08-19 00:00:00-04:00,21.575069314610783,21.64390469433148,21.358727406204682,21.47673225402832,5448500,0.0,0.0
2022-08-22 00:00:00-04:00,21.073552253739038,21.152221528051065,20.99488297942701,21.004716873168945,7393800,0.0,0.0
2022-08-23 00:00:00-04:00,21.368561146085703,21.545567478735947,21.329227447509766,21.329227447509766,6697300,0.0,0.0
2022-08-24 00:00:00-04:00,21.54556735095642,21.61440272977363,21.48656586563073,21.565235137939453,5326500,0.0,0.0
2022-08-25 00:00:00-04:00,21.388228413351335,21.5652347416995,21.31939303579891,21.555400848388672,3793700,0.0,0.0
2022-08-26 00:00:00-04:00,21.584904326345587,21.634071921372023,21.053885297067165,21.07355308532715,5723900,0.0,0.0
2022-08-29 00:00:00-04:00,20.994881555829473,21.27022305943979,20.985047662754344,21.112884521484375,4286200,0.0,0.0
2022-08-30 00:00:00-04:00,21.889746522501742,21.95858190258258,21.52589995913004,21.575069427490234,8332400,0.0,0.0
2022-08-31 00:00:00-04:00,21.575069314610783,21.683238393190408,21.466898360407733,21.47673225402832,3576800,0.0,0.0
2022-09-01 00:00:00-04:00,21.476730862497995,21.60456772003593,21.398061594253885,21.584901809692383,7610700,0.0,0.0
2022-09-02 00:00:00-04:00,21.555401527369607,21.820911028255225,21.466898360407733,21.47673225402832,4584700,0.0,0.0
2022-09-06 00:00:00-04:00,21.663572786960962,21.791409654583862,21.614403318164882,21.77174186706543,6042600,0.0,0.0
2022-09-07 00:00:00-04:00,21.584901511441668,22.056917114384216,21.565233725746577,22.007747650146484,7592600,0.0,0.0
2022-09-08 00:00:00-04:00,22.27325859289688,22.696106634994383,22.23392489454684,22.6174373626709,9841500,0.0,0.0
2022-09-09 00:00:00-04:00,22.46009881802393,22.715774421981106,22.45026492453057,22.6174373626709,8200900,0.0,0.0
2022-09-12 00:00:00-04:00,22.715774971974927,22.863279626699914,22.59777012282087,22.774776458740234,9049700,0.0,0.0
2022-09-13 00:00:00-04:00,22.41093099797723,22.597769345578364,22.292926152881904,22.42076301574707,17902500,0.0,0.0
2022-09-14 00:00:00-04:00,22.77477554354019,23.09928652114413,22.75510775686762,22.99111557006836,13501700,0.0,0.0
2022-09-15 00:00:00-04:00,22.794442734021462,22.892779789188932,22.656771982161,22.784608840942383,12647500,0.0,0.0
2022-09-16 00:00:00-04:00,22.656773793895727,22.656773793895727,22.194590160337402,22.3519287109375,10297600,0.0,0.0
2022-09-19 00:00:00-04:00,22.155255509916014,22.55843576298303,22.155255509916014,22.519100189208984,7146900,0.0,0.0
2022-09-20 00:00:00-04:00,22.686273861102578,22.764943137308506,22.489601608399497,22.59777069091797,5987500,0.0,0.0
2022-09-21 00:00:00-04:00,22.568269667305646,22.617437258923513,22.17492143186913,22.184755325317383,6497600,0.0,0.0
2022-09-22 00:00:00-04:00,22.017581054789893,22.155253675979594,21.820908829069694,21.899578094482422,5884500,0.0,0.0
2022-09-23 00:00:00-04:00,21.378394809818847,21.427564277039462,21.024382148323973,21.132553100585938,6657600,0.0,0.0
2022-09-26 00:00:00-04:00,20.768706801497576,20.935879225762942,20.621200286963305,20.70970344543457,7366500,0.0,0.0
2022-09-27 00:00:00-04:00,20.739206762656355,20.87687751977147,20.36552631388191,20.463863372802734,7277700,0.0,0.0
2022-09-28 00:00:00-04:00,20.444198119245502,20.857210403878224,20.316359375848606,20.719539642333984,7709100,0.0,0.0
2022-09-29 00:00:00-04:00,20.2868569277713,20.434363453134612,20.16885395822871,20.36552619934082,5297900,0.0,0.0
2022-09-30 00:00:00-04:00,20.78837298801461,20.926045611704755,20.621200561523438,20.621200561523438,5163800,0.0,0.0
2022-10-03 00:00:00-04:00,20.454027862697938,20.82770828193734,20.31635711646408,20.70970344543457,6748600,0.0,0.0
2022-10-04 00:00:00-04:00,21.103051647110334,21.398062826735213,21.034216267884887,21.329227447509766,7042300,0.0,0.0
2022-10-05 00:00:00-04:00,21.122717862644144,21.35872566341062,21.063716381358343,21.28989028930664,3899200,0.0,0.0
2022-10-06 00:00:00-04:00,21.221056948908945,21.319394010891532,21.044050612464982,21.053884506225586,5332700,0.0,0.0
2022-10-07 00:00:00-04:00,20.99488304104592,20.99488304104592,20.680205942874252,20.719539642333984,5205000,0.0,0.0
2022-10-10 00:00:00-04:00,21.083385235691733,21.093219129008382,20.83754352964559,20.88671112060547,5873900,0.0,0.0
2022-10-11 00:00:00-04:00,20.67037121692556,20.9850483024285,20.581868052174936,20.65070343017578,9952200,0.0,0.0
2022-10-12 00:00:00-04:00,20.65070406934231,20.690039644059354,20.52286720275879,20.52286720275879,12070800,0.0,0.0
2022-10-13 00:00:00-04:00,20.03118272528923,21.014549534322857,19.982013259463546,20.92604637145996,7541300,0.0,0.0
2022-10-14 00:00:00-04:00,20.935880309339165,21.063717169512298,20.611367461066582,20.640869140625,8111600,0.0,0.0
2022-10-17 00:00:00-04:00,21.13255230943829,21.535732547436368,21.13255230943829,21.447229385375977,9069900,0.0,0.0
2022-10-18 00:00:00-04:00,21.673406416048422,21.78157549483195,21.358727446466677,21.52589988708496,14871500,0.0,0.0
2022-10-19 00:00:00-04:00,21.270225090757044,21.39806383731906,21.083386731356406,21.211223602294922,7182700,0.0,0.0
2022-10-20 00:00:00-04:00,21.280058724427292,21.378395787743422,20.916214028468126,20.965381622314453,7354900,0.0,0.0
2022-10-21 00:00:00-04:00,21.388228136399086,21.663571518666785,21.339060546104974,21.643903732299805,8886200,0.0,0.0
2022-10-24 00:00:00-04:00,21.820909825023858,22.637104194292522,21.752074449098828,22.45026397705078,12688000,0.0,0.0
2022-10-25 00:00:00-04:00,22.22409041335868,22.46993211732145,22.22409041335868,22.410930633544922,11897900,0.0,0.0
2022-10-26 00:00:00-04:00,22.36176239184411,22.568270409804757,22.36176239184411,22.489601135253906,12689300,0.0,0.0
2022-10-27 00:00:00-04:00,22.29292775853731,22.391264823928942,22.086419733652534,22.125755310058594,5974700,0.0,0.0
2022-10-28 00:00:00-04:00,21.919248620317564,21.997917895566356,21.85041136330433,21.968416213989258,4971900,0.0,0.0
2022-10-31 00:00:00-04:00,21.77173987093295,21.84057524531287,21.61440133645792,21.673404693603516,7748200,0.0,0.0
2022-11-01 00:00:00-04:00,21.81107544236335,21.909412495316065,21.653736907888316,21.673404693603516,4911500,0.0,0.0
2022-11-02 00:00:00-04:00,21.55540117136688,21.860244366076728,21.51606559753418,21.51606559753418,10697900,0.0,0.0
2022-11-03 00:00:00-04:00,21.624235668205163,21.840575688593393,21.575068078542532,21.732406616210938,7828300,0.0,0.0
2022-11-04 00:00:00-04:00,22.037249800927704,22.086417390595773,21.850409584067066,22.06675148010254,8364600,0.0,0.0
2022-11-07 00:00:00-05:00,22.312594137944153,22.38142951668504,22.233924865722656,22.233924865722656,6990800,0.0,0.0
2022-11-08 00:00:00-05:00,22.312593342264375,22.60760263366894,22.292925556004516,22.548601150512695,5313500,0.0,0.0
2022-11-09 00:00:00-05:00,22.19458968699487,22.31259453524,22.174921899683444,22.243759155273438,14297500,0.0,0.0
2022-11-10 00:00:00-05:00,22.578100606162604,22.98128271578,22.538766909872674,22.922279357910156,8438300,0.0,0.0
2022-11-11 00:00:00-05:00,22.41092976400039,22.430595674080624,22.086416926762226,22.342092514038086,14072900,0.0,0.0
2022-11-14 00:00:00-05:00,21.889745549437055,22.18475484399044,21.85040997649748,22.07658576965332,14447300,0.0,0.0
2022-11-15 00:00:00-05:00,22.597769616772258,22.78460984223903,22.499432557283253,22.66660499572754,13062900,0.0,0.0
2022-11-16 00:00:00-05:00,22.410931352888092,22.479766732107397,22.292926505923983,22.38142967224121,11848200,0.0,0.0
2022-11-17 00:00:00-05:00,22.322427791439363,22.391263169440208,22.23392462668874,22.37159538269043,9054400,0.0,0.0
2022-11-18 00:00:00-05:00,22.47976745556475,22.509267261537598,22.292927223368334,22.3519287109375,8501500,0.0,0.0
2022-11-21 00:00:00-05:00,22.36176188514329,22.39126356579017,22.253590931728144,22.38142967224121,10499900,0.0,0.0
2022-11-22 00:00:00-05:00,22.4404293672974,22.519098633788325,22.361760100806478,22.479764938354492,5835700,0.0,0.0
2022-11-23 00:00:00-05:00,22.54860079773755,22.637103958898944,22.47976542252831,22.587934494018555,8014600,0.0,0.0
2022-11-25 00:00:00-05:00,22.59776957568418,22.676438848007663,22.578101788697456,22.6174373626709,4623800,0.0,0.0
2022-11-28 00:00:00-05:00,22.73544125117031,22.892779789188932,22.666603999616758,22.784608840942383,9557700,0.0,0.0
2022-11-29 00:00:00-05:00,22.941948093993453,23.197623695148188,22.912446413836737,23.089452743530273,7486400,0.0,0.0
2022-11-30 00:00:00-05:00,23.207457465206936,23.354962113959903,22.94194797207757,23.32546043395996,8627200,0.0,0.0
2022-12-01 00:00:00-05:00,23.059951494616747,23.099285190071956,22.66660328632509,22.814109802246094,9108000,0.0,0.0
2022-12-02 00:00:00-05:00,22.528932538796965,22.833775712162065,22.37159400572961,22.814109802246094,7031000,0.0,0.0
2022-12-05 00:00:00-05:00,22.68627105953444,22.745272540496817,22.410929564627843,22.479764938354492,8744100,0.0,0.0
2022-12-06 00:00:00-05:00,22.263424994611025,22.273258888234782,22.076586642629948,22.194589614868164,11523900,0.0,0.0
2022-12-07 00:00:00-05:00,22.204422510705932,22.528933483213823,22.18475472434222,22.312593460083008,7902300,0.0,0.0
2022-12-08 00:00:00-05:00,22.50926625423042,22.656772779987516,22.440430875876245,22.469932556152344,8900900,0.0,0.0
2022-12-09 00:00:00-05:00,22.35192640688984,22.548600512678437,22.253589353995547,22.342092514038086,8672300,0.0,0.0
2022-12-12 00:00:00-05:00,22.381429713086735,22.469932879565476,22.16508968148504,22.43059730529785,6606300,0.0,0.0
2022-12-13 00:00:00-05:00,22.666605369807243,22.666605369807243,22.224091408238767,22.292926788330078,4945700,0.0,0.0
2022-12-14 00:00:00-05:00,22.096251844879223,22.125753524803372,21.76190697489899,21.889745712280273,7961200,0.0,0.0
2022-12-15 00:00:00-05:00,21.535732547436368,21.57506811974024,21.309558633559067,21.447229385375977,6303100,0.0,0.0
2022-12-16 00:00:00-05:00,21.466898400873635,21.732407902259748,21.37839523374493,21.52589988708496,6710500,0.0,0.0
2022-12-19 00:00:00-05:00,21.565234783748675,21.71273943245197,21.54556699708867,21.604568481445312,4698800,0.0,0.0
2022-12-20 00:00:00-05:00,21.653738964262335,21.84057731943022,21.63407117667936,21.820911407470703,5024900,0.0,0.0
2022-12-21 00:00:00-05:00,21.28989139737872,21.643904054765322,21.28989139737872,21.604568481445312,8067600,0.0,0.0
2022-12-22 00:00:00-05:00,21.339059829711914,21.378393525502027,21.14238572389152,21.339059829711914,8497900,0.0,0.0
2022-12-23 00:00:00-05:00,21.073550548342574,21.211221298341627,20.985047387450813,21.201387405395508,6963600,0.0,0.0
2022-12-27 00:00:00-05:00,21.447230613595384,21.565235461641464,21.42756470194056,21.52589988708496,5737900,0.0,0.0
2022-12-28 00:00:00-05:00,21.52589984650784,21.575069314610783,21.427564661548804,21.47673225402832,6197400,0.0,0.0
2022-12-29 00:00:00-05:00,21.624235668205163,21.74224050926813,21.594733989033593,21.732406616210938,4212500,0.0,0.0
2022-12-30 00:00:00-05:00,21.37839523374493,21.55540156800234,21.37839523374493,21.52589988708496,6125400,0.0,0.0
2023-01-03 00:00:00-05:00,21.73240797499599,21.77174167406071,21.47673236639328,21.575069427490234,6394500,0.0,0.0
2023-01-04 00:00:00-05:00,21.614401613019357,21.64390329196964,21.447229183547716,21.584901809692383,7385100,0.0,0.0
2023-01-05 00:00:00-05:00,21.12271735960968,21.221054409826316,20.72937103436637,20.847375869750977,11225700,0.0,0.0
2023-01-06 00:00:00-05:00,20.798209138374975,20.98504937076302,20.542533524481723,20.916213989257812,9134100,0.0,0.0
2023-01-09 00:00:00-05:00,20.935881492598853,21.083386147480972,20.85721034266338,21.004716873168945,6995100,0.0,0.0
2023-01-10 00:00:00-05:00,20.886711516653133,20.965380789054667,20.729372971850065,20.89654541015625,7955800,0.0,0.0
2023-01-11 00:00:00-05:00,20.994880798152334,21.16205322314985,20.926045424733932,21.093217849731445,7324900,0.0,0.0
2023-01-12 00:00:00-05:00,21.044049820514548,21.08338539407665,20.847377579574193,21.034215927124023,4398700,0.0,0.0
2023-01-13 00:00:00-05:00,21.083384952038276,21.358726458706588,21.07355105885393,21.309558868408203,6172700,0.0,0.0
2023-01-17 00:00:00-05:00,21.07355158431936,21.07355158431936,20.719538923349038,20.749040603637695,9126000,0.0,0.0
2023-01-18 00:00:00-05:00,20.945714120978955,21.024383397583044,20.837545037913028,20.87687873840332,9779200,0.0,0.0
2023-01-19 00:00:00-05:00,20.896545170903437,21.093219287467175,20.847377579574193,21.034215927124023,5370400,0.0,0.0
2023-01-20 00:00:00-05:00,21.083386692891143,21.260393033578076,21.073552798894816,21.16205596923828,8004400,0.0,0.0
2023-01-23 00:00:00-05:00,21.152222329116,21.427565737447466,21.093220840053373,21.40789794921875,6264600,0.0,0.0
2023-01-24 00:00:00-05:00,21.211222133178108,21.39806235526145,21.13255286213618,21.27022361755371,10152800,0.0,0.0
2023-01-25 00:00:00-05:00,20.85721038541234,20.926047641746973,20.286857676575295,20.336027145385742,13381100,0.0,0.0
2023-01-26 00:00:00-05:00,20.473697339250084,20.562200505032013,20.237689522372733,20.513032913208008,15230100,0.0,0.0
2023-01-27 00:00:00-05:00,19.98201502849533,20.021350604638304,19.58866864518312,19.775508880615234,13253900,0.0,0.0
2023-01-30 00:00:00-05:00,19.962344681711922,20.021348038363513,19.844341719655265,19.903343200683594,8034000,0.0,0.0
2023-01-31 00:00:00-05:00,20.149185187801173,20.51303172331281,20.10985149174827,20.483530044555664,16447600,0.0,0.0
2023-02-01 00:00:00-05:00,20.414693836934724,20.532696795902833,19.696836563738547,19.7951717376709,19470000,0.0,0.0
2023-02-02 00:00:00-05:00,20.385194998860094,20.591703019253867,20.14918717242684,20.58186912536621,13965800,0.0,0.0
2023-02-03 00:00:00-05:00,20.45402947934831,20.69003917100764,20.33602650914204,20.463863372802734,6508600,0.0,0.0
2023-02-06 00:00:00-05:00,20.26719208839724,20.36552727634192,20.159021130909917,20.29669189453125,7145400,0.0,0.0
2023-02-07 00:00:00-05:00,20.1393507843386,20.385192474212722,20.090183196613072,20.37535858154297,5317600,0.0,0.0
2023-02-08 00:00:00-05:00,20.463864559381186,20.572035518028624,20.34586158233262,20.493366241455078,4104900,0.0,0.0
2023-02-09 00:00:00-05:00,20.591703557084806,20.640871152183795,20.277026446954803,20.355695724487305,3715100,0.0,0.0
2023-02-10 00:00:00-05:00,20.237688064575195,20.3163573312008,20.109851209667312,20.237688064575195,3777300,0.0,0.0
2023-02-13 00:00:00-05:00,20.178688203522707,20.336026749405566,20.139352629240282,20.32619285583496,5246800,0.0,0.0
2023-02-14 00:00:00-05:00,20.52286605652637,20.680204595360085,20.385193428329373,20.542531967163086,6306100,0.0,0.0
2023-02-15 00:00:00-05:00,20.60153695232726,20.640870652329212,20.414696719353408,20.63103675842285,8710200,0.0,0.0
2023-02-16 00:00:00-05:00,20.414696247910353,20.60153647656944,20.404862354231092,20.52286720275879,6785400,0.0,0.0
2023-02-17 00:00:00-05:00,20.444197461517284,20.48353115971158,20.375360207336335,20.463863372802734,6571200,0.0,0.0
2023-02-21 00:00:00-05:00,20.218021392822266,20.296690663781753,20.178687695154206,20.218021392822266,6175400,0.0,0.0
2023-02-22 00:00:00-05:00,19.962345873800103,20.031183127337705,19.844342904696685,19.932846069335938,6165600,0.0,0.0
2023-02-23 00:00:00-05:00,20.129519189264933,20.159020870641534,20.011516215005436,20.05084991455078,4395400,0.0,0.0
2023-02-24 00:00:00-05:00,19.91317943660114,20.001682606369247,19.805008478968237,19.96234703063965,6899600,0.0,0.0
2023-02-27 00:00:00-05:00,20.463863859647923,20.473697753336296,20.168854551490437,20.188522338867188,3292100,0.0,0.0
2023-02-28 00:00:00-05:00,20.227856189626205,20.40486252609692,20.17868859643921,20.336027145385742,5122500,0.0,0.0
2023-03-01 00:00:00-05:00,20.365526157555482,20.404861731071225,20.188521703604767,20.31635856628418,3506200,0.0,0.0
2023-03-02 00:00:00-05:00,20.23768905831433,20.473696869779925,20.218021271786355,20.454029083251953,3592100,0.0,0.0
2023-03-03 00:00:00-05:00,20.837545037913028,20.935882102574013,20.650704802619508,20.87687873840332,4810500,0.0,0.0
2023-03-06 00:00:00-05:00,20.90637969970703,20.93588138077526,20.817876532125787,20.90637969970703,2823200,0.0,0.0
2023-03-07 00:00:00-05:00,20.975213767831377,20.975213767831377,20.680204478096794,20.778539657592773,2517400,0.0,0.0
2023-03-08 00:00:00-05:00,20.935880544893294,20.935880544893294,20.739206430204362,20.837543487548828,3709600,0.0,0.0
2023-03-09 00:00:00-05:00,20.454028435340707,20.522865686008092,20.12951747040195,20.198354721069336,6771400,0.0,0.0
2023-03-10 00:00:00-05:00,20.090185449824745,20.218022317622587,19.785342245365698,20.00168228149414,7139700,0.0,0.0
2023-03-13 00:00:00-04:00,19.62800033466376,19.84434223003722,19.44116199399817,19.677169799804688,6326100,0.0,0.0
2023-03-14 00:00:00-04:00,20.001681603961387,20.149186254308034,19.942680118947408,20.080350875854492,7439400,0.0,0.0
2023-03-15 00:00:00-04:00,19.303490629514492,19.50016475169243,19.018315215542255,19.47066307067871,18308100,0.0,0.0
2023-03-16 00:00:00-04:00,19.480495460258826,19.85417588842032,19.352658603649864,19.81484031677246,6488300,0.0,0.0
2023-03-17 00:00:00-04:00,19.75583879082581,19.883675647149413,19.687003416218996,19.76567268371582,5735900,0.0,0.0
2023-03-20 00:00:00-04:00,19.913177652231436,20.090183975906555,19.86401006259871,20.06068229675293,4548500,0.0,0.0
2023-03-21 00:00:00-04:00,20.404862242046484,20.53269910792717,20.3753605611709,20.424530029296875,5638100,0.0,0.0
2023-03-22 00:00:00-04:00,20.463862016835925,20.601534640452034,20.267189787649478,20.286855697631836,3639400,0.0,0.0
2023-03-23 00:00:00-04:00,20.375360166008193,20.68020523560675,20.33602646789368,20.414695739746094,4358400,0.0,0.0
2023-03-24 00:00:00-04:00,20.345859571005434,20.39502716064453,20.060682299353367,20.39502716064453,4440200,0.0,0.0
2023-03-27 00:00:00-04:00,20.267190738106287,20.60153560658839,20.19835536088174,20.454029083251953,5914100,0.0,0.0
2023-03-28 00:00:00-04:00,20.581868446842307,20.68020550685348,20.44419768820071,20.660537719726562,7139100,0.0,0.0
2023-03-29 00:00:00-04:00,20.56220030695269,20.729372743416672,20.513032715602325,20.699871063232422,6785800,0.0,0.0
2023-03-30 00:00:00-04:00,20.80804277055633,20.847378345563726,20.660538115525494,20.670372009277344,5646100,0.0,0.0
2023-03-31 00:00:00-04:00,21.093219122665797,21.33906082863802,21.044049656097336,21.22105598449707,4659200,0.0,0.0
2023-04-03 00:00:00-04:00,21.329226977552686,21.34889288859564,21.112885075469855,21.27022361755371,4161900,0.0,0.0
2023-04-04 00:00:00-04:00,21.348893244767748,21.388228818756648,21.18172268218513,21.23089027404785,5472400,0.0,0.0
2023-04-05 00:00:00-04:00,21.250558892419765,21.36856186775625,21.19155552912805,21.299726486206055,2574500,0.0,0.0
2023-04-06 00:00:00-04:00,21.13255183103817,21.339059829711914,21.063716456688017,21.339059829711914,3666900,0.0,0.0
2023-04-10 00:00:00-04:00,20.975213683232695,21.044049058851577,20.86704273547541,21.014549255371094,3524400,0.0,0.0
2023-04-11 00:00:00-04:00,21.280058698442147,21.358727973874295,21.19155552912805,21.299726486206055,5216500,0.0,0.0
2023-04-12 00:00:00-04:00,21.51606471774552,21.594733986570755,21.3783939662072,21.398061752319336,6486000,0.0,0.0
2023-04-13 00:00:00-04:00,21.624236146699666,21.85041006514979,21.565234662674275,21.840576171875,3729400,0.0,0.0
2023-04-14 00:00:00-04:00,21.761906186333217,22.056917348014576,21.722572490149684,21.87007713317871,5605100,0.0,0.0
2023-04-17 00:00:00-04:00,21.663571283592844,21.781574249267578,21.545566442294785,21.781574249267578,4510200,0.0,0.0
2023-04-18 00:00:00-04:00,21.702904774246893,21.7422403461806,21.52589845179182,21.584901809692383,3858500,0.0,0.0
2023-04-19 00:00:00-04:00,21.5062335382344,21.525899449489437,21.42756426634407,21.46689796447754,2610100,0.0,0.0
2023-04-20 00:00:00-04:00,21.51606559753418,21.62423654995071,21.476731899324875,21.51606559753418,3299500,0.0,0.0
2023-04-21 00:00:00-04:00,21.378395345157816,21.653738741618,21.358727557777065,21.624237060546875,3113200,0.0,0.0
2023-04-24 00:00:00-04:00,21.811077663491673,22.066753276956113,21.72257449438385,21.968416213989258,8734900,0.0,0.0
2023-04-25 00:00:00-04:00,22.056916625307878,22.066750517937372,21.693070100509487,21.899578094482422,6992100,0.0,0.0
2023-04-26 00:00:00-04:00,22.017583370436235,22.1945897051369,21.840577035735574,21.909414291381836,5015900,0.0,0.0
2023-04-27 00:00:00-04:00,22.096252159906506,22.233924792558643,22.056918461736892,22.184755325317383,4314200,0.0,0.0
2023-04-28 00:00:00-04:00,22.165089248687895,22.37159538269043,22.11591978181345,22.37159538269043,3273400,0.0,0.0
2023-05-01 00:00:00-04:00,22.35192640688984,22.45026345978414,22.292924925402577,22.342092514038086,2856300,0.0,0.0
2023-05-02 00:00:00-04:00,22.30276045520361,22.30276045520361,21.978249469770688,22.09625244140625,3102900,0.0,0.0
2023-05-03 00:00:00-04:00,22.155254760453598,22.36176088891153,22.086417508677627,22.165088653564453,2735300,0.0,0.0
2023-05-04 00:00:00-04:00,22.15525503990911,22.25359022101134,21.997916499397526,22.07658576965332,4086300,0.0,0.0
2023-05-05 00:00:00-04:00,22.371595611353005,22.627271214843276,22.214257066993362,22.568269729614258,7445400,0.0,0.0
2023-05-08 00:00:00-04:00,22.79444453160608,22.79444453160608,22.617438193470466,22.6862735748291,3502800,0.0,0.0
2023-05-09 00:00:00-04:00,22.5584353660105,22.5584353660105,22.440430522388343,22.509265899658203,6565500,0.0,0.0
2023-05-10 00:00:00-04:00,22.67643924492569,22.67643924492569,22.49943291019376,22.62727165222168,4357800,0.0,0.0
2023-05-11 00:00:00-04:00,22.49943247528644,22.64693900179408,22.46009877700823,22.568269729614258,4813300,0.0,0.0
2023-05-12 00:00:00-04:00,22.735443330995967,22.735443330995967,22.47976771442082,22.59777069091797,2131700,0.0,0.0
2023-05-15 00:00:00-04:00,22.548601310283804,22.75510744060556,22.548601310283804,22.69610595703125,3152200,0.0,0.0
2023-05-16 00:00:00-04:00,22.587934964888156,22.715773700618797,22.53876737460612,22.64693832397461,3154500,0.0,0.0
2023-05-17 00:00:00-04:00,22.54860079773755,22.666603762203874,22.420762064671845,22.587934494018555,3829800,0.0,0.0
2023-05-18 00:00:00-04:00,22.587936511906708,22.705941362538272,22.568270599821005,22.6862735748291,2039600,0.0,0.0
2023-05-19 00:00:00-04:00,22.745273828368543,22.784609401652876,22.568269375459153,22.607603073120117,1720000,0.0,0.0
2023-05-22 00:00:00-04:00,22.60760414921123,22.62727193678956,22.50926708694306,22.538768768310547,2525400,0.0,0.0
2023-05-23 00:00:00-04:00,22.578102355967832,22.617437930929572,22.440431594848633,22.440431594848633,4050800,0.0,0.0
2023-05-24 00:00:00-04:00,22.312593460083008,22.371594943550804,22.273257887355584,22.312593460083008,3686900,0.0,0.0
2023-05-25 00:00:00-04:00,22.39126305349275,22.39126305349275,22.23392451155602,22.273258209228516,2489600,0.0,0.0
2023-05-26 00:00:00-04:00,22.56827009380574,22.646939367255072,22.50926673200117,22.578102111816406,3331200,0.0,0.0
2023-05-30 00:00:00-04:00,22.61743645165117,22.656772024040194,22.46993180643898,22.499431610107422,2762600,0.0,0.0
2023-05-31 00:00:00-04:00,22.519100980732222,22.578102467843742,22.440431706042375,22.538768768310547,3365000,0.0,0.0
2023-06-01 00:00:00-04:00,22.292925989338936,22.68627234406541,22.27325820269677,22.607603073120117,3489700,0.0,0.0
2023-06-02 00:00:00-04:00,22.587937299186162,22.82394513305163,22.548603598020353,22.705942153930664,5043200,0.0,0.0
2023-06-05 00:00:00-04:00,22.745274624960675,22.755108518626166,22.548602378521206,22.62727165222168,4171200,0.0,0.0
2023-06-06 00:00:00-04:00,22.49943362675468,22.63710626683268,22.47976771442082,22.59777069091797,2448200,0.0,0.0
2023-06-07 00:00:00-04:00,22.5879347723594,22.61743645165117,22.479765699536237,22.499431610107422,3756700,0.0,0.0
2023-06-08 00:00:00-04:00,22.528933364252836,22.59776874053901,22.46993188109659,22.548601150512695,3509000,0.0,0.0
2023-06-09 00:00:00-04:00,22.56827088460543,22.607604584896645,22.528935308690716,22.59777069091797,2445700,0.0,0.0
2023-06-12 00:00:00-04:00,22.47976745556475,22.51910115540304,22.322428904964653,22.3519287109375,5891900,0.0,0.0
2023-06-13 00:00:00-04:00,22.61743747632844,22.804277702394405,22.597769689242885,22.715774536132812,2754300,0.0,0.0
2023-06-14 00:00:00-04:00,22.627271214843276,22.676438806596888,22.509266368761843,22.568269729614258,2857900,0.0,0.0
2023-06-15 00:00:00-04:00,22.312594798608618,22.528934834717603,22.283093117293255,22.489601135253906,4140600,0.0,0.0
2023-06-16 00:00:00-04:00,22.59777021549667,22.61743800304025,22.46009945393854,22.489601135253906,6173400,0.0,0.0
2023-06-20 00:00:00-04:00,22.332260446927993,22.361762127895133,22.22409136796201,22.243759155273438,4002200,0.0,0.0
2023-06-21 00:00:00-04:00,22.165089091963107,22.27325816707529,22.11591962543633,22.224090576171875,4170400,0.0,0.0
2023-06-22 00:00:00-04:00,22.31259444606896,22.53876837237618,22.263424977986897,22.528934478759766,4810200,0.0,0.0
2023-06-23 00:00:00-04:00,22.33226063932729,22.479767169810373,22.2240915594294,22.440431594848633,2991800,0.0,0.0
2023-06-26 00:00:00-04:00,22.401097020862192,22.469932398734123,22.302759962920845,22.32242774963379,3329500,0.0,0.0
2023-06-27 00:00:00-04:00,22.735443330995967,22.84361241351444,22.548603096648073,22.59777069091797,5769700,0.0,0.0
2023-06-28 00:00:00-04:00,22.489600892151707,22.646939439552657,22.489600892151707,22.62727165222168,2492300,0.0,0.0
2023-06-29 00:00:00-04:00,22.6961052396686,22.76494061426682,22.597768186404025,22.72560691833496,3749500,0.0,0.0
2023-06-30 00:00:00-04:00,22.666604277432423,22.74527354740595,22.62727058025733,22.69610595703125,4156000,0.0,0.0
2023-07-03 00:00:00-04:00,22.853445208280682,23.059953220653245,22.823943527763632,23.00094985961914,4293000,0.0,0.0
2023-07-05 00:00:00-04:00,23.17795698897853,23.276294051795535,23.00095065103261,23.020618438720703,4299400,0.0,0.0
2023-07-06 00:00:00-04:00,22.951780549774217,22.981282228083067,22.74527255285877,22.814109802246094,3625000,0.0,0.0
2023-07-07 00:00:00-04:00,22.66660657714132,22.774777537688486,22.597771193383497,22.705942153930664,3040800,0.0,0.0
2023-07-10 00:00:00-04:00,22.7354425343385,22.7354425343385,22.538768412903455,22.578102111816406,2427400,0.0,0.0
2023-07-11 00:00:00-04:00,22.646939084328462,22.696106676261262,22.587935723261015,22.66660499572754,2850900,0.0,0.0
2023-07-12 00:00:00-04:00,22.696105678853996,22.843610323793534,22.696105678853996,22.784608840942383,2212000,0.0,0.0
2023-07-13 00:00:00-04:00,23.050119723869674,23.079619529271053,23.000950255494985,23.010784149169922,4968200,0.0,0.0
2023-07-14 00:00:00-04:00,23.138622052130646,23.16812185646213,22.94194793701172,22.94194793701172,3345900,0.0,0.0
2023-07-17 00:00:00-04:00,23.19762407868702,23.4729674711653,23.19762407868702,23.433631896972656,3116600,0.0,0.0
2023-07-18 00:00:00-04:00,23.335294121693007,23.463132858276367,23.286126531083006,23.463132858276367,4198700,0.0,0.0
2023-07-19 00:00:00-04:00,23.4532984100796,23.68930621554523,23.364795248577074,23.640138626098633,7524300,0.0,0.0
2023-07-20 00:00:00-04:00,23.905648219582755,24.07282066345215,23.82697894456324,24.07282066345215,3560000,0.0,0.0
2023-07-21 00:00:00-04:00,24.23999270869023,24.259660496027536,23.954817294793067,24.062986373901367,2915500,0.0,0.0
2023-07-24 00:00:00-04:00,24.062986769621777,24.121990132604008,23.915482113413127,24.07282066345215,3748300,0.0,0.0
2023-07-25 00:00:00-04:00,24.082653002952704,24.121988575735415,23.984315946619265,24.033485412597656,3033100,0.0,0.0
2023-07-26 00:00:00-04:00,24.033484508628074,24.38749527224039,24.003982830150683,24.24982452392578,4531100,0.0,0.0
2023-07-27 00:00:00-04:00,24.141655337353257,24.17115701798005,23.718809168776346,23.767976760864258,3777700,0.0,0.0
2023-07-28 00:00:00-04:00,23.935150185428498,24.003985567435418,23.87614869736878,23.984317779541016,2860000,0.0,0.0
2023-07-31 00:00:00-04:00,24.08265427327153,24.16132354736328,24.01381889289418,24.16132354736328,3530300,0.0,0.0
2023-08-01 00:00:00-04:00,24.003984170454455,24.141654926456145,23.994150277079566,24.092487335205078,4356900,0.0,0.0
2023-08-02 00:00:00-04:00,23.80731030355536,23.905647362710834,23.50246710823446,23.620471954345703,5711200,0.0,0.0
2023-08-03 00:00:00-04:00,23.207458424387255,23.26645991120234,23.03045208831855,23.158288955688477,4712500,0.0,0.0
2023-08-04 00:00:00-04:00,23.345129185496937,23.374630866716203,23.158288955688477,23.158288955688477,3445900,0.0,0.0
2023-08-07 00:00:00-04:00,23.276292916345245,23.42379756556354,23.276292916345245,23.374629974365234,2861500,0.0,0.0
2023-08-08 00:00:00-04:00,23.40933379897985,23.488653784982173,23.310183343692536,23.458908081054688,3648600,0.195,0.0
2023-08-09 00:00:00-04:00,23.439077377319336,23.538227831614893,23.37958786119705,23.439077377319336,3330600,0.0,0.0
2023-08-10 00:00:00-04:00,23.37958699478025,23.37958699478025,23.171372750499582,23.20111656188965,5267600,0.0,0.0
2023-08-11 00:00:00-04:00,23.012730862099694,23.012730862099694,22.903667068595283,22.9532413482666,3594500,0.0,0.0
2023-08-14 00:00:00-04:00,22.93341047868428,22.95324094666086,22.71528100435446,22.754941940307617,5637900,0.0,0.0
2023-08-15 00:00:00-04:00,22.665708072709858,22.754943292770733,22.586388087226595,22.626047134399414,4075800,0.0,0.0
2023-08-16 00:00:00-04:00,22.695450301030384,22.834261684289473,22.695450301030384,22.735111236572266,4506300,0.0,0.0
2023-08-17 00:00:00-04:00,22.735112455428105,22.794601970792733,22.66570770564644,22.675622940063477,3680200,0.0,0.0
2023-08-18 00:00:00-04:00,22.69545090049619,22.774770882537574,22.645876620896903,22.705366134643555,3227100,0.0,0.0
2023-08-21 00:00:00-04:00,22.883836146249376,22.94332565890218,22.764855229806265,22.91358184814453,3227100,0.0,0.0
2023-08-22 00:00:00-04:00,22.774770882537574,22.943326080767708,22.685535666348823,22.705366134643555,3679500,0.0,0.0
2023-08-23 00:00:00-04:00,23.16145769333829,23.448991922085906,23.101966287828382,23.379587173461914,5338100,0.0,0.0
2023-08-24 00:00:00-04:00,23.3101826307267,23.39941784864217,23.15154266357422,23.15154266357422,2858400,0.0,0.0
2023-08-25 00:00:00-04:00,23.191200728140245,23.339927345795676,23.161456917519157,23.23086166381836,3319400,0.0,0.0
2023-08-28 00:00:00-04:00,23.369671195282702,23.58780255960011,23.369671195282702,23.478736877441406,2312400,0.0,0.0
2023-08-29 00:00:00-04:00,23.359756324284383,23.439076305867413,23.27052110861128,23.429161071777344,3681600,0.0,0.0
2023-08-30 00:00:00-04:00,23.161457897913447,23.27052169336979,23.121796960556534,23.15154266357422,4282000,0.0,0.0
2023-08-31 00:00:00-04:00,23.101966315150726,23.13171201794086,22.93341111494844,22.973072052001953,5397700,0.0,0.0
2023-09-01 00:00:00-04:00,23.300267703626954,23.379587688249117,23.20111725006485,23.26060676574707,2862400,0.0,0.0
2023-09-05 00:00:00-04:00,23.32009780572513,23.40933302341353,23.270521634155145,23.310182571411133,3790500,0.0,0.0
2023-09-06 00:00:00-04:00,22.982986740207895,23.07222195532057,22.84417724609375,22.84417724609375,4466500,0.0,0.0
2023-09-07 00:00:00-04:00,22.97307190578839,23.171372807518708,22.95324143738785,23.042476654052734,3353500,0.0,0.0
2023-09-08 00:00:00-04:00,23.21103286743164,23.30026808799583,23.141628116134527,23.21103286743164,3294800,0.0,0.0
2023-09-11 00:00:00-04:00,23.439077184213385,23.72661331018784,23.439077184213385,23.667123794555664,3256100,0.0,0.0
2023-09-12 00:00:00-04:00,23.796017999084185,23.90508368674402,23.786102764648057,23.825763702392578,2841200,0.0,0.0
2023-09-13 00:00:00-04:00,23.85550742712873,23.875337895928308,23.716697927806866,23.736528396606445,2255100,0.0,0.0
2023-09-14 00:00:00-04:00,23.736527779897536,23.855506807328574,23.706782077471,23.766271591186523,2625000,0.0,0.0
2023-09-15 00:00:00-04:00,23.73652876370806,23.81584874899552,23.607632605654924,23.686952590942383,5059800,0.0,0.0
2023-09-18 00:00:00-04:00,23.67703735638925,23.805933514442383,23.63737830931433,23.686952590942383,2911700,0.0,0.0
2023-09-19 00:00:00-04:00,23.68695190153471,23.696867135799263,23.597716684291303,23.62746238708496,1641300,0.0,0.0
2023-09-20 00:00:00-04:00,23.72661319601522,23.72661319601522,23.290352337490816,23.330013275146484,5712300,0.0,0.0
2023-09-21 00:00:00-04:00,22.78468641119087,22.883836862808565,22.536811227715415,22.566556930541992,6818500,0.0,0.0
2023-09-22 00:00:00-04:00,22.616131064170272,22.8739214802501,22.59630248688533,22.635961532592773,3915000,0.0,0.0
2023-09-25 00:00:00-04:00,22.695451822422697,22.784687042236328,22.626047071709344,22.784687042236328,3691400,0.0,0.0
2023-09-26 00:00:00-04:00,22.51698052429034,22.576471929322945,22.42774719901653,22.54672622680664,5484700,0.0,0.0
2023-09-27 00:00:00-04:00,22.467406099511216,22.626046062965507,22.41783182010833,22.616130828857422,4821900,0.0,0.0
2023-09-28 00:00:00-04:00,22.556642468620325,22.73511290941561,22.546727234005296,22.715282440185547,3065900,0.0,0.0
2023-09-29 00:00:00-04:00,22.864006747115237,22.982987669120206,22.804517231681555,22.923498153686523,6421700,0.0,0.0
2023-10-02 00:00:00-04:00,22.824348215275993,22.89375296670345,22.71528252523991,22.80451774597168,3499400,0.0,0.0
2023-10-03 00:00:00-04:00,22.45749167053903,22.566557358500607,22.308766935860813,22.358341217041016,2667200,0.0,0.0
2023-10-04 00:00:00-04:00,22.30876642501028,22.48723685899237,22.30876642501028,22.47732162475586,3087500,0.0,0.0
2023-10-05 00:00:00-04:00,22.5665570186376,22.675622704956595,22.536811315694898,22.655792236328125,2211900,0.0,0.0
2023-10-06 00:00:00-04:00,22.675622267556573,22.943326024326723,22.59630228571032,22.86400604248047,3063000,0.0,0.0
2023-10-09 00:00:00-04:00,22.516980759164362,22.616131210782058,22.48723694747535,22.566556930541992,2516100,0.0,0.0
2023-10-10 00:00:00-04:00,22.824347289742253,22.93341108421813,22.68553590137854,22.725196838378906,3951300,0.0,0.0
2023-10-11 00:00:00-04:00,22.764856179682447,22.84417805471261,22.52689622800472,22.586387634277344,4619100,0.0,0.0
2023-10-12 00:00:00-04:00,22.626045881553257,22.764855375678422,22.417831640365506,22.437660217285156,5051200,0.0,0.0
2023-10-13 00:00:00-04:00,22.53681099263454,22.814431876040718,22.53681099263454,22.54672622680664,3629600,0.0,0.0
2023-10-16 00:00:00-04:00,22.61613153356125,22.804517205209773,22.61613153356125,22.675622940063477,3712300,0.0,0.0
2023-10-17 00:00:00-04:00,22.665707145734302,22.705366191285158,22.54672622680664,22.54672622680664,6707200,0.0,0.0
2023-10-18 00:00:00-04:00,22.36825629287629,22.45749151127791,22.130296340851153,22.179872512817383,4827400,0.0,0.0
2023-10-19 00:00:00-04:00,22.150126809637644,22.427747699235766,22.11046587206466,22.179872512817383,3700400,0.0,0.0
2023-10-20 00:00:00-04:00,22.11046554915209,22.219531234747357,21.931997006092878,22.0708065032959,4391200,0.0,0.0
2023-10-23 00:00:00-04:00,22.07080676617062,22.51698096583916,22.05097629743755,22.338512420654297,6081600,0.0,0.0
2023-10-24 00:00:00-04:00,22.249276879578073,22.36825590797451,22.130295960044073,22.229446411132812,4911000,0.0,0.0
2023-10-25 00:00:00-04:00,21.813015455754186,22.060890631387757,21.74361070915879,21.852676391601562,3799900,0.0,0.0
2023-10-26 00:00:00-04:00,21.763441033583863,21.922080993652344,21.70394963020506,21.922080993652344,4543700,0.0,0.0
2023-10-27 00:00:00-04:00,21.94191124474046,21.981572183352938,21.822932211178312,21.902252197265625,4531000,0.0,0.0
2023-10-30 00:00:00-04:00,22.100551642371375,22.358340161705694,22.100551642371375,22.348426818847656,4487000,0.0,0.0
2023-10-31 00:00:00-04:00,22.060891415994444,22.060891415994444,21.912166683552336,22.001401901245117,5919600,0.0,0.0
2023-11-01 00:00:00-04:00,22.05097519987022,22.150125647462854,21.941909518404568,22.080720901489258,5455000,0.0,0.0
2023-11-02 00:00:00-04:00,22.239362271700493,22.45749175732903,22.19970133369297,22.44757652282715,7985800,0.0,0.0
2023-11-03 00:00:00-04:00,22.616132134093807,22.883837797049495,22.606216899413486,22.645877838134766,4969800,0.0,0.0
2023-11-06 00:00:00-05:00,22.774772106703626,22.774772106703626,22.556642617149535,22.645877838134766,4087500,0.0,0.0
2023-11-07 00:00:00-05:00,22.645877517414515,22.68553656443648,22.358341389170395,22.53681182861328,6134900,0.0,0.0
2023-11-08 00:00:00-05:00,22.388086701349383,22.447576216411004,22.308766717554693,22.338512420654297,2533900,0.0,0.0
2023-11-09 00:00:00-05:00,22.41783216840271,22.516980728748912,22.29885124839468,22.318681716918945,3651400,0.0,0.0
2023-11-10 00:00:00-05:00,22.497153165006733,22.546727447413478,22.437661756753453,22.48723793029785,4598700,0.0,0.0
2023-11-13 00:00:00-05:00,22.298851762975918,22.32859746644875,22.16004226237794,22.1997013092041,3552200,0.0,0.0
2023-11-14 00:00:00-05:00,22.398001642001326,22.58638731021993,22.36825593929179,22.47732162475586,8294900,0.0,0.0
2023-11-15 00:00:00-05:00,22.516980728748912,22.566556900059577,22.259192202483714,22.318681716918945,10043100,0.0,0.0
2023-11-16 00:00:00-05:00,22.11046554915209,22.288935983348868,21.97165605194907,22.0708065032959,8094000,0.0,0.0
2023-11-17 00:00:00-05:00,21.892336214923365,22.11046569642929,21.832846700174038,22.001401901245117,4285900,0.0,0.0
2023-11-20 00:00:00-05:00,22.001402588494958,22.10055304359935,21.951826415373944,22.06089210510254,6314900,0.0,0.0
2023-11-21 00:00:00-05:00,22.06089126904746,22.120380783400527,21.941910349203752,22.0708065032959,3574100,0.0,0.0
2023-11-22 00:00:00-05:00,22.03114586072863,22.080722032633368,21.922082064813388,21.931997299194336,3400000,0.0,0.0
2023-11-24 00:00:00-05:00,22.041061720740036,22.16995788021345,22.01131790789051,22.150127410888672,2252400,0.0,0.0
2023-11-27 00:00:00-05:00,22.041061401367188,22.100552808479495,21.9220823694178,22.041061401367188,3942200,0.0,0.0
2023-11-28 00:00:00-05:00,22.031146550679964,22.13029700645695,21.97165703366883,21.991487503051758,6031700,0.0,0.0
2023-11-29 00:00:00-05:00,22.199700237674467,22.35834019959714,22.12038025671313,22.18978500366211,9163200,0.0,0.0
2023-11-30 00:00:00-05:00,22.209615910891095,22.249276847724833,21.882420746562975,21.981571197509766,7053100,0.0,0.0
2023-12-01 00:00:00-05:00,22.328596549745303,22.824346907113693,22.30876608157756,22.774770736694336,7041600,0.0,0.0
2023-12-04 00:00:00-05:00,23.468822251355235,24.11329734478853,23.468822251355235,24.103382110595703,9780200,0.0,0.0
2023-12-05 00:00:00-05:00,24.162874221801758,24.20253326859436,24.07363900259638,24.162874221801758,6595900,0.0,0.0
2023-12-06 00:00:00-05:00,24.073637568677746,24.20253182699829,23.78610145922327,23.796016693115234,21084700,0.0,0.0
2023-12-07 00:00:00-05:00,23.835678998128163,23.85550757591382,23.617547622247514,23.667123794555664,6126900,0.0,0.0
2023-12-08 00:00:00-05:00,23.90508377370651,23.974488523874307,23.805933320122115,23.91499900817871,6357000,0.0,0.0
2023-12-11 00:00:00-05:00,24.024063047309074,24.242194425621474,24.024063047309074,24.182703018188477,4917200,0.0,0.0
2023-12-12 00:00:00-05:00,24.133128588378604,24.321514261818525,24.053808603425626,24.252107620239258,3549200,0.0,0.0
2023-12-13 00:00:00-05:00,24.262022662232553,24.52972831850122,24.252107427799906,24.480154037475586,4540300,0.0,0.0
2023-12-14 00:00:00-05:00,24.737943376484267,24.827178591334494,24.44049202993768,24.470237731933594,4504900,0.0,0.0
2023-12-15 00:00:00-05:00,24.47023908399209,24.509898131040412,24.29176864443058,24.34134292602539,4202900,0.0,0.0
2023-12-18 00:00:00-05:00,24.321513293715377,24.3512571049278,24.23227807780303,24.33142852783203,2651100,0.0,0.0
2023-12-19 00:00:00-05:00,24.18270227064889,24.390918407952714,24.172787036383227,24.28185272216797,2959300,0.0,0.0
2023-12-20 00:00:00-05:00,24.004232381857307,24.0538085543127,23.746443849639697,23.756357192993164,3328300,0.0,0.0
2023-12-21 00:00:00-05:00,23.944741893281815,24.02406187485042,23.805932398321133,23.835678100585938,9433800,0.0,0.0
2023-12-22 00:00:00-05:00,23.7464441477562,23.7464441477562,23.538228003104788,23.6175479888916,3970900,0.0,0.0
2023-12-26 00:00:00-05:00,23.71669722181894,23.805932437623134,23.66712294243329,23.67703628540039,2778400,0.0,0.0
2023-12-27 00:00:00-05:00,23.73652741606652,23.875336909654255,23.696866480105726,23.815847396850586,2582900,0.0,0.0
2023-12-28 00:00:00-05:00,23.895167777212645,24.103382021076037,23.895167777212645,24.01414680480957,3479800,0.0,0.0
2023-12-29 00:00:00-05:00,23.79601674562482,23.79601674562482,23.52831110336354,23.63737678527832,3082000,0.0,0.0
2024-01-02 00:00:00-05:00,23.31018188053695,23.33992758259733,23.141626684469838,23.25069236755371,7344400,0.0,0.0
2024-01-03 00:00:00-05:00,23.35975771022755,23.5977176690949,23.32009866265182,23.54814338684082,5553000,0.0,0.0
2024-01-04 00:00:00-05:00,23.637378223224342,23.77618772418743,23.57788870725982,23.59771728515625,5149800,0.0,0.0
2024-01-05 00:00:00-05:00,23.736527272224695,23.984402447064983,23.696866336504247,23.885251998901367,4898000,0.0,0.0
2024-01-08 00:00:00-05:00,23.54814287215371,23.68695237234132,23.409333371966103,23.667123794555664,4719300,0.0,0.0
2024-01-09 00:00:00-05:00,23.409332184093444,23.46882169670691,23.290351267729005,23.320096969604492,3361600,0.0,0.0
2024-01-10 00:00:00-05:00,23.63737816137544,23.914999053712815,23.63737816137544,23.756357192993164,3761400,0.0,0.0
2024-01-11 00:00:00-05:00,23.667123864848676,23.81584859993964,23.508482004129025,23.756357192993164,6026100,0.0,0.0
2024-01-12 00:00:00-05:00,24.053808878105823,24.17278791132515,23.726613700046222,23.86542320251465,5834000,0.0,0.0
2024-01-16 00:00:00-05:00,23.914998326739585,24.03397735474056,23.409332729891556,23.448991775512695,13829100,0.0,0.0
2024-01-17 00:00:00-05:00,23.121797625523453,23.290352831862695,22.963157653808594,22.963157653808594,13203700,0.0,0.0
2024-01-18 00:00:00-05:00,23.448992217858628,23.538227436111484,23.121797047977346,23.24077796936035,10905800,0.0,0.0
2024-01-19 00:00:00-05:00,23.538226790210544,23.686951519505026,23.47873727672026,23.67703628540039,7195300,0.0,0.0
2024-01-22 00:00:00-05:00,24.0637230084544,24.688367632035224,24.043892540115316,24.262022018432617,14468500,0.0,0.0
2024-01-23 00:00:00-05:00,24.18270149111714,24.32151287522428,23.994317719554783,24.133127212524414,16556400,0.0,0.0
2024-01-24 00:00:00-05:00,23.796018580386512,23.905084270710663,23.518397682805784,23.54814338684082,11734200,0.0,0.0
2024-01-25 00:00:00-05:00,23.835679023538717,23.944742820457705,23.72661333548212,23.91499900817871,9274800,0.0,0.0
2024-01-26 00:00:00-05:00,23.905082921923174,24.014146714956013,23.8158477059906,23.924911499023438,4097400,0.0,0.0
2024-01-29 00:00:00-05:00,24.043892507277576,24.252106751140968,23.924911588543104,24.01414680480957,10194200,0.0,0.0
2024-01-30 00:00:00-05:00,24.103382814906436,24.172787565146702,24.033978064666165,24.162874221801758,5716200,0.0,0.0
2024-01-31 00:00:00-05:00,24.321513570226216,24.450407832933035,24.182702182152457,24.192617416381836,6369700,0.0,0.0
2024-02-01 00:00:00-05:00,24.252106349863737,24.906498555369385,24.252106349863737,24.876752853393555,10739900,0.0,0.0
2024-02-02 00:00:00-05:00,24.52972823097602,24.599132980619302,24.242193998005618,24.390918731689453,4568500,0.0,0.0
2024-02-05 00:00:00-05:00,24.3512571049278,24.361172339044455,24.192617141336417,24.33142852783203,4258000,0.0,0.0
2024-02-06 00:00:00-05:00,24.410747983723578,24.480152729907363,24.361171814208376,24.450407028198242,2523100,0.0,0.0
2024-02-07 00:00:00-05:00,24.361173629760742,24.42066314647503,24.222364127048188,24.361173629760742,2884600,0.0,0.0
2024-02-08 00:00:00-05:00,23.64729282484379,23.696867104964483,23.339928127592874,23.379587173461914,6030300,0.0,0.0
2024-02-09 00:00:00-05:00,24.0141474223248,24.24219403150188,23.845592219613533,23.984403610229492,7359300,0.0,0.0
2024-02-12 00:00:00-05:00,23.726612455923576,23.815847671727774,23.55805725841982,23.67703628540039,6051300,0.0,0.0
2024-02-13 00:00:00-05:00,23.93482622488392,24.093466185142535,23.914997648204718,24.04389190673828,5544900,0.0,0.0
2024-02-14 00:00:00-05:00,24.202532448457795,24.42066192626953,24.202532448457795,24.42066192626953,2561600,0.0,0.0
2024-02-15 00:00:00-05:00,24.271938345609477,24.539644006829743,24.18270312520272,24.519813537597656,4155200,0.0,0.0
2024-02-16 00:00:00-05:00,24.450407952704985,24.5991326845991,24.410748906730753,24.529727935791016,3845500,0.0,0.0
2024-02-20 00:00:00-05:00,24.8866686624337,25.382419026660912,24.866838193991594,25.253522872924805,9984700,0.0,0.0
2024-02-21 00:00:00-05:00,25.104798375608162,25.283268810973517,25.015563157925484,25.273353576660156,4656200,0.0,0.0
2024-02-22 00:00:00-05:00,25.37250467867263,25.759189371112296,25.36258944410525,25.73935890197754,5350700,0.0,0.0
2024-02-23 00:00:00-05:00,25.570804636802492,25.620378916658165,25.3526732667074,25.41216278076172,4745500,0.0,0.0
2024-02-26 00:00:00-05:00,25.273354046140668,25.392334968973632,25.13454454545022,25.31301498413086,4407700,0.0,0.0
2024-02-27 00:00:00-05:00,25.31301460184485,25.392334585489703,25.243607961410216,25.36258888244629,3701800,0.0,0.0
2024-02-28 00:00:00-05:00,25.114713668823242,25.203948886715203,25.02547845093128,25.114713668823242,4412000,0.0,0.0
2024-02-29 00:00:00-05:00,25.293183534381733,25.41216256146362,25.233694020840787,25.392333984375,5242600,0.0,0.0
2024-03-01 00:00:00-05:00,26.09629816463861,26.354088574002063,26.08638293068569,26.25493812561035,7159600,0.0,0.0
2024-03-04 00:00:00-05:00,26.126044844882617,26.225195296987383,26.06655533007479,26.17561912536621,7581800,0.0,0.0
2024-03-05 00:00:00-05:00,26.254938562521765,26.254938562521765,25.94757386941632,26.046724319458008,10445300,0.0,0.0
2024-03-06 00:00:00-05:00,26.294600666885604,26.433410168426757,26.04672547634061,26.145875930786133,6574500,0.0,0.0
2024-03-07 00:00:00-05:00,26.155788952224523,26.16570418666078,25.9574899369122,26.03680992126465,3812200,0.0,0.0
2024-03-08 00:00:00-05:00,26.106213742650766,26.135959444901555,25.917828077337486,25.957489013671875,8199000,0.0,0.0
2024-03-11 00:00:00-04:00,25.828593606583766,25.91782882477203,25.7889345602432,25.858339309692383,3130200,0.0,0.0
2024-03-12 00:00:00-04:00,25.8186798822742,25.977319847570158,25.788934179604624,25.907913208007812,2693600,0.0,0.0
2024-03-13 00:00:00-04:00,25.94757429189244,25.94757429189244,25.70961434260047,25.83850860595703,6486600,0.0,0.0
2024-03-14 00:00:00-04:00,25.828592735588824,25.937658418838236,25.531143279083636,25.620378494262695,4013600,0.0,0.0
2024-03-15 00:00:00-04:00,25.610463024471244,25.699698238828855,25.570803979833144,25.600547790527344,6998500,0.0,0.0
2024-03-18 00:00:00-04:00,25.76910354929027,25.808764485933914,25.630294053312628,25.72944450378418,5762200,0.0,0.0
2024-03-19 00:00:00-04:00,25.68978393242201,25.76910391569959,25.57080490307443,25.679868698120117,4106200,0.0,0.0
2024-03-20 00:00:00-04:00,25.709613834994546,26.02689376111952,25.709613834994546,25.957489013671875,2814200,0.0,0.0
2024-03-21 00:00:00-04:00,25.917827658865328,25.98723240519236,25.73935723051725,25.759187698364258,4774200,0.0,0.0
2024-03-22 00:00:00-04:00,25.838507915047487,25.858338383075953,25.719528889151732,25.77901840209961,3487800,0.0,0.0
2024-03-25 00:00:00-04:00,25.759189301209997,25.798850239371887,25.65012550354004,25.65012550354004,3834600,0.0,0.0
2024-03-26 00:00:00-04:00,25.729444869629585,25.828593430373378,25.640209652050114,25.679868698120117,6215200,0.0,0.0
2024-03-27 00:00:00-04:00,25.808764705642805,25.977319905538085,25.63029427150221,25.7492733001709,5778900,0.0,0.0
2024-03-28 00:00:00-04:00,25.917827878766094,26.254938270475467,25.917827878766094,26.18553352355957,5000500,0.0,0.0
2024-04-01 00:00:00-04:00,26.11613025098745,26.16570453268672,25.729445558547784,25.73935890197754,9425600,0.0,0.0
2024-04-02 00:00:00-04:00,25.491482252476608,25.6501241053389,25.382418460751772,25.531143188476562,7603800,0.0,0.0
2024-04-03 00:00:00-04:00,25.46173858642578,25.580717612827286,25.422077650200258,25.46173858642578,2233400,0.0,0.0
2024-04-04 00:00:00-04:00,25.620378916658165,25.818679818355967,25.3526732667074,25.41216278076172,7701600,0.0,0.0
2024-04-05 00:00:00-04:00,25.580717467338985,25.6501241053389,25.41216227161422,25.531143188476562,13389900,0.0,0.0
2024-04-08 00:00:00-04:00,25.64020982697529,26.01697927732983,25.64020982697529,25.858339309692383,4980400,0.0,0.0
2024-04-09 00:00:00-04:00,26.28468545530998,26.522645411504723,26.215280704478715,26.39375114440918,4153300,0.0,0.0
2024-04-10 00:00:00-04:00,26.235108038447844,26.324343254181684,26.116129011561082,26.205364227294922,3171100,0.0,0.0
2024-04-11 00:00:00-04:00,26.22519576733898,26.245024345205497,26.0566405630791,26.215280532836914,4102600,0.0,0.0
2024-04-12 00:00:00-04:00,26.066556141907775,26.1062151893023,25.828594292990076,25.917829513549805,5725200,0.0,0.0
2024-04-15 00:00:00-04:00,25.719528667722432,25.788933414087012,25.313013532326323,25.352672576904297,7048400,0.0,0.0
2024-04-16 00:00:00-04:00,25.283268810973517,25.392334497282917,25.15437454717497,25.273353576660156,4823600,0.0,0.0
2024-04-17 00:00:00-04:00,25.3526732667074,25.521228465809266,25.31301422105037,25.41216278076172,4573900,0.0,0.0
2024-04-18 00:00:00-04:00,25.14445862564367,25.42207761427994,25.05522341039986,25.213863372802734,5151100,0.0,0.0
2024-04-19 00:00:00-04:00,25.332842434830365,25.600548080940047,25.332842434830365,25.46173858642578,3394000,0.0,0.0
2024-04-22 00:00:00-04:00,25.60054829499447,25.90791298876212,25.60054829499447,25.888084411621094,3162100,0.0,0.0
2024-04-23 00:00:00-04:00,25.927743635425884,26.086383600470807,25.878169355525927,26.06655502319336,1973600,0.0,0.0
2024-04-24 00:00:00-04:00,26.11613005432939,26.145875757807534,25.848424396438883,25.967405319213867,2592900,0.0,0.0
2024-04-25 00:00:00-04:00,26.26485475254479,26.413579487451365,26.076469079723072,26.373920440673828,2622200,0.0,0.0
2024-04-26 00:00:00-04:00,26.373920589227872,26.443325339832693,26.264854900484508,26.304515838623047,2531800,0.0,0.0
2024-04-29 00:00:00-04:00,27.434825485890375,27.563719749681848,27.216696004421124,27.23652458190918,8003100,0.0,0.0
2024-04-30 00:00:00-04:00,27.256355754839127,27.424910960237337,27.147290065717456,27.296016693115234,5216000,0.0,0.0
2024-05-01 00:00:00-04:00,27.35550451797716,27.484398777129616,27.30593023933487,27.31584358215332,4509300,0.0,0.0
2024-05-02 00:00:00-04:00,27.315843817805675,27.464570437290618,27.27618477277721,27.335674285888672,6566900,0.0,0.0
2024-05-03 00:00:00-04:00,27.22660880310021,27.256354505443788,26.89941364187101,27.107629776000977,3642800,0.0,0.0
2024-05-06 00:00:00-04:00,27.107630785431386,27.31584503617727,27.058056504150255,27.276185989379883,2502200,0.0,0.0
2024-05-07 00:00:00-04:00,26.939075853436865,26.939075853436865,26.701115896837496,26.889501571655273,4212000,0.0,0.0
2024-05-08 00:00:00-04:00,26.701115725562765,26.84984046109117,26.65153955296155,26.711030960083008,2556000,0.0,0.0
2024-05-09 00:00:00-04:00,26.57221832210807,26.61187925832955,26.49289834080264,26.52264404296875,2022900,0.0,0.0
2024-05-10 00:00:00-04:00,26.542474981976895,26.611879730458288,26.473070233495502,26.562305450439453,2281300,0.0,0.0
2024-05-13 00:00:00-04:00,26.730859067549186,26.830009519869044,26.651539083920817,26.671369552612305,4739500,0.0,0.0
2024-05-14 00:00:00-04:00,26.621795272021167,26.68128478695805,26.572219100292447,26.671369552612305,1893800,0.0,0.0
2024-05-15 00:00:00-04:00,26.770520499928764,27.00848045521384,26.69120051483374,26.958906173706055,2834500,0.0,0.0
2024-05-16 00:00:00-04:00,27.048141306595838,27.067969884452797,26.79035088307925,26.869670867919922,3894800,0.0,0.0
2024-05-17 00:00:00-04:00,26.91924545357418,27.008480673920886,26.8895016408837,26.978734970092773,1913200,0.0,0.0
2024-05-20 00:00:00-04:00,27.058056304531963,27.06796964780497,26.83000969536337,26.84984016418457,1859500,0.0,0.0
2024-05-21 00:00:00-04:00,26.770519256591797,26.899413517208206,26.750688788454646,26.770519256591797,4435800,0.0,0.0
2024-05-22 00:00:00-04:00,26.63170996285707,26.651538540006303,26.52264427841732,26.5424747467041,1825300,0.0,0.0
2024-05-23 00:00:00-04:00,27.04814022803917,27.147288786783207,26.760604112496356,26.85975456237793,3038200,0.0,0.0
2024-05-24 00:00:00-04:00,26.879584831083452,27.13737524240723,26.879584831083452,27.087799072265625,2190400,0.0,0.0
2024-05-28 00:00:00-04:00,26.800266462732125,26.948991199831582,26.552391270520484,26.572219848632812,5448600,0.0,0.0
2024-05-29 00:00:00-04:00,26.145875930786133,26.254939728652346,26.026895007223985,26.145875930786133,3442400,0.0,0.0
2024-05-30 00:00:00-04:00,26.33425805312096,26.512728481639524,26.324342819187983,26.413578033447266,7077500,0.0,0.0
2024-05-31 00:00:00-04:00,26.54247534787929,26.552390582247256,26.314430630828834,26.51272964477539,3814900,0.0,0.0
2024-06-03 00:00:00-04:00,27.34558962510281,28.128876097155974,27.296015345842182,28.079299926757812,6929400,0.0,0.0
2024-06-04 00:00:00-04:00,25.838508116314316,25.858338584497247,24.916412148320777,25.550973892211914,11344000,0.0,0.0
2024-06-05 00:00:00-04:00,26.552390730242546,26.651539292199658,26.056640355906605,26.44332504272461,7754400,0.0,0.0
2024-06-06 00:00:00-04:00,26.45323986478388,26.582134128001425,26.235108493148324,26.245023727416992,4327800,0.0,0.0
2024-06-07 00:00:00-04:00,26.53255942265878,26.53255942265878,26.393749927396744,26.45323944091797,3665400,0.0,0.0
2024-06-10 00:00:00-04:00,26.42349373858859,26.52264418854899,26.32434328862819,26.45323944091797,3401500,0.0,0.0
2024-06-11 00:00:00-04:00,26.274769577470977,26.373920029575743,26.08638390758568,26.17561912536621,6984300,0.0,0.0
2024-06-12 00:00:00-04:00,26.284684445007958,26.443324409706825,26.2152796968444,26.225194931030273,8576500,0.0,0.0
2024-06-13 00:00:00-04:00,26.10621403668297,26.116129270878243,25.73935793600814,25.818679809570312,7808600,0.0,0.0
2024-06-14 00:00:00-04:00,25.77901949933479,26.076468967872074,25.739358561589764,26.03680992126465,11818900,0.0,0.0
2024-06-17 00:00:00-04:00,26.03681000796493,26.155789039320993,25.94757478887908,26.12604522705078,5252500,0.0,0.0
2024-06-18 00:00:00-04:00,26.4631553916004,26.859755311043646,26.36400493895519,26.760604858398438,7631000,0.0,0.0
2024-06-20 00:00:00-04:00,27.395165279217334,27.603381423064086,27.087800571873455,27.54389190673828,8426200,0.0,0.0
2024-06-21 00:00:00-04:00,27.424910062168156,27.5736347935581,27.22660915955652,27.464570999145508,8143900,0.0,0.0
2024-06-24 00:00:00-04:00,27.692615074272233,27.970234062156653,27.603379859270092,27.900829315185547,7840300,0.0,0.0
2024-06-25 00:00:00-04:00,28.426326238743883,28.59488143987689,28.247855803292747,28.545307159423828,6479700,0.0,0.0
2024-06-26 00:00:00-04:00,28.65437126159668,28.69403219929404,28.386665605552288,28.65437126159668,4916300,0.0,0.0
2024-06-27 00:00:00-04:00,28.783267740188837,28.9220772414083,28.703947755043767,28.763437271118164,3274300,0.0,0.0
2024-06-28 00:00:00-04:00,28.654371174219904,28.70394734619043,28.376752175735323,28.565135955810547,5988700,0.0,0.0
2024-07-01 00:00:00-04:00,28.753521627023364,28.8030959078563,28.555220721416443,28.565135955810547,2502500,0.0,0.0
2024-07-02 00:00:00-04:00,28.327175464779984,28.535391600819256,28.10904598567282,28.436241149902344,5920900,0.0,0.0
2024-07-03 00:00:00-04:00,28.485816439735068,28.63454117581458,28.416411688973803,28.60479736328125,2031100,0.0,0.0
2024-07-05 00:00:00-04:00,29.120376861680537,29.249271122662943,28.753520764651707,28.981565475463867,7044000,0.0,0.0
2024-07-08 00:00:00-04:00,28.981565385132626,29.070800600587518,28.852671124551964,28.892330169677734,3991600,0.0,0.0
2024-07-09 00:00:00-04:00,29.150121453832185,29.24927190631841,29.090631938795482,29.130290985107422,6897800,0.0,0.0
2024-07-10 00:00:00-04:00,29.0807165738302,29.239356540640664,29.001396590424967,29.199697494506836,3556100,0.0,0.0
2024-07-11 00:00:00-04:00,29.249272054621883,29.31867680437287,29.031142570956273,29.06088638305664,3687700,0.0,0.0
2024-07-12 00:00:00-04:00,29.080716308282987,29.120377245192234,28.7931820802412,28.931991577148438,3270400,0.0,0.0
2024-07-15 00:00:00-04:00,29.001397163928868,29.001397163928868,28.872502897523066,28.922077178955078,4898100,0.0,0.0
2024-07-16 00:00:00-04:00,29.09063092151146,29.40791084546219,29.050969985448855,29.36825180053711,7632500,0.0,0.0
2024-07-17 00:00:00-04:00,29.259186210228126,29.288931912369346,29.00139579841681,29.05097007751465,3872100,0.0,0.0
2024-07-18 00:00:00-04:00,29.160035706346463,29.298845200470765,29.150120472317937,29.209609985351562,5151000,0.0,0.0
2024-07-19 00:00:00-04:00,29.110463025100078,29.358338216005528,29.100547790527344,29.100547790527344,4027000,0.0,0.0
2024-07-22 00:00:00-04:00,29.298845966777257,29.31867643535297,28.97165079982829,29.110462188720703,3183300,0.0,0.0
2024-07-23 00:00:00-04:00,28.803095569432024,29.041057409819416,28.694031774653503,28.862586975097656,3815100,0.0,0.0
2024-07-24 00:00:00-04:00,28.69403086835678,28.703946102321215,28.32717477622275,28.376750946044922,8535500,0.0,0.0
2024-07-25 00:00:00-04:00,28.158619671848825,28.36683580349794,28.049555880163588,28.05946922302246,6883900,0.0,0.0
2024-07-26 00:00:00-04:00,28.446157306942954,28.614712511628618,28.396581134307397,28.515562057495117,4750400,0.0,0.0
2024-07-29 00:00:00-04:00,28.624627981570747,28.783267953033988,28.515562292013158,28.53539276123047,4829400,0.0,0.0
2024-07-30 00:00:00-04:00,28.47590059064839,28.773351947525832,28.47590059064839,28.634540557861328,6613800,0.0,0.0
2024-07-31 00:00:00-04:00,28.862586975097656,28.971650769876177,28.72377558634875,28.862586975097656,4114200,0.0,0.0
2024-08-01 00:00:00-04:00,28.644455720329947,28.644455720329947,28.347006255336442,28.545307159423828,5492200,0.0,0.0
2024-08-02 00:00:00-04:00,27.95040610334614,28.109046068827478,27.801681372099576,27.87108612060547,5252400,0.0,0.0
2024-08-05 00:00:00-04:00,27.196864827076283,27.593464733566158,27.028309630425895,27.58354949951172,8653700,0.0,0.0
2024-08-06 00:00:00-04:00,27.573634500829844,27.752104933058117,27.315844086626505,27.60338020324707,7200800,0.0,0.0
2024-08-07 00:00:00-04:00,27.890915661253487,27.940491834139678,27.464571921258003,27.54389190673828,3726400,0.0,0.0
2024-08-08 00:00:00-04:00,27.573634157223537,27.970234062156653,27.573634157223537,27.900829315185547,9793100,0.0,0.0
2024-08-09 00:00:00-04:00,27.78185197112745,27.920661473472887,27.76202150189592,27.88100242614746,4188400,0.0,0.0
2024-08-12 00:00:00-04:00,27.969999313354492,28.059999465942383,27.739999771118164,27.760000228881836,4059800,0.239,0.0
2024-08-13 00:00:00-04:00,27.760000228881836,27.770000457763672,27.510000228881836,27.6200008392334,6440700,0.0,0.0
2024-08-14 00:00:00-04:00,27.579999923706055,27.649999618530273,27.5,27.579999923706055,2990700,0.0,0.0
2024-08-15 00:00:00-04:00,27.760000228881836,27.889999389648438,27.690000534057617,27.84000015258789,5746300,0.0,0.0
2024-08-16 00:00:00-04:00,28.1299991607666,28.25,28.079999923706055,28.190000534057617,2708000,0.0,0.0
2024-08-19 00:00:00-04:00,28.100000381469727,28.149999618530273,28.010000228881836,28.020000457763672,2603300,0.0,0.0
2024-08-20 00:00:00-04:00,27.950000762939453,28.040000915527344,27.850000381469727,27.90999984741211,9374400,0.0,0.0
2024-08-21 00:00:00-04:00,27.90999984741211,28.139999389648438,27.90999984741211,28.100000381469727,3658400,0.0,0.0
2024-08-22 00:00:00-04:00,28.280000686645508,28.420000076293945,28.1299991607666,28.34000015258789,3918000,0.0,0.0
2024-08-23 00:00:00-04:00,28.540000915527344,28.719999313354492,28.5,28.600000381469727,4235400,0.0,0.0
2024-08-26 00:00:00-04:00,28.700000762939453,28.790000915527344,28.6299991607666,28.670000076293945,2749900,0.0,0.0
2024-08-27 00:00:00-04:00,28.889999389648438,29.06999969482422,28.860000610351562,29.0,4085700,0.0,0.0
2024-08-28 00:00:00-04:00,28.90999984741211,29.020000457763672,28.829999923706055,28.889999389648438,2742200,0.0,0.0
2024-08-29 00:00:00-04:00,28.950000762939453,29.260000228881836,28.940000534057617,29.1200008392334,2901400,0.0,0.0
2024-08-30 00:00:00-04:00,29.200000762939453,29.31999969482422,29.1299991607666,29.309999465942383,2870200,0.0,0.0
2024-09-03 00:00:00-04:00,29.65999984741211,29.690000534057617,29.440000534057617,29.489999771118164,7158200,0.0,0.0
2024-09-04 00:00:00-04:00,29.489999771118164,29.719999313354492,29.469999313354492,29.600000381469727,5991900,0.0,0.0
2024-09-05 00:00:00-04:00,29.649999618530273,29.649999618530273,29.030000686645508,29.110000610351562,4389600,0.0,0.0
2024-09-06 00:00:00-04:00,28.760000228881836,28.860000610351562,28.43000030517578,28.559999465942383,5257100,0.0,0.0
2024-09-09 00:00:00-04:00,29.43000030517578,29.43000030517578,29.100000381469727,29.1299991607666,4763400,0.0,0.0
2024-09-10 00:00:00-04:00,29.200000762939453,29.260000228881836,28.639999389648438,28.959999084472656,5517700,0.0,0.0
2024-09-11 00:00:00-04:00,29.030000686645508,29.260000228881836,28.940000534057617,29.190000534057617,5515400,0.0,0.0
2024-09-12 00:00:00-04:00,29.420000076293945,29.649999618530273,29.40999984741211,29.6200008392334,3268000,0.0,0.0
2024-09-13 00:00:00-04:00,29.59000015258789,29.65999984741211,29.540000915527344,29.6200008392334,6887900,0.0,0.0
2024-09-16 00:00:00-04:00,30.0,30.110000610351562,29.90999984741211,29.950000762939453,10700500,0.0,0.0
2024-09-17 00:00:00-04:00,30.06999969482422,30.09000015258789,29.860000610351562,29.940000534057617,7592700,0.0,0.0
2024-09-18 00:00:00-04:00,30.420000076293945,30.559999465942383,30.280000686645508,30.440000534057617,4790300,0.0,0.0
2024-09-19 00:00:00-04:00,30.670000076293945,30.8700008392334,30.639999389648438,30.780000686645508,4078700,0.0,0.0
2024-09-20 00:00:00-04:00,31.510000228881836,31.600000381469727,31.31999969482422,31.3799991607666,6995700,0.0,0.0
2024-09-23 00:00:00-04:00,31.40999984741211,31.43000030517578,31.229999542236328,31.360000610351562,6414600,0.0,0.0
2024-09-24 00:00:00-04:00,31.3700008392334,31.389999389648438,31.209999084472656,31.25,3300100,0.0,0.0
2024-09-25 00:00:00-04:00,31.270000457763672,31.43000030517578,31.18000030517578,31.280000686645508,4823700,0.0,0.0
2024-09-26 00:00:00-04:00,31.34000015258789,31.489999771118164,31.239999771118164,31.280000686645508,7037800,0.0,0.0
2024-09-27 00:00:00-04:00,31.06999969482422,31.06999969482422,30.549999237060547,30.600000381469727,4492100,0.0,0.0
2024-09-30 00:00:00-04:00,30.15999984741211,30.190000534057617,29.780000686645508,29.850000381469727,13146600,0.0,0.0
2024-10-01 00:00:00-04:00,30.030000686645508,30.09000015258789,29.709999084472656,29.8700008392334,6290000,0.0,0.0
2024-10-02 00:00:00-04:00,29.8700008392334,29.889999389648438,29.450000762939453,29.6200008392334,7981700,0.0,0.0
2024-10-03 00:00:00-04:00,29.459999084472656,29.600000381469727,29.200000762939453,29.299999237060547,13415900,0.0,0.0
2024-10-04 00:00:00-04:00,29.34000015258789,29.459999084472656,29.299999237060547,29.40999984741211,7502500,0.0,0.0
2024-10-07 00:00:00-04:00,29.18000030517578,29.31999969482422,28.790000915527344,28.809999465942383,7306900,0.0,0.0
2024-10-08 00:00:00-04:00,29.219999313354492,29.3700008392334,29.1200008392334,29.299999237060547,5230900,0.0,0.0
2024-10-09 00:00:00-04:00,29.31999969482422,29.43000030517578,29.139999389648438,29.350000381469727,6289800,0.0,0.0
2024-10-10 00:00:00-04:00,29.43000030517578,29.450000762939453,29.149999618530273,29.200000762939453,4744400,0.0,0.0
2024-10-11 00:00:00-04:00,29.0,29.0,28.68000030517578,28.700000762939453,3770900,0.0,0.0
2024-10-14 00:00:00-04:00,29.1200008392334,29.190000534057617,29.030000686645508,29.139999389648438,3113800,0.0,0.0
2024-10-15 00:00:00-04:00,29.510000228881836,29.56999969482422,29.270000457763672,29.290000915527344,4584700,0.0,0.0
2024-10-16 00:00:00-04:00,29.420000076293945,29.600000381469727,29.360000610351562,29.549999237060547,4627300,0.0,0.0
2024-10-17 00:00:00-04:00,29.260000228881836,29.260000228881836,28.790000915527344,28.8799991607666,4611700,0.0,0.0
2024-10-18 00:00:00-04:00,29.709999084472656,29.780000686645508,29.559999465942383,29.600000381469727,4249900,0.0,0.0
2024-10-21 00:00:00-04:00,29.559999465942383,29.610000610351562,29.459999084472656,29.520000457763672,5481000,0.0,0.0
2024-10-22 00:00:00-04:00,29.780000686645508,29.8700008392334,29.719999313354492,29.860000610351562,7211900,0.0,0.0
2024-10-23 00:00:00-04:00,29.479999542236328,29.670000076293945,29.420000076293945,29.56999969482422,5199200,0.0,0.0
2024-10-24 00:00:00-04:00,29.600000381469727,29.690000534057617,29.5,29.56999969482422,2899600,0.0,0.0
2024-10-25 00:00:00-04:00,29.540000915527344,29.68000030517578,29.459999084472656,29.479999542236328,3612200,0.0,0.0
2024-10-28 00:00:00-04:00,30.68000030517578,31.200000762939453,30.56999969482422,31.149999618530273,10491100,0.0,0.0
2024-10-29 00:00:00-04:00,31.559999465942383,31.600000381469727,31.200000762939453,31.25,6047300,0.0,0.0
2024-10-30 00:00:00-04:00,31.0,31.530000686645508,30.899999618530273,31.290000915527344,10396700,0.0,0.0
2024-10-31 00:00:00-04:00,30.81999969482422,30.81999969482422,30.389999389648438,30.40999984741211,4730800,0.0,0.0
2024-11-01 00:00:00-04:00,30.559999465942383,30.68000030517578,30.360000610351562,30.3799991607666,4930500,0.0,0.0
2024-11-04 00:00:00-05:00,30.309999465942383,30.469999313354492,30.18000030517578,30.190000534057617,6186300,0.0,0.0
2024-11-05 00:00:00-05:00,30.549999237060547,31.170000076293945,30.549999237060547,30.989999771118164,4542300,0.0,0.0
2024-11-06 00:00:00-05:00,31.100000381469727,31.100000381469727,30.549999237060547,30.899999618530273,3523200,0.0,0.0
2024-11-07 00:00:00-05:00,30.440000534057617,30.440000534057617,29.850000381469727,30.0,7259900,0.0,0.0
2024-11-08 00:00:00-05:00,29.860000610351562,29.920000076293945,29.68000030517578,29.81999969482422,2979200,0.0,0.0
2024-11-11 00:00:00-05:00,29.81999969482422,30.09000015258789,29.75,30.0,2926600,0.0,0.0
2024-11-12 00:00:00-05:00,29.969999313354492,30.079999923706055,29.850000381469727,29.950000762939453,4150400,0.0,0.0
2024-11-13 00:00:00-05:00,29.780000686645508,29.809999465942383,29.639999389648438,29.729999542236328,2126400,0.0,0.0
2024-11-14 00:00:00-05:00,29.639999389648438,29.700000762939453,29.420000076293945,29.6299991607666,2736500,0.0,0.0
2024-11-15 00:00:00-05:00,29.579999923706055,29.65999984741211,29.3700008392334,29.459999084472656,2828200,0.0,0.0
2024-11-18 00:00:00-05:00,29.5,29.81999969482422,29.479999542236328,29.75,5995100,0.0,0.0
2024-11-19 00:00:00-05:00,29.280000686645508,29.84000015258789,29.270000457763672,29.760000228881836,2511700,0.0,0.0
2024-11-20 00:00:00-05:00,29.780000686645508,29.860000610351562,29.68000030517578,29.729999542236328,4548300,0.0,0.0
2024-11-21 00:00:00-05:00,29.770000457763672,29.8799991607666,29.600000381469727,29.81999969482422,2652000,0.0,0.0
2024-11-22 00:00:00-05:00,30.149999618530273,30.829999923706055,30.149999618530273,30.760000228881836,7565500,0.0,0.0
2024-11-25 00:00:00-05:00,31.100000381469727,31.360000610351562,31.010000228881836,31.190000534057617,8190400,0.0,0.0
2024-11-26 00:00:00-05:00,31.0,31.100000381469727,30.920000076293945,31.010000228881836,3933200,0.0,0.0
2024-11-27 00:00:00-05:00,30.979999542236328,31.030000686645508,30.829999923706055,30.8700008392334,6798100,0.0,0.0
2024-11-29 00:00:00-05:00,30.6200008392334,30.690000534057617,30.420000076293945,30.549999237060547,3612800,0.0,0.0
2024-12-02 00:00:00-05:00,30.649999618530273,30.670000076293945,30.420000076293945,30.540000915527344,6811400,0.0,0.0
2024-12-03 00:00:00-05:00,30.770000457763672,30.969999313354492,30.670000076293945,30.920000076293945,4079300,0.0,0.0
2024-12-04 00:00:00-05:00,31.030000686645508,31.34000015258789,30.68000030517578,30.8799991607666,7583600,0.0,0.0
2024-12-05 00:00:00-05:00,31.559999465942383,32.13999938964844,31.459999084472656,31.899999618530273,8824000,0.0,0.0
2024-12-06 00:00:00-05:00,31.420000076293945,31.469999313354492,31.079999923706055,31.25,4492600,0.0,0.0
2024-12-09 00:00:00-05:00,31.25,31.59000015258789,31.030000686645508,31.040000915527344,3886300,0.0,0.0
2024-12-10 00:00:00-05:00,31.190000534057617,31.25,31.030000686645508,31.059999465942383,3348200,0.0,0.0
2024-12-11 00:00:00-05:00,31.190000534057617,31.34000015258789,31.100000381469727,31.190000534057617,2887400,0.0,0.0
2024-12-12 00:00:00-05:00,31.25,31.280000686645508,30.920000076293945,30.920000076293945,4444200,0.0,0.0
2024-12-13 00:00:00-05:00,31.489999771118164,31.489999771118164,31.09000015258789,31.209999084472656,3286900,0.0,0.0
2024-12-16 00:00:00-05:00,31.5,31.510000228881836,31.280000686645508,31.459999084472656,6127800,0.0,0.0
2024-12-17 00:00:00-05:00,31.100000381469727,31.170000076293945,30.920000076293945,30.989999771118164,3785384,0.0,0.0
