Date,Open,High,Low,Close,Volume,Dividends,Stock Splits
2022-01-03 00:00:00-05:00,4.75,5.127999782562256,4.708000183105469,5.099999904632568,8000,0.0,0.0
2022-01-04 00:00:00-05:00,5.090000152587891,5.090000152587891,4.670000076293945,4.699999809265137,19700,0.0,0.0
2022-01-05 00:00:00-05:00,4.760000228881836,4.901000022888184,4.684999942779541,4.880000114440918,5500,0.0,0.0
2022-01-06 00:00:00-05:00,4.7129998207092285,5.150000095367432,4.690000057220459,4.764999866485596,36500,0.0,0.0
2022-01-07 00:00:00-05:00,4.769999980926514,4.879000186920166,4.519999980926514,4.53000020980835,25100,0.0,0.0
2022-01-10 00:00:00-05:00,4.449999809265137,4.78000020980835,4.21999979019165,4.71999979019165,45000,0.0,0.0
2022-01-11 00:00:00-05:00,4.317999839782715,4.909999847412109,4.317999839782715,4.639999866485596,97300,0.0,0.0
2022-01-12 00:00:00-05:00,4.679999828338623,4.679999828338623,4.300000190734863,4.510000228881836,32100,0.0,0.0
2022-01-13 00:00:00-05:00,4.460000038146973,4.460000038146973,4.190000057220459,4.320000171661377,33100,0.0,0.0
2022-01-14 00:00:00-05:00,4.349999904632568,4.619999885559082,4.306000232696533,4.5,12500,0.0,0.0
2022-01-18 00:00:00-05:00,4.489999771118164,4.789999961853027,4.489999771118164,4.599999904632568,9600,0.0,0.0
2022-01-19 00:00:00-05:00,4.480000019073486,4.789999961853027,4.460000038146973,4.630000114440918,21300,0.0,0.0
2022-01-20 00:00:00-05:00,4.630000114440918,4.659999847412109,4.329999923706055,4.610000133514404,17000,0.0,0.0
2022-01-21 00:00:00-05:00,4.53000020980835,4.789999961853027,4.260000228881836,4.420000076293945,64500,0.0,0.0
2022-01-24 00:00:00-05:00,4.300000190734863,4.309999942779541,3.9100000858306885,4.050000190734863,30200,0.0,0.0
2022-01-25 00:00:00-05:00,4.059999942779541,4.27400016784668,4.059999942779541,4.25,3100,0.0,0.0
2022-01-26 00:00:00-05:00,4.425000190734863,4.75,4.130000114440918,4.329999923706055,37100,0.0,0.0
2022-01-27 00:00:00-05:00,4.159999847412109,4.355000019073486,3.9100000858306885,3.9100000858306885,10300,0.0,0.0
2022-01-28 00:00:00-05:00,3.9200000762939453,3.9800000190734863,3.5399999618530273,3.9200000762939453,66200,0.0,0.0
2022-01-31 00:00:00-05:00,3.8399999141693115,4.579999923706055,3.8399999141693115,4.559999942779541,6800,0.0,0.0
2022-02-01 00:00:00-05:00,4.599999904632568,4.789999961853027,4.420000076293945,4.760000228881836,20300,0.0,0.0
2022-02-02 00:00:00-05:00,4.639999866485596,4.775000095367432,4.590000152587891,4.679999828338623,6300,0.0,0.0
2022-02-03 00:00:00-05:00,4.5,4.739999771118164,4.329999923706055,4.389999866485596,8600,0.0,0.0
2022-02-04 00:00:00-05:00,4.590000152587891,4.599999904632568,4.349999904632568,4.409999847412109,6100,0.0,0.0
2022-02-07 00:00:00-05:00,4.550000190734863,4.75,4.300000190734863,4.650000095367432,22600,0.0,0.0
2022-02-08 00:00:00-05:00,4.78000020980835,4.889999866485596,4.5,4.53000020980835,10400,0.0,0.0
2022-02-09 00:00:00-05:00,4.550000190734863,4.730000019073486,4.349999904632568,4.730000019073486,31300,0.0,0.0
2022-02-10 00:00:00-05:00,4.622000217437744,4.949999809265137,4.599999904632568,4.695000171661377,8500,0.0,0.0
2022-02-11 00:00:00-05:00,4.820000171661377,5.010000228881836,4.590000152587891,4.809999942779541,65300,0.0,0.0
2022-02-14 00:00:00-05:00,4.739999771118164,4.829999923706055,4.699999809265137,4.699999809265137,10000,0.0,0.0
2022-02-15 00:00:00-05:00,4.699999809265137,4.71999979019165,4.480000019073486,4.590000152587891,9300,0.0,0.0
2022-02-16 00:00:00-05:00,4.619999885559082,4.788000106811523,4.449999809265137,4.5,24600,0.0,0.0
2022-02-17 00:00:00-05:00,4.392000198364258,4.392000198364258,4.300000190734863,4.300000190734863,6300,0.0,0.0
2022-02-18 00:00:00-05:00,4.239999771118164,4.440000057220459,4.210000038146973,4.210000038146973,21800,0.0,0.0
2022-02-22 00:00:00-05:00,4.079999923706055,4.28000020980835,3.859999895095825,3.950000047683716,62600,0.0,0.0
2022-02-23 00:00:00-05:00,3.950000047683716,3.950000047683716,2.799999952316284,3.2100000381469727,194400,0.0,0.0
2022-02-24 00:00:00-05:00,3.0899999141693115,3.200000047683716,2.569000005722046,2.680000066757202,102600,0.0,0.0
2022-02-25 00:00:00-05:00,2.7100000381469727,3.0,2.259999990463257,2.4000000953674316,98600,0.0,0.0
2022-02-28 00:00:00-05:00,2.2799999713897705,2.9000000953674316,2.2799999713897705,2.609999895095825,27700,0.0,0.0
2022-03-01 00:00:00-05:00,2.559999942779541,2.880000114440918,2.559999942779541,2.690000057220459,5600,0.0,0.0
2022-03-02 00:00:00-05:00,2.700000047683716,2.700000047683716,2.509999990463257,2.509999990463257,6900,0.0,0.0
2022-03-03 00:00:00-05:00,2.6600000858306885,2.7100000381469727,2.619999885559082,2.6600000858306885,39800,0.0,0.0
2022-03-04 00:00:00-05:00,2.609999895095825,2.690000057220459,2.609999895095825,2.6500000953674316,4100,0.0,0.0
2022-03-07 00:00:00-05:00,2.609999895095825,2.6500000953674316,2.450000047683716,2.450000047683716,11700,0.0,0.0
2022-03-08 00:00:00-05:00,2.4000000953674316,2.569999933242798,2.4000000953674316,2.559999942779541,13900,0.0,0.0
2022-03-09 00:00:00-05:00,2.6700000762939453,2.890000104904175,2.6500000953674316,2.75,3600,0.0,0.0
2022-03-10 00:00:00-05:00,2.7799999713897705,2.7799999713897705,2.559999942779541,2.7100000381469727,4000,0.0,0.0
2022-03-11 00:00:00-05:00,2.5899999141693115,2.5899999141693115,2.5,2.5,14100,0.0,0.0
2022-03-14 00:00:00-04:00,2.5899999141693115,2.5899999141693115,2.2899999618530273,2.2899999618530273,4900,0.0,0.0
2022-03-15 00:00:00-04:00,2.450000047683716,2.450000047683716,2.2699999809265137,2.2699999809265137,2800,0.0,0.0
2022-03-16 00:00:00-04:00,2.2869999408721924,2.4000000953674316,2.2869999408721924,2.299999952316284,5000,0.0,0.0
2022-03-17 00:00:00-04:00,2.319999933242798,2.7799999713897705,2.319999933242798,2.690000057220459,17900,0.0,0.0
2022-03-18 00:00:00-04:00,2.809999942779541,4.099999904632568,2.680000066757202,4.099999904632568,134700,0.0,0.0
2022-03-21 00:00:00-04:00,4.190000057220459,4.190000057220459,3.630000114440918,3.6600000858306885,58400,0.0,0.0
2022-03-22 00:00:00-04:00,3.640000104904175,3.7100000381469727,3.5,3.680000066757202,84100,0.0,0.0
2022-03-23 00:00:00-04:00,4.409999847412109,4.639999866485596,3.240000009536743,3.950000047683716,8806600,0.0,0.0
2022-03-24 00:00:00-04:00,3.8399999141693115,4.083000183105469,3.5899999141693115,4.0,436200,0.0,0.0
2022-03-25 00:00:00-04:00,3.890000104904175,4.0,3.3949999809265137,3.880000114440918,335700,0.0,0.0
2022-03-28 00:00:00-04:00,3.890000104904175,3.890000104904175,3.5199999809265137,3.6700000762939453,182300,0.0,0.0
2022-03-29 00:00:00-04:00,3.509999990463257,3.549999952316284,3.299999952316284,3.3499999046325684,140000,0.0,0.0
2022-03-30 00:00:00-04:00,3.509999990463257,3.5999999046325684,3.25,3.369999885559082,133600,0.0,0.0
2022-03-31 00:00:00-04:00,3.440000057220459,3.640000104904175,3.2790000438690186,3.380000114440918,161900,0.0,0.0
2022-04-01 00:00:00-04:00,3.319999933242798,3.619999885559082,3.319999933242798,3.619999885559082,133800,0.0,0.0
2022-04-04 00:00:00-04:00,3.6500000953674316,3.8399999141693115,3.5,3.619999885559082,128400,0.0,0.0
2022-04-05 00:00:00-04:00,3.559999942779541,3.859999895095825,3.549999952316284,3.700000047683716,117700,0.0,0.0
2022-04-06 00:00:00-04:00,3.640000104904175,3.7899999618530273,3.559999942779541,3.700000047683716,124800,0.0,0.0
2022-04-07 00:00:00-04:00,3.700000047683716,3.7699999809265137,3.6500000953674316,3.700000047683716,72500,0.0,0.0
2022-04-08 00:00:00-04:00,3.7899999618530273,3.930000066757202,3.566999912261963,3.7899999618530273,74900,0.0,0.0
2022-04-11 00:00:00-04:00,3.8499999046325684,3.8499999046325684,3.6500000953674316,3.6500000953674316,41500,0.0,0.0
2022-04-12 00:00:00-04:00,3.759999990463257,3.759999990463257,3.369999885559082,3.450000047683716,42700,0.0,0.0
2022-04-13 00:00:00-04:00,3.450000047683716,3.7899999618530273,3.3399999141693115,3.5799999237060547,51300,0.0,0.0
2022-04-14 00:00:00-04:00,3.5,3.6500000953674316,3.4100000858306885,3.4600000381469727,85900,0.0,0.0
2022-04-18 00:00:00-04:00,3.4700000286102295,3.759999990463257,3.4000000953674316,3.640000104904175,61100,0.0,0.0
2022-04-19 00:00:00-04:00,3.549999952316284,3.740000009536743,3.5199999809265137,3.609999895095825,41400,0.0,0.0
2022-04-20 00:00:00-04:00,3.5199999809265137,3.680000066757202,3.450000047683716,3.5299999713897705,32200,0.0,0.0
2022-04-21 00:00:00-04:00,3.559999942779541,3.559999942779541,3.259999990463257,3.309999942779541,17200,0.0,0.0
2022-04-22 00:00:00-04:00,3.25,3.359999895095825,3.009999990463257,3.299999952316284,10900,0.0,0.0
2022-04-25 00:00:00-04:00,3.2799999713897705,3.494999885559082,3.049999952316284,3.424999952316284,49400,0.0,0.0
2022-04-26 00:00:00-04:00,3.2699999809265137,3.430000066757202,3.059999942779541,3.1600000858306885,32000,0.0,0.0
2022-04-27 00:00:00-04:00,3.299999952316284,3.4000000953674316,3.247999906539917,3.319999933242798,23300,0.0,0.0
2022-04-28 00:00:00-04:00,3.4049999713897705,3.4800000190734863,3.313999891281128,3.440000057220459,14600,0.0,0.0
2022-04-29 00:00:00-04:00,3.4100000858306885,3.799999952316284,3.4100000858306885,3.799999952316284,26900,0.0,0.0
2022-05-02 00:00:00-04:00,3.809999942779541,3.890000104904175,3.7300000190734863,3.8499999046325684,505400,0.0,0.0
2022-05-03 00:00:00-04:00,3.809999942779541,3.811000108718872,3.609999895095825,3.7699999809265137,107000,0.0,0.0
2022-05-04 00:00:00-04:00,3.674999952316284,3.7799999713897705,3.624000072479248,3.7699999809265137,158100,0.0,0.0
2022-05-05 00:00:00-04:00,3.640000104904175,3.7799999713897705,3.609999895095825,3.700000047683716,62000,0.0,0.0
2022-05-06 00:00:00-04:00,3.640000104904175,3.9100000858306885,3.4100000858306885,3.8499999046325684,71500,0.0,0.0
2022-05-09 00:00:00-04:00,3.990000009536743,4.0,3.5999999046325684,3.690000057220459,157200,0.0,0.0
2022-05-10 00:00:00-04:00,3.7899999618530273,3.869999885559082,3.4200000762939453,3.4800000190734863,85400,0.0,0.0
2022-05-11 00:00:00-04:00,3.4100000858306885,3.569999933242798,3.319999933242798,3.380000114440918,77100,0.0,0.0
2022-05-12 00:00:00-04:00,3.365000009536743,3.5,3.2300000190734863,3.25,38900,0.0,0.0
2022-05-13 00:00:00-04:00,3.3429999351501465,3.559999942779541,3.2149999141693115,3.450000047683716,30900,0.0,0.0
2022-05-16 00:00:00-04:00,3.359999895095825,3.5299999713897705,3.3499999046325684,3.5299999713897705,12200,0.0,0.0
2022-05-17 00:00:00-04:00,3.309999942779541,3.5439999103546143,3.309999942779541,3.3499999046325684,54000,0.0,0.0
2022-05-18 00:00:00-04:00,3.3399999141693115,3.3499999046325684,2.744999885559082,2.859999895095825,74700,0.0,0.0
2022-05-19 00:00:00-04:00,2.859999895095825,3.069999933242798,2.859999895095825,3.0,64900,0.0,0.0
2022-05-20 00:00:00-04:00,3.049999952316284,3.140000104904175,2.940000057220459,3.0899999141693115,35900,0.0,0.0
2022-05-23 00:00:00-04:00,3.0899999141693115,3.200000047683716,2.869999885559082,2.9100000858306885,55900,0.0,0.0
2022-05-24 00:00:00-04:00,2.9600000381469727,3.0299999713897705,2.9200000762939453,3.0299999713897705,11000,0.0,0.0
2022-05-25 00:00:00-04:00,3.069999933242798,3.140000104904175,3.069999933242798,3.0799999237060547,9500,0.0,0.0
2022-05-26 00:00:00-04:00,3.009999990463257,3.1500000953674316,2.9700000286102295,3.0,36700,0.0,0.0
2022-05-27 00:00:00-04:00,2.950000047683716,3.200000047683716,2.950000047683716,3.0899999141693115,12000,0.0,0.0
2022-05-31 00:00:00-04:00,3.0899999141693115,3.0899999141693115,2.759999990463257,2.799999952316284,35600,0.0,0.0
2022-06-01 00:00:00-04:00,3.0,3.0,2.809999942779541,2.8299999237060547,20600,0.0,0.0
2022-06-02 00:00:00-04:00,2.7699999809265137,3.0,2.5799999237060547,2.9600000381469727,77800,0.0,0.0
2022-06-03 00:00:00-04:00,3.1500000953674316,3.1500000953674316,2.75,2.819999933242798,117500,0.0,0.0
2022-06-06 00:00:00-04:00,2.9200000762939453,3.2200000286102295,2.875,3.0899999141693115,61200,0.0,0.0
2022-06-07 00:00:00-04:00,3.0399999618530273,3.25,2.734999895095825,3.009999990463257,49600,0.0,0.0
2022-06-08 00:00:00-04:00,2.9800000190734863,3.140000104904175,2.5799999237060547,2.5999999046325684,45400,0.0,0.0
2022-06-09 00:00:00-04:00,2.5399999618530273,2.859999895095825,2.5399999618530273,2.7799999713897705,25900,0.0,0.0
2022-06-10 00:00:00-04:00,2.7200000286102295,3.049999952316284,2.7200000286102295,3.0,41000,0.0,0.0
2022-06-13 00:00:00-04:00,2.8499999046325684,3.109999895095825,2.680000066757202,2.940000057220459,102900,0.0,0.0
2022-06-14 00:00:00-04:00,3.069999933242798,3.200000047683716,2.7799999713897705,3.0299999713897705,231200,0.0,0.0
2022-06-15 00:00:00-04:00,3.2100000381469727,3.2200000286102295,2.890000104904175,3.1500000953674316,392800,0.0,0.0
2022-06-16 00:00:00-04:00,3.049999952316284,3.240000009536743,2.819999933242798,3.200000047683716,248900,0.0,0.0
2022-06-17 00:00:00-04:00,3.119999885559082,3.3499999046325684,3.049999952316284,3.299999952316284,699000,0.0,0.0
2022-06-21 00:00:00-04:00,3.259999990463257,3.299999952316284,3.1500000953674316,3.2899999618530273,282500,0.0,0.0
2022-06-22 00:00:00-04:00,3.2100000381469727,3.4000000953674316,3.200000047683716,3.2899999618530273,283300,0.0,0.0
2022-06-23 00:00:00-04:00,3.2200000286102295,3.440000057220459,3.2100000381469727,3.4000000953674316,77700,0.0,0.0
2022-06-24 00:00:00-04:00,3.450000047683716,3.4700000286102295,3.309999942779541,3.4000000953674316,134600,0.0,0.0
2022-06-27 00:00:00-04:00,3.3499999046325684,3.5899999141693115,3.296999931335449,3.5,43200,0.0,0.0
2022-06-28 00:00:00-04:00,3.450000047683716,3.509999990463257,3.2799999713897705,3.3399999141693115,32700,0.0,0.0
2022-06-29 00:00:00-04:00,3.4200000762939453,3.4200000762939453,3.200000047683716,3.240000009536743,8600,0.0,0.0
2022-06-30 00:00:00-04:00,3.2100000381469727,3.2699999809265137,3.0899999141693115,3.2300000190734863,19500,0.0,0.0
2022-07-01 00:00:00-04:00,3.3949999809265137,3.549999952316284,3.3499999046325684,3.490000009536743,5600,0.0,0.0
2022-07-05 00:00:00-04:00,3.200000047683716,3.3299999237060547,2.9100000858306885,3.3299999237060547,29500,0.0,0.0
2022-07-06 00:00:00-04:00,3.200000047683716,3.200000047683716,3.1600000858306885,3.1600000858306885,21500,0.0,0.0
2022-07-07 00:00:00-04:00,3.0999999046325684,3.200000047683716,3.0999999046325684,3.180000066757202,56600,0.0,0.0
2022-07-08 00:00:00-04:00,3.0799999237060547,3.200000047683716,3.0799999237060547,3.1700000762939453,30200,0.0,0.0
2022-07-11 00:00:00-04:00,2.9800000190734863,3.2100000381469727,2.9800000190734863,3.2100000381469727,7100,0.0,0.0
2022-07-12 00:00:00-04:00,3.125,3.2750000953674316,3.109999895095825,3.2300000190734863,33400,0.0,0.0
2022-07-13 00:00:00-04:00,3.2149999141693115,3.2300000190734863,3.059999942779541,3.059999942779541,5100,0.0,0.0
2022-07-14 00:00:00-04:00,3.1440000534057617,3.25,2.994999885559082,3.109999895095825,11100,0.0,0.0
2022-07-15 00:00:00-04:00,3.131999969482422,3.2200000286102295,3.0299999713897705,3.0299999713897705,16000,0.0,0.0
2022-07-18 00:00:00-04:00,3.0299999713897705,3.2699999809265137,3.0299999713897705,3.2699999809265137,18000,0.0,0.0
2022-07-19 00:00:00-04:00,3.134999990463257,3.1700000762939453,2.9600000381469727,2.990000009536743,17700,0.0,0.0
2022-07-20 00:00:00-04:00,3.0799999237060547,3.140000104904175,3.009999990463257,3.0899999141693115,12700,0.0,0.0
2022-07-21 00:00:00-04:00,3.0899999141693115,3.187999963760376,3.0,3.109999895095825,13400,0.0,0.0
2022-07-22 00:00:00-04:00,3.0989999771118164,3.0999999046325684,3.049999952316284,3.0799999237060547,5300,0.0,0.0
2022-07-25 00:00:00-04:00,3.0450000762939453,3.0850000381469727,3.009999990463257,3.009999990463257,14700,0.0,0.0
2022-07-26 00:00:00-04:00,3.0209999084472656,3.130000114440918,3.0,3.119999885559082,8500,0.0,0.0
2022-07-27 00:00:00-04:00,3.187000036239624,3.200000047683716,3.0799999237060547,3.130000114440918,7900,0.0,0.0
2022-07-28 00:00:00-04:00,3.130000114440918,3.299999952316284,3.059999942779541,3.259999990463257,7100,0.0,0.0
2022-07-29 00:00:00-04:00,3.200000047683716,3.200000047683716,3.059999942779541,3.130000114440918,13500,0.0,0.0
2022-08-01 00:00:00-04:00,3.055000066757202,3.109999895095825,2.9700000286102295,3.109999895095825,9500,0.0,0.0
2022-08-02 00:00:00-04:00,3.299999952316284,3.384000062942505,3.115000009536743,3.1500000953674316,15700,0.0,0.0
2022-08-03 00:00:00-04:00,3.140000104904175,3.200000047683716,3.0199999809265137,3.1700000762939453,9500,0.0,0.0
2022-08-04 00:00:00-04:00,3.119999885559082,3.200000047683716,3.065000057220459,3.200000047683716,11300,0.0,0.0
2022-08-05 00:00:00-04:00,3.130000114440918,3.2300000190734863,3.119999885559082,3.2300000190734863,9800,0.0,0.0
2022-08-08 00:00:00-04:00,3.2799999713897705,3.3299999237060547,3.130000114440918,3.190000057220459,31700,0.0,0.0
2022-08-09 00:00:00-04:00,3.190000057220459,3.25,3.119999885559082,3.119999885559082,8400,0.0,0.0
2022-08-10 00:00:00-04:00,3.131999969482422,3.140000104904175,2.890000104904175,3.0199999809265137,21600,0.0,0.0
2022-08-11 00:00:00-04:00,3.0199999809265137,3.0199999809265137,2.9000000953674316,2.930000066757202,7400,0.0,0.0
2022-08-12 00:00:00-04:00,2.869999885559082,3.2890000343322754,2.869999885559082,3.069999933242798,9800,0.0,0.0
2022-08-15 00:00:00-04:00,3.005000114440918,3.180000066757202,3.005000114440918,3.1600000858306885,3500,0.0,0.0
2022-08-16 00:00:00-04:00,3.130000114440918,3.200000047683716,3.0999999046325684,3.0999999046325684,26100,0.0,0.0
2022-08-17 00:00:00-04:00,3.009999990463257,3.190000057220459,3.009999990463257,3.190000057220459,1800,0.0,0.0
2022-08-18 00:00:00-04:00,3.119999885559082,3.180000066757202,3.0799999237060547,3.0799999237060547,3200,0.0,0.0
2022-08-19 00:00:00-04:00,3.069999933242798,3.0799999237060547,2.799999952316284,2.8399999141693115,7600,0.0,0.0
2022-08-22 00:00:00-04:00,2.859999895095825,2.859999895095825,2.680000066757202,2.7300000190734863,5600,0.0,0.0
2022-08-23 00:00:00-04:00,2.947999954223633,2.947999954223633,2.559999942779541,2.559999942779541,5900,0.0,0.0
2022-08-24 00:00:00-04:00,2.5999999046325684,2.7100000381469727,2.5299999713897705,2.5299999713897705,10700,0.0,0.0
2022-08-25 00:00:00-04:00,2.559999942779541,2.8499999046325684,2.549999952316284,2.609999895095825,34200,0.0,0.0
2022-08-26 00:00:00-04:00,2.680000066757202,2.819999933242798,2.5999999046325684,2.619999885559082,20200,0.0,0.0
2022-08-29 00:00:00-04:00,3.119999885559082,3.119999885559082,2.5,2.5,9100,0.0,0.0
2022-08-30 00:00:00-04:00,2.619999885559082,2.619999885559082,2.359999895095825,2.390000104904175,10700,0.0,0.0
2022-08-31 00:00:00-04:00,2.390000104904175,2.4700000286102295,2.3499999046325684,2.380000114440918,18400,0.0,0.0
2022-09-01 00:00:00-04:00,2.3459999561309814,2.3499999046325684,2.309999942779541,2.309999942779541,2500,0.0,0.0
2022-09-02 00:00:00-04:00,2.299999952316284,2.4200000762939453,2.299999952316284,2.369999885559082,8100,0.0,0.0
2022-09-06 00:00:00-04:00,2.2799999713897705,2.369999885559082,2.200000047683716,2.2799999713897705,6700,0.0,0.0
2022-09-07 00:00:00-04:00,2.309999942779541,2.5,2.1700000762939453,2.25,28800,0.0,0.0
2022-09-08 00:00:00-04:00,2.259999990463257,2.3429999351501465,2.1500000953674316,2.190000057220459,9500,0.0,0.0
2022-09-09 00:00:00-04:00,2.075000047683716,2.319999933242798,2.059999942779541,2.2699999809265137,6300,0.0,0.0
2022-09-12 00:00:00-04:00,2.6500000953674316,2.7200000286102295,2.299999952316284,2.3499999046325684,136100,0.0,0.0
2022-09-13 00:00:00-04:00,2.25,2.5399999618530273,2.069999933242798,2.5299999713897705,9800,0.0,0.0
2022-09-14 00:00:00-04:00,2.559999942779541,2.7200000286102295,2.559999942779541,2.700000047683716,39100,0.0,0.0
2022-09-15 00:00:00-04:00,2.7100000381469727,2.75,2.2139999866485596,2.700000047683716,29800,0.0,0.0
2022-09-16 00:00:00-04:00,2.7300000190734863,2.7300000190734863,2.6700000762939453,2.7100000381469727,104200,0.0,0.0
2022-09-19 00:00:00-04:00,2.7720000743865967,2.859999895095825,2.7149999141693115,2.859999895095825,61600,0.0,0.0
2022-09-20 00:00:00-04:00,2.9200000762939453,3.0799999237060547,2.9200000762939453,3.0199999809265137,21600,0.0,0.0
2022-09-21 00:00:00-04:00,3.1500000953674316,3.200000047683716,3.0,3.0,14100,0.0,0.0
2022-09-22 00:00:00-04:00,3.0299999713897705,3.1500000953674316,2.859999895095825,2.950000047683716,24000,0.0,0.0
2022-09-23 00:00:00-04:00,2.869999885559082,3.0,2.6549999713897705,2.819999933242798,25100,0.0,0.0
2022-09-26 00:00:00-04:00,2.7750000953674316,2.7750000953674316,2.680000066757202,2.740000009536743,2000,0.0,0.0
2022-09-27 00:00:00-04:00,2.697999954223633,2.697999954223633,2.509999990463257,2.5199999809265137,666500,0.0,0.0
2022-09-28 00:00:00-04:00,2.440000057220459,2.9700000286102295,2.3350000381469727,2.799999952316284,15000,0.0,0.0
2022-09-29 00:00:00-04:00,2.625,2.7100000381469727,2.625,2.7100000381469727,3200,0.0,0.0
2022-09-30 00:00:00-04:00,2.615000009536743,2.9100000858306885,2.559999942779541,2.740000009536743,23000,0.0,0.0
2022-10-03 00:00:00-04:00,2.515000104904175,2.759999990463257,2.515000104904175,2.740000009536743,6100,0.0,0.0
2022-10-04 00:00:00-04:00,2.7339999675750732,2.9000000953674316,2.7339999675750732,2.8399999141693115,29500,0.0,0.0
2022-10-05 00:00:00-04:00,2.859999895095825,2.9200000762939453,2.8299999237060547,2.8299999237060547,10300,0.0,0.0
2022-10-06 00:00:00-04:00,2.6050000190734863,2.7799999713897705,2.6050000190734863,2.740000009536743,15200,0.0,0.0
2022-10-07 00:00:00-04:00,2.7200000286102295,2.819999933242798,2.680000066757202,2.680000066757202,17600,0.0,0.0
2022-10-10 00:00:00-04:00,2.635999917984009,2.799999952316284,2.635999917984009,2.799999952316284,4200,0.0,0.0
2022-10-11 00:00:00-04:00,2.7850000858306885,2.7850000858306885,2.4600000381469727,2.4700000286102295,49100,0.0,0.0
2022-10-12 00:00:00-04:00,2.549999952316284,2.549999952316284,2.3299999237060547,2.4700000286102295,12700,0.0,0.0
2022-10-13 00:00:00-04:00,2.380000114440918,2.380000114440918,2.200000047683716,2.259999990463257,19500,0.0,0.0
2022-10-14 00:00:00-04:00,2.369999885559082,2.4600000381469727,2.0799999237060547,2.2100000381469727,14400,0.0,0.0
2022-10-17 00:00:00-04:00,2.2799999713897705,2.319999933242798,2.2200000286102295,2.2200000286102295,9900,0.0,0.0
2022-10-18 00:00:00-04:00,2.3499999046325684,2.390000104904175,2.2200000286102295,2.240000009536743,7900,0.0,0.0
2022-10-19 00:00:00-04:00,2.3320000171661377,2.3450000286102295,2.180000066757202,2.180000066757202,6800,0.0,0.0
2022-10-20 00:00:00-04:00,2.119999885559082,2.25,2.119999885559082,2.130000114440918,26300,0.0,0.0
2022-10-21 00:00:00-04:00,2.0999999046325684,2.1500000953674316,1.9800000190734863,1.9800000190734863,15600,0.0,0.0
2022-10-24 00:00:00-04:00,2.0199999809265137,2.0199999809265137,1.840000033378601,1.850000023841858,33800,0.0,0.0
2022-10-25 00:00:00-04:00,2.055000066757202,2.119999885559082,1.8200000524520874,1.9299999475479126,3700,0.0,0.0
2022-10-26 00:00:00-04:00,2.0199999809265137,2.0199999809265137,1.8200000524520874,1.8200000524520874,6000,0.0,0.0
2022-10-27 00:00:00-04:00,1.9299999475479126,1.9299999475479126,1.7699999809265137,1.7799999713897705,21300,0.0,0.0
2022-10-28 00:00:00-04:00,1.75,1.7799999713897705,1.6649999618530273,1.6649999618530273,53700,0.0,0.0
2022-10-31 00:00:00-04:00,1.75,1.8600000143051147,1.690000057220459,1.690000057220459,40100,0.0,0.0
2022-11-01 00:00:00-04:00,1.809999942779541,1.9700000286102295,1.6299999952316284,1.6549999713897705,116400,0.0,0.0
2022-11-02 00:00:00-04:00,1.6799999475479126,1.7300000190734863,1.6349999904632568,1.659999966621399,38100,0.0,0.0
2022-11-03 00:00:00-04:00,1.649999976158142,1.8200000524520874,1.649999976158142,1.659999966621399,33500,0.0,0.0
2022-11-04 00:00:00-04:00,1.6299999952316284,1.649999976158142,1.5759999752044678,1.600000023841858,14500,0.0,0.0
2022-11-07 00:00:00-05:00,1.600000023841858,1.8980000019073486,1.5399999618530273,1.809999942779541,2395100,0.0,0.0
2022-11-08 00:00:00-05:00,1.6699999570846558,1.7999999523162842,1.6699999570846558,1.7400000095367432,29200,0.0,0.0
2022-11-09 00:00:00-05:00,1.690000057220459,1.7300000190734863,1.649999976158142,1.6699999570846558,12500,0.0,0.0
2022-11-10 00:00:00-05:00,1.809999942779541,2.0199999809265137,1.6200000047683716,1.6699999570846558,24000,0.0,0.0
2022-11-11 00:00:00-05:00,1.6200000047683716,1.6349999904632568,1.5700000524520874,1.5700000524520874,15400,0.0,0.0
2022-11-14 00:00:00-05:00,1.6399999856948853,1.7649999856948853,1.5700000524520874,1.600000023841858,42400,0.0,0.0
2022-11-15 00:00:00-05:00,1.690000057220459,1.7000000476837158,1.5399999618530273,1.590000033378601,151500,0.0,0.0
2022-11-16 00:00:00-05:00,1.6100000143051147,1.7400000095367432,1.600000023841858,1.7400000095367432,58200,0.0,0.0
2022-11-17 00:00:00-05:00,1.6799999475479126,1.7350000143051147,1.6799999475479126,1.7050000429153442,15700,0.0,0.0
2022-11-18 00:00:00-05:00,1.7300000190734863,1.7300000190734863,1.6299999952316284,1.7000000476837158,9000,0.0,0.0
2022-11-21 00:00:00-05:00,1.7400000095367432,1.7400000095367432,1.600000023841858,1.6200000047683716,42100,0.0,0.0
2022-11-22 00:00:00-05:00,1.6549999713897705,1.659999966621399,1.590000033378601,1.590000033378601,22100,0.0,0.0
2022-11-23 00:00:00-05:00,1.559999942779541,1.559999942779541,1.4500000476837158,1.5099999904632568,97000,0.0,0.0
2022-11-25 00:00:00-05:00,1.5099999904632568,1.559999942779541,1.4800000190734863,1.559999942779541,38800,0.0,0.0
2022-11-28 00:00:00-05:00,1.5,1.6100000143051147,1.5,1.600000023841858,25500,0.0,0.0
2022-11-29 00:00:00-05:00,1.600000023841858,1.6399999856948853,1.590000033378601,1.6399999856948853,16400,0.0,0.0
2022-11-30 00:00:00-05:00,1.6100000143051147,1.6699999570846558,1.6100000143051147,1.649999976158142,39900,0.0,0.0
2022-12-01 00:00:00-05:00,1.690000057220459,1.7400000095367432,1.593000054359436,1.6200000047683716,32800,0.0,0.0
2022-12-02 00:00:00-05:00,1.6200000047683716,1.9299999475479126,1.6100000143051147,1.7799999713897705,25300,0.0,0.0
2022-12-05 00:00:00-05:00,1.809999942779541,1.8700000047683716,1.690000057220459,1.7100000381469727,29600,0.0,0.0
2022-12-06 00:00:00-05:00,1.7300000190734863,1.7400000095367432,1.5700000524520874,1.6200000047683716,39900,0.0,0.0
2022-12-07 00:00:00-05:00,1.5800000429153442,1.6200000047683716,1.5110000371932983,1.559999942779541,6200,0.0,0.0
2022-12-08 00:00:00-05:00,1.5299999713897705,1.809999942779541,1.5199999809265137,1.6100000143051147,23700,0.0,0.0
2022-12-09 00:00:00-05:00,1.6100000143051147,1.7599999904632568,1.4900000095367432,1.4900000095367432,35800,0.0,0.0
2022-12-12 00:00:00-05:00,1.590000033378601,1.590000033378601,1.4600000381469727,1.5499999523162842,55700,0.0,0.0
2022-12-13 00:00:00-05:00,1.6080000400543213,1.6080000400543213,1.5199999809265137,1.5399999618530273,12300,0.0,0.0
2022-12-14 00:00:00-05:00,1.4900000095367432,1.565000057220459,1.4700000286102295,1.5199999809265137,43100,0.0,0.0
2022-12-15 00:00:00-05:00,1.5299999713897705,1.5700000524520874,1.4700000286102295,1.4900000095367432,63200,0.0,0.0
2022-12-16 00:00:00-05:00,1.4800000190734863,1.5529999732971191,1.4199999570846558,1.4600000381469727,91000,0.0,0.0
2022-12-19 00:00:00-05:00,1.5,1.5,1.340000033378601,1.3799999952316284,36700,0.0,0.0
2022-12-20 00:00:00-05:00,1.409999966621399,1.6710000038146973,1.3799999952316284,1.5399999618530273,446000,0.0,0.0
2022-12-21 00:00:00-05:00,1.6200000047683716,1.8700000047683716,1.5700000524520874,1.7899999618530273,174700,0.0,0.0
2022-12-22 00:00:00-05:00,1.850000023841858,2.0,1.7799999713897705,1.9900000095367432,81700,0.0,0.0
2022-12-23 00:00:00-05:00,2.0999999046325684,2.1010000705718994,1.9199999570846558,2.0799999237060547,135300,0.0,0.0
2022-12-27 00:00:00-05:00,2.0299999713897705,2.0299999713897705,1.9299999475479126,1.9800000190734863,26100,0.0,0.0
2022-12-28 00:00:00-05:00,1.9600000381469727,2.0,1.9199999570846558,2.0,30400,0.0,0.0
2022-12-29 00:00:00-05:00,1.9800000190734863,2.0799999237060547,1.940000057220459,2.0799999237060547,65000,0.0,0.0
2022-12-30 00:00:00-05:00,1.9800000190734863,2.0999999046325684,1.899999976158142,2.069999933242798,68000,0.0,0.0
2023-01-03 00:00:00-05:00,2.049999952316284,2.1549999713897705,1.8799999952316284,1.8799999952316284,32000,0.0,0.0
2023-01-04 00:00:00-05:00,1.9500000476837158,1.9500000476837158,1.8220000267028809,1.8799999952316284,24100,0.0,0.0
2023-01-05 00:00:00-05:00,1.850000023841858,1.8799999952316284,1.7999999523162842,1.850000023841858,21400,0.0,0.0
2023-01-06 00:00:00-05:00,1.840000033378601,1.8660000562667847,1.7699999809265137,1.7899999618530273,26700,0.0,0.0
2023-01-09 00:00:00-05:00,1.850000023841858,2.0299999713897705,1.850000023841858,1.9700000286102295,27800,0.0,0.0
2023-01-10 00:00:00-05:00,2.0,2.059999942779541,1.9900000095367432,2.009999990463257,6400,0.0,0.0
2023-01-11 00:00:00-05:00,2.049999952316284,2.177000045776367,1.850000023841858,1.8600000143051147,25800,0.0,0.0
2023-01-12 00:00:00-05:00,1.840000033378601,1.9900000095367432,1.840000033378601,1.9900000095367432,20300,0.0,0.0
2023-01-13 00:00:00-05:00,2.049999952316284,2.059999942779541,1.906999945640564,1.9500000476837158,4200,0.0,0.0
2023-01-17 00:00:00-05:00,1.9500000476837158,2.380000114440918,1.9500000476837158,2.130000114440918,77700,0.0,0.0
2023-01-18 00:00:00-05:00,2.069999933242798,2.069999933242798,1.9450000524520874,1.9900000095367432,29300,0.0,0.0
2023-01-19 00:00:00-05:00,1.9500000476837158,2.0799999237060547,1.9500000476837158,2.0199999809265137,42400,0.0,0.0
2023-01-20 00:00:00-05:00,2.049999952316284,2.0799999237060547,1.9500000476837158,2.0,74500,0.0,0.0
2023-01-23 00:00:00-05:00,2.059999942779541,2.075000047683716,1.9800000190734863,2.0,7900,0.0,0.0
2023-01-24 00:00:00-05:00,1.9500000476837158,2.052000045776367,1.9500000476837158,2.0,61700,0.0,0.0
2023-01-25 00:00:00-05:00,2.0,2.015000104904175,1.9500000476837158,1.9950000047683716,56900,0.0,0.0
2023-01-26 00:00:00-05:00,1.9800000190734863,2.059999942779541,1.9700000286102295,2.059999942779541,78100,0.0,0.0
2023-01-27 00:00:00-05:00,2.069999933242798,2.299999952316284,2.049999952316284,2.1700000762939453,23600,0.0,0.0
2023-01-30 00:00:00-05:00,2.200000047683716,2.440000057220459,2.200000047683716,2.390000104904175,23900,0.0,0.0
2023-01-31 00:00:00-05:00,2.4230000972747803,2.6700000762939453,2.3910000324249268,2.569999933242798,20600,0.0,0.0
2023-02-01 00:00:00-05:00,2.5999999046325684,2.9000000953674316,2.569999933242798,2.7699999809265137,45800,0.0,0.0
2023-02-02 00:00:00-05:00,2.7899999618530273,2.7899999618530273,2.4749999046325684,2.6500000953674316,73100,0.0,0.0
2023-02-03 00:00:00-05:00,2.6700000762939453,2.7699999809265137,2.6500000953674316,2.690000057220459,14800,0.0,0.0
2023-02-06 00:00:00-05:00,2.7160000801086426,2.7899999618530273,2.7119998931884766,2.7699999809265137,8500,0.0,0.0
2023-02-07 00:00:00-05:00,2.75,2.869999885559082,2.703000068664551,2.869999885559082,27300,0.0,0.0
2023-02-08 00:00:00-05:00,2.8499999046325684,2.8499999046325684,2.6760001182556152,2.740000009536743,9400,0.0,0.0
2023-02-09 00:00:00-05:00,2.740000009536743,2.740000009536743,2.5799999237060547,2.740000009536743,8600,0.0,0.0
2023-02-10 00:00:00-05:00,2.7200000286102295,2.799999952316284,2.690000057220459,2.7799999713897705,5400,0.0,0.0
2023-02-13 00:00:00-05:00,2.8399999141693115,2.8399999141693115,2.5999999046325684,2.690000057220459,7700,0.0,0.0
2023-02-14 00:00:00-05:00,2.680000066757202,2.747999906539917,2.5160000324249268,2.569999933242798,13800,0.0,0.0
2023-02-15 00:00:00-05:00,2.7699999809265137,2.7699999809265137,2.4000000953674316,2.490000009536743,14900,0.0,0.0
2023-02-16 00:00:00-05:00,2.5199999809265137,2.6549999713897705,2.5,2.509999990463257,6300,0.0,0.0
2023-02-17 00:00:00-05:00,2.5840001106262207,2.619999885559082,2.4800000190734863,2.619999885559082,7700,0.0,0.0
2023-02-21 00:00:00-05:00,2.619999885559082,2.619999885559082,2.369999885559082,2.380000114440918,6400,0.0,0.0
2023-02-22 00:00:00-05:00,2.325000047683716,2.4600000381469727,2.299999952316284,2.299999952316284,14100,0.0,0.0
2023-02-23 00:00:00-05:00,2.430000066757202,2.430000066757202,2.049999952316284,2.2200000286102295,21400,0.0,0.0
2023-02-24 00:00:00-05:00,2.119999885559082,2.2200000286102295,2.119999885559082,2.1600000858306885,6500,0.0,0.0
2023-02-27 00:00:00-05:00,2.180000066757202,2.5999999046325684,2.180000066757202,2.5,17300,0.0,0.0
2023-02-28 00:00:00-05:00,2.3340001106262207,2.509999990463257,2.3340001106262207,2.4800000190734863,7500,0.0,0.0
2023-03-01 00:00:00-05:00,2.684999942779541,2.684999942779541,2.390000104904175,2.549999952316284,8500,0.0,0.0
2023-03-02 00:00:00-05:00,2.569999933242798,2.640000104904175,2.5,2.5199999809265137,23200,0.0,0.0
2023-03-03 00:00:00-05:00,2.509999990463257,2.615000009536743,2.4800000190734863,2.5,26100,0.0,0.0
2023-03-06 00:00:00-05:00,2.4739999771118164,2.4800000190734863,2.25,2.4700000286102295,18900,0.0,0.0
2023-03-07 00:00:00-05:00,2.4749999046325684,2.49399995803833,2.3399999141693115,2.4200000762939453,36000,0.0,0.0
2023-03-08 00:00:00-05:00,2.369999885559082,2.5999999046325684,2.369999885559082,2.5999999046325684,8500,0.0,0.0
2023-03-09 00:00:00-05:00,2.5999999046325684,2.619999885559082,2.4100000858306885,2.4600000381469727,19100,0.0,0.0
2023-03-10 00:00:00-05:00,2.4200000762939453,2.4200000762939453,2.1700000762939453,2.180000066757202,17300,0.0,0.0
2023-03-13 00:00:00-04:00,2.0999999046325684,2.25,2.0,2.140000104904175,20700,0.0,0.0
2023-03-14 00:00:00-04:00,2.200000047683716,2.440000057220459,2.200000047683716,2.2699999809265137,7700,0.0,0.0
2023-03-15 00:00:00-04:00,2.3919999599456787,2.3919999599456787,2.2799999713897705,2.2799999713897705,4600,0.0,0.0
2023-03-16 00:00:00-04:00,2.2850000858306885,2.3350000381469727,2.111999988555908,2.1700000762939453,11800,0.0,0.0
2023-03-17 00:00:00-04:00,2.069999933242798,2.359999895095825,1.8200000524520874,1.8200000524520874,139900,0.0,0.0
2023-03-20 00:00:00-04:00,1.8600000143051147,2.177999973297119,1.8600000143051147,2.009999990463257,80300,0.0,0.0
2023-03-21 00:00:00-04:00,2.4200000762939453,2.4200000762939453,2.119999885559082,2.119999885559082,16700,0.0,0.0
2023-03-22 00:00:00-04:00,2.140000104904175,2.2100000381469727,2.0450000762939453,2.059999942779541,4800,0.0,0.0
2023-03-23 00:00:00-04:00,2.25,2.25,1.8949999809265137,1.9500000476837158,55400,0.0,0.0
2023-03-24 00:00:00-04:00,1.899999976158142,1.9800000190734863,1.850000023841858,1.9600000381469727,4300,0.0,0.0
2023-03-27 00:00:00-04:00,2.1500000953674316,2.1600000858306885,1.9800000190734863,2.0,9200,0.0,0.0
2023-03-28 00:00:00-04:00,2.0,2.0759999752044678,1.7760000228881836,1.850000023841858,25600,0.0,0.0
2023-03-29 00:00:00-04:00,1.850000023841858,2.0799999237060547,1.8300000429153442,2.0399999618530273,41400,0.0,0.0
2023-03-30 00:00:00-04:00,2.0899999141693115,2.0999999046325684,1.9010000228881836,1.9010000228881836,119400,0.0,0.0
2023-03-31 00:00:00-04:00,1.8600000143051147,1.9700000286102295,1.5499999523162842,1.9199999570846558,22400,0.0,0.0
2023-04-03 00:00:00-04:00,2.0789999961853027,2.119999885559082,2.009999990463257,2.049999952316284,76100,0.0,0.0
2023-04-04 00:00:00-04:00,2.0199999809265137,2.1500000953674316,1.9199999570846558,1.9600000381469727,26900,0.0,0.0
2023-04-05 00:00:00-04:00,1.9700000286102295,2.130000114440918,1.9500000476837158,1.9700000286102295,16400,0.0,0.0
2023-04-06 00:00:00-04:00,1.9800000190734863,2.0799999237060547,1.9600000381469727,1.9700000286102295,19000,0.0,0.0
2023-04-10 00:00:00-04:00,2.009999990463257,2.009999990463257,2.009999990463257,2.009999990463257,800,0.0,0.0
2023-04-11 00:00:00-04:00,2.0,2.069999933242798,1.8309999704360962,1.9900000095367432,30800,0.0,0.0
2023-04-12 00:00:00-04:00,1.9900000095367432,2.0250000953674316,1.7699999809265137,1.7899999618530273,17700,0.0,0.0
2023-04-13 00:00:00-04:00,1.8899999856948853,1.8899999856948853,1.7899999618530273,1.8700000047683716,9300,0.0,0.0
2023-04-14 00:00:00-04:00,1.7999999523162842,1.8630000352859497,1.7200000286102295,1.75,20400,0.0,0.0
2023-04-17 00:00:00-04:00,1.7999999523162842,2.049999952316284,1.6699999570846558,2.049999952316284,13900,0.0,0.0
2023-04-18 00:00:00-04:00,1.9800000190734863,2.059999942779541,1.8799999952316284,1.9500000476837158,7000,0.0,0.0
2023-04-19 00:00:00-04:00,1.9500000476837158,1.9900000095367432,1.899999976158142,1.909999966621399,7000,0.0,0.0
2023-04-20 00:00:00-04:00,1.899999976158142,1.9800000190734863,1.899999976158142,1.9500000476837158,20400,0.0,0.0
2023-04-21 00:00:00-04:00,1.940000057220459,2.0899999141693115,1.899999976158142,1.909999966621399,245300,0.0,0.0
2023-04-24 00:00:00-04:00,1.909999966621399,2.1500000953674316,1.909999966621399,2.119999885559082,595800,0.0,0.0
2023-04-25 00:00:00-04:00,2.119999885559082,2.119999885559082,1.9700000286102295,2.049999952316284,4000,0.0,0.0
2023-04-26 00:00:00-04:00,2.049999952316284,2.049999952316284,1.9190000295639038,2.0,5000,0.0,0.0
2023-04-27 00:00:00-04:00,1.940000057220459,2.069999933242798,1.899999976158142,2.069999933242798,16500,0.0,0.0
2023-04-28 00:00:00-04:00,2.0,2.2100000381469727,1.899999976158142,2.0850000381469727,11600,0.0,0.0
2023-05-01 00:00:00-04:00,2.049999952316284,2.1500000953674316,1.9900000095367432,2.0999999046325684,7300,0.0,0.0
2023-05-02 00:00:00-04:00,2.0999999046325684,2.2200000286102295,2.049999952316284,2.109999895095825,14400,0.0,0.0
2023-05-03 00:00:00-04:00,2.119999885559082,2.244999885559082,2.0199999809265137,2.1500000953674316,11900,0.0,0.0
2023-05-04 00:00:00-04:00,2.1700000762939453,2.190000057220459,2.0999999046325684,2.130000114440918,27100,0.0,0.0
2023-05-05 00:00:00-04:00,2.1700000762939453,2.299999952316284,2.1600000858306885,2.299999952316284,14400,0.0,0.0
2023-05-08 00:00:00-04:00,2.299999952316284,2.390000104904175,2.299999952316284,2.3299999237060547,9100,0.0,0.0
2023-05-09 00:00:00-04:00,2.299999952316284,2.309999942779541,1.7799999713897705,2.0299999713897705,77400,0.0,0.0
2023-05-10 00:00:00-04:00,2.0399999618530273,2.1500000953674316,2.0,2.0899999141693115,17000,0.0,0.0
2023-05-11 00:00:00-04:00,2.0160000324249268,2.059999942779541,1.9199999570846558,2.0299999713897705,9400,0.0,0.0
2023-05-12 00:00:00-04:00,2.0799999237060547,2.0999999046325684,2.069999933242798,2.069999933242798,2300,0.0,0.0
2023-05-15 00:00:00-04:00,2.140000104904175,2.316999912261963,2.0799999237060547,2.0799999237060547,12600,0.0,0.0
2023-05-16 00:00:00-04:00,2.2100000381469727,2.2100000381469727,2.0399999618530273,2.0899999141693115,5600,0.0,0.0
2023-05-17 00:00:00-04:00,2.069999933242798,2.184999942779541,2.069999933242798,2.1500000953674316,7700,0.0,0.0
2023-05-18 00:00:00-04:00,2.1700000762939453,2.1700000762939453,2.0199999809265137,2.0899999141693115,5000,0.0,0.0
2023-05-19 00:00:00-04:00,2.140000104904175,2.140000104904175,2.114000082015991,2.140000104904175,3600,0.0,0.0
2023-05-22 00:00:00-04:00,2.109999895095825,2.109999895095825,2.0250000953674316,2.049999952316284,16200,0.0,0.0
2023-05-23 00:00:00-04:00,2.0889999866485596,2.0999999046325684,2.049999952316284,2.049999952316284,13200,0.0,0.0
2023-05-24 00:00:00-04:00,2.200000047683716,2.2200000286102295,2.049999952316284,2.2200000286102295,10300,0.0,0.0
2023-05-25 00:00:00-04:00,2.2100000381469727,2.2699999809265137,2.109999895095825,2.109999895095825,7900,0.0,0.0
2023-05-26 00:00:00-04:00,2.200000047683716,2.2799999713897705,2.0799999237060547,2.0999999046325684,9200,0.0,0.0
2023-05-30 00:00:00-04:00,2.0799999237060547,2.0999999046325684,1.9500000476837158,2.0899999141693115,16400,0.0,0.0
2023-05-31 00:00:00-04:00,2.055000066757202,2.2100000381469727,2.055000066757202,2.130000114440918,11300,0.0,0.0
2023-06-01 00:00:00-04:00,2.1600000858306885,2.2100000381469727,1.9199999570846558,1.9700000286102295,37000,0.0,0.0
2023-06-02 00:00:00-04:00,1.9900000095367432,2.069999933242798,1.9900000095367432,2.059999942779541,13200,0.0,0.0
2023-06-05 00:00:00-04:00,2.1500000953674316,2.1500000953674316,2.069999933242798,2.109999895095825,1800,0.0,0.0
2023-06-06 00:00:00-04:00,2.059999942779541,2.140000104904175,2.0,2.059999942779541,14000,0.0,0.0
2023-06-07 00:00:00-04:00,2.049999952316284,2.119999885559082,2.0299999713897705,2.075000047683716,2300,0.0,0.0
2023-06-08 00:00:00-04:00,2.009999990463257,2.009999990463257,1.9500000476837158,1.9800000190734863,1500,0.0,0.0
2023-06-09 00:00:00-04:00,2.009999990463257,2.140000104904175,2.009999990463257,2.0399999618530273,4500,0.0,0.0
2023-06-12 00:00:00-04:00,2.109999895095825,2.109999895095825,2.0299999713897705,2.0899999141693115,6500,0.0,0.0
2023-06-13 00:00:00-04:00,2.009999990463257,2.0799999237060547,1.9800000190734863,2.0199999809265137,7200,0.0,0.0
2023-06-14 00:00:00-04:00,2.069999933242798,2.1050000190734863,1.7300000190734863,1.9800000190734863,26300,0.0,0.0
2023-06-15 00:00:00-04:00,2.0199999809265137,2.049999952316284,1.9500000476837158,2.049999952316284,7800,0.0,0.0
2023-06-16 00:00:00-04:00,2.109999895095825,2.190000057220459,1.9950000047683716,2.190000057220459,4800,0.0,0.0
2023-06-20 00:00:00-04:00,2.1600000858306885,2.2300000190734863,2.140000104904175,2.2300000190734863,16500,0.0,0.0
2023-06-21 00:00:00-04:00,2.2200000286102295,2.299999952316284,2.1700000762939453,2.299999952316284,15600,0.0,0.0
2023-06-22 00:00:00-04:00,2.2699999809265137,2.2799999713897705,2.059999942779541,2.1500000953674316,5900,0.0,0.0
2023-06-23 00:00:00-04:00,2.009999990463257,2.4059998989105225,2.0,2.2200000286102295,18400,0.0,0.0
2023-06-26 00:00:00-04:00,2.299999952316284,2.299999952316284,2.1600000858306885,2.1700000762939453,8900,0.0,0.0
2023-06-27 00:00:00-04:00,2.2699999809265137,2.2699999809265137,2.0380001068115234,2.069999933242798,11100,0.0,0.0
2023-06-28 00:00:00-04:00,2.3299999237060547,2.3299999237060547,1.9500000476837158,2.0,195100,0.0,0.0
2023-06-29 00:00:00-04:00,2.0,2.0199999809265137,1.809999942779541,1.8600000143051147,27300,0.0,0.0
2023-06-30 00:00:00-04:00,1.809999942779541,1.9800000190734863,1.75,1.9800000190734863,28300,0.0,0.0
2023-07-03 00:00:00-04:00,1.9800000190734863,2.059999942779541,1.7999999523162842,2.0250000953674316,22100,0.0,0.0
2023-07-05 00:00:00-04:00,1.9500000476837158,2.140000104904175,1.9500000476837158,2.075000047683716,36100,0.0,0.0
2023-07-06 00:00:00-04:00,2.009999990463257,2.049999952316284,1.8799999952316284,2.0199999809265137,28200,0.0,0.0
2023-07-07 00:00:00-04:00,2.109999895095825,2.380000114440918,1.9989999532699585,2.0399999618530273,43200,0.0,0.0
2023-07-10 00:00:00-04:00,2.130000114440918,2.130000114440918,1.940000057220459,2.059999942779541,36600,0.0,0.0
2023-07-11 00:00:00-04:00,2.049999952316284,2.140000104904175,1.909999966621399,2.0999999046325684,125300,0.0,0.0
2023-07-12 00:00:00-04:00,2.0399999618530273,2.065000057220459,1.9600000381469727,1.9700000286102295,16700,0.0,0.0
2023-07-13 00:00:00-04:00,2.009999990463257,2.0399999618530273,1.9600000381469727,2.0399999618530273,10500,0.0,0.0
2023-07-14 00:00:00-04:00,2.0,2.0,1.8600000143051147,1.8799999952316284,28400,0.0,0.0
2023-07-17 00:00:00-04:00,1.9700000286102295,2.0399999618530273,1.899999976158142,2.0299999713897705,12400,0.0,0.0
2023-07-18 00:00:00-04:00,2.0299999713897705,2.049999952316284,1.9500000476837158,2.0299999713897705,33800,0.0,0.0
2023-07-19 00:00:00-04:00,1.9800000190734863,2.0299999713897705,1.940000057220459,2.009999990463257,3800,0.0,0.0
2023-07-20 00:00:00-04:00,2.069999933242798,2.2899999618530273,1.8650000095367432,1.9800000190734863,82300,0.0,0.0
2023-07-21 00:00:00-04:00,1.9900000095367432,2.0,1.940000057220459,1.9800000190734863,5800,0.0,0.0
2023-07-24 00:00:00-04:00,2.0,2.0,1.7599999904632568,1.809999942779541,20400,0.0,0.0
2023-07-25 00:00:00-04:00,1.809999942779541,1.9199999570846558,1.7000000476837158,1.7599999904632568,38100,0.0,0.0
2023-07-26 00:00:00-04:00,1.7999999523162842,1.8600000143051147,1.774999976158142,1.850000023841858,25500,0.0,0.0
2023-07-27 00:00:00-04:00,1.850000023841858,1.8600000143051147,1.7999999523162842,1.809999942779541,13700,0.0,0.0
2023-07-28 00:00:00-04:00,1.809999942779541,1.909999966621399,1.7899999618530273,1.8600000143051147,39500,0.0,0.0
2023-07-31 00:00:00-04:00,1.8700000047683716,1.9930000305175781,1.7599999904632568,1.8700000047683716,22300,0.0,0.0
2023-08-01 00:00:00-04:00,1.8600000143051147,1.8600000143051147,1.7100000381469727,1.7699999809265137,19600,0.0,0.0
2023-08-02 00:00:00-04:00,1.75,1.8200000524520874,1.649999976158142,1.7699999809265137,46100,0.0,0.0
2023-08-03 00:00:00-04:00,1.75,1.9450000524520874,1.7000000476837158,1.7899999618530273,36700,0.0,0.0
2023-08-04 00:00:00-04:00,1.809999942779541,1.9079999923706055,1.6399999856948853,1.690000057220459,41700,0.0,0.0
2023-08-07 00:00:00-04:00,1.6100000143051147,1.7300000190734863,1.600000023841858,1.7000000476837158,22000,0.0,0.0
2023-08-08 00:00:00-04:00,1.7400000095367432,1.7400000095367432,1.4600000381469727,1.590000033378601,96100,0.0,0.0
2023-08-09 00:00:00-04:00,1.5399999618530273,1.5399999618530273,1.4199999570846558,1.4500000476837158,103300,0.0,0.0
2023-08-10 00:00:00-04:00,1.4500000476837158,1.5199999809265137,1.3700000047683716,1.4600000381469727,40400,0.0,0.0
2023-08-11 00:00:00-04:00,1.5099999904632568,1.5399999618530273,1.4500000476837158,1.4600000381469727,26600,0.0,0.0
2023-08-14 00:00:00-04:00,1.4900000095367432,1.4900000095367432,1.3700000047683716,1.4299999475479126,46700,0.0,0.0
2023-08-15 00:00:00-04:00,1.4299999475479126,1.430999994277954,1.3849999904632568,1.4199999570846558,12200,0.0,0.0
2023-08-16 00:00:00-04:00,1.3899999856948853,1.5199999809265137,1.3899999856948853,1.5199999809265137,29400,0.0,0.0
2023-08-17 00:00:00-04:00,1.5199999809265137,1.5199999809265137,1.440000057220459,1.4900000095367432,15700,0.0,0.0
2023-08-18 00:00:00-04:00,1.4700000286102295,1.5149999856948853,1.4450000524520874,1.4900000095367432,20800,0.0,0.0
2023-08-21 00:00:00-04:00,1.5,1.5,1.4450000524520874,1.4700000286102295,23900,0.0,0.0
2023-08-22 00:00:00-04:00,1.4559999704360962,1.4800000190734863,1.399999976158142,1.440000057220459,41900,0.0,0.0
2023-08-23 00:00:00-04:00,1.4600000381469727,1.5199999809265137,1.409999966621399,1.440000057220459,27600,0.0,0.0
2023-08-24 00:00:00-04:00,1.4600000381469727,1.475000023841858,1.3509999513626099,1.4199999570846558,45900,0.0,0.0
2023-08-25 00:00:00-04:00,1.4199999570846558,1.440000057220459,1.399999976158142,1.4299999475479126,5500,0.0,0.0
2023-08-28 00:00:00-04:00,1.399999976158142,1.4299999475479126,1.3600000143051147,1.399999976158142,11100,0.0,0.0
2023-08-29 00:00:00-04:00,1.350000023841858,1.399999976158142,1.350000023841858,1.399999976158142,12600,0.0,0.0
2023-08-30 00:00:00-04:00,1.3600000143051147,1.4199999570846558,1.350000023841858,1.3600000143051147,15200,0.0,0.0
2023-08-31 00:00:00-04:00,1.399999976158142,1.5,1.3600000143051147,1.440000057220459,71000,0.0,0.0
2023-09-01 00:00:00-04:00,1.4299999475479126,1.4900000095367432,1.4299999475479126,1.4600000381469727,10600,0.0,0.0
2023-09-05 00:00:00-04:00,1.4600000381469727,1.4900000095367432,1.3600000143051147,1.4299999475479126,21400,0.0,0.0
2023-09-06 00:00:00-04:00,1.4199999570846558,1.4500000476837158,1.4199999570846558,1.4500000476837158,6900,0.0,0.0
2023-09-07 00:00:00-04:00,1.4550000429153442,1.4800000190734863,1.4249999523162842,1.4500000476837158,27800,0.0,0.0
2023-09-08 00:00:00-04:00,1.440000057220459,1.4900000095367432,1.4110000133514404,1.4700000286102295,45800,0.0,0.0
2023-09-11 00:00:00-04:00,1.4600000381469727,1.5099999904632568,1.4479999542236328,1.4900000095367432,65200,0.0,0.0
2023-09-12 00:00:00-04:00,1.4700000286102295,1.475000023841858,1.4299999475479126,1.4299999475479126,35600,0.0,0.0
2023-09-13 00:00:00-04:00,1.434999942779541,1.6399999856948853,1.4299999475479126,1.5800000429153442,47100,0.0,0.0
2023-09-14 00:00:00-04:00,1.6299999952316284,1.649999976158142,1.5,1.5499999523162842,14800,0.0,0.0
2023-09-15 00:00:00-04:00,1.5499999523162842,1.5499999523162842,1.4149999618530273,1.5499999523162842,72300,0.0,0.0
2023-09-18 00:00:00-04:00,1.5,1.5,1.4700000286102295,1.4900000095367432,20800,0.0,0.0
2023-09-19 00:00:00-04:00,1.4800000190734863,1.4809999465942383,1.3899999856948853,1.440000057220459,10700,0.0,0.0
2023-09-20 00:00:00-04:00,1.4149999618530273,1.4500000476837158,1.3700000047683716,1.3700000047683716,29000,0.0,0.0
2023-09-21 00:00:00-04:00,1.3700000047683716,1.409999966621399,1.3700000047683716,1.3899999856948853,39300,0.0,0.0
2023-09-22 00:00:00-04:00,1.440000057220459,1.440000057220459,1.3799999952316284,1.4199999570846558,18600,0.0,0.0
2023-09-25 00:00:00-04:00,1.3700000047683716,1.3899999856948853,1.2999999523162842,1.3300000429153442,16400,0.0,0.0
2023-09-26 00:00:00-04:00,1.340000033378601,1.4759999513626099,1.3300000429153442,1.350000023841858,38900,0.0,0.0
2023-09-27 00:00:00-04:00,1.350000023841858,1.409999966621399,1.340000033378601,1.3600000143051147,15100,0.0,0.0
2023-09-28 00:00:00-04:00,1.3300000429153442,1.3700000047683716,1.3200000524520874,1.3450000286102295,31700,0.0,0.0
2023-09-29 00:00:00-04:00,1.399999976158142,1.399999976158142,1.2999999523162842,1.3200000524520874,29300,0.0,0.0
2023-10-02 00:00:00-04:00,1.2999999523162842,1.2999999523162842,1.2000000476837158,1.2400000095367432,15000,0.0,0.0
2023-10-03 00:00:00-04:00,1.2100000381469727,1.2899999618530273,1.2100000381469727,1.2200000286102295,33200,0.0,0.0
2023-10-04 00:00:00-04:00,1.2000000476837158,1.2000000476837158,1.1100000143051147,1.1200000047683716,22600,0.0,0.0
2023-10-05 00:00:00-04:00,1.1629999876022339,1.25,1.1200000047683716,1.1299999952316284,14600,0.0,0.0
2023-10-06 00:00:00-04:00,1.100000023841858,1.2200000286102295,1.0099999904632568,1.065999984741211,33500,0.0,0.0
2023-10-09 00:00:00-04:00,1.0199999809265137,1.0399999618530273,0.9900000095367432,1.0,12100,0.0,0.0
2023-10-10 00:00:00-04:00,1.090000033378601,1.190000057220459,0.9800000190734863,1.0,31200,0.0,0.0
2023-10-11 00:00:00-04:00,0.9900000095367432,1.0,0.9100000262260437,0.9399999976158142,481500,0.0,0.0
2023-10-12 00:00:00-04:00,0.9800000190734863,0.9800000190734863,0.8799999952316284,0.8889999985694885,28200,0.0,0.0
2023-10-13 00:00:00-04:00,0.8949999809265137,0.8999999761581421,0.8109999895095825,0.8650000095367432,51300,0.0,0.0
2023-10-16 00:00:00-04:00,0.8500000238418579,1.0700000524520874,0.8140000104904175,0.9200000166893005,57200,0.0,0.0
2023-10-17 00:00:00-04:00,0.9700000286102295,1.0399999618530273,0.9599999785423279,0.9800000190734863,45300,0.0,0.0
2023-10-18 00:00:00-04:00,1.100000023841858,1.100000023841858,1.0180000066757202,1.0399999618530273,11600,0.0,0.0
2023-10-19 00:00:00-04:00,1.0800000429153442,1.0800000429153442,0.949999988079071,0.949999988079071,52600,0.0,0.0
2023-10-20 00:00:00-04:00,1.0099999904632568,1.0679999589920044,0.859000027179718,1.0199999809265137,54900,0.0,0.0
2023-10-23 00:00:00-04:00,1.0299999713897705,1.0299999713897705,0.9200000166893005,0.9649999737739563,10300,0.0,0.0
2023-10-24 00:00:00-04:00,1.0099999904632568,1.0099999904632568,0.8899999856948853,0.9440000057220459,34700,0.0,0.0
2023-10-25 00:00:00-04:00,0.8920000195503235,1.059999942779541,0.8920000195503235,1.0299999713897705,87600,0.0,0.0
2023-10-26 00:00:00-04:00,1.0299999713897705,1.0299999713897705,0.9599999785423279,0.9800000190734863,46400,0.0,0.0
2023-10-27 00:00:00-04:00,0.9599999785423279,1.0399999618530273,0.9240000247955322,0.9850000143051147,31400,0.0,0.0
2023-10-30 00:00:00-04:00,1.059999942779541,1.059999942779541,0.9300000071525574,1.0499999523162842,20900,0.0,0.0
2023-10-31 00:00:00-04:00,0.9070000052452087,1.059999942779541,0.9070000052452087,0.949999988079071,28700,0.0,0.0
2023-11-01 00:00:00-04:00,1.0199999809265137,1.0499999523162842,0.8849999904632568,1.024999976158142,43200,0.0,0.0
2023-11-02 00:00:00-04:00,0.9800000190734863,1.0399999618530273,0.9589999914169312,0.9800000190734863,29900,0.0,0.0
2023-11-03 00:00:00-04:00,1.0,1.0,0.949999988079071,1.0,36500,0.0,0.0
2023-11-06 00:00:00-05:00,1.0,1.0,0.8970000147819519,0.9470000267028809,14000,0.0,0.0
2023-11-07 00:00:00-05:00,1.0,1.0,0.9490000009536743,0.9819999933242798,13400,0.0,0.0
2023-11-08 00:00:00-05:00,0.9900000095367432,1.0,0.9100000262260437,1.0,47800,0.0,0.0
2023-11-09 00:00:00-05:00,1.0,1.0,0.7850000262260437,0.8500000238418579,72800,0.0,0.0
2023-11-10 00:00:00-05:00,0.8849999904632568,0.8999999761581421,0.7200000286102295,0.7599999904632568,26800,0.0,0.0
2023-11-13 00:00:00-05:00,0.8500000238418579,0.8799999952316284,0.7940000295639038,0.8529999852180481,20600,0.0,0.0
2023-11-14 00:00:00-05:00,0.9100000262260437,0.9100000262260437,0.7900000214576721,0.7900000214576721,110300,0.0,0.0
2023-11-15 00:00:00-05:00,0.7749999761581421,0.7799999713897705,0.75,0.7509999871253967,58500,0.0,0.0
2023-11-16 00:00:00-05:00,0.7400000095367432,0.8299999833106995,0.7390000224113464,0.8090000152587891,29000,0.0,0.0
2023-11-17 00:00:00-05:00,0.8009999990463257,0.8370000123977661,0.7549999952316284,0.8180000185966492,59100,0.0,0.0
2023-11-20 00:00:00-05:00,0.7839999794960022,0.800000011920929,0.75,0.75,66000,0.0,0.0
2023-11-21 00:00:00-05:00,0.8199999928474426,0.824999988079071,0.7329999804496765,0.8040000200271606,49700,0.0,0.0
2023-11-22 00:00:00-05:00,0.800000011920929,0.800000011920929,0.7570000290870667,0.7670000195503235,72600,0.0,0.0
2023-11-24 00:00:00-05:00,0.800000011920929,0.800000011920929,0.7559999823570251,0.7699999809265137,99200,0.0,0.0
2023-11-27 00:00:00-05:00,0.7879999876022339,0.800000011920929,0.7749999761581421,0.7749999761581421,33600,0.0,0.0
2023-11-28 00:00:00-05:00,0.8140000104904175,0.8140000104904175,0.7609999775886536,0.7609999775886536,8200,0.0,0.0
2023-11-29 00:00:00-05:00,0.7749999761581421,0.800000011920929,0.7310000061988831,0.7379999756813049,20600,0.0,0.0
2023-11-30 00:00:00-05:00,0.7200000286102295,0.8019999861717224,0.7200000286102295,0.7720000147819519,51800,0.0,0.0
2023-12-01 00:00:00-05:00,0.8190000057220459,0.8199999928474426,0.7440000176429749,0.8069999814033508,54300,0.0,0.0
2023-12-04 00:00:00-05:00,0.8140000104904175,0.8600000143051147,0.7829999923706055,0.8050000071525574,33000,0.0,0.0
2023-12-05 00:00:00-05:00,0.8299999833106995,0.8600000143051147,0.8299999833106995,0.8600000143051147,30400,0.0,0.0
2023-12-06 00:00:00-05:00,0.8610000014305115,0.9200000166893005,0.800000011920929,0.8870000243186951,29500,0.0,0.0
2023-12-07 00:00:00-05:00,0.8500000238418579,0.9340000152587891,0.8500000238418579,0.9200000166893005,60800,0.0,0.0
2023-12-08 00:00:00-05:00,0.9300000071525574,0.9399999976158142,0.8059999942779541,0.8600000143051147,9700,0.0,0.0
2023-12-11 00:00:00-05:00,0.9300000071525574,0.9300000071525574,0.828000009059906,0.8500000238418579,5700,0.0,0.0
2023-12-12 00:00:00-05:00,0.7699999809265137,0.9300000071525574,0.7699999809265137,0.8399999737739563,142200,0.0,0.0
2023-12-13 00:00:00-05:00,0.8999999761581421,0.9100000262260437,0.7599999904632568,0.9100000262260437,832900,0.0,0.0
2023-12-14 00:00:00-05:00,0.9399999976158142,0.9399999976158142,0.878000020980835,0.878000020980835,90100,0.0,0.0
2023-12-15 00:00:00-05:00,0.8109999895095825,0.8999999761581421,0.8109999895095825,0.8500000238418579,63900,0.0,0.0
2023-12-18 00:00:00-05:00,0.8799999952316284,0.9549999833106995,0.8799999952316284,0.8799999952316284,115200,0.0,0.0
2023-12-19 00:00:00-05:00,0.9700000286102295,0.9700000286102295,0.8830000162124634,0.8830000162124634,80100,0.0,0.0
2023-12-20 00:00:00-05:00,0.9900000095367432,1.0,0.890999972820282,0.8999999761581421,44700,0.0,0.0
2023-12-21 00:00:00-05:00,0.9200000166893005,0.9399999976158142,0.8579999804496765,0.8989999890327454,106100,0.0,0.0
2023-12-22 00:00:00-05:00,0.8999999761581421,0.9049999713897705,0.8999999761581421,0.8999999761581421,60000,0.0,0.0
2023-12-26 00:00:00-05:00,0.9100000262260437,0.9100000262260437,0.8799999952316284,0.8999999761581421,42300,0.0,0.0
2023-12-27 00:00:00-05:00,0.8999999761581421,1.090000033378601,0.8999999761581421,0.9599999785423279,557300,0.0,0.0
2023-12-28 00:00:00-05:00,1.0,1.0570000410079956,0.9750000238418579,0.9890000224113464,30900,0.0,0.0
2023-12-29 00:00:00-05:00,0.9599999785423279,1.0199999809265137,0.9350000023841858,0.9929999709129333,23300,0.0,0.0
2024-01-02 00:00:00-05:00,0.9700000286102295,1.0199999809265137,0.9620000123977661,1.0149999856948853,110000,0.0,0.0
2024-01-03 00:00:00-05:00,1.100000023841858,1.100000023841858,0.9800000190734863,1.0,56100,0.0,0.0
2024-01-04 00:00:00-05:00,1.0199999809265137,1.059999942779541,0.9399999976158142,0.9789999723434448,30900,0.0,0.0
2024-01-05 00:00:00-05:00,0.9900000095367432,1.0360000133514404,0.9399999976158142,0.9580000042915344,18400,0.0,0.0
2024-01-08 00:00:00-05:00,0.9580000042915344,1.059999942779541,0.9359999895095825,1.0299999713897705,13800,0.0,0.0
2024-01-09 00:00:00-05:00,1.1200000047683716,1.1399999856948853,1.0740000009536743,1.1299999952316284,15600,0.0,0.0
2024-01-10 00:00:00-05:00,1.1699999570846558,1.2200000286102295,1.1399999856948853,1.1799999475479126,36800,0.0,0.0
2024-01-11 00:00:00-05:00,1.2000000476837158,1.25,1.0299999713897705,1.0299999713897705,61200,0.0,0.0
2024-01-12 00:00:00-05:00,1.0,1.0470000505447388,0.9800000190734863,0.9990000128746033,75400,0.0,0.0
2024-01-16 00:00:00-05:00,0.9900000095367432,1.0980000495910645,0.9900000095367432,1.0099999904632568,29000,0.0,0.0
2024-01-17 00:00:00-05:00,1.0800000429153442,1.0800000429153442,0.8999999761581421,0.949999988079071,26300,0.0,0.0
2024-01-18 00:00:00-05:00,1.059999942779541,1.059999942779541,0.9599999785423279,1.0,20200,0.0,0.0
2024-01-19 00:00:00-05:00,0.9800000190734863,1.1200000047683716,0.949999988079071,1.0,71500,0.0,0.0
2024-01-22 00:00:00-05:00,0.9800000190734863,1.0069999694824219,0.949999988079071,0.9800000190734863,35100,0.0,0.0
2024-01-23 00:00:00-05:00,1.0,1.090000033378601,0.9940000176429749,1.0199999809265137,187500,0.0,0.0
2024-01-24 00:00:00-05:00,1.0499999523162842,1.100000023841858,1.0399999618530273,1.0850000381469727,33900,0.0,0.0
2024-01-25 00:00:00-05:00,1.0850000381469727,1.1699999570846558,1.0399999618530273,1.1200000047683716,42300,0.0,0.0
2024-01-26 00:00:00-05:00,1.2000000476837158,1.2000000476837158,1.0399999618530273,1.100000023841858,2818500,0.0,0.0
2024-01-29 00:00:00-05:00,1.1699999570846558,1.1699999570846558,1.0149999856948853,1.1100000143051147,938300,0.0,0.0
2024-01-30 00:00:00-05:00,1.2000000476837158,1.2000000476837158,1.121999979019165,1.1699999570846558,66600,0.0,0.0
2024-01-31 00:00:00-05:00,1.1299999952316284,1.2000000476837158,1.059999942779541,1.100000023841858,45400,0.0,0.0
2024-02-01 00:00:00-05:00,1.1100000143051147,1.1699999570846558,0.9599999785423279,0.9900000095367432,229600,0.0,0.0
2024-02-02 00:00:00-05:00,0.9599999785423279,1.0499999523162842,0.9459999799728394,1.0499999523162842,159500,0.0,0.0
2024-02-05 00:00:00-05:00,1.0099999904632568,1.0099999904632568,0.9200000166893005,0.9679999947547913,155800,0.0,0.0
2024-02-06 00:00:00-05:00,0.9900000095367432,1.0499999523162842,0.9599999785423279,1.0299999713897705,120800,0.0,0.0
2024-02-07 00:00:00-05:00,1.0399999618530273,1.0800000429153442,0.9319999814033508,1.0499999523162842,186000,0.0,0.0
2024-02-08 00:00:00-05:00,1.0299999713897705,1.0800000429153442,0.9800000190734863,1.0,35000,0.0,0.0
2024-02-09 00:00:00-05:00,1.003000020980835,1.059999942779541,1.0,1.059999942779541,124600,0.0,0.0
2024-02-12 00:00:00-05:00,1.0800000429153442,1.1399999856948853,1.0399999618530273,1.1399999856948853,193800,0.0,0.0
2024-02-13 00:00:00-05:00,1.190000057220459,1.190000057220459,1.0499999523162842,1.090000033378601,68600,0.0,0.0
2024-02-14 00:00:00-05:00,1.0700000524520874,1.2400000095367432,1.059999942779541,1.2400000095367432,530600,0.0,0.0
2024-02-15 00:00:00-05:00,1.2400000095367432,1.253999948501587,1.1299999952316284,1.2100000381469727,270400,0.0,0.0
2024-02-16 00:00:00-05:00,1.2599999904632568,1.409999966621399,1.2400000095367432,1.350000023841858,744000,0.0,0.0
2024-02-20 00:00:00-05:00,1.5,1.559999942779541,1.409999966621399,1.4500000476837158,532800,0.0,0.0
2024-02-21 00:00:00-05:00,1.4500000476837158,1.559999942779541,1.4500000476837158,1.4700000286102295,282300,0.0,0.0
2024-02-22 00:00:00-05:00,1.4900000095367432,1.6200000047683716,1.4900000095367432,1.600000023841858,553000,0.0,0.0
2024-02-23 00:00:00-05:00,1.5800000429153442,1.840000033378601,1.5800000429153442,1.7200000286102295,384900,0.0,0.0
2024-02-26 00:00:00-05:00,1.7200000286102295,1.7699999809265137,1.5959999561309814,1.6399999856948853,155100,0.0,0.0
2024-02-27 00:00:00-05:00,1.7000000476837158,1.7300000190734863,1.6100000143051147,1.690000057220459,184900,0.0,0.0
2024-02-28 00:00:00-05:00,1.6799999475479126,1.7000000476837158,1.5700000524520874,1.6200000047683716,1421900,0.0,0.0
2024-02-29 00:00:00-05:00,1.6200000047683716,1.6799999475479126,1.593999981880188,1.649999976158142,2528000,0.0,0.0
2024-03-01 00:00:00-05:00,1.6399999856948853,1.9500000476837158,1.6399999856948853,1.7999999523162842,274400,0.0,0.0
2024-03-04 00:00:00-05:00,1.8300000429153442,1.940000057220459,1.7799999713897705,1.9199999570846558,206100,0.0,0.0
2024-03-05 00:00:00-05:00,1.8799999952316284,1.8899999856948853,1.7510000467300415,1.7799999713897705,142800,0.0,0.0
2024-03-06 00:00:00-05:00,1.850000023841858,1.9500000476837158,1.7699999809265137,1.7949999570846558,122400,0.0,0.0
2024-03-07 00:00:00-05:00,1.8600000143051147,1.9700000286102295,1.7999999523162842,1.809999942779541,163800,0.0,0.0
2024-03-08 00:00:00-05:00,1.8300000429153442,2.049999952316284,1.8300000429153442,1.899999976158142,308000,0.0,0.0
2024-03-11 00:00:00-04:00,1.9900000095367432,2.140000104904175,1.934999942779541,2.0,326700,0.0,0.0
2024-03-12 00:00:00-04:00,2.0,2.049999952316284,1.909999966621399,1.9500000476837158,139900,0.0,0.0
2024-03-13 00:00:00-04:00,1.899999976158142,2.0,1.8700000047683716,1.9199999570846558,156200,0.0,0.0
2024-03-14 00:00:00-04:00,1.899999976158142,1.9570000171661377,1.75,1.8200000524520874,219700,0.0,0.0
2024-03-15 00:00:00-04:00,1.8300000429153442,1.850000023841858,1.659999966621399,1.7799999713897705,356600,0.0,0.0
2024-03-18 00:00:00-04:00,1.809999942779541,1.940000057220459,1.6799999475479126,1.7899999618530273,315300,0.0,0.0
2024-03-19 00:00:00-04:00,1.7599999904632568,2.0,1.7400000095367432,1.899999976158142,389600,0.0,0.0
2024-03-20 00:00:00-04:00,1.9199999570846558,1.9700000286102295,1.7599999904632568,1.909999966621399,223400,0.0,0.0
2024-03-21 00:00:00-04:00,1.899999976158142,2.0799999237060547,1.850000023841858,1.9199999570846558,264100,0.0,0.0
2024-03-22 00:00:00-04:00,1.9600000381469727,2.0799999237060547,1.940000057220459,2.0,252300,0.0,0.0
2024-03-25 00:00:00-04:00,1.9900000095367432,2.0250000953674316,1.8849999904632568,1.8899999856948853,144800,0.0,0.0
2024-03-26 00:00:00-04:00,1.909999966621399,2.2300000190734863,1.909999966621399,2.119999885559082,249100,0.0,0.0
2024-03-27 00:00:00-04:00,2.130000114440918,2.390000104904175,2.0999999046325684,2.240000009536743,460700,0.0,0.0
2024-03-28 00:00:00-04:00,2.2699999809265137,2.690000057220459,2.2100000381469727,2.549999952316284,598000,0.0,0.0
2024-04-01 00:00:00-04:00,2.680000066757202,2.7300000190734863,2.259999990463257,2.4200000762939453,352500,0.0,0.0
2024-04-02 00:00:00-04:00,2.509999990463257,2.509999990463257,2.2200000286102295,2.2899999618530273,129300,0.0,0.0
2024-04-03 00:00:00-04:00,2.3499999046325684,2.4000000953674316,2.2799999713897705,2.380000114440918,142400,0.0,0.0
2024-04-04 00:00:00-04:00,2.450000047683716,2.4600000381469727,2.2219998836517334,2.309999942779541,128800,0.0,0.0
2024-04-05 00:00:00-04:00,2.3299999237060547,2.380000114440918,2.316999912261963,2.359999895095825,50900,0.0,0.0
2024-04-08 00:00:00-04:00,2.369999885559082,2.5329999923706055,2.369999885559082,2.5299999713897705,198100,0.0,0.0
2024-04-09 00:00:00-04:00,2.5299999713897705,2.619999885559082,2.430999994277954,2.5,181700,0.0,0.0
2024-04-10 00:00:00-04:00,2.4600000381469727,2.490000009536743,2.309999942779541,2.4200000762939453,79800,0.0,0.0
2024-04-11 00:00:00-04:00,2.4600000381469727,2.6510000228881836,2.4000000953674316,2.5999999046325684,185900,0.0,0.0
2024-04-12 00:00:00-04:00,2.6500000953674316,2.749000072479248,2.509999990463257,2.700000047683716,252500,0.0,0.0
2024-04-15 00:00:00-04:00,2.799999952316284,3.490000009536743,2.799999952316284,3.0799999237060547,782700,0.0,0.0
2024-04-16 00:00:00-04:00,3.0199999809265137,3.628000020980835,3.0,3.4000000953674316,618100,0.0,0.0
2024-04-17 00:00:00-04:00,3.4200000762939453,3.5,3.0,3.240000009536743,426000,0.0,0.0
2024-04-18 00:00:00-04:00,3.3499999046325684,3.486999988555908,3.240000009536743,3.299999952316284,282200,0.0,0.0
2024-04-19 00:00:00-04:00,3.309999942779541,3.5989999771118164,3.309999942779541,3.430000066757202,342700,0.0,0.0
2024-04-22 00:00:00-04:00,3.450000047683716,3.690000057220459,3.380000114440918,3.5399999618530273,333600,0.0,0.0
2024-04-23 00:00:00-04:00,3.6500000953674316,3.678999900817871,2.6700000762939453,2.859999895095825,940000,0.0,0.0
2024-04-24 00:00:00-04:00,2.859999895095825,3.0199999809265137,2.75,2.890000104904175,343900,0.0,0.0
2024-04-25 00:00:00-04:00,2.890000104904175,2.890000104904175,2.5,2.5999999046325684,455100,0.0,0.0
2024-04-26 00:00:00-04:00,2.6500000953674316,2.7100000381469727,2.5350000858306885,2.6600000858306885,203500,0.0,0.0
2024-04-29 00:00:00-04:00,2.680000066757202,2.7699999809265137,2.559999942779541,2.609999895095825,189600,0.0,0.0
2024-04-30 00:00:00-04:00,2.5899999141693115,2.740000009536743,2.569999933242798,2.680000066757202,193400,0.0,0.0
2024-05-01 00:00:00-04:00,2.640000104904175,2.8499999046325684,2.5999999046325684,2.759999990463257,107000,0.0,0.0
2024-05-02 00:00:00-04:00,2.7699999809265137,3.0940001010894775,2.7699999809265137,2.9700000286102295,127100,0.0,0.0
2024-05-03 00:00:00-04:00,2.9800000190734863,3.380000114440918,2.9800000190734863,3.309999942779541,335700,0.0,0.0
2024-05-06 00:00:00-04:00,3.4700000286102295,3.559999942779541,2.930000066757202,3.2699999809265137,406800,0.0,0.0
2024-05-07 00:00:00-04:00,3.259999990463257,3.259999990463257,2.799999952316284,2.880000114440918,292400,0.0,0.0
2024-05-08 00:00:00-04:00,2.8399999141693115,3.009999990463257,2.8399999141693115,2.9200000762939453,60700,0.0,0.0
2024-05-09 00:00:00-04:00,2.930000066757202,3.0,2.7699999809265137,2.8499999046325684,162600,0.0,0.0
2024-05-10 00:00:00-04:00,2.950000047683716,3.0299999713897705,2.8499999046325684,2.990000009536743,121100,0.0,0.0
2024-05-13 00:00:00-04:00,3.0299999713897705,3.0299999713897705,2.819999933242798,2.8499999046325684,228200,0.0,0.0
2024-05-14 00:00:00-04:00,2.8399999141693115,2.9700000286102295,2.625,2.680000066757202,124500,0.0,0.0
2024-05-15 00:00:00-04:00,2.619999885559082,2.75,2.609999895095825,2.6500000953674316,149400,0.0,0.0
2024-05-16 00:00:00-04:00,2.6500000953674316,2.700000047683716,2.4800000190734863,2.559999942779541,249400,0.0,0.0
2024-05-17 00:00:00-04:00,2.549999952316284,2.7309999465942383,2.509999990463257,2.640000104904175,213900,0.0,0.0
2024-05-20 00:00:00-04:00,2.640000104904175,2.880000114440918,2.640000104904175,2.809999942779541,172700,0.0,0.0
2024-05-21 00:00:00-04:00,2.890000104904175,3.299999952316284,2.819999933242798,3.0,3855800,0.0,0.0
2024-05-22 00:00:00-04:00,3.619999885559082,3.7200000286102295,2.5799999237060547,2.809999942779541,9339200,0.0,0.0
2024-05-23 00:00:00-04:00,2.7300000190734863,3.119999885559082,2.6600000858306885,3.059999942779541,1214100,0.0,0.0
2024-05-24 00:00:00-04:00,3.0399999618530273,3.5799999237060547,3.0,3.559999942779541,921000,0.0,0.0
2024-05-28 00:00:00-04:00,3.619999885559082,3.7200000286102295,3.4000000953674316,3.690000057220459,751800,0.0,0.0
2024-05-29 00:00:00-04:00,3.680000066757202,4.21999979019165,3.549999952316284,4.130000114440918,695400,0.0,0.0
2024-05-30 00:00:00-04:00,4.159999847412109,4.400000095367432,3.940000057220459,4.150000095367432,1230000,0.0,0.0
2024-05-31 00:00:00-04:00,4.139999866485596,4.170000076293945,3.950000047683716,4.03000020980835,265600,0.0,0.0
2024-06-03 00:00:00-04:00,4.019999980926514,4.179999828338623,3.8510000705718994,4.110000133514404,447400,0.0,0.0
2024-06-04 00:00:00-04:00,4.260000228881836,4.72599983215332,4.119999885559082,4.650000095367432,552900,0.0,0.0
2024-06-05 00:00:00-04:00,4.659999847412109,6.099999904632568,4.579999923706055,5.789999961853027,1435500,0.0,0.0
2024-06-06 00:00:00-04:00,5.829999923706055,5.885000228881836,5.239999771118164,5.590000152587891,549900,0.0,0.0
2024-06-07 00:00:00-04:00,5.550000190734863,5.71999979019165,5.159999847412109,5.71999979019165,1060800,0.0,0.0
2024-06-10 00:00:00-04:00,5.639999866485596,5.920000076293945,5.25,5.440000057220459,782200,0.0,0.0
2024-06-11 00:00:00-04:00,5.429999828338623,5.429999828338623,4.75,5.340000152587891,358000,0.0,0.0
2024-06-12 00:00:00-04:00,5.380000114440918,5.590000152587891,5.190000057220459,5.480000019073486,277600,0.0,0.0
2024-06-13 00:00:00-04:00,5.429999828338623,5.452000141143799,5.050000190734863,5.159999847412109,587200,0.0,0.0
2024-06-14 00:00:00-04:00,3.9000000953674316,4.111999988555908,3.8499999046325684,3.950000047683716,4315000,0.0,0.0
2024-06-17 00:00:00-04:00,3.9800000190734863,4.090000152587891,3.8399999141693115,3.8499999046325684,826200,0.0,0.0
2024-06-18 00:00:00-04:00,3.8499999046325684,4.0,3.7850000858306885,3.880000114440918,590900,0.0,0.0
2024-06-20 00:00:00-04:00,3.9000000953674316,3.930000066757202,3.6700000762939453,3.7699999809265137,654200,0.0,0.0
2024-06-21 00:00:00-04:00,3.799999952316284,4.0,3.759999990463257,3.950000047683716,495100,0.0,0.0
2024-06-24 00:00:00-04:00,4.010000228881836,4.34499979019165,3.9609999656677246,4.260000228881836,631100,0.0,0.0
2024-06-25 00:00:00-04:00,4.25,4.389999866485596,3.869999885559082,3.869999885559082,552000,0.0,0.0
2024-06-26 00:00:00-04:00,3.859999895095825,4.019999980926514,3.809999942779541,4.0,200900,0.0,0.0
2024-06-27 00:00:00-04:00,4.0,4.130000114440918,3.930000066757202,4.010000228881836,313400,0.0,0.0
2024-06-28 00:00:00-04:00,4.010000228881836,4.349999904632568,4.010000228881836,4.300000190734863,356400,0.0,0.0
2024-07-01 00:00:00-04:00,4.460000038146973,4.505000114440918,4.289999961853027,4.309999942779541,185500,0.0,0.0
2024-07-02 00:00:00-04:00,4.309999942779541,4.440000057220459,4.159999847412109,4.210000038146973,260500,0.0,0.0
2024-07-03 00:00:00-04:00,4.210000038146973,4.235000133514404,4.059999942779541,4.170000076293945,114400,0.0,0.0
2024-07-05 00:00:00-04:00,4.210000038146973,4.248000144958496,4.070000171661377,4.130000114440918,184200,0.0,0.0
2024-07-08 00:00:00-04:00,4.139999866485596,4.329999923706055,4.070000171661377,4.150000095367432,278400,0.0,0.0
2024-07-09 00:00:00-04:00,4.190000057220459,4.289999961853027,4.150000095367432,4.21999979019165,153400,0.0,0.0
2024-07-10 00:00:00-04:00,4.210000038146973,4.46999979019165,4.139999866485596,4.300000190734863,406900,0.0,0.0
2024-07-11 00:00:00-04:00,4.300000190734863,4.400000095367432,4.139999866485596,4.28000020980835,539400,0.0,0.0
2024-07-12 00:00:00-04:00,4.239999771118164,4.71999979019165,4.239999771118164,4.699999809265137,497800,0.0,0.0
2024-07-15 00:00:00-04:00,4.699999809265137,4.909999847412109,4.590000152587891,4.849999904632568,289100,0.0,0.0
2024-07-16 00:00:00-04:00,4.809999942779541,4.880000114440918,4.679999828338623,4.78000020980835,256800,0.0,0.0
2024-07-17 00:00:00-04:00,4.920000076293945,5.119999885559082,4.400000095367432,4.639999866485596,560000,0.0,0.0
2024-07-18 00:00:00-04:00,4.710000038146973,4.745999813079834,4.28000020980835,4.409999847412109,296900,0.0,0.0
2024-07-19 00:00:00-04:00,4.420000076293945,4.559999942779541,4.380000114440918,4.519999980926514,160100,0.0,0.0
2024-07-22 00:00:00-04:00,4.550000190734863,4.670000076293945,4.420000076293945,4.670000076293945,204700,0.0,0.0
2024-07-23 00:00:00-04:00,4.670000076293945,4.78000020980835,4.46999979019165,4.670000076293945,392100,0.0,0.0
2024-07-24 00:00:00-04:00,4.659999847412109,4.789999961853027,4.46999979019165,4.639999866485596,159000,0.0,0.0
2024-07-25 00:00:00-04:00,4.599999904632568,4.769000053405762,4.429999828338623,4.679999828338623,157000,0.0,0.0
2024-07-26 00:00:00-04:00,4.690000057220459,4.900000095367432,4.579999923706055,4.679999828338623,200800,0.0,0.0
2024-07-29 00:00:00-04:00,4.659999847412109,4.800000190734863,4.441999912261963,4.559999942779541,136700,0.0,0.0
2024-07-30 00:00:00-04:00,4.550000190734863,4.59499979019165,4.400000095367432,4.5,158200,0.0,0.0
2024-07-31 00:00:00-04:00,4.489999771118164,4.699999809265137,4.269999980926514,4.59499979019165,340800,0.0,0.0
2024-08-01 00:00:00-04:00,4.619999885559082,4.710000038146973,4.324999809265137,4.409999847412109,158500,0.0,0.0
2024-08-02 00:00:00-04:00,4.389999866485596,4.429999828338623,4.130000114440918,4.300000190734863,224200,0.0,0.0
2024-08-05 00:00:00-04:00,3.9800000190734863,4.46999979019165,3.9800000190734863,4.400000095367432,474800,0.0,0.0
2024-08-06 00:00:00-04:00,4.53000020980835,4.579999923706055,4.21999979019165,4.300000190734863,264700,0.0,0.0
2024-08-07 00:00:00-04:00,4.389999866485596,4.389999866485596,4.110000133514404,4.260000228881836,352800,0.0,0.0
2024-08-08 00:00:00-04:00,4.289999961853027,4.414999961853027,4.25,4.25,137900,0.0,0.0
2024-08-09 00:00:00-04:00,4.260000228881836,4.479000091552734,4.25,4.349999904632568,204800,0.0,0.0
2024-08-12 00:00:00-04:00,4.329999923706055,4.510000228881836,4.190000057220459,4.269999980926514,202000,0.0,0.0
2024-08-13 00:00:00-04:00,4.25,4.420000076293945,4.150000095367432,4.340000152587891,142800,0.0,0.0
2024-08-14 00:00:00-04:00,4.369999885559082,4.449999809265137,4.309999942779541,4.349999904632568,87700,0.0,0.0
2024-08-15 00:00:00-04:00,4.400000095367432,4.460000038146973,4.21999979019165,4.21999979019165,191400,0.0,0.0
2024-08-16 00:00:00-04:00,4.28000020980835,4.315000057220459,4.150000095367432,4.239999771118164,422300,0.0,0.0
2024-08-19 00:00:00-04:00,4.210000038146973,4.380000114440918,4.190000057220459,4.28000020980835,288500,0.0,0.0
2024-08-20 00:00:00-04:00,4.28000020980835,4.409999847412109,4.239999771118164,4.340000152587891,166000,0.0,0.0
2024-08-21 00:00:00-04:00,4.420000076293945,4.570000171661377,4.340000152587891,4.349999904632568,160400,0.0,0.0
2024-08-22 00:00:00-04:00,4.340000152587891,4.429999828338623,4.195000171661377,4.25,251900,0.0,0.0
2024-08-23 00:00:00-04:00,4.260000228881836,4.459000110626221,4.191999912261963,4.300000190734863,324200,0.0,0.0
2024-08-26 00:00:00-04:00,4.289999961853027,4.789999961853027,4.289999961853027,4.699999809265137,334200,0.0,0.0
2024-08-27 00:00:00-04:00,4.789999961853027,4.840000152587891,4.619999885559082,4.789999961853027,285800,0.0,0.0
2024-08-28 00:00:00-04:00,4.739999771118164,4.849999904632568,4.659999847412109,4.670000076293945,153100,0.0,0.0
2024-08-29 00:00:00-04:00,4.71999979019165,4.800000190734863,4.670000076293945,4.75,123500,0.0,0.0
2024-08-30 00:00:00-04:00,4.789999961853027,4.840000152587891,4.639999866485596,4.760000228881836,291700,0.0,0.0
2024-09-03 00:00:00-04:00,4.800000190734863,4.920000076293945,4.650000095367432,4.699999809265137,209700,0.0,0.0
2024-09-04 00:00:00-04:00,4.690000057220459,4.818999767303467,4.650000095367432,4.699999809265137,198600,0.0,0.0
2024-09-05 00:00:00-04:00,4.71999979019165,4.760000228881836,4.329999923706055,4.369999885559082,488500,0.0,0.0
2024-09-06 00:00:00-04:00,4.340000152587891,4.369999885559082,4.119999885559082,4.349999904632568,592300,0.0,0.0
2024-09-09 00:00:00-04:00,4.900000095367432,5.340000152587891,4.710000038146973,5.309999942779541,1660900,0.0,0.0
2024-09-10 00:00:00-04:00,5.28000020980835,5.489999771118164,5.119999885559082,5.199999809265137,471500,0.0,0.0
2024-09-11 00:00:00-04:00,5.170000076293945,5.239999771118164,4.980000019073486,5.139999866485596,330000,0.0,0.0
2024-09-12 00:00:00-04:00,5.110000133514404,5.300000190734863,5.043000221252441,5.21999979019165,201500,0.0,0.0
2024-09-13 00:00:00-04:00,5.269999980926514,5.289999961853027,5.010000228881836,5.25,172400,0.0,0.0
2024-09-16 00:00:00-04:00,5.28000020980835,5.349999904632568,5.150000095367432,5.150000095367432,197100,0.0,0.0
2024-09-17 00:00:00-04:00,5.159999847412109,5.230000019073486,4.929999828338623,4.989999771118164,221900,0.0,0.0
2024-09-18 00:00:00-04:00,5.0,5.090000152587891,4.849999904632568,4.869999885559082,346200,0.0,0.0
2024-09-19 00:00:00-04:00,4.980000019073486,5.150000095367432,4.710000038146973,4.820000171661377,650000,0.0,0.0
2024-09-20 00:00:00-04:00,5.210000038146973,5.440000057220459,4.820000171661377,5.079999923706055,1514800,0.0,0.0
2024-09-23 00:00:00-04:00,5.070000171661377,5.119999885559082,4.775000095367432,4.789999961853027,281600,0.0,0.0
2024-09-24 00:00:00-04:00,4.809999942779541,4.860000133514404,4.519999980926514,4.690000057220459,367700,0.0,0.0
2024-09-25 00:00:00-04:00,4.769999980926514,5.050000190734863,4.735000133514404,4.949999809265137,634300,0.0,0.0
2024-09-26 00:00:00-04:00,4.929999828338623,5.139999866485596,4.820000171661377,4.880000114440918,288000,0.0,0.0
2024-09-27 00:00:00-04:00,4.869999885559082,5.050000190734863,4.849999904632568,4.980000019073486,161100,0.0,0.0
2024-09-30 00:00:00-04:00,4.940000057220459,5.079999923706055,4.809999942779541,4.849999904632568,489500,0.0,0.0
2024-10-01 00:00:00-04:00,4.800000190734863,4.824999809265137,4.539999961853027,4.590000152587891,422500,0.0,0.0
2024-10-02 00:00:00-04:00,4.570000171661377,4.730000019073486,4.517000198364258,4.710000038146973,489700,0.0,0.0
2024-10-03 00:00:00-04:00,4.75,5.099999904632568,4.710000038146973,4.900000095367432,299300,0.0,0.0
2024-10-04 00:00:00-04:00,4.909999847412109,5.099999904632568,4.860000133514404,4.929999828338623,265600,0.0,0.0
2024-10-07 00:00:00-04:00,4.960000038146973,5.019999980926514,4.739999771118164,4.78000020980835,173800,0.0,0.0
2024-10-08 00:00:00-04:00,4.75,4.932000160217285,4.739999771118164,4.78000020980835,224500,0.0,0.0
2024-10-09 00:00:00-04:00,4.670000076293945,4.769999980926514,4.610000133514404,4.699999809265137,226600,0.0,0.0
2024-10-10 00:00:00-04:00,4.699999809265137,4.730000019073486,4.539999961853027,4.670000076293945,164200,0.0,0.0
2024-10-11 00:00:00-04:00,4.650000095367432,4.800000190734863,4.650000095367432,4.699999809265137,126500,0.0,0.0
2024-10-14 00:00:00-04:00,4.809999942779541,4.835000038146973,4.651000022888184,4.78000020980835,291100,0.0,0.0
2024-10-15 00:00:00-04:00,4.78000020980835,4.889999866485596,4.701000213623047,4.820000171661377,164100,0.0,0.0
2024-10-16 00:00:00-04:00,4.849999904632568,5.139999866485596,4.835000038146973,4.949999809265137,557500,0.0,0.0
2024-10-17 00:00:00-04:00,5.019999980926514,5.164000034332275,4.710000038146973,4.739999771118164,305300,0.0,0.0
2024-10-18 00:00:00-04:00,4.809999942779541,4.880000114440918,4.710999965667725,4.849999904632568,198800,0.0,0.0
2024-10-21 00:00:00-04:00,4.869999885559082,4.965000152587891,4.710000038146973,4.889999866485596,565800,0.0,0.0
2024-10-22 00:00:00-04:00,4.869999885559082,5.400000095367432,4.869999885559082,5.289999961853027,1350100,0.0,0.0
2024-10-23 00:00:00-04:00,5.199999809265137,5.539999961853027,5.079999923706055,5.360000133514404,742600,0.0,0.0
2024-10-24 00:00:00-04:00,5.340000152587891,5.539999961853027,5.25,5.539999961853027,343200,0.0,0.0
2024-10-25 00:00:00-04:00,5.659999847412109,5.929999828338623,5.570000171661377,5.78000020980835,501500,0.0,0.0
2024-10-28 00:00:00-04:00,5.820000171661377,5.9019999504089355,5.559999942779541,5.630000114440918,312200,0.0,0.0
2024-10-29 00:00:00-04:00,5.670000076293945,5.75,5.590000152587891,5.679999828338623,470600,0.0,0.0
2024-10-30 00:00:00-04:00,5.679999828338623,5.699999809265137,5.420000076293945,5.440000057220459,251600,0.0,0.0
2024-10-31 00:00:00-04:00,5.360000133514404,5.539999961853027,5.22599983215332,5.480000019073486,341600,0.0,0.0
2024-11-01 00:00:00-04:00,5.489999771118164,5.630000114440918,5.380000114440918,5.5,249700,0.0,0.0
2024-11-04 00:00:00-05:00,5.400000095367432,5.650000095367432,5.320000171661377,5.440000057220459,551800,0.0,0.0
2024-11-05 00:00:00-05:00,5.650000095367432,5.650000095367432,5.389999866485596,5.440000057220459,306800,0.0,0.0
2024-11-06 00:00:00-05:00,5.46999979019165,5.849999904632568,5.400000095367432,5.809999942779541,352400,0.0,0.0
2024-11-07 00:00:00-05:00,5.75,6.03000020980835,5.659999847412109,5.71999979019165,234900,0.0,0.0
2024-11-08 00:00:00-05:00,5.840000152587891,5.920000076293945,5.510000228881836,5.579999923706055,561700,0.0,0.0
2024-11-11 00:00:00-05:00,5.559999942779541,6.185999870300293,5.559999942779541,5.960000038146973,644900,0.0,0.0
2024-11-12 00:00:00-05:00,5.949999809265137,6.050000190734863,5.679999828338623,5.820000171661377,351800,0.0,0.0
2024-11-13 00:00:00-05:00,5.800000190734863,6.050000190734863,5.630000114440918,5.639999866485596,273700,0.0,0.0
2024-11-14 00:00:00-05:00,5.610000133514404,5.760000228881836,5.349999904632568,5.599999904632568,441500,0.0,0.0
2024-11-15 00:00:00-05:00,5.610000133514404,5.739999771118164,5.179999828338623,5.289999961853027,441400,0.0,0.0
2024-11-18 00:00:00-05:00,5.360000133514404,5.480000019073486,4.789999961853027,4.869999885559082,442300,0.0,0.0
2024-11-19 00:00:00-05:00,4.78000020980835,5.059999942779541,4.659999847412109,4.949999809265137,482000,0.0,0.0
2024-11-20 00:00:00-05:00,4.989999771118164,5.135000228881836,4.854000091552734,5.010000228881836,294000,0.0,0.0
2024-11-21 00:00:00-05:00,5.0,5.139999866485596,4.820000171661377,4.860000133514404,283000,0.0,0.0
2024-11-22 00:00:00-05:00,4.78000020980835,4.989999771118164,4.679999828338623,4.909999847412109,372500,0.0,0.0
2024-11-25 00:00:00-05:00,4.96999979019165,4.980000019073486,4.849999904632568,4.860000133514404,274800,0.0,0.0
2024-11-26 00:00:00-05:00,4.900000095367432,4.949999809265137,4.730000019073486,4.789999961853027,186000,0.0,0.0
2024-11-27 00:00:00-05:00,4.809999942779541,5.050000190734863,4.699999809265137,4.989999771118164,404700,0.0,0.0
2024-11-29 00:00:00-05:00,4.980000019073486,5.111999988555908,4.869999885559082,5.039999961853027,192900,0.0,0.0
2024-12-02 00:00:00-05:00,5.119999885559082,5.429999828338623,5.0,5.099999904632568,522900,0.0,0.0
2024-12-03 00:00:00-05:00,5.130000114440918,5.53000020980835,4.900000095367432,5.349999904632568,554300,0.0,0.0
2024-12-04 00:00:00-05:00,5.409999847412109,5.449999809265137,5.019999980926514,5.159999847412109,346000,0.0,0.0
2024-12-05 00:00:00-05:00,5.159999847412109,5.309999942779541,5.119999885559082,5.239999771118164,406300,0.0,0.0
2024-12-06 00:00:00-05:00,5.269999980926514,5.46999979019165,5.130000114440918,5.179999828338623,383600,0.0,0.0
2024-12-09 00:00:00-05:00,5.139999866485596,5.230000019073486,4.9629998207092285,5.019999980926514,480100,0.0,0.0
2024-12-10 00:00:00-05:00,5.230000019073486,5.289999961853027,4.900000095367432,4.949999809265137,568300,0.0,0.0
2024-12-11 00:00:00-05:00,4.940000057220459,5.210000038146973,4.889999866485596,4.940000057220459,393300,0.0,0.0
2024-12-12 00:00:00-05:00,5.0,5.0,4.46999979019165,4.639999866485596,512100,0.0,0.0
2024-12-13 00:00:00-05:00,4.75,4.769999980926514,4.420000076293945,4.590000152587891,535800,0.0,0.0
2024-12-16 00:00:00-05:00,4.590000152587891,4.7230000495910645,4.46999979019165,4.489999771118164,370000,0.0,0.0
2024-12-17 00:00:00-05:00,4.489999771118164,4.559999942779541,4.320000171661377,4.440000057220459,269149,0.0,0.0
