Date,Open,High,Low,Close,Volume,Dividends,Stock Splits
2022-01-03 00:00:00-05:00,9.829999923706055,9.829999923706055,9.819999694824219,9.829999923706055,5800,0.0,0.0
2022-01-04 00:00:00-05:00,9.829999923706055,9.829999923706055,9.829999923706055,9.829999923706055,0,0.0,0.0
2022-01-05 00:00:00-05:00,9.819999694824219,9.829999923706055,9.819999694824219,9.829999923706055,2700,0.0,0.0
2022-01-06 00:00:00-05:00,9.829999923706055,9.84000015258789,9.829999923706055,9.84000015258789,1300,0.0,0.0
2022-01-07 00:00:00-05:00,9.829999923706055,9.829999923706055,9.829999923706055,9.829999923706055,4900,0.0,0.0
2022-01-10 00:00:00-05:00,9.835000038146973,9.835000038146973,9.829999923706055,9.829999923706055,2300,0.0,0.0
2022-01-11 00:00:00-05:00,9.838000297546387,9.838000297546387,9.838000297546387,9.838000297546387,500,0.0,0.0
2022-01-12 00:00:00-05:00,9.84000015258789,9.84000015258789,9.84000015258789,9.84000015258789,5100,0.0,0.0
2022-01-13 00:00:00-05:00,9.84000015258789,9.840999603271484,9.829999923706055,9.829999923706055,4100,0.0,0.0
2022-01-14 00:00:00-05:00,9.829999923706055,9.829999923706055,9.829999923706055,9.829999923706055,0,0.0,0.0
2022-01-18 00:00:00-05:00,9.829999923706055,9.829999923706055,9.829999923706055,9.829999923706055,600,0.0,0.0
2022-01-19 00:00:00-05:00,9.829999923706055,9.829999923706055,9.829999923706055,9.829999923706055,0,0.0,0.0
2022-01-20 00:00:00-05:00,9.84000015258789,9.84000015258789,9.829999923706055,9.829999923706055,700,0.0,0.0
2022-01-21 00:00:00-05:00,9.829999923706055,9.829999923706055,9.829999923706055,9.829999923706055,600,0.0,0.0
2022-01-24 00:00:00-05:00,9.829999923706055,9.835000038146973,9.824999809265137,9.82699966430664,28500,0.0,0.0
2022-01-25 00:00:00-05:00,9.829999923706055,9.84000015258789,9.829999923706055,9.84000015258789,10100,0.0,0.0
2022-01-26 00:00:00-05:00,9.850000381469727,9.850000381469727,9.850000381469727,9.850000381469727,800,0.0,0.0
2022-01-27 00:00:00-05:00,9.850000381469727,9.850000381469727,9.850000381469727,9.850000381469727,0,0.0,0.0
2022-01-28 00:00:00-05:00,9.850000381469727,9.850000381469727,9.850000381469727,9.850000381469727,0,0.0,0.0
2022-01-31 00:00:00-05:00,9.850000381469727,9.850000381469727,9.850000381469727,9.850000381469727,0,0.0,0.0
2022-02-01 00:00:00-05:00,9.850000381469727,9.850000381469727,9.850000381469727,9.850000381469727,0,0.0,0.0
2022-02-02 00:00:00-05:00,9.850000381469727,9.850000381469727,9.850000381469727,9.850000381469727,0,0.0,0.0
2022-02-03 00:00:00-05:00,9.850000381469727,9.869999885559082,9.850000381469727,9.869999885559082,4200,0.0,0.0
2022-02-04 00:00:00-05:00,9.869999885559082,9.869999885559082,9.869999885559082,9.869999885559082,0,0.0,0.0
2022-02-07 00:00:00-05:00,9.869999885559082,9.869999885559082,9.869999885559082,9.869999885559082,0,0.0,0.0
2022-02-08 00:00:00-05:00,9.869999885559082,9.869999885559082,9.869999885559082,9.869999885559082,0,0.0,0.0
2022-02-09 00:00:00-05:00,9.869999885559082,9.869999885559082,9.869999885559082,9.869999885559082,0,0.0,0.0
2022-02-10 00:00:00-05:00,9.869999885559082,9.869999885559082,9.869999885559082,9.869999885559082,0,0.0,0.0
2022-02-11 00:00:00-05:00,9.869999885559082,9.869999885559082,9.869999885559082,9.869999885559082,0,0.0,0.0
2022-02-14 00:00:00-05:00,9.869999885559082,9.869999885559082,9.869999885559082,9.869999885559082,0,0.0,0.0
2022-02-15 00:00:00-05:00,9.869999885559082,9.869999885559082,9.869999885559082,9.869999885559082,0,0.0,0.0
2022-02-16 00:00:00-05:00,9.869999885559082,9.869999885559082,9.869999885559082,9.869999885559082,0,0.0,0.0
2022-02-17 00:00:00-05:00,9.869999885559082,9.869999885559082,9.869999885559082,9.869999885559082,0,0.0,0.0
2022-02-18 00:00:00-05:00,9.869999885559082,9.869999885559082,9.869999885559082,9.869999885559082,0,0.0,0.0
2022-02-22 00:00:00-05:00,9.850000381469727,9.850000381469727,9.850000381469727,9.850000381469727,3500,0.0,0.0
2022-02-23 00:00:00-05:00,9.84000015258789,9.869999885559082,9.84000015258789,9.850000381469727,13100,0.0,0.0
2022-02-24 00:00:00-05:00,9.850000381469727,9.850000381469727,9.850000381469727,9.850000381469727,0,0.0,0.0
2022-02-25 00:00:00-05:00,9.859999656677246,9.859999656677246,9.859999656677246,9.859999656677246,900,0.0,0.0
2022-02-28 00:00:00-05:00,9.859999656677246,9.859999656677246,9.859999656677246,9.859999656677246,0,0.0,0.0
2022-03-01 00:00:00-05:00,9.859999656677246,9.859999656677246,9.859999656677246,9.859999656677246,0,0.0,0.0
2022-03-02 00:00:00-05:00,9.859999656677246,9.859999656677246,9.859999656677246,9.859999656677246,0,0.0,0.0
2022-03-03 00:00:00-05:00,9.859999656677246,9.859999656677246,9.859999656677246,9.859999656677246,0,0.0,0.0
2022-03-04 00:00:00-05:00,9.859999656677246,9.859999656677246,9.859999656677246,9.859999656677246,0,0.0,0.0
2022-03-07 00:00:00-05:00,9.859999656677246,9.859999656677246,9.859999656677246,9.859999656677246,0,0.0,0.0
2022-03-08 00:00:00-05:00,9.859999656677246,9.859999656677246,9.859999656677246,9.859999656677246,6400,0.0,0.0
2022-03-09 00:00:00-05:00,9.859999656677246,9.859999656677246,9.859999656677246,9.859999656677246,2900,0.0,0.0
2022-03-10 00:00:00-05:00,9.859999656677246,9.859999656677246,9.859999656677246,9.859999656677246,0,0.0,0.0
2022-03-11 00:00:00-05:00,9.850000381469727,9.850000381469727,9.850000381469727,9.850000381469727,2000,0.0,0.0
2022-03-14 00:00:00-04:00,9.850000381469727,9.850000381469727,9.850000381469727,9.850000381469727,3700,0.0,0.0
2022-03-15 00:00:00-04:00,9.850000381469727,9.850000381469727,9.850000381469727,9.850000381469727,0,0.0,0.0
2022-03-16 00:00:00-04:00,9.850000381469727,9.859999656677246,9.850000381469727,9.859999656677246,7000,0.0,0.0
2022-03-17 00:00:00-04:00,9.850000381469727,9.850000381469727,9.84000015258789,9.84000015258789,3300,0.0,0.0
2022-03-18 00:00:00-04:00,9.84000015258789,9.84000015258789,9.84000015258789,9.84000015258789,0,0.0,0.0
2022-03-21 00:00:00-04:00,9.850000381469727,9.850000381469727,9.850000381469727,9.850000381469727,3500,0.0,0.0
2022-03-22 00:00:00-04:00,9.850000381469727,9.850000381469727,9.850000381469727,9.850000381469727,1900,0.0,0.0
2022-03-23 00:00:00-04:00,9.859999656677246,9.859999656677246,9.859999656677246,9.859999656677246,800,0.0,0.0
2022-03-24 00:00:00-04:00,9.859999656677246,9.859999656677246,9.859999656677246,9.859999656677246,7800,0.0,0.0
2022-03-25 00:00:00-04:00,9.859999656677246,9.859999656677246,9.859999656677246,9.859999656677246,100,0.0,0.0
2022-03-28 00:00:00-04:00,9.859999656677246,9.859999656677246,9.859999656677246,9.859999656677246,0,0.0,0.0
2022-03-29 00:00:00-04:00,9.859999656677246,9.859999656677246,9.859999656677246,9.859999656677246,400,0.0,0.0
2022-03-30 00:00:00-04:00,9.859999656677246,9.859999656677246,9.859999656677246,9.859999656677246,100,0.0,0.0
2022-03-31 00:00:00-04:00,9.864999771118164,9.869999885559082,9.859999656677246,9.869999885559082,8200,0.0,0.0
2022-04-01 00:00:00-04:00,9.90999984741211,9.9399995803833,9.899999618530273,9.920000076293945,10900,0.0,0.0
2022-04-04 00:00:00-04:00,9.9399995803833,9.970000267028809,9.9399995803833,9.970000267028809,70900,0.0,0.0
2022-04-05 00:00:00-04:00,9.970000267028809,9.970000267028809,9.968999862670898,9.970000267028809,29100,0.0,0.0
2022-04-06 00:00:00-04:00,9.970000267028809,9.970000267028809,9.970000267028809,9.970000267028809,13000,0.0,0.0
2022-04-07 00:00:00-04:00,9.970000267028809,9.970000267028809,9.920000076293945,9.920000076293945,35900,0.0,0.0
2022-04-08 00:00:00-04:00,9.960000038146973,9.970000267028809,9.930000305175781,9.930000305175781,33600,0.0,0.0
2022-04-11 00:00:00-04:00,9.944999694824219,9.960000038146973,9.930000305175781,9.960000038146973,28400,0.0,0.0
2022-04-12 00:00:00-04:00,9.960000038146973,10.005000114440918,9.960000038146973,10.0,83100,0.0,0.0
2022-04-13 00:00:00-04:00,10.0,10.0,9.979999542236328,10.0,29100,0.0,0.0
2022-04-14 00:00:00-04:00,9.965999603271484,10.0,9.965999603271484,9.989999771118164,14500,0.0,0.0
2022-04-18 00:00:00-04:00,9.989999771118164,10.050000190734863,9.960000038146973,9.989999771118164,39800,0.0,0.0
2022-04-19 00:00:00-04:00,9.75,10.489999771118164,9.649999618530273,10.010000228881836,86500,0.0,0.0
2022-04-20 00:00:00-04:00,10.140000343322754,10.199999809265137,9.989999771118164,9.989999771118164,25000,0.0,0.0
2022-04-21 00:00:00-04:00,10.039999961853027,10.319999694824219,9.869999885559082,9.925000190734863,70100,0.0,0.0
2022-04-22 00:00:00-04:00,9.970000267028809,10.03499984741211,9.859999656677246,9.949999809265137,103400,0.0,0.0
2022-04-25 00:00:00-04:00,9.6899995803833,9.949999809265137,8.600000381469727,9.220000267028809,133100,0.0,0.0
2022-04-26 00:00:00-04:00,9.420000076293945,12.600000381469727,8.8100004196167,9.300000190734863,1069000,0.0,0.0
2022-04-27 00:00:00-04:00,9.579999923706055,11.579999923706055,9.579999923706055,10.585000038146973,514700,0.0,0.0
2022-04-28 00:00:00-04:00,9.59000015258789,11.359999656677246,9.010000228881836,9.4399995803833,421800,0.0,0.0
2022-04-29 00:00:00-04:00,9.5,10.25,9.359999656677246,9.859999656677246,94600,0.0,0.0
2022-05-02 00:00:00-04:00,10.039999961853027,10.883000373840332,8.239999771118164,9.25,103300,0.0,0.0
2022-05-03 00:00:00-04:00,9.359000205993652,10.163000106811523,8.720000267028809,8.979999542236328,83100,0.0,0.0
2022-05-04 00:00:00-04:00,8.65999984741211,9.0,8.260000228881836,8.866999626159668,64900,0.0,0.0
2022-05-05 00:00:00-04:00,8.399999618530273,9.420000076293945,6.565000057220459,6.78000020980835,183900,0.0,0.0
2022-05-06 00:00:00-04:00,6.75,6.75,4.849999904632568,5.25,241800,0.0,0.0
2022-05-09 00:00:00-04:00,4.579999923706055,5.320000171661377,4.550000190734863,4.869999885559082,75200,0.0,0.0
2022-05-10 00:00:00-04:00,5.119999885559082,5.939000129699707,4.75,5.199999809265137,80200,0.0,0.0
2022-05-11 00:00:00-04:00,5.21999979019165,5.739999771118164,4.5,5.099999904632568,90300,0.0,0.0
2022-05-12 00:00:00-04:00,5.309999942779541,5.789999961853027,5.010000228881836,5.46999979019165,41400,0.0,0.0
2022-05-13 00:00:00-04:00,6.0,6.0,5.099999904632568,5.26800012588501,66300,0.0,0.0
2022-05-16 00:00:00-04:00,5.293000221252441,5.691999912261963,5.210000038146973,5.519999980926514,49000,0.0,0.0
2022-05-17 00:00:00-04:00,5.46999979019165,5.9629998207092285,5.25,5.510000228881836,65400,0.0,0.0
2022-05-18 00:00:00-04:00,5.800000190734863,6.300000190734863,5.769999980926514,5.949999809265137,47000,0.0,0.0
2022-05-19 00:00:00-04:00,6.460000038146973,6.900000095367432,6.099999904632568,6.300000190734863,30900,0.0,0.0
2022-05-20 00:00:00-04:00,6.150000095367432,6.539999961853027,5.650000095367432,6.158999919891357,63400,0.0,0.0
2022-05-23 00:00:00-04:00,6.4039998054504395,6.4039998054504395,5.699999809265137,6.23199987411499,34800,0.0,0.0
2022-05-24 00:00:00-04:00,6.0,6.119999885559082,5.460000038146973,6.047999858856201,39400,0.0,0.0
2022-05-25 00:00:00-04:00,5.840000152587891,5.948999881744385,5.5,5.639999866485596,48200,0.0,0.0
2022-05-26 00:00:00-04:00,5.559999942779541,5.980000019073486,5.210000038146973,5.300000190734863,126100,0.0,0.0
2022-05-27 00:00:00-04:00,5.369999885559082,5.579999923706055,4.599999904632568,5.295000076293945,206700,0.0,0.0
2022-05-31 00:00:00-04:00,5.230000019073486,5.570000171661377,5.190000057220459,5.21999979019165,34500,0.0,0.0
2022-06-01 00:00:00-04:00,5.449999809265137,5.639999866485596,5.090000152587891,5.25,69500,0.0,0.0
2022-06-02 00:00:00-04:00,5.150000095367432,5.514999866485596,4.800000190734863,5.230000019073486,59300,0.0,0.0
2022-06-03 00:00:00-04:00,5.433000087738037,5.433000087738037,4.909999847412109,5.0,30500,0.0,0.0
2022-06-06 00:00:00-04:00,5.0,5.840000152587891,4.949999809265137,5.130000114440918,56900,0.0,0.0
2022-06-07 00:00:00-04:00,4.96999979019165,5.372000217437744,4.8470001220703125,4.900000095367432,71500,0.0,0.0
2022-06-08 00:00:00-04:00,5.0,5.130000114440918,4.809999942779541,4.809999942779541,29400,0.0,0.0
2022-06-09 00:00:00-04:00,4.900000095367432,5.076000213623047,4.199999809265137,4.300000190734863,76800,0.0,0.0
2022-06-10 00:00:00-04:00,4.170000076293945,4.559999942779541,3.950000047683716,4.139999866485596,79100,0.0,0.0
2022-06-13 00:00:00-04:00,3.9000000953674316,4.119999885559082,3.6600000858306885,3.8399999141693115,60500,0.0,0.0
2022-06-14 00:00:00-04:00,4.079999923706055,4.480000019073486,3.700000047683716,3.7799999713897705,216900,0.0,0.0
2022-06-15 00:00:00-04:00,3.799999952316284,4.159999847412109,3.7300000190734863,4.025000095367432,32200,0.0,0.0
2022-06-16 00:00:00-04:00,4.019999980926514,4.320000171661377,3.75,3.819999933242798,53400,0.0,0.0
2022-06-17 00:00:00-04:00,4.03000020980835,4.173999786376953,3.799999952316284,3.799999952316284,4300,0.0,0.0
2022-06-21 00:00:00-04:00,3.759999990463257,4.5,3.759999990463257,3.9600000381469727,97700,0.0,0.0
2022-06-22 00:00:00-04:00,3.8399999141693115,4.586999893188477,3.799999952316284,3.809999942779541,20800,0.0,0.0
2022-06-23 00:00:00-04:00,4.107999801635742,4.107999801635742,3.75,3.7699999809265137,11600,0.0,0.0
2022-06-24 00:00:00-04:00,4.051000118255615,4.051000118255615,3.703000068664551,3.9700000286102295,32700,0.0,0.0
2022-06-27 00:00:00-04:00,4.050000190734863,4.050000190734863,3.9000000953674316,3.930000066757202,2000,0.0,0.0
2022-06-28 00:00:00-04:00,4.007999897003174,4.019999980926514,3.8499999046325684,3.9000000953674316,4500,0.0,0.0
2022-06-29 00:00:00-04:00,3.9649999141693115,4.085000038146973,3.9200000762939453,4.019999980926514,3900,0.0,0.0
2022-06-30 00:00:00-04:00,4.355000019073486,4.355000019073486,3.9000000953674316,4.010000228881836,7300,0.0,0.0
2022-07-01 00:00:00-04:00,3.990999937057495,4.320000171661377,3.819999933242798,4.190000057220459,38200,0.0,0.0
2022-07-05 00:00:00-04:00,3.7200000286102295,4.039999961853027,3.299999952316284,3.799999952316284,33300,0.0,0.0
2022-07-06 00:00:00-04:00,3.8919999599456787,3.9100000858306885,3.8499999046325684,3.8499999046325684,2200,0.0,0.0
2022-07-07 00:00:00-04:00,3.9860000610351562,3.990000009536743,3.799999952316284,3.990000009536743,7800,0.0,0.0
2022-07-08 00:00:00-04:00,3.9860000610351562,3.9860000610351562,3.799999952316284,3.9700000286102295,10500,0.0,0.0
2022-07-11 00:00:00-04:00,3.996000051498413,3.996000051498413,3.9000000953674316,3.9739999771118164,1500,0.0,0.0
2022-07-12 00:00:00-04:00,4.214000225067139,4.214000225067139,3.799999952316284,3.9779999256134033,4300,0.0,0.0
2022-07-13 00:00:00-04:00,4.309000015258789,4.309000015258789,3.8559999465942383,3.98799991607666,2800,0.0,0.0
2022-07-14 00:00:00-04:00,4.165999889373779,4.165999889373779,4.059999942779541,4.099999904632568,1400,0.0,0.0
2022-07-15 00:00:00-04:00,4.176000118255615,4.176000118255615,4.159999847412109,4.159999847412109,600,0.0,0.0
2022-07-18 00:00:00-04:00,4.218999862670898,4.25,4.01800012588501,4.179999828338623,6700,0.0,0.0
2022-07-19 00:00:00-04:00,4.230000019073486,4.96999979019165,4.010000228881836,4.760000228881836,8600,0.0,0.0
2022-07-20 00:00:00-04:00,4.998000144958496,5.0,4.75,4.900000095367432,5400,0.0,0.0
2022-07-21 00:00:00-04:00,4.949999809265137,5.2230000495910645,4.550000190734863,5.061999797821045,8800,0.0,0.0
2022-07-22 00:00:00-04:00,4.800000190734863,5.043000221252441,4.800000190734863,5.013999938964844,2500,0.0,0.0
2022-07-25 00:00:00-04:00,5.401000022888184,5.401000022888184,5.260000228881836,5.260000228881836,1000,0.0,0.0
2022-07-26 00:00:00-04:00,5.308000087738037,5.308000087738037,5.0,5.139999866485596,3300,0.0,0.0
2022-07-27 00:00:00-04:00,5.050000190734863,5.433000087738037,5.0,5.380000114440918,2500,0.0,0.0
2022-07-28 00:00:00-04:00,5.539999961853027,5.539999961853027,5.381999969482422,5.389999866485596,3900,0.0,0.0
2022-07-29 00:00:00-04:00,5.886000156402588,6.997000217437744,5.739999771118164,6.139999866485596,76600,0.0,0.0
2022-08-01 00:00:00-04:00,7.159999847412109,7.199999809265137,5.960000038146973,6.860000133514404,30700,0.0,0.0
2022-08-02 00:00:00-04:00,7.349999904632568,7.349999904632568,6.010000228881836,7.320000171661377,73000,0.0,0.0
2022-08-03 00:00:00-04:00,7.070000171661377,7.130000114440918,6.480000019073486,6.610000133514404,24300,0.0,0.0
2022-08-04 00:00:00-04:00,6.809999942779541,6.861000061035156,5.389999866485596,5.635000228881836,20500,0.0,0.0
2022-08-05 00:00:00-04:00,5.539999961853027,5.880000114440918,5.25,5.790999889373779,51400,0.0,0.0
2022-08-08 00:00:00-04:00,5.820000171661377,6.421999931335449,5.409999847412109,5.979000091552734,71300,0.0,0.0
2022-08-09 00:00:00-04:00,6.400000095367432,10.491000175476074,5.239999771118164,5.394999980926514,1890400,0.0,0.0
2022-08-10 00:00:00-04:00,4.920000076293945,5.267000198364258,4.480000019073486,4.929999828338623,111900,0.0,0.0
2022-08-11 00:00:00-04:00,4.570000171661377,5.03000020980835,4.289999961853027,4.800000190734863,67800,0.0,0.0
2022-08-12 00:00:00-04:00,4.711999893188477,5.03000020980835,4.360000133514404,4.869999885559082,79700,0.0,0.0
2022-08-15 00:00:00-04:00,4.849999904632568,5.989999771118164,4.670000076293945,5.630000114440918,127300,0.0,0.0
2022-08-16 00:00:00-04:00,5.489999771118164,6.550000190734863,5.079999923706055,5.880000114440918,121800,0.0,0.0
2022-08-17 00:00:00-04:00,6.099999904632568,6.5,5.659999847412109,5.829999923706055,94800,0.0,0.0
2022-08-18 00:00:00-04:00,6.409999847412109,6.409999847412109,5.25,6.111000061035156,136800,0.0,0.0
2022-08-19 00:00:00-04:00,5.940999984741211,6.340000152587891,5.4730000495910645,6.340000152587891,80100,0.0,0.0
2022-08-22 00:00:00-04:00,6.150000095367432,6.420000076293945,5.849999904632568,6.119999885559082,76800,0.0,0.0
2022-08-23 00:00:00-04:00,5.889999866485596,6.334000110626221,5.690000057220459,6.170000076293945,119600,0.0,0.0
2022-08-24 00:00:00-04:00,6.590000152587891,6.590000152587891,5.75,6.25,169600,0.0,0.0
2022-08-25 00:00:00-04:00,6.159999847412109,6.230000019073486,5.769999980926514,5.900000095367432,131200,0.0,0.0
2022-08-26 00:00:00-04:00,6.199999809265137,6.25,5.800000190734863,6.199999809265137,127200,0.0,0.0
2022-08-29 00:00:00-04:00,6.03000020980835,6.139999866485596,5.460000038146973,5.650000095367432,155200,0.0,0.0
2022-08-30 00:00:00-04:00,5.659999847412109,6.230000019073486,5.425000190734863,5.619999885559082,45400,0.0,0.0
2022-08-31 00:00:00-04:00,5.739999771118164,6.119999885559082,5.304999828338623,5.570000171661377,91800,0.0,0.0
2022-09-01 00:00:00-04:00,5.840000152587891,5.840000152587891,4.650000095367432,5.0,146700,0.0,0.0
2022-09-02 00:00:00-04:00,5.0,5.559999942779541,4.96999979019165,5.190000057220459,128800,0.0,0.0
2022-09-06 00:00:00-04:00,5.099999904632568,5.510000228881836,4.619999885559082,4.699999809265137,142200,0.0,0.0
2022-09-07 00:00:00-04:00,4.839000225067139,5.840000152587891,4.440000057220459,5.420000076293945,230100,0.0,0.0
2022-09-08 00:00:00-04:00,5.150000095367432,6.139999866485596,4.949999809265137,5.760000228881836,203500,0.0,0.0
2022-09-09 00:00:00-04:00,5.829999923706055,6.4019999504089355,5.485000133514404,5.639999866485596,224100,0.0,0.0
2022-09-12 00:00:00-04:00,5.53000020980835,5.8429999351501465,5.300000190734863,5.539999961853027,173900,0.0,0.0
2022-09-13 00:00:00-04:00,5.269999980926514,5.702000141143799,5.170000076293945,5.46999979019165,28000,0.0,0.0
2022-09-14 00:00:00-04:00,5.663000106811523,5.697000026702881,5.300000190734863,5.369999885559082,35700,0.0,0.0
2022-09-15 00:00:00-04:00,5.130000114440918,6.150000095367432,5.130000114440918,5.940000057220459,112000,0.0,0.0
2022-09-16 00:00:00-04:00,5.829999923706055,6.300000190734863,5.659999847412109,5.861000061035156,79300,0.0,0.0
2022-09-19 00:00:00-04:00,5.599999904632568,6.329999923706055,5.599999904632568,6.230000019073486,726000,0.0,0.0
2022-09-20 00:00:00-04:00,5.96999979019165,6.7870001792907715,5.804999828338623,6.679999828338623,702100,0.0,0.0
2022-09-21 00:00:00-04:00,6.369999885559082,7.25,6.050000190734863,6.800000190734863,592200,0.0,0.0
2022-09-22 00:00:00-04:00,6.440000057220459,7.0,6.269999980926514,6.449999809265137,800300,0.0,0.0
2022-09-23 00:00:00-04:00,6.579999923706055,6.880000114440918,6.0,6.489999771118164,709500,0.0,0.0
2022-09-26 00:00:00-04:00,6.789999961853027,6.789999961853027,4.769999980926514,4.769999980926514,796600,0.0,0.0
2022-09-27 00:00:00-04:00,4.860000133514404,5.449999809265137,4.0,4.190000057220459,872400,0.0,0.0
2022-09-28 00:00:00-04:00,4.010000228881836,4.110000133514404,2.821000099182129,3.059999942779541,1180300,0.0,0.0
2022-09-29 00:00:00-04:00,2.930000066757202,3.3299999237060547,2.2300000190734863,2.259999990463257,1018800,0.0,0.0
2022-09-30 00:00:00-04:00,2.630000114440918,3.5299999713897705,2.309999942779541,3.240000009536743,5343900,0.0,0.0
2022-10-03 00:00:00-04:00,2.799999952316284,3.4100000858306885,2.7799999713897705,3.1700000762939453,252500,0.0,0.0
2022-10-04 00:00:00-04:00,3.0999999046325684,4.099999904632568,3.0999999046325684,3.859999895095825,218600,0.0,0.0
2022-10-05 00:00:00-04:00,3.7699999809265137,3.880000114440918,3.5799999237060547,3.75,35000,0.0,0.0
2022-10-06 00:00:00-04:00,3.3499999046325684,5.0,3.3499999046325684,4.889999866485596,179700,0.0,0.0
2022-10-07 00:00:00-04:00,4.809999942779541,5.230000019073486,4.809999942779541,5.010000228881836,37200,0.0,0.0
2022-10-10 00:00:00-04:00,4.960000038146973,4.960000038146973,4.380000114440918,4.440000057220459,63500,0.0,0.0
2022-10-11 00:00:00-04:00,4.440000057220459,4.440000057220459,3.8399999141693115,4.070000171661377,38800,0.0,0.0
2022-10-12 00:00:00-04:00,4.0,4.380000114440918,3.740000009536743,3.8399999141693115,75200,0.0,0.0
2022-10-13 00:00:00-04:00,3.8410000801086426,4.230000019073486,3.509999990463257,3.5799999237060547,78800,0.0,0.0
2022-10-14 00:00:00-04:00,3.75,3.75,3.3589999675750732,3.440000057220459,65900,0.0,0.0
2022-10-17 00:00:00-04:00,3.4800000190734863,3.4800000190734863,3.2809998989105225,3.450000047683716,25300,0.0,0.0
2022-10-18 00:00:00-04:00,3.3499999046325684,3.549999952316284,3.049999952316284,3.0999999046325684,32000,0.0,0.0
2022-10-19 00:00:00-04:00,2.880000114440918,3.390000104904175,2.880000114440918,3.0299999713897705,41400,0.0,0.0
2022-10-20 00:00:00-04:00,3.369999885559082,3.369999885559082,2.819999933242798,2.890000104904175,30800,0.0,0.0
2022-10-21 00:00:00-04:00,2.75,3.0390000343322754,2.619999885559082,3.0,210500,0.0,0.0
2022-10-24 00:00:00-04:00,2.7100000381469727,3.740000009536743,2.619999885559082,2.8499999046325684,135100,0.0,0.0
2022-10-25 00:00:00-04:00,3.0199999809265137,3.0899999141693115,2.690000057220459,2.7100000381469727,62500,0.0,0.0
2022-10-26 00:00:00-04:00,2.640000104904175,2.799999952316284,2.640000104904175,2.7880001068115234,66600,0.0,0.0
2022-10-27 00:00:00-04:00,2.75,2.869999885559082,2.609999895095825,2.609999895095825,62500,0.0,0.0
2022-10-28 00:00:00-04:00,2.690000057220459,2.7149999141693115,2.3299999237060547,2.3299999237060547,281600,0.0,0.0
2022-10-31 00:00:00-04:00,2.4200000762939453,2.4200000762939453,2.240000009536743,2.299999952316284,30200,0.0,0.0
2022-11-01 00:00:00-04:00,2.299999952316284,2.390000104904175,2.259999990463257,2.299999952316284,84600,0.0,0.0
2022-11-02 00:00:00-04:00,2.3299999237060547,2.3550000190734863,2.0999999046325684,2.0999999046325684,59400,0.0,0.0
2022-11-03 00:00:00-04:00,2.200000047683716,2.200000047683716,2.0299999713897705,2.059999942779541,54000,0.0,0.0
2022-11-04 00:00:00-04:00,2.1500000953674316,2.390000104904175,2.069999933242798,2.319999933242798,16400,0.0,0.0
2022-11-07 00:00:00-05:00,2.4230000972747803,2.505000114440918,2.4230000972747803,2.505000114440918,1300,0.0,0.0
2022-11-08 00:00:00-05:00,2.490000009536743,2.609999895095825,2.4600000381469727,2.490000009536743,15100,0.0,0.0
2022-11-09 00:00:00-05:00,2.3399999141693115,2.364000082015991,2.1500000953674316,2.190000057220459,78000,0.0,0.0
2022-11-10 00:00:00-05:00,2.180000066757202,2.2200000286102295,2.140000104904175,2.2200000286102295,3800,0.0,0.0
2022-11-11 00:00:00-05:00,2.359999895095825,2.359999895095825,2.3499999046325684,2.3499999046325684,1600,0.0,0.0
2022-11-14 00:00:00-05:00,2.440000057220459,2.440000057220459,2.2899999618530273,2.319999933242798,2100,0.0,0.0
2022-11-15 00:00:00-05:00,2.25,2.5,2.25,2.390000104904175,22400,0.0,0.0
2022-11-16 00:00:00-05:00,2.4800000190734863,2.4800000190734863,2.4739999771118164,2.4800000190734863,1000,0.0,0.0
2022-11-17 00:00:00-05:00,2.4600000381469727,2.5,2.2750000953674316,2.3399999141693115,8700,0.0,0.0
2022-11-18 00:00:00-05:00,2.4200000762939453,2.759999990463257,2.25,2.759999990463257,32100,0.0,0.0
2022-11-21 00:00:00-05:00,2.4800000190734863,2.765000104904175,2.4800000190734863,2.609999895095825,4600,0.0,0.0
2022-11-22 00:00:00-05:00,2.7200000286102295,2.984999895095825,2.5,2.680000066757202,6500,0.0,0.0
2022-11-23 00:00:00-05:00,2.680000066757202,2.680000066757202,2.509999990463257,2.509999990463257,2200,0.0,0.0
2022-11-25 00:00:00-05:00,2.509999990463257,2.509999990463257,2.509999990463257,2.509999990463257,0,0.0,0.0
2022-11-28 00:00:00-05:00,2.5,2.8369998931884766,2.5,2.680000066757202,1200,0.0,0.0
2022-11-29 00:00:00-05:00,2.9200000762939453,2.9200000762939453,2.549999952316284,2.740000009536743,2000,0.0,0.0
2022-11-30 00:00:00-05:00,2.569999933242798,2.950000047683716,2.3299999237060547,2.5999999046325684,5500,0.0,0.0
2022-12-01 00:00:00-05:00,2.690000057220459,2.690000057220459,2.690000057220459,2.690000057220459,300,0.0,0.0
2022-12-02 00:00:00-05:00,2.7300000190734863,2.7300000190734863,2.5329999923706055,2.680000066757202,2200,0.0,0.0
2022-12-05 00:00:00-05:00,2.609999895095825,2.7100000381469727,2.369999885559082,2.490000009536743,3500,0.0,0.0
2022-12-06 00:00:00-05:00,2.7300000190734863,3.2300000190734863,2.4800000190734863,3.0199999809265137,24200,0.0,0.0
2022-12-07 00:00:00-05:00,3.2100000381469727,3.2100000381469727,2.509999990463257,2.619999885559082,16200,0.0,0.0
2022-12-08 00:00:00-05:00,2.640000104904175,3.0,2.640000104904175,3.0,4000,0.0,0.0
2022-12-09 00:00:00-05:00,3.059999942779541,3.069000005722046,2.75,3.059999942779541,11400,0.0,0.0
2022-12-12 00:00:00-05:00,3.109999895095825,3.369999885559082,3.0399999618530273,3.369999885559082,2700,0.0,0.0
2022-12-13 00:00:00-05:00,3.3499999046325684,3.630000114440918,3.299999952316284,3.630000114440918,5800,0.0,0.0
2022-12-14 00:00:00-05:00,3.990000009536743,3.990000009536743,3.680000066757202,3.700000047683716,7000,0.0,0.0
2022-12-15 00:00:00-05:00,3.8299999237060547,3.8299999237060547,3.490000009536743,3.6600000858306885,1300,0.0,0.0
2022-12-16 00:00:00-05:00,3.5799999237060547,3.799999952316284,3.180000066757202,3.180000066757202,26000,0.0,0.0
2022-12-19 00:00:00-05:00,3.5999999046325684,3.5999999046325684,3.190000057220459,3.390000104904175,10000,0.0,0.0
2022-12-20 00:00:00-05:00,3.509999990463257,3.630000114440918,3.4800000190734863,3.4800000190734863,1000,0.0,0.0
2022-12-21 00:00:00-05:00,3.5199999809265137,3.5199999809265137,3.1730000972747803,3.450000047683716,7600,0.0,0.0
2022-12-22 00:00:00-05:00,3.4600000381469727,3.5199999809265137,3.2200000286102295,3.5199999809265137,2100,0.0,0.0
2022-12-23 00:00:00-05:00,3.3499999046325684,3.3499999046325684,3.0999999046325684,3.200000047683716,9900,0.0,0.0
2022-12-27 00:00:00-05:00,3.2100000381469727,3.559999942779541,3.2100000381469727,3.559999942779541,1700,0.0,0.0
2022-12-28 00:00:00-05:00,3.369999885559082,3.369999885559082,3.0299999713897705,3.174999952316284,1800,0.0,0.0
2022-12-29 00:00:00-05:00,2.9000000953674316,2.9000000953674316,2.0299999713897705,2.4000000953674316,14000,0.0,0.0
2022-12-30 00:00:00-05:00,2.427000045776367,2.5399999618530273,2.009999990463257,2.009999990463257,8400,0.0,0.0
2023-01-03 00:00:00-05:00,2.25,2.25,2.115000009536743,2.2300000190734863,2300,0.0,0.0
2023-01-04 00:00:00-05:00,2.193000078201294,2.193000078201294,1.649999976158142,1.7699999809265137,12100,0.0,0.0
2023-01-05 00:00:00-05:00,1.899999976158142,1.899999976158142,1.6799999475479126,1.7899999618530273,10000,0.0,0.0
2023-01-06 00:00:00-05:00,1.937999963760376,1.9800000190734863,1.659999966621399,1.8229999542236328,12400,0.0,0.0
2023-01-09 00:00:00-05:00,1.6100000143051147,1.8270000219345093,1.590000033378601,1.6100000143051147,15300,0.0,0.0
2023-01-10 00:00:00-05:00,1.649999976158142,1.781999945640564,1.3799999952316284,1.437999963760376,14800,0.0,0.0
2023-01-11 00:00:00-05:00,1.4700000286102295,1.6419999599456787,1.4600000381469727,1.600000023841858,32300,0.0,0.0
2023-01-12 00:00:00-05:00,1.7599999904632568,1.8350000381469727,1.600000023841858,1.7200000286102295,24700,0.0,0.0
2023-01-13 00:00:00-05:00,1.7869999408721924,1.8300000429153442,1.6100000143051147,1.684000015258789,37300,0.0,0.0
2023-01-17 00:00:00-05:00,1.899999976158142,1.899999976158142,1.590000033378601,1.6699999570846558,132500,0.0,0.0
2023-01-18 00:00:00-05:00,1.7100000381469727,1.781000018119812,1.5299999713897705,1.5299999713897705,50800,0.0,0.0
2023-01-19 00:00:00-05:00,1.5499999523162842,1.559999942779541,1.4149999618530273,1.559999942779541,43200,0.0,0.0
2023-01-20 00:00:00-05:00,1.5299999713897705,1.5499999523162842,1.0,1.0700000524520874,115300,0.0,0.0
2023-01-23 00:00:00-05:00,1.2599999904632568,1.690000057220459,1.1699999570846558,1.3799999952316284,543800,0.0,0.0
2023-01-24 00:00:00-05:00,1.399999976158142,1.5499999523162842,1.350000023841858,1.4500000476837158,125500,0.0,0.0
2023-01-25 00:00:00-05:00,1.4199999570846558,1.4500000476837158,1.3300000429153442,1.399999976158142,16900,0.0,0.0
2023-01-26 00:00:00-05:00,1.3300000429153442,1.5,1.309999942779541,1.399999976158142,28400,0.0,0.0
2023-01-27 00:00:00-05:00,1.3600000143051147,1.465999960899353,1.3200000524520874,1.399999976158142,24600,0.0,0.0
2023-01-30 00:00:00-05:00,1.4199999570846558,1.4199999570846558,1.2000000476837158,1.2400000095367432,18900,0.0,0.0
2023-01-31 00:00:00-05:00,1.3209999799728394,1.4700000286102295,1.274999976158142,1.340000033378601,17500,0.0,0.0
2023-02-01 00:00:00-05:00,1.38100004196167,1.4190000295639038,1.2799999713897705,1.3350000381469727,38600,0.0,0.0
2023-02-02 00:00:00-05:00,1.3680000305175781,1.3899999856948853,1.2799999713897705,1.36899995803833,10600,0.0,0.0
2023-02-03 00:00:00-05:00,1.3300000429153442,1.3539999723434448,1.2899999618530273,1.3350000381469727,2600,0.0,0.0
2023-02-06 00:00:00-05:00,1.378000020980835,1.3839999437332153,1.2769999504089355,1.2999999523162842,7400,0.0,0.0
2023-02-07 00:00:00-05:00,1.2649999856948853,1.2699999809265137,1.1829999685287476,1.2599999904632568,17700,0.0,0.0
2023-02-08 00:00:00-05:00,1.309999942779541,1.340000033378601,1.128999948501587,1.25,6500,0.0,0.0
2023-02-09 00:00:00-05:00,1.312000036239624,1.312000036239624,1.2000000476837158,1.25,7800,0.0,0.0
2023-02-10 00:00:00-05:00,1.1799999475479126,1.2339999675750732,1.159999966621399,1.2300000190734863,3400,0.0,0.0
2023-02-13 00:00:00-05:00,1.25,1.3300000429153442,1.1100000143051147,1.190000057220459,25600,0.0,0.0
2023-02-14 00:00:00-05:00,1.100000023841858,1.1820000410079956,1.0099999904632568,1.149999976158142,6500,0.0,0.0
2023-02-15 00:00:00-05:00,1.1979999542236328,1.2869999408721924,1.1979999542236328,1.2869999408721924,1800,0.0,0.0
2023-02-16 00:00:00-05:00,1.350000023841858,1.350000023841858,1.2100000381469727,1.2699999809265137,30600,0.0,0.0
2023-02-17 00:00:00-05:00,1.2100000381469727,1.2799999713897705,1.190000057220459,1.2799999713897705,5400,0.0,0.0
2023-02-21 00:00:00-05:00,1.1799999475479126,1.3300000429153442,1.1799999475479126,1.2899999618530273,32400,0.0,0.0
2023-02-22 00:00:00-05:00,1.2350000143051147,1.2649999856948853,1.2350000143051147,1.2599999904632568,1400,0.0,0.0
2023-02-23 00:00:00-05:00,1.3300000429153442,1.350000023841858,1.2100000381469727,1.315000057220459,3700,0.0,0.0
2023-02-24 00:00:00-05:00,1.222000002861023,1.222000002861023,1.222000002861023,1.222000002861023,600,0.0,0.0
2023-02-27 00:00:00-05:00,1.2309999465942383,1.2699999809265137,1.1799999475479126,1.2050000429153442,22100,0.0,0.0
2023-02-28 00:00:00-05:00,1.2100000381469727,1.2630000114440918,1.2000000476837158,1.2000000476837158,5800,0.0,0.0
2023-03-01 00:00:00-05:00,1.25,1.2760000228881836,1.2000000476837158,1.2100000381469727,6600,0.0,0.0
2023-03-02 00:00:00-05:00,1.2000000476837158,1.2100000381469727,1.190000057220459,1.190000057220459,11300,0.0,0.0
2023-03-03 00:00:00-05:00,1.2799999713897705,1.2899999618530273,1.2699999809265137,1.2699999809265137,2200,0.0,0.0
2023-03-06 00:00:00-05:00,1.2200000286102295,1.2549999952316284,1.2200000286102295,1.2549999952316284,900,0.0,0.0
2023-03-07 00:00:00-05:00,1.371000051498413,1.371000051498413,1.340999960899353,1.340999960899353,1600,0.0,0.0
2023-03-08 00:00:00-05:00,1.305999994277954,1.305999994277954,1.2000000476837158,1.2000000476837158,7000,0.0,0.0
2023-03-09 00:00:00-05:00,1.2000000476837158,1.281000018119812,1.2000000476837158,1.2000000476837158,2600,0.0,0.0
2023-03-10 00:00:00-05:00,1.2000000476837158,1.2200000286102295,1.2000000476837158,1.2050000429153442,1500,0.0,0.0
2023-03-13 00:00:00-04:00,1.2009999752044678,1.2630000114440918,1.2000000476837158,1.2589999437332153,2000,0.0,0.0
2023-03-14 00:00:00-04:00,1.2100000381469727,1.284999966621399,1.2000000476837158,1.2000000476837158,1200,0.0,0.0
2023-03-15 00:00:00-04:00,1.2009999752044678,1.2109999656677246,1.2000000476837158,1.2100000381469727,4700,0.0,0.0
2023-03-16 00:00:00-04:00,1.2000000476837158,1.2100000381469727,1.2000000476837158,1.2000000476837158,10700,0.0,0.0
2023-03-17 00:00:00-04:00,1.2200000286102295,1.2899999618530273,1.1799999475479126,1.2710000276565552,6300,0.0,0.0
2023-03-20 00:00:00-04:00,1.2000000476837158,1.284000039100647,1.2000000476837158,1.2000000476837158,2900,0.0,0.0
2023-03-21 00:00:00-04:00,1.2990000247955322,1.2990000247955322,1.2699999809265137,1.2699999809265137,300,0.0,0.0
2023-03-22 00:00:00-04:00,1.3459999561309814,1.3459999561309814,1.125,1.1699999570846558,10500,0.0,0.0
2023-03-23 00:00:00-04:00,1.2549999952316284,1.2549999952316284,1.159999966621399,1.2000000476837158,2700,0.0,0.0
2023-03-24 00:00:00-04:00,1.2699999809265137,1.2699999809265137,1.2000000476837158,1.2000000476837158,500,0.0,0.0
2023-03-27 00:00:00-04:00,1.2799999713897705,1.2799999713897705,1.2100000381469727,1.2100000381469727,600,0.0,0.0
2023-03-28 00:00:00-04:00,1.2100000381469727,1.2769999504089355,1.159999966621399,1.159999966621399,4700,0.0,0.0
2023-03-29 00:00:00-04:00,1.159999966621399,1.340000033378601,1.159999966621399,1.190000057220459,54200,0.0,0.0
2023-03-30 00:00:00-04:00,1.190000057220459,1.3009999990463257,1.190000057220459,1.2899999618530273,6800,0.0,0.0
2023-03-31 00:00:00-04:00,1.2000000476837158,1.2899999618530273,1.2000000476837158,1.2400000095367432,11400,0.0,0.0
2023-04-03 00:00:00-04:00,1.2400000095367432,1.2549999952316284,1.2000000476837158,1.2100000381469727,2400,0.0,0.0
2023-04-04 00:00:00-04:00,1.2000000476837158,1.2699999809265137,1.2000000476837158,1.2100000381469727,4600,0.0,0.0
2023-04-05 00:00:00-04:00,1.2339999675750732,1.2400000095367432,1.2000000476837158,1.2000000476837158,1000,0.0,0.0
2023-04-06 00:00:00-04:00,1.2400000095367432,1.25,1.2100000381469727,1.2100000381469727,1600,0.0,0.0
2023-04-10 00:00:00-04:00,1.225000023841858,1.225000023841858,1.1699999570846558,1.190000057220459,5300,0.0,0.0
2023-04-11 00:00:00-04:00,1.2580000162124634,1.2580000162124634,1.190000057220459,1.225000023841858,2600,0.0,0.0
2023-04-12 00:00:00-04:00,1.2899999618530273,1.2899999618530273,1.2000000476837158,1.2200000286102295,4300,0.0,0.0
2023-04-13 00:00:00-04:00,1.3200000524520874,1.9199999570846558,1.2000000476837158,1.5199999809265137,537200,0.0,0.0
2023-04-14 00:00:00-04:00,6.170000076293945,7.400000095367432,3.8480000495910645,4.900000095367432,44152400,0.0,0.0
2023-04-17 00:00:00-04:00,3.859999895095825,4.53000020980835,3.369999885559082,3.819999933242798,3108700,0.0,0.0
2023-04-18 00:00:00-04:00,3.549999952316284,3.7899999618530273,2.259999990463257,2.509999990463257,880300,0.0,0.0
2023-04-19 00:00:00-04:00,2.4600000381469727,4.25,2.390000104904175,4.204999923706055,16431700,0.0,0.0
2023-04-20 00:00:00-04:00,3.7799999713897705,4.019999980926514,3.119999885559082,3.4800000190734863,1715700,0.0,0.0
2023-04-21 00:00:00-04:00,3.3399999141693115,3.8399999141693115,2.8320000171661377,2.9000000953674316,1022600,0.0,0.0
2023-04-24 00:00:00-04:00,2.7799999713897705,2.930000066757202,2.4100000858306885,2.549999952316284,342000,0.0,0.0
2023-04-25 00:00:00-04:00,2.6700000762939453,2.9600000381469727,2.569999933242798,2.7860000133514404,993700,0.0,0.0
2023-04-26 00:00:00-04:00,3.890000104904175,4.699999809265137,3.609999895095825,3.740000009536743,57024700,0.0,0.0
2023-04-27 00:00:00-04:00,3.5799999237060547,4.090000152587891,3.319999933242798,3.9200000762939453,1674200,0.0,0.0
2023-04-28 00:00:00-04:00,4.019999980926514,4.809999942779541,3.940000057220459,4.690000057220459,2772900,0.0,0.0
2023-05-01 00:00:00-04:00,3.9200000762939453,4.579999923706055,3.6600000858306885,4.449999809265137,710700,0.0,0.0
2023-05-02 00:00:00-04:00,4.090000152587891,4.429999828338623,3.4800000190734863,3.5399999618530273,336800,0.0,0.0
2023-05-03 00:00:00-04:00,3.740000009536743,3.859999895095825,3.4600000381469727,3.559999942779541,201500,0.0,0.0
2023-05-04 00:00:00-04:00,3.680000066757202,4.289999961853027,3.5199999809265137,3.8499999046325684,653000,0.0,0.0
2023-05-05 00:00:00-04:00,3.7300000190734863,3.869999885559082,3.2300000190734863,3.259999990463257,346500,0.0,0.0
2023-05-08 00:00:00-04:00,3.2200000286102295,3.378000020980835,3.049999952316284,3.1700000762939453,184100,0.0,0.0
2023-05-09 00:00:00-04:00,3.1500000953674316,3.2899999618530273,2.759999990463257,2.8499999046325684,232400,0.0,0.0
2023-05-10 00:00:00-04:00,2.930000066757202,2.9600000381469727,2.740000009536743,2.7699999809265137,116700,0.0,0.0
2023-05-11 00:00:00-04:00,2.75,2.8350000381469727,2.3299999237060547,2.369999885559082,132800,0.0,0.0
2023-05-12 00:00:00-04:00,2.440000057220459,2.450000047683716,2.109999895095825,2.2200000286102295,241600,0.0,0.0
2023-05-15 00:00:00-04:00,2.2300000190734863,2.6500000953674316,2.0999999046325684,2.25,510800,0.0,0.0
2023-05-16 00:00:00-04:00,2.259999990463257,2.4049999713897705,1.899999976158142,1.9800000190734863,169100,0.0,0.0
2023-05-17 00:00:00-04:00,1.9800000190734863,2.1600000858306885,1.9800000190734863,2.0999999046325684,163100,0.0,0.0
2023-05-18 00:00:00-04:00,2.069999933242798,2.25,1.8700000047683716,2.0299999713897705,317400,0.0,0.0
2023-05-19 00:00:00-04:00,2.0399999618530273,2.0799999237060547,1.7200000286102295,1.909999966621399,270300,0.0,0.0
2023-05-22 00:00:00-04:00,1.909999966621399,1.9459999799728394,1.75,1.7899999618530273,79600,0.0,0.0
2023-05-23 00:00:00-04:00,1.7999999523162842,1.8200000524520874,1.600000023841858,1.690000057220459,158300,0.0,0.0
2023-05-24 00:00:00-04:00,1.6399999856948853,1.6699999570846558,1.5199999809265137,1.6200000047683716,107000,0.0,0.0
2023-05-25 00:00:00-04:00,1.7999999523162842,1.8799999952316284,1.6200000047683716,1.6299999952316284,785000,0.0,0.0
2023-05-26 00:00:00-04:00,1.600000023841858,1.649999976158142,1.350000023841858,1.4600000381469727,269000,0.0,0.0
2023-05-30 00:00:00-04:00,1.5800000429153442,1.7799999713897705,1.3700000047683716,1.75,1171500,0.0,0.0
2023-05-31 00:00:00-04:00,1.6299999952316284,1.9800000190734863,1.4299999475479126,1.559999942779541,2954300,0.0,0.0
2023-06-01 00:00:00-04:00,1.4700000286102295,1.534999966621399,1.3799999952316284,1.3899999856948853,583300,0.0,0.0
2023-06-02 00:00:00-04:00,1.4299999475479126,1.5,1.350000023841858,1.409999966621399,224600,0.0,0.0
2023-06-05 00:00:00-04:00,1.409999966621399,1.4299999475479126,1.3200000524520874,1.3700000047683716,301500,0.0,0.0
2023-06-06 00:00:00-04:00,1.3200000524520874,1.5199999809265137,1.3200000524520874,1.4900000095367432,372400,0.0,0.0
2023-06-07 00:00:00-04:00,1.4800000190734863,1.5399999618530273,1.3899999856948853,1.4700000286102295,134700,0.0,0.0
2023-06-08 00:00:00-04:00,1.440000057220459,1.4800000190734863,1.3899999856948853,1.4199999570846558,168000,0.0,0.0
2023-06-09 00:00:00-04:00,1.399999976158142,1.5299999713897705,1.3600000143051147,1.399999976158142,163600,0.0,0.0
2023-06-12 00:00:00-04:00,1.3899999856948853,1.4299999475479126,1.3700000047683716,1.4199999570846558,113700,0.0,0.0
2023-06-13 00:00:00-04:00,1.409999966621399,1.5199999809265137,1.3700000047683716,1.440000057220459,334100,0.0,0.0
2023-06-14 00:00:00-04:00,1.4299999475479126,1.4500000476837158,1.3799999952316284,1.4199999570846558,115700,0.0,0.0
2023-06-15 00:00:00-04:00,1.409999966621399,1.4600000381469727,1.350000023841858,1.3899999856948853,240300,0.0,0.0
2023-06-16 00:00:00-04:00,1.3600000143051147,1.4079999923706055,1.2899999618530273,1.2899999618530273,184300,0.0,0.0
2023-06-20 00:00:00-04:00,1.2999999523162842,1.4500000476837158,1.25,1.4199999570846558,298800,0.0,0.0
2023-06-21 00:00:00-04:00,1.4199999570846558,1.5099999904632568,1.3600000143051147,1.3899999856948853,360600,0.0,0.0
2023-06-22 00:00:00-04:00,1.3600000143051147,1.440000057220459,1.350000023841858,1.3899999856948853,166100,0.0,0.0
2023-06-23 00:00:00-04:00,1.3600000143051147,1.4800000190734863,1.3600000143051147,1.4199999570846558,138500,0.0,0.0
2023-06-26 00:00:00-04:00,1.2999999523162842,1.399999976158142,1.2799999713897705,1.309999942779541,202000,0.0,0.0
2023-06-27 00:00:00-04:00,1.309999942779541,1.399999976158142,1.309999942779541,1.3700000047683716,72900,0.0,0.0
2023-06-28 00:00:00-04:00,1.3700000047683716,1.4800000190734863,1.3600000143051147,1.3799999952316284,105100,0.0,0.0
2023-06-29 00:00:00-04:00,1.4199999570846558,1.4299999475479126,1.3600000143051147,1.3799999952316284,55800,0.0,0.0
2023-06-30 00:00:00-04:00,1.3700000047683716,1.4299999475479126,1.3600000143051147,1.3899999856948853,41500,0.0,0.0
2023-07-03 00:00:00-04:00,1.3899999856948853,1.4600000381469727,1.350000023841858,1.4600000381469727,43700,0.0,0.0
2023-07-05 00:00:00-04:00,1.440000057220459,1.440000057220459,1.3700000047683716,1.3700000047683716,51500,0.0,0.0
2023-07-06 00:00:00-04:00,1.4119999408721924,1.4199999570846558,1.3200000524520874,1.350000023841858,58900,0.0,0.0
2023-07-07 00:00:00-04:00,1.350000023841858,1.4199999570846558,1.3300000429153442,1.340000033378601,72700,0.0,0.0
2023-07-10 00:00:00-04:00,1.340000033378601,1.3899999856948853,1.3200000524520874,1.3839999437332153,53400,0.0,0.0
2023-07-11 00:00:00-04:00,1.3899999856948853,1.649999976158142,1.3650000095367432,1.4800000190734863,440600,0.0,0.0
2023-07-12 00:00:00-04:00,1.5,1.5499999523162842,1.4299999475479126,1.4700000286102295,92700,0.0,0.0
2023-07-13 00:00:00-04:00,1.4600000381469727,1.940000057220459,1.4500000476837158,1.899999976158142,974700,0.0,0.0
2023-07-14 00:00:00-04:00,2.1500000953674316,2.4800000190734863,1.6299999952316284,2.0299999713897705,3142100,0.0,0.0
2023-07-17 00:00:00-04:00,1.9199999570846558,2.2799999713897705,1.850000023841858,2.1500000953674316,721200,0.0,0.0
2023-07-18 00:00:00-04:00,2.0999999046325684,2.259999990463257,2.0,2.2200000286102295,304800,0.0,0.0
2023-07-19 00:00:00-04:00,2.2200000286102295,2.3399999141693115,2.1500000953674316,2.2699999809265137,165800,0.0,0.0
2023-07-20 00:00:00-04:00,2.2799999713897705,2.3399999141693115,1.9600000381469727,2.119999885559082,227200,0.0,0.0
2023-07-21 00:00:00-04:00,2.109999895095825,2.180000066757202,2.0,2.0299999713897705,165500,0.0,0.0
2023-07-24 00:00:00-04:00,2.0299999713897705,2.0299999713897705,1.7999999523162842,1.8700000047683716,87500,0.0,0.0
2023-07-25 00:00:00-04:00,1.9299999475479126,1.9299999475479126,1.6299999952316284,1.6699999570846558,102400,0.0,0.0
2023-07-26 00:00:00-04:00,1.7200000286102295,1.8200000524520874,1.7000000476837158,1.809999942779541,98800,0.0,0.0
2023-07-27 00:00:00-04:00,1.7799999713897705,1.809999942779541,1.5700000524520874,1.5700000524520874,85800,0.0,0.0
2023-07-28 00:00:00-04:00,1.5299999713897705,1.7079999446868896,1.5,1.6799999475479126,119100,0.0,0.0
2023-07-31 00:00:00-04:00,1.6799999475479126,1.7699999809265137,1.649999976158142,1.75,69100,0.0,0.0
2023-08-01 00:00:00-04:00,1.7300000190734863,1.7940000295639038,1.6200000047683716,1.75,105900,0.0,0.0
2023-08-02 00:00:00-04:00,1.684999942779541,1.7050000429153442,1.6299999952316284,1.649999976158142,40500,0.0,0.0
2023-08-03 00:00:00-04:00,1.6920000314712524,1.6920000314712524,1.5700000524520874,1.5800000429153442,26000,0.0,0.0
2023-08-04 00:00:00-04:00,1.649999976158142,1.649999976158142,1.4500000476837158,1.5499999523162842,120200,0.0,0.0
2023-08-07 00:00:00-04:00,1.559999942779541,1.6200000047683716,1.4500000476837158,1.590000033378601,41000,0.0,0.0
2023-08-08 00:00:00-04:00,1.600000023841858,1.649999976158142,1.4800000190734863,1.5800000429153442,45000,0.0,0.0
2023-08-09 00:00:00-04:00,1.5499999523162842,1.6399999856948853,1.4500000476837158,1.5,167400,0.0,0.0
2023-08-10 00:00:00-04:00,1.5099999904632568,1.5399999618530273,1.399999976158142,1.409999966621399,142400,0.0,0.0
2023-08-11 00:00:00-04:00,1.4500000476837158,1.5299999713897705,1.3899999856948853,1.4800000190734863,242600,0.0,0.0
2023-08-14 00:00:00-04:00,1.4800000190734863,1.5,1.4110000133514404,1.440000057220459,46100,0.0,0.0
2023-08-15 00:00:00-04:00,1.4700000286102295,1.5,1.399999976158142,1.399999976158142,61300,0.0,0.0
2023-08-16 00:00:00-04:00,1.3509999513626099,1.4600000381469727,1.3509999513626099,1.399999976158142,38900,0.0,0.0
2023-08-17 00:00:00-04:00,1.36899995803833,1.4600000381469727,1.3600000143051147,1.3700000047683716,59500,0.0,0.0
2023-08-18 00:00:00-04:00,1.3609999418258667,1.3609999418258667,1.2699999809265137,1.3200000524520874,76500,0.0,0.0
2023-08-21 00:00:00-04:00,1.3200000524520874,1.440000057220459,1.3179999589920044,1.350000023841858,32200,0.0,0.0
2023-08-22 00:00:00-04:00,1.4199999570846558,1.4199999570846558,1.340000033378601,1.350000023841858,5500,0.0,0.0
2023-08-23 00:00:00-04:00,1.409999966621399,1.4299999475479126,1.3600000143051147,1.4199999570846558,32000,0.0,0.0
2023-08-24 00:00:00-04:00,1.4500000476837158,1.4500000476837158,1.2699999809265137,1.3200000524520874,41700,0.0,0.0
2023-08-25 00:00:00-04:00,1.3200000524520874,1.340000033378601,1.2660000324249268,1.2899999618530273,12100,0.0,0.0
2023-08-28 00:00:00-04:00,1.2899999618530273,1.3899999856948853,1.2300000190734863,1.2300000190734863,75300,0.0,0.0
2023-08-29 00:00:00-04:00,1.2599999904632568,1.5190000534057617,1.2599999904632568,1.4500000476837158,134800,0.0,0.0
2023-08-30 00:00:00-04:00,1.440000057220459,1.4500000476837158,1.399999976158142,1.4299999475479126,11500,0.0,0.0
2023-08-31 00:00:00-04:00,1.4049999713897705,1.4299999475479126,1.2899999618530273,1.3899999856948853,24500,0.0,0.0
2023-09-01 00:00:00-04:00,1.3350000381469727,1.5,1.3300000429153442,1.3300000429153442,51800,0.0,0.0
2023-09-05 00:00:00-04:00,1.309999942779541,1.3600000143051147,1.2000000476837158,1.2000000476837158,177800,0.0,0.0
2023-09-06 00:00:00-04:00,1.2599999904632568,1.3489999771118164,1.2029999494552612,1.2899999618530273,75600,0.0,0.0
2023-09-07 00:00:00-04:00,1.2699999809265137,1.3300000429153442,1.2300000190734863,1.3300000429153442,34300,0.0,0.0
2023-09-08 00:00:00-04:00,1.2999999523162842,1.3200000524520874,1.1699999570846558,1.190000057220459,28600,0.0,0.0
2023-09-11 00:00:00-04:00,1.2100000381469727,1.3200000524520874,1.1799999475479126,1.2000000476837158,74000,0.0,0.0
2023-09-12 00:00:00-04:00,1.2200000286102295,1.2400000095367432,1.2100000381469727,1.2300000190734863,9200,0.0,0.0
2023-09-13 00:00:00-04:00,1.2230000495910645,1.2300000190734863,1.2100000381469727,1.2200000286102295,8700,0.0,0.0
2023-09-14 00:00:00-04:00,1.2200000286102295,1.309999942779541,1.2000000476837158,1.2400000095367432,25300,0.0,0.0
2023-09-15 00:00:00-04:00,1.2000000476837158,1.2699999809265137,1.1100000143051147,1.2000000476837158,34300,0.0,0.0
2023-09-18 00:00:00-04:00,1.2599999904632568,1.2599999904632568,1.1419999599456787,1.149999976158142,4600,0.0,0.0
2023-09-19 00:00:00-04:00,1.149999976158142,1.2000000476837158,1.100000023841858,1.100000023841858,31600,0.0,0.0
2023-09-20 00:00:00-04:00,1.1449999809265137,1.1990000009536743,1.1100000143051147,1.1299999952316284,22100,0.0,0.0
2023-09-21 00:00:00-04:00,1.1799999475479126,1.1799999475479126,1.100000023841858,1.1150000095367432,9200,0.0,0.0
2023-09-22 00:00:00-04:00,1.100000023841858,1.100000023841858,1.0099999904632568,1.0700000524520874,20500,0.0,0.0
2023-09-25 00:00:00-04:00,1.059999942779541,1.0759999752044678,1.0099999904632568,1.0700000524520874,7800,0.0,0.0
2023-09-26 00:00:00-04:00,1.0499999523162842,1.0700000524520874,1.0299999713897705,1.0299999713897705,63700,0.0,0.0
2023-09-27 00:00:00-04:00,1.059000015258789,1.059999942779541,1.0299999713897705,1.0299999713897705,19200,0.0,0.0
2023-09-28 00:00:00-04:00,1.0110000371932983,1.0260000228881836,1.0099999904632568,1.0099999904632568,13300,0.0,0.0
2023-09-29 00:00:00-04:00,1.0700000524520874,1.0700000524520874,0.8550000190734863,1.0,43700,0.0,0.0
2023-10-02 00:00:00-04:00,1.062999963760376,1.0670000314712524,0.9399999976158142,0.9399999976158142,16200,0.0,0.0
2023-10-03 00:00:00-04:00,0.9599999785423279,0.9800000190734863,0.8930000066757202,0.8999999761581421,119000,0.0,0.0
2023-10-04 00:00:00-04:00,0.9459999799728394,0.9549999833106995,0.8799999952316284,0.949999988079071,38800,0.0,0.0
2023-10-05 00:00:00-04:00,0.9369999766349792,0.9459999799728394,0.8999999761581421,0.9449999928474426,1300,0.0,0.0
2023-10-06 00:00:00-04:00,0.8999999761581421,0.9269999861717224,0.8999999761581421,0.9139999747276306,5300,0.0,0.0
2023-10-09 00:00:00-04:00,0.9100000262260437,0.9100000262260437,0.8700000047683716,0.8700000047683716,10600,0.0,0.0
2023-10-10 00:00:00-04:00,0.8700000047683716,0.949999988079071,0.8700000047683716,0.9020000100135803,14400,0.0,0.0
2023-10-11 00:00:00-04:00,1.0,1.0,0.9020000100135803,0.9020000100135803,29300,0.0,0.0
2023-10-12 00:00:00-04:00,0.9020000100135803,1.0,0.8960000276565552,0.8999999761581421,47300,0.0,0.0
2023-10-13 00:00:00-04:00,0.9449999928474426,0.949999988079071,0.8999999761581421,0.8999999761581421,5400,0.0,0.0
2023-10-16 00:00:00-04:00,0.949999988079071,0.949999988079071,0.8600000143051147,0.8999999761581421,12700,0.0,0.0
2023-10-17 00:00:00-04:00,0.949999988079071,0.949999988079071,0.9110000133514404,0.949999988079071,8200,0.0,0.0
2023-10-18 00:00:00-04:00,0.949999988079071,0.949999988079071,0.8999999761581421,0.8999999761581421,2500,0.0,0.0
2023-10-19 00:00:00-04:00,0.8700000047683716,0.9470000267028809,0.8700000047683716,0.8999999761581421,3200,0.0,0.0
2023-10-20 00:00:00-04:00,0.9399999976158142,0.9399999976158142,0.8600000143051147,0.9300000071525574,4200,0.0,0.0
2023-10-23 00:00:00-04:00,0.9399999976158142,0.9399999976158142,0.8600000143051147,0.9089999794960022,11500,0.0,0.0
2023-10-24 00:00:00-04:00,0.9900000095367432,1.1399999856948853,0.9800000190734863,1.0800000429153442,60900,0.0,0.0
2023-10-25 00:00:00-04:00,1.100000023841858,1.4500000476837158,1.0199999809265137,1.0199999809265137,196600,0.0,0.0
2023-10-26 00:00:00-04:00,1.0399999618530273,1.0800000429153442,0.949999988079071,1.0299999713897705,35200,0.0,0.0
2023-10-27 00:00:00-04:00,1.1050000190734863,1.1050000190734863,0.9700000286102295,1.0,5800,0.0,0.0
2023-10-30 00:00:00-04:00,1.0959999561309814,1.0959999561309814,0.9599999785423279,1.0499999523162842,4100,0.0,0.0
2023-10-31 00:00:00-04:00,1.0399999618530273,1.159999966621399,0.9950000047683716,1.0499999523162842,18300,0.0,0.0
2023-11-01 00:00:00-04:00,0.9879999756813049,1.0399999618530273,0.9399999976158142,1.0299999713897705,10900,0.0,0.0
2023-11-02 00:00:00-04:00,1.0199999809265137,1.0499999523162842,0.9300000071525574,1.0099999904632568,27800,0.0,0.0
2023-11-03 00:00:00-04:00,1.0,1.1100000143051147,0.9300000071525574,1.0099999904632568,51600,0.0,0.0
2023-11-06 00:00:00-05:00,0.949999988079071,0.9800000190734863,0.9300000071525574,0.9300000071525574,12700,0.0,0.0
2023-11-07 00:00:00-05:00,0.8709999918937683,0.949999988079071,0.8709999918937683,0.9300000071525574,21000,0.0,0.0
2023-11-08 00:00:00-05:00,0.9300000071525574,1.0399999618530273,0.8799999952316284,1.0099999904632568,32200,0.0,0.0
2023-11-09 00:00:00-05:00,1.0099999904632568,1.0499999523162842,0.9800000190734863,0.9950000047683716,3300,0.0,0.0
2023-11-10 00:00:00-05:00,1.0399999618530273,1.0399999618530273,0.843999981880188,0.843999981880188,37700,0.0,0.0
2023-11-13 00:00:00-05:00,0.8109999895095825,0.9860000014305115,0.8100000023841858,0.8100000023841858,45600,0.0,0.0
2023-11-14 00:00:00-05:00,0.8410000205039978,0.9950000047683716,0.8410000205039978,0.8799999952316284,25600,0.0,0.0
2023-11-15 00:00:00-05:00,0.9649999737739563,0.9950000047683716,0.8799999952316284,0.9190000295639038,8000,0.0,0.0
2023-11-16 00:00:00-05:00,0.8999999761581421,0.9900000095367432,0.8640000224113464,0.9240000247955322,9200,0.0,0.0
2023-11-17 00:00:00-05:00,0.925000011920929,1.0,0.8799999952316284,0.9200000166893005,6900,0.0,0.0
2023-11-20 00:00:00-05:00,0.8899999856948853,0.9549999833106995,0.8899999856948853,0.953000009059906,10800,0.0,0.0
2023-11-21 00:00:00-05:00,0.9900000095367432,0.9900000095367432,0.8199999928474426,0.8519999980926514,15100,0.0,0.0
2023-11-22 00:00:00-05:00,0.9599999785423279,0.9599999785423279,0.8500000238418579,0.8939999938011169,3900,0.0,0.0
2023-11-24 00:00:00-05:00,0.8799999952316284,0.9599999785423279,0.8799999952316284,0.925000011920929,3200,0.0,0.0
2023-11-27 00:00:00-05:00,0.8999999761581421,0.9399999976158142,0.8849999904632568,0.8999999761581421,4100,0.0,0.0
2023-11-28 00:00:00-05:00,0.9959999918937683,0.9959999918937683,0.8999999761581421,0.9200000166893005,1800,0.0,0.0
2023-11-29 00:00:00-05:00,0.9610000252723694,0.9610000252723694,0.8930000066757202,0.8930000066757202,1100,0.0,0.0
2023-11-30 00:00:00-05:00,0.9150000214576721,0.9200000166893005,0.890999972820282,0.9200000166893005,2600,0.0,0.0
2023-12-01 00:00:00-05:00,0.9150000214576721,0.9700000286102295,0.8999999761581421,0.9599999785423279,58800,0.0,0.0
2023-12-04 00:00:00-05:00,1.0,1.1200000047683716,0.9599999785423279,1.0800000429153442,54900,0.0,0.0
2023-12-05 00:00:00-05:00,1.0759999752044678,1.409999966621399,1.0499999523162842,1.2400000095367432,121600,0.0,0.0
2023-12-06 00:00:00-05:00,1.309999942779541,1.340000033378601,1.0299999713897705,1.1100000143051147,79400,0.0,0.0
2023-12-07 00:00:00-05:00,1.215000033378601,1.2289999723434448,1.0700000524520874,1.1449999809265137,11700,0.0,0.0
2023-12-08 00:00:00-05:00,1.277999997138977,1.277999997138977,1.059999942779541,1.1399999856948853,17400,0.0,0.0
2023-12-11 00:00:00-05:00,1.2000000476837158,1.2000000476837158,1.0199999809265137,1.149999976158142,25700,0.0,0.0
2023-12-12 00:00:00-05:00,1.149999976158142,1.25600004196167,1.0199999809265137,1.0199999809265137,17400,0.0,0.0
2023-12-13 00:00:00-05:00,1.0199999809265137,1.2000000476837158,0.9599999785423279,1.090000033378601,43200,0.0,0.0
2023-12-14 00:00:00-05:00,1.0700000524520874,1.1299999952316284,1.0299999713897705,1.0950000286102295,10400,0.0,0.0
2023-12-15 00:00:00-05:00,1.0700000524520874,1.1200000047683716,1.0299999713897705,1.0499999523162842,11700,0.0,0.0
2023-12-18 00:00:00-05:00,1.0859999656677246,1.149999976158142,1.0299999713897705,1.149999976158142,19200,0.0,0.0
2023-12-19 00:00:00-05:00,1.190000057220459,1.2699999809265137,1.159999966621399,1.2300000190734863,60100,0.0,0.0
2023-12-20 00:00:00-05:00,1.159999966621399,1.2899999618530273,1.100000023841858,1.1349999904632568,109400,0.0,0.0
2023-12-21 00:00:00-05:00,1.1399999856948853,1.1950000524520874,1.0549999475479126,1.1200000047683716,30000,0.0,0.0
2023-12-22 00:00:00-05:00,1.190000057220459,1.2999999523162842,1.090000033378601,1.2699999809265137,56700,0.0,0.0
2023-12-26 00:00:00-05:00,1.3200000524520874,1.3200000524520874,1.1299999952316284,1.190000057220459,29800,0.0,0.0
2023-12-27 00:00:00-05:00,1.2300000190734863,1.5800000429153442,1.2200000286102295,1.5700000524520874,519900,0.0,0.0
2023-12-28 00:00:00-05:00,1.4600000381469727,1.649999976158142,1.2000000476837158,1.440000057220459,570600,0.0,0.0
2023-12-29 00:00:00-05:00,1.340000033378601,1.340000033378601,1.0499999523162842,1.190000057220459,394600,0.0,0.0
2024-01-02 00:00:00-05:00,1.2899999618530273,1.2899999618530273,1.100000023841858,1.100000023841858,186800,0.0,0.0
2024-01-03 00:00:00-05:00,1.0700000524520874,1.1460000276565552,0.9900000095367432,1.0099999904632568,76200,0.0,0.0
2024-01-04 00:00:00-05:00,1.0,1.1699999570846558,1.0,1.090000033378601,60600,0.0,0.0
2024-01-05 00:00:00-05:00,1.090000033378601,1.1449999809265137,1.0399999618530273,1.1119999885559082,32800,0.0,0.0
2024-01-08 00:00:00-05:00,1.149999976158142,1.149999976158142,1.0,1.1399999856948853,56100,0.0,0.0
2024-01-09 00:00:00-05:00,1.100000023841858,1.1299999952316284,1.0399999618530273,1.0399999618530273,25300,0.0,0.0
2024-01-10 00:00:00-05:00,1.0199999809265137,1.0989999771118164,0.9990000128746033,1.0399999618530273,80600,0.0,0.0
2024-01-11 00:00:00-05:00,1.1699999570846558,1.3799999952316284,1.059999942779541,1.2100000381469727,4838700,0.0,0.0
2024-01-12 00:00:00-05:00,1.1299999952316284,1.1799999475479126,1.0099999904632568,1.1200000047683716,336100,0.0,0.0
2024-01-16 00:00:00-05:00,1.1299999952316284,1.1399999856948853,1.0399999618530273,1.0499999523162842,81400,0.0,0.0
2024-01-17 00:00:00-05:00,1.0099999904632568,1.059999942779541,0.9810000061988831,0.9900000095367432,108300,0.0,0.0
2024-01-18 00:00:00-05:00,1.0199999809265137,1.0379999876022339,0.8799999952316284,0.9399999976158142,79800,0.0,0.0
2024-01-19 00:00:00-05:00,0.9240000247955322,0.9599999785423279,0.8999999761581421,0.9100000262260437,60500,0.0,0.0
2024-01-22 00:00:00-05:00,0.9200000166893005,0.9300000071525574,0.8420000076293945,0.8759999871253967,42000,0.0,0.0
2024-01-23 00:00:00-05:00,0.8299999833106995,0.871999979019165,0.8140000104904175,0.8209999799728394,69800,0.0,0.0
2024-01-24 00:00:00-05:00,0.8550000190734863,0.8659999966621399,0.800000011920929,0.8009999990463257,25100,0.0,0.0
2024-01-25 00:00:00-05:00,0.8289999961853027,0.9200000166893005,0.8240000009536743,0.8489999771118164,9600,0.0,0.0
2024-01-26 00:00:00-05:00,0.8600000143051147,0.9190000295639038,0.8240000009536743,0.8700000047683716,27900,0.0,0.0
2024-01-29 00:00:00-05:00,0.8700000047683716,0.9300000071525574,0.8700000047683716,0.9150000214576721,13600,0.0,0.0
2024-01-30 00:00:00-05:00,0.8799999952316284,0.8799999952316284,0.8360000252723694,0.8799999952316284,14600,0.0,0.0
2024-01-31 00:00:00-05:00,0.8259999752044678,0.8700000047683716,0.8259999752044678,0.8669999837875366,6300,0.0,0.0
2024-02-01 00:00:00-05:00,0.8500000238418579,0.8690000176429749,0.8240000009536743,0.8240000009536743,17800,0.0,0.0
2024-02-02 00:00:00-05:00,0.8920000195503235,0.9179999828338623,0.8270000219345093,0.8510000109672546,19500,0.0,0.0
2024-02-05 00:00:00-05:00,0.8659999966621399,0.8999999761581421,0.7860000133514404,0.7860000133514404,40700,0.0,0.0
2024-02-06 00:00:00-05:00,0.8100000023841858,0.8330000042915344,0.8009999990463257,0.8330000042915344,9900,0.0,0.0
2024-02-07 00:00:00-05:00,0.8799999952316284,0.8799999952316284,0.7860000133514404,0.800000011920929,11000,0.0,0.0
2024-02-08 00:00:00-05:00,0.8650000095367432,0.9399999976158142,0.8500000238418579,0.8999999761581421,62400,0.0,0.0
2024-02-09 00:00:00-05:00,0.9100000262260437,0.9639999866485596,0.8799999952316284,0.9210000038146973,30600,0.0,0.0
2024-02-12 00:00:00-05:00,0.9399999976158142,0.9700000286102295,0.8399999737739563,0.8399999737739563,79800,0.0,0.0
2024-02-13 00:00:00-05:00,0.8799999952316284,0.9990000128746033,0.8500000238418579,0.9990000128746033,46200,0.0,0.0
2024-02-14 00:00:00-05:00,0.9950000047683716,1.149999976158142,0.9950000047683716,1.1200000047683716,161400,0.0,0.0
2024-02-15 00:00:00-05:00,1.090000033378601,1.1299999952316284,1.0,1.059999942779541,71700,0.0,0.0
2024-02-16 00:00:00-05:00,1.0700000524520874,1.149999976158142,1.0499999523162842,1.1299999952316284,98900,0.0,0.0
2024-02-20 00:00:00-05:00,1.1200000047683716,1.1200000047683716,0.9700000286102295,1.0449999570846558,115600,0.0,0.0
2024-02-21 00:00:00-05:00,1.0099999904632568,1.0549999475479126,0.9229999780654907,0.9549999833106995,59400,0.0,0.0
2024-02-22 00:00:00-05:00,1.059999942779541,1.059999942779541,0.9200000166893005,0.9599999785423279,74500,0.0,0.0
2024-02-23 00:00:00-05:00,0.9539999961853027,0.9629999995231628,0.8939999938011169,0.9559999704360962,25700,0.0,0.0
2024-02-26 00:00:00-05:00,0.9610000252723694,1.0499999523162842,0.9200000166893005,1.0,141600,0.0,0.0
2024-02-27 00:00:00-05:00,1.0360000133514404,1.190000057220459,0.9599999785423279,1.100000023841858,669200,0.0,0.0
2024-02-28 00:00:00-05:00,1.190000057220459,1.2999999523162842,1.0800000429153442,1.100000023841858,791700,0.0,0.0
2024-02-29 00:00:00-05:00,1.159999966621399,1.190000057220459,1.0,1.1799999475479126,270700,0.0,0.0
2024-03-01 00:00:00-05:00,1.159999966621399,1.159999966621399,1.0099999904632568,1.0199999809265137,97700,0.0,0.0
2024-03-04 00:00:00-05:00,1.059999942779541,1.100000023841858,1.0299999713897705,1.0800000429153442,118300,0.0,0.0
2024-03-05 00:00:00-05:00,1.0399999618530273,1.1299999952316284,1.0299999713897705,1.0449999570846558,118300,0.0,0.0
2024-03-06 00:00:00-05:00,1.0299999713897705,1.0299999713897705,0.9309999942779541,0.9900000095367432,88800,0.0,0.0
2024-03-07 00:00:00-05:00,1.0099999904632568,1.0099999904632568,0.9319999814033508,0.9729999899864197,36900,0.0,0.0
2024-03-08 00:00:00-05:00,0.9580000042915344,1.0199999809265137,0.9200000166893005,0.9599999785423279,32700,0.0,0.0
2024-03-11 00:00:00-04:00,1.0,1.0700000524520874,0.9700000286102295,1.0099999904632568,66700,0.0,0.0
2024-03-12 00:00:00-04:00,0.9900000095367432,1.0399999618530273,0.949999988079071,1.0199999809265137,68200,0.0,0.0
2024-03-13 00:00:00-04:00,1.0700000524520874,1.2000000476837158,1.0199999809265137,1.2000000476837158,263900,0.0,0.0
2024-03-14 00:00:00-04:00,1.1799999475479126,1.2100000381469727,1.0800000429153442,1.2100000381469727,145800,0.0,0.0
2024-03-15 00:00:00-04:00,1.2000000476837158,1.2699999809265137,1.1100000143051147,1.2699999809265137,177400,0.0,0.0
2024-03-18 00:00:00-04:00,1.190000057220459,1.25,1.1200000047683716,1.152999997138977,73300,0.0,0.0
2024-03-19 00:00:00-04:00,1.1299999952316284,1.1299999952316284,1.059999942779541,1.0700000524520874,23100,0.0,0.0
2024-03-20 00:00:00-04:00,1.1200000047683716,1.190000057220459,1.090000033378601,1.1699999570846558,27400,0.0,0.0
2024-03-21 00:00:00-04:00,1.149999976158142,1.2300000190734863,1.149999976158142,1.1649999618530273,50400,0.0,0.0
2024-03-22 00:00:00-04:00,1.1699999570846558,1.1699999570846558,1.1200000047683716,1.1299999952316284,16700,0.0,0.0
2024-03-25 00:00:00-04:00,1.1299999952316284,1.2000000476837158,1.059999942779541,1.100000023841858,30000,0.0,0.0
2024-03-26 00:00:00-04:00,1.1100000143051147,1.1399999856948853,1.090000033378601,1.1200000047683716,11600,0.0,0.0
2024-03-27 00:00:00-04:00,1.1699999570846558,1.1699999570846558,1.0299999713897705,1.059999942779541,68400,0.0,0.0
2024-03-28 00:00:00-04:00,1.0399999618530273,1.2000000476837158,1.0399999618530273,1.159999966621399,53100,0.0,0.0
2024-04-01 00:00:00-04:00,1.1799999475479126,1.190000057220459,1.0399999618530273,1.100000023841858,22500,0.0,0.0
2024-04-02 00:00:00-04:00,1.0700000524520874,1.0800000429153442,1.059999942779541,1.059999942779541,17500,0.0,0.0
2024-04-03 00:00:00-04:00,1.0800000429153442,1.0800000429153442,1.0,1.0399999618530273,19600,0.0,0.0
2024-04-04 00:00:00-04:00,1.0299999713897705,1.1390000581741333,1.0299999713897705,1.1100000143051147,38700,0.0,0.0
2024-04-05 00:00:00-04:00,1.1299999952316284,1.1299999952316284,1.0700000524520874,1.0800000429153442,6300,0.0,0.0
2024-04-08 00:00:00-04:00,1.090000033378601,1.1200000047683716,1.0199999809265137,1.0499999523162842,33300,0.0,0.0
2024-04-09 00:00:00-04:00,1.0499999523162842,1.0679999589920044,1.0,1.0399999618530273,20600,0.0,0.0
2024-04-10 00:00:00-04:00,1.027999997138977,1.027999997138977,0.9549999833106995,0.9700000286102295,60100,0.0,0.0
2024-04-11 00:00:00-04:00,0.9700000286102295,0.9890000224113464,0.9570000171661377,0.9800000190734863,10900,0.0,0.0
2024-04-12 00:00:00-04:00,0.9800000190734863,0.9800000190734863,0.8999999761581421,0.9070000052452087,28100,0.0,0.0
2024-04-15 00:00:00-04:00,0.9300000071525574,0.9300000071525574,0.800000011920929,0.8180000185966492,55000,0.0,0.0
2024-04-16 00:00:00-04:00,0.8100000023841858,0.8899999856948853,0.8090000152587891,0.8379999995231628,27800,0.0,0.0
2024-04-17 00:00:00-04:00,0.8500000238418579,0.875,0.8399999737739563,0.8500000238418579,21300,0.0,0.0
2024-04-18 00:00:00-04:00,0.8500000238418579,0.8550000190734863,0.8199999928474426,0.8500000238418579,1900,0.0,0.0
2024-04-19 00:00:00-04:00,0.8500000238418579,0.8539999723434448,0.7950000166893005,0.7950000166893005,39500,0.0,0.0
2024-04-22 00:00:00-04:00,0.8500000238418579,0.8500000238418579,0.800000011920929,0.8399999737739563,9800,0.0,0.0
2024-04-23 00:00:00-04:00,0.8500000238418579,0.8899999856948853,0.8299999833106995,0.8700000047683716,28500,0.0,0.0
2024-04-24 00:00:00-04:00,0.8500000238418579,0.8700000047683716,0.8320000171661377,0.8399999737739563,20600,0.0,0.0
2024-04-25 00:00:00-04:00,0.8299999833106995,0.8500000238418579,0.7590000033378601,0.7799999713897705,82500,0.0,0.0
2024-04-26 00:00:00-04:00,0.8199999928474426,0.8199999928474426,0.7799999713897705,0.7960000038146973,6400,0.0,0.0
2024-04-29 00:00:00-04:00,0.7900000214576721,0.8600000143051147,0.7900000214576721,0.8500000238418579,32800,0.0,0.0
2024-04-30 00:00:00-04:00,0.9900000095367432,0.9900000095367432,0.8309999704360962,0.9269999861717224,102300,0.0,0.0
2024-05-01 00:00:00-04:00,0.9729999899864197,0.9729999899864197,0.871999979019165,0.8999999761581421,13800,0.0,0.0
2024-05-02 00:00:00-04:00,0.8980000019073486,0.9169999957084656,0.8799999952316284,0.8799999952316284,5000,0.0,0.0
2024-05-03 00:00:00-04:00,0.949999988079071,0.949999988079071,0.8349999785423279,0.8539999723434448,13400,0.0,0.0
2024-05-06 00:00:00-04:00,0.8999999761581421,0.8999999761581421,0.8700000047683716,0.8759999871253967,11900,0.0,0.0
2024-05-07 00:00:00-04:00,0.8600000143051147,0.9150000214576721,0.8349999785423279,0.8349999785423279,9800,0.0,0.0
2024-05-08 00:00:00-04:00,0.8349999785423279,0.9100000262260437,0.8349999785423279,0.8799999952316284,19300,0.0,0.0
2024-05-09 00:00:00-04:00,0.9200000166893005,0.9200000166893005,0.8539999723434448,0.8709999918937683,13500,0.0,0.0
2024-05-10 00:00:00-04:00,0.8709999918937683,1.0859999656677246,0.8709999918937683,1.0859999656677246,102000,0.0,0.0
2024-05-13 00:00:00-04:00,1.0399999618530273,1.0399999618530273,0.9010000228881836,0.9200000166893005,22000,0.0,0.0
2024-05-14 00:00:00-04:00,0.9800000190734863,0.9800000190734863,0.8799999952316284,0.9210000038146973,20700,0.0,0.0
2024-05-15 00:00:00-04:00,0.8700000047683716,0.9200000166893005,0.8700000047683716,0.906000018119812,19700,0.0,0.0
2024-05-16 00:00:00-04:00,0.8899999856948853,0.9200000166893005,0.8500000238418579,0.9100000262260437,13000,0.0,0.0
2024-05-17 00:00:00-04:00,0.9200000166893005,1.0,0.8809999823570251,0.9150000214576721,21500,0.0,0.0
2024-05-20 00:00:00-04:00,0.9800000190734863,0.9800000190734863,0.8809999823570251,0.9300000071525574,11300,0.0,0.0
2024-05-21 00:00:00-04:00,0.9900000095367432,1.0199999809265137,0.9200000166893005,0.9200000166893005,61300,0.0,0.0
2024-05-22 00:00:00-04:00,0.9700000286102295,0.9700000286102295,0.9300000071525574,0.949999988079071,7200,0.0,0.0
2024-05-23 00:00:00-04:00,0.9850000143051147,0.9879999756813049,0.9300000071525574,0.9300000071525574,10900,0.0,0.0
2024-05-24 00:00:00-04:00,0.9800000190734863,0.9800000190734863,0.9100000262260437,0.949999988079071,4500,0.0,0.0
2024-05-28 00:00:00-04:00,0.949999988079071,1.0199999809265137,0.9100000262260437,1.0099999904632568,70600,0.0,0.0
2024-05-29 00:00:00-04:00,0.9800000190734863,1.0,0.9350000023841858,0.9399999976158142,20500,0.0,0.0
2024-05-30 00:00:00-04:00,1.0099999904632568,1.190000057220459,0.9459999799728394,1.0800000429153442,195600,0.0,0.0
2024-05-31 00:00:00-04:00,1.0299999713897705,1.1360000371932983,0.9620000123977661,0.9950000047683716,94300,0.0,0.0
2024-06-03 00:00:00-04:00,0.972000002861023,1.0700000524520874,0.949999988079071,1.0700000524520874,39200,0.0,0.0
2024-06-04 00:00:00-04:00,1.0399999618530273,1.100000023841858,0.9700000286102295,1.0199999809265137,52600,0.0,0.0
2024-06-05 00:00:00-04:00,1.0499999523162842,1.0499999523162842,0.968999981880188,1.0099999904632568,42200,0.0,0.0
2024-06-06 00:00:00-04:00,1.0,1.0499999523162842,0.949999988079071,0.9800000190734863,41800,0.0,0.0
2024-06-07 00:00:00-04:00,0.9599999785423279,1.0399999618530273,0.9359999895095825,0.9700000286102295,14900,0.0,0.0
2024-06-10 00:00:00-04:00,1.0299999713897705,1.0299999713897705,0.925000011920929,0.972000002861023,18200,0.0,0.0
2024-06-11 00:00:00-04:00,0.972000002861023,0.972000002861023,0.9200000166893005,0.9700000286102295,10300,0.0,0.0
2024-06-12 00:00:00-04:00,0.9300000071525574,0.9599999785423279,0.9179999828338623,0.9179999828338623,26800,0.0,0.0
2024-06-13 00:00:00-04:00,0.9700000286102295,0.9700000286102295,0.8809999823570251,0.8999999761581421,19700,0.0,0.0
2024-06-14 00:00:00-04:00,0.8809999823570251,0.9200000166893005,0.8700000047683716,0.9200000166893005,20300,0.0,0.0
2024-06-17 00:00:00-04:00,0.8859999775886536,0.9200000166893005,0.8519999980926514,0.8849999904632568,20000,0.0,0.0
2024-06-18 00:00:00-04:00,0.8849999904632568,0.8989999890327454,0.8600000143051147,0.8899999856948853,3800,0.0,0.0
2024-06-20 00:00:00-04:00,0.9190000295639038,0.9200000166893005,0.8519999980926514,0.8690000176429749,8100,0.0,0.0
2024-06-21 00:00:00-04:00,0.8519999980926514,0.9200000166893005,0.8100000023841858,0.8299999833106995,30400,0.0,0.0
2024-06-24 00:00:00-04:00,0.8299999833106995,0.9100000262260437,0.8299999833106995,0.8679999709129333,18100,0.0,0.0
2024-06-25 00:00:00-04:00,0.8880000114440918,1.0,0.8679999709129333,0.9639999866485596,69900,0.0,0.0
2024-06-26 00:00:00-04:00,0.9639999866485596,1.059999942779541,0.9279999732971191,1.0449999570846558,93300,0.0,0.0
2024-06-27 00:00:00-04:00,1.090000033378601,1.2999999523162842,0.9779999852180481,1.149999976158142,459200,0.0,0.0
2024-06-28 00:00:00-04:00,1.1399999856948853,1.1920000314712524,1.0,1.0499999523162842,2801700,0.0,0.0
2024-07-01 00:00:00-04:00,0.9800000190734863,1.0099999904632568,0.9380000233650208,0.9599999785423279,309600,0.0,0.0
2024-07-02 00:00:00-04:00,0.9229999780654907,0.9229999780654907,0.8339999914169312,0.8809999823570251,152700,0.0,0.0
2024-07-03 00:00:00-04:00,0.8799999952316284,0.9240000247955322,0.8700000047683716,0.8999999761581421,14300,0.0,0.0
2024-07-05 00:00:00-04:00,0.906000018119812,0.9639999866485596,0.8410000205039978,0.9380000233650208,117600,0.0,0.0
2024-07-08 00:00:00-04:00,0.9800000190734863,0.9800000190734863,0.8899999856948853,0.9449999928474426,17000,0.0,0.0
2024-07-09 00:00:00-04:00,0.9100000262260437,0.9100000262260437,0.8500000238418579,0.8930000066757202,88500,0.0,0.0
2024-07-10 00:00:00-04:00,0.8889999985694885,1.2799999713897705,0.8700000047683716,1.149999976158142,1520000,0.0,0.0
2024-07-11 00:00:00-04:00,1.0499999523162842,1.1549999713897705,0.8820000290870667,0.9300000071525574,373000,0.0,0.0
2024-07-12 00:00:00-04:00,0.9599999785423279,0.9599999785423279,0.8999999761581421,0.9200000166893005,39400,0.0,0.0
2024-07-15 00:00:00-04:00,0.9399999976158142,0.9800000190734863,0.8989999890327454,0.9200000166893005,63000,0.0,0.0
2024-07-16 00:00:00-04:00,0.9700000286102295,1.0399999618530273,0.8999999761581421,1.0199999809265137,99300,0.0,0.0
2024-07-17 00:00:00-04:00,1.0399999618530273,1.0499999523162842,0.9509999752044678,0.9700000286102295,2035900,0.0,0.0
2024-07-18 00:00:00-04:00,1.0099999904632568,1.0099999904632568,0.8560000061988831,0.871999979019165,2900700,0.0,0.0
2024-07-19 00:00:00-04:00,0.8759999871253967,0.9100000262260437,0.8399999737739563,0.8960000276565552,194200,0.0,0.0
2024-07-22 00:00:00-04:00,0.8799999952316284,0.9449999928474426,0.8790000081062317,0.8799999952316284,129700,0.0,0.0
2024-07-23 00:00:00-04:00,0.8980000019073486,0.9399999976158142,0.8700000047683716,0.8870000243186951,180400,0.0,0.0
2024-07-24 00:00:00-04:00,0.8799999952316284,0.8999999761581421,0.8399999737739563,0.8799999952316284,64800,0.0,0.0
2024-07-25 00:00:00-04:00,0.8610000014305115,0.8880000114440918,0.8399999737739563,0.8880000114440918,71900,0.0,0.0
2024-07-26 00:00:00-04:00,0.9200000166893005,0.9200000166893005,0.8500000238418579,0.9100000262260437,13600,0.0,0.0
2024-07-29 00:00:00-04:00,0.878000020980835,0.9089999794960022,0.8659999966621399,0.8849999904632568,31500,0.0,0.0
2024-07-30 00:00:00-04:00,0.9200000166893005,0.9200000166893005,0.8529999852180481,0.8700000047683716,40300,0.0,0.0
2024-07-31 00:00:00-04:00,0.8999999761581421,0.8999999761581421,0.8500000238418579,0.8999999761581421,33600,0.0,0.0
2024-08-01 00:00:00-04:00,0.8629999756813049,0.8989999890327454,0.8299999833106995,0.8460000157356262,100600,0.0,0.0
2024-08-02 00:00:00-04:00,0.8889999985694885,0.8889999985694885,0.8299999833106995,0.8510000109672546,12700,0.0,0.0
2024-08-05 00:00:00-04:00,0.800000011920929,0.800000011920929,0.699999988079071,0.7599999904632568,62600,0.0,0.0
2024-08-06 00:00:00-04:00,0.7799999713897705,0.800000011920929,0.7670000195503235,0.7749999761581421,87500,0.0,0.0
2024-08-07 00:00:00-04:00,0.7799999713897705,0.7979999780654907,0.7599999904632568,0.7599999904632568,10600,0.0,0.0
2024-08-08 00:00:00-04:00,0.7699999809265137,0.800000011920929,0.7699999809265137,0.7829999923706055,16200,0.0,0.0
2024-08-09 00:00:00-04:00,0.7710000276565552,0.8849999904632568,0.7450000047683716,0.8600000143051147,81400,0.0,0.0
2024-08-12 00:00:00-04:00,0.8870000243186951,0.8870000243186951,0.800000011920929,0.8600000143051147,7100,0.0,0.0
2024-08-13 00:00:00-04:00,0.8759999871253967,0.8759999871253967,0.7889999747276306,0.8650000095367432,11300,0.0,0.0
2024-08-14 00:00:00-04:00,0.8700000047683716,0.8700000047683716,0.8019999861717224,0.8420000076293945,8600,0.0,0.0
2024-08-15 00:00:00-04:00,0.800000011920929,0.8429999947547913,0.800000011920929,0.8330000042915344,27300,0.0,0.0
2024-08-16 00:00:00-04:00,0.8700000047683716,0.8759999871253967,0.8199999928474426,0.8700000047683716,17200,0.0,0.0
2024-08-19 00:00:00-04:00,0.8299999833106995,1.0399999618530273,0.8009999990463257,1.0199999809265137,166400,0.0,0.0
2024-08-20 00:00:00-04:00,0.949999988079071,0.949999988079071,0.8899999856948853,0.8899999856948853,50600,0.0,0.0
2024-08-21 00:00:00-04:00,0.8610000014305115,0.9229999780654907,0.8119999766349792,0.8690000176429749,35200,0.0,0.0
2024-08-22 00:00:00-04:00,0.8970000147819519,0.8970000147819519,0.8360000252723694,0.8690000176429749,12900,0.0,0.0
2024-08-23 00:00:00-04:00,0.8820000290870667,0.9200000166893005,0.8399999737739563,0.8799999952316284,20700,0.0,0.0
2024-08-26 00:00:00-04:00,0.8999999761581421,0.8999999761581421,0.8500000238418579,0.8510000109672546,18600,0.0,0.0
2024-08-27 00:00:00-04:00,0.8489999771118164,0.8700000047683716,0.8489999771118164,0.8519999980926514,26900,0.0,0.0
2024-08-28 00:00:00-04:00,0.8109999895095825,0.8510000109672546,0.8100000023841858,0.8100000023841858,30500,0.0,0.0
2024-08-29 00:00:00-04:00,0.8690000176429749,0.8980000019073486,0.8009999990463257,0.8399999737739563,19500,0.0,0.0
2024-08-30 00:00:00-04:00,0.8299999833106995,0.8700000047683716,0.8199999928474426,0.8330000042915344,14800,0.0,0.0
2024-09-03 00:00:00-04:00,0.8330000042915344,0.8500000238418579,0.7860000133514404,0.8199999928474426,18100,0.0,0.0
2024-09-04 00:00:00-04:00,0.8069999814033508,0.8199999928474426,0.7599999904632568,0.7910000085830688,22100,0.0,0.0
2024-09-05 00:00:00-04:00,0.8399999737739563,0.8399999737739563,0.7910000085830688,0.7929999828338623,14000,0.0,0.0
2024-09-06 00:00:00-04:00,0.800000011920929,0.800000011920929,0.7379999756813049,0.7680000066757202,32400,0.0,0.0
2024-09-09 00:00:00-04:00,0.8299999833106995,0.8299999833106995,0.7360000014305115,0.7419999837875366,38700,0.0,0.0
2024-09-10 00:00:00-04:00,0.75,0.7749999761581421,0.7149999737739563,0.75,19200,0.0,0.0
2024-09-11 00:00:00-04:00,0.7900000214576721,0.7900000214576721,0.6610000133514404,0.7400000095367432,15000,0.0,0.0
2024-09-12 00:00:00-04:00,0.7400000095367432,0.7799999713897705,0.7400000095367432,0.7429999709129333,38800,0.0,0.0
2024-09-13 00:00:00-04:00,0.7419999837875366,0.75,0.7300000190734863,0.7400000095367432,22200,0.0,0.0
2024-09-16 00:00:00-04:00,0.7400000095367432,0.7400000095367432,0.699999988079071,0.7080000042915344,22900,0.0,0.0
2024-09-17 00:00:00-04:00,0.7080000042915344,0.800000011920929,0.6809999942779541,0.7509999871253967,16600,0.0,0.0
2024-09-18 00:00:00-04:00,0.7599999904632568,0.7599999904632568,0.7170000076293945,0.7300000190734863,8200,0.0,0.0
2024-09-19 00:00:00-04:00,0.7390000224113464,0.7509999871253967,0.7149999737739563,0.7440000176429749,7800,0.0,0.0
2024-09-20 00:00:00-04:00,0.7400000095367432,0.8510000109672546,0.7099999785423279,0.8199999928474426,189200,0.0,0.0
2024-09-23 00:00:00-04:00,0.8190000057220459,0.8830000162124634,0.8100000023841858,0.8299999833106995,81600,0.0,0.0
2024-09-24 00:00:00-04:00,0.8100000023841858,0.8799999952316284,0.8100000023841858,0.8399999737739563,75900,0.0,0.0
2024-09-25 00:00:00-04:00,0.8320000171661377,0.8500000238418579,0.7400000095367432,0.7900000214576721,70500,0.0,0.0
2024-09-26 00:00:00-04:00,0.7599999904632568,0.8149999976158142,0.7200000286102295,0.7599999904632568,122200,0.0,0.0
2024-09-27 00:00:00-04:00,0.7400000095367432,0.800000011920929,0.6930000185966492,0.7310000061988831,284800,0.0,0.0
2024-09-30 00:00:00-04:00,0.75,0.800000011920929,0.7110000252723694,0.7599999904632568,62200,0.0,0.0
2024-10-01 00:00:00-04:00,0.7419999837875366,0.777999997138977,0.6600000262260437,0.7680000066757202,82200,0.0,0.0
2024-10-02 00:00:00-04:00,0.7630000114440918,0.7829999923706055,0.7400000095367432,0.753000020980835,37500,0.0,0.0
2024-10-03 00:00:00-04:00,0.7789999842643738,0.7799999713897705,0.7129999995231628,0.75,56100,0.0,0.0
2024-10-04 00:00:00-04:00,0.7099999785423279,0.7490000128746033,0.6629999876022339,0.6899999976158142,76200,0.0,0.0
2024-10-07 00:00:00-04:00,0.699999988079071,0.7250000238418579,0.6899999976158142,0.7049999833106995,43600,0.0,0.0
2024-10-08 00:00:00-04:00,0.6869999766349792,0.7059999704360962,0.6660000085830688,0.675000011920929,41000,0.0,0.0
2024-10-09 00:00:00-04:00,0.6600000262260437,0.6740000247955322,0.6100000143051147,0.6100000143051147,66400,0.0,0.0
2024-10-10 00:00:00-04:00,0.6349999904632568,0.6700000166893005,0.5429999828338623,0.5490000247955322,54600,0.0,0.0
2024-10-11 00:00:00-04:00,0.5490000247955322,0.5929999947547913,0.5350000262260437,0.5889999866485596,14700,0.0,0.0
2024-10-14 00:00:00-04:00,0.5889999866485596,0.6000000238418579,0.5350000262260437,0.550000011920929,41000,0.0,0.0
2024-10-15 00:00:00-04:00,0.5820000171661377,0.5839999914169312,0.5400000214576721,0.5600000023841858,10300,0.0,0.0
2024-10-16 00:00:00-04:00,0.5950000286102295,1.7990000247955322,0.5519999861717224,0.9459999799728394,34456200,0.0,0.0
2024-10-17 00:00:00-04:00,0.800000011920929,0.9570000171661377,0.6610000133514404,0.8479999899864197,2622000,0.0,0.0
2024-10-18 00:00:00-04:00,0.8659999966621399,1.2999999523162842,0.8029999732971191,1.0299999713897705,4239800,0.0,0.0
2024-10-21 00:00:00-04:00,1.100000023841858,1.25,0.9470000267028809,0.949999988079071,1189600,0.0,0.0
2024-10-22 00:00:00-04:00,0.9559999704360962,1.0199999809265137,0.8500000238418579,0.8930000066757202,544600,0.0,0.0
2024-10-23 00:00:00-04:00,0.890999972820282,0.9200000166893005,0.8500000238418579,0.8980000019073486,209300,0.0,0.0
2024-10-24 00:00:00-04:00,0.8849999904632568,0.9800000190734863,0.8100000023841858,0.8870000243186951,861900,0.0,0.0
2024-10-25 00:00:00-04:00,0.8939999938011169,1.0299999713897705,0.8659999966621399,0.9330000281333923,741500,0.0,0.0
2024-10-28 00:00:00-04:00,0.9330000281333923,1.1699999570846558,0.9330000281333923,1.1299999952316284,1168400,0.0,0.0
2024-10-29 00:00:00-04:00,1.100000023841858,1.159999966621399,0.9700000286102295,1.0800000429153442,533500,0.0,0.0
2024-10-30 00:00:00-04:00,1.1200000047683716,1.2999999523162842,1.1100000143051147,1.2000000476837158,1577600,0.0,0.0
2024-10-31 00:00:00-04:00,1.1699999570846558,1.25,1.090000033378601,1.1200000047683716,459300,0.0,0.0
2024-11-01 00:00:00-04:00,1.1399999856948853,1.149999976158142,1.0,1.0299999713897705,293800,0.0,0.0
2024-11-04 00:00:00-05:00,1.059999942779541,1.059999942779541,0.949999988079071,1.0199999809265137,157600,0.0,0.0
2024-11-05 00:00:00-05:00,1.0099999904632568,1.0499999523162842,0.9660000205039978,1.0199999809265137,119600,0.0,0.0
2024-11-06 00:00:00-05:00,1.0199999809265137,1.100000023841858,1.0,1.0499999523162842,142800,0.0,0.0
2024-11-07 00:00:00-05:00,1.0199999809265137,1.2400000095367432,1.0199999809265137,1.2200000286102295,473700,0.0,0.0
2024-11-08 00:00:00-05:00,1.1799999475479126,1.3700000047683716,1.1799999475479126,1.340000033378601,715400,0.0,0.0
2024-11-11 00:00:00-05:00,1.350000023841858,1.4199999570846558,1.2200000286102295,1.2899999618530273,597700,0.0,0.0
2024-11-12 00:00:00-05:00,1.2899999618530273,1.5,1.2350000143051147,1.4900000095367432,754900,0.0,0.0
2024-11-13 00:00:00-05:00,1.399999976158142,1.5299999713897705,1.1100000143051147,1.1699999570846558,538500,0.0,0.0
2024-11-14 00:00:00-05:00,1.190000057220459,1.2400000095367432,1.0099999904632568,1.0299999713897705,348600,0.0,0.0
2024-11-15 00:00:00-05:00,1.0299999713897705,1.0399999618530273,0.8600000143051147,0.9100000262260437,424700,0.0,0.0
2024-11-18 00:00:00-05:00,0.9150000214576721,1.0,0.8939999938011169,0.949999988079071,175100,0.0,0.0
2024-11-19 00:00:00-05:00,0.9459999799728394,0.9649999737739563,0.8999999761581421,0.921999990940094,95200,0.0,0.0
2024-11-20 00:00:00-05:00,0.9700000286102295,1.0199999809265137,0.9200000166893005,0.949999988079071,351300,0.0,0.0
2024-11-21 00:00:00-05:00,0.9359999895095825,1.1799999475479126,0.9359999895095825,1.0199999809265137,1085300,0.0,0.0
2024-11-22 00:00:00-05:00,1.0199999809265137,1.1299999952316284,0.9789999723434448,1.1100000143051147,231500,0.0,0.0
2024-11-25 00:00:00-05:00,1.1100000143051147,1.1299999952316284,0.9610000252723694,0.9940000176429749,261500,0.0,0.0
2024-11-26 00:00:00-05:00,1.0199999809265137,1.0399999618530273,0.9150000214576721,0.9549999833106995,170500,0.0,0.0
2024-11-27 00:00:00-05:00,1.0,1.0700000524520874,0.9350000023841858,0.9649999737739563,160200,0.0,0.0
2024-11-29 00:00:00-05:00,0.9760000109672546,1.0299999713897705,0.9300000071525574,1.0,100700,0.0,0.0
2024-12-02 00:00:00-05:00,1.0199999809265137,1.0399999618530273,0.949999988079071,0.9900000095367432,100100,0.0,0.0
2024-12-03 00:00:00-05:00,0.9900000095367432,1.0399999618530273,0.949999988079071,0.949999988079071,273500,0.0,0.0
2024-12-04 00:00:00-05:00,0.9700000286102295,0.9850000143051147,0.8700000047683716,0.9470000267028809,260900,0.0,0.0
2024-12-05 00:00:00-05:00,0.9620000123977661,0.9900000095367432,0.9319999814033508,0.9539999961853027,102300,0.0,0.0
2024-12-06 00:00:00-05:00,0.9309999942779541,0.9490000009536743,0.9100000262260437,0.9459999799728394,121300,0.0,0.0
2024-12-09 00:00:00-05:00,0.9599999785423279,0.9800000190734863,0.8899999856948853,0.8960000276565552,121800,0.0,0.0
2024-12-10 00:00:00-05:00,0.9330000281333923,0.949999988079071,0.8799999952316284,0.9290000200271606,82200,0.0,0.0
2024-12-11 00:00:00-05:00,0.8840000033378601,0.9100000262260437,0.8299999833106995,0.8799999952316284,126800,0.0,0.0
2024-12-12 00:00:00-05:00,0.843999981880188,0.9330000281333923,0.843999981880188,0.9100000262260437,93900,0.0,0.0
2024-12-13 00:00:00-05:00,0.9100000262260437,0.9300000071525574,0.8899999856948853,0.9200000166893005,39900,0.0,0.0
2024-12-16 00:00:00-05:00,0.9399999976158142,0.9800000190734863,0.9079999923706055,0.9700000286102295,124500,0.0,0.0
2024-12-17 00:00:00-05:00,0.9800999760627747,0.9890000224113464,0.9200000166893005,0.9300000071525574,52307,0.0,0.0
