Date,Open,High,Low,Close,Volume,Dividends,Stock Splits
2022-01-03 00:00:00-05:00,32.599998474121094,38.099998474121094,32.5,38.0,46430,0.0,0.0
2022-01-04 00:00:00-05:00,38.20000076293945,38.5,35.5,36.0,20820,0.0,0.0
2022-01-05 00:00:00-05:00,36.70000076293945,37.70000076293945,34.20000076293945,35.5,34420,0.0,0.0
2022-01-06 00:00:00-05:00,35.900001525878906,35.900001525878906,33.29999923706055,35.20000076293945,31730,0.0,0.0
2022-01-07 00:00:00-05:00,34.70000076293945,36.5,34.45000076293945,35.0,26810,0.0,0.0
2022-01-10 00:00:00-05:00,34.79999923706055,34.900001525878906,32.400001525878906,34.0,40480,0.0,0.0
2022-01-11 00:00:00-05:00,33.79999923706055,33.79999923706055,32.099998474121094,32.70000076293945,41900,0.0,0.0
2022-01-12 00:00:00-05:00,32.79999923706055,33.29999923706055,29.700000762939453,29.700000762939453,43110,0.0,0.0
2022-01-13 00:00:00-05:00,30.200000762939453,30.200000762939453,26.600000381469727,26.899999618530273,40450,0.0,0.0
2022-01-14 00:00:00-05:00,26.899999618530273,27.200000762939453,26.0,26.899999618530273,34150,0.0,0.0
2022-01-18 00:00:00-05:00,26.200000762939453,26.299999237060547,24.0,24.200000762939453,37780,0.0,0.0
2022-01-19 00:00:00-05:00,24.200000762939453,24.799999237060547,23.350000381469727,23.600000381469727,29960,0.0,0.0
2022-01-20 00:00:00-05:00,23.700000762939453,24.600000381469727,22.450000762939453,22.600000381469727,39910,0.0,0.0
2022-01-21 00:00:00-05:00,22.5,23.5,21.5,21.799999237060547,42140,0.0,0.0
2022-01-24 00:00:00-05:00,21.100000381469727,23.5,20.600000381469727,23.299999237060547,38250,0.0,0.0
2022-01-25 00:00:00-05:00,22.5,23.100000381469727,21.549999237060547,21.899999618530273,22260,0.0,0.0
2022-01-26 00:00:00-05:00,22.700000762939453,22.700000762939453,20.100000381469727,20.5,30020,0.0,0.0
2022-01-27 00:00:00-05:00,20.899999618530273,20.899999618530273,18.399999618530273,18.5,61030,0.0,0.0
2022-01-28 00:00:00-05:00,18.600000381469727,19.5,17.600000381469727,19.299999237060547,57060,0.0,0.0
2022-01-31 00:00:00-05:00,19.399999618530273,20.600000381469727,19.399999618530273,19.799999237060547,43140,0.0,0.0
2022-02-01 00:00:00-05:00,19.799999237060547,21.899999618530273,19.399999618530273,20.700000762939453,105030,0.0,0.0
2022-02-02 00:00:00-05:00,21.0,21.0,18.600000381469727,19.299999237060547,181780,0.0,0.0
2022-02-03 00:00:00-05:00,20.299999237060547,20.979999542236328,17.799999237060547,17.899999618530273,186900,0.0,0.0
2022-02-04 00:00:00-05:00,17.600000381469727,17.799999237060547,16.200000762939453,17.299999237060547,70600,0.0,0.0
2022-02-07 00:00:00-05:00,17.5,18.100000381469727,17.100000381469727,17.399999618530273,40120,0.0,0.0
2022-02-08 00:00:00-05:00,17.399999618530273,17.799999237060547,16.299999237060547,16.5,32340,0.0,0.0
2022-02-09 00:00:00-05:00,16.799999237060547,17.700000762939453,16.799999237060547,17.100000381469727,47650,0.0,0.0
2022-02-10 00:00:00-05:00,16.600000381469727,17.290000915527344,15.800000190734863,16.100000381469727,70110,0.0,0.0
2022-02-11 00:00:00-05:00,16.200000762939453,16.399999618530273,15.25,15.5,48930,0.0,0.0
2022-02-14 00:00:00-05:00,15.699999809265137,16.0,15.199999809265137,15.300000190734863,30750,0.0,0.0
2022-02-15 00:00:00-05:00,15.5,16.149999618530273,15.5,15.899999618530273,38860,0.0,0.0
2022-02-16 00:00:00-05:00,16.100000381469727,16.100000381469727,15.5,15.699999809265137,20600,0.0,0.0
2022-02-17 00:00:00-05:00,15.699999809265137,15.899999618530273,14.5,14.600000381469727,51960,0.0,0.0
2022-02-18 00:00:00-05:00,14.699999809265137,14.899999618530273,14.100000381469727,14.300000190734863,33810,0.0,0.0
2022-02-22 00:00:00-05:00,14.0,14.470000267028809,13.800000190734863,14.0,42980,0.0,0.0
2022-02-23 00:00:00-05:00,14.199999809265137,14.300000190734863,12.600000381469727,12.75,44160,0.0,0.0
2022-02-24 00:00:00-05:00,12.199999809265137,13.100000381469727,11.199999809265137,13.100000381469727,81420,0.0,0.0
2022-02-25 00:00:00-05:00,13.0,13.25,12.699999809265137,12.800000190734863,26230,0.0,0.0
2022-02-28 00:00:00-05:00,12.800000190734863,13.399999618530273,12.399999618530273,12.899999618530273,34280,0.0,0.0
2022-03-01 00:00:00-05:00,12.5,14.100000381469727,12.5,13.300000190734863,50090,0.0,0.0
2022-03-02 00:00:00-05:00,13.5,13.800000190734863,12.800000190734863,13.199999809265137,43340,0.0,0.0
2022-03-03 00:00:00-05:00,13.399999618530273,13.640000343322754,11.5,11.600000381469727,32140,0.0,0.0
2022-03-04 00:00:00-05:00,11.600000381469727,11.800000190734863,10.899999618530273,11.0,28160,0.0,0.0
2022-03-07 00:00:00-05:00,11.199999809265137,11.199999809265137,10.199999809265137,10.199999809265137,55090,0.0,0.0
2022-03-08 00:00:00-05:00,10.300000190734863,11.199999809265137,10.0,11.100000381469727,55410,0.0,0.0
2022-03-09 00:00:00-05:00,11.800000190734863,12.699999809265137,11.800000190734863,12.699999809265137,76670,0.0,0.0
2022-03-10 00:00:00-05:00,12.600000381469727,12.699999809265137,11.600000381469727,12.199999809265137,41270,0.0,0.0
2022-03-11 00:00:00-05:00,12.399999618530273,12.600000381469727,11.300000190734863,11.5,45980,0.0,0.0
2022-03-14 00:00:00-04:00,11.399999618530273,11.579999923706055,10.300000190734863,10.699999809265137,25630,0.0,0.0
2022-03-15 00:00:00-04:00,11.300000190734863,11.5,10.899999618530273,11.100000381469727,26700,0.0,0.0
2022-03-16 00:00:00-04:00,11.600000381469727,11.699999809265137,10.699999809265137,11.0,49490,0.0,0.0
2022-03-17 00:00:00-04:00,11.0,11.899999618530273,10.800000190734863,11.600000381469727,73760,0.0,0.0
2022-03-18 00:00:00-04:00,11.699999809265137,12.100000381469727,11.100000381469727,11.600000381469727,98990,0.0,0.0
2022-03-21 00:00:00-04:00,11.600000381469727,11.850000381469727,10.899999618530273,11.0,56770,0.0,0.0
2022-03-22 00:00:00-04:00,11.100000381469727,11.199999809265137,11.0,11.0,73670,0.0,0.0
2022-03-23 00:00:00-04:00,11.0,11.199999809265137,10.399999618530273,10.399999618530273,95600,0.0,0.0
2022-03-24 00:00:00-04:00,10.899999618530273,11.300000190734863,10.5,11.100000381469727,32370,0.0,0.0
2022-03-25 00:00:00-04:00,11.0,11.289999961853027,10.399999618530273,10.399999618530273,32680,0.0,0.0
2022-03-28 00:00:00-04:00,10.5,11.199999809265137,10.5,11.100000381469727,36600,0.0,0.0
2022-03-29 00:00:00-04:00,11.199999809265137,11.899999618530273,11.199999809265137,11.5,76770,0.0,0.0
2022-03-30 00:00:00-04:00,11.699999809265137,14.300000190734863,11.600000381469727,13.100000381469727,269360,0.0,0.0
2022-03-31 00:00:00-04:00,13.0,13.199999809265137,11.800000190734863,11.899999618530273,80270,0.0,0.0
2022-04-01 00:00:00-04:00,11.199999809265137,11.899999618530273,10.699999809265137,11.100000381469727,96240,0.0,0.0
2022-04-04 00:00:00-04:00,11.300000190734863,13.1899995803833,11.25,11.899999618530273,176880,0.0,0.0
2022-04-05 00:00:00-04:00,12.0,12.0,10.899999618530273,11.0,46850,0.0,0.0
2022-04-06 00:00:00-04:00,10.899999618530273,11.100000381469727,10.5,10.600000381469727,49980,0.0,0.0
2022-04-07 00:00:00-04:00,10.899999618530273,11.0,10.5,10.699999809265137,69130,0.0,0.0
2022-04-08 00:00:00-04:00,10.699999809265137,11.800000190734863,10.5,11.5,93580,0.0,0.0
2022-04-11 00:00:00-04:00,11.300000190734863,11.300000190734863,10.300000190734863,10.399999618530273,48830,0.0,0.0
2022-04-12 00:00:00-04:00,10.600000381469727,10.699999809265137,9.140000343322754,9.470000267028809,84720,0.0,0.0
2022-04-13 00:00:00-04:00,9.65999984741211,10.100000381469727,9.489999771118164,9.899999618530273,36690,0.0,0.0
2022-04-14 00:00:00-04:00,10.100000381469727,10.300000190734863,9.0,9.0600004196167,59920,0.0,0.0
2022-04-18 00:00:00-04:00,9.300000190734863,9.479999542236328,8.65999984741211,8.770000457763672,55540,0.0,0.0
2022-04-19 00:00:00-04:00,8.800000190734863,9.600000381469727,8.760000228881836,9.399999618530273,54980,0.0,0.0
2022-04-20 00:00:00-04:00,9.539999961853027,10.899999618530273,9.199999809265137,10.199999809265137,215340,0.0,0.0
2022-04-21 00:00:00-04:00,10.899999618530273,11.0,10.199999809265137,10.199999809265137,185780,0.0,0.0
2022-04-22 00:00:00-04:00,10.300000190734863,12.930000305175781,10.300000190734863,12.100000381469727,232590,0.0,0.0
2022-04-25 00:00:00-04:00,12.399999618530273,12.600000381469727,9.5,9.619999885559082,347020,0.0,0.0
2022-04-26 00:00:00-04:00,10.050000190734863,10.100000381469727,8.819999694824219,8.90999984741211,120530,0.0,0.0
2022-04-27 00:00:00-04:00,9.0,9.399999618530273,8.65999984741211,8.829999923706055,118610,0.0,0.0
2022-04-28 00:00:00-04:00,8.800000190734863,9.010000228881836,7.800000190734863,8.829999923706055,138490,0.0,0.0
2022-04-29 00:00:00-04:00,8.829999923706055,9.199999809265137,8.3100004196167,8.420000076293945,63450,0.0,0.0
2022-05-02 00:00:00-04:00,8.520000457763672,9.9399995803833,8.520000457763672,9.850000381469727,78230,0.0,0.0
2022-05-03 00:00:00-04:00,10.100000381469727,10.399999618530273,9.550000190734863,10.199999809265137,99950,0.0,0.0
2022-05-04 00:00:00-04:00,10.0,10.600000381469727,9.399999618530273,10.600000381469727,59480,0.0,0.0
2022-05-05 00:00:00-04:00,9.930000305175781,10.699999809265137,9.5,10.399999618530273,85370,0.0,0.0
2022-05-06 00:00:00-04:00,10.100000381469727,10.5,9.630000114440918,10.100000381469727,51770,0.0,0.0
2022-05-09 00:00:00-04:00,9.800000190734863,9.949999809265137,8.600000381469727,8.779999732971191,114430,0.0,0.0
2022-05-10 00:00:00-04:00,8.800000190734863,9.59000015258789,8.600000381469727,8.979999542236328,92900,0.0,0.0
2022-05-11 00:00:00-04:00,9.0,9.399999618530273,7.800000190734863,8.199999809265137,95780,0.0,0.0
2022-05-12 00:00:00-04:00,7.829999923706055,9.329999923706055,7.800000190734863,8.40999984741211,59100,0.0,0.0
2022-05-13 00:00:00-04:00,8.789999961853027,9.5,8.460000038146973,8.989999771118164,72930,0.0,0.0
2022-05-16 00:00:00-04:00,9.229999542236328,9.300000190734863,7.599999904632568,7.699999809265137,107970,0.0,0.0
2022-05-17 00:00:00-04:00,8.0,8.15999984741211,7.159999847412109,7.769999980926514,73110,0.0,0.0
2022-05-18 00:00:00-04:00,7.699999809265137,7.809999942779541,6.949999809265137,7.099999904632568,80730,0.0,0.0
2022-05-19 00:00:00-04:00,7.199999809265137,7.21999979019165,6.5,7.0,100880,0.0,0.0
2022-05-20 00:00:00-04:00,7.389999866485596,7.460000038146973,6.699999809265137,7.260000228881836,71210,0.0,0.0
2022-05-23 00:00:00-04:00,7.599999904632568,7.71999979019165,7.0,7.150000095367432,56370,0.0,0.0
2022-05-24 00:00:00-04:00,7.300000190734863,7.349999904632568,6.699999809265137,6.960000038146973,72990,0.0,0.0
2022-05-25 00:00:00-04:00,6.989999771118164,7.170000076293945,6.699999809265137,6.940000057220459,60740,0.0,0.0
2022-05-26 00:00:00-04:00,7.0,7.440000057220459,6.820000171661377,7.119999885559082,63450,0.0,0.0
2022-05-27 00:00:00-04:00,7.389999866485596,7.409999847412109,6.900000095367432,7.230000019073486,70970,0.0,0.0
2022-05-31 00:00:00-04:00,7.400000095367432,8.600000381469727,7.159999847412109,8.220000267028809,94450,0.0,0.0
2022-06-01 00:00:00-04:00,8.210000038146973,9.0,7.5,7.800000190734863,90050,0.0,0.0
2022-06-02 00:00:00-04:00,7.800000190734863,8.5,7.5,7.670000076293945,74710,0.0,0.0
2022-06-03 00:00:00-04:00,7.730000019073486,8.949999809265137,7.639999866485596,8.84000015258789,71220,0.0,0.0
2022-06-06 00:00:00-04:00,8.930000305175781,9.800000190734863,8.600000381469727,9.020000457763672,110290,0.0,0.0
2022-06-07 00:00:00-04:00,9.300000190734863,10.899999618530273,8.920000076293945,10.800000190734863,118020,0.0,0.0
2022-06-08 00:00:00-04:00,10.600000381469727,11.5,10.199999809265137,10.800000190734863,94180,0.0,0.0
2022-06-09 00:00:00-04:00,10.899999618530273,11.149999618530273,10.300000190734863,10.800000190734863,68820,0.0,0.0
2022-06-10 00:00:00-04:00,10.399999618530273,10.449999809265137,9.899999618530273,10.300000190734863,48660,0.0,0.0
2022-06-13 00:00:00-04:00,9.800000190734863,9.899999618530273,9.0,9.59000015258789,55720,0.0,0.0
2022-06-14 00:00:00-04:00,9.550000190734863,9.899999618530273,9.5,9.600000381469727,32310,0.0,0.0
2022-06-15 00:00:00-04:00,9.600000381469727,10.899999618530273,9.600000381469727,10.699999809265137,86130,0.0,0.0
2022-06-16 00:00:00-04:00,10.300000190734863,10.300000190734863,9.100000381469727,9.699999809265137,88440,0.0,0.0
2022-06-17 00:00:00-04:00,9.829999923706055,10.5,9.510000228881836,10.199999809265137,94040,0.0,0.0
2022-06-21 00:00:00-04:00,10.699999809265137,10.699999809265137,10.0,10.5,91090,0.0,0.0
2022-06-22 00:00:00-04:00,10.399999618530273,11.0,10.199999809265137,10.800000190734863,71020,0.0,0.0
2022-06-23 00:00:00-04:00,10.800000190734863,10.899999618530273,10.0,10.199999809265137,61410,0.0,0.0
2022-06-24 00:00:00-04:00,10.100000381469727,10.399999618530273,8.90999984741211,8.90999984741211,739770,0.0,0.0
2022-06-27 00:00:00-04:00,9.100000381469727,9.930000305175781,8.899999618530273,9.569999694824219,50080,0.0,0.0
2022-06-28 00:00:00-04:00,9.510000228881836,9.899999618530273,9.0600004196167,9.109999656677246,38670,0.0,0.0
2022-06-29 00:00:00-04:00,9.100000381469727,9.819999694824219,9.0,9.59000015258789,33410,0.0,0.0
2022-06-30 00:00:00-04:00,9.550000190734863,9.65999984741211,9.0,9.630000114440918,20120,0.0,0.0
2022-07-01 00:00:00-04:00,9.300000190734863,9.800000190734863,9.100000381469727,9.100000381469727,22140,0.0,0.0
2022-07-05 00:00:00-04:00,9.420000076293945,9.520000457763672,8.529999732971191,8.699999809265137,79170,0.0,0.0
2022-07-06 00:00:00-04:00,9.0,9.130000114440918,8.0,8.0,57470,0.0,0.0
2022-07-07 00:00:00-04:00,8.300000190734863,8.899999618530273,8.0,8.649999618530273,45950,0.0,0.0
2022-07-08 00:00:00-04:00,8.5,8.899999618530273,7.909999847412109,8.760000228881836,49340,0.0,0.0
2022-07-11 00:00:00-04:00,8.699999809265137,8.699999809265137,8.100000381469727,8.630000114440918,44740,0.0,0.0
2022-07-12 00:00:00-04:00,8.649999618530273,8.699999809265137,8.100000381469727,8.680000305175781,32300,0.0,0.0
2022-07-13 00:00:00-04:00,8.399999618530273,8.680000305175781,8.170000076293945,8.59000015258789,18340,0.0,0.0
2022-07-14 00:00:00-04:00,8.5,8.6899995803833,8.3100004196167,8.550000190734863,22340,0.0,0.0
2022-07-15 00:00:00-04:00,8.699999809265137,9.380000114440918,8.430000305175781,9.350000381469727,43180,0.0,0.0
2022-07-18 00:00:00-04:00,9.199999809265137,9.789999961853027,9.0,9.3100004196167,35700,0.0,0.0
2022-07-19 00:00:00-04:00,9.34000015258789,9.899999618530273,9.300000190734863,9.760000228881836,33660,0.0,0.0
2022-07-20 00:00:00-04:00,9.699999809265137,10.300000190734863,9.699999809265137,10.0,27900,0.0,0.0
2022-07-21 00:00:00-04:00,10.100000381469727,10.300000190734863,9.670000076293945,9.899999618530273,27180,0.0,0.0
2022-07-22 00:00:00-04:00,10.0,10.0,9.300000190734863,9.539999961853027,35960,0.0,0.0
2022-07-25 00:00:00-04:00,9.699999809265137,9.699999809265137,8.649999618530273,8.899999618530273,36970,0.0,0.0
2022-07-26 00:00:00-04:00,9.020000457763672,9.020000457763672,8.5,8.699999809265137,33450,0.0,0.0
2022-07-27 00:00:00-04:00,8.800000190734863,8.899999618530273,8.5,8.739999771118164,34770,0.0,0.0
2022-07-28 00:00:00-04:00,8.8100004196167,8.899999618530273,7.840000152587891,8.239999771118164,61520,0.0,0.0
2022-07-29 00:00:00-04:00,8.5,8.5,7.849999904632568,7.849999904632568,33880,0.0,0.0
2022-08-01 00:00:00-04:00,8.199999809265137,8.199999809265137,7.809999942779541,7.909999847412109,32130,0.0,0.0
2022-08-02 00:00:00-04:00,8.0,8.430000305175781,7.909999847412109,8.170000076293945,22690,0.0,0.0
2022-08-03 00:00:00-04:00,8.350000381469727,9.100000381469727,8.199999809265137,8.789999961853027,627700,0.0,0.0
2022-08-04 00:00:00-04:00,10.199999809265137,11.0,9.0,9.09000015258789,380940,0.0,0.0
2022-08-05 00:00:00-04:00,8.520000457763672,9.0,8.0,9.0,109210,0.0,0.0
2022-08-08 00:00:00-04:00,8.899999618530273,9.800000190734863,8.899999618530273,9.75,62530,0.0,0.0
2022-08-09 00:00:00-04:00,8.600000381469727,10.5,8.5,9.270000457763672,106830,0.0,0.0
2022-08-10 00:00:00-04:00,9.300000190734863,10.289999961853027,9.0,9.600000381469727,133530,0.0,0.0
2022-08-11 00:00:00-04:00,9.6899995803833,9.899999618530273,8.600000381469727,9.300000190734863,111630,0.0,0.0
2022-08-12 00:00:00-04:00,9.149999618530273,9.789999961853027,9.0,9.550000190734863,57260,0.0,0.0
2022-08-15 00:00:00-04:00,9.199999809265137,10.100000381469727,9.199999809265137,10.100000381469727,61930,0.0,0.0
2022-08-16 00:00:00-04:00,9.899999618530273,10.100000381469727,9.5,9.699999809265137,52210,0.0,0.0
2022-08-17 00:00:00-04:00,9.5,9.760000228881836,9.100000381469727,9.119999885559082,29850,0.0,0.0
2022-08-18 00:00:00-04:00,9.199999809265137,9.220000267028809,8.710000038146973,8.869999885559082,43140,0.0,0.0
2022-08-19 00:00:00-04:00,8.680000305175781,8.800000190734863,8.239999771118164,8.3100004196167,35980,0.0,0.0
2022-08-22 00:00:00-04:00,8.100000381469727,8.40999984741211,8.0,8.0600004196167,26900,0.0,0.0
2022-08-23 00:00:00-04:00,8.100000381469727,8.220000267028809,8.010000228881836,8.039999961853027,25780,0.0,0.0
2022-08-24 00:00:00-04:00,8.300000190734863,8.5,8.050000190734863,8.5,20810,0.0,0.0
2022-08-25 00:00:00-04:00,8.5,8.899999618530273,8.3100004196167,8.899999618530273,22700,0.0,0.0
2022-08-26 00:00:00-04:00,9.0,9.430000305175781,8.109999656677246,8.25,24960,0.0,0.0
2022-08-29 00:00:00-04:00,8.470000267028809,8.470000267028809,8.100000381469727,8.199999809265137,17970,0.0,0.0
2022-08-30 00:00:00-04:00,8.15999984741211,8.75,7.880000114440918,8.010000228881836,33830,0.0,0.0
2022-08-31 00:00:00-04:00,8.0600004196167,8.149999618530273,7.960000038146973,8.010000228881836,21120,0.0,0.0
2022-09-01 00:00:00-04:00,7.900000095367432,8.079999923706055,7.800000190734863,7.869999885559082,24860,0.0,0.0
2022-09-02 00:00:00-04:00,7.800000190734863,8.289999961853027,7.630000114440918,7.820000171661377,16480,0.0,0.0
2022-09-06 00:00:00-04:00,7.639999866485596,7.869999885559082,6.71999979019165,7.039999961853027,70570,0.0,0.0
2022-09-07 00:00:00-04:00,7.050000190734863,7.150000095367432,6.619999885559082,6.769999980926514,71880,0.0,0.0
2022-09-08 00:00:00-04:00,6.800000190734863,7.099999904632568,6.800000190734863,6.900000095367432,18920,0.0,0.0
2022-09-09 00:00:00-04:00,6.900000095367432,7.0,6.710000038146973,6.900000095367432,21010,0.0,0.0
2022-09-12 00:00:00-04:00,7.21999979019165,7.360000133514404,6.949999809265137,7.300000190734863,879650,0.0,0.0
2022-09-13 00:00:00-04:00,8.899999618530273,9.25,7.519999980926514,7.659999847412109,2588960,0.0,0.0
2022-09-14 00:00:00-04:00,7.699999809265137,7.739999771118164,6.809999942779541,7.079999923706055,318710,0.0,0.0
2022-09-15 00:00:00-04:00,6.889999866485596,7.5,6.829999923706055,7.289999961853027,692660,0.0,0.0
2022-09-16 00:00:00-04:00,7.5,7.5,6.599999904632568,7.349999904632568,634370,0.0,0.0
2022-09-19 00:00:00-04:00,5.269999980926514,6.304999828338623,5.25,6.079999923706055,1544700,0.0,0.1
2022-09-20 00:00:00-04:00,5.900000095367432,6.5,5.900000095367432,6.190000057220459,598400,0.0,0.0
2022-09-21 00:00:00-04:00,6.480000019073486,7.270999908447266,6.360000133514404,6.650000095367432,2005400,0.0,0.0
2022-09-22 00:00:00-04:00,6.650000095367432,6.710000038146973,6.110000133514404,6.25,273500,0.0,0.0
2022-09-23 00:00:00-04:00,6.010000228881836,6.079999923706055,5.449999809265137,5.570000171661377,226500,0.0,0.0
2022-09-26 00:00:00-04:00,5.46999979019165,5.698999881744385,5.380000114440918,5.579999923706055,190300,0.0,0.0
2022-09-27 00:00:00-04:00,5.670000076293945,5.710000038146973,5.309999942779541,5.340000152587891,184300,0.0,0.0
2022-09-28 00:00:00-04:00,5.369999885559082,5.599999904632568,5.320000171661377,5.559999942779541,120800,0.0,0.0
2022-09-29 00:00:00-04:00,5.420000076293945,5.869999885559082,5.400000095367432,5.840000152587891,115500,0.0,0.0
2022-09-30 00:00:00-04:00,5.840000152587891,6.510000228881836,5.840000152587891,6.440000057220459,174400,0.0,0.0
2022-10-03 00:00:00-04:00,6.380000114440918,6.380000114440918,5.866000175476074,5.940000057220459,138000,0.0,0.0
2022-10-04 00:00:00-04:00,6.260000228881836,6.809999942779541,6.159999847412109,6.639999866485596,218500,0.0,0.0
2022-10-05 00:00:00-04:00,6.449999809265137,6.828999996185303,6.349999904632568,6.679999828338623,94800,0.0,0.0
2022-10-06 00:00:00-04:00,6.659999847412109,6.949999809265137,6.659999847412109,6.730000019073486,134300,0.0,0.0
2022-10-07 00:00:00-04:00,6.699999809265137,6.790999889373779,6.389999866485596,6.650000095367432,124600,0.0,0.0
2022-10-10 00:00:00-04:00,6.75,6.860000133514404,6.340000152587891,6.400000095367432,98600,0.0,0.0
2022-10-11 00:00:00-04:00,6.329999923706055,6.514999866485596,6.059999942779541,6.159999847412109,127300,0.0,0.0
2022-10-12 00:00:00-04:00,6.130000114440918,6.28000020980835,5.840000152587891,5.849999904632568,99900,0.0,0.0
2022-10-13 00:00:00-04:00,5.829999923706055,6.190000057220459,5.695000171661377,6.179999828338623,115600,0.0,0.0
2022-10-14 00:00:00-04:00,6.21999979019165,6.21999979019165,5.769999980926514,5.769999980926514,155600,0.0,0.0
2022-10-17 00:00:00-04:00,5.75,5.864999771118164,5.650000095367432,5.809999942779541,61400,0.0,0.0
2022-10-18 00:00:00-04:00,5.820000171661377,5.935999870300293,5.53000020980835,5.599999904632568,168200,0.0,0.0
2022-10-19 00:00:00-04:00,5.480000019073486,5.650000095367432,5.110000133514404,5.260000228881836,215100,0.0,0.0
2022-10-20 00:00:00-04:00,5.260000228881836,5.2789998054504395,4.480000019073486,4.489999771118164,227500,0.0,0.0
2022-10-21 00:00:00-04:00,4.53000020980835,4.671000003814697,4.360000133514404,4.440000057220459,113500,0.0,0.0
2022-10-24 00:00:00-04:00,4.440000057220459,4.480000019073486,3.9200000762939453,4.159999847412109,218400,0.0,0.0
2022-10-25 00:00:00-04:00,4.139999866485596,4.369999885559082,4.139999866485596,4.320000171661377,66500,0.0,0.0
2022-10-26 00:00:00-04:00,4.369999885559082,4.730000019073486,4.369999885559082,4.565000057220459,86300,0.0,0.0
2022-10-27 00:00:00-04:00,4.570000171661377,4.64900016784668,4.320000171661377,4.5,96300,0.0,0.0
2022-10-28 00:00:00-04:00,4.46999979019165,4.659999847412109,4.329999923706055,4.639999866485596,58200,0.0,0.0
2022-10-31 00:00:00-04:00,4.570000171661377,5.039999961853027,4.460000038146973,5.019999980926514,270000,0.0,0.0
2022-11-01 00:00:00-04:00,5.0,5.0,4.309999942779541,4.349999904632568,188800,0.0,0.0
2022-11-02 00:00:00-04:00,4.349999904632568,4.53000020980835,4.199999809265137,4.25,103200,0.0,0.0
2022-11-03 00:00:00-04:00,4.230000019073486,4.360000133514404,4.099999904632568,4.199999809265137,123400,0.0,0.0
2022-11-04 00:00:00-04:00,4.21999979019165,4.334000110626221,4.059999942779541,4.159999847412109,63500,0.0,0.0
2022-11-07 00:00:00-05:00,4.170000076293945,4.239999771118164,3.9600000381469727,4.019999980926514,57600,0.0,0.0
2022-11-08 00:00:00-05:00,3.990000009536743,4.110000133514404,3.8499999046325684,3.8499999046325684,64600,0.0,0.0
2022-11-09 00:00:00-05:00,3.8499999046325684,3.9700000286102295,3.5199999809265137,3.5299999713897705,106500,0.0,0.0
2022-11-10 00:00:00-05:00,3.75,3.880000114440918,3.630000114440918,3.759999990463257,115700,0.0,0.0
2022-11-11 00:00:00-05:00,3.7699999809265137,4.056000232696533,3.7100000381469727,3.9800000190734863,134700,0.0,0.0
2022-11-14 00:00:00-05:00,3.9100000858306885,4.010000228881836,3.6600000858306885,3.6600000858306885,152300,0.0,0.0
2022-11-15 00:00:00-05:00,3.9700000286102295,4.050000190734863,3.759999990463257,4.010000228881836,205000,0.0,0.0
2022-11-16 00:00:00-05:00,4.010000228881836,4.369999885559082,3.9600000381469727,4.28000020980835,169600,0.0,0.0
2022-11-17 00:00:00-05:00,4.269999980926514,4.349999904632568,4.070000171661377,4.289999961853027,99200,0.0,0.0
2022-11-18 00:00:00-05:00,4.329999923706055,4.429999828338623,3.930000066757202,4.079999923706055,228000,0.0,0.0
2022-11-21 00:00:00-05:00,4.130000114440918,4.139999866485596,3.950000047683716,4.070000171661377,70000,0.0,0.0
2022-11-22 00:00:00-05:00,4.150000095367432,4.239999771118164,3.9600000381469727,4.150000095367432,116900,0.0,0.0
2022-11-23 00:00:00-05:00,4.150000095367432,4.21999979019165,4.019999980926514,4.150000095367432,64400,0.0,0.0
2022-11-25 00:00:00-05:00,4.079999923706055,4.230000019073486,4.03000020980835,4.139999866485596,27700,0.0,0.0
2022-11-28 00:00:00-05:00,4.099999904632568,4.329999923706055,3.950000047683716,3.990000009536743,154800,0.0,0.0
2022-11-29 00:00:00-05:00,4.050000190734863,4.059999942779541,3.7899999618530273,3.8299999237060547,82700,0.0,0.0
2022-11-30 00:00:00-05:00,3.8499999046325684,4.01200008392334,3.8499999046325684,3.9600000381469727,77200,0.0,0.0
2022-12-01 00:00:00-05:00,3.9600000381469727,4.179999828338623,3.8499999046325684,3.950000047683716,102800,0.0,0.0
2022-12-02 00:00:00-05:00,3.880000114440918,4.045000076293945,3.8399999141693115,4.0,101500,0.0,0.0
2022-12-05 00:00:00-05:00,3.990000009536743,4.010000228881836,3.819999933242798,3.8299999237060547,96300,0.0,0.0
2022-12-06 00:00:00-05:00,3.819999933242798,3.819999933242798,3.369999885559082,3.4100000858306885,191800,0.0,0.0
2022-12-07 00:00:00-05:00,3.380000114440918,3.490000009536743,3.3450000286102295,3.4600000381469727,64500,0.0,0.0
2022-12-08 00:00:00-05:00,3.5,3.5,3.319999933242798,3.4200000762939453,69300,0.0,0.0
2022-12-09 00:00:00-05:00,3.440000057220459,3.6600000858306885,3.3399999141693115,3.569999933242798,112200,0.0,0.0
2022-12-12 00:00:00-05:00,3.680000066757202,3.7899999618530273,3.509999990463257,3.75,132700,0.0,0.0
2022-12-13 00:00:00-05:00,3.799999952316284,3.9600000381469727,3.700000047683716,3.8399999141693115,117300,0.0,0.0
2022-12-14 00:00:00-05:00,3.809999942779541,3.8299999237060547,3.680000066757202,3.700000047683716,101200,0.0,0.0
2022-12-15 00:00:00-05:00,3.6700000762939453,3.700000047683716,3.549999952316284,3.619999885559082,56200,0.0,0.0
2022-12-16 00:00:00-05:00,3.5899999141693115,3.6050000190734863,3.3399999141693115,3.3399999141693115,315900,0.0,0.0
2022-12-19 00:00:00-05:00,3.359999895095825,3.359999895095825,3.069999933242798,3.0799999237060547,124500,0.0,0.0
2022-12-20 00:00:00-05:00,3.059999942779541,3.1700000762939453,3.0199999809265137,3.0299999713897705,73600,0.0,0.0
2022-12-21 00:00:00-05:00,3.049999952316284,3.200000047683716,3.049999952316284,3.0999999046325684,81000,0.0,0.0
2022-12-22 00:00:00-05:00,3.069999933242798,3.2300000190734863,3.059999942779541,3.190000057220459,88500,0.0,0.0
2022-12-23 00:00:00-05:00,3.130000114440918,3.2990000247955322,3.109999895095825,3.2200000286102295,58200,0.0,0.0
2022-12-27 00:00:00-05:00,3.190000057220459,3.312000036239624,3.0899999141693115,3.119999885559082,84600,0.0,0.0
2022-12-28 00:00:00-05:00,3.0999999046325684,3.359999895095825,3.0799999237060547,3.200000047683716,83200,0.0,0.0
2022-12-29 00:00:00-05:00,3.2100000381469727,3.430000066757202,3.1530001163482666,3.4100000858306885,103200,0.0,0.0
2022-12-30 00:00:00-05:00,3.359999895095825,3.5999999046325684,3.3299999237060547,3.5899999141693115,92200,0.0,0.0
2023-01-03 00:00:00-05:00,3.5899999141693115,3.700000047683716,3.5,3.5399999618530273,58100,0.0,0.0
2023-01-04 00:00:00-05:00,3.549999952316284,3.6589999198913574,3.424999952316284,3.490000009536743,48500,0.0,0.0
2023-01-05 00:00:00-05:00,3.4700000286102295,3.559999942779541,3.299999952316284,3.559999942779541,78700,0.0,0.0
2023-01-06 00:00:00-05:00,3.5999999046325684,3.6489999294281006,3.4839999675750732,3.559999942779541,54400,0.0,0.0
2023-01-09 00:00:00-05:00,3.5999999046325684,3.640000104904175,3.4700000286102295,3.5,68000,0.0,0.0
2023-01-10 00:00:00-05:00,3.5299999713897705,3.940000057220459,3.5299999713897705,3.9000000953674316,137500,0.0,0.0
2023-01-11 00:00:00-05:00,3.9700000286102295,4.739999771118164,3.9130001068115234,4.599999904632568,257900,0.0,0.0
2023-01-12 00:00:00-05:00,4.570000171661377,4.869999885559082,4.550000190734863,4.679999828338623,154500,0.0,0.0
2023-01-13 00:00:00-05:00,4.710000038146973,4.952000141143799,4.690000057220459,4.769999980926514,114600,0.0,0.0
2023-01-17 00:00:00-05:00,4.900000095367432,4.900000095367432,4.510000228881836,4.53000020980835,129900,0.0,0.0
2023-01-18 00:00:00-05:00,4.539999961853027,4.699999809265137,4.300000190734863,4.360000133514404,116000,0.0,0.0
2023-01-19 00:00:00-05:00,4.320000171661377,4.53000020980835,4.310999870300293,4.449999809265137,43200,0.0,0.0
2023-01-20 00:00:00-05:00,4.46999979019165,4.531000137329102,4.389999866485596,4.460000038146973,68100,0.0,0.0
2023-01-23 00:00:00-05:00,4.539999961853027,4.590000152587891,4.480000019073486,4.5,48400,0.0,0.0
2023-01-24 00:00:00-05:00,4.400000095367432,4.5,4.349999904632568,4.369999885559082,34900,0.0,0.0
2023-01-25 00:00:00-05:00,4.360000133514404,4.46999979019165,4.260000228881836,4.440000057220459,39800,0.0,0.0
2023-01-26 00:00:00-05:00,4.570000171661377,4.679999828338623,4.090000152587891,4.420000076293945,794200,0.0,0.0
2023-01-27 00:00:00-05:00,4.440000057220459,4.590000152587891,4.369999885559082,4.5,91000,0.0,0.0
2023-01-30 00:00:00-05:00,4.400000095367432,4.980000019073486,4.380000114440918,4.849999904632568,236700,0.0,0.0
2023-01-31 00:00:00-05:00,4.840000152587891,5.389999866485596,4.840000152587891,5.110000133514404,270100,0.0,0.0
2023-02-01 00:00:00-05:00,5.050000190734863,5.670000076293945,5.050000190734863,5.320000171661377,222800,0.0,0.0
2023-02-02 00:00:00-05:00,5.5,5.611000061035156,4.809999942779541,5.119999885559082,265400,0.0,0.0
2023-02-03 00:00:00-05:00,5.119999885559082,5.539999961853027,5.0,5.050000190734863,175000,0.0,0.0
2023-02-06 00:00:00-05:00,5.099999904632568,5.199999809265137,4.829999923706055,4.929999828338623,123300,0.0,0.0
2023-02-07 00:00:00-05:00,4.929999828338623,4.96999979019165,4.630000114440918,4.820000171661377,122200,0.0,0.0
2023-02-08 00:00:00-05:00,4.820000171661377,4.864999771118164,4.599999904632568,4.730000019073486,153300,0.0,0.0
2023-02-09 00:00:00-05:00,4.769999980926514,4.860000133514404,4.360000133514404,4.369999885559082,125600,0.0,0.0
2023-02-10 00:00:00-05:00,4.389999866485596,4.449999809265137,4.210000038146973,4.25,72500,0.0,0.0
2023-02-13 00:00:00-05:00,4.25,4.309999942779541,4.119999885559082,4.199999809265137,61700,0.0,0.0
2023-02-14 00:00:00-05:00,4.179999828338623,4.260000228881836,3.950000047683716,4.079999923706055,116000,0.0,0.0
2023-02-15 00:00:00-05:00,4.079999923706055,4.359000205993652,3.9700000286102295,4.139999866485596,74900,0.0,0.0
2023-02-16 00:00:00-05:00,4.090000152587891,4.179999828338623,4.010000228881836,4.019999980926514,54300,0.0,0.0
2023-02-17 00:00:00-05:00,4.03000020980835,4.159999847412109,3.950000047683716,4.090000152587891,109400,0.0,0.0
2023-02-21 00:00:00-05:00,4.099999904632568,4.199999809265137,3.950000047683716,4.03000020980835,70500,0.0,0.0
2023-02-22 00:00:00-05:00,4.079999923706055,4.079999923706055,3.7899999618530273,3.950000047683716,118000,0.0,0.0
2023-02-23 00:00:00-05:00,3.9600000381469727,3.9800000190734863,3.7100000381469727,3.859999895095825,101300,0.0,0.0
2023-02-24 00:00:00-05:00,3.7899999618530273,3.819999933242798,3.609999895095825,3.6700000762939453,68700,0.0,0.0
2023-02-27 00:00:00-05:00,3.759999990463257,3.759999990463257,3.5,3.5999999046325684,104800,0.0,0.0
2023-02-28 00:00:00-05:00,3.609999895095825,3.759999990463257,3.5199999809265137,3.759999990463257,86500,0.0,0.0
2023-03-01 00:00:00-05:00,3.7200000286102295,3.859999895095825,3.5999999046325684,3.6600000858306885,95100,0.0,0.0
2023-03-02 00:00:00-05:00,3.799999952316284,3.9000000953674316,3.549999952316284,3.759999990463257,131800,0.0,0.0
2023-03-03 00:00:00-05:00,3.7200000286102295,3.930000066757202,3.609999895095825,3.930000066757202,150100,0.0,0.0
2023-03-06 00:00:00-05:00,3.930000066757202,3.9800000190734863,3.7079999446868896,3.940000057220459,125100,0.0,0.0
2023-03-07 00:00:00-05:00,3.9200000762939453,4.070000171661377,3.880000114440918,4.019999980926514,88000,0.0,0.0
2023-03-08 00:00:00-05:00,4.03000020980835,4.059999942779541,3.9100000858306885,3.9600000381469727,44300,0.0,0.0
2023-03-09 00:00:00-05:00,4.010000228881836,4.010000228881836,3.569999933242798,3.609999895095825,62300,0.0,0.0
2023-03-10 00:00:00-05:00,3.5899999141693115,3.619999885559082,2.880000114440918,3.130000114440918,564000,0.0,0.0
2023-03-13 00:00:00-04:00,3.069999933242798,3.4000000953674316,3.069999933242798,3.2899999618530273,212600,0.0,0.0
2023-03-14 00:00:00-04:00,3.299999952316284,3.3450000286102295,2.9600000381469727,3.0199999809265137,252200,0.0,0.0
2023-03-15 00:00:00-04:00,3.0399999618530273,3.180000066757202,3.0,3.0899999141693115,209200,0.0,0.0
2023-03-16 00:00:00-04:00,3.0399999618530273,3.049999952316284,2.890000104904175,2.9800000190734863,177600,0.0,0.0
2023-03-17 00:00:00-04:00,2.9600000381469727,2.9700000286102295,2.819999933242798,2.819999933242798,285900,0.0,0.0
2023-03-20 00:00:00-04:00,2.8399999141693115,2.8399999141693115,2.6700000762939453,2.7100000381469727,114400,0.0,0.0
2023-03-21 00:00:00-04:00,2.7200000286102295,2.890000104904175,2.7200000286102295,2.8299999237060547,102900,0.0,0.0
2023-03-22 00:00:00-04:00,2.859999895095825,2.9649999141693115,2.7699999809265137,2.8299999237060547,87400,0.0,0.0
2023-03-23 00:00:00-04:00,2.869999885559082,2.950000047683716,2.75,2.809999942779541,78700,0.0,0.0
2023-03-24 00:00:00-04:00,2.799999952316284,2.809999942779541,2.7200000286102295,2.740000009536743,47000,0.0,0.0
2023-03-27 00:00:00-04:00,2.819999933242798,2.819999933242798,2.6700000762939453,2.7699999809265137,47200,0.0,0.0
2023-03-28 00:00:00-04:00,2.7300000190734863,2.799999952316284,2.700000047683716,2.700000047683716,57200,0.0,0.0
2023-03-29 00:00:00-04:00,2.7699999809265137,2.7899999618530273,2.7100000381469727,2.7899999618530273,30200,0.0,0.0
2023-03-30 00:00:00-04:00,2.8399999141693115,2.8399999141693115,2.680000066757202,2.7200000286102295,58900,0.0,0.0
2023-03-31 00:00:00-04:00,2.7100000381469727,2.7200000286102295,2.5799999237060547,2.6700000762939453,116700,0.0,0.0
2023-04-03 00:00:00-04:00,2.5799999237060547,2.6700000762939453,2.5399999618530273,2.559999942779541,126600,0.0,0.0
2023-04-04 00:00:00-04:00,2.569999933242798,2.6600000858306885,2.549999952316284,2.6500000953674316,96900,0.0,0.0
2023-04-05 00:00:00-04:00,2.6500000953674316,2.6500000953674316,2.5199999809265137,2.559999942779541,56500,0.0,0.0
2023-04-06 00:00:00-04:00,2.569999933242798,2.5799999237060547,2.4200000762939453,2.505000114440918,125700,0.0,0.0
2023-04-10 00:00:00-04:00,2.5799999237060547,2.5899999141693115,2.5199999809265137,2.5899999141693115,49000,0.0,0.0
2023-04-11 00:00:00-04:00,2.5999999046325684,2.8299999237060547,2.5999999046325684,2.7100000381469727,127800,0.0,0.0
2023-04-12 00:00:00-04:00,2.7300000190734863,2.7899999618530273,2.5999999046325684,2.619999885559082,47000,0.0,0.0
2023-04-13 00:00:00-04:00,2.6500000953674316,2.7899999618530273,2.6500000953674316,2.7699999809265137,66400,0.0,0.0
2023-04-14 00:00:00-04:00,2.7799999713897705,2.8499999046325684,2.680000066757202,2.700000047683716,74200,0.0,0.0
2023-04-17 00:00:00-04:00,2.700000047683716,2.819999933242798,2.5899999141693115,2.5899999141693115,160700,0.0,0.0
2023-04-18 00:00:00-04:00,2.6600000858306885,2.700000047683716,2.5899999141693115,2.690000057220459,65100,0.0,0.0
2023-04-19 00:00:00-04:00,2.7200000286102295,2.759999990463257,2.6500000953674316,2.680000066757202,79400,0.0,0.0
2023-04-20 00:00:00-04:00,2.630000114440918,2.630000114440918,2.5299999713897705,2.609999895095825,100100,0.0,0.0
2023-04-21 00:00:00-04:00,2.630000114440918,2.7200000286102295,2.5799999237060547,2.6700000762939453,50700,0.0,0.0
2023-04-24 00:00:00-04:00,2.680000066757202,2.8299999237060547,2.6700000762939453,2.819999933242798,69800,0.0,0.0
2023-04-25 00:00:00-04:00,2.7699999809265137,3.049999952316284,2.75,3.0,143900,0.0,0.0
2023-04-26 00:00:00-04:00,3.0399999618530273,3.180000066757202,2.950000047683716,3.1500000953674316,197500,0.0,0.0
2023-04-27 00:00:00-04:00,3.1700000762939453,3.1700000762939453,2.9700000286102295,2.990000009536743,94600,0.0,0.0
2023-04-28 00:00:00-04:00,3.0199999809265137,3.180000066757202,2.984999895095825,3.180000066757202,98100,0.0,0.0
2023-05-01 00:00:00-04:00,3.180000066757202,3.2980000972747803,3.1429998874664307,3.240000009536743,76000,0.0,0.0
2023-05-02 00:00:00-04:00,3.069999933242798,3.1519999504089355,2.950000047683716,2.950000047683716,76900,0.0,0.0
2023-05-03 00:00:00-04:00,2.950000047683716,3.052000045776367,2.950000047683716,2.990000009536743,30400,0.0,0.0
2023-05-04 00:00:00-04:00,3.0,3.1600000858306885,2.9619998931884766,3.119999885559082,66200,0.0,0.0
2023-05-05 00:00:00-04:00,3.200000047683716,3.25,3.124000072479248,3.1500000953674316,41000,0.0,0.0
2023-05-08 00:00:00-04:00,3.140000104904175,3.140000104904175,3.0199999809265137,3.0299999713897705,28600,0.0,0.0
2023-05-09 00:00:00-04:00,3.0299999713897705,3.1500000953674316,3.0299999713897705,3.109999895095825,36000,0.0,0.0
2023-05-10 00:00:00-04:00,3.109999895095825,3.5980000495910645,3.109999895095825,3.430000066757202,224200,0.0,0.0
2023-05-11 00:00:00-04:00,3.4600000381469727,3.5899999141693115,3.319999933242798,3.319999933242798,112400,0.0,0.0
2023-05-12 00:00:00-04:00,3.319999933242798,3.5,3.2720000743865967,3.4600000381469727,69500,0.0,0.0
2023-05-15 00:00:00-04:00,3.4600000381469727,3.799999952316284,3.440000057220459,3.759999990463257,153300,0.0,0.0
2023-05-16 00:00:00-04:00,3.7699999809265137,3.8299999237060547,3.6500000953674316,3.819999933242798,80900,0.0,0.0
2023-05-17 00:00:00-04:00,3.869999885559082,4.099999904632568,3.809999942779541,4.079999923706055,142800,0.0,0.0
2023-05-18 00:00:00-04:00,4.050000190734863,4.090000152587891,3.740000009536743,3.869999885559082,103000,0.0,0.0
2023-05-19 00:00:00-04:00,3.880000114440918,4.061999797821045,3.880000114440918,4.0,116000,0.0,0.0
2023-05-22 00:00:00-04:00,4.0,4.070000171661377,3.8399999141693115,3.9000000953674316,85300,0.0,0.0
2023-05-23 00:00:00-04:00,3.859999895095825,4.010000228881836,3.859999895095825,3.950000047683716,76300,0.0,0.0
2023-05-24 00:00:00-04:00,3.9100000858306885,3.9700000286102295,3.9000000953674316,3.950000047683716,69800,0.0,0.0
2023-05-25 00:00:00-04:00,3.940000057220459,3.940000057220459,3.740000009536743,3.75,115400,0.0,0.0
2023-05-26 00:00:00-04:00,3.75,3.799999952316284,3.630000114440918,3.700000047683716,93900,0.0,0.0
2023-05-30 00:00:00-04:00,3.75,3.8399999141693115,3.6549999713897705,3.75,53400,0.0,0.0
2023-05-31 00:00:00-04:00,3.7799999713897705,4.0,3.5299999713897705,3.8499999046325684,89100,0.0,0.0
2023-06-01 00:00:00-04:00,3.809999942779541,3.880000114440918,3.5899999141693115,3.700000047683716,66100,0.0,0.0
2023-06-02 00:00:00-04:00,3.75,3.809999942779541,3.6700000762939453,3.7300000190734863,25800,0.0,0.0
2023-06-05 00:00:00-04:00,3.7300000190734863,3.8399999141693115,3.6700000762939453,3.700000047683716,37600,0.0,0.0
2023-06-06 00:00:00-04:00,3.690000057220459,3.7799999713897705,3.6589999198913574,3.740000009536743,41200,0.0,0.0
2023-06-07 00:00:00-04:00,3.7799999713897705,3.7799999713897705,3.5,3.5399999618530273,54800,0.0,0.0
2023-06-08 00:00:00-04:00,3.5399999618530273,3.634000062942505,3.430000066757202,3.490000009536743,32000,0.0,0.0
2023-06-09 00:00:00-04:00,3.5,3.5799999237060547,3.4200000762939453,3.549999952316284,46900,0.0,0.0
2023-06-12 00:00:00-04:00,3.619999885559082,3.740000009536743,3.5,3.5299999713897705,52800,0.0,0.0
2023-06-13 00:00:00-04:00,3.559999942779541,3.619999885559082,3.430000066757202,3.509999990463257,59200,0.0,0.0
2023-06-14 00:00:00-04:00,3.5199999809265137,3.609999895095825,3.299999952316284,3.3399999141693115,90100,0.0,0.0
2023-06-15 00:00:00-04:00,3.3399999141693115,3.3499999046325684,3.2100000381469727,3.240000009536743,52200,0.0,0.0
2023-06-16 00:00:00-04:00,3.25,3.299999952316284,3.0999999046325684,3.180000066757202,186200,0.0,0.0
2023-06-20 00:00:00-04:00,3.1600000858306885,3.315000057220459,3.069999933242798,3.0999999046325684,54800,0.0,0.0
2023-06-21 00:00:00-04:00,3.0899999141693115,3.0899999141693115,3.010999917984009,3.049999952316284,36300,0.0,0.0
2023-06-22 00:00:00-04:00,3.049999952316284,3.131999969482422,2.9200000762939453,2.9200000762939453,80000,0.0,0.0
2023-06-23 00:00:00-04:00,2.9200000762939453,2.9549999237060547,2.740000009536743,2.880000114440918,152700,0.0,0.0
2023-06-26 00:00:00-04:00,2.9100000858306885,2.9809999465942383,2.9000000953674316,2.930000066757202,56700,0.0,0.0
2023-06-27 00:00:00-04:00,2.930000066757202,2.990000009536743,2.8299999237060547,2.8299999237060547,93000,0.0,0.0
2023-06-28 00:00:00-04:00,2.8399999141693115,2.9100000858306885,2.7200000286102295,2.9000000953674316,50700,0.0,0.0
2023-06-29 00:00:00-04:00,2.890000104904175,3.059999942779541,2.890000104904175,3.059999942779541,67100,0.0,0.0
2023-06-30 00:00:00-04:00,3.059999942779541,3.1600000858306885,2.9600000381469727,3.1500000953674316,88700,0.0,0.0
2023-07-03 00:00:00-04:00,3.0999999046325684,3.140000104904175,3.0199999809265137,3.0299999713897705,35100,0.0,0.0
2023-07-05 00:00:00-04:00,3.0799999237060547,3.0799999237060547,2.9600000381469727,3.0,44800,0.0,0.0
2023-07-06 00:00:00-04:00,2.990000009536743,2.990000009536743,2.880000114440918,2.930000066757202,21500,0.0,0.0
2023-07-07 00:00:00-04:00,2.9100000858306885,3.009999990463257,2.869999885559082,3.009999990463257,60400,0.0,0.0
2023-07-10 00:00:00-04:00,3.0,3.069999933242798,2.990000009536743,3.0299999713897705,25600,0.0,0.0
2023-07-11 00:00:00-04:00,3.0399999618530273,3.25,3.0369999408721924,3.25,44100,0.0,0.0
2023-07-12 00:00:00-04:00,3.2799999713897705,3.369999885559082,3.180000066757202,3.240000009536743,41700,0.0,0.0
2023-07-13 00:00:00-04:00,3.2699999809265137,3.4000000953674316,3.240000009536743,3.4000000953674316,70900,0.0,0.0
2023-07-14 00:00:00-04:00,3.380000114440918,3.450000047683716,3.2799999713897705,3.3499999046325684,44300,0.0,0.0
2023-07-17 00:00:00-04:00,3.3499999046325684,3.5739998817443848,3.309999942779541,3.5199999809265137,58000,0.0,0.0
2023-07-18 00:00:00-04:00,3.509999990463257,3.5999999046325684,3.4100000858306885,3.569999933242798,64800,0.0,0.0
2023-07-19 00:00:00-04:00,3.5799999237060547,3.5999999046325684,3.440000057220459,3.5,85900,0.0,0.0
2023-07-20 00:00:00-04:00,3.5199999809265137,3.690000057220459,3.490000009536743,3.5299999713897705,98000,0.0,0.0
2023-07-21 00:00:00-04:00,3.5299999713897705,3.630000114440918,3.4700000286102295,3.5,48400,0.0,0.0
2023-07-24 00:00:00-04:00,3.369999885559082,3.5,3.200000047683716,3.4600000381469727,140800,0.0,0.0
2023-07-25 00:00:00-04:00,3.369999885559082,3.5299999713897705,3.369999885559082,3.5199999809265137,125800,0.0,0.0
2023-07-26 00:00:00-04:00,3.5199999809265137,3.559999942779541,3.450000047683716,3.490000009536743,37000,0.0,0.0
2023-07-27 00:00:00-04:00,3.4800000190734863,3.5,3.3499999046325684,3.4000000953674316,43900,0.0,0.0
2023-07-28 00:00:00-04:00,3.490000009536743,3.799999952316284,3.490000009536743,3.759999990463257,133900,0.0,0.0
2023-07-31 00:00:00-04:00,3.799999952316284,4.090000152587891,3.7699999809265137,3.9800000190734863,135800,0.0,0.0
2023-08-01 00:00:00-04:00,4.0,4.0,3.799999952316284,3.940000057220459,45100,0.0,0.0
2023-08-02 00:00:00-04:00,3.9000000953674316,3.937000036239624,3.759999990463257,3.7899999618530273,39400,0.0,0.0
2023-08-03 00:00:00-04:00,3.7200000286102295,3.9000000953674316,3.680000066757202,3.880000114440918,50000,0.0,0.0
2023-08-04 00:00:00-04:00,3.9200000762939453,3.950000047683716,3.569999933242798,3.6500000953674316,47300,0.0,0.0
2023-08-07 00:00:00-04:00,3.6600000858306885,3.740000009536743,3.559999942779541,3.680000066757202,48500,0.0,0.0
2023-08-08 00:00:00-04:00,3.5399999618530273,3.700000047683716,3.5299999713897705,3.6600000858306885,50300,0.0,0.0
2023-08-09 00:00:00-04:00,3.640000104904175,3.799999952316284,3.5999999046325684,3.7300000190734863,56600,0.0,0.0
2023-08-10 00:00:00-04:00,3.75,3.8889999389648438,3.700000047683716,3.759999990463257,35000,0.0,0.0
2023-08-11 00:00:00-04:00,3.759999990463257,3.8499999046325684,3.7100000381469727,3.819999933242798,29200,0.0,0.0
2023-08-14 00:00:00-04:00,3.809999942779541,3.9600000381469727,3.7699999809265137,3.9200000762939453,49700,0.0,0.0
2023-08-15 00:00:00-04:00,3.9000000953674316,4.03000020980835,3.7100000381469727,3.809999942779541,68600,0.0,0.0
2023-08-16 00:00:00-04:00,4.0,4.199999809265137,4.0,4.119999885559082,179500,0.0,0.0
2023-08-17 00:00:00-04:00,4.090000152587891,4.170000076293945,4.0,4.070000171661377,49700,0.0,0.0
2023-08-18 00:00:00-04:00,4.039999961853027,4.150000095367432,4.039999961853027,4.059999942779541,38100,0.0,0.0
2023-08-21 00:00:00-04:00,4.070000171661377,4.070000171661377,4.0,4.0,36200,0.0,0.0
2023-08-22 00:00:00-04:00,4.019999980926514,4.078999996185303,4.0,4.019999980926514,152300,0.0,0.0
2023-08-23 00:00:00-04:00,4.059999942779541,4.179999828338623,4.0,4.03000020980835,36400,0.0,0.0
2023-08-24 00:00:00-04:00,4.0,4.090000152587891,4.0,4.050000190734863,62200,0.0,0.0
2023-08-25 00:00:00-04:00,4.03000020980835,4.09499979019165,4.0,4.0,38800,0.0,0.0
2023-08-28 00:00:00-04:00,4.010000228881836,4.039999961853027,3.859999895095825,4.0,36600,0.0,0.0
2023-08-29 00:00:00-04:00,3.9800000190734863,3.9800000190734863,3.890000104904175,3.890000104904175,14500,0.0,0.0
2023-08-30 00:00:00-04:00,3.880000114440918,3.9000000953674316,3.7799999713897705,3.8399999141693115,30500,0.0,0.0
2023-08-31 00:00:00-04:00,3.8499999046325684,3.950000047683716,3.740000009536743,3.9000000953674316,25700,0.0,0.0
2023-09-01 00:00:00-04:00,3.9000000953674316,3.950000047683716,3.869999885559082,3.880000114440918,17300,0.0,0.0
2023-09-05 00:00:00-04:00,3.799999952316284,3.990000009536743,3.7799999713897705,3.940000057220459,51600,0.0,0.0
2023-09-06 00:00:00-04:00,3.940000057220459,3.9749999046325684,3.86899995803833,3.9100000858306885,21800,0.0,0.0
2023-09-07 00:00:00-04:00,3.9000000953674316,3.950000047683716,3.809999942779541,3.869999885559082,65900,0.0,0.0
2023-09-08 00:00:00-04:00,3.859999895095825,3.9100000858306885,3.6600000858306885,3.8499999046325684,51000,0.0,0.0
2023-09-11 00:00:00-04:00,3.8299999237060547,3.950000047683716,3.7799999713897705,3.950000047683716,49500,0.0,0.0
2023-09-12 00:00:00-04:00,3.950000047683716,3.9700000286102295,3.8399999141693115,3.9700000286102295,57100,0.0,0.0
2023-09-13 00:00:00-04:00,3.940000057220459,4.010000228881836,3.9010000228881836,3.940000057220459,49700,0.0,0.0
2023-09-14 00:00:00-04:00,3.940000057220459,3.9820001125335693,3.75,3.9200000762939453,50700,0.0,0.0
2023-09-15 00:00:00-04:00,3.869999885559082,3.930000066757202,3.7100000381469727,3.930000066757202,107000,0.0,0.0
2023-09-18 00:00:00-04:00,3.880000114440918,3.940000057220459,3.8499999046325684,3.9000000953674316,67700,0.0,0.0
2023-09-19 00:00:00-04:00,3.9200000762939453,3.950000047683716,3.8499999046325684,3.890000104904175,47800,0.0,0.0
2023-09-20 00:00:00-04:00,3.890000104904175,3.950000047683716,3.7799999713897705,3.9200000762939453,132900,0.0,0.0
2023-09-21 00:00:00-04:00,3.890000104904175,3.9600000381469727,3.819999933242798,3.950000047683716,127100,0.0,0.0
2023-09-22 00:00:00-04:00,3.930000066757202,4.03000020980835,3.890000104904175,3.9800000190734863,42800,0.0,0.0
2023-09-25 00:00:00-04:00,3.940000057220459,4.0,3.880000114440918,4.0,74200,0.0,0.0
2023-09-26 00:00:00-04:00,3.9560000896453857,3.990999937057495,3.890000104904175,3.9200000762939453,39600,0.0,0.0
2023-09-27 00:00:00-04:00,3.9000000953674316,4.0,3.859999895095825,3.9800000190734863,41400,0.0,0.0
2023-09-28 00:00:00-04:00,3.9700000286102295,3.9800000190734863,3.9000000953674316,3.9800000190734863,41800,0.0,0.0
2023-09-29 00:00:00-04:00,3.940000057220459,3.9600000381469727,3.8580000400543213,3.950000047683716,41000,0.0,0.0
2023-10-02 00:00:00-04:00,3.799999952316284,3.799999952316284,3.1500000953674316,3.2100000381469727,130700,0.0,0.0
2023-10-03 00:00:00-04:00,3.190000057220459,3.25,2.799999952316284,2.799999952316284,99200,0.0,0.0
2023-10-04 00:00:00-04:00,2.8299999237060547,3.0299999713897705,2.799999952316284,2.990000009536743,48000,0.0,0.0
2023-10-05 00:00:00-04:00,2.9800000190734863,3.128999948501587,2.9769999980926514,3.009999990463257,19400,0.0,0.0
2023-10-06 00:00:00-04:00,3.0220000743865967,3.0799999237060547,2.934999942779541,3.0399999618530273,28800,0.0,0.0
2023-10-09 00:00:00-04:00,3.109999895095825,3.109999895095825,2.819999933242798,2.859999895095825,28400,0.0,0.0
2023-10-10 00:00:00-04:00,2.880000114440918,2.990000009536743,2.809999942779541,2.8499999046325684,15700,0.0,0.0
2023-10-11 00:00:00-04:00,2.859999895095825,2.859999895095825,2.75,2.809999942779541,45400,0.0,0.0
2023-10-12 00:00:00-04:00,2.799999952316284,2.8299999237060547,2.559999942779541,2.6600000858306885,49600,0.0,0.0
2023-10-13 00:00:00-04:00,2.7100000381469727,2.7100000381469727,2.5399999618530273,2.5899999141693115,30000,0.0,0.0
2023-10-16 00:00:00-04:00,2.380000114440918,2.4200000762939453,2.1700000762939453,2.25,148400,0.0,0.0
2023-10-17 00:00:00-04:00,2.309999942779541,2.359999895095825,2.2699999809265137,2.2699999809265137,40500,0.0,0.0
2023-10-18 00:00:00-04:00,2.299999952316284,2.299999952316284,2.130000114440918,2.130000114440918,50000,0.0,0.0
2023-10-19 00:00:00-04:00,2.0999999046325684,2.190000057220459,2.0899999141693115,2.130000114440918,26800,0.0,0.0
2023-10-20 00:00:00-04:00,2.180000066757202,2.2760000228881836,2.13100004196167,2.2100000381469727,45500,0.0,0.0
2023-10-23 00:00:00-04:00,2.299999952316284,2.3299999237060547,2.190000057220459,2.2100000381469727,40900,0.0,0.0
2023-10-24 00:00:00-04:00,2.2699999809265137,2.3299999237060547,2.1500000953674316,2.190000057220459,57900,0.0,0.0
2023-10-25 00:00:00-04:00,2.119999885559082,2.450000047683716,2.119999885559082,2.3399999141693115,105600,0.0,0.0
2023-10-26 00:00:00-04:00,2.359999895095825,2.5799999237060547,2.359999895095825,2.5399999618530273,51000,0.0,0.0
2023-10-27 00:00:00-04:00,2.5899999141693115,2.5959999561309814,2.444999933242798,2.5199999809265137,34000,0.0,0.0
2023-10-30 00:00:00-04:00,2.5199999809265137,2.5299999713897705,2.369999885559082,2.5,56900,0.0,0.0
2023-10-31 00:00:00-04:00,2.4760000705718994,2.5199999809265137,2.440000057220459,2.490000009536743,35700,0.0,0.0
2023-11-01 00:00:00-04:00,2.2100000381469727,2.437000036239624,2.2100000381469727,2.390000104904175,178400,0.0,0.0
2023-11-02 00:00:00-04:00,2.4100000858306885,2.5299999713897705,2.309999942779541,2.359999895095825,49600,0.0,0.0
2023-11-03 00:00:00-04:00,2.430000066757202,2.5299999713897705,2.359999895095825,2.4800000190734863,49500,0.0,0.0
2023-11-06 00:00:00-05:00,2.4700000286102295,2.819999933242798,2.4700000286102295,2.799999952316284,102900,0.0,0.0
2023-11-07 00:00:00-05:00,2.859999895095825,2.990000009536743,2.819999933242798,2.950000047683716,61800,0.0,0.0
2023-11-08 00:00:00-05:00,2.950000047683716,3.119999885559082,2.9010000228881836,2.9800000190734863,60900,0.0,0.0
2023-11-09 00:00:00-05:00,2.950000047683716,2.9700000286102295,2.680000066757202,2.8499999046325684,104000,0.0,0.0
2023-11-10 00:00:00-05:00,2.8269999027252197,2.8499999046325684,2.6429998874664307,2.799999952316284,54100,0.0,0.0
2023-11-13 00:00:00-05:00,2.7200000286102295,2.799999952316284,2.6500000953674316,2.690000057220459,43200,0.0,0.0
2023-11-14 00:00:00-05:00,2.549999952316284,2.7200000286102295,2.5299999713897705,2.7200000286102295,44800,0.0,0.0
2023-11-15 00:00:00-05:00,2.700000047683716,3.0899999141693115,2.6700000762939453,3.0399999618530273,136600,0.0,0.0
2023-11-16 00:00:00-05:00,3.009999990463257,3.240000009536743,2.990000009536743,3.0,86400,0.0,0.0
2023-11-17 00:00:00-05:00,3.0299999713897705,3.115999937057495,2.9600000381469727,2.9800000190734863,66100,0.0,0.0
2023-11-20 00:00:00-05:00,2.9000000953674316,2.950000047683716,2.809999942779541,2.869999885559082,40900,0.0,0.0
2023-11-21 00:00:00-05:00,2.809999942779541,2.9800000190734863,2.76200008392334,2.9000000953674316,44300,0.0,0.0
2023-11-22 00:00:00-05:00,2.880000114440918,2.9570000171661377,2.700000047683716,2.700000047683716,46600,0.0,0.0
2023-11-24 00:00:00-05:00,2.7899999618530273,2.859999895095825,2.7300000190734863,2.799999952316284,23500,0.0,0.0
2023-11-27 00:00:00-05:00,2.7699999809265137,2.819999933242798,2.640000104904175,2.640000104904175,51000,0.0,0.0
2023-11-28 00:00:00-05:00,2.640000104904175,2.700000047683716,2.559999942779541,2.5899999141693115,58700,0.0,0.0
2023-11-29 00:00:00-05:00,2.5899999141693115,2.7699999809265137,2.5799999237060547,2.75,115500,0.0,0.0
2023-11-30 00:00:00-05:00,2.740000009536743,2.8399999141693115,2.630000114440918,2.75,123300,0.0,0.0
2023-12-01 00:00:00-05:00,2.700000047683716,2.8499999046325684,2.5199999809265137,2.6600000858306885,85400,0.0,0.0
2023-12-04 00:00:00-05:00,2.6700000762939453,2.9600000381469727,2.4700000286102295,2.869999885559082,236200,0.0,0.0
2023-12-05 00:00:00-05:00,2.8399999141693115,2.9130001068115234,2.76200008392334,2.819999933242798,34800,0.0,0.0
2023-12-06 00:00:00-05:00,2.880000114440918,4.639999866485596,2.880000114440918,4.019999980926514,4420200,0.0,0.0
2023-12-07 00:00:00-05:00,4.0,4.900000095367432,3.930000066757202,4.659999847412109,889800,0.0,0.0
2023-12-08 00:00:00-05:00,4.570000171661377,4.650000095367432,4.050000190734863,4.139999866485596,333900,0.0,0.0
2023-12-11 00:00:00-05:00,4.150000095367432,4.690000057220459,4.099999904632568,4.690000057220459,253100,0.0,0.0
2023-12-12 00:00:00-05:00,4.610000133514404,5.300000190734863,4.554999828338623,4.909999847412109,609100,0.0,0.0
2023-12-13 00:00:00-05:00,4.800000190734863,4.889999866485596,4.289999961853027,4.389999866485596,261200,0.0,0.0
2023-12-14 00:00:00-05:00,4.440000057220459,4.61899995803833,4.324999809265137,4.329999923706055,108200,0.0,0.0
2023-12-15 00:00:00-05:00,4.340000152587891,4.480000019073486,4.050000190734863,4.159999847412109,325200,0.0,0.0
2023-12-18 00:00:00-05:00,4.21999979019165,4.389999866485596,4.119999885559082,4.300000190734863,70100,0.0,0.0
2023-12-19 00:00:00-05:00,4.409999847412109,5.659999847412109,4.409999847412109,5.630000114440918,738000,0.0,0.0
2023-12-20 00:00:00-05:00,5.559999942779541,5.71999979019165,4.980000019073486,5.449999809265137,396100,0.0,0.0
2023-12-21 00:00:00-05:00,5.429999828338623,5.900000095367432,5.309999942779541,5.78000020980835,209100,0.0,0.0
2023-12-22 00:00:00-05:00,5.800000190734863,7.070000171661377,5.684999942779541,7.03000020980835,685400,0.0,0.0
2023-12-26 00:00:00-05:00,6.230000019073486,7.099999904632568,6.199999809265137,7.0,390000,0.0,0.0
2023-12-27 00:00:00-05:00,7.25,7.400000095367432,7.0,7.309999942779541,334800,0.0,0.0
2023-12-28 00:00:00-05:00,7.369999885559082,7.380000114440918,6.932000160217285,7.199999809265137,303700,0.0,0.0
2023-12-29 00:00:00-05:00,7.239999771118164,8.050000190734863,7.019999980926514,7.789999961853027,502200,0.0,0.0
2024-01-02 00:00:00-05:00,7.639999866485596,8.170000076293945,7.510000228881836,7.840000152587891,429100,0.0,0.0
2024-01-03 00:00:00-05:00,7.559999942779541,7.650000095367432,6.75,7.059999942779541,274800,0.0,0.0
2024-01-04 00:00:00-05:00,7.119999885559082,7.298999786376953,6.639999866485596,6.710000038146973,180100,0.0,0.0
2024-01-05 00:00:00-05:00,6.570000171661377,7.050000190734863,6.239999771118164,6.860000133514404,165900,0.0,0.0
2024-01-08 00:00:00-05:00,7.21999979019165,7.21999979019165,6.699999809265137,6.900000095367432,149900,0.0,0.0
2024-01-09 00:00:00-05:00,6.900000095367432,7.800000190734863,6.679999828338623,7.71999979019165,272900,0.0,0.0
2024-01-10 00:00:00-05:00,7.75,7.980000019073486,6.929999828338623,7.409999847412109,160400,0.0,0.0
2024-01-11 00:00:00-05:00,7.300000190734863,7.670000076293945,7.159999847412109,7.309999942779541,122100,0.0,0.0
2024-01-12 00:00:00-05:00,7.380000114440918,7.510000228881836,7.099999904632568,7.239999771118164,79900,0.0,0.0
2024-01-16 00:00:00-05:00,7.119999885559082,7.349999904632568,6.964000225067139,7.239999771118164,194300,0.0,0.0
2024-01-17 00:00:00-05:00,7.230000019073486,7.260000228881836,6.729000091552734,7.059999942779541,240700,0.0,0.0
2024-01-18 00:00:00-05:00,7.139999866485596,7.139999866485596,6.53000020980835,6.630000114440918,181700,0.0,0.0
2024-01-19 00:00:00-05:00,6.659999847412109,6.909999847412109,6.269999980926514,6.460000038146973,197400,0.0,0.0
2024-01-22 00:00:00-05:00,6.460000038146973,6.934999942779541,6.460000038146973,6.860000133514404,181100,0.0,0.0
2024-01-23 00:00:00-05:00,6.920000076293945,7.209000110626221,6.300000190734863,6.5,606900,0.0,0.0
2024-01-24 00:00:00-05:00,6.550000190734863,6.909999847412109,6.434000015258789,6.630000114440918,199700,0.0,0.0
2024-01-25 00:00:00-05:00,6.610000133514404,6.679999828338623,6.360000133514404,6.610000133514404,149600,0.0,0.0
2024-01-26 00:00:00-05:00,6.630000114440918,6.940000057220459,6.449999809265137,6.869999885559082,128900,0.0,0.0
2024-01-29 00:00:00-05:00,6.909999847412109,7.579999923706055,6.8979997634887695,7.519999980926514,337100,0.0,0.0
2024-01-30 00:00:00-05:00,7.539999961853027,7.690000057220459,6.809999942779541,6.929999828338623,250700,0.0,0.0
2024-01-31 00:00:00-05:00,6.96999979019165,7.650000095367432,6.96999979019165,7.139999866485596,227500,0.0,0.0
2024-02-01 00:00:00-05:00,7.119999885559082,7.236000061035156,7.010000228881836,7.119999885559082,160100,0.0,0.0
2024-02-02 00:00:00-05:00,7.119999885559082,7.699999809265137,7.070000171661377,7.650000095367432,166900,0.0,0.0
2024-02-05 00:00:00-05:00,7.630000114440918,7.630000114440918,7.241000175476074,7.460000038146973,143000,0.0,0.0
2024-02-06 00:00:00-05:00,7.429999828338623,7.880000114440918,7.230000019073486,7.429999828338623,286700,0.0,0.0
2024-02-07 00:00:00-05:00,7.460000038146973,7.460000038146973,7.099999904632568,7.159999847412109,182700,0.0,0.0
2024-02-08 00:00:00-05:00,7.230000019073486,7.230000019073486,6.849999904632568,7.059999942779541,79000,0.0,0.0
2024-02-09 00:00:00-05:00,7.019999980926514,7.400000095367432,7.019999980926514,7.070000171661377,149000,0.0,0.0
2024-02-12 00:00:00-05:00,7.130000114440918,7.320000171661377,6.909999847412109,7.03000020980835,105900,0.0,0.0
2024-02-13 00:00:00-05:00,6.880000114440918,6.942999839782715,6.630000114440918,6.849999904632568,198300,0.0,0.0
2024-02-14 00:00:00-05:00,6.96999979019165,7.170000076293945,6.809999942779541,7.119999885559082,147300,0.0,0.0
2024-02-15 00:00:00-05:00,7.159999847412109,7.199999809265137,6.980000019073486,7.079999923706055,125300,0.0,0.0
2024-02-16 00:00:00-05:00,7.070000171661377,7.409999847412109,6.949999809265137,7.179999828338623,170900,0.0,0.0
2024-02-20 00:00:00-05:00,7.179999828338623,7.690000057220459,7.179999828338623,7.449999809265137,169500,0.0,0.0
2024-02-21 00:00:00-05:00,7.449999809265137,7.623000144958496,6.820000171661377,7.039999961853027,140200,0.0,0.0
2024-02-22 00:00:00-05:00,7.019999980926514,7.190000057220459,6.820000171661377,7.090000152587891,75600,0.0,0.0
2024-02-23 00:00:00-05:00,7.079999923706055,7.659999847412109,6.960000038146973,7.260000228881836,239900,0.0,0.0
2024-02-26 00:00:00-05:00,7.21999979019165,7.638999938964844,7.210000038146973,7.489999771118164,153200,0.0,0.0
2024-02-27 00:00:00-05:00,7.570000171661377,7.960000038146973,7.039999961853027,7.340000152587891,345900,0.0,0.0
2024-02-28 00:00:00-05:00,7.349999904632568,7.489999771118164,7.099999904632568,7.190000057220459,295700,0.0,0.0
2024-02-29 00:00:00-05:00,7.230000019073486,7.51200008392334,7.110000133514404,7.260000228881836,267300,0.0,0.0
2024-03-01 00:00:00-05:00,7.309999942779541,7.900000095367432,7.309999942779541,7.75,415400,0.0,0.0
2024-03-04 00:00:00-05:00,7.889999866485596,7.900000095367432,7.409999847412109,7.599999904632568,248500,0.0,0.0
2024-03-05 00:00:00-05:00,7.599999904632568,7.599999904632568,7.034999847412109,7.150000095367432,280000,0.0,0.0
2024-03-06 00:00:00-05:00,7.170000076293945,7.244999885559082,7.079999923706055,7.130000114440918,127200,0.0,0.0
2024-03-07 00:00:00-05:00,7.110000133514404,7.179999828338623,6.360000133514404,6.929999828338623,346100,0.0,0.0
2024-03-08 00:00:00-05:00,6.900000095367432,7.269999980926514,6.75,6.769999980926514,133100,0.0,0.0
2024-03-11 00:00:00-04:00,6.690000057220459,6.849999904632568,6.510000228881836,6.559999942779541,102100,0.0,0.0
2024-03-12 00:00:00-04:00,6.510000228881836,6.5879998207092285,6.429999828338623,6.460000038146973,88900,0.0,0.0
2024-03-13 00:00:00-04:00,6.409999847412109,6.690000057220459,6.409999847412109,6.46999979019165,73800,0.0,0.0
2024-03-14 00:00:00-04:00,6.489999771118164,6.510000228881836,5.849999904632568,6.03000020980835,209000,0.0,0.0
2024-03-15 00:00:00-04:00,6.010000228881836,6.198999881744385,5.980000019073486,6.010000228881836,222500,0.0,0.0
2024-03-18 00:00:00-04:00,6.010000228881836,6.224999904632568,5.99399995803833,6.099999904632568,150000,0.0,0.0
2024-03-19 00:00:00-04:00,6.039999961853027,6.364999771118164,6.0,6.230000019073486,128900,0.0,0.0
2024-03-20 00:00:00-04:00,6.25,6.380000114440918,5.989999771118164,6.329999923706055,91100,0.0,0.0
2024-03-21 00:00:00-04:00,6.389999866485596,6.409999847412109,6.150000095367432,6.340000152587891,107100,0.0,0.0
2024-03-22 00:00:00-04:00,6.28000020980835,6.340000152587891,6.210000038146973,6.269999980926514,62000,0.0,0.0
2024-03-25 00:00:00-04:00,6.25,6.489999771118164,6.239999771118164,6.400000095367432,156000,0.0,0.0
2024-03-26 00:00:00-04:00,6.380000114440918,6.46999979019165,6.21999979019165,6.25,109000,0.0,0.0
2024-03-27 00:00:00-04:00,5.949999809265137,6.179999828338623,5.440000057220459,5.840000152587891,431800,0.0,0.0
2024-03-28 00:00:00-04:00,5.579999923706055,5.900000095367432,5.150000095367432,5.349999904632568,318100,0.0,0.0
2024-04-01 00:00:00-04:00,5.119999885559082,5.349999904632568,4.699999809265137,5.039999961853027,355400,0.0,0.0
2024-04-02 00:00:00-04:00,5.019999980926514,5.019999980926514,4.550000190734863,4.635000228881836,404400,0.0,0.0
2024-04-03 00:00:00-04:00,4.630000114440918,5.03000020980835,4.630000114440918,4.980000019073486,430400,0.0,0.0
2024-04-04 00:00:00-04:00,5.0,5.170000076293945,4.730000019073486,4.820000171661377,296100,0.0,0.0
2024-04-05 00:00:00-04:00,4.820000171661377,4.849999904632568,4.659999847412109,4.670000076293945,129600,0.0,0.0
2024-04-08 00:00:00-04:00,4.659999847412109,4.699999809265137,4.494999885559082,4.5,155100,0.0,0.0
2024-04-09 00:00:00-04:00,4.739999771118164,5.840000152587891,4.699999809265137,5.5,992000,0.0,0.0
2024-04-10 00:00:00-04:00,5.440000057220459,5.630000114440918,5.205999851226807,5.53000020980835,238200,0.0,0.0
2024-04-11 00:00:00-04:00,5.579999923706055,5.940000057220459,5.47599983215332,5.920000076293945,258100,0.0,0.0
2024-04-12 00:00:00-04:00,5.949999809265137,5.949999809265137,5.329999923706055,5.389999866485596,210600,0.0,0.0
2024-04-15 00:00:00-04:00,5.340000152587891,5.630000114440918,5.239999771118164,5.349999904632568,148100,0.0,0.0
2024-04-16 00:00:00-04:00,5.269999980926514,5.760000228881836,5.179999828338623,5.559999942779541,287300,0.0,0.0
2024-04-17 00:00:00-04:00,5.550000190734863,5.670000076293945,5.090000152587891,5.110000133514404,126100,0.0,0.0
2024-04-18 00:00:00-04:00,5.039999961853027,5.059999942779541,4.71999979019165,4.71999979019165,119500,0.0,0.0
2024-04-19 00:00:00-04:00,4.670000076293945,4.71999979019165,4.400000095367432,4.539999961853027,262900,0.0,0.0
2024-04-22 00:00:00-04:00,4.570000171661377,5.03000020980835,4.570000171661377,4.989999771118164,152000,0.0,0.0
2024-04-23 00:00:00-04:00,4.980000019073486,5.320000171661377,4.980000019073486,5.139999866485596,172700,0.0,0.0
2024-04-24 00:00:00-04:00,5.199999809265137,5.199999809265137,5.0,5.070000171661377,89600,0.0,0.0
2024-04-25 00:00:00-04:00,4.940000057220459,5.150000095367432,4.920000076293945,5.099999904632568,128600,0.0,0.0
2024-04-26 00:00:00-04:00,5.03000020980835,5.119999885559082,4.989999771118164,5.039999961853027,44500,0.0,0.0
2024-04-29 00:00:00-04:00,5.079999923706055,5.46999979019165,5.045000076293945,5.380000114440918,113600,0.0,0.0
2024-04-30 00:00:00-04:00,5.289999961853027,5.427000045776367,5.2270002365112305,5.400000095367432,94800,0.0,0.0
2024-05-01 00:00:00-04:00,5.289999961853027,5.650000095367432,5.28000020980835,5.440000057220459,199600,0.0,0.0
2024-05-02 00:00:00-04:00,5.53000020980835,5.639999866485596,5.184999942779541,5.199999809265137,301200,0.0,0.0
2024-05-03 00:00:00-04:00,5.150000095367432,5.340000152587891,5.050000190734863,5.130000114440918,95300,0.0,0.0
2024-05-06 00:00:00-04:00,5.170000076293945,5.210000038146973,5.070000171661377,5.079999923706055,37600,0.0,0.0
2024-05-07 00:00:00-04:00,5.059999942779541,5.320000171661377,5.059999942779541,5.150000095367432,105600,0.0,0.0
2024-05-08 00:00:00-04:00,5.150000095367432,5.150000095367432,4.900000095367432,5.0,75300,0.0,0.0
2024-05-09 00:00:00-04:00,5.0,5.320000171661377,5.0,5.010000228881836,88000,0.0,0.0
2024-05-10 00:00:00-04:00,5.019999980926514,5.099999904632568,4.900000095367432,4.96999979019165,139500,0.0,0.0
2024-05-13 00:00:00-04:00,4.980000019073486,5.159999847412109,4.940000057220459,5.059999942779541,91700,0.0,0.0
2024-05-14 00:00:00-04:00,5.119999885559082,5.590000152587891,5.119999885559082,5.429999828338623,187300,0.0,0.0
2024-05-15 00:00:00-04:00,5.489999771118164,5.860000133514404,5.360000133514404,5.510000228881836,169200,0.0,0.0
2024-05-16 00:00:00-04:00,5.539999961853027,5.605000019073486,5.349999904632568,5.480000019073486,41300,0.0,0.0
2024-05-17 00:00:00-04:00,5.360000133514404,5.519999980926514,5.289999961853027,5.449999809265137,163200,0.0,0.0
2024-05-20 00:00:00-04:00,5.449999809265137,5.639999866485596,5.409999847412109,5.610000133514404,58500,0.0,0.0
2024-05-21 00:00:00-04:00,5.579999923706055,5.690000057220459,5.480000019073486,5.650000095367432,68600,0.0,0.0
2024-05-22 00:00:00-04:00,5.650000095367432,5.679999828338623,5.349999904632568,5.360000133514404,97600,0.0,0.0
2024-05-23 00:00:00-04:00,5.309999942779541,5.443999767303467,5.070000171661377,5.150000095367432,83700,0.0,0.0
2024-05-24 00:00:00-04:00,5.130000114440918,5.230000019073486,4.940000057220459,4.96999979019165,67100,0.0,0.0
2024-05-28 00:00:00-04:00,4.840000152587891,5.050000190734863,4.795000076293945,5.0,291400,0.0,0.0
2024-05-29 00:00:00-04:00,4.75,5.090000152587891,4.75,5.050000190734863,128000,0.0,0.0
2024-05-30 00:00:00-04:00,5.099999904632568,5.099999904632568,4.989999771118164,5.0,68600,0.0,0.0
2024-05-31 00:00:00-04:00,5.010000228881836,5.130000114440918,4.820000171661377,5.099999904632568,143400,0.0,0.0
2024-06-03 00:00:00-04:00,5.090000152587891,5.25,5.0,5.130000114440918,90600,0.0,0.0
2024-06-04 00:00:00-04:00,5.139999866485596,5.28000020980835,5.070000171661377,5.260000228881836,102300,0.0,0.0
2024-06-05 00:00:00-04:00,5.25,5.389999866485596,5.197000026702881,5.300000190734863,67600,0.0,0.0
2024-06-06 00:00:00-04:00,5.300000190734863,5.340000152587891,5.190000057220459,5.300000190734863,54700,0.0,0.0
2024-06-07 00:00:00-04:00,5.25,5.289999961853027,4.960000038146973,5.150000095367432,74100,0.0,0.0
2024-06-10 00:00:00-04:00,5.110000133514404,5.179999828338623,4.960000038146973,5.119999885559082,55100,0.0,0.0
2024-06-11 00:00:00-04:00,5.110000133514404,5.304999828338623,5.050000190734863,5.25,83900,0.0,0.0
2024-06-12 00:00:00-04:00,5.25,5.46999979019165,5.25,5.400000095367432,95400,0.0,0.0
2024-06-13 00:00:00-04:00,5.329999923706055,5.820000171661377,5.320000171661377,5.800000190734863,87900,0.0,0.0
2024-06-14 00:00:00-04:00,5.820000171661377,6.119999885559082,5.760000228881836,6.0,141900,0.0,0.0
2024-06-17 00:00:00-04:00,6.010000228881836,6.059999942779541,5.710000038146973,5.710000038146973,136100,0.0,0.0
2024-06-18 00:00:00-04:00,5.610000133514404,5.610000133514404,5.239999771118164,5.340000152587891,126100,0.0,0.0
2024-06-20 00:00:00-04:00,5.329999923706055,5.369999885559082,5.159999847412109,5.309999942779541,73000,0.0,0.0
2024-06-21 00:00:00-04:00,5.329999923706055,5.579999923706055,5.151000022888184,5.579999923706055,95400,0.0,0.0
2024-06-24 00:00:00-04:00,5.460000038146973,5.849999904632568,5.460000038146973,5.809999942779541,71800,0.0,0.0
2024-06-25 00:00:00-04:00,5.809999942779541,5.889999866485596,5.644000053405762,5.800000190734863,153200,0.0,0.0
2024-06-26 00:00:00-04:00,5.75,5.820000171661377,5.630000114440918,5.699999809265137,79400,0.0,0.0
2024-06-27 00:00:00-04:00,5.699999809265137,5.755000114440918,5.619999885559082,5.730000019073486,37300,0.0,0.0
2024-06-28 00:00:00-04:00,5.71999979019165,5.71999979019165,4.889999866485596,5.159999847412109,182400,0.0,0.0
2024-07-01 00:00:00-04:00,5.059999942779541,5.164999961853027,4.900000095367432,4.929999828338623,55300,0.0,0.0
2024-07-02 00:00:00-04:00,4.980000019073486,5.044000148773193,4.849999904632568,5.0,49800,0.0,0.0
2024-07-03 00:00:00-04:00,5.0,5.03000020980835,4.860000133514404,5.0,79800,0.0,0.0
2024-07-05 00:00:00-04:00,4.989999771118164,5.03000020980835,4.809999942779541,5.03000020980835,57100,0.0,0.0
2024-07-08 00:00:00-04:00,5.010000228881836,5.239999771118164,4.994999885559082,5.179999828338623,96700,0.0,0.0
2024-07-09 00:00:00-04:00,5.190000057220459,5.559999942779541,5.122000217437744,5.539999961853027,108900,0.0,0.0
2024-07-10 00:00:00-04:00,5.599999904632568,5.869999885559082,5.53000020980835,5.630000114440918,142200,0.0,0.0
2024-07-11 00:00:00-04:00,5.690000057220459,6.059999942779541,5.53000020980835,5.980000019073486,73600,0.0,0.0
2024-07-12 00:00:00-04:00,5.960000038146973,6.130000114440918,5.760000228881836,6.0,115500,0.0,0.0
2024-07-15 00:00:00-04:00,5.949999809265137,6.329999923706055,5.934999942779541,6.139999866485596,73800,0.0,0.0
2024-07-16 00:00:00-04:00,6.090000152587891,6.690000057220459,6.090000152587891,6.519999980926514,87100,0.0,0.0
2024-07-17 00:00:00-04:00,6.480000019073486,6.579999923706055,6.360000133514404,6.53000020980835,90700,0.0,0.0
2024-07-18 00:00:00-04:00,6.53000020980835,6.78000020980835,5.989999771118164,6.059999942779541,60200,0.0,0.0
2024-07-19 00:00:00-04:00,6.010000228881836,6.320000171661377,5.889999866485596,6.269999980926514,65500,0.0,0.0
2024-07-22 00:00:00-04:00,6.195000171661377,6.23199987411499,5.840000152587891,6.019999980926514,43100,0.0,0.0
2024-07-23 00:00:00-04:00,6.019999980926514,6.150000095367432,5.920000076293945,6.059999942779541,41700,0.0,0.0
2024-07-24 00:00:00-04:00,6.099999904632568,6.099999904632568,5.769999980926514,5.800000190734863,48100,0.0,0.0
2024-07-25 00:00:00-04:00,5.900000095367432,6.099999904632568,5.710000038146973,6.039999961853027,45100,0.0,0.0
2024-07-26 00:00:00-04:00,6.070000171661377,6.449999809265137,6.065000057220459,6.21999979019165,86700,0.0,0.0
2024-07-29 00:00:00-04:00,6.21999979019165,6.639999866485596,6.21999979019165,6.46999979019165,93800,0.0,0.0
2024-07-30 00:00:00-04:00,6.570000171661377,6.927999973297119,6.110000133514404,6.260000228881836,166600,0.0,0.0
2024-07-31 00:00:00-04:00,6.489999771118164,6.610000133514404,5.960000038146973,6.0,182700,0.0,0.0
2024-08-01 00:00:00-04:00,6.019999980926514,6.164999961853027,5.5,5.670000076293945,405900,0.0,0.0
2024-08-02 00:00:00-04:00,5.53000020980835,5.666999816894531,5.099999904632568,5.46999979019165,154700,0.0,0.0
2024-08-05 00:00:00-04:00,5.0,5.239999771118164,4.949999809265137,5.199999809265137,161900,0.0,0.0
2024-08-06 00:00:00-04:00,5.199999809265137,5.53000020980835,5.164999961853027,5.349999904632568,94100,0.0,0.0
2024-08-07 00:00:00-04:00,5.460000038146973,5.460000038146973,4.96999979019165,5.010000228881836,89400,0.0,0.0
2024-08-08 00:00:00-04:00,4.989999771118164,5.239999771118164,4.949999809265137,5.170000076293945,97000,0.0,0.0
2024-08-09 00:00:00-04:00,5.199999809265137,5.21999979019165,4.800000190734863,5.070000171661377,58500,0.0,0.0
2024-08-12 00:00:00-04:00,5.099999904632568,5.199999809265137,4.929999828338623,5.010000228881836,1160600,0.0,0.0
2024-08-13 00:00:00-04:00,1.850000023841858,2.0999999046325684,1.7999999523162842,1.9199999570846558,4818000,0.0,0.0
2024-08-14 00:00:00-04:00,1.940000057220459,2.0,1.562999963760376,1.6150000095367432,1268800,0.0,0.0
2024-08-15 00:00:00-04:00,1.6100000143051147,1.7000000476837158,1.4800000190734863,1.5299999713897705,667900,0.0,0.0
2024-08-16 00:00:00-04:00,1.5299999713897705,1.6200000047683716,1.4800000190734863,1.5199999809265137,341300,0.0,0.0
2024-08-19 00:00:00-04:00,1.5,1.75,1.5,1.7400000095367432,497900,0.0,0.0
2024-08-20 00:00:00-04:00,1.7000000476837158,1.7899999618530273,1.652999997138977,1.7400000095367432,224200,0.0,0.0
2024-08-21 00:00:00-04:00,1.7100000381469727,1.7799999713897705,1.659999966621399,1.7100000381469727,147600,0.0,0.0
2024-08-22 00:00:00-04:00,1.7200000286102295,1.7200000286102295,1.6100000143051147,1.6200000047683716,166800,0.0,0.0
2024-08-23 00:00:00-04:00,1.6299999952316284,1.7000000476837158,1.6200000047683716,1.659999966621399,137200,0.0,0.0
2024-08-26 00:00:00-04:00,1.6799999475479126,1.75,1.559999942779541,1.6699999570846558,247000,0.0,0.0
2024-08-27 00:00:00-04:00,1.6699999570846558,1.7400000095367432,1.5299999713897705,1.5700000524520874,259300,0.0,0.0
2024-08-28 00:00:00-04:00,1.590000033378601,1.649999976158142,1.5499999523162842,1.590000033378601,118600,0.0,0.0
2024-08-29 00:00:00-04:00,1.6200000047683716,1.7000000476837158,1.590000033378601,1.659999966621399,158000,0.0,0.0
2024-08-30 00:00:00-04:00,1.690000057220459,1.6920000314712524,1.6100000143051147,1.6399999856948853,113200,0.0,0.0
2024-09-03 00:00:00-04:00,1.600000023841858,1.690000057220459,1.5499999523162842,1.5499999523162842,110800,0.0,0.0
2024-09-04 00:00:00-04:00,1.5399999618530273,1.5700000524520874,1.5,1.5299999713897705,115000,0.0,0.0
2024-09-05 00:00:00-04:00,1.5199999809265137,1.649999976158142,1.5199999809265137,1.5299999713897705,124500,0.0,0.0
2024-09-06 00:00:00-04:00,1.5800000429153442,1.6130000352859497,1.5099999904632568,1.5149999856948853,93200,0.0,0.0
2024-09-09 00:00:00-04:00,1.5299999713897705,1.5670000314712524,1.4800000190734863,1.5,80300,0.0,0.0
2024-09-10 00:00:00-04:00,1.5099999904632568,1.5700000524520874,1.4299999475479126,1.559999942779541,255000,0.0,0.0
2024-09-11 00:00:00-04:00,1.5700000524520874,1.75,1.5499999523162842,1.6050000190734863,214900,0.0,0.0
2024-09-12 00:00:00-04:00,1.6100000143051147,1.7100000381469727,1.5499999523162842,1.5700000524520874,540200,0.0,0.0
2024-09-13 00:00:00-04:00,1.7899999618530273,2.130000114440918,1.7699999809265137,1.9500000476837158,2473800,0.0,0.0
2024-09-16 00:00:00-04:00,1.9900000095367432,2.0999999046325684,1.7799999713897705,1.9800000190734863,897000,0.0,0.0
2024-09-17 00:00:00-04:00,2.009999990463257,2.130000114440918,1.9299999475479126,2.0,388100,0.0,0.0
2024-09-18 00:00:00-04:00,1.9900000095367432,2.0799999237060547,1.9199999570846558,1.9800000190734863,189200,0.0,0.0
2024-09-19 00:00:00-04:00,2.009999990463257,2.0299999713897705,1.9500000476837158,1.9800000190734863,167900,0.0,0.0
2024-09-20 00:00:00-04:00,1.9500000476837158,2.0329999923706055,1.8899999856948853,1.9500000476837158,207100,0.0,0.0
2024-09-23 00:00:00-04:00,1.9500000476837158,1.9500000476837158,1.8300000429153442,1.8799999952316284,179700,0.0,0.0
2024-09-24 00:00:00-04:00,1.9199999570846558,1.940000057220459,1.850000023841858,1.9299999475479126,104000,0.0,0.0
2024-09-25 00:00:00-04:00,1.9199999570846558,1.9700000286102295,1.8899999856948853,1.9199999570846558,96000,0.0,0.0
2024-09-26 00:00:00-04:00,1.8899999856948853,1.9700000286102295,1.8600000143051147,1.9600000381469727,116600,0.0,0.0
2024-09-27 00:00:00-04:00,1.9900000095367432,2.0,1.9299999475479126,2.0,131100,0.0,0.0
2024-09-30 00:00:00-04:00,2.0,2.299999952316284,2.0,2.1500000953674316,371100,0.0,0.0
2024-10-01 00:00:00-04:00,2.0999999046325684,2.0999999046325684,1.899999976158142,1.899999976158142,237500,0.0,0.0
2024-10-02 00:00:00-04:00,1.9500000476837158,2.0,1.850000023841858,1.9299999475479126,261800,0.0,0.0
2024-10-03 00:00:00-04:00,1.940000057220459,2.0299999713897705,1.8899999856948853,1.940000057220459,155900,0.0,0.0
2024-10-04 00:00:00-04:00,1.9900000095367432,2.0,1.9500000476837158,1.9600000381469727,77900,0.0,0.0
2024-10-07 00:00:00-04:00,1.9700000286102295,2.0,1.9299999475479126,1.940000057220459,126300,0.0,0.0
2024-10-08 00:00:00-04:00,1.940000057220459,2.009999990463257,1.940000057220459,2.0,77000,0.0,0.0
2024-10-09 00:00:00-04:00,2.0,2.0,1.9199999570846558,1.9600000381469727,81900,0.0,0.0
2024-10-10 00:00:00-04:00,1.940000057220459,1.9800000190734863,1.899999976158142,1.9500000476837158,101200,0.0,0.0
2024-10-11 00:00:00-04:00,1.940000057220459,1.9700000286102295,1.909999966621399,1.9299999475479126,159700,0.0,0.0
2024-10-14 00:00:00-04:00,1.9500000476837158,1.9800000190734863,1.9299999475479126,1.9700000286102295,89800,0.0,0.0
2024-10-15 00:00:00-04:00,1.9900000095367432,2.0799999237060547,1.9600000381469727,1.9900000095367432,204300,0.0,0.0
2024-10-16 00:00:00-04:00,1.9600000381469727,1.9859999418258667,1.8200000524520874,1.909999966621399,284100,0.0,0.0
2024-10-17 00:00:00-04:00,1.9299999475479126,1.9700000286102295,1.8700000047683716,1.9500000476837158,140500,0.0,0.0
2024-10-18 00:00:00-04:00,1.9500000476837158,1.9789999723434448,1.9390000104904175,1.9600000381469727,123700,0.0,0.0
2024-10-21 00:00:00-04:00,1.9299999475479126,2.240000009536743,1.8899999856948853,2.240000009536743,1723800,0.0,0.0
2024-10-22 00:00:00-04:00,2.2300000190734863,2.691999912261963,2.1110000610351562,2.4700000286102295,1267300,0.0,0.0
2024-10-23 00:00:00-04:00,2.4700000286102295,2.552999973297119,2.200000047683716,2.25,477100,0.0,0.0
2024-10-24 00:00:00-04:00,2.259999990463257,2.359999895095825,2.0199999809265137,2.069999933242798,741900,0.0,0.0
2024-10-25 00:00:00-04:00,2.069999933242798,2.1540000438690186,1.9800000190734863,2.0,260300,0.0,0.0
2024-10-28 00:00:00-04:00,2.0,2.1700000762939453,2.0,2.109999895095825,198200,0.0,0.0
2024-10-29 00:00:00-04:00,2.0899999141693115,2.7699999809265137,2.0299999713897705,2.5299999713897705,1358800,0.0,0.0
2024-10-30 00:00:00-04:00,2.4600000381469727,2.5840001106262207,2.309999942779541,2.509999990463257,557200,0.0,0.0
2024-10-31 00:00:00-04:00,2.5299999713897705,2.619999885559082,2.440000057220459,2.5199999809265137,291600,0.0,0.0
2024-11-01 00:00:00-04:00,2.069999933242798,2.3259999752044678,2.059999942779541,2.265000104904175,523500,0.0,0.0
2024-11-04 00:00:00-05:00,2.2799999713897705,2.5299999713897705,2.2209999561309814,2.430000066757202,399000,0.0,0.0
2024-11-05 00:00:00-05:00,2.4200000762939453,2.5899999141693115,2.4200000762939453,2.5299999713897705,133200,0.0,0.0
2024-11-06 00:00:00-05:00,2.5899999141693115,2.690000057220459,2.4100000858306885,2.450000047683716,329100,0.0,0.0
2024-11-07 00:00:00-05:00,2.450000047683716,2.619999885559082,2.437000036239624,2.559999942779541,225700,0.0,0.0
2024-11-08 00:00:00-05:00,2.569999933242798,2.680000066757202,2.549999952316284,2.609999895095825,349400,0.0,0.0
2024-11-11 00:00:00-05:00,2.630000114440918,3.4000000953674316,2.630000114440918,3.2300000190734863,1016600,0.0,0.0
2024-11-12 00:00:00-05:00,3.380000114440918,3.380000114440918,2.7200000286102295,2.7300000190734863,10383800,0.0,0.0
2024-11-13 00:00:00-05:00,0.39800000190734863,0.4099999964237213,0.3499999940395355,0.35899999737739563,38529100,0.0,0.0
2024-11-14 00:00:00-05:00,0.3840000033378601,0.4020000100135803,0.27000001072883606,0.2750000059604645,17314300,0.0,0.0
2024-11-15 00:00:00-05:00,0.27000001072883606,0.27900001406669617,0.24899999797344208,0.2590000033378601,6316700,0.0,0.0
2024-11-18 00:00:00-05:00,0.2590000033378601,0.25999999046325684,0.18299999833106995,0.19900000095367432,13683800,0.0,0.0
2024-11-19 00:00:00-05:00,0.20100000500679016,0.37400001287460327,0.19200000166893005,0.2770000100135803,365788800,0.0,0.0
2024-11-20 00:00:00-05:00,0.28999999165534973,0.30000001192092896,0.24899999797344208,0.28999999165534973,16132700,0.0,0.0
2024-11-21 00:00:00-05:00,0.28999999165534973,0.28999999165534973,0.25999999046325684,0.25999999046325684,5341200,0.0,0.0
2024-11-22 00:00:00-05:00,0.2639999985694885,0.2980000078678131,0.257999986410141,0.2930000126361847,6392000,0.0,0.0
2024-11-25 00:00:00-05:00,0.29899999499320984,0.29899999499320984,0.2549999952316284,0.25699999928474426,5315500,0.0,0.0
2024-11-26 00:00:00-05:00,0.25999999046325684,0.26499998569488525,0.23600000143051147,0.25099998712539673,3065700,0.0,0.0
2024-11-27 00:00:00-05:00,0.25099998712539673,0.2849999964237213,0.25,0.2680000066757202,4944800,0.0,0.0
2024-11-29 00:00:00-05:00,0.2680000066757202,0.27900001406669617,0.26100000739097595,0.2720000147819519,1726000,0.0,0.0
2024-12-02 00:00:00-05:00,0.27900001406669617,0.27900001406669617,0.2529999911785126,0.25699999928474426,2995700,0.0,0.0
2024-12-03 00:00:00-05:00,0.25,0.26600000262260437,0.24699999392032623,0.25,2047800,0.0,0.0
2024-12-04 00:00:00-05:00,0.25999999046325684,0.26100000739097595,0.24400000274181366,0.24699999392032623,2234200,0.0,0.0
2024-12-05 00:00:00-05:00,0.24199999868869781,0.24899999797344208,0.23100000619888306,0.23600000143051147,2171000,0.0,0.0
2024-12-06 00:00:00-05:00,0.23199999332427979,0.24699999392032623,0.22200000286102295,0.23999999463558197,2304700,0.0,0.0
2024-12-09 00:00:00-05:00,0.24500000476837158,0.25999999046325684,0.23800000548362732,0.24400000274181366,2411400,0.0,0.0
2024-12-10 00:00:00-05:00,0.23800000548362732,0.25,0.23399999737739563,0.24400000274181366,1069700,0.0,0.0
2024-12-11 00:00:00-05:00,0.23499999940395355,0.24899999797344208,0.23199999332427979,0.24500000476837158,1624900,0.0,0.0
2024-12-12 00:00:00-05:00,0.24899999797344208,0.25999999046325684,0.23000000417232513,0.23600000143051147,2031900,0.0,0.0
2024-12-13 00:00:00-05:00,0.23000000417232513,0.23999999463558197,0.20000000298023224,0.2070000022649765,3549200,0.0,0.0
2024-12-16 00:00:00-05:00,0.21299999952316284,0.22300000488758087,0.20800000429153442,0.2199999988079071,2211400,0.0,0.0
2024-12-17 00:00:00-05:00,0.21299999952316284,0.2150000035762787,0.20000000298023224,0.20919999480247498,1973476,0.0,0.0
