Date,Open,High,Low,Close,Volume,Dividends,Stock Splits
2022-01-03 00:00:00-05:00,165.88825461053176,168.18950356394458,165.49051091061597,167.76333618164062,2667500,0.0,0.0
2022-01-04 00:00:00-05:00,168.26531266443587,170.00782808195083,164.89394769947626,166.24818420410156,3889300,0.0,0.0
2022-01-05 00:00:00-05:00,166.03035042486414,167.79178099070907,163.57757541324807,163.68174743652344,3655200,0.0,0.0
2022-01-06 00:00:00-05:00,163.92797875131046,165.68942375292878,162.92413269425063,164.20260620117188,3584400,0.0,0.0
2022-01-07 00:00:00-05:00,163.92796151985917,164.5529791383932,157.20416321662944,159.8936767578125,6747500,0.0,0.0
2022-01-10 00:00:00-05:00,159.20239404363136,161.68356407232974,156.61705198203396,161.3710479736328,6017100,0.0,0.0
2022-01-11 00:00:00-05:00,159.82744620803598,164.8087311983396,159.53387438326564,164.429931640625,3789300,0.0,0.0
2022-01-12 00:00:00-05:00,166.09666510477476,166.09666510477476,162.8578812943919,164.54356384277344,1993400,0.0,0.0
2022-01-13 00:00:00-05:00,166.30499389408976,166.93002609393992,160.27252424323092,160.78390502929688,3954000,0.0,0.0
2022-01-14 00:00:00-05:00,159.48647232257036,162.99988267023852,159.18342120834183,162.88624572753906,2869600,0.0,0.0
2022-01-18 00:00:00-05:00,159.75164969764964,161.10587155849146,157.3651725268369,157.6776885986328,4160300,0.0,0.0
2022-01-19 00:00:00-05:00,158.2459402850378,159.8463807459271,154.3347704335083,154.4199981689453,3736600,0.0,0.0
2022-01-20 00:00:00-05:00,155.13971725674085,156.0298975718203,150.19630694509937,150.22471618652344,4021300,0.0,0.0
2022-01-21 00:00:00-05:00,150.4046594969011,154.0601169688279,148.64321417790637,151.06756591796875,5547500,0.0,0.0
2022-01-24 00:00:00-05:00,150.58453875538757,153.1509504598679,143.4440667697589,152.8857879638672,6665200,0.0,0.0
2022-01-25 00:00:00-05:00,149.0504073744265,151.1338335300248,147.1847902093423,147.51625061035156,4064200,0.0,0.0
2022-01-26 00:00:00-05:00,150.57510180564083,156.35188822106156,149.0030563941952,151.30430603027344,5850000,0.0,0.0
2022-01-27 00:00:00-05:00,153.98437453764313,155.07343409622345,145.87792822619738,146.39878845214844,4691100,0.0,0.0
2022-01-28 00:00:00-05:00,145.95367718895184,150.30047898041272,143.16945592719108,150.22471618652344,3839700,0.0,0.0
2022-01-31 00:00:00-05:00,149.93114954276203,155.527987049721,148.8799642231305,155.28176879882812,4504800,0.0,0.0
2022-02-01 00:00:00-05:00,155.40486291384508,156.73067553707028,152.51646993081107,156.60755920410156,3038000,0.0,0.0
2022-02-02 00:00:00-05:00,156.66437535438712,160.45242787909288,156.1624595508855,159.95999145507812,2824500,0.0,0.0
2022-02-03 00:00:00-05:00,156.8632724142627,158.73835458241348,153.0089360436041,153.43508911132812,4452100,0.0,0.0
2022-02-04 00:00:00-05:00,151.66415187086122,153.77600162293032,148.4632572146231,152.49752807617188,5174400,0.0,0.0
2022-02-07 00:00:00-05:00,152.54489377635002,154.59991076426775,151.80622460835286,152.29867553710938,2443300,0.0,0.0
2022-02-08 00:00:00-05:00,152.40284155409583,155.00712809699104,151.9009256673054,154.4862823486328,3173200,0.0,0.0
2022-02-09 00:00:00-05:00,156.61703966940908,159.4201905065951,154.8177060108174,159.29708862304688,3207900,0.0,0.0
2022-02-10 00:00:00-05:00,155.13972495008318,159.4107497091785,152.49754976441787,153.1036376953125,3462600,0.0,0.0
2022-02-11 00:00:00-05:00,153.37826960843165,154.62831956212267,144.96878747345968,145.74533081054688,5455500,0.0,0.0
2022-02-14 00:00:00-05:00,146.71130078370675,148.766317939833,143.49146129812974,145.82110595703125,4501500,0.0,0.0
2022-02-15 00:00:00-05:00,148.9367675253257,153.73811685508073,148.77577701804452,153.45401000976562,4909600,0.0,0.0
2022-02-16 00:00:00-05:00,153.3119790373558,159.94107198508308,153.0089423024603,159.4202117919922,5825200,0.0,0.0
2022-02-17 00:00:00-05:00,157.3273397106501,157.45992100774959,151.83465913744251,151.92935180664062,4702700,0.0,0.0
2022-02-18 00:00:00-05:00,152.57329700834308,154.07904452608952,150.16788984195867,151.863037109375,3921600,0.0,0.0
2022-02-22 00:00:00-05:00,150.48041766265428,154.24954125314838,149.90273893297493,152.3555145263672,4269500,0.0,0.0
2022-02-23 00:00:00-05:00,153.48244039064315,154.8366623669561,147.8950536901109,148.19810485839844,5087000,0.0,0.0
2022-02-24 00:00:00-05:00,146.86580380584587,152.26157150350596,144.67704081132396,152.0617218017578,4152200,0.76,0.0
2022-02-25 00:00:00-05:00,152.14739974953608,154.33614850778363,150.04428013060456,154.279052734375,2741600,0.0,0.0
2022-02-28 00:00:00-05:00,153.52722959290404,153.52722959290404,149.63504711181142,152.5375213623047,3606900,0.0,0.0
2022-03-01 00:00:00-05:00,151.8143047102238,152.97530037551496,148.02680211667138,149.3590850830078,3761800,0.0,0.0
2022-03-02 00:00:00-05:00,149.85393858497343,153.71757369060816,149.51134946364255,152.0902862548828,2578700,0.0,0.0
2022-03-03 00:00:00-05:00,153.65095685422258,153.87933990645877,149.378111495508,151.57638549804688,2656100,0.0,0.0
2022-03-04 00:00:00-05:00,150.0537754176115,151.56688585724825,148.21712713640062,149.26393127441406,2778600,0.0,0.0
2022-03-07 00:00:00-05:00,149.42570227017143,149.73021785924723,139.13853227411883,139.20513916015625,5701300,0.0,0.0
2022-03-08 00:00:00-05:00,138.9577202057107,145.3907663486234,136.89267439291535,141.33680725097656,4745200,0.0,0.0
2022-03-09 00:00:00-05:00,145.6857592598037,147.56048086439125,143.9823394596971,146.19012451171875,3046300,0.0,0.0
2022-03-10 00:00:00-05:00,143.55411943846266,144.44864397823267,140.69921495791618,143.27813720703125,4035700,0.0,0.0
2022-03-11 00:00:00-05:00,145.79041825701066,146.34236806917588,140.16625426900166,140.46127319335938,3964300,0.0,0.0
2022-03-14 00:00:00-04:00,140.3851675317374,141.6413178969696,136.85459609067254,138.58657836914062,3910500,0.0,0.0
2022-03-15 00:00:00-04:00,140.19483595112516,144.13460316816156,139.3288448583907,143.62071228027344,3309900,0.0,0.0
2022-03-16 00:00:00-04:00,145.6857869985749,151.07204415223802,145.15287376457792,150.9007568359375,4376200,0.0,0.0
2022-03-17 00:00:00-04:00,149.28295350307752,152.30915986128673,148.22663824419254,152.24253845214844,4272400,0.0,0.0
2022-03-18 00:00:00-04:00,150.891229370443,156.01102984525428,149.4923248877031,155.5447235107422,9901900,0.0,0.0
2022-03-21 00:00:00-04:00,153.97451137918873,156.77231997517708,153.66047015710896,156.2774658203125,3258900,0.0,0.0
2022-03-22 00:00:00-04:00,155.8682905635271,158.4377166851548,155.51619025949864,156.8009033203125,2568300,0.0,0.0
2022-03-23 00:00:00-04:00,155.47811344276084,156.36312692314215,151.11009824871044,151.44317626953125,3409900,0.0,0.0
2022-03-24 00:00:00-04:00,153.04190692409185,157.0768289565233,152.12833117817132,156.98167419433594,3152200,0.0,0.0
2022-03-25 00:00:00-04:00,157.07683914335905,157.8952456593741,154.98324546914222,157.61927795410156,2236300,0.0,0.0
2022-03-28 00:00:00-04:00,156.23941855474476,159.35126889578936,155.4495743274088,159.1704559326172,2745200,0.0,0.0
2022-03-29 00:00:00-04:00,160.87388119751316,163.26247954598824,159.61771617164683,161.94921875,3127700,0.0,0.0
2022-03-30 00:00:00-04:00,160.61694009263846,161.77793585277504,157.76203534229538,158.4281768798828,2689100,0.0,0.0
2022-03-31 00:00:00-04:00,158.88494803476348,159.8175460461614,157.0958700154826,157.19102478027344,3881500,0.0,0.0
2022-04-01 00:00:00-04:00,158.44719832448604,159.05624403150813,154.9737370223874,157.36233520507812,2941000,0.0,0.0
2022-04-04 00:00:00-04:00,157.18153897036535,157.92381305091286,153.89840138012877,156.5439453125,4159600,0.0,0.0
2022-04-05 00:00:00-04:00,154.65017344857,155.60180829366294,148.33131865798458,152.24253845214844,7223600,0.0,0.0
2022-04-06 00:00:00-04:00,149.80633919643248,156.33455410099083,149.66359979358978,152.52801513671875,6036000,0.0,0.0
2022-04-07 00:00:00-04:00,151.56689308119806,155.03084350191057,151.4431758987739,153.4511260986328,3161800,0.0,0.0
2022-04-08 00:00:00-04:00,152.6993282968155,153.222715826691,150.73894838695975,151.06251525878906,3025000,0.0,0.0
2022-04-11 00:00:00-04:00,150.04427124747744,150.44395615847205,147.20840334329895,147.3987274169922,3693700,0.0,0.0
2022-04-12 00:00:00-04:00,149.72074190464912,151.84288396837243,147.49391940617005,147.979248046875,2580000,0.0,0.0
2022-04-13 00:00:00-04:00,149.14019038146182,151.27185732316596,147.7032272212374,150.47247314453125,2335200,0.0,0.0
2022-04-14 00:00:00-04:00,150.71039960888058,152.1283406975825,148.7309974695202,148.93084716796875,5228700,0.0,0.0
2022-04-18 00:00:00-04:00,148.72149360586775,153.45111998505527,148.61681319124767,152.5851287841797,2728500,0.0,0.0
2022-04-19 00:00:00-04:00,152.58514322761974,154.92617157581378,150.93881884257087,154.46939086914062,2674700,0.0,0.0
2022-04-20 00:00:00-04:00,156.50586603628193,157.55265560674226,152.77544483151559,153.5748291015625,2582400,0.0,0.0
2022-04-21 00:00:00-04:00,154.64067120401944,156.71522831542043,150.32976626996495,151.0339813232422,3555000,0.0,0.0
2022-04-22 00:00:00-04:00,150.3392458976158,151.90945186569158,147.66515471292104,147.7412872314453,2640400,0.0,0.0
2022-04-25 00:00:00-04:00,146.7325815963956,151.45268237709467,146.32337105519716,151.2338104248047,4487500,0.0,0.0
2022-04-26 00:00:00-04:00,149.34002658417785,149.71117805734593,145.35268938642378,145.41929626464844,3661200,0.0,0.0
2022-04-27 00:00:00-04:00,142.74522126953687,148.19808465621063,142.44069116084702,144.3820343017578,3077300,0.0,0.0
2022-04-28 00:00:00-04:00,146.67547956113813,154.42178642080395,146.29481692038115,152.68980407714844,4156000,0.0,0.0
2022-04-29 00:00:00-04:00,150.39637920927305,151.99513345589446,146.7801780615849,146.9134063720703,4835800,0.0,0.0
2022-05-02 00:00:00-04:00,147.8269611244582,150.87218988471406,145.40028923771823,150.5010528564453,2865900,0.0,0.0
2022-05-03 00:00:00-04:00,150.24410908911642,151.9856025413262,148.94035951972526,151.18621826171875,2441900,0.0,0.0
2022-05-04 00:00:00-04:00,151.00543512325208,156.9436427622706,146.7992101575798,156.8009033203125,3940400,0.0,0.0
2022-05-05 00:00:00-04:00,154.18387892832817,155.46857723390062,148.9403617317209,150.58670043945312,3961500,0.0,0.0
2022-05-06 00:00:00-04:00,148.97843549633726,151.09106597997234,146.88484177511913,148.57875061035156,2710400,0.0,0.0
2022-05-09 00:00:00-04:00,146.74205236302532,148.4835454228935,144.43909837434921,144.88636779785156,4123100,0.0,0.0
2022-05-10 00:00:00-04:00,148.39793150650317,150.84362536649394,145.26704491511316,147.71275329589844,3157800,0.0,0.0
2022-05-11 00:00:00-04:00,146.00931895177786,149.70166658596014,144.41057947355122,144.63897705078125,3861700,0.0,0.0
2022-05-12 00:00:00-04:00,143.73492258497407,146.24723802964337,142.7166808375733,145.49545288085938,3117700,0.0,0.0
2022-05-13 00:00:00-04:00,147.54145483834932,151.97607654650926,146.43756949242032,151.06251525878906,4783200,0.0,0.0
2022-05-16 00:00:00-04:00,149.62552872991265,151.48121360131628,148.05533718967743,149.82537841796875,2328400,0.0,0.0
2022-05-17 00:00:00-04:00,153.20368221947768,156.42972341144457,152.85156749107966,155.91583251953125,4952200,0.0,0.0
2022-05-18 00:00:00-04:00,158.2854386708456,158.2854386708456,151.53835054384854,152.18545532226562,5684400,0.0,0.0
2022-05-19 00:00:00-04:00,153.07048427099426,156.2299046872057,151.3860863793774,153.1561279296875,3812600,0.0,0.0
2022-05-20 00:00:00-04:00,155.68747233460869,157.17202042559072,149.14021970689728,154.5835723876953,3977400,0.0,0.0
2022-05-23 00:00:00-04:00,153.80322493289697,155.59230315713833,152.147389532057,153.7366180419922,2291100,0.0,0.0
2022-05-24 00:00:00-04:00,152.1473730510346,155.35437760830064,151.1291168679392,154.0220947265625,3172000,0.0,0.0
2022-05-25 00:00:00-04:00,152.70886041682581,155.34489327392953,151.63350828491915,154.46939086914062,2500300,0.0,0.0
2022-05-26 00:00:00-04:00,154.50741955666183,157.86668908349722,153.6033694426694,156.06809997558594,3820100,0.0,0.0
2022-05-27 00:00:00-04:00,158.21927401842694,160.7719669781145,156.95726064236524,160.1887664794922,4942300,0.76,0.0
2022-05-31 00:00:00-04:00,159.56729061882044,162.13910857586262,156.40271685192565,161.0013885498047,5102500,0.0,0.0
2022-06-01 00:00:00-04:00,161.74713634803933,161.87142951754242,156.14460714428685,157.53089904785156,3283600,0.0,0.0
2022-06-02 00:00:00-04:00,157.28228997237602,161.96701847861272,156.4887540594919,161.8044891357422,2637700,0.0,0.0
2022-06-03 00:00:00-04:00,159.27090392298302,159.6437687809228,157.56910897255034,157.980224609375,2539100,0.0,0.0
2022-06-06 00:00:00-04:00,159.99751319262094,161.41248556970876,157.3300831795169,158.00889587402344,2273800,0.0,0.0
2022-06-07 00:00:00-04:00,156.54615060378836,159.98797721942478,155.6856830085793,159.6151123046875,2108000,0.0,0.0
2022-06-08 00:00:00-04:00,158.5729762047044,160.58071897967778,156.72776276471112,157.76031494140625,2928800,0.0,0.0
2022-06-09 00:00:00-04:00,156.78516002122683,159.69159222968025,154.4141074794787,154.5097198486328,3144800,0.0,0.0
2022-06-10 00:00:00-04:00,151.3929685210473,153.14255544147872,149.9206195713978,150.02578735351562,3369800,0.0,0.0
2022-06-13 00:00:00-04:00,146.49789509592838,147.64517064210543,140.85711515065788,141.2777862548828,5861600,0.0,0.0
2022-06-14 00:00:00-04:00,142.6545135118946,143.54364726139983,139.63334358474305,140.70413208007812,2765000,0.0,0.0
2022-06-15 00:00:00-04:00,142.61625942214923,145.77127783805315,140.28345774992454,143.4862823486328,3263200,0.0,0.0
2022-06-16 00:00:00-04:00,139.9297341248438,139.9297341248438,135.46491040648556,137.1571502685547,4722800,0.0,0.0
2022-06-17 00:00:00-04:00,137.69252591316442,139.10749844489703,135.56048983197718,138.27572631835938,6723900,0.0,0.0
2022-06-21 00:00:00-04:00,140.85708482157074,143.68702958690895,140.81883404484088,141.832275390625,3085600,0.0,0.0
2022-06-22 00:00:00-04:00,140.49378216126004,142.43459340460163,139.45167456525843,141.16302490234375,3720400,0.0,0.0
2022-06-23 00:00:00-04:00,142.47285442647032,142.65450916676713,137.6160409745074,139.14573669433594,2946000,0.0,0.0
2022-06-24 00:00:00-04:00,141.10569063759044,143.45761796970206,140.73282571049475,143.11343383789062,5108900,0.0,0.0
2022-06-27 00:00:00-04:00,144.4614796161613,145.63743590699113,142.97000542214371,143.973876953125,2048300,0.0,0.0
2022-06-28 00:00:00-04:00,144.75789633127147,146.43101113513248,141.85144873105847,141.9661865234375,2786500,0.0,0.0
2022-06-29 00:00:00-04:00,140.4555747753628,141.02920527604573,138.39046996074282,140.7997589111328,2586600,0.0,0.0
2022-06-30 00:00:00-04:00,139.05971902746498,142.6640899168457,137.00418411217535,139.67160034179688,4158000,0.0,0.0
2022-07-01 00:00:00-04:00,137.61604801761825,138.72508731842305,134.3463062901278,136.6313018798828,3175000,0.0,0.0
2022-07-05 00:00:00-04:00,133.75356120369403,136.87989955733664,132.4150753031387,136.7843017578125,3792500,0.0,0.0
2022-07-06 00:00:00-04:00,137.3292244439578,139.49949684402853,135.78995866761852,138.3426513671875,2708600,0.0,0.0
2022-07-07 00:00:00-04:00,141.2204314599062,143.1038669406883,140.77107953953865,142.0426483154297,2742600,0.0,0.0
2022-07-08 00:00:00-04:00,140.92403323951405,143.92607799312256,139.3178503800344,143.35244750976562,1997900,0.0,0.0
2022-07-11 00:00:00-04:00,141.66978232369433,142.70233484007542,139.83413826848422,141.0770263671875,2684900,0.0,0.0
2022-07-12 00:00:00-04:00,141.9374920694,143.58191132568618,140.92405037428603,141.54550170898438,2305800,0.0,0.0
2022-07-13 00:00:00-04:00,139.09793749416866,143.38110569923586,138.81111500351017,142.6353759765625,2306900,0.0,0.0
2022-07-14 00:00:00-04:00,142.21473063374884,147.3870480356613,140.75195171430232,146.5743865966797,3794000,0.0,0.0
2022-07-15 00:00:00-04:00,147.08110803640636,151.3260410467534,146.59351989974806,151.0296630859375,3736600,0.0,0.0
2022-07-18 00:00:00-04:00,151.86140911767015,152.3872479516203,147.58779604927352,148.42913818359375,2930000,0.0,0.0
2022-07-19 00:00:00-04:00,150.0353457789815,154.8826046682539,149.93974798593072,154.3567657470703,3582000,0.0,0.0
2022-07-20 00:00:00-04:00,152.6358064042631,156.52699884869367,151.78490894274256,155.95335388183594,3126000,0.0,0.0
2022-07-21 00:00:00-04:00,157.15803868340677,157.98025552958424,155.1502954625267,157.9324493408203,2990800,0.0,0.0
2022-07-22 00:00:00-04:00,158.38179747756928,158.38179747756928,155.1789725560038,156.0968017578125,2944900,0.0,0.0
2022-07-25 00:00:00-04:00,155.7908497074374,155.9820598644737,153.2286015086707,155.87689208984375,3085800,0.0,0.0
2022-07-26 00:00:00-04:00,156.3644654306505,157.05283353755317,154.17506796640828,154.67222595214844,3151300,0.0,0.0
2022-07-27 00:00:00-04:00,156.08723533312775,162.1773819831565,156.08723533312775,160.9344940185547,4672500,0.0,0.0
2022-07-28 00:00:00-04:00,161.29776177518647,163.43933842639092,159.9497063798786,162.215576171875,3880200,0.0,0.0
2022-07-29 00:00:00-04:00,161.0014089301176,165.1316184966048,160.34173605261515,164.40501403808594,4744400,0.0,0.0
2022-08-01 00:00:00-04:00,163.20990723054064,164.79696447765204,161.99570026352805,163.9269561767578,2277100,0.0,0.0
2022-08-02 00:00:00-04:00,162.7988413523462,164.9499888486387,162.15827918183626,163.26731872558594,2179600,0.0,0.0
2022-08-03 00:00:00-04:00,163.48718321422461,169.20445021497585,163.48718321422461,168.6116943359375,2766400,0.0,0.0
2022-08-04 00:00:00-04:00,168.62124359994394,170.13182862584705,167.4452872868395,169.18533325195312,2395100,0.0,0.0
2022-08-05 00:00:00-04:00,167.07242204372906,169.72072718176355,166.45098539366163,169.46258544921875,2495300,0.0,0.0
2022-08-08 00:00:00-04:00,168.47783584027087,169.94061464737888,166.14503407017983,168.13365173339844,2308600,0.0,0.0
2022-08-09 00:00:00-04:00,165.79130415695798,166.25021146321427,161.61328844787408,162.88485717773438,3717700,0.0,0.0
2022-08-10 00:00:00-04:00,166.0876747272983,167.5982597396214,163.6975113385085,167.38792419433594,3213500,0.0,0.0
2022-08-11 00:00:00-04:00,168.42047612941397,170.44733001001222,166.57526241167722,166.88121032714844,2709900,0.0,0.0
2022-08-12 00:00:00-04:00,167.53133497149275,171.86231004093725,167.53133497149275,171.38427734375,3198300,0.0,0.0
2022-08-15 00:00:00-04:00,170.57164522104787,172.10134123092237,169.63469055011316,171.9866180419922,2798500,0.0,0.0
2022-08-16 00:00:00-04:00,171.44164665755795,171.8336223663736,169.04191327718135,171.17393493652344,3138200,0.0,0.0
2022-08-17 00:00:00-04:00,166.35536358124568,166.37448897215612,159.75851879183168,162.6553955078125,6158600,0.0,0.0
2022-08-18 00:00:00-04:00,160.36083001572152,164.90214022842795,158.64947953340766,162.6553955078125,4513300,0.0,0.0
2022-08-19 00:00:00-04:00,161.03005856313254,161.4794103851697,159.68201768541863,160.61895751953125,3396500,0.0,0.0
2022-08-22 00:00:00-04:00,157.9037521193659,158.97454061196657,155.77171594716395,156.64173889160156,3731100,0.0,0.0
2022-08-23 00:00:00-04:00,156.29755818801604,158.98409946768714,156.29755818801604,157.18670654296875,2128300,0.0,0.0
2022-08-24 00:00:00-04:00,156.6130569594707,157.6073730568501,155.1120420004716,156.4600830078125,3253100,0.0,0.0
2022-08-25 00:00:00-04:00,157.07198308161057,159.90194317341152,156.96681530077066,159.7298583984375,2981700,0.0,0.0
2022-08-26 00:00:00-04:00,159.50995103976666,160.12183232452497,151.54592434713996,151.6988983154297,4238300,0.0,0.0
2022-08-29 00:00:00-04:00,150.6517679705664,151.6412535582554,148.1059922676311,149.08587646484375,3353300,0.76,0.0
2022-08-30 00:00:00-04:00,149.9889170117115,150.11379373188242,145.56024233454778,146.72264099121094,3670100,0.0,0.0
2022-08-31 00:00:00-04:00,147.42391857656358,147.42391857656358,144.42662849769877,145.56982421875,3535300,0.0,0.0
2022-09-01 00:00:00-04:00,143.1297327483875,145.09908769923715,140.77608767493487,144.7628631591797,3783900,0.0,0.0
2022-09-02 00:00:00-04:00,145.69473970518303,147.2221964966076,142.03460130894885,142.78392028808594,2787500,0.0,0.0
2022-09-06 00:00:00-04:00,142.76470103776708,144.16728108730828,140.76651223251218,142.39964294433594,2480300,0.0,0.0
2022-09-07 00:00:00-04:00,143.6965341277655,145.83881687441914,142.39002676229632,144.77247619628906,2496600,0.0,0.0
2022-09-08 00:00:00-04:00,143.69655204513208,146.82832076143077,142.9952693350709,146.14625549316406,2457600,0.0,0.0
2022-09-09 00:00:00-04:00,146.49208600280832,149.0954848289824,146.49208600280832,148.1156005859375,2620300,0.0,0.0
2022-09-12 00:00:00-04:00,149.32605442936693,149.71993134780988,147.6448874765428,149.5277862548828,3866800,0.0,0.0
2022-09-13 00:00:00-04:00,145.06067193016838,146.2134690402754,141.98654141701275,142.41883850097656,4202100,0.0,0.0
2022-09-14 00:00:00-04:00,143.63889681902745,145.3392664153414,142.16907786161093,144.34017944335938,2272900,0.0,0.0
2022-09-15 00:00:00-04:00,143.81182458565266,144.8301291017871,141.20842562966564,142.05380249023438,3142400,0.0,0.0
2022-09-16 00:00:00-04:00,140.95864208707394,143.60047591128566,139.46000415399004,143.43716430664062,4592400,0.0,0.0
2022-09-19 00:00:00-04:00,142.24595177098524,144.4746913071803,142.05380666834688,143.72537231445312,2398200,0.0,0.0
2022-09-20 00:00:00-04:00,142.85116512257892,144.58996986649657,142.42846934112885,143.88868713378906,2574300,0.0,0.0
2022-09-21 00:00:00-04:00,144.0615815918194,147.9426685240915,142.5052916044253,142.6013641357422,3315600,0.0,0.0
2022-09-22 00:00:00-04:00,142.16905096233884,142.49567407805196,138.52811645345008,139.62327575683594,3355700,0.0,0.0
2022-09-23 00:00:00-04:00,138.15347378142297,138.70106082862802,134.57979253647423,136.3378143310547,4839300,0.0,0.0
2022-09-26 00:00:00-04:00,137.05832208658873,138.08624253489575,135.08895233715063,135.28109741210938,4502400,0.0,0.0
2022-09-27 00:00:00-04:00,137.07753863355703,138.26875600232518,134.36845140727257,136.23214721679688,2964300,0.0,0.0
2022-09-28 00:00:00-04:00,135.3099356432546,139.63293659468619,134.4165078241465,138.89321899414062,3307000,0.0,0.0
2022-09-29 00:00:00-04:00,137.27928601872685,137.27928601872685,134.41650293063407,136.40509033203125,3453500,0.0,0.0
2022-09-30 00:00:00-04:00,135.31953166602597,137.01991607720333,133.76325607601328,133.85931396484375,3525900,0.0,0.0
2022-10-03 00:00:00-04:00,135.7230118350786,140.84336792120305,134.34926527126157,139.4215850830078,4708300,0.0,0.0
2022-10-04 00:00:00-04:00,142.41887086280482,145.78120508216278,142.18830552494785,144.91661071777344,4181800,0.0,0.0
2022-10-05 00:00:00-04:00,143.2354260045442,146.94360044564817,142.98564325457716,145.91567993164062,3052000,0.0,0.0
2022-10-06 00:00:00-04:00,145.3777009677433,147.57762137441338,144.79169366417614,145.0318603515625,2286500,0.0,0.0
2022-10-07 00:00:00-04:00,141.86166712102803,142.78391371522633,138.4609130383097,139.21983337402344,4351100,0.0,0.0
2022-10-10 00:00:00-04:00,139.43118873289254,139.7578119501743,133.4462382454698,135.3579559326172,3828700,0.0,0.0
2022-10-11 00:00:00-04:00,134.166704278818,135.52124773725845,131.57290732471697,133.3405303955078,4735300,0.0,0.0
2022-10-12 00:00:00-04:00,133.5615202516026,134.81999156705888,132.9562954033456,133.13882446289062,2541100,0.0,0.0
2022-10-13 00:00:00-04:00,129.40180739666613,138.2783733822614,128.229792797098,137.1351776123047,5040500,0.0,0.0
2022-10-14 00:00:00-04:00,138.9316353584943,139.24865717848937,131.13102521589462,131.3519744873047,4970400,0.0,0.0
2022-10-17 00:00:00-04:00,134.54140761123122,135.72302384066998,132.33187072190134,133.64797973632812,5039800,0.0,0.0
2022-10-18 00:00:00-04:00,138.950833066908,139.49842013057403,133.85929654584515,135.55007934570312,3280300,0.0,0.0
2022-10-19 00:00:00-04:00,135.22345475287304,137.346534850476,133.7824545394249,135.7710418701172,2465400,0.0,0.0
2022-10-20 00:00:00-04:00,136.83735668532051,140.97782750201233,135.694161053896,136.49151611328125,3341100,0.0,0.0
2022-10-21 00:00:00-04:00,136.3474316575498,141.62149765774126,135.40598229955145,140.8241424560547,3612400,0.0,0.0
2022-10-24 00:00:00-04:00,139.27746618830025,141.102741872391,136.77974134599287,138.8451690673828,3334500,0.0,0.0
2022-10-25 00:00:00-04:00,139.35432182274337,141.70795251994628,138.72989427443244,140.61279296875,3644800,0.0,0.0
2022-10-26 00:00:00-04:00,137.15438739162323,139.9210974900788,135.0120901194124,135.81906127929688,6726400,0.0,0.0
2022-10-27 00:00:00-04:00,136.8854257702151,137.71159985381613,134.531780243001,135.1466064453125,4666400,0.0,0.0
2022-10-28 00:00:00-04:00,135.9343830490952,140.24778323708324,135.59814372934386,139.1814422607422,3482000,0.0,0.0
2022-10-31 00:00:00-04:00,138.15349556469633,138.22074927945988,135.06976322493907,137.0102996826172,3078300,0.0,0.0
2022-11-01 00:00:00-04:00,139.40237609724244,140.17091255807222,137.68278877565558,139.0084991455078,2322800,0.0,0.0
2022-11-02 00:00:00-04:00,139.71936753051367,141.99614292425204,135.47322246530118,135.6845703125,3327700,0.0,0.0
2022-11-03 00:00:00-04:00,133.91694248054782,135.4636165735912,132.37026838750444,132.5912322998047,3706400,0.0,0.0
2022-11-04 00:00:00-04:00,136.72210861849442,139.6809495193208,135.5596953185458,138.61460876464844,5004300,0.0,0.0
2022-11-07 00:00:00-05:00,140.07483702801662,143.32189581027606,138.22075696456494,143.07211303710938,3981600,0.0,0.0
2022-11-08 00:00:00-05:00,145.1951631087275,149.47974300088754,144.1288224952458,145.09909057617188,4968300,0.0,0.0
2022-11-09 00:00:00-05:00,143.27385329512487,144.90698400694862,141.78481674722772,142.39964294433594,3696300,0.0,0.0
2022-11-10 00:00:00-05:00,149.77755313077864,154.43677796797465,148.42300952577773,154.06211853027344,5617300,0.0,0.0
2022-11-11 00:00:00-05:00,153.13025412192061,158.40431916890486,153.04379764375923,157.60696411132812,3211500,0.0,0.0
2022-11-14 00:00:00-05:00,156.70395499258146,160.24881763241436,154.5232520323065,154.9171142578125,4269700,0.0,0.0
2022-11-15 00:00:00-05:00,160.87327511118164,161.2575359828647,156.16599881069445,158.67333984375,4158100,0.0,0.0
2022-11-16 00:00:00-05:00,155.52235129284625,155.7336991664644,153.9276408495865,154.92674255371094,3859000,0.0,0.0
2022-11-17 00:00:00-05:00,152.21763321661072,155.3301985512718,151.8717926238706,155.1188507080078,2835400,0.0,0.0
2022-11-18 00:00:00-05:00,157.1266645676668,157.4340849897887,154.63854099289458,155.4839324951172,4016500,0.0,0.0
2022-11-21 00:00:00-05:00,154.82105615025085,155.6376140883762,152.89010661119008,152.97657775878906,6276300,0.0,0.0
2022-11-22 00:00:00-05:00,158.68293243748474,162.20859243639828,156.31009896554446,161.8050994873047,5739900,0.0,0.0
2022-11-23 00:00:00-05:00,162.68893914691392,166.48357032484412,161.10383002746076,162.54483032226562,3851800,0.0,0.0
2022-11-25 00:00:00-05:00,162.39111971260968,162.83303291840215,160.41214832458417,160.517822265625,1698600,0.0,0.0
2022-11-28 00:00:00-05:00,158.40436679443644,160.71957757423993,156.14679368406973,157.55897521972656,3910900,0.0,0.0
2022-11-29 00:00:00-05:00,158.27945522708495,158.51962192486383,156.02189706313075,157.4436798095703,2685800,0.0,0.0
2022-11-30 00:00:00-05:00,158.0873466408989,165.41723996051593,156.30050557622135,165.14825439453125,5396300,0.0,0.0
2022-12-01 00:00:00-05:00,166.39711746211017,166.39711746211017,163.08280498472874,164.7351531982422,3222200,0.0,0.0
2022-12-02 00:00:00-05:00,161.33853755385928,162.87279406434638,159.44725668811708,162.71841430664062,3055200,0.76,0.0
2022-12-05 00:00:00-05:00,161.97540345499613,162.97893813567848,160.9332627920559,161.9561004638672,2615800,0.0,0.0
2022-12-06 00:00:00-05:00,161.86926467773037,162.5447221518801,159.50515615627197,160.6727294921875,3572100,0.0,0.0
2022-12-07 00:00:00-05:00,160.46042955283056,162.57365792890687,159.22530319378583,160.19024658203125,1881600,0.0,0.0
2022-12-08 00:00:00-05:00,161.21311080959754,163.8474023307525,160.10341699710273,163.70265197753906,2836300,0.0,0.0
2022-12-09 00:00:00-05:00,162.56400222833062,164.3877445133909,162.01397746871143,162.76663208007812,2514900,0.0,0.0
2022-12-12 00:00:00-05:00,163.23950401258145,166.29837340089134,161.85964175767361,166.22117614746094,2966800,0.0,0.0
2022-12-13 00:00:00-05:00,171.76959884474715,173.64159171818878,167.5913914380348,169.33795166015625,4778100,0.0,0.0
2022-12-14 00:00:00-05:00,169.7046147909578,170.65027005645607,164.14654532988067,165.6614990234375,3202500,0.0,0.0
2022-12-15 00:00:00-05:00,163.28774934844424,163.81847124779688,159.68851401553104,160.26747131347656,3985000,0.0,0.0
2022-12-16 00:00:00-05:00,159.48584173248906,161.38678138168046,158.3182684802655,160.97186279296875,7411900,0.0,0.0
2022-12-19 00:00:00-05:00,161.5701110957119,161.618361206258,158.00946790586192,159.35073852539062,2621800,0.0,0.0
2022-12-20 00:00:00-05:00,157.98053676112102,159.99726496065014,157.82614228130598,158.56915283203125,2102300,0.0,0.0
2022-12-21 00:00:00-05:00,159.58234948278883,161.9561020799491,159.42795499995302,161.5411834716797,2181400,0.0,0.0
2022-12-22 00:00:00-05:00,159.05161630702239,159.05161630702239,155.41377570544375,158.0094757080078,2972000,0.0,0.0
2022-12-23 00:00:00-05:00,156.99630896186878,158.36652700390076,155.59714379192465,158.09634399414062,1498300,0.0,0.0
2022-12-27 00:00:00-05:00,157.83580700008116,157.96123963620443,155.50063089679728,156.51382446289062,1932000,0.0,0.0
2022-12-28 00:00:00-05:00,155.83836498284955,157.83580496370885,154.44884407857674,154.6611328125,1499900,0.0,0.0
2022-12-29 00:00:00-05:00,156.88053017991595,159.00340312706402,155.8383893388351,158.2314453125,2148900,0.0,0.0
2022-12-30 00:00:00-05:00,156.66820939147976,158.40511043827684,155.12429407791174,158.2796630859375,1619400,0.0,0.0
2023-01-03 00:00:00-05:00,159.76569959810834,160.37360398035892,155.78047830042453,156.75506591796875,4475700,0.0,0.0
2023-01-04 00:00:00-05:00,159.5823616376163,161.71487853922252,158.01914314660843,160.09378051757812,3477900,0.0,0.0
2023-01-05 00:00:00-05:00,158.70425607048745,159.82359404621388,153.98568302033047,154.09182739257812,4750300,0.0,0.0
2023-01-06 00:00:00-05:00,156.0892560023833,160.90432939089573,154.32340762211365,159.7174530029297,3483400,0.0,0.0
2023-01-09 00:00:00-05:00,161.52186199684292,163.95352328970426,159.8718024385775,161.24203491210938,3734100,0.0,0.0
2023-01-10 00:00:00-05:00,160.6630725585081,163.7991385393799,160.6630725585081,163.2877197265625,2351900,0.0,0.0
2023-01-11 00:00:00-05:00,161.8403127990788,164.1658299925199,161.4446824601711,163.83773803710938,3068900,0.0,0.0
2023-01-12 00:00:00-05:00,164.05968328191986,164.6579434866374,161.29994453042298,162.7570037841797,2478100,0.0,0.0
2023-01-13 00:00:00-05:00,161.62800980253962,163.49034338534562,160.5858692262025,163.05612182617188,1891200,0.0,0.0
2023-01-17 00:00:00-05:00,162.02365927658585,163.23948273089755,160.22886385896268,161.0587158203125,3320200,0.0,0.0
2023-01-18 00:00:00-05:00,162.62192412186133,163.44213197251267,160.08411804822003,160.1806182861328,2627700,0.0,0.0
2023-01-19 00:00:00-05:00,159.75602980165954,159.83322704190252,156.41733382339146,157.41122436523438,3082500,0.0,0.0
2023-01-20 00:00:00-05:00,158.07701981649438,159.44723754727192,155.39446387374613,159.3796844482422,3841900,0.0,0.0
2023-01-23 00:00:00-05:00,160.70167718664337,164.2816238981088,159.81393097120946,163.71231079101562,3521900,0.0,0.0
2023-01-24 00:00:00-05:00,162.02364487754622,164.0693201114086,161.4929230789874,162.94033813476562,2407100,0.0,0.0
2023-01-25 00:00:00-05:00,160.77889029837962,162.81492178681313,158.45338752276567,162.54473876953125,2739800,0.0,0.0
2023-01-26 00:00:00-05:00,163.98249783533367,164.95708545244298,161.01047014121914,164.75445556640625,3539900,0.0,0.0
2023-01-27 00:00:00-05:00,163.14299814290104,165.99922254426852,162.49647306653446,164.84129333496094,2453400,0.0,0.0
2023-01-30 00:00:00-05:00,163.1719421362952,165.15006441578015,162.43857569618007,163.0078887939453,3135600,0.0,0.0
2023-01-31 00:00:00-05:00,163.00788254868257,165.50709716098402,162.97893542440482,165.45884704589844,2549400,0.0,0.0
2023-02-01 00:00:00-05:00,165.32375599761605,172.25204260538735,165.22725576718824,170.39935302734375,4200300,0.0,0.0
2023-02-02 00:00:00-05:00,171.6248376369195,173.7380660870544,170.01338388893996,173.0143585205078,4206200,0.0,0.0
2023-02-03 00:00:00-05:00,170.72745109588342,174.98285558196807,170.04234943735642,172.55120849609375,4005700,0.0,0.0
2023-02-06 00:00:00-05:00,170.78534813004055,173.03366815665174,170.18707317315614,171.32571411132812,2916600,0.0,0.0
2023-02-07 00:00:00-05:00,172.1362511733039,175.48460592268614,170.80462458021594,174.67405700683594,3531600,0.0,0.0
2023-02-08 00:00:00-05:00,172.38713461878783,173.5643667590268,171.18095535410595,171.52833557128906,3520600,0.0,0.0
2023-02-09 00:00:00-05:00,174.41353864489955,175.84165091056715,171.10378948800275,172.26171875,2983300,0.0,0.0
2023-02-10 00:00:00-05:00,170.93006409972404,172.74416230585575,169.89758237363017,172.20379638671875,4003300,0.0,0.0
2023-02-13 00:00:00-05:00,173.09155688439387,175.26267959812284,172.67662355380307,174.12403869628906,3975500,0.0,0.0
2023-02-14 00:00:00-05:00,172.79242226619405,176.71009012708865,172.2713445831371,176.14076232910156,3784200,0.0,0.0
2023-02-15 00:00:00-05:00,187.52711976519393,189.5245599150264,184.40071218997036,189.3026123046875,7456000,0.0,0.0
2023-02-16 00:00:00-05:00,187.7393929905614,189.41839987371313,186.19549232367865,187.0349884033203,4481700,0.0,0.0
2023-02-17 00:00:00-05:00,186.32093792901043,187.5850115652996,184.6515897873066,185.9542694091797,3774900,0.0,0.0
2023-02-21 00:00:00-05:00,183.94717092716772,184.47787803501924,178.97770342416933,179.45053100585938,5117800,0.0,0.0
2023-02-22 00:00:00-05:00,180.13562611376776,180.13562611376776,176.43024700652805,177.3179931640625,3512600,0.0,0.0
2023-02-23 00:00:00-05:00,180.42511539888548,180.8979429722642,176.71973622343197,179.14173889160156,4501800,0.0,0.0
2023-02-24 00:00:00-05:00,177.67788591391567,178.24984849964,176.05893269417223,177.34828186035156,3177900,0.86,0.0
2023-02-27 00:00:00-05:00,179.9076294086488,180.21784071026005,177.34832330267994,177.5712890625,2769500,0.0,0.0
2023-02-28 00:00:00-05:00,177.40647103391666,179.85913854842582,176.96052476200907,177.8621063232422,2644400,0.0,0.0
2023-03-01 00:00:00-05:00,178.2401829921813,179.85913642545276,177.11563570446452,177.5131072998047,2600300,0.0,0.0
2023-03-02 00:00:00-05:00,175.59362657035712,179.64585454579847,173.7420036434465,178.94786071777344,2906400,0.0,0.0
2023-03-03 00:00:00-05:00,179.64584316347768,181.0903053979183,177.34828892069675,180.55711364746094,3112400,0.0,0.0
2023-03-06 00:00:00-05:00,181.59441068461678,182.79649955426044,179.43256189618722,179.84942626953125,2664100,0.0,0.0
2023-03-07 00:00:00-05:00,180.34386552852183,181.22605431069036,177.90088689805285,179.2871856689453,2415100,0.0,0.0
2023-03-08 00:00:00-05:00,180.67345666252555,181.72044742890836,179.539220363709,180.8673553466797,3182000,0.0,0.0
2023-03-09 00:00:00-05:00,181.40053978808322,183.01949327887434,177.77486500708025,177.94935607910156,3627300,0.0,0.0
2023-03-10 00:00:00-05:00,179.08358181890202,179.9076068343631,175.78751134184276,176.20436096191406,3166800,0.0,0.0
2023-03-13 00:00:00-04:00,174.31395983037254,178.6667246810506,173.60627701153973,176.97021484375,3310200,0.0,0.0
2023-03-14 00:00:00-04:00,179.30658104793534,182.28273676330608,178.36622855992064,180.87705993652344,4147400,0.0,0.0
2023-03-15 00:00:00-04:00,178.59887532511905,179.83975003445812,174.8277765240634,177.33860778808594,3972700,0.0,0.0
2023-03-16 00:00:00-04:00,175.77781343874238,181.58471473692705,174.69203709324603,180.92550659179688,3753500,0.0,0.0
2023-03-17 00:00:00-04:00,181.6622948884023,183.0292008166489,178.8315484762763,180.16937255859375,6216500,0.0,0.0
2023-03-20 00:00:00-04:00,180.41171288979777,181.7883076966636,179.46165671088536,181.3423614501953,3033500,0.0,0.0
2023-03-21 00:00:00-04:00,183.10675757729734,184.11496275308653,180.3147820252755,182.64141845703125,3232700,0.0,0.0
2023-03-22 00:00:00-04:00,183.08732413010912,185.64662955419988,180.65404987217883,180.90609741210938,3481000,0.0,0.0
2023-03-23 00:00:00-04:00,183.19396227488798,186.65483430500535,181.34233960165372,183.65928649902344,2658300,0.0,0.0
2023-03-24 00:00:00-04:00,183.3200001578184,183.6302113878115,179.985144379145,181.95309448242188,3401800,0.0,0.0
2023-03-27 00:00:00-04:00,182.49598708391474,182.60262543698747,178.84121602939504,179.1223602294922,3616900,0.0,0.0
2023-03-28 00:00:00-04:00,178.10445603491323,178.3758964330504,175.35126640101203,177.98812866210938,3319900,0.0,0.0
2023-03-29 00:00:00-04:00,180.3535294239531,184.48332852273776,180.3535294239531,183.3878631591797,3577800,0.0,0.0
2023-03-30 00:00:00-04:00,185.40428728273747,189.16569664196044,185.0552903855684,188.27381896972656,4367100,0.0,0.0
2023-03-31 00:00:00-04:00,187.60491457830278,191.52142232225037,187.34316319677896,191.1918182373047,3873000,0.0,0.0
2023-04-03 00:00:00-04:00,190.4647429648449,191.70561758681953,188.32228682349003,190.28054809570312,3120700,0.0,0.0
2023-04-04 00:00:00-04:00,191.52142779281823,192.19033979115665,187.86665653360822,189.156005859375,3633600,0.0,0.0
2023-04-05 00:00:00-04:00,188.41925679444137,188.56466602684793,183.27156287373427,184.55120849609375,3368300,0.0,0.0
2023-04-06 00:00:00-04:00,182.97100859900775,183.9986064413497,181.10969678775584,181.44898986816406,3010100,0.0,0.0
2023-04-10 00:00:00-04:00,179.95608191339295,185.36552672389155,179.3550226284092,185.11346435546875,2573500,0.0,0.0
2023-04-11 00:00:00-04:00,186.34463681808072,186.44158615176536,183.2909251081032,183.6205291748047,2336400,0.0,0.0
2023-04-12 00:00:00-04:00,184.96804634887403,184.96804634887403,181.30358629528584,181.56532287597656,2085400,0.0,0.0
2023-04-13 00:00:00-04:00,181.5750530881583,184.28947217244118,180.46989854291957,183.32003784179688,2020200,0.0,0.0
2023-04-14 00:00:00-04:00,182.37967191533426,185.2395000214717,181.3229773305965,182.748046875,1988100,0.0,0.0
2023-04-17 00:00:00-04:00,181.92401203076648,184.14400967547994,181.67194969032846,183.775634765625,2095000,0.0,0.0
2023-04-18 00:00:00-04:00,185.08437764703802,186.09259750944415,182.6801849474723,183.78533935546875,1745500,0.0,0.0
2023-04-19 00:00:00-04:00,182.14698934252118,183.25214372727453,181.82707428477786,182.7868194580078,1556000,0.0,0.0
2023-04-20 00:00:00-04:00,179.89791005728733,183.43633894009795,177.5034064203548,181.26480102539062,2807800,0.0,0.0
2023-04-21 00:00:00-04:00,180.5571178763997,181.47807739836472,178.9963282389,180.6443634033203,1975300,0.0,0.0
2023-04-24 00:00:00-04:00,180.6443783158622,181.66228725780834,180.03364478460898,181.2454376220703,1782000,0.0,0.0
2023-04-25 00:00:00-04:00,180.44079943310334,180.45048845022097,175.5354645561336,175.6033172607422,3474800,0.0,0.0
2023-04-26 00:00:00-04:00,175.6905550286319,176.90234777245539,174.15884722535202,175.1379852294922,3603100,0.0,0.0
2023-04-27 00:00:00-04:00,173.07307606996474,173.47054761808783,166.00590768825126,172.19088745117188,4621700,0.0,0.0
2023-04-28 00:00:00-04:00,172.21031298200958,174.65329162402475,170.8821926897032,174.38185119628906,3167800,0.0,0.0
2023-05-01 00:00:00-04:00,175.22522956520476,177.33858899571226,175.13798403841685,176.96051025390625,2572800,0.0,0.0
2023-05-02 00:00:00-04:00,178.80245268599108,180.88673037446836,176.55335816024382,178.04629516601562,2710800,0.0,0.0
2023-05-03 00:00:00-04:00,177.8135946401059,179.5197932712883,176.46608187983813,176.81507873535156,1788500,0.0,0.0
2023-05-04 00:00:00-04:00,176.4370252455413,177.37737760743912,174.96348111260986,175.78750610351562,2308200,0.0,0.0
2023-05-05 00:00:00-04:00,175.11860172019513,178.81214383308625,174.0813147683414,177.7845458984375,3672100,0.0,0.0
2023-05-08 00:00:00-04:00,178.17230725775684,178.9284795518754,176.17527514845926,178.8800048828125,1936900,0.0,0.0
2023-05-09 00:00:00-04:00,176.95084873678908,177.13504362800558,172.58839421073412,174.12979125976562,3353300,0.0,0.0
2023-05-10 00:00:00-04:00,176.12678846803482,176.71814388853227,174.0715928129773,175.88442993164062,3364700,0.0,0.0
2023-05-11 00:00:00-04:00,174.8859192756857,175.55483122330494,173.27666978719495,175.0701141357422,2252600,0.0,0.0
2023-05-12 00:00:00-04:00,175.89412313708888,176.9701955655076,173.40267043279707,175.05072021484375,1376800,0.0,0.0
2023-05-15 00:00:00-04:00,175.15737386007214,179.0738965288027,174.76960607554503,178.73458862304688,2435800,0.0,0.0
2023-05-16 00:00:00-04:00,178.01721687531827,179.5973846512189,177.00899696696672,177.202880859375,2178800,0.0,0.0
2023-05-17 00:00:00-04:00,178.37590799979898,182.83531161675126,177.55188294262524,182.21487426757812,3002200,0.0,0.0
2023-05-18 00:00:00-04:00,183.17458286729197,187.1395650595229,182.61230927543366,186.38340759277344,2959000,0.0,0.0
2023-05-19 00:00:00-04:00,186.38341586937557,186.76149461953938,183.95983034463515,184.706298828125,3598300,0.0,0.0
2023-05-22 00:00:00-04:00,184.1052613504137,187.23652982554538,183.66901889785487,185.46246337890625,2494400,0.0,0.0
2023-05-23 00:00:00-04:00,183.98892377893122,184.54150841373337,181.67197646300627,182.17608642578125,3864700,0.0,0.0
2023-05-24 00:00:00-04:00,166.25797062506857,171.23117296392044,164.5517717036819,167.906005859375,10367100,0.0,0.0
2023-05-25 00:00:00-04:00,161.42048033245973,168.62338399733906,156.98047000345787,167.12075805664062,9915900,0.0,0.0
2023-05-26 00:00:00-04:00,167.2080197909093,172.307253550054,166.24828932475327,171.1342315673828,6794800,0.0,0.0
2023-05-30 00:00:00-04:00,172.67562587420935,173.3736197256762,169.46680083636758,172.0067138671875,5233100,0.0,0.0
2023-05-31 00:00:00-04:00,170.03877615535234,174.49818000579128,169.8836779042333,172.2587890625,7035300,0.0,0.0
2023-06-01 00:00:00-04:00,173.74198564464803,176.63089520490192,171.2990074996407,174.89561462402344,4361700,0.0,0.0
2023-06-02 00:00:00-04:00,176.61001202098365,177.28212796115338,174.28196708899063,175.13916015625,3696600,0.86,0.0
2023-06-05 00:00:00-04:00,174.5254948835536,174.69108630437006,169.15833225622328,170.44410705566406,3311400,0.0,0.0
2023-06-06 00:00:00-04:00,169.1096039320351,174.0871408035918,168.9147913948198,173.35658264160156,3487400,0.0,0.0
2023-06-07 00:00:00-04:00,173.6487973959318,178.60684822692596,173.6487973959318,175.69435119628906,4060900,0.0,0.0
2023-06-08 00:00:00-04:00,176.73664409387632,177.80812054788345,175.38267680930062,176.9704132080078,2995000,0.0,0.0
2023-06-09 00:00:00-04:00,178.51920984584564,181.0712884578205,176.38597747673904,177.73020935058594,3164500,0.0,0.0
2023-06-12 00:00:00-04:00,180.20434507141775,183.08762113238765,179.9218691243763,182.79539489746094,3845700,0.0,0.0
2023-06-13 00:00:00-04:00,185.4059244673668,187.54889218756227,184.5097748703121,187.38330078125,3827900,0.0,0.0
2023-06-14 00:00:00-04:00,187.62679810162246,188.9418086355298,184.9383496267866,186.9157257080078,4061300,0.0,0.0
2023-06-15 00:00:00-04:00,185.8345229444615,186.91574967269614,184.53899795562222,184.74356079101562,3414400,0.0,0.0
2023-06-16 00:00:00-04:00,185.55203909718855,186.80859260530536,182.88306124148508,183.4772491455078,6889200,0.0,0.0
2023-06-20 00:00:00-04:00,182.15250956271856,184.10066474520752,180.59397947142958,183.1071014404297,2663500,0.0,0.0
2023-06-21 00:00:00-04:00,181.19793191878202,183.3798563820915,180.53555137581617,180.63296508789062,2941300,0.0,0.0
2023-06-22 00:00:00-04:00,179.113379524673,181.53882304228966,178.48022021734536,181.2855682373047,2973200,0.0,0.0
2023-06-23 00:00:00-04:00,179.32771097060507,182.24019378852222,178.7627441195811,181.12001037597656,5021500,0.0,0.0
2023-06-26 00:00:00-04:00,182.9804796981984,186.66249176857968,181.41221419686974,181.50961303710938,3365800,0.0,0.0
2023-06-27 00:00:00-04:00,181.95769642248985,187.6170848310066,180.21408921644334,187.39305114746094,3631900,0.0,0.0
2023-06-28 00:00:00-04:00,185.09424012382323,186.2046880557475,183.68183049703507,184.9773406982422,3836400,0.0,0.0
2023-06-29 00:00:00-04:00,184.87991873201952,185.717626004911,182.73695113211494,184.56820678710938,2623200,0.0,0.0
2023-06-30 00:00:00-04:00,186.02932157854792,190.2957858946472,185.85399475838994,189.76004028320312,3376000,0.0,0.0
2023-07-03 00:00:00-04:00,188.95154740185652,191.45493368622016,187.28588321690216,189.29248046875,1367600,0.0,0.0
2023-07-05 00:00:00-04:00,187.4417543539042,188.3379188682075,184.94811795735242,185.0747528076172,2693700,0.0,0.0
2023-07-06 00:00:00-04:00,182.05506626821835,183.08760083224126,179.78547892915824,181.3634796142578,4203800,0.0,0.0
2023-07-07 00:00:00-04:00,181.55832272711868,183.769483034222,180.3796822948119,180.50631713867188,3038000,0.0,0.0
2023-07-10 00:00:00-04:00,181.09076090786994,186.1364754830755,180.95439064538448,186.09751892089844,3367200,0.0,0.0
2023-07-11 00:00:00-04:00,186.6917084178434,187.09108378398247,182.73695590869488,186.00010681152344,2039700,0.0,0.0
2023-07-12 00:00:00-04:00,188.39634250253357,190.96790663986533,187.58785635248785,190.33474731445312,3117600,0.0,0.0
2023-07-13 00:00:00-04:00,191.5815612677985,194.27002476029242,190.83153227200998,193.13035583496094,3364400,0.0,0.0
2023-07-14 00:00:00-04:00,192.26346206859034,192.2731974948666,186.52614498367063,186.9936981201172,2922100,0.0,0.0
2023-07-17 00:00:00-04:00,185.63971474335696,192.41928666025873,185.63971474335696,191.26988220214844,3249100,0.0,0.0
2023-07-18 00:00:00-04:00,189.8672055955455,191.70821168040501,188.7957291445356,191.40625,3022900,0.0,0.0
2023-07-19 00:00:00-04:00,192.05887722026475,192.28291090493698,190.24709230283003,190.7146453857422,2040800,0.0,0.0
2023-07-20 00:00:00-04:00,186.9060141688155,188.92234706679946,183.86688195753962,184.7338104248047,3991000,0.0,0.0
2023-07-21 00:00:00-04:00,186.68197120451512,188.63012645783954,185.7760861460769,186.98394775390625,8748400,0.0,0.0
2023-07-24 00:00:00-04:00,186.47741575908677,188.59116234071212,185.7078861414212,187.38330078125,2663500,0.0,0.0
2023-07-25 00:00:00-04:00,187.99697795500413,191.84458152599387,187.99697795500413,190.58802795410156,2958700,0.0,0.0
2023-07-26 00:00:00-04:00,186.95471943399613,187.82166282606855,184.97734295966933,186.55535888671875,2793200,0.0,0.0
2023-07-27 00:00:00-04:00,190.43217548177608,192.9647832493381,188.66909736054993,190.3834686279297,3474600,0.0,0.0
2023-07-28 00:00:00-04:00,193.14983915583963,193.86092649945465,191.10428513081945,193.27647399902344,2883900,0.0,0.0
2023-07-31 00:00:00-04:00,193.58818179201725,194.91292788297503,193.28620525991224,194.35769653320312,2091300,0.0,0.0
2023-08-01 00:00:00-04:00,192.51667618984334,194.88369223984907,191.71794037003926,194.30897521972656,1900300,0.0,0.0
2023-08-02 00:00:00-04:00,192.95502445734738,193.02321702237614,186.89626071433483,187.47097778320312,3739700,0.0,0.0
2023-08-03 00:00:00-04:00,185.7371077139046,188.23075882925627,184.04222221989914,186.526123046875,3040100,0.0,0.0
2023-08-04 00:00:00-04:00,184.10065850563842,185.3279908782415,179.95109345834265,183.46751403808594,3632900,0.0,0.0
2023-08-07 00:00:00-04:00,185.75658727485822,186.40921745490726,183.9740235607344,185.17214965820312,2035200,0.0,0.0
2023-08-08 00:00:00-04:00,182.1525031781308,182.50317169321735,178.9867511175483,181.77261352539062,2939500,0.0,0.0
2023-08-09 00:00:00-04:00,181.57780189504447,182.63954287041926,179.61016105814548,180.01927185058594,2341900,0.0,0.0
2023-08-10 00:00:00-04:00,182.20121295302496,184.05195439592677,179.36664364918292,179.921875,2268000,0.0,0.0
2023-08-11 00:00:00-04:00,178.25619156929656,179.66860104350835,177.30159973243704,178.46075439453125,2859400,0.0,0.0
2023-08-14 00:00:00-04:00,178.6263531697283,180.80827745835455,177.81786698662322,180.58424377441406,2057000,0.0,0.0
2023-08-15 00:00:00-04:00,178.21723758642946,179.32768541446816,176.34699558455412,176.6197509765625,1959500,0.0,0.0
2023-08-16 00:00:00-04:00,175.71386269371214,175.95738210067518,171.2136288092738,172.57733154296875,4869000,0.0,0.0
2023-08-17 00:00:00-04:00,173.13256210343644,173.64882205468805,170.10318010066538,170.94088745117188,2804100,0.0,0.0
2023-08-18 00:00:00-04:00,169.3920880745418,171.92469577056755,168.92453498996204,171.1941375732422,2834600,0.0,0.0
2023-08-21 00:00:00-04:00,171.5545462666825,173.05463413004574,169.70380472763148,172.62603759765625,3345900,0.0,0.0
2023-08-22 00:00:00-04:00,174.35016918279226,174.73005888322018,170.8142624504083,172.08056640625,4241700,0.0,0.0
2023-08-23 00:00:00-04:00,164.23920969608642,174.15531162200986,164.17101713597134,172.8792724609375,7413500,0.0,0.0
2023-08-24 00:00:00-04:00,172.18770665758228,173.62933738694053,168.46672298006553,169.1875457763672,6811300,0.0,0.0
2023-08-25 00:00:00-04:00,168.88556708491274,174.35987805302102,168.88556708491274,173.54165649414062,4538700,0.0,0.0
2023-08-28 00:00:00-04:00,175.421626797989,176.42492551051268,174.59366977773578,175.65541076660156,2851700,0.0,0.0
2023-08-29 00:00:00-04:00,174.08715174389576,178.6847992546811,173.49296380693957,177.82760620117188,3574800,0.0,0.0
2023-08-30 00:00:00-04:00,176.97040025184793,178.15877603916354,175.72358219027808,176.86326599121094,3080900,0.0,0.0
2023-08-31 00:00:00-04:00,176.86327734436264,179.19132221880852,176.13271914280122,177.0678253173828,3362800,0.0,0.0
2023-09-01 00:00:00-04:00,178.71206303539321,178.75120477927854,176.81336737817148,178.54566955566406,1879000,0.86,0.0
2023-09-05 00:00:00-04:00,177.55718141553098,179.52437887389576,176.37295324626115,177.67462158203125,2488000,0.0,0.0
2023-09-06 00:00:00-04:00,177.67463763076137,178.58484380504535,174.9440489757062,178.30101013183594,3382500,0.0,0.0
2023-09-07 00:00:00-04:00,176.10868540104616,177.54738707384544,173.86743615723404,174.6602020263672,5562200,0.0,0.0
2023-09-08 00:00:00-04:00,174.60149065509705,175.06148458195838,172.94748677971472,173.69129943847656,3182200,0.0,0.0
2023-09-11 00:00:00-04:00,175.71718875275866,176.07932078744318,171.55768067586433,173.867431640625,2768100,0.0,0.0
2023-09-12 00:00:00-04:00,172.7419383604207,175.19848972804024,171.29345490013606,171.32281494140625,2862900,0.0,0.0
2023-09-13 00:00:00-04:00,172.16450190585894,173.83808397053951,171.56748951851813,172.41896057128906,2269400,0.0,0.0
2023-09-14 00:00:00-04:00,174.45467329825686,176.27507048655107,171.4891897238594,175.8444366455078,4135400,0.0,0.0
2023-09-15 00:00:00-04:00,175.58997852885057,175.75635707088142,173.4368242508265,174.34701538085938,6062000,0.0,0.0
2023-09-18 00:00:00-04:00,174.30786968367207,176.5197439929543,173.62276225875002,175.89337158203125,2733700,0.0,0.0
2023-09-19 00:00:00-04:00,174.4057384495187,175.20828606659822,172.40918097705483,174.94403076171875,2852700,0.0,0.0
2023-09-20 00:00:00-04:00,175.20829042312968,175.2670105070303,172.18407169717148,172.3308868408203,2606500,0.0,0.0
2023-09-21 00:00:00-04:00,171.6653314884728,172.8985127976032,169.7079160100004,170.1385498046875,3780800,0.0,0.0
2023-09-22 00:00:00-04:00,171.26409504654677,173.11385231808026,170.5496275511308,171.74365234375,2839700,0.0,0.0
2023-09-25 00:00:00-04:00,170.78454141870301,171.84154782241666,169.37519954708478,171.69473266601562,2300400,0.0,0.0
2023-09-26 00:00:00-04:00,169.66878786447427,170.11900003150575,167.77009230881754,168.67050170898438,3492500,0.0,0.0
2023-09-27 00:00:00-04:00,169.30666833435032,170.2951578398619,167.01648072398436,169.1304931640625,2558400,0.0,0.0
2023-09-28 00:00:00-04:00,169.13048521022685,173.83806713510438,168.5921929567398,172.65383911132812,2781800,0.0,0.0
2023-09-29 00:00:00-04:00,174.1708554176554,174.8070095460881,170.4224025630849,171.36195373535156,2703800,0.0,0.0
2023-10-02 00:00:00-04:00,171.27389540557607,173.13343458213436,169.9917903493924,171.69473266601562,1727200,0.0,0.0
2023-10-03 00:00:00-04:00,170.0798404451914,172.6440501046952,166.85989835115404,167.85816955566406,3226100,0.0,0.0
2023-10-04 00:00:00-04:00,168.9151836975552,170.61814072721495,168.06371264967362,170.08963012695312,3601000,0.0,0.0
2023-10-05 00:00:00-04:00,170.51047898541646,170.91175277902343,166.27267229819478,168.4356231689453,2874600,0.0,0.0
2023-10-06 00:00:00-04:00,167.0752408214365,171.55771009345057,166.5075884180085,170.2658233642578,3259900,0.0,0.0
2023-10-09 00:00:00-04:00,169.1696752578964,170.19730665904834,167.77989682602401,169.62966918945312,2571900,0.0,0.0
2023-10-10 00:00:00-04:00,169.95262651221785,173.78917474960943,169.77646625263142,172.22323608398438,2924500,0.0,0.0
2023-10-11 00:00:00-04:00,172.61467988142093,173.32914728632855,169.55133480039402,171.195556640625,2466900,0.0,0.0
2023-10-12 00:00:00-04:00,172.14492089986882,172.42873960176235,168.55306492915958,169.9036865234375,3569000,0.0,0.0
2023-10-13 00:00:00-04:00,170.27557963061776,170.54961662114226,166.40968678995802,167.42755126953125,2699900,0.0,0.0
2023-10-16 00:00:00-04:00,168.07349117736396,170.0504851720785,167.84839255833936,169.07177734375,3258900,0.0,0.0
2023-10-17 00:00:00-04:00,165.8811898705289,170.3636733723375,165.1373623872017,168.93475341796875,2283600,0.0,0.0
2023-10-18 00:00:00-04:00,167.06543560294386,169.27732501542891,166.10630604209229,167.62330627441406,3827200,0.0,0.0
2023-10-19 00:00:00-04:00,169.24794578813788,169.3458225492734,164.6480217588118,165.12759399414062,3692800,0.0,0.0
2023-10-20 00:00:00-04:00,165.42119575800172,166.12586656539287,162.47527573618996,162.97442626953125,3399600,0.0,0.0
2023-10-23 00:00:00-04:00,162.02509641858154,163.74761695261688,160.1655424415084,160.380859375,2757500,0.0,0.0
2023-10-24 00:00:00-04:00,161.11487689036286,161.79998431292904,159.38257479770374,161.41827392578125,3206300,0.0,0.0
2023-10-25 00:00:00-04:00,158.5604585219437,159.030249057518,155.61455317452823,156.38772583007812,5142300,0.0,0.0
2023-10-26 00:00:00-04:00,157.44473348492352,160.4395772388899,157.2587765964006,157.43495178222656,3528300,0.0,0.0
2023-10-27 00:00:00-04:00,158.04173582023478,159.0302402838099,156.39751383812785,157.151123046875,2168900,0.0,0.0
2023-10-30 00:00:00-04:00,154.26393153636496,154.65542364938744,151.68993996251635,152.5609893798828,4421400,0.0,0.0
2023-10-31 00:00:00-04:00,153.16777325942104,154.2834995727089,151.85630836964157,153.9801025390625,3151800,0.0,0.0
2023-11-01 00:00:00-04:00,154.10735785929288,156.08433713357584,152.1597236944203,155.84945678710938,4324600,0.0,0.0
2023-11-02 00:00:00-04:00,158.53109961560196,161.75105693211225,158.1983425176098,160.84085083007812,4105900,0.0,0.0
2023-11-03 00:00:00-04:00,162.40678239688384,165.8518381971905,162.40678239688384,164.34461975097656,3536600,0.0,0.0
2023-11-06 00:00:00-05:00,163.87483840092887,165.3233217809348,162.06422297549943,164.0020751953125,2132900,0.0,0.0
2023-11-07 00:00:00-05:00,164.00208294085158,165.51906817370374,163.38549221143634,164.53057861328125,2537400,0.0,0.0
2023-11-08 00:00:00-05:00,164.91227903844788,166.86969481338494,163.93357115097936,165.3135528564453,3452000,0.0,0.0
2023-11-09 00:00:00-05:00,165.8713960517961,166.98712236183906,163.2288879421045,163.57144165039062,4211500,0.0,0.0
2023-11-10 00:00:00-05:00,165.67565978391218,169.30667239352394,164.26631812340406,168.65093994140625,3671000,0.0,0.0
2023-11-13 00:00:00-05:00,167.1143710188876,167.9658420982334,166.47821686850926,167.0262908935547,3243700,0.0,0.0
2023-11-14 00:00:00-05:00,171.4696206208818,174.50362107608316,171.2738820282005,173.7989501953125,3448600,0.0,0.0
2023-11-15 00:00:00-05:00,175.20828097650042,178.91757710390507,175.20828097650042,176.93080139160156,3293200,0.0,0.0
2023-11-16 00:00:00-05:00,177.46911395859357,177.79208937342068,174.85596553015384,176.01083374023438,3286900,0.0,0.0
2023-11-17 00:00:00-05:00,179.0252290274349,179.66139805792702,177.26355200022763,179.1524658203125,3279000,0.0,0.0
2023-11-20 00:00:00-05:00,178.21290683925596,180.76733489668678,178.21290683925596,179.9060821533203,3811100,0.0,0.0
2023-11-21 00:00:00-05:00,179.16225161616657,180.60095331010376,175.61933407719278,177.3907928466797,4965900,0.0,0.0
2023-11-22 00:00:00-05:00,178.28141250490074,180.28776643748338,177.57674170971177,178.78054809570312,2926300,0.0,0.0
2023-11-24 00:00:00-05:00,178.90778887025303,179.48522288825833,178.33035485224772,179.1524658203125,1127100,0.0,0.0
2023-11-27 00:00:00-05:00,178.7707657306148,180.4541442979967,177.56694441519588,179.8571319580078,3520200,0.0,0.0
2023-11-28 00:00:00-05:00,179.3579907099845,180.62053216775624,178.45758130266708,179.2992706298828,2797900,0.0,0.0
2023-11-29 00:00:00-05:00,181.34477051222413,182.9498507849441,178.64354222903103,178.81971740722656,2986600,0.0,0.0
2023-11-30 00:00:00-05:00,179.27969509313908,179.59288877043687,176.91122391068646,179.47544860839844,4356200,0.0,0.0
2023-12-01 00:00:00-05:00,179.7212670874388,180.81275207675262,178.13812246337574,180.01626586914062,2332900,0.86,0.0
2023-12-04 00:00:00-05:00,178.6297925616226,180.38992755525243,177.17446915444896,180.20309448242188,3316000,0.0,0.0
2023-12-05 00:00:00-05:00,179.1804479974061,179.4656039988188,176.6336545552702,177.61697387695312,2620000,0.0,0.0
2023-12-06 00:00:00-05:00,179.94744223259474,179.94744223259474,177.164646653295,177.5579833984375,2763400,0.0,0.0
2023-12-07 00:00:00-05:00,179.29844820709127,182.6220724398002,177.36130787072972,181.30442810058594,3717600,0.0,0.0
2023-12-08 00:00:00-05:00,181.17658556707428,183.19239318346268,180.74392266354562,181.79608154296875,2404200,0.0,0.0
2023-12-11 00:00:00-05:00,182.55322989597374,187.92216010679792,182.46473475618987,186.95851135253906,3499500,0.0,0.0
2023-12-12 00:00:00-05:00,187.04699540029122,187.8631522065116,185.96533818620125,187.78448486328125,2841100,0.0,0.0
2023-12-13 00:00:00-05:00,188.21718036242862,189.8691498437273,186.49637131727707,189.06283569335938,3701800,0.0,0.0
2023-12-14 00:00:00-05:00,189.96744487149414,196.91950404100922,189.96744487149414,196.8310089111328,5610000,0.0,0.0
2023-12-15 00:00:00-05:00,198.5714908040631,199.38764757820425,196.68351965352713,197.5291748046875,7057400,0.0,0.0
2023-12-18 00:00:00-05:00,197.52919360565514,197.83402020004152,192.88792512556378,193.3107452392578,3421000,0.0,0.0
2023-12-19 00:00:00-05:00,194.40222350350123,194.79556022786787,193.40907640746647,194.53005981445312,1981800,0.0,0.0
2023-12-20 00:00:00-05:00,192.986232442803,194.14655697107767,188.85629455429307,188.984130859375,3629500,0.0,0.0
2023-12-21 00:00:00-05:00,191.86525119693107,194.40221671451704,191.52109845492348,193.0059051513672,2636800,0.0,0.0
2023-12-22 00:00:00-05:00,194.32355583501828,196.132874755568,192.46508295273372,193.81224060058594,1754600,0.0,0.0
2023-12-26 00:00:00-05:00,194.5988981230402,196.49671231717585,194.2449025482112,195.55271911621094,1606900,0.0,0.0
2023-12-27 00:00:00-05:00,195.5526999232043,196.11319911344813,194.77588429582198,196.0247039794922,1646100,0.0,0.0
2023-12-28 00:00:00-05:00,197.50952502112867,198.10935042413092,196.3787137715935,196.89987182617188,2215500,0.0,0.0
2023-12-29 00:00:00-05:00,196.53602491869395,197.3521817433093,194.78571775408918,195.2478790283203,1542400,0.0,0.0
2024-01-02 00:00:00-05:00,193.78275744543566,193.78275744543566,188.31548908829893,190.35096740722656,3279200,0.0,0.0
2024-01-03 00:00:00-05:00,187.58783478035156,187.91233196321414,185.51303037181484,185.8080291748047,3297400,0.0,0.0
2024-01-04 00:00:00-05:00,178.86577754901452,183.77254633657464,178.7772824116121,182.9662322998047,3923500,0.0,0.0
2024-01-05 00:00:00-05:00,182.90721634232574,184.66736627969163,181.89439867058357,183.43821716308594,2492200,0.0,0.0
2024-01-08 00:00:00-05:00,184.05771981645083,186.2997018734033,183.8905573173944,185.82769775390625,2587200,0.0,0.0
2024-01-09 00:00:00-05:00,183.38905000124234,187.1453369405789,182.7892246262689,186.59466552734375,3151700,0.0,0.0
2024-01-10 00:00:00-05:00,186.45699331350318,186.45699331350318,183.24155013579065,185.22784423828125,3080400,0.0,0.0
2024-01-11 00:00:00-05:00,185.23770215682762,186.5946726437611,182.63189690205667,185.8080291748047,2918700,0.0,0.0
2024-01-12 00:00:00-05:00,186.5258493691885,187.1355025630824,184.29371024987327,185.21803283691406,1597100,0.0,0.0
2024-01-16 00:00:00-05:00,184.71654350209596,186.21117809163073,182.3565680901644,184.65753173828125,2373300,0.0,0.0
2024-01-17 00:00:00-05:00,181.5993940984449,182.60238394684671,179.8294314303091,182.33688354492188,2925900,0.0,0.0
2024-01-18 00:00:00-05:00,187.184671924555,187.53866749045767,184.57888165073143,186.80117797851562,3585500,0.0,0.0
2024-01-19 00:00:00-05:00,188.16798051500734,192.31758913194847,187.85331113919113,191.52110290527344,4395300,0.0,0.0
2024-01-22 00:00:00-05:00,192.7305766926808,194.54972334173974,192.2094186805364,194.0187225341797,2861800,0.0,0.0
2024-01-23 00:00:00-05:00,193.85156517122093,198.20767744927787,193.60573534752788,198.01100158691406,3801100,0.0,0.0
2024-01-24 00:00:00-05:00,197.50951299683987,199.06315927403523,194.55955512971846,194.99221801757812,4255300,0.0,0.0
2024-01-25 00:00:00-05:00,198.63050908593976,198.6796780543878,193.67458615418593,194.0089111328125,2957300,0.0,0.0
2024-01-26 00:00:00-05:00,192.06194243484543,193.1927536844087,190.2427956376219,190.6951141357422,2379100,0.0,0.0
2024-01-29 00:00:00-05:00,190.70493762704382,194.0285614913397,189.70194779147468,193.91055297851562,2766500,0.0,0.0
2024-01-30 00:00:00-05:00,192.5634221119697,193.28124100645815,190.12479442646327,191.49160766601562,2479800,0.0,0.0
2024-01-31 00:00:00-05:00,190.2821173755557,192.8190830371849,188.42364444955854,189.15130615234375,4125600,0.0,0.0
2024-02-01 00:00:00-05:00,188.90548210235505,189.41681236872552,185.5917006736303,188.80714416503906,2628000,0.0,0.0
2024-02-02 00:00:00-05:00,187.15516576457472,189.66263300179742,186.57501097365306,188.89564514160156,2948400,0.0,0.0
2024-02-05 00:00:00-05:00,189.57412066289336,190.7541158226787,187.24365873041458,189.34796142578125,3193700,0.0,0.0
2024-02-06 00:00:00-05:00,189.9871346277842,189.9871346277842,185.86702422840364,186.54551696777344,3991700,0.0,0.0
2024-02-07 00:00:00-05:00,188.630158152824,189.6036497389429,185.72936898749134,188.767822265625,3500400,0.0,0.0
2024-02-08 00:00:00-05:00,189.75112259790322,191.91442201232087,188.70880656213683,190.82293701171875,2594500,0.0,0.0
2024-02-09 00:00:00-05:00,192.26842470561147,192.26842470561147,190.22311872730438,191.76693725585938,3183900,0.0,0.0
2024-02-12 00:00:00-05:00,191.43260660685502,192.4159259709854,189.3971433253218,190.81312561035156,6264900,0.0,0.0
2024-02-13 00:00:00-05:00,185.02135672487327,185.79817234327808,179.95725350150533,181.60923767089844,6800200,0.0,0.0
2024-02-14 00:00:00-05:00,182.80888689471308,183.95936862630663,181.66823295416762,183.21205139160156,3780800,0.0,0.0
2024-02-15 00:00:00-05:00,184.64769942438744,186.17184736063408,183.57588497406857,184.4116973876953,2811200,0.0,0.0
2024-02-16 00:00:00-05:00,184.4608700521705,187.3420034996977,182.95639267321948,185.10003662109375,4353300,0.0,0.0
2024-02-20 00:00:00-05:00,184.12654630188655,186.34884260738687,182.917067715623,186.2406768798828,4600500,0.0,0.0
2024-02-21 00:00:00-05:00,187.0863255465696,191.04910114492972,186.9978304101525,190.48861694335938,5557200,0.0,0.0
2024-02-22 00:00:00-05:00,193.8515724313933,194.0482332968608,185.88667984373086,188.7088165283203,5780400,0.0,0.0
2024-02-23 00:00:00-05:00,189.8396163679738,189.8396163679738,186.70282548768972,186.93882751464844,3720400,0.0,0.0
2024-02-26 00:00:00-05:00,188.08933221555225,188.29583588987333,185.72937167502548,185.85719299316406,2827100,0.0,0.0
2024-02-27 00:00:00-05:00,186.63401766258957,187.19450189597458,184.85421202039623,185.91619873046875,1886100,0.0,0.0
2024-02-28 00:00:00-05:00,184.0773800614848,185.5031901238822,183.11373129579215,184.62803649902344,1774800,0.0,0.0
2024-02-29 00:00:00-05:00,186.95851865645864,189.08247711556032,185.61136090198204,188.62033081054688,3119300,0.0,0.0
2024-03-01 00:00:00-05:00,189.33814079776525,193.9302402878878,188.4236460147588,192.88792419433594,2934000,0.0,0.0
2024-03-04 00:00:00-05:00,193.47081394717173,193.86598906846646,191.36646949261413,192.31491088867188,3150700,0.92,0.0
2024-03-05 00:00:00-05:00,190.96140412967128,192.70021083358665,186.61441751981184,187.51345825195312,3328500,0.0,0.0
2024-03-06 00:00:00-05:00,189.06452247312615,191.66284316058,188.096332950315,189.3905487060547,3905300,0.0,0.0
2024-03-07 00:00:00-05:00,191.34669851670532,196.98791585728884,191.34669851670532,195.85177612304688,4275300,0.0,0.0
2024-03-08 00:00:00-05:00,196.60261632860175,197.26454292634057,193.22381940471394,193.57948303222656,3751300,0.0,0.0
2024-03-11 00:00:00-04:00,192.2556331172338,196.09876915025472,192.2556331172338,195.8221435546875,3110900,0.0,0.0
2024-03-12 00:00:00-04:00,196.8990027293501,197.19539159438955,194.16236915959567,196.80020141601562,3864600,0.0,0.0
2024-03-13 00:00:00-04:00,196.05924126392182,197.42262102923013,195.04165102820932,196.2074432373047,3647400,0.0,0.0
2024-03-14 00:00:00-04:00,196.66190379797118,197.49178062414902,191.20839951529598,192.08767700195312,4361800,0.0,0.0
2024-03-15 00:00:00-04:00,186.47611071205313,193.55973122785426,186.47611071205313,192.84840393066406,10198200,0.0,0.0
2024-03-18 00:00:00-04:00,194.8341787722642,195.90115453276778,188.81753474935613,188.9163360595703,2846500,0.0,0.0
2024-03-19 00:00:00-04:00,188.03709093020927,188.77805565905345,185.8339600241031,188.2445526123047,2226700,0.0,0.0
2024-03-20 00:00:00-04:00,188.165505324931,192.4038163932408,187.66163972645052,191.97900390625,2594300,0.0,0.0
2024-03-21 00:00:00-04:00,194.26119244337542,196.27660981864744,191.95926027200773,192.79901123046875,3109000,0.0,0.0
2024-03-22 00:00:00-04:00,192.93729623817762,193.2633224721181,190.23031520630894,191.17874145507812,2104300,0.0,0.0
2024-03-25 00:00:00-04:00,188.511289861646,189.795631642719,188.13586293680305,188.33346557617188,1768700,0.0,0.0
2024-03-26 00:00:00-04:00,188.33345795340085,189.61778460752606,186.48597585984007,186.68357849121094,2711500,0.0,0.0
2024-03-27 00:00:00-04:00,188.3828466271552,191.0700796482758,187.0985199519575,191.0009307861328,2410300,0.0,0.0
2024-03-28 00:00:00-04:00,191.70235772722341,196.1777978513525,191.59368231449687,195.4071807861328,3119700,0.0,0.0
2024-04-01 00:00:00-04:00,195.02188374415766,197.28430417997123,193.8165800785635,194.25128173828125,2032300,0.0,0.0
2024-04-02 00:00:00-04:00,192.86815743256636,193.2238210631316,190.41803857476373,192.53225708007812,2495800,0.0,0.0
2024-04-03 00:00:00-04:00,190.67490039336528,194.30068555039884,190.32911086525692,193.0064697265625,1928300,0.0,0.0
2024-04-04 00:00:00-04:00,195.96044988229127,196.30622432785145,189.02501679392964,189.63754272460938,2931000,0.0,0.0
2024-04-05 00:00:00-04:00,190.30936691868294,193.30286292052944,188.8669490898399,192.4136962890625,2087400,0.0,0.0
2024-04-08 00:00:00-04:00,192.28528445492935,194.60696480589476,191.69250666427646,194.32046508789062,2456700,0.0,0.0
2024-04-09 00:00:00-04:00,196.11851825971934,201.73997248662153,195.5356296860068,201.6609344482422,4598000,0.0,0.0
2024-04-10 00:00:00-04:00,197.9659947283018,198.33153245479042,193.04597873547416,193.96478271484375,4517700,0.0,0.0
2024-04-11 00:00:00-04:00,195.57514755824093,196.69152399773608,191.89996184910203,196.2469482421875,3427100,0.0,0.0
2024-04-12 00:00:00-04:00,192.68043388336014,194.29080177557205,189.76597613070885,189.9536895751953,3335900,0.0,0.0
2024-04-15 00:00:00-04:00,192.60140728639408,193.52021128634138,186.95031571402643,187.99754333496094,2561500,0.0,0.0
2024-04-16 00:00:00-04:00,190.42791634340583,191.7023689170777,188.17538499810357,188.9262237548828,2268000,0.0,0.0
2024-04-17 00:00:00-04:00,190.10188792721885,190.50695221869458,186.92067850507675,187.1479034423828,2763200,0.0,0.0
2024-04-18 00:00:00-04:00,186.0512809381293,187.90862197517464,184.35200089415594,185.3201904296875,2748900,0.0,0.0
2024-04-19 00:00:00-04:00,184.8361068978821,185.6659837269124,180.37057058454846,181.1510467529297,4121300,0.0,0.0
2024-04-22 00:00:00-04:00,182.21803884635665,186.04141182003087,180.98309769724065,184.0655059814453,3557800,0.0,0.0
2024-04-23 00:00:00-04:00,184.74718162691653,188.5606802036044,184.18404127046674,187.64187622070312,4177800,0.0,0.0
2024-04-24 00:00:00-04:00,197.62020858177448,199.25032476420603,192.6804443017222,194.1327362060547,6527500,0.0,0.0
2024-04-25 00:00:00-04:00,195.47635136735641,196.70141832748718,192.74960693024957,195.55538940429688,3301500,0.0,0.0
2024-04-26 00:00:00-04:00,194.68599758075283,200.15926513143017,194.5970854370508,199.53684997558594,3136300,0.0,0.0
2024-04-29 00:00:00-04:00,198.3908324720379,201.52264156181388,198.22288227699875,201.443603515625,2289200,0.0,0.0
2024-04-30 00:00:00-04:00,201.17684387696545,201.73996916306487,198.0845466292878,198.19322204589844,2668400,0.0,0.0
2024-05-01 00:00:00-04:00,194.68600829961403,197.11637921936727,191.51468773325092,191.55419921875,3554600,0.0,0.0
2024-05-02 00:00:00-04:00,193.7375627553809,194.94286645604905,189.28188568857897,194.12286376953125,2728100,0.0,0.0
2024-05-03 00:00:00-04:00,196.64213296975973,199.39852992405724,196.64213296975973,197.22503662109375,2372800,0.0,0.0
2024-05-06 00:00:00-04:00,197.75851451772795,200.97923528959757,197.59056434702862,200.87057495117188,2168900,0.0,0.0
2024-05-07 00:00:00-04:00,202.03635788451442,203.291062225374,201.078042413735,201.11756896972656,3276700,0.0,0.0
2024-05-08 00:00:00-04:00,199.9517688996086,202.53032634040449,199.3787544599913,202.3920135498047,2464300,0.0,0.0
2024-05-09 00:00:00-04:00,202.01661297711618,202.98481771242032,201.2460108898108,202.3228759765625,2941800,0.0,0.0
2024-05-10 00:00:00-04:00,203.46888750041677,205.25707975621998,202.76744941524967,204.69395446777344,2617000,0.0,0.0
2024-05-13 00:00:00-04:00,206.31418940188254,207.22310418813402,205.54358740756143,205.86961364746094,2314800,0.0,0.0
2024-05-14 00:00:00-04:00,206.482150154431,209.86094716614411,204.2197447115606,209.38673400878906,2683400,0.0,0.0
2024-05-15 00:00:00-04:00,211.8467280967668,213.29902003138938,210.14746301795483,213.1508331298828,3802700,0.0,0.0
2024-05-16 00:00:00-04:00,213.39782255108258,213.39782255108258,211.08601642477072,211.54046630859375,2820000,0.0,0.0
2024-05-17 00:00:00-04:00,211.92575853063875,213.0322759637155,210.40431778823367,211.50094604492188,2373800,0.0,0.0
2024-05-20 00:00:00-04:00,212.37035498003183,216.0652890556216,211.36263883443263,214.8599853515625,2647900,0.0,0.0
2024-05-21 00:00:00-04:00,212.60745106970907,214.4648072583781,211.96528774488502,214.0301055908203,3428800,0.0,0.0
2024-05-22 00:00:00-04:00,225.0457819228731,237.47423107386228,222.04241177369062,237.2667694091797,9445800,0.0,0.0
2024-05-23 00:00:00-04:00,237.978091776709,238.96604464516102,229.20506548086652,231.73422241210938,5578400,0.0,0.0
2024-05-24 00:00:00-04:00,233.48289514414466,235.44892671143103,229.40264511440932,229.7089080810547,4543300,0.0,0.0
2024-05-28 00:00:00-04:00,227.66385750997497,231.46746694324344,227.66385750997497,230.62771606445312,2673800,0.0,0.0
2024-05-29 00:00:00-04:00,226.97228465206643,228.83951486536196,225.08529116152403,225.40142822265625,3002100,0.0,0.0
2024-05-30 00:00:00-04:00,225.92505149045232,227.91084637561733,225.26312488705204,227.22915649414062,2885100,0.0,0.0
2024-05-31 00:00:00-04:00,227.32795716490077,231.90216861646604,224.9074606187037,231.66506958007812,6460100,0.0,0.0
2024-06-03 00:00:00-04:00,232.25783056186597,233.44337096010142,225.75709903700206,229.41253662109375,3087800,0.0,0.0
2024-06-04 00:00:00-04:00,229.9779001537004,230.29529471541716,227.09151815641852,228.7578887939453,2616000,0.92,0.0
2024-06-05 00:00:00-04:00,230.1167706579589,234.05454591837426,229.34310341567897,233.7668914794922,4016700,0.0,0.0
2024-06-06 00:00:00-04:00,232.6163241169076,236.44499176449062,231.3962975560576,235.4828643798828,2757000,0.0,0.0
2024-06-07 00:00:00-04:00,234.1338968804891,235.68123135536948,231.3764643911658,232.86428833007812,2208200,0.0,0.0
2024-06-10 00:00:00-04:00,230.40439622129344,234.0644453372278,229.31333447195675,233.4593963623047,2765600,0.0,0.0
2024-06-11 00:00:00-04:00,231.75338351517726,234.59016860235386,231.23761541563874,234.3818817138672,3098600,0.0,0.0
2024-06-12 00:00:00-04:00,237.08970847353234,238.6271296070766,234.5207360439881,236.50450134277344,2515000,0.0,0.0
2024-06-13 00:00:00-04:00,230.66231271918227,234.33227548820236,230.60280218191662,232.1302947998047,2673800,0.0,0.0
2024-06-14 00:00:00-04:00,228.23220602561724,230.68215740559867,227.58747321592682,229.3133544921875,2252400,0.0,0.0
2024-06-17 00:00:00-04:00,228.66861217629017,230.61270876763496,226.08972644952266,230.50360107421875,2415000,0.0,0.0
2024-06-18 00:00:00-04:00,229.8588928198099,234.51080977666564,229.40262013735193,233.46934509277344,2457400,0.0,0.0
2024-06-20 00:00:00-04:00,230.54328351779128,230.78134080901845,226.95267306762048,227.64698791503906,4562300,0.0,0.0
2024-06-21 00:00:00-04:00,229.6604970543522,229.99774865045637,227.210560887042,229.1744842529297,7366400,0.0,0.0
2024-06-24 00:00:00-04:00,229.17448693082036,230.05726187476066,226.24843617067629,226.6055145263672,2413600,0.0,0.0
2024-06-25 00:00:00-04:00,229.20422866114077,229.20422866114077,224.00675848750413,228.47023010253906,2015800,0.0,0.0
2024-06-26 00:00:00-04:00,227.45852141336758,228.1230809284146,224.7308443075388,225.9905242919922,2510600,0.0,0.0
2024-06-27 00:00:00-04:00,225.157360272488,226.58567370197247,224.14563573744852,224.83995056152344,2159000,0.0,0.0
2024-06-28 00:00:00-04:00,226.2980120581706,230.18620521911416,225.01849014701642,226.40711975097656,3634000,0.0,0.0
2024-07-01 00:00:00-04:00,224.85979293566254,225.10776359728874,222.1023603891733,223.3521270751953,2307800,0.0,0.0
2024-07-02 00:00:00-04:00,222.73716260858916,226.51623303508129,222.73716260858916,226.38729858398438,2417900,0.0,0.0
2024-07-03 00:00:00-04:00,226.8137996826354,229.11497465404037,225.19702614901772,228.15284729003906,1425700,0.0,0.0
2024-07-05 00:00:00-04:00,229.54147416583754,229.6307399692789,226.51622914703978,229.01577758789062,2251800,0.0,0.0
2024-07-08 00:00:00-04:00,230.2952896525463,231.85255256448235,229.7894349864339,231.4458770751953,1729500,0.0,0.0
2024-07-09 00:00:00-04:00,231.86247303104798,232.3584143351197,229.03561667879552,230.12667846679688,1315500,0.0,0.0
2024-07-10 00:00:00-04:00,232.55681987157317,237.1492263893948,231.20785882103144,236.39540100097656,4037600,0.0,0.0
2024-07-11 00:00:00-04:00,236.82189127226178,237.25832205101713,231.7732123183274,231.8426513671875,3103700,0.0,0.0
2024-07-12 00:00:00-04:00,236.4152330188665,240.19430345121657,234.2330791055003,236.62351989746094,3105700,0.0,0.0
2024-07-15 00:00:00-04:00,235.21505048638423,237.82370669319192,234.18349919207353,235.79034423828125,2057200,0.0,0.0
2024-07-16 00:00:00-04:00,237.06985722232557,241.8507386683959,235.72089626701666,241.35479736328125,1964600,0.0,0.0
2024-07-17 00:00:00-04:00,238.52792749071577,242.15822150120172,233.49909049284972,233.6974639892578,4448200,0.0,0.0
2024-07-18 00:00:00-04:00,234.56039849872715,239.1429065097044,234.37193837872897,237.05003356933594,3688500,0.0,0.0
2024-07-19 00:00:00-04:00,238.34938961337355,238.34938961337355,228.8669944662317,229.3430938720703,2894900,0.0,0.0
2024-07-22 00:00:00-04:00,235.19519633491063,238.30970708114646,231.42605457781903,238.09149169921875,2827300,0.0,0.0
2024-07-23 00:00:00-04:00,232.1997239730835,234.99682505008866,227.17087189904922,228.45040893554688,3876200,0.0,0.0
2024-07-24 00:00:00-04:00,228.75790106561107,229.08522415723672,221.923830193002,222.7966766357422,4589600,0.0,0.0
2024-07-25 00:00:00-04:00,219.71191610417563,225.76240620614357,215.48650154546007,219.126708984375,5114600,0.0,0.0
2024-07-26 00:00:00-04:00,223.47116288367982,225.40533101390926,221.16007450527763,224.59197998046875,4296200,0.0,0.0
2024-07-29 00:00:00-04:00,226.8832419143164,228.40082115203393,223.50091845877995,225.55410766601562,2672200,0.0,0.0
2024-07-30 00:00:00-04:00,226.9923468696009,228.3115374542281,221.09063308871563,222.7570037841797,3955600,0.0,0.0
2024-07-31 00:00:00-04:00,227.89494043541768,230.27546775332388,225.09783937716392,229.50180053710938,4308100,0.0,0.0
2024-08-01 00:00:00-04:00,226.228592892281,229.32326186599903,215.01040272762526,217.1429443359375,5404600,0.0,0.0
2024-08-02 00:00:00-04:00,210.75521006433365,211.34043229936262,205.03205837430514,206.27191162109375,6796700,0.0,0.0
2024-08-05 00:00:00-04:00,204.35757547344716,207.39273387627156,197.1168293032545,198.93197631835938,4879700,0.0,0.0
2024-08-06 00:00:00-04:00,199.72547283839359,207.00588719463946,199.54692610747512,203.21690368652344,4671100,0.0,0.0
2024-08-07 00:00:00-04:00,208.76153650452306,209.7038219677216,199.2295439089481,199.67588806152344,4178200,0.0,0.0
2024-08-08 00:00:00-04:00,204.51628482303508,212.40174881720228,202.6118719624197,211.9058074951172,4510100,0.0,0.0
2024-08-09 00:00:00-04:00,208.24576551311839,211.99508083045743,207.46218485576068,209.5947265625,2482100,0.0,0.0
2024-08-12 00:00:00-04:00,210.42789864694876,211.66775196241494,208.2953569983182,210.3584747314453,1712100,0.0,0.0
2024-08-13 00:00:00-04:00,211.51897007475694,216.82554817984152,211.46937291645256,216.24032592773438,4011000,0.0,0.0
2024-08-14 00:00:00-04:00,215.15917719125324,216.33951993655023,211.07262561957364,213.57217407226562,2409500,0.0,0.0
2024-08-15 00:00:00-04:00,218.66052210608288,222.41976573816012,217.6388842110161,221.85438537597656,5197400,0.0,0.0
2024-08-16 00:00:00-04:00,221.23941768059137,221.98332963302445,219.62264419412662,221.37828063964844,2573600,0.0,0.0
2024-08-19 00:00:00-04:00,220.62444417956573,224.24482482807983,219.69208722893129,224.11587524414062,2803100,0.0,0.0
2024-08-20 00:00:00-04:00,222.14204359739392,224.1853194223331,219.59289793768863,221.6758575439453,3994200,0.0,0.0
2024-08-21 00:00:00-04:00,227.6568968695619,234.9373114661672,222.98512319949467,225.65328979492188,5595100,0.0,0.0
2024-08-22 00:00:00-04:00,223.84807514740876,226.4071342687376,219.46395553386867,220.1086883544922,3708100,0.0,0.0
2024-08-23 00:00:00-04:00,224.01669657300442,227.34942279338472,222.93553301083682,226.53607177734375,3208000,0.0,0.0
2024-08-26 00:00:00-04:00,225.9905347740657,226.33769974851725,221.97340709580683,223.7786407470703,2532300,0.0,0.0
2024-08-27 00:00:00-04:00,223.28270288275036,230.46393868309931,222.48919373954652,229.95806884765625,3707500,0.0,0.0
2024-08-28 00:00:00-04:00,229.2042381966456,231.35662167102717,223.31245299809726,225.3259735107422,3211800,0.0,0.0
2024-08-29 00:00:00-04:00,227.62714797348886,233.20152345620866,227.6172194609325,229.01577758789062,2711500,0.0,0.0
2024-08-30 00:00:00-04:00,233.03291013840084,234.22316628082095,229.938241141123,232.9337158203125,2770900,0.0,0.0
2024-09-03 00:00:00-04:00,227.72577400597982,229.05016813415733,216.73231358320024,217.78785705566406,4868600,0.92,0.0
2024-09-04 00:00:00-04:00,219.0823610986647,223.03562350815582,217.20033055870056,220.8648223876953,2736400,0.0,0.0
2024-09-05 00:00:00-04:00,218.55459511491787,220.6855715558478,216.8020213299087,218.13636779785156,2730000,0.0,0.0
2024-09-06 00:00:00-04:00,217.64844879630118,218.4849034506915,211.80318819357655,212.73922729492188,3437000,0.0,0.0
2024-09-09 00:00:00-04:00,216.09500580443822,218.385311253039,215.13906200319184,217.6384735107422,2450800,0.0,0.0
2024-09-10 00:00:00-04:00,216.58294849168072,218.10649629310043,213.21719482071148,217.7978057861328,2048900,0.0,0.0
2024-09-11 00:00:00-04:00,218.9628804300771,224.7683013104432,213.80472808097502,224.1210479736328,3431800,0.0,0.0
2024-09-12 00:00:00-04:00,222.49791304393688,222.50786541096429,218.00691881866388,220.59596252441406,2158200,0.0,0.0
2024-09-13 00:00:00-04:00,222.89621865430001,225.59479915345682,222.0697163640705,224.4695587158203,2032300,0.0,0.0
2024-09-16 00:00:00-04:00,221.45233040940113,223.5136099056504,219.7595012043545,222.3385772705078,2124000,0.0,0.0
2024-09-17 00:00:00-04:00,226.48104079523492,228.07428555379437,221.71122849736767,224.3998565673828,2524500,0.0,0.0
2024-09-18 00:00:00-04:00,227.90500678027766,227.90500678027766,221.0241530750814,221.70127868652344,2527300,0.0,0.0
2024-09-19 00:00:00-04:00,229.0302475675647,234.7659561236014,226.909223456127,232.4656982421875,7157700,0.0,0.0
2024-09-20 00:00:00-04:00,230.99194175835683,231.4997859657983,223.40407496935046,225.82382202148438,5009500,0.0,0.0
2024-09-23 00:00:00-04:00,223.83225817832798,225.88357016287253,223.25470181077944,225.05706787109375,1357900,0.0,0.0
2024-09-24 00:00:00-04:00,227.67597992664395,229.82687632153852,225.86366153064338,226.3715057373047,1984800,0.0,0.0
2024-09-25 00:00:00-04:00,223.1551338058437,226.62045683606274,223.1551338058437,225.68441772460938,2042600,0.0,0.0
2024-09-26 00:00:00-04:00,231.63920276252182,232.99346922177298,223.86213438480766,231.47988891601562,3883000,0.0,0.0
2024-09-27 00:00:00-04:00,233.72039777282234,234.2680666495889,230.11565046417255,231.0716094970703,2277800,0.0,0.0
2024-09-30 00:00:00-04:00,227.93487441912356,229.58787894663482,225.7043287380991,229.19952392578125,2711400,0.0,0.0
2024-10-01 00:00:00-04:00,227.96474527612148,228.47260466557987,221.46227921225358,222.7269287109375,3124400,0.0,0.0
2024-10-02 00:00:00-04:00,224.03141595068797,229.00038215863967,222.597484969947,226.7698211669922,1858000,0.0,0.0
2024-10-03 00:00:00-04:00,223.68289634823017,227.87513719675107,223.5136149433554,225.60475158691406,2087700,0.0,0.0
2024-10-04 00:00:00-04:00,230.9222243998037,231.3802915684146,225.15664370086435,227.2677001953125,1895200,0.0,0.0
2024-10-07 00:00:00-04:00,224.69858756181407,226.3515921632435,223.14516740893475,225.55496215820312,1564700,0.0,0.0
2024-10-08 00:00:00-04:00,225.78399673830384,229.53809026632925,223.36423449837739,228.43276977539062,2447400,0.0,0.0
2024-10-09 00:00:00-04:00,229.42855458810484,232.59515460257776,228.323234091702,232.256591796875,2410700,0.0,0.0
2024-10-10 00:00:00-04:00,228.73151122893714,230.85253535711985,227.70585524076742,229.727294921875,1793700,0.0,0.0
2024-10-11 00:00:00-04:00,228.35312153380585,233.0133818780289,228.35312153380585,231.87818908691406,1428900,0.0,0.0
2024-10-14 00:00:00-04:00,232.8142351531989,236.03061229194782,231.7188669910473,235.43313598632812,1770300,0.0,0.0
2024-10-15 00:00:00-04:00,235.01490986928536,235.7617476579573,223.135217404148,224.91766357421875,4112200,0.0,0.0
2024-10-16 00:00:00-04:00,227.88510444428135,229.36881242385607,225.00729017646768,226.5308380126953,1585700,0.0,0.0
2024-10-17 00:00:00-04:00,231.53962174705734,232.57523007178673,226.21217306827214,226.38145446777344,3637700,0.0,0.0
2024-10-18 00:00:00-04:00,228.20374897383758,228.81117763932951,226.01302787015385,227.36729431152344,1763100,0.0,0.0
2024-10-21 00:00:00-04:00,225.34585445288963,225.4553912677183,221.47225646588006,224.718505859375,2212200,0.0,0.0
2024-10-22 00:00:00-04:00,223.49369408536583,224.65875918074235,221.77099255402655,223.6729278564453,1833700,0.0,0.0
2024-10-23 00:00:00-04:00,227.1183491307182,228.54231253472162,223.06550216033276,225.89353942871094,2492000,0.0,0.0
2024-10-24 00:00:00-04:00,227.7755697103842,229.36881451862516,226.46112792899325,228.7115936279297,2376100,0.0,0.0
2024-10-25 00:00:00-04:00,230.86248081992105,234.2083145359106,229.07006718734576,229.19952392578125,1733500,0.0,0.0
2024-10-28 00:00:00-04:00,228.16392639820853,230.97202856007644,227.63616224731751,229.16966247558594,3403700,0.0,0.0
2024-10-29 00:00:00-04:00,228.7315071881568,234.8655382749588,228.04441402105533,234.23818969726562,2055900,0.0,0.0
2024-10-30 00:00:00-04:00,229.80695536943495,232.00764397740016,228.91075613944906,229.1497344970703,2084400,0.0,0.0
2024-10-31 00:00:00-04:00,229.18957421000195,229.22939887142962,219.89891070194435,222.16929626464844,4258100,0.0,0.0
2024-11-01 00:00:00-04:00,222.9260845641067,225.64458491374288,222.05975763644952,224.529296875,2922800,0.0,0.0
2024-11-04 00:00:00-05:00,224.0513333454937,225.82382712262623,222.4979131987442,223.2447509765625,1599600,0.0,0.0
2024-11-05 00:00:00-05:00,218.38532252498686,218.38532252498686,214.41215525534275,216.6825408935547,3753400,0.0,0.0
2024-11-06 00:00:00-05:00,222.7368948345973,227.1283046793357,221.00424088906107,225.2960662841797,3615300,0.0,0.0
2024-11-07 00:00:00-05:00,228.66182018981485,229.2991211620117,224.76830220298623,226.80966186523438,2500600,0.0,0.0
2024-11-08 00:00:00-05:00,225.60475156416618,227.15817169763977,223.81233787382996,224.84796142578125,3426900,0.0,0.0
2024-11-11 00:00:00-05:00,222.90618959352767,224.06128714951004,217.4990761463296,219.54043579101562,3271700,0.0,0.0
2024-11-12 00:00:00-05:00,219.56035245924016,219.9188351973468,214.98969374976758,218.6243133544922,2593900,0.0,0.0
2024-11-13 00:00:00-05:00,215.85603422917856,216.76218583716752,211.54428903826292,211.94259643554688,4609800,0.0,0.0
2024-11-14 00:00:00-05:00,212.54007595426003,214.13332076204932,210.56842847718605,211.3451385498047,3214100,0.0,0.0
2024-11-15 00:00:00-05:00,207.88975985427803,209.49297216160937,204.5339585732958,205.47996520996094,3881000,0.0,0.0
2024-11-18 00:00:00-05:00,205.64924448245304,209.00503053427224,205.2409695376366,208.7660369873047,3774700,0.0,0.0
2024-11-19 00:00:00-05:00,206.82426990077755,209.93112535371722,205.9280706552767,209.54275512695312,2958600,0.0,0.0
2024-11-20 00:00:00-05:00,206.376174265485,210.2696922251963,206.376174265485,210.1203155517578,3072400,0.0,0.0
2024-11-21 00:00:00-05:00,211.39491965883582,214.10345259824516,209.16437384599553,213.05789184570312,2540600,0.0,0.0
2024-11-22 00:00:00-05:00,210.6480679907097,213.84454021333437,210.6480679907097,213.68521118164062,2695200,0.0,0.0
2024-11-25 00:00:00-05:00,216.821940880651,224.05132482500133,215.08927183200126,222.63731384277344,7303600,0.0,0.0
2024-11-26 00:00:00-05:00,231.17117621399896,232.56528248857953,215.09922815845883,218.1264190673828,6568700,0.0,0.0
2024-11-27 00:00:00-05:00,218.39529287060265,218.47494219712235,212.99813173444244,216.2543487548828,2943400,0.0,0.0
2024-11-29 00:00:00-05:00,218.2658232598316,220.76523478093256,216.58294644028658,217.13063049316406,1992600,0.0,0.0
2024-12-02 00:00:00-05:00,217.2102942642598,223.84220188127443,216.09500623464834,222.1792449951172,3240200,0.0,0.0
2024-12-03 00:00:00-05:00,220.64575111124262,222.38837256288014,219.0226188397781,220.6059112548828,2340500,0.0,0.0
2024-12-04 00:00:00-05:00,222.16929464589742,222.26887909042063,216.9414303919414,217.37957763671875,2635200,0.0,0.0
2024-12-05 00:00:00-05:00,216.31407863829247,218.46497497495935,212.95829259065897,213.6453857421875,2474800,0.0,0.0
2024-12-06 00:00:00-05:00,213.82462814894174,217.66835381179874,212.82884445591614,217.27999877929688,3189400,0.0,0.0
2024-12-09 00:00:00-05:00,215.97000122070312,223.5500030517578,215.16000366210938,219.0399932861328,2467200,0.92,0.0
2024-12-10 00:00:00-05:00,219.0399932861328,219.6699981689453,214.5,215.61000061035156,2679400,0.0,0.0
2024-12-11 00:00:00-05:00,216.02999877929688,219.0399932861328,215.55999755859375,217.1199951171875,3839200,0.0,0.0
2024-12-12 00:00:00-05:00,215.14999389648438,218.72999572753906,214.63999938964844,217.72000122070312,2995000,0.0,0.0
2024-12-13 00:00:00-05:00,215.41000366210938,217.97000122070312,213.75,216.61000061035156,3067300,0.0,0.0
2024-12-16 00:00:00-05:00,214.9199981689453,217.7899932861328,213.66000366210938,216.30999755859375,3409800,0.0,0.0
2024-12-17 00:00:00-05:00,215.88999938964844,217.92999267578125,212.36000061035156,213.82000732421875,3240500,0.0,0.0
2024-12-18 00:00:00-05:00,215.16000366210938,218.9499969482422,207.25999450683594,207.77000427246094,4077400,0.0,0.0
2024-12-19 00:00:00-05:00,209.60000610351562,210.61000061035156,207.22999572753906,207.77999877929688,3941900,0.0,0.0
2024-12-20 00:00:00-05:00,206.27999877929688,213.36000061035156,205.8300018310547,211.77999877929688,6604100,0.0,0.0
2024-12-23 00:00:00-05:00,211.92999267578125,215.5800018310547,211.5500030517578,214.88999938964844,2478500,0.0,0.0
2024-12-24 00:00:00-05:00,215.94000244140625,218.2100067138672,213.6699981689453,218.08999633789062,1063500,0.0,0.0
2024-12-26 00:00:00-05:00,215.38999938964844,219.07000732421875,215.38999938964844,218.05999755859375,1189000,0.0,0.0
2024-12-27 00:00:00-05:00,217.42999267578125,218.25,215.24000549316406,216.99000549316406,1926700,0.0,0.0
2024-12-30 00:00:00-05:00,214.25,214.6300048828125,211.02999877929688,212.55999755859375,2578300,0.0,0.0
2024-12-31 00:00:00-05:00,214.0,214.5500030517578,211.07000732421875,212.4600067138672,1608800,0.0,0.0
2025-01-02 00:00:00-05:00,215.49000549316406,217.17999267578125,209.75,211.35000610351562,2356978,0.0,0.0
