Date,Open,High,Low,Close,Volume,Dividends,Stock Splits
2022-01-03 00:00:00-05:00,21.309133529663086,21.309133529663086,21.309133529663086,21.309133529663086,0,0.0,0.0
2022-01-04 00:00:00-05:00,21.282576647201005,21.46848852078353,21.282576647201005,21.344547271728516,4800,0.0,0.0
2022-01-05 00:00:00-05:00,21.441931035255617,21.468490600585938,21.441931035255617,21.468490600585938,1200,0.0,0.0
2022-01-06 00:00:00-05:00,21.468490600585938,21.468490600585938,21.468490600585938,21.468490600585938,1900,0.0,0.0
2022-01-07 00:00:00-05:00,21.468485741336767,21.574722290039062,21.273720705383994,21.574722290039062,3700,0.0,0.0
2022-01-10 00:00:00-05:00,21.503900985532084,21.672106481709125,21.468488235659326,21.486194610595703,2900,0.0,0.0
2022-01-11 00:00:00-05:00,21.477339381613454,21.557016372680664,21.24716159503848,21.557016372680664,5100,0.0,0.0
2022-01-12 00:00:00-05:00,21.680959987093257,21.689813174691263,21.46848855045972,21.5393123626709,4000,0.0,0.0
2022-01-13 00:00:00-05:00,21.5393123626709,21.5393123626709,21.5393123626709,21.5393123626709,0,0.0,0.0
2022-01-14 00:00:00-05:00,22.088198027801063,22.769876582614998,21.610136032104492,21.610136032104492,18000,0.0,0.0
2022-01-18 00:00:00-05:00,21.610136448630293,21.928844451904297,21.610136448630293,21.928844451904297,3800,0.0,0.0
2022-01-19 00:00:00-05:00,21.884577756159,21.911137318370518,21.698665886396878,21.7252254486084,3700,0.0,0.0
2022-01-20 00:00:00-05:00,21.66325332657528,21.680959701538086,21.60128270277831,21.680959701538086,2000,0.0,0.0
2022-01-21 00:00:00-05:00,21.601285050091448,21.707521622839682,21.362254027837704,21.468490600585938,3800,0.0,0.0
2022-01-24 00:00:00-05:00,21.884580056149836,21.884580056149836,21.424226082778485,21.441930770874023,4000,0.0,0.0
2022-01-25 00:00:00-05:00,21.335696563292476,21.734079919505895,21.335696563292476,21.424226760864258,7000,0.0,0.0
2022-01-26 00:00:00-05:00,21.433077812438572,21.63669776916504,21.335696116862994,21.63669776916504,13500,0.0,0.0
2022-01-27 00:00:00-05:00,21.530458859363797,21.55701842176837,21.335693800782188,21.486194610595703,10000,0.0,0.0
2022-01-28 00:00:00-05:00,21.27372483191259,21.601284350851447,21.27372483191259,21.29142951965332,3100,0.0,0.0
2022-01-31 00:00:00-05:00,21.565869103599486,22.141312713590885,21.43307299557845,21.574722290039062,18500,0.0,0.0
2022-02-01 00:00:00-05:00,21.54816941891368,21.999671936035156,21.54816941891368,21.999671936035156,5300,0.0,0.0
2022-02-02 00:00:00-05:00,21.990812168807068,23.123994717239253,21.82260500170692,22.229843139648438,18700,0.0,0.0
2022-02-03 00:00:00-05:00,22.53084546713561,22.53084546713561,21.911135897632075,22.07048988342285,4200,0.0,0.0
2022-02-04 00:00:00-05:00,21.911137922661325,22.98234829947645,21.911137922661325,22.530847549438477,5900,0.0,0.0
2022-02-07 00:00:00-05:00,22.54855214131137,22.62822914123535,22.22099264257755,22.62822914123535,10000,0.0,0.0
2022-02-08 00:00:00-05:00,22.43346232474305,22.557403564453125,22.212137717504916,22.557403564453125,3200,0.0,0.0
2022-02-09 00:00:00-05:00,22.752171069104115,23.194820298553044,22.752171069104115,22.761022567749023,5300,0.0,0.0
2022-02-10 00:00:00-05:00,22.982346951853028,22.982346951853028,22.610523223876953,22.610523223876953,59700,0.0,0.0
2022-02-11 00:00:00-05:00,22.78758252409764,22.9292301448889,22.628228528564264,22.884965896606445,6000,0.0,0.0
2022-02-14 00:00:00-05:00,22.849557521024547,23.726002975656005,22.849557521024547,23.159412384033203,54600,0.0,0.0
2022-02-15 00:00:00-05:00,23.132847825718432,23.265643944479596,23.132847825718432,23.16826057434082,3300,0.0,0.0
2022-02-16 00:00:00-05:00,23.16826233706254,23.239086151123047,23.141702773575005,23.239086151123047,3700,0.0,0.0
2022-02-17 00:00:00-05:00,23.1408034364338,23.55179929315517,22.792351724113047,23.38204002380371,16800,0.24,0.0
2022-02-18 00:00:00-05:00,23.864514561950113,23.864514561950113,23.757299423217773,23.757299423217773,1500,0.0,0.0
2022-02-22 00:00:00-05:00,23.230150509995287,23.560734170926686,23.194410998909216,23.38204002380371,5400,0.0,0.0
2022-02-23 00:00:00-05:00,23.40884350476912,23.596470816273584,23.03358717760659,23.239084243774414,4200,0.0,0.0
2022-02-24 00:00:00-05:00,23.149741076957948,23.864514342445453,22.783419565376363,23.140806198120117,7100,0.0,0.0
2022-02-25 00:00:00-05:00,23.319501313729063,23.319501313729063,22.64940071105957,22.64940071105957,7900,0.0,0.0
2022-02-28 00:00:00-05:00,22.551117235622733,22.854896291512937,22.470705032348633,22.470705032348633,3300,0.0,0.0
2022-03-01 00:00:00-05:00,22.935309716413897,22.935309716413897,22.70300797282137,22.7476806640625,2900,0.0,0.0
2022-03-02 00:00:00-05:00,22.917439262511817,23.21228344655241,22.917439262511817,23.006786346435547,1500,0.0,0.0
2022-03-03 00:00:00-05:00,22.962111573183943,23.05145694484743,22.524311072094967,22.738744735717773,2300,0.0,0.0
2022-03-04 00:00:00-05:00,22.738744735717773,22.738744735717773,22.738744735717773,22.738744735717773,500,0.0,0.0
2022-03-07 00:00:00-05:00,22.631527821517537,22.77448246064317,21.863145358101967,21.907819747924805,5900,0.0,0.0
2022-03-08 00:00:00-05:00,21.523629198686116,21.934623373165643,20.71950890206903,21.398544311523438,10500,0.0,0.0
2022-03-09 00:00:00-05:00,21.29132670508914,21.773799888066467,21.29132670508914,21.55936622619629,3000,0.0,0.0
2022-03-10 00:00:00-05:00,21.73806122977138,21.997167587280273,21.73806122977138,21.997167587280273,900,0.0,0.0
2022-03-11 00:00:00-05:00,21.997167587280273,21.997167587280273,21.997167587280273,21.997167587280273,300,0.0,0.0
2022-03-14 00:00:00-04:00,21.58617029585956,22.023969077775607,21.35386858836568,21.470020294189453,3200,0.0,0.0
2022-03-15 00:00:00-04:00,21.961427881546527,22.506443522454443,21.88101568193212,21.979297637939453,1900,0.0,0.0
2022-03-16 00:00:00-04:00,22.068645477294922,22.068645477294922,22.068645477294922,22.068645477294922,400,0.0,0.0
2022-03-17 00:00:00-04:00,22.685136728799236,22.685136728799236,22.318815231323242,22.318815231323242,3400,0.0,0.0
2022-03-18 00:00:00-04:00,22.33668395280189,22.33668395280189,22.059709548950195,22.059709548950195,7700,0.0,0.0
2022-03-21 00:00:00-04:00,22.2294679588025,22.300945281982422,22.2294679588025,22.300945281982422,800,0.0,0.0
2022-03-22 00:00:00-04:00,22.336684820998272,22.336684820998272,21.92569063828573,22.0507755279541,2400,0.0,0.0
2022-03-23 00:00:00-04:00,22.229465080234732,22.25626971201386,21.193043176258648,21.69338607788086,6600,0.0,0.0
2022-03-24 00:00:00-04:00,21.577236347789597,22.077577590942383,21.059025348485775,22.077577590942383,1400,0.0,0.0
2022-03-25 00:00:00-04:00,22.077577590942383,22.077577590942383,22.077577590942383,22.077577590942383,200,0.0,0.0
2022-03-28 00:00:00-04:00,22.077577590942383,22.077577590942383,22.077577590942383,22.077577590942383,0,0.0,0.0
2022-03-29 00:00:00-04:00,21.389609807521644,22.05971035045268,20.08514653112259,21.452152252197266,12600,0.0,0.0
2022-03-30 00:00:00-04:00,21.71125652943013,21.71125652943013,21.398544311523438,21.398544311523438,600,0.0,0.0
2022-03-31 00:00:00-04:00,21.443218231201172,21.443218231201172,21.443218231201172,21.443218231201172,1000,0.0,0.0
2022-04-01 00:00:00-04:00,20.978614270211718,21.42534797292059,20.49614275744613,20.656967163085938,2100,0.0,0.0
2022-04-04 00:00:00-04:00,20.728445603079624,21.56830378238763,20.728445603079624,20.817790985107422,47400,0.0,0.0
2022-04-05 00:00:00-04:00,20.86246464627742,21.568303023556506,20.86246464627742,21.541500091552734,5000,0.0,0.0
2022-04-06 00:00:00-04:00,21.246655284807616,21.612976780739316,21.103700637817383,21.103700637817383,9300,0.0,0.0
2022-04-07 00:00:00-04:00,21.44321396482276,21.44321396482276,20.69270133972168,20.69270133972168,23500,0.0,0.0
2022-04-08 00:00:00-04:00,20.603356850365266,20.603356850365266,20.415729522705078,20.415729522705078,1800,0.0,0.0
2022-04-11 00:00:00-04:00,20.46933895628937,20.46933895628937,19.030855829592994,19.21848487854004,5300,0.0,0.0
2022-04-12 00:00:00-04:00,19.423980132784077,19.817106246948242,19.37037256853788,19.817106246948242,5300,0.0,0.0
2022-04-13 00:00:00-04:00,20.11195039614917,20.281709671020508,19.73669403831206,20.281709671020508,6000,0.0,0.0
2022-04-14 00:00:00-04:00,20.281709671020508,20.281709671020508,20.281709671020508,20.281709671020508,700,0.0,0.0
2022-04-18 00:00:00-04:00,20.1030159553008,21.184110662014273,20.094081077044436,20.933940887451172,7300,0.0,0.0
2022-04-19 00:00:00-04:00,20.594421580197725,21.13050232697708,20.549748894696826,20.61229133605957,6500,0.0,0.0
2022-04-20 00:00:00-04:00,20.353187454238324,20.5497496636123,20.27277525400493,20.469337463378906,7100,0.0,0.0
2022-04-21 00:00:00-04:00,20.469337463378906,20.469337463378906,20.469337463378906,20.469337463378906,0,0.0,0.0
2022-04-22 00:00:00-04:00,20.728445603079624,20.99648515747087,20.469339223568014,20.817790985107422,3400,0.0,0.0
2022-04-25 00:00:00-04:00,20.862461148762037,21.80953598022461,20.817786762655476,21.80953598022461,3800,0.0,0.0
2022-04-26 00:00:00-04:00,21.22878695608254,21.800605582513125,20.790988107202384,21.166244506835938,2400,0.0,0.0
2022-04-27 00:00:00-04:00,21.166244506835938,21.166244506835938,21.166244506835938,21.166244506835938,200,0.0,0.0
2022-04-28 00:00:00-04:00,20.996486514573792,21.84528133193094,20.996486514573792,21.711259841918945,1700,0.0,0.0
2022-04-29 00:00:00-04:00,20.862463180557356,21.523628821943174,20.719508539401165,20.89820098876953,3300,0.0,0.0
2022-05-02 00:00:00-04:00,20.880333869296415,20.880333869296415,19.808172308586425,19.94219207763672,13100,0.0,0.0
2022-05-03 00:00:00-04:00,20.103015518087126,20.531879440142756,20.013668441620435,20.281709671020508,5600,0.0,0.0
2022-05-04 00:00:00-04:00,20.46933843337236,20.639097720148882,20.201298889328477,20.344253540039062,15600,0.0,0.0
2022-05-05 00:00:00-04:00,19.906453517364813,20.54974940704657,19.834976196289062,19.834976196289062,4800,0.0,0.0
2022-05-06 00:00:00-04:00,19.843907000308956,20.478269640228145,19.843907000308956,20.147686004638672,1300,0.0,0.0
2022-05-09 00:00:00-04:00,20.085146882367845,20.424665451049805,20.01366955803804,20.424665451049805,2000,0.0,0.0
2022-05-10 00:00:00-04:00,20.505080155661638,20.522948210808703,19.89752197265625,19.89752197265625,2700,0.0,0.0
2022-05-11 00:00:00-04:00,19.888584544045724,19.897519422551166,19.12020203411584,19.477588653564453,9600,0.0,0.0
2022-05-12 00:00:00-04:00,19.289963789650862,19.89752197265625,19.289963789650862,19.89752197265625,4800,0.0,0.0
2022-05-13 00:00:00-04:00,19.772428089453133,20.30850874223901,19.531193244229893,20.04940414428711,8200,0.0,0.0
2022-05-16 00:00:00-04:00,20.067277050793983,20.0940816863759,19.745629944580138,20.07621192932129,16800,0.0,0.0
2022-05-17 00:00:00-04:00,20.05834273741746,20.665899105389975,19.799236387300315,19.933256149291992,6600,0.0,0.0
2022-05-18 00:00:00-04:00,19.790299325874788,20.210230025713717,19.76349639892578,19.76349639892578,2000,0.0,0.0
2022-05-19 00:00:00-04:00,20.215132533534767,20.29642677307129,19.86285864410756,20.29642677307129,1300,0.24,0.0
2022-05-20 00:00:00-04:00,19.94415346833316,19.96221923828125,19.94415346833316,19.96221923828125,700,0.0,0.0
2022-05-23 00:00:00-04:00,19.98028542654153,20.079643717642938,19.384127065699673,19.682207107543945,8500,0.0,0.0
2022-05-24 00:00:00-04:00,19.510587887877644,19.7364048733326,18.98669255053602,19.40219497680664,6000,0.0,0.0
2022-05-25 00:00:00-04:00,19.600908866527167,19.853822708129883,19.600908866527167,19.853822708129883,1700,0.0,0.0
2022-05-26 00:00:00-04:00,20.169967970616923,20.278360854273643,20.007379506555065,20.179000854492188,6900,0.0,0.0
2022-05-27 00:00:00-04:00,20.39578344344397,20.39578344344397,20.115770954679252,20.25126075744629,4500,0.0,0.0
2022-05-31 00:00:00-04:00,20.531275606170873,20.531275606170873,20.323524436525112,20.440948486328125,1700,0.0,0.0
2022-06-01 00:00:00-04:00,20.69386228624195,20.757090747805425,20.0525430642737,20.72999382019043,5200,0.0,0.0
2022-06-02 00:00:00-04:00,20.72999344446744,21.588096686034692,20.41384941953368,21.18162727355957,10900,0.0,0.0
2022-06-03 00:00:00-04:00,21.172595568482084,21.985536161518457,21.172595568482084,21.570032119750977,23700,0.0,0.0
2022-06-06 00:00:00-04:00,21.44357685466518,21.452609739191693,21.326152801513672,21.326152801513672,9900,0.0,0.0
2022-06-07 00:00:00-04:00,20.955811879736103,20.955811879736103,19.78156280517578,19.78156280517578,16600,0.0,0.0
2022-06-08 00:00:00-04:00,19.781562051947382,19.781562051947382,19.32992820727805,19.582843780517578,7900,0.0,0.0
2022-06-09 00:00:00-04:00,19.609940533906823,20.169967254360948,19.221536878141748,19.637039184570312,8800,0.0,0.0
2022-06-10 00:00:00-04:00,20.05254371052177,20.05254371052177,19.38412409370415,19.53767967224121,1200,0.0,0.0
2022-06-13 00:00:00-04:00,19.10411376201624,19.980284636902283,19.077016830444336,19.077016830444336,1800,0.0,0.0
2022-06-14 00:00:00-04:00,19.15830989881916,19.15830989881916,18.8060359954834,18.8060359954834,6900,0.0,0.0
2022-06-15 00:00:00-04:00,18.896359903479322,18.9415225982666,18.796999907531667,18.9415225982666,1400,0.0,0.0
2022-06-16 00:00:00-04:00,19.239600844456298,19.239600844456298,18.65247719856376,19.113143920898438,2600,0.0,0.0
2022-06-17 00:00:00-04:00,19.07701385000508,19.38412327120159,18.56214983357111,18.643444061279297,26400,0.0,0.0
2022-06-21 00:00:00-04:00,18.516987409588534,19.420255088105048,18.507954526061802,18.9415225982666,16400,0.0,0.0
2022-06-22 00:00:00-04:00,18.87829819954793,19.122180938720703,18.56215409945509,19.122180938720703,3800,0.0,0.0
2022-06-23 00:00:00-04:00,18.79700155573106,19.51058391129524,18.79700155573106,19.33896255493164,5200,0.0,0.0
2022-06-24 00:00:00-04:00,19.104112462289677,20.35965579938246,19.104112462289677,19.908021926879883,7700,0.0,0.0
2022-06-27 00:00:00-04:00,19.908021926879883,19.908021926879883,19.908021926879883,19.908021926879883,700,0.0,0.0
2022-06-28 00:00:00-04:00,19.519617318556737,19.871891202193815,19.519617318556737,19.81769561767578,1600,0.0,0.0
2022-06-29 00:00:00-04:00,19.989316258465315,20.215133215271887,19.908023739033872,20.19706916809082,5600,0.0,0.0
2022-06-30 00:00:00-04:00,20.088673967391507,20.648700714111328,19.871889920455388,20.648700714111328,1900,0.0,0.0
2022-07-01 00:00:00-04:00,20.70289638672405,21.615196998395305,20.188034057617188,20.188034057617188,15700,0.0,0.0
2022-07-05 00:00:00-04:00,20.133839567739074,20.639669040247046,19.71833549461546,20.278362274169922,7100,0.0,0.0
2022-07-06 00:00:00-04:00,20.413853778527773,20.56740938212186,20.23319951917707,20.504180908203125,8000,0.0,0.0
2022-07-07 00:00:00-04:00,20.413851732529082,21.768753373322873,20.413851732529082,21.0822696685791,12400,0.0,0.0
2022-07-08 00:00:00-04:00,20.97387551708087,21.15452974745377,20.69386301056466,21.10033416748047,4100,0.0,0.0
2022-07-11 00:00:00-04:00,20.865482330322266,21.38034459717246,20.865482330322266,20.865482330322266,3400,0.0,0.0
2022-07-12 00:00:00-04:00,20.86548564698541,21.091302587487746,20.684831405444925,20.910648345947266,5100,0.0,0.0
2022-07-13 00:00:00-04:00,20.70289435890601,20.96484107838797,20.70289435890601,20.766122817993164,3000,0.0,0.0
2022-07-14 00:00:00-04:00,20.612570230572555,21.533903769224548,20.25126346723252,20.85645294189453,12600,0.0,0.0
2022-07-15 00:00:00-04:00,20.910647707869355,21.678425626718255,20.323524025048364,20.892581939697266,4600,0.0,0.0
2022-07-18 00:00:00-04:00,20.90161436961877,20.91064725350854,20.684830324803595,20.8745174407959,2600,0.0,0.0
2022-07-19 00:00:00-04:00,21.055170728935895,21.280987665994378,20.739026672484716,20.901615142822266,5000,0.0,0.0
2022-07-20 00:00:00-04:00,20.928715754357018,21.34421813046804,20.531277425538068,20.78419303894043,2900,0.0,0.0
2022-07-21 00:00:00-04:00,20.775155223909927,21.669389959414936,20.64869830864041,20.865482330322266,7000,0.0,0.0
2022-07-22 00:00:00-04:00,20.567406726832097,20.892581939697266,20.567406726832097,20.892581939697266,800,0.0,0.0
2022-07-25 00:00:00-04:00,20.73902589726452,20.856451664939623,20.73902589726452,20.82032012939453,1900,0.0,0.0
2022-07-26 00:00:00-04:00,20.820319938117834,21.18162839886363,20.820319938117834,21.10033416748047,800,0.0,0.0
2022-07-27 00:00:00-04:00,21.1183966235343,21.1183966235343,21.109365463256836,21.109365463256836,2900,0.0,0.0
2022-07-28 00:00:00-04:00,20.739027227793084,21.20872688293457,20.739027227793084,21.20872688293457,600,0.0,0.0
2022-07-29 00:00:00-04:00,21.127434494282102,22.50040204198085,21.127434494282102,21.38035011291504,13000,0.0,0.0
2022-08-01 00:00:00-04:00,21.34421542717238,21.407445614649713,20.93774598761105,21.226791381835938,6200,0.0,0.0
2022-08-02 00:00:00-04:00,21.01904183241963,21.24485877933558,20.54934216935128,21.046138763427734,5900,0.0,0.0
2022-08-03 00:00:00-04:00,21.226792773078607,21.226792773078607,20.802257537841797,20.802257537841797,600,0.0,0.0
2022-08-04 00:00:00-04:00,20.955808639526367,20.955808639526367,20.955808639526367,20.955808639526367,400,0.0,0.0
2022-08-05 00:00:00-04:00,20.88355205185967,20.928714752197266,20.3325581489388,20.928714752197266,1400,0.0,0.0
2022-08-08 00:00:00-04:00,20.729995761542018,20.77515846036071,20.332557465120697,20.558374404907227,11500,0.0,0.0
2022-08-09 00:00:00-04:00,20.10673993641604,20.422883987426758,20.10673993641604,20.422883987426758,1100,0.0,0.0
2022-08-10 00:00:00-04:00,20.169969478348932,20.504179315330543,20.169969478348932,20.459014892578125,6200,0.0,0.0
2022-08-11 00:00:00-04:00,20.377720057967558,20.377720057967558,20.17900177221357,20.323524475097656,3400,0.0,0.0
2022-08-12 00:00:00-04:00,20.160934284353516,20.28739120788144,20.160934284353516,20.26932716369629,900,0.0,0.0
2022-08-15 00:00:00-04:00,20.14287104225967,20.233198165893555,20.14287104225967,20.233198165893555,2600,0.0,0.0
2022-08-16 00:00:00-04:00,20.124805769466843,20.41385116920447,20.124805769466843,20.133838653564453,3200,0.0,0.0
2022-08-17 00:00:00-04:00,20.35965379556204,20.35965379556204,20.142868041992188,20.142868041992188,600,0.0,0.0
2022-08-18 00:00:00-04:00,20.142870247805615,20.142870247805615,20.015037536621094,20.015037536621094,600,0.24,0.0
2022-08-19 00:00:00-04:00,20.17939537403164,20.307228088378906,20.078954388993008,20.307228088378906,2200,0.0,0.0
2022-08-22 00:00:00-04:00,20.225049417272775,20.307228088378906,20.069823232026756,20.307228088378906,700,0.0,0.0
2022-08-23 00:00:00-04:00,20.042430832813,20.31635856628418,19.73197847269763,20.31635856628418,900,0.0,0.0
2022-08-24 00:00:00-04:00,20.161132175853737,20.161132175853737,19.89633560180664,19.89633560180664,1300,0.0,0.0
2022-08-25 00:00:00-04:00,19.93285465770617,20.0698184967041,19.78675966389642,20.0698184967041,800,0.0,0.0
2022-08-26 00:00:00-04:00,19.914597236765275,19.932859550871996,19.68632353520165,19.905466079711914,11600,0.0,0.0
2022-08-29 00:00:00-04:00,19.90546459472612,20.088084238989296,19.814156514184532,19.951120376586914,2300,0.0,0.0
2022-08-30 00:00:00-04:00,20.088085737598867,20.17939556654234,19.859812036035244,19.905466079711914,10800,0.0,0.0
2022-08-31 00:00:00-04:00,20.051561109385425,20.32549059621585,19.905466079711914,19.905466079711914,3900,0.0,0.0
2022-09-01 00:00:00-04:00,20.00590706570875,20.736382214076293,19.731979320468454,19.905466079711914,6400,0.0,0.0
2022-09-02 00:00:00-04:00,19.75023933941603,20.088085174560547,19.75023933941603,20.088085174560547,800,0.0,0.0
2022-09-06 00:00:00-04:00,19.905465473926103,20.36201286315918,19.905465473926103,20.36201286315918,2700,0.0,0.0
2022-09-07 00:00:00-04:00,20.243311607349835,20.489847619159843,20.234180450439453,20.234180450439453,500,0.0,0.0
2022-09-08 00:00:00-04:00,19.905465521792145,20.43506042491241,19.88720494978737,20.088085174560547,2600,0.0,0.0
2022-09-09 00:00:00-04:00,19.97851303458149,20.088085174560547,19.97851303458149,20.088085174560547,1400,0.0,0.0
2022-09-12 00:00:00-04:00,20.078954017763117,20.179395000944748,20.078954017763117,20.088085174560547,2400,0.0,0.0
2022-09-13 00:00:00-04:00,19.70458101217972,20.215913490513852,19.70458101217972,20.0698184967041,11500,0.0,0.0
2022-09-14 00:00:00-04:00,19.81415557861328,19.81415557861328,19.631535942972913,19.81415557861328,6200,0.0,0.0
2022-09-15 00:00:00-04:00,19.686321258544922,19.686321258544922,19.686321258544922,19.686321258544922,300,0.0,0.0
2022-09-16 00:00:00-04:00,19.94199074647026,21.37554931640625,19.94199074647026,21.37554931640625,50800,0.0,0.0
2022-09-19 00:00:00-04:00,20.836822565943198,20.836822565943198,20.106347439806306,20.36201286315918,12900,0.0,0.0
2022-09-20 00:00:00-04:00,20.133735274037573,20.727248158508356,20.08808124058124,20.389402389526367,2000,0.0,0.0
2022-09-21 00:00:00-04:00,20.2067839888623,20.772903442382812,20.04242841357232,20.772903442382812,3200,0.0,0.0
2022-09-22 00:00:00-04:00,20.845954519643914,20.845954519643914,20.44419231411452,20.727252960205078,2700,0.0,0.0
2022-09-23 00:00:00-04:00,20.581157507137107,20.78203773498535,20.398537851573167,20.78203773498535,3900,0.0,0.0
2022-09-26 00:00:00-04:00,20.27070594421914,20.654205842891077,20.024169921875,20.024169921875,3800,0.0,0.0
2022-09-27 00:00:00-04:00,19.82328387995484,20.051557540893555,19.82328387995484,20.051557540893555,1700,0.0,0.0
2022-09-28 00:00:00-04:00,19.6589314978062,20.389406634735742,19.6589314978062,20.234180450439453,3900,0.0,0.0
2022-09-29 00:00:00-04:00,20.398537717903533,20.471585231332412,19.850680496391877,19.887205123901367,2100,0.0,0.0
2022-09-30 00:00:00-04:00,19.841546886148585,20.17939268247704,19.841546886148585,19.868940353393555,3800,0.0,0.0
2022-10-03 00:00:00-04:00,20.088085048953687,20.508107809468576,20.015037536621094,20.015037536621094,3100,0.0,0.0
2022-10-04 00:00:00-04:00,20.05155824359039,20.270702498370397,19.868940353393555,19.868940353393555,6300,0.0,0.0
2022-10-05 00:00:00-04:00,19.668062210083008,19.668062210083008,19.668062210083008,19.668062210083008,1000,0.0,0.0
2022-10-06 00:00:00-04:00,19.896334235201174,19.896334235201174,19.640667093690638,19.713714599609375,1300,0.0,0.0
2022-10-07 00:00:00-04:00,19.814155700918217,19.814155700918217,19.686321258544922,19.686321258544922,2100,0.0,0.0
2022-10-10 00:00:00-04:00,19.841550147682348,19.85068130493164,19.841550147682348,19.85068130493164,1500,0.0,0.0
2022-10-11 00:00:00-04:00,20.471585625889357,20.471585625889357,19.79589567825185,19.905466079711914,1200,0.0,0.0
2022-10-12 00:00:00-04:00,19.868940353393555,19.868940353393555,19.868940353393555,19.868940353393555,400,0.0,0.0
2022-10-13 00:00:00-04:00,19.850680322597658,20.188526157742174,19.823286852205374,20.088085174560547,3300,0.0,0.0
2022-10-14 00:00:00-04:00,20.54463256489147,20.54463256489147,20.088085174560547,20.088085174560547,1300,0.0,0.0
2022-10-17 00:00:00-04:00,20.088085174560547,20.088085174560547,20.088085174560547,20.088085174560547,0,0.0,0.0
2022-10-18 00:00:00-04:00,19.969384179085438,19.969384179085438,19.905466079711914,19.905466079711914,1000,0.0,0.0
2022-10-19 00:00:00-04:00,19.677188873291016,19.677188873291016,19.677188873291016,19.677188873291016,900,0.0,0.0
2022-10-20 00:00:00-04:00,19.67718999933751,19.68632115528699,19.439786911010742,19.439786911010742,2800,0.0,0.0
2022-10-21 00:00:00-04:00,19.631539405526436,19.631539405526436,19.29369354248047,19.29369354248047,500,0.0,0.0
2022-10-24 00:00:00-04:00,19.29369354248047,19.29369354248047,19.29369354248047,19.29369354248047,0,0.0,0.0
2022-10-25 00:00:00-04:00,19.512836905593208,19.52196632111709,18.90106331167473,19.156728744506836,16700,0.0,0.0
2022-10-26 00:00:00-04:00,19.321084760535157,20.08808448945992,18.90106201171875,18.90106201171875,2700,0.0,0.0
2022-10-27 00:00:00-04:00,18.90106201171875,18.90106201171875,18.90106201171875,18.90106201171875,300,0.0,0.0
2022-10-28 00:00:00-04:00,19.494571675661685,20.07895171083536,19.494571675661685,19.868940353393555,2900,0.0,0.0
2022-10-31 00:00:00-04:00,19.859808910958307,20.29809393101168,19.521963119506836,19.521963119506836,2200,0.0,0.0
2022-11-01 00:00:00-04:00,19.677191501298697,20.2615733355418,19.49457359313965,19.49457359313965,3000,0.0,0.0
2022-11-02 00:00:00-04:00,19.4489219710307,19.677195711261533,19.4489219710307,19.613279342651367,3000,0.0,0.0
2022-11-03 00:00:00-04:00,19.914593568452762,20.179391849453395,19.65892818441332,20.078950881958008,5100,0.0,0.0
2022-11-04 00:00:00-04:00,20.024167433680194,20.590285183246905,19.84154779354192,20.27983283996582,7800,0.0,0.0
2022-11-07 00:00:00-05:00,20.097216331357973,20.581157192081182,19.84154916580023,20.088085174560547,6800,0.0,0.0
2022-11-08 00:00:00-05:00,20.36201205651673,20.82769058407739,20.115477799705797,20.498977661132812,8400,0.0,0.0
2022-11-09 00:00:00-05:00,20.54462949557844,20.699855654764182,20.15199851989746,20.15199851989746,5700,0.0,0.0
2022-11-10 00:00:00-05:00,20.38027553127943,20.38027553127943,19.96025276184082,19.96025276184082,5300,0.0,0.0
2022-11-11 00:00:00-05:00,19.923728087210527,20.133739471435547,19.52196589099607,20.133739471435547,1800,0.0,0.0
2022-11-14 00:00:00-05:00,19.905466079711914,19.905466079711914,19.905466079711914,19.905466079711914,1700,0.0,0.0
2022-11-15 00:00:00-05:00,19.951116967329817,20.0698184967041,19.951116967329817,20.0698184967041,5400,0.0,0.0
2022-11-16 00:00:00-05:00,20.06982205494599,20.124608993530273,20.06982205494599,20.124608993530273,5200,0.0,0.0
2022-11-17 00:00:00-05:00,20.309236526489258,20.309236526489258,20.309236526489258,20.309236526489258,1300,0.24,0.0
2022-11-18 00:00:00-05:00,20.198460468673527,20.770812521787658,19.958443740115943,20.1430721282959,4400,0.0,0.0
2022-11-21 00:00:00-05:00,20.18922717053003,20.761577367190853,20.050753701591585,20.650800704956055,4400,0.0,0.0
2022-11-22 00:00:00-05:00,20.613877175455162,20.613877175455162,20.281543615659775,20.290775299072266,4300,0.0,0.0
2022-11-23 00:00:00-05:00,20.64157175440769,20.669265043249304,20.327701568603516,20.327701568603516,1200,0.0,0.0
2022-11-25 00:00:00-05:00,20.392318891802695,20.650800704956055,20.309235514744945,20.650800704956055,3600,0.0,0.0
2022-11-28 00:00:00-05:00,20.613878888218554,20.77081399774316,20.041526794433594,20.041526794433594,5600,0.0,0.0
2022-11-29 00:00:00-05:00,19.912282985385733,20.309236526489258,19.912282985385733,20.309236526489258,1000,0.0,0.0
2022-11-30 00:00:00-05:00,20.309237727424602,20.770811312138797,20.309237727424602,20.752347946166992,10800,0.0,0.0
2022-12-01 00:00:00-05:00,20.586179660486046,21.029291607415075,20.586179660486046,20.86312484741211,6600,0.0,0.0
2022-12-02 00:00:00-05:00,20.936976545106386,20.936976545106386,20.86312484741211,20.86312484741211,1700,0.0,0.0
2022-12-05 00:00:00-05:00,20.863125914423193,21.232384421779713,20.7708108473932,21.047754287719727,3900,0.0,0.0
2022-12-06 00:00:00-05:00,20.983135223388672,20.983135223388672,20.983135223388672,20.983135223388672,600,0.0,0.0
2022-12-07 00:00:00-05:00,20.91851402107502,20.91851402107502,20.807737350463867,20.807737350463867,900,0.0,0.0
2022-12-08 00:00:00-05:00,20.77081275579179,20.789276123046875,20.77081275579179,20.789276123046875,800,0.0,0.0
2022-12-09 00:00:00-05:00,20.67849612790279,20.761579513549805,20.327700980209208,20.761579513549805,2600,0.0,0.0
2022-12-12 00:00:00-05:00,20.493869784103325,20.5400264425902,19.986137736929418,20.22615623474121,1400,0.0,0.0
2022-12-13 00:00:00-05:00,20.410782247255177,21.14006751574739,19.8476619720459,19.8476619720459,13600,0.0,0.0
2022-12-14 00:00:00-05:00,19.7368860276553,19.7368860276553,19.672266006469727,19.672266006469727,1100,0.0,0.0
2022-12-15 00:00:00-05:00,19.26608345327132,20.152303948372825,19.26608345327132,19.607646942138672,2300,0.0,0.0
2022-12-16 00:00:00-05:00,19.33993373879661,19.441478729248047,19.33993373879661,19.441478729248047,1900,0.0,0.0
2022-12-19 00:00:00-05:00,19.718424051397033,19.718424051397033,19.413785556704706,19.432247161865234,7600,0.0,0.0
2022-12-20 00:00:00-05:00,19.829199904016587,19.829199904016587,19.432246356910927,19.626108169555664,2700,0.0,0.0
2022-12-21 00:00:00-05:00,19.616876256907304,19.838431353929003,19.616876256907304,19.64457130432129,3300,0.0,0.0
2022-12-22 00:00:00-05:00,19.616880416870117,19.773815530635627,19.616880416870117,19.616880416870117,3800,0.0,0.0
2022-12-23 00:00:00-05:00,19.616880416870117,19.616880416870117,19.616880416870117,19.616880416870117,400,0.0,0.0
2022-12-27 00:00:00-05:00,19.616880416870117,19.616880416870117,19.616880416870117,19.616880416870117,300,0.0,0.0
2022-12-28 00:00:00-05:00,19.616877299578427,19.616877299578427,19.432247161865234,19.432247161865234,2200,0.0,0.0
2022-12-29 00:00:00-05:00,19.616879355386388,19.616879355386388,19.561491012573242,19.561491012573242,1300,0.0,0.0
2022-12-30 00:00:00-05:00,19.404556474067288,19.82920338264393,19.404556474067288,19.78304672241211,3500,0.0,0.0
2023-01-03 00:00:00-05:00,19.81073903689514,19.976905822753906,19.81073903689514,19.976905822753906,700,0.0,0.0
2023-01-04 00:00:00-05:00,19.773809302606722,20.253846177138147,19.65380096435547,19.65380096435547,10800,0.0,0.0
2023-01-05 00:00:00-05:00,19.44147979367443,20.069220179620153,19.413786504200313,19.893821716308594,1800,0.0,0.0
2023-01-06 00:00:00-05:00,20.087682858954494,20.355394625702242,20.087682858954494,20.34616470336914,2200,0.0,0.0
2023-01-09 00:00:00-05:00,20.364626764187783,20.96467209277764,20.355395080884733,20.438478469848633,1200,0.0,0.0
2023-01-10 00:00:00-05:00,20.456941964132078,20.706192132579417,20.355395207928293,20.69696044921875,2100,0.0,0.0
2023-01-11 00:00:00-05:00,20.46617389903872,20.77081241063076,20.35539545811271,20.42001724243164,3000,0.0,0.0
2023-01-12 00:00:00-05:00,20.429244995117188,20.429244995117188,20.429244995117188,20.429244995117188,300,0.0,0.0
2023-01-13 00:00:00-05:00,20.429244995117188,20.429244995117188,20.429244995117188,20.429244995117188,0,0.0,0.0
2023-01-17 00:00:00-05:00,20.36462856841033,20.36462856841033,20.318471908569336,20.318471908569336,1900,0.0,0.0
2023-01-18 00:00:00-05:00,20.318471908569336,20.973905634282684,20.318471908569336,20.318471908569336,1500,0.0,0.0
2023-01-19 00:00:00-05:00,20.512331008911133,20.512331008911133,20.512331008911133,20.512331008911133,800,0.0,0.0
2023-01-20 00:00:00-05:00,19.86612866564417,20.40155398466415,19.86612866564417,20.1430721282959,2100,0.0,0.0
2023-01-23 00:00:00-05:00,19.903055074233595,19.91228675842285,19.903055074233595,19.91228675842285,300,0.0,0.0
2023-01-24 00:00:00-05:00,19.939977645874023,19.939977645874023,19.939977645874023,19.939977645874023,1200,0.0,0.0
2023-01-25 00:00:00-05:00,19.939977309769574,20.096912384033203,19.939977309769574,20.096912384033203,900,0.0,0.0
2023-01-26 00:00:00-05:00,19.939977645874023,19.939977645874023,19.939977645874023,19.939977645874023,500,0.0,0.0
2023-01-27 00:00:00-05:00,19.958440673980196,20.096912384033203,19.773810553400633,20.096912384033203,2400,0.0,0.0
2023-01-30 00:00:00-05:00,20.023064583622425,20.484638214111328,20.01383289972101,20.484638214111328,5000,0.0,0.0
2023-01-31 00:00:00-05:00,20.041525863490385,20.447711144703604,20.041525863490385,20.115379333496094,3200,0.0,0.0
2023-02-01 00:00:00-05:00,20.013829731462465,20.475403288882674,20.013829731462465,20.309236526489258,1900,0.0,0.0
2023-02-02 00:00:00-05:00,20.309236526489258,20.309236526489258,20.309236526489258,20.309236526489258,0,0.0,0.0
2023-02-03 00:00:00-05:00,20.29077446846955,20.309237834538735,20.087682723999023,20.087682723999023,1700,0.0,0.0
2023-02-06 00:00:00-05:00,20.27231216430664,20.30923889837931,20.27231216430664,20.27231216430664,1800,0.0,0.0
2023-02-07 00:00:00-05:00,20.216924663261207,20.484638214111328,20.216924663261207,20.484638214111328,700,0.0,0.0
2023-02-08 00:00:00-05:00,20.12460639584772,20.216921459468992,19.441477742271747,20.179996490478516,2100,0.0,0.0
2023-02-09 00:00:00-05:00,20.263083082768297,20.484638214111328,20.263083082768297,20.484638214111328,16200,0.0,0.0
2023-02-10 00:00:00-05:00,20.484638214111328,20.484638214111328,20.484638214111328,20.484638214111328,0,0.0,0.0
2023-02-13 00:00:00-05:00,20.447708241562644,20.447708241562644,20.309236526489258,20.309236526489258,1000,0.0,0.0
2023-02-14 00:00:00-05:00,20.813466546645564,20.813466546645564,20.337249755859375,20.337249755859375,2400,0.25,0.0
2023-02-15 00:00:00-05:00,20.337249755859375,20.337249755859375,20.337249755859375,20.337249755859375,0,0.0,0.0
2023-02-16 00:00:00-05:00,20.505328235547566,20.570692802460663,20.505328235547566,20.552017211914062,4200,0.0,0.0
2023-02-17 00:00:00-05:00,20.542675018310547,20.542675018310547,20.542675018310547,20.542675018310547,900,0.0,0.0
2023-02-21 00:00:00-05:00,20.813468800689538,20.906843185424805,20.813468800689538,20.906843185424805,700,0.0,0.0
2023-02-22 00:00:00-05:00,21.009556268416556,21.728550399265107,21.009556268416556,21.299020767211914,6500,0.0,0.0
2023-02-23 00:00:00-05:00,21.299020767211914,21.299020767211914,21.299020767211914,21.299020767211914,0,0.0,0.0
2023-02-24 00:00:00-05:00,21.579148539519796,22.42886820025621,21.56981074554442,22.03668975830078,4600,0.0,0.0
2023-02-27 00:00:00-05:00,22.027353985846123,22.821048736572266,21.28034820928167,22.821048736572266,4900,0.0,0.0
2023-02-28 00:00:00-05:00,22.933095776163935,22.933095776163935,22.466216780340552,22.867733001708984,3500,0.0,0.0
2023-03-01 00:00:00-05:00,22.699656740761363,23.17587353992445,22.53158001388003,23.157197952270508,1300,0.0,0.0
2023-03-02 00:00:00-05:00,22.88641227208515,22.88641227208515,22.70899772644043,22.70899772644043,2800,0.0,0.0
2023-03-03 00:00:00-05:00,22.70899772644043,22.70899772644043,22.70899772644043,22.70899772644043,600,0.0,0.0
2023-03-06 00:00:00-05:00,22.989123128035963,23.250574232566308,22.970447540283203,22.970447540283203,2700,0.0,0.0
2023-03-07 00:00:00-05:00,23.325276900650568,23.325276900650568,22.503570556640625,22.503570556640625,2300,0.0,0.0
2023-03-08 00:00:00-05:00,22.50356868055601,22.867733739120766,22.50356868055601,22.849058151245117,2900,0.0,0.0
2023-03-09 00:00:00-05:00,22.419530868530273,22.419530868530273,22.419530868530273,22.419530868530273,1000,0.0,0.0
2023-03-10 00:00:00-05:00,22.400856018066406,22.400856018066406,22.400856018066406,22.400856018066406,500,0.0,0.0
2023-03-13 00:00:00-04:00,21.663184224572774,21.663184224572774,20.682737350463867,20.682737350463867,2800,0.0,0.0
2023-03-14 00:00:00-04:00,21.476436915345722,22.400857247112068,21.018895646956455,21.261672973632812,10000,0.0,0.0
2023-03-15 00:00:00-04:00,21.018892604212443,21.24299430847168,20.953529829762086,21.24299430847168,3500,0.0,0.0
2023-03-16 00:00:00-04:00,21.476436784532336,21.476436784532336,21.009557723999023,21.009557723999023,1500,0.0,0.0
2023-03-17 00:00:00-04:00,21.242995077730598,21.756561279296875,21.242995077730598,21.756561279296875,2900,0.0,0.0
2023-03-20 00:00:00-04:00,21.756561279296875,21.756561279296875,21.756561279296875,21.756561279296875,300,0.0,0.0
2023-03-21 00:00:00-04:00,21.345709719830552,21.47643527768709,20.869492897778972,20.95353126525879,14200,0.0,0.0
2023-03-22 00:00:00-04:00,20.878830078461974,20.878830078461974,20.309237111394157,20.318574905395508,14800,0.0,0.0
2023-03-23 00:00:00-04:00,20.542678112515134,20.570691496556638,20.187850819667215,20.281225204467773,8100,0.0,0.0
2023-03-24 00:00:00-04:00,20.281225204467773,20.281225204467773,20.281225204467773,20.281225204467773,0,0.0,0.0
2023-03-27 00:00:00-04:00,20.4026137050035,20.4026137050035,20.131823016202432,20.262550354003906,1800,0.0,0.0
2023-03-28 00:00:00-04:00,20.42128885774538,20.42128885774538,20.131822586719142,20.22519874572754,6700,0.0,0.0
2023-03-29 00:00:00-04:00,20.355924888152103,20.355924888152103,20.23453712463379,20.23453712463379,900,0.0,0.0
2023-03-30 00:00:00-04:00,20.477312246394415,21.317694050034003,20.449298866572377,20.542675018310547,4700,0.0,0.0
2023-03-31 00:00:00-04:00,20.97220735063671,20.97220735063671,20.262552718622533,20.271888732910156,5100,0.0,0.0
2023-04-03 00:00:00-04:00,20.271888732910156,20.7294317971069,20.271888732910156,20.271888732910156,3200,0.0,0.0
2023-04-04 00:00:00-04:00,20.85081447765809,20.888165649688847,20.477311662360073,20.533336639404297,1900,0.0,0.0
2023-04-05 00:00:00-04:00,22.15807997854079,22.15807997854079,20.35592650421911,20.449302673339844,10000,0.0,0.0
2023-04-06 00:00:00-04:00,20.8228058896959,20.8228058896959,20.00109950697615,20.141162872314453,5000,0.0,0.0
2023-04-10 00:00:00-04:00,20.309235617171886,20.309235617171886,19.608917147614235,20.075796127319336,5400,0.0,0.0
2023-04-11 00:00:00-04:00,20.533338669009645,20.533338669009645,20.253211975097656,20.253211975097656,1700,0.0,0.0
2023-04-12 00:00:00-04:00,20.309235685551407,20.6080379486084,20.309235685551407,20.6080379486084,2500,0.0,0.0
2023-04-13 00:00:00-04:00,20.3372505218545,20.92551729674604,20.3372505218545,20.664064407348633,2600,0.0,0.0
2023-04-14 00:00:00-04:00,20.822805093994734,21.24299695495519,20.5426783740226,21.224321365356445,3900,0.0,0.0
2023-04-17 00:00:00-04:00,20.906843185424805,20.906843185424805,20.906843185424805,20.906843185424805,500,0.0,0.0
2023-04-18 00:00:00-04:00,20.365263271093102,20.39327665471576,19.608919723303444,19.711633682250977,6600,0.0,0.0
2023-04-19 00:00:00-04:00,19.79567234433818,19.954411291872105,19.72097176791058,19.93573570251465,3600,0.0,0.0
2023-04-20 00:00:00-04:00,19.767660113131253,20.206525802612305,19.767660113131253,20.206525802612305,3600,0.0,0.0
2023-04-21 00:00:00-04:00,20.15050066747065,20.15050066747065,20.038448906598614,20.141162872314453,2100,0.0,0.0
2023-04-24 00:00:00-04:00,19.926394996293862,20.271884443914534,19.898381616350846,20.075796127319336,5700,0.0,0.0
2023-04-25 00:00:00-04:00,19.898384523799734,19.93573570251465,19.898384523799734,19.93573570251465,2000,0.0,0.0
2023-04-26 00:00:00-04:00,19.935735565220195,20.141161703730795,19.935735565220195,20.122486114501953,800,0.0,0.0
2023-04-27 00:00:00-04:00,19.935734379856953,19.935734379856953,19.711632665442426,19.758319854736328,1100,0.0,0.0
2023-04-28 00:00:00-04:00,19.795669620516005,20.327911376953125,19.795669620516005,20.327911376953125,5400,0.0,0.0
2023-05-01 00:00:00-04:00,20.262550641957493,20.262550641957493,19.94507275864556,19.954410552978516,3600,0.0,0.0
2023-05-02 00:00:00-04:00,19.954411596220492,19.954411596220492,19.627595901489258,19.627595901489258,1100,0.0,0.0
2023-05-03 00:00:00-04:00,19.70229337447885,19.70229337447885,19.422164916992188,19.422164916992188,1700,0.0,0.0
2023-05-04 00:00:00-04:00,18.945949117978603,19.039323485503836,18.908597946166992,18.908597946166992,2200,0.0,0.0
2023-05-05 00:00:00-04:00,18.768535820465928,18.768535820465928,17.732063889085847,17.92815399169922,4800,0.0,0.0
2023-05-08 00:00:00-04:00,17.74140433410194,18.749863035537118,16.060640425377404,17.283863067626953,32500,0.0,0.0
2023-05-09 00:00:00-04:00,17.283861898448627,17.283861898448627,17.14379854569664,17.265186309814453,3300,0.0,0.0
2023-05-10 00:00:00-04:00,17.26518604534695,18.367020823855118,17.190485472956677,18.292320251464844,23600,0.0,0.0
2023-05-11 00:00:00-04:00,17.741403436983312,18.114906311035156,17.741403436983312,18.114906311035156,2000,0.0,0.0
2023-05-12 00:00:00-04:00,17.97301386750632,18.95680075576907,17.97301386750632,18.35139274597168,1300,0.25,0.0
2023-05-15 00:00:00-04:00,18.890581089874853,18.890581089874853,18.767608642578125,18.767608642578125,700,0.0,0.0
2023-05-16 00:00:00-04:00,18.46490632455994,18.92842065143354,17.736525894793118,18.14328384399414,16600,0.0,0.0
2023-05-17 00:00:00-04:00,17.736528396606445,17.736528396606445,17.736528396606445,17.736528396606445,600,0.0,0.0
2023-05-18 00:00:00-04:00,18.256799174539047,18.256799174539047,17.698689603318925,17.736528396606445,3200,0.0,0.0
2023-05-19 00:00:00-04:00,17.878418307891867,17.878418307891867,17.613554000854492,17.613554000854492,2700,0.0,0.0
2023-05-22 00:00:00-04:00,17.68922996520996,17.68922996520996,17.68922996520996,17.68922996520996,300,0.0,0.0
2023-05-23 00:00:00-04:00,17.78382110595703,17.78382110595703,17.78382110595703,17.78382110595703,1500,0.0,0.0
2023-05-24 00:00:00-04:00,17.793283034069646,18.02977005612255,17.793283034069646,17.982473373413086,9600,0.0,0.0
2023-05-25 00:00:00-04:00,17.802743911743164,17.802743911743164,17.802743911743164,17.802743911743164,700,0.0,0.0
2023-05-26 00:00:00-04:00,18.020310168060387,18.228419899986758,17.906797409057617,17.906797409057617,1100,0.0,0.0
2023-05-30 00:00:00-04:00,18.03922940373396,18.0865278897791,17.925716645731146,17.95409393310547,1900,0.0,0.0
2023-05-31 00:00:00-04:00,18.15274507035725,18.332473915504753,17.973014420956876,18.28517723083496,1900,0.0,0.0
2023-06-01 00:00:00-04:00,18.351393123289803,21.255453556068673,18.209501266479492,18.209501266479492,21000,0.0,0.0
2023-06-02 00:00:00-04:00,18.04869007399499,19.259504318237305,18.04869007399499,19.259504318237305,2900,0.0,0.0
2023-06-05 00:00:00-04:00,19.21220705401327,19.21220705401327,17.670312312606256,17.736528396606445,18000,0.0,0.0
2023-06-06 00:00:00-04:00,17.991933822631836,18.871665870110316,17.944635333693125,17.991933822631836,7800,0.0,0.0
2023-06-07 00:00:00-04:00,18.077067403227556,19.05139271792723,18.077067403227556,18.918960571289062,8900,0.0,0.0
2023-06-08 00:00:00-04:00,18.966258786763287,19.74193774856712,18.45544774818818,19.060853958129883,16100,0.0,0.0
2023-06-09 00:00:00-04:00,19.1554479707037,19.99734115600586,19.01355612436385,19.99734115600586,4100,0.0,0.0
2023-06-12 00:00:00-04:00,19.37301695324719,19.60004428423218,18.805447723658308,18.843286514282227,6900,0.0,0.0
2023-06-13 00:00:00-04:00,18.918963229731226,20.044642047091056,18.918963229731226,18.928422927856445,5300,0.0,0.0
2023-06-14 00:00:00-04:00,19.032474754527993,21.245991437952387,19.032474754527993,19.231122970581055,28400,0.0,0.0
2023-06-15 00:00:00-04:00,19.325717129238317,19.723015344973483,18.51220130552998,18.85274314880371,26500,0.0,0.0
2023-06-16 00:00:00-04:00,19.325717874394897,19.59058215892922,18.36085048408456,18.39868927001953,37400,0.0,0.0
2023-06-20 00:00:00-04:00,18.918961365657765,19.618962719676773,18.313555179317596,18.587879180908203,57100,0.0,0.0
2023-06-21 00:00:00-04:00,18.587879147288024,19.231124121237382,18.32301484336964,18.464906692504883,20500,0.0,0.0
2023-06-22 00:00:00-04:00,18.531126022338867,18.531126022338867,18.531126022338867,18.531126022338867,1600,0.0,0.0
2023-06-23 00:00:00-04:00,19.231125629230615,19.240585327148438,19.089233768969038,19.240585327148438,4100,0.0,0.0
2023-06-26 00:00:00-04:00,19.079776086483754,19.524371110067538,19.079776086483754,19.486534118652344,4200,0.0,0.0
2023-06-27 00:00:00-04:00,19.458151661168547,19.618962906477908,18.966258227957244,19.1270694732666,6900,0.0,0.0
2023-06-28 00:00:00-04:00,19.02301788330078,19.32572100277053,18.928422707403257,19.02301788330078,1900,0.0,0.0
2023-06-29 00:00:00-04:00,19.02301788330078,19.02301788330078,19.02301788330078,19.02301788330078,400,0.0,0.0
2023-06-30 00:00:00-04:00,19.34464013238758,19.581127166748047,19.34464013238758,19.581127166748047,800,0.0,0.0
2023-07-03 00:00:00-04:00,19.2122046904711,19.562206268310547,19.2122046904711,19.562206268310547,2400,0.0,0.0
2023-07-05 00:00:00-04:00,19.58112682367272,19.58112682367272,19.259504318237305,19.259504318237305,5700,0.0,0.0
2023-07-06 00:00:00-04:00,19.259501708897805,19.552745081446584,19.108150174404717,19.202743530273438,4100,0.0,0.0
2023-07-07 00:00:00-04:00,19.070314188782064,19.32572061733564,19.070314188782064,19.16490936279297,1900,0.0,0.0
2023-07-10 00:00:00-04:00,19.164906148176915,19.524365584021147,18.88112067374482,19.221662521362305,14600,0.0,0.0
2023-07-11 00:00:00-04:00,19.250044274227363,19.524368286132812,19.250044274227363,19.524368286132812,1700,0.0,0.0
2023-07-12 00:00:00-04:00,19.571667340616568,19.7135591994525,19.458152770996094,19.458152770996094,1700,0.0,0.0
2023-07-13 00:00:00-04:00,19.48652993863433,19.70409755429768,19.48652993863433,19.628421783447266,1000,0.0,0.0
2023-07-14 00:00:00-04:00,19.836532592773438,19.836532592773438,19.836532592773438,19.836532592773438,1100,0.0,0.0
2023-07-17 00:00:00-04:00,20.073019844902625,20.073019844902625,19.448694186871222,19.61896514892578,8400,0.0,0.0
2023-07-18 00:00:00-04:00,19.704098143214154,20.148693084716797,19.704098143214154,20.148693084716797,2000,0.0,0.0
2023-07-19 00:00:00-04:00,19.94058701117232,20.318965911865234,19.94058701117232,20.318965911865234,5400,0.0,0.0
2023-07-20 00:00:00-04:00,20.243288586562215,20.640586853027344,20.243288586562215,20.640586853027344,1700,0.0,0.0
2023-07-21 00:00:00-04:00,20.413562430363424,20.413562430363424,20.356806042590787,20.385183334350586,7500,0.0,0.0
2023-07-24 00:00:00-04:00,20.39463992522263,20.73518180847168,20.39463992522263,20.73518180847168,3800,0.0,0.0
2023-07-25 00:00:00-04:00,20.574372441102568,21.378428736433023,20.574372441102568,21.028427124023438,12200,0.0,0.0
2023-07-26 00:00:00-04:00,20.70680362355326,21.283832550048828,20.70680362355326,21.283832550048828,4900,0.0,0.0
2023-07-27 00:00:00-04:00,21.151401540635614,21.27437400817871,20.924374197611712,21.27437400817871,800,0.0,0.0
2023-07-28 00:00:00-04:00,21.094641468885523,21.860860712986767,21.094641468885523,21.567615509033203,5200,0.0,0.0
2023-07-31 00:00:00-04:00,21.255452505277834,21.898697482221294,21.255452505277834,21.66221046447754,8500,0.0,0.0
2023-08-01 00:00:00-04:00,21.482479792840817,21.813561978024644,21.312210655898873,21.53923797607422,10500,0.0,0.0
2023-08-02 00:00:00-04:00,21.283831987682095,21.350048065185547,21.283831987682095,21.350048065185547,2600,0.0,0.0
2023-08-03 00:00:00-04:00,21.359508545426998,21.359508545426998,20.300045853782986,21.189237594604492,2600,0.0,0.0
2023-08-04 00:00:00-04:00,21.189237163042986,21.378427505493164,20.564911558911348,21.378427505493164,10000,0.0,0.0
2023-08-07 00:00:00-04:00,21.245992985851323,21.614913963510713,21.245992985851323,21.444643020629883,7000,0.0,0.0
2023-08-08 00:00:00-04:00,21.331130878568448,21.60545671862665,21.331130878568448,21.5487003326416,3400,0.0,0.0
2023-08-09 00:00:00-04:00,21.463562763484767,21.841941640330003,21.444643368579307,21.4730224609375,6700,0.0,0.0
2023-08-10 00:00:00-04:00,21.520319143948353,21.605454616770132,21.18923695011397,21.4730224609375,3900,0.0,0.0
2023-08-11 00:00:00-04:00,21.520319143948353,21.520319143948353,21.4730224609375,21.4730224609375,700,0.0,0.0
2023-08-14 00:00:00-04:00,21.683447663783923,21.71214278140925,21.262595060335894,21.348678588867188,8500,0.25,0.0
2023-08-15 00:00:00-04:00,21.386937976733293,21.874744012756658,21.358242860139697,21.683446884155273,5100,0.0,0.0
2023-08-16 00:00:00-04:00,21.386937266300393,21.386937266300393,20.56436219472128,20.822612762451172,7400,0.0,0.0
2023-08-17 00:00:00-04:00,20.860872268676758,20.860872268676758,20.860872268676758,20.860872268676758,1700,0.0,0.0
2023-08-18 00:00:00-04:00,20.860872268676758,20.860872268676758,20.860872268676758,20.860872268676758,1600,0.0,0.0
2023-08-21 00:00:00-04:00,20.899133717764386,20.899133717764386,20.478281093662996,20.66001319885254,5100,0.0,0.0
2023-08-22 00:00:00-04:00,20.698271641779048,20.717401721235078,20.602624893188477,20.602624893188477,2600,0.0,0.0
2023-08-23 00:00:00-04:00,20.726966992909226,20.793920447409786,20.6121883392334,20.6121883392334,2600,0.0,0.0
2023-08-24 00:00:00-04:00,20.650446776961132,20.736530303955078,20.506974840086105,20.736530303955078,1700,0.0,0.0
2023-08-25 00:00:00-04:00,20.583492279052734,20.5930573176029,20.583492279052734,20.583492279052734,1400,0.0,0.0
2023-08-28 00:00:00-04:00,20.583492279052734,20.889566215279686,20.40176019528877,20.583492279052734,6100,0.0,0.0
2023-08-29 00:00:00-04:00,20.583493411395636,20.918262481689453,20.583493411395636,20.918262481689453,1400,0.0,0.0
2023-08-30 00:00:00-04:00,20.6791408402098,20.6791408402098,20.583492279052734,20.583492279052734,2200,0.0,0.0
2023-08-31 00:00:00-04:00,20.736530093135475,20.946955476789896,20.66957664489746,20.66957664489746,5300,0.0,0.0
2023-09-01 00:00:00-04:00,20.9852155276266,20.9852155276266,20.726964950561523,20.726964950561523,1300,0.0,0.0
2023-09-05 00:00:00-04:00,20.669576541550825,20.726964950561523,20.669576541550825,20.726964950561523,3400,0.0,0.0
2023-09-06 00:00:00-04:00,20.72696753788764,20.774790913975526,19.225290906851818,19.426151275634766,16000,0.0,0.0
2023-09-07 00:00:00-04:00,19.42615088040176,20.315679522559513,19.42615088040176,19.894826889038086,10700,0.0,0.0
2023-09-08 00:00:00-04:00,20.468714599581517,20.554798126220703,20.1913357660122,20.554798126220703,4000,0.0,0.0
2023-09-11 00:00:00-04:00,20.401762008666992,20.401762008666992,20.401762008666992,20.401762008666992,800,0.0,0.0
2023-09-12 00:00:00-04:00,20.43045764724312,20.994782215823527,20.43045764724312,20.478281021118164,4900,0.0,0.0
2023-09-13 00:00:00-04:00,20.49741110040609,20.564364553569057,20.478281021118164,20.478281021118164,1500,0.0,0.0
2023-09-14 00:00:00-04:00,20.803484196329755,20.803484196329755,20.583493766808996,20.631317138671875,5000,0.0,0.0
2023-09-15 00:00:00-04:00,20.631318079818996,20.66001319885254,20.631318079818996,20.66001319885254,4100,0.0,0.0
2023-09-18 00:00:00-04:00,20.660014326373727,20.660014326373727,20.22959663910443,20.334810256958008,9700,0.0,0.0
2023-09-19 00:00:00-04:00,20.373065948486328,20.66001164419486,20.373065948486328,20.373065948486328,900,0.0,0.0
2023-09-20 00:00:00-04:00,20.860873595331565,20.860873595331565,20.392197596370657,20.4208927154541,1200,0.0,0.0
2023-09-21 00:00:00-04:00,20.985217287015043,20.985217287015043,20.4208927154541,20.4208927154541,700,0.0,0.0
2023-09-22 00:00:00-04:00,20.440022036969825,20.51654052734375,20.430456997629996,20.51654052734375,1400,0.0,0.0
2023-09-25 00:00:00-04:00,20.392197839551876,20.392197839551876,20.086123863057594,20.24872589111328,4900,0.0,0.0
2023-09-26 00:00:00-04:00,20.27742076872644,20.4208927154541,20.27742076872644,20.4208927154541,600,0.0,0.0
2023-09-27 00:00:00-04:00,20.66001110965982,20.66001110965982,20.277418682958537,20.296546936035156,3100,0.0,0.0
2023-09-28 00:00:00-04:00,20.430456161499023,20.430456161499023,20.430456161499023,20.430456161499023,600,0.0,0.0
2023-09-29 00:00:00-04:00,20.46871566772461,20.46871566772461,20.46871566772461,20.46871566772461,400,0.0,0.0
2023-10-02 00:00:00-04:00,20.48784540932426,20.51654052734375,20.20090152650822,20.51654052734375,6800,0.0,0.0
2023-10-03 00:00:00-04:00,20.334808140637797,20.334808140637797,20.267854690551758,20.267854690551758,700,0.0,0.0
2023-10-04 00:00:00-04:00,20.31567772735816,20.841743928860144,20.31567772735816,20.49740982055664,5900,0.0,0.0
2023-10-05 00:00:00-04:00,20.545234341883305,20.602624579377245,20.27742053095728,20.593059539794922,13500,0.0,0.0
2023-10-06 00:00:00-04:00,20.46871566772461,20.612187611495333,20.306113644959186,20.46871566772461,24400,0.0,0.0
2023-10-09 00:00:00-04:00,20.506975825713997,21.033040227654908,20.46871566772461,20.46871566772461,4100,0.0,0.0
2023-10-10 00:00:00-04:00,20.53566940027494,20.755661663028434,19.627012527756182,20.7174015045166,7900,0.0,0.0
2023-10-11 00:00:00-04:00,20.793920105652845,20.793920105652845,20.60262478513023,20.66001319885254,4300,0.0,0.0
2023-10-12 00:00:00-04:00,20.660011589083073,20.9086971282959,20.660011589083073,20.9086971282959,1300,0.0,0.0
2023-10-13 00:00:00-04:00,20.765224039363694,20.765224039363694,20.564363688325965,20.631317138671875,2400,0.0,0.0
2023-10-16 00:00:00-04:00,20.66001225639642,20.66001225639642,20.363503337288236,20.631317138671875,11900,0.0,0.0
2023-10-17 00:00:00-04:00,20.679142019853128,21.042604383770232,20.4208914373005,20.62175178527832,20800,0.0,0.0
2023-10-18 00:00:00-04:00,20.71740087640542,21.04260491651736,20.60262405303928,20.698270797729492,3700,0.0,0.0
2023-10-19 00:00:00-04:00,20.133944588917906,20.583492279052734,20.133944588917906,20.583492279052734,1200,0.0,0.0
2023-10-20 00:00:00-04:00,20.58349452475086,20.66001301715591,20.411327460753306,20.535669326782227,2000,0.0,0.0
2023-10-23 00:00:00-04:00,20.41132555691262,20.564362527448388,20.1243816932442,20.35393714904785,10100,0.0,0.0
2023-10-24 00:00:00-04:00,20.382632909616927,20.420893069057357,19.818308328284278,20.19133758544922,4900,0.0,0.0
2023-10-25 00:00:00-04:00,20.19133734306449,20.43045786366224,20.181772303319207,20.36350440979004,7400,0.0,0.0
2023-10-26 00:00:00-04:00,20.382631301879883,20.382631301879883,20.325242891590722,20.382631301879883,7700,0.0,0.0
2023-10-27 00:00:00-04:00,20.344372969802,20.382631301879883,20.239159363984648,20.382631301879883,2200,0.0,0.0
2023-10-30 00:00:00-04:00,20.39219634056899,20.468714829067864,20.20090103149414,20.20090103149414,1600,0.0,0.0
2023-10-31 00:00:00-04:00,20.20090103149414,20.20090103149414,20.20090103149414,20.20090103149414,1000,0.0,0.0
2023-11-01 00:00:00-04:00,20.08612316449536,20.08612316449536,20.047863006591797,20.047863006591797,1300,0.0,0.0
2023-11-02 00:00:00-04:00,19.894825866517536,20.401762008666992,19.894825866517536,20.401762008666992,3200,0.0,0.0
2023-11-03 00:00:00-04:00,20.33480675710069,20.39219516407776,20.33480675710069,20.344371795654297,3800,0.0,0.0
2023-11-06 00:00:00-05:00,20.38263012552415,20.39219516407776,20.344371795654297,20.344371795654297,3300,0.0,0.0
2023-11-07 00:00:00-05:00,20.07655841454274,20.114818572998047,20.07655841454274,20.114818572998047,2800,0.0,0.0
2023-11-08 00:00:00-05:00,20.17220591458985,20.382631301879883,20.17220591458985,20.382631301879883,2300,0.0,0.0
2023-11-09 00:00:00-05:00,20.20090103149414,20.20090103149414,20.20090103149414,20.20090103149414,500,0.0,0.0
2023-11-10 00:00:00-05:00,20.229594847182334,20.277420043945312,20.229594847182334,20.277420043945312,2100,0.0,0.0
2023-11-13 00:00:00-05:00,20.373066262774245,20.39219634098552,20.10525246519505,20.382631301879883,6300,0.0,0.0
2023-11-14 00:00:00-05:00,20.50845231557089,21.28272063988639,20.47941656115857,20.653627395629883,44200,0.25,0.0
2023-11-15 00:00:00-05:00,20.85686958933446,21.244005550176798,20.85686958933446,20.924619674682617,9500,0.0,0.0
2023-11-16 00:00:00-05:00,20.85687183334737,21.050439834594727,20.85687183334737,21.050439834594727,3600,0.0,0.0
2023-11-17 00:00:00-05:00,20.71169701540471,21.098831176757812,20.71169701540471,21.098831176757812,2700,0.0,0.0
2023-11-20 00:00:00-05:00,21.050439137215765,21.060117721557617,21.021403384190204,21.060117721557617,4800,0.0,0.0
2023-11-21 00:00:00-05:00,20.973012226853044,21.098830130805023,20.973012226853044,20.982690811157227,1200,0.0,0.0
2023-11-22 00:00:00-05:00,21.01172637939453,21.01172637939453,21.01172637939453,21.01172637939453,2800,0.0,0.0
2023-11-24 00:00:00-05:00,21.01172637939453,21.01172637939453,21.01172637939453,21.01172637939453,0,0.0,0.0
2023-11-27 00:00:00-05:00,21.060118447059534,21.060118447059534,20.86655044555664,20.86655044555664,3000,0.0,0.0
2023-11-28 00:00:00-05:00,21.03108247994599,21.07947540283203,20.86655023413596,21.07947540283203,2100,0.0,0.0
2023-11-29 00:00:00-05:00,21.050438707674257,21.22464953027037,21.050438707674257,21.118186950683594,17200,0.0,0.0
2023-11-30 00:00:00-05:00,21.282719561803628,21.282719561803628,20.760088930865006,20.79880142211914,3300,0.0,0.0
2023-12-01 00:00:00-05:00,20.866551373975046,21.563394733589192,20.866551373975046,21.534358978271484,9900,0.0,0.0
2023-12-04 00:00:00-05:00,22.076344534012605,22.744152069091797,22.076344534012605,22.744152069091797,11100,0.0,0.0
2023-12-05 00:00:00-05:00,22.55058479309082,22.55058479309082,22.55058479309082,22.55058479309082,800,0.0,0.0
2023-12-06 00:00:00-05:00,22.686082422268555,22.695761006376316,22.298948287963867,22.298948287963867,700,0.0,0.0
2023-12-07 00:00:00-05:00,22.686084189588563,22.686084189588563,22.376376858017604,22.405410766601562,2000,0.0,0.0
2023-12-08 00:00:00-05:00,20.527806162267748,22.50219301622339,20.527806162267748,22.298948287963867,7000,0.0,0.0
2023-12-11 00:00:00-05:00,22.173127765646345,22.676403045654297,22.173127765646345,22.676403045654297,800,0.0,0.0
2023-12-12 00:00:00-05:00,22.182808002837586,22.453802830579505,22.182808002837586,22.260234832763672,7800,0.0,0.0
2023-12-13 00:00:00-05:00,22.26023300308143,22.695760039368242,22.26023300308143,22.521549224853516,4500,0.0,0.0
2023-12-14 00:00:00-05:00,22.60865591151849,23.22807053506655,22.60865591151849,23.05385971069336,10200,0.0,0.0
2023-12-15 00:00:00-05:00,22.773187987640938,23.05385954466437,22.773187987640938,22.899005889892578,4500,0.0,0.0
2023-12-18 00:00:00-05:00,22.90868377685547,22.90868377685547,22.90868377685547,22.90868377685547,700,0.0,0.0
2023-12-19 00:00:00-05:00,23.053860142111404,23.42163896622638,22.947397559446348,22.995790481567383,5200,0.0,0.0
2023-12-20 00:00:00-05:00,23.005469123352718,23.25710678100586,23.005469123352718,23.25710678100586,3300,0.0,0.0
2023-12-21 00:00:00-05:00,23.14096460772167,23.22807001796915,23.034502029418945,23.034502029418945,2900,0.0,0.0
2023-12-22 00:00:00-05:00,23.053860734550476,23.228071566660635,23.053860734550476,23.092575073242188,1800,0.0,0.0
2023-12-26 00:00:00-05:00,22.928041889267977,23.179679542481693,22.928041889267977,23.13128662109375,3900,0.0,0.0
2023-12-27 00:00:00-05:00,23.150644058523266,23.17967981169326,22.918363571166992,22.918363571166992,6400,0.0,0.0
2023-12-28 00:00:00-05:00,22.995790296765406,23.10225287857489,22.995790296765406,23.024826049804688,1700,0.0,0.0
2023-12-29 00:00:00-05:00,22.995790747051988,23.04418182373047,22.98611216251604,23.04418182373047,3500,0.0,0.0
2024-01-02 00:00:00-05:00,23.1699997456376,23.2087122347208,23.044180002614727,23.121606826782227,7800,0.0,0.0
2024-01-03 00:00:00-05:00,23.13128686734574,23.13128686734574,23.102252960205078,23.102252960205078,1100,0.0,0.0
2024-01-04 00:00:00-05:00,23.13128662109375,23.13128662109375,23.13128662109375,23.13128662109375,1700,0.0,0.0
2024-01-05 00:00:00-05:00,23.13128713338428,23.70231069640015,23.13128713338428,23.150644302368164,6500,0.0,0.0
2024-01-08 00:00:00-05:00,23.315177560232144,23.450674057006836,23.315177560232144,23.450674057006836,500,0.0,0.0
2024-01-09 00:00:00-05:00,23.228071212768555,23.228071212768555,23.17968013614245,23.228071212768555,1600,0.0,0.0
2024-01-10 00:00:00-05:00,23.17968021590737,23.305498123168945,22.860294309472796,23.305498123168945,3500,0.0,0.0
2024-01-11 00:00:00-05:00,23.382925033569336,23.382925033569336,23.382925033569336,23.382925033569336,200,0.0,0.0
2024-01-12 00:00:00-05:00,23.470029830932617,23.470029830932617,23.470029830932617,23.470029830932617,200,0.0,0.0
2024-01-16 00:00:00-05:00,23.32485572595147,23.40228255785997,23.044182306532353,23.24742889404297,3400,0.0,0.0
2024-01-17 00:00:00-05:00,23.24742889404297,23.24742889404297,23.24742889404297,23.24742889404297,400,0.0,0.0
2024-01-18 00:00:00-05:00,23.05386011921695,23.17967987060547,23.05386011921695,23.17967987060547,2200,0.0,0.0
2024-01-19 00:00:00-05:00,23.053861305594108,23.450674057006836,23.053861305594108,23.450674057006836,1100,0.0,0.0
2024-01-22 00:00:00-05:00,23.42163902689008,24.59272005523397,23.12160844696623,24.408830642700195,8400,0.0,0.0
2024-01-23 00:00:00-05:00,24.408829437917,24.408829437917,23.953947067260742,23.953947067260742,1200,0.0,0.0
2024-01-24 00:00:00-05:00,25.14438669176985,26.150937332284727,25.14438669176985,25.53152084350586,6300,0.0,0.0
2024-01-25 00:00:00-05:00,26.13158008719591,26.13158008719591,26.083189010620117,26.083189010620117,1000,0.0,0.0
2024-01-26 00:00:00-05:00,23.663597155173704,26.015437702396085,23.663597155173704,24.81532096862793,5600,0.0,0.0
2024-01-29 00:00:00-05:00,24.53464918354608,24.563683089459605,23.741023757889945,23.953947067260742,3200,0.0,0.0
2024-01-30 00:00:00-05:00,23.663597106933594,23.663597106933594,23.663597106933594,23.663597106933594,1100,0.0,0.0
2024-01-31 00:00:00-05:00,23.344210646224898,23.344210646224898,22.076343857629823,22.753829956054688,11500,0.0,0.0
2024-02-01 00:00:00-05:00,22.31830531851299,23.295820236206055,22.31830531851299,23.295820236206055,4300,0.0,0.0
2024-02-02 00:00:00-05:00,23.24742873600649,23.24742873600649,23.092575073242188,23.092575073242188,1200,0.0,0.0
2024-02-05 00:00:00-05:00,22.763509338346978,22.92804157682147,22.52155027270809,22.6376895904541,9300,0.0,0.0
2024-02-06 00:00:00-05:00,22.318303627341606,22.744152098404832,22.11505889892578,22.11505889892578,3400,0.0,0.0
2024-02-07 00:00:00-05:00,22.08602158189433,22.10537874875338,21.582746319565196,21.795671463012695,5600,0.0,0.0
2024-02-08 00:00:00-05:00,21.795670766855196,21.805349349975586,21.640817128930905,21.805349349975586,2700,0.0,0.0
2024-02-09 00:00:00-05:00,21.195611535397834,21.815027933095976,21.195611535397834,21.805349349975586,3300,0.0,0.0
2024-02-12 00:00:00-05:00,21.350466873896696,22.308624527121314,21.350466873896696,21.650497436523438,14600,0.0,0.0
2024-02-13 00:00:00-05:00,21.408540725708008,21.95052856106732,21.38918355580199,21.408540725708008,3300,0.0,0.0
2024-02-14 00:00:00-05:00,21.526005989916072,21.535795211791992,21.349803730355813,21.535795211791992,3200,0.25,0.0
2024-02-15 00:00:00-05:00,22.318913332738877,22.75941896272972,21.291069352231027,22.700685501098633,7100,0.0,0.0
2024-02-16 00:00:00-05:00,21.82946539992055,22.191659157513328,21.535796198599133,21.65326499938965,4700,0.0,0.0
2024-02-20 00:00:00-05:00,21.653264509880184,22.250392121348394,21.633686065673828,21.633686065673828,4100,0.0,0.0
2024-02-21 00:00:00-05:00,21.535794473542545,21.574951359703928,20.723307756724836,21.388959884643555,17700,0.0,0.0
2024-02-22 00:00:00-05:00,22.123135256832118,22.123135256832118,21.242125834010697,21.721786499023438,1100,0.0,0.0
2024-02-23 00:00:00-05:00,21.2910709478649,21.62389703388944,21.202969815264098,21.369382858276367,5100,0.0,0.0
2024-02-26 00:00:00-05:00,21.506426652621567,21.75115158804235,21.388959729197314,21.73157501220703,1100,0.0,0.0
2024-02-27 00:00:00-05:00,21.92735551210937,22.221026577266795,21.731576669107643,21.83925437927246,2200,0.0,0.0
2024-02-28 00:00:00-05:00,21.643474845839272,22.00566672074524,21.30085954763672,21.92735481262207,2900,0.0,0.0
2024-02-29 00:00:00-05:00,22.358071781297944,22.495117157050405,22.260181427001953,22.260181427001953,2400,0.0,0.0
2024-03-01 00:00:00-05:00,21.66305084017566,21.741362746193573,21.35959243774414,21.35959243774414,7800,0.0,0.0
2024-03-04 00:00:00-05:00,21.63368504235839,21.907775779869528,21.35959243774414,21.35959243774414,7600,0.0,0.0
2024-03-05 00:00:00-05:00,21.105077625788333,21.73157472172126,21.105077625788333,21.60431671142578,8000,0.0,0.0
2024-03-06 00:00:00-05:00,21.721786705551068,22.074189357768343,21.614107131958008,21.614107131958008,1800,0.0,0.0
2024-03-07 00:00:00-05:00,22.01545567107813,22.01545567107813,21.643474578857422,21.643474578857422,4900,0.0,0.0
2024-03-08 00:00:00-05:00,21.80988691685756,21.80988691685756,21.73157501220703,21.73157501220703,300,0.0,0.0
2024-03-11 00:00:00-04:00,21.44769287109375,21.44769287109375,21.44769287109375,21.44769287109375,800,0.0,0.0
2024-03-12 00:00:00-04:00,21.359591746287734,21.457482092416978,21.359591746287734,21.44769287109375,3400,0.0,0.0
2024-03-13 00:00:00-04:00,21.35959239482779,21.35959239482779,21.124656677246094,21.124656677246094,2800,0.0,0.0
2024-03-14 00:00:00-04:00,21.10507732779632,21.242124557495117,21.056133088898697,21.242124557495117,3200,0.0,0.0
2024-03-15 00:00:00-04:00,20.92887535980132,21.526004791259766,20.92887535980132,21.526004791259766,7800,0.0,0.0
2024-03-18 00:00:00-04:00,21.44769356540218,21.44769356540218,21.35959243774414,21.35959243774414,1400,0.0,0.0
2024-03-19 00:00:00-04:00,21.193179853096442,21.193179853096442,21.144235610961914,21.144235610961914,2300,0.0,0.0
2024-03-20 00:00:00-04:00,21.526004791259766,21.526004791259766,21.526004791259766,21.526004791259766,800,0.0,0.0
2024-03-21 00:00:00-04:00,21.535795690800537,21.535795690800537,21.281281517675055,21.477062225341797,1000,0.0,0.0
2024-03-22 00:00:00-04:00,21.535795211791992,21.535795211791992,21.535795211791992,21.535795211791992,600,0.0,0.0
2024-03-25 00:00:00-04:00,21.349802998482172,21.535794473542545,21.349802998482172,21.388959884643555,2700,0.0,0.0
2024-03-26 00:00:00-04:00,21.437904300688356,21.437904300688356,21.124656677246094,21.124656677246094,2500,0.0,0.0
2024-03-27 00:00:00-04:00,21.154023433796972,21.242124557495117,21.144234212596842,21.242124557495117,4200,0.0,0.0
2024-03-28 00:00:00-04:00,21.418324919907896,21.535793707108365,21.1638126373291,21.1638126373291,1700,0.0,0.0
2024-04-01 00:00:00-04:00,21.056134734024248,21.349803924560547,21.056134734024248,21.349803924560547,900,0.0,0.0
2024-04-02 00:00:00-04:00,21.222547054879517,21.320437404112607,21.105078262379184,21.281280517578125,1800,0.0,0.0
2024-04-03 00:00:00-04:00,21.046346184316235,21.105079650878906,20.997401940031214,21.105079650878906,2400,0.0,0.0
2024-04-04 00:00:00-04:00,21.242125647837682,21.242125647837682,20.860353469848633,20.860353469848633,4500,0.0,0.0
2024-04-05 00:00:00-04:00,20.860353983120387,21.036556243896484,20.860353983120387,21.036556243896484,2100,0.0,0.0
2024-04-08 00:00:00-04:00,21.00718850623114,21.00718850623114,20.56668472290039,20.56668472290039,5000,0.0,0.0
2024-04-09 00:00:00-04:00,20.615627796254685,20.713518142700195,20.615627796254685,20.713518142700195,2200,0.0,0.0
2024-04-10 00:00:00-04:00,20.625417709350586,20.625417709350586,20.625417709350586,20.625417709350586,700,0.0,0.0
2024-04-11 00:00:00-04:00,20.625417709350586,20.625417709350586,20.625417709350586,20.625417709350586,300,0.0,0.0
2024-04-12 00:00:00-04:00,20.71352055340837,20.948456291958358,20.556896727708377,20.88972282409668,1300,0.0,0.0
2024-04-15 00:00:00-04:00,20.88972282409668,20.88972282409668,20.88972282409668,20.88972282409668,500,0.0,0.0
2024-04-16 00:00:00-04:00,20.88972282409668,20.88972282409668,20.88972282409668,20.88972282409668,400,0.0,0.0
2024-04-17 00:00:00-04:00,20.899511337280273,20.899511337280273,20.899511337280273,20.899511337280273,1600,0.0,0.0
2024-04-18 00:00:00-04:00,20.899511337280273,20.899511337280273,20.899511337280273,20.899511337280273,400,0.0,0.0
2024-04-19 00:00:00-04:00,21.046345221877502,21.046345221877502,20.909299850463867,20.909299850463867,400,0.0,0.0
2024-04-22 00:00:00-04:00,21.046345945509106,21.046345945509106,20.97782325744629,20.97782325744629,600,0.0,0.0
2024-04-23 00:00:00-04:00,21.046345247112434,21.0659236907959,21.046345247112434,21.0659236907959,12100,0.0,0.0
2024-04-24 00:00:00-04:00,21.18339061869039,21.623896266052608,21.0659236907959,21.0659236907959,2900,0.0,0.0
2024-04-25 00:00:00-04:00,21.095290011284238,21.320438385009766,21.095290011284238,21.320438385009766,1400,0.0,0.0
2024-04-26 00:00:00-04:00,21.163814886801923,22.152502059936523,21.163814886801923,22.152502059936523,500,0.0,0.0
2024-04-29 00:00:00-04:00,21.35959207998486,21.809886932373047,21.35959207998486,21.809886932373047,2200,0.0,0.0
2024-04-30 00:00:00-04:00,21.467272778056245,21.790309635345466,21.467272778056245,21.741363525390625,1300,0.0,0.0
2024-05-01 00:00:00-04:00,21.653263569842075,22.172079249064605,21.5945282397729,21.829463958740234,4400,0.0,0.0
2024-05-02 00:00:00-04:00,21.64347600519355,21.907777542327338,21.64347600519355,21.70220947265625,2800,0.0,0.0
2024-05-03 00:00:00-04:00,21.90777586506268,21.90777586506268,21.741362830739593,21.829463958740234,2000,0.0,0.0
2024-05-06 00:00:00-04:00,21.829465637874943,21.829465637874943,21.66305259075127,21.780521392822266,6300,0.0,0.0
2024-05-07 00:00:00-04:00,21.780520218279026,21.92735481262207,21.780520218279026,21.92735481262207,46300,0.0,0.0
2024-05-08 00:00:00-04:00,21.849042916456035,22.005666732788086,21.839253694547384,22.005666732788086,6500,0.0,0.0
2024-05-09 00:00:00-04:00,21.92735481262207,21.92735481262207,21.92735481262207,21.92735481262207,300,0.0,0.0
2024-05-10 00:00:00-04:00,22.054611206054688,22.054611206054688,22.054611206054688,22.054611206054688,1600,0.0,0.0
2024-05-13 00:00:00-04:00,22.054612161233905,22.17207908630371,22.054612161233905,22.17207908630371,1500,0.0,0.0
2024-05-14 00:00:00-04:00,22.29085885119062,22.4195352670218,22.142385482788086,22.142385482788086,2400,0.25,0.0
2024-05-15 00:00:00-04:00,22.478925049614073,22.726381301879883,22.478925049614073,22.726381301879883,400,0.0,0.0
2024-05-16 00:00:00-04:00,22.459129333496094,22.459129333496094,22.459129333496094,22.459129333496094,500,0.0,0.0
2024-05-17 00:00:00-04:00,22.478925864669552,22.756077556915297,22.478925864669552,22.53831672668457,1200,0.0,0.0
2024-05-20 00:00:00-04:00,22.568010330200195,22.568010330200195,22.568010330200195,22.568010330200195,1500,0.0,0.0
2024-05-21 00:00:00-04:00,22.568010330200195,22.568010330200195,22.568010330200195,22.568010330200195,2800,0.0,0.0
2024-05-22 00:00:00-04:00,22.68678921354163,22.68678921354163,22.439332962036133,22.439332962036133,1100,0.0,0.0
2024-05-23 00:00:00-04:00,22.46902847290039,22.48882353825677,22.46902847290039,22.46902847290039,2100,0.0,0.0
2024-05-24 00:00:00-04:00,22.39973941479407,22.42943484510983,22.33045196533203,22.33045196533203,2900,0.0,0.0
2024-05-28 00:00:00-04:00,22.47892423679455,22.47892423679455,22.142385482788086,22.142385482788086,1700,0.0,0.0
2024-05-29 00:00:00-04:00,22.112691517568578,22.756077415192763,22.082996086746007,22.221572875976562,4900,0.0,0.0
2024-05-30 00:00:00-04:00,22.271061898619266,22.76597438525525,22.142385482788086,22.142385482788086,2400,0.0,0.0
2024-05-31 00:00:00-04:00,22.39973896535244,22.765975046799504,22.15228271484375,22.15228271484375,2900,0.0,0.0
2024-06-03 00:00:00-04:00,22.370044708251953,22.370044708251953,22.370044708251953,22.370044708251953,900,0.0,0.0
2024-06-04 00:00:00-04:00,22.538315256409017,22.76597454879101,22.19187613568698,22.459129333496094,3800,0.0,0.0
2024-06-05 00:00:00-04:00,22.518519252185595,22.765975507704116,22.29085995021449,22.587806701660156,1500,0.0,0.0
2024-06-06 00:00:00-04:00,22.587806701660156,22.587806701660156,22.587806701660156,22.587806701660156,700,0.0,0.0
2024-06-07 00:00:00-04:00,22.330451240272854,22.360146669624417,22.29085922241211,22.29085922241211,900,0.0,0.0
2024-06-10 00:00:00-04:00,22.459129333496094,22.459129333496094,22.459129333496094,22.459129333496094,600,0.0,0.0
2024-06-11 00:00:00-04:00,22.459129333496094,22.459129333496094,22.459129333496094,22.459129333496094,500,0.0,0.0
2024-06-12 00:00:00-04:00,22.459129333496094,22.459129333496094,22.459129333496094,22.459129333496094,300,0.0,0.0
2024-06-13 00:00:00-04:00,22.56800908577266,22.57790756225586,22.538315544264396,22.57790756225586,1500,0.0,0.0
2024-06-14 00:00:00-04:00,22.538316646722468,22.538316646722468,22.370046314159804,22.508621215820312,1000,0.0,0.0
2024-06-17 00:00:00-04:00,22.389843268094573,22.508621215820312,22.389843268094573,22.508621215820312,1400,0.0,0.0
2024-06-18 00:00:00-04:00,22.617502212524414,22.617502212524414,22.617502212524414,22.617502212524414,1000,0.0,0.0
2024-06-20 00:00:00-04:00,22.52841663218478,22.657093048095703,22.52841663218478,22.657093048095703,1600,0.0,0.0
2024-06-21 00:00:00-04:00,22.577908215280157,22.577908215280157,20.538869199298677,20.786325454711914,11200,0.0,0.0
2024-06-24 00:00:00-04:00,21.093171320466617,21.86523554035503,21.093171320466617,21.825641632080078,6400,0.0,0.0
2024-06-25 00:00:00-04:00,22.666992862577708,22.666992862577708,21.390119552612305,21.390119552612305,17900,0.0,0.0
2024-06-26 00:00:00-04:00,21.390119552612305,21.390119552612305,21.390119552612305,21.390119552612305,1200,0.0,0.0
2024-06-27 00:00:00-04:00,21.815744103134513,21.993911018872016,21.29113616874018,21.95431900024414,10200,0.0,0.0
2024-06-28 00:00:00-04:00,22.666991590504303,22.666991590504303,21.617777643748912,22.429433822631836,9400,0.0,0.0
2024-07-01 00:00:00-04:00,21.92462371220805,22.66699247371357,21.894930170030317,22.013708114624023,3400,0.0,0.0
2024-07-02 00:00:00-04:00,21.993911743164062,21.993911743164062,21.993911743164062,21.993911743164062,800,0.0,0.0
2024-07-03 00:00:00-04:00,21.974116836513527,22.053302764892578,21.776151071595173,22.053302764892578,3500,0.0,0.0
2024-07-05 00:00:00-04:00,22.053302764892578,22.053302764892578,22.053302764892578,22.053302764892578,400,0.0,0.0
2024-07-08 00:00:00-04:00,20.776425946548372,21.88503074645996,20.776425946548372,21.88503074645996,1400,0.0,0.0
2024-07-09 00:00:00-04:00,21.77615055059061,21.77615055059061,21.588083267211914,21.588083267211914,1100,0.0,0.0
2024-07-10 00:00:00-04:00,21.924623489379883,21.924623489379883,21.924623489379883,21.924623489379883,800,0.0,0.0
2024-07-11 00:00:00-04:00,21.934521903105086,22.409637451171875,21.934521903105086,22.409637451171875,700,0.0,0.0
2024-07-12 00:00:00-04:00,22.627399444580078,22.627399444580078,22.627399444580078,22.627399444580078,200,0.0,0.0
2024-07-15 00:00:00-04:00,22.657092967933647,22.666991444190437,22.370044708251953,22.370044708251953,2400,0.0,0.0
2024-07-16 00:00:00-04:00,22.51851881466193,22.7659750653725,22.51851881466193,22.6669921875,4300,0.0,0.0
2024-07-17 00:00:00-04:00,22.6669921875,22.6669921875,22.6669921875,22.6669921875,500,0.0,0.0
2024-07-18 00:00:00-04:00,23.250989834568227,23.478649139404297,22.81546629075121,23.478649139404297,3700,0.0,0.0
2024-07-19 00:00:00-04:00,23.458854011280327,23.458854011280327,23.191600799560547,23.191600799560547,500,0.0,0.0
2024-07-22 00:00:00-04:00,23.429159027905417,23.429159027905417,23.112415313720703,23.112415313720703,1600,0.0,0.0
2024-07-23 00:00:00-04:00,23.12231341077349,23.478649139404297,23.12231341077349,23.478649139404297,2100,0.0,0.0
2024-07-24 00:00:00-04:00,23.46874973537243,23.864681243896484,23.46874973537243,23.864681243896484,10700,0.0,0.0
2024-07-25 00:00:00-04:00,24.250712051391602,24.745624542236328,24.250712051391602,24.745624542236328,1100,0.0,0.0
2024-07-26 00:00:00-04:00,24.62684471373941,25.19104653917311,24.60704964894103,24.745624542236328,3200,0.0,0.0
2024-07-29 00:00:00-04:00,24.745625271964418,24.745625271964418,23.95376601843811,24.270509719848633,6700,0.0,0.0
2024-07-30 00:00:00-04:00,24.250712398994466,25.735449892810454,24.003256150025138,24.12203598022461,2000,0.0,0.0
2024-07-31 00:00:00-04:00,24.696135292221886,25.705755389562206,24.250713272850113,24.99308204650879,34200,0.0,0.0
2024-08-01 00:00:00-04:00,24.745624542236328,24.745624542236328,24.250712051391602,24.745624542236328,18500,0.0,0.0
2024-08-02 00:00:00-04:00,24.52786384829434,24.52786384829434,24.03295135498047,24.03295135498047,4700,0.0,0.0
2024-08-05 00:00:00-04:00,23.815189883395828,24.02305412308564,23.508344650268555,23.508344650268555,2900,0.0,0.0
2024-08-06 00:00:00-04:00,23.260886935644994,23.448954209705693,23.16190406045824,23.429157257080078,1800,0.0,0.0
2024-08-07 00:00:00-04:00,23.468750007974716,23.726104736328125,23.161904784451618,23.726104736328125,1800,0.0,0.0
2024-08-08 00:00:00-04:00,23.646918313215313,24.151729282667052,23.646918313215313,23.775596618652344,1200,0.0,0.0
2024-08-09 00:00:00-04:00,23.171803697573868,24.201222630379235,23.171803697573868,24.16162872314453,3900,0.0,0.0
2024-08-12 00:00:00-04:00,24.230915069580078,24.230915069580078,24.230915069580078,24.230915069580078,1300,0.0,0.0
2024-08-13 00:00:00-04:00,24.25071224761593,24.31999969482422,24.22101681826609,24.31999969482422,2300,0.0,0.0
2024-08-14 00:00:00-04:00,24.31999969482422,24.31999969482422,24.31999969482422,24.31999969482422,0,0.0,0.0
2024-08-15 00:00:00-04:00,24.68000030517578,24.68000030517578,24.489999771118164,24.489999771118164,1100,0.25,0.0
2024-08-16 00:00:00-04:00,24.510000228881836,24.889999389648438,24.510000228881836,24.889999389648438,2000,0.0,0.0
2024-08-19 00:00:00-04:00,24.889999389648438,25.3700008392334,24.799999237060547,25.139999389648438,5300,0.0,0.0
2024-08-20 00:00:00-04:00,24.56999969482422,25.18000030517578,24.56999969482422,25.18000030517578,1300,0.0,0.0
2024-08-21 00:00:00-04:00,25.479999542236328,25.479999542236328,25.479999542236328,25.479999542236328,200,0.0,0.0
2024-08-22 00:00:00-04:00,24.65999984741211,24.670000076293945,24.65999984741211,24.670000076293945,800,0.0,0.0
2024-08-23 00:00:00-04:00,25.90999984741211,25.90999984741211,25.5,25.8799991607666,900,0.0,0.0
2024-08-26 00:00:00-04:00,25.690000534057617,25.950000762939453,24.81999969482422,25.950000762939453,1500,0.0,0.0
2024-08-27 00:00:00-04:00,25.75,26.719999313354492,25.75,26.719999313354492,7900,0.0,0.0
2024-08-28 00:00:00-04:00,26.489999771118164,27.84000015258789,26.489999771118164,27.3799991607666,9300,0.0,0.0
2024-08-29 00:00:00-04:00,27.0,27.489999771118164,26.639999389648438,27.25,2400,0.0,0.0
2024-08-30 00:00:00-04:00,27.299999237060547,28.389999389648438,26.40999984741211,27.600000381469727,12500,0.0,0.0
2024-09-03 00:00:00-04:00,26.950000762939453,26.950000762939453,26.15999984741211,26.15999984741211,2000,0.0,0.0
2024-09-04 00:00:00-04:00,26.3799991607666,26.959999084472656,25.899999618530273,26.530000686645508,10900,0.0,0.0
2024-09-05 00:00:00-04:00,25.8700008392334,26.8799991607666,25.8700008392334,26.549999237060547,6000,0.0,0.0
2024-09-06 00:00:00-04:00,26.100000381469727,26.770000457763672,25.739999771118164,26.75,9200,0.0,0.0
2024-09-09 00:00:00-04:00,26.700000762939453,27.799999237060547,26.280000686645508,26.280000686645508,15600,0.0,0.0
2024-09-10 00:00:00-04:00,25.420000076293945,26.989999771118164,25.309999465942383,26.84000015258789,7700,0.0,0.0
2024-09-11 00:00:00-04:00,27.389999389648438,27.389999389648438,27.389999389648438,27.389999389648438,500,0.0,0.0
2024-09-12 00:00:00-04:00,27.299999237060547,27.799999237060547,26.6299991607666,26.959999084472656,3700,0.0,0.0
2024-09-13 00:00:00-04:00,27.030000686645508,27.1299991607666,27.030000686645508,27.09000015258789,2100,0.0,0.0
2024-09-16 00:00:00-04:00,27.06999969482422,27.299999237060547,27.06999969482422,27.299999237060547,700,0.0,0.0
2024-09-17 00:00:00-04:00,27.229999542236328,27.790000915527344,27.200000762939453,27.790000915527344,5400,0.0,0.0
2024-09-18 00:00:00-04:00,27.790000915527344,28.299999237060547,27.260000228881836,27.5,10000,0.0,0.0
2024-09-19 00:00:00-04:00,27.5,28.0,27.5,27.8799991607666,6700,0.0,0.0
2024-09-20 00:00:00-04:00,27.81999969482422,29.389999389648438,27.610000610351562,29.389999389648438,14100,0.0,0.0
2024-09-23 00:00:00-04:00,29.0,29.5,27.739999771118164,28.920000076293945,3000,0.0,0.0
2024-09-24 00:00:00-04:00,28.90999984741211,29.0,28.6200008392334,29.0,4200,0.0,0.0
2024-09-25 00:00:00-04:00,29.0,29.299999237060547,28.25,28.25,9600,0.0,0.0
2024-09-26 00:00:00-04:00,28.200000762939453,28.350000381469727,28.0,28.0,2100,0.0,0.0
2024-09-27 00:00:00-04:00,27.25,28.450000762939453,27.010000228881836,28.399999618530273,5700,0.0,0.0
2024-09-30 00:00:00-04:00,27.959999084472656,27.959999084472656,27.959999084472656,27.959999084472656,1300,0.0,0.0
2024-10-01 00:00:00-04:00,27.670000076293945,28.229999542236328,27.670000076293945,28.18000030517578,2700,0.0,0.0
2024-10-02 00:00:00-04:00,27.729999542236328,27.739999771118164,27.649999618530273,27.739999771118164,1400,0.0,0.0
2024-10-03 00:00:00-04:00,27.700000762939453,28.399999618530273,27.700000762939453,28.040000915527344,1100,0.0,0.0
2024-10-04 00:00:00-04:00,27.989999771118164,28.049999237060547,27.969999313354492,28.049999237060547,2200,0.0,0.0
2024-10-07 00:00:00-04:00,27.5,27.5,27.309999465942383,27.309999465942383,1800,0.0,0.0
2024-10-08 00:00:00-04:00,27.3700008392334,27.3700008392334,27.18000030517578,27.18000030517578,900,0.0,0.0
2024-10-09 00:00:00-04:00,27.56999969482422,28.049999237060547,27.56999969482422,28.049999237060547,2700,0.0,0.0
2024-10-10 00:00:00-04:00,27.899999618530273,28.25,27.899999618530273,28.25,1200,0.0,0.0
2024-10-11 00:00:00-04:00,28.0,28.25,28.0,28.25,700,0.0,0.0
2024-10-14 00:00:00-04:00,28.040000915527344,28.040000915527344,28.040000915527344,28.040000915527344,500,0.0,0.0
2024-10-15 00:00:00-04:00,27.760000228881836,28.600000381469727,27.75,27.860000610351562,2900,0.0,0.0
2024-10-16 00:00:00-04:00,27.860000610351562,27.860000610351562,27.860000610351562,27.860000610351562,600,0.0,0.0
2024-10-17 00:00:00-04:00,28.700000762939453,28.700000762939453,28.690000534057617,28.690000534057617,700,0.0,0.0
2024-10-18 00:00:00-04:00,28.690000534057617,28.690000534057617,28.690000534057617,28.690000534057617,300,0.0,0.0
2024-10-21 00:00:00-04:00,28.139999389648438,28.139999389648438,28.139999389648438,28.139999389648438,1100,0.0,0.0
2024-10-22 00:00:00-04:00,28.139999389648438,28.139999389648438,28.139999389648438,28.139999389648438,0,0.0,0.0
2024-10-23 00:00:00-04:00,27.809999465942383,28.579999923706055,27.809999465942383,28.579999923706055,1100,0.0,0.0
2024-10-24 00:00:00-04:00,28.229999542236328,28.889999389648438,28.229999542236328,28.889999389648438,5000,0.0,0.0
2024-10-25 00:00:00-04:00,28.709999084472656,28.709999084472656,28.209999084472656,28.5,1500,0.0,0.0
2024-10-28 00:00:00-04:00,28.5,28.5,28.479999542236328,28.479999542236328,3700,0.0,0.0
2024-10-29 00:00:00-04:00,28.459999084472656,28.600000381469727,28.010000228881836,28.600000381469727,3000,0.0,0.0
2024-10-30 00:00:00-04:00,28.229999542236328,28.649999618530273,27.780000686645508,28.649999618530273,3400,0.0,0.0
2024-10-31 00:00:00-04:00,27.15999984741211,28.649999618530273,27.15999984741211,28.649999618530273,6800,0.0,0.0
2024-11-01 00:00:00-04:00,27.860000610351562,28.56999969482422,27.559999465942383,28.56999969482422,1400,0.0,0.0
2024-11-04 00:00:00-05:00,28.139999389648438,28.450000762939453,28.049999237060547,28.450000762939453,14800,0.0,0.0
2024-11-05 00:00:00-05:00,28.700000762939453,28.799999237060547,28.5,28.690000534057617,5200,0.0,0.0
2024-11-06 00:00:00-05:00,28.770000457763672,29.899999618530273,28.700000762939453,29.899999618530273,15000,0.0,0.0
2024-11-07 00:00:00-05:00,29.40999984741211,29.40999984741211,29.100000381469727,29.280000686645508,2900,0.0,0.0
2024-11-08 00:00:00-05:00,28.600000381469727,28.829999923706055,28.510000228881836,28.510000228881836,7500,0.0,0.0
2024-11-11 00:00:00-05:00,28.690000534057617,29.149999618530273,28.690000534057617,28.950000762939453,10700,0.0,0.0
2024-11-12 00:00:00-05:00,28.709999084472656,29.200000762939453,28.520000457763672,29.049999237060547,4800,0.0,0.0
2024-11-13 00:00:00-05:00,29.040000915527344,29.049999237060547,28.65999984741211,28.690000534057617,17000,0.0,0.0
2024-11-14 00:00:00-05:00,28.510000228881836,28.700000762939453,28.489999771118164,28.700000762939453,13800,0.0,0.0
2024-11-15 00:00:00-05:00,28.700000762939453,29.0,28.600000381469727,28.889999389648438,8500,0.0,0.0
2024-11-18 00:00:00-05:00,28.809999465942383,29.15999984741211,28.65999984741211,29.020000457763672,3500,0.0,0.0
2024-11-19 00:00:00-05:00,29.010000228881836,29.260000228881836,28.68000030517578,29.260000228881836,3300,0.0,0.0
2024-11-20 00:00:00-05:00,29.5,29.709999084472656,29.489999771118164,29.489999771118164,4300,0.0,0.0
2024-11-21 00:00:00-05:00,29.700000762939453,30.0,28.799999237060547,29.899999618530273,15300,0.0,0.0
2024-11-22 00:00:00-05:00,30.0,30.0,29.899999618530273,30.0,1900,0.0,0.0
2024-11-25 00:00:00-05:00,29.809999465942383,30.239999771118164,29.299999237060547,30.110000610351562,8900,0.0,0.0
2024-11-26 00:00:00-05:00,30.389999389648438,30.979999542236328,30.389999389648438,30.899999618530273,4800,0.0,0.0
2024-11-27 00:00:00-05:00,30.899999618530273,31.790000915527344,30.899999618530273,31.559999465942383,5100,0.0,0.0
2024-11-29 00:00:00-05:00,31.8700008392334,31.989999771118164,31.469999313354492,31.989999771118164,4500,0.0,0.0
2024-12-02 00:00:00-05:00,31.979999542236328,32.9900016784668,31.979999542236328,32.630001068115234,7500,0.0,0.0
2024-12-03 00:00:00-05:00,32.459999084472656,33.040000915527344,32.459999084472656,32.93000030517578,6000,0.0,0.0
2024-12-04 00:00:00-05:00,32.529998779296875,32.93000030517578,32.529998779296875,32.93000030517578,6400,0.0,0.0
2024-12-05 00:00:00-05:00,32.95000076293945,33.5,32.7400016784668,33.130001068115234,6600,0.0,0.0
2024-12-06 00:00:00-05:00,33.279998779296875,33.720001220703125,31.989999771118164,33.70000076293945,13700,0.0,0.0
2024-12-09 00:00:00-05:00,33.5,33.5,32.79999923706055,33.099998474121094,5900,0.0,0.0
2024-12-10 00:00:00-05:00,33.099998474121094,33.099998474121094,32.099998474121094,32.22999954223633,8400,0.0,0.0
2024-12-11 00:00:00-05:00,32.130001068115234,32.290000915527344,31.299999237060547,31.639999389648438,3000,0.0,0.0
2024-12-12 00:00:00-05:00,30.719999313354492,31.959999084472656,30.450000762939453,31.719999313354492,5500,0.0,0.0
2024-12-13 00:00:00-05:00,31.719999313354492,31.719999313354492,31.719999313354492,31.719999313354492,0,0.0,0.0
2024-12-16 00:00:00-05:00,31.489999771118164,32.0,31.489999771118164,31.940000534057617,8000,0.0,0.0
2024-12-17 00:00:00-05:00,31.6200008392334,31.6200008392334,30.889999389648438,30.889999389648438,2900,0.0,0.0
2024-12-18 00:00:00-05:00,30.850000381469727,30.8799991607666,29.610000610351562,29.610000610351562,6200,0.0,0.0
2024-12-19 00:00:00-05:00,29.559999465942383,29.84000015258789,29.260000228881836,29.690000534057617,7400,0.0,0.0
2024-12-20 00:00:00-05:00,29.31999969482422,29.520000457763672,29.06999969482422,29.43000030517578,11300,0.0,0.0
2024-12-23 00:00:00-05:00,29.260000228881836,29.389999389648438,29.010000228881836,29.030000686645508,9000,0.0,0.0
2024-12-24 00:00:00-05:00,28.75,29.229999542236328,28.65999984741211,28.959999084472656,4800,0.0,0.0
2024-12-26 00:00:00-05:00,28.65999984741211,28.809999465942383,28.65999984741211,28.809999465942383,5300,0.0,0.0
2024-12-27 00:00:00-05:00,28.65999984741211,28.760000228881836,28.65999984741211,28.670000076293945,7100,0.0,0.0
2024-12-30 00:00:00-05:00,28.510000228881836,28.65999984741211,28.209999084472656,28.459999084472656,10100,0.0,0.0
2024-12-31 00:00:00-05:00,28.299999237060547,28.860000610351562,28.299999237060547,28.579999923706055,7500,0.0,0.0
2025-01-02 00:00:00-05:00,28.56999969482422,28.600000381469727,28.270000457763672,28.329999923706055,17509,0.0,0.0
