Date,Open,High,Low,Close,Volume,Dividends,Stock Splits
2022-01-03 00:00:00-05:00,17.99985694885254,19.07984733581543,16.19986915588379,17.992656707763672,13236,0.0,0.0
2022-01-04 00:00:00-05:00,17.279861450195312,17.891855239868164,16.847864151000977,17.891855239868164,10194,0.0,0.0
2022-01-05 00:00:00-05:00,17.63985824584961,17.848657608032227,16.991863250732422,17.30146026611328,13474,0.0,0.0
2022-01-06 00:00:00-05:00,17.99985694885254,17.99985694885254,16.919864654541016,17.863056182861328,8262,0.0,0.0
2022-01-07 00:00:00-05:00,18.359853744506836,18.359853744506836,17.279861450195312,17.9278564453125,7895,0.0,0.0
2022-01-10 00:00:00-05:00,17.45985984802246,18.575851440429688,16.919864654541016,17.63985824584961,6338,0.0,0.0
2022-01-11 00:00:00-05:00,17.63985824584961,18.287853240966797,17.487220764160156,18.287853240966797,6157,0.0,0.0
2022-01-12 00:00:00-05:00,19.727842330932617,19.727842330932617,17.315860748291016,17.978256225585938,14490,0.0,0.0
2022-01-13 00:00:00-05:00,17.81265640258789,18.719850540161133,17.353300094604492,17.891855239868164,4173,0.0,0.0
2022-01-14 00:00:00-05:00,17.71185874938965,18.01929473876953,17.63985824584961,17.99985694885254,4964,0.0,0.0
2022-01-18 00:00:00-05:00,17.819856643676758,18.165454864501953,17.1502628326416,17.59665870666504,11702,0.0,0.0
2022-01-19 00:00:00-05:00,17.135862350463867,17.94945526123047,17.135862350463867,17.481460571289062,5704,0.0,0.0
2022-01-20 00:00:00-05:00,18.719850540161133,18.719850540161133,17.279861450195312,17.935056686401367,7759,0.0,0.0
2022-01-21 00:00:00-05:00,17.439699172973633,17.819856643676758,16.567066192626953,16.75786590576172,6088,0.0,0.0
2022-01-24 00:00:00-05:00,15.047879219055176,17.495859146118164,14.399884223937988,15.163078308105469,17209,0.0,0.0
2022-01-25 00:00:00-05:00,16.847864151000977,16.919864654541016,15.813233375549316,16.28626823425293,7549,0.0,0.0
2022-01-26 00:00:00-05:00,16.138669967651367,16.91266441345215,15.839873313903809,15.911871910095215,2462,0.0,0.0
2022-01-27 00:00:00-05:00,15.400675773620605,17.135862350463867,15.400675773620605,16.027070999145508,5166,0.0,0.0
2022-01-28 00:00:00-05:00,16.70386505126953,16.70386505126953,15.314276695251465,15.584275245666504,5026,0.0,0.0
2022-01-31 00:00:00-05:00,15.477716445922852,16.279069900512695,14.932680130004883,15.789472579956055,5872,0.0,0.0
2022-02-01 00:00:00-05:00,16.120670318603516,16.44466781616211,15.202677726745605,16.257469177246094,2000,0.0,0.0
2022-02-02 00:00:00-05:00,16.667865753173828,16.667865753173828,15.674274444580078,15.911871910095215,4217,0.0,0.0
2022-02-03 00:00:00-05:00,15.41507625579834,16.291309356689453,15.41507625579834,15.595074653625488,1253,0.0,0.0
2022-02-04 00:00:00-05:00,15.10547924041748,17.056663513183594,15.10547924041748,16.451868057250977,9608,0.0,0.0
2022-02-07 00:00:00-05:00,16.06307029724121,17.06386375427246,15.998271942138672,16.55986785888672,8014,0.0,0.0
2022-02-08 00:00:00-05:00,16.271869659423828,16.919864654541016,16.055870056152344,16.55986785888672,7940,0.0,0.0
2022-02-09 00:00:00-05:00,16.667865753173828,17.078262329101562,16.423067092895508,16.761465072631836,2118,0.0,0.0
2022-02-10 00:00:00-05:00,16.77586555480957,17.265460968017578,16.734825134277344,16.991863250732422,5381,0.0,0.0
2022-02-11 00:00:00-05:00,16.09187126159668,17.0933837890625,15.839873313903809,16.55986785888672,5026,0.0,0.0
2022-02-14 00:00:00-05:00,15.731874465942383,16.7110652923584,15.731874465942383,15.940671920776367,3787,0.0,0.0
2022-02-15 00:00:00-05:00,15.497876167297363,16.588666915893555,15.497876167297363,16.355388641357422,1614,0.0,0.0
2022-02-16 00:00:00-05:00,16.099071502685547,17.176902770996094,15.695874214172363,16.32802963256836,10260,0.0,0.0
2022-02-17 00:00:00-05:00,15.479875564575195,16.580026626586914,15.479875564575195,16.127870559692383,3655,0.0,0.0
2022-02-18 00:00:00-05:00,15.645474433898926,16.430267333984375,15.645474433898926,16.127870559692383,8067,0.0,0.0
2022-02-22 00:00:00-05:00,14.65188217163086,15.695874214172363,14.65188217163086,15.245878219604492,15785,0.0,0.0
2022-02-23 00:00:00-05:00,15.818272590637207,16.055870056152344,15.191878318786621,15.600114822387695,5543,0.0,0.0
2022-02-24 00:00:00-05:00,14.471883773803711,15.875871658325195,14.471883773803711,15.479875564575195,4897,0.0,0.0
2022-02-25 00:00:00-05:00,15.659873962402344,16.423067092895508,15.573474884033203,16.055870056152344,1846,0.0,0.0
2022-02-28 00:00:00-05:00,15.425875663757324,16.77586555480957,15.425875663757324,16.228670120239258,5308,0.0,0.0
2022-03-01 00:00:00-05:00,17.135862350463867,17.135862350463867,15.854272842407227,16.847864151000977,2843,0.0,0.0
2022-03-02 00:00:00-05:00,17.279861450195312,18.287853240966797,16.709625244140625,17.539058685302734,5878,0.0,0.0
2022-03-03 00:00:00-05:00,18.935848236083984,18.935848236083984,16.631866455078125,17.04298210144043,10814,0.0,0.0
2022-03-04 00:00:00-05:00,17.855857849121094,17.855857849121094,16.55986785888672,16.55986785888672,8522,0.0,0.0
2022-03-07 00:00:00-05:00,15.904671669006348,17.279861450195312,15.904671669006348,16.336669921875,8954,0.0,0.0
2022-03-08 00:00:00-05:00,15.818272590637207,17.402259826660156,15.796672821044922,16.55986785888672,9800,0.0,0.0
2022-03-09 00:00:00-05:00,18.719850540161133,18.719850540161133,16.55986785888672,16.919864654541016,4059,0.0,0.0
2022-03-10 00:00:00-05:00,17.207862854003906,17.359060287475586,16.783065795898438,16.97746467590332,3047,0.0,0.0
2022-03-11 00:00:00-05:00,16.894664764404297,17.409460067749023,16.66066551208496,16.837064743041992,6032,0.0,0.0
2022-03-14 00:00:00-04:00,17.9278564453125,17.9278564453125,16.57426643371582,16.682266235351562,3430,0.0,0.0
2022-03-15 00:00:00-04:00,16.343868255615234,17.020662307739258,16.343868255615234,16.55986785888672,2651,0.0,0.0
2022-03-16 00:00:00-04:00,16.55986785888672,17.21506118774414,16.379867553710938,16.379867553710938,3175,0.0,0.0
2022-03-17 00:00:00-04:00,15.947872161865234,17.121463775634766,15.947872161865234,16.963064193725586,2444,0.0,0.0
2022-03-18 00:00:00-04:00,17.279861450195312,17.36050033569336,16.495067596435547,16.847864151000977,4223,0.0,0.0
2022-03-21 00:00:00-04:00,17.28706169128418,17.28706169128418,16.516666412353516,16.57426643371582,12448,0.0,0.0
2022-03-22 00:00:00-04:00,17.279861450195312,17.603858947753906,16.576427459716797,16.927064895629883,7687,0.0,0.0
2022-03-23 00:00:00-04:00,17.99985694885254,17.99985694885254,16.524587631225586,17.157461166381836,9611,0.0,0.0
2022-03-24 00:00:00-04:00,16.631866455078125,17.57505989074707,16.631866455078125,17.323060989379883,4908,0.0,0.0
2022-03-25 00:00:00-04:00,17.30146026611328,18.21585464477539,16.991863250732422,17.481460571289062,6060,0.0,0.0
2022-03-28 00:00:00-04:00,17.99985694885254,18.770248413085938,16.919864654541016,17.39505958557129,2316,0.0,0.0
2022-03-29 00:00:00-04:00,18.21585464477539,18.21585464477539,16.991863250732422,16.991863250732422,5347,0.0,0.0
2022-03-30 00:00:00-04:00,17.99985694885254,17.99985694885254,16.847864151000977,16.919864654541016,3204,0.0,0.0
2022-03-31 00:00:00-04:00,16.815465927124023,17.179061889648438,16.639066696166992,17.006263732910156,4810,0.0,0.0
2022-04-01 00:00:00-04:00,16.923463821411133,17.517459869384766,16.829145431518555,17.272661209106445,5898,0.0,0.0
2022-04-04 00:00:00-04:00,17.279861450195312,18.021455764770508,17.279861450195312,17.913455963134766,14628,0.0,0.0
2022-04-05 00:00:00-04:00,19.439844131469727,19.525522232055664,17.99985694885254,19.16624641418457,11313,0.0,0.0
2022-04-06 00:00:00-04:00,20.519834518432617,20.706314086914062,17.423860549926758,18.14385414123535,74421,0.0,0.0
2022-04-07 00:00:00-04:00,17.89905548095703,19.655841827392578,17.431060791015625,17.913455963134766,14334,0.0,0.0
2022-04-08 00:00:00-04:00,17.21506118774414,18.892648696899414,17.21506118774414,18.007055282592773,13276,0.0,0.0
2022-04-11 00:00:00-04:00,18.863849639892578,19.655841827392578,17.848657608032227,18.381452560424805,22460,0.0,0.05555555555555555
2022-04-12 00:00:00-04:00,19.583843231201172,19.583843231201172,17.99985694885254,17.99985694885254,21373,0.0,0.0
2022-04-13 00:00:00-04:00,18.0,18.799999237060547,17.623600006103516,18.520000457763672,10224,0.0,0.05555555555555555
2022-04-14 00:00:00-04:00,18.479999542236328,19.719999313354492,18.200000762939453,19.639999389648438,16477,0.0,0.0
2022-04-18 00:00:00-04:00,20.15999984741211,20.920000076293945,19.639999389648438,20.15999984741211,14173,0.0,0.0
2022-04-19 00:00:00-04:00,20.799999237060547,21.079999923706055,20.0,20.68000030517578,12035,0.0,0.0
2022-04-20 00:00:00-04:00,20.719999313354492,21.440000534057617,20.0,20.239999771118164,12373,0.0,0.0
2022-04-21 00:00:00-04:00,20.760000228881836,20.760000228881836,18.079999923706055,18.200000762939453,22516,0.0,0.0
2022-04-22 00:00:00-04:00,18.399999618530273,18.965200424194336,17.774799346923828,17.799999237060547,10014,0.0,0.0
2022-04-25 00:00:00-04:00,19.200000762939453,19.200000762939453,16.8799991607666,16.8799991607666,22199,0.0,0.0
2022-04-26 00:00:00-04:00,16.280000686645508,20.31999969482422,16.280000686645508,18.600000381469727,57357,0.0,0.0
2022-04-27 00:00:00-04:00,20.799999237060547,20.799999237060547,16.719999313354492,19.399999618530273,60729,0.0,0.0
2022-04-28 00:00:00-04:00,19.399999618530273,19.399999618530273,16.8799991607666,17.84000015258789,60788,0.0,0.0
2022-04-29 00:00:00-04:00,17.84000015258789,22.31999969482422,16.8799991607666,17.520000457763672,344375,0.0,0.0
2022-05-02 00:00:00-04:00,17.600000381469727,17.72599983215332,16.280000686645508,16.86479949951172,53464,0.0,0.0
2022-05-03 00:00:00-04:00,16.520000457763672,16.8799991607666,16.440000534057617,16.559999465942383,26062,0.0,0.0
2022-05-04 00:00:00-04:00,16.760000228881836,17.172800064086914,16.399999618530273,16.760000228881836,15628,0.0,0.0
2022-05-05 00:00:00-04:00,16.600000381469727,17.47960090637207,16.079999923706055,16.305200576782227,19006,0.0,0.0
2022-05-06 00:00:00-04:00,16.200000762939453,16.280000686645508,15.600000381469727,15.899999618530273,27595,0.0,0.0
2022-05-09 00:00:00-04:00,16.280000686645508,16.280000686645508,13.880399703979492,14.337200164794922,32256,0.0,0.0
2022-05-10 00:00:00-04:00,14.15999984741211,15.319600105285645,14.119999885559082,14.84000015258789,19041,0.0,0.0
2022-05-11 00:00:00-04:00,17.600000381469727,18.599599838256836,15.0,15.720000267028809,491729,0.0,0.0
2022-05-12 00:00:00-04:00,15.84000015258789,15.84000015258789,13.319999694824219,13.920000076293945,76890,0.0,0.0
2022-05-13 00:00:00-04:00,14.399999618530273,15.013999938964844,14.0,14.760000228881836,18018,0.0,0.0
2022-05-16 00:00:00-04:00,14.760000228881836,15.260000228881836,14.196000099182129,15.15999984741211,10682,0.0,0.0
2022-05-17 00:00:00-04:00,14.4399995803833,15.680000305175781,14.4399995803833,15.520000457763672,9527,0.0,0.0
2022-05-18 00:00:00-04:00,15.399999618530273,15.640000343322754,14.4399995803833,15.0,17491,0.0,0.0
2022-05-19 00:00:00-04:00,15.319999694824219,15.640800476074219,14.800000190734863,15.399999618530273,19785,0.0,0.0
2022-05-20 00:00:00-04:00,15.0,15.5600004196167,14.84000015258789,15.279999732971191,12092,0.0,0.0
2022-05-23 00:00:00-04:00,15.279999732971191,15.520000457763672,14.199999809265137,15.039999961853027,23250,0.0,0.0
2022-05-24 00:00:00-04:00,15.279999732971191,15.279999732971191,14.399999618530273,14.600000381469727,15379,0.0,0.0
2022-05-25 00:00:00-04:00,14.680000305175781,15.0,14.279999732971191,14.920000076293945,4933,0.0,0.0
2022-05-26 00:00:00-04:00,14.600000381469727,15.399999618530273,14.550000190734863,15.319999694824219,9521,0.0,0.0
2022-05-27 00:00:00-04:00,16.360000610351562,16.360000610351562,15.32040023803711,16.0,8770,0.0,0.0
2022-05-31 00:00:00-04:00,16.0,16.0,15.600000381469727,15.720000267028809,8444,0.0,0.0
2022-06-01 00:00:00-04:00,15.600000381469727,15.880000114440918,15.199999809265137,15.520000457763672,8693,0.0,0.0
2022-06-02 00:00:00-04:00,15.800000190734863,15.800000190734863,15.359999656677246,15.399999618530273,3216,0.0,0.0
2022-06-03 00:00:00-04:00,15.199999809265137,15.520000457763672,15.039999961853027,15.399999618530273,14412,0.0,0.0
2022-06-06 00:00:00-04:00,15.399999618530273,16.079999923706055,15.200400352478027,15.680000305175781,11791,0.0,0.0
2022-06-07 00:00:00-04:00,15.680000305175781,15.959600448608398,15.410400390625,15.720000267028809,4529,0.0,0.0
2022-06-08 00:00:00-04:00,15.800000190734863,16.0,15.240400314331055,15.359999656677246,16818,0.0,0.0
2022-06-09 00:00:00-04:00,15.15999984741211,15.239999771118164,14.800000190734863,15.039999961853027,13375,0.0,0.0
2022-06-10 00:00:00-04:00,14.800000190734863,15.462400436401367,14.399999618530273,15.039999961853027,18886,0.0,0.0
2022-06-13 00:00:00-04:00,15.199999809265137,15.359999656677246,14.399999618530273,14.4399995803833,18014,0.0,0.0
2022-06-14 00:00:00-04:00,14.520000457763672,14.520000457763672,13.600000381469727,13.699999809265137,40458,0.0,0.0
2022-06-15 00:00:00-04:00,13.920000076293945,13.920000076293945,13.600000381469727,13.760000228881836,5088,0.0,0.0
2022-06-16 00:00:00-04:00,13.84000015258789,13.84000015258789,12.883999824523926,13.0,10700,0.0,0.0
2022-06-17 00:00:00-04:00,13.079999923706055,13.520000457763672,12.280400276184082,13.119999885559082,16418,0.0,0.0
2022-06-21 00:00:00-04:00,13.15999984741211,13.960000038146973,13.119999885559082,13.600000381469727,8344,0.0,0.0
2022-06-22 00:00:00-04:00,14.680000305175781,14.680000305175781,12.720000267028809,12.920000076293945,9299,0.0,0.0
2022-06-23 00:00:00-04:00,12.960399627685547,13.520000457763672,12.720000267028809,13.039999961853027,9697,0.0,0.0
2022-06-24 00:00:00-04:00,13.039999961853027,13.640000343322754,13.039999961853027,13.640000343322754,3409,0.0,0.0
2022-06-27 00:00:00-04:00,13.880000114440918,13.880000114440918,13.039999961853027,13.319999694824219,10825,0.0,0.0
2022-06-28 00:00:00-04:00,13.359999656677246,13.420000076293945,12.760000228881836,12.800000190734863,7685,0.0,0.0
2022-06-29 00:00:00-04:00,12.800000190734863,13.199999809265137,11.4399995803833,11.680000305175781,16425,0.0,0.0
2022-06-30 00:00:00-04:00,11.640000343322754,11.649999618530273,11.0,11.15999984741211,13652,0.0,0.0
2022-07-01 00:00:00-04:00,10.920000076293945,12.239999771118164,10.760000228881836,11.479999542236328,7669,0.0,0.0
2022-07-05 00:00:00-04:00,11.640000343322754,12.199999809265137,11.399999618530273,12.079999923706055,9772,0.0,0.0
2022-07-06 00:00:00-04:00,12.119999885559082,12.600000381469727,11.479999542236328,11.600000381469727,5914,0.0,0.0
2022-07-07 00:00:00-04:00,11.5600004196167,12.119999885559082,11.5600004196167,11.880000114440918,6279,0.0,0.0
2022-07-08 00:00:00-04:00,11.960000038146973,11.960000038146973,11.600000381469727,11.680000305175781,4016,0.0,0.0
2022-07-11 00:00:00-04:00,11.399999618530273,11.720000267028809,11.17039966583252,11.479999542236328,5368,0.0,0.0
2022-07-12 00:00:00-04:00,11.960000038146973,11.960000038146973,10.15999984741211,10.399999618530273,76543,0.0,0.0
2022-07-13 00:00:00-04:00,10.399999618530273,11.220000267028809,10.359999656677246,11.220000267028809,12576,0.0,0.0
2022-07-14 00:00:00-04:00,10.880000114440918,11.119600296020508,10.600000381469727,10.600000381469727,7789,0.0,0.0
2022-07-15 00:00:00-04:00,10.640000343322754,10.720000267028809,10.479999542236328,10.479999542236328,11503,0.0,0.0
2022-07-18 00:00:00-04:00,10.5600004196167,11.3996000289917,10.5600004196167,11.0,12440,0.0,0.0
2022-07-19 00:00:00-04:00,11.15999984741211,11.5600004196167,11.0,11.119999885559082,9271,0.0,0.0
2022-07-20 00:00:00-04:00,11.239999771118164,11.479999542236328,11.040399551391602,11.119999885559082,8343,0.0,0.0
2022-07-21 00:00:00-04:00,11.5600004196167,11.600000381469727,11.239999771118164,11.479999542236328,7921,0.0,0.0
2022-07-22 00:00:00-04:00,11.199999809265137,11.880000114440918,11.199999809265137,11.880000114440918,4569,0.0,0.0
2022-07-25 00:00:00-04:00,12.199999809265137,13.079999923706055,11.92039966583252,12.720000267028809,7519,0.0,0.0
2022-07-26 00:00:00-04:00,13.199999809265137,13.961999893188477,12.800000190734863,13.640000343322754,15406,0.0,0.0
2022-07-27 00:00:00-04:00,15.15999984741211,15.15999984741211,13.680000305175781,14.399999618530273,20643,0.0,0.0
2022-07-28 00:00:00-04:00,14.800000190734863,15.720000267028809,14.480400085449219,15.680000305175781,17918,0.0,0.0
2022-07-29 00:00:00-04:00,15.800000190734863,17.440000534057617,15.520000457763672,15.880000114440918,31922,0.0,0.0
2022-08-01 00:00:00-04:00,16.399999618530273,17.559999465942383,16.399999618530273,16.799999237060547,16198,0.0,0.0
2022-08-02 00:00:00-04:00,16.799999237060547,16.799999237060547,16.15999984741211,16.600000381469727,12953,0.0,0.0
2022-08-03 00:00:00-04:00,16.399999618530273,16.399999618530273,14.880000114440918,15.279999732971191,20566,0.0,0.0
2022-08-04 00:00:00-04:00,14.960000038146973,16.399999618530273,14.800000190734863,15.199999809265137,15717,0.0,0.0
2022-08-05 00:00:00-04:00,15.5600004196167,16.0,15.163999557495117,15.760000228881836,8962,0.0,0.0
2022-08-08 00:00:00-04:00,15.760000228881836,17.0,15.678000450134277,16.600000381469727,16684,0.0,0.0
2022-08-09 00:00:00-04:00,16.280000686645508,17.599599838256836,16.280000686645508,17.1200008392334,20200,0.0,0.0
2022-08-10 00:00:00-04:00,18.0,18.0,16.959999084472656,16.959999084472656,16303,0.0,0.0
2022-08-11 00:00:00-04:00,17.0,17.959999084472656,17.0,17.15999984741211,13472,0.0,0.0
2022-08-12 00:00:00-04:00,17.15999984741211,17.15999984741211,15.0,15.039999961853027,34606,0.0,0.0
2022-08-15 00:00:00-04:00,15.039999961853027,15.800000190734863,14.600000381469727,15.119999885559082,7933,0.0,0.0
2022-08-16 00:00:00-04:00,15.15999984741211,15.47719955444336,14.760000228881836,15.039999961853027,22067,0.0,0.0
2022-08-17 00:00:00-04:00,14.800000190734863,15.039999961853027,13.800000190734863,13.800000190734863,12077,0.0,0.0
2022-08-18 00:00:00-04:00,13.720000267028809,14.300000190734863,13.600000381469727,13.600000381469727,7719,0.0,0.0
2022-08-19 00:00:00-04:00,13.520000457763672,14.960000038146973,13.520000457763672,14.119999885559082,5690,0.0,0.0
2022-08-22 00:00:00-04:00,14.119999885559082,14.680000305175781,14.0,14.199999809265137,11486,0.0,0.0
2022-08-23 00:00:00-04:00,14.039999961853027,14.239999771118164,13.5600004196167,13.760000228881836,14289,0.0,0.0
2022-08-24 00:00:00-04:00,13.720000267028809,14.119999885559082,13.680000305175781,13.779999732971191,8883,0.0,0.0
2022-08-25 00:00:00-04:00,13.84000015258789,14.039999961853027,13.760000228881836,13.960000038146973,7911,0.0,0.0
2022-08-26 00:00:00-04:00,14.0,14.36520004272461,13.399999618530273,13.680000305175781,7031,0.0,0.0
2022-08-29 00:00:00-04:00,13.359999656677246,14.319600105285645,13.319999694824219,13.4399995803833,5572,0.0,0.0
2022-08-30 00:00:00-04:00,13.4399995803833,14.4399995803833,13.319999694824219,13.600000381469727,7543,0.0,0.0
2022-08-31 00:00:00-04:00,13.5600004196167,13.97599983215332,13.199999809265137,13.279999732971191,15481,0.0,0.0
2022-09-01 00:00:00-04:00,13.279999732971191,13.800000190734863,12.199999809265137,12.199999809265137,18571,0.0,0.0
2022-09-02 00:00:00-04:00,12.399999618530273,12.760000228881836,12.319999694824219,12.479999542236328,6031,0.0,0.0
2022-09-06 00:00:00-04:00,12.600000381469727,12.720000267028809,11.600000381469727,11.600000381469727,17235,0.0,0.0
2022-09-07 00:00:00-04:00,11.800000190734863,12.114800453186035,11.680000305175781,11.84000015258789,5986,0.0,0.0
2022-09-08 00:00:00-04:00,11.960000038146973,12.15999984741211,11.720399856567383,12.15999984741211,6473,0.0,0.0
2022-09-09 00:00:00-04:00,12.479999542236328,12.479999542236328,11.800000190734863,12.039999961853027,10429,0.0,0.0
2022-09-12 00:00:00-04:00,12.920000076293945,13.199999809265137,12.040399551391602,12.359999656677246,12172,0.0,0.0
2022-09-13 00:00:00-04:00,11.800000190734863,12.399999618530273,11.640000343322754,11.920000076293945,7363,0.0,0.0
2022-09-14 00:00:00-04:00,11.640000343322754,12.239999771118164,11.640000343322754,11.880000114440918,2944,0.0,0.0
2022-09-15 00:00:00-04:00,12.0,12.180000305175781,11.84000015258789,12.0,4625,0.0,0.0
2022-09-16 00:00:00-04:00,12.0,12.183600425720215,11.825200080871582,12.0,8196,0.0,0.0
2022-09-19 00:00:00-04:00,11.640000343322754,12.031999588012695,11.640000343322754,11.880000114440918,5438,0.0,0.0
2022-09-20 00:00:00-04:00,12.199999809265137,12.199999809265137,11.640000343322754,11.640000343322754,4049,0.0,0.0
2022-09-21 00:00:00-04:00,11.640000343322754,12.030400276184082,11.640000343322754,11.640000343322754,2043,0.0,0.0
2022-09-22 00:00:00-04:00,11.800000190734863,16.200000762939453,11.680000305175781,13.15999984741211,503874,0.0,0.0
2022-09-23 00:00:00-04:00,12.880000114440918,13.0,11.84000015258789,12.359999656677246,49430,0.0,0.0
2022-09-26 00:00:00-04:00,12.84000015258789,12.84000015258789,11.319999694824219,11.680000305175781,16222,0.0,0.0
2022-09-27 00:00:00-04:00,12.199999809265137,12.640000343322754,11.199999809265137,11.760000228881836,16562,0.0,0.0
2022-09-28 00:00:00-04:00,11.760000228881836,12.15999984741211,11.239999771118164,11.760000228881836,13919,0.0,0.0
2022-09-29 00:00:00-04:00,12.119999885559082,12.119999885559082,11.199999809265137,11.720000267028809,10374,0.0,0.0
2022-09-30 00:00:00-04:00,11.600000381469727,11.760000228881836,11.0,11.140000343322754,12892,0.0,0.0
2022-10-03 00:00:00-04:00,11.199999809265137,11.800000190734863,11.199999809265137,11.600000381469727,9003,0.0,0.0
2022-10-04 00:00:00-04:00,12.15999984741211,12.670000076293945,11.760000228881836,12.279999732971191,6462,0.0,0.0
2022-10-05 00:00:00-04:00,12.520000457763672,12.84000015258789,12.239999771118164,12.800000190734863,18266,0.0,0.0
2022-10-06 00:00:00-04:00,12.600000381469727,12.680000305175781,12.279999732971191,12.4399995803833,7872,0.0,0.0
2022-10-07 00:00:00-04:00,12.319999694824219,12.640000343322754,12.198399543762207,12.239999771118164,3020,0.0,0.0
2022-10-10 00:00:00-04:00,12.520000457763672,12.5600004196167,11.640000343322754,12.199999809265137,6290,0.0,0.0
2022-10-11 00:00:00-04:00,12.520000457763672,12.680000305175781,11.680000305175781,11.84280014038086,6720,0.0,0.0
2022-10-12 00:00:00-04:00,11.84000015258789,12.319999694824219,11.399999618530273,12.119999885559082,9837,0.0,0.0
2022-10-13 00:00:00-04:00,12.0,12.15999984741211,11.680000305175781,12.119999885559082,9702,0.0,0.0
2022-10-14 00:00:00-04:00,12.0,12.079999923706055,11.399999618530273,11.479999542236328,17368,0.0,0.0
2022-10-17 00:00:00-04:00,12.15999984741211,12.15999984741211,11.560400009155273,11.930399894714355,8557,0.0,0.0
2022-10-18 00:00:00-04:00,11.800000190734863,12.0,11.720000267028809,11.920000076293945,11898,0.0,0.0
2022-10-19 00:00:00-04:00,12.039999961853027,12.039999961853027,11.479999542236328,11.640000343322754,7805,0.0,0.0
2022-10-20 00:00:00-04:00,11.800000190734863,11.920000076293945,11.479999542236328,11.680000305175781,10460,0.0,0.0
2022-10-21 00:00:00-04:00,11.760000228881836,11.920000076293945,11.520400047302246,11.880000114440918,7676,0.0,0.0
2022-10-24 00:00:00-04:00,12.0,12.0,11.520000457763672,11.880000114440918,17289,0.0,0.0
2022-10-25 00:00:00-04:00,11.479999542236328,11.927599906921387,11.479999542236328,11.600000381469727,7842,0.0,0.0
2022-10-26 00:00:00-04:00,11.960000038146973,11.960000038146973,11.399999618530273,11.760000228881836,6485,0.0,0.0
2022-10-27 00:00:00-04:00,11.600000381469727,11.920000076293945,11.600000381469727,11.720000267028809,3569,0.0,0.0
2022-10-28 00:00:00-04:00,11.640000343322754,12.079999923706055,11.640000343322754,11.920000076293945,6611,0.0,0.0
2022-10-31 00:00:00-04:00,12.199999809265137,12.199999809265137,11.640000343322754,11.680000305175781,5847,0.0,0.0
2022-11-01 00:00:00-04:00,12.119999885559082,12.359999656677246,11.680000305175781,12.079999923706055,4693,0.0,0.0
2022-11-02 00:00:00-04:00,12.15999984741211,12.15999984741211,11.800000190734863,11.960000038146973,8864,0.0,0.0
2022-11-03 00:00:00-04:00,11.720000267028809,11.920000076293945,11.720000267028809,11.720000267028809,5221,0.0,0.0
2022-11-04 00:00:00-04:00,11.84000015258789,12.119999885559082,11.800000190734863,11.84000015258789,6225,0.0,0.0
2022-11-07 00:00:00-05:00,12.0,12.119999885559082,11.800000190734863,12.079999923706055,11593,0.0,0.0
2022-11-08 00:00:00-05:00,12.119999885559082,12.359999656677246,12.0,12.359999656677246,12313,0.0,0.0
2022-11-09 00:00:00-05:00,10.0,10.800000190734863,9.279999732971191,9.3996000289917,205190,0.0,0.0
2022-11-10 00:00:00-05:00,10.399999618530273,11.751999855041504,9.840399742126465,10.359999656677246,25923,0.0,0.0
2022-11-11 00:00:00-05:00,10.399999618530273,10.399999618530273,9.640000343322754,9.880000114440918,40983,0.0,0.0
2022-11-14 00:00:00-05:00,10.279999732971191,10.319999694824219,9.520000457763672,10.039999961853027,41869,0.0,0.0
2022-11-15 00:00:00-05:00,10.0,10.479999542236328,9.793999671936035,10.479999542236328,69262,0.0,0.0
2022-11-16 00:00:00-05:00,10.760000228881836,11.399999618530273,10.520000457763672,10.520000457763672,52320,0.0,0.0
2022-11-17 00:00:00-05:00,10.720000267028809,10.86520004272461,9.960000038146973,10.119999885559082,29788,0.0,0.0
2022-11-18 00:00:00-05:00,10.600000381469727,10.600000381469727,9.520000457763672,9.600000381469727,32853,0.0,0.0
2022-11-21 00:00:00-05:00,9.520000457763672,9.768400192260742,9.4399995803833,9.5600004196167,20867,0.0,0.0
2022-11-22 00:00:00-05:00,9.5600004196167,9.680000305175781,9.520000457763672,9.600000381469727,7624,0.0,0.0
2022-11-23 00:00:00-05:00,9.520000457763672,9.65880012512207,9.0,9.279999732971191,29663,0.0,0.0
2022-11-25 00:00:00-05:00,9.399999618530273,9.399999618530273,9.079999923706055,9.319999694824219,16147,0.0,0.0
2022-11-28 00:00:00-05:00,9.319999694824219,9.319999694824219,9.04640007019043,9.119999885559082,14761,0.0,0.0
2022-11-29 00:00:00-05:00,9.0,9.239999771118164,8.920000076293945,9.119999885559082,15208,0.0,0.0
2022-11-30 00:00:00-05:00,9.119999885559082,9.319999694824219,8.880000114440918,8.960000038146973,7786,0.0,0.0
2022-12-01 00:00:00-05:00,9.119999885559082,9.399999618530273,9.119999885559082,9.319999694824219,17950,0.0,0.0
2022-12-02 00:00:00-05:00,9.399999618530273,9.399999618530273,8.800000190734863,9.15999984741211,13607,0.0,0.0
2022-12-05 00:00:00-05:00,9.399999618530273,9.399999618530273,8.880000114440918,9.15999984741211,19237,0.0,0.0
2022-12-06 00:00:00-05:00,9.119999885559082,9.236000061035156,8.680000305175781,8.84000015258789,6337,0.0,0.0
2022-12-07 00:00:00-05:00,8.84000015258789,8.920000076293945,8.119999885559082,8.279999732971191,30721,0.0,0.0
2022-12-08 00:00:00-05:00,8.399999618530273,8.479999542236328,7.920000076293945,8.119999885559082,35159,0.0,0.0
2022-12-09 00:00:00-05:00,8.0,8.119999885559082,8.0,8.039999961853027,9293,0.0,0.0
2022-12-12 00:00:00-05:00,7.960000038146973,8.079999923706055,7.480000019073486,7.599999904632568,23708,0.0,0.0
2022-12-13 00:00:00-05:00,8.15999984741211,8.15999984741211,7.5,7.840000152587891,17814,0.0,0.0
2022-12-14 00:00:00-05:00,8.0,8.062000274658203,7.679999828338623,7.840000152587891,11004,0.0,0.0
2022-12-15 00:00:00-05:00,7.800000190734863,7.882800102233887,7.440000057220459,7.519999980926514,19487,0.0,0.0
2022-12-16 00:00:00-05:00,7.400000095367432,7.750400066375732,6.960000038146973,7.039999961853027,23924,0.0,0.0
2022-12-19 00:00:00-05:00,7.0,7.151199817657471,6.796800136566162,6.840000152587891,13563,0.0,0.0
2022-12-20 00:00:00-05:00,6.920000076293945,7.330399990081787,6.840000152587891,7.28000020980835,18175,0.0,0.0
2022-12-21 00:00:00-05:00,7.480000019073486,7.480000019073486,7.079999923706055,7.320000171661377,16618,0.0,0.0
2022-12-22 00:00:00-05:00,7.400000095367432,7.400000095367432,6.791999816894531,7.0,13748,0.0,0.0
2022-12-23 00:00:00-05:00,6.960000038146973,7.259200096130371,6.679999828338623,6.760000228881836,30110,0.0,0.0
2022-12-27 00:00:00-05:00,6.639999866485596,7.139999866485596,6.0,6.119999885559082,28902,0.0,0.0
2022-12-28 00:00:00-05:00,5.960000038146973,6.800000190734863,5.920000076293945,6.480000019073486,31347,0.0,0.0
2022-12-29 00:00:00-05:00,6.599999904632568,6.960000038146973,6.480000019073486,6.599999904632568,15562,0.0,0.0
2022-12-30 00:00:00-05:00,6.71999979019165,6.71999979019165,6.400000095367432,6.639999866485596,46967,0.0,0.0
2023-01-03 00:00:00-05:00,6.519999980926514,7.719600200653076,6.519999980926514,7.360000133514404,14408,0.0,0.0
2023-01-04 00:00:00-05:00,7.400000095367432,8.0,7.400000095367432,7.840000152587891,17650,0.0,0.0
2023-01-05 00:00:00-05:00,7.840000152587891,8.800000190734863,7.71999979019165,8.800000190734863,12042,0.0,0.0
2023-01-06 00:00:00-05:00,9.0,10.399999618530273,9.0,10.399999618530273,27202,0.0,0.0
2023-01-09 00:00:00-05:00,10.84000015258789,10.958000183105469,9.84000015258789,10.0,16045,0.0,0.0
2023-01-10 00:00:00-05:00,10.0,10.079999923706055,8.640000343322754,9.079999923706055,18283,0.0,0.0
2023-01-11 00:00:00-05:00,9.0,10.052800178527832,9.0,9.4399995803833,14551,0.0,0.0
2023-01-12 00:00:00-05:00,9.520000457763672,9.799599647521973,9.0,9.279999732971191,8574,0.0,0.0
2023-01-13 00:00:00-05:00,9.199999809265137,9.319999694824219,9.0,9.239999771118164,12425,0.0,0.0
2023-01-17 00:00:00-05:00,9.239999771118164,9.279999732971191,9.0,9.119999885559082,8185,0.0,0.0
2023-01-18 00:00:00-05:00,9.239999771118164,9.3996000289917,9.0,9.15999984741211,7124,0.0,0.0
2023-01-19 00:00:00-05:00,9.279999732971191,9.319999694824219,8.937199592590332,9.0,8134,0.0,0.0
2023-01-20 00:00:00-05:00,9.039999961853027,9.399999618530273,9.039999961853027,9.399999618530273,9881,0.0,0.0
2023-01-23 00:00:00-05:00,9.520000457763672,9.520000457763672,9.186800003051758,9.239999771118164,9891,0.0,0.0
2023-01-24 00:00:00-05:00,9.319999694824219,9.319999694824219,8.640000343322754,8.680000305175781,26461,0.0,0.0
2023-01-25 00:00:00-05:00,9.039999961853027,9.4399995803833,8.937999725341797,9.199999809265137,13875,0.0,0.0
2023-01-26 00:00:00-05:00,9.319999694824219,9.64840030670166,9.15999984741211,9.319999694824219,8498,0.0,0.0
2023-01-27 00:00:00-05:00,9.4399995803833,9.520000457763672,9.120400428771973,9.239999771118164,9121,0.0,0.0
2023-01-30 00:00:00-05:00,9.079999923706055,9.359999656677246,9.079999923706055,9.079999923706055,7926,0.0,0.0
2023-01-31 00:00:00-05:00,9.279999732971191,9.479999542236328,9.098799705505371,9.359999656677246,11805,0.0,0.0
2023-02-01 00:00:00-05:00,9.279999732971191,9.399999618530273,9.079999923706055,9.285599708557129,6340,0.0,0.0
2023-02-02 00:00:00-05:00,9.520000457763672,9.520000457763672,9.119999885559082,9.260000228881836,12766,0.0,0.0
2023-02-03 00:00:00-05:00,9.199999809265137,9.359999656677246,9.000399589538574,9.279999732971191,7237,0.0,0.0
2023-02-06 00:00:00-05:00,9.319999694824219,9.319999694824219,8.880000114440918,9.119999885559082,11199,0.0,0.0
2023-02-07 00:00:00-05:00,8.960000038146973,9.119999885559082,8.720000267028809,8.720000267028809,10894,0.0,0.0
2023-02-08 00:00:00-05:00,8.039999961853027,9.100000381469727,8.039999961853027,9.079999923706055,29454,0.0,0.0
2023-02-09 00:00:00-05:00,9.239999771118164,9.359999656677246,8.84000015258789,8.84000015258789,13590,0.0,0.0
2023-02-10 00:00:00-05:00,9.232799530029297,9.279999732971191,8.800000190734863,9.239999771118164,6519,0.0,0.0
2023-02-13 00:00:00-05:00,9.279999732971191,9.319999694824219,9.040399551391602,9.279999732971191,3870,0.0,0.0
2023-02-14 00:00:00-05:00,9.199999809265137,9.479999542236328,9.079999923706055,9.199999809265137,15275,0.0,0.0
2023-02-15 00:00:00-05:00,9.15999984741211,9.15999984741211,8.880000114440918,9.0,9022,0.0,0.0
2023-02-16 00:00:00-05:00,8.960000038146973,8.960000038146973,8.800000190734863,8.800000190734863,3243,0.0,0.0
2023-02-17 00:00:00-05:00,9.119999885559082,9.119999885559082,8.600000381469727,8.680000305175781,5396,0.0,0.0
2023-02-21 00:00:00-05:00,8.760000228881836,9.0,8.600000381469727,8.84000015258789,7523,0.0,0.0
2023-02-22 00:00:00-05:00,9.0,9.0,8.760000228881836,8.760000228881836,2839,0.0,0.0
2023-02-23 00:00:00-05:00,9.0,9.0,8.680000305175781,8.680000305175781,2643,0.0,0.0
2023-02-24 00:00:00-05:00,9.039999961853027,9.039999961853027,8.547599792480469,8.65719985961914,7119,0.0,0.0
2023-02-27 00:00:00-05:00,8.880000114440918,8.880000114440918,8.4399995803833,8.4399995803833,6456,0.0,0.0
2023-02-28 00:00:00-05:00,8.640000343322754,8.640000343322754,8.380000114440918,8.399999618530273,4190,0.0,0.0
2023-03-01 00:00:00-05:00,8.4399995803833,8.559599876403809,8.039999961853027,8.039999961853027,20918,0.0,0.0
2023-03-02 00:00:00-05:00,7.960000038146973,8.079999923706055,7.480000019073486,8.039999961853027,13226,0.0,0.0
2023-03-03 00:00:00-05:00,8.399999618530273,8.479999542236328,7.71999979019165,7.840000152587891,7620,0.0,0.0
2023-03-06 00:00:00-05:00,7.840000152587891,8.199600219726562,7.639999866485596,7.639999866485596,10379,0.0,0.0
2023-03-07 00:00:00-05:00,7.639999866485596,7.920000076293945,7.639999866485596,7.71999979019165,6274,0.0,0.0
2023-03-08 00:00:00-05:00,7.760000228881836,7.78000020980835,7.199999809265137,7.199999809265137,13379,0.0,0.0
2023-03-09 00:00:00-05:00,7.360000133514404,7.360000133514404,7.239999771118164,7.239999771118164,6860,0.0,0.0
2023-03-10 00:00:00-05:00,7.320000171661377,7.800000190734863,7.0,7.039999961853027,14723,0.0,0.0
2023-03-13 00:00:00-04:00,7.039999961853027,7.440000057220459,6.840000152587891,7.360000133514404,10947,0.0,0.0
2023-03-14 00:00:00-04:00,7.71999979019165,7.71999979019165,7.400000095367432,7.559999942779541,5638,0.0,0.0
2023-03-15 00:00:00-04:00,7.71999979019165,7.71999979019165,7.0,7.119999885559082,8718,0.0,0.0
2023-03-16 00:00:00-04:00,7.28000020980835,7.400000095367432,7.199999809265137,7.400000095367432,2066,0.0,0.0
2023-03-17 00:00:00-04:00,7.599999904632568,7.599999904632568,7.0,7.0,8568,0.0,0.0
2023-03-20 00:00:00-04:00,7.480000019073486,7.480000019073486,7.119999885559082,7.320000171661377,2536,0.0,0.0
2023-03-21 00:00:00-04:00,7.159999847412109,7.47760009765625,7.159999847412109,7.200399875640869,12258,0.0,0.0
2023-03-22 00:00:00-04:00,7.28000020980835,7.44920015335083,7.199999809265137,7.360000133514404,6558,0.0,0.0
2023-03-23 00:00:00-04:00,7.480000019073486,7.647200107574463,7.320000171661377,7.440000057220459,4537,0.0,0.0
2023-03-24 00:00:00-04:00,7.880000114440918,7.880000114440918,7.199999809265137,7.320000171661377,5700,0.0,0.0
2023-03-27 00:00:00-04:00,7.239999771118164,7.479599952697754,7.239999771118164,7.28000020980835,2472,0.0,0.0
2023-03-28 00:00:00-04:00,7.519999980926514,7.519999980926514,7.199999809265137,7.320000171661377,3836,0.0,0.0
2023-03-29 00:00:00-04:00,7.519999980926514,8.383999824523926,7.320000171661377,7.800000190734863,11757,0.0,0.0
2023-03-30 00:00:00-04:00,7.679999828338623,8.399999618530273,7.679999828338623,7.920000076293945,7336,0.0,0.0
2023-03-31 00:00:00-04:00,8.279999732971191,8.753999710083008,8.039999961853027,8.199999809265137,29936,0.0,0.0
2023-04-03 00:00:00-04:00,8.279999732971191,8.279999732971191,7.599999904632568,7.800000190734863,13590,0.0,0.0
2023-04-04 00:00:00-04:00,8.0,8.199999809265137,7.71999979019165,7.840000152587891,2287,0.0,0.0
2023-04-05 00:00:00-04:00,7.960000038146973,7.960000038146973,7.199999809265137,7.320000171661377,11582,0.0,0.0
2023-04-06 00:00:00-04:00,7.239999771118164,7.719600200653076,7.239999771118164,7.599999904632568,1868,0.0,0.0
2023-04-10 00:00:00-04:00,7.599999904632568,7.679999828338623,7.502799987792969,7.519999980926514,4761,0.0,0.0
2023-04-11 00:00:00-04:00,7.679999828338623,7.760000228881836,7.480000019073486,7.71999979019165,4423,0.0,0.0
2023-04-12 00:00:00-04:00,7.960000038146973,8.039999961853027,7.760000228881836,7.800000190734863,4687,0.0,0.0
2023-04-13 00:00:00-04:00,8.479999542236328,9.118399620056152,8.15999984741211,8.319999694824219,96295,0.0,0.0
2023-04-14 00:00:00-04:00,8.239999771118164,8.673600196838379,8.121999740600586,8.479999542236328,18897,0.0,0.0
2023-04-17 00:00:00-04:00,8.239999771118164,9.880000114440918,8.079999923706055,8.119999885559082,60145,0.0,0.0
2023-04-18 00:00:00-04:00,8.119999885559082,8.5600004196167,8.000399589538574,8.199999809265137,8695,0.0,0.0
2023-04-19 00:00:00-04:00,8.039999961853027,8.23960018157959,8.039999961853027,8.119999885559082,3422,0.0,0.0
2023-04-20 00:00:00-04:00,8.15999984741211,8.199999809265137,7.519999980926514,7.599999904632568,8380,0.0,0.0
2023-04-21 00:00:00-04:00,7.599999904632568,8.199999809265137,7.599999904632568,7.679999828338623,5819,0.0,0.0
2023-04-24 00:00:00-04:00,8.079999923706055,8.079999923706055,7.400000095367432,7.400000095367432,4855,0.0,0.0
2023-04-25 00:00:00-04:00,7.400000095367432,7.769999980926514,7.400000095367432,7.480000019073486,3834,0.0,0.0
2023-04-26 00:00:00-04:00,8.039999961853027,8.039999961853027,7.360000133514404,7.360000133514404,5666,0.0,0.0
2023-04-27 00:00:00-04:00,7.480000019073486,7.639999866485596,7.360000133514404,7.440000057220459,4033,0.0,0.0
2023-04-28 00:00:00-04:00,7.320000171661377,7.517600059509277,7.320000171661377,7.440000057220459,8317,0.0,0.0
2023-05-01 00:00:00-04:00,7.519999980926514,7.880000114440918,7.360000133514404,7.400000095367432,7686,0.0,0.0
2023-05-02 00:00:00-04:00,7.880000114440918,7.880000114440918,7.360000133514404,7.400000095367432,11145,0.0,0.0
2023-05-03 00:00:00-04:00,7.639999866485596,7.760000228881836,7.354400157928467,7.360000133514404,2191,0.0,0.0
2023-05-04 00:00:00-04:00,7.440000057220459,7.559999942779541,7.360000133514404,7.360000133514404,1035,0.0,0.0
2023-05-05 00:00:00-04:00,7.639999866485596,7.639999866485596,7.400000095367432,7.480000019073486,4721,0.0,0.0
2023-05-08 00:00:00-04:00,7.639999866485596,7.639999866485596,7.480000019073486,7.639999866485596,1783,0.0,0.0
2023-05-09 00:00:00-04:00,7.639999866485596,7.639999866485596,7.480000019073486,7.519999980926514,2260,0.0,0.0
2023-05-10 00:00:00-04:00,7.480000019073486,7.559999942779541,7.427999973297119,7.519999980926514,3847,0.0,0.0
2023-05-11 00:00:00-04:00,7.360000133514404,7.360000133514404,5.880000114440918,5.920000076293945,67671,0.0,0.0
2023-05-12 00:00:00-04:00,5.840000152587891,5.840000152587891,4.519999980926514,4.639999866485596,131282,0.0,0.0
2023-05-15 00:00:00-04:00,5.28000020980835,5.28000020980835,4.323999881744385,4.679999828338623,67604,0.0,0.0
2023-05-16 00:00:00-04:00,4.639999866485596,4.639999866485596,3.5999999046325684,3.680000066757202,103267,0.0,0.0
2023-05-17 00:00:00-04:00,3.680000066757202,4.0,3.328000068664551,3.7616000175476074,52144,0.0,0.0
2023-05-18 00:00:00-04:00,3.9800000190734863,5.794000148773193,3.9200000762939453,4.840000152587891,118200,0.0,0.0
2023-05-19 00:00:00-04:00,5.159999847412109,5.71999979019165,5.039999961853027,5.400000095367432,71535,0.0,0.0
2023-05-22 00:00:00-04:00,5.400000095367432,5.480000019073486,5.0,5.199999809265137,14916,0.0,0.0
2023-05-23 00:00:00-04:00,5.119999885559082,5.679999828338623,5.119999885559082,5.320000171661377,12957,0.0,0.0
2023-05-24 00:00:00-04:00,5.400000095367432,5.400000095367432,4.840000152587891,5.159999847412109,9577,0.0,0.0
2023-05-25 00:00:00-04:00,5.199999809265137,5.199999809265137,4.359600067138672,4.619999885559082,16440,0.0,0.0
2023-05-26 00:00:00-04:00,4.639999866485596,4.639999866485596,3.5524001121520996,4.159999847412109,22186,0.0,0.0
2023-05-30 00:00:00-04:00,4.159999847412109,4.440000057220459,4.079999923706055,4.199999809265137,14495,0.0,0.0
2023-05-31 00:00:00-04:00,4.400000095367432,4.400000095367432,4.159999847412109,4.199999809265137,10897,0.0,0.0
2023-06-01 00:00:00-04:00,4.199999809265137,4.519999980926514,4.159999847412109,4.454400062561035,6469,0.0,0.0
2023-06-02 00:00:00-04:00,4.800000190734863,5.4791998863220215,4.519999980926514,5.119999885559082,36130,0.0,0.0
2023-06-05 00:00:00-04:00,5.079999923706055,5.399600028991699,4.960000038146973,4.960000038146973,7086,0.0,0.0
2023-06-06 00:00:00-04:00,4.679999828338623,5.119999885559082,4.639999866485596,4.840000152587891,6635,0.0,0.0
2023-06-07 00:00:00-04:00,4.880000114440918,5.039999961853027,4.519999980926514,4.71999979019165,13759,0.0,0.0
2023-06-08 00:00:00-04:00,4.920000076293945,4.920000076293945,4.589600086212158,4.639999866485596,9689,0.0,0.0
2023-06-09 00:00:00-04:00,4.679999828338623,4.840000152587891,4.579999923706055,4.639999866485596,5408,0.0,0.0
2023-06-12 00:00:00-04:00,4.71999979019165,5.0,4.519999980926514,4.559999942779541,14684,0.0,0.0
2023-06-13 00:00:00-04:00,4.880000114440918,4.960000038146973,4.599999904632568,4.71999979019165,6889,0.0,0.0
2023-06-14 00:00:00-04:00,4.71999979019165,4.739999771118164,4.440000057220459,4.440000057220459,11952,0.0,0.0
2023-06-15 00:00:00-04:00,4.400000095367432,4.7596001625061035,4.400000095367432,4.639999866485596,14962,0.0,0.0
2023-06-16 00:00:00-04:00,4.639999866485596,4.760000228881836,4.400000095367432,4.420000076293945,14009,0.0,0.0
2023-06-20 00:00:00-04:00,4.480000019073486,4.519999980926514,4.239999771118164,4.28000020980835,12606,0.0,0.0
2023-06-21 00:00:00-04:00,4.440000057220459,4.559999942779541,4.159999847412109,4.3196001052856445,10363,0.0,0.0
2023-06-22 00:00:00-04:00,4.28000020980835,4.440000057220459,4.079999923706055,4.28000020980835,4239,0.0,0.0
2023-06-23 00:00:00-04:00,4.480000019073486,4.480000019073486,4.099999904632568,4.239999771118164,9116,0.0,0.0
2023-06-26 00:00:00-04:00,4.199999809265137,4.559999942779541,4.0,4.119999885559082,9571,0.0,0.0
2023-06-27 00:00:00-04:00,4.239999771118164,4.28000020980835,3.880000114440918,3.9200000762939453,30901,0.0,0.0
2023-06-28 00:00:00-04:00,4.0,4.119999885559082,3.880000114440918,3.9811999797821045,10945,0.0,0.0
2023-06-29 00:00:00-04:00,4.119999885559082,4.159999847412109,3.9839999675750732,4.039999961853027,4100,0.0,0.0
2023-06-30 00:00:00-04:00,4.079999923706055,4.079999923706055,3.880000114440918,3.880000114440918,8570,0.0,0.0
2023-07-03 00:00:00-04:00,3.9600000381469727,4.320000171661377,3.9600000381469727,4.139599800109863,12174,0.0,0.0
2023-07-05 00:00:00-04:00,4.0,4.119999885559082,3.880000114440918,3.9595999717712402,22080,0.0,0.0
2023-07-06 00:00:00-04:00,3.9588000774383545,4.21999979019165,3.9588000774383545,4.21999979019165,13521,0.0,0.0
2023-07-07 00:00:00-04:00,4.360000133514404,4.360000133514404,4.0,4.119999885559082,10319,0.0,0.0
2023-07-10 00:00:00-04:00,4.039999961853027,4.199999809265137,4.039999961853027,4.039999961853027,7004,0.0,0.0
2023-07-11 00:00:00-04:00,4.039999961853027,4.159999847412109,3.9231998920440674,3.9284000396728516,11011,0.0,0.0
2023-07-12 00:00:00-04:00,3.9800000190734863,4.239999771118164,3.7200000286102295,3.759999990463257,38535,0.0,0.0
2023-07-13 00:00:00-04:00,3.880000114440918,3.9595999717712402,3.5596001148223877,3.9172000885009766,52946,0.0,0.0
2023-07-14 00:00:00-04:00,3.8387999534606934,4.079999923706055,3.759999990463257,4.079999923706055,21355,0.0,0.0
2023-07-17 00:00:00-04:00,3.9576001167297363,4.239999771118164,3.759999990463257,4.199999809265137,68100,0.0,0.0
2023-07-18 00:00:00-04:00,4.239999771118164,5.400000095367432,4.159999847412109,4.679999828338623,55853,0.0,0.0
2023-07-19 00:00:00-04:00,4.760000228881836,5.440000057220459,4.480000019073486,4.679999828338623,53176,0.0,0.0
2023-07-20 00:00:00-04:00,4.480000019073486,4.519999980926514,3.920799970626831,4.28000020980835,49213,0.0,0.0
2023-07-21 00:00:00-04:00,4.400000095367432,4.400000095367432,4.0,4.059999942779541,23580,0.0,0.0
2023-07-24 00:00:00-04:00,4.079999923706055,5.519999980926514,4.079999923706055,4.920000076293945,220228,0.0,0.0
2023-07-25 00:00:00-04:00,8.0,10.640000343322754,7.920000076293945,8.399999618530273,16980038,0.0,0.0
2023-07-26 00:00:00-04:00,7.559999942779541,7.800000190734863,6.599999904632568,6.840000152587891,1004680,0.0,0.0
2023-07-27 00:00:00-04:00,6.440000057220459,6.480000019073486,5.758399963378906,6.0,501877,0.0,0.0
2023-07-28 00:00:00-04:00,6.119999885559082,6.519999980926514,5.840000152587891,5.880000114440918,321563,0.0,0.0
2023-07-31 00:00:00-04:00,6.079999923706055,6.360000133514404,5.71999979019165,6.119999885559082,339438,0.0,0.0
2023-08-01 00:00:00-04:00,5.71999979019165,6.800000190734863,5.71999979019165,5.920000076293945,621842,0.0,0.0
2023-08-02 00:00:00-04:00,6.0,7.199999809265137,5.840000152587891,7.039999961853027,437005,0.0,0.0
2023-08-03 00:00:00-04:00,6.519999980926514,7.0,5.039999961853027,5.199999809265137,528668,0.0,0.0
2023-08-04 00:00:00-04:00,5.28000020980835,5.28000020980835,4.480000019073486,5.039999961853027,246407,0.0,0.0
2023-08-07 00:00:00-04:00,4.840000152587891,5.199999809265137,4.840000152587891,4.960000038146973,83710,0.0,0.0
2023-08-08 00:00:00-04:00,4.679999828338623,4.71999979019165,4.239999771118164,4.559999942779541,189830,0.0,0.0
2023-08-09 00:00:00-04:00,4.519999980926514,4.519999980926514,3.2799999713897705,3.4804000854492188,693558,0.0,0.0
2023-08-10 00:00:00-04:00,3.603600025177002,4.0,3.541599988937378,3.9444000720977783,176654,0.0,0.0
2023-08-11 00:00:00-04:00,3.701200008392334,3.9172000885009766,3.5,3.505199909210205,152765,0.0,0.0
2023-08-14 00:00:00-04:00,3.539599895477295,3.799999952316284,3.3399999141693115,3.447200059890747,124571,0.0,0.0
2023-08-15 00:00:00-04:00,3.5199999809265137,3.5199999809265137,3.2404000759124756,3.2636001110076904,113758,0.0,0.0
2023-08-16 00:00:00-04:00,3.2771999835968018,3.359999895095825,3.119999885559082,3.187999963760376,96108,0.0,0.0
2023-08-17 00:00:00-04:00,3.125200033187866,3.275599956512451,3.0564000606536865,3.115999937057495,90947,0.0,0.0
2023-08-18 00:00:00-04:00,3.1995999813079834,3.240000009536743,3.0,3.0808000564575195,129542,0.0,0.0
2023-08-21 00:00:00-04:00,3.1196000576019287,3.27839994430542,2.7567999362945557,2.8399999141693115,150993,0.0,0.0
2023-08-22 00:00:00-04:00,2.8239998817443848,2.8399999141693115,2.7200000286102295,2.812000036239624,87303,0.0,0.0
2023-08-23 00:00:00-04:00,2.759999990463257,2.9159998893737793,2.680799961090088,2.759999990463257,61210,0.0,0.0
2023-08-24 00:00:00-04:00,2.9040000438690186,2.9040000438690186,2.711199998855591,2.799999952316284,46438,0.0,0.0
2023-08-25 00:00:00-04:00,2.9079999923706055,2.9079999923706055,2.72160005569458,2.798799991607666,60055,0.0,0.0
2023-08-28 00:00:00-04:00,2.798799991607666,2.862799882888794,2.6672000885009766,2.7360000610351562,50826,0.0,0.0
2023-08-29 00:00:00-04:00,2.7047998905181885,2.7588000297546387,2.6031999588012695,2.7039999961853027,167783,0.0,0.0
2023-08-30 00:00:00-04:00,2.662400007247925,2.864000082015991,2.5940001010894775,2.786400079727173,138081,0.0,0.0
2023-08-31 00:00:00-04:00,2.884399890899658,3.0759999752044678,2.7648000717163086,3.021399974822998,62413,0.0,0.0
2023-09-01 00:00:00-04:00,3.1275999546051025,3.1308000087738037,2.759999990463257,2.9719998836517334,51441,0.0,0.0
2023-09-05 00:00:00-04:00,2.996000051498413,2.996000051498413,2.759999990463257,2.759999990463257,37179,0.0,0.0
2023-09-06 00:00:00-04:00,2.7207999229431152,2.799999952316284,2.7200000286102295,2.759999990463257,27369,0.0,0.0
2023-09-07 00:00:00-04:00,2.759999990463257,3.0615999698638916,2.683199882507324,2.742799997329712,116349,0.0,0.0
2023-09-08 00:00:00-04:00,2.680000066757202,2.8224000930786133,2.624000072479248,2.7880001068115234,54232,0.0,0.0
2023-09-11 00:00:00-04:00,2.837599992752075,2.8796000480651855,2.680000066757202,2.75600004196167,38920,0.0,0.0
2023-09-12 00:00:00-04:00,2.75600004196167,2.7827999591827393,2.681999921798706,2.7200000286102295,27381,0.0,0.0
2023-09-13 00:00:00-04:00,2.759999990463257,2.7904000282287598,2.7200000286102295,2.759999990463257,16669,0.0,0.0
2023-09-14 00:00:00-04:00,2.8183999061584473,2.8183999061584473,2.6903998851776123,2.740000009536743,13923,0.0,0.0
2023-09-15 00:00:00-04:00,2.7147998809814453,2.799999952316284,2.684000015258789,2.799999952316284,10314,0.0,0.0
2023-09-18 00:00:00-04:00,2.759999990463257,2.759999990463257,2.700000047683716,2.759999990463257,17092,0.0,0.0
2023-09-19 00:00:00-04:00,2.7119998931884766,2.7395999431610107,2.680000066757202,2.7200000286102295,21474,0.0,0.0
2023-09-20 00:00:00-04:00,2.780400037765503,2.780400037765503,2.6740000247955322,2.6967999935150146,13798,0.0,0.0
2023-09-21 00:00:00-04:00,2.666800022125244,2.7639999389648438,2.532399892807007,2.559999942779541,34371,0.0,0.0
2023-09-22 00:00:00-04:00,2.5999999046325684,2.5999999046325684,2.5239999294281006,2.5592000484466553,12905,0.0,0.0
2023-09-25 00:00:00-04:00,2.519200086593628,2.529599905014038,2.359999895095825,2.49399995803833,31292,0.0,0.0
2023-09-26 00:00:00-04:00,2.4800000190734863,2.484800100326538,2.4000000953674316,2.4000000953674316,20422,0.0,0.0
2023-09-27 00:00:00-04:00,2.4800000190734863,2.4800000190734863,2.205199956893921,2.440000057220459,29874,0.0,0.0
2023-09-28 00:00:00-04:00,2.4000000953674316,2.440000057220459,2.335200071334839,2.4040000438690186,11072,0.0,0.0
2023-09-29 00:00:00-04:00,2.4600000381469727,2.5199999809265137,2.319999933242798,2.4719998836517334,11007,0.0,0.0
2023-10-02 00:00:00-04:00,2.4800000190734863,2.4800000190734863,2.2920000553131104,2.364799976348877,29993,0.0,0.0
2023-10-03 00:00:00-04:00,2.364799976348877,2.3796000480651855,2.2660000324249268,2.2799999713897705,17969,0.0,0.0
2023-10-04 00:00:00-04:00,2.319999933242798,2.319999933242798,2.140000104904175,2.2939999103546143,31768,0.0,0.0
2023-10-05 00:00:00-04:00,2.3796000480651855,2.3796000480651855,2.0280001163482666,2.1559998989105225,57097,0.0,0.0
2023-10-06 00:00:00-04:00,2.0799999237060547,2.140000104904175,1.9204000234603882,2.0399999618530273,71373,0.0,0.0
2023-10-09 00:00:00-04:00,2.200000047683716,2.2200000286102295,2.003999948501587,2.0920000076293945,33894,0.0,0.0
2023-10-10 00:00:00-04:00,2.059999942779541,2.059999942779541,1.888800024986267,1.944000005722046,37193,0.0,0.0
2023-10-11 00:00:00-04:00,1.9279999732971191,1.9639999866485596,1.764799952507019,1.7812000513076782,75558,0.0,0.0
2023-10-12 00:00:00-04:00,1.7999999523162842,1.840000033378601,1.6799999475479126,1.7999999523162842,26429,0.0,0.0
2023-10-13 00:00:00-04:00,1.840000033378601,1.8600000143051147,1.7599999904632568,1.7971999645233154,20550,0.0,0.0
2023-10-16 00:00:00-04:00,1.8868000507354736,2.0799999237060547,1.840000033378601,2.059999942779541,44738,0.0,0.0
2023-10-17 00:00:00-04:00,2.0799999237060547,2.237600088119507,1.9983999729156494,2.237600088119507,42887,0.0,0.0
2023-10-18 00:00:00-04:00,2.4000000953674316,2.4000000953674316,2.200000047683716,2.2739999294281006,44145,0.0,0.0
2023-10-19 00:00:00-04:00,2.3036000728607178,2.359999895095825,2.0624001026153564,2.184000015258789,16399,0.0,0.0
2023-10-20 00:00:00-04:00,2.124000072479248,2.159600019454956,2.0360000133514404,2.119999885559082,7023,0.0,0.0
2023-10-23 00:00:00-04:00,2.1456000804901123,2.1846001148223877,2.059999942779541,2.0999999046325684,18069,0.0,0.0
2023-10-24 00:00:00-04:00,2.1243999004364014,2.2323999404907227,2.09879994392395,2.135200023651123,7179,0.0,0.0
2023-10-25 00:00:00-04:00,2.1600000858306885,2.3584001064300537,2.0959999561309814,2.328000068664551,35355,0.0,0.0
2023-10-26 00:00:00-04:00,2.2799999713897705,2.328000068664551,2.213200092315674,2.319999933242798,21250,0.0,0.0
2023-10-27 00:00:00-04:00,2.2548000812530518,2.3552000522613525,2.191200017929077,2.2708001136779785,14427,0.0,0.0
2023-10-30 00:00:00-04:00,2.2799999713897705,2.3071999549865723,2.0799999237060547,2.092400074005127,13706,0.0,0.0
2023-10-31 00:00:00-04:00,2.075200080871582,2.160399913787842,2.0239999294281006,2.1196000576019287,12809,0.0,0.0
2023-11-01 00:00:00-04:00,2.183199882507324,2.183199882507324,1.8863999843597412,1.9032000303268433,18629,0.0,0.0
2023-11-02 00:00:00-04:00,2.059999942779541,2.059999942779541,1.8983999490737915,1.943600058555603,21473,0.0,0.0
2023-11-03 00:00:00-04:00,1.9600000381469727,2.0399999618530273,1.9600000381469727,1.975600004196167,15647,0.0,0.0
2023-11-06 00:00:00-05:00,2.0399999618530273,2.1419999599456787,1.9803999662399292,2.140000104904175,44995,0.0,0.0
2023-11-07 00:00:00-05:00,2.1600000858306885,2.1600000858306885,2.0555999279022217,2.1284000873565674,19295,0.0,0.0
2023-11-08 00:00:00-05:00,2.140000104904175,2.140000104904175,1.943600058555603,2.0199999809265137,38460,0.0,0.0
2023-11-09 00:00:00-05:00,2.0796000957489014,2.119999885559082,2.0220000743865967,2.0576000213623047,19668,0.0,0.0
2023-11-10 00:00:00-05:00,2.0411999225616455,2.0999999046325684,2.0004000663757324,2.0004000663757324,9590,0.0,0.0
2023-11-13 00:00:00-05:00,2.0999999046325684,2.0999999046325684,2.0044000148773193,2.0840001106262207,9948,0.0,0.0
2023-11-14 00:00:00-05:00,2.0248000621795654,2.0840001106262207,2.0048000812530518,2.0799999237060547,12840,0.0,0.0
2023-11-15 00:00:00-05:00,2.0624001026153564,2.0687999725341797,2.0136001110076904,2.066800117492676,6261,0.0,0.0
2023-11-16 00:00:00-05:00,2.0799999237060547,2.0799999237060547,2.0,2.063999891281128,20350,0.0,0.0
2023-11-17 00:00:00-05:00,2.0399999618530273,2.119999885559082,2.0188000202178955,2.0195999145507812,13161,0.0,0.0
2023-11-20 00:00:00-05:00,2.0399999618530273,2.0399999618530273,1.9692000150680542,1.9708000421524048,26599,0.0,0.0
2023-11-21 00:00:00-05:00,1.8508000373840332,1.979599952697754,1.8287999629974365,1.8519999980926514,35471,0.0,0.0
2023-11-22 00:00:00-05:00,1.8200000524520874,1.8796000480651855,1.8007999658584595,1.8007999658584595,26862,0.0,0.0
2023-11-24 00:00:00-05:00,1.8955999612808228,1.9127999544143677,1.840000033378601,1.840000033378601,12169,0.0,0.0
2023-11-27 00:00:00-05:00,1.840000033378601,1.9079999923706055,1.8380000591278076,1.8739999532699585,9667,0.0,0.0
2023-11-28 00:00:00-05:00,1.805999994277954,1.9595999717712402,1.805999994277954,1.8480000495910645,24542,0.0,0.0
2023-11-29 00:00:00-05:00,1.9412000179290771,1.9412000179290771,1.8799999952316284,1.8799999952316284,13124,0.0,0.0
2023-11-30 00:00:00-05:00,1.899999976158142,1.9495999813079834,1.8799999952316284,1.9332000017166138,10710,0.0,0.0
2023-12-01 00:00:00-05:00,1.940000057220459,1.9947999715805054,1.9160000085830688,1.9404000043869019,14033,0.0,0.0
2023-12-04 00:00:00-05:00,1.8799999952316284,1.9184000492095947,1.8503999710083008,1.8791999816894531,21048,0.0,0.0
2023-12-05 00:00:00-05:00,1.8592000007629395,1.8672000169754028,1.8148000240325928,1.8600000143051147,16315,0.0,0.0
2023-12-06 00:00:00-05:00,1.805999994277954,1.8675999641418457,1.805999994277954,1.861199975013733,42828,0.0,0.0
2023-12-07 00:00:00-05:00,1.8240000009536743,1.8600000143051147,1.7599999904632568,1.7604000568389893,59740,0.0,0.0
2023-12-08 00:00:00-05:00,1.840000033378601,1.841599941253662,1.6923999786376953,1.7200000286102295,35139,0.0,0.0
2023-12-11 00:00:00-05:00,1.7200000286102295,1.722000002861023,1.6411999464035034,1.6799999475479126,37911,0.0,0.0
2023-12-12 00:00:00-05:00,1.7599999904632568,1.7599999904632568,1.5,1.5199999809265137,73220,0.0,0.0
2023-12-13 00:00:00-05:00,1.5199999809265137,1.590000033378601,1.4800000190734863,1.576799988746643,39588,0.0,0.0
2023-12-14 00:00:00-05:00,1.503600001335144,1.648800015449524,1.472000002861023,1.5,120595,0.0,0.0
2023-12-15 00:00:00-05:00,1.520400047302246,1.5648000240325928,1.4600000381469727,1.4620000123977661,47452,0.0,0.0
2023-12-18 00:00:00-05:00,1.4983999729156494,1.5140000581741333,1.399999976158142,1.4263999462127686,89702,0.0,0.0
2023-12-19 00:00:00-05:00,1.4600000381469727,1.4639999866485596,1.3600000143051147,1.3739999532699585,176603,0.0,0.0
2023-12-20 00:00:00-05:00,1.4359999895095825,1.437000036239624,1.3200000524520874,1.3200000524520874,63911,0.0,0.0
2023-12-21 00:00:00-05:00,1.399999976158142,1.399999976158142,1.2843999862670898,1.2888000011444092,53889,0.0,0.0
2023-12-22 00:00:00-05:00,1.3552000522613525,1.3724000453948975,1.2699999809265137,1.2711999416351318,72762,0.0,0.0
2023-12-26 00:00:00-05:00,1.3359999656677246,1.3359999656677246,1.2400000095367432,1.3115999698638916,53534,0.0,0.0
2023-12-27 00:00:00-05:00,1.3200000524520874,1.3600000143051147,1.2791999578475952,1.3115999698638916,80299,0.0,0.0
2023-12-28 00:00:00-05:00,1.3200000524520874,1.4739999771118164,1.3056000471115112,1.4528000354766846,77801,0.0,0.0
2023-12-29 00:00:00-05:00,1.479599952697754,1.4972000122070312,1.4127999544143677,1.4603999853134155,59184,0.0,0.0
2024-01-02 00:00:00-05:00,1.5196000337600708,1.840000033378601,1.4880000352859497,1.8179999589920044,140717,0.0,0.0
2024-01-03 00:00:00-05:00,1.7591999769210815,1.815999984741211,1.600000023841858,1.7319999933242798,53184,0.0,0.0
2024-01-04 00:00:00-05:00,1.6948000192642212,1.7319999933242798,1.520799994468689,1.586400032043457,43299,0.0,0.0
2024-01-05 00:00:00-05:00,1.544800043106079,1.5992000102996826,1.4911999702453613,1.5019999742507935,96734,0.0,0.0
2024-01-08 00:00:00-05:00,1.507599949836731,1.597599983215332,1.482800006866455,1.5396000146865845,27560,0.0,0.0
2024-01-09 00:00:00-05:00,1.5748000144958496,1.5823999643325806,1.481600046157837,1.503600001335144,25654,0.0,0.0
2024-01-10 00:00:00-05:00,1.5911999940872192,1.6299999952316284,1.503600001335144,1.554800033569336,10583,0.0,0.0
2024-01-11 00:00:00-05:00,1.6283999681472778,1.6283999681472778,1.47160005569458,1.4859999418258667,32552,0.0,0.0
2024-01-12 00:00:00-05:00,1.511199951171875,1.530400037765503,1.486799955368042,1.5199999809265137,22291,0.0,0.0
2024-01-16 00:00:00-05:00,1.559999942779541,1.5723999738693237,1.440000057220459,1.440000057220459,70833,0.0,0.0
2024-01-17 00:00:00-05:00,1.440000057220459,1.4564000368118286,1.399999976158142,1.4040000438690186,11626,0.0,0.0
2024-01-18 00:00:00-05:00,1.4160000085830688,1.4160000085830688,1.3207999467849731,1.3600000143051147,58792,0.0,0.0
2024-01-19 00:00:00-05:00,1.3200000524520874,1.38919997215271,1.240399956703186,1.2943999767303467,123839,0.0,0.0
2024-01-22 00:00:00-05:00,1.3140000104904175,1.3200000524520874,1.240399956703186,1.24399995803833,29188,0.0,0.0
2024-01-23 00:00:00-05:00,1.24399995803833,1.2857999801635742,1.24399995803833,1.2663999795913696,22768,0.0,0.0
2024-01-24 00:00:00-05:00,1.2888000011444092,1.3924000263214111,1.2799999713897705,1.3276000022888184,12231,0.0,0.0
2024-01-25 00:00:00-05:00,1.3600000143051147,1.4055999517440796,1.2999999523162842,1.396399974822998,19449,0.0,0.0
2024-01-26 00:00:00-05:00,1.30239999294281,1.347599983215332,1.2580000162124634,1.292799949645996,32011,0.0,0.0
2024-01-29 00:00:00-05:00,1.3200000524520874,1.3600000143051147,1.2999999523162842,1.3559999465942383,16656,0.0,0.0
2024-01-30 00:00:00-05:00,1.3516000509262085,1.3911999464035034,1.284000039100647,1.371000051498413,12952,0.0,0.0
2024-01-31 00:00:00-05:00,1.3492000102996826,1.3799999952316284,1.3212000131607056,1.3555999994277954,11875,0.0,0.0
2024-02-01 00:00:00-05:00,1.350000023841858,1.4459999799728394,1.350000023841858,1.3639999628067017,26515,0.0,0.0
2024-02-02 00:00:00-05:00,1.4700000286102295,1.6799999475479126,1.3603999614715576,1.5199999809265137,67326,0.0,0.0
2024-02-05 00:00:00-05:00,1.559999942779541,1.719599962234497,1.4988000392913818,1.6512000560760498,55198,0.0,0.0
2024-02-06 00:00:00-05:00,1.708400011062622,1.7984000444412231,1.6512000560760498,1.738800048828125,56455,0.0,0.0
2024-02-07 00:00:00-05:00,1.7056000232696533,1.7992000579833984,1.652400016784668,1.7164000272750854,19774,0.0,0.0
2024-02-08 00:00:00-05:00,1.7400000095367432,2.1600000858306885,1.7400000095367432,2.1084001064300537,251309,0.0,0.0
2024-02-09 00:00:00-05:00,2.2279999256134033,2.799999952316284,2.1428000926971436,2.4760000705718994,334730,0.0,0.0
2024-02-12 00:00:00-05:00,2.686000108718872,3.0,2.112799882888794,2.467600107192993,247994,0.0,0.0
2024-02-13 00:00:00-05:00,2.5076000690460205,2.6796000003814697,2.336400032043457,2.4800000190734863,79054,0.0,0.0
2024-02-14 00:00:00-05:00,2.4800000190734863,2.747999906539917,2.4800000190734863,2.7200000286102295,119219,0.0,0.0
2024-02-15 00:00:00-05:00,2.799999952316284,2.9200000762939453,2.6296000480651855,2.880000114440918,152298,0.0,0.0
2024-02-16 00:00:00-05:00,2.9200000762939453,2.9200000762939453,2.7228000164031982,2.86680006980896,37425,0.0,0.0
2024-02-20 00:00:00-05:00,2.7808001041412354,2.819999933242798,2.5280001163482666,2.5920000076293945,35644,0.0,0.0
2024-02-21 00:00:00-05:00,2.5280001163482666,2.649600028991699,2.501199960708618,2.5999999046325684,34104,0.0,0.0
2024-02-22 00:00:00-05:00,2.6335999965667725,2.6335999965667725,2.2351999282836914,2.2771999835968018,71393,0.0,0.0
2024-02-23 00:00:00-05:00,2.240000009536743,2.2848000526428223,2.0920000076293945,2.140000104904175,82041,0.0,0.0
2024-02-26 00:00:00-05:00,2.0840001106262207,2.203200101852417,2.0399999618530273,2.1995999813079834,77996,0.0,0.0
2024-02-27 00:00:00-05:00,2.1600000858306885,2.319999933242798,2.119999885559082,2.2760000228881836,26132,0.0,0.0
2024-02-28 00:00:00-05:00,2.2476000785827637,2.4000000953674316,2.2160000801086426,2.251199960708618,70458,0.0,0.0
2024-02-29 00:00:00-05:00,2.2760000228881836,2.293560028076172,2.119999885559082,2.1600000858306885,23981,0.0,0.0
2024-03-01 00:00:00-05:00,2.1600000858306885,2.2679998874664307,2.0947999954223633,2.1600000858306885,35098,0.0,0.0
2024-03-04 00:00:00-05:00,2.1600000858306885,2.200000047683716,2.0399999618530273,2.0999999046325684,45217,0.0,0.0
2024-03-05 00:00:00-05:00,2.0871999263763428,2.187999963760376,2.0787999629974365,2.187999963760376,21380,0.0,0.0
2024-03-06 00:00:00-05:00,2.160399913787842,2.200000047683716,2.0999999046325684,2.0999999046325684,20246,0.0,0.0
2024-03-07 00:00:00-05:00,2.0999999046325684,2.146399974822998,2.0392000675201416,2.111999988555908,27715,0.0,0.0
2024-03-08 00:00:00-05:00,2.063999891281128,2.0768001079559326,1.8392000198364258,1.9823999404907227,50957,0.0,0.0
2024-03-11 00:00:00-04:00,1.9240000247955322,2.197999954223633,1.9240000247955322,2.072000026702881,38361,0.0,0.0
2024-03-12 00:00:00-04:00,2.131200075149536,2.149600028991699,2.039599895477295,2.0799999237060547,28927,0.0,0.0
2024-03-13 00:00:00-04:00,2.131999969482422,2.1600000858306885,2.0,2.0799999237060547,13403,0.0,0.0
2024-03-14 00:00:00-04:00,2.0799999237060547,2.1328001022338867,1.9667999744415283,2.0827999114990234,37313,0.0,0.0
2024-03-15 00:00:00-04:00,2.0827999114990234,2.0897998809814453,1.9559999704360962,2.0,31988,0.0,0.0
2024-03-18 00:00:00-04:00,2.0399999618530273,2.0492000579833984,1.9443999528884888,1.9600000381469727,25422,0.0,0.0
2024-03-19 00:00:00-04:00,1.9600000381469727,2.0,1.9288400411605835,1.9600399732589722,9240,0.0,0.0
2024-03-20 00:00:00-04:00,1.9955999851226807,2.0715999603271484,1.9600000381469727,2.0148000717163086,33544,0.0,0.0
2024-03-21 00:00:00-04:00,2.0199999809265137,2.0199999809265137,1.9600000381469727,1.9603999853134155,13850,0.0,0.0
2024-03-22 00:00:00-04:00,2.0160000324249268,2.0160000324249268,1.8827999830245972,1.8827999830245972,15690,0.0,0.0
2024-03-25 00:00:00-04:00,1.902400016784668,1.9279999732971191,1.8600000143051147,1.8600000143051147,10214,0.0,0.0
2024-03-26 00:00:00-04:00,1.9412000179290771,1.9412000179290771,1.757599949836731,1.7755999565124512,27574,0.0,0.0
2024-03-27 00:00:00-04:00,1.7999999523162842,1.8395999670028687,1.7992000579833984,1.7992000579833984,12950,0.0,0.0
2024-03-28 00:00:00-04:00,1.8567999601364136,1.8567999601364136,1.8131999969482422,1.815999984741211,10824,0.0,0.0
2024-04-01 00:00:00-04:00,1.9600000381469727,1.9600000381469727,1.8176000118255615,1.8675999641418457,15877,0.0,0.0
2024-04-02 00:00:00-04:00,1.840000033378601,1.965999960899353,1.840000033378601,1.8991999626159668,17011,0.0,0.0
2024-04-03 00:00:00-04:00,1.9600000381469727,2.0799999237060547,1.9076000452041626,1.9808000326156616,62114,0.0,0.0
2024-04-04 00:00:00-04:00,1.9639999866485596,2.035599946975708,1.8839999437332153,1.8839999437332153,30125,0.0,0.0
2024-04-05 00:00:00-04:00,1.9176000356674194,1.9235999584197998,1.8502000570297241,1.874400019645691,13152,0.0,0.0
2024-04-08 00:00:00-04:00,1.9575999975204468,1.9575999975204468,1.8799999952316284,1.8880000114440918,11902,0.0,0.0
2024-04-09 00:00:00-04:00,1.9559999704360962,1.9559999704360962,1.8799999952316284,1.8839999437332153,6291,0.0,0.0
2024-04-10 00:00:00-04:00,1.8799999952316284,1.9088000059127808,1.8639999628067017,1.8639999628067017,9020,0.0,0.0
2024-04-11 00:00:00-04:00,1.8799999952316284,1.899999976158142,1.840000033378601,1.840000033378601,5961,0.0,0.0
2024-04-12 00:00:00-04:00,1.8040000200271606,1.8395999670028687,1.7599999904632568,1.7599999904632568,17873,0.0,0.0
2024-04-15 00:00:00-04:00,1.7599999904632568,1.840399980545044,1.7400000095367432,1.7400000095367432,6443,0.0,0.0
2024-04-16 00:00:00-04:00,1.7400000095367432,1.7805999517440796,1.600000023841858,1.6239999532699585,12928,0.0,0.0
2024-04-17 00:00:00-04:00,1.6200000047683716,1.7000000476837158,1.600000023841858,1.6188000440597534,11022,0.0,0.0
2024-04-18 00:00:00-04:00,1.6399999856948853,1.6799999475479126,1.6191999912261963,1.6799999475479126,7790,0.0,0.0
2024-04-19 00:00:00-04:00,1.6799999475479126,1.695199966430664,1.6239999532699585,1.6308000087738037,17121,0.0,0.0
2024-04-22 00:00:00-04:00,1.632040023803711,1.6468000411987305,1.600000023841858,1.6016000509262085,3324,0.0,0.0
2024-04-23 00:00:00-04:00,1.6399999856948853,1.7000000476837158,1.6291999816894531,1.6699999570846558,11682,0.0,0.0
2024-04-24 00:00:00-04:00,1.7200000286102295,1.7200000286102295,1.6399999856948853,1.6404000520706177,7576,0.0,0.0
2024-04-25 00:00:00-04:00,1.6640000343322754,1.729599952697754,1.621999979019165,1.621999979019165,12058,0.0,0.0
2024-04-26 00:00:00-04:00,1.6959999799728394,1.7380000352859497,1.6239999532699585,1.6648000478744507,21474,0.0,0.0
2024-04-29 00:00:00-04:00,1.6552000045776367,1.7807999849319458,1.6552000045776367,1.6887999773025513,19842,0.0,0.0
2024-04-30 00:00:00-04:00,1.6887999773025513,1.7699999809265137,1.6887999773025513,1.7156000137329102,10417,0.0,0.0
2024-05-01 00:00:00-04:00,1.7599999904632568,1.7824000120162964,1.7067999839782715,1.7067999839782715,6603,0.0,0.0
2024-05-02 00:00:00-04:00,1.7111999988555908,1.819599986076355,1.7111999988555908,1.819200038909912,13209,0.0,0.0
2024-05-03 00:00:00-04:00,1.8559999465942383,2.0,1.840000033378601,1.878000020980835,26885,0.0,0.0
2024-05-06 00:00:00-04:00,1.9759999513626099,2.0,1.8911999464035034,1.9392000436782837,31096,0.0,0.0
2024-05-07 00:00:00-04:00,1.9600000381469727,1.9600000381469727,1.8423999547958374,1.8652000427246094,7764,0.0,0.0
2024-05-08 00:00:00-04:00,1.840000033378601,1.8783999681472778,1.8007999658584595,1.8187999725341797,34283,0.0,0.0
2024-05-09 00:00:00-04:00,1.826799988746643,1.8799999952316284,1.7467999458312988,1.8035999536514282,9831,0.0,0.0
2024-05-10 00:00:00-04:00,1.8035999536514282,1.8935999870300293,1.8035999536514282,1.8320000171661377,5168,0.0,0.0
2024-05-13 00:00:00-04:00,1.8380000591278076,1.8796000480651855,1.8315999507904053,1.861199975013733,3958,0.0,0.0
2024-05-14 00:00:00-04:00,1.7999999523162842,1.9155999422073364,1.7999999523162842,1.8575999736785889,14484,0.0,0.0
2024-05-15 00:00:00-04:00,1.9119999408721924,1.9600000381469727,1.8916000127792358,1.9471999406814575,14528,0.0,0.0
2024-05-16 00:00:00-04:00,1.9199999570846558,1.9975999593734741,1.9179999828338623,1.9600000381469727,15688,0.0,0.0
2024-05-17 00:00:00-04:00,1.9839999675750732,2.0,1.7999999523162842,1.9071999788284302,28876,0.0,0.0
2024-05-20 00:00:00-04:00,1.9199999570846558,1.9520000219345093,1.8799999952316284,1.9518799781799316,15215,0.0,0.0
2024-05-21 00:00:00-04:00,1.9520000219345093,2.0,1.8799999952316284,1.94760000705719,14133,0.0,0.0
2024-05-22 00:00:00-04:00,1.8799999952316284,1.9151999950408936,1.8428000211715698,1.84443998336792,12490,0.0,0.0
2024-05-23 00:00:00-04:00,1.8799999952316284,1.9223999977111816,1.8444000482559204,1.8444000482559204,14763,0.0,0.0
2024-05-24 00:00:00-04:00,1.9215999841690063,1.9215999841690063,1.8272000551223755,1.9079999923706055,9379,0.0,0.0
2024-05-28 00:00:00-04:00,1.9199999570846558,1.9204000234603882,1.8664000034332275,1.88919997215271,18477,0.0,0.0
2024-05-29 00:00:00-04:00,1.8799999952316284,1.88919997215271,1.770400047302246,1.7999999523162842,16888,0.0,0.0
2024-05-30 00:00:00-04:00,1.8799999952316284,1.8799999952316284,1.8040000200271606,1.850600004196167,7300,0.0,0.0
2024-05-31 00:00:00-04:00,1.9199999570846558,1.9199999570846558,1.8483999967575073,1.8799999952316284,2771,0.0,0.0
2024-06-03 00:00:00-04:00,1.8960000276565552,1.8960000276565552,1.8310400247573853,1.8767999410629272,5199,0.0,0.0
2024-06-04 00:00:00-04:00,1.8799999952316284,1.9160000085830688,1.8312000036239624,1.8450000286102295,8825,0.0,0.0
2024-06-05 00:00:00-04:00,1.840000033378601,1.8447999954223633,1.770400047302246,1.7904000282287598,12227,0.0,0.0
2024-06-06 00:00:00-04:00,1.7920000553131104,1.7999999523162842,1.736799955368042,1.7660000324249268,9222,0.0,0.0
2024-06-07 00:00:00-04:00,1.7799999713897705,1.7799999713897705,1.7200000286102295,1.7311999797821045,7666,0.0,0.0
2024-06-10 00:00:00-04:00,1.7311999797821045,1.996000051498413,1.7000000476837158,1.7802000045776367,141299,0.0,0.0
2024-06-11 00:00:00-04:00,1.8799999952316284,1.8799999952316284,1.7932000160217285,1.7932000160217285,10774,0.0,0.0
2024-06-12 00:00:00-04:00,1.8552000522613525,1.9600000381469727,1.7956000566482544,1.884600043296814,13112,0.0,0.0
2024-06-13 00:00:00-04:00,1.874400019645691,1.9115999937057495,1.8187999725341797,1.9043999910354614,14648,0.0,0.0
2024-06-14 00:00:00-04:00,1.840000033378601,1.8480000495910645,1.7508000135421753,1.7799999713897705,9704,0.0,0.0
2024-06-17 00:00:00-04:00,1.7799999713897705,1.8207999467849731,1.742400050163269,1.7599999904632568,11021,0.0,0.0
2024-06-18 00:00:00-04:00,1.7599999904632568,1.7960000038146973,1.6704000234603882,1.7380000352859497,25910,0.0,0.0
2024-06-20 00:00:00-04:00,1.729599952697754,1.795199990272522,1.586400032043457,1.7325999736785889,24858,0.0,0.0
2024-06-21 00:00:00-04:00,1.7319999933242798,1.75600004196167,1.680400013923645,1.7000000476837158,9266,0.0,0.0
2024-06-24 00:00:00-04:00,1.7200000286102295,1.840000033378601,1.6931999921798706,1.7999999523162842,9489,0.0,0.0
2024-06-25 00:00:00-04:00,1.7963999509811401,1.7963999509811401,1.7280000448226929,1.7359999418258667,5875,0.0,0.0
2024-06-26 00:00:00-04:00,1.7120000123977661,1.794800043106079,1.4800000190734863,1.7192000150680542,18343,0.0,0.0
2024-06-27 00:00:00-04:00,1.7283999919891357,1.7835999727249146,1.718000054359436,1.725600004196167,5561,0.0,0.0
2024-06-28 00:00:00-04:00,1.7452000379562378,1.7555999755859375,1.6704000234603882,1.6799999475479126,4180,0.0,0.0
2024-07-01 00:00:00-04:00,1.6792000532150269,1.719599962234497,1.6399999856948853,1.6699999570846558,9249,0.0,0.0
2024-07-02 00:00:00-04:00,1.669600009918213,1.7200000286102295,1.6687999963760376,1.6776000261306763,6218,0.0,0.0
2024-07-03 00:00:00-04:00,1.7300000190734863,1.7608000040054321,1.646399974822998,1.6799999475479126,5885,0.0,0.0
2024-07-05 00:00:00-04:00,1.6799999475479126,1.749400019645691,1.6799999475479126,1.718400001525879,9777,0.0,0.0
2024-07-08 00:00:00-04:00,1.7599999904632568,1.819599986076355,1.718400001525879,1.7319999933242798,8680,0.0,0.0
2024-07-09 00:00:00-04:00,1.7431999444961548,1.7599999904632568,1.6799999475479126,1.715999960899353,5310,0.0,0.0
2024-07-10 00:00:00-04:00,1.6799999475479126,1.7760000228881836,1.6039999723434448,1.7755999565124512,39077,0.0,0.0
2024-07-11 00:00:00-04:00,1.7724000215530396,1.7747999429702759,1.6039999723434448,1.7467999458312988,29811,0.0,0.0
2024-07-12 00:00:00-04:00,1.7200000286102295,1.761199951171875,1.6116000413894653,1.7408000230789185,10931,0.0,0.0
2024-07-15 00:00:00-04:00,1.740399956703186,1.791599988937378,1.684000015258789,1.7200000286102295,4565,0.0,0.0
2024-07-16 00:00:00-04:00,1.719599962234497,1.7339999675750732,1.6039999723434448,1.6404000520706177,20477,0.0,0.0
2024-07-17 00:00:00-04:00,1.6383999586105347,1.7200000286102295,1.6044000387191772,1.6297999620437622,7400,0.0,0.0
2024-07-18 00:00:00-04:00,1.6399999856948853,1.6399999856948853,1.5779999494552612,1.5800000429153442,16647,0.0,0.0
2024-07-19 00:00:00-04:00,1.6435999870300293,1.6799999475479126,1.5615999698638916,1.6052000522613525,5946,0.0,0.0
2024-07-22 00:00:00-04:00,1.6052000522613525,1.6884000301361084,1.5232000350952148,1.5240000486373901,21354,0.0,0.0
2024-07-23 00:00:00-04:00,1.5543999671936035,1.5640000104904175,1.5199999809265137,1.5595999956130981,81659,0.0,0.0
2024-07-24 00:00:00-04:00,1.559999942779541,1.559999942779541,1.5199999809265137,1.5595999956130981,6210,0.0,0.0
2024-07-25 00:00:00-04:00,1.559999942779541,1.559999942779541,1.5196000337600708,1.5407999753952026,10416,0.0,0.0
2024-07-26 00:00:00-04:00,1.5240000486373901,1.5595999956130981,1.4839999675750732,1.5219999551773071,7333,0.0,0.0
2024-07-29 00:00:00-04:00,1.531999945640564,1.5396000146865845,1.440000057220459,1.4479999542236328,16746,0.0,0.0
2024-07-30 00:00:00-04:00,1.5196000337600708,1.531999945640564,1.4479999542236328,1.4484000205993652,14443,0.0,0.0
2024-07-31 00:00:00-04:00,1.4620000123977661,1.4620000123977661,1.440000057220459,1.4471999406814575,6302,0.0,0.0
2024-08-01 00:00:00-04:00,1.4464000463485718,1.4600000381469727,1.371999979019165,1.3724000453948975,15691,0.0,0.0
2024-08-02 00:00:00-04:00,1.3996000289916992,1.399999976158142,1.0496000051498413,1.3179999589920044,44522,0.0,0.0
2024-08-05 00:00:00-04:00,1.3600000143051147,1.3600000143051147,1.2359999418258667,1.2400000095367432,19064,0.0,0.0
2024-08-06 00:00:00-04:00,1.2599999904632568,1.2896000146865845,1.0443999767303467,1.2619999647140503,17196,0.0,0.0
2024-08-07 00:00:00-04:00,1.2799999713897705,1.3200000524520874,1.1967999935150146,1.2400000095367432,32088,0.0,0.0
2024-08-08 00:00:00-04:00,1.3079999685287476,1.340000033378601,1.240399956703186,1.3040000200271606,13333,0.0,0.0
2024-08-09 00:00:00-04:00,1.2979999780654907,1.3320000171661377,1.2688000202178955,1.2879999876022339,5887,0.0,0.0
2024-08-12 00:00:00-04:00,1.3200000524520874,1.3555999994277954,1.315999984741211,1.3519999980926514,6514,0.0,0.0
2024-08-13 00:00:00-04:00,1.399999976158142,1.559999942779541,1.3544000387191772,1.458799958229065,17868,0.0,0.0
2024-08-14 00:00:00-04:00,1.4448000192642212,1.507599949836731,1.4448000192642212,1.4769999980926514,7262,0.0,0.0
2024-08-15 00:00:00-04:00,1.3871999979019165,1.5199999809265137,1.3639999628067017,1.4780000448226929,14784,0.0,0.0
2024-08-16 00:00:00-04:00,1.5199999809265137,1.5800000429153442,1.440000057220459,1.5024000406265259,15190,0.0,0.0
2024-08-19 00:00:00-04:00,1.5176000595092773,2.7939999103546143,1.4428000450134277,2.235599994659424,3540764,0.0,0.0
2024-08-20 00:00:00-04:00,2.2160000801086426,2.2799999713897705,1.944000005722046,1.9603999853134155,506960,0.0,0.0
2024-08-21 00:00:00-04:00,2.039599895477295,2.115600109100342,1.9800000190734863,2.035599946975708,75971,0.0,0.0
2024-08-22 00:00:00-04:00,2.0799999237060547,2.22160005569458,2.050800085067749,2.140399932861328,52100,0.0,0.0
2024-08-23 00:00:00-04:00,2.1440000534057617,2.171600103378296,2.0648000240325928,2.1559998989105225,29887,0.0,0.0
2024-08-26 00:00:00-04:00,2.140399932861328,2.2344000339508057,2.1092000007629395,2.2344000339508057,31400,0.0,0.0
2024-08-27 00:00:00-04:00,2.1995999813079834,2.3559999465942383,2.128000020980835,2.321199893951416,31377,0.0,0.0
2024-08-28 00:00:00-04:00,2.357599973678589,2.562000036239624,2.321199893951416,2.4000000953674316,93872,0.0,0.0
2024-08-29 00:00:00-04:00,2.328000068664551,2.8296000957489014,2.3239998817443848,2.680000066757202,142058,0.0,0.0
2024-08-30 00:00:00-04:00,2.7920000553131104,2.7952001094818115,2.680000066757202,2.7660000324249268,26323,0.0,0.0
2024-09-03 00:00:00-04:00,2.7200000286102295,2.7788000106811523,2.4384000301361084,2.60479998588562,54262,0.0,0.0
2024-09-04 00:00:00-04:00,2.5999999046325684,2.680000066757202,2.536400079727173,2.6760001182556152,26280,0.0,0.0
2024-09-05 00:00:00-04:00,2.680000066757202,2.680000066757202,2.4031999111175537,2.4935998916625977,39933,0.0,0.0
2024-09-06 00:00:00-04:00,2.4935998916625977,2.5439999103546143,1.899999976158142,2.128000020980835,51380,0.0,0.0
2024-09-09 00:00:00-04:00,2.0,2.1600000858306885,2.0,2.072000026702881,30561,0.0,0.0
2024-09-10 00:00:00-04:00,2.197999954223633,2.7028000354766846,2.197999954223633,2.3440001010894775,172964,0.0,0.0
2024-09-11 00:00:00-04:00,2.379199981689453,2.591599941253662,2.2434399127960205,2.5399999618530273,20342,0.0,0.0
2024-09-12 00:00:00-04:00,2.5399999618530273,2.640000104904175,2.444000005722046,2.555999994277954,42384,0.0,0.0
2024-09-13 00:00:00-04:00,2.5199999809265137,2.635999917984009,2.4000000953674316,2.5504000186920166,24237,0.0,0.0
2024-09-16 00:00:00-04:00,2.4739999771118164,2.599600076675415,2.4240000247955322,2.4240000247955322,10523,0.0,0.0
2024-09-17 00:00:00-04:00,2.4660000801086426,2.5515999794006348,2.4068000316619873,2.4607999324798584,14359,0.0,0.0
2024-09-18 00:00:00-04:00,2.4800000190734863,2.680000066757202,2.3980000019073486,2.635999917984009,48418,0.0,0.0
2024-09-19 00:00:00-04:00,2.6600000858306885,2.6600000858306885,2.5399999618530273,2.559999942779541,23337,0.0,0.0
2024-09-20 00:00:00-04:00,2.5432000160217285,2.640000104904175,2.4800000190734863,2.6315999031066895,34527,0.0,0.0
2024-09-23 00:00:00-04:00,2.5480000972747803,2.680000066757202,2.441999912261963,2.5655999183654785,40170,0.0,0.0
2024-09-24 00:00:00-04:00,2.5480000972747803,2.5636000633239746,2.359999895095825,2.4800000190734863,43260,0.0,0.0
2024-09-25 00:00:00-04:00,2.4800000190734863,2.4800000190734863,2.240000009536743,2.3203999996185303,16494,0.0,0.0
2024-09-26 00:00:00-04:00,2.3919999599456787,2.440000057220459,2.2799999713897705,2.3492000102996826,22642,0.0,0.0
2024-09-27 00:00:00-04:00,2.3492000102996826,2.359999895095825,2.2504000663757324,2.359999895095825,5546,0.0,0.0
2024-09-30 00:00:00-04:00,2.359999895095825,2.4000000953674316,2.2799999713897705,2.2880001068115234,23458,0.0,0.0
2024-10-01 00:00:00-04:00,2.280400037765503,2.4000000953674316,2.2435998916625977,2.3399999141693115,8041,0.0,0.0
2024-10-02 00:00:00-04:00,2.4000000953674316,2.4000000953674316,2.2095999717712402,2.303999900817871,4843,0.0,0.0
2024-10-03 00:00:00-04:00,2.3959999084472656,2.4000000953674316,2.302000045776367,2.3959999084472656,7888,0.0,0.0
2024-10-04 00:00:00-04:00,2.359999895095825,2.384399890899658,2.2799999713897705,2.3559999465942383,10968,0.0,0.0
2024-10-07 00:00:00-04:00,2.3399999141693115,2.5999999046325684,2.3399999141693115,2.5999999046325684,29823,0.0,0.0
2024-10-08 00:00:00-04:00,2.5999999046325684,2.5999999046325684,2.5199999809265137,2.5492000579833984,8664,0.0,0.0
2024-10-09 00:00:00-04:00,2.514400005340576,2.5199999809265137,2.446120023727417,2.4955999851226807,4346,0.0,0.0
2024-10-10 00:00:00-04:00,2.5199999809265137,2.5199999809265137,2.39520001411438,2.440000057220459,11141,0.0,0.0
2024-10-11 00:00:00-04:00,2.440000057220459,2.4916000366210938,2.4052000045776367,2.4800000190734863,11153,0.0,0.0
2024-10-14 00:00:00-04:00,2.4800000190734863,2.589200019836426,2.466599941253662,2.530400037765503,9614,0.0,0.0
2024-10-15 00:00:00-04:00,2.4791998863220215,2.5136001110076904,2.400399923324585,2.4403998851776123,10965,0.0,0.0
2024-10-16 00:00:00-04:00,2.4811999797821045,2.4811999797821045,2.4184000492095947,2.4535999298095703,8002,0.0,0.0
2024-10-17 00:00:00-04:00,2.4535999298095703,2.4535999298095703,2.3584001064300537,2.362920045852661,11060,0.0,0.0
2024-10-18 00:00:00-04:00,2.440000057220459,2.464400053024292,2.371999979019165,2.420799970626831,21505,0.0,0.0
2024-10-21 00:00:00-04:00,2.371999979019165,2.4700000286102295,2.3499999046325684,2.3499999046325684,7841,0.0,0.0
2024-10-22 00:00:00-04:00,2.3499999046325684,2.3956000804901123,2.290800094604492,2.312000036239624,6712,0.0,0.0
2024-10-23 00:00:00-04:00,2.259999990463257,2.3519999980926514,2.1419999599456787,2.189199924468994,15802,0.0,0.0
2024-10-24 00:00:00-04:00,2.252000093460083,2.2799999713897705,2.0808000564575195,2.0836000442504883,17856,0.0,0.0
2024-10-25 00:00:00-04:00,2.2095999717712402,2.286799907684326,2.078399896621704,2.191200017929077,10734,0.0,0.0
2024-10-28 00:00:00-04:00,2.1816000938415527,2.2716000080108643,2.0116000175476074,2.159600019454956,13401,0.0,0.0
2024-10-29 00:00:00-04:00,2.091200113296509,2.2639999389648438,2.068000078201294,2.1435999870300293,9634,0.0,0.0
2024-10-30 00:00:00-04:00,2.1275999546051025,2.135999917984009,2.01200008392334,2.0439999103546143,8443,0.0,0.0
2024-10-31 00:00:00-04:00,2.111999988555908,2.111999988555908,2.0116000175476074,2.065999984741211,3237,0.0,0.0
2024-11-01 00:00:00-04:00,2.0160000324249268,2.065999984741211,2.0160000324249268,2.039599895477295,7076,0.0,0.0
2024-11-04 00:00:00-05:00,2.0399999618530273,2.200000047683716,2.0399999618530273,2.0799999237060547,11647,0.0,0.0
2024-11-05 00:00:00-05:00,2.138000011444092,2.2792000770568848,2.0799999237060547,2.23799991607666,9281,0.0,0.0
2024-11-06 00:00:00-05:00,2.183199882507324,2.2799999713897705,2.119999885559082,2.2799999713897705,21066,0.0,0.0
2024-11-07 00:00:00-05:00,2.240000009536743,2.298799991607666,2.123199939727783,2.2839999198913574,8398,0.0,0.0
2024-11-08 00:00:00-05:00,2.319999933242798,2.319999933242798,2.200000047683716,2.240000009536743,9926,0.0,0.0
2024-11-11 00:00:00-05:00,2.240000009536743,2.240000009536743,2.0799999237060547,2.166800022125244,16678,0.0,0.0
2024-11-12 00:00:00-05:00,2.0899999141693115,2.200000047683716,2.083199977874756,2.1659998893737793,12529,0.0,0.0
2024-11-13 00:00:00-05:00,2.119999885559082,2.119999885559082,2.0399999618530273,2.0443999767303467,13788,0.0,0.0
2024-11-14 00:00:00-05:00,2.0399999618530273,2.1600000858306885,2.0199999809265137,2.0576000213623047,39769,0.0,0.0
2024-11-15 00:00:00-05:00,2.0799999237060547,2.1600000858306885,2.0116000175476074,2.049999952316284,8015,0.0,0.0
2024-11-18 00:00:00-05:00,2.0199999809265137,2.119999885559082,1.968000054359436,1.9819999933242798,16495,0.0,0.0
2024-11-19 00:00:00-05:00,2.0239999294281006,2.091399908065796,1.853600025177002,2.0399999618530273,17377,0.0,0.0
2024-11-20 00:00:00-05:00,2.0088000297546387,2.0116000175476074,1.9256399869918823,1.9404000043869019,20221,0.0,0.0
2024-11-21 00:00:00-05:00,2.0320000648498535,2.100399971008301,1.8971999883651733,2.0160000324249268,28534,0.0,0.0
2024-11-22 00:00:00-05:00,1.9600000381469727,2.0799999237060547,1.9040000438690186,1.9631999731063843,13158,0.0,0.0
2024-11-25 00:00:00-05:00,2.0160000324249268,2.0160000324249268,1.9223999977111816,1.9996000528335571,19717,0.0,0.0
2024-11-26 00:00:00-05:00,1.996000051498413,1.996000051498413,1.8799999952316284,1.9035999774932861,13259,0.0,0.0
2024-11-27 00:00:00-05:00,1.8863999843597412,1.9600000381469727,1.8799999952316284,1.8880000114440918,11476,0.0,0.0
2024-11-29 00:00:00-05:00,1.9559999704360962,2.0,1.8880000114440918,1.989240050315857,7315,0.0,0.0
2024-12-02 00:00:00-05:00,1.9600000381469727,1.9600000381469727,1.8924000263214111,1.8924000263214111,11680,0.0,0.0
2024-12-03 00:00:00-05:00,1.8976000547409058,1.9880000352859497,1.8763999938964844,1.8763999938964844,9874,0.0,0.0
2024-12-04 00:00:00-05:00,1.9600000381469727,1.9600000381469727,1.8040000200271606,1.8555999994277954,53331,0.0,0.0
2024-12-05 00:00:00-05:00,1.8392000198364258,1.940000057220459,1.8320399522781372,1.9160000085830688,13153,0.0,0.0
2024-12-06 00:00:00-05:00,1.8660000562667847,1.9199999570846558,1.8200000524520874,1.8200000524520874,17969,0.0,0.0
2024-12-09 00:00:00-05:00,1.8760000467300415,1.9140000343322754,1.7239999771118164,1.731600046157837,17019,0.0,0.0
2024-12-10 00:00:00-05:00,1.7799999713897705,1.7799999713897705,1.6399999856948853,1.6435999870300293,20161,0.0,0.0
2024-12-11 00:00:00-05:00,1.6959999799728394,1.7200000286102295,1.656000018119812,1.7200000286102295,10501,0.0,0.0
2024-12-12 00:00:00-05:00,1.7200000286102295,1.7676000595092773,1.715999960899353,1.715999960899353,6681,0.0,0.0
2024-12-13 00:00:00-05:00,1.7200000286102295,1.7884000539779663,1.684000015258789,1.684000015258789,9278,0.0,0.0
2024-12-16 00:00:00-05:00,1.684000015258789,1.7963999509811401,1.6444000005722046,1.6740000247955322,17512,0.0,0.0
2024-12-17 00:00:00-05:00,1.6399999856948853,1.7075999975204468,1.559999942779541,1.6319999694824219,35748,0.0,0.0
2024-12-18 00:00:00-05:00,1.6399999856948853,1.6799999475479126,1.559999942779541,1.5911999940872192,25080,0.0,0.0
2024-12-19 00:00:00-05:00,1.5920000076293945,1.6799999475479126,1.4800000190734863,1.5332000255584717,18510,0.0,0.0
2024-12-20 00:00:00-05:00,1.5199999809265137,1.5327999591827393,1.4800000190734863,1.5032000541687012,18866,0.0,0.0
2024-12-23 00:00:00-05:00,1.5091999769210815,1.600000023841858,1.4600000381469727,1.4648000001907349,34541,0.0,0.0
2024-12-24 00:00:00-05:00,1.4800000190734863,1.600000023841858,1.468000054359436,1.600000023841858,20492,0.0,0.0
2024-12-26 00:00:00-05:00,1.559999942779541,1.6799999475479126,1.5099999904632568,1.6792000532150269,36067,0.0,0.0
2024-12-27 00:00:00-05:00,1.6360000371932983,2.0,1.600000023841858,1.919600009918213,113044,0.0,0.0
2024-12-30 00:00:00-05:00,2.114000082015991,2.587599992752075,2.0,2.2248001098632812,967579,0.0,0.0
2024-12-31 00:00:00-05:00,2.0759999752044678,2.1600000858306885,1.8040000200271606,1.8544000387191772,179534,0.0,0.0
2025-01-02 00:00:00-05:00,1.7899999618530273,2.1500000953674316,1.7899999618530273,1.9600000381469727,85790,0.0,0.25
