Date,Open,High,Low,Close,Volume,Dividends,Stock Splits
2022-01-03 00:00:00-05:00,34.540000915527344,40.2599983215332,34.099998474121094,39.15999984741211,111055,0.0,0.0
2022-01-04 00:00:00-05:00,39.81999969482422,42.459999084472656,38.060001373291016,38.5,109227,0.0,0.0
2022-01-05 00:00:00-05:00,38.5,39.380001068115234,34.31999969482422,36.40999984741211,56600,0.0,0.0
2022-01-06 00:00:00-05:00,36.29999923706055,36.7400016784668,34.7599983215332,35.75,21627,0.0,0.0
2022-01-07 00:00:00-05:00,35.63999938964844,36.630001068115234,33.880001068115234,34.7599983215332,43645,0.0,0.0
2022-01-10 00:00:00-05:00,34.97999954223633,35.04600143432617,32.88999938964844,34.97999954223633,51391,0.0,0.0
2022-01-11 00:00:00-05:00,34.97999954223633,35.41999816894531,33.880001068115234,34.7599983215332,45536,0.0,0.0
2022-01-12 00:00:00-05:00,35.20000076293945,35.41999816894531,33.880001068115234,33.880001068115234,25645,0.0,0.0
2022-01-13 00:00:00-05:00,34.231998443603516,36.189998626708984,32.560001373291016,32.779998779296875,68573,0.0,0.0
2022-01-14 00:00:00-05:00,33.0,33.220001220703125,30.360000610351562,31.899999618530273,78059,0.0,0.0
2022-01-18 00:00:00-05:00,31.68000030517578,31.68000030517578,29.479999542236328,29.479999542236328,59109,0.0,0.0
2022-01-19 00:00:00-05:00,29.700000762939453,31.020000457763672,29.040000915527344,29.260000228881836,47855,0.0,0.0
2022-01-20 00:00:00-05:00,29.920000076293945,31.020000457763672,28.600000381469727,28.600000381469727,56445,0.0,0.0
2022-01-21 00:00:00-05:00,28.3799991607666,28.600000381469727,25.079999923706055,25.079999923706055,138950,0.0,0.0
2022-01-24 00:00:00-05:00,24.420000076293945,30.799999237060547,24.266000747680664,29.260000228881836,265409,0.0,0.0
2022-01-25 00:00:00-05:00,28.3799991607666,28.600000381469727,25.739999771118164,26.6200008392334,118755,0.0,0.0
2022-01-26 00:00:00-05:00,27.719999313354492,27.719999313354492,24.420000076293945,24.639999389648438,131614,0.0,0.0
2022-01-27 00:00:00-05:00,27.280000686645508,27.5,22.8799991607666,23.540000915527344,416545,0.0,0.0
2022-01-28 00:00:00-05:00,23.100000381469727,24.200000762939453,22.219999313354492,23.540000915527344,93355,0.0,0.0
2022-01-31 00:00:00-05:00,23.760000228881836,25.959999084472656,23.583999633789062,25.520000457763672,94141,0.0,0.0
2022-02-01 00:00:00-05:00,25.299999237060547,25.520000457763672,24.200000762939453,25.299999237060547,77768,0.0,0.0
2022-02-02 00:00:00-05:00,25.959999084472656,25.959999084472656,23.760000228881836,23.760000228881836,42095,0.0,0.0
2022-02-03 00:00:00-05:00,24.200000762939453,24.420000076293945,23.31999969482422,23.979999542236328,47514,0.0,0.0
2022-02-04 00:00:00-05:00,23.979999542236328,24.860000610351562,23.31999969482422,24.639999389648438,64127,0.0,0.0
2022-02-07 00:00:00-05:00,24.860000610351562,25.233999252319336,23.540000915527344,23.979999542236328,45914,0.0,0.0
2022-02-08 00:00:00-05:00,23.979999542236328,24.530000686645508,23.760000228881836,24.420000076293945,56159,0.0,0.0
2022-02-09 00:00:00-05:00,24.420000076293945,25.079999923706055,23.979999542236328,24.639999389648438,117159,0.0,0.0
2022-02-10 00:00:00-05:00,24.200000762939453,25.299999237060547,23.540000915527344,25.079999923706055,194755,0.0,0.0
2022-02-11 00:00:00-05:00,26.6200008392334,26.6200008392334,23.540000915527344,24.200000762939453,137709,0.0,0.0
2022-02-14 00:00:00-05:00,24.200000762939453,24.860000610351562,23.540000915527344,23.979999542236328,61241,0.0,0.0
2022-02-15 00:00:00-05:00,24.639999389648438,25.299999237060547,24.200000762939453,24.639999389648438,74300,0.0,0.0
2022-02-16 00:00:00-05:00,24.420000076293945,25.079999923706055,24.200000762939453,24.860000610351562,70182,0.0,0.0
2022-02-17 00:00:00-05:00,24.639999389648438,25.299999237060547,23.760000228881836,23.760000228881836,44664,0.0,0.0
2022-02-18 00:00:00-05:00,23.979999542236328,24.860000610351562,23.31999969482422,23.979999542236328,60982,0.0,0.0
2022-02-22 00:00:00-05:00,23.100000381469727,23.979999542236328,22.219999313354492,22.65999984741211,57168,0.0,0.0
2022-02-23 00:00:00-05:00,22.8799991607666,23.979999542236328,21.4060001373291,21.42799949645996,66036,0.0,0.0
2022-02-24 00:00:00-05:00,20.658000946044922,23.31999969482422,19.579999923706055,23.100000381469727,79745,0.0,0.0
2022-02-25 00:00:00-05:00,23.100000381469727,23.979999542236328,22.65999984741211,23.31999969482422,56327,0.0,0.0
2022-02-28 00:00:00-05:00,23.31999969482422,24.200000762939453,22.65999984741211,23.31999969482422,35259,0.0,0.0
2022-03-01 00:00:00-05:00,23.31999969482422,23.31999969482422,22.219999313354492,22.219999313354492,34759,0.0,0.0
2022-03-02 00:00:00-05:00,22.8799991607666,23.100000381469727,21.559999465942383,22.219999313354492,35614,0.0,0.0
2022-03-03 00:00:00-05:00,22.0,22.395999908447266,20.68000030517578,20.988000869750977,67691,0.0,0.0
2022-03-04 00:00:00-05:00,20.899999618530273,21.42799949645996,19.579999923706055,20.327999114990234,52264,0.0,0.0
2022-03-07 00:00:00-05:00,20.239999771118164,20.393999099731445,19.360000610351562,19.360000610351562,46341,0.0,0.0
2022-03-08 00:00:00-05:00,19.690000534057617,20.899999618530273,18.920000076293945,20.107999801635742,34873,0.0,0.0
2022-03-09 00:00:00-05:00,20.305999755859375,21.559999465942383,20.239999771118164,20.812000274658203,42686,0.0,0.0
2022-03-10 00:00:00-05:00,20.899999618530273,20.899999618530273,19.799999237060547,20.459999084472656,23482,0.0,0.0
2022-03-11 00:00:00-05:00,20.68000030517578,21.1200008392334,19.360000610351562,19.492000579833984,37086,0.0,0.0
2022-03-14 00:00:00-04:00,20.239999771118164,20.239999771118164,17.753999710083008,17.775999069213867,68023,0.0,0.0
2022-03-15 00:00:00-04:00,18.260000228881836,21.780000686645508,18.128000259399414,21.142000198364258,75464,0.0,0.0
2022-03-16 00:00:00-04:00,21.142000198364258,23.100000381469727,20.899999618530273,23.100000381469727,70705,0.0,0.0
2022-03-17 00:00:00-04:00,23.31999969482422,23.760000228881836,22.0,22.65999984741211,81727,0.0,0.0
2022-03-18 00:00:00-04:00,22.8799991607666,24.639999389648438,22.440000534057617,23.100000381469727,146105,0.0,0.0
2022-03-21 00:00:00-04:00,24.860000610351562,26.84000015258789,24.200000762939453,25.520000457763672,143882,0.0,0.0
2022-03-22 00:00:00-04:00,25.959999084472656,26.6200008392334,24.860000610351562,25.959999084472656,110455,0.0,0.0
2022-03-23 00:00:00-04:00,25.959999084472656,26.18000030517578,24.860000610351562,25.079999923706055,58941,0.0,0.0
2022-03-24 00:00:00-04:00,25.959999084472656,28.3799991607666,24.860000610351562,25.299999237060547,267273,0.0,0.0
2022-03-25 00:00:00-04:00,25.520000457763672,25.586000442504883,24.420000076293945,25.079999923706055,51668,0.0,0.0
2022-03-28 00:00:00-04:00,25.079999923706055,25.520000457763672,24.860000610351562,25.079999923706055,32341,0.0,0.0
2022-03-29 00:00:00-04:00,25.739999771118164,26.158000946044922,25.079999923706055,25.520000457763672,52786,0.0,0.0
2022-03-30 00:00:00-04:00,25.299999237060547,25.520000457763672,24.860000610351562,24.860000610351562,35591,0.0,0.0
2022-03-31 00:00:00-04:00,25.079999923706055,25.299999237060547,23.760000228881836,24.420000076293945,50082,0.0,0.0
2022-04-01 00:00:00-04:00,24.860000610351562,25.520000457763672,23.31999969482422,24.639999389648438,92445,0.0,0.0
2022-04-04 00:00:00-04:00,25.079999923706055,27.059999465942383,24.420000076293945,25.520000457763672,157132,0.0,0.0
2022-04-05 00:00:00-04:00,25.739999771118164,26.18000030517578,23.540000915527344,23.540000915527344,98768,0.0,0.0
2022-04-06 00:00:00-04:00,23.760000228881836,23.979999542236328,22.0,22.8799991607666,64118,0.0,0.0
2022-04-07 00:00:00-04:00,23.100000381469727,23.540000915527344,22.0,22.440000534057617,47405,0.0,0.0
2022-04-08 00:00:00-04:00,22.440000534057617,22.8799991607666,22.0,22.440000534057617,37995,0.0,0.0
2022-04-11 00:00:00-04:00,22.440000534057617,22.440000534057617,21.142000198364258,21.29599952697754,50491,0.0,0.0
2022-04-12 00:00:00-04:00,21.229999542236328,22.219999313354492,20.988000869750977,21.34000015258789,35291,0.0,0.0
2022-04-13 00:00:00-04:00,21.84600067138672,22.440000534057617,21.559999465942383,21.868000030517578,30573,0.0,0.0
2022-04-14 00:00:00-04:00,22.0,22.329999923706055,20.899999618530273,20.965999603271484,26336,0.0,0.0
2022-04-18 00:00:00-04:00,21.010000228881836,21.34000015258789,20.086000442504883,20.922000885009766,42236,0.0,0.0
2022-04-19 00:00:00-04:00,21.670000076293945,21.691999435424805,20.68000030517578,20.856000900268555,45941,0.0,0.0
2022-04-20 00:00:00-04:00,21.34000015258789,21.34000015258789,20.195999145507812,20.284000396728516,25095,0.0,0.0
2022-04-21 00:00:00-04:00,20.239999771118164,21.097999572753906,19.93199920654297,20.086000442504883,38136,0.0,0.0
2022-04-22 00:00:00-04:00,20.459999084472656,20.459999084472656,19.052000045776367,19.645999908447266,42841,0.0,0.0
2022-04-25 00:00:00-04:00,19.25,20.1299991607666,19.139999389648438,19.95400047302246,33873,0.0,0.0
2022-04-26 00:00:00-04:00,19.799999237060547,20.195999145507812,18.260000228881836,18.920000076293945,40641,0.0,0.0
2022-04-27 00:00:00-04:00,20.239999771118164,20.239999771118164,18.479999542236328,18.743999481201172,27823,0.0,0.0
2022-04-28 00:00:00-04:00,19.007999420166016,19.139999389648438,18.040000915527344,18.634000778198242,63741,0.0,0.0
2022-04-29 00:00:00-04:00,18.700000762939453,18.898000717163086,17.908000946044922,18.194000244140625,39491,0.0,0.0
2022-05-02 00:00:00-04:00,18.700000762939453,18.700000762939453,17.81999969482422,18.479999542236328,36764,0.0,0.0
2022-05-03 00:00:00-04:00,18.479999542236328,19.27199935913086,18.149999618530273,18.479999542236328,23827,0.0,0.0
2022-05-04 00:00:00-04:00,18.920000076293945,19.360000610351562,17.996000289916992,19.29400062561035,23323,0.0,0.0
2022-05-05 00:00:00-04:00,19.29400062561035,19.799999237060547,18.194000244140625,18.634000778198242,52073,0.0,0.0
2022-05-06 00:00:00-04:00,18.743999481201172,18.743999481201172,16.940000534057617,17.753999710083008,61559,0.0,0.0
2022-05-09 00:00:00-04:00,17.600000381469727,17.88599967956543,16.170000076293945,16.323999404907227,57695,0.0,0.0
2022-05-10 00:00:00-04:00,16.5,16.56599998474121,14.630000114440918,16.257999420166016,77709,0.0,0.0
2022-05-11 00:00:00-04:00,15.84000015258789,16.719999313354492,14.300000190734863,14.300000190734863,71127,0.0,0.0
2022-05-12 00:00:00-04:00,14.343999862670898,15.267999649047852,13.640000343322754,14.145999908447266,59023,0.0,0.0
2022-05-13 00:00:00-04:00,14.541999816894531,15.685999870300293,14.300000190734863,15.157999992370605,48750,0.0,0.0
2022-05-16 00:00:00-04:00,15.289999961853027,15.399999618530273,14.343999862670898,14.937999725341797,34791,0.0,0.0
2022-05-17 00:00:00-04:00,15.180000305175781,18.040000915527344,14.960000038146973,17.13800048828125,69427,0.0,0.0
2022-05-18 00:00:00-04:00,17.15999984741211,17.3799991607666,15.399999618530273,15.597999572753906,42591,0.0,0.0
2022-05-19 00:00:00-04:00,16.5,16.5,15.11400032043457,15.510000228881836,29477,0.0,0.0
2022-05-20 00:00:00-04:00,15.972000122070312,16.170000076293945,14.520000457763672,15.223999977111816,51591,0.0,0.0
2022-05-23 00:00:00-04:00,15.619999885559082,15.619999885559082,14.76200008392334,15.378000259399414,20900,0.0,0.0
2022-05-24 00:00:00-04:00,15.399999618530273,15.795999526977539,14.321999549865723,14.739999771118164,22991,0.0,0.0
2022-05-25 00:00:00-04:00,14.739999771118164,15.180000305175781,14.057999610900879,14.1899995803833,39682,0.0,0.0
2022-05-26 00:00:00-04:00,14.300000190734863,14.739999771118164,13.574000358581543,13.881999969482422,75150,0.0,0.0
2022-05-27 00:00:00-04:00,14.079999923706055,15.597999572753906,13.640000343322754,15.597999572753906,43100,0.0,0.0
2022-05-31 00:00:00-04:00,15.399999618530273,15.399999618530273,14.343999862670898,14.718000411987305,33350,0.0,0.0
2022-06-01 00:00:00-04:00,14.739999771118164,14.960000038146973,13.925999641418457,14.057999610900879,32800,0.0,0.0
2022-06-02 00:00:00-04:00,13.859999656677246,14.696000099182129,13.640000343322754,14.1899995803833,49332,0.0,0.0
2022-06-03 00:00:00-04:00,13.859999656677246,14.300000190734863,13.222000122070312,13.640000343322754,52923,0.0,0.0
2022-06-06 00:00:00-04:00,13.75,14.079999923706055,13.133999824523926,13.508000373840332,64082,0.0,0.0
2022-06-07 00:00:00-04:00,13.420000076293945,13.595999717712402,13.178000450134277,13.46399974822998,41482,0.0,0.0
2022-06-08 00:00:00-04:00,13.420000076293945,14.03600025177002,13.178000450134277,13.595999717712402,52427,0.0,0.0
2022-06-09 00:00:00-04:00,14.03600025177002,14.03600025177002,13.112000465393066,13.199999809265137,32977,0.0,0.0
2022-06-10 00:00:00-04:00,12.979999542236328,13.222000122070312,12.38599967956543,12.979999542236328,40386,0.0,0.0
2022-06-13 00:00:00-04:00,12.45199966430664,12.935999870300293,11.902000427246094,12.694000244140625,48309,0.0,0.0
2022-06-14 00:00:00-04:00,12.430000305175781,12.694000244140625,11.946000099182129,12.01200008392334,24473,0.0,0.0
2022-06-15 00:00:00-04:00,12.232000350952148,12.958000183105469,12.100000381469727,12.826000213623047,34332,0.0,0.0
2022-06-16 00:00:00-04:00,12.517999649047852,12.760000228881836,12.100000381469727,12.473999977111816,30391,0.0,0.0
2022-06-17 00:00:00-04:00,12.649999618530273,12.892000198364258,12.100000381469727,12.100000381469727,36127,0.0,0.0
2022-06-21 00:00:00-04:00,12.36400032043457,12.539999961853027,11.857999801635742,12.01200008392334,43959,0.0,0.0
2022-06-22 00:00:00-04:00,12.07800006866455,12.760000228881836,11.880000114440918,11.880000114440918,29895,0.0,0.0
2022-06-23 00:00:00-04:00,12.29800033569336,12.45199966430664,11.484000205993652,12.232000350952148,36668,0.0,0.0
2022-06-24 00:00:00-04:00,12.760000228881836,13.793999671936035,12.36400032043457,12.958000183105469,319705,0.0,0.0
2022-06-27 00:00:00-04:00,14.079999923706055,14.079999923706055,12.979999542236328,13.793999671936035,37586,0.0,0.0
2022-06-28 00:00:00-04:00,14.12399959564209,15.069999694824219,13.420000076293945,13.640000343322754,36568,0.0,0.0
2022-06-29 00:00:00-04:00,13.661999702453613,14.255999565124512,12.979999542236328,13.156000137329102,21918,0.0,0.0
2022-06-30 00:00:00-04:00,12.847999572753906,13.640000343322754,12.01200008392334,13.045999526977539,41482,0.0,0.0
2022-07-01 00:00:00-04:00,12.979999542236328,13.178000450134277,12.232000350952148,12.605999946594238,27277,0.0,0.0
2022-07-05 00:00:00-04:00,12.760000228881836,12.869999885559082,12.100000381469727,12.715999603271484,17945,0.0,0.0
2022-07-06 00:00:00-04:00,12.803999900817871,13.067999839782715,12.210000038146973,12.935999870300293,36509,0.0,0.0
2022-07-07 00:00:00-04:00,13.001999855041504,13.354000091552734,12.45199966430664,12.979999542236328,23968,0.0,0.0
2022-07-08 00:00:00-04:00,13.133999824523926,14.300000190734863,12.979999542236328,13.661999702453613,23686,0.0,0.0
2022-07-11 00:00:00-04:00,14.079999923706055,14.300000190734863,13.420000076293945,13.706000328063965,18909,0.0,0.0
2022-07-12 00:00:00-04:00,13.727999687194824,14.079999923706055,13.574000358581543,13.684000015258789,16477,0.0,0.0
2022-07-13 00:00:00-04:00,13.574000358581543,14.739999771118164,13.420000076293945,14.300000190734863,35314,0.0,0.0
2022-07-14 00:00:00-04:00,14.300000190734863,14.916000366210938,13.640000343322754,14.145999908447266,44350,0.0,0.0
2022-07-15 00:00:00-04:00,14.145999908447266,14.739999771118164,13.904000282287598,14.145999908447266,23545,0.0,0.0
2022-07-18 00:00:00-04:00,14.739999771118164,15.619999885559082,14.300000190734863,15.026000022888184,40900,0.0,0.0
2022-07-19 00:00:00-04:00,15.04800033569336,15.817999839782715,15.04800033569336,15.597999572753906,25355,0.0,0.0
2022-07-20 00:00:00-04:00,15.84000015258789,17.357999801635742,15.619999885559082,17.357999801635742,43805,0.0,0.0
2022-07-21 00:00:00-04:00,17.3799991607666,17.81999969482422,17.15999984741211,17.357999801635742,27327,0.0,0.0
2022-07-22 00:00:00-04:00,18.260000228881836,18.260000228881836,15.862000465393066,16.47800064086914,41909,0.0,0.0
2022-07-25 00:00:00-04:00,17.643999099731445,17.81999969482422,15.84000015258789,16.170000076293945,20973,0.0,0.0
2022-07-26 00:00:00-04:00,16.059999465942383,16.236000061035156,15.13599967956543,15.355999946594238,20936,0.0,0.0
2022-07-27 00:00:00-04:00,15.619999885559082,16.059999465942383,14.916000366210938,15.663999557495117,15459,0.0,0.0
2022-07-28 00:00:00-04:00,15.84000015258789,17.336000442504883,15.84000015258789,16.742000579833984,24641,0.0,0.0
2022-07-29 00:00:00-04:00,17.3799991607666,19.25,16.983999252319336,19.007999420166016,60682,0.0,0.0
2022-08-01 00:00:00-04:00,19.579999923706055,21.757999420166016,18.700000762939453,20.393999099731445,87386,0.0,0.0
2022-08-02 00:00:00-04:00,20.68000030517578,21.559999465942383,20.459999084472656,20.922000885009766,46414,0.0,0.0
2022-08-03 00:00:00-04:00,21.780000686645508,23.31999969482422,21.36199951171875,23.100000381469727,51845,0.0,0.0
2022-08-04 00:00:00-04:00,23.760000228881836,27.280000686645508,22.219999313354492,23.540000915527344,138341,0.0,0.0
2022-08-05 00:00:00-04:00,23.979999542236328,25.299999237060547,23.31999969482422,23.540000915527344,58605,0.0,0.0
2022-08-08 00:00:00-04:00,24.200000762939453,24.420000076293945,22.0,22.65999984741211,70968,0.0,0.0
2022-08-09 00:00:00-04:00,22.0,22.440000534057617,18.722000122070312,20.459999084472656,71259,0.0,0.0
2022-08-10 00:00:00-04:00,20.63599967956543,22.8799991607666,20.459999084472656,22.440000534057617,26536,0.0,0.0
2022-08-11 00:00:00-04:00,23.540000915527344,24.639999389648438,22.65999984741211,23.540000915527344,57586,0.0,0.0
2022-08-12 00:00:00-04:00,23.540000915527344,24.200000762939453,22.440000534057617,24.200000762939453,41991,0.0,0.0
2022-08-15 00:00:00-04:00,23.979999542236328,25.520000457763672,23.540000915527344,25.299999237060547,31409,0.0,0.0
2022-08-16 00:00:00-04:00,25.739999771118164,26.399999618530273,24.639999389648438,26.399999618530273,44055,0.0,0.0
2022-08-17 00:00:00-04:00,25.959999084472656,26.399999618530273,25.079999923706055,25.739999771118164,35773,0.0,0.0
2022-08-18 00:00:00-04:00,25.739999771118164,25.739999771118164,23.100000381469727,24.200000762939453,31455,0.0,0.0
2022-08-19 00:00:00-04:00,23.760000228881836,23.760000228881836,22.440000534057617,22.65999984741211,29932,0.0,0.0
2022-08-22 00:00:00-04:00,22.219999313354492,22.219999313354492,20.239999771118164,20.812000274658203,49327,0.0,0.0
2022-08-23 00:00:00-04:00,21.1200008392334,21.559999465942383,20.459999084472656,20.459999084472656,18732,0.0,0.0
2022-08-24 00:00:00-04:00,20.459999084472656,21.559999465942383,20.459999084472656,21.472000122070312,13818,0.0,0.0
2022-08-25 00:00:00-04:00,22.219999313354492,23.100000381469727,22.0,23.100000381469727,21991,0.0,0.0
2022-08-26 00:00:00-04:00,22.65999984741211,22.8799991607666,21.1200008392334,22.0,20705,0.0,0.0
2022-08-29 00:00:00-04:00,16.610000610351562,18.700000762939453,16.610000610351562,17.511999130249023,104082,0.0,0.0
2022-08-30 00:00:00-04:00,18.479999542236328,18.479999542236328,17.600000381469727,17.93000030517578,30618,0.0,0.0
2022-08-31 00:00:00-04:00,18.149999618530273,18.149999618530273,16.719999313354492,17.534000396728516,40195,0.0,0.0
2022-09-01 00:00:00-04:00,16.917999267578125,17.270000457763672,16.104000091552734,17.027999877929688,32364,0.0,0.0
2022-09-02 00:00:00-04:00,17.600000381469727,17.600000381469727,14.564000129699707,15.553999900817871,77345,0.0,0.0
2022-09-06 00:00:00-04:00,16.41200065612793,16.719999313354492,15.246000289916992,15.465999603271484,60614,0.0,0.0
2022-09-07 00:00:00-04:00,15.84000015258789,16.631999969482422,15.180000305175781,16.631999969482422,32164,0.0,0.0
2022-09-08 00:00:00-04:00,16.280000686645508,17.0939998626709,15.289999961853027,15.597999572753906,35605,0.0,0.0
2022-09-09 00:00:00-04:00,15.817999839782715,16.323999404907227,15.289999961853027,15.531999588012695,30859,0.0,0.0
2022-09-12 00:00:00-04:00,15.399999618530273,15.817999839782715,15.180000305175781,15.355999946594238,39273,0.0,0.0
2022-09-13 00:00:00-04:00,15.13599967956543,15.399999618530273,14.520000457763672,15.289999961853027,37305,0.0,0.0
2022-09-14 00:00:00-04:00,15.180000305175781,15.642000198364258,14.76200008392334,14.960000038146973,24555,0.0,0.0
2022-09-15 00:00:00-04:00,15.619999885559082,15.619999885559082,15.003999710083008,15.223999977111816,16341,0.0,0.0
2022-09-16 00:00:00-04:00,14.960000038146973,15.355999946594238,14.739999771118164,15.13599967956543,15232,0.0,0.0
2022-09-19 00:00:00-04:00,15.180000305175781,15.180000305175781,13.640000343322754,14.234000205993652,66736,0.0,0.0
2022-09-20 00:00:00-04:00,13.970000267028809,14.520000457763672,13.970000267028809,14.10200023651123,20727,0.0,0.0
2022-09-21 00:00:00-04:00,14.630000114440918,14.652000427246094,13.859999656677246,13.859999656677246,16268,0.0,0.0
2022-09-22 00:00:00-04:00,13.75,14.300000190734863,13.199999809265137,13.420000076293945,22768,0.0,0.0
2022-09-23 00:00:00-04:00,13.859999656677246,13.859999656677246,12.979999542236328,13.420000076293945,22127,0.0,0.0
2022-09-26 00:00:00-04:00,13.420000076293945,13.815999984741211,12.826000213623047,13.02400016784668,12177,0.0,0.0
2022-09-27 00:00:00-04:00,13.331999778747559,13.486000061035156,12.430000305175781,12.760000228881836,21632,0.0,0.0
2022-09-28 00:00:00-04:00,12.760000228881836,13.37600040435791,12.605999946594238,12.869999885559082,11609,0.0,0.0
2022-09-29 00:00:00-04:00,13.199999809265137,13.37600040435791,12.100000381469727,12.342000007629395,21659,0.0,0.0
2022-09-30 00:00:00-04:00,12.649999618530273,13.178000450134277,12.100000381469727,12.121999740600586,16077,0.0,0.0
2022-10-03 00:00:00-04:00,12.958000183105469,12.958000183105469,12.166000366210938,12.605999946594238,13255,0.0,0.0
2022-10-04 00:00:00-04:00,13.199999809265137,14.343999862670898,13.112000465393066,13.859999656677246,22164,0.0,0.0
2022-10-05 00:00:00-04:00,13.640000343322754,14.079999923706055,13.222000122070312,13.640000343322754,7836,0.0,0.0
2022-10-06 00:00:00-04:00,13.859999656677246,14.739999771118164,13.859999656677246,14.1899995803833,19323,0.0,0.0
2022-10-07 00:00:00-04:00,14.300000190734863,14.40999984741211,12.979999542236328,13.045999526977539,18364,0.0,0.0
2022-10-10 00:00:00-04:00,12.979999542236328,13.75,12.583999633789062,12.869999885559082,12509,0.0,0.0
2022-10-11 00:00:00-04:00,13.156000137329102,13.508000373840332,12.979999542236328,13.02400016784668,7105,0.0,0.0
2022-10-12 00:00:00-04:00,13.199999809265137,13.222000122070312,11.989999771118164,12.100000381469727,32464,0.0,0.0
2022-10-13 00:00:00-04:00,12.539999961853027,12.605999946594238,11.65999984741211,12.473999977111816,20436,0.0,0.0
2022-10-14 00:00:00-04:00,12.539999961853027,12.73799991607666,12.01200008392334,12.100000381469727,12264,0.0,0.0
2022-10-17 00:00:00-04:00,12.539999961853027,12.913999557495117,12.253999710083008,12.430000305175781,13159,0.0,0.0
2022-10-18 00:00:00-04:00,12.935999870300293,13.199999809265137,12.319999694824219,12.430000305175781,6664,0.0,0.0
2022-10-19 00:00:00-04:00,12.649999618530273,13.156000137329102,11.65999984741211,11.836000442504883,20441,0.0,0.0
2022-10-20 00:00:00-04:00,11.968000411987305,12.562000274658203,11.704000473022461,11.770000457763672,18495,0.0,0.0
2022-10-21 00:00:00-04:00,11.4399995803833,12.100000381469727,11.4399995803833,11.571999549865723,17014,0.0,0.0
2022-10-24 00:00:00-04:00,11.880000114440918,12.055999755859375,11.241999626159668,11.72599983215332,15823,0.0,0.0
2022-10-25 00:00:00-04:00,11.857999801635742,12.539999961853027,11.65999984741211,12.319999694824219,12382,0.0,0.0
2022-10-26 00:00:00-04:00,12.342000007629395,13.133999824523926,12.210000038146973,12.36400032043457,23191,0.0,0.0
2022-10-27 00:00:00-04:00,12.319999694824219,12.803999900817871,11.880000114440918,12.166000366210938,14468,0.0,0.0
2022-10-28 00:00:00-04:00,12.210000038146973,12.319999694824219,11.65999984741211,11.682000160217285,17014,0.0,0.0
2022-10-31 00:00:00-04:00,12.319999694824219,12.319999694824219,11.814000129699707,12.034000396728516,10591,0.0,0.0
2022-11-01 00:00:00-04:00,12.38599967956543,12.958000183105469,12.210000038146973,12.847999572753906,12114,0.0,0.0
2022-11-02 00:00:00-04:00,12.958000183105469,16.5,12.803999900817871,12.979999542236328,107086,0.0,0.0
2022-11-03 00:00:00-04:00,13.640000343322754,13.640000343322754,12.342000007629395,13.02400016784668,23905,0.0,0.0
2022-11-04 00:00:00-04:00,13.420000076293945,13.640000343322754,12.869999885559082,13.199999809265137,22900,0.0,0.0
2022-11-07 00:00:00-05:00,13.37600040435791,14.739999771118164,13.222000122070312,14.40999984741211,32032,0.0,0.0
2022-11-08 00:00:00-05:00,14.718000411987305,14.960000038146973,13.640000343322754,13.859999656677246,13500,0.0,0.0
2022-11-09 00:00:00-05:00,13.925999641418457,14.300000190734863,13.112000465393066,13.331999778747559,12541,0.0,0.0
2022-11-10 00:00:00-05:00,14.520000457763672,14.784000396728516,13.640000343322754,13.904000282287598,12241,0.0,0.0
2022-11-11 00:00:00-05:00,14.10200023651123,16.059999465942383,14.079999923706055,15.84000015258789,29832,0.0,0.0
2022-11-14 00:00:00-05:00,16.43400001525879,16.43400001525879,14.960000038146973,15.619999885559082,23195,0.0,0.0
2022-11-15 00:00:00-05:00,16.5,16.5,15.399999618530273,15.729999542236328,28968,0.0,0.0
2022-11-16 00:00:00-05:00,15.883999824523926,16.038000106811523,14.300000190734863,14.850000381469727,21864,0.0,0.0
2022-11-17 00:00:00-05:00,14.739999771118164,14.739999771118164,13.640000343322754,14.057999610900879,16423,0.0,0.0
2022-11-18 00:00:00-05:00,14.300000190734863,14.300000190734863,13.640000343322754,13.838000297546387,10659,0.0,0.0
2022-11-21 00:00:00-05:00,13.947999954223633,14.255999565124512,13.288000106811523,13.420000076293945,14786,0.0,0.0
2022-11-22 00:00:00-05:00,13.508000373840332,14.079999923706055,13.09000015258789,13.09000015258789,21168,0.0,0.0
2022-11-23 00:00:00-05:00,13.486000061035156,13.75,12.649999618530273,12.760000228881836,13527,0.0,0.0
2022-11-25 00:00:00-05:00,13.045999526977539,13.39799976348877,12.73799991607666,13.244000434875488,10523,0.0,0.0
2022-11-28 00:00:00-05:00,13.75,13.75,12.45199966430664,12.583999633789062,11100,0.0,0.0
2022-11-29 00:00:00-05:00,12.539999961853027,12.892000198364258,12.319999694824219,12.407999992370605,15455,0.0,0.0
2022-11-30 00:00:00-05:00,12.539999961853027,13.288000106811523,12.232000350952148,13.199999809265137,25750,0.0,0.0
2022-12-01 00:00:00-05:00,12.760000228881836,13.156000137329102,12.539999961853027,12.539999961853027,15736,0.0,0.0
2022-12-02 00:00:00-05:00,12.539999961853027,13.640000343322754,12.100000381469727,13.595999717712402,19495,0.0,0.0
2022-12-05 00:00:00-05:00,13.595999717712402,13.595999717712402,13.09000015258789,13.112000465393066,9591,0.0,0.0
2022-12-06 00:00:00-05:00,12.979999542236328,13.859999656677246,12.781999588012695,13.640000343322754,15814,0.0,0.0
2022-12-07 00:00:00-05:00,13.640000343322754,13.640000343322754,12.847999572753906,12.913999557495117,13164,0.0,0.0
2022-12-08 00:00:00-05:00,13.859999656677246,13.859999656677246,12.892000198364258,13.199999809265137,10727,0.0,0.0
2022-12-09 00:00:00-05:00,13.199999809265137,13.815999984741211,13.112000465393066,13.331999778747559,7773,0.0,0.0
2022-12-12 00:00:00-05:00,13.420000076293945,13.529999732971191,12.760000228881836,13.067999839782715,13677,0.0,0.0
2022-12-13 00:00:00-05:00,13.529999732971191,13.529999732971191,12.892000198364258,13.112000465393066,11077,0.0,0.0
2022-12-14 00:00:00-05:00,13.199999809265137,13.199999809265137,12.649999618530273,12.760000228881836,14377,0.0,0.0
2022-12-15 00:00:00-05:00,12.935999870300293,13.067999839782715,12.539999961853027,12.694000244140625,9968,0.0,0.0
2022-12-16 00:00:00-05:00,12.539999961853027,13.178000450134277,12.342000007629395,12.628000259399414,13350,0.0,0.0
2022-12-19 00:00:00-05:00,13.199999809265137,13.288000106811523,11.880000114440918,12.166000366210938,23714,0.0,0.0
2022-12-20 00:00:00-05:00,12.539999961853027,12.539999961853027,11.704000473022461,11.880000114440918,21277,0.0,0.0
2022-12-21 00:00:00-05:00,11.902000427246094,12.034000396728516,11.461999893188477,11.461999893188477,16386,0.0,0.0
2022-12-22 00:00:00-05:00,11.550000190734863,11.770000457763672,11.4399995803833,11.571999549865723,20327,0.0,0.0
2022-12-23 00:00:00-05:00,11.616000175476074,11.902000427246094,8.800000190734863,9.350000381469727,131986,0.0,0.0
2022-12-27 00:00:00-05:00,9.149999618530273,9.149999618530273,7.360000133514404,8.5,176300,0.0,0.045454545454545456
2022-12-28 00:00:00-05:00,8.699999809265137,9.477999687194824,7.559999942779541,7.840000152587891,120600,0.0,0.0
2022-12-29 00:00:00-05:00,7.800000190734863,8.890000343322754,7.572999954223633,8.430000305175781,129600,0.0,0.0
2022-12-30 00:00:00-05:00,8.3100004196167,8.739999771118164,8.0,8.0600004196167,70900,0.0,0.0
2023-01-03 00:00:00-05:00,8.229999542236328,8.479999542236328,7.960000038146973,8.16100025177002,29300,0.0,0.0
2023-01-04 00:00:00-05:00,8.180000305175781,8.489999771118164,8.149999618530273,8.430000305175781,18600,0.0,0.0
2023-01-05 00:00:00-05:00,8.3100004196167,8.949999809265137,8.210000038146973,8.739999771118164,26600,0.0,0.0
2023-01-06 00:00:00-05:00,8.859999656677246,10.079999923706055,8.739999771118164,10.079999923706055,41200,0.0,0.0
2023-01-09 00:00:00-05:00,10.220000267028809,12.050000190734863,10.15999984741211,11.779999732971191,120100,0.0,0.0
2023-01-10 00:00:00-05:00,11.619999885559082,13.989999771118164,11.585000038146973,13.279999732971191,103800,0.0,0.0
2023-01-11 00:00:00-05:00,13.420000076293945,14.890000343322754,13.029999732971191,14.15999984741211,103800,0.0,0.0
2023-01-12 00:00:00-05:00,14.350000381469727,15.989999771118164,14.350000381469727,15.350000381469727,172200,0.0,0.0
2023-01-13 00:00:00-05:00,15.680000305175781,16.440000534057617,13.430000305175781,13.899999618530273,154700,0.0,0.0
2023-01-17 00:00:00-05:00,14.359999656677246,14.479999542236328,12.800000190734863,12.899999618530273,46300,0.0,0.0
2023-01-18 00:00:00-05:00,13.100000381469727,13.609999656677246,12.800000190734863,12.90999984741211,38600,0.0,0.0
2023-01-19 00:00:00-05:00,12.859999656677246,12.899999618530273,12.15999984741211,12.449999809265137,26100,0.0,0.0
2023-01-20 00:00:00-05:00,12.319999694824219,13.690999984741211,12.15999984741211,12.960000038146973,61800,0.0,0.0
2023-01-23 00:00:00-05:00,13.170000076293945,13.989999771118164,12.652999877929688,13.279999732971191,38900,0.0,0.0
2023-01-24 00:00:00-05:00,13.239999771118164,14.699999809265137,12.760000228881836,14.699999809265137,46600,0.0,0.0
2023-01-25 00:00:00-05:00,14.489999771118164,14.489999771118164,13.609999656677246,13.880000114440918,29700,0.0,0.0
2023-01-26 00:00:00-05:00,13.920000076293945,14.289999961853027,13.649999618530273,14.100000381469727,28300,0.0,0.0
2023-01-27 00:00:00-05:00,13.920000076293945,14.175999641418457,13.729999542236328,13.850000381469727,19500,0.0,0.0
2023-01-30 00:00:00-05:00,13.739999771118164,14.479999542236328,13.739999771118164,14.119999885559082,37500,0.0,0.0
2023-01-31 00:00:00-05:00,14.569999694824219,14.585000038146973,13.5,13.529999732971191,35500,0.0,0.0
2023-02-01 00:00:00-05:00,13.779999732971191,13.779999732971191,12.539999961853027,12.949999809265137,45100,0.0,0.0
2023-02-02 00:00:00-05:00,13.460000038146973,13.850000381469727,13.17300033569336,13.350000381469727,16600,0.0,0.0
2023-02-03 00:00:00-05:00,13.020000457763672,13.670000076293945,13.015000343322754,13.1899995803833,23800,0.0,0.0
2023-02-06 00:00:00-05:00,13.0,13.479999542236328,12.635000228881836,13.100000381469727,23000,0.0,0.0
2023-02-07 00:00:00-05:00,12.979999542236328,13.0,12.569999694824219,12.619999885559082,28400,0.0,0.0
2023-02-08 00:00:00-05:00,12.569999694824219,13.0,12.324000358581543,12.899999618530273,43300,0.0,0.0
2023-02-09 00:00:00-05:00,12.890000343322754,13.399999618530273,11.800000190734863,11.800000190734863,28400,0.0,0.0
2023-02-10 00:00:00-05:00,12.079999923706055,12.079999923706055,11.079999923706055,11.569999694824219,40900,0.0,0.0
2023-02-13 00:00:00-05:00,11.600000381469727,11.600000381469727,10.470000267028809,10.989999771118164,49400,0.0,0.0
2023-02-14 00:00:00-05:00,10.899999618530273,11.199999809265137,10.300000190734863,10.989999771118164,38600,0.0,0.0
2023-02-15 00:00:00-05:00,10.829999923706055,10.829999923706055,10.25,10.699999809265137,18000,0.0,0.0
2023-02-16 00:00:00-05:00,10.609999656677246,11.0,10.609999656677246,10.829999923706055,17500,0.0,0.0
2023-02-17 00:00:00-05:00,10.609999656677246,10.609999656677246,10.0,10.420000076293945,25200,0.0,0.0
2023-02-21 00:00:00-05:00,10.510000228881836,10.510000228881836,10.130000114440918,10.140000343322754,13300,0.0,0.0
2023-02-22 00:00:00-05:00,10.220000267028809,10.4399995803833,10.050000190734863,10.420000076293945,29300,0.0,0.0
2023-02-23 00:00:00-05:00,10.6899995803833,10.6899995803833,10.079999923706055,10.329999923706055,16500,0.0,0.0
2023-02-24 00:00:00-05:00,10.234000205993652,10.40999984741211,9.670000076293945,9.930000305175781,42400,0.0,0.0
2023-02-27 00:00:00-05:00,9.84000015258789,10.5,9.5600004196167,10.079999923706055,22200,0.0,0.0
2023-02-28 00:00:00-05:00,10.09000015258789,10.09000015258789,9.770000457763672,9.890000343322754,13200,0.0,0.0
2023-03-01 00:00:00-05:00,9.949999809265137,10.460000038146973,9.859999656677246,10.390000343322754,16900,0.0,0.0
2023-03-02 00:00:00-05:00,10.109999656677246,10.399999618530273,10.0,10.100000381469727,18100,0.0,0.0
2023-03-03 00:00:00-05:00,10.020000457763672,10.319999694824219,9.8100004196167,10.289999961853027,16800,0.0,0.0
2023-03-06 00:00:00-05:00,10.329999923706055,10.329999923706055,9.47599983215332,9.890000343322754,18000,0.0,0.0
2023-03-07 00:00:00-05:00,9.880000114440918,9.925000190734863,9.524999618530273,9.90999984741211,9500,0.0,0.0
2023-03-08 00:00:00-05:00,9.805999755859375,9.979999542236328,9.619999885559082,9.619999885559082,9500,0.0,0.0
2023-03-09 00:00:00-05:00,9.699999809265137,9.699999809265137,9.0,9.050000190734863,37200,0.0,0.0
2023-03-10 00:00:00-05:00,9.170000076293945,9.199999809265137,8.600000381469727,8.859999656677246,35200,0.0,0.0
2023-03-13 00:00:00-04:00,8.800000190734863,9.125,8.800000190734863,9.0600004196167,18400,0.0,0.0
2023-03-14 00:00:00-04:00,9.270000457763672,9.394000053405762,9.128000259399414,9.15999984741211,10500,0.0,0.0
2023-03-15 00:00:00-04:00,8.8100004196167,9.378000259399414,8.8100004196167,9.020000457763672,11000,0.0,0.0
2023-03-16 00:00:00-04:00,9.0,9.1850004196167,8.87399959564209,8.90999984741211,12400,0.0,0.0
2023-03-17 00:00:00-04:00,9.0600004196167,9.180000305175781,8.75,8.75,23400,0.0,0.0
2023-03-20 00:00:00-04:00,8.739999771118164,8.937999725341797,8.505000114440918,8.539999961853027,16800,0.0,0.0
2023-03-21 00:00:00-04:00,8.130000114440918,8.920000076293945,8.130000114440918,8.430000305175781,42700,0.0,0.0
2023-03-22 00:00:00-04:00,8.369999885559082,8.680000305175781,8.369999885559082,8.630000114440918,12000,0.0,0.0
2023-03-23 00:00:00-04:00,8.649999618530273,9.350000381469727,8.609999656677246,8.949999809265137,18200,0.0,0.0
2023-03-24 00:00:00-04:00,8.899999618530273,8.90999984741211,8.359999656677246,8.640000343322754,20100,0.0,0.0
2023-03-27 00:00:00-04:00,8.890000343322754,9.569000244140625,8.649999618530273,9.4399995803833,53300,0.0,0.0
2023-03-28 00:00:00-04:00,9.09000015258789,9.618000030517578,8.550000190734863,8.6899995803833,36300,0.0,0.0
2023-03-29 00:00:00-04:00,8.899999618530273,8.989999771118164,8.637999534606934,8.899999618530273,6100,0.0,0.0
2023-03-30 00:00:00-04:00,8.869999885559082,9.039999961853027,8.75,8.779999732971191,9700,0.0,0.0
2023-03-31 00:00:00-04:00,8.751999855041504,9.210000038146973,8.751999855041504,9.149999618530273,9900,0.0,0.0
2023-04-03 00:00:00-04:00,9.0,9.604999542236328,9.0,9.479999542236328,39800,0.0,0.0
2023-04-04 00:00:00-04:00,9.699999809265137,9.699999809265137,9.0,9.279999732971191,13400,0.0,0.0
2023-04-05 00:00:00-04:00,9.210000038146973,9.23799991607666,8.649999618530273,8.739999771118164,10300,0.0,0.0
2023-04-06 00:00:00-04:00,8.649999618530273,8.699999809265137,8.130000114440918,8.520000457763672,43400,0.0,0.0
2023-04-10 00:00:00-04:00,8.369999885559082,8.720000267028809,8.020000457763672,8.09000015258789,26000,0.0,0.0
2023-04-11 00:00:00-04:00,8.050000190734863,8.359999656677246,8.050000190734863,8.15999984741211,11700,0.0,0.0
2023-04-12 00:00:00-04:00,8.25,8.34000015258789,8.15999984741211,8.15999984741211,7000,0.0,0.0
2023-04-13 00:00:00-04:00,8.25,8.387999534606934,8.020000457763672,8.130000114440918,14400,0.0,0.0
2023-04-14 00:00:00-04:00,8.170000076293945,8.390000343322754,8.027000427246094,8.25,16300,0.0,0.0
2023-04-17 00:00:00-04:00,8.170000076293945,8.37600040435791,8.039999961853027,8.050000190734863,12300,0.0,0.0
2023-04-18 00:00:00-04:00,8.10200023651123,8.289999961853027,8.09000015258789,8.204000473022461,12100,0.0,0.0
2023-04-19 00:00:00-04:00,8.0,8.350000381469727,8.0,8.319999694824219,6600,0.0,0.0
2023-04-20 00:00:00-04:00,8.140000343322754,8.529999732971191,8.140000343322754,8.159000396728516,6800,0.0,0.0
2023-04-21 00:00:00-04:00,8.449999809265137,8.529999732971191,8.109999656677246,8.149999618530273,12700,0.0,0.0
2023-04-24 00:00:00-04:00,8.279999732971191,8.529999732971191,8.279999732971191,8.34000015258789,14500,0.0,0.0
2023-04-25 00:00:00-04:00,8.4350004196167,8.520000457763672,8.192999839782715,8.192999839782715,14200,0.0,0.0
2023-04-26 00:00:00-04:00,8.102999687194824,8.449999809265137,7.869999885559082,7.869999885559082,32100,0.0,0.0
2023-04-27 00:00:00-04:00,7.880000114440918,8.289999961853027,7.550000190734863,7.739999771118164,32000,0.0,0.0
2023-04-28 00:00:00-04:00,7.840000152587891,8.539999961853027,7.78000020980835,8.40999984741211,30600,0.0,0.0
2023-05-01 00:00:00-04:00,8.399999618530273,8.489999771118164,7.949999809265137,7.989999771118164,14200,0.0,0.0
2023-05-02 00:00:00-04:00,8.09000015258789,8.100000381469727,7.734000205993652,7.840000152587891,14100,0.0,0.0
2023-05-03 00:00:00-04:00,7.739999771118164,8.199999809265137,7.670000076293945,7.670000076293945,16900,0.0,0.0
2023-05-04 00:00:00-04:00,7.670000076293945,7.949999809265137,7.269999980926514,7.269999980926514,35300,0.0,0.0
2023-05-05 00:00:00-04:00,7.46999979019165,7.579999923706055,7.079999923706055,7.119999885559082,35500,0.0,0.0
2023-05-08 00:00:00-04:00,7.099999904632568,7.218999862670898,6.900000095367432,6.989999771118164,54500,0.0,0.0
2023-05-09 00:00:00-04:00,7.199999809265137,7.199999809265137,6.889999866485596,6.940000057220459,35200,0.0,0.0
2023-05-10 00:00:00-04:00,6.960000038146973,6.994999885559082,6.800000190734863,6.809999942779541,15300,0.0,0.0
2023-05-11 00:00:00-04:00,6.809999942779541,6.877999782562256,6.519999980926514,6.570000171661377,34100,0.0,0.0
2023-05-12 00:00:00-04:00,6.800000190734863,6.960000038146973,6.605000019073486,6.889999866485596,8000,0.0,0.0
2023-05-15 00:00:00-04:00,6.849999904632568,7.078000068664551,6.849999904632568,6.900000095367432,29500,0.0,0.0
2023-05-16 00:00:00-04:00,6.5,6.900000095367432,6.320000171661377,6.590000152587891,30600,0.0,0.0
2023-05-17 00:00:00-04:00,6.519999980926514,6.900000095367432,6.400000095367432,6.639999866485596,60800,0.0,0.0
2023-05-18 00:00:00-04:00,6.78000020980835,7.039999961853027,6.659999847412109,6.760000228881836,28900,0.0,0.0
2023-05-19 00:00:00-04:00,6.909999847412109,6.947000026702881,6.659999847412109,6.800000190734863,9500,0.0,0.0
2023-05-22 00:00:00-04:00,7.0,7.25,6.965000152587891,7.0,31000,0.0,0.0
2023-05-23 00:00:00-04:00,7.019999980926514,7.178999900817871,6.860000133514404,6.940000057220459,16200,0.0,0.0
2023-05-24 00:00:00-04:00,6.869999885559082,7.1529998779296875,6.809999942779541,7.050000190734863,5600,0.0,0.0
2023-05-25 00:00:00-04:00,7.0,7.130000114440918,6.826000213623047,6.88100004196167,23900,0.0,0.0
2023-05-26 00:00:00-04:00,6.880000114440918,6.889999866485596,6.519999980926514,6.840000152587891,12900,0.0,0.0
2023-05-30 00:00:00-04:00,6.760000228881836,6.8979997634887695,6.659999847412109,6.789999961853027,6100,0.0,0.0
2023-05-31 00:00:00-04:00,6.610000133514404,6.748000144958496,6.5289998054504395,6.614999771118164,7600,0.0,0.0
2023-06-01 00:00:00-04:00,6.71999979019165,7.159999847412109,6.525000095367432,7.159999847412109,15900,0.0,0.0
2023-06-02 00:00:00-04:00,7.03000020980835,7.840000152587891,6.994999885559082,7.599999904632568,57100,0.0,0.0
2023-06-05 00:00:00-04:00,7.789999961853027,7.869999885559082,7.550000190734863,7.670000076293945,15500,0.0,0.0
2023-06-06 00:00:00-04:00,7.431000232696533,8.395000457763672,7.420000076293945,8.350000381469727,31400,0.0,0.0
2023-06-07 00:00:00-04:00,8.479999542236328,8.529999732971191,7.840000152587891,7.840000152587891,20100,0.0,0.0
2023-06-08 00:00:00-04:00,7.820000171661377,8.100000381469727,7.710000038146973,8.100000381469727,15900,0.0,0.0
2023-06-09 00:00:00-04:00,8.180000305175781,8.404999732971191,7.869999885559082,7.869999885559082,16700,0.0,0.0
2023-06-12 00:00:00-04:00,8.050000190734863,8.25,7.949999809265137,8.1899995803833,11200,0.0,0.0
2023-06-13 00:00:00-04:00,8.130000114440918,8.449999809265137,8.08899974822998,8.199999809265137,17200,0.0,0.0
2023-06-14 00:00:00-04:00,8.300000190734863,8.420000076293945,8.220000267028809,8.25,8000,0.0,0.0
2023-06-15 00:00:00-04:00,8.149999618530273,8.399999618530273,8.0,8.0,11400,0.0,0.0
2023-06-16 00:00:00-04:00,8.050000190734863,8.399999618530273,8.015000343322754,8.399999618530273,11900,0.0,0.0
2023-06-20 00:00:00-04:00,8.430000305175781,9.390000343322754,8.100000381469727,9.194999694824219,23200,0.0,0.0
2023-06-21 00:00:00-04:00,9.0600004196167,10.329000473022461,8.979999542236328,9.739999771118164,37000,0.0,0.0
2023-06-22 00:00:00-04:00,9.649999618530273,9.989999771118164,9.510000228881836,9.875,9700,0.0,0.0
2023-06-23 00:00:00-04:00,9.710000038146973,10.74899959564209,9.484999656677246,10.619999885559082,34200,0.0,0.0
2023-06-26 00:00:00-04:00,11.020000457763672,11.760000228881836,10.956999778747559,11.0600004196167,36700,0.0,0.0
2023-06-27 00:00:00-04:00,11.359999656677246,11.442999839782715,10.770000457763672,11.145000457763672,27800,0.0,0.0
2023-06-28 00:00:00-04:00,11.100000381469727,11.489999771118164,11.100000381469727,11.199999809265137,10600,0.0,0.0
2023-06-29 00:00:00-04:00,11.199999809265137,11.5,10.930000305175781,11.119999885559082,11600,0.0,0.0
2023-06-30 00:00:00-04:00,11.0600004196167,11.140000343322754,10.170999526977539,10.449999809265137,42100,0.0,0.0
2023-07-03 00:00:00-04:00,10.5,10.5,9.885000228881836,10.229999542236328,19900,0.0,0.0
2023-07-05 00:00:00-04:00,10.0,10.085000038146973,9.32699966430664,9.40999984741211,13100,0.0,0.0
2023-07-06 00:00:00-04:00,9.210000038146973,9.529999732971191,8.57699966430664,8.762999534606934,31800,0.0,0.0
2023-07-07 00:00:00-04:00,8.6899995803833,9.0600004196167,8.6899995803833,8.920999526977539,12200,0.0,0.0
2023-07-10 00:00:00-04:00,8.859999656677246,9.654999732971191,8.859999656677246,9.609999656677246,17500,0.0,0.0
2023-07-11 00:00:00-04:00,9.739999771118164,9.739999771118164,9.399999618530273,9.670000076293945,11800,0.0,0.0
2023-07-12 00:00:00-04:00,9.800000190734863,10.050000190734863,9.510000228881836,9.8100004196167,15700,0.0,0.0
2023-07-13 00:00:00-04:00,9.699999809265137,10.4399995803833,9.699999809265137,10.270000457763672,15000,0.0,0.0
2023-07-14 00:00:00-04:00,10.199999809265137,10.475000381469727,10.109999656677246,10.1899995803833,12400,0.0,0.0
2023-07-17 00:00:00-04:00,10.229999542236328,10.350000381469727,9.859999656677246,10.244999885559082,9000,0.0,0.0
2023-07-18 00:00:00-04:00,10.260000228881836,10.880000114440918,10.00100040435791,10.670000076293945,20800,0.0,0.0
2023-07-19 00:00:00-04:00,10.649999618530273,11.640000343322754,10.649999618530273,11.3100004196167,22800,0.0,0.0
2023-07-20 00:00:00-04:00,11.3100004196167,12.09000015258789,11.3100004196167,12.050000190734863,24000,0.0,0.0
2023-07-21 00:00:00-04:00,12.050000190734863,12.418999671936035,12.050000190734863,12.149999618530273,11700,0.0,0.0
2023-07-24 00:00:00-04:00,12.180000305175781,12.270000457763672,11.251999855041504,11.5600004196167,22600,0.0,0.0
2023-07-25 00:00:00-04:00,11.529999732971191,11.800000190734863,10.479999542236328,10.609999656677246,26000,0.0,0.0
2023-07-26 00:00:00-04:00,10.680000305175781,10.960000038146973,10.600000381469727,10.779999732971191,10800,0.0,0.0
2023-07-27 00:00:00-04:00,10.739999771118164,10.916999816894531,10.399999618530273,10.529999732971191,11700,0.0,0.0
2023-07-28 00:00:00-04:00,10.470000267028809,10.819999694824219,10.402999877929688,10.600000381469727,9200,0.0,0.0
2023-07-31 00:00:00-04:00,10.75,10.989999771118164,10.140000343322754,10.40999984741211,15200,0.0,0.0
2023-08-01 00:00:00-04:00,10.430000305175781,10.789999961853027,10.399999618530273,10.449999809265137,9600,0.0,0.0
2023-08-02 00:00:00-04:00,10.649999618530273,10.90999984741211,10.331000328063965,10.5,6700,0.0,0.0
2023-08-03 00:00:00-04:00,10.5,10.5,10.0,10.350000381469727,22100,0.0,0.0
2023-08-04 00:00:00-04:00,10.369999885559082,10.5,10.237000465393066,10.390000343322754,11800,0.0,0.0
2023-08-07 00:00:00-04:00,10.479999542236328,10.479999542236328,9.59000015258789,9.829999923706055,18200,0.0,0.0
2023-08-08 00:00:00-04:00,9.819999694824219,10.12399959564209,9.149999618530273,9.300000190734863,17200,0.0,0.0
2023-08-09 00:00:00-04:00,9.1899995803833,9.486000061035156,8.279999732971191,8.350000381469727,30600,0.0,0.0
2023-08-10 00:00:00-04:00,8.390000343322754,8.720000267028809,8.390000343322754,8.630000114440918,15200,0.0,0.0
2023-08-11 00:00:00-04:00,8.640000343322754,8.696999549865723,7.630000114440918,8.40999984741211,23500,0.0,0.0
2023-08-14 00:00:00-04:00,8.899999618530273,8.899999618530273,8.232000350952148,8.470000267028809,9900,0.0,0.0
2023-08-15 00:00:00-04:00,8.25,8.385000228881836,7.855000019073486,8.0,15000,0.0,0.0
2023-08-16 00:00:00-04:00,7.956999778747559,7.989999771118164,7.51800012588501,7.71999979019165,12800,0.0,0.0
2023-08-17 00:00:00-04:00,7.75,7.75,7.429999828338623,7.550000190734863,16600,0.0,0.0
2023-08-18 00:00:00-04:00,7.630000114440918,7.630000114440918,7.139999866485596,7.289999961853027,21300,0.0,0.0
2023-08-21 00:00:00-04:00,7.25,7.678999900817871,7.224999904632568,7.619999885559082,10200,0.0,0.0
2023-08-22 00:00:00-04:00,7.619999885559082,7.619999885559082,7.389999866485596,7.559999942779541,7100,0.0,0.0
2023-08-23 00:00:00-04:00,7.380000114440918,8.0,7.380000114440918,7.96999979019165,11800,0.0,0.0
2023-08-24 00:00:00-04:00,7.820000171661377,7.860000133514404,7.510000228881836,7.840000152587891,6800,0.0,0.0
2023-08-25 00:00:00-04:00,7.659999847412109,7.820000171661377,7.489999771118164,7.724999904632568,6400,0.0,0.0
2023-08-28 00:00:00-04:00,7.739999771118164,7.927999973297119,7.590000152587891,7.630000114440918,15500,0.0,0.0
2023-08-29 00:00:00-04:00,7.679999828338623,7.949999809265137,7.46999979019165,7.71999979019165,9100,0.0,0.0
2023-08-30 00:00:00-04:00,7.480000019073486,7.940000057220459,7.454999923706055,7.920000076293945,8000,0.0,0.0
2023-08-31 00:00:00-04:00,7.769999980926514,7.849999904632568,7.468999862670898,7.519999980926514,11500,0.0,0.0
2023-09-01 00:00:00-04:00,7.510000228881836,7.869999885559082,7.25,7.289999961853027,11300,0.0,0.0
2023-09-05 00:00:00-04:00,7.260000228881836,7.510000228881836,7.210000038146973,7.360000133514404,12500,0.0,0.0
2023-09-06 00:00:00-04:00,7.320000171661377,7.550000190734863,7.190000057220459,7.389999866485596,16200,0.0,0.0
2023-09-07 00:00:00-04:00,7.340000152587891,7.3520002365112305,7.130000114440918,7.239999771118164,16100,0.0,0.0
2023-09-08 00:00:00-04:00,7.25,7.25,6.650000095367432,6.699999809265137,25900,0.0,0.0
2023-09-11 00:00:00-04:00,6.75,7.090000152587891,6.75,7.0,13100,0.0,0.0
2023-09-12 00:00:00-04:00,7.0,7.0,6.670000076293945,6.769999980926514,18700,0.0,0.0
2023-09-13 00:00:00-04:00,6.760000228881836,6.949999809265137,6.75,6.849999904632568,17300,0.0,0.0
2023-09-14 00:00:00-04:00,6.820000171661377,7.389999866485596,6.820000171661377,7.130000114440918,15500,0.0,0.0
2023-09-15 00:00:00-04:00,6.789999961853027,7.380000114440918,6.650000095367432,6.800000190734863,19700,0.0,0.0
2023-09-18 00:00:00-04:00,6.800000190734863,6.820000171661377,6.599999904632568,6.599999904632568,21200,0.0,0.0
2023-09-19 00:00:00-04:00,6.730000019073486,6.730000019073486,6.248000144958496,6.360000133514404,14400,0.0,0.0
2023-09-20 00:00:00-04:00,6.510000228881836,6.510000228881836,6.150000095367432,6.21999979019165,14600,0.0,0.0
2023-09-21 00:00:00-04:00,6.110000133514404,6.247000217437744,5.670000076293945,5.96999979019165,42200,0.0,0.0
2023-09-22 00:00:00-04:00,6.199999809265137,6.199999809265137,5.920000076293945,6.059999942779541,14900,0.0,0.0
2023-09-25 00:00:00-04:00,5.920000076293945,6.380000114440918,5.920000076293945,6.0,6400,0.0,0.0
2023-09-26 00:00:00-04:00,6.090000152587891,6.25,5.949999809265137,6.210000038146973,14000,0.0,0.0
2023-09-27 00:00:00-04:00,6.25,6.289999961853027,6.084000110626221,6.269999980926514,5100,0.0,0.0
2023-09-28 00:00:00-04:00,6.28000020980835,6.690000057220459,5.801000118255615,5.869999885559082,45700,0.0,0.0
2023-09-29 00:00:00-04:00,5.809999942779541,6.090000152587891,5.752999782562256,5.820000171661377,7600,0.0,0.0
2023-10-02 00:00:00-04:00,5.804999828338623,6.099999904632568,5.75,5.869999885559082,13800,0.0,0.0
2023-10-03 00:00:00-04:00,5.920000076293945,6.001999855041504,5.699999809265137,5.710000038146973,13800,0.0,0.0
2023-10-04 00:00:00-04:00,5.699999809265137,5.704999923706055,5.000999927520752,5.099999904632568,38600,0.0,0.0
2023-10-05 00:00:00-04:00,5.050000190734863,5.050000190734863,4.139999866485596,4.139999866485596,124200,0.0,0.0
2023-10-06 00:00:00-04:00,4.179999828338623,4.900000095367432,4.179999828338623,4.559999942779541,87000,0.0,0.0
2023-10-09 00:00:00-04:00,4.670000076293945,4.710000038146973,4.563000202178955,4.590000152587891,9300,0.0,0.0
2023-10-10 00:00:00-04:00,4.590000152587891,4.900000095367432,4.5,4.5,97100,0.0,0.0
2023-10-11 00:00:00-04:00,3.069999933242798,3.299999952316284,2.75,2.990000009536743,504100,0.0,0.0
2023-10-12 00:00:00-04:00,3.1500000953674316,3.188999891281128,2.799999952316284,2.859999895095825,89400,0.0,0.0
2023-10-13 00:00:00-04:00,2.950000047683716,2.950000047683716,2.684999942779541,2.819999933242798,126300,0.0,0.0
2023-10-16 00:00:00-04:00,2.8299999237060547,3.0,2.8299999237060547,2.859999895095825,37100,0.0,0.0
2023-10-17 00:00:00-04:00,2.7899999618530273,2.9609999656677246,2.7100000381469727,2.75,32600,0.0,0.0
2023-10-18 00:00:00-04:00,2.7200000286102295,2.9600000381469727,2.309999942779541,2.380000114440918,192400,0.0,0.0
2023-10-19 00:00:00-04:00,2.450000047683716,2.6500000953674316,2.3499999046325684,2.630000114440918,52500,0.0,0.0
2023-10-20 00:00:00-04:00,2.700000047683716,2.8499999046325684,2.700000047683716,2.799999952316284,44800,0.0,0.0
2023-10-23 00:00:00-04:00,2.940000057220459,2.940000057220459,2.630000114440918,2.7699999809265137,27200,0.0,0.0
2023-10-24 00:00:00-04:00,2.740000009536743,2.8299999237060547,2.5199999809265137,2.609999895095825,19300,0.0,0.0
2023-10-25 00:00:00-04:00,2.5999999046325684,2.740000009536743,2.5199999809265137,2.6500000953674316,27100,0.0,0.0
2023-10-26 00:00:00-04:00,2.640000104904175,2.740000009536743,2.5999999046325684,2.6500000953674316,16600,0.0,0.0
2023-10-27 00:00:00-04:00,2.5799999237060547,2.799999952316284,2.509999990463257,2.7899999618530273,23600,0.0,0.0
2023-10-30 00:00:00-04:00,2.799999952316284,2.880000114440918,2.6600000858306885,2.740000009536743,17800,0.0,0.0
2023-10-31 00:00:00-04:00,2.6700000762939453,2.75,2.5999999046325684,2.619999885559082,12800,0.0,0.0
2023-11-01 00:00:00-04:00,2.6500000953674316,2.7899999618530273,2.5799999237060547,2.5799999237060547,9300,0.0,0.0
2023-11-02 00:00:00-04:00,2.680000066757202,2.7699999809265137,2.5799999237060547,2.640000104904175,9300,0.0,0.0
2023-11-03 00:00:00-04:00,2.7100000381469727,3.2100000381469727,2.6600000858306885,3.2100000381469727,37500,0.0,0.0
2023-11-06 00:00:00-05:00,3.2300000190734863,3.2799999713897705,2.8299999237060547,2.9000000953674316,23300,0.0,0.0
2023-11-07 00:00:00-05:00,2.890000104904175,3.0829999446868896,2.8499999046325684,2.859999895095825,23300,0.0,0.0
2023-11-08 00:00:00-05:00,2.7899999618530273,2.940000057220459,2.690000057220459,2.799999952316284,17800,0.0,0.0
2023-11-09 00:00:00-05:00,2.809999942779541,2.9000000953674316,2.6500000953674316,2.7300000190734863,18600,0.0,0.0
2023-11-10 00:00:00-05:00,2.740000009536743,2.8499999046325684,2.5,2.5999999046325684,37800,0.0,0.0
2023-11-13 00:00:00-05:00,2.890000104904175,3.069999933242798,2.7320001125335693,3.0,41500,0.0,0.0
2023-11-14 00:00:00-05:00,3.0,3.0799999237060547,2.9000000953674316,2.9700000286102295,41900,0.0,0.0
2023-11-15 00:00:00-05:00,3.1500000953674316,3.2899999618530273,3.059999942779541,3.174999952316284,46600,0.0,0.0
2023-11-16 00:00:00-05:00,3.259999990463257,3.5299999713897705,3.180000066757202,3.3499999046325684,31600,0.0,0.0
2023-11-17 00:00:00-05:00,3.390000104904175,3.4800000190734863,3.1600000858306885,3.309999942779541,49000,0.0,0.0
2023-11-20 00:00:00-05:00,3.490000009536743,3.5,3.309999942779541,3.450000047683716,33000,0.0,0.0
2023-11-21 00:00:00-05:00,3.380000114440918,3.4600000381469727,3.3499999046325684,3.4000000953674316,6400,0.0,0.0
2023-11-22 00:00:00-05:00,3.4800000190734863,3.490000009536743,3.299999952316284,3.4100000858306885,22000,0.0,0.0
2023-11-24 00:00:00-05:00,3.380000114440918,3.8299999237060547,3.380000114440918,3.7899999618530273,46200,0.0,0.0
2023-11-27 00:00:00-05:00,3.7899999618530273,3.7899999618530273,3.5999999046325684,3.700000047683716,24700,0.0,0.0
2023-11-28 00:00:00-05:00,3.696000099182129,3.75,3.609999895095825,3.690000057220459,13600,0.0,0.0
2023-11-29 00:00:00-05:00,3.75,3.75,3.6600000858306885,3.700000047683716,7500,0.0,0.0
2023-11-30 00:00:00-05:00,3.6500000953674316,3.739000082015991,3.549999952316284,3.630000114440918,13700,0.0,0.0
2023-12-01 00:00:00-05:00,3.6600000858306885,3.7200000286102295,3.4000000953674316,3.490000009536743,19600,0.0,0.0
2023-12-04 00:00:00-05:00,3.490000009536743,3.75,3.490000009536743,3.7100000381469727,19300,0.0,0.0
2023-12-05 00:00:00-05:00,3.740000009536743,3.75,3.6089999675750732,3.7300000190734863,14300,0.0,0.0
2023-12-06 00:00:00-05:00,3.75,3.9000000953674316,3.700000047683716,3.700000047683716,25900,0.0,0.0
2023-12-07 00:00:00-05:00,3.6600000858306885,3.7699999809265137,3.609999895095825,3.690000057220459,12900,0.0,0.0
2023-12-08 00:00:00-05:00,3.799999952316284,3.799999952316284,3.619999885559082,3.75,9900,0.0,0.0
2023-12-11 00:00:00-05:00,3.630000114440918,3.75,3.509999990463257,3.5199999809265137,41200,0.0,0.0
2023-12-12 00:00:00-05:00,3.5199999809265137,3.5199999809265137,3.0,3.009999990463257,43600,0.0,0.0
2023-12-13 00:00:00-05:00,3.0299999713897705,3.109999895095825,2.950000047683716,3.109999895095825,30900,0.0,0.0
2023-12-14 00:00:00-05:00,3.0999999046325684,3.299999952316284,3.049999952316284,3.2799999713897705,49800,0.0,0.0
2023-12-15 00:00:00-05:00,3.2699999809265137,3.509999990463257,3.1600000858306885,3.180000066757202,45300,0.0,0.0
2023-12-18 00:00:00-05:00,3.2899999618530273,3.3399999141693115,3.1500000953674316,3.240000009536743,15500,0.0,0.0
2023-12-19 00:00:00-05:00,3.2699999809265137,3.3399999141693115,3.009999990463257,3.049999952316284,63200,0.0,0.0
2023-12-20 00:00:00-05:00,3.069999933242798,3.299999952316284,3.049999952316284,3.200000047683716,18600,0.0,0.0
2023-12-21 00:00:00-05:00,3.200000047683716,3.200000047683716,3.0299999713897705,3.049999952316284,27900,0.0,0.0
2023-12-22 00:00:00-05:00,3.0999999046325684,3.119999885559082,3.0199999809265137,3.059999942779541,20100,0.0,0.0
2023-12-26 00:00:00-05:00,3.2100000381469727,3.3499999046325684,3.052000045776367,3.299999952316284,42600,0.0,0.0
2023-12-27 00:00:00-05:00,3.3499999046325684,3.6489999294281006,3.253999948501587,3.509999990463257,51000,0.0,0.0
2023-12-28 00:00:00-05:00,3.509999990463257,3.640000104904175,3.4200000762939453,3.5199999809265137,38500,0.0,0.0
2023-12-29 00:00:00-05:00,3.4700000286102295,3.561000108718872,3.1500000953674316,3.25,36700,0.0,0.0
2024-01-02 00:00:00-05:00,3.109999895095825,3.5899999141693115,3.109999895095825,3.4100000858306885,24900,0.0,0.0
2024-01-03 00:00:00-05:00,3.4800000190734863,3.5799999237060547,3.2960000038146973,3.450000047683716,34100,0.0,0.0
2024-01-04 00:00:00-05:00,3.4700000286102295,3.569999933242798,3.4010000228881836,3.4700000286102295,10800,0.0,0.0
2024-01-05 00:00:00-05:00,3.450000047683716,3.680000066757202,3.4000000953674316,3.619999885559082,40600,0.0,0.0
2024-01-08 00:00:00-05:00,3.680000066757202,3.7899999618530273,3.615000009536743,3.75,61100,0.0,0.0
2024-01-09 00:00:00-05:00,3.75,3.75,3.509999990463257,3.5799999237060547,18100,0.0,0.0
2024-01-10 00:00:00-05:00,3.700000047683716,3.700000047683716,3.369999885559082,3.4700000286102295,18900,0.0,0.0
2024-01-11 00:00:00-05:00,3.490000009536743,3.490000009536743,3.299999952316284,3.450000047683716,12200,0.0,0.0
2024-01-12 00:00:00-05:00,3.4700000286102295,3.4700000286102295,3.3499999046325684,3.3499999046325684,15100,0.0,0.0
2024-01-16 00:00:00-05:00,3.390000104904175,3.4769999980926514,3.299999952316284,3.309999942779541,19800,0.0,0.0
2024-01-17 00:00:00-05:00,3.299999952316284,3.299999952316284,3.200000047683716,3.200000047683716,9300,0.0,0.0
2024-01-18 00:00:00-05:00,3.2899999618530273,3.3499999046325684,3.2100000381469727,3.3299999237060547,8400,0.0,0.0
2024-01-19 00:00:00-05:00,3.4100000858306885,3.7290000915527344,3.3529999256134033,3.6500000953674316,57400,0.0,0.0
2024-01-22 00:00:00-05:00,3.740000009536743,4.039000034332275,3.7239999771118164,3.890000104904175,87100,0.0,0.0
2024-01-23 00:00:00-05:00,3.890000104904175,3.9200000762939453,3.509999990463257,3.6600000858306885,27700,0.0,0.0
2024-01-24 00:00:00-05:00,3.680000066757202,3.7920000553131104,3.5199999809265137,3.700000047683716,16800,0.0,0.0
2024-01-25 00:00:00-05:00,3.690000057220459,3.690000057220459,3.559999942779541,3.6500000953674316,12400,0.0,0.0
2024-01-26 00:00:00-05:00,3.690000057220459,3.690000057220459,3.5299999713897705,3.6600000858306885,14300,0.0,0.0
2024-01-29 00:00:00-05:00,3.6600000858306885,3.6619999408721924,3.4200000762939453,3.5999999046325684,26800,0.0,0.0
2024-01-30 00:00:00-05:00,3.5999999046325684,3.5999999046325684,3.4100000858306885,3.5299999713897705,17900,0.0,0.0
2024-01-31 00:00:00-05:00,3.5299999713897705,3.5299999713897705,3.4100000858306885,3.4200000762939453,13900,0.0,0.0
2024-02-01 00:00:00-05:00,3.490000009536743,3.5199999809265137,3.359999895095825,3.509999990463257,10200,0.0,0.0
2024-02-02 00:00:00-05:00,3.440000057220459,3.509999990463257,3.299999952316284,3.4800000190734863,32600,0.0,0.0
2024-02-05 00:00:00-05:00,3.5,3.5,3.3399999141693115,3.380000114440918,11200,0.0,0.0
2024-02-06 00:00:00-05:00,3.390000104904175,3.4700000286102295,3.3399999141693115,3.3589999675750732,5200,0.0,0.0
2024-02-07 00:00:00-05:00,3.430000066757202,3.430000066757202,3.240000009536743,3.3299999237060547,14400,0.0,0.0
2024-02-08 00:00:00-05:00,3.25,3.4000000953674316,3.2200000286102295,3.3299999237060547,15700,0.0,0.0
2024-02-09 00:00:00-05:00,3.3399999141693115,3.5,3.299999952316284,3.5,13100,0.0,0.0
2024-02-12 00:00:00-05:00,3.5199999809265137,3.680000066757202,3.3889999389648438,3.549999952316284,17800,0.0,0.0
2024-02-13 00:00:00-05:00,3.5,3.5,3.299999952316284,3.380000114440918,18000,0.0,0.0
2024-02-14 00:00:00-05:00,3.3499999046325684,3.444999933242798,3.2699999809265137,3.309999942779541,13400,0.0,0.0
2024-02-15 00:00:00-05:00,3.3499999046325684,3.36299991607666,3.2699999809265137,3.2799999713897705,7500,0.0,0.0
2024-02-16 00:00:00-05:00,3.259999990463257,3.315000057220459,3.1700000762939453,3.181999921798706,32900,0.0,0.0
2024-02-20 00:00:00-05:00,3.190000057220459,3.299999952316284,3.171999931335449,3.2100000381469727,9800,0.0,0.0
2024-02-21 00:00:00-05:00,3.1600000858306885,3.240999937057495,3.1500000953674316,3.1600000858306885,9500,0.0,0.0
2024-02-22 00:00:00-05:00,3.299999952316284,3.299999952316284,3.0999999046325684,3.140000104904175,16100,0.0,0.0
2024-02-23 00:00:00-05:00,3.0999999046325684,3.2200000286102295,3.0959999561309814,3.1700000762939453,9100,0.0,0.0
2024-02-26 00:00:00-05:00,3.1700000762939453,3.1700000762939453,3.0999999046325684,3.134999990463257,10300,0.0,0.0
2024-02-27 00:00:00-05:00,3.190000057220459,3.200000047683716,3.109999895095825,3.119999885559082,8800,0.0,0.0
2024-02-28 00:00:00-05:00,3.0899999141693115,3.2200000286102295,3.0899999141693115,3.2100000381469727,5900,0.0,0.0
2024-02-29 00:00:00-05:00,3.25,3.380000114440918,3.1700000762939453,3.380000114440918,16700,0.0,0.0
2024-03-01 00:00:00-05:00,3.4800000190734863,3.4800000190734863,3.2799999713897705,3.380000114440918,30600,0.0,0.0
2024-03-04 00:00:00-05:00,3.380000114440918,3.4700000286102295,3.299999952316284,3.380000114440918,30000,0.0,0.0
2024-03-05 00:00:00-05:00,3.440000057220459,3.440000057220459,3.2119998931884766,3.359999895095825,18100,0.0,0.0
2024-03-06 00:00:00-05:00,3.359999895095825,3.4000000953674316,3.2300000190734863,3.259999990463257,23000,0.0,0.0
2024-03-07 00:00:00-05:00,3.2699999809265137,3.700000047683716,3.240000009536743,3.6500000953674316,47800,0.0,0.0
2024-03-08 00:00:00-05:00,3.700000047683716,3.7780001163482666,3.5,3.640000104904175,36200,0.0,0.0
2024-03-11 00:00:00-04:00,3.6700000762939453,3.6700000762939453,3.5199999809265137,3.5199999809265137,12700,0.0,0.0
2024-03-12 00:00:00-04:00,3.559999942779541,3.559999942779541,3.436000108718872,3.5350000858306885,17100,0.0,0.0
2024-03-13 00:00:00-04:00,3.509999990463257,3.690000057220459,3.509999990463257,3.690000057220459,15600,0.0,0.0
2024-03-14 00:00:00-04:00,3.690000057220459,3.740000009536743,3.6010000705718994,3.740000009536743,26200,0.0,0.0
2024-03-15 00:00:00-04:00,3.7200000286102295,3.7300000190734863,3.6600000858306885,3.6600000858306885,11700,0.0,0.0
2024-03-18 00:00:00-04:00,3.7300000190734863,3.7300000190734863,3.5399999618530273,3.619999885559082,10400,0.0,0.0
2024-03-19 00:00:00-04:00,3.569999933242798,3.680000066757202,3.5299999713897705,3.5299999713897705,5300,0.0,0.0
2024-03-20 00:00:00-04:00,3.490000009536743,3.690000057220459,3.3320000171661377,3.609999895095825,15600,0.0,0.0
2024-03-21 00:00:00-04:00,3.690000057220459,3.740000009536743,3.5999999046325684,3.7300000190734863,11000,0.0,0.0
2024-03-22 00:00:00-04:00,3.7300000190734863,3.7300000190734863,3.359999895095825,3.4600000381469727,23700,0.0,0.0
2024-03-25 00:00:00-04:00,3.630000114440918,3.630000114440918,3.390000104904175,3.5999999046325684,6300,0.0,0.0
2024-03-26 00:00:00-04:00,3.5399999618530273,3.5999999046325684,3.5160000324249268,3.5899999141693115,5200,0.0,0.0
2024-03-27 00:00:00-04:00,3.430000066757202,3.6500000953674316,3.430000066757202,3.640000104904175,16200,0.0,0.0
2024-03-28 00:00:00-04:00,3.450000047683716,3.6449999809265137,3.438999891281128,3.5899999141693115,43100,0.0,0.0
2024-04-01 00:00:00-04:00,3.6500000953674316,3.6500000953674316,3.559999942779541,3.640000104904175,10700,0.0,0.0
2024-04-02 00:00:00-04:00,3.549999952316284,3.5799999237060547,3.440000057220459,3.559999942779541,14300,0.0,0.0
2024-04-03 00:00:00-04:00,3.559999942779541,3.5899999141693115,3.4800000190734863,3.5899999141693115,6100,0.0,0.0
2024-04-04 00:00:00-04:00,3.5199999809265137,3.549999952316284,3.4600000381469727,3.5399999618530273,10300,0.0,0.0
2024-04-05 00:00:00-04:00,3.490000009536743,3.490000009536743,3.4000000953674316,3.434999942779541,12200,0.0,0.0
2024-04-08 00:00:00-04:00,3.5299999713897705,3.549999952316284,3.369999885559082,3.490000009536743,15300,0.0,0.0
2024-04-09 00:00:00-04:00,3.4700000286102295,3.549999952316284,3.4000000953674316,3.4200000762939453,21500,0.0,0.0
2024-04-10 00:00:00-04:00,3.450000047683716,3.549999952316284,3.3399999141693115,3.4100000858306885,30600,0.0,0.0
2024-04-11 00:00:00-04:00,3.3499999046325684,3.4800000190734863,3.3499999046325684,3.4000000953674316,3700,0.0,0.0
2024-04-12 00:00:00-04:00,3.4100000858306885,3.490000009536743,3.309999942779541,3.3350000381469727,11200,0.0,0.0
2024-04-15 00:00:00-04:00,3.3299999237060547,3.4089999198913574,3.309999942779541,3.3499999046325684,4800,0.0,0.0
2024-04-16 00:00:00-04:00,3.369999885559082,3.369999885559082,3.240000009536743,3.240000009536743,13200,0.0,0.0
2024-04-17 00:00:00-04:00,3.2200000286102295,3.305000066757202,3.2200000286102295,3.305000066757202,4100,0.0,0.0
2024-04-18 00:00:00-04:00,3.2100000381469727,3.309999942779541,3.1600000858306885,3.200000047683716,11400,0.0,0.0
2024-04-19 00:00:00-04:00,3.1700000762939453,3.319999933242798,3.069999933242798,3.200000047683716,9300,0.0,0.0
2024-04-22 00:00:00-04:00,3.0899999141693115,3.2200000286102295,3.0799999237060547,3.130000114440918,15400,0.0,0.0
2024-04-23 00:00:00-04:00,3.0999999046325684,3.2899999618530273,3.0999999046325684,3.119999885559082,6200,0.0,0.0
2024-04-24 00:00:00-04:00,3.130000114440918,3.2300000190734863,3.069999933242798,3.119999885559082,4700,0.0,0.0
2024-04-25 00:00:00-04:00,3.119999885559082,3.200000047683716,3.0,3.130000114440918,15800,0.0,0.0
2024-04-26 00:00:00-04:00,3.0999999046325684,3.25,3.049999952316284,3.0799999237060547,5700,0.0,0.0
2024-04-29 00:00:00-04:00,3.0899999141693115,3.2100000381469727,3.0,3.0899999141693115,10000,0.0,0.0
2024-04-30 00:00:00-04:00,3.0,3.1600000858306885,3.0,3.119999885559082,7400,0.0,0.0
2024-05-01 00:00:00-04:00,3.0999999046325684,3.1689999103546143,3.009999990463257,3.009999990463257,26600,0.0,0.0
2024-05-02 00:00:00-04:00,3.0199999809265137,3.1489999294281006,3.0,3.0,19000,0.0,0.0
2024-05-03 00:00:00-04:00,3.049999952316284,3.078000068664551,2.940999984741211,3.059999942779541,35300,0.0,0.0
2024-05-06 00:00:00-04:00,3.059999942779541,3.069999933242798,2.9700000286102295,3.0399999618530273,9300,0.0,0.0
2024-05-07 00:00:00-04:00,3.055000066757202,3.0999999046325684,3.0199999809265137,3.0199999809265137,5100,0.0,0.0
2024-05-08 00:00:00-04:00,3.0,3.180000066757202,3.0,3.180000066757202,11200,0.0,0.0
2024-05-09 00:00:00-04:00,3.1500000953674316,3.240000009536743,3.059999942779541,3.059999942779541,9000,0.0,0.0
2024-05-10 00:00:00-04:00,3.119999885559082,3.1470000743865967,3.049999952316284,3.119999885559082,14200,0.0,0.0
2024-05-13 00:00:00-04:00,3.130000114440918,3.180000066757202,3.0,3.140000104904175,11200,0.0,0.0
2024-05-14 00:00:00-04:00,2.8499999046325684,3.240000009536743,2.8499999046325684,3.1110000610351562,24400,0.0,0.0
2024-05-15 00:00:00-04:00,3.0999999046325684,3.127000093460083,3.0199999809265137,3.069999933242798,12300,0.0,0.0
2024-05-16 00:00:00-04:00,3.0199999809265137,3.200000047683716,2.940000057220459,3.0299999713897705,34800,0.0,0.0
2024-05-17 00:00:00-04:00,3.059999942779541,3.130000114440918,2.9600000381469727,3.069999933242798,20400,0.0,0.0
2024-05-20 00:00:00-04:00,3.059999942779541,3.196000099182129,3.009999990463257,3.0899999141693115,12300,0.0,0.0
2024-05-21 00:00:00-04:00,3.069999933242798,3.1559998989105225,2.7699999809265137,2.9800000190734863,63400,0.0,0.0
2024-05-22 00:00:00-04:00,2.880000114440918,3.009999990463257,2.880000114440918,3.009999990463257,12000,0.0,0.0
2024-05-23 00:00:00-04:00,3.0299999713897705,3.0399999618530273,2.930000066757202,2.9800000190734863,11300,0.0,0.0
2024-05-24 00:00:00-04:00,3.009999990463257,3.009999990463257,2.509999990463257,2.7100000381469727,78200,0.0,0.0
2024-05-28 00:00:00-04:00,2.640000104904175,2.7899999618530273,2.509999990463257,2.549999952316284,38800,0.0,0.0
2024-05-29 00:00:00-04:00,2.509999990463257,2.509999990463257,2.2899999618530273,2.319999933242798,43800,0.0,0.0
2024-05-30 00:00:00-04:00,2.430000066757202,2.5299999713897705,2.3499999046325684,2.4600000381469727,20500,0.0,0.0
2024-05-31 00:00:00-04:00,2.509999990463257,2.7039999961853027,2.509999990463257,2.549999952316284,21800,0.0,0.0
2024-06-03 00:00:00-04:00,2.680000066757202,2.8299999237060547,2.609999895095825,2.680000066757202,18400,0.0,0.0
2024-06-04 00:00:00-04:00,2.8499999046325684,2.8499999046325684,2.6410000324249268,2.7300000190734863,8700,0.0,0.0
2024-06-05 00:00:00-04:00,2.6600000858306885,2.8299999237060547,2.6600000858306885,2.7860000133514404,20400,0.0,0.0
2024-06-06 00:00:00-04:00,2.869999885559082,2.940000057220459,2.809999942779541,2.880000114440918,10900,0.0,0.0
2024-06-07 00:00:00-04:00,2.740000009536743,3.1500000953674316,2.740000009536743,2.9649999141693115,41200,0.0,0.0
2024-06-10 00:00:00-04:00,3.140000104904175,3.1500000953674316,2.9149999618530273,3.0799999237060547,21800,0.0,0.0
2024-06-11 00:00:00-04:00,3.119999885559082,3.4600000381469727,3.0799999237060547,3.380000114440918,51200,0.0,0.0
2024-06-12 00:00:00-04:00,3.5399999618530273,3.5399999618530273,3.259999990463257,3.319999933242798,14900,0.0,0.0
2024-06-13 00:00:00-04:00,3.430000066757202,3.430000066757202,3.2200000286102295,3.299999952316284,7400,0.0,0.0
2024-06-14 00:00:00-04:00,3.2699999809265137,3.4200000762939453,3.109999895095825,3.1600000858306885,16200,0.0,0.0
2024-06-17 00:00:00-04:00,3.190000057220459,3.2100000381469727,3.059000015258789,3.0799999237060547,12000,0.0,0.0
2024-06-18 00:00:00-04:00,3.0999999046325684,3.118000030517578,3.0,3.0,13300,0.0,0.0
2024-06-20 00:00:00-04:00,3.0199999809265137,3.0299999713897705,2.7699999809265137,2.809999942779541,14000,0.0,0.0
2024-06-21 00:00:00-04:00,2.937000036239624,3.0,2.7899999618530273,3.0,35700,0.0,0.0
2024-06-24 00:00:00-04:00,3.0199999809265137,3.0850000381469727,2.9700000286102295,3.0199999809265137,4800,0.0,0.0
2024-06-25 00:00:00-04:00,2.950000047683716,3.0899999141693115,2.809999942779541,2.890000104904175,12100,0.0,0.0
2024-06-26 00:00:00-04:00,2.940000057220459,3.0999999046325684,2.940000057220459,2.950000047683716,6900,0.0,0.0
2024-06-27 00:00:00-04:00,3.049999952316284,3.069999933242798,2.8399999141693115,3.0,19300,0.0,0.0
2024-06-28 00:00:00-04:00,3.0250000953674316,3.4000000953674316,2.8399999141693115,2.880000114440918,123700,0.0,0.0
2024-07-01 00:00:00-04:00,2.930000066757202,2.9800000190734863,2.819999933242798,2.9200000762939453,16700,0.0,0.0
2024-07-02 00:00:00-04:00,2.8499999046325684,2.9019999504089355,2.799999952316284,2.809999942779541,9200,0.0,0.0
2024-07-03 00:00:00-04:00,2.890000104904175,2.890000104904175,2.744999885559082,2.7699999809265137,5100,0.0,0.0
2024-07-05 00:00:00-04:00,2.799999952316284,2.9000000953674316,2.7799999713897705,2.9000000953674316,15400,0.0,0.0
2024-07-08 00:00:00-04:00,2.9000000953674316,3.0899999141693115,2.9000000953674316,3.0399999618530273,15100,0.0,0.0
2024-07-09 00:00:00-04:00,3.0,3.124000072479248,2.9600000381469727,3.010999917984009,16900,0.0,0.0
2024-07-10 00:00:00-04:00,3.0,3.0350000858306885,2.819999933242798,2.8399999141693115,8800,0.0,0.0
2024-07-11 00:00:00-04:00,2.9700000286102295,2.990000009536743,2.869999885559082,2.940000057220459,17000,0.0,0.0
2024-07-12 00:00:00-04:00,2.9700000286102295,3.200000047683716,2.8499999046325684,3.0199999809265137,128500,0.0,0.0
2024-07-15 00:00:00-04:00,2.950000047683716,3.0199999809265137,2.940000057220459,2.9700000286102295,6600,0.0,0.0
2024-07-16 00:00:00-04:00,3.0,3.134999990463257,2.984999895095825,3.0,4100,0.0,0.0
2024-07-17 00:00:00-04:00,3.130000114440918,3.180000066757202,2.9100000858306885,3.0,12200,0.0,0.0
2024-07-18 00:00:00-04:00,2.9600000381469727,3.0199999809265137,2.9100000858306885,2.9200000762939453,13900,0.0,0.0
2024-07-19 00:00:00-04:00,2.930000066757202,2.9790000915527344,2.859999895095825,2.869999885559082,4200,0.0,0.0
2024-07-22 00:00:00-04:00,2.859999895095825,2.9049999713897705,2.7899999618530273,2.819999933242798,12200,0.0,0.0
2024-07-23 00:00:00-04:00,2.759999990463257,2.943000078201294,2.759999990463257,2.940000057220459,19800,0.0,0.0
2024-07-24 00:00:00-04:00,2.9100000858306885,3.0,2.7799999713897705,2.944999933242798,19700,0.0,0.0
2024-07-25 00:00:00-04:00,2.9800000190734863,2.9800000190734863,2.859999895095825,2.9000000953674316,25200,0.0,0.0
2024-07-26 00:00:00-04:00,2.8910000324249268,2.9600000381469727,2.890000104904175,2.9000000953674316,9400,0.0,0.0
2024-07-29 00:00:00-04:00,2.950000047683716,2.9690001010894775,2.809999942779541,2.869999885559082,6700,0.0,0.0
2024-07-30 00:00:00-04:00,2.930000066757202,2.9800000190734863,2.75,2.7699999809265137,13200,0.0,0.0
2024-07-31 00:00:00-04:00,2.880000114440918,2.9000000953674316,2.75,2.7799999713897705,9500,0.0,0.0
2024-08-01 00:00:00-04:00,2.880000114440918,2.880000114440918,2.4100000858306885,2.4800000190734863,70100,0.0,0.0
2024-08-02 00:00:00-04:00,2.0799999237060547,2.390000104904175,2.0,2.3499999046325684,69000,0.0,0.0
2024-08-05 00:00:00-04:00,2.380000114440918,2.380000114440918,2.25,2.2899999618530273,26200,0.0,0.0
2024-08-06 00:00:00-04:00,2.450000047683716,2.450000047683716,2.259999990463257,2.3399999141693115,22600,0.0,0.0
2024-08-07 00:00:00-04:00,2.3499999046325684,2.490999937057495,2.3299999237060547,2.390000104904175,18900,0.0,0.0
2024-08-08 00:00:00-04:00,2.369999885559082,2.490000009536743,2.3610000610351562,2.4649999141693115,7400,0.0,0.0
2024-08-09 00:00:00-04:00,2.490000009536743,2.759999990463257,2.4800000190734863,2.509999990463257,6100,0.0,0.0
2024-08-12 00:00:00-04:00,2.4800000190734863,2.809999942779541,2.375,2.390000104904175,33200,0.0,0.0
2024-08-13 00:00:00-04:00,2.380000114440918,2.5460000038146973,2.200000047683716,2.3299999237060547,17400,0.0,0.0
2024-08-14 00:00:00-04:00,2.299999952316284,2.490000009536743,2.299999952316284,2.309999942779541,11100,0.0,0.0
2024-08-15 00:00:00-04:00,2.309999942779541,2.380000114440918,2.200000047683716,2.200000047683716,20400,0.0,0.0
2024-08-16 00:00:00-04:00,2.200000047683716,2.3380000591278076,2.200000047683716,2.2799999713897705,13500,0.0,0.0
2024-08-19 00:00:00-04:00,2.319999933242798,2.319999933242798,2.2300000190734863,2.255000114440918,16700,0.0,0.0
2024-08-20 00:00:00-04:00,2.299999952316284,2.319000005722046,2.250999927520752,2.309999942779541,5800,0.0,0.0
2024-08-21 00:00:00-04:00,2.25,2.4100000858306885,2.25,2.25,10600,0.0,0.0
2024-08-22 00:00:00-04:00,2.259999990463257,2.380000114440918,2.259999990463257,2.3499999046325684,7300,0.0,0.0
2024-08-23 00:00:00-04:00,2.3450000286102295,2.369999885559082,2.25,2.2699999809265137,10300,0.0,0.0
2024-08-26 00:00:00-04:00,2.2699999809265137,2.369999885559082,2.25,2.316999912261963,12800,0.0,0.0
2024-08-27 00:00:00-04:00,2.2750000953674316,2.299999952316284,2.2300000190734863,2.25,9400,0.0,0.0
2024-08-28 00:00:00-04:00,2.259999990463257,2.2850000858306885,2.0999999046325684,2.190000057220459,21700,0.0,0.0
2024-08-29 00:00:00-04:00,2.194999933242798,2.2699999809265137,2.115999937057495,2.2320001125335693,12200,0.0,0.0
2024-08-30 00:00:00-04:00,2.200000047683716,2.2799999713897705,2.1500000953674316,2.1600000858306885,17700,0.0,0.0
2024-09-03 00:00:00-04:00,2.2100000381469727,2.2249999046325684,2.049999952316284,2.059999942779541,21900,0.0,0.0
2024-09-04 00:00:00-04:00,2.0799999237060547,2.1500000953674316,2.049999952316284,2.0799999237060547,6900,0.0,0.0
2024-09-05 00:00:00-04:00,2.059999942779541,2.1500000953674316,2.0,2.0,24500,0.0,0.0
2024-09-06 00:00:00-04:00,2.049999952316284,2.049999952316284,1.7599999904632568,1.7999999523162842,39600,0.0,0.0
2024-09-09 00:00:00-04:00,1.8899999856948853,1.9859999418258667,1.8899999856948853,1.8899999856948853,14500,0.0,0.0
2024-09-10 00:00:00-04:00,1.9249999523162842,1.9249999523162842,1.7000000476837158,1.7599999904632568,68300,0.0,0.0
2024-09-11 00:00:00-04:00,1.7699999809265137,1.9149999618530273,1.7100000381469727,1.840000033378601,29800,0.0,0.0
2024-09-12 00:00:00-04:00,1.9500000476837158,2.0999999046325684,1.8600000143051147,1.9800000190734863,48600,0.0,0.0
2024-09-13 00:00:00-04:00,1.9800000190734863,2.0399999618530273,1.9500000476837158,2.0,10600,0.0,0.0
2024-09-16 00:00:00-04:00,2.0299999713897705,2.0299999713897705,1.899999976158142,2.0,14400,0.0,0.0
2024-09-17 00:00:00-04:00,1.9900000095367432,2.0299999713897705,1.909999966621399,1.909999966621399,29800,0.0,0.0
2024-09-18 00:00:00-04:00,1.899999976158142,2.015000104904175,1.8200000524520874,1.850000023841858,33600,0.0,0.0
2024-09-19 00:00:00-04:00,1.850000023841858,1.940000057220459,1.850000023841858,1.8899999856948853,13500,0.0,0.0
2024-09-20 00:00:00-04:00,1.875,2.009999990463257,1.8359999656677246,1.9800000190734863,26000,0.0,0.0
2024-09-23 00:00:00-04:00,1.9800000190734863,1.9900000095367432,1.8910000324249268,1.909999966621399,8200,0.0,0.0
2024-09-24 00:00:00-04:00,1.8600000143051147,1.899999976158142,1.7799999713897705,1.8300000429153442,22300,0.0,0.0
2024-09-25 00:00:00-04:00,1.7999999523162842,1.8849999904632568,1.7599999904632568,1.7599999904632568,19900,0.0,0.0
2024-09-26 00:00:00-04:00,1.7799999713897705,1.9900000095367432,1.7799999713897705,1.8600000143051147,17500,0.0,0.0
2024-09-27 00:00:00-04:00,1.8799999952316284,1.940000057220459,1.8799999952316284,1.940000057220459,5000,0.0,0.0
2024-09-30 00:00:00-04:00,1.9500000476837158,2.0299999713897705,1.9110000133514404,1.9600000381469727,19700,0.0,0.0
2024-10-01 00:00:00-04:00,1.899999976158142,2.0199999809265137,1.8619999885559082,1.8619999885559082,14400,0.0,0.0
2024-10-02 00:00:00-04:00,1.8799999952316284,1.9630000591278076,1.850000023841858,1.8949999809265137,18300,0.0,0.0
2024-10-03 00:00:00-04:00,1.8700000047683716,1.9199999570846558,1.850000023841858,1.8799999952316284,8700,0.0,0.0
2024-10-04 00:00:00-04:00,1.940000057220459,1.940000057220459,1.8200000524520874,1.8700000047683716,20100,0.0,0.0
2024-10-07 00:00:00-04:00,1.8899999856948853,1.899999976158142,1.7999999523162842,1.850000023841858,15600,0.0,0.0
2024-10-08 00:00:00-04:00,1.8700000047683716,1.9010000228881836,1.7999999523162842,1.7999999523162842,13600,0.0,0.0
2024-10-09 00:00:00-04:00,1.809999942779541,1.871000051498413,1.7799999713897705,1.7999999523162842,11100,0.0,0.0
2024-10-10 00:00:00-04:00,1.7999999523162842,1.8849999904632568,1.7699999809265137,1.7699999809265137,11800,0.0,0.0
2024-10-11 00:00:00-04:00,1.850000023841858,1.8799999952316284,1.75,1.75,13800,0.0,0.0
2024-10-14 00:00:00-04:00,1.7599999904632568,1.7999999523162842,1.753999948501587,1.7999999523162842,21300,0.0,0.0
2024-10-15 00:00:00-04:00,1.75,1.850000023841858,1.75,1.8320000171661377,6400,0.0,0.0
2024-10-16 00:00:00-04:00,1.8600000143051147,1.8600000143051147,1.7589999437332153,1.7999999523162842,5700,0.0,0.0
2024-10-17 00:00:00-04:00,1.7799999713897705,1.815000057220459,1.7799999713897705,1.7999999523162842,10300,0.0,0.0
2024-10-18 00:00:00-04:00,1.8300000429153442,1.8300000429153442,1.7699999809265137,1.7879999876022339,9000,0.0,0.0
2024-10-21 00:00:00-04:00,1.8200000524520874,1.8200000524520874,1.75,1.7999999523162842,29300,0.0,0.0
2024-10-22 00:00:00-04:00,1.7599999904632568,1.8300000429153442,1.7309999465942383,1.75,12100,0.0,0.0
2024-10-23 00:00:00-04:00,1.7799999713897705,1.7799999713897705,1.659999966621399,1.6959999799728394,30600,0.0,0.0
2024-10-24 00:00:00-04:00,1.7000000476837158,1.75,1.649999976158142,1.659999966621399,15500,0.0,0.0
2024-10-25 00:00:00-04:00,1.659999966621399,1.6699999570846558,1.593999981880188,1.6679999828338623,23600,0.0,0.0
2024-10-28 00:00:00-04:00,1.7100000381469727,1.7100000381469727,1.6119999885559082,1.649999976158142,16800,0.0,0.0
2024-10-29 00:00:00-04:00,1.659999966621399,1.7300000190734863,1.659999966621399,1.6799999475479126,8400,0.0,0.0
2024-10-30 00:00:00-04:00,1.6950000524520874,1.7100000381469727,1.6430000066757202,1.6799999475479126,12500,0.0,0.0
2024-10-31 00:00:00-04:00,1.690000057220459,1.690000057220459,1.6239999532699585,1.649999976158142,12300,0.0,0.0
2024-11-01 00:00:00-04:00,1.600000023841858,1.6799999475479126,1.2000000476837158,1.2000000476837158,101700,0.0,0.0
2024-11-04 00:00:00-05:00,1.2300000190734863,1.340000033378601,1.1399999856948853,1.215000033378601,50900,0.0,0.0
2024-11-05 00:00:00-05:00,1.2999999523162842,1.3899999856948853,1.2100000381469727,1.25,24500,0.0,0.0
2024-11-06 00:00:00-05:00,1.2699999809265137,1.409999966621399,1.2400000095367432,1.406999945640564,44400,0.0,0.0
2024-11-07 00:00:00-05:00,1.3600000143051147,1.4199999570846558,1.3170000314712524,1.3300000429153442,12500,0.0,0.0
2024-11-08 00:00:00-05:00,1.350000023841858,1.3899999856948853,1.2640000581741333,1.2649999856948853,20200,0.0,0.0
2024-11-11 00:00:00-05:00,1.2599999904632568,1.378000020980835,1.2400000095367432,1.2599999904632568,33900,0.0,0.0
2024-11-12 00:00:00-05:00,1.2699999809265137,1.2899999618530273,1.2100000381469727,1.2400000095367432,36400,0.0,0.0
2024-11-13 00:00:00-05:00,1.2200000286102295,1.2799999713897705,1.2100000381469727,1.2100000381469727,23400,0.0,0.0
2024-11-14 00:00:00-05:00,1.2599999904632568,1.309999942779541,1.2599999904632568,1.3049999475479126,49900,0.0,0.0
2024-11-15 00:00:00-05:00,1.2899999618530273,1.2940000295639038,1.190000057220459,1.190000057220459,47400,0.0,0.0
2024-11-18 00:00:00-05:00,1.2200000286102295,1.2300000190734863,0.8109999895095825,0.8420000076293945,198800,0.0,0.0
2024-11-19 00:00:00-05:00,0.8399999737739563,1.0,0.8230000138282776,0.8500000238418579,132500,0.0,0.0
2024-11-20 00:00:00-05:00,0.9900000095367432,1.0,0.9010000228881836,0.9490000009536743,80000,0.0,0.0
2024-11-21 00:00:00-05:00,0.9800000190734863,0.9800000190734863,0.8899999856948853,0.9279999732971191,35600,0.0,0.0
2024-11-22 00:00:00-05:00,0.9259999990463257,0.9259999990463257,0.8999999761581421,0.925000011920929,24600,0.0,0.0
2024-11-25 00:00:00-05:00,0.925000011920929,0.9879999756813049,0.8999999761581421,0.9200000166893005,23500,0.0,0.0
2024-11-26 00:00:00-05:00,0.9200000166893005,0.9750000238418579,0.8999999761581421,0.9700000286102295,74900,0.0,0.0
2024-11-27 00:00:00-05:00,0.9409999847412109,1.0,0.9100000262260437,0.9599999785423279,52500,0.0,0.0
2024-11-29 00:00:00-05:00,0.9900000095367432,1.0199999809265137,0.9120000004768372,1.0,29800,0.0,0.0
2024-12-02 00:00:00-05:00,1.0399999618530273,1.2300000190734863,1.0099999904632568,1.1799999475479126,115200,0.0,0.0
2024-12-03 00:00:00-05:00,1.190000057220459,1.190000057220459,1.034999966621399,1.059999942779541,40000,0.0,0.0
2024-12-04 00:00:00-05:00,1.0700000524520874,1.2200000286102295,1.0570000410079956,1.1100000143051147,36000,0.0,0.0
2024-12-05 00:00:00-05:00,1.190000057220459,1.190000057220459,1.1200000047683716,1.1299999952316284,24900,0.0,0.0
2024-12-06 00:00:00-05:00,1.1399999856948853,1.1799999475479126,1.1100000143051147,1.1100000143051147,29200,0.0,0.0
2024-12-09 00:00:00-05:00,1.1100000143051147,1.149999976158142,1.0499999523162842,1.1200000047683716,18900,0.0,0.0
2024-12-10 00:00:00-05:00,1.090000033378601,1.1699999570846558,1.0199999809265137,1.0199999809265137,38800,0.0,0.0
2024-12-11 00:00:00-05:00,1.0299999713897705,1.0700000524520874,1.0299999713897705,1.0399999618530273,16000,0.0,0.0
2024-12-12 00:00:00-05:00,1.0199999809265137,1.0499999523162842,1.0,1.0299999713897705,29900,0.0,0.0
2024-12-13 00:00:00-05:00,0.9900000095367432,1.0499999523162842,0.9900000095367432,1.0299999713897705,13900,0.0,0.0
2024-12-16 00:00:00-05:00,1.0299999713897705,1.0299999713897705,1.0,1.0099999904632568,28900,0.0,0.0
2024-12-17 00:00:00-05:00,1.0049999952316284,1.0800000429153442,0.9599999785423279,1.0499999523162842,156200,0.0,0.0
2024-12-18 00:00:00-05:00,1.0299999713897705,1.149999976158142,1.0,1.0800000429153442,64100,0.0,0.0
2024-12-19 00:00:00-05:00,1.0800000429153442,1.0800000429153442,1.0,1.0700000524520874,30600,0.0,0.0
2024-12-20 00:00:00-05:00,1.0800000429153442,1.1410000324249268,1.0360000133514404,1.1200000047683716,39400,0.0,0.0
2024-12-23 00:00:00-05:00,1.1399999856948853,1.149999976158142,1.0499999523162842,1.0700000524520874,21700,0.0,0.0
2024-12-24 00:00:00-05:00,1.059999942779541,1.0820000171661377,0.9200000166893005,0.9300000071525574,65800,0.0,0.0
2024-12-26 00:00:00-05:00,0.9599999785423279,0.9940000176429749,0.9359999895095825,0.9710000157356262,35400,0.0,0.0
2024-12-27 00:00:00-05:00,0.9399999976158142,0.9959999918937683,0.9399999976158142,0.9890000224113464,21300,0.0,0.0
2024-12-30 00:00:00-05:00,0.9900000095367432,1.1100000143051147,0.9700000286102295,1.090000033378601,86100,0.0,0.0
2024-12-31 00:00:00-05:00,1.0800000429153442,1.3799999952316284,1.059999942779541,1.2999999523162842,190900,0.0,0.0
2025-01-02 00:00:00-05:00,1.2999999523162842,1.343500018119812,1.1500999927520752,1.229699969291687,34113,0.0,0.0
