Date,Open,High,Low,Close,Volume,Dividends,Stock Splits
2022-01-03 00:00:00-05:00,42.83000183105469,45.34000015258789,42.83000183105469,44.560001373291016,115600,0.0,0.0
2022-01-04 00:00:00-05:00,46.380001068115234,48.40999984741211,45.38999938964844,45.79999923706055,144100,0.0,0.0
2022-01-05 00:00:00-05:00,46.560001373291016,46.75,43.16999816894531,43.4900016784668,117900,0.0,0.0
2022-01-06 00:00:00-05:00,43.5,44.060001373291016,42.38999938964844,42.720001220703125,76600,0.0,0.0
2022-01-07 00:00:00-05:00,42.779998779296875,43.65999984741211,42.08000183105469,42.25,49700,0.0,0.0
2022-01-10 00:00:00-05:00,41.630001068115234,41.630001068115234,39.79999923706055,41.31999969482422,82800,0.0,0.0
2022-01-11 00:00:00-05:00,41.849998474121094,44.15999984741211,40.470001220703125,43.119998931884766,79700,0.0,0.0
2022-01-12 00:00:00-05:00,43.88999938964844,44.97999954223633,42.45000076293945,42.86000061035156,49300,0.0,0.0
2022-01-13 00:00:00-05:00,43.0,43.97999954223633,41.33000183105469,41.65999984741211,63600,0.0,0.0
2022-01-14 00:00:00-05:00,41.11000061035156,42.790000915527344,40.75,42.56999969482422,61400,0.0,0.0
2022-01-18 00:00:00-05:00,42.45000076293945,42.97999954223633,41.11000061035156,42.33000183105469,80700,0.0,0.0
2022-01-19 00:00:00-05:00,42.83000183105469,42.83000183105469,40.2400016784668,40.83000183105469,63600,0.0,0.0
2022-01-20 00:00:00-05:00,40.34000015258789,41.849998474121094,39.0,39.599998474121094,67800,0.0,0.0
2022-01-21 00:00:00-05:00,39.0,39.81999969482422,37.029998779296875,37.529998779296875,106200,0.0,0.0
2022-01-24 00:00:00-05:00,36.40999984741211,37.650001525878906,34.380001068115234,37.27000045776367,152200,0.0,0.0
2022-01-25 00:00:00-05:00,36.709999084472656,38.560001373291016,35.52000045776367,38.119998931884766,80000,0.0,0.0
2022-01-26 00:00:00-05:00,38.849998474121094,39.52000045776367,37.0,37.59000015258789,59900,0.0,0.0
2022-01-27 00:00:00-05:00,38.310001373291016,39.59000015258789,36.81999969482422,37.279998779296875,43700,0.0,0.0
2022-01-28 00:00:00-05:00,37.08000183105469,37.79999923706055,35.970001220703125,37.66999816894531,58200,0.0,0.0
2022-01-31 00:00:00-05:00,37.90999984741211,38.79999923706055,37.470001220703125,38.779998779296875,50900,0.0,0.0
2022-02-01 00:00:00-05:00,38.939998626708984,41.7599983215332,38.880001068115234,41.72999954223633,90400,0.0,0.0
2022-02-02 00:00:00-05:00,41.86000061035156,47.16999816894531,40.689998626708984,45.91999816894531,346800,0.0,0.0
2022-02-03 00:00:00-05:00,44.779998779296875,46.439998626708984,43.29999923706055,45.400001525878906,107500,0.0,0.0
2022-02-04 00:00:00-05:00,45.52000045776367,46.5,44.150001525878906,44.349998474121094,131500,0.0,0.0
2022-02-07 00:00:00-05:00,44.0,44.83000183105469,42.70000076293945,44.209999084472656,122700,0.0,0.0
2022-02-08 00:00:00-05:00,44.34000015258789,47.2400016784668,44.209999084472656,45.970001220703125,141600,0.0,0.0
2022-02-09 00:00:00-05:00,46.0,46.880001068115234,45.290000915527344,45.599998474121094,85900,0.0,0.0
2022-02-10 00:00:00-05:00,44.7599983215332,48.13999938964844,44.20000076293945,46.040000915527344,143600,0.0,0.0
2022-02-11 00:00:00-05:00,46.04999923706055,49.279998779296875,44.61000061035156,45.75,297500,0.0,0.0
2022-02-14 00:00:00-05:00,45.79999923706055,46.5,43.18000030517578,43.290000915527344,123600,0.0,0.0
2022-02-15 00:00:00-05:00,43.970001220703125,45.880001068115234,43.86000061035156,45.65999984741211,82900,0.0,0.0
2022-02-16 00:00:00-05:00,45.54999923706055,46.400001525878906,44.70000076293945,45.189998626708984,41500,0.0,0.0
2022-02-17 00:00:00-05:00,44.84000015258789,47.380001068115234,44.75,46.22999954223633,91600,0.0,0.0
2022-02-18 00:00:00-05:00,45.59000015258789,47.290000915527344,44.81999969482422,45.47999954223633,66800,0.0,0.0
2022-02-22 00:00:00-05:00,45.84000015258789,46.91999816894531,43.599998474121094,44.709999084472656,96500,0.0,0.0
2022-02-23 00:00:00-05:00,45.22999954223633,46.310001373291016,44.349998474121094,45.31999969482422,81800,0.0,0.0
2022-02-24 00:00:00-05:00,44.939998626708984,49.29999923706055,44.900001525878906,49.02000045776367,306800,0.0,0.0
2022-02-25 00:00:00-05:00,50.0,52.0,48.22999954223633,51.88999938964844,291600,0.0,0.0
2022-02-28 00:00:00-05:00,52.619998931884766,57.529998779296875,52.52000045776367,56.88999938964844,424300,0.0,0.0
2022-03-01 00:00:00-05:00,57.0,58.369998931884766,53.459999084472656,54.18000030517578,391000,0.0,0.0
2022-03-02 00:00:00-05:00,55.90999984741211,59.31999969482422,55.20000076293945,58.900001525878906,520700,0.0,0.0
2022-03-03 00:00:00-05:00,59.0,64.0,58.40999984741211,62.31999969482422,666500,0.0,0.0
2022-03-04 00:00:00-05:00,64.25,70.7300033569336,63.0,70.55999755859375,1372800,0.0,0.0
2022-03-07 00:00:00-05:00,73.0,78.48999786376953,60.40999984741211,67.68000030517578,1852500,0.0,0.0
2022-03-08 00:00:00-05:00,68.87999725341797,74.55000305175781,65.41999816894531,73.81999969482422,841100,0.0,0.0
2022-03-09 00:00:00-05:00,72.58000183105469,78.08999633789062,68.08000183105469,75.93000030517578,529200,0.0,0.0
2022-03-10 00:00:00-05:00,79.63999938964844,84.38999938964844,74.72000122070312,81.1500015258789,834100,0.0,0.0
2022-03-11 00:00:00-05:00,79.19999694824219,87.63999938964844,79.19999694824219,84.19000244140625,701600,0.0,0.0
2022-03-14 00:00:00-04:00,85.02999877929688,85.38999938964844,75.62000274658203,77.63999938964844,600100,0.0,0.0
2022-03-15 00:00:00-04:00,75.5,76.61000061035156,66.77999877929688,67.95999908447266,712400,0.0,0.0
2022-03-16 00:00:00-04:00,69.16999816894531,69.44000244140625,57.130001068115234,58.0,1317400,0.0,0.0
2022-03-17 00:00:00-04:00,60.56999969482422,67.27999877929688,60.47999954223633,66.33000183105469,849200,0.0,0.0
2022-03-18 00:00:00-04:00,64.88999938964844,71.55999755859375,64.88999938964844,69.12000274658203,787300,0.0,0.0
2022-03-21 00:00:00-04:00,73.38999938964844,84.36000061035156,71.79000091552734,84.04000091552734,963800,0.0,0.0
2022-03-22 00:00:00-04:00,84.0,84.0,77.30999755859375,79.3499984741211,1345100,0.0,0.0
2022-03-23 00:00:00-04:00,81.63999938964844,92.27999877929688,81.36000061035156,87.04000091552734,1496000,0.0,0.0
2022-03-24 00:00:00-04:00,90.22000122070312,93.87000274658203,85.94000244140625,88.33000183105469,1091400,0.0,0.0
2022-03-25 00:00:00-04:00,90.9000015258789,91.19999694824219,86.22000122070312,89.2699966430664,598700,0.0,0.0
2022-03-28 00:00:00-04:00,87.01000213623047,88.76000213623047,79.5199966430664,84.36000061035156,621300,0.0,0.0
2022-03-29 00:00:00-04:00,78.0,82.30999755859375,72.01000213623047,78.3499984741211,777700,0.0,0.0
2022-03-30 00:00:00-04:00,80.5199966430664,85.6500015258789,80.01000213623047,80.62000274658203,431200,0.0,0.0
2022-03-31 00:00:00-04:00,79.73999786376953,85.0,79.05000305175781,82.13999938964844,492800,0.0,0.0
2022-04-01 00:00:00-04:00,82.20999908447266,86.0,80.7300033569336,82.51000213623047,422000,0.0,0.0
2022-04-04 00:00:00-04:00,84.76000213623047,84.76000213623047,80.7300033569336,83.13999938964844,339200,0.0,0.0
2022-04-05 00:00:00-04:00,84.0,88.41000366210938,83.2699966430664,83.5199966430664,466900,0.0,0.0
2022-04-06 00:00:00-04:00,83.20999908447266,93.48999786376953,82.80000305175781,88.45999908447266,802600,0.0,0.0
2022-04-07 00:00:00-04:00,90.51000213623047,102.05000305175781,90.51000213623047,101.77999877929688,1059700,0.0,0.0
2022-04-08 00:00:00-04:00,104.2699966430664,109.83999633789062,98.5199966430664,106.91000366210938,1369700,0.0,0.0
2022-04-11 00:00:00-04:00,108.0,109.88999938964844,97.0,102.5199966430664,683500,0.0,0.0
2022-04-12 00:00:00-04:00,104.38999938964844,109.5999984741211,103.62999725341797,108.19999694824219,522200,0.0,0.0
2022-04-13 00:00:00-04:00,110.12000274658203,113.30000305175781,101.41000366210938,107.63999938964844,634200,0.0,0.0
2022-04-14 00:00:00-04:00,107.19999694824219,114.29000091552734,106.13999938964844,111.94999694824219,625300,0.0,0.0
2022-04-18 00:00:00-04:00,113.13999938964844,121.72000122070312,112.0999984741211,119.5,892600,0.0,0.0
2022-04-19 00:00:00-04:00,119.16999816894531,121.5,113.19999694824219,117.80000305175781,810200,0.0,0.0
2022-04-20 00:00:00-04:00,117.0,118.58000183105469,107.19999694824219,117.73999786376953,677500,0.0,0.0
2022-04-21 00:00:00-04:00,117.08000183105469,117.4800033569336,97.5,98.80999755859375,997200,0.0,0.0
2022-04-22 00:00:00-04:00,96.48999786376953,105.91999816894531,93.80000305175781,95.16000366210938,803700,0.0,0.0
2022-04-25 00:00:00-04:00,91.4800033569336,94.52999877929688,82.55999755859375,89.77999877929688,1069100,0.0,0.0
2022-04-26 00:00:00-04:00,91.0,93.19999694824219,83.80999755859375,85.05000305175781,563600,0.0,0.0
2022-04-27 00:00:00-04:00,85.9800033569336,86.6500015258789,81.54000091552734,84.58000183105469,480500,0.0,0.0
2022-04-28 00:00:00-04:00,85.55000305175781,85.55000305175781,80.2699966430664,83.05999755859375,521900,0.0,0.0
2022-04-29 00:00:00-04:00,82.5,85.05000305175781,75.69999694824219,76.58000183105469,686300,0.0,0.0
2022-05-02 00:00:00-04:00,75.7300033569336,78.48999786376953,73.22000122070312,75.45999908447266,1065600,0.0,0.0
2022-05-03 00:00:00-04:00,78.48999786376953,86.0,74.33999633789062,82.9800033569336,1404000,0.0,0.0
2022-05-04 00:00:00-04:00,85.16000366210938,85.51000213623047,75.76000213623047,81.7699966430664,889000,0.0,0.0
2022-05-05 00:00:00-04:00,81.33999633789062,82.62000274658203,69.6500015258789,70.77999877929688,766600,0.0,0.0
2022-05-06 00:00:00-04:00,70.19000244140625,70.97000122070312,65.55000305175781,67.83000183105469,666800,0.0,0.0
2022-05-09 00:00:00-04:00,65.31999969482422,65.83000183105469,59.970001220703125,60.33000183105469,774500,0.0,0.0
2022-05-10 00:00:00-04:00,63.59000015258789,65.70999908447266,59.119998931884766,61.22999954223633,574300,0.0,0.0
2022-05-11 00:00:00-04:00,62.16999816894531,66.75,60.04999923706055,62.18000030517578,558000,0.0,0.0
2022-05-12 00:00:00-04:00,61.0,62.0,56.88999938964844,60.869998931884766,591900,0.0,0.0
2022-05-13 00:00:00-04:00,62.189998626708984,66.68000030517578,62.08000183105469,65.41999816894531,656900,0.0,0.0
2022-05-16 00:00:00-04:00,66.62000274658203,71.1500015258789,66.58000183105469,70.37999725341797,1033900,0.0,0.0
2022-05-17 00:00:00-04:00,72.51000213623047,74.66000366210938,69.0,74.30000305175781,873800,0.0,0.0
2022-05-18 00:00:00-04:00,72.70999908447266,73.80999755859375,63.29999923706055,64.19999694824219,818200,0.0,0.0
2022-05-19 00:00:00-04:00,63.0099983215332,66.7699966430664,62.5099983215332,64.0199966430664,454100,0.0,0.0
2022-05-20 00:00:00-04:00,65.2699966430664,67.83000183105469,58.0,60.779998779296875,750400,0.0,0.0
2022-05-23 00:00:00-04:00,61.209999084472656,65.5199966430664,60.630001068115234,64.3499984741211,548700,0.0,0.0
2022-05-24 00:00:00-04:00,63.029998779296875,64.12000274658203,60.52000045776367,62.79999923706055,370400,0.0,0.0
2022-05-25 00:00:00-04:00,62.34000015258789,66.36000061035156,62.13999938964844,65.36000061035156,466300,0.0,0.0
2022-05-26 00:00:00-04:00,64.97000122070312,66.5,62.959999084472656,64.61000061035156,369800,0.0,0.0
2022-05-27 00:00:00-04:00,64.30999755859375,64.70999908447266,59.119998931884766,64.4000015258789,605800,0.0,0.0
2022-05-31 00:00:00-04:00,66.9000015258789,69.52999877929688,64.5999984741211,65.87000274658203,906500,0.0,0.0
2022-06-01 00:00:00-04:00,65.87000274658203,66.4000015258789,59.66999816894531,61.41999816894531,690800,0.0,0.0
2022-06-02 00:00:00-04:00,61.47999954223633,66.91000366210938,61.34000015258789,65.18000030517578,462600,0.0,0.0
2022-06-03 00:00:00-04:00,64.05000305175781,65.0999984741211,61.84000015258789,63.9900016784668,298700,0.0,0.0
2022-06-06 00:00:00-04:00,65.23999786376953,65.94999694824219,62.189998626708984,62.619998931884766,344500,0.0,0.0
2022-06-07 00:00:00-04:00,62.0,64.33999633789062,61.0,63.349998474121094,344000,0.0,0.0
2022-06-08 00:00:00-04:00,62.08000183105469,64.08999633789062,59.5099983215332,60.56999969482422,375700,0.0,0.0
2022-06-09 00:00:00-04:00,59.79999923706055,60.79999923706055,57.29999923706055,58.369998931884766,452000,0.0,0.0
2022-06-10 00:00:00-04:00,57.29999923706055,60.099998474121094,55.5,57.25,473600,0.0,0.0
2022-06-13 00:00:00-04:00,55.18000030517578,56.86000061035156,53.310001373291016,54.290000915527344,628800,0.0,0.0
2022-06-14 00:00:00-04:00,55.5,58.369998931884766,54.29999923706055,57.2400016784668,469700,0.0,0.0
2022-06-15 00:00:00-04:00,58.11000061035156,59.0,55.65999984741211,58.08000183105469,389000,0.0,0.0
2022-06-16 00:00:00-04:00,55.060001373291016,57.119998931884766,53.290000915527344,54.31999969482422,336500,0.0,0.0
2022-06-17 00:00:00-04:00,55.0,55.279998779296875,52.02000045776367,52.81999969482422,435600,0.0,0.0
2022-06-21 00:00:00-04:00,54.34000015258789,55.81999969482422,53.16999816894531,54.52000045776367,528600,0.0,0.0
2022-06-22 00:00:00-04:00,51.779998779296875,54.04999923706055,51.060001373291016,52.790000915527344,329900,0.0,0.0
2022-06-23 00:00:00-04:00,52.790000915527344,52.790000915527344,43.52000045776367,44.709999084472656,1086600,0.0,0.0
2022-06-24 00:00:00-04:00,45.099998474121094,49.369998931884766,45.09000015258789,47.61000061035156,594000,0.0,0.0
2022-06-27 00:00:00-04:00,47.970001220703125,50.15999984741211,47.02000045776367,49.27000045776367,392100,0.0,0.0
2022-06-28 00:00:00-04:00,51.0,51.40999984741211,48.11000061035156,48.689998626708984,304200,0.0,0.0
2022-06-29 00:00:00-04:00,49.16999816894531,49.36000061035156,46.11000061035156,46.560001373291016,386100,0.0,0.0
2022-06-30 00:00:00-04:00,45.75,46.400001525878906,43.439998626708984,45.290000915527344,519400,0.0,0.0
2022-07-01 00:00:00-04:00,44.790000915527344,45.84000015258789,42.880001068115234,44.709999084472656,298300,0.0,0.0
2022-07-05 00:00:00-04:00,42.880001068115234,43.0,41.04999923706055,41.66999816894531,705300,0.0,0.0
2022-07-06 00:00:00-04:00,41.2599983215332,42.349998474121094,39.349998474121094,40.77000045776367,532800,0.0,0.0
2022-07-07 00:00:00-04:00,42.59000015258789,43.38999938964844,40.619998931884766,40.7400016784668,708800,0.0,0.0
2022-07-08 00:00:00-04:00,41.34000015258789,41.790000915527344,39.150001525878906,40.20000076293945,364000,0.0,0.0
2022-07-11 00:00:00-04:00,40.189998626708984,40.65999984741211,38.91999816894531,40.16999816894531,299700,0.0,0.0
2022-07-12 00:00:00-04:00,38.9900016784668,39.880001068115234,37.79999923706055,38.06999969482422,334800,0.0,0.0
2022-07-13 00:00:00-04:00,37.04999923706055,39.27000045776367,36.779998779296875,38.25,703000,0.0,0.0
2022-07-14 00:00:00-04:00,36.790000915527344,37.189998626708984,35.400001525878906,36.83000183105469,346100,0.0,0.0
2022-07-15 00:00:00-04:00,38.41999816894531,38.689998626708984,36.54999923706055,38.040000915527344,429600,0.0,0.0
2022-07-18 00:00:00-04:00,39.5,40.68000030517578,38.720001220703125,39.2400016784668,318300,0.0,0.0
2022-07-19 00:00:00-04:00,39.29999923706055,41.90999984741211,39.29999923706055,41.4900016784668,332500,0.0,0.0
2022-07-20 00:00:00-04:00,40.95000076293945,41.83000183105469,40.22999954223633,41.61000061035156,230200,0.0,0.0
2022-07-21 00:00:00-04:00,41.779998779296875,42.06999969482422,39.529998779296875,41.9900016784668,338600,0.0,0.0
2022-07-22 00:00:00-04:00,41.9900016784668,42.97999954223633,39.849998474121094,40.31999969482422,222500,0.0,0.0
2022-07-25 00:00:00-04:00,41.36000061035156,43.209999084472656,40.880001068115234,43.02000045776367,268800,0.0,0.0
2022-07-26 00:00:00-04:00,43.380001068115234,44.02000045776367,41.04999923706055,42.220001220703125,324400,0.0,0.0
2022-07-27 00:00:00-04:00,42.189998626708984,44.22999954223633,41.119998931884766,44.0,217400,0.0,0.0
2022-07-28 00:00:00-04:00,44.56999969482422,45.47999954223633,43.040000915527344,44.209999084472656,239000,0.0,0.0
2022-07-29 00:00:00-04:00,45.290000915527344,45.689998626708984,44.0,45.599998474121094,220600,0.0,0.0
2022-08-01 00:00:00-04:00,44.779998779296875,44.779998779296875,43.220001220703125,43.959999084472656,222200,0.0,0.0
2022-08-02 00:00:00-04:00,43.38999938964844,44.34000015258789,40.369998931884766,43.33000183105469,433400,0.0,0.0
2022-08-03 00:00:00-04:00,44.02000045776367,45.11000061035156,42.880001068115234,43.83000183105469,269100,0.0,0.0
2022-08-04 00:00:00-04:00,43.849998474121094,45.349998474121094,42.029998779296875,44.040000915527344,354800,0.0,0.0
2022-08-05 00:00:00-04:00,42.470001220703125,45.27000045776367,41.650001525878906,42.77000045776367,356400,0.0,0.0
2022-08-08 00:00:00-04:00,42.099998474121094,44.40999984741211,41.709999084472656,42.060001373291016,313200,0.0,0.0
2022-08-09 00:00:00-04:00,42.63999938964844,44.099998474121094,42.36000061035156,42.5099983215332,247300,0.0,0.0
2022-08-10 00:00:00-04:00,43.130001068115234,44.16999816894531,42.290000915527344,43.31999969482422,232400,0.0,0.0
2022-08-11 00:00:00-04:00,44.04999923706055,45.61000061035156,44.04999923706055,44.38999938964844,231700,0.0,0.0
2022-08-12 00:00:00-04:00,44.400001525878906,46.18000030517578,44.0,45.5,298500,0.0,0.0
2022-08-15 00:00:00-04:00,44.029998779296875,44.119998931884766,42.88999938964844,43.41999816894531,222900,0.0,0.0
2022-08-16 00:00:00-04:00,43.619998931884766,45.529998779296875,43.619998931884766,44.779998779296875,255500,0.0,0.0
2022-08-17 00:00:00-04:00,44.25,45.38999938964844,43.400001525878906,44.08000183105469,169900,0.0,0.0
2022-08-18 00:00:00-04:00,44.4900016784668,45.400001525878906,43.93000030517578,44.970001220703125,235000,0.0,0.0
2022-08-19 00:00:00-04:00,44.279998779296875,44.75,42.970001220703125,43.189998626708984,278500,0.0,0.0
2022-08-22 00:00:00-04:00,42.5,45.41999816894531,42.18000030517578,44.54999923706055,313600,0.0,0.0
2022-08-23 00:00:00-04:00,45.22999954223633,50.119998931884766,45.22999954223633,49.970001220703125,888500,0.0,0.0
2022-08-24 00:00:00-04:00,50.84000015258789,53.880001068115234,49.66999816894531,53.470001220703125,786600,0.0,0.0
2022-08-25 00:00:00-04:00,54.52000045776367,56.65999984741211,53.61000061035156,55.58000183105469,744500,0.0,0.0
2022-08-26 00:00:00-04:00,55.880001068115234,56.65999984741211,54.0,55.91999816894531,414500,0.0,0.0
2022-08-29 00:00:00-04:00,54.59000015258789,56.369998931884766,52.66999816894531,53.400001525878906,558600,0.0,0.0
2022-08-30 00:00:00-04:00,52.47999954223633,53.18000030517578,46.63999938964844,47.7599983215332,564700,0.0,0.0
2022-08-31 00:00:00-04:00,47.43000030517578,47.689998626708984,45.72999954223633,46.72999954223633,309800,0.0,0.0
2022-09-01 00:00:00-04:00,45.18000030517578,46.029998779296875,43.02000045776367,44.209999084472656,483800,0.0,0.0
2022-09-02 00:00:00-04:00,45.459999084472656,46.439998626708984,44.59000015258789,45.529998779296875,306200,0.0,0.0
2022-09-06 00:00:00-04:00,46.29999923706055,46.63999938964844,43.79999923706055,44.459999084472656,354600,0.0,0.0
2022-09-07 00:00:00-04:00,43.900001525878906,44.619998931884766,42.150001525878906,44.29999923706055,309700,0.0,0.0
2022-09-08 00:00:00-04:00,43.560001373291016,44.54999923706055,42.59000015258789,44.52000045776367,356700,0.0,0.0
2022-09-09 00:00:00-04:00,46.040000915527344,47.02000045776367,45.560001373291016,46.91999816894531,244300,0.0,0.0
2022-09-12 00:00:00-04:00,47.61000061035156,47.88999938964844,42.650001525878906,43.09000015258789,479600,0.0,0.0
2022-09-13 00:00:00-04:00,42.0,45.34000015258789,41.27000045776367,43.2400016784668,337900,0.0,0.0
2022-09-14 00:00:00-04:00,43.5,45.90999984741211,43.5,45.61000061035156,320500,0.0,0.0
2022-09-15 00:00:00-04:00,44.470001220703125,45.09000015258789,43.72999954223633,44.18000030517578,249000,0.0,0.0
2022-09-16 00:00:00-04:00,43.0099983215332,43.5,40.310001373291016,41.310001373291016,522100,0.0,0.0
2022-09-19 00:00:00-04:00,40.0,43.0,39.560001373291016,42.72999954223633,283200,0.0,0.0
2022-09-20 00:00:00-04:00,42.18000030517578,43.040000915527344,41.0,42.43000030517578,199200,0.0,0.0
2022-09-21 00:00:00-04:00,43.41999816894531,43.79999923706055,42.0,42.060001373291016,181200,0.0,0.0
2022-09-22 00:00:00-04:00,42.88999938964844,43.5,41.33000183105469,41.40999984741211,182800,0.0,0.0
2022-09-23 00:00:00-04:00,39.77000045776367,39.9900016784668,37.599998474121094,38.310001373291016,376300,0.0,0.0
2022-09-26 00:00:00-04:00,37.380001068115234,39.150001525878906,36.720001220703125,37.09000015258789,234700,0.0,0.0
2022-09-27 00:00:00-04:00,38.099998474121094,39.54999923706055,38.08000183105469,38.93000030517578,304700,0.0,0.0
2022-09-28 00:00:00-04:00,38.93000030517578,40.91999816894531,38.4900016784668,40.47999954223633,235200,0.0,0.0
2022-09-29 00:00:00-04:00,39.959999084472656,40.119998931884766,38.220001220703125,39.4900016784668,213700,0.0,0.0
2022-09-30 00:00:00-04:00,39.18000030517578,40.45000076293945,38.81999969482422,39.56999969482422,205600,0.0,0.0
2022-10-03 00:00:00-04:00,40.70000076293945,41.22999954223633,39.97999954223633,40.91999816894531,185800,0.0,0.0
2022-10-04 00:00:00-04:00,41.900001525878906,42.83000183105469,41.310001373291016,42.15999984741211,237900,0.0,0.0
2022-10-05 00:00:00-04:00,41.40999984741211,41.790000915527344,39.689998626708984,40.599998474121094,325500,0.0,0.0
2022-10-06 00:00:00-04:00,40.2400016784668,42.459999084472656,40.2400016784668,41.84000015258789,211000,0.0,0.0
2022-10-07 00:00:00-04:00,41.13999938964844,41.83000183105469,39.959999084472656,40.709999084472656,154100,0.0,0.0
2022-10-10 00:00:00-04:00,41.290000915527344,42.310001373291016,40.939998626708984,41.83000183105469,175900,0.0,0.0
2022-10-11 00:00:00-04:00,41.279998779296875,43.47999954223633,40.38999938964844,42.810001373291016,249300,0.0,0.0
2022-10-12 00:00:00-04:00,42.5,43.209999084472656,40.72999954223633,42.209999084472656,175200,0.0,0.0
2022-10-13 00:00:00-04:00,41.13999938964844,44.47999954223633,40.70000076293945,44.130001068115234,236800,0.0,0.0
2022-10-14 00:00:00-04:00,44.36000061035156,44.36000061035156,39.5,39.599998474121094,270600,0.0,0.0
2022-10-17 00:00:00-04:00,40.720001220703125,42.099998474121094,40.5099983215332,41.959999084472656,209900,0.0,0.0
2022-10-18 00:00:00-04:00,42.79999923706055,43.66999816894531,41.38999938964844,43.150001525878906,248300,0.0,0.0
2022-10-19 00:00:00-04:00,42.95000076293945,43.869998931884766,42.220001220703125,42.72999954223633,151000,0.0,0.0
2022-10-20 00:00:00-04:00,43.04999923706055,44.939998626708984,41.619998931884766,42.59000015258789,276300,0.0,0.0
2022-10-21 00:00:00-04:00,42.83000183105469,46.08000183105469,42.099998474121094,45.70000076293945,324000,0.0,0.0
2022-10-24 00:00:00-04:00,45.97999954223633,45.97999954223633,42.38999938964844,44.02000045776367,270200,0.0,0.0
2022-10-25 00:00:00-04:00,44.06999969482422,45.34000015258789,43.790000915527344,45.31999969482422,164200,0.0,0.0
2022-10-26 00:00:00-04:00,45.689998626708984,46.209999084472656,44.09000015258789,44.16999816894531,209400,0.0,0.0
2022-10-27 00:00:00-04:00,44.68000030517578,45.5099983215332,44.290000915527344,44.70000076293945,134700,0.0,0.0
2022-10-28 00:00:00-04:00,44.68000030517578,45.45000076293945,43.09000015258789,45.2599983215332,180200,0.0,0.0
2022-10-31 00:00:00-04:00,46.619998931884766,46.880001068115234,44.81999969482422,45.25,288500,0.0,0.0
2022-11-01 00:00:00-04:00,46.0099983215332,46.290000915527344,44.900001525878906,45.27000045776367,132600,0.0,0.0
2022-11-02 00:00:00-04:00,45.0,45.209999084472656,42.54999923706055,43.06999969482422,191200,0.0,0.0
2022-11-03 00:00:00-04:00,36.630001068115234,36.630001068115234,32.90999984741211,34.2400016784668,1438300,0.0,0.0
2022-11-04 00:00:00-04:00,35.13999938964844,37.83000183105469,35.0099983215332,36.209999084472656,561300,0.0,0.0
2022-11-07 00:00:00-05:00,36.060001373291016,36.91999816894531,35.689998626708984,36.0,263100,0.0,0.0
2022-11-08 00:00:00-05:00,35.79999923706055,37.810001373291016,34.959999084472656,36.36000061035156,375200,0.0,0.0
2022-11-09 00:00:00-05:00,35.959999084472656,36.06999969482422,33.0099983215332,33.119998931884766,406000,0.0,0.0
2022-11-10 00:00:00-05:00,34.81999969482422,36.04999923706055,34.2400016784668,35.599998474121094,351200,0.0,0.0
2022-11-11 00:00:00-05:00,36.310001373291016,37.380001068115234,35.529998779296875,36.40999984741211,327000,0.0,0.0
2022-11-14 00:00:00-05:00,36.220001220703125,38.630001068115234,36.0,37.970001220703125,250200,0.0,0.0
2022-11-15 00:00:00-05:00,38.209999084472656,38.56999969482422,36.2400016784668,38.40999984741211,254700,0.0,0.0
2022-11-16 00:00:00-05:00,37.709999084472656,37.900001525878906,36.18000030517578,36.470001220703125,178800,0.0,0.0
2022-11-17 00:00:00-05:00,35.439998626708984,36.5,35.099998474121094,35.77000045776367,164100,0.0,0.0
2022-11-18 00:00:00-05:00,35.63999938964844,35.63999938964844,34.59000015258789,35.0,221300,0.0,0.0
2022-11-21 00:00:00-05:00,34.619998931884766,35.2400016784668,33.810001373291016,34.65999984741211,209500,0.0,0.0
2022-11-22 00:00:00-05:00,34.869998931884766,36.18000030517578,34.869998931884766,35.79999923706055,182700,0.0,0.0
2022-11-23 00:00:00-05:00,35.349998474121094,36.09000015258789,35.150001525878906,35.95000076293945,124300,0.0,0.0
2022-11-25 00:00:00-05:00,36.029998779296875,37.189998626708984,36.029998779296875,36.72999954223633,100100,0.0,0.0
2022-11-28 00:00:00-05:00,35.900001525878906,36.81999969482422,35.15999984741211,35.369998931884766,175700,0.0,0.0
2022-11-29 00:00:00-05:00,35.88999938964844,35.95000076293945,35.099998474121094,35.790000915527344,223700,0.0,0.0
2022-11-30 00:00:00-05:00,36.09000015258789,36.09000015258789,34.04999923706055,36.04999923706055,255900,0.0,0.0
2022-12-01 00:00:00-05:00,36.34000015258789,36.54999923706055,34.81999969482422,35.540000915527344,175900,0.0,0.0
2022-12-02 00:00:00-05:00,35.369998931884766,36.779998779296875,35.369998931884766,36.31999969482422,142100,0.0,0.0
2022-12-05 00:00:00-05:00,36.279998779296875,36.459999084472656,34.029998779296875,34.43000030517578,330400,0.0,0.0
2022-12-06 00:00:00-05:00,34.209999084472656,35.04999923706055,34.08000183105469,34.61000061035156,191600,0.0,0.0
2022-12-07 00:00:00-05:00,34.52000045776367,35.08000183105469,34.0,34.45000076293945,162700,0.0,0.0
2022-12-08 00:00:00-05:00,35.130001068115234,35.58000183105469,34.279998779296875,34.34000015258789,136400,0.0,0.0
2022-12-09 00:00:00-05:00,34.119998931884766,34.970001220703125,33.95000076293945,33.970001220703125,155400,0.0,0.0
2022-12-12 00:00:00-05:00,33.939998626708984,34.220001220703125,33.29999923706055,33.70000076293945,234900,0.0,0.0
2022-12-13 00:00:00-05:00,34.81999969482422,35.31999969482422,32.20000076293945,32.619998931884766,413500,0.0,0.0
2022-12-14 00:00:00-05:00,32.66999816894531,32.90999984741211,31.209999084472656,31.459999084472656,284100,0.0,0.0
2022-12-15 00:00:00-05:00,31.200000762939453,31.299999237060547,30.209999084472656,30.790000915527344,326900,0.0,0.0
2022-12-16 00:00:00-05:00,30.3799991607666,30.690000534057617,29.139999389648438,29.420000076293945,705700,0.0,0.0
2022-12-19 00:00:00-05:00,29.5,29.899999618530273,28.790000915527344,29.559999465942383,491800,0.0,0.0
2022-12-20 00:00:00-05:00,29.540000915527344,30.09000015258789,28.799999237060547,29.270000457763672,251900,0.0,0.0
2022-12-21 00:00:00-05:00,29.950000762939453,30.309999465942383,29.399999618530273,30.059999465942383,260300,0.0,0.0
2022-12-22 00:00:00-05:00,29.690000534057617,29.690000534057617,27.979999542236328,28.690000534057617,268700,0.0,0.0
2022-12-23 00:00:00-05:00,28.8799991607666,29.25,28.56999969482422,28.899999618530273,138900,0.0,0.0
2022-12-27 00:00:00-05:00,29.1200008392334,29.1200008392334,28.299999237060547,28.760000228881836,138100,0.0,0.0
2022-12-28 00:00:00-05:00,28.709999084472656,28.950000762939453,27.790000915527344,28.0,237500,0.0,0.0
2022-12-29 00:00:00-05:00,27.989999771118164,28.899999618530273,27.860000610351562,28.68000030517578,242000,0.0,0.0
2022-12-30 00:00:00-05:00,28.34000015258789,29.170000076293945,28.1200008392334,28.8700008392334,229700,0.0,0.0
2023-01-03 00:00:00-05:00,28.969999313354492,29.510000228881836,27.700000762939453,28.149999618530273,201600,0.0,0.0
2023-01-04 00:00:00-05:00,28.020000457763672,28.360000610351562,27.530000686645508,27.700000762939453,240700,0.0,0.0
2023-01-05 00:00:00-05:00,27.5,28.0,27.229999542236328,27.920000076293945,194900,0.0,0.0
2023-01-06 00:00:00-05:00,28.40999984741211,30.799999237060547,28.34000015258789,30.3700008392334,400900,0.0,0.0
2023-01-09 00:00:00-05:00,31.190000534057617,31.56999969482422,30.25,30.90999984741211,288500,0.0,0.0
2023-01-10 00:00:00-05:00,31.270000457763672,31.329999923706055,30.030000686645508,31.049999237060547,182400,0.0,0.0
2023-01-11 00:00:00-05:00,30.40999984741211,31.260000228881836,30.190000534057617,30.510000228881836,227700,0.0,0.0
2023-01-12 00:00:00-05:00,31.049999237060547,32.79999923706055,30.3799991607666,32.18000030517578,390800,0.0,0.0
2023-01-13 00:00:00-05:00,31.799999237060547,32.380001068115234,31.399999618530273,32.060001373291016,257000,0.0,0.0
2023-01-17 00:00:00-05:00,32.36000061035156,32.79999923706055,31.850000381469727,32.220001220703125,165200,0.0,0.0
2023-01-18 00:00:00-05:00,32.650001525878906,33.099998474121094,31.549999237060547,31.579999923706055,236200,0.0,0.0
2023-01-19 00:00:00-05:00,31.15999984741211,31.6200008392334,29.440000534057617,31.360000610351562,367100,0.0,0.0
2023-01-20 00:00:00-05:00,31.479999542236328,32.130001068115234,30.6200008392334,31.200000762939453,281000,0.0,0.0
2023-01-23 00:00:00-05:00,31.459999084472656,31.8700008392334,31.1299991607666,31.719999313354492,171500,0.0,0.0
2023-01-24 00:00:00-05:00,31.670000076293945,31.889999389648438,30.860000610351562,31.530000686645508,130300,0.0,0.0
2023-01-25 00:00:00-05:00,31.09000015258789,31.969999313354492,30.530000686645508,31.899999618530273,167700,0.0,0.0
2023-01-26 00:00:00-05:00,32.22999954223633,32.58000183105469,31.6299991607666,32.58000183105469,133900,0.0,0.0
2023-01-27 00:00:00-05:00,32.470001220703125,32.97999954223633,32.20000076293945,32.36000061035156,140600,0.0,0.0
2023-01-30 00:00:00-05:00,31.950000762939453,32.16999816894531,31.5,31.530000686645508,100000,0.0,0.0
2023-01-31 00:00:00-05:00,31.579999923706055,32.75,31.219999313354492,32.72999954223633,102300,0.0,0.0
2023-02-01 00:00:00-05:00,32.58000183105469,33.689998626708984,32.2599983215332,33.18000030517578,154400,0.0,0.0
2023-02-02 00:00:00-05:00,33.38999938964844,33.959999084472656,32.52000045776367,33.2400016784668,198200,0.0,0.0
2023-02-03 00:00:00-05:00,32.83000183105469,33.61000061035156,32.83000183105469,33.0099983215332,129100,0.0,0.0
2023-02-06 00:00:00-05:00,32.970001220703125,33.209999084472656,31.719999313354492,31.84000015258789,101900,0.0,0.0
2023-02-07 00:00:00-05:00,31.84000015258789,32.130001068115234,31.350000381469727,32.0099983215332,112100,0.0,0.0
2023-02-08 00:00:00-05:00,31.770000457763672,31.780000686645508,31.100000381469727,31.299999237060547,135500,0.0,0.0
2023-02-09 00:00:00-05:00,31.75,32.08000183105469,31.270000457763672,31.489999771118164,124400,0.0,0.0
2023-02-10 00:00:00-05:00,31.399999618530273,33.06999969482422,31.399999618530273,32.869998931884766,171000,0.0,0.0
2023-02-13 00:00:00-05:00,33.040000915527344,33.04999923706055,31.229999542236328,32.189998626708984,224800,0.0,0.0
2023-02-14 00:00:00-05:00,31.979999542236328,32.08000183105469,31.06999969482422,31.899999618530273,138700,0.0,0.0
2023-02-15 00:00:00-05:00,31.5,33.20000076293945,31.200000762939453,33.13999938964844,187700,0.0,0.0
2023-02-16 00:00:00-05:00,32.459999084472656,34.5099983215332,32.459999084472656,33.5099983215332,257200,0.0,0.0
2023-02-17 00:00:00-05:00,33.349998474121094,34.11000061035156,31.450000762939453,31.68000030517578,265500,0.0,0.0
2023-02-21 00:00:00-05:00,31.239999771118164,31.790000915527344,30.600000381469727,30.600000381469727,180500,0.0,0.0
2023-02-22 00:00:00-05:00,30.760000228881836,31.360000610351562,30.399999618530273,30.940000534057617,133800,0.0,0.0
2023-02-23 00:00:00-05:00,31.100000381469727,31.600000381469727,30.479999542236328,31.360000610351562,125500,0.0,0.0
2023-02-24 00:00:00-05:00,30.649999618530273,31.329999923706055,30.149999618530273,31.299999237060547,107300,0.0,0.0
2023-02-27 00:00:00-05:00,31.559999465942383,32.29999923706055,31.3700008392334,31.649999618530273,176400,0.0,0.0
2023-02-28 00:00:00-05:00,31.860000610351562,32.189998626708984,31.3700008392334,31.670000076293945,220400,0.0,0.0
2023-03-01 00:00:00-05:00,31.739999771118164,32.29999923706055,31.540000915527344,31.780000686645508,174800,0.0,0.0
2023-03-02 00:00:00-05:00,31.40999984741211,33.81999969482422,31.010000228881836,33.41999816894531,211300,0.0,0.0
2023-03-03 00:00:00-05:00,33.560001373291016,34.439998626708984,33.20000076293945,33.54999923706055,262800,0.0,0.0
2023-03-06 00:00:00-05:00,33.849998474121094,33.95000076293945,32.0099983215332,32.16999816894531,232900,0.0,0.0
2023-03-07 00:00:00-05:00,32.45000076293945,32.54999923706055,30.43000030517578,30.889999389648438,334600,0.0,0.0
2023-03-08 00:00:00-05:00,30.850000381469727,32.66999816894531,30.520000457763672,32.369998931884766,284800,0.0,0.0
2023-03-09 00:00:00-05:00,32.220001220703125,32.2400016784668,29.81999969482422,29.920000076293945,300400,0.0,0.0
2023-03-10 00:00:00-05:00,29.6299991607666,30.34000015258789,28.90999984741211,29.030000686645508,232700,0.0,0.0
2023-03-13 00:00:00-04:00,28.1299991607666,29.0,27.760000228881836,28.190000534057617,219000,0.0,0.0
2023-03-14 00:00:00-04:00,29.010000228881836,29.389999389648438,28.010000228881836,28.510000228881836,209700,0.0,0.0
2023-03-15 00:00:00-04:00,27.780000686645508,27.780000686645508,26.0,26.989999771118164,286400,0.0,0.0
2023-03-16 00:00:00-04:00,26.600000381469727,27.709999084472656,26.329999923706055,27.059999465942383,194200,0.0,0.0
2023-03-17 00:00:00-04:00,26.56999969482422,27.219999313354492,26.020000457763672,26.049999237060547,264100,0.0,0.0
2023-03-20 00:00:00-04:00,26.34000015258789,26.899999618530273,26.010000228881836,26.18000030517578,142600,0.0,0.0
2023-03-21 00:00:00-04:00,26.93000030517578,27.329999923706055,26.700000762939453,26.719999313354492,123000,0.0,0.0
2023-03-22 00:00:00-04:00,26.729999542236328,26.989999771118164,26.010000228881836,26.059999465942383,152900,0.0,0.0
2023-03-23 00:00:00-04:00,26.270000457763672,27.079999923706055,25.700000762939453,25.979999542236328,127600,0.0,0.0
2023-03-24 00:00:00-04:00,25.600000381469727,26.389999389648438,25.25,26.1200008392334,148300,0.0,0.0
2023-03-27 00:00:00-04:00,26.6200008392334,27.09000015258789,26.1200008392334,26.770000457763672,131100,0.0,0.0
2023-03-28 00:00:00-04:00,26.68000030517578,27.040000915527344,26.239999771118164,26.479999542236328,141900,0.0,0.0
2023-03-29 00:00:00-04:00,27.059999465942383,27.549999237060547,26.739999771118164,27.059999465942383,148000,0.0,0.0
2023-03-30 00:00:00-04:00,27.40999984741211,27.43000030517578,26.6299991607666,26.8799991607666,99600,0.0,0.0
2023-03-31 00:00:00-04:00,27.110000610351562,27.6200008392334,26.850000381469727,27.600000381469727,131000,0.0,0.0
2023-04-03 00:00:00-04:00,27.969999313354492,28.329999923706055,27.31999969482422,27.979999542236328,116700,0.0,0.0
2023-04-04 00:00:00-04:00,27.8700008392334,27.920000076293945,26.31999969482422,27.190000534057617,157100,0.0,0.0
2023-04-05 00:00:00-04:00,26.920000076293945,27.0,26.270000457763672,26.920000076293945,126100,0.0,0.0
2023-04-06 00:00:00-04:00,26.790000915527344,26.790000915527344,26.18000030517578,26.43000030517578,136000,0.0,0.0
2023-04-10 00:00:00-04:00,26.56999969482422,27.700000762939453,26.450000762939453,27.299999237060547,184400,0.0,0.0
2023-04-11 00:00:00-04:00,27.200000762939453,27.729999542236328,26.93000030517578,27.309999465942383,218900,0.0,0.0
2023-04-12 00:00:00-04:00,27.690000534057617,27.760000228881836,27.0,27.170000076293945,152300,0.0,0.0
2023-04-13 00:00:00-04:00,27.170000076293945,27.8799991607666,26.850000381469727,27.65999984741211,168900,0.0,0.0
2023-04-14 00:00:00-04:00,27.950000762939453,28.350000381469727,27.1200008392334,27.280000686645508,180500,0.0,0.0
2023-04-17 00:00:00-04:00,27.299999237060547,27.889999389648438,27.139999389648438,27.510000228881836,123000,0.0,0.0
2023-04-18 00:00:00-04:00,27.639999389648438,27.670000076293945,26.270000457763672,26.670000076293945,166700,0.0,0.0
2023-04-19 00:00:00-04:00,26.260000228881836,26.899999618530273,25.889999389648438,26.690000534057617,205000,0.0,0.0
2023-04-20 00:00:00-04:00,26.079999923706055,26.549999237060547,26.079999923706055,26.229999542236328,108600,0.0,0.0
2023-04-21 00:00:00-04:00,26.200000762939453,26.360000610351562,25.610000610351562,25.799999237060547,166600,0.0,0.0
2023-04-24 00:00:00-04:00,25.75,26.479999542236328,25.719999313354492,26.420000076293945,111500,0.0,0.0
2023-04-25 00:00:00-04:00,25.969999313354492,26.079999923706055,25.209999084472656,25.25,122800,0.0,0.0
2023-04-26 00:00:00-04:00,25.209999084472656,25.739999771118164,25.18000030517578,25.530000686645508,92800,0.0,0.0
2023-04-27 00:00:00-04:00,25.559999465942383,25.559999465942383,24.770000457763672,25.420000076293945,170600,0.0,0.0
2023-04-28 00:00:00-04:00,25.260000228881836,25.829999923706055,25.149999618530273,25.780000686645508,112100,0.0,0.0
2023-05-01 00:00:00-04:00,25.6299991607666,26.1200008392334,25.5,25.989999771118164,119300,0.0,0.0
2023-05-02 00:00:00-04:00,25.75,25.770000457763672,24.639999389648438,25.600000381469727,117500,0.0,0.0
2023-05-03 00:00:00-04:00,25.6299991607666,26.219999313354492,25.420000076293945,25.510000228881836,164100,0.0,0.0
2023-05-04 00:00:00-04:00,24.299999237060547,24.299999237060547,20.899999618530273,21.360000610351562,567700,0.0,0.0
2023-05-05 00:00:00-04:00,21.8799991607666,22.049999237060547,20.81999969482422,20.920000076293945,306700,0.0,0.0
2023-05-08 00:00:00-04:00,21.200000762939453,21.780000686645508,20.149999618530273,20.170000076293945,318600,0.0,0.0
2023-05-09 00:00:00-04:00,20.020000457763672,20.170000076293945,19.469999313354492,19.899999618530273,300900,0.0,0.0
2023-05-10 00:00:00-04:00,20.110000610351562,20.260000228881836,19.290000915527344,19.510000228881836,254000,0.0,0.0
2023-05-11 00:00:00-04:00,19.06999969482422,19.600000381469727,18.809999465942383,19.360000610351562,209800,0.0,0.0
2023-05-12 00:00:00-04:00,19.399999618530273,19.43000030517578,18.260000228881836,18.829999923706055,207700,0.0,0.0
2023-05-15 00:00:00-04:00,18.93000030517578,19.770000457763672,18.829999923706055,19.700000762939453,274800,0.0,0.0
2023-05-16 00:00:00-04:00,19.579999923706055,19.700000762939453,19.139999389648438,19.260000228881836,158700,0.0,0.0
2023-05-17 00:00:00-04:00,19.40999984741211,19.5,18.920000076293945,19.40999984741211,237600,0.0,0.0
2023-05-18 00:00:00-04:00,19.389999389648438,19.690000534057617,19.09000015258789,19.670000076293945,149000,0.0,0.0
2023-05-19 00:00:00-04:00,19.989999771118164,20.190000534057617,19.459999084472656,19.56999969482422,219800,0.0,0.0
2023-05-22 00:00:00-04:00,19.68000030517578,20.479999542236328,19.40999984741211,19.8799991607666,311500,0.0,0.0
2023-05-23 00:00:00-04:00,19.920000076293945,20.31999969482422,19.59000015258789,20.239999771118164,225900,0.0,0.0
2023-05-24 00:00:00-04:00,20.1299991607666,20.1299991607666,19.40999984741211,19.549999237060547,142000,0.0,0.0
2023-05-25 00:00:00-04:00,19.43000030517578,19.43000030517578,18.75,19.06999969482422,199800,0.0,0.0
2023-05-26 00:00:00-04:00,19.200000762939453,19.440000534057617,18.899999618530273,18.93000030517578,136600,0.0,0.0
2023-05-30 00:00:00-04:00,19.049999237060547,19.049999237060547,17.969999313354492,18.5,230300,0.0,0.0
2023-05-31 00:00:00-04:00,18.25,18.25,17.559999465942383,17.579999923706055,265600,0.0,0.0
2023-06-01 00:00:00-04:00,17.649999618530273,17.860000610351562,17.229999542236328,17.6200008392334,190300,0.0,0.0
2023-06-02 00:00:00-04:00,18.110000610351562,19.34000015258789,18.059999465942383,19.219999313354492,238200,0.0,0.0
2023-06-05 00:00:00-04:00,19.3700008392334,20.25,19.3700008392334,19.920000076293945,225200,0.0,0.0
2023-06-06 00:00:00-04:00,19.43000030517578,20.979999542236328,19.350000381469727,20.93000030517578,253500,0.0,0.0
2023-06-07 00:00:00-04:00,21.25,22.420000076293945,21.25,22.200000762939453,254300,0.0,0.0
2023-06-08 00:00:00-04:00,22.149999618530273,22.40999984741211,21.31999969482422,22.270000457763672,253200,0.0,0.0
2023-06-09 00:00:00-04:00,22.25,22.309999465942383,21.459999084472656,22.049999237060547,170900,0.0,0.0
2023-06-12 00:00:00-04:00,22.049999237060547,22.530000686645508,21.899999618530273,22.190000534057617,118600,0.0,0.0
2023-06-13 00:00:00-04:00,22.270000457763672,22.809999465942383,22.049999237060547,22.219999313354492,189100,0.0,0.0
2023-06-14 00:00:00-04:00,22.3799991607666,22.600000381469727,21.100000381469727,21.329999923706055,252300,0.0,0.0
2023-06-15 00:00:00-04:00,21.399999618530273,21.950000762939453,21.399999618530273,21.760000228881836,138000,0.0,0.0
2023-06-16 00:00:00-04:00,22.040000915527344,22.040000915527344,21.25,21.649999618530273,221700,0.0,0.0
2023-06-20 00:00:00-04:00,21.520000457763672,21.610000610351562,20.649999618530273,21.18000030517578,236700,0.0,0.0
2023-06-21 00:00:00-04:00,21.030000686645508,21.81999969482422,20.770000457763672,21.530000686645508,159900,0.0,0.0
2023-06-22 00:00:00-04:00,21.309999465942383,21.600000381469727,20.75,21.149999618530273,94800,0.0,0.0
2023-06-23 00:00:00-04:00,20.6200008392334,21.170000076293945,20.6200008392334,21.020000457763672,196800,0.0,0.0
2023-06-26 00:00:00-04:00,21.030000686645508,21.59000015258789,21.030000686645508,21.239999771118164,115200,0.0,0.0
2023-06-27 00:00:00-04:00,21.190000534057617,21.65999984741211,20.8700008392334,21.540000915527344,135400,0.0,0.0
2023-06-28 00:00:00-04:00,21.510000228881836,21.540000915527344,21.079999923706055,21.31999969482422,71500,0.0,0.0
2023-06-29 00:00:00-04:00,21.309999465942383,22.469999313354492,21.309999465942383,22.43000030517578,134500,0.0,0.0
2023-06-30 00:00:00-04:00,22.709999084472656,23.049999237060547,22.510000228881836,22.690000534057617,160100,0.0,0.0
2023-07-03 00:00:00-04:00,22.40999984741211,23.229999542236328,22.40999984741211,23.0,73200,0.0,0.0
2023-07-05 00:00:00-04:00,23.010000228881836,23.56999969482422,22.5,23.15999984741211,168900,0.0,0.0
2023-07-06 00:00:00-04:00,22.790000915527344,23.299999237060547,22.239999771118164,23.25,258100,0.0,0.0
2023-07-07 00:00:00-04:00,23.360000610351562,26.09000015258789,23.360000610351562,25.399999618530273,480200,0.0,0.0
2023-07-10 00:00:00-04:00,25.149999618530273,25.850000381469727,24.760000228881836,25.1200008392334,210200,0.0,0.0
2023-07-11 00:00:00-04:00,25.190000534057617,25.280000686645508,23.829999923706055,24.600000381469727,230700,0.0,0.0
2023-07-12 00:00:00-04:00,25.290000915527344,25.399999618530273,24.209999084472656,24.309999465942383,160300,0.0,0.0
2023-07-13 00:00:00-04:00,24.270000457763672,24.530000686645508,23.899999618530273,23.940000534057617,160400,0.0,0.0
2023-07-14 00:00:00-04:00,23.969999313354492,24.25,23.6299991607666,24.100000381469727,162400,0.0,0.0
2023-07-17 00:00:00-04:00,24.459999084472656,24.8799991607666,24.200000762939453,24.229999542236328,175300,0.0,0.0
2023-07-18 00:00:00-04:00,24.06999969482422,26.360000610351562,24.0,26.049999237060547,248200,0.0,0.0
2023-07-19 00:00:00-04:00,26.31999969482422,26.90999984741211,25.59000015258789,25.950000762939453,191900,0.0,0.0
2023-07-20 00:00:00-04:00,26.3700008392334,26.700000762939453,25.209999084472656,26.149999618530273,161700,0.0,0.0
2023-07-21 00:00:00-04:00,26.200000762939453,26.200000762939453,25.440000534057617,25.520000457763672,110300,0.0,0.0
2023-07-24 00:00:00-04:00,25.610000610351562,26.399999618530273,25.43000030517578,26.049999237060547,162400,0.0,0.0
2023-07-25 00:00:00-04:00,26.079999923706055,26.440000534057617,25.799999237060547,25.81999969482422,100900,0.0,0.0
2023-07-26 00:00:00-04:00,25.709999084472656,26.75,25.709999084472656,26.739999771118164,163600,0.0,0.0
2023-07-27 00:00:00-04:00,27.989999771118164,28.219999313354492,27.0,27.440000534057617,370300,0.0,0.0
2023-07-28 00:00:00-04:00,27.5,27.8700008392334,26.610000610351562,27.40999984741211,159000,0.0,0.0
2023-07-31 00:00:00-04:00,27.440000534057617,27.739999771118164,27.25,27.5,127200,0.0,0.0
2023-08-01 00:00:00-04:00,27.290000915527344,27.360000610351562,26.6299991607666,27.110000610351562,124500,0.0,0.0
2023-08-02 00:00:00-04:00,26.780000686645508,27.0,26.200000762939453,26.780000686645508,160900,0.0,0.0
2023-08-03 00:00:00-04:00,26.18000030517578,26.3700008392334,23.6200008392334,24.989999771118164,508800,0.0,0.0
2023-08-04 00:00:00-04:00,25.3799991607666,27.469999313354492,25.18000030517578,27.1200008392334,206200,0.0,0.0
2023-08-07 00:00:00-04:00,27.1200008392334,27.809999465942383,26.309999465942383,26.709999084472656,165700,0.0,0.0
2023-08-08 00:00:00-04:00,25.15999984741211,26.700000762939453,25.0,26.639999389648438,266400,0.0,0.0
2023-08-09 00:00:00-04:00,26.700000762939453,27.739999771118164,26.700000762939453,27.700000762939453,251800,0.0,0.0
2023-08-10 00:00:00-04:00,27.8700008392334,28.139999389648438,27.040000915527344,27.25,144500,0.0,0.0
2023-08-11 00:00:00-04:00,27.280000686645508,28.299999237060547,26.899999618530273,27.549999237060547,174100,0.0,0.0
2023-08-14 00:00:00-04:00,26.969999313354492,27.469999313354492,26.049999237060547,26.610000610351562,152100,0.0,0.0
2023-08-15 00:00:00-04:00,26.34000015258789,26.450000762939453,25.299999237060547,25.5,119300,0.0,0.0
2023-08-16 00:00:00-04:00,25.399999618530273,25.989999771118164,25.190000534057617,25.510000228881836,105200,0.0,0.0
2023-08-17 00:00:00-04:00,25.65999984741211,25.969999313354492,25.420000076293945,25.670000076293945,71000,0.0,0.0
2023-08-18 00:00:00-04:00,25.34000015258789,26.290000915527344,25.280000686645508,25.940000534057617,86900,0.0,0.0
2023-08-21 00:00:00-04:00,25.899999618530273,26.06999969482422,24.8700008392334,25.829999923706055,108900,0.0,0.0
2023-08-22 00:00:00-04:00,25.850000381469727,26.229999542236328,25.18000030517578,25.469999313354492,87000,0.0,0.0
2023-08-23 00:00:00-04:00,25.40999984741211,25.6200008392334,25.020000457763672,25.030000686645508,71600,0.0,0.0
2023-08-24 00:00:00-04:00,24.860000610351562,26.1299991607666,24.790000915527344,25.780000686645508,117800,0.0,0.0
2023-08-25 00:00:00-04:00,26.020000457763672,26.309999465942383,25.450000762939453,25.65999984741211,63800,0.0,0.0
2023-08-28 00:00:00-04:00,25.75,26.440000534057617,25.75,25.889999389648438,71100,0.0,0.0
2023-08-29 00:00:00-04:00,25.8799991607666,27.200000762939453,25.65999984741211,27.149999618530273,192000,0.0,0.0
2023-08-30 00:00:00-04:00,26.979999542236328,27.18000030517578,26.65999984741211,27.010000228881836,91600,0.0,0.0
2023-08-31 00:00:00-04:00,27.030000686645508,27.309999465942383,26.579999923706055,26.829999923706055,101000,0.0,0.0
2023-09-01 00:00:00-04:00,27.059999465942383,28.0,27.059999465942383,27.690000534057617,120300,0.0,0.0
2023-09-05 00:00:00-04:00,27.809999465942383,27.809999465942383,26.809999465942383,26.950000762939453,136800,0.0,0.0
2023-09-06 00:00:00-04:00,26.8799991607666,27.059999465942383,24.889999389648438,25.059999465942383,140300,0.0,0.0
2023-09-07 00:00:00-04:00,24.920000076293945,25.299999237060547,24.149999618530273,24.610000610351562,204800,0.0,0.0
2023-09-08 00:00:00-04:00,24.3799991607666,25.43000030517578,24.3799991607666,25.3700008392334,84000,0.0,0.0
2023-09-11 00:00:00-04:00,25.950000762939453,26.0,24.549999237060547,24.639999389648438,87200,0.0,0.0
2023-09-12 00:00:00-04:00,24.440000534057617,25.059999465942383,24.34000015258789,24.649999618530273,87000,0.0,0.0
2023-09-13 00:00:00-04:00,24.760000228881836,25.059999465942383,24.350000381469727,24.760000228881836,78700,0.0,0.0
2023-09-14 00:00:00-04:00,25.200000762939453,25.8799991607666,25.190000534057617,25.770000457763672,83600,0.0,0.0
2023-09-15 00:00:00-04:00,25.65999984741211,25.969999313354492,24.670000076293945,24.860000610351562,275800,0.0,0.0
2023-09-18 00:00:00-04:00,24.979999542236328,24.979999542236328,24.219999313354492,24.5,69200,0.0,0.0
2023-09-19 00:00:00-04:00,24.43000030517578,25.040000915527344,24.43000030517578,24.93000030517578,61200,0.0,0.0
2023-09-20 00:00:00-04:00,25.020000457763672,25.809999465942383,24.860000610351562,24.8799991607666,98200,0.0,0.0
2023-09-21 00:00:00-04:00,24.690000534057617,24.81999969482422,24.25,24.6200008392334,69400,0.0,0.0
2023-09-22 00:00:00-04:00,24.459999084472656,24.899999618530273,24.170000076293945,24.229999542236328,58900,0.0,0.0
2023-09-25 00:00:00-04:00,24.100000381469727,24.84000015258789,24.100000381469727,24.770000457763672,52200,0.0,0.0
2023-09-26 00:00:00-04:00,24.600000381469727,25.15999984741211,24.450000762939453,24.600000381469727,75400,0.0,0.0
2023-09-27 00:00:00-04:00,24.729999542236328,25.09000015258789,24.399999618530273,24.540000915527344,48400,0.0,0.0
2023-09-28 00:00:00-04:00,24.639999389648438,24.899999618530273,24.200000762939453,24.760000228881836,57500,0.0,0.0
2023-09-29 00:00:00-04:00,24.889999389648438,25.540000915527344,24.889999389648438,25.15999984741211,76400,0.0,0.0
2023-10-02 00:00:00-04:00,24.780000686645508,25.030000686645508,23.360000610351562,23.739999771118164,113500,0.0,0.0
2023-10-03 00:00:00-04:00,23.280000686645508,23.3700008392334,22.25,22.579999923706055,164500,0.0,0.0
2023-10-04 00:00:00-04:00,22.510000228881836,22.739999771118164,22.18000030517578,22.5,66300,0.0,0.0
2023-10-05 00:00:00-04:00,22.389999389648438,23.049999237060547,22.270000457763672,22.850000381469727,98600,0.0,0.0
2023-10-06 00:00:00-04:00,22.75,22.899999618530273,22.219999313354492,22.280000686645508,57000,0.0,0.0
2023-10-09 00:00:00-04:00,22.040000915527344,22.739999771118164,22.0,22.56999969482422,86100,0.0,0.0
2023-10-10 00:00:00-04:00,22.579999923706055,23.31999969482422,22.579999923706055,22.989999771118164,83300,0.0,0.0
2023-10-11 00:00:00-04:00,22.979999542236328,23.229999542236328,22.280000686645508,22.43000030517578,56300,0.0,0.0
2023-10-12 00:00:00-04:00,22.56999969482422,22.56999969482422,21.600000381469727,21.90999984741211,90100,0.0,0.0
2023-10-13 00:00:00-04:00,21.8799991607666,22.280000686645508,21.68000030517578,21.979999542236328,83400,0.0,0.0
2023-10-16 00:00:00-04:00,22.299999237060547,22.299999237060547,21.360000610351562,21.510000228881836,154700,0.0,0.0
2023-10-17 00:00:00-04:00,21.399999618530273,22.139999389648438,21.31999969482422,21.459999084472656,175300,0.0,0.0
2023-10-18 00:00:00-04:00,21.110000610351562,21.940000534057617,21.110000610351562,21.65999984741211,109200,0.0,0.0
2023-10-19 00:00:00-04:00,21.520000457763672,21.75,21.030000686645508,21.149999618530273,72800,0.0,0.0
2023-10-20 00:00:00-04:00,21.149999618530273,21.3799991607666,20.860000610351562,20.950000762939453,122900,0.0,0.0
2023-10-23 00:00:00-04:00,20.489999771118164,20.850000381469727,20.049999237060547,20.1200008392334,100700,0.0,0.0
2023-10-24 00:00:00-04:00,20.3700008392334,20.8700008392334,20.280000686645508,20.579999923706055,79600,0.0,0.0
2023-10-25 00:00:00-04:00,20.5,20.700000762939453,20.280000686645508,20.469999313354492,83200,0.0,0.0
2023-10-26 00:00:00-04:00,20.530000686645508,21.0,20.530000686645508,20.729999542236328,61200,0.0,0.0
2023-10-27 00:00:00-04:00,20.6200008392334,20.690000534057617,20.25,20.5,64700,0.0,0.0
2023-10-30 00:00:00-04:00,21.0,21.350000381469727,20.40999984741211,20.540000915527344,55800,0.0,0.0
2023-10-31 00:00:00-04:00,20.6299991607666,20.6299991607666,19.84000015258789,19.889999389648438,75400,0.0,0.0
2023-11-01 00:00:00-04:00,19.799999237060547,20.049999237060547,19.420000076293945,19.959999084472656,117900,0.0,0.0
2023-11-02 00:00:00-04:00,19.889999389648438,20.739999771118164,19.8799991607666,20.709999084472656,155800,0.0,0.0
2023-11-03 00:00:00-04:00,21.40999984741211,21.790000915527344,20.959999084472656,21.0,73900,0.0,0.0
2023-11-06 00:00:00-05:00,21.09000015258789,21.389999389648438,20.280000686645508,20.59000015258789,93600,0.0,0.0
2023-11-07 00:00:00-05:00,20.399999618530273,20.5,19.989999771118164,20.0,145400,0.0,0.0
2023-11-08 00:00:00-05:00,20.100000381469727,20.399999618530273,19.579999923706055,19.760000228881836,126400,0.0,0.0
2023-11-09 00:00:00-05:00,19.760000228881836,20.0,18.510000228881836,18.540000915527344,161500,0.0,0.0
2023-11-10 00:00:00-05:00,18.389999389648438,18.700000762939453,17.850000381469727,18.280000686645508,180300,0.0,0.0
2023-11-13 00:00:00-05:00,17.93000030517578,18.440000534057617,17.899999618530273,18.290000915527344,172000,0.0,0.0
2023-11-14 00:00:00-05:00,18.549999237060547,19.959999084472656,18.549999237060547,19.959999084472656,141900,0.0,0.0
2023-11-15 00:00:00-05:00,20.0,20.489999771118164,19.780000686645508,20.3700008392334,144500,0.0,0.0
2023-11-16 00:00:00-05:00,20.1200008392334,20.389999389648438,19.520000457763672,19.600000381469727,80500,0.0,0.0
2023-11-17 00:00:00-05:00,19.959999084472656,19.959999084472656,19.18000030517578,19.549999237060547,71800,0.0,0.0
2023-11-20 00:00:00-05:00,19.469999313354492,19.610000610351562,19.190000534057617,19.489999771118164,80700,0.0,0.0
2023-11-21 00:00:00-05:00,19.3799991607666,19.639999389648438,19.170000076293945,19.299999237060547,73300,0.0,0.0
2023-11-22 00:00:00-05:00,19.190000534057617,19.34000015258789,18.90999984741211,19.270000457763672,85800,0.0,0.0
2023-11-24 00:00:00-05:00,19.229999542236328,19.649999618530273,19.229999542236328,19.600000381469727,35300,0.0,0.0
2023-11-27 00:00:00-05:00,19.489999771118164,19.489999771118164,19.06999969482422,19.219999313354492,76500,0.0,0.0
2023-11-28 00:00:00-05:00,19.149999618530273,19.459999084472656,18.93000030517578,19.309999465942383,132500,0.0,0.0
2023-11-29 00:00:00-05:00,19.709999084472656,20.0,19.59000015258789,19.899999618530273,142900,0.0,0.0
2023-11-30 00:00:00-05:00,19.979999542236328,20.790000915527344,19.829999923706055,20.540000915527344,499200,0.0,0.0
2023-12-01 00:00:00-05:00,20.40999984741211,21.579999923706055,20.229999542236328,20.850000381469727,202100,0.0,0.0
2023-12-04 00:00:00-05:00,20.729999542236328,20.979999542236328,19.850000381469727,20.040000915527344,104500,0.0,0.0
2023-12-05 00:00:00-05:00,20.010000228881836,20.010000228881836,19.200000762939453,19.219999313354492,101500,0.0,0.0
2023-12-06 00:00:00-05:00,19.479999542236328,19.790000915527344,19.100000381469727,19.190000534057617,127000,0.0,0.0
2023-12-07 00:00:00-05:00,19.3799991607666,19.739999771118164,19.1200008392334,19.5,94200,0.0,0.0
2023-12-08 00:00:00-05:00,19.3700008392334,19.860000610351562,19.229999542236328,19.450000762939453,69000,0.0,0.0
2023-12-11 00:00:00-05:00,19.34000015258789,19.549999237060547,18.950000762939453,19.09000015258789,114400,0.0,0.0
2023-12-12 00:00:00-05:00,18.989999771118164,18.989999771118164,18.31999969482422,18.459999084472656,132400,0.0,0.0
2023-12-13 00:00:00-05:00,18.299999237060547,19.3700008392334,18.280000686645508,19.260000228881836,164900,0.0,0.0
2023-12-14 00:00:00-05:00,20.290000915527344,23.399999618530273,20.290000915527344,23.170000076293945,635900,0.0,0.0
2023-12-15 00:00:00-05:00,23.299999237060547,23.75,22.559999465942383,23.329999923706055,336200,0.0,0.0
2023-12-18 00:00:00-05:00,23.700000762939453,23.700000762939453,22.860000610351562,22.989999771118164,167200,0.0,0.0
2023-12-19 00:00:00-05:00,23.399999618530273,25.440000534057617,22.989999771118164,25.329999923706055,243600,0.0,0.0
2023-12-20 00:00:00-05:00,25.329999923706055,26.239999771118164,24.530000686645508,24.610000610351562,231900,0.0,0.0
2023-12-21 00:00:00-05:00,25.110000610351562,25.6200008392334,24.329999923706055,25.010000228881836,126300,0.0,0.0
2023-12-22 00:00:00-05:00,25.450000762939453,25.690000534057617,24.290000915527344,24.770000457763672,125500,0.0,0.0
2023-12-26 00:00:00-05:00,24.969999313354492,25.360000610351562,24.84000015258789,25.200000762939453,106700,0.0,0.0
2023-12-27 00:00:00-05:00,25.34000015258789,25.5,24.690000534057617,24.90999984741211,97400,0.0,0.0
2023-12-28 00:00:00-05:00,24.75,25.100000381469727,24.399999618530273,24.489999771118164,87800,0.0,0.0
2023-12-29 00:00:00-05:00,24.540000915527344,24.780000686645508,23.510000228881836,23.889999389648438,146600,0.0,0.0
2024-01-02 00:00:00-05:00,23.639999389648438,24.649999618530273,23.510000228881836,23.8799991607666,102600,0.0,0.0
2024-01-03 00:00:00-05:00,23.610000610351562,23.610000610351562,22.579999923706055,22.649999618530273,119300,0.0,0.0
2024-01-04 00:00:00-05:00,22.670000076293945,22.670000076293945,21.6200008392334,21.6299991607666,98800,0.0,0.0
2024-01-05 00:00:00-05:00,21.5,21.829999923706055,21.139999389648438,21.3799991607666,161000,0.0,0.0
2024-01-08 00:00:00-05:00,21.1299991607666,21.280000686645508,20.65999984741211,21.1299991607666,83300,0.0,0.0
2024-01-09 00:00:00-05:00,20.889999389648438,20.899999618530273,20.190000534057617,20.3799991607666,107900,0.0,0.0
2024-01-10 00:00:00-05:00,20.290000915527344,20.670000076293945,20.0,20.389999389648438,87400,0.0,0.0
2024-01-11 00:00:00-05:00,20.270000457763672,20.489999771118164,19.90999984741211,20.260000228881836,74900,0.0,0.0
2024-01-12 00:00:00-05:00,20.639999389648438,20.770000457763672,19.899999618530273,20.1200008392334,86000,0.0,0.0
2024-01-16 00:00:00-05:00,19.969999313354492,20.219999313354492,19.350000381469727,19.3799991607666,106900,0.0,0.0
2024-01-17 00:00:00-05:00,19.110000610351562,19.3799991607666,18.889999389648438,19.139999389648438,122600,0.0,0.0
2024-01-18 00:00:00-05:00,19.290000915527344,19.3700008392334,18.90999984741211,19.15999984741211,108400,0.0,0.0
2024-01-19 00:00:00-05:00,19.229999542236328,19.459999084472656,18.809999465942383,19.43000030517578,117800,0.0,0.0
2024-01-22 00:00:00-05:00,19.530000686645508,20.100000381469727,19.40999984741211,19.700000762939453,79400,0.0,0.0
2024-01-23 00:00:00-05:00,20.079999923706055,20.360000610351562,19.56999969482422,19.59000015258789,97300,0.0,0.0
2024-01-24 00:00:00-05:00,20.18000030517578,20.18000030517578,19.399999618530273,19.829999923706055,89500,0.0,0.0
2024-01-25 00:00:00-05:00,20.229999542236328,20.31999969482422,19.610000610351562,19.959999084472656,78700,0.0,0.0
2024-01-26 00:00:00-05:00,20.139999389648438,20.40999984741211,19.84000015258789,19.920000076293945,52700,0.0,0.0
2024-01-29 00:00:00-05:00,19.889999389648438,20.200000762939453,19.59000015258789,20.149999618530273,89000,0.0,0.0
2024-01-30 00:00:00-05:00,19.899999618530273,20.030000686645508,19.549999237060547,19.549999237060547,52800,0.0,0.0
2024-01-31 00:00:00-05:00,19.3799991607666,19.459999084472656,18.360000610351562,18.399999618530273,172500,0.0,0.0
2024-02-01 00:00:00-05:00,18.760000228881836,18.940000534057617,18.239999771118164,18.709999084472656,96200,0.0,0.0
2024-02-02 00:00:00-05:00,18.299999237060547,18.479999542236328,18.059999465942383,18.34000015258789,117900,0.0,0.0
2024-02-05 00:00:00-05:00,18.149999618530273,18.239999771118164,17.559999465942383,17.940000534057617,136400,0.0,0.0
2024-02-06 00:00:00-05:00,17.770000457763672,18.329999923706055,17.770000457763672,17.899999618530273,125200,0.0,0.0
2024-02-07 00:00:00-05:00,17.950000762939453,17.959999084472656,17.520000457763672,17.850000381469727,147100,0.0,0.0
2024-02-08 00:00:00-05:00,17.75,18.040000915527344,17.649999618530273,17.81999969482422,123400,0.0,0.0
2024-02-09 00:00:00-05:00,17.790000915527344,18.799999237060547,17.790000915527344,18.6200008392334,189500,0.0,0.0
2024-02-12 00:00:00-05:00,18.59000015258789,19.670000076293945,18.59000015258789,19.360000610351562,117100,0.0,0.0
2024-02-13 00:00:00-05:00,18.670000076293945,19.1299991607666,18.549999237060547,19.049999237060547,267600,0.0,0.0
2024-02-14 00:00:00-05:00,19.420000076293945,19.479999542236328,18.899999618530273,19.3700008392334,112400,0.0,0.0
2024-02-15 00:00:00-05:00,19.510000228881836,20.350000381469727,19.510000228881836,19.989999771118164,129000,0.0,0.0
2024-02-16 00:00:00-05:00,19.780000686645508,20.450000762939453,19.5,20.260000228881836,98400,0.0,0.0
2024-02-20 00:00:00-05:00,19.889999389648438,20.31999969482422,19.8700008392334,20.15999984741211,109900,0.0,0.0
2024-02-21 00:00:00-05:00,20.110000610351562,20.579999923706055,19.899999618530273,20.360000610351562,107000,0.0,0.0
2024-02-22 00:00:00-05:00,20.360000610351562,20.899999618530273,20.049999237060547,20.469999313354492,101500,0.0,0.0
2024-02-23 00:00:00-05:00,20.389999389648438,20.649999618530273,20.1200008392334,20.559999465942383,90900,0.0,0.0
2024-02-26 00:00:00-05:00,20.299999237060547,20.700000762939453,20.270000457763672,20.68000030517578,68600,0.0,0.0
2024-02-27 00:00:00-05:00,20.950000762939453,21.3799991607666,20.84000015258789,21.059999465942383,71900,0.0,0.0
2024-02-28 00:00:00-05:00,20.770000457763672,21.329999923706055,20.75,21.06999969482422,109400,0.0,0.0
2024-02-29 00:00:00-05:00,21.350000381469727,21.459999084472656,20.8700008392334,21.079999923706055,95300,0.0,0.0
2024-03-01 00:00:00-05:00,21.260000228881836,21.329999923706055,20.989999771118164,21.06999969482422,73100,0.0,0.0
2024-03-04 00:00:00-05:00,21.0,21.270000457763672,20.920000076293945,21.09000015258789,92100,0.0,0.0
2024-03-05 00:00:00-05:00,20.809999465942383,21.270000457763672,20.739999771118164,21.139999389648438,127300,0.0,0.0
2024-03-06 00:00:00-05:00,21.350000381469727,21.549999237060547,21.18000030517578,21.399999618530273,103600,0.0,0.0
2024-03-07 00:00:00-05:00,21.149999618530273,23.260000228881836,21.149999618530273,22.649999618530273,200200,0.0,0.0
2024-03-08 00:00:00-05:00,22.010000228881836,22.290000915527344,19.719999313354492,20.209999084472656,362800,0.0,0.0
2024-03-11 00:00:00-04:00,20.040000915527344,20.459999084472656,20.010000228881836,20.25,158100,0.0,0.0
2024-03-12 00:00:00-04:00,20.190000534057617,20.34000015258789,19.850000381469727,19.979999542236328,174000,0.0,0.0
2024-03-13 00:00:00-04:00,19.84000015258789,20.40999984741211,19.15999984741211,19.239999771118164,162600,0.0,0.0
2024-03-14 00:00:00-04:00,19.139999389648438,19.139999389648438,18.31999969482422,18.510000228881836,113800,0.0,0.0
2024-03-15 00:00:00-04:00,18.459999084472656,19.600000381469727,18.350000381469727,19.3700008392334,208900,0.0,0.0
2024-03-18 00:00:00-04:00,19.389999389648438,19.940000534057617,19.1200008392334,19.540000915527344,86200,0.0,0.0
2024-03-19 00:00:00-04:00,19.56999969482422,19.65999984741211,19.200000762939453,19.219999313354492,70100,0.0,0.0
2024-03-20 00:00:00-04:00,19.040000915527344,19.940000534057617,18.920000076293945,19.709999084472656,115600,0.0,0.0
2024-03-21 00:00:00-04:00,19.790000915527344,19.8799991607666,19.3700008392334,19.489999771118164,105500,0.0,0.0
2024-03-22 00:00:00-04:00,19.40999984741211,19.40999984741211,18.549999237060547,18.579999923706055,108200,0.0,0.0
2024-03-25 00:00:00-04:00,18.709999084472656,18.950000762939453,18.6299991607666,18.760000228881836,74000,0.0,0.0
2024-03-26 00:00:00-04:00,18.8700008392334,19.110000610351562,18.59000015258789,18.93000030517578,84800,0.0,0.0
2024-03-27 00:00:00-04:00,19.0,20.489999771118164,18.860000610351562,20.399999618530273,153300,0.0,0.0
2024-03-28 00:00:00-04:00,20.579999923706055,21.200000762939453,20.530000686645508,20.860000610351562,89900,0.0,0.0
2024-04-01 00:00:00-04:00,21.0,21.06999969482422,20.700000762939453,20.8799991607666,119000,0.0,0.0
2024-04-02 00:00:00-04:00,20.780000686645508,21.030000686645508,20.540000915527344,20.959999084472656,94100,0.0,0.0
2024-04-03 00:00:00-04:00,20.84000015258789,21.1200008392334,20.770000457763672,21.110000610351562,109900,0.0,0.0
2024-04-04 00:00:00-04:00,21.420000076293945,21.920000076293945,21.020000457763672,21.15999984741211,144700,0.0,0.0
2024-04-05 00:00:00-04:00,21.059999465942383,21.530000686645508,20.739999771118164,21.469999313354492,86600,0.0,0.0
2024-04-08 00:00:00-04:00,21.670000076293945,21.809999465942383,20.790000915527344,20.790000915527344,118400,0.0,0.0
2024-04-09 00:00:00-04:00,20.8799991607666,21.09000015258789,20.75,20.8700008392334,86700,0.0,0.0
2024-04-10 00:00:00-04:00,20.469999313354492,21.260000228881836,20.469999313354492,21.219999313354492,110900,0.0,0.0
2024-04-11 00:00:00-04:00,21.309999465942383,21.31999969482422,20.719999313354492,20.93000030517578,91700,0.0,0.0
2024-04-12 00:00:00-04:00,20.75,20.850000381469727,20.399999618530273,20.40999984741211,164500,0.0,0.0
2024-04-15 00:00:00-04:00,20.469999313354492,20.469999313354492,18.90999984741211,19.200000762939453,156900,0.0,0.0
2024-04-16 00:00:00-04:00,19.010000228881836,19.399999618530273,18.829999923706055,19.040000915527344,82800,0.0,0.0
2024-04-17 00:00:00-04:00,19.200000762939453,19.489999771118164,19.15999984741211,19.270000457763672,91600,0.0,0.0
2024-04-18 00:00:00-04:00,19.34000015258789,19.899999618530273,19.010000228881836,19.520000457763672,77600,0.0,0.0
2024-04-19 00:00:00-04:00,19.40999984741211,19.81999969482422,19.389999389648438,19.65999984741211,100000,0.0,0.0
2024-04-22 00:00:00-04:00,19.850000381469727,20.040000915527344,19.469999313354492,19.780000686645508,110600,0.0,0.0
2024-04-23 00:00:00-04:00,19.719999313354492,19.899999618530273,19.579999923706055,19.700000762939453,74100,0.0,0.0
2024-04-24 00:00:00-04:00,19.5,19.760000228881836,19.3799991607666,19.729999542236328,58900,0.0,0.0
2024-04-25 00:00:00-04:00,19.600000381469727,19.649999618530273,19.34000015258789,19.600000381469727,70300,0.0,0.0
2024-04-26 00:00:00-04:00,19.65999984741211,19.889999389648438,19.5,19.530000686645508,63100,0.0,0.0
2024-04-29 00:00:00-04:00,19.649999618530273,20.440000534057617,19.649999618530273,20.280000686645508,85200,0.0,0.0
2024-04-30 00:00:00-04:00,20.059999465942383,20.389999389648438,20.049999237060547,20.1200008392334,55800,0.0,0.0
2024-05-01 00:00:00-04:00,20.1299991607666,20.459999084472656,19.969999313354492,20.020000457763672,111900,0.0,0.0
2024-05-02 00:00:00-04:00,20.170000076293945,20.6299991607666,19.950000762939453,20.510000228881836,68800,0.0,0.0
2024-05-03 00:00:00-04:00,20.950000762939453,21.149999618530273,20.760000228881836,20.780000686645508,72100,0.0,0.0
2024-05-06 00:00:00-04:00,20.899999618530273,21.31999969482422,20.899999618530273,21.1200008392334,69500,0.0,0.0
2024-05-07 00:00:00-04:00,21.229999542236328,21.889999389648438,21.229999542236328,21.329999923706055,75000,0.0,0.0
2024-05-08 00:00:00-04:00,21.09000015258789,21.229999542236328,20.8799991607666,21.06999969482422,70400,0.0,0.0
2024-05-09 00:00:00-04:00,21.489999771118164,24.6200008392334,21.309999465942383,24.59000015258789,409000,0.0,0.0
2024-05-10 00:00:00-04:00,24.670000076293945,25.440000534057617,24.520000457763672,24.68000030517578,196500,0.0,0.0
2024-05-13 00:00:00-04:00,24.979999542236328,26.920000076293945,24.969999313354492,25.530000686645508,228400,0.0,0.0
2024-05-14 00:00:00-04:00,26.170000076293945,26.530000686645508,25.799999237060547,25.81999969482422,178500,0.0,0.0
2024-05-15 00:00:00-04:00,26.280000686645508,26.280000686645508,24.850000381469727,25.030000686645508,182100,0.0,0.0
2024-05-16 00:00:00-04:00,24.989999771118164,25.139999389648438,24.729999542236328,25.06999969482422,106100,0.0,0.0
2024-05-17 00:00:00-04:00,25.139999389648438,25.209999084472656,24.649999618530273,24.8799991607666,73900,0.0,0.0
2024-05-20 00:00:00-04:00,24.979999542236328,26.729999542236328,24.979999542236328,26.309999465942383,156400,0.0,0.0
2024-05-21 00:00:00-04:00,26.290000915527344,26.5,25.68000030517578,26.489999771118164,97100,0.0,0.0
2024-05-22 00:00:00-04:00,26.489999771118164,27.049999237060547,26.239999771118164,26.8799991607666,125800,0.0,0.0
2024-05-23 00:00:00-04:00,26.75,27.549999237060547,26.5,26.8799991607666,138300,0.0,0.0
2024-05-24 00:00:00-04:00,26.969999313354492,27.850000381469727,26.829999923706055,27.6299991607666,85900,0.0,0.0
2024-05-28 00:00:00-04:00,27.959999084472656,28.0,27.059999465942383,27.610000610351562,119700,0.0,0.0
2024-05-29 00:00:00-04:00,27.219999313354492,27.239999771118164,25.850000381469727,25.899999618530273,97100,0.0,0.0
2024-05-30 00:00:00-04:00,25.8799991607666,26.899999618530273,25.8799991607666,26.739999771118164,87700,0.0,0.0
2024-05-31 00:00:00-04:00,26.93000030517578,27.170000076293945,26.209999084472656,26.829999923706055,66900,0.0,0.0
2024-06-03 00:00:00-04:00,27.239999771118164,27.239999771118164,25.520000457763672,26.09000015258789,130500,0.0,0.0
2024-06-04 00:00:00-04:00,25.889999389648438,25.889999389648438,24.799999237060547,25.239999771118164,82200,0.0,0.0
2024-06-05 00:00:00-04:00,25.290000915527344,25.81999969482422,24.670000076293945,25.739999771118164,96100,0.0,0.0
2024-06-06 00:00:00-04:00,25.610000610351562,25.770000457763672,25.229999542236328,25.469999313354492,43600,0.0,0.0
2024-06-07 00:00:00-04:00,25.1299991607666,25.530000686645508,24.760000228881836,25.149999618530273,37400,0.0,0.0
2024-06-10 00:00:00-04:00,25.06999969482422,25.440000534057617,24.770000457763672,25.209999084472656,50200,0.0,0.0
2024-06-11 00:00:00-04:00,24.8799991607666,24.8799991607666,24.190000534057617,24.65999984741211,60700,0.0,0.0
2024-06-12 00:00:00-04:00,25.350000381469727,25.469999313354492,24.739999771118164,24.84000015258789,74600,0.0,0.0
2024-06-13 00:00:00-04:00,24.549999237060547,24.559999465942383,23.739999771118164,24.040000915527344,68700,0.0,0.0
2024-06-14 00:00:00-04:00,23.700000762939453,23.850000381469727,23.299999237060547,23.489999771118164,111500,0.0,0.0
2024-06-17 00:00:00-04:00,23.260000228881836,23.690000534057617,23.239999771118164,23.690000534057617,58600,0.0,0.0
2024-06-18 00:00:00-04:00,23.770000457763672,24.200000762939453,23.649999618530273,23.940000534057617,67800,0.0,0.0
2024-06-20 00:00:00-04:00,23.809999465942383,24.1200008392334,23.56999969482422,23.600000381469727,47100,0.0,0.0
2024-06-21 00:00:00-04:00,23.440000534057617,23.670000076293945,23.360000610351562,23.440000534057617,116000,0.0,0.0
2024-06-24 00:00:00-04:00,23.530000686645508,23.729999542236328,23.219999313354492,23.40999984741211,62000,0.0,0.0
2024-06-25 00:00:00-04:00,23.260000228881836,23.3700008392334,23.06999969482422,23.18000030517578,42800,0.0,0.0
2024-06-26 00:00:00-04:00,23.049999237060547,23.610000610351562,23.030000686645508,23.56999969482422,46500,0.0,0.0
2024-06-27 00:00:00-04:00,23.649999618530273,23.760000228881836,23.209999084472656,23.559999465942383,73900,0.0,0.0
2024-06-28 00:00:00-04:00,23.760000228881836,24.049999237060547,23.219999313354492,23.43000030517578,173600,0.0,0.0
2024-07-01 00:00:00-04:00,23.479999542236328,23.790000915527344,22.809999465942383,22.829999923706055,63900,0.0,0.0
2024-07-02 00:00:00-04:00,22.799999237060547,22.950000762939453,22.600000381469727,22.729999542236328,52900,0.0,0.0
2024-07-03 00:00:00-04:00,22.81999969482422,23.360000610351562,22.81999969482422,23.31999969482422,39600,0.0,0.0
2024-07-05 00:00:00-04:00,23.15999984741211,23.200000762939453,22.809999465942383,22.989999771118164,56800,0.0,0.0
2024-07-08 00:00:00-04:00,23.06999969482422,23.270000457763672,22.739999771118164,22.920000076293945,58800,0.0,0.0
2024-07-09 00:00:00-04:00,22.790000915527344,22.889999389648438,22.360000610351562,22.469999313354492,85000,0.0,0.0
2024-07-10 00:00:00-04:00,22.719999313354492,23.0,22.549999237060547,22.899999618530273,58000,0.0,0.0
2024-07-11 00:00:00-04:00,23.600000381469727,25.06999969482422,23.579999923706055,24.899999618530273,110200,0.0,0.0
2024-07-12 00:00:00-04:00,25.1299991607666,25.1299991607666,24.530000686645508,24.549999237060547,56100,0.0,0.0
2024-07-15 00:00:00-04:00,24.579999923706055,24.829999923706055,24.229999542236328,24.719999313354492,62800,0.0,0.0
2024-07-16 00:00:00-04:00,24.979999542236328,26.059999465942383,24.709999084472656,25.6200008392334,136700,0.0,0.0
2024-07-17 00:00:00-04:00,25.530000686645508,26.389999389648438,25.440000534057617,25.729999542236328,84600,0.0,0.0
2024-07-18 00:00:00-04:00,25.469999313354492,25.760000228881836,24.90999984741211,24.969999313354492,51900,0.0,0.0
2024-07-19 00:00:00-04:00,24.90999984741211,24.90999984741211,24.06999969482422,24.31999969482422,59200,0.0,0.0
2024-07-22 00:00:00-04:00,24.5,25.34000015258789,24.100000381469727,25.239999771118164,78200,0.0,0.0
2024-07-23 00:00:00-04:00,25.190000534057617,26.350000381469727,24.979999542236328,26.18000030517578,84900,0.0,0.0
2024-07-24 00:00:00-04:00,26.06999969482422,26.579999923706055,25.6200008392334,25.639999389648438,65700,0.0,0.0
2024-07-25 00:00:00-04:00,25.899999618530273,26.809999465942383,25.780000686645508,26.530000686645508,68100,0.0,0.0
2024-07-26 00:00:00-04:00,27.06999969482422,27.09000015258789,26.209999084472656,26.93000030517578,59900,0.0,0.0
2024-07-29 00:00:00-04:00,27.209999084472656,27.209999084472656,26.010000228881836,26.1200008392334,64300,0.0,0.0
2024-07-30 00:00:00-04:00,25.920000076293945,26.350000381469727,25.579999923706055,26.329999923706055,67200,0.0,0.0
2024-07-31 00:00:00-04:00,26.43000030517578,26.81999969482422,26.079999923706055,26.09000015258789,55100,0.0,0.0
2024-08-01 00:00:00-04:00,25.940000534057617,26.239999771118164,24.3700008392334,24.889999389648438,83900,0.0,0.0
2024-08-02 00:00:00-04:00,23.989999771118164,23.989999771118164,23.329999923706055,23.549999237060547,97200,0.0,0.0
2024-08-05 00:00:00-04:00,22.0,22.8799991607666,20.75,22.079999923706055,144900,0.0,0.0
2024-08-06 00:00:00-04:00,22.440000534057617,23.420000076293945,21.739999771118164,23.25,105500,0.0,0.0
2024-08-07 00:00:00-04:00,23.899999618530273,23.920000076293945,21.09000015258789,21.56999969482422,121200,0.0,0.0
2024-08-08 00:00:00-04:00,22.0,22.18000030517578,21.56999969482422,21.760000228881836,64300,0.0,0.0
2024-08-09 00:00:00-04:00,21.780000686645508,21.799999237060547,21.290000915527344,21.780000686645508,50800,0.0,0.0
2024-08-12 00:00:00-04:00,21.780000686645508,21.90999984741211,21.479999542236328,21.510000228881836,47500,0.0,0.0
2024-08-13 00:00:00-04:00,21.579999923706055,21.889999389648438,21.510000228881836,21.670000076293945,41400,0.0,0.0
2024-08-14 00:00:00-04:00,21.579999923706055,21.739999771118164,21.030000686645508,21.3799991607666,49000,0.0,0.0
2024-08-15 00:00:00-04:00,22.010000228881836,22.010000228881836,21.530000686645508,21.65999984741211,65200,0.0,0.0
2024-08-16 00:00:00-04:00,21.520000457763672,21.969999313354492,21.450000762939453,21.770000457763672,73600,0.0,0.0
2024-08-19 00:00:00-04:00,21.959999084472656,22.479999542236328,21.8799991607666,22.309999465942383,42300,0.0,0.0
2024-08-20 00:00:00-04:00,22.350000381469727,22.59000015258789,22.149999618530273,22.200000762939453,34500,0.0,0.0
2024-08-21 00:00:00-04:00,22.34000015258789,23.450000762939453,22.299999237060547,23.299999237060547,44700,0.0,0.0
2024-08-22 00:00:00-04:00,23.399999618530273,23.440000534057617,22.299999237060547,22.3799991607666,56200,0.0,0.0
2024-08-23 00:00:00-04:00,22.6299991607666,23.549999237060547,22.40999984741211,23.040000915527344,43200,0.0,0.0
2024-08-26 00:00:00-04:00,23.43000030517578,24.15999984741211,23.079999923706055,23.790000915527344,93900,0.0,0.0
2024-08-27 00:00:00-04:00,23.719999313354492,24.530000686645508,23.530000686645508,24.440000534057617,78100,0.0,0.0
2024-08-28 00:00:00-04:00,24.43000030517578,25.290000915527344,24.25,24.31999969482422,88400,0.0,0.0
2024-08-29 00:00:00-04:00,24.520000457763672,24.829999923706055,24.280000686645508,24.469999313354492,47900,0.0,0.0
2024-08-30 00:00:00-04:00,24.540000915527344,24.90999984741211,24.229999542236328,24.68000030517578,27600,0.0,0.0
2024-09-03 00:00:00-04:00,24.290000915527344,24.290000915527344,23.079999923706055,23.549999237060547,89700,0.0,0.0
2024-09-04 00:00:00-04:00,23.43000030517578,24.399999618530273,23.43000030517578,23.639999389648438,38900,0.0,0.0
2024-09-05 00:00:00-04:00,23.920000076293945,24.170000076293945,23.139999389648438,23.280000686645508,56000,0.0,0.0
2024-09-06 00:00:00-04:00,23.18000030517578,23.56999969482422,23.06999969482422,23.229999542236328,55700,0.0,0.0
2024-09-09 00:00:00-04:00,23.229999542236328,23.530000686645508,22.989999771118164,23.219999313354492,58100,0.0,0.0
2024-09-10 00:00:00-04:00,23.25,23.25,22.649999618530273,22.889999389648438,37500,0.0,0.0
2024-09-11 00:00:00-04:00,22.8799991607666,22.989999771118164,21.75,22.850000381469727,50500,0.0,0.0
2024-09-12 00:00:00-04:00,23.200000762939453,23.540000915527344,22.969999313354492,23.450000762939453,36400,0.0,0.0
2024-09-13 00:00:00-04:00,23.84000015258789,24.239999771118164,23.729999542236328,23.93000030517578,28100,0.0,0.0
2024-09-16 00:00:00-04:00,23.860000610351562,24.309999465942383,23.799999237060547,24.229999542236328,38800,0.0,0.0
2024-09-17 00:00:00-04:00,24.530000686645508,25.549999237060547,24.530000686645508,25.280000686645508,71000,0.0,0.0
2024-09-18 00:00:00-04:00,25.020000457763672,25.459999084472656,24.440000534057617,24.450000762939453,76300,0.0,0.0
2024-09-19 00:00:00-04:00,25.09000015258789,25.09000015258789,24.479999542236328,24.5,67800,0.0,0.0
2024-09-20 00:00:00-04:00,24.25,24.450000762939453,23.75,24.280000686645508,131000,0.0,0.0
2024-09-23 00:00:00-04:00,24.350000381469727,24.360000610351562,23.459999084472656,23.65999984741211,44300,0.0,0.0
2024-09-24 00:00:00-04:00,23.950000762939453,24.200000762939453,23.790000915527344,23.8700008392334,41700,0.0,0.0
2024-09-25 00:00:00-04:00,23.90999984741211,23.959999084472656,23.489999771118164,23.489999771118164,58400,0.0,0.0
2024-09-26 00:00:00-04:00,23.649999618530273,24.959999084472656,23.649999618530273,24.360000610351562,80400,0.0,0.0
2024-09-27 00:00:00-04:00,24.489999771118164,24.510000228881836,23.760000228881836,23.93000030517578,47400,0.0,0.0
2024-09-30 00:00:00-04:00,23.799999237060547,24.3700008392334,23.600000381469727,24.0,35500,0.0,0.0
2024-10-01 00:00:00-04:00,23.989999771118164,24.260000228881836,23.719999313354492,23.889999389648438,25400,0.0,0.0
2024-10-02 00:00:00-04:00,23.719999313354492,24.5,23.59000015258789,23.760000228881836,28100,0.0,0.0
2024-10-03 00:00:00-04:00,23.579999923706055,23.649999618530273,23.260000228881836,23.3799991607666,25700,0.0,0.0
2024-10-04 00:00:00-04:00,23.6299991607666,24.0,23.43000030517578,23.520000457763672,27600,0.0,0.0
2024-10-07 00:00:00-04:00,23.100000381469727,23.700000762939453,22.729999542236328,23.280000686645508,56900,0.0,0.0
2024-10-08 00:00:00-04:00,23.270000457763672,24.299999237060547,23.25,23.850000381469727,46600,0.0,0.0
2024-10-09 00:00:00-04:00,23.690000534057617,24.020000457763672,23.5,23.559999465942383,44500,0.0,0.0
2024-10-10 00:00:00-04:00,23.43000030517578,23.760000228881836,23.399999618530273,23.700000762939453,20400,0.0,0.0
2024-10-11 00:00:00-04:00,23.6200008392334,23.969999313354492,23.6200008392334,23.93000030517578,29600,0.0,0.0
2024-10-14 00:00:00-04:00,24.1200008392334,24.34000015258789,23.809999465942383,23.8799991607666,48600,0.0,0.0
2024-10-15 00:00:00-04:00,23.6299991607666,23.989999771118164,23.350000381469727,23.579999923706055,45400,0.0,0.0
2024-10-16 00:00:00-04:00,23.860000610351562,24.440000534057617,23.860000610351562,24.399999618530273,47100,0.0,0.0
2024-10-17 00:00:00-04:00,24.3799991607666,24.5,23.950000762939453,24.459999084472656,37800,0.0,0.0
2024-10-18 00:00:00-04:00,24.59000015258789,24.719999313354492,24.0,24.469999313354492,50200,0.0,0.0
2024-10-21 00:00:00-04:00,24.3700008392334,24.639999389648438,24.15999984741211,24.56999969482422,38900,0.0,0.0
2024-10-22 00:00:00-04:00,24.420000076293945,24.739999771118164,24.15999984741211,24.68000030517578,24300,0.0,0.0
2024-10-23 00:00:00-04:00,24.600000381469727,24.860000610351562,24.450000762939453,24.690000534057617,30200,0.0,0.0
2024-10-24 00:00:00-04:00,24.780000686645508,24.780000686645508,24.40999984741211,24.489999771118164,33700,0.0,0.0
2024-10-25 00:00:00-04:00,24.56999969482422,24.90999984741211,24.489999771118164,24.729999542236328,37500,0.0,0.0
2024-10-28 00:00:00-04:00,24.510000228881836,26.190000534057617,24.0,26.030000686645508,81200,0.0,0.0
2024-10-29 00:00:00-04:00,25.90999984741211,26.40999984741211,25.639999389648438,26.219999313354492,41700,0.0,0.0
2024-10-30 00:00:00-04:00,26.209999084472656,26.700000762939453,25.0,25.020000457763672,56700,0.0,0.0
2024-10-31 00:00:00-04:00,25.190000534057617,25.43000030517578,24.850000381469727,25.09000015258789,51600,0.0,0.0
2024-11-01 00:00:00-04:00,25.3799991607666,25.5,24.950000762939453,25.3700008392334,43900,0.0,0.0
2024-11-04 00:00:00-05:00,26.360000610351562,26.75,25.540000915527344,26.719999313354492,156300,0.0,0.0
2024-11-05 00:00:00-05:00,26.690000534057617,29.219999313354492,26.110000610351562,28.790000915527344,283500,0.0,0.0
2024-11-06 00:00:00-05:00,29.520000457763672,29.75,25.950000762939453,26.860000610351562,296700,0.0,0.0
2024-11-07 00:00:00-05:00,25.829999923706055,28.450000762939453,25.760000228881836,27.8799991607666,107300,0.0,0.0
2024-11-08 00:00:00-05:00,27.540000915527344,28.649999618530273,27.43000030517578,27.68000030517578,100100,0.0,0.0
2024-11-11 00:00:00-05:00,27.690000534057617,27.84000015258789,26.799999237060547,27.739999771118164,105700,0.0,0.0
2024-11-12 00:00:00-05:00,27.760000228881836,28.149999618530273,26.31999969482422,27.399999618530273,94800,0.0,0.0
2024-11-13 00:00:00-05:00,27.639999389648438,28.309999465942383,27.329999923706055,27.399999618530273,79800,0.0,0.0
2024-11-14 00:00:00-05:00,27.5,27.670000076293945,26.459999084472656,27.0,69900,0.0,0.0
2024-11-15 00:00:00-05:00,27.260000228881836,27.56999969482422,26.6200008392334,27.170000076293945,50100,0.0,0.0
2024-11-18 00:00:00-05:00,26.950000762939453,28.110000610351562,26.68000030517578,26.84000015258789,156700,0.0,0.0
2024-11-19 00:00:00-05:00,26.489999771118164,27.260000228881836,26.229999542236328,27.059999465942383,60400,0.0,0.0
2024-11-20 00:00:00-05:00,26.969999313354492,27.06999969482422,26.0,26.459999084472656,82200,0.0,0.0
2024-11-21 00:00:00-05:00,26.6299991607666,27.239999771118164,25.100000381469727,26.799999237060547,276300,0.0,0.0
2024-11-22 00:00:00-05:00,27.0,28.280000686645508,26.780000686645508,27.799999237060547,201600,0.0,0.0
2024-11-25 00:00:00-05:00,28.049999237060547,28.6200008392334,27.5,28.290000915527344,139000,0.0,0.0
2024-11-26 00:00:00-05:00,28.25,29.0,27.34000015258789,27.559999465942383,86700,0.0,0.0
2024-11-27 00:00:00-05:00,27.559999465942383,28.450000762939453,27.040000915527344,27.079999923706055,62200,0.0,0.0
2024-11-29 00:00:00-05:00,27.18000030517578,27.309999465942383,26.920000076293945,27.110000610351562,40500,0.0,0.0
2024-12-02 00:00:00-05:00,27.1299991607666,27.459999084472656,26.600000381469727,27.389999389648438,126800,0.0,0.0
2024-12-03 00:00:00-05:00,27.690000534057617,27.90999984741211,26.700000762939453,27.729999542236328,123800,0.0,0.0
2024-12-04 00:00:00-05:00,27.84000015258789,28.079999923706055,26.559999465942383,27.079999923706055,87200,0.0,0.0
2024-12-05 00:00:00-05:00,27.020000457763672,27.25,25.8799991607666,25.899999618530273,64500,0.0,0.0
2024-12-06 00:00:00-05:00,25.850000381469727,25.850000381469727,25.1299991607666,25.760000228881836,87100,0.0,0.0
2024-12-09 00:00:00-05:00,26.0,26.729999542236328,25.34000015258789,25.40999984741211,87200,0.0,0.0
2024-12-10 00:00:00-05:00,25.489999771118164,25.889999389648438,24.719999313354492,25.600000381469727,79000,0.0,0.0
2024-12-11 00:00:00-05:00,25.649999618530273,25.940000534057617,24.989999771118164,25.110000610351562,384900,0.0,0.0
2024-12-12 00:00:00-05:00,25.25,25.649999618530273,24.989999771118164,25.040000915527344,144500,0.0,0.0
2024-12-13 00:00:00-05:00,25.0,25.239999771118164,24.84000015258789,25.15999984741211,93100,0.0,0.0
2024-12-16 00:00:00-05:00,25.15999984741211,25.479999542236328,24.299999237060547,24.31999969482422,112700,0.0,0.0
2024-12-17 00:00:00-05:00,24.260000228881836,24.440000534057617,23.489999771118164,23.81999969482422,104600,0.0,0.0
2024-12-18 00:00:00-05:00,23.940000534057617,24.709999084472656,22.860000610351562,22.940000534057617,100100,0.0,0.0
2024-12-19 00:00:00-05:00,23.31999969482422,23.510000228881836,21.90999984741211,21.90999984741211,110500,0.0,0.0
2024-12-20 00:00:00-05:00,21.510000228881836,22.530000686645508,21.510000228881836,22.440000534057617,287400,0.0,0.0
2024-12-23 00:00:00-05:00,22.440000534057617,22.739999771118164,22.010000228881836,22.31999969482422,81000,0.0,0.0
2024-12-24 00:00:00-05:00,22.389999389648438,22.5,21.780000686645508,22.5,43200,0.0,0.0
2024-12-26 00:00:00-05:00,22.360000610351562,22.610000610351562,21.959999084472656,22.100000381469727,75000,0.0,0.0
2024-12-27 00:00:00-05:00,22.0,22.299999237060547,21.389999389648438,21.790000915527344,89500,0.0,0.0
2024-12-30 00:00:00-05:00,21.639999389648438,21.639999389648438,20.90999984741211,21.190000534057617,105700,0.0,0.0
2024-12-31 00:00:00-05:00,21.34000015258789,22.139999389648438,21.25,21.920000076293945,94100,0.0,0.0
2025-01-02 00:00:00-05:00,22.1299991607666,22.399999618530273,21.450000762939453,21.700000762939453,54169,0.0,0.0
