Date,Open,High,Low,Close,Volume,Dividends,Stock Splits
2022-01-03 00:00:00-05:00,76.1680529083213,76.90860737794777,75.30107088042189,75.81584167480469,382600,0.0,0.0
2022-01-04 00:00:00-05:00,76.00551567177423,77.48661113146638,76.00551567177423,76.42094421386719,415100,0.0,0.0
2022-01-05 00:00:00-05:00,76.57446337036386,77.48660360800602,75.54492167249502,75.6352310180664,405100,0.0,0.0
2022-01-06 00:00:00-05:00,76.14096934619431,76.16806146102066,74.73212425393255,75.19271087646484,366900,0.0,0.0
2022-01-07 00:00:00-05:00,75.28301968065989,75.81584964217289,74.9488675231637,75.59910583496094,496900,0.0,0.0
2022-01-10 00:00:00-05:00,75.62644141547888,75.84515164364349,74.81541010527754,75.74491119384766,414300,0.75,0.0
2022-01-11 00:00:00-05:00,75.33484961884533,76.27345860474793,74.64228795014141,76.26435089111328,418100,0.0,0.0
2022-01-12 00:00:00-05:00,76.27345220536363,77.19383873432285,76.05474890477768,76.6379623413086,569200,0.0,0.0
2022-01-13 00:00:00-05:00,77.193835024001,78.29647309170812,77.11182389739285,78.0595474243164,484400,0.0,0.0
2022-01-14 00:00:00-05:00,77.66769957607582,78.14155785911629,76.71086139273842,77.8134994506836,299500,0.0,0.0
2022-01-18 00:00:00-05:00,77.549234767627,77.70414931698055,75.50798772495787,76.27345275878906,405600,0.0,0.0
2022-01-19 00:00:00-05:00,76.94778345823615,76.95689116933927,75.50797252450273,75.78135681152344,351300,0.0,0.0
2022-01-20 00:00:00-05:00,75.75403162800382,76.76554400767273,74.77897095915078,74.87921142578125,353700,0.0,0.0
2022-01-21 00:00:00-05:00,74.53292308906472,75.85426444880295,74.2504310492819,75.30750274658203,450300,0.0,0.0
2022-01-24 00:00:00-05:00,74.25043211558543,76.61062282917354,74.25043211558543,76.38280487060547,599600,0.0,0.0
2022-01-25 00:00:00-05:00,75.48975765967604,75.8542677947192,73.77656906316152,75.10702514648438,519300,0.0,0.0
2022-01-26 00:00:00-05:00,75.62643470590928,76.26432905278445,73.77655430962851,74.76984405517578,323000,0.0,0.0
2022-01-27 00:00:00-05:00,75.18903965065348,75.38952056300795,73.05665998123601,73.77656555175781,539400,0.0,0.0
2022-01-28 00:00:00-05:00,73.60342229807986,73.84946958437666,72.06337764041129,73.8403549194336,419300,0.0,0.0
2022-01-31 00:00:00-05:00,73.36649792667606,74.75162806707016,72.4096597118485,74.39623260498047,871500,0.0,0.0
2022-02-01 00:00:00-05:00,74.75162797939221,75.95450653100465,73.78568205304579,75.77225494384766,403000,0.0,0.0
2022-02-02 00:00:00-05:00,75.9544959606596,76.88399700218083,74.98855016874076,76.3736801147461,591700,0.0,0.0
2022-02-03 00:00:00-05:00,76.2916674543747,77.11181337075823,75.90893501087949,76.33722686767578,526200,0.0,0.0
2022-02-04 00:00:00-05:00,76.1914436092857,76.1914436092857,73.74011998977755,73.92237854003906,523700,0.0,0.0
2022-02-07 00:00:00-05:00,73.74010823723943,74.04082958290302,72.99286568139313,73.20246124267578,378000,0.0,0.0
2022-02-08 00:00:00-05:00,73.5578605025786,73.63076391486402,72.21828984975548,72.39143371582031,478500,0.0,0.0
2022-02-09 00:00:00-05:00,72.76505540365618,73.9405969175303,72.76505540365618,73.8768081665039,657700,0.0,0.0
2022-02-10 00:00:00-05:00,73.03843557312327,74.19574769073736,72.6283590949498,72.72859954833984,431400,0.0,0.0
2022-02-11 00:00:00-05:00,72.89263516597376,73.29359701483125,71.48016793446217,72.35498809814453,328000,0.0,0.0
2022-02-14 00:00:00-05:00,72.30030822753906,72.72860712711851,71.90846799021199,72.30030822753906,377300,0.0,0.0
2022-02-15 00:00:00-05:00,72.72859547672799,73.16600897180128,71.9084564711995,72.19094848632812,290400,0.0,0.0
2022-02-16 00:00:00-05:00,72.04515690810892,73.23892786982827,71.90847167991288,72.86530303955078,221300,0.0,0.0
2022-02-17 00:00:00-05:00,72.44609494816434,72.79237566641793,71.66240078623971,72.46431732177734,252000,0.0,0.0
2022-02-18 00:00:00-05:00,72.31853509273833,72.78328568627025,71.6168518698143,71.79911041259766,272600,0.0,0.0
2022-02-22 00:00:00-05:00,71.61685334743217,72.1453927037301,71.0883209435869,71.40726470947266,330600,0.0,0.0
2022-02-23 00:00:00-05:00,71.68974337158194,71.86288722033527,69.61204499634752,69.70317077636719,347900,0.0,0.0
2022-02-24 00:00:00-05:00,68.91948461001122,69.22020597643467,67.61636564129515,69.0926284790039,600800,0.0,0.0
2022-02-25 00:00:00-05:00,69.22020805855007,71.03363707153639,69.16553397299293,70.81493377685547,374100,0.0,0.0
2022-02-28 00:00:00-05:00,70.1497031701225,70.92428277592194,69.48447172599485,70.60533905029297,480800,0.0,0.0
2022-03-01 00:00:00-05:00,70.5233240809988,71.1885555544097,69.11085000931307,69.3022232055664,521200,0.0,0.0
2022-03-02 00:00:00-05:00,69.53003567000292,71.4437049094857,69.53003567000292,70.59622192382812,318500,0.0,0.0
2022-03-03 00:00:00-05:00,71.04275104536583,72.16361845554775,70.85138479532547,72.12716674804688,326900,0.0,0.0
2022-03-04 00:00:00-05:00,71.33435570548525,72.60102295686254,70.24994003392906,72.4552230834961,431800,0.0,0.0
2022-03-07 00:00:00-05:00,72.17273347005046,73.97705493540558,71.50750886010024,71.54396057128906,428200,0.0,0.0
2022-03-08 00:00:00-05:00,71.87201081738517,73.24802625735177,71.27056808008675,71.90846252441406,549600,0.0,0.0
2022-03-09 00:00:00-05:00,72.71039805242089,72.76507215089775,71.5986450336977,71.70800018310547,442400,0.0,0.0
2022-03-10 00:00:00-05:00,71.18855182282248,71.30701464778922,70.20437666133166,70.78759002685547,263600,0.0,0.0
2022-03-11 00:00:00-05:00,70.82404891223821,71.4163770020326,69.77608489990234,69.77608489990234,648300,0.0,0.0
2022-03-14 00:00:00-04:00,70.90606160181092,73.07489309041537,70.67824363552575,72.53723907470703,833100,0.0,0.0
2022-03-15 00:00:00-04:00,72.13627852020949,73.3118130158227,71.90846057180426,72.91085815429688,406400,0.0,0.0
2022-03-16 00:00:00-04:00,73.02020122650026,73.8038954705445,70.93338813037796,72.2182846069336,536100,0.0,0.0
2022-03-17 00:00:00-04:00,72.19095027277018,73.49406917368245,71.87200654578854,73.33003997802734,369100,0.0,0.0
2022-03-18 00:00:00-04:00,72.89262676837141,73.44850310299219,71.94490329545161,73.2389144897461,2164900,0.0,0.0
2022-03-21 00:00:00-04:00,73.29359003619938,74.42356510430886,72.8561765197801,73.09310913085938,433300,0.0,0.0
2022-03-22 00:00:00-04:00,73.31181363890872,73.31181363890872,72.20917559355019,72.97464752197266,384800,0.0,0.0
2022-03-23 00:00:00-04:00,72.9382073671492,73.44851743194937,72.48257139430528,73.0840072631836,324500,0.0,0.0
2022-03-24 00:00:00-04:00,73.20247138383074,74.32333189665354,72.84707590879398,74.13196563720703,442500,0.0,0.0
2022-03-25 00:00:00-04:00,74.30510810590037,75.09791712492625,73.61253954741062,74.95211029052734,395200,0.0,0.0
2022-03-28 00:00:00-04:00,74.53292115636343,74.68783569335938,73.59431231727353,74.68783569335938,489200,0.0,0.0
2022-03-29 00:00:00-04:00,75.0888028303794,75.98184536189784,74.4964747295014,75.2892837524414,497500,0.0,0.0
2022-03-30 00:00:00-04:00,76.05474705229597,79.36266133384063,75.85426613478676,78.25091552734375,821700,0.0,0.0
2022-03-31 00:00:00-04:00,78.36938840835214,79.01639066440576,77.55835692171777,77.64948272705078,608700,0.0,0.0
2022-04-01 00:00:00-04:00,77.71325931070199,77.9957513487123,76.96601670011648,77.96841430664062,462100,0.0,0.0
2022-04-04 00:00:00-04:00,77.8499506616861,77.98664282307126,76.22788795946077,76.80198669433594,396100,0.0,0.0
2022-04-05 00:00:00-04:00,76.665295755666,77.73148906951307,76.41925542321034,76.68352508544922,393500,0.0,0.0
2022-04-06 00:00:00-04:00,76.48304785456627,77.18472413105106,76.06386363125095,76.82022094726562,386700,0.0,0.0
2022-04-07 00:00:00-04:00,76.75642571444612,77.09359182622656,75.99095379772851,76.51949310302734,328800,0.0,0.0
2022-04-08 00:00:00-04:00,76.66530403048735,77.34875796962947,76.25523444798326,77.17562103271484,426100,0.0,0.0
2022-04-11 00:00:00-04:00,77.64449554781677,78.72940415353047,77.6077251672449,78.3984146118164,448400,0.75,0.0
2022-04-12 00:00:00-04:00,78.48116981964249,79.18911542499573,78.1134028625648,78.58230590820312,388400,0.0,0.0
2022-04-13 00:00:00-04:00,78.67424355698506,79.6580161045686,78.64666226357345,79.6212387084961,302900,0.0,0.0
2022-04-14 00:00:00-04:00,79.60286201379385,79.75916070285554,77.86517019768702,78.16857147216797,386300,0.0,0.0
2022-04-18 00:00:00-04:00,78.16858959218484,79.01445595906763,77.31353413410137,77.71807861328125,307100,0.0,0.0
2022-04-19 00:00:00-04:00,78.10420443971783,79.63043481115699,78.095015351628,79.6212387084961,341900,0.0,0.0
2022-04-20 00:00:00-04:00,79.9890165892539,80.89923446912042,79.72238569220774,79.83271789550781,362700,0.0,0.0
2022-04-21 00:00:00-04:00,80.13613408912795,80.74294373063466,79.77755614671656,80.42115020751953,446300,0.0,0.0
2022-04-22 00:00:00-04:00,79.98901299721868,80.0349865001722,78.71102817831391,79.03282165527344,273700,0.0,0.0
2022-04-25 00:00:00-04:00,78.55474541424559,78.80298414262494,77.11126551252228,78.63748931884766,271200,0.0,0.0
2022-04-26 00:00:00-04:00,78.21454130989962,79.20751001958368,77.7548343533316,77.76403045654297,301600,0.0,0.0
2022-04-27 00:00:00-04:00,77.80081005481301,77.99388614028267,76.57798783226684,76.87220001220703,364500,0.0,0.0
2022-04-28 00:00:00-04:00,77.43305491382438,78.62828900867774,76.15506990422108,78.23294067382812,292600,0.0,0.0
2022-04-29 00:00:00-04:00,77.68128228141369,78.20534794969969,75.93439438226974,76.1826400756836,342600,0.0,0.0
2022-05-02 00:00:00-04:00,76.46766502149127,76.86301334443495,73.71861897008624,74.80352783203125,346700,0.0,0.0
2022-05-03 00:00:00-04:00,75.1528954824709,76.0907016542754,74.52769370612518,75.46549987792969,313300,0.0,0.0
2022-05-04 00:00:00-04:00,75.45629712279779,78.38003355231145,75.39193843154884,78.28809356689453,443500,0.0,0.0
2022-05-05 00:00:00-04:00,77.75484001410145,77.98469350911944,75.5850224599659,76.24700164794922,289300,0.0,0.0
2022-05-06 00:00:00-04:00,75.90681496266019,75.90681496266019,74.09556832314813,74.92304229736328,374900,0.0,0.0
2022-05-09 00:00:00-04:00,74.178323417334,76.35733717007258,74.11396471651415,75.32759094238281,495200,0.0,0.0
2022-05-10 00:00:00-04:00,75.47469279475797,75.48388889894804,73.42440347842202,74.07718658447266,357100,0.0,0.0
2022-05-11 00:00:00-04:00,74.32543744400417,74.82192193293184,72.48660912111947,72.6153335571289,434600,0.0,0.0
2022-05-12 00:00:00-04:00,72.28432813906055,73.5806981764931,71.78784375837196,73.5255355834961,327600,0.0,0.0
2022-05-13 00:00:00-04:00,73.99444738271181,74.9046653472266,73.54392943826836,74.23348999023438,330100,0.0,0.0
2022-05-16 00:00:00-04:00,74.14154601478376,75.62180314821242,73.6726429004836,75.32759094238281,373200,0.0,0.0
2022-05-17 00:00:00-04:00,76.71589162077082,78.27889231373666,76.50442335511106,78.20533752441406,554500,0.0,0.0
2022-05-18 00:00:00-04:00,77.69968632258548,78.10422375025901,75.70455242615746,75.99877166748047,492000,0.0,0.0
2022-05-19 00:00:00-04:00,75.1620907473706,76.54121167851501,74.59205157058507,75.56663513183594,438500,0.0,0.0
2022-05-20 00:00:00-04:00,75.84246060154805,76.5779946239184,73.61748035500757,75.10693359375,438600,0.0,0.0
2022-05-23 00:00:00-04:00,75.64937453404221,76.06311499759019,74.4909110565078,75.08853149414062,501200,0.0,0.0
2022-05-24 00:00:00-04:00,74.88626587103107,76.58718734582176,74.3346188859023,76.24700164794922,731300,0.0,0.0
2022-05-25 00:00:00-04:00,76.03553269513247,76.47685448820025,74.38059175391517,76.42169189453125,1667600,0.0,0.0
2022-05-26 00:00:00-04:00,77.06527625883359,78.0766301910822,77.06527625883359,77.16641235351562,334900,0.0,0.0
2022-05-27 00:00:00-04:00,77.5341973060711,78.50877406484567,77.15723413585933,78.3616714477539,393500,0.0,0.0
2022-05-31 00:00:00-04:00,77.97550610270997,78.47199054907587,77.13884293509963,78.0858383178711,316300,0.0,0.0
2022-06-01 00:00:00-04:00,78.38003727386344,78.81216294186898,77.2767433673327,78.2513198852539,342600,0.0,0.0
2022-06-02 00:00:00-04:00,78.6282670411628,78.95006749080648,77.70885321834271,78.20533752441406,306600,0.0,0.0
2022-06-03 00:00:00-04:00,78.33407174866795,78.33407174866795,77.31352162464428,77.70886993408203,253200,0.0,0.0
2022-06-06 00:00:00-04:00,77.98468304576159,78.72940602503589,77.36867744526134,78.26969909667969,217300,0.0,0.0
2022-06-07 00:00:00-04:00,77.76403979486845,79.22590472530906,77.35029927553015,79.20751953125,225600,0.0,0.0
2022-06-08 00:00:00-04:00,78.80297795976142,79.1891301800866,77.52499298208579,77.84678649902344,239200,0.0,0.0
2022-06-09 00:00:00-04:00,77.69967620905719,78.0490509907938,75.8976256779487,75.9803695678711,334200,0.0,0.0
2022-06-10 00:00:00-04:00,74.67479971286515,75.5574362344127,74.1415379557099,74.88626098632812,434500,0.0,0.0
2022-06-13 00:00:00-04:00,73.09341312878092,73.865717523147,72.73484222931494,72.8267822265625,445400,0.0,0.0
2022-06-14 00:00:00-04:00,72.89113604123182,73.48875650514913,71.25458035035513,72.37626647949219,376400,0.0,0.0
2022-06-15 00:00:00-04:00,72.88194272314138,73.10260712766741,71.30974566739619,71.9257583618164,340100,0.0,0.0
2022-06-16 00:00:00-04:00,70.7029303427106,70.7029303427106,68.28486729536587,68.87329864501953,393400,0.0,0.0
2022-06-17 00:00:00-04:00,69.32381609998843,69.66399478623151,66.9241450300778,67.03447723388672,981700,0.0,0.0
2022-06-21 00:00:00-04:00,67.7608081684928,68.88249435715638,67.24593857942966,67.77000427246094,329200,0.0,0.0
2022-06-22 00:00:00-04:00,66.92414022972906,67.9906567317611,66.51039975605151,67.54014587402344,256600,0.0,0.0
2022-06-23 00:00:00-04:00,67.53096857925843,67.74243692664517,66.4736478860452,67.4298324584961,264400,0.0,0.0
2022-06-24 00:00:00-04:00,67.95388669752948,69.78351844780155,67.65047841818496,69.48011016845703,452700,0.0,0.0
2022-06-27 00:00:00-04:00,69.76513224180395,71.08909065495087,69.37898004282683,70.41791534423828,494900,0.0,0.0
2022-06-28 00:00:00-04:00,70.7489004271844,70.76729263428751,67.45740382747026,67.63208770751953,713700,0.0,0.0
2022-06-29 00:00:00-04:00,68.89169610496826,69.65481146168389,68.04583684947684,69.2502670288086,657100,0.0,0.0
2022-06-30 00:00:00-04:00,67.18158443535599,69.58125566996644,67.18158443535599,69.05718994140625,648500,0.0,0.0
2022-07-01 00:00:00-04:00,69.1123549283077,69.29624195363192,67.37466287278718,68.68022918701172,432900,0.0,0.0
2022-07-05 00:00:00-04:00,67.61369322871116,68.0734001391474,65.91277906301121,68.05500793457031,517100,0.0,0.0
2022-07-06 00:00:00-04:00,68.33084229404275,69.04798402973348,67.38384707821672,68.37681579589844,448800,0.0,0.0
2022-07-07 00:00:00-04:00,68.69862807504047,69.10317255550686,67.95390484015775,68.4871597290039,367100,0.0,0.0
2022-07-08 00:00:00-04:00,68.26648592930638,68.55150200973546,67.32868678476991,67.9998550415039,335600,0.0,0.0
2022-07-11 00:00:00-04:00,67.56330809759375,68.91012015284385,67.56330809759375,68.38996887207031,319200,0.75,0.0
2022-07-12 00:00:00-04:00,68.22277757101502,69.27236334334123,68.04630412869948,68.48285675048828,289100,0.0,0.0
2022-07-13 00:00:00-04:00,67.73049863654249,68.93798433505533,67.28466277825972,68.324951171875,851100,0.0,0.0
2022-07-14 00:00:00-04:00,67.22892556149647,67.67476849016602,66.80166326000601,67.5168685913086,209100,0.0,0.0
2022-07-15 00:00:00-04:00,69.41167698182669,70.64701919735425,69.38380604573794,69.75534057617188,567700,0.0,0.0
2022-07-18 00:00:00-04:00,69.84824133724875,70.21048565367197,68.78008901706596,69.0401611328125,374400,0.0,0.0
2022-07-19 00:00:00-04:00,69.560299425509,70.85137666590467,69.23520930858079,70.80493927001953,275500,0.0,0.0
2022-07-20 00:00:00-04:00,70.67489165022141,71.8452230833009,70.5448556117051,71.48297882080078,351400,0.0,0.0
2022-07-21 00:00:00-04:00,71.14859849405894,72.28177576224641,70.88852641672398,72.17960357666016,222500,0.0,0.0
2022-07-22 00:00:00-04:00,72.47682320112243,73.17344781026269,71.99383325681526,72.44895935058594,336500,0.0,0.0
2022-07-25 00:00:00-04:00,72.61616806720374,73.47998308638486,72.15175154262107,73.42425537109375,309800,0.0,0.0
2022-07-26 00:00:00-04:00,73.17346755896817,73.95369101672352,72.90410512036418,73.5635757446289,355300,0.0,0.0
2022-07-27 00:00:00-04:00,73.43353133033521,74.56670867197569,72.4396803495647,74.05585479736328,301000,0.0,0.0
2022-07-28 00:00:00-04:00,74.52026582584695,75.30977236445779,74.00940490216388,75.1611557006836,216600,0.0,0.0
2022-07-29 00:00:00-04:00,75.5977067770557,76.879493587467,75.38407918520338,76.77732849121094,352600,0.0,0.0
2022-08-01 00:00:00-04:00,76.12715506986765,76.95381590813858,75.71846626481373,76.572998046875,210000,0.0,0.0
2022-08-02 00:00:00-04:00,76.50796969379427,76.74946114925476,75.69988250732422,75.69988250732422,193600,0.0,0.0
2022-08-03 00:00:00-04:00,76.22002706159816,76.72159768820454,75.43052049777494,76.33148956298828,234800,0.0,0.0
2022-08-04 00:00:00-04:00,76.4150814455052,76.85163405307775,75.99710946479217,76.26647186279297,197900,0.0,0.0
2022-08-05 00:00:00-04:00,75.7834813809515,76.75875886954573,75.7834813809515,76.22932434082031,561500,0.0,0.0
2022-08-08 00:00:00-04:00,76.61943250268246,77.33463788404313,76.1643063150015,76.46153259277344,537800,0.0,0.0
2022-08-09 00:00:00-04:00,76.46151639545512,77.04667851280068,75.95065551698777,76.65657043457031,724000,0.0,0.0
2022-08-10 00:00:00-04:00,77.73403072933418,78.92293575431654,77.52968634945917,78.16129302978516,354100,0.0,0.0
2022-08-11 00:00:00-04:00,78.58855533023613,79.47094378540596,78.14271240265128,78.16129302978516,337500,0.0,0.0
2022-08-12 00:00:00-04:00,78.56068178590355,79.73100603939844,78.50494699780947,79.54524230957031,259700,0.0,0.0
2022-08-15 00:00:00-04:00,79.07154579848695,80.00966905407428,78.87649173104595,79.95394134521484,294500,0.0,0.0
2022-08-16 00:00:00-04:00,79.49879957490474,80.80845728410003,79.30374552838394,80.14898681640625,241800,0.0,0.0
2022-08-17 00:00:00-04:00,79.46166828074425,79.87034999377904,79.27589742351606,79.78675842285156,171700,0.0,0.0
2022-08-18 00:00:00-04:00,79.69385584333247,80.39048043256987,79.54523919614122,80.19541931152344,147900,0.0,0.0
2022-08-19 00:00:00-04:00,79.66599959038211,79.83318980607115,79.1179915473327,79.46166229248047,242100,0.0,0.0
2022-08-22 00:00:00-04:00,78.8114732508121,78.95079960858442,78.05912083984765,78.16129302978516,283600,0.0,0.0
2022-08-23 00:00:00-04:00,78.29132705405111,78.67214486327512,77.54825788939208,77.62256622314453,184600,0.0,0.0
2022-08-24 00:00:00-04:00,77.58541564934049,77.86406837060055,77.03740760701093,77.60399627685547,224200,0.0,0.0
2022-08-25 00:00:00-04:00,77.86406322193415,78.54210726630141,77.75260072351384,78.41207122802734,190600,0.0,0.0
2022-08-26 00:00:00-04:00,78.4306631325079,78.81148098894788,76.01569159116053,76.07142639160156,273900,0.0,0.0
2022-08-29 00:00:00-04:00,75.75561622084874,76.45224096173128,75.08685533577216,76.02497863769531,210200,0.0,0.0
2022-08-30 00:00:00-04:00,76.14573343169343,76.14573343169343,74.32521449235335,74.70603942871094,279700,0.0,0.0
2022-08-31 00:00:00-04:00,74.60387364592552,75.07758050691972,73.18276014937703,73.57286834716797,605500,0.0,0.0
2022-09-01 00:00:00-04:00,73.42425014375894,74.00941237195715,73.08986970295045,73.53570556640625,287800,0.0,0.0
2022-09-02 00:00:00-04:00,74.16730849690651,74.7431874681451,72.62544950861981,72.9876937866211,211600,0.0,0.0
2022-09-06 00:00:00-04:00,73.47067181726305,73.47067181726305,72.30963083694463,72.90408325195312,234500,0.0,0.0
2022-09-07 00:00:00-04:00,72.6254564269905,74.32521547551988,72.6254564269905,74.27877807617188,192100,0.0,0.0
2022-09-08 00:00:00-04:00,73.64717036511936,74.08372301454881,73.16417323052076,74.00941467285156,180400,0.0,0.0
2022-09-09 00:00:00-04:00,74.37165135960768,75.2261759422611,74.12086959011934,74.47382354736328,206800,0.0,0.0
2022-09-12 00:00:00-04:00,74.76175227645633,75.2633228535117,74.44595251669858,75.10542297363281,239900,0.0,0.0
2022-09-13 00:00:00-04:00,73.96297463833115,74.35308991249974,72.16104330556122,72.5697250366211,240600,0.0,0.0
2022-09-14 00:00:00-04:00,72.49540490127156,72.5511326031713,70.43339489379642,71.26005554199219,395400,0.0,0.0
2022-09-15 00:00:00-04:00,70.96283689813097,71.38080887987171,70.23834835034951,71.0278549194336,290000,0.0,0.0
2022-09-16 00:00:00-04:00,70.61915713496408,71.07428322588754,69.42096196436677,70.35908508300781,569200,0.0,0.0
2022-09-19 00:00:00-04:00,70.1826087182515,71.36223042027068,69.92253665096824,71.07428741455078,254900,0.0,0.0
2022-09-20 00:00:00-04:00,70.61916610245588,70.68418412370117,69.85752338796824,70.33123016357422,282800,0.0,0.0
2022-09-21 00:00:00-04:00,70.93497123664204,71.91953184454543,69.48598709156929,69.49527740478516,319100,0.0,0.0
2022-09-22 00:00:00-04:00,69.36524422528963,69.43026224761604,68.13918502825393,68.4457015991211,258200,0.0,0.0
2022-09-23 00:00:00-04:00,67.73049417498176,67.99056625625404,66.25365324785724,66.97814178466797,648300,0.0,0.0
2022-09-26 00:00:00-04:00,66.71806501326812,67.3775354834015,66.2536485903771,66.85739135742188,411000,0.0,0.0
2022-09-27 00:00:00-04:00,67.1824951171875,68.19491972377239,66.46728971188901,67.1824951171875,399500,0.0,0.0
2022-09-28 00:00:00-04:00,67.76765156261979,69.82037154328829,67.20106289301977,69.28164672851562,543200,0.0,0.0
2022-09-29 00:00:00-04:00,68.715067715932,68.93798564932321,67.66548190194978,68.06488037109375,458000,0.0,0.0
2022-09-30 00:00:00-04:00,68.30636989764164,69.17018474751124,67.57259108225286,67.6283187866211,388200,0.0,0.0
2022-10-03 00:00:00-04:00,68.24135835398424,69.79250768846092,67.87911406836233,69.28164672851562,284600,0.0,0.0
2022-10-04 00:00:00-04:00,70.3033778970417,71.35295672340203,70.3033778970417,71.27864837646484,230500,0.0,0.0
2022-10-05 00:00:00-04:00,70.41481350717488,71.34364632309406,70.17332207726693,70.69346618652344,249400,0.0,0.0
2022-10-06 00:00:00-04:00,70.47057319104798,70.89783558694404,69.29095112968679,69.8389663696289,283700,0.0,0.0
2022-10-07 00:00:00-04:00,69.3373837870505,69.35595732873044,67.77694408790391,68.12989807128906,244200,0.0,0.0
2022-10-10 00:00:00-04:00,68.60359523374586,69.4952739241289,68.43640503639702,68.88224792480469,196800,0.0,0.0
2022-10-11 00:00:00-04:00,68.66862584478758,69.82037681197329,68.46428144538953,69.40240478515625,421500,0.0,0.0
2022-10-12 00:00:00-04:00,70.25691910427257,71.16717845283915,69.45812225341797,69.45812225341797,456700,0.0,0.0
2022-10-13 00:00:00-04:00,68.12988228397472,71.73375796804208,67.96269210186405,71.17645263671875,315300,0.0,0.0
2022-10-14 00:00:00-04:00,71.51084378402021,71.58515211759246,69.41168650884977,69.59745025634766,312600,0.0,0.0
2022-10-17 00:00:00-04:00,70.42410728256301,71.74304824528204,70.42410728256301,71.3064956665039,459300,0.0,0.0
2022-10-18 00:00:00-04:00,72.43967314563322,73.40566017545154,72.34679127643446,72.93195343017578,403600,0.0,0.0
2022-10-19 00:00:00-04:00,72.32822886947542,73.11773550882936,71.35295137669891,71.98455810546875,435600,0.0,0.0
2022-10-20 00:00:00-04:00,72.17960777461847,72.76476998265512,70.08973363478798,71.3343734741211,610800,0.0,0.0
2022-10-21 00:00:00-04:00,71.9659673517288,73.65644273819063,71.86379517839057,73.36849975585938,545000,0.0,0.0
2022-10-24 00:00:00-04:00,74.04656493428621,74.66888131866902,73.5078401150743,74.32521057128906,786000,0.0,0.0
2022-10-25 00:00:00-04:00,73.96296260858529,74.65030406920165,73.61000865134133,74.47382354736328,637900,0.0,0.0
2022-10-26 00:00:00-04:00,75.04040959692462,75.56984405768733,73.81435047271452,74.76175689697266,230000,0.0,0.0
2022-10-27 00:00:00-04:00,75.42122977510238,76.25718081490997,74.97539394482683,75.4676742553711,272400,0.0,0.0
2022-10-28 00:00:00-04:00,75.885658211434,77.00955245074758,75.87637498306101,76.81449127197266,203000,0.0,0.0
2022-10-31 00:00:00-04:00,76.69372956629476,77.44608192111791,76.65657540123243,77.07455444335938,346400,0.0,0.0
2022-11-01 00:00:00-04:00,77.50182154000095,78.41207383822002,76.95380642923274,78.3563461303711,251400,0.0,0.0
2022-11-02 00:00:00-04:00,78.1148525383999,78.93223009965067,76.48010450233166,76.55441284179688,327300,0.0,0.0
2022-11-03 00:00:00-04:00,75.71846335512687,77.28819339927767,75.14259142806256,76.46153259277344,271200,0.0,0.0
2022-11-04 00:00:00-04:00,77.26032185823384,77.52968425292754,75.82062801090643,76.69373321533203,475100,0.0,0.0
2022-11-07 00:00:00-05:00,77.23245901687613,77.3160505785148,76.32219963369117,76.96309661865234,260200,0.0,0.0
2022-11-08 00:00:00-05:00,77.00954775295783,78.31919860347948,76.70303116093427,77.15815734863281,265800,0.0,0.0
2022-11-09 00:00:00-05:00,76.69373057579611,77.82690782259962,76.48938620847974,76.51725006103516,316200,0.0,0.0
2022-11-10 00:00:00-05:00,78.68143600046977,79.42450517290943,78.17058214504624,79.3501968383789,309600,0.0,0.0
2022-11-11 00:00:00-05:00,79.46165296461308,80.15827760046966,78.75573801607739,79.09011840820312,293600,0.0,0.0
2022-11-14 00:00:00-05:00,78.8088616700173,79.8495217591858,78.49948184434676,78.7244873046875,219200,0.79,0.0
2022-11-15 00:00:00-05:00,79.36200938285062,79.36200938285062,77.76820221440009,78.94949340820312,243600,0.0,0.0
2022-11-16 00:00:00-05:00,78.94949576846771,79.16513107606043,78.04946674007076,78.46198272705078,395100,0.0,0.0
2022-11-17 00:00:00-05:00,78.0119602849765,78.40572162178727,77.03692710373473,78.34947204589844,220400,0.0,0.0
2022-11-18 00:00:00-05:00,79.04324450782994,80.11202938630339,78.33072602404405,79.88702392578125,568800,0.0,0.0
2022-11-21 00:00:00-05:00,79.84952053089681,79.96202683573385,78.94949155058399,79.43701171875,296100,0.0,0.0
2022-11-22 00:00:00-05:00,79.6901347386582,80.421407771813,79.47449946213607,80.13077545166016,370800,0.0,0.0
2022-11-23 00:00:00-05:00,79.99952558256926,80.38390959058631,78.83698193972121,78.84635925292969,265100,0.0,0.0
2022-11-25 00:00:00-05:00,78.7713550528503,79.55888484809556,78.3307214711708,78.84635925292969,172800,0.0,0.0
2022-11-28 00:00:00-05:00,78.84636602585768,79.24012738090742,77.92758953074159,78.31197357177734,274200,0.0,0.0
2022-11-29 00:00:00-05:00,78.20883965569118,79.0338715699418,78.17133755478939,78.51822662353516,219700,0.0,0.0
2022-11-30 00:00:00-05:00,78.35885479016206,80.46829986572266,77.16818623083599,80.46829986572266,429700,0.0,0.0
2022-12-01 00:00:00-05:00,80.90894446860139,80.94643942170002,79.48389305581267,80.19641876220703,251900,0.0,0.0
2022-12-02 00:00:00-05:00,79.55888725429391,80.8526775572193,79.48388305194607,80.2995376586914,154300,0.0,0.0
2022-12-05 00:00:00-05:00,79.46513537993505,79.6620160460122,78.36821859351318,79.21199798583984,313700,0.0,0.0
2022-12-06 00:00:00-05:00,79.16512210320721,79.41825233293027,77.5713150677561,78.47134399414062,309300,0.0,0.0
2022-12-07 00:00:00-05:00,78.43386936949588,79.20264472368582,77.993228528778,78.73387908935547,218600,0.0,0.0
2022-12-08 00:00:00-05:00,79.06200583142508,79.18388230936459,78.06821792042793,78.80886840820312,332100,0.0,0.0
2022-12-09 00:00:00-05:00,78.61198419114233,79.58701742928176,78.04946694104513,78.0682144165039,156900,0.0,0.0
2022-12-12 00:00:00-05:00,78.07759122568727,78.95887277524358,77.66507524031286,78.93074798583984,242000,0.0,0.0
2022-12-13 00:00:00-05:00,80.8526830937477,80.8526830937477,77.78695942899168,78.61198425292969,408400,0.0,0.0
2022-12-14 00:00:00-05:00,78.77136050384077,79.44638404567867,77.86196133792579,78.48072814941406,230500,0.0,0.0
2022-12-15 00:00:00-05:00,77.54320407877366,77.62758560555815,76.69942457490545,76.93380737304688,404800,0.0,0.0
2022-12-16 00:00:00-05:00,76.0337795970518,77.0463150191459,76.02440228218182,76.76505279541016,919300,0.0,0.0
2022-12-19 00:00:00-05:00,76.72753957647215,77.29006394247467,76.12752026201095,76.56816101074219,369000,0.0,0.0
2022-12-20 00:00:00-05:00,76.56816306311077,77.21506180967677,76.36190507708713,76.5494155883789,189000,0.0,0.0
2022-12-21 00:00:00-05:00,77.29943912512864,78.34009925592997,76.6900496103596,78.22760009765625,290900,0.0,0.0
2022-12-22 00:00:00-05:00,77.72132280517206,78.1244614289326,76.19314266838968,77.46818542480469,322700,0.0,0.0
2022-12-23 00:00:00-05:00,77.5900703228754,78.58385092933288,77.28068336519912,78.07758331298828,246500,0.0,0.0
2022-12-27 00:00:00-05:00,78.12446221926166,78.6400999925849,77.75882569084902,78.2369613647461,185700,0.0,0.0
2022-12-28 00:00:00-05:00,78.3494725361525,78.53697589215152,76.24940490722656,76.24940490722656,200500,0.0,0.0
2022-12-29 00:00:00-05:00,76.59629918924671,77.58070984905387,76.56817439658862,76.89630889892578,213500,0.0,0.0
2022-12-30 00:00:00-05:00,76.53065607242286,76.84942034486033,76.04314307979362,76.59628295898438,240000,0.0,0.0
2023-01-03 00:00:00-05:00,76.69004462801347,77.10255343620902,75.77126102929788,76.56816101074219,289000,0.0,0.0
2023-01-04 00:00:00-05:00,76.73691740616344,77.40256361409656,76.06189388465536,76.40878295898438,421000,0.0,0.0
2023-01-05 00:00:00-05:00,76.1275204450338,76.85880069203628,72.03988438494298,72.218017578125,688400,0.0,0.0
2023-01-06 00:00:00-05:00,73.0243021385092,73.47432024659606,71.9742646548366,73.4649429321289,608800,0.0,0.0
2023-01-09 00:00:00-05:00,73.93848249278739,75.33069025436292,73.36076352743099,74.68667602539062,612800,0.79,0.0
2023-01-10 00:00:00-05:00,74.81925653527567,76.003105531087,74.12788554243988,75.71897888183594,456600,0.0,0.0
2023-01-11 00:00:00-05:00,75.9652278206869,77.16802254692968,75.84211011610297,76.88389587402344,427700,0.0,0.0
2023-01-12 00:00:00-05:00,77.18695434233615,77.52790343036582,76.17357989337037,76.21146392822266,435000,0.0,0.0
2023-01-13 00:00:00-05:00,75.76633610069321,76.306170956385,75.57692315069782,76.13569641113281,252500,0.0,0.0
2023-01-17 00:00:00-05:00,76.2209317618603,76.77970498172044,74.44041836837434,74.89501953125,392600,0.0,0.0
2023-01-18 00:00:00-05:00,75.04655474474491,75.63374645748642,73.60699752161345,73.61647033691406,382100,0.0,0.0
2023-01-19 00:00:00-05:00,73.35128808069172,73.91954143489856,73.10505266788641,73.14293670654297,390900,0.0,0.0
2023-01-20 00:00:00-05:00,73.51229353187604,74.84767150878906,72.68833198823782,74.84767150878906,389600,0.0,0.0
2023-01-23 00:00:00-05:00,75.17914497945272,75.98416808729704,75.05602728356214,75.64321899414062,302000,0.0,0.0
2023-01-24 00:00:00-05:00,75.80422223864737,76.70394461454526,75.06550159727587,76.42929077148438,239100,0.0,0.0
2023-01-25 00:00:00-05:00,76.13569521341398,76.47664429855477,75.31173372005027,76.18305206298828,209700,0.0,0.0
2023-01-26 00:00:00-05:00,76.71341758740729,77.6131399651513,76.36299567127107,77.33849334716797,374200,0.0,0.0
2023-01-27 00:00:00-05:00,77.49949131980604,78.0866757891648,76.94071084420895,77.50895690917969,301800,0.0,0.0
2023-01-30 00:00:00-05:00,77.25325944397763,77.88780085094304,76.47665469461832,76.50506591796875,190700,0.0,0.0
2023-01-31 00:00:00-05:00,76.47665405187287,78.51287600736067,76.47665405187287,78.32345581054688,469500,0.0,0.0
2023-02-01 00:00:00-05:00,77.88779575120108,81.95076661404765,77.88779575120108,81.60981750488281,572400,0.0,0.0
2023-02-02 00:00:00-05:00,82.22541550999358,85.27501167730139,81.6098125874482,84.86776733398438,697900,0.0,0.0
2023-02-03 00:00:00-05:00,84.48893807405592,84.659412626162,83.07779203062535,84.10063934326172,416700,0.0,0.0
2023-02-06 00:00:00-05:00,83.76915711135075,84.21428551675528,82.41483348934264,84.15746307373047,472200,0.0,0.0
2023-02-07 00:00:00-05:00,83.63656176076958,84.71623146969816,82.88836832639961,84.47946166992188,339500,0.0,0.0
2023-02-08 00:00:00-05:00,84.13851433611774,84.29005047944466,82.62318903105368,82.7178955078125,250100,0.0,0.0
2023-02-09 00:00:00-05:00,83.01149889347357,83.15356222813124,81.7139977012075,81.95076751708984,355600,0.0,0.0
2023-02-10 00:00:00-05:00,81.4677535289432,81.70452334034819,81.05104357430648,81.58140563964844,255300,0.0,0.0
2023-02-13 00:00:00-05:00,81.78029033946757,82.26330277156595,81.30675072288044,82.25382995605469,271900,0.0,0.0
2023-02-14 00:00:00-05:00,81.94129176776387,82.26330246316931,80.74797714089955,81.42040252685547,327900,0.0,0.0
2023-02-15 00:00:00-05:00,81.15522240339733,81.84658620237111,80.79532766771784,81.7613525390625,152600,0.0,0.0
2023-02-16 00:00:00-05:00,80.8900493244906,82.5853149725124,80.46385928912558,81.47723388671875,319500,0.0,0.0
2023-02-17 00:00:00-05:00,81.54351916308276,82.5474280468404,81.32569498946624,82.09282684326172,350500,0.0,0.0
2023-02-21 00:00:00-05:00,81.33515357885501,81.38251042589975,79.68723790579132,79.88612365722656,303600,0.0,0.0
2023-02-22 00:00:00-05:00,80.07555393446677,80.64380004257951,79.185297122184,79.37471008300781,294400,0.0,0.0
2023-02-23 00:00:00-05:00,79.72513282593465,80.00925949572401,78.6738742636119,79.61148071289062,195300,0.0,0.0
2023-02-24 00:00:00-05:00,79.14740790373241,79.70618838517389,78.23821274514162,79.56412506103516,339400,0.0,0.0
2023-02-27 00:00:00-05:00,80.00925427174046,80.99421028457984,79.62094833009111,79.80089569091797,273200,0.0,0.0
2023-02-28 00:00:00-05:00,79.56412918818506,80.25549298887341,79.43153867228204,80.04713439941406,375500,0.0,0.0
2023-03-01 00:00:00-05:00,79.85771809345705,81.12680798258023,79.47888496719754,80.91844940185547,263100,0.0,0.0
2023-03-02 00:00:00-05:00,80.80480275410152,81.1646902742535,80.17973419534896,81.04157257080078,352700,0.0,0.0
2023-03-03 00:00:00-05:00,81.47721668592061,81.61928000105104,79.8861234528685,81.39198303222656,288500,0.0,0.0
2023-03-06 00:00:00-05:00,81.42040529327701,82.04547384873328,80.35020110302956,80.52067565917969,305400,0.0,0.0
2023-03-07 00:00:00-05:00,80.44491408025004,80.97527614984499,79.99031285942489,80.3880844116211,236700,0.0,0.0
2023-03-08 00:00:00-05:00,80.40702567375287,80.86161964423425,79.9050748529276,80.81427001953125,207700,0.0,0.0
2023-03-09 00:00:00-05:00,81.24045491637149,81.27833895251929,79.45047575582431,79.46942138671875,185700,0.0,0.0
2023-03-10 00:00:00-05:00,79.4599494977076,79.4599494977076,77.39531647024782,77.8877944946289,349200,0.0,0.0
2023-03-13 00:00:00-04:00,77.17748329155374,77.55631642309613,75.73792606246181,76.7891845703125,522000,0.0,0.0
2023-03-14 00:00:00-04:00,78.00145175322206,79.02429913173235,77.29114227797463,77.87833404541016,332100,0.0,0.0
2023-03-15 00:00:00-04:00,76.5334713204415,76.69448028325105,74.37413180233999,75.96522521972656,413800,0.0,0.0
2023-03-16 00:00:00-04:00,75.33068420634321,76.590301339557,75.15073683712946,76.38194274902344,215400,0.0,0.0
2023-03-17 00:00:00-04:00,76.23040017288496,76.23040017288496,73.86270225401104,74.09947204589844,830600,0.0,0.0
2023-03-20 00:00:00-04:00,74.80031930718262,76.50505755258078,74.74348964105401,76.37246704101562,318900,0.0,0.0
2023-03-21 00:00:00-04:00,77.32901539233798,78.04879758208048,76.76076933754784,77.34795379638672,215000,0.0,0.0
2023-03-22 00:00:00-04:00,77.2816619396289,77.64155666313479,76.05046330442298,76.05992889404297,180000,0.0,0.0
2023-03-23 00:00:00-04:00,75.98416721927427,77.10172096171122,75.0654992412997,75.82315826416016,253300,0.0,0.0
2023-03-24 00:00:00-04:00,75.53904827434475,76.9123103924154,75.08444702334023,76.60924530029297,261700,0.0,0.0
2023-03-27 00:00:00-04:00,77.32902190659891,77.81203434539817,76.98807279987487,77.49949645996094,274200,0.0,0.0
2023-03-28 00:00:00-04:00,77.3858390425487,78.62651045793648,77.3384894188647,78.0014419555664,175000,0.0,0.0
2023-03-29 00:00:00-04:00,78.60757437164034,78.60757437164034,77.74572882287254,78.5033950805664,249700,0.0,0.0
2023-03-30 00:00:00-04:00,79.09058041467439,79.09058041467439,77.9635539342755,78.14350128173828,156600,0.0,0.0
2023-03-31 00:00:00-04:00,78.69280385006208,79.6020062012318,78.49391809375638,79.55464935302734,223400,0.0,0.0
2023-04-03 00:00:00-04:00,79.23265973730979,80.10397098149046,79.10953480074303,79.91455078125,518300,0.0,0.0
2023-04-04 00:00:00-04:00,83.34297303021785,84.26164104813078,78.64546087195524,79.21370697021484,1308600,0.0,0.0
2023-04-05 00:00:00-04:00,79.46942621834023,81.69506109144069,79.06218183704293,80.08502197265625,1044700,0.0,0.0
2023-04-06 00:00:00-04:00,79.95242727676178,80.61538707658192,79.70619187814738,80.01872253417969,523900,0.0,0.0
2023-04-10 00:00:00-04:00,80.13345100938776,81.47187804464834,80.11433385329914,81.30935668945312,426400,0.79,0.0
2023-04-11 00:00:00-04:00,81.67263638239004,82.8007381676114,81.45274898369564,82.2749252319336,358200,0.0,0.0
2023-04-12 00:00:00-04:00,82.98237155884924,83.86190643448005,82.63820446945648,83.6229019165039,451900,0.0,0.0
2023-04-13 00:00:00-04:00,83.15445510354562,84.13915255059304,81.81602834411146,83.6229019165039,355400,0.0,0.0
2023-04-14 00:00:00-04:00,83.65159293167041,84.94221604956245,83.65159293167041,84.5311279296875,484800,0.0,0.0
2023-04-17 00:00:00-04:00,84.856180751591,85.84087836860759,84.34949225303608,85.20034790039062,358800,0.0,0.0
2023-04-18 00:00:00-04:00,85.45846793241559,86.18504382044652,84.94221721938099,86.15636444091797,450900,0.0,0.0
2023-04-19 00:00:00-04:00,86.0798808812931,86.39536864249875,85.48714696271033,85.99383544921875,461600,0.0,0.0
2023-04-20 00:00:00-04:00,85.89823538284834,87.54258788394824,85.73571403639642,87.1601791381836,486800,0.0,0.0
2023-04-21 00:00:00-04:00,87.47567033796795,87.75291650719615,87.05501997171272,87.28446960449219,369800,0.0,0.0
2023-04-24 00:00:00-04:00,87.45655084344166,87.60950996736383,86.54832914911778,86.74909210205078,249500,0.0,0.0
2023-04-25 00:00:00-04:00,86.49096848215693,86.83513562069288,85.47759151526776,85.69747161865234,356300,0.0,0.0
2023-04-26 00:00:00-04:00,85.1334261752194,85.79307379314865,84.26344608614136,84.38772583007812,394000,0.0,0.0
2023-04-27 00:00:00-04:00,84.81794279200167,87.55215565061559,84.7127801979134,86.97854614257812,373000,0.0,0.0
2023-04-28 00:00:00-04:00,86.9976541693887,87.5139048605997,86.31888213849271,86.73953247070312,289300,0.0,0.0
2023-05-01 00:00:00-04:00,86.92117897689899,87.72423811297624,86.72041601633981,87.38963317871094,278200,0.0,0.0
2023-05-02 00:00:00-04:00,87.00722001618183,87.38962876194648,86.27108190416284,87.1601791381836,286000,0.0,0.0
2023-05-03 00:00:00-04:00,87.43742575357705,87.88675548516127,86.56745296390902,86.80645751953125,324600,0.0,0.0
2023-05-04 00:00:00-04:00,86.21372803502308,86.28064902228952,84.86573877086128,85.64967346191406,245800,0.0,0.0
2023-05-05 00:00:00-04:00,86.45274189428979,87.31315989007324,86.40493805803018,86.72998809814453,253600,0.0,0.0
2023-05-08 00:00:00-04:00,86.69172671081469,87.04545605445155,86.21371763263284,86.854248046875,208800,0.0,0.0
2023-05-09 00:00:00-04:00,86.38580169535949,86.53876080847138,85.80263003307597,85.9842758178711,302100,0.0,0.0
2023-05-10 00:00:00-04:00,86.75865280382149,87.23666191017863,85.06650377660685,86.18504333496094,205700,0.0,0.0
2023-05-11 00:00:00-04:00,85.53494912526469,86.80645507590334,85.53494912526469,86.7873306274414,215600,0.0,0.0
2023-05-12 00:00:00-04:00,87.16018529635706,87.39918986761646,86.10856664158382,86.92118072509766,178600,0.0,0.0
2023-05-15 00:00:00-04:00,86.86381788895619,87.16018120939228,86.29976333443553,86.69173431396484,221500,0.0,0.0
2023-05-16 00:00:00-04:00,86.19459342422141,87.42785032641608,85.87910570792087,86.98808288574219,382400,0.0,0.0
2023-05-17 00:00:00-04:00,87.25578038029971,87.95367689538979,86.96897928846671,87.7815933227539,327800,0.0,0.0
2023-05-18 00:00:00-04:00,87.72423337564491,89.12001909309028,87.48522882209933,88.70893096923828,367100,0.0,0.0
2023-05-19 00:00:00-04:00,89.36858884395632,89.50243081488698,88.23092479720539,89.02442169189453,377200,0.0,0.0
2023-05-22 00:00:00-04:00,88.99573540463011,89.93263649905857,88.40300875760023,89.8370361328125,474300,0.0,0.0
2023-05-23 00:00:00-04:00,89.39727095687759,89.58847169438273,88.31696563783575,88.33609008789062,354900,0.0,0.0
2023-05-24 00:00:00-04:00,88.28828103087444,88.28828103087444,86.45272780164392,86.64392852783203,286200,0.0,0.0
2023-05-25 00:00:00-04:00,86.43360540261041,87.41830294103367,86.1372348130075,87.1792984008789,208200,0.0,0.0
2023-05-26 00:00:00-04:00,87.36095234221523,88.67070007968717,87.16018936823912,88.34565734863281,306900,0.0,0.0
2023-05-30 00:00:00-04:00,88.63244947881083,88.65157392801548,87.62863471077483,88.07795715332031,225700,0.0,0.0
2023-05-31 00:00:00-04:00,87.76247547606613,87.76247547606613,85.83131458794014,85.96515655517578,497200,0.0,0.0
2023-06-01 00:00:00-04:00,86.26152743934735,86.99765826150113,85.31506414735507,86.96897888183594,384300,0.0,0.0
2023-06-02 00:00:00-04:00,87.81027589998024,89.98044143912382,87.4947881230199,89.42594909667969,276000,0.0,0.0
2023-06-05 00:00:00-04:00,89.10090279905823,89.16782378842221,87.12194520633385,88.84278106689453,363700,0.0,0.0
2023-06-06 00:00:00-04:00,87.85807486156594,89.15826020924948,86.0320765814221,88.73760986328125,498100,0.0,0.0
2023-06-07 00:00:00-04:00,89.1391384119011,91.12765809619248,88.6515743623976,90.92689514160156,376300,0.0,0.0
2023-06-08 00:00:00-04:00,90.92689649037267,91.78731437555416,90.1907583521128,91.5196304321289,256200,0.0,0.0
2023-06-09 00:00:00-04:00,91.53874869687864,91.71083227599976,90.55405105284575,91.1085433959961,195300,0.0,0.0
2023-06-12 00:00:00-04:00,91.12765812109888,91.5578634105055,90.43932382297601,91.25193786621094,266900,0.0,0.0
2023-06-13 00:00:00-04:00,91.35710279095257,93.14485956683681,91.30930625415255,92.11235809326172,489100,0.0,0.0
2023-06-14 00:00:00-04:00,91.88291366264548,92.89629066337764,91.88291366264548,92.2557601928711,484100,0.0,0.0
2023-06-15 00:00:00-04:00,92.14103867583542,93.23089892532094,91.33798682625263,93.22134399414062,403500,0.0,0.0
2023-06-16 00:00:00-04:00,93.52726744624653,94.04351817815352,92.8867369672258,93.36474609375,1339000,0.0,0.0
2023-06-20 00:00:00-04:00,92.86761649960712,93.40298441024088,91.86379437332808,91.9115982055664,435000,0.0,0.0
2023-06-21 00:00:00-04:00,92.16015811733836,93.05881028677034,91.30930248273222,92.88673400878906,383300,0.0,0.0
2023-06-22 00:00:00-04:00,92.78157638077175,92.78157638077175,91.57699131362594,91.8637924194336,297200,0.0,0.0
2023-06-23 00:00:00-04:00,91.35710083883264,92.14103550523878,90.9746993772416,91.90203094482422,491000,0.0,0.0
2023-06-26 00:00:00-04:00,91.93072006186004,93.04925968380249,91.87335400602467,91.92115783691406,449200,0.0,0.0
2023-06-27 00:00:00-04:00,92.06455483139713,93.1735321416126,91.87334681664277,92.7337646484375,511500,0.0,0.0
2023-06-28 00:00:00-04:00,92.80068531929533,92.80068531929533,91.52917937733771,91.72994232177734,669300,0.0,0.0
2023-06-29 00:00:00-04:00,88.84277422111994,91.4813865727146,87.96323920186846,90.14295959472656,765700,0.0,0.0
2023-06-30 00:00:00-04:00,91.98807598120409,92.08367634618806,90.7834909596534,91.08941650390625,536500,0.0,0.0
2023-07-03 00:00:00-04:00,91.05117623729429,91.71083116490682,90.46800452032907,91.5196304321289,252400,0.0,0.0
2023-07-05 00:00:00-04:00,90.55403699175378,91.86377714084072,90.39151566277559,91.0224838256836,464800,0.0,0.0
2023-07-06 00:00:00-04:00,90.56362364656333,91.00339122270262,89.35903845480011,90.25769805908203,477200,0.0,0.0
2023-07-07 00:00:00-04:00,90.05691506914772,92.01675537386751,90.05691506914772,91.25193786621094,573100,0.0,0.0
2023-07-10 00:00:00-04:00,91.32905988841722,93.71013329454537,91.23266167395992,93.33417510986328,538600,0.79,0.0
2023-07-11 00:00:00-04:00,93.3341772504866,94.87657078131522,93.3341772504866,94.61629486083984,407800,0.0,0.0
2023-07-12 00:00:00-04:00,95.42604559998377,95.54172786904715,94.30781308455343,95.20433044433594,324100,0.0,0.0
2023-07-13 00:00:00-04:00,94.72233521286273,94.84765215920207,93.82581782287946,94.41385650634766,370900,0.0,0.0
2023-07-14 00:00:00-04:00,94.60665161913596,94.60665161913596,93.33417605318672,93.99933624267578,303600,0.0,0.0
2023-07-17 00:00:00-04:00,93.98969116094439,94.40421009307344,93.82581346456391,93.98004913330078,252900,0.0,0.0
2023-07-18 00:00:00-04:00,93.77760781568409,94.94404306470635,93.77760781568409,94.1632080078125,254900,0.0,0.0
2023-07-19 00:00:00-04:00,93.7197768896967,95.76344554733244,93.7197768896967,95.27181243896484,405600,0.0,0.0
2023-07-20 00:00:00-04:00,95.87911564401631,96.17795228229669,95.17540213683127,95.64775848388672,249200,0.0,0.0
2023-07-21 00:00:00-04:00,95.72488779659969,96.71780335096717,95.4549625072687,95.802001953125,445400,0.0,0.0
2023-07-24 00:00:00-04:00,95.9273289327009,96.8238463004724,95.62848490696886,96.07192993164062,362800,0.0,0.0
2023-07-25 00:00:00-04:00,95.8212859936468,96.9684372156017,95.60920551513234,96.4093246459961,499300,0.0,0.0
2023-07-26 00:00:00-04:00,96.0526419179544,96.99736203134809,95.85020346966547,96.35147857666016,1370400,0.0,0.0
2023-07-27 00:00:00-04:00,96.27436497378022,96.27436497378022,94.7898089897612,95.69596099853516,384100,0.0,0.0
2023-07-28 00:00:00-04:00,96.46715985557954,96.72743575651475,95.75380428013493,96.29364013671875,268400,0.0,0.0
2023-07-31 00:00:00-04:00,96.35148194001445,97.29620208638562,96.28400245489595,97.28656005859375,257300,0.0,0.0
2023-08-01 00:00:00-04:00,96.78528883814705,97.90352140160446,96.55393164479597,97.56612396240234,311600,0.0,0.0
2023-08-02 00:00:00-04:00,97.2383601480998,97.80711473150158,96.92988146538605,97.10340118408203,228000,0.0,0.0
2023-08-03 00:00:00-04:00,96.49607994857607,96.49607994857607,94.23068889868063,95.5417251586914,403900,0.0,0.0
2023-08-04 00:00:00-04:00,95.94659854142564,95.94659854142564,94.8669268525368,95.4164047241211,493400,0.0,0.0
2023-08-07 00:00:00-04:00,95.79237225915857,97.68180525440795,95.79237225915857,97.50828552246094,394300,0.0,0.0
2023-08-08 00:00:00-04:00,97.13232701126286,98.56868029313426,96.28400505575829,98.1156005859375,666300,0.0,0.0
2023-08-09 00:00:00-04:00,98.41443228849695,99.21455141800801,98.06740019799251,98.94463348388672,408900,0.0,0.0
2023-08-10 00:00:00-04:00,99.07958497300679,100.20745940747925,98.2891079307212,98.53974914550781,424100,0.0,0.0
2023-08-11 00:00:00-04:00,98.79039441089247,99.32058823329321,98.47227370462491,99.17598724365234,340600,0.0,0.0
2023-08-14 00:00:00-04:00,99.26275828788204,99.26275828788204,97.88424247782568,98.41443634033203,340000,0.0,0.0
2023-08-15 00:00:00-04:00,98.20236038424744,98.46263629403515,97.17088406335681,97.43115997314453,308800,0.0,0.0
2023-08-16 00:00:00-04:00,97.47936243391483,98.20236005891151,96.38040663229687,96.51536560058594,193700,0.0,0.0
2023-08-17 00:00:00-04:00,96.59247589111328,97.19979857881539,96.2647205111632,96.59247589111328,311500,0.0,0.0
2023-08-18 00:00:00-04:00,96.18760682558614,97.46008240394815,96.18760682558614,97.15160369873047,263800,0.0,0.0
2023-08-21 00:00:00-04:00,97.12268419738696,97.83603981852472,95.44533171076645,96.68888854980469,373800,0.0,0.0
2023-08-22 00:00:00-04:00,96.9106001273792,97.03592442227458,95.85984711311197,96.15868377685547,265800,0.0,0.0
2023-08-23 00:00:00-04:00,96.44787752931433,97.19015178881669,96.03335863370063,97.01663208007812,304700,0.0,0.0
2023-08-24 00:00:00-04:00,96.83348144367318,98.47228051509143,96.83348144367318,97.14196014404297,358000,0.0,0.0
2023-08-25 00:00:00-04:00,97.36368289209688,98.04811978035703,96.92988724683882,97.70108032226562,291500,0.0,0.0
2023-08-28 00:00:00-04:00,97.95172369853178,99.06995625640367,97.92280496884642,98.01920318603516,228800,0.0,0.0
2023-08-29 00:00:00-04:00,97.65288659190296,99.13743531048674,97.20944155629093,98.8289566040039,261100,0.0,0.0
2023-08-30 00:00:00-04:00,99.23383132845285,99.50374925130052,98.48191501345953,98.51083374023438,277200,0.0,0.0
2023-08-31 00:00:00-04:00,98.75183680506159,98.94463322758823,97.84567743881982,98.38551330566406,597200,0.0,0.0
2023-09-01 00:00:00-04:00,99.06995625640367,99.06995625640367,97.93243964226652,98.01920318603516,394000,0.0,0.0
2023-09-05 00:00:00-04:00,97.37332263703942,97.41188339311354,92.9100125713973,94.490966796875,786300,0.0,0.0
2023-09-06 00:00:00-04:00,94.49096818695615,94.49096818695615,91.37726247396492,92.2159423828125,1111200,0.0,0.0
2023-09-07 00:00:00-04:00,91.77248664699651,92.51476825495676,90.80848990761751,92.39908599853516,625400,0.0,0.0
2023-09-08 00:00:00-04:00,92.36053690622047,93.14137936489676,92.11953769095138,92.4762191772461,338200,0.0,0.0
2023-09-11 00:00:00-04:00,92.75576675603322,93.01604263767383,91.95564770311614,92.9003677368164,274400,0.0,0.0
2023-09-12 00:00:00-04:00,92.46656543824211,93.67156136197248,92.46656543824211,93.20884704589844,310500,0.0,0.0
2023-09-13 00:00:00-04:00,93.18957376808426,93.20885782373219,90.58678521374821,91.45438385009766,433600,0.0,0.0
2023-09-14 00:00:00-04:00,92.34125742971688,93.30525426181994,92.09061619405068,92.45693969726562,368000,0.0,0.0
2023-09-15 00:00:00-04:00,92.10989854068575,92.94857106204218,91.55077862330677,92.8521728515625,824500,0.0,0.0
2023-09-18 00:00:00-04:00,93.12208592007707,94.05716395779665,92.55333135964817,92.87144470214844,441400,0.0,0.0
2023-09-19 00:00:00-04:00,92.94857387490441,93.11245157315044,92.13882005671546,92.31233978271484,277900,0.0,0.0
2023-09-20 00:00:00-04:00,92.73649413897441,93.1606551069894,91.63753831703767,91.8110580444336,281400,0.0,0.0
2023-09-21 00:00:00-04:00,91.6568098756251,92.25448313483312,91.09769001305973,91.27120971679688,209500,0.0,0.0
2023-09-22 00:00:00-04:00,91.13626426830622,92.1773826449942,91.13626426830622,91.66645812988281,228900,0.0,0.0
2023-09-25 00:00:00-04:00,91.49293672169085,92.59189244811984,91.49293672169085,92.06169128417969,219900,0.0,0.0
2023-09-26 00:00:00-04:00,91.68574306493547,92.6786586661318,91.59897952202331,91.97494506835938,314900,0.0,0.0
2023-09-27 00:00:00-04:00,92.3605343536102,93.98004932964776,92.3605343536102,93.5751724243164,423000,0.0,0.0
2023-09-28 00:00:00-04:00,93.75834497346415,95.40677886761242,93.60410193193043,94.71269989013672,366400,0.0,0.0
2023-09-29 00:00:00-04:00,95.15613075795174,95.82129095597354,94.29817412659355,94.61629486083984,542900,0.0,0.0
2023-10-02 00:00:00-04:00,94.74161158045071,95.16577255843133,93.40165651424371,94.05717468261719,385000,0.0,0.0
2023-10-03 00:00:00-04:00,93.95113151872962,94.51025145329163,92.88109443368286,93.27633666992188,344200,0.0,0.0
2023-10-04 00:00:00-04:00,93.55589738773156,96.1683279729481,93.55589738773156,95.8694839477539,492200,0.0,0.0
2023-10-05 00:00:00-04:00,95.37784972522401,96.29364378155147,94.95368876201775,95.05008697509766,397700,0.0,0.0
2023-10-06 00:00:00-04:00,94.85728527798877,96.95879856708945,94.85728527798877,96.1297607421875,426300,0.0,0.0
2023-10-09 00:00:00-04:00,96.3996817822603,98.24091923456326,96.1201218225263,97.67215728759766,653100,0.0,0.0
2023-10-10 00:00:00-04:00,98.20235432094788,98.93498657607738,97.14195198247566,97.23835754394531,439600,0.0,0.0
2023-10-11 00:00:00-04:00,97.99991795684099,99.51339263461523,97.86495163886606,99.48446655273438,505200,0.0,0.0
2023-10-12 00:00:00-04:00,100.48701983154271,101.54741479267972,99.90862324862358,101.22930145263672,637700,0.0,0.0
2023-10-13 00:00:00-04:00,101.63418255898493,101.74986482227236,99.94718816494724,100.29422760009766,383600,0.0,0.0
2023-10-16 00:00:00-04:00,100.95939126077275,101.74022633971026,99.80259065173006,100.41954803466797,268300,0.0,0.0
2023-10-17 00:00:00-04:00,100.15927654110509,101.96194598597751,100.15927654110509,101.21002960205078,500700,0.0,0.0
2023-10-18 00:00:00-04:00,100.58342483463858,101.72094137830553,96.79492438630595,96.8624038696289,576900,0.0,0.0
2023-10-19 00:00:00-04:00,96.83347849796415,97.2576394560866,94.13429179051688,94.2306900024414,580500,0.0,0.0
2023-10-20 00:00:00-04:00,94.3367251212949,94.85728426308549,93.604085511955,94.29816436767578,601600,0.0,0.0
2023-10-23 00:00:00-04:00,94.38493439037171,94.54881208848475,91.63753750515862,91.90745544433594,576900,0.0,0.0
2023-10-24 00:00:00-04:00,92.69793629532164,92.72685502271655,91.51221698914621,91.98457336425781,537700,0.0,0.0
2023-10-25 00:00:00-04:00,91.48330371957265,91.48330371957265,87.94543699942994,89.17935180664062,750700,0.0,0.0
2023-10-26 00:00:00-04:00,89.16006217817998,90.90490139140564,88.62022632244356,90.25901794433594,747600,0.0,0.0
2023-10-27 00:00:00-04:00,90.23973883309831,91.85925371174498,90.10477987277041,90.59642028808594,511800,0.0,0.0
2023-10-30 00:00:00-04:00,91.16516951106685,91.16516951106685,90.06621383870578,90.4614486694336,497200,0.0,0.0
2023-10-31 00:00:00-04:00,90.51930350896909,91.6375360036254,90.38434454159182,91.33869934082031,366700,0.0,0.0
2023-11-01 00:00:00-04:00,91.16517755098326,91.98457336425781,90.38434249247258,91.98457336425781,446100,0.0,0.0
2023-11-02 00:00:00-04:00,92.8521756056426,93.60409196628345,92.8328989048597,93.47877502441406,304900,0.0,0.0
2023-11-03 00:00:00-04:00,94.58737579828222,94.9729686635974,93.84509408765435,94.25961303710938,351000,0.0,0.0
2023-11-06 00:00:00-05:00,94.03788612631686,94.28851998651606,92.90036966444383,93.8258056640625,332000,0.0,0.0
2023-11-07 00:00:00-05:00,93.19921716182064,93.41129764878232,92.02313981027858,92.83290100097656,390600,0.0,0.0
2023-11-08 00:00:00-05:00,93.0064221011543,93.84509467868038,92.74613882524362,93.60409545898438,350500,0.0,0.0
2023-11-09 00:00:00-05:00,94.01861185936995,94.98260871199092,93.70049113287408,94.14393615722656,270900,0.0,0.0
2023-11-10 00:00:00-05:00,94.54880908910184,95.05008419528451,93.72941326981814,95.03080749511719,318100,0.0,0.0
2023-11-13 00:00:00-05:00,94.99191941020209,95.43912232055332,94.46694014574766,94.90442657470703,378100,0.83,0.0
2023-11-14 00:00:00-05:00,95.78910165779872,98.16122836845338,95.78910165779872,97.89873504638672,298500,0.0,0.0
2023-11-15 00:00:00-05:00,97.8209775420508,98.19040411507783,96.0904869618841,96.51824951171875,472600,0.0,0.0
2023-11-16 00:00:00-05:00,96.69323638020973,97.27654419058567,95.03080578291576,95.21552276611328,585700,0.0,0.0
2023-11-17 00:00:00-05:00,95.70161618944456,96.06131884912423,95.1669130234864,95.39051818847656,407700,0.0,0.0
2023-11-20 00:00:00-05:00,95.08913823870095,96.30436598397486,94.64193531849953,95.96410369873047,362500,0.0,0.0
2023-11-21 00:00:00-05:00,95.99326997763619,96.36270396687901,95.1183044993791,95.14747619628906,276400,0.0,0.0
2023-11-22 00:00:00-05:00,95.29329560984759,96.44047089807262,95.29329560984759,95.96410369873047,338600,0.0,0.0
2023-11-24 00:00:00-05:00,95.95437867191639,96.69323920916204,95.95437867191639,96.2557601928711,101100,0.0,0.0
2023-11-27 00:00:00-05:00,95.8279976327538,96.55713427115373,95.8279976327538,96.00299072265625,394100,0.0,0.0
2023-11-28 00:00:00-05:00,95.75994125844481,96.3918611359683,94.5349896792474,94.62248992919922,449800,0.0,0.0
2023-11-29 00:00:00-05:00,95.14747329420689,95.60439269159644,93.76696895188043,93.98085021972656,384600,0.0,0.0
2023-11-30 00:00:00-05:00,94.1655641919975,95.05996999509928,93.97113072772711,94.7099838256836,466500,0.0,0.0
2023-12-01 00:00:00-05:00,94.84609680354026,96.25576549949848,94.82665642232375,96.08077239990234,335500,0.0,0.0
2023-12-04 00:00:00-05:00,95.35163464452377,96.05160703500509,94.85581963173921,95.48773956298828,495600,0.0,0.0
2023-12-05 00:00:00-05:00,95.24469005455958,95.4974595000045,93.82530495148832,94.2336196899414,445800,0.0,0.0
2023-12-06 00:00:00-05:00,94.22389274784638,95.64327780507169,94.04889966313854,94.7099838256836,397600,0.0,0.0
2023-12-07 00:00:00-05:00,94.84609573265982,96.58630280978372,94.79749107158636,95.48773956298828,374700,0.0,0.0
2023-12-08 00:00:00-05:00,95.74049897499091,96.45018777293794,95.35162464139039,95.69188690185547,379300,0.0,0.0
2023-12-11 00:00:00-05:00,95.59467134897722,96.55712958818116,95.09885638210685,96.53768920898438,298200,0.0,0.0
2023-12-12 00:00:00-05:00,96.66406842422154,97.7334672720806,95.79882693136787,96.84878540039062,381500,0.0,0.0
2023-12-13 00:00:00-05:00,96.96545477519416,97.60709861538292,94.97248562867357,96.69324493408203,484400,0.0,0.0
2023-12-14 00:00:00-05:00,97.45154300954594,100.1639322754126,97.45154300954594,99.4250717163086,505500,0.0,0.0
2023-12-15 00:00:00-05:00,99.22091527176978,99.28896773066992,97.50015600120265,98.26818084716797,692100,0.0,0.0
2023-12-18 00:00:00-05:00,98.40427684639303,98.52093395555654,97.5973638945938,98.18067169189453,260000,0.0,0.0
2023-12-19 00:00:00-05:00,98.34594666888964,99.1236879134025,98.20983434850993,98.23900604248047,260700,0.0,0.0
2023-12-20 00:00:00-05:00,98.0931858408063,99.7264522397761,97.85986418871393,98.70565795898438,310700,0.0,0.0
2023-12-21 00:00:00-05:00,99.31813450706458,100.13476397340636,99.01675298930014,99.9403305053711,298300,0.0,0.0
2023-12-22 00:00:00-05:00,100.44586482892316,101.34999457360438,100.21254317721363,100.6014175415039,242300,0.0,0.0
2023-12-26 00:00:00-05:00,100.92222963641365,101.26249933281946,99.89171890008447,99.92088317871094,255600,0.0,0.0
2023-12-27 00:00:00-05:00,100.28059329452869,100.63057947250648,99.10425374744382,99.2889633178711,255200,0.0,0.0
2023-12-28 00:00:00-05:00,99.00702685083812,99.47367754759128,98.41400256159856,98.75426483154297,257600,0.0,0.0
2023-12-29 00:00:00-05:00,98.47234055015431,99.13342477387074,98.1320782476154,98.44317626953125,213000,0.0,0.0
2024-01-02 00:00:00-05:00,97.75292626714297,98.73482497982756,96.53769847872579,96.73213195800781,575400,0.0,0.0
2024-01-03 00:00:00-05:00,96.14882146435608,96.14882146435608,94.33083807259725,94.42805480957031,273000,0.0,0.0
2024-01-04 00:00:00-05:00,94.42805384496711,94.81692820604853,93.64058864121935,94.21417999267578,361400,0.0,0.0
2024-01-05 00:00:00-05:00,93.57253155478546,94.45722086790441,92.98922375060344,93.23226928710938,607900,0.0,0.0
2024-01-08 00:00:00-05:00,93.54608725677065,93.95796675788432,93.05575237965918,93.77164459228516,727100,0.83,0.0
2024-01-09 00:00:00-05:00,90.46678756768586,92.21237858597735,89.10365716657434,90.83943939208984,1282300,0.0,0.0
2024-01-10 00:00:00-05:00,91.33957328905642,92.32024296790128,90.9375026113263,91.99662017822266,759200,0.0,0.0
2024-01-11 00:00:00-05:00,92.13391696291015,93.43820948279621,91.50628894228693,93.4087905883789,643900,0.0,0.0
2024-01-12 00:00:00-05:00,93.9677712313623,94.25216634484539,92.81058067529005,94.10506439208984,474900,0.0,0.0
2024-01-16 00:00:00-05:00,93.50685756662234,94.26197745107874,93.4087920896831,94.026611328125,629300,0.0,0.0
2024-01-17 00:00:00-05:00,93.31073101852633,93.89913138986013,92.69290426899667,92.73213195800781,484100,0.0,0.0
2024-01-18 00:00:00-05:00,93.48724383560945,94.68366206081565,93.13420214679726,94.56597900390625,641100,0.0,0.0
2024-01-19 00:00:00-05:00,94.6444357901496,95.6054879159051,93.85008823748836,95.12496185302734,415300,0.0,0.0
2024-01-22 00:00:00-05:00,95.61529331313614,96.64499946465934,94.91901874171141,95.8114242553711,567400,0.0,0.0
2024-01-23 00:00:00-05:00,96.22331650222895,96.22331650222895,94.72288553206084,94.86998748779297,393800,0.0,0.0
2024-01-24 00:00:00-05:00,95.34071118081965,95.34071118081965,93.25187989305871,93.4382095336914,334300,0.0,0.0
2024-01-25 00:00:00-05:00,93.761828529341,95.10534868193729,93.761828529341,94.93862915039062,323900,0.0,0.0
2024-01-26 00:00:00-05:00,95.34071043751987,96.38021793627975,94.47771630398387,95.15438079833984,297600,0.0,0.0
2024-01-29 00:00:00-05:00,95.22303182415246,96.00757062182562,95.22303182415246,95.89969635009766,547400,0.0,0.0
2024-01-30 00:00:00-05:00,95.41916957178967,97.79238856874264,95.34071419620864,97.6747055053711,330800,0.0,0.0
2024-01-31 00:00:00-05:00,97.6550957285208,98.12581301974595,96.5469341200086,96.77249145507812,575300,0.0,0.0
2024-02-01 00:00:00-05:00,97.03727004664195,98.30233493861884,95.89969701226923,98.23368835449219,380200,0.0,0.0
2024-02-02 00:00:00-05:00,97.9394835399502,99.63603789482924,97.3706933304429,98.9299545288086,324300,0.0,0.0
2024-02-05 00:00:00-05:00,98.08658583392855,98.302334377643,96.48809682300602,96.97843170166016,370300,0.0,0.0
2024-02-06 00:00:00-05:00,96.8607401481948,97.28242840615627,96.18408316265908,96.65480041503906,356800,0.0,0.0
2024-02-07 00:00:00-05:00,97.0961047523505,97.31185327381445,96.00756083544829,96.06639862060547,430100,0.0,0.0
2024-02-08 00:00:00-05:00,96.34098595898861,96.69402763754405,95.38973518520959,96.47827911376953,261900,0.0,0.0
2024-02-09 00:00:00-05:00,96.3900280493385,96.81171632984567,95.75259123249049,96.64500427246094,273100,0.0,0.0
2024-02-12 00:00:00-05:00,96.64500611597781,97.74335143914946,96.32138330529342,97.38050842285156,289700,0.0,0.0
2024-02-13 00:00:00-05:00,95.45838807876878,95.71336430391104,94.18352191689004,94.9288330078125,431100,0.0,0.0
2024-02-14 00:00:00-05:00,95.644714279865,96.63519276803169,95.56625890850376,96.57635498046875,371300,0.0,0.0
2024-02-15 00:00:00-05:00,96.93920030136329,97.70412148566533,96.84113482577106,97.4883804321289,354100,0.0,0.0
2024-02-16 00:00:00-05:00,97.33147440300044,98.23368879324234,97.14514475300305,97.39031219482422,382600,0.0,0.0
2024-02-20 00:00:00-05:00,96.82152557373047,97.00784773441717,96.36060960429131,96.82152557373047,303200,0.0,0.0
2024-02-21 00:00:00-05:00,97.08629883349853,98.29252583832137,96.5959639909051,98.14542388916016,355700,0.0,0.0
2024-02-22 00:00:00-05:00,98.77306178626847,99.04764812852802,98.42982885844404,99.02803802490234,432100,0.0,0.0
2024-02-23 00:00:00-05:00,99.04764768668137,99.34185161317085,98.34156424863994,98.85151672363281,351500,0.0,0.0
2024-02-26 00:00:00-05:00,98.49847382541854,98.82208916238277,97.85122818765699,98.41020965576172,338500,0.0,0.0
2024-02-27 00:00:00-05:00,98.87112514689512,99.12610138005833,97.96891076113792,98.20426940917969,387400,0.0,0.0
2024-02-28 00:00:00-05:00,97.87083417043279,99.11628133526,97.87083417043279,98.8024673461914,275600,0.0,0.0
2024-02-29 00:00:00-05:00,99.12609320569041,99.13589451552635,97.91005741360175,98.98880004882812,493700,0.0,0.0
2024-03-01 00:00:00-05:00,98.96919072655855,99.19474806418359,98.1454317166234,98.26310729980469,419500,0.0,0.0
2024-03-04 00:00:00-05:00,100.02830780654023,102.73495823035954,98.72401533065788,101.08743286132812,1007300,0.0,0.0
2024-03-05 00:00:00-05:00,101.00898546610733,101.00898546610733,97.07649762632518,97.15495300292969,536500,0.0,0.0
2024-03-06 00:00:00-05:00,97.36088681123506,97.67470081657838,96.41944479520512,96.81171417236328,339100,0.0,0.0
2024-03-07 00:00:00-05:00,97.16476190424612,98.2925336279697,96.94901335930047,98.23368835449219,434700,0.0,0.0
2024-03-08 00:00:00-05:00,98.67499137424271,98.74363795637784,97.0764949186564,97.0863037109375,372800,0.0,0.0
2024-03-11 00:00:00-04:00,96.61557345522552,96.74306530188498,93.85008526051821,94.96804809570312,385600,0.0,0.0
2024-03-12 00:00:00-04:00,95.07593285387644,95.68395081528722,94.50715006369111,95.03671264648438,297700,0.0,0.0
2024-03-13 00:00:00-04:00,94.80133995513569,95.73298067748347,94.7817298527957,95.4780044555664,374900,0.0,0.0
2024-03-14 00:00:00-04:00,95.66433723624972,95.88988708918535,93.87951858808262,94.70327758789062,505700,0.0,0.0
2024-03-15 00:00:00-04:00,94.0364161699284,95.48781060617159,94.0364161699284,94.47771453857422,1456600,0.0,0.0
2024-03-18 00:00:00-04:00,94.56598201666785,95.50742405618827,93.54608460337501,93.73241424560547,458700,0.0,0.0
2024-03-19 00:00:00-04:00,93.78143863086162,95.09553989021904,93.6833731594268,94.93862915039062,385800,0.0,0.0
2024-03-20 00:00:00-04:00,94.76211355877267,96.43905790353165,94.3404252745175,95.9781494140625,357400,0.0,0.0
2024-03-21 00:00:00-04:00,96.1840874620017,97.58644545400743,95.94872134337523,97.31185913085938,371800,0.0,0.0
2024-03-22 00:00:00-04:00,97.31186474192434,97.40993022271513,96.42926045097393,96.54693603515625,269800,0.0,0.0
2024-03-25 00:00:00-04:00,96.49789837727008,97.52759705605682,96.22331206292695,97.09610748291016,527700,0.0,0.0
2024-03-26 00:00:00-04:00,97.08630540495038,97.79238882318393,95.72317504882812,95.72317504882812,577500,0.0,0.0
2024-03-27 00:00:00-04:00,96.78230221670262,98.41021014802647,96.3900328114228,97.59625244140625,588500,0.0,0.0
2024-03-28 00:00:00-04:00,96.82152644985773,97.95909945446093,94.53656416642603,95.16419219970703,938300,0.0,0.0
2024-04-01 00:00:00-04:00,94.87979172905224,94.87979172905224,92.3888898390591,94.09525299072266,860100,0.0,0.0
2024-04-02 00:00:00-04:00,93.74221327800643,94.41887776699764,92.41831067591083,92.84980773925781,662900,0.0,0.0
2024-04-03 00:00:00-04:00,92.72232697322644,93.6637690264408,92.12411783286372,93.27149963378906,569600,0.0,0.0
2024-04-04 00:00:00-04:00,94.03642178581862,94.1541048493797,93.16362630634409,93.65396118164062,490400,0.0,0.0
2024-04-05 00:00:00-04:00,93.81086700775411,94.27177548152424,93.10478362729157,93.72260284423828,677400,0.0,0.0
2024-04-08 00:00:00-04:00,94.12820802885182,94.85036450389173,93.34669074743049,93.40604400634766,534000,0.83,0.0
2024-04-09 00:00:00-04:00,93.57421343627949,94.10841539083756,92.357426384895,93.61378479003906,309600,0.0,0.0
2024-04-10 00:00:00-04:00,92.41678026232276,93.04001965389051,91.19009847739599,91.92214965820312,692600,0.0,0.0
2024-04-11 00:00:00-04:00,91.40773484736037,92.09031993156901,90.9823522366384,91.88257598876953,527100,0.0,0.0
2024-04-12 00:00:00-04:00,91.2692426271529,91.81333177180062,90.74493538609828,91.68473052978516,452700,0.0,0.0
2024-04-15 00:00:00-04:00,92.36732465606916,92.88173717976312,90.96256795980186,91.44731140136719,407700,0.0,0.0
2024-04-16 00:00:00-04:00,91.14063407346313,91.55612952463449,89.66663695937962,90.37890625,637100,0.0,0.0
2024-04-17 00:00:00-04:00,91.03181499165612,91.19999513669579,89.92384724531027,90.12169647216797,423700,0.0,0.0
2024-04-18 00:00:00-04:00,90.59654192278184,90.91310520284053,89.79523522367707,90.45804595947266,282500,0.0,0.0
2024-04-19 00:00:00-04:00,90.57675023028314,91.55612422189496,90.3096530355023,91.46708679199219,559700,0.0,0.0
2024-04-22 00:00:00-04:00,91.99139926258947,92.18925603620376,91.19999481052487,91.5561294555664,306900,0.0,0.0
2024-04-23 00:00:00-04:00,92.08043183239546,93.1191515359977,91.58580124569045,92.25849914550781,413400,0.0,0.0
2024-04-24 00:00:00-04:00,92.27828260164118,92.69377049007701,91.44730682476951,92.41677856445312,363700,0.0,0.0
2024-04-25 00:00:00-04:00,91.94194176580051,92.71356432293054,91.12085312784347,92.22882843017578,244200,0.0,0.0
2024-04-26 00:00:00-04:00,92.14968512123933,92.91141294776295,91.9221517173631,92.21893310546875,363000,0.0,0.0
2024-04-29 00:00:00-04:00,92.65420649168773,92.77291300387189,91.71440383460103,92.02107238769531,306000,0.0,0.0
2024-04-30 00:00:00-04:00,91.36816817018997,91.64516010809797,90.19094488661676,90.26019287109375,400800,0.0,0.0
2024-05-01 00:00:00-04:00,90.04255333152261,91.13074671642482,89.47867473546609,89.98320007324219,354200,0.0,0.0
2024-05-02 00:00:00-04:00,90.47783232120399,90.47783232120399,89.69631503403822,90.14148712158203,212900,0.0,0.0
2024-05-03 00:00:00-04:00,91.00213785020519,91.40773857468419,90.20083867423783,90.63611602783203,289500,0.0,0.0
2024-05-06 00:00:00-04:00,91.44731174888449,91.635266252842,90.40858442439918,90.53718566894531,299600,0.0,0.0
2024-05-07 00:00:00-04:00,90.7943939945594,91.45719720371108,90.66579275243666,91.03181457519531,512700,0.0,0.0
2024-05-08 00:00:00-04:00,90.79439621675684,91.01203489910988,90.10191636151022,90.67568969726562,366200,0.0,0.0
2024-05-09 00:00:00-04:00,90.84385580822686,91.28902031944472,90.45804455251438,91.21977233886719,220700,0.0,0.0
2024-05-10 00:00:00-04:00,91.25934289079316,92.12989000290835,90.77460703100455,91.99139404296875,289000,0.0,0.0
2024-05-13 00:00:00-04:00,92.29807589619068,92.3475344292755,91.4077392785576,91.5660171508789,274200,0.0,0.0
2024-05-14 00:00:00-04:00,91.9419370153109,93.00044618212475,91.6649450909056,92.8025894165039,369300,0.0,0.0
2024-05-15 00:00:00-04:00,93.17851467757946,93.29722119099152,91.85290074725424,92.2980728149414,346700,0.0,0.0
2024-05-16 00:00:00-04:00,92.15957922809432,92.15957922809432,91.13074664969011,91.1604232788086,299300,0.0,0.0
2024-05-17 00:00:00-04:00,91.3582682309061,91.41762903383038,89.67652724817341,90.17115783691406,375400,0.0,0.0
2024-05-20 00:00:00-04:00,90.0722364378944,91.7737593839172,89.85459776349992,91.53633880615234,480300,0.0,0.0
2024-05-21 00:00:00-04:00,91.37806237220973,91.73419701818338,90.13159111130197,90.25030517578125,351900,0.0,0.0
2024-05-22 00:00:00-04:00,90.25030646203956,90.52729840230808,89.68642785578885,90.14148712158203,261300,0.0,0.0
2024-05-23 00:00:00-04:00,89.84469941044323,89.84469941044323,86.9065925196773,87.67821502685547,532200,0.0,0.0
2024-05-24 00:00:00-04:00,88.24210041073587,88.41028055917485,87.26273388730588,87.40122985839844,510400,0.0,0.0
2024-05-28 00:00:00-04:00,87.3418747726819,87.51994209571602,85.16549554143558,85.2743148803711,703100,0.0,0.0
2024-05-29 00:00:00-04:00,83.1375130067427,84.4631194055616,82.87040825342218,84.06742095947266,682600,0.0,0.0
2024-05-30 00:00:00-04:00,84.57193874247528,84.77968269091119,83.78053430283333,84.06742095947266,517900,0.0,0.0
2024-05-31 00:00:00-04:00,84.1267738219673,85.0467870449869,83.70139120170094,84.9775390625,612200,0.0,0.0
2024-06-03 00:00:00-04:00,85.3039979257043,85.37324590888444,84.08720330986556,84.730224609375,666200,0.0,0.0
2024-06-04 00:00:00-04:00,84.7302231997091,84.75989982808342,83.31557938330955,83.79042053222656,369700,0.0,0.0
2024-06-05 00:00:00-04:00,83.96848648679011,84.7005451963042,83.46396871768914,84.02784729003906,731600,0.0,0.0
2024-06-06 00:00:00-04:00,83.6717142052668,84.21580333742486,82.67255827880811,84.18612670898438,616200,0.0,0.0
2024-06-07 00:00:00-04:00,83.93880945569849,85.6007685368725,83.93880945569849,84.41365814208984,606800,0.0,0.0
2024-06-10 00:00:00-04:00,83.7805328928178,84.3345167459901,82.70223426722008,83.12761688232422,474300,0.0,0.0
2024-06-11 00:00:00-04:00,82.84073450472778,83.0286965563795,81.69319538573953,82.41535186767578,431300,0.0,0.0
2024-06-12 00:00:00-04:00,83.9684861630701,84.77968002801566,83.01879633685068,84.28504943847656,521900,0.0,0.0
2024-06-13 00:00:00-04:00,83.83988437493579,84.04762831547892,83.18696837825988,83.7508544921875,443000,0.0,0.0
2024-06-14 00:00:00-04:00,78.7550850673553,79.6454216605964,74.73868699363477,75.02556610107422,2506300,0.0,0.0
2024-06-17 00:00:00-04:00,74.36276120500295,78.42862526493124,74.24405469359496,77.87464141845703,1261600,0.0,0.0
2024-06-18 00:00:00-04:00,77.97356989957699,79.96198708651536,77.49872118797073,78.5968017578125,1064100,0.0,0.0
2024-06-20 00:00:00-04:00,78.16152730326024,78.84411237957973,77.69657334488403,77.99334716796875,616300,0.0,0.0
2024-06-21 00:00:00-04:00,78.23078052908664,78.62648653386374,77.24151929087603,78.60669708251953,1531100,0.0,0.0
2024-06-24 00:00:00-04:00,78.88368435864874,80.3873655784232,78.44841457184145,79.70477294921875,959400,0.0,0.0
2024-06-25 00:00:00-04:00,79.08154683041627,79.58606463431755,78.19121019490757,78.75508880615234,885200,0.0,0.0
2024-06-26 00:00:00-04:00,77.26129779560067,78.39894967898407,77.06344857564875,78.02303314208984,464200,0.0,0.0
2024-06-27 00:00:00-04:00,78.12196161670039,78.51766762364346,77.10302374336041,77.17227172851562,568500,0.0,0.0
2024-06-28 00:00:00-04:00,77.57786347221699,78.79465810015094,77.30087153674303,78.45830535888672,950300,0.0,0.0
2024-07-01 00:00:00-04:00,78.95293481380733,79.27939282474223,77.35033648278886,77.38990783691406,1106900,0.0,0.0
2024-07-02 00:00:00-04:00,77.18215272016748,79.556381024053,75.97526043955402,79.16067504882812,2151400,0.0,0.0
2024-07-03 00:00:00-04:00,79.05186785474203,79.36843114381115,76.91505999292743,77.66690063476562,541400,0.0,0.0
2024-07-05 00:00:00-04:00,77.16237060869786,77.16237060869786,75.85654617721845,76.53913879394531,871100,0.0,0.0
2024-07-08 00:00:00-04:00,77.02387766680107,77.02387766680107,75.97526320956746,76.45999908447266,641100,0.0,0.0
2024-07-09 00:00:00-04:00,76.55999755859375,76.56999969482422,75.4000015258789,75.80000305175781,682200,0.83,0.0
2024-07-10 00:00:00-04:00,75.70999908447266,76.37999725341797,75.41000366210938,76.04000091552734,596700,0.0,0.0
2024-07-11 00:00:00-04:00,76.95999908447266,78.36000061035156,76.72000122070312,78.05000305175781,614600,0.0,0.0
2024-07-12 00:00:00-04:00,79.31999969482422,80.27999877929688,78.5999984741211,79.31999969482422,627100,0.0,0.0
2024-07-15 00:00:00-04:00,79.72000122070312,81.23999786376953,79.36000061035156,80.83999633789062,487300,0.0,0.0
2024-07-16 00:00:00-04:00,81.66000366210938,84.43000030517578,81.26000213623047,84.26000213623047,815800,0.0,0.0
2024-07-17 00:00:00-04:00,83.76000213623047,85.4800033569336,83.56999969482422,85.0199966430664,690300,0.0,0.0
2024-07-18 00:00:00-04:00,84.31999969482422,86.16000366210938,84.12000274658203,84.13999938964844,875300,0.0,0.0
2024-07-19 00:00:00-04:00,84.19999694824219,84.36000061035156,81.95999908447266,82.94000244140625,1304400,0.0,0.0
2024-07-22 00:00:00-04:00,83.4800033569336,84.30000305175781,82.58999633789062,84.2300033569336,591600,0.0,0.0
2024-07-23 00:00:00-04:00,83.91000366210938,84.33000183105469,82.93000030517578,83.37000274658203,825800,0.0,0.0
2024-07-24 00:00:00-04:00,83.04000091552734,83.33000183105469,81.80999755859375,81.93000030517578,608400,0.0,0.0
2024-07-25 00:00:00-04:00,82.05999755859375,86.22000122070312,82.05000305175781,85.66000366210938,509000,0.0,0.0
2024-07-26 00:00:00-04:00,86.77999877929688,88.11000061035156,86.45999908447266,87.62999725341797,674800,0.0,0.0
2024-07-29 00:00:00-04:00,87.31999969482422,88.30000305175781,86.80999755859375,88.16000366210938,466100,0.0,0.0
2024-07-30 00:00:00-04:00,87.98999786376953,89.4800033569336,87.58999633789062,89.12999725341797,511300,0.0,0.0
2024-07-31 00:00:00-04:00,89.54000091552734,90.22000122070312,88.63999938964844,88.94999694824219,553700,0.0,0.0
2024-08-01 00:00:00-04:00,88.41999816894531,89.25,83.91999816894531,84.3499984741211,1095800,0.0,0.0
2024-08-02 00:00:00-04:00,83.29000091552734,83.29000091552734,81.63999938964844,83.08000183105469,819600,0.0,0.0
2024-08-05 00:00:00-04:00,81.19999694824219,82.33000183105469,79.05000305175781,81.43000030517578,1004800,0.0,0.0
2024-08-06 00:00:00-04:00,81.62000274658203,83.41000366210938,80.61000061035156,80.63999938964844,546100,0.0,0.0
2024-08-07 00:00:00-04:00,81.30000305175781,81.95999908447266,79.75,80.0199966430664,562300,0.0,0.0
2024-08-08 00:00:00-04:00,80.83999633789062,81.36000061035156,79.83999633789062,80.3499984741211,561000,0.0,0.0
2024-08-09 00:00:00-04:00,80.44000244140625,81.44000244140625,79.5,80.77999877929688,444500,0.0,0.0
2024-08-12 00:00:00-04:00,80.7300033569336,80.80000305175781,79.12000274658203,79.19999694824219,389300,0.0,0.0
2024-08-13 00:00:00-04:00,79.5999984741211,80.55999755859375,78.44000244140625,80.1500015258789,400600,0.0,0.0
2024-08-14 00:00:00-04:00,80.12999725341797,80.2699966430664,78.5999984741211,79.19000244140625,443700,0.0,0.0
2024-08-15 00:00:00-04:00,80.13999938964844,81.12999725341797,79.80000305175781,80.4800033569336,459700,0.0,0.0
2024-08-16 00:00:00-04:00,80.5,81.36000061035156,80.01000213623047,80.5,681700,0.0,0.0
2024-08-19 00:00:00-04:00,80.76000213623047,81.44999694824219,80.70999908447266,80.93000030517578,316300,0.0,0.0
2024-08-20 00:00:00-04:00,80.73999786376953,81.94999694824219,80.58999633789062,81.44999694824219,417700,0.0,0.0
2024-08-21 00:00:00-04:00,81.91999816894531,82.22000122070312,81.44999694824219,82.0199966430664,268300,0.0,0.0
2024-08-22 00:00:00-04:00,82.0,82.51000213623047,81.13999938964844,81.19000244140625,237300,0.0,0.0
2024-08-23 00:00:00-04:00,81.52999877929688,83.37000274658203,81.5199966430664,83.23999786376953,226500,0.0,0.0
2024-08-26 00:00:00-04:00,83.6500015258789,83.95999908447266,82.93000030517578,83.0,317700,0.0,0.0
2024-08-27 00:00:00-04:00,82.58999633789062,82.69000244140625,81.68000030517578,82.16999816894531,346000,0.0,0.0
2024-08-28 00:00:00-04:00,82.12999725341797,82.75,80.76000213623047,81.38999938964844,469000,0.0,0.0
2024-08-29 00:00:00-04:00,82.25,82.36000061035156,80.69000244140625,81.62999725341797,437500,0.0,0.0
2024-08-30 00:00:00-04:00,81.95999908447266,82.48999786376953,80.91999816894531,82.23999786376953,650300,0.0,0.0
2024-09-03 00:00:00-04:00,81.80000305175781,82.19000244140625,80.27999877929688,80.5199966430664,409800,0.0,0.0
2024-09-04 00:00:00-04:00,80.13999938964844,80.3499984741211,78.3499984741211,78.58000183105469,671400,0.0,0.0
2024-09-05 00:00:00-04:00,78.31999969482422,78.54000091552734,76.30999755859375,77.51000213623047,727800,0.0,0.0
2024-09-06 00:00:00-04:00,77.69000244140625,78.75,77.54000091552734,78.19999694824219,642200,0.0,0.0
2024-09-09 00:00:00-04:00,78.55999755859375,79.12999725341797,77.75,78.70999908447266,806600,0.0,0.0
2024-09-10 00:00:00-04:00,78.94999694824219,79.12000274658203,78.0999984741211,78.18000030517578,508100,0.0,0.0
2024-09-11 00:00:00-04:00,77.5999984741211,78.08000183105469,76.0199966430664,77.94000244140625,920300,0.0,0.0
2024-09-12 00:00:00-04:00,77.95999908447266,78.7699966430664,77.51000213623047,78.70999908447266,727600,0.0,0.0
2024-09-13 00:00:00-04:00,79.08999633789062,80.13999938964844,78.61000061035156,79.4800033569336,547800,0.0,0.0
2024-09-16 00:00:00-04:00,80.13999938964844,81.33000183105469,80.0,81.06999969482422,369900,0.0,0.0
2024-09-17 00:00:00-04:00,81.62999725341797,82.51000213623047,81.16000366210938,81.87999725341797,368600,0.0,0.0
2024-09-18 00:00:00-04:00,82.18000030517578,83.7300033569336,81.79000091552734,81.94999694824219,459700,0.0,0.0
2024-09-19 00:00:00-04:00,83.62000274658203,86.4800033569336,82.55000305175781,86.16999816894531,1124200,0.0,0.0
2024-09-20 00:00:00-04:00,85.62000274658203,85.62999725341797,83.66000366210938,83.86000061035156,1763300,0.0,0.0
2024-09-23 00:00:00-04:00,83.91999816894531,85.37999725341797,83.68000030517578,85.33000183105469,632800,0.0,0.0
2024-09-24 00:00:00-04:00,85.55999755859375,86.4000015258789,85.08999633789062,86.05000305175781,555800,0.0,0.0
2024-09-25 00:00:00-04:00,86.41000366210938,86.45999908447266,83.66999816894531,83.73999786376953,436200,0.0,0.0
2024-09-26 00:00:00-04:00,84.80000305175781,86.62999725341797,84.80000305175781,86.26000213623047,544200,0.0,0.0
2024-09-27 00:00:00-04:00,87.19000244140625,88.69999694824219,86.76000213623047,87.08999633789062,514200,0.0,0.0
2024-09-30 00:00:00-04:00,86.81999969482422,86.81999969482422,84.95999908447266,86.05999755859375,657600,0.0,0.0
2024-10-01 00:00:00-04:00,86.08000183105469,86.08000183105469,84.08999633789062,84.97000122070312,400300,0.0,0.0
2024-10-02 00:00:00-04:00,84.55999755859375,85.26000213623047,84.11000061035156,84.2300033569336,439600,0.0,0.0
2024-10-03 00:00:00-04:00,83.77999877929688,84.29000091552734,82.81999969482422,83.51000213623047,637400,0.0,0.0
2024-10-04 00:00:00-04:00,84.48999786376953,84.83999633789062,83.05000305175781,83.4000015258789,383400,0.0,0.0
2024-10-07 00:00:00-04:00,82.73999786376953,83.1500015258789,82.05999755859375,82.25,372500,0.0,0.0
2024-10-08 00:00:00-04:00,81.75,81.75,80.1500015258789,80.19999694824219,501300,0.0,0.0
2024-10-09 00:00:00-04:00,80.52999877929688,81.83999633789062,80.1500015258789,81.33000183105469,733900,0.0,0.0
2024-10-10 00:00:00-04:00,80.81999969482422,81.77999877929688,80.68000030517578,81.30000305175781,604100,0.0,0.0
2024-10-11 00:00:00-04:00,82.2699966430664,84.30000305175781,81.91000366210938,83.37000274658203,665300,0.0,0.0
2024-10-14 00:00:00-04:00,83.31999969482422,83.31999969482422,82.27999877929688,83.0,423500,0.0,0.0
2024-10-15 00:00:00-04:00,82.55999755859375,83.91999816894531,82.33000183105469,82.4000015258789,509400,0.0,0.0
2024-10-16 00:00:00-04:00,84.26000213623047,84.7300033569336,82.37000274658203,82.68000030517578,682600,0.0,0.0
2024-10-17 00:00:00-04:00,82.12999725341797,84.23999786376953,82.12999725341797,84.05999755859375,515100,0.0,0.0
2024-10-18 00:00:00-04:00,84.51000213623047,84.94000244140625,83.70999908447266,84.22000122070312,644700,0.0,0.0
2024-10-21 00:00:00-04:00,84.23999786376953,84.23999786376953,82.27999877929688,82.41000366210938,379700,0.0,0.0
2024-10-22 00:00:00-04:00,82.12000274658203,82.12000274658203,80.55000305175781,80.56999969482422,526600,0.0,0.0
2024-10-23 00:00:00-04:00,80.37999725341797,81.18000030517578,80.1500015258789,80.83999633789062,1111400,0.0,0.0
2024-10-24 00:00:00-04:00,78.0,79.0,75.91000366210938,77.79000091552734,2054900,0.0,0.0
2024-10-25 00:00:00-04:00,77.47000122070312,79.98999786376953,77.47000122070312,78.66999816894531,1166800,0.0,0.0
2024-10-28 00:00:00-04:00,79.4000015258789,81.16000366210938,79.25,81.08999633789062,662200,0.0,0.0
2024-10-29 00:00:00-04:00,80.44000244140625,83.08000183105469,80.08999633789062,82.41999816894531,896800,0.0,0.0
2024-10-30 00:00:00-04:00,82.23999786376953,83.05999755859375,81.55999755859375,82.08000183105469,610600,0.0,0.0
2024-10-31 00:00:00-04:00,82.47000122070312,82.62000274658203,78.98999786376953,79.06999969482422,838900,0.0,0.0
2024-11-01 00:00:00-04:00,79.69000244140625,81.4000015258789,79.51000213623047,80.69999694824219,516300,0.0,0.0
2024-11-04 00:00:00-05:00,80.45999908447266,81.30999755859375,80.36000061035156,80.5199966430664,987900,0.0,0.0
2024-11-05 00:00:00-05:00,80.19000244140625,82.16999816894531,80.19000244140625,82.05999755859375,455400,0.0,0.0
2024-11-06 00:00:00-05:00,87.0,89.54000091552734,86.5,88.79000091552734,1388900,0.0,0.0
2024-11-07 00:00:00-05:00,88.25,89.83999633789062,88.25,88.58000183105469,658900,0.0,0.0
2024-11-08 00:00:00-05:00,88.02999877929688,89.37000274658203,87.7699966430664,88.9800033569336,671300,0.0,0.0
2024-11-11 00:00:00-05:00,89.88999938964844,90.80999755859375,89.58000183105469,90.18000030517578,876800,0.0,0.0
2024-11-12 00:00:00-05:00,89.91000366210938,90.12000274658203,88.68000030517578,89.5999984741211,764500,0.0,0.0
2024-11-13 00:00:00-05:00,88.16000366210938,89.20999908447266,87.36000061035156,87.4800033569336,706600,0.0,0.0
2024-11-14 00:00:00-05:00,87.5,87.62999725341797,85.33000183105469,85.44999694824219,467500,0.0,0.0
2024-11-15 00:00:00-05:00,85.87000274658203,86.06999969482422,83.01000213623047,83.06999969482422,684600,0.0,0.0
2024-11-18 00:00:00-05:00,83.05999755859375,83.5,82.31999969482422,82.41000366210938,511600,0.0,0.0
2024-11-19 00:00:00-05:00,81.23999786376953,82.08999633789062,80.56999969482422,80.62999725341797,527800,0.0,0.0
2024-11-20 00:00:00-05:00,80.55000305175781,81.4800033569336,80.04000091552734,81.33999633789062,553100,0.0,0.0
2024-11-21 00:00:00-05:00,81.52999877929688,84.9000015258789,81.20999908447266,84.12999725341797,521300,0.0,0.0
2024-11-22 00:00:00-05:00,84.79000091552734,85.69000244140625,84.33999633789062,85.41000366210938,472300,0.0,0.0
2024-11-25 00:00:00-05:00,86.0,88.5999984741211,86.0,87.0199966430664,594700,0.0,0.0
2024-11-26 00:00:00-05:00,86.2699966430664,87.0,84.87999725341797,85.63999938964844,724600,0.0,0.0
2024-11-27 00:00:00-05:00,86.06999969482422,86.79000091552734,85.05000305175781,85.23999786376953,304300,0.0,0.0
2024-11-29 00:00:00-05:00,86.08999633789062,86.56999969482422,84.81999969482422,85.87999725341797,339100,0.0,0.0
2024-12-02 00:00:00-05:00,86.04000091552734,86.2699966430664,84.91000366210938,85.01000213623047,489300,0.0,0.0
2024-12-03 00:00:00-05:00,85.29000091552734,85.29000091552734,84.19000244140625,84.76000213623047,455600,0.0,0.0
2024-12-04 00:00:00-05:00,84.0,84.86000061035156,83.1500015258789,83.66999816894531,809000,0.0,0.0
2024-12-05 00:00:00-05:00,83.87999725341797,84.62000274658203,82.76000213623047,83.3499984741211,498100,0.0,0.0
2024-12-06 00:00:00-05:00,84.06999969482422,84.41000366210938,82.41000366210938,83.12999725341797,409800,0.0,0.0
2024-12-09 00:00:00-05:00,83.68000030517578,84.62000274658203,83.36000061035156,83.98999786376953,474900,0.0,0.0
2024-12-10 00:00:00-05:00,83.26000213623047,84.93000030517578,82.19000244140625,84.30000305175781,505300,0.0,0.0
2024-12-11 00:00:00-05:00,84.94000244140625,85.61000061035156,83.58000183105469,83.88999938964844,646300,0.0,0.0
2024-12-12 00:00:00-05:00,83.56999969482422,83.73999786376953,81.9800033569336,83.12000274658203,391000,0.0,0.0
2024-12-13 00:00:00-05:00,82.70999908447266,83.31999969482422,82.01000213623047,83.30999755859375,394300,0.0,0.0
2024-12-16 00:00:00-05:00,82.70999908447266,83.66000366210938,81.68000030517578,82.48999786376953,603600,0.0,0.0
2024-12-17 00:00:00-05:00,82.01000213623047,82.76000213623047,80.63999938964844,81.33999633789062,415000,0.0,0.0
2024-12-18 00:00:00-05:00,81.37999725341797,82.01000213623047,77.94000244140625,78.30999755859375,632200,0.0,0.0
2024-12-19 00:00:00-05:00,78.47000122070312,79.2699966430664,76.8499984741211,77.0199966430664,491700,0.0,0.0
2024-12-20 00:00:00-05:00,76.55000305175781,77.81999969482422,76.3499984741211,76.7699966430664,2051500,0.0,0.0
2024-12-23 00:00:00-05:00,76.37999725341797,76.83000183105469,75.61000061035156,75.87999725341797,500800,0.0,0.0
2024-12-24 00:00:00-05:00,75.87999725341797,76.98999786376953,75.79000091552734,76.70999908447266,184200,0.0,0.0
2024-12-26 00:00:00-05:00,76.13999938964844,76.93000030517578,75.94000244140625,76.26000213623047,540300,0.0,0.0
2024-12-27 00:00:00-05:00,75.80000305175781,76.27999877929688,74.70999908447266,74.80000305175781,369400,0.0,0.0
2024-12-30 00:00:00-05:00,74.41999816894531,74.41999816894531,72.79000091552734,73.08999633789062,662500,0.0,0.0
2024-12-31 00:00:00-05:00,73.26000213623047,75.26000213623047,73.19000244140625,74.69000244140625,674000,0.0,0.0
2025-01-02 00:00:00-05:00,75.16000366210938,76.4800033569336,74.80999755859375,75.25,771636,0.0,0.0
