Date,Open,High,Low,Close,Volume,Dividends,Stock Splits
2022-01-03 00:00:00-05:00,1.9500000476837158,2.069999933242798,1.9500000476837158,2.009999990463257,33800,0.0,0.0
2022-01-04 00:00:00-05:00,2.1500000953674316,2.200000047683716,1.9900000095367432,2.0399999618530273,47600,0.0,0.0
2022-01-05 00:00:00-05:00,2.0199999809265137,2.069999933242798,1.8200000524520874,1.840000033378601,68300,0.0,0.0
2022-01-06 00:00:00-05:00,1.7899999618530273,1.940000057220459,1.7899999618530273,1.8799999952316284,33200,0.0,0.0
2022-01-07 00:00:00-05:00,1.9149999618530273,1.9249999523162842,1.8700000047683716,1.8899999856948853,25200,0.0,0.0
2022-01-10 00:00:00-05:00,1.8700000047683716,1.9299999475479126,1.850000023841858,1.8899999856948853,35200,0.0,0.0
2022-01-11 00:00:00-05:00,1.8899999856948853,1.9700000286102295,1.8600000143051147,1.9600000381469727,15300,0.0,0.0
2022-01-12 00:00:00-05:00,2.0510001182556152,2.1410000324249268,1.9700000286102295,1.9700000286102295,16700,0.0,0.0
2022-01-13 00:00:00-05:00,2.059999942779541,2.0799999237060547,1.9500000476837158,1.9700000286102295,13700,0.0,0.0
2022-01-14 00:00:00-05:00,2.009999990463257,2.059999942779541,1.9500000476837158,1.9500000476837158,63400,0.0,0.0
2022-01-18 00:00:00-05:00,1.9500000476837158,2.186000108718872,1.9500000476837158,2.0450000762939453,22900,0.0,0.0
2022-01-19 00:00:00-05:00,2.0999999046325684,2.240000009536743,2.0999999046325684,2.190000057220459,57500,0.0,0.0
2022-01-20 00:00:00-05:00,2.1700000762939453,2.190000057220459,2.069999933242798,2.0999999046325684,16200,0.0,0.0
2022-01-21 00:00:00-05:00,2.069999933242798,2.0999999046325684,2.010999917984009,2.0230000019073486,9600,0.0,0.0
2022-01-24 00:00:00-05:00,2.0199999809265137,2.0299999713897705,1.878000020980835,2.0199999809265137,44000,0.0,0.0
2022-01-25 00:00:00-05:00,1.9900000095367432,2.0439999103546143,1.899999976158142,1.940000057220459,10300,0.0,0.0
2022-01-26 00:00:00-05:00,1.9800000190734863,1.9800000190734863,1.899999976158142,1.909999966621399,21500,0.0,0.0
2022-01-27 00:00:00-05:00,1.9199999570846558,1.9199999570846558,1.7899999618530273,1.7999999523162842,37200,0.0,0.0
2022-01-28 00:00:00-05:00,1.809999942779541,2.0,1.809999942779541,1.9500000476837158,36400,0.0,0.0
2022-01-31 00:00:00-05:00,1.9500000476837158,1.9500000476837158,1.7000000476837158,1.9500000476837158,21200,0.0,0.0
2022-02-01 00:00:00-05:00,2.0,2.130000114440918,1.9450000524520874,2.0999999046325684,24400,0.0,0.0
2022-02-02 00:00:00-05:00,2.130000114440918,2.140000104904175,2.0399999618530273,2.0999999046325684,22900,0.0,0.0
2022-02-03 00:00:00-05:00,2.059999942779541,2.0999999046325684,2.049999952316284,2.0999999046325684,5600,0.0,0.0
2022-02-04 00:00:00-05:00,2.059999942779541,2.2300000190734863,2.059999942779541,2.140000104904175,51200,0.0,0.0
2022-02-07 00:00:00-05:00,2.1500000953674316,2.2100000381469727,2.0999999046325684,2.140000104904175,43100,0.0,0.0
2022-02-08 00:00:00-05:00,2.2100000381469727,2.3919999599456787,2.2100000381469727,2.2699999809265137,126600,0.0,0.0
2022-02-09 00:00:00-05:00,2.380000114440918,2.5399999618530273,2.3499999046325684,2.5399999618530273,72600,0.0,0.0
2022-02-10 00:00:00-05:00,2.5399999618530273,2.75,2.5199999809265137,2.630000114440918,119700,0.0,0.0
2022-02-11 00:00:00-05:00,2.7100000381469727,3.180000066757202,2.559999942779541,2.9600000381469727,618700,0.0,0.0
2022-02-14 00:00:00-05:00,3.130000114440918,3.130000114440918,2.8499999046325684,2.9100000858306885,226300,0.0,0.0
2022-02-15 00:00:00-05:00,2.9000000953674316,2.9000000953674316,2.4000000953674316,2.509999990463257,149100,0.0,0.0
2022-02-16 00:00:00-05:00,2.569999933242798,2.740000009536743,2.509999990463257,2.6700000762939453,83200,0.0,0.0
2022-02-17 00:00:00-05:00,2.7200000286102295,2.7899999618530273,2.569999933242798,2.5899999141693115,98300,0.0,0.0
2022-02-18 00:00:00-05:00,2.559999942779541,2.630000114440918,2.0999999046325684,2.119999885559082,103600,0.0,0.0
2022-02-22 00:00:00-05:00,2.0999999046325684,2.119999885559082,2.0,2.0,75900,0.0,0.0
2022-02-23 00:00:00-05:00,2.009999990463257,2.2699999809265137,2.0,2.119999885559082,48800,0.0,0.0
2022-02-24 00:00:00-05:00,2.0,2.119999885559082,1.9800000190734863,1.9800000190734863,37400,0.0,0.0
2022-02-25 00:00:00-05:00,2.0199999809265137,2.109999895095825,2.015000104904175,2.0399999618530273,23500,0.0,0.0
2022-02-28 00:00:00-05:00,2.049999952316284,2.140000104904175,2.0,2.0,45100,0.0,0.0
2022-03-01 00:00:00-05:00,2.0199999809265137,2.0199999809265137,1.9500000476837158,1.9500000476837158,44100,0.0,0.0
2022-03-02 00:00:00-05:00,2.0,2.062999963760376,1.909999966621399,1.909999966621399,34400,0.0,0.0
2022-03-03 00:00:00-05:00,1.940000057220459,2.0899999141693115,1.940000057220459,1.9900000095367432,15000,0.0,0.0
2022-03-04 00:00:00-05:00,2.109999895095825,2.109999895095825,1.9700000286102295,2.0299999713897705,20200,0.0,0.0
2022-03-07 00:00:00-05:00,1.9600000381469727,2.069999933242798,1.940000057220459,1.9500000476837158,33400,0.0,0.0
2022-03-08 00:00:00-05:00,1.9199999570846558,1.9199999570846558,1.809000015258789,1.8600000143051147,29000,0.0,0.0
2022-03-09 00:00:00-05:00,1.8700000047683716,2.0199999809265137,1.809999942779541,1.809999942779541,39300,0.0,0.0
2022-03-10 00:00:00-05:00,1.850000023841858,1.850000023841858,1.7000000476837158,1.7200000286102295,36300,0.0,0.0
2022-03-11 00:00:00-05:00,1.7200000286102295,1.940000057220459,1.621000051498413,1.8799999952316284,22800,0.0,0.0
2022-03-14 00:00:00-04:00,1.8600000143051147,1.9299999475479126,1.8600000143051147,1.899999976158142,18100,0.0,0.0
2022-03-15 00:00:00-04:00,1.8899999856948853,1.9700000286102295,1.7999999523162842,1.9199999570846558,22600,0.0,0.0
2022-03-16 00:00:00-04:00,1.9199999570846558,1.9500000476837158,1.850000023841858,1.850000023841858,22100,0.0,0.0
2022-03-17 00:00:00-04:00,1.9700000286102295,1.9700000286102295,1.899999976158142,1.899999976158142,15700,0.0,0.0
2022-03-18 00:00:00-04:00,1.850000023841858,2.0199999809265137,1.850000023841858,2.0199999809265137,68800,0.0,0.0
2022-03-21 00:00:00-04:00,2.0199999809265137,2.069999933242798,1.9500000476837158,2.0199999809265137,15000,0.0,0.0
2022-03-22 00:00:00-04:00,2.0360000133514404,2.069999933242798,2.0,2.049999952316284,11800,0.0,0.0
2022-03-23 00:00:00-04:00,2.049999952316284,2.180000066757202,2.0,2.180000066757202,17000,0.0,0.0
2022-03-24 00:00:00-04:00,2.1700000762939453,2.2699999809265137,2.049999952316284,2.240000009536743,20000,0.0,0.0
2022-03-25 00:00:00-04:00,2.3299999237060547,2.450000047683716,2.2179999351501465,2.2200000286102295,49200,0.0,0.0
2022-03-28 00:00:00-04:00,1.75,1.7699999809265137,1.1059999465942383,1.1799999475479126,2334700,0.0,0.0
2022-03-29 00:00:00-04:00,1.2000000476837158,1.2300000190734863,1.0800000429153442,1.1699999570846558,810800,0.0,0.0
2022-03-30 00:00:00-04:00,1.149999976158142,1.1799999475479126,1.090000033378601,1.1200000047683716,327500,0.0,0.0
2022-03-31 00:00:00-04:00,1.1200000047683716,1.159999966621399,1.0859999656677246,1.100000023841858,223600,0.0,0.0
2022-04-01 00:00:00-04:00,1.090000033378601,1.1200000047683716,1.0299999713897705,1.0800000429153442,131700,0.0,0.0
2022-04-04 00:00:00-04:00,1.0499999523162842,1.1200000047683716,1.0499999523162842,1.090000033378601,131300,0.0,0.0
2022-04-05 00:00:00-04:00,1.1200000047683716,1.1200000047683716,1.059999942779541,1.0800000429153442,55200,0.0,0.0
2022-04-06 00:00:00-04:00,1.059999942779541,1.0700000524520874,1.0099999904632568,1.0199999809265137,129200,0.0,0.0
2022-04-07 00:00:00-04:00,1.0299999713897705,1.090000033378601,1.0099999904632568,1.0299999713897705,88400,0.0,0.0
2022-04-08 00:00:00-04:00,1.0199999809265137,1.0399999618530273,1.0099999904632568,1.0199999809265137,64700,0.0,0.0
2022-04-11 00:00:00-04:00,1.0099999904632568,1.1200000047683716,1.0,1.0449999570846558,311200,0.0,0.0
2022-04-12 00:00:00-04:00,1.0499999523162842,1.0499999523162842,1.0099999904632568,1.024999976158142,65800,0.0,0.0
2022-04-13 00:00:00-04:00,1.0099999904632568,1.0800000429153442,1.0099999904632568,1.0499999523162842,76800,0.0,0.0
2022-04-14 00:00:00-04:00,1.0299999713897705,1.0800000429153442,1.0199999809265137,1.0399999618530273,75800,0.0,0.0
2022-04-18 00:00:00-04:00,1.0399999618530273,1.0399999618530273,1.0,1.0199999809265137,56200,0.0,0.0
2022-04-19 00:00:00-04:00,1.0,1.0399999618530273,1.0,1.0299999713897705,27100,0.0,0.0
2022-04-20 00:00:00-04:00,1.0299999713897705,1.059999942779541,1.0,1.0369999408721924,15900,0.0,0.0
2022-04-21 00:00:00-04:00,1.0,1.090000033378601,1.0,1.0299999713897705,283400,0.0,0.0
2022-04-22 00:00:00-04:00,1.0299999713897705,1.0299999713897705,1.0,1.0,61800,0.0,0.0
2022-04-25 00:00:00-04:00,1.0,1.0299999713897705,0.8700000047683716,0.8799999952316284,166200,0.0,0.0
2022-04-26 00:00:00-04:00,0.8799999952316284,0.8799999952316284,0.6620000004768372,0.75,145100,0.0,0.0
2022-04-27 00:00:00-04:00,0.7509999871253967,0.8270000219345093,0.7509999871253967,0.7770000100135803,79200,0.0,0.0
2022-04-28 00:00:00-04:00,0.7789999842643738,0.800000011920929,0.7229999899864197,0.7749999761581421,53100,0.0,0.0
2022-04-29 00:00:00-04:00,0.8059999942779541,0.8059999942779541,0.75,0.7699999809265137,19100,0.0,0.0
2022-05-02 00:00:00-04:00,0.7490000128746033,0.7490000128746033,0.6629999876022339,0.7360000014305115,32800,0.0,0.0
2022-05-03 00:00:00-04:00,0.7310000061988831,0.734000027179718,0.699999988079071,0.7200000286102295,21000,0.0,0.0
2022-05-04 00:00:00-04:00,0.7149999737739563,0.7509999871253967,0.7059999704360962,0.7059999704360962,27500,0.0,0.0
2022-05-05 00:00:00-04:00,0.7059999704360962,0.75,0.6800000071525574,0.7200000286102295,135100,0.0,0.0
2022-05-06 00:00:00-04:00,0.699999988079071,0.699999988079071,0.5609999895095825,0.6399999856948853,105000,0.0,0.0
2022-05-09 00:00:00-04:00,0.6209999918937683,0.6579999923706055,0.5950000286102295,0.5950000286102295,102100,0.0,0.0
2022-05-10 00:00:00-04:00,0.6200000047683716,0.6399999856948853,0.5600000023841858,0.5630000233650208,35400,0.0,0.0
2022-05-11 00:00:00-04:00,0.5299999713897705,0.5699999928474426,0.5299999713897705,0.5299999713897705,45700,0.0,0.0
2022-05-12 00:00:00-04:00,0.5479999780654907,0.5479999780654907,0.5199999809265137,0.5389999747276306,36900,0.0,0.0
2022-05-13 00:00:00-04:00,0.5400000214576721,0.5400000214576721,0.5099999904632568,0.5299999713897705,104800,0.0,0.0
2022-05-16 00:00:00-04:00,0.5400000214576721,0.5950000286102295,0.5329999923706055,0.5820000171661377,66500,0.0,0.0
2022-05-17 00:00:00-04:00,0.5799999833106995,0.5899999737739563,0.5379999876022339,0.5699999928474426,34100,0.0,0.0
2022-05-18 00:00:00-04:00,0.5699999928474426,0.6299999952316284,0.5699999928474426,0.6100000143051147,42400,0.0,0.0
2022-05-19 00:00:00-04:00,0.6499999761581421,0.8600000143051147,0.6499999761581421,0.7910000085830688,464300,0.0,0.0
2022-05-20 00:00:00-04:00,0.800000011920929,0.9660000205039978,0.800000011920929,0.9210000038146973,142200,0.0,0.0
2022-05-23 00:00:00-04:00,0.949999988079071,1.0290000438690186,0.8999999761581421,0.9599999785423279,107500,0.0,0.0
2022-05-24 00:00:00-04:00,0.9309999942779541,1.0800000429153442,0.8790000081062317,1.0399999618530273,106900,0.0,0.0
2022-05-25 00:00:00-04:00,1.0399999618530273,1.1430000066757202,1.0,1.1399999856948853,137700,0.0,0.0
2022-05-26 00:00:00-04:00,1.1399999856948853,1.149999976158142,1.059999942779541,1.0800000429153442,72200,0.0,0.0
2022-05-27 00:00:00-04:00,1.0199999809265137,1.1100000143051147,1.0199999809265137,1.0670000314712524,41300,0.0,0.0
2022-05-31 00:00:00-04:00,1.0499999523162842,1.1699999570846558,1.0099999904632568,1.1399999856948853,136300,0.0,0.0
2022-06-01 00:00:00-04:00,1.340000033378601,1.559999942779541,1.2799999713897705,1.4600000381469727,1496000,0.0,0.0
2022-06-02 00:00:00-04:00,1.4600000381469727,1.4600000381469727,1.2599999904632568,1.3700000047683716,322900,0.0,0.0
2022-06-03 00:00:00-04:00,1.3600000143051147,1.3600000143051147,0.9700000286102295,1.090000033378601,231100,0.0,0.0
2022-06-06 00:00:00-04:00,1.0,1.065000057220459,0.949999988079071,0.9900000095367432,106400,0.0,0.0
2022-06-07 00:00:00-04:00,0.9900000095367432,1.149999976158142,0.949999988079071,1.1399999856948853,104000,0.0,0.0
2022-06-08 00:00:00-04:00,1.1299999952316284,1.159999966621399,1.1299999952316284,1.1299999952316284,34000,0.0,0.0
2022-06-09 00:00:00-04:00,1.1100000143051147,1.1100000143051147,1.0099999904632568,1.0399999618530273,31800,0.0,0.0
2022-06-10 00:00:00-04:00,0.9800000190734863,1.0889999866485596,0.9800000190734863,1.0700000524520874,36300,0.0,0.0
2022-06-13 00:00:00-04:00,1.0399999618530273,1.0399999618530273,0.9200000166893005,0.9210000038146973,53800,0.0,0.0
2022-06-14 00:00:00-04:00,0.9240000247955322,0.9800000190734863,0.9240000247955322,0.9739999771118164,9700,0.0,0.0
2022-06-15 00:00:00-04:00,0.9300000071525574,1.090000033378601,0.9300000071525574,1.0499999523162842,37700,0.0,0.0
2022-06-16 00:00:00-04:00,1.059999942779541,1.059999942779541,0.9700000286102295,1.0399999618530273,21700,0.0,0.0
2022-06-17 00:00:00-04:00,1.0199999809265137,1.0199999809265137,0.9120000004768372,0.9599999785423279,68300,0.0,0.0
2022-06-21 00:00:00-04:00,1.0,1.0399999618530273,1.0,1.0199999809265137,20200,0.0,0.0
2022-06-22 00:00:00-04:00,1.0199999809265137,1.0299999713897705,1.0,1.0199999809265137,22100,0.0,0.0
2022-06-23 00:00:00-04:00,1.0299999713897705,1.0299999713897705,1.0,1.0,18800,0.0,0.0
2022-06-24 00:00:00-04:00,1.0199999809265137,1.0499999523162842,1.0,1.0,20300,0.0,0.0
2022-06-27 00:00:00-04:00,1.0,1.0,0.9200000166893005,0.9399999976158142,27300,0.0,0.0
2022-06-28 00:00:00-04:00,0.8999999761581421,0.921999990940094,0.8500000238418579,0.8880000114440918,57300,0.0,0.0
2022-06-29 00:00:00-04:00,0.8610000014305115,0.8700000047683716,0.8220000267028809,0.8220000267028809,41200,0.0,0.0
2022-06-30 00:00:00-04:00,0.8100000023841858,0.8209999799728394,0.7799999713897705,0.8209999799728394,37100,0.0,0.0
2022-07-01 00:00:00-04:00,0.7900000214576721,0.8629999756813049,0.7829999923706055,0.8399999737739563,34700,0.0,0.0
2022-07-05 00:00:00-04:00,0.8610000014305115,1.090000033378601,0.8399999737739563,1.0299999713897705,69100,0.0,0.0
2022-07-06 00:00:00-04:00,1.0299999713897705,1.0299999713897705,0.9900000095367432,1.0099999904632568,29100,0.0,0.0
2022-07-07 00:00:00-04:00,1.0,1.0700000524520874,1.0,1.0,36700,0.0,0.0
2022-07-08 00:00:00-04:00,1.0,1.0240000486373901,0.9700000286102295,1.0,21700,0.0,0.0
2022-07-11 00:00:00-04:00,1.0,1.0089999437332153,0.949999988079071,1.0,25400,0.0,0.0
2022-07-12 00:00:00-04:00,1.0,1.0,0.949999988079071,0.9549999833106995,20800,0.0,0.0
2022-07-13 00:00:00-04:00,0.9900000095367432,0.9909999966621399,0.9539999961853027,0.9549999833106995,9600,0.0,0.0
2022-07-14 00:00:00-04:00,0.949999988079071,1.0,0.949999988079071,0.9769999980926514,10700,0.0,0.0
2022-07-15 00:00:00-04:00,1.0,1.0,0.9599999785423279,0.9629999995231628,33100,0.0,0.0
2022-07-18 00:00:00-04:00,0.9800000190734863,1.0,0.9700000286102295,0.9800000190734863,39600,0.0,0.0
2022-07-19 00:00:00-04:00,0.9950000047683716,1.0199999809265137,0.9800000190734863,0.9900000095367432,8600,0.0,0.0
2022-07-20 00:00:00-04:00,1.0199999809265137,1.059999942779541,0.9900000095367432,1.0299999713897705,23100,0.0,0.0
2022-07-21 00:00:00-04:00,1.0,1.1799999475479126,1.0,1.100000023841858,79300,0.0,0.0
2022-07-22 00:00:00-04:00,1.090000033378601,1.1239999532699585,1.0499999523162842,1.100000023841858,55000,0.0,0.0
2022-07-25 00:00:00-04:00,1.0800000429153442,1.1299999952316284,1.0800000429153442,1.090000033378601,8000,0.0,0.0
2022-07-26 00:00:00-04:00,1.0750000476837158,1.1299999952316284,1.0499999523162842,1.1200000047683716,30400,0.0,0.0
2022-07-27 00:00:00-04:00,1.159999966621399,1.159999966621399,1.1200000047683716,1.125,23400,0.0,0.0
2022-07-28 00:00:00-04:00,1.1349999904632568,1.1349999904632568,1.1200000047683716,1.1200000047683716,12200,0.0,0.0
2022-07-29 00:00:00-04:00,1.1100000143051147,1.1799999475479126,1.1100000143051147,1.1799999475479126,67400,0.0,0.0
2022-08-01 00:00:00-04:00,1.2000000476837158,1.2200000286102295,1.1100000143051147,1.2000000476837158,82200,0.0,0.0
2022-08-02 00:00:00-04:00,1.2200000286102295,1.25,1.1699999570846558,1.2000000476837158,69800,0.0,0.0
2022-08-03 00:00:00-04:00,1.5,1.9500000476837158,1.4199999570846558,1.75,5206900,0.0,0.0
2022-08-04 00:00:00-04:00,1.7799999713897705,1.7999999523162842,1.5299999713897705,1.6399999856948853,406900,0.0,0.0
2022-08-05 00:00:00-04:00,1.649999976158142,1.7300000190734863,1.5499999523162842,1.7200000286102295,451100,0.0,0.0
2022-08-08 00:00:00-04:00,1.7999999523162842,1.899999976158142,1.7599999904632568,1.899999976158142,264300,0.0,0.0
2022-08-09 00:00:00-04:00,1.9500000476837158,2.180000066757202,1.7100000381469727,1.909999966621399,330300,0.0,0.0
2022-08-10 00:00:00-04:00,1.850000023841858,1.9500000476837158,1.7699999809265137,1.934999942779541,124900,0.0,0.0
2022-08-11 00:00:00-04:00,1.840000033378601,1.899999976158142,1.7999999523162842,1.8899999856948853,87800,0.0,0.0
2022-08-12 00:00:00-04:00,1.850000023841858,1.940000057220459,1.649999976158142,1.840000033378601,156500,0.0,0.0
2022-08-15 00:00:00-04:00,1.8899999856948853,1.9900000095367432,1.840000033378601,1.940000057220459,74700,0.0,0.0
2022-08-16 00:00:00-04:00,1.9299999475479126,1.9299999475479126,1.7699999809265137,1.850000023841858,52800,0.0,0.0
2022-08-17 00:00:00-04:00,1.8300000429153442,1.8799999952316284,1.7699999809265137,1.850000023841858,53000,0.0,0.0
2022-08-18 00:00:00-04:00,1.7999999523162842,1.850000023841858,1.6699999570846558,1.7599999904632568,44000,0.0,0.0
2022-08-19 00:00:00-04:00,1.7000000476837158,1.75,1.684999942779541,1.7100000381469727,42700,0.0,0.0
2022-08-22 00:00:00-04:00,1.7100000381469727,1.8200000524520874,1.659999966621399,1.7000000476837158,21100,0.0,0.0
2022-08-23 00:00:00-04:00,1.690000057220459,1.7300000190734863,1.659999966621399,1.7000000476837158,15700,0.0,0.0
2022-08-24 00:00:00-04:00,1.659999966621399,1.7300000190734863,1.659999966621399,1.7100000381469727,33100,0.0,0.0
2022-08-25 00:00:00-04:00,1.75,1.7599999904632568,1.7100000381469727,1.715999960899353,29700,0.0,0.0
2022-08-26 00:00:00-04:00,1.75,1.7949999570846558,1.7200000286102295,1.7899999618530273,49900,0.0,0.0
2022-08-29 00:00:00-04:00,1.7200000286102295,2.0999999046325684,1.7200000286102295,1.9700000286102295,272300,0.0,0.0
2022-08-30 00:00:00-04:00,2.059999942779541,2.3299999237060547,1.975000023841858,2.1600000858306885,619200,0.0,0.0
2022-08-31 00:00:00-04:00,2.5199999809265137,2.950000047683716,2.299999952316284,2.549999952316284,1215100,0.0,0.0
2022-09-01 00:00:00-04:00,2.630000114440918,2.630000114440918,1.9900000095367432,2.0899999141693115,393600,0.0,0.0
2022-09-02 00:00:00-04:00,2.109999895095825,2.109999895095825,1.8300000429153442,1.8899999856948853,123900,0.0,0.0
2022-09-06 00:00:00-04:00,1.9299999475479126,1.9500000476837158,1.809999942779541,1.8300000429153442,62300,0.0,0.0
2022-09-07 00:00:00-04:00,1.7999999523162842,1.809999942779541,1.7200000286102295,1.7400000095367432,61600,0.0,0.0
2022-09-08 00:00:00-04:00,1.6799999475479126,1.8849999904632568,1.6799999475479126,1.7599999904632568,77900,0.0,0.0
2022-09-09 00:00:00-04:00,1.7699999809265137,2.049999952316284,1.7599999904632568,1.840000033378601,95100,0.0,0.0
2022-09-12 00:00:00-04:00,1.850000023841858,1.9700000286102295,1.850000023841858,1.9299999475479126,40700,0.0,0.0
2022-09-13 00:00:00-04:00,1.9199999570846558,2.009999990463257,1.75,1.809999942779541,29300,0.0,0.0
2022-09-14 00:00:00-04:00,1.8799999952316284,2.3299999237060547,1.8799999952316284,2.1700000762939453,816300,0.0,0.0
2022-09-15 00:00:00-04:00,2.2200000286102295,2.2300000190734863,2.0,2.140000104904175,70200,0.0,0.0
2022-09-16 00:00:00-04:00,2.0899999141693115,2.0899999141693115,1.909999966621399,1.9600000381469727,87300,0.0,0.0
2022-09-19 00:00:00-04:00,1.9199999570846558,2.0899999141693115,1.909999966621399,1.9249999523162842,52500,0.0,0.0
2022-09-20 00:00:00-04:00,1.909999966621399,1.9919999837875366,1.909999966621399,1.9700000286102295,16700,0.0,0.0
2022-09-21 00:00:00-04:00,1.9700000286102295,2.0399999618530273,1.9199999570846558,1.9900000095367432,14400,0.0,0.0
2022-09-22 00:00:00-04:00,2.009999990463257,2.009999990463257,1.8849999904632568,1.9299999475479126,65700,0.0,0.0
2022-09-23 00:00:00-04:00,1.909999966621399,1.940000057220459,1.8200000524520874,1.8899999856948853,45700,0.0,0.0
2022-09-26 00:00:00-04:00,1.75,1.9500000476837158,1.7100000381469727,1.8600000143051147,73100,0.0,0.0
2022-09-27 00:00:00-04:00,1.8600000143051147,1.8600000143051147,1.7109999656677246,1.75,40800,0.0,0.0
2022-09-28 00:00:00-04:00,1.7280000448226929,1.7899999618530273,1.7000000476837158,1.7200000286102295,9300,0.0,0.0
2022-09-29 00:00:00-04:00,1.7000000476837158,1.7000000476837158,1.5240000486373901,1.5800000429153442,51500,0.0,0.0
2022-09-30 00:00:00-04:00,1.559999942779541,1.7400000095367432,1.559999942779541,1.690000057220459,26000,0.0,0.0
2022-10-03 00:00:00-04:00,1.6699999570846558,1.690000057220459,1.5499999523162842,1.5800000429153442,8600,0.0,0.0
2022-10-04 00:00:00-04:00,1.5399999618530273,1.6799999475479126,1.5399999618530273,1.649999976158142,13200,0.0,0.0
2022-10-05 00:00:00-04:00,1.6200000047683716,1.690000057220459,1.6200000047683716,1.6299999952316284,8200,0.0,0.0
2022-10-06 00:00:00-04:00,1.6299999952316284,1.690000057220459,1.5399999618530273,1.5399999618530273,44800,0.0,0.0
2022-10-07 00:00:00-04:00,1.5,1.5399999618530273,1.4600000381469727,1.4700000286102295,26000,0.0,0.0
2022-10-10 00:00:00-04:00,1.4600000381469727,1.5099999904632568,1.399999976158142,1.4550000429153442,14200,0.0,0.0
2022-10-11 00:00:00-04:00,1.4700000286102295,1.5499999523162842,1.4199999570846558,1.4700000286102295,11500,0.0,0.0
2022-10-12 00:00:00-04:00,1.600000023841858,1.690000057220459,1.5099999904632568,1.6399999856948853,18900,0.0,0.0
2022-10-13 00:00:00-04:00,1.7899999618530273,1.7899999618530273,1.5499999523162842,1.6100000143051147,8000,0.0,0.0
2022-10-14 00:00:00-04:00,1.6100000143051147,1.690000057220459,1.600000023841858,1.600000023841858,10500,0.0,0.0
2022-10-17 00:00:00-04:00,1.5199999809265137,1.5920000076293945,1.5199999809265137,1.5800000429153442,16800,0.0,0.0
2022-10-18 00:00:00-04:00,1.600000023841858,1.6059999465942383,1.5080000162124634,1.5099999904632568,19800,0.0,0.0
2022-10-19 00:00:00-04:00,1.4199999570846558,1.5299999713897705,1.409999966621399,1.4700000286102295,28000,0.0,0.0
2022-10-20 00:00:00-04:00,1.503999948501587,1.5499999523162842,1.4800000190734863,1.4900000095367432,25400,0.0,0.0
2022-10-21 00:00:00-04:00,1.4800000190734863,1.4950000047683716,1.4199999570846558,1.440000057220459,15500,0.0,0.0
2022-10-24 00:00:00-04:00,1.4700000286102295,1.7350000143051147,1.4700000286102295,1.690000057220459,41900,0.0,0.0
2022-10-25 00:00:00-04:00,1.649999976158142,1.7000000476837158,1.5,1.5199999809265137,165100,0.0,0.0
2022-10-26 00:00:00-04:00,1.590000033378601,1.7400000095367432,1.3700000047683716,1.409999966621399,77400,0.0,0.0
2022-10-27 00:00:00-04:00,1.409999966621399,1.4600000381469727,1.149999976158142,1.190000057220459,80700,0.0,0.0
2022-10-28 00:00:00-04:00,1.225000023841858,1.2300000190734863,1.0399999618530273,1.0399999618530273,67900,0.0,0.0
2022-10-31 00:00:00-04:00,1.0499999523162842,1.0499999523162842,0.9710000157356262,0.9750000238418579,62100,0.0,0.0
2022-11-01 00:00:00-04:00,0.9819999933242798,1.0880000591278076,0.9710000157356262,0.9800000190734863,195100,0.0,0.0
2022-11-02 00:00:00-04:00,0.9900000095367432,1.0299999713897705,0.949999988079071,0.9980000257492065,134300,0.0,0.0
2022-11-03 00:00:00-04:00,1.0,1.0199999809265137,0.9679999947547913,1.0099999904632568,33500,0.0,0.0
2022-11-04 00:00:00-04:00,0.9900000095367432,1.0,0.9810000061988831,0.9909999966621399,5800,0.0,0.0
2022-11-07 00:00:00-05:00,1.0399999618530273,1.0420000553131104,0.9909999966621399,1.0,169700,0.0,0.0
2022-11-08 00:00:00-05:00,0.9750000238418579,1.0,0.9750000238418579,0.9800000190734863,41400,0.0,0.0
2022-11-09 00:00:00-05:00,0.9900000095367432,1.090000033378601,0.8859999775886536,0.9509999752044678,51700,0.0,0.0
2022-11-10 00:00:00-05:00,0.906000018119812,1.0,0.9049999713897705,0.9950000047683716,83600,0.0,0.0
2022-11-11 00:00:00-05:00,0.9700000286102295,1.0,0.8949999809265137,0.9399999976158142,185400,0.0,0.0
2022-11-14 00:00:00-05:00,1.0700000524520874,1.0700000524520874,0.800000011920929,0.8450000286102295,420200,0.0,0.0
2022-11-15 00:00:00-05:00,0.8410000205039978,0.8949999809265137,0.800000011920929,0.8679999709129333,75300,0.0,0.0
2022-11-16 00:00:00-05:00,0.8600000143051147,0.8849999904632568,0.8500000238418579,0.8600000143051147,14200,0.0,0.0
2022-11-17 00:00:00-05:00,0.8500000238418579,0.925000011920929,0.8199999928474426,0.8489999771118164,48100,0.0,0.0
2022-11-18 00:00:00-05:00,0.8399999737739563,0.8489999771118164,0.800000011920929,0.8399999737739563,23800,0.0,0.0
2022-11-21 00:00:00-05:00,1.0499999523162842,1.409999966621399,0.9810000061988831,1.2000000476837158,5250900,0.0,0.0
2022-11-22 00:00:00-05:00,1.2699999809265137,1.350000023841858,1.0800000429153442,1.2999999523162842,1561700,0.0,0.0
2022-11-23 00:00:00-05:00,1.3899999856948853,1.8200000524520874,1.378000020980835,1.75,2045700,0.0,0.0
2022-11-25 00:00:00-05:00,1.75,1.75,1.409999966621399,1.5499999523162842,597500,0.0,0.0
2022-11-28 00:00:00-05:00,1.4299999475479126,1.6100000143051147,1.2300000190734863,1.3200000524520874,413700,0.0,0.0
2022-11-29 00:00:00-05:00,1.2899999618530273,1.409999966621399,1.2899999618530273,1.3300000429153442,127900,0.0,0.0
2022-11-30 00:00:00-05:00,1.399999976158142,1.437000036239624,1.3300000429153442,1.409999966621399,152300,0.0,0.0
2022-12-01 00:00:00-05:00,1.4500000476837158,1.6039999723434448,1.4040000438690186,1.4299999475479126,123700,0.0,0.0
2022-12-02 00:00:00-05:00,1.4299999475479126,1.5499999523162842,1.4299999475479126,1.5099999904632568,103200,0.0,0.0
2022-12-05 00:00:00-05:00,1.5199999809265137,1.7400000095367432,1.5199999809265137,1.6299999952316284,178100,0.0,0.0
2022-12-06 00:00:00-05:00,1.7000000476837158,2.0989999771118164,1.6799999475479126,1.8700000047683716,380600,0.0,0.0
2022-12-07 00:00:00-05:00,1.8600000143051147,2.380000114440918,1.815999984741211,2.2200000286102295,423000,0.0,0.0
2022-12-08 00:00:00-05:00,2.2899999618530273,2.690000057220459,2.25,2.440000057220459,354000,0.0,0.0
2022-12-09 00:00:00-05:00,2.3299999237060547,2.869999885559082,2.0199999809265137,2.819999933242798,470200,0.0,0.0
2022-12-12 00:00:00-05:00,2.869999885559082,2.869999885559082,2.069999933242798,2.0899999141693115,370400,0.0,0.0
2022-12-13 00:00:00-05:00,2.2699999809265137,2.4200000762939453,2.049999952316284,2.2100000381469727,299600,0.0,0.0
2022-12-14 00:00:00-05:00,1.9199999570846558,2.799999952316284,1.8899999856948853,2.5999999046325684,628600,0.0,0.0
2022-12-15 00:00:00-05:00,2.6600000858306885,2.7309999465942383,2.5399999618530273,2.630000114440918,77300,0.0,0.0
2022-12-16 00:00:00-05:00,2.609999895095825,2.609999895095825,2.309999942779541,2.440000057220459,166300,0.0,0.0
2022-12-19 00:00:00-05:00,2.440000057220459,2.5199999809265137,2.2200000286102295,2.2300000190734863,73200,0.0,0.0
2022-12-20 00:00:00-05:00,2.25,2.359999895095825,2.0,2.049999952316284,121800,0.0,0.0
2022-12-21 00:00:00-05:00,1.909999966621399,2.0799999237060547,1.840000033378601,1.8899999856948853,155100,0.0,0.0
2022-12-22 00:00:00-05:00,1.75,1.7999999523162842,1.3799999952316284,1.409999966621399,270900,0.0,0.0
2022-12-23 00:00:00-05:00,1.409999966621399,1.6699999570846558,1.409999966621399,1.5399999618530273,181800,0.0,0.0
2022-12-27 00:00:00-05:00,1.5399999618530273,1.600000023841858,1.309999942779541,1.3600000143051147,67800,0.0,0.0
2022-12-28 00:00:00-05:00,1.3200000524520874,1.399999976158142,1.1100000143051147,1.1749999523162842,189100,0.0,0.0
2022-12-29 00:00:00-05:00,1.2799999713897705,1.3079999685287476,1.100000023841858,1.2300000190734863,201900,0.0,0.0
2022-12-30 00:00:00-05:00,1.2000000476837158,1.2979999780654907,1.1540000438690186,1.2000000476837158,62700,0.0,0.0
2023-01-03 00:00:00-05:00,1.2599999904632568,1.4559999704360962,1.2510000467300415,1.440000057220459,43400,0.0,0.0
2023-01-04 00:00:00-05:00,1.5,1.6180000305175781,1.5,1.5499999523162842,60500,0.0,0.0
2023-01-05 00:00:00-05:00,1.5399999618530273,1.5800000429153442,1.2999999523162842,1.399999976158142,49600,0.0,0.0
2023-01-06 00:00:00-05:00,1.399999976158142,1.5950000286102295,1.3600000143051147,1.4600000381469727,43400,0.0,0.0
2023-01-09 00:00:00-05:00,1.4700000286102295,1.5160000324249268,1.1799999475479126,1.2899999618530273,83500,0.0,0.0
2023-01-10 00:00:00-05:00,1.2799999713897705,1.4910000562667847,1.2799999713897705,1.4199999570846558,110100,0.0,0.0
2023-01-11 00:00:00-05:00,1.399999976158142,1.4199999570846558,1.274999976158142,1.3799999952316284,104800,0.0,0.0
2023-01-12 00:00:00-05:00,1.3600000143051147,1.3899999856948853,1.1799999475479126,1.2699999809265137,232000,0.0,0.0
2023-01-13 00:00:00-05:00,1.2400000095367432,1.2999999523162842,1.2300000190734863,1.2799999713897705,52500,0.0,0.0
2023-01-17 00:00:00-05:00,1.25,1.2589999437332153,1.1699999570846558,1.2100000381469727,68400,0.0,0.0
2023-01-18 00:00:00-05:00,1.190000057220459,1.2999999523162842,1.190000057220459,1.2200000286102295,24900,0.0,0.0
2023-01-19 00:00:00-05:00,1.2100000381469727,1.340000033378601,1.2100000381469727,1.2999999523162842,47700,0.0,0.0
2023-01-20 00:00:00-05:00,1.3300000429153442,1.350000023841858,1.2799999713897705,1.3200000524520874,81200,0.0,0.0
2023-01-23 00:00:00-05:00,1.340000033378601,1.3799999952316284,1.2899999618530273,1.3700000047683716,69000,0.0,0.0
2023-01-24 00:00:00-05:00,1.350000023841858,1.4299999475479126,1.3300000429153442,1.4119999408721924,39700,0.0,0.0
2023-01-25 00:00:00-05:00,1.4299999475479126,1.4299999475479126,1.3700000047683716,1.3899999856948853,60600,0.0,0.0
2023-01-26 00:00:00-05:00,1.3899999856948853,1.3899999856948853,1.3200000524520874,1.3799999952316284,22900,0.0,0.0
2023-01-27 00:00:00-05:00,1.3799999952316284,1.4299999475479126,1.340999960899353,1.3799999952316284,20000,0.0,0.0
2023-01-30 00:00:00-05:00,1.3300000429153442,1.4299999475479126,1.3300000429153442,1.350000023841858,68100,0.0,0.0
2023-01-31 00:00:00-05:00,1.409999966621399,1.4500000476837158,1.3899999856948853,1.4500000476837158,20500,0.0,0.0
2023-02-01 00:00:00-05:00,1.399999976158142,1.4500000476837158,1.3899999856948853,1.409999966621399,33600,0.0,0.0
2023-02-02 00:00:00-05:00,1.4500000476837158,1.5099999904632568,1.4199999570846558,1.440000057220459,69800,0.0,0.0
2023-02-03 00:00:00-05:00,1.4199999570846558,1.5299999713897705,1.4199999570846558,1.4700000286102295,32600,0.0,0.0
2023-02-06 00:00:00-05:00,1.4500000476837158,1.4900000095367432,1.4199999570846558,1.4900000095367432,16300,0.0,0.0
2023-02-07 00:00:00-05:00,1.5299999713897705,1.5800000429153442,1.4500000476837158,1.5,40600,0.0,0.0
2023-02-08 00:00:00-05:00,1.4900000095367432,1.559999942779541,1.4600000381469727,1.4600000381469727,5200,0.0,0.0
2023-02-09 00:00:00-05:00,1.5,1.649999976158142,1.5,1.649999976158142,30300,0.0,0.0
2023-02-10 00:00:00-05:00,1.7200000286102295,2.0899999141693115,1.600000023841858,1.8849999904632568,226600,0.0,0.0
2023-02-13 00:00:00-05:00,1.899999976158142,2.180000066757202,1.899999976158142,2.059999942779541,153200,0.0,0.0
2023-02-14 00:00:00-05:00,2.0,2.0,1.7000000476837158,1.7300000190734863,57800,0.0,0.0
2023-02-15 00:00:00-05:00,1.7599999904632568,1.899999976158142,1.7000000476837158,1.7300000190734863,62300,0.0,0.0
2023-02-16 00:00:00-05:00,1.8300000429153442,1.8300000429153442,1.649999976158142,1.7050000429153442,26700,0.0,0.0
2023-02-17 00:00:00-05:00,1.6200000047683716,1.7999999523162842,1.6200000047683716,1.7100000381469727,40700,0.0,0.0
2023-02-21 00:00:00-05:00,1.6299999952316284,1.899999976158142,1.6299999952316284,1.7200000286102295,99900,0.0,0.0
2023-02-22 00:00:00-05:00,1.7400000095367432,1.9490000009536743,1.7400000095367432,1.8200000524520874,105400,0.0,0.0
2023-02-23 00:00:00-05:00,1.940000057220459,1.9600000381469727,1.7799999713897705,1.7999999523162842,44200,0.0,0.0
2023-02-24 00:00:00-05:00,1.7799999713897705,1.9299999475479126,1.659999966621399,1.7100000381469727,36800,0.0,0.0
2023-02-27 00:00:00-05:00,1.7000000476837158,1.75,1.6799999475479126,1.7400000095367432,22300,0.0,0.0
2023-02-28 00:00:00-05:00,1.7300000190734863,1.7300000190734863,1.6100000143051147,1.6100000143051147,43100,0.0,0.0
2023-03-01 00:00:00-05:00,1.6200000047683716,1.6890000104904175,1.559999942779541,1.559999942779541,21400,0.0,0.0
2023-03-02 00:00:00-05:00,1.559999942779541,1.659999966621399,1.559999942779541,1.600000023841858,28500,0.0,0.0
2023-03-03 00:00:00-05:00,1.600000023841858,1.600000023841858,1.5199999809265137,1.5399999618530273,16900,0.0,0.0
2023-03-06 00:00:00-05:00,1.5399999618530273,1.6009999513626099,1.5099999904632568,1.5199999809265137,45600,0.0,0.0
2023-03-07 00:00:00-05:00,1.6100000143051147,1.7400000095367432,1.5499999523162842,1.7000000476837158,250900,0.0,0.0
2023-03-08 00:00:00-05:00,1.8899999856948853,1.899999976158142,1.7300000190734863,1.8200000524520874,237500,0.0,0.0
2023-03-09 00:00:00-05:00,1.9800000190734863,2.069999933242798,1.75,1.7899999618530273,402200,0.0,0.0
2023-03-10 00:00:00-05:00,1.7599999904632568,1.784999966621399,1.4500000476837158,1.4900000095367432,130700,0.0,0.0
2023-03-13 00:00:00-04:00,1.3700000047683716,1.6299999952316284,1.3700000047683716,1.4900000095367432,86300,0.0,0.0
2023-03-14 00:00:00-04:00,1.6100000143051147,1.649999976158142,1.5700000524520874,1.5700000524520874,104500,0.0,0.0
2023-03-15 00:00:00-04:00,1.7799999713897705,1.7899999618530273,1.7000000476837158,1.7100000381469727,1219100,0.0,0.0
2023-03-16 00:00:00-04:00,1.7599999904632568,1.8200000524520874,1.600000023841858,1.6200000047683716,404700,0.0,0.0
2023-03-17 00:00:00-04:00,1.5800000429153442,1.6699999570846558,1.409999966621399,1.6699999570846558,304200,0.0,0.0
2023-03-20 00:00:00-04:00,1.690000057220459,1.690000057220459,1.5049999952316284,1.6100000143051147,179700,0.0,0.0
2023-03-21 00:00:00-04:00,1.5800000429153442,1.6699999570846558,1.5499999523162842,1.5700000524520874,92900,0.0,0.0
2023-03-22 00:00:00-04:00,1.5700000524520874,1.590000033378601,1.4889999628067017,1.5,143500,0.0,0.0
2023-03-23 00:00:00-04:00,1.5,1.5499999523162842,1.4910000562667847,1.5199999809265137,44800,0.0,0.0
2023-03-24 00:00:00-04:00,1.5199999809265137,1.6399999856948853,1.5099999904632568,1.6399999856948853,46600,0.0,0.0
2023-03-27 00:00:00-04:00,1.6299999952316284,1.649999976158142,1.590000033378601,1.6200000047683716,33700,0.0,0.0
2023-03-28 00:00:00-04:00,1.6200000047683716,1.6200000047683716,1.5299999713897705,1.5299999713897705,28000,0.0,0.0
2023-03-29 00:00:00-04:00,1.5099999904632568,1.590000033378601,1.5099999904632568,1.5499999523162842,29200,0.0,0.0
2023-03-30 00:00:00-04:00,1.590000033378601,1.6100000143051147,1.559999942779541,1.5800000429153442,37400,0.0,0.0
2023-03-31 00:00:00-04:00,1.5800000429153442,1.6399999856948853,1.5700000524520874,1.6100000143051147,39800,0.0,0.0
2023-04-03 00:00:00-04:00,1.6200000047683716,1.6200000047683716,1.5099999904632568,1.559999942779541,50400,0.0,0.0
2023-04-04 00:00:00-04:00,1.559999942779541,1.6299999952316284,1.5210000276565552,1.590000033378601,19500,0.0,0.0
2023-04-05 00:00:00-04:00,1.5199999809265137,1.6100000143051147,1.5199999809265137,1.5199999809265137,53000,0.0,0.0
2023-04-06 00:00:00-04:00,1.5199999809265137,1.5499999523162842,1.4600000381469727,1.5299999713897705,47900,0.0,0.0
2023-04-10 00:00:00-04:00,1.6100000143051147,1.75,1.6100000143051147,1.75,275900,0.0,0.0
2023-04-11 00:00:00-04:00,1.75,1.8300000429153442,1.690000057220459,1.784999966621399,171300,0.0,0.0
2023-04-12 00:00:00-04:00,1.9700000286102295,2.059999942779541,1.7999999523162842,1.8799999952316284,3775100,0.0,0.0
2023-04-13 00:00:00-04:00,1.8600000143051147,1.8899999856948853,1.600000023841858,1.6100000143051147,590000,0.0,0.0
2023-04-14 00:00:00-04:00,1.559999942779541,1.7400000095367432,1.4199999570846558,1.7300000190734863,394100,0.0,0.0
2023-04-17 00:00:00-04:00,1.6100000143051147,1.690000057220459,1.590000033378601,1.6699999570846558,185300,0.0,0.0
2023-04-18 00:00:00-04:00,1.690000057220459,1.690000057220459,1.5499999523162842,1.5499999523162842,101600,0.0,0.0
2023-04-19 00:00:00-04:00,1.5499999523162842,1.559999942779541,1.4950000047683716,1.5299999713897705,100800,0.0,0.0
2023-04-20 00:00:00-04:00,1.5,1.5399999618530273,1.4800000190734863,1.5299999713897705,68500,0.0,0.0
2023-04-21 00:00:00-04:00,1.5099999904632568,1.6299999952316284,1.5099999904632568,1.590000033378601,84700,0.0,0.0
2023-04-24 00:00:00-04:00,1.6200000047683716,1.6699999570846558,1.5399999618530273,1.659999966621399,121700,0.0,0.0
2023-04-25 00:00:00-04:00,1.649999976158142,1.649999976158142,1.5399999618530273,1.5700000524520874,39900,0.0,0.0
2023-04-26 00:00:00-04:00,1.559999942779541,1.559999942779541,1.4800000190734863,1.4800000190734863,60300,0.0,0.0
2023-04-27 00:00:00-04:00,1.4500000476837158,1.5499999523162842,1.4500000476837158,1.5,35700,0.0,0.0
2023-04-28 00:00:00-04:00,1.4700000286102295,1.5800000429153442,1.440999984741211,1.5399999618530273,64300,0.0,0.0
2023-05-01 00:00:00-04:00,1.6200000047683716,1.8300000429153442,1.600000023841858,1.6399999856948853,796100,0.0,0.0
2023-05-02 00:00:00-04:00,1.7300000190734863,1.7400000095367432,1.4500000476837158,1.4700000286102295,817200,0.0,0.0
2023-05-03 00:00:00-04:00,1.4800000190734863,1.5199999809265137,1.399999976158142,1.4700000286102295,246100,0.0,0.0
2023-05-04 00:00:00-04:00,1.4600000381469727,1.4900000095367432,1.3200000524520874,1.350000023841858,209400,0.0,0.0
2023-05-05 00:00:00-04:00,1.3300000429153442,1.4199999570846558,1.2999999523162842,1.409999966621399,133900,0.0,0.0
2023-05-08 00:00:00-04:00,1.4199999570846558,1.440000057220459,1.350000023841858,1.3600000143051147,38800,0.0,0.0
2023-05-09 00:00:00-04:00,1.3600000143051147,1.3899999856948853,1.2999999523162842,1.3300000429153442,25600,0.0,0.0
2023-05-10 00:00:00-04:00,1.350000023841858,1.3899999856948853,1.350000023841858,1.350000023841858,49400,0.0,0.0
2023-05-11 00:00:00-04:00,1.3600000143051147,1.3799999952316284,1.2899999618530273,1.2999999523162842,72900,0.0,0.0
2023-05-12 00:00:00-04:00,1.350000023841858,1.3600000143051147,1.2799999713897705,1.309999942779541,74000,0.0,0.0
2023-05-15 00:00:00-04:00,1.4800000190734863,1.5299999713897705,1.3350000381469727,1.4299999475479126,436600,0.0,0.0
2023-05-16 00:00:00-04:00,1.4299999475479126,1.5049999952316284,1.2799999713897705,1.2899999618530273,253900,0.0,0.0
2023-05-17 00:00:00-04:00,1.350000023841858,1.409999966621399,1.2699999809265137,1.2999999523162842,196200,0.0,0.0
2023-05-18 00:00:00-04:00,1.2899999618530273,1.319000005722046,1.2100000381469727,1.2300000190734863,82500,0.0,0.0
2023-05-19 00:00:00-04:00,1.2200000286102295,1.2300000190734863,1.159999966621399,1.190000057220459,37400,0.0,0.0
2023-05-22 00:00:00-04:00,1.159999966621399,1.1979999542236328,1.0800000429153442,1.159999966621399,144700,0.0,0.0
2023-05-23 00:00:00-04:00,1.1299999952316284,1.2289999723434448,1.1299999952316284,1.1299999952316284,81500,0.0,0.0
2023-05-24 00:00:00-04:00,1.1299999952316284,1.1699999570846558,1.1100000143051147,1.1200000047683716,121200,0.0,0.0
2023-05-25 00:00:00-04:00,1.149999976158142,1.2699999809265137,1.1299999952316284,1.2300000190734863,109000,0.0,0.0
2023-05-26 00:00:00-04:00,1.2400000095367432,1.2899999618530273,1.2300000190734863,1.2699999809265137,67700,0.0,0.0
2023-05-30 00:00:00-04:00,1.2699999809265137,1.2790000438690186,1.2000000476837158,1.2100000381469727,45300,0.0,0.0
2023-05-31 00:00:00-04:00,1.2599999904632568,1.2599999904632568,1.2020000219345093,1.2100000381469727,17800,0.0,0.0
2023-06-01 00:00:00-04:00,1.2000000476837158,1.2100000381469727,1.149999976158142,1.1699999570846558,30900,0.0,0.0
2023-06-02 00:00:00-04:00,1.1799999475479126,1.2200000286102295,1.1319999694824219,1.1799999475479126,52700,0.0,0.0
2023-06-05 00:00:00-04:00,1.1399999856948853,1.2000000476837158,1.1399999856948853,1.1799999475479126,15600,0.0,0.0
2023-06-06 00:00:00-04:00,1.159999966621399,1.2100000381469727,1.149999976158142,1.2100000381469727,13900,0.0,0.0
2023-06-07 00:00:00-04:00,1.218000054359436,1.2400000095367432,1.159999966621399,1.1699999570846558,26200,0.0,0.0
2023-06-08 00:00:00-04:00,1.1519999504089355,1.1699999570846558,1.149999976158142,1.1610000133514404,14800,0.0,0.0
2023-06-09 00:00:00-04:00,1.2100000381469727,1.246999979019165,1.159999966621399,1.2300000190734863,29400,0.0,0.0
2023-06-12 00:00:00-04:00,1.3899999856948853,1.399999976158142,1.2799999713897705,1.309999942779541,615100,0.0,0.0
2023-06-13 00:00:00-04:00,1.3300000429153442,1.350000023841858,1.190000057220459,1.25,115900,0.0,0.0
2023-06-14 00:00:00-04:00,1.2100000381469727,1.2899999618530273,1.2100000381469727,1.2400000095367432,64800,0.0,0.0
2023-06-15 00:00:00-04:00,1.2200000286102295,1.25,1.1640000343322754,1.190000057220459,111200,0.0,0.0
2023-06-16 00:00:00-04:00,1.1699999570846558,1.2300000190734863,1.159999966621399,1.159999966621399,42500,0.0,0.0
2023-06-20 00:00:00-04:00,1.149999976158142,1.2100000381469727,1.1299999952316284,1.149999976158142,62800,0.0,0.0
2023-06-21 00:00:00-04:00,1.149999976158142,1.2300000190734863,1.1299999952316284,1.149999976158142,99100,0.0,0.0
2023-06-22 00:00:00-04:00,1.1299999952316284,1.1399999856948853,1.0499999523162842,1.0779999494552612,76100,0.0,0.0
2023-06-23 00:00:00-04:00,1.0499999523162842,1.1100000143051147,1.0399999618530273,1.0499999523162842,53800,0.0,0.0
2023-06-26 00:00:00-04:00,1.0399999618530273,1.0700000524520874,1.0,1.0099999904632568,101400,0.0,0.0
2023-06-27 00:00:00-04:00,1.0099999904632568,1.0470000505447388,1.0,1.0199999809265137,50100,0.0,0.0
2023-06-28 00:00:00-04:00,1.0099999904632568,1.1629999876022339,1.0099999904632568,1.090000033378601,64400,0.0,0.0
2023-06-29 00:00:00-04:00,1.0800000429153442,1.149999976158142,1.0609999895095825,1.149999976158142,23000,0.0,0.0
2023-06-30 00:00:00-04:00,1.1399999856948853,1.2100000381469727,1.1399999856948853,1.2000000476837158,61700,0.0,0.0
2023-07-03 00:00:00-04:00,1.1699999570846558,1.1979999542236328,1.149999976158142,1.149999976158142,28300,0.0,0.0
2023-07-05 00:00:00-04:00,1.1299999952316284,1.190000057220459,1.1299999952316284,1.159999966621399,78100,0.0,0.0
2023-07-06 00:00:00-04:00,1.149999976158142,1.25,1.149999976158142,1.25,88700,0.0,0.0
2023-07-07 00:00:00-04:00,1.2300000190734863,1.2699999809265137,1.1799999475479126,1.2100000381469727,42200,0.0,0.0
2023-07-10 00:00:00-04:00,1.350000023841858,1.4900000095367432,1.3200000524520874,1.4600000381469727,925700,0.0,0.0
2023-07-11 00:00:00-04:00,1.5,1.5299999713897705,1.3600000143051147,1.4500000476837158,286300,0.0,0.0
2023-07-12 00:00:00-04:00,1.4800000190734863,1.5850000381469727,1.3799999952316284,1.4700000286102295,331400,0.0,0.0
2023-07-13 00:00:00-04:00,1.5299999713897705,1.6399999856948853,1.4299999475479126,1.6299999952316284,368000,0.0,0.0
2023-07-14 00:00:00-04:00,1.6799999475479126,2.0,1.6299999952316284,1.9900000095367432,694600,0.0,0.0
2023-07-17 00:00:00-04:00,2.0,2.0,1.7899999618530273,1.809999942779541,275100,0.0,0.0
2023-07-18 00:00:00-04:00,1.7999999523162842,1.7999999523162842,1.559999942779541,1.7000000476837158,329300,0.0,0.0
2023-07-19 00:00:00-04:00,1.6799999475479126,1.75,1.649999976158142,1.7300000190734863,165300,0.0,0.0
2023-07-20 00:00:00-04:00,1.7899999618530273,1.7899999618530273,1.6799999475479126,1.7100000381469727,128500,0.0,0.0
2023-07-21 00:00:00-04:00,1.75,1.7799999713897705,1.649999976158142,1.75,70200,0.0,0.0
2023-07-24 00:00:00-04:00,1.7200000286102295,1.7200000286102295,1.559999942779541,1.590000033378601,246700,0.0,0.0
2023-07-25 00:00:00-04:00,1.0,1.0800000429153442,0.9599999785423279,1.059999942779541,1588700,0.0,0.0
2023-07-26 00:00:00-04:00,1.059999942779541,1.0800000429153442,1.0099999904632568,1.0299999713897705,275600,0.0,0.0
2023-07-27 00:00:00-04:00,1.0299999713897705,1.0499999523162842,1.0,1.0099999904632568,281900,0.0,0.0
2023-07-28 00:00:00-04:00,1.0299999713897705,1.0499999523162842,1.0099999904632568,1.0299999713897705,129400,0.0,0.0
2023-07-31 00:00:00-04:00,1.0700000524520874,1.0700000524520874,1.0,1.0199999809265137,203900,0.0,0.0
2023-08-01 00:00:00-04:00,1.059999942779541,1.0700000524520874,1.0199999809265137,1.059999942779541,138400,0.0,0.0
2023-08-02 00:00:00-04:00,1.0700000524520874,1.0700000524520874,1.0,1.0499999523162842,271400,0.0,0.0
2023-08-03 00:00:00-04:00,1.0299999713897705,1.1100000143051147,1.0299999713897705,1.0800000429153442,179100,0.0,0.0
2023-08-04 00:00:00-04:00,1.100000023841858,1.1399999856948853,1.0880000591278076,1.1399999856948853,237100,0.0,0.0
2023-08-07 00:00:00-04:00,1.1699999570846558,1.1699999570846558,1.100000023841858,1.1299999952316284,92800,0.0,0.0
2023-08-08 00:00:00-04:00,1.1200000047683716,1.1299999952316284,1.0499999523162842,1.1100000143051147,96200,0.0,0.0
2023-08-09 00:00:00-04:00,1.1299999952316284,1.1299999952316284,1.059999942779541,1.100000023841858,78800,0.0,0.0
2023-08-10 00:00:00-04:00,1.090000033378601,1.0959999561309814,1.0410000085830688,1.0800000429153442,102200,0.0,0.0
2023-08-11 00:00:00-04:00,1.059999942779541,1.1200000047683716,1.0499999523162842,1.0700000524520874,88100,0.0,0.0
2023-08-14 00:00:00-04:00,1.0700000524520874,1.100000023841858,1.0499999523162842,1.090999960899353,60900,0.0,0.0
2023-08-15 00:00:00-04:00,1.090000033378601,1.090000033378601,1.0199999809265137,1.0499999523162842,70300,0.0,0.0
2023-08-16 00:00:00-04:00,1.0199999809265137,1.059999942779541,1.0,1.0099999904632568,70400,0.0,0.0
2023-08-17 00:00:00-04:00,1.0199999809265137,1.0570000410079956,0.9800000190734863,1.0199999809265137,68400,0.0,0.0
2023-08-18 00:00:00-04:00,0.9900000095367432,1.0410000085830688,0.9879999756813049,1.0099999904632568,45800,0.0,0.0
2023-08-21 00:00:00-04:00,1.0399999618530273,1.0399999618530273,1.0,1.0299999713897705,37100,0.0,0.0
2023-08-22 00:00:00-04:00,1.0,1.0299999713897705,1.0,1.0099999904632568,48800,0.0,0.0
2023-08-23 00:00:00-04:00,1.0199999809265137,1.0399999618530273,1.0,1.0199999809265137,32800,0.0,0.0
2023-08-24 00:00:00-04:00,1.0199999809265137,1.0199999809265137,0.949999988079071,0.9639999866485596,57300,0.0,0.0
2023-08-25 00:00:00-04:00,0.9599999785423279,0.9800000190734863,0.9020000100135803,0.9229999780654907,108300,0.0,0.0
2023-08-28 00:00:00-04:00,0.9020000100135803,0.949999988079071,0.8730000257492065,0.902999997138977,85100,0.0,0.0
2023-08-29 00:00:00-04:00,0.8799999952316284,0.9200000166893005,0.8700000047683716,0.8709999918937683,53200,0.0,0.0
2023-08-30 00:00:00-04:00,0.8690000176429749,0.8899999856948853,0.8600000143051147,0.8790000081062317,37800,0.0,0.0
2023-08-31 00:00:00-04:00,0.8799999952316284,0.9300000071525574,0.8510000109672546,0.8510000109672546,34900,0.0,0.0
2023-09-01 00:00:00-04:00,0.8759999871253967,0.8939999938011169,0.8539999723434448,0.8700000047683716,44000,0.0,0.0
2023-09-05 00:00:00-04:00,0.8799999952316284,0.9300000071525574,0.8500000238418579,0.9129999876022339,57100,0.0,0.0
2023-09-06 00:00:00-04:00,0.8999999761581421,0.9100000262260437,0.8700000047683716,0.8949999809265137,25500,0.0,0.0
2023-09-07 00:00:00-04:00,0.8870000243186951,0.9300000071525574,0.8700000047683716,0.8769999742507935,44600,0.0,0.0
2023-09-08 00:00:00-04:00,0.8700000047683716,0.9279999732971191,0.8600000143051147,0.9129999876022339,80200,0.0,0.0
2023-09-11 00:00:00-04:00,0.9200000166893005,1.0299999713897705,0.9139999747276306,0.9679999947547913,117100,0.0,0.0
2023-09-12 00:00:00-04:00,0.9810000061988831,1.0099999904632568,0.9599999785423279,0.9610000252723694,44400,0.0,0.0
2023-09-13 00:00:00-04:00,0.953000009059906,1.0800000429153442,0.9350000023841858,1.0,203500,0.0,0.0
2023-09-14 00:00:00-04:00,1.0299999713897705,1.0399999618530273,0.9599999785423279,1.0,67600,0.0,0.0
2023-09-15 00:00:00-04:00,1.0,1.059999942779541,0.9300000071525574,1.059999942779541,197100,0.0,0.0
2023-09-18 00:00:00-04:00,1.0399999618530273,1.0399999618530273,0.949999988079071,0.9610000252723694,67500,0.0,0.0
2023-09-19 00:00:00-04:00,0.9599999785423279,0.9800000190734863,0.9129999876022339,0.9200000166893005,28400,0.0,0.0
2023-09-20 00:00:00-04:00,0.9599999785423279,0.9599999785423279,0.9110000133514404,0.9200000166893005,60000,0.0,0.0
2023-09-21 00:00:00-04:00,0.949999988079071,0.949999988079071,0.8999999761581421,0.9079999923706055,33500,0.0,0.0
2023-09-22 00:00:00-04:00,0.9470000267028809,0.9700000286102295,0.9200000166893005,0.949999988079071,13300,0.0,0.0
2023-09-25 00:00:00-04:00,0.9190000295639038,0.9599999785423279,0.8799999952316284,0.8899999856948853,25600,0.0,0.0
2023-09-26 00:00:00-04:00,0.8799999952316284,0.9399999976158142,0.8799999952316284,0.9070000052452087,37800,0.0,0.0
2023-09-27 00:00:00-04:00,0.9160000085830688,0.9700000286102295,0.8500000238418579,0.968999981880188,121900,0.0,0.0
2023-09-28 00:00:00-04:00,0.9129999876022339,0.9599999785423279,0.8579999804496765,0.8799999952316284,48800,0.0,0.0
2023-09-29 00:00:00-04:00,0.8830000162124634,0.9240000247955322,0.8600000143051147,0.8899999856948853,25100,0.0,0.0
2023-10-02 00:00:00-04:00,0.9100000262260437,0.9399999976158142,0.859000027179718,0.9300000071525574,74600,0.0,0.0
2023-10-03 00:00:00-04:00,0.9120000004768372,0.9300000071525574,0.8600000143051147,0.8600000143051147,28700,0.0,0.0
2023-10-04 00:00:00-04:00,0.8600000143051147,0.9200000166893005,0.8550000190734863,0.9190000295639038,35600,0.0,0.0
2023-10-05 00:00:00-04:00,0.8859999775886536,0.9100000262260437,0.8650000095367432,0.8650000095367432,12700,0.0,0.0
2023-10-06 00:00:00-04:00,0.8930000066757202,0.8999999761581421,0.8650000095367432,0.8799999952316284,37500,0.0,0.0
2023-10-09 00:00:00-04:00,0.8700000047683716,0.8999999761581421,0.8700000047683716,0.8809999823570251,15300,0.0,0.0
2023-10-10 00:00:00-04:00,0.8999999761581421,0.8999999761581421,0.871999979019165,0.871999979019165,25900,0.0,0.0
2023-10-11 00:00:00-04:00,0.8600000143051147,0.8799999952316284,0.8600000143051147,0.8690000176429749,41700,0.0,0.0
2023-10-12 00:00:00-04:00,0.8600000143051147,0.8740000128746033,0.8600000143051147,0.8700000047683716,4400,0.0,0.0
2023-10-13 00:00:00-04:00,0.8700000047683716,0.8889999985694885,0.8600000143051147,0.8820000290870667,21200,0.0,0.0
2023-10-16 00:00:00-04:00,0.8899999856948853,0.949999988079071,0.8880000114440918,0.9300000071525574,125600,0.0,0.0
2023-10-17 00:00:00-04:00,1.0,1.0700000524520874,0.9710000157356262,0.9909999966621399,1267300,0.0,0.0
2023-10-18 00:00:00-04:00,0.9850000143051147,1.0,0.8600000143051147,0.9599999785423279,409300,0.0,0.0
2023-10-19 00:00:00-04:00,0.9210000038146973,1.0399999618530273,0.9100000262260437,1.0,330400,0.0,0.0
2023-10-20 00:00:00-04:00,0.9900000095367432,1.0299999713897705,0.9200000166893005,1.0299999713897705,184600,0.0,0.0
2023-10-23 00:00:00-04:00,0.9900000095367432,0.9900000095367432,0.9399999976158142,0.9700000286102295,27800,0.0,0.0
2023-10-24 00:00:00-04:00,0.9700000286102295,0.9900000095367432,0.9399999976158142,0.984000027179718,71200,0.0,0.0
2023-10-25 00:00:00-04:00,0.984000027179718,1.0,0.9409999847412109,0.996999979019165,75500,0.0,0.0
2023-10-26 00:00:00-04:00,0.9599999785423279,1.059999942779541,0.8880000114440918,0.9890000224113464,535700,0.0,0.0
2023-10-27 00:00:00-04:00,0.9890000224113464,0.9890000224113464,0.9399999976158142,0.9750000238418579,134800,0.0,0.0
2023-10-30 00:00:00-04:00,0.9200000166893005,0.9679999947547913,0.8600000143051147,0.8989999890327454,170700,0.0,0.0
2023-10-31 00:00:00-04:00,0.9300000071525574,0.9300000071525574,0.8550000190734863,0.8999999761581421,107800,0.0,0.0
2023-11-01 00:00:00-04:00,0.9300000071525574,0.9300000071525574,0.8899999856948853,0.8899999856948853,28000,0.0,0.0
2023-11-02 00:00:00-04:00,0.9390000104904175,0.9390000104904175,0.8700000047683716,0.8970000147819519,70900,0.0,0.0
2023-11-03 00:00:00-04:00,0.9100000262260437,0.9100000262260437,0.871999979019165,0.8820000290870667,94600,0.0,0.0
2023-11-06 00:00:00-05:00,0.8999999761581421,0.9580000042915344,0.871999979019165,0.9210000038146973,105900,0.0,0.0
2023-11-07 00:00:00-05:00,0.8600000143051147,1.0499999523162842,0.8600000143051147,0.9900000095367432,218700,0.0,0.0
2023-11-08 00:00:00-05:00,0.9980000257492065,1.1100000143051147,0.9800000190734863,1.059999942779541,353000,0.0,0.0
2023-11-09 00:00:00-05:00,1.0800000429153442,1.2699999809265137,1.0700000524520874,1.25,430800,0.0,0.0
2023-11-10 00:00:00-05:00,1.2100000381469727,1.3200000524520874,1.159999966621399,1.3200000524520874,359000,0.0,0.0
2023-11-13 00:00:00-05:00,1.350000023841858,1.350000023841858,1.25,1.2699999809265137,192300,0.0,0.0
2023-11-14 00:00:00-05:00,1.3300000429153442,1.4199999570846558,1.315000057220459,1.409999966621399,173800,0.0,0.0
2023-11-15 00:00:00-05:00,1.3799999952316284,1.440000057220459,1.3600000143051147,1.440000057220459,95200,0.0,0.0
2023-11-16 00:00:00-05:00,1.4500000476837158,1.4630000591278076,1.2000000476837158,1.3200000524520874,250700,0.0,0.0
2023-11-17 00:00:00-05:00,1.3600000143051147,1.3899999856948853,1.2999999523162842,1.315000057220459,37400,0.0,0.0
2023-11-20 00:00:00-05:00,1.2999999523162842,1.4600000381469727,1.2999999523162842,1.3450000286102295,168700,0.0,0.0
2023-11-21 00:00:00-05:00,1.3300000429153442,1.3899999856948853,1.2699999809265137,1.2699999809265137,169400,0.0,0.0
2023-11-22 00:00:00-05:00,1.3300000429153442,1.3300000429153442,1.215999960899353,1.2899999618530273,75400,0.0,0.0
2023-11-24 00:00:00-05:00,1.3200000524520874,1.340000033378601,1.3049999475479126,1.3200000524520874,66100,0.0,0.0
2023-11-27 00:00:00-05:00,1.2899999618530273,1.350000023841858,1.2899999618530273,1.3350000381469727,64400,0.0,0.0
2023-11-28 00:00:00-05:00,1.340000033378601,1.378999948501587,1.3300000429153442,1.350000023841858,45700,0.0,0.0
2023-11-29 00:00:00-05:00,1.3600000143051147,1.3600000143051147,1.2999999523162842,1.3300000429153442,67800,0.0,0.0
2023-11-30 00:00:00-05:00,1.3480000495910645,1.4500000476837158,1.340000033378601,1.4500000476837158,91400,0.0,0.0
2023-12-01 00:00:00-05:00,1.4500000476837158,1.4700000286102295,1.409999966621399,1.4500000476837158,82000,0.0,0.0
2023-12-04 00:00:00-05:00,1.399999976158142,1.5199999809265137,1.3589999675750732,1.5,129000,0.0,0.0
2023-12-05 00:00:00-05:00,1.649999976158142,1.7699999809265137,1.5499999523162842,1.7599999904632568,375800,0.0,0.0
2023-12-06 00:00:00-05:00,1.7899999618530273,1.7899999618530273,1.5099999904632568,1.6699999570846558,280100,0.0,0.0
2023-12-07 00:00:00-05:00,1.7000000476837158,1.7999999523162842,1.6299999952316284,1.7899999618530273,209000,0.0,0.0
2023-12-08 00:00:00-05:00,1.7599999904632568,2.0,1.7400000095367432,1.9199999570846558,822900,0.0,0.0
2023-12-11 00:00:00-05:00,1.7699999809265137,1.9199999570846558,1.6399999856948853,1.7100000381469727,1060200,0.0,0.0
2023-12-12 00:00:00-05:00,1.659999966621399,1.7400000095367432,1.5199999809265137,1.6299999952316284,504600,0.0,0.0
2023-12-13 00:00:00-05:00,1.6799999475479126,1.7100000381469727,1.4850000143051147,1.5299999713897705,168800,0.0,0.0
2023-12-14 00:00:00-05:00,1.5499999523162842,1.75,1.399999976158142,1.7200000286102295,419500,0.0,0.0
2023-12-15 00:00:00-05:00,1.7200000286102295,1.7200000286102295,1.399999976158142,1.5299999713897705,209400,0.0,0.0
2023-12-18 00:00:00-05:00,1.4700000286102295,1.531000018119812,1.3040000200271606,1.3600000143051147,176700,0.0,0.0
2023-12-19 00:00:00-05:00,1.309999942779541,1.4500000476837158,1.309999942779541,1.399999976158142,91700,0.0,0.0
2023-12-20 00:00:00-05:00,1.399999976158142,1.4500000476837158,1.350000023841858,1.3799999952316284,109200,0.0,0.0
2023-12-21 00:00:00-05:00,1.3600000143051147,1.440000057220459,1.3200000524520874,1.3899999856948853,181500,0.0,0.0
2023-12-22 00:00:00-05:00,1.4299999475479126,1.4299999475479126,1.3220000267028809,1.3600000143051147,155900,0.0,0.0
2023-12-26 00:00:00-05:00,1.3799999952316284,1.3960000276565552,1.3200000524520874,1.350000023841858,111300,0.0,0.0
2023-12-27 00:00:00-05:00,1.4900000095367432,1.600000023841858,1.399999976158142,1.559999942779541,1099700,0.0,0.0
2023-12-28 00:00:00-05:00,1.600000023841858,1.6950000524520874,1.5390000343322754,1.6399999856948853,640000,0.0,0.0
2023-12-29 00:00:00-05:00,1.7100000381469727,1.7200000286102295,1.50600004196167,1.5800000429153442,212700,0.0,0.0
2024-01-02 00:00:00-05:00,1.5800000429153442,1.6790000200271606,1.5199999809265137,1.6200000047683716,114700,0.0,0.0
2024-01-03 00:00:00-05:00,1.6100000143051147,1.6200000047683716,1.4700000286102295,1.5700000524520874,98400,0.0,0.0
2024-01-04 00:00:00-05:00,1.6119999885559082,1.6169999837875366,1.5299999713897705,1.559999942779541,44900,0.0,0.0
2024-01-05 00:00:00-05:00,1.5399999618530273,1.590000033378601,1.5,1.5399999618530273,63900,0.0,0.0
2024-01-08 00:00:00-05:00,1.5299999713897705,1.5299999713897705,1.399999976158142,1.4600000381469727,118500,0.0,0.0
2024-01-09 00:00:00-05:00,1.409999966621399,1.5199999809265137,1.399999976158142,1.5,657800,0.0,0.0
2024-01-10 00:00:00-05:00,1.4600000381469727,1.5199999809265137,1.4299999475479126,1.4800000190734863,142200,0.0,0.0
2024-01-11 00:00:00-05:00,1.4850000143051147,1.5199999809265137,1.3700000047683716,1.3899999856948853,91800,0.0,0.0
2024-01-12 00:00:00-05:00,1.5099999904632568,1.5099999904632568,1.340000033378601,1.3799999952316284,63400,0.0,0.0
2024-01-16 00:00:00-05:00,1.3300000429153442,1.371999979019165,1.2799999713897705,1.2799999713897705,43000,0.0,0.0
2024-01-17 00:00:00-05:00,1.2699999809265137,1.3700000047683716,1.2599999904632568,1.3700000047683716,32500,0.0,0.0
2024-01-18 00:00:00-05:00,1.340000033378601,1.3799999952316284,1.309999942779541,1.350000023841858,62200,0.0,0.0
2024-01-19 00:00:00-05:00,1.3300000429153442,1.440000057220459,1.3300000429153442,1.3700000047683716,82300,0.0,0.0
2024-01-22 00:00:00-05:00,1.409999966621399,1.440000057220459,1.3880000114440918,1.399999976158142,46600,0.0,0.0
2024-01-23 00:00:00-05:00,1.399999976158142,1.4450000524520874,1.350000023841858,1.350000023841858,25000,0.0,0.0
2024-01-24 00:00:00-05:00,1.340000033378601,1.3650000095367432,1.312000036239624,1.3300000429153442,66300,0.0,0.0
2024-01-25 00:00:00-05:00,1.3300000429153442,1.3350000381469727,1.2300000190734863,1.2599999904632568,107800,0.0,0.0
2024-01-26 00:00:00-05:00,1.2300000190734863,1.2549999952316284,1.1799999475479126,1.2450000047683716,92900,0.0,0.0
2024-01-29 00:00:00-05:00,1.2400000095367432,1.2929999828338623,1.1100000143051147,1.159999966621399,278900,0.0,0.0
2024-01-30 00:00:00-05:00,1.1399999856948853,1.2200000286102295,1.1399999856948853,1.2000000476837158,67500,0.0,0.0
2024-01-31 00:00:00-05:00,1.2100000381469727,1.2899999618530273,1.1699999570846558,1.25,62500,0.0,0.0
2024-02-01 00:00:00-05:00,1.2899999618530273,1.4149999618530273,1.2740000486373901,1.3899999856948853,69500,0.0,0.0
2024-02-02 00:00:00-05:00,1.4299999475479126,1.4429999589920044,1.3600000143051147,1.399999976158142,45000,0.0,0.0
2024-02-05 00:00:00-05:00,1.399999976158142,1.399999976158142,1.350000023841858,1.3650000095367432,37600,0.0,0.0
2024-02-06 00:00:00-05:00,1.350000023841858,1.350000023841858,1.2300000190734863,1.2699999809265137,59400,0.0,0.0
2024-02-07 00:00:00-05:00,1.2400000095367432,1.309000015258789,1.2400000095367432,1.2400000095367432,12900,0.0,0.0
2024-02-08 00:00:00-05:00,1.246000051498413,1.3300000429153442,1.190000057220459,1.2599999904632568,44300,0.0,0.0
2024-02-09 00:00:00-05:00,1.25,1.4800000190734863,1.2200000286102295,1.4500000476837158,207100,0.0,0.0
2024-02-12 00:00:00-05:00,1.4500000476837158,1.590000033378601,1.3799999952316284,1.3799999952316284,117800,0.0,0.0
2024-02-13 00:00:00-05:00,1.3799999952316284,1.468999981880188,1.3300000429153442,1.409999966621399,149100,0.0,0.0
2024-02-14 00:00:00-05:00,1.399999976158142,1.409999966621399,1.0,1.0800000429153442,617300,0.0,0.0
2024-02-15 00:00:00-05:00,1.0399999618530273,1.0850000381469727,0.9520000219345093,1.0499999523162842,482600,0.0,0.0
2024-02-16 00:00:00-05:00,1.0099999904632568,1.0800000429153442,1.0099999904632568,1.0299999713897705,73200,0.0,0.0
2024-02-20 00:00:00-05:00,1.0299999713897705,1.149999976158142,1.0299999713897705,1.100000023841858,132900,0.0,0.0
2024-02-21 00:00:00-05:00,1.2000000476837158,1.2000000476837158,1.0299999713897705,1.1100000143051147,128800,0.0,0.0
2024-02-22 00:00:00-05:00,1.0989999771118164,1.1180000305175781,1.0299999713897705,1.100000023841858,101300,0.0,0.0
2024-02-23 00:00:00-05:00,1.0700000524520874,1.1299999952316284,1.0499999523162842,1.0700000524520874,27500,0.0,0.0
2024-02-26 00:00:00-05:00,1.100000023841858,1.159999966621399,1.0700000524520874,1.159999966621399,96400,0.0,0.0
2024-02-27 00:00:00-05:00,1.1399999856948853,1.1699999570846558,1.1039999723434448,1.149999976158142,37400,0.0,0.0
2024-02-28 00:00:00-05:00,1.149999976158142,1.1549999713897705,1.1009999513626099,1.1299999952316284,21600,0.0,0.0
2024-02-29 00:00:00-05:00,1.1299999952316284,1.2799999713897705,1.1299999952316284,1.2100000381469727,221700,0.0,0.0
2024-03-01 00:00:00-05:00,1.2000000476837158,1.25,1.190000057220459,1.2200000286102295,78400,0.0,0.0
2024-03-04 00:00:00-05:00,1.3300000429153442,1.4700000286102295,1.2999999523162842,1.3799999952316284,1048200,0.0,0.0
2024-03-05 00:00:00-05:00,1.3600000143051147,1.3799999952316284,1.2000000476837158,1.2200000286102295,181200,0.0,0.0
2024-03-06 00:00:00-05:00,1.2400000095367432,1.2400000095367432,1.1100000143051147,1.1799999475479126,148600,0.0,0.0
2024-03-07 00:00:00-05:00,1.159999966621399,1.2999999523162842,1.149999976158142,1.25,81700,0.0,0.0
2024-03-08 00:00:00-05:00,1.2300000190734863,1.3200000524520874,1.2000000476837158,1.2100000381469727,113700,0.0,0.0
2024-03-11 00:00:00-04:00,1.25,1.2699999809265137,1.0099999904632568,1.1699999570846558,338100,0.0,0.0
2024-03-12 00:00:00-04:00,1.1399999856948853,1.2100000381469727,1.1150000095367432,1.1399999856948853,52800,0.0,0.0
2024-03-13 00:00:00-04:00,1.149999976158142,1.1690000295639038,1.0700000524520874,1.1200000047683716,47900,0.0,0.0
2024-03-14 00:00:00-04:00,1.1200000047683716,1.1399999856948853,1.0299999713897705,1.0700000524520874,89200,0.0,0.0
2024-03-15 00:00:00-04:00,1.0800000429153442,1.1299999952316284,1.059999942779541,1.059999942779541,69100,0.0,0.0
2024-03-18 00:00:00-04:00,1.100000023841858,1.1990000009536743,1.100000023841858,1.1549999713897705,100200,0.0,0.0
2024-03-19 00:00:00-04:00,1.1200000047683716,1.1699999570846558,1.0499999523162842,1.0800000429153442,115600,0.0,0.0
2024-03-20 00:00:00-04:00,1.059999942779541,1.1299999952316284,1.059999942779541,1.1100000143051147,56000,0.0,0.0
2024-03-21 00:00:00-04:00,1.1299999952316284,1.190000057220459,1.100000023841858,1.1100000143051147,100600,0.0,0.0
2024-03-22 00:00:00-04:00,1.1200000047683716,1.2000000476837158,1.1180000305175781,1.1799999475479126,61000,0.0,0.0
2024-03-25 00:00:00-04:00,1.2799999713897705,1.350000023841858,1.1699999570846558,1.2699999809265137,939200,0.0,0.0
2024-03-26 00:00:00-04:00,1.3600000143051147,1.5,1.100000023841858,1.159999966621399,1853000,0.0,0.0
2024-03-27 00:00:00-04:00,1.1299999952316284,1.2200000286102295,1.100000023841858,1.2050000429153442,277300,0.0,0.0
2024-03-28 00:00:00-04:00,1.190000057220459,1.2300000190734863,1.1799999475479126,1.2000000476837158,152000,0.0,0.0
2024-04-01 00:00:00-04:00,1.2000000476837158,1.2200000286102295,1.1799999475479126,1.190000057220459,120900,0.0,0.0
2024-04-02 00:00:00-04:00,1.1799999475479126,1.25,1.1799999475479126,1.2300000190734863,183800,0.0,0.0
2024-04-03 00:00:00-04:00,1.2200000286102295,1.3300000429153442,1.190000057220459,1.2410000562667847,717500,0.0,0.0
2024-04-04 00:00:00-04:00,1.2300000190734863,1.2599999904632568,1.190000057220459,1.2300000190734863,197600,0.0,0.0
2024-04-05 00:00:00-04:00,1.2200000286102295,1.2480000257492065,1.190000057220459,1.2400000095367432,116400,0.0,0.0
2024-04-08 00:00:00-04:00,1.2799999713897705,1.2799999713897705,1.190000057220459,1.2400000095367432,109500,0.0,0.0
2024-04-09 00:00:00-04:00,1.2200000286102295,1.3300000429153442,1.190000057220459,1.2699999809265137,560800,0.0,0.0
2024-04-10 00:00:00-04:00,1.2699999809265137,1.2699999809265137,1.2000000476837158,1.2300000190734863,112500,0.0,0.0
2024-04-11 00:00:00-04:00,1.2400000095367432,1.25,1.190000057220459,1.2100000381469727,94200,0.0,0.0
2024-04-12 00:00:00-04:00,1.2000000476837158,1.2400000095367432,1.149999976158142,1.1799999475479126,158500,0.0,0.0
2024-04-15 00:00:00-04:00,1.1699999570846558,1.2000000476837158,1.0700000524520874,1.1200000047683716,153500,0.0,0.0
2024-04-16 00:00:00-04:00,1.090000033378601,1.149999976158142,1.0800000429153442,1.149999976158142,87700,0.0,0.0
2024-04-17 00:00:00-04:00,1.1399999856948853,1.1920000314712524,1.1399999856948853,1.1690000295639038,46500,0.0,0.0
2024-04-18 00:00:00-04:00,1.1399999856948853,1.1790000200271606,1.1200000047683716,1.1399999856948853,34400,0.0,0.0
2024-04-19 00:00:00-04:00,1.1399999856948853,1.1699999570846558,1.1299999952316284,1.149999976158142,19400,0.0,0.0
2024-04-22 00:00:00-04:00,1.1399999856948853,1.190000057220459,1.1399999856948853,1.1399999856948853,72200,0.0,0.0
2024-04-23 00:00:00-04:00,1.1399999856948853,1.1399999856948853,1.1200000047683716,1.1399999856948853,52200,0.0,0.0
2024-04-24 00:00:00-04:00,1.1299999952316284,1.190000057220459,1.1299999952316284,1.159999966621399,525200,0.0,0.0
2024-04-25 00:00:00-04:00,1.159999966621399,1.159999966621399,1.1100000143051147,1.1100000143051147,38600,0.0,0.0
2024-04-26 00:00:00-04:00,1.1200000047683716,1.1799999475479126,1.1100000143051147,1.1299999952316284,59200,0.0,0.0
2024-04-29 00:00:00-04:00,1.1200000047683716,1.149999976158142,1.1100000143051147,1.1200000047683716,19900,0.0,0.0
2024-04-30 00:00:00-04:00,1.1100000143051147,1.159999966621399,1.100000023841858,1.1299999952316284,66700,0.0,0.0
2024-05-01 00:00:00-04:00,1.1799999475479126,1.1799999475479126,1.100000023841858,1.159999966621399,84400,0.0,0.0
2024-05-02 00:00:00-04:00,1.1699999570846558,1.2200000286102295,1.1399999856948853,1.2100000381469727,51900,0.0,0.0
2024-05-03 00:00:00-04:00,1.2300000190734863,1.2309999465942383,1.149999976158142,1.1699999570846558,40900,0.0,0.0
2024-05-06 00:00:00-04:00,1.1699999570846558,1.190000057220459,1.159999966621399,1.1699999570846558,45800,0.0,0.0
2024-05-07 00:00:00-04:00,1.25,1.2899999618530273,1.159999966621399,1.1699999570846558,829300,0.0,0.0
2024-05-08 00:00:00-04:00,1.159999966621399,1.1699999570846558,1.1200000047683716,1.1200000047683716,154800,0.0,0.0
2024-05-09 00:00:00-04:00,1.2200000286102295,1.2200000286102295,1.1200000047683716,1.159999966621399,92000,0.0,0.0
2024-05-10 00:00:00-04:00,1.1799999475479126,1.1799999475479126,1.0099999904632568,1.1200000047683716,142400,0.0,0.0
2024-05-13 00:00:00-04:00,1.1100000143051147,1.159999966621399,1.100000023841858,1.149999976158142,56500,0.0,0.0
2024-05-14 00:00:00-04:00,1.1299999952316284,1.1699999570846558,1.100000023841858,1.1399999856948853,51900,0.0,0.0
2024-05-15 00:00:00-04:00,1.1100000143051147,1.149999976158142,1.0499999523162842,1.059999942779541,156900,0.0,0.0
2024-05-16 00:00:00-04:00,1.059999942779541,1.1100000143051147,1.0299999713897705,1.0499999523162842,342300,0.0,0.0
2024-05-17 00:00:00-04:00,1.0399999618530273,1.1100000143051147,1.0099999904632568,1.0800000429153442,41600,0.0,0.0
2024-05-20 00:00:00-04:00,1.1200000047683716,1.1399999856948853,1.0,1.0499999523162842,197700,0.0,0.0
2024-05-21 00:00:00-04:00,1.0700000524520874,1.100000023841858,1.0099999904632568,1.0399999618530273,70100,0.0,0.0
2024-05-22 00:00:00-04:00,1.0499999523162842,1.100000023841858,1.0399999618530273,1.059999942779541,53000,0.0,0.0
2024-05-23 00:00:00-04:00,1.0700000524520874,1.090000033378601,1.0479999780654907,1.090000033378601,176300,0.0,0.0
2024-05-24 00:00:00-04:00,1.1299999952316284,1.1399999856948853,1.0499999523162842,1.059999942779541,464300,0.0,0.0
2024-05-28 00:00:00-04:00,1.0399999618530273,1.0399999618530273,0.9800000190734863,0.9850000143051147,261800,0.0,0.0
2024-05-29 00:00:00-04:00,0.949999988079071,1.0099999904632568,0.9100000262260437,0.9850000143051147,334200,0.0,0.0
2024-05-30 00:00:00-04:00,0.9900000095367432,0.9900000095367432,0.9179999828338623,0.9449999928474426,117100,0.0,0.0
2024-05-31 00:00:00-04:00,0.9300000071525574,0.9800000190734863,0.9200000166893005,0.9300000071525574,73700,0.0,0.0
2024-06-03 00:00:00-04:00,0.9399999976158142,0.9599999785423279,0.9100000262260437,0.9520000219345093,50300,0.0,0.0
2024-06-04 00:00:00-04:00,0.9509999752044678,0.9599999785423279,0.9179999828338623,0.9200000166893005,55400,0.0,0.0
2024-06-05 00:00:00-04:00,0.9459999799728394,0.9480000138282776,0.8610000014305115,0.8690000176429749,146500,0.0,0.0
2024-06-06 00:00:00-04:00,0.8899999856948853,0.8999999761581421,0.8019999861717224,0.8489999771118164,153400,0.0,0.0
2024-06-07 00:00:00-04:00,0.8600000143051147,0.8759999871253967,0.8019999861717224,0.8289999961853027,181800,0.0,0.0
2024-06-10 00:00:00-04:00,0.8299999833106995,0.8799999952316284,0.8199999928474426,0.8600000143051147,71200,0.0,0.0
2024-06-11 00:00:00-04:00,0.8999999761581421,0.9300000071525574,0.8309999704360962,0.9100000262260437,138900,0.0,0.0
2024-06-12 00:00:00-04:00,0.8999999761581421,0.9100000262260437,0.8600000143051147,0.9100000262260437,50300,0.0,0.0
2024-06-13 00:00:00-04:00,0.8899999856948853,0.9800000190734863,0.8899999856948853,0.9520000219345093,100800,0.0,0.0
2024-06-14 00:00:00-04:00,0.949999988079071,1.0399999618530273,0.9399999976158142,0.9539999961853027,80800,0.0,0.0
2024-06-17 00:00:00-04:00,0.9599999785423279,0.9900000095367432,0.8799999952316284,0.8799999952316284,80700,0.0,0.0
2024-06-18 00:00:00-04:00,0.8899999856948853,0.9739999771118164,0.7139999866485596,0.8149999976158142,507200,0.0,0.0
2024-06-20 00:00:00-04:00,0.8399999737739563,0.8999999761581421,0.8059999942779541,0.8299999833106995,161200,0.0,0.0
2024-06-21 00:00:00-04:00,0.8389999866485596,0.8389999866485596,0.7919999957084656,0.8180000185966492,95900,0.0,0.0
2024-06-24 00:00:00-04:00,0.8199999928474426,0.8999999761581421,0.8199999928474426,0.8809999823570251,49100,0.0,0.0
2024-06-25 00:00:00-04:00,0.949999988079071,0.949999988079071,0.6899999976158142,0.7129999995231628,536100,0.0,0.0
2024-06-26 00:00:00-04:00,0.7210000157356262,0.7400000095367432,0.6470000147819519,0.675000011920929,438600,0.0,0.0
2024-06-27 00:00:00-04:00,0.7350000143051147,0.765999972820282,0.6800000071525574,0.7429999709129333,139500,0.0,0.0
2024-06-28 00:00:00-04:00,0.7639999985694885,0.8090000152587891,0.7400000095367432,0.800000011920929,67000,0.0,0.0
2024-07-01 00:00:00-04:00,0.8190000057220459,0.8980000019073486,0.8100000023841858,0.8880000114440918,99200,0.0,0.0
2024-07-02 00:00:00-04:00,0.8799999952316284,0.8960000276565552,0.8050000071525574,0.8690000176429749,82300,0.0,0.0
2024-07-03 00:00:00-04:00,0.8600000143051147,0.875,0.8399999737739563,0.8500000238418579,6600,0.0,0.0
2024-07-05 00:00:00-04:00,0.8299999833106995,0.8489999771118164,0.8040000200271606,0.8040000200271606,14900,0.0,0.0
2024-07-08 00:00:00-04:00,0.7799999713897705,0.8980000019073486,0.75,0.8539999723434448,127000,0.0,0.0
2024-07-09 00:00:00-04:00,0.8259999752044678,0.9810000061988831,0.8199999928474426,0.9380000233650208,164400,0.0,0.0
2024-07-10 00:00:00-04:00,0.9300000071525574,0.9649999737739563,0.8999999761581421,0.9309999942779541,31600,0.0,0.0
2024-07-11 00:00:00-04:00,0.9399999976158142,0.949999988079071,0.890999972820282,0.9300000071525574,18700,0.0,0.0
2024-07-12 00:00:00-04:00,0.9409999847412109,0.9700000286102295,0.9100000262260437,0.949999988079071,32900,0.0,0.0
2024-07-15 00:00:00-04:00,0.9300000071525574,1.0399999618530273,0.925000011920929,0.9900000095367432,65300,0.0,0.0
2024-07-16 00:00:00-04:00,0.9900000095367432,1.0,0.871999979019165,0.9330000281333923,46000,0.0,0.0
2024-07-17 00:00:00-04:00,0.925000011920929,0.9800000190734863,0.7699999809265137,0.8769999742507935,194500,0.0,0.0
2024-07-18 00:00:00-04:00,0.8600000143051147,0.9449999928474426,0.8220000267028809,0.878000020980835,81900,0.0,0.0
2024-07-19 00:00:00-04:00,0.8610000014305115,0.9190000295639038,0.8500000238418579,0.8579999804496765,23400,0.0,0.0
2024-07-22 00:00:00-04:00,0.8500000238418579,0.9100000262260437,0.8500000238418579,0.8650000095367432,50800,0.0,0.0
2024-07-23 00:00:00-04:00,0.8700000047683716,0.9150000214576721,0.8090000152587891,0.8299999833106995,55100,0.0,0.0
2024-07-24 00:00:00-04:00,0.7929999828338623,0.8600000143051147,0.7919999957084656,0.8209999799728394,35800,0.0,0.0
2024-07-25 00:00:00-04:00,0.800000011920929,0.843999981880188,0.7919999957084656,0.800000011920929,23100,0.0,0.0
2024-07-26 00:00:00-04:00,0.800000011920929,0.8309999704360962,0.75,0.8040000200271606,37600,0.0,0.0
2024-07-29 00:00:00-04:00,0.7799999713897705,0.8199999928474426,0.75,0.75,32900,0.0,0.0
2024-07-30 00:00:00-04:00,0.75,0.843999981880188,0.7300000190734863,0.7599999904632568,59500,0.0,0.0
2024-07-31 00:00:00-04:00,0.7250000238418579,0.800000011920929,0.7229999899864197,0.75,80100,0.0,0.0
2024-08-01 00:00:00-04:00,0.7599999904632568,0.8100000023841858,0.718999981880188,0.718999981880188,73800,0.0,0.0
2024-08-02 00:00:00-04:00,0.699999988079071,0.699999988079071,0.6499999761581421,0.6620000004768372,69900,0.0,0.0
2024-08-05 00:00:00-04:00,0.6299999952316284,0.75,0.6019999980926514,0.7099999785423279,158500,0.0,0.0
2024-08-06 00:00:00-04:00,0.75,0.8299999833106995,0.7099999785423279,0.8190000057220459,95000,0.0,0.0
2024-08-07 00:00:00-04:00,0.8299999833106995,0.8700000047683716,0.75,0.7699999809265137,31600,0.0,0.0
2024-08-08 00:00:00-04:00,0.7699999809265137,0.777999997138977,0.7300000190734863,0.7409999966621399,20200,0.0,0.0
2024-08-09 00:00:00-04:00,0.7599999904632568,0.8190000057220459,0.7300000190734863,0.7789999842643738,30400,0.0,0.0
2024-08-12 00:00:00-04:00,0.753000020980835,0.8190000057220459,0.7400000095367432,0.75,14800,0.0,0.0
2024-08-13 00:00:00-04:00,0.7459999918937683,0.800000011920929,0.7400000095367432,0.7400000095367432,26500,0.0,0.0
2024-08-14 00:00:00-04:00,0.7200000286102295,0.75,0.699999988079071,0.7409999966621399,49200,0.0,0.0
2024-08-15 00:00:00-04:00,0.7200000286102295,0.7689999938011169,0.7009999752044678,0.7300000190734863,26300,0.0,0.0
2024-08-16 00:00:00-04:00,0.7400000095367432,0.7459999918937683,0.7099999785423279,0.7300000190734863,10600,0.0,0.0
2024-08-19 00:00:00-04:00,0.7229999899864197,0.8669999837875366,0.7229999899864197,0.800000011920929,115500,0.0,0.0
2024-08-20 00:00:00-04:00,0.8199999928474426,0.8500000238418579,0.781000018119812,0.824999988079071,38900,0.0,0.0
2024-08-21 00:00:00-04:00,0.8399999737739563,0.8600000143051147,0.7599999904632568,0.7770000100135803,59500,0.0,0.0
2024-08-22 00:00:00-04:00,0.7509999871253967,0.8199999928474426,0.7509999871253967,0.7900000214576721,17300,0.0,0.0
2024-08-23 00:00:00-04:00,0.7900000214576721,0.8349999785423279,0.7710000276565552,0.7839999794960022,33500,0.0,0.0
2024-08-26 00:00:00-04:00,0.800000011920929,0.8399999737739563,0.7699999809265137,0.8159999847412109,28600,0.0,0.0
2024-08-27 00:00:00-04:00,0.7799999713897705,0.8700000047683716,0.7799999713897705,0.7919999957084656,21900,0.0,0.0
2024-08-28 00:00:00-04:00,0.7900000214576721,0.800000011920929,0.75,0.7699999809265137,33800,0.0,0.0
2024-08-29 00:00:00-04:00,0.8080000281333923,0.8090000152587891,0.7900000214576721,0.8090000152587891,14600,0.0,0.0
2024-08-30 00:00:00-04:00,0.8100000023841858,0.8180000185966492,0.7699999809265137,0.7960000038146973,53700,0.0,0.0
2024-09-03 00:00:00-04:00,0.7699999809265137,0.7910000085830688,0.75,0.7870000004768372,46500,0.0,0.0
2024-09-04 00:00:00-04:00,0.7760000228881836,0.800000011920929,0.75,0.75,21300,0.0,0.0
2024-09-05 00:00:00-04:00,0.75,0.7839999794960022,0.75,0.7699999809265137,12500,0.0,0.0
2024-09-06 00:00:00-04:00,0.7900000214576721,0.800000011920929,0.75,0.7860000133514404,24600,0.0,0.0
2024-09-09 00:00:00-04:00,0.800000011920929,0.8169999718666077,0.7200000286102295,0.7559999823570251,88400,0.0,0.0
2024-09-10 00:00:00-04:00,0.7400000095367432,0.8690000176429749,0.7400000095367432,0.8399999737739563,99700,0.0,0.0
2024-09-11 00:00:00-04:00,0.8600000143051147,0.8899999856948853,0.7900000214576721,0.8220000267028809,79100,0.0,0.0
2024-09-12 00:00:00-04:00,0.800000011920929,0.8500000238418579,0.800000011920929,0.8399999737739563,24600,0.0,0.0
2024-09-13 00:00:00-04:00,0.8600000143051147,0.8600000143051147,0.8100000023841858,0.8299999833106995,40800,0.0,0.0
2024-09-16 00:00:00-04:00,0.8700000047683716,0.8700000047683716,0.8100000023841858,0.8130000233650208,27600,0.0,0.0
2024-09-17 00:00:00-04:00,0.8100000023841858,0.949999988079071,0.8100000023841858,0.9300000071525574,66900,0.0,0.0
2024-09-18 00:00:00-04:00,0.9200000166893005,0.9599999785423279,0.859000027179718,0.859000027179718,87700,0.0,0.0
2024-09-19 00:00:00-04:00,0.9089999794960022,0.9599999785423279,0.9089999794960022,0.9350000023841858,41500,0.0,0.0
2024-09-20 00:00:00-04:00,0.9100000262260437,0.9449999928474426,0.9100000262260437,0.921999990940094,66600,0.0,0.0
2024-09-23 00:00:00-04:00,0.9240000247955322,0.9800000190734863,0.8899999856948853,0.9430000185966492,85100,0.0,0.0
2024-09-24 00:00:00-04:00,0.9700000286102295,1.0800000429153442,0.9700000286102295,0.9940000176429749,102100,0.0,0.0
2024-09-25 00:00:00-04:00,1.0199999809265137,1.0499999523162842,0.9449999928474426,1.0099999904632568,261900,0.0,0.0
2024-09-26 00:00:00-04:00,1.0,1.0490000247955322,0.9700000286102295,0.9800000190734863,53100,0.0,0.0
2024-09-27 00:00:00-04:00,1.0299999713897705,1.0499999523162842,0.9900000095367432,1.0199999809265137,28500,0.0,0.0
2024-09-30 00:00:00-04:00,1.0099999904632568,1.0199999809265137,0.9700000286102295,0.9900000095367432,35300,0.0,0.0
2024-10-01 00:00:00-04:00,0.9700000286102295,1.0199999809265137,0.8899999856948853,1.0,147300,0.0,0.0
2024-10-02 00:00:00-04:00,0.9800000190734863,1.0099999904632568,0.9459999799728394,0.9700000286102295,4900,0.0,0.0
2024-10-03 00:00:00-04:00,0.9129999876022339,0.9700000286102295,0.9100000262260437,0.9300000071525574,21000,0.0,0.0
2024-10-04 00:00:00-04:00,0.9300000071525574,0.984000027179718,0.9200000166893005,0.9580000042915344,10800,0.0,0.0
2024-10-07 00:00:00-04:00,0.9300000071525574,0.9900000095367432,0.8949999809265137,0.9900000095367432,48700,0.0,0.0
2024-10-08 00:00:00-04:00,0.9800000190734863,1.0299999713897705,0.9800000190734863,0.9900000095367432,34600,0.0,0.0
2024-10-09 00:00:00-04:00,0.9700000286102295,0.9909999966621399,0.9200000166893005,0.9399999976158142,52100,0.0,0.0
2024-10-10 00:00:00-04:00,0.9200000166893005,0.9710000157356262,0.9100000262260437,0.9100000262260437,38900,0.0,0.0
2024-10-11 00:00:00-04:00,0.8980000019073486,0.9480000138282776,0.890999972820282,0.9200000166893005,51700,0.0,0.0
2024-10-14 00:00:00-04:00,0.9700000286102295,0.9800000190734863,0.9309999942779541,0.9309999942779541,33500,0.0,0.0
2024-10-15 00:00:00-04:00,0.8999999761581421,0.9599999785423279,0.8899999856948853,0.949999988079071,52700,0.0,0.0
2024-10-16 00:00:00-04:00,0.9599999785423279,0.9599999785423279,0.8899999856948853,0.9309999942779541,76100,0.0,0.0
2024-10-17 00:00:00-04:00,0.9309999942779541,0.9399999976158142,0.9100000262260437,0.9300000071525574,6900,0.0,0.0
2024-10-18 00:00:00-04:00,0.9300000071525574,0.9300000071525574,0.8999999761581421,0.9160000085830688,26200,0.0,0.0
2024-10-21 00:00:00-04:00,0.9200000166893005,0.9200000166893005,0.8799999952316284,0.8799999952316284,64100,0.0,0.0
2024-10-22 00:00:00-04:00,0.847000002861023,0.9200000166893005,0.847000002861023,0.9200000166893005,136300,0.0,0.0
2024-10-23 00:00:00-04:00,0.9200000166893005,0.949999988079071,0.890999972820282,0.949999988079071,48100,0.0,0.0
2024-10-24 00:00:00-04:00,0.9200000166893005,1.0149999856948853,0.8999999761581421,1.0,94300,0.0,0.0
2024-10-25 00:00:00-04:00,1.0,1.0299999713897705,0.9200000166893005,0.9409999847412109,38600,0.0,0.0
2024-10-28 00:00:00-04:00,1.0,1.0299999713897705,0.9599999785423279,1.0099999904632568,69200,0.0,0.0
2024-10-29 00:00:00-04:00,1.0099999904632568,1.0199999809265137,0.9610000252723694,0.9700000286102295,85200,0.0,0.0
2024-10-30 00:00:00-04:00,0.9700000286102295,1.0399999618530273,0.9700000286102295,0.9850000143051147,90300,0.0,0.0
2024-10-31 00:00:00-04:00,0.9900000095367432,1.0,0.949999988079071,0.9700000286102295,155700,0.0,0.0
2024-11-01 00:00:00-04:00,0.9300000071525574,1.0299999713897705,0.9200000166893005,0.9399999976158142,286900,0.0,0.0
2024-11-04 00:00:00-05:00,0.9589999914169312,1.0,0.9279999732971191,0.9279999732971191,47500,0.0,0.0
2024-11-05 00:00:00-05:00,0.9359999895095825,0.9520000219345093,0.8899999856948853,0.8899999856948853,53800,0.0,0.0
2024-11-06 00:00:00-05:00,0.9509999752044678,0.9800000190734863,0.8899999856948853,0.9399999976158142,91900,0.0,0.0
2024-11-07 00:00:00-05:00,0.9200000166893005,0.9599999785423279,0.8999999761581421,0.9049999713897705,16700,0.0,0.0
2024-11-08 00:00:00-05:00,0.9049999713897705,0.9290000200271606,0.8700000047683716,0.9100000262260437,40700,0.0,0.0
2024-11-11 00:00:00-05:00,0.859000027179718,0.9399999976158142,0.8299999833106995,0.8999999761581421,339900,0.0,0.0
2024-11-12 00:00:00-05:00,0.8999999761581421,0.8999999761581421,0.8500000238418579,0.8899999856948853,21200,0.0,0.0
2024-11-13 00:00:00-05:00,0.8399999737739563,0.8799999952316284,0.8199999928474426,0.8650000095367432,101200,0.0,0.0
2024-11-14 00:00:00-05:00,0.8500000238418579,0.8650000095367432,0.777999997138977,0.781000018119812,133000,0.0,0.0
2024-11-15 00:00:00-05:00,0.7799999713897705,0.7799999713897705,0.6800000071525574,0.7110000252723694,342700,0.0,0.0
2024-11-18 00:00:00-05:00,0.699999988079071,0.7200000286102295,0.6520000100135803,0.699999988079071,366800,0.0,0.0
2024-11-19 00:00:00-05:00,0.6890000104904175,0.7300000190734863,0.6549999713897705,0.6610000133514404,156900,0.0,0.0
2024-11-20 00:00:00-05:00,0.6589999794960022,0.7289999723434448,0.6589999794960022,0.7289999723434448,266100,0.0,0.0
2024-11-21 00:00:00-05:00,0.7239999771118164,0.7540000081062317,0.6710000038146973,0.699999988079071,152300,0.0,0.0
2024-11-22 00:00:00-05:00,0.6790000200271606,0.7549999952316284,0.6790000200271606,0.6809999942779541,312300,0.0,0.0
2024-11-25 00:00:00-05:00,0.6809999942779541,0.6809999942779541,0.6019999980926514,0.6129999756813049,340800,0.0,0.0
2024-11-26 00:00:00-05:00,0.6399999856948853,0.7200000286102295,0.6000000238418579,0.6970000267028809,124100,0.0,0.0
2024-11-27 00:00:00-05:00,0.6600000262260437,0.7049999833106995,0.5770000219345093,0.6200000047683716,92900,0.0,0.0
2024-11-29 00:00:00-05:00,0.6000000238418579,0.6880000233650208,0.6000000238418579,0.6230000257492065,57200,0.0,0.0
2024-12-02 00:00:00-05:00,0.6499999761581421,0.6700000166893005,0.6299999952316284,0.6499999761581421,94800,0.0,0.0
2024-12-03 00:00:00-05:00,0.6499999761581421,0.699999988079071,0.6029999852180481,0.6499999761581421,121400,0.0,0.0
2024-12-04 00:00:00-05:00,0.6700000166893005,0.699999988079071,0.6299999952316284,0.6389999985694885,89700,0.0,0.0
2024-12-05 00:00:00-05:00,0.6399999856948853,0.6499999761581421,0.5509999990463257,0.6000000238418579,206400,0.0,0.0
2024-12-06 00:00:00-05:00,0.6000000238418579,0.6890000104904175,0.5899999737739563,0.5899999737739563,497000,0.0,0.0
2024-12-09 00:00:00-05:00,0.6100000143051147,0.671999990940094,0.6000000238418579,0.6690000295639038,268100,0.0,0.0
2024-12-10 00:00:00-05:00,0.6700000166893005,0.8500000238418579,0.6700000166893005,0.8019999861717224,189700,0.0,0.0
2024-12-11 00:00:00-05:00,0.8100000023841858,0.8700000047683716,0.7699999809265137,0.8399999737739563,249800,0.0,0.0
2024-12-12 00:00:00-05:00,0.8799999952316284,0.8899999856948853,0.7200000286102295,0.7639999985694885,395800,0.0,0.0
2024-12-13 00:00:00-05:00,0.7929999828338623,0.7929999828338623,0.7400000095367432,0.7599999904632568,95300,0.0,0.0
2024-12-16 00:00:00-05:00,0.7799999713897705,0.800000011920929,0.7400000095367432,0.7570000290870667,203300,0.0,0.0
2024-12-17 00:00:00-05:00,0.8399999737739563,0.9700000286102295,0.6800000071525574,0.7910000085830688,1408500,0.0,0.0
2024-12-18 00:00:00-05:00,0.8190000057220459,0.8600000143051147,0.7400000095367432,0.7400000095367432,335400,0.0,0.0
2024-12-19 00:00:00-05:00,0.7400000095367432,0.7799999713897705,0.7149999737739563,0.7580000162124634,62400,0.0,0.0
2024-12-20 00:00:00-05:00,0.7580000162124634,0.7699999809265137,0.7300000190734863,0.7580000162124634,100000,0.0,0.0
2024-12-23 00:00:00-05:00,0.75,0.7689999938011169,0.7350000143051147,0.7419999837875366,42800,0.0,0.0
2024-12-24 00:00:00-05:00,0.7540000081062317,0.7699999809265137,0.7300000190734863,0.7699999809265137,64800,0.0,0.0
2024-12-26 00:00:00-05:00,0.7699999809265137,0.8799999952316284,0.7699999809265137,0.8610000014305115,265200,0.0,0.0
2024-12-27 00:00:00-05:00,0.8799999952316284,0.8799999952316284,0.8009999990463257,0.8180000185966492,135700,0.0,0.0
2024-12-30 00:00:00-05:00,0.8199999928474426,0.8199999928474426,0.7549999952316284,0.8199999928474426,117900,0.0,0.0
2024-12-31 00:00:00-05:00,0.8199999928474426,0.8489999771118164,0.7940000295639038,0.8259999752044678,118500,0.0,0.0
2025-01-02 00:00:00-05:00,0.8396000266075134,0.8445000052452087,0.7799999713897705,0.8248000144958496,82021,0.0,0.0
