Date,Open,High,Low,Close,Volume,Dividends,Stock Splits
2022-01-03 00:00:00-05:00,17.5,18.799999237060547,17.5,18.799999237060547,1200,0.0,0.0
2022-01-04 00:00:00-05:00,17.469999313354492,17.469999313354492,17.200000762939453,17.389999389648438,400,0.0,0.0
2022-01-05 00:00:00-05:00,16.739999771118164,17.459999084472656,16.399999618530273,17.459999084472656,3900,0.0,0.0
2022-01-06 00:00:00-05:00,16.809999465942383,16.809999465942383,16.510000228881836,16.770000457763672,900,0.0,0.0
2022-01-07 00:00:00-05:00,16.649999618530273,16.649999618530273,16.649999618530273,16.649999618530273,200,0.0,0.0
2022-01-10 00:00:00-05:00,16.1299991607666,16.200000762939453,16.1299991607666,16.200000762939453,500,0.0,0.0
2022-01-11 00:00:00-05:00,16.459999084472656,16.65999984741211,16.459999084472656,16.65999984741211,600,0.0,0.0
2022-01-12 00:00:00-05:00,16.829999923706055,16.829999923706055,16.6299991607666,16.649999618530273,400,0.0,0.0
2022-01-13 00:00:00-05:00,16.399999618530273,16.399999618530273,16.3700008392334,16.399999618530273,700,0.0,0.0
2022-01-14 00:00:00-05:00,16.399999618530273,16.399999618530273,16.399999618530273,16.399999618530273,0,0.0,0.0
2022-01-18 00:00:00-05:00,16.399999618530273,16.399999618530273,16.399999618530273,16.399999618530273,0,0.0,0.0
2022-01-19 00:00:00-05:00,16.020000457763672,16.020000457763672,16.020000457763672,16.020000457763672,200,0.0,0.0
2022-01-20 00:00:00-05:00,16.309999465942383,16.309999465942383,16.309999465942383,16.309999465942383,200,0.0,0.0
2022-01-21 00:00:00-05:00,16.309999465942383,16.309999465942383,16.309999465942383,16.309999465942383,0,0.0,0.0
2022-01-24 00:00:00-05:00,13.430000305175781,14.0,13.140000343322754,14.0,5100,0.0,0.0
2022-01-25 00:00:00-05:00,14.050000190734863,14.069999694824219,14.050000190734863,14.069999694824219,200,0.0,0.0
2022-01-26 00:00:00-05:00,14.760000228881836,14.760000228881836,14.760000228881836,14.760000228881836,400,0.0,0.0
2022-01-27 00:00:00-05:00,14.609999656677246,14.649999618530273,14.180000305175781,14.649999618530273,1900,0.0,0.0
2022-01-28 00:00:00-05:00,14.520000457763672,14.779999732971191,14.489999771118164,14.779999732971191,2700,0.0,0.0
2022-01-31 00:00:00-05:00,14.550000190734863,14.550000190734863,14.550000190734863,14.550000190734863,600,0.0,0.0
2022-02-01 00:00:00-05:00,14.0,14.0,14.0,14.0,400,0.0,0.0
2022-02-02 00:00:00-05:00,13.699999809265137,13.739999771118164,13.6899995803833,13.710000038146973,1000,0.0,0.0
2022-02-03 00:00:00-05:00,13.699999809265137,13.699999809265137,13.550000190734863,13.550000190734863,1100,0.0,0.0
2022-02-04 00:00:00-05:00,13.460000038146973,13.520000457763672,12.399999618530273,13.420000076293945,7800,0.0,0.0
2022-02-07 00:00:00-05:00,13.819999694824219,13.920000076293945,13.819999694824219,13.90999984741211,2000,0.0,0.0
2022-02-08 00:00:00-05:00,13.90999984741211,13.90999984741211,13.90999984741211,13.90999984741211,0,0.0,0.0
2022-02-09 00:00:00-05:00,14.029999732971191,14.029999732971191,13.699999809265137,13.699999809265137,1500,0.0,0.0
2022-02-10 00:00:00-05:00,13.699999809265137,13.800000190734863,13.699999809265137,13.800000190734863,800,0.0,0.0
2022-02-11 00:00:00-05:00,13.140000343322754,14.699999809265137,13.140000343322754,13.600000381469727,1400,0.0,0.0
2022-02-14 00:00:00-05:00,13.699999809265137,13.699999809265137,13.699999809265137,13.699999809265137,300,0.0,0.0
2022-02-15 00:00:00-05:00,13.699999809265137,13.699999809265137,13.699999809265137,13.699999809265137,0,0.0,0.0
2022-02-16 00:00:00-05:00,13.699999809265137,13.699999809265137,13.699999809265137,13.699999809265137,100,0.0,0.0
2022-02-17 00:00:00-05:00,13.699999809265137,13.699999809265137,13.699999809265137,13.699999809265137,0,0.0,0.0
2022-02-18 00:00:00-05:00,12.34000015258789,12.59000015258789,12.289999961853027,12.380000114440918,1800,0.0,0.0
2022-02-22 00:00:00-05:00,12.199999809265137,12.199999809265137,12.199999809265137,12.199999809265137,100,0.0,0.0
2022-02-23 00:00:00-05:00,11.579999923706055,12.5600004196167,11.579999923706055,12.5600004196167,1400,0.0,0.0
2022-02-24 00:00:00-05:00,12.289999961853027,12.300000190734863,12.279999732971191,12.300000190734863,900,0.0,0.0
2022-02-25 00:00:00-05:00,12.5,12.5,12.479999542236328,12.479999542236328,200,0.0,0.0
2022-02-28 00:00:00-05:00,12.630000114440918,12.739999771118164,12.630000114440918,12.710000038146973,1000,0.0,0.0
2022-03-01 00:00:00-05:00,12.989999771118164,13.0,12.989999771118164,13.0,300,0.0,0.0
2022-03-02 00:00:00-05:00,13.520000457763672,13.520000457763672,13.260000228881836,13.319999694824219,700,0.0,0.0
2022-03-03 00:00:00-05:00,13.319999694824219,13.319999694824219,13.319999694824219,13.319999694824219,0,0.0,0.0
2022-03-04 00:00:00-05:00,13.069999694824219,13.069999694824219,13.029999732971191,13.029999732971191,1500,0.0,0.0
2022-03-07 00:00:00-05:00,12.100000381469727,12.100000381469727,12.100000381469727,12.100000381469727,300,0.0,0.0
2022-03-08 00:00:00-05:00,11.899999618530273,12.020000457763672,11.680000305175781,12.020000457763672,1200,0.0,0.0
2022-03-09 00:00:00-05:00,12.109999656677246,12.109999656677246,12.109999656677246,12.109999656677246,100,0.0,0.0
2022-03-10 00:00:00-05:00,12.270000457763672,12.270000457763672,12.270000457763672,12.270000457763672,400,0.0,0.0
2022-03-11 00:00:00-05:00,12.270000457763672,12.270000457763672,12.270000457763672,12.270000457763672,0,0.0,0.0
2022-03-14 00:00:00-04:00,12.270000457763672,12.270000457763672,12.270000457763672,12.270000457763672,0,0.0,0.0
2022-03-15 00:00:00-04:00,12.270000457763672,12.270000457763672,12.270000457763672,12.270000457763672,0,0.0,0.0
2022-03-16 00:00:00-04:00,12.649999618530273,13.90999984741211,12.630000114440918,13.899999618530273,2000,0.0,0.0
2022-03-17 00:00:00-04:00,13.899999618530273,13.899999618530273,13.899999618530273,13.899999618530273,0,0.0,0.0
2022-03-18 00:00:00-04:00,15.029999732971191,15.029999732971191,15.029999732971191,15.029999732971191,200,0.0,0.0
2022-03-21 00:00:00-04:00,15.029999732971191,15.029999732971191,15.029999732971191,15.029999732971191,0,0.0,0.0
2022-03-22 00:00:00-04:00,14.210000038146973,14.210000038146973,14.210000038146973,14.210000038146973,200,0.0,0.0
2022-03-23 00:00:00-04:00,14.210000038146973,14.210000038146973,14.210000038146973,14.210000038146973,0,0.0,0.0
2022-03-24 00:00:00-04:00,14.210000038146973,14.210000038146973,14.210000038146973,14.210000038146973,0,0.0,0.0
2022-03-25 00:00:00-04:00,14.210000038146973,14.210000038146973,14.210000038146973,14.210000038146973,0,0.0,0.0
2022-03-28 00:00:00-04:00,14.210000038146973,14.210000038146973,14.210000038146973,14.210000038146973,0,0.0,0.0
2022-03-29 00:00:00-04:00,13.949999809265137,13.949999809265137,13.949999809265137,13.949999809265137,700,0.0,0.0
2022-03-30 00:00:00-04:00,13.640000343322754,13.640000343322754,13.640000343322754,13.640000343322754,100,0.0,0.0
2022-03-31 00:00:00-04:00,14.579999923706055,14.579999923706055,14.260000228881836,14.260000228881836,1300,0.0,0.0
2022-04-01 00:00:00-04:00,14.199999809265137,14.359999656677246,14.199999809265137,14.300000190734863,700,0.0,0.0
2022-04-04 00:00:00-04:00,14.819999694824219,14.819999694824219,14.800000190734863,14.800000190734863,700,0.0,0.0
2022-04-05 00:00:00-04:00,15.600000381469727,15.989999771118164,14.680000305175781,15.989999771118164,900,0.0,0.0
2022-04-06 00:00:00-04:00,15.75,15.75,14.869999885559082,15.020000457763672,1700,0.0,0.0
2022-04-07 00:00:00-04:00,15.020000457763672,15.020000457763672,15.020000457763672,15.020000457763672,0,0.0,0.0
2022-04-08 00:00:00-04:00,15.020000457763672,15.020000457763672,15.020000457763672,15.020000457763672,0,0.0,0.0
2022-04-11 00:00:00-04:00,15.020000457763672,15.020000457763672,15.020000457763672,15.020000457763672,200,0.0,0.0
2022-04-12 00:00:00-04:00,15.020000457763672,15.020000457763672,15.020000457763672,15.020000457763672,0,0.0,0.0
2022-04-13 00:00:00-04:00,13.579999923706055,13.850000381469727,13.449999809265137,13.850000381469727,3400,0.0,0.0
2022-04-14 00:00:00-04:00,13.569999694824219,13.569999694824219,13.569999694824219,13.569999694824219,100,0.0,0.0
2022-04-18 00:00:00-04:00,13.5,13.59000015258789,13.5,13.59000015258789,1200,0.0,0.0
2022-04-19 00:00:00-04:00,12.970000267028809,13.40999984741211,12.970000267028809,13.40999984741211,2500,0.0,0.0
2022-04-20 00:00:00-04:00,13.4399995803833,13.4399995803833,13.4399995803833,13.4399995803833,400,0.0,0.0
2022-04-21 00:00:00-04:00,13.4399995803833,13.4399995803833,13.4399995803833,13.4399995803833,0,0.0,0.0
2022-04-22 00:00:00-04:00,13.4399995803833,13.4399995803833,13.4399995803833,13.4399995803833,0,0.0,0.0
2022-04-25 00:00:00-04:00,13.4399995803833,13.4399995803833,13.4399995803833,13.4399995803833,0,0.0,0.0
2022-04-26 00:00:00-04:00,11.6899995803833,11.699999809265137,11.6899995803833,11.699999809265137,1200,0.0,0.0
2022-04-27 00:00:00-04:00,11.699999809265137,11.699999809265137,11.699999809265137,11.699999809265137,0,0.0,0.0
2022-04-28 00:00:00-04:00,11.649999618530273,11.649999618530273,11.649999618530273,11.649999618530273,800,0.0,0.0
2022-04-29 00:00:00-04:00,11.649999618530273,11.649999618530273,11.649999618530273,11.649999618530273,0,0.0,0.0
2022-05-02 00:00:00-04:00,12.100000381469727,12.100000381469727,11.0,11.130000114440918,1300,0.0,0.0
2022-05-03 00:00:00-04:00,11.649999618530273,11.649999618530273,11.649999618530273,11.649999618530273,400,0.0,0.0
2022-05-04 00:00:00-04:00,11.890000343322754,11.890000343322754,11.319999694824219,11.319999694824219,800,0.0,0.0
2022-05-05 00:00:00-04:00,11.319999694824219,11.319999694824219,11.319999694824219,11.319999694824219,100,0.0,0.0
2022-05-06 00:00:00-04:00,10.619999885559082,10.619999885559082,10.619999885559082,10.619999885559082,300,0.0,0.0
2022-05-09 00:00:00-04:00,9.899999618530273,10.069999694824219,9.899999618530273,9.989999771118164,700,0.0,0.0
2022-05-10 00:00:00-04:00,9.760000228881836,9.789999961853027,9.760000228881836,9.789999961853027,300,0.0,0.0
2022-05-11 00:00:00-04:00,9.149999618530273,9.149999618530273,9.130000114440918,9.130000114440918,400,0.0,0.0
2022-05-12 00:00:00-04:00,8.710000038146973,8.789999961853027,8.579999923706055,8.789999961853027,700,0.0,0.0
2022-05-13 00:00:00-04:00,9.789999961853027,9.789999961853027,9.399999618530273,9.399999618530273,1300,0.0,0.0
2022-05-16 00:00:00-04:00,9.329999923706055,9.329999923706055,9.0,9.0,1500,0.0,0.0
2022-05-17 00:00:00-04:00,8.699999809265137,9.0,8.699999809265137,8.859999656677246,1600,0.0,0.0
2022-05-18 00:00:00-04:00,8.699999809265137,8.720000267028809,8.609999656677246,8.609999656677246,800,0.0,0.0
2022-05-19 00:00:00-04:00,8.609999656677246,8.609999656677246,8.609999656677246,8.609999656677246,0,0.0,0.0
2022-05-20 00:00:00-04:00,8.579999923706055,8.579999923706055,8.050000190734863,8.0600004196167,7200,0.0,0.0
2022-05-23 00:00:00-04:00,8.0600004196167,8.0600004196167,8.0600004196167,8.0600004196167,0,0.0,0.0
2022-05-24 00:00:00-04:00,8.100000381469727,8.100000381469727,8.100000381469727,8.100000381469727,200,0.0,0.0
2022-05-25 00:00:00-04:00,7.690000057220459,7.690000057220459,7.690000057220459,7.690000057220459,600,0.0,0.0
2022-05-26 00:00:00-04:00,8.369999885559082,8.369999885559082,8.119999885559082,8.149999618530273,1100,0.0,0.0
2022-05-27 00:00:00-04:00,8.079999923706055,8.079999923706055,8.079999923706055,8.079999923706055,300,0.0,0.0
2022-05-31 00:00:00-04:00,9.210000038146973,9.649999618530273,8.989999771118164,9.3100004196167,20100,0.0,0.0
2022-06-01 00:00:00-04:00,9.199999809265137,9.199999809265137,9.199999809265137,9.199999809265137,400,0.0,0.0
2022-06-02 00:00:00-04:00,9.199999809265137,9.199999809265137,9.199999809265137,9.199999809265137,0,0.0,0.0
2022-06-03 00:00:00-04:00,9.5,9.5,9.5,9.5,200,0.0,0.0
2022-06-06 00:00:00-04:00,9.5,9.5,9.5,9.5,0,0.0,0.0
2022-06-07 00:00:00-04:00,9.5,9.5,9.5,9.5,800,0.0,0.0
2022-06-08 00:00:00-04:00,9.279999732971191,9.319999694824219,8.989999771118164,9.109999656677246,15300,0.0,0.0
2022-06-09 00:00:00-04:00,9.0,9.0,9.0,9.0,300,0.0,0.0
2022-06-10 00:00:00-04:00,8.5,8.630000114440918,8.430000305175781,8.430000305175781,4000,0.0,0.0
2022-06-13 00:00:00-04:00,7.920000076293945,7.920000076293945,7.659999847412109,7.659999847412109,600,0.0,0.0
2022-06-14 00:00:00-04:00,7.619999885559082,7.739999771118164,7.25,7.28000020980835,13200,0.0,0.0
2022-06-15 00:00:00-04:00,7.440000057220459,7.659999847412109,7.409999847412109,7.5,39100,0.0,0.0
2022-06-16 00:00:00-04:00,7.019999980926514,7.309999942779541,7.019999980926514,7.199999809265137,3100,0.0,0.0
2022-06-17 00:00:00-04:00,7.019999980926514,7.28000020980835,6.989999771118164,7.28000020980835,46200,0.0,0.0
2022-06-21 00:00:00-04:00,7.320000171661377,8.6899995803833,7.320000171661377,8.09000015258789,10000,0.0,0.0
2022-06-22 00:00:00-04:00,7.679999828338623,7.75,7.679999828338623,7.710000038146973,2200,0.0,0.0
2022-06-23 00:00:00-04:00,7.769999980926514,8.300000190734863,7.639999866485596,8.289999961853027,12300,0.0,0.0
2022-06-24 00:00:00-04:00,8.369999885559082,8.699999809265137,8.25,8.649999618530273,4800,0.0,0.0
2022-06-27 00:00:00-04:00,8.630000114440918,8.710000038146973,8.630000114440918,8.710000038146973,1100,0.0,0.0
2022-06-28 00:00:00-04:00,9.050000190734863,9.050000190734863,9.050000190734863,9.050000190734863,500,0.0,0.0
2022-06-29 00:00:00-04:00,8.6899995803833,8.699999809265137,8.399999618530273,8.399999618530273,2600,0.0,0.0
2022-06-30 00:00:00-04:00,8.399999618530273,8.399999618530273,8.399999618530273,8.399999618530273,0,0.0,0.0
2022-07-01 00:00:00-04:00,8.399999618530273,8.399999618530273,8.399999618530273,8.399999618530273,0,0.0,0.0
2022-07-05 00:00:00-04:00,8.399999618530273,8.399999618530273,8.399999618530273,8.399999618530273,0,0.0,0.0
2022-07-06 00:00:00-04:00,8.4399995803833,8.619999885559082,8.15999984741211,8.619999885559082,9400,0.0,0.0
2022-07-07 00:00:00-04:00,8.619999885559082,8.619999885559082,8.619999885559082,8.619999885559082,5700,0.0,0.0
2022-07-08 00:00:00-04:00,8.619999885559082,8.619999885559082,8.619999885559082,8.619999885559082,5600,0.0,0.0
2022-07-11 00:00:00-04:00,8.619999885559082,8.619999885559082,8.619999885559082,8.619999885559082,3700,0.0,0.0
2022-07-12 00:00:00-04:00,8.0,8.100000381469727,8.0,8.100000381469727,3100,0.0,0.0
2022-07-13 00:00:00-04:00,8.100000381469727,8.100000381469727,8.100000381469727,8.100000381469727,0,0.0,0.0
2022-07-14 00:00:00-04:00,8.0,8.0,8.0,8.0,100,0.0,0.0
2022-07-15 00:00:00-04:00,8.0,8.0,8.0,8.0,200,0.0,0.0
2022-07-18 00:00:00-04:00,8.0,8.0,7.989999771118164,8.0,1100,0.0,0.0
2022-07-19 00:00:00-04:00,8.0,8.0,7.989999771118164,8.0,3500,0.0,0.0
2022-07-20 00:00:00-04:00,7.809999942779541,8.1899995803833,7.809999942779541,8.069999694824219,9600,0.0,0.0
2022-07-21 00:00:00-04:00,7.71999979019165,7.71999979019165,7.71999979019165,7.71999979019165,200,0.0,0.0
2022-07-22 00:00:00-04:00,7.71999979019165,7.71999979019165,7.71999979019165,7.71999979019165,1500,0.0,0.0
2022-07-25 00:00:00-04:00,7.71999979019165,7.71999979019165,7.71999979019165,7.71999979019165,0,0.0,0.0
2022-07-26 00:00:00-04:00,7.699999809265137,8.0,7.699999809265137,7.989999771118164,7300,0.0,0.0
2022-07-27 00:00:00-04:00,7.769999980926514,7.769999980926514,7.769999980926514,7.769999980926514,200,0.0,0.0
2022-07-28 00:00:00-04:00,7.769999980926514,7.769999980926514,7.769999980926514,7.769999980926514,0,0.0,0.0
2022-07-29 00:00:00-04:00,7.75,7.75,7.75,7.75,300,0.0,0.0
2022-08-01 00:00:00-04:00,7.75,7.75,7.75,7.75,0,0.0,0.0
2022-08-02 00:00:00-04:00,7.860000133514404,8.020000457763672,7.860000133514404,8.0,3600,0.0,0.0
2022-08-03 00:00:00-04:00,7.659999847412109,7.989999771118164,7.659999847412109,7.989999771118164,800,0.0,0.0
2022-08-04 00:00:00-04:00,7.900000095367432,7.949999809265137,7.900000095367432,7.949999809265137,1600,0.0,0.0
2022-08-05 00:00:00-04:00,7.949999809265137,7.949999809265137,7.949999809265137,7.949999809265137,0,0.0,0.0
2022-08-08 00:00:00-04:00,7.96999979019165,8.0,7.96999979019165,8.0,600,0.0,0.0
2022-08-09 00:00:00-04:00,8.0,8.0,8.0,8.0,0,0.0,0.0
2022-08-10 00:00:00-04:00,8.0,8.399999618530273,7.980000019073486,8.3100004196167,6400,0.0,0.0
2022-08-11 00:00:00-04:00,9.0,9.180000305175781,8.890000343322754,9.180000305175781,1000,0.0,0.0
2022-08-12 00:00:00-04:00,9.350000381469727,9.800000190734863,8.869999885559082,9.729999542236328,7400,0.0,0.0
2022-08-15 00:00:00-04:00,9.5600004196167,9.5600004196167,9.300000190734863,9.380000114440918,1400,0.0,0.0
2022-08-16 00:00:00-04:00,9.470000267028809,9.470000267028809,9.119999885559082,9.260000228881836,2800,0.0,0.0
2022-08-17 00:00:00-04:00,9.579999923706055,9.600000381469727,9.579999923706055,9.600000381469727,600,0.0,0.0
2022-08-18 00:00:00-04:00,9.6899995803833,9.6899995803833,9.6899995803833,9.6899995803833,300,0.0,0.0
2022-08-19 00:00:00-04:00,9.010000228881836,9.010000228881836,8.8100004196167,8.819999694824219,600,0.0,0.0
2022-08-22 00:00:00-04:00,8.75,8.75,8.380000114440918,8.380000114440918,600,0.0,0.0
2022-08-23 00:00:00-04:00,8.420000076293945,8.59000015258789,8.420000076293945,8.59000015258789,5700,0.0,0.0
2022-08-24 00:00:00-04:00,8.59000015258789,8.59000015258789,8.59000015258789,8.59000015258789,0,0.0,0.0
2022-08-25 00:00:00-04:00,8.59000015258789,8.59000015258789,8.59000015258789,8.59000015258789,0,0.0,0.0
2022-08-26 00:00:00-04:00,8.59000015258789,8.59000015258789,8.59000015258789,8.59000015258789,0,0.0,0.0
2022-08-29 00:00:00-04:00,8.479999542236328,8.569999694824219,8.479999542236328,8.569999694824219,1100,0.0,0.0
2022-08-30 00:00:00-04:00,8.390000343322754,8.390000343322754,8.390000343322754,8.390000343322754,300,0.0,0.0
2022-08-31 00:00:00-04:00,8.4399995803833,8.600000381469727,8.260000228881836,8.600000381469727,4200,0.0,0.0
2022-09-01 00:00:00-04:00,8.600000381469727,8.600000381469727,8.180000305175781,8.180000305175781,11300,0.0,0.0
2022-09-02 00:00:00-04:00,8.289999961853027,8.380000114440918,8.010000228881836,8.220000267028809,11900,0.0,0.0
2022-09-06 00:00:00-04:00,8.220000267028809,8.220000267028809,8.220000267028809,8.220000267028809,0,0.0,0.0
2022-09-07 00:00:00-04:00,8.100000381469727,8.100000381469727,8.0,8.0,500,0.0,0.0
2022-09-08 00:00:00-04:00,7.769999980926514,7.769999980926514,7.769999980926514,7.769999980926514,200,0.0,0.0
2022-09-09 00:00:00-04:00,7.980000019073486,7.980000019073486,7.980000019073486,7.980000019073486,400,0.0,0.0
2022-09-12 00:00:00-04:00,7.880000114440918,7.900000095367432,7.659999847412109,7.900000095367432,3700,0.0,0.0
2022-09-13 00:00:00-04:00,7.900000095367432,7.900000095367432,7.900000095367432,7.900000095367432,0,0.0,0.0
2022-09-14 00:00:00-04:00,7.539999961853027,7.539999961853027,7.539999961853027,7.539999961853027,400,0.0,0.0
2022-09-15 00:00:00-04:00,7.670000076293945,7.670000076293945,7.670000076293945,7.670000076293945,400,0.0,0.0
2022-09-16 00:00:00-04:00,7.630000114440918,7.650000095367432,6.940000057220459,6.940000057220459,1100,0.0,0.0
2022-09-19 00:00:00-04:00,7.010000228881836,7.010000228881836,7.010000228881836,7.010000228881836,300,0.0,0.0
2022-09-20 00:00:00-04:00,7.010000228881836,7.010000228881836,7.010000228881836,7.010000228881836,0,0.0,0.0
2022-09-21 00:00:00-04:00,6.75,6.75,6.75,6.75,500,0.0,0.0
2022-09-22 00:00:00-04:00,6.829999923706055,6.829999923706055,6.829999923706055,6.829999923706055,7500,0.0,0.0
2022-09-23 00:00:00-04:00,6.289999961853027,6.289999961853027,5.75,5.909999847412109,19800,0.0,0.0
2022-09-26 00:00:00-04:00,6.150000095367432,6.150000095367432,5.739999771118164,6.010000228881836,2000,0.0,0.0
2022-09-27 00:00:00-04:00,5.579999923706055,5.820000171661377,5.420000076293945,5.550000190734863,4700,0.0,0.0
2022-09-28 00:00:00-04:00,5.519999980926514,5.519999980926514,5.519999980926514,5.519999980926514,1300,0.0,0.0
2022-09-29 00:00:00-04:00,5.329999923706055,5.329999923706055,5.329999923706055,5.329999923706055,200,0.0,0.0
2022-09-30 00:00:00-04:00,5.380000114440918,5.380000114440918,5.239999771118164,5.25,500,0.0,0.0
2022-10-03 00:00:00-04:00,5.139999866485596,5.440000057220459,5.0,5.099999904632568,5400,0.0,0.0
2022-10-04 00:00:00-04:00,5.179999828338623,5.260000228881836,5.179999828338623,5.230000019073486,2300,0.0,0.0
2022-10-05 00:00:00-04:00,5.210000038146973,5.349999904632568,5.159999847412109,5.349999904632568,2800,0.0,0.0
2022-10-06 00:00:00-04:00,5.269999980926514,5.269999980926514,5.269999980926514,5.269999980926514,300,0.0,0.0
2022-10-07 00:00:00-04:00,5.300000190734863,5.369999885559082,5.050000190734863,5.050000190734863,15100,0.0,0.0
2022-10-10 00:00:00-04:00,5.409999847412109,5.429999828338623,5.380000114440918,5.380000114440918,800,0.0,0.0
2022-10-11 00:00:00-04:00,4.929999828338623,4.960000038146973,4.929999828338623,4.960000038146973,1300,0.0,0.0
2022-10-12 00:00:00-04:00,5.099999904632568,5.099999904632568,4.730000019073486,4.730000019073486,900,0.0,0.0
2022-10-13 00:00:00-04:00,4.710000038146973,4.710000038146973,4.710000038146973,4.710000038146973,400,0.0,0.0
2022-10-14 00:00:00-04:00,4.860000133514404,4.900000095367432,4.639999866485596,4.710000038146973,800,0.0,0.0
2022-10-17 00:00:00-04:00,4.690000057220459,5.03000020980835,4.690000057220459,5.03000020980835,300,0.0,0.0
2022-10-18 00:00:00-04:00,5.269999980926514,5.480000019073486,5.070000171661377,5.210000038146973,10800,0.0,0.0
2022-10-19 00:00:00-04:00,5.28000020980835,5.420000076293945,5.199999809265137,5.340000152587891,4800,0.0,0.0
2022-10-20 00:00:00-04:00,5.53000020980835,5.78000020980835,5.409999847412109,5.409999847412109,3700,0.0,0.0
2022-10-21 00:00:00-04:00,5.510000228881836,5.590000152587891,5.329999923706055,5.590000152587891,4500,0.0,0.0
2022-10-24 00:00:00-04:00,5.539999961853027,5.75,5.429999828338623,5.449999809265137,18700,0.0,0.0
2022-10-25 00:00:00-04:00,5.630000114440918,5.630000114440918,5.610000133514404,5.610000133514404,300,0.0,0.0
2022-10-26 00:00:00-04:00,5.650000095367432,5.650000095367432,5.650000095367432,5.650000095367432,400,0.0,0.0
2022-10-27 00:00:00-04:00,5.460000038146973,5.460000038146973,5.460000038146973,5.460000038146973,100,0.0,0.0
2022-10-28 00:00:00-04:00,5.489999771118164,5.989999771118164,5.489999771118164,5.75,10600,0.0,0.0
2022-10-31 00:00:00-04:00,5.75,5.75,5.5,5.699999809265137,3500,0.0,0.0
2022-11-01 00:00:00-04:00,5.5,5.519999980926514,5.449999809265137,5.449999809265137,600,0.0,0.0
2022-11-02 00:00:00-04:00,5.449999809265137,5.449999809265137,5.449999809265137,5.449999809265137,0,0.0,0.0
2022-11-03 00:00:00-04:00,4.929999828338623,4.929999828338623,4.929999828338623,4.929999828338623,200,0.0,0.0
2022-11-04 00:00:00-04:00,5.289999961853027,5.289999961853027,5.260000228881836,5.260000228881836,400,0.0,0.0
2022-11-07 00:00:00-05:00,5.260000228881836,5.260000228881836,5.260000228881836,5.260000228881836,0,0.0,0.0
2022-11-08 00:00:00-05:00,5.139999866485596,5.139999866485596,5.139999866485596,5.139999866485596,100,0.0,0.0
2022-11-09 00:00:00-05:00,5.139999866485596,5.139999866485596,5.139999866485596,5.139999866485596,0,0.0,0.0
2022-11-10 00:00:00-05:00,4.940000057220459,4.949999809265137,4.860000133514404,4.889999866485596,2100,0.0,0.0
2022-11-11 00:00:00-05:00,4.800000190734863,4.809999942779541,4.699999809265137,4.699999809265137,1400,0.0,0.0
2022-11-14 00:00:00-05:00,4.809999942779541,4.809999942779541,4.429999828338623,4.449999809265137,4400,0.0,0.0
2022-11-15 00:00:00-05:00,4.599999904632568,4.599999904632568,4.369999885559082,4.369999885559082,13900,0.0,0.0
2022-11-16 00:00:00-05:00,4.440000057220459,4.440000057220459,4.25,4.25,2900,0.0,0.0
2022-11-17 00:00:00-05:00,4.28000020980835,4.369999885559082,4.130000114440918,4.130000114440918,600,0.0,0.0
2022-11-18 00:00:00-05:00,4.019999980926514,4.059999942779541,3.930000066757202,3.9600000381469727,6900,0.0,0.0
2022-11-21 00:00:00-05:00,3.9100000858306885,4.059999942779541,3.8499999046325684,3.8499999046325684,1200,0.0,0.0
2022-11-22 00:00:00-05:00,3.9800000190734863,4.71999979019165,3.9800000190734863,4.71999979019165,9700,0.0,0.0
2022-11-23 00:00:00-05:00,4.980000019073486,5.139999866485596,4.760000228881836,4.860000133514404,4500,0.0,0.0
2022-11-25 00:00:00-05:00,4.900000095367432,5.03000020980835,4.900000095367432,4.980000019073486,2200,0.0,0.0
2022-11-28 00:00:00-05:00,4.760000228881836,4.760000228881836,4.760000228881836,4.760000228881836,200,0.0,0.0
2022-11-29 00:00:00-05:00,4.690000057220459,4.75,4.409999847412109,4.409999847412109,2100,0.0,0.0
2022-11-30 00:00:00-05:00,4.329999923706055,4.619999885559082,4.289999961853027,4.590000152587891,3100,0.0,0.0
2022-12-01 00:00:00-05:00,4.190000057220459,4.96999979019165,4.190000057220459,4.840000152587891,9100,0.0,0.0
2022-12-02 00:00:00-05:00,4.980000019073486,4.980000019073486,4.960000038146973,4.980000019073486,2300,0.0,0.0
2022-12-05 00:00:00-05:00,5.25,5.25,5.050000190734863,5.050000190734863,5200,0.0,0.0
2022-12-06 00:00:00-05:00,5.110000133514404,5.110000133514404,4.940000057220459,4.940000057220459,300,0.0,0.0
2022-12-07 00:00:00-05:00,5.010000228881836,5.119999885559082,5.010000228881836,5.119999885559082,500,0.0,0.0
2022-12-08 00:00:00-05:00,4.849999904632568,4.849999904632568,4.829999923706055,4.840000152587891,2000,0.0,0.0
2022-12-09 00:00:00-05:00,4.849999904632568,4.849999904632568,4.559999942779541,4.559999942779541,2500,0.0,0.0
2022-12-12 00:00:00-05:00,4.5,4.5,4.369999885559082,4.369999885559082,2200,0.0,0.0
2022-12-13 00:00:00-05:00,4.590000152587891,4.590000152587891,4.389999866485596,4.460000038146973,3200,0.0,0.0
2022-12-14 00:00:00-05:00,4.489999771118164,4.489999771118164,4.380000114440918,4.380000114440918,3600,0.0,0.0
2022-12-15 00:00:00-05:00,4.489999771118164,4.489999771118164,4.489999771118164,4.489999771118164,1800,0.0,0.0
2022-12-16 00:00:00-05:00,4.489999771118164,4.489999771118164,4.360000133514404,4.360000133514404,700,0.0,0.0
2022-12-19 00:00:00-05:00,4.25,4.300000190734863,3.890000104904175,4.0,11900,0.0,0.0
2022-12-20 00:00:00-05:00,3.990000009536743,4.159999847412109,3.809999942779541,3.9100000858306885,22300,0.0,0.0
2022-12-21 00:00:00-05:00,3.9000000953674316,3.9000000953674316,3.75,3.75,600,0.0,0.0
2022-12-22 00:00:00-05:00,3.799999952316284,3.799999952316284,3.6700000762939453,3.680000066757202,2200,0.0,0.0
2022-12-23 00:00:00-05:00,3.799999952316284,3.799999952316284,3.7899999618530273,3.7899999618530273,900,0.0,0.0
2022-12-27 00:00:00-05:00,3.700000047683716,3.700000047683716,3.700000047683716,3.700000047683716,2000,0.0,0.0
2022-12-28 00:00:00-05:00,3.9000000953674316,3.9800000190734863,3.7100000381469727,3.819999933242798,3500,0.0,0.0
2022-12-29 00:00:00-05:00,4.130000114440918,4.739999771118164,4.119999885559082,4.5,16500,0.0,0.0
2022-12-30 00:00:00-05:00,4.53000020980835,4.849999904632568,4.53000020980835,4.849999904632568,1200,0.0,0.0
2023-01-03 00:00:00-05:00,4.679999828338623,4.960000038146973,4.679999828338623,4.960000038146973,1000,0.0,0.0
2023-01-04 00:00:00-05:00,4.449999809265137,4.650000095367432,4.449999809265137,4.559999942779541,800,0.0,0.0
2023-01-05 00:00:00-05:00,4.699999809265137,4.809999942779541,4.699999809265137,4.809999942779541,3100,0.0,0.0
2023-01-06 00:00:00-05:00,4.840000152587891,4.840000152587891,4.559999942779541,4.610000133514404,1300,0.0,0.0
2023-01-09 00:00:00-05:00,4.679999828338623,4.78000020980835,4.670000076293945,4.78000020980835,8900,0.0,0.0
2023-01-10 00:00:00-05:00,4.769999980926514,4.989999771118164,4.760000228881836,4.860000133514404,6300,0.0,0.0
2023-01-11 00:00:00-05:00,4.849999904632568,4.849999904632568,4.760000228881836,4.829999923706055,2000,0.0,0.0
2023-01-12 00:00:00-05:00,4.860000133514404,5.070000171661377,4.849999904632568,5.010000228881836,9000,0.0,0.0
2023-01-13 00:00:00-05:00,5.25,5.25,4.900000095367432,4.900000095367432,5700,0.0,0.0
2023-01-17 00:00:00-05:00,4.900000095367432,4.900000095367432,4.710000038146973,4.789999961853027,2700,0.0,0.0
2023-01-18 00:00:00-05:00,4.639999866485596,4.639999866485596,4.289999961853027,4.289999961853027,2200,0.0,0.0
2023-01-19 00:00:00-05:00,4.400000095367432,4.400000095367432,4.380000114440918,4.380000114440918,3000,0.0,0.0
2023-01-20 00:00:00-05:00,4.340000152587891,4.340000152587891,4.320000171661377,4.320000171661377,1000,0.0,0.0
2023-01-23 00:00:00-05:00,4.659999847412109,4.659999847412109,4.539999961853027,4.599999904632568,3400,0.0,0.0
2023-01-24 00:00:00-05:00,4.46999979019165,4.46999979019165,4.46999979019165,4.46999979019165,200,0.0,0.0
2023-01-25 00:00:00-05:00,4.420000076293945,4.420000076293945,4.420000076293945,4.420000076293945,100,0.0,0.0
2023-01-26 00:00:00-05:00,4.550000190734863,4.550000190734863,4.199999809265137,4.349999904632568,4500,0.0,0.0
2023-01-27 00:00:00-05:00,4.349999904632568,4.619999885559082,4.210000038146973,4.260000228881836,81300,0.0,0.0
2023-01-30 00:00:00-05:00,4.510000228881836,4.599999904632568,4.489999771118164,4.599999904632568,3300,0.0,0.0
2023-01-31 00:00:00-05:00,4.570000171661377,4.570000171661377,4.420000076293945,4.570000171661377,1100,0.0,0.0
2023-02-01 00:00:00-05:00,4.510000228881836,4.53000020980835,4.340000152587891,4.53000020980835,3500,0.0,0.0
2023-02-02 00:00:00-05:00,4.820000171661377,4.869999885559082,4.619999885559082,4.849999904632568,5500,0.0,0.0
2023-02-03 00:00:00-05:00,4.710000038146973,5.019999980926514,4.710000038146973,4.789999961853027,20800,0.0,0.0
2023-02-06 00:00:00-05:00,4.840000152587891,5.320000171661377,4.840000152587891,5.289999961853027,17400,0.0,0.0
2023-02-07 00:00:00-05:00,5.289999961853027,5.630000114440918,5.28000020980835,5.630000114440918,3100,0.0,0.0
2023-02-08 00:00:00-05:00,5.909999847412109,5.949999809265137,5.78000020980835,5.78000020980835,1500,0.0,0.0
2023-02-09 00:00:00-05:00,5.510000228881836,5.510000228881836,5.03000020980835,5.5,5900,0.0,0.0
2023-02-10 00:00:00-05:00,4.869999885559082,4.869999885559082,3.619999885559082,3.619999885559082,147300,0.0,0.0
2023-02-13 00:00:00-05:00,3.859999895095825,3.859999895095825,3.5199999809265137,3.5199999809265137,32200,0.0,0.0
2023-02-14 00:00:00-05:00,3.6600000858306885,3.6600000858306885,3.4200000762939453,3.430000066757202,22900,0.0,0.0
2023-02-15 00:00:00-05:00,3.4800000190734863,3.5899999141693115,3.359999895095825,3.490000009536743,72400,0.0,0.0
2023-02-16 00:00:00-05:00,3.4600000381469727,3.75,3.4000000953674316,3.75,25600,0.0,0.0
2023-02-17 00:00:00-05:00,3.6600000858306885,3.859999895095825,3.6600000858306885,3.819999933242798,23300,0.0,0.0
2023-02-21 00:00:00-05:00,3.8399999141693115,3.8399999141693115,3.6500000953674316,3.6500000953674316,2700,0.0,0.0
2023-02-22 00:00:00-05:00,3.819999933242798,3.8299999237060547,3.640000104904175,3.640000104904175,6000,0.0,0.0
2023-02-23 00:00:00-05:00,3.75,3.859999895095825,3.75,3.8499999046325684,6100,0.0,0.0
2023-02-24 00:00:00-05:00,3.619999885559082,3.6600000858306885,3.619999885559082,3.640000104904175,2300,0.0,0.0
2023-02-27 00:00:00-05:00,3.8399999141693115,4.46999979019165,3.819999933242798,4.369999885559082,32700,0.0,0.0
2023-02-28 00:00:00-05:00,4.46999979019165,4.829999923706055,4.360000133514404,4.46999979019165,8600,0.0,0.0
2023-03-01 00:00:00-05:00,4.820000171661377,4.820000171661377,4.300000190734863,4.46999979019165,9000,0.0,0.0
2023-03-02 00:00:00-05:00,4.369999885559082,4.5,4.239999771118164,4.5,9700,0.0,0.0
2023-03-03 00:00:00-05:00,4.510000228881836,4.570000171661377,4.159999847412109,4.360000133514404,14100,0.0,0.0
2023-03-06 00:00:00-05:00,4.519999980926514,4.519999980926514,4.099999904632568,4.110000133514404,9200,0.0,0.0
2023-03-07 00:00:00-05:00,4.28000020980835,4.28000020980835,4.110000133514404,4.25,8700,0.0,0.0
2023-03-08 00:00:00-05:00,4.25,4.5,4.25,4.5,11800,0.0,0.0
2023-03-09 00:00:00-05:00,4.349999904632568,4.420000076293945,3.990000009536743,3.990000009536743,25000,0.0,0.0
2023-03-10 00:00:00-05:00,4.199999809265137,4.199999809265137,3.7100000381469727,3.809999942779541,17900,0.0,0.0
2023-03-13 00:00:00-04:00,3.9000000953674316,4.050000190734863,3.5,3.5,56900,0.0,0.0
2023-03-14 00:00:00-04:00,3.559999942779541,3.9100000858306885,3.5199999809265137,3.6500000953674316,9900,0.0,0.0
2023-03-15 00:00:00-04:00,3.619999885559082,3.9100000858306885,3.3399999141693115,3.5999999046325684,20500,0.0,0.0
2023-03-16 00:00:00-04:00,3.759999990463257,3.759999990463257,3.5,3.7200000286102295,12100,0.0,0.0
2023-03-17 00:00:00-04:00,3.5799999237060547,3.7200000286102295,3.5,3.509999990463257,4600,0.0,0.0
2023-03-20 00:00:00-04:00,3.740000009536743,3.740000009536743,3.450000047683716,3.450000047683716,5000,0.0,0.0
2023-03-21 00:00:00-04:00,3.440000057220459,3.440000057220459,3.440000057220459,3.440000057220459,4600,0.0,0.0
2023-03-22 00:00:00-04:00,3.5899999141693115,3.630000114440918,3.4000000953674316,3.4200000762939453,5700,0.0,0.0
2023-03-23 00:00:00-04:00,3.4200000762939453,3.5299999713897705,3.3399999141693115,3.4100000858306885,5600,0.0,0.0
2023-03-24 00:00:00-04:00,3.5399999618530273,3.6700000762939453,3.359999895095825,3.359999895095825,1000,0.0,0.0
2023-03-27 00:00:00-04:00,3.369999885559082,3.369999885559082,3.299999952316284,3.3399999141693115,2000,0.0,0.0
2023-03-28 00:00:00-04:00,3.3399999141693115,3.3399999141693115,3.3399999141693115,3.3399999141693115,0,0.0,0.0
2023-03-29 00:00:00-04:00,3.609999895095825,3.609999895095825,3.319999933242798,3.319999933242798,1200,0.0,0.0
2023-03-30 00:00:00-04:00,3.559999942779541,3.6500000953674316,3.5399999618530273,3.6500000953674316,12500,0.0,0.0
2023-03-31 00:00:00-04:00,3.7300000190734863,3.809999942779541,3.619999885559082,3.759999990463257,6000,0.0,0.0
2023-04-03 00:00:00-04:00,3.880000114440918,3.880000114440918,3.5999999046325684,3.5999999046325684,2500,0.0,0.0
2023-04-04 00:00:00-04:00,3.549999952316284,3.549999952316284,3.380000114440918,3.4600000381469727,2100,0.0,0.0
2023-04-05 00:00:00-04:00,3.4600000381469727,3.4600000381469727,3.4600000381469727,3.4600000381469727,300,0.0,0.0
2023-04-06 00:00:00-04:00,3.549999952316284,3.549999952316284,3.369999885559082,3.369999885559082,600,0.0,0.0
2023-04-10 00:00:00-04:00,3.5299999713897705,3.5299999713897705,3.3299999237060547,3.490000009536743,3000,0.0,0.0
2023-04-11 00:00:00-04:00,3.490000009536743,3.490000009536743,3.490000009536743,3.490000009536743,100,0.0,0.0
2023-04-12 00:00:00-04:00,3.4200000762939453,3.4600000381469727,3.3399999141693115,3.4600000381469727,2000,0.0,0.0
2023-04-13 00:00:00-04:00,3.5,3.5,3.490000009536743,3.5,1700,0.0,0.0
2023-04-14 00:00:00-04:00,3.5,3.5,3.5,3.5,0,0.0,0.0
2023-04-17 00:00:00-04:00,3.7200000286102295,4.099999904632568,3.7200000286102295,4.099999904632568,4300,0.0,0.0
2023-04-18 00:00:00-04:00,4.099999904632568,4.099999904632568,3.799999952316284,3.799999952316284,2200,0.0,0.0
2023-04-19 00:00:00-04:00,3.5999999046325684,3.75,3.5999999046325684,3.7300000190734863,3600,0.0,0.0
2023-04-20 00:00:00-04:00,3.8299999237060547,3.8499999046325684,3.6500000953674316,3.6500000953674316,1900,0.0,0.0
2023-04-21 00:00:00-04:00,3.700000047683716,3.700000047683716,3.6500000953674316,3.6500000953674316,1900,0.0,0.0
2023-04-24 00:00:00-04:00,3.5299999713897705,3.569999933242798,3.5,3.569999933242798,5100,0.0,0.0
2023-04-25 00:00:00-04:00,3.630000114440918,3.6500000953674316,3.450000047683716,3.5,8200,0.0,0.0
2023-04-26 00:00:00-04:00,3.490000009536743,3.559999942779541,3.4000000953674316,3.5,5800,0.0,0.0
2023-04-27 00:00:00-04:00,3.450000047683716,3.640000104904175,3.4000000953674316,3.549999952316284,12600,0.0,0.0
2023-04-28 00:00:00-04:00,3.549999952316284,3.549999952316284,3.549999952316284,3.549999952316284,0,0.0,0.0
2023-05-01 00:00:00-04:00,3.640000104904175,3.6500000953674316,3.559999942779541,3.559999942779541,2600,0.0,0.0
2023-05-02 00:00:00-04:00,3.569999933242798,3.569999933242798,3.569999933242798,3.569999933242798,300,0.0,0.0
2023-05-03 00:00:00-04:00,3.569999933242798,3.569999933242798,3.569999933242798,3.569999933242798,800,0.0,0.0
2023-05-04 00:00:00-04:00,3.6500000953674316,3.6500000953674316,3.619999885559082,3.619999885559082,900,0.0,0.0
2023-05-05 00:00:00-04:00,3.6500000953674316,3.700000047683716,3.619999885559082,3.700000047683716,4800,0.0,0.0
2023-05-08 00:00:00-04:00,3.690000057220459,3.690000057220459,3.5799999237060547,3.5799999237060547,1800,0.0,0.0
2023-05-09 00:00:00-04:00,3.5799999237060547,3.5799999237060547,3.5799999237060547,3.5799999237060547,0,0.0,0.0
2023-05-10 00:00:00-04:00,3.5999999046325684,3.700000047683716,3.549999952316284,3.549999952316284,1600,0.0,0.0
2023-05-11 00:00:00-04:00,3.549999952316284,3.5999999046325684,3.549999952316284,3.559999942779541,2300,0.0,0.0
2023-05-12 00:00:00-04:00,3.680000066757202,3.8499999046325684,3.5999999046325684,3.75,14600,0.0,0.0
2023-05-15 00:00:00-04:00,3.799999952316284,3.8499999046325684,3.740000009536743,3.7899999618530273,3300,0.0,0.0
2023-05-16 00:00:00-04:00,3.8499999046325684,3.9100000858306885,3.6500000953674316,3.9100000858306885,4000,0.0,0.0
2023-05-17 00:00:00-04:00,3.9100000858306885,3.9100000858306885,3.799999952316284,3.799999952316284,1200,0.0,0.0
2023-05-18 00:00:00-04:00,3.740000009536743,3.740000009536743,3.6500000953674316,3.7300000190734863,3200,0.0,0.0
2023-05-19 00:00:00-04:00,3.5999999046325684,3.6600000858306885,3.5999999046325684,3.5999999046325684,2300,0.0,0.0
2023-05-22 00:00:00-04:00,3.7799999713897705,3.7799999713897705,3.450000047683716,3.450000047683716,1400,0.0,0.0
2023-05-23 00:00:00-04:00,3.3299999237060547,3.5899999141693115,3.3299999237060547,3.5899999141693115,3400,0.0,0.0
2023-05-24 00:00:00-04:00,3.559999942779541,3.569999933242798,3.509999990463257,3.559999942779541,1500,0.0,0.0
2023-05-25 00:00:00-04:00,3.559999942779541,3.559999942779541,3.380000114440918,3.380000114440918,20100,0.0,0.0
2023-05-26 00:00:00-04:00,3.380000114440918,3.5399999618530273,3.380000114440918,3.380000114440918,31000,0.0,0.0
2023-05-30 00:00:00-04:00,3.5,3.619999885559082,3.380000114440918,3.4000000953674316,30100,0.0,0.0
2023-05-31 00:00:00-04:00,3.390000104904175,3.569999933242798,3.380000114440918,3.4200000762939453,5200,0.0,0.0
2023-06-01 00:00:00-04:00,3.6600000858306885,3.700000047683716,3.569999933242798,3.700000047683716,3200,0.0,0.0
2023-06-02 00:00:00-04:00,3.8499999046325684,3.869999885559082,3.4700000286102295,3.7699999809265137,6100,0.0,0.0
2023-06-05 00:00:00-04:00,3.5799999237060547,3.7899999618530273,3.430000066757202,3.430000066757202,17700,0.0,0.0
2023-06-06 00:00:00-04:00,3.6700000762939453,3.6700000762939453,3.6700000762939453,3.6700000762939453,1000,0.0,0.0
2023-06-07 00:00:00-04:00,3.549999952316284,3.6500000953674316,3.549999952316284,3.6500000953674316,500,0.0,0.0
2023-06-08 00:00:00-04:00,3.450000047683716,3.5199999809265137,3.3299999237060547,3.4200000762939453,16900,0.0,0.0
2023-06-09 00:00:00-04:00,3.25,3.4200000762939453,3.1500000953674316,3.2200000286102295,103900,0.0,0.0
2023-06-12 00:00:00-04:00,3.299999952316284,3.3499999046325684,3.25,3.2699999809265137,1400,0.0,0.0
2023-06-13 00:00:00-04:00,3.4000000953674316,3.75,3.380000114440918,3.7100000381469727,77800,0.0,0.0
2023-06-14 00:00:00-04:00,3.369999885559082,3.880000114440918,3.3499999046325684,3.880000114440918,9200,0.0,0.0
2023-06-15 00:00:00-04:00,3.799999952316284,3.9000000953674316,3.630000114440918,3.640000104904175,11300,0.0,0.0
2023-06-16 00:00:00-04:00,3.5799999237060547,3.8499999046325684,3.5799999237060547,3.640000104904175,52700,0.0,0.0
2023-06-20 00:00:00-04:00,3.8499999046325684,4.0,3.799999952316284,4.0,13100,0.0,0.0
2023-06-21 00:00:00-04:00,3.940000057220459,3.940000057220459,3.940000057220459,3.940000057220459,500,0.0,0.0
2023-06-22 00:00:00-04:00,3.9700000286102295,3.9700000286102295,3.930000066757202,3.950000047683716,700,0.0,0.0
2023-06-23 00:00:00-04:00,3.950000047683716,3.950000047683716,3.950000047683716,3.950000047683716,0,0.0,0.0
2023-06-26 00:00:00-04:00,3.8399999141693115,3.8399999141693115,3.559999942779541,3.559999942779541,2200,0.0,0.0
2023-06-27 00:00:00-04:00,3.680000066757202,3.680000066757202,3.680000066757202,3.680000066757202,1200,0.0,0.0
2023-06-28 00:00:00-04:00,3.5399999618530273,3.5399999618530273,3.5399999618530273,3.5399999618530273,100,0.0,0.0
2023-06-29 00:00:00-04:00,3.7100000381469727,3.740000009536743,3.6500000953674316,3.6500000953674316,2000,0.0,0.0
2023-06-30 00:00:00-04:00,3.700000047683716,3.75,3.700000047683716,3.700000047683716,800,0.0,0.0
2023-07-03 00:00:00-04:00,3.6600000858306885,3.6600000858306885,3.6600000858306885,3.6600000858306885,300,0.0,0.0
2023-07-05 00:00:00-04:00,3.619999885559082,3.819999933242798,3.3499999046325684,3.7699999809265137,19100,0.0,0.0
2023-07-06 00:00:00-04:00,3.509999990463257,3.509999990463257,3.509999990463257,3.509999990463257,100,0.0,0.0
2023-07-07 00:00:00-04:00,3.509999990463257,3.509999990463257,3.509999990463257,3.509999990463257,0,0.0,0.0
2023-07-10 00:00:00-04:00,3.799999952316284,3.799999952316284,3.549999952316284,3.549999952316284,1100,0.0,0.0
2023-07-11 00:00:00-04:00,3.799999952316284,3.799999952316284,3.700000047683716,3.75,2300,0.0,0.0
2023-07-12 00:00:00-04:00,3.8299999237060547,3.8499999046325684,3.6600000858306885,3.6600000858306885,1600,0.0,0.0
2023-07-13 00:00:00-04:00,3.609999895095825,3.8499999046325684,3.609999895095825,3.75,2600,0.0,0.0
2023-07-14 00:00:00-04:00,3.690000057220459,3.690000057220459,3.5999999046325684,3.5999999046325684,800,0.0,0.0
2023-07-17 00:00:00-04:00,3.7200000286102295,3.8499999046325684,3.7200000286102295,3.8499999046325684,2700,0.0,0.0
2023-07-18 00:00:00-04:00,3.880000114440918,3.990000009536743,3.759999990463257,3.990000009536743,15300,0.0,0.0
2023-07-19 00:00:00-04:00,4.0,4.050000190734863,3.859999895095825,3.880000114440918,4700,0.0,0.0
2023-07-20 00:00:00-04:00,4.0,4.0,4.0,4.0,600,0.0,0.0
2023-07-21 00:00:00-04:00,3.8299999237060547,3.859999895095825,3.8299999237060547,3.859999895095825,700,0.0,0.0
2023-07-24 00:00:00-04:00,3.7799999713897705,4.050000190734863,3.7799999713897705,4.050000190734863,1900,0.0,0.0
2023-07-25 00:00:00-04:00,4.050000190734863,4.110000133514404,4.050000190734863,4.079999923706055,5000,0.0,0.0
2023-07-26 00:00:00-04:00,4.150000095367432,4.420000076293945,4.150000095367432,4.400000095367432,11500,0.0,0.0
2023-07-27 00:00:00-04:00,4.510000228881836,4.900000095367432,4.389999866485596,4.550000190734863,9700,0.0,0.0
2023-07-28 00:00:00-04:00,4.25,4.489999771118164,4.25,4.289999961853027,5600,0.0,0.0
2023-07-31 00:00:00-04:00,4.389999866485596,4.639999866485596,4.389999866485596,4.5,1000,0.0,0.0
2023-08-01 00:00:00-04:00,4.320000171661377,4.96999979019165,4.300000190734863,4.960000038146973,12100,0.0,0.0
2023-08-02 00:00:00-04:00,4.920000076293945,4.949999809265137,4.679999828338623,4.869999885559082,5400,0.0,0.0
2023-08-03 00:00:00-04:00,4.559999942779541,4.739999771118164,4.460000038146973,4.480000019073486,3600,0.0,0.0
2023-08-04 00:00:00-04:00,4.460000038146973,4.590000152587891,4.420000076293945,4.420000076293945,1700,0.0,0.0
2023-08-07 00:00:00-04:00,4.53000020980835,4.53000020980835,4.53000020980835,4.53000020980835,800,0.0,0.0
2023-08-08 00:00:00-04:00,4.409999847412109,4.480000019073486,4.320000171661377,4.480000019073486,1600,0.0,0.0
2023-08-09 00:00:00-04:00,4.420000076293945,4.420000076293945,4.420000076293945,4.420000076293945,200,0.0,0.0
2023-08-10 00:00:00-04:00,4.360000133514404,4.380000114440918,4.119999885559082,4.130000114440918,4800,0.0,0.0
2023-08-11 00:00:00-04:00,4.179999828338623,4.179999828338623,4.179999828338623,4.179999828338623,300,0.0,0.0
2023-08-14 00:00:00-04:00,4.179999828338623,4.179999828338623,4.179999828338623,4.179999828338623,0,0.0,0.0
2023-08-15 00:00:00-04:00,4.099999904632568,4.099999904632568,3.9200000762939453,4.050000190734863,2500,0.0,0.0
2023-08-16 00:00:00-04:00,4.03000020980835,4.03000020980835,3.7100000381469727,3.890000104904175,5200,0.0,0.0
2023-08-17 00:00:00-04:00,3.700000047683716,3.7100000381469727,3.690000057220459,3.690000057220459,5200,0.0,0.0
2023-08-18 00:00:00-04:00,3.690000057220459,3.75,3.690000057220459,3.75,1400,0.0,0.0
2023-08-21 00:00:00-04:00,3.75,3.75,3.75,3.75,200,0.0,0.0
2023-08-22 00:00:00-04:00,3.799999952316284,3.799999952316284,3.75,3.799999952316284,5100,0.0,0.0
2023-08-23 00:00:00-04:00,3.930000066757202,3.950000047683716,3.819999933242798,3.950000047683716,22600,0.0,0.0
2023-08-24 00:00:00-04:00,3.950000047683716,3.950000047683716,3.950000047683716,3.950000047683716,0,0.0,0.0
2023-08-25 00:00:00-04:00,3.950000047683716,3.950000047683716,3.950000047683716,3.950000047683716,0,0.0,0.0
2023-08-28 00:00:00-04:00,3.8499999046325684,3.8499999046325684,3.6700000762939453,3.6700000762939453,900,0.0,0.0
2023-08-29 00:00:00-04:00,3.9700000286102295,3.9700000286102295,3.8299999237060547,3.9700000286102295,4400,0.0,0.0
2023-08-30 00:00:00-04:00,3.799999952316284,3.799999952316284,3.7899999618530273,3.7899999618530273,4800,0.0,0.0
2023-08-31 00:00:00-04:00,3.799999952316284,3.940000057220459,3.799999952316284,3.940000057220459,400,0.0,0.0
2023-09-01 00:00:00-04:00,3.7200000286102295,3.950000047683716,3.7200000286102295,3.950000047683716,3700,0.0,0.0
2023-09-05 00:00:00-04:00,3.8499999046325684,3.8499999046325684,3.8499999046325684,3.8499999046325684,100,0.0,0.0
2023-09-06 00:00:00-04:00,3.8499999046325684,3.8499999046325684,3.8499999046325684,3.8499999046325684,1000,0.0,0.0
2023-09-07 00:00:00-04:00,3.8499999046325684,3.8499999046325684,3.8499999046325684,3.8499999046325684,0,0.0,0.0
2023-09-08 00:00:00-04:00,3.7799999713897705,3.940000057220459,3.7799999713897705,3.9200000762939453,2700,0.0,0.0
2023-09-11 00:00:00-04:00,3.9700000286102295,3.9700000286102295,3.9700000286102295,3.9700000286102295,600,0.0,0.0
2023-09-12 00:00:00-04:00,3.990000009536743,4.070000171661377,3.990000009536743,4.059999942779541,6600,0.0,0.0
2023-09-13 00:00:00-04:00,3.9700000286102295,4.010000228881836,3.9000000953674316,3.9000000953674316,4200,0.0,0.0
2023-09-14 00:00:00-04:00,3.990000009536743,4.079999923706055,3.950000047683716,4.019999980926514,5800,0.0,0.0
2023-09-15 00:00:00-04:00,4.070000171661377,4.139999866485596,4.039999961853027,4.139999866485596,7600,0.0,0.0
2023-09-18 00:00:00-04:00,4.239999771118164,4.239999771118164,4.079999923706055,4.179999828338623,6400,0.0,0.0
2023-09-19 00:00:00-04:00,4.050000190734863,4.130000114440918,4.050000190734863,4.059999942779541,10900,0.0,0.0
2023-09-20 00:00:00-04:00,4.25,4.300000190734863,4.059999942779541,4.059999942779541,5500,0.0,0.0
2023-09-21 00:00:00-04:00,4.119999885559082,4.119999885559082,3.8499999046325684,3.8499999046325684,900,0.0,0.0
2023-09-22 00:00:00-04:00,4.079999923706055,4.079999923706055,3.880000114440918,3.990000009536743,3600,0.0,0.0
2023-09-25 00:00:00-04:00,3.9100000858306885,3.9100000858306885,3.759999990463257,3.869999885559082,1500,0.0,0.0
2023-09-26 00:00:00-04:00,3.880000114440918,3.890000104904175,3.7200000286102295,3.7200000286102295,1700,0.0,0.0
2023-09-27 00:00:00-04:00,3.890000104904175,3.930000066757202,3.880000114440918,3.930000066757202,3900,0.0,0.0
2023-09-28 00:00:00-04:00,3.559999942779541,3.559999942779541,3.2200000286102295,3.299999952316284,12500,0.0,0.0
2023-09-29 00:00:00-04:00,3.200000047683716,3.4700000286102295,3.200000047683716,3.4700000286102295,4000,0.0,0.0
2023-10-02 00:00:00-04:00,3.440000057220459,3.440000057220459,3.2200000286102295,3.3299999237060547,7400,0.0,0.0
2023-10-03 00:00:00-04:00,3.3299999237060547,3.4000000953674316,3.319999933242798,3.4000000953674316,2100,0.0,0.0
2023-10-04 00:00:00-04:00,3.5,3.5,3.180000066757202,3.390000104904175,10900,0.0,0.0
2023-10-05 00:00:00-04:00,3.1600000858306885,3.299999952316284,3.1600000858306885,3.200000047683716,13300,0.0,0.0
2023-10-06 00:00:00-04:00,3.0999999046325684,3.2200000286102295,3.0999999046325684,3.2200000286102295,7900,0.0,0.0
2023-10-09 00:00:00-04:00,3.299999952316284,3.359999895095825,3.200000047683716,3.359999895095825,600,0.0,0.0
2023-10-10 00:00:00-04:00,3.3499999046325684,3.3499999046325684,3.200000047683716,3.2799999713897705,3700,0.0,0.0
2023-10-11 00:00:00-04:00,3.240000009536743,3.240000009536743,3.119999885559082,3.140000104904175,10400,0.0,0.0
2023-10-12 00:00:00-04:00,3.119999885559082,3.119999885559082,3.119999885559082,3.119999885559082,1700,0.0,0.0
2023-10-13 00:00:00-04:00,3.059999942779541,3.1700000762939453,3.0199999809265137,3.069999933242798,9800,0.0,0.0
2023-10-16 00:00:00-04:00,3.059999942779541,3.059999942779541,3.059999942779541,3.059999942779541,700,0.0,0.0
2023-10-17 00:00:00-04:00,3.0299999713897705,3.0299999713897705,3.0199999809265137,3.0199999809265137,1000,0.0,0.0
2023-10-18 00:00:00-04:00,3.049999952316284,3.069999933242798,2.9800000190734863,3.069999933242798,1300,0.0,0.0
2023-10-19 00:00:00-04:00,3.130000114440918,3.130000114440918,3.130000114440918,3.130000114440918,600,0.0,0.0
2023-10-20 00:00:00-04:00,3.2100000381469727,3.2100000381469727,3.059999942779541,3.0999999046325684,1500,0.0,0.0
2023-10-23 00:00:00-04:00,3.0999999046325684,3.0999999046325684,3.0999999046325684,3.0999999046325684,0,0.0,0.0
2023-10-24 00:00:00-04:00,2.9700000286102295,3.0299999713897705,2.799999952316284,2.9600000381469727,9600,0.0,0.0
2023-10-25 00:00:00-04:00,2.9000000953674316,2.9200000762939453,2.8499999046325684,2.8499999046325684,5700,0.0,0.0
2023-10-26 00:00:00-04:00,2.890000104904175,2.890000104904175,2.890000104904175,2.890000104904175,400,0.0,0.0
2023-10-27 00:00:00-04:00,2.8399999141693115,2.8499999046325684,2.8399999141693115,2.8499999046325684,400,0.0,0.0
2023-10-30 00:00:00-04:00,2.8499999046325684,2.8499999046325684,2.8499999046325684,2.8499999046325684,300,0.0,0.0
2023-10-31 00:00:00-04:00,2.8499999046325684,2.8499999046325684,2.8499999046325684,2.8499999046325684,0,0.0,0.0
2023-11-01 00:00:00-04:00,2.950000047683716,3.0,2.950000047683716,3.0,3200,0.0,0.0
2023-11-02 00:00:00-04:00,3.140000104904175,3.140000104904175,3.140000104904175,3.140000104904175,300,0.0,0.0
2023-11-03 00:00:00-04:00,3.1700000762939453,3.240000009536743,3.0799999237060547,3.0799999237060547,12400,0.0,0.0
2023-11-06 00:00:00-05:00,3.0799999237060547,3.0799999237060547,3.0799999237060547,3.0799999237060547,200,0.0,0.0
2023-11-07 00:00:00-05:00,3.0799999237060547,3.0799999237060547,3.0799999237060547,3.0799999237060547,0,0.0,0.0
2023-11-08 00:00:00-05:00,3.0899999141693115,3.0899999141693115,2.859999895095825,3.0299999713897705,2300,0.0,0.0
2023-11-09 00:00:00-05:00,2.9000000953674316,2.9100000858306885,2.759999990463257,2.9000000953674316,4600,0.0,0.0
2023-11-10 00:00:00-05:00,2.559999942779541,2.7300000190734863,2.5299999713897705,2.7300000190734863,5400,0.0,0.0
2023-11-13 00:00:00-05:00,2.5999999046325684,2.5999999046325684,2.5199999809265137,2.5199999809265137,3200,0.0,0.0
2023-11-14 00:00:00-05:00,2.5199999809265137,2.640000104904175,2.4100000858306885,2.5399999618530273,16200,0.0,0.0
2023-11-15 00:00:00-05:00,2.4000000953674316,2.5999999046325684,2.180000066757202,2.5999999046325684,40800,0.0,0.0
2023-11-16 00:00:00-05:00,2.5199999809265137,2.5399999618530273,2.319999933242798,2.4100000858306885,10500,0.0,0.0
2023-11-17 00:00:00-05:00,2.3299999237060547,2.5199999809265137,2.3299999237060547,2.4700000286102295,2600,0.0,0.0
2023-11-20 00:00:00-05:00,2.5199999809265137,2.619999885559082,2.5,2.619999885559082,24500,0.0,0.0
2023-11-21 00:00:00-05:00,2.6700000762939453,2.690000057220459,2.380000114440918,2.5999999046325684,7600,0.0,0.0
2023-11-22 00:00:00-05:00,2.6600000858306885,2.7899999618530273,2.5899999141693115,2.75,8500,0.0,0.0
2023-11-24 00:00:00-05:00,2.869999885559082,2.869999885559082,2.869999885559082,2.869999885559082,600,0.0,0.0
2023-11-27 00:00:00-05:00,2.6700000762939453,2.880000114440918,2.6700000762939453,2.880000114440918,23400,0.0,0.0
2023-11-28 00:00:00-05:00,2.759999990463257,2.759999990463257,2.6700000762939453,2.6700000762939453,1900,0.0,0.0
2023-11-29 00:00:00-05:00,2.7300000190734863,2.990000009536743,2.6700000762939453,2.950000047683716,13000,0.0,0.0
2023-11-30 00:00:00-05:00,2.75,2.9100000858306885,2.75,2.9100000858306885,1200,0.0,0.0
2023-12-01 00:00:00-05:00,3.009999990463257,3.1600000858306885,2.990000009536743,3.1500000953674316,11700,0.0,0.0
2023-12-04 00:00:00-05:00,3.1500000953674316,3.1600000858306885,3.0199999809265137,3.0999999046325684,3600,0.0,0.0
2023-12-05 00:00:00-05:00,3.1500000953674316,3.1600000858306885,3.119999885559082,3.140000104904175,23400,0.0,0.0
2023-12-06 00:00:00-05:00,3.130000114440918,3.1500000953674316,2.990000009536743,3.109999895095825,4600,0.0,0.0
2023-12-07 00:00:00-05:00,3.130000114440918,3.1600000858306885,3.109999895095825,3.1500000953674316,2000,0.0,0.0
2023-12-08 00:00:00-05:00,3.140000104904175,3.299999952316284,3.140000104904175,3.299999952316284,3200,0.0,0.0
2023-12-11 00:00:00-05:00,3.299999952316284,3.299999952316284,2.990000009536743,3.059999942779541,2300,0.0,0.0
2023-12-12 00:00:00-05:00,3.049999952316284,3.049999952316284,3.0299999713897705,3.049999952316284,5000,0.0,0.0
2023-12-13 00:00:00-05:00,3.059999942779541,3.1600000858306885,2.990000009536743,3.0899999141693115,12400,0.0,0.0
2023-12-14 00:00:00-05:00,3.0799999237060547,3.180000066757202,3.0,3.180000066757202,8000,0.0,0.0
2023-12-15 00:00:00-05:00,3.259999990463257,3.259999990463257,3.259999990463257,3.259999990463257,400,0.0,0.0
2023-12-18 00:00:00-05:00,3.2899999618530273,3.299999952316284,3.109999895095825,3.109999895095825,23100,0.0,0.0
2023-12-19 00:00:00-05:00,3.109999895095825,3.109999895095825,3.109999895095825,3.109999895095825,2000,0.0,0.0
2023-12-20 00:00:00-05:00,3.2200000286102295,3.2200000286102295,3.0999999046325684,3.0999999046325684,1200,0.0,0.0
2023-12-21 00:00:00-05:00,3.190000057220459,3.190000057220459,3.109999895095825,3.1600000858306885,19000,0.0,0.0
2023-12-22 00:00:00-05:00,3.259999990463257,3.2899999618530273,3.049999952316284,3.049999952316284,13500,0.0,0.0
2023-12-26 00:00:00-05:00,3.059999942779541,3.059999942779541,3.059999942779541,3.059999942779541,1300,0.0,0.0
2023-12-27 00:00:00-05:00,3.0199999809265137,3.0299999713897705,3.009999990463257,3.0299999713897705,2800,0.0,0.0
2023-12-28 00:00:00-05:00,3.0199999809265137,3.1500000953674316,3.0199999809265137,3.1500000953674316,6500,0.0,0.0
2023-12-29 00:00:00-05:00,3.1500000953674316,3.25,3.109999895095825,3.200000047683716,10000,0.0,0.0
2024-01-02 00:00:00-05:00,3.2799999713897705,3.2799999713897705,3.1600000858306885,3.1600000858306885,200,0.0,0.0
2024-01-03 00:00:00-05:00,3.109999895095825,3.1600000858306885,3.049999952316284,3.049999952316284,1400,0.0,0.0
2024-01-04 00:00:00-05:00,2.9000000953674316,2.9000000953674316,2.9000000953674316,2.9000000953674316,1500,0.0,0.0
2024-01-05 00:00:00-05:00,3.0299999713897705,3.0299999713897705,3.009999990463257,3.009999990463257,800,0.0,0.0
2024-01-08 00:00:00-05:00,3.0,3.0,3.0,3.0,1900,0.0,0.0
2024-01-09 00:00:00-05:00,3.0899999141693115,3.0899999141693115,3.059999942779541,3.059999942779541,1500,0.0,0.0
2024-01-10 00:00:00-05:00,2.990000009536743,3.059999942779541,2.990000009536743,3.059999942779541,4200,0.0,0.0
2024-01-11 00:00:00-05:00,3.059999942779541,3.059999942779541,3.059999942779541,3.059999942779541,800,0.0,0.0
2024-01-12 00:00:00-05:00,2.9800000190734863,3.109999895095825,2.9800000190734863,3.109999895095825,2500,0.0,0.0
2024-01-16 00:00:00-05:00,3.109999895095825,3.109999895095825,3.109999895095825,3.109999895095825,1400,0.0,0.0
2024-01-17 00:00:00-05:00,2.890000104904175,3.0,2.869999885559082,2.869999885559082,8700,0.0,0.0
2024-01-18 00:00:00-05:00,2.869999885559082,2.869999885559082,2.869999885559082,2.869999885559082,8800,0.0,0.0
2024-01-19 00:00:00-05:00,2.869999885559082,2.869999885559082,2.869999885559082,2.869999885559082,2300,0.0,0.0
2024-01-22 00:00:00-05:00,2.8499999046325684,2.8499999046325684,2.799999952316284,2.8399999141693115,3300,0.0,0.0
2024-01-23 00:00:00-05:00,2.700000047683716,2.700000047683716,2.700000047683716,2.700000047683716,5700,0.0,0.0
2024-01-24 00:00:00-05:00,2.75,2.9100000858306885,2.5,2.7100000381469727,187600,0.0,0.0
2024-01-25 00:00:00-05:00,2.8499999046325684,2.8499999046325684,2.6600000858306885,2.700000047683716,3000,0.0,0.0
2024-01-26 00:00:00-05:00,2.700000047683716,2.700000047683716,2.700000047683716,2.700000047683716,300,0.0,0.0
2024-01-29 00:00:00-05:00,2.8499999046325684,2.9000000953674316,2.7300000190734863,2.8499999046325684,3300,0.0,0.0
2024-01-30 00:00:00-05:00,2.8499999046325684,2.9100000858306885,2.8499999046325684,2.9100000858306885,1700,0.0,0.0
2024-01-31 00:00:00-05:00,2.869999885559082,2.890000104904175,2.8499999046325684,2.869999885559082,2300,0.0,0.0
2024-02-01 00:00:00-05:00,2.859999895095825,2.869999885559082,2.819999933242798,2.819999933242798,2000,0.0,0.0
2024-02-02 00:00:00-05:00,2.7799999713897705,2.9800000190734863,2.7799999713897705,2.9800000190734863,2100,0.0,0.0
2024-02-05 00:00:00-05:00,2.8299999237060547,2.8399999141693115,2.819999933242798,2.819999933242798,1100,0.0,0.0
2024-02-06 00:00:00-05:00,2.7799999713897705,2.890000104904175,2.7799999713897705,2.859999895095825,2500,0.0,0.0
2024-02-07 00:00:00-05:00,2.869999885559082,2.880000114440918,2.869999885559082,2.869999885559082,2600,0.0,0.0
2024-02-08 00:00:00-05:00,2.809999942779541,2.930000066757202,2.809999942779541,2.869999885559082,4500,0.0,0.0
2024-02-09 00:00:00-05:00,3.0399999618530273,3.380000114440918,2.9000000953674316,3.380000114440918,39700,0.0,0.0
2024-02-12 00:00:00-05:00,3.4700000286102295,3.9200000762939453,3.4700000286102295,3.9200000762939453,20200,0.0,0.0
2024-02-13 00:00:00-05:00,3.990000009536743,3.990000009536743,3.6500000953674316,3.6500000953674316,22900,0.0,0.0
2024-02-14 00:00:00-05:00,3.8299999237060547,3.8399999141693115,3.640000104904175,3.640000104904175,5100,0.0,0.0
2024-02-15 00:00:00-05:00,3.809999942779541,3.9000000953674316,3.7699999809265137,3.9000000953674316,5400,0.0,0.0
2024-02-16 00:00:00-05:00,3.9000000953674316,3.9000000953674316,3.75,3.890000104904175,7500,0.0,0.0
2024-02-20 00:00:00-05:00,3.9700000286102295,3.9700000286102295,3.809999942779541,3.809999942779541,1100,0.0,0.0
2024-02-21 00:00:00-05:00,3.799999952316284,3.930000066757202,3.799999952316284,3.8499999046325684,2400,0.0,0.0
2024-02-22 00:00:00-05:00,3.930000066757202,3.930000066757202,3.809999942779541,3.880000114440918,1900,0.0,0.0
2024-02-23 00:00:00-05:00,3.930000066757202,3.930000066757202,3.8299999237060547,3.8299999237060547,400,0.0,0.0
2024-02-26 00:00:00-05:00,3.940000057220459,3.940000057220459,3.8299999237060547,3.8299999237060547,1400,0.0,0.0
2024-02-27 00:00:00-05:00,3.799999952316284,3.799999952316284,3.7799999713897705,3.7799999713897705,1500,0.0,0.0
2024-02-28 00:00:00-05:00,3.890000104904175,3.890000104904175,3.890000104904175,3.890000104904175,1300,0.0,0.0
2024-02-29 00:00:00-05:00,3.890000104904175,3.890000104904175,3.890000104904175,3.890000104904175,900,0.0,0.0
2024-03-01 00:00:00-05:00,3.890000104904175,3.990000009536743,3.8299999237060547,3.940000057220459,5300,0.0,0.0
2024-03-04 00:00:00-05:00,3.930000066757202,4.0,3.8399999141693115,3.859999895095825,4400,0.0,0.0
2024-03-05 00:00:00-05:00,3.859999895095825,3.859999895095825,3.7799999713897705,3.7799999713897705,800,0.0,0.0
2024-03-06 00:00:00-05:00,3.9100000858306885,3.9100000858306885,3.9100000858306885,3.9100000858306885,100,0.0,0.0
2024-03-07 00:00:00-05:00,4.0,4.0,3.9200000762939453,4.0,2800,0.0,0.0
2024-03-08 00:00:00-05:00,4.090000152587891,4.659999847412109,4.090000152587891,4.650000095367432,19100,0.0,0.0
2024-03-11 00:00:00-04:00,4.650000095367432,4.650000095367432,4.53000020980835,4.610000133514404,3100,0.0,0.0
2024-03-12 00:00:00-04:00,4.5,4.75,4.5,4.71999979019165,13900,0.0,0.0
2024-03-13 00:00:00-04:00,4.71999979019165,4.800000190734863,4.659999847412109,4.75,13500,0.0,0.0
2024-03-14 00:00:00-04:00,4.75,4.75,4.550000190734863,4.75,5800,0.0,0.0
2024-03-15 00:00:00-04:00,4.440000057220459,4.78000020980835,4.440000057220459,4.75,5500,0.0,0.0
2024-03-18 00:00:00-04:00,4.739999771118164,4.75,4.730000019073486,4.75,3200,0.0,0.0
2024-03-19 00:00:00-04:00,4.670000076293945,4.670000076293945,4.599999904632568,4.599999904632568,2400,0.0,0.0
2024-03-20 00:00:00-04:00,4.539999961853027,4.849999904632568,4.400000095367432,4.809999942779541,11000,0.0,0.0
2024-03-21 00:00:00-04:00,4.849999904632568,4.849999904632568,4.75,4.809999942779541,800,0.0,0.0
2024-03-22 00:00:00-04:00,4.800000190734863,4.800000190734863,4.800000190734863,4.800000190734863,2100,0.0,0.0
2024-03-25 00:00:00-04:00,4.800000190734863,4.800000190734863,4.800000190734863,4.800000190734863,400,0.0,0.0
2024-03-26 00:00:00-04:00,4.739999771118164,4.739999771118164,4.670000076293945,4.670000076293945,700,0.0,0.0
2024-03-27 00:00:00-04:00,4.800000190734863,4.809999942779541,4.739999771118164,4.809999942779541,8700,0.0,0.0
2024-03-28 00:00:00-04:00,4.75,4.869999885559082,4.75,4.840000152587891,13200,0.0,0.0
2024-04-01 00:00:00-04:00,4.849999904632568,4.849999904632568,4.670000076293945,4.769999980926514,1700,0.0,0.0
2024-04-02 00:00:00-04:00,4.760000228881836,4.769999980926514,4.760000228881836,4.760000228881836,3500,0.0,0.0
2024-04-03 00:00:00-04:00,4.670000076293945,4.829999923706055,4.670000076293945,4.829999923706055,1500,0.0,0.0
2024-04-04 00:00:00-04:00,4.849999904632568,4.929999828338623,4.800000190734863,4.880000114440918,12100,0.0,0.0
2024-04-05 00:00:00-04:00,4.880000114440918,4.980000019073486,4.880000114440918,4.880000114440918,37700,0.0,0.0
2024-04-08 00:00:00-04:00,4.900000095367432,4.929999828338623,4.880000114440918,4.920000076293945,12400,0.0,0.0
2024-04-09 00:00:00-04:00,4.820000171661377,4.980000019073486,4.739999771118164,4.980000019073486,24000,0.0,0.0
2024-04-10 00:00:00-04:00,4.78000020980835,4.980000019073486,4.769999980926514,4.96999979019165,7200,0.0,0.0
2024-04-11 00:00:00-04:00,4.96999979019165,4.96999979019165,4.96999979019165,4.96999979019165,100,0.0,0.0
2024-04-12 00:00:00-04:00,4.820000171661377,4.820000171661377,4.820000171661377,4.820000171661377,900,0.0,0.0
2024-04-15 00:00:00-04:00,4.78000020980835,4.78000020980835,4.630000114440918,4.71999979019165,1500,0.0,0.0
2024-04-16 00:00:00-04:00,4.519999980926514,4.630000114440918,4.420000076293945,4.630000114440918,3700,0.0,0.0
2024-04-17 00:00:00-04:00,4.429999828338623,4.429999828338623,4.409999847412109,4.409999847412109,600,0.0,0.0
2024-04-18 00:00:00-04:00,4.409999847412109,4.409999847412109,4.409999847412109,4.409999847412109,0,0.0,0.0
2024-04-19 00:00:00-04:00,4.539999961853027,4.539999961853027,4.539999961853027,4.539999961853027,100,0.0,0.0
2024-04-22 00:00:00-04:00,4.400000095367432,4.400000095367432,4.349999904632568,4.400000095367432,2000,0.0,0.0
2024-04-23 00:00:00-04:00,4.400000095367432,4.400000095367432,4.400000095367432,4.400000095367432,0,0.0,0.0
2024-04-24 00:00:00-04:00,4.400000095367432,4.400000095367432,4.400000095367432,4.400000095367432,0,0.0,0.0
2024-04-25 00:00:00-04:00,4.360000133514404,4.389999866485596,4.360000133514404,4.389999866485596,800,0.0,0.0
2024-04-26 00:00:00-04:00,4.300000190734863,4.300000190734863,4.300000190734863,4.300000190734863,500,0.0,0.0
2024-04-29 00:00:00-04:00,4.380000114440918,4.380000114440918,4.380000114440918,4.380000114440918,800,0.0,0.0
2024-04-30 00:00:00-04:00,4.360000133514404,4.369999885559082,4.340000152587891,4.369999885559082,1400,0.0,0.0
2024-05-01 00:00:00-04:00,4.400000095367432,4.400000095367432,4.400000095367432,4.400000095367432,600,0.0,0.0
2024-05-02 00:00:00-04:00,4.369999885559082,4.400000095367432,4.360000133514404,4.360000133514404,2800,0.0,0.0
2024-05-03 00:00:00-04:00,4.360000133514404,4.360000133514404,4.360000133514404,4.360000133514404,0,0.0,0.0
2024-05-06 00:00:00-04:00,4.329999923706055,4.329999923706055,4.039999961853027,4.099999904632568,31900,0.0,0.0
2024-05-07 00:00:00-04:00,4.150000095367432,4.190000057220459,4.150000095367432,4.190000057220459,5400,0.0,0.0
2024-05-08 00:00:00-04:00,4.190000057220459,4.190000057220459,4.190000057220459,4.190000057220459,300,0.0,0.0
2024-05-09 00:00:00-04:00,4.230000019073486,4.5,4.230000019073486,4.5,3500,0.0,0.0
2024-05-10 00:00:00-04:00,4.539999961853027,4.630000114440918,4.349999904632568,4.349999904632568,2900,0.0,0.0
2024-05-13 00:00:00-04:00,4.400000095367432,4.420000076293945,4.400000095367432,4.420000076293945,500,0.0,0.0
2024-05-14 00:00:00-04:00,4.420000076293945,4.420000076293945,4.420000076293945,4.420000076293945,500,0.0,0.0
2024-05-15 00:00:00-04:00,4.400000095367432,4.420000076293945,4.400000095367432,4.420000076293945,4900,0.0,0.0
2024-05-16 00:00:00-04:00,4.610000133514404,4.739999771118164,4.599999904632568,4.599999904632568,400,0.0,0.0
2024-05-17 00:00:00-04:00,4.800000190734863,4.949999809265137,4.800000190734863,4.880000114440918,6300,0.0,0.0
2024-05-20 00:00:00-04:00,5.139999866485596,6.400000095367432,4.78000020980835,5.269999980926514,34400,0.0,0.0
2024-05-21 00:00:00-04:00,5.059999942779541,5.059999942779541,4.880000114440918,5.0,15500,0.0,0.0
2024-05-22 00:00:00-04:00,4.929999828338623,5.099999904632568,4.929999828338623,5.090000152587891,2000,0.0,0.0
2024-05-23 00:00:00-04:00,5.170000076293945,5.179999828338623,5.0,5.119999885559082,3000,0.0,0.0
2024-05-24 00:00:00-04:00,5.119999885559082,5.170000076293945,4.860000133514404,5.050000190734863,2300,0.0,0.0
2024-05-28 00:00:00-04:00,5.210000038146973,5.440000057220459,5.170000076293945,5.440000057220459,4400,0.0,0.0
2024-05-29 00:00:00-04:00,5.28000020980835,5.5,5.239999771118164,5.349999904632568,7300,0.0,0.0
2024-05-30 00:00:00-04:00,4.800000190734863,5.900000095367432,4.800000190734863,5.599999904632568,60100,0.0,0.0
2024-05-31 00:00:00-04:00,5.860000133514404,5.860000133514404,5.71999979019165,5.78000020980835,2400,0.0,0.0
2024-06-03 00:00:00-04:00,5.940000057220459,6.070000171661377,5.78000020980835,5.829999923706055,17500,0.0,0.0
2024-06-04 00:00:00-04:00,5.849999904632568,5.849999904632568,5.5,5.730000019073486,8100,0.0,0.0
2024-06-05 00:00:00-04:00,5.78000020980835,5.920000076293945,5.380000114440918,5.920000076293945,4900,0.0,0.0
2024-06-06 00:00:00-04:00,5.900000095367432,5.989999771118164,5.710000038146973,5.78000020980835,6200,0.0,0.0
2024-06-07 00:00:00-04:00,5.929999828338623,5.929999828338623,5.400000095367432,5.489999771118164,6900,0.0,0.0
2024-06-10 00:00:00-04:00,5.570000171661377,5.670000076293945,5.440000057220459,5.670000076293945,4300,0.0,0.0
2024-06-11 00:00:00-04:00,5.619999885559082,6.0,5.539999961853027,5.949999809265137,10800,0.0,0.0
2024-06-12 00:00:00-04:00,5.71999979019165,5.96999979019165,5.639999866485596,5.639999866485596,4100,0.0,0.0
2024-06-13 00:00:00-04:00,5.869999885559082,5.869999885559082,5.639999866485596,5.710000038146973,3300,0.0,0.0
2024-06-14 00:00:00-04:00,5.75,5.75,5.400000095367432,5.5,3600,0.0,0.0
2024-06-17 00:00:00-04:00,5.579999923706055,5.659999847412109,5.46999979019165,5.480000019073486,2000,0.0,0.0
2024-06-18 00:00:00-04:00,5.440000057220459,5.559999942779541,5.059999942779541,5.28000020980835,5600,0.0,0.0
2024-06-20 00:00:00-04:00,5.199999809265137,5.309999942779541,4.960000038146973,5.300000190734863,4700,0.0,0.0
2024-06-21 00:00:00-04:00,5.010000228881836,5.260000228881836,5.010000228881836,5.260000228881836,6600,0.0,0.0
2024-06-24 00:00:00-04:00,5.25,5.309999942779541,5.199999809265137,5.28000020980835,7000,0.0,0.0
2024-06-25 00:00:00-04:00,5.28000020980835,5.349999904632568,5.150000095367432,5.349999904632568,1500,0.0,0.0
2024-06-26 00:00:00-04:00,5.150000095367432,5.150000095367432,5.079999923706055,5.139999866485596,500,0.0,0.0
2024-06-27 00:00:00-04:00,4.900000095367432,5.010000228881836,4.900000095367432,5.010000228881836,400,0.0,0.0
2024-06-28 00:00:00-04:00,5.010000228881836,5.010000228881836,5.010000228881836,5.010000228881836,0,0.0,0.0
2024-07-01 00:00:00-04:00,5.199999809265137,5.199999809265137,4.809999942779541,4.840000152587891,2400,0.0,0.0
2024-07-02 00:00:00-04:00,4.96999979019165,4.96999979019165,4.650000095367432,4.650000095367432,14400,0.0,0.0
2024-07-03 00:00:00-04:00,4.679999828338623,4.679999828338623,4.679999828338623,4.679999828338623,200,0.0,0.0
2024-07-05 00:00:00-04:00,4.679999828338623,4.679999828338623,4.679999828338623,4.679999828338623,0,0.0,0.0
2024-07-08 00:00:00-04:00,4.679999828338623,4.679999828338623,4.679999828338623,4.679999828338623,200,0.0,0.0
2024-07-09 00:00:00-04:00,4.78000020980835,4.78000020980835,4.760000228881836,4.769999980926514,800,0.0,0.0
2024-07-10 00:00:00-04:00,4.869999885559082,4.869999885559082,4.869999885559082,4.869999885559082,300,0.0,0.0
2024-07-11 00:00:00-04:00,4.630000114440918,4.690000057220459,4.630000114440918,4.690000057220459,3700,0.0,0.0
2024-07-12 00:00:00-04:00,4.690000057220459,4.860000133514404,4.510000228881836,4.789999961853027,8800,0.0,0.0
2024-07-15 00:00:00-04:00,4.75,4.860000133514404,4.75,4.809999942779541,2900,0.0,0.0
2024-07-16 00:00:00-04:00,4.619999885559082,4.619999885559082,4.619999885559082,4.619999885559082,300,0.0,0.0
2024-07-17 00:00:00-04:00,4.980000019073486,4.980000019073486,4.980000019073486,4.980000019073486,400,0.0,0.0
2024-07-18 00:00:00-04:00,5.119999885559082,5.119999885559082,4.809999942779541,4.809999942779541,1500,0.0,0.0
2024-07-19 00:00:00-04:00,4.809999942779541,4.809999942779541,4.809999942779541,4.809999942779541,200,0.0,0.0
2024-07-22 00:00:00-04:00,4.809999942779541,5.0,4.809999942779541,5.0,4200,0.0,0.0
2024-07-23 00:00:00-04:00,5.409999847412109,5.849999904632568,5.409999847412109,5.53000020980835,5500,0.0,0.0
2024-07-24 00:00:00-04:00,5.519999980926514,5.519999980926514,5.519999980926514,5.519999980926514,500,0.0,0.0
2024-07-25 00:00:00-04:00,5.300000190734863,5.300000190734863,5.119999885559082,5.119999885559082,2500,0.0,0.0
2024-07-26 00:00:00-04:00,5.480000019073486,5.480000019073486,5.150000095367432,5.150000095367432,5900,0.0,0.0
2024-07-29 00:00:00-04:00,5.510000228881836,5.510000228881836,5.510000228881836,5.510000228881836,1000,0.0,0.0
2024-07-30 00:00:00-04:00,5.329999923706055,5.329999923706055,5.329999923706055,5.329999923706055,400,0.0,0.0
2024-07-31 00:00:00-04:00,5.03000020980835,5.03000020980835,5.03000020980835,5.03000020980835,300,0.0,0.0
2024-08-01 00:00:00-04:00,5.090000152587891,5.139999866485596,5.090000152587891,5.130000114440918,1400,0.0,0.0
2024-08-02 00:00:00-04:00,5.059999942779541,5.059999942779541,5.050000190734863,5.050000190734863,1800,0.0,0.0
2024-08-05 00:00:00-04:00,4.329999923706055,4.329999923706055,4.329999923706055,4.329999923706055,300,0.0,0.0
2024-08-06 00:00:00-04:00,4.570000171661377,4.889999866485596,4.570000171661377,4.889999866485596,4600,0.0,0.0
2024-08-07 00:00:00-04:00,5.050000190734863,5.21999979019165,5.050000190734863,5.150000095367432,11800,0.0,0.0
2024-08-08 00:00:00-04:00,5.03000020980835,5.039999961853027,4.989999771118164,5.039999961853027,1000,0.0,0.0
2024-08-09 00:00:00-04:00,5.119999885559082,5.119999885559082,5.119999885559082,5.119999885559082,200,0.0,0.0
2024-08-12 00:00:00-04:00,5.139999866485596,5.139999866485596,5.090000152587891,5.090000152587891,1000,0.0,0.0
2024-08-13 00:00:00-04:00,5.090000152587891,5.090000152587891,5.090000152587891,5.090000152587891,0,0.0,0.0
2024-08-14 00:00:00-04:00,5.210000038146973,5.210000038146973,5.159999847412109,5.190000057220459,1500,0.0,0.0
2024-08-15 00:00:00-04:00,5.090000152587891,5.269999980926514,5.090000152587891,5.099999904632568,3900,0.0,0.0
2024-08-16 00:00:00-04:00,5.260000228881836,5.260000228881836,5.139999866485596,5.139999866485596,700,0.0,0.0
2024-08-19 00:00:00-04:00,5.130000114440918,5.150000095367432,5.130000114440918,5.139999866485596,1200,0.0,0.0
2024-08-20 00:00:00-04:00,5.050000190734863,5.159999847412109,5.039999961853027,5.110000133514404,7400,0.0,0.0
2024-08-21 00:00:00-04:00,5.099999904632568,5.25,5.099999904632568,5.25,10900,0.0,0.0
2024-08-22 00:00:00-04:00,5.510000228881836,5.510000228881836,5.510000228881836,5.510000228881836,200,0.0,0.0
2024-08-23 00:00:00-04:00,5.320000171661377,5.320000171661377,5.320000171661377,5.320000171661377,300,0.0,0.0
2024-08-26 00:00:00-04:00,5.539999961853027,5.539999961853027,5.389999866485596,5.460000038146973,2600,0.0,0.0
2024-08-27 00:00:00-04:00,5.460000038146973,5.460000038146973,5.460000038146973,5.460000038146973,0,0.0,0.0
2024-08-28 00:00:00-04:00,5.369999885559082,5.369999885559082,5.369999885559082,5.369999885559082,200,0.0,0.0
2024-08-29 00:00:00-04:00,5.329999923706055,5.480000019073486,5.289999961853027,5.400000095367432,8000,0.0,0.0
2024-08-30 00:00:00-04:00,5.400000095367432,5.409999847412109,5.300000190734863,5.309999942779541,2200,0.0,0.0
2024-09-03 00:00:00-04:00,5.099999904632568,5.300000190734863,5.099999904632568,5.21999979019165,1100,0.0,0.0
2024-09-04 00:00:00-04:00,5.199999809265137,5.400000095367432,5.199999809265137,5.400000095367432,10500,0.0,0.0
2024-09-05 00:00:00-04:00,5.329999923706055,5.639999866485596,5.329999923706055,5.590000152587891,4200,0.0,0.0
2024-09-06 00:00:00-04:00,5.650000095367432,5.650000095367432,5.21999979019165,5.21999979019165,5800,0.0,0.0
2024-09-09 00:00:00-04:00,5.21999979019165,5.28000020980835,5.119999885559082,5.28000020980835,1700,0.0,0.0
2024-09-10 00:00:00-04:00,5.199999809265137,5.289999961853027,5.139999866485596,5.230000019073486,5100,0.0,0.0
2024-09-11 00:00:00-04:00,5.170000076293945,5.199999809265137,5.159999847412109,5.170000076293945,3100,0.0,0.0
2024-09-12 00:00:00-04:00,5.199999809265137,5.5,5.150000095367432,5.289999961853027,17200,0.0,0.0
2024-09-13 00:00:00-04:00,5.25,5.28000020980835,5.199999809265137,5.199999809265137,2200,0.0,0.0
2024-09-16 00:00:00-04:00,5.5,6.0,5.5,5.889999866485596,22900,0.0,0.0
2024-09-17 00:00:00-04:00,6.03000020980835,6.360000133514404,5.900000095367432,6.010000228881836,27300,0.0,0.0
2024-09-18 00:00:00-04:00,6.25,6.380000114440918,6.090000152587891,6.199999809265137,61700,0.0,0.0
2024-09-19 00:00:00-04:00,5.949999809265137,6.099999904632568,5.510000228881836,5.710000038146973,76700,0.0,0.0
2024-09-20 00:00:00-04:00,5.599999904632568,5.900000095367432,5.199999809265137,5.610000133514404,13200,0.0,0.0
2024-09-23 00:00:00-04:00,5.659999847412109,5.78000020980835,5.53000020980835,5.710000038146973,6200,0.0,0.0
2024-09-24 00:00:00-04:00,5.679999828338623,5.699999809265137,5.460000038146973,5.659999847412109,5700,0.0,0.0
2024-09-25 00:00:00-04:00,5.639999866485596,5.889999866485596,5.420000076293945,5.510000228881836,12000,0.0,0.0
2024-09-26 00:00:00-04:00,5.489999771118164,5.650000095367432,5.46999979019165,5.46999979019165,2200,0.0,0.0
2024-09-27 00:00:00-04:00,5.460000038146973,5.739999771118164,5.260000228881836,5.610000133514404,22300,0.0,0.0
2024-09-30 00:00:00-04:00,5.610000133514404,5.610000133514404,5.610000133514404,5.610000133514404,0,0.0,0.0
2024-10-01 00:00:00-04:00,5.5,5.869999885559082,5.5,5.659999847412109,12500,0.0,0.0
2024-10-02 00:00:00-04:00,5.739999771118164,5.820000171661377,5.710000038146973,5.710000038146973,2800,0.0,0.0
2024-10-03 00:00:00-04:00,5.659999847412109,5.889999866485596,5.659999847412109,5.889999866485596,1800,0.0,0.0
2024-10-04 00:00:00-04:00,5.650000095367432,5.989999771118164,5.650000095367432,5.800000190734863,3700,0.0,0.0
2024-10-07 00:00:00-04:00,5.590000152587891,5.789999961853027,5.590000152587891,5.789999961853027,700,0.0,0.0
2024-10-08 00:00:00-04:00,5.809999942779541,5.809999942779541,5.809999942779541,5.809999942779541,600,0.0,0.0
2024-10-09 00:00:00-04:00,5.820000171661377,5.860000133514404,5.670000076293945,5.690000057220459,9600,0.0,0.0
2024-10-10 00:00:00-04:00,5.670000076293945,5.670000076293945,5.670000076293945,5.670000076293945,200,0.0,0.0
2024-10-11 00:00:00-04:00,5.849999904632568,5.989999771118164,5.75,5.980000019073486,7800,0.0,0.0
2024-10-14 00:00:00-04:00,5.429999828338623,5.889999866485596,5.429999828338623,5.75,7600,0.0,0.0
2024-10-15 00:00:00-04:00,5.989999771118164,5.989999771118164,5.71999979019165,5.71999979019165,3300,0.0,0.0
2024-10-16 00:00:00-04:00,5.949999809265137,6.050000190734863,5.710000038146973,6.050000190734863,15500,0.0,0.0
2024-10-17 00:00:00-04:00,5.989999771118164,5.989999771118164,5.989999771118164,5.989999771118164,500,0.0,0.0
2024-10-18 00:00:00-04:00,5.849999904632568,5.949999809265137,5.75,5.75,4100,0.0,0.0
2024-10-21 00:00:00-04:00,5.860000133514404,5.860000133514404,5.570000171661377,5.730000019073486,7400,0.0,0.0
2024-10-22 00:00:00-04:00,5.690000057220459,5.699999809265137,5.599999904632568,5.610000133514404,3300,0.0,0.0
2024-10-23 00:00:00-04:00,5.769999980926514,5.769999980926514,5.539999961853027,5.539999961853027,3100,0.0,0.0
2024-10-24 00:00:00-04:00,5.639999866485596,5.78000020980835,5.550000190734863,5.619999885559082,17900,0.0,0.0
2024-10-25 00:00:00-04:00,5.619999885559082,5.860000133514404,5.619999885559082,5.760000228881836,6300,0.0,0.0
2024-10-28 00:00:00-04:00,5.559999942779541,5.989999771118164,5.559999942779541,5.989999771118164,4000,0.0,0.0
2024-10-29 00:00:00-04:00,5.989999771118164,6.0,5.949999809265137,5.989999771118164,10200,0.0,0.0
2024-10-30 00:00:00-04:00,6.0,6.230000019073486,5.96999979019165,6.019999980926514,5400,0.0,0.0
2024-10-31 00:00:00-04:00,5.96999979019165,6.0,5.940000057220459,6.0,4400,0.0,0.0
2024-11-01 00:00:00-04:00,6.21999979019165,6.429999828338623,6.099999904632568,6.210000038146973,14600,0.0,0.0
2024-11-04 00:00:00-05:00,6.25,6.25,5.980000019073486,6.239999771118164,5500,0.0,0.0
2024-11-05 00:00:00-05:00,6.25,6.380000114440918,6.090000152587891,6.090000152587891,13000,0.0,0.0
2024-11-06 00:00:00-05:00,6.059999942779541,6.25,6.050000190734863,6.230000019073486,7800,0.0,0.0
2024-11-07 00:00:00-05:00,6.0,6.5,5.980000019073486,6.489999771118164,13300,0.0,0.0
2024-11-08 00:00:00-05:00,6.360000133514404,6.75,6.360000133514404,6.5,3700,0.0,0.0
2024-11-11 00:00:00-05:00,6.650000095367432,6.650000095367432,6.369999885559082,6.369999885559082,3700,0.0,0.0
2024-11-12 00:00:00-05:00,6.5,6.630000114440918,6.340000152587891,6.340000152587891,30600,0.0,0.0
2024-11-13 00:00:00-05:00,6.210000038146973,6.429999828338623,6.179999828338623,6.380000114440918,9300,0.0,0.0
2024-11-14 00:00:00-05:00,6.230000019073486,6.420000076293945,6.230000019073486,6.349999904632568,11100,0.0,0.0
2024-11-15 00:00:00-05:00,6.269999980926514,6.269999980926514,6.25,6.25,900,0.0,0.0
2024-11-18 00:00:00-05:00,6.309999942779541,6.309999942779541,6.309999942779541,6.309999942779541,2900,0.0,0.0
2024-11-19 00:00:00-05:00,6.070000171661377,6.369999885559082,6.070000171661377,6.360000133514404,5400,0.0,0.0
2024-11-20 00:00:00-05:00,6.230000019073486,6.369999885559082,6.070000171661377,6.25,5900,0.0,0.0
2024-11-21 00:00:00-05:00,6.059999942779541,6.25,6.059999942779541,6.099999904632568,5700,0.0,0.0
2024-11-22 00:00:00-05:00,6.269999980926514,6.300000190734863,6.150000095367432,6.21999979019165,3900,0.0,0.0
2024-11-25 00:00:00-05:00,6.300000190734863,6.300000190734863,6.050000190734863,6.260000228881836,10200,0.0,0.0
2024-11-26 00:00:00-05:00,6.139999866485596,6.139999866485596,6.010000228881836,6.130000114440918,1000,0.0,0.0
2024-11-27 00:00:00-05:00,6.159999847412109,6.239999771118164,6.079999923706055,6.170000076293945,2000,0.0,0.0
2024-11-29 00:00:00-05:00,6.170000076293945,6.170000076293945,6.150000095367432,6.170000076293945,700,0.0,0.0
2024-12-02 00:00:00-05:00,6.019999980926514,6.019999980926514,5.670000076293945,5.869999885559082,50700,0.0,0.0
2024-12-03 00:00:00-05:00,5.869999885559082,6.039999961853027,5.840000152587891,5.980000019073486,3300,0.0,0.0
2024-12-04 00:00:00-05:00,6.369999885559082,6.449999809265137,6.079999923706055,6.340000152587891,16000,0.0,0.0
2024-12-05 00:00:00-05:00,6.239999771118164,6.389999866485596,6.159999847412109,6.21999979019165,12300,0.0,0.0
2024-12-06 00:00:00-05:00,6.25,6.400000095367432,6.170000076293945,6.389999866485596,3600,0.0,0.0
2024-12-09 00:00:00-05:00,6.380000114440918,6.400000095367432,6.320000171661377,6.389999866485596,4300,0.0,0.0
2024-12-10 00:00:00-05:00,6.320000171661377,6.5,6.230000019073486,6.5,5000,0.0,0.0
2024-12-11 00:00:00-05:00,6.590000152587891,6.699999809265137,6.519999980926514,6.690000057220459,11100,0.0,0.0
2024-12-12 00:00:00-05:00,6.630000114440918,6.630000114440918,6.510000228881836,6.510000228881836,800,0.0,0.0
2024-12-13 00:00:00-05:00,6.619999885559082,6.619999885559082,6.5,6.590000152587891,5600,0.0,0.0
2024-12-16 00:00:00-05:00,6.630000114440918,6.929999828338623,6.480000019073486,6.880000114440918,5000,0.0,0.0
2024-12-17 00:00:00-05:00,6.880000114440918,6.880000114440918,6.449999809265137,6.699999809265137,2400,0.0,0.0
2024-12-18 00:00:00-05:00,6.579999923706055,6.679999828338623,6.440000057220459,6.440000057220459,2200,0.0,0.0
2024-12-19 00:00:00-05:00,6.699999809265137,6.880000114440918,6.5,6.849999904632568,18300,0.0,0.0
2024-12-20 00:00:00-05:00,6.849999904632568,7.159999847412109,6.849999904632568,7.03000020980835,28500,0.0,0.0
2024-12-23 00:00:00-05:00,6.980000019073486,7.130000114440918,6.809999942779541,7.0,9400,0.0,0.0
2024-12-24 00:00:00-05:00,6.840000152587891,7.050000190734863,6.840000152587891,7.0,10300,0.0,0.0
2024-12-26 00:00:00-05:00,7.099999904632568,7.099999904632568,7.0,7.039999961853027,2900,0.0,0.0
2024-12-27 00:00:00-05:00,7.099999904632568,7.099999904632568,6.829999923706055,7.0,21100,0.0,0.0
2024-12-30 00:00:00-05:00,7.019999980926514,7.130000114440918,6.960000038146973,7.010000228881836,2400,0.0,0.0
2024-12-31 00:00:00-05:00,7.150000095367432,7.150000095367432,6.900000095367432,7.139999866485596,1500,0.0,0.0
2025-01-02 00:00:00-05:00,7.110000133514404,7.110000133514404,6.900100231170654,7.110000133514404,2254,0.0,0.0
