Date,Open,High,Low,Close,Volume,Dividends,Stock Splits
2022-01-03 00:00:00-05:00,87.41999816894531,88.83000183105469,86.93000030517578,87.69999694824219,145200,0.0,0.0
2022-01-04 00:00:00-05:00,87.8499984741211,89.3499984741211,87.8499984741211,88.83000183105469,129700,0.0,0.0
2022-01-05 00:00:00-05:00,88.77999877929688,89.06999969482422,86.16999816894531,86.20999908447266,152600,0.0,0.0
2022-01-06 00:00:00-05:00,86.11000061035156,87.91000366210938,85.58000183105469,86.05999755859375,169700,0.0,0.0
2022-01-07 00:00:00-05:00,86.58000183105469,87.9800033569336,85.83000183105469,86.11000061035156,216500,0.0,0.0
2022-01-10 00:00:00-05:00,86.3499984741211,93.1500015258789,86.20999908447266,93.05000305175781,490600,0.0,0.0
2022-01-11 00:00:00-05:00,92.55000305175781,94.30000305175781,91.51000213623047,94.0999984741211,326500,0.0,0.0
2022-01-12 00:00:00-05:00,95.16000366210938,96.77999877929688,94.05999755859375,96.30999755859375,327700,0.0,0.0
2022-01-13 00:00:00-05:00,96.88999938964844,97.94999694824219,95.52999877929688,96.97000122070312,378000,0.0,0.0
2022-01-14 00:00:00-05:00,97.0199966430664,99.0,95.95999908447266,98.58000183105469,293500,0.0,0.0
2022-01-18 00:00:00-05:00,98.66999816894531,98.91000366210938,96.23999786376953,96.62999725341797,343100,0.0,0.0
2022-01-19 00:00:00-05:00,96.7300033569336,96.7300033569336,93.55999755859375,94.66000366210938,522400,0.0,0.0
2022-01-20 00:00:00-05:00,94.55000305175781,95.0999984741211,91.4800033569336,92.48999786376953,548700,0.0,0.0
2022-01-21 00:00:00-05:00,92.16000366210938,94.9000015258789,91.4000015258789,92.81999969482422,662400,0.0,0.0
2022-01-24 00:00:00-05:00,91.19000244140625,95.19000244140625,89.4000015258789,94.91999816894531,447400,0.0,0.0
2022-01-25 00:00:00-05:00,93.62000274658203,95.16000366210938,90.73999786376953,92.37999725341797,256600,0.0,0.0
2022-01-26 00:00:00-05:00,93.98999786376953,94.48999786376953,90.06999969482422,90.91999816894531,227400,0.0,0.0
2022-01-27 00:00:00-05:00,91.0999984741211,92.2699966430664,87.27999877929688,87.44999694824219,302000,0.0,0.0
2022-01-28 00:00:00-05:00,87.66000366210938,88.88999938964844,82.86000061035156,85.05000305175781,243100,0.0,0.0
2022-01-31 00:00:00-05:00,84.54000091552734,87.44000244140625,83.43000030517578,87.38999938964844,204600,0.0,0.0
2022-02-01 00:00:00-05:00,87.55999755859375,89.04000091552734,86.25,88.4800033569336,204500,0.0,0.0
2022-02-02 00:00:00-05:00,88.68000030517578,89.4800033569336,87.62999725341797,89.04000091552734,167400,0.0,0.0
2022-02-03 00:00:00-05:00,87.8499984741211,90.2300033569336,87.8499984741211,89.20999908447266,178000,0.0,0.0
2022-02-04 00:00:00-05:00,88.76000213623047,89.94999694824219,87.55000305175781,89.51000213623047,132300,0.0,0.0
2022-02-07 00:00:00-05:00,89.22000122070312,92.5,87.30000305175781,87.91999816894531,199300,0.0,0.0
2022-02-08 00:00:00-05:00,88.22000122070312,89.62000274658203,86.80000305175781,89.2699966430664,216400,0.0,0.0
2022-02-09 00:00:00-05:00,89.94999694824219,91.16999816894531,89.5,89.95999908447266,140500,0.0,0.0
2022-02-10 00:00:00-05:00,88.61000061035156,90.66999816894531,87.87999725341797,88.33999633789062,140300,0.0,0.0
2022-02-11 00:00:00-05:00,88.86000061035156,88.94999694824219,85.08999633789062,85.87999725341797,136900,0.0,0.0
2022-02-14 00:00:00-05:00,86.22000122070312,86.95999908447266,84.37000274658203,86.6500015258789,198400,0.0,0.0
2022-02-15 00:00:00-05:00,87.80999755859375,90.66999816894531,87.80999755859375,90.19000244140625,180500,0.0,0.0
2022-02-16 00:00:00-05:00,89.26000213623047,91.54000091552734,88.97000122070312,90.91999816894531,187100,0.0,0.0
2022-02-17 00:00:00-05:00,89.75,91.30000305175781,86.76000213623047,90.69999694824219,215800,0.0,0.0
2022-02-18 00:00:00-05:00,89.5999984741211,91.0,88.79000091552734,89.9800033569336,163500,0.0,0.0
2022-02-22 00:00:00-05:00,89.12999725341797,91.02999877929688,88.12999725341797,89.12000274658203,156900,0.0,0.0
2022-02-23 00:00:00-05:00,89.77999877929688,91.19000244140625,88.80000305175781,89.1500015258789,179700,0.0,0.0
2022-02-24 00:00:00-05:00,86.30000305175781,86.30000305175781,81.83999633789062,82.19999694824219,375100,0.0,0.0
2022-02-25 00:00:00-05:00,82.91000366210938,87.08000183105469,82.91000366210938,87.04000091552734,168900,0.0,0.0
2022-02-28 00:00:00-05:00,85.76000213623047,87.4000015258789,84.04000091552734,84.83999633789062,191000,0.0,0.0
2022-03-01 00:00:00-05:00,84.9000015258789,85.37000274658203,79.48999786376953,80.38999938964844,438900,0.0,0.0
2022-03-02 00:00:00-05:00,81.30000305175781,83.33000183105469,79.22000122070312,82.5,273600,0.0,0.0
2022-03-03 00:00:00-05:00,82.31999969482422,82.31999969482422,78.1500015258789,78.44000244140625,160500,0.0,0.0
2022-03-04 00:00:00-05:00,77.97000122070312,77.97000122070312,70.5,70.55999755859375,341800,0.0,0.0
2022-03-07 00:00:00-05:00,70.33000183105469,71.12999725341797,63.54999923706055,63.619998931884766,650900,0.0,0.0
2022-03-08 00:00:00-05:00,64.02999877929688,66.80999755859375,61.150001525878906,65.58000183105469,392100,0.0,0.0
2022-03-09 00:00:00-05:00,67.45999908447266,71.13999938964844,67.38999938964844,70.12999725341797,257800,0.0,0.0
2022-03-10 00:00:00-05:00,68.33000183105469,69.9000015258789,67.38999938964844,69.16999816894531,153000,0.0,0.0
2022-03-11 00:00:00-05:00,69.66000366210938,70.66999816894531,68.26000213623047,68.58999633789062,156500,0.0,0.0
2022-03-14 00:00:00-04:00,69.29000091552734,70.55999755859375,67.72000122070312,68.33999633789062,174100,0.0,0.0
2022-03-15 00:00:00-04:00,69.08000183105469,70.55999755859375,67.11000061035156,70.12999725341797,185500,0.0,0.0
2022-03-16 00:00:00-04:00,71.94000244140625,74.4000015258789,71.55000305175781,74.12999725341797,184700,0.0,0.0
2022-03-17 00:00:00-04:00,72.94999694824219,74.5,72.94999694824219,74.0,116600,0.0,0.0
2022-03-18 00:00:00-04:00,74.41000366210938,76.16000366210938,73.56999969482422,75.37000274658203,333200,0.0,0.0
2022-03-21 00:00:00-04:00,74.7699966430664,75.19000244140625,73.12000274658203,73.79000091552734,165100,0.0,0.0
2022-03-22 00:00:00-04:00,74.38999938964844,77.45999908447266,73.29000091552734,74.2300033569336,137500,0.0,0.0
2022-03-23 00:00:00-04:00,73.25,73.25,69.76000213623047,70.02999877929688,201600,0.0,0.0
2022-03-24 00:00:00-04:00,70.51000213623047,70.5999984741211,69.11000061035156,69.54000091552734,186600,0.0,0.0
2022-03-25 00:00:00-04:00,69.98999786376953,69.98999786376953,67.33999633789062,69.02999877929688,229700,0.0,0.0
2022-03-28 00:00:00-04:00,69.87000274658203,70.38999938964844,68.51000213623047,69.19000244140625,134900,0.0,0.0
2022-03-29 00:00:00-04:00,70.73999786376953,73.61000061035156,70.04000091552734,73.0199966430664,231900,0.0,0.0
2022-03-30 00:00:00-04:00,72.04000091552734,74.27999877929688,72.04000091552734,72.91999816894531,229600,0.0,0.0
2022-03-31 00:00:00-04:00,72.33999633789062,73.58999633789062,71.51000213623047,73.04000091552734,154500,0.0,0.0
2022-04-01 00:00:00-04:00,73.43000030517578,74.13999938964844,70.66000366210938,72.30000305175781,193700,0.0,0.0
2022-04-04 00:00:00-04:00,72.62999725341797,73.55999755859375,71.5,72.44000244140625,128900,0.0,0.0
2022-04-05 00:00:00-04:00,71.87999725341797,72.62000274658203,70.26000213623047,70.9000015258789,189600,0.0,0.0
2022-04-06 00:00:00-04:00,69.91999816894531,71.23999786376953,69.51000213623047,70.9000015258789,154200,0.0,0.0
2022-04-07 00:00:00-04:00,70.20999908447266,70.62999725341797,67.86000061035156,70.0,298500,0.0,0.0
2022-04-08 00:00:00-04:00,69.62000274658203,70.77999877929688,68.7699966430664,68.93000030517578,151600,0.0,0.0
2022-04-11 00:00:00-04:00,68.33000183105469,70.30000305175781,68.02999877929688,69.08999633789062,124500,0.0,0.0
2022-04-12 00:00:00-04:00,70.12000274658203,70.91999816894531,67.06999969482422,69.79000091552734,124500,0.0,0.0
2022-04-13 00:00:00-04:00,69.58999633789062,70.2300033569336,68.76000213623047,69.69999694824219,83600,0.0,0.0
2022-04-14 00:00:00-04:00,69.94999694824219,71.52999877929688,68.69999694824219,69.08999633789062,109100,0.0,0.0
2022-04-18 00:00:00-04:00,68.56999969482422,70.0999984741211,67.97000122070312,68.88999938964844,114100,0.0,0.0
2022-04-19 00:00:00-04:00,69.12999725341797,71.26000213623047,69.12999725341797,70.3499984741211,154000,0.0,0.0
2022-04-20 00:00:00-04:00,71.30000305175781,72.29000091552734,71.0999984741211,71.11000061035156,102000,0.0,0.0
2022-04-21 00:00:00-04:00,72.4000015258789,73.22000122070312,70.16999816894531,71.48999786376953,154100,0.0,0.0
2022-04-22 00:00:00-04:00,70.66000366210938,70.66000366210938,67.87000274658203,68.25,145900,0.0,0.0
2022-04-25 00:00:00-04:00,67.41999816894531,68.55999755859375,67.0999984741211,68.29000091552734,143800,0.0,0.0
2022-04-26 00:00:00-04:00,67.47000122070312,67.5,65.41000366210938,65.47000122070312,103000,0.0,0.0
2022-04-27 00:00:00-04:00,65.72000122070312,67.12999725341797,65.36000061035156,65.44999694824219,90400,0.0,0.0
2022-04-28 00:00:00-04:00,66.69000244140625,68.33000183105469,65.45999908447266,67.93000030517578,146300,0.0,0.0
2022-04-29 00:00:00-04:00,68.0,68.91999816894531,66.91999816894531,67.41999816894531,147300,0.0,0.0
2022-05-02 00:00:00-04:00,67.19000244140625,68.93000030517578,66.5199966430664,68.83000183105469,150800,0.0,0.0
2022-05-03 00:00:00-04:00,68.69999694824219,69.25,67.70999908447266,68.80999755859375,111700,0.0,0.0
2022-05-04 00:00:00-04:00,67.23999786376953,71.98999786376953,67.16999816894531,71.62000274658203,174600,0.0,0.0
2022-05-05 00:00:00-04:00,69.2300033569336,69.7300033569336,65.91000366210938,68.05000305175781,262000,0.0,0.0
2022-05-06 00:00:00-04:00,68.45999908447266,68.75,66.2300033569336,67.2699966430664,176000,0.0,0.0
2022-05-09 00:00:00-04:00,65.97000122070312,67.61000061035156,63.849998474121094,64.62999725341797,220000,0.0,0.0
2022-05-10 00:00:00-04:00,65.7699966430664,66.0199966430664,62.09000015258789,63.369998931884766,120200,0.0,0.0
2022-05-11 00:00:00-04:00,63.689998626708984,64.73999786376953,61.59000015258789,61.81999969482422,103400,0.0,0.0
2022-05-12 00:00:00-04:00,61.220001220703125,63.880001068115234,60.88999938964844,63.130001068115234,172100,0.0,0.0
2022-05-13 00:00:00-04:00,64.36000061035156,66.30000305175781,62.869998931884766,65.69000244140625,126500,0.0,0.0
2022-05-16 00:00:00-04:00,64.94999694824219,65.9800033569336,63.630001068115234,63.77000045776367,119300,0.0,0.0
2022-05-17 00:00:00-04:00,65.5199966430664,68.08000183105469,64.83999633789062,67.80000305175781,168500,0.0,0.0
2022-05-18 00:00:00-04:00,66.22000122070312,68.04000091552734,65.62999725341797,66.1500015258789,206200,0.0,0.0
2022-05-19 00:00:00-04:00,65.72000122070312,67.9000015258789,65.05000305175781,66.7300033569336,250700,0.0,0.0
2022-05-20 00:00:00-04:00,68.18000030517578,68.62999725341797,63.41999816894531,65.5,141400,0.0,0.0
2022-05-23 00:00:00-04:00,66.66999816894531,66.66999816894531,64.55999755859375,65.16000366210938,125300,0.0,0.0
2022-05-24 00:00:00-04:00,64.25,64.55999755859375,63.38999938964844,64.31999969482422,106200,0.0,0.0
2022-05-25 00:00:00-04:00,64.30999755859375,66.08000183105469,64.30999755859375,65.69000244140625,89000,0.0,0.0
2022-05-26 00:00:00-04:00,66.45999908447266,67.54000091552734,65.54000091552734,66.79000091552734,93400,0.0,0.0
2022-05-27 00:00:00-04:00,67.22000122070312,68.33000183105469,65.63999938964844,66.0999984741211,247500,0.0,0.0
2022-05-31 00:00:00-04:00,65.95999908447266,69.38999938964844,64.66000366210938,68.94000244140625,269600,0.0,0.0
2022-06-01 00:00:00-04:00,69.05999755859375,69.1500015258789,67.19999694824219,68.27999877929688,190600,0.0,0.0
2022-06-02 00:00:00-04:00,68.7300033569336,73.5999984741211,68.68000030517578,73.54000091552734,235900,0.0,0.0
2022-06-03 00:00:00-04:00,72.43000030517578,72.43000030517578,69.72000122070312,70.12000274658203,146300,0.0,0.0
2022-06-06 00:00:00-04:00,71.48999786376953,72.01000213623047,70.16999816894531,71.22000122070312,117600,0.0,0.0
2022-06-07 00:00:00-04:00,70.75,73.41000366210938,70.3499984741211,72.79000091552734,144500,0.0,0.0
2022-06-08 00:00:00-04:00,72.3499984741211,73.18000030517578,71.66999816894531,72.48999786376953,124800,0.0,0.0
2022-06-09 00:00:00-04:00,72.01000213623047,73.51000213623047,71.66000366210938,71.91999816894531,104100,0.0,0.0
2022-06-10 00:00:00-04:00,70.73999786376953,71.4000015258789,69.52999877929688,70.30999755859375,157900,0.0,0.0
2022-06-13 00:00:00-04:00,67.83999633789062,69.37000274658203,67.72000122070312,68.66999816894531,256800,0.0,0.0
2022-06-14 00:00:00-04:00,69.16000366210938,69.69999694824219,67.94999694824219,68.75,249800,0.0,0.0
2022-06-15 00:00:00-04:00,69.55999755859375,70.43000030517578,67.73999786376953,68.83999633789062,189700,0.0,0.0
2022-06-16 00:00:00-04:00,66.94000244140625,67.87000274658203,57.790000915527344,58.400001525878906,351900,0.0,0.0
2022-06-17 00:00:00-04:00,59.290000915527344,60.54999923706055,58.849998474121094,59.0,431200,0.0,0.0
2022-06-21 00:00:00-04:00,60.189998626708984,61.810001373291016,58.939998626708984,60.22999954223633,189900,0.0,0.0
2022-06-22 00:00:00-04:00,59.2400016784668,61.40999984741211,59.20000076293945,60.060001373291016,170300,0.0,0.0
2022-06-23 00:00:00-04:00,59.959999084472656,61.63999938964844,58.7400016784668,59.779998779296875,244400,0.0,0.0
2022-06-24 00:00:00-04:00,60.43000030517578,66.20999908447266,60.43000030517578,66.18000030517578,446200,0.0,0.0
2022-06-27 00:00:00-04:00,66.37000274658203,66.93000030517578,65.11000061035156,66.36000061035156,176000,0.0,0.0
2022-06-28 00:00:00-04:00,66.36000061035156,67.37000274658203,64.55999755859375,64.66000366210938,178400,0.0,0.0
2022-06-29 00:00:00-04:00,64.55999755859375,64.5999984741211,60.970001220703125,61.869998931884766,294500,0.0,0.0
2022-06-30 00:00:00-04:00,60.9900016784668,62.970001220703125,59.41999816894531,62.40999984741211,236200,0.0,0.0
2022-07-01 00:00:00-04:00,62.33000183105469,64.70999908447266,61.63999938964844,62.869998931884766,136900,0.0,0.0
2022-07-05 00:00:00-04:00,61.2400016784668,62.97999954223633,59.810001373291016,62.81999969482422,198500,0.0,0.0
2022-07-06 00:00:00-04:00,62.400001525878906,62.400001525878906,59.08000183105469,60.41999816894531,102900,0.0,0.0
2022-07-07 00:00:00-04:00,61.4900016784668,65.01000213623047,61.4900016784668,62.59000015258789,155300,0.0,0.0
2022-07-08 00:00:00-04:00,62.31999969482422,63.68000030517578,61.5099983215332,62.38999938964844,72300,0.0,0.0
2022-07-11 00:00:00-04:00,61.529998779296875,62.33000183105469,60.470001220703125,60.54999923706055,99900,0.0,0.0
2022-07-12 00:00:00-04:00,59.97999954223633,61.83000183105469,59.97999954223633,61.18000030517578,100300,0.0,0.0
2022-07-13 00:00:00-04:00,59.970001220703125,61.34000015258789,57.47999954223633,57.56999969482422,224400,0.0,0.0
2022-07-14 00:00:00-04:00,56.72999954223633,57.15999984741211,55.02000045776367,57.099998474121094,215400,0.0,0.0
2022-07-15 00:00:00-04:00,58.900001525878906,59.47999954223633,57.650001525878906,58.43000030517578,167700,0.0,0.0
2022-07-18 00:00:00-04:00,59.66999816894531,60.150001525878906,56.77000045776367,57.09000015258789,133000,0.0,0.0
2022-07-19 00:00:00-04:00,58.38999938964844,60.4900016784668,57.91999816894531,59.5099983215332,146500,0.0,0.0
2022-07-20 00:00:00-04:00,58.9900016784668,61.47999954223633,58.9900016784668,61.11000061035156,211100,0.0,0.0
2022-07-21 00:00:00-04:00,61.349998474121094,63.779998779296875,60.79999923706055,63.66999816894531,176900,0.0,0.0
2022-07-22 00:00:00-04:00,63.849998474121094,63.849998474121094,61.13999938964844,61.630001068115234,111100,0.0,0.0
2022-07-25 00:00:00-04:00,62.04999923706055,62.220001220703125,60.869998931884766,61.310001373291016,91900,0.0,0.0
2022-07-26 00:00:00-04:00,60.54999923706055,61.439998626708984,60.0,60.439998626708984,86500,0.0,0.0
2022-07-27 00:00:00-04:00,60.880001068115234,62.900001525878906,60.75,62.72999954223633,94500,0.0,0.0
2022-07-28 00:00:00-04:00,63.369998931884766,64.47000122070312,62.0099983215332,64.31999969482422,76700,0.0,0.0
2022-07-29 00:00:00-04:00,64.41000366210938,65.0,63.810001373291016,64.55999755859375,138300,0.0,0.0
2022-08-01 00:00:00-04:00,64.63999938964844,65.23999786376953,63.439998626708984,63.95000076293945,246800,0.0,0.0
2022-08-02 00:00:00-04:00,62.029998779296875,63.59000015258789,60.290000915527344,61.43000030517578,262200,0.0,0.0
2022-08-03 00:00:00-04:00,61.08000183105469,63.04999923706055,60.04999923706055,60.150001525878906,257400,0.0,0.0
2022-08-04 00:00:00-04:00,59.720001220703125,61.599998474121094,59.349998474121094,60.790000915527344,221700,0.0,0.0
2022-08-05 00:00:00-04:00,60.45000076293945,61.810001373291016,59.650001525878906,60.66999816894531,145200,0.0,0.0
2022-08-08 00:00:00-04:00,61.56999969482422,62.04999923706055,60.689998626708984,61.459999084472656,133200,0.0,0.0
2022-08-09 00:00:00-04:00,61.56999969482422,61.84000015258789,60.41999816894531,60.75,178100,0.0,0.0
2022-08-10 00:00:00-04:00,62.189998626708984,63.68000030517578,60.619998931884766,62.25,95300,0.0,0.0
2022-08-11 00:00:00-04:00,62.709999084472656,66.23999786376953,62.400001525878906,65.97000122070312,143500,0.0,0.0
2022-08-12 00:00:00-04:00,66.01000213623047,68.63999938964844,66.01000213623047,68.05000305175781,128800,0.0,0.0
2022-08-15 00:00:00-04:00,67.51000213623047,68.2699966430664,66.69000244140625,67.66999816894531,87500,0.0,0.0
2022-08-16 00:00:00-04:00,67.06999969482422,69.30000305175781,66.0199966430664,68.87000274658203,106000,0.0,0.0
2022-08-17 00:00:00-04:00,67.80000305175781,68.20999908447266,66.36000061035156,67.16000366210938,87300,0.0,0.0
2022-08-18 00:00:00-04:00,67.0199966430664,67.4000015258789,66.5,67.22000122070312,61800,0.0,0.0
2022-08-19 00:00:00-04:00,65.69999694824219,67.66000366210938,65.16999816894531,65.62999725341797,102100,0.0,0.0
2022-08-22 00:00:00-04:00,64.5199966430664,66.38999938964844,61.54999923706055,61.93000030517578,98200,0.0,0.0
2022-08-23 00:00:00-04:00,61.66999816894531,63.31999969482422,61.43000030517578,61.709999084472656,75000,0.0,0.0
2022-08-24 00:00:00-04:00,61.619998931884766,62.779998779296875,61.209999084472656,62.060001373291016,84000,0.0,0.0
2022-08-25 00:00:00-04:00,62.380001068115234,63.779998779296875,61.2400016784668,63.59000015258789,58300,0.0,0.0
2022-08-26 00:00:00-04:00,63.959999084472656,63.959999084472656,61.040000915527344,61.52000045776367,66100,0.0,0.0
2022-08-29 00:00:00-04:00,61.11000061035156,62.439998626708984,60.08000183105469,61.41999816894531,95600,0.0,0.0
2022-08-30 00:00:00-04:00,61.5,61.5,60.349998474121094,60.599998474121094,109300,0.0,0.0
2022-08-31 00:00:00-04:00,60.88999938964844,61.20000076293945,59.709999084472656,59.900001525878906,140200,0.0,0.0
2022-09-01 00:00:00-04:00,59.08000183105469,60.060001373291016,58.66999816894531,59.040000915527344,148500,0.0,0.0
2022-09-02 00:00:00-04:00,59.90999984741211,60.099998474121094,58.18000030517578,58.7599983215332,84400,0.0,0.0
2022-09-06 00:00:00-04:00,58.689998626708984,61.5099983215332,55.81999969482422,56.34000015258789,217900,0.0,0.0
2022-09-07 00:00:00-04:00,56.29999923706055,57.4900016784668,55.68000030517578,56.68000030517578,213200,0.0,0.0
2022-09-08 00:00:00-04:00,55.849998474121094,57.20000076293945,55.66999816894531,56.540000915527344,225000,0.0,0.0
2022-09-09 00:00:00-04:00,57.290000915527344,60.209999084472656,56.459999084472656,60.060001373291016,287200,0.0,0.0
2022-09-12 00:00:00-04:00,60.689998626708984,62.16999816894531,60.45000076293945,61.84000015258789,122900,0.0,0.0
2022-09-13 00:00:00-04:00,60.04999923706055,61.599998474121094,59.45000076293945,60.27000045776367,174300,0.0,0.0
2022-09-14 00:00:00-04:00,60.08000183105469,60.5,59.33000183105469,59.9900016784668,153000,0.0,0.0
2022-09-15 00:00:00-04:00,59.56999969482422,61.36000061035156,58.52000045776367,58.9900016784668,119400,0.0,0.0
2022-09-16 00:00:00-04:00,58.68000030517578,59.599998474121094,57.90999984741211,59.130001068115234,257900,0.0,0.0
2022-09-19 00:00:00-04:00,58.36000061035156,60.43000030517578,58.36000061035156,60.369998931884766,67200,0.0,0.0
2022-09-20 00:00:00-04:00,59.90999984741211,60.34000015258789,58.310001373291016,58.70000076293945,111200,0.0,0.0
2022-09-21 00:00:00-04:00,59.0,59.4900016784668,57.97999954223633,58.09000015258789,130100,0.0,0.0
2022-09-22 00:00:00-04:00,57.880001068115234,58.08000183105469,55.709999084472656,56.369998931884766,155700,0.0,0.0
2022-09-23 00:00:00-04:00,55.33000183105469,56.43000030517578,53.29999923706055,54.13999938964844,236400,0.0,0.0
2022-09-26 00:00:00-04:00,53.84000015258789,55.83000183105469,53.84000015258789,54.779998779296875,117900,0.0,0.0
2022-09-27 00:00:00-04:00,55.45000076293945,56.09000015258789,53.689998626708984,54.459999084472656,127600,0.0,0.0
2022-09-28 00:00:00-04:00,54.81999969482422,55.2400016784668,53.970001220703125,54.040000915527344,338900,0.0,0.0
2022-09-29 00:00:00-04:00,53.029998779296875,53.029998779296875,49.45000076293945,50.470001220703125,352500,0.0,0.0
2022-09-30 00:00:00-04:00,50.5099983215332,51.36000061035156,49.72999954223633,49.72999954223633,365800,0.0,0.0
2022-10-03 00:00:00-04:00,50.52000045776367,54.47999954223633,49.72999954223633,52.56999969482422,404800,0.0,0.0
2022-10-04 00:00:00-04:00,53.88999938964844,55.33000183105469,53.33000183105469,55.25,596100,0.0,0.0
2022-10-05 00:00:00-04:00,54.75,56.0099983215332,53.939998626708984,55.4900016784668,263100,0.0,0.0
2022-10-06 00:00:00-04:00,55.56999969482422,56.939998626708984,54.630001068115234,55.88999938964844,224400,0.0,0.0
2022-10-07 00:00:00-04:00,55.310001373291016,56.34000015258789,54.310001373291016,54.75,213500,0.0,0.0
2022-10-10 00:00:00-04:00,54.77000045776367,55.43000030517578,54.099998474121094,55.0,198300,0.0,0.0
2022-10-11 00:00:00-04:00,54.630001068115234,56.099998474121094,54.630001068115234,55.16999816894531,279000,0.0,0.0
2022-10-12 00:00:00-04:00,55.43000030517578,55.599998474121094,54.290000915527344,54.36000061035156,78300,0.0,0.0
2022-10-13 00:00:00-04:00,52.779998779296875,55.13999938964844,52.77000045776367,54.54999923706055,165200,0.0,0.0
2022-10-14 00:00:00-04:00,55.36000061035156,55.54999923706055,53.900001525878906,54.0099983215332,145000,0.0,0.0
2022-10-17 00:00:00-04:00,55.25,56.040000915527344,55.0099983215332,55.59000015258789,170900,0.0,0.0
2022-10-18 00:00:00-04:00,57.0,57.810001373291016,56.40999984741211,56.810001373291016,124300,0.0,0.0
2022-10-19 00:00:00-04:00,56.400001525878906,57.0,55.33000183105469,56.25,93100,0.0,0.0
2022-10-20 00:00:00-04:00,56.349998474121094,57.02000045776367,54.75,55.02000045776367,137900,0.0,0.0
2022-10-21 00:00:00-04:00,55.02000045776367,56.08000183105469,54.7400016784668,55.849998474121094,171300,0.0,0.0
2022-10-24 00:00:00-04:00,56.22999954223633,57.209999084472656,55.77000045776367,56.25,186100,0.0,0.0
2022-10-25 00:00:00-04:00,56.2599983215332,57.79999923706055,56.25,56.400001525878906,215400,0.0,0.0
2022-10-26 00:00:00-04:00,56.91999816894531,57.470001220703125,55.650001525878906,56.349998474121094,215800,0.0,0.0
2022-10-27 00:00:00-04:00,56.9900016784668,57.97999954223633,55.560001373291016,56.630001068115234,282200,0.0,0.0
2022-10-28 00:00:00-04:00,57.040000915527344,57.709999084472656,56.060001373291016,57.22999954223633,395000,0.0,0.0
2022-10-31 00:00:00-04:00,56.790000915527344,58.70000076293945,56.61000061035156,58.41999816894531,256600,0.0,0.0
2022-11-01 00:00:00-04:00,59.08000183105469,59.900001525878906,58.369998931884766,59.66999816894531,264800,0.0,0.0
2022-11-02 00:00:00-04:00,63.02000045776367,67.0199966430664,62.27000045776367,62.959999084472656,430700,0.0,0.0
2022-11-03 00:00:00-04:00,61.58000183105469,61.63999938964844,57.0099983215332,60.560001373291016,357300,0.0,0.0
2022-11-04 00:00:00-04:00,61.7599983215332,66.0,61.7599983215332,65.70999908447266,346300,0.0,0.0
2022-11-07 00:00:00-05:00,65.9000015258789,68.16999816894531,64.91999816894531,67.79000091552734,296800,0.0,0.0
2022-11-08 00:00:00-05:00,68.0,69.0199966430664,66.54000091552734,68.80999755859375,271800,0.0,0.0
2022-11-09 00:00:00-05:00,67.93000030517578,68.66000366210938,66.73999786376953,67.27999877929688,175200,0.0,0.0
2022-11-10 00:00:00-05:00,69.95999908447266,71.83999633789062,69.61000061035156,71.72000122070312,299700,0.0,0.0
2022-11-11 00:00:00-05:00,72.38999938964844,73.0,71.0999984741211,72.55999755859375,167200,0.0,0.0
2022-11-14 00:00:00-05:00,72.05999755859375,74.16999816894531,70.91000366210938,72.91000366210938,211200,0.0,0.0
2022-11-15 00:00:00-05:00,74.30999755859375,75.58999633789062,73.23999786376953,74.20999908447266,148500,0.0,0.0
2022-11-16 00:00:00-05:00,74.25,74.25,71.4000015258789,72.44000244140625,221900,0.0,0.0
2022-11-17 00:00:00-05:00,71.13999938964844,73.2699966430664,70.75,73.19999694824219,83400,0.0,0.0
2022-11-18 00:00:00-05:00,74.4800033569336,74.69999694824219,73.30999755859375,74.05000305175781,132800,0.0,0.0
2022-11-21 00:00:00-05:00,73.38999938964844,73.83999633789062,72.0999984741211,72.95999908447266,87800,0.0,0.0
2022-11-22 00:00:00-05:00,73.05000305175781,73.33000183105469,71.9000015258789,72.97000122070312,83600,0.0,0.0
2022-11-23 00:00:00-05:00,72.70999908447266,72.93000030517578,71.41999816894531,72.12999725341797,65000,0.0,0.0
2022-11-25 00:00:00-05:00,71.58999633789062,72.4000015258789,71.16999816894531,71.4800033569336,40200,0.0,0.0
2022-11-28 00:00:00-05:00,70.70999908447266,70.79000091552734,68.91000366210938,69.13999938964844,60400,0.0,0.0
2022-11-29 00:00:00-05:00,69.72000122070312,70.20999908447266,68.76000213623047,69.20999908447266,103500,0.0,0.0
2022-11-30 00:00:00-05:00,69.69000244140625,71.87000274658203,68.80999755859375,71.58999633789062,169400,0.0,0.0
2022-12-01 00:00:00-05:00,71.70999908447266,73.0,71.4000015258789,72.66999816894531,108200,0.0,0.0
2022-12-02 00:00:00-05:00,71.22000122070312,74.69000244140625,70.69000244140625,74.56999969482422,108300,0.0,0.0
2022-12-05 00:00:00-05:00,73.70999908447266,74.4000015258789,72.4000015258789,73.2300033569336,111200,0.0,0.0
2022-12-06 00:00:00-05:00,72.91999816894531,74.05000305175781,72.41000366210938,73.94999694824219,143600,0.0,0.0
2022-12-07 00:00:00-05:00,73.75,74.29000091552734,70.97000122070312,71.36000061035156,154800,0.0,0.0
2022-12-08 00:00:00-05:00,71.62000274658203,73.8499984741211,70.33000183105469,73.79000091552734,131100,0.0,0.0
2022-12-09 00:00:00-05:00,73.37999725341797,74.0999984741211,69.37999725341797,69.58000183105469,89800,0.0,0.0
2022-12-12 00:00:00-05:00,69.55999755859375,70.80999755859375,69.05999755859375,70.55000305175781,80200,0.0,0.0
2022-12-13 00:00:00-05:00,73.26000213623047,73.55000305175781,70.5999984741211,70.70999908447266,115100,0.0,0.0
2022-12-14 00:00:00-05:00,71.04000091552734,71.56999969482422,68.95999908447266,69.2300033569336,104200,0.0,0.0
2022-12-15 00:00:00-05:00,68.11000061035156,70.66000366210938,67.27999877929688,67.73999786376953,209600,0.0,0.0
2022-12-16 00:00:00-05:00,66.95999908447266,68.5,65.73999786376953,66.0,771700,0.0,0.0
2022-12-19 00:00:00-05:00,66.4800033569336,66.4800033569336,64.87999725341797,65.5,116600,0.0,0.0
2022-12-20 00:00:00-05:00,65.0,66.12000274658203,65.0,65.91000366210938,66100,0.0,0.0
2022-12-21 00:00:00-05:00,66.45999908447266,68.23999786376953,66.0,67.51000213623047,97500,0.0,0.0
2022-12-22 00:00:00-05:00,66.5199966430664,66.5199966430664,62.189998626708984,63.650001525878906,163100,0.0,0.0
2022-12-23 00:00:00-05:00,63.95000076293945,63.95000076293945,62.88999938964844,63.83000183105469,70100,0.0,0.0
2022-12-27 00:00:00-05:00,64.05999755859375,64.88999938964844,63.18000030517578,64.5,93500,0.0,0.0
2022-12-28 00:00:00-05:00,64.73999786376953,64.9000015258789,62.540000915527344,62.68000030517578,67000,0.0,0.0
2022-12-29 00:00:00-05:00,63.70000076293945,66.3499984741211,62.5,66.25,210900,0.0,0.0
2022-12-30 00:00:00-05:00,65.81999969482422,66.16000366210938,64.80000305175781,65.29000091552734,76900,0.0,0.0
2023-01-03 00:00:00-05:00,66.33000183105469,68.20999908447266,65.19000244140625,65.8499984741211,71300,0.0,0.0
2023-01-04 00:00:00-05:00,66.58000183105469,67.62000274658203,65.87999725341797,66.69999694824219,94400,0.0,0.0
2023-01-05 00:00:00-05:00,65.7699966430664,68.12000274658203,65.51000213623047,67.68000030517578,70000,0.0,0.0
2023-01-06 00:00:00-05:00,68.30000305175781,70.72000122070312,67.88999938964844,69.81999969482422,91400,0.0,0.0
2023-01-09 00:00:00-05:00,70.77999877929688,72.04000091552734,69.58000183105469,69.58999633789062,74200,0.0,0.0
2023-01-10 00:00:00-05:00,70.08999633789062,72.5199966430664,69.37999725341797,72.44999694824219,130700,0.0,0.0
2023-01-11 00:00:00-05:00,72.97000122070312,73.72000122070312,71.88999938964844,72.91999816894531,157000,0.0,0.0
2023-01-12 00:00:00-05:00,72.91999816894531,73.4800033569336,71.4800033569336,71.76000213623047,101400,0.0,0.0
2023-01-13 00:00:00-05:00,70.5999984741211,73.05000305175781,70.1500015258789,71.98999786376953,141400,0.0,0.0
2023-01-17 00:00:00-05:00,71.87999725341797,72.94999694824219,71.6500015258789,71.86000061035156,62600,0.0,0.0
2023-01-18 00:00:00-05:00,72.4000015258789,73.5199966430664,72.12999725341797,72.95999908447266,87100,0.0,0.0
2023-01-19 00:00:00-05:00,72.51000213623047,72.51000213623047,70.47000122070312,71.48999786376953,79300,0.0,0.0
2023-01-20 00:00:00-05:00,72.31999969482422,73.29000091552734,70.69000244140625,72.55000305175781,99000,0.0,0.0
2023-01-23 00:00:00-05:00,72.66999816894531,73.16000366210938,72.0199966430664,72.97000122070312,77800,0.0,0.0
2023-01-24 00:00:00-05:00,72.6500015258789,73.22000122070312,71.95999908447266,73.0999984741211,75700,0.0,0.0
2023-01-25 00:00:00-05:00,72.08999633789062,72.22000122070312,68.5199966430664,68.5199966430664,118800,0.0,0.0
2023-01-26 00:00:00-05:00,69.38999938964844,71.02999877929688,68.76000213623047,71.0,90200,0.0,0.0
2023-01-27 00:00:00-05:00,70.98999786376953,73.02999877929688,70.8499984741211,72.0,58800,0.0,0.0
2023-01-30 00:00:00-05:00,71.5,73.0199966430664,71.1500015258789,72.33999633789062,96000,0.0,0.0
2023-01-31 00:00:00-05:00,72.47000122070312,74.44000244140625,72.33999633789062,74.43000030517578,193300,0.0,0.0
2023-02-01 00:00:00-05:00,74.13999938964844,76.0,73.5199966430664,75.27999877929688,174900,0.0,0.0
2023-02-02 00:00:00-05:00,75.5,76.12999725341797,73.31999969482422,73.98999786376953,335700,0.0,0.0
2023-02-03 00:00:00-05:00,73.3499984741211,74.87999725341797,72.4800033569336,73.4000015258789,329500,0.0,0.0
2023-02-06 00:00:00-05:00,73.08999633789062,74.16000366210938,71.20999908447266,73.1500015258789,96900,0.0,0.0
2023-02-07 00:00:00-05:00,72.80000305175781,74.33000183105469,71.97000122070312,74.20999908447266,113700,0.0,0.0
2023-02-08 00:00:00-05:00,73.44999694824219,74.6500015258789,73.2300033569336,73.68000030517578,95600,0.0,0.0
2023-02-09 00:00:00-05:00,74.33000183105469,75.54000091552734,72.19999694824219,72.66000366210938,112400,0.0,0.0
2023-02-10 00:00:00-05:00,72.41999816894531,73.43000030517578,70.77999877929688,71.2300033569336,79000,0.0,0.0
2023-02-13 00:00:00-05:00,71.37000274658203,72.86000061035156,70.4800033569336,72.45999908447266,82400,0.0,0.0
2023-02-14 00:00:00-05:00,72.19000244140625,72.83000183105469,71.16999816894531,71.91000366210938,90000,0.0,0.0
2023-02-15 00:00:00-05:00,71.13999938964844,72.87999725341797,70.80000305175781,72.04000091552734,97300,0.0,0.0
2023-02-16 00:00:00-05:00,71.0999984741211,73.37999725341797,70.27999877929688,72.36000061035156,89800,0.0,0.0
2023-02-17 00:00:00-05:00,72.37999725341797,73.29000091552734,71.4000015258789,73.19000244140625,119400,0.0,0.0
2023-02-21 00:00:00-05:00,72.08000183105469,72.87000274658203,70.19000244140625,70.19000244140625,112300,0.0,0.0
2023-02-22 00:00:00-05:00,67.04000091552734,68.51000213623047,61.0,65.37999725341797,568800,0.0,0.0
2023-02-23 00:00:00-05:00,65.30000305175781,67.12000274658203,63.95000076293945,65.12999725341797,384300,0.0,0.0
2023-02-24 00:00:00-05:00,64.04000091552734,64.73999786376953,63.11000061035156,63.54999923706055,206900,0.0,0.0
2023-02-27 00:00:00-05:00,64.30000305175781,65.0,63.7400016784668,63.779998779296875,165600,0.0,0.0
2023-02-28 00:00:00-05:00,63.650001525878906,64.1500015258789,62.959999084472656,63.5099983215332,239300,0.0,0.0
2023-03-01 00:00:00-05:00,63.58000183105469,64.69999694824219,62.90999984741211,64.27999877929688,139100,0.0,0.0
2023-03-02 00:00:00-05:00,63.650001525878906,64.83000183105469,63.2599983215332,64.80000305175781,137000,0.0,0.0
2023-03-03 00:00:00-05:00,65.36000061035156,67.81999969482422,65.2699966430664,66.62999725341797,211100,0.0,0.0
2023-03-06 00:00:00-05:00,66.73999786376953,67.43000030517578,64.08000183105469,64.33000183105469,123500,0.0,0.0
2023-03-07 00:00:00-05:00,64.05000305175781,64.06999969482422,62.880001068115234,63.04999923706055,97900,0.0,0.0
2023-03-08 00:00:00-05:00,63.22999954223633,64.44999694824219,62.68000030517578,64.0,209700,0.0,0.0
2023-03-09 00:00:00-05:00,64.04000091552734,64.55999755859375,62.040000915527344,62.290000915527344,159400,0.0,0.0
2023-03-10 00:00:00-05:00,61.880001068115234,62.61000061035156,59.06999969482422,59.630001068115234,151000,0.0,0.0
2023-03-13 00:00:00-04:00,58.400001525878906,58.9900016784668,56.810001373291016,58.470001220703125,238500,0.0,0.0
2023-03-14 00:00:00-04:00,60.06999969482422,60.29999923706055,58.9900016784668,59.90999984741211,208200,0.0,0.0
2023-03-15 00:00:00-04:00,58.279998779296875,59.849998474121094,57.529998779296875,59.380001068115234,213900,0.0,0.0
2023-03-16 00:00:00-04:00,58.5,60.7599983215332,58.5,60.08000183105469,221500,0.0,0.0
2023-03-17 00:00:00-04:00,59.470001220703125,59.7400016784668,57.900001525878906,58.349998474121094,461900,0.0,0.0
2023-03-20 00:00:00-04:00,58.58000183105469,60.25,58.58000183105469,58.849998474121094,118800,0.0,0.0
2023-03-21 00:00:00-04:00,59.7400016784668,60.709999084472656,59.34000015258789,59.34000015258789,117000,0.0,0.0
2023-03-22 00:00:00-04:00,59.31999969482422,59.880001068115234,57.77000045776367,57.91999816894531,115500,0.0,0.0
2023-03-23 00:00:00-04:00,58.290000915527344,58.7599983215332,56.79999923706055,57.38999938964844,243100,0.0,0.0
2023-03-24 00:00:00-04:00,57.029998779296875,58.13999938964844,56.43000030517578,57.75,143500,0.0,0.0
2023-03-27 00:00:00-04:00,58.560001373291016,58.560001373291016,57.31999969482422,57.959999084472656,172900,0.0,0.0
2023-03-28 00:00:00-04:00,57.79999923706055,58.310001373291016,57.540000915527344,58.119998931884766,116500,0.0,0.0
2023-03-29 00:00:00-04:00,58.529998779296875,58.689998626708984,57.52000045776367,58.47999954223633,139700,0.0,0.0
2023-03-30 00:00:00-04:00,58.90999984741211,59.83000183105469,58.2599983215332,58.81999969482422,240600,0.0,0.0
2023-03-31 00:00:00-04:00,59.2400016784668,60.79999923706055,58.90999984741211,60.41999816894531,176800,0.0,0.0
2023-04-03 00:00:00-04:00,60.290000915527344,60.65999984741211,58.86000061035156,59.459999084472656,161000,0.0,0.0
2023-04-04 00:00:00-04:00,59.58000183105469,59.95000076293945,57.279998779296875,57.869998931884766,177600,0.0,0.0
2023-04-05 00:00:00-04:00,57.380001068115234,57.779998779296875,55.900001525878906,56.400001525878906,169800,0.0,0.0
2023-04-06 00:00:00-04:00,56.61000061035156,57.220001220703125,55.25,56.65999984741211,168300,0.0,0.0
2023-04-10 00:00:00-04:00,56.439998626708984,57.880001068115234,56.099998474121094,57.630001068115234,193500,0.0,0.0
2023-04-11 00:00:00-04:00,58.0,58.63999938964844,57.290000915527344,57.59000015258789,100000,0.0,0.0
2023-04-12 00:00:00-04:00,58.290000915527344,58.560001373291016,56.77000045776367,57.0,110200,0.0,0.0
2023-04-13 00:00:00-04:00,57.380001068115234,57.86000061035156,56.34000015258789,57.599998474121094,104700,0.0,0.0
2023-04-14 00:00:00-04:00,57.470001220703125,58.310001373291016,57.36000061035156,57.900001525878906,117000,0.0,0.0
2023-04-17 00:00:00-04:00,58.150001525878906,58.56999969482422,57.70000076293945,58.15999984741211,86500,0.0,0.0
2023-04-18 00:00:00-04:00,58.54999923706055,58.720001220703125,57.45000076293945,57.63999938964844,137700,0.0,0.0
2023-04-19 00:00:00-04:00,57.189998626708984,58.060001373291016,56.77000045776367,57.68000030517578,164600,0.0,0.0
2023-04-20 00:00:00-04:00,57.119998931884766,57.83000183105469,56.40999984741211,57.209999084472656,202700,0.0,0.0
2023-04-21 00:00:00-04:00,57.220001220703125,57.310001373291016,56.43000030517578,57.060001373291016,177100,0.0,0.0
2023-04-24 00:00:00-04:00,57.25,58.18000030517578,56.630001068115234,57.529998779296875,161600,0.0,0.0
2023-04-25 00:00:00-04:00,56.880001068115234,57.29999923706055,55.75,55.83000183105469,261800,0.0,0.0
2023-04-26 00:00:00-04:00,55.560001373291016,56.869998931884766,55.45000076293945,56.7400016784668,129900,0.0,0.0
2023-04-27 00:00:00-04:00,58.0099983215332,58.029998779296875,56.099998474121094,57.18000030517578,203800,0.0,0.0
2023-04-28 00:00:00-04:00,56.70000076293945,60.040000915527344,56.70000076293945,59.650001525878906,199100,0.0,0.0
2023-05-01 00:00:00-04:00,59.40999984741211,60.68000030517578,59.279998779296875,59.40999984741211,201300,0.0,0.0
2023-05-02 00:00:00-04:00,59.18000030517578,59.95000076293945,57.97999954223633,59.290000915527344,252600,0.0,0.0
2023-05-03 00:00:00-04:00,59.18000030517578,60.58000183105469,59.18000030517578,59.459999084472656,221000,0.0,0.0
2023-05-04 00:00:00-04:00,59.11000061035156,60.099998474121094,58.099998474121094,59.68000030517578,189200,0.0,0.0
2023-05-05 00:00:00-04:00,60.58000183105469,61.34000015258789,59.47999954223633,59.86000061035156,143700,0.0,0.0
2023-05-08 00:00:00-04:00,59.84000015258789,60.400001525878906,58.720001220703125,59.220001220703125,84400,0.0,0.0
2023-05-09 00:00:00-04:00,58.70000076293945,58.70000076293945,57.650001525878906,58.0099983215332,98100,0.0,0.0
2023-05-10 00:00:00-04:00,59.0,59.0,57.369998931884766,57.97999954223633,83900,0.0,0.0
2023-05-11 00:00:00-04:00,57.720001220703125,58.650001525878906,57.04999923706055,58.54999923706055,102600,0.0,0.0
2023-05-12 00:00:00-04:00,58.540000915527344,58.84000015258789,57.43000030517578,57.689998626708984,154100,0.0,0.0
2023-05-15 00:00:00-04:00,57.849998474121094,58.09000015258789,57.29999923706055,57.349998474121094,143600,0.0,0.0
2023-05-16 00:00:00-04:00,57.11000061035156,57.29999923706055,55.81999969482422,55.88999938964844,117900,0.0,0.0
2023-05-17 00:00:00-04:00,56.0099983215332,57.5,55.70000076293945,57.400001525878906,265200,0.0,0.0
2023-05-18 00:00:00-04:00,57.2400016784668,58.380001068115234,56.779998779296875,58.22999954223633,83900,0.0,0.0
2023-05-19 00:00:00-04:00,58.849998474121094,59.5,57.97999954223633,58.11000061035156,156900,0.0,0.0
2023-05-22 00:00:00-04:00,58.369998931884766,59.15999984741211,57.720001220703125,58.869998931884766,85300,0.0,0.0
2023-05-23 00:00:00-04:00,58.540000915527344,59.2400016784668,57.65999984741211,57.880001068115234,97000,0.0,0.0
2023-05-24 00:00:00-04:00,57.459999084472656,57.599998474121094,56.15999984741211,56.31999969482422,77700,0.0,0.0
2023-05-25 00:00:00-04:00,56.38999938964844,56.61000061035156,55.849998474121094,56.029998779296875,106700,0.0,0.0
2023-05-26 00:00:00-04:00,55.849998474121094,57.439998626708984,55.849998474121094,57.119998931884766,57900,0.0,0.0
2023-05-30 00:00:00-04:00,57.209999084472656,57.380001068115234,55.70000076293945,55.83000183105469,73500,0.0,0.0
2023-05-31 00:00:00-04:00,55.58000183105469,56.130001068115234,54.119998931884766,54.959999084472656,157600,0.0,0.0
2023-06-01 00:00:00-04:00,55.040000915527344,55.439998626708984,54.439998626708984,55.279998779296875,89400,0.0,0.0
2023-06-02 00:00:00-04:00,56.20000076293945,57.779998779296875,56.20000076293945,57.18000030517578,189300,0.0,0.0
2023-06-05 00:00:00-04:00,56.66999816894531,56.66999816894531,54.61000061035156,55.59000015258789,135000,0.0,0.0
2023-06-06 00:00:00-04:00,55.4900016784668,58.459999084472656,55.11000061035156,58.33000183105469,114300,0.0,0.0
2023-06-07 00:00:00-04:00,58.709999084472656,60.13999938964844,58.689998626708984,59.66999816894531,119500,0.0,0.0
2023-06-08 00:00:00-04:00,59.84000015258789,59.97999954223633,57.869998931884766,57.900001525878906,112200,0.0,0.0
2023-06-09 00:00:00-04:00,57.72999954223633,57.90999984741211,57.040000915527344,57.7599983215332,78700,0.0,0.0
2023-06-12 00:00:00-04:00,58.08000183105469,59.709999084472656,57.61000061035156,59.08000183105469,115100,0.0,0.0
2023-06-13 00:00:00-04:00,59.349998474121094,60.63999938964844,59.209999084472656,59.810001373291016,124100,0.0,0.0
2023-06-14 00:00:00-04:00,60.0099983215332,60.20000076293945,58.310001373291016,58.75,117600,0.0,0.0
2023-06-15 00:00:00-04:00,58.630001068115234,59.540000915527344,58.630001068115234,59.47999954223633,90600,0.0,0.0
2023-06-16 00:00:00-04:00,60.119998931884766,60.119998931884766,58.18000030517578,59.09000015258789,421200,0.0,0.0
2023-06-20 00:00:00-04:00,58.529998779296875,58.529998779296875,56.72999954223633,56.959999084472656,115600,0.0,0.0
2023-06-21 00:00:00-04:00,56.61000061035156,57.849998474121094,56.33000183105469,57.38999938964844,106200,0.0,0.0
2023-06-22 00:00:00-04:00,57.04999923706055,57.279998779296875,55.619998931884766,55.810001373291016,132800,0.0,0.0
2023-06-23 00:00:00-04:00,54.869998931884766,55.77000045776367,54.529998779296875,55.369998931884766,434100,0.0,0.0
2023-06-26 00:00:00-04:00,55.369998931884766,56.560001373291016,54.9900016784668,55.75,95200,0.0,0.0
2023-06-27 00:00:00-04:00,56.040000915527344,57.20000076293945,55.810001373291016,56.900001525878906,100600,0.0,0.0
2023-06-28 00:00:00-04:00,56.97999954223633,57.0,55.83000183105469,56.08000183105469,106500,0.0,0.0
2023-06-29 00:00:00-04:00,56.16999816894531,57.310001373291016,56.16999816894531,56.43000030517578,113200,0.0,0.0
2023-06-30 00:00:00-04:00,57.130001068115234,57.38999938964844,56.439998626708984,56.5099983215332,165000,0.0,0.0
2023-07-03 00:00:00-04:00,56.130001068115234,58.02000045776367,55.97999954223633,57.47999954223633,99800,0.0,0.0
2023-07-05 00:00:00-04:00,57.41999816894531,57.41999816894531,56.099998474121094,56.13999938964844,105600,0.0,0.0
2023-07-06 00:00:00-04:00,55.599998474121094,56.31999969482422,54.7400016784668,54.880001068115234,154900,0.0,0.0
2023-07-07 00:00:00-04:00,55.060001373291016,56.380001068115234,54.9900016784668,55.880001068115234,172100,0.0,0.0
2023-07-10 00:00:00-04:00,55.66999816894531,56.58000183105469,55.529998779296875,55.880001068115234,186200,0.0,0.0
2023-07-11 00:00:00-04:00,54.2400016784668,55.349998474121094,52.59000015258789,53.310001373291016,336100,0.0,0.0
2023-07-12 00:00:00-04:00,54.34000015258789,55.689998626708984,54.34000015258789,54.65999984741211,426400,0.0,0.0
2023-07-13 00:00:00-04:00,54.939998626708984,55.380001068115234,54.380001068115234,55.349998474121094,316400,0.0,0.0
2023-07-14 00:00:00-04:00,55.5099983215332,55.5099983215332,54.209999084472656,55.06999969482422,188200,0.0,0.0
2023-07-17 00:00:00-04:00,54.970001220703125,54.970001220703125,53.849998474121094,53.939998626708984,179300,0.0,0.0
2023-07-18 00:00:00-04:00,54.029998779296875,54.689998626708984,53.2599983215332,53.380001068115234,274100,0.0,0.0
2023-07-19 00:00:00-04:00,53.68000030517578,54.5,53.11000061035156,54.4900016784668,317300,0.0,0.0
2023-07-20 00:00:00-04:00,54.540000915527344,56.93000030517578,54.2599983215332,55.75,188100,0.0,0.0
2023-07-21 00:00:00-04:00,56.45000076293945,57.54999923706055,55.91999816894531,57.27000045776367,262100,0.0,0.0
2023-07-24 00:00:00-04:00,57.41999816894531,58.56999969482422,57.15999984741211,57.61000061035156,154000,0.0,0.0
2023-07-25 00:00:00-04:00,57.33000183105469,57.81999969482422,56.52000045776367,56.619998931884766,140300,0.0,0.0
2023-07-26 00:00:00-04:00,56.619998931884766,57.81999969482422,56.459999084472656,56.810001373291016,143200,0.0,0.0
2023-07-27 00:00:00-04:00,57.099998474121094,57.25,56.40999984741211,56.599998474121094,126300,0.0,0.0
2023-07-28 00:00:00-04:00,57.06999969482422,57.7599983215332,56.720001220703125,57.65999984741211,145900,0.0,0.0
2023-07-31 00:00:00-04:00,57.65999984741211,61.65999984741211,57.65999984741211,59.77000045776367,455500,0.0,0.0
2023-08-01 00:00:00-04:00,60.93000030517578,66.54000091552734,59.06999969482422,66.05999755859375,626600,0.0,0.0
2023-08-02 00:00:00-04:00,65.94000244140625,66.11000061035156,64.19999694824219,64.3499984741211,321800,0.0,0.0
2023-08-03 00:00:00-04:00,64.0,64.8499984741211,62.5,64.7699966430664,277900,0.0,0.0
2023-08-04 00:00:00-04:00,64.7300033569336,64.87000274658203,63.849998474121094,64.70999908447266,229400,0.0,0.0
2023-08-07 00:00:00-04:00,64.72000122070312,65.18000030517578,63.4900016784668,64.72000122070312,197500,0.0,0.0
2023-08-08 00:00:00-04:00,63.72999954223633,64.55000305175781,62.650001525878906,64.38999938964844,121200,0.0,0.0
2023-08-09 00:00:00-04:00,64.20999908447266,64.20999908447266,62.400001525878906,62.77000045776367,192400,0.0,0.0
2023-08-10 00:00:00-04:00,62.849998474121094,63.22999954223633,60.029998779296875,60.38999938964844,200500,0.0,0.0
2023-08-11 00:00:00-04:00,60.099998474121094,60.40999984741211,59.099998474121094,59.209999084472656,122600,0.0,0.0
2023-08-14 00:00:00-04:00,58.810001373291016,61.45000076293945,58.22999954223633,61.25,212500,0.0,0.0
2023-08-15 00:00:00-04:00,60.81999969482422,61.380001068115234,59.27000045776367,61.290000915527344,92900,0.0,0.0
2023-08-16 00:00:00-04:00,61.09000015258789,61.45000076293945,59.06999969482422,59.54999923706055,216700,0.0,0.0
2023-08-17 00:00:00-04:00,59.959999084472656,60.06999969482422,58.70000076293945,58.75,121600,0.0,0.0
2023-08-18 00:00:00-04:00,58.09000015258789,60.04999923706055,57.90999984741211,59.83000183105469,108800,0.0,0.0
2023-08-21 00:00:00-04:00,59.79999923706055,61.09000015258789,59.5,60.88999938964844,127000,0.0,0.0
2023-08-22 00:00:00-04:00,61.06999969482422,61.29999923706055,60.43000030517578,60.95000076293945,90900,0.0,0.0
2023-08-23 00:00:00-04:00,60.83000183105469,61.400001525878906,60.47999954223633,61.36000061035156,99600,0.0,0.0
2023-08-24 00:00:00-04:00,61.0,61.13999938964844,59.95000076293945,60.33000183105469,196300,0.0,0.0
2023-08-25 00:00:00-04:00,60.439998626708984,61.2599983215332,59.279998779296875,59.790000915527344,85700,0.0,0.0
2023-08-28 00:00:00-04:00,59.880001068115234,60.88999938964844,59.68000030517578,59.86000061035156,69000,0.0,0.0
2023-08-29 00:00:00-04:00,59.560001373291016,61.20000076293945,59.25,61.08000183105469,116300,0.0,0.0
2023-08-30 00:00:00-04:00,60.720001220703125,61.22999954223633,59.81999969482422,60.06999969482422,94000,0.0,0.0
2023-08-31 00:00:00-04:00,60.119998931884766,61.099998474121094,60.099998474121094,60.209999084472656,131500,0.0,0.0
2023-09-01 00:00:00-04:00,60.560001373291016,61.5,60.290000915527344,60.400001525878906,89200,0.0,0.0
2023-09-05 00:00:00-04:00,59.70000076293945,59.70000076293945,57.08000183105469,57.7400016784668,152700,0.0,0.0
2023-09-06 00:00:00-04:00,57.970001220703125,58.27000045776367,56.599998474121094,57.189998626708984,124000,0.0,0.0
2023-09-07 00:00:00-04:00,56.88999938964844,57.029998779296875,55.209999084472656,55.540000915527344,153900,0.0,0.0
2023-09-08 00:00:00-04:00,55.79999923706055,56.47999954223633,54.75,55.900001525878906,168200,0.0,0.0
2023-09-11 00:00:00-04:00,56.459999084472656,57.209999084472656,55.95000076293945,56.79999923706055,137500,0.0,0.0
2023-09-12 00:00:00-04:00,56.54999923706055,57.9900016784668,56.54999923706055,57.38999938964844,142400,0.0,0.0
2023-09-13 00:00:00-04:00,57.22999954223633,57.540000915527344,55.86000061035156,56.04999923706055,187200,0.0,0.0
2023-09-14 00:00:00-04:00,56.63999938964844,57.43000030517578,56.2400016784668,57.380001068115234,170600,0.0,0.0
2023-09-15 00:00:00-04:00,57.5,57.93000030517578,56.56999969482422,56.93000030517578,539100,0.0,0.0
2023-09-18 00:00:00-04:00,57.15999984741211,57.15999984741211,55.81999969482422,55.880001068115234,76300,0.0,0.0
2023-09-19 00:00:00-04:00,55.75,57.689998626708984,55.540000915527344,56.97999954223633,126200,0.0,0.0
2023-09-20 00:00:00-04:00,57.0,57.79999923706055,56.45000076293945,56.459999084472656,99000,0.0,0.0
2023-09-21 00:00:00-04:00,55.959999084472656,56.2599983215332,55.33000183105469,55.7599983215332,98400,0.0,0.0
2023-09-22 00:00:00-04:00,55.849998474121094,56.2599983215332,55.220001220703125,55.31999969482422,94200,0.0,0.0
2023-09-25 00:00:00-04:00,54.939998626708984,55.619998931884766,54.560001373291016,54.849998474121094,64300,0.0,0.0
2023-09-26 00:00:00-04:00,54.56999969482422,56.720001220703125,52.88999938964844,53.18000030517578,114900,0.0,0.0
2023-09-27 00:00:00-04:00,53.75,54.0099983215332,52.189998626708984,52.68000030517578,109400,0.0,0.0
2023-09-28 00:00:00-04:00,52.560001373291016,55.900001525878906,52.560001373291016,55.11000061035156,248300,0.0,0.0
2023-09-29 00:00:00-04:00,55.380001068115234,55.790000915527344,54.18000030517578,54.2599983215332,150400,0.0,0.0
2023-10-02 00:00:00-04:00,54.119998931884766,54.70000076293945,53.869998931884766,54.470001220703125,163600,0.0,0.0
2023-10-03 00:00:00-04:00,53.86000061035156,54.720001220703125,51.95000076293945,54.150001525878906,122600,0.0,0.0
2023-10-04 00:00:00-04:00,54.2400016784668,55.29999923706055,54.130001068115234,55.09000015258789,148400,0.0,0.0
2023-10-05 00:00:00-04:00,55.18000030517578,55.18000030517578,53.209999084472656,53.939998626708984,133200,0.0,0.0
2023-10-06 00:00:00-04:00,53.68000030517578,54.79999923706055,53.369998931884766,54.470001220703125,124200,0.0,0.0
2023-10-09 00:00:00-04:00,54.13999938964844,55.45000076293945,53.31999969482422,54.540000915527344,95900,0.0,0.0
2023-10-10 00:00:00-04:00,54.5,55.209999084472656,54.310001373291016,54.810001373291016,115100,0.0,0.0
2023-10-11 00:00:00-04:00,54.77000045776367,55.36000061035156,54.650001525878906,55.20000076293945,83700,0.0,0.0
2023-10-12 00:00:00-04:00,55.18000030517578,55.25,54.09000015258789,54.2400016784668,82900,0.0,0.0
2023-10-13 00:00:00-04:00,54.27000045776367,54.529998779296875,53.41999816894531,53.5,129200,0.0,0.0
2023-10-16 00:00:00-04:00,54.150001525878906,56.060001373291016,54.150001525878906,55.86000061035156,141500,0.0,0.0
2023-10-17 00:00:00-04:00,55.38999938964844,58.29999923706055,54.77000045776367,56.22999954223633,165700,0.0,0.0
2023-10-18 00:00:00-04:00,55.58000183105469,55.68000030517578,54.279998779296875,54.4900016784668,112900,0.0,0.0
2023-10-19 00:00:00-04:00,53.9900016784668,53.9900016784668,51.970001220703125,52.5099983215332,153900,0.0,0.0
2023-10-20 00:00:00-04:00,52.7400016784668,53.470001220703125,52.130001068115234,53.0099983215332,214900,0.0,0.0
2023-10-23 00:00:00-04:00,53.0099983215332,53.939998626708984,51.90999984741211,51.939998626708984,131200,0.0,0.0
2023-10-24 00:00:00-04:00,52.150001525878906,52.619998931884766,51.439998626708984,52.0,99100,0.0,0.0
2023-10-25 00:00:00-04:00,51.400001525878906,53.22999954223633,51.060001373291016,52.68000030517578,207900,0.0,0.0
2023-10-26 00:00:00-04:00,48.060001373291016,49.33000183105469,43.15999984741211,44.470001220703125,578900,0.0,0.0
2023-10-27 00:00:00-04:00,44.27000045776367,44.27000045776367,40.31999969482422,40.720001220703125,601900,0.0,0.0
2023-10-30 00:00:00-04:00,41.439998626708984,42.0099983215332,41.209999084472656,41.34000015258789,406700,0.0,0.0
2023-10-31 00:00:00-04:00,41.630001068115234,41.630001068115234,39.79999923706055,40.220001220703125,493900,0.0,0.0
2023-11-01 00:00:00-04:00,40.349998474121094,41.20000076293945,38.209999084472656,39.20000076293945,323900,0.0,0.0
2023-11-02 00:00:00-04:00,40.779998779296875,43.09000015258789,39.900001525878906,42.880001068115234,761300,0.0,0.0
2023-11-03 00:00:00-04:00,43.68000030517578,45.40999984741211,43.68000030517578,44.22999954223633,346500,0.0,0.0
2023-11-06 00:00:00-05:00,43.9900016784668,46.45000076293945,43.970001220703125,46.08000183105469,286700,0.0,0.0
2023-11-07 00:00:00-05:00,45.560001373291016,46.29999923706055,44.83000183105469,46.20000076293945,222000,0.0,0.0
2023-11-08 00:00:00-05:00,46.11000061035156,46.33000183105469,44.95000076293945,45.529998779296875,190600,0.0,0.0
2023-11-09 00:00:00-05:00,45.630001068115234,45.630001068115234,43.540000915527344,43.65999984741211,236700,0.0,0.0
2023-11-10 00:00:00-05:00,43.72999954223633,44.15999984741211,42.310001373291016,43.38999938964844,225800,0.0,0.0
2023-11-13 00:00:00-05:00,43.38999938964844,43.7599983215332,42.79999923706055,43.22999954223633,142500,0.0,0.0
2023-11-14 00:00:00-05:00,44.93000030517578,47.04999923706055,44.54999923706055,46.63999938964844,224000,0.0,0.0
2023-11-15 00:00:00-05:00,46.470001220703125,48.349998474121094,46.400001525878906,47.970001220703125,177700,0.0,0.0
2023-11-16 00:00:00-05:00,47.650001525878906,48.2599983215332,46.619998931884766,46.72999954223633,177100,0.0,0.0
2023-11-17 00:00:00-05:00,47.349998474121094,47.59000015258789,46.849998474121094,47.15999984741211,176400,0.0,0.0
2023-11-20 00:00:00-05:00,46.83000183105469,47.88999938964844,45.290000915527344,47.83000183105469,130600,0.0,0.0
2023-11-21 00:00:00-05:00,47.27000045776367,47.27000045776367,45.7599983215332,46.040000915527344,104700,0.0,0.0
2023-11-22 00:00:00-05:00,46.75,47.380001068115234,45.25,46.630001068115234,101500,0.0,0.0
2023-11-24 00:00:00-05:00,46.41999816894531,47.54999923706055,46.41999816894531,46.5099983215332,62900,0.0,0.0
2023-11-27 00:00:00-05:00,46.08000183105469,46.77000045776367,45.88999938964844,46.36000061035156,125700,0.0,0.0
2023-11-28 00:00:00-05:00,46.540000915527344,46.56999969482422,45.849998474121094,46.209999084472656,114100,0.0,0.0
2023-11-29 00:00:00-05:00,46.810001373291016,47.5,46.0,46.130001068115234,147900,0.0,0.0
2023-11-30 00:00:00-05:00,46.220001220703125,46.790000915527344,45.59000015258789,45.91999816894531,171000,0.0,0.0
2023-12-01 00:00:00-05:00,45.560001373291016,46.31999969482422,44.779998779296875,46.13999938964844,203500,0.0,0.0
2023-12-04 00:00:00-05:00,43.56999969482422,46.540000915527344,43.56999969482422,46.4900016784668,251800,0.0,0.0
2023-12-05 00:00:00-05:00,46.599998474121094,46.720001220703125,45.63999938964844,45.75,183500,0.0,0.0
2023-12-06 00:00:00-05:00,46.209999084472656,46.959999084472656,45.47999954223633,45.58000183105469,167200,0.0,0.0
2023-12-07 00:00:00-05:00,45.7400016784668,46.08000183105469,44.75,46.04999923706055,313500,0.0,0.0
2023-12-08 00:00:00-05:00,46.06999969482422,46.630001068115234,45.560001373291016,45.630001068115234,123600,0.0,0.0
2023-12-11 00:00:00-05:00,45.880001068115234,47.7599983215332,45.43000030517578,45.810001373291016,166200,0.0,0.0
2023-12-12 00:00:00-05:00,45.810001373291016,46.099998474121094,45.15999984741211,45.79999923706055,477700,0.0,0.0
2023-12-13 00:00:00-05:00,45.68000030517578,47.91999816894531,45.52000045776367,47.70000076293945,347200,0.0,0.0
2023-12-14 00:00:00-05:00,48.720001220703125,51.400001525878906,48.720001220703125,51.060001373291016,425300,0.0,0.0
2023-12-15 00:00:00-05:00,51.540000915527344,51.540000915527344,49.29999923706055,49.61000061035156,490600,0.0,0.0
2023-12-18 00:00:00-05:00,49.849998474121094,49.95000076293945,48.95000076293945,48.9900016784668,160000,0.0,0.0
2023-12-19 00:00:00-05:00,49.119998931884766,50.869998931884766,48.9900016784668,50.689998626708984,246600,0.0,0.0
2023-12-20 00:00:00-05:00,50.36000061035156,52.08000183105469,49.91999816894531,50.95000076293945,316600,0.0,0.0
2023-12-21 00:00:00-05:00,51.5,52.2400016784668,50.84000015258789,51.93000030517578,201700,0.0,0.0
2023-12-22 00:00:00-05:00,52.11000061035156,52.939998626708984,52.11000061035156,52.5,152400,0.0,0.0
2023-12-26 00:00:00-05:00,52.869998931884766,53.310001373291016,52.56999969482422,53.15999984741211,151000,0.0,0.0
2023-12-27 00:00:00-05:00,53.459999084472656,54.06999969482422,53.25,53.58000183105469,177400,0.0,0.0
2023-12-28 00:00:00-05:00,53.2599983215332,53.540000915527344,52.95000076293945,53.150001525878906,161200,0.0,0.0
2023-12-29 00:00:00-05:00,53.209999084472656,53.310001373291016,49.06999969482422,52.36000061035156,201700,0.0,0.0
2024-01-02 00:00:00-05:00,52.09000015258789,53.08000183105469,51.619998931884766,52.130001068115234,159500,0.0,0.0
2024-01-03 00:00:00-05:00,51.689998626708984,51.689998626708984,50.02000045776367,50.09000015258789,257200,0.0,0.0
2024-01-04 00:00:00-05:00,50.189998626708984,50.31999969482422,49.130001068115234,49.95000076293945,284800,0.0,0.0
2024-01-05 00:00:00-05:00,49.31999969482422,50.529998779296875,49.119998931884766,49.13999938964844,112400,0.0,0.0
2024-01-08 00:00:00-05:00,49.0099983215332,50.599998474121094,48.599998474121094,50.349998474121094,142700,0.0,0.0
2024-01-09 00:00:00-05:00,49.4900016784668,49.720001220703125,48.81999969482422,49.220001220703125,191100,0.0,0.0
2024-01-10 00:00:00-05:00,49.0,49.560001373291016,48.27000045776367,49.310001373291016,163300,0.0,0.0
2024-01-11 00:00:00-05:00,49.08000183105469,49.36000061035156,48.099998474121094,48.83000183105469,234600,0.0,0.0
2024-01-12 00:00:00-05:00,49.41999816894531,49.709999084472656,47.56999969482422,47.79999923706055,180400,0.0,0.0
2024-01-16 00:00:00-05:00,47.470001220703125,48.08000183105469,46.81999969482422,47.59000015258789,185500,0.0,0.0
2024-01-17 00:00:00-05:00,46.70000076293945,47.849998474121094,46.5099983215332,47.79999923706055,175800,0.0,0.0
2024-01-18 00:00:00-05:00,48.20000076293945,48.790000915527344,46.709999084472656,47.97999954223633,166400,0.0,0.0
2024-01-19 00:00:00-05:00,48.13999938964844,48.22999954223633,46.970001220703125,47.900001525878906,169200,0.0,0.0
2024-01-22 00:00:00-05:00,48.599998474121094,49.0,47.5,48.5099983215332,354800,0.0,0.0
2024-01-23 00:00:00-05:00,49.33000183105469,49.869998931884766,48.16999816894531,48.58000183105469,191000,0.0,0.0
2024-01-24 00:00:00-05:00,49.2599983215332,50.5,47.41999816894531,48.20000076293945,139600,0.0,0.0
2024-01-25 00:00:00-05:00,48.459999084472656,48.66999816894531,47.810001373291016,48.4900016784668,114400,0.0,0.0
2024-01-26 00:00:00-05:00,49.060001373291016,49.380001068115234,48.29999923706055,48.66999816894531,104400,0.0,0.0
2024-01-29 00:00:00-05:00,48.56999969482422,49.27000045776367,48.04999923706055,48.83000183105469,273600,0.0,0.0
2024-01-30 00:00:00-05:00,48.5,49.220001220703125,48.150001525878906,48.810001373291016,173700,0.0,0.0
2024-01-31 00:00:00-05:00,48.810001373291016,49.65999984741211,48.130001068115234,48.150001525878906,202300,0.0,0.0
2024-02-01 00:00:00-05:00,48.2599983215332,49.45000076293945,48.119998931884766,49.31999969482422,124700,0.0,0.0
2024-02-02 00:00:00-05:00,48.58000183105469,49.650001525878906,48.209999084472656,49.08000183105469,97500,0.0,0.0
2024-02-05 00:00:00-05:00,48.279998779296875,48.810001373291016,47.61000061035156,48.209999084472656,137600,0.0,0.0
2024-02-06 00:00:00-05:00,48.13999938964844,49.439998626708984,47.97999954223633,49.40999984741211,123400,0.0,0.0
2024-02-07 00:00:00-05:00,49.34000015258789,49.34000015258789,48.25,48.34000015258789,146800,0.0,0.0
2024-02-08 00:00:00-05:00,48.25,49.220001220703125,48.18000030517578,48.41999816894531,266800,0.0,0.0
2024-02-09 00:00:00-05:00,48.4900016784668,50.36000061035156,48.4900016784668,49.43000030517578,170000,0.0,0.0
2024-02-12 00:00:00-05:00,49.689998626708984,51.09000015258789,49.290000915527344,50.97999954223633,139700,0.0,0.0
2024-02-13 00:00:00-05:00,48.93000030517578,49.56999969482422,47.869998931884766,48.25,212200,0.0,0.0
2024-02-14 00:00:00-05:00,49.15999984741211,49.15999984741211,47.939998626708984,48.45000076293945,169500,0.0,0.0
2024-02-15 00:00:00-05:00,49.0099983215332,50.72999954223633,48.900001525878906,50.540000915527344,197200,0.0,0.0
2024-02-16 00:00:00-05:00,50.36000061035156,50.560001373291016,49.529998779296875,49.95000076293945,107300,0.0,0.0
2024-02-20 00:00:00-05:00,49.02000045776367,49.540000915527344,48.459999084472656,49.29999923706055,143300,0.0,0.0
2024-02-21 00:00:00-05:00,56.2400016784668,62.93000030517578,56.040000915527344,59.18000030517578,904400,0.0,0.0
2024-02-22 00:00:00-05:00,59.66999816894531,59.84000015258789,58.0,58.369998931884766,539900,0.0,0.0
2024-02-23 00:00:00-05:00,58.58000183105469,58.58000183105469,55.560001373291016,55.68000030517578,243400,0.0,0.0
2024-02-26 00:00:00-05:00,55.5099983215332,57.40999984741211,55.0099983215332,55.599998474121094,232800,0.0,0.0
2024-02-27 00:00:00-05:00,56.43000030517578,57.220001220703125,55.880001068115234,57.09000015258789,204300,0.0,0.0
2024-02-28 00:00:00-05:00,56.880001068115234,57.869998931884766,56.2400016784668,57.06999969482422,143300,0.0,0.0
2024-02-29 00:00:00-05:00,58.11000061035156,58.16999816894531,56.380001068115234,56.86000061035156,189700,0.0,0.0
2024-03-01 00:00:00-05:00,56.79999923706055,57.88999938964844,55.939998626708984,57.709999084472656,203700,0.0,0.0
2024-03-04 00:00:00-05:00,57.54999923706055,57.54999923706055,55.93000030517578,56.38999938964844,148500,0.0,0.0
2024-03-05 00:00:00-05:00,55.95000076293945,56.95000076293945,55.400001525878906,56.099998474121094,200300,0.0,0.0
2024-03-06 00:00:00-05:00,56.27000045776367,56.79999923706055,55.790000915527344,56.0099983215332,120500,0.0,0.0
2024-03-07 00:00:00-05:00,56.20000076293945,57.52000045776367,55.4900016784668,55.869998931884766,127400,0.0,0.0
2024-03-08 00:00:00-05:00,56.290000915527344,57.18000030517578,55.400001525878906,55.709999084472656,133400,0.0,0.0
2024-03-11 00:00:00-04:00,55.380001068115234,56.09000015258789,55.380001068115234,55.630001068115234,112700,0.0,0.0
2024-03-12 00:00:00-04:00,55.33000183105469,56.130001068115234,54.88999938964844,55.689998626708984,104700,0.0,0.0
2024-03-13 00:00:00-04:00,55.45000076293945,56.119998931884766,54.650001525878906,55.369998931884766,158500,0.0,0.0
2024-03-14 00:00:00-04:00,55.220001220703125,55.220001220703125,53.59000015258789,54.02000045776367,184800,0.0,0.0
2024-03-15 00:00:00-04:00,53.900001525878906,54.9900016784668,53.77000045776367,54.25,300500,0.0,0.0
2024-03-18 00:00:00-04:00,54.650001525878906,55.25,54.029998779296875,54.2400016784668,151000,0.0,0.0
2024-03-19 00:00:00-04:00,54.11000061035156,54.779998779296875,54.0,54.13999938964844,132200,0.0,0.0
2024-03-20 00:00:00-04:00,53.79999923706055,54.599998474121094,53.11000061035156,53.95000076293945,234900,0.0,0.0
2024-03-21 00:00:00-04:00,54.189998626708984,56.09000015258789,54.11000061035156,55.529998779296875,240600,0.0,0.0
2024-03-22 00:00:00-04:00,55.529998779296875,55.63999938964844,54.93000030517578,54.97999954223633,130600,0.0,0.0
2024-03-25 00:00:00-04:00,54.97999954223633,55.43000030517578,54.209999084472656,54.90999984741211,164700,0.0,0.0
2024-03-26 00:00:00-04:00,55.22999954223633,56.83000183105469,54.060001373291016,54.61000061035156,162900,0.0,0.0
2024-03-27 00:00:00-04:00,55.27000045776367,56.939998626708984,55.27000045776367,56.880001068115234,194700,0.0,0.0
2024-03-28 00:00:00-04:00,56.75,57.90999984741211,56.709999084472656,57.58000183105469,189000,0.0,0.0
2024-04-01 00:00:00-04:00,57.959999084472656,57.959999084472656,55.77000045776367,56.060001373291016,138800,0.0,0.0
2024-04-02 00:00:00-04:00,55.40999984741211,55.40999984741211,54.70000076293945,55.2599983215332,207100,0.0,0.0
2024-04-03 00:00:00-04:00,54.650001525878906,56.439998626708984,54.650001525878906,56.20000076293945,139300,0.0,0.0
2024-04-04 00:00:00-04:00,57.040000915527344,57.040000915527344,55.279998779296875,55.43000030517578,85400,0.0,0.0
2024-04-05 00:00:00-04:00,55.02000045776367,55.91999816894531,54.650001525878906,54.720001220703125,129000,0.0,0.0
2024-04-08 00:00:00-04:00,54.88999938964844,56.04999923706055,54.720001220703125,55.209999084472656,106600,0.0,0.0
2024-04-09 00:00:00-04:00,55.209999084472656,56.20000076293945,55.209999084472656,56.150001525878906,172300,0.0,0.0
2024-04-10 00:00:00-04:00,54.290000915527344,54.290000915527344,52.38999938964844,53.06999969482422,198200,0.0,0.0
2024-04-11 00:00:00-04:00,53.59000015258789,54.06999969482422,53.25,53.59000015258789,114100,0.0,0.0
2024-04-12 00:00:00-04:00,52.939998626708984,52.939998626708984,51.72999954223633,51.88999938964844,109900,0.0,0.0
2024-04-15 00:00:00-04:00,52.25,52.70000076293945,51.06999969482422,51.689998626708984,146100,0.0,0.0
2024-04-16 00:00:00-04:00,51.06999969482422,51.58000183105469,50.849998474121094,51.060001373291016,147900,0.0,0.0
2024-04-17 00:00:00-04:00,51.5099983215332,51.5099983215332,50.33000183105469,50.47999954223633,122600,0.0,0.0
2024-04-18 00:00:00-04:00,50.45000076293945,50.90999984741211,49.81999969482422,50.220001220703125,137400,0.0,0.0
2024-04-19 00:00:00-04:00,49.849998474121094,50.97999954223633,49.689998626708984,49.9900016784668,152900,0.0,0.0
2024-04-22 00:00:00-04:00,49.90999984741211,50.33000183105469,49.130001068115234,49.83000183105469,121200,0.0,0.0
2024-04-23 00:00:00-04:00,49.70000076293945,50.5,49.70000076293945,50.400001525878906,128600,0.0,0.0
2024-04-24 00:00:00-04:00,50.400001525878906,51.16999816894531,50.400001525878906,50.7400016784668,122600,0.0,0.0
2024-04-25 00:00:00-04:00,50.0,50.20000076293945,49.41999816894531,50.0099983215332,126600,0.0,0.0
2024-04-26 00:00:00-04:00,50.25,51.060001373291016,50.25,50.59000015258789,105300,0.0,0.0
2024-04-29 00:00:00-04:00,50.9900016784668,51.810001373291016,50.310001373291016,50.380001068115234,125600,0.0,0.0
2024-04-30 00:00:00-04:00,51.959999084472656,56.720001220703125,50.52000045776367,50.56999969482422,473300,0.0,0.0
2024-05-01 00:00:00-04:00,50.7599983215332,53.36000061035156,50.540000915527344,51.91999816894531,238000,0.0,0.0
2024-05-02 00:00:00-04:00,52.65999984741211,52.779998779296875,51.220001220703125,51.4900016784668,211000,0.0,0.0
2024-05-03 00:00:00-04:00,52.4900016784668,52.4900016784668,51.099998474121094,51.22999954223633,165500,0.0,0.0
2024-05-06 00:00:00-04:00,51.709999084472656,53.0,50.88999938964844,51.04999923706055,114900,0.0,0.0
2024-05-07 00:00:00-04:00,51.380001068115234,51.630001068115234,50.70000076293945,50.790000915527344,130200,0.0,0.0
2024-05-08 00:00:00-04:00,49.939998626708984,51.709999084472656,49.880001068115234,51.56999969482422,99400,0.0,0.0
2024-05-09 00:00:00-04:00,51.5,51.90999984741211,51.0,51.369998931884766,83600,0.0,0.0
2024-05-10 00:00:00-04:00,51.470001220703125,51.61000061035156,50.29999923706055,50.529998779296875,97600,0.0,0.0
2024-05-13 00:00:00-04:00,50.72999954223633,51.20000076293945,50.439998626708984,50.63999938964844,87400,0.0,0.0
2024-05-14 00:00:00-04:00,51.439998626708984,51.439998626708984,50.65999984741211,51.369998931884766,103600,0.0,0.0
2024-05-15 00:00:00-04:00,51.77000045776367,52.0,50.630001068115234,51.61000061035156,97900,0.0,0.0
2024-05-16 00:00:00-04:00,51.52000045776367,51.52000045776367,50.52000045776367,50.720001220703125,84900,0.0,0.0
2024-05-17 00:00:00-04:00,50.709999084472656,51.16999816894531,50.08000183105469,50.439998626708984,98100,0.0,0.0
2024-05-20 00:00:00-04:00,50.5099983215332,50.5099983215332,49.209999084472656,49.33000183105469,129800,0.0,0.0
2024-05-21 00:00:00-04:00,49.099998474121094,49.540000915527344,48.720001220703125,49.47999954223633,101200,0.0,0.0
2024-05-22 00:00:00-04:00,49.470001220703125,49.72999954223633,48.560001373291016,48.86000061035156,118700,0.0,0.0
2024-05-23 00:00:00-04:00,48.86000061035156,49.2599983215332,47.790000915527344,48.0,201200,0.0,0.0
2024-05-24 00:00:00-04:00,48.540000915527344,49.619998931884766,47.869998931884766,49.209999084472656,182700,0.0,0.0
2024-05-28 00:00:00-04:00,49.630001068115234,51.13999938964844,49.27000045776367,51.11000061035156,143400,0.0,0.0
2024-05-29 00:00:00-04:00,50.279998779296875,51.220001220703125,50.279998779296875,50.790000915527344,159600,0.0,0.0
2024-05-30 00:00:00-04:00,51.29999923706055,53.20000076293945,50.77000045776367,53.04999923706055,182200,0.0,0.0
2024-05-31 00:00:00-04:00,53.279998779296875,54.34000015258789,52.90999984741211,53.939998626708984,261200,0.0,0.0
2024-06-03 00:00:00-04:00,54.150001525878906,55.20000076293945,53.560001373291016,54.84000015258789,201200,0.0,0.0
2024-06-04 00:00:00-04:00,54.34000015258789,55.31999969482422,53.90999984741211,54.47999954223633,235900,0.0,0.0
2024-06-05 00:00:00-04:00,54.29999923706055,55.060001373291016,53.15999984741211,55.0099983215332,178400,0.0,0.0
2024-06-06 00:00:00-04:00,55.880001068115234,56.29999923706055,54.5099983215332,54.900001525878906,187800,0.0,0.0
2024-06-07 00:00:00-04:00,54.0,54.81999969482422,53.060001373291016,53.7599983215332,165400,0.0,0.0
2024-06-10 00:00:00-04:00,52.880001068115234,53.41999816894531,52.04999923706055,52.97999954223633,207800,0.0,0.0
2024-06-11 00:00:00-04:00,52.58000183105469,52.810001373291016,51.83000183105469,52.540000915527344,184000,0.0,0.0
2024-06-12 00:00:00-04:00,54.060001373291016,54.290000915527344,52.560001373291016,52.97999954223633,118600,0.0,0.0
2024-06-13 00:00:00-04:00,52.58000183105469,52.93000030517578,50.349998474121094,50.900001525878906,146100,0.0,0.0
2024-06-14 00:00:00-04:00,50.130001068115234,50.2400016784668,49.029998779296875,50.060001373291016,205600,0.0,0.0
2024-06-17 00:00:00-04:00,50.209999084472656,51.33000183105469,49.970001220703125,51.25,116700,0.0,0.0
2024-06-18 00:00:00-04:00,51.099998474121094,51.18000030517578,49.619998931884766,51.119998931884766,149400,0.0,0.0
2024-06-20 00:00:00-04:00,50.790000915527344,52.400001525878906,49.97999954223633,51.119998931884766,212200,0.0,0.0
2024-06-21 00:00:00-04:00,51.119998931884766,51.119998931884766,50.18000030517578,51.04999923706055,669100,0.0,0.0
2024-06-24 00:00:00-04:00,51.380001068115234,51.869998931884766,50.4900016784668,50.5099983215332,116200,0.0,0.0
2024-06-25 00:00:00-04:00,50.2400016784668,50.2400016784668,48.599998474121094,49.15999984741211,142900,0.0,0.0
2024-06-26 00:00:00-04:00,48.7400016784668,48.88999938964844,48.189998626708984,48.7400016784668,129200,0.0,0.0
2024-06-27 00:00:00-04:00,48.970001220703125,49.40999984741211,48.4900016784668,49.06999969482422,124700,0.0,0.0
2024-06-28 00:00:00-04:00,49.63999938964844,49.97999954223633,48.7400016784668,49.31999969482422,225900,0.0,0.0
2024-07-01 00:00:00-04:00,49.400001525878906,50.380001068115234,48.779998779296875,50.04999923706055,225400,0.0,0.0
2024-07-02 00:00:00-04:00,50.209999084472656,51.36000061035156,50.16999816894531,50.20000076293945,189300,0.0,0.0
2024-07-03 00:00:00-04:00,50.16999816894531,50.79999923706055,49.060001373291016,49.470001220703125,48700,0.0,0.0
2024-07-05 00:00:00-04:00,49.189998626708984,49.5099983215332,48.31999969482422,48.459999084472656,76400,0.0,0.0
2024-07-08 00:00:00-04:00,49.060001373291016,49.459999084472656,48.439998626708984,48.5099983215332,73500,0.0,0.0
2024-07-09 00:00:00-04:00,48.25,48.5,47.7599983215332,47.86000061035156,94100,0.0,0.0
2024-07-10 00:00:00-04:00,48.09000015258789,48.11000061035156,47.4900016784668,48.04999923706055,92600,0.0,0.0
2024-07-11 00:00:00-04:00,49.31999969482422,51.040000915527344,49.150001525878906,50.959999084472656,173400,0.0,0.0
2024-07-12 00:00:00-04:00,51.2400016784668,51.93000030517578,50.83000183105469,51.2400016784668,111700,0.0,0.0
2024-07-15 00:00:00-04:00,51.529998779296875,52.25,50.959999084472656,51.540000915527344,144800,0.0,0.0
2024-07-16 00:00:00-04:00,52.29999923706055,53.709999084472656,52.29999923706055,53.68000030517578,135600,0.0,0.0
2024-07-17 00:00:00-04:00,53.150001525878906,53.779998779296875,52.0,52.81999969482422,199000,0.0,0.0
2024-07-18 00:00:00-04:00,52.689998626708984,53.869998931884766,51.869998931884766,52.27000045776367,102200,0.0,0.0
2024-07-19 00:00:00-04:00,52.290000915527344,52.290000915527344,49.900001525878906,50.060001373291016,107200,0.0,0.0
2024-07-22 00:00:00-04:00,49.75,50.40999984741211,49.04999923706055,50.20000076293945,149200,0.0,0.0
2024-07-23 00:00:00-04:00,50.08000183105469,51.439998626708984,49.54999923706055,50.91999816894531,124800,0.0,0.0
2024-07-24 00:00:00-04:00,50.72999954223633,51.2599983215332,50.22999954223633,50.54999923706055,148100,0.0,0.0
2024-07-25 00:00:00-04:00,50.79999923706055,51.09000015258789,49.34000015258789,49.5,344200,0.0,0.0
2024-07-26 00:00:00-04:00,50.279998779296875,51.150001525878906,48.91999816894531,51.060001373291016,205400,0.0,0.0
2024-07-29 00:00:00-04:00,51.25,51.47999954223633,49.630001068115234,50.400001525878906,171400,0.0,0.0
2024-07-30 00:00:00-04:00,50.66999816894531,50.810001373291016,50.130001068115234,50.310001373291016,209400,0.0,0.0
2024-07-31 00:00:00-04:00,55.0,56.68000030517578,53.650001525878906,55.18000030517578,324000,0.0,0.0
2024-08-01 00:00:00-04:00,54.630001068115234,55.36000061035156,53.45000076293945,54.099998474121094,268600,0.0,0.0
2024-08-02 00:00:00-04:00,51.79999923706055,52.849998474121094,50.95000076293945,51.83000183105469,154000,0.0,0.0
2024-08-05 00:00:00-04:00,49.5,49.900001525878906,48.689998626708984,49.790000915527344,197300,0.0,0.0
2024-08-06 00:00:00-04:00,49.59000015258789,50.56999969482422,48.880001068115234,50.16999816894531,161000,0.0,0.0
2024-08-07 00:00:00-04:00,49.90999984741211,52.02000045776367,49.43000030517578,49.849998474121094,157600,0.0,0.0
2024-08-08 00:00:00-04:00,50.4900016784668,51.18000030517578,48.97999954223633,49.209999084472656,106000,0.0,0.0
2024-08-09 00:00:00-04:00,49.099998474121094,50.61000061035156,49.02000045776367,49.63999938964844,170400,0.0,0.0
2024-08-12 00:00:00-04:00,50.040000915527344,50.040000915527344,48.5,48.91999816894531,142500,0.0,0.0
2024-08-13 00:00:00-04:00,49.439998626708984,50.9900016784668,48.849998474121094,50.81999969482422,169800,0.0,0.0
2024-08-14 00:00:00-04:00,51.029998779296875,51.209999084472656,49.95000076293945,50.58000183105469,166300,0.0,0.0
2024-08-15 00:00:00-04:00,51.63999938964844,52.060001373291016,50.88999938964844,51.34000015258789,174300,0.0,0.0
2024-08-16 00:00:00-04:00,51.189998626708984,51.459999084472656,50.31999969482422,50.52000045776367,98700,0.0,0.0
2024-08-19 00:00:00-04:00,50.720001220703125,51.27000045776367,50.5099983215332,51.22999954223633,197400,0.0,0.0
2024-08-20 00:00:00-04:00,51.47999954223633,51.560001373291016,50.5,51.040000915527344,177100,0.0,0.0
2024-08-21 00:00:00-04:00,51.61000061035156,51.61000061035156,50.619998931884766,50.88999938964844,109200,0.0,0.0
2024-08-22 00:00:00-04:00,50.790000915527344,51.0099983215332,48.439998626708984,48.54999923706055,100800,0.0,0.0
2024-08-23 00:00:00-04:00,48.77000045776367,50.7599983215332,48.34000015258789,50.310001373291016,158500,0.0,0.0
2024-08-26 00:00:00-04:00,50.970001220703125,51.72999954223633,50.290000915527344,50.290000915527344,157500,0.0,0.0
2024-08-27 00:00:00-04:00,50.16999816894531,50.79999923706055,49.63999938964844,50.43000030517578,104800,0.0,0.0
2024-08-28 00:00:00-04:00,50.36000061035156,50.83000183105469,49.90999984741211,50.209999084472656,72900,0.0,0.0
2024-08-29 00:00:00-04:00,50.79999923706055,51.20000076293945,50.279998779296875,50.68000030517578,97700,0.0,0.0
2024-08-30 00:00:00-04:00,50.84000015258789,51.5099983215332,49.83000183105469,50.540000915527344,92900,0.0,0.0
2024-09-03 00:00:00-04:00,50.2400016784668,50.27000045776367,48.59000015258789,48.720001220703125,107000,0.0,0.0
2024-09-04 00:00:00-04:00,48.4900016784668,48.75,47.5,47.61000061035156,104100,0.0,0.0
2024-09-05 00:00:00-04:00,47.470001220703125,47.75,46.720001220703125,47.02000045776367,182800,0.0,0.0
2024-09-06 00:00:00-04:00,46.90999984741211,47.20000076293945,46.119998931884766,46.63999938964844,129300,0.0,0.0
2024-09-09 00:00:00-04:00,46.56999969482422,46.599998474121094,45.58000183105469,45.88999938964844,169200,0.0,0.0
2024-09-10 00:00:00-04:00,45.68000030517578,45.68000030517578,44.20000076293945,44.79999923706055,156800,0.0,0.0
2024-09-11 00:00:00-04:00,44.529998779296875,45.84000015258789,43.900001525878906,45.720001220703125,181200,0.0,0.0
2024-09-12 00:00:00-04:00,45.900001525878906,46.709999084472656,44.900001525878906,46.09000015258789,173200,0.0,0.0
2024-09-13 00:00:00-04:00,46.84000015258789,47.959999084472656,45.5,47.779998779296875,194300,0.0,0.0
2024-09-16 00:00:00-04:00,48.060001373291016,48.43000030517578,47.439998626708984,48.34000015258789,263000,0.0,0.0
2024-09-17 00:00:00-04:00,48.959999084472656,50.0,48.86000061035156,49.540000915527344,168000,0.0,0.0
2024-09-18 00:00:00-04:00,49.79999923706055,50.77000045776367,48.72999954223633,49.08000183105469,187500,0.0,0.0
2024-09-19 00:00:00-04:00,50.56999969482422,51.0,48.459999084472656,50.779998779296875,168200,0.0,0.0
2024-09-20 00:00:00-04:00,50.63999938964844,50.63999938964844,48.08000183105469,48.56999969482422,667400,0.0,0.0
2024-09-23 00:00:00-04:00,48.880001068115234,48.959999084472656,47.689998626708984,47.880001068115234,145900,0.0,0.0
2024-09-24 00:00:00-04:00,48.130001068115234,48.90999984741211,47.880001068115234,48.75,116300,0.0,0.0
2024-09-25 00:00:00-04:00,48.58000183105469,48.849998474121094,47.0,47.27000045776367,238700,0.0,0.0
2024-09-26 00:00:00-04:00,48.13999938964844,48.52000045776367,47.43000030517578,47.52000045776367,134100,0.0,0.0
2024-09-27 00:00:00-04:00,48.279998779296875,49.31999969482422,47.36000061035156,48.0,167400,0.0,0.0
2024-09-30 00:00:00-04:00,47.45000076293945,47.45000076293945,46.220001220703125,46.54999923706055,168900,0.0,0.0
2024-10-01 00:00:00-04:00,46.560001373291016,46.560001373291016,44.29999923706055,44.810001373291016,460700,0.0,0.0
2024-10-02 00:00:00-04:00,44.7400016784668,45.0,43.4900016784668,43.59000015258789,458400,0.0,0.0
2024-10-03 00:00:00-04:00,43.13999938964844,43.77000045776367,42.13999938964844,42.13999938964844,275300,0.0,0.0
2024-10-04 00:00:00-04:00,42.869998931884766,43.22999954223633,42.470001220703125,42.650001525878906,273100,0.0,0.0
2024-10-07 00:00:00-04:00,42.38999938964844,42.7400016784668,41.470001220703125,41.65999984741211,175100,0.0,0.0
2024-10-08 00:00:00-04:00,41.65999984741211,42.380001068115234,40.75,42.290000915527344,221900,0.0,0.0
2024-10-09 00:00:00-04:00,41.9900016784668,43.08000183105469,41.9900016784668,42.4900016784668,190500,0.0,0.0
2024-10-10 00:00:00-04:00,42.0099983215332,42.91999816894531,41.5099983215332,42.630001068115234,213900,0.0,0.0
2024-10-11 00:00:00-04:00,42.47999954223633,42.880001068115234,42.33000183105469,42.66999816894531,94500,0.0,0.0
2024-10-14 00:00:00-04:00,42.38999938964844,43.06999969482422,42.099998474121094,42.83000183105469,167500,0.0,0.0
2024-10-15 00:00:00-04:00,42.56999969482422,43.2599983215332,42.2599983215332,42.279998779296875,167900,0.0,0.0
2024-10-16 00:00:00-04:00,42.4900016784668,43.099998474121094,41.380001068115234,41.56999969482422,638500,0.0,0.0
2024-10-17 00:00:00-04:00,41.88999938964844,41.93000030517578,40.310001373291016,41.09000015258789,363000,0.0,0.0
2024-10-18 00:00:00-04:00,41.470001220703125,42.13999938964844,41.09000015258789,41.16999816894531,245900,0.0,0.0
2024-10-21 00:00:00-04:00,42.130001068115234,42.15999984741211,40.29999923706055,40.36000061035156,199600,0.0,0.0
2024-10-22 00:00:00-04:00,40.220001220703125,40.41999816894531,39.86000061035156,40.310001373291016,163200,0.0,0.0
2024-10-23 00:00:00-04:00,39.959999084472656,40.4900016784668,39.900001525878906,40.29999923706055,297400,0.0,0.0
2024-10-24 00:00:00-04:00,40.630001068115234,41.02000045776367,40.04999923706055,40.599998474121094,236700,0.0,0.0
2024-10-25 00:00:00-04:00,40.84000015258789,41.0,40.189998626708984,40.380001068115234,239500,0.0,0.0
2024-10-28 00:00:00-04:00,40.720001220703125,41.79999923706055,40.720001220703125,41.70000076293945,205600,0.0,0.0
2024-10-29 00:00:00-04:00,41.099998474121094,41.540000915527344,40.81999969482422,41.52000045776367,204400,0.0,0.0
2024-10-30 00:00:00-04:00,41.369998931884766,43.720001220703125,41.290000915527344,42.20000076293945,530500,0.0,0.0
2024-10-31 00:00:00-04:00,41.119998931884766,42.06999969482422,40.84000015258789,41.95000076293945,367700,0.0,0.0
2024-11-01 00:00:00-04:00,42.36000061035156,43.310001373291016,42.09000015258789,43.27000045776367,309300,0.0,0.0
2024-11-04 00:00:00-05:00,43.40999984741211,44.5,43.40999984741211,43.91999816894531,271800,0.0,0.0
2024-11-05 00:00:00-05:00,43.7599983215332,44.72999954223633,43.119998931884766,44.380001068115234,328400,0.0,0.0
2024-11-06 00:00:00-05:00,46.27000045776367,47.0,44.81999969482422,45.209999084472656,247100,0.0,0.0
2024-11-07 00:00:00-05:00,45.45000076293945,45.5,44.36000061035156,44.689998626708984,181400,0.0,0.0
2024-11-08 00:00:00-05:00,43.619998931884766,44.65999984741211,43.0099983215332,43.54999923706055,342500,0.0,0.0
2024-11-11 00:00:00-05:00,44.0,44.58000183105469,43.75,44.06999969482422,149900,0.0,0.0
2024-11-12 00:00:00-05:00,43.650001525878906,44.29999923706055,43.279998779296875,44.060001373291016,251400,0.0,0.0
2024-11-13 00:00:00-05:00,44.47999954223633,45.08000183105469,43.77000045776367,43.79999923706055,203300,0.0,0.0
2024-11-14 00:00:00-05:00,43.880001068115234,44.119998931884766,42.970001220703125,43.279998779296875,188500,0.0,0.0
2024-11-15 00:00:00-05:00,43.52000045776367,43.58000183105469,42.16999816894531,42.33000183105469,148500,0.0,0.0
2024-11-18 00:00:00-05:00,42.54999923706055,42.58000183105469,41.869998931884766,42.279998779296875,203300,0.0,0.0
2024-11-19 00:00:00-05:00,41.689998626708984,42.13999938964844,41.29999923706055,41.43000030517578,117500,0.0,0.0
2024-11-20 00:00:00-05:00,41.349998474121094,41.70000076293945,40.70000076293945,41.65999984741211,137200,0.0,0.0
2024-11-21 00:00:00-05:00,41.560001373291016,42.630001068115234,41.43000030517578,42.630001068115234,181800,0.0,0.0
2024-11-22 00:00:00-05:00,42.5,43.900001525878906,42.5,43.380001068115234,216500,0.0,0.0
2024-11-25 00:00:00-05:00,44.08000183105469,45.86000061035156,43.709999084472656,43.77000045776367,217300,0.0,0.0
2024-11-26 00:00:00-05:00,43.33000183105469,43.5,42.02000045776367,42.060001373291016,254800,0.0,0.0
2024-11-27 00:00:00-05:00,42.560001373291016,43.5099983215332,42.060001373291016,42.11000061035156,190000,0.0,0.0
2024-11-29 00:00:00-05:00,42.31999969482422,42.75,41.72999954223633,42.099998474121094,148100,0.0,0.0
2024-12-02 00:00:00-05:00,42.38999938964844,43.060001373291016,41.63999938964844,42.68000030517578,160700,0.0,0.0
2024-12-03 00:00:00-05:00,42.380001068115234,43.040000915527344,40.779998779296875,41.31999969482422,184900,0.0,0.0
2024-12-04 00:00:00-05:00,41.16999816894531,42.029998779296875,41.09000015258789,41.900001525878906,155700,0.0,0.0
2024-12-05 00:00:00-05:00,41.959999084472656,42.5,41.29999923706055,41.849998474121094,283200,0.0,0.0
2024-12-06 00:00:00-05:00,42.31999969482422,43.15999984741211,41.720001220703125,41.9900016784668,225300,0.0,0.0
2024-12-09 00:00:00-05:00,42.470001220703125,43.9900016784668,42.18000030517578,42.790000915527344,262000,0.0,0.0
2024-12-10 00:00:00-05:00,42.900001525878906,43.83000183105469,42.0099983215332,43.52000045776367,221500,0.0,0.0
2024-12-11 00:00:00-05:00,43.79999923706055,43.9900016784668,42.790000915527344,43.56999969482422,226300,0.0,0.0
2024-12-12 00:00:00-05:00,43.56999969482422,43.95000076293945,42.560001373291016,42.779998779296875,240100,0.0,0.0
2024-12-13 00:00:00-05:00,42.61000061035156,42.9900016784668,41.560001373291016,41.7400016784668,217400,0.0,0.0
2024-12-16 00:00:00-05:00,41.15999984741211,41.4900016784668,39.84000015258789,40.150001525878906,266200,0.0,0.0
2024-12-17 00:00:00-05:00,39.97999954223633,40.099998474121094,39.310001373291016,39.459999084472656,258000,0.0,0.0
2024-12-18 00:00:00-05:00,39.77000045776367,40.619998931884766,38.900001525878906,39.27000045776367,305300,0.0,0.0
2024-12-19 00:00:00-05:00,39.66999816894531,39.810001373291016,38.45000076293945,38.630001068115234,209200,0.0,0.0
2024-12-20 00:00:00-05:00,38.220001220703125,38.91999816894531,38.220001220703125,38.630001068115234,923000,0.0,0.0
2024-12-23 00:00:00-05:00,38.58000183105469,38.86000061035156,37.95000076293945,38.31999969482422,263800,0.0,0.0
2024-12-24 00:00:00-05:00,38.31999969482422,39.290000915527344,38.099998474121094,39.0,177600,0.0,0.0
2024-12-26 00:00:00-05:00,38.970001220703125,40.060001373291016,38.560001373291016,39.470001220703125,133300,0.0,0.0
2024-12-27 00:00:00-05:00,39.20000076293945,40.45000076293945,38.529998779296875,39.0099983215332,121100,0.0,0.0
2024-12-30 00:00:00-05:00,38.810001373291016,39.68000030517578,38.220001220703125,39.560001373291016,229700,0.0,0.0
2024-12-31 00:00:00-05:00,39.65999984741211,40.22999954223633,39.43000030517578,39.91999816894531,171500,0.0,0.0
2025-01-02 00:00:00-05:00,40.13999938964844,40.369998931884766,39.07500076293945,39.33000183105469,130161,0.0,0.0
