Date,Open,High,Low,Close,Volume,Dividends,Stock Splits
2022-01-03 00:00:00-05:00,7.960000038146973,8.050000190734863,7.789999961853027,7.809999942779541,106700,0.0,0.0
2022-01-04 00:00:00-05:00,7.909999847412109,7.929999828338623,7.679999828338623,7.829999923706055,97000,0.0,0.0
2022-01-05 00:00:00-05:00,7.889999866485596,7.920000076293945,7.820000171661377,7.869999885559082,57700,0.0,0.0
2022-01-06 00:00:00-05:00,7.800000190734863,7.96999979019165,7.760000228881836,7.800000190734863,24800,0.0,0.0
2022-01-07 00:00:00-05:00,7.949999809265137,7.949999809265137,7.71999979019165,7.75,64900,0.0,0.0
2022-01-10 00:00:00-05:00,7.760000228881836,7.900000095367432,7.429999828338623,7.900000095367432,48400,0.0,0.0
2022-01-11 00:00:00-05:00,7.789999961853027,7.920000076293945,7.599999904632568,7.659999847412109,32200,0.0,0.0
2022-01-12 00:00:00-05:00,7.550000190734863,7.639999866485596,7.309999942779541,7.329999923706055,62800,0.0,0.0
2022-01-13 00:00:00-05:00,7.369999885559082,7.449999809265137,7.309999942779541,7.360000133514404,60600,0.0,0.0
2022-01-14 00:00:00-05:00,7.150000095367432,7.28000020980835,7.070000171661377,7.210000038146973,27900,0.0,0.0
2022-01-18 00:00:00-05:00,7.349999904632568,7.480000019073486,7.010000228881836,7.289999961853027,89400,0.0,0.0
2022-01-19 00:00:00-05:00,7.300000190734863,7.400000095367432,7.119999885559082,7.170000076293945,53800,0.0,0.0
2022-01-20 00:00:00-05:00,7.199999809265137,7.480000019073486,7.110000133514404,7.170000076293945,54000,0.0,0.0
2022-01-21 00:00:00-05:00,7.230000019073486,7.519999980926514,7.090000152587891,7.150000095367432,44700,0.0,0.0
2022-01-24 00:00:00-05:00,7.179999828338623,7.590000152587891,6.96999979019165,7.300000190734863,96000,0.0,0.0
2022-01-25 00:00:00-05:00,7.179999828338623,7.21999979019165,7.010000228881836,7.179999828338623,43300,0.0,0.0
2022-01-26 00:00:00-05:00,7.199999809265137,7.389999866485596,7.110000133514404,7.199999809265137,73900,0.0,0.0
2022-01-27 00:00:00-05:00,7.199999809265137,7.300000190734863,7.019999980926514,7.139999866485596,107700,0.0,0.0
2022-01-28 00:00:00-05:00,7.150000095367432,7.289999961853027,7.010000228881836,7.260000228881836,44100,0.0,0.0
2022-01-31 00:00:00-05:00,7.260000228881836,7.349999904632568,7.150000095367432,7.260000228881836,84300,0.0,0.0
2022-02-01 00:00:00-05:00,7.300000190734863,7.579999923706055,7.190000057220459,7.5,86000,0.0,0.0
2022-02-02 00:00:00-05:00,7.559999942779541,7.699999809265137,7.449999809265137,7.599999904632568,109800,0.0,0.0
2022-02-03 00:00:00-05:00,7.579999923706055,7.690000057220459,7.369999885559082,7.449999809265137,60700,0.0,0.0
2022-02-04 00:00:00-05:00,8.449999809265137,8.449999809265137,7.630000114440918,7.630000114440918,566800,0.0,0.0
2022-02-07 00:00:00-05:00,7.96999979019165,8.710000038146973,7.809999942779541,8.59000015258789,323700,0.0,0.0
2022-02-08 00:00:00-05:00,8.550000190734863,9.109999656677246,8.550000190734863,8.979999542236328,367800,0.0,0.0
2022-02-09 00:00:00-05:00,8.989999771118164,9.140000343322754,8.84000015258789,8.949999809265137,211400,0.0,0.0
2022-02-10 00:00:00-05:00,9.0,9.15999984741211,8.930000305175781,8.979999542236328,158800,0.0,0.0
2022-02-11 00:00:00-05:00,9.109999656677246,9.130000114440918,8.84000015258789,8.899999618530273,382900,0.0,0.0
2022-02-14 00:00:00-05:00,9.0600004196167,9.3100004196167,8.899999618530273,9.039999961853027,270800,0.0,0.0
2022-02-15 00:00:00-05:00,9.020000457763672,9.399999618530273,8.979999542236328,9.029999732971191,187500,0.0,0.0
2022-02-16 00:00:00-05:00,9.119999885559082,9.170000076293945,8.520000457763672,8.539999961853027,184400,0.0,0.0
2022-02-17 00:00:00-05:00,8.489999771118164,8.760000228881836,8.399999618530273,8.760000228881836,144000,0.0,0.0
2022-02-18 00:00:00-05:00,8.800000190734863,9.149999618530273,8.600000381469727,8.630000114440918,144300,0.0,0.0
2022-02-22 00:00:00-05:00,8.630000114440918,8.930000305175781,8.279999732971191,8.569999694824219,284500,0.0,0.0
2022-02-23 00:00:00-05:00,8.600000381469727,8.84000015258789,8.4399995803833,8.619999885559082,174800,0.0,0.0
2022-02-24 00:00:00-05:00,8.449999809265137,8.640000343322754,8.390000343322754,8.550000190734863,113300,0.0,0.0
2022-02-25 00:00:00-05:00,8.5,8.5600004196167,8.010000228881836,8.460000038146973,233400,0.0,0.0
2022-02-28 00:00:00-05:00,8.460000038146973,8.770000457763672,8.460000038146973,8.640000343322754,195600,0.0,0.0
2022-03-01 00:00:00-05:00,8.699999809265137,9.0600004196167,8.699999809265137,8.859999656677246,303900,0.0,0.0
2022-03-02 00:00:00-05:00,8.859999656677246,8.930000305175781,8.59000015258789,8.75,96700,0.0,0.0
2022-03-03 00:00:00-05:00,8.75,8.819999694824219,8.5,8.779999732971191,98600,0.0,0.0
2022-03-04 00:00:00-05:00,8.850000381469727,8.880000114440918,8.600000381469727,8.800000190734863,334200,0.0,0.0
2022-03-07 00:00:00-05:00,8.789999961853027,8.800000190734863,8.5,8.579999923706055,154500,0.0,0.0
2022-03-08 00:00:00-05:00,8.579999923706055,8.579999923706055,8.109999656677246,8.220000267028809,162600,0.0,0.0
2022-03-09 00:00:00-05:00,8.300000190734863,8.40999984741211,8.210000038146973,8.319999694824219,45100,0.0,0.0
2022-03-10 00:00:00-05:00,8.229999542236328,8.640000343322754,8.229999542236328,8.59000015258789,108600,0.0,0.0
2022-03-11 00:00:00-05:00,8.449999809265137,8.680000305175781,8.210000038146973,8.289999961853027,111200,0.0,0.0
2022-03-14 00:00:00-04:00,8.289999961853027,8.34000015258789,8.029999732971191,8.069999694824219,94900,0.0,0.0
2022-03-15 00:00:00-04:00,8.0,8.359999656677246,7.739999771118164,8.229999542236328,125800,0.0,0.0
2022-03-16 00:00:00-04:00,8.25,8.630000114440918,8.25,8.470000267028809,111900,0.0,0.0
2022-03-17 00:00:00-04:00,8.5,8.6899995803833,8.430000305175781,8.619999885559082,99600,0.0,0.0
2022-03-18 00:00:00-04:00,8.520000457763672,8.829999923706055,8.479999542236328,8.680000305175781,126100,0.0,0.0
2022-03-21 00:00:00-04:00,8.600000381469727,8.880000114440918,8.550000190734863,8.720000267028809,136600,0.0,0.0
2022-03-22 00:00:00-04:00,8.729999542236328,8.84000015258789,8.699999809265137,8.699999809265137,150200,0.0,0.0
2022-03-23 00:00:00-04:00,8.789999961853027,8.890000343322754,8.630000114440918,8.75,143200,0.0,0.0
2022-03-24 00:00:00-04:00,8.819999694824219,8.819999694824219,8.680000305175781,8.779999732971191,201500,0.0,0.0
2022-03-25 00:00:00-04:00,8.8100004196167,8.84000015258789,8.649999618530273,8.699999809265137,294800,0.0,0.0
2022-03-28 00:00:00-04:00,8.720000267028809,8.779999732971191,8.65999984741211,8.729999542236328,131800,0.0,0.0
2022-03-29 00:00:00-04:00,8.729999542236328,9.279999732971191,8.670000076293945,9.100000381469727,524800,0.0,0.0
2022-03-30 00:00:00-04:00,9.100000381469727,9.350000381469727,9.039999961853027,9.050000190734863,322100,0.0,0.0
2022-03-31 00:00:00-04:00,9.010000228881836,9.109999656677246,8.710000038146973,8.850000381469727,195800,0.0,0.0
2022-04-01 00:00:00-04:00,8.800000190734863,9.109999656677246,8.789999961853027,8.979999542236328,358000,0.0,0.0
2022-04-04 00:00:00-04:00,9.0,9.149999618530273,8.84000015258789,9.119999885559082,167700,0.0,0.0
2022-04-05 00:00:00-04:00,9.170000076293945,9.300000190734863,8.90999984741211,8.949999809265137,109000,0.0,0.0
2022-04-06 00:00:00-04:00,8.850000381469727,8.989999771118164,8.350000381469727,8.649999618530273,169200,0.0,0.0
2022-04-07 00:00:00-04:00,8.680000305175781,8.770000457763672,8.270000457763672,8.5,102800,0.0,0.0
2022-04-08 00:00:00-04:00,8.470000267028809,8.5600004196167,8.359999656677246,8.4399995803833,83700,0.0,0.0
2022-04-11 00:00:00-04:00,8.4399995803833,8.670000076293945,8.25,8.350000381469727,109600,0.0,0.0
2022-04-12 00:00:00-04:00,8.420000076293945,9.0,8.289999961853027,8.8100004196167,132200,0.0,0.0
2022-04-13 00:00:00-04:00,8.890000343322754,9.390000343322754,8.829999923706055,9.279999732971191,163200,0.0,0.0
2022-04-14 00:00:00-04:00,9.260000228881836,9.729999542236328,9.260000228881836,9.569999694824219,224100,0.0,0.0
2022-04-18 00:00:00-04:00,9.600000381469727,10.010000228881836,9.569999694824219,9.779999732971191,353400,0.0,0.0
2022-04-19 00:00:00-04:00,9.699999809265137,10.149999618530273,9.699999809265137,10.130000114440918,242200,0.0,0.0
2022-04-20 00:00:00-04:00,10.5,11.109999656677246,10.399999618530273,10.550000190734863,444100,0.0,0.0
2022-04-21 00:00:00-04:00,10.550000190734863,10.630000114440918,10.289999961853027,10.489999771118164,232600,0.0,0.0
2022-04-22 00:00:00-04:00,10.489999771118164,10.510000228881836,9.979999542236328,10.119999885559082,214200,0.0,0.0
2022-04-25 00:00:00-04:00,10.050000190734863,10.140000343322754,9.930000305175781,10.079999923706055,323600,0.0,0.0
2022-04-26 00:00:00-04:00,10.119999885559082,10.149999618530273,9.789999961853027,9.930000305175781,266500,0.0,0.0
2022-04-27 00:00:00-04:00,10.0,10.119999885559082,9.850000381469727,10.0,205200,0.0,0.0
2022-04-28 00:00:00-04:00,10.229999542236328,10.239999771118164,9.890000343322754,10.149999618530273,209800,0.0,0.0
2022-04-29 00:00:00-04:00,10.079999923706055,10.420000076293945,9.960000038146973,10.359999656677246,293400,0.0,0.0
2022-05-02 00:00:00-04:00,10.300000190734863,10.300000190734863,9.880000114440918,10.180000305175781,333500,0.0,0.0
2022-05-03 00:00:00-04:00,10.149999618530273,10.420000076293945,9.9399995803833,10.390000343322754,420600,0.0,0.0
2022-05-04 00:00:00-04:00,10.5,11.15999984741211,10.5,10.960000038146973,412000,0.0,0.0
2022-05-05 00:00:00-04:00,11.430000305175781,11.449999809265137,9.920000076293945,10.010000228881836,460000,0.0,0.0
2022-05-06 00:00:00-04:00,9.859999656677246,10.010000228881836,8.770000457763672,8.859999656677246,478600,0.0,0.0
2022-05-09 00:00:00-04:00,8.609999656677246,8.970000267028809,8.430000305175781,8.670000076293945,265700,0.0,0.0
2022-05-10 00:00:00-04:00,8.819999694824219,8.949999809265137,7.929999828338623,8.039999961853027,462100,0.0,0.0
2022-05-11 00:00:00-04:00,7.940000057220459,8.3100004196167,7.880000114440918,8.15999984741211,288600,0.0,0.0
2022-05-12 00:00:00-04:00,8.039999961853027,8.569999694824219,8.039999961853027,8.460000038146973,333400,0.0,0.0
2022-05-13 00:00:00-04:00,8.5,8.949999809265137,8.5,8.760000228881836,241000,0.0,0.0
2022-05-16 00:00:00-04:00,8.6899995803833,8.829999923706055,8.449999809265137,8.489999771118164,220500,0.0,0.0
2022-05-17 00:00:00-04:00,8.479999542236328,8.680000305175781,8.40999984741211,8.630000114440918,205400,0.0,0.0
2022-05-18 00:00:00-04:00,8.529999732971191,8.649999618530273,8.220000267028809,8.319999694824219,219100,0.0,0.0
2022-05-19 00:00:00-04:00,8.289999961853027,8.649999618530273,8.25,8.600000381469727,552500,0.0,0.0
2022-05-20 00:00:00-04:00,8.670000076293945,8.720000267028809,8.199999809265137,8.319999694824219,128800,0.0,0.0
2022-05-23 00:00:00-04:00,8.359999656677246,8.420000076293945,8.1899995803833,8.260000228881836,172200,0.0,0.0
2022-05-24 00:00:00-04:00,8.170000076293945,8.180000305175781,7.840000152587891,8.109999656677246,155700,0.0,0.0
2022-05-25 00:00:00-04:00,8.0600004196167,8.619999885559082,8.0600004196167,8.579999923706055,449500,0.0,0.0
2022-05-26 00:00:00-04:00,8.670000076293945,9.210000038146973,8.609999656677246,9.079999923706055,543400,0.0,0.0
2022-05-27 00:00:00-04:00,9.0600004196167,9.199999809265137,8.949999809265137,9.170000076293945,161000,0.0,0.0
2022-05-31 00:00:00-04:00,9.119999885559082,9.319999694824219,9.0,9.079999923706055,322300,0.0,0.0
2022-06-01 00:00:00-04:00,9.1899995803833,9.4399995803833,9.069999694824219,9.25,507600,0.0,0.0
2022-06-02 00:00:00-04:00,9.1899995803833,9.630000114440918,9.149999618530273,9.380000114440918,164900,0.0,0.0
2022-06-03 00:00:00-04:00,9.239999771118164,9.319999694824219,9.020000457763672,9.199999809265137,176800,0.0,0.0
2022-06-06 00:00:00-04:00,9.390000343322754,9.479999542236328,8.609999656677246,8.75,288100,0.0,0.0
2022-06-07 00:00:00-04:00,8.649999618530273,8.920000076293945,8.390000343322754,8.899999618530273,667900,0.0,0.0
2022-06-08 00:00:00-04:00,8.90999984741211,8.989999771118164,8.600000381469727,8.869999885559082,131200,0.0,0.0
2022-06-09 00:00:00-04:00,8.829999923706055,8.829999923706055,8.539999961853027,8.649999618530273,167200,0.0,0.0
2022-06-10 00:00:00-04:00,8.539999961853027,8.649999618530273,8.199999809265137,8.229999542236328,158500,0.0,0.0
2022-06-13 00:00:00-04:00,8.0,8.050000190734863,7.559999942779541,7.639999866485596,391100,0.0,0.0
2022-06-14 00:00:00-04:00,7.699999809265137,7.949999809265137,7.53000020980835,7.840000152587891,202600,0.0,0.0
2022-06-15 00:00:00-04:00,7.880000114440918,8.34000015258789,7.880000114440918,8.289999961853027,299900,0.0,0.0
2022-06-16 00:00:00-04:00,8.15999984741211,8.260000228881836,7.820000171661377,7.889999866485596,480000,0.0,0.0
2022-06-17 00:00:00-04:00,7.940000057220459,8.069999694824219,7.75,7.78000020980835,262000,0.0,0.0
2022-06-21 00:00:00-04:00,7.840000152587891,7.980000019073486,7.489999771118164,7.53000020980835,750200,0.0,0.0
2022-06-22 00:00:00-04:00,7.489999771118164,7.570000171661377,7.050000190734863,7.110000133514404,793600,0.0,0.0
2022-06-23 00:00:00-04:00,7.079999923706055,7.46999979019165,7.059999942779541,7.289999961853027,397600,0.0,0.0
2022-06-24 00:00:00-04:00,7.329999923706055,7.550000190734863,6.800000190734863,6.880000114440918,4229600,0.0,0.0
2022-06-27 00:00:00-04:00,6.960000038146973,7.590000152587891,6.960000038146973,7.559999942779541,672600,0.0,0.0
2022-06-28 00:00:00-04:00,7.929999828338623,8.229999542236328,7.53000020980835,7.53000020980835,507900,0.0,0.0
2022-06-29 00:00:00-04:00,7.559999942779541,7.630000114440918,7.320000171661377,7.369999885559082,464900,0.0,0.0
2022-06-30 00:00:00-04:00,7.289999961853027,7.360000133514404,6.989999771118164,7.130000114440918,428900,0.0,0.0
2022-07-01 00:00:00-04:00,7.130000114440918,7.309999942779541,7.079999923706055,7.260000228881836,184400,0.0,0.0
2022-07-05 00:00:00-04:00,7.119999885559082,7.440000057220459,7.050000190734863,7.420000076293945,322300,0.0,0.0
2022-07-06 00:00:00-04:00,7.409999847412109,7.460000038146973,7.25,7.420000076293945,310700,0.0,0.0
2022-07-07 00:00:00-04:00,7.5,7.699999809265137,7.239999771118164,7.360000133514404,336100,0.0,0.0
2022-07-08 00:00:00-04:00,7.409999847412109,7.449999809265137,7.090000152587891,7.409999847412109,205700,0.0,0.0
2022-07-11 00:00:00-04:00,7.380000114440918,7.420000076293945,7.239999771118164,7.340000152587891,194500,0.0,0.0
2022-07-12 00:00:00-04:00,7.480000019073486,7.789999961853027,7.480000019073486,7.75,290100,0.0,0.0
2022-07-13 00:00:00-04:00,7.590000152587891,7.880000114440918,7.590000152587891,7.869999885559082,179600,0.0,0.0
2022-07-14 00:00:00-04:00,7.670000076293945,7.769999980926514,7.429999828338623,7.449999809265137,131900,0.0,0.0
2022-07-15 00:00:00-04:00,7.579999923706055,7.789999961853027,7.420000076293945,7.760000228881836,228600,0.0,0.0
2022-07-18 00:00:00-04:00,7.800000190734863,7.960000038146973,7.510000228881836,7.53000020980835,322300,0.0,0.0
2022-07-19 00:00:00-04:00,7.679999828338623,7.869999885559082,7.670000076293945,7.71999979019165,138700,0.0,0.0
2022-07-20 00:00:00-04:00,7.71999979019165,7.78000020980835,7.519999980926514,7.550000190734863,261200,0.0,0.0
2022-07-21 00:00:00-04:00,7.5,7.769999980926514,7.46999979019165,7.760000228881836,248800,0.0,0.0
2022-07-22 00:00:00-04:00,7.75,7.789999961853027,7.590000152587891,7.739999771118164,141300,0.0,0.0
2022-07-25 00:00:00-04:00,7.75,7.920000076293945,7.650000095367432,7.690000057220459,133800,0.0,0.0
2022-07-26 00:00:00-04:00,7.650000095367432,7.71999979019165,7.559999942779541,7.619999885559082,89100,0.0,0.0
2022-07-27 00:00:00-04:00,7.639999866485596,7.860000133514404,7.610000133514404,7.849999904632568,144000,0.0,0.0
2022-07-28 00:00:00-04:00,7.920000076293945,7.949999809265137,7.75,7.949999809265137,310000,0.0,0.0
2022-07-29 00:00:00-04:00,7.920000076293945,8.130000114440918,7.849999904632568,8.039999961853027,253300,0.0,0.0
2022-08-01 00:00:00-04:00,8.0,8.1899995803833,7.949999809265137,8.130000114440918,197800,0.0,0.0
2022-08-02 00:00:00-04:00,8.050000190734863,8.270000457763672,8.050000190734863,8.15999984741211,179200,0.0,0.0
2022-08-03 00:00:00-04:00,8.180000305175781,8.3100004196167,8.079999923706055,8.300000190734863,134700,0.0,0.0
2022-08-04 00:00:00-04:00,7.929999828338623,7.960000038146973,6.840000152587891,7.159999847412109,1305300,0.0,0.0
2022-08-05 00:00:00-04:00,7.050000190734863,7.139999866485596,6.860000133514404,6.920000076293945,526000,0.0,0.0
2022-08-08 00:00:00-04:00,6.940000057220459,7.070000171661377,6.869999885559082,6.900000095367432,374800,0.0,0.0
2022-08-09 00:00:00-04:00,6.889999866485596,6.900000095367432,6.579999923706055,6.690000057220459,333400,0.0,0.0
2022-08-10 00:00:00-04:00,6.800000190734863,6.900000095367432,6.679999828338623,6.800000190734863,265000,0.0,0.0
2022-08-11 00:00:00-04:00,6.860000133514404,6.869999885559082,6.690000057220459,6.71999979019165,402500,0.0,0.0
2022-08-12 00:00:00-04:00,6.809999942779541,6.869999885559082,6.71999979019165,6.829999923706055,406000,0.0,0.0
2022-08-15 00:00:00-04:00,6.75,7.170000076293945,6.739999771118164,7.010000228881836,303000,0.0,0.0
2022-08-16 00:00:00-04:00,7.010000228881836,7.289999961853027,7.010000228881836,7.090000152587891,304700,0.0,0.0
2022-08-17 00:00:00-04:00,7.019999980926514,7.269999980926514,6.929999828338623,7.010000228881836,220600,0.0,0.0
2022-08-18 00:00:00-04:00,6.949999809265137,7.21999979019165,6.929999828338623,7.150000095367432,232400,0.0,0.0
2022-08-19 00:00:00-04:00,7.150000095367432,7.349999904632568,7.099999904632568,7.320000171661377,215500,0.0,0.0
2022-08-22 00:00:00-04:00,7.300000190734863,7.320000171661377,7.119999885559082,7.159999847412109,148700,0.0,0.0
2022-08-23 00:00:00-04:00,7.170000076293945,7.210000038146973,6.960000038146973,6.980000019073486,138300,0.0,0.0
2022-08-24 00:00:00-04:00,6.989999771118164,7.150000095367432,6.920000076293945,6.989999771118164,190900,0.0,0.0
2022-08-25 00:00:00-04:00,7.0,7.150000095367432,6.989999771118164,7.079999923706055,156200,0.0,0.0
2022-08-26 00:00:00-04:00,7.039999961853027,7.079999923706055,6.800000190734863,6.840000152587891,168400,0.0,0.0
2022-08-29 00:00:00-04:00,6.829999923706055,6.889999866485596,6.75,6.849999904632568,396400,0.0,0.0
2022-08-30 00:00:00-04:00,6.849999904632568,6.909999847412109,6.789999961853027,6.869999885559082,284900,0.0,0.0
2022-08-31 00:00:00-04:00,6.860000133514404,6.900000095367432,6.789999961853027,6.860000133514404,105500,0.0,0.0
2022-09-01 00:00:00-04:00,6.829999923706055,6.829999923706055,6.679999828338623,6.760000228881836,255900,0.0,0.0
2022-09-02 00:00:00-04:00,6.769999980926514,6.880000114440918,6.690000057220459,6.760000228881836,134400,0.0,0.0
2022-09-06 00:00:00-04:00,6.760000228881836,6.849999904632568,6.670000076293945,6.820000171661377,183000,0.0,0.0
2022-09-07 00:00:00-04:00,6.800000190734863,6.920000076293945,6.800000190734863,6.889999866485596,294400,0.0,0.0
2022-09-08 00:00:00-04:00,6.829999923706055,6.889999866485596,6.730000019073486,6.78000020980835,211600,0.0,0.0
2022-09-09 00:00:00-04:00,6.820000171661377,7.019999980926514,6.809999942779541,6.940000057220459,136400,0.0,0.0
2022-09-12 00:00:00-04:00,7.0,7.070000171661377,6.800000190734863,6.860000133514404,144700,0.0,0.0
2022-09-13 00:00:00-04:00,6.710000038146973,6.800000190734863,6.5,6.539999961853027,209800,0.0,0.0
2022-09-14 00:00:00-04:00,6.539999961853027,6.699999809265137,6.420000076293945,6.570000171661377,213700,0.0,0.0
2022-09-15 00:00:00-04:00,6.539999961853027,6.699999809265137,6.429999828338623,6.5,146400,0.0,0.0
2022-09-16 00:00:00-04:00,6.440000057220459,6.489999771118164,6.170000076293945,6.440000057220459,494700,0.0,0.0
2022-09-19 00:00:00-04:00,6.389999866485596,6.550000190734863,6.369999885559082,6.420000076293945,144100,0.0,0.0
2022-09-20 00:00:00-04:00,6.380000114440918,6.440000057220459,6.210000038146973,6.340000152587891,229100,0.0,0.0
2022-09-21 00:00:00-04:00,6.380000114440918,6.380000114440918,6.159999847412109,6.159999847412109,206200,0.0,0.0
2022-09-22 00:00:00-04:00,6.159999847412109,6.159999847412109,5.650000095367432,5.670000076293945,114100,0.0,0.0
2022-09-23 00:00:00-04:00,5.559999942779541,5.739999771118164,5.5,5.590000152587891,362000,0.0,0.0
2022-09-26 00:00:00-04:00,5.590000152587891,5.840000152587891,5.269999980926514,5.349999904632568,312900,0.0,0.0
2022-09-27 00:00:00-04:00,5.380000114440918,5.639999866485596,5.349999904632568,5.389999866485596,177900,0.0,0.0
2022-09-28 00:00:00-04:00,5.440000057220459,5.710000038146973,5.420000076293945,5.639999866485596,146700,0.0,0.0
2022-09-29 00:00:00-04:00,5.579999923706055,5.579999923706055,5.329999923706055,5.489999771118164,162500,0.0,0.0
2022-09-30 00:00:00-04:00,5.480000019073486,5.539999961853027,5.400000095367432,5.440000057220459,215200,0.0,0.0
2022-10-03 00:00:00-04:00,5.559999942779541,5.659999847412109,5.429999828338623,5.550000190734863,136100,0.0,0.0
2022-10-04 00:00:00-04:00,5.699999809265137,5.829999923706055,5.480000019073486,5.690000057220459,273600,0.0,0.0
2022-10-05 00:00:00-04:00,5.559999942779541,5.739999771118164,5.53000020980835,5.739999771118164,98800,0.0,0.0
2022-10-06 00:00:00-04:00,5.679999828338623,5.849999904632568,5.650000095367432,5.78000020980835,193300,0.0,0.0
2022-10-07 00:00:00-04:00,5.71999979019165,5.75,5.559999942779541,5.599999904632568,99100,0.0,0.0
2022-10-10 00:00:00-04:00,5.639999866485596,5.639999866485596,5.519999980926514,5.570000171661377,84800,0.0,0.0
2022-10-11 00:00:00-04:00,5.510000228881836,5.599999904632568,5.440000057220459,5.579999923706055,105400,0.0,0.0
2022-10-12 00:00:00-04:00,5.559999942779541,5.570000171661377,5.440000057220459,5.5,89400,0.0,0.0
2022-10-13 00:00:00-04:00,5.400000095367432,5.75,5.380000114440918,5.71999979019165,126200,0.0,0.0
2022-10-14 00:00:00-04:00,5.820000171661377,5.989999771118164,5.739999771118164,5.78000020980835,230500,0.0,0.0
2022-10-17 00:00:00-04:00,5.960000038146973,6.090000152587891,5.769999980926514,5.800000190734863,129200,0.0,0.0
2022-10-18 00:00:00-04:00,5.900000095367432,6.0,5.840000152587891,5.869999885559082,149800,0.0,0.0
2022-10-19 00:00:00-04:00,5.820000171661377,5.820000171661377,5.699999809265137,5.760000228881836,84400,0.0,0.0
2022-10-20 00:00:00-04:00,5.769999980926514,5.909999847412109,5.760000228881836,5.849999904632568,46900,0.0,0.0
2022-10-21 00:00:00-04:00,5.909999847412109,6.099999904632568,5.820000171661377,6.010000228881836,93900,0.0,0.0
2022-10-24 00:00:00-04:00,6.070000171661377,6.28000020980835,5.960000038146973,6.239999771118164,77600,0.0,0.0
2022-10-25 00:00:00-04:00,6.260000228881836,6.739999771118164,6.239999771118164,6.639999866485596,164800,0.0,0.0
2022-10-26 00:00:00-04:00,6.730000019073486,6.869999885559082,6.610000133514404,6.730000019073486,110100,0.0,0.0
2022-10-27 00:00:00-04:00,6.829999923706055,6.889999866485596,6.650000095367432,6.710000038146973,124000,0.0,0.0
2022-10-28 00:00:00-04:00,6.75,6.96999979019165,6.730000019073486,6.900000095367432,145000,0.0,0.0
2022-10-31 00:00:00-04:00,6.880000114440918,6.980000019073486,6.840000152587891,6.900000095367432,242700,0.0,0.0
2022-11-01 00:00:00-04:00,6.989999771118164,7.039999961853027,6.929999828338623,7.010000228881836,168000,0.0,0.0
2022-11-02 00:00:00-04:00,7.039999961853027,7.239999771118164,6.800000190734863,6.860000133514404,186900,0.0,0.0
2022-11-03 00:00:00-04:00,6.769999980926514,7.090000152587891,6.71999979019165,6.849999904632568,220700,0.0,0.0
2022-11-04 00:00:00-04:00,6.949999809265137,6.960000038146973,6.78000020980835,6.860000133514404,84500,0.0,0.0
2022-11-07 00:00:00-05:00,6.960000038146973,7.170000076293945,6.889999866485596,7.099999904632568,139100,0.0,0.0
2022-11-08 00:00:00-05:00,7.139999866485596,7.269999980926514,7.03000020980835,7.139999866485596,68900,0.0,0.0
2022-11-09 00:00:00-05:00,7.039999961853027,7.269999980926514,6.980000019073486,7.179999828338623,97800,0.0,0.0
2022-11-10 00:00:00-05:00,7.429999828338623,7.579999923706055,7.360000133514404,7.510000228881836,136500,0.0,0.0
2022-11-11 00:00:00-05:00,7.550000190734863,7.599999904632568,7.420000076293945,7.420000076293945,117300,0.0,0.0
2022-11-14 00:00:00-05:00,7.309999942779541,7.5,7.260000228881836,7.360000133514404,104000,0.0,0.0
2022-11-15 00:00:00-05:00,7.5,7.559999942779541,7.349999904632568,7.480000019073486,71300,0.0,0.0
2022-11-16 00:00:00-05:00,7.5,7.5,7.289999961853027,7.289999961853027,65900,0.0,0.0
2022-11-17 00:00:00-05:00,7.230000019073486,7.480000019073486,7.070000171661377,7.440000057220459,99900,0.0,0.0
2022-11-18 00:00:00-05:00,7.690000057220459,7.690000057220459,7.400000095367432,7.420000076293945,87800,0.0,0.0
2022-11-21 00:00:00-05:00,7.300000190734863,7.489999771118164,7.050000190734863,7.349999904632568,102000,0.0,0.0
2022-11-22 00:00:00-05:00,7.400000095367432,7.400000095367432,7.050000190734863,7.110000133514404,122300,0.0,0.0
2022-11-23 00:00:00-05:00,7.110000133514404,7.170000076293945,7.039999961853027,7.130000114440918,67800,0.0,0.0
2022-11-25 00:00:00-05:00,7.039999961853027,7.329999923706055,7.039999961853027,7.28000020980835,135500,0.0,0.0
2022-11-28 00:00:00-05:00,7.199999809265137,7.21999979019165,7.010000228881836,7.059999942779541,137500,0.0,0.0
2022-11-29 00:00:00-05:00,7.079999923706055,7.170000076293945,7.019999980926514,7.130000114440918,76500,0.0,0.0
2022-11-30 00:00:00-05:00,7.119999885559082,7.269999980926514,6.949999809265137,7.239999771118164,75700,0.0,0.0
2022-12-01 00:00:00-05:00,7.25,7.369999885559082,7.210000038146973,7.269999980926514,83200,0.0,0.0
2022-12-02 00:00:00-05:00,7.21999979019165,7.360000133514404,7.199999809265137,7.320000171661377,107300,0.0,0.0
2022-12-05 00:00:00-05:00,7.289999961853027,7.320000171661377,7.21999979019165,7.300000190734863,84200,0.0,0.0
2022-12-06 00:00:00-05:00,7.320000171661377,7.320000171661377,7.139999866485596,7.269999980926514,174400,0.0,0.0
2022-12-07 00:00:00-05:00,7.320000171661377,7.320000171661377,7.199999809265137,7.210000038146973,61600,0.0,0.0
2022-12-08 00:00:00-05:00,7.210000038146973,7.320000171661377,7.170000076293945,7.190000057220459,55500,0.0,0.0
2022-12-09 00:00:00-05:00,7.159999847412109,7.28000020980835,7.110000133514404,7.150000095367432,82300,0.0,0.0
2022-12-12 00:00:00-05:00,7.159999847412109,7.159999847412109,5.570000171661377,5.900000095367432,371800,0.0,0.0
2022-12-13 00:00:00-05:00,5.860000133514404,6.03000020980835,5.579999923706055,6.010000228881836,321700,0.0,0.0
2022-12-14 00:00:00-05:00,6.03000020980835,6.300000190734863,5.949999809265137,6.289999961853027,228800,0.0,0.0
2022-12-15 00:00:00-05:00,6.230000019073486,6.28000020980835,6.079999923706055,6.269999980926514,153000,0.0,0.0
2022-12-16 00:00:00-05:00,6.150000095367432,6.53000020980835,6.150000095367432,6.510000228881836,247200,0.0,0.0
2022-12-19 00:00:00-05:00,6.760000228881836,6.800000190734863,6.300000190734863,6.300000190734863,237900,0.0,0.0
2022-12-20 00:00:00-05:00,6.269999980926514,6.400000095367432,6.190000057220459,6.21999979019165,118800,0.0,0.0
2022-12-21 00:00:00-05:00,6.25,6.400000095367432,6.199999809265137,6.349999904632568,85100,0.0,0.0
2022-12-22 00:00:00-05:00,6.320000171661377,6.340000152587891,6.199999809265137,6.25,82800,0.0,0.0
2022-12-23 00:00:00-05:00,6.199999809265137,6.25,6.139999866485596,6.150000095367432,68200,0.0,0.0
2022-12-27 00:00:00-05:00,6.130000114440918,6.340000152587891,6.059999942779541,6.239999771118164,110900,0.0,0.0
2022-12-28 00:00:00-05:00,6.150000095367432,6.269999980926514,6.150000095367432,6.230000019073486,68500,0.0,0.0
2022-12-29 00:00:00-05:00,6.25,6.769999980926514,6.239999771118164,6.75,142800,0.0,0.0
2022-12-30 00:00:00-05:00,6.849999904632568,6.880000114440918,6.389999866485596,6.71999979019165,205500,0.0,0.0
2023-01-03 00:00:00-05:00,6.78000020980835,6.949999809265137,6.5,6.519999980926514,119600,0.0,0.0
2023-01-04 00:00:00-05:00,6.650000095367432,6.650000095367432,6.489999771118164,6.559999942779541,67800,0.0,0.0
2023-01-05 00:00:00-05:00,6.46999979019165,6.659999847412109,6.380000114440918,6.590000152587891,66900,0.0,0.0
2023-01-06 00:00:00-05:00,6.619999885559082,6.769999980926514,6.53000020980835,6.710000038146973,118200,0.0,0.0
2023-01-09 00:00:00-05:00,6.71999979019165,6.78000020980835,6.659999847412109,6.670000076293945,65100,0.0,0.0
2023-01-10 00:00:00-05:00,6.679999828338623,6.809999942779541,6.639999866485596,6.789999961853027,110100,0.0,0.0
2023-01-11 00:00:00-05:00,6.789999961853027,6.860000133514404,6.769999980926514,6.829999923706055,113600,0.0,0.0
2023-01-12 00:00:00-05:00,6.840000152587891,6.949999809265137,6.760000228881836,6.880000114440918,66400,0.0,0.0
2023-01-13 00:00:00-05:00,6.820000171661377,7.039999961853027,6.820000171661377,7.019999980926514,70000,0.0,0.0
2023-01-17 00:00:00-05:00,7.039999961853027,7.139999866485596,7.010000228881836,7.050000190734863,71300,0.0,0.0
2023-01-18 00:00:00-05:00,7.070000171661377,7.150000095367432,6.989999771118164,7.0,63700,0.0,0.0
2023-01-19 00:00:00-05:00,7.0,7.139999866485596,6.989999771118164,7.130000114440918,74000,0.0,0.0
2023-01-20 00:00:00-05:00,7.159999847412109,7.210000038146973,7.079999923706055,7.190000057220459,146800,0.0,0.0
2023-01-23 00:00:00-05:00,7.199999809265137,7.289999961853027,7.139999866485596,7.230000019073486,77800,0.0,0.0
2023-01-24 00:00:00-05:00,7.210000038146973,7.360000133514404,7.190000057220459,7.210000038146973,46000,0.0,0.0
2023-01-25 00:00:00-05:00,7.170000076293945,7.210000038146973,7.110000133514404,7.210000038146973,44600,0.0,0.0
2023-01-26 00:00:00-05:00,7.25,7.28000020980835,7.119999885559082,7.260000228881836,63400,0.0,0.0
2023-01-27 00:00:00-05:00,7.25,7.550000190734863,7.210000038146973,7.550000190734863,309600,0.0,0.0
2023-01-30 00:00:00-05:00,7.510000228881836,7.679999828338623,7.380000114440918,7.429999828338623,111600,0.0,0.0
2023-01-31 00:00:00-05:00,7.429999828338623,7.599999904632568,7.369999885559082,7.579999923706055,63700,0.0,0.0
2023-02-01 00:00:00-05:00,7.550000190734863,7.619999885559082,7.449999809265137,7.579999923706055,98500,0.0,0.0
2023-02-02 00:00:00-05:00,7.619999885559082,7.769999980926514,7.590000152587891,7.650000095367432,91300,0.0,0.0
2023-02-03 00:00:00-05:00,7.579999923706055,7.739999771118164,7.539999961853027,7.679999828338623,85100,0.0,0.0
2023-02-06 00:00:00-05:00,7.610000133514404,7.650000095367432,7.489999771118164,7.53000020980835,64200,0.0,0.0
2023-02-07 00:00:00-05:00,7.53000020980835,7.570000171661377,7.230000019073486,7.349999904632568,124900,0.0,0.0
2023-02-08 00:00:00-05:00,7.389999866485596,7.389999866485596,6.880000114440918,7.019999980926514,83800,0.0,0.0
2023-02-09 00:00:00-05:00,7.090000152587891,7.539999961853027,7.090000152587891,7.179999828338623,124000,0.0,0.0
2023-02-10 00:00:00-05:00,7.079999923706055,7.489999771118164,7.050000190734863,7.420000076293945,119300,0.0,0.0
2023-02-13 00:00:00-05:00,7.440000057220459,7.71999979019165,7.440000057220459,7.599999904632568,109100,0.0,0.0
2023-02-14 00:00:00-05:00,7.570000171661377,7.659999847412109,7.489999771118164,7.570000171661377,93200,0.0,0.0
2023-02-15 00:00:00-05:00,7.46999979019165,7.599999904632568,7.46999979019165,7.53000020980835,79900,0.0,0.0
2023-02-16 00:00:00-05:00,7.380000114440918,7.630000114440918,7.380000114440918,7.539999961853027,119000,0.0,0.0
2023-02-17 00:00:00-05:00,7.570000171661377,7.71999979019165,7.5,7.679999828338623,135500,0.0,0.0
2023-02-21 00:00:00-05:00,7.670000076293945,7.699999809265137,7.550000190734863,7.590000152587891,78500,0.0,0.0
2023-02-22 00:00:00-05:00,7.590000152587891,7.639999866485596,7.440000057220459,7.579999923706055,146100,0.0,0.0
2023-02-23 00:00:00-05:00,7.630000114440918,7.730000019073486,7.559999942779541,7.659999847412109,187000,0.0,0.0
2023-02-24 00:00:00-05:00,7.559999942779541,7.559999942779541,7.309999942779541,7.389999866485596,82500,0.0,0.0
2023-02-27 00:00:00-05:00,7.420000076293945,7.429999828338623,7.25,7.320000171661377,56700,0.0,0.0
2023-02-28 00:00:00-05:00,7.300000190734863,7.400000095367432,7.25,7.260000228881836,87200,0.0,0.0
2023-03-01 00:00:00-05:00,7.260000228881836,7.360000133514404,7.130000114440918,7.320000171661377,127900,0.0,0.0
2023-03-02 00:00:00-05:00,7.25,7.400000095367432,7.25,7.380000114440918,57700,0.0,0.0
2023-03-03 00:00:00-05:00,7.420000076293945,7.420000076293945,7.25,7.369999885559082,138000,0.0,0.0
2023-03-06 00:00:00-05:00,7.349999904632568,7.349999904632568,7.03000020980835,7.110000133514404,208700,0.0,0.0
2023-03-07 00:00:00-05:00,7.190000057220459,7.409999847412109,7.130000114440918,7.389999866485596,58500,0.0,0.0
2023-03-08 00:00:00-05:00,7.380000114440918,7.46999979019165,7.320000171661377,7.46999979019165,73400,0.0,0.0
2023-03-09 00:00:00-05:00,7.449999809265137,7.510000228881836,7.170000076293945,7.210000038146973,70100,0.0,0.0
2023-03-10 00:00:00-05:00,7.190000057220459,7.210000038146973,6.71999979019165,6.760000228881836,104200,0.0,0.0
2023-03-13 00:00:00-04:00,6.619999885559082,6.840000152587891,6.519999980926514,6.75,115400,0.0,0.0
2023-03-14 00:00:00-04:00,6.949999809265137,7.130000114440918,6.949999809265137,7.079999923706055,104200,0.0,0.0
2023-03-15 00:00:00-04:00,6.880000114440918,7.010000228881836,6.730000019073486,6.849999904632568,197000,0.0,0.0
2023-03-16 00:00:00-04:00,6.730000019073486,7.099999904632568,6.730000019073486,7.070000171661377,85900,0.0,0.0
2023-03-17 00:00:00-04:00,7.119999885559082,7.119999885559082,6.550000190734863,6.559999942779541,371700,0.0,0.0
2023-03-20 00:00:00-04:00,6.610000133514404,6.659999847412109,6.25,6.349999904632568,219300,0.0,0.0
2023-03-21 00:00:00-04:00,6.400000095367432,6.75,6.369999885559082,6.599999904632568,646700,0.0,0.0
2023-03-22 00:00:00-04:00,6.699999809265137,6.760000228881836,6.429999828338623,6.440000057220459,331500,0.0,0.0
2023-03-23 00:00:00-04:00,6.489999771118164,6.679999828338623,6.28000020980835,6.349999904632568,345800,0.0,0.0
2023-03-24 00:00:00-04:00,6.300000190734863,6.71999979019165,6.139999866485596,6.670000076293945,142900,0.0,0.0
2023-03-27 00:00:00-04:00,6.739999771118164,6.849999904632568,6.659999847412109,6.78000020980835,94800,0.0,0.0
2023-03-28 00:00:00-04:00,6.760000228881836,6.909999847412109,6.690000057220459,6.760000228881836,105400,0.0,0.0
2023-03-29 00:00:00-04:00,6.840000152587891,6.909999847412109,6.739999771118164,6.869999885559082,92300,0.0,0.0
2023-03-30 00:00:00-04:00,6.900000095367432,7.059999942779541,6.829999923706055,7.050000190734863,198200,0.0,0.0
2023-03-31 00:00:00-04:00,7.309999942779541,7.690000057220459,7.230000019073486,7.380000114440918,197000,0.0,0.0
2023-04-03 00:00:00-04:00,7.369999885559082,7.489999771118164,7.260000228881836,7.449999809265137,105300,0.0,0.0
2023-04-04 00:00:00-04:00,7.400000095367432,7.460000038146973,7.199999809265137,7.429999828338623,82400,0.0,0.0
2023-04-05 00:00:00-04:00,7.400000095367432,7.449999809265137,7.300000190734863,7.340000152587891,85600,0.0,0.0
2023-04-06 00:00:00-04:00,7.360000133514404,7.380000114440918,7.090000152587891,7.199999809265137,90800,0.0,0.0
2023-04-10 00:00:00-04:00,7.139999866485596,7.449999809265137,7.139999866485596,7.429999828338623,74900,0.0,0.0
2023-04-11 00:00:00-04:00,7.480000019073486,7.659999847412109,7.409999847412109,7.610000133514404,98500,0.0,0.0
2023-04-12 00:00:00-04:00,7.699999809265137,7.739999771118164,7.570000171661377,7.699999809265137,67100,0.0,0.0
2023-04-13 00:00:00-04:00,7.739999771118164,7.840000152587891,7.630000114440918,7.789999961853027,95000,0.0,0.0
2023-04-14 00:00:00-04:00,7.800000190734863,7.809999942779541,7.369999885559082,7.409999847412109,110000,0.0,0.0
2023-04-17 00:00:00-04:00,7.369999885559082,7.440000057220459,7.159999847412109,7.289999961853027,70900,0.0,0.0
2023-04-18 00:00:00-04:00,7.21999979019165,7.380000114440918,7.159999847412109,7.289999961853027,80000,0.0,0.0
2023-04-19 00:00:00-04:00,7.210000038146973,7.28000020980835,7.019999980926514,7.199999809265137,100000,0.0,0.0
2023-04-20 00:00:00-04:00,7.179999828338623,7.380000114440918,7.019999980926514,7.139999866485596,102100,0.0,0.0
2023-04-21 00:00:00-04:00,7.099999904632568,7.099999904632568,6.869999885559082,6.900000095367432,79800,0.0,0.0
2023-04-24 00:00:00-04:00,6.880000114440918,7.03000020980835,6.849999904632568,7.010000228881836,51400,0.0,0.0
2023-04-25 00:00:00-04:00,6.920000076293945,7.0,6.869999885559082,6.960000038146973,46200,0.0,0.0
2023-04-26 00:00:00-04:00,6.860000133514404,7.050000190734863,6.820000171661377,6.989999771118164,76700,0.0,0.0
2023-04-27 00:00:00-04:00,7.0,7.059999942779541,6.860000133514404,6.960000038146973,60900,0.0,0.0
2023-04-28 00:00:00-04:00,6.900000095367432,7.150000095367432,6.900000095367432,7.059999942779541,91900,0.0,0.0
2023-05-01 00:00:00-04:00,7.059999942779541,7.179999828338623,6.980000019073486,7.139999866485596,74700,0.0,0.0
2023-05-02 00:00:00-04:00,7.110000133514404,7.159999847412109,6.849999904632568,6.869999885559082,95400,0.0,0.0
2023-05-03 00:00:00-04:00,6.889999866485596,6.889999866485596,6.420000076293945,6.440000057220459,110500,0.0,0.0
2023-05-04 00:00:00-04:00,6.369999885559082,6.369999885559082,6.059999942779541,6.179999828338623,95400,0.0,0.0
2023-05-05 00:00:00-04:00,6.28000020980835,6.329999923706055,6.079999923706055,6.170000076293945,76700,0.0,0.0
2023-05-08 00:00:00-04:00,6.199999809265137,6.210000038146973,5.900000095367432,6.119999885559082,136100,0.0,0.0
2023-05-09 00:00:00-04:00,6.179999828338623,6.25,6.050000190734863,6.130000114440918,51200,0.0,0.0
2023-05-10 00:00:00-04:00,6.199999809265137,6.239999771118164,5.630000114440918,5.929999828338623,155900,0.0,0.0
2023-05-11 00:00:00-04:00,5.900000095367432,5.920000076293945,5.679999828338623,5.760000228881836,85600,0.0,0.0
2023-05-12 00:00:00-04:00,5.820000171661377,5.860000133514404,5.71999979019165,5.840000152587891,70300,0.0,0.0
2023-05-15 00:00:00-04:00,5.949999809265137,6.139999866485596,5.860000133514404,6.139999866485596,127300,0.0,0.0
2023-05-16 00:00:00-04:00,6.139999866485596,6.150000095367432,6.019999980926514,6.110000133514404,80400,0.0,0.0
2023-05-17 00:00:00-04:00,6.130000114440918,6.389999866485596,6.079999923706055,6.360000133514404,75900,0.0,0.0
2023-05-18 00:00:00-04:00,6.360000133514404,6.46999979019165,6.21999979019165,6.440000057220459,108300,0.0,0.0
2023-05-19 00:00:00-04:00,6.5,6.5,6.349999904632568,6.380000114440918,95300,0.0,0.0
2023-05-22 00:00:00-04:00,6.389999866485596,6.599999904632568,6.380000114440918,6.550000190734863,64300,0.0,0.0
2023-05-23 00:00:00-04:00,6.510000228881836,6.699999809265137,6.5,6.639999866485596,121600,0.0,0.0
2023-05-24 00:00:00-04:00,6.630000114440918,6.639999866485596,6.5,6.519999980926514,57100,0.0,0.0
2023-05-25 00:00:00-04:00,6.539999961853027,6.599999904632568,6.300000190734863,6.320000171661377,42700,0.0,0.0
2023-05-26 00:00:00-04:00,6.260000228881836,6.489999771118164,6.260000228881836,6.429999828338623,59900,0.0,0.0
2023-05-30 00:00:00-04:00,6.519999980926514,6.559999942779541,6.449999809265137,6.5,53400,0.0,0.0
2023-05-31 00:00:00-04:00,6.510000228881836,6.519999980926514,6.28000020980835,6.429999828338623,94500,0.0,0.0
2023-06-01 00:00:00-04:00,6.449999809265137,6.449999809265137,6.199999809265137,6.239999771118164,98500,0.0,0.0
2023-06-02 00:00:00-04:00,6.369999885559082,6.570000171661377,6.260000228881836,6.539999961853027,85800,0.0,0.0
2023-06-05 00:00:00-04:00,6.480000019073486,6.639999866485596,6.440000057220459,6.46999979019165,70300,0.0,0.0
2023-06-06 00:00:00-04:00,6.5,6.800000190734863,6.400000095367432,6.699999809265137,81600,0.0,0.0
2023-06-07 00:00:00-04:00,6.78000020980835,6.980000019073486,6.75,6.840000152587891,92800,0.0,0.0
2023-06-08 00:00:00-04:00,6.880000114440918,7.019999980926514,6.690000057220459,6.889999866485596,76400,0.0,0.0
2023-06-09 00:00:00-04:00,6.900000095367432,7.039999961853027,6.78000020980835,6.809999942779541,48200,0.0,0.0
2023-06-12 00:00:00-04:00,6.829999923706055,6.860000133514404,6.659999847412109,6.75,50400,0.0,0.0
2023-06-13 00:00:00-04:00,6.849999904632568,7.139999866485596,6.820000171661377,6.940000057220459,83300,0.0,0.0
2023-06-14 00:00:00-04:00,6.949999809265137,7.0,6.550000190734863,6.590000152587891,75200,0.0,0.0
2023-06-15 00:00:00-04:00,6.550000190734863,6.71999979019165,6.510000228881836,6.659999847412109,59800,0.0,0.0
2023-06-16 00:00:00-04:00,6.78000020980835,6.78000020980835,6.409999847412109,6.420000076293945,157900,0.0,0.0
2023-06-20 00:00:00-04:00,6.409999847412109,6.590000152587891,6.340000152587891,6.539999961853027,54100,0.0,0.0
2023-06-21 00:00:00-04:00,6.510000228881836,6.590000152587891,6.369999885559082,6.519999980926514,56500,0.0,0.0
2023-06-22 00:00:00-04:00,6.510000228881836,6.630000114440918,6.429999828338623,6.599999904632568,54600,0.0,0.0
2023-06-23 00:00:00-04:00,6.46999979019165,6.760000228881836,6.389999866485596,6.75,1256000,0.0,0.0
2023-06-26 00:00:00-04:00,6.829999923706055,7.059999942779541,6.579999923706055,6.599999904632568,100100,0.0,0.0
2023-06-27 00:00:00-04:00,6.659999847412109,6.699999809265137,6.46999979019165,6.610000133514404,109800,0.0,0.0
2023-06-28 00:00:00-04:00,6.53000020980835,6.690000057220459,6.449999809265137,6.590000152587891,76800,0.0,0.0
2023-06-29 00:00:00-04:00,6.610000133514404,6.989999771118164,6.610000133514404,6.980000019073486,67000,0.0,0.0
2023-06-30 00:00:00-04:00,7.019999980926514,7.239999771118164,6.760000228881836,6.909999847412109,87700,0.0,0.0
2023-07-03 00:00:00-04:00,6.869999885559082,7.03000020980835,6.800000190734863,7.010000228881836,61400,0.0,0.0
2023-07-05 00:00:00-04:00,6.949999809265137,6.949999809265137,6.71999979019165,6.71999979019165,78000,0.0,0.0
2023-07-06 00:00:00-04:00,6.690000057220459,6.690000057220459,6.449999809265137,6.510000228881836,81700,0.0,0.0
2023-07-07 00:00:00-04:00,6.550000190734863,6.96999979019165,6.550000190734863,6.889999866485596,270300,0.0,0.0
2023-07-10 00:00:00-04:00,6.860000133514404,7.039999961853027,6.769999980926514,6.820000171661377,43200,0.0,0.0
2023-07-11 00:00:00-04:00,6.829999923706055,6.849999904632568,6.730000019073486,6.820000171661377,26800,0.0,0.0
2023-07-12 00:00:00-04:00,6.949999809265137,6.949999809265137,6.769999980926514,6.840000152587891,39800,0.0,0.0
2023-07-13 00:00:00-04:00,6.860000133514404,6.909999847412109,6.789999961853027,6.829999923706055,29500,0.0,0.0
2023-07-14 00:00:00-04:00,6.809999942779541,6.949999809265137,6.699999809265137,6.889999866485596,38600,0.0,0.0
2023-07-17 00:00:00-04:00,6.869999885559082,7.039999961853027,6.869999885559082,6.889999866485596,66400,0.0,0.0
2023-07-18 00:00:00-04:00,6.900000095367432,7.010000228881836,6.869999885559082,6.96999979019165,37000,0.0,0.0
2023-07-19 00:00:00-04:00,6.980000019073486,7.199999809265137,6.940000057220459,7.170000076293945,42800,0.0,0.0
2023-07-20 00:00:00-04:00,7.159999847412109,7.239999771118164,7.119999885559082,7.21999979019165,56200,0.0,0.0
2023-07-21 00:00:00-04:00,7.300000190734863,7.389999866485596,7.119999885559082,7.159999847412109,97000,0.0,0.0
2023-07-24 00:00:00-04:00,7.139999866485596,7.300000190734863,7.139999866485596,7.210000038146973,42700,0.0,0.0
2023-07-25 00:00:00-04:00,7.179999828338623,7.289999961853027,7.130000114440918,7.190000057220459,32700,0.0,0.0
2023-07-26 00:00:00-04:00,7.199999809265137,7.380000114440918,7.199999809265137,7.28000020980835,58300,0.0,0.0
2023-07-27 00:00:00-04:00,7.329999923706055,7.409999847412109,7.110000133514404,7.179999828338623,63400,0.0,0.0
2023-07-28 00:00:00-04:00,7.28000020980835,7.289999961853027,7.059999942779541,7.119999885559082,154600,0.0,0.0
2023-07-31 00:00:00-04:00,7.150000095367432,7.340000152587891,7.139999866485596,7.28000020980835,49400,0.0,0.0
2023-08-01 00:00:00-04:00,7.25,7.349999904632568,7.170000076293945,7.239999771118164,45200,0.0,0.0
2023-08-02 00:00:00-04:00,7.199999809265137,7.28000020980835,7.110000133514404,7.179999828338623,40300,0.0,0.0
2023-08-03 00:00:00-04:00,7.130000114440918,7.360000133514404,7.130000114440918,7.329999923706055,59300,0.0,0.0
2023-08-04 00:00:00-04:00,7.360000133514404,7.449999809265137,7.300000190734863,7.380000114440918,127600,0.0,0.0
2023-08-07 00:00:00-04:00,7.409999847412109,7.849999904632568,7.409999847412109,7.829999923706055,73100,0.0,0.0
2023-08-08 00:00:00-04:00,7.809999942779541,8.029999732971191,7.460000038146973,8.020000457763672,87400,0.0,0.0
2023-08-09 00:00:00-04:00,7.730000019073486,8.779999732971191,7.710000038146973,7.940000057220459,175900,0.0,0.0
2023-08-10 00:00:00-04:00,8.010000228881836,8.260000228881836,8.010000228881836,8.15999984741211,91200,0.0,0.0
2023-08-11 00:00:00-04:00,8.15999984741211,8.470000267028809,8.119999885559082,8.449999809265137,448400,0.0,0.0
2023-08-14 00:00:00-04:00,8.479999542236328,8.619999885559082,8.369999885559082,8.399999618530273,71700,0.0,0.0
2023-08-15 00:00:00-04:00,8.390000343322754,8.670000076293945,8.300000190734863,8.359999656677246,50000,0.0,0.0
2023-08-16 00:00:00-04:00,8.359999656677246,8.520000457763672,8.260000228881836,8.430000305175781,43600,0.0,0.0
2023-08-17 00:00:00-04:00,8.430000305175781,8.470000267028809,8.210000038146973,8.289999961853027,61500,0.0,0.0
2023-08-18 00:00:00-04:00,8.199999809265137,8.229999542236328,7.880000114440918,7.940000057220459,208200,0.0,0.0
2023-08-21 00:00:00-04:00,7.96999979019165,8.09000015258789,7.789999961853027,7.849999904632568,68200,0.0,0.0
2023-08-22 00:00:00-04:00,7.880000114440918,8.130000114440918,7.739999771118164,8.0,97200,0.0,0.0
2023-08-23 00:00:00-04:00,7.980000019073486,8.119999885559082,7.940000057220459,8.09000015258789,72300,0.0,0.0
2023-08-24 00:00:00-04:00,8.029999732971191,8.15999984741211,8.010000228881836,8.109999656677246,62900,0.0,0.0
2023-08-25 00:00:00-04:00,8.130000114440918,8.270000457763672,7.860000133514404,7.889999866485596,90200,0.0,0.0
2023-08-28 00:00:00-04:00,7.840000152587891,8.109999656677246,7.840000152587891,8.069999694824219,94100,0.0,0.0
2023-08-29 00:00:00-04:00,8.079999923706055,8.1899995803833,7.849999904632568,7.960000038146973,42800,0.0,0.0
2023-08-30 00:00:00-04:00,7.909999847412109,8.050000190734863,7.909999847412109,7.960000038146973,61700,0.0,0.0
2023-08-31 00:00:00-04:00,7.960000038146973,8.100000381469727,7.920000076293945,7.96999979019165,49500,0.0,0.0
2023-09-01 00:00:00-04:00,8.0,8.149999618530273,8.0,8.039999961853027,68800,0.0,0.0
2023-09-05 00:00:00-04:00,8.029999732971191,8.050000190734863,7.699999809265137,7.71999979019165,80500,0.0,0.0
2023-09-06 00:00:00-04:00,7.710000038146973,8.010000228881836,7.710000038146973,7.900000095367432,80900,0.0,0.0
2023-09-07 00:00:00-04:00,7.960000038146973,8.100000381469727,7.860000133514404,8.0600004196167,284300,0.0,0.0
2023-09-08 00:00:00-04:00,8.050000190734863,8.569999694824219,7.980000019073486,8.4399995803833,228600,0.0,0.0
2023-09-11 00:00:00-04:00,8.569999694824219,8.640000343322754,8.460000038146973,8.609999656677246,104000,0.0,0.0
2023-09-12 00:00:00-04:00,8.59000015258789,8.899999618530273,8.529999732971191,8.5600004196167,235200,0.0,0.0
2023-09-13 00:00:00-04:00,8.600000381469727,8.699999809265137,8.420000076293945,8.449999809265137,90500,0.0,0.0
2023-09-14 00:00:00-04:00,8.460000038146973,8.550000190734863,8.270000457763672,8.449999809265137,62100,0.0,0.0
2023-09-15 00:00:00-04:00,8.399999618530273,8.510000228881836,8.239999771118164,8.470000267028809,331700,0.0,0.0
2023-09-18 00:00:00-04:00,8.520000457763672,8.59000015258789,8.279999732971191,8.390000343322754,57900,0.0,0.0
2023-09-19 00:00:00-04:00,8.399999618530273,8.479999542236328,8.34000015258789,8.430000305175781,57300,0.0,0.0
2023-09-20 00:00:00-04:00,8.5,8.59000015258789,8.460000038146973,8.5,84600,0.0,0.0
2023-09-21 00:00:00-04:00,8.420000076293945,8.619999885559082,8.380000114440918,8.4399995803833,88000,0.0,0.0
2023-09-22 00:00:00-04:00,8.430000305175781,8.510000228881836,8.279999732971191,8.350000381469727,75900,0.0,0.0
2023-09-25 00:00:00-04:00,8.329999923706055,8.619999885559082,8.279999732971191,8.5600004196167,74300,0.0,0.0
2023-09-26 00:00:00-04:00,8.5,8.729999542236328,8.5,8.520000457763672,61500,0.0,0.0
2023-09-27 00:00:00-04:00,8.569999694824219,8.8100004196167,8.539999961853027,8.649999618530273,198400,0.0,0.0
2023-09-28 00:00:00-04:00,8.649999618530273,8.8100004196167,8.5,8.75,88700,0.0,0.0
2023-09-29 00:00:00-04:00,8.739999771118164,8.739999771118164,8.289999961853027,8.380000114440918,64700,0.0,0.0
2023-10-02 00:00:00-04:00,8.359999656677246,8.449999809265137,8.300000190734863,8.380000114440918,61200,0.0,0.0
2023-10-03 00:00:00-04:00,8.300000190734863,8.550000190734863,8.229999542236328,8.4399995803833,74200,0.0,0.0
2023-10-04 00:00:00-04:00,8.380000114440918,8.579999923706055,8.130000114440918,8.510000228881836,135600,0.0,0.0
2023-10-05 00:00:00-04:00,8.470000267028809,8.529999732971191,8.350000381469727,8.399999618530273,83900,0.0,0.0
2023-10-06 00:00:00-04:00,8.399999618530273,8.550000190734863,8.350000381469727,8.470000267028809,45000,0.0,0.0
2023-10-09 00:00:00-04:00,8.390000343322754,8.40999984741211,8.329999923706055,8.369999885559082,44000,0.0,0.0
2023-10-10 00:00:00-04:00,8.420000076293945,8.59000015258789,8.420000076293945,8.4399995803833,48000,0.0,0.0
2023-10-11 00:00:00-04:00,8.40999984741211,8.529999732971191,8.319999694824219,8.449999809265137,105400,0.0,0.0
2023-10-12 00:00:00-04:00,8.5,8.710000038146973,8.359999656677246,8.640000343322754,80800,0.0,0.0
2023-10-13 00:00:00-04:00,8.699999809265137,8.720000267028809,8.350000381469727,8.380000114440918,44900,0.0,0.0
2023-10-16 00:00:00-04:00,8.529999732971191,8.600000381469727,8.399999618530273,8.449999809265137,53300,0.0,0.0
2023-10-17 00:00:00-04:00,8.460000038146973,8.579999923706055,8.34000015258789,8.40999984741211,98700,0.0,0.0
2023-10-18 00:00:00-04:00,8.399999618530273,8.399999618530273,8.1899995803833,8.289999961853027,63300,0.0,0.0
2023-10-19 00:00:00-04:00,8.149999618530273,8.329999923706055,8.109999656677246,8.119999885559082,126900,0.0,0.0
2023-10-20 00:00:00-04:00,8.130000114440918,8.130000114440918,7.920000076293945,7.980000019073486,72500,0.0,0.0
2023-10-23 00:00:00-04:00,7.96999979019165,8.15999984741211,7.78000020980835,8.020000457763672,37400,0.0,0.0
2023-10-24 00:00:00-04:00,8.109999656677246,8.260000228881836,8.039999961853027,8.170000076293945,33300,0.0,0.0
2023-10-25 00:00:00-04:00,8.170000076293945,8.430000305175781,8.069999694824219,8.399999618530273,137600,0.0,0.0
2023-10-26 00:00:00-04:00,8.489999771118164,8.520000457763672,8.350000381469727,8.40999984741211,44600,0.0,0.0
2023-10-27 00:00:00-04:00,8.369999885559082,8.520000457763672,8.329999923706055,8.40999984741211,57900,0.0,0.0
2023-10-30 00:00:00-04:00,8.40999984741211,8.649999618530273,8.40999984741211,8.609999656677246,85800,0.0,0.0
2023-10-31 00:00:00-04:00,8.529999732971191,8.75,8.529999732971191,8.729999542236328,49600,0.0,0.0
2023-11-01 00:00:00-04:00,8.6899995803833,9.050000190734863,8.600000381469727,9.0,105700,0.0,0.0
2023-11-02 00:00:00-04:00,9.0,9.40999984741211,9.0,9.390000343322754,163300,0.0,0.0
2023-11-03 00:00:00-04:00,9.489999771118164,9.489999771118164,8.90999984741211,9.079999923706055,91700,0.0,0.0
2023-11-06 00:00:00-05:00,9.100000381469727,9.350000381469727,9.010000228881836,9.319999694824219,52900,0.0,0.0
2023-11-07 00:00:00-05:00,9.399999618530273,9.399999618530273,9.270000457763672,9.350000381469727,63900,0.0,0.0
2023-11-08 00:00:00-05:00,9.380000114440918,9.380000114440918,9.289999961853027,9.350000381469727,51200,0.0,0.0
2023-11-09 00:00:00-05:00,9.270000457763672,9.460000038146973,9.180000305175781,9.359999656677246,103900,0.0,0.0
2023-11-10 00:00:00-05:00,9.369999885559082,9.670000076293945,9.220000267028809,9.550000190734863,107700,0.0,0.0
2023-11-13 00:00:00-05:00,9.4399995803833,9.609999656677246,9.359999656677246,9.390000343322754,43600,0.0,0.0
2023-11-14 00:00:00-05:00,9.609999656677246,9.9399995803833,9.550000190734863,9.890000343322754,187600,0.0,0.0
2023-11-15 00:00:00-05:00,9.949999809265137,9.970000267028809,9.619999885559082,9.6899995803833,149700,0.0,0.0
2023-11-16 00:00:00-05:00,10.4399995803833,11.449999809265137,9.979999542236328,11.25,747500,0.0,0.0
2023-11-17 00:00:00-05:00,11.25,11.470000267028809,11.069999694824219,11.449999809265137,338300,0.0,0.0
2023-11-20 00:00:00-05:00,11.569999694824219,11.829999923706055,11.180000305175781,11.220000267028809,359900,0.0,0.0
2023-11-21 00:00:00-05:00,11.239999771118164,11.539999961853027,11.239999771118164,11.489999771118164,220000,0.0,0.0
2023-11-22 00:00:00-05:00,11.5,11.75,11.369999885559082,11.729999542236328,169100,0.0,0.0
2023-11-24 00:00:00-05:00,11.800000190734863,11.930000305175781,11.470000267028809,11.510000228881836,221800,0.0,0.0
2023-11-27 00:00:00-05:00,11.380000114440918,11.819999694824219,11.319999694824219,11.779999732971191,123300,0.0,0.0
2023-11-28 00:00:00-05:00,11.789999961853027,11.880000114440918,11.5600004196167,11.619999885559082,90900,0.0,0.0
2023-11-29 00:00:00-05:00,11.680000305175781,11.970000267028809,11.579999923706055,11.869999885559082,148700,0.0,0.0
2023-11-30 00:00:00-05:00,11.789999961853027,12.0,11.579999923706055,11.670000076293945,141100,0.0,0.0
2023-12-01 00:00:00-05:00,11.59000015258789,12.039999961853027,11.569999694824219,11.9399995803833,395300,0.0,0.0
2023-12-04 00:00:00-05:00,11.9399995803833,12.0,11.630000114440918,11.960000038146973,243400,0.0,0.0
2023-12-05 00:00:00-05:00,11.979999542236328,12.100000381469727,11.90999984741211,11.949999809265137,207200,0.0,0.0
2023-12-06 00:00:00-05:00,12.149999618530273,12.260000228881836,11.800000190734863,11.899999618530273,125700,0.0,0.0
2023-12-07 00:00:00-05:00,11.949999809265137,12.220000267028809,11.800000190734863,11.880000114440918,136300,0.0,0.0
2023-12-08 00:00:00-05:00,11.84000015258789,11.970000267028809,11.84000015258789,11.880000114440918,137900,0.0,0.0
2023-12-11 00:00:00-05:00,11.899999618530273,11.899999618530273,11.529999732971191,11.710000038146973,195600,0.0,0.0
2023-12-12 00:00:00-05:00,11.75,11.75,11.479999542236328,11.720000267028809,173800,0.0,0.0
2023-12-13 00:00:00-05:00,11.680000305175781,11.680000305175781,10.869999885559082,10.9399995803833,566800,0.0,0.0
2023-12-14 00:00:00-05:00,11.050000190734863,11.279999732971191,10.920000076293945,10.9399995803833,470500,0.0,0.0
2023-12-15 00:00:00-05:00,11.15999984741211,11.300000190734863,10.930000305175781,11.020000457763672,500400,0.0,0.0
2023-12-18 00:00:00-05:00,11.09000015258789,11.100000381469727,10.640000343322754,10.720000267028809,351500,0.0,0.0
2023-12-19 00:00:00-05:00,10.75,11.109999656677246,10.460000038146973,11.020000457763672,444700,0.0,0.0
2023-12-20 00:00:00-05:00,11.09000015258789,11.699999809265137,11.09000015258789,11.270000457763672,195600,0.0,0.0
2023-12-21 00:00:00-05:00,11.539999961853027,11.65999984741211,11.390000343322754,11.59000015258789,218800,0.0,0.0
2023-12-22 00:00:00-05:00,11.710000038146973,11.9399995803833,11.59000015258789,11.930000305175781,343600,0.0,0.0
2023-12-26 00:00:00-05:00,12.119999885559082,13.100000381469727,12.119999885559082,13.010000228881836,368100,0.0,0.0
2023-12-27 00:00:00-05:00,13.0,13.279999732971191,12.890000343322754,13.0,361700,0.0,0.0
2023-12-28 00:00:00-05:00,12.930000305175781,12.970000267028809,12.5600004196167,12.600000381469727,284700,0.0,0.0
2023-12-29 00:00:00-05:00,12.5600004196167,12.779999732971191,12.449999809265137,12.520000457763672,483800,0.0,0.0
2024-01-02 00:00:00-05:00,12.399999618530273,12.670000076293945,12.170000076293945,12.510000228881836,470000,0.0,0.0
2024-01-03 00:00:00-05:00,12.529999732971191,12.800000190734863,12.380000114440918,12.600000381469727,321500,0.0,0.0
2024-01-04 00:00:00-05:00,12.510000228881836,12.949999809265137,12.510000228881836,12.850000381469727,366400,0.0,0.0
2024-01-05 00:00:00-05:00,12.529999732971191,13.039999961853027,12.510000228881836,12.859999656677246,360700,0.0,0.0
2024-01-08 00:00:00-05:00,12.9399995803833,13.050000190734863,12.470000267028809,12.510000228881836,297000,0.0,0.0
2024-01-09 00:00:00-05:00,12.4399995803833,12.829999923706055,12.140000343322754,12.609999656677246,250500,0.0,0.0
2024-01-10 00:00:00-05:00,12.649999618530273,12.869999885559082,12.4399995803833,12.550000190734863,428400,0.0,0.0
2024-01-11 00:00:00-05:00,12.600000381469727,12.640000343322754,12.239999771118164,12.529999732971191,154700,0.0,0.0
2024-01-12 00:00:00-05:00,12.5600004196167,13.130000114440918,12.5600004196167,13.050000190734863,482200,0.0,0.0
2024-01-16 00:00:00-05:00,13.100000381469727,13.279999732971191,12.90999984741211,13.15999984741211,674900,0.0,0.0
2024-01-17 00:00:00-05:00,13.319999694824219,13.829999923706055,13.149999618530273,13.75,788000,0.0,0.0
2024-01-18 00:00:00-05:00,13.8100004196167,13.90999984741211,13.479999542236328,13.899999618530273,765700,0.0,0.0
2024-01-19 00:00:00-05:00,13.979999542236328,14.0,13.40999984741211,13.949999809265137,649000,0.0,0.0
2024-01-22 00:00:00-05:00,14.069999694824219,14.329999923706055,13.899999618530273,14.130000114440918,651300,0.0,0.0
2024-01-23 00:00:00-05:00,14.199999809265137,14.510000228881836,14.130000114440918,14.390000343322754,439300,0.0,0.0
2024-01-24 00:00:00-05:00,14.529999732971191,14.699999809265137,14.079999923706055,14.270000457763672,223000,0.0,0.0
2024-01-25 00:00:00-05:00,14.5,14.729999542236328,14.369999885559082,14.699999809265137,470600,0.0,0.0
2024-01-26 00:00:00-05:00,14.699999809265137,15.1899995803833,14.449999809265137,15.1899995803833,900100,0.0,0.0
2024-01-29 00:00:00-05:00,15.25,15.399999618530273,14.539999961853027,14.609999656677246,720800,0.0,0.0
2024-01-30 00:00:00-05:00,14.550000190734863,14.5600004196167,14.25,14.390000343322754,475600,0.0,0.0
2024-01-31 00:00:00-05:00,14.279999732971191,14.4399995803833,14.09000015258789,14.119999885559082,319700,0.0,0.0
2024-02-01 00:00:00-05:00,14.180000305175781,14.550000190734863,14.079999923706055,14.449999809265137,403000,0.0,0.0
2024-02-02 00:00:00-05:00,14.430000305175781,14.539999961853027,14.300000190734863,14.399999618530273,402600,0.0,0.0
2024-02-05 00:00:00-05:00,14.25,15.0600004196167,14.09000015258789,14.850000381469727,2449800,0.0,0.0
2024-02-06 00:00:00-05:00,15.050000190734863,15.210000038146973,14.390000343322754,14.729999542236328,1137100,0.0,0.0
2024-02-07 00:00:00-05:00,14.609999656677246,14.90999984741211,14.470000267028809,14.699999809265137,557200,0.0,0.0
2024-02-08 00:00:00-05:00,15.779999732971191,16.31999969482422,15.229999542236328,16.200000762939453,2903700,0.0,0.0
2024-02-09 00:00:00-05:00,16.149999618530273,16.3700008392334,15.550000190734863,15.800000190734863,892000,0.0,0.0
2024-02-12 00:00:00-05:00,15.90999984741211,16.110000610351562,15.720000267028809,15.9399995803833,811600,0.0,0.0
2024-02-13 00:00:00-05:00,15.699999809265137,15.789999961853027,15.3100004196167,15.680000305175781,672900,0.0,0.0
2024-02-14 00:00:00-05:00,15.989999771118164,16.06999969482422,15.829999923706055,16.010000228881836,497100,0.0,0.0
2024-02-15 00:00:00-05:00,14.65999984741211,14.899999618530273,13.229999542236328,14.859999656677246,3027600,0.0,0.0
2024-02-16 00:00:00-05:00,14.960000038146973,15.149999618530273,14.640000343322754,14.65999984741211,1068200,0.0,0.0
2024-02-20 00:00:00-05:00,14.59000015258789,14.930000305175781,14.510000228881836,14.829999923706055,702800,0.0,0.0
2024-02-21 00:00:00-05:00,14.75,14.760000228881836,14.229999542236328,14.5,710400,0.0,0.0
2024-02-22 00:00:00-05:00,14.729999542236328,15.109999656677246,14.579999923706055,15.0,756100,0.0,0.0
2024-02-23 00:00:00-05:00,15.010000228881836,15.279999732971191,14.949999809265137,15.109999656677246,586400,0.0,0.0
2024-02-26 00:00:00-05:00,15.069999694824219,15.359999656677246,14.989999771118164,15.239999771118164,518100,0.0,0.0
2024-02-27 00:00:00-05:00,15.270000457763672,15.390000343322754,14.949999809265137,15.029999732971191,364600,0.0,0.0
2024-02-28 00:00:00-05:00,15.0,15.170000076293945,14.600000381469727,14.729999542236328,470500,0.0,0.0
2024-02-29 00:00:00-05:00,15.0,15.100000381469727,14.850000381469727,15.039999961853027,325400,0.0,0.0
2024-03-01 00:00:00-05:00,15.029999732971191,15.170000076293945,14.949999809265137,15.029999732971191,421200,0.0,0.0
2024-03-04 00:00:00-05:00,15.239999771118164,15.479999542236328,15.039999961853027,15.130000114440918,792100,0.0,0.0
2024-03-05 00:00:00-05:00,15.130000114440918,15.3100004196167,15.079999923706055,15.180000305175781,385600,0.0,0.0
2024-03-06 00:00:00-05:00,15.260000228881836,15.40999984741211,15.079999923706055,15.130000114440918,474800,0.0,0.0
2024-03-07 00:00:00-05:00,15.210000038146973,15.329999923706055,14.8100004196167,14.90999984741211,511800,0.0,0.0
2024-03-08 00:00:00-05:00,14.930000305175781,14.9399995803833,14.300000190734863,14.520000457763672,575200,0.0,0.0
2024-03-11 00:00:00-04:00,14.489999771118164,14.970000267028809,14.420000076293945,14.819999694824219,431500,0.0,0.0
2024-03-12 00:00:00-04:00,14.800000190734863,15.199999809265137,14.649999618530273,15.170000076293945,485400,0.0,0.0
2024-03-13 00:00:00-04:00,15.170000076293945,15.329999923706055,14.770000457763672,15.0600004196167,533100,0.0,0.0
2024-03-14 00:00:00-04:00,15.029999732971191,15.0600004196167,14.4399995803833,14.59000015258789,528300,0.0,0.0
2024-03-15 00:00:00-04:00,14.5,14.710000038146973,14.489999771118164,14.520000457763672,1835000,0.0,0.0
2024-03-18 00:00:00-04:00,14.59000015258789,14.619999885559082,14.369999885559082,14.529999732971191,688000,0.0,0.0
2024-03-19 00:00:00-04:00,14.5,14.739999771118164,14.319999694824219,14.699999809265137,553500,0.0,0.0
2024-03-20 00:00:00-04:00,14.65999984741211,14.880000114440918,14.470000267028809,14.869999885559082,298000,0.0,0.0
2024-03-21 00:00:00-04:00,14.899999618530273,15.119999885559082,14.859999656677246,15.039999961853027,490900,0.0,0.0
2024-03-22 00:00:00-04:00,15.069999694824219,15.140000343322754,14.829999923706055,15.100000381469727,278000,0.0,0.0
2024-03-25 00:00:00-04:00,15.100000381469727,15.220000267028809,14.899999618530273,15.020000457763672,320200,0.0,0.0
2024-03-26 00:00:00-04:00,15.039999961853027,15.199999809265137,14.850000381469727,14.869999885559082,652300,0.0,0.0
2024-03-27 00:00:00-04:00,14.859999656677246,15.199999809265137,14.859999656677246,15.180000305175781,307400,0.0,0.0
2024-03-28 00:00:00-04:00,15.199999809265137,16.1200008392334,15.199999809265137,15.9399995803833,1137300,0.0,0.0
2024-04-01 00:00:00-04:00,16.079999923706055,16.170000076293945,14.550000190734863,14.630000114440918,816100,0.0,0.0
2024-04-02 00:00:00-04:00,14.5600004196167,14.819999694824219,14.109999656677246,14.75,585400,0.0,0.0
2024-04-03 00:00:00-04:00,14.729999542236328,14.949999809265137,14.6899995803833,14.800000190734863,349600,0.0,0.0
2024-04-04 00:00:00-04:00,14.960000038146973,15.029999732971191,14.65999984741211,14.670000076293945,378800,0.0,0.0
2024-04-05 00:00:00-04:00,14.729999542236328,14.9399995803833,14.699999809265137,14.779999732971191,302600,0.0,0.0
2024-04-08 00:00:00-04:00,15.15999984741211,15.6899995803833,15.020000457763672,15.479999542236328,785800,0.0,0.0
2024-04-09 00:00:00-04:00,15.5,15.5,15.1899995803833,15.300000190734863,280000,0.0,0.0
2024-04-10 00:00:00-04:00,15.149999618530273,15.40999984741211,14.949999809265137,15.210000038146973,412800,0.0,0.0
2024-04-11 00:00:00-04:00,15.279999732971191,15.329999923706055,15.0600004196167,15.260000228881836,321100,0.0,0.0
2024-04-12 00:00:00-04:00,15.180000305175781,15.260000228881836,14.859999656677246,14.960000038146973,378700,0.0,0.0
2024-04-15 00:00:00-04:00,15.100000381469727,15.270000457763672,14.600000381469727,14.630000114440918,328000,0.0,0.0
2024-04-16 00:00:00-04:00,14.569999694824219,14.729999542236328,14.460000038146973,14.479999542236328,296800,0.0,0.0
2024-04-17 00:00:00-04:00,14.550000190734863,14.550000190734863,14.239999771118164,14.270000457763672,221800,0.0,0.0
2024-04-18 00:00:00-04:00,14.279999732971191,14.479999542236328,14.199999809265137,14.229999542236328,293500,0.0,0.0
2024-04-19 00:00:00-04:00,14.199999809265137,14.59000015258789,14.199999809265137,14.579999923706055,371800,0.0,0.0
2024-04-22 00:00:00-04:00,14.319999694824219,14.600000381469727,14.199999809265137,14.539999961853027,270800,0.0,0.0
2024-04-23 00:00:00-04:00,14.649999618530273,14.819999694824219,14.5,14.520000457763672,213400,0.0,0.0
2024-04-24 00:00:00-04:00,14.550000190734863,14.770000457763672,14.470000267028809,14.619999885559082,345200,0.0,0.0
2024-04-25 00:00:00-04:00,14.609999656677246,14.930000305175781,14.470000267028809,14.890000343322754,265400,0.0,0.0
2024-04-26 00:00:00-04:00,14.880000114440918,15.279999732971191,14.84000015258789,15.199999809265137,221100,0.0,0.0
2024-04-29 00:00:00-04:00,15.229999542236328,15.5600004196167,15.0600004196167,15.510000228881836,402000,0.0,0.0
2024-04-30 00:00:00-04:00,15.369999885559082,15.520000457763672,15.119999885559082,15.220000267028809,743900,0.0,0.0
2024-05-01 00:00:00-04:00,15.1899995803833,15.529999732971191,15.0600004196167,15.289999961853027,363300,0.0,0.0
2024-05-02 00:00:00-04:00,15.5,15.680000305175781,15.239999771118164,15.40999984741211,1224100,0.0,0.0
2024-05-03 00:00:00-04:00,15.59000015258789,16.030000686645508,15.40999984741211,15.609999656677246,1280500,0.0,0.0
2024-05-06 00:00:00-04:00,15.65999984741211,16.579999923706055,15.65999984741211,16.520000457763672,795600,0.0,0.0
2024-05-07 00:00:00-04:00,16.68000030517578,16.959999084472656,16.540000915527344,16.6299991607666,526700,0.0,0.0
2024-05-08 00:00:00-04:00,16.81999969482422,17.09000015258789,16.610000610351562,16.690000534057617,509900,0.0,0.0
2024-05-09 00:00:00-04:00,16.100000381469727,16.100000381469727,14.140000343322754,15.1899995803833,1688500,0.0,0.0
2024-05-10 00:00:00-04:00,15.300000190734863,15.489999771118164,14.760000228881836,15.020000457763672,695600,0.0,0.0
2024-05-13 00:00:00-04:00,15.100000381469727,15.359999656677246,14.989999771118164,14.989999771118164,699600,0.0,0.0
2024-05-14 00:00:00-04:00,15.079999923706055,15.180000305175781,14.880000114440918,14.930000305175781,387000,0.0,0.0
2024-05-15 00:00:00-04:00,15.100000381469727,15.430000305175781,15.069999694824219,15.420000076293945,475400,0.0,0.0
2024-05-16 00:00:00-04:00,15.34000015258789,15.600000381469727,15.210000038146973,15.260000228881836,461500,0.0,0.0
2024-05-17 00:00:00-04:00,15.3100004196167,15.369999885559082,14.930000305175781,14.979999542236328,356900,0.0,0.0
2024-05-20 00:00:00-04:00,14.979999542236328,15.229999542236328,14.550000190734863,14.619999885559082,767400,0.0,0.0
2024-05-21 00:00:00-04:00,14.529999732971191,14.529999732971191,14.279999732971191,14.350000381469727,683800,0.0,0.0
2024-05-22 00:00:00-04:00,14.329999923706055,14.800000190734863,14.199999809265137,14.649999618530273,620000,0.0,0.0
2024-05-23 00:00:00-04:00,14.75,15.300000190734863,14.75,14.979999542236328,421800,0.0,0.0
2024-05-24 00:00:00-04:00,15.039999961853027,15.369999885559082,14.989999771118164,15.350000381469727,256400,0.0,0.0
2024-05-28 00:00:00-04:00,15.350000381469727,16.40999984741211,15.350000381469727,16.350000381469727,650200,0.0,0.0
2024-05-29 00:00:00-04:00,16.309999465942383,16.549999237060547,16.0,16.260000228881836,724700,0.0,0.0
2024-05-30 00:00:00-04:00,16.350000381469727,16.43000030517578,15.989999771118164,16.049999237060547,1022000,0.0,0.0
2024-05-31 00:00:00-04:00,16.079999923706055,16.290000915527344,15.6899995803833,15.8100004196167,1742300,0.0,0.0
2024-06-03 00:00:00-04:00,15.899999618530273,15.9399995803833,15.3100004196167,15.369999885559082,1030900,0.0,0.0
2024-06-04 00:00:00-04:00,15.270000457763672,15.380000114440918,15.100000381469727,15.25,540800,0.0,0.0
2024-06-05 00:00:00-04:00,15.25,15.770000457763672,14.90999984741211,15.319999694824219,634900,0.0,0.0
2024-06-06 00:00:00-04:00,15.1899995803833,15.229999542236328,14.760000228881836,14.770000457763672,469900,0.0,0.0
2024-06-07 00:00:00-04:00,14.710000038146973,14.8100004196167,14.319999694824219,14.40999984741211,459300,0.0,0.0
2024-06-10 00:00:00-04:00,14.40999984741211,14.680000305175781,14.300000190734863,14.350000381469727,545400,0.0,0.0
2024-06-11 00:00:00-04:00,14.25,14.65999984741211,14.229999542236328,14.420000076293945,394300,0.0,0.0
2024-06-12 00:00:00-04:00,14.600000381469727,14.6899995803833,14.25,14.390000343322754,451200,0.0,0.0
2024-06-13 00:00:00-04:00,14.319999694824219,14.399999618530273,13.869999885559082,14.170000076293945,425100,0.0,0.0
2024-06-14 00:00:00-04:00,14.0600004196167,14.1899995803833,13.75,13.84000015258789,330900,0.0,0.0
2024-06-17 00:00:00-04:00,13.770000457763672,14.010000228881836,13.75,13.869999885559082,379000,0.0,0.0
2024-06-18 00:00:00-04:00,13.930000305175781,13.9399995803833,13.65999984741211,13.890000343322754,357300,0.0,0.0
2024-06-20 00:00:00-04:00,13.899999618530273,14.050000190734863,13.760000228881836,13.899999618530273,350800,0.0,0.0
2024-06-21 00:00:00-04:00,14.100000381469727,14.1899995803833,13.65999984741211,14.149999618530273,648500,0.0,0.0
2024-06-24 00:00:00-04:00,14.100000381469727,14.390000343322754,13.90999984741211,14.029999732971191,367700,0.0,0.0
2024-06-25 00:00:00-04:00,14.119999885559082,14.579999923706055,13.989999771118164,14.5600004196167,393000,0.0,0.0
2024-06-26 00:00:00-04:00,14.460000038146973,14.869999885559082,14.359999656677246,14.859999656677246,485800,0.0,0.0
2024-06-27 00:00:00-04:00,14.869999885559082,15.010000228881836,14.699999809265137,15.0,396100,0.0,0.0
2024-06-28 00:00:00-04:00,15.170000076293945,15.75,15.170000076293945,15.729999542236328,1869400,0.0,0.0
2024-07-01 00:00:00-04:00,15.6899995803833,16.100000381469727,15.0600004196167,16.06999969482422,834900,0.0,0.0
2024-07-02 00:00:00-04:00,16.110000610351562,16.399999618530273,15.979999542236328,16.3799991607666,822700,0.0,0.0
2024-07-03 00:00:00-04:00,16.440000534057617,16.780000686645508,16.25,16.459999084472656,337300,0.0,0.0
2024-07-05 00:00:00-04:00,16.450000762939453,16.75,16.309999465942383,16.399999618530273,363500,0.0,0.0
2024-07-08 00:00:00-04:00,16.5,16.860000610351562,16.389999389648438,16.6299991607666,889700,0.0,0.0
2024-07-09 00:00:00-04:00,16.59000015258789,16.59000015258789,15.760000228881836,15.880000114440918,475100,0.0,0.0
2024-07-10 00:00:00-04:00,15.890000343322754,16.0,15.680000305175781,15.90999984741211,316500,0.0,0.0
2024-07-11 00:00:00-04:00,16.040000915527344,16.489999771118164,15.979999542236328,16.34000015258789,297800,0.0,0.0
2024-07-12 00:00:00-04:00,16.5,16.790000915527344,16.40999984741211,16.43000030517578,586400,0.0,0.0
2024-07-15 00:00:00-04:00,16.75,17.139999389648438,16.530000686645508,16.950000762939453,719200,0.0,0.0
2024-07-16 00:00:00-04:00,17.18000030517578,18.059999465942383,17.030000686645508,18.049999237060547,1413700,0.0,0.0
2024-07-17 00:00:00-04:00,17.8799991607666,18.309999465942383,17.850000381469727,18.149999618530273,568700,0.0,0.0
2024-07-18 00:00:00-04:00,18.1200008392334,18.5,18.0,18.309999465942383,521100,0.0,0.0
2024-07-19 00:00:00-04:00,18.440000534057617,18.559999465942383,18.170000076293945,18.25,438600,0.0,0.0
2024-07-22 00:00:00-04:00,18.260000228881836,19.030000686645508,18.200000762939453,18.899999618530273,807900,0.0,0.0
2024-07-23 00:00:00-04:00,18.8700008392334,19.399999618530273,18.670000076293945,18.950000762939453,525500,0.0,0.0
2024-07-24 00:00:00-04:00,18.81999969482422,19.020000457763672,18.5,18.850000381469727,444500,0.0,0.0
2024-07-25 00:00:00-04:00,19.139999389648438,19.139999389648438,18.59000015258789,18.690000534057617,625600,0.0,0.0
2024-07-26 00:00:00-04:00,19.06999969482422,19.5,18.979999542236328,19.43000030517578,479900,0.0,0.0
2024-07-29 00:00:00-04:00,19.5,19.790000915527344,18.959999084472656,19.139999389648438,379600,0.0,0.0
2024-07-30 00:00:00-04:00,19.309999465942383,19.5,19.139999389648438,19.350000381469727,320900,0.0,0.0
2024-07-31 00:00:00-04:00,19.450000762939453,19.450000762939453,18.75,18.940000534057617,359500,0.0,0.0
2024-08-01 00:00:00-04:00,18.950000762939453,19.260000228881836,18.239999771118164,18.329999923706055,454200,0.0,0.0
2024-08-02 00:00:00-04:00,17.790000915527344,17.93000030517578,17.25,17.84000015258789,525500,0.0,0.0
2024-08-05 00:00:00-04:00,16.920000076293945,17.43000030517578,16.459999084472656,17.25,678100,0.0,0.0
2024-08-06 00:00:00-04:00,17.3700008392334,17.8700008392334,17.25,17.5,563200,0.0,0.0
2024-08-07 00:00:00-04:00,17.700000762939453,17.700000762939453,16.65999984741211,16.920000076293945,656300,0.0,0.0
2024-08-08 00:00:00-04:00,16.920000076293945,17.510000228881836,16.540000915527344,17.18000030517578,966800,0.0,0.0
2024-08-09 00:00:00-04:00,17.1299991607666,17.200000762939453,16.90999984741211,17.059999465942383,506500,0.0,0.0
2024-08-12 00:00:00-04:00,17.030000686645508,17.09000015258789,16.59000015258789,16.690000534057617,504900,0.0,0.0
2024-08-13 00:00:00-04:00,16.670000076293945,16.8700008392334,16.43000030517578,16.84000015258789,403700,0.0,0.0
2024-08-14 00:00:00-04:00,16.90999984741211,17.229999542236328,16.850000381469727,17.170000076293945,286500,0.0,0.0
2024-08-15 00:00:00-04:00,17.5,17.6200008392334,17.18000030517578,17.3799991607666,293900,0.0,0.0
2024-08-16 00:00:00-04:00,17.360000610351562,17.600000381469727,17.360000610351562,17.450000762939453,247400,0.0,0.0
2024-08-19 00:00:00-04:00,17.399999618530273,17.5,16.600000381469727,16.690000534057617,328800,0.0,0.0
2024-08-20 00:00:00-04:00,16.729999542236328,16.780000686645508,16.399999618530273,16.709999084472656,390700,0.0,0.0
2024-08-21 00:00:00-04:00,16.889999389648438,17.469999313354492,16.700000762939453,17.43000030517578,271400,0.0,0.0
2024-08-22 00:00:00-04:00,17.469999313354492,17.5,17.260000228881836,17.3799991607666,221300,0.0,0.0
2024-08-23 00:00:00-04:00,17.59000015258789,17.690000534057617,17.290000915527344,17.329999923706055,307600,0.0,0.0
2024-08-26 00:00:00-04:00,17.15999984741211,17.170000076293945,16.489999771118164,16.84000015258789,357100,0.0,0.0
2024-08-27 00:00:00-04:00,16.860000610351562,17.309999465942383,16.75,17.209999084472656,211300,0.0,0.0
2024-08-28 00:00:00-04:00,17.110000610351562,17.399999618530273,17.020000457763672,17.329999923706055,184000,0.0,0.0
2024-08-29 00:00:00-04:00,17.5,17.600000381469727,17.239999771118164,17.329999923706055,239800,0.0,0.0
2024-08-30 00:00:00-04:00,17.479999542236328,17.479999542236328,17.09000015258789,17.450000762939453,255800,0.0,0.0
2024-09-03 00:00:00-04:00,17.399999618530273,17.450000762939453,16.719999313354492,16.770000457763672,262800,0.0,0.0
2024-09-04 00:00:00-04:00,16.8700008392334,16.950000762939453,16.610000610351562,16.84000015258789,178200,0.0,0.0
2024-09-05 00:00:00-04:00,16.75,16.8700008392334,16.3799991607666,16.540000915527344,211100,0.0,0.0
2024-09-06 00:00:00-04:00,16.56999969482422,16.81999969482422,15.770000457763672,15.829999923706055,449500,0.0,0.0
2024-09-09 00:00:00-04:00,15.979999542236328,16.829999923706055,15.9399995803833,16.559999465942383,434400,0.0,0.0
2024-09-10 00:00:00-04:00,16.459999084472656,16.690000534057617,16.260000228881836,16.40999984741211,249000,0.0,0.0
2024-09-11 00:00:00-04:00,15.510000228881836,16.209999084472656,15.510000228881836,16.200000762939453,352700,0.0,0.0
2024-09-12 00:00:00-04:00,16.290000915527344,16.729999542236328,16.290000915527344,16.540000915527344,190900,0.0,0.0
2024-09-13 00:00:00-04:00,16.700000762939453,16.979999542236328,16.600000381469727,16.760000228881836,246100,0.0,0.0
2024-09-16 00:00:00-04:00,16.809999465942383,17.040000915527344,16.68000030517578,16.729999542236328,328700,0.0,0.0
2024-09-17 00:00:00-04:00,17.0,17.010000228881836,16.6299991607666,16.639999389648438,243300,0.0,0.0
2024-09-18 00:00:00-04:00,16.649999618530273,17.030000686645508,16.40999984741211,16.639999389648438,363500,0.0,0.0
2024-09-19 00:00:00-04:00,17.020000457763672,17.020000457763672,16.520000457763672,16.90999984741211,443000,0.0,0.0
2024-09-20 00:00:00-04:00,16.899999618530273,16.899999618530273,16.450000762939453,16.459999084472656,1180200,0.0,0.0
2024-09-23 00:00:00-04:00,16.469999313354492,16.549999237060547,16.1200008392334,16.309999465942383,484800,0.0,0.0
2024-09-24 00:00:00-04:00,16.270000457763672,16.489999771118164,16.06999969482422,16.43000030517578,258100,0.0,0.0
2024-09-25 00:00:00-04:00,16.360000610351562,16.43000030517578,16.079999923706055,16.1299991607666,194700,0.0,0.0
2024-09-26 00:00:00-04:00,16.280000686645508,16.31999969482422,15.949999809265137,16.049999237060547,425300,0.0,0.0
2024-09-27 00:00:00-04:00,16.139999389648438,16.530000686645508,16.079999923706055,16.15999984741211,283600,0.0,0.0
2024-09-30 00:00:00-04:00,15.899999618530273,16.280000686645508,15.880000114440918,16.260000228881836,252700,0.0,0.0
2024-10-01 00:00:00-04:00,16.299999237060547,16.309999465942383,15.729999542236328,15.75,326400,0.0,0.0
2024-10-02 00:00:00-04:00,15.75,15.880000114440918,15.680000305175781,15.699999809265137,283200,0.0,0.0
2024-10-03 00:00:00-04:00,15.59000015258789,15.59000015258789,15.359999656677246,15.40999984741211,321400,0.0,0.0
2024-10-04 00:00:00-04:00,15.640000343322754,15.640000343322754,15.260000228881836,15.40999984741211,481900,0.0,0.0
2024-10-07 00:00:00-04:00,15.329999923706055,15.399999618530273,15.140000343322754,15.199999809265137,307300,0.0,0.0
2024-10-08 00:00:00-04:00,15.180000305175781,15.609999656677246,15.180000305175781,15.569999694824219,429800,0.0,0.0
2024-10-09 00:00:00-04:00,15.600000381469727,15.710000038146973,15.289999961853027,15.470000267028809,367300,0.0,0.0
2024-10-10 00:00:00-04:00,15.3100004196167,15.489999771118164,15.260000228881836,15.470000267028809,327200,0.0,0.0
2024-10-11 00:00:00-04:00,15.510000228881836,15.890000343322754,15.510000228881836,15.869999885559082,167300,0.0,0.0
2024-10-14 00:00:00-04:00,15.880000114440918,16.5,15.84000015258789,16.280000686645508,282200,0.0,0.0
2024-10-15 00:00:00-04:00,16.229999542236328,16.43000030517578,16.040000915527344,16.059999465942383,351900,0.0,0.0
2024-10-16 00:00:00-04:00,16.260000228881836,16.6200008392334,16.1299991607666,16.579999923706055,255200,0.0,0.0
2024-10-17 00:00:00-04:00,16.600000381469727,16.65999984741211,16.270000457763672,16.40999984741211,241500,0.0,0.0
2024-10-18 00:00:00-04:00,16.43000030517578,16.479999542236328,16.139999389648438,16.25,221800,0.0,0.0
2024-10-21 00:00:00-04:00,16.149999618530273,16.270000457763672,15.850000381469727,15.930000305175781,197600,0.0,0.0
2024-10-22 00:00:00-04:00,15.899999618530273,16.020000457763672,15.640000343322754,15.9399995803833,162900,0.0,0.0
2024-10-23 00:00:00-04:00,15.800000190734863,16.190000534057617,15.630000114440918,16.09000015258789,228100,0.0,0.0
2024-10-24 00:00:00-04:00,16.139999389648438,16.40999984741211,16.079999923706055,16.40999984741211,192000,0.0,0.0
2024-10-25 00:00:00-04:00,16.399999618530273,16.65999984741211,16.25,16.639999389648438,355200,0.0,0.0
2024-10-28 00:00:00-04:00,16.75,16.850000381469727,16.40999984741211,16.790000915527344,298200,0.0,0.0
2024-10-29 00:00:00-04:00,16.6200008392334,17.049999237060547,16.549999237060547,17.049999237060547,311000,0.0,0.0
2024-10-30 00:00:00-04:00,17.020000457763672,17.459999084472656,16.950000762939453,17.18000030517578,331900,0.0,0.0
2024-10-31 00:00:00-04:00,17.110000610351562,17.229999542236328,16.639999389648438,16.639999389648438,212600,0.0,0.0
2024-11-01 00:00:00-04:00,16.829999923706055,16.979999542236328,16.520000457763672,16.549999237060547,187200,0.0,0.0
2024-11-04 00:00:00-05:00,16.420000076293945,16.81999969482422,16.309999465942383,16.56999969482422,224900,0.0,0.0
2024-11-05 00:00:00-05:00,16.489999771118164,17.1299991607666,16.309999465942383,17.1200008392334,445700,0.0,0.0
2024-11-06 00:00:00-05:00,18.729999542236328,19.270000457763672,18.5,19.030000686645508,864600,0.0,0.0
2024-11-07 00:00:00-05:00,19.1299991607666,19.600000381469727,18.899999618530273,19.40999984741211,412500,0.0,0.0
2024-11-08 00:00:00-05:00,19.40999984741211,20.31999969482422,19.399999618530273,20.299999237060547,461400,0.0,0.0
2024-11-11 00:00:00-05:00,20.450000762939453,20.729999542236328,20.190000534057617,20.6200008392334,317000,0.0,0.0
2024-11-12 00:00:00-05:00,20.520000457763672,20.6200008392334,20.09000015258789,20.139999389648438,220100,0.0,0.0
2024-11-13 00:00:00-05:00,20.31999969482422,20.670000076293945,20.299999237060547,20.329999923706055,239200,0.0,0.0
2024-11-14 00:00:00-05:00,20.329999923706055,20.329999923706055,19.479999542236328,19.540000915527344,206400,0.0,0.0
2024-11-15 00:00:00-05:00,19.65999984741211,19.8700008392334,19.420000076293945,19.610000610351562,232500,0.0,0.0
2024-11-18 00:00:00-05:00,19.559999465942383,19.860000610351562,19.5,19.68000030517578,263400,0.0,0.0
2024-11-19 00:00:00-05:00,19.559999465942383,20.0,19.469999313354492,19.940000534057617,189600,0.0,0.0
2024-11-20 00:00:00-05:00,19.809999465942383,20.579999923706055,19.649999618530273,19.889999389648438,675300,0.0,0.0
2024-11-21 00:00:00-05:00,22.260000228881836,24.440000534057617,22.100000381469727,23.610000610351562,1765900,0.0,0.0
2024-11-22 00:00:00-05:00,24.329999923706055,25.600000381469727,23.729999542236328,25.3799991607666,1384800,0.0,0.0
2024-11-25 00:00:00-05:00,25.690000534057617,26.1299991607666,24.940000534057617,25.940000534057617,938100,0.0,0.0
2024-11-26 00:00:00-05:00,25.530000686645508,26.049999237060547,25.3700008392334,25.950000762939453,571700,0.0,0.0
2024-11-27 00:00:00-05:00,26.079999923706055,26.43000030517578,25.56999969482422,26.040000915527344,268700,0.0,0.0
2024-11-29 00:00:00-05:00,25.770000457763672,26.239999771118164,25.469999313354492,25.8700008392334,251600,0.0,0.0
2024-12-02 00:00:00-05:00,25.8799991607666,26.639999389648438,25.530000686645508,26.440000534057617,721300,0.0,0.0
2024-12-03 00:00:00-05:00,24.829999923706055,24.959999084472656,22.809999465942383,24.170000076293945,2123100,0.0,0.0
2024-12-04 00:00:00-05:00,24.329999923706055,24.950000762939453,24.270000457763672,24.81999969482422,795000,0.0,0.0
2024-12-05 00:00:00-05:00,24.809999465942383,25.719999313354492,24.549999237060547,25.440000534057617,730600,0.0,0.0
2024-12-06 00:00:00-05:00,25.68000030517578,25.899999618530273,25.40999984741211,25.6200008392334,477900,0.0,0.0
2024-12-09 00:00:00-05:00,25.850000381469727,25.850000381469727,25.260000228881836,25.649999618530273,383600,0.0,0.0
2024-12-10 00:00:00-05:00,25.6200008392334,26.190000534057617,25.459999084472656,26.1200008392334,404200,0.0,0.0
2024-12-11 00:00:00-05:00,26.06999969482422,26.649999618530273,26.040000915527344,26.100000381469727,429800,0.0,0.0
2024-12-12 00:00:00-05:00,26.110000610351562,26.200000762939453,25.6200008392334,26.049999237060547,310700,0.0,0.0
2024-12-13 00:00:00-05:00,26.0,26.170000076293945,25.530000686645508,25.770000457763672,458100,0.0,0.0
2024-12-16 00:00:00-05:00,25.850000381469727,26.700000762939453,25.649999618530273,26.5,537000,0.0,0.0
2024-12-17 00:00:00-05:00,26.6200008392334,26.709999084472656,25.81999969482422,26.209999084472656,360700,0.0,0.0
2024-12-18 00:00:00-05:00,26.399999618530273,26.540000915527344,24.540000915527344,24.809999465942383,565900,0.0,0.0
2024-12-19 00:00:00-05:00,25.6299991607666,26.09000015258789,25.270000457763672,25.420000076293945,379800,0.0,0.0
2024-12-20 00:00:00-05:00,24.950000762939453,25.84000015258789,24.950000762939453,25.290000915527344,583500,0.0,0.0
2024-12-23 00:00:00-05:00,25.25,25.579999923706055,24.860000610351562,25.440000534057617,329600,0.0,0.0
2024-12-24 00:00:00-05:00,25.459999084472656,26.309999465942383,25.200000762939453,26.290000915527344,212900,0.0,0.0
2024-12-26 00:00:00-05:00,26.09000015258789,26.68000030517578,25.690000534057617,26.530000686645508,279800,0.0,0.0
2024-12-27 00:00:00-05:00,26.350000381469727,26.43000030517578,25.700000762939453,25.959999084472656,423200,0.0,0.0
2024-12-30 00:00:00-05:00,25.549999237060547,26.15999984741211,25.469999313354492,25.8700008392334,377900,0.0,0.0
2024-12-31 00:00:00-05:00,26.0,26.3799991607666,25.700000762939453,25.709999084472656,476100,0.0,0.0
2025-01-02 00:00:00-05:00,25.81999969482422,25.920000076293945,25.110599517822266,25.40999984741211,303607,0.0,0.0
