Date,Open,High,Low,Close,Volume,Dividends,Stock Splits
2022-01-03 00:00:00-05:00,15.100000381469727,16.010000228881836,14.654999732971191,15.930000305175781,871900,0.0,0.0
2022-01-04 00:00:00-05:00,15.880000114440918,15.986000061035156,14.843000411987305,15.739999771118164,731200,0.0,0.0
2022-01-05 00:00:00-05:00,15.600000381469727,15.600000381469727,12.880000114440918,13.109999656677246,2183000,0.0,0.0
2022-01-06 00:00:00-05:00,13.0,13.734999656677246,12.34000015258789,13.380000114440918,1222000,0.0,0.0
2022-01-07 00:00:00-05:00,13.279999732971191,13.8100004196167,13.020000457763672,13.210000038146973,709900,0.0,0.0
2022-01-10 00:00:00-05:00,12.970000267028809,13.029999732971191,12.050000190734863,13.010000228881836,819600,0.0,0.0
2022-01-11 00:00:00-05:00,12.989999771118164,13.270000457763672,12.5,12.930000305175781,964600,0.0,0.0
2022-01-12 00:00:00-05:00,13.0,13.9399995803833,12.220000267028809,12.380000114440918,503400,0.0,0.0
2022-01-13 00:00:00-05:00,12.369999885559082,12.819999694824219,11.529999732971191,11.630000114440918,665800,0.0,0.0
2022-01-14 00:00:00-05:00,11.479999542236328,11.890000343322754,11.260000228881836,11.430000305175781,529500,0.0,0.0
2022-01-18 00:00:00-05:00,11.15999984741211,11.520000457763672,10.779999732971191,10.819999694824219,509500,0.0,0.0
2022-01-19 00:00:00-05:00,10.920000076293945,11.15999984741211,10.59000015258789,10.680000305175781,477000,0.0,0.0
2022-01-20 00:00:00-05:00,11.0,11.470000267028809,10.579999923706055,10.619999885559082,299500,0.0,0.0
2022-01-21 00:00:00-05:00,10.569999694824219,10.84000015258789,10.020000457763672,10.050000190734863,706900,0.0,0.0
2022-01-24 00:00:00-05:00,9.8100004196167,10.385000228881836,9.0,10.319999694824219,751000,0.0,0.0
2022-01-25 00:00:00-05:00,10.0,10.390000343322754,9.640000343322754,9.819999694824219,681100,0.0,0.0
2022-01-26 00:00:00-05:00,10.0600004196167,10.369999885559082,9.420000076293945,9.5,785200,0.0,0.0
2022-01-27 00:00:00-05:00,9.6899995803833,10.300000190734863,8.789999961853027,8.800000190734863,1412000,0.0,0.0
2022-01-28 00:00:00-05:00,8.869999885559082,9.09000015258789,8.149999618530273,9.020000457763672,1602100,0.0,0.0
2022-01-31 00:00:00-05:00,9.15999984741211,10.380000114440918,9.09000015258789,10.359999656677246,1028400,0.0,0.0
2022-02-01 00:00:00-05:00,10.470000267028809,11.619999885559082,10.359999656677246,11.270000457763672,1154100,0.0,0.0
2022-02-02 00:00:00-05:00,11.300000190734863,11.449999809265137,10.779999732971191,10.880000114440918,610700,0.0,0.0
2022-02-03 00:00:00-05:00,10.5,10.770000457763672,9.920000076293945,10.0,494600,0.0,0.0
2022-02-04 00:00:00-05:00,10.050000190734863,10.760000228881836,9.880000114440918,10.550000190734863,628000,0.0,0.0
2022-02-07 00:00:00-05:00,10.529999732971191,11.260000228881836,10.529999732971191,10.859999656677246,811200,0.0,0.0
2022-02-08 00:00:00-05:00,10.770000457763672,11.079999923706055,10.579999923706055,11.050000190734863,492500,0.0,0.0
2022-02-09 00:00:00-05:00,11.270000457763672,11.649999618530273,11.180000305175781,11.569999694824219,335800,0.0,0.0
2022-02-10 00:00:00-05:00,11.149999618530273,12.670000076293945,11.149999618530273,11.65999984741211,602500,0.0,0.0
2022-02-11 00:00:00-05:00,11.649999618530273,11.869999885559082,11.399999618530273,11.579999923706055,867400,0.0,0.0
2022-02-14 00:00:00-05:00,11.59000015258789,12.149999618530273,11.460000038146973,11.649999618530273,378800,0.0,0.0
2022-02-15 00:00:00-05:00,12.020000457763672,12.739999771118164,12.020000457763672,12.569999694824219,488700,0.0,0.0
2022-02-16 00:00:00-05:00,12.430000305175781,12.930000305175781,12.164999961853027,12.489999771118164,473300,0.0,0.0
2022-02-17 00:00:00-05:00,12.229999542236328,12.399999618530273,11.100000381469727,11.109999656677246,843800,0.0,0.0
2022-02-18 00:00:00-05:00,11.130000114440918,11.300000190734863,9.649999618530273,9.829999923706055,981000,0.0,0.0
2022-02-22 00:00:00-05:00,9.579999923706055,10.020000457763672,9.359999656677246,9.710000038146973,622200,0.0,0.0
2022-02-23 00:00:00-05:00,9.829999923706055,9.859999656677246,8.90999984741211,9.029999732971191,527000,0.0,0.0
2022-02-24 00:00:00-05:00,8.5600004196167,9.895000457763672,8.380999565124512,9.84000015258789,675600,0.0,0.0
2022-02-25 00:00:00-05:00,10.0,10.039999961853027,9.265000343322754,9.569999694824219,1029200,0.0,0.0
2022-02-28 00:00:00-05:00,9.59000015258789,10.050000190734863,9.460000038146973,9.630000114440918,370400,0.0,0.0
2022-03-01 00:00:00-05:00,9.649999618530273,10.140000343322754,9.289999961853027,9.479999542236328,557600,0.0,0.0
2022-03-02 00:00:00-05:00,9.510000228881836,9.670000076293945,9.300000190734863,9.319999694824219,469800,0.0,0.0
2022-03-03 00:00:00-05:00,9.5,9.510000228881836,8.720000267028809,8.829999923706055,496200,0.0,0.0
2022-03-04 00:00:00-05:00,8.729999542236328,8.850000381469727,8.510000228881836,8.75,720600,0.0,0.0
2022-03-07 00:00:00-05:00,8.720000267028809,9.069999694824219,8.529999732971191,8.729999542236328,1711300,0.0,0.0
2022-03-08 00:00:00-05:00,8.75,8.850000381469727,7.801000118255615,8.260000228881836,2593400,0.0,0.0
2022-03-09 00:00:00-05:00,8.5600004196167,8.781000137329102,7.239999771118164,7.429999828338623,3117300,0.0,0.0
2022-03-10 00:00:00-05:00,7.190000057220459,7.53000020980835,6.875,7.480000019073486,3523500,0.0,0.0
2022-03-11 00:00:00-05:00,7.909999847412109,7.909999847412109,7.070000171661377,7.239999771118164,1435500,0.0,0.0
2022-03-14 00:00:00-04:00,7.150000095367432,7.150000095367432,6.5,6.619999885559082,920400,0.0,0.0
2022-03-15 00:00:00-04:00,6.599999904632568,7.139999866485596,6.559999942779541,7.059999942779541,882500,0.0,0.0
2022-03-16 00:00:00-04:00,7.300000190734863,8.34000015258789,7.300000190734863,8.039999961853027,1550400,0.0,0.0
2022-03-17 00:00:00-04:00,8.0,8.65999984741211,7.869999885559082,8.609999656677246,995400,0.0,0.0
2022-03-18 00:00:00-04:00,8.609999656677246,8.920000076293945,8.430000305175781,8.449999809265137,1699000,0.0,0.0
2022-03-21 00:00:00-04:00,8.539999961853027,8.710000038146973,8.119999885559082,8.260000228881836,1107200,0.0,0.0
2022-03-22 00:00:00-04:00,8.229999542236328,8.260000228881836,7.840000152587891,8.039999961853027,2143000,0.0,0.0
2022-03-23 00:00:00-04:00,8.0,8.25,7.795000076293945,8.050000190734863,1186500,0.0,0.0
2022-03-24 00:00:00-04:00,8.079999923706055,8.119999885559082,7.690000057220459,7.960000038146973,839500,0.0,0.0
2022-03-25 00:00:00-04:00,7.920000076293945,8.199999809265137,7.739999771118164,7.880000114440918,991200,0.0,0.0
2022-03-28 00:00:00-04:00,7.900000095367432,8.09000015258789,7.699999809265137,8.0,657100,0.0,0.0
2022-03-29 00:00:00-04:00,8.095000267028809,8.850000381469727,8.079999923706055,8.739999771118164,1470100,0.0,0.0
2022-03-30 00:00:00-04:00,8.640000343322754,8.84000015258789,8.220000267028809,8.300000190734863,893300,0.0,0.0
2022-03-31 00:00:00-04:00,8.260000228881836,8.329999923706055,7.829999923706055,8.050000190734863,2607200,0.0,0.0
2022-04-01 00:00:00-04:00,8.260000228881836,8.84000015258789,8.069999694824219,8.829999923706055,1025600,0.0,0.0
2022-04-04 00:00:00-04:00,8.930000305175781,9.180000305175781,8.729999542236328,9.130000114440918,1110000,0.0,0.0
2022-04-05 00:00:00-04:00,9.25,9.3100004196167,8.484999656677246,8.779999732971191,616800,0.0,0.0
2022-04-06 00:00:00-04:00,8.630000114440918,8.725000381469727,7.949999809265137,8.180000305175781,602500,0.0,0.0
2022-04-07 00:00:00-04:00,8.130000114440918,8.300000190734863,7.519999980926514,7.849999904632568,801600,0.0,0.0
2022-04-08 00:00:00-04:00,7.599999904632568,7.920000076293945,7.389999866485596,7.650000095367432,1089800,0.0,0.0
2022-04-11 00:00:00-04:00,7.539999961853027,8.295000076293945,7.519999980926514,8.199999809265137,998800,0.0,0.0
2022-04-12 00:00:00-04:00,8.420000076293945,8.710000038146973,8.130000114440918,8.329999923706055,1291500,0.0,0.0
2022-04-13 00:00:00-04:00,8.369999885559082,8.739999771118164,8.279999732971191,8.649999618530273,634200,0.0,0.0
2022-04-14 00:00:00-04:00,8.680000305175781,8.789999961853027,8.260000228881836,8.630000114440918,1570500,0.0,0.0
2022-04-18 00:00:00-04:00,8.619999885559082,8.970000267028809,8.329999923706055,8.649999618530273,2061000,0.0,0.0
2022-04-19 00:00:00-04:00,8.630000114440918,9.220000267028809,8.449999809265137,8.880000114440918,1197500,0.0,0.0
2022-04-20 00:00:00-04:00,9.050000190734863,9.449999809265137,8.949999809265137,8.989999771118164,1314500,0.0,0.0
2022-04-21 00:00:00-04:00,9.149999618530273,9.4399995803833,8.75,8.899999618530273,1236900,0.0,0.0
2022-04-22 00:00:00-04:00,8.779999732971191,9.029999732971191,8.390000343322754,8.460000038146973,921400,0.0,0.0
2022-04-25 00:00:00-04:00,8.390000343322754,8.6850004196167,8.289999961853027,8.539999961853027,1524800,0.0,0.0
2022-04-26 00:00:00-04:00,8.510000228881836,8.510000228881836,7.59499979019165,7.925000190734863,1505500,0.0,0.0
2022-04-27 00:00:00-04:00,7.96999979019165,8.289999961853027,7.940000057220459,8.050000190734863,1009200,0.0,0.0
2022-04-28 00:00:00-04:00,8.020000457763672,8.350000381469727,7.829999923706055,8.1899995803833,1673800,0.0,0.0
2022-04-29 00:00:00-04:00,8.170000076293945,8.770000457763672,8.135000228881836,8.1899995803833,1646000,0.0,0.0
2022-05-02 00:00:00-04:00,8.119999885559082,8.4399995803833,7.900000095367432,8.34000015258789,1020500,0.0,0.0
2022-05-03 00:00:00-04:00,8.369999885559082,8.539999961853027,7.880000114440918,8.109999656677246,1112000,0.0,0.0
2022-05-04 00:00:00-04:00,8.079999923706055,8.585000038146973,7.739999771118164,8.479999542236328,1247700,0.0,0.0
2022-05-05 00:00:00-04:00,8.350000381469727,8.350000381469727,7.550000190734863,7.730000019073486,1389700,0.0,0.0
2022-05-06 00:00:00-04:00,7.929999828338623,9.260000228881836,7.679999828338623,8.140000343322754,4056900,0.0,0.0
2022-05-09 00:00:00-04:00,7.880000114440918,8.079999923706055,7.03000020980835,7.059999942779541,2377400,0.0,0.0
2022-05-10 00:00:00-04:00,7.25,7.340000152587891,6.460000038146973,6.940000057220459,2879900,0.0,0.0
2022-05-11 00:00:00-04:00,6.880000114440918,6.929999828338623,6.21999979019165,6.25,1446800,0.0,0.0
2022-05-12 00:00:00-04:00,6.090000152587891,6.510000228881836,5.953999996185303,6.389999866485596,2626500,0.0,0.0
2022-05-13 00:00:00-04:00,6.71999979019165,7.019999980926514,6.440000057220459,6.960000038146973,2021600,0.0,0.0
2022-05-16 00:00:00-04:00,6.949999809265137,7.190000057220459,6.739999771118164,6.920000076293945,1197700,0.0,0.0
2022-05-17 00:00:00-04:00,7.170000076293945,7.789999961853027,7.150000095367432,7.71999979019165,1369200,0.0,0.0
2022-05-18 00:00:00-04:00,7.550000190734863,8.020000457763672,7.550000190734863,7.730000019073486,1143700,0.0,0.0
2022-05-19 00:00:00-04:00,7.730000019073486,8.600000381469727,7.730000019073486,8.289999961853027,2834800,0.0,0.0
2022-05-20 00:00:00-04:00,8.4399995803833,8.479999542236328,8.0,8.399999618530273,1671600,0.0,0.0
2022-05-23 00:00:00-04:00,8.569999694824219,9.079999923706055,8.380000114440918,8.739999771118164,2097200,0.0,0.0
2022-05-24 00:00:00-04:00,8.640000343322754,8.84000015258789,7.949999809265137,8.640000343322754,1792800,0.0,0.0
2022-05-25 00:00:00-04:00,8.529999732971191,9.5,8.279000282287598,9.350000381469727,1892700,0.0,0.0
2022-05-26 00:00:00-04:00,9.350000381469727,9.869999885559082,9.100000381469727,9.65999984741211,2173900,0.0,0.0
2022-05-27 00:00:00-04:00,9.729999542236328,10.074999809265137,9.539999961853027,9.600000381469727,1794000,0.0,0.0
2022-05-31 00:00:00-04:00,9.579999923706055,9.579999923706055,8.5600004196167,8.779999732971191,2744400,0.0,0.0
2022-06-01 00:00:00-04:00,8.829999923706055,9.109999656677246,8.494999885559082,9.0,1479700,0.0,0.0
2022-06-02 00:00:00-04:00,8.869999885559082,9.510000228881836,8.630000114440918,9.40999984741211,2051900,0.0,0.0
2022-06-03 00:00:00-04:00,9.260000228881836,9.260000228881836,8.869999885559082,9.25,1755700,0.0,0.0
2022-06-06 00:00:00-04:00,9.4399995803833,9.5600004196167,8.569999694824219,8.649999618530273,2532500,0.0,0.0
2022-06-07 00:00:00-04:00,8.390000343322754,8.720000267028809,7.820000171661377,8.420000076293945,2289900,0.0,0.0
2022-06-08 00:00:00-04:00,8.40999984741211,8.628999710083008,7.949999809265137,8.109999656677246,1564700,0.0,0.0
2022-06-09 00:00:00-04:00,8.069999694824219,8.140000343322754,7.650000095367432,7.670000076293945,1378300,0.0,0.0
2022-06-10 00:00:00-04:00,7.650000095367432,7.769999980926514,7.199999809265137,7.46999979019165,1417100,0.0,0.0
2022-06-13 00:00:00-04:00,7.039999961853027,7.489999771118164,6.769999980926514,6.829999923706055,1815200,0.0,0.0
2022-06-14 00:00:00-04:00,6.860000133514404,6.96999979019165,6.53000020980835,6.789999961853027,4308300,0.0,0.0
2022-06-15 00:00:00-04:00,6.800000190734863,7.329999923706055,6.71999979019165,7.119999885559082,3612300,0.0,0.0
2022-06-16 00:00:00-04:00,6.789999961853027,6.96999979019165,6.46999979019165,6.599999904632568,3235900,0.0,0.0
2022-06-17 00:00:00-04:00,6.599999904632568,7.125,6.599999904632568,6.989999771118164,4231800,0.0,0.0
2022-06-21 00:00:00-04:00,7.110000133514404,7.489999771118164,6.860000133514404,6.869999885559082,3074400,0.0,0.0
2022-06-22 00:00:00-04:00,6.679999828338623,6.96999979019165,6.5,6.579999923706055,5610900,0.0,0.0
2022-06-23 00:00:00-04:00,6.590000152587891,6.84499979019165,6.429999828338623,6.670000076293945,4596800,0.0,0.0
2022-06-24 00:00:00-04:00,6.730000019073486,7.159999847412109,6.429999828338623,6.869999885559082,18470900,0.0,0.0
2022-06-27 00:00:00-04:00,6.909999847412109,6.96999979019165,6.335000038146973,6.789999961853027,2401900,0.0,0.0
2022-06-28 00:00:00-04:00,6.820000171661377,7.03000020980835,6.585000038146973,6.639999866485596,1233600,0.0,0.0
2022-06-29 00:00:00-04:00,6.590000152587891,6.590000152587891,6.179999828338623,6.309999942779541,1529500,0.0,0.0
2022-06-30 00:00:00-04:00,6.139999866485596,6.210000038146973,5.860000133514404,6.139999866485596,1436700,0.0,0.0
2022-07-01 00:00:00-04:00,6.130000114440918,6.369999885559082,6.0,6.360000133514404,1126400,0.0,0.0
2022-07-05 00:00:00-04:00,6.230000019073486,6.880000114440918,6.139999866485596,6.880000114440918,1111600,0.0,0.0
2022-07-06 00:00:00-04:00,6.920000076293945,7.170000076293945,6.739999771118164,6.820000171661377,985100,0.0,0.0
2022-07-07 00:00:00-04:00,6.820000171661377,7.360000133514404,6.820000171661377,7.21999979019165,1042900,0.0,0.0
2022-07-08 00:00:00-04:00,7.090000152587891,7.139999866485596,6.869999885559082,7.03000020980835,645500,0.0,0.0
2022-07-11 00:00:00-04:00,6.960000038146973,7.039999961853027,6.809999942779541,6.889999866485596,1159600,0.0,0.0
2022-07-12 00:00:00-04:00,6.909999847412109,7.150000095367432,6.53000020980835,6.590000152587891,1129500,0.0,0.0
2022-07-13 00:00:00-04:00,6.409999847412109,6.635000228881836,6.199999809265137,6.349999904632568,4681700,0.0,0.0
2022-07-14 00:00:00-04:00,6.25,6.519999980926514,6.176000118255615,6.429999828338623,1194000,0.0,0.0
2022-07-15 00:00:00-04:00,6.639999866485596,6.710000038146973,6.349999904632568,6.590000152587891,1433800,0.0,0.0
2022-07-18 00:00:00-04:00,6.71999979019165,6.880000114440918,6.489999771118164,6.610000133514404,1458900,0.0,0.0
2022-07-19 00:00:00-04:00,6.760000228881836,6.889999866485596,6.599999904632568,6.820000171661377,2530600,0.0,0.0
2022-07-20 00:00:00-04:00,6.869999885559082,7.170000076293945,6.831999778747559,7.119999885559082,4226100,0.0,0.0
2022-07-21 00:00:00-04:00,7.050000190734863,7.159999847412109,6.800000190734863,6.929999828338623,1843000,0.0,0.0
2022-07-22 00:00:00-04:00,6.949999809265137,7.0,6.539999961853027,6.71999979019165,1197100,0.0,0.0
2022-07-25 00:00:00-04:00,6.699999809265137,6.736000061035156,6.519999980926514,6.590000152587891,616600,0.0,0.0
2022-07-26 00:00:00-04:00,6.5,6.710999965667725,6.230000019073486,6.579999923706055,1090700,0.0,0.0
2022-07-27 00:00:00-04:00,6.650000095367432,6.994999885559082,6.650000095367432,6.940000057220459,744700,0.0,0.0
2022-07-28 00:00:00-04:00,6.929999828338623,7.170000076293945,6.869999885559082,7.139999866485596,703000,0.0,0.0
2022-07-29 00:00:00-04:00,7.090000152587891,7.289999961853027,6.949999809265137,7.21999979019165,821600,0.0,0.0
2022-08-01 00:00:00-04:00,7.099999904632568,7.400000095367432,6.96999979019165,7.070000171661377,5258300,0.0,0.0
2022-08-02 00:00:00-04:00,6.980000019073486,7.289999961853027,6.96999979019165,7.239999771118164,1979700,0.0,0.0
2022-08-03 00:00:00-04:00,7.329999923706055,8.0,7.329999923706055,7.880000114440918,2036500,0.0,0.0
2022-08-04 00:00:00-04:00,8.0600004196167,8.25,7.756999969482422,8.039999961853027,2487000,0.0,0.0
2022-08-05 00:00:00-04:00,7.809999942779541,8.050000190734863,7.630000114440918,7.980000019073486,1554600,0.0,0.0
2022-08-08 00:00:00-04:00,8.119999885559082,8.539999961853027,7.929999828338623,8.399999618530273,6254700,0.0,0.0
2022-08-09 00:00:00-04:00,8.3100004196167,8.59000015258789,8.15999984741211,8.399999618530273,2654700,0.0,0.0
2022-08-10 00:00:00-04:00,8.680000305175781,8.829999923706055,8.5,8.779999732971191,1893800,0.0,0.0
2022-08-11 00:00:00-04:00,8.949999809265137,9.050000190734863,8.539999961853027,8.550000190734863,1933400,0.0,0.0
2022-08-12 00:00:00-04:00,8.729999542236328,8.850000381469727,8.510000228881836,8.850000381469727,1546800,0.0,0.0
2022-08-15 00:00:00-04:00,8.789999961853027,9.300000190734863,8.630000114440918,9.069999694824219,1910200,0.0,0.0
2022-08-16 00:00:00-04:00,9.069999694824219,9.140000343322754,8.78499984741211,8.859999656677246,1331800,0.0,0.0
2022-08-17 00:00:00-04:00,8.6899995803833,8.800000190734863,8.46500015258789,8.640000343322754,1208600,0.0,0.0
2022-08-18 00:00:00-04:00,8.569999694824219,8.65999984741211,8.430000305175781,8.649999618530273,1173100,0.0,0.0
2022-08-19 00:00:00-04:00,8.470000267028809,8.524999618530273,8.260000228881836,8.420000076293945,4443500,0.0,0.0
2022-08-22 00:00:00-04:00,8.170000076293945,8.289999961853027,7.949999809265137,8.050000190734863,1182100,0.0,0.0
2022-08-23 00:00:00-04:00,8.010000228881836,8.25100040435791,7.860000133514404,7.880000114440918,720000,0.0,0.0
2022-08-24 00:00:00-04:00,7.869999885559082,8.25,7.849999904632568,8.180000305175781,691800,0.0,0.0
2022-08-25 00:00:00-04:00,8.260000228881836,8.635000228881836,8.1899995803833,8.630000114440918,1096000,0.0,0.0
2022-08-26 00:00:00-04:00,8.630000114440918,8.6899995803833,8.010000228881836,8.25,846700,0.0,0.0
2022-08-29 00:00:00-04:00,8.09000015258789,8.34000015258789,8.015000343322754,8.020000457763672,657500,0.0,0.0
2022-08-30 00:00:00-04:00,8.039999961853027,8.100000381469727,7.809999942779541,7.880000114440918,724300,0.0,0.0
2022-08-31 00:00:00-04:00,7.920000076293945,8.079999923706055,7.730000019073486,7.789999961853027,1318200,0.0,0.0
2022-09-01 00:00:00-04:00,7.699999809265137,7.949999809265137,7.510000228881836,7.730000019073486,1387800,0.0,0.0
2022-09-02 00:00:00-04:00,7.869999885559082,8.039999961853027,7.545000076293945,7.639999866485596,1370500,0.0,0.0
2022-09-06 00:00:00-04:00,7.699999809265137,8.225000381469727,7.650000095367432,7.96999979019165,1815000,0.0,0.0
2022-09-07 00:00:00-04:00,7.949999809265137,8.149999618530273,7.829999923706055,8.140000343322754,3468300,0.0,0.0
2022-09-08 00:00:00-04:00,8.0,8.1899995803833,7.730000019073486,8.020000457763672,1405600,0.0,0.0
2022-09-09 00:00:00-04:00,8.119999885559082,8.729999542236328,8.119999885559082,8.59000015258789,1426100,0.0,0.0
2022-09-12 00:00:00-04:00,8.619999885559082,9.055000305175781,8.619999885559082,9.0,1270900,0.0,0.0
2022-09-13 00:00:00-04:00,8.550000190734863,8.819999694824219,8.4399995803833,8.4399995803833,1420100,0.0,0.0
2022-09-14 00:00:00-04:00,8.4399995803833,8.760000228881836,8.329999923706055,8.720000267028809,976900,0.0,0.0
2022-09-15 00:00:00-04:00,8.619999885559082,8.949999809265137,8.390000343322754,8.649999618530273,1146400,0.0,0.0
2022-09-16 00:00:00-04:00,8.449999809265137,8.640000343322754,8.170000076293945,8.300000190734863,9885300,0.0,0.0
2022-09-19 00:00:00-04:00,8.109999656677246,8.279999732971191,7.820000171661377,8.260000228881836,1344400,0.0,0.0
2022-09-20 00:00:00-04:00,8.140000343322754,8.399999618530273,8.079999923706055,8.270000457763672,1043600,0.0,0.0
2022-09-21 00:00:00-04:00,8.34000015258789,8.4399995803833,8.0600004196167,8.079999923706055,1150300,0.0,0.0
2022-09-22 00:00:00-04:00,8.0600004196167,8.079999923706055,7.579999923706055,7.630000114440918,1271600,0.0,0.0
2022-09-23 00:00:00-04:00,7.489999771118164,7.5920000076293945,7.239999771118164,7.489999771118164,873400,0.0,0.0
2022-09-26 00:00:00-04:00,7.489999771118164,7.730000019073486,7.269999980926514,7.300000190734863,706700,0.0,0.0
2022-09-27 00:00:00-04:00,7.429999828338623,7.639999866485596,7.269999980926514,7.46999979019165,949700,0.0,0.0
2022-09-28 00:00:00-04:00,7.550000190734863,8.350000381469727,7.550000190734863,8.229999542236328,2290100,0.0,0.0
2022-09-29 00:00:00-04:00,8.039999961853027,8.15999984741211,7.920000076293945,8.149999618530273,1098100,0.0,0.0
2022-09-30 00:00:00-04:00,8.140000343322754,8.494999885559082,8.104999542236328,8.420000076293945,1633300,0.0,0.0
2022-10-03 00:00:00-04:00,8.600000381469727,8.704999923706055,8.289999961853027,8.510000228881836,1375600,0.0,0.0
2022-10-04 00:00:00-04:00,8.6899995803833,8.895000457763672,8.579999923706055,8.6899995803833,2538500,0.0,0.0
2022-10-05 00:00:00-04:00,8.5,8.6899995803833,8.4399995803833,8.550000190734863,1638500,0.0,0.0
2022-10-06 00:00:00-04:00,8.479999542236328,8.649999618530273,8.470000267028809,8.489999771118164,1254500,0.0,0.0
2022-10-07 00:00:00-04:00,8.3100004196167,8.395000457763672,8.09000015258789,8.34000015258789,1060800,0.0,0.0
2022-10-10 00:00:00-04:00,8.34000015258789,8.390000343322754,7.980000019073486,8.270000457763672,946100,0.0,0.0
2022-10-11 00:00:00-04:00,8.239999771118164,8.34000015258789,7.744999885559082,7.980000019073486,1176400,0.0,0.0
2022-10-12 00:00:00-04:00,8.0,8.154999732971191,7.880000114440918,8.140000343322754,1357300,0.0,0.0
2022-10-13 00:00:00-04:00,7.860000133514404,8.010000228881836,7.610000133514404,7.929999828338623,1338800,0.0,0.0
2022-10-14 00:00:00-04:00,8.039999961853027,8.210000038146973,7.849999904632568,7.869999885559082,1021900,0.0,0.0
2022-10-17 00:00:00-04:00,8.170000076293945,8.399999618530273,8.0600004196167,8.15999984741211,899700,0.0,0.0
2022-10-18 00:00:00-04:00,8.4399995803833,8.619999885559082,8.220000267028809,8.470000267028809,2173000,0.0,0.0
2022-10-19 00:00:00-04:00,8.350000381469727,8.529999732971191,8.220000267028809,8.329999923706055,642400,0.0,0.0
2022-10-20 00:00:00-04:00,8.229999542236328,8.510000228881836,8.0600004196167,8.239999771118164,1587100,0.0,0.0
2022-10-21 00:00:00-04:00,8.229999542236328,8.329999923706055,7.820000171661377,8.319999694824219,816300,0.0,0.0
2022-10-24 00:00:00-04:00,8.3100004196167,8.399999618530273,7.994999885559082,8.329999923706055,690600,0.0,0.0
2022-10-25 00:00:00-04:00,8.390000343322754,9.0,8.390000343322754,8.899999618530273,3586400,0.0,0.0
2022-10-26 00:00:00-04:00,8.920000076293945,9.25,8.84000015258789,9.050000190734863,1983000,0.0,0.0
2022-10-27 00:00:00-04:00,9.0600004196167,9.180000305175781,8.850000381469727,8.979999542236328,1462300,0.0,0.0
2022-10-28 00:00:00-04:00,9.0,9.104999542236328,8.739999771118164,9.050000190734863,2184500,0.0,0.0
2022-10-31 00:00:00-04:00,9.010000228881836,9.25,8.960000038146973,9.100000381469727,3642100,0.0,0.0
2022-11-01 00:00:00-04:00,9.239999771118164,9.4399995803833,8.892999649047852,9.050000190734863,1577800,0.0,0.0
2022-11-02 00:00:00-04:00,9.289999961853027,9.9399995803833,8.130000114440918,8.170000076293945,3721700,0.0,0.0
2022-11-03 00:00:00-04:00,7.760000228881836,8.140000343322754,7.559999942779541,7.619999885559082,2303400,0.0,0.0
2022-11-04 00:00:00-04:00,7.679999828338623,7.90500020980835,7.309999942779541,7.849999904632568,3534400,0.0,0.0
2022-11-07 00:00:00-05:00,7.949999809265137,8.204999923706055,7.489999771118164,8.140000343322754,1374000,0.0,0.0
2022-11-08 00:00:00-05:00,8.15999984741211,8.199999809265137,7.71999979019165,7.989999771118164,1257700,0.0,0.0
2022-11-09 00:00:00-05:00,7.889999866485596,8.09000015258789,7.670000076293945,7.840000152587891,988500,0.0,0.0
2022-11-10 00:00:00-05:00,8.350000381469727,8.727999687194824,8.350000381469727,8.539999961853027,2342800,0.0,0.0
2022-11-11 00:00:00-05:00,8.529999732971191,9.175000190734863,8.529999732971191,9.09000015258789,1787600,0.0,0.0
2022-11-14 00:00:00-05:00,8.960000038146973,9.074999809265137,8.800000190734863,8.890000343322754,1276700,0.0,0.0
2022-11-15 00:00:00-05:00,9.149999618530273,9.524999618530273,9.149999618530273,9.270000457763672,2282600,0.0,0.0
2022-11-16 00:00:00-05:00,9.170000076293945,9.399999618530273,8.970000267028809,9.130000114440918,1131400,0.0,0.0
2022-11-17 00:00:00-05:00,8.90999984741211,8.90999984741211,8.494999885559082,8.680000305175781,1380900,0.0,0.0
2022-11-18 00:00:00-05:00,8.869999885559082,8.920000076293945,8.149999618530273,8.390000343322754,2132300,0.0,0.0
2022-11-21 00:00:00-05:00,8.34000015258789,8.399999618530273,8.180000305175781,8.319999694824219,936700,0.0,0.0
2022-11-22 00:00:00-05:00,8.34000015258789,8.359999656677246,7.989999771118164,8.119999885559082,1452200,0.0,0.0
2022-11-23 00:00:00-05:00,8.100000381469727,8.779999732971191,8.020000457763672,8.600000381469727,1054200,0.0,0.0
2022-11-25 00:00:00-05:00,8.640000343322754,8.75,8.520000457763672,8.600000381469727,448700,0.0,0.0
2022-11-28 00:00:00-05:00,8.489999771118164,8.710000038146973,8.350000381469727,8.489999771118164,625900,0.0,0.0
2022-11-29 00:00:00-05:00,8.479999542236328,8.579999923706055,8.3149995803833,8.40999984741211,632200,0.0,0.0
2022-11-30 00:00:00-05:00,8.4399995803833,8.675000190734863,8.289999961853027,8.619999885559082,1934000,0.0,0.0
2022-12-01 00:00:00-05:00,8.710000038146973,9.038000106811523,8.619999885559082,8.960000038146973,1328900,0.0,0.0
2022-12-02 00:00:00-05:00,8.75,8.880000114440918,8.574999809265137,8.850000381469727,1046200,0.0,0.0
2022-12-05 00:00:00-05:00,8.779999732971191,8.890000343322754,8.625,8.670000076293945,607500,0.0,0.0
2022-12-06 00:00:00-05:00,8.699999809265137,8.739999771118164,8.260000228881836,8.350000381469727,662600,0.0,0.0
2022-12-07 00:00:00-05:00,8.34000015258789,8.630000114440918,8.069999694824219,8.59000015258789,1331700,0.0,0.0
2022-12-08 00:00:00-05:00,8.569999694824219,8.954999923706055,8.569999694824219,8.8100004196167,1152300,0.0,0.0
2022-12-09 00:00:00-05:00,8.770000457763672,9.024999618530273,8.119999885559082,8.920000076293945,1039000,0.0,0.0
2022-12-12 00:00:00-05:00,8.9399995803833,9.4350004196167,8.920000076293945,9.1899995803833,1369300,0.0,0.0
2022-12-13 00:00:00-05:00,9.600000381469727,9.6899995803833,9.140000343322754,9.1899995803833,1209300,0.0,0.0
2022-12-14 00:00:00-05:00,9.180000305175781,9.5649995803833,9.100000381469727,9.430000305175781,1664500,0.0,0.0
2022-12-15 00:00:00-05:00,9.229999542236328,9.40999984741211,9.020000457763672,9.289999961853027,1039000,0.0,0.0
2022-12-16 00:00:00-05:00,9.15999984741211,9.670000076293945,9.140000343322754,9.430000305175781,2832200,0.0,0.0
2022-12-19 00:00:00-05:00,9.430000305175781,9.5600004196167,9.140000343322754,9.300000190734863,972900,0.0,0.0
2022-12-20 00:00:00-05:00,9.239999771118164,9.399999618530273,9.149999618530273,9.279999732971191,1174100,0.0,0.0
2022-12-21 00:00:00-05:00,9.279999732971191,9.40999984741211,9.050000190734863,9.260000228881836,1233800,0.0,0.0
2022-12-22 00:00:00-05:00,9.170000076293945,9.25,8.170000076293945,9.079999923706055,1821900,0.0,0.0
2022-12-23 00:00:00-05:00,9.050000190734863,9.130000114440918,8.760000228881836,9.050000190734863,645100,0.0,0.0
2022-12-27 00:00:00-05:00,8.989999771118164,9.079999923706055,8.600000381469727,8.9399995803833,653800,0.0,0.0
2022-12-28 00:00:00-05:00,8.890000343322754,9.164999961853027,8.850000381469727,9.119999885559082,812800,0.0,0.0
2022-12-29 00:00:00-05:00,9.239999771118164,9.6899995803833,9.15999984741211,9.670000076293945,890700,0.0,0.0
2022-12-30 00:00:00-05:00,9.520000457763672,9.970000267028809,9.489999771118164,9.9399995803833,1208000,0.0,0.0
2023-01-03 00:00:00-05:00,10.130000114440918,10.279999732971191,9.085000038146973,9.239999771118164,1575100,0.0,0.0
2023-01-04 00:00:00-05:00,9.350000381469727,9.569999694824219,9.149999618530273,9.460000038146973,2028700,0.0,0.0
2023-01-05 00:00:00-05:00,9.470000267028809,9.470000267028809,9.15999984741211,9.210000038146973,941000,0.0,0.0
2023-01-06 00:00:00-05:00,9.289999961853027,9.390000343322754,8.989999771118164,9.289999961853027,917800,0.0,0.0
2023-01-09 00:00:00-05:00,9.390000343322754,9.90999984741211,9.390000343322754,9.829999923706055,1857200,0.0,0.0
2023-01-10 00:00:00-05:00,9.779999732971191,9.960000038146973,9.510000228881836,9.829999923706055,959500,0.0,0.0
2023-01-11 00:00:00-05:00,9.859999656677246,10.350000381469727,9.800000190734863,10.270000457763672,1126200,0.0,0.0
2023-01-12 00:00:00-05:00,10.289999961853027,10.5600004196167,10.010000228881836,10.529999732971191,1025000,0.0,0.0
2023-01-13 00:00:00-05:00,10.380000114440918,10.585000038146973,10.15999984741211,10.569999694824219,831200,0.0,0.0
2023-01-17 00:00:00-05:00,10.539999961853027,10.579999923706055,10.319999694824219,10.479999542236328,740400,0.0,0.0
2023-01-18 00:00:00-05:00,10.729999542236328,10.970000267028809,10.460000038146973,10.520000457763672,2167100,0.0,0.0
2023-01-19 00:00:00-05:00,10.539999961853027,10.710000038146973,10.460000038146973,10.579999923706055,576700,0.0,0.0
2023-01-20 00:00:00-05:00,10.760000228881836,10.789999961853027,10.520000457763672,10.680000305175781,1588600,0.0,0.0
2023-01-23 00:00:00-05:00,10.65999984741211,11.149999618530273,10.604999542236328,10.970000267028809,1388700,0.0,0.0
2023-01-24 00:00:00-05:00,10.90999984741211,11.130000114440918,10.850000381469727,10.989999771118164,718900,0.0,0.0
2023-01-25 00:00:00-05:00,10.779999732971191,10.984999656677246,10.619999885559082,10.890000343322754,1009800,0.0,0.0
2023-01-26 00:00:00-05:00,11.029999732971191,11.319999694824219,10.920000076293945,11.170000076293945,1789200,0.0,0.0
2023-01-27 00:00:00-05:00,11.050000190734863,11.5600004196167,11.029999732971191,11.399999618530273,808900,0.0,0.0
2023-01-30 00:00:00-05:00,11.180000305175781,11.260000228881836,10.850000381469727,10.859999656677246,1290100,0.0,0.0
2023-01-31 00:00:00-05:00,10.890000343322754,11.140000343322754,10.890000343322754,11.119999885559082,1332100,0.0,0.0
2023-02-01 00:00:00-05:00,11.149999618530273,11.430000305175781,10.859999656677246,11.220000267028809,1241500,0.0,0.0
2023-02-02 00:00:00-05:00,11.449999809265137,11.859999656677246,11.380000114440918,11.600000381469727,1267100,0.0,0.0
2023-02-03 00:00:00-05:00,11.149999618530273,11.4350004196167,10.90999984741211,11.039999961853027,2060800,0.0,0.0
2023-02-06 00:00:00-05:00,10.899999618530273,11.300000190734863,10.829999923706055,10.869999885559082,869800,0.0,0.0
2023-02-07 00:00:00-05:00,10.859999656677246,11.220000267028809,10.755000114440918,11.1899995803833,1593000,0.0,0.0
2023-02-08 00:00:00-05:00,11.109999656677246,11.234999656677246,10.875,10.880000114440918,693500,0.0,0.0
2023-02-09 00:00:00-05:00,11.039999961853027,11.069999694824219,10.720000267028809,10.800000190734863,1094300,0.0,0.0
2023-02-10 00:00:00-05:00,10.6899995803833,10.829999923706055,10.640000343322754,10.729999542236328,977300,0.0,0.0
2023-02-13 00:00:00-05:00,10.720000267028809,10.779999732971191,10.562000274658203,10.649999618530273,1123000,0.0,0.0
2023-02-14 00:00:00-05:00,10.619999885559082,10.805000305175781,10.460000038146973,10.579999923706055,1619900,0.0,0.0
2023-02-15 00:00:00-05:00,10.550000190734863,10.880000114440918,10.430000305175781,10.789999961853027,2346900,0.0,0.0
2023-02-16 00:00:00-05:00,10.539999961853027,10.539999961853027,10.204999923706055,10.270000457763672,899700,0.0,0.0
2023-02-17 00:00:00-05:00,10.270000457763672,10.270000457763672,10.0,10.140000343322754,1438400,0.0,0.0
2023-02-21 00:00:00-05:00,9.979999542236328,10.104999542236328,9.9350004196167,10.050000190734863,1306600,0.0,0.0
2023-02-22 00:00:00-05:00,10.039999961853027,10.239999771118164,10.015000343322754,10.149999618530273,1531500,0.0,0.0
2023-02-23 00:00:00-05:00,10.210000038146973,10.319999694824219,10.079999923706055,10.15999984741211,1429600,0.0,0.0
2023-02-24 00:00:00-05:00,9.960000038146973,10.0649995803833,9.899999618530273,10.020000457763672,906900,0.0,0.0
2023-02-27 00:00:00-05:00,10.069999694824219,10.199999809265137,9.770000457763672,9.779999732971191,1686700,0.0,0.0
2023-02-28 00:00:00-05:00,9.789999961853027,10.03499984741211,9.729999542236328,9.949999809265137,3306200,0.0,0.0
2023-03-01 00:00:00-05:00,9.699999809265137,9.71500015258789,8.949999809265137,8.989999771118164,3953800,0.0,0.0
2023-03-02 00:00:00-05:00,8.850000381469727,9.130000114440918,8.720000267028809,8.819999694824219,2342800,0.0,0.0
2023-03-03 00:00:00-05:00,8.960000038146973,10.029999732971191,8.859999656677246,9.970000267028809,5716000,0.0,0.0
2023-03-06 00:00:00-05:00,9.970000267028809,9.989999771118164,9.489999771118164,9.569999694824219,2205700,0.0,0.0
2023-03-07 00:00:00-05:00,9.579999923706055,9.630000114440918,9.020000457763672,9.109999656677246,1834200,0.0,0.0
2023-03-08 00:00:00-05:00,9.119999885559082,9.119999885559082,8.890000343322754,9.0,3143400,0.0,0.0
2023-03-09 00:00:00-05:00,8.979999542236328,8.989999771118164,8.609999656677246,8.649999618530273,1516000,0.0,0.0
2023-03-10 00:00:00-05:00,8.630000114440918,8.630000114440918,8.180000305175781,8.239999771118164,2477500,0.0,0.0
2023-03-13 00:00:00-04:00,8.039999961853027,8.079999923706055,7.525000095367432,7.71999979019165,5375400,0.0,0.0
2023-03-14 00:00:00-04:00,8.069999694824219,8.149999618530273,7.579999923706055,7.760000228881836,1624900,0.0,0.0
2023-03-15 00:00:00-04:00,7.570000171661377,7.869999885559082,7.570000171661377,7.670000076293945,2028000,0.0,0.0
2023-03-16 00:00:00-04:00,7.579999923706055,7.78000020980835,7.255000114440918,7.71999979019165,3908800,0.0,0.0
2023-03-17 00:00:00-04:00,7.650000095367432,7.715000152587891,7.460000038146973,7.539999961853027,2248100,0.0,0.0
2023-03-20 00:00:00-04:00,7.539999961853027,7.625,7.260000228881836,7.389999866485596,5006400,0.0,0.0
2023-03-21 00:00:00-04:00,7.53000020980835,7.974999904632568,7.53000020980835,7.829999923706055,2973100,0.0,0.0
2023-03-22 00:00:00-04:00,7.829999923706055,8.039999961853027,7.710000038146973,7.78000020980835,2417600,0.0,0.0
2023-03-23 00:00:00-04:00,7.840000152587891,7.927000045776367,7.559999942779541,7.699999809265137,1403200,0.0,0.0
2023-03-24 00:00:00-04:00,7.630000114440918,7.724999904632568,7.559999942779541,7.590000152587891,1303200,0.0,0.0
2023-03-27 00:00:00-04:00,7.699999809265137,7.909999847412109,7.699999809265137,7.800000190734863,1414600,0.0,0.0
2023-03-28 00:00:00-04:00,7.75,7.820000171661377,7.599999904632568,7.659999847412109,856600,0.0,0.0
2023-03-29 00:00:00-04:00,7.739999771118164,7.7779998779296875,7.605000019073486,7.710000038146973,760800,0.0,0.0
2023-03-30 00:00:00-04:00,7.820000171661377,7.940000057220459,7.590000152587891,7.630000114440918,834400,0.0,0.0
2023-03-31 00:00:00-04:00,7.670000076293945,7.900000095367432,7.630000114440918,7.800000190734863,1395000,0.0,0.0
2023-04-03 00:00:00-04:00,7.769999980926514,7.820000171661377,7.514999866485596,7.789999961853027,1822600,0.0,0.0
2023-04-04 00:00:00-04:00,7.730000019073486,7.835000038146973,7.690000057220459,7.769999980926514,1115600,0.0,0.0
2023-04-05 00:00:00-04:00,7.699999809265137,7.730000019073486,7.389999866485596,7.579999923706055,1351300,0.0,0.0
2023-04-06 00:00:00-04:00,7.53000020980835,7.619999885559082,7.440000057220459,7.610000133514404,1106100,0.0,0.0
2023-04-10 00:00:00-04:00,7.53000020980835,7.75,7.489999771118164,7.730000019073486,1531100,0.0,0.0
2023-04-11 00:00:00-04:00,7.800000190734863,7.829999923706055,7.619999885559082,7.690000057220459,1260700,0.0,0.0
2023-04-12 00:00:00-04:00,7.809999942779541,7.909999847412109,7.380000114440918,7.400000095367432,1953400,0.0,0.0
2023-04-13 00:00:00-04:00,7.480000019073486,7.619999885559082,7.369999885559082,7.519999980926514,1065100,0.0,0.0
2023-04-14 00:00:00-04:00,7.519999980926514,7.59499979019165,7.389999866485596,7.510000228881836,1106700,0.0,0.0
2023-04-17 00:00:00-04:00,7.46999979019165,7.599999904632568,7.360000133514404,7.449999809265137,1664700,0.0,0.0
2023-04-18 00:00:00-04:00,7.420000076293945,7.840000152587891,7.420000076293945,7.690000057220459,3032100,0.0,0.0
2023-04-19 00:00:00-04:00,7.710000038146973,7.925000190734863,7.599999904632568,7.840000152587891,1637100,0.0,0.0
2023-04-20 00:00:00-04:00,7.75,7.770999908447266,7.53000020980835,7.559999942779541,1135800,0.0,0.0
2023-04-21 00:00:00-04:00,7.550000190734863,7.684999942779541,7.449999809265137,7.650000095367432,1159500,0.0,0.0
2023-04-24 00:00:00-04:00,7.639999866485596,7.710000038146973,7.409999847412109,7.510000228881836,1293300,0.0,0.0
2023-04-25 00:00:00-04:00,7.400000095367432,7.445000171661377,7.179999828338623,7.190000057220459,1619600,0.0,0.0
2023-04-26 00:00:00-04:00,7.190000057220459,7.385000228881836,7.159999847412109,7.349999904632568,2691000,0.0,0.0
2023-04-27 00:00:00-04:00,7.449999809265137,7.510000228881836,7.199999809265137,7.349999904632568,1287600,0.0,0.0
2023-04-28 00:00:00-04:00,7.300000190734863,7.46999979019165,7.25,7.429999828338623,1541100,0.0,0.0
2023-05-01 00:00:00-04:00,7.409999847412109,7.454999923706055,7.114999771118164,7.179999828338623,1216800,0.0,0.0
2023-05-02 00:00:00-04:00,7.139999866485596,7.289999961853027,7.019999980926514,7.099999904632568,3030900,0.0,0.0
2023-05-03 00:00:00-04:00,7.28000020980835,8.03499984741211,7.28000020980835,7.739999771118164,2846000,0.0,0.0
2023-05-04 00:00:00-04:00,7.789999961853027,8.539999961853027,7.789999961853027,8.25,2539300,0.0,0.0
2023-05-05 00:00:00-04:00,8.1899995803833,8.289999961853027,7.894999980926514,8.039999961853027,2959500,0.0,0.0
2023-05-08 00:00:00-04:00,8.039999961853027,8.329999923706055,7.989999771118164,8.119999885559082,2480900,0.0,0.0
2023-05-09 00:00:00-04:00,8.0,8.21500015258789,7.920000076293945,8.069999694824219,1125900,0.0,0.0
2023-05-10 00:00:00-04:00,8.229999542236328,8.430000305175781,8.079999923706055,8.390000343322754,2523000,0.0,0.0
2023-05-11 00:00:00-04:00,8.399999618530273,8.609999656677246,8.329999923706055,8.5600004196167,1574700,0.0,0.0
2023-05-12 00:00:00-04:00,8.59000015258789,8.687999725341797,8.430000305175781,8.539999961853027,1205300,0.0,0.0
2023-05-15 00:00:00-04:00,8.569999694824219,8.899999618530273,8.470000267028809,8.880000114440918,1853700,0.0,0.0
2023-05-16 00:00:00-04:00,8.800000190734863,8.895000457763672,8.6850004196167,8.760000228881836,1127200,0.0,0.0
2023-05-17 00:00:00-04:00,8.779999732971191,9.149999618530273,8.760000228881836,9.050000190734863,2060000,0.0,0.0
2023-05-18 00:00:00-04:00,9.029999732971191,9.489999771118164,8.890000343322754,9.40999984741211,4537300,0.0,0.0
2023-05-19 00:00:00-04:00,9.470000267028809,9.550000190734863,9.204999923706055,9.220000267028809,2105100,0.0,0.0
2023-05-22 00:00:00-04:00,9.229999542236328,9.449999809265137,9.079999923706055,9.369999885559082,1328600,0.0,0.0
2023-05-23 00:00:00-04:00,9.329999923706055,9.520000457763672,9.204999923706055,9.220000267028809,2013100,0.0,0.0
2023-05-24 00:00:00-04:00,9.140000343322754,9.319999694824219,8.949999809265137,9.300000190734863,1675300,0.0,0.0
2023-05-25 00:00:00-04:00,9.350000381469727,9.390000343322754,9.130000114440918,9.239999771118164,1165200,0.0,0.0
2023-05-26 00:00:00-04:00,9.239999771118164,9.520000457763672,9.180000305175781,9.220000267028809,1355700,0.0,0.0
2023-05-30 00:00:00-04:00,9.319999694824219,9.600000381469727,9.270000457763672,9.359999656677246,2161300,0.0,0.0
2023-05-31 00:00:00-04:00,9.329999923706055,9.760000228881836,9.119999885559082,9.6899995803833,5910800,0.0,0.0
2023-06-01 00:00:00-04:00,9.75,10.880000114440918,9.720000267028809,10.600000381469727,6974400,0.0,0.0
2023-06-02 00:00:00-04:00,10.970000267028809,11.199999809265137,10.550000190734863,10.739999771118164,4367400,0.0,0.0
2023-06-05 00:00:00-04:00,10.84000015258789,10.890000343322754,10.604999542236328,10.739999771118164,2415500,0.0,0.0
2023-06-06 00:00:00-04:00,10.699999809265137,10.869999885559082,10.640000343322754,10.829999923706055,2607300,0.0,0.0
2023-06-07 00:00:00-04:00,10.930000305175781,11.0,10.574999809265137,10.710000038146973,2109000,0.0,0.0
2023-06-08 00:00:00-04:00,10.699999809265137,10.869999885559082,10.619999885559082,10.829999923706055,1666000,0.0,0.0
2023-06-09 00:00:00-04:00,10.890000343322754,11.170000076293945,10.850000381469727,10.989999771118164,1550400,0.0,0.0
2023-06-12 00:00:00-04:00,11.130000114440918,11.359999656677246,11.130000114440918,11.270000457763672,1967700,0.0,0.0
2023-06-13 00:00:00-04:00,11.350000381469727,11.430000305175781,11.079999923706055,11.140000343322754,1732700,0.0,0.0
2023-06-14 00:00:00-04:00,11.149999618530273,11.15999984741211,10.819999694824219,10.90999984741211,1680900,0.0,0.0
2023-06-15 00:00:00-04:00,10.84000015258789,11.005000114440918,10.75,10.859999656677246,2024500,0.0,0.0
2023-06-16 00:00:00-04:00,10.960000038146973,10.960000038146973,10.664999961853027,10.720000267028809,2019000,0.0,0.0
2023-06-20 00:00:00-04:00,10.670000076293945,10.925000190734863,10.625,10.829999923706055,2939100,0.0,0.0
2023-06-21 00:00:00-04:00,10.729999542236328,10.739999771118164,10.170000076293945,10.199999809265137,2211100,0.0,0.0
2023-06-22 00:00:00-04:00,10.079999923706055,10.210000038146973,9.9350004196167,10.140000343322754,1655800,0.0,0.0
2023-06-23 00:00:00-04:00,10.010000228881836,10.225000381469727,9.979999542236328,10.15999984741211,2638800,0.0,0.0
2023-06-26 00:00:00-04:00,10.050000190734863,10.270000457763672,10.029999732971191,10.069999694824219,1346800,0.0,0.0
2023-06-27 00:00:00-04:00,10.09000015258789,10.399999618530273,10.074999809265137,10.329999923706055,3191000,0.0,0.0
2023-06-28 00:00:00-04:00,10.319999694824219,10.71500015258789,10.3100004196167,10.539999961853027,1572800,0.0,0.0
2023-06-29 00:00:00-04:00,10.569999694824219,10.680000305175781,10.364999771118164,10.40999984741211,735200,0.0,0.0
2023-06-30 00:00:00-04:00,10.569999694824219,10.579999923706055,10.335000038146973,10.380000114440918,1092800,0.0,0.0
2023-07-03 00:00:00-04:00,10.399999618530273,10.449999809265137,10.199999809265137,10.210000038146973,459500,0.0,0.0
2023-07-05 00:00:00-04:00,10.149999618530273,10.5600004196167,10.104999542236328,10.329999923706055,1259300,0.0,0.0
2023-07-06 00:00:00-04:00,10.180000305175781,10.59000015258789,10.031999588012695,10.4399995803833,1524700,0.0,0.0
2023-07-07 00:00:00-04:00,10.489999771118164,10.670000076293945,10.319999694824219,10.65999984741211,1480400,0.0,0.0
2023-07-10 00:00:00-04:00,10.609999656677246,10.885000228881836,10.46500015258789,10.850000381469727,1756500,0.0,0.0
2023-07-11 00:00:00-04:00,10.90999984741211,10.96500015258789,10.630000114440918,10.65999984741211,1631800,0.0,0.0
2023-07-12 00:00:00-04:00,10.850000381469727,10.850000381469727,10.600000381469727,10.8100004196167,1314700,0.0,0.0
2023-07-13 00:00:00-04:00,10.869999885559082,11.09000015258789,10.585000038146973,10.989999771118164,2455700,0.0,0.0
2023-07-14 00:00:00-04:00,11.020000457763672,11.3100004196167,10.96500015258789,11.109999656677246,4478000,0.0,0.0
2023-07-17 00:00:00-04:00,11.09000015258789,11.699999809265137,11.020000457763672,11.640000343322754,4440600,0.0,0.0
2023-07-18 00:00:00-04:00,11.84000015258789,12.34000015258789,11.835000038146973,12.0,5256000,0.0,0.0
2023-07-19 00:00:00-04:00,12.0600004196167,12.28499984741211,11.789999961853027,12.010000228881836,3699500,0.0,0.0
2023-07-20 00:00:00-04:00,11.970000267028809,12.225000381469727,11.930000305175781,12.029999732971191,2403300,0.0,0.0
2023-07-21 00:00:00-04:00,12.100000381469727,12.119999885559082,11.800000190734863,11.949999809265137,2459800,0.0,0.0
2023-07-24 00:00:00-04:00,11.923999786376953,12.039999961853027,11.729999542236328,11.829999923706055,2190900,0.0,0.0
2023-07-25 00:00:00-04:00,11.829999923706055,12.199999809265137,11.829999923706055,12.100000381469727,1768800,0.0,0.0
2023-07-26 00:00:00-04:00,12.029999732971191,12.239999771118164,11.96500015258789,12.170000076293945,1521900,0.0,0.0
2023-07-27 00:00:00-04:00,12.350000381469727,12.350000381469727,11.979999542236328,12.050000190734863,2882800,0.0,0.0
2023-07-28 00:00:00-04:00,12.15999984741211,12.3100004196167,12.0600004196167,12.260000228881836,1770000,0.0,0.0
2023-07-31 00:00:00-04:00,12.350000381469727,12.489999771118164,12.279999732971191,12.40999984741211,2887900,0.0,0.0
2023-08-01 00:00:00-04:00,12.420000076293945,12.520000457763672,12.329999923706055,12.449999809265137,3735900,0.0,0.0
2023-08-02 00:00:00-04:00,12.550000190734863,12.75,11.050000190734863,11.100000381469727,6827000,0.0,0.0
2023-08-03 00:00:00-04:00,11.399999618530273,11.430000305175781,10.640000343322754,10.739999771118164,4150500,0.0,0.0
2023-08-04 00:00:00-04:00,10.760000228881836,10.819999694824219,10.444999694824219,10.5,2756800,0.0,0.0
2023-08-07 00:00:00-04:00,10.420000076293945,10.569999694824219,10.239999771118164,10.4399995803833,2861600,0.0,0.0
2023-08-08 00:00:00-04:00,10.3100004196167,10.989999771118164,10.25,10.789999961853027,3333000,0.0,0.0
2023-08-09 00:00:00-04:00,10.75,10.850000381469727,10.449999809265137,10.460000038146973,2761800,0.0,0.0
2023-08-10 00:00:00-04:00,10.569999694824219,10.609999656677246,10.25,10.289999961853027,1392600,0.0,0.0
2023-08-11 00:00:00-04:00,10.210000038146973,10.40999984741211,10.170000076293945,10.289999961853027,1287100,0.0,0.0
2023-08-14 00:00:00-04:00,10.229999542236328,10.288000106811523,10.085000038146973,10.229999542236328,1034400,0.0,0.0
2023-08-15 00:00:00-04:00,10.220000267028809,10.270000457763672,10.020000457763672,10.029999732971191,1445800,0.0,0.0
2023-08-16 00:00:00-04:00,10.029999732971191,10.210000038146973,9.949999809265137,10.149999618530273,1160600,0.0,0.0
2023-08-17 00:00:00-04:00,10.149999618530273,10.210000038146973,9.9399995803833,10.010000228881836,1979200,0.0,0.0
2023-08-18 00:00:00-04:00,9.84000015258789,10.09000015258789,9.59000015258789,9.850000381469727,2634800,0.0,0.0
2023-08-21 00:00:00-04:00,9.859999656677246,10.0600004196167,9.720000267028809,9.789999961853027,1814500,0.0,0.0
2023-08-22 00:00:00-04:00,9.90999984741211,10.029999732971191,9.694999694824219,9.819999694824219,913700,0.0,0.0
2023-08-23 00:00:00-04:00,9.800000190734863,10.029999732971191,9.739999771118164,10.010000228881836,938800,0.0,0.0
2023-08-24 00:00:00-04:00,10.039999961853027,10.154999732971191,9.824999809265137,10.079999923706055,2360800,0.0,0.0
2023-08-25 00:00:00-04:00,10.079999923706055,10.640000343322754,10.069999694824219,10.1899995803833,3295900,0.0,0.0
2023-08-28 00:00:00-04:00,10.25,10.34000015258789,9.885000228881836,9.90999984741211,1365000,0.0,0.0
2023-08-29 00:00:00-04:00,9.90999984741211,10.25,9.859999656677246,10.140000343322754,1058600,0.0,0.0
2023-08-30 00:00:00-04:00,10.140000343322754,10.274999618530273,10.039999961853027,10.239999771118164,1072300,0.0,0.0
2023-08-31 00:00:00-04:00,10.229999542236328,10.300000190734863,10.135000228881836,10.279999732971191,1482500,0.0,0.0
2023-09-01 00:00:00-04:00,10.369999885559082,10.479999542236328,10.270000457763672,10.329999923706055,1214100,0.0,0.0
2023-09-05 00:00:00-04:00,10.289999961853027,10.835000038146973,10.270000457763672,10.609999656677246,1332300,0.0,0.0
2023-09-06 00:00:00-04:00,10.600000381469727,10.670000076293945,10.229999542236328,10.289999961853027,1254100,0.0,0.0
2023-09-07 00:00:00-04:00,10.1899995803833,10.234999656677246,9.979999542236328,10.229999542236328,1463100,0.0,0.0
2023-09-08 00:00:00-04:00,10.210000038146973,10.300000190734863,10.0,10.069999694824219,914500,0.0,0.0
2023-09-11 00:00:00-04:00,10.109999656677246,10.1899995803833,9.970000267028809,10.010000228881836,1139300,0.0,0.0
2023-09-12 00:00:00-04:00,9.90999984741211,10.114999771118164,9.880000114440918,9.970000267028809,1089500,0.0,0.0
2023-09-13 00:00:00-04:00,9.9399995803833,10.109999656677246,9.675000190734863,9.739999771118164,1590600,0.0,0.0
2023-09-14 00:00:00-04:00,9.739999771118164,9.890000343322754,9.595000267028809,9.680000305175781,1458500,0.0,0.0
2023-09-15 00:00:00-04:00,9.65999984741211,9.850000381469727,9.53499984741211,9.770000457763672,3768500,0.0,0.0
2023-09-18 00:00:00-04:00,9.710000038146973,9.8100004196167,9.579999923706055,9.65999984741211,1251100,0.0,0.0
2023-09-19 00:00:00-04:00,9.619999885559082,9.6899995803833,9.390000343322754,9.399999618530273,1676400,0.0,0.0
2023-09-20 00:00:00-04:00,9.449999809265137,9.635000228881836,9.25,9.279999732971191,1689000,0.0,0.0
2023-09-21 00:00:00-04:00,9.140000343322754,9.220000267028809,8.914999961853027,9.15999984741211,1996300,0.0,0.0
2023-09-22 00:00:00-04:00,9.1899995803833,9.579999923706055,9.050000190734863,9.119999885559082,1662100,0.0,0.0
2023-09-25 00:00:00-04:00,9.0600004196167,9.25,8.960000038146973,9.149999618530273,771700,0.0,0.0
2023-09-26 00:00:00-04:00,9.119999885559082,9.335000038146973,8.9350004196167,8.960000038146973,1084400,0.0,0.0
2023-09-27 00:00:00-04:00,9.020000457763672,9.279999732971191,9.0,9.220000267028809,2038700,0.0,0.0
2023-09-28 00:00:00-04:00,9.220000267028809,9.5600004196167,9.100000381469727,9.430000305175781,1878600,0.0,0.0
2023-09-29 00:00:00-04:00,9.520000457763672,9.75,9.425000190734863,9.479999542236328,2205600,0.0,0.0
2023-10-02 00:00:00-04:00,9.430000305175781,9.579999923706055,9.260000228881836,9.329999923706055,2494900,0.0,0.0
2023-10-03 00:00:00-04:00,9.260000228881836,9.3100004196167,8.729999542236328,8.819999694824219,2186900,0.0,0.0
2023-10-04 00:00:00-04:00,8.899999618530273,9.0,8.8149995803833,8.90999984741211,1536700,0.0,0.0
2023-10-05 00:00:00-04:00,8.869999885559082,8.90999984741211,8.734999656677246,8.899999618530273,843400,0.0,0.0
2023-10-06 00:00:00-04:00,8.8100004196167,9.239999771118164,8.779999732971191,9.140000343322754,1171300,0.0,0.0
2023-10-09 00:00:00-04:00,9.050000190734863,9.164999961853027,8.949999809265137,9.100000381469727,664900,0.0,0.0
2023-10-10 00:00:00-04:00,9.109999656677246,9.520000457763672,9.109999656677246,9.300000190734863,1210700,0.0,0.0
2023-10-11 00:00:00-04:00,9.329999923706055,9.385000228881836,9.119999885559082,9.210000038146973,933300,0.0,0.0
2023-10-12 00:00:00-04:00,9.180000305175781,9.279999732971191,8.9350004196167,9.09000015258789,1028800,0.0,0.0
2023-10-13 00:00:00-04:00,9.100000381469727,9.104999542236328,8.869999885559082,9.0,1841100,0.0,0.0
2023-10-16 00:00:00-04:00,9.09000015258789,9.420000076293945,9.020000457763672,9.3100004196167,1901000,0.0,0.0
2023-10-17 00:00:00-04:00,9.210000038146973,9.4399995803833,9.020000457763672,9.359999656677246,2074700,0.0,0.0
2023-10-18 00:00:00-04:00,9.239999771118164,9.289999961853027,8.920000076293945,8.949999809265137,2303200,0.0,0.0
2023-10-19 00:00:00-04:00,8.979999542236328,9.239999771118164,8.930000305175781,9.039999961853027,1436900,0.0,0.0
2023-10-20 00:00:00-04:00,9.029999732971191,9.145000457763672,8.744999885559082,8.930000305175781,1237400,0.0,0.0
2023-10-23 00:00:00-04:00,8.850000381469727,9.145000457763672,8.8100004196167,8.970000267028809,1318300,0.0,0.0
2023-10-24 00:00:00-04:00,9.079999923706055,9.324999809265137,9.020000457763672,9.149999618530273,911400,0.0,0.0
2023-10-25 00:00:00-04:00,9.039999961853027,9.039999961853027,8.324999809265137,8.529999732971191,2637800,0.0,0.0
2023-10-26 00:00:00-04:00,8.539999961853027,9.100000381469727,8.375,8.479999542236328,1606400,0.0,0.0
2023-10-27 00:00:00-04:00,8.550000190734863,8.944999694824219,8.5,8.600000381469727,1417400,0.0,0.0
2023-10-30 00:00:00-04:00,8.699999809265137,8.699999809265137,8.369999885559082,8.529999732971191,1506800,0.0,0.0
2023-10-31 00:00:00-04:00,8.5,8.699999809265137,8.300000190734863,8.640000343322754,1676700,0.0,0.0
2023-11-01 00:00:00-04:00,8.640000343322754,8.770000457763672,8.420000076293945,8.579999923706055,1346600,0.0,0.0
2023-11-02 00:00:00-04:00,8.779999732971191,8.829999923706055,8.479999542236328,8.75,1691300,0.0,0.0
2023-11-03 00:00:00-04:00,8.279999732971191,8.40999984741211,6.880000114440918,7.599999904632568,7788600,0.0,0.0
2023-11-06 00:00:00-05:00,7.619999885559082,8.010000228881836,7.619999885559082,7.795000076293945,2906600,0.0,0.0
2023-11-07 00:00:00-05:00,7.789999961853027,8.079999923706055,7.710000038146973,8.029999732971191,3325800,0.0,0.0
2023-11-08 00:00:00-05:00,9.460000038146973,9.699999809265137,8.989999771118164,9.25,3298500,0.0,0.0
2023-11-09 00:00:00-05:00,9.140000343322754,9.9399995803833,9.100000381469727,9.470000267028809,3350200,0.0,0.0
2023-11-10 00:00:00-05:00,9.520000457763672,9.640000343322754,9.199999809265137,9.329999923706055,2445000,0.0,0.0
2023-11-13 00:00:00-05:00,9.239999771118164,9.425000190734863,9.145000457763672,9.3100004196167,1176300,0.0,0.0
2023-11-14 00:00:00-05:00,9.600000381469727,9.859999656677246,9.460000038146973,9.75,2527600,0.0,0.0
2023-11-15 00:00:00-05:00,9.800000190734863,9.984999656677246,9.640000343322754,9.770000457763672,2556300,0.0,0.0
2023-11-16 00:00:00-05:00,9.760000228881836,9.854999542236328,9.645000457763672,9.789999961853027,1662400,0.0,0.0
2023-11-17 00:00:00-05:00,9.829999923706055,9.829999923706055,9.630000114440918,9.680000305175781,1636100,0.0,0.0
2023-11-20 00:00:00-05:00,9.649999618530273,9.928999900817871,9.630000114440918,9.880000114440918,2044300,0.0,0.0
2023-11-21 00:00:00-05:00,9.800000190734863,9.930000305175781,9.734999656677246,9.800000190734863,3705700,0.0,0.0
2023-11-22 00:00:00-05:00,9.869999885559082,9.949999809265137,9.800000190734863,9.869999885559082,2044800,0.0,0.0
2023-11-24 00:00:00-05:00,9.84000015258789,10.109999656677246,9.84000015258789,10.0600004196167,1786500,0.0,0.0
2023-11-27 00:00:00-05:00,10.0600004196167,10.270000457763672,9.920000076293945,10.210000038146973,2338000,0.0,0.0
2023-11-28 00:00:00-05:00,10.210000038146973,10.345000267028809,10.024999618530273,10.260000228881836,1767000,0.0,0.0
2023-11-29 00:00:00-05:00,10.420000076293945,10.6899995803833,10.40999984741211,10.569999694824219,2337000,0.0,0.0
2023-11-30 00:00:00-05:00,10.569999694824219,10.6899995803833,10.399999618530273,10.670000076293945,4812600,0.0,0.0
2023-12-01 00:00:00-05:00,10.710000038146973,11.039999961853027,10.5600004196167,11.010000228881836,1954900,0.0,0.0
2023-12-04 00:00:00-05:00,10.970000267028809,11.0600004196167,10.864999771118164,11.039999961853027,1309700,0.0,0.0
2023-12-05 00:00:00-05:00,11.0,11.0,10.675000190734863,10.729999542236328,2422500,0.0,0.0
2023-12-06 00:00:00-05:00,11.100000381469727,11.289999961853027,10.9350004196167,10.960000038146973,3718900,0.0,0.0
2023-12-07 00:00:00-05:00,11.020000457763672,11.09000015258789,10.85099983215332,11.0,1157800,0.0,0.0
2023-12-08 00:00:00-05:00,10.90999984741211,11.239999771118164,10.880000114440918,11.199999809265137,1913200,0.0,0.0
2023-12-11 00:00:00-05:00,11.220000267028809,11.350000381469727,11.069999694824219,11.170000076293945,2224600,0.0,0.0
2023-12-12 00:00:00-05:00,11.220000267028809,11.220000267028809,10.979999542236328,11.09000015258789,1467900,0.0,0.0
2023-12-13 00:00:00-05:00,11.140000343322754,11.609999656677246,11.020000457763672,11.5,2421500,0.0,0.0
2023-12-14 00:00:00-05:00,11.75,11.899999618530273,11.529999732971191,11.770000457763672,2497600,0.0,0.0
2023-12-15 00:00:00-05:00,11.880000114440918,11.880000114440918,11.640000343322754,11.760000228881836,2187100,0.0,0.0
2023-12-18 00:00:00-05:00,11.789999961853027,11.994999885559082,11.670000076293945,11.930000305175781,2078100,0.0,0.0
2023-12-19 00:00:00-05:00,12.0,12.390000343322754,12.0,12.300000190734863,3407100,0.0,0.0
2023-12-20 00:00:00-05:00,12.350000381469727,12.625,11.970000267028809,11.989999771118164,2845900,0.0,0.0
2023-12-21 00:00:00-05:00,12.09000015258789,12.204999923706055,11.949999809265137,12.180000305175781,1507300,0.0,0.0
2023-12-22 00:00:00-05:00,12.229999542236328,12.404999732971191,12.1899995803833,12.319999694824219,731100,0.0,0.0
2023-12-26 00:00:00-05:00,12.329999923706055,12.430000305175781,12.279999732971191,12.40999984741211,593300,0.0,0.0
2023-12-27 00:00:00-05:00,12.430000305175781,12.5,12.345000267028809,12.40999984741211,604500,0.0,0.0
2023-12-28 00:00:00-05:00,12.390000343322754,12.5600004196167,12.369999885559082,12.5600004196167,900800,0.0,0.0
2023-12-29 00:00:00-05:00,12.550000190734863,12.569999694824219,12.329999923706055,12.390000343322754,1266100,0.0,0.0
2024-01-02 00:00:00-05:00,11.979999542236328,12.220000267028809,11.670000076293945,12.09000015258789,2439800,0.0,0.0
2024-01-03 00:00:00-05:00,11.949999809265137,11.960000038146973,11.5600004196167,11.579999923706055,2588000,0.0,0.0
2024-01-04 00:00:00-05:00,11.609999656677246,11.6850004196167,11.425000190734863,11.470000267028809,3848900,0.0,0.0
2024-01-05 00:00:00-05:00,11.399999618530273,11.569999694824219,11.170000076293945,11.3100004196167,2001900,0.0,0.0
2024-01-08 00:00:00-05:00,11.350000381469727,11.614999771118164,11.324999809265137,11.5600004196167,1680900,0.0,0.0
2024-01-09 00:00:00-05:00,11.449999809265137,11.5600004196167,11.319999694824219,11.319999694824219,1528900,0.0,0.0
2024-01-10 00:00:00-05:00,11.279999732971191,11.399999618530273,11.050000190734863,11.350000381469727,3980100,0.0,0.0
2024-01-11 00:00:00-05:00,11.40999984741211,11.585000038146973,11.15999984741211,11.470000267028809,2145700,0.0,0.0
2024-01-12 00:00:00-05:00,11.5,11.621000289916992,11.3100004196167,11.3100004196167,1527900,0.0,0.0
2024-01-16 00:00:00-05:00,11.180000305175781,11.279999732971191,10.890000343322754,10.930000305175781,2844100,0.0,0.0
2024-01-17 00:00:00-05:00,10.779999732971191,10.779999732971191,10.404999732971191,10.520000457763672,2898800,0.0,0.0
2024-01-18 00:00:00-05:00,10.569999694824219,10.649999618530273,10.345000267028809,10.609999656677246,2112700,0.0,0.0
2024-01-19 00:00:00-05:00,10.6899995803833,10.6899995803833,10.430000305175781,10.640000343322754,1410400,0.0,0.0
2024-01-22 00:00:00-05:00,10.800000190734863,11.074999809265137,10.75,11.020000457763672,1350600,0.0,0.0
2024-01-23 00:00:00-05:00,11.119999885559082,11.524999618530273,11.015000343322754,11.09000015258789,2280000,0.0,0.0
2024-01-24 00:00:00-05:00,11.270000457763672,11.3100004196167,10.890000343322754,10.90999984741211,1490700,0.0,0.0
2024-01-25 00:00:00-05:00,11.029999732971191,11.104999542236328,10.8149995803833,10.90999984741211,1795700,0.0,0.0
2024-01-26 00:00:00-05:00,10.949999809265137,11.130000114440918,10.949999809265137,11.010000228881836,1509700,0.0,0.0
2024-01-29 00:00:00-05:00,10.989999771118164,11.4399995803833,10.937999725341797,11.4399995803833,1768000,0.0,0.0
2024-01-30 00:00:00-05:00,11.369999885559082,11.449999809265137,11.199999809265137,11.260000228881836,912700,0.0,0.0
2024-01-31 00:00:00-05:00,11.220000267028809,11.40999984741211,10.944999694824219,10.960000038146973,1592100,0.0,0.0
2024-02-01 00:00:00-05:00,11.0600004196167,11.220000267028809,10.9399995803833,11.1899995803833,1408600,0.0,0.0
2024-02-02 00:00:00-05:00,11.100000381469727,11.390000343322754,10.989999771118164,11.319999694824219,1038900,0.0,0.0
2024-02-05 00:00:00-05:00,11.229999542236328,11.390000343322754,11.074999809265137,11.279999732971191,1801400,0.0,0.0
2024-02-06 00:00:00-05:00,11.289999961853027,11.625,11.225000381469727,11.579999923706055,1432300,0.0,0.0
2024-02-07 00:00:00-05:00,11.600000381469727,11.65999984741211,11.369999885559082,11.600000381469727,1495700,0.0,0.0
2024-02-08 00:00:00-05:00,11.5600004196167,11.970000267028809,11.489999771118164,11.90999984741211,1859100,0.0,0.0
2024-02-09 00:00:00-05:00,11.989999771118164,12.270000457763672,11.90999984741211,12.270000457763672,1516600,0.0,0.0
2024-02-12 00:00:00-05:00,12.229999542236328,12.40999984741211,12.149999618530273,12.239999771118164,1678600,0.0,0.0
2024-02-13 00:00:00-05:00,11.770000457763672,12.100000381469727,11.529999732971191,11.880000114440918,1558200,0.0,0.0
2024-02-14 00:00:00-05:00,12.0600004196167,12.350000381469727,11.979999542236328,12.289999961853027,974900,0.0,0.0
2024-02-15 00:00:00-05:00,12.399999618530273,12.545000076293945,12.34000015258789,12.40999984741211,1538400,0.0,0.0
2024-02-16 00:00:00-05:00,12.350000381469727,12.460000038146973,12.1850004196167,12.270000457763672,1384300,0.0,0.0
2024-02-20 00:00:00-05:00,12.119999885559082,12.270000457763672,11.930000305175781,12.130000114440918,970400,0.0,0.0
2024-02-21 00:00:00-05:00,11.949999809265137,12.024999618530273,11.75,11.880000114440918,1691800,0.0,0.0
2024-02-22 00:00:00-05:00,11.930000305175781,12.1899995803833,11.930000305175781,12.149999618530273,1156200,0.0,0.0
2024-02-23 00:00:00-05:00,12.199999809265137,12.350000381469727,12.020000457763672,12.079999923706055,1664500,0.0,0.0
2024-02-26 00:00:00-05:00,12.0,12.239999771118164,11.960000038146973,12.1899995803833,1681900,0.0,0.0
2024-02-27 00:00:00-05:00,12.260000228881836,12.395000457763672,12.09000015258789,12.140000343322754,3495300,0.0,0.0
2024-02-28 00:00:00-05:00,12.399999618530273,13.520000457763672,12.399999618530273,12.6899995803833,5760500,0.0,0.0
2024-02-29 00:00:00-05:00,13.130000114440918,13.5600004196167,12.8100004196167,13.289999961853027,4553300,0.0,0.0
2024-03-01 00:00:00-05:00,13.210000038146973,13.430000305175781,13.015000343322754,13.119999885559082,4211400,0.0,0.0
2024-03-04 00:00:00-05:00,13.140000343322754,13.140000343322754,12.760000228881836,13.010000228881836,4377400,0.0,0.0
2024-03-05 00:00:00-05:00,12.859999656677246,12.9399995803833,12.319999694824219,12.479999542236328,2987200,0.0,0.0
2024-03-06 00:00:00-05:00,12.720000267028809,12.725000381469727,12.329999923706055,12.34000015258789,1968200,0.0,0.0
2024-03-07 00:00:00-05:00,12.460000038146973,12.680000305175781,12.34000015258789,12.630000114440918,1629800,0.0,0.0
2024-03-08 00:00:00-05:00,12.65999984741211,13.038000106811523,12.609999656677246,13.010000228881836,2004000,0.0,0.0
2024-03-11 00:00:00-04:00,12.970000267028809,13.15999984741211,12.899999618530273,12.930000305175781,1557500,0.0,0.0
2024-03-12 00:00:00-04:00,12.930000305175781,13.09000015258789,12.649999618530273,12.90999984741211,1318700,0.0,0.0
2024-03-13 00:00:00-04:00,12.890000343322754,13.1899995803833,12.84000015258789,13.029999732971191,1166700,0.0,0.0
2024-03-14 00:00:00-04:00,13.010000228881836,13.010000228881836,12.470000267028809,12.529999732971191,1386400,0.0,0.0
2024-03-15 00:00:00-04:00,12.279999732971191,12.460000038146973,11.949999809265137,12.420000076293945,2417200,0.0,0.0
2024-03-18 00:00:00-04:00,12.380000114440918,12.800000190734863,12.279999732971191,12.75,2272300,0.0,0.0
2024-03-19 00:00:00-04:00,12.65999984741211,13.0,12.5649995803833,12.90999984741211,1629300,0.0,0.0
2024-03-20 00:00:00-04:00,12.8100004196167,13.114999771118164,12.704999923706055,13.029999732971191,1214400,0.0,0.0
2024-03-21 00:00:00-04:00,13.15999984741211,13.244999885559082,13.0600004196167,13.09000015258789,1454800,0.0,0.0
2024-03-22 00:00:00-04:00,13.0600004196167,13.140000343322754,12.78499984741211,12.880000114440918,1103400,0.0,0.0
2024-03-25 00:00:00-04:00,12.859999656677246,13.03499984741211,12.8149995803833,12.850000381469727,648600,0.0,0.0
2024-03-26 00:00:00-04:00,13.079999923706055,13.104999542236328,12.800000190734863,12.819999694824219,2687300,0.0,0.0
2024-03-27 00:00:00-04:00,12.989999771118164,13.140000343322754,12.78499984741211,13.130000114440918,1507700,0.0,0.0
2024-03-28 00:00:00-04:00,13.25,13.494999885559082,13.130000114440918,13.149999618530273,1904400,0.0,0.0
2024-04-01 00:00:00-04:00,13.270000457763672,13.270000457763672,12.475000381469727,12.479999542236328,1812800,0.0,0.0
2024-04-02 00:00:00-04:00,12.239999771118164,12.390000343322754,11.90999984741211,12.319999694824219,1161200,0.0,0.0
2024-04-03 00:00:00-04:00,12.180000305175781,12.369999885559082,12.180000305175781,12.279999732971191,745800,0.0,0.0
2024-04-04 00:00:00-04:00,12.449999809265137,12.595000267028809,12.15999984741211,12.210000038146973,1148700,0.0,0.0
2024-04-05 00:00:00-04:00,12.1899995803833,12.5600004196167,12.1899995803833,12.329999923706055,1071300,0.0,0.0
2024-04-08 00:00:00-04:00,12.40999984741211,12.545000076293945,12.385000228881836,12.5,420700,0.0,0.0
2024-04-09 00:00:00-04:00,12.420000076293945,12.5,12.251999855041504,12.3100004196167,1006600,0.0,0.0
2024-04-10 00:00:00-04:00,11.949999809265137,12.039999961853027,11.729999542236328,11.8100004196167,919700,0.0,0.0
2024-04-11 00:00:00-04:00,11.869999885559082,12.15999984741211,11.744999885559082,12.119999885559082,1126700,0.0,0.0
2024-04-12 00:00:00-04:00,11.90999984741211,11.90999984741211,11.515000343322754,11.640000343322754,1030200,0.0,0.0
2024-04-15 00:00:00-04:00,11.140000343322754,11.489999771118164,11.050000190734863,11.140000343322754,2243500,0.0,0.0
2024-04-16 00:00:00-04:00,11.130000114440918,11.545000076293945,11.100000381469727,11.329999923706055,1672200,0.0,0.0
2024-04-17 00:00:00-04:00,11.399999618530273,11.505000114440918,11.295000076293945,11.359999656677246,891500,0.0,0.0
2024-04-18 00:00:00-04:00,11.369999885559082,11.720000267028809,11.3100004196167,11.520000457763672,1117800,0.0,0.0
2024-04-19 00:00:00-04:00,11.460000038146973,11.604999542236328,11.359999656677246,11.449999809265137,895100,0.0,0.0
2024-04-22 00:00:00-04:00,11.619999885559082,11.805000305175781,11.600000381469727,11.770000457763672,1442100,0.0,0.0
2024-04-23 00:00:00-04:00,11.8100004196167,12.0600004196167,11.770000457763672,12.029999732971191,1720500,0.0,0.0
2024-04-24 00:00:00-04:00,12.09000015258789,12.199999809265137,11.835000038146973,11.869999885559082,922500,0.0,0.0
2024-04-25 00:00:00-04:00,11.649999618530273,11.84000015258789,11.630000114440918,11.829999923706055,1282500,0.0,0.0
2024-04-26 00:00:00-04:00,11.930000305175781,12.020000457763672,11.819999694824219,11.960000038146973,633200,0.0,0.0
2024-04-29 00:00:00-04:00,12.020000457763672,12.21500015258789,11.899999618530273,11.960000038146973,1267300,0.0,0.0
2024-04-30 00:00:00-04:00,11.84000015258789,11.920000076293945,11.649999618530273,11.65999984741211,1897300,0.0,0.0
2024-05-01 00:00:00-04:00,11.65999984741211,12.244999885559082,11.65999984741211,11.890000343322754,1685400,0.0,0.0
2024-05-02 00:00:00-04:00,12.020000457763672,12.079999923706055,11.78499984741211,12.0600004196167,2111200,0.0,0.0
2024-05-03 00:00:00-04:00,12.369999885559082,12.399999618530273,12.079999923706055,12.119999885559082,1735600,0.0,0.0
2024-05-06 00:00:00-04:00,12.1899995803833,12.420000076293945,12.100000381469727,12.140000343322754,1484000,0.0,0.0
2024-05-07 00:00:00-04:00,12.079999923706055,12.109999656677246,11.859999656677246,11.989999771118164,2207700,0.0,0.0
2024-05-08 00:00:00-04:00,11.609999656677246,11.609999656677246,10.9399995803833,11.600000381469727,6749900,0.0,0.0
2024-05-09 00:00:00-04:00,11.5,11.520000457763672,11.329999923706055,11.470000267028809,1901100,0.0,0.0
2024-05-10 00:00:00-04:00,11.479999542236328,11.479999542236328,11.199999809265137,11.239999771118164,2313500,0.0,0.0
2024-05-13 00:00:00-04:00,11.359999656677246,11.739999771118164,11.180000305175781,11.220000267028809,2887800,0.0,0.0
2024-05-14 00:00:00-04:00,11.34000015258789,11.449999809265137,11.119999885559082,11.220000267028809,2104500,0.0,0.0
2024-05-15 00:00:00-04:00,11.380000114440918,11.444999694824219,11.15999984741211,11.3100004196167,1407300,0.0,0.0
2024-05-16 00:00:00-04:00,11.260000228881836,11.289999961853027,11.109999656677246,11.279999732971191,2026600,0.0,0.0
2024-05-17 00:00:00-04:00,11.319999694824219,11.390000343322754,11.175000190734863,11.289999961853027,1640300,0.0,0.0
2024-05-20 00:00:00-04:00,11.25,11.300000190734863,10.970000267028809,11.180000305175781,2376500,0.0,0.0
2024-05-21 00:00:00-04:00,11.244999885559082,11.244999885559082,10.925000190734863,10.979999542236328,1969800,0.0,0.0
2024-05-22 00:00:00-04:00,11.0,11.279999732971191,10.895000457763672,10.930000305175781,3423700,0.0,0.0
2024-05-23 00:00:00-04:00,11.100000381469727,11.149999618530273,10.824999809265137,10.880000114440918,1828100,0.0,0.0
2024-05-24 00:00:00-04:00,10.960000038146973,11.0,10.739999771118164,10.789999961853027,948200,0.0,0.0
2024-05-28 00:00:00-04:00,10.789999961853027,10.880000114440918,10.6850004196167,10.720000267028809,955800,0.0,0.0
2024-05-29 00:00:00-04:00,10.59000015258789,10.6899995803833,10.420000076293945,10.449999809265137,1602000,0.0,0.0
2024-05-30 00:00:00-04:00,10.390000343322754,10.539999961853027,10.390000343322754,10.449999809265137,1037600,0.0,0.0
2024-05-31 00:00:00-04:00,10.569999694824219,10.600000381469727,10.319999694824219,10.59000015258789,1999100,0.0,0.0
2024-06-03 00:00:00-04:00,10.739999771118164,10.789999961853027,10.454999923706055,10.479999542236328,1278000,0.0,0.0
2024-06-04 00:00:00-04:00,10.390000343322754,10.539999961853027,10.359999656677246,10.470000267028809,2338700,0.0,0.0
2024-06-05 00:00:00-04:00,10.600000381469727,10.729999542236328,10.470000267028809,10.649999618530273,1749300,0.0,0.0
2024-06-06 00:00:00-04:00,10.649999618530273,10.8100004196167,10.609999656677246,10.729999542236328,855300,0.0,0.0
2024-06-07 00:00:00-04:00,10.65999984741211,10.800000190734863,10.59000015258789,10.6899995803833,876700,0.0,0.0
2024-06-10 00:00:00-04:00,10.619999885559082,10.9350004196167,10.609999656677246,10.880000114440918,1580900,0.0,0.0
2024-06-11 00:00:00-04:00,10.84000015258789,11.114999771118164,10.795000076293945,10.859999656677246,1253700,0.0,0.0
2024-06-12 00:00:00-04:00,11.100000381469727,11.180000305175781,10.84000015258789,10.90999984741211,1750200,0.0,0.0
2024-06-13 00:00:00-04:00,10.949999809265137,11.09000015258789,10.729999542236328,10.819999694824219,1949100,0.0,0.0
2024-06-14 00:00:00-04:00,10.6899995803833,10.854999542236328,10.65999984741211,10.829999923706055,1274300,0.0,0.0
2024-06-17 00:00:00-04:00,10.819999694824219,10.930000305175781,10.699999809265137,10.90999984741211,2029100,0.0,0.0
2024-06-18 00:00:00-04:00,10.880000114440918,11.09000015258789,10.805999755859375,10.979999542236328,1831900,0.0,0.0
2024-06-20 00:00:00-04:00,10.949999809265137,11.03499984741211,10.84000015258789,10.960000038146973,2058800,0.0,0.0
2024-06-21 00:00:00-04:00,10.970000267028809,11.020000457763672,10.859999656677246,11.010000228881836,2336600,0.0,0.0
2024-06-24 00:00:00-04:00,11.029999732971191,11.319999694824219,10.970000267028809,11.270000457763672,2126300,0.0,0.0
2024-06-25 00:00:00-04:00,11.289999961853027,11.649999618530273,11.229999542236328,11.539999961853027,2489800,0.0,0.0
2024-06-26 00:00:00-04:00,11.479999542236328,11.6899995803833,11.300000190734863,11.65999984741211,1668800,0.0,0.0
2024-06-27 00:00:00-04:00,11.720000267028809,11.944999694824219,11.680000305175781,11.869999885559082,1458900,0.0,0.0
2024-06-28 00:00:00-04:00,11.9399995803833,12.085000038146973,11.850000381469727,12.0600004196167,6545800,0.0,0.0
2024-07-01 00:00:00-04:00,12.029999732971191,12.039999961853027,11.914999961853027,12.029999732971191,2143400,0.0,0.0
2024-07-02 00:00:00-04:00,12.050000190734863,12.300000190734863,12.010000228881836,12.15999984741211,1220400,0.0,0.0
2024-07-03 00:00:00-04:00,12.180000305175781,12.21500015258789,11.975000381469727,12.069999694824219,726600,0.0,0.0
2024-07-05 00:00:00-04:00,12.050000190734863,12.329999923706055,12.039999961853027,12.300000190734863,1333600,0.0,0.0
2024-07-08 00:00:00-04:00,12.319999694824219,12.46500015258789,12.25,12.350000381469727,1777700,0.0,0.0
2024-07-09 00:00:00-04:00,12.350000381469727,12.430000305175781,12.220000267028809,12.420000076293945,1777700,0.0,0.0
2024-07-10 00:00:00-04:00,12.420000076293945,12.420000076293945,12.010000228881836,12.079999923706055,1405900,0.0,0.0
2024-07-11 00:00:00-04:00,12.279999732971191,12.279999732971191,12.100000381469727,12.210000038146973,1335800,0.0,0.0
2024-07-12 00:00:00-04:00,12.350000381469727,12.5,12.270000457763672,12.3100004196167,1632500,0.0,0.0
2024-07-15 00:00:00-04:00,12.319999694824219,12.489999771118164,12.239999771118164,12.420000076293945,1908400,0.0,0.0
2024-07-16 00:00:00-04:00,12.5,12.729999542236328,12.470000267028809,12.640000343322754,2501400,0.0,0.0
2024-07-17 00:00:00-04:00,12.5,12.704999923706055,12.460000038146973,12.609999656677246,1735600,0.0,0.0
2024-07-18 00:00:00-04:00,12.600000381469727,12.699999809265137,12.239999771118164,12.25,956900,0.0,0.0
2024-07-19 00:00:00-04:00,12.300000190734863,12.479999542236328,12.180000305175781,12.40999984741211,1062700,0.0,0.0
2024-07-22 00:00:00-04:00,12.529999732971191,12.6850004196167,12.430000305175781,12.600000381469727,1133800,0.0,0.0
2024-07-23 00:00:00-04:00,12.600000381469727,12.930000305175781,12.579999923706055,12.859999656677246,1131700,0.0,0.0
2024-07-24 00:00:00-04:00,12.75,12.890000343322754,12.460000038146973,12.489999771118164,1837100,0.0,0.0
2024-07-25 00:00:00-04:00,12.510000228881836,12.859999656677246,12.479999542236328,12.680000305175781,1945400,0.0,0.0
2024-07-26 00:00:00-04:00,12.859999656677246,12.890000343322754,12.390000343322754,12.430000305175781,2774000,0.0,0.0
2024-07-29 00:00:00-04:00,12.5600004196167,12.850000381469727,12.460000038146973,12.550000190734863,1767900,0.0,0.0
2024-07-30 00:00:00-04:00,12.670000076293945,12.850000381469727,12.555000305175781,12.720000267028809,1679100,0.0,0.0
2024-07-31 00:00:00-04:00,11.220000267028809,11.220000267028809,8.779999732971191,8.9399995803833,18882000,0.0,0.0
2024-08-01 00:00:00-04:00,8.899999618530273,9.140000343322754,8.175000190734863,8.25,13099600,0.0,0.0
2024-08-02 00:00:00-04:00,8.109999656677246,8.109999656677246,7.710000038146973,7.800000190734863,7916600,0.0,0.0
2024-08-05 00:00:00-04:00,7.400000095367432,7.804999828338623,7.380000114440918,7.579999923706055,8437500,0.0,0.0
2024-08-06 00:00:00-04:00,7.590000152587891,7.894999980926514,7.5,7.829999923706055,3924600,0.0,0.0
2024-08-07 00:00:00-04:00,7.929999828338623,8.020000457763672,7.550000190734863,7.570000171661377,2572100,0.0,0.0
2024-08-08 00:00:00-04:00,7.659999847412109,7.960000038146973,7.619999885559082,7.860000133514404,2732800,0.0,0.0
2024-08-09 00:00:00-04:00,7.849999904632568,7.929999828338623,7.739999771118164,7.809999942779541,1658100,0.0,0.0
2024-08-12 00:00:00-04:00,7.849999904632568,7.900000095367432,7.690000057220459,7.809999942779541,1528500,0.0,0.0
2024-08-13 00:00:00-04:00,7.889999866485596,8.149999618530273,7.809999942779541,8.0600004196167,2303800,0.0,0.0
2024-08-14 00:00:00-04:00,8.100000381469727,8.1899995803833,7.800000190734863,7.849999904632568,1613400,0.0,0.0
2024-08-15 00:00:00-04:00,8.029999732971191,8.15999984741211,8.0,8.079999923706055,1513300,0.0,0.0
2024-08-16 00:00:00-04:00,7.989999771118164,8.159000396728516,7.980000019073486,8.130000114440918,1954500,0.0,0.0
2024-08-19 00:00:00-04:00,8.119999885559082,8.270000457763672,8.074999809265137,8.239999771118164,1161000,0.0,0.0
2024-08-20 00:00:00-04:00,8.010000228881836,8.265000343322754,7.984000205993652,8.050000190734863,1469700,0.0,0.0
2024-08-21 00:00:00-04:00,8.130000114440918,8.15999984741211,7.800000190734863,7.920000076293945,1653200,0.0,0.0
2024-08-22 00:00:00-04:00,7.889999866485596,7.900000095367432,7.75,7.769999980926514,1645000,0.0,0.0
2024-08-23 00:00:00-04:00,8.130000114440918,8.130000114440918,7.824999809265137,7.889999866485596,3282500,0.0,0.0
2024-08-26 00:00:00-04:00,7.960000038146973,8.069999694824219,7.889999866485596,8.0,1931300,0.0,0.0
2024-08-27 00:00:00-04:00,7.920000076293945,8.050000190734863,7.894999980926514,8.0,1921600,0.0,0.0
2024-08-28 00:00:00-04:00,7.880000114440918,8.0600004196167,7.880000114440918,7.96999979019165,1447800,0.0,0.0
2024-08-29 00:00:00-04:00,8.029999732971191,8.260000228881836,8.029999732971191,8.149999618530273,2130200,0.0,0.0
2024-08-30 00:00:00-04:00,8.149999618530273,8.239999771118164,7.994999885559082,8.069999694824219,2546600,0.0,0.0
2024-09-03 00:00:00-04:00,8.0,8.175000190734863,7.929999828338623,8.010000228881836,2609700,0.0,0.0
2024-09-04 00:00:00-04:00,7.900000095367432,8.085000038146973,7.900000095367432,8.029999732971191,1265300,0.0,0.0
2024-09-05 00:00:00-04:00,8.0600004196167,8.104999542236328,7.855000019073486,8.0,1838900,0.0,0.0
2024-09-06 00:00:00-04:00,8.085000038146973,8.109999656677246,7.929999828338623,7.929999828338623,1753300,0.0,0.0
2024-09-09 00:00:00-04:00,8.029999732971191,8.149999618530273,8.0,8.029999732971191,1845100,0.0,0.0
2024-09-10 00:00:00-04:00,8.050000190734863,8.050000190734863,7.724999904632568,7.75,1685700,0.0,0.0
2024-09-11 00:00:00-04:00,7.699999809265137,7.75,7.545000076293945,7.659999847412109,1962100,0.0,0.0
2024-09-12 00:00:00-04:00,7.699999809265137,7.829999923706055,7.650000095367432,7.739999771118164,1572900,0.0,0.0
2024-09-13 00:00:00-04:00,7.78000020980835,7.889999866485596,7.670000076293945,7.690000057220459,1850500,0.0,0.0
2024-09-16 00:00:00-04:00,7.670000076293945,7.699999809265137,7.539999961853027,7.579999923706055,2054800,0.0,0.0
2024-09-17 00:00:00-04:00,7.659999847412109,7.739999771118164,7.440000057220459,7.440000057220459,2153200,0.0,0.0
2024-09-18 00:00:00-04:00,7.429999828338623,7.760000228881836,7.429999828338623,7.590000152587891,3451000,0.0,0.0
2024-09-19 00:00:00-04:00,7.800000190734863,8.0,7.684999942779541,7.96999979019165,2232300,0.0,0.0
2024-09-20 00:00:00-04:00,7.980000019073486,8.09000015258789,7.949999809265137,8.079999923706055,4194200,0.0,0.0
2024-09-23 00:00:00-04:00,8.130000114440918,8.324999809265137,8.09000015258789,8.25,2564500,0.0,0.0
2024-09-24 00:00:00-04:00,8.279999732971191,8.34000015258789,8.114999771118164,8.210000038146973,1799600,0.0,0.0
2024-09-25 00:00:00-04:00,8.210000038146973,8.21500015258789,8.015000343322754,8.09000015258789,1607600,0.0,0.0
2024-09-26 00:00:00-04:00,8.239999771118164,8.239999771118164,7.980000019073486,8.079999923706055,1307100,0.0,0.0
2024-09-27 00:00:00-04:00,8.119999885559082,8.270000457763672,8.069999694824219,8.140000343322754,1383300,0.0,0.0
2024-09-30 00:00:00-04:00,8.140000343322754,8.199999809265137,8.039999961853027,8.109999656677246,1160300,0.0,0.0
2024-10-01 00:00:00-04:00,8.109999656677246,8.109999656677246,7.784999847412109,7.880000114440918,1656700,0.0,0.0
2024-10-02 00:00:00-04:00,7.900000095367432,7.949999809265137,7.849999904632568,7.940000057220459,1003400,0.0,0.0
2024-10-03 00:00:00-04:00,7.860000133514404,7.927999973297119,7.755000114440918,7.809999942779541,1641100,0.0,0.0
2024-10-04 00:00:00-04:00,7.960000038146973,7.96999979019165,7.760000228881836,7.880000114440918,1674200,0.0,0.0
2024-10-07 00:00:00-04:00,7.860000133514404,7.900000095367432,7.59499979019165,7.659999847412109,1344400,0.0,0.0
2024-10-08 00:00:00-04:00,7.670000076293945,7.820000171661377,7.619999885559082,7.75,898500,0.0,0.0
2024-10-09 00:00:00-04:00,7.760000228881836,7.840000152587891,7.710000038146973,7.710000038146973,1178300,0.0,0.0
2024-10-10 00:00:00-04:00,7.619999885559082,7.869999885559082,7.599999904632568,7.800000190734863,1058700,0.0,0.0
2024-10-11 00:00:00-04:00,7.75,8.09000015258789,7.599999904632568,7.989999771118164,1091300,0.0,0.0
2024-10-14 00:00:00-04:00,7.889999866485596,8.279999732971191,7.800000190734863,8.180000305175781,1645500,0.0,0.0
2024-10-15 00:00:00-04:00,8.09000015258789,8.539999961853027,8.079999923706055,8.430000305175781,2292600,0.0,0.0
2024-10-16 00:00:00-04:00,8.470000267028809,8.630000114440918,8.300000190734863,8.40999984741211,3202500,0.0,0.0
2024-10-17 00:00:00-04:00,8.390000343322754,8.5,8.369999885559082,8.449999809265137,1430000,0.0,0.0
2024-10-18 00:00:00-04:00,8.470000267028809,8.694999694824219,8.366000175476074,8.579999923706055,1165400,0.0,0.0
2024-10-21 00:00:00-04:00,8.579999923706055,8.710000038146973,8.53499984741211,8.649999618530273,1324900,0.0,0.0
2024-10-22 00:00:00-04:00,8.600000381469727,8.645000457763672,8.420000076293945,8.430000305175781,773100,0.0,0.0
2024-10-23 00:00:00-04:00,8.430000305175781,8.494999885559082,8.1850004196167,8.260000228881836,1187300,0.0,0.0
2024-10-24 00:00:00-04:00,8.260000228881836,8.3100004196167,8.085000038146973,8.170000076293945,1911300,0.0,0.0
2024-10-25 00:00:00-04:00,8.210000038146973,8.3149995803833,8.029999732971191,8.069999694824219,2210600,0.0,0.0
2024-10-28 00:00:00-04:00,8.149999618530273,8.40999984741211,8.095000267028809,8.40999984741211,5376600,0.0,0.0
2024-10-29 00:00:00-04:00,8.319999694824219,8.444999694824219,8.279999732971191,8.380000114440918,2006200,0.0,0.0
2024-10-30 00:00:00-04:00,8.399999618530273,8.6899995803833,8.375,8.420000076293945,2400900,0.0,0.0
2024-10-31 00:00:00-04:00,8.430000305175781,8.539999961853027,8.229999542236328,8.239999771118164,2389000,0.0,0.0
2024-11-01 00:00:00-04:00,8.270000457763672,8.475000381469727,8.255000114440918,8.3100004196167,2004900,0.0,0.0
2024-11-04 00:00:00-05:00,8.220000267028809,8.380000114440918,8.180000305175781,8.380000114440918,2017500,0.0,0.0
2024-11-05 00:00:00-05:00,8.350000381469727,8.545000076293945,8.300000190734863,8.5,2383500,0.0,0.0
2024-11-06 00:00:00-05:00,9.279999732971191,9.829999923706055,9.10200023651123,9.680000305175781,4443400,0.0,0.0
2024-11-07 00:00:00-05:00,9.989999771118164,10.0,9.710000038146973,10.0,3341200,0.0,0.0
2024-11-08 00:00:00-05:00,9.989999771118164,10.09000015258789,9.789999961853027,10.069999694824219,3660700,0.0,0.0
2024-11-11 00:00:00-05:00,10.199999809265137,10.520000457763672,10.010000228881836,10.479999542236328,2460900,0.0,0.0
2024-11-12 00:00:00-05:00,10.430000305175781,10.765000343322754,10.420000076293945,10.65999984741211,1496500,0.0,0.0
2024-11-13 00:00:00-05:00,10.630000114440918,10.859999656677246,10.619999885559082,10.739999771118164,1710200,0.0,0.0
2024-11-14 00:00:00-05:00,10.720000267028809,10.765000343322754,10.484999656677246,10.739999771118164,2154500,0.0,0.0
2024-11-15 00:00:00-05:00,10.680000305175781,10.699999809265137,10.26099967956543,10.4399995803833,1833900,0.0,0.0
2024-11-18 00:00:00-05:00,10.470000267028809,10.744999885559082,10.430000305175781,10.550000190734863,1723100,0.0,0.0
2024-11-19 00:00:00-05:00,10.40999984741211,10.710000038146973,10.399999618530273,10.640000343322754,1606800,0.0,0.0
2024-11-20 00:00:00-05:00,10.640000343322754,10.765000343322754,10.460000038146973,10.710000038146973,1355700,0.0,0.0
2024-11-21 00:00:00-05:00,10.75,10.960000038146973,10.75,10.869999885559082,1713600,0.0,0.0
2024-11-22 00:00:00-05:00,10.880000114440918,11.1899995803833,10.880000114440918,11.170000076293945,2329200,0.0,0.0
2024-11-25 00:00:00-05:00,11.260000228881836,11.619999885559082,11.239999771118164,11.59000015258789,2585600,0.0,0.0
2024-11-26 00:00:00-05:00,11.489999771118164,11.600000381469727,11.359999656677246,11.460000038146973,1450700,0.0,0.0
2024-11-27 00:00:00-05:00,11.489999771118164,11.555000305175781,11.279999732971191,11.4399995803833,1053400,0.0,0.0
2024-11-29 00:00:00-05:00,11.40999984741211,11.460000038146973,11.25,11.4399995803833,680200,0.0,0.0
2024-12-02 00:00:00-05:00,11.550000190734863,11.550000190734863,11.319999694824219,11.369999885559082,1322200,0.0,0.0
2024-12-03 00:00:00-05:00,11.229999542236328,11.390000343322754,11.229999542236328,11.3100004196167,1464000,0.0,0.0
2024-12-04 00:00:00-05:00,11.34000015258789,11.595000267028809,11.28499984741211,11.460000038146973,2183500,0.0,0.0
2024-12-05 00:00:00-05:00,11.40999984741211,11.680000305175781,11.229999542236328,11.25,1938500,0.0,0.0
2024-12-06 00:00:00-05:00,11.460000038146973,11.635000228881836,11.350000381469727,11.5600004196167,1854300,0.0,0.0
2024-12-09 00:00:00-05:00,11.449999809265137,11.600000381469727,11.15999984741211,11.180000305175781,1416200,0.0,0.0
2024-12-10 00:00:00-05:00,11.170000076293945,11.170000076293945,10.970100402832031,11.109999656677246,1261232,0.0,0.0
