Date,Open,High,Low,Close,Volume,Dividends,Stock Splits
2022-01-03 00:00:00-05:00,5.0806576132081345,5.0806576132081345,5.011195798680754,5.031042098999023,67400,0.0,0.0
2022-01-04 00:00:00-05:00,5.040964731720726,5.040964731720726,4.991349220275879,4.991349220275879,67300,0.0,0.0
2022-01-05 00:00:00-05:00,5.021118628088905,5.021118628088905,4.951656341552734,4.951656341552734,92000,0.0,0.0
2022-01-06 00:00:00-05:00,4.9615797996521,4.991349486646186,4.9615797996521,4.9615797996521,55000,0.0,0.0
2022-01-07 00:00:00-05:00,4.981426099923783,5.011195786917869,4.9516564129296965,4.9615797996521,164000,0.0,0.0
2022-01-10 00:00:00-05:00,4.941733499380416,4.971503186374503,4.941733499380416,4.9615797996521,75400,0.0,0.0
2022-01-11 00:00:00-05:00,4.951656060548259,4.981425745423804,4.902040549986467,4.91196346282959,101100,0.0,0.0
2022-01-12 00:00:00-05:00,4.941733147705136,4.941733147705136,4.892117163970256,4.91196346282959,133400,0.0,0.0
2022-01-13 00:00:00-05:00,4.921887046672714,4.931809959914672,4.8722710609436035,4.8722710609436035,132300,0.0,0.0
2022-01-14 00:00:00-05:00,4.902041087595477,4.902041087595477,4.8524250984191895,4.8524250984191895,153700,0.0,0.0
2022-01-18 00:00:00-05:00,4.820553971199208,4.830513546180668,4.7209553718566895,4.7209553718566895,303300,0.018,0.0
2022-01-19 00:00:00-05:00,4.720955145291061,4.770754442572378,4.691075946859308,4.740875244140625,125900,0.0,0.0
2022-01-20 00:00:00-05:00,4.7607947421427905,4.790673939784219,4.710995446178697,4.730915069580078,174700,0.0,0.0
2022-01-21 00:00:00-05:00,4.710995548951369,4.72095512340869,4.671156301279495,4.701035499572754,130700,0.0,0.0
2022-01-24 00:00:00-05:00,4.621357335598766,4.671156636220064,4.581518085070259,4.6512370109558105,159800,0.0,0.0
2022-01-25 00:00:00-05:00,4.65123692222251,4.740875471662249,4.621357247435491,4.7209553718566895,188400,0.0,0.0
2022-01-26 00:00:00-05:00,4.720955229652493,4.750834903539478,4.6412767325156015,4.671156406402588,74800,0.0,0.0
2022-01-27 00:00:00-05:00,4.681115855592257,4.710995528678226,4.65123665742758,4.661196231842041,109100,0.0,0.0
2022-01-28 00:00:00-05:00,4.631317013403481,4.641276587774344,4.611397389740465,4.621356964111328,98300,0.0,0.0
2022-01-31 00:00:00-05:00,4.631317013403481,4.641276587774344,4.591477766077449,4.621356964111328,97800,0.0,0.0
2022-02-01 00:00:00-05:00,4.621357352545313,4.720955479231807,4.621357352545313,4.691076278686523,163300,0.0,0.0
2022-02-02 00:00:00-05:00,4.69107590492801,4.710995528678226,4.661196231842041,4.661196231842041,106600,0.0,0.0
2022-02-03 00:00:00-05:00,4.641276587774344,4.641276587774344,4.601437340448312,4.621356964111328,79200,0.0,0.0
2022-02-04 00:00:00-05:00,4.601437675705237,4.641276925933925,4.571558475494385,4.571558475494385,107800,0.0,0.0
2022-02-07 00:00:00-05:00,4.581517821421533,4.621357069657445,4.571558246823206,4.591477870941162,87800,0.0,0.0
2022-02-08 00:00:00-05:00,4.581517821421533,4.621357069657445,4.581517821421533,4.591477870941162,140800,0.0,0.0
2022-02-09 00:00:00-05:00,4.611397743225098,4.621357318359407,4.581518067979515,4.611397743225098,129400,0.0,0.0
2022-02-10 00:00:00-05:00,4.591478082875906,4.591478082875906,4.521759157784305,4.531719207763672,185800,0.0,0.0
2022-02-11 00:00:00-05:00,4.511799564992074,4.531719189951189,4.481919890092741,4.491879940032959,182700,0.0,0.0
2022-02-14 00:00:00-05:00,4.452040319851277,4.491880045627374,4.432120694423896,4.462000370025635,164000,0.0,0.0
2022-02-15 00:00:00-05:00,4.510000228881836,4.570000171661377,4.449999809265137,4.559999942779541,231100,0.018,0.0
2022-02-16 00:00:00-05:00,4.539999961853027,4.599999904632568,4.5,4.570000171661377,248100,0.0,0.0
2022-02-17 00:00:00-05:00,4.539999961853027,4.599999904632568,4.510000228881836,4.539999961853027,199200,0.0,0.0
2022-02-18 00:00:00-05:00,4.559999942779541,4.570000171661377,4.5,4.539999961853027,120100,0.0,0.0
2022-02-22 00:00:00-05:00,4.510000228881836,4.53000020980835,4.480000019073486,4.5,143700,0.0,0.0
2022-02-23 00:00:00-05:00,4.489999771118164,4.510000228881836,4.460000038146973,4.46999979019165,163600,0.0,0.0
2022-02-24 00:00:00-05:00,4.460000038146973,4.519999980926514,4.460000038146973,4.519999980926514,173000,0.0,0.0
2022-02-25 00:00:00-05:00,4.489999771118164,4.53000020980835,4.46999979019165,4.489999771118164,180700,0.0,0.0
2022-02-28 00:00:00-05:00,4.519999980926514,4.539999961853027,4.5,4.539999961853027,51800,0.0,0.0
2022-03-01 00:00:00-05:00,4.539999961853027,4.590000152587891,4.519999980926514,4.559999942779541,213000,0.0,0.0
2022-03-02 00:00:00-05:00,4.550000190734863,4.550000190734863,4.519999980926514,4.550000190734863,103400,0.0,0.0
2022-03-03 00:00:00-05:00,4.550000190734863,4.599999904632568,4.550000190734863,4.579999923706055,56200,0.0,0.0
2022-03-04 00:00:00-05:00,4.559999942779541,4.590000152587891,4.539999961853027,4.579999923706055,168700,0.0,0.0
2022-03-07 00:00:00-05:00,4.559999942779541,4.599999904632568,4.489999771118164,4.489999771118164,163200,0.0,0.0
2022-03-08 00:00:00-05:00,4.489999771118164,4.5,4.449999809265137,4.46999979019165,112400,0.0,0.0
2022-03-09 00:00:00-05:00,4.46999979019165,4.579999923706055,4.440000057220459,4.5,150000,0.0,0.0
2022-03-10 00:00:00-05:00,4.489999771118164,4.489999771118164,4.400000095367432,4.400000095367432,96100,0.0,0.0
2022-03-11 00:00:00-05:00,4.400000095367432,4.510000228881836,4.369999885559082,4.420000076293945,113900,0.0,0.0
2022-03-14 00:00:00-04:00,4.389999866485596,4.449999809265137,4.349999904632568,4.369999885559082,59000,0.0,0.0
2022-03-15 00:00:00-04:00,4.349999904632568,4.380000114440918,4.28000020980835,4.28000020980835,84500,0.0,0.0
2022-03-16 00:00:00-04:00,4.260000228881836,4.349999904632568,4.260000228881836,4.300000190734863,81000,0.0,0.0
2022-03-17 00:00:00-04:00,4.28000020980835,4.380000114440918,4.28000020980835,4.369999885559082,89800,0.0,0.0
2022-03-18 00:00:00-04:00,4.340000152587891,4.409999847412109,4.340000152587891,4.349999904632568,68000,0.0,0.0
2022-03-21 00:00:00-04:00,4.340000152587891,4.349999904632568,4.300000190734863,4.340000152587891,54900,0.0,0.0
2022-03-22 00:00:00-04:00,4.309999942779541,4.349999904632568,4.309999942779541,4.320000171661377,79500,0.0,0.0
2022-03-23 00:00:00-04:00,4.300000190734863,4.340000152587891,4.28000020980835,4.329999923706055,57600,0.0,0.0
2022-03-24 00:00:00-04:00,4.300000190734863,4.340000152587891,4.289999961853027,4.309999942779541,89300,0.0,0.0
2022-03-25 00:00:00-04:00,4.309999942779541,4.309999942779541,4.269999980926514,4.309999942779541,153300,0.0,0.0
2022-03-28 00:00:00-04:00,4.309999942779541,4.340000152587891,4.260000228881836,4.289999961853027,75700,0.0,0.0
2022-03-29 00:00:00-04:00,4.289999961853027,4.320000171661377,4.25,4.309999942779541,61900,0.0,0.0
2022-03-30 00:00:00-04:00,4.309999942779541,4.369999885559082,4.309999942779541,4.329999923706055,123400,0.0,0.0
2022-03-31 00:00:00-04:00,4.360000133514404,4.389999866485596,4.340000152587891,4.389999866485596,180800,0.0,0.0
2022-04-01 00:00:00-04:00,4.380000114440918,4.389999866485596,4.329999923706055,4.340000152587891,90200,0.0,0.0
2022-04-04 00:00:00-04:00,4.329999923706055,4.349999904632568,4.300000190734863,4.309999942779541,84500,0.0,0.0
2022-04-05 00:00:00-04:00,4.300000190734863,4.320000171661377,4.25,4.269999980926514,234700,0.0,0.0
2022-04-06 00:00:00-04:00,4.25,4.25,4.210000038146973,4.230000019073486,60500,0.0,0.0
2022-04-07 00:00:00-04:00,4.230000019073486,4.239999771118164,4.190000057220459,4.199999809265137,68200,0.0,0.0
2022-04-08 00:00:00-04:00,4.179999828338623,4.199999809265137,4.070000171661377,4.119999885559082,309600,0.0,0.0
2022-04-11 00:00:00-04:00,4.110000133514404,4.110000133514404,4.03000020980835,4.03000020980835,214000,0.0,0.0
2022-04-12 00:00:00-04:00,4.039999961853027,4.070000171661377,4.019999980926514,4.050000190734863,173600,0.0,0.0
2022-04-13 00:00:00-04:00,4.050000190734863,4.110000133514404,4.019999980926514,4.079999923706055,187800,0.0,0.0
2022-04-14 00:00:00-04:00,4.059999942779541,4.079999923706055,3.990000009536743,4.010000228881836,276500,0.0,0.0
2022-04-18 00:00:00-04:00,4.0,4.010000228881836,3.9600000381469727,3.990000009536743,221600,0.0,0.0
2022-04-19 00:00:00-04:00,3.9700000286102295,3.990000009536743,3.940000057220459,3.950000047683716,177600,0.0,0.0
2022-04-20 00:00:00-04:00,3.940000057220459,4.03000020980835,3.940000057220459,4.010000228881836,163200,0.0,0.0
2022-04-21 00:00:00-04:00,4.0,4.039999961853027,3.9800000190734863,4.03000020980835,244100,0.0,0.0
2022-04-22 00:00:00-04:00,4.010000228881836,4.03000020980835,3.940000057220459,3.950000047683716,191700,0.0,0.0
2022-04-25 00:00:00-04:00,3.940000057220459,3.9800000190734863,3.880000114440918,3.940000057220459,257700,0.0,0.0
2022-04-26 00:00:00-04:00,3.9200000762939453,3.940000057220459,3.9100000858306885,3.9200000762939453,200400,0.0,0.0
2022-04-27 00:00:00-04:00,3.9100000858306885,3.9600000381469727,3.9100000858306885,3.930000066757202,137400,0.0,0.0
2022-04-28 00:00:00-04:00,3.930000066757202,4.019999980926514,3.9200000762939453,4.010000228881836,209000,0.0,0.0
2022-04-29 00:00:00-04:00,4.010000228881836,4.019999980926514,3.950000047683716,3.9600000381469727,85600,0.0,0.0
2022-05-02 00:00:00-04:00,3.940000057220459,3.990000009536743,3.940000057220459,3.9600000381469727,111800,0.0,0.0
2022-05-03 00:00:00-04:00,3.9600000381469727,3.990000009536743,3.9200000762939453,3.9800000190734863,90100,0.0,0.0
2022-05-04 00:00:00-04:00,3.990000009536743,3.990000009536743,3.9200000762939453,3.950000047683716,113400,0.0,0.0
2022-05-05 00:00:00-04:00,3.9100000858306885,3.940000057220459,3.9000000953674316,3.9200000762939453,148500,0.0,0.0
2022-05-06 00:00:00-04:00,3.9000000953674316,3.990000009536743,3.9000000953674316,3.940000057220459,183200,0.0,0.0
2022-05-09 00:00:00-04:00,3.880000114440918,4.039999961853027,3.880000114440918,4.0,219300,0.0,0.0
2022-05-10 00:00:00-04:00,3.9700000286102295,4.059999942779541,3.890000104904175,3.990000009536743,354700,0.0,0.0
2022-05-11 00:00:00-04:00,3.9600000381469727,4.039999961853027,3.9600000381469727,3.990000009536743,100200,0.0,0.0
2022-05-12 00:00:00-04:00,3.9700000286102295,4.03000020980835,3.950000047683716,3.950000047683716,112600,0.0,0.0
2022-05-13 00:00:00-04:00,3.950000047683716,4.0,3.859999895095825,3.869999885559082,101400,0.0,0.0
2022-05-16 00:00:00-04:00,3.869999885559082,4.0,3.869999885559082,3.950000047683716,100300,0.0,0.0
2022-05-17 00:00:00-04:00,3.930000066757202,3.930000066757202,3.890000104904175,3.9000000953674316,64800,0.0,0.0
2022-05-18 00:00:00-04:00,3.880000114440918,3.880000114440918,3.819999933242798,3.859999895095825,71500,0.0,0.0
2022-05-19 00:00:00-04:00,3.8299999237060547,3.8499999046325684,3.799999952316284,3.809999942779541,77700,0.0,0.0
2022-05-20 00:00:00-04:00,3.809999942779541,3.8299999237060547,3.7699999809265137,3.7899999618530273,128300,0.0,0.0
2022-05-23 00:00:00-04:00,3.809999942779541,3.8299999237060547,3.7899999618530273,3.799999952316284,77600,0.0,0.0
2022-05-24 00:00:00-04:00,3.7899999618530273,3.890000104904175,3.7899999618530273,3.890000104904175,229000,0.0,0.0
2022-05-25 00:00:00-04:00,3.9000000953674316,3.9700000286102295,3.9000000953674316,3.9700000286102295,111600,0.0,0.0
2022-05-26 00:00:00-04:00,3.9700000286102295,4.150000095367432,3.9700000286102295,4.099999904632568,240200,0.0,0.0
2022-05-27 00:00:00-04:00,4.130000114440918,4.190000057220459,4.130000114440918,4.179999828338623,255300,0.0,0.0
2022-05-31 00:00:00-04:00,4.190000057220459,4.25,4.130000114440918,4.239999771118164,174300,0.0,0.0
2022-06-01 00:00:00-04:00,4.21999979019165,4.239999771118164,4.210000038146973,4.210000038146973,207800,0.0,0.0
2022-06-02 00:00:00-04:00,4.210000038146973,4.239999771118164,4.199999809265137,4.21999979019165,151000,0.0,0.0
2022-06-03 00:00:00-04:00,4.190000057220459,4.190000057220459,4.130000114440918,4.139999866485596,58200,0.0,0.0
2022-06-06 00:00:00-04:00,4.139999866485596,4.139999866485596,4.090000152587891,4.090000152587891,62700,0.0,0.0
2022-06-07 00:00:00-04:00,4.079999923706055,4.110000133514404,4.079999923706055,4.099999904632568,78700,0.0,0.0
2022-06-08 00:00:00-04:00,4.079999923706055,4.090000152587891,4.03000020980835,4.039999961853027,170000,0.0,0.0
2022-06-09 00:00:00-04:00,4.010000228881836,4.110000133514404,4.0,4.0,140000,0.0,0.0
2022-06-10 00:00:00-04:00,3.9800000190734863,3.9800000190734863,3.9200000762939453,3.9200000762939453,92700,0.0,0.0
2022-06-13 00:00:00-04:00,3.890000104904175,3.9000000953674316,3.809999942779541,3.8499999046325684,171100,0.0,0.0
2022-06-14 00:00:00-04:00,3.809999942779541,3.8299999237060547,3.7100000381469727,3.7200000286102295,196500,0.0,0.0
2022-06-15 00:00:00-04:00,3.7300000190734863,3.759999990463257,3.619999885559082,3.690000057220459,176100,0.0,0.0
2022-06-16 00:00:00-04:00,3.630000114440918,3.6500000953674316,3.5299999713897705,3.5399999618530273,613500,0.0,0.0
2022-06-17 00:00:00-04:00,3.569999933242798,3.619999885559082,3.559999942779541,3.609999895095825,172900,0.0,0.0
2022-06-21 00:00:00-04:00,3.609999895095825,3.6600000858306885,3.609999895095825,3.640000104904175,229200,0.0,0.0
2022-06-22 00:00:00-04:00,3.5999999046325684,3.630000114440918,3.569999933242798,3.619999885559082,281000,0.0,0.0
2022-06-23 00:00:00-04:00,3.6500000953674316,3.7200000286102295,3.630000114440918,3.6700000762939453,273800,0.0,0.0
2022-06-24 00:00:00-04:00,3.680000066757202,3.7200000286102295,3.6600000858306885,3.6700000762939453,183400,0.0,0.0
2022-06-27 00:00:00-04:00,3.6700000762939453,3.7200000286102295,3.6700000762939453,3.680000066757202,72800,0.0,0.0
2022-06-28 00:00:00-04:00,3.6700000762939453,3.7200000286102295,3.6700000762939453,3.7100000381469727,90600,0.0,0.0
2022-06-29 00:00:00-04:00,3.700000047683716,3.75,3.700000047683716,3.7100000381469727,121300,0.0,0.0
2022-06-30 00:00:00-04:00,3.7300000190734863,3.7699999809265137,3.7100000381469727,3.759999990463257,169000,0.0,0.0
2022-07-01 00:00:00-04:00,3.7799999713897705,3.8499999046325684,3.7799999713897705,3.8299999237060547,237900,0.0,0.0
2022-07-05 00:00:00-04:00,3.819999933242798,3.859999895095825,3.799999952316284,3.859999895095825,116200,0.0,0.0
2022-07-06 00:00:00-04:00,3.880000114440918,3.930000066757202,3.859999895095825,3.9200000762939453,112700,0.0,0.0
2022-07-07 00:00:00-04:00,3.9200000762939453,3.9700000286102295,3.880000114440918,3.950000047683716,75300,0.0,0.0
2022-07-08 00:00:00-04:00,3.950000047683716,3.950000047683716,3.859999895095825,3.930000066757202,139900,0.0,0.0
2022-07-11 00:00:00-04:00,3.9200000762939453,3.9600000381469727,3.9200000762939453,3.940000057220459,65700,0.0,0.0
2022-07-12 00:00:00-04:00,3.930000066757202,4.010000228881836,3.930000066757202,3.9800000190734863,73800,0.0,0.0
2022-07-13 00:00:00-04:00,3.950000047683716,3.9700000286102295,3.940000057220459,3.9600000381469727,66900,0.0,0.0
2022-07-14 00:00:00-04:00,3.940000057220459,3.940000057220459,3.9000000953674316,3.9000000953674316,45900,0.0,0.0
2022-07-15 00:00:00-04:00,3.9200000762939453,3.9600000381469727,3.9000000953674316,3.930000066757202,33800,0.0,0.0
2022-07-18 00:00:00-04:00,3.930000066757202,3.950000047683716,3.9000000953674316,3.9200000762939453,90700,0.0,0.0
2022-07-19 00:00:00-04:00,3.9100000858306885,3.950000047683716,3.9000000953674316,3.9100000858306885,36100,0.0,0.0
2022-07-20 00:00:00-04:00,3.9200000762939453,3.950000047683716,3.9200000762939453,3.930000066757202,55200,0.0,0.0
2022-07-21 00:00:00-04:00,3.930000066757202,3.940000057220459,3.9100000858306885,3.9200000762939453,49100,0.0,0.0
2022-07-22 00:00:00-04:00,3.930000066757202,3.990000009536743,3.880000114440918,3.9200000762939453,148800,0.0,0.0
2022-07-25 00:00:00-04:00,3.9000000953674316,3.930000066757202,3.890000104904175,3.890000104904175,74300,0.0,0.0
2022-07-26 00:00:00-04:00,3.9100000858306885,3.930000066757202,3.9000000953674316,3.9100000858306885,98100,0.0,0.0
2022-07-27 00:00:00-04:00,3.9100000858306885,3.990000009536743,3.9100000858306885,3.9600000381469727,72900,0.0,0.0
2022-07-28 00:00:00-04:00,3.950000047683716,4.039999961853027,3.950000047683716,3.9800000190734863,153200,0.0,0.0
2022-07-29 00:00:00-04:00,4.010000228881836,4.139999866485596,4.0,4.079999923706055,132500,0.0,0.0
2022-08-01 00:00:00-04:00,4.050000190734863,4.159999847412109,4.050000190734863,4.159999847412109,103000,0.0,0.0
2022-08-02 00:00:00-04:00,4.179999828338623,4.199999809265137,4.03000020980835,4.050000190734863,141300,0.0,0.0
2022-08-03 00:00:00-04:00,4.070000171661377,4.090000152587891,3.9800000190734863,4.079999923706055,79400,0.0,0.0
2022-08-04 00:00:00-04:00,4.070000171661377,4.130000114440918,4.059999942779541,4.070000171661377,88800,0.0,0.0
2022-08-05 00:00:00-04:00,4.059999942779541,4.070000171661377,3.9800000190734863,4.010000228881836,182300,0.0,0.0
2022-08-08 00:00:00-04:00,4.050000190734863,4.099999904632568,4.03000020980835,4.079999923706055,70600,0.0,0.0
2022-08-09 00:00:00-04:00,4.050000190734863,4.119999885559082,4.019999980926514,4.090000152587891,51500,0.0,0.0
2022-08-10 00:00:00-04:00,4.119999885559082,4.159999847412109,4.079999923706055,4.130000114440918,103100,0.0,0.0
2022-08-11 00:00:00-04:00,4.119999885559082,4.21999979019165,4.110000133514404,4.119999885559082,101500,0.0,0.0
2022-08-12 00:00:00-04:00,4.159999847412109,4.21999979019165,4.079999923706055,4.139999866485596,78000,0.0,0.0
2022-08-15 00:00:00-04:00,4.110000133514404,4.409999847412109,4.079999923706055,4.159999847412109,82400,0.0,0.0
2022-08-16 00:00:00-04:00,4.119999885559082,4.159999847412109,4.059999942779541,4.070000171661377,44600,0.0,0.0
2022-08-17 00:00:00-04:00,4.039999961853027,4.039999961853027,3.9700000286102295,4.0,88600,0.0,0.0
2022-08-18 00:00:00-04:00,4.0,4.010000228881836,3.9600000381469727,4.010000228881836,46100,0.0,0.0
2022-08-19 00:00:00-04:00,4.0,4.070000171661377,3.9000000953674316,3.930000066757202,88200,0.0,0.0
2022-08-22 00:00:00-04:00,3.930000066757202,3.9700000286102295,3.869999885559082,3.890000104904175,100200,0.0,0.0
2022-08-23 00:00:00-04:00,3.890000104904175,3.9800000190734863,3.8399999141693115,3.9700000286102295,126400,0.0,0.0
2022-08-24 00:00:00-04:00,3.9600000381469727,3.9800000190734863,3.930000066757202,3.940000057220459,41000,0.0,0.0
2022-08-25 00:00:00-04:00,3.950000047683716,3.950000047683716,3.890000104904175,3.9200000762939453,97600,0.0,0.0
2022-08-26 00:00:00-04:00,3.9200000762939453,3.950000047683716,3.9000000953674316,3.9200000762939453,128800,0.0,0.0
2022-08-29 00:00:00-04:00,3.9200000762939453,3.930000066757202,3.880000114440918,3.890000104904175,116200,0.0,0.0
2022-08-30 00:00:00-04:00,3.880000114440918,3.890000104904175,3.809999942779541,3.809999942779541,91700,0.0,0.0
2022-08-31 00:00:00-04:00,3.8399999141693115,3.859999895095825,3.809999942779541,3.8399999141693115,68400,0.0,0.0
2022-09-01 00:00:00-04:00,3.8399999141693115,3.8399999141693115,3.799999952316284,3.799999952316284,294200,0.0,0.0
2022-09-02 00:00:00-04:00,3.799999952316284,3.8299999237060547,3.799999952316284,3.809999942779541,40300,0.0,0.0
2022-09-06 00:00:00-04:00,3.7799999713897705,3.8299999237060547,3.740000009536743,3.819999933242798,141900,0.0,0.0
2022-09-07 00:00:00-04:00,3.809999942779541,3.819999933242798,3.799999952316284,3.799999952316284,59100,0.0,0.0
2022-09-08 00:00:00-04:00,3.7899999618530273,3.890000104904175,3.7899999618530273,3.8299999237060547,127600,0.0,0.0
2022-09-09 00:00:00-04:00,3.819999933242798,3.8399999141693115,3.7300000190734863,3.75,71300,0.0,0.0
2022-09-12 00:00:00-04:00,3.75,3.7799999713897705,3.690000057220459,3.7200000286102295,226200,0.0,0.0
2022-09-13 00:00:00-04:00,3.680000066757202,3.690000057220459,3.619999885559082,3.680000066757202,55100,0.0,0.0
2022-09-14 00:00:00-04:00,3.690000057220459,3.690000057220459,3.640000104904175,3.6700000762939453,32700,0.0,0.0
2022-09-15 00:00:00-04:00,3.640000104904175,3.680000066757202,3.630000114440918,3.640000104904175,92400,0.0,0.0
2022-09-16 00:00:00-04:00,3.6500000953674316,3.6500000953674316,3.619999885559082,3.630000114440918,39500,0.0,0.0
2022-09-19 00:00:00-04:00,3.5999999046325684,3.630000114440918,3.5999999046325684,3.5999999046325684,56800,0.0,0.0
2022-09-20 00:00:00-04:00,3.5799999237060547,3.5899999141693115,3.5399999618530273,3.549999952316284,41600,0.0,0.0
2022-09-21 00:00:00-04:00,3.549999952316284,3.680000066757202,3.549999952316284,3.559999942779541,96900,0.0,0.0
2022-09-22 00:00:00-04:00,3.5399999618530273,3.569999933242798,3.5299999713897705,3.5399999618530273,43200,0.0,0.0
2022-09-23 00:00:00-04:00,3.509999990463257,3.549999952316284,3.4800000190734863,3.5199999809265137,70300,0.0,0.0
2022-09-26 00:00:00-04:00,3.4700000286102295,3.5,3.4000000953674316,3.4100000858306885,90500,0.0,0.0
2022-09-27 00:00:00-04:00,3.4200000762939453,3.4200000762939453,3.3499999046325684,3.369999885559082,132800,0.0,0.0
2022-09-28 00:00:00-04:00,3.380000114440918,3.440000057220459,3.359999895095825,3.4100000858306885,117000,0.0,0.0
2022-09-29 00:00:00-04:00,3.380000114440918,3.4100000858306885,3.309999942779541,3.3399999141693115,129600,0.0,0.0
2022-09-30 00:00:00-04:00,3.369999885559082,3.390000104904175,3.319999933242798,3.369999885559082,76500,0.0,0.0
2022-10-03 00:00:00-04:00,3.369999885559082,3.4600000381469727,3.3299999237060547,3.3299999237060547,153900,0.0,0.0
2022-10-04 00:00:00-04:00,3.3499999046325684,3.4100000858306885,3.3499999046325684,3.380000114440918,126900,0.0,0.0
2022-10-05 00:00:00-04:00,3.369999885559082,3.4100000858306885,3.3499999046325684,3.380000114440918,147000,0.0,0.0
2022-10-06 00:00:00-04:00,3.369999885559082,3.4000000953674316,3.369999885559082,3.390000104904175,88500,0.0,0.0
2022-10-07 00:00:00-04:00,3.380000114440918,3.390000104904175,3.359999895095825,3.390000104904175,66100,0.0,0.0
2022-10-10 00:00:00-04:00,3.380000114440918,3.4600000381469727,3.3299999237060547,3.359999895095825,75600,0.0,0.0
2022-10-11 00:00:00-04:00,3.359999895095825,3.4000000953674316,3.3499999046325684,3.369999885559082,21900,0.0,0.0
2022-10-12 00:00:00-04:00,3.359999895095825,3.380000114440918,3.359999895095825,3.359999895095825,36600,0.0,0.0
2022-10-13 00:00:00-04:00,3.3299999237060547,3.3499999046325684,3.309999942779541,3.3399999141693115,50500,0.0,0.0
2022-10-14 00:00:00-04:00,3.3399999141693115,3.359999895095825,3.319999933242798,3.3499999046325684,58000,0.0,0.0
2022-10-17 00:00:00-04:00,3.380000114440918,3.380000114440918,3.309999942779541,3.319999933242798,60600,0.0,0.0
2022-10-18 00:00:00-04:00,3.309999942779541,3.3499999046325684,3.309999942779541,3.3299999237060547,44700,0.0,0.0
2022-10-19 00:00:00-04:00,3.3299999237060547,3.3499999046325684,3.299999952316284,3.3299999237060547,117000,0.0,0.0
2022-10-20 00:00:00-04:00,3.309999942779541,3.359999895095825,3.309999942779541,3.359999895095825,112500,0.0,0.0
2022-10-21 00:00:00-04:00,3.3399999141693115,3.359999895095825,3.309999942779541,3.3499999046325684,229200,0.0,0.0
2022-10-24 00:00:00-04:00,3.3399999141693115,3.3399999141693115,3.240000009536743,3.25,121200,0.0,0.0
2022-10-25 00:00:00-04:00,3.25,3.299999952316284,3.240000009536743,3.299999952316284,127800,0.0,0.0
2022-10-26 00:00:00-04:00,3.299999952316284,3.299999952316284,3.2699999809265137,3.2799999713897705,49400,0.0,0.0
2022-10-27 00:00:00-04:00,3.259999990463257,3.309999942779541,3.240000009536743,3.25,57600,0.0,0.0
2022-10-28 00:00:00-04:00,3.2300000190734863,3.299999952316284,3.140000104904175,3.2200000286102295,173700,0.0,0.0
2022-10-31 00:00:00-04:00,3.25,3.2799999713897705,3.2300000190734863,3.2799999713897705,115600,0.0,0.0
2022-11-01 00:00:00-04:00,3.2799999713897705,3.319999933242798,3.259999990463257,3.2899999618530273,152300,0.0,0.0
2022-11-02 00:00:00-04:00,3.299999952316284,3.319999933242798,3.25,3.2699999809265137,61000,0.0,0.0
2022-11-03 00:00:00-04:00,3.25,3.2799999713897705,3.25,3.2699999809265137,37500,0.0,0.0
2022-11-04 00:00:00-04:00,3.2699999809265137,3.309999942779541,3.259999990463257,3.2699999809265137,56700,0.0,0.0
2022-11-07 00:00:00-05:00,3.2899999618530273,3.2899999618530273,3.2100000381469727,3.2699999809265137,150800,0.0,0.0
2022-11-08 00:00:00-05:00,3.25,3.2699999809265137,3.200000047683716,3.2200000286102295,264400,0.0,0.0
2022-11-09 00:00:00-05:00,3.200000047683716,3.259999990463257,3.200000047683716,3.2200000286102295,124400,0.0,0.0
2022-11-10 00:00:00-05:00,3.2699999809265137,3.309999942779541,3.259999990463257,3.299999952316284,185900,0.0,0.0
2022-11-11 00:00:00-05:00,3.299999952316284,3.369999885559082,3.2899999618530273,3.3299999237060547,139700,0.0,0.0
2022-11-14 00:00:00-05:00,3.3399999141693115,3.3399999141693115,3.299999952316284,3.319999933242798,174200,0.0,0.0
2022-11-15 00:00:00-05:00,3.3399999141693115,3.380000114440918,3.319999933242798,3.3299999237060547,175300,0.0,0.0
2022-11-16 00:00:00-05:00,3.3299999237060547,3.390000104904175,3.3299999237060547,3.380000114440918,142700,0.0,0.0
2022-11-17 00:00:00-05:00,3.359999895095825,3.430000066757202,3.359999895095825,3.390000104904175,103500,0.0,0.0
2022-11-18 00:00:00-05:00,3.390000104904175,3.430000066757202,3.390000104904175,3.4000000953674316,117500,0.0,0.0
2022-11-21 00:00:00-05:00,3.4000000953674316,3.4600000381469727,3.4000000953674316,3.450000047683716,179800,0.0,0.0
2022-11-22 00:00:00-05:00,3.450000047683716,3.5299999713897705,3.450000047683716,3.5199999809265137,168600,0.0,0.0
2022-11-23 00:00:00-05:00,3.509999990463257,3.619999885559082,3.5,3.5399999618530273,155800,0.0,0.0
2022-11-25 00:00:00-05:00,3.5399999618530273,3.559999942779541,3.5399999618530273,3.549999952316284,25100,0.0,0.0
2022-11-28 00:00:00-05:00,3.5299999713897705,3.609999895095825,3.5,3.509999990463257,237200,0.0,0.0
2022-11-29 00:00:00-05:00,3.509999990463257,3.5999999046325684,3.509999990463257,3.5899999141693115,183400,0.0,0.0
2022-11-30 00:00:00-05:00,3.5999999046325684,3.6700000762939453,3.5899999141693115,3.6700000762939453,177500,0.0,0.0
2022-12-01 00:00:00-05:00,3.6600000858306885,3.7200000286102295,3.640000104904175,3.700000047683716,167100,0.0,0.0
2022-12-02 00:00:00-05:00,3.700000047683716,3.7200000286102295,3.6700000762939453,3.680000066757202,113400,0.0,0.0
2022-12-05 00:00:00-05:00,3.6700000762939453,3.690000057220459,3.609999895095825,3.640000104904175,169000,0.0,0.0
2022-12-06 00:00:00-05:00,3.619999885559082,3.690000057220459,3.619999885559082,3.630000114440918,110400,0.0,0.0
2022-12-07 00:00:00-05:00,3.630000114440918,3.6500000953674316,3.5799999237060547,3.630000114440918,171000,0.0,0.0
2022-12-08 00:00:00-05:00,3.619999885559082,3.630000114440918,3.5899999141693115,3.5899999141693115,106400,0.0,0.0
2022-12-09 00:00:00-05:00,3.569999933242798,3.5899999141693115,3.549999952316284,3.569999933242798,164500,0.0,0.0
2022-12-12 00:00:00-05:00,3.5799999237060547,3.680000066757202,3.549999952316284,3.640000104904175,168000,0.0,0.0
2022-12-13 00:00:00-05:00,3.680000066757202,3.690000057220459,3.5899999141693115,3.5999999046325684,105500,0.0,0.0
2022-12-14 00:00:00-05:00,3.5799999237060547,3.5999999046325684,3.549999952316284,3.549999952316284,198700,0.0,0.0
2022-12-15 00:00:00-05:00,3.5299999713897705,3.559999942779541,3.5199999809265137,3.5399999618530273,335400,0.0,0.0
2022-12-16 00:00:00-05:00,3.490000009536743,3.630000114440918,3.490000009536743,3.549999952316284,289900,0.0,0.0
2022-12-19 00:00:00-05:00,3.5299999713897705,3.5899999141693115,3.5199999809265137,3.5399999618530273,221900,0.0,0.0
2022-12-20 00:00:00-05:00,3.5199999809265137,3.559999942779541,3.5,3.5199999809265137,402400,0.0,0.0
2022-12-21 00:00:00-05:00,3.509999990463257,3.549999952316284,3.4800000190734863,3.5,242400,0.0,0.0
2022-12-22 00:00:00-05:00,3.4700000286102295,3.5,3.440000057220459,3.4800000190734863,361100,0.0,0.0
2022-12-23 00:00:00-05:00,3.4800000190734863,3.5,3.4700000286102295,3.4800000190734863,203400,0.0,0.0
2022-12-27 00:00:00-05:00,3.450000047683716,3.549999952316284,3.450000047683716,3.4700000286102295,99700,0.0,0.0
2022-12-28 00:00:00-05:00,3.440000057220459,3.5199999809265137,3.440000057220459,3.490000009536743,298800,0.0,0.0
2022-12-29 00:00:00-05:00,3.4800000190734863,3.509999990463257,3.450000047683716,3.4700000286102295,210900,0.0,0.0
2022-12-30 00:00:00-05:00,3.4800000190734863,3.509999990463257,3.4600000381469727,3.490000009536743,339200,0.0,0.0
2023-01-03 00:00:00-05:00,3.5399999618530273,3.5799999237060547,3.509999990463257,3.5299999713897705,120800,0.0,0.0
2023-01-04 00:00:00-05:00,3.5199999809265137,3.549999952316284,3.5,3.5199999809265137,138800,0.0,0.0
2023-01-05 00:00:00-05:00,3.5199999809265137,3.559999942779541,3.490000009536743,3.5299999713897705,152100,0.0,0.0
2023-01-06 00:00:00-05:00,3.5299999713897705,3.6700000762939453,3.5299999713897705,3.6600000858306885,278300,0.0,0.0
2023-01-09 00:00:00-05:00,3.6600000858306885,3.690000057220459,3.6500000953674316,3.6600000858306885,87300,0.0,0.0
2023-01-10 00:00:00-05:00,3.640000104904175,3.6500000953674316,3.5999999046325684,3.619999885559082,48600,0.0,0.0
2023-01-11 00:00:00-05:00,3.619999885559082,3.690000057220459,3.619999885559082,3.640000104904175,101800,0.0,0.0
2023-01-12 00:00:00-05:00,3.6500000953674316,3.680000066757202,3.609999895095825,3.640000104904175,141300,0.0,0.0
2023-01-13 00:00:00-05:00,3.609999895095825,3.6500000953674316,3.609999895095825,3.609999895095825,116400,0.0,0.0
2023-01-17 00:00:00-05:00,3.5999999046325684,3.640000104904175,3.5899999141693115,3.609999895095825,165300,0.0,0.0
2023-01-18 00:00:00-05:00,3.640000104904175,3.690000057220459,3.630000114440918,3.6500000953674316,82600,0.0,0.0
2023-01-19 00:00:00-05:00,3.6500000953674316,3.690000057220459,3.6500000953674316,3.6600000858306885,87000,0.0,0.0
2023-01-20 00:00:00-05:00,3.6600000858306885,3.7300000190734863,3.6600000858306885,3.7300000190734863,55700,0.0,0.0
2023-01-23 00:00:00-05:00,3.700000047683716,3.759999990463257,3.700000047683716,3.7300000190734863,121800,0.0,0.0
2023-01-24 00:00:00-05:00,3.7699999809265137,3.7699999809265137,3.7100000381469727,3.7300000190734863,36900,0.0,0.0
2023-01-25 00:00:00-05:00,3.700000047683716,3.740000009536743,3.690000057220459,3.740000009536743,33800,0.0,0.0
2023-01-26 00:00:00-05:00,3.7200000286102295,3.7300000190734863,3.700000047683716,3.7100000381469727,67800,0.0,0.0
2023-01-27 00:00:00-05:00,3.7100000381469727,3.7200000286102295,3.690000057220459,3.7100000381469727,34100,0.0,0.0
2023-01-30 00:00:00-05:00,3.690000057220459,3.740000009536743,3.690000057220459,3.7100000381469727,34700,0.0,0.0
2023-01-31 00:00:00-05:00,3.740000009536743,3.75,3.7100000381469727,3.740000009536743,44900,0.0,0.0
2023-02-01 00:00:00-05:00,3.7300000190734863,3.759999990463257,3.7100000381469727,3.75,65300,0.0,0.0
2023-02-02 00:00:00-05:00,3.75,3.809999942779541,3.740000009536743,3.7899999618530273,88300,0.0,0.0
2023-02-03 00:00:00-05:00,3.759999990463257,3.7799999713897705,3.75,3.75,36700,0.0,0.0
2023-02-06 00:00:00-05:00,3.740000009536743,3.740000009536743,3.7100000381469727,3.7100000381469727,11600,0.0,0.0
2023-02-07 00:00:00-05:00,3.700000047683716,3.759999990463257,3.700000047683716,3.7300000190734863,26100,0.0,0.0
2023-02-08 00:00:00-05:00,3.7300000190734863,3.7799999713897705,3.7300000190734863,3.759999990463257,45100,0.0,0.0
2023-02-09 00:00:00-05:00,3.75,3.7899999618530273,3.740000009536743,3.740000009536743,84500,0.0,0.0
2023-02-10 00:00:00-05:00,3.75,3.7799999713897705,3.7200000286102295,3.75,71500,0.0,0.0
2023-02-13 00:00:00-05:00,3.7300000190734863,3.740000009536743,3.7200000286102295,3.7200000286102295,47500,0.0,0.0
2023-02-14 00:00:00-05:00,3.700000047683716,3.700000047683716,3.6500000953674316,3.6600000858306885,74300,0.0,0.0
2023-02-15 00:00:00-05:00,3.6600000858306885,3.6600000858306885,3.619999885559082,3.6500000953674316,119200,0.0,0.0
2023-02-16 00:00:00-05:00,3.640000104904175,3.640000104904175,3.5899999141693115,3.5899999141693115,64800,0.0,0.0
2023-02-17 00:00:00-05:00,3.5799999237060547,3.630000114440918,3.5799999237060547,3.619999885559082,99800,0.0,0.0
2023-02-21 00:00:00-05:00,3.5899999141693115,3.5899999141693115,3.5299999713897705,3.5299999713897705,54000,0.0,0.0
2023-02-22 00:00:00-05:00,3.5199999809265137,3.549999952316284,3.4700000286102295,3.4800000190734863,83300,0.0,0.0
2023-02-23 00:00:00-05:00,3.5,3.509999990463257,3.4800000190734863,3.509999990463257,81800,0.0,0.0
2023-02-24 00:00:00-05:00,3.5,3.509999990463257,3.4600000381469727,3.4600000381469727,75600,0.0,0.0
2023-02-27 00:00:00-05:00,3.4600000381469727,3.509999990463257,3.450000047683716,3.509999990463257,55700,0.0,0.0
2023-02-28 00:00:00-05:00,3.5299999713897705,3.549999952316284,3.5,3.549999952316284,50200,0.0,0.0
2023-03-01 00:00:00-05:00,3.5399999618530273,3.5399999618530273,3.440000057220459,3.490000009536743,108800,0.0,0.0
2023-03-02 00:00:00-05:00,3.4600000381469727,3.4600000381469727,3.4200000762939453,3.430000066757202,171900,0.0,0.0
2023-03-03 00:00:00-05:00,3.440000057220459,3.4800000190734863,3.440000057220459,3.4700000286102295,89200,0.0,0.0
2023-03-06 00:00:00-05:00,3.4700000286102295,3.4800000190734863,3.440000057220459,3.440000057220459,20700,0.0,0.0
2023-03-07 00:00:00-05:00,3.430000066757202,3.4600000381469727,3.430000066757202,3.430000066757202,73200,0.0,0.0
2023-03-08 00:00:00-05:00,3.450000047683716,3.4600000381469727,3.430000066757202,3.450000047683716,27600,0.0,0.0
2023-03-09 00:00:00-05:00,3.440000057220459,3.5199999809265137,3.4200000762939453,3.4200000762939453,137800,0.0,0.0
2023-03-10 00:00:00-05:00,3.440000057220459,3.4700000286102295,3.430000066757202,3.430000066757202,41500,0.0,0.0
2023-03-13 00:00:00-04:00,3.4800000190734863,3.5299999713897705,3.450000047683716,3.4700000286102295,128300,0.0,0.0
2023-03-14 00:00:00-04:00,3.450000047683716,3.5,3.450000047683716,3.4700000286102295,11300,0.0,0.0
2023-03-15 00:00:00-04:00,3.4800000190734863,3.5299999713897705,3.4800000190734863,3.5199999809265137,31000,0.0,0.0
2023-03-16 00:00:00-04:00,3.5399999618530273,3.559999942779541,3.509999990463257,3.5299999713897705,72500,0.0,0.0
2023-03-17 00:00:00-04:00,3.5299999713897705,3.5299999713897705,3.4700000286102295,3.4800000190734863,47300,0.0,0.0
2023-03-20 00:00:00-04:00,3.490000009536743,3.549999952316284,3.4700000286102295,3.4800000190734863,95000,0.0,0.0
2023-03-21 00:00:00-04:00,3.490000009536743,3.5199999809265137,3.4700000286102295,3.490000009536743,111500,0.0,0.0
2023-03-22 00:00:00-04:00,3.4800000190734863,3.509999990463257,3.440000057220459,3.4700000286102295,92200,0.0,0.0
2023-03-23 00:00:00-04:00,3.4600000381469727,3.5,3.450000047683716,3.4800000190734863,89400,0.0,0.0
2023-03-24 00:00:00-04:00,3.4600000381469727,3.5399999618530273,3.4600000381469727,3.4800000190734863,93700,0.0,0.0
2023-03-27 00:00:00-04:00,3.4600000381469727,3.5199999809265137,3.450000047683716,3.4700000286102295,100100,0.0,0.0
2023-03-28 00:00:00-04:00,3.4600000381469727,3.549999952316284,3.4600000381469727,3.5,127100,0.0,0.0
2023-03-29 00:00:00-04:00,3.490000009536743,3.5299999713897705,3.490000009536743,3.509999990463257,44100,0.0,0.0
2023-03-30 00:00:00-04:00,3.509999990463257,3.559999942779541,3.509999990463257,3.549999952316284,28300,0.0,0.0
2023-03-31 00:00:00-04:00,3.5899999141693115,3.6500000953674316,3.5799999237060547,3.6500000953674316,42000,0.0,0.0
2023-04-03 00:00:00-04:00,3.630000114440918,3.640000104904175,3.549999952316284,3.559999942779541,63400,0.0,0.0
2023-04-04 00:00:00-04:00,3.5399999618530273,3.569999933242798,3.5199999809265137,3.5199999809265137,87300,0.0,0.0
2023-04-05 00:00:00-04:00,3.5299999713897705,3.559999942779541,3.5199999809265137,3.549999952316284,53800,0.0,0.0
2023-04-06 00:00:00-04:00,3.5399999618530273,3.5799999237060547,3.5399999618530273,3.569999933242798,61300,0.0,0.0
2023-04-10 00:00:00-04:00,3.5299999713897705,3.5799999237060547,3.5299999713897705,3.559999942779541,81500,0.0,0.0
2023-04-11 00:00:00-04:00,3.559999942779541,3.609999895095825,3.559999942779541,3.5799999237060547,45900,0.0,0.0
2023-04-12 00:00:00-04:00,3.5799999237060547,3.630000114440918,3.5799999237060547,3.5899999141693115,93100,0.0,0.0
2023-04-13 00:00:00-04:00,3.5799999237060547,3.609999895095825,3.5799999237060547,3.5899999141693115,43400,0.0,0.0
2023-04-14 00:00:00-04:00,3.5799999237060547,3.5999999046325684,3.5799999237060547,3.5799999237060547,69400,0.0,0.0
2023-04-17 00:00:00-04:00,3.5799999237060547,3.5999999046325684,3.569999933242798,3.5999999046325684,47400,0.0,0.0
2023-04-18 00:00:00-04:00,3.5899999141693115,3.5899999141693115,3.559999942779541,3.569999933242798,55500,0.0,0.0
2023-04-19 00:00:00-04:00,3.5399999618530273,3.549999952316284,3.509999990463257,3.5299999713897705,60600,0.0,0.0
2023-04-20 00:00:00-04:00,3.5199999809265137,3.559999942779541,3.5,3.509999990463257,46200,0.0,0.0
2023-04-21 00:00:00-04:00,3.509999990463257,3.569999933242798,3.450000047683716,3.5,99100,0.0,0.0
2023-04-24 00:00:00-04:00,3.5199999809265137,3.5799999237060547,3.5199999809265137,3.5299999713897705,62900,0.0,0.0
2023-04-25 00:00:00-04:00,3.5399999618530273,3.569999933242798,3.5,3.5,61800,0.0,0.0
2023-04-26 00:00:00-04:00,3.490000009536743,3.5299999713897705,3.490000009536743,3.509999990463257,30900,0.0,0.0
2023-04-27 00:00:00-04:00,3.509999990463257,3.5299999713897705,3.490000009536743,3.509999990463257,62000,0.0,0.0
2023-04-28 00:00:00-04:00,3.5399999618530273,3.549999952316284,3.509999990463257,3.5299999713897705,53500,0.0,0.0
2023-05-01 00:00:00-04:00,3.5199999809265137,3.5199999809265137,3.4700000286102295,3.4700000286102295,62400,0.0,0.0
2023-05-02 00:00:00-04:00,3.4800000190734863,3.5,3.4700000286102295,3.4800000190734863,89800,0.0,0.0
2023-05-03 00:00:00-04:00,3.4700000286102295,3.5199999809265137,3.4700000286102295,3.4800000190734863,94100,0.0,0.0
2023-05-04 00:00:00-04:00,3.490000009536743,3.5,3.4700000286102295,3.4800000190734863,68600,0.0,0.0
2023-05-05 00:00:00-04:00,3.4700000286102295,3.5299999713897705,3.4700000286102295,3.490000009536743,56600,0.0,0.0
2023-05-08 00:00:00-04:00,3.5199999809265137,3.5299999713897705,3.4800000190734863,3.5,44500,0.0,0.0
2023-05-09 00:00:00-04:00,3.490000009536743,3.509999990463257,3.490000009536743,3.5,46000,0.0,0.0
2023-05-10 00:00:00-04:00,3.509999990463257,3.619999885559082,3.5,3.549999952316284,93000,0.0,0.0
2023-05-11 00:00:00-04:00,3.559999942779541,3.559999942779541,3.5199999809265137,3.5199999809265137,29000,0.0,0.0
2023-05-12 00:00:00-04:00,3.5199999809265137,3.549999952316284,3.509999990463257,3.549999952316284,46600,0.0,0.0
2023-05-15 00:00:00-04:00,3.5299999713897705,3.559999942779541,3.5299999713897705,3.549999952316284,79400,0.0,0.0
2023-05-16 00:00:00-04:00,3.5299999713897705,3.5799999237060547,3.5299999713897705,3.5399999618530273,50000,0.0,0.0
2023-05-17 00:00:00-04:00,3.5299999713897705,3.5399999618530273,3.509999990463257,3.5199999809265137,49200,0.0,0.0
2023-05-18 00:00:00-04:00,3.5,3.5199999809265137,3.5,3.5,14900,0.0,0.0
2023-05-19 00:00:00-04:00,3.4800000190734863,3.5,3.4800000190734863,3.490000009536743,29900,0.0,0.0
2023-05-22 00:00:00-04:00,3.4700000286102295,3.4800000190734863,3.4600000381469727,3.4600000381469727,10700,0.0,0.0
2023-05-23 00:00:00-04:00,3.440000057220459,3.509999990463257,3.4200000762939453,3.440000057220459,74200,0.0,0.0
2023-05-24 00:00:00-04:00,3.430000066757202,3.430000066757202,3.359999895095825,3.359999895095825,98500,0.0,0.0
2023-05-25 00:00:00-04:00,3.369999885559082,3.4000000953674316,3.369999885559082,3.390000104904175,45400,0.0,0.0
2023-05-26 00:00:00-04:00,3.390000104904175,3.4100000858306885,3.390000104904175,3.390000104904175,720400,0.0,0.0
2023-05-30 00:00:00-04:00,3.4000000953674316,3.440000057220459,3.4000000953674316,3.440000057220459,43300,0.0,0.0
2023-05-31 00:00:00-04:00,3.4600000381469727,3.4800000190734863,3.450000047683716,3.4800000190734863,27000,0.0,0.0
2023-06-01 00:00:00-04:00,3.4600000381469727,3.5199999809265137,3.4600000381469727,3.490000009536743,49500,0.0,0.0
2023-06-02 00:00:00-04:00,3.490000009536743,3.509999990463257,3.440000057220459,3.4600000381469727,49700,0.0,0.0
2023-06-05 00:00:00-04:00,3.440000057220459,3.4800000190734863,3.440000057220459,3.4700000286102295,66400,0.0,0.0
2023-06-06 00:00:00-04:00,3.4600000381469727,3.490000009536743,3.450000047683716,3.4600000381469727,71400,0.0,0.0
2023-06-07 00:00:00-04:00,3.4800000190734863,3.5299999713897705,3.4700000286102295,3.5299999713897705,63600,0.0,0.0
2023-06-08 00:00:00-04:00,3.509999990463257,3.5399999618530273,3.5,3.509999990463257,9800,0.0,0.0
2023-06-09 00:00:00-04:00,3.5,3.609999895095825,3.5,3.5399999618530273,57000,0.0,0.0
2023-06-12 00:00:00-04:00,3.569999933242798,3.569999933242798,3.5,3.549999952316284,34700,0.0,0.0
2023-06-13 00:00:00-04:00,3.5399999618530273,3.549999952316284,3.4800000190734863,3.5,48900,0.0,0.0
2023-06-14 00:00:00-04:00,3.5,3.5,3.4600000381469727,3.5,75100,0.0,0.0
2023-06-15 00:00:00-04:00,3.5,3.509999990463257,3.4800000190734863,3.490000009536743,55800,0.0,0.0
2023-06-16 00:00:00-04:00,3.4800000190734863,3.5,3.450000047683716,3.4700000286102295,168100,0.0,0.0
2023-06-20 00:00:00-04:00,3.440000057220459,3.5,3.440000057220459,3.4600000381469727,100400,0.0,0.0
2023-06-21 00:00:00-04:00,3.450000047683716,3.4700000286102295,3.440000057220459,3.450000047683716,93100,0.0,0.0
2023-06-22 00:00:00-04:00,3.4600000381469727,3.4700000286102295,3.440000057220459,3.450000047683716,71100,0.0,0.0
2023-06-23 00:00:00-04:00,3.4700000286102295,3.5,3.4600000381469727,3.490000009536743,77000,0.0,0.0
2023-06-26 00:00:00-04:00,3.5,3.509999990463257,3.490000009536743,3.5,53800,0.0,0.0
2023-06-27 00:00:00-04:00,3.5,3.5299999713897705,3.490000009536743,3.509999990463257,83000,0.0,0.0
2023-06-28 00:00:00-04:00,3.509999990463257,3.549999952316284,3.490000009536743,3.5299999713897705,54400,0.0,0.0
2023-06-29 00:00:00-04:00,3.509999990463257,3.5299999713897705,3.4600000381469727,3.5,127500,0.0,0.0
2023-06-30 00:00:00-04:00,3.5399999618530273,3.549999952316284,3.4600000381469727,3.4800000190734863,73600,0.0,0.0
2023-07-03 00:00:00-04:00,3.4800000190734863,3.509999990463257,3.4800000190734863,3.5,44500,0.0,0.0
2023-07-05 00:00:00-04:00,3.490000009536743,3.509999990463257,3.4700000286102295,3.4700000286102295,80500,0.0,0.0
2023-07-06 00:00:00-04:00,3.4600000381469727,3.4700000286102295,3.430000066757202,3.440000057220459,96800,0.0,0.0
2023-07-07 00:00:00-04:00,3.430000066757202,3.4600000381469727,3.430000066757202,3.440000057220459,59300,0.0,0.0
2023-07-10 00:00:00-04:00,3.490000009536743,3.490000009536743,3.430000066757202,3.4700000286102295,120000,0.0,0.0
2023-07-11 00:00:00-04:00,3.450000047683716,3.5299999713897705,3.450000047683716,3.490000009536743,76600,0.0,0.0
2023-07-12 00:00:00-04:00,3.5,3.5199999809265137,3.4800000190734863,3.5,49500,0.0,0.0
2023-07-13 00:00:00-04:00,3.4800000190734863,3.5199999809265137,3.4800000190734863,3.509999990463257,40300,0.0,0.0
2023-07-14 00:00:00-04:00,3.5,3.5299999713897705,3.5,3.5299999713897705,89000,0.0,0.0
2023-07-17 00:00:00-04:00,3.509999990463257,3.569999933242798,3.5,3.5399999618530273,154500,0.0,0.0
2023-07-18 00:00:00-04:00,3.509999990463257,3.5399999618530273,3.509999990463257,3.509999990463257,34100,0.0,0.0
2023-07-19 00:00:00-04:00,3.5199999809265137,3.5399999618530273,3.5199999809265137,3.5399999618530273,58500,0.0,0.0
2023-07-20 00:00:00-04:00,3.5199999809265137,3.559999942779541,3.5199999809265137,3.5399999618530273,139900,0.0,0.0
2023-07-21 00:00:00-04:00,3.5199999809265137,3.5999999046325684,3.5199999809265137,3.549999952316284,150200,0.0,0.0
2023-07-24 00:00:00-04:00,3.5399999618530273,3.5899999141693115,3.5399999618530273,3.549999952316284,85000,0.0,0.0
2023-07-25 00:00:00-04:00,3.549999952316284,3.569999933242798,3.5399999618530273,3.5399999618530273,92800,0.0,0.0
2023-07-26 00:00:00-04:00,3.5299999713897705,3.5799999237060547,3.5299999713897705,3.559999942779541,70700,0.0,0.0
2023-07-27 00:00:00-04:00,3.569999933242798,3.569999933242798,3.5199999809265137,3.5299999713897705,86200,0.0,0.0
2023-07-28 00:00:00-04:00,3.559999942779541,3.6500000953674316,3.5199999809265137,3.5199999809265137,117500,0.0,0.0
2023-07-31 00:00:00-04:00,3.5999999046325684,3.6600000858306885,3.5799999237060547,3.640000104904175,135500,0.0,0.0
2023-08-01 00:00:00-04:00,3.640000104904175,3.6500000953674316,3.569999933242798,3.5799999237060547,159000,0.0,0.0
2023-08-02 00:00:00-04:00,3.569999933242798,3.569999933242798,3.5,3.5,79800,0.0,0.0
2023-08-03 00:00:00-04:00,3.490000009536743,3.5,3.440000057220459,3.440000057220459,115800,0.0,0.0
2023-08-04 00:00:00-04:00,3.440000057220459,3.509999990463257,3.440000057220459,3.509999990463257,28200,0.0,0.0
2023-08-07 00:00:00-04:00,3.5199999809265137,3.5199999809265137,3.4600000381469727,3.4800000190734863,75400,0.0,0.0
2023-08-08 00:00:00-04:00,3.4700000286102295,3.5199999809265137,3.450000047683716,3.509999990463257,88900,0.0,0.0
2023-08-09 00:00:00-04:00,3.509999990463257,3.5399999618530273,3.4600000381469727,3.4600000381469727,67700,0.0,0.0
2023-08-10 00:00:00-04:00,3.4700000286102295,3.509999990463257,3.4700000286102295,3.4800000190734863,48300,0.0,0.0
2023-08-11 00:00:00-04:00,3.490000009536743,3.5199999809265137,3.4800000190734863,3.5,29100,0.0,0.0
2023-08-14 00:00:00-04:00,3.4800000190734863,3.549999952316284,3.4800000190734863,3.5399999618530273,19900,0.0,0.0
2023-08-15 00:00:00-04:00,3.5,3.569999933242798,3.5,3.559999942779541,70800,0.0,0.0
2023-08-16 00:00:00-04:00,3.5299999713897705,3.5399999618530273,3.5,3.5,56800,0.0,0.0
2023-08-17 00:00:00-04:00,3.5,3.5399999618530273,3.4800000190734863,3.4800000190734863,83700,0.0,0.0
2023-08-18 00:00:00-04:00,3.4600000381469727,3.509999990463257,3.4200000762939453,3.440000057220459,73800,0.0,0.0
2023-08-21 00:00:00-04:00,3.4200000762939453,3.490000009536743,3.4100000858306885,3.4100000858306885,55700,0.0,0.0
2023-08-22 00:00:00-04:00,3.4100000858306885,3.490000009536743,3.4000000953674316,3.4200000762939453,79200,0.0,0.0
2023-08-23 00:00:00-04:00,3.440000057220459,3.4700000286102295,3.430000066757202,3.4600000381469727,72800,0.0,0.0
2023-08-24 00:00:00-04:00,3.430000066757202,3.430000066757202,3.380000114440918,3.380000114440918,71900,0.0,0.0
2023-08-25 00:00:00-04:00,3.380000114440918,3.430000066757202,3.359999895095825,3.369999885559082,31200,0.0,0.0
2023-08-28 00:00:00-04:00,3.450000047683716,3.450000047683716,3.380000114440918,3.380000114440918,59000,0.0,0.0
2023-08-29 00:00:00-04:00,3.380000114440918,3.4100000858306885,3.380000114440918,3.390000104904175,76500,0.0,0.0
2023-08-30 00:00:00-04:00,3.4000000953674316,3.4200000762939453,3.390000104904175,3.4100000858306885,91700,0.0,0.0
2023-08-31 00:00:00-04:00,3.430000066757202,3.430000066757202,3.380000114440918,3.4000000953674316,58000,0.0,0.0
2023-09-01 00:00:00-04:00,3.4000000953674316,3.4200000762939453,3.380000114440918,3.380000114440918,45900,0.0,0.0
2023-09-05 00:00:00-04:00,3.3499999046325684,3.380000114440918,3.3399999141693115,3.3399999141693115,126300,0.0,0.0
2023-09-06 00:00:00-04:00,3.3299999237060547,3.359999895095825,3.3299999237060547,3.3299999237060547,128700,0.0,0.0
2023-09-07 00:00:00-04:00,3.3399999141693115,3.3499999046325684,3.319999933242798,3.319999933242798,77100,0.0,0.0
2023-09-08 00:00:00-04:00,3.319999933242798,3.3299999237060547,3.309999942779541,3.309999942779541,106900,0.0,0.0
2023-09-11 00:00:00-04:00,3.299999952316284,3.3499999046325684,3.299999952316284,3.309999942779541,68900,0.0,0.0
2023-09-12 00:00:00-04:00,3.299999952316284,3.3499999046325684,3.2899999618530273,3.2899999618530273,75500,0.0,0.0
2023-09-13 00:00:00-04:00,3.2899999618530273,3.390000104904175,3.2799999713897705,3.3299999237060547,80100,0.0,0.0
2023-09-14 00:00:00-04:00,3.3299999237060547,3.380000114440918,3.299999952316284,3.299999952316284,84900,0.0,0.0
2023-09-15 00:00:00-04:00,3.319999933242798,3.3499999046325684,3.2899999618530273,3.3499999046325684,101300,0.0,0.0
2023-09-18 00:00:00-04:00,3.2899999618530273,3.319999933242798,3.2899999618530273,3.309999942779541,65600,0.0,0.0
2023-09-19 00:00:00-04:00,3.2899999618530273,3.319999933242798,3.2799999713897705,3.2899999618530273,83800,0.0,0.0
2023-09-20 00:00:00-04:00,3.299999952316284,3.309999942779541,3.2799999713897705,3.309999942779541,50100,0.0,0.0
2023-09-21 00:00:00-04:00,3.2899999618530273,3.2899999618530273,3.2300000190734863,3.240000009536743,113500,0.0,0.0
2023-09-22 00:00:00-04:00,3.25,3.259999990463257,3.2300000190734863,3.25,49400,0.0,0.0
2023-09-25 00:00:00-04:00,3.25,3.25,3.190000057220459,3.2200000286102295,121100,0.0,0.0
2023-09-26 00:00:00-04:00,3.2100000381469727,3.2100000381469727,3.130000114440918,3.140000104904175,105100,0.0,0.0
2023-09-27 00:00:00-04:00,3.140000104904175,3.180000066757202,3.130000114440918,3.130000114440918,76100,0.0,0.0
2023-09-28 00:00:00-04:00,3.130000114440918,3.140000104904175,3.119999885559082,3.130000114440918,96300,0.0,0.0
2023-09-29 00:00:00-04:00,3.1700000762939453,3.180000066757202,3.119999885559082,3.119999885559082,126500,0.0,0.0
2023-10-02 00:00:00-04:00,3.140000104904175,3.180000066757202,3.0899999141693115,3.109999895095825,137500,0.0,0.0
2023-10-03 00:00:00-04:00,3.0899999141693115,3.109999895095825,3.059999942779541,3.0999999046325684,62400,0.0,0.0
2023-10-04 00:00:00-04:00,3.109999895095825,3.130000114440918,3.069999933242798,3.0899999141693115,82100,0.0,0.0
2023-10-05 00:00:00-04:00,3.0899999141693115,3.109999895095825,3.059999942779541,3.0799999237060547,66800,0.0,0.0
2023-10-06 00:00:00-04:00,3.0799999237060547,3.0799999237060547,3.049999952316284,3.069999933242798,85700,0.0,0.0
2023-10-09 00:00:00-04:00,3.0899999141693115,3.0999999046325684,3.069999933242798,3.0799999237060547,27400,0.0,0.0
2023-10-10 00:00:00-04:00,3.0799999237060547,3.130000114440918,3.0799999237060547,3.119999885559082,34400,0.0,0.0
2023-10-11 00:00:00-04:00,3.140000104904175,3.2100000381469727,3.0999999046325684,3.1500000953674316,107200,0.0,0.0
2023-10-12 00:00:00-04:00,3.1600000858306885,3.1700000762939453,3.109999895095825,3.130000114440918,115400,0.0,0.0
2023-10-13 00:00:00-04:00,3.1700000762939453,3.1700000762939453,3.109999895095825,3.1500000953674316,103400,0.0,0.0
2023-10-16 00:00:00-04:00,3.1500000953674316,3.1500000953674316,3.069999933242798,3.0899999141693115,134000,0.0,0.0
2023-10-17 00:00:00-04:00,3.069999933242798,3.0899999141693115,3.0199999809265137,3.059999942779541,227200,0.0,0.0
2023-10-18 00:00:00-04:00,3.059999942779541,3.059999942779541,3.009999990463257,3.0299999713897705,98500,0.0,0.0
2023-10-19 00:00:00-04:00,3.009999990463257,3.0299999713897705,2.990000009536743,3.0,91500,0.0,0.0
2023-10-20 00:00:00-04:00,3.009999990463257,3.0299999713897705,3.0,3.009999990463257,38000,0.0,0.0
2023-10-23 00:00:00-04:00,3.0199999809265137,3.059999942779541,2.950000047683716,3.0,151700,0.0,0.0
2023-10-24 00:00:00-04:00,3.009999990463257,3.0299999713897705,2.9800000190734863,3.0199999809265137,86900,0.0,0.0
2023-10-25 00:00:00-04:00,3.009999990463257,3.0199999809265137,2.9800000190734863,3.0,141700,0.0,0.0
2023-10-26 00:00:00-04:00,3.0,3.0399999618530273,3.0,3.0399999618530273,63000,0.0,0.0
2023-10-27 00:00:00-04:00,3.0399999618530273,3.0399999618530273,3.009999990463257,3.0399999618530273,62900,0.0,0.0
2023-10-30 00:00:00-04:00,3.049999952316284,3.059999942779541,3.009999990463257,3.049999952316284,69700,0.0,0.0
2023-10-31 00:00:00-04:00,3.069999933242798,3.069999933242798,3.0199999809265137,3.0399999618530273,117000,0.0,0.0
2023-11-01 00:00:00-04:00,3.059999942779541,3.109999895095825,3.0399999618530273,3.069999933242798,83700,0.0,0.0
2023-11-02 00:00:00-04:00,3.109999895095825,3.1500000953674316,3.0999999046325684,3.109999895095825,65500,0.0,0.0
2023-11-03 00:00:00-04:00,3.1600000858306885,3.240000009536743,3.130000114440918,3.240000009536743,114400,0.0,0.0
2023-11-06 00:00:00-05:00,3.240000009536743,3.240000009536743,3.1700000762939453,3.190000057220459,50300,0.0,0.0
2023-11-07 00:00:00-05:00,3.2200000286102295,3.2699999809265137,3.1500000953674316,3.200000047683716,159700,0.0,0.0
2023-11-08 00:00:00-05:00,3.2200000286102295,3.2200000286102295,3.180000066757202,3.2200000286102295,128100,0.0,0.0
2023-11-09 00:00:00-05:00,3.2200000286102295,3.240000009536743,3.1600000858306885,3.1600000858306885,55700,0.0,0.0
2023-11-10 00:00:00-05:00,3.180000066757202,3.25,3.180000066757202,3.2100000381469727,53200,0.0,0.0
2023-11-13 00:00:00-05:00,3.2100000381469727,3.240000009536743,3.190000057220459,3.2200000286102295,107500,0.0,0.0
2023-11-14 00:00:00-05:00,3.2699999809265137,3.359999895095825,3.240000009536743,3.3399999141693115,297600,0.0,0.0
2023-11-15 00:00:00-05:00,3.3399999141693115,3.3399999141693115,3.2799999713897705,3.2899999618530273,37000,0.0,0.0
2023-11-16 00:00:00-05:00,3.319999933242798,3.4200000762939453,3.319999933242798,3.380000114440918,103600,0.0,0.0
2023-11-17 00:00:00-05:00,3.369999885559082,3.390000104904175,3.3299999237060547,3.359999895095825,41200,0.0,0.0
2023-11-20 00:00:00-05:00,3.3499999046325684,3.380000114440918,3.299999952316284,3.3299999237060547,253700,0.0,0.0
2023-11-21 00:00:00-05:00,3.3399999141693115,3.3399999141693115,3.299999952316284,3.319999933242798,80400,0.0,0.0
2023-11-22 00:00:00-05:00,3.3299999237060547,3.369999885559082,3.299999952316284,3.309999942779541,195800,0.0,0.0
2023-11-24 00:00:00-05:00,3.319999933242798,3.369999885559082,3.309999942779541,3.369999885559082,54200,0.0,0.0
2023-11-27 00:00:00-05:00,3.359999895095825,3.359999895095825,3.309999942779541,3.319999933242798,141400,0.0,0.0
2023-11-28 00:00:00-05:00,3.3299999237060547,3.359999895095825,3.3299999237060547,3.3499999046325684,97300,0.0,0.0
2023-11-29 00:00:00-05:00,3.369999885559082,3.4000000953674316,3.369999885559082,3.390000104904175,137900,0.0,0.0
2023-11-30 00:00:00-05:00,3.430000066757202,3.430000066757202,3.380000114440918,3.390000104904175,156200,0.0,0.0
2023-12-01 00:00:00-05:00,3.4100000858306885,3.549999952316284,3.4100000858306885,3.5199999809265137,108000,0.0,0.0
2023-12-04 00:00:00-05:00,3.5299999713897705,3.549999952316284,3.4700000286102295,3.4800000190734863,96900,0.0,0.0
2023-12-05 00:00:00-05:00,3.509999990463257,3.5399999618530273,3.4700000286102295,3.4800000190734863,91300,0.0,0.0
2023-12-06 00:00:00-05:00,3.5,3.5399999618530273,3.4700000286102295,3.490000009536743,24000,0.0,0.0
2023-12-07 00:00:00-05:00,3.5,3.5,3.4800000190734863,3.5,63200,0.0,0.0
2023-12-08 00:00:00-05:00,3.490000009536743,3.490000009536743,3.440000057220459,3.4600000381469727,88300,0.0,0.0
2023-12-11 00:00:00-05:00,3.4600000381469727,3.4800000190734863,3.450000047683716,3.4700000286102295,82800,0.0,0.0
2023-12-12 00:00:00-05:00,3.4700000286102295,3.509999990463257,3.4600000381469727,3.4800000190734863,45300,0.0,0.0
2023-12-13 00:00:00-05:00,3.5,3.5399999618530273,3.4700000286102295,3.509999990463257,102400,0.0,0.0
2023-12-14 00:00:00-05:00,3.5199999809265137,3.569999933242798,3.5199999809265137,3.559999942779541,85900,0.0,0.0
2023-12-15 00:00:00-05:00,3.559999942779541,3.5999999046325684,3.490000009536743,3.5299999713897705,122400,0.0,0.0
2023-12-18 00:00:00-05:00,3.5399999618530273,3.569999933242798,3.5199999809265137,3.5399999618530273,56800,0.0,0.0
2023-12-19 00:00:00-05:00,3.5399999618530273,3.5799999237060547,3.5299999713897705,3.5399999618530273,111200,0.0,0.0
2023-12-20 00:00:00-05:00,3.549999952316284,3.569999933242798,3.5399999618530273,3.559999942779541,76200,0.0,0.0
2023-12-21 00:00:00-05:00,3.559999942779541,3.5899999141693115,3.559999942779541,3.569999933242798,78400,0.0,0.0
2023-12-22 00:00:00-05:00,3.5799999237060547,3.5899999141693115,3.5199999809265137,3.569999933242798,74100,0.0,0.0
2023-12-26 00:00:00-05:00,3.5899999141693115,3.5899999141693115,3.549999952316284,3.559999942779541,116800,0.0,0.0
2023-12-27 00:00:00-05:00,3.5799999237060547,3.5899999141693115,3.5299999713897705,3.549999952316284,309100,0.0,0.0
2023-12-28 00:00:00-05:00,3.549999952316284,3.569999933242798,3.5299999713897705,3.5399999618530273,93900,0.0,0.0
2023-12-29 00:00:00-05:00,3.549999952316284,3.5999999046325684,3.5199999809265137,3.549999952316284,222000,0.0,0.0
2024-01-02 00:00:00-05:00,3.549999952316284,3.630000114440918,3.549999952316284,3.630000114440918,118000,0.0,0.0
2024-01-03 00:00:00-05:00,3.640000104904175,3.640000104904175,3.5899999141693115,3.5999999046325684,85200,0.0,0.0
2024-01-04 00:00:00-05:00,3.619999885559082,3.619999885559082,3.549999952316284,3.569999933242798,64000,0.0,0.0
2024-01-05 00:00:00-05:00,3.5899999141693115,3.5899999141693115,3.549999952316284,3.559999942779541,51400,0.0,0.0
2024-01-08 00:00:00-05:00,3.5899999141693115,3.630000114440918,3.5799999237060547,3.630000114440918,54200,0.0,0.0
2024-01-09 00:00:00-05:00,3.630000114440918,3.630000114440918,3.5799999237060547,3.5999999046325684,90000,0.0,0.0
2024-01-10 00:00:00-05:00,3.630000114440918,3.6500000953674316,3.609999895095825,3.630000114440918,28800,0.0,0.0
2024-01-11 00:00:00-05:00,3.630000114440918,3.640000104904175,3.5899999141693115,3.609999895095825,35400,0.0,0.0
2024-01-12 00:00:00-05:00,3.640000104904175,3.6500000953674316,3.609999895095825,3.619999885559082,15100,0.0,0.0
2024-01-16 00:00:00-05:00,3.5899999141693115,3.640000104904175,3.5899999141693115,3.5999999046325684,24800,0.0,0.0
2024-01-17 00:00:00-05:00,3.5899999141693115,3.5999999046325684,3.5299999713897705,3.5399999618530273,47000,0.0,0.0
2024-01-18 00:00:00-05:00,3.559999942779541,3.5799999237060547,3.5199999809265137,3.5399999618530273,33900,0.0,0.0
2024-01-19 00:00:00-05:00,3.549999952316284,3.549999952316284,3.4600000381469727,3.5,86000,0.0,0.0
2024-01-22 00:00:00-05:00,3.5299999713897705,3.559999942779541,3.509999990463257,3.509999990463257,74300,0.0,0.0
2024-01-23 00:00:00-05:00,3.5199999809265137,3.549999952316284,3.509999990463257,3.5199999809265137,51700,0.0,0.0
2024-01-24 00:00:00-05:00,3.549999952316284,3.549999952316284,3.5,3.509999990463257,22300,0.0,0.0
2024-01-25 00:00:00-05:00,3.5299999713897705,3.549999952316284,3.5299999713897705,3.5299999713897705,30400,0.0,0.0
2024-01-26 00:00:00-05:00,3.5299999713897705,3.549999952316284,3.4700000286102295,3.5199999809265137,99900,0.0,0.0
2024-01-29 00:00:00-05:00,3.5199999809265137,3.549999952316284,3.490000009536743,3.549999952316284,78200,0.0,0.0
2024-01-30 00:00:00-05:00,3.549999952316284,3.559999942779541,3.5399999618530273,3.559999942779541,32000,0.0,0.0
2024-01-31 00:00:00-05:00,3.5999999046325684,3.5999999046325684,3.559999942779541,3.5799999237060547,54300,0.0,0.0
2024-02-01 00:00:00-05:00,3.609999895095825,3.630000114440918,3.609999895095825,3.619999885559082,35000,0.0,0.0
2024-02-02 00:00:00-05:00,3.5999999046325684,3.5999999046325684,3.569999933242798,3.5899999141693115,49400,0.0,0.0
2024-02-05 00:00:00-05:00,3.569999933242798,3.5799999237060547,3.559999942779541,3.5799999237060547,34100,0.0,0.0
2024-02-06 00:00:00-05:00,3.5799999237060547,3.5999999046325684,3.549999952316284,3.5999999046325684,77000,0.0,0.0
2024-02-07 00:00:00-05:00,3.5999999046325684,3.619999885559082,3.5999999046325684,3.5999999046325684,14600,0.0,0.0
2024-02-08 00:00:00-05:00,3.5899999141693115,3.5999999046325684,3.5799999237060547,3.5899999141693115,8900,0.0,0.0
2024-02-09 00:00:00-05:00,3.609999895095825,3.6500000953674316,3.609999895095825,3.630000114440918,66900,0.0,0.0
2024-02-12 00:00:00-05:00,3.630000114440918,3.6700000762939453,3.569999933242798,3.619999885559082,92500,0.0,0.0
2024-02-13 00:00:00-05:00,3.5799999237060547,3.609999895095825,3.569999933242798,3.5799999237060547,56300,0.0,0.0
2024-02-14 00:00:00-05:00,3.5999999046325684,3.5999999046325684,3.569999933242798,3.5899999141693115,42600,0.0,0.0
2024-02-15 00:00:00-05:00,3.5899999141693115,3.619999885559082,3.5899999141693115,3.609999895095825,43700,0.0,0.0
2024-02-16 00:00:00-05:00,3.5999999046325684,3.609999895095825,3.5899999141693115,3.5999999046325684,51500,0.0,0.0
2024-02-20 00:00:00-05:00,3.609999895095825,3.619999885559082,3.5799999237060547,3.5999999046325684,32000,0.0,0.0
2024-02-21 00:00:00-05:00,3.609999895095825,3.619999885559082,3.5999999046325684,3.5999999046325684,16200,0.0,0.0
2024-02-22 00:00:00-05:00,3.609999895095825,3.619999885559082,3.5999999046325684,3.609999895095825,58300,0.0,0.0
2024-02-23 00:00:00-05:00,3.5999999046325684,3.619999885559082,3.5899999141693115,3.5899999141693115,41800,0.0,0.0
2024-02-26 00:00:00-05:00,3.5799999237060547,3.5999999046325684,3.559999942779541,3.569999933242798,76600,0.0,0.0
2024-02-27 00:00:00-05:00,3.569999933242798,3.5799999237060547,3.5299999713897705,3.5299999713897705,72300,0.0,0.0
2024-02-28 00:00:00-05:00,3.5299999713897705,3.5799999237060547,3.5299999713897705,3.559999942779541,57200,0.0,0.0
2024-02-29 00:00:00-05:00,3.569999933242798,3.5799999237060547,3.559999942779541,3.569999933242798,45100,0.0,0.0
2024-03-01 00:00:00-05:00,3.569999933242798,3.5999999046325684,3.559999942779541,3.5799999237060547,41400,0.0,0.0
2024-03-04 00:00:00-05:00,3.5899999141693115,3.5899999141693115,3.5799999237060547,3.5799999237060547,44800,0.0,0.0
2024-03-05 00:00:00-05:00,3.5899999141693115,3.609999895095825,3.569999933242798,3.609999895095825,73100,0.0,0.0
2024-03-06 00:00:00-05:00,3.609999895095825,3.640000104904175,3.609999895095825,3.640000104904175,55000,0.0,0.0
2024-03-07 00:00:00-05:00,3.6600000858306885,3.6600000858306885,3.5999999046325684,3.619999885559082,51600,0.0,0.0
2024-03-08 00:00:00-05:00,3.640000104904175,3.640000104904175,3.619999885559082,3.619999885559082,30200,0.0,0.0
2024-03-11 00:00:00-04:00,3.619999885559082,3.640000104904175,3.619999885559082,3.630000114440918,40600,0.0,0.0
2024-03-12 00:00:00-04:00,3.5999999046325684,3.640000104904175,3.5999999046325684,3.619999885559082,55900,0.0,0.0
2024-03-13 00:00:00-04:00,3.619999885559082,3.630000114440918,3.609999895095825,3.619999885559082,42400,0.0,0.0
2024-03-14 00:00:00-04:00,3.630000114440918,3.630000114440918,3.559999942779541,3.559999942779541,107800,0.0,0.0
2024-03-15 00:00:00-04:00,3.5799999237060547,3.5899999141693115,3.569999933242798,3.5799999237060547,30300,0.0,0.0
2024-03-18 00:00:00-04:00,3.569999933242798,3.619999885559082,3.569999933242798,3.609999895095825,41300,0.0,0.0
2024-03-19 00:00:00-04:00,3.630000114440918,3.630000114440918,3.619999885559082,3.630000114440918,24300,0.0,0.0
2024-03-20 00:00:00-04:00,3.630000114440918,3.630000114440918,3.5799999237060547,3.5899999141693115,114600,0.0,0.0
2024-03-21 00:00:00-04:00,3.5799999237060547,3.5999999046325684,3.569999933242798,3.5799999237060547,129000,0.0,0.0
2024-03-22 00:00:00-04:00,3.5999999046325684,3.619999885559082,3.5799999237060547,3.5799999237060547,87400,0.0,0.0
2024-03-25 00:00:00-04:00,3.569999933242798,3.5899999141693115,3.559999942779541,3.569999933242798,92800,0.0,0.0
2024-03-26 00:00:00-04:00,3.5799999237060547,3.5799999237060547,3.559999942779541,3.559999942779541,107000,0.0,0.0
2024-03-27 00:00:00-04:00,3.559999942779541,3.5999999046325684,3.559999942779541,3.5799999237060547,131100,0.0,0.0
2024-03-28 00:00:00-04:00,3.5999999046325684,3.630000114440918,3.549999952316284,3.630000114440918,223500,0.0,0.0
2024-04-01 00:00:00-04:00,3.619999885559082,3.619999885559082,3.569999933242798,3.569999933242798,85000,0.0,0.0
2024-04-02 00:00:00-04:00,3.559999942779541,3.619999885559082,3.559999942779541,3.5799999237060547,40400,0.0,0.0
2024-04-03 00:00:00-04:00,3.559999942779541,3.569999933242798,3.5399999618530273,3.569999933242798,47000,0.0,0.0
2024-04-04 00:00:00-04:00,3.559999942779541,3.569999933242798,3.5399999618530273,3.5399999618530273,35700,0.0,0.0
2024-04-05 00:00:00-04:00,3.5299999713897705,3.549999952316284,3.509999990463257,3.5399999618530273,58200,0.0,0.0
2024-04-08 00:00:00-04:00,3.5199999809265137,3.5399999618530273,3.5199999809265137,3.5399999618530273,13100,0.0,0.0
2024-04-09 00:00:00-04:00,3.5299999713897705,3.5399999618530273,3.5299999713897705,3.5399999618530273,35400,0.0,0.0
2024-04-10 00:00:00-04:00,3.5199999809265137,3.5299999713897705,3.5,3.5,37400,0.0,0.0
2024-04-11 00:00:00-04:00,3.5199999809265137,3.5199999809265137,3.5,3.5,53500,0.0,0.0
2024-04-12 00:00:00-04:00,3.5,3.5199999809265137,3.490000009536743,3.5199999809265137,8200,0.0,0.0
2024-04-15 00:00:00-04:00,3.5,3.509999990463257,3.490000009536743,3.5,50400,0.0,0.0
2024-04-16 00:00:00-04:00,3.4600000381469727,3.5,3.4600000381469727,3.490000009536743,19300,0.0,0.0
2024-04-17 00:00:00-04:00,3.490000009536743,3.490000009536743,3.4800000190734863,3.490000009536743,12400,0.0,0.0
2024-04-18 00:00:00-04:00,3.4800000190734863,3.5,3.4800000190734863,3.4800000190734863,7000,0.0,0.0
2024-04-19 00:00:00-04:00,3.5,3.5,3.4700000286102295,3.4800000190734863,19200,0.0,0.0
2024-04-22 00:00:00-04:00,3.4800000190734863,3.5,3.4600000381469727,3.490000009536743,85700,0.0,0.0
2024-04-23 00:00:00-04:00,3.4800000190734863,3.509999990463257,3.4800000190734863,3.5,40000,0.0,0.0
2024-04-24 00:00:00-04:00,3.490000009536743,3.509999990463257,3.490000009536743,3.5,29800,0.0,0.0
2024-04-25 00:00:00-04:00,3.490000009536743,3.5199999809265137,3.4600000381469727,3.5199999809265137,144800,0.0,0.0
2024-04-26 00:00:00-04:00,3.509999990463257,3.5399999618530273,3.509999990463257,3.509999990463257,127300,0.0,0.0
2024-04-29 00:00:00-04:00,3.5299999713897705,3.5799999237060547,3.509999990463257,3.5199999809265137,24700,0.0,0.0
2024-04-30 00:00:00-04:00,3.5399999618530273,3.5399999618530273,3.5199999809265137,3.5299999713897705,43900,0.0,0.0
2024-05-01 00:00:00-04:00,3.5399999618530273,3.569999933242798,3.5299999713897705,3.5399999618530273,85700,0.0,0.0
2024-05-02 00:00:00-04:00,3.5399999618530273,3.569999933242798,3.5399999618530273,3.569999933242798,40700,0.0,0.0
2024-05-03 00:00:00-04:00,3.5899999141693115,3.619999885559082,3.5899999141693115,3.5899999141693115,111300,0.0,0.0
2024-05-06 00:00:00-04:00,3.5899999141693115,3.609999895095825,3.5899999141693115,3.5999999046325684,27800,0.0,0.0
2024-05-07 00:00:00-04:00,3.609999895095825,3.630000114440918,3.609999895095825,3.619999885559082,62000,0.0,0.0
2024-05-08 00:00:00-04:00,3.609999895095825,3.640000104904175,3.5999999046325684,3.640000104904175,25400,0.0,0.0
2024-05-09 00:00:00-04:00,3.6500000953674316,3.6500000953674316,3.609999895095825,3.619999885559082,32100,0.0,0.0
2024-05-10 00:00:00-04:00,3.609999895095825,3.640000104904175,3.609999895095825,3.609999895095825,5600,0.0,0.0
2024-05-13 00:00:00-04:00,3.619999885559082,3.619999885559082,3.5899999141693115,3.609999895095825,40900,0.0,0.0
2024-05-14 00:00:00-04:00,3.609999895095825,3.619999885559082,3.559999942779541,3.5799999237060547,67600,0.0,0.0
2024-05-15 00:00:00-04:00,3.609999895095825,3.640000104904175,3.609999895095825,3.609999895095825,48900,0.0,0.0
2024-05-16 00:00:00-04:00,3.609999895095825,3.619999885559082,3.5999999046325684,3.609999895095825,28700,0.0,0.0
2024-05-17 00:00:00-04:00,3.5999999046325684,3.6500000953674316,3.5999999046325684,3.630000114440918,12700,0.0,0.0
2024-05-20 00:00:00-04:00,3.609999895095825,3.640000104904175,3.609999895095825,3.619999885559082,111300,0.0,0.0
2024-05-21 00:00:00-04:00,3.630000114440918,3.6500000953674316,3.5999999046325684,3.609999895095825,26700,0.0,0.0
2024-05-22 00:00:00-04:00,3.609999895095825,3.640000104904175,3.5899999141693115,3.5899999141693115,42600,0.0,0.0
2024-05-23 00:00:00-04:00,3.5899999141693115,3.609999895095825,3.5799999237060547,3.5799999237060547,29400,0.0,0.0
2024-05-24 00:00:00-04:00,3.5999999046325684,3.619999885559082,3.5799999237060547,3.5799999237060547,69100,0.0,0.0
2024-05-28 00:00:00-04:00,3.5799999237060547,3.5999999046325684,3.559999942779541,3.569999933242798,70200,0.0,0.0
2024-05-29 00:00:00-04:00,3.5799999237060547,3.5799999237060547,3.5299999713897705,3.5299999713897705,22600,0.0,0.0
2024-05-30 00:00:00-04:00,3.549999952316284,3.569999933242798,3.5299999713897705,3.5399999618530273,56000,0.0,0.0
2024-05-31 00:00:00-04:00,3.569999933242798,3.5799999237060547,3.5399999618530273,3.569999933242798,57100,0.0,0.0
2024-06-03 00:00:00-04:00,3.5799999237060547,3.5899999141693115,3.5799999237060547,3.5899999141693115,31200,0.0,0.0
2024-06-04 00:00:00-04:00,3.640000104904175,3.640000104904175,3.5999999046325684,3.609999895095825,65700,0.0,0.0
2024-06-05 00:00:00-04:00,3.630000114440918,3.640000104904175,3.609999895095825,3.630000114440918,66000,0.0,0.0
2024-06-06 00:00:00-04:00,3.619999885559082,3.640000104904175,3.619999885559082,3.640000104904175,36800,0.0,0.0
2024-06-07 00:00:00-04:00,3.609999895095825,3.640000104904175,3.609999895095825,3.619999885559082,41900,0.0,0.0
2024-06-10 00:00:00-04:00,3.609999895095825,3.630000114440918,3.609999895095825,3.630000114440918,52000,0.0,0.0
2024-06-11 00:00:00-04:00,3.619999885559082,3.640000104904175,3.619999885559082,3.630000114440918,43400,0.0,0.0
2024-06-12 00:00:00-04:00,3.6500000953674316,3.680000066757202,3.619999885559082,3.619999885559082,44700,0.0,0.0
2024-06-13 00:00:00-04:00,3.6500000953674316,3.690000057220459,3.6500000953674316,3.690000057220459,35800,0.0,0.0
2024-06-14 00:00:00-04:00,3.680000066757202,3.759999990463257,3.680000066757202,3.7100000381469727,56000,0.0,0.0
2024-06-17 00:00:00-04:00,3.700000047683716,3.700000047683716,3.690000057220459,3.700000047683716,11400,0.0,0.0
2024-06-18 00:00:00-04:00,3.680000066757202,3.700000047683716,3.680000066757202,3.700000047683716,31700,0.0,0.0
2024-06-20 00:00:00-04:00,3.680000066757202,3.690000057220459,3.6500000953674316,3.6700000762939453,34800,0.0,0.0
2024-06-21 00:00:00-04:00,3.680000066757202,3.700000047683716,3.6700000762939453,3.680000066757202,17500,0.0,0.0
2024-06-24 00:00:00-04:00,3.690000057220459,3.690000057220459,3.680000066757202,3.680000066757202,17100,0.0,0.0
2024-06-25 00:00:00-04:00,3.680000066757202,3.700000047683716,3.619999885559082,3.680000066757202,52500,0.0,0.0
2024-06-26 00:00:00-04:00,3.6500000953674316,3.700000047683716,3.6500000953674316,3.690000057220459,28300,0.0,0.0
2024-06-27 00:00:00-04:00,3.680000066757202,3.7200000286102295,3.680000066757202,3.690000057220459,52800,0.0,0.0
2024-06-28 00:00:00-04:00,3.740000009536743,3.740000009536743,3.700000047683716,3.7100000381469727,47400,0.0,0.0
2024-07-01 00:00:00-04:00,3.700000047683716,3.740000009536743,3.690000057220459,3.700000047683716,43900,0.0,0.0
2024-07-02 00:00:00-04:00,3.690000057220459,3.740000009536743,3.690000057220459,3.700000047683716,48600,0.0,0.0
2024-07-03 00:00:00-04:00,3.7100000381469727,3.759999990463257,3.7100000381469727,3.740000009536743,25800,0.0,0.0
2024-07-05 00:00:00-04:00,3.690000057220459,3.740000009536743,3.690000057220459,3.7200000286102295,212000,0.0,0.0
2024-07-08 00:00:00-04:00,3.7200000286102295,3.75,3.7100000381469727,3.7300000190734863,49100,0.0,0.0
2024-07-09 00:00:00-04:00,3.7100000381469727,3.7699999809265137,3.7100000381469727,3.740000009536743,28000,0.0,0.0
2024-07-10 00:00:00-04:00,3.7300000190734863,3.7699999809265137,3.7300000190734863,3.740000009536743,66200,0.0,0.0
2024-07-11 00:00:00-04:00,3.740000009536743,3.7799999713897705,3.740000009536743,3.7799999713897705,45300,0.0,0.0
2024-07-12 00:00:00-04:00,3.759999990463257,3.7799999713897705,3.75,3.7699999809265137,41100,0.0,0.0
2024-07-15 00:00:00-04:00,3.75,3.7799999713897705,3.740000009536743,3.759999990463257,33600,0.0,0.0
2024-07-16 00:00:00-04:00,3.740000009536743,3.75,3.7200000286102295,3.740000009536743,79000,0.0,0.0
2024-07-17 00:00:00-04:00,3.7100000381469727,3.740000009536743,3.619999885559082,3.7200000286102295,103500,0.0,0.0
2024-07-18 00:00:00-04:00,3.7200000286102295,3.7200000286102295,3.7100000381469727,3.7100000381469727,25300,0.0,0.0
2024-07-19 00:00:00-04:00,3.690000057220459,3.7100000381469727,3.6600000858306885,3.700000047683716,26600,0.0,0.0
2024-07-22 00:00:00-04:00,3.700000047683716,3.7200000286102295,3.690000057220459,3.700000047683716,37400,0.0,0.0
2024-07-23 00:00:00-04:00,3.690000057220459,3.7200000286102295,3.690000057220459,3.7200000286102295,21000,0.0,0.0
2024-07-24 00:00:00-04:00,3.7100000381469727,3.7100000381469727,3.690000057220459,3.700000047683716,44900,0.0,0.0
2024-07-25 00:00:00-04:00,3.7100000381469727,3.7300000190734863,3.700000047683716,3.7100000381469727,29100,0.0,0.0
2024-07-26 00:00:00-04:00,3.7100000381469727,3.740000009536743,3.7100000381469727,3.740000009536743,55500,0.0,0.0
2024-07-29 00:00:00-04:00,3.75,3.75,3.7300000190734863,3.7300000190734863,25300,0.0,0.0
2024-07-30 00:00:00-04:00,3.7200000286102295,3.740000009536743,3.700000047683716,3.7300000190734863,89500,0.0,0.0
2024-07-31 00:00:00-04:00,3.75,3.75,3.7300000190734863,3.75,36700,0.0,0.0
2024-08-01 00:00:00-04:00,3.75,3.7799999713897705,3.75,3.759999990463257,100700,0.0,0.0
2024-08-02 00:00:00-04:00,3.7799999713897705,3.809999942779541,3.7799999713897705,3.809999942779541,41800,0.0,0.0
2024-08-05 00:00:00-04:00,3.8299999237060547,3.8299999237060547,3.75,3.75,60000,0.0,0.0
2024-08-06 00:00:00-04:00,3.75,3.799999952316284,3.75,3.7899999618530273,35600,0.0,0.0
2024-08-07 00:00:00-04:00,3.7899999618530273,3.8499999046325684,3.7899999618530273,3.8399999141693115,43300,0.0,0.0
2024-08-08 00:00:00-04:00,3.809999942779541,3.819999933242798,3.809999942779541,3.819999933242798,49600,0.0,0.0
2024-08-09 00:00:00-04:00,3.809999942779541,3.8299999237060547,3.809999942779541,3.819999933242798,12300,0.0,0.0
2024-08-12 00:00:00-04:00,3.8299999237060547,3.8399999141693115,3.8299999237060547,3.8399999141693115,33100,0.0,0.0
2024-08-13 00:00:00-04:00,3.8299999237060547,3.8499999046325684,3.819999933242798,3.8499999046325684,39100,0.0,0.0
2024-08-14 00:00:00-04:00,3.8299999237060547,3.859999895095825,3.819999933242798,3.8399999141693115,44700,0.0,0.0
2024-08-15 00:00:00-04:00,3.819999933242798,3.8499999046325684,3.819999933242798,3.8499999046325684,19600,0.0,0.0
2024-08-16 00:00:00-04:00,3.8399999141693115,3.869999885559082,3.8399999141693115,3.8499999046325684,41900,0.0,0.0
2024-08-19 00:00:00-04:00,3.8399999141693115,3.859999895095825,3.8399999141693115,3.8499999046325684,47800,0.0,0.0
2024-08-20 00:00:00-04:00,3.8399999141693115,3.869999885559082,3.819999933242798,3.819999933242798,73800,0.0,0.0
2024-08-21 00:00:00-04:00,3.8299999237060547,3.8499999046325684,3.8299999237060547,3.8299999237060547,33500,0.0,0.0
2024-08-22 00:00:00-04:00,3.8299999237060547,3.8399999141693115,3.819999933242798,3.8299999237060547,84900,0.0,0.0
2024-08-23 00:00:00-04:00,3.8299999237060547,3.859999895095825,3.8299999237060547,3.859999895095825,19000,0.0,0.0
2024-08-26 00:00:00-04:00,3.8499999046325684,3.880000114440918,3.8299999237060547,3.880000114440918,46400,0.0,0.0
2024-08-27 00:00:00-04:00,3.859999895095825,3.859999895095825,3.809999942779541,3.8399999141693115,21900,0.0,0.0
2024-08-28 00:00:00-04:00,3.8399999141693115,3.8499999046325684,3.8299999237060547,3.8299999237060547,19800,0.0,0.0
2024-08-29 00:00:00-04:00,3.8399999141693115,3.859999895095825,3.8299999237060547,3.8499999046325684,47700,0.0,0.0
2024-08-30 00:00:00-04:00,3.859999895095825,3.869999885559082,3.8499999046325684,3.869999885559082,80300,0.0,0.0
2024-09-03 00:00:00-04:00,3.869999885559082,3.9000000953674316,3.869999885559082,3.9000000953674316,38400,0.0,0.0
2024-09-04 00:00:00-04:00,3.880000114440918,3.9000000953674316,3.880000114440918,3.9000000953674316,22800,0.0,0.0
2024-09-05 00:00:00-04:00,3.890000104904175,3.9100000858306885,3.859999895095825,3.880000114440918,157000,0.0,0.0
2024-09-06 00:00:00-04:00,3.869999885559082,3.9000000953674316,3.869999885559082,3.9000000953674316,30000,0.0,0.0
2024-09-09 00:00:00-04:00,3.9000000953674316,3.9000000953674316,3.890000104904175,3.9000000953674316,11500,0.0,0.0
2024-09-10 00:00:00-04:00,3.9000000953674316,3.9000000953674316,3.890000104904175,3.890000104904175,16500,0.0,0.0
2024-09-11 00:00:00-04:00,3.9000000953674316,3.930000066757202,3.9000000953674316,3.9200000762939453,90200,0.0,0.0
2024-09-12 00:00:00-04:00,3.930000066757202,3.940000057220459,3.9200000762939453,3.940000057220459,33200,0.0,0.0
2024-09-13 00:00:00-04:00,3.930000066757202,3.9600000381469727,3.930000066757202,3.950000047683716,24100,0.0,0.0
2024-09-16 00:00:00-04:00,3.940000057220459,3.9700000286102295,3.940000057220459,3.9600000381469727,54800,0.0,0.0
2024-09-17 00:00:00-04:00,3.940000057220459,3.950000047683716,3.930000066757202,3.930000066757202,87200,0.0,0.0
2024-09-18 00:00:00-04:00,3.9200000762939453,3.940000057220459,3.9200000762939453,3.930000066757202,36100,0.0,0.0
2024-09-19 00:00:00-04:00,3.9200000762939453,3.940000057220459,3.9200000762939453,3.930000066757202,26100,0.0,0.0
2024-09-20 00:00:00-04:00,3.930000066757202,4.0,3.930000066757202,3.9600000381469727,31000,0.0,0.0
2024-09-23 00:00:00-04:00,3.940000057220459,3.950000047683716,3.930000066757202,3.940000057220459,21800,0.0,0.0
2024-09-24 00:00:00-04:00,3.930000066757202,3.950000047683716,3.930000066757202,3.940000057220459,28400,0.0,0.0
2024-09-25 00:00:00-04:00,3.950000047683716,3.9600000381469727,3.940000057220459,3.950000047683716,24800,0.0,0.0
2024-09-26 00:00:00-04:00,3.940000057220459,3.9600000381469727,3.940000057220459,3.940000057220459,46200,0.0,0.0
2024-09-27 00:00:00-04:00,3.940000057220459,4.010000228881836,3.940000057220459,4.0,103400,0.0,0.0
2024-09-30 00:00:00-04:00,4.019999980926514,4.03000020980835,3.9800000190734863,4.010000228881836,62100,0.0,0.0
2024-10-01 00:00:00-04:00,4.010000228881836,4.010000228881836,3.9800000190734863,3.990000009536743,59200,0.0,0.0
2024-10-02 00:00:00-04:00,3.9600000381469727,4.010000228881836,3.950000047683716,3.9800000190734863,253600,0.0,0.0
2024-10-03 00:00:00-04:00,3.9800000190734863,4.0,3.9700000286102295,3.9700000286102295,23900,0.0,0.0
2024-10-04 00:00:00-04:00,3.9600000381469727,3.9600000381469727,3.9200000762939453,3.9200000762939453,125300,0.0,0.0
2024-10-07 00:00:00-04:00,3.9200000762939453,3.930000066757202,3.9100000858306885,3.9100000858306885,14800,0.0,0.0
2024-10-08 00:00:00-04:00,3.9100000858306885,3.930000066757202,3.9100000858306885,3.9200000762939453,36900,0.0,0.0
2024-10-09 00:00:00-04:00,3.9100000858306885,3.9600000381469727,3.9100000858306885,3.950000047683716,109700,0.0,0.0
2024-10-10 00:00:00-04:00,3.950000047683716,3.950000047683716,3.9200000762939453,3.930000066757202,171700,0.0,0.0
2024-10-11 00:00:00-04:00,3.9200000762939453,3.930000066757202,3.9000000953674316,3.9200000762939453,72800,0.0,0.0
2024-10-14 00:00:00-04:00,3.930000066757202,3.9700000286102295,3.9200000762939453,3.940000057220459,124500,0.0,0.0
2024-10-15 00:00:00-04:00,3.930000066757202,3.940000057220459,3.9000000953674316,3.9000000953674316,151700,0.0,0.0
2024-10-16 00:00:00-04:00,3.9000000953674316,3.930000066757202,3.9000000953674316,3.9200000762939453,33100,0.0,0.0
2024-10-17 00:00:00-04:00,3.9100000858306885,4.0,3.9000000953674316,3.990000009536743,148700,0.0,0.0
2024-10-18 00:00:00-04:00,3.9800000190734863,4.0,3.950000047683716,3.9600000381469727,182300,0.0,0.0
2024-10-21 00:00:00-04:00,3.950000047683716,3.950000047683716,3.9200000762939453,3.9200000762939453,26200,0.0,0.0
2024-10-22 00:00:00-04:00,3.9100000858306885,3.9200000762939453,3.890000104904175,3.9100000858306885,106300,0.0,0.0
2024-10-23 00:00:00-04:00,3.890000104904175,3.9000000953674316,3.8499999046325684,3.8499999046325684,46400,0.0,0.0
2024-10-24 00:00:00-04:00,3.8499999046325684,3.8499999046325684,3.809999942779541,3.8299999237060547,208300,0.0,0.0
2024-10-25 00:00:00-04:00,3.8399999141693115,3.859999895095825,3.809999942779541,3.819999933242798,83100,0.0,0.0
2024-10-28 00:00:00-04:00,3.8299999237060547,3.869999885559082,3.819999933242798,3.8399999141693115,72700,0.0,0.0
2024-10-29 00:00:00-04:00,3.819999933242798,3.819999933242798,3.7899999618530273,3.7899999618530273,39800,0.0,0.0
2024-10-30 00:00:00-04:00,3.7899999618530273,3.819999933242798,3.740000009536743,3.7899999618530273,271300,0.0,0.0
2024-10-31 00:00:00-04:00,3.819999933242798,3.8399999141693115,3.7799999713897705,3.8399999141693115,67300,0.0,0.0
2024-11-01 00:00:00-04:00,3.8299999237060547,3.8499999046325684,3.799999952316284,3.809999942779541,55200,0.0,0.0
2024-11-04 00:00:00-05:00,3.8299999237060547,3.8499999046325684,3.809999942779541,3.819999933242798,40100,0.0,0.0
2024-11-05 00:00:00-05:00,3.819999933242798,3.8399999141693115,3.819999933242798,3.8299999237060547,59900,0.0,0.0
2024-11-06 00:00:00-05:00,3.799999952316284,3.8399999141693115,3.759999990463257,3.799999952316284,145600,0.0,0.0
2024-11-07 00:00:00-05:00,3.799999952316284,3.859999895095825,3.799999952316284,3.859999895095825,37200,0.0,0.0
2024-11-08 00:00:00-05:00,3.8399999141693115,3.880000114440918,3.8299999237060547,3.8499999046325684,98100,0.0,0.0
2024-11-11 00:00:00-05:00,3.8399999141693115,3.859999895095825,3.8299999237060547,3.8399999141693115,47000,0.0,0.0
2024-11-12 00:00:00-05:00,3.809999942779541,3.8299999237060547,3.799999952316284,3.809999942779541,53400,0.0,0.0
2024-11-13 00:00:00-05:00,3.819999933242798,3.859999895095825,3.819999933242798,3.819999933242798,23100,0.0,0.0
2024-11-14 00:00:00-05:00,3.819999933242798,3.890000104904175,3.7899999618530273,3.799999952316284,153300,0.0,0.0
2024-11-15 00:00:00-05:00,3.7799999713897705,3.809999942779541,3.7799999713897705,3.799999952316284,21200,0.0,0.0
2024-11-18 00:00:00-05:00,3.7799999713897705,3.799999952316284,3.759999990463257,3.7799999713897705,59600,0.0,0.0
2024-11-19 00:00:00-05:00,3.7699999809265137,3.7899999618530273,3.7699999809265137,3.7899999618530273,62100,0.0,0.0
2024-11-20 00:00:00-05:00,3.7699999809265137,3.7899999618530273,3.759999990463257,3.7899999618530273,39400,0.0,0.0
2024-11-21 00:00:00-05:00,3.7799999713897705,3.799999952316284,3.7799999713897705,3.7899999618530273,21900,0.0,0.0
2024-11-22 00:00:00-05:00,3.7899999618530273,3.859999895095825,3.7699999809265137,3.7799999713897705,132500,0.0,0.0
2024-11-25 00:00:00-05:00,3.799999952316284,3.809999942779541,3.7899999618530273,3.799999952316284,130500,0.0,0.0
2024-11-26 00:00:00-05:00,3.7799999713897705,3.799999952316284,3.7699999809265137,3.7899999618530273,32300,0.0,0.0
2024-11-27 00:00:00-05:00,3.7899999618530273,3.859999895095825,3.7899999618530273,3.819999933242798,105000,0.0,0.0
2024-11-29 00:00:00-05:00,3.859999895095825,3.880000114440918,3.8399999141693115,3.880000114440918,81900,0.0,0.0
2024-12-02 00:00:00-05:00,3.8499999046325684,3.890000104904175,3.8499999046325684,3.880000114440918,83300,0.0,0.0
2024-12-03 00:00:00-05:00,3.880000114440918,3.890000104904175,3.859999895095825,3.859999895095825,74900,0.0,0.0
2024-12-04 00:00:00-05:00,3.8399999141693115,3.880000114440918,3.8399999141693115,3.859999895095825,126700,0.0,0.0
2024-12-05 00:00:00-05:00,3.8399999141693115,3.869999885559082,3.8399999141693115,3.8499999046325684,18200,0.0,0.0
2024-12-06 00:00:00-05:00,3.8499999046325684,3.869999885559082,3.8399999141693115,3.8499999046325684,42900,0.0,0.0
2024-12-09 00:00:00-05:00,3.8399999141693115,3.9100000858306885,3.8399999141693115,3.869999885559082,214100,0.0,0.0
2024-12-10 00:00:00-05:00,3.859999895095825,3.9000000953674316,3.869999885559082,3.869999885559082,49353,0.0,0.0
