Date,Open,High,Low,Close,Volume,Dividends,Stock Splits
2022-01-03 00:00:00-05:00,18.016433248065436,18.07191696362126,17.881686433793632,18.040212631225586,114300,0.0,0.0
2022-01-04 00:00:00-05:00,18.03228797531536,18.071918772731703,17.929246994942055,17.9688777923584,116800,0.0,0.0
2022-01-05 00:00:00-05:00,17.929249791900727,17.984733521666264,17.596345901489258,17.596345901489258,152200,0.0,0.0
2022-01-06 00:00:00-05:00,17.59634693806187,17.73109379478086,17.469526544893217,17.62012481689453,96900,0.0,0.0
2022-01-07 00:00:00-05:00,17.675608721245776,17.79450416383481,17.580494181356578,17.762798309326172,136200,0.0,0.0
2022-01-10 00:00:00-05:00,17.67560386657715,17.73108909672804,17.43781607034507,17.67560386657715,135100,0.0,0.0
2022-01-11 00:00:00-05:00,17.707311727114952,17.873762901052626,17.58841781547117,17.778648376464844,138200,0.0,0.0
2022-01-12 00:00:00-05:00,17.889612894847016,18.056065553332353,17.873759972740245,18.040212631225586,134600,0.0,0.0
2022-01-13 00:00:00-05:00,18.071919530075718,18.111551840970957,17.794500912899434,17.810352325439453,95700,0.0,0.0
2022-01-14 00:00:00-05:00,17.683534709499817,17.818281563902513,17.509157049845044,17.754871368408203,122100,0.0,0.0
2022-01-18 00:00:00-05:00,17.517084598013614,17.67560934065696,17.453674398592593,17.493305206298828,130400,0.0,0.0
2022-01-19 00:00:00-05:00,17.588418867974195,17.707312786732672,17.469524949215717,17.51708221435547,131400,0.0,0.0
2022-01-20 00:00:00-05:00,17.588426699528945,17.746951491186785,17.15248012087742,17.168333053588867,158700,0.0,0.0
2022-01-21 00:00:00-05:00,17.072637449005107,17.200223595956587,16.203455872306375,16.227378845214844,387100,0.13,0.0
2022-01-24 00:00:00-05:00,16.02004593128869,16.043968896663547,15.166813271888197,16.01207160949707,488700,0.0,0.0
2022-01-25 00:00:00-05:00,15.796772886217312,16.075868125249094,15.437937453987898,15.91638469696045,216200,0.0,0.0
2022-01-26 00:00:00-05:00,16.051943439376128,16.386857386235295,15.79677119813991,15.972203254699707,203800,0.0,0.0
2022-01-27 00:00:00-05:00,16.10776555676872,16.25927314189472,15.828670315354799,15.884489059448242,149800,0.0,0.0
2022-01-28 00:00:00-05:00,15.940310053035983,16.259275436401367,15.78082812182675,16.259275436401367,123900,0.0,0.0
2022-01-31 00:00:00-05:00,16.32307275880084,16.705832839344353,16.25927966553481,16.689884185791016,162700,0.0,0.0
2022-02-01 00:00:00-05:00,16.74569894221659,17.008845579042113,16.60216413650322,16.92910385131836,143200,0.0,0.0
2022-02-02 00:00:00-05:00,17.064663150947993,17.343758418188674,17.064663150947993,17.192249298095703,131600,0.0,0.0
2022-02-03 00:00:00-05:00,17.040736913079883,17.096555646662026,16.62608129083192,16.681900024414062,127700,0.0,0.0
2022-02-04 00:00:00-05:00,16.578237807213313,16.68987528062598,16.339012694397805,16.474573135375977,214800,0.0,0.0
2022-02-07 00:00:00-05:00,16.530389654062077,16.546338296965782,16.386854909821327,16.466596603393555,115000,0.0,0.0
2022-02-08 00:00:00-05:00,16.5224192093033,16.69785128051349,16.386858754707543,16.650005340576172,100200,0.0,0.0
2022-02-09 00:00:00-05:00,16.817460096166375,17.080606635213865,16.817460096166375,17.02478790283203,136000,0.0,0.0
2022-02-10 00:00:00-05:00,16.841386608646037,17.024791488224356,16.634058758317487,16.897205352783203,146800,0.0,0.0
2022-02-11 00:00:00-05:00,16.93707534719481,17.048712834793147,16.402807837915105,16.41875648498535,171400,0.0,0.0
2022-02-14 00:00:00-05:00,16.434704422000276,16.458625870625433,15.756902160265936,15.828669548034668,161300,0.0,0.0
2022-02-15 00:00:00-05:00,15.964235699404213,16.203459396735287,15.948287047329561,16.03600311279297,203900,0.0,0.0
2022-02-16 00:00:00-05:00,16.004099968428722,16.29116951722635,15.996125645301385,16.27522087097168,123600,0.0,0.0
2022-02-17 00:00:00-05:00,16.17088678850727,16.323367045786092,15.890002587423892,15.954204559326172,157600,0.13,0.0
2022-02-18 00:00:00-05:00,15.986313647465355,16.026439324308857,15.769631318838963,15.890009880065918,128300,0.0,0.0
2022-02-22 00:00:00-05:00,15.761604191666402,15.83383162681732,15.007231138951038,15.352315902709961,259100,0.0,0.0
2022-02-23 00:00:00-05:00,15.4646718028097,15.58505036098367,15.103534597591375,15.15168571472168,124000,0.0,0.0
2022-02-24 00:00:00-05:00,14.541768818855491,15.304167444481793,14.445465045048682,15.239965438842773,429900,0.0,0.0
2022-02-25 00:00:00-05:00,15.32824597205974,15.73753439080196,15.247993070810853,15.713458061218262,143200,0.0,0.0
2022-02-28 00:00:00-05:00,15.63319905695686,15.75357759648747,15.432567647507117,15.69740104675293,177700,0.0,0.0
2022-03-01 00:00:00-05:00,15.681355073485197,15.68937898457808,15.272066726405354,15.400470733642578,129300,0.0,0.0
2022-03-02 00:00:00-05:00,15.440591117904866,15.713449922405246,15.416514800791544,15.609122276306152,100500,0.0,0.0
2022-03-03 00:00:00-05:00,15.697400315122705,15.737527513560098,15.440592367907824,15.480719566345215,130700,0.0,0.0
2022-03-04 00:00:00-05:00,15.392445291853189,15.400470733642578,15.159712072050402,15.400470733642578,105000,0.0,0.0
2022-03-07 00:00:00-05:00,15.36836738401686,15.36836738401686,14.702271091049958,14.758447647094727,199600,0.0,0.0
2022-03-08 00:00:00-05:00,14.790550951982318,14.967106079475014,14.509666611796636,14.60597038269043,164500,0.0,0.0
2022-03-09 00:00:00-05:00,14.959081539986192,15.239965897114418,14.918955859266418,15.063410758972168,161200,0.0,0.0
2022-03-10 00:00:00-05:00,14.926983751284773,15.215892067413728,14.918958307684406,15.119589805603027,174900,0.0,0.0
2022-03-11 00:00:00-05:00,15.215888367453895,15.360343255740535,14.846727235784904,14.878829002380371,128300,0.0,0.0
2022-03-14 00:00:00-04:00,14.878826549326138,14.902901339607077,14.309032531769693,14.453487396240234,215700,0.0,0.0
2022-03-15 00:00:00-04:00,14.509665367184148,14.806600565497657,14.509665367184148,14.750422477722168,79300,0.0,0.0
2022-03-16 00:00:00-04:00,14.84672232327024,15.368363612272974,14.830671445283455,15.34428882598877,172500,0.0,0.0
2022-03-17 00:00:00-04:00,15.30416823355956,15.922113526381533,15.30416823355956,15.87396240234375,137100,0.0,0.0
2022-03-18 00:00:00-04:00,15.849878006813222,16.32336815580154,15.673322954749862,16.275217056274414,79600,0.0,0.0
2022-03-21 00:00:00-04:00,16.3313954191257,16.411648281102675,16.066562046088894,16.3233699798584,121500,0.0,0.0
2022-03-22 00:00:00-04:00,16.371521589469083,16.612280182822143,16.227066739596463,16.427698135375977,236700,0.0,0.0
2022-03-23 00:00:00-04:00,16.411549671909,16.581158026248843,16.209635917991854,16.258094787597656,124800,0.13,0.0
2022-03-24 00:00:00-04:00,16.3469292441018,16.564996360151675,16.112710206494807,16.161169052124023,163600,0.0,0.0
2022-03-25 00:00:00-04:00,16.19347915136629,16.19347915136629,15.894647719072323,16.096561431884766,194800,0.0,0.0
2022-03-28 00:00:00-04:00,16.08040832384119,16.565001553496476,16.08040832384119,16.55692481994629,134200,0.0,0.0
2022-03-29 00:00:00-04:00,16.807299441539907,17.041520121533956,16.613462434206696,16.6861515045166,261600,0.0,0.0
2022-03-30 00:00:00-04:00,16.710385634798715,16.912299424110753,16.605389601687676,16.742691040039062,148400,0.0,0.0
2022-03-31 00:00:00-04:00,16.807296495118962,16.85575689381656,16.605382788650278,16.621536254882812,120000,0.0,0.0
2022-04-01 00:00:00-04:00,16.68614503391405,16.807292923958272,16.621532723191862,16.734603881835938,120800,0.0,0.0
2022-04-04 00:00:00-04:00,16.78306821888175,16.960751730052586,16.766914752280936,16.936521530151367,100400,0.0,0.0
2022-04-05 00:00:00-04:00,16.920368313512807,17.001132559398243,16.49231072411545,16.61345863342285,132600,0.0,0.0
2022-04-06 00:00:00-04:00,16.41962640692325,16.581158026248843,16.11271817878025,16.258094787597656,140500,0.0,0.0
2022-04-07 00:00:00-04:00,16.193482314173433,16.34693719721694,16.096564575762557,16.274248123168945,109400,0.0,0.0
2022-04-08 00:00:00-04:00,16.306554676298713,16.395395677655475,16.21771213446231,16.250019073486328,72600,0.0,0.0
2022-04-11 00:00:00-04:00,16.185407141154467,16.46808516229385,15.886574109618959,15.918879508972168,111700,0.0,0.0
2022-04-12 00:00:00-04:00,16.023870190879663,16.209630411666556,15.805803041010272,15.838109970092773,98200,0.0,0.0
2022-04-13 00:00:00-04:00,15.926955223083496,16.08848683093513,15.862342888038759,15.926955223083496,174800,0.0,0.0
2022-04-14 00:00:00-04:00,15.983485968709752,16.007714621857204,15.620040766708367,15.636194229125977,113300,0.0,0.0
2022-04-18 00:00:00-04:00,15.65235316925001,15.74119571190302,15.490823094084128,15.595817565917969,112500,0.0,0.0
2022-04-19 00:00:00-04:00,15.587742437622222,15.94311110438031,15.587742437622222,15.910805702209473,116900,0.0,0.0
2022-04-20 00:00:00-04:00,16.04810282049386,16.371164457897386,15.951183559033105,16.28232192993164,113100,0.0,0.0
2022-04-21 00:00:00-04:00,16.30670998226311,16.404258284112743,15.965293251505885,16.030324935913086,86900,0.13,0.0
2022-04-22 00:00:00-04:00,16.030325023574367,16.030325023574367,15.550715767019401,15.615747451782227,88000,0.0,0.0
2022-04-25 00:00:00-04:00,15.477558384719377,15.65639515222528,15.087366677604356,15.420654296875,131700,0.0,0.0
2022-04-26 00:00:00-04:00,15.314975932938987,15.461297605941208,14.6565299549066,14.672786712646484,248500,0.0,0.0
2022-04-27 00:00:00-04:00,14.778462543346587,14.989815875540858,14.656528346055357,14.745945930480957,122900,0.0,0.0
2022-04-28 00:00:00-04:00,14.802848004975738,15.217425503613722,14.729688729194816,15.119878768920898,132900,0.0,0.0
2022-04-29 00:00:00-04:00,15.087362137975434,15.241812943267549,14.664657037378298,14.713430404663086,150300,0.0,0.0
2022-05-02 00:00:00-04:00,14.632139923697522,14.843493241985989,14.20943328712059,14.542720794677734,326300,0.0,0.0
2022-05-03 00:00:00-04:00,14.493949973686886,14.762205857365089,14.453305753620763,14.672786712646484,126200,0.0,0.0
2022-05-04 00:00:00-04:00,14.65652889261614,15.152394853488946,14.51833638373872,15.103621482849121,181000,0.0,0.0
2022-05-05 00:00:00-04:00,14.941040079858176,14.941040079858176,14.437045013822864,14.664656639099121,150000,0.0,0.0
2022-05-06 00:00:00-04:00,14.664661639894076,14.664661639894076,14.18505231804863,14.420791625976562,216500,0.0,0.0
2022-05-09 00:00:00-04:00,14.176921221574464,14.225694597489253,13.607892817483828,13.648538589477539,262700,0.0,0.0
2022-05-10 00:00:00-04:00,13.851760767465171,14.209434205712018,13.58350336306388,13.729825019836426,153200,0.0,0.0
2022-05-11 00:00:00-04:00,13.67292466989602,14.079373091952275,13.372153705841894,13.412797927856445,176100,0.0,0.0
2022-05-12 00:00:00-04:00,13.274605570978284,13.469700629986445,12.925059675492857,13.177057266235352,267300,0.0,0.0
2022-05-13 00:00:00-04:00,13.30711987030959,13.583503326213286,13.30711987030959,13.534729957580566,226200,0.0,0.0
2022-05-16 00:00:00-04:00,13.534730979105925,13.681052646525051,13.38028015788823,13.518472671508789,141500,0.0,0.0
2022-05-17 00:00:00-04:00,13.75420965849799,13.949304644021998,13.64853378943474,13.933046340942383,162400,0.0,0.0
2022-05-18 00:00:00-04:00,13.916793112033865,13.924920715154439,13.591633170020458,13.656664848327637,245300,0.0,0.0
2022-05-19 00:00:00-04:00,13.55911883270904,13.729826415984162,13.445313777192291,13.510345458984375,143300,0.0,0.0
2022-05-20 00:00:00-04:00,13.65666485481489,13.72169653315296,13.185184799244501,13.45344066619873,293700,0.0,0.0
2022-05-23 00:00:00-04:00,13.551761112858138,13.748400737120837,13.527180573792995,13.674660682678223,101700,0.13,0.0
2022-05-24 00:00:00-04:00,13.559954544191452,13.707434669184963,13.404282468034292,13.650081634521484,112500,0.0,0.0
2022-05-25 00:00:00-04:00,13.527182036525346,13.789368230559878,13.527182036525346,13.70743465423584,144700,0.0,0.0
2022-05-26 00:00:00-04:00,13.707432519686117,14.141679312654617,13.707432519686117,14.076132774353027,141000,0.0,0.0
2022-05-27 00:00:00-04:00,14.133487066717112,14.461219787597656,14.133487066717112,14.461219787597656,71200,0.0,0.0
2022-05-31 00:00:00-04:00,14.559542237410145,14.616895275516217,14.338322036641227,14.43664264678955,206700,0.0,0.0
2022-06-01 00:00:00-04:00,14.444834790734113,14.649667965412863,14.207229120738376,14.313741683959961,144600,0.0,0.0
2022-06-02 00:00:00-04:00,14.25638415873761,14.59231033447764,14.239997134859411,14.57592487335205,113300,0.0,0.0
2022-06-03 00:00:00-04:00,14.387484096602337,14.510383708887998,14.338324564238745,14.379290580749512,89600,0.0,0.0
2022-06-06 00:00:00-04:00,14.543155110930218,14.657861186372065,14.453028015795583,14.625088691711426,119100,0.0,0.0
2022-06-07 00:00:00-04:00,14.534963871434831,14.772571136612788,14.534963871434831,14.707024574279785,107500,0.0,0.0
2022-06-08 00:00:00-04:00,14.707021383199768,14.72340684816277,14.543154231545946,14.649666786193848,94400,0.0,0.0
2022-06-09 00:00:00-04:00,14.649668475868715,14.649668475868715,14.264582656645779,14.305548667907715,122900,0.0,0.0
2022-06-10 00:00:00-04:00,13.994200993926095,14.166261655612168,13.53537516735147,13.568147659301758,349100,0.0,0.0
2022-06-13 00:00:00-04:00,13.248608687265392,13.445248330900235,13.027388502143829,13.15848159790039,186600,0.0,0.0
2022-06-14 00:00:00-04:00,13.240416584891243,13.297769625054565,12.7078506312635,12.806170463562012,187300,0.0,0.0
2022-06-15 00:00:00-04:00,12.97003853054498,13.264998847018962,12.87171868551254,13.084745407104492,137000,0.0,0.0
2022-06-16 00:00:00-04:00,12.789782474945923,13.019196181146722,12.445662697021232,12.486629486083984,192600,0.0,0.0
2022-06-17 00:00:00-04:00,12.478435178639415,12.625915297338189,12.388308873532642,12.54398250579834,130200,0.0,0.0
2022-06-21 00:00:00-04:00,12.838942285884663,13.125709016953513,12.765202224674017,12.814362525939941,219200,0.0,0.0
2022-06-22 00:00:00-04:00,12.649122225584705,12.930029561037694,12.583025501325851,12.690431594848633,93200,0.13,0.0
2022-06-23 00:00:00-04:00,12.616076443909238,12.797839906363926,12.607814253454247,12.773054122924805,165900,0.0,0.0
2022-06-24 00:00:00-04:00,12.930028577563448,13.194413090712303,12.863932646257647,13.136578559875488,128600,0.0,0.0
2022-06-27 00:00:00-04:00,13.210937792757452,13.400963414292177,13.14484185588227,13.334867477416992,161900,0.0,0.0
2022-06-28 00:00:00-04:00,13.467062330443628,13.640565188031632,13.235727288128672,13.277036666870117,226800,0.0,0.0
2022-06-29 00:00:00-04:00,13.260507906702987,13.318343224037555,13.13657823554573,13.30181884765625,190000,0.0,0.0
2022-06-30 00:00:00-04:00,13.293560914959821,13.343132484121169,13.103534465372288,13.31008529663086,228300,0.0,0.0
2022-07-01 00:00:00-04:00,13.186150947822382,13.38443953034972,13.111792827865337,13.367915153503418,201500,0.0,0.0
2022-07-05 00:00:00-04:00,13.16136746936976,13.417489051818848,13.095271526290912,13.417489051818848,150900,0.0,0.0
2022-07-06 00:00:00-04:00,13.417488987046381,13.524895878938247,13.260510532047581,13.434013366699219,129500,0.0,0.0
2022-07-07 00:00:00-04:00,13.516630410605847,13.814061292956133,13.491843847138659,13.739703178405762,240700,0.0,0.0
2022-07-08 00:00:00-04:00,13.690133552461049,13.805801046537637,13.574466058384461,13.657086372375488,118900,0.0,0.0
2022-07-11 00:00:00-04:00,13.557945410478851,13.855377992335654,13.46706288249997,13.483587265014648,90900,0.0,0.0
2022-07-12 00:00:00-04:00,13.450536122936885,13.557941426013869,13.136579250832371,13.243986129760742,169800,0.0,0.0
2022-07-13 00:00:00-04:00,13.062225603484828,13.533158680840362,12.954819482154234,13.186155319213867,140400,0.0,0.0
2022-07-14 00:00:00-04:00,12.905246217081835,13.062224686438773,12.83088807769443,13.029176712036133,119400,0.0,0.0
2022-07-15 00:00:00-04:00,13.09527029718874,13.39270122520135,13.070483729916257,13.334867477416992,94700,0.0,0.0
2022-07-18 00:00:00-04:00,13.458799936178476,13.599252435672861,13.367917423939447,13.434013366699219,124800,0.0,0.0
2022-07-19 00:00:00-04:00,13.574469491798569,13.913211446574095,13.51663573013228,13.88842487335205,119500,0.0,0.0
2022-07-20 00:00:00-04:00,14.020617654097935,14.549386884881653,13.8719029330373,14.351099014282227,764500,0.0,0.0
2022-07-21 00:00:00-04:00,14.301147723584872,14.492606243459733,14.2262288962018,14.41768741607666,131500,0.13,0.0
2022-07-22 00:00:00-04:00,14.509255224596911,14.675740272766006,14.367742060399355,14.41768741607666,103600,0.0,0.0
2022-07-25 00:00:00-04:00,14.450988999191285,14.450988999191285,14.234556953381436,14.384394645690918,111600,0.0,0.0
2022-07-26 00:00:00-04:00,14.24288069033281,14.334446929203322,14.201258229269353,14.234556198120117,126500,0.0,0.0
2022-07-27 00:00:00-04:00,14.359420226388831,15.066986178279533,14.359420226388831,14.992067337036133,121000,0.0,0.0
2022-07-28 00:00:00-04:00,15.025363862998992,15.266769373280376,14.659095733084158,15.183526039123535,156200,0.0,0.0
2022-07-29 00:00:00-04:00,15.316712051944394,15.666332723887805,15.233468732389438,15.616387367248535,178600,0.0,0.0
2022-08-01 00:00:00-04:00,15.624711903612884,15.93271012281126,15.583089449846707,15.799521446228027,165400,0.0,0.0
2022-08-02 00:00:00-04:00,15.724600516298475,15.791194845692758,15.574762878227823,15.608060836791992,93300,0.0,0.0
2022-08-03 00:00:00-04:00,15.691306972982927,15.882765506024844,15.591414667024257,15.866116523742676,136600,0.0,0.0
2022-08-04 00:00:00-04:00,15.941034238980153,15.974332201210654,15.816170056084228,15.916062355041504,107900,0.0,0.0
2022-08-05 00:00:00-04:00,15.716277785174702,15.94103426742901,15.566441718072728,15.75790023803711,114800,0.0,0.0
2022-08-08 00:00:00-04:00,15.832819806513868,15.941035013552703,15.7828728607412,15.824495315551758,102600,0.0,0.0
2022-08-09 00:00:00-04:00,15.76622997003732,15.799526355662282,15.516499933043695,15.624716758728027,116100,0.0,0.0
2022-08-10 00:00:00-04:00,15.749576823236177,15.941035356278094,15.741252332095092,15.866116523742676,148700,0.0,0.0
2022-08-11 00:00:00-04:00,15.982657468363259,16.140818033440457,15.816170824589646,15.824495315551758,75700,0.0,0.0
2022-08-12 00:00:00-04:00,15.82449715002482,16.149144396510735,15.82449715002482,16.082550048828125,114100,0.0,0.0
2022-08-15 00:00:00-04:00,16.007627073905212,16.232383534672238,16.007627073905212,16.14081573486328,93100,0.0,0.0
2022-08-16 00:00:00-04:00,16.115850388905184,16.199092144961362,16.007633565656594,16.132497787475586,69100,0.0,0.0
2022-08-17 00:00:00-04:00,15.974335831904723,15.999307721519056,15.624715087692765,15.741254806518555,168800,0.0,0.0
2022-08-18 00:00:00-04:00,15.766226253396477,15.791198139794778,15.183524558842237,15.391632080078125,303100,0.0,0.0
2022-08-19 00:00:00-04:00,15.283417000137042,15.358335835450216,15.075309477096981,15.158551216125488,114900,0.0,0.0
2022-08-22 00:00:00-04:00,15.017040437525825,15.066985801193251,14.758985951819406,14.867202758789062,123600,0.0,0.0
2022-08-23 00:00:00-04:00,14.800118316348858,15.060063294995508,14.69949517594576,14.791732788085938,89300,0.13,0.0
2022-08-24 00:00:00-04:00,14.749806693593946,15.009751671314417,14.749806693593946,14.951054573059082,83600,0.0,0.0
2022-08-25 00:00:00-04:00,14.967823167281518,15.1942275942017,14.867198444413978,15.076831817626953,71700,0.0,0.0
2022-08-26 00:00:00-04:00,15.08522216650334,15.169075862467682,14.64079869745569,14.649184226989746,100600,0.0,0.0
2022-08-29 00:00:00-04:00,14.431162921193232,14.65756738383494,14.305383197295383,14.498247146606445,111000,0.0,0.0
2022-08-30 00:00:00-04:00,14.548558282044322,14.624026434005648,14.305382770307626,14.389236450195312,139000,0.0,0.0
2022-08-31 00:00:00-04:00,14.540172627075076,14.791732065164249,14.229914494014256,14.280227661132812,157000,0.0,0.0
2022-09-01 00:00:00-04:00,14.187990918005385,14.439550399780273,14.06221117711794,14.439550399780273,152200,0.0,0.0
2022-09-02 00:00:00-04:00,14.573717221317288,14.615644872326996,14.129295316248834,14.229918479919434,87500,0.0,0.0
2022-09-06 00:00:00-04:00,14.280230990149473,14.330542569620794,14.011898834424448,14.146065711975098,151000,0.0,0.0
2022-09-07 00:00:00-04:00,14.112520173867523,14.422778304093313,14.112520173867523,14.271842002868652,124700,0.0,0.0
2022-09-08 00:00:00-04:00,14.246687690523535,14.59048638728233,14.213147173447043,14.397624015808105,105500,0.0,0.0
2022-09-09 00:00:00-04:00,14.556945811580128,14.842047402774755,14.380852899665268,14.741422653198242,123200,0.0,0.0
2022-09-12 00:00:00-04:00,14.82527640467809,15.001367717930222,14.791734288224651,14.909130096435547,110000,0.0,0.0
2022-09-13 00:00:00-04:00,14.582099189936534,14.80011812380826,14.380851312372469,14.414393424987793,172100,0.0,0.0
2022-09-14 00:00:00-04:00,14.464709022270226,14.758196191872727,14.464709022270226,14.716268539428711,105600,0.0,0.0
2022-09-15 00:00:00-04:00,14.691109549440995,14.85881531545001,14.280228263561346,14.3389253616333,105300,0.0,0.0
2022-09-16 00:00:00-04:00,14.196378067897781,14.783350792170268,13.944816958029833,14.154450416564941,128000,0.0,0.0
2022-09-19 00:00:00-04:00,13.978356116471005,14.498247687175908,13.978356116471005,14.288614273071289,117800,0.0,0.0
2022-09-20 00:00:00-04:00,14.229915496212387,14.305383652829462,13.651328427982826,13.693254470825195,131100,0.0,0.0
2022-09-21 00:00:00-04:00,13.802262879812133,14.053823930218634,13.542317900497135,13.676483154296875,207200,0.0,0.0
2022-09-22 00:00:00-04:00,13.591956920789675,14.014592399187645,13.186227248461961,13.270753860473633,190000,0.13,0.0
2022-09-23 00:00:00-04:00,13.118607133478688,13.245397469021878,12.484653843536147,12.58608627319336,406300,0.0,0.0
2022-09-26 00:00:00-04:00,12.535368240236647,12.679064367558027,12.273334694730508,12.408577919006348,279900,0.0,0.0
2022-09-27 00:00:00-04:00,12.501557347965743,12.670611377144866,12.154996386620244,12.332503318786621,233400,0.0,0.0
2022-09-28 00:00:00-04:00,12.366312704307653,13.059434547391154,12.357859802291243,12.695968627929688,204500,0.0,0.0
2022-09-29 00:00:00-04:00,12.577629876770182,12.958001583895449,12.38321716932469,12.594534873962402,251900,0.0,0.0
2022-09-30 00:00:00-04:00,12.636801122249805,13.076342423391894,12.636801122249805,12.755139350891113,290500,0.0,0.0
2022-10-03 00:00:00-04:00,12.949551313866136,13.076342446083252,12.729781469026959,12.73823356628418,352700,0.0,0.0
2022-10-04 00:00:00-04:00,13.00872058914876,13.304564946587508,12.822760749027145,12.974909782409668,637800,0.0,0.0
2022-10-05 00:00:00-04:00,12.848117060603819,13.093245580617825,12.738231750788835,13.000266075134277,101000,0.0,0.0
2022-10-06 00:00:00-04:00,12.898835954206849,13.034079188381961,12.738234009038958,12.763592720031738,102400,0.0,0.0
2022-10-07 00:00:00-04:00,12.687516690904966,12.687516690904966,12.425482351258095,12.510009765625,188900,0.0,0.0
2022-10-10 00:00:00-04:00,12.501559848685945,12.560728569206015,12.290242068413287,12.400127410888672,160900,0.0,0.0
2022-10-11 00:00:00-04:00,12.290237458543851,12.619893362321406,12.14654135736746,12.459291458129883,145000,0.0,0.0
2022-10-12 00:00:00-04:00,12.467746058441547,12.619895081856708,12.383218644074644,12.510009765625,120600,0.0,0.0
2022-10-13 00:00:00-04:00,12.26488252601329,12.78895045451599,12.231071717919995,12.780497550964355,174800,0.0,0.0
2022-10-14 00:00:00-04:00,12.932643954698172,13.042529260134476,12.61989384204704,12.653704643249512,227400,0.0,0.0
2022-10-17 00:00:00-04:00,12.941099949891486,13.135511901748515,12.856572523623825,12.95800495147705,167300,0.0,0.0
2022-10-18 00:00:00-04:00,13.32147044952134,13.465166576417072,13.059436098678182,13.118605613708496,135300,0.0,0.0
2022-10-19 00:00:00-04:00,13.093247832367284,13.236943969444587,12.619896515264736,12.839666366577148,188300,0.0,0.0
2022-10-20 00:00:00-04:00,12.856570444402465,13.321469601462494,12.839664639437702,12.991813659667969,166300,0.0,0.0
2022-10-21 00:00:00-04:00,12.94919145777637,13.256085266672782,12.812794570706666,13.204936027526855,129200,0.13,0.0
2022-10-24 00:00:00-04:00,13.307233576121316,13.528878922160489,13.213460920330697,13.486254692077637,135500,0.0,0.0
2022-10-25 00:00:00-04:00,13.52035214823944,13.767571674853878,13.52035214823944,13.750521659851074,86900,0.0,0.0
2022-10-26 00:00:00-04:00,13.759045153494826,14.057413879299794,13.65674832669119,13.793145179748535,109600,0.0,0.0
2022-10-27 00:00:00-04:00,13.86134574296634,13.89544414849748,13.562976971168627,13.614126205444336,134900,0.0,0.0
2022-10-28 00:00:00-04:00,13.597074647604902,13.767570720871634,13.426578574338173,13.699372291564941,146700,0.0,0.0
2022-10-31 00:00:00-04:00,13.699375887003983,13.912496237768773,13.656752467242722,13.886922836303711,140600,0.0,0.0
2022-11-01 00:00:00-04:00,14.048889500067334,14.176761352271166,13.84429421134544,13.869869232177734,134400,0.0,0.0
2022-11-02 00:00:00-04:00,13.520355623521114,13.61412910416122,13.145264139929706,13.170838356018066,205600,0.0,0.0
2022-11-03 00:00:00-04:00,13.07706212815446,13.375430069260831,12.880991023551346,13.102636337280273,236200,0.0,0.0
2022-11-04 00:00:00-04:00,13.315756782370023,13.418054432928539,13.085587271860728,13.153785705566406,92300,0.0,0.0
2022-11-07 00:00:00-05:00,13.179361576646345,13.298709257173671,13.128212338423332,13.273134231567383,187700,0.0,0.0
2022-11-08 00:00:00-05:00,13.315757638170725,13.545927976462472,13.008864666771236,13.3242826461792,200500,0.0,0.0
2022-11-09 00:00:00-05:00,13.281659718595732,13.30723393213381,12.915092468261719,12.915092468261719,121700,0.0,0.0
2022-11-10 00:00:00-05:00,13.486252717323932,13.750521441760268,13.443629306471875,13.665274620056152,158000,0.0,0.0
2022-11-11 00:00:00-05:00,13.707900896152085,13.972169675826235,13.61412823449184,13.886922836303711,105800,0.0,0.0
2022-11-14 00:00:00-05:00,13.827245611789976,13.852820635238237,13.733473777770996,13.733473777770996,176700,0.0,0.0
2022-11-15 00:00:00-05:00,13.938066304762172,14.023314739924672,13.707896017617022,13.827242851257324,155400,0.0,0.0
2022-11-16 00:00:00-05:00,13.852820635238237,13.886920666502581,13.716423762138824,13.733473777770996,106900,0.0,0.0
2022-11-17 00:00:00-05:00,13.597074255429854,13.673798502423715,13.418053180415871,13.554450035095215,262700,0.0,0.0
2022-11-18 00:00:00-05:00,13.690849664765338,13.690849664765338,13.409530891721499,13.56297779083252,231500,0.0,0.0
2022-11-21 00:00:00-05:00,13.392479781595654,13.571500867412874,13.349855558688803,13.452153205871582,174300,0.0,0.0
2022-11-22 00:00:00-05:00,13.503627821339474,13.632315999833319,13.460731761841526,13.60657787322998,155100,0.1,0.0
2022-11-23 00:00:00-05:00,13.615159810091631,13.700951945227017,13.53794705210467,13.675213813781738,122400,0.0,0.0
2022-11-25 00:00:00-05:00,13.615157627748983,13.68379099758643,13.51220757299281,13.589420318603516,219400,0.0,0.0
2022-11-28 00:00:00-05:00,13.512208156202119,13.580841529001898,13.41783747314601,13.452154159545898,165200,0.0,0.0
2022-11-29 00:00:00-05:00,13.469314898251534,13.572264978887558,13.417840267020777,13.503631591796875,109100,0.0,0.0
2022-11-30 00:00:00-05:00,13.503630092099224,13.889693874326657,13.443576089608031,13.846796989440918,217200,0.0,0.0
2022-12-01 00:00:00-05:00,13.949745888688938,14.061274500799026,13.846795015984648,13.966904640197754,163000,0.0,0.0
2022-12-02 00:00:00-05:00,13.75242563550961,13.949746375704056,13.75242563550961,13.932587623596191,149500,0.0,0.0
2022-12-05 00:00:00-05:00,13.812481393633245,13.93258940101346,13.623739187240057,13.675213813781738,169300,0.0,0.0
2022-12-06 00:00:00-05:00,13.700951851496232,13.752427295860198,13.434996888935531,13.52936840057373,118700,0.0,0.0
2022-12-07 00:00:00-05:00,13.495052213866913,13.63231980622279,13.443577582636156,13.503631591796875,200100,0.0,0.0
2022-12-08 00:00:00-05:00,13.589421568901098,13.700951009691817,13.47789212811038,13.520788192749023,155400,0.0,0.0
2022-12-09 00:00:00-05:00,13.44357474621056,13.546524805125413,13.32346593505606,13.349204063415527,123300,0.0,0.0
2022-12-12 00:00:00-05:00,13.340625791632762,13.469313171385487,13.340625791632762,13.443575859069824,136700,0.0,0.0
2022-12-13 00:00:00-05:00,13.863955869221739,13.915430495202957,13.537946904701124,13.580842971801758,184700,0.0,0.0
2022-12-14 00:00:00-05:00,13.615159810091631,13.761006767091562,13.469313671266136,13.675213813781738,212000,0.0,0.0
2022-12-15 00:00:00-05:00,13.606578801615493,13.606578801615493,13.246253186326333,13.349204063415527,180700,0.0,0.0
2022-12-16 00:00:00-05:00,13.263412475585938,13.409258602830704,13.057512349419575,13.263412475585938,177400,0.0,0.0
2022-12-19 00:00:00-05:00,13.22051637822636,13.400679192713115,13.06609087490218,13.160462379455566,250300,0.0,0.0
2022-12-20 00:00:00-05:00,13.186200868606418,13.323467631302018,12.963141970138844,13.04035472869873,253700,0.0,0.0
2022-12-21 00:00:00-05:00,13.057514132418609,13.211938839042835,13.048934754779907,13.108988761901855,306400,0.0,0.0
2022-12-22 00:00:00-05:00,12.99672391919329,13.229887305804326,12.893095655859028,13.203980445861816,332600,0.1,0.0
2022-12-23 00:00:00-05:00,13.12625905661898,13.2385232145765,13.013994898661462,13.14353084564209,167300,0.0,0.0
2022-12-27 00:00:00-05:00,13.143529701888157,13.19534341732018,12.91900140551164,13.005358695983887,182300,0.0,0.0
2022-12-28 00:00:00-05:00,12.9794523308102,13.08308059574623,12.80673855591682,12.832645416259766,316500,0.0,0.0
2022-12-29 00:00:00-05:00,12.875823984290493,13.117623267609142,12.875823984290493,13.039902687072754,311100,0.0,0.0
2022-12-30 00:00:00-05:00,12.988088143150925,13.100352302011355,12.919002633631312,13.039902687072754,279000,0.0,0.0
2023-01-03 00:00:00-05:00,13.169438473036955,13.212617124546652,12.988088795547645,13.065810203552246,149300,0.0,0.0
2023-01-04 00:00:00-05:00,13.203982160799551,13.37669595545545,13.160803506244493,13.290339469909668,101400,0.0,0.0
2023-01-05 00:00:00-05:00,13.247160522888233,13.247160522888233,13.134896352949346,13.152167320251465,86100,0.0,0.0
2023-01-06 00:00:00-05:00,13.316242698386143,13.583948801138057,13.25579309264812,13.549406051635742,118100,0.0,0.0
2023-01-09 00:00:00-05:00,13.670307544641782,13.799842663199616,13.549407496707389,13.601222038269043,134000,0.0,0.0
2023-01-10 00:00:00-05:00,13.601222809001001,13.730757934899122,13.532137298713437,13.687580108642578,107700,0.0,0.0
2023-01-11 00:00:00-05:00,13.748029678483142,13.903472487894783,13.722122818102616,13.868928909301758,103200,0.0,0.0
2023-01-12 00:00:00-05:00,13.955284690937331,14.10209158973461,13.851657260685315,14.024370193481445,90000,0.0,0.0
2023-01-13 00:00:00-05:00,13.920742763229427,14.067549662026707,13.851657260685315,14.024370193481445,171800,0.0,0.0
2023-01-17 00:00:00-05:00,13.989829051405502,14.110728275865007,13.989829051405502,14.050278663635254,149100,0.0,0.0
2023-01-18 00:00:00-05:00,14.067552195500564,14.231629264136846,13.912109375,13.912109375,167500,0.0,0.0
2023-01-19 00:00:00-05:00,13.834387183315565,13.946650521153341,13.765300848667637,13.886200904846191,130100,0.0,0.0
2023-01-20 00:00:00-05:00,13.938013878763506,14.128000259399414,13.903471948638702,14.128000259399414,160500,0.0,0.0
2023-01-23 00:00:00-05:00,14.154067653351081,14.293088435273704,14.093244611158795,14.240954399108887,117400,0.1,0.0
2023-01-24 00:00:00-05:00,14.232264204318055,14.310463594775156,14.154066471119258,14.267020225524902,161800,0.0,0.0
2023-01-25 00:00:00-05:00,14.136689099702199,14.258331864909598,14.032422688625584,14.223577499389648,115600,0.0,0.0
2023-01-26 00:00:00-05:00,14.301777437982949,14.353911480176848,14.223579689209373,14.345222473144531,139400,0.0,0.0
2023-01-27 00:00:00-05:00,14.345218736519504,14.440796131720466,14.293086365163617,14.336529731750488,220500,0.0,0.0
2023-01-30 00:00:00-05:00,14.336531418347574,14.36259843572123,14.188821634413657,14.206199645996094,140000,0.0,0.0
2023-01-31 00:00:00-05:00,14.30177624908053,14.371288299560547,14.22357850680751,14.371288299560547,182600,0.0,0.0
2023-02-01 00:00:00-05:00,14.379974119922386,14.675393674023336,14.267020364417114,14.562439918518066,140300,0.0,0.0
2023-02-02 00:00:00-05:00,14.649328457371126,14.831792600480254,14.614572435488432,14.77966022491455,189800,0.0,0.0
2023-02-03 00:00:00-05:00,14.6667046640071,14.779660076735036,14.614572288964071,14.640639305114746,144700,0.0,0.0
2023-02-06 00:00:00-05:00,14.54506272007782,14.623262115663595,14.414730946521,14.423419952392578,119800,0.0,0.0
2023-02-07 00:00:00-05:00,14.388662413503727,14.727526977772607,14.353908050936138,14.692770957946777,147400,0.0,0.0
2023-02-08 00:00:00-05:00,14.684084622812058,14.883926801370638,14.492931450789747,14.86655044555664,185200,0.0,0.0
2023-02-09 00:00:00-05:00,14.970812569719586,15.005568589736248,14.397351497510655,14.52768325805664,162800,0.0,0.0
2023-02-10 00:00:00-05:00,14.5276828676871,14.61457125813575,14.423418124955282,14.571127891540527,94500,0.0,0.0
2023-02-13 00:00:00-05:00,14.597194435289987,14.72752786018767,14.545062059685916,14.623261451721191,113700,0.0,0.0
2023-02-14 00:00:00-05:00,14.588510513305664,14.779663706920081,14.501622095386846,14.588510513305664,94600,0.0,0.0
2023-02-15 00:00:00-05:00,14.492930786723075,14.649329582692651,14.466863768308658,14.605884552001953,74200,0.0,0.0
2023-02-16 00:00:00-05:00,14.397351264953613,14.597193405046669,14.36259690275658,14.397351264953613,115700,0.0,0.0
2023-02-17 00:00:00-05:00,14.336532832628238,14.336532832628238,14.171445020826182,14.310465812683105,77800,0.0,0.0
2023-02-21 00:00:00-05:00,14.275495961028183,14.389139715047227,14.013240117979933,14.030722618103027,96300,0.1,0.0
2023-02-22 00:00:00-05:00,14.048206527520449,14.18807653022748,13.969529442574999,14.013239860534668,87500,0.0,0.0
2023-02-23 00:00:00-05:00,14.118142997364844,14.144369250868555,13.943305475795425,14.03946590423584,63200,0.0,0.0
2023-02-24 00:00:00-05:00,13.934563757276152,13.934563757276152,13.759726231114742,13.82091999053955,141100,0.0,0.0
2023-02-27 00:00:00-05:00,13.873371124267578,14.013241981839037,13.8121781972427,13.873371124267578,124500,0.0,0.0
2023-02-28 00:00:00-05:00,13.882112503051758,13.987015015626026,13.847144998860335,13.882112503051758,115600,0.0,0.0
2023-03-01 00:00:00-05:00,13.882112833369725,13.960789928095274,13.803435738644176,13.855887413024902,94800,0.0,0.0
2023-03-02 00:00:00-05:00,13.812178976549083,13.969532345447071,13.768469383197527,13.943306922912598,86100,0.0,0.0
2023-03-03 00:00:00-05:00,14.004497968419658,14.20556089163731,13.978271717285276,14.17933464050293,93600,0.0,0.0
2023-03-06 00:00:00-05:00,14.214303174983812,14.29298026210997,14.126884004023415,14.144368171691895,82300,0.0,0.0
2023-03-07 00:00:00-05:00,14.10065529053291,14.135623619764367,13.829657408515965,13.899592399597168,125700,0.0,0.0
2023-03-08 00:00:00-05:00,13.873369307794048,14.004498063281208,13.829659722631662,13.952046394348145,96900,0.0,0.0
2023-03-09 00:00:00-05:00,13.987013697688525,14.02198203227609,13.654822022325504,13.681047439575195,89500,0.0,0.0
2023-03-10 00:00:00-05:00,13.646081548518804,13.654823633197006,13.33137400332324,13.4013090133667,136200,0.0,0.0
2023-03-13 00:00:00-04:00,13.252697612930664,13.445019317616861,13.112827585410201,13.278923034667969,136400,0.0,0.0
2023-03-14 00:00:00-04:00,13.36634286616303,13.558664580165056,13.3138911864566,13.45376205444336,128500,0.0,0.0
2023-03-15 00:00:00-04:00,13.18276048736358,13.287662991199115,13.095341317321807,13.191502571105957,153900,0.0,0.0
2023-03-16 00:00:00-04:00,13.077859706469232,13.401309344331045,13.007924694698628,13.375083923339844,141700,0.0,0.0
2023-03-17 00:00:00-04:00,13.340115041158318,13.427533380007093,13.13031002749204,13.208986282348633,122600,0.0,0.0
2023-03-20 00:00:00-04:00,13.243952393400933,13.39256447089285,13.243952393400933,13.340113639831543,78200,0.0,0.0
2023-03-21 00:00:00-04:00,13.46330888522658,13.604101521856924,13.46330888522658,13.55130386352539,82000,0.1,0.0
2023-03-22 00:00:00-04:00,13.577702502176093,13.780091698440335,13.428110122680664,13.428110122680664,164400,0.0,0.0
2023-03-23 00:00:00-04:00,13.445709685000152,13.692097643771675,13.313716795022092,13.392912864685059,137500,0.0,0.0
2023-03-24 00:00:00-04:00,13.392911965104696,13.48090693944948,13.287317492376795,13.428110122680664,78300,0.0,0.0
2023-03-27 00:00:00-04:00,13.524903218867212,13.648097175155232,13.480905317393622,13.60409927368164,101700,0.0,0.0
2023-03-28 00:00:00-04:00,13.604101834425672,13.604101834425672,13.454509444771308,13.542505264282227,65200,0.0,0.0
2023-03-29 00:00:00-04:00,13.709695868887271,13.762493526716458,13.639299551241892,13.744894027709961,137600,0.0,0.0
2023-03-30 00:00:00-04:00,13.885687237214976,13.964883307638594,13.832890416392788,13.912086486816406,87700,0.0,0.0
2023-03-31 00:00:00-04:00,14.000081372112197,14.211270332336426,14.000081372112197,14.211270332336426,154500,0.0,0.0
2023-04-03 00:00:00-04:00,14.211270529347862,14.255269278992447,14.088077387104397,14.202470779418945,108000,0.0,0.0
2023-04-04 00:00:00-04:00,14.176074924635563,14.264069077818833,14.035281426294821,14.06167984008789,106900,0.0,0.0
2023-04-05 00:00:00-04:00,13.991283729446629,14.079279562387734,13.93848690103433,13.982484817504883,103000,0.0,0.0
2023-04-06 00:00:00-04:00,13.991280973221258,14.10567603702361,13.859288089002117,14.052878379821777,71800,0.0,0.0
2023-04-10 00:00:00-04:00,14.052878041396317,14.11447544651343,13.964882227909168,14.10567569732666,93200,0.0,0.0
2023-04-11 00:00:00-04:00,14.105676784864103,14.184872855270443,14.07047778540321,14.132074356079102,55100,0.0,0.0
2023-04-12 00:00:00-04:00,14.264065493932751,14.31686398663401,14.114474799753914,14.167271614074707,86500,0.0,0.0
2023-04-13 00:00:00-04:00,14.176073083224594,14.387262044517502,14.176073083224594,14.325665473937988,112400,0.0,0.0
2023-04-14 00:00:00-04:00,14.316864013671875,14.51045345213403,14.228868204050725,14.316864013671875,150800,0.0,0.0
2023-04-17 00:00:00-04:00,14.325665473937988,14.378462294666049,14.16727333337314,14.325665473937988,115700,0.0,0.0
2023-04-18 00:00:00-04:00,14.352061467634249,14.378460714286993,14.281665154940745,14.34326171875,90200,0.0,0.0
2023-04-19 00:00:00-04:00,14.29046476727139,14.360861079292215,14.237667952850888,14.316864013671875,79800,0.0,0.0
2023-04-20 00:00:00-04:00,14.29046690018199,14.343263722482634,14.220070577654226,14.264067649841309,81000,0.0,0.0
2023-04-21 00:00:00-04:00,14.27292251586914,14.299483944540587,14.166671734786735,14.27292251586914,71800,0.1,0.0
2023-04-24 00:00:00-04:00,14.281775199560373,14.3171926895208,14.175526107276841,14.27292251586914,65100,0.0,0.0
2023-04-25 00:00:00-04:00,14.18438024708624,14.219796047666833,13.98073390515159,13.998442649841309,142100,0.0,0.0
2023-04-26 00:00:00-04:00,14.033859766284676,14.069276412454501,13.883338808963051,13.936463356018066,160600,0.0,0.0
2023-04-27 00:00:00-04:00,13.998441876130146,14.246358377287596,13.98958750427468,14.237504005432129,100600,0.0,0.0
2023-04-28 00:00:00-04:00,14.264067941962836,14.396880149841309,14.202089024206138,14.396880149841309,103500,0.0,0.0
2023-05-01 00:00:00-04:00,14.405735102668302,14.467714022922365,14.299484318804966,14.334901809692383,111000,0.0,0.0
2023-05-02 00:00:00-04:00,14.255213410030198,14.264067782296165,13.989588152847139,14.104692459106445,158400,0.0,0.0
2023-05-03 00:00:00-04:00,14.14011002706467,14.272923086528081,14.069276733110641,14.086984634399414,83600,0.0,0.0
2023-05-04 00:00:00-04:00,13.998447033266315,14.060425970289353,13.883342689938038,13.9187593460083,132900,0.0,0.0
2023-05-05 00:00:00-04:00,14.033861575844483,14.485424506034963,14.02500720206046,14.35261058807373,213600,0.0,0.0
2023-05-08 00:00:00-04:00,14.343755806991119,14.379171608152673,14.264068143379033,14.27292251586914,121500,0.0,0.0
2023-05-09 00:00:00-04:00,14.219795803452584,14.255213292223752,14.131254614722886,14.157816886901855,89100,0.0,0.0
2023-05-10 00:00:00-04:00,14.237504547838167,14.255213292223752,14.078129225965542,14.157816886901855,125200,0.0,0.0
2023-05-11 00:00:00-04:00,14.166671293069177,14.21094146534049,14.10469237636981,14.175525665283203,123700,0.0,0.0
2023-05-12 00:00:00-04:00,14.237504172721067,14.237504172721067,14.016149940129758,14.042712211608887,124500,0.0,0.0
2023-05-15 00:00:00-04:00,14.08698595497688,14.184382376593653,14.016152654382617,14.148964881896973,85100,0.0,0.0
2023-05-16 00:00:00-04:00,14.113545986972996,14.184380120701304,14.060421442176033,14.104692459106445,134500,0.0,0.0
2023-05-17 00:00:00-04:00,14.131255512513368,14.290630000112005,14.069276592024979,14.246359825134277,70300,0.0,0.0
2023-05-18 00:00:00-04:00,14.255214938578634,14.39688153242695,14.219797445717049,14.370318412780762,128200,0.0,0.0
2023-05-19 00:00:00-04:00,14.432681747601725,14.486135646131997,14.388135416102502,14.450498580932617,105700,0.1,0.0
2023-05-22 00:00:00-04:00,14.414864498470859,14.521772305050243,14.397045964284645,14.423773765563965,122700,0.0,0.0
2023-05-23 00:00:00-04:00,14.254500741610434,14.334682444223505,14.14759208800449,14.201045989990234,145300,0.0,0.0
2023-05-24 00:00:00-04:00,14.076317401461928,14.08522666691311,13.960499499499509,13.996135711669922,120300,0.0,0.0
2023-05-25 00:00:00-04:00,14.013954081747215,14.067408827447382,13.95159091979232,14.03177261352539,127600,0.0,0.0
2023-05-26 00:00:00-04:00,14.076317302378833,14.307952255038877,14.049590355847734,14.28122615814209,108300,0.0,0.0
2023-05-30 00:00:00-04:00,14.290137809113535,14.334682444223505,14.129773554252939,14.201045989990234,129500,0.0,0.0
2023-05-31 00:00:00-04:00,14.111954503887219,14.174317666711051,13.969409646213105,14.129772186279297,120500,0.0,0.0
2023-06-01 00:00:00-04:00,14.174317699817081,14.34359035592623,14.067409056311797,14.263408660888672,133200,0.0,0.0
2023-06-02 00:00:00-04:00,14.370317667514414,14.521771804337169,14.34359156642556,14.486136436462402,137000,0.0,0.0
2023-06-05 00:00:00-04:00,14.46831810988319,14.503955177536692,14.370317873104977,14.441590309143066,119700,0.0,0.0
2023-06-06 00:00:00-04:00,14.40595329786653,14.584135217275882,14.379225500174512,14.548498153686523,107800,0.0,0.0
2023-06-07 00:00:00-04:00,14.548499480424379,14.610862648124193,14.477227046014754,14.512864112854004,115500,0.0,0.0
2023-06-08 00:00:00-04:00,14.575225381487424,14.628679275512695,14.468315894168228,14.628679275512695,116700,0.0,0.0
2023-06-09 00:00:00-04:00,14.664315223693848,14.717770819121188,14.628679859344341,14.664315223693848,114700,0.0,0.0
2023-06-12 00:00:00-04:00,14.682135333580517,14.762317036070964,14.646499965400821,14.735590934753418,177600,0.0,0.0
2023-06-13 00:00:00-04:00,14.815767053832374,14.913767264355116,14.762313165941997,14.869222640991211,146300,0.0,0.0
2023-06-14 00:00:00-04:00,14.86922641436496,14.976134217275781,14.744498378610482,14.878135681152344,134600,0.0,0.0
2023-06-15 00:00:00-04:00,14.762312331673042,15.020675890534362,14.762312331673042,14.967220306396484,147700,0.0,0.0
2023-06-16 00:00:00-04:00,15.04740615140282,15.056315417893629,14.940498352050781,14.940498352050781,159300,0.0,0.0
2023-06-20 00:00:00-04:00,14.913767500281049,14.913767500281049,14.726678040070865,14.815767288208008,105200,0.0,0.0
2023-06-21 00:00:00-04:00,14.744068563941909,14.869549445653293,14.717179070911413,14.797845840454102,90600,0.1,0.0
2023-06-22 00:00:00-04:00,14.726144247815535,14.842661981107412,14.717181082247079,14.779921531677246,70100,0.0,0.0
2023-06-23 00:00:00-04:00,14.708215825964245,14.753029937887352,14.66340171404114,14.690289497375488,96500,0.0,0.0
2023-06-26 00:00:00-04:00,14.672366069912991,14.699253855430959,14.564809799194336,14.564809799194336,117100,0.0,0.0
2023-06-27 00:00:00-04:00,14.54688123331982,14.735104250760688,14.44828985232571,14.70821475982666,172900,0.0,0.0
2023-06-28 00:00:00-04:00,14.735107413383991,14.842661981107412,14.726144247815535,14.779921531677246,85500,0.0,0.0
2023-06-29 00:00:00-04:00,14.770958366108788,14.806811028382617,14.726144247815535,14.779921531677246,151000,0.0,0.0
2023-06-30 00:00:00-04:00,14.959180298240804,15.01295757805567,14.905401308877037,14.968143463134766,153000,0.0,0.0
2023-07-03 00:00:00-04:00,14.968141246977856,15.012955355263662,14.941251756277184,14.986065864562988,144900,0.0,0.0
2023-07-05 00:00:00-04:00,14.878507733144032,14.932284992029205,14.815767312853291,14.9053955078125,100200,0.0,0.0
2023-07-06 00:00:00-04:00,14.699251596181984,14.77095519579073,14.555844396964496,14.70821475982666,172800,0.0,0.0
2023-07-07 00:00:00-04:00,14.717178429916517,14.887475125928258,14.672364319699664,14.824734687805176,137900,0.0,0.0
2023-07-10 00:00:00-04:00,14.869549330656016,14.869549330656016,14.788882561737182,14.860586166381836,102600,0.0,0.0
2023-07-11 00:00:00-04:00,14.878511100960498,15.06673240443744,14.833695283788401,15.021918296813965,100200,0.0,0.0
2023-07-12 00:00:00-04:00,15.18325583600698,15.237033121290736,15.138440006979621,15.201180458068848,192300,0.0,0.0
2023-07-13 00:00:00-04:00,15.308733938643728,15.371474378259474,15.272882991527057,15.353548049926758,114300,0.0,0.0
2023-07-14 00:00:00-04:00,15.425253577066744,15.479032568770538,15.299772682189179,15.308735847473145,108800,0.0,0.0
2023-07-17 00:00:00-04:00,15.26391644678807,15.362507811684983,15.254953284606826,15.317693710327148,118900,0.0,0.0
2023-07-18 00:00:00-04:00,15.317696129807759,15.505917436698905,15.317696129807759,15.479029655456543,110200,0.0,0.0
2023-07-19 00:00:00-04:00,15.50591797012785,15.57762157182196,15.50591797012785,15.514881134033203,81200,0.0,0.0
2023-07-20 00:00:00-04:00,15.452141761779785,15.514882203894942,15.416290813234909,15.452141761779785,111200,0.0,0.0
2023-07-21 00:00:00-04:00,15.569339494746743,15.569339494746743,15.45214026425941,15.488202095031738,76000,0.1,0.0
2023-07-24 00:00:00-04:00,15.5062316815909,15.605398268671124,15.479185310829429,15.49721622467041,103400,0.0,0.0
2023-07-25 00:00:00-04:00,15.48820076774992,15.533276332829786,15.470169853908939,15.49721622467041,60700,0.0,0.0
2023-07-26 00:00:00-04:00,15.443124228621686,15.533277082655884,15.416079576077294,15.479186058044434,84200,0.0,0.0
2023-07-27 00:00:00-04:00,15.596386987976752,15.704570780468297,15.407067500520354,15.425098419189453,160700,0.0,0.0
2023-07-28 00:00:00-04:00,15.533279043764393,15.578356336233929,15.443126178348209,15.5422945022583,279700,0.0,0.0
2023-07-31 00:00:00-04:00,15.58736993645935,15.668505614186046,15.47918616695262,15.605399131774902,164000,0.0,0.0
2023-08-01 00:00:00-04:00,15.587370616119262,15.587370616119262,15.461155926270926,15.506233215332031,192800,0.0,0.0
2023-08-02 00:00:00-04:00,15.380020633434587,15.380020633434587,15.25380764581054,15.262823104858398,129400,0.0,0.0
2023-08-03 00:00:00-04:00,15.172671103537509,15.244793060531123,15.127595525237657,15.136610984802246,129200,0.0,0.0
2023-08-04 00:00:00-04:00,15.2177430161615,15.325926785353975,15.082514594312912,15.1095609664917,134100,0.0,0.0
2023-08-07 00:00:00-04:00,15.190700000220874,15.244791030883789,15.163653625127985,15.244791030883789,107100,0.0,0.0
2023-08-08 00:00:00-04:00,15.10956427148929,15.217746344822347,15.0825178933945,15.208732604980469,118500,0.0,0.0
2023-08-09 00:00:00-04:00,15.235776481583203,15.280853776094283,15.127594413802539,15.181685447692871,99700,0.0,0.0
2023-08-10 00:00:00-04:00,15.29888026086209,15.380017657067988,15.15463638305664,15.15463638305664,93600,0.0,0.0
2023-08-11 00:00:00-04:00,15.082516075600314,15.14562256402597,15.037440503731371,15.055471420288086,113400,0.0,0.0
2023-08-14 00:00:00-04:00,15.055472013848592,15.136609422029798,14.974334605667384,15.08251667022705,116300,0.0,0.0
2023-08-15 00:00:00-04:00,15.04645509129197,15.04645509129197,14.884180290717843,14.92024040222168,90700,0.0,0.0
2023-08-16 00:00:00-04:00,14.884180973447242,14.947287461115675,14.79402811126827,14.821074485778809,142700,0.0,0.0
2023-08-17 00:00:00-04:00,14.875164260169853,14.92023982769463,14.685844813138578,14.69485855102539,147600,0.0,0.0
2023-08-18 00:00:00-04:00,14.640769628564065,14.75796887219505,14.604709513270405,14.712891578674316,103500,0.0,0.0
2023-08-21 00:00:00-04:00,14.767314621409609,14.858021554255037,14.594968334780377,14.731030464172363,87600,0.1,0.0
2023-08-22 00:00:00-04:00,14.767316450169806,14.821740962641673,14.658465695102013,14.667536735534668,85900,0.0,0.0
2023-08-23 00:00:00-04:00,14.685678011665788,14.86709362000563,14.667535931794614,14.82174015045166,100700,0.0,0.0
2023-08-24 00:00:00-04:00,14.89430944519455,14.912451528361025,14.549618515652883,14.57682991027832,142800,0.0,0.0
2023-08-25 00:00:00-04:00,14.613112556579036,14.703819502727676,14.486120582809615,14.649394989013672,88000,0.0,0.0
2023-08-28 00:00:00-04:00,14.731033069603685,14.830812789529991,14.731033069603685,14.812670707702637,87300,0.0,0.0
2023-08-29 00:00:00-04:00,14.839883379740048,15.075725245960447,14.812670257825507,15.066654205322266,68200,0.0,0.0
2023-08-30 00:00:00-04:00,15.112006583797738,15.238997683285863,15.066653114015972,15.18457317352295,189900,0.0,0.0
2023-08-31 00:00:00-04:00,15.238998532447582,15.284353734880645,15.130149506856366,15.14829158782959,111800,0.0,0.0
2023-09-01 00:00:00-04:00,15.284353531365518,15.302495612097177,15.112007224662849,15.17550277709961,58600,0.0,0.0
2023-09-05 00:00:00-04:00,15.139222745770333,15.139222745770333,15.030371974248391,15.039443016052246,119300,0.0,0.0
2023-09-06 00:00:00-04:00,15.021300239443935,15.039442322214668,14.839884602109315,14.957804679870605,154700,0.0,0.0
2023-09-07 00:00:00-04:00,14.830812454223633,14.894308009059673,14.803599332097855,14.830812454223633,84700,0.0,0.0
2023-09-08 00:00:00-04:00,14.839884113332348,14.921521752987536,14.785457866812768,14.848955154418945,76400,0.0,0.0
2023-09-11 00:00:00-04:00,14.939658049984464,14.966871165857834,14.867091471112527,14.903375625610352,67400,0.0,0.0
2023-09-12 00:00:00-04:00,14.803598294730746,14.87616488519025,14.75824482449005,14.767315864562988,91800,0.0,0.0
2023-09-13 00:00:00-04:00,14.812669897331668,14.858023369294711,14.649394630066222,14.69474983215332,107500,0.0,0.0
2023-09-14 00:00:00-04:00,14.776388274172074,14.830812789529991,14.721962028690008,14.812670707702637,150400,0.0,0.0
2023-09-15 00:00:00-04:00,14.794528909327198,14.867095507902793,14.676608835438426,14.70382022857666,84000,0.0,0.0
2023-09-18 00:00:00-04:00,14.685678530354178,14.721960961254032,14.622182978686414,14.63125228881836,181000,0.0,0.0
2023-09-19 00:00:00-04:00,14.604040765721939,14.685678397161222,14.549616254803752,14.622182846069336,118800,0.0,0.0
2023-09-20 00:00:00-04:00,14.622186283004936,14.731035330426208,14.549619674682617,14.549619674682617,148600,0.0,0.0
2023-09-21 00:00:00-04:00,14.403571533349318,14.476593373860192,14.294038772583008,14.294038772583008,93500,0.1,0.0
2023-09-22 00:00:00-04:00,14.49484914583362,14.522232118169827,14.312294546110575,14.32142162322998,193000,0.0,0.0
2023-09-25 00:00:00-04:00,14.266656540056346,14.275784488215942,14.157123773608332,14.175378799438477,203000,0.0,0.0
2023-09-26 00:00:00-04:00,14.093228538149189,14.138867406939882,13.938057777043262,13.96544075012207,154400,0.0,0.0
2023-09-27 00:00:00-04:00,14.084101716685012,14.120612638283152,13.956313055847001,14.056717872619629,180300,0.0,0.0
2023-09-28 00:00:00-04:00,14.029335519962206,14.129740341178612,13.992824596748143,14.06584644317627,117800,0.0,0.0
2023-09-29 00:00:00-04:00,14.266656113081188,14.284911138364993,13.992823769911935,14.03846263885498,300900,0.0,0.0
2023-10-02 00:00:00-04:00,14.06584577483728,14.08410167082142,13.89241911543312,13.983695983886719,186900,0.0,0.0
2023-10-03 00:00:00-04:00,13.919801107897063,13.956312026803136,13.700735594460626,13.7372465133667,207500,0.0,0.0
2023-10-04 00:00:00-04:00,13.755501796676658,13.846779530905652,13.691607905009755,13.828523635864258,106100,0.0,0.0
2023-10-05 00:00:00-04:00,13.81026973077834,13.910674550177902,13.782886756485562,13.874163627624512,124500,0.0,0.0
2023-10-06 00:00:00-04:00,13.819398663253095,14.093230166661211,13.718992966213607,14.047592163085938,122800,0.0,0.0
2023-10-09 00:00:00-04:00,14.029336265264533,14.184507914789997,13.965442363867854,14.047592163085938,134700,0.0,0.0
2023-10-10 00:00:00-04:00,14.102355798024664,14.266655369460233,14.102355798024664,14.157122611999512,93200,0.0,0.0
2023-10-11 00:00:00-04:00,14.202763557434082,14.266657457682795,14.093229913451854,14.202763557434082,87900,0.0,0.0
2023-10-12 00:00:00-04:00,14.248401436234385,14.266657333568972,14.056718866666698,14.129740715026855,93900,0.0,0.0
2023-10-13 00:00:00-04:00,14.166251966701836,14.22101791562822,13.99282443062714,14.020207405090332,113000,0.0,0.0
2023-10-16 00:00:00-04:00,14.038462065414326,14.184505743675288,14.020206170387212,14.10235595703125,114000,0.0,0.0
2023-10-17 00:00:00-04:00,13.983696318928994,14.157123852977422,13.965441292996505,14.074974060058594,81200,0.0,0.0
2023-10-18 00:00:00-04:00,13.974567184318659,14.011078101298718,13.837650592776738,13.85590648651123,104700,0.0,0.0
2023-10-19 00:00:00-04:00,13.874161945589671,13.938056705178614,13.691607354954732,13.718990325927734,144000,0.0,0.0
2023-10-20 00:00:00-04:00,13.691425391972084,13.884391830107079,13.5260262137989,13.5352144241333,133700,0.1,0.0
2023-10-23 00:00:00-04:00,13.507645299201204,13.590345309664128,13.342246154594713,13.37900161743164,222800,0.0,0.0
2023-10-24 00:00:00-04:00,13.424947915026815,13.590347968309457,13.37900423473233,13.480081558227539,121800,0.0,0.0
2023-10-25 00:00:00-04:00,13.406569879852718,13.406569879852718,13.204414367675781,13.204414367675781,185900,0.0,0.0
2023-10-26 00:00:00-04:00,13.167657986949187,13.259547088747402,13.002257954240173,13.029825210571289,259800,0.0,0.0
2023-10-27 00:00:00-04:00,13.084959271348845,13.121714740458046,12.937937394912039,12.983881950378418,167900,0.0,0.0
2023-10-30 00:00:00-04:00,13.002258334625362,13.195224752991367,13.002258334625362,13.176847457885742,107900,0.0,0.0
2023-10-31 00:00:00-04:00,13.296302795410156,13.351435556433708,13.231980072456766,13.296302795410156,207100,0.0,0.0
2023-11-01 00:00:00-04:00,13.28711333681264,13.526024298059975,13.204413321279377,13.51683521270752,206700,0.0,0.0
2023-11-02 00:00:00-04:00,13.700614187302602,14.013036116336975,13.691425100844057,13.96709156036377,140000,0.0,0.0
2023-11-03 00:00:00-04:00,14.095734797125838,14.307078507593577,14.058979331117559,14.187623023986816,137200,0.0,0.0
2023-11-06 00:00:00-05:00,14.169247965902452,14.206003437712956,14.049792463438424,14.104926109313965,166400,0.0,0.0
2023-11-07 00:00:00-05:00,14.058980183401093,14.178435674249487,14.022224715164626,14.15086841583252,132500,0.0,0.0
2023-11-08 00:00:00-05:00,14.150867365838803,14.24275646777155,14.077356434820375,14.11411190032959,88900,0.0,0.0
2023-11-09 00:00:00-05:00,14.206001051259024,14.224378345917305,13.939523706318282,13.957901000976562,96100,0.0,0.0
2023-11-10 00:00:00-05:00,14.040601665885315,14.215190792955264,14.03141345629174,14.178435325622559,118600,0.0,0.0
2023-11-13 00:00:00-05:00,14.141679858289853,14.242757174374926,14.123301686463769,14.178435325622559,76700,0.0,0.0
2023-11-14 00:00:00-05:00,14.297890889331185,14.601123715513397,14.297890889331185,14.56436824798584,152200,0.0,0.0
2023-11-15 00:00:00-05:00,14.656255990451506,14.738956885033115,14.656255990451506,14.729767799377441,133400,0.0,0.0
2023-11-16 00:00:00-05:00,14.693011708879391,14.766522642747297,14.647067156132085,14.665445327758789,86000,0.0,0.0
2023-11-17 00:00:00-05:00,14.711391630021822,14.849224428335708,14.693013456209538,14.784902572631836,93800,0.0,0.0
2023-11-20 00:00:00-05:00,14.803277752865439,14.968677778449889,14.757332327626001,14.92273235321045,137800,0.0,0.0
2023-11-21 00:00:00-05:00,14.959716796875,14.978208835089406,14.885750407515209,14.959716796875,102100,0.1,0.0
2023-11-22 00:00:00-05:00,14.98745375400279,15.126142283250976,14.98745375400279,15.079912185668945,136100,0.0,0.0
2023-11-24 00:00:00-05:00,15.12614206421039,15.16312437824257,15.10765002544536,15.144632339477539,39200,0.0,0.0
2023-11-27 00:00:00-05:00,15.061423294786724,15.181618032554143,15.061423294786724,15.163125991821289,100500,0.0,0.0
2023-11-28 00:00:00-05:00,15.163125185524185,15.218599541274841,15.09840480989876,15.153879165649414,93200,0.0,0.0
2023-11-29 00:00:00-05:00,15.274074920051588,15.3572873313925,15.190862508710673,15.200108528137207,227000,0.0,0.0
2023-11-30 00:00:00-05:00,15.246340155941159,15.301814520988428,15.209357833742404,15.283324241638184,220200,0.0,0.0
2023-12-01 00:00:00-05:00,15.283322834555172,15.440501657300075,15.274076813982166,15.412763595581055,234500,0.0,0.0
2023-12-04 00:00:00-05:00,15.292566669000925,15.385023334517768,15.292566669000925,15.320302963256836,146800,0.0,0.0
2023-12-05 00:00:00-05:00,15.329551777590792,15.375780118778163,15.23709333171787,15.274077415466309,166900,0.0,0.0
2023-12-06 00:00:00-05:00,15.329550231950606,15.37577856847689,15.301812171936035,15.301812171936035,200400,0.0,0.0
2023-12-07 00:00:00-05:00,15.385022746442793,15.403514784238467,15.320302377655723,15.35728645324707,140500,0.0,0.0
2023-12-08 00:00:00-05:00,15.357285725547506,15.40351405434839,15.338793688628071,15.394268035888672,156800,0.0,0.0
2023-12-11 00:00:00-05:00,15.366532472144907,15.385022746442793,15.348040434349235,15.35728645324707,146700,0.0,0.0
2023-12-12 00:00:00-05:00,15.394270529467462,15.394270529467462,15.32030413330628,15.366534233093262,79500,0.0,0.0
2023-12-13 00:00:00-05:00,15.422009949737221,15.699383518934681,15.403517908191219,15.66240119934082,136600,0.0,0.0
2023-12-14 00:00:00-05:00,15.717871164571932,15.85655791038333,15.690133110010592,15.8010835647583,139200,0.0,0.0
2023-12-15 00:00:00-05:00,15.847315580409969,15.893545682104866,15.699382781982422,15.699382781982422,100100,0.0,0.0
2023-12-18 00:00:00-05:00,15.708628578047216,15.875053414776652,15.708628578047216,15.764102935791016,127500,0.0,0.0
2023-12-19 00:00:00-05:00,15.856564434650334,15.9397768690749,15.828828132174397,15.912038803100586,128300,0.0,0.0
2023-12-20 00:00:00-05:00,15.875053492019182,16.059970370062306,15.690136613976058,15.70862865447998,227100,0.0,0.0
2023-12-21 00:00:00-05:00,15.764431471535683,15.903939353579394,15.736529185551355,15.885337829589844,113000,0.1,0.0
2023-12-22 00:00:00-05:00,15.903940200805664,16.01554580281044,15.810934349842308,15.903940200805664,158200,0.0,0.0
2023-12-26 00:00:00-05:00,15.876038829036005,16.02484748958476,15.866738066009313,15.96904468536377,126500,0.0,0.0
2023-12-27 00:00:00-05:00,15.99694538116455,16.052748179827642,15.969043094863512,15.99694538116455,113200,0.0,0.0
2023-12-28 00:00:00-05:00,15.969043094863512,16.071349704028336,15.969043094863512,15.99694538116455,87000,0.0,0.0
2023-12-29 00:00:00-05:00,16.02484656530068,16.05274885277141,15.903940200805664,15.903940200805664,133400,0.0,0.0
2024-01-02 00:00:00-05:00,15.91323988214759,15.95974191750038,15.64352311007237,15.662124633789062,256100,0.0,0.0
2024-01-03 00:00:00-05:00,15.504018716035471,15.606325345541205,15.355210040721317,15.45751667022705,230800,0.0,0.0
2024-01-04 00:00:00-05:00,15.476115879944496,15.662127604515458,15.476115879944496,15.643526077270508,169900,0.0,0.0
2024-01-05 00:00:00-05:00,15.587723757137956,15.764434723614858,15.578422993224505,15.699329376220703,240000,0.0,0.0
2024-01-08 00:00:00-05:00,15.764431500573574,15.829535060717962,15.717927690514033,15.820234298706055,159100,0.0,0.0
2024-01-09 00:00:00-05:00,15.727229441297442,15.941141659203092,15.690028164849934,15.931840896606445,213400,0.0,0.0
2024-01-10 00:00:00-05:00,15.941144675223926,16.099254121402645,15.903943391738036,16.0434513092041,86400,0.0,0.0
2024-01-11 00:00:00-05:00,16.089948654174805,16.117850939088328,15.978343062398505,16.089948654174805,139300,0.0,0.0
2024-01-12 00:00:00-05:00,16.099253274987685,16.15505785819173,16.01554817412094,16.02484893798828,88700,0.0,0.0
2024-01-16 00:00:00-05:00,16.015546019703667,16.127153397158967,15.866737365722656,15.866737365722656,133100,0.0,0.0
2024-01-17 00:00:00-05:00,15.810936437214735,15.941143581390048,15.717930573972671,15.755133628845215,124100,0.0,0.0
2024-01-18 00:00:00-05:00,15.820236519251981,15.913242378486498,15.764433713286957,15.848138809204102,104400,0.0,0.0
2024-01-19 00:00:00-05:00,15.931840714337328,15.94114147682757,15.829535874822792,15.903940200805664,110900,0.0,0.0
2024-01-22 00:00:00-05:00,15.978782510215902,16.08169093156543,15.950716090473103,15.960071563720703,202500,0.1,0.0
2024-01-23 00:00:00-05:00,15.960069874731262,16.02555639616022,15.960069874731262,15.988136291503906,118800,0.0,0.0
2024-01-24 00:00:00-05:00,16.091044943763798,16.14717599377869,16.016202948952643,16.034912109375,101800,0.0,0.0
2024-01-25 00:00:00-05:00,16.14717813020489,16.14717813020489,16.016205068049853,16.06298065185547,140500,0.0,0.0
2024-01-26 00:00:00-05:00,16.091046587892876,16.306217121913615,16.062980167830744,16.29686164855957,368000,0.0,0.0
2024-01-29 00:00:00-05:00,16.334282581808466,16.446546483347593,16.278151523225993,16.437191009521484,159700,0.0,0.0
2024-01-30 00:00:00-05:00,16.418478062702643,16.446544480763514,16.343636065580952,16.40912437438965,134600,0.0,0.0
2024-01-31 00:00:00-05:00,16.418478485455,16.44654490423854,16.175243326827022,16.18459701538086,158600,0.0,0.0
2024-02-01 00:00:00-05:00,16.203311102613085,16.446548092772037,16.203311102613085,16.381061553955078,148800,0.0,0.0
2024-02-02 00:00:00-05:00,16.39976731186974,16.521384876262353,16.324925322003416,16.465253829956055,194400,0.0,0.0
2024-02-05 00:00:00-05:00,16.399770235521682,16.42783487149113,16.231375282208564,16.33428192138672,124900,0.0,0.0
2024-02-06 00:00:00-05:00,16.36234496240614,16.41847600712637,16.334278547859157,16.390411376953125,90700,0.0,0.0
2024-02-07 00:00:00-05:00,16.502676226023333,16.549453591423898,16.40912506397028,16.530742645263672,137300,0.0,0.0
2024-02-08 00:00:00-05:00,16.55880539165931,16.55880539165931,16.493317094624224,16.549449920654297,70200,0.0,0.0
2024-02-09 00:00:00-05:00,16.605587076209638,16.61494255065918,16.568165178411476,16.61494255065918,108200,0.0,0.0
2024-02-12 00:00:00-05:00,16.689781188964844,16.820754236040862,16.680425716405995,16.689781188964844,159500,0.0,0.0
2024-02-13 00:00:00-05:00,16.549456245804844,16.549456245804844,16.268797361508458,16.343639373779297,108900,0.0,0.0
2024-02-14 00:00:00-05:00,16.483968824660916,16.530744410682896,16.43719145426471,16.512033462524414,110400,0.0,0.0
2024-02-15 00:00:00-05:00,16.558811347465767,16.643008832421046,16.558811347465767,16.59623146057129,94600,0.0,0.0
2024-02-16 00:00:00-05:00,16.5962316017601,16.68042908743167,16.51203411608853,16.61494255065918,152100,0.0,0.0
2024-02-20 00:00:00-05:00,16.58687532804966,16.614941750045865,16.455902260815797,16.493322372436523,110100,0.0,0.0
2024-02-21 00:00:00-05:00,16.446277133228094,16.606223840357266,16.427459451318093,16.587406158447266,110500,0.1,0.0
2024-02-22 00:00:00-05:00,16.841442432758377,16.926120221643878,16.690904540195987,16.86966896057129,140500,0.0,0.0
2024-02-23 00:00:00-05:00,16.869664924969694,16.935525012891375,16.850847244262695,16.850847244262695,81400,0.0,0.0
2024-02-26 00:00:00-05:00,16.82262208291497,16.91670869950184,16.794397354125977,16.794397354125977,73300,0.0,0.0
2024-02-27 00:00:00-05:00,16.841439544898282,16.860257226880158,16.747352929541837,16.77557945251465,122400,0.0,0.0
2024-02-28 00:00:00-05:00,16.681494195349945,16.775580818366837,16.65326946463203,16.71912956237793,90500,0.0,0.0
2024-02-29 00:00:00-05:00,16.81321640058823,16.907301230256248,16.69090325073486,16.74735450744629,128600,0.0,0.0
2024-03-01 00:00:00-05:00,16.73794896302134,16.94493811925085,16.73794896302134,16.89789390563965,137300,0.0,0.0
2024-03-04 00:00:00-05:00,16.860260329303944,16.94493811925085,16.860260329303944,16.89789390563965,95800,0.0,0.0
2024-03-05 00:00:00-05:00,16.860256787166986,16.907299196341885,16.68149240210718,16.72853660583496,96200,0.0,0.0
2024-03-06 00:00:00-05:00,16.813215361960594,16.93552670970515,16.775579996775818,16.83203125,126400,0.0,0.0
2024-03-07 00:00:00-05:00,16.94493381906653,17.076653994644214,16.907298457728448,17.029611587524414,105600,0.0,0.0
2024-03-08 00:00:00-05:00,17.067248327748125,17.20837916445462,16.94493696976271,16.963754653930664,183400,0.0,0.0
2024-03-11 00:00:00-04:00,16.94493696976271,16.991979385629456,16.897892759342835,16.963754653930664,79500,0.0,0.0
2024-03-12 00:00:00-04:00,17.057837627012894,17.170741925165217,16.973161646589823,17.161333084106445,151700,0.0,0.0
2024-03-13 00:00:00-04:00,17.170744375876765,17.255422162938494,17.12370195842167,17.2083797454834,124200,0.0,0.0
2024-03-14 00:00:00-04:00,17.180151588505737,17.23660284300732,17.029613713466173,17.048431396484375,115200,0.0,0.0
2024-03-15 00:00:00-04:00,17.02020547457724,17.07665673107754,16.907301167023544,16.926118850708008,99700,0.0,0.0
2024-03-18 00:00:00-04:00,17.010795264100405,17.104881880399727,16.973161694312445,16.982568740844727,80000,0.0,0.0
2024-03-19 00:00:00-04:00,16.897890965630634,17.048430628441313,16.8696662369279,16.982568740844727,111700,0.0,0.0
2024-03-20 00:00:00-04:00,16.954188158011448,17.1907142194767,16.935265640002072,17.143409729003906,136200,0.1,0.0
2024-03-21 00:00:00-04:00,17.20017296581948,17.351549478679576,17.20017296581948,17.304244995117188,96100,0.0,0.0
2024-03-22 00:00:00-04:00,17.256940889630055,17.31370663799462,17.1717913648079,17.19071388244629,58800,0.0,0.0
2024-03-25 00:00:00-04:00,17.17179031153309,17.21909660272742,17.105563308411526,17.11502456665039,66900,0.0,0.0
2024-03-26 00:00:00-04:00,17.20017456338062,17.256940309837997,17.13394755842193,17.152868270874023,76900,0.0,0.0
2024-03-27 00:00:00-04:00,17.23801913321905,17.247480392456055,17.152869604636713,17.247480392456055,91600,0.0,0.0
2024-03-28 00:00:00-04:00,17.28532189815321,17.304244412761502,17.181249872357935,17.266399383544922,186000,0.0,0.0
2024-04-01 00:00:00-04:00,17.247479051336676,17.256940309837997,17.12448629992061,17.152868270874023,122700,0.0,0.0
2024-04-02 00:00:00-04:00,16.82173630510503,17.0488011367767,16.793352524439495,17.029878616333008,213000,0.0,0.0
2024-04-03 00:00:00-04:00,16.982572737657076,17.16233125358997,16.982572737657076,17.133949279785156,132900,0.0,0.0
2024-04-04 00:00:00-04:00,17.19071479564473,17.304248102955544,16.916343688964844,16.916343688964844,166700,0.0,0.0
2024-04-05 00:00:00-04:00,16.973109014941336,17.143408051258046,16.954186498783823,17.096101760864258,86600,0.0,0.0
2024-04-08 00:00:00-04:00,17.152869183457952,17.219097996490763,17.124487210994534,17.143409729003906,90500,0.0,0.0
2024-04-09 00:00:00-04:00,17.256941413957367,17.275863932170694,17.067721645476105,17.162330627441406,102100,0.0,0.0
2024-04-10 00:00:00-04:00,17.039338778990448,17.105565791726576,16.944727987417085,17.020416259765625,125600,0.0,0.0
2024-04-11 00:00:00-04:00,17.02041325379107,17.058258285556906,16.869036735828594,17.01095199584961,102700,0.0,0.0
2024-04-12 00:00:00-04:00,16.88795969641066,16.925802924622563,16.594667910704114,16.632511138916016,129200,0.0,0.0
2024-04-15 00:00:00-04:00,16.802810250567425,16.82173276703119,16.282451875116873,16.36760139465332,156800,0.0,0.0
2024-04-16 00:00:00-04:00,16.377061365049613,16.44328836291443,16.320295624672674,16.339218139648438,110200,0.0,0.0
2024-04-17 00:00:00-04:00,16.462212508485276,16.556823288185008,16.282452207510833,16.320297241210938,131300,0.0,0.0
2024-04-18 00:00:00-04:00,16.395984108121585,16.44328859166873,16.291912078857422,16.291912078857422,124700,0.0,0.0
2024-04-19 00:00:00-04:00,16.225687599076938,16.339220903586423,16.102694840029763,16.13107681274414,149200,0.0,0.0
2024-04-22 00:00:00-04:00,16.254054219183985,16.463785124146288,16.244522649238323,16.38751983642578,171300,0.129,0.0
2024-04-23 00:00:00-04:00,16.482853476630368,16.654449026677373,16.482853476630368,16.625850677490234,70800,0.0,0.0
2024-04-24 00:00:00-04:00,16.66397897959551,16.683045753993916,16.530515195422016,16.57818031311035,99400,0.0,0.0
2024-04-25 00:00:00-04:00,16.368454129954753,16.58771661919631,16.330320574447697,16.559118270874023,89300,0.0,0.0
2024-04-26 00:00:00-04:00,16.70211126810523,16.864175201647516,16.70211126810523,16.759309768676758,139600,0.0,0.0
2024-04-29 00:00:00-04:00,16.826045070095077,16.902310359102167,16.78791333474549,16.845111846923828,75800,0.0,0.0
2024-04-30 00:00:00-04:00,16.845110704431725,16.911842600498456,16.597248077392578,16.597248077392578,167500,0.0,0.0
2024-05-01 00:00:00-04:00,16.635382039579017,16.73071228299725,16.492383037835992,16.511449813842773,137800,0.0,0.0
2024-05-02 00:00:00-04:00,16.606782957602576,16.768846927604006,16.568649403104374,16.683048248291016,86200,0.0,0.0
2024-05-03 00:00:00-04:00,16.91184287517255,16.997641548168364,16.82604420217674,16.94044303894043,83300,0.0,0.0
2024-05-06 00:00:00-04:00,17.035776116514555,17.092974629155965,16.99764256254833,17.07390785217285,139900,0.0,0.0
2024-05-07 00:00:00-04:00,17.169239503983896,17.245504791765903,17.12157256267771,17.159706115722656,102100,0.0,0.0
2024-05-08 00:00:00-04:00,17.073905085679883,17.226435640214326,17.073905085679883,17.16923713684082,72200,0.0,0.0
2024-05-09 00:00:00-04:00,17.226437125532243,17.34083596045073,17.18830539276461,17.293169021606445,98300,0.0,0.0
2024-05-10 00:00:00-04:00,17.350368427592063,17.436167094651413,17.302701491277034,17.31223487854004,85700,0.0,0.0
2024-05-13 00:00:00-04:00,17.38850161246934,17.426635164710323,17.302702938234976,17.32176971435547,96000,0.0,0.0
2024-05-14 00:00:00-04:00,17.378968341906095,17.455233628595835,17.35036999583986,17.436168670654297,76400,0.0,0.0
2024-05-15 00:00:00-04:00,17.48383146419116,17.579163514432437,17.45523130362649,17.560096740722656,148400,0.0,0.0
2024-05-16 00:00:00-04:00,17.579165473956742,17.664964146906986,17.560098698121617,17.636363983154297,218100,0.0,0.0
2024-05-17 00:00:00-04:00,17.65543123975256,17.67449801610688,17.57916595264315,17.588699340820312,98400,0.0,0.0
2024-05-20 00:00:00-04:00,17.674495697021484,17.750760974124063,17.63636214931638,17.674495697021484,84300,0.0,0.0
2024-05-21 00:00:00-04:00,17.703095012819617,17.7316951751709,17.645896506424783,17.7316951751709,78200,0.0,0.0
2024-05-22 00:00:00-04:00,17.7126317111059,17.74123187880311,17.60776624785753,17.664966583251953,105000,0.0,0.0
2024-05-23 00:00:00-04:00,17.817604075164308,17.846404741759887,17.433604342499052,17.481603622436523,131800,0.129,0.0
2024-05-24 00:00:00-04:00,17.42400493059013,17.654404780903846,17.42400493059013,17.568004608154297,98200,0.0,0.0
2024-05-28 00:00:00-04:00,17.520002063328374,17.606402219988084,17.424001685811483,17.491201400756836,166400,0.0,0.0
2024-05-29 00:00:00-04:00,17.337604542297992,17.404804268922152,17.2608045931482,17.270404815673828,106200,0.0,0.0
2024-05-30 00:00:00-04:00,17.318402639522837,17.51040156040894,17.21280204284981,17.260801315307617,147700,0.0,0.0
2024-05-31 00:00:00-04:00,17.41440445224034,17.41440445224034,17.19360482781372,17.404804229736328,113800,0.0,0.0
2024-06-03 00:00:00-04:00,17.52960258613485,17.6352031863279,17.40480154389671,17.520002365112305,96400,0.0,0.0
2024-06-04 00:00:00-04:00,17.539206088297018,17.616006039789756,17.424005245530275,17.529605865478516,110700,0.0,0.0
2024-06-05 00:00:00-04:00,17.65440237984984,17.740802540848698,17.596802882868936,17.712003707885742,108200,0.0,0.0
2024-06-06 00:00:00-04:00,17.740804652951883,17.865605714165998,17.71200581656033,17.80800437927246,132800,0.0,0.0
2024-06-07 00:00:00-04:00,17.836803987822645,17.87520487547197,17.712004765072553,17.7600040435791,107900,0.0,0.0
2024-06-10 00:00:00-04:00,17.7984035564154,17.808001946531213,17.673602512250284,17.750402450561523,93200,0.0,0.0
2024-06-11 00:00:00-04:00,17.779204725801037,17.81760378291014,17.625604835254364,17.721603393554688,105400,0.0,0.0
2024-06-12 00:00:00-04:00,17.92320549592141,17.99040522328399,17.798406263827374,17.90400505065918,92600,0.0,0.0
2024-06-13 00:00:00-04:00,17.971203957919382,17.971203957919382,17.760004562838457,17.817604064941406,94700,0.0,0.0
2024-06-14 00:00:00-04:00,17.856005270115478,17.87520571484174,17.664004484963247,17.779205322265625,99000,0.0,0.0
2024-06-17 00:00:00-04:00,17.827204287134425,17.8656051759065,17.75040434064544,17.817604064941406,94200,0.0,0.0
2024-06-18 00:00:00-04:00,17.87520569635648,17.923204977067307,17.817604362237265,17.846405029296875,62700,0.0,0.0
2024-06-20 00:00:00-04:00,17.875202947646493,17.942402662730274,17.779202569931847,17.82720184326172,54300,0.0,0.0
2024-06-21 00:00:00-04:00,17.85523888811667,17.903575780985943,17.777901703389766,17.806903839111328,58900,0.129,0.0
2024-06-24 00:00:00-04:00,17.884242109953654,18.019581730478972,17.835907058012907,17.913244247436523,127000,0.0,0.0
2024-06-25 00:00:00-04:00,17.990577566597203,17.990577566597203,17.826235843943394,17.893905639648438,82000,0.0,0.0
2024-06-26 00:00:00-04:00,17.884240095030783,17.89390747310257,17.80690291432034,17.85523796081543,75500,0.0,0.0
2024-06-27 00:00:00-04:00,17.942242724161357,18.05824941848156,17.942242724161357,18.029247283935547,100200,0.0,0.0
2024-06-28 00:00:00-04:00,18.029245362497125,18.232256594955913,17.95190818914703,17.990577697753906,148100,0.0,0.0
2024-07-01 00:00:00-04:00,18.029248139954927,18.116252703860045,17.83590609872661,17.942243576049805,133900,0.0,0.0
2024-07-02 00:00:00-04:00,18.000246146819887,18.11625099182129,17.94224188045542,18.11625099182129,118700,0.0,0.0
2024-07-03 00:00:00-04:00,18.154920675743682,18.309595033128744,18.125918542285063,18.270925521850586,103200,0.0,0.0
2024-07-05 00:00:00-04:00,18.367597579956055,18.367597579956055,18.164588175969058,18.367597579956055,148700,0.0,0.0
2024-07-08 00:00:00-04:00,18.39660056821175,18.454602994350527,18.222591445931535,18.280593872070312,128000,0.0,0.0
2024-07-09 00:00:00-04:00,18.309595997675128,18.338596288797696,18.222591436579673,18.241926193237305,135700,0.0,0.0
2024-07-10 00:00:00-04:00,18.357928389115923,18.44493293762207,18.29025859446972,18.44493293762207,111300,0.0,0.0
2024-07-11 00:00:00-04:00,18.53194138946793,18.560943526366504,18.396601771669257,18.483606338500977,117500,0.0,0.0
2024-07-12 00:00:00-04:00,18.53193945075906,18.62861138644369,18.47393702689381,18.50293731689453,79400,0.0,0.0
2024-07-15 00:00:00-04:00,18.580276482513135,18.7252853234704,18.53194143143672,18.541608810424805,116300,0.0,0.0
2024-07-16 00:00:00-04:00,18.60927688453779,18.75428386811207,18.60927688453779,18.734949111938477,99400,0.0,0.0
2024-07-17 00:00:00-04:00,18.609277571483453,18.676947376725167,18.464270582556363,18.493270874023438,160100,0.0,0.0
2024-07-18 00:00:00-04:00,18.4739386174204,18.531941046279414,18.19359016418457,18.19359016418457,125900,0.0,0.0
2024-07-19 00:00:00-04:00,18.154920502730935,18.183920792049403,18.019579058410944,18.11625099182129,64000,0.0,0.0
2024-07-22 00:00:00-04:00,18.261258267088316,18.473936892823794,18.261258267088316,18.367597579956055,105200,0.0,0.0
2024-07-23 00:00:00-04:00,18.43475609065601,18.454221158695738,18.31795640007713,18.33742332458496,59500,0.129,0.0
2024-07-24 00:00:00-04:00,18.201158897584875,18.269291278135526,17.69502998996842,17.841028213500977,140600,0.0,0.0
2024-07-25 00:00:00-04:00,17.84102682935809,18.064890878504727,17.73396060738883,17.82155990600586,84300,0.0,0.0
2024-07-26 00:00:00-04:00,17.909159542905822,17.967558457597598,17.821560242634142,17.879961013793945,87700,0.0,0.0
2024-07-29 00:00:00-04:00,17.98702621459961,18.123292830483926,17.860494917494293,17.98702621459961,99900,0.0,0.0
2024-07-30 00:00:00-04:00,18.094092971720073,18.10382643431508,17.850761976249352,17.967559814453125,118500,0.0,0.0
2024-07-31 00:00:00-04:00,18.240089441878276,18.36662258696487,18.103824691601627,18.3082218170166,151600,0.0,0.0
2024-08-01 00:00:00-04:00,18.395822349316333,18.395822349316333,17.860494917494293,17.98702621459961,110600,0.0,0.0
2024-08-02 00:00:00-04:00,17.695028251744013,17.821559537984594,17.325164141561483,17.55876350402832,155000,0.0,0.0
2024-08-05 00:00:00-04:00,16.857970646326237,17.11103509804432,16.72170588635039,16.80930519104004,276000,0.0,0.0
2024-08-06 00:00:00-04:00,16.809305341495232,17.334899317869446,16.78983841661926,17.14996910095215,152600,0.0,0.0
2024-08-07 00:00:00-04:00,17.44196606426457,17.47116645244246,17.06237030029297,17.06237030029297,130700,0.0,0.0
2024-08-08 00:00:00-04:00,17.266767604557234,17.51009860550613,17.266767604557234,17.471166610717773,90400,0.0,0.0
2024-08-09 00:00:00-04:00,17.441965736507843,17.65609634305067,17.441965736507843,17.62689781188965,50600,0.0,0.0
2024-08-12 00:00:00-04:00,17.675564587752504,17.733963510902626,17.519832888373315,17.578231811523438,59200,0.0,0.0
2024-08-13 00:00:00-04:00,17.67556332517259,17.860495401151134,17.67556332517259,17.831295013427734,103200,0.0,0.0
2024-08-14 00:00:00-04:00,17.918895721435547,18.006495034988088,17.782630947673063,17.918895721435547,104400,0.0,0.0
2024-08-15 00:00:00-04:00,18.01622777131042,18.240091849591803,17.91889499834992,18.220624923706055,82100,0.0,0.0
2024-08-16 00:00:00-04:00,18.23035598022023,18.356889125306825,18.181690528397997,18.3082218170166,82900,0.0,0.0
2024-08-19 00:00:00-04:00,18.288759524705213,18.49315668112871,18.288759524705213,18.41529083251953,116000,0.0,0.0
2024-08-20 00:00:00-04:00,18.415289449832127,18.54182074814601,18.30822321985783,18.395822525024414,114500,0.0,0.0
2024-08-21 00:00:00-04:00,18.395822876128165,18.55155456462592,18.395822876128165,18.522356033325195,129700,0.0,0.0
2024-08-22 00:00:00-04:00,18.540974373343662,18.619371652906143,18.344980239868164,18.344980239868164,68300,0.129,0.0
2024-08-23 00:00:00-04:00,18.42337687754344,18.619371004190324,18.403778960189566,18.55077362060547,72900,0.0,0.0
2024-08-26 00:00:00-04:00,18.53117548709323,18.629172559158008,18.51157569885254,18.51157569885254,158200,0.0,0.0
2024-08-27 00:00:00-04:00,18.44297688021946,18.6193712224416,18.44297688021946,18.5899715423584,66400,0.0,0.0
2024-08-28 00:00:00-04:00,18.58997291922052,18.619372601481206,18.442978246194457,18.50177574157715,110000,0.0,0.0
2024-08-29 00:00:00-04:00,18.560575698522392,18.717370270639982,18.521376120923627,18.599773406982422,143600,0.0,0.0
2024-08-30 00:00:00-04:00,18.717368888792254,18.756566594358436,18.53117464722176,18.687969207763672,123500,0.0,0.0
2024-09-03 00:00:00-04:00,18.61937350025795,18.67817099847886,18.237186958113902,18.32538414001465,104500,0.0,0.0
2024-09-04 00:00:00-04:00,18.266584119242253,18.335181509569313,18.129389338588133,18.217586517333984,142600,0.0,0.0
2024-09-05 00:00:00-04:00,18.178384561700383,18.325381086466855,18.109787180349873,18.13918685913086,99700,0.0,0.0
2024-09-06 00:00:00-04:00,18.14898923352983,18.2077867299926,17.845198118671643,17.91379737854004,107100,0.0,0.0
2024-09-09 00:00:00-04:00,18.01179142017139,18.335180433548146,17.98239360840715,18.04119110107422,106900,0.0,0.0
2024-09-10 00:00:00-04:00,18.119589041779932,18.168588511738186,17.972594370182488,18.148988723754883,94500,0.0,0.0
2024-09-11 00:00:00-04:00,18.148988038504946,18.393979771630104,17.92359609262306,18.354780197143555,88200,0.0,0.0
2024-09-12 00:00:00-04:00,18.37438083190518,18.531175398806344,18.305783442528256,18.49197769165039,86300,0.0,0.0
2024-09-13 00:00:00-04:00,18.589973638135568,18.658572899396717,18.570375718342564,18.619373321533203,69500,0.0,0.0
2024-09-16 00:00:00-04:00,18.66836920399734,18.707568778247698,18.58017203107262,18.648771286010742,143800,0.0,0.0
2024-09-17 00:00:00-04:00,18.658572899396717,18.805567578107386,18.599773532601446,18.619373321533203,159900,0.0,0.0
2024-09-18 00:00:00-04:00,18.70757037624029,18.80556745109847,18.570375592922087,18.599773406982422,79800,0.0,0.0
2024-09-19 00:00:00-04:00,18.87416451825464,18.94276190873435,18.76636755085012,18.864364624023438,269400,0.0,0.0
2024-09-20 00:00:00-04:00,18.873242151729702,18.873242151729702,18.62659757541372,18.695659637451172,147400,0.129,0.0
2024-09-23 00:00:00-04:00,18.705524860106106,18.784452935628693,18.705524860106106,18.764720916748047,97900,0.0,0.0
2024-09-24 00:00:00-04:00,18.83377937227354,18.873241524663598,18.72525516014063,18.794315338134766,76900,0.0,0.0
2024-09-25 00:00:00-04:00,18.79431685490068,18.853512910886167,18.715390662002232,18.735122680664062,60300,0.0,0.0
2024-09-26 00:00:00-04:00,18.942304089616975,18.991632251857357,18.873242028032166,18.962034225463867,113100,0.0,0.0
2024-09-27 00:00:00-04:00,19.050826136002573,19.09029017059959,18.91270577841049,19.011363983154297,189400,0.0,0.0
2024-09-30 00:00:00-04:00,19.011366373207125,19.17908477783203,18.94230618572904,19.17908477783203,236700,0.0,0.0
2024-10-01 00:00:00-04:00,19.258008656896127,19.297470809954966,18.853511708862086,18.932437896728516,186200,0.0,0.0
2024-10-02 00:00:00-04:00,18.962035427758348,19.021231484298678,18.823915059328694,18.95216941833496,127300,0.0,0.0
2024-10-03 00:00:00-04:00,18.892973752985085,18.95216792310641,18.80418155692873,18.82391357421875,97400,0.0,0.0
2024-10-04 00:00:00-04:00,19.050826136002573,19.070558153301082,18.823913582315942,19.011363983154297,124300,0.0,0.0
2024-10-07 00:00:00-04:00,19.001497466495564,19.001497466495564,18.78445092726098,18.843645095825195,131400,0.0,0.0
2024-10-08 00:00:00-04:00,18.902840366161534,18.932438393043142,18.804182158304982,18.91270637512207,86000,0.0,0.0
2024-10-09 00:00:00-04:00,18.981766350041493,19.070558547973633,18.86337800729783,19.070558547973633,91300,0.0,0.0
2024-10-10 00:00:00-04:00,19.090289461473038,19.169215645986547,18.991631260393984,19.001497268676758,74000,0.0,0.0
2024-10-11 00:00:00-04:00,19.08042476613429,19.198813110176644,18.912706377283623,19.100156784057617,135200,0.0,0.0
2024-10-14 00:00:00-04:00,19.04096031810893,19.23827672957329,19.04096031810893,19.228410720825195,118100,0.0,0.0
2024-10-15 00:00:00-04:00,19.277740571437946,19.277740571437946,18.932437795709,19.011363983154297,122100,0.0,0.0
2024-10-16 00:00:00-04:00,19.00149776415038,19.011363772690412,18.902839560498762,18.981765747070312,133600,0.0,0.0
2024-10-17 00:00:00-04:00,19.100156179248845,19.119886314798613,18.942303804358254,19.011363983154297,157600,0.0,0.0
2024-10-18 00:00:00-04:00,19.05082744257974,19.119887626112188,19.021231296350905,19.110023498535156,52100,0.0,0.0
2024-10-21 00:00:00-04:00,19.139620034773664,19.25801026734807,19.100157878414798,19.169218063354492,103000,0.0,0.0
2024-10-22 00:00:00-04:00,19.159350956078793,19.208679119138306,19.070558757172627,19.100156784057617,98700,0.0,0.0
2024-10-23 00:00:00-04:00,18.989912512010434,19.109094997261714,18.761475942264493,18.83099937438965,94400,0.129,0.0
2024-10-24 00:00:00-04:00,18.97004753656342,18.97004753656342,18.80120410912327,18.8707275390625,75000,0.0,0.0
2024-10-25 00:00:00-04:00,19.00977439894096,19.03957096650265,18.860795349875268,18.8707275390625,47400,0.0,0.0
2024-10-28 00:00:00-04:00,18.9303187798145,19.00977439894096,18.8707275390625,18.8707275390625,102500,0.0,0.0
2024-10-29 00:00:00-04:00,18.8210691427137,18.960116007432784,18.8111369531807,18.890592575073242,86000,0.0,0.0
2024-10-30 00:00:00-04:00,18.880659728249732,18.999842209753727,18.830998782313575,18.8707275390625,79700,0.0,0.0
2024-10-31 00:00:00-04:00,18.870727136120124,18.960114942525134,18.433720293070206,18.453584671020508,204500,0.0,0.0
2024-11-01 00:00:00-04:00,18.533040342363556,18.731680333701735,18.4635169137066,18.51317596435547,129500,0.0,0.0
2024-11-04 00:00:00-05:00,18.612496704641575,18.701884514882696,18.513176704999058,18.62242889404297,111600,0.0,0.0
2024-11-05 00:00:00-05:00,18.66215776673182,18.821069009391227,18.642293387806536,18.741613388061523,100600,0.0,0.0
2024-11-06 00:00:00-05:00,19.069368412265366,19.12895965576172,18.890592787404834,19.12895965576172,143700,0.0,0.0
2024-11-07 00:00:00-05:00,19.1686853749516,19.357393178184548,19.12895851311756,19.26800537109375,146800,0.0,0.0
2024-11-08 00:00:00-05:00,19.26800480182572,19.36732479503349,19.21834575240749,19.337528228759766,108900,0.0,0.0
2024-11-11 00:00:00-05:00,19.387190406634442,19.416985080433427,19.26800602832422,19.287870407104492,123700,0.0,0.0
2024-11-12 00:00:00-05:00,19.26800528410423,19.35739309079147,19.148822804768816,19.178617477416992,100700,0.0,0.0
2024-11-13 00:00:00-05:00,19.178618678074887,19.307735248871378,19.06936838090648,19.099163055419922,64800,0.0,0.0
2024-11-14 00:00:00-05:00,19.168685670439068,19.23821099487027,18.880659760995382,18.900524139404297,116300,0.0,0.0
2024-11-15 00:00:00-05:00,18.870727506230555,18.91045626291036,18.721748457424063,18.840930938720703,175700,0.0,0.0
2024-11-18 00:00:00-05:00,18.801204863556208,19.019707351328943,18.801204863556208,19.009775161743164,139900,0.0,0.0
2024-11-19 00:00:00-05:00,18.870728246303887,19.019707300953048,18.741613570773673,18.950183868408203,95700,0.0,0.0
2024-11-20 00:00:00-05:00,18.999842807138503,19.01970718613753,18.741613457636912,18.83099937438965,130100,0.0,0.0
2024-11-21 00:00:00-05:00,18.93000030517578,19.110000610351562,18.81999969482422,18.940000534057617,111400,0.129,0.0
2024-11-22 00:00:00-05:00,18.989999771118164,19.059999465942383,18.84000015258789,18.959999084472656,97300,0.0,0.0
2024-11-25 00:00:00-05:00,19.010000228881836,19.079999923706055,18.940000534057617,18.950000762939453,86300,0.0,0.0
2024-11-26 00:00:00-05:00,18.90999984741211,19.020000457763672,18.889999389648438,18.90999984741211,119500,0.0,0.0
2024-11-27 00:00:00-05:00,18.989999771118164,18.989999771118164,18.889999389648438,18.969999313354492,144900,0.0,0.0
2024-11-29 00:00:00-05:00,19.010000228881836,19.110000610351562,18.90999984741211,19.079999923706055,144100,0.0,0.0
2024-12-02 00:00:00-05:00,19.100000381469727,19.149999618530273,19.06999969482422,19.1299991607666,173500,0.0,0.0
2024-12-03 00:00:00-05:00,19.100000381469727,19.200000762939453,19.100000381469727,19.149999618530273,124100,0.0,0.0
2024-12-04 00:00:00-05:00,19.15999984741211,19.229999542236328,19.15999984741211,19.209999084472656,142400,0.0,0.0
2024-12-05 00:00:00-05:00,19.209999084472656,19.270000457763672,19.209999084472656,19.239999771118164,120200,0.0,0.0
2024-12-06 00:00:00-05:00,19.239999771118164,19.309999465942383,19.239999771118164,19.299999237060547,155200,0.0,0.0
2024-12-09 00:00:00-05:00,19.389999389648438,19.389999389648438,19.270000457763672,19.329999923706055,104700,0.0,0.0
2024-12-10 00:00:00-05:00,19.31999969482422,19.309999465942383,19.149999618530273,19.18000030517578,105554,0.0,0.0
