Date,Open,High,Low,Close,Volume,Dividends,Stock Splits
2022-06-16 00:00:00-04:00,9.5,14.039999961853027,9.5,11.1899995803833,198400,0.0,0.0
2022-06-17 00:00:00-04:00,10.800000190734863,11.291999816894531,9.053000450134277,9.699999809265137,14200,0.0,0.0
2022-06-21 00:00:00-04:00,10.300000190734863,10.880000114440918,8.890000343322754,9.930000305175781,97700,0.0,0.0
2022-06-22 00:00:00-04:00,10.0,10.0,9.420000076293945,9.59000015258789,36700,0.0,0.0
2022-06-23 00:00:00-04:00,11.0,11.79699993133545,8.850000381469727,9.0,143000,0.0,0.0
2022-06-24 00:00:00-04:00,8.670000076293945,9.569999694824219,8.640000343322754,8.84000015258789,65600,0.0,0.0
2022-06-27 00:00:00-04:00,9.16100025177002,9.789999961853027,8.859999656677246,9.15999984741211,46300,0.0,0.0
2022-06-28 00:00:00-04:00,9.199999809265137,9.300000190734863,8.460000038146973,8.979999542236328,32300,0.0,0.0
2022-06-29 00:00:00-04:00,9.380000114440918,9.380000114440918,8.449999809265137,8.460000038146973,34000,0.0,0.0
2022-06-30 00:00:00-04:00,8.539999961853027,8.539999961853027,7.940000057220459,8.210000038146973,45100,0.0,0.0
2022-07-01 00:00:00-04:00,8.003999710083008,10.569999694824219,8.0,9.550000190734863,84400,0.0,0.0
2022-07-05 00:00:00-04:00,9.739999771118164,9.739999771118164,8.65999984741211,8.739999771118164,43300,0.0,0.0
2022-07-06 00:00:00-04:00,8.649999618530273,8.859000205993652,8.5,8.5,79000,0.0,0.0
2022-07-07 00:00:00-04:00,8.739999771118164,9.239999771118164,6.989999771118164,7.159999847412109,408100,0.0,0.0
2022-07-08 00:00:00-04:00,8.3100004196167,8.460000038146973,7.75,7.800000190734863,240600,0.0,0.0
2022-07-11 00:00:00-04:00,7.800000190734863,8.0,7.0,7.0,219900,0.0,0.0
2022-07-12 00:00:00-04:00,7.380000114440918,7.380000114440918,6.699999809265137,6.949999809265137,134400,0.0,0.0
2022-07-13 00:00:00-04:00,6.769999980926514,7.179999828338623,6.71999979019165,6.789999961853027,110500,0.0,0.0
2022-07-14 00:00:00-04:00,6.699999809265137,7.079999923706055,6.599999904632568,6.639999866485596,115400,0.0,0.0
2022-07-15 00:00:00-04:00,6.619999885559082,6.809999942779541,5.199999809265137,5.53000020980835,183600,0.0,0.0
2022-07-18 00:00:00-04:00,5.71999979019165,6.329999923706055,5.718999862670898,6.320000171661377,75400,0.0,0.0
2022-07-19 00:00:00-04:00,6.400000095367432,6.809999942779541,6.320000171661377,6.809999942779541,49600,0.0,0.0
2022-07-20 00:00:00-04:00,7.159999847412109,7.380000114440918,6.380000114440918,7.210000038146973,95800,0.0,0.0
2022-07-21 00:00:00-04:00,7.409999847412109,7.795000076293945,7.190000057220459,7.349999904632568,33100,0.0,0.0
2022-07-22 00:00:00-04:00,7.170000076293945,7.699999809265137,7.0,7.519999980926514,50200,0.0,0.0
2022-07-25 00:00:00-04:00,7.489999771118164,7.800000190734863,7.489999771118164,7.599999904632568,35100,0.0,0.0
2022-07-26 00:00:00-04:00,8.0,8.09000015258789,7.599999904632568,7.880000114440918,47100,0.0,0.0
2022-07-27 00:00:00-04:00,7.800000190734863,7.900000095367432,7.53000020980835,7.800000190734863,33500,0.0,0.0
2022-07-28 00:00:00-04:00,8.0,8.199999809265137,7.949999809265137,7.980000019073486,38200,0.0,0.0
2022-07-29 00:00:00-04:00,8.100000381469727,8.109999656677246,7.949999809265137,7.949999809265137,43300,0.0,0.0
2022-08-01 00:00:00-04:00,7.989999771118164,8.187000274658203,7.5,7.75,35100,0.0,0.0
2022-08-02 00:00:00-04:00,7.900000095367432,7.900000095367432,7.300000190734863,7.5,15000,0.0,0.0
2022-08-03 00:00:00-04:00,7.539999961853027,7.690000057220459,7.309999942779541,7.329999923706055,34000,0.0,0.0
2022-08-04 00:00:00-04:00,7.400000095367432,7.409999847412109,7.170000076293945,7.409999847412109,37800,0.0,0.0
2022-08-05 00:00:00-04:00,7.429999828338623,7.46999979019165,7.210000038146973,7.329999923706055,36900,0.0,0.0
2022-08-08 00:00:00-04:00,7.300000190734863,7.900000095367432,7.21999979019165,7.420000076293945,68600,0.0,0.0
2022-08-09 00:00:00-04:00,7.429999828338623,7.800000190734863,7.429999828338623,7.5,18100,0.0,0.0
2022-08-10 00:00:00-04:00,7.570000171661377,7.735000133514404,7.5,7.690000057220459,28700,0.0,0.0
2022-08-11 00:00:00-04:00,7.650000095367432,7.78000020980835,7.510000228881836,7.630000114440918,72500,0.0,0.0
2022-08-12 00:00:00-04:00,7.949999809265137,8.0,7.710000038146973,7.710000038146973,31400,0.0,0.0
2022-08-15 00:00:00-04:00,7.650000095367432,9.140000343322754,7.650000095367432,9.140000343322754,37900,0.0,0.0
2022-08-16 00:00:00-04:00,10.4399995803833,10.5,9.199999809265137,9.25,128700,0.0,0.0
2022-08-17 00:00:00-04:00,9.229999542236328,9.619999885559082,8.760000228881836,8.800000190734863,158400,0.0,0.0
2022-08-18 00:00:00-04:00,8.760000228881836,8.760000228881836,8.062000274658203,8.300000190734863,56000,0.0,0.0
2022-08-19 00:00:00-04:00,8.0600004196167,8.479999542236328,8.0600004196167,8.399999618530273,9200,0.0,0.0
2022-08-22 00:00:00-04:00,8.260000228881836,8.260000228881836,7.909999847412109,8.0,15600,0.0,0.0
2022-08-23 00:00:00-04:00,7.84499979019165,8.529999732971191,7.84499979019165,8.5,19100,0.0,0.0
2022-08-24 00:00:00-04:00,8.229999542236328,8.800000190734863,8.229999542236328,8.699999809265137,33400,0.0,0.0
2022-08-25 00:00:00-04:00,9.550000190734863,9.550000190734863,8.779999732971191,9.0,68900,0.0,0.0
2022-08-26 00:00:00-04:00,8.899999618530273,9.109999656677246,8.720000267028809,8.800000190734863,23900,0.0,0.0
2022-08-29 00:00:00-04:00,8.923999786376953,9.0,8.829999923706055,8.949999809265137,8500,0.0,0.0
2022-08-30 00:00:00-04:00,9.0,9.010000228881836,8.670000076293945,8.859999656677246,6700,0.0,0.0
2022-08-31 00:00:00-04:00,9.010000228881836,9.100000381469727,8.670000076293945,9.0,17600,0.0,0.0
2022-09-01 00:00:00-04:00,8.899999618530273,8.899999618530273,7.599999904632568,7.710000038146973,35600,0.0,0.0
2022-09-02 00:00:00-04:00,7.599999904632568,8.069999694824219,7.25,7.559999942779541,152900,0.0,0.0
2022-09-06 00:00:00-04:00,7.25,7.349999904632568,6.900000095367432,7.199999809265137,89700,0.0,0.0
2022-09-07 00:00:00-04:00,7.099999904632568,7.949999809265137,7.099999904632568,7.670000076293945,16200,0.0,0.0
2022-09-08 00:00:00-04:00,8.0,8.100000381469727,7.260000228881836,7.920000076293945,3100,0.0,0.0
2022-09-09 00:00:00-04:00,7.849999904632568,8.050000190734863,7.690000057220459,8.0,24700,0.0,0.0
2022-09-12 00:00:00-04:00,8.119999885559082,8.119999885559082,7.800000190734863,7.800000190734863,13500,0.0,0.0
2022-09-13 00:00:00-04:00,7.559999942779541,7.639999866485596,7.420000076293945,7.534999847412109,19500,0.0,0.0
2022-09-14 00:00:00-04:00,7.360000133514404,7.699999809265137,7.349999904632568,7.699999809265137,21000,0.0,0.0
2022-09-15 00:00:00-04:00,7.824999809265137,8.0,7.698999881744385,7.900000095367432,16900,0.0,0.0
2022-09-16 00:00:00-04:00,7.800000190734863,7.900000095367432,7.5320000648498535,7.900000095367432,9500,0.0,0.0
2022-09-19 00:00:00-04:00,7.820000171661377,7.900000095367432,7.489999771118164,7.489999771118164,8800,0.0,0.0
2022-09-20 00:00:00-04:00,7.510000228881836,7.672999858856201,7.389999866485596,7.550000190734863,15000,0.0,0.0
2022-09-21 00:00:00-04:00,7.566999912261963,7.849999904632568,7.510000228881836,7.659999847412109,9700,0.0,0.0
2022-09-22 00:00:00-04:00,7.25,7.349999904632568,6.46999979019165,6.519999980926514,61400,0.0,0.0
2022-09-23 00:00:00-04:00,6.800000190734863,7.300000190734863,6.610000133514404,6.829999923706055,50100,0.0,0.0
2022-09-26 00:00:00-04:00,6.860000133514404,6.940000057220459,6.670000076293945,6.860000133514404,44100,0.0,0.0
2022-09-27 00:00:00-04:00,6.980000019073486,7.699999809265137,6.880000114440918,7.150000095367432,12700,0.0,0.0
2022-09-28 00:00:00-04:00,7.039999961853027,7.239999771118164,6.980000019073486,7.079999923706055,11000,0.0,0.0
2022-09-29 00:00:00-04:00,7.019999980926514,7.099999904632568,6.900000095367432,6.980000019073486,46300,0.0,0.0
2022-09-30 00:00:00-04:00,7.170000076293945,7.400000095367432,6.114999771118164,6.760000228881836,68700,0.0,0.0
2022-10-03 00:00:00-04:00,6.809999942779541,6.940000057220459,6.559999942779541,6.699999809265137,13000,0.0,0.0
2022-10-04 00:00:00-04:00,6.940000057220459,7.0,6.776000022888184,6.920000076293945,34400,0.0,0.0
2022-10-05 00:00:00-04:00,7.389999866485596,7.389999866485596,6.539999961853027,6.789999961853027,31300,0.0,0.0
2022-10-06 00:00:00-04:00,6.650000095367432,6.809999942779541,6.550000190734863,6.789999961853027,10300,0.0,0.0
2022-10-07 00:00:00-04:00,6.650000095367432,6.739999771118164,6.550000190734863,6.550000190734863,8000,0.0,0.0
2022-10-10 00:00:00-04:00,6.699999809265137,6.739999771118164,6.510000228881836,6.519999980926514,13400,0.0,0.0
2022-10-11 00:00:00-04:00,6.699999809265137,6.699999809265137,6.364999771118164,6.5,19300,0.0,0.0
2022-10-12 00:00:00-04:00,6.710000038146973,7.099999904632568,6.409999847412109,6.610000133514404,6500,0.0,0.0
2022-10-13 00:00:00-04:00,6.210000038146973,7.179999828338623,6.210000038146973,7.159999847412109,20500,0.0,0.0
2022-10-14 00:00:00-04:00,7.150000095367432,7.349999904632568,6.760000228881836,6.78000020980835,39100,0.0,0.0
2022-10-17 00:00:00-04:00,6.809999942779541,7.289999961853027,6.760000228881836,6.989999771118164,14800,0.0,0.0
2022-10-18 00:00:00-04:00,7.199999809265137,7.210000038146973,6.650000095367432,6.869999885559082,35100,0.0,0.0
2022-10-19 00:00:00-04:00,6.690000057220459,6.860000133514404,6.690000057220459,6.699999809265137,6200,0.0,0.0
2022-10-20 00:00:00-04:00,6.599999904632568,6.784999847412109,6.599999904632568,6.699999809265137,15900,0.0,0.0
2022-10-21 00:00:00-04:00,6.610000133514404,6.639999866485596,6.610000133514404,6.630000114440918,1200,0.0,0.0
2022-10-24 00:00:00-04:00,6.599999904632568,6.760000228881836,6.050000190734863,6.059999942779541,53500,0.0,0.0
2022-10-25 00:00:00-04:00,6.599999904632568,6.769999980926514,6.090000152587891,6.090000152587891,121400,0.0,0.0
2022-10-26 00:00:00-04:00,6.079999923706055,6.269999980926514,6.059999942779541,6.119999885559082,61200,0.0,0.0
2022-10-27 00:00:00-04:00,6.019999980926514,6.269999980926514,5.96999979019165,6.050000190734863,31600,0.0,0.0
2022-10-28 00:00:00-04:00,5.96999979019165,6.78000020980835,5.96999979019165,6.21999979019165,61800,0.0,0.0
2022-10-31 00:00:00-04:00,6.21999979019165,6.28000020980835,6.099999904632568,6.199999809265137,30100,0.0,0.0
2022-11-01 00:00:00-04:00,6.010000228881836,6.369999885559082,6.010000228881836,6.28000020980835,22800,0.0,0.0
2022-11-02 00:00:00-04:00,6.489999771118164,6.53000020980835,6.230000019073486,6.25,17500,0.0,0.0
2022-11-03 00:00:00-04:00,6.059999942779541,6.489999771118164,6.010000228881836,6.079999923706055,12300,0.0,0.0
2022-11-04 00:00:00-04:00,6.130000114440918,6.204999923706055,6.010000228881836,6.050000190734863,19000,0.0,0.0
2022-11-07 00:00:00-05:00,6.099999904632568,6.559000015258789,6.099999904632568,6.110000133514404,19600,0.0,0.0
2022-11-08 00:00:00-05:00,6.28000020980835,6.47599983215332,6.110000133514404,6.110000133514404,3200,0.0,0.0
2022-11-09 00:00:00-05:00,6.206999778747559,6.206999778747559,6.019999980926514,6.03000020980835,11000,0.0,0.0
2022-11-10 00:00:00-05:00,6.190000057220459,6.360000133514404,6.099999904632568,6.360000133514404,18500,0.0,0.0
2022-11-11 00:00:00-05:00,6.239999771118164,6.275000095367432,6.170000076293945,6.190000057220459,4100,0.0,0.0
2022-11-14 00:00:00-05:00,6.709000110626221,6.820000171661377,6.199999809265137,6.590000152587891,138600,0.0,0.0
2022-11-15 00:00:00-05:00,6.889999866485596,6.889999866485596,5.559999942779541,5.760000228881836,153000,0.0,0.0
2022-11-16 00:00:00-05:00,5.739999771118164,6.050000190734863,5.519999980926514,6.010000228881836,17600,0.0,0.0
2022-11-17 00:00:00-05:00,5.980000019073486,6.070000171661377,5.860000133514404,5.889999866485596,5600,0.0,0.0
2022-11-18 00:00:00-05:00,6.25,6.701000213623047,5.928999900817871,6.199999809265137,5000,0.0,0.0
2022-11-21 00:00:00-05:00,6.25,6.25,6.0,6.085000038146973,6500,0.0,0.0
2022-11-22 00:00:00-05:00,6.019999980926514,6.28000020980835,6.019999980926514,6.239999771118164,2900,0.0,0.0
2022-11-23 00:00:00-05:00,6.239999771118164,6.300000190734863,6.050000190734863,6.059999942779541,6000,0.0,0.0
2022-11-25 00:00:00-05:00,6.079999923706055,6.079999923706055,5.920000076293945,6.050000190734863,5900,0.0,0.0
2022-11-28 00:00:00-05:00,6.170000076293945,6.539999961853027,6.0,6.099999904632568,19300,0.0,0.0
2022-11-29 00:00:00-05:00,6.260000228881836,6.5,6.139999866485596,6.159999847412109,1900,0.0,0.0
2022-11-30 00:00:00-05:00,6.460000038146973,6.789999961853027,6.179999828338623,6.300000190734863,6400,0.0,0.0
2022-12-01 00:00:00-05:00,6.5,6.510000228881836,6.050000190734863,6.150000095367432,38600,0.0,0.0
2022-12-02 00:00:00-05:00,6.329999923706055,6.4710001945495605,6.21999979019165,6.360000133514404,3400,0.0,0.0
2022-12-05 00:00:00-05:00,6.400000095367432,6.769999980926514,6.369999885559082,6.559999942779541,12800,0.0,0.0
2022-12-06 00:00:00-05:00,6.559999942779541,6.900000095367432,6.28000020980835,6.880000114440918,91200,0.0,0.0
2022-12-07 00:00:00-05:00,6.909999847412109,7.539999961853027,6.909999847412109,7.480000019073486,21700,0.0,0.0
2022-12-08 00:00:00-05:00,7.599999904632568,8.149999618530273,7.599999904632568,8.0,276900,0.0,0.0
2022-12-09 00:00:00-05:00,8.100000381469727,8.75,8.029999732971191,8.300000190734863,154200,0.0,0.0
2022-12-12 00:00:00-05:00,7.869999885559082,8.779999732971191,7.670000076293945,7.909999847412109,124900,0.0,0.0
2022-12-13 00:00:00-05:00,8.399999618530273,8.600000381469727,7.800000190734863,7.96999979019165,281000,0.0,0.0
2022-12-14 00:00:00-05:00,7.840000152587891,8.300000190734863,7.760000228881836,8.300000190734863,119500,0.0,0.0
2022-12-15 00:00:00-05:00,8.289999961853027,8.289999961853027,7.670000076293945,8.0,196900,0.0,0.0
2022-12-16 00:00:00-05:00,7.699999809265137,8.104999542236328,7.599999904632568,7.699999809265137,40200,0.0,0.0
2022-12-19 00:00:00-05:00,7.610000133514404,7.989999771118164,7.610000133514404,7.8379998207092285,4800,0.0,0.0
2022-12-20 00:00:00-05:00,7.78000020980835,8.0,7.78000020980835,8.0,4900,0.0,0.0
2022-12-21 00:00:00-05:00,8.0,8.449999809265137,7.900000095367432,8.300000190734863,112700,0.0,0.0
2022-12-22 00:00:00-05:00,9.699999809265137,10.649999618530273,9.619999885559082,9.739999771118164,836500,0.0,0.0
2022-12-23 00:00:00-05:00,10.050000190734863,10.1899995803833,9.899999618530273,10.0,387600,0.0,0.0
2022-12-27 00:00:00-05:00,10.0600004196167,10.239999771118164,10.0,10.050000190734863,250200,0.0,0.0
2022-12-28 00:00:00-05:00,9.930000305175781,10.050000190734863,9.8100004196167,9.970000267028809,24100,0.0,0.0
2022-12-29 00:00:00-05:00,9.800000190734863,10.0,9.800000190734863,9.90999984741211,30200,0.0,0.0
2022-12-30 00:00:00-05:00,9.979999542236328,10.039999961853027,9.970000267028809,10.0,96900,0.0,0.0
2023-01-03 00:00:00-05:00,10.050000190734863,10.170000076293945,9.994999885559082,10.010000228881836,248700,0.0,0.0
2023-01-04 00:00:00-05:00,10.050000190734863,10.100000381469727,9.899999618530273,10.050000190734863,327600,0.0,0.0
2023-01-05 00:00:00-05:00,9.979999542236328,10.100000381469727,9.979999542236328,10.050000190734863,100000,0.0,0.0
2023-01-06 00:00:00-05:00,10.579999923706055,11.0600004196167,10.579999923706055,10.729999542236328,283400,0.0,0.0
2023-01-09 00:00:00-05:00,12.0,12.529999732971191,11.800000190734863,11.949999809265137,583800,0.0,0.0
2023-01-10 00:00:00-05:00,12.0,12.34000015258789,12.0,12.100000381469727,144800,0.0,0.0
2023-01-11 00:00:00-05:00,12.100000381469727,12.109999656677246,11.949999809265137,12.029999732971191,514800,0.0,0.0
2023-01-12 00:00:00-05:00,11.84000015258789,12.199999809265137,11.229999542236328,12.0,125700,0.0,0.0
2023-01-13 00:00:00-05:00,12.050000190734863,12.989999771118164,12.050000190734863,12.600000381469727,34200,0.0,0.0
2023-01-17 00:00:00-05:00,12.800000190734863,13.0,12.390000343322754,12.399999618530273,43600,0.0,0.0
2023-01-18 00:00:00-05:00,12.300000190734863,12.460000038146973,12.284000396728516,12.350000381469727,77700,0.0,0.0
2023-01-19 00:00:00-05:00,12.199999809265137,12.479999542236328,12.0,12.210000038146973,10200,0.0,0.0
2023-01-20 00:00:00-05:00,12.220000267028809,12.229999542236328,10.970000267028809,11.569999694824219,16700,0.0,0.0
2023-01-23 00:00:00-05:00,11.890000343322754,12.1899995803833,11.640000343322754,11.930000305175781,23300,0.0,0.0
2023-01-24 00:00:00-05:00,11.770000457763672,12.029999732971191,11.770000457763672,11.869999885559082,49800,0.0,0.0
2023-01-25 00:00:00-05:00,11.75,12.086999893188477,11.75,12.0,14800,0.0,0.0
2023-01-26 00:00:00-05:00,11.989999771118164,12.204000473022461,11.800000190734863,11.960000038146973,19700,0.0,0.0
2023-01-27 00:00:00-05:00,11.800000190734863,11.989999771118164,11.729999542236328,11.800000190734863,34500,0.0,0.0
2023-01-30 00:00:00-05:00,12.010000228881836,12.100000381469727,11.800000190734863,11.979999542236328,30500,0.0,0.0
2023-01-31 00:00:00-05:00,12.029999732971191,12.079999923706055,11.859999656677246,12.0,98100,0.0,0.0
2023-02-01 00:00:00-05:00,11.960000038146973,12.5,11.75,12.199999809265137,60500,0.0,0.0
2023-02-02 00:00:00-05:00,12.199999809265137,12.229999542236328,12.039999961853027,12.100000381469727,18700,0.0,0.0
2023-02-03 00:00:00-05:00,12.0600004196167,12.289999961853027,11.930000305175781,12.279999732971191,29100,0.0,0.0
2023-02-06 00:00:00-05:00,12.300000190734863,12.970000267028809,12.300000190734863,12.779999732971191,47000,0.0,0.0
2023-02-07 00:00:00-05:00,12.84000015258789,12.949999809265137,12.800000190734863,12.850000381469727,135000,0.0,0.0
2023-02-08 00:00:00-05:00,12.970000267028809,13.199999809265137,12.899999618530273,13.010000228881836,94500,0.0,0.0
2023-02-09 00:00:00-05:00,14.0,14.0,13.149999618530273,13.350000381469727,593700,0.0,0.0
2023-02-10 00:00:00-05:00,13.5,13.5,13.168000221252441,13.390000343322754,27300,0.0,0.0
2023-02-13 00:00:00-05:00,13.989999771118164,13.989999771118164,13.210000038146973,13.25,41200,0.0,0.0
2023-02-14 00:00:00-05:00,13.039999961853027,13.989999771118164,13.039999961853027,13.199999809265137,49900,0.0,0.0
2023-02-15 00:00:00-05:00,13.109999656677246,13.489999771118164,12.65999984741211,13.350000381469727,13900,0.0,0.0
2023-02-16 00:00:00-05:00,13.239999771118164,13.460000038146973,13.239999771118164,13.430000305175781,112800,0.0,0.0
2023-02-17 00:00:00-05:00,13.430000305175781,13.430000305175781,13.140000343322754,13.289999961853027,25300,0.0,0.0
2023-02-21 00:00:00-05:00,13.180000305175781,13.378999710083008,13.100000381469727,13.199999809265137,34800,0.0,0.0
2023-02-22 00:00:00-05:00,13.140000343322754,13.380000114440918,13.0600004196167,13.199999809265137,36100,0.0,0.0
2023-02-23 00:00:00-05:00,13.300000190734863,13.5,13.100000381469727,13.390000343322754,19600,0.0,0.0
2023-02-24 00:00:00-05:00,13.3100004196167,13.899999618530273,13.300000190734863,13.899999618530273,60700,0.0,0.0
2023-02-27 00:00:00-05:00,14.050000190734863,14.600000381469727,13.84000015258789,13.90999984741211,195700,0.0,0.0
2023-02-28 00:00:00-05:00,13.8100004196167,14.0,13.640000343322754,13.850000381469727,219200,0.0,0.0
2023-03-01 00:00:00-05:00,14.0,14.100000381469727,13.899999618530273,13.920000076293945,262900,0.0,0.0
2023-03-02 00:00:00-05:00,13.739999771118164,14.100000381469727,13.739999771118164,14.029999732971191,40800,0.0,0.0
2023-03-03 00:00:00-05:00,14.0,14.100000381469727,13.899999618530273,13.9399995803833,150000,0.0,0.0
2023-03-06 00:00:00-05:00,14.0,14.149999618530273,14.0,14.010000228881836,220200,0.0,0.0
2023-03-07 00:00:00-05:00,14.100000381469727,14.100000381469727,13.960000038146973,13.989999771118164,125400,0.0,0.0
2023-03-08 00:00:00-05:00,13.899999618530273,13.90999984741211,13.50100040435791,13.65999984741211,44600,0.0,0.0
2023-03-09 00:00:00-05:00,13.5600004196167,13.5600004196167,12.829999923706055,12.850000381469727,13900,0.0,0.0
2023-03-10 00:00:00-05:00,12.960000038146973,13.5600004196167,12.899999618530273,13.220000267028809,71200,0.0,0.0
2023-03-13 00:00:00-04:00,13.180000305175781,13.522000312805176,13.020000457763672,13.359999656677246,5800,0.0,0.0
2023-03-14 00:00:00-04:00,13.210000038146973,13.6850004196167,13.210000038146973,13.5,57800,0.0,0.0
2023-03-15 00:00:00-04:00,13.449999809265137,13.640000343322754,12.6850004196167,13.130000114440918,8600,0.0,0.0
2023-03-16 00:00:00-04:00,13.649999618530273,13.649999618530273,12.9399995803833,13.1899995803833,12400,0.0,0.0
2023-03-17 00:00:00-04:00,13.239999771118164,13.680000305175781,12.899999618530273,13.539999961853027,97900,0.0,0.0
2023-03-20 00:00:00-04:00,13.470000267028809,13.472000122070312,12.850000381469727,13.430000305175781,13300,0.0,0.0
2023-03-21 00:00:00-04:00,13.579999923706055,13.899999618530273,13.510000228881836,13.510000228881836,42300,0.0,0.0
2023-03-22 00:00:00-04:00,13.850000381469727,13.850000381469727,13.40999984741211,13.550000190734863,28700,0.0,0.0
2023-03-23 00:00:00-04:00,13.59000015258789,13.850000381469727,12.229999542236328,13.600000381469727,74700,0.0,0.0
2023-03-24 00:00:00-04:00,13.5,13.899999618530273,13.050000190734863,13.460000038146973,71300,0.0,0.0
2023-03-27 00:00:00-04:00,13.5,14.180000305175781,13.359999656677246,13.510000228881836,185100,0.0,0.0
2023-03-28 00:00:00-04:00,13.470000267028809,13.739999771118164,13.109999656677246,13.199999809265137,120800,0.0,0.0
2023-03-29 00:00:00-04:00,13.180000305175781,13.425000190734863,13.0,13.0600004196167,94600,0.0,0.0
2023-03-30 00:00:00-04:00,13.300000190734863,13.586000442504883,12.899999618530273,12.979999542236328,280200,0.0,0.0
2023-03-31 00:00:00-04:00,13.010000228881836,13.437999725341797,12.829999923706055,12.899999618530273,297300,0.0,0.0
2023-04-03 00:00:00-04:00,12.829999923706055,13.25,12.829999923706055,13.0600004196167,38700,0.0,0.0
2023-04-04 00:00:00-04:00,13.390000343322754,13.739999771118164,13.149999618530273,13.199999809265137,91900,0.0,0.0
2023-04-05 00:00:00-04:00,13.100000381469727,13.569000244140625,13.100000381469727,13.510000228881836,10100,0.0,0.0
2023-04-06 00:00:00-04:00,13.600000381469727,14.0,13.149999618530273,13.199999809265137,39700,0.0,0.0
2023-04-10 00:00:00-04:00,13.199999809265137,13.329999923706055,13.140000343322754,13.270000457763672,21800,0.0,0.0
2023-04-11 00:00:00-04:00,13.399999618530273,13.430000305175781,13.199999809265137,13.239999771118164,94400,0.0,0.0
2023-04-12 00:00:00-04:00,14.0,14.100000381469727,13.800000190734863,13.850000381469727,274100,0.0,0.0
2023-04-13 00:00:00-04:00,13.899999618530273,14.369999885559082,13.619999885559082,13.6899995803833,187100,0.0,0.0
2023-04-14 00:00:00-04:00,11.710000038146973,11.710000038146973,9.300000190734863,10.65999984741211,408700,0.0,0.0
2023-04-17 00:00:00-04:00,10.850000381469727,10.850000381469727,9.25,9.449999809265137,214300,0.0,0.0
2023-04-18 00:00:00-04:00,9.850000381469727,10.350000381469727,9.84000015258789,10.010000228881836,398200,0.0,0.0
2023-04-19 00:00:00-04:00,10.25,10.25,9.859999656677246,10.0,31600,0.0,0.0
2023-04-20 00:00:00-04:00,9.850000381469727,10.09000015258789,9.850000381469727,9.949999809265137,25700,0.0,0.0
2023-04-21 00:00:00-04:00,9.819999694824219,9.960000038146973,9.40999984741211,9.40999984741211,78300,0.0,0.0
2023-04-24 00:00:00-04:00,9.359999656677246,9.359999656677246,8.949999809265137,8.989999771118164,67200,0.0,0.0
2023-04-25 00:00:00-04:00,8.880000114440918,9.114999771118164,8.800000190734863,8.890000343322754,42700,0.0,0.0
2023-04-26 00:00:00-04:00,8.920000076293945,9.883999824523926,8.920000076293945,9.289999961853027,121700,0.0,0.0
2023-04-27 00:00:00-04:00,9.520000457763672,10.609999656677246,9.520000457763672,10.010000228881836,124700,0.0,0.0
2023-04-28 00:00:00-04:00,10.5,10.680000305175781,9.770000457763672,9.800000190734863,139300,0.0,0.0
2023-05-01 00:00:00-04:00,9.760000228881836,10.449999809265137,9.760000228881836,10.029999732971191,18900,0.0,0.0
2023-05-02 00:00:00-04:00,10.020000457763672,10.430000305175781,9.699999809265137,9.850000381469727,41300,0.0,0.0
2023-05-03 00:00:00-04:00,10.100000381469727,10.145000457763672,9.800000190734863,9.800000190734863,15900,0.0,0.0
2023-05-04 00:00:00-04:00,9.739999771118164,9.890000343322754,9.34000015258789,9.640000343322754,31800,0.0,0.0
2023-05-05 00:00:00-04:00,9.630000114440918,9.819999694824219,9.40999984741211,9.770000457763672,13300,0.0,0.0
2023-05-08 00:00:00-04:00,9.65999984741211,9.774999618530273,9.5,9.5,13500,0.0,0.0
2023-05-09 00:00:00-04:00,9.460000038146973,9.722999572753906,9.0,9.270000457763672,10000,0.0,0.0
2023-05-10 00:00:00-04:00,9.279999732971191,9.71500015258789,9.149999618530273,9.630000114440918,21100,0.0,0.0
2023-05-11 00:00:00-04:00,9.270000457763672,9.5,9.17199993133545,9.34000015258789,5000,0.0,0.0
2023-05-12 00:00:00-04:00,9.729999542236328,9.800000190734863,9.550000190734863,9.800000190734863,1700,0.0,0.0
2023-05-15 00:00:00-04:00,9.369999885559082,9.770000457763672,9.369999885559082,9.640000343322754,8200,0.0,0.0
2023-05-16 00:00:00-04:00,9.819999694824219,9.819999694824219,9.199999809265137,9.390000343322754,22300,0.0,0.0
2023-05-17 00:00:00-04:00,9.380000114440918,9.380000114440918,8.699999809265137,8.699999809265137,37300,0.0,0.0
2023-05-18 00:00:00-04:00,8.829999923706055,8.932000160217285,8.140000343322754,8.279999732971191,35700,0.0,0.0
2023-05-19 00:00:00-04:00,9.020000457763672,9.020000457763672,7.929999828338623,8.329999923706055,54100,0.0,0.0
2023-05-22 00:00:00-04:00,8.4399995803833,8.805000305175781,8.100000381469727,8.510000228881836,79000,0.0,0.0
2023-05-23 00:00:00-04:00,8.489999771118164,8.489999771118164,7.623000144958496,8.149999618530273,70300,0.0,0.0
2023-05-24 00:00:00-04:00,7.75,8.010000228881836,7.579999923706055,7.769999980926514,32500,0.0,0.0
2023-05-25 00:00:00-04:00,7.559999942779541,8.1899995803833,7.5,7.559999942779541,65300,0.0,0.0
2023-05-26 00:00:00-04:00,7.599999904632568,8.045000076293945,7.599999904632568,8.039999961853027,12200,0.0,0.0
2023-05-30 00:00:00-04:00,8.100000381469727,8.199999809265137,7.800000190734863,8.170000076293945,18300,0.0,0.0
2023-05-31 00:00:00-04:00,7.920000076293945,8.600000381469727,7.920000076293945,8.430000305175781,14200,0.0,0.0
2023-06-01 00:00:00-04:00,8.539999961853027,9.0,8.326000213623047,8.520000457763672,13700,0.0,0.0
2023-06-02 00:00:00-04:00,8.359999656677246,8.5,8.300000190734863,8.489999771118164,15500,0.0,0.0
2023-06-05 00:00:00-04:00,8.5,8.550000190734863,8.300000190734863,8.489999771118164,7000,0.0,0.0
2023-06-06 00:00:00-04:00,8.34000015258789,8.359999656677246,8.100000381469727,8.1899995803833,26600,0.0,0.0
2023-06-07 00:00:00-04:00,8.390000343322754,8.390000343322754,8.100000381469727,8.199999809265137,21600,0.0,0.0
2023-06-08 00:00:00-04:00,8.100000381469727,8.399999618530273,8.100000381469727,8.229999542236328,16200,0.0,0.0
2023-06-09 00:00:00-04:00,8.229999542236328,8.229999542236328,8.100000381469727,8.199999809265137,25800,0.0,0.0
2023-06-12 00:00:00-04:00,8.119999885559082,8.279000282287598,7.409999847412109,7.420000076293945,100300,0.0,0.0
2023-06-13 00:00:00-04:00,7.909999847412109,8.569999694824219,7.75,8.0,58300,0.0,0.0
2023-06-14 00:00:00-04:00,8.220000267028809,8.239999771118164,7.550000190734863,7.980000019073486,151500,0.0,0.0
2023-06-15 00:00:00-04:00,8.100000381469727,8.100000381469727,7.699999809265137,7.849999904632568,67800,0.0,0.0
2023-06-16 00:00:00-04:00,7.980000019073486,8.029999732971191,7.900000095367432,7.900000095367432,8400,0.0,0.0
2023-06-20 00:00:00-04:00,7.889999866485596,7.89900016784668,7.440000057220459,7.869999885559082,14900,0.0,0.0
2023-06-21 00:00:00-04:00,7.855000019073486,8.010000228881836,7.855000019073486,7.989999771118164,15200,0.0,0.0
2023-06-22 00:00:00-04:00,7.760000228881836,7.949999809265137,7.519999980926514,7.949999809265137,60900,0.0,0.0
2023-06-23 00:00:00-04:00,7.699999809265137,8.039999961853027,7.449999809265137,7.550000190734863,10000,0.0,0.0
2023-06-26 00:00:00-04:00,7.630000114440918,7.800000190734863,7.510000228881836,7.519999980926514,68100,0.0,0.0
2023-06-27 00:00:00-04:00,7.489999771118164,7.789999961853027,7.409999847412109,7.449999809265137,93500,0.0,0.0
2023-06-28 00:00:00-04:00,7.460000038146973,7.809999942779541,7.300000190734863,7.349999904632568,107100,0.0,0.0
2023-06-29 00:00:00-04:00,6.889999866485596,7.230000019073486,6.699999809265137,6.900000095367432,166500,0.0,0.0
2023-06-30 00:00:00-04:00,7.510000228881836,8.194000244140625,7.5,7.739999771118164,625700,0.0,0.0
2023-07-03 00:00:00-04:00,8.880000114440918,9.199999809265137,8.1899995803833,8.430000305175781,504500,0.0,0.0
2023-07-05 00:00:00-04:00,8.550000190734863,8.781999588012695,8.029999732971191,8.119999885559082,166200,0.0,0.0
2023-07-06 00:00:00-04:00,8.260000228881836,8.699999809265137,8.170000076293945,8.199999809265137,315100,0.0,0.0
2023-07-07 00:00:00-04:00,8.699999809265137,9.125,8.5,8.729999542236328,338700,0.0,0.0
2023-07-10 00:00:00-04:00,8.949999809265137,9.0,8.414999961853027,8.489999771118164,87400,0.0,0.0
2023-07-11 00:00:00-04:00,8.609999656677246,8.899999618530273,8.5,8.520000457763672,139500,0.0,0.0
2023-07-12 00:00:00-04:00,8.895000457763672,9.369999885559082,8.399999618530273,8.470000267028809,82100,0.0,0.0
2023-07-13 00:00:00-04:00,8.470000267028809,8.86400032043457,8.470000267028809,8.619999885559082,200000,0.0,0.0
2023-07-14 00:00:00-04:00,8.600000381469727,9.710000038146973,8.600000381469727,9.65999984741211,154400,0.0,0.0
2023-07-17 00:00:00-04:00,9.529999732971191,9.600000381469727,9.199999809265137,9.399999618530273,166600,0.0,0.0
2023-07-18 00:00:00-04:00,9.399999618530273,9.770000457763672,9.399999618530273,9.770000457763672,57700,0.0,0.0
2023-07-19 00:00:00-04:00,9.899999618530273,10.40999984741211,9.670000076293945,9.800000190734863,349100,0.0,0.0
2023-07-20 00:00:00-04:00,9.800000190734863,10.329999923706055,9.800000190734863,9.850000381469727,80600,0.0,0.0
2023-07-21 00:00:00-04:00,9.979999542236328,10.380000114440918,9.880000114440918,9.899999618530273,114300,0.0,0.0
2023-07-24 00:00:00-04:00,10.399999618530273,10.635000228881836,9.970000267028809,10.069999694824219,104400,0.0,0.0
2023-07-25 00:00:00-04:00,10.0,10.494999885559082,9.850000381469727,9.899999618530273,62200,0.0,0.0
2023-07-26 00:00:00-04:00,9.920000076293945,10.34000015258789,9.84000015258789,9.84000015258789,16000,0.0,0.0
2023-07-27 00:00:00-04:00,9.949999809265137,10.119999885559082,9.600000381469727,9.619999885559082,31800,0.0,0.0
2023-07-28 00:00:00-04:00,9.600000381469727,9.949999809265137,9.600000381469727,9.800000190734863,38900,0.0,0.0
2023-07-31 00:00:00-04:00,9.800000190734863,10.289999961853027,9.75,9.800000190734863,76500,0.0,0.0
2023-08-01 00:00:00-04:00,9.720000267028809,9.9399995803833,9.5,9.569999694824219,125500,0.0,0.0
2023-08-02 00:00:00-04:00,9.569999694824219,9.779999732971191,9.510000228881836,9.510000228881836,33000,0.0,0.0
2023-08-03 00:00:00-04:00,9.399999618530273,9.600000381469727,9.0,9.210000038146973,71700,0.0,0.0
2023-08-04 00:00:00-04:00,9.270000457763672,9.3100004196167,8.5600004196167,8.760000228881836,85100,0.0,0.0
2023-08-07 00:00:00-04:00,9.510000228881836,9.510000228881836,8.541000366210938,8.800000190734863,20600,0.0,0.0
2023-08-08 00:00:00-04:00,9.100000381469727,9.352999687194824,8.930000305175781,8.989999771118164,90800,0.0,0.0
2023-08-09 00:00:00-04:00,9.0,9.3100004196167,9.0,9.069999694824219,52400,0.0,0.0
2023-08-10 00:00:00-04:00,9.149999618530273,9.225000381469727,9.020000457763672,9.050000190734863,104800,0.0,0.0
2023-08-11 00:00:00-04:00,9.0,9.170000076293945,8.869999885559082,8.899999618530273,159500,0.0,0.0
2023-08-14 00:00:00-04:00,8.90999984741211,8.949999809265137,8.8100004196167,8.850000381469727,19700,0.0,0.0
2023-08-15 00:00:00-04:00,8.8100004196167,8.906000137329102,8.779999732971191,8.850000381469727,17000,0.0,0.0
2023-08-16 00:00:00-04:00,9.0,9.1899995803833,8.899999618530273,8.9350004196167,87100,0.0,0.0
2023-08-17 00:00:00-04:00,8.90999984741211,9.020000457763672,8.90999984741211,8.979999542236328,25300,0.0,0.0
2023-08-18 00:00:00-04:00,9.100000381469727,9.989999771118164,8.949999809265137,9.569999694824219,872400,0.0,0.0
2023-08-21 00:00:00-04:00,9.720000267028809,9.857999801635742,9.600000381469727,9.729999542236328,492500,0.0,0.0
2023-08-22 00:00:00-04:00,9.710000038146973,10.119999885559082,9.699999809265137,9.800000190734863,164600,0.0,0.0
2023-08-23 00:00:00-04:00,9.770000457763672,9.8100004196167,9.649999618530273,9.649999618530273,72100,0.0,0.0
2023-08-24 00:00:00-04:00,9.65999984741211,9.78600025177002,9.399999618530273,9.479999542236328,70600,0.0,0.0
2023-08-25 00:00:00-04:00,9.460000038146973,9.600000381469727,9.399999618530273,9.550000190734863,33800,0.0,0.0
2023-08-28 00:00:00-04:00,9.710000038146973,10.0,9.637999534606934,9.699999809265137,70000,0.0,0.0
2023-08-29 00:00:00-04:00,9.609999656677246,9.970000267028809,9.510000228881836,9.84000015258789,21100,0.0,0.0
2023-08-30 00:00:00-04:00,9.84000015258789,9.899999618530273,9.699999809265137,9.729999542236328,29900,0.0,0.0
2023-08-31 00:00:00-04:00,9.75,10.069999694824219,9.75,9.899999618530273,121600,0.0,0.0
2023-09-01 00:00:00-04:00,9.890000343322754,10.0,9.682999610900879,9.9399995803833,37900,0.0,0.0
2023-09-05 00:00:00-04:00,9.90999984741211,9.979999542236328,9.8100004196167,9.869999885559082,6600,0.0,0.0
2023-09-06 00:00:00-04:00,10.0,10.0,9.517999649047852,9.640000343322754,50600,0.0,0.0
2023-09-07 00:00:00-04:00,9.710000038146973,9.710000038146973,9.449999809265137,9.449999809265137,15400,0.0,0.0
2023-09-08 00:00:00-04:00,9.40999984741211,9.743000030517578,9.40999984741211,9.520000457763672,5600,0.0,0.0
2023-09-11 00:00:00-04:00,9.479999542236328,9.640000343322754,9.449999809265137,9.510000228881836,5800,0.0,0.0
2023-09-12 00:00:00-04:00,9.609999656677246,9.670000076293945,9.319999694824219,9.359999656677246,12100,0.0,0.0
2023-09-13 00:00:00-04:00,9.300000190734863,9.34000015258789,8.75,8.880000114440918,18600,0.0,0.0
2023-09-14 00:00:00-04:00,8.869999885559082,9.140000343322754,8.289999961853027,8.800000190734863,25900,0.0,0.0
2023-09-15 00:00:00-04:00,8.545000076293945,9.479999542236328,8.545000076293945,9.140000343322754,145700,0.0,0.0
2023-09-18 00:00:00-04:00,9.010000228881836,9.09000015258789,8.899999618530273,9.09000015258789,27700,0.0,0.0
2023-09-19 00:00:00-04:00,9.109999656677246,9.149999618530273,8.8100004196167,9.140000343322754,17400,0.0,0.0
2023-09-20 00:00:00-04:00,9.333999633789062,9.333999633789062,8.970000267028809,9.100000381469727,18300,0.0,0.0
2023-09-21 00:00:00-04:00,8.920000076293945,9.029999732971191,8.84000015258789,8.880000114440918,16800,0.0,0.0
2023-09-22 00:00:00-04:00,8.920000076293945,8.989999771118164,8.829999923706055,8.880000114440918,7000,0.0,0.0
2023-09-25 00:00:00-04:00,8.989999771118164,9.371999740600586,8.930000305175781,8.930000305175781,8100,0.0,0.0
2023-09-26 00:00:00-04:00,8.989999771118164,9.229999542236328,8.899999618530273,8.930000305175781,64300,0.0,0.0
2023-09-27 00:00:00-04:00,9.0,9.149999618530273,8.899999618530273,8.9399995803833,43500,0.0,0.0
2023-09-28 00:00:00-04:00,8.920000076293945,9.227999687194824,8.914999961853027,9.079999923706055,28700,0.0,0.0
2023-09-29 00:00:00-04:00,9.050000190734863,9.289999961853027,9.050000190734863,9.119999885559082,40200,0.0,0.0
2023-10-02 00:00:00-04:00,9.229999542236328,9.229999542236328,9.0,9.020000457763672,44300,0.0,0.0
2023-10-03 00:00:00-04:00,9.220000267028809,9.300000190734863,9.114999771118164,9.15999984741211,26600,0.0,0.0
2023-10-04 00:00:00-04:00,9.100000381469727,9.300000190734863,9.100000381469727,9.109999656677246,2900,0.0,0.0
2023-10-05 00:00:00-04:00,9.300000190734863,9.300000190734863,9.100000381469727,9.100000381469727,6600,0.0,0.0
2023-10-06 00:00:00-04:00,9.100000381469727,9.470000267028809,9.100000381469727,9.369999885559082,12200,0.0,0.0
2023-10-09 00:00:00-04:00,9.133999824523926,9.350000381469727,9.050000190734863,9.050000190734863,4900,0.0,0.0
2023-10-10 00:00:00-04:00,9.239999771118164,9.399999618530273,9.199999809265137,9.369999885559082,23000,0.0,0.0
2023-10-11 00:00:00-04:00,9.5,9.5,9.100000381469727,9.100000381469727,3600,0.0,0.0
2023-10-12 00:00:00-04:00,9.079999923706055,9.079999923706055,9.020000457763672,9.020000457763672,500,0.0,0.0
2023-10-13 00:00:00-04:00,9.010000228881836,9.149999618530273,9.010000228881836,9.149999618530273,6000,0.0,0.0
2023-10-16 00:00:00-04:00,9.170000076293945,9.170000076293945,8.920000076293945,9.039999961853027,30600,0.0,0.0
2023-10-17 00:00:00-04:00,8.869999885559082,9.149999618530273,8.869999885559082,9.149999618530273,1900,0.0,0.0
2023-10-18 00:00:00-04:00,8.970000267028809,9.09000015258789,8.640000343322754,8.850000381469727,19600,0.0,0.0
2023-10-19 00:00:00-04:00,8.649999618530273,9.100000381469727,8.59000015258789,8.850000381469727,18200,0.0,0.0
2023-10-20 00:00:00-04:00,8.859999656677246,9.270000457763672,8.569999694824219,8.680000305175781,11400,0.0,0.0
2023-10-23 00:00:00-04:00,8.550000190734863,8.800000190734863,8.550000190734863,8.800000190734863,5400,0.0,0.0
2023-10-24 00:00:00-04:00,8.800000190734863,8.819999694824219,8.760000228881836,8.760000228881836,900,0.0,0.0
2023-10-25 00:00:00-04:00,8.54699993133545,8.9399995803833,8.5,8.699999809265137,4300,0.0,0.0
2023-10-26 00:00:00-04:00,8.5,8.711000442504883,8.5,8.550000190734863,1000,0.0,0.0
2023-10-27 00:00:00-04:00,8.534000396728516,8.979999542236328,8.534000396728516,8.979999542236328,600,0.0,0.0
2023-10-30 00:00:00-04:00,8.840999603271484,8.989999771118164,8.699999809265137,8.699999809265137,2000,0.0,0.0
2023-10-31 00:00:00-04:00,8.869999885559082,9.069999694824219,8.699999809265137,8.890000343322754,7500,0.0,0.0
2023-11-01 00:00:00-04:00,8.5,8.739999771118164,8.300000190734863,8.59000015258789,10800,0.0,0.0
2023-11-02 00:00:00-04:00,8.720000267028809,8.949999809265137,8.720000267028809,8.899999618530273,10000,0.0,0.0
2023-11-03 00:00:00-04:00,8.729999542236328,8.899999618530273,8.640000343322754,8.880000114440918,2300,0.0,0.0
2023-11-06 00:00:00-05:00,8.680000305175781,8.729999542236328,8.600000381469727,8.609999656677246,2400,0.0,0.0
2023-11-07 00:00:00-05:00,8.600000381469727,8.800000190734863,8.600000381469727,8.640000343322754,1600,0.0,0.0
2023-11-08 00:00:00-05:00,8.75,8.75,8.390000343322754,8.729999542236328,2100,0.0,0.0
2023-11-09 00:00:00-05:00,8.595000267028809,8.880000114440918,8.449999809265137,8.6899995803833,43800,0.0,0.0
2023-11-10 00:00:00-05:00,8.699999809265137,9.324999809265137,8.699999809265137,9.010000228881836,119700,0.0,0.0
2023-11-13 00:00:00-05:00,9.020000457763672,9.020000457763672,9.020000457763672,9.020000457763672,1000,0.0,0.0
2023-11-14 00:00:00-05:00,9.050000190734863,9.399999618530273,8.899999618530273,9.0,111400,0.0,0.0
2023-11-15 00:00:00-05:00,9.291999816894531,9.291999816894531,8.899999618530273,9.130000114440918,12800,0.0,0.0
2023-11-16 00:00:00-05:00,9.100000381469727,9.100000381469727,9.0,9.029999732971191,20000,0.0,0.0
2023-11-17 00:00:00-05:00,9.100000381469727,9.119999885559082,9.0,9.0,8200,0.0,0.0
2023-11-20 00:00:00-05:00,9.0,9.239999771118164,8.899999618530273,9.140000343322754,38500,0.0,0.0
2023-11-21 00:00:00-05:00,8.949999809265137,9.12399959564209,8.949999809265137,9.010000228881836,17400,0.0,0.0
2023-11-22 00:00:00-05:00,9.104000091552734,9.25,9.015000343322754,9.125,3300,0.0,0.0
2023-11-24 00:00:00-05:00,9.0600004196167,10.175000190734863,9.0,9.899999618530273,209400,0.0,0.0
2023-11-27 00:00:00-05:00,9.800000190734863,10.010000228881836,9.75,9.850000381469727,273300,0.0,0.0
2023-11-28 00:00:00-05:00,9.960000038146973,9.960000038146973,9.09000015258789,9.800000190734863,192200,0.0,0.0
2023-11-29 00:00:00-05:00,9.899999618530273,9.899999618530273,9.364999771118164,9.399999618530273,62900,0.0,0.0
2023-11-30 00:00:00-05:00,9.776000022888184,9.78600025177002,9.449999809265137,9.5,73500,0.0,0.0
2023-12-01 00:00:00-05:00,9.890000343322754,9.890000343322754,9.449999809265137,9.449999809265137,182000,0.0,0.0
2023-12-04 00:00:00-05:00,9.5,9.899999618530273,9.359999656677246,9.489999771118164,158700,0.0,0.0
2023-12-05 00:00:00-05:00,9.5,9.5,9.350000381469727,9.350000381469727,70600,0.0,0.0
2023-12-06 00:00:00-05:00,9.6899995803833,9.699999809265137,9.399999618530273,9.5,14700,0.0,0.0
2023-12-07 00:00:00-05:00,9.359999656677246,9.600000381469727,9.229999542236328,9.510000228881836,58000,0.0,0.0
2023-12-08 00:00:00-05:00,9.539999961853027,9.585000038146973,9.079999923706055,9.170000076293945,131600,0.0,0.0
2023-12-11 00:00:00-05:00,9.239999771118164,9.25,9.100000381469727,9.119999885559082,41500,0.0,0.0
2023-12-12 00:00:00-05:00,9.272000312805176,9.59000015258789,9.180000305175781,9.300000190734863,25400,0.0,0.0
2023-12-13 00:00:00-05:00,9.329999923706055,9.600000381469727,9.329999923706055,9.5600004196167,5800,0.0,0.0
2023-12-14 00:00:00-05:00,10.0,10.75,10.0,10.75,79400,0.0,0.0
2023-12-15 00:00:00-05:00,10.640000343322754,10.840999603271484,10.279999732971191,10.630000114440918,26400,0.0,0.0
2023-12-18 00:00:00-05:00,10.3100004196167,10.90999984741211,10.199999809265137,10.720000267028809,79900,0.0,0.0
2023-12-19 00:00:00-05:00,10.699999809265137,10.9399995803833,10.699999809265137,10.890000343322754,76400,0.0,0.0
2023-12-20 00:00:00-05:00,10.75,11.0600004196167,10.75,10.960000038146973,83300,0.0,0.0
2023-12-21 00:00:00-05:00,11.069999694824219,11.5,11.020000457763672,11.140000343322754,69000,0.0,0.0
2023-12-22 00:00:00-05:00,11.15999984741211,11.220000267028809,10.960000038146973,11.220000267028809,44400,0.0,0.0
2023-12-26 00:00:00-05:00,11.34000015258789,11.34000015258789,10.149999618530273,11.239999771118164,57300,0.0,0.0
2023-12-27 00:00:00-05:00,11.220000267028809,11.390000343322754,11.149999618530273,11.279999732971191,28100,0.0,0.0
2023-12-28 00:00:00-05:00,11.25,11.5,11.25,11.300000190734863,60300,0.0,0.0
2023-12-29 00:00:00-05:00,11.489999771118164,11.5,11.350000381469727,11.479999542236328,41300,0.0,0.0
2024-01-02 00:00:00-05:00,11.489999771118164,11.489999771118164,11.260000228881836,11.359999656677246,6900,0.0,0.0
2024-01-03 00:00:00-05:00,11.5,11.75,11.460000038146973,11.680000305175781,54000,0.0,0.0
2024-01-04 00:00:00-05:00,11.75,12.604999542236328,11.680000305175781,12.100000381469727,28000,0.0,0.0
2024-01-05 00:00:00-05:00,12.199999809265137,12.5,12.199999809265137,12.260000228881836,36900,0.0,0.0
2024-01-08 00:00:00-05:00,12.979999542236328,12.989999771118164,12.399999618530273,12.470000267028809,78400,0.0,0.0
2024-01-09 00:00:00-05:00,12.5,12.519000053405762,12.399999618530273,12.489999771118164,283700,0.0,0.0
2024-01-10 00:00:00-05:00,12.399999618530273,12.619999885559082,12.069999694824219,12.210000038146973,257000,0.0,0.0
2024-01-11 00:00:00-05:00,12.199999809265137,12.350000381469727,12.199999809265137,12.229999542236328,97100,0.0,0.0
2024-01-12 00:00:00-05:00,12.220000267028809,12.3100004196167,12.220000267028809,12.3100004196167,13600,0.0,0.0
2024-01-16 00:00:00-05:00,12.15999984741211,12.449999809265137,12.15999984741211,12.420000076293945,7300,0.0,0.0
2024-01-17 00:00:00-05:00,12.289999961853027,12.5,12.239999771118164,12.350000381469727,17500,0.0,0.0
2024-01-18 00:00:00-05:00,12.380000114440918,12.380000114440918,12.210000038146973,12.265000343322754,4500,0.0,0.0
2024-01-19 00:00:00-05:00,13.079999923706055,14.59000015258789,12.260000228881836,14.140000343322754,2399800,0.0,0.0
2024-01-22 00:00:00-05:00,14.75,14.75,14.100000381469727,14.180000305175781,937200,0.0,0.0
2024-01-23 00:00:00-05:00,14.109999656677246,14.539999961853027,14.100000381469727,14.25,282000,0.0,0.0
2024-01-24 00:00:00-05:00,14.40999984741211,14.75,14.210000038146973,14.25,480300,0.0,0.0
2024-01-25 00:00:00-05:00,14.34000015258789,14.355999946594238,14.229999542236328,14.239999771118164,267300,0.0,0.0
2024-01-26 00:00:00-05:00,14.25,14.649999618530273,14.25,14.649999618530273,80500,0.0,0.0
2024-01-29 00:00:00-05:00,15.0,15.699999809265137,14.600000381469727,15.25,518600,0.0,0.0
2024-01-30 00:00:00-05:00,15.279999732971191,15.380000114440918,15.0,15.130000114440918,264300,0.0,0.0
2024-01-31 00:00:00-05:00,15.710000038146973,16.030000686645508,15.600000381469727,15.75,981700,0.0,0.0
2024-02-01 00:00:00-05:00,15.739999771118164,16.100000381469727,15.720000267028809,15.949999809265137,631900,0.0,0.0
2024-02-02 00:00:00-05:00,15.75,15.920000076293945,15.3100004196167,15.699999809265137,383100,0.0,0.0
2024-02-05 00:00:00-05:00,15.65999984741211,15.730999946594238,15.420000076293945,15.489999771118164,176000,0.0,0.0
2024-02-06 00:00:00-05:00,15.5,15.59000015258789,15.369000434875488,15.479999542236328,197500,0.0,0.0
2024-02-07 00:00:00-05:00,15.449999809265137,15.880000114440918,15.449999809265137,15.609999656677246,166000,0.0,0.0
2024-02-08 00:00:00-05:00,15.460000038146973,15.600000381469727,15.319999694824219,15.489999771118164,139600,0.0,0.0
2024-02-09 00:00:00-05:00,15.399999618530273,15.760000228881836,15.260000228881836,15.65999984741211,529500,0.0,0.0
2024-02-12 00:00:00-05:00,15.720000267028809,15.90999984741211,15.649999618530273,15.710000038146973,390600,0.0,0.0
2024-02-13 00:00:00-05:00,15.550000190734863,15.8149995803833,15.550000190734863,15.65999984741211,152500,0.0,0.0
2024-02-14 00:00:00-05:00,15.699999809265137,15.829999923706055,15.649999618530273,15.699999809265137,291300,0.0,0.0
2024-02-15 00:00:00-05:00,15.75,16.219999313354492,15.704999923706055,15.800000190734863,554200,0.0,0.0
2024-02-16 00:00:00-05:00,15.6899995803833,15.930000305175781,15.6899995803833,15.819999694824219,133200,0.0,0.0
2024-02-20 00:00:00-05:00,15.899999618530273,16.0,15.899999618530273,15.970000267028809,524500,0.0,0.0
2024-02-21 00:00:00-05:00,16.0,16.0,15.699999809265137,15.75,128200,0.0,0.0
2024-02-22 00:00:00-05:00,15.930000305175781,15.930000305175781,15.529999732971191,15.569999694824219,242700,0.0,0.0
2024-02-23 00:00:00-05:00,15.649999618530273,16.149999618530273,15.600000381469727,16.030000686645508,716400,0.0,0.0
2024-02-26 00:00:00-05:00,17.850000381469727,18.0,17.020000457763672,17.270000457763672,1818900,0.0,0.0
2024-02-27 00:00:00-05:00,17.100000381469727,17.100000381469727,15.920000076293945,16.290000915527344,376000,0.0,0.0
2024-02-28 00:00:00-05:00,16.170000076293945,16.280000686645508,15.710000038146973,15.899999618530273,249000,0.0,0.0
2024-02-29 00:00:00-05:00,15.890000343322754,15.890000343322754,15.0,15.390000343322754,265000,0.0,0.0
2024-03-01 00:00:00-05:00,15.300000190734863,15.765000343322754,15.300000190734863,15.760000228881836,183800,0.0,0.0
2024-03-04 00:00:00-05:00,15.600000381469727,16.0,15.600000381469727,16.0,174500,0.0,0.0
2024-03-05 00:00:00-05:00,16.299999237060547,16.950000762939453,16.049999237060547,16.15999984741211,471800,0.0,0.0
2024-03-06 00:00:00-05:00,16.0,16.1200008392334,15.970000267028809,15.979999542236328,120000,0.0,0.0
2024-03-07 00:00:00-05:00,16.100000381469727,16.100000381469727,15.970000267028809,16.020000457763672,95900,0.0,0.0
2024-03-08 00:00:00-05:00,16.030000686645508,16.100000381469727,15.569999694824219,15.600000381469727,1111200,0.0,0.0
2024-03-11 00:00:00-04:00,15.34000015258789,15.899999618530273,15.34000015258789,15.430000305175781,60300,0.0,0.0
2024-03-12 00:00:00-04:00,15.619999885559082,15.829999923706055,15.300000190734863,15.319999694824219,112900,0.0,0.0
2024-03-13 00:00:00-04:00,15.25,15.479999542236328,15.25,15.390000343322754,161300,0.0,0.0
2024-03-14 00:00:00-04:00,15.300000190734863,15.5600004196167,15.119999885559082,15.329999923706055,111000,0.0,0.0
2024-03-15 00:00:00-04:00,15.220000267028809,15.5,15.210000038146973,15.3100004196167,204700,0.0,0.0
2024-03-18 00:00:00-04:00,15.199999809265137,15.829999923706055,15.029999732971191,15.029999732971191,39300,0.0,0.0
2024-03-19 00:00:00-04:00,14.920000076293945,15.305000305175781,14.920000076293945,15.239999771118164,140600,0.0,0.0
2024-03-20 00:00:00-04:00,15.119999885559082,15.300000190734863,15.010000228881836,15.229999542236328,142800,0.0,0.0
2024-03-21 00:00:00-04:00,14.989999771118164,15.270000457763672,14.989999771118164,15.069999694824219,136800,0.0,0.0
2024-03-22 00:00:00-04:00,15.0,15.03499984741211,14.600000381469727,14.949999809265137,91600,0.0,0.0
2024-03-25 00:00:00-04:00,14.289999961853027,14.289999961853027,13.15999984741211,13.270000457763672,200200,0.0,0.0
2024-03-26 00:00:00-04:00,12.949999809265137,13.0,12.460000038146973,12.5,113600,0.0,0.0
2024-03-27 00:00:00-04:00,12.380000114440918,12.739999771118164,12.380000114440918,12.680000305175781,85200,0.0,0.0
2024-03-28 00:00:00-04:00,12.569999694824219,12.920000076293945,12.199999809265137,12.220000267028809,88300,0.0,0.0
2024-04-01 00:00:00-04:00,12.25,12.489999771118164,12.25,12.470000267028809,118200,0.0,0.0
2024-04-02 00:00:00-04:00,12.1899995803833,12.1899995803833,11.010000228881836,11.399999618530273,261900,0.0,0.0
2024-04-03 00:00:00-04:00,11.739999771118164,11.760000228881836,11.399999618530273,11.6899995803833,246100,0.0,0.0
2024-04-04 00:00:00-04:00,11.670000076293945,12.0,11.569999694824219,11.670000076293945,99800,0.0,0.0
2024-04-05 00:00:00-04:00,12.130000114440918,12.260000228881836,11.946000099182129,12.020000457763672,460600,0.0,0.0
2024-04-08 00:00:00-04:00,11.850000381469727,12.390000343322754,11.850000381469727,12.010000228881836,81200,0.0,0.0
2024-04-09 00:00:00-04:00,12.0,12.0,11.90999984741211,11.930000305175781,96300,0.0,0.0
2024-04-10 00:00:00-04:00,11.9399995803833,12.029999732971191,11.869999885559082,11.880000114440918,44300,0.0,0.0
2024-04-11 00:00:00-04:00,11.71399974822998,11.899999618530273,11.71399974822998,11.850000381469727,100300,0.0,0.0
2024-04-12 00:00:00-04:00,11.789999961853027,12.300000190734863,11.1899995803833,12.239999771118164,411900,0.0,0.0
2024-04-15 00:00:00-04:00,12.020000457763672,12.510000228881836,12.020000457763672,12.5,219200,0.0,0.0
2024-04-16 00:00:00-04:00,12.5,13.010000228881836,12.395000457763672,12.729999542236328,377700,0.0,0.0
2024-04-17 00:00:00-04:00,12.739999771118164,13.0,12.729999542236328,12.800000190734863,137500,0.0,0.0
2024-04-18 00:00:00-04:00,12.720000267028809,12.949999809265137,12.720000267028809,12.890000343322754,90100,0.0,0.0
2024-04-19 00:00:00-04:00,13.050000190734863,14.0,12.75,13.220000267028809,1686600,0.0,0.0
2024-04-22 00:00:00-04:00,13.25,13.350000381469727,13.225000381469727,13.329999923706055,184800,0.0,0.0
2024-04-23 00:00:00-04:00,13.300000190734863,13.449999809265137,13.300000190734863,13.399999618530273,195700,0.0,0.0
2024-04-24 00:00:00-04:00,13.550000190734863,13.75,13.470000267028809,13.539999961853027,191100,0.0,0.0
2024-04-25 00:00:00-04:00,13.510000228881836,13.739999771118164,13.479999542236328,13.649999618530273,65600,0.0,0.0
2024-04-26 00:00:00-04:00,14.0,14.229999542236328,14.0,14.149999618530273,248500,0.0,0.0
2024-04-29 00:00:00-04:00,14.199999809265137,14.300000190734863,14.199999809265137,14.220000267028809,39600,0.0,0.0
2024-04-30 00:00:00-04:00,14.670000076293945,14.760000228881836,14.460000038146973,14.5,224700,0.0,0.0
2024-05-01 00:00:00-04:00,14.529999732971191,14.59000015258789,14.369999885559082,14.479999542236328,118100,0.0,0.0
2024-05-02 00:00:00-04:00,14.5,14.5649995803833,14.4399995803833,14.510000228881836,231600,0.0,0.0
2024-05-03 00:00:00-04:00,14.489999771118164,14.491999626159668,14.390000343322754,14.399999618530273,46800,0.0,0.0
2024-05-06 00:00:00-04:00,14.4399995803833,14.470000267028809,14.350000381469727,14.380000114440918,134700,0.0,0.0
2024-05-07 00:00:00-04:00,14.34000015258789,14.390000343322754,13.859999656677246,13.859999656677246,166400,0.0,0.0
2024-05-08 00:00:00-04:00,13.600000381469727,13.600000381469727,13.449999809265137,13.539999961853027,66800,0.0,0.0
2024-05-09 00:00:00-04:00,13.510000228881836,13.609999656677246,13.494999885559082,13.600000381469727,41600,0.0,0.0
2024-05-10 00:00:00-04:00,13.720000267028809,13.720000267028809,13.350000381469727,13.369999885559082,55200,0.0,0.0
2024-05-13 00:00:00-04:00,13.319999694824219,13.399999618530273,13.220000267028809,13.289999961853027,75100,0.0,0.0
2024-05-14 00:00:00-04:00,13.279999732971191,13.350000381469727,13.279999732971191,13.350000381469727,76600,0.0,0.0
2024-05-15 00:00:00-04:00,13.399999618530273,13.399999618530273,13.289999961853027,13.350000381469727,59400,0.0,0.0
2024-05-16 00:00:00-04:00,13.449999809265137,13.5,13.380000114440918,13.5,75900,0.0,0.0
2024-05-17 00:00:00-04:00,13.460000038146973,13.524999618530273,13.300000190734863,13.5,38800,0.0,0.0
2024-05-20 00:00:00-04:00,13.609999656677246,13.609999656677246,13.40999984741211,13.5,42700,0.0,0.0
2024-05-21 00:00:00-04:00,13.5600004196167,13.9399995803833,13.5600004196167,13.9399995803833,319800,0.0,0.0
2024-05-22 00:00:00-04:00,14.149999618530273,14.29800033569336,13.970000267028809,14.0,405300,0.0,0.0
2024-05-23 00:00:00-04:00,13.9399995803833,13.9399995803833,12.9399995803833,13.579999923706055,148700,0.0,0.0
2024-05-24 00:00:00-04:00,13.699999809265137,14.21500015258789,13.449999809265137,14.1899995803833,357900,0.0,0.0
2024-05-28 00:00:00-04:00,14.1899995803833,14.199999809265137,13.800000190734863,13.989999771118164,186600,0.0,0.0
2024-05-29 00:00:00-04:00,13.850000381469727,13.850000381469727,13.470000267028809,13.600000381469727,80400,0.0,0.0
2024-05-30 00:00:00-04:00,13.550000190734863,13.869999885559082,13.550000190734863,13.770000457763672,121200,0.0,0.0
2024-05-31 00:00:00-04:00,13.84000015258789,13.970000267028809,13.619999885559082,13.880000114440918,187500,0.0,0.0
2024-06-03 00:00:00-04:00,13.880000114440918,14.149999618530273,13.859999656677246,13.960000038146973,172900,0.0,0.0
2024-06-04 00:00:00-04:00,13.859999656677246,13.989999771118164,13.699999809265137,13.90999984741211,119600,0.0,0.0
2024-06-05 00:00:00-04:00,13.880000114440918,13.949999809265137,13.8100004196167,13.949999809265137,39700,0.0,0.0
2024-06-06 00:00:00-04:00,13.989999771118164,14.0,13.944000244140625,13.989999771118164,79700,0.0,0.0
2024-06-07 00:00:00-04:00,14.069999694824219,14.140000343322754,13.96500015258789,14.039999961853027,144400,0.0,0.0
2024-06-10 00:00:00-04:00,13.979999542236328,14.524999618530273,13.630000114440918,14.460000038146973,218200,0.0,0.0
2024-06-11 00:00:00-04:00,14.460000038146973,14.460000038146973,14.369999885559082,14.390000343322754,86300,0.0,0.0
2024-06-12 00:00:00-04:00,14.649999618530273,14.649999618530273,14.15999984741211,14.229999542236328,173700,0.0,0.0
2024-06-13 00:00:00-04:00,14.25,14.289999961853027,14.100000381469727,14.279999732971191,84600,0.0,0.0
2024-06-14 00:00:00-04:00,14.319999694824219,14.319999694824219,14.03499984741211,14.050000190734863,64500,0.0,0.0
2024-06-17 00:00:00-04:00,14.140000343322754,14.140000343322754,13.649999618530273,13.850000381469727,442200,0.0,0.0
2024-06-18 00:00:00-04:00,13.800000190734863,13.8100004196167,13.399999618530273,13.640000343322754,154300,0.0,0.0
2024-06-20 00:00:00-04:00,13.5,13.649999618530273,13.270000457763672,13.510000228881836,407100,0.0,0.0
2024-06-21 00:00:00-04:00,13.789999961853027,13.789999961853027,13.3100004196167,13.479999542236328,123700,0.0,0.0
2024-06-24 00:00:00-04:00,13.5,13.5,13.100000381469727,13.319999694824219,211700,0.0,0.0
2024-06-25 00:00:00-04:00,13.300000190734863,13.300000190734863,12.6850004196167,12.770000457763672,94200,0.0,0.0
2024-06-26 00:00:00-04:00,12.300000190734863,12.300000190734863,11.960000038146973,12.020000457763672,72700,0.0,0.0
2024-06-27 00:00:00-04:00,11.930000305175781,12.100000381469727,11.8100004196167,12.0,35400,0.0,0.0
2024-06-28 00:00:00-04:00,12.0,12.15999984741211,11.800000190734863,12.15999984741211,167000,0.0,0.0
2024-07-01 00:00:00-04:00,12.300000190734863,12.399999618530273,12.0600004196167,12.359999656677246,230200,0.0,0.0
2024-07-02 00:00:00-04:00,12.350000381469727,12.399999618530273,12.149999618530273,12.239999771118164,168500,0.0,0.0
2024-07-03 00:00:00-04:00,12.399999618530273,12.399999618530273,12.050000190734863,12.149999618530273,60700,0.0,0.0
2024-07-05 00:00:00-04:00,12.199999809265137,12.199999809265137,11.920000076293945,12.119999885559082,29300,0.0,0.0
2024-07-08 00:00:00-04:00,12.119999885559082,12.229999542236328,12.050000190734863,12.149999618530273,53100,0.0,0.0
2024-07-09 00:00:00-04:00,12.09000015258789,12.170000076293945,11.954999923706055,12.010000228881836,34500,0.0,0.0
2024-07-10 00:00:00-04:00,12.140000343322754,12.1899995803833,11.949999809265137,12.09000015258789,34200,0.0,0.0
2024-07-11 00:00:00-04:00,12.09000015258789,12.119999885559082,11.890000343322754,11.90999984741211,41200,0.0,0.0
2024-07-12 00:00:00-04:00,11.84000015258789,12.180000305175781,11.84000015258789,12.149999618530273,96700,0.0,0.0
2024-07-15 00:00:00-04:00,12.1899995803833,12.1899995803833,12.09000015258789,12.100000381469727,11000,0.0,0.0
2024-07-16 00:00:00-04:00,12.210000038146973,12.210000038146973,12.100000381469727,12.140000343322754,17300,0.0,0.0
2024-07-17 00:00:00-04:00,12.029999732971191,12.140000343322754,11.819999694824219,11.979999542236328,88100,0.0,0.0
2024-07-18 00:00:00-04:00,11.989999771118164,12.050000190734863,11.84000015258789,11.90999984741211,49900,0.0,0.0
2024-07-19 00:00:00-04:00,12.039999961853027,12.050000190734863,11.869999885559082,11.9399995803833,45300,0.0,0.0
2024-07-22 00:00:00-04:00,12.039999961853027,12.050000190734863,11.800000190734863,12.0,77600,0.0,0.0
2024-07-23 00:00:00-04:00,11.9399995803833,11.979999542236328,11.800000190734863,11.800000190734863,39900,0.0,0.0
2024-07-24 00:00:00-04:00,11.800000190734863,11.800000190734863,11.399999618530273,11.600000381469727,124400,0.0,0.0
2024-07-25 00:00:00-04:00,11.600000381469727,11.600000381469727,11.289999961853027,11.289999961853027,40400,0.0,0.0
2024-07-26 00:00:00-04:00,11.420000076293945,11.829999923706055,11.109999656677246,11.59000015258789,193700,0.0,0.0
2024-07-29 00:00:00-04:00,11.800000190734863,12.079999923706055,11.800000190734863,11.8100004196167,101600,0.0,0.0
2024-07-30 00:00:00-04:00,11.949999809265137,11.954999923706055,11.699999809265137,11.800000190734863,88500,0.0,0.0
2024-07-31 00:00:00-04:00,11.800000190734863,11.800000190734863,11.510000228881836,11.699999809265137,68400,0.0,0.0
2024-08-01 00:00:00-04:00,11.899999618530273,11.899999618530273,11.569999694824219,11.569999694824219,78300,0.0,0.0
2024-08-02 00:00:00-04:00,11.5,11.699999809265137,11.40999984741211,11.539999961853027,84500,0.0,0.0
2024-08-05 00:00:00-04:00,11.399999618530273,11.5,10.680000305175781,11.050000190734863,158300,0.0,0.0
2024-08-06 00:00:00-04:00,10.989999771118164,11.199999809265137,10.899999618530273,11.119999885559082,41500,0.0,0.0
2024-08-07 00:00:00-04:00,11.199999809265137,11.3100004196167,10.989999771118164,11.010000228881836,100300,0.0,0.0
2024-08-08 00:00:00-04:00,10.970000267028809,11.300000190734863,10.864999771118164,10.899999618530273,52600,0.0,0.0
2024-08-09 00:00:00-04:00,10.680000305175781,10.954999923706055,10.680000305175781,10.90999984741211,41000,0.0,0.0
2024-08-12 00:00:00-04:00,10.989999771118164,11.050000190734863,10.5,10.890000343322754,72600,0.0,0.0
2024-08-13 00:00:00-04:00,11.010000228881836,11.010000228881836,10.6899995803833,10.789999961853027,97200,0.0,0.0
2024-08-14 00:00:00-04:00,10.970000267028809,11.130000114440918,10.84000015258789,11.050000190734863,232300,0.0,0.0
2024-08-15 00:00:00-04:00,11.1899995803833,12.0,11.100000381469727,11.930000305175781,312000,0.0,0.0
2024-08-16 00:00:00-04:00,12.649999618530273,13.0,12.300000190734863,12.970000267028809,675500,0.0,0.0
2024-08-19 00:00:00-04:00,13.100000381469727,13.199999809265137,12.869999885559082,12.989999771118164,153900,0.0,0.0
2024-08-20 00:00:00-04:00,12.890000343322754,12.989999771118164,12.619999885559082,12.649999618530273,285000,0.0,0.0
2024-08-21 00:00:00-04:00,12.760000228881836,12.760000228881836,12.279999732971191,12.399999618530273,255800,0.0,0.0
2024-08-22 00:00:00-04:00,12.229999542236328,12.300000190734863,11.710000038146973,11.970000267028809,122900,0.0,0.0
2024-08-23 00:00:00-04:00,12.0600004196167,12.0600004196167,11.880000114440918,11.890000343322754,80900,0.0,0.0
2024-08-26 00:00:00-04:00,11.949999809265137,11.949999809265137,11.699999809265137,11.75,34000,0.0,0.0
2024-08-27 00:00:00-04:00,11.65999984741211,11.800000190734863,11.600000381469727,11.729999542236328,104400,0.0,0.0
2024-08-28 00:00:00-04:00,11.725000381469727,11.725000381469727,11.59000015258789,11.649999618530273,58300,0.0,0.0
2024-08-29 00:00:00-04:00,11.739999771118164,11.800000190734863,11.550000190734863,11.649999618530273,43800,0.0,0.0
2024-08-30 00:00:00-04:00,11.739999771118164,11.75,11.5600004196167,11.680000305175781,73900,0.0,0.0
2024-09-03 00:00:00-04:00,11.569999694824219,11.569999694824219,11.260000228881836,11.350000381469727,55500,0.0,0.0
2024-09-04 00:00:00-04:00,11.420000076293945,11.529999732971191,11.260000228881836,11.350000381469727,70800,0.0,0.0
2024-09-05 00:00:00-04:00,11.300000190734863,11.5600004196167,11.300000190734863,11.350000381469727,258100,0.0,0.0
2024-09-06 00:00:00-04:00,11.430000305175781,11.5,11.069999694824219,11.079999923706055,154200,0.0,0.0
2024-09-09 00:00:00-04:00,11.010000228881836,11.130000114440918,10.729999542236328,11.100000381469727,46700,0.0,0.0
2024-09-10 00:00:00-04:00,11.0649995803833,11.069999694824219,10.890000343322754,10.920000076293945,44700,0.0,0.0
2024-09-11 00:00:00-04:00,11.029999732971191,11.029999732971191,10.5600004196167,10.760000228881836,157100,0.0,0.0
2024-09-12 00:00:00-04:00,10.699999809265137,10.859999656677246,10.699999809265137,10.800000190734863,48700,0.0,0.0
2024-09-13 00:00:00-04:00,10.699999809265137,10.880000114440918,10.699999809265137,10.8100004196167,38900,0.0,0.0
2024-09-16 00:00:00-04:00,10.760000228881836,10.949999809265137,10.699999809265137,10.880000114440918,59600,0.0,0.0
2024-09-17 00:00:00-04:00,10.859999656677246,11.15999984741211,10.859999656677246,11.010000228881836,97500,0.0,0.0
2024-09-18 00:00:00-04:00,11.130000114440918,11.149999618530273,10.829999923706055,11.069999694824219,96700,0.0,0.0
2024-09-19 00:00:00-04:00,11.229999542236328,11.359999656677246,10.920000076293945,11.180000305175781,118700,0.0,0.0
2024-09-20 00:00:00-04:00,11.1899995803833,11.199999809265137,10.949999809265137,11.119999885559082,64800,0.0,0.0
2024-09-23 00:00:00-04:00,11.069999694824219,11.100000381469727,10.850000381469727,10.880000114440918,49300,0.0,0.0
2024-09-24 00:00:00-04:00,10.880000114440918,11.40999984741211,10.869999885559082,11.170000076293945,66400,0.0,0.0
2024-09-25 00:00:00-04:00,11.199999809265137,11.470000267028809,11.199999809265137,11.220000267028809,63200,0.0,0.0
2024-09-26 00:00:00-04:00,11.329999923706055,11.369999885559082,11.119999885559082,11.350000381469727,43100,0.0,0.0
2024-09-27 00:00:00-04:00,11.420000076293945,11.979999542236328,11.420000076293945,11.899999618530273,83900,0.0,0.0
2024-09-30 00:00:00-04:00,11.989999771118164,11.989999771118164,11.84000015258789,11.899999618530273,25200,0.0,0.0
2024-10-01 00:00:00-04:00,11.970000267028809,12.25,11.920000076293945,11.949999809265137,135000,0.0,0.0
2024-10-02 00:00:00-04:00,11.989999771118164,12.5,11.850000381469727,12.300000190734863,173400,0.0,0.0
2024-10-03 00:00:00-04:00,12.390000343322754,12.399999618530273,12.210000038146973,12.300000190734863,81400,0.0,0.0
2024-10-04 00:00:00-04:00,12.390000343322754,12.390000343322754,12.100000381469727,12.300000190734863,100800,0.0,0.0
2024-10-07 00:00:00-04:00,12.300000190734863,12.600000381469727,12.244999885559082,12.550000190734863,183900,0.0,0.0
2024-10-08 00:00:00-04:00,12.59000015258789,12.895000457763672,12.579999923706055,12.850000381469727,212400,0.0,0.0
2024-10-09 00:00:00-04:00,12.800000190734863,13.0,12.779999732971191,12.979999542236328,121900,0.0,0.0
2024-10-10 00:00:00-04:00,12.979999542236328,12.989999771118164,12.59000015258789,12.850000381469727,166800,0.0,0.0
2024-10-11 00:00:00-04:00,12.850000381469727,12.949999809265137,12.4399995803833,12.449999809265137,154800,0.0,0.0
2024-10-14 00:00:00-04:00,12.479999542236328,12.569999694824219,12.40999984741211,12.5,115400,0.0,0.0
2024-10-15 00:00:00-04:00,12.569999694824219,12.569999694824219,12.420000076293945,12.5,251900,0.0,0.0
2024-10-16 00:00:00-04:00,12.539999961853027,12.550000190734863,12.295000076293945,12.399999618530273,116900,0.0,0.0
2024-10-17 00:00:00-04:00,9.149999618530273,12.4399995803833,9.149999618530273,12.399999618530273,44600,0.0,0.0
2024-10-18 00:00:00-04:00,12.350000381469727,12.399999618530273,12.3100004196167,12.34000015258789,52200,0.0,0.0
2024-10-21 00:00:00-04:00,12.380000114440918,12.399999618530273,12.25,12.25,49400,0.0,0.0
2024-10-22 00:00:00-04:00,12.180000305175781,12.489999771118164,12.180000305175781,12.399999618530273,45100,0.0,0.0
2024-10-23 00:00:00-04:00,12.380000114440918,13.1899995803833,12.380000114440918,12.899999618530273,282400,0.0,0.0
2024-10-24 00:00:00-04:00,12.949999809265137,13.154999732971191,12.84000015258789,13.050000190734863,160400,0.0,0.0
2024-10-25 00:00:00-04:00,13.100000381469727,13.100000381469727,12.819999694824219,13.079999923706055,111000,0.0,0.0
2024-10-28 00:00:00-04:00,13.100000381469727,13.119999885559082,12.930000305175781,12.989999771118164,173500,0.0,0.0
2024-10-29 00:00:00-04:00,13.09000015258789,13.114999771118164,12.609999656677246,12.960000038146973,162100,0.0,0.0
2024-10-30 00:00:00-04:00,12.84000015258789,12.84000015258789,12.630000114440918,12.770000457763672,68200,0.0,0.0
2024-10-31 00:00:00-04:00,12.800000190734863,13.300000190734863,12.579999923706055,12.979999542236328,255200,0.0,0.0
2024-11-01 00:00:00-04:00,13.09000015258789,13.125,12.979999542236328,13.020000457763672,79100,0.0,0.0
2024-11-04 00:00:00-05:00,12.949999809265137,13.039999961853027,12.899999618530273,12.920000076293945,53100,0.0,0.0
2024-11-05 00:00:00-05:00,12.920000076293945,12.960000038146973,12.770000457763672,12.899999618530273,68000,0.0,0.0
2024-11-06 00:00:00-05:00,13.100000381469727,13.279999732971191,12.649999618530273,12.75,71400,0.0,0.0
2024-11-07 00:00:00-05:00,12.84000015258789,12.84000015258789,12.633000373840332,12.65999984741211,42300,0.0,0.0
2024-11-08 00:00:00-05:00,12.640000343322754,12.779999732971191,12.319999694824219,12.6899995803833,57700,0.0,0.0
2024-11-11 00:00:00-05:00,12.609999656677246,12.609999656677246,12.210000038146973,12.210000038146973,29600,0.0,0.0
2024-11-12 00:00:00-05:00,12.149999618530273,12.270000457763672,11.90999984741211,12.15999984741211,63800,0.0,0.0
2024-11-13 00:00:00-05:00,13.140000343322754,13.140000343322754,11.90999984741211,11.930000305175781,97500,0.0,0.0
2024-11-14 00:00:00-05:00,12.569999694824219,12.569999694824219,11.739999771118164,12.069999694824219,134200,0.0,0.0
2024-11-15 00:00:00-05:00,12.140000343322754,12.140000343322754,11.6899995803833,11.729999542236328,23800,0.0,0.0
2024-11-18 00:00:00-05:00,11.65999984741211,12.100000381469727,11.359999656677246,12.100000381469727,55300,0.0,0.0
2024-11-19 00:00:00-05:00,12.100000381469727,12.557000160217285,12.050000190734863,12.5,49800,0.0,0.0
2024-11-20 00:00:00-05:00,12.489999771118164,12.489999771118164,12.180000305175781,12.420000076293945,41300,0.0,0.0
2024-11-21 00:00:00-05:00,12.359999656677246,12.4399995803833,12.300000190734863,12.4399995803833,19300,0.0,0.0
2024-11-22 00:00:00-05:00,12.300000190734863,12.300000190734863,11.819999694824219,11.989999771118164,74100,0.0,0.0
2024-11-25 00:00:00-05:00,12.039999961853027,12.09000015258789,11.871999740600586,12.0,23800,0.0,0.0
2024-11-26 00:00:00-05:00,12.0,12.039999961853027,11.800000190734863,11.84000015258789,37900,0.0,0.0
2024-11-27 00:00:00-05:00,11.880000114440918,11.880000114440918,11.604999542236328,11.680000305175781,62700,0.0,0.0
2024-11-29 00:00:00-05:00,11.789999961853027,11.797499656677246,11.694999694824219,11.75,36615,0.0,0.0
