Date,Open,High,Low,Close,Volume,Dividends,Stock Splits
2022-01-03 00:00:00-05:00,3.799999952316284,4.269999980926514,3.799999952316284,4.21999979019165,357800,0.0,0.0
2022-01-04 00:00:00-05:00,4.170000076293945,4.269999980926514,3.930000066757202,3.950000047683716,546000,0.0,0.0
2022-01-05 00:00:00-05:00,3.950000047683716,4.019999980926514,3.9100000858306885,3.930000066757202,267700,0.0,0.0
2022-01-06 00:00:00-05:00,3.9800000190734863,4.059999942779541,3.8399999141693115,4.039999961853027,163900,0.0,0.0
2022-01-07 00:00:00-05:00,4.039999961853027,4.119999885559082,4.0,4.079999923706055,152500,0.0,0.0
2022-01-10 00:00:00-05:00,4.079999923706055,4.170000076293945,3.5799999237060547,3.630000114440918,279600,0.0,0.0
2022-01-11 00:00:00-05:00,3.5899999141693115,3.8299999237060547,3.509999990463257,3.809999942779541,190500,0.0,0.0
2022-01-12 00:00:00-05:00,3.799999952316284,3.9000000953674316,3.5399999618530273,3.5399999618530273,202100,0.0,0.0
2022-01-13 00:00:00-05:00,3.5299999713897705,3.569999933242798,3.390000104904175,3.4000000953674316,181600,0.0,0.0
2022-01-14 00:00:00-05:00,3.359999895095825,3.369999885559082,3.1500000953674316,3.309999942779541,245700,0.0,0.0
2022-01-18 00:00:00-05:00,3.3499999046325684,3.3499999046325684,3.119999885559082,3.130000114440918,206300,0.0,0.0
2022-01-19 00:00:00-05:00,3.2100000381469727,3.240000009536743,2.9800000190734863,3.1500000953674316,188900,0.0,0.0
2022-01-20 00:00:00-05:00,3.0999999046325684,3.1500000953674316,3.0,3.0,218400,0.0,0.0
2022-01-21 00:00:00-05:00,2.9600000381469727,3.119999885559082,2.9000000953674316,3.0299999713897705,188100,0.0,0.0
2022-01-24 00:00:00-05:00,2.9600000381469727,3.049999952316284,2.740000009536743,3.0199999809265137,246100,0.0,0.0
2022-01-25 00:00:00-05:00,3.0,3.069999933242798,2.9000000953674316,2.990000009536743,370900,0.0,0.0
2022-01-26 00:00:00-05:00,3.0,3.119999885559082,2.7699999809265137,2.799999952316284,397100,0.0,0.0
2022-01-27 00:00:00-05:00,2.890000104904175,2.890000104904175,2.4700000286102295,2.5,340500,0.0,0.0
2022-01-28 00:00:00-05:00,2.75,2.799999952316284,2.559999942779541,2.680000066757202,524500,0.0,0.0
2022-01-31 00:00:00-05:00,2.5199999809265137,2.8399999141693115,2.4600000381469727,2.809999942779541,396400,0.0,0.0
2022-02-01 00:00:00-05:00,2.809999942779541,2.8499999046325684,2.680000066757202,2.7200000286102295,147900,0.0,0.0
2022-02-02 00:00:00-05:00,2.7200000286102295,2.7300000190734863,2.200000047683716,2.3399999141693115,393500,0.0,0.0
2022-02-03 00:00:00-05:00,2.2799999713897705,2.309999942779541,2.119999885559082,2.1700000762939453,601600,0.0,0.0
2022-02-04 00:00:00-05:00,2.2100000381469727,2.2799999713897705,2.049999952316284,2.25,518400,0.0,0.0
2022-02-07 00:00:00-05:00,2.2200000286102295,2.2899999618530273,2.1600000858306885,2.180000066757202,196900,0.0,0.0
2022-02-08 00:00:00-05:00,2.1500000953674316,2.2300000190734863,2.119999885559082,2.1700000762939453,228100,0.0,0.0
2022-02-09 00:00:00-05:00,2.1700000762939453,2.259999990463257,2.069999933242798,2.109999895095825,389900,0.0,0.0
2022-02-10 00:00:00-05:00,2.049999952316284,2.0799999237060547,1.899999976158142,1.9299999475479126,574200,0.0,0.0
2022-02-11 00:00:00-05:00,1.899999976158142,2.049999952316284,1.8300000429153442,1.899999976158142,496400,0.0,0.0
2022-02-14 00:00:00-05:00,1.899999976158142,2.299999952316284,1.899999976158142,2.200000047683716,600800,0.0,0.0
2022-02-15 00:00:00-05:00,2.259999990463257,2.380000114440918,2.130000114440918,2.3399999141693115,365800,0.0,0.0
2022-02-16 00:00:00-05:00,2.319999933242798,2.4200000762939453,2.190000057220459,2.2799999713897705,190700,0.0,0.0
2022-02-17 00:00:00-05:00,2.2699999809265137,2.2699999809265137,2.130000114440918,2.180000066757202,234000,0.0,0.0
2022-02-18 00:00:00-05:00,2.140000104904175,2.319999933242798,2.0999999046325684,2.259999990463257,378100,0.0,0.0
2022-02-22 00:00:00-05:00,2.25,2.299999952316284,2.119999885559082,2.140000104904175,207500,0.0,0.0
2022-02-23 00:00:00-05:00,2.190000057220459,2.259999990463257,1.9800000190734863,2.0,233800,0.0,0.0
2022-02-24 00:00:00-05:00,1.9500000476837158,2.380000114440918,1.9299999475479126,2.3499999046325684,263300,0.0,0.0
2022-02-25 00:00:00-05:00,2.319999933242798,2.4000000953674316,2.2100000381469727,2.3299999237060547,290700,0.0,0.0
2022-02-28 00:00:00-05:00,2.3399999141693115,2.619999885559082,2.309999942779541,2.5999999046325684,254800,0.0,0.0
2022-03-01 00:00:00-05:00,2.640000104904175,2.640000104904175,2.2799999713897705,2.309999942779541,233500,0.0,0.0
2022-03-02 00:00:00-05:00,2.309999942779541,2.309999942779541,2.109999895095825,2.1500000953674316,111700,0.0,0.0
2022-03-03 00:00:00-05:00,2.1500000953674316,2.1500000953674316,1.940000057220459,2.059999942779541,440800,0.0,0.0
2022-03-04 00:00:00-05:00,2.069999933242798,2.140000104904175,1.9800000190734863,2.0999999046325684,130000,0.0,0.0
2022-03-07 00:00:00-05:00,2.0999999046325684,2.140000104904175,2.0,2.009999990463257,208500,0.0,0.0
2022-03-08 00:00:00-05:00,2.0199999809265137,2.049999952316284,1.899999976158142,1.9299999475479126,187000,0.0,0.0
2022-03-09 00:00:00-05:00,2.0799999237060547,2.109999895095825,1.9900000095367432,2.0,99800,0.0,0.0
2022-03-10 00:00:00-05:00,1.9800000190734863,2.0199999809265137,1.8600000143051147,1.9199999570846558,132200,0.0,0.0
2022-03-11 00:00:00-05:00,1.9299999475479126,1.940000057220459,1.8300000429153442,1.8300000429153442,244500,0.0,0.0
2022-03-14 00:00:00-04:00,1.899999976158142,1.909999966621399,1.690000057220459,1.7300000190734863,393100,0.0,0.0
2022-03-15 00:00:00-04:00,1.7300000190734863,1.9299999475479126,1.7000000476837158,1.850000023841858,366200,0.0,0.0
2022-03-16 00:00:00-04:00,1.850000023841858,1.909999966621399,1.7799999713897705,1.809999942779541,251800,0.0,0.0
2022-03-17 00:00:00-04:00,1.840000033378601,1.840000033378601,1.6699999570846558,1.6699999570846558,427800,0.0,0.0
2022-03-18 00:00:00-04:00,1.6799999475479126,1.7999999523162842,1.659999966621399,1.75,633000,0.0,0.0
2022-03-21 00:00:00-04:00,1.7599999904632568,2.4700000286102295,1.7599999904632568,2.2200000286102295,1517200,0.0,0.0
2022-03-22 00:00:00-04:00,2.190000057220459,2.2699999809265137,2.0999999046325684,2.1500000953674316,538400,0.0,0.0
2022-03-23 00:00:00-04:00,2.259999990463257,2.4700000286102295,2.1600000858306885,2.2100000381469727,502100,0.0,0.0
2022-03-24 00:00:00-04:00,2.2799999713897705,2.299999952316284,2.130000114440918,2.1500000953674316,283400,0.0,0.0
2022-03-25 00:00:00-04:00,2.1500000953674316,2.2100000381469727,2.119999885559082,2.1500000953674316,143800,0.0,0.0
2022-03-28 00:00:00-04:00,2.140000104904175,2.180000066757202,2.109999895095825,2.130000114440918,132000,0.0,0.0
2022-03-29 00:00:00-04:00,2.140000104904175,2.4200000762939453,2.140000104904175,2.3299999237060547,534000,0.0,0.0
2022-03-30 00:00:00-04:00,2.3499999046325684,2.4800000190734863,2.1700000762939453,2.180000066757202,475500,0.0,0.0
2022-03-31 00:00:00-04:00,2.1500000953674316,2.190000057220459,2.0199999809265137,2.069999933242798,180400,0.0,0.0
2022-04-01 00:00:00-04:00,2.0799999237060547,2.1600000858306885,1.9900000095367432,2.1500000953674316,228600,0.0,0.0
2022-04-04 00:00:00-04:00,2.1600000858306885,2.240000009536743,2.1600000858306885,2.1700000762939453,224600,0.0,0.0
2022-04-05 00:00:00-04:00,2.2100000381469727,2.2699999809265137,2.2100000381469727,2.2100000381469727,345800,0.0,0.0
2022-04-06 00:00:00-04:00,2.319999933242798,2.440000057220459,2.259999990463257,2.4100000858306885,628200,0.0,0.0
2022-04-07 00:00:00-04:00,2.490000009536743,2.5,2.1500000953674316,2.190000057220459,579000,0.0,0.0
2022-04-08 00:00:00-04:00,2.190000057220459,2.259999990463257,2.190000057220459,2.2100000381469727,175700,0.0,0.0
2022-04-11 00:00:00-04:00,2.25,2.2699999809265137,1.909999966621399,2.009999990463257,388900,0.0,0.0
2022-04-12 00:00:00-04:00,2.009999990463257,2.0899999141693115,1.8899999856948853,1.9600000381469727,727000,0.0,0.0
2022-04-13 00:00:00-04:00,1.9700000286102295,2.049999952316284,1.8799999952316284,2.0199999809265137,309400,0.0,0.0
2022-04-14 00:00:00-04:00,2.0199999809265137,2.0399999618530273,1.909999966621399,1.9299999475479126,163400,0.0,0.0
2022-04-18 00:00:00-04:00,1.9800000190734863,1.9800000190734863,1.7699999809265137,1.8600000143051147,357200,0.0,0.0
2022-04-19 00:00:00-04:00,1.8799999952316284,2.009999990463257,1.840000033378601,1.9800000190734863,357700,0.0,0.0
2022-04-20 00:00:00-04:00,2.0,2.1600000858306885,1.9800000190734863,2.0899999141693115,325100,0.0,0.0
2022-04-21 00:00:00-04:00,2.0799999237060547,2.0899999141693115,2.0199999809265137,2.0299999713897705,208000,0.0,0.0
2022-04-22 00:00:00-04:00,2.049999952316284,2.059999942779541,1.899999976158142,1.9600000381469727,292000,0.0,0.0
2022-04-25 00:00:00-04:00,1.9500000476837158,1.9600000381469727,1.8200000524520874,1.840000033378601,505200,0.0,0.0
2022-04-26 00:00:00-04:00,1.8200000524520874,1.8300000429153442,1.7599999904632568,1.7799999713897705,326600,0.0,0.0
2022-04-27 00:00:00-04:00,1.7899999618530273,1.8300000429153442,1.75,1.7999999523162842,313200,0.0,0.0
2022-04-28 00:00:00-04:00,1.809999942779541,1.9299999475479126,1.7400000095367432,1.9199999570846558,240100,0.0,0.0
2022-04-29 00:00:00-04:00,1.8899999856948853,2.059999942779541,1.8600000143051147,1.9800000190734863,450300,0.0,0.0
2022-05-02 00:00:00-04:00,1.9800000190734863,2.049999952316284,1.8799999952316284,2.049999952316284,312800,0.0,0.0
2022-05-03 00:00:00-04:00,2.0399999618530273,2.119999885559082,2.0199999809265137,2.059999942779541,425600,0.0,0.0
2022-05-04 00:00:00-04:00,2.0399999618530273,2.130000114440918,1.9500000476837158,2.109999895095825,342800,0.0,0.0
2022-05-05 00:00:00-04:00,2.0799999237060547,2.0999999046325684,1.9900000095367432,2.0399999618530273,257100,0.0,0.0
2022-05-06 00:00:00-04:00,2.0299999713897705,2.119999885559082,1.9600000381469727,2.0399999618530273,254100,0.0,0.0
2022-05-09 00:00:00-04:00,1.9900000095367432,2.0199999809265137,1.8799999952316284,1.9199999570846558,304100,0.0,0.0
2022-05-10 00:00:00-04:00,2.0199999809265137,2.0999999046325684,1.940000057220459,2.0199999809265137,439500,0.0,0.0
2022-05-11 00:00:00-04:00,2.0199999809265137,2.109999895095825,1.909999966621399,2.0,278100,0.0,0.0
2022-05-12 00:00:00-04:00,1.9800000190734863,2.0199999809265137,1.909999966621399,1.9900000095367432,154400,0.0,0.0
2022-05-13 00:00:00-04:00,1.9900000095367432,2.0399999618530273,1.8799999952316284,1.9199999570846558,231800,0.0,0.0
2022-05-16 00:00:00-04:00,1.8899999856948853,1.899999976158142,1.7699999809265137,1.7999999523162842,258900,0.0,0.0
2022-05-17 00:00:00-04:00,1.7899999618530273,1.8899999856948853,1.7799999713897705,1.8799999952316284,217500,0.0,0.0
2022-05-18 00:00:00-04:00,1.8899999856948853,1.9600000381469727,1.850000023841858,1.9199999570846558,133300,0.0,0.0
2022-05-19 00:00:00-04:00,1.899999976158142,2.059999942779541,1.8700000047683716,1.9900000095367432,114900,0.0,0.0
2022-05-20 00:00:00-04:00,2.049999952316284,2.0899999141693115,1.9800000190734863,2.049999952316284,209000,0.0,0.0
2022-05-23 00:00:00-04:00,2.069999933242798,2.0999999046325684,1.9900000095367432,2.059999942779541,100100,0.0,0.0
2022-05-24 00:00:00-04:00,2.0799999237060547,2.0899999141693115,2.0,2.0799999237060547,82900,0.0,0.0
2022-05-25 00:00:00-04:00,2.0799999237060547,2.190000057220459,2.069999933242798,2.1700000762939453,188900,0.0,0.0
2022-05-26 00:00:00-04:00,2.1700000762939453,2.25,2.119999885559082,2.1700000762939453,180800,0.0,0.0
2022-05-27 00:00:00-04:00,2.190000057220459,2.2200000286102295,2.0799999237060547,2.0999999046325684,143000,0.0,0.0
2022-05-31 00:00:00-04:00,2.059999942779541,2.130000114440918,2.0,2.0199999809265137,187100,0.0,0.0
2022-06-01 00:00:00-04:00,2.0299999713897705,2.069999933242798,1.8799999952316284,1.909999966621399,147100,0.0,0.0
2022-06-02 00:00:00-04:00,1.909999966621399,2.0899999141693115,1.909999966621399,2.069999933242798,81900,0.0,0.0
2022-06-03 00:00:00-04:00,2.059999942779541,2.2100000381469727,2.0299999713897705,2.2100000381469727,111400,0.0,0.0
2022-06-06 00:00:00-04:00,2.2100000381469727,2.25,2.059999942779541,2.0899999141693115,241600,0.0,0.0
2022-06-07 00:00:00-04:00,2.049999952316284,2.259999990463257,2.009999990463257,2.25,257600,0.0,0.0
2022-06-08 00:00:00-04:00,2.25,2.2799999713897705,2.180000066757202,2.25,212700,0.0,0.0
2022-06-09 00:00:00-04:00,2.2699999809265137,2.2799999713897705,2.130000114440918,2.240000009536743,427700,0.0,0.0
2022-06-10 00:00:00-04:00,2.2200000286102295,2.2200000286102295,2.0199999809265137,2.0899999141693115,145900,0.0,0.0
2022-06-13 00:00:00-04:00,2.0299999713897705,2.1600000858306885,1.9600000381469727,2.0799999237060547,163500,0.0,0.0
2022-06-14 00:00:00-04:00,2.049999952316284,2.130000114440918,1.9600000381469727,1.9700000286102295,301500,0.0,0.0
2022-06-15 00:00:00-04:00,1.9800000190734863,2.180000066757202,1.9800000190734863,2.130000114440918,237400,0.0,0.0
2022-06-16 00:00:00-04:00,2.059999942779541,2.059999942779541,1.9199999570846558,1.940000057220459,172000,0.0,0.0
2022-06-17 00:00:00-04:00,2.009999990463257,2.009999990463257,1.899999976158142,1.9199999570846558,247300,0.0,0.0
2022-06-21 00:00:00-04:00,1.9900000095367432,2.0799999237060547,1.940000057220459,2.009999990463257,228600,0.0,0.0
2022-06-22 00:00:00-04:00,2.009999990463257,2.4000000953674316,1.9700000286102295,2.25,554400,0.0,0.0
2022-06-23 00:00:00-04:00,2.2799999713897705,2.680000066757202,2.2699999809265137,2.569999933242798,537400,0.0,0.0
2022-06-24 00:00:00-04:00,2.549999952316284,2.8399999141693115,2.4800000190734863,2.5199999809265137,2903300,0.0,0.0
2022-06-27 00:00:00-04:00,2.559999942779541,2.609999895095825,2.4000000953674316,2.5899999141693115,205500,0.0,0.0
2022-06-28 00:00:00-04:00,2.640000104904175,2.7200000286102295,2.5299999713897705,2.5999999046325684,344200,0.0,0.0
2022-06-29 00:00:00-04:00,2.609999895095825,2.609999895095825,2.2799999713897705,2.2799999713897705,271000,0.0,0.0
2022-06-30 00:00:00-04:00,2.2799999713897705,2.3499999046325684,2.1600000858306885,2.3299999237060547,162400,0.0,0.0
2022-07-01 00:00:00-04:00,2.3299999237060547,2.5299999713897705,2.299999952316284,2.5,131200,0.0,0.0
2022-07-05 00:00:00-04:00,2.5,2.549999952316284,2.380000114440918,2.549999952316284,152800,0.0,0.0
2022-07-06 00:00:00-04:00,2.549999952316284,2.630000114440918,2.4100000858306885,2.450000047683716,120700,0.0,0.0
2022-07-07 00:00:00-04:00,2.4000000953674316,2.4100000858306885,2.25,2.390000104904175,124300,0.0,0.0
2022-07-08 00:00:00-04:00,2.4000000953674316,2.4000000953674316,2.309999942779541,2.3499999046325684,114600,0.0,0.0
2022-07-11 00:00:00-04:00,2.3399999141693115,2.380000114440918,2.1700000762939453,2.180000066757202,103400,0.0,0.0
2022-07-12 00:00:00-04:00,2.200000047683716,2.25,2.130000114440918,2.200000047683716,97000,0.0,0.0
2022-07-13 00:00:00-04:00,2.2100000381469727,2.4000000953674316,2.2100000381469727,2.4000000953674316,138600,0.0,0.0
2022-07-14 00:00:00-04:00,2.359999895095825,2.430000066757202,2.3499999046325684,2.4200000762939453,187300,0.0,0.0
2022-07-15 00:00:00-04:00,2.430000066757202,2.5999999046325684,2.4200000762939453,2.5399999618530273,331800,0.0,0.0
2022-07-18 00:00:00-04:00,2.5899999141693115,2.7100000381469727,2.509999990463257,2.690000057220459,200800,0.0,0.0
2022-07-19 00:00:00-04:00,2.690000057220459,2.940000057220459,2.690000057220459,2.9200000762939453,264300,0.0,0.0
2022-07-20 00:00:00-04:00,2.9200000762939453,2.9700000286102295,2.8299999237060547,2.890000104904175,398600,0.0,0.0
2022-07-21 00:00:00-04:00,2.9200000762939453,2.990000009536743,2.8499999046325684,2.930000066757202,80200,0.0,0.0
2022-07-22 00:00:00-04:00,2.9600000381469727,3.0999999046325684,2.890000104904175,3.0899999141693115,127400,0.0,0.0
2022-07-25 00:00:00-04:00,2.9600000381469727,3.299999952316284,2.9600000381469727,3.25,215700,0.0,0.0
2022-07-26 00:00:00-04:00,3.2799999713897705,3.299999952316284,3.1600000858306885,3.2899999618530273,405200,0.0,0.0
2022-07-27 00:00:00-04:00,3.299999952316284,3.640000104904175,3.299999952316284,3.559999942779541,293800,0.0,0.0
2022-07-28 00:00:00-04:00,3.5999999046325684,3.619999885559082,3.4700000286102295,3.5999999046325684,95000,0.0,0.0
2022-07-29 00:00:00-04:00,3.619999885559082,3.809999942779541,3.609999895095825,3.7899999618530273,293700,0.0,0.0
2022-08-01 00:00:00-04:00,3.799999952316284,4.420000076293945,3.799999952316284,4.400000095367432,426500,0.0,0.0
2022-08-02 00:00:00-04:00,4.380000114440918,4.699999809265137,4.269999980926514,4.619999885559082,668600,0.0,0.0
2022-08-03 00:00:00-04:00,4.630000114440918,4.630000114440918,3.8499999046325684,3.9100000858306885,521200,0.0,0.0
2022-08-04 00:00:00-04:00,3.7799999713897705,4.179999828338623,3.75,4.070000171661377,391600,0.0,0.0
2022-08-05 00:00:00-04:00,3.9800000190734863,4.25,3.9700000286102295,4.230000019073486,205100,0.0,0.0
2022-08-08 00:00:00-04:00,4.309999942779541,4.409999847412109,4.179999828338623,4.25,110100,0.0,0.0
2022-08-09 00:00:00-04:00,4.21999979019165,4.289999961853027,4.070000171661377,4.199999809265137,105000,0.0,0.0
2022-08-10 00:00:00-04:00,4.289999961853027,4.579999923706055,4.190000057220459,4.349999904632568,186300,0.0,0.0
2022-08-11 00:00:00-04:00,4.400000095367432,4.559999942779541,4.039999961853027,4.059999942779541,109700,0.0,0.0
2022-08-12 00:00:00-04:00,4.099999904632568,4.260000228881836,3.990000009536743,4.199999809265137,104000,0.0,0.0
2022-08-15 00:00:00-04:00,4.25,4.46999979019165,4.090000152587891,4.360000133514404,177900,0.0,0.0
2022-08-16 00:00:00-04:00,4.409999847412109,4.579999923706055,4.349999904632568,4.400000095367432,126300,0.0,0.0
2022-08-17 00:00:00-04:00,4.400000095367432,5.230000019073486,4.369999885559082,5.070000171661377,562400,0.0,0.0
2022-08-18 00:00:00-04:00,5.170000076293945,5.170000076293945,4.239999771118164,4.260000228881836,343300,0.0,0.0
2022-08-19 00:00:00-04:00,4.190000057220459,4.320000171661377,4.050000190734863,4.090000152587891,253100,0.0,0.0
2022-08-22 00:00:00-04:00,4.050000190734863,4.25,3.9600000381469727,4.119999885559082,96600,0.0,0.0
2022-08-23 00:00:00-04:00,4.159999847412109,4.25,3.9600000381469727,4.21999979019165,65000,0.0,0.0
2022-08-24 00:00:00-04:00,4.199999809265137,4.400000095367432,4.199999809265137,4.260000228881836,89400,0.0,0.0
2022-08-25 00:00:00-04:00,4.269999980926514,4.409999847412109,4.139999866485596,4.21999979019165,78700,0.0,0.0
2022-08-26 00:00:00-04:00,4.199999809265137,4.199999809265137,3.7899999618530273,3.8299999237060547,142600,0.0,0.0
2022-08-29 00:00:00-04:00,3.75,3.9600000381469727,3.630000114440918,3.869999885559082,69600,0.0,0.0
2022-08-30 00:00:00-04:00,3.9000000953674316,4.039999961853027,3.690000057220459,3.799999952316284,62100,0.0,0.0
2022-08-31 00:00:00-04:00,3.8499999046325684,3.859999895095825,3.7799999713897705,3.8299999237060547,58100,0.0,0.0
2022-09-01 00:00:00-04:00,3.7799999713897705,3.9800000190734863,3.759999990463257,3.930000066757202,44800,0.0,0.0
2022-09-02 00:00:00-04:00,3.9600000381469727,4.03000020980835,3.859999895095825,3.9000000953674316,33500,0.0,0.0
2022-09-06 00:00:00-04:00,3.890000104904175,3.9700000286102295,3.759999990463257,3.9000000953674316,44700,0.0,0.0
2022-09-07 00:00:00-04:00,3.7699999809265137,4.099999904632568,3.6600000858306885,3.680000066757202,207900,0.0,0.0
2022-09-08 00:00:00-04:00,3.680000066757202,3.680000066757202,3.319999933242798,3.3299999237060547,128400,0.0,0.0
2022-09-09 00:00:00-04:00,3.2899999618530273,3.5199999809265137,3.2100000381469727,3.3399999141693115,59500,0.0,0.0
2022-09-12 00:00:00-04:00,3.3399999141693115,3.5899999141693115,3.2899999618530273,3.5299999713897705,70300,0.0,0.0
2022-09-13 00:00:00-04:00,3.5299999713897705,3.6700000762939453,3.4200000762939453,3.569999933242798,64900,0.0,0.0
2022-09-14 00:00:00-04:00,3.5299999713897705,3.549999952316284,3.25,3.359999895095825,132700,0.0,0.0
2022-09-15 00:00:00-04:00,3.2799999713897705,3.3299999237060547,3.130000114440918,3.1500000953674316,70000,0.0,0.0
2022-09-16 00:00:00-04:00,3.190000057220459,3.3399999141693115,3.0399999618530273,3.119999885559082,273100,0.0,0.0
2022-09-19 00:00:00-04:00,3.0399999618530273,3.190000057220459,3.009999990463257,3.009999990463257,47000,0.0,0.0
2022-09-20 00:00:00-04:00,3.009999990463257,3.049999952316284,2.7200000286102295,2.759999990463257,108700,0.0,0.0
2022-09-21 00:00:00-04:00,2.7300000190734863,2.8399999141693115,2.549999952316284,2.569999933242798,105500,0.0,0.0
2022-09-22 00:00:00-04:00,2.4600000381469727,2.609999895095825,2.450000047683716,2.509999990463257,87000,0.0,0.0
2022-09-23 00:00:00-04:00,2.5,2.549999952316284,2.3499999046325684,2.440000057220459,174400,0.0,0.0
2022-09-26 00:00:00-04:00,2.5,2.509999990463257,2.1700000762939453,2.190000057220459,66600,0.0,0.0
2022-09-27 00:00:00-04:00,2.190000057220459,2.309999942779541,2.1500000953674316,2.200000047683716,111700,0.0,0.0
2022-09-28 00:00:00-04:00,2.240000009536743,2.450000047683716,2.240000009536743,2.309999942779541,141700,0.0,0.0
2022-09-29 00:00:00-04:00,2.3399999141693115,2.380000114440918,2.0299999713897705,2.0399999618530273,122700,0.0,0.0
2022-09-30 00:00:00-04:00,2.0799999237060547,2.0799999237060547,1.899999976158142,1.899999976158142,165000,0.0,0.0
2022-10-03 00:00:00-04:00,1.850000023841858,1.940000057220459,1.7799999713897705,1.899999976158142,288300,0.0,0.0
2022-10-04 00:00:00-04:00,1.8600000143051147,2.0999999046325684,1.8600000143051147,1.9700000286102295,380700,0.0,0.0
2022-10-05 00:00:00-04:00,1.940000057220459,2.25,1.940000057220459,2.130000114440918,189700,0.0,0.0
2022-10-06 00:00:00-04:00,2.0999999046325684,2.109999895095825,1.899999976158142,1.899999976158142,171200,0.0,0.0
2022-10-07 00:00:00-04:00,1.899999976158142,1.899999976158142,1.649999976158142,1.6799999475479126,358600,0.0,0.0
2022-10-10 00:00:00-04:00,1.7000000476837158,2.0,1.7000000476837158,1.8799999952316284,251000,0.0,0.0
2022-10-11 00:00:00-04:00,1.8600000143051147,1.8600000143051147,1.7000000476837158,1.7100000381469727,120700,0.0,0.0
2022-10-12 00:00:00-04:00,1.7200000286102295,1.809999942779541,1.7100000381469727,1.7400000095367432,142700,0.0,0.0
2022-10-13 00:00:00-04:00,1.7100000381469727,1.7100000381469727,1.5299999713897705,1.649999976158142,224000,0.0,0.0
2022-10-14 00:00:00-04:00,1.6699999570846558,1.7000000476837158,1.559999942779541,1.659999966621399,220800,0.0,0.0
2022-10-17 00:00:00-04:00,1.690000057220459,1.809999942779541,1.5800000429153442,1.7599999904632568,166100,0.0,0.0
2022-10-18 00:00:00-04:00,1.7799999713897705,1.7799999713897705,1.600000023841858,1.659999966621399,138900,0.0,0.0
2022-10-19 00:00:00-04:00,1.6399999856948853,1.7400000095367432,1.4800000190734863,1.7200000286102295,105000,0.0,0.0
2022-10-20 00:00:00-04:00,1.7000000476837158,1.75,1.600000023841858,1.600000023841858,95100,0.0,0.0
2022-10-21 00:00:00-04:00,1.600000023841858,1.690000057220459,1.5299999713897705,1.5800000429153442,79800,0.0,0.0
2022-10-24 00:00:00-04:00,1.5800000429153442,1.6200000047683716,1.5199999809265137,1.5700000524520874,86500,0.0,0.0
2022-10-25 00:00:00-04:00,1.5700000524520874,1.9800000190734863,1.5700000524520874,1.7899999618530273,141900,0.0,0.0
2022-10-26 00:00:00-04:00,1.7899999618530273,1.850000023841858,1.7100000381469727,1.7799999713897705,119500,0.0,0.0
2022-10-27 00:00:00-04:00,1.7400000095367432,2.0,1.7400000095367432,1.8799999952316284,135000,0.0,0.0
2022-10-28 00:00:00-04:00,1.9700000286102295,1.9800000190734863,1.8600000143051147,1.9500000476837158,82300,0.0,0.0
2022-10-31 00:00:00-04:00,1.899999976158142,2.0,1.8600000143051147,1.9500000476837158,193100,0.0,0.0
2022-11-01 00:00:00-04:00,1.9800000190734863,2.0999999046325684,1.8899999856948853,1.9600000381469727,200100,0.0,0.0
2022-11-02 00:00:00-04:00,1.9900000095367432,2.0,1.9199999570846558,1.9600000381469727,56900,0.0,0.0
2022-11-03 00:00:00-04:00,1.9600000381469727,2.069999933242798,1.909999966621399,1.9900000095367432,147000,0.0,0.0
2022-11-04 00:00:00-04:00,1.9600000381469727,2.069999933242798,1.9600000381469727,2.0,120700,0.0,0.0
2022-11-07 00:00:00-05:00,1.9600000381469727,1.9700000286102295,1.7100000381469727,1.7100000381469727,143600,0.0,0.0
2022-11-08 00:00:00-05:00,1.7100000381469727,1.9299999475479126,1.7100000381469727,1.899999976158142,119300,0.0,0.0
2022-11-09 00:00:00-05:00,1.899999976158142,1.9500000476837158,1.809999942779541,1.899999976158142,79700,0.0,0.0
2022-11-10 00:00:00-05:00,1.9800000190734863,2.109999895095825,1.9199999570846558,2.069999933242798,514800,0.0,0.0
2022-11-11 00:00:00-05:00,2.0,2.2300000190734863,2.0,2.109999895095825,243700,0.0,0.0
2022-11-14 00:00:00-05:00,2.1600000858306885,2.180000066757202,2.009999990463257,2.049999952316284,62800,0.0,0.0
2022-11-15 00:00:00-05:00,2.0799999237060547,2.3399999141693115,2.069999933242798,2.2799999713897705,137500,0.0,0.0
2022-11-16 00:00:00-05:00,2.200000047683716,2.299999952316284,2.109999895095825,2.240000009536743,141200,0.0,0.0
2022-11-17 00:00:00-05:00,2.2100000381469727,2.2699999809265137,2.069999933242798,2.240000009536743,70600,0.0,0.0
2022-11-18 00:00:00-05:00,2.240000009536743,2.4000000953674316,2.180000066757202,2.390000104904175,178500,0.0,0.0
2022-11-21 00:00:00-05:00,2.299999952316284,2.4800000190734863,2.25,2.390000104904175,179800,0.0,0.0
2022-11-22 00:00:00-05:00,2.369999885559082,2.369999885559082,2.140000104904175,2.2300000190734863,386000,0.0,0.0
2022-11-23 00:00:00-05:00,2.180000066757202,2.3399999141693115,2.180000066757202,2.309999942779541,93300,0.0,0.0
2022-11-25 00:00:00-05:00,2.2699999809265137,2.380000114440918,2.140000104904175,2.180000066757202,113800,0.0,0.0
2022-11-28 00:00:00-05:00,2.1600000858306885,2.25,2.009999990463257,2.0299999713897705,183500,0.0,0.0
2022-11-29 00:00:00-05:00,2.0,2.049999952316284,1.850000023841858,1.9800000190734863,109400,0.0,0.0
2022-11-30 00:00:00-05:00,2.0199999809265137,2.1700000762939453,1.9700000286102295,2.119999885559082,98900,0.0,0.0
2022-12-01 00:00:00-05:00,2.119999885559082,2.200000047683716,2.069999933242798,2.109999895095825,63700,0.0,0.0
2022-12-02 00:00:00-05:00,2.0799999237060547,2.1500000953674316,2.069999933242798,2.109999895095825,21700,0.0,0.0
2022-12-05 00:00:00-05:00,2.069999933242798,2.0999999046325684,2.0,2.059999942779541,78300,0.0,0.0
2022-12-06 00:00:00-05:00,1.9700000286102295,2.0899999141693115,1.9700000286102295,2.069999933242798,27900,0.0,0.0
2022-12-07 00:00:00-05:00,2.0799999237060547,2.0999999046325684,2.0199999809265137,2.069999933242798,41000,0.0,0.0
2022-12-08 00:00:00-05:00,2.049999952316284,2.0999999046325684,2.0399999618530273,2.059999942779541,48700,0.0,0.0
2022-12-09 00:00:00-05:00,2.0999999046325684,2.2200000286102295,2.059999942779541,2.119999885559082,138400,0.0,0.0
2022-12-12 00:00:00-05:00,2.140000104904175,2.1700000762939453,1.9600000381469727,2.0899999141693115,123900,0.0,0.0
2022-12-13 00:00:00-05:00,2.1600000858306885,2.2799999713897705,2.0899999141693115,2.240000009536743,250100,0.0,0.0
2022-12-14 00:00:00-05:00,2.2799999713897705,2.740000009536743,2.259999990463257,2.5999999046325684,314600,0.0,0.0
2022-12-15 00:00:00-05:00,2.549999952316284,2.7300000190734863,2.490000009536743,2.5299999713897705,103500,0.0,0.0
2022-12-16 00:00:00-05:00,2.569999933242798,2.700000047683716,2.5,2.6500000953674316,89700,0.0,0.0
2022-12-19 00:00:00-05:00,2.609999895095825,2.7699999809265137,2.390000104904175,2.4700000286102295,168300,0.0,0.0
2022-12-20 00:00:00-05:00,2.5899999141693115,2.5899999141693115,2.3399999141693115,2.4800000190734863,103300,0.0,0.0
2022-12-21 00:00:00-05:00,2.490000009536743,2.549999952316284,2.380000114440918,2.5299999713897705,72200,0.0,0.0
2022-12-22 00:00:00-05:00,2.549999952316284,2.5999999046325684,2.5,2.5999999046325684,50200,0.0,0.0
2022-12-23 00:00:00-05:00,2.569999933242798,2.7899999618530273,2.569999933242798,2.7899999618530273,90900,0.0,0.0
2022-12-27 00:00:00-05:00,2.799999952316284,2.859999895095825,2.559999942779541,2.5999999046325684,96600,0.0,0.0
2022-12-28 00:00:00-05:00,2.619999885559082,2.7699999809265137,2.4800000190734863,2.5,105900,0.0,0.0
2022-12-29 00:00:00-05:00,2.5899999141693115,2.6500000953674316,2.490000009536743,2.509999990463257,65900,0.0,0.0
2022-12-30 00:00:00-05:00,2.5,2.549999952316284,2.4200000762939453,2.5,143900,0.0,0.0
2023-01-03 00:00:00-05:00,2.5,2.609999895095825,2.4600000381469727,2.569999933242798,41300,0.0,0.0
2023-01-04 00:00:00-05:00,2.609999895095825,2.700000047683716,2.490000009536743,2.609999895095825,58900,0.0,0.0
2023-01-05 00:00:00-05:00,2.5399999618530273,2.630000114440918,2.430000066757202,2.549999952316284,37800,0.0,0.0
2023-01-06 00:00:00-05:00,2.569999933242798,3.1600000858306885,2.5399999618530273,3.0799999237060547,179400,0.0,0.0
2023-01-09 00:00:00-05:00,3.1700000762939453,3.2100000381469727,2.9100000858306885,3.0199999809265137,108600,0.0,0.0
2023-01-10 00:00:00-05:00,2.9700000286102295,3.1500000953674316,2.940000057220459,3.0999999046325684,120700,0.0,0.0
2023-01-11 00:00:00-05:00,3.140000104904175,3.140000104904175,3.049999952316284,3.069999933242798,51800,0.0,0.0
2023-01-12 00:00:00-05:00,3.0799999237060547,3.450000047683716,3.0199999809265137,3.4100000858306885,129500,0.0,0.0
2023-01-13 00:00:00-05:00,3.450000047683716,3.490000009536743,3.3499999046325684,3.4000000953674316,35300,0.0,0.0
2023-01-17 00:00:00-05:00,3.4000000953674316,3.7200000286102295,3.390000104904175,3.7100000381469727,170500,0.0,0.0
2023-01-18 00:00:00-05:00,3.7300000190734863,3.990000009536743,3.7300000190734863,3.9100000858306885,154600,0.0,0.0
2023-01-19 00:00:00-05:00,3.8399999141693115,4.400000095367432,3.4800000190734863,4.119999885559082,225300,0.0,0.0
2023-01-20 00:00:00-05:00,4.239999771118164,4.5,4.079999923706055,4.369999885559082,213100,0.0,0.0
2023-01-23 00:00:00-05:00,4.420000076293945,4.599999904632568,4.25,4.340000152587891,147900,0.0,0.0
2023-01-24 00:00:00-05:00,4.400000095367432,4.400000095367432,4.010000228881836,4.190000057220459,115500,0.0,0.0
2023-01-25 00:00:00-05:00,4.050000190734863,4.28000020980835,3.880000114440918,4.199999809265137,293500,0.0,0.0
2023-01-26 00:00:00-05:00,4.199999809265137,4.429999828338623,4.050000190734863,4.429999828338623,177200,0.0,0.0
2023-01-27 00:00:00-05:00,4.420000076293945,4.46999979019165,4.0,4.090000152587891,113000,0.0,0.0
2023-01-30 00:00:00-05:00,4.039999961853027,4.090000152587891,3.8299999237060547,3.8399999141693115,35000,0.0,0.0
2023-01-31 00:00:00-05:00,3.880000114440918,4.019999980926514,3.8399999141693115,4.0,1478400,0.0,0.0
2023-02-01 00:00:00-05:00,3.990000009536743,4.309999942779541,3.990000009536743,4.210000038146973,316000,0.0,0.0
2023-02-02 00:00:00-05:00,4.230000019073486,4.360000133514404,3.869999885559082,4.150000095367432,386300,0.0,0.0
2023-02-03 00:00:00-05:00,4.119999885559082,4.710000038146973,4.090000152587891,4.650000095367432,338100,0.0,0.0
2023-02-06 00:00:00-05:00,4.710000038146973,4.980000019073486,4.630000114440918,4.820000171661377,374100,0.0,0.0
2023-02-07 00:00:00-05:00,4.829999923706055,4.980000019073486,4.5,4.550000190734863,353800,0.0,0.0
2023-02-08 00:00:00-05:00,4.550000190734863,4.869999885559082,4.420000076293945,4.599999904632568,110800,0.0,0.0
2023-02-09 00:00:00-05:00,4.650000095367432,4.840000152587891,4.449999809265137,4.480000019073486,138700,0.0,0.0
2023-02-10 00:00:00-05:00,4.420000076293945,4.539999961853027,4.210000038146973,4.25,208300,0.0,0.0
2023-02-13 00:00:00-05:00,4.28000020980835,4.440000057220459,4.159999847412109,4.320000171661377,86200,0.0,0.0
2023-02-14 00:00:00-05:00,4.320000171661377,4.420000076293945,4.059999942779541,4.159999847412109,133100,0.0,0.0
2023-02-15 00:00:00-05:00,4.110000133514404,4.25,3.950000047683716,4.099999904632568,146300,0.0,0.0
2023-02-16 00:00:00-05:00,4.079999923706055,4.260000228881836,3.9600000381469727,4.199999809265137,65600,0.0,0.0
2023-02-17 00:00:00-05:00,4.159999847412109,4.269999980926514,4.0,4.159999847412109,76100,0.0,0.0
2023-02-21 00:00:00-05:00,4.070000171661377,4.150000095367432,3.9600000381469727,4.059999942779541,103700,0.0,0.0
2023-02-22 00:00:00-05:00,4.019999980926514,4.360000133514404,4.019999980926514,4.28000020980835,78600,0.0,0.0
2023-02-23 00:00:00-05:00,4.409999847412109,4.579999923706055,4.340000152587891,4.480000019073486,484100,0.0,0.0
2023-02-24 00:00:00-05:00,4.380000114440918,4.599999904632568,4.130000114440918,4.170000076293945,169100,0.0,0.0
2023-02-27 00:00:00-05:00,4.130000114440918,4.25,4.099999904632568,4.199999809265137,84100,0.0,0.0
2023-02-28 00:00:00-05:00,4.199999809265137,4.25,4.099999904632568,4.139999866485596,48300,0.0,0.0
2023-03-01 00:00:00-05:00,4.130000114440918,4.25,4.130000114440918,4.21999979019165,59700,0.0,0.0
2023-03-02 00:00:00-05:00,4.199999809265137,4.25,4.03000020980835,4.150000095367432,113000,0.0,0.0
2023-03-03 00:00:00-05:00,4.199999809265137,4.409999847412109,4.099999904632568,4.360000133514404,119500,0.0,0.0
2023-03-06 00:00:00-05:00,4.389999866485596,4.900000095367432,4.28000020980835,4.650000095367432,409200,0.0,0.0
2023-03-07 00:00:00-05:00,4.739999771118164,4.829999923706055,4.550000190734863,4.679999828338623,211200,0.0,0.0
2023-03-08 00:00:00-05:00,4.679999828338623,4.739999771118164,4.460000038146973,4.699999809265137,173400,0.0,0.0
2023-03-09 00:00:00-05:00,4.699999809265137,4.829999923706055,4.510000228881836,4.690000057220459,374500,0.0,0.0
2023-03-10 00:00:00-05:00,4.690000057220459,4.690000057220459,3.950000047683716,4.110000133514404,457500,0.0,0.0
2023-03-13 00:00:00-04:00,3.990000009536743,4.269999980926514,3.9600000381469727,3.9800000190734863,193200,0.0,0.0
2023-03-14 00:00:00-04:00,4.110000133514404,4.46999979019165,4.099999904632568,4.230000019073486,204700,0.0,0.0
2023-03-15 00:00:00-04:00,4.150000095367432,4.309999942779541,4.039999961853027,4.130000114440918,242400,0.0,0.0
2023-03-16 00:00:00-04:00,4.070000171661377,4.119999885559082,3.9600000381469727,4.039999961853027,234100,0.0,0.0
2023-03-17 00:00:00-04:00,4.010000228881836,4.03000020980835,3.7699999809265137,3.9700000286102295,933900,0.0,0.0
2023-03-20 00:00:00-04:00,3.940000057220459,4.010000228881836,3.799999952316284,3.930000066757202,307500,0.0,0.0
2023-03-21 00:00:00-04:00,4.0,4.25,4.0,4.170000076293945,134200,0.0,0.0
2023-03-22 00:00:00-04:00,4.159999847412109,4.210000038146973,4.070000171661377,4.090000152587891,120000,0.0,0.0
2023-03-23 00:00:00-04:00,4.119999885559082,4.199999809265137,3.930000066757202,3.9800000190734863,110200,0.0,0.0
2023-03-24 00:00:00-04:00,3.9600000381469727,3.990000009536743,3.740000009536743,3.930000066757202,396300,0.0,0.0
2023-03-27 00:00:00-04:00,3.940000057220459,3.990000009536743,3.799999952316284,3.9700000286102295,294600,0.0,0.0
2023-03-28 00:00:00-04:00,3.8499999046325684,4.179999828338623,3.8499999046325684,4.010000228881836,252200,0.0,0.0
2023-03-29 00:00:00-04:00,3.9700000286102295,4.159999847412109,3.9200000762939453,4.090000152587891,122600,0.0,0.0
2023-03-30 00:00:00-04:00,4.099999904632568,4.139999866485596,3.990000009536743,4.090000152587891,123900,0.0,0.0
2023-03-31 00:00:00-04:00,4.099999904632568,4.099999904632568,3.9800000190734863,4.039999961853027,116200,0.0,0.0
2023-04-03 00:00:00-04:00,4.059999942779541,4.099999904632568,3.880000114440918,3.890000104904175,173800,0.0,0.0
2023-04-04 00:00:00-04:00,3.890000104904175,3.9000000953674316,3.369999885559082,3.509999990463257,339300,0.0,0.0
2023-04-05 00:00:00-04:00,3.619999885559082,3.690000057220459,3.569999933242798,3.680000066757202,114700,0.0,0.0
2023-04-06 00:00:00-04:00,3.6700000762939453,4.380000114440918,3.630000114440918,4.199999809265137,1479900,0.0,0.0
2023-04-10 00:00:00-04:00,4.400000095367432,4.409999847412109,4.039999961853027,4.300000190734863,446600,0.0,0.0
2023-04-11 00:00:00-04:00,4.320000171661377,4.539999961853027,4.239999771118164,4.429999828338623,347800,0.0,0.0
2023-04-12 00:00:00-04:00,4.510000228881836,4.889999866485596,4.46999979019165,4.78000020980835,552700,0.0,0.0
2023-04-13 00:00:00-04:00,4.840000152587891,5.0,4.739999771118164,5.0,738100,0.0,0.0
2023-04-14 00:00:00-04:00,5.010000228881836,5.010000228881836,4.840000152587891,4.909999847412109,477400,0.0,0.0
2023-04-17 00:00:00-04:00,4.960000038146973,5.0,4.650000095367432,4.71999979019165,287600,0.0,0.0
2023-04-18 00:00:00-04:00,4.730000019073486,4.730000019073486,4.239999771118164,4.329999923706055,281800,0.0,0.0
2023-04-19 00:00:00-04:00,4.260000228881836,4.570000171661377,4.260000228881836,4.460000038146973,205200,0.0,0.0
2023-04-20 00:00:00-04:00,4.449999809265137,4.630000114440918,4.389999866485596,4.519999980926514,166000,0.0,0.0
2023-04-21 00:00:00-04:00,4.519999980926514,4.559999942779541,4.320000171661377,4.400000095367432,189600,0.0,0.0
2023-04-24 00:00:00-04:00,4.349999904632568,4.420000076293945,4.139999866485596,4.289999961853027,222500,0.0,0.0
2023-04-25 00:00:00-04:00,4.210000038146973,4.25,4.079999923706055,4.139999866485596,223300,0.0,0.0
2023-04-26 00:00:00-04:00,4.099999904632568,4.199999809265137,4.090000152587891,4.119999885559082,143100,0.0,0.0
2023-04-27 00:00:00-04:00,4.099999904632568,4.099999904632568,4.0,4.079999923706055,206200,0.0,0.0
2023-04-28 00:00:00-04:00,4.099999904632568,4.170000076293945,3.990000009536743,4.079999923706055,286100,0.0,0.0
2023-05-01 00:00:00-04:00,4.070000171661377,4.139999866485596,3.9800000190734863,3.990000009536743,101300,0.0,0.0
2023-05-02 00:00:00-04:00,3.9700000286102295,4.059999942779541,3.8499999046325684,3.9800000190734863,168000,0.0,0.0
2023-05-03 00:00:00-04:00,3.9800000190734863,4.139999866485596,3.9100000858306885,4.059999942779541,134100,0.0,0.0
2023-05-04 00:00:00-04:00,4.050000190734863,4.079999923706055,3.9000000953674316,4.010000228881836,91900,0.0,0.0
2023-05-05 00:00:00-04:00,4.019999980926514,4.289999961853027,3.9600000381469727,4.179999828338623,281400,0.0,0.0
2023-05-08 00:00:00-04:00,4.210000038146973,4.880000114440918,4.199999809265137,4.670000076293945,539500,0.0,0.0
2023-05-09 00:00:00-04:00,4.599999904632568,4.630000114440918,4.429999828338623,4.5,156100,0.0,0.0
2023-05-10 00:00:00-04:00,4.579999923706055,4.639999866485596,4.480000019073486,4.510000228881836,139500,0.0,0.0
2023-05-11 00:00:00-04:00,4.5,4.5,4.210000038146973,4.320000171661377,131000,0.0,0.0
2023-05-12 00:00:00-04:00,4.360000133514404,4.420000076293945,4.179999828338623,4.199999809265137,76200,0.0,0.0
2023-05-15 00:00:00-04:00,4.179999828338623,4.28000020980835,3.9600000381469727,4.159999847412109,86600,0.0,0.0
2023-05-16 00:00:00-04:00,4.139999866485596,4.239999771118164,4.019999980926514,4.170000076293945,99000,0.0,0.0
2023-05-17 00:00:00-04:00,4.170000076293945,4.449999809265137,4.170000076293945,4.440000057220459,232100,0.0,0.0
2023-05-18 00:00:00-04:00,4.429999828338623,4.78000020980835,4.420000076293945,4.769999980926514,269400,0.0,0.0
2023-05-19 00:00:00-04:00,4.869999885559082,5.070000171661377,4.690000057220459,4.710000038146973,520800,0.0,0.0
2023-05-22 00:00:00-04:00,4.650000095367432,5.039999961853027,4.630000114440918,4.889999866485596,677500,0.0,0.0
2023-05-23 00:00:00-04:00,4.869999885559082,5.03000020980835,4.480000019073486,4.550000190734863,293100,0.0,0.0
2023-05-24 00:00:00-04:00,4.5,4.71999979019165,4.429999828338623,4.599999904632568,249300,0.0,0.0
2023-05-25 00:00:00-04:00,4.599999904632568,5.0,4.559999942779541,4.949999809265137,370800,0.0,0.0
2023-05-26 00:00:00-04:00,4.980000019073486,5.28000020980835,4.909999847412109,5.170000076293945,597400,0.0,0.0
2023-05-30 00:00:00-04:00,5.28000020980835,5.800000190734863,5.130000114440918,5.179999828338623,388100,0.0,0.0
2023-05-31 00:00:00-04:00,5.150000095367432,5.380000114440918,5.019999980926514,5.239999771118164,363700,0.0,0.0
2023-06-01 00:00:00-04:00,5.25,5.320000171661377,5.130000114440918,5.159999847412109,233700,0.0,0.0
2023-06-02 00:00:00-04:00,5.150000095367432,5.289999961853027,4.940000057220459,4.949999809265137,219200,0.0,0.0
2023-06-05 00:00:00-04:00,4.949999809265137,5.119999885559082,4.909999847412109,5.070000171661377,285200,0.0,0.0
2023-06-06 00:00:00-04:00,5.03000020980835,5.119999885559082,5.0,5.099999904632568,157700,0.0,0.0
2023-06-07 00:00:00-04:00,5.099999904632568,5.309999942779541,5.010000228881836,5.059999942779541,230200,0.0,0.0
2023-06-08 00:00:00-04:00,5.059999942779541,5.099999904632568,4.5,4.739999771118164,390900,0.0,0.0
2023-06-09 00:00:00-04:00,4.730000019073486,4.829999923706055,4.610000133514404,4.650000095367432,162800,0.0,0.0
2023-06-12 00:00:00-04:00,4.559999942779541,4.590000152587891,4.170000076293945,4.480000019073486,272900,0.0,0.0
2023-06-13 00:00:00-04:00,4.309999942779541,4.820000171661377,4.239999771118164,4.519999980926514,3536100,0.0,0.0
2023-06-14 00:00:00-04:00,4.510000228881836,4.570000171661377,4.300000190734863,4.460000038146973,324000,0.0,0.0
2023-06-15 00:00:00-04:00,4.449999809265137,4.480000019073486,4.25,4.429999828338623,330700,0.0,0.0
2023-06-16 00:00:00-04:00,4.400000095367432,4.570000171661377,4.28000020980835,4.300000190734863,370500,0.0,0.0
2023-06-20 00:00:00-04:00,4.300000190734863,4.309999942779541,4.099999904632568,4.119999885559082,338300,0.0,0.0
2023-06-21 00:00:00-04:00,4.179999828338623,4.210000038146973,4.019999980926514,4.050000190734863,295500,0.0,0.0
2023-06-22 00:00:00-04:00,4.010000228881836,4.079999923706055,4.0,4.03000020980835,238400,0.0,0.0
2023-06-23 00:00:00-04:00,4.0,4.090000152587891,3.9100000858306885,3.930000066757202,5452200,0.0,0.0
2023-06-26 00:00:00-04:00,3.9200000762939453,4.019999980926514,3.8499999046325684,3.9800000190734863,421600,0.0,0.0
2023-06-27 00:00:00-04:00,4.039999961853027,4.039999961853027,3.7300000190734863,3.799999952316284,491300,0.0,0.0
2023-06-28 00:00:00-04:00,3.7799999713897705,3.869999885559082,3.75,3.819999933242798,238200,0.0,0.0
2023-06-29 00:00:00-04:00,3.869999885559082,3.9600000381469727,3.7699999809265137,3.950000047683716,257800,0.0,0.0
2023-06-30 00:00:00-04:00,3.9600000381469727,4.190000057220459,3.9600000381469727,4.059999942779541,566300,0.0,0.0
2023-07-03 00:00:00-04:00,4.050000190734863,4.119999885559082,3.9000000953674316,3.9100000858306885,97700,0.0,0.0
2023-07-05 00:00:00-04:00,3.9100000858306885,3.9100000858306885,3.619999885559082,3.680000066757202,328400,0.0,0.0
2023-07-06 00:00:00-04:00,3.6600000858306885,3.680000066757202,3.2799999713897705,3.3399999141693115,496800,0.0,0.0
2023-07-07 00:00:00-04:00,3.549999952316284,3.609999895095825,3.450000047683716,3.5,406100,0.0,0.0
2023-07-10 00:00:00-04:00,3.5,3.5299999713897705,3.450000047683716,3.4700000286102295,264100,0.0,0.0
2023-07-11 00:00:00-04:00,3.4700000286102295,3.509999990463257,3.440000057220459,3.4700000286102295,178300,0.0,0.0
2023-07-12 00:00:00-04:00,3.490000009536743,3.5399999618530273,3.490000009536743,3.5199999809265137,317100,0.0,0.0
2023-07-13 00:00:00-04:00,3.5299999713897705,4.03000020980835,3.4000000953674316,3.8399999141693115,9923700,0.0,0.0
2023-07-14 00:00:00-04:00,3.8299999237060547,3.8299999237060547,3.6500000953674316,3.75,422500,0.0,0.0
2023-07-17 00:00:00-04:00,3.9000000953674316,4.25,3.869999885559082,4.0,593200,0.0,0.0
2023-07-18 00:00:00-04:00,3.990000009536743,4.03000020980835,3.809999942779541,3.9200000762939453,252200,0.0,0.0
2023-07-19 00:00:00-04:00,3.9200000762939453,4.090000152587891,3.9100000858306885,4.070000171661377,304700,0.0,0.0
2023-07-20 00:00:00-04:00,4.070000171661377,4.179999828338623,4.03000020980835,4.090000152587891,188200,0.0,0.0
2023-07-21 00:00:00-04:00,4.099999904632568,4.190000057220459,3.9700000286102295,4.099999904632568,286300,0.0,0.0
2023-07-24 00:00:00-04:00,4.090000152587891,4.119999885559082,4.0,4.050000190734863,138000,0.0,0.0
2023-07-25 00:00:00-04:00,4.050000190734863,4.159999847412109,4.0,4.019999980926514,185500,0.0,0.0
2023-07-26 00:00:00-04:00,4.0,4.090000152587891,3.990000009536743,4.010000228881836,152900,0.0,0.0
2023-07-27 00:00:00-04:00,4.010000228881836,4.070000171661377,3.880000114440918,3.9000000953674316,278200,0.0,0.0
2023-07-28 00:00:00-04:00,3.9200000762939453,4.059999942779541,3.9000000953674316,4.050000190734863,118900,0.0,0.0
2023-07-31 00:00:00-04:00,4.099999904632568,4.159999847412109,4.059999942779541,4.139999866485596,227600,0.0,0.0
2023-08-01 00:00:00-04:00,4.110000133514404,4.159999847412109,4.010000228881836,4.059999942779541,161200,0.0,0.0
2023-08-02 00:00:00-04:00,4.0,4.03000020980835,3.9000000953674316,3.990000009536743,238400,0.0,0.0
2023-08-03 00:00:00-04:00,4.0,4.079999923706055,3.9700000286102295,3.9800000190734863,226800,0.0,0.0
2023-08-04 00:00:00-04:00,4.0,4.170000076293945,3.990000009536743,4.139999866485596,269800,0.0,0.0
2023-08-07 00:00:00-04:00,4.159999847412109,4.190000057220459,4.090000152587891,4.170000076293945,280900,0.0,0.0
2023-08-08 00:00:00-04:00,4.110000133514404,4.230000019073486,4.050000190734863,4.190000057220459,170000,0.0,0.0
2023-08-09 00:00:00-04:00,4.190000057220459,4.190000057220459,4.099999904632568,4.170000076293945,271800,0.0,0.0
2023-08-10 00:00:00-04:00,4.130000114440918,4.21999979019165,4.130000114440918,4.170000076293945,200300,0.0,0.0
2023-08-11 00:00:00-04:00,4.130000114440918,4.230000019073486,4.099999904632568,4.190000057220459,379900,0.0,0.0
2023-08-14 00:00:00-04:00,4.150000095367432,4.159999847412109,3.9700000286102295,4.0,167500,0.0,0.0
2023-08-15 00:00:00-04:00,4.0,4.0,3.819999933242798,3.8399999141693115,193500,0.0,0.0
2023-08-16 00:00:00-04:00,3.8299999237060547,3.890000104904175,3.809999942779541,3.819999933242798,192400,0.0,0.0
2023-08-17 00:00:00-04:00,3.880000114440918,3.880000114440918,3.75,3.7699999809265137,144500,0.0,0.0
2023-08-18 00:00:00-04:00,3.7200000286102295,3.890000104904175,3.690000057220459,3.7899999618530273,182600,0.0,0.0
2023-08-21 00:00:00-04:00,3.819999933242798,3.859999895095825,3.5299999713897705,3.6500000953674316,238500,0.0,0.0
2023-08-22 00:00:00-04:00,3.700000047683716,3.7200000286102295,3.5299999713897705,3.549999952316284,162300,0.0,0.0
2023-08-23 00:00:00-04:00,3.5799999237060547,3.7300000190734863,3.559999942779541,3.700000047683716,194100,0.0,0.0
2023-08-24 00:00:00-04:00,3.7200000286102295,3.799999952316284,3.6600000858306885,3.759999990463257,236700,0.0,0.0
2023-08-25 00:00:00-04:00,3.799999952316284,4.019999980926514,3.7799999713897705,3.990000009536743,238200,0.0,0.0
2023-08-28 00:00:00-04:00,4.019999980926514,4.119999885559082,3.7799999713897705,3.859999895095825,258000,0.0,0.0
2023-08-29 00:00:00-04:00,3.880000114440918,3.990000009536743,3.8399999141693115,3.9600000381469727,69300,0.0,0.0
2023-08-30 00:00:00-04:00,3.9600000381469727,4.039999961853027,3.9600000381469727,3.990000009536743,141500,0.0,0.0
2023-08-31 00:00:00-04:00,4.0,4.079999923706055,4.0,4.010000228881836,148500,0.0,0.0
2023-09-01 00:00:00-04:00,4.039999961853027,4.079999923706055,4.03000020980835,4.059999942779541,87800,0.0,0.0
2023-09-05 00:00:00-04:00,4.03000020980835,4.099999904632568,4.0,4.010000228881836,123500,0.0,0.0
2023-09-06 00:00:00-04:00,4.019999980926514,4.070000171661377,4.019999980926514,4.059999942779541,98600,0.0,0.0
2023-09-07 00:00:00-04:00,4.050000190734863,4.179999828338623,4.0,4.050000190734863,310300,0.0,0.0
2023-09-08 00:00:00-04:00,4.050000190734863,4.119999885559082,4.010000228881836,4.059999942779541,305600,0.0,0.0
2023-09-11 00:00:00-04:00,4.070000171661377,4.300000190734863,4.070000171661377,4.210000038146973,488500,0.0,0.0
2023-09-12 00:00:00-04:00,4.230000019073486,4.300000190734863,3.950000047683716,4.0,450200,0.0,0.0
2023-09-13 00:00:00-04:00,4.0,4.070000171661377,3.8299999237060547,3.8499999046325684,324400,0.0,0.0
2023-09-14 00:00:00-04:00,3.869999885559082,4.110000133514404,3.819999933242798,4.010000228881836,386700,0.0,0.0
2023-09-15 00:00:00-04:00,4.010000228881836,4.019999980926514,3.549999952316284,3.630000114440918,1386300,0.0,0.0
2023-09-18 00:00:00-04:00,3.6500000953674316,3.700000047683716,3.640000104904175,3.6600000858306885,146900,0.0,0.0
2023-09-19 00:00:00-04:00,3.6500000953674316,3.7699999809265137,3.509999990463257,3.5299999713897705,354000,0.0,0.0
2023-09-20 00:00:00-04:00,3.5399999618530273,3.569999933242798,3.390000104904175,3.390000104904175,275500,0.0,0.0
2023-09-21 00:00:00-04:00,3.3499999046325684,3.359999895095825,3.1500000953674316,3.259999990463257,412900,0.0,0.0
2023-09-22 00:00:00-04:00,3.2899999618530273,3.390000104904175,3.240000009536743,3.2899999618530273,286000,0.0,0.0
2023-09-25 00:00:00-04:00,3.259999990463257,3.3299999237060547,3.140000104904175,3.319999933242798,374900,0.0,0.0
2023-09-26 00:00:00-04:00,3.319999933242798,3.5,3.2200000286102295,3.4700000286102295,166500,0.0,0.0
2023-09-27 00:00:00-04:00,3.4800000190734863,3.5999999046325684,3.3299999237060547,3.3399999141693115,283000,0.0,0.0
2023-09-28 00:00:00-04:00,3.3399999141693115,3.359999895095825,3.190000057220459,3.200000047683716,280800,0.0,0.0
2023-09-29 00:00:00-04:00,3.259999990463257,3.380000114440918,3.2100000381469727,3.309999942779541,431700,0.0,0.0
2023-10-02 00:00:00-04:00,3.2799999713897705,3.3499999046325684,3.0999999046325684,3.140000104904175,338900,0.0,0.0
2023-10-03 00:00:00-04:00,3.109999895095825,3.2200000286102295,3.0999999046325684,3.190000057220459,202600,0.0,0.0
2023-10-04 00:00:00-04:00,3.200000047683716,3.200000047683716,3.0299999713897705,3.0899999141693115,284200,0.0,0.0
2023-10-05 00:00:00-04:00,3.0899999141693115,3.130000114440918,3.0299999713897705,3.0399999618530273,175400,0.0,0.0
2023-10-06 00:00:00-04:00,3.0199999809265137,3.109999895095825,2.9700000286102295,3.0999999046325684,166100,0.0,0.0
2023-10-09 00:00:00-04:00,3.059999942779541,3.119999885559082,2.9800000190734863,3.009999990463257,120300,0.0,0.0
2023-10-10 00:00:00-04:00,3.0199999809265137,3.0399999618530273,2.9700000286102295,3.0,184600,0.0,0.0
2023-10-11 00:00:00-04:00,2.990000009536743,3.049999952316284,2.9200000762939453,2.990000009536743,158400,0.0,0.0
2023-10-12 00:00:00-04:00,2.9800000190734863,3.009999990463257,2.75,2.8399999141693115,250300,0.0,0.0
2023-10-13 00:00:00-04:00,2.8399999141693115,2.9200000762939453,2.799999952316284,2.8399999141693115,127000,0.0,0.0
2023-10-16 00:00:00-04:00,2.8499999046325684,2.9700000286102295,2.8499999046325684,2.9000000953674316,172900,0.0,0.0
2023-10-17 00:00:00-04:00,2.9000000953674316,2.9800000190734863,2.809999942779541,2.819999933242798,210900,0.0,0.0
2023-10-18 00:00:00-04:00,2.819999933242798,2.859999895095825,2.740000009536743,2.740000009536743,193100,0.0,0.0
2023-10-19 00:00:00-04:00,2.740000009536743,2.7799999713897705,2.6600000858306885,2.6600000858306885,148100,0.0,0.0
2023-10-20 00:00:00-04:00,2.7100000381469727,2.740000009536743,2.6500000953674316,2.700000047683716,189500,0.0,0.0
2023-10-23 00:00:00-04:00,2.740000009536743,2.7899999618530273,2.680000066757202,2.7100000381469727,175500,0.0,0.0
2023-10-24 00:00:00-04:00,2.7300000190734863,2.9600000381469727,2.7200000286102295,2.8399999141693115,312900,0.0,0.0
2023-10-25 00:00:00-04:00,2.819999933242798,2.9600000381469727,2.7899999618530273,2.8299999237060547,197500,0.0,0.0
2023-10-26 00:00:00-04:00,2.8399999141693115,2.9200000762939453,2.75,2.7699999809265137,200700,0.0,0.0
2023-10-27 00:00:00-04:00,2.7699999809265137,2.8299999237060547,2.700000047683716,2.759999990463257,118000,0.0,0.0
2023-10-30 00:00:00-04:00,2.7899999618530273,2.950000047683716,2.7799999713897705,2.940000057220459,104200,0.0,0.0
2023-10-31 00:00:00-04:00,2.950000047683716,3.0299999713897705,2.8399999141693115,3.0299999713897705,130900,0.0,0.0
2023-11-01 00:00:00-04:00,2.9700000286102295,3.1600000858306885,2.9700000286102295,3.049999952316284,185600,0.0,0.0
2023-11-02 00:00:00-04:00,3.0999999046325684,3.319999933242798,3.009999990463257,3.240000009536743,406600,0.0,0.0
2023-11-03 00:00:00-04:00,3.3399999141693115,3.369999885559082,3.1500000953674316,3.3299999237060547,171500,0.0,0.0
2023-11-06 00:00:00-05:00,3.3299999237060547,3.3499999046325684,3.259999990463257,3.309999942779541,111100,0.0,0.0
2023-11-07 00:00:00-05:00,3.2899999618530273,3.2899999618530273,3.1500000953674316,3.1700000762939453,89300,0.0,0.0
2023-11-08 00:00:00-05:00,3.190000057220459,3.190000057220459,2.9700000286102295,3.0999999046325684,125600,0.0,0.0
2023-11-09 00:00:00-05:00,3.059999942779541,3.130000114440918,3.009999990463257,3.0999999046325684,167300,0.0,0.0
2023-11-10 00:00:00-05:00,3.049999952316284,3.140000104904175,3.0299999713897705,3.059999942779541,129000,0.0,0.0
2023-11-13 00:00:00-05:00,3.0399999618530273,3.109999895095825,2.9700000286102295,2.9800000190734863,108600,0.0,0.0
2023-11-14 00:00:00-05:00,3.0299999713897705,3.1500000953674316,3.0299999713897705,3.059999942779541,223200,0.0,0.0
2023-11-15 00:00:00-05:00,3.0899999141693115,3.130000114440918,3.0399999618530273,3.049999952316284,76000,0.0,0.0
2023-11-16 00:00:00-05:00,3.049999952316284,3.0899999141693115,3.0,3.069999933242798,93200,0.0,0.0
2023-11-17 00:00:00-05:00,3.0999999046325684,3.0999999046325684,2.950000047683716,3.0,275000,0.0,0.0
2023-11-20 00:00:00-05:00,3.009999990463257,3.069999933242798,2.9600000381469727,3.0,119700,0.0,0.0
2023-11-21 00:00:00-05:00,3.0199999809265137,3.0299999713897705,2.990000009536743,3.009999990463257,106400,0.0,0.0
2023-11-22 00:00:00-05:00,3.009999990463257,3.049999952316284,2.9800000190734863,2.9800000190734863,106500,0.0,0.0
2023-11-24 00:00:00-05:00,2.990000009536743,3.069999933242798,2.990000009536743,2.990000009536743,54900,0.0,0.0
2023-11-27 00:00:00-05:00,2.9000000953674316,2.990000009536743,2.7699999809265137,2.819999933242798,177600,0.0,0.0
2023-11-28 00:00:00-05:00,2.8399999141693115,2.880000114440918,2.75,2.759999990463257,89600,0.0,0.0
2023-11-29 00:00:00-05:00,2.7699999809265137,2.930000066757202,2.7699999809265137,2.859999895095825,190300,0.0,0.0
2023-11-30 00:00:00-05:00,2.890000104904175,2.9000000953674316,2.7100000381469727,2.7300000190734863,114200,0.0,0.0
2023-12-01 00:00:00-05:00,2.759999990463257,3.0199999809265137,2.7200000286102295,3.009999990463257,169700,0.0,0.0
2023-12-04 00:00:00-05:00,3.0,3.0999999046325684,2.9700000286102295,3.0,94200,0.0,0.0
2023-12-05 00:00:00-05:00,2.9800000190734863,3.200000047683716,2.9700000286102295,3.1700000762939453,178800,0.0,0.0
2023-12-06 00:00:00-05:00,3.200000047683716,3.200000047683716,3.0799999237060547,3.0799999237060547,127900,0.0,0.0
2023-12-07 00:00:00-05:00,3.1600000858306885,3.3499999046325684,3.0899999141693115,3.2100000381469727,260800,0.0,0.0
2023-12-08 00:00:00-05:00,3.2100000381469727,3.2899999618530273,3.1700000762939453,3.2799999713897705,147800,0.0,0.0
2023-12-11 00:00:00-05:00,3.240000009536743,3.2799999713897705,3.109999895095825,3.109999895095825,101400,0.0,0.0
2023-12-12 00:00:00-05:00,3.1700000762939453,3.240000009536743,3.059999942779541,3.119999885559082,81300,0.0,0.0
2023-12-13 00:00:00-05:00,3.130000114440918,3.2799999713897705,3.009999990463257,3.2799999713897705,92400,0.0,0.0
2023-12-14 00:00:00-05:00,3.2899999618530273,3.3399999141693115,3.200000047683716,3.3299999237060547,200400,0.0,0.0
2023-12-15 00:00:00-05:00,3.369999885559082,3.369999885559082,3.0999999046325684,3.0999999046325684,213400,0.0,0.0
2023-12-18 00:00:00-05:00,3.1500000953674316,3.2799999713897705,3.009999990463257,3.2200000286102295,268700,0.0,0.0
2023-12-19 00:00:00-05:00,3.2799999713897705,3.450000047683716,3.2799999713897705,3.319999933242798,268700,0.0,0.0
2023-12-20 00:00:00-05:00,3.299999952316284,3.359999895095825,2.880000114440918,2.940000057220459,257700,0.0,0.0
2023-12-21 00:00:00-05:00,3.0199999809265137,3.119999885559082,3.0199999809265137,3.119999885559082,187500,0.0,0.0
2023-12-22 00:00:00-05:00,3.1500000953674316,3.240000009536743,3.130000114440918,3.1500000953674316,105000,0.0,0.0
2023-12-26 00:00:00-05:00,3.1500000953674316,3.2100000381469727,3.0799999237060547,3.1600000858306885,135500,0.0,0.0
2023-12-27 00:00:00-05:00,3.1600000858306885,3.2300000190734863,3.0899999141693115,3.130000114440918,196300,0.0,0.0
2023-12-28 00:00:00-05:00,3.119999885559082,3.140000104904175,2.890000104904175,2.890000104904175,180000,0.0,0.0
2023-12-29 00:00:00-05:00,2.9200000762939453,2.9600000381469727,2.7300000190734863,2.799999952316284,333200,0.0,0.0
2024-01-02 00:00:00-05:00,2.9000000953674316,2.9700000286102295,2.880000114440918,2.9000000953674316,180900,0.0,0.0
2024-01-03 00:00:00-05:00,2.9100000858306885,2.9700000286102295,2.7699999809265137,2.7799999713897705,211400,0.0,0.0
2024-01-04 00:00:00-05:00,2.809999942779541,2.9100000858306885,2.759999990463257,2.869999885559082,210600,0.0,0.0
2024-01-05 00:00:00-05:00,2.9000000953674316,3.0999999046325684,2.869999885559082,2.869999885559082,199400,0.0,0.0
2024-01-08 00:00:00-05:00,2.880000114440918,2.9200000762939453,2.809999942779541,2.9100000858306885,124400,0.0,0.0
2024-01-09 00:00:00-05:00,2.8499999046325684,2.9200000762939453,2.8499999046325684,2.9000000953674316,110300,0.0,0.0
2024-01-10 00:00:00-05:00,2.9000000953674316,3.049999952316284,2.890000104904175,2.9600000381469727,241500,0.0,0.0
2024-01-11 00:00:00-05:00,2.9600000381469727,2.9600000381469727,2.6600000858306885,2.7200000286102295,1195000,0.0,0.0
2024-01-12 00:00:00-05:00,2.7799999713897705,2.819999933242798,2.680000066757202,2.799999952316284,193400,0.0,0.0
2024-01-16 00:00:00-05:00,2.809999942779541,2.8299999237060547,2.690000057220459,2.7300000190734863,320600,0.0,0.0
2024-01-17 00:00:00-05:00,2.7300000190734863,2.759999990463257,2.6700000762939453,2.7300000190734863,184400,0.0,0.0
2024-01-18 00:00:00-05:00,2.7200000286102295,2.75,2.450000047683716,2.4700000286102295,213900,0.0,0.0
2024-01-19 00:00:00-05:00,2.490000009536743,2.5799999237060547,2.4600000381469727,2.5799999237060547,149000,0.0,0.0
2024-01-22 00:00:00-05:00,2.5899999141693115,2.799999952316284,2.5899999141693115,2.740000009536743,157100,0.0,0.0
2024-01-23 00:00:00-05:00,2.7899999618530273,2.819999933242798,2.6700000762939453,2.7100000381469727,159100,0.0,0.0
2024-01-24 00:00:00-05:00,2.7200000286102295,2.7200000286102295,2.5899999141693115,2.640000104904175,108100,0.0,0.0
2024-01-25 00:00:00-05:00,2.700000047683716,2.7699999809265137,2.690000057220459,2.75,299900,0.0,0.0
2024-01-26 00:00:00-05:00,2.759999990463257,2.8299999237060547,2.7100000381469727,2.75,332100,0.0,0.0
2024-01-29 00:00:00-05:00,2.7799999713897705,2.809999942779541,2.690000057220459,2.759999990463257,171000,0.0,0.0
2024-01-30 00:00:00-05:00,2.75,2.759999990463257,2.680000066757202,2.740000009536743,196100,0.0,0.0
2024-01-31 00:00:00-05:00,2.700000047683716,2.759999990463257,2.6500000953674316,2.7100000381469727,235900,0.0,0.0
2024-02-01 00:00:00-05:00,2.740000009536743,2.7699999809265137,2.619999885559082,2.7300000190734863,168200,0.0,0.0
2024-02-02 00:00:00-05:00,2.680000066757202,2.759999990463257,2.6600000858306885,2.7200000286102295,142800,0.0,0.0
2024-02-05 00:00:00-05:00,2.680000066757202,2.680000066757202,2.5899999141693115,2.609999895095825,209400,0.0,0.0
2024-02-06 00:00:00-05:00,2.5999999046325684,2.690000057220459,2.5899999141693115,2.6500000953674316,126500,0.0,0.0
2024-02-07 00:00:00-05:00,2.6500000953674316,2.75,2.5899999141693115,2.680000066757202,307000,0.0,0.0
2024-02-08 00:00:00-05:00,2.680000066757202,2.75,2.619999885559082,2.640000104904175,177800,0.0,0.0
2024-02-09 00:00:00-05:00,2.640000104904175,2.759999990463257,2.630000114440918,2.7300000190734863,131300,0.0,0.0
2024-02-12 00:00:00-05:00,2.740000009536743,2.7699999809265137,2.700000047683716,2.75,199400,0.0,0.0
2024-02-13 00:00:00-05:00,2.700000047683716,2.7200000286102295,2.609999895095825,2.630000114440918,209600,0.0,0.0
2024-02-14 00:00:00-05:00,2.630000114440918,2.7699999809265137,2.630000114440918,2.759999990463257,141200,0.0,0.0
2024-02-15 00:00:00-05:00,2.7699999809265137,2.9000000953674316,2.7699999809265137,2.880000114440918,205700,0.0,0.0
2024-02-16 00:00:00-05:00,2.8499999046325684,2.9200000762939453,2.7699999809265137,2.890000104904175,186400,0.0,0.0
2024-02-20 00:00:00-05:00,2.9000000953674316,2.990000009536743,2.8399999141693115,2.9200000762939453,172100,0.0,0.0
2024-02-21 00:00:00-05:00,2.930000066757202,3.0299999713897705,2.9100000858306885,3.009999990463257,352600,0.0,0.0
2024-02-22 00:00:00-05:00,3.009999990463257,3.009999990463257,2.9100000858306885,2.9100000858306885,236300,0.0,0.0
2024-02-23 00:00:00-05:00,2.9200000762939453,2.9800000190734863,2.890000104904175,2.890000104904175,167500,0.0,0.0
2024-02-26 00:00:00-05:00,2.869999885559082,2.930000066757202,2.859999895095825,2.9000000953674316,136500,0.0,0.0
2024-02-27 00:00:00-05:00,2.9100000858306885,2.9200000762939453,2.880000114440918,2.9100000858306885,109400,0.0,0.0
2024-02-28 00:00:00-05:00,2.890000104904175,2.9200000762939453,2.8499999046325684,2.8499999046325684,73100,0.0,0.0
2024-02-29 00:00:00-05:00,2.9000000953674316,2.950000047683716,2.8399999141693115,2.9000000953674316,286500,0.0,0.0
2024-03-01 00:00:00-05:00,2.9200000762939453,2.9600000381469727,2.869999885559082,2.930000066757202,131300,0.0,0.0
2024-03-04 00:00:00-05:00,2.930000066757202,3.0899999141693115,2.880000114440918,3.0399999618530273,273400,0.0,0.0
2024-03-05 00:00:00-05:00,3.0299999713897705,3.0899999141693115,2.7300000190734863,2.799999952316284,205300,0.0,0.0
2024-03-06 00:00:00-05:00,2.8499999046325684,2.940000057220459,2.8499999046325684,2.9000000953674316,212100,0.0,0.0
2024-03-07 00:00:00-05:00,2.940000057220459,2.950000047683716,2.7699999809265137,2.819999933242798,177100,0.0,0.0
2024-03-08 00:00:00-05:00,2.8499999046325684,2.990000009536743,2.8499999046325684,2.869999885559082,146800,0.0,0.0
2024-03-11 00:00:00-04:00,2.859999895095825,2.869999885559082,2.6600000858306885,2.6600000858306885,118100,0.0,0.0
2024-03-12 00:00:00-04:00,2.680000066757202,2.690000057220459,2.549999952316284,2.609999895095825,242300,0.0,0.0
2024-03-13 00:00:00-04:00,2.630000114440918,2.680000066757202,2.5999999046325684,2.609999895095825,205400,0.0,0.0
2024-03-14 00:00:00-04:00,2.640000104904175,2.640000104904175,2.549999952316284,2.619999885559082,169700,0.0,0.0
2024-03-15 00:00:00-04:00,2.5999999046325684,2.7100000381469727,2.440000057220459,2.450000047683716,1348100,0.0,0.0
2024-03-18 00:00:00-04:00,2.4600000381469727,2.6500000953674316,2.440000057220459,2.4600000381469727,352200,0.0,0.0
2024-03-19 00:00:00-04:00,2.509999990463257,2.569999933242798,2.4000000953674316,2.509999990463257,189000,0.0,0.0
2024-03-20 00:00:00-04:00,2.509999990463257,2.640000104904175,2.5,2.5899999141693115,171200,0.0,0.0
2024-03-21 00:00:00-04:00,2.5899999141693115,2.630000114440918,2.5399999618530273,2.609999895095825,133500,0.0,0.0
2024-03-22 00:00:00-04:00,2.640000104904175,2.7100000381469727,2.5299999713897705,2.619999885559082,247000,0.0,0.0
2024-03-25 00:00:00-04:00,2.619999885559082,2.619999885559082,2.5199999809265137,2.5299999713897705,125600,0.0,0.0
2024-03-26 00:00:00-04:00,2.5199999809265137,2.619999885559082,2.5199999809265137,2.5299999713897705,132200,0.0,0.0
2024-03-27 00:00:00-04:00,2.609999895095825,2.619999885559082,2.5199999809265137,2.5999999046325684,220500,0.0,0.0
2024-03-28 00:00:00-04:00,2.609999895095825,2.930000066757202,2.609999895095825,2.9000000953674316,316700,0.0,0.0
2024-04-01 00:00:00-04:00,2.869999885559082,2.9200000762939453,2.7799999713897705,2.859999895095825,122700,0.0,0.0
2024-04-02 00:00:00-04:00,2.7799999713897705,2.799999952316284,2.6700000762939453,2.700000047683716,113800,0.0,0.0
2024-04-03 00:00:00-04:00,2.7300000190734863,2.7300000190734863,2.569999933242798,2.5999999046325684,129200,0.0,0.0
2024-04-04 00:00:00-04:00,2.640000104904175,2.680000066757202,2.4700000286102295,2.5,107300,0.0,0.0
2024-04-05 00:00:00-04:00,2.490000009536743,2.5399999618530273,2.490000009536743,2.5,98300,0.0,0.0
2024-04-08 00:00:00-04:00,2.5299999713897705,2.559999942779541,2.4800000190734863,2.509999990463257,117300,0.0,0.0
2024-04-09 00:00:00-04:00,2.5299999713897705,2.5799999237060547,2.4800000190734863,2.5399999618530273,81700,0.0,0.0
2024-04-10 00:00:00-04:00,2.450000047683716,2.5399999618530273,2.4000000953674316,2.4700000286102295,217200,0.0,0.0
2024-04-11 00:00:00-04:00,2.4600000381469727,2.549999952316284,2.440000057220459,2.4600000381469727,122200,0.0,0.0
2024-04-12 00:00:00-04:00,2.4800000190734863,2.509999990463257,2.2899999618530273,2.319999933242798,94500,0.0,0.0
2024-04-15 00:00:00-04:00,2.3299999237060547,2.3399999141693115,2.25,2.25,126100,0.0,0.0
2024-04-16 00:00:00-04:00,2.25,2.25,2.119999885559082,2.1500000953674316,118400,0.0,0.0
2024-04-17 00:00:00-04:00,2.180000066757202,2.200000047683716,2.1500000953674316,2.1500000953674316,146300,0.0,0.0
2024-04-18 00:00:00-04:00,2.1700000762939453,2.2699999809265137,2.1500000953674316,2.25,257100,0.0,0.0
2024-04-19 00:00:00-04:00,2.25,2.369999885559082,2.2100000381469727,2.25,257200,0.0,0.0
2024-04-22 00:00:00-04:00,2.2699999809265137,2.2699999809265137,2.2100000381469727,2.25,317400,0.0,0.0
2024-04-23 00:00:00-04:00,2.259999990463257,2.319999933242798,2.2200000286102295,2.240000009536743,248100,0.0,0.0
2024-04-24 00:00:00-04:00,2.259999990463257,2.309999942779541,2.240000009536743,2.2699999809265137,198800,0.0,0.0
2024-04-25 00:00:00-04:00,2.259999990463257,2.259999990463257,2.200000047683716,2.25,155800,0.0,0.0
2024-04-26 00:00:00-04:00,2.259999990463257,2.2899999618530273,2.25,2.25,162700,0.0,0.0
2024-04-29 00:00:00-04:00,2.2699999809265137,2.2799999713897705,2.25,2.259999990463257,78000,0.0,0.0
2024-04-30 00:00:00-04:00,2.259999990463257,2.309999942779541,2.240000009536743,2.2799999713897705,161800,0.0,0.0
2024-05-01 00:00:00-04:00,2.299999952316284,2.3499999046325684,2.25,2.25,227100,0.0,0.0
2024-05-02 00:00:00-04:00,2.2799999713897705,2.4000000953674316,2.25,2.390000104904175,154200,0.0,0.0
2024-05-03 00:00:00-04:00,2.4000000953674316,2.549999952316284,2.319999933242798,2.3399999141693115,98500,0.0,0.0
2024-05-06 00:00:00-04:00,2.359999895095825,2.390000104904175,2.3299999237060547,2.380000114440918,93900,0.0,0.0
2024-05-07 00:00:00-04:00,2.4000000953674316,2.4600000381469727,2.3499999046325684,2.359999895095825,97800,0.0,0.0
2024-05-08 00:00:00-04:00,2.3499999046325684,2.369999885559082,2.309999942779541,2.3499999046325684,91800,0.0,0.0
2024-05-09 00:00:00-04:00,2.369999885559082,2.430000066757202,2.3499999046325684,2.369999885559082,206200,0.0,0.0
2024-05-10 00:00:00-04:00,2.390000104904175,2.390000104904175,2.2799999713897705,2.3299999237060547,215400,0.0,0.0
2024-05-13 00:00:00-04:00,2.369999885559082,2.5299999713897705,2.3399999141693115,2.509999990463257,390500,0.0,0.0
2024-05-14 00:00:00-04:00,2.569999933242798,2.680000066757202,2.450000047683716,2.640000104904175,193900,0.0,0.0
2024-05-15 00:00:00-04:00,2.700000047683716,2.869999885559082,2.549999952316284,2.799999952316284,373100,0.0,0.0
2024-05-16 00:00:00-04:00,2.8299999237060547,3.109999895095825,2.7899999618530273,3.0,522100,0.0,0.0
2024-05-17 00:00:00-04:00,2.9800000190734863,3.119999885559082,2.819999933242798,3.109999895095825,330800,0.0,0.0
2024-05-20 00:00:00-04:00,3.0999999046325684,3.2300000190734863,2.990000009536743,3.109999895095825,368200,0.0,0.0
2024-05-21 00:00:00-04:00,3.0899999141693115,3.0899999141693115,2.990000009536743,3.049999952316284,117200,0.0,0.0
2024-05-22 00:00:00-04:00,3.0299999713897705,3.1600000858306885,2.9700000286102295,3.140000104904175,93400,0.0,0.0
2024-05-23 00:00:00-04:00,3.1500000953674316,3.1500000953674316,3.0199999809265137,3.109999895095825,130800,0.0,0.0
2024-05-24 00:00:00-04:00,3.119999885559082,3.1500000953674316,3.0,3.130000114440918,84000,0.0,0.0
2024-05-28 00:00:00-04:00,3.180000066757202,3.2899999618530273,3.0999999046325684,3.190000057220459,245500,0.0,0.0
2024-05-29 00:00:00-04:00,3.130000114440918,3.1600000858306885,3.0799999237060547,3.0899999141693115,74900,0.0,0.0
2024-05-30 00:00:00-04:00,3.0999999046325684,3.109999895095825,2.9100000858306885,3.0299999713897705,170500,0.0,0.0
2024-05-31 00:00:00-04:00,3.049999952316284,3.069999933242798,2.950000047683716,3.0299999713897705,81900,0.0,0.0
2024-06-03 00:00:00-04:00,3.0799999237060547,3.0999999046325684,3.0299999713897705,3.0999999046325684,87700,0.0,0.0
2024-06-04 00:00:00-04:00,3.0999999046325684,3.180000066757202,3.0299999713897705,3.0999999046325684,125000,0.0,0.0
2024-06-05 00:00:00-04:00,3.119999885559082,3.119999885559082,2.950000047683716,2.9800000190734863,73200,0.0,0.0
2024-06-06 00:00:00-04:00,2.9800000190734863,3.0299999713897705,2.9200000762939453,2.990000009536743,136000,0.0,0.0
2024-06-07 00:00:00-04:00,2.9600000381469727,3.0,2.950000047683716,2.9600000381469727,77800,0.0,0.0
2024-06-10 00:00:00-04:00,2.9100000858306885,3.2200000286102295,2.9100000858306885,3.0999999046325684,223500,0.0,0.0
2024-06-11 00:00:00-04:00,3.0999999046325684,3.2300000190734863,3.0999999046325684,3.1600000858306885,131100,0.0,0.0
2024-06-12 00:00:00-04:00,3.240000009536743,3.240000009536743,3.109999895095825,3.119999885559082,68800,0.0,0.0
2024-06-13 00:00:00-04:00,3.1500000953674316,3.1600000858306885,3.009999990463257,3.119999885559082,224100,0.0,0.0
2024-06-14 00:00:00-04:00,3.049999952316284,3.0899999141693115,2.990000009536743,3.0799999237060547,62500,0.0,0.0
2024-06-17 00:00:00-04:00,3.059999942779541,3.0799999237060547,2.990000009536743,3.0399999618530273,74400,0.0,0.0
2024-06-18 00:00:00-04:00,3.0199999809265137,3.049999952316284,2.940000057220459,2.9600000381469727,79300,0.0,0.0
2024-06-20 00:00:00-04:00,2.930000066757202,2.990000009536743,2.799999952316284,2.950000047683716,299400,0.0,0.0
2024-06-21 00:00:00-04:00,2.950000047683716,3.0199999809265137,2.950000047683716,3.009999990463257,162500,0.0,0.0
2024-06-24 00:00:00-04:00,3.0199999809265137,3.0799999237060547,3.009999990463257,3.069999933242798,64600,0.0,0.0
2024-06-25 00:00:00-04:00,3.049999952316284,3.1500000953674316,3.049999952316284,3.0899999141693115,86900,0.0,0.0
2024-06-26 00:00:00-04:00,3.0899999141693115,3.109999895095825,3.0399999618530273,3.0899999141693115,81400,0.0,0.0
2024-06-27 00:00:00-04:00,3.0899999141693115,3.130000114440918,3.059999942779541,3.0999999046325684,102600,0.0,0.0
2024-06-28 00:00:00-04:00,3.130000114440918,3.1500000953674316,2.990000009536743,3.0899999141693115,562400,0.0,0.0
2024-07-01 00:00:00-04:00,3.0999999046325684,3.0999999046325684,3.0399999618530273,3.059999942779541,65700,0.0,0.0
2024-07-02 00:00:00-04:00,3.049999952316284,3.109999895095825,3.0199999809265137,3.069999933242798,57900,0.0,0.0
2024-07-03 00:00:00-04:00,3.0899999141693115,3.1700000762939453,3.049999952316284,3.0799999237060547,77500,0.0,0.0
2024-07-05 00:00:00-04:00,3.059999942779541,3.140000104904175,3.0,3.130000114440918,54700,0.0,0.0
2024-07-08 00:00:00-04:00,3.140000104904175,3.180000066757202,3.119999885559082,3.1600000858306885,113200,0.0,0.0
2024-07-09 00:00:00-04:00,3.1500000953674316,3.1500000953674316,3.0999999046325684,3.119999885559082,68600,0.0,0.0
2024-07-10 00:00:00-04:00,3.140000104904175,3.1500000953674316,3.0999999046325684,3.1500000953674316,57500,0.0,0.0
2024-07-11 00:00:00-04:00,3.1600000858306885,3.3399999141693115,3.109999895095825,3.309999942779541,316600,0.0,0.0
2024-07-12 00:00:00-04:00,3.299999952316284,3.700000047683716,3.2799999713897705,3.569999933242798,431600,0.0,0.0
2024-07-15 00:00:00-04:00,3.5999999046325684,3.619999885559082,3.390000104904175,3.5,198500,0.0,0.0
2024-07-16 00:00:00-04:00,3.5,3.799999952316284,3.450000047683716,3.7799999713897705,287800,0.0,0.0
2024-07-17 00:00:00-04:00,3.700000047683716,3.8399999141693115,3.5999999046325684,3.700000047683716,198200,0.0,0.0
2024-07-18 00:00:00-04:00,3.690000057220459,3.8299999237060547,3.609999895095825,3.619999885559082,140800,0.0,0.0
2024-07-19 00:00:00-04:00,3.690000057220459,3.7100000381469727,3.619999885559082,3.6700000762939453,92400,0.0,0.0
2024-07-22 00:00:00-04:00,3.700000047683716,3.7200000286102295,3.619999885559082,3.680000066757202,103500,0.0,0.0
2024-07-23 00:00:00-04:00,3.6600000858306885,3.8399999141693115,3.6600000858306885,3.819999933242798,221500,0.0,0.0
2024-07-24 00:00:00-04:00,3.7899999618530273,3.8499999046325684,3.619999885559082,3.680000066757202,252800,0.0,0.0
2024-07-25 00:00:00-04:00,3.7100000381469727,3.7200000286102295,3.3299999237060547,3.359999895095825,222500,0.0,0.0
2024-07-26 00:00:00-04:00,3.4200000762939453,3.4600000381469727,3.3299999237060547,3.369999885559082,104700,0.0,0.0
2024-07-29 00:00:00-04:00,3.380000114440918,3.4800000190734863,3.380000114440918,3.4200000762939453,74000,0.0,0.0
2024-07-30 00:00:00-04:00,3.4600000381469727,3.4800000190734863,3.380000114440918,3.4800000190734863,59500,0.0,0.0
2024-07-31 00:00:00-04:00,3.5399999618530273,3.7300000190734863,3.509999990463257,3.7200000286102295,145900,0.0,0.0
2024-08-01 00:00:00-04:00,3.700000047683716,3.7300000190734863,3.5,3.5299999713897705,67000,0.0,0.0
2024-08-02 00:00:00-04:00,3.4000000953674316,3.440000057220459,3.2899999618530273,3.319999933242798,82700,0.0,0.0
2024-08-05 00:00:00-04:00,3.130000114440918,3.2200000286102295,2.950000047683716,3.009999990463257,347800,0.0,0.0
2024-08-06 00:00:00-04:00,3.0799999237060547,3.0799999237060547,2.9700000286102295,3.0,135400,0.0,0.0
2024-08-07 00:00:00-04:00,3.0399999618530273,3.0899999141693115,3.0,3.0399999618530273,114700,0.0,0.0
2024-08-08 00:00:00-04:00,3.0899999141693115,3.240000009536743,3.069999933242798,3.2100000381469727,94200,0.0,0.0
2024-08-09 00:00:00-04:00,3.1700000762939453,3.2699999809265137,3.0799999237060547,3.0899999141693115,117400,0.0,0.0
2024-08-12 00:00:00-04:00,3.0899999141693115,3.180000066757202,2.9700000286102295,3.009999990463257,148000,0.0,0.0
2024-08-13 00:00:00-04:00,3.0199999809265137,3.0199999809265137,2.7699999809265137,2.9800000190734863,163100,0.0,0.0
2024-08-14 00:00:00-04:00,2.9200000762939453,3.0199999809265137,2.880000114440918,2.9100000858306885,81400,0.0,0.0
2024-08-15 00:00:00-04:00,3.0299999713897705,3.559999942779541,3.009999990463257,3.4700000286102295,335600,0.0,0.0
2024-08-16 00:00:00-04:00,3.450000047683716,3.509999990463257,3.200000047683716,3.2300000190734863,137200,0.0,0.0
2024-08-19 00:00:00-04:00,3.2200000286102295,3.309999942779541,3.190000057220459,3.25,110100,0.0,0.0
2024-08-20 00:00:00-04:00,3.25,3.2899999618530273,3.180000066757202,3.200000047683716,82800,0.0,0.0
2024-08-21 00:00:00-04:00,3.240000009536743,3.319999933242798,3.109999895095825,3.2699999809265137,152300,0.0,0.0
2024-08-22 00:00:00-04:00,3.2799999713897705,3.299999952316284,3.0999999046325684,3.109999895095825,104800,0.0,0.0
2024-08-23 00:00:00-04:00,3.1600000858306885,3.380000114440918,3.119999885559082,3.380000114440918,129600,0.0,0.0
2024-08-26 00:00:00-04:00,3.4100000858306885,3.4600000381469727,3.3299999237060547,3.3499999046325684,215100,0.0,0.0
2024-08-27 00:00:00-04:00,3.3299999237060547,3.4000000953674316,3.2699999809265137,3.3499999046325684,67300,0.0,0.0
2024-08-28 00:00:00-04:00,3.3499999046325684,3.4200000762939453,3.319999933242798,3.3499999046325684,73900,0.0,0.0
2024-08-29 00:00:00-04:00,3.440000057220459,3.4800000190734863,3.3499999046325684,3.4100000858306885,155200,0.0,0.0
2024-08-30 00:00:00-04:00,3.4600000381469727,3.4600000381469727,3.2300000190734863,3.369999885559082,157900,0.0,0.0
2024-09-03 00:00:00-04:00,3.3299999237060547,3.3299999237060547,3.119999885559082,3.140000104904175,118300,0.0,0.0
2024-09-04 00:00:00-04:00,3.119999885559082,3.2799999713897705,3.0199999809265137,3.0299999713897705,123200,0.0,0.0
2024-09-05 00:00:00-04:00,3.069999933242798,3.259999990463257,3.0299999713897705,3.140000104904175,197900,0.0,0.0
2024-09-06 00:00:00-04:00,3.190000057220459,3.450000047683716,2.9800000190734863,3.0199999809265137,295400,0.0,0.0
2024-09-09 00:00:00-04:00,3.0999999046325684,3.1700000762939453,3.0199999809265137,3.0999999046325684,124000,0.0,0.0
2024-09-10 00:00:00-04:00,3.119999885559082,3.1600000858306885,2.9600000381469727,3.049999952316284,106600,0.0,0.0
2024-09-11 00:00:00-04:00,3.0299999713897705,3.059999942779541,2.9700000286102295,2.990000009536743,118000,0.0,0.0
2024-09-12 00:00:00-04:00,3.0,3.2100000381469727,3.0,3.130000114440918,172700,0.0,0.0
2024-09-13 00:00:00-04:00,3.180000066757202,3.2100000381469727,3.0999999046325684,3.130000114440918,103900,0.0,0.0
2024-09-16 00:00:00-04:00,3.180000066757202,3.2200000286102295,3.049999952316284,3.0899999141693115,146400,0.0,0.0
2024-09-17 00:00:00-04:00,3.109999895095825,3.190000057220459,3.059999942779541,3.1700000762939453,239900,0.0,0.0
2024-09-18 00:00:00-04:00,3.119999885559082,3.2899999618530273,3.119999885559082,3.2100000381469727,187700,0.0,0.0
2024-09-19 00:00:00-04:00,3.2899999618530273,3.5,3.2200000286102295,3.25,563000,0.0,0.0
2024-09-20 00:00:00-04:00,3.299999952316284,3.299999952316284,3.0899999141693115,3.109999895095825,470700,0.0,0.0
2024-09-23 00:00:00-04:00,3.140000104904175,3.1500000953674316,3.0799999237060547,3.0999999046325684,118400,0.0,0.0
2024-09-24 00:00:00-04:00,3.109999895095825,3.180000066757202,3.069999933242798,3.119999885559082,101100,0.0,0.0
2024-09-25 00:00:00-04:00,3.0799999237060547,3.119999885559082,3.009999990463257,3.0399999618530273,122600,0.0,0.0
2024-09-26 00:00:00-04:00,3.049999952316284,3.0999999046325684,3.0299999713897705,3.049999952316284,85600,0.0,0.0
2024-09-27 00:00:00-04:00,3.109999895095825,3.130000114440918,3.049999952316284,3.059999942779541,63200,0.0,0.0
2024-09-30 00:00:00-04:00,3.009999990463257,3.0899999141693115,2.950000047683716,3.0299999713897705,86800,0.0,0.0
2024-10-01 00:00:00-04:00,3.009999990463257,3.009999990463257,2.890000104904175,2.9200000762939453,154700,0.0,0.0
2024-10-02 00:00:00-04:00,2.9200000762939453,3.049999952316284,2.9200000762939453,3.009999990463257,49500,0.0,0.0
2024-10-03 00:00:00-04:00,2.990000009536743,3.0399999618530273,2.990000009536743,3.0,60000,0.0,0.0
2024-10-04 00:00:00-04:00,3.0399999618530273,3.109999895095825,2.9800000190734863,3.0,70800,0.0,0.0
2024-10-07 00:00:00-04:00,2.9700000286102295,3.0199999809265137,2.9700000286102295,3.0199999809265137,144300,0.0,0.0
2024-10-08 00:00:00-04:00,3.049999952316284,3.0799999237060547,2.990000009536743,3.069999933242798,83800,0.0,0.0
2024-10-09 00:00:00-04:00,3.049999952316284,3.119999885559082,3.0,3.0199999809265137,67100,0.0,0.0
2024-10-10 00:00:00-04:00,2.990000009536743,3.049999952316284,2.9600000381469727,3.0,77200,0.0,0.0
2024-10-11 00:00:00-04:00,3.0199999809265137,3.130000114440918,2.9800000190734863,3.0,129300,0.0,0.0
2024-10-14 00:00:00-04:00,3.009999990463257,3.0199999809265137,2.9200000762939453,2.9700000286102295,100600,0.0,0.0
2024-10-15 00:00:00-04:00,2.930000066757202,3.0299999713897705,2.930000066757202,2.9800000190734863,76500,0.0,0.0
2024-10-16 00:00:00-04:00,3.009999990463257,3.140000104904175,3.0,3.0999999046325684,174200,0.0,0.0
2024-10-17 00:00:00-04:00,3.0999999046325684,3.0999999046325684,3.0299999713897705,3.069999933242798,55700,0.0,0.0
2024-10-18 00:00:00-04:00,3.069999933242798,3.1700000762939453,3.069999933242798,3.119999885559082,83900,0.0,0.0
2024-10-21 00:00:00-04:00,3.109999895095825,3.200000047683716,3.059999942779541,3.0899999141693115,240500,0.0,0.0
2024-10-22 00:00:00-04:00,3.0799999237060547,3.1500000953674316,3.049999952316284,3.140000104904175,64900,0.0,0.0
2024-10-23 00:00:00-04:00,3.259999990463257,3.259999990463257,3.0999999046325684,3.130000114440918,120800,0.0,0.0
2024-10-24 00:00:00-04:00,3.200000047683716,3.200000047683716,3.059999942779541,3.069999933242798,28600,0.0,0.0
2024-10-25 00:00:00-04:00,3.0899999141693115,3.0899999141693115,2.990000009536743,2.990000009536743,72600,0.0,0.0
2024-10-28 00:00:00-04:00,3.0,3.2100000381469727,3.0,3.109999895095825,175800,0.0,0.0
2024-10-29 00:00:00-04:00,3.0899999141693115,3.109999895095825,3.009999990463257,3.0299999713897705,46600,0.0,0.0
2024-10-30 00:00:00-04:00,3.0299999713897705,3.0399999618530273,2.9700000286102295,2.9800000190734863,33700,0.0,0.0
2024-10-31 00:00:00-04:00,3.0,3.0899999141693115,2.890000104904175,3.0399999618530273,176700,0.0,0.0
2024-11-01 00:00:00-04:00,3.200000047683716,3.799999952316284,3.1600000858306885,3.5,1481200,0.0,0.0
2024-11-04 00:00:00-05:00,3.5999999046325684,3.5999999046325684,3.4000000953674316,3.4600000381469727,1048500,0.0,0.0
2024-11-05 00:00:00-05:00,3.4000000953674316,3.5899999141693115,3.369999885559082,3.5799999237060547,1283500,0.0,0.0
2024-11-06 00:00:00-05:00,3.5299999713897705,3.8399999141693115,3.299999952316284,3.75,659200,0.0,0.0
2024-11-07 00:00:00-05:00,3.700000047683716,3.7899999618530273,3.549999952316284,3.559999942779541,304800,0.0,0.0
2024-11-08 00:00:00-05:00,3.509999990463257,3.5299999713897705,3.4100000858306885,3.450000047683716,203200,0.0,0.0
2024-11-11 00:00:00-05:00,3.490000009536743,3.5999999046325684,3.319999933242798,3.549999952316284,2664500,0.0,0.0
2024-11-12 00:00:00-05:00,3.5,3.700000047683716,3.390000104904175,3.390000104904175,556900,0.0,0.0
2024-11-13 00:00:00-05:00,3.450000047683716,3.450000047683716,3.180000066757202,3.2300000190734863,449000,0.0,0.0
2024-11-14 00:00:00-05:00,3.2699999809265137,3.319999933242798,3.1700000762939453,3.240000009536743,283200,0.0,0.0
2024-11-15 00:00:00-05:00,3.319999933242798,3.490000009536743,3.2699999809265137,3.319999933242798,631200,0.0,0.0
2024-11-18 00:00:00-05:00,3.390000104904175,3.490000009536743,3.259999990463257,3.319999933242798,303800,0.0,0.0
2024-11-19 00:00:00-05:00,3.2899999618530273,3.309999942779541,3.190000057220459,3.240000009536743,126800,0.0,0.0
2024-11-20 00:00:00-05:00,3.2699999809265137,3.2699999809265137,3.059999942779541,3.1500000953674316,171900,0.0,0.0
2024-11-21 00:00:00-05:00,3.1500000953674316,3.2200000286102295,3.0899999141693115,3.2100000381469727,124900,0.0,0.0
2024-11-22 00:00:00-05:00,3.2100000381469727,3.4200000762939453,3.2100000381469727,3.369999885559082,170100,0.0,0.0
2024-11-25 00:00:00-05:00,3.5,3.640000104904175,3.430000066757202,3.490000009536743,493000,0.0,0.0
2024-11-26 00:00:00-05:00,3.5199999809265137,4.71999979019165,3.5,4.400000095367432,4208700,0.0,0.0
2024-11-27 00:00:00-05:00,4.199999809265137,4.400000095367432,4.050000190734863,4.239999771118164,751500,0.0,0.0
2024-11-29 00:00:00-05:00,4.260000228881836,4.538000106811523,4.260000228881836,4.440000057220459,664412,0.0,0.0
