Date,Open,High,Low,Close,Volume,Dividends,Stock Splits
2022-01-03 00:00:00-05:00,209.7835972682689,210.75144919886688,202.28046276675624,207.19345092773438,215500,0.0,0.0
2022-01-04 00:00:00-05:00,208.53919894263225,210.3827208121447,204.03178853427255,204.981201171875,213900,0.0,0.0
2022-01-05 00:00:00-05:00,205.34072392160087,205.74630105547357,201.47854266716527,201.87489318847656,221000,0.0,0.0
2022-01-06 00:00:00-05:00,202.24357289411137,202.49243822320204,197.40432791907722,198.07720947265625,260600,0.0,0.0
2022-01-07 00:00:00-05:00,197.12783461689594,198.17864173606088,193.7357463654956,194.23350524902344,182500,0.0,0.0
2022-01-10 00:00:00-05:00,192.42684613058225,193.57904752928152,191.05343106490614,193.3578338623047,208400,0.0,0.0
2022-01-11 00:00:00-05:00,193.80026305767038,194.141310149423,190.5372350906077,193.73573303222656,145800,0.0,0.0
2022-01-12 00:00:00-05:00,194.00304183121327,195.6529878584529,191.6986392951509,191.80003356933594,203400,0.0,0.0
2022-01-13 00:00:00-05:00,192.46370583368724,194.2887887344886,192.19638725867142,193.75416564941406,193200,0.0,0.0
2022-01-14 00:00:00-05:00,192.58355739643653,193.10896802242752,188.5462529752236,191.274658203125,186700,0.0,0.0
2022-01-18 00:00:00-05:00,189.48645521118246,190.3252472075095,187.20970393909556,188.2236328125,192400,0.0,0.0
2022-01-19 00:00:00-05:00,189.08086925245826,191.01655922901696,186.79489147305705,187.0622100830078,196100,0.0,0.0
2022-01-20 00:00:00-05:00,187.48619002501187,189.8735618094437,185.19101403557676,185.40301513671875,155000,0.0,0.0
2022-01-21 00:00:00-05:00,186.19573481925985,188.3710914916277,184.22316670605016,184.30612182617188,215400,0.0,0.0
2022-01-24 00:00:00-05:00,183.06174826394314,184.04802526347157,177.55883372712208,183.5226287841797,273400,0.0,0.0
2022-01-25 00:00:00-05:00,181.71596293267177,182.66537563724154,178.17640406913264,180.8218536376953,226600,0.0,0.0
2022-01-26 00:00:00-05:00,182.68381840116442,185.83623939481484,177.98283158355272,179.68809509277344,220900,0.0,0.0
2022-01-27 00:00:00-05:00,180.49924793222522,182.1952848169416,175.85356456022856,175.92730712890625,227000,0.0,0.0
2022-01-28 00:00:00-05:00,176.9412713771702,182.96037038575912,173.63213825590427,182.8220977783203,247600,0.0,0.0
2022-01-31 00:00:00-05:00,182.33355274284332,185.21866935691438,181.27353315148537,184.26925659179688,206100,0.0,0.0
2022-02-01 00:00:00-05:00,183.72543544566025,183.72543544566025,180.49927148604417,181.3472900390625,209100,0.0,0.0
2022-02-02 00:00:00-05:00,181.05229141947882,185.8270206469904,181.05229141947882,185.61500549316406,262600,0.0,0.0
2022-02-03 00:00:00-05:00,184.32455255145567,185.42145041717734,183.53183751055272,183.8175811767578,134000,0.0,0.0
2022-02-04 00:00:00-05:00,181.90033852500173,183.91899765571486,179.3009794449439,181.18136596679688,167300,0.0,0.0
2022-02-07 00:00:00-05:00,180.8771528041814,182.46258281179584,179.84478500943945,181.4486541748047,223300,0.0,0.0
2022-02-08 00:00:00-05:00,181.18136649996026,183.36593588978366,180.416303069884,182.69305419921875,347500,0.0,0.0
2022-02-09 00:00:00-05:00,185.07121078545734,188.75825554909227,183.71622070962476,186.71194458007812,432000,0.0,0.0
2022-02-10 00:00:00-05:00,182.72068595110153,185.44910480210663,178.81242816595875,180.3333282470703,272200,0.0,0.0
2022-02-11 00:00:00-05:00,181.85421968653716,181.85421968653716,176.13009181003898,177.9644012451172,213800,0.0,0.0
2022-02-14 00:00:00-05:00,178.8216307789889,179.7065275116307,175.97339271588217,176.8214111328125,193900,0.0,0.0
2022-02-15 00:00:00-05:00,178.71103210105852,178.71103210105852,176.21305353370326,177.20855712890625,120800,0.0,0.0
2022-02-16 00:00:00-05:00,177.77084175920265,177.77084175920265,174.28658601556612,175.95497131347656,158200,0.0,0.0
2022-02-17 00:00:00-05:00,175.10694689434584,176.15775392335058,173.29107650997557,174.0284881591797,211000,0.0,0.0
2022-02-18 00:00:00-05:00,173.5952464848404,175.76137634179958,172.4061669481442,172.5905303955078,213600,0.0,0.0
2022-02-22 00:00:00-05:00,172.83019988843822,174.72902543415262,170.67328236942032,173.30029296875,231200,0.0,0.0
2022-02-23 00:00:00-05:00,174.55389048826046,174.7105881834097,170.10178280269875,170.3506622314453,191800,0.0,0.0
2022-02-24 00:00:00-05:00,167.01390566301873,172.22185055462072,166.8203296321902,171.456787109375,214500,0.0,0.0
2022-02-25 00:00:00-05:00,172.24948458309208,178.5912051693769,170.86684299468402,178.4990234375,318700,0.0,0.0
2022-02-28 00:00:00-05:00,176.13011434895077,178.12112171945438,173.9639701173901,175.83514404296875,358300,0.0,0.0
2022-03-01 00:00:00-05:00,175.92732365687243,176.82143304677328,170.92215358294587,173.3463897705078,316500,0.0,0.0
2022-03-02 00:00:00-05:00,174.53546550387617,176.95047502410935,173.60447781481082,176.52645874023438,207200,0.0,0.0
2022-03-03 00:00:00-05:00,178.27779416239954,178.84006892167818,175.4756329124037,178.39761352539062,149300,0.0,0.0
2022-03-04 00:00:00-05:00,176.8951799880116,179.54984245053865,176.70160396414974,179.16270446777344,175400,0.0,0.0
2022-03-07 00:00:00-05:00,179.77107069659831,180.9048329397195,174.48015678710186,174.66452026367188,187500,0.0,0.0
2022-03-08 00:00:00-05:00,175.73374805889034,177.14404141645193,172.26793138686946,174.01927185058594,174400,0.0,0.0
2022-03-09 00:00:00-05:00,177.50354553126024,177.50354553126024,175.3466138222865,175.60470581054688,140400,0.0,0.0
2022-03-10 00:00:00-05:00,173.171218505802,176.14851638639578,173.171218505802,175.85354614257812,189500,0.0,0.0
2022-03-11 00:00:00-05:00,176.48036591027258,177.5311728797057,172.00981946819152,172.39695739746094,187700,0.0,0.0
2022-03-14 00:00:00-04:00,173.19890905650527,176.36976956399158,172.93160451992512,175.13461303710938,295600,0.0,0.0
2022-03-15 00:00:00-04:00,176.80298172767814,177.44821163865652,173.881000936924,175.5678253173828,224400,0.0,0.0
2022-03-16 00:00:00-04:00,177.1071724834823,177.82614499717369,172.6458522536645,176.6923828125,234900,0.0,0.0
2022-03-17 00:00:00-04:00,175.1991419805272,180.04760038484548,175.1991419805272,179.69732666015625,232100,0.0,0.0
2022-03-18 00:00:00-04:00,178.16718641658838,181.33804666564566,178.16718641658838,180.9416961669922,469700,0.0,0.0
2022-03-21 00:00:00-04:00,180.48082963851778,182.130775850435,178.48982224891787,180.37020874023438,261200,0.0,0.0
2022-03-22 00:00:00-04:00,181.70674063484475,181.70674063484475,178.77553349909076,180.76654052734375,303200,0.0,0.0
2022-03-23 00:00:00-04:00,180.16741453860297,180.16741453860297,177.32838891896498,177.54039001464844,251500,0.0,0.0
2022-03-24 00:00:00-04:00,177.71555535064886,178.4529670953322,175.54941098782132,178.34234619140625,256000,0.0,0.0
2022-03-25 00:00:00-04:00,178.97836363374827,180.79423425311734,177.0518861754196,180.7573699951172,195400,0.0,0.0
2022-03-28 00:00:00-04:00,180.89561563322977,183.11706325685074,180.72047877407053,183.08018493652344,204300,0.0,0.0
2022-03-29 00:00:00-04:00,185.91921003239887,191.21933632818963,184.3337798239396,190.62940979003906,297300,0.0,0.0
2022-03-30 00:00:00-04:00,190.036322953976,191.41708198876887,188.85014675833787,190.75914001464844,245000,1.1,0.0
2022-03-31 00:00:00-04:00,191.47267401566543,192.68663559453236,188.36827114989248,188.37753295898438,277500,0.0,0.0
2022-04-01 00:00:00-04:00,188.6648149370441,193.62261212545133,187.7937240689351,193.5206756591797,182600,0.0,0.0
2022-04-04 00:00:00-04:00,193.5392212719103,193.9562289635182,189.4525147857832,191.1205596923828,267800,0.0,0.0
2022-04-05 00:00:00-04:00,190.11045563742235,193.25193430059912,190.11045563742235,190.48114013671875,251500,0.0,0.0
2022-04-06 00:00:00-04:00,189.2022900063605,193.57626780818663,187.60838212229672,193.22412109375,228300,0.0,0.0
2022-04-07 00:00:00-04:00,192.09357165810496,193.5577436142239,191.4819669798621,192.56619262695312,187100,0.0,0.0
2022-04-08 00:00:00-04:00,192.53839092788246,192.56619049748755,189.9899933528536,190.65721130371094,185300,0.0,0.0
2022-04-11 00:00:00-04:00,189.8509609855522,191.00006158649623,184.7449045737797,188.3033905029297,356400,0.0,0.0
2022-04-12 00:00:00-04:00,189.24862062196746,190.2587092626284,185.7920711060377,187.92344665527344,275400,0.0,0.0
2022-04-13 00:00:00-04:00,188.21075465591255,188.92429581290338,186.32957498717678,188.0068817138672,253200,0.0,0.0
2022-04-14 00:00:00-04:00,188.07173306289215,188.38680426990692,183.7162928818724,184.55030822753906,274500,0.0,0.0
2022-04-18 00:00:00-04:00,183.79043238759206,186.67243890009686,183.62362083199062,185.62527465820312,434700,0.0,0.0
2022-04-19 00:00:00-04:00,187.0894447548012,193.6504116944193,187.0894447548012,193.5206756591797,195000,0.0,0.0
2022-04-20 00:00:00-04:00,195.30919896164178,201.29562318567216,195.30919896164178,199.8221893310547,453600,0.0,0.0
2022-04-21 00:00:00-04:00,201.51801488856273,201.51801488856273,197.31083434361966,197.69078063964844,297500,0.0,0.0
2022-04-22 00:00:00-04:00,198.58965868592972,198.58965868592972,193.7986733515536,193.97474670410156,222500,0.0,0.0
2022-04-25 00:00:00-04:00,193.19634501615468,193.6040909160969,186.91338736929245,190.83328247070312,291600,0.0,0.0
2022-04-26 00:00:00-04:00,189.58224274374533,191.27808714814128,187.2562559238146,188.0995330810547,262300,0.0,0.0
2022-04-27 00:00:00-04:00,186.33881137847627,192.87197816242593,184.76344133770695,187.46009826660156,352800,0.0,0.0
2022-04-28 00:00:00-04:00,188.35899532534503,190.67572021484375,186.45001627882473,190.67572021484375,268500,0.0,0.0
2022-04-29 00:00:00-04:00,188.84087512855234,189.46175569247455,173.26321947593988,173.75436401367188,697100,0.0,0.0
2022-05-02 00:00:00-04:00,174.3567229489557,174.76446882332093,160.80851927712888,165.2195587158203,675000,0.0,0.0
2022-05-03 00:00:00-04:00,165.37709045410156,167.02659739155197,163.36616087086765,165.37709045410156,434700,0.0,0.0
2022-05-04 00:00:00-04:00,165.15470585358992,166.01652083374157,161.1791975240363,165.94239807128906,350400,0.0,0.0
2022-05-05 00:00:00-04:00,163.6348985822403,165.39560367530945,155.83217159078717,156.70326232910156,517200,0.0,0.0
2022-05-06 00:00:00-04:00,154.69234865281703,156.8793375299233,152.848244677149,156.09165954589844,490800,0.0,0.0
2022-05-09 00:00:00-04:00,155.7951208351091,155.7951208351091,150.68906394166862,151.21726989746094,373300,0.0,0.0
2022-05-10 00:00:00-04:00,155.48932156186848,161.67961861970903,152.0791088709716,154.05296325683594,641200,0.0,0.0
2022-05-11 00:00:00-04:00,154.3494848330801,159.83548796098026,153.03358672397067,154.51629638671875,519300,0.0,0.0
2022-05-12 00:00:00-04:00,155.26694409432204,156.09169779745292,149.5955905186979,152.8575439453125,396400,0.0,0.0
2022-05-13 00:00:00-04:00,154.3772817702403,155.75805494338354,152.2829674869663,155.52638244628906,354900,0.0,0.0
2022-05-16 00:00:00-04:00,154.31243366600057,156.28627389019724,153.56181697537397,153.8212890625,214700,0.0,0.0
2022-05-17 00:00:00-04:00,154.41434150866996,156.59205427471744,152.01420393751417,154.06219482421875,271200,0.0,0.0
2022-05-18 00:00:00-04:00,153.47840031164674,154.47922725435157,144.1466389367019,144.6007080078125,324100,0.0,0.0
2022-05-19 00:00:00-04:00,143.47941732844208,146.2316878158908,142.37665394348326,143.9149627685547,296600,0.0,0.0
2022-05-20 00:00:00-04:00,145.8239335988619,145.8239335988619,142.0337750319909,144.4246368408203,243600,0.0,0.0
2022-05-23 00:00:00-04:00,145.82393506839,145.82393506839,142.4600459334381,144.8601837158203,391200,0.0,0.0
2022-05-24 00:00:00-04:00,143.74815097900876,145.3605966997986,140.13406556709572,144.33197021484375,340300,0.0,0.0
2022-05-25 00:00:00-04:00,144.31342045621722,145.6849317489002,142.47857833351028,145.42544555664062,310700,0.0,0.0
2022-05-26 00:00:00-04:00,146.42627843197815,147.61244047340398,145.55520172981142,146.53749084472656,181900,0.0,0.0
2022-05-27 00:00:00-04:00,147.51977542845697,152.5702328287977,146.78768244933704,152.3200225830078,305500,0.0,0.0
2022-05-31 00:00:00-04:00,149.89209174428214,151.43040037622492,148.96540184168998,149.70675659179688,324100,0.0,0.0
2022-06-01 00:00:00-04:00,150.35545739710057,151.56015726437127,146.67649684606286,150.6241912841797,376400,0.0,0.0
2022-06-02 00:00:00-04:00,150.62419841178362,154.56263122642736,149.49364953041726,154.469970703125,282900,0.0,0.0
2022-06-03 00:00:00-04:00,152.4404994470189,155.1649702102008,151.8103570572535,153.18185424804688,334900,0.0,0.0
2022-06-06 00:00:00-04:00,153.21892487744685,155.87853485648415,151.03193585944044,151.430419921875,348200,0.0,0.0
2022-06-07 00:00:00-04:00,149.93843551437956,156.17505486773564,149.93843551437956,155.84144592285156,370600,0.0,0.0
2022-06-08 00:00:00-04:00,154.82210533296063,155.35031128091188,150.77246041122072,150.96707153320312,308800,0.0,0.0
2022-06-09 00:00:00-04:00,149.3824457456264,152.70925991017089,148.02948607778401,148.1221466064453,294200,0.0,0.0
2022-06-10 00:00:00-04:00,146.6116384631598,146.99157063565758,144.76752018035654,145.2216033935547,232600,0.0,0.0
2022-06-13 00:00:00-04:00,142.7658682517729,144.73044665233843,141.0885615071201,141.92257690429688,587600,0.0,0.0
2022-06-14 00:00:00-04:00,141.9040484791523,143.77595215435176,140.12480532263046,141.023681640625,348200,0.0,0.0
2022-06-15 00:00:00-04:00,142.8400163015969,146.67651288034088,141.1256339022807,143.73890686035156,327200,0.0,0.0
2022-06-16 00:00:00-04:00,140.08771789641037,142.17277028170355,138.62354608014007,139.18882751464844,278300,0.0,0.0
2022-06-17 00:00:00-04:00,139.83751299222314,141.78356761556236,137.4559270851623,137.5949249267578,694800,0.0,0.0
2022-06-21 00:00:00-04:00,138.82742332149562,141.48701903311414,138.07680670185187,140.28233337402344,364200,0.0,0.0
2022-06-22 00:00:00-04:00,139.2351783375437,142.5434685635266,139.2351783375437,141.25535583496094,481700,0.0,0.0
2022-06-23 00:00:00-04:00,141.79283681089768,146.21315222605915,141.79283681089768,146.03707885742188,632300,0.0,0.0
2022-06-24 00:00:00-04:00,147.37151877296697,151.84743344933307,146.44482871508995,151.51382446289062,4915000,0.0,0.0
2022-06-27 00:00:00-04:00,151.70844926793117,151.82890937099612,148.42795824893085,149.18785095214844,323200,0.0,0.0
2022-06-28 00:00:00-04:00,149.77163973731555,151.50455972739925,146.12047871735282,146.46336364746094,359000,0.0,0.0
2022-06-29 00:00:00-04:00,145.67014806326424,146.6779750827196,144.78361114174496,145.94076538085938,274700,1.1,0.0
2022-06-30 00:00:00-04:00,144.49432118911017,146.3980260256514,142.54396850715693,144.01840209960938,313700,0.0,0.0
2022-07-01 00:00:00-04:00,144.41037948938103,146.7153475903243,143.98110812190302,146.5380401611328,336000,0.0,0.0
2022-07-05 00:00:00-04:00,144.9702732261784,146.0994189291218,142.9452495559926,146.0341033935547,268500,0.0,0.0
2022-07-06 00:00:00-04:00,146.75262781760273,148.9736120664371,145.49283695588605,147.40586853027344,299400,0.0,0.0
2022-07-07 00:00:00-04:00,147.3032225205735,148.07775335374532,146.05274409945508,146.510009765625,188400,0.0,0.0
2022-07-08 00:00:00-04:00,145.18489164835765,146.27671614628738,144.6623104431198,145.44618225097656,156500,0.0,0.0
2022-07-11 00:00:00-04:00,144.3916894084327,145.62350025854786,143.17854624251444,144.8862762451172,118800,0.0,0.0
2022-07-12 00:00:00-04:00,143.8504182771299,146.42601720644763,143.32783711444768,144.6436309814453,253500,0.0,0.0
2022-07-13 00:00:00-04:00,143.4025378517482,145.3435643687239,142.1147379896987,144.5596923828125,142300,0.0,0.0
2022-07-14 00:00:00-04:00,141.87205575532047,143.53312322942742,141.42413112750674,141.8253936767578,126500,0.0,0.0
2022-07-15 00:00:00-04:00,144.5502956341377,145.95007259988833,143.28116394895315,144.7649383544922,225700,0.0,0.0
2022-07-18 00:00:00-04:00,145.58617062643074,146.20207607575574,142.69330598985798,143.37452697753906,181600,0.0,0.0
2022-07-19 00:00:00-04:00,145.2222250404227,148.65635276946085,144.568998478703,148.5350341796875,145500,0.0,0.0
2022-07-20 00:00:00-04:00,148.6096899634889,151.05462975671398,147.99378453428426,148.58169555664062,188600,0.0,0.0
2022-07-21 00:00:00-04:00,148.98295993060418,151.5865537116578,148.44172523245464,150.9519805908203,219600,0.0,0.0
2022-07-22 00:00:00-04:00,152.13711470173797,154.10613517208935,151.50255588135963,152.66903686523438,167100,0.0,0.0
2022-07-25 00:00:00-04:00,152.66900703953908,155.10461942761467,151.866467709848,153.85414123535156,210200,0.0,0.0
2022-07-26 00:00:00-04:00,153.85417776356596,155.44060335977534,153.4995772122573,154.8060302734375,193500,0.0,0.0
2022-07-27 00:00:00-04:00,151.8664963018486,156.74704871677622,149.72016845888504,153.15428161621094,375500,0.0,0.0
2022-07-28 00:00:00-04:00,154.51674706494174,157.2603127648177,153.94750374463231,157.1763153076172,246300,0.0,0.0
2022-07-29 00:00:00-04:00,157.24163403796302,159.82655984267456,156.33644367023496,159.14532470703125,199900,0.0,0.0
2022-08-01 00:00:00-04:00,158.96805366307373,159.09869897971026,156.87771435761752,157.7175750732422,180800,0.0,0.0
2022-08-02 00:00:00-04:00,156.81236880905732,158.81872468902634,156.77504768203093,158.55743408203125,339900,0.0,0.0
2022-08-03 00:00:00-04:00,159.21064666322494,161.80489906221342,158.90269399495048,158.94935607910156,293900,0.0,0.0
2022-08-04 00:00:00-04:00,158.57607915809595,159.38795958059706,157.02700328101588,158.49209594726562,191400,0.0,0.0
2022-08-05 00:00:00-04:00,156.92435213733938,158.81871605470013,156.2617846946635,158.66940307617188,111200,0.0,0.0
2022-08-08 00:00:00-04:00,161.6555826001645,161.97287622198343,159.30396739380114,160.23715209960938,232300,0.0,0.0
2022-08-09 00:00:00-04:00,160.78774842547963,161.6089413899511,159.46262768079552,161.3196563720703,192500,0.0,0.0
2022-08-10 00:00:00-04:00,163.06472039745387,163.5966283398609,161.5996133967808,162.77542114257812,141600,0.0,0.0
2022-08-11 00:00:00-04:00,163.4846615263623,164.34318990788452,161.58095639576283,161.95423889160156,183900,0.0,0.0
2022-08-12 00:00:00-04:00,163.27935378409887,165.76162889401732,163.27935378409887,165.49099731445312,137800,0.0,0.0
2022-08-15 00:00:00-04:00,165.7709577871441,167.59066541438332,164.95909151636144,167.42269897460938,138100,0.0,0.0
2022-08-16 00:00:00-04:00,166.52682611089128,168.20656161285424,166.14421692225272,166.61080932617188,191600,0.0,0.0
2022-08-17 00:00:00-04:00,165.66829671641227,166.61080824004756,163.90457801066626,166.04156494140625,244400,0.0,0.0
2022-08-18 00:00:00-04:00,166.39618668688274,167.18005853573976,164.72579208710857,164.9217529296875,199000,0.0,0.0
2022-08-19 00:00:00-04:00,164.6977875740248,164.6977875740248,162.4674765109226,162.79408264160156,185400,0.0,0.0
2022-08-22 00:00:00-04:00,161.8142322818481,161.8142322818481,158.65073650341478,159.2386474609375,200600,0.0,0.0
2022-08-23 00:00:00-04:00,158.42679771742294,159.72392410364697,155.97251697830913,156.98968505859375,167700,0.0,0.0
2022-08-24 00:00:00-04:00,157.81086706508302,159.63991536413334,157.63355969168947,157.98817443847656,103200,0.0,0.0
2022-08-25 00:00:00-04:00,158.47345425512404,160.6664300563836,157.86687557363234,160.5731201171875,94900,0.0,0.0
2022-08-26 00:00:00-04:00,159.91988100749313,160.5357864175205,156.7190638504849,157.1763153076172,148900,0.0,0.0
2022-08-29 00:00:00-04:00,156.42044013177622,158.24948870459116,155.4779285586223,156.77505493164062,143300,0.0,0.0
2022-08-30 00:00:00-04:00,157.38161134921705,157.38161134921705,153.68620750288275,153.93817138671875,135800,0.0,0.0
2022-08-31 00:00:00-04:00,155.16995994784864,156.0378291745618,153.52755990491474,154.00347900390625,322300,0.0,0.0
2022-09-01 00:00:00-04:00,153.35960362771013,154.4514282561206,151.5772170445541,154.3301239013672,220400,0.0,0.0
2022-09-02 00:00:00-04:00,155.86052463888603,156.30844934254378,151.92248376108455,152.76234436035156,284000,0.0,0.0
2022-09-06 00:00:00-04:00,153.15427522597122,154.92733477847017,151.56786401319675,152.864990234375,342100,0.0,0.0
2022-09-07 00:00:00-04:00,153.22895425225494,156.68173545598657,153.04232012434778,156.05650329589844,236700,0.0,0.0
2022-09-08 00:00:00-04:00,154.78734489088632,157.93218707879146,154.582043113423,157.4095916748047,142800,0.0,0.0
2022-09-09 00:00:00-04:00,157.76420459162935,160.05984524055822,157.2976122372288,159.39727783203125,116200,0.0,0.0
2022-09-12 00:00:00-04:00,160.02252530905926,161.41297578538962,159.81722351418443,161.2449951171875,176500,0.0,0.0
2022-09-13 00:00:00-04:00,157.6988936407439,158.19348041161328,154.2274452841674,154.6287078857422,203000,0.0,0.0
2022-09-14 00:00:00-04:00,153.6488904954128,154.27413691876302,151.31592820887892,152.2117919921875,308200,0.0,0.0
2022-09-15 00:00:00-04:00,151.52121924380953,152.7436891166532,148.4697150425079,148.5443572998047,287000,0.0,0.0
2022-09-16 00:00:00-04:00,147.97510859505164,147.97510859505164,144.8209396697558,146.00608825683594,886500,0.0,0.0
2022-09-19 00:00:00-04:00,144.34500885748884,146.61265518182333,143.18786889214616,146.4820098876953,358400,0.0,0.0
2022-09-20 00:00:00-04:00,144.67165170650804,145.4368701477147,142.75861984276278,144.21438598632812,374000,0.0,0.0
2022-09-21 00:00:00-04:00,146.46336610094295,147.11659267815497,142.93592834472656,142.93592834472656,324500,0.0,0.0
2022-09-22 00:00:00-04:00,142.92658707818273,143.68246448627468,141.26551927689505,141.8347625732422,265900,0.0,0.0
2022-09-23 00:00:00-04:00,140.1270298891024,143.22519595222326,139.8377448857778,141.31216430664062,329000,0.0,0.0
2022-09-26 00:00:00-04:00,141.0788715725208,141.0788715725208,135.6290757446814,137.12217712402344,360100,0.0,0.0
2022-09-27 00:00:00-04:00,137.70072868365875,139.31513418815294,132.53089183746238,133.03480529785156,231100,0.0,0.0
2022-09-28 00:00:00-04:00,134.2946255299681,136.2729727132294,132.3069373857448,135.5450897216797,194000,0.0,0.0
2022-09-29 00:00:00-04:00,134.5944043926622,134.5944043926622,130.9139750349621,132.60829162597656,280800,1.25,0.0
2022-09-30 00:00:00-04:00,134.41556950181212,136.65581917887664,133.72843512258183,135.86514282226562,427300,0.0,0.0
2022-10-03 00:00:00-04:00,137.84182652726247,139.28199193839833,136.2792894266594,138.54779052734375,385300,0.0,0.0
2022-10-04 00:00:00-04:00,140.0350330377184,142.81182209629566,139.95972848214208,141.19281005859375,412100,0.0,0.0
2022-10-05 00:00:00-04:00,139.37610300007844,139.37610300007844,134.1707827593866,135.59213256835938,490000,0.0,0.0
2022-10-06 00:00:00-04:00,135.592155080182,136.00632292472818,132.8059441750642,133.7754669189453,228100,0.0,0.0
2022-10-07 00:00:00-04:00,133.30482819666912,133.31425024251672,129.39849969460766,130.04798889160156,162200,0.0,0.0
2022-10-10 00:00:00-04:00,130.9327975535519,132.099982191955,129.4549726641227,130.53744506835938,368300,0.0,0.0
2022-10-11 00:00:00-04:00,130.03856920766248,135.25329824427516,130.03856920766248,134.9615020751953,602300,0.0,0.0
2022-10-12 00:00:00-04:00,135.498053403874,136.41110154552774,133.71902427111235,133.73785400390625,433100,0.0,0.0
2022-10-13 00:00:00-04:00,130.61274395243709,137.2958753733852,129.9350173827628,136.61814880371094,297700,0.0,0.0
2022-10-14 00:00:00-04:00,138.50074582353201,139.48909845632176,133.29543823543287,133.37074279785156,412900,0.0,0.0
2022-10-17 00:00:00-04:00,135.00855950934,139.92207050028856,134.6226434068904,137.99244689941406,431000,0.0,0.0
2022-10-18 00:00:00-04:00,139.912650872597,140.84452851990451,136.9664231936633,137.64414978027344,290800,0.0,0.0
2022-10-19 00:00:00-04:00,136.68405548002917,137.00408906010344,133.03186363274045,133.84136962890625,267700,0.0,0.0
2022-10-20 00:00:00-04:00,134.16138640935722,136.5804964118297,132.93771270379372,133.42718505859375,130200,0.0,0.0
2022-10-21 00:00:00-04:00,132.98478650099747,135.0838487057487,130.73511520062877,135.04620361328125,581400,0.0,0.0
2022-10-24 00:00:00-04:00,135.95925028013684,136.8064013003146,134.77322161643949,135.77099609375,396900,0.0,0.0
2022-10-25 00:00:00-04:00,136.0910246046731,142.7364962417411,136.0910246046731,142.5011749267578,345700,0.0,0.0
2022-10-26 00:00:00-04:00,137.78535476076132,145.04265679932078,137.78535476076132,142.99066162109375,761600,0.0,0.0
2022-10-27 00:00:00-04:00,144.15784556575875,145.26856974713309,142.6329678953186,144.12960815429688,304400,0.0,0.0
2022-10-28 00:00:00-04:00,144.40257213436928,146.9252096837201,143.48010225778017,146.91580200195312,163600,0.0,0.0
2022-10-31 00:00:00-04:00,145.6356872501617,147.50885048272355,145.6356872501617,147.49002075195312,234900,0.0,0.0
2022-11-01 00:00:00-04:00,148.9866399620283,148.9866399620283,146.23808853897043,146.75579833984375,255300,0.0,0.0
2022-11-02 00:00:00-04:00,145.69214310029986,147.29232529830168,142.09644058687513,142.37881469726562,288300,0.0,0.0
2022-11-03 00:00:00-04:00,140.63743349219382,143.36715498839925,138.67015075499674,142.7553253173828,221400,0.0,0.0
2022-11-04 00:00:00-04:00,143.94133034206743,145.79566332584255,141.38103346181566,145.08029174804688,229200,0.0,0.0
2022-11-07 00:00:00-05:00,146.45458491030436,147.29232830158463,143.950762419377,144.7979278564453,179600,0.0,0.0
2022-11-08 00:00:00-05:00,144.82615717748826,146.25691485850095,143.27304217393828,144.3555145263672,207100,0.0,0.0
2022-11-09 00:00:00-05:00,144.35551936115704,146.2004449350068,141.51283363157322,141.72933959960938,188400,0.0,0.0
2022-11-10 00:00:00-05:00,146.70872348041814,154.01309204101562,145.73920079656543,154.01309204101562,261400,0.0,0.0
2022-11-11 00:00:00-05:00,154.6343328276556,154.6343328276556,150.45502420590182,151.17041015625,218100,0.0,0.0
2022-11-14 00:00:00-05:00,150.80330512637178,150.80330512637178,147.58409716890606,147.86648559570312,168200,0.0,0.0
2022-11-15 00:00:00-05:00,149.73026687673226,150.1067752699682,146.8028688762681,147.78179931640625,304300,0.0,0.0
2022-11-16 00:00:00-05:00,147.27350922592524,148.7324899988541,146.97229102578876,148.07359313964844,154200,0.0,0.0
2022-11-17 00:00:00-05:00,146.00276669119887,146.87815514540762,144.3931624728847,145.85215759277344,209300,0.0,0.0
2022-11-18 00:00:00-05:00,148.76071727068313,148.76071727068313,145.6262499710351,147.01934814453125,186100,0.0,0.0
2022-11-21 00:00:00-05:00,146.38871316885988,148.10184517192377,146.38871316885988,146.52049255371094,161300,0.0,0.0
2022-11-22 00:00:00-05:00,146.84050943407604,147.73472761254206,144.6661426501313,147.69708251953125,173900,0.0,0.0
2022-11-23 00:00:00-05:00,147.593552160407,148.01712771372178,145.90864326754624,146.9064178466797,120400,0.0,0.0
2022-11-25 00:00:00-05:00,147.74415451419233,148.07359576820613,147.038190503324,147.54647827148438,67300,0.0,0.0
2022-11-28 00:00:00-05:00,146.84051295686416,147.19820598198146,141.4751893944767,141.90817260742188,171500,0.0,0.0
2022-11-29 00:00:00-05:00,142.21879705204054,143.81897924034675,141.45635823285707,143.08477783203125,219600,0.0,0.0
2022-11-30 00:00:00-05:00,142.5953322914805,146.12515258789062,141.76699653246942,146.12515258789062,544100,0.0,0.0
2022-12-01 00:00:00-05:00,147.96064395531275,148.68543768412596,144.93911171338974,145.79568481445312,214800,0.0,0.0
2022-12-02 00:00:00-05:00,144.94853948446584,148.70425892338497,143.90371214789906,148.337158203125,368500,0.0,0.0
2022-12-05 00:00:00-05:00,146.74637533952648,146.8311019339357,143.85663688179412,144.28021240234375,472300,0.0,0.0
2022-12-06 00:00:00-05:00,144.7414487213117,145.5132952205807,142.3882354043496,142.88711547851562,221000,0.0,0.0
2022-12-07 00:00:00-05:00,142.9341680500225,145.2308919484882,142.64235756364525,144.675537109375,250100,0.0,0.0
2022-12-08 00:00:00-05:00,145.75805277824975,147.49942218449098,144.9391246975208,145.419189453125,363000,0.0,0.0
2022-12-09 00:00:00-05:00,144.8920489333156,146.74638224618738,144.44023598098954,145.44741821289062,187800,0.0,0.0
2022-12-12 00:00:00-05:00,145.04264358247903,146.10630053205048,143.49893631658583,145.4097442626953,277600,0.0,0.0
2022-12-13 00:00:00-05:00,150.2103066463821,150.66211955899834,145.33444142922127,147.6311798095703,230500,0.0,0.0
2022-12-14 00:00:00-05:00,147.93239383774954,150.36091151451336,145.52270588765393,146.8593292236328,336300,0.0,0.0
2022-12-15 00:00:00-05:00,144.82613917077467,145.92744111392457,142.6047055591665,142.84002685546875,296600,0.0,0.0
2022-12-16 00:00:00-05:00,141.19280050136615,142.04937360483095,136.89111961857813,138.74545288085938,698800,0.0,0.0
2022-12-19 00:00:00-05:00,138.42541522156563,138.79251591750256,136.2228110459441,137.97360229492188,179900,0.0,0.0
2022-12-20 00:00:00-05:00,137.53120314733656,139.17845251084648,135.92159887818485,137.09820556640625,147400,0.0,0.0
2022-12-21 00:00:00-05:00,138.19009781367842,140.9104118588959,137.89830165771858,139.9032440185547,202700,0.0,0.0
2022-12-22 00:00:00-05:00,138.93374056832943,139.1502322039688,136.21342614529036,139.08433532714844,129300,0.0,0.0
2022-12-23 00:00:00-05:00,138.72665946806848,140.31743423684114,137.63476485764886,140.12916564941406,78200,0.0,0.0
2022-12-27 00:00:00-05:00,139.90322520208198,140.23266640749037,138.6418921063084,139.5455322265625,107000,0.0,0.0
2022-12-28 00:00:00-05:00,140.05383374795647,140.43976416881947,136.4110642257772,136.87229919433594,135100,0.0,0.0
2022-12-29 00:00:00-05:00,138.7427060106014,142.06577078040368,137.8787056934738,141.7999267578125,134300,1.25,0.0
2022-12-30 00:00:00-05:00,140.66058103873814,141.14480832813223,138.7901691064586,140.57513427734375,163100,0.0,0.0
2023-01-03 00:00:00-05:00,142.75886442306017,143.14814120527907,138.21101925581743,139.33135986328125,206600,0.0,0.0
2023-01-04 00:00:00-05:00,141.20177831803142,145.08501360235172,140.00548014982365,144.3159637451172,168700,0.0,0.0
2023-01-05 00:00:00-05:00,142.5974682061655,142.5974682061655,137.97366527255645,138.495849609375,190100,0.0,0.0
2023-01-06 00:00:00-05:00,140.44221770905773,142.8538215318306,139.1224867780615,142.274658203125,140000,0.0,0.0
2023-01-09 00:00:00-05:00,142.59745955209237,144.31595645238806,141.86638124253562,141.9518280029297,139200,0.0,0.0
2023-01-10 00:00:00-05:00,141.1637849917379,142.9487501392644,140.26181316263714,142.8253173828125,197200,0.0,0.0
2023-01-11 00:00:00-05:00,144.36343998407114,148.74988111817467,144.36343998407114,148.25616455078125,228200,0.0,0.0
2023-01-12 00:00:00-05:00,148.7878637666215,151.9020491448391,147.92386341498937,151.58872985839844,144500,0.0,0.0
2023-01-13 00:00:00-05:00,149.9082054004093,153.52559661452426,149.9082054004093,152.83250427246094,259800,0.0,0.0
2023-01-17 00:00:00-05:00,153.19330602351206,153.56358983874208,151.02856764410367,151.18997192382812,162600,0.0,0.0
2023-01-18 00:00:00-05:00,151.5887323189568,154.64595323788456,151.37985279127253,153.71548461914062,310800,0.0,0.0
2023-01-19 00:00:00-05:00,153.4306642689992,156.9151335490721,152.98442295231555,155.9846649169922,439000,0.0,0.0
2023-01-20 00:00:00-05:00,156.0701092637035,157.21893207056993,154.1617114390055,156.63027954101562,264500,0.0,0.0
2023-01-23 00:00:00-05:00,157.02905288032494,159.93435864376494,155.8327547681475,159.72547912597656,243300,0.0,0.0
2023-01-24 00:00:00-05:00,159.48810266528994,160.37109590687132,158.39624441257013,158.49118041992188,159100,0.0,0.0
2023-01-25 00:00:00-05:00,157.46581466082242,157.62721893684704,154.91179952493357,155.90872192382812,193500,0.0,0.0
2023-01-26 00:00:00-05:00,156.5733354147048,158.8994780708417,156.5733354147048,158.54818725585938,195500,0.0,0.0
2023-01-27 00:00:00-05:00,158.18739556603924,160.58000652105727,157.4943031796836,160.2382049560547,283400,0.0,0.0
2023-01-30 00:00:00-05:00,159.070390187227,159.972376689023,157.56077249593,158.0544891357422,246600,0.0,0.0
2023-01-31 00:00:00-05:00,158.1873685268071,160.14322706934254,157.7790987748946,159.7444610595703,319200,0.0,0.0
2023-02-01 00:00:00-05:00,158.94693728734285,162.72573256522756,157.52276668394074,162.04212951660156,346700,0.0,0.0
2023-02-02 00:00:00-05:00,163.6277168151993,167.3780301249471,163.60873830331573,165.013916015625,254500,0.0,0.0
2023-02-03 00:00:00-05:00,163.22893216979674,163.64669118228966,159.9248605515348,162.2320098876953,315600,0.0,0.0
2023-02-06 00:00:00-05:00,160.0388162274266,163.17199485580568,159.50712811835174,162.94412231445312,226400,0.0,0.0
2023-02-07 00:00:00-05:00,161.47248468127165,164.1404288700988,160.02932094851238,163.0580596923828,303600,0.0,0.0
2023-02-08 00:00:00-05:00,162.1180781195479,164.15938341071515,161.05470209669744,161.6338653564453,334200,0.0,0.0
2023-02-09 00:00:00-05:00,163.24793796576594,163.98850555055134,158.88997921974106,159.4501495361328,234200,0.0,0.0
2023-02-10 00:00:00-05:00,158.6146203670263,159.1083368848701,157.09551379372462,158.8140106201172,221400,0.0,0.0
2023-02-13 00:00:00-05:00,159.10834072556506,160.59896508260888,159.00390096902726,160.57998657226562,131500,0.0,0.0
2023-02-14 00:00:00-05:00,159.9628414413159,161.71932435030595,158.60513905848728,160.6749267578125,198000,0.0,0.0
2023-02-15 00:00:00-05:00,159.9343545033015,160.8173478033498,159.2317729502138,160.36160278320312,107100,0.0,0.0
2023-02-16 00:00:00-05:00,158.5576695954092,159.35520170202366,157.20945641877617,158.00698852539062,169700,0.0,0.0
2023-02-17 00:00:00-05:00,157.60821017485995,157.9595009471091,155.6618408264229,157.6556854248047,285900,0.0,0.0
2023-02-21 00:00:00-05:00,156.877149562092,157.65570318413288,155.04472350458883,155.69984436035156,178900,0.0,0.0
2023-02-22 00:00:00-05:00,156.29798248915012,157.01006783931317,154.68392525959658,155.32005310058594,172400,0.0,0.0
2023-02-23 00:00:00-05:00,156.0226599696821,157.22846196903907,155.13966654104607,156.82968139648438,300700,0.0,0.0
2023-02-24 00:00:00-05:00,155.3485296953686,156.01315425456892,154.31363583448461,155.0731964111328,202900,0.0,0.0
2023-02-27 00:00:00-05:00,156.55432983979318,157.152486141507,154.3801023816381,155.06370544433594,110400,0.0,0.0
2023-02-28 00:00:00-05:00,154.88331333424816,157.712661695604,154.8453273364936,155.0162353515625,275700,0.0,0.0
2023-03-01 00:00:00-05:00,154.3421338765045,154.3421338765045,152.0539626569763,153.32623291015625,226100,0.0,0.0
2023-03-02 00:00:00-05:00,152.5666357615373,157.50375710269142,152.47168526967604,157.44679260253906,292300,0.0,0.0
2023-03-03 00:00:00-05:00,158.84250123682787,159.15582051537712,157.91204714403537,158.92794799804688,148600,0.0,0.0
2023-03-06 00:00:00-05:00,159.33622146161915,159.51660424366656,158.29182384232763,158.7285614013672,142300,0.0,0.0
2023-03-07 00:00:00-05:00,158.65261982496273,159.17480415194706,155.63337044461736,156.18405151367188,143300,0.0,0.0
2023-03-08 00:00:00-05:00,156.13656651682882,158.44373041195416,156.05111975819037,157.2284393310547,166100,0.0,0.0
2023-03-09 00:00:00-05:00,157.3328830744683,157.959507141109,153.4781157339473,153.97183227539062,242700,0.0,0.0
2023-03-10 00:00:00-05:00,153.63954078983957,153.7154838109496,147.1643044404992,148.24667358398438,259700,0.0,0.0
2023-03-13 00:00:00-04:00,147.25925906697194,153.05087800159805,147.25925906697194,151.61721801757812,248600,0.0,0.0
2023-03-14 00:00:00-04:00,153.99083581594053,156.69675150519993,153.07936017606113,156.35494995117188,676700,0.0,0.0
2023-03-15 00:00:00-04:00,154.06679958367408,156.06062999030178,150.71525216183892,152.8135223388672,320600,0.0,0.0
2023-03-16 00:00:00-04:00,151.7596377692842,154.9023056998285,150.15506967485777,153.55409240722656,239100,0.0,0.0
2023-03-17 00:00:00-04:00,153.1268395210007,153.18380403362457,150.4209092720545,150.54434204101562,348500,0.0,0.0
2023-03-20 00:00:00-04:00,152.31980276090124,155.29157704349544,150.78170297913348,153.81993103027344,263800,0.0,0.0
2023-03-21 00:00:00-04:00,154.91181624415293,155.68086619597165,150.81970092897856,152.92747497558594,279900,0.0,0.0
2023-03-22 00:00:00-04:00,151.7786241716561,151.7786241716561,145.4173310722199,145.5787353515625,254000,0.0,0.0
2023-03-23 00:00:00-04:00,146.11991098432742,148.3226353322299,144.7432155105953,145.56924438476562,230300,0.0,0.0
2023-03-24 00:00:00-04:00,145.14195628917616,150.18351747294042,145.02802728669016,150.10757446289062,168100,0.0,0.0
2023-03-27 00:00:00-04:00,151.18046893615121,152.03498008224133,150.2974900213469,150.61080932617188,124000,0.0,0.0
2023-03-28 00:00:00-04:00,149.5569179691987,151.32289023405372,149.17713041968418,150.8101806640625,165500,0.0,0.0
2023-03-29 00:00:00-04:00,152.33876916912118,153.89586167899355,150.1265559073212,153.54457092285156,192800,0.0,0.0
2023-03-30 00:00:00-04:00,155.03727802442452,156.7213165341665,154.3866317593877,155.47743225097656,256500,1.25,0.0
2023-03-31 00:00:00-04:00,156.55864273951443,158.78808862104768,156.02281301009728,158.18528747558594,333200,0.0,0.0
2023-04-03 00:00:00-04:00,158.3670929372863,160.47215939379984,156.55866009983907,158.08961486816406,194700,0.0,0.0
2023-04-04 00:00:00-04:00,158.61584277449296,158.88375760352926,156.4055381348119,157.3623809814453,166200,0.0,0.0
2023-04-05 00:00:00-04:00,156.97010939089185,157.77385406991536,155.7262104732031,155.99412536621094,145100,0.0,0.0
2023-04-06 00:00:00-04:00,156.91271284899625,157.65904933523706,155.56356050838104,157.50595092773438,118800,0.0,0.0
2023-04-10 00:00:00-04:00,156.55865552415378,158.23313086545323,154.82677193576666,158.21400451660156,164500,0.0,0.0
2023-04-11 00:00:00-04:00,158.9411807270798,159.13254639427998,156.62562257334892,157.49635314941406,217900,0.0,0.0
2023-04-12 00:00:00-04:00,158.7115404921266,158.74024461351834,155.31475959180614,155.55397033691406,174400,0.0,0.0
2023-04-13 00:00:00-04:00,155.75490662025484,156.35772239878185,152.90351849055645,155.19993591308594,259900,0.0,0.0
2023-04-14 00:00:00-04:00,155.25732486552144,156.51080133816998,151.81269915977444,152.1858673095703,156300,0.0,0.0
2023-04-17 00:00:00-04:00,151.9370738841772,154.87458852216997,151.9370738841772,154.74063110351562,262800,0.0,0.0
2023-04-18 00:00:00-04:00,154.6258118969531,156.49165255246263,154.3578970643806,156.05149841308594,268500,0.0,0.0
2023-04-19 00:00:00-04:00,155.97498023610092,160.07026731976114,154.49188518965357,160.0032958984375,259200,0.0,0.0
2023-04-20 00:00:00-04:00,159.60142697615402,160.38603070131757,158.16616237133297,159.70668029785156,172900,0.0,0.0
2023-04-21 00:00:00-04:00,161.0462284271614,163.2756741675376,159.62054183028613,161.37155151367188,208800,0.0,0.0
2023-04-24 00:00:00-04:00,161.79258432185236,161.95524588480302,158.25226803346098,159.084716796875,151900,0.0,0.0
2023-04-25 00:00:00-04:00,158.05131010480363,158.97944892629098,156.42468002393647,157.09446716308594,312100,0.0,0.0
2023-04-26 00:00:00-04:00,156.3864190578048,159.36220131095808,153.56373518558422,155.55397033691406,287200,0.0,0.0
2023-04-27 00:00:00-04:00,155.84100961473138,157.96520217292098,155.094673267288,157.6781463623047,269900,0.0,0.0
2023-04-28 00:00:00-04:00,157.87906218542946,160.16591589610488,157.7833720652121,159.37173461914062,361000,0.0,0.0
2023-05-01 00:00:00-04:00,158.83595046729164,159.8597795657811,155.39130955681,155.99412536621094,266000,0.0,0.0
2023-05-02 00:00:00-04:00,156.4246780354502,159.32391094397835,156.14720000999583,157.69728088378906,316400,0.0,0.0
2023-05-03 00:00:00-04:00,158.09915430016656,162.01265300641361,157.88864768612825,159.7927703857422,264400,0.0,0.0
2023-05-04 00:00:00-04:00,159.91717845828734,162.75900339310704,158.58716724571556,161.84999084472656,262000,0.0,0.0
2023-05-05 00:00:00-04:00,162.90249420490682,164.95970047957718,162.90249420490682,164.14639282226562,229000,0.0,0.0
2023-05-08 00:00:00-04:00,163.12258016468138,164.17511323776486,162.75898977601446,163.8784942626953,144800,0.0,0.0
2023-05-09 00:00:00-04:00,162.93123712594308,163.95506622107212,161.50553569262132,163.59146118164062,189900,0.0,0.0
2023-05-10 00:00:00-04:00,164.6439783029587,165.76348283566534,163.57230423896033,164.4334716796875,243600,0.0,0.0
2023-05-11 00:00:00-04:00,163.47662049544488,163.47662049544488,160.70176723718563,161.20889282226562,372700,0.0,0.0
2023-05-12 00:00:00-04:00,160.95056871200686,161.41941244150112,159.32392391908158,160.0894012451172,229400,0.0,0.0
2023-05-15 00:00:00-04:00,159.97458840627098,160.51998134083902,158.92205523392434,159.084716796875,173800,0.0,0.0
2023-05-16 00:00:00-04:00,158.74979080990363,158.74979080990363,154.57795566104795,154.97982788085938,182300,0.0,0.0
2023-05-17 00:00:00-04:00,155.61138697136545,156.27161099950973,154.08999545423322,156.08023071289062,154000,0.0,0.0
2023-05-18 00:00:00-04:00,155.05640039219273,156.60648127336242,154.29092312485372,155.77403259277344,155900,0.0,0.0
2023-05-19 00:00:00-04:00,156.93183269210851,157.40069107054245,154.77893570178193,155.73577880859375,160800,0.0,0.0
2023-05-22 00:00:00-04:00,156.35771798556894,158.34795317571064,155.47742417843682,155.83145141601562,300800,0.0,0.0
2023-05-23 00:00:00-04:00,154.95115561219495,157.23800976654425,153.81251012190637,154.07086181640625,171600,0.0,0.0
2023-05-24 00:00:00-04:00,153.02789318844,154.23352470635885,151.09508085065258,151.94667053222656,191100,0.0,0.0
2023-05-25 00:00:00-04:00,152.72169618419073,154.06127040699005,150.87498179104884,152.8939208984375,156000,0.0,0.0
2023-05-26 00:00:00-04:00,153.2575396281165,156.28116697410604,152.69300576928896,155.7261962890625,145000,0.0,0.0
2023-05-30 00:00:00-04:00,156.48210089100866,159.4004750187855,156.48210089100866,157.8312530517578,251600,0.0,0.0
2023-05-31 00:00:00-04:00,157.7834290160987,158.8359623173448,156.82658586960866,157.50595092773438,414100,0.0,0.0
2023-06-01 00:00:00-04:00,156.95093201852453,157.81208474616835,154.59710677615766,156.3194122314453,211200,0.0,0.0
2023-06-02 00:00:00-04:00,157.5441986584932,161.32374029782812,156.89355240783524,161.0079803466797,314300,0.0,0.0
2023-06-05 00:00:00-04:00,159.6205500856656,160.19464710327023,157.59203307605407,159.22824096679688,151400,0.0,0.0
2023-06-06 00:00:00-04:00,160.17551857222793,161.21848857888085,158.64457847301043,160.60610961914062,273100,0.0,0.0
2023-06-07 00:00:00-04:00,161.41940845999974,166.06010277190938,160.99839521105142,165.2467803955078,504600,0.0,0.0
2023-06-08 00:00:00-04:00,164.57701542471654,166.28019499771838,163.25656725678155,165.1606903076172,392800,0.0,0.0
2023-06-09 00:00:00-04:00,165.4190142033049,165.99311121430944,161.72559982480962,162.56761169433594,381600,0.0,0.0
2023-06-12 00:00:00-04:00,162.3666881140191,162.7494194670958,159.80234132755635,162.4432373046875,387000,0.0,0.0
2023-06-13 00:00:00-04:00,163.1895552171968,165.48597227661145,162.2040082241739,165.10324096679688,533600,0.0,0.0
2023-06-14 00:00:00-04:00,165.51469115514814,167.23701140343445,164.82576305583362,166.3854217529297,299800,0.0,0.0
2023-06-15 00:00:00-04:00,165.14153945366053,167.21788713217646,165.0267229590795,166.69163513183594,340000,0.0,0.0
2023-06-16 00:00:00-04:00,167.6675917168771,168.58616740409232,166.02182061913769,167.10305786132812,476200,0.0,0.0
2023-06-20 00:00:00-04:00,165.9739904074241,165.9739904074241,162.79726469282508,165.2467803955078,184500,0.0,0.0
2023-06-21 00:00:00-04:00,164.83533028390403,165.22762477625795,163.323516751589,165.17979431152344,201500,0.0,0.0
2023-06-22 00:00:00-04:00,165.1893599002295,165.1893599002295,160.88356679214866,162.1466064453125,289000,0.0,0.0
2023-06-23 00:00:00-04:00,161.4289922130639,162.8164116710202,157.22845194227355,157.8982391357422,738000,0.0,0.0
2023-06-26 00:00:00-04:00,158.25227785895933,161.97439689005932,158.25227785895933,161.77346801757812,240700,0.0,0.0
2023-06-27 00:00:00-04:00,162.37624205982235,165.4190101648414,161.83084918266977,164.92144775390625,252500,0.0,0.0
2023-06-28 00:00:00-04:00,164.57700622431923,165.79220099788736,163.03648831460418,164.12728881835938,375900,0.0,0.0
2023-06-29 00:00:00-04:00,163.86704464571025,167.12492023497325,163.86704464571025,165.98756408691406,333100,1.25,0.0
2023-06-30 00:00:00-04:00,167.38514595071268,167.90562765695296,164.6092042975828,167.3273162841797,460900,0.0,0.0
2023-07-03 00:00:00-04:00,166.93213478001613,169.74662476803198,166.5176643055183,168.397216796875,118700,0.0,0.0
2023-07-05 00:00:00-04:00,167.9056327724708,172.5803937255556,167.23092879662445,170.6912078857422,536500,0.0,0.0
2023-07-06 00:00:00-04:00,168.0695026872478,168.54180286420632,165.34175701042017,168.4936065673828,363400,0.0,0.0
2023-07-07 00:00:00-04:00,167.55863776783156,167.94419339694008,165.8333222883316,167.23092651367188,412200,0.0,0.0
2023-07-10 00:00:00-04:00,166.19959097808297,169.58277378939843,165.7369389049125,169.1104736328125,424500,0.0,0.0
2023-07-11 00:00:00-04:00,169.11047349399252,172.8310009505773,168.54179545582852,172.45509338378906,308200,0.0,0.0
2023-07-12 00:00:00-04:00,175.0189729875869,176.54188462433743,173.97799485458867,175.54910278320312,339200,0.0,0.0
2023-07-13 00:00:00-04:00,175.76116638146559,178.7298640193113,174.22860656003166,178.5081787109375,409500,0.0,0.0
2023-07-14 00:00:00-04:00,177.7756512440952,179.30819641164382,177.7756512440952,178.79734802246094,359600,0.0,0.0
2023-07-17 00:00:00-04:00,178.31540943063177,179.55879148998062,177.55396091028462,179.04794311523438,340800,0.0,0.0
2023-07-18 00:00:00-04:00,179.33708760702527,179.33708760702527,172.96592629295614,174.35389709472656,454800,0.0,0.0
2023-07-19 00:00:00-04:00,178.026245429091,178.026245429091,174.13222892572037,175.88645935058594,269400,0.0,0.0
2023-07-20 00:00:00-04:00,176.21419670373515,176.91781559429415,173.8527104567145,176.88890075683594,189000,0.0,0.0
2023-07-21 00:00:00-04:00,177.3322455895783,179.33709070370475,176.89850838339626,178.0840606689453,238900,0.0,0.0
2023-07-24 00:00:00-04:00,177.80456164775129,179.9443477446372,177.35154294298616,179.3178253173828,160200,0.0,0.0
2023-07-25 00:00:00-04:00,178.56599595750936,179.780477795933,178.19008841405523,178.62384033203125,254500,0.0,0.0
2023-07-26 00:00:00-04:00,182.02629592624754,182.02629592624754,177.0623718583455,177.97804260253906,347200,0.0,0.0
2023-07-27 00:00:00-04:00,178.31538449545252,179.55876638092997,171.606864099376,171.68397521972656,212700,0.0,0.0
2023-07-28 00:00:00-04:00,173.89125616653655,173.9105229179715,168.8502209594163,169.60205078125,289700,0.0,0.0
2023-07-31 00:00:00-04:00,169.62133175717466,170.98038792694393,169.32253530299383,170.77796936035156,287800,0.0,0.0
2023-08-01 00:00:00-04:00,170.88397013683607,170.88397013683607,168.7923805585085,169.35142517089844,162000,0.0,0.0
2023-08-02 00:00:00-04:00,167.4911673977605,168.7827456070245,166.8164634606407,167.36585998535156,228500,0.0,0.0
2023-08-03 00:00:00-04:00,166.46948877344136,167.5586485656827,164.8405510656636,167.5104522705078,355400,0.0,0.0
2023-08-04 00:00:00-04:00,167.87672484387247,170.64301861235487,166.99960228547027,168.1466064453125,268200,0.0,0.0
2023-08-07 00:00:00-04:00,168.31045673297947,170.2478388836493,167.0863561894333,170.0550537109375,151000,0.0,0.0
2023-08-08 00:00:00-04:00,168.7056347031226,169.02371256834314,167.19237120701092,168.32972717285156,138500,0.0,0.0
2023-08-09 00:00:00-04:00,167.98273659714087,171.76109340507907,167.68394018564356,170.34420776367188,409200,0.0,0.0
2023-08-10 00:00:00-04:00,171.52978380347528,172.44545454408131,169.12974959467337,170.0550537109375,240100,0.0,0.0
2023-08-11 00:00:00-04:00,169.74661814103206,172.5514746438379,169.36107722359432,172.3876190185547,300600,0.0,0.0
2023-08-14 00:00:00-04:00,171.8671297596167,172.85027825970457,170.67194404131754,171.288818359375,255800,0.0,0.0
2023-08-15 00:00:00-04:00,170.03578826435222,171.47194074294634,169.92976230152465,171.288818359375,295700,0.0,0.0
2023-08-16 00:00:00-04:00,171.31772298283016,172.4550789640588,170.23818195999146,171.06710815429688,163300,0.0,0.0
2023-08-17 00:00:00-04:00,171.1345926904992,171.63580766000265,167.58755440181548,167.7996063232422,214400,0.0,0.0
2023-08-18 00:00:00-04:00,166.9321349994387,169.98759175113764,165.46705298065405,169.843017578125,319700,0.0,0.0
2023-08-21 00:00:00-04:00,169.64061138890142,169.71772252260794,167.31768812361886,169.00445556640625,131800,0.0,0.0
2023-08-22 00:00:00-04:00,169.80445133679964,171.03819994717225,168.70564352107894,170.18035888671875,260400,0.0,0.0
2023-08-23 00:00:00-04:00,171.13459914464,172.8791961669922,170.3827840157528,172.8791961669922,328800,0.0,0.0
2023-08-24 00:00:00-04:00,173.12981265792547,175.09610987874694,169.75627763523823,171.25027465820312,212400,0.0,0.0
2023-08-25 00:00:00-04:00,171.94423126478597,172.28159059329587,170.36348999401616,171.3369903564453,471200,0.0,0.0
2023-08-28 00:00:00-04:00,172.38761181738678,175.02859787714394,172.38761181738678,173.00448608398438,215100,0.0,0.0
2023-08-29 00:00:00-04:00,172.97558725021554,174.37319153111315,172.24303887951092,174.23825073242188,241300,0.0,0.0
2023-08-30 00:00:00-04:00,174.45029806439493,174.96114641080044,173.50569779099598,173.79486083984375,214000,0.0,0.0
2023-08-31 00:00:00-04:00,173.70811281761647,174.34426857070258,172.4743642278125,173.13943481445312,326600,0.0,0.0
2023-09-01 00:00:00-04:00,174.0165619091842,174.13223596367345,172.52257965171202,172.85992431640625,185400,0.0,0.0
2023-09-05 00:00:00-04:00,171.16350416623482,172.10808971113815,167.35623244568214,168.34901428222656,286100,0.0,0.0
2023-09-06 00:00:00-04:00,168.320090941473,170.7201102449978,166.89355725970222,170.56590270996094,232400,0.0,0.0
2023-09-07 00:00:00-04:00,170.01649508266192,174.42137421670745,170.01649508266192,174.08401489257812,268900,0.0,0.0
2023-09-08 00:00:00-04:00,174.55631451876218,174.81654801185317,171.88639888813748,171.91531372070312,191400,0.0,0.0
2023-09-11 00:00:00-04:00,172.34907472809553,172.99486392368794,171.62617439919356,172.07919311523438,197600,0.0,0.0
2023-09-12 00:00:00-04:00,171.56831902401677,172.0984487939503,170.56590385605008,170.6237335205078,150000,0.0,0.0
2023-09-13 00:00:00-04:00,170.58518008168866,171.09602842269902,169.40926114758543,169.88156127929688,161400,0.0,0.0
2023-09-14 00:00:00-04:00,171.57797430936938,174.18042720184,171.17315189902706,173.5635528564453,181500,0.0,0.0
2023-09-15 00:00:00-04:00,172.62858519608093,172.85990386279883,170.81651053376032,172.35870361328125,560400,0.0,0.0
2023-09-18 00:00:00-04:00,172.59967633876724,173.79486204470658,170.7394053206567,170.74903869628906,240500,0.0,0.0
2023-09-19 00:00:00-04:00,170.76832456675314,171.86713242242487,169.524942535642,169.9875946044922,210800,0.0,0.0
2023-09-20 00:00:00-04:00,171.2888135039837,172.39725468694306,169.38999431008793,169.39962768554688,272800,0.0,0.0
2023-09-21 00:00:00-04:00,168.47431741302125,168.47431741302125,161.27424398571614,161.42845153808594,460300,0.0,0.0
2023-09-22 00:00:00-04:00,161.5248274759844,164.2622061219918,160.47421601576534,162.78749084472656,339200,0.0,0.0
2023-09-25 00:00:00-04:00,162.31521104389333,163.55860781827877,161.11037718903233,163.0188446044922,179600,0.0,0.0
2023-09-26 00:00:00-04:00,162.1127995370172,162.87424802605597,159.915183866124,160.74411010742188,290400,0.0,0.0
2023-09-27 00:00:00-04:00,161.50555229695868,162.16098950535735,159.1151662531165,160.45494079589844,228200,0.0,0.0
2023-09-28 00:00:00-04:00,161.31938258731338,163.57275219049902,160.83374411978303,161.0959930419922,232700,1.27,0.0
2023-09-29 00:00:00-04:00,164.23320101420907,164.80625080578167,159.71676953478493,161.74673461914062,344200,0.0,0.0
2023-10-02 00:00:00-04:00,161.21254058038525,162.4072218742277,158.4346879696822,159.6099395751953,173900,0.0,0.0
2023-10-03 00:00:00-04:00,158.43468116663772,158.76492657201678,155.55970987875628,156.43385314941406,169700,0.0,0.0
2023-10-04 00:00:00-04:00,157.0943299767131,159.04659119585602,155.72482600094415,158.80377197265625,208800,0.0,0.0
2023-10-05 00:00:00-04:00,158.3861398665933,162.1352546781236,158.3861398665933,161.58163452148438,229300,0.0,0.0
2023-10-06 00:00:00-04:00,160.124703259859,162.93169278415462,159.28940456990378,162.13523864746094,146900,0.0,0.0
2023-10-09 00:00:00-04:00,160.64919583500188,164.44689213009912,160.64919583500188,164.0875244140625,210700,0.0,0.0
2023-10-10 00:00:00-04:00,164.1749299274865,166.70025574502412,163.14537880542406,164.9907989501953,263300,0.0,0.0
2023-10-11 00:00:00-04:00,166.7488127259838,168.16688353502144,164.87425540430374,165.52500915527344,372000,0.0,0.0
2023-10-12 00:00:00-04:00,165.23362250524139,165.23362250524139,160.6880536990311,160.8920135498047,243000,0.0,0.0
2023-10-13 00:00:00-04:00,161.66903891086034,161.66903891086034,159.67791827872796,160.6686248779297,176600,0.0,0.0
2023-10-16 00:00:00-04:00,162.03812579047292,162.8734245110301,160.33839122821783,162.7762908935547,210500,0.0,0.0
2023-10-17 00:00:00-04:00,161.68846315571312,165.8066824560937,161.09598366698512,161.57191467285156,250200,0.0,0.0
2023-10-18 00:00:00-04:00,160.2509643207014,160.62003942618796,158.42495919694974,158.47352600097656,154700,0.0,0.0
2023-10-19 00:00:00-04:00,157.07489916745095,158.4346808794559,153.93767897585508,154.39418029785156,247700,0.0,0.0
2023-10-20 00:00:00-04:00,155.33630009785506,157.6285140653994,151.85914200366878,152.31564331054688,328700,0.0,0.0
2023-10-23 00:00:00-04:00,151.33463441527954,152.4807487351785,150.30508338823105,150.52847290039062,253800,0.0,0.0
2023-10-24 00:00:00-04:00,150.68389286908862,153.10237760836606,150.68389286908862,152.30592346191406,325300,0.0,0.0
2023-10-25 00:00:00-04:00,152.432179861266,154.98664252914165,152.12136417856303,153.29661560058594,596600,0.0,0.0
2023-10-26 00:00:00-04:00,153.49088963418123,155.30717272198626,153.49088963418123,153.7142791748047,245700,0.0,0.0
2023-10-27 00:00:00-04:00,154.30677719895775,154.37477370498488,151.94658112706708,152.98583984375,217100,0.0,0.0
2023-10-30 00:00:00-04:00,154.12220333301948,156.6863884428587,152.4807579069303,156.5115509033203,245200,0.0,0.0
2023-10-31 00:00:00-04:00,157.43427406629948,158.83291521713218,156.84179454603037,158.5609588623047,245100,0.0,0.0
2023-11-01 00:00:00-04:00,158.75518693588424,161.87299192481183,158.2307039950171,161.6301727294922,300700,0.0,0.0
2023-11-02 00:00:00-04:00,163.97097685467654,165.86496388580397,163.47561614002882,164.0292510986328,384800,0.0,0.0
2023-11-03 00:00:00-04:00,166.77795831290035,168.73021949141656,165.24333907575217,165.27247619628906,247600,0.0,0.0
2023-11-06 00:00:00-05:00,164.41774368829144,164.63142578054996,160.96000047975713,162.08668518066406,238700,0.0,0.0
2023-11-07 00:00:00-05:00,162.3392199313796,162.62088371041546,161.02799019255204,162.05755615234375,215200,0.0,0.0
2023-11-08 00:00:00-05:00,162.20325568953263,164.5731738924458,162.07698493954626,164.21380615234375,203500,0.0,0.0
2023-11-09 00:00:00-05:00,165.11706658516442,165.12677401840392,161.19311458263493,161.91184997558594,161500,0.0,0.0
2023-11-10 00:00:00-05:00,163.33962814024989,163.33962814024989,161.38736698258072,163.12594604492188,292000,0.0,0.0
2023-11-13 00:00:00-05:00,161.51361656149007,161.51361656149007,160.08585326490473,160.44522094726562,279600,0.0,0.0
2023-11-14 00:00:00-05:00,165.2336228713158,167.96290861192588,164.91309971316633,166.24375915527344,420600,0.0,0.0
2023-11-15 00:00:00-05:00,165.6318389950702,167.41898483082107,165.6318389950702,166.1174774169922,378700,0.0,0.0
2023-11-16 00:00:00-05:00,166.24376989535386,166.27290701883987,163.16482367607716,163.61160278320312,487300,0.0,0.0
2023-11-17 00:00:00-05:00,164.8548012944144,165.3113025599392,163.55329398528318,165.11705017089844,390000,0.0,0.0
2023-11-20 00:00:00-05:00,165.37932133099244,166.4283021577636,163.67958676197156,166.0300750732422,357500,0.0,0.0
2023-11-21 00:00:00-05:00,165.612420520215,165.612420520215,164.14579772210504,165.52500915527344,268200,0.0,0.0
2023-11-22 00:00:00-05:00,167.5355624345137,167.78808910009127,166.37974052037188,167.22474670410156,232100,0.0,0.0
2023-11-24 00:00:00-05:00,166.57398593144566,167.5258331298828,166.38944095184365,167.5258331298828,92800,0.0,0.0
2023-11-27 00:00:00-05:00,167.04018536199936,168.54566741519977,166.5448395132273,168.0017547607422,281800,0.0,0.0
2023-11-28 00:00:00-05:00,167.00135693066434,167.933774479597,165.60271578675565,166.5642852783203,401400,0.0,0.0
2023-11-29 00:00:00-05:00,167.4772699705714,168.5651101844254,166.84594590918596,167.12762451171875,346400,0.0,0.0
2023-11-30 00:00:00-05:00,166.8459370467812,168.86619468461723,166.63225495293736,168.7593536376953,623100,0.0,0.0
2023-12-01 00:00:00-05:00,168.20572358493135,171.75089310231206,167.84635588056884,171.7217559814453,502800,0.0,0.0
2023-12-04 00:00:00-05:00,171.27497013175005,173.23695367840287,170.5270975670613,173.07183837890625,439700,0.0,0.0
2023-12-05 00:00:00-05:00,171.40124030412048,171.68290409161526,167.27331336892732,168.2737274169922,484200,0.0,0.0
2023-12-06 00:00:00-05:00,168.83707365347277,170.05116983850277,167.78809277114564,168.37086486816406,284100,0.0,0.0
2023-12-07 00:00:00-05:00,167.80749811542466,169.11871291272848,167.52581954187616,168.12802124023438,282700,0.0,0.0
2023-12-08 00:00:00-05:00,167.53556130603027,168.58454215834092,167.17617876759823,168.16688537597656,233300,0.0,0.0
2023-12-11 00:00:00-05:00,168.030899157747,170.1579978825282,167.71037601095034,169.57522583007812,212900,0.0,0.0
2023-12-12 00:00:00-05:00,169.74033568385218,172.4016395680605,168.80791821440545,171.52749633789062,234300,0.0,0.0
2023-12-13 00:00:00-05:00,171.54691173880443,177.91848547508602,171.54691173880443,176.32559204101562,518900,0.0,0.0
2023-12-14 00:00:00-05:00,179.03546967776063,180.75463391095002,178.51097186129175,180.7157745361328,602600,0.0,0.0
2023-12-15 00:00:00-05:00,180.76435798101917,180.91004359871917,177.4911593256016,178.72467041015625,960900,0.0,0.0
2023-12-18 00:00:00-05:00,178.9091987810135,179.84163110917817,178.05448520241404,179.00633239746094,398600,0.0,0.0
2023-12-19 00:00:00-05:00,179.95819014844992,180.64780329645617,178.8023682192691,178.9674835205078,316700,0.0,0.0
2023-12-20 00:00:00-05:00,178.96746501595118,179.80276369029843,175.67483712461313,175.72340393066406,506000,0.0,0.0
2023-12-21 00:00:00-05:00,176.8986584290862,177.35515973679722,174.75213005747645,177.25802612304688,329700,0.0,0.0
2023-12-22 00:00:00-05:00,177.25803225671652,179.80277296353768,177.25803225671652,178.39442443847656,218900,0.0,0.0
2023-12-26 00:00:00-05:00,178.66636971616893,179.70564303695986,178.22929810725552,179.31712341308594,103000,0.0,0.0
2023-12-27 00:00:00-05:00,179.87077528929754,180.13302420759072,178.70524594873066,180.08445739746094,182200,0.0,0.0
2023-12-28 00:00:00-05:00,179.47810671742553,181.23846598232316,179.47810671742553,180.92550659179688,171700,1.27,0.0
2023-12-29 00:00:00-05:00,179.92797712966103,181.10154506352887,179.38031308870444,179.49766540527344,263000,0.0,0.0
2024-01-02 00:00:00-05:00,178.91087994808422,180.96461999891474,178.91087994808422,180.25070190429688,321200,0.0,0.0
2024-01-03 00:00:00-05:00,178.73484979761753,178.73484979761753,176.3583757936263,176.7984619140625,402700,0.0,0.0
2024-01-04 00:00:00-05:00,176.71042950072365,178.12849126416683,174.68601266310165,176.1627655029297,361100,0.0,0.0
2024-01-05 00:00:00-05:00,174.83271586214278,177.92310765853918,174.00143056804757,175.37060546875,378300,0.0,0.0
2024-01-08 00:00:00-05:00,175.3706180703388,178.75440579737167,175.0283205898856,177.9818115234375,271700,0.0,0.0
2024-01-09 00:00:00-05:00,176.3290421766914,179.0282500500468,175.6640108636253,178.15785217285156,148800,0.0,0.0
2024-01-10 00:00:00-05:00,178.33387061902965,180.0942148989465,177.95246070201773,178.8424072265625,171100,0.0,0.0
2024-01-11 00:00:00-05:00,178.10892531427862,178.27517938844966,175.67377543190457,175.88893127441406,223900,0.0,0.0
2024-01-12 00:00:00-05:00,177.6786196372777,178.11872064448067,175.1847935176612,176.6419677734375,202000,0.0,0.0
2024-01-16 00:00:00-05:00,175.15544931736343,176.89624482460593,173.96231780034674,175.07720947265625,257100,0.0,0.0
2024-01-17 00:00:00-05:00,172.76919154708,174.10901348704013,171.16531198852863,173.62002563476562,343300,0.0,0.0
2024-01-18 00:00:00-05:00,173.66892988906838,174.0894522851325,171.341342903671,172.85720825195312,193200,0.0,0.0
2024-01-19 00:00:00-05:00,173.61026373241938,178.6077205388892,173.3657697887031,177.561279296875,293000,0.0,0.0
2024-01-22 00:00:00-05:00,178.25563593131264,180.28003788087517,178.25563593131264,179.4585418701172,260200,0.0,0.0
2024-01-23 00:00:00-05:00,180.65167658505067,180.65167658505067,177.64928395521378,177.72752380371094,216500,0.0,0.0
2024-01-24 00:00:00-05:00,179.95732758520674,179.95732758520674,173.9036697164811,173.99168395996094,218300,0.0,0.0
2024-01-25 00:00:00-05:00,176.133440885261,176.56373768589094,174.11879827839275,174.62734985351562,174500,0.0,0.0
2024-01-26 00:00:00-05:00,175.59553272720444,175.97694263767303,173.50266541183666,175.02830505371094,135000,0.0,0.0
2024-01-29 00:00:00-05:00,174.89140487868372,176.13343825752617,174.62734724825015,175.6151123046875,123600,0.0,0.0
2024-01-30 00:00:00-05:00,174.65668061746467,175.84003780713078,173.21905511224955,174.7740478515625,180000,0.0,0.0
2024-01-31 00:00:00-05:00,175.42928130069504,177.150513115964,172.51490304576495,173.522216796875,287900,0.0,0.0
2024-02-01 00:00:00-05:00,173.09193586003218,178.96956483008478,172.2606504914578,178.910888671875,378200,0.0,0.0
2024-02-02 00:00:00-05:00,176.72020813189653,179.96709465787364,174.4610866253489,179.07713317871094,378600,0.0,0.0
2024-02-05 00:00:00-05:00,176.89626123039542,176.89626123039542,174.0210100923277,174.4024200439453,220300,0.0,0.0
2024-02-06 00:00:00-05:00,175.34125587505335,177.4830250357715,174.0992374861667,177.1114044189453,248400,0.0,0.0
2024-02-07 00:00:00-05:00,177.2385322923962,177.6395059116641,175.2239047339429,175.3999481201172,264300,0.0,0.0
2024-02-08 00:00:00-05:00,177.0722839994308,181.41449864575776,176.2703516574177,180.8863983154297,515800,0.0,0.0
2024-02-09 00:00:00-05:00,181.35582067760387,182.86189672682556,179.53678523373983,182.0110626220703,236000,0.0,0.0
2024-02-12 00:00:00-05:00,183.5171365596083,184.39732365486782,180.98418304460975,181.21890258789062,311200,0.0,0.0
2024-02-13 00:00:00-05:00,176.89625713073536,179.35097087295162,175.56620952363488,179.24339294433594,391400,0.0,0.0
2024-02-14 00:00:00-05:00,179.84973037890606,180.60277586769848,178.29475255310993,179.41943359375,202400,0.0,0.0
2024-02-15 00:00:00-05:00,180.50498573326746,182.2848937831597,180.3485060366741,180.83749389648438,191500,0.0,0.0
2024-02-16 00:00:00-05:00,179.64437093510654,180.92551680157888,178.15784359167085,178.6859588623047,278700,0.0,0.0
2024-02-20 00:00:00-05:00,177.3363265892109,179.28250350691073,176.88645122374555,177.48301696777344,290600,0.0,0.0
2024-02-21 00:00:00-05:00,177.6101759160407,178.6566022049623,176.98427203519938,178.2751922607422,168100,0.0,0.0
2024-02-22 00:00:00-05:00,178.59792455142792,178.8228697155972,177.49282211461244,178.06982421875,276400,0.0,0.0
2024-02-23 00:00:00-05:00,177.95247340113417,178.16761433645902,176.8082286457178,176.9451446533203,229700,0.0,0.0
2024-02-26 00:00:00-05:00,176.32902480647869,176.72999843200924,173.86452182062106,175.22390747070312,213700,0.0,0.0
2024-02-27 00:00:00-05:00,176.31924719560334,176.77889700702616,172.81810702754947,173.4146728515625,221600,0.0,0.0
2024-02-28 00:00:00-05:00,172.99412190461516,174.94029893024197,172.67138813115594,173.10169982910156,294200,0.0,0.0
2024-02-29 00:00:00-05:00,174.63714699851784,174.8914153361266,171.60541602808104,171.82057189941406,712600,0.0,0.0
2024-03-01 00:00:00-05:00,171.14575988087574,175.44884730307592,169.18980833938002,175.0576629638672,336600,0.0,0.0
2024-03-04 00:00:00-05:00,174.65668965877424,177.03317854616753,173.0332462946962,176.45616149902344,356100,0.0,0.0
2024-03-05 00:00:00-05:00,175.46841430664062,177.86445200562315,174.62735453102388,175.46841430664062,285400,0.0,0.0
2024-03-06 00:00:00-05:00,175.87916080784433,177.2581102399932,175.55642700950784,176.5930938720703,326700,0.0,0.0
2024-03-07 00:00:00-05:00,177.80577512043047,178.29476301303282,175.693343842934,176.43661499023438,263300,0.0,0.0
2024-03-08 00:00:00-05:00,177.33634115745065,178.3045425036739,176.79845152065997,177.12118530273438,153700,0.0,0.0
2024-03-11 00:00:00-04:00,177.34611499883255,178.39255619108286,175.71289732320312,176.2410125732422,150000,0.0,0.0
2024-03-12 00:00:00-04:00,175.96716052961304,177.668843619712,175.16522821546863,176.95492553710938,373600,0.0,0.0
2024-03-13 00:00:00-04:00,177.0918426513672,178.57836990300262,176.60285479831703,177.0918426513672,212400,0.0,0.0
2024-03-14 00:00:00-04:00,177.01360861767674,177.01360861767674,173.8351874684643,175.40972900390625,301800,0.0,0.0
2024-03-15 00:00:00-04:00,173.62003479763396,176.2899044335932,172.19219855036377,172.34866333007812,1072600,0.0,0.0
2024-03-18 00:00:00-04:00,172.51491563640667,174.29483865714946,171.6445178193197,171.8498992919922,324400,0.0,0.0
2024-03-19 00:00:00-04:00,171.73254697773683,172.7594095729224,171.29244595382804,171.8498992919922,387800,0.0,0.0
2024-03-20 00:00:00-04:00,171.48804419078093,175.6248772047633,170.911027189112,175.55641174316406,254800,0.0,0.0
2024-03-21 00:00:00-04:00,176.16277121820028,178.21651127655733,176.11386944765542,177.65907287597656,173100,0.0,0.0
2024-03-22 00:00:00-04:00,177.75686437931603,177.8742316150736,175.88894206507814,176.96470642089844,232400,0.0,0.0
2024-03-25 00:00:00-04:00,177.37544180137445,177.92310578680423,175.12610970731993,175.16522216796875,137100,0.0,0.0
2024-03-26 00:00:00-04:00,175.26302559627518,175.74222412187038,171.88899761181224,171.98680114746094,453000,0.0,0.0
2024-03-27 00:00:00-04:00,173.70086037148997,176.41970240336,173.37577898214542,175.44447326660156,178200,1.27,0.0
2024-03-28 00:00:00-04:00,176.22268539711914,177.4343414476164,176.22268539711914,177.08956909179688,153300,0.0,0.0
2024-04-01 00:00:00-04:00,176.85315433000298,177.7397290559722,172.86353800058924,173.69102478027344,229900,0.0,0.0
2024-04-02 00:00:00-04:00,172.5384421526259,173.1097959400259,170.09542408647826,171.4449920654297,151900,0.0,0.0
2024-04-03 00:00:00-04:00,171.10023161033467,172.28233623863758,170.49932629484994,171.45486450195312,319500,0.0,0.0
2024-04-04 00:00:00-04:00,172.9719037218284,173.4644485914945,170.3023189457531,171.00172424316406,131300,0.0,0.0
2024-04-05 00:00:00-04:00,171.13962678829606,171.99666503562372,169.29751388711745,171.63217163085938,199600,0.0,0.0
2024-04-08 00:00:00-04:00,172.46950072647618,174.18356215855746,172.08531635754292,173.58265686035156,130300,0.0,0.0
2024-04-09 00:00:00-04:00,173.75012469963568,175.79911306292175,173.66145520357856,175.42477416992188,111900,0.0,0.0
2024-04-10 00:00:00-04:00,170.9327651714411,170.9327651714411,168.62764390066448,169.99693298339844,302400,0.0,0.0
2024-04-11 00:00:00-04:00,170.68648435106172,171.11006567683117,168.34196622231028,170.32199096679688,229500,0.0,0.0
2024-04-12 00:00:00-04:00,169.8196045391187,170.1052739244916,168.0464401589286,168.4995880126953,201800,0.0,0.0
2024-04-15 00:00:00-04:00,169.6127406238693,169.6127406238693,165.39655782851793,165.87925720214844,250300,0.0,0.0
2024-04-16 00:00:00-04:00,165.33745205861965,165.6132759728151,163.5347360993076,163.8598175048828,261200,0.0,0.0
2024-04-17 00:00:00-04:00,162.8254722371801,165.19954205577457,157.58480277419503,159.58453369140625,632500,0.0,0.0
2024-04-18 00:00:00-04:00,159.8307982679233,159.8307982679233,155.43729174491753,156.84597778320312,332700,0.0,0.0
2024-04-19 00:00:00-04:00,157.1415208501493,157.37793276971306,155.53581975048763,156.89524841308594,341800,0.0,0.0
2024-04-22 00:00:00-04:00,157.32867578089878,161.08186497020188,156.32388012169727,160.904541015625,489100,0.0,0.0
2024-04-23 00:00:00-04:00,161.0621735585761,163.9484793009127,160.47111369814405,163.27862548828125,322200,0.0,0.0
2024-04-24 00:00:00-04:00,160.6090139524278,162.5200903263868,155.05310878826353,155.6343231201172,804800,0.0,0.0
2024-04-25 00:00:00-04:00,155.06295979056318,156.36327026514363,152.91545661518046,153.41786193847656,432900,0.0,0.0
2024-04-26 00:00:00-04:00,153.7823537743051,155.06297339144345,153.0730879873139,153.59518432617188,301700,0.0,0.0
2024-04-29 00:00:00-04:00,154.97431307840128,156.29432961999854,154.29459880557533,155.46685791015625,223700,0.0,0.0
2024-04-30 00:00:00-04:00,153.61488714349454,155.35850008629768,153.03368783965203,153.0435333251953,270900,0.0,0.0
2024-05-01 00:00:00-04:00,153.04352945739535,158.17585317556242,153.04352945739535,154.5211639404297,320200,0.0,0.0
2024-05-02 00:00:00-04:00,155.8313516806209,156.90509591248752,154.04834161840944,156.15643310546875,297600,0.0,0.0
2024-05-03 00:00:00-04:00,158.61913272248535,159.77168575888308,156.26476916308664,157.47642517089844,343600,0.0,0.0
2024-05-06 00:00:00-04:00,158.38270931379412,158.38270931379412,155.26982247932276,156.21551513671875,201900,0.0,0.0
2024-05-07 00:00:00-04:00,157.36807150865852,159.722435169728,156.72776924898938,159.61407470703125,356500,0.0,0.0
2024-05-08 00:00:00-04:00,158.6388303357645,159.4761625492625,156.96418094004366,159.269287109375,326600,0.0,0.0
2024-05-09 00:00:00-04:00,159.50572425759495,162.8156262889728,158.95407642424468,162.64816284179688,300800,0.0,0.0
2024-05-10 00:00:00-04:00,162.64816537130662,162.6875623466117,160.61888293937596,162.03741455078125,261000,0.0,0.0
2024-05-13 00:00:00-04:00,163.05204916817615,163.1702551205841,159.78154419298212,160.58932495117188,155000,0.0,0.0
2024-05-14 00:00:00-04:00,161.97829824836631,162.95354249930685,159.76184634000043,162.54965209960938,286200,0.0,0.0
2024-05-15 00:00:00-04:00,165.69207580984005,165.88909073321176,164.11594139159115,164.27354431152344,345300,0.0,0.0
2024-05-16 00:00:00-04:00,164.27354909813442,165.21924180165954,163.75145277191268,164.3031005859375,258200,0.0,0.0
2024-05-17 00:00:00-04:00,164.2538583094265,164.2538583094265,163.11115067552075,163.39682006835938,152000,0.0,0.0
2024-05-20 00:00:00-04:00,163.11115955354416,165.85955329080267,162.66787218060264,163.5446014404297,231300,0.0,0.0
2024-05-21 00:00:00-04:00,163.54458631298695,164.1454915949004,162.37232723587093,162.9830780029297,189800,0.0,0.0
2024-05-22 00:00:00-04:00,162.88459421114396,164.03714740099466,162.57920376605355,162.89443969726562,158500,0.0,0.0
2024-05-23 00:00:00-04:00,163.51504397415775,163.51504397415775,158.35316855826207,158.47137451171875,267100,0.0,0.0
2024-05-24 00:00:00-04:00,159.60424368789367,160.39231848518287,158.07735158651025,158.10690307617188,180400,0.0,0.0
2024-05-28 00:00:00-04:00,159.25944895830605,159.27915496093502,156.77701872171193,157.09225463867188,183200,0.0,0.0
2024-05-29 00:00:00-04:00,155.11224030576844,156.8952503673114,155.11224030576844,156.50120544433594,181000,0.0,0.0
2024-05-30 00:00:00-04:00,157.3582238686154,158.7471888316304,157.3582238686154,158.41226196289062,146600,0.0,0.0
2024-05-31 00:00:00-04:00,159.50571518569643,163.2392133968742,157.8704627503588,162.71710205078125,599400,0.0,0.0
2024-06-03 00:00:00-04:00,163.111147073261,163.35741948730484,159.53526681133656,160.21498107910156,265900,0.0,0.0
2024-06-04 00:00:00-04:00,159.4860020935886,163.97802334841893,159.4860020935886,162.60874938964844,293900,0.0,0.0
2024-06-05 00:00:00-04:00,162.5496434264914,163.3771301852328,160.89469997155996,162.40188598632812,350100,0.0,0.0
2024-06-06 00:00:00-04:00,161.63352645617996,164.92372258257842,161.34784201386495,164.61834716796875,268600,0.0,0.0
2024-06-07 00:00:00-04:00,162.79590278022465,164.31294919008306,162.02753409050007,163.6036834716797,392500,0.0,0.0
2024-06-10 00:00:00-04:00,162.07680758628067,164.34251690879552,160.75679099213997,163.51504516601562,254200,0.0,0.0
2024-06-11 00:00:00-04:00,162.48068545266517,165.20938792771304,162.23441304596022,163.93861389160156,221600,0.0,0.0
2024-06-12 00:00:00-04:00,167.3667384067001,168.51930661344917,164.2243148075615,164.8843231201172,360800,0.0,0.0
2024-06-13 00:00:00-04:00,165.33745602229052,165.33745602229052,162.90428319630416,163.6332550048828,204300,0.0,0.0
2024-06-14 00:00:00-04:00,162.83533032273505,163.69235355123453,161.8108286178089,163.38697814941406,116200,0.0,0.0
2024-06-17 00:00:00-04:00,162.54964515192873,164.8252149735278,161.14097410316708,164.16519165039062,236100,0.0,0.0
2024-06-18 00:00:00-04:00,164.32280269731098,164.8547595277215,163.09144063042115,164.1848907470703,162200,0.0,0.0
2024-06-20 00:00:00-04:00,163.14071671984044,164.15535797613995,162.3230904104509,163.48550415039062,156600,0.0,0.0
2024-06-21 00:00:00-04:00,164.1356442272416,164.94342501211705,162.84517909990396,164.62818908691406,506400,0.0,0.0
2024-06-24 00:00:00-04:00,164.5592413014828,167.9085403485579,164.4213293414568,165.44581604003906,414600,0.0,0.0
2024-06-25 00:00:00-04:00,164.91387655473633,165.24880345796444,163.47563892429133,164.4902801513672,177600,0.0,0.0
2024-06-26 00:00:00-04:00,164.4902732022256,166.64762204111437,163.91891937488663,166.10581970214844,374000,0.0,0.0
2024-06-27 00:00:00-04:00,166.51954349816816,167.35687569143494,165.33743895511932,166.65745544433594,391700,0.0,0.0
2024-06-28 00:00:00-04:00,167.4614354946594,169.16860637770566,165.88329972386768,168.83114624023438,473200,1.27,0.0
2024-07-01 00:00:00-04:00,168.22568926983217,169.82368002812598,166.55821340923768,168.2455291748047,234400,0.0,0.0
2024-07-02 00:00:00-04:00,169.32741909459384,171.12391501604316,168.43412353790148,170.77651977539062,449400,0.0,0.0
2024-07-03 00:00:00-04:00,171.8683153278503,172.0767403501086,170.14128941859437,170.7169647216797,166000,0.0,0.0
2024-07-05 00:00:00-04:00,171.09413609166225,172.9601019315069,170.31995571391442,172.31495666503906,238100,0.0,0.0
2024-07-08 00:00:00-04:00,172.90054652358629,174.20077211367467,172.90054652358629,173.148681640625,188900,0.0,0.0
2024-07-09 00:00:00-04:00,172.91048370338274,173.61517896307848,170.88569264278175,172.0668182373047,199800,0.0,0.0
2024-07-10 00:00:00-04:00,173.02958939689566,175.4216156673016,172.70204921030773,175.15362548828125,182000,0.0,0.0
2024-07-11 00:00:00-04:00,178.2007047689066,181.98229658479883,177.69451459432196,181.19818115234375,279800,0.0,0.0
2024-07-12 00:00:00-04:00,182.28004803024234,184.2552089827597,181.63490279415092,182.08154296875,349400,0.0,0.0
2024-07-15 00:00:00-04:00,182.82594799765633,184.14602861453884,182.27012776843534,183.3321533203125,272000,0.0,0.0
2024-07-16 00:00:00-04:00,184.5132708063748,185.42642138362325,181.92273952485814,182.48849487304688,422700,0.0,0.0
2024-07-17 00:00:00-04:00,182.58775272655615,186.91522981003297,182.58775272655615,184.19566345214844,373500,0.0,0.0
2024-07-18 00:00:00-04:00,184.06663289661324,188.11619995842264,184.06663289661324,185.68447875976562,233300,0.0,0.0
2024-07-19 00:00:00-04:00,185.6547069857208,186.5082924372975,184.28499622401327,186.2006072998047,162000,0.0,0.0
2024-07-22 00:00:00-04:00,189.15836390669688,190.18067937550668,186.59760768595123,189.91268920898438,200600,0.0,0.0
2024-07-23 00:00:00-04:00,189.07896610235255,190.498291754167,186.9549300285762,188.53306579589844,410500,0.0,0.0
2024-07-24 00:00:00-04:00,189.694331028375,191.17322179059508,182.637367634435,184.01699829101562,585200,0.0,0.0
2024-07-25 00:00:00-04:00,185.16834746495925,186.27998794379928,182.50834627774466,183.13363647460938,374300,0.0,0.0
2024-07-26 00:00:00-04:00,183.92767449842194,186.83582598926117,183.23289918925133,185.70433044433594,200000,0.0,0.0
2024-07-29 00:00:00-04:00,186.2799957190408,186.2799957190408,183.75894948645393,185.674560546875,298900,0.0,0.0
2024-07-30 00:00:00-04:00,186.47851232004834,186.75642244596767,184.36439622755054,186.23037719726562,286900,0.0,0.0
2024-07-31 00:00:00-04:00,186.3891740937392,188.1757500252488,184.82097342910063,185.59515380859375,323200,0.0,0.0
2024-08-01 00:00:00-04:00,187.18320212629138,188.850677978123,185.28744620875045,187.15342712402344,235500,0.0,0.0
2024-08-02 00:00:00-04:00,185.24775719834736,186.6075328287675,182.85573097296404,184.5331268310547,233300,0.0,0.0
2024-08-05 00:00:00-04:00,179.99722701017913,183.9276789368871,177.63497575702834,178.01214599609375,415900,0.0,0.0
2024-08-06 00:00:00-04:00,178.19078476351586,183.03438697835878,177.32727942331562,181.28750610351562,237300,0.0,0.0
2024-08-07 00:00:00-04:00,182.0914892972438,183.24282478289854,178.95505763933116,179.16348266601562,441600,0.0,0.0
2024-08-08 00:00:00-04:00,179.91782294830955,181.535653685169,178.40915712866158,179.9674530029297,259300,0.0,0.0
2024-08-09 00:00:00-04:00,179.1932437959654,180.85079965298962,178.12131345179148,180.3148193359375,288700,0.0,0.0
2024-08-12 00:00:00-04:00,179.65974979024713,179.65974979024713,177.90296401610158,178.4687042236328,313700,0.0,0.0
2024-08-13 00:00:00-04:00,180.20564270392978,181.26766826105464,179.20318229591467,180.38430786132812,298200,0.0,0.0
2024-08-14 00:00:00-04:00,180.4240143385206,182.55797039645853,180.4240143385206,181.11878967285156,173100,0.0,0.0
2024-08-15 00:00:00-04:00,182.65722523491382,183.63984577258788,181.05923443958693,181.68453979492188,310600,0.0,0.0
2024-08-16 00:00:00-04:00,181.20812526088352,182.00214554011825,179.22304427286468,179.62997436523438,228100,0.0,0.0
2024-08-19 00:00:00-04:00,179.80863215481924,182.12125322840666,179.80863215481924,181.63490295410156,123400,0.0,0.0
2024-08-20 00:00:00-04:00,181.8731214293097,182.28998660989674,180.46371577733476,181.88304138183594,168700,0.0,0.0
2024-08-21 00:00:00-04:00,182.24035945794967,183.37185500754262,180.97982879863346,183.29244995117188,132900,0.0,0.0
2024-08-22 00:00:00-04:00,183.64975807177817,184.3743083589772,182.5976676190045,184.22543334960938,130400,0.0,0.0
2024-08-23 00:00:00-04:00,185.2973914848727,187.1335823537775,184.61253610515894,186.82589721679688,222400,0.0,0.0
2024-08-26 00:00:00-04:00,188.06656820128578,188.15590835574835,185.0095416682419,185.60507202148438,168200,0.0,0.0
2024-08-27 00:00:00-04:00,184.31475809900593,186.0318488328445,183.79863282563934,185.2080535888672,200100,0.0,0.0
2024-08-28 00:00:00-04:00,185.95246815696476,185.95246815696476,182.47857641772578,183.19320678710938,367900,0.0,0.0
2024-08-29 00:00:00-04:00,183.0542282704151,183.8085687066208,180.72176729547925,182.61752319335938,363400,0.0,0.0
2024-08-30 00:00:00-04:00,183.61998614921032,185.188201902367,182.41900552196307,185.00953674316406,411700,0.0,0.0
2024-09-03 00:00:00-04:00,183.17334952940942,185.76388080096848,182.65722423663684,184.63238525390625,453600,0.0,0.0
2024-09-04 00:00:00-04:00,184.63237851395928,186.55790940769634,183.56043301193145,184.31475830078125,194100,0.0,0.0
2024-09-05 00:00:00-04:00,185.47604058164865,186.52813110089383,184.21552503612014,184.95993041992188,275100,0.0,0.0
2024-09-06 00:00:00-04:00,185.2576758148299,185.2576758148299,182.26021444888173,183.56044006347656,376600,0.0,0.0
2024-09-09 00:00:00-04:00,183.3817694251761,185.78371551427094,183.3321545182871,184.75148010253906,435800,0.0,0.0
2024-09-10 00:00:00-04:00,185.426418980823,186.0120142268236,182.2205023392284,184.552978515625,553800,0.0,0.0
2024-09-11 00:00:00-04:00,182.21058492425868,182.49841500249886,179.57042358675275,182.04185485839844,335300,0.0,0.0
2024-09-12 00:00:00-04:00,182.2403577279907,183.89789850846017,180.6820619083181,183.4810333251953,194200,0.0,0.0
2024-09-13 00:00:00-04:00,185.40655833498263,186.42887378272786,185.00953306961804,186.10133361816406,257700,0.0,0.0
2024-09-16 00:00:00-04:00,188.87051902100202,189.49582436232726,187.06410324434614,188.8407440185547,414500,0.0,0.0
2024-09-17 00:00:00-04:00,188.3941056293472,189.56531126829296,187.51074521008516,188.7415008544922,352300,0.0,0.0
2024-09-18 00:00:00-04:00,189.33702311755656,190.35933863602233,186.8755268818787,188.07650756835938,406200,0.0,0.0
2024-09-19 00:00:00-04:00,189.87298905064313,190.77620448511956,187.43133290639184,190.29977416992188,268900,0.0,0.0
2024-09-20 00:00:00-04:00,189.8829174570971,189.92262755761422,185.10880015511157,185.43634033203125,791200,0.0,0.0
2024-09-23 00:00:00-04:00,186.55791004917643,188.71172101293774,185.6348395532985,187.96731567382812,759400,0.0,0.0
2024-09-24 00:00:00-04:00,187.33209169191872,190.15090296080845,187.33209169191872,189.20799255371094,349500,0.0,0.0
2024-09-25 00:00:00-04:00,189.80351522762655,189.80351522762655,186.48843359847527,187.02439880371094,258000,0.0,0.0
2024-09-26 00:00:00-04:00,187.3717943401427,187.8283696338346,185.23783832356492,186.22044372558594,389600,0.0,0.0
2024-09-27 00:00:00-04:00,187.62983913203172,188.66208967641398,185.53557818646811,186.2799835205078,405000,0.0,0.0
2024-09-30 00:00:00-04:00,185.30999755859375,187.19000244140625,184.50999450683594,186.82000732421875,295800,1.4,0.0
2024-10-01 00:00:00-04:00,187.50999450683594,187.50999450683594,182.9199981689453,183.22000122070312,469000,0.0,0.0
2024-10-02 00:00:00-04:00,181.67999267578125,182.3300018310547,179.88999938964844,181.4199981689453,248700,0.0,0.0
2024-10-03 00:00:00-04:00,181.2100067138672,181.2100067138672,179.4600067138672,180.77000427246094,221600,0.0,0.0
2024-10-04 00:00:00-04:00,180.3300018310547,181.1999969482422,178.77000427246094,179.99000549316406,211800,0.0,0.0
2024-10-07 00:00:00-04:00,179.3300018310547,179.3300018310547,176.83999633789062,177.97000122070312,261900,0.0,0.0
2024-10-08 00:00:00-04:00,178.8000030517578,178.8000030517578,176.24000549316406,177.7100067138672,267200,0.0,0.0
2024-10-09 00:00:00-04:00,177.0800018310547,177.8300018310547,176.14999389648438,177.25999450683594,193400,0.0,0.0
2024-10-10 00:00:00-04:00,175.94000244140625,177.24000549316406,174.77999877929688,175.91000366210938,353700,0.0,0.0
2024-10-11 00:00:00-04:00,176.9199981689453,178.39999389648438,176.13999938964844,178.36000061035156,215200,0.0,0.0
2024-10-14 00:00:00-04:00,178.4199981689453,179.07000732421875,177.3699951171875,177.77999877929688,218600,0.0,0.0
2024-10-15 00:00:00-04:00,178.3300018310547,180.02999877929688,177.6199951171875,179.44000244140625,594200,0.0,0.0
2024-10-16 00:00:00-04:00,180.52000427246094,185.82000732421875,180.52000427246094,185.27000427246094,390200,0.0,0.0
2024-10-17 00:00:00-04:00,184.44000244140625,185.10000610351562,181.74000549316406,182.02000427246094,399100,0.0,0.0
2024-10-18 00:00:00-04:00,183.0500030517578,183.0500030517578,181.30999755859375,182.8300018310547,245400,0.0,0.0
2024-10-21 00:00:00-04:00,181.38999938964844,181.38999938964844,178.7100067138672,179.5,369300,0.0,0.0
2024-10-22 00:00:00-04:00,179.3800048828125,181.33999633789062,178.5,180.22999572753906,223300,0.0,0.0
2024-10-23 00:00:00-04:00,180.63999938964844,182.39999389648438,180.63999938964844,181.2100067138672,355300,0.0,0.0
2024-10-24 00:00:00-04:00,180.00999450683594,180.89999389648438,175.8300018310547,178.52999877929688,605100,0.0,0.0
2024-10-25 00:00:00-04:00,179.32000732421875,179.8800048828125,176.14999389648438,176.52999877929688,540200,0.0,0.0
2024-10-28 00:00:00-04:00,177.64999389648438,178.32000732421875,175.55999755859375,176.47999572753906,416000,0.0,0.0
2024-10-29 00:00:00-04:00,176.27999877929688,176.5,173.8800048828125,174.0399932861328,347200,0.0,0.0
2024-10-30 00:00:00-04:00,174.5399932861328,176.57000732421875,173.8000030517578,174.08999633789062,347300,0.0,0.0
2024-10-31 00:00:00-04:00,173.2100067138672,174.85000610351562,171.0,171.27999877929688,311700,0.0,0.0
2024-11-01 00:00:00-04:00,171.97000122070312,173.36000061035156,170.94000244140625,171.1999969482422,284600,0.0,0.0
2024-11-04 00:00:00-05:00,171.11000061035156,172.77999877929688,169.8000030517578,170.86000061035156,252000,0.0,0.0
2024-11-05 00:00:00-05:00,169.82000732421875,172.99000549316406,169.63999938964844,172.8000030517578,209100,0.0,0.0
2024-11-06 00:00:00-05:00,175.4499969482422,178.50999450683594,173.30999755859375,174.97999572753906,961700,0.0,0.0
2024-11-07 00:00:00-05:00,175.25,175.7100067138672,173.1999969482422,173.6699981689453,328000,0.0,0.0
2024-11-08 00:00:00-05:00,174.0,176.2899932861328,173.47999572753906,176.0,278200,0.0,0.0
2024-11-11 00:00:00-05:00,175.6699981689453,178.82000732421875,174.58999633789062,175.16000366210938,394600,0.0,0.0
2024-11-12 00:00:00-05:00,174.39999389648438,175.72000122070312,173.6999969482422,174.3000030517578,629200,0.0,0.0
2024-11-13 00:00:00-05:00,175.08999633789062,176.6699981689453,174.49000549316406,175.22000122070312,298800,0.0,0.0
2024-11-14 00:00:00-05:00,175.0399932861328,175.75,170.05999755859375,171.0,322400,0.0,0.0
2024-11-15 00:00:00-05:00,171.16000366210938,172.4199981689453,168.30999755859375,171.99000549316406,362900,0.0,0.0
2024-11-18 00:00:00-05:00,171.44000244140625,174.0800018310547,171.05999755859375,172.72000122070312,263500,0.0,0.0
2024-11-19 00:00:00-05:00,172.0500030517578,174.5800018310547,171.44000244140625,174.11000061035156,305400,0.0,0.0
2024-11-20 00:00:00-05:00,173.4199981689453,173.64999389648438,169.3000030517578,171.00999450683594,302800,0.0,0.0
2024-11-21 00:00:00-05:00,170.82000732421875,172.36000061035156,169.0,169.27999877929688,459700,0.0,0.0
2024-11-22 00:00:00-05:00,169.92999267578125,172.64999389648438,169.02999877929688,171.97999572753906,360300,0.0,0.0
2024-11-25 00:00:00-05:00,172.3300018310547,175.5399932861328,172.3300018310547,173.3699951171875,332000,0.0,0.0
2024-11-26 00:00:00-05:00,173.02000427246094,173.02000427246094,170.7100067138672,172.13999938964844,199400,0.0,0.0
2024-11-27 00:00:00-05:00,173.16000366210938,175.75,173.16000366210938,173.83999633789062,198600,0.0,0.0
2024-11-29 00:00:00-05:00,173.9499969482422,174.60000610351562,172.11000061035156,172.2100067138672,156195,0.0,0.0
