Date,Open,High,Low,Close,Volume,Dividends,Stock Splits
2022-01-03 00:00:00-05:00,36.14672818303153,36.14672818303153,33.611881256103516,33.611881256103516,10300,0.0,0.0
2022-01-04 00:00:00-05:00,34.60934751463392,34.60934751463392,32.91640090942383,32.91640090942383,4400,0.0,0.0
2022-01-05 00:00:00-05:00,32.943848876953126,34.31650924682617,32.943848876953126,34.31650924682617,3500,0.0,0.0
2022-01-06 00:00:00-05:00,34.3165144628408,34.3165144628408,33.12687599296692,33.630184173583984,2400,0.0,0.0
2022-01-07 00:00:00-05:00,32.87979227414802,34.12433825748419,32.87979227414802,34.0328254699707,10100,0.0,0.0
2022-01-10 00:00:00-05:00,33.85896057028744,34.316514091507536,31.465954118329527,31.973838806152344,12100,0.0,0.0
2022-01-11 00:00:00-05:00,30.646936381897817,31.616947612565422,30.646936381897817,31.359804153442383,5400,0.0,0.0
2022-01-12 00:00:00-05:00,31.809118452109644,34.075839627864674,31.324112848997054,31.598644256591797,7400,0.0,0.0
2022-01-13 00:00:00-05:00,32.39479074197068,32.39479074197068,29.12053680419922,29.12053680419922,12800,0.0,0.0
2022-01-14 00:00:00-05:00,30.198532786673887,31.22345170987273,29.449059885917084,30.46025276184082,7000,0.0,0.0
2022-01-18 00:00:00-05:00,30.372398286491414,31.937233817483232,30.372398286491414,31.891475677490234,18700,0.0,0.0
2022-01-19 00:00:00-05:00,32.02874069566724,34.03557080306803,31.46411922193641,33.04450988769531,22800,0.0,0.0
2022-01-20 00:00:00-05:00,34.15819779487394,34.17009463239463,33.49291393400117,33.80405044555664,2300,0.0,0.0
2022-01-21 00:00:00-05:00,32.317005671417675,33.8406598161843,30.84825920883547,32.94385528564453,5700,0.0,0.0
2022-01-24 00:00:00-05:00,31.74506221512567,32.48630018017023,31.113639609177127,31.754215240478516,9600,0.0,0.0
2022-01-25 00:00:00-05:00,32.72148278043403,33.03536313037468,32.037896305584695,32.85234451293945,17000,0.0,0.0
2022-01-26 00:00:00-05:00,32.94385336130566,33.63018363966619,32.66016892287503,32.9347038269043,9900,0.0,0.0
2022-01-27 00:00:00-05:00,33.355646988351346,33.85895508193874,32.62356217123733,32.760826110839844,21600,0.0,0.0
2022-01-28 00:00:00-05:00,32.30327612764261,32.92554916162933,32.028744728144034,32.144962310791016,1600,0.0,0.0
2022-01-31 00:00:00-05:00,32.296871185302734,32.296871185302734,32.296871185302734,32.296871185302734,1400,0.0,0.0
2022-02-01 00:00:00-05:00,32.30327637737573,32.82488708771238,32.30327637737573,32.811161041259766,9200,0.0,0.0
2022-02-02 00:00:00-05:00,32.8248870332565,32.94385192040882,31.095335365972026,32.4222412109375,8000,0.0,0.0
2022-02-03 00:00:00-05:00,31.369869714109953,32.55493520282042,29.37493599225155,30.839109420776367,31400,0.0,0.0
2022-02-04 00:00:00-05:00,30.39985446485225,32.898096057973454,30.39985446485225,32.028743743896484,6800,0.0,0.0
2022-02-07 00:00:00-05:00,31.241751868543727,31.681002801867084,29.695222322622566,29.887393951416016,27800,0.0,0.0
2022-02-08 00:00:00-05:00,30.198532205602557,31.104489707747412,29.83248799464667,30.097869873046875,47700,0.0,0.0
2022-02-09 00:00:00-05:00,31.113638617608217,31.113638617608217,28.23471202224184,28.4232234954834,32400,0.0,0.0
2022-02-10 00:00:00-05:00,28.642848595707306,29.74097770131159,28.38661975104691,29.274272918701172,10700,0.0,0.0
2022-02-11 00:00:00-05:00,28.825870969822006,29.96975473846574,28.825870969822006,28.963136672973633,6300,0.0,0.0
2022-02-14 00:00:00-05:00,28.871625265023265,29.044581480104515,24.808551425801742,28.944833755493164,42300,0.0,0.0
2022-02-15 00:00:00-05:00,27.901612580179517,29.64946857850191,27.56302396325509,29.283424377441406,21800,0.0,0.0
2022-02-16 00:00:00-05:00,29.24681870818159,30.198530820324567,29.24681870818159,29.466445922851562,8200,0.0,0.0
2022-02-17 00:00:00-05:00,29.759280806414992,30.491365726632726,28.72795445144798,29.301727294921875,20400,0.0,0.0
2022-02-18 00:00:00-05:00,30.65608411561142,30.65608411561142,29.649467824575584,30.17565155029297,9700,0.0,0.0
2022-02-22 00:00:00-05:00,29.750127141480977,30.637782051761167,29.283424105771957,30.033811569213867,9700,0.0,0.0
2022-02-23 00:00:00-05:00,30.198530654347877,32.3856358007773,30.198530654347877,30.985523223876953,8800,0.0,0.0
2022-02-24 00:00:00-05:00,30.19852998598039,30.19852998598039,28.82586953207219,29.100400924682617,4700,0.0,0.0
2022-02-25 00:00:00-05:00,29.722674693441842,31.754213333588623,29.722674693441842,30.0155086517334,24700,0.0,0.0
2022-02-28 00:00:00-05:00,29.8233372840318,30.33579846098742,28.825870513916016,28.825870513916016,13700,0.0,0.0
2022-03-01 00:00:00-05:00,30.198532478734883,30.24428713280412,29.146159726288847,29.777584075927734,7500,0.0,0.0
2022-03-02 00:00:00-05:00,31.05873036725237,31.05873036725237,29.384086370127285,30.074993133544922,16700,0.0,0.0
2022-03-03 00:00:00-05:00,30.656084221754387,30.656084221754387,28.826784842674474,28.917381286621094,6100,0.0,0.0
2022-03-04 00:00:00-05:00,29.265120797394466,29.28342335589463,28.427798818434436,28.459827423095703,6800,0.0,0.0
2022-03-07 00:00:00-05:00,28.807567586074583,29.237668987848014,26.689096163890717,28.368316650390625,8700,0.0,0.0
2022-03-08 00:00:00-05:00,26.69367145221762,28.825870707768793,26.69367145221762,28.18529510498047,4900,0.0,0.0
2022-03-09 00:00:00-05:00,27.49347422411815,28.37746718910343,27.45320894516485,27.892459869384766,6600,0.0,0.0
2022-03-10 00:00:00-05:00,27.892462645700636,27.892462645700636,24.66213585535834,25.53148651123047,24100,0.0,0.0
2022-03-11 00:00:00-05:00,26.35508155822754,28.368317706540367,25.26152894526005,26.35508155822754,33200,0.0,0.0
2022-03-14 00:00:00-04:00,27.013961435024335,30.052116662989,26.538105334265758,26.99565887451172,44800,0.0,0.0
2022-03-15 00:00:00-04:00,26.995656788229756,27.462361572664083,26.538103283344505,27.425756454467773,3900,0.0,0.0
2022-03-16 00:00:00-04:00,27.444058915693212,27.82840392824327,27.425756356660326,27.526418685913086,2600,0.0,0.0
2022-03-17 00:00:00-04:00,26.780606606799605,27.910764344533288,26.780606606799605,27.453210830688477,3900,0.0,0.0
2022-03-18 00:00:00-04:00,27.096318408855424,28.23105086182874,27.096318408855424,28.038877487182617,5300,0.0,0.0
2022-03-21 00:00:00-04:00,28.13954053548991,30.65608481102153,27.764346801317625,29.832487106323242,9600,0.0,0.0
2022-03-22 00:00:00-04:00,28.99059080368772,31.12278835466395,28.688605555542143,30.129898071289062,13000,0.0,0.0
2022-03-23 00:00:00-04:00,28.871625444746048,30.3815534064075,27.480664117159385,29.832487106323242,5900,0.0,0.0
2022-03-24 00:00:00-04:00,30.47306177743256,30.802500849219307,24.776522215497717,26.172060012817383,43300,0.0,0.0
2022-03-25 00:00:00-04:00,27.123770641315982,27.99312298050814,25.641298294067383,25.641298294067383,11400,0.0,0.0
2022-03-28 00:00:00-04:00,26.702821347623118,26.702821347623118,25.622994856543176,26.245267868041992,7200,0.0,0.0
2022-03-29 00:00:00-04:00,27.08716793693419,27.544721443485685,26.217815576315104,26.88584327697754,10800,0.0,0.0
2022-03-30 00:00:00-04:00,26.812635316212404,27.599627921587974,26.812635316212404,27.132923126220703,2400,0.0,0.0
2022-03-31 00:00:00-04:00,27.453210936229006,27.681987694030912,26.99565742062519,27.132923126220703,4100,0.0,0.0
2022-04-01 00:00:00-04:00,27.91076268366125,27.91076268366125,26.72112431662723,27.361698150634766,11400,0.0,0.0
2022-04-04 00:00:00-04:00,27.105471267746253,28.77096579973903,27.105471267746253,27.910764694213867,14500,0.0,0.0
2022-04-05 00:00:00-04:00,28.327138313777567,28.459829253294807,27.311368942260742,27.311368942260742,4200,0.0,0.0
2022-04-06 00:00:00-04:00,27.444057716616665,28.240201545481263,26.91329574584961,26.91329574584961,5200,0.0,0.0
2022-04-07 00:00:00-04:00,27.89246193953115,28.679454546239192,27.320520044058014,28.560489654541016,2600,0.0,0.0
2022-04-08 00:00:00-04:00,27.3159443122727,29.008892612175607,27.17867861129205,28.825870513916016,3800,0.0,0.0
2022-04-11 00:00:00-04:00,27.361698466664624,29.96975371959265,27.023109860096724,29.887393951416016,14100,0.0,0.0
2022-04-12 00:00:00-04:00,29.28342322147254,30.42730694106131,27.087166828947705,30.198530197143555,33800,0.0,0.0
2022-04-13 00:00:00-04:00,29.356634578644982,31.113638363564714,28.51473431356212,31.02212905883789,9200,0.0,0.0
2022-04-14 00:00:00-04:00,29.715354737055033,30.638696670532227,29.715354737055033,30.638696670532227,900,0.0,0.0
2022-04-18 00:00:00-04:00,29.75013000114268,32.94385528564453,29.75013000114268,32.94385528564453,11400,0.0,0.0
2022-04-19 00:00:00-04:00,32.02874603555784,32.02874603555784,30.171079882569494,31.616947174072266,9300,0.0,0.0
2022-04-20 00:00:00-04:00,31.86402704014018,31.86402704014018,30.44927023545281,31.424776077270508,2200,0.0,0.0
2022-04-21 00:00:00-04:00,31.57119031124039,32.0104412357984,30.701837995803142,30.893095016479492,3500,0.0,0.0
2022-04-22 00:00:00-04:00,30.290040627061074,31.342415084639633,26.446592233281834,27.425756454467773,9900,0.0,0.0
2022-04-25 00:00:00-04:00,26.629614482102646,29.292574010341987,26.629614482102646,29.182762145996094,8900,0.0,0.0
2022-04-26 00:00:00-04:00,31.516285187659726,31.516285187659726,27.471513748168945,27.471513748168945,3300,0.0,0.0
2022-04-27 00:00:00-04:00,27.4532101136846,27.929066174557878,27.05056254329736,27.41660499572754,12800,0.0,0.0
2022-04-28 00:00:00-04:00,27.45321018582608,29.74097770131159,27.45321018582608,29.274272918701172,30800,0.0,0.0
2022-04-29 00:00:00-04:00,28.51473275223683,29.19191169361938,26.776029876208344,27.17776107788086,15500,0.0,0.0
2022-05-02 00:00:00-04:00,26.885841753476882,29.215705389376065,26.885841753476882,27.499879837036133,7000,0.0,0.0
2022-05-03 00:00:00-04:00,27.846707131863514,28.807568812766355,27.169528140824575,27.453210830688477,11300,0.0,0.0
2022-05-04 00:00:00-04:00,28.130389612837167,28.751748061976148,27.261038990244526,28.093786239624023,9300,0.0,0.0
2022-05-05 00:00:00-04:00,26.593007861724914,27.270186805037802,26.5838565826416,26.5838565826416,1500,0.0,0.0
2022-05-06 00:00:00-04:00,26.739426560220704,27.910764176986046,25.943284428349706,26.345932006835938,8300,0.0,0.0
2022-05-09 00:00:00-04:00,24.991573763839174,27.370852511191156,24.991573763839174,25.11968994140625,8800,0.0,0.0
2022-05-10 00:00:00-04:00,26.46489424485039,26.46489424485039,24.55232049436485,25.211196899414062,11600,0.0,0.0
2022-05-11 00:00:00-04:00,25.62299519701126,25.62299519701126,23.35353032703585,25.61384391784668,8100,0.0,0.0
2022-05-12 00:00:00-04:00,24.707890454460593,24.956798986649066,22.694654237777716,23.335229873657227,10400,0.0,0.0
2022-05-13 00:00:00-04:00,23.335229022257305,23.564005777377474,19.949332348307543,20.882741928100586,43100,0.0,0.0
2022-05-16 00:00:00-04:00,21.422654550047817,22.127287353019547,20.919346402455474,21.386051177978516,11000,0.0,0.0
2022-05-17 00:00:00-04:00,22.465876079520477,24.0627385573692,21.276237681520662,23.47249412536621,10300,0.0,0.0
2022-05-18 00:00:00-04:00,23.316925587196785,24.003255826779775,22.28285546088009,22.694652557373047,20900,0.0,0.0
2022-05-19 00:00:00-04:00,22.74955965882671,23.33522755661257,21.505013630603738,22.00832176208496,3000,0.0,0.0
2022-05-20 00:00:00-04:00,22.561046369000632,22.87767399143272,21.903084590677842,22.328609466552734,10000,0.0,0.0
2022-05-23 00:00:00-04:00,22.877675595684842,23.348955154418945,21.514166339633398,23.348955154418945,49900,0.0,0.0
2022-05-24 00:00:00-04:00,23.243718970378776,23.243718970378776,21.505015905803692,21.756669998168945,6000,0.0,0.0
2022-05-25 00:00:00-04:00,22.07238179467143,22.877675193494053,21.212180718676183,22.282855987548828,4300,0.0,0.0
2022-05-26 00:00:00-04:00,22.28285697486703,23.242804073031834,21.79784961092093,22.44757652282715,3500,0.0,0.0
2022-05-27 00:00:00-04:00,22.960034222866323,27.434906787765176,22.877674455193382,26.492347717285156,16800,0.0,0.0
2022-05-31 00:00:00-04:00,25.622996508189715,25.622996508189715,22.420121944666,23.060697555541992,19000,0.0,0.0
2022-06-01 00:00:00-04:00,23.10645339029347,24.973272640621733,22.694654512889237,23.24371910095215,17000,0.0,0.0
2022-06-02 00:00:00-04:00,22.950882696565532,25.385067092759755,22.950882696565532,23.426738739013672,9800,0.0,0.0
2022-06-03 00:00:00-04:00,23.74702773299071,24.25033589297556,23.609760284423828,23.609760284423828,2300,0.0,0.0
2022-06-06 00:00:00-04:00,24.250334847295928,24.70788833498076,23.106451128083858,23.435890197753906,37100,0.0,0.0
2022-06-07 00:00:00-04:00,23.70127113989581,24.515717563280873,23.529231273865697,24.250335693359375,3100,0.0,0.0
2022-06-08 00:00:00-04:00,24.707889197007667,25.23865119142256,23.044223931644392,24.250335693359375,7900,0.0,0.0
2022-06-09 00:00:00-04:00,23.435889814429462,24.00325515243895,22.978336334228516,22.978336334228516,3600,0.0,0.0
2022-06-10 00:00:00-04:00,22.57569023271178,23.33522898880477,22.063230790697116,22.19134521484375,1000,0.0,0.0
2022-06-13 00:00:00-04:00,22.090682880046298,23.70127144293208,20.58990792742851,22.630596160888672,12100,0.0,0.0
2022-06-14 00:00:00-04:00,21.65143249415564,21.9625690283583,20.489246130835586,20.750051498413086,16600,0.0,0.0
2022-06-15 00:00:00-04:00,21.047462020058457,22.621445507986948,20.644814431824408,20.690570831298828,2300,0.0,0.0
2022-06-16 00:00:00-04:00,20.13235438683287,20.13235438683287,18.311291631293454,19.01592445373535,4500,0.0,0.0
2022-06-17 00:00:00-04:00,19.253852306640947,20.17078852426738,18.535491698801664,19.226398468017578,5300,0.0,0.0
2022-06-21 00:00:00-04:00,19.50093117194037,21.02000876842512,18.89238587804549,19.07998275756836,7800,0.0,0.0
2022-06-22 00:00:00-04:00,18.732240306971832,19.766312230035354,18.3295944698089,18.48516273498535,14200,0.0,0.0
2022-06-23 00:00:00-04:00,18.73223958351119,19.81206611827558,18.302139923659304,18.668182373046875,18800,0.0,0.0
2022-06-24 00:00:00-04:00,19.034225006478636,20.123202831185683,18.723088485133765,18.89695930480957,7100,0.0,0.0
2022-06-27 00:00:00-04:00,19.263001533539345,20.333676786781712,18.713938733253475,19.377389907836914,3200,0.0,0.0
2022-06-28 00:00:00-04:00,19.546684941582498,20.132352828979492,19.546684941582498,20.132352828979492,900,0.0,0.0
2022-06-29 00:00:00-04:00,20.040841785216713,20.132352828979492,19.674799355593592,20.132352828979492,1200,0.0,0.0
2022-06-30 00:00:00-04:00,20.132352429766986,20.132352429766986,19.6747989654541,19.6747989654541,900,0.0,0.0
2022-07-01 00:00:00-04:00,20.470943527524494,20.470943527524494,19.72055435180664,19.72055435180664,1200,0.0,0.0
2022-07-05 00:00:00-04:00,20.233018497437143,21.518742853187774,19.766313667956847,20.434341430664062,4400,0.0,0.0
2022-07-06 00:00:00-04:00,20.031691127710516,21.252445242879514,19.50092915193497,19.839519500732422,6200,0.0,0.0
2022-07-07 00:00:00-04:00,19.84867016420007,21.505013249137182,19.610742148588045,20.132352828979492,4500,0.0,0.0
2022-07-08 00:00:00-04:00,19.83036880442057,19.83036880442057,18.777996101139138,19.714149475097656,3100,0.0,0.0
2022-07-11 00:00:00-04:00,19.76631165776049,19.76631165776049,18.89695930480957,18.89695930480957,2600,0.0,0.0
2022-07-12 00:00:00-04:00,19.052526069340107,20.836985287193652,19.052526069340107,19.901744842529297,1700,0.0,0.0
2022-07-13 00:00:00-04:00,19.10743318751908,20.818684027193203,18.89695899867437,18.930818557739258,3000,0.0,0.0
2022-07-14 00:00:00-04:00,18.942715702317987,19.839520148345866,18.485162199802367,18.89695930480957,3800,0.0,0.0
2022-07-15 00:00:00-04:00,19.32706027725045,19.674800163311332,18.988469925056283,19.584203720092773,7000,0.0,0.0
2022-07-18 00:00:00-04:00,20.498396757074026,20.498396757074026,19.03422518611986,19.125736236572266,3200,0.0,0.0
2022-07-19 00:00:00-04:00,19.683951601068703,20.338253239773447,19.683951601068703,19.85782241821289,5000,0.0,0.0
2022-07-20 00:00:00-04:00,20.34282769544258,20.81868374275105,20.008813858032227,20.008813858032227,24500,0.0,0.0
2022-07-21 00:00:00-04:00,19.99508787049195,21.505014039041146,19.76631112539577,20.827835083007812,17300,0.0,0.0
2022-07-22 00:00:00-04:00,20.223863637295516,20.818682796686687,19.85782121193387,20.663114547729492,2900,0.0,0.0
2022-07-25 00:00:00-04:00,21.505015659882208,25.76026309030518,21.3219935518396,22.23710060119629,75500,0.0,0.0
2022-07-26 00:00:00-04:00,21.459260467065995,22.877675659802495,21.459260467065995,22.420122146606445,17000,0.0,0.0
2022-07-27 00:00:00-04:00,23.248294150084668,27.819252674358932,22.493330170849557,24.689586639404297,24900,0.0,0.0
2022-07-28 00:00:00-04:00,23.1064529993518,25.165443860680178,23.057036436728094,23.655517578125,11600,0.0,0.0
2022-07-29 00:00:00-04:00,23.65551552965957,24.524866104125977,23.48164471659508,24.524866104125977,14500,0.0,0.0
2022-08-01 00:00:00-04:00,24.781098523091284,27.453211144285536,24.781098523091284,26.263572692871094,29500,0.0,0.0
2022-08-02 00:00:00-04:00,25.321012123900488,27.819253949582023,25.321012123900488,27.160377502441406,4600,0.0,0.0
2022-08-03 00:00:00-04:00,27.16952703810024,27.16952703810024,24.717040024162184,25.641298294067383,27300,0.0,0.0
2022-08-04 00:00:00-04:00,26.547254686266,26.547254686266,22.877675350581374,24.47911262512207,6300,0.0,0.0
2022-08-05 00:00:00-04:00,25.494881783312163,25.494881783312163,24.524867098812773,24.689586639404297,7000,0.0,0.0
2022-08-08 00:00:00-04:00,24.62552975933428,25.577241897583008,24.62552975933428,25.577241897583008,1000,0.0,0.0
2022-08-09 00:00:00-04:00,25.40336991138182,26.794332936442128,25.03275095704495,25.622995376586914,7500,0.0,0.0
2022-08-10 00:00:00-04:00,23.472493629823475,27.20613002916616,23.472493629823475,25.622995376586914,17000,0.0,0.0
2022-08-11 00:00:00-04:00,25.622995743462365,25.622995743462365,24.707888752624424,25.211196899414062,13100,0.0,0.0
2022-08-12 00:00:00-04:00,27.453212586694985,27.453212586694985,24.57062561417766,25.90485191345215,13500,0.0,0.0
2022-08-15 00:00:00-04:00,24.90921150829418,25.165442092499184,24.273212432861328,24.273212432861328,9000,0.0,0.0
2022-08-16 00:00:00-04:00,25.366765798554923,25.366765798554923,24.29609052240722,24.918363571166992,2300,0.0,0.0
2022-08-17 00:00:00-04:00,24.662133000208186,25.165441124527543,23.815658024217285,24.707887649536133,7200,0.0,0.0
2022-08-18 00:00:00-04:00,22.081529935097123,24.707887649536133,22.081529935097123,24.707887649536133,1700,0.0,0.0
2022-08-19 00:00:00-04:00,23.893445185875702,24.5706241807227,23.893445185875702,24.180788040161133,1500,0.0,0.0
2022-08-22 00:00:00-04:00,24.61637757720101,24.67128350764759,22.46130104382103,23.344379425048828,6400,0.0,0.0
2022-08-23 00:00:00-04:00,24.163400790537427,24.38760102649422,22.93258076726628,23.792781829833984,9300,0.0,0.0
2022-08-24 00:00:00-04:00,23.792781923420957,23.792781923420957,22.959120091421703,23.47249412536621,3500,0.0,0.0
2022-08-25 00:00:00-04:00,23.68297022557743,24.634682417065683,23.227247644356314,23.692121505737305,3700,0.0,0.0
2022-08-26 00:00:00-04:00,24.250336128087334,24.250336128087334,22.91428071128878,23.568580627441406,2300,0.0,0.0
2022-08-29 00:00:00-04:00,23.143056604387898,23.792781729187155,23.143056604387898,23.790950775146484,3700,0.0,0.0
2022-08-30 00:00:00-04:00,25.696204562706704,25.696204562706704,23.573156595983203,23.69761085510254,2000,0.0,0.0
2022-08-31 00:00:00-04:00,23.79278371166826,24.62553100194239,23.316927618532123,23.40386390686035,5200,0.0,0.0
2022-09-01 00:00:00-04:00,23.989543479408322,24.1769607126323,23.436659334781126,23.89583396911621,11400,0.6,0.0
2022-09-02 00:00:00-04:00,23.895833256324746,24.439346254974193,23.032772427861637,24.176959991455078,9300,0.0,0.0
2022-09-06 00:00:00-04:00,23.755270498163902,24.31752577020854,22.95686740415804,23.689674377441406,10300,0.0,0.0
2022-09-07 00:00:00-04:00,23.614707225600117,24.239747103323356,23.614707225600117,23.89583396911621,8400,0.0,0.0
2022-09-08 00:00:00-04:00,24.176960704576008,24.336266335811445,23.736528329918162,24.31752586364746,5300,0.0,0.0
2022-09-09 00:00:00-04:00,24.23318704756242,24.270669778576885,23.858349013256504,24.22381591796875,7700,0.0,0.0
2022-09-12 00:00:00-04:00,24.325022660826054,24.36438033439503,23.891149887415498,24.03639793395996,2900,0.0,0.0
2022-09-13 00:00:00-04:00,23.661561313898254,24.083253220575198,23.661561313898254,23.6803035736084,5700,0.0,0.0
2022-09-14 00:00:00-04:00,24.15353391297595,24.15353391297595,23.080563678396956,23.15553092956543,10300,0.0,0.0
2022-09-15 00:00:00-04:00,22.95874345934277,23.82555244643505,22.95874345934277,23.605337142944336,1800,0.0,0.0
2022-09-16 00:00:00-04:00,23.614708049912853,24.692362987488966,22.997164339501257,23.610021591186523,6000,0.0,0.0
2022-09-19 00:00:00-04:00,23.202387012647538,24.29409773991895,23.202387012647538,23.24924087524414,5300,0.0,0.0
2022-09-20 00:00:00-04:00,23.42728820501589,24.41123359468246,23.42728820501589,23.89583396911621,5200,0.0,0.0
2022-09-21 00:00:00-04:00,23.65218992450881,23.65218992450881,23.08056352114366,23.10867691040039,5700,0.0,0.0
2022-09-22 00:00:00-04:00,23.2960962317515,24.03171294688577,23.268919418910748,23.573474884033203,2400,0.0,0.0
2022-09-23 00:00:00-04:00,24.364378838350763,24.364378838350763,22.95874159767668,23.70841407775879,22600,0.0,0.0
2022-09-26 00:00:00-04:00,23.05713647517783,23.427288055419922,23.05713647517783,23.427288055419922,1900,0.0,0.0
2022-09-27 00:00:00-04:00,23.211756955244294,23.211756955244294,22.26060786441861,22.443342208862305,7700,0.0,0.0
2022-09-28 00:00:00-04:00,22.321520597969354,23.08712387084961,22.321520597969354,23.08712387084961,1400,0.0,0.0
2022-09-29 00:00:00-04:00,22.76195555411141,23.417918593976992,21.97479847638442,22.490198135375977,7100,0.0,0.0
2022-09-30 00:00:00-04:00,22.462084415620993,23.40386244968279,22.290597915649414,22.290597915649414,3300,0.0,0.0
2022-10-03 00:00:00-04:00,23.05245144811676,23.05245144811676,21.178268432617188,21.178268432617188,2500,0.0,0.0
2022-10-04 00:00:00-04:00,21.435967316562696,23.427286684767974,21.435967316562696,21.57184600830078,10000,0.0,0.0
2022-10-05 00:00:00-04:00,21.506251780251553,23.052452479762383,20.807181212506585,21.6749267578125,3900,0.0,0.0
2022-10-06 00:00:00-04:00,21.459396574521797,22.86503392814585,20.878400802612305,20.878400802612305,32200,0.0,0.0
2022-10-07 00:00:00-04:00,20.737835195651993,20.906511960471768,18.742767559248033,18.788684844970703,24900,0.0,0.0
2022-10-10 00:00:00-04:00,19.144780982522658,21.440654247186018,19.144780982522658,21.03770637512207,10800,0.0,0.0
2022-10-11 00:00:00-04:00,20.64412759820958,21.440653989998413,19.678922653198242,19.678922653198242,9000,0.0,0.0
2022-10-12 00:00:00-04:00,19.21037716619538,21.037706440850776,19.21037716619538,20.878400802612305,5500,0.0,0.0
2022-10-13 00:00:00-04:00,20.87840014935285,21.06581738488914,19.688293464888314,19.846662521362305,12600,0.0,0.0
2022-10-14 00:00:00-04:00,19.866340055235444,20.822172004723676,19.210375305470443,20.775318145751953,6500,0.0,0.0
2022-10-17 00:00:00-04:00,20.812801834798492,21.693668365478516,20.214000409749293,21.693668365478516,2100,0.0,0.0
2022-10-18 00:00:00-04:00,21.646815057416845,22.569849014282227,21.084559772673494,22.569849014282227,4800,0.0,0.0
2022-10-19 00:00:00-04:00,21.787378113670343,22.67761578379667,20.897140443544014,21.056446075439453,13400,0.0,0.0
2022-10-20 00:00:00-04:00,21.150155967435676,21.59059013921973,21.150155967435676,21.5184326171875,4700,0.0,0.0
2022-10-21 00:00:00-04:00,21.440654232268443,22.844418426911368,21.11267361423067,21.140785217285156,1500,0.0,0.0
2022-10-24 00:00:00-04:00,22.668246251251066,22.668246251251066,21.562477879869007,22.01228141784668,5600,0.0,0.0
2022-10-25 00:00:00-04:00,22.02165193382214,22.952183893070348,22.01228080362238,22.29340934753418,3900,0.0,0.0
2022-10-26 00:00:00-04:00,22.490198135375977,22.836922809734915,22.47145587463001,22.490198135375977,3600,0.0,0.0
2022-10-27 00:00:00-04:00,22.925945867237715,22.925945867237715,22.490198135375977,22.490198135375977,1100,0.0,0.0
2022-10-28 00:00:00-04:00,22.977485513721273,23.42728903421166,22.490197472843196,23.3991756439209,2500,0.0,0.0
2022-10-31 00:00:00-04:00,23.108676794877393,23.427288055419922,22.284037041765114,23.427288055419922,14700,0.0,0.0
2022-11-01 00:00:00-04:00,23.11804805848582,23.11804805848582,22.49019666346955,22.583906173706055,10900,0.0,0.0
2022-11-02 00:00:00-04:00,22.29340934753418,22.537051583286612,22.29340934753418,22.29340934753418,3500,0.0,0.0
2022-11-03 00:00:00-04:00,22.434909171177292,22.434909171177292,21.82486343383789,21.82486343383789,2300,0.0,0.0
2022-11-04 00:00:00-04:00,22.10598868913234,22.387115424965838,20.61601305702236,21.599958419799805,3800,0.0,0.0
2022-11-07 00:00:00-05:00,21.87171704982295,23.06182375435409,20.634756482457796,22.14347267150879,4800,0.0,0.0
2022-11-08 00:00:00-05:00,21.824863263765266,22.54548582889398,21.824863263765266,21.881088256835938,2500,0.0,0.0
2022-11-09 00:00:00-05:00,21.86234496572077,23.052451618316166,21.59995869816392,21.646814346313477,4100,0.0,0.0
2022-11-10 00:00:00-05:00,22.958742570589575,23.422603666107346,21.740524291992188,21.740524291992188,4200,0.0,0.0
2022-11-11 00:00:00-05:00,23.052453412227905,23.380435825357072,20.90651281870994,21.0751895904541,25600,0.0,0.0
2022-11-14 00:00:00-05:00,20.662868255184623,21.92794222307273,20.428595364366835,21.197011947631836,9700,0.0,0.0
2022-11-15 00:00:00-05:00,21.78737855641371,22.958742994930578,21.78737855641371,22.359004974365234,3900,0.0,0.0
2022-11-16 00:00:00-05:00,22.67761582548564,23.38043447560573,21.71709557376665,21.740524291992188,8000,0.0,0.0
2022-11-17 00:00:00-05:00,21.59995857875214,22.490196227709735,21.59995857875214,22.068504333496094,4100,0.0,0.0
2022-11-18 00:00:00-05:00,22.490195134943544,22.490195134943544,21.098613739013672,21.098613739013672,7000,0.0,0.0
2022-11-21 00:00:00-05:00,21.721781595992546,22.490196352043046,21.646814346313477,21.646814346313477,2800,0.0,0.0
2022-11-22 00:00:00-05:00,21.64681506025785,22.490197093803424,21.468767166137695,21.468767166137695,9400,0.0,0.0
2022-11-23 00:00:00-05:00,21.79675025767861,22.499568939208984,21.36100253214095,22.499568939208984,3500,0.0,0.0
2022-11-25 00:00:00-05:00,22.508938813336407,23.427288076987875,21.506251169618963,22.480825424194336,3500,0.0,0.0
2022-11-28 00:00:00-05:00,22.115360866840575,22.36368955484218,21.834232330322266,21.834232330322266,1400,0.0,0.0
2022-11-29 00:00:00-05:00,22.0685047610854,23.146161447764843,22.0685047610854,22.583906173706055,2600,0.0,0.0
2022-11-30 00:00:00-05:00,22.761954388514596,23.909890096335833,22.761954388514596,23.886463165283203,11400,0.0,0.0
2022-12-01 00:00:00-05:00,23.895834742913728,23.895834742913728,22.490197405095273,22.771324157714844,8900,0.0,0.0
2022-12-02 00:00:00-05:00,23.024339265059748,24.064511465083886,23.024339265059748,23.614707946777344,3800,0.0,0.0
2022-12-05 00:00:00-05:00,23.099306960173728,23.38043550501564,21.178269946875513,21.346946716308594,10700,0.0,0.0
2022-12-06 00:00:00-05:00,21.571847620053834,22.157529830932617,21.412541987200395,22.157529830932617,4000,0.0,0.0
2022-12-07 00:00:00-05:00,22.162213964437044,22.162213964437044,21.4228491740312,21.646814346313477,3300,0.0,0.0
2022-12-08 00:00:00-05:00,21.740525461058134,21.965427226707106,21.206381756861433,21.863283157348633,2200,0.0,0.0
2022-12-09 00:00:00-05:00,21.355377837899827,21.599958419799805,21.355377837899827,21.599958419799805,1000,0.0,0.0
2022-12-12 00:00:00-05:00,22.06569461176118,22.06569461176118,21.56247585612009,21.965425491333008,1700,0.0,0.0
2022-12-13 00:00:00-05:00,21.637444324299896,22.049765112321495,21.21575240616868,21.300090789794922,3800,0.0,0.0
2022-12-14 00:00:00-05:00,21.365686437271354,22.152843475341797,21.31883257512727,22.152843475341797,2300,0.0,0.0
2022-12-15 00:00:00-05:00,22.124730948150624,22.143471419808712,21.084558808318324,21.599958419799805,5200,0.0,0.0
2022-12-16 00:00:00-05:00,21.3563175201416,21.3563175201416,21.3563175201416,21.3563175201416,400,0.0,0.0
2022-12-19 00:00:00-05:00,21.93731385137801,22.162215617187297,21.228872127294537,21.234495162963867,1600,0.0,0.0
2022-12-20 00:00:00-05:00,21.234495162963867,21.234495162963867,21.234495162963867,21.234495162963867,0,0.0,0.0
2022-12-21 00:00:00-05:00,22.115361453046436,22.162215316694624,21.50625228881836,21.50625228881836,3700,0.0,0.0
2022-12-22 00:00:00-05:00,21.34694567743487,21.881087563071432,21.159526656661225,21.21575164794922,3100,0.0,0.0
2022-12-23 00:00:00-05:00,21.553105709018705,22.162214860714567,21.459396196290044,21.623388290405273,1900,0.0,0.0
2022-12-27 00:00:00-05:00,21.5531063079834,21.5531063079834,21.5531063079834,21.5531063079834,500,0.0,0.0
2022-12-28 00:00:00-05:00,21.22512435913086,21.22512435913086,21.22512435913086,21.22512435913086,1500,0.0,0.0
2022-12-29 00:00:00-05:00,21.834232737647145,22.44334368445318,21.27197922884206,22.349634170532227,7000,0.0,0.0
2022-12-30 00:00:00-05:00,22.394614462424116,22.48738561044936,21.834232330322266,21.834232330322266,3000,0.0,0.0
2023-01-03 00:00:00-05:00,21.88108650939529,21.927940368652344,21.862344250748404,21.927940368652344,1400,0.0,0.0
2023-01-04 00:00:00-05:00,23.361692569638162,23.361692569638162,21.881087995798293,22.621389389038086,2800,0.0,0.0
2023-01-05 00:00:00-05:00,22.424602010125454,22.925945867237715,22.302779102637032,22.490198135375977,2600,0.0,0.0
2023-01-06 00:00:00-05:00,22.958744000916294,23.193016898884828,22.31215030206224,22.33089256286621,1900,0.0,0.0
2023-01-09 00:00:00-05:00,22.761955430894655,23.286726217418465,22.021652221679688,22.021652221679688,7000,0.0,0.0
2023-01-10 00:00:00-05:00,22.62513768777564,22.62513768777564,22.040393829345703,22.040393829345703,700,0.0,0.0
2023-01-11 00:00:00-05:00,22.218439111947145,22.640131011473525,21.852973990597768,22.115360260009766,3000,0.0,0.0
2023-01-12 00:00:00-05:00,22.115360260009766,22.115360260009766,22.115360260009766,22.115360260009766,1300,0.0,0.0
2023-01-13 00:00:00-05:00,22.949372466421945,23.830239047734242,21.66555800908158,22.499568939208984,6900,0.0,0.0
2023-01-17 00:00:00-05:00,22.90251726594493,22.987792222556124,22.490196496383696,22.6401309967041,565600,0.0,0.0
2023-01-18 00:00:00-05:00,23.04307917425676,24.79543920580647,22.049762725830078,22.049762725830078,11600,0.0,0.0
2023-01-19 00:00:00-05:00,22.44334325970265,23.304529190063477,22.288722296555303,23.304529190063477,6700,0.0,0.0
2023-01-20 00:00:00-05:00,23.708415360676867,23.708415360676867,22.32152030379673,23.2023868560791,5300,0.0,0.0
2023-01-23 00:00:00-05:00,23.174273719132657,23.174273719132657,21.664619167291445,22.56516456604004,9600,0.0,0.0
2023-01-24 00:00:00-05:00,22.241868254827846,22.63076031416782,22.241868254827846,22.312149047851562,4700,0.0,0.0
2023-01-25 00:00:00-05:00,22.30277791797635,22.49019694076012,22.162214544568652,22.312149047851562,9800,0.0,0.0
2023-01-26 00:00:00-05:00,22.49019844367305,24.682992934920005,22.443344578526222,23.63344955444336,9700,0.0,0.0
2023-01-27 00:00:00-05:00,24.66424817243099,25.39518019116785,22.81817854752713,24.54242706298828,22500,0.0,0.0
2023-01-30 00:00:00-05:00,24.36437957763672,24.36437957763672,22.79943666404026,23.427288055419922,7900,0.0,0.0
2023-01-31 00:00:00-05:00,23.44602960341014,24.16759048258928,23.417916215146995,23.70841407775879,4600,0.0,0.0
2023-02-01 00:00:00-05:00,24.373751665367685,24.373751665367685,23.155531566186806,24.345638275146484,294700,0.0,0.0
2023-02-02 00:00:00-05:00,24.261299101534036,24.270670231302507,23.31483644324145,23.47414207458496,7000,0.0,0.0
2023-02-03 00:00:00-05:00,23.427288989703193,24.345638289133085,23.230500620122633,24.2425594329834,10400,0.0,0.0
2023-02-06 00:00:00-05:00,24.24255921916158,24.24255921916158,23.057137191333133,24.03639793395996,21400,0.0,0.0
2023-02-07 00:00:00-05:00,23.689674484539292,24.158220248801353,23.1602172704623,23.47414207458496,13800,0.0,0.0
2023-02-08 00:00:00-05:00,23.511625996096466,24.176960106505796,23.33357810974121,23.33357810974121,6300,0.0,0.0
2023-02-09 00:00:00-05:00,23.78806833352122,23.923947032224152,23.286724515758202,23.90520477294922,5200,0.0,0.0
2023-02-10 00:00:00-05:00,23.530368694819046,23.89583381652832,23.427288055419922,23.427288055419922,8400,0.0,0.0
2023-02-13 00:00:00-05:00,23.7646417271234,24.355008603451292,23.164901933670027,23.89583396911621,14800,0.0,0.0
2023-02-14 00:00:00-05:00,23.64281905418811,23.848980336279176,23.45540181916745,23.6803035736084,4000,0.0,0.0
2023-02-15 00:00:00-05:00,23.43665852666406,23.549108505249023,23.42728739722195,23.549108505249023,1500,0.0,0.0
2023-02-16 00:00:00-05:00,23.342951268054946,23.830239321820418,23.342951268054946,23.802125930786133,4200,0.0,0.0
2023-02-17 00:00:00-05:00,24.289412897299542,26.82424545288086,23.446030864986696,26.82424545288086,14500,0.0,0.0
2023-02-21 00:00:00-05:00,25.929322390328036,27.15691177919395,25.039084732742385,25.47951889038086,20200,0.0,0.0
2023-02-22 00:00:00-05:00,26.243247479143367,28.10337473587565,24.96411775673964,24.996915817260742,16900,0.0,0.0
2023-02-23 00:00:00-05:00,25.460777774371188,25.460777774371188,24.1675922071119,24.60802459716797,20200,0.0,0.0
2023-02-24 00:00:00-05:00,24.176960558249267,24.176960558249267,23.427288055419922,23.427288055419922,11000,0.0,0.0
2023-02-27 00:00:00-05:00,23.652190665978605,24.832926241372377,23.15553149770145,23.71778678894043,10300,0.0,0.0
2023-02-28 00:00:00-05:00,24.083254479047916,24.083254479047916,23.427289653797445,23.802125930786133,12300,0.0,0.0
2023-03-01 00:00:00-05:00,23.446030677953623,23.783382415771484,23.257675078886525,23.783382415771484,8500,0.0,0.0
2023-03-02 00:00:00-05:00,23.72715753182095,24.364380065669963,23.33639053081583,23.886463165283203,34600,0.0,0.0
2023-03-03 00:00:00-05:00,23.91457748413086,25.10468421639118,23.33357991970634,23.91457748413086,13400,0.0,0.0
2023-03-06 00:00:00-05:00,23.802125912971967,25.207763291147796,22.95874384353854,23.436660766601562,47500,0.0,0.0
2023-03-07 00:00:00-05:00,23.464773009184306,24.355008899375527,23.239869466806457,23.520998001098633,22400,0.0,0.0
2023-03-08 00:00:00-05:00,23.520999448626597,23.520999448626597,23.146163167195812,23.16490364074707,3800,0.0,0.0
2023-03-09 00:00:00-05:00,23.230499850045707,25.263986751077198,23.108676950415834,23.47414207458496,8500,0.0,0.0
2023-03-10 00:00:00-05:00,23.848979955361575,26.069885862093653,23.427288055419922,23.427288055419922,4900,0.0,0.0
2023-03-13 00:00:00-04:00,23.427288612273696,23.820867132454303,23.05245235194937,23.2023868560791,11100,0.0,0.0
2023-03-14 00:00:00-04:00,23.89583396911621,23.905205098881446,23.386055591520904,23.89583396911621,7200,0.0,0.0
2023-03-15 00:00:00-04:00,23.277353554854056,25.114052080466063,23.277353554854056,23.427288055419922,10400,0.0,0.0
2023-03-16 00:00:00-04:00,23.20238715593551,24.50494384765625,23.20238715593551,24.50494384765625,5000,0.0,0.0
2023-03-17 00:00:00-04:00,24.364380204050164,24.364380204050164,20.616014018811676,22.255924224853516,21400,0.0,0.0
2023-03-20 00:00:00-04:00,22.012281594360406,23.333580614865383,20.765949830786194,20.906513214111328,12900,0.0,0.0
2023-03-21 00:00:00-04:00,21.38442714720311,21.77800563771311,21.0845581615498,21.093929290771484,8900,0.0,0.0
2023-03-22 00:00:00-04:00,21.450024737573695,23.371063463311582,21.318832494180178,21.524991989135742,4200,0.0,0.0
2023-03-23 00:00:00-04:00,21.553103868351425,21.562474997560013,20.1474666595459,20.1474666595459,3600,0.0,0.0
2023-03-24 00:00:00-04:00,20.784691091306268,22.03102279488341,20.15683967447506,20.56916046142578,7900,0.0,0.0
2023-03-27 00:00:00-04:00,20.972107588266926,21.590589640471485,20.719094234365336,21.2719783782959,16200,0.0,0.0
2023-03-28 00:00:00-04:00,21.084559293482165,23.193015222830383,20.80343255117983,21.323516845703125,7500,0.0,0.0
2023-03-29 00:00:00-04:00,21.590588315458884,21.904513099812096,20.24398761639218,21.412540435791016,36300,0.0,0.0
2023-03-30 00:00:00-04:00,21.993537964807892,22.021651354667807,21.609330573523785,21.834232330322266,6000,0.0,0.0
2023-03-31 00:00:00-04:00,21.740524291992188,21.78737815372276,21.178269014424068,21.740524291992188,3600,0.0,0.0
2023-04-03 00:00:00-04:00,22.11536070772197,22.11536070772197,21.76113986242087,21.787378311157227,4700,0.0,0.0
2023-04-04 00:00:00-04:00,21.796749233617547,22.02165098665763,21.178268965917262,21.478137969970703,12200,0.0,0.0
2023-04-05 00:00:00-04:00,21.852974996326108,22.443343682833277,21.52124449672769,21.562477111816406,6500,0.0,0.0
2023-04-06 00:00:00-04:00,21.899829484240414,21.899829484240414,21.543733707744675,21.646814346313477,5200,0.0,0.0
2023-04-10 00:00:00-04:00,21.009591428225264,22.021650173201387,21.009591428225264,21.448150634765625,5900,0.0,0.0
2023-04-11 00:00:00-04:00,21.562476360028242,21.703039732318548,20.65349821768138,21.636507034301758,15600,0.0,0.0
2023-04-12 00:00:00-04:00,20.943995676996877,23.033709322417018,20.33488655090332,20.33488655090332,5200,0.0,0.0
2023-04-13 00:00:00-04:00,20.334888149012237,21.356318121638587,20.334888149012237,20.70972442626953,6600,0.0,0.0
2023-04-14 00:00:00-04:00,21.03770617635045,21.03770617635045,20.728466033935547,20.728466033935547,800,0.0,0.0
2023-04-17 00:00:00-04:00,20.7659492371166,21.344135284423828,20.7659492371166,21.344135284423828,1500,0.0,0.0
2023-04-18 00:00:00-04:00,21.356317025240273,22.978421535029145,20.700352233195897,21.421913146972656,1600,0.0,0.0
2023-04-19 00:00:00-04:00,21.55310491300027,21.55310491300027,21.084559154022,21.27478790283203,2800,0.0,0.0
2023-04-20 00:00:00-04:00,21.07518746417856,21.29071807861328,21.07518746417856,21.29071807861328,900,0.0,0.0
2023-04-21 00:00:00-04:00,21.150155742812473,21.543734260567046,21.150155742812473,21.421913146972656,2500,0.0,0.0
2023-04-24 00:00:00-04:00,21.2719789545543,21.599959568008074,21.2719789545543,21.515621185302734,1500,0.0,0.0
2023-04-25 00:00:00-04:00,20.990849863334187,21.009592122854936,20.4285945892334,20.4285945892334,10200,0.0,0.0
2023-04-26 00:00:00-04:00,20.522304695148964,20.616014208112446,19.678922653198242,19.678922653198242,12000,0.0,0.0
2023-04-27 00:00:00-04:00,19.87571025199441,20.24117715966111,19.59458351135254,19.59458351135254,3300,0.0,0.0
2023-04-28 00:00:00-04:00,20.597272503356646,21.815492630004883,20.597272503356646,21.815492630004883,900,0.0,0.0
2023-05-01 00:00:00-04:00,20.616012573242188,21.553104053844105,20.616012573242188,20.616012573242188,14600,0.0,0.0
2023-05-02 00:00:00-04:00,21.271979423847124,21.5015658583298,21.075189264073074,21.08456039428711,1700,0.0,0.0
2023-05-03 00:00:00-04:00,20.606642247239208,21.48750877380371,20.569159515981262,21.48750877380371,3000,0.0,0.0
2023-05-04 00:00:00-04:00,20.897140502929688,20.897140502929688,20.897140502929688,20.897140502929688,400,0.0,0.0
2023-05-05 00:00:00-04:00,20.850286214540713,20.850286214540713,20.381740456910585,20.70035171508789,2000,0.0,0.0
2023-05-08 00:00:00-04:00,20.24117633847345,21.553104053844105,20.24117633847345,20.616012573242188,6900,0.0,0.0
2023-05-09 00:00:00-04:00,20.625383702531426,21.26447934876011,20.616012573242188,20.616012573242188,3300,0.0,0.0
2023-05-10 00:00:00-04:00,18.74183109828404,20.616014208112446,18.74183109828404,19.678922653198242,5200,0.0,0.0
2023-05-11 00:00:00-04:00,19.875711021797283,20.147468430655344,19.313457518737,19.678922653198242,4900,0.0,0.0
2023-05-12 00:00:00-04:00,19.96004896373153,20.184952504818984,19.543043516985666,19.58521270751953,2500,0.0,0.0
2023-05-15 00:00:00-04:00,20.316144943237305,20.316144943237305,20.316144943237305,20.316144943237305,1200,0.0,0.0
2023-05-16 00:00:00-04:00,19.62269809564578,21.71334845730909,19.032329402032182,21.712411880493164,10600,0.0,0.0
2023-05-17 00:00:00-04:00,21.150157356840218,21.150157356840218,19.678923814761877,19.960050582885742,11300,0.0,0.0
2023-05-18 00:00:00-04:00,20.044388970794984,20.044388970794984,19.960050582885742,19.960050582885742,1700,0.0,0.0
2023-05-19 00:00:00-04:00,19.960048349833006,20.4707632917642,19.885081100896326,19.969419479370117,4000,0.0,0.0
2023-05-22 00:00:00-04:00,20.053758690402717,20.41641409036818,19.444649544084182,19.68360710144043,3400,0.0,0.0
2023-05-23 00:00:00-04:00,19.63206812728242,20.19900806988946,19.63206812728242,20.01158905029297,9300,0.0,0.0
2023-05-24 00:00:00-04:00,19.91319628661057,20.578530457547878,19.822298287993565,20.550418853759766,7500,0.0,0.0
2023-05-25 00:00:00-04:00,20.512932961959695,20.887771002791975,20.10155055358819,20.85028648376465,7600,0.0,0.0
2023-05-26 00:00:00-04:00,20.241178762103935,22.00291017014259,20.241178762103935,21.54373550415039,11600,0.0,0.0
2023-05-30 00:00:00-04:00,21.45002465123445,21.487509170544726,20.37236974410763,20.897140502929688,3500,0.0,0.0
2023-05-31 00:00:00-04:00,21.44065329972414,21.618701189886533,20.91588254632788,21.009592056274414,2000,0.0,0.0
2023-06-01 00:00:00-04:00,21.537174996085383,22.771324043437808,20.9908504486084,20.9908504486084,10300,0.0,0.0
2023-06-02 00:00:00-04:00,22.09661912627346,22.274667024850377,21.543734957555923,21.71615982055664,7200,0.0,0.0
2023-06-05 00:00:00-04:00,21.946684842493163,23.614708495865077,21.000222133615868,21.5531063079834,9400,0.0,0.0
2023-06-06 00:00:00-04:00,22.134101639047778,22.302776604789276,21.65618476771313,21.927940368652344,8000,0.0,0.0
2023-06-07 00:00:00-04:00,22.911888584887883,22.911888584887883,22.05913543701172,22.05913543701172,5800,0.0,0.0
2023-06-08 00:00:00-04:00,22.031021870412644,22.95874226160233,22.031021870412644,22.21843910217285,2900,0.0,0.0
2023-06-09 00:00:00-04:00,22.330892372872693,22.330892372872693,22.021652221679688,22.021652221679688,1500,0.0,0.0
2023-06-12 00:00:00-04:00,22.021651354667807,22.021651354667807,21.834232330322266,21.834232330322266,1300,0.0,0.0
2023-06-13 00:00:00-04:00,22.462084744257027,22.862222895645573,22.435846294156818,22.490198135375977,1100,0.0,0.0
2023-06-14 00:00:00-04:00,22.49019617145585,22.658872928719404,22.11442334932289,22.22780990600586,3900,0.0,0.0
2023-06-15 00:00:00-04:00,22.537051583286612,23.193016398387147,21.562477278195896,22.29340934753418,27700,0.0,0.0
2023-06-16 00:00:00-04:00,22.302778845639224,22.368376757494215,22.302778845639224,22.34026336669922,2300,0.0,0.0
2023-06-20 00:00:00-04:00,23.64281810600375,23.64281810600375,21.646813998288984,22.70760154724121,27400,0.0,0.0
2023-06-21 00:00:00-04:00,22.705726146018026,23.42728701504794,22.115359299677287,23.19301414489746,21300,0.0,0.0
2023-06-22 00:00:00-04:00,22.911593514974328,23.290056338172878,22.474904218262637,22.699071884155273,20100,0.85,0.0
2023-06-23 00:00:00-04:00,22.610762990773253,22.80484753999525,21.737386221129135,22.795143127441406,4800,0.0,0.0
2023-06-26 00:00:00-04:00,22.804847717285156,23.08627013075215,22.023660084438273,22.804847717285156,11300,0.0,0.0
2023-06-27 00:00:00-04:00,22.474905091599176,23.095972692453987,22.17407570380106,22.804847717285156,9500,0.0,0.0
2023-06-28 00:00:00-04:00,22.87277630221797,22.87277630221797,21.834428233485067,22.56224250793457,19700,0.0,0.0
2023-06-29 00:00:00-04:00,23.018338617603067,23.018338617603067,22.31963758560495,22.445791244506836,9700,0.0,0.0
2023-06-30 00:00:00-04:00,22.474905281258984,22.767971881797763,21.9605825131312,22.707805633544922,8600,0.0,0.0
2023-07-03 00:00:00-04:00,22.455497090687487,23.241537884168494,22.07412272990064,22.41668128967285,24500,0.0,0.0
2023-07-05 00:00:00-04:00,22.591355288552776,22.814551217316044,22.22259502710032,22.319637298583984,16800,0.0,0.0
2023-07-06 00:00:00-04:00,22.102263261931967,22.688396453857422,22.102263261931967,22.688396453857422,2800,0.0,0.0
2023-07-07 00:00:00-04:00,23.231832814383885,23.231832814383885,22.707805633544922,22.707805633544922,2700,0.0,0.0
2023-07-10 00:00:00-04:00,22.562242603378216,23.212423432007288,22.562242603378216,22.785438537597656,9100,0.0,0.0
2023-07-11 00:00:00-04:00,23.134789957456835,23.16390319485956,22.766029687398664,22.998931884765625,5700,0.0,0.0
2023-07-12 00:00:00-04:00,22.998932268016013,23.29005724318484,22.562242954335314,22.804847717285156,10600,0.0,0.0
2023-07-13 00:00:00-04:00,22.882481627033922,23.29005771101376,22.814552588191862,22.940706253051758,3200,0.0,0.0
2023-07-14 00:00:00-04:00,23.241537391822632,23.290057604794963,23.071712944564517,23.260944366455078,3100,0.0,0.0
2023-07-17 00:00:00-04:00,23.290056680895617,24.066391163221176,22.960114063175403,23.53266143798828,31000,0.0,0.0
2023-07-18 00:00:00-04:00,23.823786598545936,23.823786598545936,23.319170106422394,23.435619354248047,4200,0.0,0.0
2023-07-19 00:00:00-04:00,23.41621097461696,23.717042214230343,23.280352899260883,23.678224563598633,13000,0.0,0.0
2023-07-20 00:00:00-04:00,23.348280927786472,23.53266105846296,23.0474515521029,23.07656478881836,5100,0.0,0.0
2023-07-21 00:00:00-04:00,23.251239349044567,23.529750250711835,22.81940317166696,23.33469581604004,4800,0.0,0.0
2023-07-24 00:00:00-04:00,23.668519841821883,24.79905891418457,23.299761420274027,24.79905891418457,25500,0.0,0.0
2023-07-25 00:00:00-04:00,24.93977099991378,25.062043270453756,23.620000463921333,24.144025802612305,27300,0.0,0.0
2023-07-26 00:00:00-04:00,24.745685032435826,25.711252772619318,24.144024425082275,25.473499298095703,17400,0.0,0.0
2023-07-27 00:00:00-04:00,25.93930009217182,25.93930009217182,23.478318126089153,24.396333694458008,14500,0.0,0.0
2023-07-28 00:00:00-04:00,24.61953281374203,25.28912064463514,24.45456149650876,24.687461853027344,14100,0.0,0.0
2023-07-31 00:00:00-04:00,24.27018002427882,24.74568512416122,23.687928239407196,24.503080368041992,12600,0.0,0.0
2023-08-01 00:00:00-04:00,23.92082958001228,24.503081389147827,23.668520401022633,24.017871856689453,5500,0.0,0.0
2023-08-02 00:00:00-04:00,23.678224112214757,23.678224112214757,22.329342244243648,22.89218521118164,25000,0.0,0.0
2023-08-03 00:00:00-04:00,23.183310948145138,23.183310948145138,22.365249124739318,22.610763549804688,9400,0.0,0.0
2023-08-04 00:00:00-04:00,22.610762265961817,23.09597177253548,22.445790959689678,22.969818115234375,3500,0.0,0.0
2023-08-07 00:00:00-04:00,22.339046136800224,23.625821956109217,22.329341724553153,22.86307144165039,7400,0.0,0.0
2023-08-08 00:00:00-04:00,22.513721845388986,23.2900563155359,22.06732813685898,22.969818115234375,19000,0.0,0.0
2023-08-09 00:00:00-04:00,22.542833953823784,23.066861126166717,22.26238327944922,22.795143127441406,5000,0.0,0.0
2023-08-10 00:00:00-04:00,22.707804446487092,22.804846717598515,21.941174391654307,22.639875411987305,4800,0.0,0.0
2023-08-11 00:00:00-04:00,22.54283396731751,22.804847553645814,22.426384718456557,22.688396453857422,4200,0.0,0.0
2023-08-14 00:00:00-04:00,22.678693771362305,22.80484743211059,21.935352061415916,22.678693771362305,5300,0.0,0.0
2023-08-15 00:00:00-04:00,22.31963901074498,22.562243782600902,22.009105198917798,22.41668128967285,6800,0.0,0.0
2023-08-16 00:00:00-04:00,22.193484369807212,22.688396453857422,22.193484369807212,22.688396453857422,2300,0.0,0.0
2023-08-17 00:00:00-04:00,22.3681588549454,22.552538996767357,22.077033873902298,22.504018783569336,4200,0.0,0.0
2023-08-18 00:00:00-04:00,22.793203562901333,22.793203562901333,21.74126781380698,22.101293563842773,10800,0.0,0.0
2023-08-21 00:00:00-04:00,22.368157888466175,22.368157888466175,21.750001810729017,22.125553131103516,4100,0.0,0.0
2023-08-22 00:00:00-04:00,22.368159030819516,22.5525391740912,22.135258673968313,22.513723373413086,3000,0.0,0.0
2023-08-23 00:00:00-04:00,21.737385596032684,22.54283330556528,21.737385596032684,22.10614585876465,6800,0.0,0.0
2023-08-24 00:00:00-04:00,22.077034081946934,22.329343264994773,21.785909098160396,22.300230026245117,4300,0.0,0.0
2023-08-25 00:00:00-04:00,22.484609603881836,23.26094410839112,21.850926078707676,22.484609603881836,1600,0.0,0.0
2023-08-28 00:00:00-04:00,22.48461013470887,22.68354597186891,22.300229991437188,22.513723373413086,3500,0.0,0.0
2023-08-29 00:00:00-04:00,22.504019004187388,24.008167839201807,22.504019004187388,23.387100219726562,14200,0.0,0.0
2023-08-30 00:00:00-04:00,22.97467019333301,24.163433895885444,22.97467019333301,23.775266647338867,5500,0.0,0.0
2023-08-31 00:00:00-04:00,22.75632782723625,23.775267105680122,21.737386697864903,23.474437713623047,6400,0.0,0.0
2023-09-01 00:00:00-04:00,23.750035848484462,24.163433074951172,23.750035848484462,24.163433074951172,800,0.0,0.0
2023-09-05 00:00:00-04:00,23.51325387089698,24.144025902891737,23.290057926655795,23.877161026000977,3000,0.0,0.0
2023-09-06 00:00:00-04:00,23.678224372470364,24.10520927133532,22.901889875377215,23.775266647338867,5600,0.0,0.0
2023-09-07 00:00:00-04:00,23.920829521940203,23.920829521940203,22.804847970180685,23.5811824798584,1800,0.0,0.0
2023-09-08 00:00:00-04:00,23.290057048311766,23.290057048311766,22.90188980102539,22.90188980102539,1600,0.0,0.0
2023-09-11 00:00:00-04:00,23.086269196845663,23.37157114271014,22.125552745611895,22.42638397216797,4600,0.0,0.0
2023-09-12 00:00:00-04:00,22.41668102630006,22.943617873823996,22.183780670166016,22.183780670166016,3800,0.0,0.0
2023-09-13 00:00:00-04:00,22.319637298583984,22.319637298583984,22.319637298583984,22.319637298583984,700,0.0,0.0
2023-09-14 00:00:00-04:00,23.02319276506492,23.02319276506492,22.174076080322266,22.174076080322266,1700,0.0,0.0
2023-09-15 00:00:00-04:00,22.610763615761062,23.37351417541504,22.610763615761062,23.37351417541504,1700,0.0,0.0
2023-09-18 00:00:00-04:00,22.523425128716095,23.29005706212281,22.135257881199536,22.795143127441406,6000,0.0,0.0
2023-09-19 00:00:00-04:00,22.164371610698126,22.319638513150192,21.73738670349121,21.73738670349121,9700,0.0,0.0
2023-09-20 00:00:00-04:00,21.93147087097168,22.028513146027905,21.73738632085923,21.93147087097168,6600,0.0,0.0
2023-09-21 00:00:00-04:00,21.93147161401246,22.30993446353391,21.7373870573244,21.75679588317871,2300,0.0,0.0
2023-09-22 00:00:00-04:00,21.960583142549066,21.960583142549066,20.766968108775323,20.893123626708984,52300,0.0,0.0
2023-09-25 00:00:00-04:00,20.86400924156937,20.86400924156937,20.504953384399414,20.504953384399414,4400,0.0,0.0
2023-09-26 00:00:00-04:00,21.32010604815978,21.34921928624764,20.136195463165386,20.25943946838379,42300,0.0,0.0
2023-09-27 00:00:00-04:00,21.28129001421118,21.325928831379574,19.650985717773438,19.650985717773438,12500,0.0,0.0
2023-09-28 00:00:00-04:00,19.845069628671027,20.369094935121893,19.3986759185791,19.3986759185791,14200,0.0,0.0
2023-09-29 00:00:00-04:00,19.670394462600957,21.058093991422314,18.947431460541583,19.321043014526367,18300,0.0,0.0
2023-10-02 00:00:00-04:00,20.912529342804213,20.912529342804213,19.29192948969971,19.791696548461914,24500,0.0,0.0
2023-10-03 00:00:00-04:00,19.437494532345884,20.165308830873542,18.040090560913086,18.040090560913086,19800,0.0,0.0
2023-10-04 00:00:00-04:00,18.4486366383463,19.88582815539665,18.4486366383463,19.350156784057617,18100,0.0,0.0
2023-10-05 00:00:00-04:00,19.311338931110544,21.179396732872796,19.2628187184632,20.42732048034668,31500,0.0,0.0
2023-10-06 00:00:00-04:00,21.252176557171314,21.252176557171314,20.81063596901903,20.94164276123047,2200,0.0,0.0
2023-10-09 00:00:00-04:00,20.864009299489517,21.232767719211964,19.670394327973863,21.048389434814453,6100,0.0,0.0
2023-10-10 00:00:00-04:00,21.14543127396484,22.057623817496687,20.96105114243079,21.24247169494629,13800,0.0,0.0
2023-10-11 00:00:00-04:00,21.14543109045324,21.679160804928756,20.58258628845215,20.58258628845215,10200,0.0,0.0
2023-10-12 00:00:00-04:00,20.388504258380156,23.29005696670408,20.388504258380156,22.028512954711914,17100,0.0,0.0
2023-10-13 00:00:00-04:00,22.309934553307027,23.066862106323242,21.358924293749293,23.066862106323242,2700,0.0,0.0
2023-10-16 00:00:00-04:00,22.80484844207764,25.7500702098207,22.80484844207764,24.26047706604004,22300,0.0,0.0
2023-10-17 00:00:00-04:00,24.745685408525897,24.745685408525897,22.698100651053057,22.998931884765625,9200,0.0,0.0
2023-10-18 00:00:00-04:00,22.804847632833127,24.49337655459969,22.804847632833127,23.018339157104492,4600,0.0,0.0
2023-10-19 00:00:00-04:00,22.998932005669584,23.29005697751758,22.82425628218981,23.008634567260742,1900,0.0,0.0
2023-10-20 00:00:00-04:00,23.18331136006265,24.77479991889719,22.8048485090183,23.066862106323242,5700,0.0,0.0
2023-10-23 00:00:00-04:00,22.785438807646425,23.755857855852092,22.3681583207696,23.018339157104492,7900,0.0,0.0
2023-10-24 00:00:00-04:00,22.59135567194465,23.222127670902083,22.125553131103516,22.125553131103516,3800,0.0,0.0
2023-10-25 00:00:00-04:00,22.144962217915385,22.144962217915385,20.68933365651768,21.378332138061523,6100,0.0,0.0
2023-10-26 00:00:00-04:00,21.320105954452806,21.349219192412708,20.631109314415575,20.96105194091797,6800,0.0,0.0
2023-10-27 00:00:00-04:00,20.970756896422813,21.339515332156676,20.9610524835183,21.320106506347656,1000,0.0,0.0
2023-10-30 00:00:00-04:00,21.970286209164854,24.7845028720728,21.858688243017834,24.726276397705078,27100,0.0,0.0
2023-10-31 00:00:00-04:00,24.260477224985756,24.260477224985756,22.8096998725235,23.290058135986328,6000,0.0,0.0
2023-11-01 00:00:00-04:00,24.163434361709815,24.163434361709815,23.139641951418863,23.474437713623047,2700,0.0,0.0
2023-11-02 00:00:00-04:00,23.49869736706647,23.91112472159831,23.290057123923788,23.775266647338867,7400,0.0,0.0
2023-11-03 00:00:00-04:00,23.559834253240595,23.581182851041344,23.290057868061574,23.493844985961914,2000,0.0,0.0
2023-11-06 00:00:00-05:00,23.765562994089866,23.765562994089866,23.299762280951235,23.493844985961914,3800,0.0,0.0
2023-11-07 00:00:00-05:00,22.8824814192833,23.299761912298862,22.8824814192833,23.144495010375977,6000,0.0,0.0
2023-11-08 00:00:00-05:00,23.862605546570194,23.862605546570194,23.144495642821916,23.290058135986328,2600,0.0,0.0
2023-11-09 00:00:00-05:00,22.368157599751168,23.299760818481445,22.368157599751168,23.299760818481445,900,0.0,0.0
2023-11-10 00:00:00-05:00,23.290058135986328,23.72674746640708,22.45549712715001,23.290058135986328,26700,0.0,0.0
2023-11-13 00:00:00-05:00,23.193015856900878,23.775267680486042,21.87324715449237,23.290058135986328,6500,0.0,0.0
2023-11-14 00:00:00-05:00,22.84366490991218,24.69716511362227,22.84366490991218,23.755857467651367,8300,0.0,0.0
2023-11-15 00:00:00-05:00,23.765561855752704,24.40603826837227,22.635024646707333,23.969350814819336,14700,0.0,0.0
2023-11-16 00:00:00-05:00,23.387100031500243,24.037280884503353,23.03774857289335,23.867456436157227,16000,0.0,0.0
2023-11-17 00:00:00-05:00,23.901420214522798,24.68746097201532,22.979523234235398,23.55207061767578,4800,0.0,0.0
2023-11-20 00:00:00-05:00,23.561775617670012,24.745686213306058,23.38709988942769,24.454561233520508,18300,0.0,0.0
2023-11-21 00:00:00-05:00,24.105210160891584,24.643793047906076,23.988759056566487,24.26047706604004,11100,0.0,0.0
2023-11-22 00:00:00-05:00,24.14402432918671,25.706399538894548,24.14402432918671,24.600122451782227,29100,0.0,0.0
2023-11-24 00:00:00-05:00,24.503080611923806,25.00478744506836,24.17313799224351,25.00478744506836,1800,0.0,0.0
2023-11-27 00:00:00-05:00,24.997995036772146,25.23089538746825,24.745685860786168,24.87183952331543,4500,0.0,0.0
2023-11-28 00:00:00-05:00,24.84758020845738,25.23089619096581,24.464264225948952,25.133853912353516,5900,0.0,0.0
2023-11-29 00:00:00-05:00,24.46426299133246,24.936858438610948,24.46426299133246,24.735980987548828,7800,0.0,0.0
2023-11-30 00:00:00-05:00,25.046516004720033,25.046516004720033,23.69763407214501,24.26047706604004,8000,0.0,0.0
2023-12-01 00:00:00-05:00,23.979053031688103,24.211955224681944,23.775265926477726,23.84319496154785,64700,0.0,0.0
2023-12-04 00:00:00-05:00,24.163433811123284,24.56130547085377,23.765562151392796,23.988758087158203,5000,0.0,0.0
2023-12-05 00:00:00-05:00,23.96935126180721,24.221658585848278,23.96935126180721,24.211956024169922,2200,0.0,0.0
2023-12-06 00:00:00-05:00,24.308995536426934,24.464262430440076,23.9693503626028,24.37692642211914,10200,0.0,0.0
2023-12-07 00:00:00-05:00,24.06639135806658,24.62729455310307,23.87230866137757,24.52054786682129,2100,0.0,0.0
2023-12-08 00:00:00-05:00,24.260476305897395,25.0853328704834,24.260476305897395,25.0853328704834,14300,0.0,0.0
2023-12-11 00:00:00-05:00,25.08533243255167,25.08533243255167,24.23136264497304,24.735980987548828,5400,0.0,0.0
2023-12-12 00:00:00-05:00,24.406037818121614,24.672902676635324,24.066390793228088,24.270179748535156,9700,0.0,0.0
2023-12-13 00:00:00-05:00,24.308996835793486,24.308996835793486,23.969351643814605,24.017871856689453,4600,0.0,0.0
2023-12-14 00:00:00-05:00,24.048924866966452,24.048924866966452,24.017871856689453,24.017871856689453,1200,0.0,0.0
2023-12-15 00:00:00-05:00,23.882013851600572,24.367223385515725,23.58118260790539,24.347814559936523,14600,0.0,0.0
2023-12-18 00:00:00-05:00,24.580715314955103,24.580715314955103,24.098417282104492,24.098417282104492,1100,0.0,0.0
2023-12-19 00:00:00-05:00,24.308997081892173,24.794206619262695,24.308997081892173,24.794206619262695,6800,0.0,0.0
2023-12-20 00:00:00-05:00,24.318700492056152,24.829141851998592,23.97905345971542,24.299293518066406,9000,0.0,0.0
2023-12-21 00:00:00-05:00,24.066391791525945,24.454560893750116,23.87230909134131,24.328405380249023,16200,0.0,0.0
2023-12-22 00:00:00-05:00,24.076096754916307,24.308997111021945,24.076096754916307,24.197399139404297,10300,0.0,0.0
2023-12-26 00:00:00-05:00,24.076095922302052,24.43515178237751,23.527810496045284,24.202251434326172,21300,0.0,0.0
2023-12-27 00:00:00-05:00,24.163433510533725,24.182842335383388,23.788852075386814,23.969350814819336,13000,0.0,0.0
2023-12-28 00:00:00-05:00,23.969351643814605,24.066392069564298,23.78497150322073,24.017871856689453,7800,0.0,0.0
2023-12-29 00:00:00-05:00,23.852900483709337,23.979054147434162,23.514225178550454,23.5811824798584,4700,0.0,0.0
2024-01-02 00:00:00-05:00,23.590887246663343,23.639409311076122,23.095973295217995,23.6005916595459,4300,0.0,0.0
2024-01-03 00:00:00-05:00,23.33857835006529,23.435620629150737,23.193015856900878,23.290058135986328,3000,0.0,0.0
2024-01-04 00:00:00-05:00,23.037748137505055,23.290057313849722,23.037748137505055,23.18816375732422,1300,0.0,0.0
2024-01-05 00:00:00-05:00,23.820877837472462,23.92082977294922,23.17845977459701,23.92082977294922,1900,0.0,0.0
2024-01-08 00:00:00-05:00,23.290058135986328,23.290058135986328,23.290058135986328,23.290058135986328,700,0.0,0.0
2024-01-09 00:00:00-05:00,23.532661530033653,24.406038288797873,23.532661530033653,24.350725173950195,2700,0.0,0.0
2024-01-10 00:00:00-05:00,24.105209273355158,24.26532745361328,23.55304059874382,24.26532745361328,6200,0.0,0.0
2024-01-11 00:00:00-05:00,23.702483848779142,23.82378622641041,23.52295684814453,23.52295684814453,1700,0.0,0.0
2024-01-12 00:00:00-05:00,23.582154214859138,24.26047656204453,23.144495010375977,23.144495010375977,3600,0.0,0.0
2024-01-16 00:00:00-05:00,23.241537921907366,24.299294876990945,23.115382403818025,23.290058135986328,1900,0.0,0.0
2024-01-17 00:00:00-05:00,23.095972414674023,23.673372928143703,23.095972414674023,23.658815383911133,2400,0.0,0.0
2024-01-18 00:00:00-05:00,23.314316786419404,23.53266143798828,23.314316786419404,23.53266143798828,1900,0.0,0.0
2024-01-19 00:00:00-05:00,23.604472023265725,24.299293518066406,23.53266159218511,24.299293518066406,1800,0.0,0.0
2024-01-22 00:00:00-05:00,24.308997279801115,24.308997279801115,24.26047706604004,24.26047706604004,1700,0.0,0.0
2024-01-23 00:00:00-05:00,24.289589918061367,24.745686213306058,23.649113481791176,24.454561233520508,13400,0.0,0.0
2024-01-24 00:00:00-05:00,24.454561622939366,24.726277781485408,23.969352081618563,24.26047706604004,17300,0.0,0.0
2024-01-25 00:00:00-05:00,23.44047326541485,24.891248736269755,23.290057643466902,24.24106788635254,14600,0.0,0.0
2024-01-26 00:00:00-05:00,24.26047534652274,24.26047534652274,23.896568216324898,24.163433074951172,2500,0.0,0.0
2024-01-29 00:00:00-05:00,24.435152601733915,24.574892074879468,24.017872103385287,24.357519149780273,10600,0.0,0.0
2024-01-30 00:00:00-05:00,24.26047687210635,24.357519149780273,24.017872103385287,24.357519149780273,4600,0.0,0.0
2024-01-31 00:00:00-05:00,24.600124064273185,24.600124064273185,23.823787689208984,23.823787689208984,2500,0.0,0.0
2024-02-01 00:00:00-05:00,24.43515152159525,24.43515152159525,24.066391252920628,24.406038284301758,4400,0.0,0.0
2024-02-02 00:00:00-05:00,24.716571887093046,24.726276299449104,24.27503130499315,24.503080368041992,9600,0.0,0.0
2024-02-05 00:00:00-05:00,24.26047671194469,24.26047671194469,23.891718280331222,24.24106788635254,2800,0.0,0.0
2024-02-06 00:00:00-05:00,24.69134200035904,24.69134200035904,24.076095581054688,24.076095581054688,4300,0.0,0.0
2024-02-07 00:00:00-05:00,24.287647150009665,24.380808027593844,24.066390991210938,24.066390991210938,2700,0.0,0.0
2024-02-08 00:00:00-05:00,24.163434287580422,24.435152291431358,23.5811824798584,23.5811824798584,8400,0.0,0.0
2024-02-09 00:00:00-05:00,24.04698514333842,24.04698514333842,22.80484807141269,22.824256896972656,59000,0.0,0.0
2024-02-12 00:00:00-05:00,25.628767399662642,25.628767399662642,24.250772251116405,24.997995376586914,66200,0.0,0.0
2024-02-13 00:00:00-05:00,24.67775608859622,25.221190224043617,24.27018002427882,24.503080368041992,8700,0.0,0.0
2024-02-14 00:00:00-05:00,23.82378621412696,24.69716481336371,23.82378621412696,24.279884338378906,4400,0.0,0.0
2024-02-15 00:00:00-05:00,24.600122818795235,24.88154337544895,23.969350818503546,24.512784957885742,8100,0.0,0.0
2024-02-16 00:00:00-05:00,24.085800610903537,24.742774354522982,23.338577495511327,23.8917179107666,9500,0.0,0.0
2024-02-20 00:00:00-05:00,23.891718368740378,24.629235234696424,23.891718368740378,24.027576446533203,10600,0.0,0.0
2024-02-21 00:00:00-05:00,24.38662974688869,24.99799478076647,23.920829050266768,23.988758087158203,4900,0.0,0.0
2024-02-22 00:00:00-05:00,23.969351112994534,24.63893892029076,23.92665206797959,23.988758087158203,6200,0.0,0.0
2024-02-23 00:00:00-05:00,23.988757813303547,23.998462225738315,23.51325270956442,23.755857467651367,10700,0.0,0.0
2024-02-26 00:00:00-05:00,23.79467610790062,24.64864407750707,23.775267282223147,23.92082977294922,12500,0.0,0.0
2024-02-27 00:00:00-05:00,24.386630816917044,24.745686693147288,24.165376494323596,24.483673095703125,7100,0.0,0.0
2024-02-28 00:00:00-05:00,24.46426418494957,24.65446734685931,24.087742957974697,24.26047706604004,3300,0.0,0.0
2024-02-29 00:00:00-05:00,24.260475893479878,24.61953175111145,24.085800170898438,24.085800170898438,2800,0.0,0.0
2024-03-01 00:00:00-05:00,24.250772653102324,24.64864432891118,23.784971937656955,24.26047706604004,2500,0.0,0.0
2024-03-04 00:00:00-05:00,24.493377423762723,24.697166393599765,23.856782372283053,24.26047706604004,9300,0.0,0.0
2024-03-05 00:00:00-05:00,23.998463469504205,24.596242720160518,23.88007259314807,24.26047706604004,3000,0.0,0.0
2024-03-06 00:00:00-05:00,24.425448384126213,25.60935899861506,24.26047706604004,24.26047706604004,7800,0.0,0.0
2024-03-07 00:00:00-05:00,24.5904193106301,24.754420740089166,24.071245257758466,24.454561233520508,5500,0.0,0.0
2024-03-08 00:00:00-05:00,24.947533853821106,25.667585372924805,24.947533853821106,25.667585372924805,13000,0.0,0.0
2024-03-11 00:00:00-04:00,25.0077000526586,25.638472082375444,24.96403112016672,25.23089599609375,2000,0.0,0.0
2024-03-12 00:00:00-04:00,24.260475956516057,25.662731170654297,24.260475956516057,25.662731170654297,4400,0.0,0.0
2024-03-13 00:00:00-04:00,25.570542310346102,25.570542310346102,25.230895273023755,25.298824310302734,2800,0.0,0.0
2024-03-14 00:00:00-04:00,24.881543568661616,25.29882405159675,24.26047597597347,24.415742874145508,5500,0.0,0.0
2024-03-15 00:00:00-04:00,24.279884991022154,24.503080927525545,24.279884991022154,24.318700790405273,1400,0.0,0.0
2024-03-18 00:00:00-04:00,24.629235509365923,25.667585482838422,24.503081842998196,25.347347259521484,6200,0.0,0.0
2024-03-19 00:00:00-04:00,25.230895820531792,25.230895820531792,24.745686285521565,24.784503936767578,6700,0.0,0.0
2024-03-20 00:00:00-04:00,25.211487063875303,25.803443290503882,24.477851592408175,25.55113410949707,12100,0.0,0.0
2024-03-21 00:00:00-04:00,25.12026657401943,25.803442026753455,25.12026657401943,25.532695770263672,3200,0.0,0.0
2024-03-22 00:00:00-04:00,25.3764571081252,25.3764571081252,24.40603808409802,24.609827041625977,3900,0.0,0.0
2024-03-25 00:00:00-04:00,24.65834815837799,25.531724941903907,24.638939332961808,24.988290786743164,9000,0.0,0.0
2024-03-26 00:00:00-04:00,25.211485640633743,25.522019430211074,24.273091368391338,25.03680992126465,5500,0.0,0.0
2024-03-27 00:00:00-04:00,24.89124733355285,25.522019322331506,24.866987228393555,24.866987228393555,3400,0.0,0.0
2024-03-28 00:00:00-04:00,24.706868038873655,24.706868038873655,24.241067340711595,24.318700790405273,9000,0.0,0.0
2024-04-01 00:00:00-04:00,24.318699969094727,24.318699969094727,22.659284343837715,24.163433074951172,12100,0.0,0.0
2024-04-02 00:00:00-04:00,23.74615366219229,24.139174046673013,23.474437510783115,24.114913940429688,4800,0.0,0.0
2024-04-03 00:00:00-04:00,24.11491445440759,24.260476945897473,23.23280312766184,23.493844985961914,5800,0.0,0.0
2024-04-04 00:00:00-04:00,23.81408486535886,25.22119140625,23.81408486535886,25.22119140625,12300,0.0,0.0
2024-04-05 00:00:00-04:00,24.2478603905875,25.52202033996582,23.51131342550098,25.52202033996582,6700,0.0,0.0
2024-04-08 00:00:00-04:00,25.230895175802274,25.716104698413858,25.230895175802274,25.619062423706055,4400,0.0,0.0
2024-04-09 00:00:00-04:00,25.769478205858306,25.769478205858306,25.327937611512123,25.73551368713379,1900,0.0,0.0
2024-04-10 00:00:00-04:00,25.66758455164846,26.05575180053711,25.66758455164846,26.05575180053711,4100,0.0,0.0
2024-04-11 00:00:00-04:00,25.84225861580877,26.201314480505257,25.84225861580877,25.958709716796875,5200,0.0,0.0
2024-04-12 00:00:00-04:00,25.82285202730623,25.82285202730623,25.327938079833984,25.327938079833984,3000,0.0,0.0
2024-04-15 00:00:00-04:00,25.842259055344012,26.20131492614746,25.23089585480867,26.20131492614746,5700,0.0,0.0
2024-04-16 00:00:00-04:00,25.667585026739847,26.09942121480446,24.745686174004,25.594802856445312,3500,0.0,0.0
2024-04-17 00:00:00-04:00,25.42497908742267,25.54142833340891,24.745685032435826,25.473499298095703,1700,0.0,0.0
2024-04-18 00:00:00-04:00,25.589951364863687,26.298356832731827,25.35607927621892,26.288652420043945,6100,0.0,0.0
2024-04-19 00:00:00-04:00,26.298356832731827,26.298356832731827,26.20131455678048,26.288652420043945,3300,0.0,0.0
2024-04-22 00:00:00-04:00,26.007230004877787,26.298356832731827,25.958709792365845,26.288652420043945,5800,0.0,0.0
2024-04-23 00:00:00-04:00,26.2886523269299,28.142152572418436,25.968414113073962,26.555517196655273,21000,0.0,0.0
2024-04-24 00:00:00-04:00,26.56037068867567,31.05341015625,26.56037068867567,30.32559585571289,21300,0.0,0.0
2024-04-25 00:00:00-04:00,29.72393416794912,29.72393416794912,28.239194231974388,28.637065887451172,8200,0.0,0.0
2024-04-26 00:00:00-04:00,28.704996019738402,30.024766547381198,28.704996019738402,28.918487548828125,2900,0.0,0.0
2024-04-29 00:00:00-04:00,29.10286637262282,29.351294146773704,28.86026161608119,28.898107528686523,7300,0.0,0.0
2024-04-30 00:00:00-04:00,29.093162092797936,29.093162092797936,28.190672098202953,28.200376510620117,3700,0.0,0.0
2024-05-01 00:00:00-04:00,28.399312879540943,28.399312879540943,27.68605613708496,27.68605613708496,1900,0.0,0.0
2024-05-02 00:00:00-04:00,28.1033348521422,28.142152502660014,26.462356250328998,28.01599884033203,7800,0.0,0.0
2024-05-03 00:00:00-04:00,28.195525419456125,28.236282841325824,27.404633385949648,27.559900283813477,2400,0.0,0.0
2024-05-06 00:00:00-04:00,27.278479730271844,27.506526945402282,26.696227937717627,27.504587173461914,5500,0.0,0.0
2024-05-07 00:00:00-04:00,27.43374691141663,27.462858298242093,27.142620086669922,27.142620086669922,1800,0.0,0.0
2024-05-08 00:00:00-04:00,27.13291634618751,27.13291634618751,26.05575243563214,26.20131492614746,4300,0.0,0.0
2024-05-09 00:00:00-04:00,26.201313740360913,26.880607799926416,25.77141734122771,26.133384704589844,23600,0.0,0.0
2024-05-10 00:00:00-04:00,26.165408695680433,26.165408695680433,25.9101898578678,25.978118896484375,1900,0.0,0.0
2024-05-13 00:00:00-04:00,25.62876679921001,26.742808557464,25.62876679921001,26.429363250732422,3400,0.0,0.0
2024-05-14 00:00:00-04:00,26.414805357854064,26.414805357854064,25.7161043218582,26.35658073425293,4900,0.0,0.0
2024-05-15 00:00:00-04:00,26.201315221652177,26.29835750006602,25.230896139368763,25.8374080657959,8100,0.0,0.0
2024-05-16 00:00:00-04:00,27.123212743211877,28.142151988636364,25.871371300789445,26.6865234375,37500,0.0,0.0
2024-05-17 00:00:00-04:00,27.666647618601274,28.578842053125456,26.725341796875,26.725341796875,5700,0.0,0.0
2024-05-20 00:00:00-04:00,26.521552031925903,28.806888404737457,26.521552031925903,28.200376510620117,13800,0.0,0.0
2024-05-21 00:00:00-04:00,28.200376675289274,28.38960809121047,28.020849671841912,28.31682777404785,2300,0.0,0.0
2024-05-22 00:00:00-04:00,28.060637940458975,28.15185719898213,27.66664766818463,28.142152786254883,2400,0.0,0.0
2024-05-23 00:00:00-04:00,28.161561965942383,28.627362677144507,28.151857553093066,28.161561965942383,3400,0.0,0.0
2024-05-24 00:00:00-04:00,28.200377588692195,29.122276443364782,28.200377588692195,28.588544845581055,6000,0.0,0.0
2024-05-28 00:00:00-04:00,28.53032005646906,28.627362332867666,28.0354061126709,28.0354061126709,4100,0.0,0.0
2024-05-29 00:00:00-04:00,28.355644313471892,28.602132324703515,28.142152786254883,28.142152786254883,1800,0.0,0.0
2024-05-30 00:00:00-04:00,27.928660360679856,28.532260745850294,27.928660360679856,28.25374984741211,1900,0.0,0.0
2024-05-31 00:00:00-04:00,27.880138574549406,27.889842987060547,27.880138574549406,27.889842987060547,1100,0.0,0.0
2024-06-03 00:00:00-04:00,27.957771823944388,28.637065887451172,27.753984715448805,28.637065887451172,3400,0.0,0.0
2024-06-04 00:00:00-04:00,28.53031894952989,28.62736122216338,27.753984470316755,28.190671920776367,7200,0.0,0.0
2024-06-05 00:00:00-04:00,28.142151958483787,28.637065887451172,28.142151958483787,28.637065887451172,1500,0.0,0.0
2024-06-06 00:00:00-04:00,28.263454162468342,29.034937363000285,27.94806723831018,28.627361297607422,4700,0.0,0.0
2024-06-07 00:00:00-04:00,28.62736231705238,28.62736231705238,27.899548020856134,28.142152786254883,12000,0.0,0.0
2024-06-10 00:00:00-04:00,28.70499519573829,29.03493781817772,28.035405538325634,28.869966506958008,10400,0.0,0.0
2024-06-11 00:00:00-04:00,28.772924440462475,31.189267651016053,28.530319678146725,31.053409576416016,25600,0.0,0.0
2024-06-12 00:00:00-04:00,31.567729705176426,36.012250617484696,31.567729705176426,35.23591613769531,20100,0.0,0.0
2024-06-13 00:00:00-04:00,35.32325357679379,35.70850930329243,32.02382744971737,34.61969757080078,16400,0.0,0.0
2024-06-14 00:00:00-04:00,34.40135583689454,34.461522084132866,31.587139129638672,31.587139129638672,6900,0.0,0.0
2024-06-17 00:00:00-04:00,31.587140111868113,32.14998495156338,28.142153140243753,28.161561965942383,20100,0.0,0.0
2024-06-18 00:00:00-04:00,30.73317108080898,33.37271020413154,29.520147280415394,31.47068977355957,37400,0.0,0.0
2024-06-20 00:00:00-04:00,31.548322007097166,32.28584256562637,30.568200385458937,31.1795654296875,19200,0.0,0.0
2024-06-21 00:00:00-04:00,31.072818526767996,32.50127549149553,31.072818526767996,31.926788330078125,7900,0.0,0.0
2024-06-24 00:00:00-04:00,32.33436319727035,32.76134625647243,30.393525052407277,30.878734588623047,14500,0.0,0.0
2024-06-25 00:00:00-04:00,30.529381497477182,31.79092548379723,30.529381497477182,30.674945831298828,4900,0.0,0.0
2024-06-26 00:00:00-04:00,31.02429652092028,32.58667364263934,31.02429652092028,31.499801635742188,8600,0.0,0.0
2024-06-27 00:00:00-04:00,31.198974462058686,32.08205566431103,25.036811169985803,27.171733856201172,50500,0.0,0.0
2024-06-28 00:00:00-04:00,28.025701059311388,29.09316237344048,27.27847980525571,28.433277130126953,11800,0.0,0.0
2024-07-01 00:00:00-04:00,28.433277561088108,28.869966876054878,28.433277561088108,28.782629013061523,9300,0.0,0.0
2024-07-02 00:00:00-04:00,28.996119607394515,31.230024243884696,28.85055712405689,29.704526901245117,20800,0.0,0.0
2024-07-03 00:00:00-04:00,29.4522181917564,31.625956616113605,28.947599847460772,29.84038543701172,13300,0.0,0.0
2024-07-05 00:00:00-04:00,31.043704877561346,32.50903785054809,31.043704877561346,31.47068977355957,6200,0.0,0.0
2024-07-08 00:00:00-04:00,31.043705766196343,32.02382924708197,31.043705766196343,31.849153518676758,4600,0.0,0.0
2024-07-09 00:00:00-04:00,31.431872163300426,32.014125809339504,30.315890635710772,31.150449752807617,4500,0.0,0.0
2024-07-10 00:00:00-04:00,30.733171111976468,31.276605256844228,29.578371934570974,29.626893997192383,14200,0.0,0.0
2024-07-11 00:00:00-04:00,29.80156802621902,32.25673073084929,29.641449846046793,31.806455612182617,14200,0.0,0.0
2024-07-12 00:00:00-04:00,31.732702731391207,32.023827697359884,31.053408676227768,31.76181411743164,13900,0.0,0.0
2024-07-15 00:00:00-04:00,31.315422448103636,32.93602044643742,30.27222125362136,31.014591217041016,42000,0.0,0.0
2024-07-16 00:00:00-04:00,32.15968812195193,32.15968812195193,30.568201403103057,32.111167907714844,13500,0.0,0.0
2024-07-17 00:00:00-04:00,31.257196462449535,33.01656591951648,31.111635827224852,32.99424743652344,29000,0.0,0.0
2024-07-18 00:00:00-04:00,32.36347357831854,32.99424743652344,32.258670365179356,32.99424743652344,13300,0.0,0.0
2024-07-19 00:00:00-04:00,32.994247409974484,34.90597410626362,32.07234858020717,33.207740783691406,24500,0.0,0.0
2024-07-22 00:00:00-04:00,34.44987594188744,36.827403331768956,33.38241647795119,34.50810241699219,39700,0.0,0.0
2024-07-23 00:00:00-04:00,34.16845237036455,35.71141874057754,33.84821602280964,34.280052185058594,19200,0.0,0.0
2024-07-24 00:00:00-04:00,32.285843110031735,33.09128901832898,29.78216196742358,30.068435668945312,40400,0.0,0.0
2024-07-25 00:00:00-04:00,30.63612990066482,31.320277125409298,27.210551750613163,27.948068618774414,74500,0.0,0.0
2024-07-26 00:00:00-04:00,30.762285497954906,34.92538422898796,30.665243220016777,33.71236038208008,117800,0.0,0.0
2024-07-29 00:00:00-04:00,33.46004790289283,34.1636039248079,32.70312223972681,33.95496368408203,41100,0.0,0.0
2024-07-30 00:00:00-04:00,33.692949827326146,35.10005445604859,33.673541002549,34.318870544433594,18500,0.0,0.0
2024-07-31 00:00:00-04:00,35.886096679066995,39.66102626009622,34.925383875089636,37.826934814453125,53300,0.0,0.0
2024-08-01 00:00:00-04:00,37.584328568175934,38.88469021577541,34.44017298564605,37.196163177490234,30400,0.0,0.0
2024-08-02 00:00:00-04:00,36.16751677438744,36.70706950445483,34.72353430130036,35.3038444519043,20200,0.0,0.0
2024-08-05 00:00:00-04:00,34.40135467766893,34.93508439330683,33.382415456568424,34.3431282043457,38400,0.0,0.0
2024-08-06 00:00:00-04:00,34.935084013910405,35.4299960752914,33.72691339494865,34.53721237182617,27900,0.0,0.0
2024-08-07 00:00:00-04:00,35.313547245586854,37.40965216291053,35.284435859827624,35.429996490478516,19200,0.0,0.0
2024-08-08 00:00:00-04:00,34.90999984741211,36.95000076293945,34.5,35.91999816894531,14900,1.08,0.0
2024-08-09 00:00:00-04:00,35.43000030517578,35.9900016784668,33.630001068115234,35.25,4500,0.0,0.0
2024-08-12 00:00:00-04:00,35.790000915527344,36.31999969482422,31.59000015258789,34.88999938964844,84800,0.0,0.0
2024-08-13 00:00:00-04:00,35.93000030517578,36.970001220703125,34.939998626708984,36.31999969482422,27200,0.0,0.0
2024-08-14 00:00:00-04:00,36.70000076293945,36.7400016784668,35.599998474121094,36.349998474121094,41800,0.0,0.0
2024-08-15 00:00:00-04:00,36.040000915527344,37.900001525878906,36.040000915527344,37.900001525878906,18900,0.0,0.0
2024-08-16 00:00:00-04:00,37.36000061035156,37.900001525878906,36.68000030517578,37.79999923706055,16900,0.0,0.0
2024-08-19 00:00:00-04:00,37.88999938964844,37.88999938964844,35.4900016784668,36.20000076293945,12300,0.0,0.0
2024-08-20 00:00:00-04:00,36.709999084472656,37.29999923706055,35.0099983215332,35.470001220703125,13000,0.0,0.0
2024-08-21 00:00:00-04:00,35.7400016784668,38.61000061035156,35.5260009765625,38.5,79100,0.0,0.0
2024-08-22 00:00:00-04:00,38.349998474121094,38.5,37.88999938964844,38.0099983215332,6700,0.0,0.0
2024-08-23 00:00:00-04:00,38.4900016784668,38.4900016784668,34.0,36.68000030517578,181400,0.0,0.0
2024-08-26 00:00:00-04:00,36.099998474121094,36.41999816894531,35.41999816894531,36.040000915527344,13800,0.0,0.0
2024-08-27 00:00:00-04:00,35.63999938964844,36.56999969482422,35.29800033569336,36.56999969482422,13300,0.0,0.0
2024-08-28 00:00:00-04:00,36.68000030517578,37.849998474121094,36.33000183105469,37.849998474121094,8900,0.0,0.0
2024-08-29 00:00:00-04:00,37.68000030517578,38.720001220703125,37.20000076293945,37.20000076293945,14000,0.0,0.0
2024-08-30 00:00:00-04:00,38.470001220703125,38.470001220703125,36.58000183105469,38.290000915527344,13000,0.0,0.0
2024-09-03 00:00:00-04:00,37.900001525878906,37.900001525878906,35.810001373291016,36.939998626708984,9300,0.0,0.0
2024-09-04 00:00:00-04:00,36.88999938964844,37.79999923706055,34.0099983215332,35.0,24800,0.0,0.0
2024-09-05 00:00:00-04:00,36.90999984741211,37.29999923706055,35.18000030517578,36.599998474121094,26000,0.0,0.0
2024-09-06 00:00:00-04:00,37.13999938964844,39.08000183105469,36.619998931884766,38.40999984741211,16000,0.0,0.0
2024-09-09 00:00:00-04:00,38.0,38.5,37.04600143432617,38.0,20800,0.0,0.0
2024-09-10 00:00:00-04:00,37.64899826049805,38.20000076293945,37.64899826049805,37.88999938964844,9000,0.0,0.0
2024-09-11 00:00:00-04:00,37.779998779296875,37.779998779296875,36.529998779296875,37.29999923706055,6100,0.0,0.0
2024-09-12 00:00:00-04:00,37.54999923706055,38.04999923706055,36.20600128173828,37.959999084472656,26600,0.0,0.0
2024-09-13 00:00:00-04:00,37.959999084472656,38.70199966430664,36.95000076293945,38.11000061035156,58300,0.0,0.0
2024-09-16 00:00:00-04:00,37.70000076293945,39.84000015258789,37.349998474121094,39.619998931884766,20700,0.0,0.0
2024-09-17 00:00:00-04:00,39.5,42.97999954223633,38.45000076293945,41.22999954223633,47100,0.0,0.0
2024-09-18 00:00:00-04:00,41.099998474121094,43.79499816894531,38.400001525878906,38.7599983215332,37300,0.0,0.0
2024-09-19 00:00:00-04:00,39.68000030517578,40.5,38.900001525878906,40.400001525878906,16400,0.0,0.0
2024-09-20 00:00:00-04:00,40.25,41.150001525878906,39.72999954223633,40.02000045776367,39900,0.0,0.0
2024-09-23 00:00:00-04:00,40.25,40.779998779296875,38.775001525878906,40.04999923706055,42800,0.0,0.0
2024-09-24 00:00:00-04:00,40.7400016784668,41.59000015258789,40.38999938964844,40.54999923706055,6900,0.0,0.0
2024-09-25 00:00:00-04:00,40.0,41.98899841308594,39.9900016784668,40.88999938964844,34900,0.0,0.0
2024-09-26 00:00:00-04:00,40.75,41.5,40.5,40.849998474121094,10700,0.0,0.0
2024-09-27 00:00:00-04:00,40.900001525878906,40.900001525878906,40.22999954223633,40.900001525878906,8600,0.0,0.0
2024-09-30 00:00:00-04:00,40.900001525878906,40.900001525878906,38.5099983215332,39.630001068115234,18400,0.0,0.0
2024-10-01 00:00:00-04:00,39.689998626708984,39.689998626708984,35.5099983215332,37.0,45100,0.0,0.0
2024-10-02 00:00:00-04:00,37.75,40.17399978637695,37.75,39.5,13100,0.0,0.0
2024-10-03 00:00:00-04:00,38.70000076293945,39.4900016784668,37.0,38.52299880981445,22900,0.0,0.0
2024-10-04 00:00:00-04:00,38.709999084472656,39.63999938964844,37.11000061035156,39.5,24800,0.0,0.0
2024-10-07 00:00:00-04:00,39.27000045776367,39.75,37.66999816894531,38.9900016784668,47500,0.0,0.0
2024-10-08 00:00:00-04:00,39.0,39.290000915527344,38.220001220703125,39.20000076293945,22600,0.0,0.0
2024-10-09 00:00:00-04:00,39.599998474121094,40.0,38.20000076293945,39.79999923706055,15200,0.0,0.0
2024-10-10 00:00:00-04:00,40.0,40.5,39.38999938964844,39.650001525878906,32700,0.0,0.0
2024-10-11 00:00:00-04:00,40.0,44.130001068115234,39.91999816894531,43.70000076293945,66400,0.0,0.0
2024-10-14 00:00:00-04:00,43.220001220703125,45.9900016784668,42.0,45.5,124900,0.0,0.0
2024-10-15 00:00:00-04:00,44.0,45.0,38.400001525878906,38.400001525878906,97200,0.0,0.0
2024-10-16 00:00:00-04:00,39.970001220703125,40.84000015258789,38.41999816894531,38.939998626708984,339300,0.0,0.0
2024-10-17 00:00:00-04:00,39.619998931884766,40.349998474121094,38.75,39.959999084472656,31300,0.0,0.0
2024-10-18 00:00:00-04:00,40.5099983215332,40.70000076293945,39.0,40.0,25700,0.0,0.0
2024-10-21 00:00:00-04:00,39.7599983215332,40.43000030517578,38.95000076293945,39.25,18300,0.0,0.0
2024-10-22 00:00:00-04:00,39.439998626708984,39.720001220703125,38.834999084472656,39.31999969482422,10200,0.0,0.0
2024-10-23 00:00:00-04:00,39.709999084472656,39.709999084472656,38.3129997253418,38.75,15600,0.0,0.0
2024-10-24 00:00:00-04:00,39.09000015258789,39.79399871826172,38.44599914550781,38.65999984741211,8800,0.0,0.0
2024-10-25 00:00:00-04:00,39.06999969482422,40.5,38.83000183105469,39.91999816894531,28100,0.0,0.0
2024-10-28 00:00:00-04:00,40.40999984741211,40.63800048828125,39.0,39.83000183105469,21100,0.0,0.0
2024-10-29 00:00:00-04:00,40.0,41.29999923706055,39.49800109863281,41.040000915527344,29500,0.0,0.0
2024-10-30 00:00:00-04:00,41.290000915527344,41.59000015258789,40.04999923706055,41.0,27900,0.0,0.0
2024-10-31 00:00:00-04:00,40.95000076293945,41.400001525878906,38.5099983215332,40.0,41400,0.0,0.0
2024-11-01 00:00:00-04:00,40.599998474121094,40.599998474121094,38.290000915527344,38.290000915527344,19800,0.0,0.0
2024-11-04 00:00:00-05:00,39.38999938964844,40.349998474121094,38.56999969482422,40.349998474121094,18400,0.0,0.0
2024-11-05 00:00:00-05:00,40.68000030517578,40.70000076293945,39.849998474121094,40.119998931884766,14500,0.0,0.0
2024-11-06 00:00:00-05:00,41.29999923706055,41.5,40.20000076293945,40.869998931884766,35800,0.0,0.0
2024-11-07 00:00:00-05:00,40.279998779296875,41.0,38.65999984741211,39.560001373291016,37500,0.0,0.0
2024-11-08 00:00:00-05:00,39.7599983215332,42.34000015258789,38.77399826049805,41.619998931884766,35900,0.0,0.0
2024-11-11 00:00:00-05:00,42.18000030517578,42.18000030517578,38.810001373291016,40.91999816894531,39000,0.0,0.0
2024-11-12 00:00:00-05:00,40.599998474121094,40.599998474121094,39.2400016784668,39.939998626708984,36900,0.0,0.0
2024-11-13 00:00:00-05:00,40.13999938964844,42.79999923706055,39.18000030517578,42.400001525878906,48000,0.0,0.0
2024-11-14 00:00:00-05:00,41.75,41.75,37.0099983215332,38.13999938964844,63100,0.0,0.0
2024-11-15 00:00:00-05:00,38.25,39.85499954223633,38.25,39.599998474121094,46700,0.0,0.0
2024-11-18 00:00:00-05:00,39.599998474121094,40.25,39.119998931884766,39.779998779296875,16600,0.0,0.0
2024-11-19 00:00:00-05:00,40.119998931884766,40.5,39.53200149536133,40.4900016784668,16800,0.0,0.0
2024-11-20 00:00:00-05:00,40.4900016784668,40.4900016784668,39.40999984741211,39.790000915527344,12800,0.0,0.0
2024-11-21 00:00:00-05:00,39.900001525878906,40.95000076293945,39.42499923706055,40.5099983215332,12100,0.0,0.0
2024-11-22 00:00:00-05:00,40.90999984741211,41.349998474121094,39.7599983215332,41.349998474121094,79500,0.0,0.0
2024-11-25 00:00:00-05:00,41.93000030517578,41.93000030517578,40.369998931884766,41.20000076293945,38500,0.0,0.0
2024-11-26 00:00:00-05:00,41.0099983215332,41.34000015258789,40.04999923706055,41.11000061035156,20700,0.0,0.0
2024-11-27 00:00:00-05:00,41.0,44.849998474121094,40.150001525878906,44.36000061035156,90400,0.0,0.0
2024-11-29 00:00:00-05:00,44.5,45.0,41.0,44.79999923706055,112828,0.0,0.0
