Date,Open,High,Low,Close,Volume,Dividends,Stock Splits
2022-01-03 00:00:00-05:00,33.52000045776367,33.79999923706055,31.8799991607666,33.470001220703125,64286500,0.0,0.0
2022-01-04 00:00:00-05:00,33.349998474121094,33.38999938964844,31.110000610351562,31.579999923706055,47866800,0.0,0.0
2022-01-05 00:00:00-05:00,30.969999313354492,31.940000534057617,29.780000686645508,29.8799991607666,42442700,0.0,0.0
2022-01-06 00:00:00-05:00,30.010000228881836,30.540000915527344,28.280000686645508,29.309999465942383,48723200,0.0,0.0
2022-01-07 00:00:00-05:00,29.450000762939453,30.420000076293945,28.780000686645508,29.299999237060547,40781500,0.0,0.0
2022-01-10 00:00:00-05:00,29.0,29.15999984741211,27.780000686645508,28.90999984741211,44833600,0.0,0.0
2022-01-11 00:00:00-05:00,28.850000381469727,30.440000534057617,28.469999313354492,30.020000457763672,41475700,0.0,0.0
2022-01-12 00:00:00-05:00,31.200000762939453,31.860000610351562,30.34000015258789,31.68000030517578,54271700,0.0,0.0
2022-01-13 00:00:00-05:00,31.68000030517578,31.850000381469727,30.479999542236328,30.479999542236328,35401300,0.0,0.0
2022-01-14 00:00:00-05:00,30.280000686645508,31.31999969482422,30.079999923706055,30.950000762939453,34862600,0.0,0.0
2022-01-18 00:00:00-05:00,30.030000686645508,30.90999984741211,29.600000381469727,29.610000610351562,33258200,0.0,0.0
2022-01-19 00:00:00-05:00,29.719999313354492,30.149999618530273,28.610000610351562,28.6299991607666,34011800,0.0,0.0
2022-01-20 00:00:00-05:00,29.459999084472656,30.8799991607666,29.049999237060547,29.1299991607666,45217100,0.0,0.0
2022-01-21 00:00:00-05:00,28.979999542236328,28.989999771118164,27.219999313354492,27.350000381469727,60210500,0.0,0.0
2022-01-24 00:00:00-05:00,25.729999542236328,25.979999542236328,23.100000381469727,24.8700008392334,94119800,0.0,0.0
2022-01-25 00:00:00-05:00,24.15999984741211,25.010000228881836,23.3799991607666,23.790000915527344,53047000,0.0,0.0
2022-01-26 00:00:00-05:00,24.600000381469727,24.780000686645508,22.530000686645508,22.65999984741211,72125700,0.0,0.0
2022-01-27 00:00:00-05:00,22.799999237060547,22.809999465942383,20.959999084472656,21.110000610351562,78287900,0.0,0.0
2022-01-28 00:00:00-05:00,20.65999984741211,21.31999969482422,19.309999465942383,20.899999618530273,96701100,0.0,0.0
2022-01-31 00:00:00-05:00,21.729999542236328,24.639999389648438,21.600000381469727,24.510000228881836,96028800,0.0,0.0
2022-02-01 00:00:00-05:00,24.889999389648438,25.229999542236328,23.559999465942383,24.84000015258789,81994300,0.0,0.0
2022-02-02 00:00:00-05:00,24.889999389648438,24.889999389648438,23.010000228881836,23.760000228881836,60475400,0.0,0.0
2022-02-03 00:00:00-05:00,22.959999084472656,24.6200008392334,22.950000762939453,23.1299991607666,55361300,0.0,0.0
2022-02-04 00:00:00-05:00,23.459999084472656,24.31999969482422,22.729999542236328,23.959999084472656,45771700,0.0,0.0
2022-02-07 00:00:00-05:00,23.780000686645508,24.780000686645508,23.530000686645508,23.989999771118164,39661800,0.0,0.0
2022-02-08 00:00:00-05:00,23.989999771118164,24.860000610351562,23.540000915527344,24.690000534057617,42607200,0.0,0.0
2022-02-09 00:00:00-05:00,25.450000762939453,26.239999771118164,25.049999237060547,26.100000381469727,56547700,0.0,0.0
2022-02-10 00:00:00-05:00,25.049999237060547,26.40999984741211,25.020000457763672,25.350000381469727,54337700,0.0,0.0
2022-02-11 00:00:00-05:00,24.989999771118164,25.68000030517578,23.700000762939453,24.100000381469727,47870100,0.0,0.0
2022-02-14 00:00:00-05:00,23.760000228881836,24.540000915527344,23.34000015258789,23.790000915527344,41441600,0.0,0.0
2022-02-15 00:00:00-05:00,24.309999465942383,25.84000015258789,24.200000762939453,25.790000915527344,47215200,0.0,0.0
2022-02-16 00:00:00-05:00,25.399999618530273,25.84000015258789,25.049999237060547,25.610000610351562,32627200,0.0,0.0
2022-02-17 00:00:00-05:00,25.239999771118164,26.270000457763672,24.649999618530273,24.719999313354492,34541600,0.0,0.0
2022-02-18 00:00:00-05:00,24.780000686645508,24.790000915527344,22.739999771118164,23.209999084472656,52112700,0.0,0.0
2022-02-22 00:00:00-05:00,22.360000610351562,22.959999084472656,21.31999969482422,21.770000457763672,56038200,0.0,0.0
2022-02-23 00:00:00-05:00,22.020000457763672,22.5,20.450000762939453,20.459999084472656,49465100,0.0,0.0
2022-02-24 00:00:00-05:00,18.5,21.309999465942383,18.469999313354492,21.219999313354492,77198400,0.0,0.0
2022-02-25 00:00:00-05:00,21.329999923706055,21.56999969482422,20.190000534057617,20.940000534057617,56994000,0.0,0.0
2022-02-28 00:00:00-05:00,21.43000030517578,23.149999618530273,20.940000534057617,22.84000015258789,83996600,0.0,0.0
2022-03-01 00:00:00-05:00,22.559999465942383,23.350000381469727,21.729999542236328,21.8700008392334,50402000,0.0,0.0
2022-03-02 00:00:00-05:00,21.899999618530273,22.209999084472656,20.6299991607666,21.770000457763672,47212000,0.0,0.0
2022-03-03 00:00:00-05:00,21.729999542236328,21.809999465942383,19.719999313354492,19.8799991607666,69419400,0.0,0.0
2022-03-04 00:00:00-05:00,20.09000015258789,20.290000915527344,18.549999237060547,18.6299991607666,68403300,0.0,0.0
2022-03-07 00:00:00-05:00,18.850000381469727,20.030000686645508,18.040000915527344,18.1200008392334,79649600,0.0,0.0
2022-03-08 00:00:00-05:00,18.229999542236328,18.75,17.579999923706055,17.979999542236328,74932400,0.0,0.0
2022-03-09 00:00:00-05:00,18.559999465942383,20.549999237060547,18.510000228881836,20.170000076293945,84306700,0.0,0.0
2022-03-10 00:00:00-05:00,19.0,19.100000381469727,17.219999313354492,17.770000457763672,105883600,0.0,0.0
2022-03-11 00:00:00-05:00,18.110000610351562,18.1299991607666,16.06999969482422,16.06999969482422,93265200,0.0,0.0
2022-03-14 00:00:00-04:00,15.09000015258789,15.739999771118164,13.819999694824219,14.100000381469727,115290300,0.0,0.0
2022-03-15 00:00:00-04:00,13.479999542236328,15.350000381469727,13.010000228881836,14.930000305175781,139771600,0.0,0.0
2022-03-16 00:00:00-04:00,17.639999389648438,18.770000457763672,16.780000686645508,18.75,168011700,0.0,0.0
2022-03-17 00:00:00-04:00,17.93000030517578,18.829999923706055,17.440000534057617,18.81999969482422,93328900,0.0,0.0
2022-03-18 00:00:00-04:00,18.829999923706055,21.239999771118164,18.549999237060547,20.860000610351562,128531700,0.0,0.0
2022-03-21 00:00:00-04:00,20.75,21.200000762939453,19.329999923706055,20.260000228881836,89586400,0.0,0.0
2022-03-22 00:00:00-04:00,20.84000015258789,22.09000015258789,20.59000015258789,21.770000457763672,79808500,0.0,0.0
2022-03-23 00:00:00-04:00,21.600000381469727,22.600000381469727,20.889999389648438,21.8700008392334,88922000,0.0,0.0
2022-03-24 00:00:00-04:00,22.0,22.1200008392334,20.65999984741211,21.979999542236328,97155000,0.0,0.0
2022-03-25 00:00:00-04:00,20.309999465942383,20.75,19.350000381469727,19.90999984741211,106936200,0.0,0.0
2022-03-28 00:00:00-04:00,20.420000076293945,21.229999542236328,20.31999969482422,21.209999084472656,75247200,0.0,0.0
2022-03-29 00:00:00-04:00,21.579999923706055,21.959999084472656,21.020000457763672,21.8799991607666,65946100,0.0,0.0
2022-03-30 00:00:00-04:00,21.829999923706055,23.860000610351562,21.6299991607666,22.170000076293945,114646500,0.0,0.0
2022-03-31 00:00:00-04:00,22.280000686645508,22.280000686645508,20.760000228881836,21.049999237060547,77641400,0.0,0.0
2022-04-01 00:00:00-04:00,22.40999984741211,23.219999313354492,21.559999465942383,21.93000030517578,110169300,0.0,0.0
2022-04-04 00:00:00-04:00,23.309999465942383,23.940000534057617,22.780000686645508,23.850000381469727,101280500,0.0,0.0
2022-04-05 00:00:00-04:00,23.969999313354492,23.979999542236328,22.440000534057617,22.469999313354492,69772000,0.0,0.0
2022-04-06 00:00:00-04:00,22.040000915527344,22.079999923706055,20.93000030517578,21.68000030517578,73501100,0.0,0.0
2022-04-07 00:00:00-04:00,21.489999771118164,21.68000030517578,19.729999542236328,20.360000610351562,82617000,0.0,0.0
2022-04-08 00:00:00-04:00,20.110000610351562,20.709999084472656,19.829999923706055,20.0,59574300,0.0,0.0
2022-04-11 00:00:00-04:00,18.049999237060547,20.06999969482422,17.770000457763672,19.700000762939453,93693800,0.0,0.0
2022-04-12 00:00:00-04:00,20.030000686645508,20.270000457763672,19.219999313354492,19.459999084472656,51210800,0.0,0.0
2022-04-13 00:00:00-04:00,19.549999237060547,20.559999465942383,19.030000686645508,20.420000076293945,57163200,0.0,0.0
2022-04-14 00:00:00-04:00,20.09000015258789,20.399999618530273,19.530000686645508,19.649999618530273,43937500,0.0,0.0
2022-04-18 00:00:00-04:00,19.510000228881836,19.639999389648438,18.510000228881836,19.170000076293945,40647500,0.0,0.0
2022-04-19 00:00:00-04:00,19.049999237060547,19.889999389648438,18.360000610351562,19.8700008392334,43395000,0.0,0.0
2022-04-20 00:00:00-04:00,19.3799991607666,19.450000762939453,18.06999969482422,18.149999618530273,53336400,0.0,0.0
2022-04-21 00:00:00-04:00,18.34000015258789,18.700000762939453,16.979999542236328,17.149999618530273,61501400,0.0,0.0
2022-04-22 00:00:00-04:00,17.350000381469727,18.290000915527344,17.1200008392334,17.18000030517578,60727300,0.0,0.0
2022-04-25 00:00:00-04:00,16.809999465942383,17.420000076293945,16.18000030517578,17.309999465942383,54990900,0.0,0.0
2022-04-26 00:00:00-04:00,17.239999771118164,17.40999984741211,16.15999984741211,16.360000610351562,52771600,0.0,0.0
2022-04-27 00:00:00-04:00,16.520000457763672,17.690000534057617,16.520000457763672,16.760000228881836,56633000,0.0,0.0
2022-04-28 00:00:00-04:00,16.899999618530273,17.239999771118164,15.90999984741211,16.93000030517578,53118500,0.0,0.0
2022-04-29 00:00:00-04:00,17.780000686645508,18.190000534057617,16.65999984741211,16.700000762939453,62933900,0.0,0.0
2022-05-02 00:00:00-04:00,16.530000686645508,17.5,16.399999618530273,17.5,56156200,0.0,0.0
2022-05-03 00:00:00-04:00,17.290000915527344,17.84000015258789,16.950000762939453,17.530000686645508,44062200,0.0,0.0
2022-05-04 00:00:00-04:00,17.18000030517578,18.219999313354492,16.719999313354492,18.1299991607666,53869900,0.0,0.0
2022-05-05 00:00:00-04:00,17.40999984741211,17.520000457763672,14.869999885559082,15.380000114440918,95761700,0.0,0.0
2022-05-06 00:00:00-04:00,15.609999656677246,15.8100004196167,14.460000038146973,14.920000076293945,57655100,0.0,0.0
2022-05-09 00:00:00-04:00,14.329999923706055,14.529999732971191,13.479999542236328,13.550000190734863,63121000,0.0,0.0
2022-05-10 00:00:00-04:00,14.260000228881836,14.680000305175781,12.859999656677246,13.4399995803833,77181800,0.0,0.0
2022-05-11 00:00:00-04:00,13.789999961853027,14.359999656677246,12.640000343322754,12.710000038146973,86081300,0.0,0.0
2022-05-12 00:00:00-04:00,12.479999542236328,13.75,11.670000076293945,13.100000381469727,83180600,0.0,0.0
2022-05-13 00:00:00-04:00,13.699999809265137,14.40999984741211,13.539999961853027,14.3100004196167,63558000,0.0,0.0
2022-05-16 00:00:00-04:00,14.8100004196167,15.430000305175781,14.279999732971191,14.550000190734863,82270000,0.0,0.0
2022-05-17 00:00:00-04:00,15.3100004196167,16.690000534057617,15.260000228881836,16.6299991607666,93233100,0.0,0.0
2022-05-18 00:00:00-04:00,16.290000915527344,16.93000030517578,15.65999984741211,15.829999923706055,72865500,0.0,0.0
2022-05-19 00:00:00-04:00,16.110000610351562,16.889999389648438,15.789999961853027,16.65999984741211,61191000,0.0,0.0
2022-05-20 00:00:00-04:00,17.5,17.600000381469727,15.680000305175781,16.440000534057617,86108900,0.0,0.0
2022-05-23 00:00:00-04:00,15.800000190734863,16.010000228881836,15.239999771118164,16.0,65594700,0.0,0.0
2022-05-24 00:00:00-04:00,15.529999732971191,15.529999732971191,14.399999618530273,14.630000114440918,48413500,0.0,0.0
2022-05-25 00:00:00-04:00,14.789999961853027,15.0,14.09000015258789,14.640000343322754,44911100,0.0,0.0
2022-05-26 00:00:00-04:00,14.520000457763672,16.1299991607666,14.329999923706055,16.030000686645508,64243800,0.0,0.0
2022-05-27 00:00:00-04:00,16.15999984741211,16.690000534057617,15.670000076293945,16.56999969482422,51414800,0.0,0.0
2022-05-31 00:00:00-04:00,17.770000457763672,17.920000076293945,16.760000228881836,17.389999389648438,96583300,0.0,0.0
2022-06-01 00:00:00-04:00,17.59000015258789,18.93000030517578,17.479999542236328,17.56999969482422,92493700,0.0,0.0
2022-06-02 00:00:00-04:00,17.540000915527344,18.850000381469727,16.989999771118164,18.850000381469727,77825000,0.0,0.0
2022-06-03 00:00:00-04:00,18.420000076293945,18.739999771118164,17.809999465942383,18.079999923706055,57620700,0.0,0.0
2022-06-06 00:00:00-04:00,18.989999771118164,19.799999237060547,18.799999237060547,19.18000030517578,68726800,0.0,0.0
2022-06-07 00:00:00-04:00,18.979999542236328,19.68000030517578,18.600000381469727,19.649999618530273,49357200,0.0,0.0
2022-06-08 00:00:00-04:00,20.31999969482422,20.450000762939453,19.860000610351562,20.3799991607666,65311600,0.0,0.0
2022-06-09 00:00:00-04:00,18.719999313354492,19.68000030517578,18.450000762939453,18.81999969482422,73635000,0.0,0.0
2022-06-10 00:00:00-04:00,18.860000610351562,19.18000030517578,17.809999465942383,18.139999389648438,61204800,0.0,0.0
2022-06-13 00:00:00-04:00,17.31999969482422,17.489999771118164,15.84000015258789,15.989999771118164,60529400,0.0,0.0
2022-06-14 00:00:00-04:00,16.530000686645508,19.09000015258789,16.489999771118164,18.65999984741211,105582700,0.0,0.0
2022-06-15 00:00:00-04:00,18.959999084472656,20.260000228881836,18.18000030517578,20.110000610351562,121426000,0.0,0.0
2022-06-16 00:00:00-04:00,19.18000030517578,19.93000030517578,18.469999313354492,19.18000030517578,77244500,0.0,0.0
2022-06-17 00:00:00-04:00,19.770000457763672,20.889999389648438,19.729999542236328,20.770000457763672,82067300,0.0,0.0
2022-06-21 00:00:00-04:00,21.84000015258789,23.100000381469727,21.579999923706055,22.65999984741211,90287700,0.0,0.0
2022-06-22 00:00:00-04:00,22.34000015258789,23.1299991607666,21.93000030517578,22.549999237060547,81297100,0.0,0.0
2022-06-23 00:00:00-04:00,23.110000610351562,23.209999084472656,22.229999542236328,23.049999237060547,77502800,0.0,0.0
2022-06-24 00:00:00-04:00,23.219999313354492,24.170000076293945,23.15999984741211,24.079999923706055,67062600,0.0,0.0
2022-06-27 00:00:00-04:00,24.1299991607666,24.43000030517578,22.850000381469727,22.950000762939453,61701600,0.0,0.0
2022-06-28 00:00:00-04:00,22.360000610351562,23.450000762939453,22.020000457763672,22.360000610351562,76228500,0.0,0.0
2022-06-29 00:00:00-04:00,20.760000228881836,22.280000686645508,20.600000381469727,21.860000610351562,71582000,0.0,0.0
2022-06-30 00:00:00-04:00,21.860000610351562,22.1200008392334,20.899999618530273,21.719999313354492,53074100,0.0,0.0
2022-07-01 00:00:00-04:00,22.31999969482422,22.5,20.950000762939453,21.360000610351562,56855500,0.0,0.0
2022-07-05 00:00:00-04:00,21.040000915527344,22.200000762939453,20.350000381469727,22.18000030517578,50537400,0.0,0.0
2022-07-06 00:00:00-04:00,21.809999465942383,21.84000015258789,20.260000228881836,20.829999923706055,58981700,0.0,0.0
2022-07-07 00:00:00-04:00,21.399999618530273,23.100000381469727,21.360000610351562,22.5,72102000,0.0,0.0
2022-07-08 00:00:00-04:00,22.15999984741211,23.280000686645508,21.65999984741211,22.600000381469727,48917200,0.0,0.0
2022-07-11 00:00:00-04:00,21.600000381469727,21.739999771118164,20.5,20.56999969482422,54656800,0.0,0.0
2022-07-12 00:00:00-04:00,20.40999984741211,21.190000534057617,20.040000915527344,20.8700008392334,49780800,0.0,0.0
2022-07-13 00:00:00-04:00,20.229999542236328,21.799999237060547,20.229999542236328,21.09000015258789,50089200,0.0,0.0
2022-07-14 00:00:00-04:00,21.059999465942383,21.450000762939453,20.65999984741211,21.049999237060547,39870500,0.0,0.0
2022-07-15 00:00:00-04:00,20.84000015258789,20.899999618530273,19.93000030517578,20.719999313354492,41337800,0.0,0.0
2022-07-18 00:00:00-04:00,20.959999084472656,21.81999969482422,20.600000381469727,20.84000015258789,40382300,0.0,0.0
2022-07-19 00:00:00-04:00,21.100000381469727,21.100000381469727,19.520000457763672,20.200000762939453,63211700,0.0,0.0
2022-07-20 00:00:00-04:00,20.010000228881836,20.950000762939453,20.010000228881836,20.3700008392334,40381200,0.0,0.0
2022-07-21 00:00:00-04:00,20.15999984741211,21.170000076293945,20.15999984741211,20.68000030517578,39842100,0.0,0.0
2022-07-22 00:00:00-04:00,20.719999313354492,20.780000686645508,19.0,19.239999771118164,55606900,0.0,0.0
2022-07-25 00:00:00-04:00,18.979999542236328,19.5,18.770000457763672,19.329999923706055,30357200,0.0,0.0
2022-07-26 00:00:00-04:00,19.350000381469727,19.739999771118164,18.90999984741211,19.040000915527344,27669900,0.0,0.0
2022-07-27 00:00:00-04:00,19.139999389648438,19.5,18.75,19.3799991607666,32854100,0.0,0.0
2022-07-28 00:00:00-04:00,19.18000030517578,19.549999237060547,18.59000015258789,19.489999771118164,31078800,0.0,0.0
2022-07-29 00:00:00-04:00,18.809999465942383,19.84000015258789,18.65999984741211,19.729999542236328,36943000,0.0,0.0
2022-08-01 00:00:00-04:00,20.190000534057617,20.760000228881836,19.8700008392334,20.18000030517578,54375800,0.0,0.0
2022-08-02 00:00:00-04:00,19.68000030517578,20.950000762939453,19.610000610351562,20.18000030517578,51262000,0.0,0.0
2022-08-03 00:00:00-04:00,20.309999465942383,20.3700008392334,19.43000030517578,20.299999237060547,44049900,0.0,0.0
2022-08-04 00:00:00-04:00,20.389999389648438,21.469999313354492,20.329999923706055,20.899999618530273,37737400,0.0,0.0
2022-08-05 00:00:00-04:00,20.530000686645508,20.68000030517578,19.8799991607666,20.219999313354492,34056400,0.0,0.0
2022-08-08 00:00:00-04:00,20.25,20.790000915527344,20.149999618530273,20.170000076293945,29584800,0.0,0.0
2022-08-09 00:00:00-04:00,20.229999542236328,20.239999771118164,19.010000228881836,19.170000076293945,38118400,0.0,0.0
2022-08-10 00:00:00-04:00,19.579999923706055,20.06999969482422,19.06999969482422,20.049999237060547,35345700,0.0,0.0
2022-08-11 00:00:00-04:00,20.399999618530273,21.969999313354492,20.079999923706055,20.81999969482422,56333100,0.0,0.0
2022-08-12 00:00:00-04:00,20.260000228881836,21.170000076293945,19.790000915527344,21.110000610351562,34953500,0.0,0.0
2022-08-15 00:00:00-04:00,20.510000228881836,21.549999237060547,20.469999313354492,21.299999237060547,36347500,0.0,0.0
2022-08-16 00:00:00-04:00,21.149999618530273,21.149999618530273,20.40999984741211,20.90999984741211,32103200,0.0,0.0
2022-08-17 00:00:00-04:00,20.68000030517578,21.020000457763672,20.059999465942383,20.079999923706055,26455900,0.0,0.0
2022-08-18 00:00:00-04:00,20.020000457763672,20.18000030517578,19.510000228881836,19.90999984741211,21640100,0.0,0.0
2022-08-19 00:00:00-04:00,19.6200008392334,19.709999084472656,18.920000076293945,19.049999237060547,24262600,0.0,0.0
2022-08-22 00:00:00-04:00,18.8799991607666,19.260000228881836,18.65999984741211,18.950000762939453,27327900,0.0,0.0
2022-08-23 00:00:00-04:00,18.690000534057617,18.799999237060547,17.729999542236328,18.290000915527344,34210200,0.0,0.0
2022-08-24 00:00:00-04:00,18.010000228881836,19.229999542236328,18.0,18.8700008392334,29271000,0.0,0.0
2022-08-25 00:00:00-04:00,19.43000030517578,20.3700008392334,18.760000228881836,20.079999923706055,42455900,0.0,0.0
2022-08-26 00:00:00-04:00,20.770000457763672,21.260000228881836,19.809999465942383,19.920000076293945,61525400,0.0,0.0
2022-08-29 00:00:00-04:00,19.65999984741211,20.670000076293945,19.639999389648438,19.809999465942383,33245000,0.0,0.0
2022-08-30 00:00:00-04:00,19.850000381469727,20.219999313354492,19.299999237060547,19.829999923706055,29823800,0.0,0.0
2022-08-31 00:00:00-04:00,20.110000610351562,20.3799991607666,19.280000686645508,19.90999984741211,39383500,0.0,0.0
2022-09-01 00:00:00-04:00,19.280000686645508,19.350000381469727,18.09000015258789,18.790000915527344,47665700,0.0,0.0
2022-09-02 00:00:00-04:00,18.43000030517578,18.649999618530273,17.709999084472656,17.729999542236328,44132000,0.0,0.0
2022-09-06 00:00:00-04:00,17.600000381469727,17.809999465942383,17.09000015258789,17.110000610351562,32485200,0.0,0.0
2022-09-07 00:00:00-04:00,16.540000915527344,18.3700008392334,16.540000915527344,17.479999542236328,58645900,0.0,0.0
2022-09-08 00:00:00-04:00,17.3700008392334,17.700000762939453,16.989999771118164,17.68000030517578,30487800,0.0,0.0
2022-09-09 00:00:00-04:00,18.399999618530273,19.59000015258789,18.290000915527344,19.15999984741211,54913900,0.0,0.0
2022-09-12 00:00:00-04:00,20.100000381469727,21.8799991607666,20.010000228881836,21.75,86994000,0.0,0.0
2022-09-13 00:00:00-04:00,20.950000762939453,22.299999237060547,20.850000381469727,21.969999313354492,77974400,0.0,0.0
2022-09-14 00:00:00-04:00,21.469999313354492,22.09000015258789,21.030000686645508,21.940000534057617,47206700,0.0,0.0
2022-09-15 00:00:00-04:00,21.510000228881836,22.739999771118164,21.25,21.510000228881836,43787900,0.0,0.0
2022-09-16 00:00:00-04:00,21.100000381469727,21.350000381469727,19.959999084472656,20.149999618530273,65778700,0.0,0.0
2022-09-19 00:00:00-04:00,19.75,20.959999084472656,19.75,20.899999618530273,36244000,0.0,0.0
2022-09-20 00:00:00-04:00,20.700000762939453,20.950000762939453,20.209999084472656,20.40999984741211,29290000,0.0,0.0
2022-09-21 00:00:00-04:00,20.1200008392334,20.15999984741211,18.25,18.299999237060547,64553200,0.0,0.0
2022-09-22 00:00:00-04:00,18.510000228881836,19.18000030517578,18.09000015258789,18.350000381469727,36823100,0.0,0.0
2022-09-23 00:00:00-04:00,18.0,18.209999084472656,17.420000076293945,17.639999389648438,39484400,0.0,0.0
2022-09-26 00:00:00-04:00,17.770000457763672,18.399999618530273,17.530000686645508,17.6200008392334,42024500,0.0,0.0
2022-09-27 00:00:00-04:00,18.18000030517578,18.229999542236328,16.979999542236328,17.190000534057617,40675200,0.0,0.0
2022-09-28 00:00:00-04:00,16.799999237060547,17.459999084472656,16.65999984741211,17.329999923706055,37295600,0.0,0.0
2022-09-29 00:00:00-04:00,16.829999923706055,16.940000534057617,15.369999885559082,15.579999923706055,51517700,0.0,0.0
2022-09-30 00:00:00-04:00,15.210000038146973,16.149999618530273,15.199999809265137,15.770000457763672,39341300,0.0,0.0
2022-10-03 00:00:00-04:00,15.850000381469727,15.9399995803833,15.279999732971191,15.489999771118164,38423000,0.0,0.0
2022-10-04 00:00:00-04:00,16.170000076293945,16.8799991607666,15.949999809265137,16.729999542236328,45093600,0.0,0.0
2022-10-05 00:00:00-04:00,16.5,16.68000030517578,15.640000343322754,16.040000915527344,39737500,0.0,0.0
2022-10-06 00:00:00-04:00,16.0,16.239999771118164,14.760000228881836,14.770000457763672,67739000,0.0,0.0
2022-10-07 00:00:00-04:00,14.289999961853027,14.529999732971191,13.539999961853027,13.760000228881836,53268900,0.0,0.0
2022-10-10 00:00:00-04:00,13.65999984741211,13.729999542236328,13.020000457763672,13.279999732971191,48731700,0.0,0.0
2022-10-11 00:00:00-04:00,13.130000114440918,13.420000076293945,12.579999923706055,12.829999923706055,51761500,0.0,0.0
2022-10-12 00:00:00-04:00,12.930000305175781,13.460000038146973,12.479999542236328,12.880000114440918,50001300,0.0,0.0
2022-10-13 00:00:00-04:00,12.350000381469727,12.850000381469727,11.949999809265137,12.779999732971191,53451100,0.0,0.0
2022-10-14 00:00:00-04:00,12.989999771118164,13.180000305175781,11.729999542236328,11.75,59846600,0.0,0.0
2022-10-17 00:00:00-04:00,12.1899995803833,12.640000343322754,12.119999885559082,12.210000038146973,51097200,0.0,0.0
2022-10-18 00:00:00-04:00,13.079999923706055,13.220000267028809,12.09000015258789,12.210000038146973,58185400,0.0,0.0
2022-10-19 00:00:00-04:00,11.800000190734863,11.899999618530273,10.710000038146973,10.920000076293945,99014200,0.0,0.0
2022-10-20 00:00:00-04:00,11.029999732971191,11.430000305175781,10.880000114440918,10.970000267028809,47109300,0.0,0.0
2022-10-21 00:00:00-04:00,10.670000076293945,11.210000038146973,10.40999984741211,11.210000038146973,42496300,0.0,0.0
2022-10-24 00:00:00-04:00,10.010000228881836,10.029999732971191,8.380000114440918,9.449999809265137,166523700,0.0,0.0
2022-10-25 00:00:00-04:00,9.8100004196167,10.630000114440918,9.529999732971191,10.630000114440918,98189000,0.0,0.0
2022-10-26 00:00:00-04:00,10.4399995803833,11.09000015258789,10.229999542236328,10.8100004196167,79102800,0.0,0.0
2022-10-27 00:00:00-04:00,10.529999732971191,10.729999542236328,9.970000267028809,9.979999542236328,64014700,0.0,0.0
2022-10-28 00:00:00-04:00,9.5,9.979999542236328,9.279999732971191,9.6899995803833,74420600,0.0,0.0
2022-10-31 00:00:00-04:00,9.510000228881836,10.050000190734863,9.380000114440918,9.670000076293945,46879600,0.0,0.0
2022-11-01 00:00:00-04:00,10.329999923706055,10.449999809265137,9.6899995803833,9.710000038146973,56233200,0.0,0.0
2022-11-02 00:00:00-04:00,9.600000381469727,10.130000114440918,9.479999542236328,9.489999771118164,76033400,0.0,0.0
2022-11-03 00:00:00-04:00,9.1899995803833,10.170000076293945,9.029999732971191,9.9399995803833,64660300,0.0,0.0
2022-11-04 00:00:00-04:00,11.0,11.6899995803833,10.600000381469727,11.680000305175781,125406400,0.0,0.0
2022-11-07 00:00:00-05:00,12.229999542236328,12.380000114440918,10.699999809265137,10.979999542236328,84143600,0.0,0.0
2022-11-08 00:00:00-05:00,10.680000305175781,10.869999885559082,10.079999923706055,10.5600004196167,61734900,0.0,0.0
2022-11-09 00:00:00-05:00,10.0,10.180000305175781,9.140000343322754,9.25,81211800,0.0,0.0
2022-11-10 00:00:00-05:00,10.300000190734863,10.829999923706055,10.050000190734863,10.34000015258789,84026800,0.0,0.0
2022-11-11 00:00:00-05:00,10.789999961853027,11.6899995803833,10.539999961853027,11.5600004196167,100635600,0.0,0.0
2022-11-14 00:00:00-05:00,11.859999656677246,12.119999885559082,11.170000076293945,11.170000076293945,62563000,0.0,0.0
2022-11-15 00:00:00-05:00,11.90999984741211,11.949999809265137,11.359999656677246,11.510000228881836,63244200,0.0,0.0
2022-11-16 00:00:00-05:00,11.170000076293945,11.289999961853027,10.449999809265137,10.529999732971191,49624900,0.0,0.0
2022-11-17 00:00:00-05:00,10.25,10.720000267028809,9.930000305175781,10.670000076293945,62563500,0.0,0.0
2022-11-18 00:00:00-05:00,10.649999618530273,10.8100004196167,10.260000228881836,10.470000267028809,49320200,0.0,0.0
2022-11-21 00:00:00-05:00,10.220000267028809,10.25,9.670000076293945,10.020000457763672,53072100,0.0,0.0
2022-11-22 00:00:00-05:00,9.869999885559082,10.100000381469727,9.75,10.010000228881836,36096300,0.0,0.0
2022-11-23 00:00:00-05:00,10.3100004196167,10.739999771118164,10.239999771118164,10.5600004196167,49399100,0.0,0.0
2022-11-25 00:00:00-05:00,10.260000228881836,10.300000190734863,9.960000038146973,10.170000076293945,23487600,0.0,0.0
2022-11-28 00:00:00-05:00,10.050000190734863,10.630000114440918,9.989999771118164,10.119999885559082,39047000,0.0,0.0
2022-11-29 00:00:00-05:00,10.649999618530273,10.899999618530273,10.390000343322754,10.5,48292300,0.0,0.0
2022-11-30 00:00:00-05:00,11.34000015258789,13.270000457763672,11.34000015258789,12.779999732971191,173185000,0.0,0.0
2022-12-01 00:00:00-05:00,12.350000381469727,12.550000190734863,11.949999809265137,12.09000015258789,59583400,0.0,0.0
2022-12-02 00:00:00-05:00,12.0600004196167,13.319999694824219,11.970000267028809,13.130000114440918,106291200,0.0,0.0
2022-12-05 00:00:00-05:00,13.989999771118164,14.029999732971191,12.59000015258789,12.800000190734863,94815800,0.0,0.0
2022-12-06 00:00:00-05:00,13.0,13.279999732971191,12.430000305175781,13.239999771118164,62747600,0.0,0.0
2022-12-07 00:00:00-05:00,12.420000076293945,12.720000267028809,12.149999618530273,12.579999923706055,52840500,0.0,0.0
2022-12-08 00:00:00-05:00,13.0,13.550000190734863,12.880000114440918,13.40999984741211,52377700,0.0,0.0
2022-12-09 00:00:00-05:00,13.170000076293945,13.319999694824219,12.619999885559082,12.630000114440918,44101100,0.0,0.0
2022-12-12 00:00:00-05:00,12.300000190734863,12.579999923706055,12.15999984741211,12.489999771118164,35211100,0.0,0.0
2022-12-13 00:00:00-05:00,13.109999656677246,13.239999771118164,12.029999732971191,12.3100004196167,52084300,0.0,0.0
2022-12-14 00:00:00-05:00,12.449999809265137,12.529999732971191,11.970000267028809,12.100000381469727,33251900,0.0,0.0
2022-12-15 00:00:00-05:00,12.329999923706055,12.630000114440918,11.680000305175781,11.880000114440918,41620900,0.0,0.0
2022-12-16 00:00:00-05:00,12.130000114440918,12.380000114440918,11.600000381469727,11.600000381469727,46476300,0.0,0.0
2022-12-19 00:00:00-05:00,11.65999984741211,11.65999984741211,10.829999923706055,11.0600004196167,40564600,0.0,0.0
2022-12-20 00:00:00-05:00,10.670000076293945,11.59000015258789,10.579999923706055,11.09000015258789,44765300,0.0,0.0
2022-12-21 00:00:00-05:00,11.069999694824219,11.710000038146973,10.859999656677246,11.609999656677246,34244000,0.0,0.0
2022-12-22 00:00:00-05:00,11.449999809265137,11.579999923706055,10.760000228881836,11.289999961853027,32468900,0.0,0.0
2022-12-23 00:00:00-05:00,11.220000267028809,11.220000267028809,10.6899995803833,10.970000267028809,33666100,0.0,0.0
2022-12-27 00:00:00-05:00,10.529999732971191,10.609999656677246,9.970000267028809,10.0600004196167,54165700,0.0,0.0
2022-12-28 00:00:00-05:00,10.010000228881836,10.25,9.609999656677246,9.800000190734863,42225300,0.0,0.0
2022-12-29 00:00:00-05:00,9.920000076293945,10.270000457763672,9.770000457763672,9.989999771118164,49380200,0.0,0.0
2022-12-30 00:00:00-05:00,9.829999923706055,9.979999542236328,9.520000457763672,9.75,40863800,0.0,0.0
2023-01-03 00:00:00-05:00,10.210000038146973,10.510000228881836,9.5,9.630000114440918,54095600,0.0,0.0
2023-01-04 00:00:00-05:00,9.970000267028809,10.899999618530273,9.850000381469727,10.630000114440918,63723800,0.0,0.0
2023-01-05 00:00:00-05:00,10.390000343322754,10.970000267028809,10.239999771118164,10.859999656677246,37262700,0.0,0.0
2023-01-06 00:00:00-05:00,10.0600004196167,10.390000343322754,9.5,10.369999885559082,70946700,0.0,0.0
2023-01-09 00:00:00-05:00,10.630000114440918,11.119999885559082,10.630000114440918,10.760000228881836,42870100,0.0,0.0
2023-01-10 00:00:00-05:00,11.100000381469727,11.380000114440918,10.680000305175781,11.239999771118164,44315500,0.0,0.0
2023-01-11 00:00:00-05:00,11.350000381469727,11.720000267028809,10.989999771118164,11.510000228881836,42554500,0.0,0.0
2023-01-12 00:00:00-05:00,11.489999771118164,11.8100004196167,11.130000114440918,11.8100004196167,40125300,0.0,0.0
2023-01-13 00:00:00-05:00,11.4399995803833,11.8100004196167,11.229999542236328,11.800000190734863,41631500,0.0,0.0
2023-01-17 00:00:00-05:00,11.319999694824219,11.510000228881836,11.09000015258789,11.40999984741211,48895600,0.0,0.0
2023-01-18 00:00:00-05:00,11.489999771118164,11.6899995803833,10.979999542236328,11.010000228881836,43306200,0.0,0.0
2023-01-19 00:00:00-05:00,10.880000114440918,11.180000305175781,10.619999885559082,10.770000457763672,33638100,0.0,0.0
2023-01-20 00:00:00-05:00,10.949999809265137,11.34000015258789,10.829999923706055,11.069999694824219,39012500,0.0,0.0
2023-01-23 00:00:00-05:00,11.279999732971191,12.350000381469727,11.149999618530273,12.0600004196167,64034100,0.0,0.0
2023-01-24 00:00:00-05:00,13.210000038146973,13.210000038146973,11.0600004196167,11.680000305175781,37478600,0.0,0.0
2023-01-25 00:00:00-05:00,11.460000038146973,11.770000457763672,11.279999732971191,11.630000114440918,26348900,0.0,0.0
2023-01-26 00:00:00-05:00,12.430000305175781,12.470000267028809,11.800000190734863,12.170000076293945,51635100,0.0,0.0
2023-01-27 00:00:00-05:00,12.149999618530273,13.220000267028809,11.979999542236328,12.710000038146973,69734400,0.0,0.0
2023-01-30 00:00:00-05:00,12.430000305175781,12.4399995803833,11.850000381469727,12.020000457763672,54970000,0.0,0.0
2023-01-31 00:00:00-05:00,11.90999984741211,12.359999656677246,11.760000228881836,12.069999694824219,45863100,0.0,0.0
2023-02-01 00:00:00-05:00,12.239999771118164,12.319999694824219,11.59000015258789,12.100000381469727,65907200,0.0,0.0
2023-02-02 00:00:00-05:00,12.119999885559082,12.369999885559082,11.8100004196167,11.960000038146973,68872800,0.0,0.0
2023-02-03 00:00:00-05:00,11.649999618530273,11.899999618530273,11.15999984741211,11.1899995803833,55798800,0.0,0.0
2023-02-06 00:00:00-05:00,10.949999809265137,11.029999732971191,10.670000076293945,10.930000305175781,45482600,0.0,0.0
2023-02-07 00:00:00-05:00,11.0,11.020000457763672,10.5600004196167,10.920000076293945,35350700,0.0,0.0
2023-02-08 00:00:00-05:00,10.75,10.90999984741211,10.579999923706055,10.649999618530273,28370200,0.0,0.0
2023-02-09 00:00:00-05:00,10.970000267028809,11.020000457763672,10.369999885559082,10.470000267028809,40466300,0.0,0.0
2023-02-10 00:00:00-05:00,10.25,10.390000343322754,10.020000457763672,10.3100004196167,38377100,0.0,0.0
2023-02-13 00:00:00-05:00,10.470000267028809,10.539999961853027,10.279999732971191,10.3100004196167,30815800,0.0,0.0
2023-02-14 00:00:00-05:00,10.1899995803833,10.350000381469727,9.90999984741211,10.3100004196167,38028600,0.0,0.0
2023-02-15 00:00:00-05:00,10.09000015258789,10.5,10.09000015258789,10.5,35660100,0.0,0.0
2023-02-16 00:00:00-05:00,10.460000038146973,10.600000381469727,10.1899995803833,10.1899995803833,38647000,0.0,0.0
2023-02-17 00:00:00-05:00,10.100000381469727,10.239999771118164,9.930000305175781,10.1899995803833,37467000,0.0,0.0
2023-02-21 00:00:00-05:00,10.050000190734863,10.3100004196167,9.960000038146973,10.029999732971191,35046700,0.0,0.0
2023-02-22 00:00:00-05:00,10.010000228881836,10.210000038146973,9.899999618530273,10.180000305175781,34099400,0.0,0.0
2023-02-23 00:00:00-05:00,10.390000343322754,10.399999618530273,9.579999923706055,9.789999961853027,50261600,0.0,0.0
2023-02-24 00:00:00-05:00,9.510000228881836,9.520000457763672,9.130000114440918,9.300000190734863,56808900,0.0,0.0
2023-02-27 00:00:00-05:00,9.529999732971191,9.59000015258789,9.239999771118164,9.329999923706055,42356400,0.0,0.0
2023-02-28 00:00:00-05:00,9.199999809265137,9.4399995803833,9.119999885559082,9.390000343322754,53310800,0.0,0.0
2023-03-01 00:00:00-05:00,9.34000015258789,9.449999809265137,8.770000457763672,8.829999923706055,82172500,0.0,0.0
2023-03-02 00:00:00-05:00,8.5,9.119999885559082,8.3100004196167,9.09000015258789,73183200,0.0,0.0
2023-03-03 00:00:00-05:00,8.970000267028809,9.699999809265137,8.920000076293945,9.569999694824219,60775100,0.0,0.0
2023-03-06 00:00:00-05:00,9.5,9.640000343322754,9.300000190734863,9.3100004196167,35308800,0.0,0.0
2023-03-07 00:00:00-05:00,9.1899995803833,9.260000228881836,8.869999885559082,8.970000267028809,45081500,0.0,0.0
2023-03-08 00:00:00-05:00,8.869999885559082,9.180000305175781,8.670000076293945,9.180000305175781,39709100,0.0,0.0
2023-03-09 00:00:00-05:00,9.010000228881836,9.170000076293945,8.720000267028809,8.789999961853027,48894300,0.0,0.0
2023-03-10 00:00:00-05:00,8.779999732971191,8.8100004196167,8.329999923706055,8.510000228881836,46631300,0.0,0.0
2023-03-13 00:00:00-04:00,8.350000381469727,8.6899995803833,8.029999732971191,8.550000190734863,43877100,0.0,0.0
2023-03-14 00:00:00-04:00,8.510000228881836,8.5600004196167,8.350000381469727,8.420000076293945,36783100,0.0,0.0
2023-03-15 00:00:00-04:00,8.210000038146973,8.319999694824219,8.069999694824219,8.25,40281700,0.0,0.0
2023-03-16 00:00:00-04:00,8.130000114440918,8.539999961853027,8.100000381469727,8.5,27563000,0.0,0.0
2023-03-17 00:00:00-04:00,8.539999961853027,8.739999771118164,8.180000305175781,8.260000228881836,38374700,0.0,0.0
2023-03-20 00:00:00-04:00,8.100000381469727,9.0600004196167,8.069999694824219,8.75,56190600,0.0,0.0
2023-03-21 00:00:00-04:00,8.960000038146973,9.369999885559082,8.90999984741211,9.270000457763672,52342800,0.0,0.0
2023-03-22 00:00:00-04:00,9.5,9.529999732971191,9.0600004196167,9.09000015258789,36811700,0.0,0.0
2023-03-23 00:00:00-04:00,9.350000381469727,9.460000038146973,9.130000114440918,9.270000457763672,30132800,0.0,0.0
2023-03-24 00:00:00-04:00,9.220000267028809,9.229999542236328,8.829999923706055,9.069999694824219,28665700,0.0,0.0
2023-03-27 00:00:00-04:00,9.029999732971191,9.130000114440918,8.84000015258789,8.930000305175781,20452500,0.0,0.0
2023-03-28 00:00:00-04:00,9.149999618530273,9.270000457763672,9.029999732971191,9.199999809265137,31341500,0.0,0.0
2023-03-29 00:00:00-04:00,9.300000190734863,9.949999809265137,9.260000228881836,9.829999923706055,56384500,0.0,0.0
2023-03-30 00:00:00-04:00,10.0,10.75,9.9399995803833,10.460000038146973,66081900,0.0,0.0
2023-03-31 00:00:00-04:00,10.3100004196167,10.600000381469727,10.199999809265137,10.510000228881836,35906300,0.0,0.0
2023-04-03 00:00:00-04:00,10.40999984741211,10.510000228881836,9.670000076293945,9.800000190734863,56526200,0.0,0.0
2023-04-04 00:00:00-04:00,9.619999885559082,9.789999961853027,9.119999885559082,9.210000038146973,53384400,0.0,0.0
2023-04-05 00:00:00-04:00,9.1899995803833,9.1899995803833,8.75,8.960000038146973,33805900,0.0,0.0
2023-04-06 00:00:00-04:00,8.9399995803833,9.069999694824219,8.829999923706055,9.010000228881836,23019800,0.0,0.0
2023-04-10 00:00:00-04:00,8.859999656677246,9.079999923706055,8.779999732971191,9.050000190734863,26228700,0.0,0.0
2023-04-11 00:00:00-04:00,9.1899995803833,9.789999961853027,9.180000305175781,9.520000457763672,44751300,0.0,0.0
2023-04-12 00:00:00-04:00,9.5600004196167,9.5600004196167,8.960000038146973,9.010000228881836,48106800,0.0,0.0
2023-04-13 00:00:00-04:00,9.210000038146973,9.279999732971191,9.020000457763672,9.100000381469727,25070000,0.0,0.0
2023-04-14 00:00:00-04:00,9.069999694824219,9.449999809265137,9.0,9.270000457763672,30953500,0.0,0.0
2023-04-17 00:00:00-04:00,9.539999961853027,10.029999732971191,9.510000228881836,9.829999923706055,48549500,0.0,0.0
2023-04-18 00:00:00-04:00,9.779999732971191,9.8100004196167,9.449999809265137,9.470000267028809,26812000,0.0,0.0
2023-04-19 00:00:00-04:00,9.15999984741211,9.199999809265137,8.770000457763672,8.789999961853027,60655900,0.0,0.0
2023-04-20 00:00:00-04:00,8.539999961853027,8.579999923706055,8.15999984741211,8.279999732971191,59580500,0.0,0.0
2023-04-21 00:00:00-04:00,8.300000190734863,8.380000114440918,8.050000190734863,8.329999923706055,34188200,0.0,0.0
2023-04-24 00:00:00-04:00,8.380000114440918,8.399999618530273,8.15999984741211,8.289999961853027,29843600,0.0,0.0
2023-04-25 00:00:00-04:00,8.15999984741211,8.15999984741211,7.599999904632568,7.900000095367432,88508400,0.0,0.0
2023-04-26 00:00:00-04:00,8.09000015258789,8.199999809265137,7.650000095367432,7.679999828338623,56070100,0.0,0.0
2023-04-27 00:00:00-04:00,7.699999809265137,7.96999979019165,7.610000133514404,7.96999979019165,36937500,0.0,0.0
2023-04-28 00:00:00-04:00,7.880000114440918,8.010000228881836,7.659999847412109,7.869999885559082,39093700,0.0,0.0
2023-05-01 00:00:00-04:00,7.829999923706055,7.860000133514404,7.550000190734863,7.809999942779541,39623700,0.0,0.0
2023-05-02 00:00:00-04:00,7.650000095367432,7.75,7.329999923706055,7.449999809265137,53990100,0.0,0.0
2023-05-03 00:00:00-04:00,7.429999828338623,7.769999980926514,7.400000095367432,7.639999866485596,39778500,0.0,0.0
2023-05-04 00:00:00-04:00,7.75,8.119999885559082,7.75,8.0600004196167,50555800,0.0,0.0
2023-05-05 00:00:00-04:00,8.140000343322754,8.369999885559082,8.100000381469727,8.149999618530273,34595100,0.0,0.0
2023-05-08 00:00:00-04:00,8.270000457763672,8.539999961853027,8.029999732971191,8.270000457763672,30996500,0.0,0.0
2023-05-09 00:00:00-04:00,7.929999828338623,8.220000267028809,7.849999904632568,8.15999984741211,24846300,0.0,0.0
2023-05-10 00:00:00-04:00,8.199999809265137,8.520000457763672,8.039999961853027,8.130000114440918,47366600,0.0,0.0
2023-05-11 00:00:00-04:00,8.149999618530273,8.449999809265137,8.09000015258789,8.449999809265137,48355800,0.0,0.0
2023-05-12 00:00:00-04:00,8.270000457763672,8.34000015258789,7.940000057220459,7.949999809265137,42060700,0.0,0.0
2023-05-15 00:00:00-04:00,8.0600004196167,8.279999732971191,7.900000095367432,8.25,35602400,0.0,0.0
2023-05-16 00:00:00-04:00,8.100000381469727,8.109999656677246,7.820000171661377,7.909999847412109,33815300,0.0,0.0
2023-05-17 00:00:00-04:00,7.820000171661377,8.050000190734863,7.789999961853027,8.029999732971191,33411500,0.0,0.0
2023-05-18 00:00:00-04:00,7.940000057220459,8.029999732971191,7.730000019073486,7.820000171661377,46481500,0.0,0.0
2023-05-19 00:00:00-04:00,7.900000095367432,8.140000343322754,7.849999904632568,8.069999694824219,41334500,0.0,0.0
2023-05-22 00:00:00-04:00,8.25,8.850000381469727,8.239999771118164,8.789999961853027,73546900,0.0,0.0
2023-05-23 00:00:00-04:00,8.640000343322754,8.850000381469727,8.59000015258789,8.75,38540000,0.0,0.0
2023-05-24 00:00:00-04:00,8.140000343322754,8.210000038146973,7.71999979019165,7.920000076293945,84695800,0.0,0.0
2023-05-25 00:00:00-04:00,7.860000133514404,7.860000133514404,7.510000228881836,7.539999961853027,48702800,0.0,0.0
2023-05-26 00:00:00-04:00,7.739999771118164,7.840000152587891,7.539999961853027,7.699999809265137,42967900,0.0,0.0
2023-05-30 00:00:00-04:00,7.800000190734863,7.920000076293945,7.349999904632568,7.409999847412109,63374800,0.0,0.0
2023-05-31 00:00:00-04:00,7.440000057220459,7.539999961853027,7.150000095367432,7.53000020980835,89228300,0.0,0.0
2023-06-01 00:00:00-04:00,7.239999771118164,7.639999866485596,7.0,7.539999961853027,74201600,0.0,0.0
2023-06-02 00:00:00-04:00,7.840000152587891,7.989999771118164,7.559999942779541,7.559999942779541,62262000,0.0,0.0
2023-06-05 00:00:00-04:00,7.659999847412109,7.900000095367432,7.599999904632568,7.670000076293945,36819200,0.0,0.0
2023-06-06 00:00:00-04:00,7.659999847412109,7.880000114440918,7.300000190734863,7.880000114440918,79001900,0.0,0.0
2023-06-07 00:00:00-04:00,7.800000190734863,7.96999979019165,7.579999923706055,7.760000228881836,47289100,0.0,0.0
2023-06-08 00:00:00-04:00,7.800000190734863,7.889999866485596,7.599999904632568,7.789999961853027,64405800,0.0,0.0
2023-06-09 00:00:00-04:00,7.840000152587891,8.75,7.690000057220459,7.730000019073486,140075100,0.0,0.0
2023-06-12 00:00:00-04:00,8.09000015258789,8.600000381469727,8.069999694824219,8.399999618530273,100608600,0.0,0.0
2023-06-13 00:00:00-04:00,8.729999542236328,9.069999694824219,8.600000381469727,8.890000343322754,81692800,0.0,0.0
2023-06-14 00:00:00-04:00,9.069999694824219,9.1899995803833,8.800000190734863,9.050000190734863,60867200,0.0,0.0
2023-06-15 00:00:00-04:00,9.100000381469727,9.899999618530273,9.050000190734863,9.789999961853027,97116500,0.0,0.0
2023-06-16 00:00:00-04:00,10.149999618530273,10.210000038146973,9.350000381469727,9.399999618530273,81163500,0.0,0.0
2023-06-20 00:00:00-04:00,9.170000076293945,9.40999984741211,9.0600004196167,9.350000381469727,52866000,0.0,0.0
2023-06-21 00:00:00-04:00,9.539999961853027,9.84000015258789,8.960000038146973,9.069999694824219,66266600,0.0,0.0
2023-06-22 00:00:00-04:00,9.029999732971191,9.029999732971191,8.739999771118164,8.920000076293945,28909900,0.0,0.0
2023-06-23 00:00:00-04:00,8.619999885559082,8.75,8.279999732971191,8.430000305175781,41703800,0.0,0.0
2023-06-26 00:00:00-04:00,8.529999732971191,8.6899995803833,8.399999618530273,8.399999618530273,33684100,0.0,0.0
2023-06-27 00:00:00-04:00,8.720000267028809,9.34000015258789,8.65999984741211,9.34000015258789,73607600,0.0,0.0
2023-06-28 00:00:00-04:00,9.399999618530273,9.5600004196167,9.180000305175781,9.520000457763672,44832900,0.0,0.0
2023-06-29 00:00:00-04:00,9.399999618530273,9.510000228881836,9.25,9.390000343322754,38589900,0.0,0.0
2023-06-30 00:00:00-04:00,9.630000114440918,10.09000015258789,9.59000015258789,9.6899995803833,63256300,0.0,0.0
2023-07-03 00:00:00-04:00,10.149999618530273,10.489999771118164,9.789999961853027,10.029999732971191,68989300,0.0,0.0
2023-07-05 00:00:00-04:00,10.010000228881836,10.390000343322754,9.8100004196167,10.220000267028809,62900500,0.0,0.0
2023-07-06 00:00:00-04:00,9.970000267028809,10.010000228881836,9.489999771118164,9.5600004196167,52767400,0.0,0.0
2023-07-07 00:00:00-04:00,9.75,10.09000015258789,9.65999984741211,9.989999771118164,50863200,0.0,0.0
2023-07-10 00:00:00-04:00,9.970000267028809,10.829999923706055,9.789999961853027,10.779999732971191,84529600,0.0,0.0
2023-07-11 00:00:00-04:00,10.960000038146973,11.050000190734863,10.4399995803833,10.8100004196167,69547500,0.0,0.0
2023-07-12 00:00:00-04:00,11.020000457763672,11.220000267028809,10.710000038146973,11.15999984741211,61266100,0.0,0.0
2023-07-13 00:00:00-04:00,11.239999771118164,11.319999694824219,10.720000267028809,10.760000228881836,60022500,0.0,0.0
2023-07-14 00:00:00-04:00,10.670000076293945,10.84000015258789,10.460000038146973,10.539999961853027,40097600,0.0,0.0
2023-07-17 00:00:00-04:00,10.300000190734863,10.630000114440918,10.210000038146973,10.5600004196167,28845700,0.0,0.0
2023-07-18 00:00:00-04:00,10.729999542236328,10.829999923706055,10.270000457763672,10.420000076293945,35151600,0.0,0.0
2023-07-19 00:00:00-04:00,10.579999923706055,11.100000381469727,10.579999923706055,10.640000343322754,51786900,0.0,0.0
2023-07-20 00:00:00-04:00,10.470000267028809,10.5,10.220000267028809,10.319999694824219,34681100,0.0,0.0
2023-07-21 00:00:00-04:00,10.5,10.770000457763672,10.380000114440918,10.579999923706055,33013500,0.0,0.0
2023-07-24 00:00:00-04:00,10.90999984741211,12.050000190734863,10.84000015258789,11.729999542236328,108759300,0.0,0.0
2023-07-25 00:00:00-04:00,12.34000015258789,12.829999923706055,11.880000114440918,11.90999984741211,102994600,0.0,0.0
2023-07-26 00:00:00-04:00,12.399999618530273,13.380000114440918,12.210000038146973,13.170000076293945,137044600,0.0,0.0
2023-07-27 00:00:00-04:00,13.859999656677246,13.869999885559082,13.15999984741211,13.239999771118164,103657400,0.0,0.0
2023-07-28 00:00:00-04:00,13.800000190734863,14.779999732971191,13.5600004196167,14.739999771118164,115315800,0.0,0.0
2023-07-31 00:00:00-04:00,15.119999885559082,15.460000038146973,14.729999542236328,15.300000190734863,117336000,0.0,0.0
2023-08-01 00:00:00-04:00,14.859999656677246,15.260000228881836,14.40999984741211,14.630000114440918,89527700,0.0,0.0
2023-08-02 00:00:00-04:00,13.800000190734863,14.760000228881836,13.670000076293945,14.569999694824219,79548600,0.0,0.0
2023-08-03 00:00:00-04:00,14.680000305175781,15.859999656677246,14.65999984741211,15.460000038146973,86032100,0.0,0.0
2023-08-04 00:00:00-04:00,15.859999656677246,16.18000030517578,14.699999809265137,14.720000267028809,85010600,0.0,0.0
2023-08-07 00:00:00-04:00,15.020000457763672,15.199999809265137,14.380000114440918,14.819999694824219,53768400,0.0,0.0
2023-08-08 00:00:00-04:00,13.949999809265137,14.170000076293945,13.729999542236328,14.069999694824219,63081100,0.0,0.0
2023-08-09 00:00:00-04:00,13.949999809265137,14.119999885559082,13.210000038146973,13.460000038146973,57706700,0.0,0.0
2023-08-10 00:00:00-04:00,13.609999656677246,13.970000267028809,13.1899995803833,13.25,55643000,0.0,0.0
2023-08-11 00:00:00-04:00,12.770000457763672,13.010000228881836,12.550000190734863,12.899999618530273,54605400,0.0,0.0
2023-08-14 00:00:00-04:00,12.399999618530273,12.5600004196167,11.9399995803833,12.520000457763672,67398200,0.0,0.0
2023-08-15 00:00:00-04:00,12.260000228881836,12.34000015258789,11.550000190734863,11.829999923706055,71428600,0.0,0.0
2023-08-16 00:00:00-04:00,11.180000305175781,11.760000228881836,11.149999618530273,11.399999618530273,59478400,0.0,0.0
2023-08-17 00:00:00-04:00,11.90999984741211,12.40999984741211,11.470000267028809,11.5,73315600,0.0,0.0
2023-08-18 00:00:00-04:00,10.949999809265137,11.149999618530273,10.619999885559082,10.670000076293945,68262100,0.0,0.0
2023-08-21 00:00:00-04:00,10.729999542236328,11.170000076293945,10.539999961853027,10.949999809265137,54080100,0.0,0.0
2023-08-22 00:00:00-04:00,11.289999961853027,11.329999923706055,10.529999732971191,10.789999961853027,43691900,0.0,0.0
2023-08-23 00:00:00-04:00,10.5600004196167,11.0,10.5,10.84000015258789,30405000,0.0,0.0
2023-08-24 00:00:00-04:00,10.960000038146973,11.109999656677246,10.619999885559082,10.640000343322754,27131700,0.0,0.0
2023-08-25 00:00:00-04:00,10.579999923706055,10.869999885559082,10.479999542236328,10.829999923706055,31666200,0.0,0.0
2023-08-28 00:00:00-04:00,11.050000190734863,11.130000114440918,10.699999809265137,11.020000457763672,41943200,0.0,0.0
2023-08-29 00:00:00-04:00,10.300000190734863,10.9399995803833,9.460000038146973,10.890000343322754,124332200,0.0,0.0
2023-08-30 00:00:00-04:00,10.430000305175781,10.789999961853027,10.390000343322754,10.670000076293945,46265600,0.0,0.0
2023-08-31 00:00:00-04:00,10.729999542236328,10.800000190734863,10.260000228881836,10.270000457763672,51094300,0.0,0.0
2023-09-01 00:00:00-04:00,10.529999732971191,11.350000381469727,10.5,11.0,76887100,0.0,0.0
2023-09-05 00:00:00-04:00,10.729999542236328,11.180000305175781,10.720000267028809,10.8100004196167,37911800,0.0,0.0
2023-09-06 00:00:00-04:00,10.710000038146973,10.90999984741211,10.470000267028809,10.579999923706055,31426100,0.0,0.0
2023-09-07 00:00:00-04:00,10.170000076293945,10.270000457763672,9.930000305175781,10.079999923706055,44603800,0.0,0.0
2023-09-08 00:00:00-04:00,10.0600004196167,10.149999618530273,9.920000076293945,10.039999961853027,26159600,0.0,0.0
2023-09-11 00:00:00-04:00,10.390000343322754,10.430000305175781,10.020000457763672,10.329999923706055,31145700,0.0,0.0
2023-09-12 00:00:00-04:00,10.229999542236328,10.880000114440918,10.210000038146973,10.569999694824219,38297000,0.0,0.0
2023-09-13 00:00:00-04:00,10.199999809265137,10.470000267028809,10.0600004196167,10.069999694824219,36890000,0.0,0.0
2023-09-14 00:00:00-04:00,10.149999618530273,10.380000114440918,10.140000343322754,10.380000114440918,26475900,0.0,0.0
2023-09-15 00:00:00-04:00,10.529999732971191,10.720000267028809,10.289999961853027,10.430000305175781,40061100,0.0,0.0
2023-09-18 00:00:00-04:00,10.369999885559082,10.470000267028809,10.220000267028809,10.3100004196167,22615000,0.0,0.0
2023-09-19 00:00:00-04:00,9.539999961853027,9.600000381469727,8.40999984741211,8.550000190734863,215935800,0.0,0.0
2023-09-20 00:00:00-04:00,8.760000228881836,9.0600004196167,8.670000076293945,8.819999694824219,122782100,0.0,0.0
2023-09-21 00:00:00-04:00,8.449999809265137,8.619999885559082,8.350000381469727,8.449999809265137,49265600,0.0,0.0
2023-09-22 00:00:00-04:00,8.739999771118164,8.800000190734863,8.449999809265137,8.529999732971191,36245100,0.0,0.0
2023-09-25 00:00:00-04:00,8.069999694824219,8.449999809265137,7.929999828338623,8.350000381469727,56327000,0.0,0.0
2023-09-26 00:00:00-04:00,8.149999618530273,8.579999923706055,7.929999828338623,8.40999984741211,42481600,0.0,0.0
2023-09-27 00:00:00-04:00,8.380000114440918,8.510000228881836,8.300000190734863,8.460000038146973,24089900,0.0,0.0
2023-09-28 00:00:00-04:00,8.369999885559082,8.989999771118164,8.359999656677246,8.90999984741211,55093400,0.0,0.0
2023-09-29 00:00:00-04:00,9.109999656677246,9.220000267028809,8.859999656677246,9.039999961853027,40855100,0.0,0.0
2023-10-02 00:00:00-04:00,8.899999618530273,9.0,8.699999809265137,8.789999961853027,38390600,0.0,0.0
2023-10-03 00:00:00-04:00,8.550000190734863,8.760000228881836,8.539999961853027,8.609999656677246,27185700,0.0,0.0
2023-10-04 00:00:00-04:00,8.510000228881836,8.850000381469727,8.479999542236328,8.829999923706055,28056900,0.0,0.0
2023-10-05 00:00:00-04:00,8.65999984741211,8.710000038146973,8.510000228881836,8.65999984741211,21933500,0.0,0.0
2023-10-06 00:00:00-04:00,8.489999771118164,8.75,8.460000038146973,8.720000267028809,23293500,0.0,0.0
2023-10-09 00:00:00-04:00,8.5,8.539999961853027,8.109999656677246,8.34000015258789,39704400,0.0,0.0
2023-10-10 00:00:00-04:00,8.350000381469727,8.880000114440918,8.350000381469727,8.829999923706055,42385700,0.0,0.0
2023-10-11 00:00:00-04:00,8.949999809265137,9.1899995803833,8.899999618530273,8.970000267028809,34029900,0.0,0.0
2023-10-12 00:00:00-04:00,8.880000114440918,8.970000267028809,8.380000114440918,8.4399995803833,37144100,0.0,0.0
2023-10-13 00:00:00-04:00,8.399999618530273,8.550000190734863,8.270000457763672,8.470000267028809,28358100,0.0,0.0
2023-10-16 00:00:00-04:00,8.369999885559082,8.529999732971191,8.239999771118164,8.520000457763672,24550100,0.0,0.0
2023-10-17 00:00:00-04:00,8.329999923706055,8.649999618530273,8.289999961853027,8.529999732971191,18390200,0.0,0.0
2023-10-18 00:00:00-04:00,8.529999732971191,8.539999961853027,7.869999885559082,7.909999847412109,51395200,0.0,0.0
2023-10-19 00:00:00-04:00,7.760000228881836,7.880000114440918,7.590000152587891,7.690000057220459,39606100,0.0,0.0
2023-10-20 00:00:00-04:00,7.519999980926514,7.849999904632568,7.46999979019165,7.579999923706055,31756100,0.0,0.0
2023-10-23 00:00:00-04:00,7.489999771118164,7.699999809265137,7.309999942779541,7.590000152587891,33550400,0.0,0.0
2023-10-24 00:00:00-04:00,7.559999942779541,8.119999885559082,7.559999942779541,8.09000015258789,42841700,0.0,0.0
2023-10-25 00:00:00-04:00,7.820000171661377,7.849999904632568,7.599999904632568,7.599999904632568,28413800,0.0,0.0
2023-10-26 00:00:00-04:00,7.619999885559082,7.800000190734863,7.519999980926514,7.630000114440918,27283600,0.0,0.0
2023-10-27 00:00:00-04:00,7.78000020980835,7.809999942779541,7.389999866485596,7.440000057220459,33773500,0.0,0.0
2023-10-30 00:00:00-04:00,7.559999942779541,7.639999866485596,7.400000095367432,7.519999980926514,25727700,0.0,0.0
2023-10-31 00:00:00-04:00,7.340000152587891,7.400000095367432,7.179999828338623,7.300000190734863,29679200,0.0,0.0
2023-11-01 00:00:00-04:00,7.309999942779541,7.449999809265137,7.190000057220459,7.449999809265137,33335100,0.0,0.0
2023-11-02 00:00:00-04:00,7.71999979019165,7.929999828338623,7.690000057220459,7.789999961853027,43628400,0.0,0.0
2023-11-03 00:00:00-04:00,8.010000228881836,8.300000190734863,7.869999885559082,8.229999542236328,56005600,0.0,0.0
2023-11-06 00:00:00-05:00,8.449999809265137,8.510000228881836,7.860000133514404,7.96999979019165,43859700,0.0,0.0
2023-11-07 00:00:00-05:00,7.880000114440918,7.900000095367432,7.699999809265137,7.889999866485596,25233500,0.0,0.0
2023-11-08 00:00:00-05:00,7.809999942779541,8.0,7.679999828338623,7.920000076293945,37957600,0.0,0.0
2023-11-09 00:00:00-05:00,7.820000171661377,7.960000038146973,7.460000038146973,7.46999979019165,36134800,0.0,0.0
2023-11-10 00:00:00-05:00,7.610000133514404,7.639999866485596,7.159999847412109,7.239999771118164,39843100,0.0,0.0
2023-11-13 00:00:00-05:00,7.269999980926514,7.429999828338623,7.110000133514404,7.21999979019165,34211200,0.0,0.0
2023-11-14 00:00:00-05:00,7.360000133514404,7.639999866485596,7.329999923706055,7.579999923706055,43383100,0.0,0.0
2023-11-15 00:00:00-05:00,7.639999866485596,8.199999809265137,7.630000114440918,7.940000057220459,55974000,0.0,0.0
2023-11-16 00:00:00-05:00,7.579999923706055,7.590000152587891,7.139999866485596,7.400000095367432,68800100,0.0,0.0
2023-11-17 00:00:00-05:00,7.400000095367432,7.5,7.25,7.389999866485596,26658000,0.0,0.0
2023-11-20 00:00:00-05:00,7.679999828338623,8.029999732971191,7.650000095367432,7.800000190734863,61880200,0.0,0.0
2023-11-21 00:00:00-05:00,7.619999885559082,7.710000038146973,7.420000076293945,7.510000228881836,35697200,0.0,0.0
2023-11-22 00:00:00-05:00,7.579999923706055,7.639999866485596,7.360000133514404,7.46999979019165,21966500,0.0,0.0
2023-11-24 00:00:00-05:00,7.400000095367432,7.480000019073486,7.28000020980835,7.400000095367432,22881100,0.0,0.0
2023-11-27 00:00:00-05:00,7.309999942779541,7.380000114440918,7.179999828338623,7.190000057220459,33857600,0.0,0.0
2023-11-28 00:00:00-05:00,7.199999809265137,7.260000228881836,7.019999980926514,7.210000038146973,47842500,0.0,0.0
2023-11-29 00:00:00-05:00,7.289999961853027,7.519999980926514,7.130000114440918,7.179999828338623,47707000,0.0,0.0
2023-11-30 00:00:00-05:00,7.25,7.340000152587891,7.130000114440918,7.269999980926514,45953400,0.0,0.0
2023-12-01 00:00:00-05:00,7.139999866485596,7.260000228881836,7.010000228881836,7.150000095367432,46621800,0.0,0.0
2023-12-04 00:00:00-05:00,7.139999866485596,7.380000114440918,7.03000020980835,7.320000171661377,53717900,0.0,0.0
2023-12-05 00:00:00-05:00,7.590000152587891,7.960000038146973,7.380000114440918,7.429999828338623,89837100,0.0,0.0
2023-12-06 00:00:00-05:00,7.650000095367432,8.279999732971191,7.590000152587891,7.75,118989400,0.0,0.0
2023-12-07 00:00:00-05:00,7.849999904632568,7.960000038146973,7.429999828338623,7.489999771118164,63206600,0.0,0.0
2023-12-08 00:00:00-05:00,7.369999885559082,7.570000171661377,7.300000190734863,7.380000114440918,42582700,0.0,0.0
2023-12-11 00:00:00-05:00,7.489999771118164,7.699999809265137,7.409999847412109,7.679999828338623,39418200,0.0,0.0
2023-12-12 00:00:00-05:00,7.590000152587891,7.599999904632568,7.170000076293945,7.269999980926514,59007200,0.0,0.0
2023-12-13 00:00:00-05:00,7.170000076293945,7.449999809265137,7.050000190734863,7.429999828338623,57470200,0.0,0.0
2023-12-14 00:00:00-05:00,7.46999979019165,8.020000457763672,7.460000038146973,7.860000133514404,94106100,0.0,0.0
2023-12-15 00:00:00-05:00,8.020000457763672,8.140000343322754,7.739999771118164,7.980000019073486,71148600,0.0,0.0
2023-12-18 00:00:00-05:00,8.59000015258789,8.640000343322754,8.229999542236328,8.350000381469727,131953000,0.0,0.0
2023-12-19 00:00:00-05:00,8.520000457763672,8.899999618530273,8.510000228881836,8.819999694824219,88664000,0.0,0.0
2023-12-20 00:00:00-05:00,8.630000114440918,8.699999809265137,7.920000076293945,7.920000076293945,105322300,0.0,0.0
2023-12-21 00:00:00-05:00,8.149999618530273,8.3100004196167,7.989999771118164,8.289999961853027,48972700,0.0,0.0
2023-12-22 00:00:00-05:00,8.100000381469727,8.59000015258789,8.079999923706055,8.420000076293945,55866700,0.0,0.0
2023-12-26 00:00:00-05:00,8.770000457763672,9.430000305175781,8.630000114440918,9.329999923706055,130928200,0.0,0.0
2023-12-27 00:00:00-05:00,9.260000228881836,9.329999923706055,8.890000343322754,9.100000381469727,99997200,0.0,0.0
2023-12-28 00:00:00-05:00,9.15999984741211,9.569999694824219,9.119999885559082,9.430000305175781,91988300,0.0,0.0
2023-12-29 00:00:00-05:00,9.430000305175781,9.529999732971191,8.949999809265137,9.069999694824219,74559000,0.0,0.0
2024-01-02 00:00:00-05:00,8.930000305175781,8.9399995803833,8.380000114440918,8.420000076293945,81640300,0.0,0.0
2024-01-03 00:00:00-05:00,8.119999885559082,8.5600004196167,8.100000381469727,8.5,58659300,0.0,0.0
2024-01-04 00:00:00-05:00,8.329999923706055,8.470000267028809,8.25,8.270000457763672,38412300,0.0,0.0
2024-01-05 00:00:00-05:00,8.15999984741211,8.25,8.029999732971191,8.0600004196167,40604100,0.0,0.0
2024-01-08 00:00:00-05:00,7.860000133514404,8.050000190734863,7.730000019073486,7.929999828338623,49933600,0.0,0.0
2024-01-09 00:00:00-05:00,7.800000190734863,7.840000152587891,7.519999980926514,7.559999942779541,70100900,0.0,0.0
2024-01-10 00:00:00-05:00,7.53000020980835,7.550000190734863,7.309999942779541,7.409999847412109,54569600,0.0,0.0
2024-01-11 00:00:00-05:00,7.570000171661377,7.670000076293945,7.329999923706055,7.400000095367432,52385000,0.0,0.0
2024-01-12 00:00:00-05:00,7.260000228881836,7.53000020980835,7.159999847412109,7.170000076293945,48715800,0.0,0.0
2024-01-16 00:00:00-05:00,7.039999961853027,7.050000190734863,6.449999809265137,6.550000190734863,121078900,0.0,0.0
2024-01-17 00:00:00-05:00,6.210000038146973,6.420000076293945,6.119999885559082,6.300000190734863,63011800,0.0,0.0
2024-01-18 00:00:00-05:00,6.5,6.539999961853027,6.099999904632568,6.28000020980835,71543500,0.0,0.0
2024-01-19 00:00:00-05:00,6.159999847412109,6.159999847412109,5.860000133514404,6.059999942779541,81997000,0.0,0.0
2024-01-22 00:00:00-05:00,5.829999923706055,6.170000076293945,5.800000190734863,5.980000019073486,74314700,0.0,0.0
2024-01-23 00:00:00-05:00,6.400000095367432,6.880000114440918,6.170000076293945,6.210000038146973,119010800,0.0,0.0
2024-01-24 00:00:00-05:00,6.5,6.590000152587891,6.010000228881836,6.070000171661377,76001000,0.0,0.0
2024-01-25 00:00:00-05:00,5.909999847412109,6.079999923706055,5.829999923706055,6.039999961853027,59221400,0.0,0.0
2024-01-26 00:00:00-05:00,6.0,6.150000095367432,5.96999979019165,6.139999866485596,39437600,0.0,0.0
2024-01-29 00:00:00-05:00,6.079999923706055,6.159999847412109,5.949999809265137,6.139999866485596,40118400,0.0,0.0
2024-01-30 00:00:00-05:00,6.010000228881836,6.039999961853027,5.789999961853027,5.789999961853027,66444800,0.0,0.0
2024-01-31 00:00:00-05:00,5.690000057220459,5.860000133514404,5.429999828338623,5.619999885559082,75799300,0.0,0.0
2024-02-01 00:00:00-05:00,5.730000019073486,5.920000076293945,5.539999961853027,5.710000038146973,51425400,0.0,0.0
2024-02-02 00:00:00-05:00,5.559999942779541,5.590000152587891,5.429999828338623,5.539999961853027,56717500,0.0,0.0
2024-02-05 00:00:00-05:00,5.480000019073486,5.480000019073486,5.300000190734863,5.380000114440918,45420800,0.0,0.0
2024-02-06 00:00:00-05:00,5.679999828338623,6.050000190734863,5.599999904632568,6.03000020980835,88034700,0.0,0.0
2024-02-07 00:00:00-05:00,5.809999942779541,6.0,5.730000019073486,5.860000133514404,42818400,0.0,0.0
2024-02-08 00:00:00-05:00,5.820000171661377,5.880000114440918,5.71999979019165,5.820000171661377,32055300,0.0,0.0
2024-02-09 00:00:00-05:00,5.840000152587891,5.929999828338623,5.75,5.929999828338623,25563500,0.0,0.0
2024-02-12 00:00:00-05:00,5.909999847412109,6.28000020980835,5.900000095367432,6.079999923706055,43673000,0.0,0.0
2024-02-13 00:00:00-05:00,5.860000133514404,5.880000114440918,5.650000095367432,5.699999809265137,52054400,0.0,0.0
2024-02-14 00:00:00-05:00,5.880000114440918,6.019999980926514,5.840000152587891,6.0,41176800,0.0,0.0
2024-02-15 00:00:00-05:00,6.050000190734863,6.289999961853027,6.039999961853027,6.090000152587891,54076700,0.0,0.0
2024-02-16 00:00:00-05:00,6.239999771118164,6.340000152587891,6.090000152587891,6.139999866485596,41378700,0.0,0.0
2024-02-20 00:00:00-05:00,5.929999828338623,6.03000020980835,5.789999961853027,5.960000038146973,39772200,0.0,0.0
2024-02-21 00:00:00-05:00,6.019999980926514,6.170000076293945,5.949999809265137,5.96999979019165,33907200,0.0,0.0
2024-02-22 00:00:00-05:00,5.96999979019165,5.96999979019165,5.710000038146973,5.849999904632568,49536300,0.0,0.0
2024-02-23 00:00:00-05:00,5.670000076293945,5.679999828338623,5.369999885559082,5.400000095367432,75135200,0.0,0.0
2024-02-26 00:00:00-05:00,5.539999961853027,5.769999980926514,5.5,5.650000095367432,60295300,0.0,0.0
2024-02-27 00:00:00-05:00,5.809999942779541,5.929999828338623,5.71999979019165,5.78000020980835,53722100,0.0,0.0
2024-02-28 00:00:00-05:00,5.599999904632568,5.610000133514404,5.389999866485596,5.429999828338623,58390500,0.0,0.0
2024-02-29 00:00:00-05:00,5.559999942779541,5.789999961853027,5.539999961853027,5.75,63187100,0.0,0.0
2024-03-01 00:00:00-05:00,5.730000019073486,5.840000152587891,5.679999828338623,5.78000020980835,40933100,0.0,0.0
2024-03-04 00:00:00-05:00,5.579999923706055,5.610000133514404,5.25,5.329999923706055,94275800,0.0,0.0
2024-03-05 00:00:00-05:00,5.170000076293945,5.619999885559082,4.78000020980835,5.480000019073486,94784600,0.0,0.0
2024-03-06 00:00:00-05:00,5.389999866485596,5.880000114440918,5.380000114440918,5.769999980926514,77698800,0.0,0.0
2024-03-07 00:00:00-05:00,5.670000076293945,5.789999961853027,5.46999979019165,5.769999980926514,46370300,0.0,0.0
2024-03-08 00:00:00-05:00,5.78000020980835,5.920000076293945,5.659999847412109,5.800000190734863,38928300,0.0,0.0
2024-03-11 00:00:00-04:00,5.920000076293945,6.230000019073486,5.880000114440918,6.099999904632568,64025300,0.0,0.0
2024-03-12 00:00:00-04:00,6.190000057220459,6.300000190734863,6.090000152587891,6.190000057220459,38392900,0.0,0.0
2024-03-13 00:00:00-04:00,6.079999923706055,6.269999980926514,5.909999847412109,5.920000076293945,42657900,0.0,0.0
2024-03-14 00:00:00-04:00,5.820000171661377,5.820000171661377,5.539999961853027,5.579999923706055,42679900,0.0,0.0
2024-03-15 00:00:00-04:00,5.710000038146973,5.760000228881836,5.570000171661377,5.579999923706055,33668500,0.0,0.0
2024-03-18 00:00:00-04:00,5.829999923706055,5.860000133514404,5.480000019073486,5.539999961853027,48581900,0.0,0.0
2024-03-19 00:00:00-04:00,5.489999771118164,5.489999771118164,5.130000114440918,5.190000057220459,77042900,0.0,0.0
2024-03-20 00:00:00-04:00,5.110000133514404,5.139999866485596,5.039999961853027,5.099999904632568,59385500,0.0,0.0
2024-03-21 00:00:00-04:00,5.059999942779541,5.099999904632568,4.960000038146973,5.0,46800100,0.0,0.0
2024-03-22 00:00:00-04:00,4.929999828338623,4.960000038146973,4.800000190734863,4.889999866485596,43442800,0.0,0.0
2024-03-25 00:00:00-04:00,4.920000076293945,5.090000152587891,4.889999866485596,4.909999847412109,56419400,0.0,0.0
2024-03-26 00:00:00-04:00,4.900000095367432,4.920000076293945,4.769999980926514,4.78000020980835,83744700,0.0,0.0
2024-03-27 00:00:00-04:00,4.630000114440918,4.730000019073486,4.449999809265137,4.670000076293945,85346500,0.0,0.0
2024-03-28 00:00:00-04:00,4.679999828338623,4.739999771118164,4.480000019073486,4.5,55938500,0.0,0.0
2024-04-01 00:00:00-04:00,4.630000114440918,4.75,4.570000171661377,4.639999866485596,42632700,0.0,0.0
2024-04-02 00:00:00-04:00,4.46999979019165,4.579999923706055,4.380000114440918,4.539999961853027,38932700,0.0,0.0
2024-04-03 00:00:00-04:00,4.460000038146973,4.510000228881836,4.360000133514404,4.489999771118164,33078500,0.0,0.0
2024-04-04 00:00:00-04:00,4.550000190734863,4.75,4.489999771118164,4.5,53856500,0.0,0.0
2024-04-05 00:00:00-04:00,4.5,4.579999923706055,4.380000114440918,4.389999866485596,42834900,0.0,0.0
2024-04-08 00:00:00-04:00,4.409999847412109,4.53000020980835,4.369999885559082,4.369999885559082,47453500,0.0,0.0
2024-04-09 00:00:00-04:00,4.429999828338623,4.789999961853027,4.420000076293945,4.710000038146973,76666000,0.0,0.0
2024-04-10 00:00:00-04:00,4.579999923706055,4.690000057220459,4.539999961853027,4.590000152587891,32568000,0.0,0.0
2024-04-11 00:00:00-04:00,4.599999904632568,4.610000133514404,4.429999828338623,4.460000038146973,39040200,0.0,0.0
2024-04-12 00:00:00-04:00,4.349999904632568,4.349999904632568,4.090000152587891,4.110000133514404,74700300,0.0,0.0
2024-04-15 00:00:00-04:00,4.190000057220459,4.190000057220459,3.819999933242798,3.890000104904175,70661300,0.0,0.0
2024-04-16 00:00:00-04:00,3.75,3.9100000858306885,3.7100000381469727,3.809999942779541,42222200,0.0,0.0
2024-04-17 00:00:00-04:00,3.869999885559082,3.9600000381469727,3.8399999141693115,3.9100000858306885,38767000,0.0,0.0
2024-04-18 00:00:00-04:00,3.9000000953674316,4.090000152587891,3.8499999046325684,4.0,38392100,0.0,0.0
2024-04-19 00:00:00-04:00,3.859999895095825,3.9200000762939453,3.7799999713897705,3.799999952316284,35465400,0.0,0.0
2024-04-22 00:00:00-04:00,3.680000066757202,4.050000190734863,3.609999895095825,4.0,60179600,0.0,0.0
2024-04-23 00:00:00-04:00,3.990000009536743,4.130000114440918,3.9800000190734863,4.010000228881836,41987800,0.0,0.0
2024-04-24 00:00:00-04:00,4.150000095367432,4.21999979019165,4.050000190734863,4.150000095367432,34562000,0.0,0.0
2024-04-25 00:00:00-04:00,4.050000190734863,4.170000076293945,4.03000020980835,4.130000114440918,25888400,0.0,0.0
2024-04-26 00:00:00-04:00,4.429999828338623,4.539999961853027,4.389999866485596,4.489999771118164,59264500,0.0,0.0
2024-04-29 00:00:00-04:00,4.670000076293945,4.679999828338623,4.46999979019165,4.599999904632568,56096000,0.0,0.0
2024-04-30 00:00:00-04:00,4.699999809265137,4.75,4.510000228881836,4.71999979019165,52936200,0.0,0.0
2024-05-01 00:00:00-04:00,4.760000228881836,5.440000057220459,4.739999771118164,5.269999980926514,147465600,0.0,0.0
2024-05-02 00:00:00-04:00,5.610000133514404,5.670000076293945,5.170000076293945,5.590000152587891,99532800,0.0,0.0
2024-05-03 00:00:00-04:00,5.53000020980835,5.579999923706055,5.329999923706055,5.570000171661377,54697700,0.0,0.0
2024-05-06 00:00:00-04:00,5.75,6.039999961853027,5.570000171661377,5.690000057220459,75633400,0.0,0.0
2024-05-07 00:00:00-04:00,5.539999961853027,5.829999923706055,5.460000038146973,5.510000228881836,43754100,0.0,0.0
2024-05-08 00:00:00-04:00,5.25,5.28000020980835,5.110000133514404,5.21999979019165,54908700,0.0,0.0
2024-05-09 00:00:00-04:00,5.369999885559082,5.409999847412109,5.230000019073486,5.329999923706055,34679700,0.0,0.0
2024-05-10 00:00:00-04:00,5.28000020980835,5.349999904632568,5.03000020980835,5.070000171661377,49019600,0.0,0.0
2024-05-13 00:00:00-04:00,5.199999809265137,5.659999847412109,5.159999847412109,5.409999847412109,76621100,0.0,0.0
2024-05-14 00:00:00-04:00,5.510000228881836,5.849999904632568,5.460000038146973,5.789999961853027,80661000,0.0,0.0
2024-05-15 00:00:00-04:00,6.0,6.050000190734863,5.210000038146973,5.329999923706055,112034600,0.0,0.0
2024-05-16 00:00:00-04:00,5.369999885559082,5.460000038146973,5.21999979019165,5.260000228881836,41788900,0.0,0.0
2024-05-17 00:00:00-04:00,5.28000020980835,5.389999866485596,5.039999961853027,5.28000020980835,58708400,0.0,0.0
2024-05-20 00:00:00-04:00,5.25,5.320000171661377,5.099999904632568,5.21999979019165,47706100,0.0,0.0
2024-05-21 00:00:00-04:00,5.190000057220459,5.539999961853027,5.139999866485596,5.25,75042200,0.0,0.0
2024-05-22 00:00:00-04:00,5.260000228881836,5.309999942779541,5.139999866485596,5.239999771118164,36743200,0.0,0.0
2024-05-23 00:00:00-04:00,5.119999885559082,5.130000114440918,4.710000038146973,4.800000190734863,79112800,0.0,0.0
2024-05-24 00:00:00-04:00,4.809999942779541,4.920000076293945,4.769999980926514,4.829999923706055,32225400,0.0,0.0
2024-05-28 00:00:00-04:00,4.96999979019165,5.010000228881836,4.829999923706055,4.900000095367432,46519700,0.0,0.0
2024-05-29 00:00:00-04:00,4.829999923706055,5.0,4.809999942779541,4.929999828338623,37706200,0.0,0.0
2024-05-30 00:00:00-04:00,4.949999809265137,5.440000057220459,4.929999828338623,5.400000095367432,69440000,0.0,0.0
2024-05-31 00:00:00-04:00,5.269999980926514,5.519999980926514,5.260000228881836,5.389999866485596,63176600,0.0,0.0
2024-06-03 00:00:00-04:00,5.539999961853027,5.630000114440918,5.210000038146973,5.340000152587891,53566700,0.0,0.0
2024-06-04 00:00:00-04:00,5.309999942779541,5.369999885559082,5.199999809265137,5.210000038146973,29404500,0.0,0.0
2024-06-05 00:00:00-04:00,5.329999923706055,5.349999904632568,5.150000095367432,5.269999980926514,49656100,0.0,0.0
2024-06-06 00:00:00-04:00,4.949999809265137,5.0,4.739999771118164,4.909999847412109,84453800,0.0,0.0
2024-06-07 00:00:00-04:00,4.820000171661377,4.960000038146973,4.800000190734863,4.829999923706055,34658600,0.0,0.0
2024-06-10 00:00:00-04:00,4.820000171661377,4.849999904632568,4.670000076293945,4.71999979019165,38316300,0.0,0.0
2024-06-11 00:00:00-04:00,4.789999961853027,4.800000190734863,4.349999904632568,4.460000038146973,66199200,0.0,0.0
2024-06-12 00:00:00-04:00,4.46999979019165,4.630000114440918,4.309999942779541,4.449999809265137,62311400,0.0,0.0
2024-06-13 00:00:00-04:00,4.46999979019165,4.610000133514404,4.400000095367432,4.409999847412109,27306300,0.0,0.0
2024-06-14 00:00:00-04:00,4.360000133514404,4.380000114440918,4.289999961853027,4.329999923706055,23557000,0.0,0.0
2024-06-17 00:00:00-04:00,4.320000171661377,4.480000019073486,4.239999771118164,4.429999828338623,31751400,0.0,0.0
2024-06-18 00:00:00-04:00,4.360000133514404,4.46999979019165,4.320000171661377,4.429999828338623,28884900,0.0,0.0
2024-06-20 00:00:00-04:00,4.369999885559082,4.449999809265137,4.25,4.329999923706055,28737200,0.0,0.0
2024-06-21 00:00:00-04:00,4.309999942779541,4.349999904632568,4.239999771118164,4.300000190734863,22036700,0.0,0.0
2024-06-24 00:00:00-04:00,4.300000190734863,4.53000020980835,4.289999961853027,4.440000057220459,28749700,0.0,0.0
2024-06-25 00:00:00-04:00,4.400000095367432,4.429999828338623,4.320000171661377,4.369999885559082,23318400,0.0,0.0
2024-06-26 00:00:00-04:00,4.380000114440918,4.679999828338623,4.340000152587891,4.639999866485596,53248100,0.0,0.0
2024-06-27 00:00:00-04:00,4.570000171661377,4.579999923706055,4.369999885559082,4.389999866485596,37306100,0.0,0.0
2024-06-28 00:00:00-04:00,4.349999904632568,4.360000133514404,4.139999866485596,4.159999847412109,47669500,0.0,0.0
2024-07-01 00:00:00-04:00,4.349999904632568,4.510000228881836,4.25,4.440000057220459,55633200,0.0,0.0
2024-07-02 00:00:00-04:00,4.449999809265137,4.539999961853027,4.380000114440918,4.53000020980835,35412300,0.0,0.0
2024-07-03 00:00:00-04:00,4.590000152587891,5.039999961853027,4.590000152587891,4.869999885559082,72459800,0.0,0.0
2024-07-05 00:00:00-04:00,4.71999979019165,4.75,4.409999847412109,4.619999885559082,61604000,0.0,0.0
2024-07-08 00:00:00-04:00,4.539999961853027,4.610000133514404,4.440000057220459,4.460000038146973,39272500,0.0,0.0
2024-07-09 00:00:00-04:00,4.46999979019165,4.539999961853027,4.420000076293945,4.5,26805400,0.0,0.0
2024-07-10 00:00:00-04:00,4.510000228881836,4.769999980926514,4.5,4.619999885559082,43456600,0.0,0.0
2024-07-11 00:00:00-04:00,4.789999961853027,4.800000190734863,4.599999904632568,4.679999828338623,56422800,0.0,0.0
2024-07-12 00:00:00-04:00,4.710000038146973,4.920000076293945,4.699999809265137,4.869999885559082,51797700,0.0,0.0
2024-07-15 00:00:00-04:00,4.809999942779541,4.809999942779541,4.53000020980835,4.630000114440918,58503300,0.0,0.0
2024-07-16 00:00:00-04:00,4.619999885559082,4.920000076293945,4.619999885559082,4.900000095367432,50004800,0.0,0.0
2024-07-17 00:00:00-04:00,4.829999923706055,4.869999885559082,4.550000190734863,4.590000152587891,54980500,0.0,0.0
2024-07-18 00:00:00-04:00,4.630000114440918,4.710000038146973,4.510000228881836,4.539999961853027,36332700,0.0,0.0
2024-07-19 00:00:00-04:00,4.510000228881836,4.510000228881836,4.409999847412109,4.460000038146973,22403600,0.0,0.0
2024-07-22 00:00:00-04:00,4.630000114440918,4.699999809265137,4.579999923706055,4.690000057220459,34131500,0.0,0.0
2024-07-23 00:00:00-04:00,4.579999923706055,4.599999904632568,4.46999979019165,4.480000019073486,37498700,0.0,0.0
2024-07-24 00:00:00-04:00,4.389999866485596,4.420000076293945,4.260000228881836,4.300000190734863,43266700,0.0,0.0
2024-07-25 00:00:00-04:00,4.389999866485596,4.440000057220459,4.269999980926514,4.269999980926514,40111300,0.0,0.0
2024-07-26 00:00:00-04:00,4.309999942779541,4.429999828338623,4.239999771118164,4.429999828338623,32103400,0.0,0.0
2024-07-29 00:00:00-04:00,4.440000057220459,4.46999979019165,4.300000190734863,4.389999866485596,33918300,0.0,0.0
2024-07-30 00:00:00-04:00,4.340000152587891,4.440000057220459,4.309999942779541,4.420000076293945,41983800,0.0,0.0
2024-07-31 00:00:00-04:00,4.5,4.619999885559082,4.429999828338623,4.440000057220459,33546800,0.0,0.0
2024-08-01 00:00:00-04:00,4.449999809265137,4.449999809265137,3.990000009536743,4.059999942779541,88261500,0.0,0.0
2024-08-02 00:00:00-04:00,3.950000047683716,4.25,3.930000066757202,4.050000190734863,39936800,0.0,0.0
2024-08-05 00:00:00-04:00,3.740000009536743,3.9700000286102295,3.6600000858306885,3.890000104904175,53237000,0.0,0.0
2024-08-06 00:00:00-04:00,3.9000000953674316,3.9200000762939453,3.759999990463257,3.7699999809265137,37777500,0.0,0.0
2024-08-07 00:00:00-04:00,3.809999942779541,3.9100000858306885,3.6700000762939453,3.6700000762939453,33486300,0.0,0.0
2024-08-08 00:00:00-04:00,3.7300000190734863,3.890000104904175,3.630000114440918,3.819999933242798,35671000,0.0,0.0
2024-08-09 00:00:00-04:00,3.799999952316284,3.890000104904175,3.75,3.7799999713897705,25866100,0.0,0.0
2024-08-12 00:00:00-04:00,3.799999952316284,3.8299999237060547,3.740000009536743,3.759999990463257,20645500,0.0,0.0
2024-08-13 00:00:00-04:00,3.7699999809265137,3.9100000858306885,3.759999990463257,3.890000104904175,29584600,0.0,0.0
2024-08-14 00:00:00-04:00,3.9200000762939453,3.930000066757202,3.7100000381469727,3.7200000286102295,37694800,0.0,0.0
2024-08-15 00:00:00-04:00,3.7899999618530273,3.869999885559082,3.7799999713897705,3.8299999237060547,28523100,0.0,0.0
2024-08-16 00:00:00-04:00,3.8399999141693115,3.9800000190734863,3.8299999237060547,3.950000047683716,28728700,0.0,0.0
2024-08-19 00:00:00-04:00,4.03000020980835,4.110000133514404,4.03000020980835,4.070000171661377,23455100,0.0,0.0
2024-08-20 00:00:00-04:00,4.119999885559082,4.170000076293945,3.8299999237060547,3.8499999046325684,43921600,0.0,0.0
2024-08-21 00:00:00-04:00,3.930000066757202,4.0,3.8299999237060547,3.990000009536743,25739200,0.0,0.0
2024-08-22 00:00:00-04:00,4.010000228881836,4.050000190734863,3.9200000762939453,3.990000009536743,25826800,0.0,0.0
2024-08-23 00:00:00-04:00,4.03000020980835,4.130000114440918,3.990000009536743,4.079999923706055,25913400,0.0,0.0
2024-08-26 00:00:00-04:00,4.059999942779541,4.099999904632568,3.9800000190734863,4.03000020980835,25776200,0.0,0.0
2024-08-27 00:00:00-04:00,4.079999923706055,4.099999904632568,3.9600000381469727,4.0,24654700,0.0,0.0
2024-08-28 00:00:00-04:00,3.9600000381469727,4.0,3.680000066757202,3.700000047683716,62882000,0.0,0.0
2024-08-29 00:00:00-04:00,3.8299999237060547,3.9700000286102295,3.759999990463257,3.940000057220459,45246800,0.0,0.0
2024-08-30 00:00:00-04:00,4.190000057220459,4.210000038146973,4.0,4.039999961853027,65991100,0.0,0.0
2024-09-03 00:00:00-04:00,3.9800000190734863,4.179999828338623,3.9600000381469727,4.150000095367432,52928200,0.0,0.0
2024-09-04 00:00:00-04:00,4.230000019073486,4.289999961853027,4.179999828338623,4.239999771118164,49161900,0.0,0.0
2024-09-05 00:00:00-04:00,4.409999847412109,4.849999904632568,4.269999980926514,4.849999904632568,110271900,0.0,0.0
2024-09-06 00:00:00-04:00,4.940000057220459,5.179999828338623,4.900000095367432,5.019999980926514,105245000,0.0,0.0
2024-09-09 00:00:00-04:00,4.880000114440918,5.610000133514404,4.760000228881836,5.570000171661377,125459100,0.0,0.0
2024-09-10 00:00:00-04:00,5.429999828338623,5.5,5.320000171661377,5.480000019073486,58595000,0.0,0.0
2024-09-11 00:00:00-04:00,5.510000228881836,5.659999847412109,5.429999828338623,5.599999904632568,51390500,0.0,0.0
2024-09-12 00:00:00-04:00,5.539999961853027,5.539999961853027,5.099999904632568,5.28000020980835,71034900,0.0,0.0
2024-09-13 00:00:00-04:00,5.21999979019165,5.570000171661377,5.190000057220459,5.550000190734863,64294400,0.0,0.0
2024-09-16 00:00:00-04:00,5.539999961853027,5.550000190734863,5.380000114440918,5.400000095367432,37580100,0.0,0.0
2024-09-17 00:00:00-04:00,5.449999809265137,5.699999809265137,5.400000095367432,5.409999847412109,41732900,0.0,0.0
2024-09-18 00:00:00-04:00,5.449999809265137,5.480000019073486,5.010000228881836,5.019999980926514,65049700,0.0,0.0
2024-09-19 00:00:00-04:00,5.25,5.400000095367432,4.96999979019165,5.400000095367432,93014300,0.0,0.0
2024-09-20 00:00:00-04:00,5.340000152587891,5.539999961853027,5.210000038146973,5.28000020980835,53489100,0.0,0.0
2024-09-23 00:00:00-04:00,5.199999809265137,5.559999942779541,5.050000190734863,5.320000171661377,66291800,0.0,0.0
2024-09-24 00:00:00-04:00,5.760000228881836,5.960000038146973,5.610000133514404,5.940000057220459,116346100,0.0,0.0
2024-09-25 00:00:00-04:00,5.699999809265137,5.840000152587891,5.570000171661377,5.650000095367432,72687400,0.0,0.0
2024-09-26 00:00:00-04:00,6.0,6.199999809265137,5.699999809265137,5.78000020980835,139473600,0.0,0.0
2024-09-27 00:00:00-04:00,6.010000228881836,6.659999847412109,5.989999771118164,6.519999980926514,180982100,0.0,0.0
2024-09-30 00:00:00-04:00,7.699999809265137,7.710000038146973,6.659999847412109,6.679999828338623,213140800,0.0,0.0
2024-10-01 00:00:00-04:00,6.900000095367432,7.079999923706055,6.440000057220459,7.03000020980835,146968900,0.0,0.0
2024-10-02 00:00:00-04:00,7.239999771118164,7.380000114440918,6.820000171661377,7.210000038146973,135598100,0.0,0.0
2024-10-03 00:00:00-04:00,6.860000133514404,6.989999771118164,6.670000076293945,6.699999809265137,99136000,0.0,0.0
2024-10-04 00:00:00-04:00,6.71999979019165,6.800000190734863,6.400000095367432,6.769999980926514,91621900,0.0,0.0
2024-10-07 00:00:00-04:00,6.809999942779541,6.929999828338623,6.559999942779541,6.789999961853027,78405000,0.0,0.0
2024-10-08 00:00:00-04:00,6.260000228881836,6.400000095367432,6.110000133514404,6.239999771118164,82359200,0.0,0.0
2024-10-09 00:00:00-04:00,6.079999923706055,6.449999809265137,5.980000019073486,6.289999961853027,70071100,0.0,0.0
2024-10-10 00:00:00-04:00,6.230000019073486,6.349999904632568,6.130000114440918,6.21999979019165,47902300,0.0,0.0
2024-10-11 00:00:00-04:00,6.059999942779541,6.300000190734863,6.03000020980835,6.239999771118164,42897900,0.0,0.0
2024-10-14 00:00:00-04:00,6.059999942779541,6.179999828338623,5.760000228881836,5.789999961853027,80930100,0.0,0.0
2024-10-15 00:00:00-04:00,5.610000133514404,5.809999942779541,5.550000190734863,5.619999885559082,67585800,0.0,0.0
2024-10-16 00:00:00-04:00,5.659999847412109,5.690000057220459,5.480000019073486,5.510000228881836,46932600,0.0,0.0
2024-10-17 00:00:00-04:00,5.360000133514404,5.360000133514404,5.050000190734863,5.150000095367432,74651600,0.0,0.0
2024-10-18 00:00:00-04:00,5.460000038146973,5.489999771118164,5.179999828338623,5.21999979019165,66972500,0.0,0.0
2024-10-21 00:00:00-04:00,5.090000152587891,5.269999980926514,5.050000190734863,5.139999866485596,35255300,0.0,0.0
2024-10-22 00:00:00-04:00,5.159999847412109,5.349999904632568,5.150000095367432,5.230000019073486,38285800,0.0,0.0
2024-10-23 00:00:00-04:00,5.21999979019165,5.289999961853027,5.150000095367432,5.190000057220459,36170900,0.0,0.0
2024-10-24 00:00:00-04:00,5.150000095367432,5.159999847412109,4.960000038146973,4.980000019073486,49328700,0.0,0.0
2024-10-25 00:00:00-04:00,5.059999942779541,5.349999904632568,5.010000228881836,5.260000228881836,67917100,0.0,0.0
2024-10-28 00:00:00-04:00,5.380000114440918,6.03000020980835,5.369999885559082,5.809999942779541,109992400,0.0,0.0
2024-10-29 00:00:00-04:00,5.900000095367432,5.909999847412109,5.590000152587891,5.599999904632568,64407100,0.0,0.0
2024-10-30 00:00:00-04:00,5.440000057220459,5.440000057220459,5.300000190734863,5.349999904632568,57415100,0.0,0.0
2024-10-31 00:00:00-04:00,5.300000190734863,5.309999942779541,5.050000190734863,5.099999904632568,50277400,0.0,0.0
2024-11-01 00:00:00-04:00,5.139999866485596,5.190000057220459,5.0,5.099999904632568,43951800,0.0,0.0
2024-11-04 00:00:00-05:00,5.130000114440918,5.300000190734863,5.119999885559082,5.139999866485596,36745800,0.0,0.0
2024-11-05 00:00:00-05:00,5.28000020980835,5.380000114440918,5.21999979019165,5.28000020980835,32012100,0.0,0.0
2024-11-06 00:00:00-05:00,5.0,5.179999828338623,4.860000133514404,5.0,81290900,0.0,0.0
2024-11-07 00:00:00-05:00,5.230000019073486,5.349999904632568,5.130000114440918,5.309999942779541,56496100,0.0,0.0
2024-11-08 00:00:00-05:00,5.159999847412109,5.199999809265137,5.010000228881836,5.090000152587891,57885300,0.0,0.0
2024-11-11 00:00:00-05:00,5.179999828338623,5.230000019073486,5.0,5.059999942779541,51270600,0.0,0.0
2024-11-12 00:00:00-05:00,4.880000114440918,4.880000114440918,4.579999923706055,4.579999923706055,86695700,0.0,0.0
2024-11-13 00:00:00-05:00,4.659999847412109,4.690000057220459,4.559999942779541,4.610000133514404,45111300,0.0,0.0
2024-11-14 00:00:00-05:00,4.570000171661377,4.650000095367432,4.429999828338623,4.429999828338623,39880900,0.0,0.0
2024-11-15 00:00:00-05:00,4.440000057220459,4.510000228881836,4.360000133514404,4.489999771118164,46287400,0.0,0.0
2024-11-18 00:00:00-05:00,4.610000133514404,4.75,4.550000190734863,4.670000076293945,47955700,0.0,0.0
2024-11-19 00:00:00-05:00,4.75,4.75,4.480000019073486,4.630000114440918,81563500,0.0,0.0
2024-11-20 00:00:00-05:00,4.409999847412109,4.840000152587891,4.309999942779541,4.650000095367432,92292300,0.0,0.0
2024-11-21 00:00:00-05:00,4.579999923706055,4.809999942779541,4.5,4.699999809265137,54962300,0.0,0.0
2024-11-22 00:00:00-05:00,4.599999904632568,4.920000076293945,4.590000152587891,4.840000152587891,66538400,0.0,0.0
2024-11-25 00:00:00-05:00,4.789999961853027,4.860000133514404,4.639999866485596,4.670000076293945,54234900,0.0,0.0
2024-11-26 00:00:00-05:00,4.599999904632568,4.610000133514404,4.309999942779541,4.309999942779541,71245200,0.0,0.0
2024-11-27 00:00:00-05:00,4.440000057220459,4.449999809265137,4.28000020980835,4.380000114440918,45474500,0.0,0.0
2024-11-29 00:00:00-05:00,4.380000114440918,4.53000020980835,4.360000133514404,4.480000019073486,28923500,0.0,0.0
