Date,Open,High,Low,Close,Volume,Dividends,Stock Splits
2022-01-03 00:00:00-05:00,25.514697757777444,25.74149527083293,25.296623417967382,25.462360382080078,115100,0.0,0.0
2022-01-04 00:00:00-05:00,25.47108314962531,25.811278581902364,25.43619045719938,25.689157485961914,106800,0.0,0.0
2022-01-05 00:00:00-05:00,25.296624496725997,25.767665889415085,24.755799378872815,24.764522552490234,337000,0.0,0.0
2022-01-06 00:00:00-05:00,25.034933364156974,25.15705445466918,24.904087437150956,25.087270736694336,103100,0.0,0.0
2022-01-07 00:00:00-05:00,25.296622190156015,25.39257542742326,25.165777925375746,25.287899017333984,104700,0.0,0.0
2022-01-10 00:00:00-05:00,25.165777925375746,25.410020109292226,25.0698246881085,25.287899017333984,130200,0.0,0.0
2022-01-11 00:00:00-05:00,25.2791770549659,25.38385347006744,25.034934859354262,25.314069747924805,122200,0.0,0.0
2022-01-12 00:00:00-05:00,25.366404169722223,25.366404169722223,25.17449937212069,25.305343627929688,79200,0.0,0.0
2022-01-13 00:00:00-05:00,25.43619026722413,25.863615763598542,25.43619026722413,25.523420333862305,105900,0.0,0.0
2022-01-14 00:00:00-05:00,25.63681684628834,25.968290748533317,25.60192581981653,25.88978385925293,385000,0.0,0.0
2022-01-18 00:00:00-05:00,26.0206298461734,26.0206298461734,25.601927518087294,25.724048614501953,457800,0.0,0.0
2022-01-19 00:00:00-05:00,25.977014470504344,26.107858734147303,25.8461685430863,25.99445915222168,361000,0.0,0.0
2022-01-20 00:00:00-05:00,25.977015195591452,26.046798915733884,25.610650248899894,25.654264450073242,410500,0.0,0.0
2022-01-21 00:00:00-05:00,26.081689863473308,26.195089448214453,25.706601744948948,25.767663955688477,162500,0.0,0.0
2022-01-24 00:00:00-05:00,25.706601723538206,25.793831789318332,25.069825071761,25.619373321533203,265100,0.0,0.0
2022-01-25 00:00:00-05:00,25.83744754731268,26.09913607979641,25.689156935231875,26.046798706054688,279900,0.0,0.0
2022-01-26 00:00:00-05:00,26.701022433220835,26.77952932787375,25.9770156988024,26.168920516967773,828900,0.0,0.0
2022-01-27 00:00:00-05:00,25.79382958826987,26.116580304982712,25.724045874355603,25.881059646606445,446000,0.0,0.0
2022-01-28 00:00:00-05:00,25.837449099966772,26.020630750958322,25.567035714538466,26.01190757751465,271800,0.0,0.0
2022-01-31 00:00:00-05:00,25.758940732846835,25.933399200439453,25.567034255587302,25.933399200439453,236600,0.0,0.0
2022-02-01 00:00:00-05:00,26.099133925959105,26.099133925959105,25.680431643028605,25.732769012451172,177800,0.0,0.0
2022-02-02 00:00:00-05:00,25.706601550801555,25.706601550801555,25.392575645388384,25.601926803588867,177000,0.0,0.0
2022-02-03 00:00:00-05:00,25.593203184599115,25.69787792998731,25.505973120925567,25.532142639160156,231800,0.0,0.0
2022-02-04 00:00:00-05:00,25.444913539970962,25.863615864944723,25.244285550559596,25.558311462402344,190300,0.0,0.0
2022-02-07 00:00:00-05:00,25.697877046902526,25.881060340699552,25.697877046902526,25.854890823364258,2286800,0.0,0.0
2022-02-08 00:00:00-05:00,25.706600608902974,25.767662816943997,25.532142148682343,25.628093719482422,1534200,0.0,0.0
2022-02-09 00:00:00-05:00,25.81127800655415,25.97701496433264,25.81127800655415,25.898508071899414,199600,0.0,0.0
2022-02-10 00:00:00-05:00,26.639960772628275,26.927818819745422,26.229979970163637,26.421886444091797,1040300,0.0,0.0
2022-02-11 00:00:00-05:00,26.814420137380804,26.971433925402202,26.33465726400444,26.56145477294922,433200,0.0,0.0
2022-02-14 00:00:00-05:00,26.430609518331853,26.613792830313656,26.168920974100917,26.386995315551758,269300,0.0,0.0
2022-02-15 00:00:00-05:00,26.866756611563485,27.023770394321822,26.56145388261681,26.88420295715332,191900,0.0,0.0
2022-02-16 00:00:00-05:00,26.779529417476535,26.919096860932004,26.657406656621628,26.91037368774414,151700,0.0,0.0
2022-02-17 00:00:00-05:00,26.666127536798868,26.692297054112146,26.456776389617694,26.57889747619629,160500,0.0,0.0
2022-02-18 00:00:00-05:00,26.60506786178823,26.884202733806255,26.491669943946558,26.570175170898438,162300,0.0,0.0
2022-02-22 00:00:00-05:00,26.160195161514665,26.264871566911456,25.98573670422004,26.116580963134766,185100,0.0,0.0
2022-02-23 00:00:00-05:00,26.369547184357952,26.395716702520083,26.046798112567007,26.107858657836914,251900,0.0,0.0
2022-02-24 00:00:00-05:00,25.57575780855337,25.628095183231302,25.22683920440857,25.558311462402344,475800,0.0,0.0
2022-02-25 00:00:00-05:00,25.907230387642826,26.474223297964794,25.793830807313398,26.36954689025879,171000,0.0,0.0
2022-02-28 00:00:00-05:00,26.08168963981665,26.16891970492141,25.715324697396746,25.915952682495117,170600,0.0,0.0
2022-03-01 00:00:00-05:00,26.142749437041864,26.36954693430449,26.046797865574067,26.203811645507812,190000,0.0,0.0
2022-03-02 00:00:00-05:00,25.924677506853104,26.221258748837226,25.82000275307942,26.01190757751465,178800,0.0,0.0
2022-03-03 00:00:00-05:00,26.038075633604187,26.221257274294587,25.9246760489886,26.081689834594727,130400,0.0,0.0
2022-03-04 00:00:00-05:00,26.09913549031178,26.613791034510676,26.090412317589333,26.570175170898438,174700,0.0,0.0
2022-03-07 00:00:00-05:00,26.84931210176792,27.259291243105185,26.744635691333354,26.901649475097656,207600,0.0,0.0
2022-03-08 00:00:00-05:00,27.55587078787221,27.800114621504704,27.067384784382224,27.36396598815918,399700,0.0,0.0
2022-03-09 00:00:00-05:00,27.355245094570307,27.459919843578792,27.119724413638515,27.451196670532227,227400,0.0,0.0
2022-03-10 00:00:00-05:00,26.93653943389398,27.660546114031536,26.919094752659667,27.616931915283203,295500,0.0,0.0
2022-03-11 00:00:00-05:00,27.922236547400175,28.131589374307854,27.904791864970495,28.07925033569336,201900,0.0,0.0
2022-03-14 00:00:00-04:00,27.939681905696716,28.253709471179505,27.887344532707946,27.9047908782959,237500,0.0,0.0
2022-03-15 00:00:00-04:00,27.92223638771316,28.454338297491386,27.91351487843577,28.306049346923828,279900,0.0,0.0
2022-03-16 00:00:00-04:00,28.323494707687505,28.56773688956083,28.053081343791924,28.49795150756836,255100,0.0,0.0
2022-03-17 00:00:00-04:00,27.564596276251212,27.983300263912664,27.486089382550634,27.5994873046875,273900,0.0,0.0
2022-03-18 00:00:00-04:00,27.68671654977176,27.992020942460574,27.486088566835573,27.9047908782959,231500,0.0,0.0
2022-03-21 00:00:00-04:00,27.800116156307926,28.061803021477584,27.730332437670985,28.053081512451172,209400,0.0,0.0
2022-03-22 00:00:00-04:00,28.201374985910707,28.201374985910707,27.73905512664064,27.93096160888672,170600,0.0,0.0
2022-03-23 00:00:00-04:00,27.76522420486004,28.01818956774313,27.669270965262076,27.861177444458008,190900,0.0,0.0
2022-03-24 00:00:00-04:00,27.913514495968695,28.105420972944554,27.72160968276795,27.97457504272461,134100,0.0,0.0
2022-03-25 00:00:00-04:00,27.826282776992024,27.983298216681217,27.564594259651745,27.878620147705078,176500,0.0,0.0
2022-03-28 00:00:00-04:00,28.026912862045673,28.175201804135554,28.009466516938023,28.04435920715332,122500,0.0,0.0
2022-03-29 00:00:00-04:00,28.079250761303356,28.087975598313164,27.739055324028392,28.000743865966797,210400,0.0,0.0
2022-03-30 00:00:00-04:00,28.149034844686728,28.279877445826497,27.913514169574917,28.183927536010742,121800,0.0,0.0
2022-03-31 00:00:00-04:00,28.05308330632447,28.0705296530431,27.852455310385864,27.869901657104492,572000,0.0,0.0
2022-04-01 00:00:00-04:00,27.948405844678714,27.948405844678714,27.651824634308838,27.765222549438477,550600,0.0,0.0
2022-04-04 00:00:00-04:00,27.79139366274883,27.79139366274883,27.041217421235544,27.416305541992188,320000,0.0,0.0
2022-04-05 00:00:00-04:00,27.390135578153608,27.564595708064342,27.268014485481157,27.346521377563477,179200,0.0,0.0
2022-04-06 00:00:00-04:00,27.276735896395888,27.45991752357183,27.09355260544495,27.215675354003906,383900,0.0,0.0
2022-04-07 00:00:00-04:00,27.39885701366382,27.5471476155523,27.320350126559628,27.36396598815918,221000,0.0,0.0
2022-04-08 00:00:00-04:00,27.433751145737038,27.817560765348382,27.433751145737038,27.60820960998535,1009300,0.0,0.0
2022-04-11 00:00:00-04:00,27.721608917100188,27.83500683454697,27.433750873362122,27.555871963500977,492600,0.0,0.0
2022-04-12 00:00:00-04:00,27.843730653621645,28.026913956857534,27.625656322582557,27.791393280029297,536300,0.0,0.0
2022-04-13 00:00:00-04:00,28.375830416631697,28.593904744032926,28.131588234758375,28.49795150756836,229200,0.0,0.0
2022-04-14 00:00:00-04:00,28.28860323744362,28.72475191106742,28.253710544941644,28.672412872314453,165600,0.0,0.0
2022-04-18 00:00:00-04:00,28.628797875483542,28.96899329905534,28.628797875483542,28.6636905670166,133000,0.0,0.0
2022-04-19 00:00:00-04:00,28.559015057125265,28.71602550972969,28.36710858636968,28.707304000854492,217300,0.0,0.0
2022-04-20 00:00:00-04:00,28.16648190563366,28.33221720230627,28.16648190563366,28.306049346923828,204000,0.0,0.0
2022-04-21 00:00:00-04:00,28.131588704042237,28.210095596318318,27.791393280029297,27.791393280029297,181600,0.0,0.0
2022-04-22 00:00:00-04:00,27.826283635518408,27.826283635518408,27.294183412006245,27.407581329345703,210800,0.0,0.0
2022-04-25 00:00:00-04:00,27.747777415556413,27.843730653621645,27.329075099267392,27.791393280029297,300100,0.0,0.0
2022-04-26 00:00:00-04:00,28.49795172731392,28.9428252220709,28.00946735980061,28.34966278076172,395300,0.0,0.0
2022-04-27 00:00:00-04:00,28.54156925517063,28.585183455477146,28.297323743863785,28.34966278076172,226300,0.0,0.0
2022-04-28 00:00:00-04:00,27.957128228694664,28.271155793923715,27.75650024592059,28.21881675720215,203300,0.0,0.0
2022-04-29 00:00:00-04:00,28.0530814637768,28.105420500495008,27.695439698411136,27.756500244140625,198000,0.0,0.0
2022-05-02 00:00:00-04:00,27.53842486447956,27.730331330903123,27.041215681063996,27.285459518432617,241800,0.0,0.0
2022-05-03 00:00:00-04:00,27.329074176741756,27.98329881154999,27.329074176741756,27.81756019592285,264300,0.0,0.0
2022-05-04 00:00:00-04:00,27.85245415246169,28.750919342041016,27.85245415246169,28.750919342041016,178200,0.0,0.0
2022-05-05 00:00:00-04:00,28.524124283610114,28.63752387190993,28.070529257961198,28.2449893951416,183700,0.0,0.0
2022-05-06 00:00:00-04:00,27.948405217601618,28.13158684495678,27.582040299116297,27.67799186706543,370200,0.0,0.0
2022-05-09 00:00:00-04:00,26.352100601003507,26.352100601003507,25.331514358520508,25.331514358520508,302000,0.0,0.0
2022-05-10 00:00:00-04:00,25.523420623599254,25.854892884056966,25.436190555970857,25.724048614501953,274000,0.0,0.0
2022-05-11 00:00:00-04:00,25.750216425815587,26.247425615408,25.549588448221286,25.88978385925293,279100,0.0,0.0
2022-05-12 00:00:00-04:00,25.48852675469348,25.933398581668968,25.48852675469348,25.846168518066406,211000,0.0,0.0
2022-05-13 00:00:00-04:00,25.81127838912569,25.81127838912569,25.418743921141466,25.523420333862305,181000,0.0,0.0
2022-05-16 00:00:00-04:00,25.471081947411683,25.820000536326553,25.471081947411683,25.662986755371094,197800,0.0,0.0
2022-05-17 00:00:00-04:00,25.514696946387595,25.514696946387595,25.130885654670372,25.209392547607422,248000,0.0,0.0
2022-05-18 00:00:00-04:00,25.165778354492343,25.40129903337789,24.677292314554823,24.7470760345459,261900,0.0,0.0
2022-05-19 00:00:00-04:00,25.16577925333747,25.16577925333747,24.747076918436246,24.88664436340332,279400,0.0,0.0
2022-05-20 00:00:00-04:00,24.659845625336263,24.79068989052622,24.328371712161594,24.712182998657227,487900,0.0,0.0
2022-05-23 00:00:00-04:00,24.310928221339307,24.956428069840783,23.831163673770178,24.738353729248047,327200,0.0,0.0
2022-05-24 00:00:00-04:00,24.83430533948767,25.07854920022282,24.66857003834346,25.034934997558594,205000,0.0,0.0
2022-05-25 00:00:00-04:00,24.956427606907923,25.235562491484743,24.956427606907923,25.13088607788086,141700,0.0,0.0
2022-05-26 00:00:00-04:00,25.034933218204905,25.418742832941412,25.034933218204905,25.218114852905273,189100,0.0,0.0
2022-05-27 00:00:00-04:00,25.30534609831304,25.8200016633423,25.30534609831304,25.558311462402344,230000,0.0,0.0
2022-05-31 00:00:00-04:00,25.540865391850584,25.837446605197915,25.540865391850584,25.61064910888672,398500,0.0,0.0
2022-06-01 00:00:00-04:00,25.48852833734071,25.67171164865791,25.296623516519286,25.497251510620117,131500,0.0,0.0
2022-06-02 00:00:00-04:00,25.58448079133769,26.107859525549696,25.558311272305794,26.099136352539062,230800,0.0,0.0
2022-06-03 00:00:00-04:00,25.87233776161338,25.985737342225356,25.200668441911855,25.79383087158203,175300,0.0,0.0
2022-06-06 00:00:00-04:00,25.933399677842814,26.12530615863512,25.628095274216538,25.689157485961914,111500,0.0,0.0
2022-06-07 00:00:00-04:00,25.314068311863828,25.567033666364527,25.314068311863828,25.532142639160156,175100,0.0,0.0
2022-06-08 00:00:00-04:00,25.113440280214068,25.30534508889493,25.06982441657632,25.23556137084961,178200,0.0,0.0
2022-06-09 00:00:00-04:00,24.95642755003586,25.017488097925998,24.624953627524903,24.68601417541504,192300,0.0,0.0
2022-06-10 00:00:00-04:00,24.458724023323583,25.155992758409933,24.458724023323583,24.920551300048828,290700,1.039,0.0
2022-06-13 00:00:00-04:00,24.992993255186672,25.092601835050218,24.422500058500493,24.44966697692871,225400,0.0,0.0
2022-06-14 00:00:00-04:00,24.839051054627827,25.03826994327524,24.494943660288993,24.694164276123047,232400,0.0,0.0
2022-06-15 00:00:00-04:00,24.576443066863096,25.047325967834936,24.576443066863096,24.983938217163086,220400,0.0,0.0
2022-06-16 00:00:00-04:00,24.857163173973255,24.857163173973255,24.386280264322355,24.63077735900879,206800,0.0,0.0
2022-06-17 00:00:00-04:00,24.91149377965752,25.12882394161995,24.730384447762198,24.802827835083008,223500,0.0,0.0
2022-06-21 00:00:00-04:00,24.911493852834532,25.119768376095337,24.884326934814453,24.884326934814453,211900,0.0,0.0
2022-06-22 00:00:00-04:00,24.549277667559817,24.902438976711636,24.43155607971811,24.73944091796875,207400,0.0,0.0
2022-06-23 00:00:00-04:00,25.074492295940672,25.445764878713906,25.074492295940672,25.174100875854492,197900,0.0,0.0
2022-06-24 00:00:00-04:00,25.137880637589006,25.192212748566785,24.793773237960867,24.983938217163086,220800,0.0,0.0
2022-06-27 00:00:00-04:00,24.802828877654942,25.020159048752713,24.793773237960867,24.983938217163086,155700,0.0,0.0
2022-06-28 00:00:00-04:00,24.721328661770798,24.91149363185125,24.558332336656022,24.639829635620117,194600,0.0,0.0
2022-06-29 00:00:00-04:00,24.603609399948486,24.875271675553712,24.558332929743155,24.8118839263916,193700,0.0,0.0
2022-06-30 00:00:00-04:00,24.395334767610247,24.594553653710207,23.933507519336757,24.485889434814453,206300,0.0,0.0
2022-07-01 00:00:00-04:00,24.44061254440962,24.757553032977203,24.20517108796475,24.676054000854492,182500,0.0,0.0
2022-07-05 00:00:00-04:00,24.27761328125659,24.47683389535693,23.906340698670746,24.44966697692871,225900,0.0,0.0
2022-07-06 00:00:00-04:00,24.23233878886538,24.41344641160865,23.978786044400685,24.1689510345459,329400,0.0,0.0
2022-07-07 00:00:00-04:00,24.41344490067129,24.41344490067129,24.24139292879142,24.341001510620117,180000,0.0,0.0
2022-07-08 00:00:00-04:00,24.214225453447554,24.223281092894208,23.861064150961152,24.005950927734375,206300,0.0,0.0
2022-07-11 00:00:00-04:00,24.078395009853867,24.223281790801487,24.060283730438748,24.141782760620117,146900,0.0,0.0
2022-07-12 00:00:00-04:00,24.11461459308712,24.540221001375496,23.897284432916845,24.033117294311523,187500,0.0,0.0
2022-07-13 00:00:00-04:00,23.761454125084324,24.35005687858089,23.616567346598607,24.331947326660156,418700,0.0,0.0
2022-07-14 00:00:00-04:00,24.132727120912556,24.331947740105534,23.96972906054982,24.141782760620117,203800,0.0,0.0
2022-07-15 00:00:00-04:00,24.739440466112327,24.88432724297378,24.4043904423152,24.730384826660156,273100,0.0,0.0
2022-07-18 00:00:00-04:00,24.97488212160978,25.065436789710986,24.60360953686282,24.6126651763916,256300,0.0,0.0
2022-07-19 00:00:00-04:00,24.90243783520909,25.119767994508525,24.866215278399228,24.956769943237305,243400,0.0,0.0
2022-07-20 00:00:00-04:00,25.25560141162751,25.25560141162751,24.77566458080997,25.002050399780273,340100,0.0,0.0
2022-07-21 00:00:00-04:00,25.273711636407594,25.391433224581448,24.839051296657953,25.183156967163086,326700,0.0,0.0
2022-07-22 00:00:00-04:00,25.328043716490157,25.427654025257475,25.11976918650999,25.300878524780273,185800,0.0,0.0
2022-07-25 00:00:00-04:00,25.491042230404506,25.536320429373433,25.192213025956352,25.309934616088867,205900,0.0,0.0
2022-07-26 00:00:00-04:00,25.25560073507592,25.545374299245527,25.25560073507592,25.472930908203125,165600,0.0,0.0
2022-07-27 00:00:00-04:00,25.50915277614149,25.726482943380088,25.418598107995415,25.699316024780273,234200,0.0,0.0
2022-07-28 00:00:00-04:00,25.391434485850603,26.007202467489652,25.37332320566473,25.853260040283203,161900,0.0,0.0
2022-07-29 00:00:00-04:00,25.73553810335924,25.862313600089436,25.54537313107734,25.807981491088867,188500,0.0,0.0
2022-08-01 00:00:00-04:00,25.753650143485014,26.079644534312934,25.74459450385276,26.025312423706055,183000,0.0,0.0
2022-08-02 00:00:00-04:00,26.51430635389661,26.686358323747804,25.699316066447214,25.898536682128906,343700,0.0,0.0
2022-08-03 00:00:00-04:00,26.595805018622336,27.130073927145876,26.315085378037942,27.05763053894043,462400,0.0,0.0
2022-08-04 00:00:00-04:00,27.24779586642778,27.51040250438888,27.0395213385299,27.102909088134766,277100,0.0,0.0
2022-08-05 00:00:00-04:00,27.727733769796075,28.316336509152748,27.54662443744636,28.252948760986328,383300,0.0,0.0
2022-08-08 00:00:00-04:00,28.2529490051351,28.62422158519244,27.763954839877172,28.379724502563477,229700,0.0,0.0
2022-08-09 00:00:00-04:00,28.06278409509274,28.22578215054631,27.99034070680078,28.09900665283203,214600,0.0,0.0
2022-08-10 00:00:00-04:00,27.827343368797408,27.981285788785126,27.655291396659756,27.754899978637695,202200,0.0,0.0
2022-08-11 00:00:00-04:00,28.06278402297172,28.189559520360184,27.84545385865437,28.017507553100586,146700,0.0,0.0
2022-08-12 00:00:00-04:00,27.881676967581704,28.361613775576927,27.881676967581704,28.352558135986328,128200,0.0,0.0
2022-08-15 00:00:00-04:00,27.28401581825808,27.92695238750484,27.27496190619481,27.80923080444336,176100,0.0,0.0
2022-08-16 00:00:00-04:00,27.45606958215336,27.899785543448576,27.302127168872442,27.890729904174805,208700,0.0,0.0
2022-08-17 00:00:00-04:00,27.483236158584745,27.91789647520695,27.483236158584745,27.8001766204834,190100,0.0,0.0
2022-08-18 00:00:00-04:00,27.863564713540082,27.890729904174805,27.61906763470805,27.890729904174805,273500,0.0,0.0
2022-08-19 00:00:00-04:00,27.85451074091566,27.963174964329554,27.67340139897692,27.76395606994629,168800,0.0,0.0
2022-08-22 00:00:00-04:00,27.999395968686496,28.298225157259694,27.93600822068409,28.171449661254883,199900,0.0,0.0
2022-08-23 00:00:00-04:00,28.2982257116365,28.397836018841183,27.999396517209085,28.144283294677734,173900,0.0,0.0
2022-08-24 00:00:00-04:00,28.68760836522084,28.932105439593943,28.479333847282216,28.642330169677734,951400,0.0,0.0
2022-08-25 00:00:00-04:00,28.0537284025214,28.171449987764497,27.22968421456618,27.537569046020508,842500,0.0,0.0
2022-08-26 00:00:00-04:00,27.19346375636456,27.501348592033874,26.939911030758466,27.102909088134766,224400,0.0,0.0
2022-08-29 00:00:00-04:00,27.247794801317685,27.492291877824798,26.994242085622908,27.401737213134766,144400,0.0,0.0
2022-08-30 00:00:00-04:00,27.329296159776842,27.356461352472202,26.722582099904216,26.84935760498047,217200,0.0,0.0
2022-08-31 00:00:00-04:00,27.374571609294545,27.682456447704293,27.21157355046742,27.229684829711914,310400,0.0,0.0
2022-09-01 00:00:00-04:00,27.27496337890625,27.555681302062663,27.0304662875184,27.27496337890625,342400,0.0,0.0
2022-09-02 00:00:00-04:00,27.800178351276713,27.818287903540185,27.274963337529222,27.437959671020508,319400,0.0,0.0
2022-09-06 00:00:00-04:00,27.256852058079076,27.474182229920796,27.193464307190244,27.437959671020508,178400,0.0,0.0
2022-09-07 00:00:00-04:00,27.229684277972794,27.311183305734986,27.1481852502106,27.256851196289062,171800,0.0,0.0
2022-09-08 00:00:00-04:00,27.519459154134914,27.519459154134914,27.320240258465606,27.4470157623291,194700,0.0,0.0
2022-09-09 00:00:00-04:00,27.8363976809443,27.854508959417164,27.483236386656348,27.564735412597656,362800,0.0,0.0
2022-09-12 00:00:00-04:00,27.492292747498254,27.76395502297537,27.492292747498254,27.58284568786621,202400,0.0,0.0
2022-09-13 00:00:00-04:00,27.22062911811619,27.356460257717426,26.776913140919277,26.785968780517578,261800,0.0,0.0
2022-09-14 00:00:00-04:00,27.057630990673832,27.121020467700188,26.785968712164593,27.066686630249023,189500,0.0,0.0
2022-09-15 00:00:00-04:00,27.039521367826303,27.16629686717339,26.91274414129258,26.985187530517578,265500,0.0,0.0
2022-09-16 00:00:00-04:00,26.414697093950277,26.586750797813632,26.269810309808516,26.441864013671875,188300,0.0,0.0
2022-09-19 00:00:00-04:00,26.75880145388408,27.012354177212124,26.523361736663222,26.976133346557617,291500,0.0,0.0
2022-09-20 00:00:00-04:00,26.65013757052647,26.91274420943703,26.56863854154366,26.704469680786133,314800,0.0,0.0
2022-09-21 00:00:00-04:00,26.568637909550784,26.668248215312914,26.19736533176579,26.287919998168945,268900,0.0,0.0
2022-09-22 00:00:00-04:00,26.586749226246116,26.63202569591907,26.396584253809195,26.53241539001465,262000,0.0,0.0
2022-09-23 00:00:00-04:00,26.306030902419856,26.306030902419856,25.907593113255906,25.998146057128906,130100,0.0,0.0
2022-09-26 00:00:00-04:00,26.47808372742566,26.47808372742566,25.998145195741596,26.17925453186035,379300,0.0,0.0
2022-09-27 00:00:00-04:00,26.278863757757716,26.296975036061422,25.925700739581643,26.11586570739746,361400,0.0,0.0
2022-09-28 00:00:00-04:00,26.2607543160622,26.831245805035206,26.2607543160622,26.75880241394043,320500,0.0,0.0
2022-09-29 00:00:00-04:00,26.351307599860895,26.459971817190727,25.989090663450465,26.124921798706055,249400,0.0,0.0
2022-09-30 00:00:00-04:00,26.17925390737097,26.42375098714298,26.079643602163127,26.124921798706055,268800,0.0,0.0
2022-10-03 00:00:00-04:00,26.3331980619722,26.613915990348524,26.224532110272527,26.441864013671875,200400,0.0,0.0
2022-10-04 00:00:00-04:00,26.42375197126556,26.76785764187464,26.387529412682152,26.586750030517578,199000,0.0,0.0
2022-10-05 00:00:00-04:00,26.459973600464632,26.487140520221306,26.161144391888065,26.324142456054688,182500,0.0,0.0
2022-10-06 00:00:00-04:00,26.179253379307667,26.19736465755951,25.9257006653415,26.034366607666016,210300,0.0,0.0
2022-10-07 00:00:00-04:00,25.798926442273867,25.871369831661756,25.527264163865937,25.61781883239746,224900,0.0,0.0
2022-10-10 00:00:00-04:00,25.925703565543444,26.088701633670865,25.880427092035493,26.016258239746094,191300,0.0,0.0
2022-10-11 00:00:00-04:00,25.328042358547943,25.518207326254867,25.21032250401437,25.273710250854492,264800,0.0,0.0
2022-10-12 00:00:00-04:00,25.427652893894173,25.491040641312438,25.002048213238275,25.03826904296875,351000,0.0,0.0
2022-10-13 00:00:00-04:00,24.893383238174618,25.21937935436497,24.73038518007944,25.137880325317383,252500,0.0,0.0
2022-10-14 00:00:00-04:00,25.056382378098807,25.20126916328642,24.775664447696144,24.839052200317383,246800,0.0,0.0
2022-10-17 00:00:00-04:00,25.30087897629508,25.337099808283536,25.07449316301052,25.309934616088867,348800,0.0,0.0
2022-10-18 00:00:00-04:00,25.11071418133397,25.11071418133397,24.413445456718605,24.63077735900879,419800,0.0,0.0
2022-10-19 00:00:00-04:00,24.440611437582486,24.567386936393632,24.350056769637398,24.41344451904297,235000,0.0,0.0
2022-10-20 00:00:00-04:00,25.174102311217155,25.24654570400621,24.694165481684692,24.920551300048828,332600,0.0,0.0
2022-10-21 00:00:00-04:00,24.89338451293369,25.137881612596843,24.88432887288838,25.08354949951172,251000,0.0,0.0
2022-10-24 00:00:00-04:00,25.409542676345218,25.590652014119076,25.300878455430226,25.58159637451172,258400,0.0,0.0
2022-10-25 00:00:00-04:00,25.409542364000664,25.48198575278237,25.29182250492537,25.373321533203125,142700,0.0,0.0
2022-10-26 00:00:00-04:00,25.300878315179034,25.635928342860733,25.300878315179034,25.418598175048828,138200,0.0,0.0
2022-10-27 00:00:00-04:00,25.382376268105872,25.500096122985788,25.246543407692766,25.355209350585938,193700,0.0,0.0
2022-10-28 00:00:00-04:00,25.65404024940247,25.744594920002143,25.300878933969095,25.472930908203125,274100,0.0,0.0
2022-10-31 00:00:00-04:00,25.15599032183019,25.282765815135026,25.056380018698352,25.192211151123047,196200,0.0,0.0
2022-11-01 00:00:00-04:00,25.50009825692161,25.581597289114967,25.237491607666016,25.237491607666016,297900,0.0,0.0
2022-11-02 00:00:00-04:00,24.45872197541332,24.757551161545766,24.033117294311523,24.033117294311523,386600,0.0,0.0
2022-11-03 00:00:00-04:00,23.55317941067985,24.105561328780748,23.4173482728218,23.607511520385742,324500,0.0,0.0
2022-11-04 00:00:00-04:00,24.123671170917138,24.34100133954318,24.060283420966204,24.295724868774414,265300,0.0,0.0
2022-11-07 00:00:00-05:00,24.594552844478663,24.612664122760915,24.386278325792453,24.431554794311523,250900,0.0,0.0
2022-11-08 00:00:00-05:00,24.29572532032362,24.503999853229477,24.096506427177154,24.304780960083008,173900,0.0,0.0
2022-11-09 00:00:00-05:00,24.078394627110498,24.23233704531865,23.852008819580078,23.852008819580078,250700,0.0,0.0
2022-11-10 00:00:00-05:00,24.440611193277693,24.55833277858557,24.159893279921906,24.28666877746582,304900,0.0,0.0
2022-11-11 00:00:00-05:00,24.196114195610246,24.277613223514432,23.29057097639627,23.526012420654297,391500,0.0,0.0
2022-11-14 00:00:00-05:00,23.290572632431488,23.652791327621298,23.227184878929297,23.39923858642578,317400,0.0,0.0
2022-11-15 00:00:00-05:00,23.42640505481211,23.634679591497797,23.317739102914047,23.390182495117188,257400,0.0,0.0
2022-11-16 00:00:00-05:00,23.28151595502365,23.471680934244162,23.1637960933627,23.218128204345703,224800,0.0,0.0
2022-11-17 00:00:00-05:00,23.009854120309996,23.23623993552531,22.85591169687611,23.227184295654297,271700,0.0,0.0
2022-11-18 00:00:00-05:00,23.10946251041084,23.535067185844152,23.10946251041084,23.34490394592285,185600,0.0,0.0
2022-11-21 00:00:00-05:00,23.254348754882812,23.408291162029098,23.12757326447523,23.254348754882812,206700,0.0,0.0
2022-11-22 00:00:00-05:00,23.14568412023802,23.209071869016075,22.964576513327373,23.08229637145996,225800,0.0,0.0
2022-11-23 00:00:00-05:00,22.819689421547725,22.901188448046486,22.720079116452222,22.874021530151367,202900,0.0,0.0
2022-11-25 00:00:00-05:00,22.93741021348531,23.218128134436707,22.93741021348531,23.136629104614258,112500,0.0,0.0
2022-11-28 00:00:00-05:00,22.937409412598182,22.98268588216903,22.665747140799876,22.674802780151367,231500,0.0,0.0
2022-11-29 00:00:00-05:00,22.819690635448385,22.87402274694224,22.60235873509959,22.738191604614258,231400,0.0,0.0
2022-11-30 00:00:00-05:00,23.082297827494756,23.136629940276567,22.828745089201767,23.0732421875,281900,0.0,0.0
2022-12-01 00:00:00-05:00,23.118519866131425,23.172851977688,22.738191630862033,22.98268699645996,232400,0.0,0.0
2022-12-02 00:00:00-05:00,23.08229634389851,23.20001792907715,22.792522791438188,23.20001792907715,376200,0.0,0.0
2022-12-05 00:00:00-05:00,22.638579469831306,22.72007849409762,22.258251265650678,22.339750289916992,349600,0.0,0.0
2022-12-06 00:00:00-05:00,21.04482457008506,21.2349895475355,20.872770871855927,21.162546157836914,397600,0.0,0.0
2022-12-07 00:00:00-05:00,21.325543568685504,21.488541635554313,21.09915774852032,21.225934982299805,356300,0.0,0.0
2022-12-08 00:00:00-05:00,21.570038142410528,21.570038142410528,21.289320241899514,21.416095733642578,302900,0.0,0.0
2022-12-09 00:00:00-05:00,21.11726715660021,21.370819874494845,21.108211517333984,21.108211517333984,207000,0.0,0.0
2022-12-12 00:00:00-05:00,21.443263936612507,21.443263936612507,21.14443474016422,21.361764907836914,293100,0.0,0.0
2022-12-13 00:00:00-05:00,21.714924988780247,21.80547965199614,21.397984531117885,21.497594833374023,305000,0.0,0.0
2022-12-14 00:00:00-05:00,21.760204484168124,21.760204484168124,21.262154670315166,21.44326400756836,586800,0.0,0.0
2022-12-15 00:00:00-05:00,21.225933765562054,21.370820543987463,20.87277073186181,20.999547958374023,355700,0.0,0.0
2022-12-16 00:00:00-05:00,21.05387916184993,21.117266908783073,20.85466028189056,20.981435775756836,371200,0.0,0.0
2022-12-19 00:00:00-05:00,21.488539952551662,21.615317176401835,21.180655123065904,21.35270881652832,410600,0.0,0.0
2022-12-20 00:00:00-05:00,21.370820647920965,21.479484868675172,21.22593386879092,21.325542449951172,356100,0.0,0.0
2022-12-21 00:00:00-05:00,21.66059431768805,21.823592376845113,21.47948497924984,21.60626220703125,368900,0.0,0.0
2022-12-22 00:00:00-05:00,21.606263248112498,21.615318888189414,21.316489674398166,21.470430374145508,295800,0.0,0.0
2022-12-23 00:00:00-05:00,21.624371449707162,21.769259954696548,21.524762869459416,21.760204315185547,266900,0.0,0.0
2022-12-27 00:00:00-05:00,21.85075728503902,21.859812924562085,21.597206287139652,21.64248275756836,267100,0.0,0.0
2022-12-28 00:00:00-05:00,21.41609733084684,21.524763279864114,21.108212490349004,21.207822799682617,372600,0.0,0.0
2022-12-29 00:00:00-05:00,21.723981925842825,21.723981925842825,21.280265949477815,21.44326400756836,688400,0.0,0.0
2022-12-30 00:00:00-05:00,21.588150476271462,21.63342694634081,21.397985502169643,21.597206115722656,272900,0.0,0.0
2023-01-03 00:00:00-05:00,22.131477457028286,22.140533096767534,21.84170389411902,22.09525489807129,414800,0.0,0.0
2023-01-04 00:00:00-05:00,22.068089535564173,22.13147728606257,21.787369887376048,22.049978256225586,319900,0.0,0.0
2023-01-05 00:00:00-05:00,21.760204315185547,21.823592064575923,21.515707229948415,21.760204315185547,312200,0.0,0.0
2023-01-06 00:00:00-05:00,21.56098287805564,21.859812061775838,21.56098287805564,21.823591232299805,397800,0.0,0.0
2023-01-09 00:00:00-05:00,21.995645550785884,22.104309769506557,21.84170313494275,21.8779239654541,317900,0.0,0.0
2023-01-10 00:00:00-05:00,22.077142616027785,22.194864200105382,21.97753403779281,22.113365173339844,200600,0.0,0.0
2023-01-11 00:00:00-05:00,22.44841825002765,22.60235894616667,22.149587316054163,22.303529739379883,312600,0.0,0.0
2023-01-12 00:00:00-05:00,22.58424973240363,22.774412990853847,22.348808273950937,22.71102523803711,320200,0.0,0.0
2023-01-13 00:00:00-05:00,22.430307622465026,22.58425005026666,22.36691986875613,22.557083129882812,371700,0.0,0.0
2023-01-17 00:00:00-05:00,23.181907063007024,23.580346568327517,23.181907063007024,23.3720703125,424400,0.0,0.0
2023-01-18 00:00:00-05:00,23.45356948223048,23.57129107021164,22.910243194839456,23.1728515625,351700,0.0,0.0
2023-01-19 00:00:00-05:00,23.073242254229665,23.18190820729428,22.937411108288945,23.154741287231445,306100,0.0,0.0
2023-01-20 00:00:00-05:00,23.154740184654017,23.698066469731643,23.154740184654017,23.571290969848633,202500,0.0,0.0
2023-01-23 00:00:00-05:00,23.5441232943923,23.743342177403832,23.471679907189326,23.716176986694336,187900,0.0,0.0
2023-01-24 00:00:00-05:00,23.589401006025174,23.589401006025174,23.408293392073077,23.46262550354004,177000,0.0,0.0
2023-01-25 00:00:00-05:00,23.181907442064226,23.390181974110682,23.136629243454124,23.29962730407715,164100,0.0,0.0
2023-01-26 00:00:00-05:00,23.924450825191755,24.060281956416656,23.634677284662214,23.942562103271484,281700,0.0,0.0
2023-01-27 00:00:00-05:00,23.99689577015256,24.015007049409547,23.806732519514153,23.89728546142578,134300,0.0,0.0
2023-01-30 00:00:00-05:00,23.824843038225634,24.024063663762135,23.824843038225634,23.996896743774414,139300,0.0,0.0
2023-01-31 00:00:00-05:00,23.29057087761606,23.571290517956168,23.190962298411886,23.56223487854004,262500,0.0,0.0
2023-02-01 00:00:00-05:00,23.743343736809514,23.743343736809514,23.471681448752882,23.670900344848633,188200,0.0,0.0
2023-02-02 00:00:00-05:00,23.80673311394834,23.80673311394834,23.571291659288686,23.707122802734375,100800,0.0,0.0
2023-02-03 00:00:00-05:00,23.381124624212845,23.56223395103295,23.082295443990247,23.18190574645996,148600,0.0,0.0
2023-02-06 00:00:00-05:00,23.136629316731465,23.154740596232866,22.937410423776072,23.018909454345703,115300,0.0,0.0
2023-02-07 00:00:00-05:00,22.729134380560527,22.964575816872003,22.701967463113856,22.94646453857422,156200,0.0,0.0
2023-02-08 00:00:00-05:00,23.127575122004572,23.190962872299455,23.00985353386837,23.055130004882812,168700,0.0,0.0
2023-02-09 00:00:00-05:00,22.883077541990094,22.883077541990094,22.439361572265625,22.439361572265625,237800,0.0,0.0
2023-02-10 00:00:00-05:00,22.548025351709214,22.855910178118272,22.484637604010864,22.792522430419922,164900,0.0,0.0
2023-02-13 00:00:00-05:00,22.548025593901755,23.009852838475915,22.548025593901755,22.91929817199707,243800,0.0,0.0
2023-02-14 00:00:00-05:00,22.955522255081753,23.1004090402024,22.783468550055964,22.991743087768555,167500,0.0,0.0
2023-02-15 00:00:00-05:00,22.638580422104827,22.665747340398532,22.566137033841557,22.602357864379883,157000,0.0,0.0
2023-02-16 00:00:00-05:00,22.52991458428516,22.66574744921923,22.421250364961853,22.52086067199707,139000,0.0,0.0
2023-02-17 00:00:00-05:00,22.39408299706662,22.593303607138502,22.39408299706662,22.511804580688477,156500,0.0,0.0
2023-02-21 00:00:00-05:00,23.009852974695562,23.009852974695562,22.620469115561985,22.72007942199707,272000,0.0,0.0
2023-02-22 00:00:00-05:00,23.082296722847392,23.245294780578966,22.91929866511582,23.127574920654297,297400,0.0,0.0
2023-02-23 00:00:00-05:00,23.544124363258298,23.64373467287951,23.335849831492737,23.417348861694336,297500,0.0,0.0
2023-02-24 00:00:00-05:00,23.553179032468364,23.72523272549196,23.526012114458347,23.679954528808594,325700,0.0,0.0
2023-02-27 00:00:00-05:00,23.679955119370067,23.73428722955851,23.41734848080371,23.489791870117188,148200,0.0,0.0
2023-02-28 00:00:00-05:00,23.21812962221432,23.399238972799747,23.172853148161348,23.32679557800293,340500,0.0,0.0
2023-03-01 00:00:00-05:00,23.37206948203558,23.507900616445113,23.344904291465625,23.435457229614258,184100,0.0,0.0
2023-03-02 00:00:00-05:00,23.08229623686394,23.326793318313563,23.08229623686394,23.28151512145996,252100,0.0,0.0
2023-03-03 00:00:00-05:00,23.344904714112822,23.607511348434063,23.209071850057526,23.56223487854004,246500,0.0,0.0
2023-03-06 00:00:00-05:00,23.100406347736527,23.281513944434998,23.100406347736527,23.254348754882812,376100,0.0,0.0
2023-03-07 00:00:00-05:00,23.046075295968834,23.12757432272759,22.81968949434708,22.955520629882812,272800,0.0,0.0
2023-03-08 00:00:00-05:00,23.14568371497703,23.29962612810832,22.946464832707488,23.2724609375,247300,0.0,0.0
2023-03-09 00:00:00-05:00,23.326795513089454,23.507903135984126,23.236240838048733,23.245296478271484,161800,0.0,0.0
2023-03-10 00:00:00-05:00,23.45356948249399,23.67089965201551,23.39923737191027,23.53506851196289,170400,0.0,0.0
2023-03-13 00:00:00-04:00,23.562235951390438,23.77956612571327,23.52601339207662,23.62562370300293,311000,0.0,0.0
2023-03-14 00:00:00-04:00,23.7795651510032,23.888229370117188,23.616567095145598,23.888229370117188,184700,0.0,0.0
2023-03-15 00:00:00-04:00,23.263406578191564,23.670900004415977,23.263406578191564,23.580347061157227,197400,0.0,0.0
2023-03-16 00:00:00-04:00,23.607510926033218,24.39533426927392,23.57129009620341,24.277612686157227,526600,0.0,0.0
2023-03-17 00:00:00-04:00,23.969729304144806,24.05122833515442,23.86106508092312,23.906341552734375,544800,0.0,0.0
2023-03-20 00:00:00-04:00,23.76145398024194,23.8882294788475,23.58940028414394,23.806732177734375,293400,0.0,0.0
2023-03-21 00:00:00-04:00,24.48589061862694,24.48589061862694,24.132727572174925,24.15083885192871,202900,0.0,0.0
2023-03-22 00:00:00-04:00,24.10556276356912,24.41344588835246,24.06934020348477,24.07839584350586,143900,0.0,0.0
2023-03-23 00:00:00-04:00,24.866216489068545,24.866216489068545,24.168949508396427,24.458723068237305,176900,0.0,0.0
2023-03-24 00:00:00-04:00,24.286668821527876,24.67605268147533,24.286668821527876,24.485889434814453,146000,0.0,0.0
2023-03-27 00:00:00-04:00,24.341001580411984,24.522110919652526,24.27761382983379,24.422500610351562,165200,0.0,0.0
2023-03-28 00:00:00-04:00,24.458722758775547,24.71227548402159,24.458722758775547,24.6126651763916,177300,0.0,0.0
2023-03-29 00:00:00-04:00,24.866216036075322,24.92960551242406,24.69416406754577,24.8118839263916,148400,0.0,0.0
2023-03-30 00:00:00-04:00,24.766608807723575,24.84810784028995,24.60361074259083,24.839052200317383,127800,0.0,0.0
2023-03-31 00:00:00-04:00,24.766607665375435,24.766607665375435,24.57644268909626,24.694164276123047,178200,0.0,0.0
2023-04-03 00:00:00-04:00,24.839051366937134,24.956771228257406,24.739441057767674,24.90243911743164,160800,0.0,0.0
2023-04-04 00:00:00-04:00,24.866214827770037,24.94771385192871,24.811882720726434,24.94771385192871,187700,0.0,0.0
2023-04-05 00:00:00-04:00,25.0744915182589,25.436708450317383,25.02921332225998,25.436708450317383,249900,0.0,0.0
2023-04-06 00:00:00-04:00,25.690261840820312,25.78081478082237,25.581595894756582,25.690261840820312,202900,0.0,0.0
2023-04-10 00:00:00-04:00,26.088699931076007,26.088699931076007,25.762705543282888,25.898536682128906,207500,0.0,0.0
2023-04-11 00:00:00-04:00,26.0977548807803,26.13397743801464,25.807981331651956,26.124921798706055,202100,0.0,0.0
2023-04-12 00:00:00-04:00,26.197367267985193,26.432808727159983,26.0705917619629,26.17020034790039,242500,0.0,0.0
2023-04-13 00:00:00-04:00,26.414697628868048,26.7859702366482,26.351309875420714,26.776914596557617,195900,0.0,0.0
2023-04-14 00:00:00-04:00,26.68635770492071,26.68635770492071,26.459971903031434,26.56863784790039,161900,0.0,0.0
2023-04-17 00:00:00-04:00,26.152087369752973,26.152087369752973,25.934757204746266,26.052478790283203,189400,0.0,0.0
2023-04-18 00:00:00-04:00,26.052478790283203,26.106810899738225,25.98909104138791,26.052478790283203,143500,0.0,0.0
2023-04-19 00:00:00-04:00,26.03436638118497,26.03436638118497,25.753648479469643,25.78986930847168,188800,0.0,0.0
2023-04-20 00:00:00-04:00,25.762706373483184,25.916648796385886,25.762706373483184,25.83514976501465,128400,0.0,0.0
2023-04-21 00:00:00-04:00,25.916648273082785,25.916648273082785,25.65403990459206,25.74459457397461,110900,0.0,0.0
2023-04-24 00:00:00-04:00,25.78081664672645,25.853260040283203,25.717428893262632,25.853260040283203,135700,0.0,0.0
2023-04-25 00:00:00-04:00,25.853257887729676,25.853257887729676,25.635927725154414,25.726482391357422,143400,0.0,0.0
2023-04-26 00:00:00-04:00,26.459971756978778,26.659192366941117,26.369418818472177,26.4056396484375,301300,0.0,0.0
2023-04-27 00:00:00-04:00,26.296976122864898,26.577694039427666,26.161143257159935,26.541471481323242,138000,0.0,0.0
2023-04-28 00:00:00-04:00,26.324142251207675,26.496195953954313,26.01625740510809,26.07964515686035,121700,0.0,0.0
2023-05-01 00:00:00-04:00,26.03436774939085,26.03436774939085,25.79892630335135,25.81703758239746,149000,0.0,0.0
2023-05-02 00:00:00-04:00,25.672152150735418,25.880426689128367,25.672152150735418,25.844205856323242,205700,0.0,0.0
2023-05-03 00:00:00-04:00,25.6721515981876,25.6721515981876,25.51820917590904,25.55443000793457,156500,0.0,0.0
2023-05-04 00:00:00-04:00,25.481985238361023,25.744593596884915,25.39143229960191,25.644983291625977,117600,0.0,0.0
2023-05-05 00:00:00-04:00,25.862314123937093,25.898536682128906,25.70837170599517,25.898536682128906,136700,0.0,0.0
2023-05-08 00:00:00-04:00,24.974881441932908,25.318987098728886,24.965825802650567,25.20126724243164,277100,0.0,0.0
2023-05-09 00:00:00-04:00,25.137880045118546,25.20126779429642,25.056381016979383,25.174100875854492,147100,0.0,0.0
2023-05-10 00:00:00-04:00,25.4729291499263,25.663094117778087,25.346153656149486,25.635927200317383,172700,0.0,0.0
2023-05-11 00:00:00-04:00,25.22843583182943,25.35521133580873,25.029215208791445,25.074493408203125,345200,0.0,0.0
2023-05-12 00:00:00-04:00,24.513056083578025,24.558334283465836,24.331948465586933,24.476835250854492,652200,0.0,0.0
2023-05-15 00:00:00-04:00,24.485889777221992,24.61266527676872,24.46777849809056,24.57644271850586,170200,0.0,0.0
2023-05-16 00:00:00-04:00,24.395336151123047,24.467779543557512,24.341002311407163,24.395336151123047,117600,0.0,0.0
2023-05-17 00:00:00-04:00,24.458723903604863,24.513056016134033,24.24139372630147,24.395336151123047,125600,0.0,0.0
2023-05-18 00:00:00-04:00,24.404390988203218,24.404390988203218,24.205170370172503,24.341001510620117,103400,0.0,0.0
2023-05-19 00:00:00-04:00,24.46778018689209,24.476835827082837,24.015008540475225,24.087451934814453,400700,0.0,0.0
2023-05-22 00:00:00-04:00,24.721330234598156,24.721330234598156,24.404391476277347,24.549278259277344,157500,0.0,0.0
2023-05-23 00:00:00-04:00,24.603610302330367,24.61266594214089,24.422500960493284,24.4677791595459,102800,0.0,0.0
2023-05-24 00:00:00-04:00,25.309934407754124,25.309934407754124,25.002049566046487,25.06543731689453,195000,0.0,0.0
2023-05-25 00:00:00-04:00,24.9386615351819,25.011104924935776,24.712275726302703,24.73944091796875,173100,0.0,0.0
2023-05-26 00:00:00-04:00,25.011103778452092,25.056380247277843,24.875270917601693,24.956769943237305,150400,0.0,0.0
2023-05-30 00:00:00-04:00,24.875270466808395,24.956769490967066,24.739439335606118,24.94771385192871,86200,0.0,0.0
2023-05-31 00:00:00-04:00,24.639830539053854,24.739440847376194,24.404390818415557,24.657941818237305,218200,0.0,0.0
2023-06-01 00:00:00-04:00,24.676052192658904,24.730384301030494,24.485888949765037,24.639829635620117,178200,0.0,0.0
2023-06-02 00:00:00-04:00,24.63077638924075,24.90243866562749,24.612665110231866,24.893383026123047,116400,0.0,0.0
2023-06-05 00:00:00-04:00,25.34615615207876,25.34615615207876,24.98393918620005,25.08354949951172,148000,0.0,0.0
2023-06-06 00:00:00-04:00,25.020159568909108,25.092602960781093,24.920550984576817,25.074493408203125,104400,0.0,0.0
2023-06-07 00:00:00-04:00,25.51820778262747,25.51820778262747,25.18315603695484,25.282766342163086,154000,0.0,0.0
2023-06-08 00:00:00-04:00,25.39143322425495,25.590652114840978,25.39143322425495,25.545373916625977,157400,0.0,0.0
2023-06-09 00:00:00-04:00,25.436708696245013,25.572539831181867,25.38237658770759,25.56348419189453,114400,0.0,0.0
2023-06-12 00:00:00-04:00,25.33709959636366,25.436709906075464,25.137880704126722,25.427654266357422,282400,0.0,0.0
2023-06-13 00:00:00-04:00,25.23749032383555,25.38237710098964,25.219379044894634,25.29182243347168,218500,0.0,0.0
2023-06-14 00:00:00-04:00,25.490003940414226,25.546626917472135,25.131387552352837,25.320133209228516,168200,1.13,0.0
2023-06-15 00:00:00-04:00,25.320133432543454,25.631562509126628,25.320133432543454,25.55606460571289,96800,0.0,0.0
2023-06-16 00:00:00-04:00,25.244636144136436,25.310696586231312,25.159700775725295,25.206886291503906,191200,0.0,0.0
2023-06-20 00:00:00-04:00,25.244636340036955,25.244636340036955,25.121952918053296,25.22576141357422,163200,0.0,0.0
2023-06-21 00:00:00-04:00,25.084201517586074,25.131387030819795,24.848270351393573,25.055889129638672,234400,0.0,0.0
2023-06-22 00:00:00-04:00,24.74446099617492,24.942644119262695,24.687838018154988,24.942644119262695,154000,0.0,0.0
2023-06-23 00:00:00-04:00,25.03701587134352,25.03701587134352,24.829395294189453,24.829395294189453,106800,0.0,0.0
2023-06-26 00:00:00-04:00,25.03701675235341,25.03701675235341,24.829396167893528,24.923768997192383,156900,0.0,0.0
2023-06-27 00:00:00-04:00,25.084201517586074,25.254072245246586,25.055889129638672,25.055889129638672,106800,0.0,0.0
2023-06-28 00:00:00-04:00,25.00870475671823,25.112515050580157,24.83883402131218,24.961519241333008,109600,0.0,0.0
2023-06-29 00:00:00-04:00,25.05589000287318,25.188012684553772,24.99926702501693,25.1502628326416,128200,0.0,0.0
2023-06-30 00:00:00-04:00,25.27294824826725,25.27294824826725,25.121952439466046,25.169137954711914,118400,0.0,0.0
2023-07-03 00:00:00-04:00,25.159700269428768,25.159700269428768,24.93320655822754,24.93320655822754,100700,0.0,0.0
2023-07-05 00:00:00-04:00,24.961518848916725,24.970954511835806,24.838833630824613,24.923768997192383,154400,0.0,0.0
2023-07-06 00:00:00-04:00,24.67840100875628,24.886021598665593,24.61234056651679,24.782211303710938,123500,0.0,0.0
2023-07-07 00:00:00-04:00,24.81052291633037,24.86714589361798,24.687837698859898,24.697275161743164,151200,0.0,0.0
2023-07-10 00:00:00-04:00,24.631214495574998,24.631214495574998,24.442468839665437,24.46134376525879,134500,0.0,0.0
2023-07-11 00:00:00-04:00,24.72558677079188,24.72558677079188,24.461343218428027,24.61233901977539,255700,0.0,0.0
2023-07-12 00:00:00-04:00,25.140825244571346,25.15026270750243,24.8482710937557,24.923768997192383,181200,0.0,0.0
2023-07-13 00:00:00-04:00,24.706712820855255,24.83883370224635,24.640652380159707,24.716150283813477,182900,0.0,0.0
2023-07-14 00:00:00-04:00,24.848270967851445,24.848270967851445,24.536841892751617,24.697275161743164,262800,0.0,0.0
2023-07-17 00:00:00-04:00,24.55571619813391,24.602901711346142,24.26316025617986,24.423593521118164,275800,0.0,0.0
2023-07-18 00:00:00-04:00,24.112165451049805,24.300911111728233,23.998919494652366,24.112165451049805,227000,0.0,0.0
2023-07-19 00:00:00-04:00,24.10272924673298,24.300910565983795,24.10272924673298,24.253725051879883,147400,0.0,0.0
2023-07-20 00:00:00-04:00,24.102728561663202,24.253724362518362,24.102728561663202,24.18766212463379,193700,0.0,0.0
2023-07-21 00:00:00-04:00,24.253724559862743,24.319784998272894,24.2065372467041,24.2065372467041,177200,0.0,0.0
2023-07-24 00:00:00-04:00,24.319784942916204,24.480218207266518,24.310347480305957,24.404720306396484,150300,0.0,0.0
2023-07-25 00:00:00-04:00,24.385845238263645,24.385845238263645,24.149914074425965,24.18766212463379,138400,0.0,0.0
2023-07-26 00:00:00-04:00,24.234849437408485,24.319784800391005,24.18766212463379,24.18766212463379,148300,0.0,0.0
2023-07-27 00:00:00-04:00,23.27225006467604,23.593116594360296,23.102379337194737,23.149566650390625,290100,0.0,0.0
2023-07-28 00:00:00-04:00,23.281688469189508,23.31943652126139,23.036319830680196,23.045757293701172,172000,0.0,0.0
2023-07-31 00:00:00-04:00,23.366622891055872,23.366622891055872,23.149566650390625,23.149566650390625,150100,0.0,0.0
2023-08-01 00:00:00-04:00,23.243938980628354,23.29112629647122,22.800389011777725,22.875886917114258,317000,0.0,0.0
2023-08-02 00:00:00-04:00,22.72489108480526,22.838138842708265,22.611643326902257,22.658830642700195,169300,0.0,0.0
2023-08-03 00:00:00-04:00,23.008007505788804,23.06463228407259,22.800388718784326,22.84757423400879,234700,0.0,0.0
2023-08-04 00:00:00-04:00,22.819262383474143,22.847572971039057,22.62107927046012,22.70601463317871,169700,0.0,0.0
2023-08-07 00:00:00-04:00,22.7060149283393,22.885323118632968,22.658829415109786,22.73432731628418,171200,0.0,0.0
2023-08-08 00:00:00-04:00,22.828701303578416,22.94194726109251,22.828701303578416,22.8664493560791,201700,0.0,0.0
2023-08-09 00:00:00-04:00,23.159004497047082,23.30056283895814,23.159004497047082,23.196752548217773,196300,0.0,0.0
2023-08-10 00:00:00-04:00,23.498744058072283,23.527056446339333,23.074069034138358,23.187314987182617,383300,0.0,0.0
2023-08-11 00:00:00-04:00,22.979697360306815,23.310001373291016,22.50783499890426,23.310001373291016,396100,0.0,0.0
2023-08-14 00:00:00-04:00,23.300563518362935,23.451559327472445,23.121255320040884,23.27225112915039,363200,0.0,0.0
2023-08-15 00:00:00-04:00,23.12125587463379,23.281689150662345,22.98913498849689,23.12125587463379,316400,0.0,0.0
2023-08-16 00:00:00-04:00,23.243937932265315,23.31000017146574,22.95138378728272,22.970258712768555,302700,0.0,0.0
2023-08-17 00:00:00-04:00,23.01744500249194,23.12125529615198,22.93250963495409,23.055194854736328,220300,0.0,0.0
2023-08-18 00:00:00-04:00,22.76264021524431,23.09294241529001,22.76264021524431,23.008007049560547,178400,0.0,0.0
2023-08-21 00:00:00-04:00,22.658830664273232,22.88532438028283,22.658830664273232,22.875886917114258,157400,0.0,0.0
2023-08-22 00:00:00-04:00,22.800389011777725,22.960822285619365,22.78151408544058,22.875886917114258,220700,0.0,0.0
2023-08-23 00:00:00-04:00,22.857011633305696,23.102380271815008,22.857011633305696,23.045757293701172,159000,0.0,0.0
2023-08-24 00:00:00-04:00,22.951383885453854,23.05519417605802,22.86644852041626,22.97969627380371,190700,0.0,0.0
2023-08-25 00:00:00-04:00,22.9608211517334,23.055193978746615,22.894760712827733,22.9608211517334,114700,0.0,0.0
2023-08-28 00:00:00-04:00,22.857011155320173,23.036319348944986,22.857011155320173,22.989133834838867,117300,0.0,0.0
2023-08-29 00:00:00-04:00,23.026883041673685,23.149568264525442,22.98913498849689,23.12125587463379,147100,0.0,0.0
2023-08-30 00:00:00-04:00,23.432683972495088,23.64974021911621,23.432683972495088,23.64974021911621,179200,0.0,0.0
2023-08-31 00:00:00-04:00,23.234503615305616,23.32887464817695,22.885324673640632,22.904199600219727,250600,0.0,0.0
2023-09-01 00:00:00-04:00,23.13069243677314,23.13069243677314,22.75320291965156,22.809825897216797,259700,0.0,0.0
2023-09-05 00:00:00-04:00,23.00800809638061,23.017445559670158,22.800389304046774,22.904199600219727,187300,0.0,0.0
2023-09-06 00:00:00-04:00,23.159004497047082,23.31000030175381,23.08350479468174,23.196752548217773,243500,0.0,0.0
2023-09-07 00:00:00-04:00,23.026882749298647,23.19675348646755,22.970259770246365,23.09294319152832,158300,0.0,0.0
2023-09-08 00:00:00-04:00,22.65883028511937,22.932509512380268,22.65883028511937,22.82870101928711,185800,0.0,0.0
2023-09-11 00:00:00-04:00,22.923073750911193,22.932509413869298,22.79095106934161,22.819263458251953,184000,0.0,0.0
2023-09-12 00:00:00-04:00,22.78151398793751,22.8664493560791,22.696578619795922,22.8664493560791,162300,0.0,0.0
2023-09-13 00:00:00-04:00,22.894761066465698,22.941946580695166,22.696577946675564,22.790950775146484,300000,0.0,0.0
2023-09-14 00:00:00-04:00,22.753203375959856,22.753203375959856,22.621080692308624,22.64939308166504,212200,0.0,0.0
2023-09-15 00:00:00-04:00,22.74376468046389,22.809825118703984,22.592768878768837,22.724889755249023,304900,0.0,0.0
2023-09-18 00:00:00-04:00,22.687141508139412,22.73432702075555,22.526708245227837,22.70601463317871,201400,0.0,0.0
2023-09-19 00:00:00-04:00,22.83813838419218,23.01744478058831,22.809825995281837,22.819263458251953,166300,0.0,0.0
2023-09-20 00:00:00-04:00,23.41380895248754,23.41380895248754,23.008007049560547,23.008007049560547,367800,0.0,0.0
2023-09-21 00:00:00-04:00,23.206190565033722,23.206190565033722,22.857011633305696,23.045757293701172,210200,0.0,0.0
2023-09-22 00:00:00-04:00,23.47987003836009,23.621430185144433,23.38549900718658,23.49874496459961,341500,0.0,0.0
2023-09-25 00:00:00-04:00,23.111817350217095,23.111817350217095,22.92307349297465,22.998571395874023,222100,0.0,0.0
2023-09-26 00:00:00-04:00,22.7720753668654,22.7720753668654,22.545581663342222,22.73432731628418,165000,0.0,0.0
2023-09-27 00:00:00-04:00,22.573895350787655,22.58333281397923,22.385149686980267,22.45121192932129,196400,0.0,0.0
2023-09-28 00:00:00-04:00,22.498396116601647,22.564456555029352,22.441773140808177,22.517271041870117,118000,0.0,0.0
2023-09-29 00:00:00-04:00,22.753202340008453,22.894760680321312,22.706015026562863,22.743764877319336,244400,0.0,0.0
2023-10-02 00:00:00-04:00,22.63995474343628,22.70601518270242,22.48895893939597,22.55501937866211,155000,0.0,0.0
2023-10-03 00:00:00-04:00,22.602207761345056,22.83813894131729,22.583332834944382,22.66826820373535,196900,0.0,0.0
2023-10-04 00:00:00-04:00,22.74376613003956,22.932509994182013,22.68714315079803,22.885324478149414,216300,0.0,0.0
2023-10-05 00:00:00-04:00,22.621080141315918,22.83813818773737,22.43233628357326,22.80038833618164,340800,0.0,0.0
2023-10-06 00:00:00-04:00,22.696577304135825,22.941945931209048,22.66826671640441,22.93250846862793,134800,0.0,0.0
2023-10-09 00:00:00-04:00,22.809826377322054,22.998572039861596,22.6777054935516,22.8664493560791,219000,0.0,0.0
2023-10-10 00:00:00-04:00,22.951383590698242,23.017444029320878,22.904198077399773,22.951383590698242,157100,0.0,0.0
2023-10-11 00:00:00-04:00,22.885324282335464,22.94194726109251,22.79095145106569,22.8664493560791,225900,0.0,0.0
2023-10-12 00:00:00-04:00,22.970259650477054,23.055195018618644,22.77207652480933,22.8664493560791,161400,0.0,0.0
2023-10-13 00:00:00-04:00,23.121254902488264,23.121254902488264,22.97969655900604,23.017444610595703,134000,0.0,0.0
2023-10-16 00:00:00-04:00,22.75320359324849,22.951384920599875,22.696578813994904,22.885324478149414,236100,0.0,0.0
2023-10-17 00:00:00-04:00,22.8098264749463,22.88532438028283,22.696578716935473,22.875886917114258,192700,0.0,0.0
2023-10-18 00:00:00-04:00,22.63051695004327,22.63051695004327,22.300212958526444,22.309650421142578,261600,0.0,0.0
2023-10-19 00:00:00-04:00,22.271902860915613,22.441773591721105,22.139780181393576,22.35683822631836,241700,0.0,0.0
2023-10-20 00:00:00-04:00,22.205842971801758,22.337963854588033,22.13978073039659,22.205842971801758,242900,0.0,0.0
2023-10-23 00:00:00-04:00,21.535797989409275,21.781166634513568,21.4697375464989,21.630170822143555,296200,0.0,0.0
2023-10-24 00:00:00-04:00,21.84722548455479,22.08315664918284,21.828350559381683,21.875537872314453,275200,0.0,0.0
2023-10-25 00:00:00-04:00,21.498048487158556,21.64904428935008,21.356488347593547,21.469736099243164,314100,0.0,0.0
2023-10-26 00:00:00-04:00,20.71475839877283,20.83744182081034,20.52601273408675,20.771381378173828,294900,0.0,0.0
2023-10-27 00:00:00-04:00,20.922375557595885,20.922375557595885,20.6298214201678,20.809127807617188,303700,0.0,0.0
2023-10-30 00:00:00-04:00,20.535449785711833,20.65813320529029,20.45051441830674,20.51657485961914,345400,0.0,0.0
2023-10-31 00:00:00-04:00,20.85631664903717,20.969562607305722,20.639260395679067,20.761943817138672,328500,0.0,0.0
2023-11-01 00:00:00-04:00,21.535797989409275,21.630170822143555,21.32817919740352,21.630170822143555,392500,0.0,0.0
2023-11-02 00:00:00-04:00,21.847225966037847,21.96991118235493,21.70566762414365,21.932161331176758,248900,0.0,0.0
2023-11-03 00:00:00-04:00,21.715106016130928,21.922724806458987,21.705668552932554,21.828351974487305,299500,0.0,0.0
2023-11-06 00:00:00-05:00,22.271902633449617,22.38514858615536,22.064282053469146,22.120906829833984,254900,0.0,0.0
2023-11-07 00:00:00-05:00,21.77172858869663,21.77172858869663,21.507486824125404,21.564109802246094,289400,0.0,0.0
2023-11-08 00:00:00-05:00,21.403676888839126,21.46029986790675,21.252681077984093,21.39423942565918,232600,0.0,0.0
2023-11-09 00:00:00-05:00,21.431987183893618,21.507486888295823,21.31874122731436,21.36592674255371,205300,0.0,0.0
2023-11-10 00:00:00-05:00,21.498048289932267,21.498048289932267,21.328177564022234,21.45086097717285,210200,0.0,0.0
2023-11-13 00:00:00-05:00,21.280990797068387,21.38480108778965,21.205492894728916,21.29986572265625,344200,0.0,0.0
2023-11-14 00:00:00-05:00,21.3753636640394,21.545234394616486,21.271555173140502,21.50748634338379,443900,0.0,0.0
2023-11-15 00:00:00-05:00,21.63960811997772,21.875539300003624,21.63960811997772,21.81891632080078,346900,0.0,0.0
2023-11-16 00:00:00-05:00,21.611295993226904,21.733981216339334,21.55467301333536,21.63960838317871,292500,0.0,0.0
2023-11-17 00:00:00-05:00,21.781166653589388,21.903850076242946,21.75285426374069,21.847227096557617,360700,0.0,0.0
2023-11-20 00:00:00-05:00,21.979349224999208,22.04540966629181,21.941599372825134,21.99822235107422,255400,0.0,0.0
2023-11-21 00:00:00-05:00,22.149217023597377,22.149217023597377,22.045408535467605,22.08315658569336,197100,0.0,0.0
2023-11-22 00:00:00-05:00,22.073719385105996,22.073719385105996,21.856663143699063,21.894412994384766,164300,0.0,0.0
2023-11-24 00:00:00-05:00,22.026533904641163,22.177529707585467,22.017096441955648,22.111469268798828,137500,0.0,0.0
2023-11-27 00:00:00-05:00,22.375711478492523,22.583332061767578,22.30965103836391,22.583332061767578,360800,0.0,0.0
2023-11-28 00:00:00-05:00,22.951384755982545,23.130692955642047,22.932509829700063,23.07406997680664,492500,0.0,0.0
2023-11-29 00:00:00-05:00,22.838138580322266,22.941947073860987,22.819263654219945,22.838138580322266,326800,0.0,0.0
2023-11-30 00:00:00-05:00,22.998572286765814,23.319437036508454,22.998572286765814,23.310001373291016,390600,0.0,0.0
2023-12-01 00:00:00-05:00,23.432683875219947,23.70636489809376,23.35718597236027,23.640302658081055,410900,0.0,0.0
2023-12-04 00:00:00-05:00,23.262812635635743,23.460995751320823,23.206189659730843,23.366622924804688,281800,0.0,0.0
2023-12-05 00:00:00-05:00,23.451558036923682,23.59311637517233,23.451558036923682,23.545930862426758,220800,0.0,0.0
2023-12-06 00:00:00-05:00,23.876234512179025,23.876234512179025,23.69692811276813,23.715801239013672,204100,0.0,0.0
2023-12-07 00:00:00-05:00,23.942296754080555,24.036667785344378,23.61199274462106,23.715801239013672,215800,0.0,0.0
2023-12-08 00:00:00-05:00,23.80073690158028,23.810174364825812,23.687490942658002,23.74411392211914,210200,0.0,0.0
2023-12-11 00:00:00-05:00,23.857360348259512,23.885670936402477,23.715800207496844,23.81017303466797,305600,0.0,0.0
2023-12-12 00:00:00-05:00,23.79129847302304,23.79129847302304,23.593117152944064,23.63086700439453,161700,0.0,0.0
2023-12-13 00:00:00-05:00,23.60255511966829,23.9045467376709,23.451559310666983,23.9045467376709,227100,0.0,0.0
2023-12-14 00:00:00-05:00,23.961169934328225,24.22541350249377,23.961169934328225,24.140478134155273,201200,0.0,0.0
2023-12-15 00:00:00-05:00,24.197100729308424,24.197100729308424,23.932858965345464,24.093292236328125,266500,0.0,0.0
2023-12-18 00:00:00-05:00,24.064978711443445,24.282034950171248,24.02722886122369,24.18766212463379,255500,0.0,0.0
2023-12-19 00:00:00-05:00,24.253725507310786,24.253725507310786,24.064979847326946,24.093292236328125,126800,0.0,0.0
2023-12-20 00:00:00-05:00,23.9517328309847,24.197101476536083,23.857361798090533,23.97060775756836,133000,0.0,0.0
2023-12-21 00:00:00-05:00,24.121602372367356,24.26316071469108,24.046104469793907,24.253725051879883,222800,0.0,0.0
2023-12-22 00:00:00-05:00,24.310347480305957,24.461343282046023,24.30091001769571,24.404720306396484,207100,0.0,0.0
2023-12-26 00:00:00-05:00,24.46134347020184,24.50852898360408,24.39528303143392,24.43303108215332,97600,0.0,0.0
2023-12-27 00:00:00-05:00,24.329223916830582,24.41415928558695,24.234851084877718,24.366971969604492,132800,0.0,0.0
2023-12-28 00:00:00-05:00,24.442469776984538,24.54628007171691,24.357534408569336,24.357534408569336,288000,0.0,0.0
2023-12-29 00:00:00-05:00,24.253725532692584,24.34809656277125,24.253725532692584,24.310348510742188,143500,0.0,0.0
2024-01-02 00:00:00-05:00,24.37640820415474,24.4990916195014,24.168789424332715,24.442468643188477,220700,0.0,0.0
2024-01-03 00:00:00-05:00,24.30090988418255,24.31978480929934,24.093291107933634,24.178226470947266,196300,0.0,0.0
2024-01-04 00:00:00-05:00,24.149914623338574,24.159352086108022,24.036666870117188,24.036666870117188,137200,0.0,0.0
2024-01-05 00:00:00-05:00,23.97060708082685,24.04610498501796,23.819611272444636,23.895109176635742,263200,0.0,0.0
2024-01-08 00:00:00-05:00,23.781862160480774,23.895108111714446,23.649739484025563,23.772424697875977,157700,0.0,0.0
2024-01-09 00:00:00-05:00,23.91398293786823,23.91398293786823,23.715799824012297,23.76298713684082,211800,0.0,0.0
2024-01-10 00:00:00-05:00,24.064979102755565,24.244287294191214,24.064979102755565,24.225412368774414,210000,0.0,0.0
2024-01-11 00:00:00-05:00,24.244287294191214,24.29147280772124,24.083854028172365,24.225412368774414,204300,0.0,0.0
2024-01-12 00:00:00-05:00,24.310348058130348,24.49909191478565,24.310348058130348,24.470781326293945,114400,0.0,0.0
2024-01-16 00:00:00-05:00,24.244288353231152,24.376409236896116,24.18766357450728,24.34809684753418,140400,0.0,0.0
2024-01-17 00:00:00-05:00,24.19710121111994,24.225413600684874,24.017794810578167,24.14991569519043,178900,0.0,0.0
2024-01-18 00:00:00-05:00,24.01779403880937,24.215975359359565,23.84792330690235,24.064979553222656,173600,0.0,0.0
2024-01-19 00:00:00-05:00,23.961170098712852,24.055542930848848,23.838486676944502,23.951732635498047,233200,0.0,0.0
2024-01-22 00:00:00-05:00,24.0083568693366,24.149915214318472,23.980044480335415,24.093292236328125,148300,0.0,0.0
2024-01-23 00:00:00-05:00,23.83848622307931,24.187663355318772,23.762988318810347,24.112165451049805,331700,0.0,0.0
2024-01-24 00:00:00-05:00,23.989481809928357,24.27259849831767,23.630867217967765,23.87623405456543,330900,0.0,0.0
2024-01-25 00:00:00-05:00,23.923421738501187,23.923421738501187,23.602555193368485,23.696928024291992,181200,0.0,0.0
2024-01-26 00:00:00-05:00,23.857360477533614,24.07441672119497,23.857360477533614,24.036666870117188,156800,0.0,0.0
2024-01-29 00:00:00-05:00,24.140477840155175,24.140477840155175,23.904546664313155,24.112165451049805,207000,0.0,0.0
2024-01-30 00:00:00-05:00,24.04610508360812,24.131040451172854,23.829048833170248,23.9045467376709,128100,0.0,0.0
2024-01-31 00:00:00-05:00,23.951732713484688,23.951732713484688,23.72523899562807,23.74411392211914,148400,0.0,0.0
2024-02-01 00:00:00-05:00,24.187663768895263,24.423594948771388,23.9894824418051,24.366971969604492,213500,0.0,0.0
2024-02-02 00:00:00-05:00,24.197100604123772,24.197100604123772,23.73467571956895,23.866798400878906,199300,0.0,0.0
2024-02-05 00:00:00-05:00,23.753551091528834,23.838486459675906,23.659178260252972,23.715801239013672,165400,0.0,0.0
2024-02-06 00:00:00-05:00,23.857361700770667,23.961170196533203,23.753551404996067,23.961170196533203,130200,0.0,0.0
2024-02-07 00:00:00-05:00,23.942296233352366,24.206537995163256,23.942296233352366,24.074417114257812,121200,0.0,0.0
2024-02-08 00:00:00-05:00,24.074417472800373,24.074417472800373,23.88567181154273,23.9045467376709,96900,0.0,0.0
2024-02-09 00:00:00-05:00,23.980044187269147,24.064979553222656,23.942296135740914,24.064979553222656,158500,0.0,0.0
2024-02-12 00:00:00-05:00,24.064980163279095,24.338661193847656,24.0272303107819,24.338661193847656,132300,0.0,0.0
2024-02-13 00:00:00-05:00,24.074417472800373,24.08385493586446,23.80073644397799,23.9045467376709,96600,0.0,0.0
2024-02-14 00:00:00-05:00,24.046104469793907,24.300910565983795,24.046104469793907,24.253725051879883,190200,0.0,0.0
2024-02-15 00:00:00-05:00,24.244288568715874,24.584028244018555,24.244288568715874,24.584028244018555,139300,0.0,0.0
2024-02-16 00:00:00-05:00,25.055889718623735,25.16913747306349,24.923768838454013,25.11251449584961,183400,0.0,0.0
2024-02-20 00:00:00-05:00,25.12195131255961,25.339007552973253,25.12195131255961,25.254072189331055,174600,0.0,0.0
2024-02-21 00:00:00-05:00,25.15969951752365,25.15969951752365,24.970953863824008,25.065326690673828,159300,0.0,0.0
2024-02-22 00:00:00-05:00,24.782210822810562,24.961519019704014,24.687837992866005,24.725587844848633,147900,0.0,0.0
2024-02-23 00:00:00-05:00,24.819958704962442,24.923768997192383,24.716150212744505,24.923768997192383,134800,0.0,0.0
2024-02-26 00:00:00-05:00,24.886021401983243,24.886021401983243,24.678400813714823,24.763336181640625,179000,0.0,0.0
2024-02-27 00:00:00-05:00,24.30091017175801,24.30091017175801,24.12160198105043,24.215974807739258,240200,0.0,0.0
2024-02-28 00:00:00-05:00,24.26316155508196,24.31034887083226,23.970607397478286,24.140478134155273,275800,0.0,0.0
2024-02-29 00:00:00-05:00,24.206538576193648,24.206538576193648,23.980044860628347,24.140478134155273,199600,0.0,0.0
2024-03-01 00:00:00-05:00,23.753550450081203,23.885671330292357,23.5364942040166,23.847923278808594,385600,0.0,0.0
2024-03-04 00:00:00-05:00,23.86679817592397,23.86679817592397,23.517619250055123,23.63086700439453,231800,0.0,0.0
2024-03-05 00:00:00-05:00,23.159005335592212,23.29112621949146,22.885324304644293,23.083505630493164,252400,0.0,0.0
2024-03-06 00:00:00-05:00,23.59311825823974,23.59311825823974,23.310001559145693,23.33831214904785,157300,0.0,0.0
2024-03-07 00:00:00-05:00,23.602555651665792,23.659178631314546,23.49874535563302,23.536495208740234,197100,0.0,0.0
2024-03-08 00:00:00-05:00,23.479869655658263,23.60255487420342,23.45155906677246,23.45155906677246,138900,0.0,0.0
2024-03-11 00:00:00-04:00,23.583679680939294,23.66861504665793,23.54593162951545,23.640302658081055,114200,0.0,0.0
2024-03-12 00:00:00-04:00,23.71579987852291,23.71579987852291,23.4893061764612,23.564804077148438,122600,0.0,0.0
2024-03-13 00:00:00-04:00,23.649740611038705,23.75355090462654,23.621430021887136,23.687490463256836,99100,0.0,0.0
2024-03-14 00:00:00-04:00,23.810173132945863,23.97060639979538,23.706364642639915,23.819610595703125,141300,0.0,0.0
2024-03-15 00:00:00-04:00,23.800735964438903,23.847923278808594,23.696927472849566,23.847923278808594,137800,0.0,0.0
2024-03-18 00:00:00-04:00,23.71580056094073,23.71580056094073,23.593117143798253,23.640302658081055,100200,0.0,0.0
2024-03-19 00:00:00-04:00,23.5931173396024,23.687490168963212,23.564804950790556,23.659177780151367,88600,0.0,0.0
2024-03-20 00:00:00-04:00,23.678053000202304,23.781863293790135,23.50818226524477,23.687490463256836,186500,0.0,0.0
2024-03-21 00:00:00-04:00,23.31000107951722,23.47043435237265,23.23450317464479,23.281688690185547,253100,0.0,0.0
2024-03-22 00:00:00-04:00,23.24393881465791,23.24393881465791,23.0551949526703,23.064632415771484,135200,0.0,0.0
2024-03-25 00:00:00-04:00,22.39458683292329,22.46064727431643,22.083157752061336,22.205842971801758,311600,0.0,0.0
2024-03-26 00:00:00-04:00,21.85666316748642,21.85666316748642,21.422550684200093,21.47917366027832,338100,0.0,0.0
2024-03-27 00:00:00-04:00,21.073371403451425,21.19605481618459,20.87519009057202,21.016748428344727,427200,0.0,0.0
2024-03-28 00:00:00-04:00,20.84687949803186,21.007312774658203,20.799693981382028,21.007312774658203,344900,0.0,0.0
2024-04-01 00:00:00-04:00,21.12055742770039,21.12055742770039,20.610947039370554,20.658132553100586,311000,0.0,0.0
2024-04-02 00:00:00-04:00,20.648695257214175,20.677007645688168,20.37501603534684,20.459951400756836,330000,0.0,0.0
2024-04-03 00:00:00-04:00,20.422200823783164,20.422200823783164,20.167396536619282,20.17683219909668,310400,0.0,0.0
2024-04-04 00:00:00-04:00,20.346704758492788,20.422202665202864,20.101336111682016,20.157960891723633,319400,0.0,0.0
2024-04-05 00:00:00-04:00,20.139084607693228,20.23345743472323,19.9975262671542,20.0069637298584,246200,0.0,0.0
2024-04-08 00:00:00-04:00,20.05415010789364,20.32783113807773,20.016400255449472,20.11077308654785,226100,0.0,0.0
2024-04-09 00:00:00-04:00,20.129647461154473,20.30895565532658,20.129647461154473,20.261768341064453,233400,0.0,0.0
2024-04-10 00:00:00-04:00,20.091900036077206,20.1673979412381,19.818219004861433,19.903154373168945,226300,0.0,0.0
2024-04-11 00:00:00-04:00,19.997526720976552,19.997526720976552,19.799343599714796,19.84653091430664,282800,0.0,0.0
2024-04-12 00:00:00-04:00,19.7993430760626,19.7993430760626,19.563411909379262,19.582286834716797,258200,0.0,0.0
2024-04-15 00:00:00-04:00,19.64834814845249,19.789906494764598,19.563412780662823,19.676660537719727,331700,0.0,0.0
2024-04-16 00:00:00-04:00,19.289732581863465,19.393541070603124,18.940553665161133,18.940553665161133,449300,0.0,0.0
2024-04-17 00:00:00-04:00,18.949991158279197,18.949991158279197,18.45925390158781,18.515878677368164,424800,0.0,0.0
2024-04-18 00:00:00-04:00,18.780121700659567,18.780121700659567,18.41206963326352,18.657438278198242,679700,0.0,0.0
2024-04-19 00:00:00-04:00,18.51587896306941,18.61024999080226,18.37431882144619,18.553627014160156,300200,0.0,0.0
2024-04-22 00:00:00-04:00,18.468691551331574,18.714060182163195,18.402631112263826,18.544189453125,380100,0.0,0.0
2024-04-23 00:00:00-04:00,18.27051080435469,18.66687525114377,18.27051080435469,18.61025047302246,380300,0.0,0.0
2024-04-24 00:00:00-04:00,18.166700754712803,18.346008954476975,18.157263291566053,18.204450607299805,756100,0.0,0.0
2024-04-25 00:00:00-04:00,17.930769620722973,17.94020708389322,17.685400978332687,17.78921127319336,857100,0.0,0.0
2024-04-26 00:00:00-04:00,17.638214722458954,18.025141696144825,17.609902334136095,17.92133140563965,446900,0.0,0.0
2024-04-29 00:00:00-04:00,18.081765649369668,18.176138482197608,18.015705206393733,18.025142669677734,348500,0.0,0.0
2024-04-30 00:00:00-04:00,18.430943764692273,18.525314793278113,18.1383878160378,18.355445861816406,384000,0.0,0.0
2024-05-01 00:00:00-04:00,18.383756450387363,18.51587913042912,18.298821084650516,18.355445861816406,171200,0.0,0.0
2024-05-02 00:00:00-04:00,18.41206988045497,18.41206988045497,18.242199139372477,18.26107406616211,300800,0.0,0.0
2024-05-03 00:00:00-04:00,18.430943853978288,18.676312489516505,18.31769609910988,18.374319076538086,483800,0.0,0.0
2024-05-06 00:00:00-04:00,18.1195143991418,18.327133178710938,18.053452160176565,18.327133178710938,682800,0.0,0.0
2024-05-07 00:00:00-04:00,18.232761218576762,18.52531537642843,18.232761218576762,18.421506881713867,1765700,0.0,0.0
2024-05-08 00:00:00-04:00,18.24219748432355,18.327132847158914,18.006266320894632,18.081764221191406,314800,0.0,0.0
2024-05-09 00:00:00-04:00,18.119515141508863,18.232761098636523,18.081765289124952,18.19501304626465,205800,0.0,0.0
2024-05-10 00:00:00-04:00,18.19501265369345,18.232760705250882,18.072327436104803,18.157262802124023,208800,0.0,0.0
2024-05-13 00:00:00-04:00,18.2233227575747,18.336570509258326,18.072326955337825,18.10063934326172,374300,0.0,0.0
2024-05-14 00:00:00-04:00,18.223323822021484,18.346009043512606,18.17613830607078,18.223323822021484,254000,0.0,0.0
2024-05-15 00:00:00-04:00,18.355445119575514,18.61968686894988,18.317695269658078,18.487565994262695,244700,0.0,0.0
2024-05-16 00:00:00-04:00,18.59137773786334,18.798996528637115,18.563065348207438,18.648000717163086,535700,0.0,0.0
2024-05-17 00:00:00-04:00,19.030000686645508,19.059999465942383,18.709999084472656,18.790000915527344,253500,1.112,0.0
2024-05-20 00:00:00-04:00,18.790000915527344,18.790000915527344,18.600000381469727,18.649999618530273,179400,0.0,0.0
2024-05-21 00:00:00-04:00,18.600000381469727,18.600000381469727,18.34000015258789,18.389999389648438,212200,0.0,0.0
2024-05-22 00:00:00-04:00,18.329999923706055,18.3700008392334,18.18000030517578,18.329999923706055,292200,0.0,0.0
2024-05-23 00:00:00-04:00,18.329999923706055,18.34000015258789,18.209999084472656,18.260000228881836,407000,0.0,0.0
2024-05-24 00:00:00-04:00,18.270000457763672,18.31999969482422,18.200000762939453,18.309999465942383,166700,0.0,0.0
2024-05-28 00:00:00-04:00,17.899999618530273,18.270000457763672,17.899999618530273,18.149999618530273,519300,0.0,0.0
2024-05-29 00:00:00-04:00,17.719999313354492,17.739999771118164,17.43000030517578,17.479999542236328,561300,0.0,0.0
2024-05-30 00:00:00-04:00,17.469999313354492,17.520000457763672,17.3799991607666,17.399999618530273,474400,0.0,0.0
2024-05-31 00:00:00-04:00,17.790000915527344,18.020000457763672,17.600000381469727,17.969999313354492,381100,0.0,0.0
2024-06-03 00:00:00-04:00,18.049999237060547,18.15999984741211,17.969999313354492,18.149999618530273,354900,0.0,0.0
2024-06-04 00:00:00-04:00,18.329999923706055,18.520000457763672,18.309999465942383,18.489999771118164,543200,0.0,0.0
2024-06-05 00:00:00-04:00,18.65999984741211,18.739999771118164,18.579999923706055,18.65999984741211,502200,0.0,0.0
2024-06-06 00:00:00-04:00,18.610000610351562,18.850000381469727,18.610000610351562,18.719999313354492,415000,0.0,0.0
2024-06-07 00:00:00-04:00,18.549999237060547,18.670000076293945,18.489999771118164,18.56999969482422,393500,0.0,0.0
2024-06-10 00:00:00-04:00,18.43000030517578,18.520000457763672,18.229999542236328,18.3799991607666,266500,0.0,0.0
2024-06-11 00:00:00-04:00,17.860000610351562,17.90999984741211,17.770000457763672,17.850000381469727,353800,0.0,0.0
2024-06-12 00:00:00-04:00,18.030000686645508,18.290000915527344,17.969999313354492,18.139999389648438,555300,0.0,0.0
2024-06-13 00:00:00-04:00,17.700000762939453,17.75,17.489999771118164,17.600000381469727,425700,0.0,0.0
2024-06-14 00:00:00-04:00,16.989999771118164,17.34000015258789,16.700000762939453,17.25,739600,0.0,0.0
2024-06-17 00:00:00-04:00,17.200000762939453,17.299999237060547,17.049999237060547,17.25,423500,0.0,0.0
2024-06-18 00:00:00-04:00,17.079999923706055,17.299999237060547,16.6200008392334,16.84000015258789,2880200,0.0,0.0
2024-06-20 00:00:00-04:00,17.1200008392334,17.360000610351562,17.1200008392334,17.239999771118164,465700,0.0,0.0
2024-06-21 00:00:00-04:00,17.75,17.75,17.299999237060547,17.600000381469727,747600,0.0,0.0
2024-06-24 00:00:00-04:00,17.670000076293945,18.010000228881836,17.670000076293945,17.809999465942383,450800,0.0,0.0
2024-06-25 00:00:00-04:00,18.09000015258789,18.110000610351562,17.93000030517578,18.059999465942383,503900,0.0,0.0
2024-06-26 00:00:00-04:00,18.079999923706055,18.239999771118164,18.049999237060547,18.149999618530273,409600,0.0,0.0
2024-06-27 00:00:00-04:00,18.3700008392334,18.5,18.260000228881836,18.309999465942383,384700,0.0,0.0
2024-06-28 00:00:00-04:00,18.950000762939453,18.950000762939453,18.549999237060547,18.700000762939453,718400,0.0,0.0
2024-07-01 00:00:00-04:00,18.729999542236328,19.020000457763672,18.670000076293945,18.770000457763672,546900,0.0,0.0
2024-07-02 00:00:00-04:00,18.540000915527344,18.690000534057617,18.350000381469727,18.40999984741211,239900,0.0,0.0
2024-07-03 00:00:00-04:00,18.510000228881836,18.579999923706055,18.329999923706055,18.3799991607666,173000,0.0,0.0
2024-07-05 00:00:00-04:00,18.34000015258789,18.450000762939453,18.25,18.440000534057617,345400,0.0,0.0
2024-07-08 00:00:00-04:00,18.75,18.760000228881836,18.540000915527344,18.690000534057617,467100,0.0,0.0
2024-07-09 00:00:00-04:00,18.709999084472656,19.049999237060547,18.709999084472656,18.969999313354492,358000,0.0,0.0
2024-07-10 00:00:00-04:00,19.309999465942383,19.360000610351562,19.229999542236328,19.34000015258789,291700,0.0,0.0
2024-07-11 00:00:00-04:00,19.520000457763672,19.600000381469727,19.3799991607666,19.579999923706055,307700,0.0,0.0
2024-07-12 00:00:00-04:00,19.829999923706055,19.899999618530273,19.700000762939453,19.729999542236328,305900,0.0,0.0
2024-07-15 00:00:00-04:00,19.579999923706055,19.579999923706055,19.360000610351562,19.3799991607666,204900,0.0,0.0
2024-07-16 00:00:00-04:00,19.110000610351562,19.360000610351562,19.09000015258789,19.34000015258789,274700,0.0,0.0
2024-07-17 00:00:00-04:00,19.8799991607666,20.309999465942383,19.81999969482422,20.299999237060547,729500,0.0,0.0
2024-07-18 00:00:00-04:00,20.110000610351562,20.329999923706055,19.790000915527344,19.809999465942383,684300,0.0,0.0
2024-07-19 00:00:00-04:00,19.530000686645508,19.959999084472656,19.399999618530273,19.799999237060547,2059200,0.0,0.0
2024-07-22 00:00:00-04:00,19.299999237060547,19.520000457763672,19.15999984741211,19.399999618530273,720700,0.0,0.0
2024-07-23 00:00:00-04:00,19.56999969482422,19.56999969482422,19.31999969482422,19.399999618530273,183300,0.0,0.0
2024-07-24 00:00:00-04:00,19.0,19.149999618530273,18.90999984741211,18.979999542236328,459500,0.0,0.0
2024-07-25 00:00:00-04:00,19.06999969482422,19.290000915527344,19.040000915527344,19.100000381469727,308900,0.0,0.0
2024-07-26 00:00:00-04:00,19.079999923706055,19.219999313354492,19.040000915527344,19.18000030517578,201400,0.0,0.0
2024-07-29 00:00:00-04:00,19.0,19.0,18.6200008392334,18.90999984741211,326400,0.0,0.0
2024-07-30 00:00:00-04:00,17.850000381469727,17.850000381469727,17.6299991607666,17.709999084472656,546500,0.0,0.0
2024-07-31 00:00:00-04:00,17.809999465942383,17.90999984741211,17.700000762939453,17.84000015258789,555000,0.0,0.0
2024-08-01 00:00:00-04:00,17.920000076293945,17.920000076293945,17.559999465942383,17.59000015258789,836200,0.0,0.0
2024-08-02 00:00:00-04:00,17.530000686645508,17.709999084472656,17.479999542236328,17.549999237060547,359200,0.0,0.0
2024-08-05 00:00:00-04:00,17.030000686645508,17.200000762939453,16.8799991607666,17.030000686645508,675200,0.0,0.0
2024-08-06 00:00:00-04:00,17.059999465942383,17.440000534057617,17.010000228881836,17.3799991607666,608700,0.0,0.0
2024-08-07 00:00:00-04:00,17.549999237060547,17.549999237060547,17.329999923706055,17.360000610351562,859600,0.0,0.0
2024-08-08 00:00:00-04:00,17.81999969482422,17.829999923706055,17.68000030517578,17.81999969482422,497900,0.0,0.0
2024-08-09 00:00:00-04:00,17.8700008392334,17.8799991607666,17.729999542236328,17.850000381469727,354600,0.0,0.0
2024-08-12 00:00:00-04:00,17.940000534057617,18.190000534057617,17.860000610351562,18.06999969482422,323500,0.0,0.0
2024-08-13 00:00:00-04:00,18.15999984741211,18.229999542236328,18.110000610351562,18.200000762939453,198800,0.0,0.0
2024-08-14 00:00:00-04:00,18.329999923706055,18.360000610351562,18.1299991607666,18.280000686645508,293800,0.0,0.0
2024-08-15 00:00:00-04:00,18.420000076293945,18.420000076293945,18.290000915527344,18.399999618530273,355900,0.0,0.0
2024-08-16 00:00:00-04:00,18.770000457763672,18.889999389648438,18.729999542236328,18.8799991607666,787800,0.0,0.0
2024-08-19 00:00:00-04:00,18.829999923706055,19.399999618530273,18.829999923706055,19.190000534057617,1050100,0.0,0.0
2024-08-20 00:00:00-04:00,19.170000076293945,19.299999237060547,19.1299991607666,19.219999313354492,480500,0.0,0.0
2024-08-21 00:00:00-04:00,19.34000015258789,19.34000015258789,19.0,19.030000686645508,1289500,0.0,0.0
2024-08-22 00:00:00-04:00,18.790000915527344,18.889999389648438,18.729999542236328,18.780000686645508,434600,0.0,0.0
2024-08-23 00:00:00-04:00,18.989999771118164,19.229999542236328,18.959999084472656,19.18000030517578,375600,0.0,0.0
2024-08-26 00:00:00-04:00,19.239999771118164,19.43000030517578,19.239999771118164,19.360000610351562,237300,0.0,0.0
2024-08-27 00:00:00-04:00,19.34000015258789,19.34000015258789,19.170000076293945,19.280000686645508,292200,0.0,0.0
2024-08-28 00:00:00-04:00,19.31999969482422,19.420000076293945,19.31999969482422,19.350000381469727,346700,0.0,0.0
2024-08-29 00:00:00-04:00,19.579999923706055,19.639999389648438,19.450000762939453,19.459999084472656,291200,0.0,0.0
2024-08-30 00:00:00-04:00,19.639999389648438,19.700000762939453,19.43000030517578,19.600000381469727,751600,0.0,0.0
2024-09-03 00:00:00-04:00,19.6200008392334,19.81999969482422,19.6200008392334,19.649999618530273,337500,0.0,0.0
2024-09-04 00:00:00-04:00,19.709999084472656,19.93000030517578,19.709999084472656,19.81999969482422,285500,0.0,0.0
2024-09-05 00:00:00-04:00,19.709999084472656,19.719999313354492,19.520000457763672,19.530000686645508,323700,0.0,0.0
2024-09-06 00:00:00-04:00,19.579999923706055,19.700000762939453,19.579999923706055,19.610000610351562,487800,0.0,0.0
2024-09-09 00:00:00-04:00,19.670000076293945,19.799999237060547,19.610000610351562,19.760000228881836,690400,0.0,0.0
2024-09-10 00:00:00-04:00,19.81999969482422,19.81999969482422,19.540000915527344,19.559999465942383,553500,0.0,0.0
2024-09-11 00:00:00-04:00,19.56999969482422,20.079999923706055,19.56999969482422,20.06999969482422,1762700,0.0,0.0
2024-09-12 00:00:00-04:00,19.920000076293945,20.200000762939453,19.8799991607666,20.100000381469727,404700,0.0,0.0
2024-09-13 00:00:00-04:00,20.229999542236328,20.420000076293945,20.229999542236328,20.389999389648438,676900,0.0,0.0
2024-09-16 00:00:00-04:00,20.479999542236328,20.510000228881836,20.3799991607666,20.440000534057617,233500,0.0,0.0
2024-09-17 00:00:00-04:00,20.440000534057617,20.440000534057617,20.100000381469727,20.18000030517578,282000,0.0,0.0
2024-09-18 00:00:00-04:00,20.299999237060547,20.600000381469727,20.270000457763672,20.5,289700,0.0,0.0
2024-09-19 00:00:00-04:00,20.690000534057617,20.770000457763672,20.549999237060547,20.6200008392334,302000,0.0,0.0
2024-09-20 00:00:00-04:00,20.56999969482422,20.709999084472656,20.56999969482422,20.579999923706055,514400,0.0,0.0
2024-09-23 00:00:00-04:00,20.709999084472656,20.969999313354492,20.649999618530273,20.8700008392334,226100,0.0,0.0
2024-09-24 00:00:00-04:00,20.899999618530273,20.899999618530273,20.719999313354492,20.790000915527344,317200,0.0,0.0
2024-09-25 00:00:00-04:00,20.920000076293945,21.0,20.549999237060547,20.600000381469727,331700,0.0,0.0
2024-09-26 00:00:00-04:00,20.690000534057617,20.889999389648438,20.6200008392334,20.65999984741211,318400,0.0,0.0
2024-09-27 00:00:00-04:00,20.5,20.5,20.18000030517578,20.229999542236328,308400,0.0,0.0
2024-09-30 00:00:00-04:00,19.799999237060547,19.950000762939453,19.75,19.780000686645508,278100,0.0,0.0
2024-10-01 00:00:00-04:00,19.799999237060547,19.829999923706055,19.690000534057617,19.81999969482422,375400,0.0,0.0
2024-10-02 00:00:00-04:00,19.299999237060547,19.360000610351562,19.100000381469727,19.149999618530273,479300,0.0,0.0
2024-10-03 00:00:00-04:00,18.799999237060547,18.850000381469727,18.739999771118164,18.790000915527344,290700,0.0,0.0
2024-10-04 00:00:00-04:00,18.59000015258789,18.719999313354492,18.40999984741211,18.690000534057617,279200,0.0,0.0
2024-10-07 00:00:00-04:00,18.6299991607666,18.719999313354492,18.520000457763672,18.530000686645508,253500,0.0,0.0
2024-10-08 00:00:00-04:00,19.0,19.06999969482422,18.889999389648438,18.899999618530273,460900,0.0,0.0
2024-10-09 00:00:00-04:00,19.030000686645508,19.06999969482422,18.739999771118164,18.799999237060547,406000,0.0,0.0
2024-10-10 00:00:00-04:00,18.8700008392334,18.8700008392334,18.6299991607666,18.709999084472656,219600,0.0,0.0
2024-10-11 00:00:00-04:00,18.739999771118164,18.8799991607666,18.739999771118164,18.84000015258789,144700,0.0,0.0
2024-10-14 00:00:00-04:00,18.760000228881836,18.760000228881836,18.549999237060547,18.559999465942383,191200,0.0,0.0
2024-10-15 00:00:00-04:00,18.690000534057617,18.829999923706055,18.530000686645508,18.579999923706055,407100,0.0,0.0
2024-10-16 00:00:00-04:00,19.100000381469727,19.229999542236328,19.049999237060547,19.170000076293945,262300,0.0,0.0
2024-10-17 00:00:00-04:00,19.40999984741211,19.459999084472656,19.290000915527344,19.389999389648438,339900,0.0,0.0
2024-10-18 00:00:00-04:00,19.8799991607666,19.979999542236328,19.670000076293945,19.719999313354492,414400,0.0,0.0
2024-10-21 00:00:00-04:00,19.860000610351562,20.010000228881836,19.739999771118164,19.739999771118164,649000,0.0,0.0
2024-10-22 00:00:00-04:00,19.18000030517578,19.299999237060547,18.90999984741211,19.040000915527344,401400,0.0,0.0
2024-10-23 00:00:00-04:00,18.709999084472656,18.850000381469727,18.610000610351562,18.690000534057617,216900,0.0,0.0
2024-10-24 00:00:00-04:00,18.700000762939453,18.709999084472656,18.510000228881836,18.559999465942383,273600,0.0,0.0
2024-10-25 00:00:00-04:00,18.510000228881836,18.639999389648438,18.450000762939453,18.479999542236328,227100,0.0,0.0
2024-10-28 00:00:00-04:00,18.389999389648438,18.5,18.350000381469727,18.43000030517578,221200,0.0,0.0
2024-10-29 00:00:00-04:00,18.350000381469727,18.350000381469727,18.139999389648438,18.239999771118164,233900,0.0,0.0
2024-10-30 00:00:00-04:00,18.389999389648438,18.59000015258789,18.15999984741211,18.170000076293945,296900,0.0,0.0
2024-10-31 00:00:00-04:00,18.0,18.030000686645508,17.489999771118164,17.59000015258789,431100,0.0,0.0
2024-11-01 00:00:00-04:00,17.65999984741211,17.65999984741211,17.489999771118164,17.489999771118164,221700,0.0,0.0
2024-11-04 00:00:00-05:00,17.59000015258789,17.790000915527344,17.59000015258789,17.700000762939453,322300,0.0,0.0
2024-11-05 00:00:00-05:00,17.610000610351562,17.610000610351562,17.420000076293945,17.520000457763672,303600,0.0,0.0
2024-11-06 00:00:00-05:00,17.3799991607666,17.489999771118164,17.059999465942383,17.149999618530273,241600,0.0,0.0
2024-11-07 00:00:00-05:00,17.329999923706055,17.700000762939453,17.329999923706055,17.389999389648438,405100,0.0,0.0
2024-11-08 00:00:00-05:00,17.389999389648438,17.600000381469727,17.200000762939453,17.299999237060547,388100,0.0,0.0
2024-11-11 00:00:00-05:00,17.079999923706055,17.149999618530273,16.860000610351562,16.860000610351562,360400,0.0,0.0
2024-11-12 00:00:00-05:00,16.5,16.510000228881836,16.0,16.260000228881836,585400,0.0,0.0
2024-11-13 00:00:00-05:00,16.350000381469727,16.350000381469727,16.18000030517578,16.190000534057617,256300,0.0,0.0
2024-11-14 00:00:00-05:00,16.0,16.049999237060547,15.8100004196167,15.8100004196167,479100,0.0,0.0
2024-11-15 00:00:00-05:00,15.960000038146973,15.960000038146973,15.789999961853027,15.829999923706055,370700,0.0,0.0
2024-11-18 00:00:00-05:00,16.200000762939453,16.3700008392334,16.100000381469727,16.31999969482422,594700,0.0,0.0
2024-11-19 00:00:00-05:00,17.389999389648438,17.440000534057617,16.850000381469727,17.040000915527344,1019800,0.0,0.0
2024-11-20 00:00:00-05:00,16.65999984741211,16.780000686645508,16.43000030517578,16.530000686645508,667600,0.0,0.0
2024-11-21 00:00:00-05:00,17.0,17.1299991607666,16.84000015258789,16.950000762939453,709900,0.0,0.0
2024-11-22 00:00:00-05:00,17.049999237060547,17.1200008392334,16.93000030517578,17.079999923706055,839800,0.0,0.0
2024-11-25 00:00:00-05:00,17.18000030517578,17.239999771118164,17.079999923706055,17.170000076293945,637300,0.0,0.0
2024-11-26 00:00:00-05:00,16.989999771118164,17.059999465942383,16.739999771118164,16.84000015258789,662800,0.0,0.0
2024-11-27 00:00:00-05:00,16.719999313354492,16.959999084472656,16.719999313354492,16.809999465942383,389900,0.0,0.0
2024-11-29 00:00:00-05:00,16.729999542236328,17.1299991607666,16.815000534057617,17.079999923706055,310348,0.0,0.0
