Date,Open,High,Low,Close,Volume,Dividends,Stock Splits
2022-01-03 00:00:00-05:00,55.337034528730804,55.5198860168457,54.470888171974785,55.5198860168457,700,0.0,0.0
2022-01-04 00:00:00-05:00,56.29941832538632,56.40528106689453,56.29941832538632,56.40528106689453,600,0.0,0.0
2022-01-05 00:00:00-05:00,54.85584605763213,56.40528370033632,54.85584605763213,56.289798736572266,1700,0.0,0.0
2022-01-06 00:00:00-05:00,57.05008279358143,58.70538330078125,57.02121246838178,58.70538330078125,800,0.0,0.0
2022-01-07 00:00:00-05:00,57.74299115851521,58.705374344490465,55.92408752441406,55.92408752441406,1100,0.0,0.0
2022-01-10 00:00:00-05:00,55.52951431274414,55.52951431274414,55.52951431274414,55.52951431274414,400,0.0,0.0
2022-01-11 00:00:00-05:00,56.68437254520727,56.68437254520727,52.93107655721539,55.346656799316406,1300,0.0,0.0
2022-01-12 00:00:00-05:00,55.33703559649748,55.98183059692383,54.85584398261489,55.98183059692383,800,0.0,0.0
2022-01-13 00:00:00-05:00,54.51901626586914,54.51901626586914,54.51901626586914,54.51901626586914,200,0.0,0.0
2022-01-14 00:00:00-05:00,53.89345982489946,56.80947977992679,53.89345982489946,56.30904006958008,1100,0.0,0.0
2022-01-18 00:00:00-05:00,56.63625182917173,56.63625182917173,53.229417972322686,54.326534271240234,1100,0.0,0.0
2022-01-19 00:00:00-05:00,55.81822572435651,55.81822572435651,52.93107611792428,53.89345932006836,8500,0.0,0.0
2022-01-20 00:00:00-05:00,53.88384091739135,54.8558464050293,52.44988822937012,54.8558464050293,7700,0.0,0.0
2022-01-21 00:00:00-05:00,53.89346163763163,57.309921417919924,53.89346163763163,55.827850341796875,1800,0.0,0.0
2022-01-24 00:00:00-05:00,53.98969299975379,54.03781509399414,53.90307836980166,54.03781509399414,1100,0.0,0.0
2022-01-25 00:00:00-05:00,54.03781509399414,54.03781509399414,54.03781509399414,54.03781509399414,0,0.0,0.0
2022-01-26 00:00:00-05:00,54.35540285384009,56.73249053955078,54.35540285384009,56.73249053955078,1300,0.0,0.0
2022-01-27 00:00:00-05:00,56.54001492456035,56.54001492456035,53.93195724487305,53.93195724487305,8300,0.0,0.0
2022-01-28 00:00:00-05:00,53.51813049533656,56.73249053955078,51.785841464529014,56.73249053955078,12900,0.0,0.0
2022-01-31 00:00:00-05:00,56.73249053955078,56.73249053955078,56.73249053955078,56.73249053955078,300,0.0,0.0
2022-02-01 00:00:00-05:00,54.87509288456482,55.606502532958984,54.87509288456482,55.606502532958984,4500,0.0,0.0
2022-02-02 00:00:00-05:00,56.73249053955078,56.73249053955078,56.73249053955078,56.73249053955078,700,0.0,0.0
2022-02-03 00:00:00-05:00,56.73249053955078,56.73249053955078,56.73249053955078,56.73249053955078,200,0.0,0.0
2022-02-04 00:00:00-05:00,56.73249053955078,56.73249053955078,56.73249053955078,56.73249053955078,0,0.0,0.0
2022-02-07 00:00:00-05:00,57.608261193685095,57.608261193685095,56.29941940307617,56.29941940307617,800,0.0,0.0
2022-02-08 00:00:00-05:00,56.29941940307617,56.29941940307617,56.29941940307617,56.29941940307617,300,0.0,0.0
2022-02-09 00:00:00-05:00,55.24079847791734,55.24079847791734,55.048321099045026,55.14455795288086,500,0.0,0.0
2022-02-10 00:00:00-05:00,55.69311488014162,57.011582510343416,53.41226771899632,53.89345932006836,2100,0.0,0.0
2022-02-11 00:00:00-05:00,53.518137487384564,57.64676284790039,53.518137487384564,57.64676284790039,800,0.0,0.0
2022-02-14 00:00:00-05:00,55.67387148985922,56.97309112548828,53.4122722417951,56.97309112548828,600,0.0,0.0
2022-02-15 00:00:00-05:00,56.97309112548828,56.97309112548828,56.97309112548828,56.97309112548828,0,0.0,0.0
2022-02-16 00:00:00-05:00,55.44289779663086,55.44289779663086,55.44289779663086,55.44289779663086,400,0.0,0.0
2022-02-17 00:00:00-05:00,53.508502625824086,53.508502625824086,53.41226577758789,53.41226577758789,1000,0.0,0.0
2022-02-18 00:00:00-05:00,54.490134553187225,54.490134553187225,53.421888637376796,53.55662536621094,600,0.0,0.0
2022-02-22 00:00:00-05:00,53.55662536621094,53.55662536621094,53.55662536621094,53.55662536621094,300,0.0,0.0
2022-02-23 00:00:00-05:00,50.958194732666016,50.958194732666016,50.958194732666016,50.958194732666016,100,0.0,0.0
2022-02-24 00:00:00-05:00,56.780609130859375,56.780609130859375,56.780609130859375,56.780609130859375,300,0.0,0.0
2022-02-25 00:00:00-05:00,56.780609130859375,56.780609130859375,56.5881317554977,56.780609130859375,600,0.0,0.0
2022-02-28 00:00:00-05:00,54.230292167518506,56.780609130859375,54.230292167518506,56.780609130859375,300,0.0,0.0
2022-03-01 00:00:00-05:00,52.94070053100586,52.94070053100586,52.94070053100586,52.94070053100586,100,0.0,0.0
2022-03-02 00:00:00-05:00,51.32390213012695,51.32390213012695,51.32390213012695,51.32390213012695,200,0.0,0.0
2022-03-03 00:00:00-05:00,52.72301980177782,56.5054931640625,52.15371910493637,56.5054931640625,2700,0.14,0.0
2022-03-04 00:00:00-05:00,54.95198059082031,55.00022566663593,54.95198059082031,54.95198059082031,800,0.0,0.0
2022-03-07 00:00:00-05:00,53.080042899471756,53.080042899471756,51.1405627978502,52.52039337158203,4900,0.0,0.0
2022-03-08 00:00:00-05:00,52.587934494018555,55.357243041318725,52.05723130410479,55.00022506713867,4600,0.0,0.0
2022-03-09 00:00:00-05:00,54.37302676245653,55.4344367980957,54.363379219971605,55.4344367980957,400,0.0,0.0
2022-03-10 00:00:00-05:00,55.48268739894626,55.48268739894626,54.3247870996651,54.33443832397461,800,0.0,0.0
2022-03-11 00:00:00-05:00,54.33443832397461,54.33443832397461,54.33443832397461,54.33443832397461,0,0.0,0.0
2022-03-14 00:00:00-04:00,54.33443832397461,54.33443832397461,54.33443832397461,54.33443832397461,100,0.0,0.0
2022-03-15 00:00:00-04:00,54.80724335187639,55.453739166259766,52.9256558908499,55.453739166259766,500,0.0,0.0
2022-03-16 00:00:00-04:00,55.453739166259766,55.453739166259766,55.453739166259766,55.453739166259766,0,0.0,0.0
2022-03-17 00:00:00-04:00,54.69145965576172,54.69145965576172,54.69145965576172,54.69145965576172,200,0.0,0.0
2022-03-18 00:00:00-04:00,55.22216018865518,55.22216018865518,51.13091708005027,51.719512939453125,4400,0.0,0.0
2022-03-21 00:00:00-04:00,51.71951304131758,53.31162643432617,50.95723194948675,53.31162643432617,4200,0.0,0.0
2022-03-22 00:00:00-04:00,53.07038879394531,53.07038879394531,53.07038879394531,53.07038879394531,200,0.0,0.0
2022-03-23 00:00:00-04:00,51.140567779541016,51.140567779541016,51.140567779541016,51.140567779541016,200,0.0,0.0
2022-03-24 00:00:00-04:00,51.21775817871094,51.21775817871094,51.21775817871094,51.21775817871094,200,0.0,0.0
2022-03-25 00:00:00-04:00,52.105482154917496,52.105482154917496,51.623023986816406,51.623023986816406,1100,0.0,0.0
2022-03-28 00:00:00-04:00,51.623023986816406,51.623023986816406,51.623023986816406,51.623023986816406,0,0.0,0.0
2022-03-29 00:00:00-04:00,52.1054801940918,52.1054801940918,52.1054801940918,52.1054801940918,300,0.0,0.0
2022-03-30 00:00:00-04:00,52.58793071400035,53.07038879394531,52.58793071400035,53.07038879394531,1000,0.0,0.0
2022-03-31 00:00:00-04:00,53.07038879394531,53.07038879394531,53.07038879394531,53.07038879394531,0,0.0,0.0
2022-04-01 00:00:00-04:00,52.394950441107916,52.8388110225543,52.394950441107916,52.43354797363281,2700,0.0,0.0
2022-04-04 00:00:00-04:00,52.43354797363281,52.43354797363281,52.43354797363281,52.43354797363281,0,0.0,0.0
2022-04-05 00:00:00-04:00,52.58793071400035,53.07038879394531,52.58793071400035,53.07038879394531,2900,0.0,0.0
2022-04-06 00:00:00-04:00,53.07038879394531,53.07038879394531,53.07038879394531,53.07038879394531,0,0.0,0.0
2022-04-07 00:00:00-04:00,52.22127415962939,52.22127415962939,52.008995056152344,52.008995056152344,800,0.0,0.0
2022-04-08 00:00:00-04:00,52.008995056152344,52.008995056152344,52.008995056152344,52.008995056152344,0,0.0,0.0
2022-04-11 00:00:00-04:00,52.008995056152344,52.008995056152344,52.008995056152344,52.008995056152344,400,0.0,0.0
2022-04-12 00:00:00-04:00,52.008995056152344,52.008995056152344,52.008995056152344,52.008995056152344,0,0.0,0.0
2022-04-13 00:00:00-04:00,50.65810805873396,54.32478942966957,50.65810805873396,53.49496078491211,5000,0.0,0.0
2022-04-14 00:00:00-04:00,53.49496078491211,53.49496078491211,53.49496078491211,53.49496078491211,0,0.0,0.0
2022-04-18 00:00:00-04:00,53.69759453251965,58.66691135832127,53.69759453251965,54.90373992919922,5000,0.0,0.0
2022-04-19 00:00:00-04:00,54.0353116611027,56.833570344469486,54.0353116611027,54.75899887084961,3700,0.0,0.0
2022-04-20 00:00:00-04:00,54.4212858764689,54.51777604313774,53.601104736328125,53.601104736328125,1200,0.0,0.0
2022-04-21 00:00:00-04:00,53.5528596529937,55.00023423820975,53.07040145792169,53.601104736328125,1900,0.0,0.0
2022-04-22 00:00:00-04:00,53.00285191853308,55.772160630492124,52.530041318509085,54.08355712890625,3900,0.0,0.0
2022-04-25 00:00:00-04:00,53.72654093191249,53.98706877972442,53.72654093191249,53.93882369995117,1400,0.0,0.0
2022-04-26 00:00:00-04:00,53.93882369995117,53.93882369995117,53.93882369995117,53.93882369995117,0,0.0,0.0
2022-04-27 00:00:00-04:00,53.74582693122169,53.74582693122169,53.65898433591619,53.72652816772461,2000,0.0,0.0
2022-04-28 00:00:00-04:00,53.64934539794922,53.64934539794922,53.64934539794922,53.64934539794922,300,0.0,0.0
2022-04-29 00:00:00-04:00,52.42390360315641,52.5396925268743,52.42390360315641,52.49144744873047,800,0.0,0.0
2022-05-02 00:00:00-04:00,53.350223541259766,53.350223541259766,53.350223541259766,53.350223541259766,500,0.0,0.0
2022-05-03 00:00:00-04:00,50.908984278446766,51.623023986816406,50.908984278446766,51.623023986816406,700,0.0,0.0
2022-05-04 00:00:00-04:00,51.623023986816406,51.623023986816406,51.623023986816406,51.623023986816406,0,0.0,0.0
2022-05-05 00:00:00-04:00,51.623023986816406,51.623023986816406,51.623023986816406,51.623023986816406,100,0.0,0.0
2022-05-06 00:00:00-04:00,50.658103942871094,50.658103942871094,50.658103942871094,50.658103942871094,400,0.0,0.0
2022-05-09 00:00:00-04:00,50.696705074094446,51.23705586540648,48.76687240600586,48.76687240600586,3400,0.0,0.0
2022-05-10 00:00:00-04:00,49.74143932403573,52.587943419619094,47.76336145451642,52.008995056152344,5100,0.0,0.0
2022-05-11 00:00:00-04:00,49.21073104003195,51.14056362983713,49.21073104003195,50.85108947753906,1800,0.0,0.0
2022-05-12 00:00:00-04:00,50.39758404937882,51.420396777142514,50.17565371503524,50.31074142456055,1000,0.0,0.0
2022-05-13 00:00:00-04:00,48.72826803354981,50.65810043091812,48.72826803354981,49.01774215698242,700,0.0,0.0
2022-05-16 00:00:00-04:00,49.01774215698242,49.01774215698242,49.01774215698242,49.01774215698242,300,0.0,0.0
2022-05-17 00:00:00-04:00,49.01774215698242,49.01774215698242,49.01774215698242,49.01774215698242,100,0.0,0.0
2022-05-18 00:00:00-04:00,49.00809981600074,49.95371734936979,49.00809981600074,49.85722351074219,1200,0.0,0.0
2022-05-19 00:00:00-04:00,49.58705014194299,49.88617553256421,47.28090067743098,49.69319152832031,3000,0.0,0.0
2022-05-20 00:00:00-04:00,47.879150390625,47.879150390625,47.879150390625,47.879150390625,300,0.0,0.0
2022-05-23 00:00:00-04:00,49.50986055817878,50.05986259781314,47.763360593195394,47.95634460449219,3900,0.0,0.0
2022-05-24 00:00:00-04:00,48.39055633544922,48.39055633544922,48.39055633544922,48.39055633544922,400,0.0,0.0
2022-05-25 00:00:00-04:00,48.39055633544922,48.39055633544922,48.39055633544922,48.39055633544922,0,0.0,0.0
2022-05-26 00:00:00-04:00,47.46423132183522,50.64845804645944,47.2808985505257,49.876522064208984,1600,0.0,0.0
2022-05-27 00:00:00-04:00,48.92124983971875,51.52652419679026,48.873004768096926,50.17564010620117,4000,0.0,0.0
2022-05-31 00:00:00-04:00,50.17564753652266,50.17564753652266,49.5484504699707,49.5484504699707,500,0.0,0.0
2022-06-01 00:00:00-04:00,49.693190025791615,50.97653048647611,47.90809632245329,50.773895263671875,4100,0.0,0.0
2022-06-02 00:00:00-04:00,49.72900795419043,50.64812088012695,49.72900795419043,50.64812088012695,500,0.14,0.0
2022-06-03 00:00:00-04:00,50.64812088012695,50.64812088012695,50.64812088012695,50.64812088012695,0,0.0,0.0
2022-06-06 00:00:00-04:00,50.048276307128845,50.048276307128845,50.01925277709961,50.01925277709961,700,0.0,0.0
2022-06-07 00:00:00-04:00,49.0033954959124,49.0033954959124,48.85827044406262,48.877620697021484,900,0.0,0.0
2022-06-08 00:00:00-04:00,49.77737764956425,50.92868980050253,48.85826110839844,48.85826110839844,4300,0.0,0.0
2022-06-09 00:00:00-04:00,48.96468653238703,48.96468653238703,47.91012191772461,47.91012191772461,1200,0.0,0.0
2022-06-10 00:00:00-04:00,48.47126388549805,48.47126388549805,48.47126388549805,48.47126388549805,500,0.0,0.0
2022-06-13 00:00:00-04:00,48.47126388549805,48.47126388549805,48.47126388549805,48.47126388549805,0,0.0,0.0
2022-06-14 00:00:00-04:00,48.47126388549805,48.47126388549805,48.47126388549805,48.47126388549805,0,0.0,0.0
2022-06-15 00:00:00-04:00,48.47126388549805,48.47126388549805,48.47126388549805,48.47126388549805,0,0.0,0.0
2022-06-16 00:00:00-04:00,48.47126388549805,48.47126388549805,48.47126388549805,48.47126388549805,0,0.0,0.0
2022-06-17 00:00:00-04:00,47.74564743041992,47.74564743041992,47.74564743041992,47.74564743041992,700,0.0,0.0
2022-06-21 00:00:00-04:00,47.74564743041992,47.74564743041992,47.74564743041992,47.74564743041992,0,0.0,0.0
2022-06-22 00:00:00-04:00,46.3524642666443,46.3524642666443,44.320735931396484,44.320735931396484,300,0.0,0.0
2022-06-23 00:00:00-04:00,45.02700330262353,46.09124124746221,42.54055331400774,45.88806915283203,1100,0.0,0.0
2022-06-24 00:00:00-04:00,43.63381576538086,43.63381576538086,43.63381576538086,43.63381576538086,500,0.0,0.0
2022-06-27 00:00:00-04:00,43.63381576538086,43.63381576538086,43.63381576538086,43.63381576538086,0,0.0,0.0
2022-06-28 00:00:00-04:00,43.63381576538086,43.63381576538086,43.63381576538086,43.63381576538086,0,0.0,0.0
2022-06-29 00:00:00-04:00,45.443023681640625,45.443023681640625,45.443023681640625,45.443023681640625,300,0.0,0.0
2022-06-30 00:00:00-04:00,44.504554748535156,44.504554748535156,44.504554748535156,44.504554748535156,300,0.0,0.0
2022-07-01 00:00:00-04:00,44.504554748535156,44.504554748535156,44.504554748535156,44.504554748535156,0,0.0,0.0
2022-07-05 00:00:00-04:00,44.504554748535156,44.504554748535156,44.504554748535156,44.504554748535156,0,0.0,0.0
2022-07-06 00:00:00-04:00,44.504554748535156,44.504554748535156,44.504554748535156,44.504554748535156,0,0.0,0.0
2022-07-07 00:00:00-04:00,44.504554748535156,44.504554748535156,44.504554748535156,44.504554748535156,200,0.0,0.0
2022-07-08 00:00:00-04:00,44.504554748535156,44.504554748535156,44.504554748535156,44.504554748535156,0,0.0,0.0
2022-07-11 00:00:00-04:00,44.504554748535156,44.504554748535156,44.504554748535156,44.504554748535156,0,0.0,0.0
2022-07-12 00:00:00-04:00,44.504554748535156,44.504554748535156,44.504554748535156,44.504554748535156,0,0.0,0.0
2022-07-13 00:00:00-04:00,44.504554748535156,44.504554748535156,44.504554748535156,44.504554748535156,0,0.0,0.0
2022-07-14 00:00:00-04:00,44.504554748535156,44.504554748535156,44.504554748535156,44.504554748535156,0,0.0,0.0
2022-07-15 00:00:00-04:00,45.83001709003815,46.32343923794674,45.83001709003815,45.917091369628906,2000,0.0,0.0
2022-07-18 00:00:00-04:00,45.917091369628906,45.917091369628906,45.917091369628906,45.917091369628906,0,0.0,0.0
2022-07-19 00:00:00-04:00,45.917091369628906,45.917091369628906,45.917091369628906,45.917091369628906,0,0.0,0.0
2022-07-20 00:00:00-04:00,45.917091369628906,45.917091369628906,45.917091369628906,45.917091369628906,0,0.0,0.0
2022-07-21 00:00:00-04:00,43.77893700806991,44.504554748535156,43.77893700806991,44.504554748535156,500,0.0,0.0
2022-07-22 00:00:00-04:00,43.77893829345703,43.77893829345703,43.77893829345703,43.77893829345703,400,0.0,0.0
2022-07-25 00:00:00-04:00,43.77893829345703,43.77893829345703,43.77893829345703,43.77893829345703,300,0.0,0.0
2022-07-26 00:00:00-04:00,43.77893829345703,43.77893829345703,43.77893829345703,43.77893829345703,0,0.0,0.0
2022-07-27 00:00:00-04:00,44.77545217193602,44.77545217193602,43.77893829345703,43.77893829345703,900,0.0,0.0
2022-07-28 00:00:00-04:00,46.39116287231445,46.39116287231445,46.39116287231445,46.39116287231445,200,0.0,0.0
2022-07-29 00:00:00-04:00,46.391165753018264,47.165157340468845,46.391165753018264,46.72978591918945,1600,0.0,0.0
2022-08-01 00:00:00-04:00,46.72978591918945,46.72978591918945,46.72978591918945,46.72978591918945,0,0.0,0.0
2022-08-02 00:00:00-04:00,46.72978591918945,46.72978591918945,46.72978591918945,46.72978591918945,0,0.0,0.0
2022-08-03 00:00:00-04:00,46.88458222651853,55.43719720519365,46.88458222651853,52.19610595703125,5200,0.0,0.0
2022-08-04 00:00:00-04:00,52.67985502597044,54.83735825731931,50.60942608156763,51.760738372802734,2100,0.0,0.0
2022-08-05 00:00:00-04:00,50.18372344970703,50.18372344970703,50.18372344970703,50.18372344970703,300,0.0,0.0
2022-08-08 00:00:00-04:00,50.18372344970703,50.18372344970703,50.18372344970703,50.18372344970703,0,0.0,0.0
2022-08-09 00:00:00-04:00,50.261127495267644,54.51808308126932,49.47745893518237,49.82575607299805,4600,0.0,0.0
2022-08-10 00:00:00-04:00,50.30949401855469,50.30949401855469,49.14850495691308,50.30949401855469,700,0.0,0.0
2022-08-11 00:00:00-04:00,50.30949401855469,50.30949401855469,50.30949401855469,50.30949401855469,200,0.0,0.0
2022-08-12 00:00:00-04:00,48.08427441846556,50.48365020751953,48.055247196318,50.48365020751953,3000,0.0,0.0
2022-08-15 00:00:00-04:00,50.21274819928313,50.78356762564986,48.99370835078618,50.764217376708984,1900,0.0,0.0
2022-08-16 00:00:00-04:00,50.40624453866256,50.40624453866256,47.46507675077135,48.47126388549805,800,0.0,0.0
2022-08-17 00:00:00-04:00,47.98752212524414,47.98752212524414,47.98752212524414,47.98752212524414,500,0.0,0.0
2022-08-18 00:00:00-04:00,46.55563347908617,48.38418960571289,46.55563347908617,48.38418960571289,700,0.0,0.0
2022-08-19 00:00:00-04:00,46.77816390991211,46.77816390991211,46.77816390991211,46.77816390991211,500,0.0,0.0
2022-08-22 00:00:00-04:00,47.63923354976978,47.63923354976978,46.77816390991211,46.77816390991211,400,0.0,0.0
2022-08-23 00:00:00-04:00,46.77816390991211,46.77816390991211,46.77816390991211,46.77816390991211,0,0.0,0.0
2022-08-24 00:00:00-04:00,47.948822021484375,47.948822021484375,47.948822021484375,47.948822021484375,200,0.0,0.0
2022-08-25 00:00:00-04:00,47.948822021484375,47.948822021484375,47.948822021484375,47.948822021484375,0,0.0,0.0
2022-08-26 00:00:00-04:00,47.948822021484375,47.948822021484375,47.948822021484375,47.948822021484375,0,0.0,0.0
2022-08-29 00:00:00-04:00,47.42637634277344,47.42637634277344,47.42637634277344,47.42637634277344,400,0.0,0.0
2022-08-30 00:00:00-04:00,47.42637634277344,47.42637634277344,47.42637634277344,47.42637634277344,0,0.0,0.0
2022-08-31 00:00:00-04:00,46.73945999145508,46.73945999145508,46.73945999145508,46.73945999145508,200,0.0,0.0
2022-09-01 00:00:00-04:00,46.87530517578125,46.87530517578125,46.87530517578125,46.87530517578125,0,0.14,0.0
2022-09-02 00:00:00-04:00,46.87530517578125,46.87530517578125,46.87530517578125,46.87530517578125,100,0.0,0.0
2022-09-06 00:00:00-04:00,46.87530517578125,46.87530517578125,46.87530517578125,46.87530517578125,0,0.0,0.0
2022-09-07 00:00:00-04:00,46.87530517578125,46.87530517578125,46.87530517578125,46.87530517578125,0,0.0,0.0
2022-09-08 00:00:00-04:00,46.623016357421875,46.623016357421875,46.623016357421875,46.623016357421875,200,0.0,0.0
2022-09-09 00:00:00-04:00,46.729759216308594,46.729759216308594,46.729759216308594,46.729759216308594,200,0.0,0.0
2022-09-12 00:00:00-04:00,50.65948486328125,50.65948486328125,50.65948486328125,50.65948486328125,600,0.0,0.0
2022-09-13 00:00:00-04:00,50.65948486328125,50.65948486328125,50.65948486328125,50.65948486328125,0,0.0,0.0
2022-09-14 00:00:00-04:00,46.729759216308594,46.729759216308594,46.729759216308594,46.729759216308594,200,0.0,0.0
2022-09-15 00:00:00-04:00,46.729759216308594,46.729759216308594,46.729759216308594,46.729759216308594,0,0.0,0.0
2022-09-16 00:00:00-04:00,47.64183807373047,47.64183807373047,47.64183807373047,47.64183807373047,200,0.0,0.0
2022-09-19 00:00:00-04:00,47.64183807373047,47.64183807373047,47.64183807373047,47.64183807373047,0,0.0,0.0
2022-09-20 00:00:00-04:00,46.729759216308594,46.729759216308594,46.729759216308594,46.729759216308594,300,0.0,0.0
2022-09-21 00:00:00-04:00,46.729759216308594,46.729759216308594,46.729759216308594,46.729759216308594,0,0.0,0.0
2022-09-22 00:00:00-04:00,49.67948096987378,49.67948096987378,47.54481506347656,47.54481506347656,3100,0.0,0.0
2022-09-23 00:00:00-04:00,46.720054626464844,46.720054626464844,46.720054626464844,46.720054626464844,300,0.0,0.0
2022-09-26 00:00:00-04:00,46.720054626464844,46.720054626464844,46.720054626464844,46.720054626464844,0,0.0,0.0
2022-09-27 00:00:00-04:00,46.720054626464844,46.720054626464844,46.720054626464844,46.720054626464844,0,0.0,0.0
2022-09-28 00:00:00-04:00,46.720054626464844,46.720054626464844,46.720054626464844,46.720054626464844,100,0.0,0.0
2022-09-29 00:00:00-04:00,46.720054626464844,46.720054626464844,46.720054626464844,46.720054626464844,0,0.0,0.0
2022-09-30 00:00:00-04:00,46.720054626464844,46.720054626464844,46.720054626464844,46.720054626464844,0,0.0,0.0
2022-10-03 00:00:00-04:00,46.720054626464844,46.720054626464844,46.720054626464844,46.720054626464844,0,0.0,0.0
2022-10-04 00:00:00-04:00,47.52540969848633,47.52540969848633,47.52540969848633,47.52540969848633,400,0.0,0.0
2022-10-05 00:00:00-04:00,47.52540969848633,47.52540969848633,47.52540969848633,47.52540969848633,0,0.0,0.0
2022-10-06 00:00:00-04:00,47.52540969848633,47.52540969848633,47.52540969848633,47.52540969848633,0,0.0,0.0
2022-10-07 00:00:00-04:00,47.52540969848633,47.52540969848633,47.52540969848633,47.52540969848633,0,0.0,0.0
2022-10-10 00:00:00-04:00,47.52540969848633,47.52540969848633,47.52540969848633,47.52540969848633,0,0.0,0.0
2022-10-11 00:00:00-04:00,47.52540969848633,47.52540969848633,47.52540969848633,47.52540969848633,300,0.0,0.0
2022-10-12 00:00:00-04:00,46.57451248168945,46.57451248168945,46.57451248168945,46.57451248168945,200,0.0,0.0
2022-10-13 00:00:00-04:00,46.57451248168945,46.57451248168945,46.57451248168945,46.57451248168945,100,0.0,0.0
2022-10-14 00:00:00-04:00,46.57451248168945,46.57451248168945,46.57451248168945,46.57451248168945,100,0.0,0.0
2022-10-17 00:00:00-04:00,46.57451248168945,46.57451248168945,46.57451248168945,46.57451248168945,0,0.0,0.0
2022-10-18 00:00:00-04:00,46.57450987473528,46.57450987473528,44.992916107177734,44.992916107177734,2100,0.0,0.0
2022-10-19 00:00:00-04:00,46.57450927734375,54.86089160794276,46.564807883197794,48.515113830566406,7000,0.0,0.0
2022-10-20 00:00:00-04:00,48.515113830566406,48.515113830566406,48.515113830566406,48.515113830566406,200,0.0,0.0
2022-10-21 00:00:00-04:00,46.57450620886027,48.505409240722656,46.57450620886027,48.505409240722656,1100,0.0,0.0
2022-10-24 00:00:00-04:00,48.49570846557617,48.49570846557617,48.49570846557617,48.49570846557617,300,0.0,0.0
2022-10-25 00:00:00-04:00,47.64183807373047,47.64183807373047,47.64183807373047,47.64183807373047,500,0.0,0.0
2022-10-26 00:00:00-04:00,46.67154312133789,46.67154312133789,46.67154312133789,46.67154312133789,200,0.0,0.0
2022-10-27 00:00:00-04:00,46.671540543177045,47.496299743652344,46.671540543177045,47.496299743652344,500,0.0,0.0
2022-10-28 00:00:00-04:00,47.49629879903012,47.49629879903012,47.447784423828125,47.447784423828125,300,0.0,0.0
2022-10-31 00:00:00-04:00,47.44778222822143,48.49570674944908,47.44778222822143,48.33075714111328,1000,0.0,0.0
2022-11-01 00:00:00-04:00,48.33075714111328,48.33075714111328,48.33075714111328,48.33075714111328,0,0.0,0.0
2022-11-02 00:00:00-04:00,48.33075714111328,48.33075714111328,48.33075714111328,48.33075714111328,0,0.0,0.0
2022-11-03 00:00:00-04:00,48.33075714111328,48.33075714111328,48.33075714111328,48.33075714111328,0,0.0,0.0
2022-11-04 00:00:00-04:00,48.33075714111328,48.33075714111328,48.33075714111328,48.33075714111328,0,0.0,0.0
2022-11-07 00:00:00-05:00,48.185208758545016,48.301643990148655,48.185208758545016,48.29194259643555,500,0.0,0.0
2022-11-08 00:00:00-05:00,49.922052871934724,52.00820054580341,48.515113830566406,48.515113830566406,2700,0.0,0.0
2022-11-09 00:00:00-05:00,50.416908264160156,50.416908264160156,50.416908264160156,50.416908264160156,200,0.0,0.0
2022-11-10 00:00:00-05:00,50.416908264160156,50.416908264160156,50.416908264160156,50.416908264160156,0,0.0,0.0
2022-11-11 00:00:00-05:00,49.00026321411133,49.00026321411133,49.00026321411133,49.00026321411133,500,0.0,0.0
2022-11-14 00:00:00-05:00,49.99967575073242,49.99967575073242,49.00026557785299,49.99967575073242,1000,0.0,0.0
2022-11-15 00:00:00-05:00,49.99967575073242,49.99967575073242,49.99967575073242,49.99967575073242,100,0.0,0.0
2022-11-16 00:00:00-05:00,50.69829177856445,51.69770189615983,49.660068683230996,50.69829177856445,3700,0.0,0.0
2022-11-17 00:00:00-05:00,51.42602067251227,56.238719077299685,51.42602067251227,52.2216682434082,5800,0.0,0.0
2022-11-18 00:00:00-05:00,52.3963256503144,55.30723263088743,52.3963256503144,55.03554916381836,3600,0.0,0.0
2022-11-21 00:00:00-05:00,55.03554843958231,55.30723190307617,54.822080746031645,55.30723190307617,1000,0.0,0.0
2022-11-22 00:00:00-05:00,55.01613826152467,55.01613826152467,53.93910217285156,53.93910217285156,700,0.0,0.0
2022-11-23 00:00:00-05:00,54.561885833740234,54.561885833740234,54.561885833740234,54.561885833740234,200,0.16,0.0
2022-11-25 00:00:00-05:00,54.561885833740234,54.561885833740234,54.561885833740234,54.561885833740234,0,0.0,0.0
2022-11-28 00:00:00-05:00,53.52067565917969,53.52067565917969,53.52067565917969,53.52067565917969,400,0.0,0.0
2022-11-29 00:00:00-05:00,53.52067565917969,53.52067565917969,53.52067565917969,53.52067565917969,800,0.0,0.0
2022-11-30 00:00:00-05:00,53.51094626056305,54.16292361860608,51.204689018541565,53.52067565917969,24600,0.0,0.0
2022-12-01 00:00:00-05:00,53.423366824637,53.52067565917969,53.423366824637,53.52067565917969,300,0.0,0.0
2022-12-02 00:00:00-05:00,53.52067565917969,53.52067565917969,53.52067565917969,53.52067565917969,1300,0.0,0.0
2022-12-05 00:00:00-05:00,53.472021241908344,53.52067565917969,53.472021241908344,53.52067565917969,400,0.0,0.0
2022-12-06 00:00:00-05:00,53.52067565917969,53.52067565917969,53.52067565917969,53.52067565917969,0,0.0,0.0
2022-12-07 00:00:00-05:00,53.52067565917969,53.52067565917969,53.52067565917969,53.52067565917969,0,0.0,0.0
2022-12-08 00:00:00-05:00,53.42335934572184,53.42335934572184,51.87612533569336,51.87612533569336,600,0.0,0.0
2022-12-09 00:00:00-05:00,51.87612533569336,51.87612533569336,51.87612533569336,51.87612533569336,0,0.0,0.0
2022-12-12 00:00:00-05:00,51.87612533569336,51.87612533569336,51.87612533569336,51.87612533569336,0,0.0,0.0
2022-12-13 00:00:00-05:00,51.95397186279297,51.95397186279297,51.95397186279297,51.95397186279297,200,0.0,0.0
2022-12-14 00:00:00-05:00,53.51093673706055,53.51093673706055,53.51093673706055,53.51093673706055,200,0.0,0.0
2022-12-15 00:00:00-05:00,53.03411865234375,53.03411865234375,53.03411865234375,53.03411865234375,5300,0.0,0.0
2022-12-16 00:00:00-05:00,52.547569274902344,52.547569274902344,52.547569274902344,52.547569274902344,400,0.0,0.0
2022-12-19 00:00:00-05:00,52.547569274902344,52.547569274902344,52.547569274902344,52.547569274902344,0,0.0,0.0
2022-12-20 00:00:00-05:00,52.06101608276367,52.06101608276367,52.06101608276367,52.06101608276367,100,0.0,0.0
2022-12-21 00:00:00-05:00,52.06101608276367,52.06101608276367,52.06101608276367,52.06101608276367,0,0.0,0.0
2022-12-22 00:00:00-05:00,52.06101608276367,52.06101608276367,52.06101608276367,52.06101608276367,0,0.0,0.0
2022-12-23 00:00:00-05:00,50.601356506347656,50.601356506347656,50.601356506347656,50.601356506347656,200,0.0,0.0
2022-12-27 00:00:00-05:00,50.601356506347656,50.601356506347656,50.601356506347656,50.601356506347656,300,0.0,0.0
2022-12-28 00:00:00-05:00,50.601356506347656,50.601356506347656,50.601356506347656,50.601356506347656,0,0.0,0.0
2022-12-29 00:00:00-05:00,50.601356506347656,50.601356506347656,50.601356506347656,50.601356506347656,0,0.0,0.0
2022-12-30 00:00:00-05:00,50.601356506347656,50.601356506347656,50.601356506347656,50.601356506347656,100,0.0,0.0
2023-01-03 00:00:00-05:00,50.601356506347656,50.601356506347656,50.601356506347656,50.601356506347656,600,0.0,0.0
2023-01-04 00:00:00-05:00,51.0976417478463,59.06735845022429,51.0976417478463,53.5693244934082,4200,0.0,0.0
2023-01-05 00:00:00-05:00,53.52067565917969,53.52067565917969,53.52067565917969,53.52067565917969,1300,0.0,0.0
2023-01-06 00:00:00-05:00,53.52067565917969,53.52067565917969,53.52067565917969,53.52067565917969,0,0.0,0.0
2023-01-09 00:00:00-05:00,53.52067565917969,53.52067565917969,53.52067565917969,53.52067565917969,0,0.0,0.0
2023-01-10 00:00:00-05:00,53.52067565917969,53.52067565917969,53.52067565917969,53.52067565917969,0,0.0,0.0
2023-01-11 00:00:00-05:00,53.52067565917969,53.52067565917969,53.52067565917969,53.52067565917969,0,0.0,0.0
2023-01-12 00:00:00-05:00,53.52067565917969,53.52067565917969,53.52067565917969,53.52067565917969,0,0.0,0.0
2023-01-13 00:00:00-05:00,53.52067565917969,53.52067565917969,53.52067565917969,53.52067565917969,0,0.0,0.0
2023-01-17 00:00:00-05:00,54.007225036621094,54.007225036621094,54.007225036621094,54.007225036621094,100,0.0,0.0
2023-01-18 00:00:00-05:00,54.201846409802485,54.980328190434086,54.007225036621094,54.007225036621094,5700,0.0,0.0
2023-01-19 00:00:00-05:00,54.007225036621094,54.007225036621094,54.007225036621094,54.007225036621094,0,0.0,0.0
2023-01-20 00:00:00-05:00,54.007225036621094,54.007225036621094,54.007225036621094,54.007225036621094,0,0.0,0.0
2023-01-23 00:00:00-05:00,56.85841145566255,60.653514831975414,56.118851059577,57.88016891479492,3100,0.0,0.0
2023-01-24 00:00:00-05:00,57.88016891479492,57.88016891479492,57.88016891479492,57.88016891479492,0,0.0,0.0
2023-01-25 00:00:00-05:00,55.75880096444588,55.95342230619043,55.46687080787573,55.89503479003906,1000,0.0,0.0
2023-01-26 00:00:00-05:00,55.89503479003906,55.89503479003906,55.89503479003906,55.89503479003906,600,0.0,0.0
2023-01-27 00:00:00-05:00,56.381587982177734,56.381587982177734,56.381587982177734,56.381587982177734,700,0.0,0.0
2023-01-30 00:00:00-05:00,56.15777587890625,56.15777587890625,56.15777587890625,56.15777587890625,200,0.0,0.0
2023-01-31 00:00:00-05:00,56.439976368138076,57.79258900095677,54.007218766063154,55.50579833984375,4300,0.0,0.0
2023-02-01 00:00:00-05:00,55.50579833984375,55.50579833984375,55.50579833984375,55.50579833984375,0,0.0,0.0
2023-02-02 00:00:00-05:00,55.50579833984375,55.50579833984375,55.50579833984375,55.50579833984375,0,0.0,0.0
2023-02-03 00:00:00-05:00,54.007225036621094,54.007225036621094,54.007225036621094,54.007225036621094,300,0.0,0.0
2023-02-06 00:00:00-05:00,54.007225036621094,54.007225036621094,54.007225036621094,54.007225036621094,0,0.0,0.0
2023-02-07 00:00:00-05:00,54.007225036621094,54.007225036621094,54.007225036621094,54.007225036621094,0,0.0,0.0
2023-02-08 00:00:00-05:00,54.007225036621094,54.007225036621094,54.007225036621094,54.007225036621094,0,0.0,0.0
2023-02-09 00:00:00-05:00,54.007225036621094,54.007225036621094,54.007225036621094,54.007225036621094,0,0.0,0.0
2023-02-10 00:00:00-05:00,54.007225036621094,54.007225036621094,54.007225036621094,54.007225036621094,0,0.0,0.0
2023-02-13 00:00:00-05:00,58.911659321001935,62.44402070678916,54.493770599365234,54.493770599365234,3500,0.0,0.0
2023-02-14 00:00:00-05:00,52.08048021568781,52.547569274902344,52.08048021568781,52.547569274902344,900,0.0,0.0
2023-02-15 00:00:00-05:00,52.547569274902344,52.547569274902344,52.547569274902344,52.547569274902344,0,0.0,0.0
2023-02-16 00:00:00-05:00,52.547569274902344,52.547569274902344,52.547569274902344,52.547569274902344,0,0.0,0.0
2023-02-17 00:00:00-05:00,52.547569274902344,52.547569274902344,52.547569274902344,52.547569274902344,0,0.0,0.0
2023-02-21 00:00:00-05:00,52.547569274902344,52.547569274902344,52.547569274902344,52.547569274902344,0,0.0,0.0
2023-02-22 00:00:00-05:00,52.547569274902344,52.547569274902344,52.547569274902344,52.547569274902344,0,0.0,0.0
2023-02-23 00:00:00-05:00,52.547569274902344,52.547569274902344,52.547569274902344,52.547569274902344,0,0.0,0.0
2023-02-24 00:00:00-05:00,52.547569274902344,52.547569274902344,52.547569274902344,52.547569274902344,0,0.0,0.0
2023-02-27 00:00:00-05:00,52.547569274902344,52.547569274902344,52.547569274902344,52.547569274902344,0,0.0,0.0
2023-02-28 00:00:00-05:00,52.547569274902344,52.547569274902344,52.547569274902344,52.547569274902344,0,0.0,0.0
2023-03-01 00:00:00-05:00,53.52066970251376,57.393619537353516,53.52066970251376,57.393619537353516,1500,0.0,0.0
2023-03-02 00:00:00-05:00,57.393619537353516,57.393619537353516,57.393619537353516,57.393619537353516,0,0.0,0.0
2023-03-03 00:00:00-05:00,55.11656070177154,55.11656070177154,54.503504690346155,54.76624298095703,900,0.0,0.0
2023-03-06 00:00:00-05:00,54.76624298095703,54.76624298095703,54.76624298095703,54.76624298095703,300,0.0,0.0
2023-03-07 00:00:00-05:00,54.493778852982956,54.5424332702543,53.52067565917969,53.52067565917969,500,0.0,0.0
2023-03-08 00:00:00-05:00,53.52067565917969,53.52067565917969,53.52067565917969,53.52067565917969,100,0.0,0.0
2023-03-09 00:00:00-05:00,53.52067184448242,53.52067184448242,53.52067184448242,53.52067184448242,100,0.16,0.0
2023-03-10 00:00:00-05:00,53.18885040283203,53.18885040283203,53.18885040283203,53.18885040283203,400,0.0,0.0
2023-03-13 00:00:00-04:00,53.18885040283203,53.18885040283203,53.18885040283203,53.18885040283203,0,0.0,0.0
2023-03-14 00:00:00-04:00,53.18885040283203,53.18885040283203,53.18885040283203,53.18885040283203,0,0.0,0.0
2023-03-15 00:00:00-04:00,53.18885040283203,53.18885040283203,53.18885040283203,53.18885040283203,100,0.0,0.0
2023-03-16 00:00:00-04:00,53.18885040283203,53.18885040283203,53.18885040283203,53.18885040283203,100,0.0,0.0
2023-03-17 00:00:00-04:00,53.18885040283203,53.18885040283203,53.18885040283203,53.18885040283203,0,0.0,0.0
2023-03-20 00:00:00-04:00,53.18885040283203,53.18885040283203,53.18885040283203,53.18885040283203,0,0.0,0.0
2023-03-21 00:00:00-04:00,53.18885040283203,53.18885040283203,53.18885040283203,53.18885040283203,100,0.0,0.0
2023-03-22 00:00:00-04:00,53.18885040283203,53.18885040283203,53.18885040283203,53.18885040283203,100,0.0,0.0
2023-03-23 00:00:00-04:00,53.18885040283203,53.18885040283203,53.18885040283203,53.18885040283203,0,0.0,0.0
2023-03-24 00:00:00-04:00,53.18885040283203,53.18885040283203,53.18885040283203,53.18885040283203,0,0.0,0.0
2023-03-27 00:00:00-04:00,53.18885040283203,53.18885040283203,53.18885040283203,53.18885040283203,0,0.0,0.0
2023-03-28 00:00:00-04:00,53.18885040283203,53.18885040283203,53.18885040283203,53.18885040283203,0,0.0,0.0
2023-03-29 00:00:00-04:00,53.18885040283203,53.18885040283203,53.18885040283203,53.18885040283203,0,0.0,0.0
2023-03-30 00:00:00-04:00,53.18885040283203,53.18885040283203,53.18885040283203,53.18885040283203,0,0.0,0.0
2023-03-31 00:00:00-04:00,53.676822662353516,53.676822662353516,53.676822662353516,53.676822662353516,200,0.0,0.0
2023-04-03 00:00:00-04:00,50.38789749145508,50.38789749145508,50.38789749145508,50.38789749145508,300,0.0,0.0
2023-04-04 00:00:00-04:00,50.38789749145508,50.38789749145508,50.38789749145508,50.38789749145508,0,0.0,0.0
2023-04-05 00:00:00-04:00,50.38789749145508,50.38789749145508,50.38789749145508,50.38789749145508,0,0.0,0.0
2023-04-06 00:00:00-04:00,50.38789749145508,50.38789749145508,50.38789749145508,50.38789749145508,0,0.0,0.0
2023-04-10 00:00:00-04:00,50.38789749145508,50.38789749145508,50.38789749145508,50.38789749145508,0,0.0,0.0
2023-04-11 00:00:00-04:00,50.38789749145508,50.38789749145508,50.38789749145508,50.38789749145508,0,0.0,0.0
2023-04-12 00:00:00-04:00,51.61757553726544,52.60327911376953,51.61757553726544,52.60327911376953,700,0.0,0.0
2023-04-13 00:00:00-04:00,52.60327911376953,52.60327911376953,52.60327911376953,52.60327911376953,0,0.0,0.0
2023-04-14 00:00:00-04:00,52.60327911376953,52.60327911376953,52.60327911376953,52.60327911376953,200,0.0,0.0
2023-04-17 00:00:00-04:00,52.60327911376953,52.60327911376953,52.60327911376953,52.60327911376953,0,0.0,0.0
2023-04-18 00:00:00-04:00,52.60327911376953,52.60327911376953,52.60327911376953,52.60327911376953,0,0.0,0.0
2023-04-19 00:00:00-04:00,52.60327911376953,52.60327911376953,52.60327911376953,52.60327911376953,0,0.0,0.0
2023-04-20 00:00:00-04:00,52.60327911376953,52.60327911376953,52.60327911376953,52.60327911376953,0,0.0,0.0
2023-04-21 00:00:00-04:00,52.60327911376953,52.60327911376953,52.60327911376953,52.60327911376953,0,0.0,0.0
2023-04-24 00:00:00-04:00,52.60327911376953,52.60327911376953,52.60327911376953,52.60327911376953,0,0.0,0.0
2023-04-25 00:00:00-04:00,52.60327911376953,52.60327911376953,52.60327911376953,52.60327911376953,0,0.0,0.0
2023-04-26 00:00:00-04:00,52.60327911376953,52.60327911376953,52.60327911376953,52.60327911376953,600,0.0,0.0
2023-04-27 00:00:00-04:00,52.60327911376953,52.60327911376953,52.60327911376953,52.60327911376953,700,0.0,0.0
2023-04-28 00:00:00-04:00,52.60327911376953,52.60327911376953,52.60327911376953,52.60327911376953,0,0.0,0.0
2023-05-01 00:00:00-04:00,52.60327911376953,52.60327911376953,52.60327911376953,52.60327911376953,0,0.0,0.0
2023-05-02 00:00:00-04:00,52.60327911376953,52.60327911376953,52.60327911376953,52.60327911376953,0,0.0,0.0
2023-05-03 00:00:00-04:00,52.60327911376953,52.60327911376953,52.60327911376953,52.60327911376953,100,0.0,0.0
2023-05-04 00:00:00-04:00,48.797110096022315,48.797110096022315,47.41127395629883,47.41127395629883,1400,0.0,0.0
2023-05-05 00:00:00-04:00,48.30913162231445,48.30913162231445,48.30913162231445,48.30913162231445,200,0.0,0.0
2023-05-08 00:00:00-04:00,48.30913162231445,48.30913162231445,48.30913162231445,48.30913162231445,0,0.0,0.0
2023-05-09 00:00:00-04:00,48.30913162231445,48.30913162231445,48.30913162231445,48.30913162231445,0,0.0,0.0
2023-05-10 00:00:00-04:00,48.30913162231445,48.30913162231445,48.30913162231445,48.30913162231445,0,0.0,0.0
2023-05-11 00:00:00-04:00,43.917396545410156,43.917396545410156,43.917396545410156,43.917396545410156,800,0.0,0.0
2023-05-12 00:00:00-04:00,43.917396545410156,43.917396545410156,43.917396545410156,43.917396545410156,500,0.0,0.0
2023-05-15 00:00:00-04:00,45.63505554199219,45.63505554199219,45.63505554199219,45.63505554199219,200,0.0,0.0
2023-05-16 00:00:00-04:00,45.37155242276739,46.39629094090395,43.04880905151367,43.04880905151367,3100,0.0,0.0
2023-05-17 00:00:00-04:00,42.94145202636719,42.94145202636719,42.94145202636719,42.94145202636719,200,0.0,0.0
2023-05-18 00:00:00-04:00,42.9414543999566,43.917396545410156,42.9414543999566,43.917396545410156,200,0.0,0.0
2023-05-19 00:00:00-04:00,43.917396545410156,43.917396545410156,43.917396545410156,43.917396545410156,200,0.0,0.0
2023-05-22 00:00:00-04:00,43.917396545410156,43.917396545410156,43.917396545410156,43.917396545410156,0,0.0,0.0
2023-05-23 00:00:00-04:00,43.917396545410156,43.917396545410156,43.917396545410156,43.917396545410156,0,0.0,0.0
2023-05-24 00:00:00-04:00,43.917396545410156,43.917396545410156,43.917396545410156,43.917396545410156,0,0.0,0.0
2023-05-25 00:00:00-04:00,43.42942547268338,43.917396545410156,43.42942547268338,43.917396545410156,400,0.0,0.0
2023-05-26 00:00:00-04:00,41.48729895742611,41.48729895742611,40.940773738745044,40.97005081176758,600,0.0,0.0
2023-05-30 00:00:00-04:00,42.277810010259756,42.277810010259756,41.428741455078125,41.428741455078125,300,0.0,0.0
2023-05-31 00:00:00-04:00,41.428741455078125,41.428741455078125,41.428741455078125,41.428741455078125,0,0.0,0.0
2023-06-01 00:00:00-04:00,37.26147289236763,40.50160064623229,37.26147289236763,39.26215362548828,1300,0.0,0.0
2023-06-02 00:00:00-04:00,39.487516361359305,39.879453510161696,37.723806667327885,39.193565368652344,4100,0.16,0.0
2023-06-05 00:00:00-04:00,39.2915448558891,39.340539799176725,36.881141662597656,36.881141662597656,2000,0.0,0.0
2023-06-06 00:00:00-04:00,39.418923402366005,39.673683641221096,38.80162377199015,38.811424255371094,2800,0.0,0.0
2023-06-07 00:00:00-04:00,38.8016242980957,38.8016242980957,38.8016242980957,38.8016242980957,500,0.0,0.0
2023-06-08 00:00:00-04:00,38.80162614790891,38.80162614790891,38.50767517089844,38.50767517089844,1000,0.0,0.0
2023-06-09 00:00:00-04:00,38.017757415771484,38.017757415771484,38.017757415771484,38.017757415771484,700,0.0,0.0
2023-06-12 00:00:00-04:00,40.163603715932176,42.76017491773183,40.153803232413665,41.42759323120117,3100,0.0,0.0
2023-06-13 00:00:00-04:00,41.54517809016785,44.09275817871094,40.84948950929489,44.09275817871094,3600,0.0,0.0
2023-06-14 00:00:00-04:00,43.81840368926199,45.856466977851966,43.81840368926199,44.82763671875,2300,0.0,0.0
2023-06-15 00:00:00-04:00,44.82763671875,44.82763671875,44.82763671875,44.82763671875,0,0.0,0.0
2023-06-16 00:00:00-04:00,41.858726501464844,41.858726501464844,41.858726501464844,41.858726501464844,1200,0.0,0.0
2023-06-20 00:00:00-04:00,42.57400983147112,42.6230010391306,42.427032470703125,42.427032470703125,900,0.0,0.0
2023-06-21 00:00:00-04:00,42.427032470703125,42.427032470703125,42.427032470703125,42.427032470703125,100,0.0,0.0
2023-06-22 00:00:00-04:00,43.250099182128906,43.250099182128906,43.250099182128906,43.250099182128906,500,0.0,0.0
2023-06-23 00:00:00-04:00,42.62299728393555,42.62299728393555,42.62299728393555,42.62299728393555,200,0.0,0.0
2023-06-26 00:00:00-04:00,42.62299728393555,42.62299728393555,42.62299728393555,42.62299728393555,0,0.0,0.0
2023-06-27 00:00:00-04:00,41.56477038169823,43.0247321994042,41.56477038169823,42.407432556152344,1500,0.0,0.0
2023-06-28 00:00:00-04:00,41.603965607416654,43.681227106668125,41.603965607416654,42.32904815673828,3900,0.0,0.0
2023-06-29 00:00:00-04:00,42.32904815673828,42.32904815673828,42.32904815673828,42.32904815673828,0,0.0,0.0
2023-06-30 00:00:00-04:00,42.32904815673828,42.32904815673828,42.32904815673828,42.32904815673828,0,0.0,0.0
2023-07-03 00:00:00-04:00,42.32904815673828,42.32904815673828,42.32904815673828,42.32904815673828,0,0.0,0.0
2023-07-05 00:00:00-04:00,42.32904815673828,42.32904815673828,42.32904815673828,42.32904815673828,0,0.0,0.0
2023-07-06 00:00:00-04:00,43.01493657567203,43.50485610961914,42.8189680145353,43.50485610961914,1400,0.0,0.0
2023-07-07 00:00:00-04:00,43.50485610961914,43.50485610961914,43.50485610961914,43.50485610961914,0,0.0,0.0
2023-07-10 00:00:00-04:00,43.50485610961914,43.50485610961914,43.50485610961914,43.50485610961914,200,0.0,0.0
2023-07-11 00:00:00-04:00,43.50485610961914,43.50485610961914,43.50485610961914,43.50485610961914,100,0.0,0.0
2023-07-12 00:00:00-04:00,43.50485610961914,43.50485610961914,43.50485610961914,43.50485610961914,0,0.0,0.0
2023-07-13 00:00:00-04:00,43.50485610961914,43.50485610961914,43.50485610961914,43.50485610961914,0,0.0,0.0
2023-07-14 00:00:00-04:00,43.50485610961914,43.50485610961914,43.50485610961914,43.50485610961914,100,0.0,0.0
2023-07-17 00:00:00-04:00,43.50485610961914,43.50485610961914,43.50485610961914,43.50485610961914,0,0.0,0.0
2023-07-18 00:00:00-04:00,43.50485610961914,43.50485610961914,43.50485610961914,43.50485610961914,600,0.0,0.0
2023-07-19 00:00:00-04:00,42.720985782965,42.720985782965,42.58380889892578,42.58380889892578,1000,0.0,0.0
2023-07-20 00:00:00-04:00,43.50485677221192,46.855904641308754,42.740579745917444,46.24840545654297,1300,0.0,0.0
2023-07-21 00:00:00-04:00,44.39651107788086,44.39651107788086,44.39651107788086,44.39651107788086,300,0.0,0.0
2023-07-24 00:00:00-04:00,44.39651107788086,44.39651107788086,44.39651107788086,44.39651107788086,0,0.0,0.0
2023-07-25 00:00:00-04:00,45.611511074990936,46.54235900260088,45.611511074990936,46.532562255859375,800,0.0,0.0
2023-07-26 00:00:00-04:00,47.68876329086596,48.40404906444457,46.375782592850086,47.02247619628906,2100,0.0,0.0
2023-07-27 00:00:00-04:00,47.03227565599525,48.4432425800709,45.07259750366211,45.07259750366211,1700,0.0,0.0
2023-07-28 00:00:00-04:00,46.316994436348004,46.316994436348004,46.042640686035156,46.042640686035156,700,0.0,0.0
2023-07-31 00:00:00-04:00,46.19941635307924,46.19941635307924,44.376914978027344,44.376914978027344,1000,0.0,0.0
2023-08-01 00:00:00-04:00,44.847236208581904,46.76771995406632,44.42590509512089,45.44493865966797,3800,0.0,0.0
2023-08-02 00:00:00-04:00,46.04263995319381,47.522195317418024,45.3665485966989,45.660499572753906,1800,0.0,0.0
2023-08-03 00:00:00-04:00,45.07259750366211,45.07259750366211,45.07259750366211,45.07259750366211,200,0.0,0.0
2023-08-04 00:00:00-04:00,45.07259750366211,45.07259750366211,45.07259750366211,45.07259750366211,0,0.0,0.0
2023-08-07 00:00:00-04:00,45.07259750366211,45.07259750366211,45.07259750366211,45.07259750366211,100,0.0,0.0
2023-08-08 00:00:00-04:00,43.4068717956543,43.4068717956543,43.11292081041393,43.4068717956543,600,0.0,0.0
2023-08-09 00:00:00-04:00,41.1826359039396,41.9763069152832,41.1826359039396,41.9763069152832,1300,0.0,0.0
2023-08-10 00:00:00-04:00,41.750944022339006,47.03227609401664,41.750944022339006,45.983848571777344,5700,0.0,0.0
2023-08-11 00:00:00-04:00,46.23860313453693,46.83630554934283,45.983846627758496,46.542354583740234,800,0.0,0.0
2023-08-14 00:00:00-04:00,46.542354583740234,46.542354583740234,46.542354583740234,46.542354583740234,300,0.0,0.0
2023-08-15 00:00:00-04:00,47.03227996826172,47.03227996826172,47.03227996826172,47.03227996826172,600,0.0,0.0
2023-08-16 00:00:00-04:00,46.610942877931464,46.610942877931464,45.95445251464844,45.95445251464844,900,0.0,0.0
2023-08-17 00:00:00-04:00,46.59134593052581,47.71816232952791,46.54235472574079,46.93429183959961,2200,0.0,0.0
2023-08-18 00:00:00-04:00,46.542354583740234,46.542354583740234,46.542354583740234,46.542354583740234,100,0.0,0.0
2023-08-21 00:00:00-04:00,46.52276322793973,47.41441672092165,45.20977859387726,46.1798210144043,2900,0.0,0.0
2023-08-22 00:00:00-04:00,44.1025539150966,47.32622528076172,44.1025539150966,47.32622528076172,1200,0.0,0.0
2023-08-23 00:00:00-04:00,47.32622528076172,47.32622528076172,47.32622528076172,47.32622528076172,0,0.0,0.0
2023-08-24 00:00:00-04:00,45.45473098754883,45.45473098754883,45.45473098754883,45.45473098754883,300,0.0,0.0
2023-08-25 00:00:00-04:00,41.12384541671362,44.77864456176758,41.12384541671362,44.77864456176758,400,0.0,0.0
2023-08-28 00:00:00-04:00,44.77864456176758,44.77864456176758,44.77864456176758,44.77864456176758,0,0.0,0.0
2023-08-29 00:00:00-04:00,44.77864456176758,44.77864456176758,44.77864456176758,44.77864456176758,100,0.0,0.0
2023-08-30 00:00:00-04:00,44.77864456176758,44.77864456176758,44.77864456176758,44.77864456176758,100,0.0,0.0
2023-08-31 00:00:00-04:00,42.77977367454441,44.09275817871094,42.77977367454441,44.09275817871094,1900,0.0,0.0
2023-09-01 00:00:00-04:00,44.09275817871094,44.09275817871094,44.09275817871094,44.09275817871094,0,0.0,0.0
2023-09-05 00:00:00-04:00,44.09275817871094,44.09275817871094,44.09275817871094,44.09275817871094,0,0.0,0.0
2023-09-06 00:00:00-04:00,44.09275817871094,44.09275817871094,44.09275817871094,44.09275817871094,300,0.0,0.0
2023-09-07 00:00:00-04:00,44.16159055875151,45.233426243701686,44.16159055875151,45.03675842285156,2400,0.16,0.0
2023-09-08 00:00:00-04:00,45.97093101707665,46.34459952806576,45.46943160193167,45.47926330566406,2600,0.0,0.0
2023-09-11 00:00:00-04:00,46.157758999365676,46.89526049621971,45.08592334055942,45.23342514038086,4100,0.0,0.0
2023-09-12 00:00:00-04:00,45.70543273884373,46.393768326252584,44.7909304407813,45.86276626586914,1000,0.0,0.0
2023-09-13 00:00:00-04:00,45.86276626586914,45.86276626586914,45.86276626586914,45.86276626586914,0,0.0,0.0
2023-09-14 00:00:00-04:00,45.86276626586914,45.86276626586914,45.86276626586914,45.86276626586914,500,0.0,0.0
2023-09-15 00:00:00-04:00,43.54208755493164,43.54208755493164,43.54208755493164,43.54208755493164,200,0.0,0.0
2023-09-18 00:00:00-04:00,43.54208755493164,43.54208755493164,43.54208755493164,43.54208755493164,800,0.0,0.0
2023-09-19 00:00:00-04:00,45.52842712402344,45.52842712402344,45.23342726167267,45.52842712402344,1400,0.0,0.0
2023-09-20 00:00:00-04:00,46.61993246579603,46.61993246579603,43.59126129980769,43.9157600402832,600,0.0,0.0
2023-09-21 00:00:00-04:00,44.49591884436729,44.49591884436729,44.397586822509766,44.397586822509766,600,0.0,0.0
2023-09-22 00:00:00-04:00,44.4860954284668,44.4860954284668,44.4860954284668,44.4860954284668,100,0.0,0.0
2023-09-25 00:00:00-04:00,45.095758794481696,45.23342514038086,45.095758794481696,45.23342514038086,500,0.0,0.0
2023-09-26 00:00:00-04:00,44.574596186164854,47.20009994506836,44.574596186164854,47.20009994506836,400,0.0,0.0
2023-09-27 00:00:00-04:00,47.20009994506836,47.20009994506836,47.20009994506836,47.20009994506836,0,0.0,0.0
2023-09-28 00:00:00-04:00,47.20009994506836,47.20009994506836,47.20009994506836,47.20009994506836,0,0.0,0.0
2023-09-29 00:00:00-04:00,46.2167588022051,46.39375945515472,44.840087890625,44.840087890625,2500,0.0,0.0
2023-10-02 00:00:00-04:00,45.47925897266554,46.21676046951958,45.23342514038086,45.23342514038086,1900,0.0,0.0
2023-10-03 00:00:00-04:00,46.118431091308594,46.118431091308594,46.118431091308594,46.118431091308594,200,0.0,0.0
2023-10-04 00:00:00-04:00,46.118431091308594,46.118431091308594,46.118431091308594,46.118431091308594,500,0.0,0.0
2023-10-05 00:00:00-04:00,43.96492606143077,45.7152656730745,43.9157600402832,43.9157600402832,2600,0.0,0.0
2023-10-06 00:00:00-04:00,43.748592376708984,43.748592376708984,43.748592376708984,43.748592376708984,300,0.0,0.0
2023-10-09 00:00:00-04:00,43.46342400868889,44.250091552734375,43.46342400868889,44.250091552734375,2100,0.0,0.0
2023-10-10 00:00:00-04:00,44.250091552734375,44.250091552734375,44.250091552734375,44.250091552734375,500,0.0,0.0
2023-10-11 00:00:00-04:00,42.93241882324219,42.93241882324219,42.93241882324219,42.93241882324219,300,0.0,0.0
2023-10-12 00:00:00-04:00,42.3915901184082,42.3915901184082,42.3915901184082,42.3915901184082,300,0.0,0.0
2023-10-13 00:00:00-04:00,42.3915901184082,42.3915901184082,42.3915901184082,42.3915901184082,100,0.0,0.0
2023-10-16 00:00:00-04:00,42.3915901184082,42.3915901184082,42.3915901184082,42.3915901184082,400,0.0,0.0
2023-10-17 00:00:00-04:00,41.909751892089844,41.909751892089844,41.909751892089844,41.909751892089844,500,0.0,0.0
2023-10-18 00:00:00-04:00,41.909751892089844,41.909751892089844,41.909751892089844,41.909751892089844,0,0.0,0.0
2023-10-19 00:00:00-04:00,41.909751892089844,41.909751892089844,41.909751892089844,41.909751892089844,0,0.0,0.0
2023-10-20 00:00:00-04:00,41.909751892089844,41.909751892089844,41.909751892089844,41.909751892089844,0,0.0,0.0
2023-10-23 00:00:00-04:00,41.909751892089844,41.909751892089844,41.909751892089844,41.909751892089844,0,0.0,0.0
2023-10-24 00:00:00-04:00,41.909751892089844,41.909751892089844,41.909751892089844,41.909751892089844,0,0.0,0.0
2023-10-25 00:00:00-04:00,41.909751892089844,41.909751892089844,41.909751892089844,41.909751892089844,0,0.0,0.0
2023-10-26 00:00:00-04:00,41.909751892089844,41.909751892089844,41.909751892089844,41.909751892089844,700,0.0,0.0
2023-10-27 00:00:00-04:00,41.408249453806285,41.41808115616119,38.18291091918945,38.18291091918945,1600,0.0,0.0
2023-10-30 00:00:00-04:00,38.18291091918945,38.18291091918945,38.18291091918945,38.18291091918945,0,0.0,0.0
2023-10-31 00:00:00-04:00,38.18291091918945,38.18291091918945,38.18291091918945,38.18291091918945,0,0.0,0.0
2023-11-01 00:00:00-04:00,38.18291091918945,38.18291091918945,38.18291091918945,38.18291091918945,0,0.0,0.0
2023-11-02 00:00:00-04:00,38.18291091918945,38.18291091918945,38.18291091918945,38.18291091918945,0,0.0,0.0
2023-11-03 00:00:00-04:00,38.18291091918945,38.18291091918945,38.18291091918945,38.18291091918945,0,0.0,0.0
2023-11-06 00:00:00-05:00,38.861412048339844,38.861412048339844,38.861412048339844,38.861412048339844,600,0.0,0.0
2023-11-07 00:00:00-05:00,38.861412048339844,38.861412048339844,38.861412048339844,38.861412048339844,0,0.0,0.0
2023-11-08 00:00:00-05:00,39.225249558628974,39.225249558628974,38.94991683959961,38.94991683959961,1800,0.0,0.0
2023-11-09 00:00:00-05:00,38.94991683959961,38.94991683959961,38.94991683959961,38.94991683959961,0,0.0,0.0
2023-11-10 00:00:00-05:00,38.94991683959961,38.94991683959961,38.94991683959961,38.94991683959961,0,0.0,0.0
2023-11-13 00:00:00-05:00,38.94991683959961,38.94991683959961,38.94991683959961,38.94991683959961,0,0.0,0.0
2023-11-14 00:00:00-05:00,38.94991683959961,38.94991683959961,38.94991683959961,38.94991683959961,0,0.0,0.0
2023-11-15 00:00:00-05:00,38.94991683959961,38.94991683959961,38.94991683959961,38.94991683959961,0,0.0,0.0
2023-11-16 00:00:00-05:00,39.1662482535782,40.385581970214844,39.1662482535782,40.385581970214844,700,0.0,0.0
2023-11-17 00:00:00-05:00,40.385581970214844,40.385581970214844,40.385581970214844,40.385581970214844,0,0.0,0.0
2023-11-20 00:00:00-05:00,38.99907684326172,38.99907684326172,38.99907684326172,38.99907684326172,200,0.0,0.0
2023-11-21 00:00:00-05:00,38.99907684326172,38.99907684326172,38.99907684326172,38.99907684326172,0,0.0,0.0
2023-11-22 00:00:00-05:00,39.17688751220703,39.17688751220703,39.17688751220703,39.17688751220703,0,0.18,0.0
2023-11-24 00:00:00-05:00,39.17688751220703,39.17688751220703,39.17688751220703,39.17688751220703,0,0.0,0.0
2023-11-27 00:00:00-05:00,40.58947113568965,40.58947113568965,39.18676660140766,39.95726776123047,800,0.0,0.0
2023-11-28 00:00:00-05:00,39.1966438293457,39.1966438293457,39.1966438293457,39.1966438293457,300,0.0,0.0
2023-11-29 00:00:00-05:00,39.1966438293457,39.1966438293457,39.1966438293457,39.1966438293457,0,0.0,0.0
2023-11-30 00:00:00-05:00,39.21640396118164,39.21640396118164,39.21640396118164,39.21640396118164,400,0.0,0.0
2023-12-01 00:00:00-05:00,39.21640396118164,39.21640396118164,39.21640396118164,39.21640396118164,0,0.0,0.0
2023-12-04 00:00:00-05:00,39.21640396118164,39.21640396118164,39.21640396118164,39.21640396118164,0,0.0,0.0
2023-12-05 00:00:00-05:00,39.21640396118164,39.21640396118164,39.21640396118164,39.21640396118164,0,0.0,0.0
2023-12-06 00:00:00-05:00,39.21640396118164,39.21640396118164,39.21640396118164,39.21640396118164,1000,0.0,0.0
2023-12-07 00:00:00-05:00,39.21640396118164,39.21640396118164,39.21640396118164,39.21640396118164,0,0.0,0.0
2023-12-08 00:00:00-05:00,39.21640396118164,39.21640396118164,39.21640396118164,39.21640396118164,0,0.0,0.0
2023-12-11 00:00:00-05:00,39.21640396118164,39.21640396118164,39.21640396118164,39.21640396118164,0,0.0,0.0
2023-12-12 00:00:00-05:00,39.26579284667969,39.26579284667969,39.26579284667969,39.26579284667969,300,0.0,0.0
2023-12-13 00:00:00-05:00,39.31518197330433,39.31518197330433,35.640499114990234,35.640499114990234,2400,0.0,0.0
2023-12-14 00:00:00-05:00,36.54929256439209,39.51274871826172,36.54929256439209,39.51274871826172,2400,0.0,0.0
2023-12-15 00:00:00-05:00,40.49068725361644,40.50056378188394,38.47553634643555,38.47553634643555,7500,0.0,0.0
2023-12-18 00:00:00-05:00,38.47553634643555,38.47553634643555,38.47553634643555,38.47553634643555,0,0.0,0.0
2023-12-19 00:00:00-05:00,38.75212478637695,38.75212478637695,38.75212478637695,38.75212478637695,200,0.0,0.0
2023-12-20 00:00:00-05:00,38.75212478637695,38.75212478637695,38.75212478637695,38.75212478637695,400,0.0,0.0
2023-12-21 00:00:00-05:00,38.75212478637695,38.75212478637695,38.75212478637695,38.75212478637695,0,0.0,0.0
2023-12-22 00:00:00-05:00,39.51274871826172,39.51274871826172,39.51274871826172,39.51274871826172,100,0.0,0.0
2023-12-26 00:00:00-05:00,39.04846954345703,39.04846954345703,39.04846954345703,39.04846954345703,500,0.0,0.0
2023-12-27 00:00:00-05:00,39.51275005077477,39.54238340747941,39.315185546875,39.315185546875,1300,0.0,0.0
2023-12-28 00:00:00-05:00,39.315185546875,39.315185546875,39.315185546875,39.315185546875,0,0.0,0.0
2023-12-29 00:00:00-05:00,39.374454498291016,39.51274851517744,39.374454498291016,39.374454498291016,400,0.0,0.0
2024-01-02 00:00:00-05:00,39.374454498291016,39.374454498291016,39.374454498291016,39.374454498291016,0,0.0,0.0
2024-01-03 00:00:00-05:00,39.374454498291016,39.374454498291016,39.374454498291016,39.374454498291016,0,0.0,0.0
2024-01-04 00:00:00-05:00,39.374454498291016,39.374454498291016,39.374454498291016,39.374454498291016,0,0.0,0.0
2024-01-05 00:00:00-05:00,39.532501220703125,39.532501220703125,39.532501220703125,39.532501220703125,400,0.0,0.0
2024-01-08 00:00:00-05:00,39.532501220703125,39.532501220703125,39.532501220703125,39.532501220703125,0,0.0,0.0
2024-01-09 00:00:00-05:00,39.532501220703125,39.532501220703125,39.532501220703125,39.532501220703125,0,0.0,0.0
2024-01-10 00:00:00-05:00,40.26348876953125,40.26348876953125,40.26348876953125,40.26348876953125,100,0.0,0.0
2024-01-11 00:00:00-05:00,40.85618108121335,40.895694732666016,40.204220905161186,40.895694732666016,2300,0.0,0.0
2024-01-12 00:00:00-05:00,40.895694732666016,40.895694732666016,40.895694732666016,40.895694732666016,0,0.0,0.0
2024-01-16 00:00:00-05:00,40.895694732666016,40.895694732666016,40.895694732666016,40.895694732666016,0,0.0,0.0
2024-01-17 00:00:00-05:00,40.50056529324883,41.113011810871846,40.50056529324883,40.619102478027344,2300,0.0,0.0
2024-01-18 00:00:00-05:00,40.638859005869854,40.826546962642716,40.638859005869854,40.77715301513672,800,0.0,0.0
2024-01-19 00:00:00-05:00,40.77715301513672,40.77715301513672,40.77715301513672,40.77715301513672,0,0.0,0.0
2024-01-22 00:00:00-05:00,40.77715301513672,40.77715301513672,40.77715301513672,40.77715301513672,0,0.0,0.0
2024-01-23 00:00:00-05:00,41.78472900390625,41.78472900390625,41.78472900390625,41.78472900390625,100,0.0,0.0
2024-01-24 00:00:00-05:00,41.78472900390625,41.78472900390625,41.78472900390625,41.78472900390625,0,0.0,0.0
2024-01-25 00:00:00-05:00,41.843997955322266,41.843997955322266,41.843997955322266,41.843997955322266,400,0.0,0.0
2024-01-26 00:00:00-05:00,41.98229217529297,41.98229217529297,41.98229217529297,41.98229217529297,600,0.0,0.0
2024-01-29 00:00:00-05:00,41.98229217529297,41.98229217529297,41.98229217529297,41.98229217529297,0,0.0,0.0
2024-01-30 00:00:00-05:00,41.02411158028676,42.09095764160156,40.77715689219309,42.09095764160156,500,0.0,0.0
2024-01-31 00:00:00-05:00,42.09095764160156,42.09095764160156,42.09095764160156,42.09095764160156,0,0.0,0.0
2024-02-01 00:00:00-05:00,42.09095764160156,42.09095764160156,42.09095764160156,42.09095764160156,0,0.0,0.0
2024-02-02 00:00:00-05:00,42.09095764160156,42.09095764160156,42.09095764160156,42.09095764160156,300,0.0,0.0
2024-02-05 00:00:00-05:00,41.15252685546875,41.15252685546875,41.15252685546875,41.15252685546875,200,0.0,0.0
2024-02-06 00:00:00-05:00,41.26118469238281,41.26118469238281,41.26118469238281,41.26118469238281,500,0.0,0.0
2024-02-07 00:00:00-05:00,41.26118469238281,41.26118469238281,41.26118469238281,41.26118469238281,0,0.0,0.0
2024-02-08 00:00:00-05:00,41.488383036173744,41.488383036173744,40.77715240686318,41.24142837524414,1000,0.0,0.0
2024-02-09 00:00:00-05:00,41.24142837524414,41.24142837524414,41.24142837524414,41.24142837524414,0,0.0,0.0
2024-02-12 00:00:00-05:00,40.99447509394951,42.65401077270508,40.77715377918438,42.65401077270508,4300,0.0,0.0
2024-02-13 00:00:00-05:00,42.65401077270508,42.65401077270508,42.65401077270508,42.65401077270508,0,0.0,0.0
2024-02-14 00:00:00-05:00,42.65401077270508,42.65401077270508,42.65401077270508,42.65401077270508,0,0.0,0.0
2024-02-15 00:00:00-05:00,42.65401077270508,42.65401077270508,42.65401077270508,42.65401077270508,0,0.0,0.0
2024-02-16 00:00:00-05:00,42.65401077270508,42.65401077270508,42.65401077270508,42.65401077270508,0,0.0,0.0
2024-02-20 00:00:00-05:00,42.65401077270508,42.65401077270508,42.65401077270508,42.65401077270508,300,0.0,0.0
2024-02-21 00:00:00-05:00,42.65401077270508,42.65401077270508,42.65401077270508,42.65401077270508,0,0.0,0.0
2024-02-22 00:00:00-05:00,40.925328110185255,40.925328110185255,40.747520446777344,40.747520446777344,900,0.0,0.0
2024-02-23 00:00:00-05:00,40.747520446777344,40.747520446777344,40.747520446777344,40.747520446777344,200,0.0,0.0
2024-02-26 00:00:00-05:00,40.9450855446819,40.9450855446819,40.16470787348134,40.431419372558594,3700,0.0,0.0
2024-02-27 00:00:00-05:00,40.431419372558594,40.431419372558594,40.431419372558594,40.431419372558594,0,0.0,0.0
2024-02-28 00:00:00-05:00,40.431419372558594,40.431419372558594,40.431419372558594,40.431419372558594,0,0.0,0.0
2024-02-29 00:00:00-05:00,40.431419372558594,40.431419372558594,40.431419372558594,40.431419372558594,0,0.0,0.0
2024-03-01 00:00:00-05:00,39.8090934753418,39.8090934753418,39.8090934753418,39.8090934753418,300,0.0,0.0
2024-03-04 00:00:00-05:00,39.8090934753418,39.8090934753418,39.8090934753418,39.8090934753418,600,0.0,0.0
2024-03-05 00:00:00-05:00,41.05374526977539,41.05374526977539,39.62140744504778,41.05374526977539,3200,0.0,0.0
2024-03-06 00:00:00-05:00,40.619101861667055,40.619101861667055,40.05604553222656,40.05604553222656,2500,0.0,0.0
2024-03-07 00:00:00-05:00,40.23464584350586,40.23464584350586,40.23464584350586,40.23464584350586,0,0.18,0.0
2024-03-08 00:00:00-05:00,40.23464584350586,40.23464584350586,40.23464584350586,40.23464584350586,0,0.0,0.0
2024-03-11 00:00:00-04:00,40.23464584350586,40.23464584350586,40.23464584350586,40.23464584350586,0,0.0,0.0
2024-03-12 00:00:00-04:00,40.23464584350586,40.23464584350586,40.23464584350586,40.23464584350586,0,0.0,0.0
2024-03-13 00:00:00-04:00,40.23464584350586,40.23464584350586,40.23464584350586,40.23464584350586,0,0.0,0.0
2024-03-14 00:00:00-04:00,40.29418089173559,41.59399073661044,40.29418089173559,41.365779876708984,1400,0.0,0.0
2024-03-15 00:00:00-04:00,41.365779876708984,41.365779876708984,41.365779876708984,41.365779876708984,800,0.0,0.0
2024-03-18 00:00:00-04:00,41.465003967285156,41.465003967285156,41.465003967285156,41.465003967285156,300,0.0,0.0
2024-03-19 00:00:00-04:00,41.465003967285156,41.465003967285156,41.465003967285156,41.465003967285156,300,0.0,0.0
2024-03-20 00:00:00-04:00,41.47492218017578,41.47492218017578,41.47492218017578,41.47492218017578,200,0.0,0.0
2024-03-21 00:00:00-04:00,41.47492218017578,41.47492218017578,41.47492218017578,41.47492218017578,300,0.0,0.0
2024-03-22 00:00:00-04:00,41.465003967285156,41.465003967285156,41.465003967285156,41.465003967285156,200,0.0,0.0
2024-03-25 00:00:00-04:00,41.673370361328125,41.673370361328125,41.673370361328125,41.673370361328125,600,0.0,0.0
2024-03-26 00:00:00-04:00,41.673370361328125,41.673370361328125,41.673370361328125,41.673370361328125,0,0.0,0.0
2024-03-27 00:00:00-04:00,42.139713890006874,42.16947937011719,41.425312087115124,42.16947937011719,800,0.0,0.0
2024-03-28 00:00:00-04:00,42.16947937011719,42.16947937011719,42.16947937011719,42.16947937011719,0,0.0,0.0
2024-04-01 00:00:00-04:00,41.28640224854979,41.28640224854979,39.80798821957016,40.66130065917969,5000,0.0,0.0
2024-04-02 00:00:00-04:00,40.43309250413866,40.69106885224843,39.98659133911133,39.98659133911133,4400,0.0,0.0
2024-04-03 00:00:00-04:00,40.48270034790039,40.48270034790039,40.452934867121286,40.48270034790039,3700,0.0,0.0
2024-04-04 00:00:00-04:00,40.6613022315492,41.07803790225461,40.5918469172701,40.80021286010742,9600,0.0,0.0
2024-04-05 00:00:00-04:00,40.691069200678484,40.81013870239258,40.691069200678484,40.81013870239258,3200,0.0,0.0
2024-04-08 00:00:00-04:00,40.939125061035156,40.939125061035156,40.939125061035156,40.939125061035156,400,0.0,0.0
2024-04-09 00:00:00-04:00,40.939125061035156,40.939125061035156,40.939125061035156,40.939125061035156,0,0.0,0.0
2024-04-10 00:00:00-04:00,40.93912288524088,40.978812717109854,40.77044677734375,40.77044677734375,1800,0.0,0.0
2024-04-11 00:00:00-04:00,40.77044677734375,40.77044677734375,40.77044677734375,40.77044677734375,100,0.0,0.0
2024-04-12 00:00:00-04:00,40.77044677734375,40.77044677734375,40.77044677734375,40.77044677734375,0,0.0,0.0
2024-04-15 00:00:00-04:00,40.968894958496094,40.968894958496094,40.433093546648415,40.968894958496094,1900,0.0,0.0
2024-04-16 00:00:00-04:00,40.978811997000236,40.978811997000236,40.611690521240234,40.611690521240234,1300,0.0,0.0
2024-04-17 00:00:00-04:00,40.611690521240234,40.611690521240234,40.611690521240234,40.611690521240234,0,0.0,0.0
2024-04-18 00:00:00-04:00,41.504694814400956,41.67337092753093,41.26655960083008,41.26655960083008,1400,0.0,0.0
2024-04-19 00:00:00-04:00,41.17725936886985,41.26655960083008,41.167338803110184,41.26655960083008,1000,0.0,0.0
2024-04-22 00:00:00-04:00,41.53445973239529,41.673370361328125,41.53445973239529,41.673370361328125,900,0.0,0.0
2024-04-23 00:00:00-04:00,41.85197067260742,41.85197067260742,41.85197067260742,41.85197067260742,300,0.0,0.0
2024-04-24 00:00:00-04:00,41.782517519531865,42.02064895629883,41.782517519531865,42.02064895629883,1000,0.0,0.0
2024-04-25 00:00:00-04:00,42.02064895629883,42.02064895629883,42.02064895629883,42.02064895629883,0,0.0,0.0
2024-04-26 00:00:00-04:00,42.02064895629883,42.02064895629883,42.02064895629883,42.02064895629883,0,0.0,0.0
2024-04-29 00:00:00-04:00,42.02064895629883,42.02064895629883,42.02064895629883,42.02064895629883,0,0.0,0.0
2024-04-30 00:00:00-04:00,42.53660202026367,42.53660202026367,42.53660202026367,42.53660202026367,500,0.0,0.0
2024-05-01 00:00:00-04:00,42.53660202026367,42.53660202026367,42.53660202026367,42.53660202026367,0,0.0,0.0
2024-05-02 00:00:00-04:00,42.3282356262207,42.3282356262207,42.3282356262207,42.3282356262207,100,0.0,0.0
2024-05-03 00:00:00-04:00,42.3282356262207,42.3282356262207,42.3282356262207,42.3282356262207,0,0.0,0.0
2024-05-06 00:00:00-04:00,42.3282356262207,42.3282356262207,42.3282356262207,42.3282356262207,0,0.0,0.0
2024-05-07 00:00:00-04:00,42.48699188232422,42.48699188232422,42.48699188232422,42.48699188232422,200,0.0,0.0
2024-05-08 00:00:00-04:00,42.48699188232422,42.48699188232422,42.48699188232422,42.48699188232422,0,0.0,0.0
2024-05-09 00:00:00-04:00,42.48699188232422,42.48699188232422,42.48699188232422,42.48699188232422,0,0.0,0.0
2024-05-10 00:00:00-04:00,42.48699188232422,42.48699188232422,42.48699188232422,42.48699188232422,100,0.0,0.0
2024-05-13 00:00:00-04:00,42.48699188232422,42.48699188232422,42.48699188232422,42.48699188232422,0,0.0,0.0
2024-05-14 00:00:00-04:00,42.48699188232422,42.48699188232422,42.48699188232422,42.48699188232422,0,0.0,0.0
2024-05-15 00:00:00-04:00,42.48699188232422,42.48699188232422,42.48699188232422,42.48699188232422,100,0.0,0.0
2024-05-16 00:00:00-04:00,42.5762939453125,42.5762939453125,42.5762939453125,42.5762939453125,500,0.0,0.0
2024-05-17 00:00:00-04:00,42.963260650634766,42.963260650634766,42.963260650634766,42.963260650634766,500,0.0,0.0
2024-05-20 00:00:00-04:00,42.963260650634766,42.963260650634766,42.963260650634766,42.963260650634766,0,0.0,0.0
2024-05-21 00:00:00-04:00,43.409759521484375,43.409759521484375,43.409759521484375,43.409759521484375,500,0.0,0.0
2024-05-22 00:00:00-04:00,43.409759521484375,43.409759521484375,43.409759521484375,43.409759521484375,0,0.0,0.0
2024-05-23 00:00:00-04:00,43.65781784057617,43.6975076742932,43.01287129028258,43.65781784057617,8600,0.0,0.0
2024-05-24 00:00:00-04:00,44.05470657348633,44.05470657348633,44.05470657348633,44.05470657348633,200,0.0,0.0
2024-05-28 00:00:00-04:00,43.9058723449707,43.9058723449707,43.9058723449707,43.9058723449707,200,0.0,0.0
2024-05-29 00:00:00-04:00,43.9058707679865,43.9058707679865,43.76696014404297,43.76696014404297,5500,0.0,0.0
2024-05-30 00:00:00-04:00,43.76696014404297,43.76696014404297,43.76696014404297,43.76696014404297,100,0.0,0.0
2024-05-31 00:00:00-04:00,43.76696014404297,43.76696014404297,43.76696014404297,43.76696014404297,0,0.0,0.0
2024-06-03 00:00:00-04:00,43.946292877197266,43.946292877197266,43.946292877197266,43.946292877197266,0,0.18,0.0
2024-06-04 00:00:00-04:00,48.76832962036133,48.76832962036133,48.76832962036133,48.76832962036133,400,0.0,0.0
2024-06-05 00:00:00-04:00,48.76832962036133,48.76832962036133,48.76832962036133,48.76832962036133,0,0.0,0.0
2024-06-06 00:00:00-04:00,48.310037611034,48.310037611034,43.66733272129868,48.070926666259766,3400,0.0,0.0
2024-06-07 00:00:00-04:00,45.82927756334739,48.319999170051055,45.82927756334739,47.07463836669922,600,0.0,0.0
2024-06-10 00:00:00-04:00,48.31003952026367,48.31003952026367,48.31003952026367,48.31003952026367,700,0.0,0.0
2024-06-11 00:00:00-04:00,48.31003952026367,48.31003952026367,48.31003952026367,48.31003952026367,0,0.0,0.0
2024-06-12 00:00:00-04:00,48.31003952026367,48.31003952026367,48.31003952026367,48.31003952026367,0,0.0,0.0
2024-06-13 00:00:00-04:00,48.31003952026367,48.31003952026367,48.31003952026367,48.31003952026367,0,0.0,0.0
2024-06-14 00:00:00-04:00,48.31003952026367,48.31003952026367,48.31003952026367,48.31003952026367,0,0.0,0.0
2024-06-17 00:00:00-04:00,48.31003952026367,48.31003952026367,48.31003952026367,48.31003952026367,0,0.0,0.0
2024-06-18 00:00:00-04:00,48.31003952026367,48.31003952026367,48.31003952026367,48.31003952026367,0,0.0,0.0
2024-06-20 00:00:00-04:00,48.31003952026367,48.31003952026367,48.31003952026367,48.31003952026367,0,0.0,0.0
2024-06-21 00:00:00-04:00,44.14555358886719,44.14555358886719,44.14555358886719,44.14555358886719,300,0.0,0.0
2024-06-24 00:00:00-04:00,44.14555358886719,44.14555358886719,44.14555358886719,44.14555358886719,0,0.0,0.0
2024-06-25 00:00:00-04:00,44.42451024551676,44.42451024551676,44.394622802734375,44.394622802734375,1500,0.0,0.0
2024-06-26 00:00:00-04:00,44.394622802734375,44.394622802734375,44.394622802734375,44.394622802734375,0,0.0,0.0
2024-06-27 00:00:00-04:00,44.394622802734375,44.394622802734375,44.394622802734375,44.394622802734375,400,0.0,0.0
2024-06-28 00:00:00-04:00,44.394622802734375,44.394622802734375,44.394622802734375,44.394622802734375,0,0.0,0.0
2024-07-01 00:00:00-04:00,48.3200008107752,48.3200008107752,46.87538146972656,46.87538146972656,400,0.0,0.0
2024-07-02 00:00:00-04:00,46.87538146972656,46.87538146972656,46.87538146972656,46.87538146972656,0,0.0,0.0
2024-07-03 00:00:00-04:00,46.87538146972656,46.87538146972656,46.87538146972656,46.87538146972656,0,0.0,0.0
2024-07-05 00:00:00-04:00,46.87538146972656,46.87538146972656,46.87538146972656,46.87538146972656,0,0.0,0.0
2024-07-08 00:00:00-04:00,46.87538146972656,46.87538146972656,46.87538146972656,46.87538146972656,0,0.0,0.0
2024-07-09 00:00:00-04:00,46.87538146972656,46.87538146972656,46.87538146972656,46.87538146972656,0,0.0,0.0
2024-07-10 00:00:00-04:00,46.87538146972656,46.87538146972656,46.87538146972656,46.87538146972656,0,0.0,0.0
2024-07-11 00:00:00-04:00,48.29011154174805,48.29011154174805,48.29011154174805,48.29011154174805,200,0.0,0.0
2024-07-12 00:00:00-04:00,48.29011154174805,48.29011154174805,48.29011154174805,48.29011154174805,0,0.0,0.0
2024-07-15 00:00:00-04:00,48.29011154174805,48.29011154174805,48.29011154174805,48.29011154174805,0,0.0,0.0
2024-07-16 00:00:00-04:00,48.31999969482422,48.31999969482422,48.31999969482422,48.31999969482422,2000,0.0,0.0
2024-07-17 00:00:00-04:00,48.31999969482422,48.31999969482422,48.31999969482422,48.31999969482422,0,0.0,0.0
2024-07-18 00:00:00-04:00,48.31999969482422,48.31999969482422,48.31999969482422,48.31999969482422,0,0.0,0.0
2024-07-19 00:00:00-04:00,48.31999969482422,48.31999969482422,48.31999969482422,48.31999969482422,0,0.0,0.0
2024-07-22 00:00:00-04:00,48.31999969482422,48.31999969482422,48.31999969482422,48.31999969482422,0,0.0,0.0
2024-07-23 00:00:00-04:00,48.31999969482422,48.31999969482422,48.31999969482422,48.31999969482422,0,0.0,0.0
2024-07-24 00:00:00-04:00,47.71226373714425,47.71226373714425,45.81931754689093,46.327423095703125,400,0.0,0.0
2024-07-25 00:00:00-04:00,46.138130248428574,46.97501289363515,46.138130248428574,46.247718811035156,900,0.0,0.0
2024-07-26 00:00:00-04:00,46.327423095703125,46.327423095703125,46.327423095703125,46.327423095703125,100,0.0,0.0
2024-07-29 00:00:00-04:00,46.62630844116211,46.62630844116211,46.62630844116211,46.62630844116211,500,0.0,0.0
2024-07-30 00:00:00-04:00,46.62630844116211,46.62630844116211,46.62630844116211,46.62630844116211,0,0.0,0.0
2024-07-31 00:00:00-04:00,46.646236419677734,46.646236419677734,46.646236419677734,46.646236419677734,400,0.0,0.0
2024-08-01 00:00:00-04:00,46.67612156063391,46.81560516357422,46.64623411741649,46.81560516357422,300,0.0,0.0
2024-08-02 00:00:00-04:00,46.81560516357422,46.81560516357422,46.81560516357422,46.81560516357422,700,0.0,0.0
2024-08-05 00:00:00-04:00,47.13441848754883,47.13441848754883,47.13441848754883,47.13441848754883,200,0.0,0.0
2024-08-06 00:00:00-04:00,47.13441848754883,47.13441848754883,47.13441848754883,47.13441848754883,0,0.0,0.0
2024-08-07 00:00:00-04:00,46.59642266833376,47.7620786159018,46.59642266833376,47.6026725769043,2600,0.0,0.0
2024-08-08 00:00:00-04:00,47.6026725769043,47.6026725769043,47.6026725769043,47.6026725769043,0,0.0,0.0
2024-08-09 00:00:00-04:00,47.6026725769043,47.6026725769043,47.6026725769043,47.6026725769043,0,0.0,0.0
2024-08-12 00:00:00-04:00,47.6026725769043,47.6026725769043,47.6026725769043,47.6026725769043,0,0.0,0.0
2024-08-13 00:00:00-04:00,47.6026725769043,47.6026725769043,47.6026725769043,47.6026725769043,0,0.0,0.0
2024-08-14 00:00:00-04:00,47.6026725769043,47.6026725769043,47.6026725769043,47.6026725769043,0,0.0,0.0
2024-08-15 00:00:00-04:00,47.6026725769043,47.6026725769043,47.6026725769043,47.6026725769043,0,0.0,0.0
2024-08-16 00:00:00-04:00,47.6026725769043,47.6026725769043,47.6026725769043,47.6026725769043,0,0.0,0.0
2024-08-19 00:00:00-04:00,47.6026725769043,47.6026725769043,47.6026725769043,47.6026725769043,100,0.0,0.0
2024-08-20 00:00:00-04:00,47.6026725769043,47.6026725769043,47.6026725769043,47.6026725769043,0,0.0,0.0
2024-08-21 00:00:00-04:00,47.6026725769043,47.6026725769043,47.6026725769043,47.6026725769043,0,0.0,0.0
2024-08-22 00:00:00-04:00,47.6026725769043,47.6026725769043,47.6026725769043,47.6026725769043,0,0.0,0.0
2024-08-23 00:00:00-04:00,47.6026725769043,47.6026725769043,47.6026725769043,47.6026725769043,0,0.0,0.0
2024-08-26 00:00:00-04:00,47.6026725769043,47.6026725769043,47.6026725769043,47.6026725769043,0,0.0,0.0
2024-08-27 00:00:00-04:00,48.08089033826202,48.12074279785156,48.08089033826202,48.12074279785156,2100,0.0,0.0
2024-08-28 00:00:00-04:00,48.31999969482422,48.31999969482422,48.31999969482422,48.31999969482422,400,0.0,0.0
2024-08-29 00:00:00-04:00,48.31999969482422,48.31999969482422,48.31999969482422,48.31999969482422,700,0.0,0.0
2024-08-30 00:00:00-04:00,48.31999969482422,48.31999969482422,48.31999969482422,48.31999969482422,0,0.0,0.0
2024-09-03 00:00:00-04:00,48.31003848052663,48.31999969482422,48.31003848052663,48.31999969482422,1500,0.0,0.0
2024-09-04 00:00:00-04:00,48.31999969482422,48.31999969482422,48.31999969482422,48.31999969482422,0,0.0,0.0
2024-09-05 00:00:00-04:00,48.31999969482422,48.31999969482422,48.31999969482422,48.31999969482422,0,0.0,0.0
2024-09-06 00:00:00-04:00,48.5,48.5,48.5,48.5,0,0.18,0.0
2024-09-09 00:00:00-04:00,48.5,48.5,48.5,48.5,100,0.0,0.0
2024-09-10 00:00:00-04:00,48.5,48.5,48.5,48.5,0,0.0,0.0
2024-09-11 00:00:00-04:00,50.439998626708984,50.439998626708984,50.439998626708984,50.439998626708984,100,0.0,0.0
2024-09-12 00:00:00-04:00,50.439998626708984,50.439998626708984,50.439998626708984,50.439998626708984,0,0.0,0.0
2024-09-13 00:00:00-04:00,50.439998626708984,50.439998626708984,50.439998626708984,50.439998626708984,0,0.0,0.0
2024-09-16 00:00:00-04:00,50.52000045776367,50.52000045776367,50.52000045776367,50.52000045776367,1100,0.0,0.0
2024-09-17 00:00:00-04:00,50.65999984741211,50.900001525878906,50.52000045776367,50.61000061035156,1800,0.0,0.0
2024-09-18 00:00:00-04:00,50.61000061035156,50.61000061035156,50.61000061035156,50.61000061035156,200,0.0,0.0
2024-09-19 00:00:00-04:00,51.189998626708984,51.25,51.189998626708984,51.25,500,0.0,0.0
2024-09-20 00:00:00-04:00,51.400001525878906,54.0,51.400001525878906,54.0,4900,0.0,0.0
2024-09-23 00:00:00-04:00,54.0,54.0,54.0,54.0,0,0.0,0.0
2024-09-24 00:00:00-04:00,76.5,77.68000030517578,75.05000305175781,77.0,53900,0.0,0.0
2024-09-25 00:00:00-04:00,76.91000366210938,77.45999908447266,75.5,75.87999725341797,5400,0.0,0.0
2024-09-26 00:00:00-04:00,75.45999908447266,76.45999908447266,75.45999908447266,76.45999908447266,800,0.0,0.0
2024-09-27 00:00:00-04:00,76.0,76.25,75.76000213623047,76.25,2700,0.0,0.0
2024-09-30 00:00:00-04:00,76.25,76.25,76.25,76.25,500,0.0,0.0
2024-10-01 00:00:00-04:00,76.25,76.25,75.75,75.75,3900,0.0,0.0
2024-10-02 00:00:00-04:00,75.77999877929688,75.77999877929688,75.77999877929688,75.77999877929688,400,0.0,0.0
2024-10-03 00:00:00-04:00,75.6500015258789,75.76000213623047,75.5,75.76000213623047,4500,0.0,0.0
2024-10-04 00:00:00-04:00,76.01000213623047,76.01000213623047,76.0,76.0,8300,0.0,0.0
2024-10-07 00:00:00-04:00,76.0,76.0,76.0,76.0,300,0.0,0.0
2024-10-08 00:00:00-04:00,76.1500015258789,76.25,76.0,76.05999755859375,1100,0.0,0.0
2024-10-09 00:00:00-04:00,76.0,76.08000183105469,76.0,76.08000183105469,3000,0.0,0.0
2024-10-10 00:00:00-04:00,76.0,76.1500015258789,76.0,76.0,4400,0.0,0.0
2024-10-11 00:00:00-04:00,76.05000305175781,76.0999984741211,76.0,76.05000305175781,12200,0.0,0.0
2024-10-14 00:00:00-04:00,76.0,76.0,75.9000015258789,75.91999816894531,21400,0.0,0.0
2024-10-15 00:00:00-04:00,76.0,76.0,75.91999816894531,75.97000122070312,1600,0.0,0.0
2024-10-16 00:00:00-04:00,76.0,76.0,76.0,76.0,27300,0.0,0.0
2024-10-17 00:00:00-04:00,76.0,76.0,76.0,76.0,0,0.0,0.0
2024-10-18 00:00:00-04:00,76.0,76.0,76.0,76.0,0,0.0,0.0
2024-10-21 00:00:00-04:00,76.0,76.0,76.0,76.0,0,0.0,0.0
2024-10-22 00:00:00-04:00,76.0,76.0,76.0,76.0,1100,0.0,0.0
2024-10-23 00:00:00-04:00,76.1500015258789,76.1500015258789,76.0,76.0,400,0.0,0.0
2024-10-24 00:00:00-04:00,76.44999694824219,76.44999694824219,76.44999694824219,76.44999694824219,300,0.0,0.0
2024-10-25 00:00:00-04:00,76.44999694824219,76.44999694824219,76.05000305175781,76.05000305175781,1000,0.0,0.0
2024-10-28 00:00:00-04:00,76.05000305175781,76.05000305175781,76.05000305175781,76.05000305175781,0,0.0,0.0
2024-10-29 00:00:00-04:00,76.55000305175781,76.55000305175781,76.55000305175781,76.55000305175781,300,0.0,0.0
2024-10-30 00:00:00-04:00,76.55000305175781,76.55000305175781,76.55000305175781,76.55000305175781,0,0.0,0.0
2024-10-31 00:00:00-04:00,76.16999816894531,76.16999816894531,76.16999816894531,76.16999816894531,600,0.0,0.0
2024-11-01 00:00:00-04:00,76.94999694824219,76.94999694824219,76.94999694824219,76.94999694824219,400,0.0,0.0
2024-11-04 00:00:00-05:00,76.69999694824219,76.83000183105469,76.62000274658203,76.83000183105469,1500,0.0,0.0
2024-11-05 00:00:00-05:00,76.94000244140625,76.94000244140625,76.94000244140625,76.94000244140625,300,0.0,0.0
2024-11-06 00:00:00-05:00,76.94999694824219,76.94999694824219,76.94999694824219,76.94999694824219,500,0.0,0.0
2024-11-07 00:00:00-05:00,76.94999694824219,76.94999694824219,76.94999694824219,76.94999694824219,0,0.0,0.0
2024-11-08 00:00:00-05:00,76.94999694824219,76.94999694824219,76.94999694824219,76.94999694824219,0,0.0,0.0
2024-11-11 00:00:00-05:00,76.94999694824219,77.62000274658203,76.5,77.62000274658203,600,0.0,0.0
2024-11-12 00:00:00-05:00,77.62000274658203,77.62000274658203,77.62000274658203,77.62000274658203,0,0.0,0.0
2024-11-13 00:00:00-05:00,77.62000274658203,77.62000274658203,77.62000274658203,77.62000274658203,0,0.0,0.0
2024-11-14 00:00:00-05:00,77.62000274658203,77.62000274658203,77.62000274658203,77.62000274658203,0,0.0,0.0
2024-11-15 00:00:00-05:00,77.30000305175781,77.9000015258789,77.30000305175781,77.9000015258789,1300,0.0,0.0
2024-11-18 00:00:00-05:00,77.9000015258789,77.9000015258789,77.9000015258789,77.9000015258789,0,0.0,0.0
2024-11-19 00:00:00-05:00,77.9000015258789,77.9000015258789,77.9000015258789,77.9000015258789,0,0.0,0.0
2024-11-20 00:00:00-05:00,77.9000015258789,77.9000015258789,77.9000015258789,77.9000015258789,0,0.0,0.0
2024-11-21 00:00:00-05:00,77.9000015258789,77.9000015258789,77.9000015258789,77.9000015258789,0,0.0,0.0
2024-11-22 00:00:00-05:00,77.9000015258789,77.9000015258789,77.9000015258789,77.9000015258789,0,0.0,0.0
2024-11-25 00:00:00-05:00,77.9000015258789,77.9000015258789,77.9000015258789,77.9000015258789,0,0.0,0.0
2024-11-26 00:00:00-05:00,77.9000015258789,77.9000015258789,77.9000015258789,77.9000015258789,0,0.0,0.0
2024-11-27 00:00:00-05:00,77.9000015258789,77.9000015258789,77.9000015258789,77.9000015258789,0,0.0,0.0
2024-11-29 00:00:00-05:00,77.80000305175781,77.80000305175781,77.80000305175781,77.80000305175781,611,0.0,0.0
