Date,Open,High,Low,Close,Volume,Dividends,Stock Splits
2022-01-03 00:00:00-05:00,15.579999923706055,15.920000076293945,15.020000457763672,15.479999542236328,339200,0.0,0.0
2022-01-04 00:00:00-05:00,15.5,15.739999771118164,15.0,15.319999694824219,380700,0.0,0.0
2022-01-05 00:00:00-05:00,15.420000076293945,15.550000190734863,14.510000228881836,14.75,293900,0.0,0.0
2022-01-06 00:00:00-05:00,14.600000381469727,15.300000190734863,14.22599983215332,15.170000076293945,268000,0.0,0.0
2022-01-07 00:00:00-05:00,15.149999618530273,15.545000076293945,14.75,14.789999961853027,160400,0.0,0.0
2022-01-10 00:00:00-05:00,15.930000305175781,15.9399995803833,13.600000381469727,14.829999923706055,1003600,0.0,0.0
2022-01-11 00:00:00-05:00,15.079999923706055,16.0,14.5600004196167,15.739999771118164,328600,0.0,0.0
2022-01-12 00:00:00-05:00,16.260000228881836,17.450000762939453,16.0,16.360000610351562,603700,0.0,0.0
2022-01-13 00:00:00-05:00,16.540000915527344,16.979999542236328,16.209999084472656,16.65999984741211,578700,0.0,0.0
2022-01-14 00:00:00-05:00,16.510000228881836,16.829999923706055,15.211999893188477,15.930000305175781,498400,0.0,0.0
2022-01-18 00:00:00-05:00,15.5,15.5,13.550000190734863,13.609999656677246,735600,0.0,0.0
2022-01-19 00:00:00-05:00,13.90999984741211,14.0,11.75,11.800000190734863,1362300,0.0,0.0
2022-01-20 00:00:00-05:00,11.960000038146973,12.800000190734863,11.65999984741211,11.710000038146973,586300,0.0,0.0
2022-01-21 00:00:00-05:00,11.520000457763672,11.640000343322754,10.529999732971191,10.84000015258789,1404900,0.0,0.0
2022-01-24 00:00:00-05:00,10.380000114440918,12.010000228881836,10.010000228881836,11.979999542236328,951200,0.0,0.0
2022-01-25 00:00:00-05:00,11.59000015258789,11.989999771118164,11.180000305175781,11.579999923706055,461900,0.0,0.0
2022-01-26 00:00:00-05:00,11.899999618530273,11.899999618530273,10.770000457763672,10.850000381469727,502800,0.0,0.0
2022-01-27 00:00:00-05:00,11.069999694824219,11.069999694824219,9.949999809265137,10.289999961853027,629600,0.0,0.0
2022-01-28 00:00:00-05:00,10.210000038146973,11.109999656677246,9.800000190734863,10.9399995803833,623900,0.0,0.0
2022-01-31 00:00:00-05:00,10.90999984741211,11.600000381469727,10.739999771118164,11.15999984741211,471800,0.0,0.0
2022-02-01 00:00:00-05:00,11.40999984741211,12.1899995803833,11.029999732971191,12.050000190734863,556800,0.0,0.0
2022-02-02 00:00:00-05:00,12.170000076293945,12.170000076293945,10.75,10.930000305175781,656500,0.0,0.0
2022-02-03 00:00:00-05:00,10.640000343322754,10.949999809265137,9.930000305175781,10.270000457763672,667600,0.0,0.0
2022-02-04 00:00:00-05:00,10.210000038146973,10.529999732971191,9.5,10.100000381469727,922900,0.0,0.0
2022-02-07 00:00:00-05:00,10.180000305175781,10.6899995803833,9.869999885559082,10.25,506600,0.0,0.0
2022-02-08 00:00:00-05:00,10.1899995803833,10.65999984741211,10.010000228881836,10.579999923706055,187300,0.0,0.0
2022-02-09 00:00:00-05:00,10.739999771118164,11.670000076293945,10.619999885559082,11.229999542236328,431500,0.0,0.0
2022-02-10 00:00:00-05:00,10.829999923706055,11.5,10.600000381469727,10.8100004196167,299500,0.0,0.0
2022-02-11 00:00:00-05:00,10.75,11.25,10.489999771118164,10.680000305175781,226500,0.0,0.0
2022-02-14 00:00:00-05:00,10.670000076293945,11.180999755859375,10.5600004196167,10.90999984741211,225000,0.0,0.0
2022-02-15 00:00:00-05:00,11.1899995803833,11.600000381469727,10.75,11.119999885559082,379600,0.0,0.0
2022-02-16 00:00:00-05:00,11.029999732971191,11.112000465393066,10.170000076293945,10.420000076293945,338100,0.0,0.0
2022-02-17 00:00:00-05:00,10.25,10.494999885559082,9.779999732971191,9.869999885559082,245500,0.0,0.0
2022-02-18 00:00:00-05:00,9.850000381469727,10.289999961853027,9.630000114440918,9.800000190734863,162700,0.0,0.0
2022-02-22 00:00:00-05:00,9.710000038146973,10.199999809265137,9.390000343322754,9.6899995803833,378000,0.0,0.0
2022-02-23 00:00:00-05:00,9.84000015258789,9.84000015258789,9.260000228881836,9.270000457763672,170700,0.0,0.0
2022-02-24 00:00:00-05:00,8.970000267028809,10.145000457763672,8.744999885559082,10.109999656677246,344500,0.0,0.0
2022-02-25 00:00:00-05:00,10.1899995803833,10.46500015258789,9.699999809265137,10.319999694824219,251200,0.0,0.0
2022-02-28 00:00:00-05:00,10.210000038146973,10.770000457763672,10.0,10.5600004196167,521900,0.0,0.0
2022-03-01 00:00:00-05:00,10.40999984741211,10.75,9.680000305175781,9.760000228881836,427700,0.0,0.0
2022-03-02 00:00:00-05:00,9.819999694824219,10.239999771118164,9.550000190734863,10.199999809265137,452400,0.0,0.0
2022-03-03 00:00:00-05:00,10.210000038146973,10.460000038146973,9.819999694824219,9.970000267028809,212700,0.0,0.0
2022-03-04 00:00:00-05:00,9.859999656677246,9.994999885559082,9.210000038146973,9.40999984741211,296100,0.0,0.0
2022-03-07 00:00:00-05:00,9.40999984741211,9.539999961853027,8.770000457763672,8.770000457763672,394900,0.0,0.0
2022-03-08 00:00:00-05:00,8.819999694824219,9.8100004196167,8.510000228881836,9.029999732971191,379200,0.0,0.0
2022-03-09 00:00:00-05:00,9.279999732971191,9.729999542236328,9.229999542236328,9.640000343322754,438100,0.0,0.0
2022-03-10 00:00:00-05:00,9.489999771118164,9.949999809265137,9.359999656677246,9.710000038146973,678700,0.0,0.0
2022-03-11 00:00:00-05:00,9.779999732971191,9.930000305175781,9.210000038146973,9.229999542236328,477300,0.0,0.0
2022-03-14 00:00:00-04:00,9.260000228881836,9.760000228881836,9.0,9.449999809265137,710700,0.0,0.0
2022-03-15 00:00:00-04:00,9.600000381469727,10.40999984741211,9.600000381469727,10.010000228881836,622900,0.0,0.0
2022-03-16 00:00:00-04:00,10.079999923706055,10.739999771118164,9.619999885559082,10.109999656677246,495300,0.0,0.0
2022-03-17 00:00:00-04:00,10.0,10.319999694824219,9.760000228881836,9.9399995803833,267400,0.0,0.0
2022-03-18 00:00:00-04:00,9.899999618530273,10.15999984741211,9.729999542236328,10.050000190734863,719500,0.0,0.0
2022-03-21 00:00:00-04:00,9.960000038146973,10.09000015258789,9.680000305175781,9.869999885559082,366100,0.0,0.0
2022-03-22 00:00:00-04:00,9.920000076293945,10.039999961853027,9.520000457763672,9.710000038146973,299700,0.0,0.0
2022-03-23 00:00:00-04:00,9.609999656677246,9.84000015258789,9.425999641418457,9.449999809265137,227100,0.0,0.0
2022-03-24 00:00:00-04:00,9.489999771118164,9.489999771118164,8.699999809265137,8.90999984741211,532700,0.0,0.0
2022-03-25 00:00:00-04:00,8.970000267028809,8.970000267028809,8.09000015258789,8.1899995803833,395200,0.0,0.0
2022-03-28 00:00:00-04:00,8.279999732971191,8.649999618530273,7.800000190734863,8.630000114440918,484300,0.0,0.0
2022-03-29 00:00:00-04:00,8.600000381469727,9.609999656677246,8.470000267028809,9.510000228881836,1000000,0.0,0.0
2022-03-30 00:00:00-04:00,9.5,10.210000038146973,8.859999656677246,8.970000267028809,697800,0.0,0.0
2022-03-31 00:00:00-04:00,8.949999809265137,9.0,8.420000076293945,8.529999732971191,555200,0.0,0.0
2022-04-01 00:00:00-04:00,8.619999885559082,8.798999786376953,8.050000190734863,8.210000038146973,424300,0.0,0.0
2022-04-04 00:00:00-04:00,8.239999771118164,8.239999771118164,7.710000038146973,7.809999942779541,823500,0.0,0.0
2022-04-05 00:00:00-04:00,7.889999866485596,7.929999828338623,7.440000057220459,7.519999980926514,302700,0.0,0.0
2022-04-06 00:00:00-04:00,7.420000076293945,7.420000076293945,7.079999923706055,7.179999828338623,405600,0.0,0.0
2022-04-07 00:00:00-04:00,7.150000095367432,7.440000057220459,7.059999942779541,7.119999885559082,269300,0.0,0.0
2022-04-08 00:00:00-04:00,7.050000190734863,7.484000205993652,6.949999809265137,7.190000057220459,306600,0.0,0.0
2022-04-11 00:00:00-04:00,7.130000114440918,7.449999809265137,6.840000152587891,6.900000095367432,452800,0.0,0.0
2022-04-12 00:00:00-04:00,6.869999885559082,7.105000019073486,6.679999828338623,6.739999771118164,235000,0.0,0.0
2022-04-13 00:00:00-04:00,6.710000038146973,6.954999923706055,6.625,6.820000171661377,434500,0.0,0.0
2022-04-14 00:00:00-04:00,6.829999923706055,7.0,6.539999961853027,6.639999866485596,386600,0.0,0.0
2022-04-18 00:00:00-04:00,6.699999809265137,6.699999809265137,6.0,6.199999809265137,408100,0.0,0.0
2022-04-19 00:00:00-04:00,6.199999809265137,6.599999904632568,6.199999809265137,6.329999923706055,410000,0.0,0.0
2022-04-20 00:00:00-04:00,6.860000133514404,6.889999866485596,6.059999942779541,6.579999923706055,938500,0.0,0.0
2022-04-21 00:00:00-04:00,6.730000019073486,6.960000038146973,6.599999904632568,6.71999979019165,284800,0.0,0.0
2022-04-22 00:00:00-04:00,6.659999847412109,6.730000019073486,6.385000228881836,6.480000019073486,281900,0.0,0.0
2022-04-25 00:00:00-04:00,6.480000019073486,7.324999809265137,6.309999942779541,7.0,785500,0.0,0.0
2022-04-26 00:00:00-04:00,7.050000190734863,7.059999942779541,6.360000133514404,6.5,565400,0.0,0.0
2022-04-27 00:00:00-04:00,6.489999771118164,6.75,6.130000114440918,6.199999809265137,413600,0.0,0.0
2022-04-28 00:00:00-04:00,6.369999885559082,6.5,6.03000020980835,6.309999942779541,324200,0.0,0.0
2022-04-29 00:00:00-04:00,6.300000190734863,6.400000095367432,5.929999828338623,5.96999979019165,312400,0.0,0.0
2022-05-02 00:00:00-04:00,5.989999771118164,6.429999828338623,5.900000095367432,6.360000133514404,490200,0.0,0.0
2022-05-03 00:00:00-04:00,6.380000114440918,6.53000020980835,6.211999893188477,6.5,344000,0.0,0.0
2022-05-04 00:00:00-04:00,6.539999961853027,6.71999979019165,6.099999904632568,6.510000228881836,389200,0.0,0.0
2022-05-05 00:00:00-04:00,6.420000076293945,6.510000228881836,6.035999774932861,6.460000038146973,490900,0.0,0.0
2022-05-06 00:00:00-04:00,6.460000038146973,6.5,5.860000133514404,6.380000114440918,977700,0.0,0.0
2022-05-09 00:00:00-04:00,6.289999961853027,6.289999961853027,5.699999809265137,5.829999923706055,537000,0.0,0.0
2022-05-10 00:00:00-04:00,6.110000133514404,6.135000228881836,5.664999961853027,5.920000076293945,694900,0.0,0.0
2022-05-11 00:00:00-04:00,5.880000114440918,5.960000038146973,4.869999885559082,5.079999923706055,2187300,0.0,0.0
2022-05-12 00:00:00-04:00,4.329999923706055,5.25,4.239999771118164,4.880000114440918,1372200,0.0,0.0
2022-05-13 00:00:00-04:00,4.920000076293945,5.409999847412109,4.760000228881836,4.800000190734863,838400,0.0,0.0
2022-05-16 00:00:00-04:00,4.900000095367432,4.900000095367432,4.031000137329102,4.210000038146973,852200,0.0,0.0
2022-05-17 00:00:00-04:00,4.610000133514404,4.690000057220459,4.130000114440918,4.289999961853027,964600,0.0,0.0
2022-05-18 00:00:00-04:00,4.130000114440918,4.329999923706055,4.010000228881836,4.090000152587891,516000,0.0,0.0
2022-05-19 00:00:00-04:00,4.070000171661377,4.260000228881836,4.070000171661377,4.170000076293945,475100,0.0,0.0
2022-05-20 00:00:00-04:00,4.21999979019165,4.260000228881836,3.8299999237060547,4.130000114440918,378900,0.0,0.0
2022-05-23 00:00:00-04:00,4.139999866485596,4.230000019073486,3.950000047683716,4.070000171661377,306600,0.0,0.0
2022-05-24 00:00:00-04:00,4.019999980926514,4.019999980926514,3.6600000858306885,3.890000104904175,371900,0.0,0.0
2022-05-25 00:00:00-04:00,3.880000114440918,4.324999809265137,3.880000114440918,4.309999942779541,628100,0.0,0.0
2022-05-26 00:00:00-04:00,4.409999847412109,4.679999828338623,4.400000095367432,4.559999942779541,834100,0.0,0.0
2022-05-27 00:00:00-04:00,5.159999847412109,5.550000190734863,4.739999771118164,4.940000057220459,2207500,0.0,0.0
2022-05-31 00:00:00-04:00,5.0,5.179999828338623,4.659999847412109,5.03000020980835,970700,0.0,0.0
2022-06-01 00:00:00-04:00,5.090000152587891,5.230000019073486,4.760000228881836,5.039999961853027,880500,0.0,0.0
2022-06-02 00:00:00-04:00,5.059999942779541,5.739999771118164,5.0,5.53000020980835,1745900,0.0,0.0
2022-06-03 00:00:00-04:00,5.53000020980835,5.583000183105469,5.099999904632568,5.210000038146973,1024200,0.0,0.0
2022-06-06 00:00:00-04:00,5.309999942779541,5.340000152587891,5.010000228881836,5.110000133514404,749900,0.0,0.0
2022-06-07 00:00:00-04:00,4.980000019073486,5.289999961853027,4.880000114440918,5.03000020980835,745300,0.0,0.0
2022-06-08 00:00:00-04:00,5.010000228881836,5.239999771118164,4.960000038146973,5.079999923706055,524000,0.0,0.0
2022-06-09 00:00:00-04:00,5.099999904632568,5.099999904632568,4.739999771118164,4.800000190734863,671800,0.0,0.0
2022-06-10 00:00:00-04:00,4.630000114440918,4.798999786376953,4.46999979019165,4.650000095367432,539700,0.0,0.0
2022-06-13 00:00:00-04:00,4.369999885559082,4.484000205993652,4.170000076293945,4.210000038146973,402000,0.0,0.0
2022-06-14 00:00:00-04:00,4.199999809265137,4.21999979019165,4.010000228881836,4.150000095367432,294900,0.0,0.0
2022-06-15 00:00:00-04:00,4.170000076293945,4.269999980926514,4.019999980926514,4.179999828338623,530400,0.0,0.0
2022-06-16 00:00:00-04:00,4.0,4.059999942779541,3.75,3.799999952316284,657100,0.0,0.0
2022-06-17 00:00:00-04:00,3.8299999237060547,4.170000076293945,3.7709999084472656,4.090000152587891,498200,0.0,0.0
2022-06-21 00:00:00-04:00,4.28000020980835,4.389999866485596,4.059999942779541,4.119999885559082,431300,0.0,0.0
2022-06-22 00:00:00-04:00,3.990000009536743,4.289999961853027,3.990000009536743,4.199999809265137,367200,0.0,0.0
2022-06-23 00:00:00-04:00,4.210000038146973,4.699999809265137,4.190000057220459,4.699999809265137,800600,0.0,0.0
2022-06-24 00:00:00-04:00,4.800000190734863,4.929999828338623,4.619999885559082,4.739999771118164,1550800,0.0,0.0
2022-06-27 00:00:00-04:00,4.730000019073486,4.809999942779541,4.550000190734863,4.639999866485596,343700,0.0,0.0
2022-06-28 00:00:00-04:00,4.650000095367432,4.739999771118164,4.28000020980835,4.309999942779541,387800,0.0,0.0
2022-06-29 00:00:00-04:00,4.300000190734863,4.300000190734863,4.130000114440918,4.269999980926514,256000,0.0,0.0
2022-06-30 00:00:00-04:00,4.150000095367432,4.260000228881836,3.9800000190734863,4.059999942779541,369500,0.0,0.0
2022-07-01 00:00:00-04:00,4.039999961853027,4.25,3.9700000286102295,4.170000076293945,193700,0.0,0.0
2022-07-05 00:00:00-04:00,4.150000095367432,4.539999961853027,4.019999980926514,4.539999961853027,482600,0.0,0.0
2022-07-06 00:00:00-04:00,4.489999771118164,4.577000141143799,4.329999923706055,4.510000228881836,259100,0.0,0.0
2022-07-07 00:00:00-04:00,4.550000190734863,4.739999771118164,4.510000228881836,4.610000133514404,336400,0.0,0.0
2022-07-08 00:00:00-04:00,4.670000076293945,4.78000020980835,4.519999980926514,4.78000020980835,289100,0.0,0.0
2022-07-11 00:00:00-04:00,4.789999961853027,4.828999996185303,4.380000114440918,4.389999866485596,209200,0.0,0.0
2022-07-12 00:00:00-04:00,4.409999847412109,4.59499979019165,4.389999866485596,4.480000019073486,142000,0.0,0.0
2022-07-13 00:00:00-04:00,4.380000114440918,4.635000228881836,4.289999961853027,4.539999961853027,177300,0.0,0.0
2022-07-14 00:00:00-04:00,4.440000057220459,4.480000019073486,4.239999771118164,4.300000190734863,257300,0.0,0.0
2022-07-15 00:00:00-04:00,4.340000152587891,4.459000110626221,4.019999980926514,4.210000038146973,471100,0.0,0.0
2022-07-18 00:00:00-04:00,4.239999771118164,4.53000020980835,4.039999961853027,4.389999866485596,348600,0.0,0.0
2022-07-19 00:00:00-04:00,4.440000057220459,4.510000228881836,4.28000020980835,4.420000076293945,240000,0.0,0.0
2022-07-20 00:00:00-04:00,4.480000019073486,4.75,4.429999828338623,4.679999828338623,395400,0.0,0.0
2022-07-21 00:00:00-04:00,4.670000076293945,4.78000020980835,4.571000099182129,4.75,186500,0.0,0.0
2022-07-22 00:00:00-04:00,4.760000228881836,4.889999866485596,4.525000095367432,4.599999904632568,260400,0.0,0.0
2022-07-25 00:00:00-04:00,4.5,4.650000095367432,3.930000066757202,4.110000133514404,1547100,0.0,0.0
2022-07-26 00:00:00-04:00,4.010000228881836,4.340000152587891,4.0,4.170000076293945,589800,0.0,0.0
2022-07-27 00:00:00-04:00,4.179999828338623,4.400000095367432,4.070000171661377,4.349999904632568,379800,0.0,0.0
2022-07-28 00:00:00-04:00,4.300000190734863,4.96999979019165,4.215000152587891,4.889999866485596,713600,0.0,0.0
2022-07-29 00:00:00-04:00,4.860000133514404,5.380000114440918,4.760000228881836,4.989999771118164,905600,0.0,0.0
2022-08-01 00:00:00-04:00,5.03000020980835,5.269999980926514,4.8520002365112305,5.010000228881836,697100,0.0,0.0
2022-08-02 00:00:00-04:00,4.980000019073486,5.119999885559082,4.890999794006348,5.079999923706055,254900,0.0,0.0
2022-08-03 00:00:00-04:00,5.190000057220459,5.489999771118164,5.070000171661377,5.380000114440918,487600,0.0,0.0
2022-08-04 00:00:00-04:00,5.409999847412109,5.449999809265137,4.880000114440918,4.900000095367432,451000,0.0,0.0
2022-08-05 00:00:00-04:00,4.760000228881836,4.849999904632568,4.619999885559082,4.760000228881836,445400,0.0,0.0
2022-08-08 00:00:00-04:00,4.800000190734863,5.53000020980835,4.78000020980835,5.5,1236300,0.0,0.0
2022-08-09 00:00:00-04:00,5.989999771118164,6.639999866485596,5.110000133514404,5.380000114440918,1832400,0.0,0.0
2022-08-10 00:00:00-04:00,5.53000020980835,6.098999977111816,5.409999847412109,6.03000020980835,1425800,0.0,0.0
2022-08-11 00:00:00-04:00,6.400000095367432,7.409999847412109,5.389999866485596,6.0,3205000,0.0,0.0
2022-08-12 00:00:00-04:00,6.010000228881836,6.019999980926514,5.449999809265137,5.909999847412109,1422600,0.0,0.0
2022-08-15 00:00:00-04:00,5.769999980926514,5.829999923706055,5.164999961853027,5.239999771118164,1458400,0.0,0.0
2022-08-16 00:00:00-04:00,5.260000228881836,5.840000152587891,5.099999904632568,5.670000076293945,1065800,0.0,0.0
2022-08-17 00:00:00-04:00,5.53000020980835,5.71999979019165,5.379000186920166,5.510000228881836,554400,0.0,0.0
2022-08-18 00:00:00-04:00,5.400000095367432,5.559999942779541,5.139999866485596,5.260000228881836,748500,0.0,0.0
2022-08-19 00:00:00-04:00,5.170000076293945,5.25,4.960000038146973,5.070000171661377,496700,0.0,0.0
2022-08-22 00:00:00-04:00,4.949999809265137,5.130000114440918,4.769999980926514,4.869999885559082,290100,0.0,0.0
2022-08-23 00:00:00-04:00,4.860000133514404,5.090000152587891,4.760000228881836,4.800000190734863,319900,0.0,0.0
2022-08-24 00:00:00-04:00,4.849999904632568,4.889999866485596,4.639999866485596,4.78000020980835,292200,0.0,0.0
2022-08-25 00:00:00-04:00,4.789999961853027,4.860000133514404,4.610000133514404,4.710000038146973,251700,0.0,0.0
2022-08-26 00:00:00-04:00,4.699999809265137,4.960000038146973,4.545000076293945,4.559999942779541,418000,0.0,0.0
2022-08-29 00:00:00-04:00,4.489999771118164,4.559000015258789,4.329999923706055,4.329999923706055,408300,0.0,0.0
2022-08-30 00:00:00-04:00,4.349999904632568,4.400000095367432,4.159999847412109,4.300000190734863,266000,0.0,0.0
2022-08-31 00:00:00-04:00,4.260000228881836,4.320000171661377,4.139999866485596,4.150000095367432,447100,0.0,0.0
2022-09-01 00:00:00-04:00,4.099999904632568,4.179999828338623,4.0,4.070000171661377,412400,0.0,0.0
2022-09-02 00:00:00-04:00,4.099999904632568,4.119999885559082,3.9200000762939453,4.03000020980835,257700,0.0,0.0
2022-09-06 00:00:00-04:00,4.349999904632568,4.389999866485596,4.119999885559082,4.199999809265137,626000,0.0,0.0
2022-09-07 00:00:00-04:00,4.130000114440918,4.340000152587891,4.059999942779541,4.309999942779541,602000,0.0,0.0
2022-09-08 00:00:00-04:00,4.230000019073486,4.489999771118164,4.159999847412109,4.46999979019165,388900,0.0,0.0
2022-09-09 00:00:00-04:00,4.519999980926514,4.880000114440918,4.508999824523926,4.78000020980835,525000,0.0,0.0
2022-09-12 00:00:00-04:00,4.78000020980835,5.269999980926514,4.78000020980835,5.230000019073486,442600,0.0,0.0
2022-09-13 00:00:00-04:00,4.960000038146973,5.210000038146973,4.909999847412109,5.079999923706055,340300,0.0,0.0
2022-09-14 00:00:00-04:00,5.090000152587891,5.119999885559082,4.829999923706055,4.900000095367432,336200,0.0,0.0
2022-09-15 00:00:00-04:00,4.860000133514404,5.300000190734863,4.860000133514404,5.079999923706055,326600,0.0,0.0
2022-09-16 00:00:00-04:00,4.989999771118164,5.03000020980835,4.710000038146973,4.739999771118164,506500,0.0,0.0
2022-09-19 00:00:00-04:00,4.699999809265137,4.829999923706055,4.610000133514404,4.739999771118164,350000,0.0,0.0
2022-09-20 00:00:00-04:00,4.659999847412109,4.699999809265137,4.380000114440918,4.480000019073486,319600,0.0,0.0
2022-09-21 00:00:00-04:00,4.46999979019165,4.53000020980835,4.21999979019165,4.239999771118164,224700,0.0,0.0
2022-09-22 00:00:00-04:00,4.210000038146973,4.289999961853027,4.122000217437744,4.210000038146973,214800,0.0,0.0
2022-09-23 00:00:00-04:00,4.119999885559082,4.179999828338623,3.9600000381469727,4.110000133514404,275900,0.0,0.0
2022-09-26 00:00:00-04:00,4.119999885559082,4.2789998054504395,3.950000047683716,3.9600000381469727,151300,0.0,0.0
2022-09-27 00:00:00-04:00,4.03000020980835,4.25,3.7799999713897705,3.859999895095825,293200,0.0,0.0
2022-09-28 00:00:00-04:00,3.859999895095825,4.130000114440918,3.859999895095825,4.070000171661377,255500,0.0,0.0
2022-09-29 00:00:00-04:00,3.990000009536743,4.03000020980835,3.8299999237060547,3.990000009536743,246200,0.0,0.0
2022-09-30 00:00:00-04:00,3.9600000381469727,4.0,3.759999990463257,3.799999952316284,391200,0.0,0.0
2022-10-03 00:00:00-04:00,3.869999885559082,4.010000228881836,3.75,3.859999895095825,295700,0.0,0.0
2022-10-04 00:00:00-04:00,3.9700000286102295,4.190000057220459,3.9200000762939453,3.9800000190734863,403700,0.0,0.0
2022-10-05 00:00:00-04:00,3.880000114440918,3.9800000190734863,3.819999933242798,3.940000057220459,242800,0.0,0.0
2022-10-06 00:00:00-04:00,4.0,4.067999839782715,3.890000104904175,3.9100000858306885,223700,0.0,0.0
2022-10-07 00:00:00-04:00,3.890000104904175,3.940000057220459,3.763000011444092,3.8399999141693115,270400,0.0,0.0
2022-10-10 00:00:00-04:00,3.8499999046325684,3.859999895095825,3.684999942779541,3.8299999237060547,206100,0.0,0.0
2022-10-11 00:00:00-04:00,3.8299999237060547,3.9800000190734863,3.759999990463257,3.9600000381469727,188700,0.0,0.0
2022-10-12 00:00:00-04:00,3.950000047683716,4.050000190734863,3.869999885559082,4.039999961853027,200800,0.0,0.0
2022-10-13 00:00:00-04:00,3.9200000762939453,4.139999866485596,3.799999952316284,4.119999885559082,279200,0.0,0.0
2022-10-14 00:00:00-04:00,4.230000019073486,4.230000019073486,3.9000000953674316,3.9000000953674316,218700,0.0,0.0
2022-10-17 00:00:00-04:00,4.059999942779541,4.110000133514404,3.940000057220459,4.010000228881836,166100,0.0,0.0
2022-10-18 00:00:00-04:00,4.190000057220459,4.2789998054504395,4.050000190734863,4.130000114440918,150900,0.0,0.0
2022-10-19 00:00:00-04:00,4.119999885559082,4.139999866485596,3.9800000190734863,4.019999980926514,141200,0.0,0.0
2022-10-20 00:00:00-04:00,4.0,4.059999942779541,3.680000066757202,3.75,496700,0.0,0.0
2022-10-21 00:00:00-04:00,3.759999990463257,3.8299999237060547,3.502000093460083,3.759999990463257,281200,0.0,0.0
2022-10-24 00:00:00-04:00,3.7699999809265137,3.8399999141693115,3.6500000953674316,3.6600000858306885,169300,0.0,0.0
2022-10-25 00:00:00-04:00,3.7100000381469727,4.21999979019165,3.7100000381469727,3.9100000858306885,433600,0.0,0.0
2022-10-26 00:00:00-04:00,3.930000066757202,4.090000152587891,3.884999990463257,4.03000020980835,153000,0.0,0.0
2022-10-27 00:00:00-04:00,4.090000152587891,4.309999942779541,4.039999961853027,4.119999885559082,144300,0.0,0.0
2022-10-28 00:00:00-04:00,4.159999847412109,4.380000114440918,4.019999980926514,4.210000038146973,129000,0.0,0.0
2022-10-31 00:00:00-04:00,4.199999809265137,4.25,4.050000190734863,4.130000114440918,224800,0.0,0.0
2022-11-01 00:00:00-04:00,4.179999828338623,4.309999942779541,4.0,4.179999828338623,223000,0.0,0.0
2022-11-02 00:00:00-04:00,4.269999980926514,4.269999980926514,3.990000009536743,3.990000009536743,149200,0.0,0.0
2022-11-03 00:00:00-04:00,3.930000066757202,4.144999980926514,3.9200000762939453,4.119999885559082,86900,0.0,0.0
2022-11-04 00:00:00-04:00,4.119999885559082,4.21999979019165,4.039999961853027,4.070000171661377,262400,0.0,0.0
2022-11-07 00:00:00-05:00,4.119999885559082,4.329999923706055,4.0,4.239999771118164,341400,0.0,0.0
2022-11-08 00:00:00-05:00,4.28000020980835,4.440000057220459,4.099999904632568,4.349999904632568,280100,0.0,0.0
2022-11-09 00:00:00-05:00,4.349999904632568,4.46999979019165,4.019999980926514,4.03000020980835,233200,0.0,0.0
2022-11-10 00:00:00-05:00,4.300000190734863,4.659999847412109,4.179999828338623,4.489999771118164,320100,0.0,0.0
2022-11-11 00:00:00-05:00,4.460000038146973,5.0,4.409999847412109,5.0,404000,0.0,0.0
2022-11-14 00:00:00-05:00,4.900000095367432,4.980000019073486,4.679999828338623,4.880000114440918,185400,0.0,0.0
2022-11-15 00:00:00-05:00,5.0,5.150000095367432,4.900000095367432,5.070000171661377,277500,0.0,0.0
2022-11-16 00:00:00-05:00,4.96999979019165,4.96999979019165,4.630000114440918,4.670000076293945,137400,0.0,0.0
2022-11-17 00:00:00-05:00,4.739999771118164,4.739999771118164,4.400000095367432,4.510000228881836,182300,0.0,0.0
2022-11-18 00:00:00-05:00,4.590000152587891,4.639999866485596,4.239999771118164,4.309999942779541,145400,0.0,0.0
2022-11-21 00:00:00-05:00,4.260000228881836,4.309999942779541,4.138999938964844,4.199999809265137,82500,0.0,0.0
2022-11-22 00:00:00-05:00,4.25,4.300000190734863,4.110000133514404,4.21999979019165,95400,0.0,0.0
2022-11-23 00:00:00-05:00,4.21999979019165,4.314000129699707,4.110000133514404,4.210000038146973,73900,0.0,0.0
2022-11-25 00:00:00-05:00,4.269999980926514,4.389999866485596,4.21999979019165,4.230000019073486,54400,0.0,0.0
2022-11-28 00:00:00-05:00,4.190000057220459,4.318999767303467,4.119999885559082,4.179999828338623,118400,0.0,0.0
2022-11-29 00:00:00-05:00,4.199999809265137,4.239999771118164,4.119999885559082,4.159999847412109,76200,0.0,0.0
2022-11-30 00:00:00-05:00,4.25,4.449999809265137,4.179999828338623,4.349999904632568,192400,0.0,0.0
2022-12-01 00:00:00-05:00,4.400000095367432,4.400000095367432,4.190000057220459,4.340000152587891,72200,0.0,0.0
2022-12-02 00:00:00-05:00,4.239999771118164,4.53000020980835,4.239999771118164,4.440000057220459,153600,0.0,0.0
2022-12-05 00:00:00-05:00,4.409999847412109,4.539999961853027,4.309999942779541,4.389999866485596,111400,0.0,0.0
2022-12-06 00:00:00-05:00,4.380000114440918,4.394999980926514,4.25,4.28000020980835,103600,0.0,0.0
2022-12-07 00:00:00-05:00,4.28000020980835,4.380000114440918,4.210000038146973,4.269999980926514,130000,0.0,0.0
2022-12-08 00:00:00-05:00,4.320000171661377,4.323999881744385,4.190000057220459,4.300000190734863,124400,0.0,0.0
2022-12-09 00:00:00-05:00,4.239999771118164,4.289999961853027,4.164999961853027,4.239999771118164,124900,0.0,0.0
2022-12-12 00:00:00-05:00,4.380000114440918,4.380000114440918,4.150000095367432,4.199999809265137,149000,0.0,0.0
2022-12-13 00:00:00-05:00,4.380000114440918,4.380000114440918,4.103000164031982,4.260000228881836,331600,0.0,0.0
2022-12-14 00:00:00-05:00,4.269999980926514,4.270999908447266,3.9240000247955322,3.990000009536743,459300,0.0,0.0
2022-12-15 00:00:00-05:00,3.880000114440918,4.019999980926514,3.869999885559082,3.9700000286102295,359800,0.0,0.0
2022-12-16 00:00:00-05:00,3.9100000858306885,3.9800000190734863,3.799999952316284,3.809999942779541,305400,0.0,0.0
2022-12-19 00:00:00-05:00,3.869999885559082,3.869999885559082,3.490000009536743,3.549999952316284,307300,0.0,0.0
2022-12-20 00:00:00-05:00,3.5899999141693115,3.7799999713897705,3.5299999713897705,3.5999999046325684,208700,0.0,0.0
2022-12-21 00:00:00-05:00,3.640000104904175,3.7699999809265137,3.559999942779541,3.75,171600,0.0,0.0
2022-12-22 00:00:00-05:00,3.690000057220459,3.7699999809265137,3.5339999198913574,3.5999999046325684,144200,0.0,0.0
2022-12-23 00:00:00-05:00,3.5999999046325684,3.6600000858306885,3.509999990463257,3.5799999237060547,133800,0.0,0.0
2022-12-27 00:00:00-05:00,3.5799999237060547,3.6050000190734863,3.509999990463257,3.5399999618530273,102000,0.0,0.0
2022-12-28 00:00:00-05:00,3.5299999713897705,3.569999933242798,3.4000000953674316,3.4100000858306885,103200,0.0,0.0
2022-12-29 00:00:00-05:00,3.430000066757202,3.609999895095825,3.390000104904175,3.5899999141693115,221900,0.0,0.0
2022-12-30 00:00:00-05:00,3.5399999618530273,3.7260000705718994,3.5399999618530273,3.7200000286102295,238100,0.0,0.0
2023-01-03 00:00:00-05:00,3.799999952316284,3.869999885559082,3.640000104904175,3.700000047683716,143300,0.0,0.0
2023-01-04 00:00:00-05:00,3.7799999713897705,4.079999923706055,3.6500000953674316,4.010000228881836,285900,0.0,0.0
2023-01-05 00:00:00-05:00,3.950000047683716,4.050000190734863,3.809999942779541,3.9100000858306885,116000,0.0,0.0
2023-01-06 00:00:00-05:00,3.950000047683716,4.045000076293945,3.8399999141693115,3.9100000858306885,189300,0.0,0.0
2023-01-09 00:00:00-05:00,3.950000047683716,4.090000152587891,3.940000057220459,4.03000020980835,104400,0.0,0.0
2023-01-10 00:00:00-05:00,4.010000228881836,4.110000133514404,3.9709999561309814,4.0,89500,0.0,0.0
2023-01-11 00:00:00-05:00,4.070000171661377,4.21999979019165,4.0,4.03000020980835,111500,0.0,0.0
2023-01-12 00:00:00-05:00,4.079999923706055,4.136000156402588,3.990000009536743,4.090000152587891,177900,0.0,0.0
2023-01-13 00:00:00-05:00,4.039999961853027,4.135000228881836,4.0,4.130000114440918,85300,0.0,0.0
2023-01-17 00:00:00-05:00,4.139999866485596,4.239999771118164,4.079999923706055,4.099999904632568,147600,0.0,0.0
2023-01-18 00:00:00-05:00,4.150000095367432,4.28000020980835,4.010000228881836,4.070000171661377,215500,0.0,0.0
2023-01-19 00:00:00-05:00,4.019999980926514,4.125,3.984999895095825,4.03000020980835,101700,0.0,0.0
2023-01-20 00:00:00-05:00,4.090000152587891,4.269999980926514,4.050000190734863,4.239999771118164,197700,0.0,0.0
2023-01-23 00:00:00-05:00,4.239999771118164,4.429999828338623,4.199999809265137,4.400000095367432,225800,0.0,0.0
2023-01-24 00:00:00-05:00,4.394999980926514,4.559999942779541,4.309999942779541,4.309999942779541,108300,0.0,0.0
2023-01-25 00:00:00-05:00,4.230000019073486,4.239999771118164,3.984999895095825,4.130000114440918,178100,0.0,0.0
2023-01-26 00:00:00-05:00,4.199999809265137,4.320000171661377,4.081999778747559,4.300000190734863,102000,0.0,0.0
2023-01-27 00:00:00-05:00,4.21999979019165,4.349999904632568,4.130000114440918,4.21999979019165,259900,0.0,0.0
2023-01-30 00:00:00-05:00,4.21999979019165,4.460000038146973,4.190000057220459,4.360000133514404,263100,0.0,0.0
2023-01-31 00:00:00-05:00,4.429999828338623,4.559999942779541,4.380000114440918,4.420000076293945,171100,0.0,0.0
2023-02-01 00:00:00-05:00,4.440000057220459,4.769999980926514,4.40500020980835,4.699999809265137,251700,0.0,0.0
2023-02-02 00:00:00-05:00,4.789999961853027,5.03000020980835,4.460000038146973,4.820000171661377,497500,0.0,0.0
2023-02-03 00:00:00-05:00,4.730000019073486,4.999000072479248,4.570000171661377,4.940000057220459,375300,0.0,0.0
2023-02-06 00:00:00-05:00,4.860000133514404,4.949999809265137,4.670000076293945,4.800000190734863,238200,0.0,0.0
2023-02-07 00:00:00-05:00,4.760000228881836,4.760000228881836,4.400000095367432,4.579999923706055,134800,0.0,0.0
2023-02-08 00:00:00-05:00,4.5,4.579999923706055,4.409999847412109,4.46999979019165,98800,0.0,0.0
2023-02-09 00:00:00-05:00,4.559999942779541,4.565000057220459,4.295000076293945,4.309999942779541,64900,0.0,0.0
2023-02-10 00:00:00-05:00,4.340000152587891,4.340000152587891,4.210000038146973,4.289999961853027,81200,0.0,0.0
2023-02-13 00:00:00-05:00,4.28000020980835,4.335000038146973,4.193999767303467,4.260000228881836,114000,0.0,0.0
2023-02-14 00:00:00-05:00,4.21999979019165,4.264999866485596,4.159999847412109,4.21999979019165,168700,0.0,0.0
2023-02-15 00:00:00-05:00,4.21999979019165,4.360000133514404,4.190000057220459,4.329999923706055,134700,0.0,0.0
2023-02-16 00:00:00-05:00,4.25,4.349999904632568,4.179999828338623,4.210000038146973,70400,0.0,0.0
2023-02-17 00:00:00-05:00,4.199999809265137,4.25,4.050000190734863,4.119999885559082,124300,0.0,0.0
2023-02-21 00:00:00-05:00,4.119999885559082,4.184000015258789,4.0,4.0,128500,0.0,0.0
2023-02-22 00:00:00-05:00,4.050000190734863,4.230000019073486,4.045000076293945,4.139999866485596,104100,0.0,0.0
2023-02-23 00:00:00-05:00,4.170000076293945,4.2210001945495605,4.019999980926514,4.150000095367432,72200,0.0,0.0
2023-02-24 00:00:00-05:00,4.150000095367432,4.150000095367432,4.0,4.070000171661377,122300,0.0,0.0
2023-02-27 00:00:00-05:00,4.150000095367432,4.159999847412109,4.03000020980835,4.059999942779541,65000,0.0,0.0
2023-02-28 00:00:00-05:00,4.059999942779541,4.199999809265137,4.059999942779541,4.130000114440918,98100,0.0,0.0
2023-03-01 00:00:00-05:00,4.139999866485596,4.190000057220459,3.9700000286102295,4.059999942779541,132300,0.0,0.0
2023-03-02 00:00:00-05:00,4.0,4.079999923706055,3.940000057220459,4.059999942779541,60900,0.0,0.0
2023-03-03 00:00:00-05:00,3.990000009536743,4.179999828338623,3.9800000190734863,4.159999847412109,117400,0.0,0.0
2023-03-06 00:00:00-05:00,4.230000019073486,4.230000019073486,3.799999952316284,3.880000114440918,371900,0.0,0.0
2023-03-07 00:00:00-05:00,3.9100000858306885,4.079999923706055,3.8399999141693115,3.9200000762939453,101800,0.0,0.0
2023-03-08 00:00:00-05:00,3.930000066757202,4.03000020980835,3.819999933242798,4.019999980926514,145200,0.0,0.0
2023-03-09 00:00:00-05:00,4.429999828338623,5.590000152587891,4.360000133514404,4.53000020980835,4024600,0.0,0.0
2023-03-10 00:00:00-05:00,4.800000190734863,5.71999979019165,4.639999866485596,5.489999771118164,3566400,0.0,0.0
2023-03-13 00:00:00-04:00,5.480000019073486,6.460000038146973,5.179999828338623,6.230000019073486,1974200,0.0,0.0
2023-03-14 00:00:00-04:00,6.269999980926514,6.75,6.090000152587891,6.690000057220459,1000800,0.0,0.0
2023-03-15 00:00:00-04:00,6.389999866485596,6.590000152587891,6.204999923706055,6.289999961853027,669900,0.0,0.0
2023-03-16 00:00:00-04:00,6.239999771118164,6.289999961853027,5.860000133514404,5.949999809265137,563400,0.0,0.0
2023-03-17 00:00:00-04:00,6.050000190734863,6.869999885559082,6.050000190734863,6.380000114440918,884100,0.0,0.0
2023-03-20 00:00:00-04:00,6.385000228881836,6.579999923706055,6.099999904632568,6.510000228881836,354400,0.0,0.0
2023-03-21 00:00:00-04:00,6.510000228881836,6.804999828338623,6.421999931335449,6.599999904632568,278600,0.0,0.0
2023-03-22 00:00:00-04:00,6.599999904632568,6.795000076293945,6.449999809265137,6.46999979019165,217500,0.0,0.0
2023-03-23 00:00:00-04:00,6.579999923706055,6.909999847412109,6.53000020980835,6.539999961853027,537900,0.0,0.0
2023-03-24 00:00:00-04:00,6.480000019073486,6.840000152587891,6.360000133514404,6.760000228881836,272900,0.0,0.0
2023-03-27 00:00:00-04:00,6.849999904632568,7.150000095367432,6.7820000648498535,6.889999866485596,317600,0.0,0.0
2023-03-28 00:00:00-04:00,6.960000038146973,7.005000114440918,6.650000095367432,6.71999979019165,229100,0.0,0.0
2023-03-29 00:00:00-04:00,6.739999771118164,6.909999847412109,6.659999847412109,6.820000171661377,199900,0.0,0.0
2023-03-30 00:00:00-04:00,6.949999809265137,7.21999979019165,6.866000175476074,7.03000020980835,291400,0.0,0.0
2023-03-31 00:00:00-04:00,7.179999828338623,7.199999809265137,6.921000003814697,7.179999828338623,273700,0.0,0.0
2023-04-03 00:00:00-04:00,7.25,7.579999923706055,7.070000171661377,7.570000171661377,566900,0.0,0.0
2023-04-04 00:00:00-04:00,7.670000076293945,8.029999732971191,7.630000114440918,8.010000228881836,719800,0.0,0.0
2023-04-05 00:00:00-04:00,8.100000381469727,8.164999961853027,7.590000152587891,7.860000133514404,1154800,0.0,0.0
2023-04-06 00:00:00-04:00,7.809999942779541,8.130000114440918,7.75,8.029999732971191,435000,0.0,0.0
2023-04-10 00:00:00-04:00,8.029999732971191,8.270000457763672,7.929999828338623,8.239999771118164,484100,0.0,0.0
2023-04-11 00:00:00-04:00,8.289999961853027,8.359999656677246,8.0600004196167,8.140000343322754,344100,0.0,0.0
2023-04-12 00:00:00-04:00,8.210000038146973,8.619999885559082,8.152000427246094,8.449999809265137,468000,0.0,0.0
2023-04-13 00:00:00-04:00,8.529999732971191,8.529999732971191,8.119999885559082,8.229999542236328,351600,0.0,0.0
2023-04-14 00:00:00-04:00,8.229999542236328,8.529999732971191,8.140000343322754,8.300000190734863,518300,0.0,0.0
2023-04-17 00:00:00-04:00,8.3100004196167,8.3100004196167,7.540999889373779,8.010000228881836,588500,0.0,0.0
2023-04-18 00:00:00-04:00,8.0600004196167,8.15999984741211,7.909999847412109,7.949999809265137,310400,0.0,0.0
2023-04-19 00:00:00-04:00,7.809999942779541,8.050000190734863,7.730000019073486,7.880000114440918,331500,0.0,0.0
2023-04-20 00:00:00-04:00,7.710000038146973,8.239999771118164,7.679999828338623,8.050000190734863,386100,0.0,0.0
2023-04-21 00:00:00-04:00,8.0600004196167,8.300000190734863,8.010000228881836,8.119999885559082,347500,0.0,0.0
2023-04-24 00:00:00-04:00,8.180000305175781,8.279999732971191,7.909999847412109,8.109999656677246,289600,0.0,0.0
2023-04-25 00:00:00-04:00,8.079999923706055,8.079999923706055,7.75,7.800000190734863,152300,0.0,0.0
2023-04-26 00:00:00-04:00,7.800000190734863,7.909999847412109,7.650000095367432,7.78000020980835,171500,0.0,0.0
2023-04-27 00:00:00-04:00,7.78000020980835,7.920000076293945,7.735000133514404,7.860000133514404,198200,0.0,0.0
2023-04-28 00:00:00-04:00,7.829999923706055,8.12399959564209,7.800000190734863,7.989999771118164,301400,0.0,0.0
2023-05-01 00:00:00-04:00,7.96999979019165,8.25,7.691999912261963,7.71999979019165,289300,0.0,0.0
2023-05-02 00:00:00-04:00,7.769999980926514,7.880000114440918,7.420000076293945,7.489999771118164,244100,0.0,0.0
2023-05-03 00:00:00-04:00,7.510000228881836,7.804999828338623,7.449999809265137,7.519999980926514,423700,0.0,0.0
2023-05-04 00:00:00-04:00,8.1899995803833,8.855999946594238,7.260000228881836,7.400000095367432,1145800,0.0,0.0
2023-05-05 00:00:00-04:00,7.5,7.679999828338623,7.090000152587891,7.130000114440918,372300,0.0,0.0
2023-05-08 00:00:00-04:00,7.21999979019165,7.21999979019165,6.590000152587891,6.829999923706055,687300,0.0,0.0
2023-05-09 00:00:00-04:00,6.820000171661377,7.179999828338623,6.71999979019165,7.019999980926514,295500,0.0,0.0
2023-05-10 00:00:00-04:00,7.130000114440918,7.130000114440918,6.829999923706055,6.909999847412109,211300,0.0,0.0
2023-05-11 00:00:00-04:00,6.150000095367432,6.150000095367432,5.519999980926514,5.690000057220459,1545800,0.0,0.0
2023-05-12 00:00:00-04:00,5.230000019073486,5.260000228881836,5.045000076293945,5.159999847412109,7001000,0.0,0.0
2023-05-15 00:00:00-04:00,5.150000095367432,5.309999942779541,4.989999771118164,5.190000057220459,1469300,0.0,0.0
2023-05-16 00:00:00-04:00,5.150000095367432,5.260000228881836,5.079999923706055,5.230000019073486,1888500,0.0,0.0
2023-05-17 00:00:00-04:00,5.21999979019165,5.340000152587891,5.110000133514404,5.239999771118164,1187800,0.0,0.0
2023-05-18 00:00:00-04:00,5.239999771118164,5.289999961853027,5.019999980926514,5.170000076293945,837800,0.0,0.0
2023-05-19 00:00:00-04:00,5.150000095367432,5.190000057220459,5.019999980926514,5.090000152587891,559600,0.0,0.0
2023-05-22 00:00:00-04:00,5.070000171661377,5.170000076293945,4.949999809265137,5.119999885559082,722600,0.0,0.0
2023-05-23 00:00:00-04:00,5.099999904632568,5.260000228881836,5.03000020980835,5.050000190734863,503500,0.0,0.0
2023-05-24 00:00:00-04:00,5.090000152587891,5.110000133514404,5.0,5.039999961853027,1047900,0.0,0.0
2023-05-25 00:00:00-04:00,5.010000228881836,5.070000171661377,4.760000228881836,4.78000020980835,1648100,0.0,0.0
2023-05-26 00:00:00-04:00,4.699999809265137,4.730000019073486,4.309999942779541,4.320000171661377,1838300,0.0,0.0
2023-05-30 00:00:00-04:00,4.340000152587891,4.369999885559082,4.079999923706055,4.150000095367432,1078500,0.0,0.0
2023-05-31 00:00:00-04:00,4.099999904632568,4.144999980926514,3.9800000190734863,4.119999885559082,860500,0.0,0.0
2023-06-01 00:00:00-04:00,4.110000133514404,4.329999923706055,4.010000228881836,4.190000057220459,1301400,0.0,0.0
2023-06-02 00:00:00-04:00,4.199999809265137,4.380000114440918,4.199999809265137,4.360000133514404,545600,0.0,0.0
2023-06-05 00:00:00-04:00,4.389999866485596,4.489999771118164,4.34499979019165,4.360000133514404,505300,0.0,0.0
2023-06-06 00:00:00-04:00,4.349999904632568,4.809999942779541,4.300000190734863,4.800000190734863,860700,0.0,0.0
2023-06-07 00:00:00-04:00,4.769999980926514,4.980000019073486,4.769999980926514,4.960000038146973,739500,0.0,0.0
2023-06-08 00:00:00-04:00,4.960000038146973,4.960000038146973,4.690000057220459,4.710000038146973,423700,0.0,0.0
2023-06-09 00:00:00-04:00,4.760000228881836,5.039999961853027,4.659999847412109,5.039999961853027,633900,0.0,0.0
2023-06-12 00:00:00-04:00,5.039999961853027,5.119999885559082,4.809999942779541,5.099999904632568,617600,0.0,0.0
2023-06-13 00:00:00-04:00,5.059999942779541,5.389999866485596,5.050000190734863,5.269999980926514,842500,0.0,0.0
2023-06-14 00:00:00-04:00,5.369999885559082,5.510000228881836,5.159999847412109,5.25,808400,0.0,0.0
2023-06-15 00:00:00-04:00,5.239999771118164,5.300000190734863,5.010000228881836,5.239999771118164,668700,0.0,0.0
2023-06-16 00:00:00-04:00,5.309999942779541,5.309999942779541,5.019999980926514,5.03000020980835,831100,0.0,0.0
2023-06-20 00:00:00-04:00,5.019999980926514,5.019999980926514,4.739999771118164,5.0,601200,0.0,0.0
2023-06-21 00:00:00-04:00,5.0,5.110000133514404,4.940000057220459,5.090000152587891,390000,0.0,0.0
2023-06-22 00:00:00-04:00,5.059999942779541,5.340000152587891,4.960000038146973,5.159999847412109,394600,0.0,0.0
2023-06-23 00:00:00-04:00,5.119999885559082,5.309999942779541,5.059999942779541,5.099999904632568,1206600,0.0,0.0
2023-06-26 00:00:00-04:00,5.099999904632568,5.239999771118164,5.03000020980835,5.150000095367432,328600,0.0,0.0
2023-06-27 00:00:00-04:00,5.190000057220459,5.320000171661377,5.119999885559082,5.309999942779541,498500,0.0,0.0
2023-06-28 00:00:00-04:00,5.320000171661377,5.320000171661377,5.090000152587891,5.289999961853027,633600,0.0,0.0
2023-06-29 00:00:00-04:00,5.28000020980835,5.5,5.25,5.489999771118164,616100,0.0,0.0
2023-06-30 00:00:00-04:00,5.570000171661377,5.699999809265137,5.5,5.659999847412109,733000,0.0,0.0
2023-07-03 00:00:00-04:00,5.71999979019165,5.809999942779541,5.639999866485596,5.639999866485596,222400,0.0,0.0
2023-07-05 00:00:00-04:00,5.630000114440918,5.630000114440918,5.380000114440918,5.519999980926514,422300,0.0,0.0
2023-07-06 00:00:00-04:00,5.46999979019165,5.510000228881836,5.28000020980835,5.389999866485596,367100,0.0,0.0
2023-07-07 00:00:00-04:00,5.380000114440918,5.590000152587891,5.380000114440918,5.420000076293945,492000,0.0,0.0
2023-07-10 00:00:00-04:00,5.480000019073486,5.539999961853027,5.429999828338623,5.510000228881836,504800,0.0,0.0
2023-07-11 00:00:00-04:00,5.539999961853027,5.559999942779541,5.340000152587891,5.409999847412109,451500,0.0,0.0
2023-07-12 00:00:00-04:00,5.46999979019165,5.610000133514404,5.460000038146973,5.579999923706055,395900,0.0,0.0
2023-07-13 00:00:00-04:00,5.599999904632568,5.629000186920166,5.46999979019165,5.510000228881836,349100,0.0,0.0
2023-07-14 00:00:00-04:00,5.510000228881836,5.550000190734863,5.139999866485596,5.210000038146973,330500,0.0,0.0
2023-07-17 00:00:00-04:00,5.199999809265137,5.409999847412109,5.110000133514404,5.409999847412109,478000,0.0,0.0
2023-07-18 00:00:00-04:00,5.400000095367432,5.510000228881836,5.340000152587891,5.349999904632568,481800,0.0,0.0
2023-07-19 00:00:00-04:00,5.409999847412109,5.760000228881836,5.409999847412109,5.639999866485596,476200,0.0,0.0
2023-07-20 00:00:00-04:00,5.610000133514404,5.610000133514404,5.349999904632568,5.480000019073486,407400,0.0,0.0
2023-07-21 00:00:00-04:00,5.489999771118164,5.550000190734863,5.385000228881836,5.449999809265137,243100,0.0,0.0
2023-07-24 00:00:00-04:00,5.440000057220459,5.590000152587891,5.400000095367432,5.570000171661377,366700,0.0,0.0
2023-07-25 00:00:00-04:00,5.559999942779541,5.672999858856201,5.559999942779541,5.650000095367432,250800,0.0,0.0
2023-07-26 00:00:00-04:00,5.619999885559082,5.710000038146973,5.519999980926514,5.670000076293945,370600,0.0,0.0
2023-07-27 00:00:00-04:00,5.699999809265137,5.760000228881836,5.5,5.550000190734863,308200,0.0,0.0
2023-07-28 00:00:00-04:00,5.579999923706055,5.820000171661377,5.559999942779541,5.789999961853027,278200,0.0,0.0
2023-07-31 00:00:00-04:00,5.820000171661377,5.880000114440918,5.769999980926514,5.860000133514404,366300,0.0,0.0
2023-08-01 00:00:00-04:00,5.849999904632568,5.860000133514404,5.71999979019165,5.789999961853027,334800,0.0,0.0
2023-08-02 00:00:00-04:00,5.75,5.75,5.5,5.550000190734863,534900,0.0,0.0
2023-08-03 00:00:00-04:00,5.550000190734863,6.019999980926514,5.440000057220459,5.789999961853027,2654300,0.0,0.0
2023-08-04 00:00:00-04:00,5.889999866485596,6.670000076293945,5.810999870300293,6.119999885559082,1229100,0.0,0.0
2023-08-07 00:00:00-04:00,6.110000133514404,6.21999979019165,5.78000020980835,6.059999942779541,519600,0.0,0.0
2023-08-08 00:00:00-04:00,5.989999771118164,6.079999923706055,5.710999965667725,5.920000076293945,576700,0.0,0.0
2023-08-09 00:00:00-04:00,5.889999866485596,5.934999942779541,5.710000038146973,5.789999961853027,442900,0.0,0.0
2023-08-10 00:00:00-04:00,5.789999961853027,6.0,5.760000228881836,5.809999942779541,420200,0.0,0.0
2023-08-11 00:00:00-04:00,5.789999961853027,5.989999771118164,5.75,5.989999771118164,397800,0.0,0.0
2023-08-14 00:00:00-04:00,5.940000057220459,6.019999980926514,5.699999809265137,5.920000076293945,267300,0.0,0.0
2023-08-15 00:00:00-04:00,5.900000095367432,6.110000133514404,5.739999771118164,6.079999923706055,388200,0.0,0.0
2023-08-16 00:00:00-04:00,6.059999942779541,6.434999942779541,6.059999942779541,6.369999885559082,479900,0.0,0.0
2023-08-17 00:00:00-04:00,6.420000076293945,6.635000228881836,6.385000228881836,6.400000095367432,977700,0.0,0.0
2023-08-18 00:00:00-04:00,6.289999961853027,6.322999954223633,6.144999980926514,6.21999979019165,396300,0.0,0.0
2023-08-21 00:00:00-04:00,6.210000038146973,6.340000152587891,6.139999866485596,6.150000095367432,324500,0.0,0.0
2023-08-22 00:00:00-04:00,6.230000019073486,6.25,5.889999866485596,6.119999885559082,535200,0.0,0.0
2023-08-23 00:00:00-04:00,6.079999923706055,6.183000087738037,6.059999942779541,6.130000114440918,254500,0.0,0.0
2023-08-24 00:00:00-04:00,6.130000114440918,6.130000114440918,5.619999885559082,5.639999866485596,385400,0.0,0.0
2023-08-25 00:00:00-04:00,5.699999809265137,5.789999961853027,5.635000228881836,5.650000095367432,206600,0.0,0.0
2023-08-28 00:00:00-04:00,5.699999809265137,5.710000038146973,5.559999942779541,5.639999866485596,273200,0.0,0.0
2023-08-29 00:00:00-04:00,5.659999847412109,5.764999866485596,5.53000020980835,5.679999828338623,195900,0.0,0.0
2023-08-30 00:00:00-04:00,5.650000095367432,5.840000152587891,5.5,5.760000228881836,282400,0.0,0.0
2023-08-31 00:00:00-04:00,5.739999771118164,5.769999980926514,5.559999942779541,5.590000152587891,305100,0.0,0.0
2023-09-01 00:00:00-04:00,5.599999904632568,5.699999809265137,5.429999828338623,5.449999809265137,243000,0.0,0.0
2023-09-05 00:00:00-04:00,5.440000057220459,5.440000057220459,5.269999980926514,5.380000114440918,256600,0.0,0.0
2023-09-06 00:00:00-04:00,5.349999904632568,5.349999904632568,5.119999885559082,5.269999980926514,432000,0.0,0.0
2023-09-07 00:00:00-04:00,5.260000228881836,5.329999923706055,5.179999828338623,5.199999809265137,605500,0.0,0.0
2023-09-08 00:00:00-04:00,5.230000019073486,5.369999885559082,5.139999866485596,5.239999771118164,346700,0.0,0.0
2023-09-11 00:00:00-04:00,5.300000190734863,5.420000076293945,5.079999923706055,5.079999923706055,385000,0.0,0.0
2023-09-12 00:00:00-04:00,5.070000171661377,5.260000228881836,5.010000228881836,5.019999980926514,268900,0.0,0.0
2023-09-13 00:00:00-04:00,5.0,5.03000020980835,4.71999979019165,4.75,756600,0.0,0.0
2023-09-14 00:00:00-04:00,4.78000020980835,4.849999904632568,4.550000190734863,4.570000171661377,461800,0.0,0.0
2023-09-15 00:00:00-04:00,4.570000171661377,4.599999904632568,4.360000133514404,4.559999942779541,639300,0.0,0.0
2023-09-18 00:00:00-04:00,4.559999942779541,4.769999980926514,4.519999980926514,4.730000019073486,743800,0.0,0.0
2023-09-19 00:00:00-04:00,4.71999979019165,4.84499979019165,4.190000057220459,4.460000038146973,2401500,0.0,0.0
2023-09-20 00:00:00-04:00,4.510000228881836,4.610000133514404,4.400000095367432,4.480000019073486,658100,0.0,0.0
2023-09-21 00:00:00-04:00,4.429999828338623,4.519999980926514,4.389999866485596,4.489999771118164,452300,0.0,0.0
2023-09-22 00:00:00-04:00,4.489999771118164,4.550000190734863,4.40500020980835,4.510000228881836,350000,0.0,0.0
2023-09-25 00:00:00-04:00,4.590000152587891,5.099999904632568,4.590000152587891,4.840000152587891,719300,0.0,0.0
2023-09-26 00:00:00-04:00,4.75,4.781000137329102,4.425000190734863,4.480000019073486,684200,0.0,0.0
2023-09-27 00:00:00-04:00,4.480000019073486,4.644999980926514,4.454999923706055,4.570000171661377,488200,0.0,0.0
2023-09-28 00:00:00-04:00,4.559999942779541,4.730000019073486,4.449999809265137,4.699999809265137,385100,0.0,0.0
2023-09-29 00:00:00-04:00,4.760000228881836,5.139999866485596,4.760000228881836,5.099999904632568,1030200,0.0,0.0
2023-10-02 00:00:00-04:00,5.099999904632568,5.269999980926514,4.96999979019165,5.260000228881836,918200,0.0,0.0
2023-10-03 00:00:00-04:00,5.239999771118164,5.28000020980835,4.909999847412109,5.0,773000,0.0,0.0
2023-10-04 00:00:00-04:00,5.010000228881836,5.058000087738037,4.849999904632568,4.900000095367432,434800,0.0,0.0
2023-10-05 00:00:00-04:00,4.880000114440918,4.929999828338623,4.735000133514404,4.829999923706055,459100,0.0,0.0
2023-10-06 00:00:00-04:00,4.829999923706055,4.929999828338623,4.739999771118164,4.829999923706055,380500,0.0,0.0
2023-10-09 00:00:00-04:00,4.829999923706055,4.869999885559082,4.5,4.679999828338623,450200,0.0,0.0
2023-10-10 00:00:00-04:00,4.690000057220459,4.945000171661377,4.690000057220459,4.900000095367432,293200,0.0,0.0
2023-10-11 00:00:00-04:00,4.889999866485596,4.900000095367432,4.46999979019165,4.539999961853027,510400,0.0,0.0
2023-10-12 00:00:00-04:00,4.570000171661377,4.570000171661377,4.375,4.510000228881836,579300,0.0,0.0
2023-10-13 00:00:00-04:00,4.489999771118164,4.570000171661377,4.190000057220459,4.230000019073486,460700,0.0,0.0
2023-10-16 00:00:00-04:00,4.28000020980835,4.53000020980835,4.28000020980835,4.489999771118164,322600,0.0,0.0
2023-10-17 00:00:00-04:00,4.429999828338623,4.610000133514404,4.369999885559082,4.519999980926514,323700,0.0,0.0
2023-10-18 00:00:00-04:00,4.489999771118164,4.489999771118164,4.119999885559082,4.139999866485596,393800,0.0,0.0
2023-10-19 00:00:00-04:00,4.159999847412109,4.235000133514404,4.050000190734863,4.050000190734863,388100,0.0,0.0
2023-10-20 00:00:00-04:00,4.050000190734863,4.130000114440918,3.950000047683716,4.019999980926514,278900,0.0,0.0
2023-10-23 00:00:00-04:00,3.9600000381469727,4.085000038146973,3.880000114440918,3.9700000286102295,292700,0.0,0.0
2023-10-24 00:00:00-04:00,4.019999980926514,4.09499979019165,3.930000066757202,3.940000057220459,286400,0.0,0.0
2023-10-25 00:00:00-04:00,3.9200000762939453,3.940000057220459,3.7200000286102295,3.7799999713897705,280200,0.0,0.0
2023-10-26 00:00:00-04:00,3.799999952316284,3.927999973297119,3.799999952316284,3.9200000762939453,433800,0.0,0.0
2023-10-27 00:00:00-04:00,3.940000057220459,3.9700000286102295,3.799999952316284,3.8299999237060547,373200,0.0,0.0
2023-10-30 00:00:00-04:00,3.9000000953674316,3.9000000953674316,3.759999990463257,3.819999933242798,375400,0.0,0.0
2023-10-31 00:00:00-04:00,3.859999895095825,3.9000000953674316,3.759999990463257,3.8499999046325684,303400,0.0,0.0
2023-11-01 00:00:00-04:00,3.8499999046325684,3.875,3.684999942779541,3.75,453000,0.0,0.0
2023-11-02 00:00:00-04:00,3.869999885559082,4.019999980926514,3.8399999141693115,4.0,302100,0.0,0.0
2023-11-03 00:00:00-04:00,4.070000171661377,4.289999961853027,4.059999942779541,4.170000076293945,533200,0.0,0.0
2023-11-06 00:00:00-05:00,4.190000057220459,4.224999904632568,3.859999895095825,3.950000047683716,965200,0.0,0.0
2023-11-07 00:00:00-05:00,4.199999809265137,4.75,3.9600000381469727,4.699999809265137,2312900,0.0,0.0
2023-11-08 00:00:00-05:00,4.78000020980835,4.78000020980835,4.40500020980835,4.53000020980835,717600,0.0,0.0
2023-11-09 00:00:00-05:00,4.550000190734863,4.550000190734863,4.239999771118164,4.489999771118164,1280700,0.0,0.0
2023-11-10 00:00:00-05:00,4.449999809265137,4.5,4.360000133514404,4.480000019073486,405100,0.0,0.0
2023-11-13 00:00:00-05:00,4.440000057220459,4.460000038146973,4.300000190734863,4.429999828338623,504200,0.0,0.0
2023-11-14 00:00:00-05:00,4.5,4.710000038146973,4.449999809265137,4.550000190734863,1049800,0.0,0.0
2023-11-15 00:00:00-05:00,4.570000171661377,4.789999961853027,4.480000019073486,4.690000057220459,1005600,0.0,0.0
2023-11-16 00:00:00-05:00,4.650000095367432,4.650000095367432,4.429999828338623,4.590000152587891,389900,0.0,0.0
2023-11-17 00:00:00-05:00,4.650000095367432,4.670000076293945,4.349999904632568,4.650000095367432,517900,0.0,0.0
2023-11-20 00:00:00-05:00,4.690000057220459,5.329999923706055,4.599999904632568,5.300000190734863,2032900,0.0,0.0
2023-11-21 00:00:00-05:00,5.239999771118164,5.445000171661377,5.110000133514404,5.409999847412109,994800,0.0,0.0
2023-11-22 00:00:00-05:00,5.489999771118164,5.554999828338623,5.320000171661377,5.429999828338623,608700,0.0,0.0
2023-11-24 00:00:00-05:00,5.420000076293945,5.539999961853027,5.230000019073486,5.269999980926514,466100,0.0,0.0
2023-11-27 00:00:00-05:00,5.289999961853027,5.40500020980835,5.199999809265137,5.360000133514404,489300,0.0,0.0
2023-11-28 00:00:00-05:00,5.309999942779541,5.409999847412109,5.181000232696533,5.360000133514404,458000,0.0,0.0
2023-11-29 00:00:00-05:00,5.420000076293945,5.5,5.239999771118164,5.349999904632568,433900,0.0,0.0
2023-11-30 00:00:00-05:00,5.349999904632568,5.360000133514404,5.159999847412109,5.210000038146973,397800,0.0,0.0
2023-12-01 00:00:00-05:00,5.179999828338623,5.389999866485596,5.03000020980835,5.380000114440918,479000,0.0,0.0
2023-12-04 00:00:00-05:00,5.309999942779541,5.510000228881836,5.309999942779541,5.429999828338623,359500,0.0,0.0
2023-12-05 00:00:00-05:00,5.429999828338623,5.449999809265137,5.130000114440918,5.150000095367432,341000,0.0,0.0
2023-12-06 00:00:00-05:00,5.199999809265137,5.340000152587891,5.135000228881836,5.150000095367432,562000,0.0,0.0
2023-12-07 00:00:00-05:00,5.130000114440918,5.360000133514404,5.130000114440918,5.349999904632568,333200,0.0,0.0
2023-12-08 00:00:00-05:00,5.320000171661377,5.369999885559082,5.210000038146973,5.210000038146973,282400,0.0,0.0
2023-12-11 00:00:00-05:00,5.190000057220459,5.360000133514404,5.138999938964844,5.329999923706055,301900,0.0,0.0
2023-12-12 00:00:00-05:00,5.150000095367432,5.199999809265137,4.974999904632568,5.110000133514404,592000,0.0,0.0
2023-12-13 00:00:00-05:00,5.050000190734863,5.434999942779541,5.0,5.380000114440918,453600,0.0,0.0
2023-12-14 00:00:00-05:00,5.449999809265137,5.760000228881836,5.434999942779541,5.539999961853027,725700,0.0,0.0
2023-12-15 00:00:00-05:00,5.599999904632568,5.699999809265137,5.369999885559082,5.420000076293945,656600,0.0,0.0
2023-12-18 00:00:00-05:00,5.420000076293945,5.550000190734863,5.329999923706055,5.46999979019165,370300,0.0,0.0
2023-12-19 00:00:00-05:00,5.510000228881836,5.679999828338623,5.429999828338623,5.639999866485596,442000,0.0,0.0
2023-12-20 00:00:00-05:00,5.630000114440918,5.960000038146973,5.505000114440918,5.53000020980835,703500,0.0,0.0
2023-12-21 00:00:00-05:00,5.679999828338623,5.78000020980835,5.570000171661377,5.730000019073486,353000,0.0,0.0
2023-12-22 00:00:00-05:00,5.760000228881836,5.96999979019165,5.724999904632568,5.960000038146973,460700,0.0,0.0
2023-12-26 00:00:00-05:00,5.960000038146973,6.050000190734863,5.840000152587891,6.0,428800,0.0,0.0
2023-12-27 00:00:00-05:00,6.039999961853027,6.210000038146973,5.995999813079834,6.199999809265137,461600,0.0,0.0
2023-12-28 00:00:00-05:00,6.170000076293945,6.360000133514404,6.099999904632568,6.230000019073486,616100,0.0,0.0
2023-12-29 00:00:00-05:00,6.21999979019165,6.28000020980835,6.110000133514404,6.159999847412109,439100,0.0,0.0
2024-01-02 00:00:00-05:00,6.110000133514404,6.224999904632568,5.940000057220459,5.96999979019165,439400,0.0,0.0
2024-01-03 00:00:00-05:00,5.730000019073486,5.815999984741211,5.46999979019165,5.539999961853027,721800,0.0,0.0
2024-01-04 00:00:00-05:00,5.619999885559082,5.670000076293945,5.5,5.5,451500,0.0,0.0
2024-01-05 00:00:00-05:00,5.510000228881836,6.014999866485596,5.441999912261963,5.900000095367432,1114600,0.0,0.0
2024-01-08 00:00:00-05:00,3.8299999237060547,4.059999942779541,3.549999952316284,3.5999999046325684,8371800,0.0,0.0
2024-01-09 00:00:00-05:00,3.6600000858306885,3.6600000858306885,3.380000114440918,3.5,2704200,0.0,0.0
2024-01-10 00:00:00-05:00,3.440000057220459,3.450000047683716,3.2200000286102295,3.369999885559082,2319000,0.0,0.0
2024-01-11 00:00:00-05:00,3.359999895095825,3.359999895095825,3.130000114440918,3.200000047683716,2311100,0.0,0.0
2024-01-12 00:00:00-05:00,3.2699999809265137,3.2699999809265137,3.0450000762939453,3.059999942779541,1774700,0.0,0.0
2024-01-16 00:00:00-05:00,3.059999942779541,3.1500000953674316,2.9000000953674316,3.0,2152800,0.0,0.0
2024-01-17 00:00:00-05:00,2.9700000286102295,3.0899999141693115,2.940000057220459,2.9800000190734863,1449100,0.0,0.0
2024-01-18 00:00:00-05:00,3.0199999809265137,3.0350000858306885,2.890000104904175,2.9700000286102295,1292700,0.0,0.0
2024-01-19 00:00:00-05:00,2.9700000286102295,3.109999895095825,2.8499999046325684,3.069999933242798,1449200,0.0,0.0
2024-01-22 00:00:00-05:00,3.0799999237060547,3.1600000858306885,2.9800000190734863,3.009999990463257,1086600,0.0,0.0
2024-01-23 00:00:00-05:00,3.049999952316284,3.049999952316284,2.880000114440918,2.9000000953674316,950600,0.0,0.0
2024-01-24 00:00:00-05:00,2.940000057220459,2.950000047683716,2.859999895095825,2.9100000858306885,978500,0.0,0.0
2024-01-25 00:00:00-05:00,2.990000009536743,2.990000009536743,2.880000114440918,2.890000104904175,717600,0.0,0.0
2024-01-26 00:00:00-05:00,2.9200000762939453,2.9649999141693115,2.799999952316284,2.799999952316284,850300,0.0,0.0
2024-01-29 00:00:00-05:00,2.799999952316284,2.9100000858306885,2.690000057220459,2.9100000858306885,1237700,0.0,0.0
2024-01-30 00:00:00-05:00,2.890000104904175,2.9700000286102295,2.8550000190734863,2.9200000762939453,811700,0.0,0.0
2024-01-31 00:00:00-05:00,2.880000114440918,2.9600000381469727,2.7899999618530273,2.7899999618530273,764500,0.0,0.0
2024-02-01 00:00:00-05:00,2.809999942779541,2.869999885559082,2.7300000190734863,2.7699999809265137,778100,0.0,0.0
2024-02-02 00:00:00-05:00,2.6600000858306885,2.700000047683716,2.609999895095825,2.690000057220459,1440600,0.0,0.0
2024-02-05 00:00:00-05:00,2.6700000762939453,2.680000066757202,2.569999933242798,2.5899999141693115,1198300,0.0,0.0
2024-02-06 00:00:00-05:00,2.569999933242798,2.6700000762939453,2.569999933242798,2.6500000953674316,751600,0.0,0.0
2024-02-07 00:00:00-05:00,2.640000104904175,2.640000104904175,2.569999933242798,2.5999999046325684,929400,0.0,0.0
2024-02-08 00:00:00-05:00,2.5999999046325684,2.7799999713897705,2.5899999141693115,2.7799999713897705,791000,0.0,0.0
2024-02-09 00:00:00-05:00,2.7799999713897705,2.880000114440918,2.75,2.8499999046325684,751000,0.0,0.0
2024-02-12 00:00:00-05:00,2.8499999046325684,3.0269999504089355,2.8499999046325684,2.9800000190734863,780300,0.0,0.0
2024-02-13 00:00:00-05:00,2.7799999713897705,2.8489999771118164,2.7200000286102295,2.7699999809265137,867900,0.0,0.0
2024-02-14 00:00:00-05:00,2.809999942779541,2.859999895095825,2.7200000286102295,2.809999942779541,527900,0.0,0.0
2024-02-15 00:00:00-05:00,2.8299999237060547,2.930000066757202,2.7750000953674316,2.809999942779541,689500,0.0,0.0
2024-02-16 00:00:00-05:00,2.7899999618530273,2.8399999141693115,2.7200000286102295,2.7200000286102295,563800,0.0,0.0
2024-02-20 00:00:00-05:00,2.694999933242798,2.7100000381469727,2.630000114440918,2.640000104904175,660400,0.0,0.0
2024-02-21 00:00:00-05:00,2.630000114440918,2.6600000858306885,2.5899999141693115,2.640000104904175,527700,0.0,0.0
2024-02-22 00:00:00-05:00,2.6700000762939453,2.680000066757202,2.5999999046325684,2.5999999046325684,399000,0.0,0.0
2024-02-23 00:00:00-05:00,2.609999895095825,2.7300000190734863,2.5999999046325684,2.619999885559082,921900,0.0,0.0
2024-02-26 00:00:00-05:00,2.630000114440918,2.630000114440918,2.559999942779541,2.5799999237060547,776400,0.0,0.0
2024-02-27 00:00:00-05:00,2.5999999046325684,2.6500000953674316,2.5199999809265137,2.5299999713897705,973300,0.0,0.0
2024-02-28 00:00:00-05:00,2.5299999713897705,2.680000066757202,2.5,2.6500000953674316,820400,0.0,0.0
2024-02-29 00:00:00-05:00,2.690000057220459,2.759999990463257,2.6600000858306885,2.700000047683716,480300,0.0,0.0
2024-03-01 00:00:00-05:00,2.7100000381469727,2.75,2.640000104904175,2.7300000190734863,611400,0.0,0.0
2024-03-04 00:00:00-05:00,2.7699999809265137,2.799999952316284,2.6700000762939453,2.680000066757202,514400,0.0,0.0
2024-03-05 00:00:00-05:00,2.6500000953674316,2.6600000858306885,2.559999942779541,2.569999933242798,430700,0.0,0.0
2024-03-06 00:00:00-05:00,2.559999942779541,2.569999933242798,2.390000104904175,2.5,1301700,0.0,0.0
2024-03-07 00:00:00-05:00,2.509999990463257,2.569999933242798,2.4149999618530273,2.450000047683716,458000,0.0,0.0
2024-03-08 00:00:00-05:00,2.450000047683716,2.569999933242798,2.430000066757202,2.4600000381469727,551000,0.0,0.0
2024-03-11 00:00:00-04:00,2.4600000381469727,2.494999885559082,2.441999912261963,2.4800000190734863,265600,0.0,0.0
2024-03-12 00:00:00-04:00,2.490000009536743,2.5399999618530273,2.430000066757202,2.450000047683716,413400,0.0,0.0
2024-03-13 00:00:00-04:00,2.450000047683716,2.5299999713897705,2.4000000953674316,2.4100000858306885,1137100,0.0,0.0
2024-03-14 00:00:00-04:00,2.3499999046325684,2.4000000953674316,2.069999933242798,2.119999885559082,2392600,0.0,0.0
2024-03-15 00:00:00-04:00,2.109999895095825,2.380000114440918,2.0399999618530273,2.3399999141693115,1390600,0.0,0.0
2024-03-18 00:00:00-04:00,2.3299999237060547,2.3299999237060547,2.0299999713897705,2.0299999713897705,878400,0.0,0.0
2024-03-19 00:00:00-04:00,2.190000057220459,2.319999933242798,2.140000104904175,2.1600000858306885,1255700,0.0,0.0
2024-03-20 00:00:00-04:00,2.1600000858306885,2.259999990463257,2.0799999237060547,2.25,1040100,0.0,0.0
2024-03-21 00:00:00-04:00,2.240000009536743,2.319999933242798,2.2100000381469727,2.2200000286102295,544600,0.0,0.0
2024-03-22 00:00:00-04:00,2.2200000286102295,2.240000009536743,2.1500000953674316,2.1600000858306885,351400,0.0,0.0
2024-03-25 00:00:00-04:00,2.1500000953674316,2.240000009536743,2.119999885559082,2.119999885559082,696100,0.0,0.0
2024-03-26 00:00:00-04:00,2.140000104904175,2.1500000953674316,2.0199999809265137,2.059999942779541,935600,0.0,0.0
2024-03-27 00:00:00-04:00,2.0899999141693115,2.1500000953674316,2.0799999237060547,2.0999999046325684,500300,0.0,0.0
2024-03-28 00:00:00-04:00,2.130000114440918,2.200000047683716,2.115000009536743,2.1700000762939453,635000,0.0,0.0
2024-04-01 00:00:00-04:00,2.180000066757202,2.180000066757202,2.0299999713897705,2.0299999713897705,708600,0.0,0.0
2024-04-02 00:00:00-04:00,2.0199999809265137,2.0350000858306885,1.9550000429153442,2.0,1121400,0.0,0.0
2024-04-03 00:00:00-04:00,1.9900000095367432,2.0299999713897705,1.9199999570846558,1.940000057220459,573900,0.0,0.0
2024-04-04 00:00:00-04:00,1.9900000095367432,2.0199999809265137,1.909999966621399,1.909999966621399,534600,0.0,0.0
2024-04-05 00:00:00-04:00,1.9199999570846558,1.9500000476837158,1.8949999809265137,1.909999966621399,511700,0.0,0.0
2024-04-08 00:00:00-04:00,1.9199999570846558,2.0399999618530273,1.9199999570846558,2.0199999809265137,608800,0.0,0.0
2024-04-09 00:00:00-04:00,2.0299999713897705,2.049999952316284,1.9700000286102295,1.9800000190734863,1339700,0.0,0.0
2024-04-10 00:00:00-04:00,1.9700000286102295,1.9900000095367432,1.8799999952316284,1.940000057220459,487000,0.0,0.0
2024-04-11 00:00:00-04:00,1.899999976158142,2.005000114440918,1.899999976158142,1.9900000095367432,439200,0.0,0.0
2024-04-12 00:00:00-04:00,1.9600000381469727,1.9700000286102295,1.899999976158142,1.899999976158142,370600,0.0,0.0
2024-04-15 00:00:00-04:00,1.940000057220459,1.940000057220459,1.8200000524520874,1.8200000524520874,548200,0.0,0.0
2024-04-16 00:00:00-04:00,1.8200000524520874,1.840000033378601,1.7699999809265137,1.7799999713897705,349400,0.0,0.0
2024-04-17 00:00:00-04:00,1.809999942779541,1.850000023841858,1.7400000095367432,1.7699999809265137,625500,0.0,0.0
2024-04-18 00:00:00-04:00,1.7899999618530273,1.8580000400543213,1.75,1.7799999713897705,464700,0.0,0.0
2024-04-19 00:00:00-04:00,1.7799999713897705,1.8200000524520874,1.7400000095367432,1.809999942779541,438300,0.0,0.0
2024-04-22 00:00:00-04:00,1.809999942779541,1.8899999856948853,1.7899999618530273,1.8200000524520874,350200,0.0,0.0
2024-04-23 00:00:00-04:00,1.8200000524520874,1.9299999475479126,1.809999942779541,1.8899999856948853,285400,0.0,0.0
2024-04-24 00:00:00-04:00,1.899999976158142,1.9600000381469727,1.88100004196167,1.940000057220459,351400,0.0,0.0
2024-04-25 00:00:00-04:00,1.8799999952316284,1.9199999570846558,1.8300000429153442,1.8799999952316284,327200,0.0,0.0
2024-04-26 00:00:00-04:00,1.8700000047683716,1.934999942779541,1.840000033378601,1.8799999952316284,284400,0.0,0.0
2024-04-29 00:00:00-04:00,1.899999976158142,2.0,1.899999976158142,1.9500000476837158,417500,0.0,0.0
2024-04-30 00:00:00-04:00,1.9500000476837158,1.9500000476837158,1.8700000047683716,1.8799999952316284,201200,0.0,0.0
2024-05-01 00:00:00-04:00,1.940000057220459,1.940000057220459,1.8350000381469727,1.850000023841858,295800,0.0,0.0
2024-05-02 00:00:00-04:00,1.8600000143051147,1.8899999856948853,1.8200000524520874,1.8799999952316284,237300,0.0,0.0
2024-05-03 00:00:00-04:00,1.899999976158142,2.0399999618530273,1.899999976158142,1.9700000286102295,343600,0.0,0.0
2024-05-06 00:00:00-04:00,1.9900000095367432,2.0179998874664307,1.909999966621399,1.9199999570846558,318200,0.0,0.0
2024-05-07 00:00:00-04:00,1.9299999475479126,1.9900000095367432,1.9299999475479126,1.9500000476837158,188700,0.0,0.0
2024-05-08 00:00:00-04:00,1.9500000476837158,1.9800000190734863,1.8899999856948853,1.9700000286102295,776700,0.0,0.0
2024-05-09 00:00:00-04:00,2.009999990463257,2.2699999809265137,1.9199999570846558,2.069999933242798,988300,0.0,0.0
2024-05-10 00:00:00-04:00,2.0799999237060547,2.1549999713897705,1.975000023841858,2.0299999713897705,476400,0.0,0.0
2024-05-13 00:00:00-04:00,2.0299999713897705,2.130000114440918,2.0,2.0,289500,0.0,0.0
2024-05-14 00:00:00-04:00,2.009999990463257,2.0999999046325684,2.0,2.009999990463257,231900,0.0,0.0
2024-05-15 00:00:00-04:00,2.0299999713897705,2.049999952316284,1.9700000286102295,2.0,334300,0.0,0.0
2024-05-16 00:00:00-04:00,2.0,2.065000057220459,1.9900000095367432,2.0399999618530273,409000,0.0,0.0
2024-05-17 00:00:00-04:00,2.059999942779541,2.0850000381469727,1.9900000095367432,2.0199999809265137,325400,0.0,0.0
2024-05-20 00:00:00-04:00,2.0299999713897705,2.059999942779541,2.0,2.0199999809265137,309600,0.0,0.0
2024-05-21 00:00:00-04:00,2.0199999809265137,2.059999942779541,1.9800000190734863,2.049999952316284,385900,0.0,0.0
2024-05-22 00:00:00-04:00,2.0399999618530273,2.0799999237060547,2.0,2.0799999237060547,275100,0.0,0.0
2024-05-23 00:00:00-04:00,2.069999933242798,2.069999933242798,1.940000057220459,1.9600000381469727,363800,0.0,0.0
2024-05-24 00:00:00-04:00,1.9700000286102295,1.9700000286102295,1.8300000429153442,1.8600000143051147,388100,0.0,0.0
2024-05-28 00:00:00-04:00,1.8300000429153442,1.8600000143051147,1.809999942779541,1.8600000143051147,324200,0.0,0.0
2024-05-29 00:00:00-04:00,1.8300000429153442,1.940000057220459,1.8300000429153442,1.9299999475479126,306600,0.0,0.0
2024-05-30 00:00:00-04:00,1.940000057220459,1.9600000381469727,1.9249999523162842,1.940000057220459,217200,0.0,0.0
2024-05-31 00:00:00-04:00,1.9500000476837158,1.9900000095367432,1.9500000476837158,1.9500000476837158,226200,0.0,0.0
2024-06-03 00:00:00-04:00,1.9500000476837158,2.0299999713897705,1.8899999856948853,1.8899999856948853,584200,0.0,0.0
2024-06-04 00:00:00-04:00,1.899999976158142,1.9800000190734863,1.8700000047683716,1.8700000047683716,177700,0.0,0.0
2024-06-05 00:00:00-04:00,1.909999966621399,1.9800000190734863,1.8650000095367432,1.9700000286102295,284200,0.0,0.0
2024-06-06 00:00:00-04:00,1.9500000476837158,2.005000114440918,1.899999976158142,1.9199999570846558,196600,0.0,0.0
2024-06-07 00:00:00-04:00,1.899999976158142,1.9500000476837158,1.8300000429153442,1.8600000143051147,231000,0.0,0.0
2024-06-10 00:00:00-04:00,1.850000023841858,1.909999966621399,1.840000033378601,1.8799999952316284,178700,0.0,0.0
2024-06-11 00:00:00-04:00,1.850000023841858,2.0,1.850000023841858,1.9900000095367432,283300,0.0,0.0
2024-06-12 00:00:00-04:00,2.0,2.069999933242798,1.965000033378601,1.9800000190734863,264500,0.0,0.0
2024-06-13 00:00:00-04:00,1.9800000190734863,1.9900000095367432,1.940000057220459,1.9500000476837158,161500,0.0,0.0
2024-06-14 00:00:00-04:00,2.049999952316284,2.190000057220459,2.0199999809265137,2.0899999141693115,682200,0.0,0.0
2024-06-17 00:00:00-04:00,2.069999933242798,2.140000104904175,2.0299999713897705,2.0999999046325684,266500,0.0,0.0
2024-06-18 00:00:00-04:00,2.0799999237060547,2.1700000762939453,2.069999933242798,2.069999933242798,264600,0.0,0.0
2024-06-20 00:00:00-04:00,2.0299999713897705,2.1500000953674316,2.0299999713897705,2.119999885559082,316700,0.0,0.0
2024-06-21 00:00:00-04:00,2.119999885559082,2.1700000762939453,2.0999999046325684,2.1600000858306885,383800,0.0,0.0
2024-06-24 00:00:00-04:00,2.180000066757202,2.259999990463257,2.1500000953674316,2.2100000381469727,335800,0.0,0.0
2024-06-25 00:00:00-04:00,2.2300000190734863,2.2300000190734863,2.130000114440918,2.130000114440918,162400,0.0,0.0
2024-06-26 00:00:00-04:00,2.109999895095825,2.25,2.0999999046325684,2.2100000381469727,216900,0.0,0.0
2024-06-27 00:00:00-04:00,2.2100000381469727,2.2300000190734863,2.119999885559082,2.200000047683716,165500,0.0,0.0
2024-06-28 00:00:00-04:00,2.1700000762939453,2.299999952316284,2.0999999046325684,2.2799999713897705,934000,0.0,0.0
2024-07-01 00:00:00-04:00,2.2799999713897705,2.2799999713897705,2.049999952316284,2.119999885559082,497100,0.0,0.0
2024-07-02 00:00:00-04:00,2.0799999237060547,2.0999999046325684,2.0399999618530273,2.059999942779541,106200,0.0,0.0
2024-07-03 00:00:00-04:00,2.059999942779541,2.0899999141693115,2.049999952316284,2.0799999237060547,69900,0.0,0.0
2024-07-05 00:00:00-04:00,2.059999942779541,2.130000114440918,2.0299999713897705,2.0899999141693115,251600,0.0,0.0
2024-07-08 00:00:00-04:00,2.0899999141693115,2.180000066757202,2.0850000381469727,2.1600000858306885,156200,0.0,0.0
2024-07-09 00:00:00-04:00,2.1600000858306885,2.1700000762939453,2.0950000286102295,2.109999895095825,112400,0.0,0.0
2024-07-10 00:00:00-04:00,2.119999885559082,2.1429998874664307,2.059999942779541,2.109999895095825,91200,0.0,0.0
2024-07-11 00:00:00-04:00,2.1500000953674316,2.509999990463257,2.109999895095825,2.5,1016400,0.0,0.0
2024-07-12 00:00:00-04:00,2.4700000286102295,2.569999933242798,2.450000047683716,2.4800000190734863,231700,0.0,0.0
2024-07-15 00:00:00-04:00,2.4700000286102295,2.490000009536743,2.2799999713897705,2.319999933242798,748300,0.0,0.0
2024-07-16 00:00:00-04:00,2.380000114440918,2.5,2.319999933242798,2.4200000762939453,571800,0.0,0.0
2024-07-17 00:00:00-04:00,2.369999885559082,2.450000047683716,2.3499999046325684,2.4200000762939453,237500,0.0,0.0
2024-07-18 00:00:00-04:00,2.390000104904175,2.4600000381469727,2.259999990463257,2.3299999237060547,174200,0.0,0.0
2024-07-19 00:00:00-04:00,2.2899999618530273,2.390000104904175,2.2899999618530273,2.3499999046325684,108000,0.0,0.0
2024-07-22 00:00:00-04:00,2.369999885559082,2.440000057220459,2.299999952316284,2.4100000858306885,256700,0.0,0.0
2024-07-23 00:00:00-04:00,2.359999895095825,2.444999933242798,2.359999895095825,2.4200000762939453,154800,0.0,0.0
2024-07-24 00:00:00-04:00,2.369999885559082,2.440000057220459,2.325000047683716,2.3499999046325684,195000,0.0,0.0
2024-07-25 00:00:00-04:00,2.369999885559082,2.450000047683716,2.369999885559082,2.4000000953674316,163800,0.0,0.0
2024-07-26 00:00:00-04:00,2.430000066757202,2.5,2.4000000953674316,2.430000066757202,187800,0.0,0.0
2024-07-29 00:00:00-04:00,2.440000057220459,2.4549999237060547,2.390000104904175,2.430000066757202,249200,0.0,0.0
2024-07-30 00:00:00-04:00,2.4100000858306885,2.4700000286102295,2.369999885559082,2.4200000762939453,178300,0.0,0.0
2024-07-31 00:00:00-04:00,2.4600000381469727,2.4800000190734863,2.380000114440918,2.390000104904175,229000,0.0,0.0
2024-08-01 00:00:00-04:00,2.369999885559082,2.4200000762939453,2.265000104904175,2.309999942779541,232900,0.0,0.0
2024-08-02 00:00:00-04:00,2.240000009536743,2.2899999618530273,2.1500000953674316,2.1600000858306885,206100,0.0,0.0
2024-08-05 00:00:00-04:00,2.109999895095825,2.130000114440918,1.965000033378601,1.9800000190734863,484800,0.0,0.0
2024-08-06 00:00:00-04:00,2.0199999809265137,2.0399999618530273,1.9299999475479126,2.0199999809265137,227700,0.0,0.0
2024-08-07 00:00:00-04:00,1.8200000524520874,1.8350000381469727,1.0800000429153442,1.090000033378601,3053900,0.0,0.0
2024-08-08 00:00:00-04:00,1.1699999570846558,1.2100000381469727,1.1200000047683716,1.1799999475479126,1205100,0.0,0.0
2024-08-09 00:00:00-04:00,1.1699999570846558,1.3799999952316284,1.1699999570846558,1.3200000524520874,755700,0.0,0.0
2024-08-12 00:00:00-04:00,1.2999999523162842,1.3380000591278076,1.2599999904632568,1.2699999809265137,424400,0.0,0.0
2024-08-13 00:00:00-04:00,1.3600000143051147,1.440000057220459,1.309999942779541,1.3300000429153442,592500,0.0,0.0
2024-08-14 00:00:00-04:00,1.3600000143051147,1.3600000143051147,1.2200000286102295,1.2799999713897705,509100,0.0,0.0
2024-08-15 00:00:00-04:00,1.2799999713897705,1.350000023841858,1.2699999809265137,1.340000033378601,310100,0.0,0.0
2024-08-16 00:00:00-04:00,1.3300000429153442,1.4500000476837158,1.3300000429153442,1.4299999475479126,257900,0.0,0.0
2024-08-19 00:00:00-04:00,1.409999966621399,1.559999942779541,1.399999976158142,1.559999942779541,394300,0.0,0.0
2024-08-20 00:00:00-04:00,1.559999942779541,1.559999942779541,1.5199999809265137,1.5399999618530273,203100,0.0,0.0
2024-08-21 00:00:00-04:00,1.5299999713897705,1.5299999713897705,1.3600000143051147,1.5,511300,0.0,0.0
2024-08-22 00:00:00-04:00,1.4800000190734863,1.4800000190734863,1.4240000247955322,1.4600000381469727,94700,0.0,0.0
2024-08-23 00:00:00-04:00,1.4600000381469727,1.6699999570846558,1.440000057220459,1.559999942779541,393900,0.0,0.0
2024-08-26 00:00:00-04:00,1.5499999523162842,1.6160000562667847,1.4600000381469727,1.5199999809265137,364000,0.0,0.0
2024-08-27 00:00:00-04:00,1.5199999809265137,1.590000033378601,1.496000051498413,1.5399999618530273,196600,0.0,0.0
2024-08-28 00:00:00-04:00,1.5099999904632568,1.5169999599456787,1.399999976158142,1.4199999570846558,211900,0.0,0.0
2024-08-29 00:00:00-04:00,1.4500000476837158,1.4900000095367432,1.409999966621399,1.409999966621399,131400,0.0,0.0
2024-08-30 00:00:00-04:00,1.409999966621399,1.440000057220459,1.3600000143051147,1.3700000047683716,227700,0.0,0.0
2024-09-03 00:00:00-04:00,1.3200000524520874,1.3799999952316284,1.3200000524520874,1.3700000047683716,221400,0.0,0.0
2024-09-04 00:00:00-04:00,1.3300000429153442,1.4700000286102295,1.3300000429153442,1.3899999856948853,182700,0.0,0.0
2024-09-05 00:00:00-04:00,1.3799999952316284,1.5,1.3799999952316284,1.440000057220459,203600,0.0,0.0
2024-09-06 00:00:00-04:00,1.4199999570846558,1.4900000095367432,1.4199999570846558,1.440000057220459,161100,0.0,0.0
2024-09-09 00:00:00-04:00,1.4299999475479126,1.4850000143051147,1.3910000324249268,1.409999966621399,175400,0.0,0.0
2024-09-10 00:00:00-04:00,1.3899999856948853,1.4500000476837158,1.3799999952316284,1.440000057220459,148900,0.0,0.0
2024-09-11 00:00:00-04:00,1.3700000047683716,1.4249999523162842,1.3700000047683716,1.3899999856948853,233300,0.0,0.0
2024-09-12 00:00:00-04:00,1.399999976158142,1.559999942779541,1.3899999856948853,1.4900000095367432,266700,0.0,0.0
2024-09-13 00:00:00-04:00,1.5199999809265137,1.625,1.5099999904632568,1.559999942779541,171100,0.0,0.0
2024-09-16 00:00:00-04:00,1.5499999523162842,1.6200000047683716,1.4900000095367432,1.559999942779541,240100,0.0,0.0
2024-09-17 00:00:00-04:00,1.600000023841858,1.649999976158142,1.5099999904632568,1.5700000524520874,161400,0.0,0.0
2024-09-18 00:00:00-04:00,1.5549999475479126,1.649999976158142,1.5299999713897705,1.5299999713897705,174800,0.0,0.0
2024-09-19 00:00:00-04:00,1.559999942779541,1.6100000143051147,1.5299999713897705,1.5700000524520874,171900,0.0,0.0
2024-09-20 00:00:00-04:00,1.5399999618530273,1.590000033378601,1.430999994277954,1.4700000286102295,1139100,0.0,0.0
2024-09-23 00:00:00-04:00,1.5199999809265137,1.5499999523162842,1.4700000286102295,1.5,160300,0.0,0.0
2024-09-24 00:00:00-04:00,1.4900000095367432,1.559999942779541,1.4600000381469727,1.5199999809265137,217000,0.0,0.0
2024-09-25 00:00:00-04:00,1.4900000095367432,1.5199999809265137,1.4600000381469727,1.4700000286102295,98200,0.0,0.0
2024-09-26 00:00:00-04:00,1.5,1.649999976158142,1.4800000190734863,1.4800000190734863,511300,0.0,0.0
2024-09-27 00:00:00-04:00,1.5199999809265137,1.590000033378601,1.4199999570846558,1.4199999570846558,438300,0.0,0.0
2024-09-30 00:00:00-04:00,1.409999966621399,1.4700000286102295,1.3899999856948853,1.409999966621399,174100,0.0,0.0
2024-10-01 00:00:00-04:00,1.4299999475479126,1.4500000476837158,1.3200000524520874,1.3200000524520874,242400,0.0,0.0
2024-10-02 00:00:00-04:00,1.350000023841858,1.3899999856948853,1.3049999475479126,1.3700000047683716,242700,0.0,0.0
2024-10-03 00:00:00-04:00,1.340000033378601,1.350000023841858,1.2999999523162842,1.3200000524520874,162600,0.0,0.0
2024-10-04 00:00:00-04:00,1.3600000143051147,1.4589999914169312,1.3589999675750732,1.4299999475479126,198200,0.0,0.0
2024-10-07 00:00:00-04:00,1.4299999475479126,1.4299999475479126,1.3700000047683716,1.3700000047683716,101100,0.0,0.0
2024-10-08 00:00:00-04:00,1.3799999952316284,1.4299999475479126,1.3600000143051147,1.3700000047683716,93600,0.0,0.0
2024-10-09 00:00:00-04:00,1.350000023841858,1.3799999952316284,1.2899999618530273,1.350000023841858,171900,0.0,0.0
2024-10-10 00:00:00-04:00,1.309999942779541,1.350000023841858,1.309999942779541,1.3300000429153442,69100,0.0,0.0
2024-10-11 00:00:00-04:00,1.3300000429153442,1.4700000286102295,1.3300000429153442,1.4199999570846558,238900,0.0,0.0
2024-10-14 00:00:00-04:00,1.4299999475479126,1.4299999475479126,1.340000033378601,1.350000023841858,186300,0.0,0.0
2024-10-15 00:00:00-04:00,1.3700000047683716,1.3899999856948853,1.309999942779541,1.350000023841858,200200,0.0,0.0
2024-10-16 00:00:00-04:00,1.340000033378601,1.3899999856948853,1.340000033378601,1.3799999952316284,144800,0.0,0.0
2024-10-17 00:00:00-04:00,1.350000023841858,1.3799999952316284,1.3200000524520874,1.340000033378601,287300,0.0,0.0
2024-10-18 00:00:00-04:00,1.340000033378601,1.340000033378601,1.3200000524520874,1.3300000429153442,182500,0.0,0.0
2024-10-21 00:00:00-04:00,1.3200000524520874,1.350000023841858,1.2999999523162842,1.2999999523162842,158200,0.0,0.0
2024-10-22 00:00:00-04:00,1.309999942779541,1.3200000524520874,1.2699999809265137,1.2999999523162842,149500,0.0,0.0
2024-10-23 00:00:00-04:00,1.309999942779541,1.309999942779541,1.2599999904632568,1.2799999713897705,171900,0.0,0.0
2024-10-24 00:00:00-04:00,1.2999999523162842,1.2999999523162842,1.25,1.2599999904632568,166800,0.0,0.0
2024-10-25 00:00:00-04:00,1.2799999713897705,1.2799999713897705,1.25,1.25,186000,0.0,0.0
2024-10-28 00:00:00-04:00,1.25,1.340000033378601,1.25,1.309999942779541,365300,0.0,0.0
2024-10-29 00:00:00-04:00,1.2699999809265137,1.315000057220459,1.2649999856948853,1.2999999523162842,180300,0.0,0.0
2024-10-30 00:00:00-04:00,1.350000023841858,1.350000023841858,1.2899999618530273,1.2999999523162842,121900,0.0,0.0
2024-10-31 00:00:00-04:00,1.2999999523162842,1.2999999523162842,1.25,1.25,132700,0.0,0.0
2024-11-01 00:00:00-04:00,1.2699999809265137,1.2699999809265137,1.2300000190734863,1.2300000190734863,363400,0.0,0.0
2024-11-04 00:00:00-05:00,1.2300000190734863,1.3799999952316284,1.2300000190734863,1.3700000047683716,205000,0.0,0.0
2024-11-05 00:00:00-05:00,1.3899999856948853,1.4700000286102295,1.3799999952316284,1.4299999475479126,331200,0.0,0.0
2024-11-06 00:00:00-05:00,1.4700000286102295,1.5049999952316284,1.440000057220459,1.4600000381469727,357800,0.0,0.0
2024-11-07 00:00:00-05:00,1.2300000190734863,1.5859999656677246,1.2300000190734863,1.399999976158142,371700,0.0,0.0
2024-11-08 00:00:00-05:00,1.4299999475479126,1.4299999475479126,1.2999999523162842,1.309999942779541,215000,0.0,0.0
2024-11-11 00:00:00-05:00,1.340000033378601,1.3550000190734863,1.25,1.2899999618530273,289500,0.0,0.0
2024-11-12 00:00:00-05:00,1.2899999618530273,1.2999999523162842,1.225000023841858,1.25,255200,0.0,0.0
2024-11-13 00:00:00-05:00,1.2300000190734863,1.2400000095367432,1.1749999523162842,1.1799999475479126,502000,0.0,0.0
2024-11-14 00:00:00-05:00,1.1799999475479126,1.190999984741211,1.1399999856948853,1.1399999856948853,431400,0.0,0.0
2024-11-15 00:00:00-05:00,1.1399999856948853,1.149999976158142,1.090000033378601,1.1200000047683716,335500,0.0,0.0
2024-11-18 00:00:00-05:00,1.1200000047683716,1.1699999570846558,1.1100000143051147,1.1299999952316284,288100,0.0,0.0
2024-11-19 00:00:00-05:00,1.100000023841858,1.100000023841858,1.0299999713897705,1.0399999618530273,271500,0.0,0.0
2024-11-20 00:00:00-05:00,1.0499999523162842,1.090000033378601,1.0299999713897705,1.0800000429153442,202700,0.0,0.0
2024-11-21 00:00:00-05:00,1.1100000143051147,1.2000000476837158,1.0800000429153442,1.190000057220459,495000,0.0,0.0
2024-11-22 00:00:00-05:00,1.2200000286102295,1.3200000524520874,1.1660000085830688,1.2699999809265137,717300,0.0,0.0
2024-11-25 00:00:00-05:00,1.2899999618530273,1.309999942779541,1.2699999809265137,1.2899999618530273,292300,0.0,0.0
2024-11-26 00:00:00-05:00,1.2899999618530273,1.3600000143051147,1.2400000095367432,1.3600000143051147,245100,0.0,0.0
2024-11-27 00:00:00-05:00,1.3700000047683716,1.3899999856948853,1.2100000381469727,1.2599999904632568,702900,0.0,0.0
2024-11-29 00:00:00-05:00,1.25,1.2799999713897705,1.215000033378601,1.2400000095367432,80500,0.0,0.0
2024-12-02 00:00:00-05:00,1.2400000095367432,1.2599999904632568,1.1799999475479126,1.190000057220459,313400,0.0,0.0
2024-12-03 00:00:00-05:00,1.2000000476837158,1.2000000476837158,1.149999976158142,1.159999966621399,280100,0.0,0.0
2024-12-04 00:00:00-05:00,1.149999976158142,1.2000000476837158,1.149999976158142,1.1699999570846558,168700,0.0,0.0
2024-12-05 00:00:00-05:00,1.1699999570846558,1.1779999732971191,1.1299999952316284,1.149999976158142,278200,0.0,0.0
2024-12-06 00:00:00-05:00,1.1799999475479126,1.25,1.1299999952316284,1.1399999856948853,260700,0.0,0.0
2024-12-09 00:00:00-05:00,1.1799999475479126,1.2200000286102295,1.159999966621399,1.1799999475479126,247200,0.0,0.0
2024-12-10 00:00:00-05:00,1.1799999475479126,1.190000057220459,1.1549999713897705,1.1699999570846558,212800,0.0,0.0
2024-12-11 00:00:00-05:00,1.1699999570846558,1.1799999475479126,1.1399999856948853,1.1399999856948853,356000,0.0,0.0
2024-12-12 00:00:00-05:00,1.1399999856948853,1.1649999618530273,1.1150000095367432,1.1200000047683716,479500,0.0,0.0
2024-12-13 00:00:00-05:00,1.1100000143051147,1.1299999952316284,1.100000023841858,1.1299999952316284,168800,0.0,0.0
2024-12-16 00:00:00-05:00,1.149999976158142,1.149999976158142,1.090000033378601,1.1299999952316284,538900,0.0,0.0
2024-12-17 00:00:00-05:00,1.100000023841858,1.159999966621399,1.0959999561309814,1.1200000047683716,254600,0.0,0.0
2024-12-18 00:00:00-05:00,1.1399999856948853,1.190000057220459,1.0499999523162842,1.059999942779541,476800,0.0,0.0
2024-12-19 00:00:00-05:00,1.0800000429153442,1.1100000143051147,1.0299999713897705,1.0299999713897705,554100,0.0,0.0
2024-12-20 00:00:00-05:00,1.0499999523162842,1.1100000143051147,1.0449999570846558,1.0800000429153442,423100,0.0,0.0
2024-12-23 00:00:00-05:00,1.100000023841858,1.1100000143051147,1.059999942779541,1.0800000429153442,263500,0.0,0.0
2024-12-24 00:00:00-05:00,1.059999942779541,1.0889999866485596,1.0499999523162842,1.059999942779541,137500,0.0,0.0
2024-12-26 00:00:00-05:00,1.059999942779541,1.1399999856948853,1.0499999523162842,1.1299999952316284,215200,0.0,0.0
2024-12-27 00:00:00-05:00,1.1100000143051147,1.1349999904632568,1.0700000524520874,1.1200000047683716,253500,0.0,0.0
2024-12-30 00:00:00-05:00,1.0800000429153442,1.1799999475479126,1.0800000429153442,1.149999976158142,345300,0.0,0.0
2024-12-31 00:00:00-05:00,1.1799999475479126,1.1799999475479126,1.0950000286102295,1.1399999856948853,659000,0.0,0.0
2025-01-02 00:00:00-05:00,1.1399999856948853,1.2300000190734863,1.1399999856948853,1.159999966621399,301400,0.0,0.0
2025-01-03 00:00:00-05:00,1.159999966621399,1.190000057220459,1.1399999856948853,1.149999976158142,386900,0.0,0.0
2025-01-06 00:00:00-05:00,1.1799999475479126,1.2000000476837158,1.149999976158142,1.149999976158142,200200,0.0,0.0
2025-01-07 00:00:00-05:00,1.1799999475479126,1.184999942779541,1.090000033378601,1.1100000143051147,255200,0.0,0.0
2025-01-08 00:00:00-05:00,1.1100000143051147,1.1100000143051147,1.0700000524520874,1.0800000429153442,241700,0.0,0.0
2025-01-10 00:00:00-05:00,1.0800000429153442,1.090000033378601,1.0499999523162842,1.059999942779541,152000,0.0,0.0
2025-01-13 00:00:00-05:00,1.059999942779541,1.0800000429153442,1.0499999523162842,1.059999942779541,197500,0.0,0.0
2025-01-14 00:00:00-05:00,1.059999942779541,1.0800000429153442,1.0399999618530273,1.0499999523162842,182500,0.0,0.0
2025-01-15 00:00:00-05:00,1.0800000429153442,1.0800000429153442,1.0399999618530273,1.0499999523162842,135700,0.0,0.0
2025-01-16 00:00:00-05:00,1.0399999618530273,1.0800000429153442,1.0299999713897705,1.0499999523162842,154500,0.0,0.0
2025-01-17 00:00:00-05:00,1.0700000524520874,1.0800000429153442,1.0399999618530273,1.0499999523162842,152000,0.0,0.0
2025-01-21 00:00:00-05:00,1.0800000429153442,1.0800000429153442,1.0399999618530273,1.0700000524520874,216900,0.0,0.0
2025-01-22 00:00:00-05:00,1.0700000524520874,1.090000033378601,1.059999942779541,1.059999942779541,158500,0.0,0.0
2025-01-23 00:00:00-05:00,1.0499999523162842,1.059999942779541,1.0299999713897705,1.0399999618530273,218996,0.0,0.0
