Date,Open,High,Low,Close,Volume,Dividends,Stock Splits
2022-01-03 00:00:00-05:00,17.981526947780743,18.072610273181635,17.852491030343355,17.9132137298584,53400,0.0,0.0
2022-01-04 00:00:00-05:00,17.89802864801511,17.920800198090546,17.58682470236597,17.609596252441406,98100,0.0,0.0
2022-01-05 00:00:00-05:00,17.609599817557744,17.677913033871235,17.359118506989375,17.374298095703125,91500,0.0,0.0
2022-01-06 00:00:00-05:00,17.37429405647499,17.45778828983456,17.275620237930664,17.28321075439453,84400,0.0,0.0
2022-01-07 00:00:00-05:00,17.27561917766894,17.419836086145413,17.27561917766894,17.336341857910156,47100,0.0,0.0
2022-01-10 00:00:00-05:00,17.305982427052765,17.495741012646516,17.26803128903126,17.343935012817383,59600,0.0,0.0
2022-01-11 00:00:00-05:00,17.442607768709525,17.488150868829067,17.32875291389672,17.397066116333008,49800,0.0,0.0
2022-01-12 00:00:00-05:00,17.38948068842236,17.49574505764528,17.38948068842236,17.435022354125977,45200,0.0,0.0
2022-01-13 00:00:00-05:00,17.439599165876814,17.638036789467076,17.40143724457381,17.43196678161621,38400,0.126,0.0
2022-01-14 00:00:00-05:00,17.401438420344096,17.424335574673,17.271690790604076,17.332748413085938,61900,0.0,0.0
2022-01-18 00:00:00-05:00,17.210636561308956,17.24879849271433,16.806130278513848,16.813762664794922,97900,0.0,0.0
2022-01-19 00:00:00-05:00,16.813756014907863,16.89770931933825,16.630583183793938,16.638214111328125,94500,0.0,0.0
2022-01-20 00:00:00-05:00,16.67637805248534,16.79086090386601,16.424515197156488,16.485572814941406,113300,0.0,0.0
2022-01-21 00:00:00-05:00,16.53899804853716,16.72980328608109,16.340560426804057,16.485572814941406,109700,0.0,0.0
2022-01-24 00:00:00-05:00,16.371085742490557,16.523729019731572,16.035268203395432,16.218441009521484,241400,0.0,0.0
2022-01-25 00:00:00-05:00,16.14975811198495,16.44741387058905,16.119230025431847,16.363460540771484,108700,0.0,0.0
2022-01-26 00:00:00-05:00,16.401612723618577,16.52372791957211,16.18027947685078,16.226072311401367,105900,0.0,0.0
2022-01-27 00:00:00-05:00,16.30240086899462,16.46267657870298,16.30240086899462,16.40161895751953,86900,0.0,0.0
2022-01-28 00:00:00-05:00,16.41688159800978,16.569524903311255,16.355823984743527,16.53136444091797,54900,0.0,0.0
2022-01-31 00:00:00-05:00,16.592419630095062,16.668741999459556,16.447407273875335,16.561891555786133,85300,0.0,0.0
2022-02-01 00:00:00-05:00,16.561897147034564,16.775598106526232,16.561897147034564,16.714540481567383,71500,0.0,0.0
2022-02-02 00:00:00-05:00,16.691636842469684,16.76795774556888,16.607682102187077,16.615314483642578,57000,0.0,0.0
2022-02-03 00:00:00-05:00,16.485576586566058,16.554266604255275,16.294771305369064,16.31766700744629,73700,0.0,0.0
2022-02-04 00:00:00-05:00,16.256606090085576,16.325296093891925,16.103962769415833,16.111595153808594,91900,0.0,0.0
2022-02-07 00:00:00-05:00,16.027637481689453,16.210810306792805,16.004740332653455,16.027637481689453,84700,0.0,0.0
2022-02-08 00:00:00-05:00,16.027636153061067,16.042900917819676,15.83683096076272,15.874991416931152,78700,0.0,0.0
2022-02-09 00:00:00-05:00,15.95131378499611,16.027636153061067,15.83683096076272,15.874991416931152,98500,0.0,0.0
2022-02-10 00:00:00-05:00,15.79867577866797,15.890261486337511,15.653663376507856,15.668928146362305,113000,0.0,0.0
2022-02-11 00:00:00-05:00,15.745242502738117,15.783404411422737,15.592599235183542,15.66128921508789,92700,0.0,0.0
2022-02-14 00:00:00-05:00,15.650541807922881,15.70429858155106,15.427841033209681,15.44320011138916,97200,0.126,0.0
2022-02-15 00:00:00-05:00,15.397124643946517,15.481598118906184,15.335689788900162,15.358728408813477,96100,0.0,0.0
2022-02-16 00:00:00-05:00,15.366405535680512,15.527671455581443,15.328007841854872,15.512313842773438,55100,0.0,0.0
2022-02-17 00:00:00-05:00,15.481598718450044,15.873246483808524,15.412484320756045,15.642866134643555,106500,0.0,0.0
2022-02-18 00:00:00-05:00,15.735013809273472,15.796448651553458,15.6121441247135,15.650540351867676,72000,0.0,0.0
2022-02-22 00:00:00-05:00,15.589110408419359,15.619828571573532,15.404805823662233,15.435523986816406,91200,0.0,0.0
2022-02-23 00:00:00-05:00,15.512318646494682,15.573753510918074,15.320334512081248,15.41248607635498,131700,0.0,0.0
2022-02-24 00:00:00-05:00,15.435522941561556,15.673582830995032,15.358729003599054,15.642866134643555,111600,0.0,0.0
2022-02-25 00:00:00-05:00,15.658225345033147,15.880927641331322,15.589110940300795,15.873248100280762,101900,0.0,0.0
2022-02-28 00:00:00-05:00,15.950038444086843,16.172739225370098,15.911640747505347,16.149702072143555,67200,0.0,0.0
2022-03-01 00:00:00-05:00,16.149700467596013,16.549026219312214,16.149700467596013,16.218814849853516,69000,0.0,0.0
2022-03-02 00:00:00-05:00,16.257207552695593,16.364718139684868,16.134337891930166,16.188093185424805,78300,0.0,0.0
2022-03-03 00:00:00-05:00,16.211137021258253,16.295609024810293,16.13434309234719,16.241853713989258,37000,0.0,0.0
2022-03-04 00:00:00-05:00,16.36472285666481,16.37240239576644,16.126663003403483,16.24953269958496,52400,0.0,0.0
2022-03-07 00:00:00-05:00,16.03451011094622,16.118983576932106,15.93467903137207,15.93467903137207,83400,0.0,0.0
2022-03-08 00:00:00-05:00,15.919319144269455,15.919319144269455,15.50463430400831,15.512313842773438,100700,0.0,0.0
2022-03-09 00:00:00-05:00,15.473915348399427,15.727334255648925,15.358725202326413,15.39712142944336,85000,0.0,0.0
2022-03-10 00:00:00-05:00,15.35872732093276,15.389445478641367,15.097628839299112,15.120667457580566,135900,0.0,0.0
2022-03-11 00:00:00-05:00,15.105310752868693,15.312653955823347,15.05155543315214,15.074592590332031,80500,0.0,0.0
2022-03-14 00:00:00-04:00,14.83963334730781,15.032857732172832,14.600034048661934,14.692782402038574,187900,0.126,0.0
2022-03-15 00:00:00-04:00,14.561385603935234,14.72369333327247,14.561385603935234,14.685049057006836,114400,0.0,0.0
2022-03-16 00:00:00-04:00,14.623218653334758,14.909191335798257,14.623218653334758,14.855087280273438,101900,0.0,0.0
2022-03-17 00:00:00-04:00,14.924649617378549,15.025127113244194,14.878276182309362,14.932378768920898,71800,0.0,0.0
2022-03-18 00:00:00-04:00,14.862816227491422,15.001937991423034,14.862816227491422,14.909191131591797,73900,0.0,0.0
2022-03-21 00:00:00-04:00,14.909192135596008,14.909192135596008,14.453182533860677,14.507285118103027,187400,0.0,0.0
2022-03-22 00:00:00-04:00,14.484098660855121,14.638678747196739,14.46091120564839,14.623220443725586,140100,0.0,0.0
2022-03-23 00:00:00-04:00,14.746882908684096,14.870546379576574,14.437724231452902,14.507285118103027,192600,0.0,0.0
2022-03-24 00:00:00-04:00,14.507282392572455,14.60002924122473,14.375889795161248,14.53819751739502,134200,0.0,0.0
2022-03-25 00:00:00-04:00,14.592301042223271,14.592301042223271,14.321788154208587,14.375890731811523,139500,0.0,0.0
2022-03-28 00:00:00-04:00,14.337245818703716,14.437723303712902,14.221311506464838,14.267684936523438,118300,0.0,0.0
2022-03-29 00:00:00-04:00,14.290873806841768,14.545929908752441,14.18266863457206,14.545929908752441,182100,0.0,0.0
2022-03-30 00:00:00-04:00,14.49182646207186,15.001938635602004,14.49182646207186,14.978751182556152,132700,0.0,0.0
2022-03-31 00:00:00-04:00,15.048312590068797,15.457948762994711,15.009668307835259,15.372929573059082,223800,0.0,0.0
2022-04-01 00:00:00-04:00,15.303371720118395,15.651176225924107,15.233810818957252,15.550700187683105,102300,0.0,0.0
2022-04-04 00:00:00-04:00,15.550696235813247,15.78256486463593,15.550696235813247,15.682088851928711,89300,0.0,0.0
2022-04-05 00:00:00-04:00,15.604799689014925,15.689817404765682,15.349743593392907,15.372929573059082,169800,0.0,0.0
2022-04-06 00:00:00-04:00,15.249265540274735,15.434760741709049,15.117872921652328,15.218350410461426,120200,0.0,0.0
2022-04-07 00:00:00-04:00,15.210616500481466,15.365195049554305,14.909187076732723,14.97101879119873,97400,0.0,0.0
2022-04-08 00:00:00-04:00,14.916918310736605,15.056040070029676,14.746881423925467,14.793254852294922,66400,0.0,0.0
2022-04-11 00:00:00-04:00,14.685051173237857,14.785527190518675,14.414536777841242,14.507285118103027,136200,0.0,0.0
2022-04-12 00:00:00-04:00,14.592299969538177,14.947833484226575,14.561384844973942,14.708235740661621,81500,0.0,0.0
2022-04-13 00:00:00-04:00,14.728464157924636,15.101927229222897,14.635097648094906,14.89963436126709,69700,0.126,0.0
2022-04-14 00:00:00-04:00,14.821833823200615,14.876298503322246,14.666224903456909,14.705126762390137,64300,0.0,0.0
2022-04-18 00:00:00-04:00,14.73625001506625,14.75180986884371,14.510615069168312,14.596200942993164,106400,0.0,0.0
2022-04-19 00:00:00-04:00,14.572858430066002,14.580639098689865,14.40168817237341,14.463932037353516,92200,0.0,0.0
2022-04-20 00:00:00-04:00,14.557293095330563,14.78292797143001,14.487270064965982,14.751805305480957,79900,0.0,0.0
2022-04-21 00:00:00-04:00,14.728467589040301,14.75180810892735,14.518394005992816,14.549516677856445,87200,0.0,0.0
2022-04-22 00:00:00-04:00,14.495052866745372,14.619542077615177,14.393907145176435,14.456151008605957,94000,0.0,0.0
2022-04-25 00:00:00-04:00,14.495054445338292,14.689566725240374,14.456152582962245,14.611763000488281,73200,0.0,0.0
2022-04-26 00:00:00-04:00,14.627318645171572,14.782929017911682,14.603978128067903,14.674002647399902,65800,0.0,0.0
2022-04-27 00:00:00-04:00,14.596202438431167,14.790714728681031,14.596202438431167,14.658446311950684,67600,0.0,0.0
2022-04-28 00:00:00-04:00,14.705124361907282,14.829612070985036,14.57285598551085,14.80627155303955,72400,0.0,0.0
2022-04-29 00:00:00-04:00,14.705126762390137,14.759589958500975,14.596200370168463,14.705126762390137,65100,0.0,0.0
2022-05-02 00:00:00-04:00,14.681784502229641,14.697344353554083,14.471710927238181,14.487272262573242,71600,0.0,0.0
2022-05-03 00:00:00-04:00,14.572858430066002,14.681786306789288,14.456151368729653,14.463932037353516,42200,0.0,0.0
2022-05-04 00:00:00-04:00,14.45614981851656,14.666223396801113,14.393905960211207,14.642881393432617,70600,0.0,0.0
2022-05-05 00:00:00-04:00,14.549516119902865,14.549516119902865,14.316100541908815,14.487272262573242,84300,0.0,0.0
2022-05-06 00:00:00-04:00,14.355002403259277,14.518391955434394,14.316099068924395,14.355002403259277,52900,0.0,0.0
2022-05-09 00:00:00-04:00,14.31610127907543,14.393906475746467,14.168271553801524,14.199394226074219,64800,0.0,0.0
2022-05-10 00:00:00-04:00,14.230514678901642,14.432806081081232,14.028221792711587,14.051562309265137,114200,0.0,0.0
2022-05-11 00:00:00-04:00,13.95819585405525,14.238292412256646,13.95819585405525,14.152708053588867,53900,0.0,0.0
2022-05-12 00:00:00-04:00,14.149575388308534,14.290601299898746,14.149575388308534,14.259263038635254,61000,0.126,0.0
2022-05-13 00:00:00-04:00,14.267099372948012,14.509978045153138,14.17308307575295,14.43163013458252,113500,0.0,0.0
2022-05-16 00:00:00-04:00,14.345447365134731,14.494308246629615,14.337612424596884,14.392457008361816,70100,0.0,0.0
2022-05-17 00:00:00-04:00,14.400288849216318,14.745018722641126,14.27493280330947,14.643167495727539,125600,0.0,0.0
2022-05-18 00:00:00-04:00,14.580488185926926,14.682339403851312,14.509975229532426,14.603991508483887,63300,0.0,0.0
2022-05-19 00:00:00-04:00,14.541316868299337,14.682342813841773,14.455135508305084,14.572656631469727,102000,0.0,0.0
2022-05-20 00:00:00-04:00,14.517810484936392,14.67450478472475,14.502140606649004,14.666669845581055,56000,0.0,0.0
2022-05-23 00:00:00-04:00,14.666670877146503,14.893879645208608,14.619662733339911,14.627497673034668,61900,0.0,0.0
2022-05-24 00:00:00-04:00,14.666667858025903,14.995727785659255,14.666667858025903,14.886041641235352,104600,0.0,0.0
2022-05-25 00:00:00-04:00,14.948725093067221,15.230776989241265,14.846873849650029,15.160264015197754,121300,0.0,0.0
2022-05-26 00:00:00-04:00,15.199432713575332,15.309120359728052,15.105416439000706,15.238607406616211,93600,0.0,0.0
2022-05-27 00:00:00-04:00,15.293453001626164,15.504991895806052,15.238609916697003,15.387469291687012,115500,0.0,0.0
2022-05-31 00:00:00-04:00,15.387466757086328,15.387466757086328,15.089746561784354,15.238607406616211,90600,0.0,0.0
2022-06-01 00:00:00-04:00,15.230774248926311,15.309122149807465,15.05840856811539,15.10541820526123,50600,0.0,0.0
2022-06-02 00:00:00-04:00,15.152424885574922,15.324789055387813,15.07407699225569,15.113251686096191,56800,0.0,0.0
2022-06-03 00:00:00-04:00,14.97223132944371,15.097587407498054,14.784197212362194,14.831205368041992,48300,0.0,0.0
2022-06-06 00:00:00-04:00,14.831201859654428,14.87037506439394,14.698010871433324,14.729349136352539,75500,0.0,0.0
2022-06-07 00:00:00-04:00,14.69017529524758,14.823366277698968,14.666670476804898,14.79202651977539,32300,0.0,0.0
2022-06-08 00:00:00-04:00,14.729350904773566,14.729350904773566,14.580491513401629,14.588326454162598,62300,0.0,0.0
2022-06-09 00:00:00-04:00,14.603991559090291,14.603991559090291,14.345444549535129,14.400287628173828,67700,0.0,0.0
2022-06-10 00:00:00-04:00,14.259263154551839,14.48647040723502,14.204418581761736,14.4159574508667,47100,0.0,0.0
2022-06-13 00:00:00-04:00,14.243592116482784,14.415956276698752,13.969375252314256,14.110401153564453,82900,0.0,0.0
2022-06-14 00:00:00-04:00,14.123023894650323,14.2098139103782,13.783755474866798,13.799535751342773,74500,0.126,0.0
2022-06-15 00:00:00-04:00,13.925774953370599,13.925774953370599,13.64173750125299,13.799535751342773,48700,0.0,0.0
2022-06-16 00:00:00-04:00,13.62595883671276,13.736417775331777,13.405039454584553,13.499719619750977,82600,0.0,0.0
2022-06-17 00:00:00-04:00,13.570732049145919,13.681191009592979,13.531281345493063,13.602291107177734,78500,0.0,0.0
2022-06-21 00:00:00-04:00,13.649629336646676,13.657519476735601,13.436601573807112,13.468160629272461,69000,0.0,0.0
2022-06-22 00:00:00-04:00,13.531277437732555,13.649626504731607,13.507608527266765,13.554947853088379,68400,0.0,0.0
2022-06-23 00:00:00-04:00,13.618070041072857,13.870548499905441,13.594399621223431,13.610179901123047,129400,0.0,0.0
2022-06-24 00:00:00-04:00,13.61017754384642,13.736416751398139,13.60228740526318,13.649626731872559,36100,0.0,0.0
2022-06-27 00:00:00-04:00,13.60228960485766,13.720638692964092,13.460270097173819,13.47605037689209,55900,0.0,0.0
2022-06-28 00:00:00-04:00,13.547062345836157,13.562842628134689,13.412932956079738,13.420823097229004,44900,0.0,0.0
2022-06-29 00:00:00-04:00,13.452376783255461,13.712745317612342,13.452376783255461,13.570727348327637,174500,0.0,0.0
2022-06-30 00:00:00-04:00,13.61806695301941,14.194033494735491,13.602286676698153,14.028345108032227,414100,0.0,0.0
2022-07-01 00:00:00-04:00,14.083580726972313,14.367618300473453,14.083580726972313,14.304498672485352,109700,0.0,0.0
2022-07-05 00:00:00-04:00,14.320275685121144,14.61220483844955,14.138806984212014,14.556975364685059,142400,0.0,0.0
2022-07-06 00:00:00-04:00,14.556973505891284,14.730552044828178,14.430734294866252,14.517522811889648,118600,0.0,0.0
2022-07-07 00:00:00-04:00,14.59642383264098,14.59642383264098,14.146696420201504,14.170365333557129,175800,0.0,0.0
2022-07-08 00:00:00-04:00,14.138804998324321,14.209814741730684,14.044124838819144,14.146695137023926,60900,0.0,0.0
2022-07-11 00:00:00-04:00,14.09146629045565,14.407064327862633,14.09146629045565,14.359724998474121,69900,0.0,0.0
2022-07-12 00:00:00-04:00,14.422846560352486,14.493856316502645,14.320276243739876,14.43862533569336,38200,0.0,0.0
2022-07-13 00:00:00-04:00,14.32816255409612,14.59642122676296,14.13880375660599,14.478072166442871,114500,0.0,0.0
2022-07-14 00:00:00-04:00,14.40339727628903,14.538454019212654,14.292174611044343,14.459010124206543,48400,0.126,0.0
2022-07-15 00:00:00-04:00,14.522566209812085,14.57023285007311,14.363675388548439,14.530510902404785,55200,0.0,0.0
2022-07-18 00:00:00-04:00,14.530509272881437,14.55434183269166,14.419285104352044,14.474896430969238,60200,0.0,0.0
2022-07-19 00:00:00-04:00,14.514621583991259,14.538454146583822,14.323953506774853,14.490787506103516,46800,0.0,0.0
2022-07-20 00:00:00-04:00,14.546399242911352,14.609955270413991,14.316009211449998,14.379565238952637,33700,0.0,0.0
2022-07-21 00:00:00-04:00,14.355728956437012,14.522564450077496,14.347784264806991,14.443119049072266,48800,0.0,0.0
2022-07-22 00:00:00-04:00,14.602008776106333,14.66556479576803,14.490786120522124,14.522564888000488,35700,0.0,0.0
2022-07-25 00:00:00-04:00,14.522564734842279,14.578176062047895,14.451064024065053,14.498730659484863,46100,0.0,0.0
2022-07-26 00:00:00-04:00,14.570230640342075,14.578175331729877,14.35572851875624,14.363673210144043,31600,0.0,0.0
2022-07-27 00:00:00-04:00,14.482838115325114,14.53050625563733,14.268336029804203,14.323948860168457,56500,0.0,0.0
2022-07-28 00:00:00-04:00,14.379567095592881,14.68940258026123,14.355733013966308,14.68940258026123,81300,0.0,0.0
2022-07-29 00:00:00-04:00,14.808567632691595,14.83240171057595,14.55434352977254,14.800622940063477,53400,0.0,0.0
2022-08-01 00:00:00-04:00,14.760902631732636,15.046905536930915,14.705291292454158,14.935681343078613,118700,0.0,0.0
2022-08-02 00:00:00-04:00,15.015121834863278,15.08662253769602,14.80856441726812,14.903899192810059,76900,0.0,0.0
2022-08-03 00:00:00-04:00,14.999233483734626,15.015122866632602,14.872121451140728,14.975400924682617,54800,0.0,0.0
2022-08-04 00:00:00-04:00,15.02306717714811,15.086623191833498,14.8880104565298,15.086623191833496,41500,0.0,0.0
2022-08-05 00:00:00-04:00,14.991291911002264,15.078680495698032,14.864178349517742,15.038958549499512,25400,0.0,0.0
2022-08-08 00:00:00-04:00,15.07073648138836,15.102515252012905,14.975403200105095,14.98334789276123,28400,0.0,0.0
2022-08-09 00:00:00-04:00,14.96745777130127,15.054847870925459,14.792679087348004,14.96745777130127,58000,0.0,0.0
2022-08-10 00:00:00-04:00,15.086625316128888,15.213737363397868,15.015124600128196,15.070735931396484,44000,0.0,0.0
2022-08-11 00:00:00-04:00,15.07073648138836,15.166071277966811,14.935679736824413,14.98334789276123,79500,0.0,0.0
2022-08-12 00:00:00-04:00,15.068123333144994,15.172095911264503,15.036130831885808,15.164097785949707,70300,0.126,0.0
2022-08-15 00:00:00-04:00,15.14810405464142,15.276071017100957,14.972148337144663,15.156102180480957,36600,0.0,0.0
2022-08-16 00:00:00-04:00,15.180097493678627,15.180097493678627,14.9801488917319,15.124112129211426,28100,0.0,0.0
2022-08-17 00:00:00-04:00,15.068120554080009,15.08411680175936,14.852175786867205,14.87617015838623,49100,0.0,0.0
2022-08-18 00:00:00-04:00,14.820186168821435,14.916160612679585,14.69221922668638,14.756202697753906,55700,0.0,0.0
2022-08-19 00:00:00-04:00,14.684221195760108,14.740206542615434,14.572248976563165,14.660226821899414,37400,0.0,0.0
2022-08-22 00:00:00-04:00,14.588249493227735,14.860179707916744,14.332315532458487,14.388300895690918,50100,0.0,0.0
2022-08-23 00:00:00-04:00,14.460276528848171,14.532258116212727,14.364300570533393,14.43628215789795,44200,0.0,0.0
2022-08-24 00:00:00-04:00,14.508264743460385,14.532259116061466,14.380297807227034,14.4282865524292,32700,0.0,0.0
2022-08-25 00:00:00-04:00,14.492271383016972,14.668225555508366,14.44428263330321,14.50026798248291,34500,0.0,0.0
2022-08-26 00:00:00-04:00,14.500265539333682,14.612237744313244,14.46027644679633,14.532258033752441,34000,0.0,0.0
2022-08-29 00:00:00-04:00,14.468277659897309,14.604242739238265,14.396296057570542,14.484273910522461,37400,0.0,0.0
2022-08-30 00:00:00-04:00,14.412292996978785,14.444283974271562,14.164355676898918,14.348309516906738,61700,0.0,0.0
2022-08-31 00:00:00-04:00,14.372303188854964,14.500270156303229,14.300321578979492,14.300321578979492,36500,0.0,0.0
2022-09-01 00:00:00-04:00,14.188350075460143,14.236337304215192,13.940414280491472,14.044386863708496,70600,0.0,0.0
2022-09-02 00:00:00-04:00,14.10837232552286,14.308320919821025,14.044388836366915,14.06838321685791,26000,0.0,0.0
2022-09-06 00:00:00-04:00,14.068380225492437,14.212343426854035,13.716470347218127,13.828442573547363,77700,0.0,0.0
2022-09-07 00:00:00-04:00,13.92441678498557,14.100370958357603,13.844437060548698,14.028390884399414,59700,0.0,0.0
2022-09-08 00:00:00-04:00,14.02039155455265,14.236334808842665,13.91641746407391,13.924415588378906,49200,0.0,0.0
2022-09-09 00:00:00-04:00,13.940412994883305,14.156357792595985,13.940412994883305,14.03638744354248,30700,0.0,0.0
2022-09-12 00:00:00-04:00,14.044388836366915,14.220344575660796,14.044388836366915,14.06838321685791,27200,0.0,0.0
2022-09-13 00:00:00-04:00,13.99639838443012,14.076378108866994,13.844437060548698,14.028390884399414,47700,0.0,0.0
2022-09-14 00:00:00-04:00,14.065447394953528,14.202396264119107,13.525709451416281,13.662656784057617,110000,0.126,0.0
2022-09-15 00:00:00-04:00,13.654601970753978,13.654601970753978,13.404870692161287,13.477373123168945,82600,0.0,0.0
2022-09-16 00:00:00-04:00,13.372648881960522,13.574044191819794,13.34848089162867,13.485429763793945,32800,0.0,0.0
2022-09-19 00:00:00-04:00,13.477371791042161,13.517651769022963,13.300144497498785,13.332366943359375,86700,0.0,0.0
2022-09-20 00:00:00-04:00,13.195419321983461,13.243755300068624,13.050415997300552,13.15514087677002,86500,0.0,0.0
2022-09-21 00:00:00-04:00,13.155139621083181,13.267920486134994,13.034302760452801,13.122917175292969,74400,0.0,0.0
2022-09-22 00:00:00-04:00,13.034304544945066,13.034304544945066,12.695960366943767,12.752350807189941,87400,0.0,0.0
2022-09-23 00:00:00-04:00,12.559008724106423,12.808738420009757,12.45428309515078,12.510673522949219,150500,0.0,0.0
2022-09-26 00:00:00-04:00,12.454284138179451,12.510674570700509,12.24483286272692,12.293168067932129,125100,0.0,0.0
2022-09-27 00:00:00-04:00,12.228719988962254,12.365668822249962,12.156217575073242,12.156217575073242,114600,0.0,0.0
2022-09-28 00:00:00-04:00,12.252889095348939,12.583177237811205,12.228721876409807,12.526786804199219,84800,0.0,0.0
2022-09-29 00:00:00-04:00,12.43011762464268,12.599289700061934,12.236777561119197,12.494564056396484,87700,0.0,0.0
2022-09-30 00:00:00-04:00,12.61540315700026,12.728184816664635,12.34150538943121,12.422063827514648,120000,0.0,0.0
2022-10-03 00:00:00-04:00,12.518728103360669,12.84096018045981,12.4945608896437,12.542895317077637,95200,0.0,0.0
2022-10-04 00:00:00-04:00,12.655679457053553,12.96985637120051,12.607344251699395,12.857074737548828,62500,0.0,0.0
2022-10-05 00:00:00-04:00,12.840960502321671,12.9215196760085,12.607342048503622,12.800682067871094,70300,0.0,0.0
2022-10-06 00:00:00-04:00,12.849021291120536,12.889300508863169,12.728184406154815,12.865133285522461,53700,0.0,0.0
2022-10-07 00:00:00-04:00,12.744294461960735,12.840964114708381,12.631513584552868,12.671792030334473,35600,0.0,0.0
2022-10-10 00:00:00-04:00,12.663735187861155,12.679846410467643,12.45428391614275,12.559009552001953,34700,0.0,0.0
2022-10-11 00:00:00-04:00,12.5590120936235,12.615402536551198,12.446230439505937,12.5026216506958,38300,0.0,0.0
2022-10-12 00:00:00-04:00,12.438170926293344,12.559008543315882,12.397892488881114,12.430115699768066,34800,0.0,0.0
2022-10-13 00:00:00-04:00,12.337524995370693,12.42686899255362,12.18320474278055,12.288792610168457,94200,0.126,0.0
2022-10-14 00:00:00-04:00,12.296912153459116,12.353766848208314,12.101980332942926,12.110102653503418,44300,0.0,0.0
2022-10-17 00:00:00-04:00,12.16695874266309,12.32940207414147,12.150714874267578,12.150714874267578,64400,0.0,0.0
2022-10-18 00:00:00-04:00,12.183205750801056,12.33752601615943,12.126351038498607,12.305037498474121,59400,0.0,0.0
2022-10-19 00:00:00-04:00,12.296912586220861,12.345644962124592,12.183202418133574,12.24817943572998,28800,0.0,0.0
2022-10-20 00:00:00-04:00,12.183202028844427,12.386255395991835,12.183202028844427,12.29691219329834,67200,0.0,0.0
2022-10-21 00:00:00-04:00,12.23193386013587,12.459353389958597,12.199445355875481,12.370009422302246,62700,0.0,0.0
2022-10-24 00:00:00-04:00,12.459357233943011,12.638044449797592,12.288792340306202,12.556822776794434,61000,0.0,0.0
2022-10-25 00:00:00-04:00,12.678654699876528,12.686777022214844,12.508089803708355,12.581189155578613,35200,0.0,0.0
2022-10-26 00:00:00-04:00,12.613675956659316,12.946683381415188,12.60555441001168,12.8898286819458,61800,0.0,0.0
2022-10-27 00:00:00-04:00,12.946686191555647,12.979174708959542,12.703022698320122,12.873587608337402,48800,0.0,0.0
2022-10-28 00:00:00-04:00,12.865465550947158,13.117251372378615,12.865465550947158,13.003541946411133,80700,0.0,0.0
2022-10-31 00:00:00-04:00,13.084762458495865,13.198471874292357,12.995418460841705,13.101005554199219,65600,0.0,0.0
2022-11-01 00:00:00-04:00,13.198471774256394,13.198471774256394,12.82485346535549,12.971052169799805,70000,0.0,0.0
2022-11-02 00:00:00-04:00,12.873585003133812,13.003539046450827,12.735508638462683,12.91419506072998,37000,0.0,0.0
2022-11-03 00:00:00-04:00,12.922317456377275,13.00353912121097,12.719264068880241,12.808608055114746,23200,0.0,0.0
2022-11-04 00:00:00-04:00,12.906076125741297,13.052274066765142,12.76799973312791,12.873587608337402,55300,0.0,0.0
2022-11-07 00:00:00-05:00,12.86546317654815,12.86546317654815,12.540577281174242,12.662409782409668,60500,0.0,0.0
2022-11-08 00:00:00-05:00,12.686775070289729,12.889828449983073,12.508087879275177,12.776118278503418,89200,0.0,0.0
2022-11-09 00:00:00-05:00,12.686773932338197,12.824850280111763,12.621796918631471,12.751750946044922,33100,0.0,0.0
2022-11-10 00:00:00-05:00,12.954806257991416,13.409646197005966,12.954806257991416,13.222837448120117,167300,0.0,0.0
2022-11-11 00:00:00-05:00,13.182227793816859,13.539602250560026,13.182227793816859,13.42589282989502,62100,0.0,0.0
2022-11-14 00:00:00-05:00,13.463541291609603,13.488093862128098,13.291665492610573,13.381695747375488,38400,0.126,0.0
2022-11-15 00:00:00-05:00,13.48809059610648,13.97097747297967,13.406245071690533,13.905501365661621,141200,0.0,0.0
2022-11-16 00:00:00-05:00,14.01190101572441,14.01190101572441,13.840025258343571,13.905501365661621,46500,0.0,0.0
2022-11-17 00:00:00-05:00,13.807291256775407,13.84821324814283,13.471724371052133,13.578124046325684,71600,0.0,0.0
2022-11-18 00:00:00-05:00,13.520834068895942,13.651786328457844,13.35714296390653,13.398066520690918,68500,0.0,0.0
2022-11-21 00:00:00-05:00,13.357142341546556,13.619046848467233,13.357142341546556,13.406249046325684,56800,0.0,0.0
2022-11-22 00:00:00-05:00,13.504461412884883,13.610859512901852,13.398063312867915,13.52901554107666,72600,0.0,0.0
2022-11-23 00:00:00-05:00,13.529015044023362,13.635413140131286,13.504460916733699,13.561752319335938,75200,0.0,0.0
2022-11-25 00:00:00-05:00,13.561751492493503,13.594490326883676,13.529014219176876,13.586305618286133,17100,0.0,0.0
2022-11-28 00:00:00-05:00,13.569936783379097,13.684519586514376,13.520830090760208,13.643597602844238,57500,0.0,0.0
2022-11-29 00:00:00-05:00,13.619045915948082,13.651784757608482,13.398064979035947,13.553569793701172,70600,0.0,0.0
2022-11-30 00:00:00-05:00,13.70907661915501,13.889135570972217,13.504463535287025,13.790922164916992,122300,0.0,0.0
2022-12-01 00:00:00-05:00,13.897318135969623,13.91368755480944,13.782735326238306,13.815472602844238,66600,0.0,0.0
2022-12-02 00:00:00-05:00,13.81547195999202,13.81547195999202,13.56993693311464,13.610858917236328,61500,0.0,0.0
2022-12-05 00:00:00-05:00,13.5863068205969,13.684520210311652,13.504461288452148,13.504461288452148,53800,0.0,0.0
2022-12-06 00:00:00-05:00,13.553570144214977,13.602678407975583,13.152528689946948,13.348957061767578,168500,0.0,0.0
2022-12-07 00:00:00-05:00,13.398063189415552,13.5863068205969,13.398063189415552,13.504461288452148,93900,0.0,0.0
2022-12-08 00:00:00-05:00,13.496276551293262,13.553567955354312,13.365324324561232,13.430800437927246,116700,0.0,0.0
2022-12-09 00:00:00-05:00,13.406245106469134,13.438983940749857,13.177079510798226,13.242555618286133,74900,0.0,0.0
2022-12-12 00:00:00-05:00,13.39806316178108,13.43898514723221,13.20981796991432,13.430800437927246,120800,0.0,0.0
2022-12-13 00:00:00-05:00,13.61085770551418,13.725442060786433,13.381692117116653,13.422614097595215,93100,0.0,0.0
2022-12-14 00:00:00-05:00,13.460553895888081,13.576023832468525,13.411067004947876,13.52653694152832,72500,0.126,0.0
2022-12-15 00:00:00-05:00,13.543034335042085,13.567778569355552,13.402820153585862,13.493547439575195,124000,0.0,0.0
2022-12-16 00:00:00-05:00,13.510045300606395,13.716242583768741,13.369831085129581,13.592524528503418,104100,0.0,0.0
2022-12-19 00:00:00-05:00,13.53478792815856,13.576026750612964,13.419317966758038,13.559532165527344,83200,0.0,0.0
2022-12-20 00:00:00-05:00,13.543036007281488,13.609019067104677,13.444060630966586,13.559532165527344,70700,0.0,0.0
2022-12-21 00:00:00-05:00,13.534787668189953,13.675001864266104,13.427565787971817,13.477052688598633,88200,0.0,0.0
2022-12-22 00:00:00-05:00,13.427565503187912,13.55128353871113,13.229616331718725,13.246110916137695,67500,0.0,0.0
2022-12-23 00:00:00-05:00,13.287354016309743,13.55128629869019,13.056412482646605,13.229619026184082,113600,0.0,0.0
2022-12-27 00:00:00-05:00,13.138889051437346,13.18837595106448,12.784229528929165,12.79247760772705,133000,0.0,0.0
2022-12-28 00:00:00-05:00,12.817221891368659,12.924444562976301,12.65226423758003,12.825469970703125,149000,0.0,0.0
2022-12-29 00:00:00-05:00,12.866708392887372,13.163632142293672,12.866708392887372,13.155384063720703,104900,0.0,0.0
2022-12-30 00:00:00-05:00,13.221367154767238,13.493547439575195,13.10589642104446,13.493547439575195,110100,0.0,0.0
2023-01-03 00:00:00-05:00,13.642009885021722,13.691496781162918,13.394572257995605,13.394572257995605,92900,0.0,0.0
2023-01-04 00:00:00-05:00,13.444061113998567,13.642011873740548,13.402822290062492,13.427566528320312,66600,0.0,0.0
2023-01-05 00:00:00-05:00,13.41931844890104,13.477053431675662,13.336839227868596,13.427566528320312,27500,0.0,0.0
2023-01-06 00:00:00-05:00,13.411070355321964,13.99666983502946,13.402822275911399,13.765729904174805,84800,0.0,0.0
2023-01-09 00:00:00-05:00,13.806970096195567,14.021415462638707,13.707996279782087,13.938936233520508,74300,0.0,0.0
2023-01-10 00:00:00-05:00,13.996670519931342,14.120390143983526,13.938935534392522,14.095645904541016,143500,0.0,0.0
2023-01-11 00:00:00-05:00,14.153378757454233,14.549277089918377,14.136882600311528,14.49979019165039,82900,0.0,0.0
2023-01-12 00:00:00-05:00,14.5380033471885,14.5380033471885,14.280473445845812,14.438313484191895,68400,0.126,0.0
2023-01-13 00:00:00-05:00,14.38846881390157,14.45492819194088,14.23893481718398,14.272165298461914,59800,0.0,0.0
2023-01-17 00:00:00-05:00,14.305397325666538,14.454931355106588,14.130942014331083,14.147557258605957,64500,0.0,0.0
2023-01-18 00:00:00-05:00,14.322012141382455,14.322012141382455,14.24724512889969,14.280475616455078,49900,0.0,0.0
2023-01-19 00:00:00-05:00,14.20570808523808,14.405086249739359,14.18078522048162,14.338626861572266,53400,0.0,0.0
2023-01-20 00:00:00-05:00,14.338628477452554,14.338628477452554,14.164171573530654,14.305397987365723,102900,0.0,0.0
2023-01-23 00:00:00-05:00,14.230630281015378,14.322012539818074,14.164170888572574,14.1807861328125,43200,0.0,0.0
2023-01-24 00:00:00-05:00,14.19739818572998,14.288780423991575,14.13093880822606,14.19739818572998,59200,0.0,0.0
2023-01-25 00:00:00-05:00,14.180786521099883,14.380164703887516,14.122634749184774,14.28878402709961,46100,0.0,0.0
2023-01-26 00:00:00-05:00,14.189094212621585,14.34693586895849,14.189094212621585,14.205709457397461,42100,0.0,0.0
2023-01-27 00:00:00-05:00,14.222321923930235,14.338625445608272,14.15586254232612,14.313702583312988,62900,0.0,0.0
2023-01-30 00:00:00-05:00,14.288781929804195,14.355241314311886,14.1890920607843,14.330318450927734,51200,0.0,0.0
2023-01-31 00:00:00-05:00,14.38016519367306,14.45493221282959,14.330321042407705,14.45493221282959,67300,0.0,0.0
2023-02-01 00:00:00-05:00,14.454928673640024,14.5380032950867,14.346932774920976,14.521388053894043,52900,0.0,0.0
2023-02-02 00:00:00-05:00,14.604460716247559,14.828761688710085,14.5213861059448,14.604460716247559,85400,0.0,0.0
2023-02-03 00:00:00-05:00,14.662615366395027,14.662615366395027,14.463237212968103,14.571234703063965,53900,0.0,0.0
2023-02-06 00:00:00-05:00,14.488162306843103,14.571236946356462,14.238938388303026,14.363551139831543,77800,0.0,0.0
2023-02-07 00:00:00-05:00,14.430010848736172,14.754000206924125,14.247246320923898,14.729077339172363,84600,0.0,0.0
2023-02-08 00:00:00-05:00,14.621080040404777,14.820458210128685,14.596157174995472,14.670924186706543,77500,0.0,0.0
2023-02-09 00:00:00-05:00,14.79553115067334,14.828761628466,14.64599716963916,14.72076416015625,45600,0.0,0.0
2023-02-10 00:00:00-05:00,14.612771090502408,14.720766995093705,14.413392938899223,14.529696464538574,98000,0.0,0.0
2023-02-13 00:00:00-05:00,14.488162306843103,14.612773473854663,14.305397783010322,14.363551139831543,49300,0.0,0.0
2023-02-14 00:00:00-05:00,14.360203052814704,14.669835175678898,14.360203052814704,14.502466201782227,82500,0.126,0.0
2023-02-15 00:00:00-05:00,14.460620725646844,14.527567977314952,14.418777695761536,14.51919937133789,45400,0.0,0.0
2023-02-16 00:00:00-05:00,14.460621379945318,14.669831750392827,14.351831093469476,14.376936912536621,29800,0.0,0.0
2023-02-17 00:00:00-05:00,14.34346505877211,14.552675466729225,14.276517792071784,14.443886756896973,39600,0.0,0.0
2023-02-21 00:00:00-05:00,14.418778348166741,14.418778348166741,14.100779287391846,14.376936912536621,39800,0.0,0.0
2023-02-22 00:00:00-05:00,14.360200720663157,14.519201060427848,14.226306201750333,14.418779373168945,42500,0.0,0.0
2023-02-23 00:00:00-05:00,14.510834631836444,14.510834631836444,14.276518390489281,14.468993186950684,30000,0.0,0.0
2023-02-24 00:00:00-05:00,14.435516039278003,14.594516373009023,14.34346296246291,14.55267333984375,33100,0.0,0.0
2023-02-27 00:00:00-05:00,14.552675466729225,14.552675466729225,14.226307741083724,14.443886756896973,56600,0.0,0.0
2023-02-28 00:00:00-05:00,14.468989986301033,14.468989986301033,14.276515232416497,14.376936912536621,52200,0.0,0.0
2023-03-01 00:00:00-05:00,14.293256325065013,14.385309423817446,14.075677289199461,14.117520332336426,52600,0.0,0.0
2023-03-02 00:00:00-05:00,14.017096519470215,14.109149604395498,13.883201993841794,14.017096519470215,79700,0.0,0.0
2023-03-03 00:00:00-05:00,14.017093544979229,14.15098804219463,14.017093544979229,14.02546215057373,47000,0.0,0.0
2023-03-06 00:00:00-05:00,14.109147182803488,14.134251404457203,13.983619689941406,13.983619689941406,25400,0.0,0.0
2023-03-07 00:00:00-05:00,14.025463490179982,14.042200702967596,13.95014762878418,13.95014762878418,15200,0.0,0.0
2023-03-08 00:00:00-05:00,13.983621529357663,14.042201778601568,13.891570044271557,13.941780090332031,46300,0.0,0.0
2023-03-09 00:00:00-05:00,14.008725507743497,14.058935547199304,13.916672438617537,13.983619689941406,44300,0.0,0.0
2023-03-10 00:00:00-05:00,14.050568460339713,14.226304395545233,14.000356825010966,14.20119857788086,48600,0.0,0.0
2023-03-13 00:00:00-04:00,14.24304237764177,14.552672831506595,14.150989304042168,14.167726516723633,63200,0.0,0.0
2023-03-14 00:00:00-04:00,14.155925440848735,14.501603043841461,13.962007442392832,14.122200012207031,86400,0.126,0.0
2023-03-15 00:00:00-04:00,14.240237481456088,14.307686738604717,13.89455983755472,14.063183784484863,50900,0.0,0.0
2023-03-16 00:00:00-04:00,14.06318188834423,14.198080384453107,14.06318188834423,14.096905708312988,49700,0.0,0.0
2023-03-17 00:00:00-04:00,14.172787021401415,14.231804915382718,14.071613948324039,14.206512451171875,56300,0.0,0.0
2023-03-20 00:00:00-04:00,14.231800398803673,14.324543693122587,14.12219600306754,14.265525817871094,38200,0.0,0.0
2023-03-21 00:00:00-04:00,14.290824495081795,14.349842389383573,14.122200561547853,14.214943885803223,42400,0.0,0.0
2023-03-22 00:00:00-04:00,14.231804847717285,14.299254098820514,14.080045238822766,14.231804847717285,30900,0.0,0.0
2023-03-23 00:00:00-04:00,14.10533896715883,14.147495757949933,13.995734527336234,14.063183784484863,45900,0.0,0.0
2023-03-24 00:00:00-04:00,14.05475123343881,14.223375166057105,13.995733339457505,14.206512451171875,66000,0.0,0.0
2023-03-27 00:00:00-04:00,14.181216813258711,14.341409370749371,14.054749681815274,14.307683944702148,57100,0.0,0.0
2023-03-28 00:00:00-04:00,14.307684121728249,14.703949842101913,14.172785632103935,14.526894569396973,95000,0.0,0.0
2023-03-29 00:00:00-04:00,14.628071480396466,14.628071480396466,14.273962488885346,14.358274459838867,76400,0.0,0.0
2023-03-30 00:00:00-04:00,14.467878013270804,14.510033192115849,14.282392974988817,14.366704940795898,43800,0.0,0.0
2023-03-31 00:00:00-04:00,14.501603442840434,14.670225766337605,14.366704940795898,14.366704940795898,125300,0.0,0.0
2023-04-03 00:00:00-04:00,14.417293738661202,14.54376090315212,14.240238421880122,14.299256324768066,75900,0.0,0.0
2023-04-04 00:00:00-04:00,14.299252731267414,14.451013933764777,14.273960269595747,14.290822982788086,59600,0.0,0.0
2023-04-05 00:00:00-04:00,14.44258291631506,14.451014273109218,14.332978494224767,14.391996383666992,72300,0.0,0.0
2023-04-06 00:00:00-04:00,14.400428374008069,14.442583551716595,14.273961232765538,14.32454776763916,118000,0.0,0.0
2023-04-10 00:00:00-04:00,14.316116010625622,14.316116010625622,14.16435480212649,14.248666763305664,68700,0.0,0.0
2023-04-11 00:00:00-04:00,14.214941743213217,14.332977514025472,14.172784962125434,14.189647674560547,60500,0.0,0.0
2023-04-12 00:00:00-04:00,14.316120449175392,14.400432436494537,14.214947350886343,14.383569717407227,49200,0.0,0.0
2023-04-13 00:00:00-04:00,14.337699689091792,14.439627182036604,14.2697485671561,14.388664245605469,51400,0.126,0.0
2023-04-14 00:00:00-04:00,14.354687342226532,14.354687342226532,14.176316261291504,14.176316261291504,38900,0.0,0.0
2023-04-17 00:00:00-04:00,14.159326364114362,14.184808638344544,14.04041232453808,14.125349998474121,33000,0.0,0.0
2023-04-18 00:00:00-04:00,14.074386978791456,14.099869252856326,14.006435868034073,14.057398796081543,50400,0.0,0.0
2023-04-19 00:00:00-04:00,14.00643642844418,14.17631502217577,13.997942336749366,14.167820930480957,51500,0.0,0.0
2023-04-20 00:00:00-04:00,14.26974803793641,14.27824213037367,14.133845799105204,14.176316261291504,70600,0.0,0.0
2023-04-21 00:00:00-04:00,14.184807872524836,14.235770798151492,14.099868583092277,14.15932559967041,28700,0.0,0.0
2023-04-24 00:00:00-04:00,14.16782245321225,14.235773573991677,14.116859517648304,14.184810638427734,29900,0.0,0.0
2023-04-25 00:00:00-04:00,14.201797203560707,14.35468763033505,14.133846082781279,14.184810638427734,32500,0.0,0.0
2023-04-26 00:00:00-04:00,14.28673049902675,14.37166976928711,14.201791228766389,14.37166976928711,62200,0.0,0.0
2023-04-27 00:00:00-04:00,14.303724938165216,14.388664245605469,14.184810879798386,14.388664245605469,38700,0.0,0.0
2023-04-28 00:00:00-04:00,14.499083602292604,14.75390151391161,14.354687271733244,14.567034721374512,92700,0.0,0.0
2023-05-01 00:00:00-04:00,14.507575034101793,14.58402023155974,14.329203986754697,14.414141654968262,70800,0.0,0.0
2023-05-02 00:00:00-04:00,14.550041850770654,14.601006388730907,14.363176738495573,14.439621925354004,67900,0.0,0.0
2023-05-03 00:00:00-04:00,14.465107443619122,14.685948964141817,14.346191781748555,14.422636985778809,61300,0.0,0.0
2023-05-04 00:00:00-04:00,14.346190548348106,14.58402023155974,14.346190548348106,14.414141654968262,66700,0.0,0.0
2023-05-05 00:00:00-04:00,14.465109742957138,14.541554959138931,14.363182248020554,14.405651092529297,75000,0.0,0.0
2023-05-08 00:00:00-04:00,14.431128975676074,14.439623066007105,14.31221495120581,14.380166053771973,34900,0.0,0.0
2023-05-09 00:00:00-04:00,14.303722192460246,14.39715557471755,14.235771083568267,14.261253356933594,36700,0.0,0.0
2023-05-10 00:00:00-04:00,14.28673268021272,14.448117156338135,14.269744499550661,14.380166053771973,40500,0.0,0.0
2023-05-11 00:00:00-04:00,14.48209295380549,14.524563408558146,14.303721904090922,14.354684829711914,28700,0.0,0.0
2023-05-12 00:00:00-04:00,14.334147515310828,14.530974223780648,14.334147515310828,14.428282737731934,28600,0.126,0.0
2023-05-15 00:00:00-04:00,14.402610727771144,14.479630167405102,14.205783996374109,14.308475494384766,39900,0.0,0.0
2023-05-16 00:00:00-04:00,14.21433678455244,14.291356196505268,14.162989421749659,14.180105209350586,27100,0.0,0.0
2023-05-17 00:00:00-04:00,14.180111640487139,14.240015292007271,14.103092193603516,14.103092193603516,41900,0.0,0.0
2023-05-18 00:00:00-04:00,14.068857389505059,14.120203125658847,14.051741600036621,14.051741600036621,38600,0.0,0.0
2023-05-19 00:00:00-04:00,14.051745818033176,14.12020736420591,13.966168477254252,14.0175142288208,66300,0.0,0.0
2023-05-22 00:00:00-04:00,14.085972748025402,14.085972748025402,13.854916099502239,13.872030258178711,55100,0.0,0.0
2023-05-23 00:00:00-04:00,13.863476901033774,13.974726300883466,13.82068741474389,13.966168403625488,37200,0.0,0.0
2023-05-24 00:00:00-04:00,14.008955834201865,14.051743681960936,13.769339642896476,13.820685386657715,42100,0.0,0.0
2023-05-25 00:00:00-04:00,13.777899203725473,13.812129159618491,13.572513755485502,13.598187446594238,67600,0.0,0.0
2023-05-26 00:00:00-04:00,13.717992934904384,13.889145946162175,13.649530587825113,13.863473892211914,65800,0.0,0.0
2023-05-30 00:00:00-04:00,13.863476000007555,13.863476000007555,13.735109181732826,13.846360206604004,68300,0.0,0.0
2023-05-31 00:00:00-04:00,13.974726300883466,13.983284198141442,13.84636110651782,13.966168403625488,47600,0.0,0.0
2023-06-01 00:00:00-04:00,14.000398658849102,14.06886019813863,13.940495016002247,13.957609176635742,43000,0.0,0.0
2023-06-02 00:00:00-04:00,14.137323056971683,14.137323056971683,13.940496317174441,14.008957862854004,42700,0.0,0.0
2023-06-05 00:00:00-04:00,14.008956297191666,14.077417835219862,13.880589485168455,13.880589485168457,28600,0.0,0.0
2023-06-06 00:00:00-04:00,13.889146573026585,14.034627536900166,13.812127143196353,14.026069641113281,45500,0.0,0.0
2023-06-07 00:00:00-04:00,14.000398280589051,14.094531874411464,13.89770515830338,13.949050903320312,18000,0.0,0.0
2023-06-08 00:00:00-04:00,13.940494241648626,13.991839985200704,13.897704761812097,13.983282089233398,16200,0.0,0.0
2023-06-09 00:00:00-04:00,13.931937548288424,14.094532688947202,13.931937548288424,14.060302734375,21200,0.0,0.0
2023-06-12 00:00:00-04:00,14.043183705302404,14.10308733619041,13.991837969148616,14.051741600036621,31800,0.0,0.0
2023-06-13 00:00:00-04:00,14.060302424326398,14.171551814547726,13.889147758483887,13.889147758483887,37600,0.0,0.0
2023-06-14 00:00:00-04:00,14.015065573571478,14.109937313092097,13.954693246612006,14.092687606811523,30400,0.126,0.0
2023-06-15 00:00:00-04:00,14.18756239055179,14.196185600519822,14.015068580779198,14.040943145751953,50800,0.0,0.0
2023-06-16 00:00:00-04:00,14.0668127043569,14.101312116076743,13.86844602203529,13.911568641662598,40900,0.0,0.0
2023-06-20 00:00:00-04:00,13.946070087166088,13.97194464972931,13.661456479061584,13.739078521728516,151800,0.0,0.0
2023-06-21 00:00:00-04:00,13.739078766830955,14.015067525671302,13.713204203806137,13.989192962646484,72000,0.0,0.0
2023-06-22 00:00:00-04:00,13.980566708305986,14.015066122217677,13.713202830580776,13.730452537536621,85000,0.0,0.0
2023-06-23 00:00:00-04:00,13.84257369448577,13.911570884024398,13.816700776548007,13.868448257446289,26700,0.0,0.0
2023-06-26 00:00:00-04:00,13.928822342280993,13.9633217638952,13.877074854882647,13.920197486877441,31500,0.0,0.0
2023-06-27 00:00:00-04:00,13.911570743288285,14.015067349060585,13.902947534078107,13.980567932128906,31400,0.0,0.0
2023-06-28 00:00:00-04:00,14.015068069089965,14.135812744508668,13.88569853899524,14.075440406799316,49900,0.0,0.0
2023-06-29 00:00:00-04:00,14.023692094117674,14.023692094117674,13.833950237538815,13.902947425842285,53900,0.0,0.0
2023-06-30 00:00:00-04:00,14.101314618065478,14.101314618065478,13.937445673366035,14.05819034576416,69200,0.0,0.0
2023-07-03 00:00:00-04:00,14.006443199532358,14.101314955845009,14.006443199532358,14.015068054199219,17800,0.0,0.0
2023-07-05 00:00:00-04:00,13.989192872509276,14.14443695961237,13.954695100387895,13.971944808959961,55800,0.0,0.0
2023-07-06 00:00:00-04:00,13.971944857011865,13.971944857011865,13.67008153605355,13.695955276489258,49300,0.0,0.0
2023-07-07 00:00:00-04:00,13.72182953111617,13.885698479209449,13.72182953111617,13.833950996398926,42400,0.0,0.0
2023-07-10 00:00:00-04:00,13.90294543375513,13.971942612172322,13.842571463245408,13.911568641662598,42200,0.0,0.0
2023-07-11 00:00:00-04:00,13.971945950847495,14.084065775683658,13.87707419097028,14.040943145751953,31800,0.0,0.0
2023-07-12 00:00:00-04:00,14.101314601543178,14.144437228771187,13.971945074836372,13.997817993164062,45700,0.0,0.0
2023-07-13 00:00:00-04:00,14.02910776396494,14.10733712500436,13.976955409236483,14.06387710571289,25200,0.126,0.0
2023-07-14 00:00:00-04:00,14.011725162288837,14.133414546191831,13.91611112756876,13.985648155212402,46100,0.0,0.0
2023-07-17 00:00:00-04:00,13.950879620825564,14.037801324890161,13.916111933935891,14.003033638000488,43800,0.0,0.0
2023-07-18 00:00:00-04:00,13.985646953096309,14.263795039763062,13.985646953096309,14.246410369873047,75300,0.0,0.0
2023-07-19 00:00:00-04:00,14.315946584219104,14.455020619709664,14.237717232019003,14.402868270874023,52200,0.0,0.0
2023-07-20 00:00:00-04:00,14.402873985577978,14.437643337192876,14.263799894906262,14.376798629760742,45900,0.0,0.0
2023-07-21 00:00:00-04:00,14.368103162635816,14.6027896033484,14.34202615460394,14.550637245178223,57100,0.0,0.0
2023-07-24 00:00:00-04:00,14.524561041946596,14.767941490048994,14.455024007902148,14.68101978302002,95000,0.0,0.0
2023-07-25 00:00:00-04:00,14.654943074654126,14.654943074654126,14.368102628540312,14.472407341003418,37600,0.0,0.0
2023-07-26 00:00:00-04:00,14.481103368817562,14.611485121585556,14.28118457071371,14.376798629760742,41600,0.0,0.0
2023-07-27 00:00:00-04:00,14.524559690252486,14.541944361619151,14.202951559436748,14.359410285949707,43000,0.0,0.0
2023-07-28 00:00:00-04:00,14.376795229299425,14.411562914796985,14.150799470937887,14.298565864562988,34600,0.0,0.0
2023-07-31 00:00:00-04:00,14.402871665434084,14.498485709078746,14.202952899534942,14.481101036071777,68200,0.0,0.0
2023-08-01 00:00:00-04:00,14.472408162967525,14.472408162967525,14.124723005187779,14.289874076843262,57000,0.0,0.0
2023-08-02 00:00:00-04:00,14.255101990780217,14.255101990780217,14.01172325608433,14.0725679397583,63900,0.0,0.0
2023-08-03 00:00:00-04:00,14.020417069644827,14.072571088371477,13.907420011524401,14.037801742553711,57700,0.0,0.0
2023-08-04 00:00:00-04:00,14.037801324890161,14.081263005869264,13.950879620825564,14.003033638000488,40300,0.0,0.0
2023-08-07 00:00:00-04:00,13.994340780777407,14.072570145733604,13.646654806410616,13.750960350036621,106100,0.0,0.0
2023-08-08 00:00:00-04:00,13.750961029962271,13.863958915047727,13.68142399743996,13.698808670043945,71700,0.0,0.0
2023-08-09 00:00:00-04:00,13.698810564765502,13.742271423339844,13.698810564765502,13.742271423339844,43100,0.0,0.0
2023-08-10 00:00:00-04:00,13.750960612430253,13.86395849408466,13.672731245981296,13.777037620544434,64400,0.0,0.0
2023-08-11 00:00:00-04:00,13.863957265112699,13.881341935647754,13.785727905598392,13.837881088256836,67100,0.0,0.0
2023-08-14 00:00:00-04:00,13.825616256504585,13.886947189345163,13.650386810302734,13.650386810302734,86600,0.126,0.0
2023-08-15 00:00:00-04:00,13.624101873740832,13.676670287010442,13.326211413346828,13.422587394714355,101200,0.0,0.0
2023-08-16 00:00:00-04:00,13.492677646097015,13.545246888991317,13.361255792200913,13.413825035095215,67100,0.0,0.0
2023-08-17 00:00:00-04:00,13.361256861862252,13.38754106763375,13.23859584232886,13.326210975646973,72600,0.0,0.0
2023-08-18 00:00:00-04:00,13.405063483202808,13.440109366946666,13.32621003588918,13.352494239807129,64600,0.0,0.0
2023-08-21 00:00:00-04:00,13.317450606046345,13.317450606046345,12.984514236450195,12.984514236450195,132500,0.0,0.0
2023-08-22 00:00:00-04:00,13.01955957465012,13.11593639381623,12.958229479224329,13.002037048339844,135000,0.0,0.0
2023-08-23 00:00:00-04:00,13.063368804549775,13.142222271870597,13.063368804549775,13.089653015136719,103200,0.0,0.0
2023-08-24 00:00:00-04:00,13.142220900425992,13.18602847053939,13.089651649177931,13.159744262695312,72600,0.0,0.0
2023-08-25 00:00:00-04:00,13.238596203222881,13.238596203222881,12.975752467222897,13.150981903076172,82600,0.0,0.0
2023-08-28 00:00:00-04:00,13.159744547496322,13.299928106445112,13.115936976434845,13.177267074584961,121800,0.0,0.0
2023-08-29 00:00:00-04:00,13.150980491743244,13.483916801914438,13.150980491743244,13.413825035095215,85700,0.0,0.0
2023-08-30 00:00:00-04:00,13.370018848306012,13.510202396375508,13.370018848306012,13.483918190002441,72800,0.0,0.0
2023-08-31 00:00:00-04:00,13.606578411278601,13.62410177261164,13.466394862853711,13.56277084350586,72700,0.0,0.0
2023-09-01 00:00:00-04:00,13.501440141533957,13.702954609983625,13.229834737590267,13.36125659942627,133600,0.0,0.0
2023-09-05 00:00:00-04:00,13.282403229373786,13.326210795440446,13.15974304705893,13.194788932800293,51400,0.0,0.0
2023-09-06 00:00:00-04:00,13.168503891824402,13.229834818541654,13.142219686408335,13.194788932800293,73900,0.0,0.0
2023-09-07 00:00:00-04:00,13.282405021557869,13.291166703065372,13.13345977817006,13.168505668640137,77700,0.0,0.0
2023-09-08 00:00:00-04:00,13.168505402657228,13.273643071943843,13.168505402657228,13.203551292419434,43300,0.0,0.0
2023-09-11 00:00:00-04:00,13.273641621750881,13.466394412164034,13.150981438764191,13.440110206604004,103300,0.0,0.0
2023-09-12 00:00:00-04:00,13.370018341265677,13.632862901707878,13.370018341265677,13.580293655395508,72500,0.0,0.0
2023-09-13 00:00:00-04:00,13.65914850128443,13.676671028137207,13.510203263016216,13.676671028137207,22900,0.0,0.0
2023-09-14 00:00:00-04:00,13.655471411790582,13.74379950667794,13.567143316903223,13.708468437194824,49000,0.126,0.0
2023-09-15 00:00:00-04:00,13.690802185336057,13.779130278314133,13.628973025666879,13.743799209594727,45300,0.0,0.0
2023-09-18 00:00:00-04:00,13.71730202157293,13.805630125789214,13.699636906145212,13.752633094787598,25200,0.0,0.0
2023-09-19 00:00:00-04:00,13.71730027628583,13.7702973005445,13.71730027628583,13.743799209594727,35800,0.0,0.0
2023-09-20 00:00:00-04:00,13.743800063286242,13.893956482901288,13.743800063286242,13.858625411987305,47400,0.0,0.0
2023-09-21 00:00:00-04:00,13.673137009454727,13.752632129196073,13.558311661338529,13.637805938720703,67500,0.0,0.0
2023-09-22 00:00:00-04:00,13.602475119402795,13.74380024731019,13.567144048015743,13.611308097839355,30600,0.0,0.0
2023-09-25 00:00:00-04:00,13.514147494215297,13.584809635065747,13.34632427792611,13.425819396972656,37500,0.0,0.0
2023-09-26 00:00:00-04:00,13.42581983610503,13.461150907685864,13.046011027200857,13.15200424194336,70500,0.0,0.0
2023-09-27 00:00:00-04:00,13.284495009348007,13.425819289922057,13.107839658630445,13.328659057617188,78500,0.0,0.0
2023-09-28 00:00:00-04:00,13.231497214220802,13.531811714172363,13.134336987560811,13.531811714172363,97900,0.0,0.0
2023-09-29 00:00:00-04:00,13.602476074192051,13.787964422583725,13.496482852590985,13.72613525390625,81200,0.0,0.0
2023-10-02 00:00:00-04:00,13.655471775916196,13.655471775916196,13.381655348351334,13.425819396972656,51600,0.0,0.0
2023-10-03 00:00:00-04:00,13.372823817093288,13.487650011756292,13.284495715857373,13.46998405456543,57700,0.0,0.0
2023-10-04 00:00:00-04:00,13.42581830688982,13.461149374446407,13.143169766437117,13.213831901550293,49700,0.0,0.0
2023-10-05 00:00:00-04:00,13.17850343444835,13.496483105203135,13.001848061806802,13.010680198669434,69500,0.0,0.0
2023-10-06 00:00:00-04:00,13.010678186987835,13.293327581870964,12.984180095778493,13.266829490661621,39800,0.0,0.0
2023-10-09 00:00:00-04:00,13.35515558733489,13.558309848664255,13.24916238930355,13.522978782653809,52700,0.0,0.0
2023-10-10 00:00:00-04:00,13.487649972715788,13.611308303257092,13.425819965085937,13.593643188476562,47800,0.0,0.0
2023-10-11 00:00:00-04:00,13.637807750213302,13.796798010814467,13.602476674786296,13.655473709106445,76500,0.0,0.0
2023-10-12 00:00:00-04:00,13.740962390248496,13.776583774601253,13.50942296731518,13.571760177612305,47500,0.126,0.0
2023-10-13 00:00:00-04:00,13.625192678781838,13.660814063134595,13.536138793259548,13.571760177612305,81500,0.0,0.0
2023-10-16 00:00:00-04:00,13.53614039898617,13.607383176142868,13.491613450943008,13.58957290649414,32100,0.0,0.0
2023-10-17 00:00:00-04:00,13.509423145435631,13.545044530258053,13.447085934316595,13.464896202087402,36400,0.0,0.0
2023-10-18 00:00:00-04:00,13.393656075337553,13.393656075337553,13.090873819960244,13.135400772094727,43400,0.0,0.0
2023-10-19 00:00:00-04:00,13.153208325397658,13.322409678482659,12.663413683316826,12.779183387756348,99900,0.0,0.0
2023-10-20 00:00:00-04:00,12.779184712537525,12.984007469046475,12.734657767863151,12.90385913848877,46800,0.0,0.0
2023-10-23 00:00:00-04:00,12.86823793368912,13.20664152898325,12.770279333451677,13.090871810913086,86800,0.0,0.0
2023-10-24 00:00:00-04:00,13.081968013985382,13.50051999733915,13.081968013985382,13.34022331237793,128000,0.0,0.0
2023-10-25 00:00:00-04:00,13.260074550384909,13.31350620740539,13.144304827799363,13.162115097045898,53600,0.0,0.0
2023-10-26 00:00:00-04:00,13.135397624282685,13.26897759939359,13.090870682818792,13.197734832763672,39900,0.0,0.0
2023-10-27 00:00:00-04:00,13.29569746006647,13.29569746006647,13.037442156823644,13.135400772094727,49100,0.0,0.0
2023-10-30 00:00:00-04:00,13.16211575283858,13.224453821509591,12.957292975253464,13.179926872253418,51700,0.0,0.0
2023-10-31 00:00:00-04:00,13.340222184591298,13.340222184591298,13.04634551986079,13.108683586120605,52300,0.0,0.0
2023-11-01 00:00:00-04:00,13.108683177469722,13.473802607159861,13.108683177469722,13.420370101928711,85100,0.0,0.0
2023-11-02 00:00:00-04:00,13.536140357933377,13.732058419160559,13.536140357933377,13.687531471252441,92100,0.0,0.0
2023-11-03 00:00:00-04:00,13.732057644162653,13.96359708079273,13.705341816637905,13.874543190002441,79800,0.0,0.0
2023-11-06 00:00:00-05:00,13.803298536868809,13.803298536868809,13.358030842131106,13.42927360534668,51800,0.0,0.0
2023-11-07 00:00:00-05:00,13.509423513194696,13.607382111802822,13.438180741610452,13.545044898986816,174000,0.0,0.0
2023-11-08 00:00:00-05:00,13.536140441894531,13.678625996659594,13.491613493710224,13.536140441894531,96700,0.0,0.0
2023-11-09 00:00:00-05:00,13.518328918179392,13.545044744899359,13.224452276417303,13.2600736618042,58000,0.0,0.0
2023-11-10 00:00:00-05:00,13.277884886991433,13.340222103591865,13.215547670391004,13.304600715637207,32600,0.0,0.0
2023-11-13 00:00:00-05:00,13.286789051672857,13.438180146909835,13.251167667457143,13.331315994262695,44000,0.0,0.0
2023-11-14 00:00:00-05:00,13.51632526256366,13.695944029355601,13.507344110101602,13.651039123535156,80600,0.126,0.0
2023-11-15 00:00:00-05:00,13.588171696110926,13.794733047485352,13.570209392605442,13.794733047485352,53700,0.0,0.0
2023-11-16 00:00:00-05:00,13.821677262019573,13.965372271998051,13.740848604784224,13.839638710021973,86300,0.0,0.0
2023-11-17 00:00:00-05:00,13.884543614762702,13.911486215011212,13.749829757030334,13.839638710021973,34000,0.0,0.0
2023-11-20 00:00:00-05:00,13.839637840607535,14.0462000468426,13.794732938687758,14.019256591796875,77700,0.0,0.0
2023-11-21 00:00:00-05:00,14.091102886497241,14.118046339237415,13.99231279591901,14.046198844909668,51800,0.0,0.0
2023-11-22 00:00:00-05:00,14.144989935887605,14.162952238984767,13.830656483605313,13.983332633972168,82400,0.0,0.0
2023-11-24 00:00:00-05:00,13.902505676772131,14.055181845739693,13.902505676772131,13.947410583496094,16700,0.0,0.0
2023-11-27 00:00:00-05:00,13.992313520743199,14.01925611838935,13.821675926997923,13.929447174072266,57900,0.0,0.0
2023-11-28 00:00:00-05:00,13.992316043710234,14.01925864621443,13.902506226709724,13.956392288208008,95600,0.0,0.0
2023-11-29 00:00:00-05:00,14.05518225779209,14.118049471644644,13.929449543066744,14.10008716583252,77200,0.0,0.0
2023-11-30 00:00:00-05:00,14.15397150660213,14.17193295374146,14.019256798853142,14.055180549621582,82200,0.0,0.0
2023-12-01 00:00:00-05:00,14.14499113497272,14.33359105103195,14.028238724413214,14.261743545532227,167000,0.0,0.0
2023-12-04 00:00:00-05:00,14.225818689371541,14.44136118915238,14.153971189444594,14.243780136108398,109300,0.0,0.0
2023-12-05 00:00:00-05:00,14.306647714566203,14.423399262629435,14.234800212762776,14.378495216369629,104700,0.0,0.0
2023-12-06 00:00:00-05:00,14.486266619958949,14.504228924903794,14.297667556977125,14.315629005432129,50000,0.0,0.0
2023-12-07 00:00:00-05:00,14.261743379316295,14.567094845886434,14.261743379316295,14.549134254455566,59700,0.0,0.0
2023-12-08 00:00:00-05:00,14.414417402775893,14.49524605245706,14.333589609584465,14.351551055908203,51500,0.0,0.0
2023-12-11 00:00:00-05:00,14.405439376831055,14.432381120713483,14.333591015022009,14.405439376831055,64100,0.0,0.0
2023-12-12 00:00:00-05:00,14.333590507507324,14.432380609700902,14.288685604150318,14.333590507507324,40300,0.0,0.0
2023-12-13 00:00:00-05:00,14.288683996479778,14.818559912196678,14.27970284552092,14.692827224731445,81900,0.0,0.0
2023-12-14 00:00:00-05:00,14.906423515800817,15.024082960829505,14.70730978934253,14.942626953125,75100,0.126,0.0
2023-12-15 00:00:00-05:00,14.942626719692045,15.078386154987092,14.915474142123085,14.978828430175781,67400,0.0,0.0
2023-12-18 00:00:00-05:00,14.90642046884529,14.96072561373129,14.815915346584397,14.861167907714844,55200,0.0,0.0
2023-12-19 00:00:00-05:00,14.89737214243743,14.987879006350049,14.824966996562303,14.969779014587402,72100,0.0,0.0
2023-12-20 00:00:00-05:00,15.042182946740477,15.069333795331126,14.843067516943949,15.024081230163574,78400,0.0,0.0
2023-12-21 00:00:00-05:00,15.08743551190803,15.114588086773386,14.797814951776395,15.024081230163574,65500,0.0,0.0
2023-12-22 00:00:00-05:00,15.015031428254401,15.033133146104849,14.79781599287353,14.870221138000488,39700,0.0,0.0
2023-12-26 00:00:00-05:00,14.834016162237202,14.978826437456963,14.625851607393125,14.643953323364258,106500,0.0,0.0
2023-12-27 00:00:00-05:00,14.779714937715989,15.005981242167413,14.734462367335666,14.942626953125,105600,0.0,0.0
2023-12-28 00:00:00-05:00,14.852119678806533,14.91547396611161,14.761612814252912,14.81591796875,73400,0.0,0.0
2023-12-29 00:00:00-05:00,14.915473601869161,14.915473601869161,14.598700446804653,14.653005599975586,113300,0.0,0.0
2024-01-02 00:00:00-05:00,14.598701163911468,14.734462327232743,14.56249945296072,14.689208030700684,79200,0.0,0.0
2024-01-03 00:00:00-05:00,14.68015586688726,14.942625584624933,14.634903300651331,14.897371292114258,59000,0.0,0.0
2024-01-04 00:00:00-05:00,14.761611700452052,15.232245979600457,14.725409993127029,15.105537414550781,112600,0.0,0.0
2024-01-05 00:00:00-05:00,15.096486326564799,15.214144031425207,14.942625188655215,15.141738891601562,63200,0.0,0.0
2024-01-08 00:00:00-05:00,15.232246630747571,15.250348348321259,15.069334625133994,15.196044921875,111100,0.0,0.0
2024-01-09 00:00:00-05:00,15.214144631609148,15.268449783325195,15.069334346249226,15.268449783325195,87300,0.0,0.0
2024-01-10 00:00:00-05:00,15.205094390304092,15.250348685238086,15.033133248379437,15.08743667602539,75900,0.0,0.0
2024-01-11 00:00:00-05:00,15.174981671998257,15.22970040837948,15.001710891723633,15.001710891723633,54000,0.126,0.0
2024-01-12 00:00:00-05:00,14.965232786022522,15.174982738627675,14.910515785217285,14.910515785217285,56900,0.0,0.0
2024-01-16 00:00:00-05:00,14.910517352599275,15.001713523142536,14.691647586948813,14.74636459350586,84200,0.0,0.0
2024-01-17 00:00:00-05:00,14.719006225930865,14.819322194322988,14.682528798875254,14.801082611083984,52700,0.0,0.0
2024-01-18 00:00:00-05:00,14.819321182056013,14.819321182056013,14.646048631966044,14.74636459350586,44600,0.0,0.0
2024-01-19 00:00:00-05:00,14.81020093653201,14.81020093653201,14.646048182476468,14.673407554626465,45200,0.0,0.0
2024-01-22 00:00:00-05:00,14.846681311910702,14.937875747680664,14.746365345256905,14.937875747680664,119200,0.0,0.0
2024-01-23 00:00:00-05:00,14.946994024770131,14.992592977457566,14.883157230429909,14.956113815307617,62200,0.0,0.0
2024-01-24 00:00:00-05:00,15.056425373349771,15.056425373349771,14.864913306853525,14.974349021911621,35800,0.0,0.0
2024-01-25 00:00:00-05:00,14.992594577218496,15.065551169880921,14.874039027003072,15.038191795349121,46300,0.0,0.0
2024-01-26 00:00:00-05:00,15.138504253832746,15.138504253832746,14.901394947780028,15.001710891723633,53800,0.0,0.0
2024-01-29 00:00:00-05:00,15.074668291500116,15.074668291500116,14.946992972386811,15.047308921813965,71700,0.0,0.0
2024-01-30 00:00:00-05:00,15.138506584251449,15.220582962036133,15.010831252462918,15.220582962036133,96700,0.0,0.0
2024-01-31 00:00:00-05:00,15.29354036599029,15.37561674815944,15.202344192533202,15.266180992126465,71300,0.0,0.0
2024-02-01 00:00:00-05:00,15.375615632792366,15.503289222717285,15.111146922893942,15.503289222717285,91200,0.0,0.0
2024-02-02 00:00:00-05:00,15.457691996406684,15.457691996406684,15.229702449199637,15.302659034729004,40800,0.0,0.0
2024-02-05 00:00:00-05:00,15.257060582857308,15.275300164694407,15.147626570679249,15.229702949523926,51400,0.0,0.0
2024-02-06 00:00:00-05:00,15.229700316865749,15.348254099468745,15.211460738181609,15.24793815612793,36800,0.0,0.0
2024-02-07 00:00:00-05:00,15.330016272251328,15.375615224171398,15.257059688601375,15.284419059753418,34500,0.0,0.0
2024-02-08 00:00:00-05:00,15.211460869132493,15.339134442176663,15.138504293189829,15.202341079711914,47500,0.0,0.0
2024-02-09 00:00:00-05:00,15.311779130621586,15.366496136003963,15.193223589633824,15.220582962036133,60500,0.0,0.0
2024-02-12 00:00:00-05:00,15.247940902313479,15.266180484282605,15.129387098358698,15.138506889343262,68300,0.0,0.0
2024-02-13 00:00:00-05:00,15.083787419462036,15.111145048525565,14.901395108402557,14.965231895446777,39000,0.0,0.0
2024-02-14 00:00:00-05:00,14.952367579315677,15.01669831920525,14.897225442655017,14.943177223205566,63500,0.126,0.0
2024-02-15 00:00:00-05:00,15.117789290284922,15.163739314327431,14.961556754506912,15.025887489318848,44200,0.0,0.0
2024-02-16 00:00:00-05:00,15.007509472206804,15.025890186275335,14.878847979489828,14.924798011779785,44500,0.0,0.0
2024-02-20 00:00:00-05:00,14.970748291535896,15.099409771315045,14.842085058875554,14.943177223205566,71400,0.0,0.0
2024-02-21 00:00:00-05:00,15.053458431748172,15.108600570024194,14.805325821031063,14.869656562805176,135100,0.0,0.0
2024-02-22 00:00:00-05:00,15.035077866642343,15.10859895694627,14.888035686034486,14.933985710144043,65000,0.0,0.0
2024-02-23 00:00:00-05:00,15.053458306526268,15.071839019132042,14.952367892956975,15.007508277893066,49700,0.0,0.0
2024-02-26 00:00:00-05:00,15.007507934103304,15.035079002380371,14.906415769968582,15.035079002380371,52300,0.0,0.0
2024-02-27 00:00:00-05:00,15.145361567514554,15.145361567514554,14.759375330224143,14.842086791992188,184400,0.0,0.0
2024-02-28 00:00:00-05:00,14.84208607630999,14.93398789082982,14.740995657931359,14.759374618530273,53700,0.0,0.0
2024-02-29 00:00:00-05:00,14.832896434808916,14.878848220725276,14.777756044590687,14.842086791992188,86100,0.0,0.0
2024-03-01 00:00:00-05:00,14.81451574342642,14.961557935425787,14.78694467509609,14.943177223205566,68700,0.0,0.0
2024-03-04 00:00:00-05:00,14.943178449808444,15.099411010742188,14.86965734777382,15.099411010742188,80500,0.0,0.0
2024-03-05 00:00:00-05:00,15.136166561023346,15.237258706105917,15.016695460101014,15.228068351745605,122700,0.0,0.0
2024-03-06 00:00:00-05:00,15.182120101944237,15.59567557906328,15.163739391081773,15.457823753356934,77600,0.0,0.0
2024-03-07 00:00:00-05:00,15.50377755225747,15.5497275825246,15.457825769109043,15.51296615600586,56000,0.0,0.0
2024-03-08 00:00:00-05:00,15.595676104737556,15.61405681621957,15.384303181337796,15.53134536743164,86700,0.0,0.0
2024-03-11 00:00:00-04:00,15.57729885589147,15.57729885589147,15.393495226659427,15.522156715393066,67500,0.0,0.0
2024-03-12 00:00:00-04:00,15.48539643140413,15.751909755124878,15.384304264019754,15.724340438842773,81500,0.0,0.0
2024-03-13 00:00:00-04:00,15.650821428826113,15.69677146401465,15.558919605567556,15.59567928314209,66400,0.0,0.0
2024-03-14 00:00:00-04:00,15.629012767301521,15.629012767301521,15.443835941301451,15.508647918701172,54900,0.126,0.0
2024-03-15 00:00:00-04:00,15.508644497339535,15.508644497339535,15.36976146697998,15.36976146697998,50200,0.0,0.0
2024-03-18 00:00:00-04:00,15.4623490911414,15.499383737818254,15.119769337915384,15.138287544250488,45500,0.0,0.0
2024-03-19 00:00:00-04:00,15.212359647455859,15.277171608082709,15.138288583026107,15.240135192871094,58200,0.0,0.0
2024-03-20 00:00:00-04:00,15.35124040408796,15.35124040408796,15.184580092249734,15.20309829711914,41900,0.0,0.0
2024-03-21 00:00:00-04:00,15.249395489893985,15.277172803476189,15.203101733250595,15.258654594421387,70800,0.0,0.0
2024-03-22 00:00:00-04:00,15.416055498817023,15.4716083587605,15.20310139737238,15.221619606018066,69200,0.0,0.0
2024-03-25 00:00:00-04:00,15.295689353289303,15.295689353289303,15.18458187700679,15.193840980529785,41300,0.0,0.0
2024-03-26 00:00:00-04:00,15.19384255140262,15.258654516770989,15.129030586034252,15.156807899475098,80700,0.0,0.0
2024-03-27 00:00:00-04:00,15.258654734847704,15.27717294407293,15.138289906870995,15.18458366394043,58200,0.0,0.0
2024-03-28 00:00:00-04:00,15.27717141371507,15.341983373517332,15.017921808512565,15.045699119567871,119500,0.0,0.0
2024-04-01 00:00:00-04:00,15.045700953614967,15.045700953614967,14.842005945692977,14.869781494140625,64700,0.0,0.0
2024-04-02 00:00:00-04:00,14.869782274606573,15.027183532714844,14.823488514101573,15.027183532714844,74300,0.0,0.0
2024-04-03 00:00:00-04:00,15.008662476087443,15.008662476087443,14.879038558458454,14.94385051727295,52700,0.0,0.0
2024-04-04 00:00:00-04:00,14.990147077082916,15.119771003723145,14.990147077082916,15.119771003723145,30600,0.0,0.0
2024-04-05 00:00:00-04:00,15.09199526182601,15.101254366977297,15.017924186609447,15.082737922668457,49100,0.0,0.0
2024-04-08 00:00:00-04:00,15.045699373922844,15.13828864634568,14.980887413024902,14.980887413024902,36800,0.0,0.0
2024-04-09 00:00:00-04:00,14.990145914151045,15.045698768973716,14.91607485238968,14.934591293334961,53900,0.0,0.0
2024-04-10 00:00:00-04:00,14.906816096278243,15.045699119567871,14.814226825420674,15.045699119567871,88900,0.0,0.0
2024-04-11 00:00:00-04:00,14.943851252486986,15.027181422489171,14.786450899478895,14.916075706481934,74200,0.0,0.0
2024-04-12 00:00:00-04:00,15.024324517071124,15.070983196909928,14.716372602357202,14.73503589630127,49700,0.126,0.0
2024-04-15 00:00:00-04:00,14.828355529823154,14.828355529823154,14.58572647076745,14.679044723510742,49800,0.0,0.0
2024-04-16 00:00:00-04:00,14.651049613952637,14.70704127862409,14.567062561924118,14.651049613952637,92300,0.0,0.0
2024-04-17 00:00:00-04:00,14.753700459127575,14.893678282153635,14.660381317138672,14.660381317138672,40100,0.0,0.0
2024-04-18 00:00:00-04:00,14.688377554955178,14.865683757017667,14.66038216671907,14.70704174041748,21100,0.0,0.0
2024-04-19 00:00:00-04:00,14.828356663948739,14.828356663948739,14.632387161254883,14.632387161254883,18400,0.0,0.0
2024-04-22 00:00:00-04:00,14.697710032167045,14.791029182005023,14.61372297530434,14.632387161254883,23300,0.0,0.0
2024-04-23 00:00:00-04:00,14.651050003452825,14.735037057714152,14.613722522665272,14.641717910766602,84800,0.0,0.0
2024-04-24 00:00:00-04:00,14.604391098022461,14.67904606301248,14.473745354268619,14.604391098022461,53600,0.0,0.0
2024-04-25 00:00:00-04:00,14.52973602335185,14.65105056303421,14.501740634181267,14.58572769165039,35100,0.0,0.0
2024-04-26 00:00:00-04:00,14.585724927436148,14.791026485679897,14.529733269748867,14.53906536102295,74700,0.0,0.0
2024-04-29 00:00:00-04:00,14.557732302479808,14.60439098777832,14.51107272722392,14.58572769165039,34900,0.0,0.0
2024-04-30 00:00:00-04:00,14.688378156125577,14.688378156125577,14.557732412371736,14.604391098022461,42100,0.0,0.0
2024-05-01 00:00:00-04:00,14.651047510551841,14.744366641620982,14.54839717834154,14.567060470581055,36000,0.0,0.0
2024-05-02 00:00:00-04:00,14.69770916511007,14.884346563818417,14.613722113201984,14.82835578918457,95500,0.0,0.0
2024-05-03 00:00:00-04:00,14.865683585706911,15.20163180049815,14.82835610516981,15.126975059509277,89100,0.0,0.0
2024-05-06 00:00:00-04:00,15.24829161713486,15.24829161713486,15.005662530629976,15.080317497253418,31000,0.0,0.0
2024-05-07 00:00:00-04:00,15.14564054062145,15.14564054062145,14.949671918502549,14.96833610534668,35900,0.0,0.0
2024-05-08 00:00:00-04:00,14.977663378946877,15.061650422784405,14.865681840439816,14.949668884277344,41500,0.0,0.0
2024-05-09 00:00:00-04:00,14.884346563818417,14.959002413259071,14.781696217018155,14.82835578918457,82200,0.0,0.0
2024-05-10 00:00:00-04:00,14.82835695910955,14.856352348635248,14.781697383261795,14.800360679626465,45800,0.0,0.0
2024-05-13 00:00:00-04:00,14.819024365019798,14.865683939290314,14.781696883594854,14.79102897644043,54600,0.0,0.0
2024-05-14 00:00:00-04:00,14.853111438200564,14.881331158150777,14.815484845904038,14.862518310546875,52000,0.126,0.0
2024-05-15 00:00:00-04:00,14.92836561359157,15.285818712677134,14.890739018797762,15.26700496673584,150400,0.0,0.0
2024-05-16 00:00:00-04:00,15.229379459658059,15.285818904010835,15.107091903686523,15.107091903686523,78000,0.0,0.0
2024-05-17 00:00:00-04:00,15.125905378001688,15.257598010517087,15.125905378001688,15.144719123840332,25000,0.0,0.0
2024-05-20 00:00:00-04:00,15.144719123840332,15.172937948420744,14.994211848397512,15.144719123840332,35200,0.0,0.0
2024-05-21 00:00:00-04:00,15.191751180099338,15.191751180099338,15.069465424641985,15.116497993469238,22600,0.0,0.0
2024-05-22 00:00:00-04:00,15.041243115229374,15.107089421853138,14.965989937062604,15.069463729858398,49200,0.0,0.0
2024-05-23 00:00:00-04:00,15.069464952604054,15.116497519958052,14.928364559275904,15.031837463378906,53200,0.0,0.0
2024-05-24 00:00:00-04:00,15.060056858315392,15.097682550310129,14.984803680148621,15.069463729858398,37100,0.0,0.0
2024-05-28 00:00:00-04:00,15.069465780755138,15.069465780755138,14.93777225249598,14.965991973876953,37100,0.0,0.0
2024-05-29 00:00:00-04:00,14.947178001718187,14.994210568121382,14.862517946850517,14.956583976745605,48000,0.0,0.0
2024-05-30 00:00:00-04:00,15.116498505082367,15.144719123840332,14.956585253809003,15.144719123840332,61700,0.0,0.0
2024-05-31 00:00:00-04:00,15.28581714630127,15.28581714630127,15.107090166528694,15.28581714630127,73000,0.0,0.0
2024-06-03 00:00:00-04:00,15.332849502563477,15.351663246319704,15.210563756502712,15.332849502563477,38500,0.0,0.0
2024-06-04 00:00:00-04:00,15.379886014048193,15.47395295181468,15.285819076281706,15.398699760437012,64000,0.0,0.0
2024-06-05 00:00:00-04:00,15.52098400467161,15.52098400467161,15.398698253466812,15.42691707611084,45400,0.0,0.0
2024-06-06 00:00:00-04:00,15.40810371414297,15.455138076679923,15.351664273276102,15.389291763305664,58600,0.0,0.0
2024-06-07 00:00:00-04:00,15.370477238681197,15.370477238681197,15.229377746582031,15.229377746582031,37700,0.0,0.0
2024-06-10 00:00:00-04:00,15.267005797433638,15.342258991115878,15.125906283551645,15.201159477233887,22900,0.0,0.0
2024-06-11 00:00:00-04:00,15.182343996118224,15.24819030879691,15.182343996118224,15.210564613342285,26500,0.0,0.0
2024-06-12 00:00:00-04:00,15.351663418003822,15.455137215642909,15.332849674037194,15.342256546020508,51200,0.0,0.0
2024-06-13 00:00:00-04:00,15.408104839453813,15.436325459037041,15.285819076281706,15.398699760437012,68600,0.0,0.0
2024-06-14 00:00:00-04:00,15.39490517712368,15.508661431262238,15.224271699963005,15.338027954101562,46400,0.126,0.0
2024-06-17 00:00:00-04:00,15.290628599068953,15.338027791162453,15.138955704605502,15.14843463897705,71800,0.0,0.0
2024-06-18 00:00:00-04:00,15.23375193461055,15.290629159111667,15.157915032577607,15.243231773376465,44700,0.0,0.0
2024-06-20 00:00:00-04:00,15.224272090349405,15.300108992354975,15.16739486586882,15.214792251586914,70600,0.0,0.0
2024-06-21 00:00:00-04:00,15.262191984618072,15.290629693815896,15.034680366516113,15.034680366516113,72500,0.0,0.0
2024-06-24 00:00:00-04:00,15.063119883808367,15.101038336150825,14.958843461831199,15.034680366516113,95200,0.0,0.0
2024-06-25 00:00:00-04:00,15.03467905462832,15.082077341932342,14.939883384067413,15.07259750366211,155500,0.0,0.0
2024-06-26 00:00:00-04:00,14.977801680764827,14.996760453065328,14.845086658472814,14.9398832321167,103200,0.0,0.0
2024-06-27 00:00:00-04:00,15.025200084981597,15.129475593566895,14.920923672349167,15.129475593566895,55400,0.0,0.0
2024-06-28 00:00:00-04:00,15.20531343135108,15.20531343135108,15.006240443864762,15.07259750366211,84500,0.0,0.0
2024-07-01 00:00:00-04:00,15.072598031801107,15.072598031801107,14.759770590299183,14.892485618591309,161300,0.0,0.0
2024-07-02 00:00:00-04:00,14.930404623311626,14.987282752990723,14.81664926800063,14.987282752990723,62500,0.0,0.0
2024-07-03 00:00:00-04:00,14.958842746044562,15.110516548156738,14.958842746044562,15.110516548156738,38000,0.0,0.0
2024-07-05 00:00:00-04:00,15.167394042511287,15.167394042511287,15.072597468126737,15.129475593566895,28800,0.0,0.0
2024-07-08 00:00:00-04:00,15.08207844830258,15.271671611426578,15.025201222603142,15.262191772460938,120900,0.0,0.0
2024-07-09 00:00:00-04:00,15.186354228123562,15.25271128998906,15.167394550992183,15.224271774291992,54300,0.0,0.0
2024-07-10 00:00:00-04:00,15.224271458627939,15.262190812104468,15.148434559769173,15.23375129699707,78000,0.0,0.0
2024-07-11 00:00:00-04:00,15.319067715445643,15.546578407287598,15.27167033268058,15.546578407287598,82700,0.0,0.0
2024-07-12 00:00:00-04:00,15.508661190903553,15.650855150302236,15.404384776900514,15.593977928161621,81100,0.0,0.0
2024-07-15 00:00:00-04:00,15.590158181521124,15.66658045409522,15.475525683685332,15.637923240661621,86500,0.126,0.0
2024-07-16 00:00:00-04:00,15.666578237997332,15.714343290381278,15.580602965756668,15.676131248474121,125200,0.0,0.0
2024-07-17 00:00:00-04:00,15.75255474315933,15.800319799281754,15.427759649729191,15.49462890625,464000,0.0,0.0
2024-07-18 00:00:00-04:00,15.513733904007353,15.532839925194358,15.160280711274854,15.227149963378906,162500,0.0,0.0
2024-07-19 00:00:00-04:00,15.198492622344142,15.43731243328236,15.198492622344142,15.399102210998535,137800,0.0,0.0
2024-07-22 00:00:00-04:00,15.427758271601604,15.45641730271501,15.389548052167486,15.418205261230469,181100,0.0,0.0
2024-07-23 00:00:00-04:00,15.418205471121706,15.53283977508545,15.379995251167424,15.53283977508545,62800,0.0,0.0
2024-07-24 00:00:00-04:00,15.59970848308324,15.59970848308324,15.408651923816482,15.475522994995117,103700,0.0,0.0
2024-07-25 00:00:00-04:00,15.46597052362762,15.551945796087814,15.408652460620523,15.53283977508545,67400,0.0,0.0
2024-07-26 00:00:00-04:00,15.532841736472053,15.666580256275346,15.45641946486293,15.657027244567871,48200,0.0,0.0
2024-07-29 00:00:00-04:00,15.618817217005423,15.66658045409522,15.599711193349224,15.637923240661621,68200,0.0,0.0
2024-07-30 00:00:00-04:00,15.685685165235823,15.81942367553711,15.609262899056437,15.81942367553711,84200,0.0,0.0
2024-07-31 00:00:00-04:00,15.934054708705169,16.039135986358914,15.809867412923436,16.029582977294922,161700,0.0,0.0
2024-08-01 00:00:00-04:00,16.0391356878476,16.096451919114646,15.962711616758021,16.067792892456055,81800,0.0,0.0
2024-08-02 00:00:00-04:00,16.115562717211247,16.22064220202864,16.106009705491363,16.201536178588867,93900,0.0,0.0
2024-08-05 00:00:00-04:00,16.19198349902859,16.19198349902859,15.972267893789498,16.14421844482422,170000,0.0,0.0
2024-08-06 00:00:00-04:00,16.163324161179872,16.55498848800461,16.153771150519454,16.469013214111328,263600,0.0,0.0
2024-08-07 00:00:00-04:00,16.402144966733587,16.507226268387544,16.38303894424185,16.459461212158203,91400,0.0,0.0
2024-08-08 00:00:00-04:00,16.459458598738408,16.4976706376546,16.344826126090425,16.430801391601562,82900,0.0,0.0
2024-08-09 00:00:00-04:00,16.516776844855517,16.564540071993374,16.38303652917894,16.53588104248047,144900,0.0,0.0
2024-08-12 00:00:00-04:00,16.488119387411047,16.59320068359375,16.41169712347376,16.59320068359375,49200,0.0,0.0
2024-08-13 00:00:00-04:00,16.57409614657626,16.6600714289625,16.48812086419002,16.6505184173584,50200,0.0,0.0
2024-08-14 00:00:00-04:00,16.612305536305374,16.803362114686976,16.612305536305374,16.76515007019043,88500,0.0,0.0
2024-08-15 00:00:00-04:00,16.713193718905888,17.10769035353143,16.511133437507166,16.98260498046875,120000,0.126,0.0
2024-08-16 00:00:00-04:00,16.607350758480738,16.838275458831834,16.588106574644883,16.751678466796875,248100,0.0,0.0
2024-08-19 00:00:00-04:00,16.751679375800993,16.857520557415118,16.74205728336094,16.809410095214844,59000,0.0,0.0
2024-08-20 00:00:00-04:00,16.819030783233906,16.982602670603313,16.819030783233906,16.857519149780273,100200,0.0,0.0
2024-08-21 00:00:00-04:00,16.886385425031456,17.155798514462532,16.828654704162844,17.011470794677734,57400,0.0,0.0
2024-08-22 00:00:00-04:00,17.011470278093764,17.07882308959961,16.91525118941692,17.07882308959961,63200,0.0,0.0
2024-08-23 00:00:00-04:00,17.069202340734705,17.338615443190207,17.03071580337056,17.22315216064453,67800,0.0,0.0
2024-08-26 00:00:00-04:00,17.242395420506877,17.290504048433846,16.982604425157625,17.12693214416504,128600,0.0,0.0
2024-08-27 00:00:00-04:00,17.12693169976834,17.213528695971135,16.847898361624356,17.194286346435547,100000,0.0,0.0
2024-08-28 00:00:00-04:00,17.213528193998112,17.213528193998112,16.972981397166492,17.146175384521484,106800,0.0,0.0
2024-08-29 00:00:00-04:00,17.12693208824284,17.31937026977539,17.04995718267512,17.31937026977539,72800,0.0,0.0
2024-08-30 00:00:00-04:00,17.31936836888295,17.367476991372655,17.17504066618752,17.20390510559082,100100,0.0,0.0
2024-09-03 00:00:00-04:00,17.213530165933847,17.300127169531663,16.97298334154583,17.107690811157227,129000,0.0,0.0
2024-09-04 00:00:00-04:00,17.15579942661615,17.165421519810266,17.069202423095703,17.069202423095703,70400,0.0,0.0
2024-09-05 00:00:00-04:00,17.14617492320581,17.184663290572022,17.059577931858193,17.17504119873047,78700,0.0,0.0
2024-09-06 00:00:00-04:00,17.261641316819613,17.550296783447266,17.155800122617016,17.550296783447266,103900,0.0,0.0
2024-09-09 00:00:00-04:00,17.473318968035443,17.742732037976804,17.328991258691513,17.723487854003906,73800,0.0,0.0
2024-09-10 00:00:00-04:00,17.66575617023209,17.819705963134766,17.656134078772382,17.819705963134766,67300,0.0,0.0
2024-09-11 00:00:00-04:00,17.733111878747263,17.761976322626186,17.579162060637675,17.6080265045166,72600,0.0,0.0
2024-09-12 00:00:00-04:00,17.608026040380963,17.656136504288668,17.5599174116998,17.636892318725586,58700,0.0,0.0
2024-09-13 00:00:00-04:00,17.62332854833821,17.652392777479275,17.361739398493942,17.497377395629883,72900,0.126,0.0
2024-09-16 00:00:00-04:00,17.633017928502344,17.72990115999048,17.40049299872909,17.448936462402344,83300,0.0,0.0
2024-09-17 00:00:00-04:00,17.52644282226397,17.69114689035764,17.342361370175972,17.63301658630371,105800,0.0,0.0
2024-09-18 00:00:00-04:00,17.55550941919698,17.846162796020508,17.410180882856114,17.846162796020508,77900,0.0,0.0
2024-09-19 00:00:00-04:00,17.846162266454147,17.846162266454147,17.63301658630371,17.63301658630371,108500,0.0,0.0
2024-09-20 00:00:00-04:00,17.729901235089276,17.797722084519105,17.226102146257777,17.27454376220703,100400,0.0,0.0
2024-09-23 00:00:00-04:00,17.226101024845125,17.293920021930766,16.906381575777758,16.99357795715332,171200,0.0,0.0
2024-09-24 00:00:00-04:00,17.051709408816475,17.274543799348866,17.003265944833867,17.187347412109375,151400,0.0,0.0
2024-09-25 00:00:00-04:00,17.264855144051925,17.264855144051925,17.06139813867066,17.10015106201172,53700,0.0,0.0
2024-09-26 00:00:00-04:00,17.119526604591687,17.16796821553518,16.945133848508704,16.954822540283203,109500,0.0,0.0
2024-09-27 00:00:00-04:00,17.080773115712436,17.10983919321106,16.887004809509047,16.94513511657715,124600,0.0,0.0
2024-09-30 00:00:00-04:00,16.94513508228454,17.090461773625268,16.867627390374214,17.032331466674805,110000,0.0,0.0
2024-10-01 00:00:00-04:00,17.129216535107332,17.21641291945464,16.95482376641271,17.003265380859375,47500,0.0,0.0
2024-10-02 00:00:00-04:00,16.91606908193804,16.954823852034394,16.848250082198568,16.887004852294922,68900,0.0,0.0
2024-10-03 00:00:00-04:00,16.935445223611172,16.935445223611172,16.731988239330256,16.80949592590332,62500,0.0,0.0
2024-10-04 00:00:00-04:00,16.88700365145478,16.88700365145478,16.67385612694011,16.751365661621094,78800,0.0,0.0
2024-10-07 00:00:00-04:00,16.828874722513362,16.828874722513362,16.373515408725883,16.45102310180664,78400,0.0,0.0
2024-10-08 00:00:00-04:00,16.383202916721906,16.509154063826642,16.325072613096893,16.344449996948242,94700,0.0,0.0
2024-10-09 00:00:00-04:00,16.344449986891952,16.4025802904812,16.296006527293386,16.315383911132812,62700,0.0,0.0
2024-10-10 00:00:00-04:00,16.38320297610322,16.45102197189972,16.140991220870557,16.17005729675293,73200,0.0,0.0
2024-10-11 00:00:00-04:00,16.160369785446075,16.373515480368493,16.08286209202618,16.276630401611328,76000,0.0,0.0
2024-10-14 00:00:00-04:00,16.383202906641774,16.392891598561487,16.208810147944998,16.315383911132812,46200,0.0,0.0
2024-10-15 00:00:00-04:00,16.399331933331446,16.496947381168145,16.379810333251953,16.379810333251953,66900,0.126,0.0
2024-10-16 00:00:00-04:00,16.428616004576803,16.584799965708136,16.360285754314305,16.487184524536133,63800,0.0,0.0
2024-10-17 00:00:00-04:00,16.477423033664277,16.516469955444336,16.33100080070847,16.516469955444336,52500,0.0,0.0
2024-10-18 00:00:00-04:00,16.477424509103543,16.50670970306087,16.418855983048754,16.457902908325195,42200,0.0,0.0
2024-10-21 00:00:00-04:00,16.457901758832687,16.457901758832687,16.25290913916871,16.311477661132812,45600,0.0,0.0
2024-10-22 00:00:00-04:00,16.340762853044737,16.340762853044737,16.204102347841914,16.311477661132812,76400,0.0,0.0
2024-10-23 00:00:00-04:00,16.272432653288682,16.30171784529571,16.047918433480714,16.067440032958984,75300,0.0,0.0
2024-10-24 00:00:00-04:00,16.077201520345522,16.331000928319988,16.03815646012007,16.282194137573242,96800,0.0,0.0
2024-10-25 00:00:00-04:00,16.262671598295583,16.311478391808688,16.15529441833496,16.15529441833496,30300,0.0,0.0
2024-10-28 00:00:00-04:00,16.19434063536092,16.282194349335445,16.018633207411874,16.057680130004883,63300,0.0,0.0
2024-10-29 00:00:00-04:00,16.038158495290766,16.126012219270933,15.979589966590643,16.04792022705078,83800,0.0,0.0
2024-10-30 00:00:00-04:00,16.23338613167526,16.23338613167526,15.989348444500072,16.116249084472656,129800,0.0,0.0
2024-10-31 00:00:00-04:00,16.17481854524041,16.252910535186714,16.018634565347796,16.243148803710938,126400,0.0,0.0
2024-11-01 00:00:00-04:00,16.26267156431146,16.36028701299351,16.10648759116411,16.14553451538086,77100,0.0,0.0
2024-11-04 00:00:00-05:00,16.243147426742436,16.25290915739069,15.969826416030358,16.057680130004883,125200,0.0,0.0
2024-11-05 00:00:00-05:00,16.106487332857572,16.106487332857572,15.83316445330319,15.862449645996094,200900,0.0,0.0
2024-11-06 00:00:00-05:00,15.745311179041712,15.862450091241522,15.608650666358475,15.794119834899902,210200,0.0,0.0
2024-11-07 00:00:00-05:00,15.813643376423151,15.862450170665873,15.755072989100059,15.803881645202637,263500,0.0,0.0
2024-11-08 00:00:00-05:00,15.862450835689302,15.96006629012707,15.842927372429763,15.891736030578613,176100,0.0,0.0
2024-11-11 00:00:00-05:00,15.84292631060885,15.881973234510935,15.716027531646686,15.755072593688965,127200,0.0,0.0
2024-11-12 00:00:00-05:00,15.716027616127812,15.725789347155809,15.491512457133462,15.511035919189453,162900,0.0,0.0
2024-11-13 00:00:00-05:00,15.65745968310922,15.65745968310922,15.53055903681281,15.589128494262695,132400,0.0,0.0
2024-11-14 00:00:00-05:00,15.716027305376752,15.716027305376752,15.55008160490169,15.598888397216797,131600,0.0,0.0
2024-11-15 00:00:00-05:00,15.575275489973576,15.594954115437641,15.398171614111034,15.427689552307129,213800,0.126,0.0
2024-11-18 00:00:00-05:00,15.417850667465084,15.506402607853929,15.348977353086443,15.447367668151855,183100,0.0,0.0
2024-11-19 00:00:00-05:00,15.447366539240083,15.506401474627813,15.378493229894783,15.41784954071045,194000,0.0,0.0
2024-11-20 00:00:00-05:00,15.39817169507293,15.39817169507293,15.319459069459828,15.388333320617676,135700,0.0,0.0
2024-11-21 00:00:00-05:00,15.388333830993151,15.457207146106766,15.31945957755099,15.36865520477295,118900,0.0,0.0
2024-11-22 00:00:00-05:00,15.388333320617676,15.43752800787948,15.309620695004574,15.388333320617676,160500,0.0,0.0
2024-11-25 00:00:00-05:00,15.526079447747751,15.565435759290606,15.457206137129875,15.516241073608398,193400,0.0,0.0
2024-11-26 00:00:00-05:00,15.526079783422944,15.535919096103505,15.378493846528537,15.467045783996582,146000,0.0,0.0
2024-11-27 00:00:00-05:00,15.545758945951619,15.594954572725825,15.486724006156864,15.555598258972168,240400,0.0,0.0
2024-11-29 00:00:00-05:00,15.604792513938726,15.644148826599121,15.59495413952001,15.644148826599121,189000,0.0,0.0
2024-12-02 00:00:00-05:00,15.60479304648119,15.732701301574707,15.535919731557195,15.732701301574707,253000,0.0,0.0
2024-12-03 00:00:00-05:00,15.781897246924347,15.821252621053048,15.653988058527794,15.683505058288574,167900,0.0,0.0
2024-12-04 00:00:00-05:00,15.634310895368273,15.693344896868055,15.604792956289845,15.663827896118164,209200,0.0,0.0
2024-12-05 00:00:00-05:00,15.634310452180404,15.683505139259516,15.575275514025556,15.644148826599121,200900,0.0,0.0
2024-12-06 00:00:00-05:00,15.693344896868055,15.742540523670232,15.555598267816205,15.663827896118164,214700,0.0,0.0
2024-12-09 00:00:00-05:00,15.66382831777887,15.66382831777887,15.545759373272423,15.575276374816895,204500,0.0,0.0
2024-12-10 00:00:00-05:00,15.545758181474529,15.693344116210938,15.467045557837977,15.693344116210938,239700,0.0,0.0
2024-12-11 00:00:00-05:00,15.693344225434094,15.880286473289868,15.673666538552247,15.762218475341797,215800,0.0,0.0
2024-12-12 00:00:00-05:00,15.683504870159137,15.772057745036259,15.516241247968777,15.545758247375488,152900,0.0,0.0
2024-12-13 00:00:00-05:00,15.571545079878087,15.59138189729648,15.422772732726193,15.502118110656738,110800,0.126,0.0
2024-12-16 00:00:00-05:00,15.512037187043813,15.581464159253477,15.323591196943932,15.37318229675293,131200,0.0,0.0
2024-12-17 00:00:00-05:00,15.383100777105874,15.422773467962427,15.19465478613357,15.27400016784668,161300,0.0,0.0
2024-12-18 00:00:00-05:00,15.214490936302415,15.273999497037948,14.827681508035372,14.877272605895996,222800,0.0,0.0
2024-12-19 00:00:00-05:00,14.857436348869243,15.026045520432884,14.72850081378792,14.897109985351562,333100,0.0,0.0
2024-12-20 00:00:00-05:00,14.936782597914071,15.164900331266114,14.926864188845316,14.996291160583496,129000,0.0,0.0
2024-12-23 00:00:00-05:00,14.956617754556625,15.055799948755535,14.827681280446646,14.936781883239746,223100,0.0,0.0
2024-12-24 00:00:00-05:00,14.877273020347287,15.105390752640936,14.847518739150624,15.095473289489746,144900,0.0,0.0
2024-12-26 00:00:00-05:00,14.976454628496688,15.30375454637325,14.93678193984109,15.125226974487305,150300,0.0,0.0
2024-12-27 00:00:00-05:00,15.035963295272293,15.125227081848877,14.94669950869571,14.976454734802246,146500,0.0,0.0
2024-12-30 00:00:00-05:00,15.026045372202141,15.204572951125204,14.976455218831553,15.095473289489746,122600,0.0,0.0
2024-12-31 00:00:00-05:00,15.254163482308952,15.2739993537442,15.016127349856928,15.07563591003418,199300,0.0,0.0
2025-01-02 00:00:00-05:00,15.145064150164211,15.333509189270044,15.13514574129771,15.15498161315918,72400,0.0,0.0
2025-01-03 00:00:00-05:00,15.19465471578916,15.402936578289706,15.19465471578916,15.37318229675293,167700,0.0,0.0
2025-01-06 00:00:00-05:00,15.37318181031815,15.412854499735722,15.174818363230285,15.25416374206543,108300,0.0,0.0
2025-01-07 00:00:00-05:00,15.343427332772714,15.36326320429112,15.045881693024487,15.264081954956055,170800,0.0,0.0
2025-01-08 00:00:00-05:00,15.2640820759497,15.373181734844525,15.204572569179735,15.353344917297363,139600,0.0,0.0
2025-01-10 00:00:00-05:00,15.313672228074562,15.383100143618107,15.214490977953316,15.353344917297363,109400,0.0,0.0
2025-01-13 00:00:00-05:00,15.333508850118136,15.402935818904961,15.264081881331313,15.363263130187988,65300,0.0,0.0
2025-01-14 00:00:00-05:00,15.26408270453621,15.353345549559787,15.2045731953156,15.27400016784668,70100,0.0,0.0
2025-01-15 00:00:00-05:00,15.40999984741211,15.619999885559082,15.40999984741211,15.569999694824219,119700,0.126,0.0
2025-01-16 00:00:00-05:00,15.59000015258789,15.630000114440918,15.380000114440918,15.550000190734863,87600,0.0,0.0
2025-01-17 00:00:00-05:00,15.640000343322754,15.65999984741211,15.5,15.579999923706055,89500,0.0,0.0
2025-01-21 00:00:00-05:00,15.619999885559082,15.680000305175781,15.59000015258789,15.65999984741211,134200,0.0,0.0
2025-01-22 00:00:00-05:00,15.630000114440918,15.680000305175781,15.350000381469727,15.4399995803833,178000,0.0,0.0
2025-01-23 00:00:00-05:00,15.430000305175781,15.552300453186035,15.350000381469727,15.420000076293945,68751,0.0,0.0
