Date,Open,High,Low,Close,Volume,Dividends,Stock Splits
2022-01-03 00:00:00-05:00,18.979999542236328,19.31999969482422,18.739999771118164,19.280000686645508,727900,0.0,0.0
2022-01-04 00:00:00-05:00,19.309999465942383,19.34000015258789,18.690000534057617,19.200000762939453,702700,0.0,0.0
2022-01-05 00:00:00-05:00,19.239999771118164,19.93000030517578,18.959999084472656,19.0,1106400,0.0,0.0
2022-01-06 00:00:00-05:00,18.950000762939453,19.459999084472656,18.1299991607666,19.260000228881836,592500,0.0,0.0
2022-01-07 00:00:00-05:00,19.200000762939453,19.25,18.540000915527344,18.549999237060547,497900,0.0,0.0
2022-01-10 00:00:00-05:00,18.290000915527344,18.479999542236328,18.040000915527344,18.469999313354492,449200,0.0,0.0
2022-01-11 00:00:00-05:00,18.290000915527344,18.8799991607666,18.229999542236328,18.729999542236328,586300,0.0,0.0
2022-01-12 00:00:00-05:00,18.920000076293945,19.56999969482422,18.790000915527344,18.979999542236328,664600,0.0,0.0
2022-01-13 00:00:00-05:00,19.170000076293945,19.5,18.700000762939453,18.739999771118164,447700,0.0,0.0
2022-01-14 00:00:00-05:00,18.670000076293945,19.799999237060547,18.6299991607666,19.790000915527344,705700,0.0,0.0
2022-01-18 00:00:00-05:00,19.56999969482422,19.700000762939453,18.200000762939453,18.219999313354492,654500,0.0,0.0
2022-01-19 00:00:00-05:00,18.440000534057617,18.739999771118164,18.049999237060547,18.09000015258789,1107600,0.0,0.0
2022-01-20 00:00:00-05:00,18.25,18.360000610351562,17.360000610351562,17.360000610351562,546300,0.0,0.0
2022-01-21 00:00:00-05:00,16.450000762939453,18.030000686645508,16.40999984741211,17.489999771118164,697300,0.0,0.0
2022-01-24 00:00:00-05:00,17.780000686645508,17.8799991607666,17.010000228881836,17.8700008392334,549200,0.0,0.0
2022-01-25 00:00:00-05:00,17.3799991607666,17.639999389648438,16.90999984741211,16.989999771118164,409700,0.0,0.0
2022-01-26 00:00:00-05:00,17.31999969482422,17.979999542236328,17.09000015258789,17.34000015258789,507400,0.0,0.0
2022-01-27 00:00:00-05:00,17.40999984741211,17.65999984741211,16.790000915527344,16.8799991607666,552900,0.0,0.0
2022-01-28 00:00:00-05:00,16.809999465942383,17.34000015258789,16.43000030517578,17.34000015258789,373000,0.0,0.0
2022-01-31 00:00:00-05:00,17.3799991607666,17.8799991607666,17.209999084472656,17.8799991607666,574200,0.0,0.0
2022-02-01 00:00:00-05:00,18.079999923706055,18.25,17.770000457763672,18.020000457763672,610500,0.0,0.0
2022-02-02 00:00:00-05:00,18.239999771118164,18.469999313354492,17.8700008392334,18.170000076293945,677900,0.0,0.0
2022-02-03 00:00:00-05:00,17.81999969482422,18.100000381469727,17.469999313354492,17.530000686645508,376800,0.0,0.0
2022-02-04 00:00:00-05:00,17.420000076293945,17.889999389648438,17.290000915527344,17.770000457763672,356500,0.0,0.0
2022-02-07 00:00:00-05:00,17.81999969482422,18.18000030517578,17.56999969482422,17.729999542236328,454400,0.0,0.0
2022-02-08 00:00:00-05:00,17.780000686645508,18.520000457763672,17.649999618530273,18.479999542236328,590900,0.0,0.0
2022-02-09 00:00:00-05:00,18.670000076293945,18.969999313354492,18.3799991607666,18.709999084472656,551100,0.0,0.0
2022-02-10 00:00:00-05:00,18.299999237060547,19.270000457763672,18.139999389648438,18.43000030517578,704700,0.0,0.0
2022-02-11 00:00:00-05:00,18.360000610351562,18.6200008392334,17.56999969482422,17.729999542236328,522500,0.0,0.0
2022-02-14 00:00:00-05:00,17.739999771118164,18.18000030517578,17.56999969482422,17.850000381469727,402400,0.0,0.0
2022-02-15 00:00:00-05:00,18.110000610351562,18.889999389648438,18.110000610351562,18.81999969482422,574200,0.0,0.0
2022-02-16 00:00:00-05:00,18.639999389648438,19.040000915527344,18.399999618530273,18.959999084472656,429600,0.0,0.0
2022-02-17 00:00:00-05:00,18.809999465942383,18.899999618530273,18.549999237060547,18.719999313354492,395800,0.0,0.0
2022-02-18 00:00:00-05:00,18.709999084472656,18.739999771118164,18.06999969482422,18.350000381469727,407600,0.0,0.0
2022-02-22 00:00:00-05:00,18.1299991607666,18.979999542236328,17.899999618530273,18.56999969482422,1039200,0.0,0.0
2022-02-23 00:00:00-05:00,20.239999771118164,20.299999237060547,16.809999465942383,17.260000228881836,2056800,0.0,0.0
2022-02-24 00:00:00-05:00,16.829999923706055,19.049999237060547,16.690000534057617,19.020000457763672,1257100,0.0,0.0
2022-02-25 00:00:00-05:00,19.030000686645508,19.100000381469727,18.530000686645508,18.770000457763672,859800,0.0,0.0
2022-02-28 00:00:00-05:00,18.760000228881836,18.780000686645508,18.09000015258789,18.420000076293945,929900,0.0,0.0
2022-03-01 00:00:00-05:00,18.389999389648438,18.690000534057617,17.540000915527344,17.75,655000,0.0,0.0
2022-03-02 00:00:00-05:00,17.90999984741211,18.639999389648438,17.90999984741211,18.489999771118164,610700,0.0,0.0
2022-03-03 00:00:00-05:00,18.719999313354492,18.739999771118164,18.280000686645508,18.649999618530273,571700,0.0,0.0
2022-03-04 00:00:00-05:00,18.34000015258789,18.639999389648438,17.8700008392334,18.100000381469727,619000,0.0,0.0
2022-03-07 00:00:00-05:00,18.170000076293945,18.360000610351562,16.979999542236328,17.040000915527344,595500,0.0,0.0
2022-03-08 00:00:00-05:00,17.079999923706055,17.56999969482422,16.780000686645508,17.040000915527344,509300,0.0,0.0
2022-03-09 00:00:00-05:00,17.59000015258789,17.809999465942383,17.43000030517578,17.600000381469727,291100,0.0,0.0
2022-03-10 00:00:00-05:00,17.209999084472656,17.559999465942383,16.959999084472656,17.510000228881836,548000,0.0,0.0
2022-03-11 00:00:00-05:00,17.690000534057617,17.780000686645508,16.979999542236328,17.06999969482422,412900,0.0,0.0
2022-03-14 00:00:00-04:00,17.010000228881836,17.1200008392334,15.859999656677246,16.25,718500,0.0,0.0
2022-03-15 00:00:00-04:00,16.40999984741211,16.489999771118164,15.979999542236328,16.3700008392334,625100,0.0,0.0
2022-03-16 00:00:00-04:00,16.670000076293945,17.15999984741211,16.639999389648438,17.079999923706055,735100,0.0,0.0
2022-03-17 00:00:00-04:00,17.06999969482422,17.299999237060547,16.8799991607666,17.18000030517578,361900,0.0,0.0
2022-03-18 00:00:00-04:00,17.06999969482422,17.739999771118164,16.950000762939453,17.559999465942383,935800,0.0,0.0
2022-03-21 00:00:00-04:00,17.600000381469727,17.8700008392334,17.290000915527344,17.559999465942383,398000,0.0,0.0
2022-03-22 00:00:00-04:00,17.559999465942383,17.760000228881836,17.3799991607666,17.520000457763672,364300,0.0,0.0
2022-03-23 00:00:00-04:00,17.469999313354492,17.700000762939453,17.149999618530273,17.18000030517578,362600,0.0,0.0
2022-03-24 00:00:00-04:00,17.3700008392334,17.81999969482422,17.06999969482422,17.780000686645508,331600,0.0,0.0
2022-03-25 00:00:00-04:00,17.969999313354492,18.399999618530273,17.940000534057617,18.360000610351562,602800,0.0,0.0
2022-03-28 00:00:00-04:00,18.360000610351562,18.450000762939453,17.770000457763672,18.200000762939453,564100,0.0,0.0
2022-03-29 00:00:00-04:00,18.3700008392334,18.799999237060547,17.959999084472656,18.280000686645508,533900,0.0,0.0
2022-03-30 00:00:00-04:00,18.149999618530273,18.329999923706055,17.540000915527344,17.600000381469727,324200,0.0,0.0
2022-03-31 00:00:00-04:00,17.610000610351562,17.760000228881836,16.899999618530273,16.969999313354492,1147100,0.0,0.0
2022-04-01 00:00:00-04:00,17.0,17.229999542236328,16.479999542236328,16.579999923706055,573300,0.0,0.0
2022-04-04 00:00:00-04:00,16.579999923706055,16.790000915527344,16.3700008392334,16.56999969482422,481900,0.0,0.0
2022-04-05 00:00:00-04:00,16.5,16.549999237060547,15.6899995803833,15.75,488100,0.0,0.0
2022-04-06 00:00:00-04:00,15.569999694824219,15.65999984741211,15.149999618530273,15.170000076293945,822900,0.0,0.0
2022-04-07 00:00:00-04:00,15.220000267028809,15.420000076293945,14.8100004196167,14.989999771118164,573700,0.0,0.0
2022-04-08 00:00:00-04:00,14.800000190734863,14.979999542236328,14.479999542236328,14.510000228881836,655400,0.0,0.0
2022-04-11 00:00:00-04:00,15.100000381469727,15.399999618530273,14.9399995803833,15.050000190734863,1200100,0.0,0.0
2022-04-12 00:00:00-04:00,15.289999961853027,15.930000305175781,15.289999961853027,15.720000267028809,653300,0.0,0.0
2022-04-13 00:00:00-04:00,15.720000267028809,16.079999923706055,15.699999809265137,15.90999984741211,512000,0.0,0.0
2022-04-14 00:00:00-04:00,15.960000038146973,16.1299991607666,15.619999885559082,15.640000343322754,356100,0.0,0.0
2022-04-18 00:00:00-04:00,15.539999961853027,15.829999923706055,15.449999809265137,15.65999984741211,469200,0.0,0.0
2022-04-19 00:00:00-04:00,15.75,16.0,15.670000076293945,15.899999618530273,339000,0.0,0.0
2022-04-20 00:00:00-04:00,16.1299991607666,16.149999618530273,15.770000457763672,15.84000015258789,353500,0.0,0.0
2022-04-21 00:00:00-04:00,16.030000686645508,16.09000015258789,15.479999542236328,15.630000114440918,445400,0.0,0.0
2022-04-22 00:00:00-04:00,15.619999885559082,15.739999771118164,15.270000457763672,15.329999923706055,228300,0.0,0.0
2022-04-25 00:00:00-04:00,15.140000343322754,15.59000015258789,15.079999923706055,15.569999694824219,515800,0.0,0.0
2022-04-26 00:00:00-04:00,15.40999984741211,15.40999984741211,15.020000457763672,15.100000381469727,319000,0.0,0.0
2022-04-27 00:00:00-04:00,14.979999542236328,15.359999656677246,14.850000381469727,14.970000267028809,453700,0.0,0.0
2022-04-28 00:00:00-04:00,15.220000267028809,15.59000015258789,14.899999618530273,15.5600004196167,905100,0.0,0.0
2022-04-29 00:00:00-04:00,15.449999809265137,15.680000305175781,14.930000305175781,14.989999771118164,535900,0.0,0.0
2022-05-02 00:00:00-04:00,14.920000076293945,15.319999694824219,14.710000038146973,15.260000228881836,634200,0.0,0.0
2022-05-03 00:00:00-04:00,15.239999771118164,15.5,15.100000381469727,15.40999984741211,295000,0.0,0.0
2022-05-04 00:00:00-04:00,15.460000038146973,16.170000076293945,15.239999771118164,16.110000610351562,333200,0.0,0.0
2022-05-05 00:00:00-04:00,15.890000343322754,15.949999809265137,15.079999923706055,15.40999984741211,311200,0.0,0.0
2022-05-06 00:00:00-04:00,15.25,15.619999885559082,15.109999656677246,15.289999961853027,367600,0.0,0.0
2022-05-09 00:00:00-04:00,14.989999771118164,15.119999885559082,14.600000381469727,14.84000015258789,438700,0.0,0.0
2022-05-10 00:00:00-04:00,15.170000076293945,15.3100004196167,14.550000190734863,15.039999961853027,483200,0.0,0.0
2022-05-11 00:00:00-04:00,14.960000038146973,15.369999885559082,14.899999618530273,14.920000076293945,374400,0.0,0.0
2022-05-12 00:00:00-04:00,14.770000457763672,14.979999542236328,14.369999885559082,14.720000267028809,360200,0.0,0.0
2022-05-13 00:00:00-04:00,15.020000457763672,15.579999923706055,14.729999542236328,15.420000076293945,344300,0.0,0.0
2022-05-16 00:00:00-04:00,15.369999885559082,15.520000457763672,15.170000076293945,15.390000343322754,489800,0.0,0.0
2022-05-17 00:00:00-04:00,15.770000457763672,16.219999313354492,15.569999694824219,16.100000381469727,403800,0.0,0.0
2022-05-18 00:00:00-04:00,15.960000038146973,16.030000686645508,15.149999618530273,15.40999984741211,403100,0.0,0.0
2022-05-19 00:00:00-04:00,15.319999694824219,15.640000343322754,15.260000228881836,15.319999694824219,450100,0.0,0.0
2022-05-20 00:00:00-04:00,15.649999618530273,15.649999618530273,14.670000076293945,15.15999984741211,374200,0.0,0.0
2022-05-23 00:00:00-04:00,15.229999542236328,15.640000343322754,15.170000076293945,15.399999618530273,364700,0.0,0.0
2022-05-24 00:00:00-04:00,15.229999542236328,15.270000457763672,14.619999885559082,15.039999961853027,1177000,0.0,0.0
2022-05-25 00:00:00-04:00,16.8700008392334,18.200000762939453,15.479999542236328,17.860000610351562,2931900,0.0,0.0
2022-05-26 00:00:00-04:00,18.31999969482422,20.559999465942383,18.149999618530273,20.059999465942383,2535100,0.0,0.0
2022-05-27 00:00:00-04:00,19.950000762939453,21.170000076293945,19.649999618530273,21.170000076293945,1815500,0.0,0.0
2022-05-31 00:00:00-04:00,21.389999389648438,22.110000610351562,20.899999618530273,21.739999771118164,2155000,0.0,0.0
2022-06-01 00:00:00-04:00,21.90999984741211,22.170000076293945,21.020000457763672,21.610000610351562,1266900,0.0,0.0
2022-06-02 00:00:00-04:00,21.950000762939453,22.739999771118164,21.799999237060547,22.59000015258789,1217900,0.0,0.0
2022-06-03 00:00:00-04:00,22.229999542236328,22.34000015258789,21.540000915527344,22.110000610351562,779400,0.0,0.0
2022-06-06 00:00:00-04:00,22.81999969482422,22.889999389648438,22.31999969482422,22.440000534057617,684900,0.0,0.0
2022-06-07 00:00:00-04:00,22.260000228881836,22.959999084472656,21.920000076293945,22.8799991607666,851900,0.0,0.0
2022-06-08 00:00:00-04:00,22.75,23.040000915527344,21.709999084472656,21.950000762939453,690700,0.0,0.0
2022-06-09 00:00:00-04:00,21.799999237060547,22.31999969482422,21.329999923706055,21.670000076293945,581400,0.0,0.0
2022-06-10 00:00:00-04:00,21.200000762939453,21.610000610351562,20.8799991607666,21.25,546100,0.0,0.0
2022-06-13 00:00:00-04:00,20.540000915527344,21.030000686645508,19.799999237060547,19.8700008392334,1103500,0.0,0.0
2022-06-14 00:00:00-04:00,20.100000381469727,20.520000457763672,19.770000457763672,20.479999542236328,796500,0.0,0.0
2022-06-15 00:00:00-04:00,20.510000228881836,21.1200008392334,19.75,20.84000015258789,872800,0.0,0.0
2022-06-16 00:00:00-04:00,20.209999084472656,20.309999465942383,18.760000228881836,18.940000534057617,840200,0.0,0.0
2022-06-17 00:00:00-04:00,19.020000457763672,19.59000015258789,18.639999389648438,19.149999618530273,1306800,0.0,0.0
2022-06-21 00:00:00-04:00,19.559999465942383,20.809999465942383,19.43000030517578,20.43000030517578,986200,0.0,0.0
2022-06-22 00:00:00-04:00,20.0,20.360000610351562,19.68000030517578,19.760000228881836,785500,0.0,0.0
2022-06-23 00:00:00-04:00,20.079999923706055,20.149999618530273,18.889999389648438,19.079999923706055,835400,0.0,0.0
2022-06-24 00:00:00-04:00,19.420000076293945,20.43000030517578,19.149999618530273,20.34000015258789,2287000,0.0,0.0
2022-06-27 00:00:00-04:00,20.649999618530273,21.799999237060547,20.360000610351562,21.399999618530273,2401700,0.0,0.0
2022-06-28 00:00:00-04:00,21.75,21.75,19.1299991607666,19.34000015258789,1997400,0.0,0.0
2022-06-29 00:00:00-04:00,19.100000381469727,19.110000610351562,18.31999969482422,19.110000610351562,1157600,0.0,0.0
2022-06-30 00:00:00-04:00,18.860000610351562,19.729999542236328,18.43000030517578,19.479999542236328,907200,0.0,0.0
2022-07-01 00:00:00-04:00,19.079999923706055,19.270000457763672,17.600000381469727,18.09000015258789,1346900,0.0,0.0
2022-07-05 00:00:00-04:00,17.700000762939453,18.049999237060547,17.280000686645508,17.729999542236328,871200,0.0,0.0
2022-07-06 00:00:00-04:00,17.719999313354492,17.969999313354492,17.219999313354492,17.610000610351562,490700,0.0,0.0
2022-07-07 00:00:00-04:00,17.84000015258789,18.56999969482422,17.84000015258789,18.280000686645508,551500,0.0,0.0
2022-07-08 00:00:00-04:00,18.1299991607666,18.780000686645508,18.059999465942383,18.739999771118164,507200,0.0,0.0
2022-07-11 00:00:00-04:00,18.5,18.68000030517578,18.239999771118164,18.299999237060547,343500,0.0,0.0
2022-07-12 00:00:00-04:00,18.350000381469727,19.020000457763672,18.209999084472656,18.719999313354492,597900,0.0,0.0
2022-07-13 00:00:00-04:00,18.40999984741211,19.06999969482422,18.270000457763672,19.020000457763672,437600,0.0,0.0
2022-07-14 00:00:00-04:00,18.84000015258789,19.299999237060547,18.190000534057617,18.90999984741211,369500,0.0,0.0
2022-07-15 00:00:00-04:00,19.309999465942383,19.329999923706055,18.700000762939453,19.280000686645508,448200,0.0,0.0
2022-07-18 00:00:00-04:00,19.510000228881836,19.920000076293945,19.25,19.489999771118164,629700,0.0,0.0
2022-07-19 00:00:00-04:00,19.719999313354492,20.68000030517578,19.670000076293945,20.639999389648438,823700,0.0,0.0
2022-07-20 00:00:00-04:00,20.670000076293945,21.81999969482422,20.65999984741211,21.559999465942383,1218700,0.0,0.0
2022-07-21 00:00:00-04:00,21.43000030517578,22.350000381469727,21.260000228881836,22.34000015258789,891200,0.0,0.0
2022-07-22 00:00:00-04:00,22.34000015258789,22.360000610351562,21.270000457763672,21.690000534057617,793400,0.0,0.0
2022-07-25 00:00:00-04:00,21.940000534057617,21.989999771118164,21.280000686645508,21.790000915527344,493400,0.0,0.0
2022-07-26 00:00:00-04:00,21.690000534057617,22.110000610351562,21.459999084472656,21.770000457763672,566700,0.0,0.0
2022-07-27 00:00:00-04:00,22.0,23.399999618530273,21.8700008392334,23.209999084472656,1117200,0.0,0.0
2022-07-28 00:00:00-04:00,23.239999771118164,23.450000762939453,22.260000228881836,23.280000686645508,1067800,0.0,0.0
2022-07-29 00:00:00-04:00,23.079999923706055,23.860000610351562,22.520000457763672,23.809999465942383,1119300,0.0,0.0
2022-08-01 00:00:00-04:00,23.75,24.450000762939453,23.299999237060547,23.940000534057617,1249200,0.0,0.0
2022-08-02 00:00:00-04:00,23.780000686645508,24.299999237060547,23.459999084472656,23.829999923706055,660100,0.0,0.0
2022-08-03 00:00:00-04:00,24.049999237060547,24.889999389648438,23.75,24.43000030517578,976100,0.0,0.0
2022-08-04 00:00:00-04:00,24.290000915527344,24.739999771118164,24.010000228881836,24.690000534057617,813600,0.0,0.0
2022-08-05 00:00:00-04:00,24.31999969482422,24.690000534057617,23.850000381469727,24.229999542236328,703400,0.0,0.0
2022-08-08 00:00:00-04:00,24.18000030517578,24.56999969482422,23.559999465942383,24.139999389648438,739500,0.0,0.0
2022-08-09 00:00:00-04:00,23.670000076293945,23.68000030517578,21.780000686645508,22.719999313354492,1823800,0.0,0.0
2022-08-10 00:00:00-04:00,23.049999237060547,24.020000457763672,22.860000610351562,23.84000015258789,895900,0.0,0.0
2022-08-11 00:00:00-04:00,24.0,24.799999237060547,23.670000076293945,23.709999084472656,725100,0.0,0.0
2022-08-12 00:00:00-04:00,23.799999237060547,25.809999465942383,23.739999771118164,25.780000686645508,1066300,0.0,0.0
2022-08-15 00:00:00-04:00,25.459999084472656,25.489999771118164,24.420000076293945,24.989999771118164,922700,0.0,0.0
2022-08-16 00:00:00-04:00,24.790000915527344,24.899999618530273,23.579999923706055,23.940000534057617,1020300,0.0,0.0
2022-08-17 00:00:00-04:00,23.6299991607666,23.93000030517578,22.65999984741211,23.329999923706055,962000,0.0,0.0
2022-08-18 00:00:00-04:00,23.450000762939453,24.700000762939453,23.450000762939453,24.40999984741211,1029500,0.0,0.0
2022-08-19 00:00:00-04:00,24.0,24.079999923706055,23.510000228881836,23.6200008392334,625700,0.0,0.0
2022-08-22 00:00:00-04:00,23.010000228881836,23.360000610351562,22.670000076293945,22.93000030517578,623600,0.0,0.0
2022-08-23 00:00:00-04:00,23.1299991607666,23.760000228881836,23.100000381469727,23.280000686645508,730400,0.0,0.0
2022-08-24 00:00:00-04:00,23.15999984741211,23.450000762939453,23.059999465942383,23.200000762939453,709100,0.0,0.0
2022-08-25 00:00:00-04:00,23.219999313354492,25.389999389648438,23.219999313354492,25.209999084472656,1549800,0.0,0.0
2022-08-26 00:00:00-04:00,25.299999237060547,25.389999389648438,22.040000915527344,22.190000534057617,1990500,0.0,0.0
2022-08-29 00:00:00-04:00,21.84000015258789,22.610000610351562,21.3700008392334,21.770000457763672,1928600,0.0,0.0
2022-08-30 00:00:00-04:00,19.030000686645508,19.079999923706055,16.43000030517578,16.639999389648438,10271200,0.0,0.0
2022-08-31 00:00:00-04:00,16.790000915527344,17.040000915527344,16.200000762939453,16.799999237060547,2863600,0.0,0.0
2022-09-01 00:00:00-04:00,16.469999313354492,16.469999313354492,15.229999542236328,15.779999732971191,2703500,0.0,0.0
2022-09-02 00:00:00-04:00,15.90999984741211,15.970000267028809,15.25,15.369999885559082,1506500,0.0,0.0
2022-09-06 00:00:00-04:00,15.34000015258789,15.949999809265137,15.34000015258789,15.449999809265137,1104200,0.0,0.0
2022-09-07 00:00:00-04:00,15.350000381469727,15.579999923706055,15.15999984741211,15.449999809265137,965100,0.0,0.0
2022-09-08 00:00:00-04:00,15.3100004196167,15.720000267028809,15.109999656677246,15.569999694824219,756700,0.0,0.0
2022-09-09 00:00:00-04:00,15.890000343322754,16.190000534057617,15.760000228881836,15.899999618530273,875800,0.0,0.0
2022-09-12 00:00:00-04:00,15.970000267028809,16.469999313354492,15.859999656677246,16.3700008392334,978600,0.0,0.0
2022-09-13 00:00:00-04:00,15.760000228881836,16.1200008392334,15.59000015258789,15.739999771118164,1144100,0.0,0.0
2022-09-14 00:00:00-04:00,15.850000381469727,16.030000686645508,15.510000228881836,15.6899995803833,794700,0.0,0.0
2022-09-15 00:00:00-04:00,15.65999984741211,15.75,15.329999923706055,15.470000267028809,758600,0.0,0.0
2022-09-16 00:00:00-04:00,15.25,15.600000381469727,15.199999809265137,15.539999961853027,2401900,0.0,0.0
2022-09-19 00:00:00-04:00,15.210000038146973,15.5600004196167,15.140000343322754,15.380000114440918,619400,0.0,0.0
2022-09-20 00:00:00-04:00,15.25,15.460000038146973,15.109999656677246,15.3100004196167,564000,0.0,0.0
2022-09-21 00:00:00-04:00,15.390000343322754,15.670000076293945,15.050000190734863,15.100000381469727,782900,0.0,0.0
2022-09-22 00:00:00-04:00,15.180000305175781,15.260000228881836,14.8100004196167,15.0,602300,0.0,0.0
2022-09-23 00:00:00-04:00,14.619999885559082,14.869999885559082,14.399999618530273,14.65999984741211,691000,0.0,0.0
2022-09-26 00:00:00-04:00,14.600000381469727,14.890000343322754,14.180000305175781,14.229999542236328,748800,0.0,0.0
2022-09-27 00:00:00-04:00,14.5600004196167,14.789999961853027,14.350000381469727,14.630000114440918,542900,0.0,0.0
2022-09-28 00:00:00-04:00,14.550000190734863,14.979999542236328,14.40999984741211,14.880000114440918,664000,0.0,0.0
2022-09-29 00:00:00-04:00,14.619999885559082,14.979999542236328,14.380000114440918,14.9399995803833,749100,0.0,0.0
2022-09-30 00:00:00-04:00,14.829999923706055,15.09000015258789,14.609999656677246,14.619999885559082,1153900,0.0,0.0
2022-10-03 00:00:00-04:00,15.0,15.539999961853027,14.90999984741211,15.1899995803833,604200,0.0,0.0
2022-10-04 00:00:00-04:00,15.75,15.90999984741211,15.579999923706055,15.869999885559082,669100,0.0,0.0
2022-10-05 00:00:00-04:00,15.630000114440918,16.190000534057617,15.550000190734863,16.079999923706055,536700,0.0,0.0
2022-10-06 00:00:00-04:00,15.979999542236328,16.399999618530273,15.979999542236328,16.15999984741211,434700,0.0,0.0
2022-10-07 00:00:00-04:00,15.800000190734863,15.970000267028809,15.359999656677246,15.520000457763672,758100,0.0,0.0
2022-10-10 00:00:00-04:00,15.520000457763672,15.5600004196167,14.779999732971191,15.199999809265137,486100,0.0,0.0
2022-10-11 00:00:00-04:00,15.029999732971191,15.170000076293945,14.6899995803833,14.989999771118164,470000,0.0,0.0
2022-10-12 00:00:00-04:00,14.899999618530273,14.979999542236328,14.59000015258789,14.609999656677246,399100,0.0,0.0
2022-10-13 00:00:00-04:00,14.239999771118164,15.319999694824219,13.869999885559082,15.199999809265137,637800,0.0,0.0
2022-10-14 00:00:00-04:00,15.229999542236328,15.359999656677246,14.5,14.550000190734863,499100,0.0,0.0
2022-10-17 00:00:00-04:00,15.029999732971191,15.149999618530273,14.670000076293945,14.890000343322754,535700,0.0,0.0
2022-10-18 00:00:00-04:00,15.149999618530273,15.529999732971191,14.579999923706055,14.829999923706055,477900,0.0,0.0
2022-10-19 00:00:00-04:00,14.859999656677246,15.029999732971191,14.600000381469727,14.890000343322754,612200,0.0,0.0
2022-10-20 00:00:00-04:00,15.0,15.460000038146973,14.880000114440918,15.210000038146973,369100,0.0,0.0
2022-10-21 00:00:00-04:00,15.210000038146973,15.800000190734863,15.0600004196167,15.75,560600,0.0,0.0
2022-10-24 00:00:00-04:00,15.75,15.970000267028809,15.380000114440918,15.90999984741211,442600,0.0,0.0
2022-10-25 00:00:00-04:00,15.970000267028809,16.559999465942383,15.970000267028809,16.34000015258789,511400,0.0,0.0
2022-10-26 00:00:00-04:00,16.260000228881836,16.719999313354492,16.1299991607666,16.420000076293945,378800,0.0,0.0
2022-10-27 00:00:00-04:00,16.59000015258789,16.649999618530273,16.09000015258789,16.15999984741211,377000,0.0,0.0
2022-10-28 00:00:00-04:00,16.1299991607666,16.5,16.020000457763672,16.479999542236328,525200,0.0,0.0
2022-10-31 00:00:00-04:00,16.389999389648438,16.399999618530273,15.930000305175781,16.219999313354492,514700,0.0,0.0
2022-11-01 00:00:00-04:00,16.530000686645508,16.81999969482422,16.350000381469727,16.780000686645508,494700,0.0,0.0
2022-11-02 00:00:00-04:00,16.809999465942383,17.329999923706055,16.329999923706055,16.329999923706055,629200,0.0,0.0
2022-11-03 00:00:00-04:00,16.010000228881836,16.329999923706055,15.739999771118164,16.049999237060547,377500,0.0,0.0
2022-11-04 00:00:00-04:00,16.290000915527344,16.649999618530273,16.290000915527344,16.56999969482422,472500,0.0,0.0
2022-11-07 00:00:00-05:00,16.760000228881836,17.020000457763672,16.56999969482422,17.010000228881836,437300,0.0,0.0
2022-11-08 00:00:00-05:00,17.31999969482422,17.610000610351562,16.940000534057617,17.1200008392334,470000,0.0,0.0
2022-11-09 00:00:00-05:00,16.8799991607666,17.40999984741211,16.809999465942383,17.149999618530273,358500,0.0,0.0
2022-11-10 00:00:00-05:00,17.860000610351562,18.40999984741211,17.760000228881836,18.399999618530273,676900,0.0,0.0
2022-11-11 00:00:00-05:00,18.56999969482422,19.200000762939453,18.389999389648438,18.690000534057617,781900,0.0,0.0
2022-11-14 00:00:00-05:00,18.440000534057617,19.200000762939453,18.420000076293945,18.6299991607666,661600,0.0,0.0
2022-11-15 00:00:00-05:00,19.239999771118164,19.31999969482422,18.940000534057617,19.09000015258789,467700,0.0,0.0
2022-11-16 00:00:00-05:00,18.709999084472656,19.0,18.170000076293945,18.350000381469727,454300,0.0,0.0
2022-11-17 00:00:00-05:00,17.950000762939453,18.8700008392334,17.700000762939453,18.790000915527344,469600,0.0,0.0
2022-11-18 00:00:00-05:00,19.239999771118164,19.389999389648438,18.770000457763672,19.020000457763672,661400,0.0,0.0
2022-11-21 00:00:00-05:00,18.90999984741211,18.93000030517578,18.56999969482422,18.670000076293945,446900,0.0,0.0
2022-11-22 00:00:00-05:00,18.920000076293945,18.920000076293945,18.56999969482422,18.8799991607666,993600,0.0,0.0
2022-11-23 00:00:00-05:00,18.860000610351562,19.139999389648438,18.809999465942383,18.989999771118164,468900,0.0,0.0
2022-11-25 00:00:00-05:00,19.0,19.059999465942383,18.68000030517578,18.690000534057617,411500,0.0,0.0
2022-11-28 00:00:00-05:00,18.479999542236328,18.81999969482422,18.270000457763672,18.649999618530273,494500,0.0,0.0
2022-11-29 00:00:00-05:00,18.739999771118164,18.850000381469727,18.43000030517578,18.459999084472656,644200,0.0,0.0
2022-11-30 00:00:00-05:00,18.440000534057617,18.799999237060547,18.020000457763672,18.799999237060547,802200,0.0,0.0
2022-12-01 00:00:00-05:00,18.940000534057617,19.190000534057617,18.670000076293945,18.75,607300,0.0,0.0
2022-12-02 00:00:00-05:00,18.350000381469727,18.709999084472656,18.25,18.690000534057617,416800,0.0,0.0
2022-12-05 00:00:00-05:00,18.719999313354492,18.719999313354492,18.100000381469727,18.280000686645508,463900,0.0,0.0
2022-12-06 00:00:00-05:00,18.209999084472656,18.3799991607666,17.850000381469727,18.0,605200,0.0,0.0
2022-12-07 00:00:00-05:00,17.8799991607666,18.260000228881836,17.690000534057617,18.209999084472656,541300,0.0,0.0
2022-12-08 00:00:00-05:00,18.290000915527344,18.540000915527344,18.18000030517578,18.450000762939453,341500,0.0,0.0
2022-12-09 00:00:00-05:00,18.200000762939453,18.670000076293945,18.139999389648438,18.270000457763672,353900,0.0,0.0
2022-12-12 00:00:00-05:00,18.25,18.579999923706055,18.149999618530273,18.469999313354492,651200,0.0,0.0
2022-12-13 00:00:00-05:00,19.780000686645508,20.18000030517578,19.010000228881836,19.18000030517578,1466500,0.0,0.0
2022-12-14 00:00:00-05:00,19.0,19.1200008392334,16.860000610351562,17.209999084472656,1333800,0.0,0.0
2022-12-15 00:00:00-05:00,16.950000762939453,17.579999923706055,16.8799991607666,17.350000381469727,871200,0.0,0.0
2022-12-16 00:00:00-05:00,17.190000534057617,17.399999618530273,17.0,17.219999313354492,2928100,0.0,0.0
2022-12-19 00:00:00-05:00,17.219999313354492,17.420000076293945,16.989999771118164,17.06999969482422,555900,0.0,0.0
2022-12-20 00:00:00-05:00,16.979999542236328,17.219999313354492,16.860000610351562,16.989999771118164,442700,0.0,0.0
2022-12-21 00:00:00-05:00,17.09000015258789,17.18000030517578,16.760000228881836,16.989999771118164,569000,0.0,0.0
2022-12-22 00:00:00-05:00,16.700000762939453,16.809999465942383,16.31999969482422,16.540000915527344,773900,0.0,0.0
2022-12-23 00:00:00-05:00,16.530000686645508,16.6299991607666,16.239999771118164,16.40999984741211,494400,0.0,0.0
2022-12-27 00:00:00-05:00,16.40999984741211,16.510000228881836,16.270000457763672,16.399999618530273,482600,0.0,0.0
2022-12-28 00:00:00-05:00,16.309999465942383,16.540000915527344,16.040000915527344,16.170000076293945,508100,0.0,0.0
2022-12-29 00:00:00-05:00,16.40999984741211,16.93000030517578,16.31999969482422,16.90999984741211,338500,0.0,0.0
2022-12-30 00:00:00-05:00,16.739999771118164,16.950000762939453,16.6299991607666,16.829999923706055,692100,0.0,0.0
2023-01-03 00:00:00-05:00,17.280000686645508,17.5,16.739999771118164,16.760000228881836,563900,0.0,0.0
2023-01-04 00:00:00-05:00,17.0,17.219999313354492,16.649999618530273,16.649999618530273,547500,0.0,0.0
2023-01-05 00:00:00-05:00,16.530000686645508,17.030000686645508,16.5,16.700000762939453,499900,0.0,0.0
2023-01-06 00:00:00-05:00,16.889999389648438,17.520000457763672,16.579999923706055,17.5,513200,0.0,0.0
2023-01-09 00:00:00-05:00,17.760000228881836,18.350000381469727,17.700000762939453,17.90999984741211,564300,0.0,0.0
2023-01-10 00:00:00-05:00,17.93000030517578,18.06999969482422,17.81999969482422,17.959999084472656,333000,0.0,0.0
2023-01-11 00:00:00-05:00,17.959999084472656,18.149999618530273,17.81999969482422,17.989999771118164,345000,0.0,0.0
2023-01-12 00:00:00-05:00,18.149999618530273,18.34000015258789,17.959999084472656,18.260000228881836,371900,0.0,0.0
2023-01-13 00:00:00-05:00,18.149999618530273,18.469999313354492,18.110000610351562,18.3700008392334,381600,0.0,0.0
2023-01-17 00:00:00-05:00,18.399999618530273,18.540000915527344,18.15999984741211,18.329999923706055,432500,0.0,0.0
2023-01-18 00:00:00-05:00,18.420000076293945,18.829999923706055,18.239999771118164,18.25,523000,0.0,0.0
2023-01-19 00:00:00-05:00,18.06999969482422,18.219999313354492,17.530000686645508,17.530000686645508,526100,0.0,0.0
2023-01-20 00:00:00-05:00,17.75,17.989999771118164,17.540000915527344,17.969999313354492,349200,0.0,0.0
2023-01-23 00:00:00-05:00,18.100000381469727,18.540000915527344,17.959999084472656,18.420000076293945,387900,0.0,0.0
2023-01-24 00:00:00-05:00,18.299999237060547,18.729999542236328,18.18000030517578,18.65999984741211,355100,0.0,0.0
2023-01-25 00:00:00-05:00,18.40999984741211,18.770000457763672,18.270000457763672,18.739999771118164,331200,0.0,0.0
2023-01-26 00:00:00-05:00,18.790000915527344,19.079999923706055,18.540000915527344,19.06999969482422,372200,0.0,0.0
2023-01-27 00:00:00-05:00,18.84000015258789,19.030000686645508,18.690000534057617,18.81999969482422,474000,0.0,0.0
2023-01-30 00:00:00-05:00,18.5,18.530000686645508,17.020000457763672,17.5,1825600,0.0,0.0
2023-01-31 00:00:00-05:00,17.530000686645508,18.209999084472656,17.309999465942383,18.1200008392334,874800,0.0,0.0
2023-02-01 00:00:00-05:00,18.149999618530273,19.049999237060547,18.149999618530273,18.90999984741211,838200,0.0,0.0
2023-02-02 00:00:00-05:00,19.15999984741211,19.520000457763672,19.0,19.290000915527344,545400,0.0,0.0
2023-02-03 00:00:00-05:00,18.979999542236328,19.489999771118164,18.799999237060547,19.200000762939453,532600,0.0,0.0
2023-02-06 00:00:00-05:00,18.93000030517578,19.110000610351562,18.489999771118164,18.68000030517578,717200,0.0,0.0
2023-02-07 00:00:00-05:00,18.639999389648438,19.049999237060547,18.459999084472656,18.950000762939453,461200,0.0,0.0
2023-02-08 00:00:00-05:00,18.81999969482422,18.850000381469727,18.600000381469727,18.729999542236328,405700,0.0,0.0
2023-02-09 00:00:00-05:00,19.049999237060547,19.09000015258789,18.479999542236328,18.670000076293945,569200,0.0,0.0
2023-02-10 00:00:00-05:00,18.479999542236328,18.559999465942383,18.1299991607666,18.31999969482422,511100,0.0,0.0
2023-02-13 00:00:00-05:00,18.389999389648438,18.510000228881836,18.239999771118164,18.280000686645508,396900,0.0,0.0
2023-02-14 00:00:00-05:00,18.18000030517578,18.5,17.969999313354492,18.40999984741211,604200,0.0,0.0
2023-02-15 00:00:00-05:00,18.200000762939453,18.68000030517578,18.100000381469727,18.3799991607666,457600,0.0,0.0
2023-02-16 00:00:00-05:00,18.110000610351562,18.270000457763672,18.010000228881836,18.100000381469727,451500,0.0,0.0
2023-02-17 00:00:00-05:00,17.979999542236328,18.200000762939453,17.8700008392334,18.020000457763672,562300,0.0,0.0
2023-02-21 00:00:00-05:00,17.81999969482422,17.81999969482422,15.4399995803833,16.399999618530273,2303800,0.0,0.0
2023-02-22 00:00:00-05:00,16.5,17.329999923706055,16.43000030517578,17.239999771118164,1440000,0.0,0.0
2023-02-23 00:00:00-05:00,17.530000686645508,17.790000915527344,17.25,17.690000534057617,912600,0.0,0.0
2023-02-24 00:00:00-05:00,17.40999984741211,17.700000762939453,17.31999969482422,17.700000762939453,560800,0.0,0.0
2023-02-27 00:00:00-05:00,17.81999969482422,18.079999923706055,17.739999771118164,17.790000915527344,637800,0.0,0.0
2023-02-28 00:00:00-05:00,17.790000915527344,18.149999618530273,17.6200008392334,17.6200008392334,735800,0.0,0.0
2023-03-01 00:00:00-05:00,17.610000610351562,17.969999313354492,17.510000228881836,17.780000686645508,496600,0.0,0.0
2023-03-02 00:00:00-05:00,17.399999618530273,17.6200008392334,17.100000381469727,17.549999237060547,666700,0.0,0.0
2023-03-03 00:00:00-05:00,17.549999237060547,17.649999618530273,17.3799991607666,17.639999389648438,530600,0.0,0.0
2023-03-06 00:00:00-05:00,17.639999389648438,17.690000534057617,16.920000076293945,17.079999923706055,581100,0.0,0.0
2023-03-07 00:00:00-05:00,17.059999465942383,17.06999969482422,16.719999313354492,16.889999389648438,570900,0.0,0.0
2023-03-08 00:00:00-05:00,17.010000228881836,17.299999237060547,16.940000534057617,17.229999542236328,575100,0.0,0.0
2023-03-09 00:00:00-05:00,17.229999542236328,17.450000762939453,17.06999969482422,17.079999923706055,552600,0.0,0.0
2023-03-10 00:00:00-05:00,17.079999923706055,17.200000762939453,16.600000381469727,16.649999618530273,466100,0.0,0.0
2023-03-13 00:00:00-04:00,16.3799991607666,16.420000076293945,16.010000228881836,16.149999618530273,598100,0.0,0.0
2023-03-14 00:00:00-04:00,16.5,16.709999084472656,16.030000686645508,16.389999389648438,750200,0.0,0.0
2023-03-15 00:00:00-04:00,16.049999237060547,16.420000076293945,15.9399995803833,16.40999984741211,677000,0.0,0.0
2023-03-16 00:00:00-04:00,16.209999084472656,16.770000457763672,16.09000015258789,16.739999771118164,395400,0.0,0.0
2023-03-17 00:00:00-04:00,16.719999313354492,16.889999389648438,16.43000030517578,16.469999313354492,1436800,0.0,0.0
2023-03-20 00:00:00-04:00,16.56999969482422,16.8799991607666,16.530000686645508,16.670000076293945,379700,0.0,0.0
2023-03-21 00:00:00-04:00,16.90999984741211,17.1299991607666,16.690000534057617,16.90999984741211,399300,0.0,0.0
2023-03-22 00:00:00-04:00,16.889999389648438,17.139999389648438,16.510000228881836,16.520000457763672,317400,0.0,0.0
2023-03-23 00:00:00-04:00,16.65999984741211,17.040000915527344,16.3799991607666,16.600000381469727,344000,0.0,0.0
2023-03-24 00:00:00-04:00,16.469999313354492,16.469999313354492,16.15999984741211,16.360000610351562,341400,0.0,0.0
2023-03-27 00:00:00-04:00,16.479999542236328,16.600000381469727,16.200000762939453,16.329999923706055,308300,0.0,0.0
2023-03-28 00:00:00-04:00,16.209999084472656,16.239999771118164,15.699999809265137,15.819999694824219,364000,0.0,0.0
2023-03-29 00:00:00-04:00,16.040000915527344,16.510000228881836,16.010000228881836,16.479999542236328,427900,0.0,0.0
2023-03-30 00:00:00-04:00,16.579999923706055,16.729999542236328,16.329999923706055,16.329999923706055,316200,0.0,0.0
2023-03-31 00:00:00-04:00,16.299999237060547,16.610000610351562,16.25,16.579999923706055,621000,0.0,0.0
2023-04-03 00:00:00-04:00,16.56999969482422,16.56999969482422,16.18000030517578,16.40999984741211,417600,0.0,0.0
2023-04-04 00:00:00-04:00,16.3700008392334,16.3700008392334,15.59000015258789,15.729999542236328,506300,0.0,0.0
2023-04-05 00:00:00-04:00,15.539999961853027,15.5600004196167,15.229999542236328,15.449999809265137,540400,0.0,0.0
2023-04-06 00:00:00-04:00,15.399999618530273,15.460000038146973,15.050000190734863,15.350000381469727,335000,0.0,0.0
2023-04-10 00:00:00-04:00,15.199999809265137,15.880000114440918,15.180000305175781,15.789999961853027,778800,0.0,0.0
2023-04-11 00:00:00-04:00,15.90999984741211,15.989999771118164,15.630000114440918,15.789999961853027,387400,0.0,0.0
2023-04-12 00:00:00-04:00,15.949999809265137,16.020000457763672,15.449999809265137,15.470000267028809,269400,0.0,0.0
2023-04-13 00:00:00-04:00,15.510000228881836,15.630000114440918,15.430000305175781,15.550000190734863,251100,0.0,0.0
2023-04-14 00:00:00-04:00,15.640000343322754,15.819999694824219,15.479999542236328,15.649999618530273,308400,0.0,0.0
2023-04-17 00:00:00-04:00,15.40999984741211,15.430000305175781,14.949999809265137,15.40999984741211,385000,0.0,0.0
2023-04-18 00:00:00-04:00,15.430000305175781,15.640000343322754,15.170000076293945,15.300000190734863,261100,0.0,0.0
2023-04-19 00:00:00-04:00,15.210000038146973,15.289999961853027,15.050000190734863,15.130000114440918,255200,0.0,0.0
2023-04-20 00:00:00-04:00,15.0,15.40999984741211,14.979999542236328,15.119999885559082,409400,0.0,0.0
2023-04-21 00:00:00-04:00,15.050000190734863,15.239999771118164,14.989999771118164,15.0600004196167,275000,0.0,0.0
2023-04-24 00:00:00-04:00,15.039999961853027,15.069999694824219,14.789999961853027,14.880000114440918,289400,0.0,0.0
2023-04-25 00:00:00-04:00,14.770000457763672,14.779999732971191,14.229999542236328,14.270000457763672,300600,0.0,0.0
2023-04-26 00:00:00-04:00,14.3100004196167,14.399999618530273,14.09000015258789,14.180000305175781,250500,0.0,0.0
2023-04-27 00:00:00-04:00,14.149999618530273,14.300000190734863,13.859999656677246,14.279999732971191,318800,0.0,0.0
2023-04-28 00:00:00-04:00,14.329999923706055,14.539999961853027,14.170000076293945,14.460000038146973,330000,0.0,0.0
2023-05-01 00:00:00-04:00,14.479999542236328,14.65999984741211,14.479999542236328,14.600000381469727,249500,0.0,0.0
2023-05-02 00:00:00-04:00,14.539999961853027,14.649999618530273,14.239999771118164,14.390000343322754,252700,0.0,0.0
2023-05-03 00:00:00-04:00,14.399999618530273,14.649999618530273,14.380000114440918,14.449999809265137,449300,0.0,0.0
2023-05-04 00:00:00-04:00,14.3100004196167,14.4399995803833,14.149999618530273,14.239999771118164,479800,0.0,0.0
2023-05-05 00:00:00-04:00,14.359999656677246,14.970000267028809,14.329999923706055,14.920000076293945,379900,0.0,0.0
2023-05-08 00:00:00-04:00,14.899999618530273,14.920000076293945,14.619999885559082,14.84000015258789,325800,0.0,0.0
2023-05-09 00:00:00-04:00,14.6899995803833,14.710000038146973,14.479999542236328,14.550000190734863,354300,0.0,0.0
2023-05-10 00:00:00-04:00,14.770000457763672,15.180000305175781,14.670000076293945,15.15999984741211,380200,0.0,0.0
2023-05-11 00:00:00-04:00,15.100000381469727,15.220000267028809,14.75,15.220000267028809,273600,0.0,0.0
2023-05-12 00:00:00-04:00,15.260000228881836,15.569999694824219,15.079999923706055,15.220000267028809,474800,0.0,0.0
2023-05-15 00:00:00-04:00,15.270000457763672,16.34000015258789,15.25,16.270000457763672,686700,0.0,0.0
2023-05-16 00:00:00-04:00,16.149999618530273,16.6200008392334,16.139999389648438,16.600000381469727,437000,0.0,0.0
2023-05-17 00:00:00-04:00,16.760000228881836,16.989999771118164,16.559999465942383,16.8700008392334,662700,0.0,0.0
2023-05-18 00:00:00-04:00,16.889999389648438,17.299999237060547,16.889999389648438,17.18000030517578,552700,0.0,0.0
2023-05-19 00:00:00-04:00,17.299999237060547,17.3799991607666,17.110000610351562,17.3700008392334,503900,0.0,0.0
2023-05-22 00:00:00-04:00,16.75,17.579999923706055,16.709999084472656,17.1200008392334,659400,0.0,0.0
2023-05-23 00:00:00-04:00,17.040000915527344,17.530000686645508,16.979999542236328,17.209999084472656,627700,0.0,0.0
2023-05-24 00:00:00-04:00,18.920000076293945,19.729999542236328,17.979999542236328,18.360000610351562,1654800,0.0,0.0
2023-05-25 00:00:00-04:00,18.920000076293945,20.3799991607666,18.709999084472656,20.25,1325600,0.0,0.0
2023-05-26 00:00:00-04:00,20.360000610351562,21.459999084472656,20.360000610351562,21.229999542236328,1017900,0.0,0.0
2023-05-30 00:00:00-04:00,21.75,21.75,20.90999984741211,21.110000610351562,986800,0.0,0.0
2023-05-31 00:00:00-04:00,20.809999465942383,21.40999984741211,20.610000610351562,21.229999542236328,1638800,0.0,0.0
2023-06-01 00:00:00-04:00,21.270000457763672,21.520000457763672,20.850000381469727,21.389999389648438,552900,0.0,0.0
2023-06-02 00:00:00-04:00,21.6299991607666,21.799999237060547,21.170000076293945,21.780000686645508,563000,0.0,0.0
2023-06-05 00:00:00-04:00,21.56999969482422,21.760000228881836,20.940000534057617,21.549999237060547,527000,0.0,0.0
2023-06-06 00:00:00-04:00,21.440000534057617,22.549999237060547,21.3700008392334,22.450000762939453,609500,0.0,0.0
2023-06-07 00:00:00-04:00,22.600000381469727,23.329999923706055,22.600000381469727,22.969999313354492,905600,0.0,0.0
2023-06-08 00:00:00-04:00,22.979999542236328,23.239999771118164,22.799999237060547,23.040000915527344,464700,0.0,0.0
2023-06-09 00:00:00-04:00,23.219999313354492,23.440000534057617,22.790000915527344,22.860000610351562,349400,0.0,0.0
2023-06-12 00:00:00-04:00,23.0,23.40999984741211,22.8799991607666,23.229999542236328,439700,0.0,0.0
2023-06-13 00:00:00-04:00,23.649999618530273,23.790000915527344,23.309999465942383,23.56999969482422,618600,0.0,0.0
2023-06-14 00:00:00-04:00,23.399999618530273,23.850000381469727,23.3700008392334,23.56999969482422,575100,0.0,0.0
2023-06-15 00:00:00-04:00,23.309999465942383,23.68000030517578,23.239999771118164,23.59000015258789,517300,0.0,0.0
2023-06-16 00:00:00-04:00,23.75,23.889999389648438,23.09000015258789,23.3799991607666,1276900,0.0,0.0
2023-06-20 00:00:00-04:00,23.40999984741211,24.139999389648438,22.889999389648438,24.049999237060547,835600,0.0,0.0
2023-06-21 00:00:00-04:00,24.049999237060547,25.06999969482422,23.93000030517578,24.510000228881836,858100,0.0,0.0
2023-06-22 00:00:00-04:00,24.31999969482422,24.459999084472656,24.030000686645508,24.06999969482422,698000,0.0,0.0
2023-06-23 00:00:00-04:00,23.790000915527344,23.81999969482422,23.010000228881836,23.040000915527344,2562400,0.0,0.0
2023-06-26 00:00:00-04:00,23.200000762939453,23.639999389648438,23.040000915527344,23.059999465942383,727600,0.0,0.0
2023-06-27 00:00:00-04:00,23.139999389648438,24.18000030517578,23.049999237060547,24.149999618530273,612700,0.0,0.0
2023-06-28 00:00:00-04:00,23.90999984741211,24.579999923706055,23.90999984741211,24.5,432100,0.0,0.0
2023-06-29 00:00:00-04:00,24.729999542236328,25.93000030517578,24.559999465942383,25.510000228881836,894300,0.0,0.0
2023-06-30 00:00:00-04:00,25.84000015258789,26.049999237060547,25.59000015258789,25.790000915527344,668100,0.0,0.0
2023-07-03 00:00:00-04:00,25.989999771118164,26.690000534057617,25.989999771118164,26.190000534057617,575200,0.0,0.0
2023-07-05 00:00:00-04:00,26.18000030517578,26.18000030517578,25.459999084472656,25.459999084472656,643700,0.0,0.0
2023-07-06 00:00:00-04:00,25.06999969482422,25.559999465942383,24.899999618530273,25.170000076293945,495800,0.0,0.0
2023-07-07 00:00:00-04:00,25.31999969482422,25.530000686645508,25.06999969482422,25.1299991607666,448600,0.0,0.0
2023-07-10 00:00:00-04:00,25.149999618530273,25.579999923706055,25.079999923706055,25.450000762939453,499300,0.0,0.0
2023-07-11 00:00:00-04:00,25.469999313354492,25.520000457763672,24.729999542236328,25.3799991607666,574800,0.0,0.0
2023-07-12 00:00:00-04:00,25.700000762939453,25.799999237060547,25.489999771118164,25.639999389648438,401500,0.0,0.0
2023-07-13 00:00:00-04:00,25.889999389648438,26.43000030517578,25.739999771118164,26.31999969482422,712200,0.0,0.0
2023-07-14 00:00:00-04:00,26.389999389648438,26.420000076293945,25.709999084472656,25.850000381469727,413800,0.0,0.0
2023-07-17 00:00:00-04:00,26.020000457763672,26.540000915527344,25.959999084472656,26.399999618530273,444500,0.0,0.0
2023-07-18 00:00:00-04:00,26.399999618530273,26.979999542236328,26.290000915527344,26.950000762939453,488200,0.0,0.0
2023-07-19 00:00:00-04:00,26.979999542236328,26.979999542236328,26.239999771118164,26.389999389648438,576100,0.0,0.0
2023-07-20 00:00:00-04:00,26.079999923706055,26.309999465942383,25.18000030517578,25.270000457763672,548200,0.0,0.0
2023-07-21 00:00:00-04:00,25.649999618530273,25.649999618530273,25.200000762939453,25.329999923706055,388100,0.0,0.0
2023-07-24 00:00:00-04:00,25.329999923706055,25.639999389648438,25.229999542236328,25.399999618530273,368000,0.0,0.0
2023-07-25 00:00:00-04:00,25.399999618530273,25.860000610351562,25.399999618530273,25.479999542236328,470000,0.0,0.0
2023-07-26 00:00:00-04:00,25.18000030517578,25.469999313354492,25.040000915527344,25.229999542236328,321000,0.0,0.0
2023-07-27 00:00:00-04:00,25.600000381469727,26.0,25.309999465942383,25.43000030517578,495600,0.0,0.0
2023-07-28 00:00:00-04:00,25.940000534057617,26.260000228881836,25.770000457763672,26.229999542236328,474200,0.0,0.0
2023-07-31 00:00:00-04:00,26.200000762939453,26.549999237060547,25.979999542236328,26.450000762939453,443300,0.0,0.0
2023-08-01 00:00:00-04:00,26.079999923706055,26.860000610351562,26.079999923706055,26.739999771118164,410000,0.0,0.0
2023-08-02 00:00:00-04:00,26.420000076293945,26.510000228881836,25.920000076293945,26.079999923706055,462800,0.0,0.0
2023-08-03 00:00:00-04:00,25.84000015258789,26.270000457763672,25.700000762939453,26.010000228881836,337900,0.0,0.0
2023-08-04 00:00:00-04:00,25.829999923706055,26.110000610351562,25.610000610351562,25.790000915527344,391000,0.0,0.0
2023-08-07 00:00:00-04:00,25.989999771118164,26.25,25.850000381469727,26.209999084472656,355200,0.0,0.0
2023-08-08 00:00:00-04:00,25.809999465942383,25.8700008392334,25.3700008392334,25.81999969482422,352000,0.0,0.0
2023-08-09 00:00:00-04:00,25.729999542236328,25.729999542236328,25.030000686645508,25.229999542236328,538400,0.0,0.0
2023-08-10 00:00:00-04:00,25.290000915527344,25.479999542236328,24.43000030517578,24.459999084472656,576200,0.0,0.0
2023-08-11 00:00:00-04:00,24.149999618530273,24.149999618530273,23.139999389648438,23.18000030517578,659700,0.0,0.0
2023-08-14 00:00:00-04:00,23.020000457763672,23.229999542236328,22.770000457763672,23.06999969482422,631500,0.0,0.0
2023-08-15 00:00:00-04:00,23.020000457763672,23.34000015258789,22.90999984741211,23.040000915527344,424300,0.0,0.0
2023-08-16 00:00:00-04:00,23.0,23.059999465942383,22.290000915527344,22.360000610351562,538300,0.0,0.0
2023-08-17 00:00:00-04:00,22.450000762939453,22.450000762939453,21.979999542236328,21.989999771118164,395200,0.0,0.0
2023-08-18 00:00:00-04:00,21.790000915527344,22.399999618530273,21.780000686645508,22.15999984741211,437600,0.0,0.0
2023-08-21 00:00:00-04:00,22.190000534057617,22.790000915527344,22.190000534057617,22.670000076293945,465400,0.0,0.0
2023-08-22 00:00:00-04:00,22.8799991607666,22.8799991607666,22.540000915527344,22.649999618530273,417600,0.0,0.0
2023-08-23 00:00:00-04:00,22.549999237060547,23.219999313354492,22.479999542236328,23.1299991607666,420900,0.0,0.0
2023-08-24 00:00:00-04:00,23.450000762939453,23.489999771118164,22.530000686645508,22.600000381469727,424300,0.0,0.0
2023-08-25 00:00:00-04:00,22.59000015258789,22.809999465942383,22.190000534057617,22.530000686645508,716800,0.0,0.0
2023-08-28 00:00:00-04:00,22.770000457763672,23.299999237060547,22.579999923706055,22.959999084472656,497500,0.0,0.0
2023-08-29 00:00:00-04:00,22.809999465942383,23.530000686645508,22.649999618530273,23.469999313354492,769700,0.0,0.0
2023-08-30 00:00:00-04:00,23.40999984741211,23.93000030517578,23.110000610351562,23.729999542236328,496600,0.0,0.0
2023-08-31 00:00:00-04:00,23.559999465942383,23.979999542236328,23.559999465942383,23.760000228881836,582700,0.0,0.0
2023-09-01 00:00:00-04:00,23.8799991607666,24.299999237060547,23.670000076293945,24.190000534057617,464300,0.0,0.0
2023-09-05 00:00:00-04:00,24.0,24.049999237060547,23.34000015258789,23.5,761100,0.0,0.0
2023-09-06 00:00:00-04:00,20.170000076293945,21.969999313354492,18.1200008392334,21.90999984741211,1755900,0.0,0.0
2023-09-07 00:00:00-04:00,21.559999465942383,21.559999465942383,20.43000030517578,20.610000610351562,918600,0.0,0.0
2023-09-08 00:00:00-04:00,20.5,20.56999969482422,19.920000076293945,20.0,730900,0.0,0.0
2023-09-11 00:00:00-04:00,20.280000686645508,20.280000686645508,19.75,20.06999969482422,682700,0.0,0.0
2023-09-12 00:00:00-04:00,19.959999084472656,20.200000762939453,19.790000915527344,19.989999771118164,534600,0.0,0.0
2023-09-13 00:00:00-04:00,19.989999771118164,20.200000762939453,19.709999084472656,19.950000762939453,632600,0.0,0.0
2023-09-14 00:00:00-04:00,20.06999969482422,20.469999313354492,19.8799991607666,20.450000762939453,490100,0.0,0.0
2023-09-15 00:00:00-04:00,20.280000686645508,20.299999237060547,19.350000381469727,19.469999313354492,1281600,0.0,0.0
2023-09-18 00:00:00-04:00,19.420000076293945,20.280000686645508,19.399999618530273,20.110000610351562,678000,0.0,0.0
2023-09-19 00:00:00-04:00,20.049999237060547,20.100000381469727,19.709999084472656,19.860000610351562,439100,0.0,0.0
2023-09-20 00:00:00-04:00,20.020000457763672,20.1200008392334,19.40999984741211,19.420000076293945,505200,0.0,0.0
2023-09-21 00:00:00-04:00,19.170000076293945,19.420000076293945,19.1299991607666,19.200000762939453,589800,0.0,0.0
2023-09-22 00:00:00-04:00,19.34000015258789,19.489999771118164,19.229999542236328,19.329999923706055,338100,0.0,0.0
2023-09-25 00:00:00-04:00,19.15999984741211,19.420000076293945,19.040000915527344,19.350000381469727,401000,0.0,0.0
2023-09-26 00:00:00-04:00,19.139999389648438,19.209999084472656,19.030000686645508,19.1299991607666,341500,0.0,0.0
2023-09-27 00:00:00-04:00,19.3700008392334,19.93000030517578,19.360000610351562,19.729999542236328,524900,0.0,0.0
2023-09-28 00:00:00-04:00,19.68000030517578,20.5,19.6299991607666,20.360000610351562,620500,0.0,0.0
2023-09-29 00:00:00-04:00,20.6299991607666,20.6299991607666,20.049999237060547,20.209999084472656,599100,0.0,0.0
2023-10-02 00:00:00-04:00,20.18000030517578,20.450000762939453,20.010000228881836,20.309999465942383,728200,0.0,0.0
2023-10-03 00:00:00-04:00,20.139999389648438,20.299999237060547,19.770000457763672,19.959999084472656,595500,0.0,0.0
2023-10-04 00:00:00-04:00,20.010000228881836,20.360000610351562,19.860000610351562,20.260000228881836,363600,0.0,0.0
2023-10-05 00:00:00-04:00,20.190000534057617,20.299999237060547,19.950000762939453,20.149999618530273,558900,0.0,0.0
2023-10-06 00:00:00-04:00,20.040000915527344,20.790000915527344,20.040000915527344,20.68000030517578,682000,0.0,0.0
2023-10-09 00:00:00-04:00,20.360000610351562,20.3799991607666,19.989999771118164,20.219999313354492,486500,0.0,0.0
2023-10-10 00:00:00-04:00,20.219999313354492,20.75,19.850000381469727,20.540000915527344,867500,0.0,0.0
2023-10-11 00:00:00-04:00,20.700000762939453,21.049999237060547,20.559999465942383,20.729999542236328,508600,0.0,0.0
2023-10-12 00:00:00-04:00,20.770000457763672,21.219999313354492,20.739999771118164,21.030000686645508,439100,0.0,0.0
2023-10-13 00:00:00-04:00,21.040000915527344,21.1299991607666,20.1299991607666,20.280000686645508,576000,0.0,0.0
2023-10-16 00:00:00-04:00,20.360000610351562,20.6299991607666,20.239999771118164,20.469999313354492,392500,0.0,0.0
2023-10-17 00:00:00-04:00,20.1200008392334,20.610000610351562,19.850000381469727,20.59000015258789,521700,0.0,0.0
2023-10-18 00:00:00-04:00,20.200000762939453,20.420000076293945,20.040000915527344,20.260000228881836,418900,0.0,0.0
2023-10-19 00:00:00-04:00,20.209999084472656,20.280000686645508,19.309999465942383,19.40999984741211,513500,0.0,0.0
2023-10-20 00:00:00-04:00,19.670000076293945,19.809999465942383,19.09000015258789,19.1299991607666,736300,0.0,0.0
2023-10-23 00:00:00-04:00,19.040000915527344,19.25,18.610000610351562,18.760000228881836,532100,0.0,0.0
2023-10-24 00:00:00-04:00,18.940000534057617,19.3700008392334,18.8700008392334,19.239999771118164,337100,0.0,0.0
2023-10-25 00:00:00-04:00,18.940000534057617,19.0,18.6200008392334,18.75,330800,0.0,0.0
2023-10-26 00:00:00-04:00,18.809999465942383,19.200000762939453,18.700000762939453,18.75,322700,0.0,0.0
2023-10-27 00:00:00-04:00,18.829999923706055,18.850000381469727,18.489999771118164,18.6200008392334,358600,0.0,0.0
2023-10-30 00:00:00-04:00,18.68000030517578,18.739999771118164,18.110000610351562,18.200000762939453,263700,0.0,0.0
2023-10-31 00:00:00-04:00,18.149999618530273,18.40999984741211,18.030000686645508,18.360000610351562,380400,0.0,0.0
2023-11-01 00:00:00-04:00,18.280000686645508,18.530000686645508,18.110000610351562,18.520000457763672,357600,0.0,0.0
2023-11-02 00:00:00-04:00,18.899999618530273,19.149999618530273,18.56999969482422,19.1299991607666,477800,0.0,0.0
2023-11-03 00:00:00-04:00,19.399999618530273,20.079999923706055,19.399999618530273,19.81999969482422,394800,0.0,0.0
2023-11-06 00:00:00-05:00,19.829999923706055,19.90999984741211,19.450000762939453,19.81999969482422,307000,0.0,0.0
2023-11-07 00:00:00-05:00,19.690000534057617,19.860000610351562,19.549999237060547,19.6299991607666,352500,0.0,0.0
2023-11-08 00:00:00-05:00,19.709999084472656,19.739999771118164,19.479999542236328,19.59000015258789,970800,0.0,0.0
2023-11-09 00:00:00-05:00,19.75,19.8700008392334,19.40999984741211,19.479999542236328,233800,0.0,0.0
2023-11-10 00:00:00-05:00,19.6200008392334,20.399999618530273,19.530000686645508,20.239999771118164,390800,0.0,0.0
2023-11-13 00:00:00-05:00,20.059999465942383,20.350000381469727,19.940000534057617,20.110000610351562,270200,0.0,0.0
2023-11-14 00:00:00-05:00,20.59000015258789,21.309999465942383,20.450000762939453,21.290000915527344,451700,0.0,0.0
2023-11-15 00:00:00-05:00,21.3799991607666,21.81999969482422,21.350000381469727,21.75,598100,0.0,0.0
2023-11-16 00:00:00-05:00,21.68000030517578,21.850000381469727,21.530000686645508,21.739999771118164,463800,0.0,0.0
2023-11-17 00:00:00-05:00,21.700000762939453,21.81999969482422,21.530000686645508,21.75,405900,0.0,0.0
2023-11-20 00:00:00-05:00,21.690000534057617,22.030000686645508,21.690000534057617,21.75,306100,0.0,0.0
2023-11-21 00:00:00-05:00,21.530000686645508,21.709999084472656,21.149999618530273,21.309999465942383,312400,0.0,0.0
2023-11-22 00:00:00-05:00,21.489999771118164,21.809999465942383,21.360000610351562,21.43000030517578,186700,0.0,0.0
2023-11-24 00:00:00-05:00,21.389999389648438,21.520000457763672,21.3700008392334,21.3700008392334,97200,0.0,0.0
2023-11-27 00:00:00-05:00,21.18000030517578,21.68000030517578,21.049999237060547,21.59000015258789,252700,0.0,0.0
2023-11-28 00:00:00-05:00,21.459999084472656,21.459999084472656,20.989999771118164,21.1200008392334,301200,0.0,0.0
2023-11-29 00:00:00-05:00,21.56999969482422,21.700000762939453,21.1299991607666,21.139999389648438,525900,0.0,0.0
2023-11-30 00:00:00-05:00,21.1299991607666,21.170000076293945,20.8799991607666,21.1299991607666,392500,0.0,0.0
2023-12-01 00:00:00-05:00,21.0,21.270000457763672,20.809999465942383,21.190000534057617,313000,0.0,0.0
2023-12-04 00:00:00-05:00,20.850000381469727,21.020000457763672,20.450000762939453,20.959999084472656,302600,0.0,0.0
2023-12-05 00:00:00-05:00,20.780000686645508,20.84000015258789,20.440000534057617,20.65999984741211,341500,0.0,0.0
2023-12-06 00:00:00-05:00,21.030000686645508,21.18000030517578,20.5,20.510000228881836,296800,0.0,0.0
2023-12-07 00:00:00-05:00,20.600000381469727,20.920000076293945,20.469999313354492,20.90999984741211,348300,0.0,0.0
2023-12-08 00:00:00-05:00,20.8700008392334,21.209999084472656,20.809999465942383,20.8799991607666,291100,0.0,0.0
2023-12-11 00:00:00-05:00,21.040000915527344,21.829999923706055,21.040000915527344,21.809999465942383,434900,0.0,0.0
2023-12-12 00:00:00-05:00,21.780000686645508,21.8700008392334,21.5,21.6299991607666,517300,0.0,0.0
2023-12-13 00:00:00-05:00,23.8799991607666,26.389999389648438,23.3700008392334,26.239999771118164,2494600,0.0,0.0
2023-12-14 00:00:00-05:00,26.84000015258789,29.229999542236328,26.84000015258789,29.09000015258789,1252500,0.0,0.0
2023-12-15 00:00:00-05:00,29.170000076293945,29.940000534057617,29.170000076293945,29.510000228881836,1967700,0.0,0.0
2023-12-18 00:00:00-05:00,29.670000076293945,29.670000076293945,28.329999923706055,29.1200008392334,738400,0.0,0.0
2023-12-19 00:00:00-05:00,29.260000228881836,30.850000381469727,29.1299991607666,30.600000381469727,831900,0.0,0.0
2023-12-20 00:00:00-05:00,30.350000381469727,30.979999542236328,29.520000457763672,29.549999237060547,713100,0.0,0.0
2023-12-21 00:00:00-05:00,30.329999923706055,30.739999771118164,29.670000076293945,30.68000030517578,421400,0.0,0.0
2023-12-22 00:00:00-05:00,30.979999542236328,31.450000762939453,30.3700008392334,31.260000228881836,452500,0.0,0.0
2023-12-26 00:00:00-05:00,31.40999984741211,32.5,31.31999969482422,32.38999938964844,419300,0.0,0.0
2023-12-27 00:00:00-05:00,32.54999923706055,32.599998474121094,32.09000015258789,32.43000030517578,574300,0.0,0.0
2023-12-28 00:00:00-05:00,32.45000076293945,32.54999923706055,31.969999313354492,32.0099983215332,387100,0.0,0.0
2023-12-29 00:00:00-05:00,32.0,32.209999084472656,31.299999237060547,31.3700008392334,711300,0.0,0.0
2024-01-02 00:00:00-05:00,30.8700008392334,31.170000076293945,30.440000534057617,30.860000610351562,574700,0.0,0.0
2024-01-03 00:00:00-05:00,29.959999084472656,30.790000915527344,29.389999389648438,29.770000457763672,796300,0.0,0.0
2024-01-04 00:00:00-05:00,29.600000381469727,29.709999084472656,28.950000762939453,29.040000915527344,634400,0.0,0.0
2024-01-05 00:00:00-05:00,28.8700008392334,29.290000915527344,28.56999969482422,28.780000686645508,575800,0.0,0.0
2024-01-08 00:00:00-05:00,29.09000015258789,29.799999237060547,28.8700008392334,29.56999969482422,532900,0.0,0.0
2024-01-09 00:00:00-05:00,28.940000534057617,30.079999923706055,28.8700008392334,29.760000228881836,454000,0.0,0.0
2024-01-10 00:00:00-05:00,29.760000228881836,30.030000686645508,29.25,29.489999771118164,589000,0.0,0.0
2024-01-11 00:00:00-05:00,29.440000534057617,29.780000686645508,28.309999465942383,29.110000610351562,512800,0.0,0.0
2024-01-12 00:00:00-05:00,29.270000457763672,29.350000381469727,28.600000381469727,28.989999771118164,376500,0.0,0.0
2024-01-16 00:00:00-05:00,28.8700008392334,29.770000457763672,28.670000076293945,29.59000015258789,504200,0.0,0.0
2024-01-17 00:00:00-05:00,29.010000228881836,29.049999237060547,28.059999465942383,28.600000381469727,406200,0.0,0.0
2024-01-18 00:00:00-05:00,29.6299991607666,29.719999313354492,29.059999465942383,29.280000686645508,489800,0.0,0.0
2024-01-19 00:00:00-05:00,29.889999389648438,31.209999084472656,29.540000915527344,31.110000610351562,782300,0.0,0.0
2024-01-22 00:00:00-05:00,31.75,32.290000915527344,31.350000381469727,32.119998931884766,840500,0.0,0.0
2024-01-23 00:00:00-05:00,32.34000015258789,32.959999084472656,31.540000915527344,32.060001373291016,742300,0.0,0.0
2024-01-24 00:00:00-05:00,32.68000030517578,32.79999923706055,31.209999084472656,31.25,702500,0.0,0.0
2024-01-25 00:00:00-05:00,31.43000030517578,32.029998779296875,30.670000076293945,31.079999923706055,461400,0.0,0.0
2024-01-26 00:00:00-05:00,30.75,30.979999542236328,29.760000228881836,30.139999389648438,422100,0.0,0.0
2024-01-29 00:00:00-05:00,30.309999465942383,30.56999969482422,29.899999618530273,30.440000534057617,422400,0.0,0.0
2024-01-30 00:00:00-05:00,30.389999389648438,30.850000381469727,29.760000228881836,30.020000457763672,365100,0.0,0.0
2024-01-31 00:00:00-05:00,29.299999237060547,30.149999618530273,29.020000457763672,29.219999313354492,369500,0.0,0.0
2024-02-01 00:00:00-05:00,29.75,30.420000076293945,29.549999237060547,30.3799991607666,580300,0.0,0.0
2024-02-02 00:00:00-05:00,30.209999084472656,30.959999084472656,30.100000381469727,30.639999389648438,466500,0.0,0.0
2024-02-05 00:00:00-05:00,30.639999389648438,31.8700008392334,30.639999389648438,31.469999313354492,620000,0.0,0.0
2024-02-06 00:00:00-05:00,31.559999465942383,31.809999465942383,29.59000015258789,30.790000915527344,650200,0.0,0.0
2024-02-07 00:00:00-05:00,30.8700008392334,31.219999313354492,30.489999771118164,30.530000686645508,437100,0.0,0.0
2024-02-08 00:00:00-05:00,30.469999313354492,32.04999923706055,30.469999313354492,31.6200008392334,578400,0.0,0.0
2024-02-09 00:00:00-05:00,32.09000015258789,32.849998474121094,31.729999542236328,32.540000915527344,523500,0.0,0.0
2024-02-12 00:00:00-05:00,32.63999938964844,34.15999984741211,32.45000076293945,33.47999954223633,794800,0.0,0.0
2024-02-13 00:00:00-05:00,31.950000762939453,32.33000183105469,31.34000015258789,31.5,711700,0.0,0.0
2024-02-14 00:00:00-05:00,32.20000076293945,33.43000030517578,32.20000076293945,33.20000076293945,762100,0.0,0.0
2024-02-15 00:00:00-05:00,33.58000183105469,34.0,33.04999923706055,33.84000015258789,919200,0.0,0.0
2024-02-16 00:00:00-05:00,34.06999969482422,34.130001068115234,32.869998931884766,33.41999816894531,914200,0.0,0.0
2024-02-20 00:00:00-05:00,32.650001525878906,32.83000183105469,31.049999237060547,31.219999313354492,835300,0.0,0.0
2024-02-21 00:00:00-05:00,28.0,28.0,25.31999969482422,26.8799991607666,1877300,0.0,0.0
2024-02-22 00:00:00-05:00,28.0,28.110000610351562,26.75,26.770000457763672,1137200,0.0,0.0
2024-02-23 00:00:00-05:00,27.149999618530273,28.420000076293945,27.020000457763672,28.010000228881836,1157200,0.0,0.0
2024-02-26 00:00:00-05:00,28.25,28.739999771118164,27.979999542236328,28.360000610351562,787300,0.0,0.0
2024-02-27 00:00:00-05:00,28.489999771118164,28.649999618530273,27.40999984741211,27.520000457763672,863400,0.0,0.0
2024-02-28 00:00:00-05:00,27.100000381469727,28.280000686645508,26.8799991607666,27.8700008392334,588100,0.0,0.0
2024-02-29 00:00:00-05:00,28.5,28.959999084472656,28.350000381469727,28.790000915527344,1392100,0.0,0.0
2024-03-01 00:00:00-05:00,29.010000228881836,30.030000686645508,28.600000381469727,29.690000534057617,633500,0.0,0.0
2024-03-04 00:00:00-05:00,30.270000457763672,30.489999771118164,29.200000762939453,29.31999969482422,568900,0.0,0.0
2024-03-05 00:00:00-05:00,28.799999237060547,29.420000076293945,28.040000915527344,28.459999084472656,583300,0.0,0.0
2024-03-06 00:00:00-05:00,29.3799991607666,29.649999618530273,28.56999969482422,29.1299991607666,524000,0.0,0.0
2024-03-07 00:00:00-05:00,29.43000030517578,30.299999237060547,29.43000030517578,29.850000381469727,456000,0.0,0.0
2024-03-08 00:00:00-05:00,29.989999771118164,30.280000686645508,28.65999984741211,28.860000610351562,570600,0.0,0.0
2024-03-11 00:00:00-04:00,28.399999618530273,29.040000915527344,28.059999465942383,28.969999313354492,432100,0.0,0.0
2024-03-12 00:00:00-04:00,29.190000534057617,29.579999923706055,28.75,29.520000457763672,327000,0.0,0.0
2024-03-13 00:00:00-04:00,29.43000030517578,29.649999618530273,29.190000534057617,29.479999542236328,488400,0.0,0.0
2024-03-14 00:00:00-04:00,29.450000762939453,29.719999313354492,28.299999237060547,28.579999923706055,493000,0.0,0.0
2024-03-15 00:00:00-04:00,28.15999984741211,28.459999084472656,27.65999984741211,27.8799991607666,1100500,0.0,0.0
2024-03-18 00:00:00-04:00,28.239999771118164,28.360000610351562,27.860000610351562,27.940000534057617,528100,0.0,0.0
2024-03-19 00:00:00-04:00,27.399999618530273,27.889999389648438,26.969999313354492,27.729999542236328,406100,0.0,0.0
2024-03-20 00:00:00-04:00,27.639999389648438,28.760000228881836,27.469999313354492,28.540000915527344,362600,0.0,0.0
2024-03-21 00:00:00-04:00,29.299999237060547,30.040000915527344,29.139999389648438,29.34000015258789,522900,0.0,0.0
2024-03-22 00:00:00-04:00,29.170000076293945,29.309999465942383,28.719999313354492,28.799999237060547,319000,0.0,0.0
2024-03-25 00:00:00-04:00,28.670000076293945,28.670000076293945,28.309999465942383,28.34000015258789,263200,0.0,0.0
2024-03-26 00:00:00-04:00,28.56999969482422,28.700000762939453,27.920000076293945,28.1299991607666,331400,0.0,0.0
2024-03-27 00:00:00-04:00,28.489999771118164,28.780000686645508,28.049999237060547,28.770000457763672,458200,0.0,0.0
2024-03-28 00:00:00-04:00,28.739999771118164,28.739999771118164,28.0,28.31999969482422,825800,0.0,0.0
2024-04-01 00:00:00-04:00,28.31999969482422,29.110000610351562,28.149999618530273,28.780000686645508,314300,0.0,0.0
2024-04-02 00:00:00-04:00,28.100000381469727,28.15999984741211,27.209999084472656,27.940000534057617,508300,0.0,0.0
2024-04-03 00:00:00-04:00,27.510000228881836,28.600000381469727,27.5,28.489999771118164,260400,0.0,0.0
2024-04-04 00:00:00-04:00,29.110000610351562,29.1200008392334,27.549999237060547,27.889999389648438,313200,0.0,0.0
2024-04-05 00:00:00-04:00,27.899999618530273,28.389999389648438,27.709999084472656,28.209999084472656,354100,0.0,0.0
2024-04-08 00:00:00-04:00,28.5,28.700000762939453,28.18000030517578,28.3700008392334,190500,0.0,0.0
2024-04-09 00:00:00-04:00,28.760000228881836,29.06999969482422,28.399999618530273,29.049999237060547,244000,0.0,0.0
2024-04-10 00:00:00-04:00,28.100000381469727,28.600000381469727,27.68000030517578,28.010000228881836,362600,0.0,0.0
2024-04-11 00:00:00-04:00,28.110000610351562,28.770000457763672,27.979999542236328,28.68000030517578,315100,0.0,0.0
2024-04-12 00:00:00-04:00,28.149999618530273,28.229999542236328,27.440000534057617,27.6299991607666,334800,0.0,0.0
2024-04-15 00:00:00-04:00,27.739999771118164,28.030000686645508,27.059999465942383,27.290000915527344,241200,0.0,0.0
2024-04-16 00:00:00-04:00,27.049999237060547,27.3700008392334,26.700000762939453,27.139999389648438,251400,0.0,0.0
2024-04-17 00:00:00-04:00,27.3799991607666,27.43000030517578,26.459999084472656,26.520000457763672,297600,0.0,0.0
2024-04-18 00:00:00-04:00,26.31999969482422,26.719999313354492,25.860000610351562,26.09000015258789,318800,0.0,0.0
2024-04-19 00:00:00-04:00,25.829999923706055,26.25,25.0,25.31999969482422,429600,0.0,0.0
2024-04-22 00:00:00-04:00,25.56999969482422,25.84000015258789,25.209999084472656,25.68000030517578,323300,0.0,0.0
2024-04-23 00:00:00-04:00,25.940000534057617,27.479999542236328,25.829999923706055,26.959999084472656,406600,0.0,0.0
2024-04-24 00:00:00-04:00,27.469999313354492,27.799999237060547,26.860000610351562,27.510000228881836,320600,0.0,0.0
2024-04-25 00:00:00-04:00,26.989999771118164,27.889999389648438,26.989999771118164,27.760000228881836,279800,0.0,0.0
2024-04-26 00:00:00-04:00,27.8700008392334,28.3799991607666,27.799999237060547,28.280000686645508,255900,0.0,0.0
2024-04-29 00:00:00-04:00,28.34000015258789,28.579999923706055,27.950000762939453,28.579999923706055,239500,0.0,0.0
2024-04-30 00:00:00-04:00,28.40999984741211,28.479999542236328,27.3799991607666,27.40999984741211,322900,0.0,0.0
2024-05-01 00:00:00-04:00,26.510000228881836,28.0,26.229999542236328,26.90999984741211,491900,0.0,0.0
2024-05-02 00:00:00-04:00,27.3700008392334,28.229999542236328,27.079999923706055,28.139999389648438,317300,0.0,0.0
2024-05-03 00:00:00-04:00,29.0,29.1299991607666,28.540000915527344,28.780000686645508,350400,0.0,0.0
2024-05-06 00:00:00-04:00,28.940000534057617,29.399999618530273,28.889999389648438,29.030000686645508,252500,0.0,0.0
2024-05-07 00:00:00-04:00,29.1200008392334,29.639999389648438,28.989999771118164,29.020000457763672,294400,0.0,0.0
2024-05-08 00:00:00-04:00,28.540000915527344,29.3799991607666,28.540000915527344,29.3799991607666,242700,0.0,0.0
2024-05-09 00:00:00-04:00,29.5,29.520000457763672,29.049999237060547,29.329999923706055,228100,0.0,0.0
2024-05-10 00:00:00-04:00,29.510000228881836,29.780000686645508,28.850000381469727,28.920000076293945,204700,0.0,0.0
2024-05-13 00:00:00-04:00,29.139999389648438,29.3799991607666,28.93000030517578,29.0,172500,0.0,0.0
2024-05-14 00:00:00-04:00,29.1299991607666,29.290000915527344,28.770000457763672,29.100000381469727,214900,0.0,0.0
2024-05-15 00:00:00-04:00,29.5,29.59000015258789,28.979999542236328,29.31999969482422,215100,0.0,0.0
2024-05-16 00:00:00-04:00,29.260000228881836,29.290000915527344,28.59000015258789,28.610000610351562,294200,0.0,0.0
2024-05-17 00:00:00-04:00,28.899999618530273,28.899999618530273,28.350000381469727,28.639999389648438,276600,0.0,0.0
2024-05-20 00:00:00-04:00,28.639999389648438,29.510000228881836,28.639999389648438,28.93000030517578,274400,0.0,0.0
2024-05-21 00:00:00-04:00,28.610000610351562,28.65999984741211,28.049999237060547,28.260000228881836,360500,0.0,0.0
2024-05-22 00:00:00-04:00,23.6299991607666,26.670000076293945,23.549999237060547,26.31999969482422,1767000,0.0,0.0
2024-05-23 00:00:00-04:00,26.309999465942383,27.350000381469727,25.540000915527344,25.739999771118164,856900,0.0,0.0
2024-05-24 00:00:00-04:00,26.139999389648438,26.780000686645508,26.010000228881836,26.3799991607666,467500,0.0,0.0
2024-05-28 00:00:00-04:00,26.90999984741211,27.350000381469727,26.280000686645508,27.290000915527344,702700,0.0,0.0
2024-05-29 00:00:00-04:00,27.06999969482422,27.389999389648438,26.68000030517578,26.719999313354492,741100,0.0,0.0
2024-05-30 00:00:00-04:00,26.860000610351562,27.709999084472656,26.729999542236328,27.110000610351562,402600,0.0,0.0
2024-05-31 00:00:00-04:00,27.1299991607666,27.489999771118164,26.209999084472656,27.350000381469727,553900,0.0,0.0
2024-06-03 00:00:00-04:00,27.81999969482422,27.81999969482422,26.709999084472656,26.90999984741211,432800,0.0,0.0
2024-06-04 00:00:00-04:00,26.739999771118164,26.799999237060547,26.229999542236328,26.389999389648438,585700,0.0,0.0
2024-06-05 00:00:00-04:00,26.8700008392334,26.90999984741211,26.190000534057617,26.479999542236328,696600,0.0,0.0
2024-06-06 00:00:00-04:00,26.280000686645508,26.309999465942383,25.579999923706055,25.90999984741211,489700,0.0,0.0
2024-06-07 00:00:00-04:00,25.510000228881836,25.940000534057617,25.389999389648438,25.729999542236328,356000,0.0,0.0
2024-06-10 00:00:00-04:00,25.280000686645508,26.219999313354492,25.280000686645508,26.079999923706055,386600,0.0,0.0
2024-06-11 00:00:00-04:00,25.860000610351562,26.079999923706055,25.440000534057617,25.979999542236328,278600,0.0,0.0
2024-06-12 00:00:00-04:00,26.979999542236328,27.290000915527344,26.34000015258789,26.559999465942383,370700,0.0,0.0
2024-06-13 00:00:00-04:00,24.899999618530273,26.1200008392334,24.760000228881836,25.309999465942383,523200,0.0,0.0
2024-06-14 00:00:00-04:00,24.940000534057617,24.989999771118164,24.479999542236328,24.59000015258789,548800,0.0,0.0
2024-06-17 00:00:00-04:00,24.59000015258789,25.170000076293945,24.170000076293945,25.139999389648438,548200,0.0,0.0
2024-06-18 00:00:00-04:00,25.170000076293945,25.3799991607666,24.8799991607666,24.93000030517578,361300,0.0,0.0
2024-06-20 00:00:00-04:00,24.639999389648438,24.889999389648438,24.299999237060547,24.459999084472656,338200,0.0,0.0
2024-06-21 00:00:00-04:00,24.399999618530273,25.020000457763672,24.149999618530273,24.940000534057617,1331400,0.0,0.0
2024-06-24 00:00:00-04:00,24.850000381469727,24.93000030517578,24.440000534057617,24.469999313354492,362900,0.0,0.0
2024-06-25 00:00:00-04:00,24.510000228881836,24.719999313354492,24.209999084472656,24.639999389648438,335100,0.0,0.0
2024-06-26 00:00:00-04:00,24.43000030517578,24.8700008392334,24.43000030517578,24.68000030517578,352100,0.0,0.0
2024-06-27 00:00:00-04:00,24.770000457763672,24.940000534057617,24.459999084472656,24.780000686645508,285000,0.0,0.0
2024-06-28 00:00:00-04:00,25.0,25.649999618530273,24.610000610351562,24.670000076293945,2710100,0.0,0.0
2024-07-01 00:00:00-04:00,24.729999542236328,24.959999084472656,24.360000610351562,24.479999542236328,632600,0.0,0.0
2024-07-02 00:00:00-04:00,24.43000030517578,25.31999969482422,24.43000030517578,25.190000534057617,471000,0.0,0.0
2024-07-03 00:00:00-04:00,25.469999313354492,25.639999389648438,24.959999084472656,25.170000076293945,192000,0.0,0.0
2024-07-05 00:00:00-04:00,25.239999771118164,25.579999923706055,24.90999984741211,25.479999542236328,408500,0.0,0.0
2024-07-08 00:00:00-04:00,25.8700008392334,26.149999618530273,25.739999771118164,25.899999618530273,409800,0.0,0.0
2024-07-09 00:00:00-04:00,25.8700008392334,25.920000076293945,25.270000457763672,25.34000015258789,427500,0.0,0.0
2024-07-10 00:00:00-04:00,25.559999465942383,25.829999923706055,25.40999984741211,25.799999237060547,268700,0.0,0.0
2024-07-11 00:00:00-04:00,26.389999389648438,26.389999389648438,25.84000015258789,26.09000015258789,333400,0.0,0.0
2024-07-12 00:00:00-04:00,26.389999389648438,27.049999237060547,26.079999923706055,26.530000686645508,341800,0.0,0.0
2024-07-15 00:00:00-04:00,26.68000030517578,27.469999313354492,26.389999389648438,26.90999984741211,455900,0.0,0.0
2024-07-16 00:00:00-04:00,27.15999984741211,28.049999237060547,27.1299991607666,27.989999771118164,378100,0.0,0.0
2024-07-17 00:00:00-04:00,27.260000228881836,27.8700008392334,26.610000610351562,26.709999084472656,461300,0.0,0.0
2024-07-18 00:00:00-04:00,26.950000762939453,27.219999313354492,26.020000457763672,26.34000015258789,368300,0.0,0.0
2024-07-19 00:00:00-04:00,26.399999618530273,26.5,25.729999542236328,25.81999969482422,303700,0.0,0.0
2024-07-22 00:00:00-04:00,26.219999313354492,27.139999389648438,26.010000228881836,27.1200008392334,353300,0.0,0.0
2024-07-23 00:00:00-04:00,26.93000030517578,27.6200008392334,26.719999313354492,27.31999969482422,385400,0.0,0.0
2024-07-24 00:00:00-04:00,27.09000015258789,27.280000686645508,25.459999084472656,25.510000228881836,436500,0.0,0.0
2024-07-25 00:00:00-04:00,25.31999969482422,26.15999984741211,24.6299991607666,25.219999313354492,644100,0.0,0.0
2024-07-26 00:00:00-04:00,25.969999313354492,26.229999542236328,24.8799991607666,25.6200008392334,650400,0.0,0.0
2024-07-29 00:00:00-04:00,25.84000015258789,26.420000076293945,25.1200008392334,25.200000762939453,365300,0.0,0.0
2024-07-30 00:00:00-04:00,25.1299991607666,25.31999969482422,24.260000228881836,24.3799991607666,510200,0.0,0.0
2024-07-31 00:00:00-04:00,24.90999984741211,25.829999923706055,24.690000534057617,25.40999984741211,485700,0.0,0.0
2024-08-01 00:00:00-04:00,25.25,25.59000015258789,23.25,23.489999771118164,508700,0.0,0.0
2024-08-02 00:00:00-04:00,22.489999771118164,22.709999084472656,21.540000915527344,22.049999237060547,780700,0.0,0.0
2024-08-05 00:00:00-04:00,20.299999237060547,21.700000762939453,20.25,21.059999465942383,660400,0.0,0.0
2024-08-06 00:00:00-04:00,21.170000076293945,21.56999969482422,20.670000076293945,21.059999465942383,539200,0.0,0.0
2024-08-07 00:00:00-04:00,21.829999923706055,21.940000534057617,20.6200008392334,20.780000686645508,517900,0.0,0.0
2024-08-08 00:00:00-04:00,21.200000762939453,21.979999542236328,20.959999084472656,21.979999542236328,381100,0.0,0.0
2024-08-09 00:00:00-04:00,21.739999771118164,22.010000228881836,21.469999313354492,21.6299991607666,430200,0.0,0.0
2024-08-12 00:00:00-04:00,21.59000015258789,21.920000076293945,21.3799991607666,21.899999618530273,323400,0.0,0.0
2024-08-13 00:00:00-04:00,22.15999984741211,22.799999237060547,21.989999771118164,22.780000686645508,257300,0.0,0.0
2024-08-14 00:00:00-04:00,22.959999084472656,22.959999084472656,22.40999984741211,22.65999984741211,343400,0.0,0.0
2024-08-15 00:00:00-04:00,23.389999389648438,23.969999313354492,23.09000015258789,23.899999618530273,458600,0.0,0.0
2024-08-16 00:00:00-04:00,23.770000457763672,24.239999771118164,23.290000915527344,23.799999237060547,431300,0.0,0.0
2024-08-19 00:00:00-04:00,23.799999237060547,23.84000015258789,23.450000762939453,23.760000228881836,306700,0.0,0.0
2024-08-20 00:00:00-04:00,23.690000534057617,23.93000030517578,23.290000915527344,23.479999542236328,495900,0.0,0.0
2024-08-21 00:00:00-04:00,23.84000015258789,24.520000457763672,23.649999618530273,24.5,435800,0.0,0.0
2024-08-22 00:00:00-04:00,24.56999969482422,24.690000534057617,23.940000534057617,23.979999542236328,345600,0.0,0.0
2024-08-23 00:00:00-04:00,24.459999084472656,24.969999313354492,24.09000015258789,24.530000686645508,307200,0.0,0.0
2024-08-26 00:00:00-04:00,24.600000381469727,24.799999237060547,23.68000030517578,23.790000915527344,364400,0.0,0.0
2024-08-27 00:00:00-04:00,23.780000686645508,23.899999618530273,23.360000610351562,23.860000610351562,362800,0.0,0.0
2024-08-28 00:00:00-04:00,23.920000076293945,24.15999984741211,23.6200008392334,24.079999923706055,505200,0.0,0.0
2024-08-29 00:00:00-04:00,22.639999389648438,25.809999465942383,22.610000610351562,24.920000076293945,901200,0.0,0.0
2024-08-30 00:00:00-04:00,25.5,25.950000762939453,25.34000015258789,25.860000610351562,612100,0.0,0.0
2024-09-03 00:00:00-04:00,25.06999969482422,25.200000762939453,23.610000610351562,23.81999969482422,589700,0.0,0.0
2024-09-04 00:00:00-04:00,23.639999389648438,23.81999969482422,23.219999313354492,23.260000228881836,493100,0.0,0.0
2024-09-05 00:00:00-04:00,23.15999984741211,23.350000381469727,22.760000228881836,22.8799991607666,357600,0.0,0.0
2024-09-06 00:00:00-04:00,22.809999465942383,22.8799991607666,21.959999084472656,22.0,416900,0.0,0.0
2024-09-09 00:00:00-04:00,22.06999969482422,22.420000076293945,21.979999542236328,22.09000015258789,538700,0.0,0.0
2024-09-10 00:00:00-04:00,22.06999969482422,22.34000015258789,21.65999984741211,22.260000228881836,370700,0.0,0.0
2024-09-11 00:00:00-04:00,22.299999237060547,22.989999771118164,21.8700008392334,22.950000762939453,409700,0.0,0.0
2024-09-12 00:00:00-04:00,23.0,23.1299991607666,22.520000457763672,22.770000457763672,329300,0.0,0.0
2024-09-13 00:00:00-04:00,23.1200008392334,23.93000030517578,23.010000228881836,23.649999618530273,472700,0.0,0.0
2024-09-16 00:00:00-04:00,23.389999389648438,23.399999618530273,22.8799991607666,23.329999923706055,427600,0.0,0.0
2024-09-17 00:00:00-04:00,23.739999771118164,23.850000381469727,23.1200008392334,23.469999313354492,317700,0.0,0.0
2024-09-18 00:00:00-04:00,23.510000228881836,24.209999084472656,23.110000610351562,23.1200008392334,347900,0.0,0.0
2024-09-19 00:00:00-04:00,24.139999389648438,24.25,23.59000015258789,23.739999771118164,647100,0.0,0.0
2024-09-20 00:00:00-04:00,23.43000030517578,23.600000381469727,23.059999465942383,23.3700008392334,1461600,0.0,0.0
2024-09-23 00:00:00-04:00,23.600000381469727,23.799999237060547,23.25,23.610000610351562,314300,0.0,0.0
2024-09-24 00:00:00-04:00,23.90999984741211,24.299999237060547,23.760000228881836,24.040000915527344,333600,0.0,0.0
2024-09-25 00:00:00-04:00,24.100000381469727,24.190000534057617,23.739999771118164,23.90999984741211,381600,0.0,0.0
2024-09-26 00:00:00-04:00,24.940000534057617,25.15999984741211,24.219999313354492,24.850000381469727,350700,0.0,0.0
2024-09-27 00:00:00-04:00,25.09000015258789,25.110000610351562,24.65999984741211,24.799999237060547,279500,0.0,0.0
2024-09-30 00:00:00-04:00,24.459999084472656,25.059999465942383,24.43000030517578,24.760000228881836,290800,0.0,0.0
2024-10-01 00:00:00-04:00,24.780000686645508,24.799999237060547,23.68000030517578,23.93000030517578,353500,0.0,0.0
2024-10-02 00:00:00-04:00,23.920000076293945,24.530000686645508,23.889999389648438,24.389999389648438,328700,0.0,0.0
2024-10-03 00:00:00-04:00,24.1299991607666,24.8700008392334,24.0,24.25,358800,0.0,0.0
2024-10-04 00:00:00-04:00,25.0,25.0,24.399999618530273,24.59000015258789,250900,0.0,0.0
2024-10-07 00:00:00-04:00,24.399999618530273,24.81999969482422,24.3799991607666,24.559999465942383,454500,0.0,0.0
2024-10-08 00:00:00-04:00,24.510000228881836,24.510000228881836,23.809999465942383,23.940000534057617,447600,0.0,0.0
2024-10-09 00:00:00-04:00,23.780000686645508,24.190000534057617,23.649999618530273,23.84000015258789,435600,0.0,0.0
2024-10-10 00:00:00-04:00,23.5,23.809999465942383,23.200000762939453,23.780000686645508,357400,0.0,0.0
2024-10-11 00:00:00-04:00,23.780000686645508,24.280000686645508,23.780000686645508,24.200000762939453,259600,0.0,0.0
2024-10-14 00:00:00-04:00,24.239999771118164,24.59000015258789,24.110000610351562,24.139999389648438,272700,0.0,0.0
2024-10-15 00:00:00-04:00,24.0,24.520000457763672,23.520000457763672,23.59000015258789,549700,0.0,0.0
2024-10-16 00:00:00-04:00,24.170000076293945,24.170000076293945,23.559999465942383,23.90999984741211,368900,0.0,0.0
2024-10-17 00:00:00-04:00,24.350000381469727,24.450000762939453,23.780000686645508,23.799999237060547,320600,0.0,0.0
2024-10-18 00:00:00-04:00,24.0,24.030000686645508,23.540000915527344,23.739999771118164,738700,0.0,0.0
2024-10-21 00:00:00-04:00,23.729999542236328,23.799999237060547,23.3700008392334,23.459999084472656,556100,0.0,0.0
2024-10-22 00:00:00-04:00,23.440000534057617,23.56999969482422,23.260000228881836,23.540000915527344,439600,0.0,0.0
2024-10-23 00:00:00-04:00,23.440000534057617,23.670000076293945,22.959999084472656,23.309999465942383,294700,0.0,0.0
2024-10-24 00:00:00-04:00,23.43000030517578,23.479999542236328,23.020000457763672,23.190000534057617,316400,0.0,0.0
2024-10-25 00:00:00-04:00,23.360000610351562,23.799999237060547,23.360000610351562,23.600000381469727,219000,0.0,0.0
2024-10-28 00:00:00-04:00,23.639999389648438,24.219999313354492,23.600000381469727,23.920000076293945,326800,0.0,0.0
2024-10-29 00:00:00-04:00,23.90999984741211,24.229999542236328,23.889999389648438,24.170000076293945,319600,0.0,0.0
2024-10-30 00:00:00-04:00,23.809999465942383,24.260000228881836,23.700000762939453,23.739999771118164,292300,0.0,0.0
2024-10-31 00:00:00-04:00,23.729999542236328,23.739999771118164,22.799999237060547,22.799999237060547,290400,0.0,0.0
2024-11-01 00:00:00-04:00,22.950000762939453,23.420000076293945,22.950000762939453,23.18000030517578,360900,0.0,0.0
2024-11-04 00:00:00-05:00,23.020000457763672,23.530000686645508,22.8799991607666,23.020000457763672,292400,0.0,0.0
2024-11-05 00:00:00-05:00,23.040000915527344,24.149999618530273,23.040000915527344,24.0,355200,0.0,0.0
2024-11-06 00:00:00-05:00,24.959999084472656,25.520000457763672,24.459999084472656,25.270000457763672,618900,0.0,0.0
2024-11-07 00:00:00-05:00,25.420000076293945,26.299999237060547,25.389999389648438,25.950000762939453,416900,0.0,0.0
2024-11-08 00:00:00-05:00,25.770000457763672,25.959999084472656,25.389999389648438,25.489999771118164,323900,0.0,0.0
2024-11-11 00:00:00-05:00,25.59000015258789,25.829999923706055,25.290000915527344,25.709999084472656,259900,0.0,0.0
2024-11-12 00:00:00-05:00,25.610000610351562,25.700000762939453,24.8700008392334,25.280000686645508,311300,0.0,0.0
2024-11-13 00:00:00-05:00,25.350000381469727,25.549999237060547,24.440000534057617,24.489999771118164,295400,0.0,0.0
2024-11-14 00:00:00-05:00,24.719999313354492,25.030000686645508,24.510000228881836,24.65999984741211,410300,0.0,0.0
2024-11-15 00:00:00-05:00,24.40999984741211,24.40999984741211,23.600000381469727,23.649999618530273,420400,0.0,0.0
2024-11-18 00:00:00-05:00,23.549999237060547,24.049999237060547,23.5,23.860000610351562,279700,0.0,0.0
2024-11-19 00:00:00-05:00,23.6200008392334,23.959999084472656,23.420000076293945,23.940000534057617,271600,0.0,0.0
2024-11-20 00:00:00-05:00,23.860000610351562,24.190000534057617,23.790000915527344,24.100000381469727,385300,0.0,0.0
2024-11-21 00:00:00-05:00,24.399999618530273,24.649999618530273,24.1200008392334,24.440000534057617,331600,0.0,0.0
2024-11-22 00:00:00-05:00,24.399999618530273,25.079999923706055,24.399999618530273,24.889999389648438,329500,0.0,0.0
2024-11-25 00:00:00-05:00,25.219999313354492,25.93000030517578,25.219999313354492,25.43000030517578,420400,0.0,0.0
2024-11-26 00:00:00-05:00,25.5,25.6299991607666,25.190000534057617,25.360000610351562,699800,0.0,0.0
2024-11-27 00:00:00-05:00,25.360000610351562,25.510000228881836,24.06999969482422,24.18000030517578,695300,0.0,0.0
2024-11-29 00:00:00-05:00,24.549999237060547,25.079999923706055,24.360000610351562,24.90999984741211,180800,0.0,0.0
2024-12-02 00:00:00-05:00,24.860000610351562,25.469999313354492,24.780000686645508,25.34000015258789,373600,0.0,0.0
2024-12-03 00:00:00-05:00,25.149999618530273,25.209999084472656,24.75,25.020000457763672,530000,0.0,0.0
2024-12-04 00:00:00-05:00,25.280000686645508,25.489999771118164,24.940000534057617,25.010000228881836,292500,0.0,0.0
2024-12-05 00:00:00-05:00,25.110000610351562,25.149999618530273,24.190000534057617,24.260000228881836,288700,0.0,0.0
2024-12-06 00:00:00-05:00,24.459999084472656,25.290000915527344,24.209999084472656,25.25,297000,0.0,0.0
2024-12-09 00:00:00-05:00,25.610000610351562,26.31999969482422,25.420000076293945,25.829999923706055,406300,0.0,0.0
2024-12-10 00:00:00-05:00,25.829999923706055,25.829999923706055,25.139999389648438,25.31999969482422,953800,0.0,0.0
2024-12-11 00:00:00-05:00,29.690000534057617,31.600000381469727,27.81999969482422,28.059999465942383,1974000,0.0,0.0
2024-12-12 00:00:00-05:00,27.760000228881836,27.93000030517578,25.549999237060547,26.270000457763672,810400,0.0,0.0
2024-12-13 00:00:00-05:00,26.3799991607666,27.1299991607666,26.100000381469727,26.489999771118164,552600,0.0,0.0
2024-12-16 00:00:00-05:00,26.440000534057617,26.670000076293945,25.93000030517578,26.5,480500,0.0,0.0
2024-12-17 00:00:00-05:00,26.43000030517578,26.899999618530273,25.93000030517578,26.229999542236328,498000,0.0,0.0
2024-12-18 00:00:00-05:00,26.469999313354492,27.079999923706055,24.59000015258789,24.90999984741211,639100,0.0,0.0
2024-12-19 00:00:00-05:00,25.540000915527344,25.719999313354492,24.309999465942383,24.40999984741211,765200,0.0,0.0
2024-12-20 00:00:00-05:00,23.959999084472656,24.610000610351562,23.81999969482422,24.040000915527344,2344400,0.0,0.0
2024-12-23 00:00:00-05:00,24.079999923706055,24.459999084472656,23.809999465942383,23.850000381469727,514400,0.0,0.0
2024-12-24 00:00:00-05:00,23.799999237060547,24.200000762939453,23.700000762939453,24.190000534057617,313800,0.0,0.0
2024-12-26 00:00:00-05:00,24.010000228881836,24.350000381469727,23.850000381469727,24.270000457763672,364000,0.0,0.0
2024-12-27 00:00:00-05:00,24.09000015258789,24.450000762939453,23.510000228881836,23.920000076293945,300600,0.0,0.0
2024-12-30 00:00:00-05:00,23.600000381469727,23.809999465942383,23.290000915527344,23.520000457763672,452900,0.0,0.0
2024-12-31 00:00:00-05:00,23.690000534057617,23.989999771118164,23.479999542236328,23.559999465942383,392200,0.0,0.0
2025-01-02 00:00:00-05:00,23.979999542236328,24.549999237060547,23.719999313354492,24.010000228881836,407600,0.0,0.0
2025-01-03 00:00:00-05:00,24.100000381469727,24.25,23.68000030517578,24.1200008392334,306800,0.0,0.0
2025-01-06 00:00:00-05:00,24.290000915527344,25.200000762939453,24.290000915527344,24.56999969482422,516100,0.0,0.0
2025-01-07 00:00:00-05:00,24.610000610351562,25.360000610351562,24.43000030517578,24.469999313354492,1121500,0.0,0.0
2025-01-08 00:00:00-05:00,24.149999618530273,24.3799991607666,23.93000030517578,24.219999313354492,496200,0.0,0.0
2025-01-10 00:00:00-05:00,23.75,23.979999542236328,23.260000228881836,23.530000686645508,416300,0.0,0.0
2025-01-13 00:00:00-05:00,23.079999923706055,23.639999389648438,22.950000762939453,23.6200008392334,519300,0.0,0.0
2025-01-14 00:00:00-05:00,23.8799991607666,24.139999389648438,23.389999389648438,23.540000915527344,509500,0.0,0.0
2025-01-15 00:00:00-05:00,24.100000381469727,24.360000610351562,23.959999084472656,24.110000610351562,406000,0.0,0.0
2025-01-16 00:00:00-05:00,24.299999237060547,24.709999084472656,24.049999237060547,24.149999618530273,450800,0.0,0.0
2025-01-17 00:00:00-05:00,24.639999389648438,24.75,24.31999969482422,24.56999969482422,379200,0.0,0.0
2025-01-21 00:00:00-05:00,24.899999618530273,24.950000762939453,24.06999969482422,24.100000381469727,498400,0.0,0.0
2025-01-22 00:00:00-05:00,24.200000762939453,24.75,23.90999984741211,23.940000534057617,469900,0.0,0.0
2025-01-23 00:00:00-05:00,23.459999084472656,23.699899673461914,23.229999542236328,23.510000228881836,398218,0.0,0.0
