Date,Open,High,Low,Close,Volume,Dividends,Stock Splits
2022-01-03 00:00:00-05:00,269.6000061035156,274.70001220703125,257.79998779296875,270.79998779296875,623745,0.0,0.0
2022-01-04 00:00:00-05:00,272.79998779296875,273.0,257.8999938964844,264.20001220703125,640240,0.0,0.0
2022-01-05 00:00:00-05:00,260.3999938964844,266.6000061035156,239.60000610351562,241.0,834535,0.0,0.0
2022-01-06 00:00:00-05:00,243.39999389648438,246.9199981689453,226.0,235.60000610351562,802835,0.0,0.0
2022-01-07 00:00:00-05:00,240.0,256.1000061035156,238.39999389648438,249.0,795315,0.0,0.0
2022-01-10 00:00:00-05:00,248.60000610351562,249.1999969482422,233.89999389648438,239.39999389648438,823460,0.0,0.0
2022-01-11 00:00:00-05:00,240.8000030517578,251.0,236.1999969482422,247.8000030517578,497125,0.0,0.0
2022-01-12 00:00:00-05:00,249.39999389648438,254.0,241.1999969482422,247.39999389648438,475055,0.0,0.0
2022-01-13 00:00:00-05:00,218.39999389648438,219.8000030517578,200.3000030517578,200.60000610351562,3526800,0.0,0.0
2022-01-14 00:00:00-05:00,197.8000030517578,203.1999969482422,195.0,202.8000030517578,1975935,0.0,0.0
2022-01-18 00:00:00-05:00,200.60000610351562,201.1999969482422,186.60000610351562,187.39999389648438,1201920,0.0,0.0
2022-01-19 00:00:00-05:00,191.0,194.39999389648438,180.39999389648438,181.8000030517578,1058835,0.0,0.0
2022-01-20 00:00:00-05:00,184.3000030517578,196.1999969482422,181.8000030517578,182.0,897705,0.0,0.0
2022-01-21 00:00:00-05:00,181.0,183.6999969482422,169.1999969482422,169.39999389648438,1181020,0.0,0.0
2022-01-24 00:00:00-05:00,162.1999969482422,172.1999969482422,151.60000610351562,172.0,1327905,0.0,0.0
2022-01-25 00:00:00-05:00,169.0,174.0,163.39999389648438,169.60000610351562,808850,0.0,0.0
2022-01-26 00:00:00-05:00,174.1999969482422,182.89999389648438,167.39999389648438,168.8000030517578,873835,0.0,0.0
2022-01-27 00:00:00-05:00,169.8000030517578,175.17999267578125,157.0,159.1999969482422,730745,0.0,0.0
2022-01-28 00:00:00-05:00,159.60000610351562,163.0,152.1999969482422,162.8000030517578,702085,0.0,0.0
2022-01-31 00:00:00-05:00,165.0,184.60000610351562,164.8000030517578,184.0,787410,0.0,0.0
2022-02-01 00:00:00-05:00,190.0,196.8000030517578,183.0,194.39999389648438,746780,0.0,0.0
2022-02-02 00:00:00-05:00,193.0,196.0,183.22000122070312,187.39999389648438,600655,0.0,0.0
2022-02-03 00:00:00-05:00,180.8000030517578,182.6999969482422,168.60000610351562,169.1999969482422,913270,0.0,0.0
2022-02-04 00:00:00-05:00,172.60000610351562,182.0,171.0399932861328,179.8000030517578,534265,0.0,0.0
2022-02-07 00:00:00-05:00,178.0,180.8000030517578,168.0,171.39999389648438,697050,0.0,0.0
2022-02-08 00:00:00-05:00,170.0,175.89999389648438,166.0,174.60000610351562,416635,0.0,0.0
2022-02-09 00:00:00-05:00,175.60000610351562,184.8000030517578,173.60000610351562,183.1999969482422,563555,0.0,0.0
2022-02-10 00:00:00-05:00,178.0,189.10000610351562,175.8000030517578,177.0,566925,0.0,0.0
2022-02-11 00:00:00-05:00,176.39999389648438,183.0,165.6999969482422,168.8000030517578,804890,0.0,0.0
2022-02-14 00:00:00-05:00,167.60000610351562,171.89999389648438,161.0,162.8000030517578,815660,0.0,0.0
2022-02-15 00:00:00-05:00,178.60000610351562,219.39999389648438,175.0,214.8000030517578,9112660,0.0,0.0
2022-02-16 00:00:00-05:00,206.0,209.97999572753906,193.8000030517578,200.60000610351562,2923100,0.0,0.0
2022-02-17 00:00:00-05:00,195.3000030517578,198.0,176.8000030517578,180.1999969482422,1676960,0.0,0.0
2022-02-18 00:00:00-05:00,177.8000030517578,178.1999969482422,164.8000030517578,168.0,1308470,0.0,0.0
2022-02-22 00:00:00-05:00,162.60000610351562,165.60000610351562,153.8000030517578,156.39999389648438,1323250,0.0,0.0
2022-02-23 00:00:00-05:00,161.0,182.0,159.5,161.8000030517578,3047325,0.0,0.0
2022-02-24 00:00:00-05:00,150.0,180.5800018310547,148.0,180.0,1823635,0.0,0.0
2022-02-25 00:00:00-05:00,172.1999969482422,184.0,170.39999389648438,183.60000610351562,1042785,0.0,0.0
2022-02-28 00:00:00-05:00,181.39999389648438,196.39999389648438,181.39999389648438,193.60000610351562,1138890,0.0,0.0
2022-03-01 00:00:00-05:00,192.39999389648438,200.60000610351562,184.6999969482422,187.0,746620,0.0,0.0
2022-03-02 00:00:00-05:00,187.0,191.60000610351562,181.39999389648438,188.39999389648438,733810,0.0,0.0
2022-03-03 00:00:00-05:00,185.8000030517578,187.02000427246094,164.0,165.0,1015575,0.0,0.0
2022-03-04 00:00:00-05:00,165.1999969482422,166.5,155.60000610351562,156.8000030517578,744400,0.0,0.0
2022-03-07 00:00:00-05:00,157.8000030517578,163.39999389648438,147.1999969482422,147.1999969482422,793490,0.0,0.0
2022-03-08 00:00:00-05:00,148.0,156.5800018310547,141.0,148.39999389648438,899235,0.0,0.0
2022-03-09 00:00:00-05:00,152.0,159.1999969482422,151.60000610351562,156.39999389648438,573525,0.0,0.0
2022-03-10 00:00:00-05:00,154.1999969482422,154.3000030517578,147.60000610351562,151.39999389648438,484050,0.0,0.0
2022-03-11 00:00:00-05:00,153.60000610351562,154.6999969482422,145.3000030517578,145.60000610351562,431805,0.0,0.0
2022-03-14 00:00:00-04:00,143.39999389648438,146.0,134.1999969482422,135.8000030517578,683150,0.0,0.0
2022-03-15 00:00:00-04:00,136.1999969482422,147.39999389648438,134.0,147.1999969482422,756350,0.0,0.0
2022-03-16 00:00:00-04:00,149.8000030517578,160.0,149.39999389648438,159.8000030517578,824415,0.0,0.0
2022-03-17 00:00:00-04:00,158.1999969482422,179.8000030517578,157.8000030517578,179.8000030517578,1001495,0.0,0.0
2022-03-18 00:00:00-04:00,176.1999969482422,190.89999389648438,175.1999969482422,188.60000610351562,1189935,0.0,0.0
2022-03-21 00:00:00-04:00,185.39999389648438,192.0,180.0,187.0,563265,0.0,0.0
2022-03-22 00:00:00-04:00,186.60000610351562,195.6999969482422,185.0,193.0,532015,0.0,0.0
2022-03-23 00:00:00-04:00,190.8000030517578,197.39999389648438,186.39999389648438,191.39999389648438,495565,0.0,0.0
2022-03-24 00:00:00-04:00,192.0,196.0,185.8000030517578,194.60000610351562,410515,0.0,0.0
2022-03-25 00:00:00-04:00,194.60000610351562,194.8000030517578,185.60000610351562,188.60000610351562,351525,0.0,0.0
2022-03-28 00:00:00-04:00,189.1999969482422,198.3000030517578,185.17999267578125,195.1999969482422,479740,0.0,0.0
2022-03-29 00:00:00-04:00,198.0,225.0,198.0,220.1999969482422,1539980,0.0,0.0
2022-03-30 00:00:00-04:00,216.0,222.8000030517578,209.1999969482422,213.8000030517578,691995,0.0,0.0
2022-03-31 00:00:00-04:00,211.1999969482422,213.0,197.39999389648438,197.60000610351562,677850,0.0,0.0
2022-04-01 00:00:00-04:00,199.60000610351562,208.0,194.82000732421875,199.8000030517578,496570,0.0,0.0
2022-04-04 00:00:00-04:00,202.8000030517578,213.6999969482422,201.39999389648438,210.8000030517578,485150,0.0,0.0
2022-04-05 00:00:00-04:00,211.60000610351562,213.8000030517578,191.60000610351562,192.1999969482422,609145,0.0,0.0
2022-04-06 00:00:00-04:00,187.8000030517578,188.0,176.10000610351562,182.1999969482422,747165,0.0,0.0
2022-04-07 00:00:00-04:00,181.39999389648438,186.39999389648438,171.1999969482422,179.8000030517578,459010,0.0,0.0
2022-04-08 00:00:00-04:00,178.1999969482422,179.8000030517578,171.39999389648438,173.8000030517578,396445,0.0,0.0
2022-04-11 00:00:00-04:00,171.1999969482422,182.0,165.8000030517578,174.39999389648438,439825,0.0,0.0
2022-04-12 00:00:00-04:00,177.60000610351562,184.82000732421875,172.5,176.39999389648438,520240,0.0,0.0
2022-04-13 00:00:00-04:00,176.8000030517578,183.8000030517578,174.10000610351562,182.39999389648438,316520,0.0,0.0
2022-04-14 00:00:00-04:00,181.60000610351562,183.3800048828125,176.0,179.8000030517578,293940,0.0,0.0
2022-04-18 00:00:00-04:00,178.60000610351562,179.0,166.6999969482422,171.1999969482422,404510,0.0,0.0
2022-04-19 00:00:00-04:00,170.39999389648438,184.39999389648438,169.60000610351562,183.8000030517578,609195,0.0,0.0
2022-04-20 00:00:00-04:00,182.60000610351562,183.44000244140625,168.0,168.39999389648438,457705,0.0,0.0
2022-04-21 00:00:00-04:00,171.60000610351562,174.6999969482422,157.1999969482422,159.8000030517578,523260,0.0,0.0
2022-04-22 00:00:00-04:00,162.8000030517578,166.39999389648438,156.0,159.8000030517578,431245,0.0,0.0
2022-04-25 00:00:00-04:00,159.8000030517578,168.1999969482422,158.8000030517578,166.60000610351562,528390,0.0,0.0
2022-04-26 00:00:00-04:00,165.1999969482422,166.8000030517578,155.8000030517578,155.8000030517578,333720,0.0,0.0
2022-04-27 00:00:00-04:00,155.1999969482422,160.8000030517578,152.1999969482422,154.1999969482422,422575,0.0,0.0
2022-04-28 00:00:00-04:00,155.1999969482422,160.0,145.60000610351562,158.0,515210,0.0,0.0
2022-04-29 00:00:00-04:00,158.0,163.5,149.60000610351562,149.8000030517578,396465,0.0,0.0
2022-05-02 00:00:00-04:00,149.0,157.8000030517578,147.60000610351562,157.8000030517578,434900,0.0,0.0
2022-05-03 00:00:00-04:00,156.1999969482422,162.1999969482422,153.89999389648438,158.60000610351562,400025,0.0,0.0
2022-05-04 00:00:00-04:00,158.0,166.39999389648438,150.1999969482422,165.1999969482422,516200,0.0,0.0
2022-05-05 00:00:00-04:00,162.8000030517578,162.8000030517578,148.0,150.0,631295,0.0,0.0
2022-05-06 00:00:00-04:00,141.60000610351562,141.8000030517578,127.0199966430664,136.0,947545,0.0,0.0
2022-05-09 00:00:00-04:00,131.8000030517578,132.0,121.19999694824219,121.4000015258789,629315,0.0,0.0
2022-05-10 00:00:00-04:00,127.19999694824219,128.39999389648438,112.0,117.0,776855,0.0,0.0
2022-05-11 00:00:00-04:00,115.4000015258789,121.4000015258789,107.4000015258789,107.4000015258789,631780,0.0,0.0
2022-05-12 00:00:00-04:00,105.0,124.0,102.80000305175781,116.80000305175781,828850,0.0,0.0
2022-05-13 00:00:00-04:00,123.4000015258789,133.8000030517578,122.5999984741211,130.8000030517578,707155,0.0,0.0
2022-05-16 00:00:00-04:00,128.8000030517578,134.60000610351562,124.0,124.0,445505,0.0,0.0
2022-05-17 00:00:00-04:00,127.19999694824219,136.8000030517578,125.69999694824219,133.8000030517578,647260,0.0,0.0
2022-05-18 00:00:00-04:00,132.0,138.60000610351562,126.4000015258789,127.4000015258789,506270,0.0,0.0
2022-05-19 00:00:00-04:00,127.80000305175781,137.9199981689453,126.0999984741211,131.60000610351562,517520,0.0,0.0
2022-05-20 00:00:00-04:00,132.39999389648438,134.39999389648438,125.4000015258789,131.0,459195,0.0,0.0
2022-05-23 00:00:00-04:00,129.8000030517578,133.0,125.30000305175781,131.1999969482422,370195,0.0,0.0
2022-05-24 00:00:00-04:00,128.60000610351562,130.1999969482422,121.0,123.5999984741211,425480,0.0,0.0
2022-05-25 00:00:00-04:00,123.0,130.60000610351562,122.0,129.39999389648438,321035,0.0,0.0
2022-05-26 00:00:00-04:00,129.0,139.0,127.4000015258789,133.60000610351562,351165,0.0,0.0
2022-05-27 00:00:00-04:00,134.0,144.60000610351562,134.0,142.1999969482422,449485,0.0,0.0
2022-05-31 00:00:00-04:00,143.39999389648438,145.0,137.1999969482422,140.1999969482422,493525,0.0,0.0
2022-06-01 00:00:00-04:00,141.0,143.3000030517578,132.0,135.39999389648438,364280,0.0,0.0
2022-06-02 00:00:00-04:00,135.39999389648438,147.60000610351562,135.0,145.39999389648438,420725,0.0,0.0
2022-06-03 00:00:00-04:00,140.39999389648438,144.5,137.39999389648438,139.1999969482422,304120,0.0,0.0
2022-06-06 00:00:00-04:00,142.8000030517578,144.8000030517578,138.8000030517578,141.1999969482422,395060,0.0,0.0
2022-06-07 00:00:00-04:00,139.0,139.39999389648438,131.60000610351562,138.39999389648438,527410,0.0,0.0
2022-06-08 00:00:00-04:00,136.8000030517578,149.8000030517578,136.1999969482422,148.0,421645,0.0,0.0
2022-06-09 00:00:00-04:00,147.1999969482422,147.1999969482422,133.8000030517578,134.0,467635,0.0,0.0
2022-06-10 00:00:00-04:00,131.60000610351562,135.0,125.5999984741211,126.19999694824219,385595,0.0,0.0
2022-06-13 00:00:00-04:00,120.0,121.5,112.4000015258789,113.19999694824219,495035,0.0,0.0
2022-06-14 00:00:00-04:00,116.5999984741211,116.80000305175781,111.0999984741211,115.4000015258789,353845,0.0,0.0
2022-06-15 00:00:00-04:00,117.0,123.22000122070312,114.5999984741211,121.0,431605,0.0,0.0
2022-06-16 00:00:00-04:00,116.0,119.80000305175781,111.69999694824219,115.5999984741211,442235,0.0,0.0
2022-06-17 00:00:00-04:00,116.0,127.0999984741211,115.68000030517578,125.0,547690,0.0,0.0
2022-06-21 00:00:00-04:00,122.5999984741211,127.4000015258789,120.5999984741211,121.5999984741211,502395,0.0,0.0
2022-06-22 00:00:00-04:00,118.4000015258789,131.60000610351562,117.08000183105469,125.4000015258789,455230,0.0,0.0
2022-06-23 00:00:00-04:00,125.4000015258789,130.5800018310547,123.69999694824219,129.39999389648438,321315,0.0,0.0
2022-06-24 00:00:00-04:00,130.0,135.60000610351562,128.60000610351562,131.39999389648438,1594010,0.0,0.0
2022-06-27 00:00:00-04:00,132.0,134.60000610351562,125.5999984741211,132.8000030517578,360225,0.0,0.0
2022-06-28 00:00:00-04:00,133.8000030517578,134.5,125.5999984741211,125.80000305175781,321005,0.0,0.0
2022-06-29 00:00:00-04:00,124.4000015258789,124.69999694824219,116.69999694824219,120.0,339605,0.0,0.0
2022-06-30 00:00:00-04:00,117.80000305175781,123.5999984741211,114.30000305175781,120.4000015258789,344260,0.0,0.0
2022-07-01 00:00:00-04:00,122.19999694824219,126.4000015258789,120.5999984741211,125.5999984741211,273015,0.0,0.0
2022-07-05 00:00:00-04:00,123.80000305175781,129.60000610351562,116.80000305175781,129.60000610351562,338985,0.0,0.0
2022-07-06 00:00:00-04:00,129.1999969482422,132.8000030517578,127.0,129.0,257875,0.0,0.0
2022-07-07 00:00:00-04:00,132.8000030517578,147.0,132.1999969482422,144.60000610351562,710620,0.0,0.0
2022-07-08 00:00:00-04:00,140.0,148.8000030517578,138.5,146.39999389648438,498965,0.0,0.0
2022-07-11 00:00:00-04:00,144.0,144.1999969482422,131.8000030517578,131.8000030517578,390615,0.0,0.0
2022-07-12 00:00:00-04:00,132.39999389648438,138.89999389648438,130.39999389648438,138.60000610351562,338385,0.0,0.0
2022-07-13 00:00:00-04:00,133.0,141.60000610351562,132.1999969482422,139.0,262790,0.0,0.0
2022-07-14 00:00:00-04:00,138.8000030517578,140.0,134.39999389648438,138.8000030517578,292765,0.0,0.0
2022-07-15 00:00:00-04:00,143.0,147.0,137.8000030517578,147.0,327800,0.0,0.0
2022-07-18 00:00:00-04:00,149.8000030517578,155.0,144.1999969482422,144.60000610351562,395550,0.0,0.0
2022-07-19 00:00:00-04:00,148.1999969482422,153.8000030517578,147.0,151.60000610351562,301090,0.0,0.0
2022-07-20 00:00:00-04:00,151.60000610351562,156.8000030517578,150.1999969482422,154.0,306960,0.0,0.0
2022-07-21 00:00:00-04:00,152.60000610351562,156.77999877929688,150.8000030517578,154.8000030517578,226865,0.0,0.0
2022-07-22 00:00:00-04:00,154.0,154.5399932861328,145.0,146.39999389648438,265360,0.0,0.0
2022-07-25 00:00:00-04:00,146.8000030517578,147.0,141.39999389648438,142.39999389648438,220345,0.0,0.0
2022-07-26 00:00:00-04:00,140.1999969482422,141.8000030517578,137.39999389648438,139.1999969482422,189740,0.0,0.0
2022-07-27 00:00:00-04:00,143.1999969482422,144.60000610351562,140.0,143.8000030517578,195730,0.0,0.0
2022-07-28 00:00:00-04:00,144.1999969482422,148.60000610351562,139.39999389648438,147.60000610351562,203840,0.0,0.0
2022-07-29 00:00:00-04:00,145.8000030517578,149.1999969482422,143.0,148.8000030517578,192455,0.0,0.0
2022-08-01 00:00:00-04:00,147.39999389648438,150.8000030517578,145.4199981689453,148.0,380475,0.0,0.0
2022-08-02 00:00:00-04:00,145.60000610351562,161.60000610351562,145.0,156.8000030517578,427945,0.0,0.0
2022-08-03 00:00:00-04:00,159.8000030517578,166.0,158.0,165.0,268675,0.0,0.0
2022-08-04 00:00:00-04:00,167.0,171.10000610351562,162.8000030517578,163.8000030517578,402935,0.0,0.0
2022-08-05 00:00:00-04:00,135.0,145.39999389648438,132.39999389648438,135.1999969482422,990575,0.0,0.0
2022-08-08 00:00:00-04:00,137.39999389648438,143.39999389648438,133.39999389648438,136.1999969482422,570775,0.0,0.0
2022-08-09 00:00:00-04:00,134.60000610351562,140.39999389648438,130.39999389648438,132.8000030517578,328715,0.0,0.0
2022-08-10 00:00:00-04:00,138.1999969482422,141.1999969482422,134.8000030517578,140.39999389648438,419030,0.0,0.0
2022-08-11 00:00:00-04:00,142.0,147.3800048828125,136.39999389648438,139.60000610351562,472730,0.0,0.0
2022-08-12 00:00:00-04:00,140.8000030517578,143.8000030517578,136.0,142.39999389648438,390330,0.0,0.0
2022-08-15 00:00:00-04:00,140.60000610351562,146.5800018310547,139.0,141.60000610351562,291035,0.0,0.0
2022-08-16 00:00:00-04:00,141.0,144.0,136.0,140.8000030517578,428630,0.0,0.0
2022-08-17 00:00:00-04:00,139.60000610351562,139.60000610351562,134.17999267578125,134.8000030517578,346660,0.0,0.0
2022-08-18 00:00:00-04:00,132.39999389648438,134.0,128.8000030517578,132.8000030517578,327965,0.0,0.0
2022-08-19 00:00:00-04:00,129.0,129.8000030517578,125.80000305175781,126.4000015258789,273295,0.0,0.0
2022-08-22 00:00:00-04:00,122.5999984741211,124.4000015258789,120.30000305175781,121.0,443280,0.0,0.0
2022-08-23 00:00:00-04:00,122.0,124.5999984741211,118.5999984741211,118.5999984741211,366815,0.0,0.0
2022-08-24 00:00:00-04:00,119.0,124.13999938964844,117.80000305175781,123.0,207870,0.0,0.0
2022-08-25 00:00:00-04:00,125.4000015258789,127.69999694824219,123.80000305175781,124.80000305175781,191435,0.0,0.0
2022-08-26 00:00:00-04:00,124.80000305175781,125.5999984741211,118.5999984741211,119.5999984741211,304515,0.0,0.0
2022-08-29 00:00:00-04:00,118.0,122.0,116.80000305175781,119.5999984741211,230305,0.0,0.0
2022-08-30 00:00:00-04:00,122.19999694824219,123.5999984741211,118.19999694824219,119.4000015258789,248690,0.0,0.0
2022-08-31 00:00:00-04:00,121.0,123.18000030517578,116.5999984741211,118.19999694824219,261670,0.0,0.0
2022-09-01 00:00:00-04:00,116.5999984741211,118.0,111.5,116.4000015258789,338325,0.0,0.0
2022-09-02 00:00:00-04:00,118.4000015258789,119.4000015258789,112.5999984741211,114.4000015258789,420650,0.0,0.0
2022-09-06 00:00:00-04:00,115.5999984741211,117.5999984741211,113.9000015258789,117.0,388195,0.0,0.0
2022-09-07 00:00:00-04:00,116.19999694824219,122.80000305175781,116.19999694824219,122.5999984741211,335930,0.0,0.0
2022-09-08 00:00:00-04:00,120.4000015258789,127.4000015258789,119.30000305175781,125.5999984741211,336715,0.0,0.0
2022-09-09 00:00:00-04:00,120.0,122.4000015258789,115.5999984741211,120.0,690950,0.0,0.0
2022-09-12 00:00:00-04:00,119.80000305175781,122.0,117.69999694824219,121.19999694824219,345295,0.0,0.0
2022-09-13 00:00:00-04:00,116.4000015258789,117.19999694824219,111.19999694824219,111.19999694824219,616035,0.0,0.0
2022-09-14 00:00:00-04:00,110.80000305175781,112.5999984741211,107.19999694824219,111.19999694824219,404210,0.0,0.0
2022-09-15 00:00:00-04:00,109.4000015258789,113.80000305175781,108.5,110.4000015258789,389155,0.0,0.0
2022-09-16 00:00:00-04:00,108.0,109.0,105.83999633789062,106.19999694824219,525535,0.0,0.0
2022-09-19 00:00:00-04:00,104.80000305175781,106.5999984741211,103.5999984741211,105.80000305175781,224055,0.0,0.0
2022-09-20 00:00:00-04:00,104.5999984741211,105.0,101.5999984741211,101.5999984741211,266100,0.0,0.0
2022-09-21 00:00:00-04:00,102.4000015258789,105.4000015258789,99.0,100.5999984741211,315995,0.0,0.0
2022-09-22 00:00:00-04:00,100.5999984741211,101.4000015258789,97.4000015258789,99.4000015258789,323725,0.0,0.0
2022-09-23 00:00:00-04:00,97.0,98.9000015258789,95.19999694824219,97.4000015258789,301680,0.0,0.0
2022-09-26 00:00:00-04:00,96.5999984741211,103.5,96.4000015258789,97.5999984741211,268090,0.0,0.0
2022-09-27 00:00:00-04:00,99.5999984741211,101.18000030517578,95.80000305175781,97.80000305175781,263515,0.0,0.0
2022-09-28 00:00:00-04:00,97.5999984741211,102.80000305175781,96.4000015258789,102.4000015258789,250450,0.0,0.0
2022-09-29 00:00:00-04:00,100.0,100.4000015258789,94.5999984741211,97.4000015258789,313375,0.0,0.0
2022-09-30 00:00:00-04:00,95.4000015258789,99.33999633789062,94.19999694824219,94.19999694824219,254640,0.0,0.0
2022-10-03 00:00:00-04:00,95.4000015258789,99.30000305175781,93.5999984741211,97.4000015258789,207765,0.0,0.0
2022-10-04 00:00:00-04:00,99.80000305175781,105.0999984741211,99.80000305175781,104.80000305175781,336665,0.0,0.0
2022-10-05 00:00:00-04:00,102.0,103.0,97.0,102.19999694824219,229470,0.0,0.0
2022-10-06 00:00:00-04:00,101.80000305175781,104.5999984741211,99.19999694824219,101.5999984741211,174110,0.0,0.0
2022-10-07 00:00:00-04:00,99.80000305175781,99.80000305175781,95.80000305175781,97.0,201645,0.0,0.0
2022-10-10 00:00:00-04:00,97.5999984741211,99.0,95.4000015258789,98.4000015258789,167595,0.0,0.0
2022-10-11 00:00:00-04:00,97.0,98.4000015258789,91.19999694824219,94.4000015258789,253815,0.0,0.0
2022-10-12 00:00:00-04:00,94.0,96.19999694824219,92.19999694824219,95.80000305175781,187900,0.0,0.0
2022-10-13 00:00:00-04:00,92.0,95.5999984741211,89.19999694824219,94.4000015258789,284650,0.0,0.0
2022-10-14 00:00:00-04:00,95.80000305175781,99.19999694824219,91.5999984741211,91.80000305175781,225800,0.0,0.0
2022-10-17 00:00:00-04:00,95.0,96.5999984741211,94.0,94.80000305175781,216590,0.0,0.0
2022-10-18 00:00:00-04:00,97.5999984741211,99.5,92.4000015258789,93.4000015258789,237505,0.0,0.0
2022-10-19 00:00:00-04:00,92.80000305175781,93.19999694824219,88.80000305175781,89.5999984741211,241170,0.0,0.0
2022-10-20 00:00:00-04:00,89.4000015258789,90.5999984741211,85.19999694824219,85.19999694824219,225945,0.0,0.0
2022-10-21 00:00:00-04:00,84.19999694824219,89.0,82.19999694824219,89.0,302095,0.0,0.0
2022-10-24 00:00:00-04:00,89.0,89.80000305175781,85.80000305175781,89.19999694824219,167045,0.0,0.0
2022-10-25 00:00:00-04:00,89.0,94.19999694824219,88.81999969482422,92.4000015258789,221465,0.0,0.0
2022-10-26 00:00:00-04:00,91.19999694824219,94.19999694824219,88.80000305175781,89.19999694824219,247970,0.0,0.0
2022-10-27 00:00:00-04:00,90.4000015258789,94.5,89.69999694824219,90.19999694824219,204110,0.0,0.0
2022-10-28 00:00:00-04:00,90.80000305175781,93.4000015258789,88.19999694824219,93.19999694824219,210605,0.0,0.0
2022-10-31 00:00:00-04:00,92.80000305175781,94.0999984741211,91.45999908447266,92.4000015258789,191170,0.0,0.0
2022-11-01 00:00:00-04:00,95.80000305175781,100.16000366210938,94.80000305175781,95.80000305175781,257455,0.0,0.0
2022-11-02 00:00:00-04:00,96.19999694824219,98.0,90.5999984741211,90.5999984741211,270905,0.0,0.0
2022-11-03 00:00:00-04:00,90.19999694824219,92.80000305175781,88.19999694824219,91.5999984741211,301120,0.0,0.0
2022-11-04 00:00:00-04:00,96.0,98.5,92.19999694824219,98.4000015258789,329930,0.0,0.0
2022-11-07 00:00:00-05:00,96.4000015258789,105.0999984741211,96.19999694824219,104.19999694824219,403960,0.0,0.0
2022-11-08 00:00:00-05:00,104.0,105.0,97.4000015258789,100.0,401540,0.0,0.0
2022-11-09 00:00:00-05:00,98.4000015258789,104.0999984741211,94.19999694824219,94.5999984741211,286025,0.0,0.0
2022-11-10 00:00:00-05:00,100.19999694824219,106.0,100.19999694824219,105.80000305175781,405055,0.0,0.0
2022-11-11 00:00:00-05:00,105.19999694824219,111.5,104.80000305175781,110.0,322675,0.0,0.0
2022-11-14 00:00:00-05:00,108.5999984741211,112.0,106.19999694824219,109.19999694824219,278315,0.0,0.0
2022-11-15 00:00:00-05:00,112.19999694824219,113.36000061035156,107.4000015258789,109.80000305175781,375650,0.0,0.0
2022-11-16 00:00:00-05:00,107.80000305175781,108.5999984741211,104.5999984741211,107.19999694824219,151595,0.0,0.0
2022-11-17 00:00:00-05:00,104.4000015258789,107.19999694824219,102.0,106.19999694824219,152735,0.0,0.0
2022-11-18 00:00:00-05:00,108.19999694824219,110.0,105.19999694824219,106.0,155440,0.0,0.0
2022-11-21 00:00:00-05:00,105.0,105.0,100.0,100.80000305175781,184605,0.0,0.0
2022-11-22 00:00:00-05:00,101.4000015258789,102.0,99.0999984741211,100.4000015258789,129425,0.0,0.0
2022-11-23 00:00:00-05:00,100.80000305175781,104.0,100.19999694824219,102.80000305175781,166335,0.0,0.0
2022-11-25 00:00:00-05:00,102.4000015258789,102.5,101.0,102.0,59985,0.0,0.0
2022-11-28 00:00:00-05:00,100.0,102.0,94.4000015258789,95.19999694824219,225845,0.0,0.0
2022-11-29 00:00:00-05:00,96.0,100.5,96.0,98.19999694824219,241730,0.0,0.0
2022-11-30 00:00:00-05:00,99.0,102.80000305175781,94.5999984741211,101.80000305175781,245880,0.0,0.0
2022-12-01 00:00:00-05:00,103.0,106.5999984741211,98.69999694824219,104.0,258235,0.0,0.0
2022-12-02 00:00:00-05:00,100.19999694824219,103.4000015258789,100.19999694824219,102.80000305175781,162750,0.0,0.0
2022-12-05 00:00:00-05:00,102.0,107.5999984741211,100.69999694824219,102.4000015258789,285815,0.0,0.0
2022-12-06 00:00:00-05:00,102.5999984741211,102.80000305175781,91.4000015258789,92.4000015258789,405740,0.0,0.0
2022-12-07 00:00:00-05:00,92.19999694824219,94.0,90.5999984741211,91.5999984741211,204840,0.0,0.0
2022-12-08 00:00:00-05:00,93.0,95.19999694824219,89.4000015258789,93.5999984741211,193025,0.0,0.0
2022-12-09 00:00:00-05:00,92.5999984741211,97.19999694824219,92.19999694824219,93.0,265075,0.0,0.0
2022-12-12 00:00:00-05:00,93.0,97.19999694824219,92.0,95.4000015258789,246375,0.0,0.0
2022-12-13 00:00:00-05:00,99.5999984741211,101.4000015258789,92.5999984741211,94.19999694824219,321925,0.0,0.0
2022-12-14 00:00:00-05:00,94.4000015258789,95.0999984741211,91.4000015258789,91.5999984741211,243695,0.0,0.0
2022-12-15 00:00:00-05:00,89.5999984741211,90.30000305175781,84.4000015258789,85.4000015258789,389335,0.0,0.0
2022-12-16 00:00:00-05:00,84.19999694824219,86.0,80.4000015258789,82.19999694824219,829800,0.0,0.0
2022-12-19 00:00:00-05:00,82.80000305175781,83.0,75.19999694824219,76.0,356905,0.0,0.0
2022-12-20 00:00:00-05:00,75.4000015258789,78.19999694824219,72.69999694824219,73.4000015258789,310605,0.0,0.0
2022-12-21 00:00:00-05:00,75.0,76.19999694824219,73.4000015258789,75.19999694824219,228610,0.0,0.0
2022-12-22 00:00:00-05:00,74.4000015258789,74.5999984741211,69.9000015258789,74.0,313565,0.0,0.0
2022-12-23 00:00:00-05:00,74.5999984741211,75.19999694824219,71.0,73.0,266810,0.0,0.0
2022-12-27 00:00:00-05:00,72.4000015258789,72.4000015258789,65.5999984741211,65.80000305175781,379570,0.0,0.0
2022-12-28 00:00:00-05:00,66.4000015258789,67.5999984741211,65.0,66.4000015258789,306500,0.0,0.0
2022-12-29 00:00:00-05:00,66.80000305175781,70.0,64.9000015258789,68.4000015258789,344700,0.0,0.0
2022-12-30 00:00:00-05:00,67.5999984741211,69.80000305175781,66.5999984741211,69.5999984741211,318075,0.0,0.0
2023-01-03 00:00:00-05:00,72.4000015258789,76.80000305175781,68.5999984741211,69.80000305175781,383400,0.0,0.0
2023-01-04 00:00:00-05:00,70.19999694824219,73.55999755859375,69.5999984741211,72.80000305175781,242945,0.0,0.0
2023-01-05 00:00:00-05:00,72.0,73.4000015258789,70.19999694824219,73.19999694824219,263145,0.0,0.0
2023-01-06 00:00:00-05:00,72.5999984741211,74.0,70.5999984741211,73.80000305175781,204535,0.0,0.0
2023-01-09 00:00:00-05:00,75.0,80.9000015258789,75.0,78.19999694824219,517885,0.0,0.0
2023-01-10 00:00:00-05:00,77.19999694824219,81.0,75.80000305175781,80.5999984741211,394895,0.0,0.0
2023-01-11 00:00:00-05:00,81.4000015258789,88.0,80.0,85.80000305175781,437620,0.0,0.0
2023-01-12 00:00:00-05:00,87.0,92.5999984741211,84.26000213623047,92.4000015258789,755600,0.0,0.0
2023-01-13 00:00:00-05:00,104.5999984741211,111.80000305175781,98.0999984741211,103.80000305175781,2311440,0.0,0.0
2023-01-17 00:00:00-05:00,104.0,113.4000015258789,100.63999938964844,111.80000305175781,1008305,0.0,0.0
2023-01-18 00:00:00-05:00,113.0,114.4000015258789,97.0,98.19999694824219,900265,0.0,0.0
2023-01-19 00:00:00-05:00,96.19999694824219,101.4000015258789,94.19999694824219,97.19999694824219,554250,0.0,0.0
2023-01-20 00:00:00-05:00,99.0,104.9000015258789,97.0,103.80000305175781,520470,0.0,0.0
2023-01-23 00:00:00-05:00,103.5999984741211,108.19999694824219,102.69999694824219,106.19999694824219,478645,0.0,0.0
2023-01-24 00:00:00-05:00,105.5999984741211,112.80000305175781,104.0,106.4000015258789,492475,0.0,0.0
2023-01-25 00:00:00-05:00,103.80000305175781,107.5999984741211,101.80000305175781,107.19999694824219,276745,0.0,0.0
2023-01-26 00:00:00-05:00,110.0,111.80000305175781,104.4000015258789,107.5999984741211,323325,0.0,0.0
2023-01-27 00:00:00-05:00,106.5999984741211,117.5,106.4000015258789,114.19999694824219,551860,0.0,0.0
2023-01-30 00:00:00-05:00,111.5999984741211,114.19999694824219,107.19999694824219,107.5999984741211,373905,0.0,0.0
2023-01-31 00:00:00-05:00,107.5999984741211,112.4000015258789,107.19999694824219,110.4000015258789,303575,0.0,0.0
2023-02-01 00:00:00-05:00,109.5999984741211,114.0,107.4000015258789,112.4000015258789,386625,0.0,0.0
2023-02-02 00:00:00-05:00,117.19999694824219,130.8000030517578,117.19999694824219,126.80000305175781,1045150,0.0,0.0
2023-02-03 00:00:00-05:00,121.80000305175781,129.0,118.5999984741211,121.5999984741211,653795,0.0,0.0
2023-02-06 00:00:00-05:00,125.0,132.1999969482422,117.5999984741211,118.80000305175781,775480,0.0,0.0
2023-02-07 00:00:00-05:00,118.80000305175781,121.0,114.19999694824219,119.0,552250,0.0,0.0
2023-02-08 00:00:00-05:00,118.19999694824219,118.80000305175781,111.0,111.4000015258789,375425,0.0,0.0
2023-02-09 00:00:00-05:00,112.80000305175781,114.4000015258789,102.5999984741211,103.5999984741211,470695,0.0,0.0
2023-02-10 00:00:00-05:00,101.4000015258789,103.19999694824219,98.5,99.5999984741211,382915,0.0,0.0
2023-02-13 00:00:00-05:00,100.0,105.0,98.4000015258789,103.4000015258789,350595,0.0,0.0
2023-02-14 00:00:00-05:00,101.4000015258789,106.80000305175781,99.4000015258789,105.80000305175781,372190,0.0,0.0
2023-02-15 00:00:00-05:00,104.19999694824219,120.5999984741211,104.0,120.19999694824219,669015,0.0,0.0
2023-02-16 00:00:00-05:00,120.80000305175781,126.19999694824219,116.80000305175781,119.5999984741211,809205,0.0,0.0
2023-02-17 00:00:00-05:00,122.0,128.39999389648438,117.9000015258789,127.4000015258789,624620,0.0,0.0
2023-02-21 00:00:00-05:00,121.80000305175781,123.5999984741211,114.5999984741211,115.0,498255,0.0,0.0
2023-02-22 00:00:00-05:00,115.0,119.0,113.0,115.80000305175781,388350,0.0,0.0
2023-02-23 00:00:00-05:00,117.5999984741211,118.0,110.19999694824219,115.19999694824219,426715,0.0,0.0
2023-02-24 00:00:00-05:00,112.0,112.80000305175781,109.19999694824219,109.5999984741211,286890,0.0,0.0
2023-02-27 00:00:00-05:00,110.5999984741211,113.4000015258789,109.19999694824219,110.0,433780,0.0,0.0
2023-02-28 00:00:00-05:00,110.19999694824219,116.0,107.19999694824219,114.80000305175781,495585,0.0,0.0
2023-03-01 00:00:00-05:00,111.0,111.04000091552734,94.0,94.5999984741211,923090,0.0,0.0
2023-03-02 00:00:00-05:00,93.19999694824219,103.19999694824219,93.0,102.80000305175781,588230,0.0,0.0
2023-03-03 00:00:00-05:00,102.5999984741211,111.0,99.80000305175781,110.0,562100,0.0,0.0
2023-03-06 00:00:00-05:00,111.5999984741211,116.0,106.4000015258789,108.19999694824219,384990,0.0,0.0
2023-03-07 00:00:00-05:00,106.5999984741211,110.4000015258789,103.80000305175781,106.19999694824219,311040,0.0,0.0
2023-03-08 00:00:00-05:00,105.5999984741211,109.4000015258789,104.0,108.19999694824219,271340,0.0,0.0
2023-03-09 00:00:00-05:00,109.0,111.4000015258789,101.5999984741211,102.0,358100,0.0,0.0
2023-03-10 00:00:00-05:00,101.5999984741211,103.5,96.19999694824219,99.5999984741211,435470,0.0,0.0
2023-03-13 00:00:00-04:00,97.0,104.80000305175781,95.19999694824219,101.5999984741211,387985,0.0,0.0
2023-03-14 00:00:00-04:00,104.0,105.0,98.4000015258789,100.0,283690,0.0,0.0
2023-03-15 00:00:00-04:00,98.19999694824219,98.19999694824219,90.5999984741211,92.5999984741211,464310,0.0,0.0
2023-03-16 00:00:00-04:00,90.0,93.19999694824219,84.4000015258789,91.80000305175781,562255,0.0,0.0
2023-03-17 00:00:00-04:00,91.19999694824219,91.19999694824219,82.4000015258789,83.19999694824219,560165,0.0,0.0
2023-03-20 00:00:00-04:00,82.4000015258789,84.4000015258789,80.9000015258789,82.0,301990,0.0,0.0
2023-03-21 00:00:00-04:00,84.0,85.4000015258789,81.4000015258789,82.4000015258789,386360,0.0,0.0
2023-03-22 00:00:00-04:00,83.5999984741211,84.63999938964844,77.80000305175781,78.19999694824219,441135,0.0,0.0
2023-03-23 00:00:00-04:00,79.80000305175781,84.4000015258789,78.80000305175781,80.5999984741211,449880,0.0,0.0
2023-03-24 00:00:00-04:00,79.19999694824219,82.54000091552734,78.55999755859375,82.0,260420,0.0,0.0
2023-03-27 00:00:00-04:00,82.19999694824219,82.5999984741211,78.9000015258789,81.19999694824219,269830,0.0,0.0
2023-03-28 00:00:00-04:00,80.80000305175781,81.80000305175781,76.30000305175781,78.0,346880,0.0,0.0
2023-03-29 00:00:00-04:00,78.5999984741211,81.0,77.30000305175781,80.80000305175781,277220,0.0,0.0
2023-03-30 00:00:00-04:00,82.0,85.0,80.4000015258789,81.19999694824219,409860,0.0,0.0
2023-03-31 00:00:00-04:00,79.19999694824219,83.4000015258789,78.4000015258789,81.0,418235,0.0,0.0
2023-04-03 00:00:00-04:00,80.5999984741211,81.80000305175781,74.5999984741211,77.5999984741211,493560,0.0,0.0
2023-04-04 00:00:00-04:00,74.5999984741211,75.0,66.5999984741211,68.5999984741211,1033060,0.0,0.0
2023-04-05 00:00:00-04:00,67.5999984741211,69.0,62.400001525878906,63.79999923706055,569675,0.0,0.0
2023-04-06 00:00:00-04:00,62.79999923706055,63.79999923706055,59.599998474121094,63.0,683605,0.0,0.0
2023-04-10 00:00:00-04:00,62.0,70.19999694824219,61.79999923706055,69.19999694824219,682715,0.0,0.0
2023-04-11 00:00:00-04:00,69.0,72.30000305175781,68.80000305175781,71.5999984741211,504050,0.0,0.0
2023-04-12 00:00:00-04:00,72.0,73.5999984741211,65.0,65.4000015258789,418335,0.0,0.0
2023-04-13 00:00:00-04:00,67.0,69.5999984741211,66.0,69.0,352795,0.0,0.0
2023-04-14 00:00:00-04:00,68.19999694824219,69.0,64.0,66.5999984741211,313510,0.0,0.0
2023-04-17 00:00:00-04:00,67.5999984741211,70.0999984741211,66.5999984741211,69.4000015258789,312740,0.0,0.0
2023-04-18 00:00:00-04:00,69.0,71.69999694824219,67.5999984741211,70.5999984741211,350465,0.0,0.0
2023-04-19 00:00:00-04:00,69.4000015258789,73.5999984741211,68.4000015258789,72.19999694824219,257640,0.0,0.0
2023-04-20 00:00:00-04:00,71.19999694824219,75.19999694824219,69.4000015258789,71.5999984741211,476345,0.0,0.0
2023-04-21 00:00:00-04:00,71.19999694824219,72.80000305175781,69.0,70.19999694824219,304390,0.0,0.0
2023-04-24 00:00:00-04:00,70.19999694824219,71.55999755859375,67.4000015258789,68.80000305175781,242070,0.0,0.0
2023-04-25 00:00:00-04:00,67.4000015258789,67.4000015258789,62.0,63.20000076293945,511965,0.0,0.0
2023-04-26 00:00:00-04:00,65.19999694824219,67.0999984741211,61.599998474121094,63.79999923706055,467745,0.0,0.0
2023-04-27 00:00:00-04:00,66.0,70.5999984741211,65.83999633789062,70.19999694824219,373815,0.0,0.0
2023-04-28 00:00:00-04:00,69.19999694824219,72.80000305175781,68.5,72.80000305175781,263155,0.0,0.0
2023-05-01 00:00:00-04:00,71.80000305175781,74.5999984741211,69.80000305175781,71.4000015258789,273610,0.0,0.0
2023-05-02 00:00:00-04:00,70.5999984741211,71.19999694824219,67.4000015258789,68.80000305175781,264160,0.0,0.0
2023-05-03 00:00:00-04:00,69.80000305175781,70.80000305175781,67.4000015258789,68.5999984741211,281805,0.0,0.0
2023-05-04 00:00:00-04:00,68.0,70.0,66.5,69.19999694824219,229690,0.0,0.0
2023-05-05 00:00:00-04:00,71.0,72.5999984741211,70.5999984741211,72.19999694824219,197615,0.0,0.0
2023-05-08 00:00:00-04:00,79.4000015258789,89.80000305175781,73.19999694824219,81.5999984741211,1027510,0.0,0.0
2023-05-09 00:00:00-04:00,82.80000305175781,86.0,79.80000305175781,81.80000305175781,694085,0.0,0.0
2023-05-10 00:00:00-04:00,79.80000305175781,87.0,74.19999694824219,83.4000015258789,727440,0.0,0.0
2023-05-11 00:00:00-04:00,83.5999984741211,88.5999984741211,80.80000305175781,81.19999694824219,533085,0.0,0.0
2023-05-12 00:00:00-04:00,82.19999694824219,85.0999984741211,79.4000015258789,80.19999694824219,385445,0.0,0.0
2023-05-15 00:00:00-04:00,79.80000305175781,81.0,76.5999984741211,80.0,280095,0.0,0.0
2023-05-16 00:00:00-04:00,80.80000305175781,87.5999984741211,79.19999694824219,84.19999694824219,496165,0.0,0.0
2023-05-17 00:00:00-04:00,87.19999694824219,90.4000015258789,82.19999694824219,90.0,765575,0.0,0.0
2023-05-18 00:00:00-04:00,90.4000015258789,92.19999694824219,86.5999984741211,89.80000305175781,517075,0.0,0.0
2023-05-19 00:00:00-04:00,90.4000015258789,90.4000015258789,85.4000015258789,87.19999694824219,450145,0.0,0.0
2023-05-22 00:00:00-04:00,88.0,99.5999984741211,87.19999694824219,98.19999694824219,877975,0.0,0.0
2023-05-23 00:00:00-04:00,99.80000305175781,105.0,97.0,98.5999984741211,850895,0.0,0.0
2023-05-24 00:00:00-04:00,97.4000015258789,97.4000015258789,85.5999984741211,88.19999694824219,788750,0.0,0.0
2023-05-25 00:00:00-04:00,94.19999694824219,94.4000015258789,79.5999984741211,81.0,1132755,0.0,0.0
2023-05-26 00:00:00-04:00,77.5999984741211,79.80000305175781,66.19999694824219,67.5999984741211,1451470,0.0,0.0
2023-05-30 00:00:00-04:00,69.80000305175781,70.55999755859375,66.0,69.80000305175781,649275,0.0,0.0
2023-05-31 00:00:00-04:00,69.5999984741211,70.0,66.69999694824219,69.19999694824219,447590,0.0,0.0
2023-06-01 00:00:00-04:00,69.19999694824219,75.80000305175781,68.0,75.0,537110,0.0,0.0
2023-06-02 00:00:00-04:00,75.5999984741211,78.0,72.5999984741211,76.4000015258789,466685,0.0,0.0
2023-06-05 00:00:00-04:00,76.4000015258789,77.0,74.19999694824219,76.0,263785,0.0,0.0
2023-06-06 00:00:00-04:00,75.5999984741211,81.19999694824219,74.19999694824219,79.80000305175781,506525,0.0,0.0
2023-06-07 00:00:00-04:00,80.80000305175781,86.4000015258789,80.4000015258789,83.19999694824219,602005,0.0,0.0
2023-06-08 00:00:00-04:00,81.5999984741211,83.36000061035156,79.4000015258789,82.19999694824219,376955,0.0,0.0
2023-06-09 00:00:00-04:00,82.80000305175781,85.0,79.5999984741211,80.5999984741211,428775,0.0,0.0
2023-06-12 00:00:00-04:00,80.80000305175781,85.4000015258789,80.19999694824219,83.80000305175781,537940,0.0,0.0
2023-06-13 00:00:00-04:00,85.19999694824219,86.80000305175781,83.19999694824219,84.5999984741211,492435,0.0,0.0
2023-06-14 00:00:00-04:00,85.4000015258789,90.4000015258789,84.5999984741211,88.0,683400,0.0,0.0
2023-06-15 00:00:00-04:00,87.0,87.5999984741211,80.80000305175781,81.19999694824219,2084400,0.0,0.0
2023-06-16 00:00:00-04:00,114.4000015258789,119.4000015258789,90.19999694824219,94.5999984741211,7633150,0.0,0.0
2023-06-20 00:00:00-04:00,96.5999984741211,121.19999694824219,96.5999984741211,120.19999694824219,5678730,0.0,0.0
2023-06-21 00:00:00-04:00,120.0,123.36000061035156,106.4000015258789,114.19999694824219,2840660,0.0,0.0
2023-06-22 00:00:00-04:00,111.5999984741211,111.80000305175781,102.19999694824219,106.4000015258789,1835720,0.0,0.0
2023-06-23 00:00:00-04:00,94.19999694824219,96.5999984741211,82.19999694824219,86.80000305175781,3378425,0.0,0.0
2023-06-26 00:00:00-04:00,90.80000305175781,91.19999694824219,82.5999984741211,82.80000305175781,1693590,0.0,0.0
2023-06-27 00:00:00-04:00,83.80000305175781,87.19999694824219,80.5999984741211,86.80000305175781,1260945,0.0,0.0
2023-06-28 00:00:00-04:00,88.5999984741211,97.80000305175781,86.5999984741211,94.80000305175781,2205030,0.0,0.0
2023-06-29 00:00:00-04:00,95.80000305175781,97.5999984741211,81.5999984741211,84.5999984741211,4777615,0.0,0.0
2023-06-30 00:00:00-04:00,84.5999984741211,84.5999984741211,77.19999694824219,77.5999984741211,2591805,0.0,0.0
2023-07-03 00:00:00-04:00,77.19999694824219,77.5999984741211,73.5999984741211,75.4000015258789,1064655,0.0,0.0
2023-07-05 00:00:00-04:00,75.4000015258789,80.5999984741211,74.0,78.19999694824219,1274835,0.0,0.0
2023-07-06 00:00:00-04:00,76.80000305175781,76.80000305175781,72.0,73.5999984741211,1163045,0.0,0.0
2023-07-07 00:00:00-04:00,73.5999984741211,75.4000015258789,73.0,73.4000015258789,850210,0.0,0.0
2023-07-10 00:00:00-04:00,73.80000305175781,75.80000305175781,72.0,75.5999984741211,957215,0.0,0.0
2023-07-11 00:00:00-04:00,75.4000015258789,78.5999984741211,74.0,77.5999984741211,829995,0.0,0.0
2023-07-12 00:00:00-04:00,78.5999984741211,80.19999694824219,76.19999694824219,77.4000015258789,729340,0.0,0.0
2023-07-13 00:00:00-04:00,79.4000015258789,82.4000015258789,78.4000015258789,80.4000015258789,1187780,0.0,0.0
2023-07-14 00:00:00-04:00,81.19999694824219,84.5999984741211,75.0,76.0,1446285,0.0,0.0
2023-07-17 00:00:00-04:00,76.5999984741211,76.69999694824219,73.80000305175781,75.80000305175781,881590,0.0,0.0
2023-07-18 00:00:00-04:00,75.5999984741211,78.19999694824219,75.19999694824219,76.0,649020,0.0,0.0
2023-07-19 00:00:00-04:00,77.0,81.0,76.80000305175781,79.5999984741211,945595,0.0,0.0
2023-07-20 00:00:00-04:00,78.5999984741211,79.19999694824219,76.19999694824219,78.0,645390,0.0,0.0
2023-07-21 00:00:00-04:00,78.0,79.5999984741211,75.19999694824219,76.5999984741211,673780,0.0,0.0
2023-07-24 00:00:00-04:00,77.19999694824219,78.80000305175781,74.4000015258789,75.4000015258789,619285,0.0,0.0
2023-07-25 00:00:00-04:00,75.5999984741211,75.9000015258789,73.4000015258789,73.80000305175781,604635,0.0,0.0
2023-07-26 00:00:00-04:00,74.0,78.19999694824219,73.5999984741211,78.0,759365,0.0,0.0
2023-07-27 00:00:00-04:00,78.5999984741211,80.0,74.0,75.0,793760,0.0,0.0
2023-07-28 00:00:00-04:00,76.5999984741211,79.19999694824219,75.5999984741211,78.5999984741211,691375,0.0,0.0
2023-07-31 00:00:00-04:00,80.19999694824219,86.4000015258789,80.0,85.5999984741211,1430625,0.0,0.0
2023-08-01 00:00:00-04:00,82.4000015258789,84.80000305175781,80.5999984741211,82.80000305175781,892695,0.0,0.0
2023-08-02 00:00:00-04:00,78.5999984741211,85.0,77.0,79.19999694824219,979125,0.0,0.0
2023-08-03 00:00:00-04:00,78.4000015258789,78.69999694824219,75.0,76.0,851660,0.0,0.0
2023-08-04 00:00:00-04:00,76.0,77.0,73.5999984741211,74.4000015258789,798160,0.0,0.0
2023-08-07 00:00:00-04:00,75.5999984741211,75.80000305175781,68.4000015258789,70.5999984741211,1165620,0.0,0.0
2023-08-08 00:00:00-04:00,68.69999694824219,70.0,66.80000305175781,69.19999694824219,655785,0.0,0.0
2023-08-09 00:00:00-04:00,70.0,72.77999877929688,67.5999984741211,67.5999984741211,772720,0.0,0.0
2023-08-10 00:00:00-04:00,69.19999694824219,70.19999694824219,64.5999984741211,64.80000305175781,1225715,0.0,0.0
2023-08-11 00:00:00-04:00,65.4000015258789,65.4000015258789,62.20000076293945,64.80000305175781,905455,0.0,0.0
2023-08-14 00:00:00-04:00,64.4000015258789,65.0,61.599998474121094,63.0,608940,0.0,0.0
2023-08-15 00:00:00-04:00,63.0,63.0,57.400001525878906,57.79999923706055,1317525,0.0,0.0
2023-08-16 00:00:00-04:00,56.20000076293945,58.400001525878906,52.400001525878906,55.400001525878906,985640,0.0,0.0
2023-08-17 00:00:00-04:00,56.0,57.099998474121094,54.20000076293945,54.599998474121094,542415,0.0,0.0
2023-08-18 00:00:00-04:00,53.400001525878906,58.79999923706055,52.7400016784668,57.0,1099965,0.0,0.0
2023-08-21 00:00:00-04:00,57.599998474121094,57.599998474121094,54.79999923706055,55.79999923706055,510580,0.0,0.0
2023-08-22 00:00:00-04:00,56.79999923706055,57.79999923706055,52.560001373291016,55.0,608060,0.0,0.0
2023-08-23 00:00:00-04:00,54.20000076293945,56.79999923706055,53.70000076293945,55.20000076293945,482555,0.0,0.0
2023-08-24 00:00:00-04:00,55.20000076293945,55.20000076293945,49.599998474121094,51.599998474121094,733650,0.0,0.0
2023-08-25 00:00:00-04:00,51.599998474121094,52.0,49.20000076293945,50.79999923706055,526250,0.0,0.0
2023-08-28 00:00:00-04:00,51.79999923706055,52.29999923706055,50.599998474121094,51.79999923706055,407485,0.0,0.0
2023-08-29 00:00:00-04:00,51.79999923706055,55.20000076293945,50.79999923706055,53.599998474121094,540520,0.0,0.0
2023-08-30 00:00:00-04:00,54.20000076293945,54.20000076293945,52.0,53.0,377455,0.0,0.0
2023-08-31 00:00:00-04:00,53.0,53.599998474121094,50.400001525878906,50.400001525878906,595620,0.0,0.0
2023-09-01 00:00:00-04:00,51.0,52.20000076293945,50.400001525878906,51.599998474121094,422500,0.0,0.0
2023-09-05 00:00:00-04:00,51.400001525878906,54.0,50.599998474121094,51.0,737185,0.0,0.0
2023-09-06 00:00:00-04:00,51.400001525878906,52.29999923706055,49.599998474121094,49.599998474121094,474845,0.0,0.0
2023-09-07 00:00:00-04:00,49.0,49.20000076293945,45.79999923706055,46.79999923706055,788985,0.0,0.0
2023-09-08 00:00:00-04:00,47.20000076293945,47.20000076293945,44.400001525878906,45.79999923706055,648385,0.0,0.0
2023-09-11 00:00:00-04:00,46.0,46.20000076293945,41.0,41.20000076293945,1314865,0.0,0.0
2023-09-12 00:00:00-04:00,40.79999923706055,42.400001525878906,40.0,41.0,749785,0.0,0.0
2023-09-13 00:00:00-04:00,40.599998474121094,41.400001525878906,37.599998474121094,38.20000076293945,1165710,0.0,0.0
2023-09-14 00:00:00-04:00,38.0,41.400001525878906,37.20000076293945,39.79999923706055,989620,0.0,0.0
2023-09-15 00:00:00-04:00,40.400001525878906,41.79999923706055,39.79999923706055,41.0,2376220,0.0,0.0
2023-09-18 00:00:00-04:00,40.79999923706055,40.79999923706055,36.599998474121094,37.400001525878906,692050,0.0,0.0
2023-09-19 00:00:00-04:00,37.599998474121094,40.400001525878906,37.41999816894531,40.20000076293945,637295,0.0,0.0
2023-09-20 00:00:00-04:00,40.20000076293945,40.400001525878906,38.20000076293945,38.20000076293945,518875,0.0,0.0
2023-09-21 00:00:00-04:00,37.400001525878906,38.0,35.79999923706055,36.20000076293945,508630,0.0,0.0
2023-09-22 00:00:00-04:00,36.79999923706055,37.599998474121094,34.0,34.20000076293945,559265,0.0,0.0
2023-09-25 00:00:00-04:00,33.79999923706055,34.400001525878906,32.599998474121094,33.599998474121094,451925,0.0,0.0
2023-09-26 00:00:00-04:00,33.20000076293945,35.20000076293945,32.599998474121094,32.599998474121094,442240,0.0,0.0
2023-09-27 00:00:00-04:00,33.20000076293945,33.79999923706055,31.399999618530273,33.0,402910,0.0,0.0
2023-09-28 00:00:00-04:00,33.20000076293945,35.36000061035156,32.599998474121094,34.400001525878906,369250,0.0,0.0
2023-09-29 00:00:00-04:00,35.0,36.29999923706055,34.400001525878906,36.0,324235,0.0,0.0
2023-10-02 00:00:00-04:00,36.599998474121094,36.79999923706055,34.79999923706055,35.400001525878906,357700,0.0,0.0
2023-10-03 00:00:00-04:00,34.0,34.400001525878906,32.79999923706055,33.20000076293945,333505,0.0,0.0
2023-10-04 00:00:00-04:00,33.20000076293945,33.400001525878906,32.0,32.400001525878906,298775,0.0,0.0
2023-10-05 00:00:00-04:00,32.0,33.400001525878906,31.600000381469727,32.400001525878906,325695,0.0,0.0
2023-10-06 00:00:00-04:00,32.0,34.0,31.600000381469727,33.599998474121094,322080,0.0,0.0
2023-10-09 00:00:00-04:00,32.599998474121094,33.400001525878906,30.600000381469727,30.600000381469727,438375,0.0,0.0
2023-10-10 00:00:00-04:00,31.600000381469727,35.79999923706055,31.0,34.0,801765,0.0,0.0
2023-10-11 00:00:00-04:00,34.599998474121094,35.79999923706055,32.400001525878906,33.0,473710,0.0,0.0
2023-10-12 00:00:00-04:00,33.20000076293945,33.599998474121094,31.0,31.0,426105,0.0,0.0
2023-10-13 00:00:00-04:00,31.399999618530273,32.79999923706055,30.5,32.79999923706055,459720,0.0,0.0
2023-10-16 00:00:00-04:00,32.599998474121094,35.400001525878906,31.799999237060547,35.0,478540,0.0,0.0
2023-10-17 00:00:00-04:00,34.400001525878906,37.0,34.0,36.599998474121094,472220,0.0,0.0
2023-10-18 00:00:00-04:00,35.599998474121094,36.400001525878906,33.599998474121094,34.20000076293945,365035,0.0,0.0
2023-10-19 00:00:00-04:00,33.79999923706055,35.599998474121094,33.400001525878906,35.0,356020,0.0,0.0
2023-10-20 00:00:00-04:00,34.400001525878906,34.900001525878906,32.20000076293945,32.79999923706055,585210,0.0,0.0
2023-10-23 00:00:00-04:00,32.599998474121094,33.599998474121094,30.799999237060547,30.799999237060547,408865,0.0,0.0
2023-10-24 00:00:00-04:00,32.0,32.79999923706055,30.399999618530273,30.600000381469727,474170,0.0,0.0
2023-10-25 00:00:00-04:00,30.799999237060547,30.799999237060547,28.200000762939453,28.399999618530273,522065,0.0,0.0
2023-10-26 00:00:00-04:00,28.399999618530273,30.399999618530273,27.799999237060547,29.600000381469727,530375,0.0,0.0
2023-10-27 00:00:00-04:00,30.600000381469727,30.799999237060547,27.600000381469727,27.600000381469727,375150,0.0,0.0
2023-10-30 00:00:00-04:00,28.600000381469727,29.600000381469727,27.600000381469727,28.799999237060547,346570,0.0,0.0
2023-10-31 00:00:00-04:00,28.799999237060547,30.0,28.600000381469727,29.600000381469727,314800,0.0,0.0
2023-11-01 00:00:00-04:00,29.600000381469727,30.200000762939453,28.600000381469727,29.799999237060547,267745,0.0,0.0
2023-11-02 00:00:00-04:00,30.799999237060547,34.29999923706055,30.799999237060547,34.0,734170,0.0,0.0
2023-11-03 00:00:00-04:00,34.400001525878906,37.5,34.20000076293945,37.0,734945,0.0,0.0
2023-11-06 00:00:00-05:00,36.79999923706055,37.20000076293945,33.0,33.79999923706055,514505,0.0,0.0
2023-11-07 00:00:00-05:00,33.599998474121094,35.400001525878906,33.400001525878906,34.79999923706055,448490,0.0,0.0
2023-11-08 00:00:00-05:00,33.79999923706055,34.0,30.799999237060547,31.200000762939453,580570,0.0,0.0
2023-11-09 00:00:00-05:00,36.20000076293945,41.599998474121094,35.20000076293945,37.20000076293945,1874550,0.0,0.0
2023-11-10 00:00:00-05:00,37.79999923706055,38.20000076293945,35.400001525878906,35.79999923706055,601620,0.0,0.0
2023-11-13 00:00:00-05:00,35.400001525878906,38.400001525878906,34.20000076293945,37.79999923706055,522675,0.0,0.0
2023-11-14 00:00:00-05:00,39.599998474121094,42.599998474121094,39.400001525878906,42.599998474121094,834360,0.0,0.0
2023-11-15 00:00:00-05:00,43.599998474121094,47.099998474121094,43.400001525878906,43.79999923706055,918910,0.0,0.0
2023-11-16 00:00:00-05:00,43.20000076293945,43.7599983215332,40.0,41.599998474121094,466030,0.0,0.0
2023-11-17 00:00:00-05:00,42.20000076293945,44.20000076293945,41.400001525878906,43.79999923706055,472340,0.0,0.0
2023-11-20 00:00:00-05:00,44.79999923706055,46.0,44.0,45.0,455695,0.0,0.0
2023-11-21 00:00:00-05:00,44.400001525878906,44.400001525878906,41.20000076293945,42.599998474121094,399260,0.0,0.0
2023-11-22 00:00:00-05:00,40.400001525878906,41.599998474121094,38.29999923706055,39.79999923706055,558875,0.0,0.0
2023-11-24 00:00:00-05:00,38.20000076293945,42.20000076293945,37.79999923706055,42.0,324415,0.0,0.0
2023-11-27 00:00:00-05:00,41.400001525878906,41.779998779296875,39.5,41.400001525878906,447825,0.0,0.0
2023-11-28 00:00:00-05:00,40.79999923706055,42.79999923706055,39.599998474121094,42.400001525878906,499815,0.0,0.0
2023-11-29 00:00:00-05:00,43.0,45.20000076293945,42.400001525878906,44.0,543775,0.0,0.0
2023-11-30 00:00:00-05:00,44.599998474121094,45.599998474121094,42.79999923706055,44.599998474121094,527985,0.0,0.0
2023-12-01 00:00:00-05:00,43.79999923706055,47.0,43.5,46.79999923706055,562995,0.0,0.0
2023-12-04 00:00:00-05:00,39.599998474121094,42.599998474121094,38.400001525878906,38.599998474121094,1404930,0.0,0.0
2023-12-05 00:00:00-05:00,38.20000076293945,38.599998474121094,36.79999923706055,38.20000076293945,493745,0.0,0.0
2023-12-06 00:00:00-05:00,38.79999923706055,42.79999923706055,38.599998474121094,40.400001525878906,941040,0.0,0.0
2023-12-07 00:00:00-05:00,40.400001525878906,44.79999923706055,39.79999923706055,44.599998474121094,822260,0.0,0.0
2023-12-08 00:00:00-05:00,44.20000076293945,46.79999923706055,43.20000076293945,46.599998474121094,710660,0.0,0.0
2023-12-11 00:00:00-05:00,45.0,47.20000076293945,44.79999923706055,46.400001525878906,532900,0.0,0.0
2023-12-12 00:00:00-05:00,46.79999923706055,46.79999923706055,43.400001525878906,44.599998474121094,421350,0.0,0.0
2023-12-13 00:00:00-05:00,44.400001525878906,49.20000076293945,43.20000076293945,49.0,785595,0.0,0.0
2023-12-14 00:00:00-05:00,49.599998474121094,54.400001525878906,49.599998474121094,51.20000076293945,1140470,0.0,0.0
2023-12-15 00:00:00-05:00,52.0,53.0,49.20000076293945,50.20000076293945,1616495,0.0,0.0
2023-12-18 00:00:00-05:00,49.599998474121094,51.20000076293945,48.20000076293945,49.400001525878906,493045,0.0,0.0
2023-12-19 00:00:00-05:00,49.599998474121094,53.0,49.5,52.79999923706055,548465,0.0,0.0
2023-12-20 00:00:00-05:00,51.599998474121094,52.099998474121094,47.0,47.20000076293945,618500,0.0,0.0
2023-12-21 00:00:00-05:00,49.599998474121094,50.20000076293945,48.0,49.400001525878906,327540,0.0,0.0
2023-12-22 00:00:00-05:00,49.400001525878906,53.0,48.0,52.0,578435,0.0,0.0
2023-12-26 00:00:00-05:00,52.20000076293945,53.79999923706055,51.0,53.0,497420,0.0,0.0
2023-12-27 00:00:00-05:00,53.20000076293945,54.599998474121094,52.0,54.0,579540,0.0,0.0
2023-12-28 00:00:00-05:00,53.400001525878906,53.79999923706055,50.20000076293945,50.79999923706055,525475,0.0,0.0
2023-12-29 00:00:00-05:00,51.0,51.400001525878906,47.400001525878906,49.0,567205,0.0,0.0
2024-01-02 00:00:00-05:00,47.79999923706055,50.79999923706055,47.0,47.400001525878906,438390,0.0,0.0
2024-01-03 00:00:00-05:00,45.79999923706055,46.400001525878906,44.400001525878906,46.20000076293945,451765,0.0,0.0
2024-01-04 00:00:00-05:00,46.400001525878906,48.0,45.400001525878906,46.79999923706055,335700,0.0,0.0
2024-01-05 00:00:00-05:00,46.599998474121094,47.79999923706055,45.400001525878906,46.599998474121094,287145,0.0,0.0
2024-01-08 00:00:00-05:00,45.599998474121094,48.0,44.0,47.0,447125,0.0,0.0
2024-01-09 00:00:00-05:00,45.400001525878906,46.400001525878906,44.70000076293945,45.599998474121094,331105,0.0,0.0
2024-01-10 00:00:00-05:00,48.0,48.599998474121094,45.599998474121094,46.0,386500,0.0,0.0
2024-01-11 00:00:00-05:00,45.400001525878906,45.5,41.400001525878906,43.400001525878906,493125,0.0,0.0
2024-01-12 00:00:00-05:00,43.400001525878906,45.0,41.79999923706055,42.20000076293945,387265,0.0,0.0
2024-01-16 00:00:00-05:00,41.599998474121094,42.099998474121094,39.0,39.0,487075,0.0,0.0
2024-01-17 00:00:00-05:00,38.0,39.400001525878906,37.400001525878906,39.20000076293945,404290,0.0,0.0
2024-01-18 00:00:00-05:00,40.0,40.400001525878906,38.0,38.79999923706055,348640,0.0,0.0
2024-01-19 00:00:00-05:00,39.20000076293945,39.20000076293945,36.400001525878906,38.400001525878906,479525,0.0,0.0
2024-01-22 00:00:00-05:00,38.79999923706055,41.5,38.70000076293945,41.0,419515,0.0,0.0
2024-01-23 00:00:00-05:00,42.0,43.20000076293945,41.20000076293945,41.79999923706055,342080,0.0,0.0
2024-01-24 00:00:00-05:00,42.400001525878906,43.20000076293945,40.0,40.20000076293945,302405,0.0,0.0
2024-01-25 00:00:00-05:00,40.20000076293945,41.20000076293945,39.0,39.0,368715,0.0,0.0
2024-01-26 00:00:00-05:00,39.20000076293945,41.0,37.619998931884766,37.79999923706055,445270,0.0,0.0
2024-01-29 00:00:00-05:00,38.0,38.599998474121094,36.79999923706055,38.400001525878906,315285,0.0,0.0
2024-01-30 00:00:00-05:00,38.400001525878906,38.400001525878906,35.79999923706055,35.79999923706055,494280,0.0,0.0
2024-01-31 00:00:00-05:00,36.20000076293945,38.400001525878906,35.0,35.599998474121094,546320,0.0,0.0
2024-02-01 00:00:00-05:00,36.599998474121094,37.400001525878906,34.400001525878906,35.79999923706055,441405,0.0,0.0
2024-02-02 00:00:00-05:00,35.20000076293945,35.400001525878906,34.0,34.79999923706055,403875,0.0,0.0
2024-02-05 00:00:00-05:00,35.20000076293945,35.20000076293945,33.0,33.20000076293945,373670,0.0,0.0
2024-02-06 00:00:00-05:00,33.0,36.20000076293945,33.0,36.20000076293945,465805,0.0,0.0
2024-02-07 00:00:00-05:00,36.400001525878906,36.400001525878906,34.79999923706055,35.400001525878906,313445,0.0,0.0
2024-02-08 00:00:00-05:00,35.79999923706055,36.20000076293945,35.0,35.20000076293945,260415,0.0,0.0
2024-02-09 00:00:00-05:00,35.599998474121094,36.20000076293945,34.400001525878906,35.79999923706055,316280,0.0,0.0
2024-02-12 00:00:00-05:00,35.79999923706055,38.400001525878906,35.20000076293945,37.400001525878906,477240,0.0,0.0
2024-02-13 00:00:00-05:00,35.599998474121094,36.0,33.599998474121094,34.400001525878906,517820,0.0,0.0
2024-02-14 00:00:00-05:00,35.0,39.20000076293945,35.0,39.0,429585,0.0,0.0
2024-02-15 00:00:00-05:00,38.5,39.599998474121094,37.20000076293945,38.400001525878906,420520,0.0,0.0
2024-02-16 00:00:00-05:00,37.599998474121094,38.20000076293945,36.70000076293945,37.0,347390,0.0,0.0
2024-02-20 00:00:00-05:00,36.79999923706055,37.599998474121094,35.79999923706055,36.20000076293945,330990,0.0,0.0
2024-02-21 00:00:00-05:00,35.79999923706055,36.0,34.79999923706055,35.20000076293945,323005,0.0,0.0
2024-02-22 00:00:00-05:00,35.79999923706055,36.20000076293945,33.0,33.400001525878906,561500,0.0,0.0
2024-02-23 00:00:00-05:00,34.0,34.599998474121094,32.20000076293945,33.0,461165,0.0,0.0
2024-02-26 00:00:00-05:00,33.79999923706055,35.599998474121094,32.70000076293945,35.599998474121094,418935,0.0,0.0
2024-02-27 00:00:00-05:00,35.400001525878906,38.97999954223633,35.400001525878906,38.0,765525,0.0,0.0
2024-02-28 00:00:00-05:00,36.20000076293945,37.0,34.0,35.0,573720,0.0,0.0
2024-02-29 00:00:00-05:00,36.0,36.20000076293945,34.400001525878906,34.79999923706055,351425,0.0,0.0
2024-03-01 00:00:00-05:00,34.79999923706055,35.400001525878906,33.599998474121094,33.79999923706055,460725,0.0,0.0
2024-03-04 00:00:00-05:00,34.20000076293945,34.20000076293945,31.600000381469727,32.20000076293945,622450,0.0,0.0
2024-03-05 00:00:00-05:00,32.20000076293945,33.20000076293945,31.600000381469727,32.0,380675,0.0,0.0
2024-03-06 00:00:00-05:00,32.79999923706055,33.79999923706055,31.799999237060547,32.599998474121094,494370,0.0,0.0
2024-03-07 00:00:00-05:00,33.0,35.0,32.599998474121094,34.400001525878906,526165,0.0,0.0
2024-03-08 00:00:00-05:00,34.599998474121094,36.599998474121094,34.20000076293945,34.400001525878906,461510,0.0,0.0
2024-03-11 00:00:00-04:00,34.599998474121094,36.400001525878906,34.400001525878906,34.599998474121094,357680,0.0,0.0
2024-03-12 00:00:00-04:00,34.599998474121094,34.599998474121094,33.0,33.400001525878906,466620,0.0,0.0
2024-03-13 00:00:00-04:00,33.0,34.79999923706055,32.79999923706055,34.0,375845,0.0,0.0
2024-03-14 00:00:00-04:00,33.79999923706055,33.79999923706055,32.400001525878906,32.599998474121094,394210,0.0,0.0
2024-03-15 00:00:00-04:00,32.79999923706055,34.599998474121094,32.599998474121094,33.20000076293945,1326535,0.0,0.0
2024-03-18 00:00:00-04:00,33.79999923706055,33.79999923706055,29.799999237060547,30.0,1025505,0.0,0.0
2024-03-19 00:00:00-04:00,30.200000762939453,30.600000381469727,27.600000381469727,28.0,827605,0.0,0.0
2024-03-20 00:00:00-04:00,29.0,29.0,27.399999618530273,28.600000381469727,777560,0.0,0.0
2024-03-21 00:00:00-04:00,28.799999237060547,29.799999237060547,28.200000762939453,28.600000381469727,340030,0.0,0.0
2024-03-22 00:00:00-04:00,28.399999618530273,28.399999618530273,27.399999618530273,27.600000381469727,367170,0.0,0.0
2024-03-25 00:00:00-04:00,27.799999237060547,28.399999618530273,26.600000381469727,27.0,432630,0.0,0.0
2024-03-26 00:00:00-04:00,27.200000762939453,28.600000381469727,27.0,27.799999237060547,370110,0.0,0.0
2024-03-27 00:00:00-04:00,27.799999237060547,29.399999618530273,27.200000762939453,29.200000762939453,452890,0.0,0.0
2024-03-28 00:00:00-04:00,28.799999237060547,30.399999618530273,28.799999237060547,29.600000381469727,413895,0.0,0.0
2024-04-01 00:00:00-04:00,29.600000381469727,29.799999237060547,28.0,28.600000381469727,328840,0.0,0.0
2024-04-02 00:00:00-04:00,28.0,28.100000381469727,26.200000762939453,26.200000762939453,453625,0.0,0.0
2024-04-03 00:00:00-04:00,26.399999618530273,26.600000381469727,25.0,25.799999237060547,413315,0.0,0.0
2024-04-04 00:00:00-04:00,25.600000381469727,26.399999618530273,25.0,25.200000762939453,407705,0.0,0.0
2024-04-05 00:00:00-04:00,25.399999618530273,25.5,24.600000381469727,24.799999237060547,395980,0.0,0.0
2024-04-08 00:00:00-04:00,25.200000762939453,25.799999237060547,23.600000381469727,23.600000381469727,459450,0.0,0.0
2024-04-09 00:00:00-04:00,23.799999237060547,24.0,22.799999237060547,23.399999618530273,507190,0.0,0.0
2024-04-10 00:00:00-04:00,22.799999237060547,23.0,20.799999237060547,22.0,805615,0.0,0.0
2024-04-11 00:00:00-04:00,22.0,22.799999237060547,21.399999618530273,22.399999618530273,314850,0.0,0.0
2024-04-12 00:00:00-04:00,22.200000762939453,23.200000762939453,21.200000762939453,21.600000381469727,424495,0.0,0.0
2024-04-15 00:00:00-04:00,21.600000381469727,21.799999237060547,19.399999618530273,20.399999618530273,874365,0.0,0.0
2024-04-16 00:00:00-04:00,20.200000762939453,21.0,19.600000381469727,20.799999237060547,673935,0.0,0.0
2024-04-17 00:00:00-04:00,20.600000381469727,21.399999618530273,18.700000762939453,18.860000610351562,987575,0.0,0.0
2024-04-18 00:00:00-04:00,19.0,20.0,18.0,19.399999618530273,1263080,0.0,0.0
2024-04-19 00:00:00-04:00,18.200000762939453,18.6200008392334,15.800000190734863,17.1200008392334,1974885,0.0,0.0
2024-04-22 00:00:00-04:00,16.6200008392334,16.799999237060547,14.0600004196167,15.039999961853027,2613350,0.0,0.0
2024-04-23 00:00:00-04:00,15.199999809265137,19.979999542236328,15.020000457763672,18.399999618530273,3179625,0.0,0.0
2024-04-24 00:00:00-04:00,18.799999237060547,19.799999237060547,16.84000015258789,17.399999618530273,1244370,0.0,0.0
2024-04-25 00:00:00-04:00,17.239999771118164,17.579999923706055,15.800000190734863,17.200000762939453,1360625,0.0,0.0
2024-04-26 00:00:00-04:00,17.360000610351562,17.780000686645508,16.739999771118164,17.760000228881836,793070,0.0,0.0
2024-04-29 00:00:00-04:00,17.780000686645508,18.399999618530273,16.799999237060547,17.68000030517578,906025,0.0,0.0
2024-04-30 00:00:00-04:00,17.440000534057617,17.760000228881836,16.81999969482422,17.399999618530273,670300,0.0,0.0
2024-05-01 00:00:00-04:00,17.6200008392334,19.600000381469727,17.600000381469727,18.540000915527344,1598000,0.0,0.0
2024-05-02 00:00:00-04:00,19.280000686645508,19.520000457763672,16.920000076293945,17.639999389648438,1105430,0.0,0.0
2024-05-03 00:00:00-04:00,18.0,20.0,17.799999237060547,18.959999084472656,2299310,0.0,0.0
2024-05-06 00:00:00-04:00,19.600000381469727,21.399999618530273,19.5,20.600000381469727,727870,0.0,0.0
2024-05-07 00:00:00-04:00,20.799999237060547,21.0,18.81999969482422,20.200000762939453,1043805,0.0,0.0
2024-05-08 00:00:00-04:00,19.3799991607666,20.200000762939453,18.0,19.899999618530273,1367825,0.0,0.0
2024-05-09 00:00:00-04:00,19.639999389648438,20.600000381469727,19.020000457763672,20.600000381469727,596190,0.0,0.0
2024-05-10 00:00:00-04:00,20.399999618530273,20.600000381469727,19.040000915527344,19.040000915527344,1512405,0.0,0.0
2024-05-13 00:00:00-04:00,19.399999618530273,21.799999237060547,19.260000228881836,20.799999237060547,1032880,0.0,0.0
2024-05-14 00:00:00-04:00,25.399999618530273,28.200000762939453,23.399999618530273,25.399999618530273,3936750,0.0,0.0
2024-05-15 00:00:00-04:00,23.600000381469727,24.0,21.0,21.200000762939453,1169720,0.0,0.0
2024-05-16 00:00:00-04:00,22.0,22.0,20.399999618530273,20.600000381469727,426595,0.0,0.0
2024-05-17 00:00:00-04:00,20.200000762939453,21.600000381469727,19.260000228881836,20.200000762939453,667595,0.0,0.0
2024-05-20 00:00:00-04:00,20.399999618530273,20.559999465942383,19.399999618530273,19.8799991607666,839665,0.0,0.0
2024-05-21 00:00:00-04:00,19.84000015258789,19.920000076293945,19.260000228881836,19.399999618530273,624075,0.0,0.0
2024-05-22 00:00:00-04:00,19.200000762939453,19.81999969482422,18.360000610351562,18.399999618530273,586530,0.0,0.0
2024-05-23 00:00:00-04:00,19.0,19.079999923706055,17.739999771118164,18.079999923706055,795900,0.0,0.0
2024-05-24 00:00:00-04:00,18.299999237060547,18.299999237060547,17.0,17.139999389648438,973145,0.0,0.0
2024-05-28 00:00:00-04:00,17.920000076293945,23.0,17.860000610351562,21.0,2384465,0.0,0.0
2024-05-29 00:00:00-04:00,20.600000381469727,20.600000381469727,18.84000015258789,19.020000457763672,1415385,0.0,0.0
2024-05-30 00:00:00-04:00,19.5,19.540000915527344,17.219999313354492,17.579999923706055,2608620,0.0,0.0
2024-05-31 00:00:00-04:00,17.700000762939453,18.84000015258789,17.079999923706055,17.299999237060547,2193140,0.0,0.0
2024-06-03 00:00:00-04:00,18.260000228881836,18.399999618530273,17.239999771118164,18.15999984741211,1819150,0.0,0.0
2024-06-04 00:00:00-04:00,17.899999618530273,18.780000686645508,17.280000686645508,17.299999237060547,2011475,0.0,0.0
2024-06-05 00:00:00-04:00,17.399999618530273,17.799999237060547,16.8799991607666,17.260000228881836,2300715,0.0,0.0
2024-06-06 00:00:00-04:00,17.200000762939453,17.360000610351562,16.5,16.559999465942383,1183545,0.0,0.0
2024-06-07 00:00:00-04:00,16.600000381469727,17.200000762939453,16.399999618530273,16.920000076293945,1271400,0.0,0.0
2024-06-10 00:00:00-04:00,16.920000076293945,17.399999618530273,16.020000457763672,16.040000915527344,3017775,0.0,0.0
2024-06-11 00:00:00-04:00,16.0,18.600000381469727,15.4399995803833,18.020000457763672,3893430,0.0,0.0
2024-06-12 00:00:00-04:00,17.799999237060547,18.239999771118164,16.920000076293945,17.040000915527344,2557570,0.0,0.0
2024-06-13 00:00:00-04:00,14.800000190734863,15.960000038146973,14.279999732971191,14.600000381469727,4201530,0.0,0.0
2024-06-14 00:00:00-04:00,14.800000190734863,14.819999694824219,13.399999618530273,13.699999809265137,2887950,0.0,0.0
2024-06-17 00:00:00-04:00,10.0,12.720000267028809,9.100000381469727,11.699999809265137,3986700,0.0,0.0
2024-06-18 00:00:00-04:00,11.5,11.5,9.289999961853027,10.130000114440918,5511500,0.0,0.0
2024-06-20 00:00:00-04:00,9.920000076293945,10.0,8.760000228881836,8.859999656677246,3396100,0.0,0.0
2024-06-21 00:00:00-04:00,8.90999984741211,9.725000381469727,8.550000190734863,9.520000457763672,6102100,0.0,0.0
2024-06-24 00:00:00-04:00,9.300000190734863,9.770000457763672,8.659000396728516,8.84000015258789,2474300,0.0,0.0
2024-06-25 00:00:00-04:00,8.739999771118164,9.0649995803833,8.539999961853027,8.710000038146973,2022100,0.0,0.0
2024-06-26 00:00:00-04:00,8.680000305175781,9.229999542236328,8.5600004196167,8.880000114440918,1268800,0.0,0.0
2024-06-27 00:00:00-04:00,8.779999732971191,9.140000343322754,8.649999618530273,8.75,1378900,0.0,0.0
2024-06-28 00:00:00-04:00,8.710000038146973,8.710000038146973,8.210000038146973,8.430000305175781,2571800,0.0,0.0
2024-07-01 00:00:00-04:00,8.390000343322754,8.600000381469727,7.760000228881836,7.929999828338623,1667100,0.0,0.0
2024-07-02 00:00:00-04:00,7.849999904632568,8.133999824523926,7.789999961853027,7.940000057220459,1318600,0.0,0.0
2024-07-03 00:00:00-04:00,7.980000019073486,8.289999961853027,7.800000190734863,7.869999885559082,975300,0.0,0.0
2024-07-05 00:00:00-04:00,7.900000095367432,8.5,7.539999961853027,8.239999771118164,2855700,0.0,0.0
2024-07-08 00:00:00-04:00,8.289999961853027,8.789999961853027,7.795000076293945,7.820000171661377,2515400,0.0,0.0
2024-07-09 00:00:00-04:00,7.800000190734863,7.829999923706055,7.0,7.039999961853027,3494600,0.0,0.0
2024-07-10 00:00:00-04:00,7.110000133514404,7.519999980926514,7.010000228881836,7.059999942779541,2683900,0.0,0.0
2024-07-11 00:00:00-04:00,7.150000095367432,7.849999904632568,7.079999923706055,7.71999979019165,4707300,0.0,0.0
2024-07-12 00:00:00-04:00,7.800000190734863,8.319999694824219,7.599999904632568,8.170000076293945,3588500,0.0,0.0
2024-07-15 00:00:00-04:00,8.100000381469727,8.100000381469727,7.349999904632568,7.550000190734863,3840100,0.0,0.0
2024-07-16 00:00:00-04:00,7.659999847412109,8.074999809265137,7.534999847412109,8.039999961853027,2963400,0.0,0.0
2024-07-17 00:00:00-04:00,7.880000114440918,8.286999702453613,7.0,7.150000095367432,4628600,0.0,0.0
2024-07-18 00:00:00-04:00,7.190000057220459,7.204999923706055,6.519999980926514,6.559999942779541,3952500,0.0,0.0
2024-07-19 00:00:00-04:00,6.5,6.599999904632568,6.21999979019165,6.460000038146973,2103000,0.0,0.0
2024-07-22 00:00:00-04:00,6.5,7.099999904632568,6.440000057220459,7.039999961853027,3401100,0.0,0.0
2024-07-23 00:00:00-04:00,6.909999847412109,7.139999866485596,6.824999809265137,6.860000133514404,1556900,0.0,0.0
2024-07-24 00:00:00-04:00,6.760000228881836,6.989999771118164,6.440000057220459,6.460000038146973,1488400,0.0,0.0
2024-07-25 00:00:00-04:00,6.400000095367432,6.989999771118164,6.320000171661377,6.71999979019165,1374900,0.0,0.0
2024-07-26 00:00:00-04:00,6.869999885559082,7.480000019073486,6.775000095367432,7.449999809265137,2399000,0.0,0.0
2024-07-29 00:00:00-04:00,7.460000038146973,7.579999923706055,7.090000152587891,7.090000152587891,1703100,0.0,0.0
2024-07-30 00:00:00-04:00,7.159999847412109,7.349999904632568,6.864999771118164,7.059999942779541,1146500,0.0,0.0
2024-07-31 00:00:00-04:00,7.119999885559082,7.800000190734863,7.010000228881836,7.110000133514404,2123600,0.0,0.0
2024-08-01 00:00:00-04:00,7.119999885559082,7.119999885559082,5.849999904632568,6.400000095367432,3106200,0.0,0.0
2024-08-02 00:00:00-04:00,6.050000190734863,6.550000190734863,6.0,6.010000228881836,1662500,0.0,0.0
2024-08-05 00:00:00-04:00,5.400000095367432,6.059999942779541,5.300000190734863,5.940000057220459,1714600,0.0,0.0
2024-08-06 00:00:00-04:00,5.980000019073486,6.008999824523926,5.599999904632568,5.639999866485596,1329000,0.0,0.0
2024-08-07 00:00:00-04:00,5.840000152587891,5.860000133514404,5.264999866485596,5.269999980926514,1871800,0.0,0.0
2024-08-08 00:00:00-04:00,5.800000190734863,6.369999885559082,5.730000019073486,6.010000228881836,3107800,0.0,0.0
2024-08-09 00:00:00-04:00,6.090000152587891,6.429999828338623,6.021999835968018,6.139999866485596,1211300,0.0,0.0
2024-08-12 00:00:00-04:00,6.215000152587891,6.289999961853027,5.760000228881836,5.820000171661377,1314100,0.0,0.0
2024-08-13 00:00:00-04:00,5.860000133514404,6.28000020980835,5.840000152587891,6.170000076293945,1082300,0.0,0.0
2024-08-14 00:00:00-04:00,6.289999961853027,6.289999961853027,5.960000038146973,6.210000038146973,876300,0.0,0.0
2024-08-15 00:00:00-04:00,6.320000171661377,6.909999847412109,6.320000171661377,6.849999904632568,2269000,0.0,0.0
2024-08-16 00:00:00-04:00,6.800000190734863,7.329999923706055,6.409999847412109,6.570000171661377,2731800,0.0,0.0
2024-08-19 00:00:00-04:00,6.639999866485596,6.880000114440918,6.46999979019165,6.820000171661377,967400,0.0,0.0
2024-08-20 00:00:00-04:00,6.849999904632568,7.110000133514404,6.480000019073486,6.510000228881836,1245000,0.0,0.0
2024-08-21 00:00:00-04:00,6.599999904632568,7.21999979019165,6.533999919891357,7.010000228881836,1941200,0.0,0.0
2024-08-22 00:00:00-04:00,7.0,7.070000171661377,6.65500020980835,6.670000076293945,1244900,0.0,0.0
2024-08-23 00:00:00-04:00,6.809999942779541,7.119999885559082,6.769999980926514,7.119999885559082,1280500,0.0,0.0
2024-08-26 00:00:00-04:00,7.210000038146973,7.355000019073486,6.96999979019165,7.050000190734863,1353800,0.0,0.0
2024-08-27 00:00:00-04:00,7.0,7.03000020980835,6.739999771118164,6.820000171661377,793100,0.0,0.0
2024-08-28 00:00:00-04:00,6.75,6.880000114440918,6.329999923706055,6.420000076293945,1195400,0.0,0.0
2024-08-29 00:00:00-04:00,6.539999961853027,6.78000020980835,6.400000095367432,6.579999923706055,735300,0.0,0.0
2024-08-30 00:00:00-04:00,6.630000114440918,6.839000225067139,6.550000190734863,6.690000057220459,732900,0.0,0.0
2024-09-03 00:00:00-04:00,6.610000133514404,6.619999885559082,6.019999980926514,6.159999847412109,1147100,0.0,0.0
2024-09-04 00:00:00-04:00,6.159999847412109,6.5,6.090000152587891,6.289999961853027,690500,0.0,0.0
2024-09-05 00:00:00-04:00,6.300000190734863,6.46999979019165,6.010000228881836,6.039999961853027,871100,0.0,0.0
2024-09-06 00:00:00-04:00,6.050000190734863,6.110000133514404,5.735000133514404,5.840000152587891,981500,0.0,0.0
2024-09-09 00:00:00-04:00,5.96999979019165,6.0960001945495605,5.860000133514404,5.989999771118164,723700,0.0,0.0
2024-09-10 00:00:00-04:00,5.949999809265137,5.980000019073486,5.75,5.920000076293945,675500,0.0,0.0
2024-09-11 00:00:00-04:00,5.840000152587891,6.239999771118164,5.769999980926514,6.239999771118164,868900,0.0,0.0
2024-09-12 00:00:00-04:00,6.28000020980835,6.445000171661377,6.111999988555908,6.28000020980835,949900,0.0,0.0
2024-09-13 00:00:00-04:00,6.400000095367432,7.09499979019165,6.400000095367432,6.989999771118164,2244100,0.0,0.0
2024-09-16 00:00:00-04:00,7.039999961853027,7.230000019073486,6.889999866485596,7.159999847412109,1764700,0.0,0.0
2024-09-17 00:00:00-04:00,6.809999942779541,7.010000228881836,6.420000076293945,6.96999979019165,2110900,0.0,0.0
2024-09-18 00:00:00-04:00,7.0,7.070000171661377,6.590000152587891,6.590000152587891,1445000,0.0,0.0
2024-09-19 00:00:00-04:00,6.889999866485596,6.929999828338623,6.46999979019165,6.5,1285000,0.0,0.0
2024-09-20 00:00:00-04:00,6.409999847412109,6.447000026702881,6.159999847412109,6.28000020980835,3736800,0.0,0.0
2024-09-23 00:00:00-04:00,6.269999980926514,6.309999942779541,6.010000228881836,6.090000152587891,1229100,0.0,0.0
2024-09-24 00:00:00-04:00,6.199999809265137,6.320000171661377,6.03000020980835,6.099999904632568,995100,0.0,0.0
2024-09-25 00:00:00-04:00,6.099999904632568,6.144999980926514,5.829999923706055,5.840000152587891,1149000,0.0,0.0
2024-09-26 00:00:00-04:00,6.0,6.199999809265137,5.929999828338623,6.03000020980835,1205500,0.0,0.0
2024-09-27 00:00:00-04:00,6.170000076293945,6.400000095367432,6.119999885559082,6.21999979019165,873900,0.0,0.0
2024-09-30 00:00:00-04:00,6.159999847412109,6.199999809265137,5.985000133514404,6.099999904632568,1177700,0.0,0.0
2024-10-01 00:00:00-04:00,6.039999961853027,6.079999923706055,5.829999923706055,5.840000152587891,1060000,0.0,0.0
2024-10-02 00:00:00-04:00,5.849999904632568,6.065000057220459,5.71999979019165,6.03000020980835,1246200,0.0,0.0
2024-10-03 00:00:00-04:00,5.940000057220459,5.96999979019165,5.739999771118164,5.829999923706055,1215400,0.0,0.0
2024-10-04 00:00:00-04:00,5.829999923706055,6.159999847412109,5.820000171661377,6.099999904632568,1288600,0.0,0.0
2024-10-07 00:00:00-04:00,6.119999885559082,6.150000095367432,5.945000171661377,6.150000095367432,807700,0.0,0.0
2024-10-08 00:00:00-04:00,6.110000133514404,6.239999771118164,6.039999961853027,6.170000076293945,676900,0.0,0.0
2024-10-09 00:00:00-04:00,6.199999809265137,6.40500020980835,6.059999942779541,6.139999866485596,654400,0.0,0.0
2024-10-10 00:00:00-04:00,6.099999904632568,6.170000076293945,5.989999771118164,6.130000114440918,524900,0.0,0.0
2024-10-11 00:00:00-04:00,6.110000133514404,6.300000190734863,6.085000038146973,6.25,860000,0.0,0.0
2024-10-14 00:00:00-04:00,6.28000020980835,6.590000152587891,6.132999897003174,6.590000152587891,1517400,0.0,0.0
2024-10-15 00:00:00-04:00,6.579999923706055,6.864999771118164,6.539999961853027,6.769999980926514,1174200,0.0,0.0
2024-10-16 00:00:00-04:00,6.889999866485596,7.400000095367432,6.860000133514404,7.150000095367432,1649700,0.0,0.0
2024-10-17 00:00:00-04:00,7.150000095367432,7.170000076293945,6.840000152587891,7.059999942779541,958900,0.0,0.0
2024-10-18 00:00:00-04:00,7.119999885559082,7.820000171661377,7.090000152587891,7.710000038146973,2203200,0.0,0.0
2024-10-21 00:00:00-04:00,7.75,8.109999656677246,6.954999923706055,7.269999980926514,2448600,0.0,0.0
2024-10-22 00:00:00-04:00,7.239999771118164,7.610000133514404,7.191999912261963,7.340000152587891,1724200,0.0,0.0
2024-10-23 00:00:00-04:00,7.289999961853027,7.309999942779541,6.889999866485596,7.090000152587891,1397800,0.0,0.0
2024-10-24 00:00:00-04:00,7.159999847412109,7.449999809265137,7.050000190734863,7.150000095367432,806900,0.0,0.0
2024-10-25 00:00:00-04:00,7.28000020980835,7.28000020980835,6.949999809265137,7.050000190734863,689400,0.0,0.0
2024-10-28 00:00:00-04:00,7.210000038146973,7.869999885559082,7.14300012588501,7.739999771118164,2546300,0.0,0.0
2024-10-29 00:00:00-04:00,7.599999904632568,7.690000057220459,7.28000020980835,7.349999904632568,1151700,0.0,0.0
2024-10-30 00:00:00-04:00,7.239999771118164,7.539999961853027,6.769999980926514,6.789999961853027,1687800,0.0,0.0
2024-10-31 00:00:00-04:00,6.880000114440918,6.896999835968018,6.289999961853027,6.570000171661377,1470900,0.0,0.0
2024-11-01 00:00:00-04:00,6.699999809265137,6.828000068664551,6.554999828338623,6.610000133514404,687200,0.0,0.0
2024-11-04 00:00:00-05:00,6.510000228881836,6.559999942779541,6.329999923706055,6.420000076293945,999100,0.0,0.0
2024-11-05 00:00:00-05:00,6.460000038146973,6.894999980926514,6.409999847412109,6.880000114440918,999800,0.0,0.0
2024-11-06 00:00:00-05:00,7.150000095367432,7.159999847412109,6.71999979019165,7.119999885559082,1831800,0.0,0.0
2024-11-07 00:00:00-05:00,6.25,6.670000076293945,6.199999809265137,6.28000020980835,4234000,0.0,0.0
2024-11-08 00:00:00-05:00,6.289999961853027,6.289999961853027,6.070000171661377,6.21999979019165,2047200,0.0,0.0
2024-11-11 00:00:00-05:00,6.449999809265137,7.699999809265137,6.382999897003174,7.550000190734863,6090500,0.0,0.0
2024-11-12 00:00:00-05:00,7.369999885559082,7.699999809265137,6.710000038146973,7.059999942779541,2963400,0.0,0.0
2024-11-13 00:00:00-05:00,7.340000152587891,8.1899995803833,7.070000171661377,7.079999923706055,4184500,0.0,0.0
2024-11-14 00:00:00-05:00,7.25,7.440999984741211,6.494999885559082,6.579999923706055,2281400,0.0,0.0
2024-11-15 00:00:00-05:00,6.599999904632568,6.945000171661377,6.590000152587891,6.769999980926514,1296400,0.0,0.0
2024-11-18 00:00:00-05:00,6.869999885559082,7.210000038146973,6.639999866485596,6.960000038146973,1761100,0.0,0.0
2024-11-19 00:00:00-05:00,6.809999942779541,6.954999923706055,6.574999809265137,6.809999942779541,1164500,0.0,0.0
2024-11-20 00:00:00-05:00,6.789999961853027,6.840000152587891,6.53000020980835,6.679999828338623,1532700,0.0,0.0
2024-11-21 00:00:00-05:00,6.75,6.880000114440918,6.570000171661377,6.71999979019165,1340200,0.0,0.0
2024-11-22 00:00:00-05:00,6.800000190734863,7.46999979019165,6.789999961853027,7.150000095367432,2861100,0.0,0.0
2024-11-25 00:00:00-05:00,7.46999979019165,7.994999885559082,7.09499979019165,7.5,3654100,0.0,0.0
2024-11-26 00:00:00-05:00,7.320000171661377,7.4070000648498535,6.974999904632568,7.010000228881836,1625500,0.0,0.0
2024-11-27 00:00:00-05:00,7.199999809265137,7.460000038146973,6.929999828338623,7.03000020980835,1591500,0.0,0.0
2024-11-29 00:00:00-05:00,7.059999942779541,7.565000057220459,7.059999942779541,7.300000190734863,1638900,0.0,0.0
2024-12-02 00:00:00-05:00,7.460000038146973,7.590000152587891,6.960000038146973,7.019999980926514,1874800,0.0,0.0
2024-12-03 00:00:00-05:00,6.900000095367432,6.989999771118164,6.639999866485596,6.690000057220459,1810600,0.0,0.0
2024-12-04 00:00:00-05:00,6.760000228881836,6.760000228881836,6.510000228881836,6.659999847412109,1929200,0.0,0.0
2024-12-05 00:00:00-05:00,6.690000057220459,6.769999980926514,6.28000020980835,6.300000190734863,2306300,0.0,0.0
2024-12-06 00:00:00-05:00,6.440000057220459,6.579999923706055,6.25,6.480000019073486,1860400,0.0,0.0
2024-12-09 00:00:00-05:00,6.579999923706055,6.795000076293945,6.449999809265137,6.570000171661377,1653500,0.0,0.0
2024-12-10 00:00:00-05:00,6.510000228881836,6.614999771118164,6.369999885559082,6.489999771118164,1004400,0.0,0.0
2024-12-11 00:00:00-05:00,6.510000228881836,6.554999828338623,6.204999923706055,6.489999771118164,2175800,0.0,0.0
2024-12-12 00:00:00-05:00,6.409999847412109,6.619999885559082,6.349999904632568,6.389999866485596,863700,0.0,0.0
2024-12-13 00:00:00-05:00,6.389999866485596,6.574999809265137,6.355000019073486,6.480000019073486,1105100,0.0,0.0
2024-12-16 00:00:00-05:00,6.449999809265137,6.679999828338623,6.159999847412109,6.570000171661377,2405800,0.0,0.0
2024-12-17 00:00:00-05:00,6.449999809265137,6.818999767303467,6.349999904632568,6.570000171661377,1426300,0.0,0.0
2024-12-18 00:00:00-05:00,6.639999866485596,6.76200008392334,6.039999961853027,6.190000057220459,2405400,0.0,0.0
2024-12-19 00:00:00-05:00,6.289999961853027,6.360000133514404,5.924099922180176,5.980000019073486,1667468,0.0,0.0
