Date,Open,High,Low,Close,Volume,Dividends,Stock Splits
2022-01-03 00:00:00-05:00,19.129954813965796,19.16776191523215,19.07702631438635,19.16398048400879,11900,0.0,0.0
2022-01-04 00:00:00-05:00,19.167762393958654,19.167762393958654,19.12617530262373,19.129955291748047,5100,0.0,0.0
2022-01-05 00:00:00-05:00,19.160201241588492,19.182885503232235,19.06946563720703,19.06946563720703,17400,0.0,0.0
2022-01-06 00:00:00-05:00,19.22403040062546,19.26247787475586,19.047169672942214,19.26247787475586,28300,0.421,0.0
2022-01-07 00:00:00-05:00,19.239409371816052,19.300926208496094,19.239409371816052,19.300926208496094,10600,0.0,0.0
2022-01-10 00:00:00-05:00,19.300925453035273,19.339372924451517,19.193269893051156,19.334758758544922,14700,0.0,0.0
2022-01-11 00:00:00-05:00,19.3009214839644,19.40857555513335,19.3009214839644,19.392427444458008,21100,0.0,0.0
2022-01-12 00:00:00-05:00,19.416272063232853,19.416272063232853,19.377824586412196,19.41242790222168,5300,0.0,0.0
2022-01-13 00:00:00-05:00,19.41857257016717,19.454712951470842,19.38550634328956,19.4162654876709,7700,0.0,0.0
2022-01-14 00:00:00-05:00,19.431647212726528,19.470094680786133,19.431647212726528,19.470094680786133,5400,0.0,0.0
2022-01-18 00:00:00-05:00,19.431650925674532,19.45471882424729,19.300927455945942,19.440109252929688,18000,0.0,0.0
2022-01-19 00:00:00-05:00,19.47009570481765,19.47009570481765,19.32014851815106,19.408578872680664,11900,0.0,0.0
2022-01-20 00:00:00-05:00,19.41626825947119,19.454715728759766,19.37782079018262,19.454715728759766,6000,0.0,0.0
2022-01-21 00:00:00-05:00,19.373974958826878,19.39319869326833,19.2163379897239,19.247865676879883,11900,0.0,0.0
2022-01-24 00:00:00-05:00,19.233258330615218,19.247100830078125,19.14713504512444,19.247100830078125,11300,0.0,0.0
2022-01-25 00:00:00-05:00,19.25478955327148,19.406273833354042,19.147133985687532,19.26247787475586,18900,0.0,0.0
2022-01-26 00:00:00-05:00,19.308613047235482,19.454714595361988,19.243250593240482,19.339370727539062,9900,0.0,0.0
2022-01-27 00:00:00-05:00,19.30861346626184,19.35859488117444,19.30861346626184,19.316303253173828,5000,0.0,0.0
2022-01-28 00:00:00-05:00,19.316304518250575,19.316304518250575,19.27016579375689,19.30861473083496,3100,0.0,0.0
2022-01-31 00:00:00-05:00,19.32399435983084,19.385511197320284,19.32399435983084,19.377822875976562,10600,0.0,0.0
2022-02-01 00:00:00-05:00,19.39550598071751,19.454715728759766,19.271703780265522,19.454715728759766,11800,0.0,0.0
2022-02-02 00:00:00-05:00,19.38935385322293,19.393198013305664,19.316303078235944,19.393198013305664,2500,0.0,0.0
2022-02-03 00:00:00-05:00,19.44779445891276,19.44779445891276,19.36320827293768,19.4316463470459,2200,0.0,0.0
2022-02-04 00:00:00-05:00,19.4316463470459,19.4316463470459,19.4316463470459,19.4316463470459,0,0.0,0.0
2022-02-07 00:00:00-05:00,19.420885929331707,19.420885929331707,19.224031448364258,19.224031448364258,13000,0.0,0.0
2022-02-08 00:00:00-05:00,19.22402973430798,19.262477207105764,19.17020268572025,19.18942642211914,17700,0.0,0.0
2022-02-09 00:00:00-05:00,19.185581408738095,19.230950128627903,19.185581408738095,19.193269729614258,9900,0.0,0.0
2022-02-10 00:00:00-05:00,19.224026867900633,19.224026867900633,19.154820253842043,19.21556854248047,8600,0.0,0.0
2022-02-11 00:00:00-05:00,19.16251204607858,19.23940845493329,19.147132470972238,19.193269729614258,17400,0.0,0.0
2022-02-14 00:00:00-05:00,19.21633772385988,19.224027510865454,19.14713110748661,19.22325897216797,18300,0.0,0.0
2022-02-15 00:00:00-05:00,19.224028677960515,19.224028677960515,19.16251184485812,19.18558120727539,2600,0.0,0.0
2022-02-16 00:00:00-05:00,19.18558333205768,19.224030807000815,19.18558333205768,19.216341018676758,3600,0.0,0.0
2022-02-17 00:00:00-05:00,19.147134390437383,19.224030807000815,19.147134390437383,19.216341018676758,11900,0.0,0.0
2022-02-18 00:00:00-05:00,19.154821637191443,19.224028256248094,19.14713184988771,19.208648681640625,3700,0.0,0.0
2022-02-22 00:00:00-05:00,19.20864779510024,19.20864779510024,19.147130966186523,19.147130966186523,29400,0.0,0.0
2022-02-23 00:00:00-05:00,19.154819736148465,19.670023700950956,19.154819736148465,19.260936737060547,6300,0.0,0.0
2022-02-24 00:00:00-05:00,19.224026759394548,19.423956813693472,19.1471303590216,19.257091522216797,9200,0.0,0.0
2022-02-25 00:00:00-05:00,19.685406662735595,19.6884822845459,19.685406662735595,19.6884822845459,1300,0.0,0.0
2022-02-28 00:00:00-05:00,19.32015096103582,19.32015096103582,19.216341018676758,19.216341018676758,1500,0.0,0.0
2022-03-01 00:00:00-05:00,19.208648681640625,19.262475726089807,19.154821637191443,19.208648681640625,11000,0.0,0.0
2022-03-02 00:00:00-05:00,19.22402851653526,19.331682606891224,19.22402851653526,19.285545349121094,9700,0.0,0.0
2022-03-03 00:00:00-05:00,19.239410148533878,19.29323719946734,19.147134156449983,19.162513732910156,11200,0.0,0.0
2022-03-04 00:00:00-05:00,19.154820753135347,19.185579900930655,19.147130966186523,19.147130966186523,15100,0.0,0.0
2022-03-07 00:00:00-05:00,19.147130966186523,19.254786516793196,19.147130966186523,19.147130966186523,4600,0.0,0.0
2022-03-08 00:00:00-05:00,19.216340612463952,19.26247787475586,19.216340612463952,19.26247787475586,4900,0.0,0.0
2022-03-09 00:00:00-05:00,19.258634371587508,19.293237686157227,19.247100422289993,19.293237686157227,2500,0.0,0.0
2022-03-10 00:00:00-05:00,19.283238791492497,19.67771624286639,19.283238791492497,19.481630325317383,4100,0.0,0.0
2022-03-11 00:00:00-05:00,19.608506101308453,19.608506101308453,19.60466194152832,19.60466194152832,700,0.0,0.0
2022-03-14 00:00:00-04:00,19.44703091717034,19.44703091717034,19.224031448364258,19.224031448364258,600,0.0,0.0
2022-03-15 00:00:00-04:00,19.231717730323588,19.53161209690003,19.14713153803713,19.242483139038086,6800,0.0,0.0
2022-03-16 00:00:00-04:00,19.247097716945735,19.254787504288938,19.20095899288652,19.238637924194336,5200,0.0,0.0
2022-03-17 00:00:00-04:00,19.154822296466566,19.239408493041992,19.147132508898164,19.239408493041992,6400,0.0,0.0
2022-03-18 00:00:00-04:00,19.216341659783648,19.224031448364258,19.150980656864267,19.224031448364258,9900,0.0,0.0
2022-03-21 00:00:00-04:00,19.285545511062907,19.285545511062907,19.147132269913275,19.18558120727539,15700,0.0,0.0
2022-03-22 00:00:00-04:00,19.208646818372845,19.528534899129163,19.15481977914497,19.254785537719727,6900,0.0,0.0
2022-03-23 00:00:00-04:00,19.17020439497719,19.224031448364258,19.17020439497719,19.224031448364258,2700,0.0,0.0
2022-03-24 00:00:00-04:00,19.52776632895731,19.5316104888916,19.170199321318616,19.5316104888916,4300,0.0,0.0
2022-03-25 00:00:00-04:00,19.5316104888916,19.5316104888916,19.5316104888916,19.5316104888916,100,0.0,0.0
2022-03-28 00:00:00-04:00,19.48547434394192,19.577748854378427,19.405502319335938,19.405502319335938,4500,0.0,0.0
2022-03-29 00:00:00-04:00,19.5777499141256,19.608509063720703,19.462406036497935,19.608509063720703,1600,0.0,0.0
2022-03-30 00:00:00-04:00,19.57467552996544,19.627734039697334,19.308615909197673,19.535459518432617,5800,0.0,0.0
2022-03-31 00:00:00-04:00,19.385509252742448,19.68232946719873,19.385509252742448,19.677715301513672,1900,0.0,0.0
2022-04-01 00:00:00-04:00,19.68540920438385,19.68540920438385,19.385513305664062,19.385513305664062,2600,0.0,0.0
2022-04-04 00:00:00-04:00,19.554681495593158,19.554681495593158,19.454715728759766,19.454715728759766,400,0.0,0.0
2022-04-05 00:00:00-04:00,19.43933917793071,19.677716733300585,19.423959602312763,19.5700626373291,2100,0.0,0.0
2022-04-06 00:00:00-04:00,19.465478358668964,19.465478358668964,19.377818023870955,19.4162654876709,3600,0.0,0.0
2022-04-07 00:00:00-04:00,19.584560893546428,19.882007598876953,19.584560893546428,19.882007598876953,3000,0.445,0.0
2022-04-08 00:00:00-04:00,19.639352257694014,19.76459312438965,19.576731824346197,19.76459312438965,5400,0.0,0.0
2022-04-11 00:00:00-04:00,19.57673643404152,19.686321844956836,19.56890869140625,19.56890869140625,3100,0.0,0.0
2022-04-12 00:00:00-04:00,19.64718248160727,19.655010223388672,19.64718248160727,19.655010223388672,700,0.0,0.0
2022-04-13 00:00:00-04:00,19.670666025030503,19.670666025030503,19.568908358481657,19.60804557800293,2600,0.0,0.0
2022-04-14 00:00:00-04:00,19.709805072862654,19.8820109318709,19.56890869140625,19.56890869140625,1300,0.0,0.0
2022-04-18 00:00:00-04:00,19.857742862122745,19.88200841332148,19.4906302890711,19.68631935119629,4000,0.0,0.0
2022-04-19 00:00:00-04:00,19.68631824731925,19.68631824731925,19.490629196166992,19.490629196166992,14900,0.0,0.0
2022-04-20 00:00:00-04:00,19.56107933883985,19.647183007752027,19.514114379882812,19.514114379882812,3800,0.0,0.0
2022-04-21 00:00:00-04:00,19.49845693737176,19.52976790219083,19.490629196166992,19.490629196166992,7600,0.0,0.0
2022-04-22 00:00:00-04:00,19.49845971007467,19.49845971007467,19.247977927859225,19.310598373413086,69300,0.0,0.0
2022-04-25 00:00:00-04:00,19.43584002399197,19.43584002399197,19.099254556116676,19.314512252807617,2900,0.0,0.0
2022-04-26 00:00:00-04:00,19.474973195216002,19.640917422567295,18.981837456357717,19.40843963623047,6700,0.0,0.0
2022-04-27 00:00:00-04:00,19.17752724485807,19.17752724485807,18.872252799124972,18.966182708740234,7600,0.0,0.0
2022-04-28 00:00:00-04:00,18.966183765242636,19.17752831313332,18.95052828177168,19.146217346191406,4900,0.0,0.0
2022-04-29 00:00:00-04:00,19.075772953664075,19.13839340209961,18.872256123001275,19.13839340209961,3600,0.0,0.0
2022-05-02 00:00:00-04:00,18.903562016176846,19.036630630493164,18.684391234706897,19.036630630493164,5300,0.0,0.0
2022-05-03 00:00:00-04:00,19.13213109707973,19.13213109707973,18.911394119262695,18.911394119262695,700,0.0,0.0
2022-05-04 00:00:00-04:00,19.130563914773816,19.130563914773816,19.020977020263672,19.020977020263672,2500,0.0,0.0
2022-05-05 00:00:00-04:00,19.099253211916462,19.099253211916462,18.942702849427043,18.950529098510742,2800,0.0,0.0
2022-05-06 00:00:00-04:00,19.005322512694423,19.07577069546838,18.707874298095703,18.707874298095703,9000,0.0,0.0
2022-05-09 00:00:00-04:00,18.473047256469727,18.64290461721235,18.473047256469727,18.473047256469727,1900,0.0,0.0
2022-05-10 00:00:00-04:00,18.727441787719727,18.727441787719727,18.727441787719727,18.727441787719727,300,0.0,0.0
2022-05-11 00:00:00-04:00,18.629597606082008,18.629597606082008,18.473047256469727,18.473047256469727,2800,0.0,0.0
2022-05-12 00:00:00-04:00,18.582633205002928,18.668736870301878,18.159945606148845,18.255441665649414,2700,0.0,0.0
2022-05-13 00:00:00-04:00,18.49261744166719,18.731358350162743,18.49261744166719,18.51218605041504,2500,0.0,0.0
2022-05-16 00:00:00-04:00,18.629597518360082,18.739184404860584,18.433908462524414,18.433908462524414,2400,0.0,0.0
2022-05-17 00:00:00-04:00,18.739186924308342,18.786151885986328,18.669521061644446,18.786151885986328,6100,0.0,0.0
2022-05-18 00:00:00-04:00,18.7861530291097,18.7861530291097,18.003396652896797,18.04253387451172,6000,0.0,0.0
2022-05-19 00:00:00-04:00,18.19908469577658,18.77832420155872,17.893810204442683,18.67108726501465,10900,0.0,0.0
2022-05-20 00:00:00-04:00,18.668738240837346,18.707875459034213,18.003395080566406,18.003395080566406,5800,0.0,0.0
2022-05-23 00:00:00-04:00,18.051927794937885,18.073844877959047,17.944689359022068,18.058189392089844,7300,0.0,0.0
2022-05-24 00:00:00-04:00,18.159945301941296,18.394771575927734,18.026876681885234,18.394771575927734,2900,0.0,0.0
2022-05-25 00:00:00-04:00,18.003395047433884,18.034706016325092,17.98773956298828,17.98773956298828,5200,0.0,0.0
2022-05-26 00:00:00-04:00,18.034706601887294,18.06601607880591,17.737258359719757,17.87032699584961,7800,0.0,0.0
2022-05-27 00:00:00-04:00,17.8859806060791,18.176383401681953,17.8859806060791,17.8859806060791,5800,0.0,0.0
2022-05-31 00:00:00-04:00,18.394771575927734,18.394771575927734,18.394771575927734,18.394771575927734,2900,0.0,0.0
2022-06-01 00:00:00-04:00,18.33215162272224,18.394772063644872,17.88598079452485,18.23822021484375,12000,0.0,0.0
2022-06-02 00:00:00-04:00,18.08167268228997,18.120809904106565,17.842931747436523,17.842931747436523,8900,0.0,0.0
2022-06-03 00:00:00-04:00,18.230393482735035,18.590460635246114,18.128634335815615,18.394771575927734,5700,0.0,0.0
2022-06-06 00:00:00-04:00,18.598286961297905,18.666386665150377,18.102802754682777,18.253873825073242,6000,0.0,0.0
2022-06-07 00:00:00-04:00,18.2147388795842,18.23822061232377,18.101238861379247,18.23039436340332,3000,0.0,0.0
2022-06-08 00:00:00-04:00,17.964256564039953,17.964256564039953,17.901636123657227,17.901636123657227,11900,0.0,0.0
2022-06-09 00:00:00-04:00,18.218651123943385,18.394771575927734,17.817880611262343,18.394771575927734,6500,0.0,0.0
2022-06-10 00:00:00-04:00,18.6382090955858,18.786149376958093,18.54349536554264,18.66482162475586,5900,0.0,0.0
2022-06-13 00:00:00-04:00,18.50357743596435,18.50357743596435,18.402602093060633,18.453481674194336,3600,0.0,0.0
2022-06-14 00:00:00-04:00,18.473047498252896,18.488702981315733,18.394771575927734,18.394771575927734,1600,0.0,0.0
2022-06-15 00:00:00-04:00,18.69221779930913,18.728225708007812,18.69221779930913,18.728225708007812,1100,0.0,0.0
2022-06-16 00:00:00-04:00,18.0033936949411,18.76266671764299,18.0033936949411,18.316495895385742,5700,0.0,0.0
2022-06-17 00:00:00-04:00,18.316495895385742,18.316495895385742,18.316495895385742,18.316495895385742,600,0.0,0.0
2022-06-21 00:00:00-04:00,18.747013092041016,18.786150307987022,18.747013092041016,18.747013092041016,1300,0.0,0.0
2022-06-22 00:00:00-04:00,18.707873772239335,18.739184738365015,17.846841612640656,18.394771575927734,3400,0.0,0.0
2022-06-23 00:00:00-04:00,18.379118001279668,18.679697036743164,18.379118001279668,18.679697036743164,3300,0.0,0.0
2022-06-24 00:00:00-04:00,18.747015807494776,18.747015807494776,17.651155686405268,18.04253387451172,6300,0.0,0.0
2022-06-27 00:00:00-04:00,18.081669618299525,18.579502340954868,18.073841876664776,18.316495895385742,3200,0.0,0.0
2022-06-28 00:00:00-04:00,18.629599019098432,18.629599019098432,18.15994644165039,18.15994644165039,2000,0.0,0.0
2022-06-29 00:00:00-04:00,18.300842829993524,18.64525604248047,18.300842829993524,18.64525604248047,2600,0.0,0.0
2022-06-30 00:00:00-04:00,18.77832114305431,19.036630630493164,18.707872965299263,19.036630630493164,2300,0.0,0.0
2022-07-01 00:00:00-04:00,19.224009247895737,19.35955810546875,19.216035606765967,19.35955810546875,2000,0.445,0.0
2022-07-05 00:00:00-04:00,19.216034738270782,19.263875062070653,19.176166534423828,19.176166534423828,3900,0.0,0.0
2022-07-06 00:00:00-04:00,19.100419228339327,19.335636308178696,18.263206718167456,19.176166534423828,23000,0.0,0.0
2022-07-07 00:00:00-04:00,18.76952565751601,19.29577389830461,18.16354251219224,19.080490112304688,4500,0.0,0.0
2022-07-08 00:00:00-04:00,19.080485980096398,19.080485980096398,18.71370610699384,18.737627029418945,1300,0.0,0.0
2022-07-11 00:00:00-04:00,18.830915744647992,18.960883191926513,18.645931243896484,18.645931243896484,1300,0.0,0.0
2022-07-12 00:00:00-04:00,19.056568969523205,19.136303873158056,18.887531703809383,19.12833023071289,3700,0.0,0.0
2022-07-13 00:00:00-04:00,18.769520242008138,18.769520242008138,18.13961635082287,18.72885513305664,10500,0.0,0.0
2022-07-14 00:00:00-04:00,18.414703899870247,18.566996961938248,18.21935499661942,18.482479095458984,2000,0.0,0.0
2022-07-15 00:00:00-04:00,18.554241180419922,18.554241180419922,18.554241180419922,18.554241180419922,1700,0.0,0.0
2022-07-18 00:00:00-04:00,18.554237240341756,18.554237240341756,18.259218623443896,18.352508544921875,2900,0.0,0.0
2022-07-19 00:00:00-04:00,18.18745929701186,18.255234488381923,17.581476239048776,17.693105697631836,7200,0.0,0.0
2022-07-20 00:00:00-04:00,17.541608810424805,17.685131307658924,16.935625778112147,17.541608810424805,4100,0.0,0.0
2022-07-21 00:00:00-04:00,17.541609885828947,17.541609885828947,17.429981945944082,17.4698486328125,6000,0.0,0.0
2022-07-22 00:00:00-04:00,17.509713286144347,17.66120941611985,16.983465172352016,17.079147338867188,10100,0.0,0.0
2022-07-25 00:00:00-04:00,17.0153586234429,17.0153586234429,15.994755504146049,16.58479118347168,9100,0.0,0.0
2022-07-26 00:00:00-04:00,17.103068994123518,17.138949618003306,16.584792977900708,16.760210037231445,7600,0.0,0.0
2022-07-27 00:00:00-04:00,16.73629063213192,17.621345087551664,16.664529377864554,17.342273712158203,7400,0.0,0.0
2022-07-28 00:00:00-04:00,17.62134402616807,17.701078917308777,17.170843183917142,17.186790466308594,20800,0.0,0.0
2022-07-29 00:00:00-04:00,17.35024519117853,18.498423595522762,17.310376987767977,17.94028091430664,6700,0.0,0.0
2022-08-01 00:00:00-04:00,17.262537043345596,18.115696844441494,17.158882753836206,18.07184410095215,3500,0.0,0.0
2022-08-02 00:00:00-04:00,18.30705998101286,18.697760785724785,18.30705998101286,18.5462646484375,2300,0.0,0.0
2022-08-03 00:00:00-04:00,18.72168282774238,18.72168282774238,17.94028414977061,18.34294319152832,8200,0.0,0.0
2022-08-04 00:00:00-04:00,18.370848254468033,19.335635957836214,18.339750599785926,18.5701847076416,6100,0.0,0.0
2022-08-05 00:00:00-04:00,19.279823353733985,19.34361096241465,17.96420297418491,18.354902267456055,12400,0.0,0.0
2022-08-08 00:00:00-04:00,18.757560395903838,18.95131545743632,18.262408403007885,18.641944885253906,10900,0.0,0.0
2022-08-09 00:00:00-04:00,18.713707609010797,18.737628533355867,18.663475036621094,18.663475036621094,4100,0.0,0.0
2022-08-10 00:00:00-04:00,18.994374114675825,18.994374114675825,18.992778778076172,18.992778778076172,1500,0.0,0.0
2022-08-11 00:00:00-04:00,18.92819426008059,18.992778778076172,18.737628337659967,18.992778778076172,4400,0.0,0.0
2022-08-12 00:00:00-04:00,19.016698837280273,19.243145375136532,18.697760801265513,19.016698837280273,8300,0.0,0.0
2022-08-15 00:00:00-04:00,19.184140632923423,19.47915926516408,19.184140632923423,19.455238342285156,3600,0.0,0.0
2022-08-16 00:00:00-04:00,19.377099990844727,19.377099990844727,19.377099990844727,19.377099990844727,900,0.0,0.0
2022-08-17 00:00:00-04:00,19.168992975600997,19.790124893188477,19.167397638982933,19.790124893188477,1500,0.0,0.0
2022-08-18 00:00:00-04:00,19.534975051879883,19.534975051879883,19.534975051879883,19.534975051879883,700,0.0,0.0
2022-08-19 00:00:00-04:00,19.534971439327858,19.534971439327858,19.487131118774414,19.487131118774414,2200,0.0,0.0
2022-08-22 00:00:00-04:00,19.503081707002774,21.360899278115138,19.479162301212252,19.774179458618164,5300,0.0,0.0
2022-08-23 00:00:00-04:00,19.976703643798828,19.976703643798828,19.976703643798828,19.976703643798828,300,0.0,0.0
2022-08-24 00:00:00-04:00,19.335638571758658,19.534975051879883,19.335638571758658,19.534975051879883,1700,0.0,0.0
2022-08-25 00:00:00-04:00,19.231984271254948,19.534975051879883,19.2240106295521,19.534975051879883,1500,0.0,0.0
2022-08-26 00:00:00-04:00,19.534975051879883,19.534975051879883,19.534975051879883,19.534975051879883,1300,0.0,0.0
2022-08-29 00:00:00-04:00,19.295770764380833,19.527000277079186,19.12035369873047,19.12035369873047,5800,0.0,0.0
2022-08-30 00:00:00-04:00,19.81404346986043,19.830787658691406,19.81404346986043,19.830787658691406,400,0.0,0.0
2022-08-31 00:00:00-04:00,19.7582302945894,19.7582302945894,19.678495407104492,19.678495407104492,500,0.0,0.0
2022-09-01 00:00:00-04:00,19.678495407104492,19.678495407104492,19.678495407104492,19.678495407104492,0,0.0,0.0
2022-09-02 00:00:00-04:00,19.678495407104492,19.678495407104492,19.678495407104492,19.678495407104492,100,0.0,0.0
2022-09-06 00:00:00-04:00,19.287797698095602,19.287797698095602,18.462544815346035,18.960886001586914,12800,0.0,0.0
2022-09-07 00:00:00-04:00,19.41537128996548,19.41537128996548,17.940281198379843,18.737627029418945,2400,0.0,0.0
2022-09-08 00:00:00-04:00,18.73762810230255,19.136301040649414,18.73762810230255,19.136301040649414,4700,0.0,0.0
2022-09-09 00:00:00-04:00,18.97683140521235,19.7343106023147,18.97683140521235,19.072513580322266,1900,0.0,0.0
2022-09-12 00:00:00-04:00,19.24793182575677,19.734313369194243,19.12833023071289,19.12833023071289,2400,0.0,0.0
2022-09-13 00:00:00-04:00,19.335636138916016,19.335636138916016,19.335636138916016,19.335636138916016,400,0.0,0.0
2022-09-14 00:00:00-04:00,19.335636138916016,19.335636138916016,19.335636138916016,19.335636138916016,0,0.0,0.0
2022-09-15 00:00:00-04:00,19.455237973190844,19.455237973190844,18.737627029418945,18.737627029418945,800,0.0,0.0
2022-09-16 00:00:00-04:00,19.136301040649414,19.136301040649414,19.136301040649414,19.136301040649414,600,0.0,0.0
2022-09-19 00:00:00-04:00,18.434637338318225,19.136301040649414,18.37084972901539,19.136301040649414,1300,0.0,0.0
2022-09-20 00:00:00-04:00,18.546265663845645,18.546265663845645,18.378822235399216,18.45855712890625,1900,0.0,0.0
2022-09-21 00:00:00-04:00,18.73762711986107,18.73762711986107,18.458555773487074,18.638755798339844,1200,0.0,0.0
2022-09-22 00:00:00-04:00,18.45855619968245,19.136300479148947,18.45855619968245,18.485666275024414,3500,0.0,0.0
2022-09-23 00:00:00-04:00,18.777494169656816,19.016698837280273,18.538291022849876,19.016698837280273,2100,0.0,0.0
2022-09-26 00:00:00-04:00,18.386793745728983,18.570184435784427,17.15090836247211,17.58147430419922,11900,0.0,0.0
2022-09-27 00:00:00-04:00,17.58147678461675,18.28314204016478,17.270512365008326,17.422008514404297,2000,0.0,0.0
2022-09-28 00:00:00-04:00,17.59742203301905,17.937091827392578,17.150908798913097,17.937091827392578,1600,0.0,0.0
2022-09-29 00:00:00-04:00,17.461873629731233,17.6691837310791,17.418817793768504,17.6691837310791,2700,0.0,0.0
2022-09-30 00:00:00-04:00,17.62134370009004,17.800746821632693,17.541608810424805,17.541608810424805,2400,0.0,0.0
2022-10-03 00:00:00-04:00,17.342271683945555,17.541608140082857,17.31037712097168,17.31037712097168,2500,0.0,0.0
2022-10-04 00:00:00-04:00,17.541608810424805,18.889123731236065,17.14293588291515,17.541608810424805,4600,0.0,0.0
2022-10-05 00:00:00-04:00,18.636360916281756,18.636360916281756,18.314233779907227,18.314233779907227,500,0.0,0.0
2022-10-06 00:00:00-04:00,17.48162480151117,18.05079460144043,17.48162480151117,18.05079460144043,1700,0.445,0.0
2022-10-07 00:00:00-04:00,17.497882843017578,17.497882843017578,17.497882843017578,17.497882843017578,200,0.0,0.0
2022-10-10 00:00:00-04:00,17.782471885709647,18.217479630583526,17.115729550212475,17.15638542175293,1800,0.0,0.0
2022-10-11 00:00:00-04:00,17.115728565427418,17.237694622168323,16.473381340676077,16.953109741210938,4300,0.0,0.0
2022-10-12 00:00:00-04:00,16.66852569580078,16.87180039940811,16.660394521552938,16.66852569580078,1200,0.0,0.0
2022-10-13 00:00:00-04:00,16.66852569580078,16.85309854355178,16.26197628858613,16.66852569580078,6400,0.0,0.0
2022-10-14 00:00:00-04:00,16.709180573769785,17.230377539149803,15.700938196335501,16.22945213317871,4600,0.0,0.0
2022-10-17 00:00:00-04:00,16.229455751261288,16.229455751261288,15.69281052026292,15.761924743652344,4000,0.0,0.0
2022-10-18 00:00:00-04:00,15.69280354037349,16.205056565398145,15.69280354037349,15.977388381958008,2700,0.0,0.0
2022-10-19 00:00:00-04:00,15.692806551598938,16.140011831576235,15.692806551598938,15.847295761108398,1500,0.0,0.0
2022-10-20 00:00:00-04:00,15.985524217239533,15.985524217239533,14.757744694646851,15.328539848327637,4700,0.0,0.0
2022-10-21 00:00:00-04:00,15.2862552542887,16.261974334716797,14.904099415733436,16.261974334716797,3100,0.0,0.0
2022-10-24 00:00:00-04:00,16.261976343983527,16.261976343983527,15.847295761108398,15.847295761108398,1400,0.0,0.0
2022-10-25 00:00:00-04:00,15.554581700859082,16.48151552684654,15.481404224647845,16.245716094970703,1400,0.0,0.0
2022-10-26 00:00:00-04:00,16.05870234268083,16.302631378173828,15.928606650302838,16.302631378173828,2400,0.0,0.0
2022-10-27 00:00:00-04:00,15.981456910829996,16.135944560781066,15.613122336108283,15.757853507995605,3300,0.0,0.0
2022-10-28 00:00:00-04:00,15.87982050230769,16.270107563439993,15.87982050230769,16.25384521484375,900,0.0,0.0
2022-10-31 00:00:00-04:00,16.343285541057842,16.343285541057842,15.814771652221678,15.81477165222168,2200,0.0,0.0
2022-11-01 00:00:00-04:00,16.237581832772914,16.237581832772914,15.774115783318699,15.81477165222168,3600,0.0,0.0
2022-11-02 00:00:00-04:00,15.806641855814473,16.48964500427246,15.611498320664042,16.48964500427246,2100,0.0,0.0
2022-11-03 00:00:00-04:00,16.016419785612882,16.343285843676234,15.611497249363564,16.29450035095215,2800,0.0,0.0
2022-11-04 00:00:00-04:00,15.652151107788086,15.652151107788086,15.24722858344854,15.652151107788086,1100,0.0,0.0
2022-11-07 00:00:00-05:00,15.456195831298828,15.456195831298828,15.456195831298828,15.456195831298828,200,0.0,0.0
2022-11-08 00:00:00-05:00,15.814771652221678,15.814771652221678,15.814771652221678,15.81477165222168,300,0.0,0.0
2022-11-09 00:00:00-05:00,15.973327285816998,15.973327285816998,15.660284042358398,15.660284042358398,2000,0.0,0.0
2022-11-10 00:00:00-05:00,15.68467513314581,16.652261498255623,15.68467513314581,16.579082489013672,13400,0.0,0.0
2022-11-11 00:00:00-05:00,16.587212621152666,16.85553512124254,16.343283639566472,16.79048728942871,3200,0.0,0.0
2022-11-14 00:00:00-05:00,16.424597446783313,16.790491000022804,16.065206662040836,16.302631378173828,46000,0.0,0.0
2022-11-15 00:00:00-05:00,16.6603953857049,16.79049107869244,16.383941650390625,16.383941650390625,8000,0.0,0.0
2022-11-16 00:00:00-05:00,16.871798600742164,17.075073282678815,16.74983410175272,16.990510940551758,4600,0.0,0.0
2022-11-17 00:00:00-05:00,17.001895047502654,17.156384247052642,16.81488270381009,17.1157283782959,4600,0.0,0.0
2022-11-18 00:00:00-05:00,16.85553882415956,16.911642843439406,16.550626754760742,16.550626754760742,1600,0.0,0.0
2022-11-21 00:00:00-05:00,16.803499678547634,16.803499678547634,16.774227142333984,16.774227142333984,400,0.0,0.0
2022-11-22 00:00:00-05:00,16.84496996910868,17.08320891383714,16.481515884399414,16.481515884399414,4800,0.0,0.0
2022-11-23 00:00:00-05:00,17.278351634485087,17.278351634485087,16.50590705871582,16.50590705871582,3200,0.0,0.0
2022-11-25 00:00:00-05:00,16.50590705871582,16.50590705871582,16.50590705871582,16.50590705871582,0,0.0,0.0
2022-11-28 00:00:00-05:00,16.48964358626716,16.94904327392578,16.465250064897436,16.94904327392578,4800,0.0,0.0
2022-11-29 00:00:00-05:00,16.79048728942871,16.79048728942871,16.79048728942871,16.79048728942871,1100,0.0,0.0
2022-11-30 00:00:00-05:00,16.058699223510114,16.286367416381836,16.058699223510114,16.286367416381836,1400,0.0,0.0
2022-12-01 00:00:00-05:00,16.42459547527224,16.42459547527224,16.058700415089636,16.066831588745117,8100,0.0,0.0
2022-12-02 00:00:00-05:00,16.091228416358724,16.261978445623477,16.074966065705954,16.245716094970703,11500,0.0,0.0
2022-12-05 00:00:00-05:00,16.30263165929676,16.30263165929676,16.058702619597447,16.221323013305664,3900,0.0,0.0
2022-12-06 00:00:00-05:00,16.221319782330234,16.261974097228222,16.058699421012868,16.18879508972168,10700,0.0,0.0
2022-12-07 00:00:00-05:00,16.221321399439148,16.221321399439148,15.912342992306538,16.205059051513672,6000,0.0,0.0
2022-12-08 00:00:00-05:00,16.221323752909512,16.221323752909512,15.93673882637612,16.180667877197266,8200,0.0,0.0
2022-12-09 00:00:00-05:00,16.180667877197266,16.180667877197266,16.03837618936211,16.180667877197266,4900,0.0,0.0
2022-12-12 00:00:00-05:00,16.221322341329536,16.96937332984554,16.205059992459788,16.904325485229492,4500,0.0,0.0
2022-12-13 00:00:00-05:00,17.278348013095734,17.88817206061676,17.075073330588726,17.806861877441406,4800,0.0,0.0
2022-12-14 00:00:00-05:00,17.5222789673138,17.888174057006836,17.5222789673138,17.888174057006836,600,0.0,0.0
2022-12-15 00:00:00-05:00,18.197150990912114,18.197150990912114,16.164403931786577,17.066944122314453,5100,0.0,0.0
2022-12-16 00:00:00-05:00,16.5059025363491,17.0344179175245,16.09935319751427,16.871797561645508,2000,0.0,0.0
2022-12-19 00:00:00-05:00,17.05068016052246,17.05068016052246,17.05068016052246,17.05068016052246,200,0.0,0.0
2022-12-20 00:00:00-05:00,16.979942057010447,16.979942057010447,15.546450002132563,15.936737060546875,9600,0.0,0.0
2022-12-21 00:00:00-05:00,16.26197524200377,16.416464441044397,14.839052408328442,15.204947471618652,11100,0.0,0.0
2022-12-22 00:00:00-05:00,15.44887663985652,15.832659358796597,15.229339599609375,15.229339599609375,7100,0.0,0.0
2022-12-23 00:00:00-05:00,15.448877283044762,15.481401979633782,15.042327880859373,15.042327880859375,6600,0.0,0.0
2022-12-27 00:00:00-05:00,15.448875080963239,15.448875080963239,15.16429022982559,15.261862754821777,4600,0.0,0.0
2022-12-28 00:00:00-05:00,15.408222933034686,15.583851951855781,15.278127248658844,15.36756706237793,3100,0.0,0.0
2022-12-29 00:00:00-05:00,15.84729449387227,16.213189552698104,15.733461164843254,16.156272888183594,2600,0.0,0.0
2022-12-30 00:00:00-05:00,16.018045340041137,16.4002011785964,16.018045340041137,16.261974334716797,2300,0.0,0.0
2023-01-03 00:00:00-05:00,16.465251480805048,16.51728913649998,16.14001225555433,16.48964500427246,3100,0.0,0.0
2023-01-04 00:00:00-05:00,16.270105916270957,16.823013305664062,16.270105916270957,16.823013305664062,2500,0.0,0.0
2023-01-05 00:00:00-05:00,17.0099818238595,17.0099818238595,16.32858561612096,16.51970863342285,5700,0.445,0.0
2023-01-06 00:00:00-05:00,16.262109860800606,16.852100372314453,16.262109860800606,16.852100372314453,1700,0.0,0.0
2023-01-09 00:00:00-05:00,16.411683502001583,16.777311325073242,16.328586053355476,16.777311325073242,5800,0.0,0.0
2023-01-10 00:00:00-05:00,16.42830558799673,16.536331176757812,16.42830558799673,16.536331176757812,1400,0.0,0.0
2023-01-11 00:00:00-05:00,16.49478266768268,16.949323175620798,16.49478266768268,16.81886100769043,2800,0.0,0.0
2023-01-12 00:00:00-05:00,16.777309833096947,16.785619735717773,16.777309833096947,16.785619735717773,400,0.0,0.0
2023-01-13 00:00:00-05:00,16.885335374861864,17.118007893080716,16.84378744676472,17.067317962646484,12400,0.0,0.0
2023-01-17 00:00:00-05:00,16.893644915688192,17.242652893066406,16.893644915688192,17.242652893066406,3700,0.0,0.0
2023-01-18 00:00:00-05:00,17.242654965612115,17.86588345834508,17.201107033410725,17.784448623657227,6200,0.0,0.0
2023-01-19 00:00:00-05:00,17.865882892062565,17.865882892062565,17.052361915923044,17.4836368560791,2200,0.0,0.0
2023-01-20 00:00:00-05:00,17.774475502444442,17.774475502444442,16.61942590895659,16.685903549194336,8200,0.0,0.0
2023-01-23 00:00:00-05:00,16.935194601618704,17.641520532159053,16.702523649171525,17.616592407226562,7000,0.0,0.0
2023-01-24 00:00:00-05:00,17.82433481145839,18.073625564575195,17.74123736543547,18.073625564575195,4100,0.0,0.0
2023-01-25 00:00:00-05:00,17.66645024204353,17.861729007091977,17.591662697342084,17.616592407226562,4600,0.0,0.0
2023-01-26 00:00:00-05:00,17.84926322343789,17.84926322343789,17.13462898000921,17.275894165039062,5600,0.0,0.0
2023-01-27 00:00:00-05:00,17.36730082725896,17.84926414489746,17.201107508907235,17.84926414489746,10900,0.0,0.0
2023-01-30 00:00:00-05:00,17.865880593998828,18.023765563964844,17.457042286487564,18.023765563964844,1300,0.0,0.0
2023-01-31 00:00:00-05:00,17.90742851953905,18.073623391603462,17.63736383362408,18.023765563964844,4700,0.0,0.0
2023-02-01 00:00:00-05:00,17.990529057776733,18.34784698486328,17.990529057776733,18.34784698486328,4800,0.0,0.0
2023-02-02 00:00:00-05:00,18.26474954934866,18.514041900634766,18.26474954934866,18.514041900634766,2300,0.0,0.0
2023-02-03 00:00:00-05:00,18.430944442749023,18.430944442749023,18.430944442749023,18.430944442749023,1300,0.0,0.0
2023-02-06 00:00:00-05:00,18.66361427307129,18.696853885199687,18.66361427307129,18.66361427307129,600,0.0,0.0
2023-02-07 00:00:00-05:00,18.676910939356322,18.788261741051592,18.46002769470215,18.46002769470215,3400,0.0,0.0
2023-02-08 00:00:00-05:00,18.613757009223303,18.6303768157959,18.613757009223303,18.6303768157959,300,0.0,0.0
2023-02-09 00:00:00-05:00,18.572209482838424,18.572209482838424,18.55558967590332,18.55558967590332,500,0.0,0.0
2023-02-10 00:00:00-05:00,18.29798801725741,18.808204650878906,18.29798801725741,18.808204650878906,3400,0.0,0.0
2023-02-13 00:00:00-05:00,18.273056030273438,18.273056030273438,18.273056030273438,18.273056030273438,500,0.0,0.0
2023-02-14 00:00:00-05:00,18.281370017350472,18.7799531529959,17.998839626649797,18.57221031188965,6100,0.0,0.0
2023-02-15 00:00:00-05:00,18.372775474849703,18.489110946655273,18.33039544514113,18.489110946655273,1500,0.0,0.0
2023-02-16 00:00:00-05:00,18.48910953336395,18.82149770236665,18.48910953336395,18.715965270996094,2600,0.0,0.0
2023-02-17 00:00:00-05:00,18.73840332612973,18.821500778198242,18.7325865520335,18.821500778198242,800,0.0,0.0
2023-02-21 00:00:00-05:00,18.756685748255087,18.821500778198242,18.756685748255087,18.821500778198242,1100,0.0,0.0
2023-02-22 00:00:00-05:00,18.779951211121137,18.779951211121137,18.489110946655273,18.489110946655273,2700,0.0,0.0
2023-02-23 00:00:00-05:00,18.617079837604734,18.696853637695312,18.617079837604734,18.696853637695312,600,0.0,0.0
2023-02-24 00:00:00-05:00,18.69685264137109,18.69685264137109,18.285521185882118,18.339534759521484,2100,0.0,0.0
2023-02-27 00:00:00-05:00,18.489110946655273,18.489110946655273,18.489110946655273,18.489110946655273,1300,0.0,0.0
2023-02-28 00:00:00-05:00,18.522352047884137,18.57220988481656,18.397705078125,18.397705078125,1000,0.0,0.0
2023-03-01 00:00:00-05:00,18.281370162963867,18.484958846248528,18.281370162963867,18.281370162963867,4200,0.0,0.0
2023-03-02 00:00:00-05:00,18.314609211554988,18.397705078125,18.281369596965334,18.397705078125,500,0.0,0.0
2023-03-03 00:00:00-05:00,18.397705647725324,18.646998010009735,18.281370162963867,18.281370162963867,2800,0.0,0.0
2023-03-06 00:00:00-05:00,18.32291688735926,18.32291688735926,17.91574113263483,17.957290649414062,2900,0.0,0.0
2023-03-07 00:00:00-05:00,17.86588258832241,17.87419249134842,17.641519961475943,17.649829864501953,1100,0.0,0.0
2023-03-08 00:00:00-05:00,17.51272042695263,17.649829864501953,17.42380620802145,17.649829864501953,1500,0.0,0.0
2023-03-09 00:00:00-05:00,17.491946110495267,17.491946110495267,16.852099381887967,16.94267463684082,1700,0.0,0.0
2023-03-10 00:00:00-05:00,16.91192543148204,17.11800720402518,16.91192543148204,16.94350242614746,1000,0.0,0.0
2023-03-13 00:00:00-04:00,17.62490226148476,17.64152206952274,16.727453231811523,16.727453231811523,4700,0.0,0.0
2023-03-14 00:00:00-04:00,16.86871884749304,16.86871884749304,16.735763549804688,16.735763549804688,1500,0.0,0.0
2023-03-15 00:00:00-04:00,16.046885986771738,17.242652893066406,15.99619605742305,17.242652893066406,4900,0.0,0.0
2023-03-16 00:00:00-04:00,17.242656349609565,17.242656349609565,16.598653839084456,16.602807998657227,4800,0.0,0.0
2023-03-17 00:00:00-04:00,16.58618729991659,16.860409365560187,16.48148536682129,16.48148536682129,2500,0.0,0.0
2023-03-20 00:00:00-04:00,16.7357603747032,16.74407027735119,16.245487213134766,16.245487213134766,1500,0.0,0.0
2023-03-21 00:00:00-04:00,16.037743686175467,16.162390635381644,15.721975324400924,15.895648002624512,2800,0.0,0.0
2023-03-22 00:00:00-04:00,16.287036977335315,16.287036977335315,15.505923550858773,15.513402938842773,2300,0.0,0.0
2023-03-23 00:00:00-04:00,16.985052699287348,16.985052699287348,15.522543117230038,16.245487213134766,1000,0.0,0.0
2023-03-24 00:00:00-04:00,16.21224910205183,16.61942481994629,15.580710768699646,16.61942481994629,12800,0.0,0.0
2023-03-27 00:00:00-04:00,16.352685356755163,16.352685356755163,15.622260220630569,15.962958335876465,8000,0.0,0.0
2023-03-28 00:00:00-04:00,16.619425064478165,16.619425064478165,15.72197617439442,16.20393943786621,2300,0.0,0.0
2023-03-29 00:00:00-04:00,16.08345037222925,16.3119671803729,15.594839755347927,16.253799438476562,1600,0.0,0.0
2023-03-30 00:00:00-04:00,16.228036840008944,16.785619735717773,16.00450632383062,16.785619735717773,6800,0.0,0.0
2023-03-31 00:00:00-04:00,16.619426331140843,16.777311325073242,16.602806524421222,16.777311325073242,1000,0.0,0.0
2023-04-03 00:00:00-04:00,16.444925397022196,16.536331176757812,16.444925397022196,16.536331176757812,1500,0.0,0.0
2023-04-04 00:00:00-04:00,16.785621219142826,16.785621219142826,16.6942138671875,16.6942138671875,2900,0.0,0.0
2023-04-05 00:00:00-04:00,16.967845774554892,17.063873291015625,16.967845774554892,17.063873291015625,600,0.445,0.0
2023-04-06 00:00:00-04:00,16.460520343511487,16.7834415435791,16.23107543720181,16.7834415435791,2600,0.0,0.0
2023-04-10 00:00:00-04:00,16.16309580511012,16.378943415506267,15.99313621443272,16.316059112548828,4800,0.0,0.0
2023-04-11 00:00:00-04:00,16.078960043945415,16.21407769575467,16.035621643066406,16.035621643066406,1700,0.0,0.0
2023-04-12 00:00:00-04:00,17.012886685723828,17.012886685723828,16.247220993041992,16.247220993041992,2300,0.0,0.0
2023-04-13 00:00:00-04:00,16.18858508224761,16.452022552490234,15.559737327110447,16.452022552490234,2100,0.0,0.0
2023-04-14 00:00:00-04:00,16.103607809248,16.443525314331055,16.103607809248,16.443525314331055,500,0.0,0.0
2023-04-17 00:00:00-04:00,16.146096889562937,16.443525314331055,15.76368868331043,16.443525314331055,3200,0.0,0.0
2023-04-18 00:00:00-04:00,15.782385707082263,17.250829696655273,15.782385707082263,17.250829696655273,2200,0.0,0.0
2023-04-19 00:00:00-04:00,16.460520692258168,16.460520692258168,16.146096004262372,16.452022552490234,2800,0.0,0.0
2023-04-20 00:00:00-04:00,16.14609563614337,16.732454299926758,15.763687459577168,16.732454299926758,3100,0.0,0.0
2023-04-21 00:00:00-04:00,15.763688399292079,16.55314826965332,15.763688399292079,16.55314826965332,1800,0.0,0.0
2023-04-24 00:00:00-04:00,15.97613846511973,16.32880401611328,15.865665875915449,16.32880401611328,2500,0.0,0.0
2023-04-25 00:00:00-04:00,15.82402429493284,16.137598037719727,15.661713551588225,16.137598037719727,2500,0.0,0.0
2023-04-26 00:00:00-04:00,15.780685099173056,16.647475960212606,15.576734594373372,15.585232734680176,2100,0.0,0.0
2023-04-27 00:00:00-04:00,15.55123889819168,15.55123889819168,15.296301193311582,15.495152473449707,6800,0.0,0.0
2023-04-28 00:00:00-04:00,15.467959329310327,15.508749750911864,15.287802984615524,15.381280899047852,3100,0.0,0.0
2023-05-01 00:00:00-04:00,15.38128377760632,15.50875265332573,14.939390162314652,15.432271003723145,4500,0.0,0.0
2023-05-02 00:00:00-04:00,15.262309781250526,15.262309781250526,14.871405054958919,15.032866477966309,5500,0.0,0.0
2023-05-03 00:00:00-04:00,14.947886054931493,15.270807266235352,14.871404416833707,15.270807266235352,2500,0.0,0.0
2023-05-04 00:00:00-04:00,15.262310888045144,15.508752110551809,15.100851074183504,15.37873363494873,2700,0.0,0.0
2023-05-05 00:00:00-04:00,15.508750812166436,15.508750812166436,15.35238859923036,15.491754531860352,2800,0.0,0.0
2023-05-08 00:00:00-04:00,14.998872491067232,15.296300888061523,14.998872491067232,15.296300888061523,2200,0.0,0.0
2023-05-09 00:00:00-04:00,14.871405280578582,15.117846488952637,14.871405280578582,15.117846488952637,3500,0.0,0.0
2023-05-10 00:00:00-04:00,15.003972431616846,15.500252129016697,14.905396926832903,15.168832778930664,3800,0.0,0.0
2023-05-11 00:00:00-04:00,14.871402718585967,15.500250410469375,14.871402718585967,14.913891792297363,5300,0.0,0.0
2023-05-12 00:00:00-04:00,14.930888394015923,15.058357238769531,14.913892115820962,15.058357238769531,1900,0.0,0.0
2023-05-15 00:00:00-04:00,14.896898556581633,15.219819761818016,14.879902277133818,15.083852767944336,4000,0.0,0.0
2023-05-16 00:00:00-04:00,15.483254379893566,15.483254379893566,14.984425125792226,15.474756240844727,3000,0.0,0.0
2023-05-17 00:00:00-04:00,15.474757288960218,16.060266628504063,15.381280994800367,15.925148963928223,3700,0.0,0.0
2023-05-18 00:00:00-04:00,15.33029273957735,16.23107440764842,15.33029273957735,15.474756240844727,3700,0.0,0.0
2023-05-19 00:00:00-04:00,15.305650060367771,15.704203605651855,15.245315370730271,15.704203605651855,1800,0.0,0.0
2023-05-22 00:00:00-04:00,14.998872876147889,15.500251770019531,14.885850698312987,15.500251770019531,1900,0.0,0.0
2023-05-23 00:00:00-04:00,15.49175323262615,15.500251372066487,14.91389271751824,15.296300888061523,13400,0.0,0.0
2023-05-24 00:00:00-04:00,15.500250490433041,15.500250490433041,15.251261340325398,15.355785369873047,7900,0.0,0.0
2023-05-25 00:00:00-04:00,15.35578812819595,15.50025327470587,14.973381531567034,15.338791847229004,8200,0.0,0.0
2023-05-26 00:00:00-04:00,15.058357238769531,15.304798410033566,15.058357238769531,15.058357238769531,2700,0.0,0.0
2023-05-30 00:00:00-04:00,15.024368286132812,15.024368286132812,15.024368286132812,15.024368286132812,1300,0.0,0.0
2023-05-31 00:00:00-04:00,15.211322509901361,15.27080787058615,14.871405005377913,15.090651512145996,6500,0.0,0.0
2023-06-01 00:00:00-04:00,15.287802643776587,15.287802643776587,15.01586866696824,15.279304504394531,1300,0.0,0.0
2023-06-02 00:00:00-04:00,15.245314132385614,16.103606791510877,15.245314132385614,15.96593952178955,11000,0.0,0.0
2023-06-05 00:00:00-04:00,15.840169601103637,16.103607073758905,15.806178662575036,16.086610794067383,13300,0.0,0.0
2023-06-06 00:00:00-04:00,16.103610434629466,16.316059112548828,16.035626922529463,16.316059112548828,5900,0.0,0.0
2023-06-07 00:00:00-04:00,16.24807148876728,16.265066146850586,15.831670759066075,16.265066146850586,6000,0.0,0.0
2023-06-08 00:00:00-04:00,16.05261750984326,16.256567994369004,15.925148659621467,16.02287483215332,10700,0.0,0.0
2023-06-09 00:00:00-04:00,16.239572566478135,16.239572566478135,15.899653487527724,15.908151626586914,4200,0.0,0.0
2023-06-12 00:00:00-04:00,15.933650298247521,15.97613938403429,15.627723693847656,15.627723693847656,5200,0.0,0.0
2023-06-13 00:00:00-04:00,15.755191240256936,16.16309222244273,15.712700541578569,16.0526180267334,11400,0.0,0.0
2023-06-14 00:00:00-04:00,15.848668753049807,16.14609718322754,15.848668753049807,16.14609718322754,2200,0.0,0.0
2023-06-15 00:00:00-04:00,16.078112524333378,16.26506673686647,15.95914180916272,16.018627166748047,12200,0.0,0.0
2023-06-16 00:00:00-04:00,16.01862935322076,16.265068956977107,15.933649564704735,16.25657081604004,5100,0.0,0.0
2023-06-20 00:00:00-04:00,16.061115607123664,16.2480714330887,16.016926254549755,16.1630916595459,2700,0.0,0.0
2023-06-21 00:00:00-04:00,15.63791886502068,16.26506632880565,15.63791886502068,16.248071670532227,1400,0.0,0.0
2023-06-22 00:00:00-04:00,16.21407977992912,16.26506699855768,16.12910000164521,16.15459442138672,12500,0.0,0.0
2023-06-23 00:00:00-04:00,15.585232563042235,16.061117069000648,15.568236282615805,16.04412078857422,3100,0.0,0.0
2023-06-26 00:00:00-04:00,16.129099479367593,16.2650664718773,15.687205943283832,15.976136207580566,4200,0.0,0.0
2023-06-27 00:00:00-04:00,16.26506671054095,16.26506671054095,15.942145503805643,15.967639923095703,4200,0.0,0.0
2023-06-28 00:00:00-04:00,15.967641097633628,16.256569766568358,15.967641097633628,16.14609718322754,5400,0.0,0.0
2023-06-29 00:00:00-04:00,16.205582087146976,16.265067447330647,15.882660865783691,15.882660865783691,4200,0.0,0.0
2023-06-30 00:00:00-04:00,16.03137382391778,16.197083500101446,15.908153226448837,16.15459442138672,10800,0.0,0.0
2023-07-03 00:00:00-04:00,16.086610844611418,16.324552277622573,16.086610844611418,16.18858528137207,21200,0.0,0.0
2023-07-05 00:00:00-04:00,15.753524471718219,16.48007563941523,15.733512744438848,16.340856552124023,5500,0.445,0.0
2023-07-06 00:00:00-04:00,16.436568331872255,16.67150115966797,16.40176439050756,16.67150115966797,4700,0.0,0.0
2023-07-07 00:00:00-04:00,16.506179579521767,16.671502882045676,16.496608536148223,16.532283782958984,3800,0.0,0.0
2023-07-10 00:00:00-04:00,16.671500932671748,16.715006273690857,16.632345461905594,16.69760513305664,8400,0.0,0.0
2023-07-11 00:00:00-04:00,16.645398447351056,16.7150079959273,16.44527120264716,16.558387756347656,4800,0.0,0.0
2023-07-12 00:00:00-04:00,16.410465790754333,16.71500650127944,16.410465790754333,16.67150115966797,9900,0.0,0.0
2023-07-13 00:00:00-04:00,16.67150085716398,16.70630645751953,16.619294116253023,16.70630645751953,4300,0.0,0.0
2023-07-14 00:00:00-04:00,16.61929441780972,16.697605360408293,16.419167191001108,16.67150115966797,4800,0.0,0.0
2023-07-17 00:00:00-04:00,16.419167191001108,16.758513502513313,16.419167191001108,16.67150115966797,6000,0.0,0.0
2023-07-18 00:00:00-04:00,16.732411139070287,16.749813941474745,16.63669904509093,16.680204391479492,1600,0.0,0.0
2023-07-19 00:00:00-04:00,16.671504883838374,16.749815843930467,16.523584365844727,16.523584365844727,9000,0.0,0.0
2023-07-20 00:00:00-04:00,16.419168262132683,16.75851459578271,16.401765460503835,16.575788497924805,4400,0.0,0.0
2023-07-21 00:00:00-04:00,16.61929618056641,16.758515280036534,16.366960525512695,16.366960525512695,5000,0.0,0.0
2023-07-24 00:00:00-04:00,16.37566200347082,16.688905808558747,16.340858058251374,16.358259201049805,3600,0.0,0.0
2023-07-25 00:00:00-04:00,16.140729134299356,16.680204391479492,15.505541783139863,16.680204391479492,2400,0.0,0.0
2023-07-26 00:00:00-04:00,16.210338072254775,16.723709106445312,15.879693137166853,16.723709106445312,3700,0.0,0.0
2023-07-27 00:00:00-04:00,16.306050721576796,16.715006577300766,16.069378608428764,16.662799835205078,5300,0.0,0.0
2023-07-28 00:00:00-04:00,16.61929449339574,16.697605436350475,16.488776808345317,16.662799835205078,4300,0.0,0.0
2023-07-31 00:00:00-04:00,16.54968764958539,16.915138223096264,16.53228484617471,16.758516311645508,24100,0.0,0.0
2023-08-01 00:00:00-04:00,16.671500215684357,16.91513442993164,16.502696711624303,16.91513442993164,12600,0.0,0.0
2023-08-02 00:00:00-04:00,16.83943691079056,16.83943691079056,16.793319318372703,16.83682632446289,4100,0.0,0.0
2023-08-03 00:00:00-04:00,16.819420692259083,16.91513442993164,16.513139055178122,16.91513442993164,14900,0.0,0.0
2023-08-04 00:00:00-04:00,16.915137430186512,16.915137430186512,16.810722274239655,16.81942367553711,4500,0.0,0.0
2023-08-07 00:00:00-04:00,16.880331030531334,16.880331030531334,16.49312781894244,16.815073013305664,1500,0.0,0.0
2023-08-08 00:00:00-04:00,16.358258677339567,16.87162971496582,16.21033818074179,16.87162971496582,7400,0.0,0.0
2023-08-09 00:00:00-04:00,16.793317794799805,16.793317794799805,16.71500685056481,16.793317794799805,1300,0.0,0.0
2023-08-10 00:00:00-04:00,16.880332946777344,16.880332946777344,16.880332946777344,16.880332946777344,400,0.0,0.0
2023-08-11 00:00:00-04:00,16.71500912608757,16.71500912608757,16.61929702758789,16.61929702758789,4200,0.0,0.0
2023-08-14 00:00:00-04:00,16.097221416875144,16.880329153879735,16.097221416875144,16.71500587463379,3500,0.0,0.0
2023-08-15 00:00:00-04:00,16.854230400772938,16.880332946777344,16.802021989518703,16.880332946777344,3100,0.0,0.0
2023-08-16 00:00:00-04:00,16.880329480430177,16.880329480430177,16.70630645751953,16.70630645751953,4700,0.0,0.0
2023-08-17 00:00:00-04:00,16.53228315347519,16.74111179415386,16.53228315347519,16.575788497924805,3400,0.0,0.0
2023-08-18 00:00:00-04:00,16.619297004175806,16.619297004175806,16.28865038183133,16.462675094604492,3400,0.0,0.0
2023-08-21 00:00:00-04:00,16.271247084140807,16.497476857324177,16.09722239440636,16.332155227661133,4000,0.0,0.0
2023-08-22 00:00:00-04:00,16.293000536122996,16.51488044952437,16.234702975906306,16.27124786376953,2000,0.0,0.0
2023-08-23 00:00:00-04:00,16.358260088475852,16.514881999516465,16.358260088475852,16.44527244567871,1600,0.0,0.0
2023-08-24 00:00:00-04:00,16.210338057708306,16.33215601020824,16.12767723891613,16.27124786376953,1200,0.0,0.0
2023-08-25 00:00:00-04:00,16.314754640417423,16.314754640417423,16.297351837158203,16.297351837158203,3200,0.0,0.0
2023-08-28 00:00:00-04:00,16.097222350473206,16.18423469510295,15.875342448308661,16.175533294677734,1500,0.0,0.0
2023-08-29 00:00:00-04:00,15.966705798471036,16.43656983748012,15.723071548111385,15.99280834197998,2400,0.0,0.0
2023-08-30 00:00:00-04:00,16.436570422495713,16.436570422495713,15.809214819396091,16.03631591796875,1200,0.0,0.0
2023-08-31 00:00:00-04:00,15.907537508761767,16.23209330687049,15.541217307608422,15.636059761047363,5000,0.0,0.0
2023-09-01 00:00:00-04:00,15.836189270019531,15.836189270019531,15.836189270019531,15.836189270019531,100,0.0,0.0
2023-09-05 00:00:00-04:00,15.444632264006225,15.931899070739746,15.227102232118813,15.931899070739746,3700,0.0,0.0
2023-09-06 00:00:00-04:00,15.757876472384705,16.35825818190162,15.575150377593374,15.749175071716309,3800,0.0,0.0
2023-09-07 00:00:00-04:00,15.738731225160489,15.783977508544922,15.738731225160489,15.783977508544922,1100,0.0,0.0
2023-09-08 00:00:00-04:00,15.75787658591494,15.792680529216788,15.235804159407257,15.575150489807129,1900,0.0,0.0
2023-09-11 00:00:00-04:00,15.44463479806678,15.985849380493164,15.296714285728555,15.985849380493164,4400,0.0,0.0
2023-09-12 00:00:00-04:00,15.636059761047363,15.636059761047363,15.636059761047363,15.636059761047363,300,0.0,0.0
2023-09-13 00:00:00-04:00,15.636057626578197,15.662161827087402,15.636057626578197,15.662161827087402,500,0.0,0.0
2023-09-14 00:00:00-04:00,15.509894186784749,15.662164567340376,15.271481091212882,15.357622146606445,2600,0.0,0.0
2023-09-15 00:00:00-04:00,15.409827346247589,15.557747840881348,15.409827346247589,15.557747840881348,1300,0.0,0.0
2023-09-18 00:00:00-04:00,15.575149721059788,15.608214378356934,15.53164437917416,15.608214378356934,1100,0.0,0.0
2023-09-19 00:00:00-04:00,15.34891805946649,15.662161827087402,15.227101776334974,15.662161827087402,1300,0.0,0.0
2023-09-20 00:00:00-04:00,15.409826201032248,15.662161827087402,15.409826201032248,15.662161827087402,1400,0.0,0.0
2023-09-21 00:00:00-04:00,15.409829092054073,15.662164765449656,15.096586925288515,15.653463363647461,3500,0.0,0.0
2023-09-22 00:00:00-04:00,15.15749321244998,15.575150489807129,14.966067375233576,15.575150489807129,3900,0.0,0.0
2023-09-25 00:00:00-04:00,15.401128473057026,15.566450119018555,15.140091412720617,15.566450119018555,1500,0.0,0.0
2023-09-26 00:00:00-04:00,15.244505709603542,15.557747840881348,15.244505709603542,15.557747840881348,4500,0.0,0.0
2023-09-27 00:00:00-04:00,15.122688596092633,15.488139152526855,15.122688596092633,15.488139152526855,2500,0.0,0.0
2023-09-28 00:00:00-04:00,15.401125958689407,16.445269050701803,15.401125958689407,16.262544631958008,8700,0.0,0.0
2023-09-29 00:00:00-04:00,16.44527073480216,16.44527073480216,16.097223001822393,16.409595489501953,1200,0.0,0.0
2023-10-02 00:00:00-04:00,16.30605128877266,16.30605128877266,15.98845763557445,16.140727996826172,2000,0.0,0.0
2023-10-03 00:00:00-04:00,16.18423496552882,16.30605125427246,16.18423496552882,16.30605125427246,900,0.0,0.0
2023-10-04 00:00:00-04:00,16.262546838164972,16.262546838164972,16.09722353714324,16.16248321533203,3200,0.0,0.0
2023-10-05 00:00:00-04:00,16.451323682569484,16.451323682569484,15.779150009155273,15.779150009155273,2100,0.445,0.0
2023-10-06 00:00:00-04:00,15.77914818787786,15.77914818787786,15.074880336050096,15.422555923461914,2700,0.0,0.0
2023-10-09 00:00:00-04:00,15.422556863815828,16.305120901663816,15.422556863815828,15.912870407104492,5400,0.0,0.0
2023-10-10 00:00:00-04:00,15.832637876596257,16.242716639781044,15.690001637196497,15.96635913848877,3900,0.0,0.0
2023-10-11 00:00:00-04:00,15.698915258945553,16.002017666583647,15.609767191930004,15.868294715881348,6000,0.0,0.0
2023-10-12 00:00:00-04:00,15.627595987189851,15.734572299393767,15.600851058959961,15.600851058959961,13600,0.0,0.0
2023-10-13 00:00:00-04:00,15.690001932761545,15.903956295891614,15.600853856367817,15.779150009155273,16800,0.0,0.0
2023-10-16 00:00:00-04:00,15.912870436801125,15.912870436801125,15.600853036009331,15.903955459594727,4300,0.0,0.0
2023-10-17 00:00:00-04:00,15.868292217759755,15.868292217759755,15.065963141645195,15.64542293548584,2800,0.0,0.0
2023-10-18 00:00:00-04:00,15.64542419311954,15.64542419311954,14.887669932763444,15.141740798950195,12800,0.0,0.0
2023-10-19 00:00:00-04:00,15.065966419668305,15.489418488194145,14.798523902893066,14.798523902893066,7000,0.0,0.0
2023-10-20 00:00:00-04:00,14.80743785145096,14.80743785145096,14.09425587251275,14.32603931427002,4900,0.0,0.0
2023-10-23 00:00:00-04:00,13.907045786622385,14.156659184792414,13.372159083221916,14.138829231262207,4900,0.0,0.0
2023-10-24 00:00:00-04:00,13.483594243674304,13.595028906845167,11.963625506038067,13.586113929748535,9500,0.0,0.0
2023-10-25 00:00:00-04:00,13.817897637685139,13.817897637685139,9.831211191073331,10.69772720336914,10600,0.0,0.0
2023-10-26 00:00:00-04:00,10.69772762554636,11.580289950610974,8.932602975417133,11.089977264404297,8300,0.0,0.0
2023-10-27 00:00:00-04:00,11.580289819499809,12.543085226883964,11.161296104371944,12.208781242370605,5700,0.0,0.0
2023-10-30 00:00:00-04:00,11.856647502064531,11.936880589964035,11.68726634979248,11.68726634979248,1400,0.0,0.0
2023-10-31 00:00:00-04:00,12.052773475646973,12.614403425164264,12.034943521603122,12.052773475646973,7500,0.0,0.0
2023-11-01 00:00:00-04:00,12.580528503266274,13.550455253955079,12.580528503266274,13.372159957885742,9100,0.0,0.0
2023-11-02 00:00:00-04:00,13.222391299689273,13.372159685407366,12.30238708061058,12.480682373046875,10800,0.0,0.0
2023-11-03 00:00:00-04:00,11.894089876417379,13.28301113176753,11.894089876417379,12.838164329528809,4200,0.0,0.0
2023-11-06 00:00:00-05:00,12.908591013634284,12.908591013634284,12.498512268066406,12.498512268066406,800,0.0,0.0
2023-11-07 00:00:00-05:00,12.70355058661381,13.193863235431184,12.658976554870605,12.658976554870605,2300,0.0,0.0
2023-11-08 00:00:00-05:00,13.283011529070691,13.283011529070691,12.01711368560791,12.01711368560791,3400,0.0,0.0
2023-11-09 00:00:00-05:00,11.214784137675245,12.828358391904883,11.214784137675245,12.547542572021484,5000,0.0,0.0
2023-11-10 00:00:00-05:00,12.836381789472796,13.149290172071606,12.302386907296015,12.82835865020752,6000,0.0,0.0
2023-11-13 00:00:00-05:00,12.926420170254884,12.926420170254884,11.223698752822358,11.678352355957031,17600,0.0,0.0
2023-11-14 00:00:00-05:00,12.159749844318918,12.970993995666504,11.986803042331365,12.970993995666504,11700,0.0,0.0
2023-11-15 00:00:00-05:00,12.489597158022091,12.552000296869773,11.624863940288904,12.507426261901855,8500,0.0,0.0
2023-11-16 00:00:00-05:00,12.837272644042969,12.855102597940157,12.480682067889163,12.837272644042969,7900,0.0,0.0
2023-11-17 00:00:00-05:00,11.856648232059616,12.945141761138292,11.84773325503769,12.052773475646973,8800,0.0,0.0
2023-11-20 00:00:00-05:00,12.354092121295844,12.46285211954436,12.15083557781552,12.213238716125488,2500,0.0,0.0
2023-11-21 00:00:00-05:00,11.615948351152142,12.614402770996094,11.615948351152142,12.614402770996094,6000,0.0,0.0
2023-11-22 00:00:00-05:00,12.040291766924703,12.56982999947846,12.040291766924703,12.552000045776367,1600,0.0,0.0
2023-11-24 00:00:00-05:00,11.892306327819824,11.892306327819824,11.892306327819824,11.892306327819824,600,0.0,0.0
2023-11-27 00:00:00-05:00,11.901221761125397,13.042312415880446,11.892306784482404,12.908590316772461,4700,0.0,0.0
2023-11-28 00:00:00-05:00,12.29257939432006,12.614402735681828,12.052772816862303,12.159749984741211,12200,0.0,0.0
2023-11-29 00:00:00-05:00,11.990369681212803,12.489597350213444,11.883392505751026,12.480682373046875,12200,0.0,0.0
2023-11-30 00:00:00-05:00,12.070602775353889,12.54754300143811,12.052773671199768,12.480682373046875,6400,0.0,0.0
2023-12-01 00:00:00-05:00,12.088431946807223,12.614402812886233,12.00819885786225,12.302386283874512,5700,0.0,0.0
2023-12-04 00:00:00-05:00,12.436107865236334,12.436107865236334,11.89230703140715,11.936881065368652,7300,0.0,0.0
2023-12-05 00:00:00-05:00,12.034943639826913,12.124091710563901,11.688159021950023,12.01711368560791,20000,0.0,0.0
2023-12-06 00:00:00-05:00,11.996609220771314,12.480681567376061,11.996609220771314,12.241765975952148,13500,0.0,0.0
2023-12-07 00:00:00-05:00,12.257813227540181,12.757040903976955,11.81207456472054,12.13300609588623,7400,0.0,0.0
2023-12-08 00:00:00-05:00,11.883392712127954,12.017113971232735,11.767500557486928,12.007308006286621,8200,0.0,0.0
2023-12-11 00:00:00-05:00,11.963624531852181,12.03494264245985,11.829903287007538,11.969864845275879,29200,0.0,0.0
2023-12-12 00:00:00-05:00,10.929512457053734,11.633779525809908,10.929512457053734,11.473313331604004,15300,0.0,0.0
2023-12-13 00:00:00-05:00,11.277187124763497,12.410254653249508,11.17020995439128,11.642693519592285,37400,0.0,0.0
2023-12-14 00:00:00-05:00,12.388859201271908,12.388859201271908,11.651606989649641,11.992151260375977,12800,0.0,0.0
2023-12-15 00:00:00-05:00,11.981453769905347,13.051227141475657,11.634669176845831,12.953164100646973,90900,0.0,0.0
2023-12-18 00:00:00-05:00,13.0690565860514,13.149289676035506,12.525255759750971,12.748125076293945,29100,0.0,0.0
2023-12-19 00:00:00-05:00,12.8729315217586,13.060141784167826,12.712466189821395,13.024482727050781,10100,0.0,0.0
2023-12-20 00:00:00-05:00,12.792699430341736,13.069056913682877,12.765954499557244,12.846187591552734,10800,0.0,0.0
2023-12-21 00:00:00-05:00,12.792699711734935,12.899676886689036,12.498512268066406,12.498512268066406,3600,0.0,0.0
2023-12-22 00:00:00-05:00,12.88184644067546,13.140374816156623,12.682155551681879,13.042312622070312,6900,0.0,0.0
2023-12-26 00:00:00-05:00,13.149289805646847,13.291926033611666,12.934443625948768,13.202778816223145,42500,0.0,0.0
2023-12-27 00:00:00-05:00,13.291926202847801,13.702005788557384,13.168010914462219,13.47913646697998,28800,0.0,0.0
2023-12-28 00:00:00-05:00,13.505880008528543,13.99173517819217,13.505880008528543,13.880300521850586,19000,0.0,0.0
2023-12-29 00:00:00-05:00,13.969449302995505,14.254721765794253,13.69754845552857,14.085341453552246,16200,0.0,0.0
2024-01-02 00:00:00-05:00,14.049682692603266,14.531079558659634,13.737665292189266,14.513251304626465,28700,0.0,0.0
2024-01-03 00:00:00-05:00,14.53107904631948,14.620227114774282,14.326039679124019,14.441932678222656,7700,0.0,0.0
2024-01-04 00:00:00-05:00,14.666512766192037,14.666512766192037,14.043185693887345,14.208184242248535,9300,0.445,0.0
2024-01-05 00:00:00-05:00,14.345682591822387,14.437348647195785,13.951520651778276,13.979020118713379,10600,0.0,0.0
2024-01-08 00:00:00-05:00,14.2081847627999,14.2081847627999,13.676523725482129,13.832355499267578,4600,0.0,0.0
2024-01-09 00:00:00-05:00,13.529858358487743,14.187101474736343,13.520691578120156,13.704939842224121,13700,0.0,0.0
2024-01-10 00:00:00-05:00,13.55735838958828,13.55735838958828,13.447359643176503,13.493192672729492,3200,0.0,0.0
2024-01-11 00:00:00-05:00,13.493192363332176,13.740689318535514,13.493192363332176,13.630690574645996,1800,0.0,0.0
2024-01-12 00:00:00-05:00,13.6306899822039,13.731521941172005,13.419859284127245,13.58944034576416,2400,0.0,0.0
2024-01-16 00:00:00-05:00,13.429026430516734,13.704023740785791,13.429026430516734,13.557358741760254,4700,0.0,0.0
2024-01-17 00:00:00-05:00,13.740689151852179,14.09268530286716,13.740689151852179,13.75902271270752,3100,0.0,0.0
2024-01-18 00:00:00-05:00,13.841521883963557,13.841521883963557,13.65818977355957,13.65818977355957,2000,0.0,0.0
2024-01-19 00:00:00-05:00,13.713189160407223,13.82043768989474,13.584856861903788,13.603190422058105,2700,0.0,0.0
2024-01-22 00:00:00-05:00,13.841523011521833,13.841523011521833,13.566525697706311,13.749856948852539,1100,0.0,0.0
2024-01-23 00:00:00-05:00,13.841522074359407,13.969853504376701,13.74068923741176,13.850687980651855,6500,0.0,0.0
2024-01-24 00:00:00-05:00,13.841522897848304,14.043186835356808,13.548192024230957,13.548192024230957,4800,0.0,0.0
2024-01-25 00:00:00-05:00,13.749856284821288,13.887354497992572,13.749856284821288,13.823188781738281,5100,0.0,0.0
2024-01-26 00:00:00-05:00,13.604106831104906,14.199017406727117,13.604106831104906,13.786521911621094,10200,0.0,0.0
2024-01-29 00:00:00-05:00,14.162351355267882,14.162351355267882,13.979020118713379,13.979020118713379,3400,0.0,0.0
2024-01-30 00:00:00-05:00,13.979019814751856,14.122018438412677,13.575691103101976,14.116518020629883,6200,0.0,0.0
2024-01-31 00:00:00-05:00,13.855271660523766,14.116518790454121,13.59402453059341,13.924020767211914,5300,0.0,0.0
2024-02-01 00:00:00-05:00,13.924019688663556,14.116517696994954,13.905687002923175,13.942353248596191,5200,0.0,0.0
2024-02-02 00:00:00-05:00,13.770022406526074,13.942353679091058,13.770022406526074,13.786521911621094,900,0.0,0.0
2024-02-05 00:00:00-05:00,13.988187125058753,14.02485337296197,13.529858589172363,13.529858589172363,14300,0.0,0.0
2024-02-06 00:00:00-05:00,13.823188060557008,13.969853046739214,13.529858088192597,13.542691230773926,3600,0.0,0.0
2024-02-07 00:00:00-05:00,13.529859447477065,13.795689980187186,13.529859447477065,13.749856948852539,5900,0.0,0.0
2024-02-08 00:00:00-05:00,13.759023360787868,14.221935303881871,13.749856579928421,14.217351913452148,9100,0.0,0.0
2024-02-09 00:00:00-05:00,14.419014414308657,14.904843261271777,14.354848703053708,14.48318099975586,21400,0.0,0.0
2024-02-12 00:00:00-05:00,14.740762073322308,14.763679899252821,14.345683091794507,14.565681457519531,5300,0.0,0.0
2024-02-13 00:00:00-05:00,14.739845796333794,14.739845796333794,14.345682971660926,14.36401653289795,5800,0.0,0.0
2024-02-14 00:00:00-05:00,14.565681811754539,14.565681811754539,14.34568344067919,14.477682113647461,7000,0.0,0.0
2024-02-15 00:00:00-05:00,14.666512614640848,14.675679394831144,14.574846561122433,14.648179054260254,3200,0.0,0.0
2024-02-16 00:00:00-05:00,14.666512489318848,14.666512489318848,14.345682178938091,14.666512489318848,3000,0.0,0.0
2024-02-20 00:00:00-05:00,14.375932768735062,14.565681457519531,14.359433262837422,14.565681457519531,1300,0.0,0.0
2024-02-21 00:00:00-05:00,14.776512372017995,14.776512372017995,13.815854604523194,14.639013290405273,1700,0.0,0.0
2024-02-22 00:00:00-05:00,14.785676870325869,14.868176141477804,14.48318099975586,14.48318099975586,17700,0.0,0.0
2024-02-23 00:00:00-05:00,14.254017498800215,14.400682488950919,13.933187177201326,14.29068374633789,2700,0.0,0.0
2024-02-26 00:00:00-05:00,14.63901302317521,14.771927838029683,14.620679462951273,14.666512489318848,9900,0.0,0.0
2024-02-27 00:00:00-05:00,14.675680414417112,14.8498457533637,14.24301815032959,14.24301815032959,9100,0.0,0.0
2024-02-28 00:00:00-05:00,14.244851825648412,14.703181266784668,14.217352356405641,14.703181266784668,5100,0.0,0.0
2024-02-29 00:00:00-05:00,14.813178099123963,14.868177033730955,14.551013946533203,14.551013946533203,900,0.0,0.0
2024-03-01 00:00:00-05:00,14.849846207266582,15.024009803152014,14.849846207266582,15.002927780151367,4500,0.0,0.0
2024-03-04 00:00:00-05:00,14.996511109832925,15.024009704589844,14.8773447046039,15.024009704589844,2900,0.0,0.0
2024-03-05 00:00:00-05:00,14.666514142204486,15.024009864937605,14.501515578363128,14.703181266784668,13600,0.0,0.0
2024-03-06 00:00:00-05:00,14.666513358428748,14.886510848999023,14.666513358428748,14.886510848999023,1200,0.0,0.0
2024-03-07 00:00:00-05:00,14.656430551940746,14.66651348623391,14.556514739990234,14.556514739990234,1400,0.0,0.0
2024-03-08 00:00:00-05:00,14.452015580929402,14.73067924708593,14.446516036987305,14.446516036987305,2500,0.0,0.0
2024-03-11 00:00:00-04:00,14.804011471037025,14.808595735525826,14.675680039504629,14.785677909851074,4400,0.0,0.0
2024-03-12 00:00:00-04:00,14.987342834472656,14.987342834472656,14.678429512359182,14.987342834472656,4400,0.0,0.0
2024-03-13 00:00:00-04:00,14.804011858172647,15.014842572170569,14.774679208538833,14.959843635559082,500,0.0,0.0
2024-03-14 00:00:00-04:00,14.8177632503741,15.024009704589844,14.758180047759586,15.024009704589844,4800,0.0,0.0
2024-03-15 00:00:00-04:00,14.703180170263972,15.024008744490441,14.67567982887973,14.932344436645508,5400,0.0,0.0
2024-03-18 00:00:00-04:00,15.014842923542634,15.024009704589844,14.859011142509479,15.024009704589844,6500,0.0,0.0
2024-03-19 00:00:00-04:00,14.767346034103287,15.024008896074044,14.235684126477043,14.794844627380371,18700,0.0,0.0
2024-03-20 00:00:00-04:00,14.483181584547161,14.657346039639558,14.231100370938757,14.629846572875977,2900,0.0,0.0
2024-03-21 00:00:00-04:00,14.629846373477417,14.629846373477417,14.40068211378898,14.542763710021973,1900,0.0,0.0
2024-03-22 00:00:00-04:00,14.345682761316727,14.345682761316727,14.070686340332031,14.070686340332031,7100,0.0,0.0
2024-03-25 00:00:00-04:00,13.896521117529057,14.244850910942155,13.841522182575167,14.225601196289062,1900,0.0,0.0
2024-03-26 00:00:00-04:00,14.07068648488264,14.657346454815302,14.07068648488264,14.373183250427246,2300,0.0,0.0
2024-03-27 00:00:00-04:00,14.620679902052633,14.657346149409433,14.405265808105469,14.405265808105469,1900,0.0,0.0
2024-03-28 00:00:00-04:00,14.648179717834354,14.648179717834354,14.364016512600543,14.574847221374512,2700,0.0,0.0
2024-04-01 00:00:00-04:00,14.437349009060386,14.574847221374512,14.437349009060386,14.574847221374512,3600,0.0,0.0
2024-04-02 00:00:00-04:00,14.57484777843375,14.66651383960824,14.483182591451607,14.620680809020996,11100,0.0,0.0
2024-04-03 00:00:00-04:00,14.657346415841092,14.794844627380371,14.638096701193286,14.794844627380371,15500,0.0,0.0
2024-04-04 00:00:00-04:00,15.09743595327988,15.09743595327988,14.846691131591797,14.846691131591797,3500,0.445,0.0
2024-04-05 00:00:00-04:00,14.616684913635254,14.616684913635254,14.616684913635254,14.616684913635254,1200,0.0,0.0
2024-04-08 00:00:00-04:00,14.790132257453898,14.790132257453898,14.516764640808105,14.516764640808105,2900,0.0,0.0
2024-04-09 00:00:00-04:00,14.479057464149172,14.479057464149172,13.592969687791097,13.998308181762695,32400,0.0,0.0
2024-04-10 00:00:00-04:00,13.592970381349344,14.375367352206935,13.592970381349344,14.01716136932373,4200,0.0,0.0
2024-04-11 00:00:00-04:00,14.083146334657018,14.139705552417125,13.66838203400322,14.06429386138916,2100,0.0,0.0
2024-04-12 00:00:00-04:00,14.081261282333678,14.139705657958984,13.904043896993,14.139705657958984,700,0.0,0.0
2024-04-15 00:00:00-04:00,13.856911257423638,14.03601469779512,13.442146956894042,13.826746940612793,6200,0.0,0.0
2024-04-16 00:00:00-04:00,13.647643597263878,14.0039644241333,13.621249595122185,14.0039644241333,2800,0.0,0.0
2024-04-17 00:00:00-04:00,13.583544347124556,13.866338652339257,13.574117660522461,13.574117660522461,2200,0.0,0.0
2024-04-18 00:00:00-04:00,13.28189701560154,13.536411250430676,13.24419116973877,13.24419116973877,8400,0.0,0.0
2024-04-19 00:00:00-04:00,13.253617821270725,13.352595329284668,13.244191135085128,13.352595329284668,2100,0.0,0.0
2024-04-22 00:00:00-04:00,13.630675846411295,13.668381690979004,13.244190714847718,13.668381690979004,2600,0.0,0.0
2024-04-23 00:00:00-04:00,13.819204861565366,13.941749079313302,13.253617201549773,13.856910705566406,3900,0.0,0.0
2024-04-24 00:00:00-04:00,13.470426108871314,13.470426108871314,13.24419103597954,13.338455200195312,1200,0.0,0.0
2024-04-25 00:00:00-04:00,13.338455200195312,13.338455200195312,13.338455200195312,13.338455200195312,0,0.0,0.0
2024-04-26 00:00:00-04:00,13.3101761351897,13.3101761351897,13.2913236618042,13.2913236618042,500,0.0,0.0
2024-04-29 00:00:00-04:00,13.197058637665737,13.338455334906559,13.046235254214652,13.24419116973877,5300,0.0,0.0
2024-04-30 00:00:00-04:00,13.072629439145741,13.366735580373243,13.072629439145741,13.225337982177734,800,0.0,0.0
2024-05-01 00:00:00-04:00,13.11221981048584,13.11221981048584,13.11221981048584,13.11221981048584,800,0.0,0.0
2024-05-02 00:00:00-04:00,13.112220782227924,13.291324231446739,12.961397392766804,13.28189754486084,4600,0.0,0.0
2024-05-03 00:00:00-04:00,13.244190391143256,13.357307922081649,12.980249485620337,13.16406536102295,5700,0.0,0.0
2024-05-06 00:00:00-04:00,13.39407160647831,13.39407160647831,12.829426044335024,13.14992618560791,4600,0.0,0.0
2024-05-07 00:00:00-04:00,13.28189756907407,13.291324255677154,13.065088272094727,13.065088272094727,8200,0.0,0.0
2024-05-08 00:00:00-04:00,13.055662516201503,13.432720991458124,13.008529982049847,13.26870059967041,4900,0.0,0.0
2024-05-09 00:00:00-04:00,13.248904938622138,13.29132412895326,13.206485748291016,13.206485748291016,4900,0.0,0.0
2024-05-10 00:00:00-04:00,13.310176215604576,13.403498251821215,13.19705867767334,13.19705867767334,7300,0.0,0.0
2024-05-13 00:00:00-04:00,13.291323676570997,13.338455309576247,13.05566191563164,13.074514389038086,4500,0.0,0.0
2024-05-14 00:00:00-04:00,12.060226028048094,13.20648536391218,12.060226028048094,13.19705867767334,10000,0.0,0.0
2024-05-15 00:00:00-04:00,13.291323569223376,13.291323569223376,12.735161674061823,12.999102592468262,8700,0.0,0.0
2024-05-16 00:00:00-04:00,12.923690835666708,13.224395468803445,12.287403909714774,12.70028305053711,12200,0.0,0.0
2024-05-17 00:00:00-04:00,12.989675771792573,13.281896745520584,12.688029011024247,12.754014015197754,9300,0.0,0.0
2024-05-20 00:00:00-04:00,13.027381921287349,13.376161221319894,12.78229437192548,13.19705867767334,8200,0.0,0.0
2024-05-21 00:00:00-04:00,13.37616118076933,13.37616118076933,13.24419116973877,13.24419116973877,2800,0.0,0.0
2024-05-22 00:00:00-04:00,13.300749449007812,13.479852890550571,13.225337757509264,13.2913236618042,6100,0.0,0.0
2024-05-23 00:00:00-04:00,13.451573730983183,13.456286175095853,13.19046009741021,13.2913236618042,6900,0.0,0.0
2024-05-24 00:00:00-04:00,13.385588240106646,13.442147459966545,13.197059005537486,13.219682693481445,3700,0.0,0.0
2024-05-28 00:00:00-04:00,13.225337701968893,13.385587770474901,13.225337701968893,13.304520606994629,9300,0.0,0.0
2024-05-29 00:00:00-04:00,13.338455082844549,13.479852676391602,13.338455082844549,13.479852676391602,800,0.0,0.0
2024-05-30 00:00:00-04:00,13.658955574035645,13.658955574035645,13.555264721899922,13.658955574035645,3900,0.0,0.0
2024-05-31 00:00:00-04:00,13.65895521746967,13.819205284118652,13.621249372315688,13.819205284118652,6800,0.0,0.0
2024-06-03 00:00:00-04:00,13.790925703309144,13.856910705566406,13.762646545052922,13.856910705566406,4400,0.0,0.0
2024-06-04 00:00:00-04:00,13.819204752700582,13.819204752700582,13.762646436633695,13.781498908996582,3200,0.0,0.0
2024-06-05 00:00:00-04:00,13.809779159714806,13.81637766041065,13.234764772986805,13.687235832214355,5500,0.0,0.0
2024-06-06 00:00:00-04:00,13.63067567875191,13.809778213500977,13.338454712712846,13.809778213500977,6800,0.0,0.0
2024-06-07 00:00:00-04:00,13.526985005595467,13.856910920989108,13.319602410876616,13.464770317077637,4100,0.0,0.0
2024-06-10 00:00:00-04:00,13.649528530078502,13.668381902142746,13.479852676391602,13.479852676391602,1900,0.0,0.0
2024-06-11 00:00:00-04:00,13.781499940350617,13.800353313102644,13.479853168144535,13.62596321105957,2300,0.0,0.0
2024-06-12 00:00:00-04:00,13.75322006600091,13.800352596455108,13.668381690979004,13.668381690979004,7100,0.0,0.0
2024-06-13 00:00:00-04:00,13.500590607789952,13.509075164794922,13.500590607789952,13.509075164794922,1000,0.0,0.0
2024-06-14 00:00:00-04:00,13.630676799871187,13.781500188692052,13.197059107522044,13.29509449005127,7300,0.0,0.0
2024-06-17 00:00:00-04:00,13.244190919458106,13.479852676391602,13.244190919458106,13.479852676391602,3800,0.0,0.0
2024-06-18 00:00:00-04:00,13.479852461447907,13.479852461447907,13.083940644194405,13.329029083251953,11300,0.0,0.0
2024-06-20 00:00:00-04:00,13.432721180750903,13.479853715566747,13.159353557593,13.385588645935059,3800,0.0,0.0
2024-06-21 00:00:00-04:00,13.366735458374023,13.366735458374023,13.366735458374023,13.366735458374023,200,0.0,0.0
2024-06-24 00:00:00-04:00,13.451573977899615,13.451573977899615,13.307348193808508,13.33374309539795,500,0.0,0.0
2024-06-25 00:00:00-04:00,13.20648536391218,13.215912050151019,13.084883268979022,13.19705867767334,6900,0.0,0.0
2024-06-26 00:00:00-04:00,13.338455347080883,13.338455347080883,13.203657150268555,13.203657150268555,800,0.0,0.0
2024-06-27 00:00:00-04:00,13.112219988618325,13.272470054966298,13.008529139384212,13.032094955444336,4500,0.0,0.0
2024-06-28 00:00:00-04:00,13.038693769781952,13.479852976956751,13.038693769781952,13.258330345153809,1900,0.0,0.0
2024-07-01 00:00:00-04:00,13.234764805622765,13.253618178502125,13.093368104940774,13.131073951721191,10100,0.0,0.0
2024-07-02 00:00:00-04:00,13.30074891063509,13.30074891063509,13.179147720336914,13.179147720336914,1000,0.0,0.0
2024-07-03 00:00:00-04:00,13.38935893279542,13.57411694619521,13.234764337182721,13.555264472961426,6400,0.0,0.0
2024-07-05 00:00:00-04:00,13.696313481869122,13.97841081203897,13.560128211975098,13.560128211975098,4100,0.445,0.0
2024-07-08 00:00:00-04:00,13.56985619645387,13.646703871939472,13.55040168762207,13.55040168762207,1100,0.0,0.0
2024-07-09 00:00:00-04:00,13.423944100477426,13.589311599731445,13.370442577869868,13.589311599731445,7200,0.0,0.0
2024-07-10 00:00:00-04:00,13.493981496743956,13.608765973257396,13.316940922904516,13.443398475646973,7200,0.0,0.0
2024-07-11 00:00:00-04:00,13.599037990071393,13.866544667550393,13.443398213632971,13.793588638305664,6200,0.0,0.0
2024-07-12 00:00:00-04:00,14.24786300267076,14.299418239145485,13.696313627794144,13.968683242797852,4600,0.0,0.0
2024-07-15 00:00:00-04:00,13.861680776508171,14.007592834660077,13.715768718356266,13.832498550415039,4700,0.0,0.0
2024-07-16 00:00:00-04:00,14.289689983572742,14.299417701378605,13.472581169291127,13.725495338439941,8300,0.0,0.0
2024-07-17 00:00:00-04:00,13.861680636493233,13.879189786435008,13.686585426330566,13.686585426330566,2400,0.0,0.0
2024-07-18 00:00:00-04:00,13.890862970646335,14.047475889231563,13.823743943555156,13.871408462524414,6500,0.0,0.0
2024-07-19 00:00:00-04:00,13.521218232606307,14.051366806030273,13.41421611719171,14.051366806030273,2600,0.0,0.0
2024-07-22 00:00:00-04:00,14.056230167878768,14.056230167878768,13.48230781124721,13.769268989562988,2600,0.0,0.0
2024-07-23 00:00:00-04:00,13.861680443217303,14.036775650938585,13.861680443217303,13.958955764770508,500,0.0,0.0
2024-07-24 00:00:00-04:00,13.837362571262297,13.99786620818163,13.6282212718279,13.637948989868164,5500,0.0,0.0
2024-07-25 00:00:00-04:00,13.720631855505767,13.86168098449707,13.61849359880414,13.86168098449707,2900,0.0,0.0
2024-07-26 00:00:00-04:00,13.958955764770508,13.958955764770508,13.958955764770508,13.958955764770508,300,0.0,0.0
2024-07-29 00:00:00-04:00,14.089303945855082,14.089303945855082,13.7099313072253,13.735222816467285,4000,0.0,0.0
2024-07-30 00:00:00-04:00,14.19241591130204,14.19241591130204,13.881136355925923,13.93950080871582,10900,0.0,0.0
2024-07-31 00:00:00-04:00,14.172960450607967,14.279963493347168,13.744951062709907,14.279963493347168,27500,0.0,0.0
2024-08-01 00:00:00-04:00,14.279963603227253,14.425875663757324,14.159342125420189,14.425875663757324,13900,0.0,0.0
2024-08-02 00:00:00-04:00,14.182688448960857,14.49396800994873,14.182688448960857,14.49396800994873,15000,0.0,0.0
2024-08-05 00:00:00-04:00,13.851953219611815,14.56206086583221,13.851953219611815,14.451167106628418,5800,0.0,0.0
2024-08-06 00:00:00-04:00,14.51244948152789,14.534823417663574,13.983274072281771,14.534823417663574,1800,0.0,0.0
2024-08-07 00:00:00-04:00,14.519259245240605,15.45699048199496,14.519259245240605,15.44726276397705,31100,0.0,0.0
2024-08-08 00:00:00-04:00,15.427807254648188,15.437534972619883,14.581515272521909,15.223529815673828,31300,0.0,0.0
2024-08-09 00:00:00-04:00,14.8247024656512,15.49590015411377,14.474512972335665,15.49590015411377,29500,0.0,0.0
2024-08-12 00:00:00-04:00,15.281894790884882,15.495899942160323,14.77606460199497,14.824702262878418,14800,0.0,0.0
2024-08-13 00:00:00-04:00,14.892795867539355,15.048435645530011,14.357783434931786,14.805248260498047,7800,0.0,0.0
2024-08-14 00:00:00-04:00,14.659335209064308,15.369442852663841,14.25078032977389,14.883068084716797,69500,0.0,0.0
2024-08-15 00:00:00-04:00,14.805248446321723,14.873340618125711,14.299418233817061,14.722564697265625,7300,0.0,0.0
2024-08-16 00:00:00-04:00,15.1748928224543,15.213802765991414,14.416147531951223,14.97061538696289,15700,0.0,0.0
2024-08-19 00:00:00-04:00,14.445330824762593,15.077617645263672,14.445330824762593,15.077617645263672,5500,0.0,0.0
2024-08-20 00:00:00-04:00,14.844158140388483,15.204075357346946,14.47451320542638,14.883068084716797,5900,0.0,0.0
2024-08-21 00:00:00-04:00,14.970615355616623,15.03870752474244,14.902522258804577,15.009525299072266,4000,0.0,0.0
2024-08-22 00:00:00-04:00,15.038708180476,15.06789040741861,15.038708180476,15.058162689208984,3200,0.0,0.0
2024-08-23 00:00:00-04:00,15.19434750913378,15.213802944974336,15.038707733154297,15.038707733154297,14700,0.0,0.0
2024-08-26 00:00:00-04:00,15.174892665214806,15.174892665214806,14.907385994443548,15.165164947509766,9700,0.0,0.0
2024-08-27 00:00:00-04:00,15.21380291280084,15.21380291280084,14.921977869613329,15.077617645263672,20700,0.0,0.0
2024-08-28 00:00:00-04:00,15.174892968888255,15.174892968888255,15.077617645263672,15.077617645263672,2700,0.0,0.0
2024-08-29 00:00:00-04:00,15.028979983451379,15.184619759101722,15.028979983451379,15.077617645263672,7500,0.0,0.0
2024-08-30 00:00:00-04:00,15.272167542564254,15.281895260577173,15.145709991455078,15.145709991455078,12400,0.0,0.0
2024-09-03 00:00:00-04:00,15.28189480825536,15.28189480825536,15.12625503540039,15.12625503540039,3600,0.0,0.0
2024-09-04 00:00:00-04:00,14.785792837457691,15.272167607950946,14.785792837457691,15.067890167236328,4100,0.0,0.0
2024-09-05 00:00:00-04:00,15.24298480267368,15.29162246341341,14.96575134244931,15.20407485961914,76300,0.0,0.0
2024-09-06 00:00:00-04:00,15.165165003104628,15.272167115193664,14.484240531921387,14.484240531921387,2600,0.0,0.0
2024-09-09 00:00:00-04:00,14.868476888144846,15.272167918762516,14.839294661073499,14.980342864990234,21800,0.0,0.0
2024-09-10 00:00:00-04:00,14.980342013607991,15.466716766357422,14.980342013607991,15.466716766357422,74600,0.0,0.0
2024-09-11 00:00:00-04:00,15.447262699748604,15.602903404329245,15.418080473502467,15.5250825881958,34900,0.0,0.0
2024-09-12 00:00:00-04:00,15.252712512584315,15.505626678466797,15.242984794904084,15.505626678466797,2000,0.0,0.0
2024-09-13 00:00:00-04:00,15.349987232373271,15.495900217617384,15.252712836563434,15.41808032989502,8500,0.0,0.0
2024-09-16 00:00:00-04:00,15.28189506253776,15.41808032989502,15.272167344650907,15.41808032989502,2100,0.0,0.0
2024-09-17 00:00:00-04:00,15.34026034811016,15.573720009845742,15.34026034811016,15.534810066223145,4300,0.0,0.0
2024-09-18 00:00:00-04:00,15.563992025897928,15.563992025897928,15.320804650493272,15.544536590576172,3600,0.0,0.0
2024-09-19 00:00:00-04:00,15.612629650252945,15.661268241334417,15.466717587753601,15.622357368469238,5300,0.0,0.0
2024-09-20 00:00:00-04:00,17.18848395788963,17.18848395788963,15.249794150039339,15.65153980255127,6900,0.0,0.0
2024-09-23 00:00:00-04:00,15.534810225787554,15.6418123399272,15.34026050567627,15.34026050567627,900,0.0,0.0
2024-09-24 00:00:00-04:00,15.612628936767578,15.739087412427812,15.515354542108806,15.612628936767578,49200,0.0,0.0
2024-09-25 00:00:00-04:00,15.61262941036293,15.64181256456341,15.583448111534958,15.632084846496582,24600,0.0,0.0
2024-09-26 00:00:00-04:00,15.73908757877725,15.904455071899813,15.71963214302813,15.758543014526367,42100,0.0,0.0
2024-09-27 00:00:00-04:00,16.4686502229469,16.4686502229469,15.583448278480102,15.73908805847168,10800,0.0,0.0
2024-09-30 00:00:00-04:00,15.904454772530881,15.914182490222336,15.719631847138114,15.80717945098877,29500,0.0,0.0
2024-10-01 00:00:00-04:00,15.82663488637168,15.88499933714797,15.70990412944666,15.80717945098877,9000,0.0,0.0
2024-10-02 00:00:00-04:00,15.807179685238282,15.855816419043876,15.79745196740267,15.836362838745117,12100,0.0,0.0
2024-10-03 00:00:00-04:00,15.885000228881836,15.943364682934524,15.719632729588769,15.885000228881836,40100,0.0,0.0
2024-10-04 00:00:00-04:00,15.65999984741211,15.979999542236328,15.649999618530273,15.979999542236328,2400,0.445,0.0
2024-10-07 00:00:00-04:00,15.920000076293945,15.951000213623047,15.49899959564209,15.920000076293945,3200,0.0,0.0
2024-10-08 00:00:00-04:00,15.569999694824219,15.770000457763672,14.350000381469727,15.710000038146973,10000,0.0,0.0
2024-10-09 00:00:00-04:00,15.013999938964844,15.640000343322754,15.013999938964844,15.640000343322754,7600,0.0,0.0
2024-10-10 00:00:00-04:00,16.0,16.0,15.100000381469727,15.45300006866455,1700,0.0,0.0
2024-10-11 00:00:00-04:00,15.430000305175781,15.904999732971191,15.430000305175781,15.84000015258789,11100,0.0,0.0
2024-10-14 00:00:00-04:00,15.850000381469727,16.025999069213867,15.369999885559082,15.979999542236328,1100,0.0,0.0
2024-10-15 00:00:00-04:00,15.9399995803833,15.9399995803833,15.880000114440918,15.920000076293945,2300,0.0,0.0
2024-10-16 00:00:00-04:00,15.90999984741211,16.149999618530273,15.347000122070312,16.049999237060547,10000,0.0,0.0
2024-10-17 00:00:00-04:00,15.979999542236328,16.049999237060547,15.979999542236328,16.049999237060547,1800,0.0,0.0
2024-10-18 00:00:00-04:00,15.979999542236328,15.979999542236328,15.600000381469727,15.890999794006348,2400,0.0,0.0
2024-10-21 00:00:00-04:00,15.869999885559082,16.200000762939453,15.869999885559082,16.07900047302246,19000,0.0,0.0
2024-10-22 00:00:00-04:00,15.5,15.835000038146973,15.5,15.829999923706055,1700,0.0,0.0
2024-10-23 00:00:00-04:00,15.829999923706055,15.946000099182129,15.307999610900879,15.800000190734863,17300,0.0,0.0
2024-10-24 00:00:00-04:00,15.619999885559082,15.800000190734863,15.5,15.649999618530273,13400,0.0,0.0
2024-10-25 00:00:00-04:00,15.8149995803833,15.829999923706055,15.640000343322754,15.829999923706055,1800,0.0,0.0
2024-10-28 00:00:00-04:00,15.869999885559082,15.869999885559082,15.869999885559082,15.869999885559082,400,0.0,0.0
2024-10-29 00:00:00-04:00,15.649999618530273,15.779999732971191,15.649999618530273,15.779999732971191,1300,0.0,0.0
2024-10-30 00:00:00-04:00,15.779999732971191,15.779999732971191,15.779999732971191,15.779999732971191,0,0.0,0.0
2024-10-31 00:00:00-04:00,15.685999870300293,15.800000190734863,15.5,15.520000457763672,8600,0.0,0.0
2024-11-01 00:00:00-04:00,15.619999885559082,15.729999542236328,15.531000137329102,15.729999542236328,1100,0.0,0.0
2024-11-04 00:00:00-05:00,15.600000381469727,15.6899995803833,15.53600025177002,15.6899995803833,1700,0.0,0.0
2024-11-05 00:00:00-05:00,15.670000076293945,15.899999618530273,15.65999984741211,15.779999732971191,6500,0.0,0.0
2024-11-06 00:00:00-05:00,15.430000305175781,15.979999542236328,15.430000305175781,15.760000228881836,9500,0.0,0.0
2024-11-07 00:00:00-05:00,15.600000381469727,15.800000190734863,15.5,15.800000190734863,1000,0.0,0.0
2024-11-08 00:00:00-05:00,15.800000190734863,16.1299991607666,15.359999656677246,16.09000015258789,19900,0.0,0.0
2024-11-11 00:00:00-05:00,16.040000915527344,16.049999237060547,15.845000267028809,15.869999885559082,9600,0.0,0.0
2024-11-12 00:00:00-05:00,15.600000381469727,15.899999618530273,15.600000381469727,15.75,9500,0.0,0.0
2024-11-13 00:00:00-05:00,15.5,15.84000015258789,15.5,15.729999542236328,2200,0.0,0.0
2024-11-14 00:00:00-05:00,15.800000190734863,16.1299991607666,15.61299991607666,15.79699993133545,13700,0.0,0.0
2024-11-15 00:00:00-05:00,15.600000381469727,15.699999809265137,15.600000381469727,15.600000381469727,2200,0.0,0.0
2024-11-18 00:00:00-05:00,15.5,15.75,15.145000457763672,15.680000305175781,15600,0.0,0.0
2024-11-19 00:00:00-05:00,15.069999694824219,15.600000381469727,14.84000015258789,15.199999809265137,11600,0.0,0.0
2024-11-20 00:00:00-05:00,15.199000358581543,15.59000015258789,15.010000228881836,15.300000190734863,3100,0.0,0.0
2024-11-21 00:00:00-05:00,15.300000190734863,15.5,15.300000190734863,15.5,1500,0.0,0.0
2024-11-22 00:00:00-05:00,15.579999923706055,15.579999923706055,15.020000457763672,15.199999809265137,7300,0.0,0.0
2024-11-25 00:00:00-05:00,15.649999618530273,15.649999618530273,14.92300033569336,15.0,7500,0.0,0.0
2024-11-26 00:00:00-05:00,14.979999542236328,15.069999694824219,14.680000305175781,14.75,4100,0.0,0.0
2024-11-27 00:00:00-05:00,14.9399995803833,15.210000038146973,14.899999618530273,15.210000038146973,5000,0.0,0.0
2024-11-29 00:00:00-05:00,15.25,15.25,15.09000015258789,15.163999557495117,2000,0.0,0.0
2024-12-02 00:00:00-05:00,15.109999656677246,15.359999656677246,15.109999656677246,15.359999656677246,7886,0.0,0.0
