Date,Open,High,Low,Close,Volume,Dividends,Stock Splits
2022-01-03 00:00:00-05:00,17.89717185050322,18.20498594669406,17.853197449646313,18.108243942260742,647700,0.0,0.0
2022-01-04 00:00:00-05:00,18.143419016206018,18.43364330775623,18.12583093599965,18.30172348022461,748000,0.0,0.0
2022-01-05 00:00:00-05:00,18.442433580153605,18.882167347059564,18.178593990990507,18.21377182006836,788600,0.0,0.0
2022-01-06 00:00:00-05:00,18.407262680018945,18.407262680018945,17.712482261598634,17.730072021484375,727800,0.0,0.0
2022-01-07 00:00:00-05:00,17.61573796013216,18.31931142220199,17.57176357034564,18.292926788330078,1220800,0.0,0.0
2022-01-10 00:00:00-05:00,18.363283896036453,18.521588342308984,17.738862666240838,17.905961990356445,974200,0.0,0.0
2022-01-11 00:00:00-05:00,17.985111420434965,18.08185170678235,17.624529872123656,17.96752166748047,866000,0.0,0.0
2022-01-12 00:00:00-05:00,17.949936865644705,18.231366280738435,17.694892087260374,17.74765968322754,624900,0.0,0.0
2022-01-13 00:00:00-05:00,17.870780820204004,18.213772636990093,17.730066142678876,18.02029037475586,561800,0.0,0.0
2022-01-14 00:00:00-05:00,17.905964564116783,18.143419590205365,17.72127545776825,18.134626388549805,637200,0.0,0.0
2022-01-18 00:00:00-05:00,18.029087966024168,18.03788284437495,17.483817250436474,17.69489097595215,812600,0.0,0.0
2022-01-19 00:00:00-05:00,17.68609872272594,17.721276563898936,17.140827926204413,17.360694885253906,610200,0.0,0.0
2022-01-20 00:00:00-05:00,17.343102901079412,17.738864047578947,17.21997795659136,17.255157470703125,909800,0.0,0.0
2022-01-21 00:00:00-05:00,17.219978677620574,17.562970567314107,17.00890661646674,17.052879333496094,738600,0.0,0.0
2022-01-24 00:00:00-05:00,16.868188806102786,17.51019975036164,16.868188806102786,17.422252655029297,1081800,0.0,0.0
2022-01-25 00:00:00-05:00,17.19359352318689,17.79163185050671,17.158415686113035,17.642122268676758,1037900,0.0,0.0
2022-01-26 00:00:00-05:00,17.756451645479636,18.029086136887653,16.920956738887227,17.114439010620117,1338300,0.0,0.0
2022-01-27 00:00:00-05:00,17.044083008594967,17.51899636398859,16.938547825697373,17.16720962524414,1068800,0.0,0.0
2022-01-28 00:00:00-05:00,17.1672115247032,17.580560778781354,17.044084894430732,17.571765899658203,1083000,0.0,0.0
2022-01-31 00:00:00-05:00,17.369485161308717,17.571762307434373,16.595554408655573,17.4134578704834,5847200,0.0,0.0
2022-02-01 00:00:00-05:00,17.23756710105193,17.606943598840598,17.035289934452578,17.562969207763672,883600,0.0,0.0
2022-02-02 00:00:00-05:00,17.55417331188414,17.826809488401096,17.439843256615166,17.77404022216797,713300,0.0,0.0
2022-02-03 00:00:00-05:00,17.83560564954626,18.319312215997357,17.77404150117749,18.24015998840332,875500,0.0,0.0
2022-02-04 00:00:00-05:00,18.073063985344113,18.143421347565067,17.721277174239347,17.993911743164062,853600,0.0,0.0
2022-02-07 00:00:00-05:00,18.02029223538401,18.029087113318827,17.61573791509111,17.88837242126465,962000,0.0,0.0
2022-02-08 00:00:00-05:00,17.967524507843823,18.363283947175862,17.86198765088442,18.310516357421875,583700,0.0,0.0
2022-02-09 00:00:00-05:00,18.31931422679188,18.49520845796354,18.055474557486104,18.231367111206055,625100,0.0,0.0
2022-02-10 00:00:00-05:00,18.055471935831406,18.240159342038496,17.782835749356945,17.87078285217285,747700,0.0,0.0
2022-02-11 00:00:00-05:00,17.835607861943096,18.231367371553283,17.59815114970595,18.073062896728516,588300,0.0,0.0
2022-02-14 00:00:00-05:00,18.15221280034115,18.15221280034115,17.580559130544067,17.976320266723633,576900,0.0,0.0
2022-02-15 00:00:00-05:00,18.11703490182891,18.504001158369167,17.861988464407613,18.38966941833496,519800,0.0,0.0
2022-02-16 00:00:00-05:00,18.310517284736772,18.512794453580668,18.15221283000624,18.380874633789062,433900,0.0,0.0
2022-02-17 00:00:00-05:00,18.161008801733082,18.22257127617887,17.809222035291718,18.029088973999023,709400,0.0,0.0
2022-02-18 00:00:00-05:00,17.782832570882825,18.108236289904124,16.085461673942945,16.287738800048828,1824200,0.0,0.0
2022-02-22 00:00:00-05:00,16.023901720812194,16.208590819661445,15.135639096469609,15.144433975219727,1600900,0.0,0.0
2022-02-23 00:00:00-05:00,14.986129327288976,15.100459381926008,14.405679144092725,14.45844841003418,1620600,0.0,0.0
2022-02-24 00:00:00-05:00,14.036305182807343,14.71349490737976,13.798848490099928,14.678317070007324,1325000,0.0,0.0
2022-02-25 00:00:00-05:00,14.72229072096597,15.311534212073257,14.70470096243699,15.285149574279785,1133600,0.0,0.0
2022-02-28 00:00:00-05:00,15.012513656076969,15.496221906745792,14.986130698144256,15.25876522064209,951800,0.0,0.0
2022-03-01 00:00:00-05:00,15.074075766696092,15.276354611559269,14.766263415178988,15.135638236999512,769800,0.0,0.0
2022-03-02 00:00:00-05:00,15.205997546093737,15.654524603069273,15.188407789264861,15.469837188720703,796700,0.0,0.0
2022-03-03 00:00:00-05:00,15.487428213157752,15.72488323997652,15.337918622778398,15.575373649597168,1024300,0.0,0.0
2022-03-04 00:00:00-05:00,15.373095345468277,15.795239448547365,15.285148237963913,15.795239448547363,753000,0.0,0.0
2022-03-07 00:00:00-05:00,15.81282842447263,16.586760919341206,15.610551261420046,16.481224060058594,878900,0.0,0.0
2022-03-08 00:00:00-05:00,16.55158360785413,16.8857823088091,16.331716659444908,16.45484161376953,890800,0.0,0.0
2022-03-09 00:00:00-05:00,16.446044075715562,16.62193658159492,16.199792554542963,16.366891860961914,613800,0.0,0.0
2022-03-10 00:00:00-05:00,16.164617123136747,16.472431182861328,16.111849525811632,16.472431182861328,666300,0.0,0.0
2022-03-11 00:00:00-05:00,16.560376933252748,16.824216575607515,16.375689519094717,16.577966690063477,577200,0.0,0.0
2022-03-14 00:00:00-04:00,16.755557486405426,17.03082053046174,16.595726785461704,16.844350814819336,942700,0.18,0.0
2022-03-15 00:00:00-04:00,16.870989430008507,17.039699798523348,16.693399390137706,16.728918075561523,567700,0.0,0.0
2022-03-16 00:00:00-04:00,16.73779837577632,16.85323072049237,16.444775984517204,16.82659339904785,858400,0.0,0.0
2022-03-17 00:00:00-04:00,16.711159401032816,16.95978512806822,16.53357104768542,16.791074752807617,746000,0.0,0.0
2022-03-18 00:00:00-04:00,16.72891704992542,16.84434938322748,16.47141167726262,16.498050689697266,1926300,0.0,0.0
2022-03-21 00:00:00-04:00,16.506933535599398,16.72892026771491,16.364862162535417,16.41813850402832,974600,0.0,0.0
2022-03-22 00:00:00-04:00,16.462538428995277,16.542452102006617,16.116237942365032,16.284948348999023,630900,0.0,0.0
2022-03-23 00:00:00-04:00,16.35597928087352,16.382618293205415,16.16063160464504,16.258304595947266,526700,0.0,0.0
2022-03-24 00:00:00-04:00,16.33822248246328,16.41813783827425,16.12511543150878,16.355981826782227,568600,0.0,0.0
2022-03-25 00:00:00-04:00,16.45365569591062,16.853230761160418,16.258306305517017,16.791074752807617,783800,0.0,0.0
2022-03-28 00:00:00-04:00,16.755554815665786,16.755554815665786,16.338218786695002,16.560205459594727,690400,0.0,0.0
2022-03-29 00:00:00-04:00,16.560207457219576,16.79107382811911,16.462534461025857,16.764434814453125,611500,0.0,0.0
2022-03-30 00:00:00-04:00,16.80883435136648,16.95978538549633,16.666762989082418,16.755558013916016,522300,0.0,0.0
2022-03-31 00:00:00-04:00,16.746677165633248,16.915385837978818,16.560207457219576,16.764434814453125,704000,0.0,0.0
2022-04-01 00:00:00-04:00,16.85323365949261,17.48367691040039,16.720041948170387,17.48367691040039,1390400,0.0,0.0
2022-04-04 00:00:00-04:00,17.40375711417172,17.492552130322284,17.101855075434248,17.385997772216797,704300,0.0,0.0
2022-04-05 00:00:00-04:00,17.297201422738482,17.563586450656295,17.057455405699628,17.243925094604492,808300,0.0,0.0
2022-04-06 00:00:00-04:00,17.350481033325195,17.492552383774964,16.95978397277628,17.350481033325195,753200,0.0,0.0
2022-04-07 00:00:00-04:00,17.439274199534854,17.723416897866525,17.18177051428081,17.590225219726562,911900,0.0,0.0
2022-04-08 00:00:00-04:00,17.652380808404764,18.273944216614918,17.634623160394444,18.17626953125,739200,0.0,0.0
2022-04-11 00:00:00-04:00,18.30946340817854,18.646882440478315,17.776694999725773,17.812211990356445,1041200,0.0,0.0
2022-04-12 00:00:00-04:00,17.901005137387806,18.300581825392676,17.803330459514637,18.087474822998047,786400,0.0,0.0
2022-04-13 00:00:00-04:00,18.0430797862553,18.469293869326478,17.95428476220942,18.416017532348633,641000,0.0,0.0
2022-04-14 00:00:00-04:00,18.389380038206053,18.602488790994084,18.131876310159075,18.300586700439453,854600,0.0,0.0
2022-04-18 00:00:00-04:00,18.291701215448715,18.575843870709274,17.989799220828413,18.060834884643555,799100,0.0,0.0
2022-04-19 00:00:00-04:00,17.572470205355103,17.581348184087684,15.876490044920901,16.746679306030273,1662400,0.0,0.0
2022-04-20 00:00:00-04:00,16.773313322589786,17.24392570297792,16.755555675001247,17.066335678100586,1072700,0.0,0.0
2022-04-21 00:00:00-04:00,17.20840835571289,17.35935938048336,16.968664005238484,17.20840835571289,948600,0.0,0.0
2022-04-22 00:00:00-04:00,17.057457222654513,17.084096236371057,16.711158512460056,17.021940231323242,960700,0.0,0.0
2022-04-25 00:00:00-04:00,16.968664758832624,17.004181751966716,16.24942659459499,16.82659339904785,1261100,0.0,0.0
2022-04-26 00:00:00-04:00,16.666765256822554,16.693402582360044,16.364863147484975,16.39150047302246,1067400,0.0,0.0
2022-04-27 00:00:00-04:00,16.44477409095172,16.693398095134675,16.16063140410034,16.551326751708984,1209200,0.0,0.0
2022-04-28 00:00:00-04:00,16.693398793346375,16.986421163120703,16.400376423572045,16.888748168945312,891800,0.0,0.0
2022-04-29 00:00:00-04:00,16.799955603199795,16.90650997758343,16.12511574843498,16.267187118530273,5432400,0.0,0.0
2022-05-02 00:00:00-04:00,16.462537857454326,16.897631675352734,16.045201692039427,16.39150047302246,1270300,0.0,0.0
2022-05-03 00:00:00-04:00,16.435894420284612,16.773313437514627,16.435894420284612,16.551326751708984,1152000,0.0,0.0
2022-05-04 00:00:00-04:00,16.657879475038023,17.332719137045295,16.56020480088765,17.252803802490234,1018300,0.0,0.0
2022-05-05 00:00:00-04:00,17.101853983980483,17.31496099296674,16.71115695402704,16.91538429260254,678500,0.0,0.0
2022-05-06 00:00:00-04:00,17.403757154930183,17.403757154930183,16.44477470423118,16.66676139831543,876400,0.0,0.0
2022-05-09 00:00:00-04:00,16.427015323399843,16.782193694370164,16.249425291102654,16.409255981445312,839800,0.0,0.0
2022-05-10 00:00:00-04:00,16.35597866794078,16.640121347670103,15.547947287351533,15.716657638549805,1015100,0.0,0.0
2022-05-11 00:00:00-04:00,15.725537163262407,16.0895969128276,15.539069146444655,15.56570816040039,1036200,0.0,0.0
2022-05-12 00:00:00-04:00,15.636747360229492,15.787698419405809,15.379241914848034,15.636747360229492,986100,0.0,0.0
2022-05-13 00:00:00-04:00,15.57458594935306,15.849848952463798,15.441392589296447,15.539067268371582,890400,0.0,0.0
2022-05-16 00:00:00-04:00,15.494672493195425,15.71665919542674,15.441394465250534,15.556828498840332,1000700,0.0,0.0
2022-05-17 00:00:00-04:00,15.761055357707162,15.956403039759993,15.610104337240497,15.912006378173828,698000,0.0,0.0
2022-05-18 00:00:00-04:00,15.840969883530482,15.894246213401102,15.25492517408168,15.379237174987793,1152300,0.0,0.0
2022-05-19 00:00:00-04:00,15.325962824199395,15.76993624890868,15.317083152470305,15.583466529846191,1231700,0.0,0.0
2022-05-20 00:00:00-04:00,15.707781743636716,15.823214099913153,15.23716925870336,15.494674682617188,834000,0.0,0.0
2022-05-23 00:00:00-04:00,15.796570785544587,15.920882767259233,15.58346211171415,15.787691116333008,884700,0.0,0.0
2022-05-24 00:00:00-04:00,15.769935674274281,16.054078384754586,15.610104976223072,15.991922378540039,975100,0.0,0.0
2022-05-25 00:00:00-04:00,16.05407855323056,16.435895959554426,16.05407855323056,16.40037727355957,852000,0.0,0.0
2022-05-26 00:00:00-04:00,16.40037710144944,16.631243477120726,15.98304270713451,15.991922378540039,637000,0.0,0.0
2022-05-27 00:00:00-04:00,15.849852009724712,16.133994737888806,15.725538295934731,15.956404685974121,1255900,0.0,0.0
2022-05-31 00:00:00-04:00,15.876488306753034,15.965283326976452,15.53906926225302,15.74329662322998,993200,0.0,0.0
2022-06-01 00:00:00-04:00,15.814330871783175,15.814330871783175,15.183889503046188,15.379237174987793,710400,0.0,0.0
2022-06-02 00:00:00-04:00,15.414759963527073,15.592348341610094,14.961906804935037,15.32596492767334,795300,0.0,0.0
2022-06-03 00:00:00-04:00,15.192769683090399,15.308202017284888,14.988540640093921,14.997420310974121,973400,0.0,0.0
2022-06-06 00:00:00-04:00,15.166134492995,15.246049857434993,14.926388399675021,15.024063110351562,967200,0.0,0.0
2022-06-07 00:00:00-04:00,14.953025500018207,14.98854249430872,14.624484411303614,14.775435447692871,734500,0.0,0.0
2022-06-08 00:00:00-04:00,14.588966577999322,14.748797277175385,14.27818485111522,14.313703536987305,947000,0.0,0.0
2022-06-09 00:00:00-04:00,14.233787285515204,14.509050309085952,14.162750765084144,14.269304275512695,1020000,0.0,0.0
2022-06-10 00:00:00-04:00,14.118353824285192,14.260425177228068,13.994041813866206,14.136113166809082,724500,0.0,0.0
2022-06-13 00:00:00-04:00,13.949644330108319,14.073957187568746,13.594465947095758,13.638862609863281,1214000,0.0,0.0
2022-06-14 00:00:00-04:00,13.55800066036258,13.836527692931105,13.540030732143533,13.656832695007324,1174600,0.18,0.0
2022-06-15 00:00:00-04:00,13.665816597917292,14.150993483062445,13.665816597917292,14.025206565856934,1113300,0.0,0.0
2022-06-16 00:00:00-04:00,13.854496835057184,13.863481798656908,13.51307592994728,13.611907958984375,1065000,0.0,0.0
2022-06-17 00:00:00-04:00,13.827543657088057,14.303735618258727,13.809573728776202,13.818558692932129,1465000,0.0,0.0
2022-06-21 00:00:00-04:00,14.025206546407436,14.231856420326112,13.818557529342032,14.08810043334961,730200,0.0,0.0
2022-06-22 00:00:00-04:00,13.926375474916362,14.384598357477765,13.926375474916362,14.330689430236816,584900,0.0,0.0
2022-06-23 00:00:00-04:00,14.39358379466321,14.752973798572892,14.39358379466321,14.726018905639648,890600,0.0,0.0
2022-06-24 00:00:00-04:00,14.743988240218988,14.797896310206777,14.528354246561182,14.537339210510254,1890800,0.0,0.0
2022-06-27 00:00:00-04:00,14.654141728306449,14.833837597212158,14.546325577928474,14.788912773132324,880100,0.0,0.0
2022-06-28 00:00:00-04:00,14.815866825082761,14.878759861511332,14.240842819213867,14.240842819213867,588100,0.0,0.0
2022-06-29 00:00:00-04:00,14.177947819230333,14.29474977551847,13.998252831422928,14.222871780395508,655600,0.0,0.0
2022-06-30 00:00:00-04:00,14.115054569768603,14.276780484724796,14.052161539220428,14.186932563781738,736100,0.0,0.0
2022-07-01 00:00:00-04:00,14.186933528590288,14.474446381048947,14.106070565612956,14.429521560668945,660000,0.0,0.0
2022-07-05 00:00:00-04:00,14.258811768745463,14.303735733032227,13.800588875356514,14.303735733032227,796200,0.0,0.0
2022-07-06 00:00:00-04:00,14.21388640764053,14.384597283783567,13.926374435424805,13.926374435424805,826700,0.0,0.0
2022-07-07 00:00:00-04:00,14.007239185783359,14.097086260181191,13.728711284387314,13.746681213378906,779400,0.0,0.0
2022-07-08 00:00:00-04:00,13.818558180043402,13.818558180043402,13.531046192551758,13.584954261779785,1153400,0.0,0.0
2022-07-11 00:00:00-04:00,13.647846895164022,13.818557775378038,13.513075869187302,13.593938827514648,1143200,0.0,0.0
2022-07-12 00:00:00-04:00,13.638863145690934,13.971299094413611,13.540030257656282,13.80957317352295,1111800,0.0,0.0
2022-07-13 00:00:00-04:00,13.791604102786936,13.971299094413611,13.593939183570939,13.80957317352295,680800,0.0,0.0
2022-07-14 00:00:00-04:00,13.611908766669682,13.800588729193077,13.513076731768225,13.737695693969727,541100,0.0,0.0
2022-07-15 00:00:00-04:00,13.971300152100046,13.971300152100046,13.674803179256632,13.908406257629395,664900,0.0,0.0
2022-07-18 00:00:00-04:00,13.926374509516725,14.115054456500436,13.701755565814842,13.782618522644043,1234200,0.0,0.0
2022-07-19 00:00:00-04:00,13.962313516318535,14.159978426837862,13.962313516318535,14.08810043334961,651400,0.0,0.0
2022-07-20 00:00:00-04:00,13.989268926278099,14.312720785657799,13.944345818567234,14.159979820251465,746100,0.0,0.0
2022-07-21 00:00:00-04:00,13.953327843719359,13.953327843719359,13.108761034732206,13.369318962097168,1476000,0.0,0.0
2022-07-22 00:00:00-04:00,13.306427023349142,13.351350128029685,12.99196014946557,13.24353313446045,1279700,0.0,0.0
2022-07-25 00:00:00-04:00,13.324396604654247,13.809573522742175,13.324396604654247,13.477137565612793,1455300,0.0,0.0
2022-07-26 00:00:00-04:00,13.423228930498754,13.944345716016569,13.360335894683391,13.917390823364258,932000,0.0,0.0
2022-07-27 00:00:00-04:00,14.133025201919361,14.321705171271303,14.034193163441058,14.213888168334961,904300,0.0,0.0
2022-07-28 00:00:00-04:00,14.267795521259835,14.3845974757445,14.106069606303642,14.186932563781738,1158800,0.0,0.0
2022-07-29 00:00:00-04:00,14.204903602600098,14.276781602239481,13.899421675706044,14.204903602600098,5479200,0.0,0.0
2022-08-01 00:00:00-04:00,14.231856046474059,14.501398086547852,14.12403905907389,14.501398086547852,868100,0.0,0.0
2022-08-02 00:00:00-04:00,14.492414964928152,14.591247858576885,14.213887926298746,14.240842819213867,1113900,0.0,0.0
2022-08-03 00:00:00-04:00,14.240841426013704,14.321703526288156,14.14200854203392,14.168963432312012,1066300,0.0,0.0
2022-08-04 00:00:00-04:00,14.159980154798387,14.258812193692016,13.728711284387314,13.746681213378906,1604800,0.0,0.0
2022-08-05 00:00:00-04:00,14.366628561472178,14.510384559631348,13.935360566994666,14.510384559631348,2942000,0.0,0.0
2022-08-08 00:00:00-04:00,14.600232413447078,15.633479287657384,14.600232413447078,15.345967292785645,1258600,0.0,0.0
2022-08-09 00:00:00-04:00,15.390889759372287,15.444799541449104,15.10337777645565,15.381906509399414,1122800,0.0,0.0
2022-08-10 00:00:00-04:00,15.525663072363331,15.606526034748555,15.04048529805198,15.085410118103027,796400,0.0,0.0
2022-08-11 00:00:00-04:00,15.085410479644727,15.22916647984006,15.013530765840361,15.094393730163574,587400,0.0,0.0
2022-08-12 00:00:00-04:00,15.094394261924176,15.319013234355825,14.977593150290692,15.310029983520508,653800,0.0,0.0
2022-08-15 00:00:00-04:00,15.256118731593439,15.390889759372287,15.157287558532467,15.381906509399414,678900,0.0,0.0
2022-08-16 00:00:00-04:00,15.381906707884516,15.651448766920332,15.238149000864581,15.579570770263672,911900,0.0,0.0
2022-08-17 00:00:00-04:00,15.390889601310379,15.489722487062947,15.310028356438776,15.363936424255371,574300,0.0,0.0
2022-08-18 00:00:00-04:00,15.354951502515306,15.354951502515306,14.968606635745887,15.23814868927002,693000,0.0,0.0
2022-08-19 00:00:00-04:00,15.139317595923275,15.408859650853373,15.076424564020025,15.399874687194824,628200,0.0,0.0
2022-08-22 00:00:00-04:00,15.283073665528127,15.345966697754344,15.12134774625694,15.256118774414062,619700,0.0,0.0
2022-08-23 00:00:00-04:00,15.301046296340367,15.345969409094264,15.049472409280595,15.058457374572754,558300,0.0,0.0
2022-08-24 00:00:00-04:00,15.08540792488015,15.399873050985027,15.013528223248853,15.354949951171875,589600,0.0,0.0
2022-08-25 00:00:00-04:00,15.319012472128529,15.516678254805463,15.211196330401725,15.50769329071045,761000,0.0,0.0
2022-08-26 00:00:00-04:00,15.444801024238146,15.516679026868005,15.292060054436353,15.310029983520508,549800,0.0,0.0
2022-08-29 00:00:00-04:00,15.112361239351465,15.327995205124688,15.09439131377709,15.166269302368164,500800,0.0,0.0
2022-08-30 00:00:00-04:00,15.139316536315805,15.139316536315805,14.797894796013574,14.833834648132324,552600,0.0,0.0
2022-08-31 00:00:00-04:00,14.824850272550382,14.986576186080342,14.573276438869717,14.61820125579834,587600,0.0,0.0
2022-09-01 00:00:00-04:00,14.645154316358202,14.788910301979136,14.483430117814546,14.6810941696167,627100,0.0,0.0
2022-09-02 00:00:00-04:00,14.726018152836918,14.860790896906764,14.447491128258719,14.519369125366211,811400,0.0,0.0
2022-09-06 00:00:00-04:00,14.60023292159046,14.690080851541591,14.37561395356599,14.582262992858887,1006800,0.0,0.0
2022-09-07 00:00:00-04:00,14.600231255859612,14.815865234916755,14.57327636583752,14.761957168579102,742400,0.0,0.0
2022-09-08 00:00:00-04:00,14.672108843771118,14.779926687176026,14.474444796853017,14.564291000366211,625300,0.0,0.0
2022-09-09 00:00:00-04:00,14.645154273389087,14.824850111741286,14.447490222166884,14.600231170654297,757700,0.0,0.0
2022-09-12 00:00:00-04:00,14.761959874433275,14.977593893015943,14.654142008288519,14.743989944458008,758200,0.0,0.0
2022-09-13 00:00:00-04:00,14.555308884671762,14.555308884671762,14.034192123803157,14.115055084228516,859600,0.0,0.0
2022-09-14 00:00:00-04:00,14.08778820378833,14.160499299368338,13.85147670976099,13.951455116271973,655200,0.18,0.0
2022-09-15 00:00:00-04:00,13.906011451411315,14.287745163681073,13.906011451411315,14.178678512573242,688200,0.0,0.0
2022-09-16 00:00:00-04:00,13.960543461699856,14.251388713066376,13.924187913627122,14.205944061279297,1375900,0.0,0.0
2022-09-19 00:00:00-04:00,14.133233128081148,14.224121565918555,13.924188074164285,14.160499572753906,835400,0.0,0.0
2022-09-20 00:00:00-04:00,14.042343558472126,14.078699106277968,13.678788080413707,13.75149917602539,688100,0.0,0.0
2022-09-21 00:00:00-04:00,13.860565659552167,14.015076952640765,13.5969877243042,13.5969877243042,909600,0.0,0.0
2022-09-22 00:00:00-04:00,13.560632750837305,13.842388038310771,13.506098994057304,13.78785514831543,687500,0.0,0.0
2022-09-23 00:00:00-04:00,13.624254652492752,13.660610201171655,13.16072075674824,13.333410263061523,839300,0.0,0.0
2022-09-26 00:00:00-04:00,13.215254196217817,13.397031935252764,13.133453996955932,13.224343299865723,929600,0.0,0.0
2022-09-27 00:00:00-04:00,13.251609480300695,13.442476319185051,13.07892084835038,13.142542839050293,848100,0.0,0.0
2022-09-28 00:00:00-04:00,13.233432152099784,13.578809416312257,13.133453747441518,13.469742774963379,744600,0.0,0.0
2022-09-29 00:00:00-04:00,13.342499860387287,13.342499860387287,13.024388147593328,13.069832801818848,791200,0.0,0.0
2022-09-30 00:00:00-04:00,12.988032201030805,13.142543500609364,12.624476711895761,12.633564949035645,1062100,0.0,0.0
2022-10-03 00:00:00-04:00,12.806254476629023,13.424299675916478,12.806254476629023,13.260699272155762,973000,0.0,0.0
2022-10-04 00:00:00-04:00,13.369766034234713,13.551543780654304,13.160720975763684,13.315232276916504,970200,0.0,0.0
2022-10-05 00:00:00-04:00,13.07892243928154,13.16072178008102,12.797166265023149,13.033477783203125,999000,0.0,0.0
2022-10-06 00:00:00-04:00,12.942588329223723,13.124366084760771,12.769899678159705,12.878966331481934,905000,0.0,0.0
2022-10-07 00:00:00-04:00,12.824431251010086,12.833520354547293,12.306364484374082,12.342720031738281,918900,0.0,0.0
2022-10-10 00:00:00-04:00,12.433609326420411,12.788075696322204,12.342720024669653,12.742631912231445,962000,0.0,0.0
2022-10-11 00:00:00-04:00,12.715364510731094,13.16980928266674,12.63356431309714,13.142542839050293,1159700,0.0,0.0
2022-10-12 00:00:00-04:00,13.088008332656004,13.215253173525655,12.897141504743812,12.997119903564453,820300,0.0,0.0
2022-10-13 00:00:00-04:00,12.90623124824711,13.487920863798482,12.824431051255631,13.415209770202637,711100,0.0,0.0
2022-10-14 00:00:00-04:00,13.48792221342908,13.615166206561815,13.306144461250392,13.351588249206543,831300,0.0,0.0
2022-10-17 00:00:00-04:00,13.533366375037954,13.778766114841076,13.533366375037954,13.615165710449219,709300,0.0,0.0
2022-10-18 00:00:00-04:00,13.806030836991441,13.92418657355259,13.45156449409255,13.669697761535645,652200,0.0,0.0
2022-10-19 00:00:00-04:00,13.578810091907533,13.924188240088442,13.569721854764747,13.78785514831543,673700,0.0,0.0
2022-10-20 00:00:00-04:00,13.869655089713708,14.142322134925527,13.769676681958078,14.033254623413086,834300,0.0,0.0
2022-10-21 00:00:00-04:00,14.033254615052181,14.287744319383398,13.924187970389363,14.233210563659668,936400,0.0,0.0
2022-10-24 00:00:00-04:00,14.42407740016012,14.524054941013627,14.351366303760363,14.43316650390625,993700,0.0,0.0
2022-10-25 00:00:00-04:00,14.378634452819824,14.70583529219346,14.369546214780913,14.378634452819824,935100,0.0,0.0
2022-10-26 00:00:00-04:00,14.524055767486404,14.742189069098274,14.514967530007759,14.578590393066406,908200,0.0,0.0
2022-10-27 00:00:00-04:00,14.642211390700364,15.142099956104254,14.633122287056931,15.005766868591309,939900,0.0,0.0
2022-10-28 00:00:00-04:00,15.187542089936064,15.623810349554104,15.187542089936064,15.514742851257324,1049300,0.0,0.0
2022-10-31 00:00:00-04:00,15.532922481771333,15.669255566974565,15.332967405711209,15.451122283935547,5856000,0.0,0.0
2022-11-01 00:00:00-04:00,15.660166420490942,15.751055721566644,15.323878260150849,15.351143836975098,975300,0.0,0.0
2022-11-02 00:00:00-04:00,15.396591890467896,15.696525419925148,15.151191257211183,15.314791679382324,841300,0.0,0.0
2022-11-03 00:00:00-04:00,15.060301780700684,15.342057097232562,15.051212675835849,15.060301780700684,887400,0.0,0.0
2022-11-04 00:00:00-04:00,14.21503153050973,14.21503153050973,10.152295383299267,11.161162376403809,4321900,0.0,0.0
2022-11-07 00:00:00-05:00,10.915764018623811,11.633786749178942,10.861230262664403,10.870319366455078,3159900,0.0,0.0
2022-11-08 00:00:00-05:00,10.988475414361004,11.39747556143864,10.225008010864258,10.225008010864258,4844300,0.0,0.0
2022-11-09 00:00:00-05:00,10.179564084657388,10.334075397202168,9.834185907603448,10.243186950683594,3103800,0.0,0.0
2022-11-10 00:00:00-05:00,10.461318722375381,11.27931895454185,10.343162979189628,10.9066743850708,3174400,0.0,0.0
2022-11-11 00:00:00-05:00,10.824874993587914,10.988475398902686,10.334074644428261,10.42496395111084,3294000,0.0,0.0
2022-11-14 00:00:00-05:00,10.424963249817594,10.48858524014471,9.579695701599121,9.579695701599121,3365200,0.0,0.0
2022-11-15 00:00:00-05:00,9.670583510403691,9.897805859989248,9.29793812898442,9.316116333007812,4125300,0.0,0.0
2022-11-16 00:00:00-05:00,9.370650795342815,9.734206235785454,9.32520614859135,9.634228706359863,2563800,0.0,0.0
2022-11-17 00:00:00-05:00,9.470629422967642,9.616051616007626,9.261584370384185,9.588785171508789,2553000,0.0,0.0
2022-11-18 00:00:00-05:00,9.725118765423588,10.061407820974734,9.407007918338028,9.452451705932617,2384000,0.0,0.0
2022-11-21 00:00:00-05:00,9.407006785763933,9.452450567887233,9.061628667562436,9.170695304870605,1739900,0.0,0.0
2022-11-22 00:00:00-05:00,9.161607797310342,9.216141558854275,8.91620803732448,9.188874244689941,2423600,0.0,0.0
2022-11-23 00:00:00-05:00,9.225229189962747,9.43427425088148,9.10707430349504,9.397918701171875,1614600,0.0,0.0
2022-11-25 00:00:00-05:00,9.497895817442616,9.616051565361456,9.361562728881836,9.361562728881836,741500,0.0,0.0
2022-11-28 00:00:00-05:00,9.270674196964636,9.606963261285665,8.970740683738185,8.979829788208008,2063700,0.0,0.0
2022-11-29 00:00:00-05:00,8.916206489359089,9.407006790906452,8.770783439417448,9.370651245117188,2180800,0.0,0.0
2022-11-30 00:00:00-05:00,9.325206873506046,9.597873908426646,9.216140232894729,9.579695701599121,2115300,0.0,0.0
2022-12-01 00:00:00-05:00,9.62514121921693,9.870540966009523,9.425185260018926,9.452451705932617,2398000,0.0,0.0
2022-12-02 00:00:00-05:00,9.361562101506983,9.488806077827086,9.11616151840179,9.47062873840332,1449400,0.0,0.0
2022-12-05 00:00:00-05:00,9.407005619555825,9.588783325867375,9.252494352494889,9.316116333007812,2134700,0.0,0.0
2022-12-06 00:00:00-05:00,9.307028608969748,9.370651465686977,9.070717122384853,9.352473258972168,1954600,0.0,0.0
2022-12-07 00:00:00-05:00,9.397917908974588,9.53425099219724,9.26158395896733,9.352473258972168,2080800,0.0,0.0
2022-12-08 00:00:00-05:00,9.379739428774917,9.443362283637095,9.052539518509947,9.070716857910156,2351000,0.0,0.0
2022-12-09 00:00:00-05:00,9.052540029029288,9.252495974415604,8.91620694209317,9.107073783874512,1838400,0.0,0.0
2022-12-12 00:00:00-05:00,9.243406361506473,9.779651309668564,9.243406361506473,9.47062873840332,3487400,0.0,0.0
2022-12-13 00:00:00-05:00,9.652406854542425,9.988695881852747,9.597873967294596,9.606962203979492,3858900,0.0,0.0
2022-12-14 00:00:00-05:00,9.523747207693903,9.856615718525074,9.496008385574953,9.625456809997559,2573500,0.18,0.0
2022-12-15 00:00:00-05:00,9.588471912062031,9.838123969350486,9.468269167641811,9.49600887298584,3350400,0.0,0.0
2022-12-16 00:00:00-05:00,9.449775189073844,9.699426319029008,9.14464554035023,9.468267440795898,10611200,0.0,0.0
2022-12-19 00:00:00-05:00,9.459021766611011,9.523746858248677,9.135399835627574,9.209370613098145,2693500,0.0,0.0
2022-12-20 00:00:00-05:00,9.135398950067977,9.4867605498938,9.126152383330187,9.394296646118164,1876600,0.0,0.0
2022-12-21 00:00:00-05:00,9.477514693744654,9.606963992375942,9.38505078303642,9.422036170959473,2232800,0.0,0.0
2022-12-22 00:00:00-05:00,9.357311260968137,9.412789779593746,9.107660131655742,9.394296646118164,1853100,0.0,0.0
2022-12-23 00:00:00-05:00,9.412789228359882,9.810381874988474,9.329571896195429,9.773396492004395,2674500,0.0,0.0
2022-12-27 00:00:00-05:00,9.754905051352837,9.921338847699486,9.569978121078138,9.912093162536621,2213200,0.0,0.0
2022-12-28 00:00:00-05:00,9.958325057795177,10.04154151458525,9.717919608931892,9.727166175842285,2346500,0.0,0.0
2022-12-29 00:00:00-05:00,9.791890839194021,9.939832389484199,9.690180362018626,9.782644271850586,2502300,0.0,0.0
2022-12-30 00:00:00-05:00,9.78264399110127,9.865861331201565,9.48676089901238,9.699426651000977,3085600,0.0,0.0
2023-01-03 00:00:00-05:00,9.810383015443149,10.217223157364188,9.745658808147105,10.180237770080566,1952100,0.0,0.0
2023-01-04 00:00:00-05:00,10.272699862184838,10.808988369875427,10.217222227210561,10.762757301330566,1765600,0.0,0.0
2023-01-05 00:00:00-05:00,10.790496613756996,11.012408927435011,10.596323118838447,10.929191589355469,1619400,0.0,0.0
2023-01-06 00:00:00-05:00,11.058641142069545,11.095626528559363,10.873714209620456,10.938438415527344,1397100,0.0,0.0
2023-01-09 00:00:00-05:00,10.892206829293086,11.021656127273577,10.540845204889928,10.66104793548584,2974700,0.0,0.0
2023-01-10 00:00:00-05:00,10.485367390246898,10.753511667343107,10.097020384548777,10.688787460327148,2616200,0.0,0.0
2023-01-11 00:00:00-05:00,10.725771930744392,10.864466900153568,10.503858745168156,10.799742698669434,1421400,0.0,0.0
2023-01-12 00:00:00-05:00,10.901453215837403,10.947685170192168,10.59632355161762,10.688787460327148,1891000,0.0,0.0
2023-01-13 00:00:00-05:00,10.577829172806721,10.642554254009774,10.420641957373519,10.568583488464355,1212600,0.0,0.0
2023-01-17 00:00:00-05:00,10.587076079534105,10.836728082631954,10.28194644139303,10.799742698669434,1762300,0.0,0.0
2023-01-18 00:00:00-05:00,10.790495962800971,10.910698679242072,10.457627512364835,10.540843963623047,1493700,0.0,0.0
2023-01-19 00:00:00-05:00,10.476119647589615,10.808988094353769,10.328178115694435,10.716525077819824,1739200,0.0,0.0
2023-01-20 00:00:00-05:00,10.744264347450578,11.317538248607367,10.494613222305405,11.280552864074707,1755400,0.0,0.0
2023-01-23 00:00:00-05:00,11.345278945939688,11.61342322782948,11.104873484438164,11.428495407104492,2407000,0.0,0.0
2023-01-24 00:00:00-05:00,11.280553147187014,11.530205160398921,11.151104738974452,11.363770484924316,1939700,0.0,0.0
2023-01-25 00:00:00-05:00,11.456233182347923,11.85382581370842,11.280551958569122,11.82608699798584,2864000,0.0,0.0
2023-01-26 00:00:00-05:00,11.909305607900723,12.195942125400016,11.75211749889744,12.020261764526367,3788400,0.0,0.0
2023-01-27 00:00:00-05:00,12.06649342096642,12.482579218558133,12.001768336504687,12.44559383392334,2229800,0.0,0.0
2023-01-30 00:00:00-05:00,12.390114256064729,12.408607387700554,11.918550862764839,12.186695098876953,2405800,0.0,0.0
2023-01-31 00:00:00-05:00,12.232926928935386,12.482578930816242,11.983275808855637,12.36237621307373,19482900,0.0,0.0
2023-02-01 00:00:00-05:00,12.390115929394032,12.880173402314805,12.390115929394032,12.796956062316895,1822700,0.0,0.0
2023-02-02 00:00:00-05:00,12.89866499364536,13.250026587963438,12.843187357690525,12.917158126831055,1431400,0.0,0.0
2023-02-03 00:00:00-05:00,12.787709321110718,12.889418912055797,12.33463812262652,12.464086532592773,1208100,0.0,0.0
2023-02-06 00:00:00-05:00,12.362376731849768,12.417855250751765,12.094232467725918,12.38086986541748,1182300,0.0,0.0
2023-02-07 00:00:00-05:00,12.214433890109959,12.214433890109959,10.799741949436507,10.845973014831543,2989700,0.0,0.0
2023-02-08 00:00:00-05:00,10.688786173254602,10.984669234614925,10.45762731111658,10.494612693786621,2521100,0.0,0.0
2023-02-09 00:00:00-05:00,10.54084377350923,10.54084377350923,9.976816466659367,10.060033798217773,2382400,0.0,0.0
2023-02-10 00:00:00-05:00,10.060034743001482,10.725772576190133,9.986063970625096,10.642555236816406,2559900,0.0,0.0
2023-02-13 00:00:00-05:00,10.661047300178678,10.855220794677734,10.531598891713406,10.855220794677734,1507100,0.0,0.0
2023-02-14 00:00:00-05:00,10.827481255569829,11.049393554003448,10.753510489425288,10.790495872497559,1806800,0.0,0.0
2023-02-15 00:00:00-05:00,10.790495872497559,10.892205455496029,10.624061207771799,10.790495872497559,2114100,0.0,0.0
2023-02-16 00:00:00-05:00,10.642554596987463,10.781249566404576,10.23571449157534,10.291193008422852,2604300,0.0,0.0
2023-02-17 00:00:00-05:00,11.021655269102915,12.769216687665095,10.346670893204921,12.667506217956543,3801300,0.0,0.0
2023-02-21 00:00:00-05:00,12.39011521242701,12.556549882791916,12.001768236109642,12.149710655212402,1656300,0.0,0.0
2023-02-22 00:00:00-05:00,12.10347885376689,12.21443500811282,11.983276132775183,12.04800033569336,1554300,0.0,0.0
2023-02-23 00:00:00-05:00,12.038753985268439,12.094231618473676,11.54869656174938,11.659652709960938,1442000,0.0,0.0
2023-02-24 00:00:00-05:00,11.54869767559147,11.54869767559147,11.326785357765486,11.373017311096191,1465800,0.0,0.0
2023-02-27 00:00:00-05:00,11.419249409917226,11.604176343794995,11.20658277460691,11.234321594238281,946700,0.0,0.0
2023-02-28 00:00:00-05:00,11.308292080306463,11.9277979543986,11.271306694471164,11.733624458312988,2105900,0.0,0.0
2023-03-01 00:00:00-05:00,11.567189960932463,11.705884928947038,11.067886841558456,11.197335243225098,1287000,0.0,0.0
2023-03-02 00:00:00-05:00,11.132610986984641,11.160349804089279,10.836727919732242,11.049393653869629,2666200,0.0,0.0
2023-03-03 00:00:00-05:00,11.123364420682728,11.188089502995014,10.855220170534968,11.049393653869629,2438600,0.0,0.0
2023-03-06 00:00:00-05:00,11.012409599018822,11.141858897459278,10.762758451356548,10.808989524841309,1919500,0.0,0.0
2023-03-07 00:00:00-05:00,10.762758682893475,10.836729460221852,10.559338604339828,10.707280158996582,1773200,0.0,0.0
2023-03-08 00:00:00-05:00,10.707279773137373,10.929192097125428,10.550091656528869,10.910699844360352,1546600,0.0,0.0
2023-03-09 00:00:00-05:00,10.919944681942614,10.966175747432978,10.30043888092041,10.30043888092041,2413800,0.0,0.0
2023-03-10 00:00:00-05:00,10.254207121094879,10.328177885393043,10.023048262212853,10.309684753417969,2630300,0.0,0.0
2023-03-13 00:00:00-04:00,10.134004920563074,10.309685274195155,9.717919129917734,9.819628715515137,3744600,0.0,0.0
2023-03-14 00:00:00-04:00,10.069002529848513,10.097233127284612,9.617309381132872,9.767873764038086,4121300,0.185,0.0
2023-03-15 00:00:00-04:00,9.579667842694512,9.843155500601892,9.297359189076515,9.833745002746582,3057100,0.0,0.0
2023-03-16 00:00:00-04:00,9.720820351982926,9.796102529355867,9.193845110372346,9.69258975982666,3989100,0.0,0.0
2023-03-17 00:00:00-04:00,9.65494788454185,9.692588970161664,9.231485446960388,9.363228797912598,6913000,0.0,0.0
2023-03-20 00:00:00-04:00,9.53261564803898,9.805513786544426,9.44792296756584,9.636128425598145,1811900,0.0,0.0
2023-03-21 00:00:00-04:00,9.796103054007908,9.861974738378548,9.607897600495797,9.654949188232422,1664400,0.0,0.0
2023-03-22 00:00:00-04:00,9.720820472657145,9.749051065163867,9.325588587825631,9.334999084472656,2080300,0.0,0.0
2023-03-23 00:00:00-04:00,9.372641919160602,9.494975706051964,9.118563846978269,9.175025939941406,1779600,0.0,0.0
2023-03-24 00:00:00-04:00,9.043280286112308,9.137383460998535,8.911536918192851,9.137383460998535,2343100,0.0,0.0
2023-03-27 00:00:00-04:00,9.203254823717366,9.400870766133124,9.146793638703924,9.334999084472656,1055000,0.0,0.0
2023-03-28 00:00:00-04:00,9.240897375170256,9.382052154909204,9.212666778196267,9.297359466552734,1036600,0.0,0.0
2023-03-29 00:00:00-04:00,9.410281255963437,9.579666605749772,9.297357988583997,9.438511848449707,1880200,0.0,0.0
2023-03-30 00:00:00-04:00,9.532616715962122,9.786693888410973,9.457334524315463,9.664361000061035,1667700,0.0,0.0
2023-03-31 00:00:00-04:00,9.739641972528966,9.918436930950147,9.730231475392483,9.890206336975098,1403600,0.0,0.0
2023-04-03 00:00:00-04:00,9.974899814521505,10.050182002768617,9.805514442248267,9.93725872039795,1093800,0.0,0.0
2023-04-04 00:00:00-04:00,9.993719948480011,10.021950544814663,9.617309005903062,9.86197566986084,1105100,0.0,0.0
2023-04-05 00:00:00-04:00,9.833744340724126,10.247797244138386,9.833744340724126,10.228976249694824,1146400,0.0,0.0
2023-04-06 00:00:00-04:00,10.36072113722584,10.501875014244447,10.266617954257127,10.426592826843262,1018600,0.0,0.0
2023-04-10 00:00:00-04:00,10.436002057762224,10.58656641428703,10.332488389575651,10.520694732666016,1266000,0.0,0.0
2023-04-11 00:00:00-04:00,10.54892606524575,10.821824204951497,10.54892606524575,10.56774616241455,1000100,0.0,0.0
2023-04-12 00:00:00-04:00,10.661848901641712,10.699489991864148,10.285437999417354,10.530104637145996,1441100,0.0,0.0
2023-04-13 00:00:00-04:00,10.483054031251514,10.595977302821598,10.436002443738717,10.454822540283203,897800,0.0,0.0
2023-04-14 00:00:00-04:00,10.454822193138943,10.464232689815912,10.228975657497836,10.238386154174805,1168700,0.0,0.0
2023-04-17 00:00:00-04:00,10.257207386242419,10.398362159729004,10.144284105913824,10.398362159729004,1215900,0.0,0.0
2023-04-18 00:00:00-04:00,10.360719925998561,10.464232697215342,10.078411307530374,10.134873390197754,806000,0.0,0.0
2023-04-19 00:00:00-04:00,10.059590902514106,10.163104577219405,10.003129713978863,10.125463485717773,1437200,0.0,0.0
2023-04-20 00:00:00-04:00,10.012540062411507,10.04077065625958,9.730231431627585,9.78669261932373,1222300,0.0,0.0
2023-04-21 00:00:00-04:00,9.833743852279017,9.890205935370803,9.645538404363673,9.673768997192383,1266400,0.0,0.0
2023-04-24 00:00:00-04:00,9.673769677728114,9.78669295442131,9.551435903618543,9.58907699584961,1574000,0.0,0.0
2023-04-25 00:00:00-04:00,9.457332407000552,9.523204085585348,9.146793211623205,9.19384479522705,1583600,0.0,0.0
2023-04-26 00:00:00-04:00,9.137384672661943,9.34441114640377,8.99623078904927,9.015050888061523,2125300,0.0,0.0
2023-04-27 00:00:00-04:00,9.071512049620988,9.316178696295067,9.024460460764061,9.222076416015625,1493300,0.0,0.0
2023-04-28 00:00:00-04:00,9.231485298206644,9.598485652727504,9.231485298206644,9.410280227661133,1414600,0.0,0.0
2023-05-01 00:00:00-04:00,9.419692271172009,9.617308224323674,9.353819688498518,9.400871276855469,1862000,0.0,0.0
2023-05-02 00:00:00-04:00,9.306769625524852,9.325589723676824,8.808024011697855,8.873896598815918,3347600,0.0,0.0
2023-05-03 00:00:00-04:00,8.958588629028116,9.033870811000252,8.82684436185968,8.883305549621582,1879100,0.0,0.0
2023-05-04 00:00:00-04:00,8.770383601631307,8.996231079101562,8.619819214940826,8.996231079101562,2722200,0.0,0.0
2023-05-05 00:00:00-04:00,8.459843036272423,8.52571561845395,6.33311960456153,7.462353229522705,7255400,0.0,0.0
2023-05-08 00:00:00-04:00,7.462353234713753,7.481173780185625,6.954198058256015,7.010659694671631,4643700,0.0,0.0
2023-05-09 00:00:00-04:00,6.897735974368395,6.973018151372154,6.380170783108966,6.765992164611816,4319600,0.0,0.0
2023-05-10 00:00:00-04:00,6.9165572723694835,6.935377818671442,6.624838580330515,6.7471723556518555,2297400,0.0,0.0
2023-05-11 00:00:00-04:00,6.62483846548078,7.236506882766239,6.502504692280246,6.963608741760254,2097800,0.0,0.0
2023-05-12 00:00:00-04:00,6.944787577312252,7.0200697545106765,6.822453815006226,6.973018169403076,1986800,0.0,0.0
2023-05-15 00:00:00-04:00,6.95419823063804,6.973018776576439,6.681300090172647,6.860095500946045,2756100,0.0,0.0
2023-05-16 00:00:00-04:00,6.813044122751754,6.841275166892316,6.558966520355591,6.5683770179748535,1513000,0.0,0.0
2023-05-17 00:00:00-04:00,6.57778689218092,6.775402849764805,6.5025047080951,6.7189412117004395,2514800,0.0,0.0
2023-05-18 00:00:00-04:00,6.634248833763626,6.634248833763626,6.351940200903266,6.52132511138916,3259100,0.0,0.0
2023-05-19 00:00:00-04:00,6.596607480489112,6.747171839384175,6.483683762600631,6.540145397186279,3576900,0.0,0.0
2023-05-22 00:00:00-04:00,6.54014581120298,7.048301003359205,6.493094670428345,7.029480457305908,3098900,0.0,0.0
2023-05-23 00:00:00-04:00,7.029480240143503,7.180045052635676,6.925967464406807,7.010659694671631,2714100,0.0,0.0
2023-05-24 00:00:00-04:00,7.048301037441584,7.048301037441584,6.615428476122585,6.681300163269043,3129600,0.0,0.0
2023-05-25 00:00:00-04:00,6.5871973180526595,6.624838409687013,6.286068136260629,6.342529773712158,2546100,0.0,0.0
2023-05-26 00:00:00-04:00,6.314298847566749,6.37076048205156,6.210785626652669,6.3331193923950195,1609900,0.0,0.0
2023-05-30 00:00:00-04:00,6.39899206161499,6.493094793667548,6.295478831998567,6.39899206161499,1537500,0.0,0.0
2023-05-31 00:00:00-04:00,6.333119550248517,6.417812228445298,6.25783736905902,6.286067962646484,2050000,0.0,0.0
2023-06-01 00:00:00-04:00,6.3519406694634855,6.389581763459224,6.116683607631504,6.21078634262085,2347500,0.0,0.0
2023-06-02 00:00:00-04:00,6.248426617305187,6.577786370939929,6.060221172004527,6.549555778503418,4713900,0.0,0.0
2023-06-05 00:00:00-04:00,6.587197288851969,6.784813243414905,6.464863517224018,6.483684062957764,2840200,0.0,0.0
2023-06-06 00:00:00-04:00,6.455453621584662,6.813043998993785,6.351940393239203,6.784813404083252,1970200,0.0,0.0
2023-06-07 00:00:00-04:00,6.897735624035963,7.085941505703651,6.850684490156901,7.001248836517334,2739900,0.0,0.0
2023-06-08 00:00:00-04:00,6.982428688415959,7.085941906756004,6.82245383699512,7.076531410217285,1742100,0.0,0.0
2023-06-09 00:00:00-04:00,7.076531828181782,7.076531828181782,6.85068528251932,7.010659694671631,2693100,0.0,0.0
2023-06-12 00:00:00-04:00,7.104762292687636,7.340019316303556,6.982428532715239,7.227095603942871,3591700,0.0,0.0
2023-06-13 00:00:00-04:00,7.2647375207363005,7.471763976421801,7.095352605944065,7.132993698120117,2628200,0.0,0.0
2023-06-14 00:00:00-04:00,7.186044545040993,7.34037601976752,6.9834848581658715,7.060650825500488,1960100,0.185,0.0
2023-06-15 00:00:00-04:00,7.0220675299102915,7.398249579387175,7.0124216122593275,7.369312286376953,1711900,0.0,0.0
2023-06-16 00:00:00-04:00,7.369312636171746,7.369312636171746,7.012421945113802,7.263210296630859,13684600,0.0,0.0
2023-06-20 00:00:00-04:00,7.234273002247087,7.330729883621844,7.089587450213608,7.263210296630859,1980500,0.0,0.0
2023-06-21 00:00:00-04:00,7.214981889191815,7.243919184631289,7.07994225034059,7.099233627319336,1255600,0.0,0.0
2023-06-22 00:00:00-04:00,7.041359209973717,7.060650586167781,6.742342189051691,6.887027740478516,2600700,0.0,0.0
2023-06-23 00:00:00-04:00,6.89667384505777,7.0799421538289575,6.838799714910453,7.022068023681641,3408800,0.0,0.0
2023-06-26 00:00:00-04:00,7.0027766730036145,7.4271869623286495,6.993130754638512,7.41754150390625,1540000,0.0,0.0
2023-06-27 00:00:00-04:00,7.417540568284104,7.832305346869788,7.3982491939299475,7.7647857666015625,1735900,0.0,0.0
2023-06-28 00:00:00-04:00,7.726203542600428,7.822659960979178,7.629746204336325,7.803369045257568,1148900,0.0,0.0
2023-06-29 00:00:00-04:00,7.80337024664808,8.044512709548773,7.80337024664808,8.02522087097168,1110700,0.0,0.0
2023-06-30 00:00:00-04:00,8.044513082621522,8.092741761415416,7.851599287331488,7.938409805297852,2041000,0.0,0.0
2023-07-03 00:00:00-04:00,8.005929319517037,8.266362680525509,7.98663748246471,8.256717681884766,725700,0.0,0.0
2023-07-05 00:00:00-04:00,8.16026011060527,8.51715080722962,7.919117673435948,8.102385520935059,3113400,0.0,0.0
2023-07-06 00:00:00-04:00,8.025218674343451,8.169904664412337,7.861241770863191,8.150612831115723,2439900,0.0,0.0
2023-07-07 00:00:00-04:00,8.150614647443561,8.613608631000789,8.150614647443561,8.449631690979004,1500400,0.0,0.0
2023-07-10 00:00:00-04:00,8.46892217880944,8.536442687081673,8.102385562065173,8.12167739868164,1274000,0.0,0.0
2023-07-11 00:00:00-04:00,8.10238591786556,8.131323674061004,7.735850204910998,8.015575408935547,3097700,0.0,0.0
2023-07-12 00:00:00-04:00,8.19884411885355,8.324238315763457,7.8612442871818375,7.938409805297852,2805300,0.0,0.0
2023-07-13 00:00:00-04:00,7.909471933879249,7.948054687902644,7.764786836262873,7.851598262786865,1020600,0.0,0.0
2023-07-14 00:00:00-04:00,7.8033689218742825,7.8033689218742825,7.340375453309399,7.369312286376953,1854800,0.0,0.0
2023-07-17 00:00:00-04:00,6.915964857531825,7.128169990229155,6.751987934112549,6.751987934112549,3689200,0.0,0.0
2023-07-18 00:00:00-04:00,7.186044499083501,7.552581116793644,7.060650780344936,7.398250102996826,3355500,0.0,0.0
2023-07-19 00:00:00-04:00,7.73585050134472,7.909472445743288,7.64903860925996,7.899826526641846,1750200,0.0,0.0
2023-07-20 00:00:00-04:00,7.899825953610199,7.899825953610199,7.649038054419777,7.822660446166992,1213700,0.0,0.0
2023-07-21 00:00:00-04:00,7.861242540139959,7.880534375324413,7.6683287877220785,7.687620162963867,921500,0.0,0.0
2023-07-24 00:00:00-04:00,7.697266368198905,7.986637007639355,7.687620450246215,7.890180587768555,776400,0.0,0.0
2023-07-25 00:00:00-04:00,7.841951626865801,8.112030880320575,7.735849292979902,8.034865379333496,3783500,0.0,0.0
2023-07-26 00:00:00-04:00,7.996283123969372,8.083094547926526,7.803369359556467,8.044511795043945,1501000,0.0,0.0
2023-07-27 00:00:00-04:00,8.102385358985922,8.160259947499346,7.600809578039552,7.61045503616333,1083100,0.0,0.0
2023-07-28 00:00:00-04:00,7.697266630947611,7.861243102256582,7.649037959423227,7.745494842529297,881300,0.0,0.0
2023-07-31 00:00:00-04:00,7.813016327134093,7.899826842865594,7.677976213964792,7.735850811004639,861000,0.0,0.0
2023-08-01 00:00:00-04:00,7.76478655581446,7.76478655581446,7.436832698517928,7.649037837982178,1529700,0.0,0.0
2023-08-02 00:00:00-04:00,7.600809549335165,7.658683677687338,7.465769456570738,7.581518173217773,1283700,0.0,0.0
2023-08-03 00:00:00-04:00,7.513998175729213,7.697266480008303,7.369312623935965,7.620100975036621,1039500,0.0,0.0
2023-08-04 00:00:00-04:00,10.417353791757833,14.468546677473261,10.060463084099744,14.314215660095215,18554800,0.0,0.0
2023-08-07 00:00:00-04:00,14.294924773927313,14.65181550532699,12.732321739196777,12.732321739196777,6256800,0.0,0.0
2023-08-08 00:00:00-04:00,13.417167218902286,16.48449980831577,13.417167218902286,16.388042449951172,8755800,0.0,0.0
2023-08-09 00:00:00-04:00,16.07937814207093,16.48449751912677,15.327013978918123,16.11795997619629,4435000,0.0,0.0
2023-08-10 00:00:00-04:00,15.96362775751209,16.764220532836,15.886462255303906,16.619535446166992,2204200,0.0,0.0
2023-08-11 00:00:00-04:00,16.41697600009354,16.86067715912658,16.30122683177979,16.79315757751465,2936500,0.0,0.0
2023-08-14 00:00:00-04:00,16.793157049633464,17.651623428463775,16.609888305468708,17.400836944580078,2454800,0.0,0.0
2023-08-15 00:00:00-04:00,17.275444849416996,17.844541174599403,16.860679543968374,17.535879135131836,2369100,0.0,0.0
2023-08-16 00:00:00-04:00,17.555168933186984,18.220720688558828,17.555168933186984,17.815601348876953,2719700,0.0,0.0
2023-08-17 00:00:00-04:00,17.796312445365185,18.172494055375022,17.37190124447538,17.912059783935547,3030400,0.0,0.0
2023-08-18 00:00:00-04:00,17.777022418869123,18.278599176460983,17.314029337909393,17.439422607421875,2031400,0.0,0.0
2023-08-21 00:00:00-04:00,17.66127212561281,18.085683343202465,17.333318253807736,17.34296417236328,1296400,0.0,0.0
2023-08-22 00:00:00-04:00,17.323671169256013,17.767374194092643,17.10182057672306,17.52623176574707,1413900,0.0,0.0
2023-08-23 00:00:00-04:00,17.352609995477152,17.7095016209859,17.101821633724946,17.265798568725586,1005100,0.0,0.0
2023-08-24 00:00:00-04:00,17.12111482014173,17.458714635253653,16.995721549268094,17.198280334472656,1217700,0.0,0.0
2023-08-25 00:00:00-04:00,17.198280062896817,17.42013068312364,16.86068025311589,16.96678352355957,1161200,0.0,0.0
2023-08-28 00:00:00-04:00,16.9571343699662,17.748081188442313,16.9571343699662,17.70949935913086,1193000,0.0,0.0
2023-08-29 00:00:00-04:00,17.77702161664961,19.079191207885742,17.728792023035897,19.079191207885742,1872500,0.0,0.0
2023-08-30 00:00:00-04:00,18.992380325253333,20.506754652621037,18.693362355563085,20.333131790161133,1895200,0.0,0.0
2023-08-31 00:00:00-04:00,20.25596627800481,20.97939364507641,20.06305157754401,20.728605270385742,2516800,0.0,0.0
2023-09-01 00:00:00-04:00,20.71895734609451,20.969745696512543,20.342775740352838,20.651437759399414,1036200,0.0,0.0
2023-09-05 00:00:00-04:00,20.55498041795421,20.8347065225644,19.55182885607969,19.580764770507812,1097200,0.0,0.0
2023-09-06 00:00:00-04:00,19.677221429701685,19.899072018228328,18.471509309747283,18.6837158203125,1945500,0.0,0.0
2023-09-07 00:00:00-04:00,18.924859150170107,19.32997851545726,18.297887345966323,18.307533264160156,2190400,0.0,0.0
2023-09-08 00:00:00-04:00,18.27859831745747,18.539030763401435,17.246507093302835,17.535879135131836,1925600,0.0,0.0
2023-09-11 00:00:00-04:00,17.217570988214234,17.574460777522177,16.75457793408838,17.024656295776367,2583300,0.0,0.0
2023-09-12 00:00:00-04:00,17.015012274232703,17.256154746780314,16.45556181151309,16.98607635498047,1778200,0.0,0.0
2023-09-13 00:00:00-04:00,17.178986208847686,17.24650579492675,16.54237034042973,16.928197860717773,1986800,0.0,0.0
2023-09-14 00:00:00-04:00,17.05980488951777,17.51798183717691,16.96231991827486,17.303516387939453,1981500,0.185,0.0
2023-09-15 00:00:00-04:00,17.17678601842644,17.332761217693132,16.747853290757522,16.786846160888672,16109000,0.0,0.0
2023-09-18 00:00:00-04:00,17.13779225288798,17.4497426689679,16.669866628768105,16.747854232788086,1254200,0.0,0.0
2023-09-19 00:00:00-04:00,16.903828176226156,17.595967877702023,16.86483344744785,17.44974136352539,1162400,0.0,0.0
2023-09-20 00:00:00-04:00,17.703203201293945,18.161380151662637,17.46924038455007,17.703203201293945,1284700,0.0,0.0
2023-09-21 00:00:00-04:00,17.498486527321553,18.015153719791606,17.362006822297317,17.537479400634766,1179100,0.0,0.0
2023-09-22 00:00:00-04:00,17.469238951621332,17.771440666039098,17.303515070933326,17.439992904663086,828100,0.0,0.0
2023-09-25 00:00:00-04:00,17.284017927876974,17.51798072842928,16.93307465673404,17.43024444580078,822400,0.0,0.0
2023-09-26 00:00:00-04:00,17.2645206451416,17.75194361345441,16.913577372328703,17.2645206451416,1151600,0.0,0.0
2023-09-27 00:00:00-04:00,17.235277308880825,17.761693173803412,17.079302100061454,17.391252517700195,939100,0.0,0.0
2023-09-28 00:00:00-04:00,17.391252317414363,18.044399194087713,17.391252317414363,17.966411590576172,1285600,0.0,0.0
2023-09-29 00:00:00-04:00,17.810433403984295,18.151629809531553,17.66420690428428,17.84942626953125,1340000,0.0,0.0
2023-10-02 00:00:00-04:00,17.751943243451464,17.859176889243958,16.855086785445256,16.874582290649414,1595200,0.0,0.0
2023-10-03 00:00:00-04:00,17.040307538699096,17.186534066009198,16.435904063318358,16.494394302368164,863700,0.0,0.0
2023-10-04 00:00:00-04:00,16.45539884771201,16.50414226092304,16.104455569448056,16.201940536499023,1078800,0.0,0.0
2023-10-05 00:00:00-04:00,16.26043218818631,16.357917163721755,15.889989653025879,16.221437454223633,1029300,0.0,0.0
2023-10-06 00:00:00-04:00,16.14344690802318,16.367662868765173,15.480552355941176,16.104454040527344,1581700,0.0,0.0
2023-10-09 00:00:00-04:00,16.153197567758422,17.137792229260167,16.153197567758422,16.991565704345703,940500,0.0,0.0
2023-10-10 00:00:00-04:00,16.923326891242084,17.498486171027697,16.923326891242084,17.391252517700195,1211400,0.0,0.0
2023-10-11 00:00:00-04:00,17.352255810631128,17.73244696580157,17.352255810631128,17.556974411010742,966400,0.0,0.0
2023-10-12 00:00:00-04:00,17.55697508743167,17.712950284505926,17.2157786465676,17.28401756286621,1369700,0.0,0.0
2023-10-13 00:00:00-04:00,17.46923917557836,17.59596832861338,17.14754009239756,17.43024444580078,1667300,0.0,0.0
2023-10-16 00:00:00-04:00,17.449740781555,18.775531765864525,17.42049659531761,18.53182029724121,1286900,0.0,0.0
2023-10-17 00:00:00-04:00,18.50257410964186,19.24345719169562,18.307606051861985,18.86326789855957,1686400,0.0,0.0
2023-10-18 00:00:00-04:00,18.68779435433754,19.106978352430716,18.42458553794822,19.067983627319336,1136000,0.0,0.0
2023-10-19 00:00:00-04:00,19.23370951887021,19.23370951887021,18.171127319335938,18.171127319335938,1351700,0.0,0.0
2023-10-20 00:00:00-04:00,18.21987083046457,18.67804774512658,17.508231893202197,17.517980575561523,1257200,0.0,0.0
2023-10-23 00:00:00-04:00,17.430244143112475,18.132134391951638,16.94282118558351,17.605716705322266,907100,0.0,0.0
2023-10-24 00:00:00-04:00,17.888421233148534,18.648799785483288,17.888421233148534,18.083389282226562,750000,0.0,0.0
2023-10-25 00:00:00-04:00,17.96640906893428,18.210120528123575,17.547225061629348,17.586219787597656,791100,0.0,0.0
2023-10-26 00:00:00-04:00,17.66421017038145,18.19062603850951,17.517981784273104,17.790939331054688,1031000,0.0,0.0
2023-10-27 00:00:00-04:00,17.67395585677215,18.063895715474622,17.10854529289882,17.352256774902344,909500,0.0,0.0
2023-10-30 00:00:00-04:00,17.586222657434956,18.083392479066244,17.439994270562156,17.625215530395508,597800,0.0,0.0
2023-10-31 00:00:00-04:00,17.73244857788086,17.917667972002203,17.254774279397044,17.73244857788086,755400,0.0,0.0
2023-11-01 00:00:00-04:00,17.83967809332458,18.453832012569862,17.498483537489285,18.07364273071289,953500,0.0,0.0
2023-11-02 00:00:00-04:00,18.51232607091727,18.795032314930594,18.249117193947193,18.56106948852539,1540100,0.0,0.0
2023-11-03 00:00:00-04:00,17.566724394172265,19.57490652242305,17.128042974698783,18.96075439453125,1706800,0.0,0.0
2023-11-06 00:00:00-05:00,18.648803219892727,18.79503160784459,17.742197998944093,17.781190872192383,1789000,0.0,0.0
2023-11-07 00:00:00-05:00,17.703203108539775,18.190626105711843,17.586222630466338,17.868927001953125,893000,0.0,0.0
2023-11-08 00:00:00-05:00,17.829932599371134,18.10288826437229,17.303514915090027,17.771440505981445,919200,0.0,0.0
2023-11-09 00:00:00-05:00,17.771441964990753,18.210123404573444,17.625215438253576,17.790939331054688,794000,0.0,0.0
2023-11-10 00:00:00-05:00,17.927415176454094,17.927415176454094,17.332760452757494,17.46923828125,772900,0.0,0.0
2023-11-13 00:00:00-05:00,17.498486013230323,17.625215171989066,16.972068293683698,17.478988647460938,757400,0.0,0.0
2023-11-14 00:00:00-05:00,18.20037400102155,18.395343935200053,17.976159878276036,18.307607650756836,1126500,0.0,0.0
2023-11-15 00:00:00-05:00,18.190623872137277,18.82427331878273,18.141882322153375,18.775531768798828,702300,0.0,0.0
2023-11-16 00:00:00-05:00,18.76578338400355,19.058236407278592,18.161378114031894,18.84377098083496,922400,0.0,0.0
2023-11-17 00:00:00-05:00,19.06798486360234,19.13622377760073,18.609807970062473,18.853519439697266,964700,0.0,0.0
2023-11-20 00:00:00-05:00,18.756034337101763,19.409181145122734,18.639053873815854,19.184967041015625,706900,0.0,0.0
2023-11-21 00:00:00-05:00,19.194715336893655,19.448175481411262,18.707292411137693,18.795028686523438,549000,0.0,0.0
2023-11-22 00:00:00-05:00,18.931509658801996,19.126479605273726,18.512325575447626,18.580564498901367,374400,0.0,0.0
2023-11-24 00:00:00-05:00,18.668300916776982,18.960755838488247,18.668300916776982,18.736539840698242,190500,0.0,0.0
2023-11-27 00:00:00-05:00,18.61955783046983,18.86326931552998,18.219871143720866,18.31735610961914,810500,0.0,0.0
2023-11-28 00:00:00-05:00,18.200372696905607,18.45383284942798,17.67395502796584,18.44408416748047,799500,0.0,0.0
2023-11-29 00:00:00-05:00,18.48307924655408,19.10698195021939,18.48307924655408,19.077735900878906,695600,0.0,0.0
2023-11-30 00:00:00-05:00,19.087483534530016,19.292202149915234,18.902262284299784,19.204465866088867,1159500,0.0,0.0
2023-12-01 00:00:00-05:00,19.09723207032298,20.61799121267276,18.97050105716071,20.588747024536133,1060700,0.0,0.0
2023-12-04 00:00:00-05:00,20.403525989903567,20.803212679848848,19.46767291291555,19.526165008544922,1364300,0.0,0.0
2023-12-05 00:00:00-05:00,19.48717189061964,19.48717189061964,18.45383562081993,18.6488037109375,1041400,0.0,0.0
2023-12-06 00:00:00-05:00,18.648799851794145,18.912008671324788,17.84942657117889,17.917665481567383,1376900,0.0,0.0
2023-12-07 00:00:00-05:00,18.04439750448737,18.46358153137549,17.77143998806998,18.44408416748047,1956800,0.0,0.0
2023-12-08 00:00:00-05:00,18.317356872287437,18.756036448038095,17.907921485964135,18.122386932373047,1009700,0.0,0.0
2023-12-11 00:00:00-05:00,18.327102297342833,18.38559439047642,17.508231587182692,17.937164306640625,1094800,0.0,0.0
2023-12-12 00:00:00-05:00,17.790939584969838,18.093141325789226,17.469240477808246,17.537479400634766,936100,0.0,0.0
2023-12-13 00:00:00-05:00,17.54722552420585,18.405089065043818,17.069551274726976,18.2978572845459,1931500,0.0,0.0
2023-12-14 00:00:00-05:00,18.97227400404089,19.44485743013276,17.4954493890941,17.948341369628906,1448000,0.185,0.0
2023-12-15 00:00:00-05:00,18.08618119687184,18.08618119687184,17.288694482784805,17.44622230529785,2911300,0.0,0.0
2023-12-18 00:00:00-05:00,17.623441755794456,18.10587095192215,17.45606820792323,17.712051391601562,977300,0.0,0.0
2023-12-19 00:00:00-05:00,17.800659462939002,18.273242893789153,17.67266882128861,18.19447898864746,1005600,0.0,0.0
2023-12-20 00:00:00-05:00,18.194478732563493,18.548917239652262,17.820350657876148,17.830196380615234,967900,0.0,0.0
2023-12-21 00:00:00-05:00,17.958187315631026,18.30278010564455,17.958187315631026,18.233861923217773,541700,0.0,0.0
2023-12-22 00:00:00-05:00,18.224017738564076,18.50953621527206,17.475759635852427,17.692359924316406,460900,0.0,0.0
2023-12-26 00:00:00-05:00,17.80065927292958,18.01725954028727,17.57421328279932,17.938495635986328,402900,0.0,0.0
2023-12-27 00:00:00-05:00,18.007415626429946,18.08617953042924,17.741586746227476,17.849885940551758,553100,0.0,0.0
2023-12-28 00:00:00-05:00,17.741587003552638,18.19447898864746,17.70220411204198,18.19447898864746,430600,0.0,0.0
2023-12-29 00:00:00-05:00,18.17478938018288,18.243709447293664,17.879425175513052,18.066490173339844,706900,0.0,0.0
2024-01-02 00:00:00-05:00,17.830198307691887,18.312627506770248,17.475759762295624,17.879425048828125,729300,0.0,0.0
2024-01-03 00:00:00-05:00,17.79081349288781,18.16494344552266,17.633285684793012,17.859731674194336,831100,0.0,0.0
2024-01-04 00:00:00-05:00,18.174789321084944,18.174789321084944,17.692360120157012,17.977880477905273,731300,0.0,0.0
2024-01-05 00:00:00-05:00,17.87942367111188,18.86397344100958,17.771122595501645,18.617835998535156,1035500,0.0,0.0
2024-01-08 00:00:00-05:00,18.647374625078974,18.647374625078974,17.86957934468794,17.928651809692383,787100,0.0,0.0
2024-01-09 00:00:00-05:00,17.652979121900913,18.027107238865657,17.33792347016643,17.99757194519043,749700,0.0,0.0
2024-01-10 00:00:00-05:00,17.820352464928984,17.977880288969125,17.57421500513129,17.702205657958984,502700,0.0,0.0
2024-01-11 00:00:00-05:00,17.58406054776605,17.613595840794517,17.032711291424256,17.406841278076172,567800,0.0,0.0
2024-01-12 00:00:00-05:00,17.593906675667323,18.11571689521104,17.564369504080393,18.046798706054688,586000,0.0,0.0
2024-01-16 00:00:00-05:00,17.958189146440617,18.164945592679086,17.62344204520106,18.155099868774414,831700,0.0,0.0
2024-01-17 00:00:00-05:00,17.869579383786665,18.607991770537186,17.780969747146216,17.968034744262695,779600,0.0,0.0
2024-01-18 00:00:00-05:00,17.98772630850127,18.214172324547732,17.662824931340747,18.145254135131836,668200,0.0,0.0
2024-01-19 00:00:00-05:00,18.273242939699276,18.342161122136456,17.731741325224615,18.263397216796875,579600,0.0,0.0
2024-01-22 00:00:00-05:00,18.450464343911538,18.667064639338857,17.889271218306327,18.57845687866211,1119400,0.0,0.0
2024-01-23 00:00:00-05:00,18.962430609928898,19.346404456047196,18.361854591842455,18.40123748779297,717300,0.0,0.0
2024-01-24 00:00:00-05:00,18.509534265639925,18.509534265639925,17.71204950614827,17.731740951538086,731400,0.0,0.0
2024-01-25 00:00:00-05:00,17.928650451358084,18.696599949752667,17.908960883101553,18.68675422668457,886200,0.0,0.0
2024-01-26 00:00:00-05:00,18.854128507049257,20.606627846849555,18.785210320732794,19.769760131835938,1407300,0.0,0.0
2024-01-29 00:00:00-05:00,19.7697595114496,19.7697595114496,18.726137270236055,18.883665084838867,965100,0.0,0.0
2024-01-30 00:00:00-05:00,18.686754410693503,19.139648286887297,18.332317766150187,18.942737579345703,1076800,0.0,0.0
2024-01-31 00:00:00-05:00,18.88366508685159,19.435012438020195,18.657219088070875,18.91320037841797,1006900,0.0,0.0
2024-02-01 00:00:00-05:00,18.903356552124023,19.28733036590977,18.706445844712025,18.903356552124023,806300,0.0,0.0
2024-02-02 00:00:00-05:00,18.617838091723783,19.454705865801134,18.617838091723783,18.932893753051758,910700,0.0,0.0
2024-02-05 00:00:00-05:00,18.607992115686333,18.65722073577737,18.174789648284452,18.48984718322754,1260900,0.0,0.0
2024-02-06 00:00:00-05:00,18.430770895348903,18.76551796514504,18.184633454491724,18.450462341308594,1008900,0.0,0.0
2024-02-07 00:00:00-05:00,18.420926743207875,18.420926743207875,17.810506889441307,17.90896224975586,877500,0.0,0.0
2024-02-08 00:00:00-05:00,17.73174312052323,18.312627685420736,17.73174312052323,18.174789428710938,873600,0.0,0.0
2024-02-09 00:00:00-05:00,18.184633311457294,18.411081182453263,17.810505230564196,18.263397216796875,650600,0.0,0.0
2024-02-12 00:00:00-05:00,18.352007261261498,18.972274673023005,18.352007261261498,18.844282150268555,922100,0.0,0.0
2024-02-13 00:00:00-05:00,18.302779808135707,18.55876296575966,17.731741034322162,17.859731674194336,1167100,0.0,0.0
2024-02-14 00:00:00-05:00,18.17478776297177,18.499690988230103,17.928650321688536,18.479999542236328,715400,0.0,0.0
2024-02-15 00:00:00-05:00,18.411083056656416,18.814748347348857,17.948343422535945,18.155099868774414,957000,0.0,0.0
2024-02-16 00:00:00-05:00,16.78657444202655,17.091786252157824,13.596634044675787,13.823080062866211,4967300,0.0,0.0
2024-02-20 00:00:00-05:00,13.695087758458653,15.309749790959394,13.47848653653956,14.167672157287598,2145100,0.0,0.0
2024-02-21 00:00:00-05:00,14.01998835139346,14.541800400019433,13.872306263029019,14.423653602600098,1291600,0.0,0.0
2024-02-22 00:00:00-05:00,14.34489050118517,14.620565125366067,13.842770809231123,14.197208404541016,1573200,0.0,0.0
2024-02-23 00:00:00-05:00,14.098752778843554,14.354735951159729,13.803388591183197,13.813233375549316,1248200,0.0,0.0
2024-02-26 00:00:00-05:00,13.823079446902463,14.443345946698456,13.70493358107559,14.325200080871582,1106400,0.0,0.0
2024-02-27 00:00:00-05:00,14.423654646665254,14.620565363991105,14.088908492879058,14.541801452636719,980000,0.0,0.0
2024-02-28 00:00:00-05:00,14.482728149039758,15.122685167920865,14.354736557475558,14.699329376220703,1142600,0.0,0.0
2024-02-29 00:00:00-05:00,14.709174389943605,15.33928663385015,14.66979243338319,15.063612937927246,1178500,0.0,0.0
2024-03-01 00:00:00-05:00,15.034075822896417,15.181757916595577,14.620564833810947,15.17191219329834,800800,0.0,0.0
2024-03-04 00:00:00-05:00,15.17191323811186,15.477124108765613,14.925775772369773,15.3097505569458,763600,0.0,0.0
2024-03-05 00:00:00-05:00,15.260522671162763,15.43774194457897,14.965157528449051,14.984848976135254,993900,0.0,0.0
2024-03-06 00:00:00-05:00,15.201447428423931,15.280212270702204,14.80762791173152,15.12268352508545,1392000,0.0,0.0
2024-03-07 00:00:00-05:00,15.299903859335043,15.595268987217468,15.122684594817617,15.290058135986328,955800,0.0,0.0
2024-03-08 00:00:00-05:00,15.457431952269124,15.742951361884558,15.339286086801344,15.683878898620605,740100,0.0,0.0
2024-03-11 00:00:00-04:00,15.703569281966685,15.861098040278726,15.486968060860008,15.506659507751465,730000,0.0,0.0
2024-03-12 00:00:00-04:00,15.457430861165802,15.811868432550233,15.260521099285564,15.47712230682373,616300,0.0,0.0
2024-03-13 00:00:00-04:00,15.477123499909665,15.939862180204248,15.477123499909665,15.84140682220459,621000,0.0,0.0
2024-03-14 00:00:00-04:00,15.901185418051393,15.941037974982452,15.49269647196805,15.61225414276123,848400,0.19,0.0
2024-03-15 00:00:00-04:00,15.711885628499573,15.97092771733883,15.373138427734375,15.373138427734375,2046300,0.0,0.0
2024-03-18 00:00:00-04:00,15.353211674672949,15.562437831018519,14.994538671006206,15.373138427734375,1033300,0.0,0.0
2024-03-19 00:00:00-04:00,15.273506668018701,15.602290494519309,14.874981105642174,15.592327117919922,951500,0.0,0.0
2024-03-20 00:00:00-04:00,15.502660239369742,16.160226970221345,15.422954173339319,16.100448608398438,653900,0.0,0.0
2024-03-21 00:00:00-04:00,16.30967469971142,16.738088482876886,15.891221442463639,15.990852355957031,1068000,0.0,0.0
2024-03-22 00:00:00-04:00,16.040669692120996,16.040669692120996,15.592327243146766,15.672032356262207,576400,0.0,0.0
2024-03-25 00:00:00-04:00,15.831444149470931,16.180153795397292,15.831444149470931,16.070558547973633,540200,0.0,0.0
2024-03-26 00:00:00-04:00,16.15026303495486,16.190116541672477,15.632179799704486,15.672032356262207,620700,0.0,0.0
2024-03-27 00:00:00-04:00,15.701922807841711,16.02074326683223,15.512622447696153,15.801553726196289,861600,0.0,0.0
2024-03-28 00:00:00-04:00,15.9211106971024,16.13033780179981,15.801553030246648,15.96096420288086,1144700,0.0,0.0
2024-04-01 00:00:00-04:00,15.990852958526347,15.990852958526347,15.542512405671852,15.61225414276123,537300,0.0,0.0
2024-04-02 00:00:00-04:00,15.50266021396608,16.1004485820152,15.442880902081203,15.851369857788086,945700,0.0,0.0
2024-04-03 00:00:00-04:00,15.751738154810898,16.35948986964213,15.751738154810898,16.180152893066406,710100,0.0,0.0
2024-04-04 00:00:00-04:00,16.29971186102813,16.319636714160293,15.622217446219652,15.642143249511719,742100,0.0,0.0
2024-04-05 00:00:00-04:00,15.582364962602913,15.76170099371273,15.452843915036992,15.61225414276123,744300,0.0,0.0
2024-04-08 00:00:00-04:00,15.612254381799948,15.871296480897977,15.373139036552502,15.383101463317871,779500,0.0,0.0
2024-04-09 00:00:00-04:00,15.44288058843036,15.761701044914524,15.213728622872342,15.721848487854004,702400,0.0,0.0
2024-04-10 00:00:00-04:00,15.3033957796994,16.020742738951526,15.084207196445604,15.622217178344727,808200,0.0,0.0
2024-04-11 00:00:00-04:00,15.662069486284954,16.040669237943533,15.602290178061022,15.990852355957031,810900,0.0,0.0
2024-04-12 00:00:00-04:00,15.980891204016842,16.040669563293378,15.582364691480427,15.592327117919922,667300,0.0,0.0
2024-04-15 00:00:00-04:00,15.582364104618216,15.652105837867527,15.12405925006592,15.30339527130127,952100,0.0,0.0
2024-04-16 00:00:00-04:00,15.183838326176204,15.283470192816374,14.904870429807584,15.004502296447754,659000,0.0,0.0
2024-04-17 00:00:00-04:00,15.143985366647039,15.612253607141746,14.894906656833239,14.90487003326416,696400,0.0,0.0
2024-04-18 00:00:00-04:00,14.914834531922645,15.183839064678955,14.815202660436636,15.094170570373535,700700,0.0,0.0
2024-04-19 00:00:00-04:00,15.094170665676213,15.412992086348469,15.094170665676213,15.313360214233398,947800,0.0,0.0
2024-04-22 00:00:00-04:00,15.44288014426759,15.642142923839067,15.213728185300363,15.512621879577637,763400,0.0,0.0
2024-04-23 00:00:00-04:00,15.492696061593476,16.030706040991788,15.353211640949512,15.652106285095215,712700,0.0,0.0
2024-04-24 00:00:00-04:00,15.582363712037603,16.010778427124023,15.462806050839545,16.010778427124023,716900,0.0,0.0
2024-04-25 00:00:00-04:00,15.861332530869293,15.921110889941275,15.243617436219443,15.482732772827148,902800,0.0,0.0
2024-04-26 00:00:00-04:00,15.472769768685772,15.95100140357193,15.27350698338317,15.721848487854004,652300,0.0,0.0
2024-04-29 00:00:00-04:00,15.75173771216028,16.08052057637661,15.652105850160286,15.970927238464355,817500,0.0,0.0
2024-04-30 00:00:00-04:00,15.891221764782262,15.891221764782262,15.48273282580635,15.592327117919922,798600,0.0,0.0
2024-05-01 00:00:00-04:00,15.632179517103868,16.150262742988264,15.632179517103868,15.791590690612793,812500,0.0,0.0
2024-05-02 00:00:00-04:00,16.060596244289798,16.299711580640743,15.881258316786761,16.1502628326416,936300,0.0,0.0
2024-05-03 00:00:00-04:00,16.698237485876653,16.698237485876653,13.988260767485812,14.30708122253418,2467600,0.0,0.0
2024-05-06 00:00:00-04:00,14.466492350482772,15.901185343427889,14.466492350482772,15.642143249511719,1878400,0.0,0.0
2024-05-07 00:00:00-04:00,15.69195894617747,15.811516614605349,15.13402221002081,15.34324836730957,1032900,0.0,0.0
2024-05-08 00:00:00-04:00,15.104133584776386,15.343248930407693,14.974612535019448,15.24361801147461,765300,0.0,0.0
2024-05-09 00:00:00-04:00,15.283470446815617,20.99235426643292,15.044355103097178,19.60747718811035,9635300,0.0,0.0
2024-05-10 00:00:00-04:00,19.607476716947644,20.583864822082205,19.039577551722846,20.065780639648438,2358100,0.0,0.0
2024-05-13 00:00:00-04:00,20.095670077037862,21.360990359654103,20.095670077037862,20.89272117614746,1518400,0.0,0.0
2024-05-14 00:00:00-04:00,21.072057935355925,21.321136638847886,20.55397377601592,20.982389450073242,1079300,0.0,0.0
2024-05-15 00:00:00-04:00,21.311175378125963,21.311175378125963,20.245118725409295,20.39456558227539,796800,0.0,0.0
2024-05-16 00:00:00-04:00,20.20526469365126,20.484231619590176,19.687180545022333,20.354711532592773,840200,0.0,0.0
2024-05-17 00:00:00-04:00,20.275006198394465,20.92261042677844,20.11559598526363,20.723346710205078,771400,0.0,0.0
2024-05-20 00:00:00-04:00,20.72334814455266,20.72334814455266,19.547698216421118,19.59751319885254,839400,0.0,0.0
2024-05-21 00:00:00-04:00,19.51780940598703,19.657292886478565,18.800463348762108,19.05950355529785,978600,0.0,0.0
2024-05-22 00:00:00-04:00,19.10932015046453,19.487918977599964,18.929983163808846,19.179061889648438,965000,0.0,0.0
2024-05-23 00:00:00-04:00,19.129244686730978,19.3982482352059,18.481638554376715,18.770570755004883,909500,0.0,0.0
2024-05-24 00:00:00-04:00,18.929982422314414,19.059502518536906,18.651013576186234,18.700830459594727,685000,0.0,0.0
2024-05-28 00:00:00-04:00,20.384601092261995,20.613754953954473,17.62481037852698,19.009687423706055,4041700,0.0,0.0
2024-05-29 00:00:00-04:00,18.491604741887183,18.690868489881286,16.578679982359546,16.857648849487305,2735200,0.0,0.0
2024-05-30 00:00:00-04:00,17.076836030086127,18.242524488052275,16.688273844204005,18.232561111450195,2018900,0.0,0.0
2024-05-31 00:00:00-04:00,18.19270950897271,19.82666526564214,18.15285600255649,19.816701889038086,2548000,0.0,0.0
2024-06-03 00:00:00-04:00,20.13552179913618,22.984982820612487,19.916333220684052,22.44697380065918,2770900,0.0,0.0
2024-06-04 00:00:00-04:00,22.437010643411263,22.905277933898606,21.799367853862837,22.885351181030273,1613400,0.0,0.0
2024-06-05 00:00:00-04:00,22.88535045130675,23.263951142454008,22.227782830176974,22.656198501586914,1294300,0.0,0.0
2024-06-06 00:00:00-04:00,22.536643337940585,22.75583192661042,21.71966354310979,22.27760124206543,1125000,0.0,0.0
2024-06-07 00:00:00-04:00,21.869111943699497,21.899000173303815,21.13183727479654,21.370954513549805,1085200,0.0,0.0
2024-06-10 00:00:00-04:00,21.052132630104246,21.241432989859987,20.444381844025024,20.912649154663086,1036600,0.0,0.0
2024-06-11 00:00:00-04:00,20.832943829096582,20.832943829096582,20.20526629564825,20.47426986694336,1015100,0.0,0.0
2024-06-12 00:00:00-04:00,20.86283551426124,21.1218776284202,19.94622568736029,20.37464141845703,1102900,0.0,0.0
2024-06-13 00:00:00-04:00,20.424455995237892,20.424455995237892,19.727034786492048,20.025930404663086,877500,0.0,0.0
2024-06-14 00:00:00-04:00,19.46687980269128,19.866200033206727,18.588375295557302,19.62660789489746,1618700,0.04,0.0
2024-06-17 00:00:00-04:00,19.5068121185958,19.56670967512171,18.778050580409758,19.137439727783203,1317500,0.0,0.0
2024-06-18 00:00:00-04:00,19.197337200989644,19.57669283359493,18.788033742305878,19.24725341796875,1202300,0.0,0.0
2024-06-20 00:00:00-04:00,19.157405718666464,19.277200828616728,18.598355525202088,18.638288497924805,1526700,0.0,0.0
2024-06-21 00:00:00-04:00,18.488544657296263,19.127457022506125,18.488544657296263,18.89784812927246,4116300,0.0,0.0
2024-06-24 00:00:00-04:00,19.067558368891365,19.19733672157815,18.59835546154999,18.957744598388672,1146500,0.0,0.0
2024-06-25 00:00:00-04:00,19.10749018947619,19.42694636630324,18.778050769109672,19.337100982666016,1059900,0.0,0.0
2024-06-26 00:00:00-04:00,19.26721810792472,19.65655698609353,19.00766139462417,19.556726455688477,916800,0.0,0.0
2024-06-27 00:00:00-04:00,19.66653963752705,20.14572388411573,19.287184014229307,20.115774154663086,1090100,0.0,0.0
2024-06-28 00:00:00-04:00,20.22558886132064,21.084128770943117,20.22558886132064,20.69478988647461,2961200,0.0,0.0
2024-07-01 00:00:00-04:00,20.60494295858211,20.924399143349422,20.435231622410846,20.674823760986328,1112200,0.0,0.0
2024-07-02 00:00:00-04:00,20.594958799723404,20.804603101730237,20.105791300519417,20.515094757080078,600100,0.0,0.0
2024-07-03 00:00:00-04:00,20.54504520692471,20.72473978519518,20.125758492329958,20.265520095825195,437400,0.0,0.0
2024-07-05 00:00:00-04:00,20.155707339889794,20.545044306336607,19.87618224104321,20.52507781982422,557900,0.0,0.0
2024-07-08 00:00:00-04:00,20.70477292842802,21.074145322073054,20.235571907843962,20.285486221313477,856400,0.0,0.0
2024-07-09 00:00:00-04:00,20.265519659924816,20.744705826375384,20.215605346638444,20.604942321777344,1025300,0.0,0.0
2024-07-10 00:00:00-04:00,20.854517317429888,20.944364602999727,20.40528279368966,20.415266036987305,671100,0.0,0.0
2024-07-11 00:00:00-04:00,20.63489171967004,21.054178418489087,20.505113364751537,21.0441951751709,979300,0.0,0.0
2024-07-12 00:00:00-04:00,21.46348168990545,22.042496468631565,20.964330952930904,21.05417823791504,576800,0.0,0.0
2024-07-15 00:00:00-04:00,20.85451701898164,21.713056889202914,20.744705152496987,21.2738037109375,731400,0.0,0.0
2024-07-16 00:00:00-04:00,21.413567362378064,22.41186883560578,21.004263910683417,22.002565383911133,1182700,0.0,0.0
2024-07-17 00:00:00-04:00,21.882768825413642,22.571597389448375,21.293770791604217,22.082429885864258,1087100,0.0,0.0
2024-07-18 00:00:00-04:00,22.012547349920098,22.461783787309898,21.6431768606076,21.862802505493164,1099000,0.0,0.0
2024-07-19 00:00:00-04:00,21.643177295261587,21.862802944557835,21.163993021828478,21.313737869262695,745700,0.0,0.0
2024-07-22 00:00:00-04:00,21.213906880318405,21.41356794201206,20.924398531273503,21.23387336730957,890000,0.0,0.0
2024-07-23 00:00:00-04:00,21.22388983002274,21.22388983002274,20.664841530771717,20.93438148498535,995600,0.0,0.0
2024-07-24 00:00:00-04:00,20.914417430866422,21.293771167488266,20.425248014538347,20.48514747619629,867100,0.0,0.0
2024-07-25 00:00:00-04:00,20.42524855634045,20.964332300907568,20.365350997202682,20.455198287963867,1081000,0.0,0.0
2024-07-26 00:00:00-04:00,20.854517805657522,20.944365093330788,20.495130559073473,20.914417266845703,870900,0.0,0.0
2024-07-29 00:00:00-04:00,21.044194976549445,21.333703317717518,20.57499396967689,20.844533920288086,673000,0.0,0.0
2024-07-30 00:00:00-04:00,20.934382047051187,21.36365200239953,20.714756399618818,21.323720932006836,728400,0.0,0.0
2024-07-31 00:00:00-04:00,21.46348160749178,21.902734787493277,21.07414464346144,21.163991928100586,1180200,0.0,0.0
2024-08-01 00:00:00-04:00,21.313738413587377,21.513397580562348,20.744706836339613,21.074146270751953,967900,0.0,0.0
2024-08-02 00:00:00-04:00,19.267218130582435,20.944364950210847,19.267218130582435,19.97601318359375,1163800,0.0,0.0
2024-08-05 00:00:00-04:00,18.468577906834476,19.426946441000585,17.86959662092615,19.017642974853516,1252800,0.0,0.0
2024-08-06 00:00:00-04:00,19.12745589696344,19.73642039928812,18.977711058192646,19.696487426757812,1304300,0.0,0.0
2024-08-07 00:00:00-04:00,19.786335739335115,20.994281563640886,19.73642142518662,20.375333786010742,1493100,0.0,0.0
2024-08-08 00:00:00-04:00,20.584977476003118,20.864500673410944,20.16569077578241,20.72473907470703,1331900,0.0,0.0
2024-08-09 00:00:00-04:00,20.774654660191747,20.774654660191747,19.816286089031546,20.235572814941406,860700,0.0,0.0
2024-08-12 00:00:00-04:00,20.754689890598023,20.97431554349575,19.956047517670793,20.245555877685547,596600,0.0,0.0
2024-08-13 00:00:00-04:00,20.30545298455923,20.47516431841677,20.065860849250186,20.375333786010742,453900,0.0,0.0
2024-08-14 00:00:00-04:00,20.445214141083316,20.694789514594905,20.115774724212375,20.50511360168457,355400,0.0,0.0
2024-08-15 00:00:00-04:00,21.00426480729239,21.00426480729239,20.345384055056225,20.375333786010742,773400,0.0,0.0
2024-08-16 00:00:00-04:00,20.345383969770115,20.76467068083059,20.005963207586895,20.48514747619629,850100,0.0,0.0
2024-08-19 00:00:00-04:00,20.49513126908052,21.26382200653497,20.345384515031437,20.87448501586914,866100,0.0,0.0
2024-08-20 00:00:00-04:00,20.794620782328597,20.964332118499865,20.60494295858211,20.674823760986328,618600,0.0,0.0
2024-08-21 00:00:00-04:00,20.784637364721124,21.094110303112732,20.415266868213827,20.894451141357422,803300,0.0,0.0
2024-08-22 00:00:00-04:00,20.944365730713983,21.253840577277234,20.674823859491436,20.984298706054688,468500,0.0,0.0
2024-08-23 00:00:00-04:00,21.25383981202264,22.3320053539839,21.04419550725043,22.18225860595703,1162600,0.0,0.0
2024-08-26 00:00:00-04:00,22.47176741159734,22.521681725882434,21.832855049024772,22.052480697631836,821900,0.0,0.0
2024-08-27 00:00:00-04:00,22.03251336508971,22.950950803110317,21.99258229601523,22.940967559814453,1293500,0.0,0.0
2024-08-28 00:00:00-04:00,22.940968933547566,23.829458598993394,22.84113839871995,23.809492111206055,1227200,0.0,0.0
2024-08-29 00:00:00-04:00,23.839438458489944,23.999168446761296,23.110678836485413,23.470067977905273,1068500,0.0,0.0
2024-08-30 00:00:00-04:00,23.47006789656888,23.789524063786576,23.250442257633953,23.57988166809082,2019200,0.0,0.0
2024-09-03 00:00:00-04:00,23.450102001990192,24.628098076420738,23.240459601002893,24.598148345947266,925800,0.0,0.0
2024-09-04 00:00:00-04:00,24.78782621911891,24.87767350662989,23.34028827953891,23.859405517578125,1495500,0.0,0.0
2024-09-05 00:00:00-04:00,23.999168830341276,24.418453629887285,23.649762926610613,23.659746170043945,1307900,0.0,0.0
2024-09-06 00:00:00-04:00,23.569899588581112,23.90932225903565,22.911020735136194,22.99088478088379,1401600,0.0,0.0
2024-09-09 00:00:00-04:00,22.99088411788074,22.99088411788074,22.242157996547647,22.50171661376953,1126800,0.0,0.0
2024-09-10 00:00:00-04:00,22.621512451232,22.731326228525347,22.032514397927955,22.25214195251465,785400,0.0,0.0
2024-09-11 00:00:00-04:00,22.042496579000446,22.57159704832194,21.77295472269842,22.52168083190918,1207900,0.0,0.0
2024-09-12 00:00:00-04:00,22.75129184338593,23.470068229832005,22.51169781046159,23.140628814697266,732300,0.0,0.0
2024-09-13 00:00:00-04:00,23.350272136688943,23.510000228881836,23.06076568363022,23.510000228881836,641200,0.0,0.0
2024-09-16 00:00:00-04:00,23.709999084472656,23.979999542236328,23.229999542236328,23.8700008392334,668100,0.04,0.0
2024-09-17 00:00:00-04:00,23.979999542236328,24.59000015258789,23.6200008392334,23.649999618530273,802700,0.0,0.0
2024-09-18 00:00:00-04:00,23.700000762939453,23.989999771118164,23.139999389648438,23.25,1155500,0.0,0.0
2024-09-19 00:00:00-04:00,23.459999084472656,23.75,23.219999313354492,23.5,1022500,0.0,0.0
2024-09-20 00:00:00-04:00,23.309999465942383,23.600000381469727,22.780000686645508,22.969999313354492,2586700,0.0,0.0
2024-09-23 00:00:00-04:00,23.049999237060547,23.31999969482422,22.700000762939453,22.8700008392334,612000,0.0,0.0
2024-09-24 00:00:00-04:00,22.829999923706055,23.1299991607666,22.729999542236328,22.920000076293945,715300,0.0,0.0
2024-09-25 00:00:00-04:00,22.899999618530273,23.739999771118164,22.739999771118164,23.450000762939453,792500,0.0,0.0
2024-09-26 00:00:00-04:00,23.540000915527344,23.90999984741211,23.200000762939453,23.540000915527344,773000,0.0,0.0
2024-09-27 00:00:00-04:00,23.780000686645508,24.360000610351562,23.780000686645508,24.079999923706055,770800,0.0,0.0
2024-09-30 00:00:00-04:00,24.110000610351562,24.110000610351562,23.040000915527344,23.25,1170800,0.0,0.0
2024-10-01 00:00:00-04:00,23.149999618530273,23.56999969482422,23.06999969482422,23.40999984741211,659300,0.0,0.0
2024-10-02 00:00:00-04:00,23.170000076293945,23.670000076293945,23.059999465942383,23.600000381469727,457200,0.0,0.0
2024-10-03 00:00:00-04:00,23.389999389648438,23.559999465942383,23.200000762939453,23.360000610351562,552400,0.0,0.0
2024-10-04 00:00:00-04:00,23.40999984741211,23.700000762939453,23.079999923706055,23.299999237060547,423500,0.0,0.0
2024-10-07 00:00:00-04:00,23.25,23.25,22.690000534057617,22.90999984741211,522500,0.0,0.0
2024-10-08 00:00:00-04:00,23.100000381469727,23.239999771118164,22.8700008392334,23.06999969482422,522500,0.0,0.0
2024-10-09 00:00:00-04:00,23.06999969482422,23.479999542236328,22.90999984741211,22.920000076293945,480400,0.0,0.0
2024-10-10 00:00:00-04:00,22.75,22.989999771118164,22.510000228881836,22.860000610351562,473200,0.0,0.0
2024-10-11 00:00:00-04:00,22.8799991607666,23.270000457763672,22.639999389648438,23.1299991607666,525700,0.0,0.0
2024-10-14 00:00:00-04:00,23.040000915527344,23.780000686645508,23.040000915527344,23.6299991607666,587200,0.0,0.0
2024-10-15 00:00:00-04:00,23.940000534057617,24.790000915527344,23.84000015258789,24.739999771118164,980700,0.0,0.0
2024-10-16 00:00:00-04:00,25.0,25.790000915527344,24.920000076293945,25.469999313354492,857100,0.0,0.0
2024-10-17 00:00:00-04:00,25.479999542236328,25.729999542236328,25.040000915527344,25.260000228881836,697000,0.0,0.0
2024-10-18 00:00:00-04:00,26.459999084472656,30.440000534057617,26.40999984741211,29.149999618530273,4525500,0.0,0.0
2024-10-21 00:00:00-04:00,29.200000762939453,29.290000915527344,28.09000015258789,28.309999465942383,1390400,0.0,0.0
2024-10-22 00:00:00-04:00,27.850000381469727,28.25,27.420000076293945,27.43000030517578,986800,0.0,0.0
2024-10-23 00:00:00-04:00,27.270000457763672,27.829999923706055,26.969999313354492,27.81999969482422,855600,0.0,0.0
2024-10-24 00:00:00-04:00,27.739999771118164,28.25,27.219999313354492,28.200000762939453,826000,0.0,0.0
2024-10-25 00:00:00-04:00,28.309999465942383,29.010000228881836,28.219999313354492,28.979999542236328,904600,0.0,0.0
2024-10-28 00:00:00-04:00,29.209999084472656,29.43000030517578,28.709999084472656,28.979999542236328,1203800,0.0,0.0
2024-10-29 00:00:00-04:00,28.75,29.329999923706055,28.600000381469727,29.040000915527344,832900,0.0,0.0
2024-10-30 00:00:00-04:00,29.15999984741211,29.700000762939453,28.829999923706055,29.610000610351562,1005000,0.0,0.0
2024-10-31 00:00:00-04:00,29.690000534057617,30.100000381469727,29.229999542236328,29.75,1098200,0.0,0.0
2024-11-01 00:00:00-04:00,28.6200008392334,29.450000762939453,27.25,27.479999542236328,1625400,0.0,0.0
2024-11-04 00:00:00-05:00,27.25,28.459999084472656,26.950000762939453,28.079999923706055,1098300,0.0,0.0
2024-11-05 00:00:00-05:00,28.040000915527344,28.8700008392334,27.670000076293945,28.5,898400,0.0,0.0
2024-11-06 00:00:00-05:00,29.139999389648438,32.97999954223633,29.139999389648438,32.540000915527344,2108900,0.0,0.0
2024-11-07 00:00:00-05:00,33.7400016784668,34.56999969482422,32.33000183105469,32.45000076293945,3463800,0.0,0.0
2024-11-08 00:00:00-05:00,32.279998779296875,32.369998931884766,31.3700008392334,31.989999771118164,1987200,0.0,0.0
2024-11-11 00:00:00-05:00,32.220001220703125,33.099998474121094,32.18000030517578,32.61000061035156,1039700,0.0,0.0
2024-11-12 00:00:00-05:00,32.0,32.38999938964844,31.450000762939453,31.579999923706055,846100,0.0,0.0
2024-11-13 00:00:00-05:00,31.68000030517578,32.11000061035156,30.829999923706055,30.860000610351562,619000,0.0,0.0
2024-11-14 00:00:00-05:00,31.079999923706055,31.6299991607666,30.3799991607666,30.6299991607666,780400,0.0,0.0
2024-11-15 00:00:00-05:00,30.81999969482422,31.34000015258789,30.649999618530273,31.170000076293945,988300,0.0,0.0
2024-11-18 00:00:00-05:00,31.3799991607666,31.899999618530273,31.170000076293945,31.200000762939453,692200,0.0,0.0
2024-11-19 00:00:00-05:00,30.889999389648438,31.65999984741211,30.59000015258789,31.510000228881836,832400,0.0,0.0
2024-11-20 00:00:00-05:00,31.610000610351562,32.79999923706055,31.15999984741211,31.709999084472656,1217600,0.0,0.0
2024-11-21 00:00:00-05:00,31.540000915527344,33.060001373291016,31.540000915527344,33.0,767200,0.0,0.0
2024-11-22 00:00:00-05:00,33.380001068115234,34.36000061035156,33.150001525878906,34.040000915527344,1239700,0.0,0.0
2024-11-25 00:00:00-05:00,34.040000915527344,34.38999938964844,33.349998474121094,33.349998474121094,1246700,0.0,0.0
2024-11-26 00:00:00-05:00,33.36000061035156,34.4900016784668,32.56999969482422,34.31999969482422,1190100,0.0,0.0
2024-11-27 00:00:00-05:00,34.5,34.7599983215332,34.06999969482422,34.119998931884766,397400,0.0,0.0
2024-11-29 00:00:00-05:00,34.41999816894531,34.5,33.7400016784668,34.18000030517578,314000,0.0,0.0
2024-12-02 00:00:00-05:00,33.91999816894531,34.11000061035156,33.439998626708984,33.810001373291016,625428,0.0,0.0
