Date,Open,High,Low,Close,Volume,Dividends,Stock Splits
2022-01-03 00:00:00-05:00,2.3237198516483546,2.3420891612282273,2.296165887278545,2.3053505420684814,1724600,0.0,0.0
2022-01-04 00:00:00-05:00,2.2594273516515284,2.2686120067810287,2.195134765745028,2.2135040760040283,1921000,0.0,0.0
2022-01-05 00:00:00-05:00,2.195134904231942,2.2410581827766554,2.140026750998821,2.1492114067077637,1709000,0.0,0.0
2022-01-06 00:00:00-05:00,2.1583961196903543,2.1675807756430143,2.112472839927054,2.140026807785034,2014800,0.0,0.0
2022-01-07 00:00:00-05:00,2.1216575617820452,2.176765499209753,2.1216575617820452,2.1675808429718018,1493700,0.0,0.0
2022-01-10 00:00:00-05:00,2.10328804813041,2.10328804813041,2.0298108052547663,2.084918737411499,955400,0.0,0.0
2022-01-11 00:00:00-05:00,2.103288249306143,2.176765499209753,2.08491893683024,2.1675808429718018,873300,0.0,0.0
2022-01-12 00:00:00-05:00,2.2318733441674525,2.27779661894879,2.2043193792986506,2.259427309036255,1119100,0.0,0.0
2022-01-13 00:00:00-05:00,2.250242766606354,2.2961660436841456,2.241058111190796,2.241058111190796,960500,0.0,0.0
2022-01-14 00:00:00-05:00,2.176765292010758,2.2226887878086883,2.1583959812833684,2.204319477081299,1393000,0.0,0.0
2022-01-18 00:00:00-05:00,2.1216573837612955,2.1675806610977926,2.1216573837612955,2.158396005630493,1288000,0.0,0.0
2022-01-19 00:00:00-05:00,2.2043196677415464,2.277796917006439,2.2043196677415464,2.2502429485321045,984200,0.0,0.0
2022-01-20 00:00:00-05:00,2.3145352531725623,2.3788278382663974,2.286981288132347,2.296165943145752,2218000,0.0,0.0
2022-01-21 00:00:00-05:00,2.3420892889138476,2.378827910076503,2.3237199783325195,2.3237199783325195,1232300,0.0,0.0
2022-01-24 00:00:00-05:00,2.2686121463775635,2.2961661134615667,2.231873523598893,2.2686121463775635,1235800,0.0,0.0
2022-01-25 00:00:00-05:00,2.3053508574580532,2.38801276187626,2.277796889318651,2.369643449783325,1125600,0.0,0.0
2022-01-26 00:00:00-05:00,2.4431207180023193,2.534967270980827,2.4339360627044684,2.4431207180023193,1325400,0.0,0.0
2022-01-27 00:00:00-05:00,2.5349670727529623,2.5717056910715006,2.516597763593693,2.5533363819122314,2459800,0.0,0.0
2022-01-28 00:00:00-05:00,2.5900752544403076,2.5992599099213938,2.5441519770348777,2.5900752544403076,1491400,0.0,0.0
2022-01-31 00:00:00-05:00,2.6268138885498047,2.65436807410034,2.580890610931348,2.6268138885498047,1169900,0.0,0.0
2022-02-01 00:00:00-05:00,2.599260272361134,2.6359988994082966,2.5900756155993436,2.608444929122925,870400,0.0,0.0
2022-02-02 00:00:00-05:00,2.5808907017192504,2.5992600134128097,2.5074134549450124,2.5349674224853516,857000,0.0,0.0
2022-02-03 00:00:00-05:00,2.571706123410513,2.6176294040290182,2.553336811163111,2.599260091781616,847500,0.0,0.0
2022-02-04 00:00:00-05:00,2.50741333082917,2.5533366077898867,2.498228675437027,2.5165979862213135,879100,0.0,0.0
2022-02-07 00:00:00-05:00,2.5074130770812313,2.5165977315438957,2.4706744592305725,2.4798591136932373,608400,0.0,0.0
2022-02-08 00:00:00-05:00,2.4523055093390584,2.4982287883758545,2.443120853531699,2.4982287883758545,952700,0.0,0.0
2022-02-09 00:00:00-05:00,2.452305343649641,2.5533365507044437,2.452305343649641,2.525782585144043,874400,0.0,0.0
2022-02-10 00:00:00-05:00,2.525782766638572,2.6084446692595895,2.525782766638572,2.5349674224853516,902200,0.0,0.0
2022-02-11 00:00:00-05:00,2.5717060458724705,2.645183511626177,2.5349674224853516,2.5349674224853516,1759500,0.0,0.0
2022-02-14 00:00:00-05:00,2.5808905989592215,2.6359985318457375,2.5717059434781357,2.5900752544403076,711400,0.0,0.0
2022-02-15 00:00:00-05:00,2.6451835731009843,2.700291509462386,2.6451835731009843,2.681922197341919,778500,0.0,0.0
2022-02-16 00:00:00-05:00,2.7553993072503404,2.8288765520369212,2.746214651652018,2.8196918964385986,1423700,0.0,0.0
2022-02-17 00:00:00-05:00,2.792137905819372,2.801322561339325,2.737029972699651,2.7462146282196045,616500,0.0,0.0
2022-02-18 00:00:00-05:00,2.718660706530465,2.746214673545096,2.6911067395158343,2.700291395187378,850700,0.0,0.0
2022-02-22 00:00:00-05:00,2.764583951209791,2.8472458512466887,2.7462146400904803,2.7829532623291016,1444300,0.0,0.0
2022-02-23 00:00:00-05:00,2.7921379749007613,2.82887659788954,2.7645840076591774,2.773768663406372,751800,0.0,0.0
2022-02-24 00:00:00-05:00,2.663552686024934,2.8288764827452306,2.6543680306515838,2.792137861251831,1115700,0.0,0.0
2022-02-25 00:00:00-05:00,2.7921380216816996,2.8105073334838577,2.700291462670908,2.7278454303741455,1098900,0.0,0.0
2022-02-28 00:00:00-05:00,2.7186606371869866,2.7462146034988124,2.626813863834775,2.6727373600006104,485800,0.0,0.0
2022-03-01 00:00:00-05:00,2.7002914521298735,2.8013226666473523,2.681922140399423,2.6911067962646484,966800,0.0,0.0
2022-03-02 00:00:00-05:00,2.7278456257313004,2.7829535650843806,2.590075558369114,2.6176295280456543,1585000,0.0,0.0
2022-03-03 00:00:00-05:00,2.6176292330261135,2.6359985440734963,2.562521299883965,2.6268138885498047,1115400,0.0,0.0
2022-03-04 00:00:00-05:00,2.5924336719675334,2.5924336719675334,2.5459743308371428,2.583141803741455,881900,0.033,0.0
2022-03-07 00:00:00-05:00,2.536682817073727,2.536682817073727,2.3973045526709598,2.4065964221954346,979800,0.0,0.0
2022-03-08 00:00:00-05:00,2.41588803355661,2.443763860686851,2.38801242796199,2.3973042964935303,1281800,0.0,0.0
2022-03-09 00:00:00-05:00,2.4437639003199583,2.545974455824555,2.4344718101020977,2.527390718460083,535500,0.0,0.0
2022-03-10 00:00:00-05:00,2.3973046389178383,2.4623479494648444,2.369429029341544,2.4437642097473145,1145800,0.0,0.0
2022-03-11 00:00:00-05:00,2.425180187991468,2.425180187991468,2.285802143587157,2.2950940132141113,1694900,0.0,0.0
2022-03-14 00:00:00-04:00,2.3415530012745602,2.3415530012745602,2.220758714699403,2.239342451095581,1160100,0.0,0.0
2022-03-15 00:00:00-04:00,2.202174775458524,2.2672180749328135,2.155715434073756,2.2486343383789062,2152700,0.0,0.0
2022-03-16 00:00:00-04:00,2.2486343383789062,2.295093679763674,2.1835910389046167,2.2486343383789062,1099000,0.0,0.0
2022-03-17 00:00:00-04:00,2.2765103931754695,2.3787209644244807,2.2579266529483766,2.3601372241973877,1212200,0.0,0.0
2022-03-18 00:00:00-04:00,2.3415534855478572,2.4809317588806152,2.322969745308244,2.4809317588806152,1221000,0.0,0.0
2022-03-21 00:00:00-04:00,2.5459745114249017,2.5645582491952155,2.5088070358842742,2.5552663803100586,685200,0.0,0.0
2022-03-22 00:00:00-04:00,2.629601496391788,2.6574771047963788,2.592434018519001,2.6388933658599854,964300,0.0,0.0
2022-03-23 00:00:00-04:00,2.629601384514212,2.731812165851417,2.629601384514212,2.6946446895599365,950900,0.0,0.0
2022-03-24 00:00:00-04:00,2.7318124787401588,2.8711905307969063,2.7132287384659257,2.86189866065979,1316900,0.0,0.0
2022-03-25 00:00:00-04:00,2.908357823320177,2.936233429806027,2.8711901264700828,2.8990657329559326,2353400,0.0,0.0
2022-03-28 00:00:00-04:00,2.880482087871337,2.880482087871337,2.796855265726197,2.82473087310791,1557700,0.0,0.0
2022-03-29 00:00:00-04:00,2.9176499142345174,2.9548173923780987,2.8618984754835006,2.8897740840911865,1132300,0.0,0.0
2022-03-30 00:00:00-04:00,2.8618983861663705,2.908357953931533,2.8247309091827506,2.8433146476745605,1149600,0.0,0.0
2022-03-31 00:00:00-04:00,2.852606462093852,2.8618983311611688,2.759687771420684,2.815438985824585,7246100,0.0,0.0
2022-04-01 00:00:00-04:00,2.8433145199842325,2.9176496921487938,2.834022651155616,2.8990657329559326,1023200,0.0,0.0
2022-04-04 00:00:00-04:00,2.9176499667796527,2.926941836482889,2.8804822664310588,2.908358097076416,631300,0.0,0.0
2022-04-05 00:00:00-04:00,2.880482087871337,2.9362335241703987,2.8154390039806723,2.82473087310791,1262800,0.0,0.0
2022-04-06 00:00:00-04:00,2.787563436225188,2.787563436225188,2.6946447436319367,2.722520351409912,645800,0.0,0.0
2022-04-07 00:00:00-04:00,2.6946447077078126,2.7225203151141595,2.638893271359484,2.7039365768432617,1173900,0.0,0.0
2022-04-08 00:00:00-04:00,2.638893289010157,2.7318122025217852,2.6203095506149587,2.713228464126587,799300,0.0,0.0
2022-04-11 00:00:00-04:00,2.7132284459787104,2.7411040533850572,2.6853528385723635,2.7039365768432617,328500,0.0,0.0
2022-04-12 00:00:00-04:00,2.7875635623931885,2.834022910792612,2.768979823033419,2.7875635623931885,801100,0.0,0.0
2022-04-13 00:00:00-04:00,2.880482048405811,2.954817221940881,2.880482048405811,2.917649745941162,839900,0.0,0.0
2022-04-14 00:00:00-04:00,2.908357895108543,2.9641091094563765,2.880482066398993,2.9269416332244873,1132500,0.0,0.0
2022-04-18 00:00:00-04:00,2.9455254258445533,2.982692902764191,2.908357948924916,2.954817295074463,1021800,0.0,0.0
2022-04-19 00:00:00-04:00,2.9269417657367325,2.945525504694024,2.86189845785057,2.8804821968078613,1210200,0.0,0.0
2022-04-20 00:00:00-04:00,2.8711901264700828,2.9176496921487938,2.861898257641466,2.8990657329559326,736800,0.0,0.0
2022-04-21 00:00:00-04:00,2.917649729095209,2.9362334669877694,2.787563342311654,2.7968552112579346,389800,0.0,0.0
2022-04-22 00:00:00-04:00,2.8340228197917785,2.889774036080908,2.7225203872135193,2.7411041259765625,1075800,0.0,0.0
2022-04-25 00:00:00-04:00,2.703936762734616,2.703936762734616,2.592434103907963,2.6760611534118652,1580700,0.0,0.0
2022-04-26 00:00:00-04:00,2.5831420440729116,2.592433913163491,2.4623477458953857,2.4623477458953857,1987600,0.0,0.0
2022-04-27 00:00:00-04:00,2.490223629000422,2.583142330198488,2.4716398887608086,2.4809317588806152,1922400,0.0,0.0
2022-04-28 00:00:00-04:00,2.5273908097867315,2.5924338929127,2.4902233337147495,2.573850154876709,1972900,0.0,0.0
2022-04-29 00:00:00-04:00,2.601726070438102,2.666769161276748,2.4716398887608086,2.4809317588806152,2256900,0.0,0.0
2022-05-02 00:00:00-04:00,2.369428762229795,2.3880124998523327,2.267218205305839,2.3136775493621826,2587000,0.0,0.0
2022-05-03 00:00:00-04:00,2.2858019429283765,2.3415531557959888,2.248634467683302,2.3136775493621826,1456800,0.0,0.0
2022-05-04 00:00:00-04:00,2.276510298672465,2.4437641753088797,2.276510298672465,2.43447208404541,2112000,0.0,0.0
2022-05-05 00:00:00-04:00,2.397304368663601,2.40659623747487,2.267218205305839,2.3136775493621826,2048900,0.0,0.0
2022-05-06 00:00:00-04:00,2.2672180749328135,2.295093679763674,2.211466865271092,2.2486343383789062,2165100,0.0,0.0
2022-05-09 00:00:00-04:00,2.1464238345239597,2.1835913122850537,2.0906726178823187,2.1557157039642334,1808100,0.0,0.0
2022-05-10 00:00:00-04:00,2.1928830863040383,2.2486345220553488,2.165007479196199,2.2207589149475098,2050800,0.0,0.0
2022-05-11 00:00:00-04:00,2.248634711000055,2.3322615393504345,2.1928832705641503,2.2021751403808594,2532700,0.0,0.0
2022-05-12 00:00:00-04:00,2.2579263722611826,2.341553192887289,2.2300507653858137,2.332261323928833,1327700,0.0,0.0
2022-05-13 00:00:00-04:00,2.341552909422551,2.471639280628517,2.341552909422551,2.4251797199249268,2638000,0.0,0.0
2022-05-16 00:00:00-04:00,2.4158883175182515,2.5552665834093857,2.4158883175182515,2.5366828441619873,2698700,0.0,0.0
2022-05-17 00:00:00-04:00,2.564558145564719,2.7503957372940273,2.5552662770550345,2.731812000274658,1859900,0.0,0.0
2022-05-18 00:00:00-04:00,2.638893550917328,2.666769161276748,2.4809317588806152,2.4809317588806152,2068100,0.0,0.0
2022-05-19 00:00:00-04:00,2.527390884922277,2.545974623510735,2.471639669156904,2.4902234077453613,2072200,0.0,0.0
2022-05-20 00:00:00-04:00,2.52739088050801,2.6203095732880097,2.49951527267401,2.6110177040100098,2036100,0.0,0.0
2022-05-23 00:00:00-04:00,2.6296016001505276,2.6853530406951904,2.601725990646022,2.6853530406951904,1330100,0.0,0.0
2022-05-24 00:00:00-04:00,2.694909232571395,2.723578453063965,2.618457977924542,2.723578453063965,2130700,0.08,0.0
2022-05-25 00:00:00-04:00,2.647127110858689,2.7713606233932926,2.6375707043439274,2.7522478103637695,1233100,0.0,0.0
2022-05-26 00:00:00-04:00,2.7713604903125253,2.92426298720633,2.7426910443022443,2.9051501750946045,1051000,0.0,0.0
2022-05-27 00:00:00-04:00,2.8764809436890446,2.914706567736576,2.866924537677162,2.8860373497009277,938300,0.0,0.0
2022-05-31 00:00:00-04:00,2.914706796536052,2.9529324235842296,2.86692476272583,2.86692476272583,1058100,0.0,0.0
2022-06-01 00:00:00-04:00,2.876480888936077,2.914706512255995,2.8095860481262207,2.8095860481262207,888900,0.0,0.0
2022-06-02 00:00:00-04:00,2.8382552656161595,2.847811671446139,2.7904732364662617,2.8095860481262207,439900,0.0,0.0
2022-06-03 00:00:00-04:00,2.7713607150609594,2.7713607150609594,2.7044656394022515,2.723578453063965,1296500,0.0,0.0
2022-06-06 00:00:00-04:00,2.771360299161571,2.7904731099550157,2.637570395764783,2.6566832065582275,1120800,0.0,0.0
2022-06-07 00:00:00-04:00,2.5420065321224055,2.628014187132462,2.5228937198979486,2.5993449687957764,1097600,0.0,0.0
2022-06-08 00:00:00-04:00,2.5706759516133646,2.608901579053417,2.522893917313299,2.542006731033325,1186200,0.0,0.0
2022-06-09 00:00:00-04:00,2.5133372613083744,2.5897885086099346,2.4846678157276,2.5228936672210693,993000,0.0,0.0
2022-06-10 00:00:00-04:00,2.4273294276409665,2.4846678642365734,2.4177730215416986,2.4368858337402344,1103300,0.0,0.0
2022-06-13 00:00:00-04:00,2.3699908815091293,2.3699908815091293,2.2744268249332302,2.2839832305908203,1113800,0.0,0.0
2022-06-14 00:00:00-04:00,2.303096041906,2.3222088532211798,2.264870191432957,2.2839832305908203,1331900,0.0,0.0
2022-06-15 00:00:00-04:00,2.312652637912106,2.3986602959094854,2.2935398250237995,2.389103889465332,2081800,0.0,0.0
2022-06-16 00:00:00-04:00,2.3891036928243095,2.3891036928243095,2.2362009744601874,2.2839832305908203,1084800,0.0,0.0
2022-06-17 00:00:00-04:00,2.2553137857753676,2.303096041906,2.2170881631450077,2.2839832305908203,2540100,0.0,0.0
2022-06-21 00:00:00-04:00,2.2553139863107825,2.312652653197379,2.245757579803467,2.245757579803467,1459500,0.0,0.0
2022-06-22 00:00:00-04:00,2.274426987938109,2.3795474577054296,2.2457575410679587,2.3508782386779785,1633100,0.0,0.0
2022-06-23 00:00:00-04:00,2.3222091529550766,2.3508783736282615,2.1979756355285645,2.1979756355285645,2350800,0.0,0.0
2022-06-24 00:00:00-04:00,2.1979756470400185,2.2744271304116226,2.178862833157796,2.217088460922241,1524300,0.0,0.0
2022-06-27 00:00:00-04:00,2.2457574073477904,2.331765287151636,2.236201001574328,2.322208881378174,1627000,0.0,0.0
2022-06-28 00:00:00-04:00,2.341322058970404,2.3508784662379276,2.2935400226327882,2.331765651702881,1309500,0.0,0.0
2022-06-29 00:00:00-04:00,2.3222087547242993,2.3413215652288057,2.3030959442197925,2.312652349472046,1171600,0.0,0.0
2022-06-30 00:00:00-04:00,2.226644766788836,2.312652653197379,2.226644766788836,2.245757579803467,1347500,0.0,0.0
2022-07-01 00:00:00-04:00,2.1979757600024405,2.226644982299196,2.178862945137937,2.2075321674346924,980800,0.0,0.0
2022-07-05 00:00:00-04:00,2.10241139593251,2.1119678020477295,2.0355165531259742,2.1119678020477295,1763200,0.0,0.0
2022-07-06 00:00:00-04:00,2.121524309452415,2.131080716023893,2.0546294634520708,2.083298683166504,1224500,0.0,0.0
2022-07-07 00:00:00-04:00,2.140636920928955,2.188418949284866,2.1310805152577728,2.140636920928955,1040200,0.0,0.0
2022-07-08 00:00:00-04:00,2.1693064032947538,2.1788628101348877,2.1215243690940855,2.1788628101348877,858900,0.0,0.0
2022-07-11 00:00:00-04:00,2.150193426508607,2.1693062387390456,2.092854989817291,2.1119678020477295,935500,0.0,0.0
2022-07-12 00:00:00-04:00,2.121524109586591,2.1501933266001374,2.083298486901862,2.140636920928955,1251900,0.0,0.0
2022-07-13 00:00:00-04:00,2.1310804040713265,2.1884188351068588,2.1215239988987378,2.150193214416504,1694200,0.0,0.0
2022-07-14 00:00:00-04:00,2.083298583702071,2.1406370203933878,2.054629365356413,2.1119678020477295,1454500,0.0,0.0
2022-07-15 00:00:00-04:00,2.131080389022827,2.1501931992330405,2.073741958392187,2.131080389022827,907300,0.0,0.0
2022-07-18 00:00:00-04:00,2.1693061379425016,2.2170881662984123,2.140636920928955,2.140636920928955,590400,0.0,0.0
2022-07-19 00:00:00-04:00,2.17886242993427,2.207531645452036,2.140636809243915,2.150193214416504,1149100,0.0,0.0
2022-07-20 00:00:00-04:00,2.217088472335307,2.2648705072868345,2.2075320653450015,2.236201286315918,1221500,0.0,0.0
2022-07-21 00:00:00-04:00,2.2075320653450015,2.236201286315918,2.1693064373837796,2.236201286315918,1106600,0.0,0.0
2022-07-22 00:00:00-04:00,2.23620137897238,2.245757786358653,2.1788629346547426,2.1884193420410156,486900,0.0,0.0
2022-07-25 00:00:00-04:00,2.2457573938457713,2.303096055984497,2.2266445824137575,2.303096055984497,771100,0.0,0.0
2022-07-26 00:00:00-04:00,2.303096259278039,2.3508782920757776,2.2362011855185004,2.2648704051971436,1067400,0.0,0.0
2022-07-27 00:00:00-04:00,2.2744271089265644,2.3699911774349443,2.264870474233015,2.3604347705841064,849900,0.0,0.0
2022-07-28 00:00:00-04:00,2.427329387260656,2.427329387260656,2.3508781397383327,2.379547357559204,2135800,0.0,0.0
2022-07-29 00:00:00-04:00,2.3891037634994943,2.408216575380075,2.3604345456786233,2.379547357559204,1240800,0.0,0.0
2022-08-01 00:00:00-04:00,2.360434448702064,2.417772881988103,2.350878043154391,2.4082164764404297,1104200,0.0,0.0
2022-08-02 00:00:00-04:00,2.3986602703903968,2.4177730830753643,2.341321832335495,2.3508782386779785,715800,0.0,0.0
2022-08-03 00:00:00-04:00,2.3795475195114593,2.4751115854184635,2.350878299739358,2.4464423656463623,1149200,0.0,0.0
2022-08-04 00:00:00-04:00,2.532450277699628,2.5515630910689096,2.42732957632587,2.484668016433716,831700,0.0,0.0
2022-08-05 00:00:00-04:00,2.417773047320624,2.4942242969299095,2.4082166411194628,2.475111484527588,449200,0.0,0.0
2022-08-08 00:00:00-04:00,2.5228936939526196,2.5706757240223737,2.513337287938669,2.561119318008423,980300,0.0,0.0
2022-08-09 00:00:00-04:00,2.5993450693604037,2.5993450693604037,2.5228938175047957,2.570675849914551,594900,0.0,0.0
2022-08-10 00:00:00-04:00,2.666240101637208,2.723578544548333,2.6471272873335,2.6757965087890625,692300,0.0,0.0
2022-08-11 00:00:00-04:00,2.685352833933522,2.6949092407935353,2.542006731033325,2.542006731033325,873800,0.0,0.0
2022-08-12 00:00:00-04:00,2.6471271869338824,2.704465627670288,2.637570780144481,2.704465627670288,1063700,0.0,0.0
2022-08-15 00:00:00-04:00,2.6471268011615052,2.685352422748394,2.637570395764783,2.6566832065582275,895500,0.0,0.0
2022-08-16 00:00:00-04:00,2.608901348078177,2.6280141601060785,2.5420065059805212,2.561119318008423,1049900,0.0,0.0
2022-08-17 00:00:00-04:00,2.5611194434325997,2.580232256396502,2.532450223986747,2.570675849914551,976400,0.0,0.0
2022-08-18 00:00:00-04:00,2.6089016026601324,2.6089016026601324,2.532450347088256,2.5802323818206787,678300,0.0,0.0
2022-08-19 00:00:00-04:00,2.5420066055153385,2.5611194182916215,2.4942243457319306,2.5324501991271973,552600,0.0,0.0
2022-08-22 00:00:00-04:00,2.5037809984549795,2.5802324849245037,2.494224591126629,2.551563262939453,1383200,0.0,0.0
2022-08-23 00:00:00-04:00,2.5706755293201176,2.6566831769314794,2.5706755293201176,2.618457555770874,2541500,0.0,0.0
2022-08-24 00:00:00-04:00,2.608901669462117,2.7140221485650997,2.608901669462117,2.6949093341827393,2390600,0.0,0.0
2022-08-25 00:00:00-04:00,2.694908956014837,2.704465361864998,2.637570520913874,2.6662397384643555,1004200,0.0,0.0
2022-08-26 00:00:00-04:00,2.6566832065582275,2.6949088281451163,2.637570395764783,2.6566832065582275,676900,0.0,0.0
2022-08-29 00:00:00-04:00,2.6757964073020855,2.790473516617607,2.6757964073020855,2.704465627670288,796100,0.0,0.0
2022-08-30 00:00:00-04:00,2.6949090568290752,2.71402186924439,2.618457807167815,2.63757061958313,760000,0.0,0.0
2022-08-31 00:00:00-04:00,2.5706759516133646,2.6471272064934697,2.542006731033325,2.542006731033325,1415900,0.0,0.0
2022-09-01 00:00:00-04:00,2.5897885086099346,2.5897885086099346,2.475111409814905,2.5228936672210693,713000,0.0,0.0
2022-09-02 00:00:00-04:00,2.532450324173312,2.589788765333391,2.522893917313299,2.542006731033325,682200,0.0,0.0
2022-09-06 00:00:00-04:00,2.532450277699628,2.532450277699628,2.465555203064434,2.484668016433716,864500,0.0,0.0
2022-09-07 00:00:00-04:00,2.475111755322578,2.5515632411389007,2.436886126335777,2.5133376121520996,1124700,0.0,0.0
2022-09-08 00:00:00-04:00,2.4942242969299095,2.5420065557784093,2.4464422659241056,2.475111484527588,676300,0.0,0.0
2022-09-09 00:00:00-04:00,2.5037807521200723,2.5515630119034802,2.4846679393437894,2.5324501991271973,636100,0.0,0.0
2022-09-12 00:00:00-04:00,2.5802323818206787,2.589788788767163,2.5420067540347406,2.5802323818206787,372000,0.0,0.0
2022-09-13 00:00:00-04:00,2.494224423118357,2.532450277699628,2.475111609749075,2.484668016433716,806000,0.0,0.0
2022-09-14 00:00:00-04:00,2.48466766616523,2.532449920695184,2.48466766616523,2.4942240715026855,551200,0.0,0.0
2022-09-15 00:00:00-04:00,2.427329515241945,2.4368859216860983,2.369991076577026,2.389103889465332,858200,0.0,0.0
2022-09-16 00:00:00-04:00,2.3030960834519325,2.3508781126018303,2.2839832717919735,2.3413217067718506,909800,0.0,0.0
2022-09-19 00:00:00-04:00,2.293539742251217,2.4464422398395023,2.293539742251217,2.4368858337402344,546400,0.0,0.0
2022-09-20 00:00:00-04:00,2.4273294276409665,2.45599864593877,2.3986602093431633,2.4368858337402344,923700,0.0,0.0
2022-09-21 00:00:00-04:00,2.465555408596367,2.4751118160776424,2.389104148746162,2.4273297786712646,965200,0.0,0.0
2022-09-22 00:00:00-04:00,2.4464423137912235,2.5420066055153385,2.417773094626799,2.5324501991271973,981600,0.0,0.0
2022-09-23 00:00:00-04:00,2.427329344886258,2.4368857506597204,2.3030960698312497,2.322208881378174,1235600,0.0,0.0
2022-09-26 00:00:00-04:00,2.2648706011311988,2.274427236360196,2.150193712495924,2.1884193420410156,2826300,0.0,0.0
2022-09-27 00:00:00-04:00,2.2266448322593426,2.255314052624256,2.150193577952906,2.159749984741211,2338500,0.0,0.0
2022-09-28 00:00:00-04:00,2.169306391529515,2.169306391529515,2.121524357587993,2.159749984741211,1350300,0.0,0.0
2022-09-29 00:00:00-04:00,2.0928549766540527,2.102411382709166,2.0355165403233726,2.0928549766540527,1450700,0.0,0.0
2022-09-30 00:00:00-04:00,2.064185758488713,2.1406370069296194,2.0355165403233726,2.0928549766540527,4710600,0.0,0.0
2022-10-03 00:00:00-04:00,2.283983515777402,2.3795475842857825,2.2744271089265644,2.3604347705841064,2640900,0.0,0.0
2022-10-04 00:00:00-04:00,2.427329489417848,2.455998708445299,2.331765425993011,2.3508782386779785,1557100,0.0,0.0
2022-10-05 00:00:00-04:00,2.3222092444353577,2.360434873505451,2.2553141657199736,2.331765651702881,2283400,0.0,0.0
2022-10-06 00:00:00-04:00,2.3413217067718506,2.3699909242617894,2.3222088951118915,2.3413217067718506,1426500,0.0,0.0
2022-10-07 00:00:00-04:00,2.3222089810478233,2.3508781995986983,2.2935397624969482,2.2935397624969482,1028100,0.0,0.0
2022-10-10 00:00:00-04:00,2.322208881378174,2.331765287151636,2.274426852510863,2.322208881378174,1091800,0.0,0.0
2022-10-11 00:00:00-04:00,2.31265244756359,2.3508780701939496,2.2744268249332302,2.2839832305908203,1131400,0.0,0.0
2022-10-12 00:00:00-04:00,2.3030963630907713,2.3030963630907713,2.2075320653450015,2.236201286315918,1161900,0.0,0.0
2022-10-13 00:00:00-04:00,2.1979755472668896,2.283983433675432,2.1788627342522586,2.245757579803467,1388300,0.0,0.0
2022-10-14 00:00:00-04:00,2.2457577971636997,2.2457577971636997,2.1979757600024405,2.2075321674346924,1216800,0.0,0.0
2022-10-17 00:00:00-04:00,2.255313897002793,2.3508781861344086,2.245757490873901,2.2744269371032715,875700,0.0,0.0
2022-10-18 00:00:00-04:00,2.350878043154391,2.4082164764404297,2.341321637606718,2.4082164764404297,1250400,0.0,0.0
2022-10-19 00:00:00-04:00,2.417773145874261,2.455998772237063,2.38910392610216,2.4464423656463623,873500,0.0,0.0
2022-10-20 00:00:00-04:00,2.4751113583353925,2.52289361474774,2.4368857354796623,2.46555495262146,1881100,0.0,0.0
2022-10-21 00:00:00-04:00,2.4559986240122726,2.5802321300363245,2.436885811984371,2.561119318008423,840700,0.0,0.0
2022-10-24 00:00:00-04:00,2.494224631040194,2.494224631040194,2.398660556227438,2.4273297786712646,1295100,0.0,0.0
2022-10-25 00:00:00-04:00,2.3795471862378195,2.3891035914900725,2.312652349472046,2.312652349472046,1124500,0.0,0.0
2022-10-26 00:00:00-04:00,2.264870483765995,2.293539932281892,2.1979756355285645,2.1979756355285645,1990300,0.0,0.0
2022-10-27 00:00:00-04:00,2.2457576605313387,2.4082168048382964,2.2457576605313387,2.3604347705841064,1560200,0.0,0.0
2022-10-28 00:00:00-04:00,2.3508781397383327,2.3891037634994943,2.312652515977171,2.379547357559204,1080200,0.0,0.0
2022-10-31 00:00:00-04:00,2.3126523700910275,2.522893515357728,2.3126523700910275,2.4942240715026855,2014500,0.0,0.0
2022-11-01 00:00:00-04:00,2.551562747194283,2.7044652335418387,2.522893531004116,2.6566832065582275,1972700,0.0,0.0
2022-11-02 00:00:00-04:00,2.6662397841618817,2.694909002203734,2.551562911994472,2.561119318008423,985800,0.0,0.0
2022-11-03 00:00:00-04:00,2.5993452515742295,2.7044657302446247,2.5515632158149586,2.6757965087890625,1475300,0.0,0.0
2022-11-04 00:00:00-04:00,2.7522476739227635,2.7904732980867974,2.675796197752003,2.7426910400390625,1631900,0.0,0.0
2022-11-07 00:00:00-05:00,2.7044656476535485,2.7235784613735747,2.542006731033325,2.542006731033325,1309500,0.0,0.0
2022-11-08 00:00:00-05:00,2.5515631378933383,2.589788765333391,2.503780875750561,2.542006731033325,512000,0.0,0.0
2022-11-09 00:00:00-05:00,2.532449920695184,2.5897883527199177,2.4942240715026855,2.4942240715026855,2802900,0.0,0.0
2022-11-10 00:00:00-05:00,2.522893630463566,2.5324500362370284,2.3126524756047115,2.322208881378174,3745500,0.0,0.0
2022-11-11 00:00:00-05:00,2.503780875750561,2.6375707996334565,2.503780875750561,2.542006731033325,3101100,0.0,0.0
2022-11-14 00:00:00-05:00,2.484668016433716,2.5611194977535505,2.475111609749075,2.484668016433716,1738300,0.0,0.0
2022-11-15 00:00:00-05:00,2.5420063260326393,2.5420063260326393,2.4368856394779517,2.4942240715026855,1375300,0.0,0.0
2022-11-16 00:00:00-05:00,2.427329330292586,2.4464421417246,2.29353965026849,2.303096055984497,1062300,0.0,0.0
2022-11-17 00:00:00-05:00,2.226644943917404,2.3508784662379276,2.217088536649881,2.331765651702881,2045500,0.0,0.0
2022-11-18 00:00:00-05:00,2.427329359241666,2.427329359241666,2.3413217067718506,2.3413217067718506,1369800,0.0,0.0
2022-11-21 00:00:00-05:00,2.3508781660167655,2.427329414393671,2.2839833236869733,2.4177730083465576,1515400,0.0,0.0
2022-11-22 00:00:00-05:00,2.446442226487897,2.446442226487897,2.379547384158105,2.4177730083465576,1206200,0.0,0.0
2022-11-23 00:00:00-05:00,2.389103889465332,2.417773108797792,2.3317654508004124,2.389103889465332,603200,0.0,0.0
2022-11-25 00:00:00-05:00,2.4655551410185583,2.4751115474627112,2.3795474830211787,2.389103889465332,909000,0.0,0.0
2022-11-28 00:00:00-05:00,2.369990854249737,2.417772881988103,2.369990854249737,2.4082164764404297,802700,0.0,0.0
2022-11-29 00:00:00-05:00,2.4846679393437894,2.570675824679763,2.4751115329556477,2.5324501991271973,1649100,0.0,0.0
2022-11-30 00:00:00-05:00,2.522893597353335,2.608901248185738,2.484667746918473,2.5897884368896484,1686400,0.0,0.0
2022-12-01 00:00:00-05:00,2.637570720420939,2.6662399401399735,2.5802322809828695,2.6089015007019043,1108900,0.0,0.0
2022-12-02 00:00:00-05:00,2.618457907274916,2.6949091598590083,2.589788687555881,2.6089015007019043,625600,0.0,0.0
2022-12-05 00:00:00-05:00,2.5324503820216764,2.5515631961782934,2.4464424904741815,2.4559988975524902,1138300,0.0,0.0
2022-12-06 00:00:00-05:00,2.4751117117091073,2.5228939749433676,2.427329676317564,2.4559988975524902,1286300,0.0,0.0
2022-12-07 00:00:00-05:00,2.4942241697632577,2.52289361474774,2.4368857354796623,2.46555495262146,1096800,0.0,0.0
2022-12-08 00:00:00-05:00,2.427329359241666,2.455998576731605,2.3413217067718506,2.3413217067718506,1810900,0.0,0.0
2022-12-09 00:00:00-05:00,2.350877970481059,2.350877970481059,2.3030959442197925,2.312652349472046,811800,0.0,0.0
2022-12-12 00:00:00-05:00,2.2266448793256126,2.2457576933062233,2.1693064373837796,2.236201286315918,1076600,0.0,0.0
2022-12-13 00:00:00-05:00,2.2648706120282034,2.2648706120282034,2.178862945137937,2.2075321674346924,2527900,0.0,0.0
2022-12-14 00:00:00-05:00,2.2075318431489226,2.2744269131905446,2.1501934069784108,2.2553138732910156,2325000,0.0,0.0
2022-12-15 00:00:00-05:00,2.169306516647339,2.226644960684242,2.1310808872894036,2.169306516647339,1775700,0.0,0.0
2022-12-16 00:00:00-05:00,2.1597497322713193,2.1693061379425016,2.1119677039154086,2.140636920928955,2664200,0.0,0.0
2022-12-19 00:00:00-05:00,2.1597501302734337,2.217088574866944,2.131080907976678,2.2075321674346924,1958400,0.0,0.0
2022-12-20 00:00:00-05:00,2.293539538967539,2.3795471862378195,2.2839831337152856,2.312652349472046,2145600,0.0,0.0
2022-12-21 00:00:00-05:00,2.331765287151636,2.3413216929250984,2.2935396640577874,2.322208881378174,1017900,0.0,0.0
2022-12-22 00:00:00-05:00,2.331765425993011,2.3795474577054296,2.312652613308044,2.3508782386779785,671900,0.0,0.0
2022-12-23 00:00:00-05:00,2.3891036653450834,2.446442098631122,2.3891036653450834,2.4082164764404297,1041300,0.0,0.0
2022-12-27 00:00:00-05:00,2.245757467262597,2.264870279319434,2.217088249177341,2.2553138732910156,1607300,0.0,0.0
2022-12-28 00:00:00-05:00,2.3030962069655603,2.389103864047913,2.2839833942805927,2.3508782386779785,2170700,0.0,0.0
2022-12-29 00:00:00-05:00,2.379547688040497,2.3986605025755434,2.3030964299003114,2.331765651702881,1499200,0.0,0.0
2022-12-30 00:00:00-05:00,2.3222087547242993,2.3891035914900725,2.293539538967539,2.312652349472046,498200,0.0,0.0
2023-01-03 00:00:00-05:00,2.178862748881282,2.2075319685957155,2.083298683166504,2.083298683166504,2419700,0.0,0.0
2023-01-04 00:00:00-05:00,2.121524109586591,2.188418949284866,2.0928548925730444,2.140636920928955,1760600,0.0,0.0
2023-01-05 00:00:00-05:00,2.1215245005444263,2.217088574866944,2.1215245005444263,2.2075321674346924,1723100,0.0,0.0
2023-01-06 00:00:00-05:00,2.255313897002793,2.2744269371032715,2.2362010847450087,2.2744269371032715,2461900,0.0,0.0
2023-01-09 00:00:00-05:00,2.245757579803467,2.2648703928180978,2.207531953774205,2.245757579803467,1649400,0.0,0.0
2023-01-10 00:00:00-05:00,2.274426865961994,2.3699909242617894,2.2457574206293685,2.3413217067718506,622500,0.0,0.0
2023-01-11 00:00:00-05:00,2.3604345849460917,2.4464422398395023,2.341321772747556,2.4368858337402344,1758000,0.0,0.0
2023-01-12 00:00:00-05:00,2.4655548554903186,2.5611191367075508,2.4368856394779517,2.4942240715026855,1062800,0.0,0.0
2023-01-13 00:00:00-05:00,2.427329400935263,2.4464422129235177,2.3891037769587533,2.398660182952881,747700,0.0,0.0
2023-01-17 00:00:00-05:00,2.369990854249737,2.417772881988103,2.360434448702064,2.4082164764404297,415900,0.0,0.0
2023-01-18 00:00:00-05:00,2.4655550385821234,2.503780662770576,2.4082166022994445,2.4177730083465576,1268000,0.0,0.0
2023-01-19 00:00:00-05:00,2.389103889465332,2.417773108797792,2.3317654508004124,2.389103889465332,634300,0.0,0.0
2023-01-20 00:00:00-05:00,2.341321832335495,2.360434645020462,2.312652613308044,2.3508782386779785,895400,0.0,0.0
2023-01-23 00:00:00-05:00,2.341321832335495,2.3699910513629456,2.3222090196505274,2.3508782386779785,1164500,0.0,0.0
2023-01-24 00:00:00-05:00,2.4082169637087136,2.4559990011150914,2.3604349263023354,2.4273297786712646,1701000,0.0,0.0
2023-01-25 00:00:00-05:00,2.4368856394779517,2.522893515357728,2.4082164234655843,2.4942240715026855,1477200,0.0,0.0
2023-01-26 00:00:00-05:00,2.5133371100202724,2.522893515357728,2.4655548554903186,2.4942240715026855,1006500,0.0,0.0
2023-01-27 00:00:00-05:00,2.4751117117091073,2.4751117117091073,2.4177732692392557,2.4559988975524902,1491100,0.0,0.0
2023-01-30 00:00:00-05:00,2.446442098631122,2.4559985041787953,2.3986600708927566,2.4082164764404297,601300,0.0,0.0
2023-01-31 00:00:00-05:00,2.4559984501528627,2.5133371100202724,2.446442044815407,2.4942240715026855,920200,0.0,0.0
2023-02-01 00:00:00-05:00,2.4942241697632577,2.5037805754771907,2.4273293297657297,2.46555495262146,1103200,0.0,0.0
2023-02-02 00:00:00-05:00,2.5515627874982068,2.5515627874982068,2.4082164764404297,2.4082164764404297,861900,0.0,0.0
2023-02-03 00:00:00-05:00,2.341321793415073,2.369991011965948,2.2744269501296985,2.2935397624969482,1240900,0.0,0.0
2023-02-06 00:00:00-05:00,2.303096110036881,2.398660169439785,2.2935397040965904,2.379547357559204,1293300,0.0,0.0
2023-02-07 00:00:00-05:00,2.369991280772974,2.3891040953080203,2.2935400226327882,2.331765651702881,1374600,0.0,0.0
2023-02-08 00:00:00-05:00,2.3413221113397844,2.4464425936338157,2.3317657038585087,2.4273297786712646,1859300,0.0,0.0
2023-02-09 00:00:00-05:00,2.417772924576579,2.427329330292586,2.303096055984497,2.303096055984497,1319800,0.0,0.0
2023-02-10 00:00:00-05:00,2.350878263688719,2.4082167023536387,2.3317654508004124,2.389103889465332,1320800,0.0,0.0
2023-02-13 00:00:00-05:00,2.379547741264887,2.4559990011150914,2.379547741264887,2.4273297786712646,621500,0.0,0.0
2023-02-14 00:00:00-05:00,2.3795474577054296,2.4177730830753643,2.3222090196505274,2.3508782386779785,685400,0.0,0.0
2023-02-15 00:00:00-05:00,2.3891037769587533,2.4464422129235177,2.379547370964626,2.398660182952881,2668300,0.0,0.0
2023-02-16 00:00:00-05:00,2.303096231467953,2.417773108797792,2.303096231467953,2.389103889465332,3697800,0.0,0.0
2023-02-17 00:00:00-05:00,2.4082164234655843,2.503780476840141,2.3795472074532174,2.4942240715026855,3615100,0.0,0.0
2023-02-21 00:00:00-05:00,2.4942243985998647,2.542006659396072,2.436885959055662,2.4464423656463623,713200,0.0,0.0
2023-02-22 00:00:00-05:00,2.446442389695152,2.494224423118357,2.4082167629565885,2.484668016433716,2077800,0.0,0.0
2023-02-23 00:00:00-05:00,2.561119318008423,2.608901348078177,2.5228936939526196,2.561119318008423,1510700,0.0,0.0
2023-02-24 00:00:00-05:00,2.5505322619034354,2.560156902423204,2.5120334703548317,2.540907621383667,1276300,0.019,0.0
2023-02-27 00:00:00-05:00,2.5024091418418637,2.540907938190596,2.46391057496269,2.4927845001220703,1477400,0.0,0.0
2023-02-28 00:00:00-05:00,2.5024089871918105,2.5024089871918105,2.4350364993169085,2.4446611404418945,1116600,0.0,0.0
2023-03-01 00:00:00-05:00,2.425411542531199,2.44466082227593,2.3869129830417384,2.4350361824035645,955400,0.0,0.0
2023-03-02 00:00:00-05:00,2.3965377807617188,2.435036342786882,2.386913140255428,2.3965377807617188,1325900,0.0,0.0
2023-03-03 00:00:00-05:00,2.4254118581919224,2.4639104226918667,2.3965379348169646,2.4446611404418945,2276500,0.0,0.0
2023-03-06 00:00:00-05:00,2.3869131435978437,2.540907621383667,2.3676638625583073,2.540907621383667,3982600,0.0,0.0
2023-03-07 00:00:00-05:00,2.4927842636835296,2.5120335452973377,2.4446610596490093,2.4639103412628174,1291600,0.0,0.0
2023-03-08 00:00:00-05:00,2.531282901340866,2.6179046632974625,2.531282901340866,2.5890307426452637,1277200,0.0,0.0
2023-03-09 00:00:00-05:00,2.6179048246870646,2.6564033879300375,2.5601569798226054,2.579406261444092,1635900,0.0,0.0
2023-03-10 00:00:00-05:00,2.512033700942993,2.550532496025533,2.492784418136499,2.512033700942993,1500200,0.0,0.0
2023-03-13 00:00:00-04:00,2.4542856227084293,2.502408825218491,2.41578706070038,2.4254117012023926,1931300,0.0,0.0
2023-03-14 00:00:00-04:00,2.483159544214466,2.512033465720503,2.4061624201983682,2.4254117012023926,970100,0.0,0.0
2023-03-15 00:00:00-04:00,2.3772885779132364,2.415787141204214,2.3291653737995146,2.4061625003814697,2962700,0.0,0.0
2023-03-16 00:00:00-04:00,2.415787137228297,2.4639103412628174,2.377288574000681,2.4639103412628174,1223900,0.0,0.0
2023-03-17 00:00:00-04:00,2.4061625759419507,2.4542857815668806,2.3772886525669925,2.4446611404418945,1423600,0.0,0.0
2023-03-20 00:00:00-04:00,2.444660983293173,2.4735349048120456,2.3965377807617188,2.3965377807617188,1816900,0.0,0.0
2023-03-21 00:00:00-04:00,2.4254118553147257,2.5312831370335247,2.4254118553147257,2.4735350608825684,1295900,0.0,0.0
2023-03-22 00:00:00-04:00,2.463910419769,2.569781701487799,2.4446611375418628,2.4735350608825684,1365800,0.0,0.0
2023-03-23 00:00:00-04:00,2.5216581924050927,2.540907703536537,2.3676639391098426,2.377288579940796,1044700,0.0,0.0
2023-03-24 00:00:00-04:00,2.386913299560547,2.4350365053037946,2.3484147349659485,2.386913299560547,1238500,0.0,0.0
2023-03-27 00:00:00-04:00,2.4061622627864687,2.46391010202066,2.3965376229141033,2.4350361824035645,1683700,0.0,0.0
2023-03-28 00:00:00-04:00,2.3965377776399572,2.5024088230712476,2.3965377776399572,2.4831595420837402,1897100,0.0,0.0
2023-03-29 00:00:00-04:00,2.5216582635280713,2.5505324163048595,2.483159699118413,2.502408981323242,2407600,0.0,0.0
2023-03-30 00:00:00-04:00,2.5890308239825086,2.6179047455418134,2.5024088298350633,2.540907621383667,1535000,0.0,0.0
2023-03-31 00:00:00-04:00,2.5890310556010556,2.6467789038858736,2.5697817728394496,2.6275296211242676,6300400,0.0,0.0
2023-04-03 00:00:00-04:00,2.5890309754481677,2.6660281041108647,2.5794063343653306,2.6467788219451904,1931100,0.0,0.0
2023-04-04 00:00:00-04:00,2.666027863752168,2.694901784397519,2.646778583321934,2.675652503967285,2149500,0.0,0.0
2023-04-05 00:00:00-04:00,2.666028175739175,2.733400665129135,2.6179049690320606,2.714151382446289,2082700,0.0,0.0
2023-04-06 00:00:00-04:00,2.6852774584220205,2.7526499478119804,2.6756528170805978,2.714151382446289,2884400,0.0,0.0
2023-04-10 00:00:00-04:00,2.714151142991504,2.752649704960677,2.714151142991504,2.743025064468384,1879300,0.0,0.0
2023-04-11 00:00:00-04:00,2.848896506175457,2.8585211472313388,2.7815240187842862,2.8200225830078125,976100,0.0,0.0
2023-04-12 00:00:00-04:00,2.8681456240806256,2.9162688266048917,2.8296470620612126,2.887394905090332,1793600,0.0,0.0
2023-04-13 00:00:00-04:00,2.868145625158127,2.9162688277004722,2.848896344141189,2.858520984649658,2161800,0.0,0.0
2023-04-14 00:00:00-04:00,2.810397703788795,2.8970194659510913,2.8007730635485397,2.877770185470581,1067300,0.0,0.0
2023-04-17 00:00:00-04:00,2.771899380436569,2.839271867893563,2.7622745099017405,2.7911486625671387,1317200,0.0,0.0
2023-04-18 00:00:00-04:00,2.7622745873764147,2.8296473061925833,2.7526499460411835,2.8007733821868896,1423200,0.0,0.0
2023-04-19 00:00:00-04:00,2.771899296994781,2.7911485785458945,2.7141512228719042,2.723775863647461,1234900,0.0,0.0
2023-04-20 00:00:00-04:00,2.723775863647461,2.781523937770338,2.7141512228719042,2.723775863647461,1357500,0.0,0.0
2023-04-21 00:00:00-04:00,2.7526498653735656,2.7622745064267424,2.6852773780013277,2.733400583267212,329900,0.0,0.0
2023-04-24 00:00:00-04:00,2.714151227923558,2.791148583740858,2.694901946336617,2.7815239429473877,1744100,0.0,0.0
2023-04-25 00:00:00-04:00,2.752649704960677,2.7622743454529703,2.7237757834837977,2.743025064468384,1299000,0.0,0.0
2023-04-26 00:00:00-04:00,2.6949018651605874,2.7334004271748125,2.6564033031463623,2.6564033031463623,548100,0.0,0.0
2023-04-27 00:00:00-04:00,2.6949020997634436,2.7237760237877118,2.6756528170805978,2.714151382446289,953200,0.0,0.0
2023-04-28 00:00:00-04:00,2.7045266574456646,2.7911486563085397,2.694902016401961,2.7622745037078857,830800,0.0,0.0
2023-05-01 00:00:00-04:00,2.7622744267496877,2.7622744267496877,2.723775863647461,2.723775863647461,249100,0.0,0.0
2023-05-02 00:00:00-04:00,2.7622742659033386,2.7718991355879785,2.637153943106817,2.675652503967285,1346800,0.0,0.0
2023-05-03 00:00:00-04:00,2.7045266601076814,2.7815240180026395,2.6660280958949736,2.733400583267212,2151300,0.0,0.0
2023-05-04 00:00:00-04:00,2.9355182608156447,3.10876202841391,2.877770414772737,3.079888105392456,3780600,0.0,0.0
2023-05-05 00:00:00-04:00,3.060638815894676,3.176134507698096,3.051014174911057,3.1665098667144775,1597200,0.0,0.0
2023-05-08 00:00:00-04:00,3.205008269413938,3.2627563418800456,3.16650970741622,3.1761343479156494,1259300,0.0,0.0
2023-05-09 00:00:00-04:00,3.1953835487365723,3.2435067500262225,3.1665096279627822,3.1953835487365723,1051300,0.0,0.0
2023-05-10 00:00:00-04:00,3.2242574695103623,3.2627562600116065,3.1568849877048524,3.1953835487365723,1167800,0.0,0.0
2023-05-11 00:00:00-04:00,3.1761345042428153,3.3686275531753127,3.1761345042428153,3.310879707336426,1051300,0.0,0.0
2023-05-12 00:00:00-04:00,3.2723809081959296,3.2916301887584156,3.2338821176014334,3.282005548477173,639300,0.0,0.0
2023-05-15 00:00:00-04:00,3.2820056275836973,3.320504189636604,3.2531317060440177,3.291630268096924,604500,0.0,0.0
2023-05-16 00:00:00-04:00,3.3205042637097324,3.3493781858935257,3.243506908416748,3.243506908416748,809300,0.0,0.0
2023-05-17 00:00:00-04:00,3.2916305033528506,3.3301290681572855,3.2627565797495244,3.3205044269561768,655100,0.0,0.0
2023-05-18 00:00:00-04:00,3.349378107907445,3.387876669922779,3.3108795458921114,3.3782520294189453,1021600,0.0,0.0
2023-05-19 00:00:00-04:00,3.3108795469506296,3.359002749485182,3.3012549064437193,3.3493781089782715,727400,0.0,0.0
2023-05-22 00:00:00-04:00,3.3301290681572855,3.3686276329617204,3.310879785755068,3.3205044269561768,780600,0.0,0.0
2023-05-23 00:00:00-04:00,3.3301289892827213,3.3686275531753127,3.2916304253901303,3.310879707336426,692200,0.0,0.0
2023-05-24 00:00:00-04:00,3.3205041874575403,3.397501311512824,3.3108795469506296,3.3493781089782715,727300,0.0,0.0
2023-05-25 00:00:00-04:00,3.3686276335231007,3.3878769159285262,3.2242577860128634,3.233882427215576,952000,0.0,0.0
2023-05-26 00:00:00-04:00,3.2435068303413375,3.253131700307121,3.1568850658750556,3.2050082683563232,1094800,0.0,0.0
2023-05-30 00:00:00-04:00,3.205008584947676,3.2242578678416307,3.147260736265811,3.2146332263946533,807000,0.0,0.0
2023-05-31 00:00:00-04:00,3.1761344267969367,3.195383708273864,3.128011223104619,3.1857590675354004,1062900,0.0,0.0
2023-06-01 00:00:00-04:00,3.185759067607588,3.3397535488960304,3.185759067607588,3.3301289081573486,1141800,0.0,0.0
2023-06-02 00:00:00-04:00,3.455249309539795,3.512997384641083,3.436000027662546,3.455249309539795,1453500,0.0,0.0
2023-06-05 00:00:00-04:00,3.464874107404766,3.50337290237244,3.4456248246557046,3.474498748779297,722300,0.0,0.0
2023-06-06 00:00:00-04:00,3.4360000253201526,3.5033727413141356,3.416750743456026,3.4841232299804688,2615800,0.0,0.0
2023-06-07 00:00:00-04:00,3.4744983524532738,3.49374786247615,3.368627309409841,3.397501230239868,1942000,0.0,0.0
2023-06-08 00:00:00-04:00,3.416750431060791,3.435999711164946,3.3878765109045585,3.416750431060791,391400,0.0,0.0
2023-06-09 00:00:00-04:00,3.4360000317691592,3.5611205935903603,3.4360000317691592,3.5129973888397217,3012100,0.0,0.0
2023-06-12 00:00:00-04:00,3.5129973888397217,3.5226220297898494,3.47449859556967,3.5129973888397217,1120800,0.0,0.0
2023-06-13 00:00:00-04:00,3.503372823257824,3.5226221055721902,3.44562474684518,3.464874029159546,1993900,0.0,0.0
2023-06-14 00:00:00-04:00,3.4937481045624974,3.5611205911675547,3.4648739522622183,3.5418713092803955,1539300,0.0,0.0
2023-06-15 00:00:00-04:00,3.5514959478467945,3.5707452297210693,3.5226220250353824,3.5707452297210693,1404400,0.0,0.0
2023-06-16 00:00:00-04:00,3.5033727413141356,3.5418713050423887,3.464873948116342,3.4841232299804688,1183900,0.0,0.0
2023-06-20 00:00:00-04:00,3.561120667043521,3.6092438727867693,3.551496025894872,3.5803699493408203,1397900,0.0,0.0
2023-06-21 00:00:00-04:00,3.589994427158744,3.6862408342664037,3.589994427158744,3.64774227142334,631100,0.0,0.0
2023-06-22 00:00:00-04:00,3.5707452273693474,3.61886843202334,3.541871304576952,3.599619150161743,1200600,0.0,0.0
2023-06-23 00:00:00-04:00,3.5033728172345033,3.6188685109221295,3.5033728172345033,3.609243869781494,1295800,0.0,0.0
2023-06-26 00:00:00-04:00,3.599619150161743,3.61886843202334,3.5707452273693474,3.599619150161743,1830100,0.0,0.0
2023-06-27 00:00:00-04:00,3.5996190747650676,3.6188683562234742,3.4841231565450923,3.5322465896606445,2951300,0.0,0.0
2023-06-28 00:00:00-04:00,3.4744985175484273,3.5514958728899835,3.4744985175484273,3.5033726692199707,721100,0.0,0.0
2023-06-29 00:00:00-04:00,3.647742190202619,3.7151146736778635,3.6381175497061555,3.6958653926849365,1352100,0.0,0.0
2023-06-30 00:00:00-04:00,3.7054902724314385,3.792112271962008,3.7054902724314385,3.782487630844116,1778000,0.0,0.0
2023-07-03 00:00:00-04:00,3.772862750832335,3.830610593883149,3.772862750832335,3.811361312866211,530500,0.0,0.0
2023-07-05 00:00:00-04:00,3.6862409092051536,3.7536136250196916,3.6669916273922967,3.7151148319244385,1158100,0.0,0.0
2023-07-06 00:00:00-04:00,3.647742276621655,3.6766161987951005,3.541871228652355,3.5611205101013184,1368000,0.0,0.0
2023-07-07 00:00:00-04:00,3.6381177846061976,3.8017369130798997,3.628493143488306,3.782487630844116,2231200,0.0,0.0
2023-07-10 00:00:00-04:00,3.7439890663725497,3.8306108364335745,3.7439890663725497,3.782487630844116,1785900,0.0,0.0
2023-07-11 00:00:00-04:00,3.6669915549715997,3.7632381916046143,3.61886835138986,3.7632381916046143,1976500,0.0,0.0
2023-07-12 00:00:00-04:00,3.8113613917782203,3.8498599546091867,3.7921121103627375,3.820986032485962,1471500,0.0,0.0
2023-07-13 00:00:00-04:00,3.8883582841279525,3.9557309945091306,3.878733873467237,3.9364817142486572,1745100,0.0,0.0
2023-07-14 00:00:00-04:00,3.9268572330474854,3.9461065152118717,3.8594849749416777,3.9268572330474854,1674400,0.0,0.0
2023-07-17 00:00:00-04:00,3.8883583629819496,3.9461062049344675,3.8402351613548515,3.9172325134277344,883600,0.0,0.0
2023-07-18 00:00:00-04:00,3.86910923602467,3.907607798855636,3.7921121103627375,3.820986032485962,1187500,0.0,0.0
2023-07-19 00:00:00-04:00,3.792112357593907,3.8113616402643693,3.6766164321015817,3.7343645095825195,1086700,0.0,0.0
2023-07-20 00:00:00-04:00,3.7343643498601153,3.753613631707267,3.686240915772695,3.7439889907836914,856100,0.0,0.0
2023-07-21 00:00:00-04:00,3.792112271962008,3.8498601186693575,3.763238348608333,3.782487630844116,676600,0.0,0.0
2023-07-24 00:00:00-04:00,3.811361465829151,3.907607874776538,3.782487543144935,3.8883585929870605,1703000,0.0,0.0
2023-07-25 00:00:00-04:00,3.9364821093087516,3.94610652093536,3.840235468877679,3.8691093921661377,1239600,0.0,0.0
2023-07-26 00:00:00-04:00,3.8594848247864633,3.8787341062019465,3.7632381882395127,3.820986032485962,1498100,0.0,0.0
2023-07-27 00:00:00-04:00,3.840235564270063,3.840235564270063,3.7343645095825195,3.7343645095825195,676100,0.0,0.0
2023-07-28 00:00:00-04:00,3.772862989726225,3.811361554197791,3.7536137074904414,3.782487630844116,526100,0.0,0.0
2023-07-31 00:00:00-04:00,3.811361472576817,3.8209861134885954,3.7728629089297043,3.801736831665039,1784900,0.0,0.0
2023-08-01 00:00:00-04:00,3.7247394771666653,3.782487552141997,3.7054901953314014,3.7728629112243652,1071300,0.0,0.0
2023-08-02 00:00:00-04:00,3.7632383515288033,3.792112274904886,3.7054902753070933,3.7536137104034424,698100,0.0,0.0
2023-08-03 00:00:00-04:00,3.724739393708644,3.763238185986092,3.6862408309007306,3.7054901123046875,989000,0.0,0.0
2023-08-04 00:00:00-04:00,3.724739314174327,3.8306105891049556,3.6958653926849365,3.6958653926849365,1523100,0.0,0.0
2023-08-07 00:00:00-04:00,3.7054902753070933,3.7632383515288033,3.6958656341817324,3.7536137104034424,748000,0.0,0.0
2023-08-08 00:00:00-04:00,3.6669917108056502,3.782487633779525,3.6669917108056502,3.7536137104034424,789400,0.0,0.0
2023-08-09 00:00:00-04:00,3.7247392342246872,3.743988744273963,3.638117471615808,3.6862406730651855,2787500,0.0,0.0
2023-08-10 00:00:00-04:00,3.609243711981665,3.657366915580847,3.5226219455031376,3.589994430541992,3337900,0.0,0.0
2023-08-11 00:00:00-04:00,3.58999459048947,3.6669917196786663,3.570745308192171,3.5803699493408203,2116900,0.0,0.0
2023-08-14 00:00:00-04:00,3.589994352524262,3.6284929145669573,3.5418711499708935,3.5514957904815674,1055600,0.0,0.0
2023-08-15 00:00:00-04:00,3.686240837740356,3.7054901191800287,3.5418712269428103,3.589994430541992,3513500,0.0,0.0
2023-08-16 00:00:00-04:00,3.580369789822156,3.666991556300683,3.5514958676626467,3.589994430541992,2184500,0.0,0.0
2023-08-17 00:00:00-04:00,3.6188683544482094,3.6284929951726914,3.541871228652355,3.5611205101013184,1915600,0.0,0.0
2023-08-18 00:00:00-04:00,3.5533111334222967,3.582596635968849,3.524025398135259,3.5435492992401123,890000,0.052,0.0
2023-08-21 00:00:00-04:00,3.5045017478214064,3.5435493174917494,3.4947399135889428,3.533787250518799,654100,0.0,0.0
2023-08-22 00:00:00-04:00,3.572834848531062,3.6314058543904673,3.563073014221161,3.6216440200805664,791400,0.0,0.0
2023-08-23 00:00:00-04:00,3.6314056658803646,3.6997385025024414,3.6021201644709033,3.6997385025024414,1922100,0.0,0.0
2023-08-24 00:00:00-04:00,3.660691261291504,3.7095004315606275,3.6411675931838543,3.660691261291504,699300,0.0,0.0
2023-08-25 00:00:00-04:00,3.6606912376035816,3.6997385735662096,3.6314057356316107,3.6704530715942383,907800,0.0,0.0
2023-08-28 00:00:00-04:00,3.6704530479691484,3.689976715824797,3.611882044402202,3.6802148818969727,1033500,0.0,0.0
2023-08-29 00:00:00-04:00,3.6899768112308524,3.7583096504924,3.6606913086901893,3.738785982131958,1111000,0.0,0.0
2023-08-30 00:00:00-04:00,3.7583096745574065,3.7583096745574065,3.719262337586496,3.7290241718292236,496600,0.0,0.0
2023-08-31 00:00:00-04:00,3.6411676165920785,3.65092945070866,3.5435492754262654,3.5533111095428467,938500,0.0,0.0
2023-09-01 00:00:00-04:00,3.64116776170042,3.6606914307116427,3.5825967546667523,3.5923585891723633,1066600,0.0,0.0
2023-09-05 00:00:00-04:00,3.5435492517429052,3.6021202560509327,3.5435492517429052,3.563072919845581,677800,0.0,0.0
2023-09-06 00:00:00-04:00,3.563072943659428,3.6314057824754973,3.5337872085692004,3.5533111095428467,581200,0.0,0.0
2023-09-07 00:00:00-04:00,3.465454339981079,3.494739842079228,3.4459306719156464,3.465454339981079,300800,0.0,0.0
2023-09-08 00:00:00-04:00,3.582596635968849,3.602120304333217,3.533787232317443,3.5435492992401123,1083000,0.0,0.0
2023-09-11 00:00:00-04:00,3.6606911906037345,3.689976692199707,3.6021201874117894,3.689976692199707,954300,0.0,0.0
2023-09-12 00:00:00-04:00,3.6704531428704104,3.748547816312179,3.6704531428704104,3.738785982131958,899500,0.0,0.0
2023-09-13 00:00:00-04:00,3.602120375403047,3.6802150504013276,3.5923585410282617,3.611882209777832,1438000,0.0,0.0
2023-09-14 00:00:00-04:00,3.6704529547089493,3.738785790467494,3.6606911210291573,3.71926212310791,1002000,0.0,0.0
2023-09-15 00:00:00-04:00,3.7290242707324768,3.8266428484893336,3.7290242707324768,3.787595510482788,1575600,0.0,0.0
2023-09-18 00:00:00-04:00,3.8656900887125616,3.8754519229672706,3.8071190831843076,3.8266427516937256,743400,0.0,0.0
2023-09-19 00:00:00-04:00,3.797357073274456,3.80711890707761,3.6899766686992876,3.6997385025024414,519700,0.0,0.0
2023-09-20 00:00:00-04:00,3.777833247034806,3.8364044837431566,3.758309579045516,3.768071413040161,566300,0.0,0.0
2023-09-21 00:00:00-04:00,3.6997386457730927,3.729024148316622,3.641167640686035,3.641167640686035,1390000,0.0,0.0
2023-09-22 00:00:00-04:00,3.67045311922343,3.6899767874580904,3.631405782754109,3.6509294509887695,1045200,0.0,0.0
2023-09-25 00:00:00-04:00,3.6118821381425064,3.641167640686035,3.60212030396133,3.641167640686035,1710000,0.0,0.0
2023-09-26 00:00:00-04:00,3.553310982774071,3.5825964840790183,3.5045015811920166,3.5045015811920166,1588000,0.0,0.0
2023-09-27 00:00:00-04:00,3.514263462285874,3.553311030625455,3.445930624987446,3.484977960586548,2077300,0.0,0.0
2023-09-28 00:00:00-04:00,3.475216389447725,3.5728349685668945,3.45569272017199,3.5728349685668945,1389900,0.0,0.0
2023-09-29 00:00:00-04:00,3.611882282584306,3.650929620870543,3.5630731097265107,3.582596778869629,6502100,0.0,0.0
2023-10-02 00:00:00-04:00,3.5630728404667935,3.572834674300655,3.48497793705542,3.4947397708892822,1343400,0.0,0.0
2023-10-03 00:00:00-04:00,3.5240252936387084,3.563072861950068,3.387359619140625,3.387359619140625,1499400,0.0,0.0
2023-10-04 00:00:00-04:00,3.4068833125213986,3.494739818215932,3.377597810623221,3.4752161502838135,2793300,0.0,0.0
2023-10-05 00:00:00-04:00,3.4654544117777575,3.475216246012718,3.377597903663114,3.436168909072876,973200,0.0,0.0
2023-10-06 00:00:00-04:00,3.377597880205464,3.4752162218771017,3.319026875202481,3.4459307193756104,957400,0.0,0.0
2023-10-09 00:00:00-04:00,3.4654543697531315,3.572834777776009,3.4654543697531315,3.5533111095428467,884100,0.0,0.0
2023-10-10 00:00:00-04:00,3.5923584694286417,3.738785982131958,3.5923584694286417,3.738785982131958,1586500,0.0,0.0
2023-10-11 00:00:00-04:00,3.7485479397357495,3.807119179486061,3.7485479397357495,3.787595510482788,1293100,0.0,0.0
2023-10-12 00:00:00-04:00,3.807118931324075,3.8168807651893992,3.6606911906037345,3.689976692199707,385500,0.0,0.0
2023-10-13 00:00:00-04:00,3.777833247034806,3.807118981759222,3.7290240770615815,3.768071413040161,1369600,0.0,0.0
2023-10-16 00:00:00-04:00,3.8168810104800532,3.8949756864213763,3.8168810104800532,3.885213851928711,1259300,0.0,0.0
2023-10-17 00:00:00-04:00,3.826642824103808,3.8656901618615214,3.777833419166174,3.7973573207855225,1170600,0.0,0.0
2023-10-18 00:00:00-04:00,3.768071627211981,3.8266428672494373,3.7387861235634996,3.7778334617614746,800800,0.0,0.0
2023-10-19 00:00:00-04:00,3.7778334617614746,3.836404701798931,3.768071627211981,3.7778334617614746,1678900,0.0,0.0
2023-10-20 00:00:00-04:00,3.807119107075024,3.85592827865486,3.797357272759057,3.816880941390991,858400,0.0,0.0
2023-10-23 00:00:00-04:00,3.787595486346094,3.8364046585432363,3.7680715847267456,3.7973573207855225,610900,0.0,0.0
2023-10-24 00:00:00-04:00,3.8266426568535827,3.875451826917433,3.8071189888280426,3.865689992904663,776100,0.0,0.0
2023-10-25 00:00:00-04:00,3.8949756864213763,3.9437848588847033,3.8754520174360456,3.885213851928711,875900,0.0,0.0
2023-10-26 00:00:00-04:00,3.953546919372904,4.109736270989083,3.953546919372904,4.080450534820557,1516800,0.0,0.0
2023-10-27 00:00:00-04:00,4.1292597760610175,4.148783444238195,3.914499426112078,3.9535467624664307,655000,0.0,0.0
2023-10-30 00:00:00-04:00,3.9730705951031924,4.002355865840696,3.836404679465384,3.885213851928711,2896800,0.0,0.0
2023-10-31 00:00:00-04:00,3.914499521255493,3.963308460144271,3.8754519512115913,3.914499521255493,2448900,0.0,0.0
2023-11-01 00:00:00-04:00,3.9633085211084222,4.119497872724601,3.9633085211084222,4.080450534820557,1721100,0.0,0.0
2023-11-02 00:00:00-04:00,4.119497599187025,4.207354336377869,4.080450263875751,4.197592735290527,634600,0.0,0.0
2023-11-03 00:00:00-04:00,4.217116564736883,4.3049728398174,4.197592896332216,4.2268781661987305,1483800,0.0,0.0
2023-11-06 00:00:00-05:00,4.246402116357502,4.314735193048309,4.246402116357502,4.304973125457764,724700,0.0,0.0
2023-11-07 00:00:00-05:00,4.392829513183479,4.4514005175015425,4.3537821769714355,4.3537821769714355,1521100,0.0,0.0
2023-11-08 00:00:00-05:00,4.363543826105463,4.422115296546395,4.295211219725991,4.334258556365967,1996200,0.0,0.0
2023-11-09 00:00:00-05:00,4.783303073583644,4.783303073583644,4.529494936902438,4.558780670166016,2484200,0.0,0.0
2023-11-10 00:00:00-05:00,4.60758955825726,4.60758955825726,4.52949489098728,4.578304290771484,1768200,0.0,0.0
2023-11-13 00:00:00-05:00,4.636875753129492,4.695446759416567,4.617352084367133,4.685685157775879,991000,0.0,0.0
2023-11-14 00:00:00-05:00,4.793064928767194,4.861397999688707,4.7637796594300905,4.851635932922363,1480400,0.0,0.0
2023-11-15 00:00:00-05:00,4.861397789828541,4.929730857800205,4.802826788201805,4.841874122619629,888700,0.0,0.0
2023-11-16 00:00:00-05:00,4.919968872600911,4.9590162076627475,4.851635803502222,4.910207271575928,1445500,0.0,0.0
2023-11-17 00:00:00-05:00,4.802826995533537,4.890683734506773,4.793064928767194,4.851635932922363,2467500,0.0,0.0
2023-11-20 00:00:00-05:00,4.8711597066330174,5.037111121412751,4.841874436660696,5.00782585144043,1390000,0.0,0.0
2023-11-21 00:00:00-05:00,4.910207271575928,4.929730939106846,4.832112135971303,4.910207271575928,1239400,0.0,0.0
2023-11-22 00:00:00-05:00,4.871159390692525,4.890683523382381,4.773541054647965,4.841874122619629,1779900,0.0,0.0
2023-11-24 00:00:00-05:00,4.802826788201805,4.851635723483613,4.793064721856877,4.841874122619629,638800,0.0,0.0
2023-11-27 00:00:00-05:00,4.802826995533537,4.861397999688707,4.793064928767194,4.851635932922363,844200,0.0,0.0
2023-11-28 00:00:00-05:00,4.851636334939983,4.9980640902017255,4.832112665270484,4.978540420532227,1420300,0.0,0.0
2023-11-29 00:00:00-05:00,4.880921745155893,4.9883021538839944,4.871159678234715,4.919969081878662,1141400,0.0,0.0
2023-11-30 00:00:00-05:00,4.90044553650913,5.007825947932275,4.871159800491552,4.968778610229492,1425600,0.0,0.0
2023-12-01 00:00:00-05:00,4.939492749542847,5.134729898610107,4.939492749542847,5.115205764770508,2668400,0.0,0.0
2023-12-04 00:00:00-05:00,5.027349778094957,5.056635049571223,4.949255100183588,4.998064041137695,1329300,0.0,0.0
2023-12-05 00:00:00-05:00,4.929731320582313,5.046873334832577,4.8809219152375425,4.949254989624023,3696800,0.0,0.0
2023-12-06 00:00:00-05:00,5.095681934991908,5.134729735953188,5.04687299838198,5.085920333862305,3354100,0.0,0.0
2023-12-07 00:00:00-05:00,5.076158314477254,5.124967717022232,5.017587310711859,5.066396713256836,1322400,0.0,0.0
2023-12-08 00:00:00-05:00,5.056634506499124,5.154253308885277,5.037110839118083,5.124967575073242,1389000,0.0,0.0
2023-12-11 00:00:00-05:00,5.105443907692201,5.144491242454283,5.076158173880166,5.124967575073242,897900,0.0,0.0
2023-12-12 00:00:00-05:00,5.095682126838367,5.105444193816457,4.978540115987134,5.00782585144043,836200,0.0,0.0
2023-12-13 00:00:00-05:00,5.046873122481582,5.14449146358277,4.998063719190504,5.134729862213135,1594700,0.0,0.0
2023-12-14 00:00:00-05:00,5.193300503056368,5.2323478367613765,5.164014770037144,5.183538436889648,1292700,0.0,0.0
2023-12-15 00:00:00-05:00,5.144491596840922,5.164015265566883,5.056634854833609,5.07615852355957,2194300,0.0,0.0
2023-12-18 00:00:00-05:00,5.1152057285119295,5.1542535304333725,5.076158392071455,5.134729862213135,1366400,0.0,0.0
2023-12-19 00:00:00-05:00,5.193301310401789,5.251872320064692,5.183539242717468,5.242110252380371,936100,0.0,0.0
2023-12-20 00:00:00-05:00,5.2518718715345605,5.271395539754798,5.134729862213135,5.134729862213135,1061800,0.0,0.0
2023-12-21 00:00:00-05:00,5.222586326546374,5.320204671200505,5.222586326546374,5.2518720626831055,1338500,0.0,0.0
2023-12-22 00:00:00-05:00,5.290919352040418,5.339728291179537,5.251872014536731,5.271395683288574,1133400,0.0,0.0
2023-12-26 00:00:00-05:00,5.320204430896501,5.378775900524397,5.290919161563517,5.349490165710449,664600,0.0,0.0
2023-12-27 00:00:00-05:00,5.320204383884299,5.378775852994626,5.300680716007843,5.369013786315918,843400,0.0,0.0
2023-12-28 00:00:00-05:00,5.339728146475878,5.369013881550506,5.320204478253115,5.3299665451049805,950700,0.0,0.0
2023-12-29 00:00:00-05:00,5.320204574014828,5.3299666410424065,5.251871966745679,5.290919303894043,827600,0.0,0.0
2024-01-02 00:00:00-05:00,5.2811572849240065,5.329966689544105,5.212824677033043,5.271395683288574,1330800,0.0,0.0
2024-01-03 00:00:00-05:00,5.261633775510616,5.369014189638056,5.261633775510616,5.300681114196777,1118400,0.0,0.0
2024-01-04 00:00:00-05:00,5.1249680901090535,5.3104431816088145,5.1054444207659735,5.300681114196777,1433800,0.0,0.0
2024-01-05 00:00:00-05:00,5.3397279122433305,5.486155650231337,5.310442643934298,5.427584648132324,2054600,0.0,0.0
2024-01-08 00:00:00-05:00,5.437347031066921,5.52520330658913,5.378776025558458,5.398299694061279,1414200,0.0,0.0
2024-01-09 00:00:00-05:00,5.349490290063739,5.437347031066921,5.3104429530580965,5.398299694061279,1420700,0.0,0.0
2024-01-10 00:00:00-05:00,5.447108362597154,5.4666320301323035,5.398299426499756,5.4080610275268555,722800,0.0,0.0
2024-01-11 00:00:00-05:00,5.437347048116277,5.486155986785889,5.36901397540165,5.486155986785889,1312300,0.0,0.0
2024-01-12 00:00:00-05:00,5.603298150124003,5.67163122469173,5.583774481030507,5.622822284698486,1007100,0.0,0.0
2024-01-16 00:00:00-05:00,5.564250594402901,5.574012661308495,5.378775978006312,5.417823314666748,1477000,0.0,0.0
2024-01-17 00:00:00-05:00,5.42758502870978,5.50567970365106,5.408061359974459,5.46663236618042,1269600,0.0,0.0
2024-01-18 00:00:00-05:00,5.369013911100717,5.437346982996966,5.32996657444028,5.417823314666748,1215500,0.0,0.0
2024-01-19 00:00:00-05:00,5.437346840843567,5.525203113292159,5.388537438553604,5.476394176483154,1175100,0.0,0.0
2024-01-22 00:00:00-05:00,5.4568706513271845,5.486155921082027,5.359251844195123,5.417823314666748,1106500,0.0,0.0
2024-01-23 00:00:00-05:00,5.4373470007529345,5.505679607391357,5.378775995571012,5.505679607391357,1348200,0.0,0.0
2024-01-24 00:00:00-05:00,5.544726944179306,5.554489011116779,5.456870669146909,5.505679607391357,1498800,0.0,0.0
2024-01-25 00:00:00-05:00,5.525203606916824,5.564250946044922,5.476394665747201,5.564250946044922,932900,0.0,0.0
2024-01-26 00:00:00-05:00,5.613060169174888,5.652107507026321,5.5837744330458206,5.642345905303955,665200,0.0,0.0
2024-01-29 00:00:00-05:00,5.56425035366745,5.593536087636225,5.495917750208559,5.515441417694092,734100,0.0,0.0
2024-01-30 00:00:00-05:00,5.495918005934857,5.525203275785332,5.447108602209435,5.505679607391357,925900,0.0,0.0
2024-01-31 00:00:00-05:00,5.58377435793872,5.652107431000075,5.554489087684551,5.574012756347656,1599300,0.0,0.0
2024-02-01 00:00:00-05:00,5.622821969511368,5.671630906768629,5.593536234772242,5.652107238769531,1126200,0.0,0.0
2024-02-02 00:00:00-05:00,5.486155603135265,5.495917669475105,5.359251533603008,5.447108268737793,1539200,0.0,0.0
2024-02-05 00:00:00-05:00,5.456870415237492,5.534965085179625,5.359251612328875,5.515441417694092,950600,0.0,0.0
2024-02-06 00:00:00-05:00,5.515441750358342,5.603298026601824,5.495918081695237,5.574012756347656,1146800,0.0,0.0
2024-02-07 00:00:00-05:00,5.6130598092847634,5.700916546557909,5.593536141610837,5.691154479980469,1004000,0.0,0.0
2024-02-08 00:00:00-05:00,5.603297836031309,5.691154574767725,5.564250500033116,5.652107238769531,1121400,0.0,0.0
2024-02-09 00:00:00-05:00,5.7692490893467445,5.876629493152319,5.749725421880362,5.818058490753174,1344300,0.0,0.0
2024-02-12 00:00:00-05:00,5.79853477673933,5.8571057786682985,5.769249043034372,5.837582111358643,625300,0.0,0.0
2024-02-13 00:00:00-05:00,5.73996415229575,5.818058826670226,5.642345809327654,5.681393146514893,1118800,0.0,0.0
2024-02-14 00:00:00-05:00,5.75948788578132,5.818058892222095,5.6911548121932585,5.749725818634033,1118100,0.0,0.0
2024-02-15 00:00:00-05:00,5.691154511778215,5.818058585108255,5.671630843995207,5.779011249542236,928700,0.0,0.0
2024-02-16 00:00:00-05:00,5.827820691508892,5.925439504368071,5.818059089511572,5.866868495941162,2798700,0.0,0.0
2024-02-20 00:00:00-05:00,5.94496274111771,6.042581081390381,5.935200674349961,6.042581081390381,1942500,0.0,0.0
2024-02-21 00:00:00-05:00,6.0621048913956095,6.189008969462159,6.0621048913956095,6.17924690246582,3056600,0.0,0.0
2024-02-22 00:00:00-05:00,6.081628447831892,6.149961519104058,6.042581111528072,6.130437850952148,2091300,0.0,0.0
2024-02-23 00:00:00-05:00,6.003533840179443,6.042581176905735,5.974248104894239,6.003533840179443,1424600,0.0,0.0
2024-02-26 00:00:00-05:00,6.02305736619241,6.081628369897569,5.984010030388972,6.06210470199585,1557600,0.0,0.0
2024-02-27 00:00:00-05:00,6.130437583508108,6.198770186318258,6.120675517117546,6.140199184417725,1449600,0.0,0.0
2024-02-28 00:00:00-05:00,6.1011522962555516,6.130438032089209,5.99377188550678,6.052342891693115,1681800,0.0,0.0
2024-02-29 00:00:00-05:00,5.769249182910253,5.905915322872275,5.691154511778215,5.779011249542236,3102500,0.0,0.0
2024-03-01 00:00:00-05:00,5.78877291763503,5.847343921661377,5.730201913608683,5.847343921661377,2313300,0.0,0.0
2024-03-04 00:00:00-05:00,5.818058537771868,5.847343806467634,5.7790112025235425,5.798534870147705,1858700,0.0,0.0
2024-03-05 00:00:00-05:00,5.652107522117189,5.73996426525798,5.603298116932085,5.7302021980285645,2409800,0.0,0.0
2024-03-06 00:00:00-05:00,5.788772850693262,5.818058585108255,5.749725515127244,5.779011249542236,1794300,0.0,0.0
2024-03-07 00:00:00-05:00,5.818058632765567,5.827820233996553,5.720440293050902,5.759487628936768,1096700,0.0,0.0
2024-03-08 00:00:00-05:00,5.720886423028086,5.800068163644048,5.710988469470889,5.770374774932861,940900,0.081,0.0
2024-03-11 00:00:00-04:00,5.7307839923759465,5.790170298747255,5.661499732295883,5.671397686004639,1517100,0.0,0.0
2024-03-12 00:00:00-04:00,5.671397650906734,5.740681910558027,5.621908826590038,5.710988521575928,804900,0.0,0.0
2024-03-13 00:00:00-04:00,5.701091271168258,5.77037506166982,5.651602444843921,5.720886707305908,1025000,0.0,0.0
2024-03-14 00:00:00-04:00,5.7010910224308065,5.760477328252743,5.671397633539636,5.730783939361572,875600,0.0,0.0
2024-03-15 00:00:00-04:00,5.730784207842108,5.770375080244852,5.65160246303662,5.701091289520264,1364500,0.0,0.0
2024-03-18 00:00:00-04:00,5.671397739580011,5.691193175224114,5.542727171913141,5.612011432647705,934700,0.0,0.0
2024-03-19 00:00:00-04:00,5.612011640739222,5.691193386251664,5.582318250191841,5.641704559326172,1544400,0.0,0.0
2024-03-20 00:00:00-04:00,5.602113374100506,5.740681892978764,5.582317938826527,5.730783939361572,1571800,0.0,0.0
2024-03-21 00:00:00-04:00,5.710988803874786,5.730784240187887,5.641704540798715,5.661499977111816,975700,0.0,0.0
2024-03-22 00:00:00-04:00,5.562522661228113,5.602113532898316,5.53282974345567,5.5526251792907715,1654600,0.0,0.0
2024-03-25 00:00:00-04:00,5.542727451540822,5.582318324826365,5.513034532556884,5.562522888183594,3566500,0.0,0.0
2024-03-26 00:00:00-04:00,5.582317916172078,5.582317916172078,5.4734432585872375,5.483340740203857,2141200,0.0,0.0
2024-03-27 00:00:00-04:00,5.513034495442325,5.6120116779898535,5.463545668188344,5.602113723754883,1520300,0.0,0.0
2024-03-28 00:00:00-04:00,5.612011622309277,5.70109132169845,5.602113668172511,5.661499977111816,1248400,0.0,0.0
2024-04-01 00:00:00-04:00,5.641704186188281,5.641704186188281,5.4932386591520626,5.5229315757751465,1197000,0.0,0.0
2024-04-02 00:00:00-04:00,5.374465576778529,5.55262496435863,5.324977225086589,5.5229315757751465,2657300,0.0,0.0
2024-04-03 00:00:00-04:00,5.493238871785467,5.572420615125873,5.37446578481444,5.5526251792907715,1682800,0.0,0.0
2024-04-04 00:00:00-04:00,5.602113780528304,5.790170665254647,5.53282998802311,5.542727470397949,2622500,0.0,0.0
2024-04-05 00:00:00-04:00,5.562522480978434,5.582317916172078,5.443749869816569,5.483340740203857,1430600,0.0,0.0
2024-04-08 00:00:00-04:00,5.4932390224705605,5.661499995704283,5.463545631923179,5.641704559326172,1357600,0.0,0.0
2024-04-09 00:00:00-04:00,5.671397668394646,5.7307839745815565,5.612011362207736,5.691193103790283,2654500,0.0,0.0
2024-04-10 00:00:00-04:00,5.582318222307777,5.631807048986069,5.38436385951547,5.414056777954102,1827500,0.0,0.0
2024-04-11 00:00:00-04:00,5.4437499222311665,5.463545357615409,5.3942610977903565,5.423954486846924,1214200,0.0,0.0
2024-04-12 00:00:00-04:00,5.344772944046968,5.354670426126907,5.196306937164469,5.206204891204834,1631700,0.0,0.0
2024-04-15 00:00:00-04:00,5.166613351609194,5.216102176018566,5.097329563788564,5.1567158699035645,1408300,0.0,0.0
2024-04-16 00:00:00-04:00,5.047841034595058,5.15671617148684,5.008250161536307,5.087431907653809,1651200,0.0,0.0
2024-04-17 00:00:00-04:00,5.067636244957823,5.107227116249648,4.998352456177335,5.077534198760986,929600,0.0,0.0
2024-04-18 00:00:00-04:00,5.097329918904747,5.117125355655505,4.968659344044601,5.028045654296875,1744300,0.0,0.0
2024-04-19 00:00:00-04:00,5.047840791625043,5.127022533931253,5.037943309816972,5.097329616546631,776400,0.0,0.0
2024-04-22 00:00:00-04:00,5.087431627539126,5.1963067584362275,5.0577387103601765,5.13692045211792,800300,0.0,0.0
2024-04-23 00:00:00-04:00,5.0379433274691605,5.136920505698725,4.9884545023741715,5.077534198760986,827800,0.0,0.0
2024-04-24 00:00:00-04:00,5.018147730382225,5.03794316539129,4.958761425355029,4.988454341888428,1583600,0.0,0.0
2024-04-25 00:00:00-04:00,4.948863907293844,5.057739045403232,4.919170516187487,5.028045654296875,1485100,0.0,0.0
2024-04-26 00:00:00-04:00,5.1270227063121565,5.196306969139774,5.117125224171312,5.166613578796387,736500,0.0,0.0
2024-04-29 00:00:00-04:00,5.156716115147508,5.166613597323844,5.107227288384538,5.146818161010742,639200,0.0,0.0
2024-04-30 00:00:00-04:00,5.077534053010248,5.097329488087932,4.958761442544141,4.968658924102783,1007900,0.0,0.0
2024-05-01 00:00:00-04:00,4.988454324733084,5.0874314994380265,4.9587614083017995,5.008249759674072,701300,0.0,0.0
2024-05-02 00:00:00-04:00,5.136920716104758,5.206204979683513,5.107227325439453,5.107227325439453,848600,0.0,0.0
2024-05-03 00:00:00-04:00,5.245795477291747,5.315079263953229,5.216102088750826,5.255692958831787,905100,0.0,0.0
2024-05-06 00:00:00-04:00,5.2062047121361505,5.265591018454458,5.127022498417998,5.13692045211792,1242200,0.0,0.0
2024-05-07 00:00:00-04:00,5.186408734523127,5.24579551199787,5.166613299351679,5.216102123260498,933400,0.0,0.0
2024-05-08 00:00:00-04:00,5.127022656775778,5.2556932270865495,5.117125174730562,5.2260003089904785,963400,0.0,0.0
2024-05-09 00:00:00-04:00,4.800397628013935,4.909272760052472,4.6915224959753985,4.810295581817627,4287100,0.0,0.0
2024-05-10 00:00:00-04:00,4.810295724529833,4.8399886429010115,4.6519317626953125,4.6519317626953125,1258100,0.0,0.0
2024-05-13 00:00:00-04:00,4.741011424443256,4.790500250619911,4.6519317261094475,4.691522598266602,1454900,0.0,0.0
2024-05-14 00:00:00-04:00,4.760807037353516,4.830091302182188,4.750909554926815,4.760807037353516,1346100,0.0,0.0
2024-05-15 00:00:00-04:00,4.750909239883104,4.8696818528900785,4.711318368880779,4.849886417388916,2107000,0.0,0.0
2024-05-16 00:00:00-04:00,4.899374999134346,4.909272953327714,4.830091207622498,4.859784126281738,950900,0.0,0.0
2024-05-17 00:00:00-04:00,4.859784182895535,4.859784182895535,4.780602436267895,4.800397872924805,1195400,0.0,0.0
2024-05-20 00:00:00-04:00,4.760807037353516,4.839988784608889,4.760807037353516,4.760807037353516,673200,0.0,0.0
2024-05-21 00:00:00-04:00,4.760806810415602,4.820193118026308,4.741011374545366,4.750909328460693,607600,0.0,0.0
2024-05-22 00:00:00-04:00,4.73111394238418,4.810295686698488,4.691522598266602,4.691522598266602,943000,0.0,0.0
2024-05-23 00:00:00-04:00,4.681624959901865,4.711318349008567,4.5826477828135355,4.602443218231201,738100,0.0,0.0
2024-05-24 00:00:00-04:00,4.642034089066533,4.681624959901865,4.5826477828135355,4.602443218231201,1323300,0.0,0.0
2024-05-28 00:00:00-04:00,4.651931553049874,4.671726988392027,4.572749811681257,4.622238636016846,1708000,0.0,0.0
2024-05-29 00:00:00-04:00,4.543057000913343,4.552954482835726,4.493568175420179,4.5034661293029785,1400400,0.0,0.0
2024-05-30 00:00:00-04:00,4.473772704125537,4.572749882366285,4.434181832829237,4.543056964874268,699200,0.0,0.0
2024-05-31 00:00:00-04:00,4.4638753627974985,4.473772844952923,4.364897709480674,4.384693145751953,2617600,0.0,0.0
2024-06-03 00:00:00-04:00,4.404488600676537,4.424284037031651,4.315409373058739,4.364897727966309,856800,0.0,0.0
2024-06-04 00:00:00-04:00,4.275818555672727,4.325306911220619,4.246125164775641,4.305511474609375,1802300,0.0,0.0
2024-06-05 00:00:00-04:00,4.305511474609375,4.355000302117705,4.275818555672727,4.305511474609375,1003900,0.0,0.0
2024-06-06 00:00:00-04:00,4.335204618987786,4.404488407207145,4.3055112297791975,4.315409183502197,1553900,0.0,0.0
2024-06-07 00:00:00-04:00,4.265920480369292,4.305511352468649,4.176840782165527,4.176840782165527,1201300,0.0,0.0
2024-06-10 00:00:00-04:00,4.13724966785126,4.206533925949106,4.12735218638608,4.18673849105835,1322600,0.0,0.0
2024-06-11 00:00:00-04:00,4.18673849105835,4.2560227491561955,4.157045102742017,4.18673849105835,838400,0.0,0.0
2024-06-12 00:00:00-04:00,4.157045225698068,4.176840661174329,4.028375131082577,4.048170566558838,1653200,0.0,0.0
2024-06-13 00:00:00-04:00,4.048170602289515,4.048170602289515,3.9590909058798847,4.008579730987549,1691400,0.0,0.0
2024-06-14 00:00:00-04:00,4.087761455462771,4.107556891025964,4.018477195011391,4.028375148773193,1566300,0.0,0.0
2024-06-17 00:00:00-04:00,3.959090957165742,4.008579782914482,3.929397803304624,3.949193239212036,1025400,0.0,0.0
2024-06-18 00:00:00-04:00,3.9491932758225934,4.008579820075576,3.909602403640747,3.909602403640747,965900,0.0,0.0
2024-06-20 00:00:00-04:00,3.9887843561817844,4.01847727413099,3.889806940436854,3.939295530319214,1622500,0.0,0.0
2024-06-21 00:00:00-04:00,3.9491932122322404,4.018477237434853,3.9293977764600654,3.978886365890503,1936800,0.0,0.0
2024-06-24 00:00:00-04:00,4.008579919971291,4.087761666308231,3.9986819656989554,4.05806827545166,935200,0.0,0.0
2024-06-25 00:00:00-04:00,4.018477264887978,4.03827270079539,3.949193239212036,3.949193239212036,937900,0.0,0.0
2024-06-26 00:00:00-04:00,3.8799092677630624,3.9195001401312224,3.8601138315789827,3.8898069858551025,799500,0.0,0.0
2024-06-27 00:00:00-04:00,3.889806898523474,3.9887843132019043,3.8700114627838293,3.9887843132019043,1025700,0.0,0.0
2024-06-28 00:00:00-04:00,3.9195001587649316,3.929397876904026,3.8502161317912686,3.870011568069458,892400,0.0,0.0
2024-07-01 00:00:00-04:00,3.860113653287926,3.9096022414623453,3.800727111498421,3.8205225467681885,1140400,0.0,0.0
2024-07-02 00:00:00-04:00,3.800727137793081,3.8304202909031595,3.741340831572925,3.7908294200897217,1104300,0.0,0.0
2024-07-03 00:00:00-04:00,3.9096023584495896,3.9689889020161218,3.899704640518536,3.9590909481048584,943300,0.0,0.0
2024-07-05 00:00:00-04:00,4.00857995747587,4.018477439880371,3.919500256033158,4.018477439880371,1049900,0.0,0.0
2024-07-08 00:00:00-04:00,3.9788862719728457,4.087761402130127,3.9491931190154608,4.087761402130127,1143300,0.0,0.0
2024-07-09 00:00:00-04:00,4.147147604413209,4.256022731849846,4.117454216217618,4.206533908843994,1415800,0.0,0.0
2024-07-10 00:00:00-04:00,4.275818184046952,4.305511100402888,4.157045102742017,4.18673849105835,1665700,0.0,0.0
2024-07-11 00:00:00-04:00,4.236227757928994,4.256023194892943,4.1867389295389,4.226329803466797,1094100,0.0,0.0
2024-07-12 00:00:00-04:00,4.186738525595162,4.216431914156439,4.137249701979835,4.1471476554870605,738700,0.0,0.0
2024-07-15 00:00:00-04:00,4.127352272739974,4.147147708044897,4.067965966825204,4.087761402130127,1354100,0.0,0.0
2024-07-16 00:00:00-04:00,4.1471479006866785,4.196636255267599,4.097659074145331,4.137249946594238,1722400,0.0,0.0
2024-07-17 00:00:00-04:00,4.07786357130599,4.216432094573975,4.07786357130599,4.216432094573975,1429000,0.0,0.0
2024-07-18 00:00:00-04:00,4.107556909242463,4.147147780544429,4.008579730987549,4.008579730987549,933000,0.0,0.0
2024-07-19 00:00:00-04:00,4.097658849015906,4.157045154426525,4.077863413879033,4.127352237701416,919500,0.0,0.0
2024-07-22 00:00:00-04:00,4.1075568025645435,4.1867385431120345,4.097658849015906,4.127352237701416,1253100,0.0,0.0
2024-07-23 00:00:00-04:00,4.097659148620131,4.107557102892466,4.028375356555526,4.05806827545166,1430900,0.0,0.0
2024-07-24 00:00:00-04:00,3.9887845207064276,4.0778637501886985,3.978886566341486,4.018477439880371,1679800,0.0,0.0
2024-07-25 00:00:00-04:00,3.968988911099658,3.9788863930731537,3.919500085350918,3.949193239212036,1677400,0.0,0.0
2024-07-26 00:00:00-04:00,3.8997048192637154,4.028375394245312,3.8799093824942728,4.018477439880371,1689500,0.0,0.0
2024-07-29 00:00:00-04:00,4.018477212832833,4.028375166638532,3.968988859685583,4.008579730987549,547600,0.0,0.0
2024-07-30 00:00:00-04:00,3.968988883984624,4.038272673207028,3.9491932122322404,3.978886365890503,836100,0.0,0.0
2024-07-31 00:00:00-04:00,3.959091003160075,3.9887843933463625,3.860113822473158,3.899704694747925,2411100,0.0,0.0
2024-08-01 00:00:00-04:00,3.929397848954,4.008579829483746,3.87001154054185,3.899704694747925,1137900,0.0,0.0
2024-08-02 00:00:00-04:00,3.9195000763806433,3.978886383966966,3.850216050863267,3.9590909481048584,2148100,0.0,0.0
2024-08-05 00:00:00-04:00,3.7908296051837977,3.8799093048437134,3.741341014250631,3.8502161502838135,2809800,0.0,0.0
2024-08-06 00:00:00-04:00,3.909602403640747,3.959090993868055,3.879909249504362,3.909602403640747,1444500,0.0,0.0
2024-08-07 00:00:00-04:00,3.939295549569387,4.206534172220257,3.939295549569387,4.176840782165527,2847800,0.0,0.0
2024-08-08 00:00:00-04:00,4.0085797374979215,4.038272655042413,3.8997046052604833,3.9986817836761475,3752200,0.0,0.0
2024-08-09 00:00:00-04:00,4.107556768356657,4.246124813160768,4.097658814890451,4.166943073272705,1561700,0.0,0.0
2024-08-12 00:00:00-04:00,4.19663597252353,4.236227314265439,4.157045102742017,4.18673849105835,1236000,0.0,0.0
2024-08-13 00:00:00-04:00,4.226329470581414,4.335204601287842,4.2164319888592345,4.335204601287842,1288800,0.0,0.0
2024-08-14 00:00:00-04:00,4.335204884549446,4.355000321247645,4.275818574454851,4.2857160568237305,875000,0.0,0.0
2024-08-15 00:00:00-04:00,4.305511474609375,4.3451023478318636,4.256023119061482,4.305511474609375,513000,0.0,0.0
2024-08-16 00:00:00-04:00,4.364897500755624,4.374795454398168,4.295613713099443,4.355000019073486,844200,0.0,0.0
2024-08-19 00:00:00-04:00,4.429999828338623,4.510000228881836,4.409999847412109,4.440000057220459,1049500,0.045,0.0
2024-08-20 00:00:00-04:00,4.409999847412109,4.429999828338623,4.320000171661377,4.340000152587891,884600,0.0,0.0
2024-08-21 00:00:00-04:00,4.380000114440918,4.380000114440918,4.300000190734863,4.340000152587891,1243700,0.0,0.0
2024-08-22 00:00:00-04:00,4.28000020980835,4.289999961853027,4.21999979019165,4.21999979019165,931900,0.0,0.0
2024-08-23 00:00:00-04:00,4.309999942779541,4.360000133514404,4.25,4.329999923706055,901700,0.0,0.0
2024-08-26 00:00:00-04:00,4.309999942779541,4.380000114440918,4.309999942779541,4.340000152587891,624200,0.0,0.0
2024-08-27 00:00:00-04:00,4.320000171661377,4.349999904632568,4.28000020980835,4.28000020980835,464000,0.0,0.0
2024-08-28 00:00:00-04:00,4.239999771118164,4.289999961853027,4.21999979019165,4.25,547600,0.0,0.0
2024-08-29 00:00:00-04:00,4.159999847412109,4.159999847412109,4.070000171661377,4.119999885559082,906800,0.0,0.0
2024-08-30 00:00:00-04:00,4.070000171661377,4.179999828338623,4.059999942779541,4.159999847412109,1074200,0.0,0.0
2024-09-03 00:00:00-04:00,4.079999923706055,4.090000152587891,3.990000009536743,4.019999980926514,1162100,0.0,0.0
2024-09-04 00:00:00-04:00,4.050000190734863,4.110000133514404,4.039999961853027,4.070000171661377,626000,0.0,0.0
2024-09-05 00:00:00-04:00,4.090000152587891,4.179999828338623,4.090000152587891,4.179999828338623,1499100,0.0,0.0
2024-09-06 00:00:00-04:00,4.190000057220459,4.21999979019165,4.110000133514404,4.110000133514404,1009800,0.0,0.0
2024-09-09 00:00:00-04:00,4.269999980926514,4.360000133514404,4.260000228881836,4.289999961853027,730800,0.0,0.0
2024-09-10 00:00:00-04:00,4.190000057220459,4.199999809265137,4.03000020980835,4.079999923706055,765900,0.0,0.0
2024-09-11 00:00:00-04:00,4.079999923706055,4.099999904632568,4.03000020980835,4.070000171661377,851200,0.0,0.0
2024-09-12 00:00:00-04:00,4.03000020980835,4.110000133514404,4.010000228881836,4.090000152587891,950700,0.0,0.0
2024-09-13 00:00:00-04:00,4.139999866485596,4.179999828338623,4.119999885559082,4.139999866485596,642900,0.0,0.0
2024-09-16 00:00:00-04:00,4.159999847412109,4.179999828338623,4.119999885559082,4.159999847412109,957200,0.0,0.0
2024-09-17 00:00:00-04:00,4.159999847412109,4.210000038146973,4.130000114440918,4.190000057220459,985700,0.0,0.0
2024-09-18 00:00:00-04:00,4.190000057220459,4.210000038146973,4.110000133514404,4.119999885559082,985100,0.0,0.0
2024-09-19 00:00:00-04:00,4.179999828338623,4.179999828338623,4.059999942779541,4.070000171661377,1139400,0.0,0.0
2024-09-20 00:00:00-04:00,4.010000228881836,4.010000228881836,3.8399999141693115,3.8499999046325684,1299600,0.0,0.0
2024-09-23 00:00:00-04:00,3.819999933242798,3.8499999046325684,3.7899999618530273,3.809999942779541,1050400,0.0,0.0
2024-09-24 00:00:00-04:00,3.890000104904175,3.9600000381469727,3.8499999046325684,3.930000066757202,1587600,0.0,0.0
2024-09-25 00:00:00-04:00,3.930000066757202,3.930000066757202,3.809999942779541,3.819999933242798,1322000,0.0,0.0
2024-09-26 00:00:00-04:00,3.8399999141693115,3.9200000762939453,3.8399999141693115,3.9000000953674316,962700,0.0,0.0
2024-09-27 00:00:00-04:00,3.9000000953674316,3.9600000381469727,3.869999885559082,3.950000047683716,1057900,0.0,0.0
2024-09-30 00:00:00-04:00,3.930000066757202,3.950000047683716,3.880000114440918,3.880000114440918,1630400,0.0,0.0
2024-10-01 00:00:00-04:00,3.9200000762939453,3.9800000190734863,3.9000000953674316,3.9200000762939453,1279300,0.0,0.0
2024-10-02 00:00:00-04:00,4.03000020980835,4.050000190734863,3.950000047683716,3.950000047683716,695500,0.0,0.0
2024-10-03 00:00:00-04:00,3.8299999237060547,3.859999895095825,3.7699999809265137,3.8399999141693115,830300,0.0,0.0
2024-10-04 00:00:00-04:00,3.8499999046325684,3.880000114440918,3.819999933242798,3.880000114440918,1020900,0.0,0.0
2024-10-07 00:00:00-04:00,3.869999885559082,3.940000057220459,3.819999933242798,3.8299999237060547,1403800,0.0,0.0
2024-10-08 00:00:00-04:00,3.7799999713897705,3.8399999141693115,3.759999990463257,3.7799999713897705,933800,0.0,0.0
2024-10-09 00:00:00-04:00,3.7100000381469727,3.7300000190734863,3.6600000858306885,3.7100000381469727,845000,0.0,0.0
2024-10-10 00:00:00-04:00,3.7100000381469727,3.7699999809265137,3.680000066757202,3.75,876900,0.0,0.0
2024-10-11 00:00:00-04:00,3.690000057220459,3.7200000286102295,3.6700000762939453,3.7200000286102295,916100,0.0,0.0
2024-10-14 00:00:00-04:00,3.690000057220459,3.7699999809265137,3.6700000762939453,3.740000009536743,1656100,0.0,0.0
2024-10-15 00:00:00-04:00,3.7100000381469727,3.7300000190734863,3.640000104904175,3.6600000858306885,1683800,0.0,0.0
2024-10-16 00:00:00-04:00,3.630000114440918,3.7699999809265137,3.630000114440918,3.7300000190734863,2050600,0.0,0.0
2024-10-17 00:00:00-04:00,3.630000114440918,3.700000047683716,3.630000114440918,3.680000066757202,933000,0.0,0.0
2024-10-18 00:00:00-04:00,3.7200000286102295,3.7300000190734863,3.640000104904175,3.6600000858306885,934300,0.0,0.0
2024-10-21 00:00:00-04:00,3.6600000858306885,3.6700000762939453,3.619999885559082,3.6600000858306885,1466200,0.0,0.0
2024-10-22 00:00:00-04:00,3.6700000762939453,3.6700000762939453,3.569999933242798,3.5899999141693115,1688200,0.0,0.0
2024-10-23 00:00:00-04:00,3.549999952316284,3.569999933242798,3.509999990463257,3.559999942779541,1449000,0.0,0.0
2024-10-24 00:00:00-04:00,3.549999952316284,3.619999885559082,3.5299999713897705,3.619999885559082,1018400,0.0,0.0
2024-10-25 00:00:00-04:00,3.5899999141693115,3.5999999046325684,3.5299999713897705,3.5399999618530273,1271300,0.0,0.0
2024-10-28 00:00:00-04:00,3.5999999046325684,3.7200000286102295,3.5899999141693115,3.680000066757202,1880300,0.0,0.0
2024-10-29 00:00:00-04:00,3.7300000190734863,3.75,3.630000114440918,3.6700000762939453,2031500,0.0,0.0
2024-10-30 00:00:00-04:00,3.6600000858306885,3.690000057220459,3.609999895095825,3.619999885559082,1224600,0.0,0.0
2024-10-31 00:00:00-04:00,3.609999895095825,3.640000104904175,3.569999933242798,3.619999885559082,1597800,0.0,0.0
2024-11-01 00:00:00-04:00,3.5799999237060547,3.5899999141693115,3.490000009536743,3.5,1460800,0.0,0.0
2024-11-04 00:00:00-05:00,3.640000104904175,3.7100000381469727,3.640000104904175,3.690000057220459,1488700,0.0,0.0
2024-11-05 00:00:00-05:00,3.6600000858306885,3.740000009536743,3.640000104904175,3.7200000286102295,2030300,0.0,0.0
2024-11-06 00:00:00-05:00,3.7200000286102295,3.8299999237060547,3.690000057220459,3.809999942779541,3032500,0.0,0.0
2024-11-07 00:00:00-05:00,3.809999942779541,3.809999942779541,3.6700000762939453,3.680000066757202,2740600,0.0,0.0
2024-11-08 00:00:00-05:00,3.5899999141693115,3.630000114440918,3.5199999809265137,3.609999895095825,1875200,0.0,0.0
2024-11-11 00:00:00-05:00,3.549999952316284,3.5999999046325684,3.5299999713897705,3.5999999046325684,1082900,0.0,0.0
2024-11-12 00:00:00-05:00,3.5299999713897705,3.5899999141693115,3.5199999809265137,3.559999942779541,2487000,0.0,0.0
2024-11-13 00:00:00-05:00,3.5799999237060547,3.5999999046325684,3.490000009536743,3.5799999237060547,2700700,0.0,0.0
2024-11-14 00:00:00-05:00,3.509999990463257,3.569999933242798,3.359999895095825,3.369999885559082,3851600,0.0,0.0
2024-11-15 00:00:00-05:00,3.4000000953674316,3.4700000286102295,3.390000104904175,3.4000000953674316,1159500,0.0,0.0
2024-11-18 00:00:00-05:00,3.299999952316284,3.3499999046325684,3.2300000190734863,3.240000009536743,4513200,0.0,0.0
2024-11-19 00:00:00-05:00,3.2300000190734863,3.259999990463257,3.200000047683716,3.2200000286102295,3183200,0.0,0.0
2024-11-20 00:00:00-05:00,3.2300000190734863,3.299999952316284,3.2300000190734863,3.240000009536743,1615000,0.0,0.0
2024-11-21 00:00:00-05:00,3.119999885559082,3.190000057220459,3.119999885559082,3.1500000953674316,4532000,0.0,0.0
2024-11-22 00:00:00-05:00,3.130000114440918,3.190000057220459,3.0999999046325684,3.180000066757202,2411700,0.0,0.0
2024-11-25 00:00:00-05:00,3.1700000762939453,3.2100000381469727,3.1500000953674316,3.1700000762939453,2604500,0.0,0.0
2024-11-26 00:00:00-05:00,3.259999990463257,3.3299999237060547,3.2300000190734863,3.259999990463257,4403200,0.0,0.0
2024-11-27 00:00:00-05:00,3.200000047683716,3.2200000286102295,3.0399999618530273,3.059999942779541,3734000,0.0,0.0
2024-11-29 00:00:00-05:00,2.799999952316284,3.0,2.799999952316284,2.950000047683716,4201800,0.0,0.0
2024-12-02 00:00:00-05:00,2.9000000953674316,2.990000009536743,2.869999885559082,2.9700000286102295,4625119,0.0,0.0
