Date,Open,High,Low,Close,Volume,Dividends,Stock Splits
2022-01-03 00:00:00-05:00,9.300000190734863,9.600000381469727,9.164999961853027,9.25,362500,0.0,0.0
2022-01-04 00:00:00-05:00,9.220000267028809,9.380000114440918,8.880000114440918,9.0600004196167,695400,0.0,0.0
2022-01-05 00:00:00-05:00,9.029999732971191,9.0600004196167,8.270000457763672,8.319999694824219,616900,0.0,0.0
2022-01-06 00:00:00-05:00,8.25,8.59000015258789,8.038000106811523,8.520000457763672,642300,0.0,0.0
2022-01-07 00:00:00-05:00,8.5,8.899999618530273,8.4399995803833,8.510000228881836,343500,0.0,0.0
2022-01-10 00:00:00-05:00,8.4399995803833,8.4399995803833,7.800000190734863,8.239999771118164,991700,0.0,0.0
2022-01-11 00:00:00-05:00,8.239999771118164,8.600000381469727,8.125,8.520000457763672,737100,0.0,0.0
2022-01-12 00:00:00-05:00,8.649999618530273,8.75,8.119999885559082,8.140000343322754,438500,0.0,0.0
2022-01-13 00:00:00-05:00,8.149999618530273,8.1899995803833,7.550000190734863,7.619999885559082,1084300,0.0,0.0
2022-01-14 00:00:00-05:00,7.590000152587891,7.784999847412109,7.309999942779541,7.559999942779541,722000,0.0,0.0
2022-01-18 00:00:00-05:00,7.369999885559082,7.429999828338623,7.010000228881836,7.070000171661377,874000,0.0,0.0
2022-01-19 00:00:00-05:00,7.090000152587891,7.3520002365112305,6.934999942779541,6.949999809265137,510600,0.0,0.0
2022-01-20 00:00:00-05:00,7.050000190734863,7.400000095367432,6.789999961853027,6.800000190734863,872500,0.0,0.0
2022-01-21 00:00:00-05:00,6.650000095367432,6.989999771118164,6.550000190734863,6.809999942779541,998700,0.0,0.0
2022-01-24 00:00:00-05:00,6.539999961853027,6.900000095367432,6.170000076293945,6.880000114440918,1400900,0.0,0.0
2022-01-25 00:00:00-05:00,6.699999809265137,7.0,6.550000190734863,6.860000133514404,503900,0.0,0.0
2022-01-26 00:00:00-05:00,7.050000190734863,7.245999813079834,6.679999828338623,6.710000038146973,569500,0.0,0.0
2022-01-27 00:00:00-05:00,6.769999980926514,6.889999866485596,6.389999866485596,6.409999847412109,740500,0.0,0.0
2022-01-28 00:00:00-05:00,6.400000095367432,6.550000190734863,6.170000076293945,6.539999961853027,731600,0.0,0.0
2022-01-31 00:00:00-05:00,6.480000019073486,6.909999847412109,6.480000019073486,6.889999866485596,573400,0.0,0.0
2022-02-01 00:00:00-05:00,6.889999866485596,7.170000076293945,6.670000076293945,7.130000114440918,570100,0.0,0.0
2022-02-02 00:00:00-05:00,7.119999885559082,7.130000114440918,6.619999885559082,6.71999979019165,449600,0.0,0.0
2022-02-03 00:00:00-05:00,6.539999961853027,6.71999979019165,6.320000171661377,6.369999885559082,533700,0.0,0.0
2022-02-04 00:00:00-05:00,6.380000114440918,6.630000114440918,6.260000228881836,6.559999942779541,349800,0.0,0.0
2022-02-07 00:00:00-05:00,6.590000152587891,6.929999828338623,6.460000038146973,6.590000152587891,277200,0.0,0.0
2022-02-08 00:00:00-05:00,6.590000152587891,6.710000038146973,6.510000228881836,6.670000076293945,367100,0.0,0.0
2022-02-09 00:00:00-05:00,6.730000019073486,7.110000133514404,6.730000019073486,7.090000152587891,436700,0.0,0.0
2022-02-10 00:00:00-05:00,6.940000057220459,7.264999866485596,6.849999904632568,6.909999847412109,324800,0.0,0.0
2022-02-11 00:00:00-05:00,6.929999828338623,7.144999980926514,6.630000114440918,6.710000038146973,359800,0.0,0.0
2022-02-14 00:00:00-05:00,6.710000038146973,6.909999847412109,6.505000114440918,6.550000190734863,312800,0.0,0.0
2022-02-15 00:00:00-05:00,6.659999847412109,6.960000038146973,6.650000095367432,6.929999828338623,262500,0.0,0.0
2022-02-16 00:00:00-05:00,6.869999885559082,6.909999847412109,6.650000095367432,6.809999942779541,264300,0.0,0.0
2022-02-17 00:00:00-05:00,6.659999847412109,6.75,6.420000076293945,6.53000020980835,290600,0.0,0.0
2022-02-18 00:00:00-05:00,6.420000076293945,6.460000038146973,6.179999828338623,6.21999979019165,469100,0.0,0.0
2022-02-22 00:00:00-05:00,6.099999904632568,6.289999961853027,6.039999961853027,6.059999942779541,471100,0.0,0.0
2022-02-23 00:00:00-05:00,6.079999923706055,6.309999942779541,5.920000076293945,5.949999809265137,495900,0.0,0.0
2022-02-24 00:00:00-05:00,5.679999828338623,6.519999980926514,5.599999904632568,6.519999980926514,550800,0.0,0.0
2022-02-25 00:00:00-05:00,6.510000228881836,6.590000152587891,6.210000038146973,6.570000171661377,286500,0.0,0.0
2022-02-28 00:00:00-05:00,6.449999809265137,6.809999942779541,6.420000076293945,6.670000076293945,354600,0.0,0.0
2022-03-01 00:00:00-05:00,6.590000152587891,6.619999885559082,6.159999847412109,6.230000019073486,383100,0.0,0.0
2022-03-02 00:00:00-05:00,6.25,6.340000152587891,6.077000141143799,6.139999866485596,228300,0.0,0.0
2022-03-03 00:00:00-05:00,6.150000095367432,6.260000228881836,5.670000076293945,5.730000019073486,786400,0.0,0.0
2022-03-04 00:00:00-05:00,5.630000114440918,5.784999847412109,5.442999839782715,5.519999980926514,491900,0.0,0.0
2022-03-07 00:00:00-05:00,5.639999866485596,5.639999866485596,5.054999828338623,5.110000133514404,694800,0.0,0.0
2022-03-08 00:00:00-05:00,5.269999980926514,5.369999885559082,4.909999847412109,5.159999847412109,650900,0.0,0.0
2022-03-09 00:00:00-05:00,5.28000020980835,5.599999904632568,5.239999771118164,5.559999942779541,400500,0.0,0.0
2022-03-10 00:00:00-05:00,5.409999847412109,5.429999828338623,5.190000057220459,5.309999942779541,231100,0.0,0.0
2022-03-11 00:00:00-05:00,5.400000095367432,5.409999847412109,4.925000190734863,4.940000057220459,408100,0.0,0.0
2022-03-14 00:00:00-04:00,4.949999809265137,4.949999809265137,4.599999904632568,4.639999866485596,715400,0.0,0.0
2022-03-15 00:00:00-04:00,4.710000038146973,4.96999979019165,4.684999942779541,4.849999904632568,405600,0.0,0.0
2022-03-16 00:00:00-04:00,5.0,5.199999809265137,4.949999809265137,5.190000057220459,769500,0.0,0.0
2022-03-17 00:00:00-04:00,5.139999866485596,5.53000020980835,5.070000171661377,5.449999809265137,365000,0.0,0.0
2022-03-18 00:00:00-04:00,5.400000095367432,5.75,5.400000095367432,5.610000133514404,548400,0.0,0.0
2022-03-21 00:00:00-04:00,5.610000133514404,5.699999809265137,5.360000133514404,5.5,390500,0.0,0.0
2022-03-22 00:00:00-04:00,5.510000228881836,5.690000057220459,5.28000020980835,5.454999923706055,1407600,0.0,0.0
2022-03-23 00:00:00-04:00,4.5,4.920000076293945,4.25,4.809999942779541,3424700,0.0,0.0
2022-03-24 00:00:00-04:00,4.800000190734863,5.059000015258789,4.660999774932861,5.039999961853027,928900,0.0,0.0
2022-03-25 00:00:00-04:00,5.019999980926514,5.349999904632568,5.010000228881836,5.349999904632568,756000,0.0,0.0
2022-03-28 00:00:00-04:00,5.320000171661377,5.426000118255615,4.869999885559082,5.010000228881836,683200,0.0,0.0
2022-03-29 00:00:00-04:00,5.099999904632568,5.28000020980835,5.010000228881836,5.090000152587891,558600,0.0,0.0
2022-03-30 00:00:00-04:00,5.090000152587891,5.329999923706055,4.989999771118164,5.090000152587891,465600,0.0,0.0
2022-03-31 00:00:00-04:00,5.059999942779541,5.059999942779541,4.809999942779541,4.820000171661377,417500,0.0,0.0
2022-04-01 00:00:00-04:00,4.849999904632568,4.968999862670898,4.639999866485596,4.699999809265137,554300,0.0,0.0
2022-04-04 00:00:00-04:00,4.710000038146973,5.130000114440918,4.710000038146973,4.949999809265137,454400,0.0,0.0
2022-04-05 00:00:00-04:00,4.96999979019165,4.96999979019165,4.579999923706055,4.75,752700,0.0,0.0
2022-04-06 00:00:00-04:00,4.679999828338623,4.679999828338623,4.369999885559082,4.579999923706055,457300,0.0,0.0
2022-04-07 00:00:00-04:00,4.579999923706055,4.639999866485596,4.380000114440918,4.53000020980835,344800,0.0,0.0
2022-04-08 00:00:00-04:00,4.510000228881836,4.53000020980835,4.369999885559082,4.460000038146973,361800,0.0,0.0
2022-04-11 00:00:00-04:00,4.480000019073486,4.550000190734863,4.360000133514404,4.46999979019165,447800,0.0,0.0
2022-04-12 00:00:00-04:00,4.570000171661377,4.7779998779296875,4.445000171661377,4.53000020980835,520300,0.0,0.0
2022-04-13 00:00:00-04:00,4.539999961853027,4.75,4.53000020980835,4.670000076293945,415500,0.0,0.0
2022-04-14 00:00:00-04:00,4.650000095367432,4.75,4.420000076293945,4.699999809265137,563500,0.0,0.0
2022-04-18 00:00:00-04:00,4.670000076293945,4.679999828338623,4.364999771118164,4.409999847412109,499300,0.0,0.0
2022-04-19 00:00:00-04:00,4.420000076293945,4.565000057220459,4.300000190734863,4.460000038146973,529600,0.0,0.0
2022-04-20 00:00:00-04:00,4.5,4.590000152587891,4.441999912261963,4.460000038146973,492400,0.0,0.0
2022-04-21 00:00:00-04:00,4.5,4.570000171661377,4.105000019073486,4.130000114440918,538700,0.0,0.0
2022-04-22 00:00:00-04:00,4.199999809265137,4.199999809265137,3.9800000190734863,4.039999961853027,675900,0.0,0.0
2022-04-25 00:00:00-04:00,3.990000009536743,4.03000020980835,3.9000000953674316,4.0,580200,0.0,0.0
2022-04-26 00:00:00-04:00,3.950000047683716,3.950000047683716,3.690000057220459,3.7699999809265137,995400,0.0,0.0
2022-04-27 00:00:00-04:00,3.7699999809265137,3.8550000190734863,3.7049999237060547,3.7100000381469727,493700,0.0,0.0
2022-04-28 00:00:00-04:00,3.759999990463257,3.9200000762939453,3.6700000762939453,3.880000114440918,458000,0.0,0.0
2022-04-29 00:00:00-04:00,3.859999895095825,4.03000020980835,3.700000047683716,3.7300000190734863,554200,0.0,0.0
2022-05-02 00:00:00-04:00,3.740000009536743,3.950000047683716,3.680000066757202,3.940000057220459,416000,0.0,0.0
2022-05-03 00:00:00-04:00,3.9600000381469727,4.119999885559082,3.809999942779541,4.010000228881836,637300,0.0,0.0
2022-05-04 00:00:00-04:00,4.010000228881836,4.099999904632568,3.759999990463257,4.059999942779541,425500,0.0,0.0
2022-05-05 00:00:00-04:00,3.990000009536743,4.039999961853027,3.819999933242798,3.880000114440918,440000,0.0,0.0
2022-05-06 00:00:00-04:00,3.8399999141693115,4.070000171661377,3.7699999809265137,4.039999961853027,804400,0.0,0.0
2022-05-09 00:00:00-04:00,3.9100000858306885,3.950000047683716,3.450000047683716,3.4800000190734863,720800,0.0,0.0
2022-05-10 00:00:00-04:00,3.559999942779541,3.75,3.3399999141693115,3.450000047683716,613000,0.0,0.0
2022-05-11 00:00:00-04:00,3.4000000953674316,3.680000066757202,3.180000066757202,3.2200000286102295,740500,0.0,0.0
2022-05-12 00:00:00-04:00,3.109999895095825,3.4149999618530273,3.059999942779541,3.2200000286102295,609300,0.0,0.0
2022-05-13 00:00:00-04:00,3.299999952316284,3.5850000381469727,3.2899999618530273,3.4800000190734863,633800,0.0,0.0
2022-05-16 00:00:00-04:00,3.4800000190734863,3.559999942779541,3.369999885559082,3.490000009536743,327000,0.0,0.0
2022-05-17 00:00:00-04:00,3.759999990463257,3.8399999141693115,3.549999952316284,3.630000114440918,599700,0.0,0.0
2022-05-18 00:00:00-04:00,3.569999933242798,3.609999895095825,3.390000104904175,3.4100000858306885,300900,0.0,0.0
2022-05-19 00:00:00-04:00,3.359999895095825,3.4600000381469727,3.309999942779541,3.3299999237060547,410500,0.0,0.0
2022-05-20 00:00:00-04:00,3.440000057220459,3.4800000190734863,3.180000066757202,3.2899999618530273,324500,0.0,0.0
2022-05-23 00:00:00-04:00,3.3299999237060547,3.3299999237060547,3.0799999237060547,3.109999895095825,616600,0.0,0.0
2022-05-24 00:00:00-04:00,3.0299999713897705,3.140000104904175,2.940000057220459,3.119999885559082,617500,0.0,0.0
2022-05-25 00:00:00-04:00,3.0899999141693115,3.25,3.0799999237060547,3.0999999046325684,493200,0.0,0.0
2022-05-26 00:00:00-04:00,3.119999885559082,3.380000114440918,3.0999999046325684,3.2699999809265137,746100,0.0,0.0
2022-05-27 00:00:00-04:00,3.3299999237060547,3.4800000190734863,3.2899999618530273,3.3499999046325684,530900,0.0,0.0
2022-05-31 00:00:00-04:00,3.369999885559082,3.493000030517578,3.259999990463257,3.369999885559082,1082000,0.0,0.0
2022-06-01 00:00:00-04:00,3.4100000858306885,3.4700000286102295,3.2799999713897705,3.2899999618530273,462400,0.0,0.0
2022-06-02 00:00:00-04:00,3.2699999809265137,3.559999942779541,3.259999990463257,3.5199999809265137,326100,0.0,0.0
2022-06-03 00:00:00-04:00,3.4600000381469727,3.509999990463257,3.380000114440918,3.4200000762939453,262700,0.0,0.0
2022-06-06 00:00:00-04:00,3.4800000190734863,3.5399999618530273,3.390000104904175,3.4600000381469727,503300,0.0,0.0
2022-06-07 00:00:00-04:00,3.4000000953674316,3.740000009536743,3.390000104904175,3.7300000190734863,590600,0.0,0.0
2022-06-08 00:00:00-04:00,3.6700000762939453,3.819999933242798,3.5899999141693115,3.609999895095825,474100,0.0,0.0
2022-06-09 00:00:00-04:00,3.609999895095825,3.6700000762939453,3.450000047683716,3.6500000953674316,512600,0.0,0.0
2022-06-10 00:00:00-04:00,3.549999952316284,3.619999885559082,3.3299999237060547,3.3299999237060547,346300,0.0,0.0
2022-06-13 00:00:00-04:00,3.200000047683716,3.25,3.015000104904175,3.049999952316284,490400,0.0,0.0
2022-06-14 00:00:00-04:00,3.130000114440918,3.2699999809265137,3.059999942779541,3.0999999046325684,416200,0.0,0.0
2022-06-15 00:00:00-04:00,3.1700000762939453,3.440000057220459,3.0799999237060547,3.3399999141693115,512300,0.0,0.0
2022-06-16 00:00:00-04:00,3.2300000190734863,3.380000114440918,3.184999942779541,3.25,476700,0.0,0.0
2022-06-17 00:00:00-04:00,3.259999990463257,3.380000114440918,3.2200000286102295,3.2200000286102295,522600,0.0,0.0
2022-06-21 00:00:00-04:00,3.2799999713897705,3.2899999618530273,3.109999895095825,3.119999885559082,489100,0.0,0.0
2022-06-22 00:00:00-04:00,3.049999952316284,3.2799999713897705,3.049999952316284,3.1600000858306885,425700,0.0,0.0
2022-06-23 00:00:00-04:00,3.1600000858306885,3.2699999809265137,3.069999933242798,3.2699999809265137,405100,0.0,0.0
2022-06-24 00:00:00-04:00,3.2899999618530273,3.4700000286102295,3.2100000381469727,3.309999942779541,5156600,0.0,0.0
2022-06-27 00:00:00-04:00,3.3499999046325684,3.4200000762939453,3.2100000381469727,3.240000009536743,351900,0.0,0.0
2022-06-28 00:00:00-04:00,3.240000009536743,3.390000104904175,3.140000104904175,3.180000066757202,273700,0.0,0.0
2022-06-29 00:00:00-04:00,3.1700000762939453,3.1700000762939453,3.049999952316284,3.119999885559082,293100,0.0,0.0
2022-06-30 00:00:00-04:00,3.059999942779541,3.0850000381469727,2.9230000972747803,2.9600000381469727,322900,0.0,0.0
2022-07-01 00:00:00-04:00,2.9700000286102295,3.0199999809265137,2.880000114440918,2.9700000286102295,315000,0.0,0.0
2022-07-05 00:00:00-04:00,2.9000000953674316,3.0199999809265137,2.8299999237060547,2.9800000190734863,380100,0.0,0.0
2022-07-06 00:00:00-04:00,3.009999990463257,3.0899999141693115,2.9700000286102295,3.0399999618530273,214700,0.0,0.0
2022-07-07 00:00:00-04:00,3.049999952316284,3.190000057220459,3.049999952316284,3.0999999046325684,424900,0.0,0.0
2022-07-08 00:00:00-04:00,3.0799999237060547,3.1449999809265137,3.0199999809265137,3.109999895095825,166800,0.0,0.0
2022-07-11 00:00:00-04:00,3.069999933242798,3.069999933242798,2.950000047683716,2.9700000286102295,179600,0.0,0.0
2022-07-12 00:00:00-04:00,2.940000057220459,3.059999942779541,2.9000000953674316,2.9100000858306885,230400,0.0,0.0
2022-07-13 00:00:00-04:00,2.8499999046325684,2.950000047683716,2.805000066757202,2.950000047683716,240700,0.0,0.0
2022-07-14 00:00:00-04:00,2.890000104904175,2.9700000286102295,2.8299999237060547,2.930000066757202,246000,0.0,0.0
2022-07-15 00:00:00-04:00,2.9800000190734863,3.0199999809265137,2.880000114440918,2.880000114440918,496300,0.0,0.0
2022-07-18 00:00:00-04:00,2.9600000381469727,3.3550000190734863,2.9600000381469727,3.3299999237060547,625500,0.0,0.0
2022-07-19 00:00:00-04:00,3.4000000953674316,3.619999885559082,3.369999885559082,3.509999990463257,448200,0.0,0.0
2022-07-20 00:00:00-04:00,3.5399999618530273,3.759999990463257,3.509999990463257,3.640000104904175,408600,0.0,0.0
2022-07-21 00:00:00-04:00,3.640000104904175,3.6659998893737793,3.5799999237060547,3.5999999046325684,196600,0.0,0.0
2022-07-22 00:00:00-04:00,3.5999999046325684,3.6700000762939453,3.440000057220459,3.509999990463257,269300,0.0,0.0
2022-07-25 00:00:00-04:00,3.5299999713897705,3.569999933242798,3.430000066757202,3.569999933242798,150500,0.0,0.0
2022-07-26 00:00:00-04:00,3.5199999809265137,3.5199999809265137,3.3399999141693115,3.3399999141693115,198900,0.0,0.0
2022-07-27 00:00:00-04:00,3.430000066757202,3.490000009536743,3.365000009536743,3.4700000286102295,119300,0.0,0.0
2022-07-28 00:00:00-04:00,3.4700000286102295,3.549999952316284,3.380000114440918,3.4200000762939453,179700,0.0,0.0
2022-07-29 00:00:00-04:00,3.450000047683716,3.640000104904175,3.369999885559082,3.640000104904175,247300,0.0,0.0
2022-08-01 00:00:00-04:00,3.609999895095825,3.609999895095825,3.4600000381469727,3.4600000381469727,185000,0.0,0.0
2022-08-02 00:00:00-04:00,3.440000057220459,3.630000114440918,3.4100000858306885,3.559999942779541,180600,0.0,0.0
2022-08-03 00:00:00-04:00,3.5799999237060547,3.799999952316284,3.559999942779541,3.7799999713897705,247100,0.0,0.0
2022-08-04 00:00:00-04:00,3.7899999618530273,3.890000104904175,3.7100000381469727,3.75,217500,0.0,0.0
2022-08-05 00:00:00-04:00,3.6700000762939453,3.799999952316284,3.5999999046325684,3.7100000381469727,128900,0.0,0.0
2022-08-08 00:00:00-04:00,3.740000009536743,3.930000066757202,3.740000009536743,3.799999952316284,255300,0.0,0.0
2022-08-09 00:00:00-04:00,3.809999942779541,3.809999942779541,3.509999990463257,3.5799999237060547,324600,0.0,0.0
2022-08-10 00:00:00-04:00,3.680000066757202,3.8259999752044678,3.5299999713897705,3.7899999618530273,451900,0.0,0.0
2022-08-11 00:00:00-04:00,3.7799999713897705,3.9200000762939453,3.7300000190734863,3.7300000190734863,227900,0.0,0.0
2022-08-12 00:00:00-04:00,3.75,4.239999771118164,3.7300000190734863,4.179999828338623,620400,0.0,0.0
2022-08-15 00:00:00-04:00,4.159999847412109,4.349999904632568,4.090000152587891,4.340000152587891,694700,0.0,0.0
2022-08-16 00:00:00-04:00,3.5,3.700000047683716,3.3499999046325684,3.5,1566800,0.0,0.0
2022-08-17 00:00:00-04:00,3.430000066757202,3.430000066757202,3.0399999618530273,3.049999952316284,748800,0.0,0.0
2022-08-18 00:00:00-04:00,3.0299999713897705,3.2049999237060547,3.0299999713897705,3.1500000953674316,505300,0.0,0.0
2022-08-19 00:00:00-04:00,3.069999933242798,3.140000104904175,3.009999990463257,3.0999999046325684,448400,0.0,0.0
2022-08-22 00:00:00-04:00,3.009999990463257,3.059999942779541,2.930000066757202,2.950000047683716,254200,0.0,0.0
2022-08-23 00:00:00-04:00,2.950000047683716,2.990000009536743,2.9100000858306885,2.950000047683716,212200,0.0,0.0
2022-08-24 00:00:00-04:00,2.950000047683716,3.059999942779541,2.950000047683716,2.950000047683716,214400,0.0,0.0
2022-08-25 00:00:00-04:00,3.0299999713897705,3.190000057220459,3.015000104904175,3.1700000762939453,255300,0.0,0.0
2022-08-26 00:00:00-04:00,3.1500000953674316,3.1600000858306885,3.0,3.049999952316284,268300,0.0,0.0
2022-08-29 00:00:00-04:00,2.9800000190734863,3.0399999618530273,2.8399999141693115,2.859999895095825,684400,0.0,0.0
2022-08-30 00:00:00-04:00,2.859999895095825,2.890000104904175,2.640000104904175,2.6500000953674316,1604400,0.0,0.0
2022-08-31 00:00:00-04:00,2.6700000762939453,2.7100000381469727,2.509999990463257,2.5799999237060547,541300,0.0,0.0
2022-09-01 00:00:00-04:00,2.509999990463257,2.509999990463257,2.309999942779541,2.4600000381469727,666300,0.0,0.0
2022-09-02 00:00:00-04:00,2.4200000762939453,2.5399999618530273,2.4049999713897705,2.450000047683716,369500,0.0,0.0
2022-09-06 00:00:00-04:00,2.430000066757202,2.4800000190734863,2.380000114440918,2.4000000953674316,206400,0.0,0.0
2022-09-07 00:00:00-04:00,2.4100000858306885,2.5799999237060547,2.380000114440918,2.549999952316284,260900,0.0,0.0
2022-09-08 00:00:00-04:00,2.509999990463257,2.6549999713897705,2.4049999713897705,2.6500000953674316,227300,0.0,0.0
2022-09-09 00:00:00-04:00,2.6700000762939453,2.867000102996826,2.6619999408721924,2.8299999237060547,346300,0.0,0.0
2022-09-12 00:00:00-04:00,2.8399999141693115,2.9200000762939453,2.799999952316284,2.9000000953674316,305900,0.0,0.0
2022-09-13 00:00:00-04:00,2.7899999618530273,2.859999895095825,2.7119998931884766,2.7899999618530273,283100,0.0,0.0
2022-09-14 00:00:00-04:00,2.7899999618530273,2.799999952316284,2.7100000381469727,2.759999990463257,113400,0.0,0.0
2022-09-15 00:00:00-04:00,2.690000057220459,2.890000104904175,2.690000057220459,2.809999942779541,263900,0.0,0.0
2022-09-16 00:00:00-04:00,2.7799999713897705,2.7799999713897705,2.630000114440918,2.630000114440918,630000,0.0,0.0
2022-09-19 00:00:00-04:00,2.619999885559082,2.680000066757202,2.609999895095825,2.630000114440918,126400,0.0,0.0
2022-09-20 00:00:00-04:00,2.569999933242798,2.640000104904175,2.509999990463257,2.5299999713897705,102100,0.0,0.0
2022-09-21 00:00:00-04:00,2.5199999809265137,2.5199999809265137,2.390000104904175,2.390000104904175,205100,0.0,0.0
2022-09-22 00:00:00-04:00,2.4100000858306885,2.4100000858306885,2.180000066757202,2.180000066757202,302200,0.0,0.0
2022-09-23 00:00:00-04:00,2.130000114440918,2.1700000762939453,2.075000047683716,2.1500000953674316,229700,0.0,0.0
2022-09-26 00:00:00-04:00,2.119999885559082,2.259999990463257,2.0799999237060547,2.109999895095825,263000,0.0,0.0
2022-09-27 00:00:00-04:00,2.140000104904175,2.190000057220459,2.0799999237060547,2.0799999237060547,114000,0.0,0.0
2022-09-28 00:00:00-04:00,2.0799999237060547,2.190000057220459,2.0799999237060547,2.1700000762939453,145500,0.0,0.0
2022-09-29 00:00:00-04:00,2.0999999046325684,2.140000104904175,2.0,2.0,137100,0.0,0.0
2022-09-30 00:00:00-04:00,2.0299999713897705,2.3399999141693115,1.9800000190734863,2.2200000286102295,547800,0.0,0.0
2022-10-03 00:00:00-04:00,2.25,2.2699999809265137,2.069999933242798,2.130000114440918,174100,0.0,0.0
2022-10-04 00:00:00-04:00,2.180000066757202,2.450000047683716,2.1659998893737793,2.430000066757202,250900,0.0,0.0
2022-10-05 00:00:00-04:00,2.319999933242798,2.371000051498413,2.240000009536743,2.3299999237060547,129400,0.0,0.0
2022-10-06 00:00:00-04:00,2.299999952316284,2.4100000858306885,2.2799999713897705,2.3299999237060547,66400,0.0,0.0
2022-10-07 00:00:00-04:00,2.2699999809265137,2.2899999618530273,2.2200000286102295,2.2200000286102295,72100,0.0,0.0
2022-10-10 00:00:00-04:00,2.259999990463257,2.259999990463257,2.109999895095825,2.109999895095825,129200,0.0,0.0
2022-10-11 00:00:00-04:00,2.0899999141693115,2.1700000762939453,1.9900000095367432,2.0999999046325684,163400,0.0,0.0
2022-10-12 00:00:00-04:00,2.119999885559082,2.130000114440918,2.0299999713897705,2.0999999046325684,74100,0.0,0.0
2022-10-13 00:00:00-04:00,2.0,2.140000104904175,1.9900000095367432,2.059999942779541,195900,0.0,0.0
2022-10-14 00:00:00-04:00,2.130000114440918,2.200000047683716,2.0,2.0199999809265137,153500,0.0,0.0
2022-10-17 00:00:00-04:00,2.049999952316284,2.109999895095825,2.0,2.009999990463257,238800,0.0,0.0
2022-10-18 00:00:00-04:00,2.0899999141693115,2.0980000495910645,2.0199999809265137,2.0199999809265137,93700,0.0,0.0
2022-10-19 00:00:00-04:00,1.9800000190734863,2.0,1.899999976158142,1.909999966621399,243900,0.0,0.0
2022-10-20 00:00:00-04:00,1.940000057220459,2.0799999237060547,1.9279999732971191,1.9700000286102295,258800,0.0,0.0
2022-10-21 00:00:00-04:00,1.940000057220459,2.0399999618530273,1.899999976158142,1.909999966621399,231700,0.0,0.0
2022-10-24 00:00:00-04:00,1.909999966621399,2.0799999237060547,1.8700000047683716,1.8899999856948853,294400,0.0,0.0
2022-10-25 00:00:00-04:00,1.8899999856948853,1.9950000047683716,1.878999948501587,1.9600000381469727,214600,0.0,0.0
2022-10-26 00:00:00-04:00,1.940000057220459,2.059999942779541,1.9299999475479126,1.9600000381469727,130400,0.0,0.0
2022-10-27 00:00:00-04:00,1.9600000381469727,1.9800000190734863,1.8600000143051147,1.8849999904632568,202300,0.0,0.0
2022-10-28 00:00:00-04:00,1.8799999952316284,1.9900000095367432,1.8700000047683716,1.9600000381469727,170200,0.0,0.0
2022-10-31 00:00:00-04:00,1.9600000381469727,2.0999999046325684,1.9500000476837158,2.009999990463257,283500,0.0,0.0
2022-11-01 00:00:00-04:00,2.049999952316284,2.059999942779541,1.9199999570846558,1.9199999570846558,161400,0.0,0.0
2022-11-02 00:00:00-04:00,1.899999976158142,1.9199999570846558,1.7699999809265137,1.7699999809265137,217500,0.0,0.0
2022-11-03 00:00:00-04:00,1.7300000190734863,1.7799999713897705,1.6699999570846558,1.6699999570846558,261600,0.0,0.0
2022-11-04 00:00:00-04:00,1.7000000476837158,1.7000000476837158,1.5750000476837158,1.590000033378601,317000,0.0,0.0
2022-11-07 00:00:00-05:00,1.600000023841858,1.6679999828338623,1.590000033378601,1.600000023841858,228500,0.0,0.0
2022-11-08 00:00:00-05:00,1.600000023841858,1.600000023841858,1.5499999523162842,1.559999942779541,371300,0.0,0.0
2022-11-09 00:00:00-05:00,1.5399999618530273,1.5700000524520874,1.4700000286102295,1.4700000286102295,287400,0.0,0.0
2022-11-10 00:00:00-05:00,1.5199999809265137,1.590000033378601,1.5,1.5399999618530273,530700,0.0,0.0
2022-11-11 00:00:00-05:00,1.5800000429153442,1.690000057220459,1.5299999713897705,1.690000057220459,456200,0.0,0.0
2022-11-14 00:00:00-05:00,1.6799999475479126,1.7200000286102295,1.6399999856948853,1.6699999570846558,217300,0.0,0.0
2022-11-15 00:00:00-05:00,1.600000023841858,1.7100000381469727,1.5099999904632568,1.559999942779541,664300,0.0,0.0
2022-11-16 00:00:00-05:00,1.5700000524520874,1.5700000524520874,1.409999966621399,1.4299999475479126,285000,0.0,0.0
2022-11-17 00:00:00-05:00,1.4500000476837158,1.4500000476837158,1.3799999952316284,1.3799999952316284,182000,0.0,0.0
2022-11-18 00:00:00-05:00,1.440000057220459,1.5099999904632568,1.409999966621399,1.5,281400,0.0,0.0
2022-11-21 00:00:00-05:00,1.440000057220459,1.4800000190734863,1.4299999475479126,1.4500000476837158,107600,0.0,0.0
2022-11-22 00:00:00-05:00,1.4299999475479126,1.4800000190734863,1.2699999809265137,1.3300000429153442,477300,0.0,0.0
2022-11-23 00:00:00-05:00,1.309999942779541,1.3949999809265137,1.2799999713897705,1.3300000429153442,407500,0.0,0.0
2022-11-25 00:00:00-05:00,1.2999999523162842,1.3200000524520874,1.2200000286102295,1.2599999904632568,309900,0.0,0.0
2022-11-28 00:00:00-05:00,1.2899999618530273,1.2899999618530273,1.2000000476837158,1.25,387800,0.0,0.0
2022-11-29 00:00:00-05:00,1.25,1.2999999523162842,1.2200000286102295,1.2300000190734863,129700,0.0,0.0
2022-11-30 00:00:00-05:00,1.2300000190734863,1.3600000143051147,1.2300000190734863,1.340000033378601,284200,0.0,0.0
2022-12-01 00:00:00-05:00,1.3700000047683716,1.3899999856948853,1.309999942779541,1.3600000143051147,164400,0.0,0.0
2022-12-02 00:00:00-05:00,1.2999999523162842,1.3949999809265137,1.2999999523162842,1.3700000047683716,109700,0.0,0.0
2022-12-05 00:00:00-05:00,1.340000033378601,1.340000033378601,1.315000057220459,1.3200000524520874,118900,0.0,0.0
2022-12-06 00:00:00-05:00,1.309999942779541,1.309999942779541,1.2699999809265137,1.2999999523162842,164200,0.0,0.0
2022-12-07 00:00:00-05:00,1.2999999523162842,1.309999942779541,1.25,1.2899999618530273,191200,0.0,0.0
2022-12-08 00:00:00-05:00,1.2999999523162842,1.3899999856948853,1.2899999618530273,1.3899999856948853,338900,0.0,0.0
2022-12-09 00:00:00-05:00,1.3700000047683716,1.4600000381469727,1.3700000047683716,1.3899999856948853,112900,0.0,0.0
2022-12-12 00:00:00-05:00,1.4500000476837158,1.5800000429153442,1.440000057220459,1.559999942779541,383400,0.0,0.0
2022-12-13 00:00:00-05:00,1.6299999952316284,1.840000033378601,1.6299999952316284,1.809999942779541,710800,0.0,0.0
2022-12-14 00:00:00-05:00,1.7899999618530273,1.7899999618530273,1.5499999523162842,1.5700000524520874,278800,0.0,0.0
2022-12-15 00:00:00-05:00,1.5099999904632568,1.6200000047683716,1.5099999904632568,1.5800000429153442,132700,0.0,0.0
2022-12-16 00:00:00-05:00,1.5499999523162842,1.7799999713897705,1.5499999523162842,1.7300000190734863,481500,0.0,0.0
2022-12-19 00:00:00-05:00,1.684999942779541,1.7300000190734863,1.6299999952316284,1.659999966621399,274600,0.0,0.0
2022-12-20 00:00:00-05:00,1.659999966621399,1.7799999713897705,1.6299999952316284,1.649999976158142,334200,0.0,0.0
2022-12-21 00:00:00-05:00,1.649999976158142,1.7200000286102295,1.6200000047683716,1.6299999952316284,196900,0.0,0.0
2022-12-22 00:00:00-05:00,1.6399999856948853,1.6399999856948853,1.4800000190734863,1.5299999713897705,353500,0.0,0.0
2022-12-23 00:00:00-05:00,1.5,1.5099999904632568,1.440999984741211,1.4600000381469727,224500,0.0,0.0
2022-12-27 00:00:00-05:00,1.4199999570846558,1.4199999570846558,1.2899999618530273,1.2999999523162842,306900,0.0,0.0
2022-12-28 00:00:00-05:00,1.2999999523162842,1.3300000429153442,1.2200000286102295,1.2899999618530273,503200,0.0,0.0
2022-12-29 00:00:00-05:00,1.25,1.4800000190734863,1.25,1.4199999570846558,413900,0.0,0.0
2022-12-30 00:00:00-05:00,1.3600000143051147,1.5399999618530273,1.350000023841858,1.5,389800,0.0,0.0
2023-01-03 00:00:00-05:00,1.5399999618530273,1.600000023841858,1.3700000047683716,1.3799999952316284,145500,0.0,0.0
2023-01-04 00:00:00-05:00,1.3799999952316284,1.5199999809265137,1.3600000143051147,1.4600000381469727,111700,0.0,0.0
2023-01-05 00:00:00-05:00,1.4700000286102295,1.5800000429153442,1.440000057220459,1.5399999618530273,149400,0.0,0.0
2023-01-06 00:00:00-05:00,1.5399999618530273,1.5800000429153442,1.5049999952316284,1.5399999618530273,146800,0.0,0.0
2023-01-09 00:00:00-05:00,1.5499999523162842,1.7000000476837158,1.5499999523162842,1.6399999856948853,188200,0.0,0.0
2023-01-10 00:00:00-05:00,1.6399999856948853,1.8200000524520874,1.6399999856948853,1.7200000286102295,294600,0.0,0.0
2023-01-11 00:00:00-05:00,1.7599999904632568,2.0199999809265137,1.7599999904632568,1.9500000476837158,326300,0.0,0.0
2023-01-12 00:00:00-05:00,2.0,2.1600000858306885,1.899999976158142,1.9500000476837158,510400,0.0,0.0
2023-01-13 00:00:00-05:00,1.9700000286102295,2.0999999046325684,1.8899999856948853,1.940000057220459,249300,0.0,0.0
2023-01-17 00:00:00-05:00,1.940000057220459,1.996000051498413,1.902999997138977,1.940000057220459,196500,0.0,0.0
2023-01-18 00:00:00-05:00,1.9299999475479126,2.1500000953674316,1.9299999475479126,2.130000114440918,262800,0.0,0.0
2023-01-19 00:00:00-05:00,2.069999933242798,2.0799999237060547,2.0199999809265137,2.0199999809265137,244800,0.0,0.0
2023-01-20 00:00:00-05:00,2.0799999237060547,2.1600000858306885,1.840000033378601,1.8700000047683716,1112800,0.0,0.0
2023-01-23 00:00:00-05:00,1.899999976158142,2.0899999141693115,1.899999976158142,2.059999942779541,457000,0.0,0.0
2023-01-24 00:00:00-05:00,2.049999952316284,2.174999952316284,2.0399999618530273,2.1600000858306885,261800,0.0,0.0
2023-01-25 00:00:00-05:00,2.1700000762939453,2.2009999752044678,2.049999952316284,2.1600000858306885,113000,0.0,0.0
2023-01-26 00:00:00-05:00,2.1600000858306885,2.200000047683716,2.109999895095825,2.1500000953674316,189400,0.0,0.0
2023-01-27 00:00:00-05:00,2.1700000762939453,2.359999895095825,2.1500000953674316,2.3299999237060547,304700,0.0,0.0
2023-01-30 00:00:00-05:00,2.309999942779541,2.4000000953674316,2.200000047683716,2.2300000190734863,210400,0.0,0.0
2023-01-31 00:00:00-05:00,2.2300000190734863,2.299999952316284,2.2300000190734863,2.2799999713897705,112200,0.0,0.0
2023-02-01 00:00:00-05:00,2.3399999141693115,2.380000114440918,2.190000057220459,2.309999942779541,208200,0.0,0.0
2023-02-02 00:00:00-05:00,2.3499999046325684,2.489000082015991,2.25,2.299999952316284,350800,0.0,0.0
2023-02-03 00:00:00-05:00,2.299999952316284,2.3399999141693115,2.2049999237060547,2.2100000381469727,257700,0.0,0.0
2023-02-06 00:00:00-05:00,2.180000066757202,2.190000057220459,2.0999999046325684,2.119999885559082,164200,0.0,0.0
2023-02-07 00:00:00-05:00,2.130000114440918,2.190000057220459,2.059999942779541,2.1600000858306885,162300,0.0,0.0
2023-02-08 00:00:00-05:00,2.180000066757202,2.2899999618530273,2.134999990463257,2.1600000858306885,228200,0.0,0.0
2023-02-09 00:00:00-05:00,2.1700000762939453,2.240000009536743,2.053999900817871,2.069999933242798,146500,0.0,0.0
2023-02-10 00:00:00-05:00,2.0899999141693115,2.13100004196167,2.0220000743865967,2.059999942779541,120400,0.0,0.0
2023-02-13 00:00:00-05:00,2.059999942779541,2.2100000381469727,2.0199999809265137,2.0999999046325684,142900,0.0,0.0
2023-02-14 00:00:00-05:00,2.0799999237060547,2.2100000381469727,2.059999942779541,2.190000057220459,128400,0.0,0.0
2023-02-15 00:00:00-05:00,2.1600000858306885,2.3399999141693115,2.1530001163482666,2.309999942779541,108400,0.0,0.0
2023-02-16 00:00:00-05:00,2.299999952316284,2.3259999752044678,2.0999999046325684,2.140000104904175,144800,0.0,0.0
2023-02-17 00:00:00-05:00,2.180000066757202,2.2799999713897705,2.1500000953674316,2.2799999713897705,117100,0.0,0.0
2023-02-21 00:00:00-05:00,2.2799999713897705,2.2799999713897705,2.1500000953674316,2.1600000858306885,89900,0.0,0.0
2023-02-22 00:00:00-05:00,2.1600000858306885,2.2200000286102295,2.0999999046325684,2.0999999046325684,80100,0.0,0.0
2023-02-23 00:00:00-05:00,2.119999885559082,2.140000104904175,2.0199999809265137,2.049999952316284,84600,0.0,0.0
2023-02-24 00:00:00-05:00,2.0,2.0339999198913574,1.9450000524520874,1.965000033378601,84500,0.0,0.0
2023-02-27 00:00:00-05:00,1.9700000286102295,1.9700000286102295,1.8700000047683716,1.8899999856948853,161400,0.0,0.0
2023-02-28 00:00:00-05:00,1.899999976158142,1.9579999446868896,1.850000023841858,1.8799999952316284,336300,0.0,0.0
2023-03-01 00:00:00-05:00,1.8899999856948853,1.9500000476837158,1.809999942779541,1.8300000429153442,162900,0.0,0.0
2023-03-02 00:00:00-05:00,1.8200000524520874,1.850000023841858,1.7899999618530273,1.7999999523162842,103600,0.0,0.0
2023-03-03 00:00:00-05:00,1.7799999713897705,1.8799999952316284,1.7799999713897705,1.8300000429153442,145700,0.0,0.0
2023-03-06 00:00:00-05:00,1.8799999952316284,1.8930000066757202,1.6699999570846558,1.6799999475479126,257000,0.0,0.0
2023-03-07 00:00:00-05:00,1.6699999570846558,1.7400000095367432,1.5499999523162842,1.5800000429153442,211700,0.0,0.0
2023-03-08 00:00:00-05:00,1.6100000143051147,1.6100000143051147,1.4800000190734863,1.5099999904632568,239400,0.0,0.0
2023-03-09 00:00:00-05:00,1.5199999809265137,1.6299999952316284,1.4900000095367432,1.5299999713897705,326400,0.0,0.0
2023-03-10 00:00:00-05:00,1.5,1.5479999780654907,1.440000057220459,1.4600000381469727,185500,0.0,0.0
2023-03-13 00:00:00-04:00,1.4199999570846558,1.440000057220459,1.3600000143051147,1.399999976158142,132000,0.0,0.0
2023-03-14 00:00:00-04:00,1.4500000476837158,1.4889999628067017,1.409999966621399,1.409999966621399,98700,0.0,0.0
2023-03-15 00:00:00-04:00,1.3799999952316284,1.4299999475479126,1.350000023841858,1.350000023841858,130400,0.0,0.0
2023-03-16 00:00:00-04:00,1.3300000429153442,1.3899999856948853,1.3300000429153442,1.350000023841858,213600,0.0,0.0
2023-03-17 00:00:00-04:00,1.350000023841858,1.399999976158142,1.309999942779541,1.3200000524520874,265100,0.0,0.0
2023-03-20 00:00:00-04:00,1.340000033378601,1.3990000486373901,1.2799999713897705,1.2899999618530273,190400,0.0,0.0
2023-03-21 00:00:00-04:00,1.2899999618530273,1.3899999856948853,1.2899999618530273,1.3600000143051147,86300,0.0,0.0
2023-03-22 00:00:00-04:00,1.3600000143051147,1.4199999570846558,1.3600000143051147,1.3899999856948853,92200,0.0,0.0
2023-03-23 00:00:00-04:00,1.399999976158142,1.4199999570846558,1.340000033378601,1.340000033378601,80500,0.0,0.0
2023-03-24 00:00:00-04:00,1.340000033378601,1.340000033378601,1.2699999809265137,1.2899999618530273,155700,0.0,0.0
2023-03-27 00:00:00-04:00,1.3300000429153442,1.3669999837875366,1.2999999523162842,1.3300000429153442,135400,0.0,0.0
2023-03-28 00:00:00-04:00,1.2999999523162842,1.409999966621399,1.2999999523162842,1.399999976158142,232300,0.0,0.0
2023-03-29 00:00:00-04:00,1.3799999952316284,1.5299999713897705,1.3799999952316284,1.4800000190734863,159600,0.0,0.0
2023-03-30 00:00:00-04:00,1.5399999618530273,1.7400000095367432,1.4800000190734863,1.7000000476837158,509100,0.0,0.0
2023-03-31 00:00:00-04:00,1.4800000190734863,1.5099999904632568,1.1799999475479126,1.2899999618530273,1596200,0.0,0.0
2023-04-03 00:00:00-04:00,1.2599999904632568,1.399999976158142,1.2400000095367432,1.350000023841858,411600,0.0,0.0
2023-04-04 00:00:00-04:00,1.350000023841858,1.399999976158142,1.25,1.309999942779541,243700,0.0,0.0
2023-04-05 00:00:00-04:00,1.340000033378601,1.340000033378601,1.1799999475479126,1.190000057220459,288200,0.0,0.0
2023-04-06 00:00:00-04:00,1.1699999570846558,1.2400000095367432,1.1699999570846558,1.2000000476837158,139400,0.0,0.0
2023-04-10 00:00:00-04:00,1.2000000476837158,1.3200000524520874,1.2000000476837158,1.2899999618530273,180000,0.0,0.0
2023-04-11 00:00:00-04:00,1.2899999618530273,1.340000033378601,1.2899999618530273,1.2899999618530273,119900,0.0,0.0
2023-04-12 00:00:00-04:00,1.3300000429153442,1.3700000047683716,1.2799999713897705,1.2799999713897705,140200,0.0,0.0
2023-04-13 00:00:00-04:00,1.350000023841858,1.5700000524520874,1.350000023841858,1.5199999809265137,804100,0.0,0.0
2023-04-14 00:00:00-04:00,1.5199999809265137,1.5700000524520874,1.3600000143051147,1.4500000476837158,338500,0.0,0.0
2023-04-17 00:00:00-04:00,1.559999942779541,1.649999976158142,1.4600000381469727,1.5,570500,0.0,0.0
2023-04-18 00:00:00-04:00,1.5,1.5399999618530273,1.4019999504089355,1.4900000095367432,205900,0.0,0.0
2023-04-19 00:00:00-04:00,1.4900000095367432,1.6399999856948853,1.4299999475479126,1.6399999856948853,2326200,0.0,0.0
2023-04-20 00:00:00-04:00,1.6399999856948853,1.6799999475479126,1.5199999809265137,1.559999942779541,461400,0.0,0.0
2023-04-21 00:00:00-04:00,1.5800000429153442,1.659999966621399,1.5399999618530273,1.6399999856948853,479600,0.0,0.0
2023-04-24 00:00:00-04:00,1.5700000524520874,1.628999948501587,1.5499999523162842,1.590000033378601,224700,0.0,0.0
2023-04-25 00:00:00-04:00,1.6299999952316284,1.6299999952316284,1.5299999713897705,1.5800000429153442,267500,0.0,0.0
2023-04-26 00:00:00-04:00,1.5700000524520874,1.6100000143051147,1.5199999809265137,1.5499999523162842,168000,0.0,0.0
2023-04-27 00:00:00-04:00,1.5399999618530273,1.600000023841858,1.5,1.5800000429153442,142400,0.0,0.0
2023-04-28 00:00:00-04:00,1.559999942779541,1.690000057220459,1.5299999713897705,1.659999966621399,174900,0.0,0.0
2023-05-01 00:00:00-04:00,1.659999966621399,1.7389999628067017,1.659999966621399,1.6699999570846558,113100,0.0,0.0
2023-05-02 00:00:00-04:00,1.649999976158142,1.690000057220459,1.590000033378601,1.6349999904632568,358900,0.0,0.0
2023-05-03 00:00:00-04:00,1.649999976158142,1.6799999475479126,1.559999942779541,1.5800000429153442,160700,0.0,0.0
2023-05-04 00:00:00-04:00,1.5700000524520874,1.5800000429153442,1.4700000286102295,1.4900000095367432,296300,0.0,0.0
2023-05-05 00:00:00-04:00,1.5499999523162842,1.5499999523162842,1.4320000410079956,1.5099999904632568,245900,0.0,0.0
2023-05-08 00:00:00-04:00,1.4700000286102295,1.600000023841858,1.4010000228881836,1.5700000524520874,328700,0.0,0.0
2023-05-09 00:00:00-04:00,1.5099999904632568,1.600000023841858,1.5099999904632568,1.590000033378601,259700,0.0,0.0
2023-05-10 00:00:00-04:00,1.6200000047683716,1.659999966621399,1.5499999523162842,1.5800000429153442,367100,0.0,0.0
2023-05-11 00:00:00-04:00,1.4800000190734863,1.6100000143051147,1.4199999570846558,1.4600000381469727,523600,0.0,0.0
2023-05-12 00:00:00-04:00,1.4600000381469727,1.5099999904632568,1.350000023841858,1.3650000095367432,249800,0.0,0.0
2023-05-15 00:00:00-04:00,1.3600000143051147,1.3700000047683716,1.2799999713897705,1.3200000524520874,214400,0.0,0.0
2023-05-16 00:00:00-04:00,1.2999999523162842,1.3009999990463257,1.25,1.2599999904632568,195800,0.0,0.0
2023-05-17 00:00:00-04:00,1.25,1.309999942779541,1.25,1.2999999523162842,106000,0.0,0.0
2023-05-18 00:00:00-04:00,1.2699999809265137,1.350000023841858,1.2699999809265137,1.2999999523162842,122400,0.0,0.0
2023-05-19 00:00:00-04:00,1.2799999713897705,1.3890000581741333,1.2799999713897705,1.3600000143051147,169000,0.0,0.0
2023-05-22 00:00:00-04:00,1.3700000047683716,1.440000057220459,1.3700000047683716,1.440000057220459,153200,0.0,0.0
2023-05-23 00:00:00-04:00,1.440000057220459,1.4850000143051147,1.3910000324249268,1.399999976158142,173300,0.0,0.0
2023-05-24 00:00:00-04:00,1.3799999952316284,1.5099999904632568,1.3600000143051147,1.4900000095367432,251300,0.0,0.0
2023-05-25 00:00:00-04:00,1.5299999713897705,1.5399999618530273,1.399999976158142,1.399999976158142,157200,0.0,0.0
2023-05-26 00:00:00-04:00,1.399999976158142,1.468999981880188,1.3600000143051147,1.399999976158142,171600,0.0,0.0
2023-05-30 00:00:00-04:00,1.350000023841858,1.3980000019073486,1.2300000190734863,1.309999942779541,265900,0.0,0.0
2023-05-31 00:00:00-04:00,1.2999999523162842,1.3300000429153442,1.2400000095367432,1.25,218900,0.0,0.0
2023-06-01 00:00:00-04:00,1.2599999904632568,1.3200000524520874,1.2100000381469727,1.2200000286102295,269300,0.0,0.0
2023-06-02 00:00:00-04:00,1.2599999904632568,1.3200000524520874,1.2000000476837158,1.2200000286102295,482100,0.0,0.0
2023-06-05 00:00:00-04:00,1.25,1.3200000524520874,1.2000000476837158,1.2899999618530273,172800,0.0,0.0
2023-06-06 00:00:00-04:00,1.2899999618530273,1.440000057220459,1.2200000286102295,1.340000033378601,298100,0.0,0.0
2023-06-07 00:00:00-04:00,1.350000023841858,1.3799999952316284,1.309999942779541,1.3300000429153442,74800,0.0,0.0
2023-06-08 00:00:00-04:00,1.3300000429153442,1.409999966621399,1.309999942779541,1.3700000047683716,113100,0.0,0.0
2023-06-09 00:00:00-04:00,1.3700000047683716,1.3700000047683716,1.3200000524520874,1.3300000429153442,58400,0.0,0.0
2023-06-12 00:00:00-04:00,1.3799999952316284,1.4500000476837158,1.350000023841858,1.399999976158142,125300,0.0,0.0
2023-06-13 00:00:00-04:00,1.3899999856948853,1.4500000476837158,1.3899999856948853,1.440000057220459,77900,0.0,0.0
2023-06-14 00:00:00-04:00,1.440000057220459,1.440000057220459,1.350000023841858,1.3700000047683716,101100,0.0,0.0
2023-06-15 00:00:00-04:00,1.3799999952316284,1.440000057220459,1.3799999952316284,1.4199999570846558,103400,0.0,0.0
2023-06-16 00:00:00-04:00,1.409999966621399,1.5110000371932983,1.409999966621399,1.4800000190734863,274600,0.0,0.0
2023-06-20 00:00:00-04:00,1.4900000095367432,1.5800000429153442,1.4500000476837158,1.5750000476837158,201600,0.0,0.0
2023-06-21 00:00:00-04:00,1.5700000524520874,1.5700000524520874,1.4600000381469727,1.5099999904632568,171100,0.0,0.0
2023-06-22 00:00:00-04:00,1.4700000286102295,1.5399999618530273,1.4299999475479126,1.4500000476837158,195200,0.0,0.0
2023-06-23 00:00:00-04:00,1.4600000381469727,1.4600000381469727,1.2999999523162842,1.340000033378601,445400,0.0,0.0
2023-06-26 00:00:00-04:00,1.3200000524520874,1.340000033378601,1.25,1.2699999809265137,434400,0.0,0.0
2023-06-27 00:00:00-04:00,1.2799999713897705,1.340000033378601,1.2000000476837158,1.2100000381469727,470400,0.0,0.0
2023-06-28 00:00:00-04:00,1.2200000286102295,1.2999999523162842,1.2200000286102295,1.2549999952316284,149500,0.0,0.0
2023-06-29 00:00:00-04:00,1.2699999809265137,1.5299999713897705,1.2699999809265137,1.4700000286102295,818500,0.0,0.0
2023-06-30 00:00:00-04:00,1.5,1.6699999570846558,1.5,1.6399999856948853,610000,0.0,0.0
2023-07-03 00:00:00-04:00,1.649999976158142,1.8680000305175781,1.649999976158142,1.7400000095367432,307000,0.0,0.0
2023-07-05 00:00:00-04:00,1.7200000286102295,1.7699999809265137,1.659999966621399,1.7200000286102295,198900,0.0,0.0
2023-07-06 00:00:00-04:00,1.7000000476837158,1.7699999809265137,1.6799999475479126,1.7599999904632568,156200,0.0,0.0
2023-07-07 00:00:00-04:00,1.7599999904632568,1.850000023841858,1.690000057220459,1.8200000524520874,189900,0.0,0.0
2023-07-10 00:00:00-04:00,1.850000023841858,1.9500000476837158,1.7100000381469727,1.7699999809265137,316400,0.0,0.0
2023-07-11 00:00:00-04:00,1.7200000286102295,1.899999976158142,1.6799999475479126,1.8600000143051147,254500,0.0,0.0
2023-07-12 00:00:00-04:00,1.8600000143051147,1.9290000200271606,1.7510000467300415,1.7999999523162842,209500,0.0,0.0
2023-07-13 00:00:00-04:00,1.7899999618530273,1.8700000047683716,1.7899999618530273,1.8200000524520874,338100,0.0,0.0
2023-07-14 00:00:00-04:00,1.7999999523162842,1.8700000047683716,1.7599999904632568,1.840000033378601,228300,0.0,0.0
2023-07-17 00:00:00-04:00,1.809999942779541,1.9600000381469727,1.7999999523162842,1.8700000047683716,306300,0.0,0.0
2023-07-18 00:00:00-04:00,1.8700000047683716,1.9279999732971191,1.8300000429153442,1.8300000429153442,105600,0.0,0.0
2023-07-19 00:00:00-04:00,1.840000033378601,2.0,1.840000033378601,1.9900000095367432,314300,0.0,0.0
2023-07-20 00:00:00-04:00,1.9900000095367432,1.9900000095367432,1.8630000352859497,1.899999976158142,156800,0.0,0.0
2023-07-21 00:00:00-04:00,1.9500000476837158,1.9500000476837158,1.7100000381469727,1.7200000286102295,533100,0.0,0.0
2023-07-24 00:00:00-04:00,1.7300000190734863,1.7920000553131104,1.6200000047683716,1.7000000476837158,218200,0.0,0.0
2023-07-25 00:00:00-04:00,1.7400000095367432,1.7599999904632568,1.6670000553131104,1.6799999475479126,171200,0.0,0.0
2023-07-26 00:00:00-04:00,1.6799999475479126,1.7699999809265137,1.6519999504089355,1.7000000476837158,369100,0.0,0.0
2023-07-27 00:00:00-04:00,1.7100000381469727,1.7100000381469727,1.5800000429153442,1.590000033378601,256800,0.0,0.0
2023-07-28 00:00:00-04:00,1.7000000476837158,1.75,1.6299999952316284,1.690000057220459,378900,0.0,0.0
2023-07-31 00:00:00-04:00,1.7000000476837158,1.8799999952316284,1.7000000476837158,1.8700000047683716,316300,0.0,0.0
2023-08-01 00:00:00-04:00,1.840000033378601,1.8899999856948853,1.7799999713897705,1.850000023841858,159500,0.0,0.0
2023-08-02 00:00:00-04:00,1.840000033378601,1.840000033378601,1.7400000095367432,1.7899999618530273,167700,0.0,0.0
2023-08-03 00:00:00-04:00,1.7799999713897705,2.059999942779541,1.7519999742507935,2.0350000858306885,682500,0.0,0.0
2023-08-04 00:00:00-04:00,2.0399999618530273,2.069999933242798,1.840000033378601,1.8600000143051147,317100,0.0,0.0
2023-08-07 00:00:00-04:00,1.8700000047683716,1.9390000104904175,1.7999999523162842,1.8300000429153442,107300,0.0,0.0
2023-08-08 00:00:00-04:00,1.7999999523162842,1.8600000143051147,1.75,1.809999942779541,172700,0.0,0.0
2023-08-09 00:00:00-04:00,1.7699999809265137,1.850000023841858,1.75,1.7699999809265137,141000,0.0,0.0
2023-08-10 00:00:00-04:00,1.9500000476837158,2.0,1.850000023841858,1.9199999570846558,629200,0.0,0.0
2023-08-11 00:00:00-04:00,1.8700000047683716,1.9800000190734863,1.8600000143051147,1.9800000190734863,173700,0.0,0.0
2023-08-14 00:00:00-04:00,1.899999976158142,1.899999976158142,1.659999966621399,1.7000000476837158,589400,0.0,0.0
2023-08-15 00:00:00-04:00,1.7000000476837158,1.7100000381469727,1.6299999952316284,1.659999966621399,187000,0.0,0.0
2023-08-16 00:00:00-04:00,1.5700000524520874,1.649999976158142,1.5700000524520874,1.6299999952316284,234500,0.0,0.0
2023-08-17 00:00:00-04:00,1.6200000047683716,1.7200000286102295,1.5800000429153442,1.6299999952316284,362300,0.0,0.0
2023-08-18 00:00:00-04:00,1.590000033378601,1.6649999618530273,1.5499999523162842,1.5499999523162842,106700,0.0,0.0
2023-08-21 00:00:00-04:00,1.5700000524520874,1.600000023841858,1.5099999904632568,1.5199999809265137,169900,0.0,0.0
2023-08-22 00:00:00-04:00,1.5099999904632568,1.5529999732971191,1.4500000476837158,1.5,198300,0.0,0.0
2023-08-23 00:00:00-04:00,1.5099999904632568,1.524999976158142,1.3899999856948853,1.3899999856948853,258000,0.0,0.0
2023-08-24 00:00:00-04:00,1.409999966621399,1.409999966621399,1.2999999523162842,1.3200000524520874,381100,0.0,0.0
2023-08-25 00:00:00-04:00,1.340000033378601,1.3600000143051147,1.2899999618530273,1.350000023841858,322300,0.0,0.0
2023-08-28 00:00:00-04:00,1.340000033378601,1.399999976158142,1.340000033378601,1.3600000143051147,115400,0.0,0.0
2023-08-29 00:00:00-04:00,1.3600000143051147,1.440000057220459,1.350000023841858,1.3700000047683716,178100,0.0,0.0
2023-08-30 00:00:00-04:00,1.3600000143051147,1.399999976158142,1.340000033378601,1.3700000047683716,160200,0.0,0.0
2023-08-31 00:00:00-04:00,1.3600000143051147,1.440000057220459,1.3600000143051147,1.409999966621399,161300,0.0,0.0
2023-09-01 00:00:00-04:00,1.440000057220459,1.4800000190734863,1.4110000133514404,1.440000057220459,89900,0.0,0.0
2023-09-05 00:00:00-04:00,1.440000057220459,1.600000023841858,1.440000057220459,1.5199999809265137,305600,0.0,0.0
2023-09-06 00:00:00-04:00,1.5399999618530273,1.5399999618530273,1.4199999570846558,1.4299999475479126,119400,0.0,0.0
2023-09-07 00:00:00-04:00,1.4299999475479126,1.4299999475479126,1.3799999952316284,1.4199999570846558,84900,0.0,0.0
2023-09-08 00:00:00-04:00,1.399999976158142,1.399999976158142,1.3600000143051147,1.3799999952316284,97000,0.0,0.0
2023-09-11 00:00:00-04:00,1.3899999856948853,1.440000057220459,1.350000023841858,1.3899999856948853,112100,0.0,0.0
2023-09-12 00:00:00-04:00,1.399999976158142,1.4160000085830688,1.3600000143051147,1.3600000143051147,71100,0.0,0.0
2023-09-13 00:00:00-04:00,1.350000023841858,1.3700000047683716,1.312000036239624,1.3200000524520874,141500,0.0,0.0
2023-09-14 00:00:00-04:00,1.309999942779541,1.3329999446868896,1.2799999713897705,1.2999999523162842,171600,0.0,0.0
2023-09-15 00:00:00-04:00,1.2999999523162842,1.3300000429153442,1.2719999551773071,1.2799999713897705,135300,0.0,0.0
2023-09-18 00:00:00-04:00,1.2699999809265137,1.3170000314712524,1.2599999904632568,1.2699999809265137,92500,0.0,0.0
2023-09-19 00:00:00-04:00,1.25,1.2999999523162842,1.2100000381469727,1.2300000190734863,257400,0.0,0.0
2023-09-20 00:00:00-04:00,1.25,1.2799999713897705,1.2300000190734863,1.2400000095367432,102700,0.0,0.0
2023-09-21 00:00:00-04:00,1.2000000476837158,1.2300000190734863,1.190000057220459,1.2100000381469727,165100,0.0,0.0
2023-09-22 00:00:00-04:00,1.2000000476837158,1.2000000476837158,1.0800000429153442,1.1200000047683716,501700,0.0,0.0
2023-09-25 00:00:00-04:00,1.1200000047683716,1.1299999952316284,1.100000023841858,1.1100000143051147,130300,0.0,0.0
2023-09-26 00:00:00-04:00,1.100000023841858,1.1449999809265137,1.0700000524520874,1.0800000429153442,277400,0.0,0.0
2023-09-27 00:00:00-04:00,1.100000023841858,1.3769999742507935,1.0499999523162842,1.25,1099400,0.0,0.0
2023-09-28 00:00:00-04:00,1.25,1.2799999713897705,1.159999966621399,1.2599999904632568,368600,0.0,0.0
2023-09-29 00:00:00-04:00,1.2100000381469727,1.3600000143051147,1.1299999952316284,1.159999966621399,786600,0.0,0.0
2023-10-02 00:00:00-04:00,1.2300000190734863,1.25,1.0800000429153442,1.090000033378601,366300,0.0,0.0
2023-10-03 00:00:00-04:00,1.1100000143051147,1.1100000143051147,0.9800000190734863,1.0,538700,0.0,0.0
2023-10-04 00:00:00-04:00,1.0,1.0099999904632568,0.949999988079071,0.949999988079071,478400,0.0,0.0
2023-10-05 00:00:00-04:00,0.9570000171661377,1.0099999904632568,0.949999988079071,0.9900000095367432,691100,0.0,0.0
2023-10-06 00:00:00-04:00,1.0,1.0099999904632568,0.9700000286102295,1.0099999904632568,241200,0.0,0.0
2023-10-09 00:00:00-04:00,1.059999942779541,1.1200000047683716,1.0099999904632568,1.100000023841858,661800,0.0,0.0
2023-10-10 00:00:00-04:00,1.1399999856948853,1.2599999904632568,1.1299999952316284,1.2400000095367432,339900,0.0,0.0
2023-10-11 00:00:00-04:00,1.2200000286102295,1.25,1.1699999570846558,1.1799999475479126,155100,0.0,0.0
2023-10-12 00:00:00-04:00,1.159999966621399,1.1979999542236328,1.1100000143051147,1.1200000047683716,122000,0.0,0.0
2023-10-13 00:00:00-04:00,1.1200000047683716,1.159999966621399,1.100000023841858,1.1100000143051147,115000,0.0,0.0
2023-10-16 00:00:00-04:00,1.1100000143051147,1.159999966621399,1.100000023841858,1.1399999856948853,291500,0.0,0.0
2023-10-17 00:00:00-04:00,1.1399999856948853,1.1729999780654907,1.059999942779541,1.100000023841858,416700,0.0,0.0
2023-10-18 00:00:00-04:00,1.100000023841858,1.1299999952316284,1.0800000429153442,1.090000033378601,167300,0.0,0.0
2023-10-19 00:00:00-04:00,1.0700000524520874,1.100000023841858,1.0499999523162842,1.090000033378601,267900,0.0,0.0
2023-10-20 00:00:00-04:00,1.149999976158142,1.1799999475479126,1.0800000429153442,1.100000023841858,297400,0.0,0.0
2023-10-23 00:00:00-04:00,1.1399999856948853,1.1399999856948853,1.0099999904632568,1.0099999904632568,244700,0.0,0.0
2023-10-24 00:00:00-04:00,1.0499999523162842,1.0499999523162842,1.0,1.0199999809265137,222900,0.0,0.0
2023-10-25 00:00:00-04:00,1.0099999904632568,1.0199999809265137,0.9800000190734863,1.0199999809265137,90100,0.0,0.0
2023-10-26 00:00:00-04:00,1.0299999713897705,1.034999966621399,0.9909999966621399,1.0,200900,0.0,0.0
2023-10-27 00:00:00-04:00,1.0099999904632568,1.0099999904632568,0.9800000190734863,0.9800000190734863,122000,0.0,0.0
2023-10-30 00:00:00-04:00,0.984000027179718,0.9900000095367432,0.9399999976158142,0.9409999847412109,203700,0.0,0.0
2023-10-31 00:00:00-04:00,0.949999988079071,0.9900000095367432,0.8500000238418579,0.8769999742507935,423600,0.0,0.0
2023-11-01 00:00:00-04:00,0.8859999775886536,0.8859999775886536,0.8299999833106995,0.8299999833106995,211000,0.0,0.0
2023-11-02 00:00:00-04:00,0.8399999737739563,0.9390000104904175,0.8399999737739563,0.8669999837875366,323000,0.0,0.0
2023-11-03 00:00:00-04:00,0.8600000143051147,0.9399999976158142,0.8600000143051147,0.9300000071525574,236200,0.0,0.0
2023-11-06 00:00:00-05:00,0.9399999976158142,0.9449999928474426,0.8999999761581421,0.8999999761581421,161400,0.0,0.0
2023-11-07 00:00:00-05:00,0.8899999856948853,0.8999999761581421,0.8700000047683716,0.8920000195503235,119700,0.0,0.0
2023-11-08 00:00:00-05:00,1.7400000095367432,1.75,1.6150000095367432,1.6299999952316284,15663000,0.0,0.0
2023-11-09 00:00:00-05:00,1.649999976158142,1.6699999570846558,1.6299999952316284,1.659999966621399,5344400,0.0,0.0
2023-11-10 00:00:00-05:00,1.659999966621399,1.659999966621399,1.6299999952316284,1.659999966621399,1858700,0.0,0.0
2023-11-13 00:00:00-05:00,1.659999966621399,1.659999966621399,1.5700000524520874,1.6100000143051147,2288100,0.0,0.0
2023-11-14 00:00:00-05:00,1.6200000047683716,1.6200000047683716,1.5199999809265137,1.5499999523162842,1684900,0.0,0.0
2023-11-15 00:00:00-05:00,1.5499999523162842,1.565000057220459,1.4299999475479126,1.4700000286102295,3208500,0.0,0.0
2023-11-16 00:00:00-05:00,1.4700000286102295,1.475000023841858,1.409999966621399,1.440000057220459,1748200,0.0,0.0
2023-11-17 00:00:00-05:00,1.4500000476837158,1.590000033378601,1.409999966621399,1.5700000524520874,1882700,0.0,0.0
2023-11-20 00:00:00-05:00,1.5800000429153442,1.590000033378601,1.5,1.5399999618530273,588700,0.0,0.0
2023-11-21 00:00:00-05:00,1.5199999809265137,1.5399999618530273,1.5,1.5099999904632568,640100,0.0,0.0
2023-11-22 00:00:00-05:00,1.5,1.5299999713897705,1.5,1.5099999904632568,475800,0.0,0.0
2023-11-24 00:00:00-05:00,1.5,1.524999976158142,1.4800000190734863,1.5099999904632568,442100,0.0,0.0
2023-11-27 00:00:00-05:00,1.5099999904632568,1.5299999713897705,1.5,1.5099999904632568,514700,0.0,0.0
2023-11-28 00:00:00-05:00,1.5099999904632568,1.5199999809265137,1.4700000286102295,1.4900000095367432,504200,0.0,0.0
2023-11-29 00:00:00-05:00,1.4900000095367432,1.5099999904632568,1.4700000286102295,1.4850000143051147,691300,0.0,0.0
2023-11-30 00:00:00-05:00,1.4800000190734863,1.5099999904632568,1.4500000476837158,1.4700000286102295,889500,0.0,0.0
2023-12-01 00:00:00-05:00,1.4800000190734863,1.5,1.4800000190734863,1.4900000095367432,510600,0.0,0.0
2023-12-04 00:00:00-05:00,1.5299999713897705,1.5299999713897705,1.4900000095367432,1.5,387300,0.0,0.0
2023-12-05 00:00:00-05:00,1.5099999904632568,1.524999976158142,1.4900000095367432,1.5,292500,0.0,0.0
2023-12-06 00:00:00-05:00,1.5,1.5700000524520874,1.5,1.5299999713897705,776800,0.0,0.0
2023-12-07 00:00:00-05:00,1.5399999618530273,1.559999942779541,1.5299999713897705,1.5399999618530273,207900,0.0,0.0
2023-12-08 00:00:00-05:00,1.5299999713897705,1.5700000524520874,1.5299999713897705,1.559999942779541,201800,0.0,0.0
2023-12-11 00:00:00-05:00,1.5499999523162842,1.600000023841858,1.5499999523162842,1.5800000429153442,339500,0.0,0.0
2023-12-12 00:00:00-05:00,1.5499999523162842,1.6299999952316284,1.5499999523162842,1.6200000047683716,596600,0.0,0.0
2023-12-13 00:00:00-05:00,1.6200000047683716,1.649999976158142,1.590999960899353,1.6299999952316284,303200,0.0,0.0
2023-12-14 00:00:00-05:00,1.6299999952316284,1.649999976158142,1.5700000524520874,1.6100000143051147,595400,0.0,0.0
2023-12-15 00:00:00-05:00,1.600000023841858,1.6549999713897705,1.600000023841858,1.649999976158142,465200,0.0,0.0
2023-12-18 00:00:00-05:00,1.6299999952316284,1.659999966621399,1.6299999952316284,1.6299999952316284,327900,0.0,0.0
2023-12-19 00:00:00-05:00,1.6299999952316284,1.659999966621399,1.6299999952316284,1.649999976158142,357600,0.0,0.0
2023-12-20 00:00:00-05:00,1.6299999952316284,1.659999966621399,1.600000023841858,1.6100000143051147,419100,0.0,0.0
2023-12-21 00:00:00-05:00,1.600000023841858,1.6150000095367432,1.5850000381469727,1.6100000143051147,324800,0.0,0.0
2023-12-22 00:00:00-05:00,1.600000023841858,1.625,1.600000023841858,1.6100000143051147,191500,0.0,0.0
2023-12-26 00:00:00-05:00,1.600000023841858,1.6150000095367432,1.600000023841858,1.600000023841858,331300,0.0,0.0
2023-12-27 00:00:00-05:00,1.600000023841858,1.6150000095367432,1.600000023841858,1.600000023841858,744500,0.0,0.0
2023-12-28 00:00:00-05:00,1.600000023841858,1.6100000143051147,1.600000023841858,1.600000023841858,98700,0.0,0.0
2023-12-29 00:00:00-05:00,1.600000023841858,1.6100000143051147,1.5700000524520874,1.5800000429153442,1267300,0.0,0.0
2024-01-02 00:00:00-05:00,1.590000033378601,1.590000033378601,1.5509999990463257,1.559999942779541,508500,0.0,0.0
2024-01-03 00:00:00-05:00,1.559999942779541,1.5800000429153442,1.559999942779541,1.5700000524520874,215200,0.0,0.0
2024-01-04 00:00:00-05:00,1.559999942779541,1.5750000476837158,1.559999942779541,1.559999942779541,231800,0.0,0.0
2024-01-05 00:00:00-05:00,1.559999942779541,1.5800000429153442,1.559999942779541,1.5700000524520874,152300,0.0,0.0
2024-01-08 00:00:00-05:00,1.559999942779541,1.5700000524520874,1.559999942779541,1.559999942779541,91900,0.0,0.0
2024-01-09 00:00:00-05:00,1.559999942779541,1.5700000524520874,1.559999942779541,1.5700000524520874,163300,0.0,0.0
2024-01-10 00:00:00-05:00,1.559999942779541,1.5700000524520874,1.5399999618530273,1.559999942779541,412900,0.0,0.0
2024-01-11 00:00:00-05:00,1.5499999523162842,1.559999942779541,1.5399999618530273,1.5499999523162842,157000,0.0,0.0
2024-01-12 00:00:00-05:00,1.5499999523162842,1.5499999523162842,1.5,1.5199999809265137,362500,0.0,0.0
2024-01-16 00:00:00-05:00,1.5099999904632568,1.534999966621399,1.5099999904632568,1.5199999809265137,173100,0.0,0.0
2024-01-17 00:00:00-05:00,1.5099999904632568,1.5700000524520874,1.5099999904632568,1.5499999523162842,342300,0.0,0.0
2024-01-18 00:00:00-05:00,1.5700000524520874,1.6009999513626099,1.5399999618530273,1.590000033378601,757000,0.0,0.0
2024-01-19 00:00:00-05:00,1.5700000524520874,1.5700000524520874,1.524999976158142,1.5299999713897705,271200,0.0,0.0
2024-01-22 00:00:00-05:00,1.5399999618530273,1.5700000524520874,1.5299999713897705,1.5700000524520874,204900,0.0,0.0
2024-01-23 00:00:00-05:00,1.5700000524520874,1.590000033378601,1.5399999618530273,1.5700000524520874,102300,0.0,0.0
2024-01-24 00:00:00-05:00,1.600000023841858,1.600000023841858,1.559999942779541,1.5800000429153442,87300,0.0,0.0
2024-01-25 00:00:00-05:00,1.590000033378601,1.590000033378601,1.5549999475479126,1.559999942779541,120600,0.0,0.0
2024-01-26 00:00:00-05:00,1.559999942779541,1.5700000524520874,1.5399999618530273,1.5399999618530273,66200,0.0,0.0
2024-01-29 00:00:00-05:00,1.5499999523162842,1.5989999771118164,1.5299999713897705,1.5399999618530273,356200,0.0,0.0
2024-01-30 00:00:00-05:00,1.5499999523162842,1.5499999523162842,1.5299999713897705,1.5299999713897705,82600,0.0,0.0
2024-01-31 00:00:00-05:00,1.5299999713897705,1.5399999618530273,1.5199999809265137,1.5199999809265137,94200,0.0,0.0
2024-02-01 00:00:00-05:00,1.5199999809265137,1.5390000343322754,1.5199999809265137,1.5299999713897705,51100,0.0,0.0
2024-02-02 00:00:00-05:00,1.5399999618530273,1.5399999618530273,1.5199999809265137,1.5299999713897705,130000,0.0,0.0
2024-02-05 00:00:00-05:00,1.5399999618530273,1.5399999618530273,1.5,1.5199999809265137,122100,0.0,0.0
2024-02-06 00:00:00-05:00,1.5299999713897705,1.5299999713897705,1.5099999904632568,1.5199999809265137,43900,0.0,0.0
2024-02-07 00:00:00-05:00,1.5199999809265137,1.5299999713897705,1.5099999904632568,1.5299999713897705,202900,0.0,0.0
2024-02-08 00:00:00-05:00,1.5299999713897705,1.534999966621399,1.5099999904632568,1.5199999809265137,44700,0.0,0.0
2024-02-09 00:00:00-05:00,1.5199999809265137,1.5499999523162842,1.5199999809265137,1.5499999523162842,89600,0.0,0.0
2024-02-12 00:00:00-05:00,1.5299999713897705,1.5800000429153442,1.5199999809265137,1.5499999523162842,181600,0.0,0.0
2024-02-13 00:00:00-05:00,1.5399999618530273,1.5700000524520874,1.5299999713897705,1.5700000524520874,248900,0.0,0.0
2024-02-14 00:00:00-05:00,1.5299999713897705,1.5700000524520874,1.5299999713897705,1.559999942779541,210700,0.0,0.0
2024-02-15 00:00:00-05:00,1.5499999523162842,1.559999942779541,1.5449999570846558,1.559999942779541,188200,0.0,0.0
2024-02-16 00:00:00-05:00,1.5499999523162842,1.600000023841858,1.5399999618530273,1.590000033378601,463600,0.0,0.0
2024-02-20 00:00:00-05:00,1.5499999523162842,1.5800000429153442,1.5499999523162842,1.5499999523162842,171000,0.0,0.0
2024-02-21 00:00:00-05:00,1.5499999523162842,1.559999942779541,1.5399999618530273,1.559999942779541,200500,0.0,0.0
2024-02-22 00:00:00-05:00,1.5700000524520874,1.5700000524520874,1.5,1.5,210700,0.0,0.0
2024-02-23 00:00:00-05:00,1.5199999809265137,1.5390000343322754,1.5,1.5099999904632568,162300,0.0,0.0
2024-02-26 00:00:00-05:00,1.5,1.534999966621399,1.5,1.5,110400,0.0,0.0
2024-02-27 00:00:00-05:00,1.5199999809265137,1.5299999713897705,1.5,1.5099999904632568,66500,0.0,0.0
2024-02-28 00:00:00-05:00,1.5,1.5180000066757202,1.4989999532699585,1.5,104500,0.0,0.0
2024-02-29 00:00:00-05:00,1.5,1.5199999809265137,1.4900000095367432,1.5199999809265137,202300,0.0,0.0
2024-03-01 00:00:00-05:00,1.5099999904632568,1.5199999809265137,1.4199999570846558,1.4900000095367432,529200,0.0,0.0
2024-03-04 00:00:00-05:00,1.4500000476837158,1.5099999904632568,1.4500000476837158,1.4900000095367432,552900,0.0,0.0
2024-03-05 00:00:00-05:00,1.4600000381469727,1.4900000095367432,1.4500000476837158,1.4500000476837158,173900,0.0,0.0
2024-03-06 00:00:00-05:00,1.4700000286102295,1.4800000190734863,1.4500000476837158,1.4500000476837158,101700,0.0,0.0
2024-03-07 00:00:00-05:00,1.4500000476837158,1.4700000286102295,1.430999994277954,1.4600000381469727,139100,0.0,0.0
2024-03-08 00:00:00-05:00,1.4500000476837158,1.4900000095367432,1.440000057220459,1.4500000476837158,98500,0.0,0.0
2024-03-11 00:00:00-04:00,1.4500000476837158,1.4800000190734863,1.4500000476837158,1.4500000476837158,103400,0.0,0.0
2024-03-12 00:00:00-04:00,1.4500000476837158,1.4500000476837158,1.409999966621399,1.409999966621399,226200,0.0,0.0
2024-03-13 00:00:00-04:00,1.399999976158142,1.409999966621399,1.2000000476837158,1.2999999523162842,1478600,0.0,0.0
2024-03-14 00:00:00-04:00,1.2999999523162842,1.309999942779541,1.25,1.2799999713897705,352600,0.0,0.0
2024-03-15 00:00:00-04:00,1.2599999904632568,1.3200000524520874,1.25,1.2799999713897705,411600,0.0,0.0
2024-03-18 00:00:00-04:00,1.2799999713897705,1.309999942779541,1.2699999809265137,1.2799999713897705,220700,0.0,0.0
2024-03-19 00:00:00-04:00,1.2899999618530273,1.3289999961853027,1.2699999809265137,1.2899999618530273,266300,0.0,0.0
2024-03-20 00:00:00-04:00,1.2999999523162842,1.3389999866485596,1.2799999713897705,1.3200000524520874,184500,0.0,0.0
2024-03-21 00:00:00-04:00,1.3200000524520874,1.340000033378601,1.2999999523162842,1.3200000524520874,164700,0.0,0.0
2024-03-22 00:00:00-04:00,1.309999942779541,1.3200000524520874,1.2799999713897705,1.309999942779541,124200,0.0,0.0
2024-03-25 00:00:00-04:00,1.2899999618530273,1.2999999523162842,1.2300000190734863,1.25,122200,0.0,0.0
2024-03-26 00:00:00-04:00,1.25,1.2899999618530273,1.2400000095367432,1.2799999713897705,149000,0.0,0.0
2024-03-27 00:00:00-04:00,1.25,1.2899999618530273,1.25,1.2699999809265137,127900,0.0,0.0
2024-03-28 00:00:00-04:00,1.2599999904632568,1.2990000247955322,1.2599999904632568,1.2699999809265137,97300,0.0,0.0
2024-04-01 00:00:00-04:00,1.2999999523162842,1.3799999952316284,1.2599999904632568,1.309999942779541,517000,0.0,0.0
2024-04-02 00:00:00-04:00,1.309999942779541,1.309999942779541,1.2799999713897705,1.309999942779541,80400,0.0,0.0
2024-04-03 00:00:00-04:00,1.309999942779541,1.3700000047683716,1.2899999618530273,1.350000023841858,123200,0.0,0.0
2024-04-04 00:00:00-04:00,1.3300000429153442,1.3650000095367432,1.3200000524520874,1.3300000429153442,170800,0.0,0.0
2024-04-05 00:00:00-04:00,1.3200000524520874,1.3700000047683716,1.3200000524520874,1.3600000143051147,82200,0.0,0.0
2024-04-08 00:00:00-04:00,1.3700000047683716,1.375,1.3300000429153442,1.350000023841858,66600,0.0,0.0
2024-04-09 00:00:00-04:00,1.350000023841858,1.3899999856948853,1.3300000429153442,1.3700000047683716,90400,0.0,0.0
2024-04-10 00:00:00-04:00,1.3700000047683716,1.3799999952316284,1.350000023841858,1.3600000143051147,109000,0.0,0.0
2024-04-11 00:00:00-04:00,1.3700000047683716,1.3899999856948853,1.350000023841858,1.3700000047683716,75000,0.0,0.0
2024-04-12 00:00:00-04:00,1.3600000143051147,1.3739999532699585,1.309999942779541,1.340000033378601,99900,0.0,0.0
2024-04-15 00:00:00-04:00,1.340000033378601,1.350000023841858,1.2899999618530273,1.309999942779541,119200,0.0,0.0
2024-04-16 00:00:00-04:00,1.2999999523162842,1.3200000524520874,1.2699999809265137,1.2899999618530273,115400,0.0,0.0
2024-04-17 00:00:00-04:00,1.309999942779541,1.3200000524520874,1.2699999809265137,1.2899999618530273,96900,0.0,0.0
2024-04-18 00:00:00-04:00,1.2999999523162842,1.3200000524520874,1.2799999713897705,1.2899999618530273,109100,0.0,0.0
2024-04-19 00:00:00-04:00,1.2699999809265137,1.350000023841858,1.2699999809265137,1.2699999809265137,96800,0.0,0.0
2024-04-22 00:00:00-04:00,1.2699999809265137,1.2999999523162842,1.2400000095367432,1.2599999904632568,146300,0.0,0.0
2024-04-23 00:00:00-04:00,1.25,1.2899999618530273,1.190000057220459,1.2300000190734863,458400,0.0,0.0
2024-04-24 00:00:00-04:00,1.2400000095367432,1.2400000095367432,1.2200000286102295,1.2300000190734863,54400,0.0,0.0
2024-04-25 00:00:00-04:00,1.2200000286102295,1.2450000047683716,1.2000000476837158,1.2200000286102295,112500,0.0,0.0
2024-04-26 00:00:00-04:00,1.2100000381469727,1.2400000095367432,1.2000000476837158,1.2200000286102295,75900,0.0,0.0
2024-04-29 00:00:00-04:00,1.2200000286102295,1.2300000190734863,1.1699999570846558,1.1799999475479126,323400,0.0,0.0
2024-04-30 00:00:00-04:00,1.190000057220459,1.2000000476837158,1.1699999570846558,1.1799999475479126,113800,0.0,0.0
2024-05-01 00:00:00-04:00,1.1699999570846558,1.2000000476837158,1.1699999570846558,1.190000057220459,64200,0.0,0.0
2024-05-02 00:00:00-04:00,1.1699999570846558,1.2300000190734863,1.1699999570846558,1.190000057220459,128900,0.0,0.0
2024-05-03 00:00:00-04:00,1.2000000476837158,1.2000000476837158,1.1699999570846558,1.1799999475479126,95700,0.0,0.0
2024-05-06 00:00:00-04:00,1.1799999475479126,1.2000000476837158,1.1799999475479126,1.190000057220459,85500,0.0,0.0
2024-05-07 00:00:00-04:00,1.2100000381469727,1.2400000095367432,1.1799999475479126,1.2000000476837158,94300,0.0,0.0
2024-05-08 00:00:00-04:00,1.2100000381469727,1.2400000095367432,1.2000000476837158,1.2300000190734863,38600,0.0,0.0
2024-05-09 00:00:00-04:00,1.2300000190734863,1.2799999713897705,1.2300000190734863,1.2699999809265137,206200,0.0,0.0
2024-05-10 00:00:00-04:00,1.2300000190734863,1.3600000143051147,1.2300000190734863,1.340000033378601,211800,0.0,0.0
2024-05-13 00:00:00-04:00,1.3600000143051147,1.399999976158142,1.350000023841858,1.3899999856948853,181700,0.0,0.0
2024-05-14 00:00:00-04:00,1.3899999856948853,1.409999966621399,1.3799999952316284,1.3899999856948853,138400,0.0,0.0
2024-05-15 00:00:00-04:00,1.399999976158142,1.409999966621399,1.3600000143051147,1.3700000047683716,97800,0.0,0.0
2024-05-16 00:00:00-04:00,1.3700000047683716,1.3899999856948853,1.2999999523162842,1.3200000524520874,174200,0.0,0.0
2024-05-17 00:00:00-04:00,1.3200000524520874,1.350000023841858,1.3200000524520874,1.340000033378601,55900,0.0,0.0
2024-05-20 00:00:00-04:00,1.3200000524520874,1.3899999856948853,1.2999999523162842,1.3799999952316284,133800,0.0,0.0
2024-05-21 00:00:00-04:00,1.3600000143051147,1.3700000047683716,1.3339999914169312,1.340000033378601,31400,0.0,0.0
2024-05-22 00:00:00-04:00,1.3200000524520874,1.3799999952316284,1.3200000524520874,1.3600000143051147,51200,0.0,0.0
2024-05-23 00:00:00-04:00,1.340000033378601,1.340000033378601,1.3200000524520874,1.3300000429153442,99500,0.0,0.0
2024-05-24 00:00:00-04:00,1.3300000429153442,1.350000023841858,1.3200000524520874,1.3300000429153442,104900,0.0,0.0
2024-05-28 00:00:00-04:00,1.3200000524520874,1.3700000047683716,1.3200000524520874,1.3700000047683716,31500,0.0,0.0
2024-05-29 00:00:00-04:00,1.350000023841858,1.3700000047683716,1.3300000429153442,1.350000023841858,48500,0.0,0.0
2024-05-30 00:00:00-04:00,1.340000033378601,1.3799999952316284,1.340000033378601,1.3600000143051147,98300,0.0,0.0
2024-05-31 00:00:00-04:00,1.3600000143051147,1.3799999952316284,1.350000023841858,1.350000023841858,91600,0.0,0.0
2024-06-03 00:00:00-04:00,1.340000033378601,1.3700000047683716,1.340000033378601,1.3700000047683716,63100,0.0,0.0
2024-06-04 00:00:00-04:00,1.350000023841858,1.3799999952316284,1.340000033378601,1.3600000143051147,92100,0.0,0.0
2024-06-05 00:00:00-04:00,1.3300000429153442,1.3899999856948853,1.309999942779541,1.3799999952316284,89100,0.0,0.0
2024-06-06 00:00:00-04:00,1.3799999952316284,1.3899999856948853,1.3700000047683716,1.3799999952316284,60000,0.0,0.0
2024-06-07 00:00:00-04:00,1.3799999952316284,1.3899999856948853,1.3600000143051147,1.3799999952316284,82100,0.0,0.0
2024-06-10 00:00:00-04:00,1.3700000047683716,1.3899999856948853,1.3600000143051147,1.3600000143051147,69700,0.0,0.0
2024-06-11 00:00:00-04:00,1.350000023841858,1.3899999856948853,1.340000033378601,1.375,60500,0.0,0.0
2024-06-12 00:00:00-04:00,1.3700000047683716,1.3899999856948853,1.340000033378601,1.3799999952316284,64000,0.0,0.0
2024-06-13 00:00:00-04:00,1.3899999856948853,1.440000057220459,1.3899999856948853,1.4299999475479126,196200,0.0,0.0
2024-06-14 00:00:00-04:00,1.409999966621399,1.4500000476837158,1.409999966621399,1.440000057220459,69700,0.0,0.0
2024-06-17 00:00:00-04:00,1.4199999570846558,1.434000015258789,1.3799999952316284,1.399999976158142,56900,0.0,0.0
2024-06-18 00:00:00-04:00,1.399999976158142,1.4199999570846558,1.399999976158142,1.409999966621399,44900,0.0,0.0
2024-06-20 00:00:00-04:00,1.4299999475479126,1.4299999475479126,1.3799999952316284,1.409999966621399,119300,0.0,0.0
2024-06-21 00:00:00-04:00,1.399999976158142,1.4299999475479126,1.399999976158142,1.4199999570846558,72700,0.0,0.0
2024-06-24 00:00:00-04:00,1.3899999856948853,1.4299999475479126,1.3899999856948853,1.409999966621399,39200,0.0,0.0
2024-06-25 00:00:00-04:00,1.399999976158142,1.4199999570846558,1.2899999618530273,1.3600000143051147,72500,0.0,0.0
2024-06-26 00:00:00-04:00,1.340000033378601,1.399999976158142,1.340000033378601,1.3799999952316284,119700,0.0,0.0
2024-06-27 00:00:00-04:00,1.4299999475479126,1.4800000190734863,1.3899999856948853,1.4800000190734863,440800,0.0,0.0
2024-06-28 00:00:00-04:00,1.4700000286102295,1.4800000190734863,1.4500000476837158,1.475000023841858,81400,0.0,0.0
2024-07-01 00:00:00-04:00,1.4600000381469727,1.5199999809265137,1.4600000381469727,1.4700000286102295,141500,0.0,0.0
2024-07-02 00:00:00-04:00,1.4600000381469727,1.4950000047683716,1.4500000476837158,1.4800000190734863,65500,0.0,0.0
2024-07-03 00:00:00-04:00,1.4700000286102295,1.4900000095367432,1.4600000381469727,1.4700000286102295,73400,0.0,0.0
2024-07-05 00:00:00-04:00,1.4600000381469727,1.4600000381469727,1.350000023841858,1.4299999475479126,162500,0.0,0.0
2024-07-08 00:00:00-04:00,1.440000057220459,1.559999942779541,1.3899999856948853,1.5499999523162842,428800,0.0,0.0
2024-07-09 00:00:00-04:00,1.5499999523162842,1.590000033378601,1.5160000324249268,1.5800000429153442,585200,0.0,0.0
2024-07-10 00:00:00-04:00,1.5800000429153442,1.5950000286102295,1.5399999618530273,1.559999942779541,107600,0.0,0.0
2024-07-11 00:00:00-04:00,1.5499999523162842,1.559999942779541,1.5199999809265137,1.5499999523162842,158300,0.0,0.0
2024-07-12 00:00:00-04:00,1.5399999618530273,1.600000023841858,1.5399999618530273,1.5800000429153442,185000,0.0,0.0
2024-07-15 00:00:00-04:00,1.559999942779541,1.590000033378601,1.559999942779541,1.5800000429153442,76400,0.0,0.0
2024-07-16 00:00:00-04:00,1.5800000429153442,1.5850000381469727,1.5499999523162842,1.559999942779541,134700,0.0,0.0
2024-07-17 00:00:00-04:00,1.559999942779541,1.5800000429153442,1.5499999523162842,1.5700000524520874,57100,0.0,0.0
2024-07-18 00:00:00-04:00,1.5700000524520874,1.5800000429153442,1.5499999523162842,1.5700000524520874,55000,0.0,0.0
2024-07-19 00:00:00-04:00,1.5700000524520874,1.5700000524520874,1.4900000095367432,1.5099999904632568,95100,0.0,0.0
2024-07-22 00:00:00-04:00,1.5199999809265137,1.534999966621399,1.5,1.5299999713897705,36100,0.0,0.0
2024-07-23 00:00:00-04:00,1.5199999809265137,1.5299999713897705,1.4900000095367432,1.5299999713897705,42100,0.0,0.0
2024-07-24 00:00:00-04:00,1.5199999809265137,1.5299999713897705,1.5099999904632568,1.5199999809265137,14400,0.0,0.0
2024-07-25 00:00:00-04:00,1.5099999904632568,1.5299999713897705,1.5,1.5199999809265137,22900,0.0,0.0
2024-07-26 00:00:00-04:00,1.5299999713897705,1.5299999713897705,1.5,1.5299999713897705,53000,0.0,0.0
2024-07-29 00:00:00-04:00,1.5099999904632568,1.565999984741211,1.5099999904632568,1.5399999618530273,125800,0.0,0.0
2024-07-30 00:00:00-04:00,1.5399999618530273,1.559999942779541,1.5299999713897705,1.5549999475479126,41600,0.0,0.0
2024-07-31 00:00:00-04:00,1.5399999618530273,1.590000033378601,1.5299999713897705,1.5850000381469727,123700,0.0,0.0
2024-08-01 00:00:00-04:00,1.590000033378601,1.600000023841858,1.5499999523162842,1.590000033378601,98100,0.0,0.0
2024-08-02 00:00:00-04:00,1.5700000524520874,1.590000033378601,1.5499999523162842,1.5700000524520874,90000,0.0,0.0
2024-08-05 00:00:00-04:00,1.5,1.559999942779541,1.5,1.5399999618530273,77000,0.0,0.0
2024-08-06 00:00:00-04:00,1.5199999809265137,1.559999942779541,1.5199999809265137,1.5199999809265137,121900,0.0,0.0
2024-08-07 00:00:00-04:00,1.5199999809265137,1.559999942779541,1.5199999809265137,1.5299999713897705,116500,0.0,0.0
2024-08-08 00:00:00-04:00,1.5399999618530273,1.5700000524520874,1.5199999809265137,1.5299999713897705,281800,0.0,0.0
2024-08-09 00:00:00-04:00,1.5700000524520874,1.5800000429153442,1.534999966621399,1.5499999523162842,358100,0.0,0.0
2024-08-12 00:00:00-04:00,1.5499999523162842,1.6699999570846558,1.5499999523162842,1.6200000047683716,389100,0.0,0.0
2024-08-13 00:00:00-04:00,1.6100000143051147,1.6799999475479126,1.6100000143051147,1.659999966621399,121000,0.0,0.0
2024-08-14 00:00:00-04:00,1.659999966621399,1.7300000190734863,1.6299999952316284,1.649999976158142,371600,0.0,0.0
2024-08-15 00:00:00-04:00,1.7100000381469727,1.7300000190734863,1.659999966621399,1.7000000476837158,136500,0.0,0.0
2024-08-16 00:00:00-04:00,1.7000000476837158,1.7549999952316284,1.6799999475479126,1.7200000286102295,300600,0.0,0.0
2024-08-19 00:00:00-04:00,1.7100000381469727,1.7400000095367432,1.690000057220459,1.7000000476837158,161000,0.0,0.0
2024-08-20 00:00:00-04:00,1.7200000286102295,1.7400000095367432,1.7000000476837158,1.7100000381469727,87700,0.0,0.0
2024-08-21 00:00:00-04:00,1.7200000286102295,1.7400000095367432,1.7200000286102295,1.7200000286102295,231100,0.0,0.0
2024-08-22 00:00:00-04:00,1.7200000286102295,1.7350000143051147,1.7200000286102295,1.7300000190734863,137800,0.0,0.0
2024-08-23 00:00:00-04:00,1.7200000286102295,1.75,1.7200000286102295,1.7300000190734863,121500,0.0,0.0
2024-08-26 00:00:00-04:00,1.7400000095367432,1.7400000095367432,1.7200000286102295,1.7200000286102295,64900,0.0,0.0
2024-08-27 00:00:00-04:00,1.7200000286102295,1.7400000095367432,1.7200000286102295,1.7400000095367432,293500,0.0,0.0
2024-08-28 00:00:00-04:00,1.7300000190734863,1.7400000095367432,1.7300000190734863,1.7300000190734863,47300,0.0,0.0
2024-08-29 00:00:00-04:00,1.7400000095367432,1.75,1.7300000190734863,1.7300000190734863,136400,0.0,0.0
2024-08-30 00:00:00-04:00,1.7599999904632568,1.7899999618530273,1.7300000190734863,1.7300000190734863,171600,0.0,0.0
2024-09-03 00:00:00-04:00,1.75,1.75,1.7300000190734863,1.7300000190734863,135000,0.0,0.0
2024-09-04 00:00:00-04:00,1.7300000190734863,1.7799999713897705,1.7300000190734863,1.7350000143051147,76600,0.0,0.0
2024-09-05 00:00:00-04:00,1.7400000095367432,1.75,1.7300000190734863,1.7300000190734863,61300,0.0,0.0
2024-09-06 00:00:00-04:00,1.7300000190734863,1.7649999856948853,1.7300000190734863,1.7400000095367432,301800,0.0,0.0
2024-09-09 00:00:00-04:00,1.7400000095367432,1.7400000095367432,1.725000023841858,1.7400000095367432,136200,0.0,0.0
2024-09-10 00:00:00-04:00,1.7400000095367432,1.7400000095367432,1.7300000190734863,1.7400000095367432,68000,0.0,0.0
2024-09-11 00:00:00-04:00,1.7400000095367432,1.7400000095367432,1.7300000190734863,1.7400000095367432,112300,0.0,0.0
2024-09-12 00:00:00-04:00,1.7300000190734863,1.7599999904632568,1.7300000190734863,1.7589999437332153,299100,0.0,0.0
2024-09-13 00:00:00-04:00,1.809999942779541,1.8300000429153442,1.7999999523162842,1.8200000524520874,636600,0.0,0.0
2024-09-16 00:00:00-04:00,1.809999942779541,1.8200000524520874,1.809999942779541,1.809999942779541,101500,0.0,0.0
2024-09-17 00:00:00-04:00,1.809999942779541,1.819000005722046,1.7400000095367432,1.75,311900,0.0,0.0
2024-09-18 00:00:00-04:00,1.75,1.7999999523162842,1.75,1.7799999713897705,132500,0.0,0.0
2024-09-19 00:00:00-04:00,1.7799999713897705,1.7999999523162842,1.7599999904632568,1.7699999809265137,46200,0.0,0.0
2024-09-20 00:00:00-04:00,1.7699999809265137,1.809999942779541,1.7599999904632568,1.809999942779541,173800,0.0,0.0
2024-09-23 00:00:00-04:00,1.7999999523162842,1.805999994277954,1.7699999809265137,1.7799999713897705,101300,0.0,0.0
2024-09-24 00:00:00-04:00,1.7699999809265137,1.7799999713897705,1.7619999647140503,1.7699999809265137,33900,0.0,0.0
2024-09-25 00:00:00-04:00,1.7699999809265137,1.7699999809265137,1.7400000095367432,1.7400000095367432,129700,0.0,0.0
2024-09-26 00:00:00-04:00,1.75,1.7649999856948853,1.7300000190734863,1.7400000095367432,127600,0.0,0.0
2024-09-27 00:00:00-04:00,1.7400000095367432,1.7999999523162842,1.7400000095367432,1.7799999713897705,155100,0.0,0.0
2024-09-30 00:00:00-04:00,1.7400000095367432,1.7799999713897705,1.7400000095367432,1.7699999809265137,188900,0.0,0.0
2024-10-01 00:00:00-04:00,1.7699999809265137,1.7999999523162842,1.7649999856948853,1.7699999809265137,58100,0.0,0.0
2024-10-02 00:00:00-04:00,1.7699999809265137,1.774999976158142,1.75,1.75,80300,0.0,0.0
2024-10-03 00:00:00-04:00,1.75,1.7599999904632568,1.7450000047683716,1.75,198000,0.0,0.0
2024-10-04 00:00:00-04:00,1.75,1.7599999904632568,1.7400000095367432,1.75,152800,0.0,0.0
2024-10-07 00:00:00-04:00,1.75,1.7799999713897705,1.75,1.7699999809265137,62100,0.0,0.0
2024-10-08 00:00:00-04:00,1.7699999809265137,1.7699999809265137,1.7410000562667847,1.7599999904632568,122000,0.0,0.0
2024-10-09 00:00:00-04:00,1.7899999618530273,1.850000023841858,1.7699999809265137,1.809999942779541,728000,0.0,0.0
2024-10-10 00:00:00-04:00,1.809999942779541,1.840000033378601,1.809999942779541,1.8300000429153442,440800,0.0,0.0
2024-10-11 00:00:00-04:00,1.850000023841858,1.850000023841858,1.8200000524520874,1.8300000429153442,214200,0.0,0.0
2024-10-14 00:00:00-04:00,1.8300000429153442,1.840000033378601,1.809999942779541,1.840000033378601,218100,0.0,0.0
2024-10-15 00:00:00-04:00,1.840000033378601,1.8450000286102295,1.8300000429153442,1.840000033378601,109200,0.0,0.0
2024-10-16 00:00:00-04:00,1.840000033378601,1.850000023841858,1.8300000429153442,1.840000033378601,56800,0.0,0.0
2024-10-17 00:00:00-04:00,1.8300000429153442,1.840000033378601,1.8200000524520874,1.8300000429153442,195600,0.0,0.0
2024-10-18 00:00:00-04:00,1.8200000524520874,1.8389999866485596,1.7999999523162842,1.8300000429153442,284900,0.0,0.0
2024-10-21 00:00:00-04:00,1.809999942779541,1.840000033378601,1.809999942779541,1.8300000429153442,119400,0.0,0.0
2024-10-22 00:00:00-04:00,1.8300000429153442,1.840000033378601,1.8300000429153442,1.8300000429153442,43700,0.0,0.0
2024-10-23 00:00:00-04:00,1.809999942779541,1.840000033378601,1.809999942779541,1.8200000524520874,245100,0.0,0.0
2024-10-24 00:00:00-04:00,1.809999942779541,1.8300000429153442,1.809999942779541,1.8200000524520874,72500,0.0,0.0
2024-10-25 00:00:00-04:00,1.809999942779541,1.8250000476837158,1.809999942779541,1.809999942779541,165900,0.0,0.0
2024-10-28 00:00:00-04:00,1.8200000524520874,1.8200000524520874,1.809999942779541,1.809999942779541,128000,0.0,0.0
2024-10-29 00:00:00-04:00,1.809999942779541,1.815000057220459,1.7999999523162842,1.7999999523162842,137700,0.0,0.0
2024-10-30 00:00:00-04:00,1.7899999618530273,1.8200000524520874,1.7699999809265137,1.7999999523162842,140100,0.0,0.0
2024-10-31 00:00:00-04:00,1.7999999523162842,1.7999999523162842,1.7899999618530273,1.7899999618530273,53800,0.0,0.0
2024-11-01 00:00:00-04:00,1.7699999809265137,1.809999942779541,1.7699999809265137,1.7999999523162842,105300,0.0,0.0
2024-11-04 00:00:00-05:00,1.809999942779541,1.809999942779541,1.7799999713897705,1.7899999618530273,89600,0.0,0.0
2024-11-05 00:00:00-05:00,1.7899999618530273,1.8200000524520874,1.7899999618530273,1.7999999523162842,88300,0.0,0.0
2024-11-06 00:00:00-05:00,1.7999999523162842,1.8200000524520874,1.7999999523162842,1.809999942779541,82900,0.0,0.0
2024-11-07 00:00:00-05:00,1.8200000524520874,1.8200000524520874,1.7799999713897705,1.7899999618530273,174100,0.0,0.0
2024-11-08 00:00:00-05:00,1.7899999618530273,1.7999999523162842,1.7699999809265137,1.7899999618530273,213600,0.0,0.0
2024-11-11 00:00:00-05:00,1.7899999618530273,1.8300000429153442,1.7799999713897705,1.8200000524520874,530900,0.0,0.0
2024-11-12 00:00:00-05:00,1.8200000524520874,1.840000033378601,1.809999942779541,1.8200000524520874,383400,0.0,0.0
2024-11-13 00:00:00-05:00,1.8300000429153442,1.8300000429153442,1.809999942779541,1.8200000524520874,269800,0.0,0.0
2024-11-14 00:00:00-05:00,1.8200000524520874,1.8200000524520874,1.7999999523162842,1.7999999523162842,180100,0.0,0.0
2024-11-15 00:00:00-05:00,1.7999999523162842,1.809999942779541,1.7999999523162842,1.809999942779541,153300,0.0,0.0
2024-11-18 00:00:00-05:00,1.7999999523162842,1.8300000429153442,1.7999999523162842,1.8300000429153442,186200,0.0,0.0
2024-11-19 00:00:00-05:00,1.8300000429153442,1.840000033378601,1.809999942779541,1.8300000429153442,141200,0.0,0.0
2024-11-20 00:00:00-05:00,1.8200000524520874,1.8350000381469727,1.784999966621399,1.7899999618530273,291300,0.0,0.0
2024-11-21 00:00:00-05:00,1.7999999523162842,1.840000033378601,1.7999999523162842,1.8200000524520874,437738,0.0,0.0
