Date,Open,High,Low,Close,Volume,Dividends,Stock Splits
2022-01-03 00:00:00-05:00,325.6528410946204,331.01751391769113,321.75389865981145,323.0926513671875,524400,0.0,0.0
2022-01-04 00:00:00-05:00,327.1870176245142,341.17039903039444,325.6919432355922,339.16717529296875,698800,0.0,0.0
2022-01-05 00:00:00-05:00,339.3723393471486,343.47647991175023,325.643063813914,327.3726501464844,801100,0.0,0.0
2022-01-06 00:00:00-05:00,330.2455491979822,330.86117327711077,323.2294505934051,327.5192565917969,537000,0.0,0.0
2022-01-07 00:00:00-05:00,327.45084963505445,330.9882129749752,318.1579199989099,318.5390319824219,796000,0.0,0.0
2022-01-10 00:00:00-05:00,320.151334598464,320.6985493318026,309.5196829433718,314.85504150390625,794700,0.0,0.0
2022-01-11 00:00:00-05:00,315.6563667931161,327.11862312961637,308.47413532448985,326.3661804199219,885700,0.0,0.0
2022-01-12 00:00:00-05:00,330.5582365745268,337.12484341297477,323.73755509398563,324.37274169921875,1032200,0.0,0.0
2022-01-13 00:00:00-05:00,326.2977861140447,337.3984626876129,326.2977861140447,328.5354919433594,731700,0.0,0.0
2022-01-14 00:00:00-05:00,325.916657631407,328.10551660357277,315.4999851383512,320.3370056152344,589000,0.0,0.0
2022-01-18 00:00:00-05:00,316.19384876060826,317.5326017624429,306.6859678642336,307.0279846191406,764300,0.0,0.0
2022-01-19 00:00:00-05:00,310.34055545328664,310.35033673185285,300.03138605422305,300.2854309082031,663800,0.0,0.0
2022-01-20 00:00:00-05:00,302.62082493535735,310.3502699112962,299.23981340721434,300.0997009277344,732500,0.0,0.0
2022-01-21 00:00:00-05:00,295.42881560849065,302.38631514146573,288.22705255085685,290.3866271972656,938000,0.0,0.0
2022-01-24 00:00:00-05:00,281.8559404969407,305.8357877084487,280.311989591762,305.0638122558594,1302200,0.0,0.0
2022-01-25 00:00:00-05:00,298.0770020002552,306.49045121664517,294.2855641861405,301.36029052734375,1170500,0.0,0.0
2022-01-26 00:00:00-05:00,306.1777890886592,312.5587314646793,296.6112810744404,300.7349548339844,977000,0.0,0.0
2022-01-27 00:00:00-05:00,322.27182712124977,322.27182712124977,305.99214190655704,312.5000915527344,1967200,0.0,0.0
2022-01-28 00:00:00-05:00,310.3600671154448,313.6922323943944,298.85874553014315,310.51641845703125,1093500,0.0,0.0
2022-01-31 00:00:00-05:00,308.2493911332296,313.44793146618616,307.8096511317968,312.8127746582031,817600,0.0,0.0
2022-02-01 00:00:00-05:00,310.2428189255904,322.53567880820935,310.2428189255904,322.47705078125,839900,0.0,0.0
2022-02-02 00:00:00-05:00,322.4965266959637,325.88731948888153,316.49669770013156,318.77349853515625,905600,0.0,0.0
2022-02-03 00:00:00-05:00,314.19058642975887,320.64971861064396,314.19058642975887,317.0243835449219,832900,0.0,0.0
2022-02-04 00:00:00-05:00,315.52929480910956,318.001542395944,304.8781103786636,305.1614990234375,758500,0.0,0.0
2022-02-07 00:00:00-05:00,307.8096442621435,310.63368991562896,305.55237592323186,308.57183837890625,516000,0.0,0.0
2022-02-08 00:00:00-05:00,311.10271820446695,317.14164319553447,309.5294832048681,316.0081481933594,544800,0.0,0.0
2022-02-09 00:00:00-05:00,320.9526486319594,327.3922184310548,319.49663983584924,326.5616149902344,532700,0.0,0.0
2022-02-10 00:00:00-05:00,322.35980231490777,327.58765704130894,315.60752938877295,318.2458801269531,606000,0.0,0.0
2022-02-11 00:00:00-05:00,317.65954933759855,319.60414488746136,301.39939774928,305.7673645019531,831300,0.0,0.0
2022-02-14 00:00:00-05:00,303.4025706310845,311.6499168174215,303.20715383644506,306.0995788574219,609900,0.0,0.0
2022-02-15 00:00:00-05:00,309.793280430337,316.17422151109815,307.04742557423543,315.4999694824219,762300,0.0,0.0
2022-02-16 00:00:00-05:00,313.2427602962197,319.1644298030186,313.1939135456273,317.69866943359375,456800,0.0,0.0
2022-02-17 00:00:00-05:00,314.17107393323823,316.9657759395264,306.207085736993,307.0376892089844,433600,0.0,0.0
2022-02-18 00:00:00-05:00,306.75431025097635,311.38610297761875,303.2462312349014,304.7022399902344,392500,0.0,0.0
2022-02-22 00:00:00-05:00,302.9237768003485,308.8356643869359,301.3505418219983,305.1908264160156,671900,0.0,0.0
2022-02-23 00:00:00-05:00,308.259152059774,310.0083010206049,291.7351441620822,292.3703308105469,817600,0.0,0.0
2022-02-24 00:00:00-05:00,282.3640408987207,301.8488825078786,281.78751212308174,301.2821350097656,754100,0.0,0.0
2022-02-25 00:00:00-05:00,301.9466161870615,310.24280978813186,300.2072485229004,309.0897521972656,516600,0.0,0.0
2022-02-28 00:00:00-05:00,305.337372792608,314.8550321441345,304.438360145439,314.27850341796875,669700,0.0,0.0
2022-03-01 00:00:00-05:00,312.744375324304,313.6531693681658,302.9237933083407,305.8944091796875,629200,0.0,0.0
2022-03-02 00:00:00-05:00,309.22656436791385,322.1350178847709,308.513216981138,318.8614807128906,491200,0.0,0.0
2022-03-03 00:00:00-05:00,321.80277647111853,323.4346394772994,315.0114088803577,321.1383056640625,618300,0.0,0.0
2022-03-04 00:00:00-05:00,317.39574601665953,318.6367457194308,305.18107634814805,309.28521728515625,654800,0.0,0.0
2022-03-07 00:00:00-05:00,310.60432758514804,310.60432758514804,288.75474432522833,291.43218994140625,999800,0.0,0.0
2022-03-08 00:00:00-05:00,295.04774030108734,312.98862970341423,295.04774030108734,303.5882263183594,904500,0.0,0.0
2022-03-09 00:00:00-05:00,311.7086027226703,313.6629499577898,306.91067668193534,308.5816650390625,704800,0.0,0.0
2022-03-10 00:00:00-05:00,305.3471911830197,314.98210774200896,304.08662899681565,313.9169921875,439200,0.0,0.0
2022-03-11 00:00:00-05:00,320.01451341010267,323.2489550409566,315.0895808499846,315.3827209472656,462900,0.0,0.0
2022-03-14 00:00:00-04:00,316.819214446154,323.4932967740668,311.083210390796,312.9496154785156,801400,0.0,0.0
2022-03-15 00:00:00-04:00,313.6726883620449,323.5714605262581,312.9886549948619,320.85491943359375,573800,0.0,0.0
2022-03-16 00:00:00-04:00,322.2327639412975,332.72759847379564,322.2327639412975,329.8547058105469,831300,0.0,0.0
2022-03-17 00:00:00-04:00,325.9459780512845,340.34950535843944,325.4573913196066,338.85443115234375,907700,0.0,0.0
2022-03-18 00:00:00-04:00,334.62330042777177,341.48304775861556,334.0760856457598,338.3365478515625,672000,0.0,0.0
2022-03-21 00:00:00-04:00,338.346324399761,340.9847047783415,335.5711552380741,339.8609313964844,609900,0.0,0.0
2022-03-22 00:00:00-04:00,342.0107159213798,349.9062644705675,341.57097592966517,348.22552490234375,703500,0.0,0.0
2022-03-23 00:00:00-04:00,346.89659566649175,352.9257693377526,343.97485641753195,346.339599609375,795800,0.0,0.0
2022-03-24 00:00:00-04:00,348.11807211339703,351.37204686624085,344.03349389096593,350.7857666015625,559600,0.0,0.0
2022-03-25 00:00:00-04:00,351.79225465439737,356.1797542935194,350.63916721661576,355.36871337890625,599200,0.0,0.0
2022-03-28 00:00:00-04:00,354.16674971314285,355.25139793503894,348.2841762446536,355.1048278808594,397900,0.0,0.0
2022-03-29 00:00:00-04:00,358.77908257943216,360.1959664859312,348.52854048601876,356.86383056640625,611100,0.0,0.0
2022-03-30 00:00:00-04:00,355.085264574762,358.3685527895653,349.4860504194516,350.99090576171875,638400,0.0,0.0
2022-03-31 00:00:00-04:00,351.22544931407174,356.9419200150873,347.0529293784695,347.1017761230469,705200,0.0,0.0
2022-04-01 00:00:00-04:00,350.5610079145701,353.2970819016129,342.57748696153277,345.91943359375,466000,0.0,0.0
2022-04-04 00:00:00-04:00,345.38194730106824,345.4503267745687,340.64265038608295,341.9129638671875,592900,0.0,0.0
2022-04-05 00:00:00-04:00,340.88695933397264,342.2256821708066,332.93275324570766,334.4082946777344,650500,0.0,0.0
2022-04-06 00:00:00-04:00,328.57460972108674,329.3074898914684,313.63361763103535,318.0406799316406,1249800,0.0,0.0
2022-04-07 00:00:00-04:00,318.00154486791456,319.1448509119473,310.5652693165395,313.5945129394531,816200,0.0,0.0
2022-04-08 00:00:00-04:00,312.0896665705454,317.2491412819578,308.9333855375101,309.8128356933594,802700,0.0,0.0
2022-04-11 00:00:00-04:00,306.8813477053815,316.63355066874504,305.00519115087627,308.816162109375,632500,0.0,0.0
2022-04-12 00:00:00-04:00,311.47407195160685,319.55528654951564,308.3080391629505,311.5229187011719,538400,0.0,0.0
2022-04-13 00:00:00-04:00,312.3144110157409,318.0308820097503,310.7998040046047,317.33709716796875,370800,0.0,0.0
2022-04-14 00:00:00-04:00,318.675826996017,326.9133927011177,318.675826996017,323.5128479003906,526300,0.0,0.0
2022-04-18 00:00:00-04:00,322.46726022332166,334.0858676405847,322.46726022332166,331.79925537109375,679700,0.0,0.0
2022-04-19 00:00:00-04:00,332.44420521690535,344.19960183485495,332.2390071212021,343.45697021484375,613300,0.0,0.0
2022-04-20 00:00:00-04:00,347.34613971530916,351.64569784127036,343.7794618319882,345.0302429199219,561200,0.0,0.0
2022-04-21 00:00:00-04:00,350.83461300405196,351.57727443320533,328.2032703597194,330.01104736328125,914200,0.0,0.0
2022-04-22 00:00:00-04:00,326.5127832863981,328.67232847524934,307.1549478863546,307.4872131347656,976300,0.0,0.0
2022-04-25 00:00:00-04:00,301.90747956773856,308.063689763143,294.91091457839264,306.1288757324219,1200500,0.0,0.0
2022-04-26 00:00:00-04:00,302.4156362964063,304.7901605149493,293.87512045332505,295.3604431152344,859000,0.0,0.0
2022-04-27 00:00:00-04:00,294.87186044045546,303.55891662788287,293.23996770960935,302.55242919921875,1030200,0.0,0.0
2022-04-28 00:00:00-04:00,314.11237906433604,316.60415912909633,298.60461325738487,311.2297058105469,1248600,0.0,0.0
2022-04-29 00:00:00-04:00,310.5652958635325,313.7899565571681,307.72171733650475,309.2949523925781,924800,0.0,0.0
2022-05-02 00:00:00-04:00,308.86504693239146,309.56861318230017,289.98607389829374,300.0216369628906,1183100,0.0,0.0
2022-05-03 00:00:00-04:00,300.37334556080003,308.32752152515087,300.37334556080003,305.3178405761719,599000,0.0,0.0
2022-05-04 00:00:00-04:00,307.1842674131313,313.9170075864044,295.47774719618633,313.19390869140625,967600,0.0,0.0
2022-05-05 00:00:00-04:00,307.79012505165423,311.27861184263065,291.5885714436601,296.2790222167969,1013100,0.0,0.0
2022-05-06 00:00:00-04:00,293.55262631581604,295.74148490310245,281.6701957459036,288.7156066894531,960400,0.0,0.0
2022-05-09 00:00:00-04:00,283.3802925099468,296.4353151197895,279.47159882015444,280.27288818359375,1463200,0.0,0.0
2022-05-10 00:00:00-04:00,284.59199701115534,292.8100296211164,279.0905055041245,286.986083984375,1124200,0.0,0.0
2022-05-11 00:00:00-04:00,284.3575327296181,291.4615744440482,274.05811408775185,274.409912109375,894700,0.0,0.0
2022-05-12 00:00:00-04:00,270.5402689035617,276.56944314395696,263.2212481735715,276.5596618652344,1363700,0.0,0.0
2022-05-13 00:00:00-04:00,279.0318505749228,286.78085824901666,278.79733850320065,281.85589599609375,566400,0.0,0.0
2022-05-16 00:00:00-04:00,279.6084588268234,281.05465662082787,273.80404545209916,276.4717102050781,514500,0.0,0.0
2022-05-17 00:00:00-04:00,285.5301363175196,289.4876774479126,279.872292853982,283.829833984375,524200,0.0,0.0
2022-05-18 00:00:00-04:00,281.181687030509,286.2141248133424,266.47523713505973,267.15924072265625,877500,0.0,0.0
2022-05-19 00:00:00-04:00,262.9965044643912,272.21124391550865,262.4004130899393,266.38726806640625,686100,0.0,0.0
2022-05-20 00:00:00-04:00,269.8660321919987,270.462093742919,256.7621313192829,263.7586975097656,844600,0.0,0.0
2022-05-23 00:00:00-04:00,266.4458922529119,269.45557329578827,261.5111485393212,267.89208984375,862900,0.0,0.0
2022-05-24 00:00:00-04:00,265.3025688497743,265.84000227264954,257.0454419792868,261.6283874511719,698800,0.0,0.0
2022-05-25 00:00:00-04:00,261.1984795526471,270.6086656669218,258.92167828872323,269.5240173339844,618500,0.0,0.0
2022-05-26 00:00:00-04:00,274.4294101344875,279.5400384235154,273.5401786451364,278.3381042480469,747200,0.0,0.0
2022-05-27 00:00:00-04:00,282.25656412482465,290.83614603965543,282.17837354710844,290.6700134277344,611500,0.0,0.0
2022-05-31 00:00:00-04:00,285.6180296884315,292.7220697761459,284.6408562601973,291.3735656738281,1726600,0.0,0.0
2022-06-01 00:00:00-04:00,291.91098092834653,294.59820741390274,279.87219911602403,286.80035400390625,649300,0.0,0.0
2022-06-02 00:00:00-04:00,289.3411167347506,293.1520879134307,289.0772607702061,292.85894775390625,474100,0.0,0.0
2022-06-03 00:00:00-04:00,289.66352140742094,296.20081423636043,289.31175327610794,294.3735046386719,592000,0.0,0.0
2022-06-06 00:00:00-04:00,298.0086162974067,301.4580377078375,294.42237627703,300.256103515625,445100,0.0,0.0
2022-06-07 00:00:00-04:00,296.79691761477,306.34389196535045,293.2693057761441,305.5426025390625,535600,0.0,0.0
2022-06-08 00:00:00-04:00,302.7576411420856,303.1973811291451,297.41250110271716,298.22357177734375,365900,0.0,0.0
2022-06-09 00:00:00-04:00,296.50371241730545,298.0671957941437,291.30514286322847,291.5885314941406,471600,0.0,0.0
2022-06-10 00:00:00-04:00,279.5400492066441,286.692966867411,273.8235778808594,273.8235778808594,844300,0.0,0.0
2022-06-13 00:00:00-04:00,263.4263956116887,267.2569285126935,255.8239876497604,259.00958251953125,1072400,0.0,0.0
2022-06-14 00:00:00-04:00,258.54054310658,262.80103493502384,252.0814407955564,254.18235778808594,846000,0.0,0.0
2022-06-15 00:00:00-04:00,257.13346186074307,264.4036056261319,254.94457283389116,259.8890686035156,781400,0.0,0.0
2022-06-16 00:00:00-04:00,251.0945005254755,251.0945005254755,237.57042252384394,239.9351806640625,1111800,0.0,0.0
2022-06-17 00:00:00-04:00,237.19910165073873,239.4759177035682,227.8475440635012,234.21871948242188,1470600,0.0,0.0
2022-06-21 00:00:00-04:00,237.94172262070708,243.98064706858693,235.18608647890986,236.55413818359375,879700,0.0,0.0
2022-06-22 00:00:00-04:00,229.27421347466185,237.45315055578408,227.84753366379616,235.8408203125,896900,0.0,0.0
2022-06-23 00:00:00-04:00,235.49882304682774,238.40102965231833,225.2775812618583,230.45660400390625,954700,0.0,0.0
2022-06-24 00:00:00-04:00,233.50537552691816,245.0848720302878,232.02006769936813,242.6223907470703,1028300,0.0,0.0
2022-06-27 00:00:00-04:00,244.791718100272,248.93493893850447,242.33901808341162,246.23794555664062,892300,0.0,0.0
2022-06-28 00:00:00-04:00,248.08480529125748,252.07165992692944,241.91884308232096,242.32925415039062,894000,0.0,0.0
2022-06-29 00:00:00-04:00,241.28367080437016,241.28367080437016,231.9614424850899,235.5672149658203,713400,0.0,0.0
2022-06-30 00:00:00-04:00,232.77249167212793,240.5312362598924,230.38818609316692,237.36520385742188,750000,0.0,0.0
2022-07-01 00:00:00-04:00,237.07208125619158,242.53447795337732,232.4695871645301,238.78213500976562,526700,0.0,0.0
2022-07-05 00:00:00-04:00,232.56730244433973,239.51500690789888,230.01687890935005,239.3977508544922,544500,0.0,0.0
2022-07-06 00:00:00-04:00,239.7104508479785,242.96444069018236,232.80184132385597,236.0655975341797,497200,0.0,0.0
2022-07-07 00:00:00-04:00,243.76572248764404,246.96106928869932,239.93518901672587,245.35850524902344,683700,0.0,0.0
2022-07-08 00:00:00-04:00,244.63536076414778,245.2705174946621,239.9644732174466,243.1793670654297,398300,0.0,0.0
2022-07-11 00:00:00-04:00,240.11105988645306,243.83408832294188,236.94501255967157,243.63865661621094,646500,0.0,0.0
2022-07-12 00:00:00-04:00,241.99703250956202,249.775340811549,241.67457834754148,245.2510223388672,671400,0.0,0.0
2022-07-13 00:00:00-04:00,240.83418940703584,247.46919096752634,238.42056964878824,245.3194122314453,672300,0.0,0.0
2022-07-14 00:00:00-04:00,238.6257554723702,243.16962099856732,233.93531989165987,242.85691833496094,867100,0.0,0.0
2022-07-15 00:00:00-04:00,247.92847594525006,248.42682909128482,238.6257795125381,246.0913848876953,727900,0.0,0.0
2022-07-18 00:00:00-04:00,253.26381839044976,258.2376278840714,249.8241784356398,251.18243408203125,994100,0.0,0.0
2022-07-19 00:00:00-04:00,253.78171370292824,264.9996758811093,253.78171370292824,264.335205078125,1041200,0.0,0.0
2022-07-20 00:00:00-04:00,264.8140147242546,270.84318825451624,263.1919031588666,269.3481140136719,1063600,0.0,0.0
2022-07-21 00:00:00-04:00,268.1461831572081,273.6672074565602,265.47848877219394,273.40338134765625,711700,0.0,0.0
2022-07-22 00:00:00-04:00,274.693200068328,275.6410594588505,265.81069744380613,268.0289001464844,721500,0.0,0.0
2022-07-25 00:00:00-04:00,268.9670338907371,271.7324220625551,265.5957730361975,271.4881286621094,499100,0.0,0.0
2022-07-26 00:00:00-04:00,269.2405890512368,272.2796138698622,266.74880877869265,269.9050598144531,627000,0.0,0.0
2022-07-27 00:00:00-04:00,270.1103691185443,281.6019116307033,270.1103691185443,280.6736145019531,1035000,0.0,0.0
2022-07-28 00:00:00-04:00,286.30203524223646,298.018365008775,283.63437084950607,297.87176513671875,1276100,0.0,0.0
2022-07-29 00:00:00-04:00,300.96941801532944,318.46081653968935,300.4515172875573,315.3045654296875,1502300,0.0,0.0
2022-08-01 00:00:00-04:00,307.6728592031326,315.2850497441338,300.16817326287764,312.3828430175781,922800,0.0,0.0
2022-08-02 00:00:00-04:00,310.1548361241029,314.3860137130762,303.7250481711598,306.93017578125,701000,0.0,0.0
2022-08-03 00:00:00-04:00,308.75751369413956,311.84538554972045,301.98570845874866,310.3503112792969,670400,0.0,0.0
2022-08-04 00:00:00-04:00,311.4252152458659,316.6823837759442,308.0930499374701,311.9235534667969,536000,0.0,0.0
2022-08-05 00:00:00-04:00,306.8324423291075,317.19048615536593,305.92367823975036,316.04718017578125,510500,0.0,0.0
2022-08-08 00:00:00-04:00,316.78990656518556,321.7148697781462,312.70532814132366,314.7867126464844,409800,0.0,0.0
2022-08-09 00:00:00-04:00,313.68247275447663,315.1189189830504,310.0082908754649,312.5880432128906,518400,0.0,0.0
2022-08-10 00:00:00-04:00,322.0959439553931,323.1708408351853,319.3207746245474,320.4640808105469,558000,0.0,0.0
2022-08-11 00:00:00-04:00,323.375973657184,326.53225435323617,321.98840418233675,324.63653564453125,560700,0.0,0.0
2022-08-12 00:00:00-04:00,326.81569627750775,329.10227873988526,324.6659026012711,328.86773681640625,321300,0.0,0.0
2022-08-15 00:00:00-04:00,324.9688101638542,330.5875576745584,324.9688101638542,329.8155822753906,399800,0.0,0.0
2022-08-16 00:00:00-04:00,327.12835187868683,335.8252196201182,327.12835187868683,331.5647277832031,465600,0.0,0.0
2022-08-17 00:00:00-04:00,324.24572411474196,326.16097586142024,322.35000510288774,323.8157653808594,555000,0.0,0.0
2022-08-18 00:00:00-04:00,319.0960000531815,319.0960000531815,309.73469088139484,315.851806640625,1028000,0.0,0.0
2022-08-19 00:00:00-04:00,311.77698660124366,313.4284122658904,306.9595282166682,309.4610900878906,675900,0.0,0.0
2022-08-22 00:00:00-04:00,305.0735431898779,308.1907286784512,299.8358783314014,300.5296630859375,567700,0.0,0.0
2022-08-23 00:00:00-04:00,299.50364618496985,306.36339269646464,299.50364618496985,300.00201416015625,634500,0.0,0.0
2022-08-24 00:00:00-04:00,299.992247940658,306.8129293297103,297.32455369736397,300.96942138671875,550600,0.0,0.0
2022-08-25 00:00:00-04:00,302.7576398166534,312.50984167739944,301.5166402587146,312.27532958984375,457300,0.0,0.0
2022-08-26 00:00:00-04:00,309.7053291539104,314.33712136825807,299.25934348069484,299.42547607421875,543300,0.0,0.0
2022-08-29 00:00:00-04:00,294.8816255883009,298.24310469119354,293.84582410181315,294.3539733886719,902200,0.0,0.0
2022-08-30 00:00:00-04:00,295.6438287969916,296.6796303153594,281.18167300852025,286.2336730957031,979500,0.0,0.0
2022-08-31 00:00:00-04:00,287.2010276854581,288.67656901137076,283.38027624447375,285.37371826171875,861200,0.0,0.0
2022-09-01 00:00:00-04:00,281.6800727512756,282.1100315228958,275.09390237926004,282.1002502441406,830700,0.0,0.0
2022-09-02 00:00:00-04:00,287.1521878530193,290.0543943151572,281.44549824207195,283.096923828125,657400,0.0,0.0
2022-09-06 00:00:00-04:00,283.9372692720915,286.64402873325673,277.7615265037885,285.41278076171875,662800,0.0,0.0
2022-09-07 00:00:00-04:00,283.5366352249306,290.914282411965,283.35096989462687,290.3279724121094,500600,0.0,0.0
2022-09-08 00:00:00-04:00,287.21085281151295,298.2138063183405,284.9242405426745,297.9695129394531,546700,0.0,0.0
2022-09-09 00:00:00-04:00,300.90106252061463,304.7120336347914,300.2756869172233,304.0378112792969,469500,0.0,0.0
2022-09-12 00:00:00-04:00,307.32108217437457,310.05715619221303,301.98572292910444,306.2461853027344,645400,0.0,0.0
2022-09-13 00:00:00-04:00,294.52986536963397,295.71223694334617,286.8688287821226,287.9437255859375,833600,0.0,0.0
2022-09-14 00:00:00-04:00,288.8720202614778,288.8720202614778,278.7582687486413,283.38031005859375,649700,0.0,0.0
2022-09-15 00:00:00-04:00,279.3543631110067,289.42901944395874,279.3543631110067,282.1197509765625,715700,0.0,0.0
2022-09-16 00:00:00-04:00,278.67032696690865,279.8917938217194,271.89852188087025,279.5107116699219,1048900,0.0,0.0
2022-09-19 00:00:00-04:00,277.63455625723833,289.1554412596766,276.6769452222602,288.6766357421875,633300,0.0,0.0
2022-09-20 00:00:00-04:00,283.9079765528639,284.24021194037334,278.68987401792225,283.1457824707031,608700,0.0,0.0
2022-09-21 00:00:00-04:00,286.19457142324836,289.22381515246815,276.1199153065323,276.4130554199219,764100,0.0,0.0
2022-09-22 00:00:00-04:00,276.1589615473766,277.3999908565802,264.29609192297454,267.03216552734375,1014300,0.0,0.0
2022-09-23 00:00:00-04:00,262.4590628966653,263.5925878911365,250.3812110890104,257.35821533203125,1097500,0.0,0.0
2022-09-26 00:00:00-04:00,255.97059373124415,263.65116263142124,251.71988331642117,254.0748748779297,728500,0.0,0.0
2022-09-27 00:00:00-04:00,258.2865063749655,264.4524687670769,254.6123244765525,258.4135437011719,680700,0.0,0.0
2022-09-28 00:00:00-04:00,259.8402108869819,271.92784240010553,258.6578392931006,270.69659423828125,860200,0.0,0.0
2022-09-29 00:00:00-04:00,266.57290208524256,267.92140620168084,258.38421372050635,263.9833984375,534400,0.0,0.0
2022-09-30 00:00:00-04:00,262.7131323247303,270.31554185565915,258.95100794324713,263.9541320800781,930300,0.0,0.0
2022-10-03 00:00:00-04:00,270.08100652715723,277.4586547572731,267.08107663017665,275.18182373046875,829200,0.0,0.0
2022-10-04 00:00:00-04:00,282.79398197148026,287.6700976187733,282.74513522883433,287.5430603027344,478600,0.0,0.0
2022-10-05 00:00:00-04:00,282.197943393579,290.1619014537844,281.04485599972986,287.1717529296875,453600,0.0,0.0
2022-10-06 00:00:00-04:00,286.43886039330766,291.3345089585191,285.28580287038926,286.8785705566406,672700,0.0,0.0
2022-10-07 00:00:00-04:00,281.6897293727069,284.1522251122064,274.48796710414047,278.02532958984375,828000,0.0,0.0
2022-10-10 00:00:00-04:00,280.56604928789324,281.92433476085455,274.7323223262689,275.58245849609375,598100,0.0,0.0
2022-10-11 00:00:00-04:00,273.66725680936827,276.1199722743093,267.81399604365197,271.4197692871094,668700,0.0,0.0
2022-10-12 00:00:00-04:00,271.43928285225314,275.1525306235237,268.03870797069953,270.26666259765625,668600,0.0,0.0
2022-10-13 00:00:00-04:00,263.3971277555233,280.26315336554745,255.0129915223156,276.88214111328125,851300,0.0,0.0
2022-10-14 00:00:00-04:00,280.3510747987589,283.28259533653807,269.1135794039385,270.67706298828125,582700,0.0,0.0
2022-10-17 00:00:00-04:00,277.5172800593218,282.85263913594304,274.19489605097453,281.2696228027344,542900,0.0,0.0
2022-10-18 00:00:00-04:00,289.85896414950986,292.5364098496826,283.0382827587363,288.6277160644531,610800,0.0,0.0
2022-10-19 00:00:00-04:00,285.3053079043332,286.8785427042392,277.693119058924,280.30218505859375,541300,0.0,0.0
2022-10-20 00:00:00-04:00,280.018816478348,282.88192747901985,267.78461583695014,269.0940246582031,956700,0.0,0.0
2022-10-21 00:00:00-04:00,268.0679809482788,279.35435225281833,264.86285320681213,278.1817321777344,661900,0.0,0.0
2022-10-24 00:00:00-04:00,280.4096651961362,284.6799081017962,275.6606168762658,284.0936279296875,653100,0.0,0.0
2022-10-25 00:00:00-04:00,281.8950176856594,290.2009923080802,281.5627822792788,288.2075500488281,841700,0.0,0.0
2022-10-26 00:00:00-04:00,290.5723207415878,295.6145399808764,285.7060154102177,289.4681396484375,757800,0.0,0.0
2022-10-27 00:00:00-04:00,295.0282060435837,297.9890402526884,286.4192809544599,291.7546691894531,1047600,0.0,0.0
2022-10-28 00:00:00-04:00,294.83281159477997,302.76745623501074,292.1748982837743,302.5231628417969,760000,0.0,0.0
2022-10-31 00:00:00-04:00,302.5036184863613,312.3437631440767,301.23327499786217,308.5034484863281,907400,0.0,0.0
2022-11-01 00:00:00-04:00,312.4414691726096,315.0212217233943,307.0963285271755,313.8681640625,652600,0.0,0.0
2022-11-02 00:00:00-04:00,312.4610405072281,316.70197036124216,301.9857383013181,302.3863830566406,757400,0.0,0.0
2022-11-03 00:00:00-04:00,296.89464387798546,311.67928532247424,296.386524337922,309.10931396484375,521300,0.0,0.0
2022-11-04 00:00:00-04:00,316.53580087517696,318.98851587326556,309.7151490129696,316.4771728515625,579300,0.0,0.0
2022-11-07 00:00:00-05:00,319.2230210137385,319.2230210137385,309.3633443111138,315.61724853515625,601700,0.0,0.0
2022-11-08 00:00:00-05:00,317.35662275458805,322.6724489115078,313.70200345456885,320.3467712402344,651400,0.0,0.0
2022-11-09 00:00:00-05:00,316.27194390400723,318.75397267168245,310.12551491319476,310.4284362792969,545500,0.0,0.0
2022-11-10 00:00:00-05:00,325.3987564690921,340.2811187392476,325.3987564690921,337.0368957519531,1081800,0.0,0.0
2022-11-11 00:00:00-05:00,339.47989340648564,354.4013239583858,338.3463684204089,341.3365173339844,1028500,0.0,0.0
2022-11-14 00:00:00-05:00,337.12481810121704,355.89631049257684,336.069483965777,349.935546875,1153400,0.0,0.0
2022-11-15 00:00:00-05:00,359.54119435550183,359.54119435550183,343.53508879470945,346.7890930175781,889900,0.0,0.0
2022-11-16 00:00:00-05:00,346.09531028993297,346.09531028993297,335.0923567287521,339.274658203125,871400,0.0,0.0
2022-11-17 00:00:00-05:00,333.85128393969967,344.1018531162199,328.27163221244064,339.4895935058594,795900,0.0,0.0
2022-11-18 00:00:00-05:00,345.4112765396716,346.8477226819616,333.74382334008334,337.8088684082031,474600,0.0,0.0
2022-11-21 00:00:00-05:00,336.3528790699086,345.978043922818,334.9555281344676,341.1214904785156,500100,0.0,0.0
2022-11-22 00:00:00-05:00,351.2058986788785,351.7628946793126,345.62624686063157,348.1082458496094,641900,0.0,0.0
2022-11-23 00:00:00-05:00,347.17996621238717,353.65863100971643,346.36889554257624,350.258056640625,515700,0.0,0.0
2022-11-25 00:00:00-05:00,351.78245419877015,353.72701988899246,346.8965867793428,350.8345947265625,197700,0.0,0.0
2022-11-28 00:00:00-05:00,346.90637164788285,350.57077225038535,337.76001223713314,339.6557312011719,674000,0.0,0.0
2022-11-29 00:00:00-05:00,340.2029408033679,340.9846974792721,333.6852103971509,334.90667724609375,720400,0.0,0.0
2022-11-30 00:00:00-05:00,334.20311644188865,345.1865369788453,329.7374264143868,344.9715576171875,1218800,0.0,0.0
2022-12-01 00:00:00-05:00,345.9194067798134,350.26784062958507,342.3136343065159,348.2841796875,523300,0.0,0.0
2022-12-02 00:00:00-05:00,342.5872474576368,350.37532130160116,339.6361942777023,348.4307556152344,507600,0.0,0.0
2022-12-05 00:00:00-05:00,343.61332947357766,346.3787175635364,336.9392172712192,337.77960205078125,470900,0.0,0.0
2022-12-06 00:00:00-05:00,339.0205931572585,342.0498371205068,335.7568370851809,339.36260986328125,683000,0.0,0.0
2022-12-07 00:00:00-05:00,337.427763391035,349.0072747980307,337.35935409214665,343.4960021972656,664800,0.0,0.0
2022-12-08 00:00:00-05:00,347.49265542624363,353.7270271528113,346.3982258731726,353.3850402832031,862400,0.0,0.0
2022-12-09 00:00:00-05:00,353.3459670649489,355.17327686012686,344.5025284091978,344.5807189941406,428600,0.0,0.0
2022-12-12 00:00:00-05:00,345.96832420792697,353.512106095505,342.9879564576954,352.2222595214844,485900,0.0,0.0
2022-12-13 00:00:00-05:00,362.8049806210888,363.5085467431078,353.45342294703596,358.6422119140625,731700,0.0,0.0
2022-12-14 00:00:00-05:00,358.6422348819527,365.37497513004024,356.31658682228357,359.7366943359375,944200,0.0,0.0
2022-12-15 00:00:00-05:00,351.83130797162164,353.32638223898846,345.30379612592657,349.2711181640625,981600,0.0,0.0
2022-12-16 00:00:00-05:00,345.91938770436275,351.8801514792808,343.65233823243227,345.4405822753906,1089100,0.0,0.0
2022-12-19 00:00:00-05:00,346.13441487826753,348.63597677194934,341.3560219212067,343.2322082519531,485500,0.0,0.0
2022-12-20 00:00:00-05:00,343.21265361572006,345.62627331470577,341.2876206588693,342.6067810058594,555600,0.0,0.0
2022-12-21 00:00:00-05:00,345.3721497985695,352.1439539293702,343.232137785136,351.61627197265625,534400,0.0,0.0
2022-12-22 00:00:00-05:00,346.49591041284725,346.69135702015353,335.37567241094,342.87060546875,680900,0.0,0.0
2022-12-23 00:00:00-05:00,342.4308727392623,347.6196611884146,341.64914593547104,347.1115417480469,270600,0.0,0.0
2022-12-27 00:00:00-05:00,347.1311049989486,356.3360925008257,345.958514690173,350.4925842285156,617100,0.0,0.0
2022-12-28 00:00:00-05:00,351.13754581177375,352.8378182747934,343.3787853079937,343.84783935546875,382400,0.0,0.0
2022-12-29 00:00:00-05:00,347.4829179448689,352.50557445028363,346.271202472976,348.0789794921875,404100,0.0,0.0
2022-12-30 00:00:00-05:00,344.9031386355116,348.48937838138704,342.6654328667043,347.3070068359375,670400,0.0,0.0
2023-01-03 00:00:00-05:00,349.5349880030887,351.19616513238816,344.15075224239786,348.56756591796875,492900,0.0,0.0
2023-01-04 00:00:00-05:00,352.3003821149694,359.14059702955257,351.72385329354245,357.6553039550781,584600,0.0,0.0
2023-01-05 00:00:00-05:00,353.33614958973726,357.567327392437,350.97140650445414,355.7790832519531,549700,0.0,0.0
2023-01-06 00:00:00-05:00,359.2578402173117,371.1011785595697,358.19272465442225,368.7266540527344,711400,0.0,0.0
2023-01-09 00:00:00-05:00,373.9935936607356,379.8663856349291,366.25436705541597,367.4172058105469,806600,0.0,0.0
2023-01-10 00:00:00-05:00,366.66480679369505,374.7558018201391,364.3586619296052,372.7623596191406,635400,0.0,0.0
2023-01-11 00:00:00-05:00,374.1988347205286,378.63521090557066,372.3226484179083,375.205322265625,581000,0.0,0.0
2023-01-12 00:00:00-05:00,375.9479602256329,384.98681483219667,373.88610869496216,382.8272399902344,694100,0.0,0.0
2023-01-13 00:00:00-05:00,379.3680840286216,383.67742280334227,377.5407445080547,383.2865295410156,471800,0.0,0.0
2023-01-17 00:00:00-05:00,382.66119446641204,383.87288020905015,377.89258244303704,379.9934997558594,460600,0.0,0.0
2023-01-18 00:00:00-05:00,382.31914070183547,385.3972313337075,375.7916287281633,377.1987609863281,583100,0.0,0.0
2023-01-19 00:00:00-05:00,372.4008547719175,374.1109085252986,364.14372614863214,364.8081970214844,634500,0.0,0.0
2023-01-20 00:00:00-05:00,364.98408405723615,375.1173684955827,361.5737282590297,374.91217041015625,689600,0.0,0.0
2023-01-23 00:00:00-05:00,377.46255160183995,383.9412162184589,375.5570514836697,383.081298828125,743100,0.0,0.0
2023-01-24 00:00:00-05:00,382.22137895810783,388.3091801271618,378.42994130039625,384.8108825683594,790400,0.0,0.0
2023-01-25 00:00:00-05:00,377.20852500935274,385.5926908119697,374.8046864136453,383.5210876464844,788300,0.0,0.0
2023-01-26 00:00:00-05:00,405.06772624773816,422.03147356746206,395.15920255060956,421.6308288574219,1984600,0.0,0.0
2023-01-27 00:00:00-05:00,422.13895484623066,428.21697525004987,418.415926171806,424.1812438964844,1274900,0.0,0.0
2023-01-30 00:00:00-05:00,420.8197559952875,427.29842098211054,418.77746698702714,419.24652099609375,725000,0.0,0.0
2023-01-31 00:00:00-05:00,420.194423175441,431.09968397156007,415.8362075116439,430.88470458984375,919500,0.0,0.0
2023-02-01 00:00:00-05:00,428.99868538363404,448.98189474183584,428.36352859333465,444.5162048339844,1049900,0.0,0.0
2023-02-02 00:00:00-05:00,450.281534275907,455.37262965265614,440.74434124914404,445.78656005859375,1209100,0.0,0.0
2023-02-03 00:00:00-05:00,438.70210581968274,446.99830025767574,436.44483715760714,444.6824035644531,639600,0.0,0.0
2023-02-06 00:00:00-05:00,440.7052614723098,445.1318563647694,438.99520779697383,443.5976867675781,504300,0.0,0.0
2023-02-07 00:00:00-05:00,441.95070000790304,449.21524391697335,436.9312113491828,446.9505920410156,751100,1.48,0.0
2023-02-08 00:00:00-05:00,445.3917031142947,450.4210038649255,443.5388201589865,449.0484924316406,670700,0.0,0.0
2023-02-09 00:00:00-05:00,451.43084974371044,453.97000374841764,439.6271898441581,441.18597412109375,526400,0.0,0.0
2023-02-10 00:00:00-05:00,439.2938603453881,441.4702823012105,435.71551688285155,439.8428649902344,487400,0.0,0.0
2023-02-13 00:00:00-05:00,441.16634663611944,451.57786762977065,440.28401992654875,450.4798583984375,553600,0.0,0.0
2023-02-14 00:00:00-05:00,447.6465721895949,452.9111823494499,442.4702216266573,447.66619873046875,571600,0.0,0.0
2023-02-15 00:00:00-05:00,442.9113800036403,461.6364454873798,442.8623734906762,461.41094970703125,738900,0.0,0.0
2023-02-16 00:00:00-05:00,453.93077865916536,459.9404498519082,451.3426181464376,452.9504089355469,657100,0.0,0.0
2023-02-17 00:00:00-05:00,451.3426397272565,454.6857042348643,450.18581057851554,452.195556640625,485900,0.0,0.0
2023-02-21 00:00:00-05:00,446.068217628781,451.5680773358031,435.90178853264257,436.8723449707031,758500,0.0,0.0
2023-02-22 00:00:00-05:00,436.8723728374289,440.3428902061077,431.42151930076386,433.40185546875,719800,0.0,0.0
2023-02-23 00:00:00-05:00,438.5193969651401,441.91149799429917,430.0686141263507,437.8527526855469,605100,0.0,0.0
2023-02-24 00:00:00-05:00,432.8822034178796,442.75453289235327,430.45090585378784,441.587890625,463300,0.0,0.0
2023-02-27 00:00:00-05:00,445.48001549704657,455.8621277243453,444.9016009255741,454.1661071777344,842400,0.0,0.0
2023-02-28 00:00:00-05:00,454.61703525393557,462.5972289976687,453.48961609063963,459.3326110839844,979000,0.0,0.0
2023-03-01 00:00:00-05:00,458.2444279970706,465.9991261592371,458.1757949361818,458.616943359375,706200,0.0,0.0
2023-03-02 00:00:00-05:00,456.0581956984067,462.8129275598382,450.10734427505093,461.36199951171875,577300,0.0,0.0
2023-03-03 00:00:00-05:00,462.1267138941269,472.1362810186284,459.40128708942916,470.15594482421875,526700,0.0,0.0
2023-03-06 00:00:00-05:00,468.5775103628733,472.5283991998646,465.67562432322086,465.6952209472656,647600,0.0,0.0
2023-03-07 00:00:00-05:00,467.33242142914673,471.5578123227997,465.34227219134385,466.4206848144531,690400,0.0,0.0
2023-03-08 00:00:00-05:00,464.62662727642055,468.1069578313329,461.263966222763,467.9892883300781,524500,0.0,0.0
2023-03-09 00:00:00-05:00,468.1265680374027,470.5676792057056,444.34278769785107,444.7839660644531,790300,0.0,0.0
2023-03-10 00:00:00-05:00,444.60745612035254,445.45055967093697,417.3139682509527,420.85308837890625,1731400,0.0,0.0
2023-03-13 00:00:00-04:00,410.7748954166358,412.49054235453343,399.6575068492801,400.13787841796875,1602400,0.0,0.0
2023-03-14 00:00:00-04:00,413.60822077967634,416.6571564341087,401.441828221579,407.92205810546875,1279500,0.0,0.0
2023-03-15 00:00:00-04:00,394.667437765778,397.2948213843738,374.5992687868337,386.0892028808594,1830600,0.0,0.0
2023-03-16 00:00:00-04:00,379.9030855038791,394.5105885686051,374.8051509155472,389.3636474609375,1085800,0.0,0.0
2023-03-17 00:00:00-04:00,383.84414059335984,384.7460938654056,361.6093633746512,362.82501220703125,2179100,0.0,0.0
2023-03-20 00:00:00-04:00,368.1484290211283,377.78548018951517,367.71706394787446,371.02093505859375,1760600,0.0,0.0
2023-03-21 00:00:00-04:00,380.9814643904025,392.961583624097,379.06976137816457,390.4714660644531,1512500,0.0,0.0
2023-03-22 00:00:00-04:00,389.3048027031932,396.8928543899326,380.87361754097833,381.5696716308594,1206900,0.0,0.0
2023-03-23 00:00:00-04:00,383.90295552574185,389.5793042928253,366.55043031600866,374.67767333984375,1123200,0.0,0.0
2023-03-24 00:00:00-04:00,367.0798081535588,368.57977255108455,354.5409016225563,363.50146484375,1533500,0.0,0.0
2023-03-27 00:00:00-04:00,361.86422369129565,367.9523407009203,358.3055070273622,365.5111999511719,1251600,0.0,0.0
2023-03-28 00:00:00-04:00,365.1484849259522,372.3149849382222,363.8053832428891,367.6092224121094,665700,0.0,0.0
2023-03-29 00:00:00-04:00,373.83455346473505,376.7364391843787,368.7464327055368,376.56976318359375,627500,0.0,0.0
2023-03-30 00:00:00-04:00,381.716746976648,383.73633616275004,377.2168534676826,378.6188049316406,715800,0.0,0.0
2023-03-31 00:00:00-04:00,382.5500496359795,388.1675787491132,380.6383466851969,387.9911193847656,878100,0.0,0.0
2023-04-03 00:00:00-04:00,386.92251020902046,393.41255262715987,378.15800297964853,381.43243408203125,713400,0.0,0.0
2023-04-04 00:00:00-04:00,382.49125968212365,382.49125968212365,347.6783495030831,352.0802001953125,1997400,0.0,0.0
2023-04-05 00:00:00-04:00,345.2862478329228,352.6684310656751,340.1687163942232,344.3744812011719,1839200,0.0,0.0
2023-04-06 00:00:00-04:00,343.1195781892212,353.3644534159317,338.84518070220315,348.2959289550781,1495200,0.0,0.0
2023-04-10 00:00:00-04:00,347.1390803464128,359.14860837099343,346.36457995784974,357.7565002441406,904400,0.0,0.0
2023-04-11 00:00:00-04:00,360.2074385132283,367.6288142017382,359.4133115528604,363.2759704589844,781600,0.0,0.0
2023-04-12 00:00:00-04:00,368.2464742407346,372.7267710999922,363.98185991942955,368.6876525878906,826000,0.0,0.0
2023-04-13 00:00:00-04:00,367.7072808679613,370.04056560633535,361.2368346828633,366.01123046875,1006100,0.0,0.0
2023-04-14 00:00:00-04:00,368.3150955275945,373.5404528721275,365.7465316967823,370.6287536621094,716600,0.0,0.0
2023-04-17 00:00:00-04:00,372.0110650749988,377.97172939851214,371.1679615231411,375.9913635253906,692800,0.0,0.0
2023-04-18 00:00:00-04:00,378.42270974944745,381.82459385507536,376.481566944318,379.6775817871094,677900,0.0,0.0
2023-04-19 00:00:00-04:00,375.38353727335436,376.4815465068891,368.7660420605439,371.1385498046875,717400,0.0,0.0
2023-04-20 00:00:00-04:00,365.23671647890745,372.9032146443184,364.0897006946005,368.1092224121094,787100,0.0,0.0
2023-04-21 00:00:00-04:00,366.6484525042648,366.6582657751335,359.8839075953237,365.3445739746094,742400,0.0,0.0
2023-04-24 00:00:00-04:00,366.34455605564773,376.5698052297129,366.34455605564773,376.0796203613281,848700,0.0,0.0
2023-04-25 00:00:00-04:00,372.05024914929953,374.1384411053986,368.6875887287338,370.2267761230469,1357200,0.0,0.0
2023-04-26 00:00:00-04:00,371.34442036492374,373.8051577970219,365.305339640694,367.6484375,1771800,0.0,0.0
2023-04-27 00:00:00-04:00,349.01159038253456,350.95273303229095,338.29615744252374,350.6390075683594,2002700,0.0,0.0
2023-04-28 00:00:00-04:00,347.57048156599507,354.70757205264596,343.36468701824236,354.02130126953125,967000,0.0,0.0
2023-05-01 00:00:00-04:00,353.87424991675607,361.1093833224268,352.93310335166774,354.5409240722656,797700,0.0,0.0
2023-05-02 00:00:00-04:00,351.91351099527924,355.531077703682,341.5118024885971,348.4430236816406,910100,0.0,0.0
2023-05-03 00:00:00-04:00,347.5214292302282,355.8741675152969,342.7862272717356,343.3548583984375,878000,0.0,0.0
2023-05-04 00:00:00-04:00,341.09999073598436,341.16862378902704,318.76717224906355,321.93377685546875,2703000,0.0,0.0
2023-05-05 00:00:00-04:00,331.8061723741536,336.31584954104596,328.0807491651186,335.3354797363281,1005500,0.0,0.0
2023-05-08 00:00:00-04:00,338.2962112545738,340.60986960245725,330.97284771270404,334.1982727050781,749400,0.0,0.0
2023-05-09 00:00:00-04:00,331.77602453406087,338.1762147146339,329.8067352477307,335.43890380859375,631300,1.48,0.0
2023-05-10 00:00:00-04:00,340.56893695137853,341.3664968090435,323.61335285502906,330.8898620605469,733700,0.0,0.0
2023-05-11 00:00:00-04:00,326.3604830397173,329.4325695566152,323.3474727982235,328.9500732421875,574400,0.0,0.0
2023-05-12 00:00:00-04:00,331.1852467316123,333.587782173619,320.9055537876745,326.5672607421875,728300,0.0,0.0
2023-05-15 00:00:00-04:00,327.6798737407308,334.7299324436394,323.652681069112,331.75628662109375,684600,0.0,0.0
2023-05-16 00:00:00-04:00,326.2718422458416,327.8768178599632,321.39786917637895,321.5160217285156,645100,0.0,0.0
2023-05-17 00:00:00-04:00,326.36046620962793,339.63345624810773,323.9480749088047,334.99578857421875,876200,0.0,0.0
2023-05-18 00:00:00-04:00,334.3262374156101,345.22623034988186,332.85909652165043,339.3479309082031,817300,0.0,0.0
2023-05-19 00:00:00-04:00,343.47359015589944,345.17703626820827,337.0143234655418,343.6606750488281,1181400,0.0,0.0
2023-05-22 00:00:00-04:00,343.956089953785,345.6102858194584,334.04071072436255,340.8938293457031,803000,0.0,0.0
2023-05-23 00:00:00-04:00,338.23527041387644,343.9658790512774,333.91266626982764,338.34356689453125,613100,0.0,0.0
2023-05-24 00:00:00-04:00,335.26168785789815,336.1577182037702,326.58696984494,328.71380615234375,745700,0.0,0.0
2023-05-25 00:00:00-04:00,331.34273981706303,338.3336919284647,330.02331975508406,336.28564453125,615700,0.0,0.0
2023-05-26 00:00:00-04:00,339.40703809695765,347.29402166388843,338.85563947214507,345.58074951171875,946600,0.0,0.0
2023-05-30 00:00:00-04:00,347.1758355725059,350.44486285309813,337.0733723706021,341.19903564453125,766200,0.0,0.0
2023-05-31 00:00:00-04:00,338.04818183750075,339.968220724467,327.89649869909186,328.6645202636719,1129300,0.0,0.0
2023-06-01 00:00:00-04:00,330.13164362341445,337.16202056199097,325.2281026482148,334.080078125,953500,0.0,0.0
2023-06-02 00:00:00-04:00,347.71743044045724,357.4850886622725,341.8981768808508,356.0475158691406,1353100,0.0,0.0
2023-06-05 00:00:00-04:00,357.4259950233897,357.70169431346,347.4712523954169,352.1384582519531,729900,0.0,0.0
2023-06-06 00:00:00-04:00,348.41649773647634,366.6619609733913,348.06201005499577,365.460693359375,821200,0.0,0.0
2023-06-07 00:00:00-04:00,370.433190513286,385.5573493978856,368.4737570895253,381.5793762207031,1631300,0.0,0.0
2023-06-08 00:00:00-04:00,380.70301466319063,387.0244163686117,378.5072463177981,383.62738037109375,963800,0.0,0.0
2023-06-09 00:00:00-04:00,384.9172966125924,386.4139456505716,378.1133985315494,383.04644775390625,821600,0.0,0.0
2023-06-12 00:00:00-04:00,382.4655084108373,387.56596040904526,376.3705557154803,384.5726623535156,726900,0.0,0.0
2023-06-13 00:00:00-04:00,383.8637102658905,408.036723613719,383.32213769670955,403.79290771484375,1347500,0.0,0.0
2023-06-14 00:00:00-04:00,405.47664155268956,408.1647321766621,395.6006572390341,399.74603271484375,1164900,0.0,0.0
2023-06-15 00:00:00-04:00,396.2899081336163,406.96345185086767,396.2899081336163,403.6648864746094,881500,0.0,0.0
2023-06-16 00:00:00-04:00,406.077285564634,407.2982352603989,396.54593299034644,396.900390625,1133700,0.0,0.0
2023-06-20 00:00:00-04:00,393.1686215403439,402.6802930655517,390.6479334811676,400.76025390625,930900,0.0,0.0
2023-06-21 00:00:00-04:00,399.13551489794315,411.5026785413098,398.58411633378284,407.7019348144531,948200,0.0,0.0
2023-06-22 00:00:00-04:00,405.5258882325823,405.5258882325823,395.66958608067307,396.2899169921875,803300,0.0,0.0
2023-06-23 00:00:00-04:00,389.7912579925976,400.750357338965,386.73885368366183,398.17059326171875,1110000,0.0,0.0
2023-06-26 00:00:00-04:00,398.12136051084576,411.35498709046976,398.12136051084576,406.4416198730469,745400,0.0,0.0
2023-06-27 00:00:00-04:00,408.63736387344784,420.24630203843446,406.5892862839808,416.7705078125,903100,0.0,0.0
2023-06-28 00:00:00-04:00,415.02771205593615,425.17939579981623,413.50152489714503,423.7615051269531,880400,0.0,0.0
2023-06-29 00:00:00-04:00,423.47596939499937,431.3531268097417,422.80641822649926,428.9407653808594,708900,0.0,0.0
2023-06-30 00:00:00-04:00,433.24365192980844,441.5639113557759,430.38818841551966,438.53118896484375,782800,0.0,0.0
2023-07-03 00:00:00-04:00,436.19756538256524,443.7300906937119,436.15817118416925,441.7411193847656,382800,0.0,0.0
2023-07-05 00:00:00-04:00,436.197560597739,441.2980124467005,432.2294440362466,434.8486022949219,842700,0.0,0.0
2023-07-06 00:00:00-04:00,429.77774260511376,434.1298554846647,417.03643739389656,421.7036437988281,1013300,0.0,0.0
2023-07-07 00:00:00-04:00,421.52637664720635,433.4996590826808,419.8623248006884,426.9123840332031,555400,0.0,0.0
2023-07-10 00:00:00-04:00,423.1805450569958,438.3637776542992,423.1805450569958,438.1372985839844,516900,0.0,0.0
2023-07-11 00:00:00-04:00,440.13615896526915,452.1192975886221,439.9589301398548,450.2976989746094,912500,0.0,0.0
2023-07-12 00:00:00-04:00,460.9810740400197,464.5750208080363,453.38944256451117,459.9964294433594,851600,0.0,0.0
2023-07-13 00:00:00-04:00,459.5336862899871,462.51715848215576,451.03619785465327,451.3906555175781,816400,0.0,0.0
2023-07-14 00:00:00-04:00,452.8577320756328,453.3303422255994,432.33771332753423,438.60992431640625,1109100,0.0,0.0
2023-07-17 00:00:00-04:00,437.26096970012736,448.40715401211713,435.73478255846345,444.55718994140625,509300,0.0,0.0
2023-07-18 00:00:00-04:00,443.79905942358494,458.2733485017862,443.79905942358494,457.3674621582031,586000,0.0,0.0
2023-07-19 00:00:00-04:00,453.56672708468574,462.1429735929932,449.36227518778554,453.41900634765625,650900,0.0,0.0
2023-07-20 00:00:00-04:00,453.23190501442895,455.0338214902814,447.107414297042,451.69586181640625,625700,0.0,0.0
2023-07-21 00:00:00-04:00,454.2559344023069,454.9058034416712,443.13928849756445,443.5134582519531,523900,0.0,0.0
2023-07-24 00:00:00-04:00,444.71476574961355,448.60412427302055,440.7860430740853,443.296875,509700,0.0,0.0
2023-07-25 00:00:00-04:00,441.5540354399312,447.41268294378494,438.3047202161444,443.30670166015625,633000,0.0,0.0
2023-07-26 00:00:00-04:00,440.12627270484575,445.2759746934988,434.4842784734757,438.1668395996094,835000,0.0,0.0
2023-07-27 00:00:00-04:00,431.6288067450899,438.70840405776323,407.2490260739672,434.346435546875,1535300,0.0,0.0
2023-07-28 00:00:00-04:00,440.5792428366557,452.2472574279025,433.9427177308638,439.2204284667969,704900,0.0,0.0
2023-07-31 00:00:00-04:00,443.2181098151534,458.1354705457695,440.6186334646057,457.544677734375,770700,0.0,0.0
2023-08-01 00:00:00-04:00,456.20556011300863,470.3548987291376,453.63562198674094,466.7215576171875,847600,0.0,0.0
2023-08-02 00:00:00-04:00,461.709705377644,468.13943344690927,457.90896157654106,460.9712219238281,841700,0.0,0.0
2023-08-03 00:00:00-04:00,456.9637110147345,458.62776280068744,445.1873699555794,457.8597412109375,645200,0.0,0.0
2023-08-04 00:00:00-04:00,459.8290476426954,462.8912780546691,454.56119280016395,458.6573181152344,516900,0.0,0.0
2023-08-07 00:00:00-04:00,464.5061292469868,484.6618071117667,464.5061292469868,479.0887145996094,1438600,0.0,0.0
2023-08-08 00:00:00-04:00,473.3306926255228,475.65167335927606,463.6616023273952,474.6146240234375,1094100,1.48,0.0
2023-08-09 00:00:00-04:00,474.6837793009992,478.1603224978749,470.61467091433843,472.817138671875,768900,0.0,0.0
2023-08-10 00:00:00-04:00,474.1800354105792,482.9602474232701,470.04181480315873,476.3528747558594,997000,0.0,0.0
2023-08-11 00:00:00-04:00,475.3652511778139,482.88127437170317,474.4368588756938,482.170166015625,596100,0.0,0.0
2023-08-14 00:00:00-04:00,478.90102422940424,483.4441844368441,476.6195278523764,481.3602600097656,623200,0.0,0.0
2023-08-15 00:00:00-04:00,477.0343978204536,478.98995340749485,472.82700404560023,475.602294921875,743200,0.0,0.0
2023-08-16 00:00:00-04:00,475.48377219329825,485.55780238335973,457.76534965259566,458.3875732421875,793400,0.0,0.0
2023-08-17 00:00:00-04:00,462.8517359298689,466.6640457301211,445.24194141011503,447.1086120605469,843500,0.0,0.0
2023-08-18 00:00:00-04:00,439.93829945860995,448.995022396486,435.0988261954055,445.8345642089844,712300,0.0,0.0
2023-08-21 00:00:00-04:00,449.38022164496675,452.13577034454556,442.61482107119264,446.891357421875,375500,0.0,0.0
2023-08-22 00:00:00-04:00,448.30364896410634,450.0814046627435,434.012370306619,436.1753234863281,555900,0.0,0.0
2023-08-23 00:00:00-04:00,435.27658306278363,444.4913331625044,432.98523059870325,443.2370300292969,403200,0.0,0.0
2023-08-24 00:00:00-04:00,440.9160032913895,449.3801599107157,438.81230673128204,440.20489501953125,455800,0.0,0.0
2023-08-25 00:00:00-04:00,443.8197576707994,448.027151405136,435.5235133819441,443.5728454589844,425400,0.0,0.0
2023-08-28 00:00:00-04:00,443.14815441936673,455.0987112493827,443.14815441936673,451.45428466796875,321900,0.0,0.0
2023-08-29 00:00:00-04:00,450.3678548695631,472.61958123018985,448.5703268115471,468.7381286621094,764600,0.0,0.0
2023-08-30 00:00:00-04:00,468.65910817124376,472.60970345929803,463.62212329149463,471.513427734375,544500,0.0,0.0
2023-08-31 00:00:00-04:00,471.93810620810547,477.3602885581987,468.6887331669233,470.6541748046875,635900,0.0,0.0
2023-09-01 00:00:00-04:00,477.99237146336174,486.249100627387,476.59978309523206,485.10345458984375,645500,0.0,0.0
2023-09-05 00:00:00-04:00,480.9849739411966,484.9355692097074,464.7282828506564,464.8072814941406,684300,0.0,0.0
2023-09-06 00:00:00-04:00,466.5751805148927,477.3109183161295,461.6566785634096,469.19244384765625,479200,0.0,0.0
2023-09-07 00:00:00-04:00,463.33570561466416,466.20976735893805,451.82960264480084,461.5381774902344,659500,0.0,0.0
2023-09-08 00:00:00-04:00,455.0098415435577,460.44191026980064,453.5678525076861,458.0419006347656,392700,0.0,0.0
2023-09-11 00:00:00-04:00,463.72088050111705,464.5307597976362,450.881445359754,453.0147705078125,476000,0.0,0.0
2023-09-12 00:00:00-04:00,450.6838963701986,459.26656663864657,449.8839032734725,451.5036315917969,422600,0.0,0.0
2023-09-13 00:00:00-04:00,448.32342144011966,451.7703363161107,437.6074257195006,441.8148193359375,569000,0.0,0.0
2023-09-14 00:00:00-04:00,448.2443999076495,454.0912637422647,441.261715875991,447.720947265625,581500,0.0,0.0
2023-09-15 00:00:00-04:00,447.52343026804476,449.22218745079766,441.06419852028483,446.4271545410156,814800,0.0,0.0
2023-09-18 00:00:00-04:00,447.1777349261376,451.5530420033407,444.7086129338635,448.0172424316406,567700,0.0,0.0
2023-09-19 00:00:00-04:00,443.74070162042585,451.0295539927883,441.52834799312143,445.47894287109375,442000,0.0,0.0
2023-09-20 00:00:00-04:00,448.34317083097073,456.5999000739046,441.96293808072346,442.49627685546875,622800,0.0,0.0
2023-09-21 00:00:00-04:00,438.51608227517954,438.75310835032013,425.1334526313751,430.35809326171875,883600,0.0,0.0
2023-09-22 00:00:00-04:00,429.37039653973085,434.7234658846106,426.9506752508095,427.9383239746094,521300,0.0,0.0
2023-09-25 00:00:00-04:00,425.43965597886336,438.74328806042274,425.43965597886336,438.3383483886719,620200,0.0,0.0
2023-09-26 00:00:00-04:00,434.6346054990459,440.18518681568116,432.254368324281,432.28399658203125,844300,0.0,0.0
2023-09-27 00:00:00-04:00,437.52844863780547,444.44199071560377,434.8815569046333,440.70867919921875,547000,0.0,0.0
2023-09-28 00:00:00-04:00,440.1259227658823,450.2592087120792,437.57777208038743,442.6839294433594,400900,0.0,0.0
2023-09-29 00:00:00-04:00,447.59259959185823,451.2172541128434,437.2519145836749,439.0790710449219,559900,0.0,0.0
2023-10-02 00:00:00-04:00,438.29878905152356,442.377783471941,427.938362647594,431.96795654296875,499100,0.0,0.0
2023-10-03 00:00:00-04:00,429.2618115905487,432.69881019518516,417.28162657777625,420.6988830566406,783900,0.0,0.0
2023-10-04 00:00:00-04:00,419.9087898691389,422.4470546545658,410.4569831141809,418.9112548828125,768600,0.0,0.0
2023-10-05 00:00:00-04:00,417.53843231836635,421.0939440219687,410.9409151748884,415.73101806640625,541500,0.0,0.0
2023-10-06 00:00:00-04:00,413.8248459295409,431.80006609061604,412.284116217523,427.9482116699219,526800,0.0,0.0
2023-10-09 00:00:00-04:00,424.165534593031,431.898811494424,421.4001299880928,431.7408142089844,337400,0.0,0.0
2023-10-10 00:00:00-04:00,434.7630292138741,448.59011290357563,433.0939002715081,443.325927734375,690100,0.0,0.0
2023-10-11 00:00:00-04:00,444.0567348469241,449.0542651931011,441.1036747638333,448.461669921875,369500,0.0,0.0
2023-10-12 00:00:00-04:00,449.48882088923824,449.48882088923824,432.66916340548045,438.9703674316406,603500,0.0,0.0
2023-10-13 00:00:00-04:00,439.7703632939686,443.5629310084521,425.0346603123384,427.7012939453125,566300,0.0,0.0
2023-10-16 00:00:00-04:00,435.4444838718184,441.08394995056733,429.6272181062704,435.62225341796875,558500,0.0,0.0
2023-10-17 00:00:00-04:00,431.6519024461572,449.37032459467804,431.2568489483726,447.4444274902344,621700,0.0,0.0
2023-10-18 00:00:00-04:00,436.63951703038686,438.0617336371674,419.36551995155367,424.037109375,2882200,0.0,0.0
2023-10-19 00:00:00-04:00,422.55570700354156,427.3655523837331,406.0817303808365,406.1113586425781,1321900,0.0,0.0
2023-10-20 00:00:00-04:00,407.20755352480865,409.1137384534598,399.6718191403482,401.38043212890625,1018800,0.0,0.0
2023-10-23 00:00:00-04:00,401.97307985114395,410.101440694837,397.71631574112223,403.8298645019531,734400,0.0,0.0
2023-10-24 00:00:00-04:00,406.7532982573525,408.01748757814215,398.1508852240159,401.33111572265625,804100,0.0,0.0
2023-10-25 00:00:00-04:00,401.6570263597405,402.7039317276,390.5756050771029,394.22003173828125,947700,0.0,0.0
2023-10-26 00:00:00-04:00,385.28178681355087,411.97793155673276,382.22995576591455,398.7829284667969,1205500,0.0,0.0
2023-10-27 00:00:00-04:00,401.67674836401727,405.0643762557491,390.3582722784708,394.0915832519531,933700,0.0,0.0
2023-10-30 00:00:00-04:00,401.42987836781043,409.87426379454644,394.0422542805903,405.8742980957031,878900,0.0,0.0
2023-10-31 00:00:00-04:00,402.1310665280701,404.03722137167637,390.5558220340092,401.2520446777344,885100,0.0,0.0
2023-11-01 00:00:00-04:00,398.8027305650952,404.64959477547194,394.6842216711621,404.4224548339844,665100,0.0,0.0
2023-11-02 00:00:00-04:00,416.1359510824764,428.5111896176368,414.6248495903049,427.6025695800781,1014300,0.0,0.0
2023-11-03 00:00:00-04:00,436.48154271789457,451.4345308919807,435.55315037161,445.933349609375,1105900,0.0,0.0
2023-11-06 00:00:00-05:00,448.7481170577213,449.88393734784137,428.48157350458376,433.12353515625,732900,0.0,0.0
2023-11-07 00:00:00-05:00,429.79377995086713,438.5442369464686,428.9217010615111,436.3937683105469,363600,1.48,0.0
2023-11-08 00:00:00-05:00,437.49377098346486,442.03250655103153,431.9045547963533,432.62799072265625,480100,0.0,0.0
2023-11-09 00:00:00-05:00,438.8117949434846,443.00370723958235,431.87484225765803,433.53973388671875,436800,0.0,0.0
2023-11-10 00:00:00-05:00,438.6334023896468,453.49830028948685,436.17575862554236,452.4181213378906,765600,0.0,0.0
2023-11-13 00:00:00-05:00,451.7442775943535,461.00015089017654,449.1478801266175,458.3641052246094,738800,0.0,0.0
2023-11-14 00:00:00-05:00,473.62537141423667,482.98034961393165,471.97042971105975,473.3875427246094,755000,0.0,0.0
2023-11-15 00:00:00-05:00,473.69472226846966,484.32808957831554,466.91633280069885,475.1911315917969,1208800,0.0,0.0
2023-11-16 00:00:00-05:00,473.4965434746827,477.59926987914446,464.389313458563,470.0875244140625,569000,0.0,0.0
2023-11-17 00:00:00-05:00,474.85422343431713,480.4830575340901,470.96951679592974,476.6479187011719,623500,0.0,0.0
2023-11-20 00:00:00-05:00,463.4776304480345,470.3551259473092,453.88482315109536,467.55059814453125,861900,0.0,0.0
2023-11-21 00:00:00-05:00,465.7667951241783,466.2722113242149,459.4938215945118,462.03076171875,629700,0.0,0.0
2023-11-22 00:00:00-05:00,461.25780878753955,463.13077025704246,455.856883612867,459.24609375,532100,0.0,0.0
2023-11-24 00:00:00-05:00,460.2172497739339,465.12267835749907,457.8686006586352,463.1010437011719,220700,0.0,0.0
2023-11-27 00:00:00-05:00,458.71095654625776,462.1497043045853,457.0361755484067,460.0091552734375,474300,0.0,0.0
2023-11-28 00:00:00-05:00,458.08660868898124,461.0199401057581,450.61451146057846,451.77398681640625,459800,0.0,0.0
2023-11-29 00:00:00-05:00,457.6307910103828,476.3506381703887,457.3731230822951,471.9308166503906,861700,0.0,0.0
2023-11-30 00:00:00-05:00,474.78485046960253,477.03439415712853,469.3145486237546,471.7325744628906,754800,0.0,0.0
2023-12-01 00:00:00-05:00,474.438009172362,500.610144022881,473.43709633174,497.31011962890625,1127600,0.0,0.0
2023-12-04 00:00:00-05:00,490.6011104095666,492.6524736722537,481.4344229501312,485.6758728027344,1013100,0.0,0.0
2023-12-05 00:00:00-05:00,473.12003612277596,482.3065331561058,470.28577954939846,471.2173156738281,847600,0.0,0.0
2023-12-06 00:00:00-05:00,472.7532950478228,483.614602319501,471.1478908989726,472.1488037109375,495800,0.0,0.0
2023-12-07 00:00:00-05:00,472.8920822325766,480.7209230385863,471.2371101603261,479.6605529785156,424900,0.0,0.0
2023-12-08 00:00:00-05:00,479.4524309280985,494.4659722746384,479.1154968599087,490.6011047363281,556600,0.0,0.0
2023-12-11 00:00:00-05:00,487.28127003933844,501.34346631696167,487.172275301126,500.59033203125,556600,0.0,0.0
2023-12-12 00:00:00-05:00,499.36149153825204,510.04439754026333,498.6975429981187,504.9903259277344,551600,0.0,0.0
2023-12-13 00:00:00-05:00,507.1110612350984,529.6958056093715,500.10473178037347,525.3849487304688,864700,0.0,0.0
2023-12-14 00:00:00-05:00,535.7111389471739,565.9364325602252,533.045364730409,564.30126953125,1408800,0.0,0.0
2023-12-15 00:00:00-05:00,559.1183869951891,575.7670609992882,557.4336864235794,566.5904541015625,1486100,0.0,0.0
2023-12-18 00:00:00-05:00,571.9120852184029,571.9120852184029,557.740894206533,563.112060546875,845900,0.0,0.0
2023-12-19 00:00:00-05:00,568.8102703511836,577.3823859178085,564.3706400708442,569.0283203125,669200,0.0,0.0
2023-12-20 00:00:00-05:00,562.8841041617651,572.992246298374,551.6065973768735,553.2417602539062,1272600,0.0,0.0
2023-12-21 00:00:00-05:00,562.8841749563977,566.3031138203842,557.9787461937589,565.8076171875,445700,0.0,0.0
2023-12-22 00:00:00-05:00,565.0345567059582,570.3165672183734,561.2687947710187,565.3715209960938,363800,0.0,0.0
2023-12-26 00:00:00-05:00,567.967964724938,580.2265463565226,566.947212647104,575.2418212890625,607200,0.0,0.0
2023-12-27 00:00:00-05:00,577.1643763930612,577.1643763930612,569.3256460694712,573.6463623046875,488400,0.0,0.0
2023-12-28 00:00:00-05:00,559.1380820001677,576.3417676974456,557.9588583105949,573.477783203125,268800,0.0,0.0
2023-12-29 00:00:00-05:00,575.0734099558906,577.7391843989551,565.4905215131241,568.25537109375,299400,0.0,0.0
2024-01-02 00:00:00-05:00,563.6868687693833,569.9004158094547,557.4436233841999,561.9922485351562,444000,0.0,0.0
2024-01-03 00:00:00-05:00,551.5670109967147,553.4003242185721,541.8354505355512,542.2318115234375,828800,0.0,0.0
2024-01-04 00:00:00-05:00,544.1345538589309,553.231864020643,541.7561460255554,543.91650390625,547800,0.0,0.0
2024-01-05 00:00:00-05:00,532.3516106341293,543.5201227472962,530.4092422927981,536.5137939453125,670600,0.0,0.0
2024-01-08 00:00:00-05:00,533.8083442143962,546.8003103956119,528.8930568950904,545.8687744140625,500500,0.0,0.0
2024-01-09 00:00:00-05:00,538.3769493066898,543.6292016982412,534.3732976650524,543.0841674804688,435800,0.0,0.0
2024-01-10 00:00:00-05:00,544.025559997676,546.7607111689141,538.2877305957044,544.7291870117188,372700,0.0,0.0
2024-01-11 00:00:00-05:00,544.7291314247504,547.8507841789033,531.994893080577,546.73095703125,567200,0.0,0.0
2024-01-12 00:00:00-05:00,553.023727564252,555.699421225866,546.3840612144464,554.1435546875,512800,0.0,0.0
2024-01-16 00:00:00-05:00,547.0282765511574,561.2292268258058,546.978738985512,556.0760498046875,524800,0.0,0.0
2024-01-17 00:00:00-05:00,549.6941004301295,556.2544715289013,540.2499048283315,545.3634643554688,635500,0.0,0.0
2024-01-18 00:00:00-05:00,551.9931351312038,560.1192915142424,548.2372321712921,558.2958374023438,553200,0.0,0.0
2024-01-19 00:00:00-05:00,561.7048527011851,567.1949332488474,550.3381897417519,566.8778686523438,651200,0.0,0.0
2024-01-22 00:00:00-05:00,570.6634600383073,580.6626089162114,569.2364272858264,573.6661987304688,606900,0.0,0.0
2024-01-23 00:00:00-05:00,577.5112250287062,579.6815026242142,568.91933065106,572.8634643554688,598500,0.0,0.0
2024-01-24 00:00:00-05:00,581.6832895093447,586.3409699662258,571.0598707089451,571.7040405273438,959400,0.0,0.0
2024-01-25 00:00:00-05:00,603.366232958239,652.5789930026816,591.4644545003343,645.7708740234375,2662400,0.0,0.0
2024-01-26 00:00:00-05:00,647.1185687379236,647.3266990876155,623.6320174691864,625.0689697265625,1423700,0.0,0.0
2024-01-29 00:00:00-05:00,628.1212271193191,642.4113319050681,626.882485638592,641.89599609375,597800,0.0,0.0
2024-01-30 00:00:00-05:00,636.2176277677411,647.3663011515215,636.2176277677411,637.1887817382812,504800,0.0,0.0
2024-01-31 00:00:00-05:00,633.4428444873691,635.4743683827753,618.5779469813393,619.7671508789062,1012500,0.0,0.0
2024-02-01 00:00:00-05:00,630.1924136567691,640.9348071523941,614.6834055103992,639.5573120117188,646100,0.0,0.0
2024-02-02 00:00:00-05:00,635.1771396485244,652.6978931596145,634.126689216386,648.3078002929688,491300,0.0,0.0
2024-02-05 00:00:00-05:00,643.3726434657377,643.7988238134225,630.3411178159618,639.7555541992188,650200,0.0,0.0
2024-02-06 00:00:00-05:00,643.4816781200157,648.6447143554688,639.1906603171602,648.6447143554688,478400,0.0,0.0
2024-02-07 00:00:00-05:00,652.1329626775953,652.9257451160813,643.5013903968178,646.8509521484375,403000,0.0,0.0
2024-02-08 00:00:00-05:00,645.8997258781189,650.2105225615169,638.546512004109,641.1726684570312,609600,0.0,0.0
2024-02-09 00:00:00-05:00,641.8167982718302,647.1978843251541,638.1302719540193,644.492431640625,363400,0.0,0.0
2024-02-12 00:00:00-05:00,645.0969797178692,667.6123170429623,645.0969797178692,657.5537719726562,519100,0.0,0.0
2024-02-13 00:00:00-05:00,634.8537319881602,641.3309384839231,625.4459448705035,632.697998046875,726800,1.63,0.0
2024-02-14 00:00:00-05:00,642.7416658052348,653.669436606289,638.9269143172114,649.745361328125,616000,0.0,0.0
2024-02-15 00:00:00-05:00,650.7486467037337,657.7126257181142,643.7449521750007,656.619873046875,359300,0.0,0.0
2024-02-16 00:00:00-05:00,654.9410435849596,656.1331154970384,644.4503863180062,646.0398559570312,366600,0.0,0.0
2024-02-20 00:00:00-05:00,637.436775474461,643.6655637142159,633.8206621542774,639.681884765625,466700,0.0,0.0
2024-02-21 00:00:00-05:00,634.9530964641233,645.0264668761137,633.7907355195919,640.6553955078125,395300,0.0,0.0
2024-02-22 00:00:00-05:00,651.7520616274466,658.8054161115781,648.6922690846552,654.4740600585938,369200,0.0,0.0
2024-02-23 00:00:00-05:00,658.6464735303827,661.0704539277247,653.6793055550404,653.9077758789062,373500,0.0,0.0
2024-02-26 00:00:00-05:00,655.0204919177572,670.2299595804775,654.6728143732844,666.3853759765625,493700,0.0,0.0
2024-02-27 00:00:00-05:00,671.5611351269027,679.3496814796897,668.2430401174162,672.0379638671875,485400,0.0,0.0
2024-02-28 00:00:00-05:00,669.1172448134871,684.1578440629455,666.7926441457868,681.6842041015625,462100,0.0,0.0
2024-02-29 00:00:00-05:00,687.4461492471527,690.853619427629,680.1742075738479,688.7177734375,618200,0.0,0.0
2024-03-01 00:00:00-05:00,688.8965544743855,698.0659273647987,686.2937632461819,695.9896850585938,367100,0.0,0.0
2024-03-04 00:00:00-05:00,704.225281173838,727.5610289218762,701.3641872871286,707.6327514648438,555700,0.0,0.0
2024-03-05 00:00:00-05:00,695.4035371048868,700.1322908587003,669.1371496494357,674.9089965820312,811200,0.0,0.0
2024-03-06 00:00:00-05:00,682.9060994987833,684.5651772460677,668.8291625465388,672.3657836914062,452700,0.0,0.0
2024-03-07 00:00:00-05:00,679.3695235886103,682.0418625413432,666.0575490151127,674.8196411132812,454500,0.0,0.0
2024-03-08 00:00:00-05:00,677.4521539121461,687.7639993229743,669.9815139877794,671.7001953125,468600,0.0,0.0
2024-03-11 00:00:00-04:00,665.332325942978,665.332325942978,645.7418426764912,659.93798828125,552900,0.0,0.0
2024-03-12 00:00:00-04:00,666.4548410050768,673.8857654603262,657.8020732763233,671.054443359375,394100,0.0,0.0
2024-03-13 00:00:00-04:00,666.0078729154226,675.5349289603296,662.9481407174752,664.0408935546875,615600,0.0,0.0
2024-03-14 00:00:00-04:00,671.6506117309958,679.3993824043454,664.3687257885417,668.0642700195312,736500,0.0,0.0
2024-03-15 00:00:00-04:00,662.9182611884352,677.1938978595507,660.6333759248938,671.1439208984375,874600,0.0,0.0
2024-03-18 00:00:00-04:00,676.1309705994048,682.4790266695992,668.8689724776502,679.1212158203125,357300,0.0,0.0
2024-03-19 00:00:00-04:00,675.6441316427977,690.9231457251132,672.2466056053418,689.0654296875,459800,0.0,0.0
2024-03-20 00:00:00-04:00,686.9693669716269,710.6726811701742,686.9693669716269,704.67236328125,1070600,0.0,0.0
2024-03-21 00:00:00-04:00,712.8781168121947,725.117166661118,708.5765319054215,714.3284912109375,591900,0.0,0.0
2024-03-22 00:00:00-04:00,719.5241758718875,722.2262863808043,708.7652721246543,709.5798950195312,445500,0.0,0.0
2024-03-25 00:00:00-04:00,706.3909179011497,711.2885384443501,699.2183561627436,699.8143920898438,423900,0.0,0.0
2024-03-26 00:00:00-04:00,701.821196702098,707.9606097197178,699.2382326897962,700.1820068359375,440200,0.0,0.0
2024-03-27 00:00:00-04:00,704.7418529505372,715.7987742847879,701.7714354151741,715.4212646484375,257100,0.0,0.0
2024-03-28 00:00:00-04:00,715.7092944053599,720.1896895752259,712.4607471793984,716.3748779296875,440200,0.0,0.0
2024-04-01 00:00:00-04:00,716.3748706158856,717.6266066217105,704.7516856631353,705.4868774414062,339800,0.0,0.0
2024-04-02 00:00:00-04:00,695.403486783068,696.6452787237521,683.7703580543659,687.2473754882812,606600,0.0,0.0
2024-04-03 00:00:00-04:00,688.0422213646227,705.0199680691779,687.4560688464516,701.5032348632812,458900,0.0,0.0
2024-04-04 00:00:00-04:00,710.2553605167135,712.7886040558209,687.6348581668829,689.2740478515625,347400,0.0,0.0
2024-04-05 00:00:00-04:00,691.2013650888873,705.4770020989619,690.4562898351908,702.2284545898438,275900,0.0,0.0
2024-04-08 00:00:00-04:00,704.8908713894557,710.3448127139637,698.0063831081603,698.3441772460938,414300,0.0,0.0
2024-04-09 00:00:00-04:00,700.440245358432,703.7285081947365,676.9455161383001,692.184814453125,380400,0.0,0.0
2024-04-10 00:00:00-04:00,674.8692769018667,687.396460276463,671.0048055744037,677.65087890625,482700,0.0,0.0
2024-04-11 00:00:00-04:00,676.9754118186252,682.3896376491041,668.7596956580462,681.1875610351562,585200,0.0,0.0
2024-04-12 00:00:00-04:00,669.921904978537,680.929165933167,664.3785893039056,670.37890625,594500,0.0,0.0
2024-04-15 00:00:00-04:00,683.5915476187693,686.4526411022267,659.4014648563953,662.3618774414062,696700,0.0,0.0
2024-04-16 00:00:00-04:00,660.5240688641157,661.1300487968639,648.3147313357822,651.66259765625,585200,0.0,0.0
2024-04-17 00:00:00-04:00,650.8778202916361,654.0171044302161,628.0586795508548,632.0422973632812,896000,0.0,0.0
2024-04-18 00:00:00-04:00,636.5326782717923,644.6689024321946,627.6216073807884,628.7243041992188,499200,0.0,0.0
2024-04-19 00:00:00-04:00,629.59850460418,637.4267664289157,619.9125267493121,624.214111328125,572700,0.0,0.0
2024-04-22 00:00:00-04:00,628.2971259049248,633.8802181834853,617.4786188725681,625.1677856445312,767100,0.0,0.0
2024-04-23 00:00:00-04:00,636.7313567215691,660.1763662641022,634.456415524797,656.9775390625,598200,0.0,0.0
2024-04-24 00:00:00-04:00,659.8386645707928,667.9748888623463,644.5000460753573,650.8878173828125,641000,0.0,0.0
2024-04-25 00:00:00-04:00,675.5348398719333,690.3767401027299,639.3241734607467,686.3831176757812,1034000,0.0,0.0
2024-04-26 00:00:00-04:00,680.7802643443187,688.8469410108273,674.3229453957738,686.2639770507812,581700,0.0,0.0
2024-04-29 00:00:00-04:00,693.3967628267252,708.904307362396,685.6778250072318,708.0101928710938,604600,0.0,0.0
2024-04-30 00:00:00-04:00,695.0360162166171,700.9667862314407,662.8090249418376,663.603759765625,1081600,0.0,0.0
2024-05-01 00:00:00-04:00,660.0471945949726,668.1039872109142,644.9967118649544,649.4671630859375,584400,0.0,0.0
2024-05-02 00:00:00-04:00,658.8650050132675,664.6567398958208,642.3541433837586,660.2061767578125,366800,0.0,0.0
2024-05-03 00:00:00-04:00,673.6274649094598,681.3861788130544,659.9677530626826,662.2824096679688,343300,0.0,0.0
2024-05-06 00:00:00-04:00,670.5677031198097,678.8529663085938,667.6271177340493,678.8529663085938,348400,0.0,0.0
2024-05-07 00:00:00-04:00,681.4122106311796,685.9431294182405,669.7014870847496,671.4441528320312,437500,1.63,0.0
2024-05-08 00:00:00-04:00,662.5216305581356,675.6165421762595,660.4204883226353,674.9991455078125,474000,0.0,0.0
2024-05-09 00:00:00-04:00,677.1500503408736,686.4309965596559,674.5012254162784,686.3214721679688,358500,0.0,0.0
2024-05-10 00:00:00-04:00,690.2947707718093,696.817307186242,688.8508356499934,695.2041015625,352100,0.0,0.0
2024-05-13 00:00:00-04:00,700.7607167993094,709.8026180295242,693.3219925634977,693.7501831054688,395100,0.0,0.0
2024-05-14 00:00:00-04:00,698.0621101974338,700.8902345052026,686.3513866126483,691.5594482421875,349800,0.0,0.0
2024-05-15 00:00:00-04:00,699.8545007032636,712.3419835281362,695.4231388288056,709.3843994140625,508800,0.0,0.0
2024-05-16 00:00:00-04:00,705.331484355087,709.0159897159429,678.0264192974485,678.2853393554688,480400,0.0,0.0
2024-05-17 00:00:00-04:00,686.5007813886689,686.5007813886689,676.8314541139925,682.9158325195312,362900,0.0,0.0
2024-05-20 00:00:00-04:00,683.6527420798225,703.8477158169733,683.4535681355649,698.1915283203125,344100,0.0,0.0
2024-05-21 00:00:00-04:00,696.0106996347204,697.9525392143283,687.1978148695006,691.678955078125,276000,0.0,0.0
2024-05-22 00:00:00-04:00,688.0442705520264,689.3786813504073,676.6821166435719,679.7391967773438,280300,0.0,0.0
2024-05-23 00:00:00-04:00,687.10820954271,687.10820954271,658.0106997561671,663.9755859375,482000,0.0,0.0
2024-05-24 00:00:00-04:00,668.526412916992,672.3204426175591,659.3450227147049,670.7271118164062,296100,0.0,0.0
2024-05-28 00:00:00-04:00,673.3162975055623,673.3162975055623,652.8523733897534,661.9640502929688,395300,0.0,0.0
2024-05-29 00:00:00-04:00,653.6987428955208,655.1525849425514,641.8287182191441,642.1871948242188,559500,0.0,0.0
2024-05-30 00:00:00-04:00,642.5457126465536,660.3707168209426,640.3051425520867,656.4671020507812,415300,0.0,0.0
2024-05-31 00:00:00-04:00,658.5284352920835,667.3811912942385,647.2758065041136,666.6044311523438,859700,0.0,0.0
2024-06-03 00:00:00-04:00,672.1710003021552,672.1710003021552,622.818714177811,634.838134765625,561000,0.0,0.0
2024-06-04 00:00:00-04:00,628.1562785698893,633.3045938646885,615.0315237965674,628.5546264648438,821400,0.0,0.0
2024-06-05 00:00:00-04:00,631.7013559901749,640.7930966387803,622.4403448369342,638.18408203125,382200,0.0,0.0
2024-06-06 00:00:00-04:00,636.1127396049076,641.9183224576886,623.5356684491586,627.87744140625,504200,0.0,0.0
2024-06-07 00:00:00-04:00,628.1861656411905,645.114917486522,623.6353115280701,640.7034912109375,677000,0.0,0.0
2024-06-10 00:00:00-04:00,637.735983473013,648.271659722983,637.735983473013,642.3963623046875,535200,0.0,0.0
2024-06-11 00:00:00-04:00,637.8156932220826,637.8156932220826,621.4545579088317,625.34814453125,750400,0.0,0.0
2024-06-12 00:00:00-04:00,647.275835202248,665.5090951442324,620.6976911686922,622.5100708007812,1111000,0.0,0.0
2024-06-13 00:00:00-04:00,619.9906084937965,625.8459697983172,614.0356906091433,625.19873046875,656900,0.0,0.0
2024-06-14 00:00:00-04:00,613.9162651786825,615.90788323279,593.9801490076699,613.6275024414062,709100,0.0,0.0
2024-06-17 00:00:00-04:00,612.4324882297343,618.3973742729844,607.4434755338494,616.6945190429688,859000,0.0,0.0
2024-06-18 00:00:00-04:00,613.0796603119622,643.7007829720951,604.8742049726095,642.1871948242188,1018000,0.0,0.0
2024-06-20 00:00:00-04:00,637.1085729730464,644.5074260239533,627.8575299007541,636.5409545898438,615700,0.0,0.0
2024-06-21 00:00:00-04:00,638.4230556112873,638.6720078465505,625.0991271176531,638.094482421875,725400,0.0,0.0
2024-06-24 00:00:00-04:00,641.3009687582694,651.1595017512333,632.7270682195248,642.6652221679688,364100,0.0,0.0
2024-06-25 00:00:00-04:00,641.7789476979775,641.9681538340891,626.5828930398941,637.765869140625,442300,0.0,0.0
2024-06-26 00:00:00-04:00,633.902111257663,633.902111257663,621.3847854495556,627.1903686523438,586900,0.0,0.0
2024-06-27 00:00:00-04:00,623.5257839278108,628.1761945984955,617.5210269241517,620.4287719726562,576200,0.0,0.0
2024-06-28 00:00:00-04:00,628.5646169928485,649.3571136502327,628.5646169928485,644.01953125,820100,0.0,0.0
2024-07-01 00:00:00-04:00,646.3497240692276,646.3497240692276,626.7720860273496,638.1542358398438,507000,0.0,0.0
2024-07-02 00:00:00-04:00,633.1253565576208,644.8659830903538,631.9802127216685,643.173095703125,446500,0.0,0.0
2024-07-03 00:00:00-04:00,646.638499625293,657.5625556560069,640.0861203491047,651.2092895507812,350700,0.0,0.0
2024-07-05 00:00:00-04:00,647.7239383602814,649.4466683802302,626.8318254310145,631.2930908203125,530100,0.0,0.0
2024-07-08 00:00:00-04:00,635.4256779607452,642.2967841494351,625.9356501040814,634.74853515625,546900,0.0,0.0
2024-07-09 00:00:00-04:00,629.1022940594786,633.3942281338784,623.3763926889334,624.7804565429688,434700,0.0,0.0
2024-07-10 00:00:00-04:00,628.1462891010215,646.4891332367351,626.9214635742618,642.4859619140625,603200,0.0,0.0
2024-07-11 00:00:00-04:00,651.4582018587009,672.7486012423675,649.9345850504856,663.4974975585938,678800,0.0,0.0
2024-07-12 00:00:00-04:00,669.8807020260994,686.1123759782774,667.1920056682814,676.7318725585938,544800,0.0,0.0
2024-07-15 00:00:00-04:00,684.7779634479388,710.0815031859595,680.1375204321236,704.4451904296875,594300,0.0,0.0
2024-07-16 00:00:00-04:00,704.275949638101,740.125073750228,704.275949638101,739.8960571289062,646900,0.0,0.0
2024-07-17 00:00:00-04:00,728.5836518904309,736.0322834822298,718.0877865245083,720.5574340820312,826300,0.0,0.0
2024-07-18 00:00:00-04:00,718.1177332019516,756.7949216063721,717.0820529195753,725.3970947265625,885000,0.0,0.0
2024-07-19 00:00:00-04:00,730.1072143924044,730.1072143924044,713.4174463062462,715.628173828125,493300,0.0,0.0
2024-07-22 00:00:00-04:00,728.7130820330909,735.2554931640625,712.0033791497253,735.2554931640625,520900,0.0,0.0
2024-07-23 00:00:00-04:00,728.6732016684999,748.2607458989545,721.2146026614952,740.8220825195312,596200,0.0,0.0
2024-07-24 00:00:00-04:00,737.1774542804268,744.0285637126572,712.7402645574805,712.8199462890625,1212400,0.0,0.0
2024-07-25 00:00:00-04:00,712.0034074037151,765.3986790518383,697.0662729826581,751.098876953125,1207900,0.0,0.0
2024-07-26 00:00:00-04:00,760.3898061778486,786.489920658478,746.92644931183,749.0574951171875,939600,0.0,0.0
2024-07-29 00:00:00-04:00,750.262315466988,753.5684082690589,737.187339903662,741.6884155273438,394400,0.0,0.0
2024-07-30 00:00:00-04:00,741.3498263423146,751.6564849768296,718.8843798763537,733.9908447265625,803200,0.0,0.0
2024-07-31 00:00:00-04:00,741.2204096093433,770.3676942413114,740.5233312364131,753.9268798828125,556700,0.0,0.0
2024-08-01 00:00:00-04:00,753.4589061179266,754.1659523299259,707.2035697437174,713.4871215820312,701300,0.0,0.0
2024-08-02 00:00:00-04:00,687.1081454840775,689.0499850076203,661.276860018328,668.615966796875,1004200,0.0,0.0
2024-08-05 00:00:00-04:00,637.3177211277259,685.0966145841268,631.6415980180612,665.8078002929688,835900,0.0,0.0
2024-08-06 00:00:00-04:00,669.9304768203916,696.1003654234527,661.0080066718033,678.8628540039062,464800,0.0,0.0
2024-08-07 00:00:00-04:00,691.8382583185871,697.0463196047191,658.040500597981,658.8172607421875,516200,0.0,0.0
2024-08-08 00:00:00-04:00,671.5834776903373,688.6516574380204,663.0195451536841,686.3712768554688,503800,0.0,0.0
2024-08-09 00:00:00-04:00,685.9032558643869,698.3508683033189,678.8230684961683,693.1826171875,338700,0.0,0.0
2024-08-12 00:00:00-04:00,692.9137501496834,695.9807979167161,682.8460755970577,685.3854370117188,280200,0.0,0.0
2024-08-13 00:00:00-04:00,692.0872121053974,701.1490491320142,683.1249316608671,700.1632080078125,383200,0.0,0.0
2024-08-14 00:00:00-04:00,702.3890534351956,712.3303180423578,694.2743097826118,700.8718872070312,365800,1.63,0.0
2024-08-15 00:00:00-04:00,716.8318882450856,726.1942858062357,711.4619822351094,719.2872924804688,342300,0.0,0.0
2024-08-16 00:00:00-04:00,715.78388626706,721.5829779287901,708.1382306721987,713.1288452148438,310900,0.0,0.0
2024-08-19 00:00:00-04:00,714.7557902666706,719.9560325503344,708.0584245411418,718.5487060546875,303000,0.0,0.0
2024-08-20 00:00:00-04:00,718.6484595150388,722.9703485584971,708.6672309106632,714.8955078125,244700,0.0,0.0
2024-08-21 00:00:00-04:00,718.1493814711162,728.8492290455952,715.8637021050016,723.3895263671875,206700,0.0,0.0
2024-08-22 00:00:00-04:00,724.2379177004176,724.6870851683423,709.8150912123922,715.7039794921875,259800,0.0,0.0
2024-08-23 00:00:00-04:00,719.8761570904518,747.1149699229309,719.8761570904518,743.6315307617188,283700,0.0,0.0
2024-08-26 00:00:00-04:00,748.5921264008537,756.4273662889493,739.9783214594212,741.9845581054688,285800,0.0,0.0
2024-08-27 00:00:00-04:00,736.474953446762,741.3158860974643,732.4125859053051,735.067626953125,276400,0.0,0.0
2024-08-28 00:00:00-04:00,729.5579580749553,733.3408219038915,722.4313460057609,726.3639526367188,317900,0.0,0.0
2024-08-29 00:00:00-04:00,731.4444287905843,739.249757156668,718.2991672930511,727.3720703125,276900,0.0,0.0
2024-08-30 00:00:00-04:00,733.3109165388543,740.1879979473696,722.8006531499249,739.8685913085938,338000,0.0,0.0
2024-09-03 00:00:00-04:00,726.6134879420746,731.9434910235578,696.7296859329364,700.5325317382812,503000,0.0,0.0
2024-09-04 00:00:00-04:00,700.1133148918485,706.9205201513939,695.7515228391817,699.2549438476562,401100,0.0,0.0
2024-09-05 00:00:00-04:00,697.9973113898546,699.2649469467892,682.3667338355787,696.210693359375,315600,0.0,0.0
2024-09-06 00:00:00-04:00,697.5881082460094,708.4676111331594,679.472153526678,679.8214721679688,372200,0.0,0.0
2024-09-09 00:00:00-04:00,688.9742665588362,697.548107567945,687.7066310679415,694.6336059570312,491100,0.0,0.0
2024-09-10 00:00:00-04:00,699.4944618599902,702.8282189353789,689.7128702569053,702.7483520507812,511800,0.0,0.0
2024-09-11 00:00:00-04:00,698.6860107688567,709.5755045030679,674.651194940644,705.0340576171875,511600,0.0,0.0
2024-09-12 00:00:00-04:00,705.8625065774638,715.1051339923465,698.5063459856536,711.2922973632812,317200,0.0,0.0
2024-09-13 00:00:00-04:00,718.9378865097436,737.2235044529339,717.650329963195,728.1006469726562,393100,0.0,0.0
2024-09-16 00:00:00-04:00,732.5024109581433,741.2858799610644,726.9029563223468,740.5672607421875,318200,0.0,0.0
2024-09-17 00:00:00-04:00,746.8254568797126,770.2314504077711,743.202265981396,769.812255859375,500000,0.0,0.0
2024-09-18 00:00:00-04:00,768.8141592153546,799.885730148437,763.5640229832347,771.8384399414062,614000,0.0,0.0
2024-09-19 00:00:00-04:00,793.5076537642894,796.0229428028836,774.3935771072686,792.4496459960938,439100,0.0,0.0
2024-09-20 00:00:00-04:00,786.1514925830382,792.928724694195,779.8633309132271,782.1290283203125,607500,0.0,0.0
2024-09-23 00:00:00-04:00,794.6355426243429,801.9717211406479,786.6405689171647,797.4502563476562,335700,0.0,0.0
2024-09-24 00:00:00-04:00,803.2094327059784,806.2736773265442,791.0223910579347,800.7540893554688,412000,0.0,0.0
2024-09-25 00:00:00-04:00,804.9361985784327,817.8718319504341,798.3985059812455,800.54443359375,378500,0.0,0.0
2024-09-26 00:00:00-04:00,813.4701220406606,824.6890131175843,796.3223788030833,801.1532592773438,734700,0.0,0.0
2024-09-27 00:00:00-04:00,808.4794980797279,816.9635421953794,803.6585477186003,812.57177734375,383400,0.0,0.0
2024-09-30 00:00:00-04:00,803.4889202340672,808.4795346454589,794.8152299502449,808.2100219726562,452900,0.0,0.0
2024-10-01 00:00:00-04:00,807.6111469707478,811.6136293489033,797.4102997590242,805.2755126953125,364300,0.0,0.0
2024-10-02 00:00:00-04:00,794.8551123054879,804.7964378863869,787.5289246552275,794.5357666015625,499600,0.0,0.0
2024-10-03 00:00:00-04:00,793.437796041038,798.3186314366238,782.7678602543252,787.6885986328125,399800,0.0,0.0
2024-10-04 00:00:00-04:00,802.7303028251816,802.7303028251816,779.7534955614982,788.0379638671875,416900,0.0,0.0
2024-10-07 00:00:00-04:00,781.6799340742132,801.8719398281124,778.9550172686625,800.7640380859375,590700,0.0,0.0
2024-10-08 00:00:00-04:00,800.4945417455928,805.0958735553844,792.509558785537,798.2088623046875,441800,0.0,0.0
2024-10-09 00:00:00-04:00,799.9256294858258,812.5519085556231,795.9431288568957,811.9829711914062,452300,0.0,0.0
2024-10-10 00:00:00-04:00,800.5843968728877,807.6610538815244,796.4221806563619,801.322998046875,319200,0.0,0.0
2024-10-11 00:00:00-04:00,803.8482356509228,820.4171121686479,803.8482356509228,817.462646484375,484100,0.0,0.0
2024-10-14 00:00:00-04:00,817.462638989627,838.9921568287984,814.9074468528075,836.4768676757812,439200,0.0,0.0
2024-10-15 00:00:00-04:00,830.2685483630636,843.3539243212231,829.6497170689726,832.1150512695312,432700,0.0,0.0
2024-10-16 00:00:00-04:00,837.4550904476506,860.1224226370773,834.3309608805193,844.4718627929688,345600,0.0,0.0
2024-10-17 00:00:00-04:00,848.274661449119,848.4044222932341,835.4088432948143,838.962158203125,340700,0.0,0.0
2024-10-18 00:00:00-04:00,837.8642439041048,838.4231902607886,827.1544052659556,837.694580078125,341300,0.0,0.0
2024-10-21 00:00:00-04:00,837.9041905578954,840.6490285262142,826.7751568023365,830.96728515625,323200,0.0,0.0
2024-10-22 00:00:00-04:00,828.3520971284432,859.7131605403596,821.9541565461763,845.8692016601562,1035400,0.0,0.0
2024-10-23 00:00:00-04:00,845.0906717274164,846.2984223421975,825.9965761819752,832.6141357421875,657800,0.0,0.0
2024-10-24 00:00:00-04:00,834.0814305405992,838.4232408122849,807.3616608596482,823.44140625,687500,0.0,0.0
2024-10-25 00:00:00-04:00,827.1444566252231,829.1506933947527,807.2019197244645,810.974853515625,460300,0.0,0.0
2024-10-28 00:00:00-04:00,817.7820388156083,829.7196102964033,812.681645560516,823.10205078125,462100,0.0,0.0
2024-10-29 00:00:00-04:00,819.8381992640531,822.3035336055847,805.9942394000697,810.9149780273438,440000,0.0,0.0
2024-10-30 00:00:00-04:00,806.0540732588321,820.6765363859442,804.826401654051,810.5955200195312,410400,0.0,0.0
2024-10-31 00:00:00-04:00,807.8107739492807,815.8656325665286,804.3472560209467,811.2742309570312,398600,0.0,0.0
2024-11-01 00:00:00-04:00,818.4607589476233,819.94795228671,791.4315743870524,791.9805297851562,741000,0.0,0.0
2024-11-04 00:00:00-05:00,789.1059891716677,800.1252437609913,778.166540549383,784.5145874023438,775300,0.0,0.0
2024-11-05 00:00:00-05:00,781.1709220530955,797.989268570877,779.254482219878,796.5020751953125,611800,0.0,0.0
2024-11-06 00:00:00-05:00,860.5915507583403,886.9519492282377,847.7057502550925,878.6675415039062,1651800,0.0,0.0
2024-11-07 00:00:00-05:00,877.1004686783552,877.6893879744741,857.0781264190902,860.8110961914062,554000,0.0,0.0
2024-11-08 00:00:00-05:00,861.3800273908697,880.6038834041518,861.3800273908697,873.3674926757812,468400,0.0,0.0
2024-11-11 00:00:00-05:00,883.3387455343579,895.2962380979644,870.6925457492741,872.2396240234375,589300,0.0,0.0
2024-11-12 00:00:00-05:00,873.357531097102,875.9526262498416,857.0981311067169,866.72998046875,385300,0.0,0.0
2024-11-13 00:00:00-05:00,865.6900024414062,871.2100219726562,855.0,858.8300170898438,407900,1.63,0.0
2024-11-14 00:00:00-05:00,860.2999877929688,860.5499877929688,840.0,849.5999755859375,630100,0.0,0.0
2024-11-15 00:00:00-05:00,849.4600219726562,854.5,835.1099853515625,836.0,603100,0.0,0.0
2024-11-18 00:00:00-05:00,834.72998046875,841.2100219726562,829.02001953125,832.9400024414062,478800,0.0,0.0
2024-11-19 00:00:00-05:00,818.469970703125,829.7999877929688,818.469970703125,821.1599731445312,461600,0.0,0.0
2024-11-20 00:00:00-05:00,824.6699829101562,827.1300048828125,817.7899780273438,820.5499877929688,402100,0.0,0.0
2024-11-21 00:00:00-05:00,824.0,843.5250244140625,819.7000122070312,840.739990234375,711797,0.0,0.0
