Date,Open,High,Low,Close,Volume,Dividends,Stock Splits
2022-01-03 00:00:00-05:00,57.195348011895085,57.73783677009622,56.45643752676321,57.44788360595703,273400,0.0,0.0
2022-01-04 00:00:00-05:00,57.38240645823804,57.691066599599424,56.83991774189956,57.251461029052734,243600,0.0,0.0
2022-01-05 00:00:00-05:00,57.045695104659536,58.186793614844646,56.66221050645061,56.81186294555664,825700,0.0,0.0
2022-01-06 00:00:00-05:00,57.447879586382776,57.447879586382776,56.007476286979944,56.84926986694336,448900,0.0,0.0
2022-01-07 00:00:00-05:00,56.484497468178745,56.980220518516504,54.9692660309984,55.923301696777344,630400,0.0,0.0
2022-01-10 00:00:00-05:00,55.37145910872863,56.53126468514356,54.987974488914624,56.47514724731445,525900,0.0,0.0
2022-01-11 00:00:00-05:00,56.47514184835435,57.13922429781573,55.502399248357264,56.64350128173828,486700,0.0,0.0
2022-01-12 00:00:00-05:00,56.74638477402097,57.737834380171634,56.53125962294964,57.70042037963867,692400,0.0,0.0
2022-01-13 00:00:00-05:00,58.08390569993715,58.81346444757773,57.78460082787786,58.33644485473633,573400,0.0,0.0
2022-01-14 00:00:00-05:00,58.046494841426394,58.55156957932687,57.59753753662847,57.85942840576172,474800,0.0,0.0
2022-01-18 00:00:00-05:00,57.709775292654854,58.14002559203069,56.79315369346464,57.382408142089844,533000,0.0,0.0
2022-01-19 00:00:00-05:00,57.44788222542599,58.8789374426958,57.176639636841465,58.35515213012695,499100,0.0,0.0
2022-01-20 00:00:00-05:00,58.91635671859975,60.41287765193215,58.579637813801924,58.607696533203125,556500,0.0,0.0
2022-01-21 00:00:00-05:00,58.355148922152544,58.355148922152544,56.92409735154788,56.95215606689453,543100,0.0,0.0
2022-01-24 00:00:00-05:00,55.9420112349542,57.84072736788982,55.5865853273519,57.72848892211914,616300,0.0,0.0
2022-01-25 00:00:00-05:00,56.858632655569764,56.96151938367755,55.32469415504309,56.250667572021484,643500,0.0,0.0
2022-01-26 00:00:00-05:00,56.70897672230256,57.335645201559544,55.40887047716113,55.54916763305664,478900,0.0,0.0
2022-01-27 00:00:00-05:00,56.06359329565481,56.40031215230063,54.03393200797744,54.05263900756836,374800,0.0,0.0
2022-01-28 00:00:00-05:00,54.25840961248822,55.474339626635064,53.40726074338267,55.42757034301758,379200,0.0,0.0
2022-01-31 00:00:00-05:00,55.34339245310299,57.18599096695061,55.315333736403346,57.01763153076172,283500,0.0,0.0
2022-02-01 00:00:00-05:00,56.90538524169979,57.74718230645667,56.147767883418595,57.719120025634766,203500,0.0,0.0
2022-02-02 00:00:00-05:00,58.03713793489971,58.214852649411355,57.62559464233793,57.88748550415039,225300,0.0,0.0
2022-02-03 00:00:00-05:00,57.157934423391865,57.672364467751855,56.69962181456474,57.0269889831543,332600,0.0,0.0
2022-02-04 00:00:00-05:00,56.77445164083665,56.989576809271306,55.92330268398834,56.596736907958984,217600,0.0,0.0
2022-02-07 00:00:00-05:00,57.13922420076857,57.13922420076857,56.05424316969011,56.34419631958008,261800,0.0,0.0
2022-02-08 00:00:00-05:00,56.11036286779224,57.66300816188642,56.08230058426358,57.27016830444336,318400,0.0,0.0
2022-02-09 00:00:00-05:00,57.85007255324131,58.94440887193143,57.85007255324131,58.682518005371094,2372600,0.0,0.0
2022-02-10 00:00:00-05:00,57.61197313988431,57.79039882567185,54.98257648382287,55.23612594604492,1574800,0.25,0.0
2022-02-11 00:00:00-05:00,55.22674306551801,55.48968168619129,53.56458767996894,53.89326095581055,508900,0.0,0.0
2022-02-14 00:00:00-05:00,53.8087473411407,54.419144694422904,53.39555754619705,53.90265655517578,506300,0.0,0.0
2022-02-15 00:00:00-05:00,54.494259096530094,54.81354320471095,54.40974260959194,54.559993743896484,426200,0.0,0.0
2022-02-16 00:00:00-05:00,54.40974390663093,54.729028022423,53.95899049297207,54.44730758666992,443000,0.0,0.0
2022-02-17 00:00:00-05:00,54.11863702069619,54.64451423819252,53.696054555015294,53.94960403442383,409300,0.0,0.0
2022-02-18 00:00:00-05:00,51.65826937279798,52.64429631598974,45.68578368465654,48.15553665161133,2417300,0.0,0.0
2022-02-22 00:00:00-05:00,48.75653239798946,49.45144605521515,48.09918599796825,48.60628128051758,1104500,0.0,0.0
2022-02-23 00:00:00-05:00,48.69080633317777,49.16034160575333,47.357327878552695,47.413673400878906,801200,0.0,0.0
2022-02-24 00:00:00-05:00,46.164707996454965,48.963137799626566,46.164707996454965,48.869232177734375,694000,0.0,0.0
2022-02-25 00:00:00-05:00,48.93496609433642,49.25425021915089,48.27761600415724,49.01008987426758,633600,0.0,0.0
2022-02-28 00:00:00-05:00,48.78471410036783,49.39510778737834,48.57811744019241,49.188514709472656,466500,0.0,0.0
2022-03-01 00:00:00-05:00,49.31998223941163,51.32959250159529,49.1885129448418,50.831886291503906,543800,0.0,0.0
2022-03-02 00:00:00-05:00,51.19813273949588,53.602154915258375,51.19813273949588,52.81333541870117,669300,0.0,0.0
2022-03-03 00:00:00-05:00,52.91662237532033,53.25468833572327,52.418916145988064,52.982357025146484,495800,0.0,0.0
2022-03-04 00:00:00-05:00,52.62551217400969,53.90264863916786,52.62551217400969,53.66788101196289,410100,0.0,0.0
2022-03-07 00:00:00-05:00,53.75240213473822,54.43792323539925,53.15139394817744,53.32042694091797,566400,0.0,0.0
2022-03-08 00:00:00-05:00,53.01992410431788,54.46609365773353,52.803938300719956,52.85089111328125,678700,0.0,0.0
2022-03-09 00:00:00-05:00,53.48945830441458,54.522438071061906,53.48945830441458,54.08107376098633,592500,0.0,0.0
2022-03-10 00:00:00-05:00,53.53640570624674,54.33461775194382,53.36737631800488,54.231319427490234,219900,0.0,0.0
2022-03-11 00:00:00-05:00,54.53182459491244,54.80415590438395,53.564583109450595,53.79935073852539,438100,0.0,0.0
2022-03-14 00:00:00-04:00,54.05289620727168,54.20314733546847,53.20773137224629,53.461280822753906,414500,0.0,0.0
2022-03-15 00:00:00-04:00,53.60214920493965,54.21254291867412,53.24530138963234,54.18437194824219,257200,0.0,0.0
2022-03-16 00:00:00-04:00,54.80415810142668,55.08587855115638,53.89325851777312,55.06709671020508,277300,0.0,0.0
2022-03-17 00:00:00-04:00,54.90746012267297,56.898288827690266,54.88867828046043,56.62595748901367,336100,0.0,0.0
2022-03-18 00:00:00-04:00,56.156424408079936,56.58839604929303,55.433339574430065,56.50387954711914,521100,0.0,0.0
2022-03-21 00:00:00-04:00,56.250331930882986,56.597787059470896,55.43333790702013,55.80896759033203,226200,0.0,0.0
2022-03-22 00:00:00-04:00,55.92165747428893,56.13764329771407,55.44273301056714,55.58359146118164,216500,0.0,0.0
2022-03-23 00:00:00-04:00,55.433333358549795,55.84652669274317,54.71964131754193,55.2736930847168,183000,0.0,0.0
2022-03-24 00:00:00-04:00,55.320645683843146,55.4051621762163,54.82293944112891,55.20795822143555,185200,0.0,0.0
2022-03-25 00:00:00-04:00,55.20795691891315,55.42394270937772,54.80415630735381,55.32064437866211,176500,0.0,0.0
2022-03-28 00:00:00-04:00,55.60236071200347,55.60236071200347,54.97318522742136,55.52723693847656,221500,0.0,0.0
2022-03-29 00:00:00-04:00,55.87469974271287,56.80438119698369,55.85591790116224,56.372406005859375,351300,0.0,0.0
2022-03-30 00:00:00-04:00,56.29728125927533,56.34423407121402,55.63993114532384,55.771400451660156,424900,0.0,0.0
2022-03-31 00:00:00-04:00,55.9310364884879,56.5883829282333,55.433326721191406,55.433326721191406,192600,0.0,0.0
2022-04-01 00:00:00-04:00,55.50846085200067,56.043730779578055,55.49906814041798,55.611759185791016,193200,0.0,0.0
2022-04-04 00:00:00-04:00,55.67749151982174,56.62595116080434,55.621145999481,56.51326370239258,270100,0.0,0.0
2022-04-05 00:00:00-04:00,56.522654639397274,57.31147403805228,56.193981382570115,56.25971603393555,218200,0.0,0.0
2022-04-06 00:00:00-04:00,55.77140359491725,55.89348377865419,55.30186828452762,55.40516662597656,180500,0.0,0.0
2022-04-07 00:00:00-04:00,55.36760104094578,55.36760104094578,54.3440139561395,54.8792839050293,254900,0.0,0.0
2022-04-08 00:00:00-04:00,54.813544584269465,54.935624753423696,54.40974397898751,54.61634063720703,406900,0.0,0.0
2022-04-11 00:00:00-04:00,54.212539531950334,54.747809430337384,54.09045936392198,54.31583786010742,256500,0.0,0.0
2022-04-12 00:00:00-04:00,54.66329242093844,54.66329242093844,53.4706724675054,53.573970794677734,364300,0.0,0.0
2022-04-13 00:00:00-04:00,53.53641381250082,54.13742201102652,53.32982071458175,53.583370208740234,287400,0.0,0.0
2022-04-14 00:00:00-04:00,53.977774950657555,54.03412047344854,52.22171401977539,52.22171401977539,323500,0.0,0.0
2022-04-18 00:00:00-04:00,52.033901039293184,52.212323161058244,51.263863445172404,51.52680206298828,305800,0.0,0.0
2022-04-19 00:00:00-04:00,51.67705050912736,52.64429559826213,51.338984542615776,52.46586990356445,562900,0.0,0.0
2022-04-20 00:00:00-04:00,52.95418299769195,53.912035302759755,51.54557729887509,53.789955139160156,525100,0.0,0.0
2022-04-21 00:00:00-04:00,54.156199346094645,54.315843209588586,53.010535659270566,53.21712875366211,511100,0.0,0.0
2022-04-22 00:00:00-04:00,53.01992307054077,53.245301581618534,51.90243039138288,52.08085250854492,348500,0.0,0.0
2022-04-25 00:00:00-04:00,52.118417265457936,53.1420043424307,51.59253645027936,53.01992416381836,333200,0.0,0.0
2022-04-26 00:00:00-04:00,52.803935475964835,53.21712521957852,51.22629669886562,51.38594055175781,305000,0.0,0.0
2022-04-27 00:00:00-04:00,51.06665985832801,52.40953109310873,51.06665985832801,52.09963607788086,275000,0.0,0.0
2022-04-28 00:00:00-04:00,52.578557713594584,53.22651505471165,51.85547301464213,52.935401916503906,485800,0.0,0.0
2022-04-29 00:00:00-04:00,52.85089113899025,53.536412233074515,51.695834754524704,51.7333984375,273500,0.0,0.0
2022-05-02 00:00:00-04:00,51.43288806243449,51.56435734993523,49.42327790830742,49.93976593017578,362900,0.0,0.0
2022-05-03 00:00:00-04:00,49.81769495242999,50.52199790722099,49.67683651083383,50.06185531616211,591400,0.0,0.0
2022-05-04 00:00:00-04:00,50.0618478543417,51.20751138742794,49.20729387319243,50.90700912475586,1196300,0.0,0.0
2022-05-05 00:00:00-04:00,50.46565263948136,51.10421731407656,49.10399963345241,49.4796257019043,312600,0.0,0.0
2022-05-06 00:00:00-04:00,49.16034260145814,49.67683427756827,48.40908686657511,49.132171630859375,280200,0.0,0.0
2022-05-09 00:00:00-04:00,48.474824961413525,48.52177777650197,47.60148898814192,47.88321304321289,491600,0.0,0.0
2022-05-10 00:00:00-04:00,49.95855653482952,54.691473208946746,49.95855653482952,53.62092971801758,1344200,0.0,0.0
2022-05-11 00:00:00-04:00,53.92143482092661,55.55541932259268,53.733623557378756,54.74781799316406,819300,0.0,0.0
2022-05-12 00:00:00-04:00,54.69146884760485,55.837132449970404,53.808740263140365,55.32064437866211,680800,0.0,0.0
2022-05-13 00:00:00-04:00,56.53205099349748,58.382017644692965,56.297283342845304,58.09090805053711,793200,0.0,0.0
2022-05-16 00:00:00-04:00,57.611982359574355,58.58861668540203,57.10488693624901,58.3068962097168,395800,0.0,0.0
2022-05-17 00:00:00-04:00,59.02057634710543,59.24595483129451,57.64953434990788,57.90308380126953,364100,0.0,0.0
2022-05-18 00:00:00-04:00,57.1706170147453,57.640152297364466,56.84194016754993,56.992191314697266,262800,0.0,0.0
2022-05-19 00:00:00-04:00,56.691685953233076,57.60258549855857,56.29727805666104,56.8513298034668,384800,0.0,0.0
2022-05-20 00:00:00-04:00,57.29268817178032,57.40537920814861,55.292470636882385,56.36301040649414,322200,0.0,0.0
2022-05-23 00:00:00-04:00,56.77620976518162,56.89828995083785,55.517854970263265,55.83713912963867,295300,0.0,0.0
2022-05-24 00:00:00-04:00,55.88408423621604,56.04372808501729,54.869889952509844,55.66809844970703,430200,0.0,0.0
2022-05-25 00:00:00-04:00,55.733833688076416,56.02494683763463,54.991970703009535,55.63053894042969,472600,0.0,0.0
2022-05-26 00:00:00-04:00,55.83801329658275,56.790496214745865,55.781432574976236,56.10206985473633,413200,0.25,0.0
2022-05-27 00:00:00-04:00,56.32840440410555,56.8470814455341,56.262391158693845,56.56416702270508,417300,0.0,0.0
2022-05-31 00:00:00-04:00,56.413271778840084,57.05454630610984,55.64939969850215,56.76219940185547,349100,0.0,0.0
2022-06-01 00:00:00-04:00,57.11112893584386,57.43176619001039,56.17750753188935,56.71504592895508,345500,0.0,0.0
2022-06-02 00:00:00-04:00,56.828206889616865,58.0824654578873,56.828206889616865,58.044742584228516,265300,0.0,0.0
2022-06-03 00:00:00-04:00,57.73354017941739,57.92214736035284,57.25258251465843,57.47891616821289,241300,0.0,0.0
2022-06-06 00:00:00-04:00,57.375185674101516,58.327664981845786,57.01682551984795,57.88443374633789,301400,0.0,0.0
2022-06-07 00:00:00-04:00,58.016457814342914,58.48798298812907,57.46005796537718,58.15791320800781,239700,0.0,0.0
2022-06-08 00:00:00-04:00,58.06361524357239,58.06361524357239,56.69619138748165,56.903663635253906,195000,0.0,0.0
2022-06-09 00:00:00-04:00,56.85651054133277,57.56379835454322,56.592453978133605,57.12056350708008,201700,0.0,0.0
2022-06-10 00:00:00-04:00,56.39441132042206,56.76220038856835,55.96060901427267,56.347259521484375,279000,0.0,0.0
2022-06-13 00:00:00-04:00,55.42306361146084,57.761827799229366,55.21559140532412,56.67731857299805,571200,0.0,0.0
2022-06-14 00:00:00-04:00,56.733906063264484,57.714679241404305,56.37554594097274,57.15827941894531,459000,0.0,0.0
2022-06-15 00:00:00-04:00,57.507218065748894,57.92215898350436,56.46043145322376,57.54494094848633,503300,0.0,0.0
2022-06-16 00:00:00-04:00,56.96967416428134,57.026258483010565,55.21559985564463,55.6116828918457,659600,0.0,0.0
2022-06-17 00:00:00-04:00,55.59281521787874,56.68675340846975,55.4796501905628,56.11149215698242,848400,0.0,0.0
2022-06-21 00:00:00-04:00,56.65846673710476,57.29030874463092,56.44156199091501,56.92251968383789,437100,0.0,0.0
2022-06-22 00:00:00-04:00,56.54529372293013,56.903653835333266,55.99832643316344,56.30010223388672,398000,0.0,0.0
2022-06-23 00:00:00-04:00,56.45098993044928,57.129987278350995,55.82857689402315,57.04511260986328,468500,0.0,0.0
2022-06-24 00:00:00-04:00,57.41290847314213,58.28051310097416,57.30917235515097,58.24279022216797,520600,0.0,0.0
2022-06-27 00:00:00-04:00,58.431393067176764,59.89312024620776,58.101326916168595,58.92177963256836,680100,0.0,0.0
2022-06-28 00:00:00-04:00,59.41217906710531,60.279783764800364,58.98780563999273,58.99723815917969,570400,0.0,0.0
2022-06-29 00:00:00-04:00,59.30843320064019,60.100595602004226,58.90292128104602,59.987430572509766,377400,0.0,0.0
2022-06-30 00:00:00-04:00,59.97799445291993,61.3925698277289,59.30842963889864,61.3548469543457,489100,0.0,0.0
2022-07-01 00:00:00-04:00,61.213404566299054,64.05198107368017,61.08137089174541,63.64646911621094,1038800,0.0,0.0
2022-07-05 00:00:00-04:00,62.26017919782379,62.91088622347161,59.893124468485105,60.80788803100586,640800,0.0,0.0
2022-07-06 00:00:00-04:00,60.79845037019607,62.26960644818497,60.79845037019607,61.967830657958984,462200,0.0,0.0
2022-07-07 00:00:00-04:00,61.9112590047096,62.11873123989202,61.08137006397991,61.59061813354492,557400,0.0,0.0
2022-07-08 00:00:00-04:00,61.26055559418826,62.4110782798286,61.26055559418826,62.04328918457031,543700,0.0,0.0
2022-07-11 00:00:00-04:00,62.01499405166896,62.354492758851165,61.156814765485244,61.80752182006836,450100,0.0,0.0
2022-07-12 00:00:00-04:00,61.24168783142515,62.920316188120616,61.24168783142515,62.543094635009766,590600,0.0,0.0
2022-07-13 00:00:00-04:00,61.081373770522,61.23226529432141,56.903663635253906,56.903663635253906,839500,0.0,0.0
2022-07-14 00:00:00-04:00,57.252573846477205,63.156069810708004,57.10168596610282,62.98632049560547,1446900,0.0,0.0
2022-07-15 00:00:00-04:00,63.21266084850937,64.46691948203815,62.571386352749784,63.91994857788086,701100,0.0,0.0
2022-07-18 00:00:00-04:00,64.17457660272716,64.36318378714591,63.27867448948083,63.401275634765625,454800,0.0,0.0
2022-07-19 00:00:00-04:00,63.56159014605672,65.30623172054935,63.56159014605672,64.8441390991211,647800,0.0,0.0
2022-07-20 00:00:00-04:00,65.18363888528931,65.18363888528931,62.91088422410795,63.391841888427734,628300,0.0,0.0
2022-07-21 00:00:00-04:00,63.18436272400131,64.43862120335871,63.108916982032,64.14627075195312,602600,0.0,0.0
2022-07-22 00:00:00-04:00,64.17457178741826,65.29679668183917,63.72190450591487,65.27793884277344,424700,0.0,0.0
2022-07-25 00:00:00-04:00,64.98559870458055,65.43825881301294,63.95767015081467,65.24021911621094,305200,0.0,0.0
2022-07-26 00:00:00-04:00,64.90071520198607,65.6174353765737,64.6743851660276,65.0987548828125,229200,0.0,0.0
2022-07-27 00:00:00-04:00,65.16478730820955,65.94752094034357,64.75927531040917,65.74948120117188,219400,0.0,0.0
2022-07-28 00:00:00-04:00,65.6174565058528,66.95658650926096,65.6174565058528,66.64537811279297,445000,0.0,0.0
2022-07-29 00:00:00-04:00,66.60764242523183,68.47488525020603,66.60764242523183,67.96563720703125,486800,0.0,0.0
2022-08-01 00:00:00-04:00,67.74872855802985,68.13538262579176,67.19233234723409,67.89962005615234,580600,0.0,0.0
2022-08-02 00:00:00-04:00,67.62614046784499,68.13538852575111,67.11689240993887,67.13575744628906,476600,0.0,0.0
2022-08-03 00:00:00-04:00,67.29607193375729,68.01279219709983,67.01315395759752,67.70158386230469,420300,0.0,0.0
2022-08-04 00:00:00-04:00,67.69215995188338,68.58806219370614,67.50355274039644,68.52204895019531,704100,0.0,0.0
2022-08-05 00:00:00-04:00,67.95620788930634,68.02222112792454,62.52424289611402,63.797359466552734,1468200,0.0,0.0
2022-08-08 00:00:00-04:00,63.97654316601052,66.71139108489614,63.97654316601052,64.94789123535156,630000,0.0,0.0
2022-08-09 00:00:00-04:00,64.89128894322808,66.01352110437128,64.50464206096622,65.90035247802734,627800,0.0,0.0
2022-08-10 00:00:00-04:00,67.04144954128986,67.49411689944475,66.11726417762468,66.38131713867188,514500,0.0,0.0
2022-08-11 00:00:00-04:00,66.12669928054868,67.37152557049505,65.862639114278,65.94751739501953,288700,0.0,0.0
2022-08-12 00:00:00-04:00,65.83433607094979,67.31492468511773,65.83433607094979,67.26777648925781,252300,0.0,0.0
2022-08-15 00:00:00-04:00,67.14518200604897,67.71101797166823,66.7019543855052,67.03202056884766,168000,0.0,0.0
2022-08-16 00:00:00-04:00,66.400185885247,67.14518941200501,66.30587508397274,66.73967742919922,336900,0.0,0.0
2022-08-17 00:00:00-04:00,66.64537438976619,66.91885988699927,66.26815276617215,66.71138763427734,241000,0.0,0.0
2022-08-18 00:00:00-04:00,67.12632877912704,67.72988046869985,66.9565794167532,67.04145050048828,273200,0.0,0.0
2022-08-19 00:00:00-04:00,66.73024710886061,66.73024710886061,65.6363052111383,66.46619415283203,207800,0.0,0.0
2022-08-22 00:00:00-04:00,66.21157022122804,66.88113516712713,65.92865940748548,66.82455444335938,213900,0.0,0.0
2022-08-23 00:00:00-04:00,67.00440432383972,67.1558729626384,66.37014564932029,67.08960723876953,184400,0.27,0.0
2022-08-24 00:00:00-04:00,67.38306973611654,67.4493354610059,66.51214671687859,66.61627960205078,203400,0.0,0.0
2022-08-25 00:00:00-04:00,67.01388653572904,67.08962087051663,65.92522894603462,66.99494934082031,236900,0.0,0.0
2022-08-26 00:00:00-04:00,66.89082022253827,67.14641456128761,65.7642955233162,65.79269409179688,240200,0.0,0.0
2022-08-29 00:00:00-04:00,65.78322001199808,66.47428308459745,65.34775847926778,66.10508728027344,186700,0.0,0.0
2022-08-30 00:00:00-04:00,65.86843548595445,66.18083421758786,65.52763818279509,66.02936553955078,240500,0.0,0.0
2022-08-31 00:00:00-04:00,65.99149359798179,66.25655654295504,65.11110183222148,65.64122772216797,354900,0.0,0.0
2022-09-01 00:00:00-04:00,65.56549406224394,66.42694854736328,65.02589962889454,66.42694854736328,521600,0.0,0.0
2022-09-02 00:00:00-04:00,66.78668868201456,68.12147198472705,66.22815700831188,66.45535278320312,338500,0.0,0.0
2022-09-06 00:00:00-04:00,66.50268199886166,66.90974496760924,65.37615738763448,65.52762603759766,261400,0.0,0.0
2022-09-07 00:00:00-04:00,65.5654896872341,66.19027977880046,64.8649580523215,66.038818359375,542400,0.0,0.0
2022-09-08 00:00:00-04:00,65.97254831398583,65.97254831398583,63.94670230767834,64.26856231689453,351800,0.0,0.0
2022-09-09 00:00:00-04:00,64.40110352191326,64.91229939853862,64.40110352191326,64.80816650390625,392800,0.0,0.0
2022-09-12 00:00:00-04:00,64.79870801986054,65.23417685942228,64.25911349183956,64.77030944824219,311800,0.0,0.0
2022-09-13 00:00:00-04:00,63.66270455971039,64.31590041952786,62.876977253324476,62.971641540527344,306500,0.0,0.0
2022-09-14 00:00:00-04:00,63.236729006114416,63.40712765880009,61.87353978462898,62.3184700012207,273800,0.0,0.0
2022-09-15 00:00:00-04:00,62.07232594686164,62.782319002783844,61.77886446158911,61.96819305419922,308400,0.0,0.0
2022-09-16 00:00:00-04:00,61.27713719099174,62.46992032479659,61.201402864978554,61.96819305419922,494800,0.0,0.0
2022-09-19 00:00:00-04:00,61.81674114438365,62.27113272559344,61.201412290005756,62.16699981689453,685100,0.0,0.0
2022-09-20 00:00:00-04:00,62.043936318429814,62.22380356301758,61.040481632674684,61.210880279541016,355100,0.0,0.0
2022-09-21 00:00:00-04:00,61.305533355871724,62.04392494951516,60.66180605482467,60.69020462036133,455200,0.0,0.0
2022-09-22 00:00:00-04:00,60.756474463245844,60.80381022396199,59.51635192344034,59.82875061035156,326800,0.0,0.0
2022-09-23 00:00:00-04:00,59.535286589509944,59.771950952553766,58.91996141232296,59.35542297363281,427000,0.0,0.0
2022-09-26 00:00:00-04:00,59.0998224636322,60.444074254007305,58.7684938142331,59.33648681640625,308500,0.0,0.0
2022-09-27 00:00:00-04:00,59.78141792302667,60.46300881442661,59.68675001365759,60.06541442871094,545000,0.0,0.0
2022-09-28 00:00:00-04:00,60.06542011783953,61.85459863423456,59.75302140414978,61.580074310302734,349500,0.0,0.0
2022-09-29 00:00:00-04:00,61.38126171509982,61.71259757961498,60.538740826809224,60.557674407958984,334500,0.0,0.0
2022-09-30 00:00:00-04:00,60.56714190596645,60.6996769795139,59.137690776356834,59.14715576171875,364500,0.0,0.0
2022-10-03 00:00:00-04:00,59.60155309746326,60.01808469301336,58.948360747002845,59.743553161621094,873500,0.0,0.0
2022-10-04 00:00:00-04:00,60.60500407565328,62.01552881356317,60.321011186738104,61.96819305419922,542100,0.0,0.0
2022-10-05 00:00:00-04:00,60.79434754595988,60.936347619509654,59.5826234556476,60.084354400634766,492400,0.0,0.0
2022-10-06 00:00:00-04:00,60.074880542466595,60.17901343912283,58.30463213294519,58.333030700683594,242700,0.0,0.0
2022-10-07 00:00:00-04:00,57.70823976564875,57.73664194599337,56.72371510864242,57.206512451171875,337900,0.0,0.0
2022-10-10 00:00:00-04:00,57.26331306745572,57.26331306745572,56.38292131426673,56.75211715698242,186600,0.0,0.0
2022-10-11 00:00:00-04:00,56.8941035947616,57.62303016588097,56.70477501937359,57.18756866455078,298800,0.0,0.0
2022-10-12 00:00:00-04:00,57.1686425330161,57.24437686200727,56.61011449594671,56.96037673950195,261600,0.0,0.0
2022-10-13 00:00:00-04:00,56.14625046553204,58.08689737082758,55.58772246730442,57.878631591796875,289600,0.0,0.0
2022-10-14 00:00:00-04:00,58.55076398700872,59.61102296999584,58.0774352446361,58.18156814575195,383000,0.0,0.0
2022-10-17 00:00:00-04:00,58.63596520332217,60.51034665045221,58.512902326393785,60.20741653442383,340400,0.0,0.0
2022-10-18 00:00:00-04:00,60.74701117074453,61.17301138711687,60.03701803254763,60.548213958740234,283500,0.0,0.0
2022-10-19 00:00:00-04:00,60.349412167449785,60.55767796110555,59.762485562215396,60.16007995605469,249900,0.0,0.0
2022-10-20 00:00:00-04:00,60.093818369151116,60.37781490022868,58.49396847548512,58.901031494140625,225300,0.0,0.0
2022-10-21 00:00:00-04:00,58.60756035184462,59.999147905906696,58.54129462176656,59.677284240722656,231100,0.0,0.0
2022-10-24 00:00:00-04:00,60.027546729167625,60.519809019858535,59.393287992507766,60.30207824707031,161600,0.0,0.0
2022-10-25 00:00:00-04:00,60.37781619464596,60.77541062443606,59.809823120313844,60.76594924926758,207900,0.0,0.0
2022-10-26 00:00:00-04:00,61.20140692587251,61.50433702760271,60.33048017498944,60.59554672241211,167300,0.0,0.0
2022-10-27 00:00:00-04:00,60.48194371529509,61.324468265390564,60.302080100388594,60.33047866821289,190500,0.0,0.0
2022-10-28 00:00:00-04:00,60.49141386935931,62.5077916834494,60.37781237271438,62.4225959777832,189800,0.0,0.0
2022-10-31 00:00:00-04:00,62.20486197646552,62.31846347383179,61.68420469732275,61.84513473510742,183100,0.0,0.0
2022-11-01 00:00:00-04:00,62.49831672232054,62.49831672232054,61.39072932690435,61.655792236328125,167200,0.0,0.0
2022-11-02 00:00:00-04:00,60.95526707672026,60.97420426855269,58.35195932629452,58.52235794067383,463400,0.0,0.0
2022-11-03 00:00:00-04:00,57.95436637885328,59.421684606236326,57.36743619893099,58.84422302246094,277000,0.0,0.0
2022-11-04 00:00:00-04:00,59.2607561426434,59.97074924472561,58.266766521970645,58.99569320678711,383900,0.0,0.0
2022-11-07 00:00:00-05:00,52.05669520664497,52.113492342952036,46.121152511378256,48.55406188964844,7232700,0.0,0.0
2022-11-08 00:00:00-05:00,48.16593268706574,48.50672995124588,47.42753741093824,47.7494010925293,4493100,0.0,0.0
2022-11-09 00:00:00-05:00,47.34233337686784,49.47231245451335,47.15300479226837,48.16592788696289,3706500,0.0,0.0
2022-11-10 00:00:00-05:00,49.51965046163977,50.54203858752865,48.762321643990006,50.475772857666016,2392700,0.0,0.0
2022-11-11 00:00:00-05:00,50.25804147617846,52.047223383164635,50.12551001806266,51.91469192504883,1915300,0.0,0.0
2022-11-14 00:00:00-05:00,52.30282500500939,53.53347898876728,51.820031286203964,53.003353118896484,3480900,0.0,0.0
2022-11-15 00:00:00-05:00,53.28734033274879,54.158263316169304,52.56787876180827,53.65653610229492,1541600,0.0,0.0
2022-11-16 00:00:00-05:00,53.67547905317504,53.83640908903963,52.33122357340628,53.003353118896484,2653500,0.0,0.0
2022-11-17 00:00:00-05:00,52.51109558480832,52.78562353047063,51.05324208748828,52.189231872558594,1734300,0.0,0.0
2022-11-18 00:00:00-05:00,52.624688205932685,52.91815331778862,51.261502767193235,51.980960845947266,1162400,0.0,0.0
2022-11-21 00:00:00-05:00,51.990426800609114,53.741745296321604,51.82003177740095,53.10748291015625,1728900,0.0,0.0
2022-11-22 00:00:00-05:00,52.66039912823032,52.964794205263686,51.61403787583701,51.82331085205078,1009000,0.27,0.0
2022-11-23 00:00:00-05:00,51.43330587127518,51.937459551334996,50.815001312628674,50.948177337646484,1251800,0.0,0.0
2022-11-25 00:00:00-05:00,51.19550250754771,52.11820225129384,50.767445738352286,51.7757568359375,624600,0.0,0.0
2022-11-28 00:00:00-05:00,51.69014544787767,52.260885387309685,51.376235941116825,51.54745864868164,840200,0.0,0.0
2022-11-29 00:00:00-05:00,51.49037604201885,51.518911944407876,50.59621239462639,50.68182373046875,1232900,0.0,0.0
2022-11-30 00:00:00-05:00,50.72939890204396,52.23234934052604,50.6532983083608,52.17527389526367,1185000,0.0,0.0
2022-12-01 00:00:00-05:00,52.31795629239817,52.375031732858595,51.414281776157964,51.61404037475586,836300,0.0,0.0
2022-12-02 00:00:00-05:00,51.10037915738627,52.10868660189856,50.94818160187445,51.79478073120117,1043000,0.0,0.0
2022-12-05 00:00:00-05:00,52.29893361271889,53.32626981741553,51.95648821115334,52.432106018066406,1528100,0.0,0.0
2022-12-06 00:00:00-05:00,52.28941911544284,52.41307712375426,51.338183569612994,51.97550964355469,1015100,0.0,0.0
2022-12-07 00:00:00-05:00,51.90892906901221,53.16455983523791,51.699656065082586,52.74601745605469,946700,0.0,0.0
2022-12-08 00:00:00-05:00,52.688938524834626,54.448726536035984,52.65088823051469,54.33457565307617,1418100,0.0,0.0
2022-12-09 00:00:00-05:00,54.220422186348905,54.61993934490519,53.58309615855424,53.8018798828125,759800,0.0,0.0
2022-12-12 00:00:00-05:00,54.13481972893958,54.24896698887043,53.06943683600774,53.72578811645508,1072700,0.0,0.0
2022-12-13 00:00:00-05:00,54.76262993539165,54.85775203824776,53.468949015965045,54.08725357055664,831300,0.0,0.0
2022-12-14 00:00:00-05:00,54.087255407580535,55.3619112239933,54.0492051136755,54.28701400756836,1512100,0.0,0.0
2022-12-15 00:00:00-05:00,53.78285600565142,53.91602839497611,52.470150000482185,52.64137268066406,1793800,0.0,0.0
2022-12-16 00:00:00-05:00,52.784062029357976,53.459438395946464,51.77575104455745,52.48917770385742,2149300,0.0,0.0
2022-12-19 00:00:00-05:00,52.527231259815444,52.622353368827966,51.566481266880004,51.92795181274414,1013200,0.0,0.0
2022-12-20 00:00:00-05:00,51.63306504927149,52.08014692376588,51.185986803452785,51.68062973022461,716800,0.0,0.0
2022-12-21 00:00:00-05:00,51.680633750783464,53.040897369384766,51.38574939784138,53.040897369384766,933600,0.0,0.0
2022-12-22 00:00:00-05:00,52.51770906007634,53.21211051287293,52.29892533894936,53.12649917602539,1889100,0.0,0.0
2022-12-23 00:00:00-05:00,53.12650056431152,53.58309679188027,52.79356959491287,53.39284896850586,1209500,0.0,0.0
2022-12-27 00:00:00-05:00,53.54505333825359,54.61043620503578,53.231143845303656,54.60092544555664,1555700,0.0,0.0
2022-12-28 00:00:00-05:00,54.94336642373971,55.48557405179605,54.515313308516234,54.72458267211914,1694000,0.0,0.0
2022-12-29 00:00:00-05:00,55.02897643380297,55.46654755507493,54.61043408810341,55.200199127197266,1292600,0.0,0.0
2022-12-30 00:00:00-05:00,54.80067956699608,55.095560259498534,54.44872343626303,55.009952545166016,500900,0.0,0.0
2023-01-03 00:00:00-05:00,55.26678671938928,55.29532625479118,54.53433850313069,54.952880859375,909700,0.0,0.0
2023-01-04 00:00:00-05:00,55.428495470388654,55.561667865686815,54.86726635543523,55.228736877441406,506500,0.0,0.0
2023-01-05 00:00:00-05:00,54.69604367307831,54.943363317417564,54.22042590200806,54.372623443603516,689800,0.0,0.0
2023-01-06 00:00:00-05:00,54.743605298715615,55.970700031831335,54.56287185013623,55.78996658325195,721000,0.0,0.0
2023-01-09 00:00:00-05:00,55.894601242407845,56.13241013808103,55.51410918653622,55.590206146240234,1122300,0.0,0.0
2023-01-10 00:00:00-05:00,55.72338025270222,56.417781768660674,55.21922294377572,56.3607063293457,954900,0.0,0.0
2023-01-11 00:00:00-05:00,56.541441544231034,57.140720975399034,56.322657796367494,56.8458366394043,1236000,0.0,0.0
2023-01-12 00:00:00-05:00,56.893400203479885,56.893400203479885,56.26558487843592,56.4653434753418,855100,0.0,0.0
2023-01-13 00:00:00-05:00,56.22753647932727,56.65559322188586,56.14192513081555,56.55095672607422,958700,0.0,0.0
2023-01-17 00:00:00-05:00,56.63656680820612,57.49267664550507,56.4843692618857,56.91242599487305,782900,0.0,0.0
2023-01-18 00:00:00-05:00,56.940965029443596,57.0360871403669,56.446322069555364,56.57949447631836,1166000,0.0,0.0
2023-01-19 00:00:00-05:00,56.27510189097318,57.045604087243454,56.27510189097318,56.769744873046875,945500,0.0,0.0
2023-01-20 00:00:00-05:00,56.959988095382286,57.64487525208338,56.43680924707529,57.235843658447266,1034900,0.0,0.0
2023-01-23 00:00:00-05:00,58.69123656912351,59.21441541735697,58.139518185719496,58.491477966308594,9172200,0.0,0.0
2023-01-24 00:00:00-05:00,58.24415043109071,58.41537311491694,55.79947543595299,55.87557601928711,4428900,0.0,0.0
2023-01-25 00:00:00-05:00,55.85655657271714,55.85655657271714,54.51531449834319,55.39044952392578,4379100,0.0,0.0
2023-01-26 00:00:00-05:00,55.46654942798809,56.256073093142874,54.72458318866723,55.79948043823242,3366000,0.0,0.0
2023-01-27 00:00:00-05:00,55.276301626126035,56.21802284368177,55.124104074365725,56.02777862548828,871700,0.0,0.0
2023-01-30 00:00:00-05:00,56.07533756961845,57.492676536667524,55.96119031726316,56.45582962036133,2653300,0.0,0.0
2023-01-31 00:00:00-05:00,56.5129025656284,57.72097212146477,56.40826607697458,57.52121353149414,1414800,0.0,0.0
2023-02-01 00:00:00-05:00,57.511705129996294,59.29051836489972,57.34999681519195,59.024169921875,1100300,0.0,0.0
2023-02-02 00:00:00-05:00,59.07172471716783,60.14662187765047,58.78635478508343,58.94806671142578,985300,0.0,0.0
2023-02-03 00:00:00-05:00,58.310735613029124,59.528319524470014,58.310735613029124,59.309532165527344,875200,0.0,0.0
2023-02-06 00:00:00-05:00,59.16685493910209,59.61393320279677,58.79587363635883,58.88148498535156,911700,0.0,0.0
2023-02-07 00:00:00-05:00,58.500982899819654,59.09074789026025,58.12048725062707,58.976600646972656,1591300,0.0,0.0
2023-02-08 00:00:00-05:00,58.98611514626924,60.08954824449826,58.64367339468838,59.60441970825195,1602300,0.0,0.0
2023-02-09 00:00:00-05:00,60.11076176660339,60.836831516802576,59.61398180410451,60.69352722167969,1876200,0.27,0.0
2023-02-10 00:00:00-05:00,60.86548713343502,61.247629467081204,60.110758028892455,60.234954833984375,1680200,0.0,0.0
2023-02-13 00:00:00-05:00,60.3400393088218,61.51512197043795,60.18718311652325,61.31449890136719,1561200,0.0,0.0
2023-02-14 00:00:00-05:00,61.28584519429908,61.31450459414749,60.70307976818522,61.190311431884766,2354600,0.0,0.0
2023-02-15 00:00:00-05:00,61.03745379053086,61.8399534591306,60.83683069557071,61.10432815551758,2080900,0.0,0.0
2023-02-16 00:00:00-05:00,60.597991178892414,60.779506787435984,59.8432620557627,59.862369537353516,1778200,0.0,0.0
2023-02-17 00:00:00-05:00,59.58531162902826,59.871916540601944,59.18406548170094,59.79549026489258,1424500,0.0,0.0
2023-02-21 00:00:00-05:00,59.375141216677065,59.537549342821706,58.477107808274376,58.69683837890625,1737300,0.0,0.0
2023-02-22 00:00:00-05:00,59.54710424569235,60.90370261743747,58.066305423411904,58.4197883605957,2475300,0.0,0.0
2023-02-23 00:00:00-05:00,58.59175256533989,59.48978232734136,57.798808484759235,59.14585494995117,3313300,0.0,0.0
2023-02-24 00:00:00-05:00,58.61085345170124,58.66817589317357,56.97720213572203,57.81791305541992,1764200,0.0,0.0
2023-02-27 00:00:00-05:00,58.01854270071058,58.65863061427121,57.90390144916976,58.21916580200195,1846600,0.0,0.0
2023-02-28 00:00:00-05:00,58.02809427105122,58.66817849618508,57.75104125821145,58.43889236450195,1597200,0.0,0.0
2023-03-01 00:00:00-05:00,58.677729649340286,59.174513224524716,57.36889817194593,57.46443557739258,1446400,0.0,0.0
2023-03-02 00:00:00-05:00,57.168277378906474,57.60773852844056,56.59506750076459,56.68104934692383,2259100,0.0,0.0
2023-03-03 00:00:00-05:00,56.12694249757479,56.73836733061786,55.87855252579334,56.403995513916016,2708400,0.0,0.0
2023-03-06 00:00:00-05:00,60.18718805499178,61.01834344103925,56.95809662780567,58.17139434814453,8382900,0.0,0.0
2023-03-07 00:00:00-05:00,58.5344329779615,58.5344329779615,57.149171482251525,57.47399139404297,4604700,0.0,0.0
2023-03-08 00:00:00-05:00,57.25425591994284,57.6841651259216,56.8339022765299,57.40711212158203,3559400,0.0,0.0
2023-03-09 00:00:00-05:00,57.579078841662174,58.36246737193952,55.39132137922395,55.51551818847656,5460900,0.0,0.0
2023-03-10 00:00:00-05:00,55.26711991485442,56.040956461261544,51.76097930568687,53.63346862792969,16642300,0.0,0.0
2023-03-13 00:00:00-04:00,53.78632506293119,54.08248554001357,51.58901585715062,52.03803253173828,8577900,0.0,0.0
2023-03-14 00:00:00-04:00,52.34374479232597,52.97427706096339,50.394825545854246,51.12089157104492,8193700,0.0,0.0
2023-03-15 00:00:00-04:00,50.815180056158425,51.18777045967376,50.22286273764415,50.48080825805664,5608300,0.0,0.0
2023-03-16 00:00:00-04:00,50.00313644192324,51.68455478263047,49.257962860111796,51.206878662109375,4784100,0.0,0.0
2023-03-17 00:00:00-04:00,50.99669929888162,51.03491061553663,50.06045461981736,50.48080825805664,3397100,0.0,0.0
2023-03-20 00:00:00-04:00,50.26108074290322,51.426611614388044,49.993583288219945,50.43304443359375,6621300,0.0,0.0
2023-03-21 00:00:00-04:00,51.21328067050004,52.71525175487896,51.203529254326334,51.9057502746582,15606800,1.08,0.0
2023-03-22 00:00:00-04:00,52.00328517960702,53.80759873516197,52.00328517960702,52.88106155395508,3725900,0.0,0.0
2023-03-23 00:00:00-04:00,52.96883632828023,54.1391998034897,52.82253903363167,52.87130355834961,3538300,0.0,0.0
2023-03-24 00:00:00-04:00,52.47143298354352,53.183405522607885,52.04229992068824,53.08587646484375,3763500,0.0,0.0
2023-03-27 00:00:00-04:00,53.5442665979651,54.27574562951929,53.41747585742384,54.051422119140625,2553000,0.0,0.0
2023-03-28 00:00:00-04:00,53.93438792009396,54.870680211942386,53.80759717625152,54.148956298828125,3819000,0.0,0.0
2023-03-29 00:00:00-04:00,54.53907480684342,54.587843052009504,53.95389306979797,54.051422119140625,1786800,0.0,0.0
2023-03-30 00:00:00-04:00,54.95845768754773,55.40710099819111,53.953894318194486,54.00265884399414,1393900,0.0,0.0
2023-03-31 00:00:00-04:00,54.090435243059325,54.9194470446959,54.04167071837359,54.899940490722656,2126300,0.0,0.0
2023-04-03 00:00:00-04:00,54.899941247634125,55.055989961076804,54.57808868338027,54.92919921875,1684400,0.0,0.0
2023-04-04 00:00:00-04:00,55.095001021897716,55.34857877663203,54.30500234667696,54.61709976196289,2022200,0.0,0.0
2023-04-05 00:00:00-04:00,54.42203850448937,54.86092666188338,54.26598979524869,54.68537139892578,1839300,0.0,0.0
2023-04-06 00:00:00-04:00,54.64635956460011,55.03648320703795,54.27574619682842,54.96821212768555,1361400,0.0,0.0
2023-04-10 00:00:00-04:00,54.71463158886667,55.884998815897504,54.704880171859976,55.806976318359375,1344100,0.0,0.0
2023-04-11 00:00:00-04:00,56.12882637561616,57.53326856650511,55.76796441067716,57.084625244140625,3274900,0.0,0.0
2023-04-12 00:00:00-04:00,57.32844994285091,57.757586697882196,57.18215636585874,57.2114143371582,1959900,0.0,0.0
2023-04-13 00:00:00-04:00,57.34795796547783,57.96240142196188,57.0846250555561,57.45524215698242,2145000,0.0,0.0
2023-04-14 00:00:00-04:00,57.13339095046288,57.864869985516975,56.84079636004543,57.367462158203125,1027000,0.0,0.0
2023-04-17 00:00:00-04:00,57.51375945341185,58.05017666835257,57.2211648629944,57.367462158203125,2764100,0.0,0.0
2023-04-18 00:00:00-04:00,57.464994481130276,57.884376116088205,57.367465425765864,57.63079833984375,1089400,0.0,0.0
2023-04-19 00:00:00-04:00,57.44548940669246,57.54301845825428,56.792032855644806,57.02610778808594,902300,0.0,0.0
2023-04-20 00:00:00-04:00,56.870060167678886,57.08462482934287,56.567714149227264,56.83104705810547,782900,0.0,0.0
2023-04-21 00:00:00-04:00,56.850552184252244,57.464991902365774,56.80178765875837,57.25042724609375,733700,0.0,0.0
2023-04-24 00:00:00-04:00,57.094379453333126,57.318699250619815,56.53845566864548,56.57746505737305,674000,0.0,0.0
2023-04-25 00:00:00-04:00,56.47018276883277,56.50919215630383,55.04623409203868,55.231544494628906,1108200,0.0,0.0
2023-04-26 00:00:00-04:00,55.231545343166225,55.49487824523897,54.28549792318205,54.412288665771484,695100,0.0,0.0
2023-04-27 00:00:00-04:00,54.48055842362867,55.38759271303991,54.207474111287986,55.309566497802734,954900,0.0,0.0
2023-04-28 00:00:00-04:00,55.309563853381256,55.99227832208623,55.2998124371902,55.7777099609375,835000,0.0,0.0
2023-05-01 00:00:00-04:00,55.621663061667014,56.11907087491143,55.56314712163449,55.797218322753906,852400,0.0,0.0
2023-05-02 00:00:00-04:00,55.5241366443819,55.62166569605177,54.35376942186925,54.66586685180664,1396900,0.0,0.0
2023-05-03 00:00:00-04:00,54.89018354532427,55.299813724279105,54.58784126993544,54.88043212890625,1124600,0.0,0.0
2023-05-04 00:00:00-04:00,55.07549963078091,55.143770714243054,53.88562579816351,54.38302993774414,1543400,0.0,0.0
2023-05-05 00:00:00-04:00,54.54882843282504,55.816724641626905,54.54882843282504,55.5046272277832,910700,0.0,0.0
2023-05-08 00:00:00-04:00,55.728950300267364,55.8947541539349,55.11450685278511,55.76796340942383,879000,0.0,0.0
2023-05-09 00:00:00-04:00,55.44610780148822,56.43116829099131,55.19253004685559,56.31413269042969,1165900,0.0,0.0
2023-05-10 00:00:00-04:00,56.56771192701674,56.90906732113704,55.826481476714896,56.557960510253906,1427800,0.0,0.0
2023-05-11 00:00:00-04:00,55.58265716026299,56.17759033736663,51.69118692282853,53.18340301513672,5561400,0.0,0.0
2023-05-12 00:00:00-04:00,52.91031801861377,53.77833923046025,51.876492953894974,51.97402572631836,2218400,0.0,0.0
2023-05-15 00:00:00-04:00,51.798463804928794,52.8127821849127,51.369327102361716,51.964263916015625,1559000,0.0,0.0
2023-05-16 00:00:00-04:00,51.78871510255172,52.1008125320127,50.7061292368873,50.832916259765625,2027800,0.0,0.0
2023-05-17 00:00:00-04:00,51.00847591811949,51.24255087060451,49.80885062280971,50.56958770751953,1822700,0.0,0.0
2023-05-18 00:00:00-04:00,51.86674001616906,53.10537828591787,51.30106111418365,52.910316467285156,2205400,0.0,0.0
2023-05-19 00:00:00-04:00,53.98314904478289,56.62622934199525,53.90512655229215,54.58784103393555,2394000,0.0,0.0
2023-05-22 00:00:00-04:00,54.470801464641944,55.358329170559564,54.470801464641944,54.95845413208008,1240700,0.0,0.0
2023-05-23 00:00:00-04:00,55.114505197698314,55.66067754800265,54.656114200607384,55.563148498535156,1344000,0.0,0.0
2023-05-24 00:00:00-04:00,55.68993362940864,55.75820470581868,54.72438342275551,54.88043212890625,1230700,0.0,0.0
2023-05-25 00:00:00-04:00,54.305005160923386,54.851177526225364,53.05661543508441,53.11513137817383,1516700,0.0,0.0
2023-05-26 00:00:00-04:00,52.78352580374629,53.095623225813945,51.67167827256846,52.06180191040039,1852800,0.0,0.0
2023-05-30 00:00:00-04:00,52.65976349360063,52.81660552510242,51.679499861862176,52.02259063720703,1151900,0.27,0.0
2023-05-31 00:00:00-04:00,51.855943655637965,52.20883539501773,50.88548108896967,51.052127838134766,1269100,0.0,0.0
2023-06-01 00:00:00-04:00,51.05212810817662,51.914757350434996,50.39534957708875,51.79712677001953,1468100,0.0,0.0
2023-06-02 00:00:00-04:00,52.1206130512421,54.02232680052068,51.993181477488925,53.95370864868164,1504200,0.0,0.0
2023-06-05 00:00:00-04:00,53.326343086615296,53.414566963088284,51.444234968327855,53.21851348876953,2322000,0.0,0.0
2023-06-06 00:00:00-04:00,52.81660623240401,54.30660742132912,52.77739478915121,54.257591247558594,1966400,0.0,0.0
2023-06-07 00:00:00-04:00,54.58107346495167,54.953574652126235,54.15955984932461,54.43403244018555,1417100,0.0,0.0
2023-06-08 00:00:00-04:00,54.355621337890625,54.41443476496454,53.72825318637453,54.355621337890625,1250300,0.0,0.0
2023-06-09 00:00:00-04:00,54.22818495060641,54.600686185546024,53.70864641145498,54.17917251586914,970800,0.0,0.0
2023-06-12 00:00:00-04:00,54.1595672647643,55.110424212448905,54.08114437697587,55.07121276855469,1301300,0.0,0.0
2023-06-13 00:00:00-04:00,55.30646913121372,55.89462952012091,55.08100895759236,55.67897033691406,2869900,0.0,0.0
2023-06-14 00:00:00-04:00,55.93384245392698,56.23772177720371,55.551536508196484,55.777000427246094,1474000,0.0,0.0
2023-06-15 00:00:00-04:00,55.884826491680265,56.08087996061807,55.38489369832732,55.92403793334961,2514500,0.0,0.0
2023-06-16 00:00:00-04:00,56.110290242655886,56.48278771916654,55.433905963827144,55.96324920654297,12523600,0.0,0.0
2023-06-20 00:00:00-04:00,55.49272476532977,56.24752821014803,55.355488455255355,56.02206802368164,1975000,0.0,0.0
2023-06-21 00:00:00-04:00,56.05147691846505,56.825886114790976,55.6201622500931,56.74746322631836,1543100,0.0,0.0
2023-06-22 00:00:00-04:00,56.678841488392145,56.8062768044059,55.66917116924424,55.698577880859375,907100,0.0,0.0
2023-06-23 00:00:00-04:00,55.32607373393872,55.620155792156645,54.15956144891838,54.306602478027344,7724200,0.0,0.0
2023-06-26 00:00:00-04:00,54.139955825894766,56.198511540058014,54.00271952616563,56.10048294067383,869700,0.0,0.0
2023-06-27 00:00:00-04:00,56.01225906119129,57.32581237744117,55.95344564097972,57.11015319824219,917100,0.0,0.0
2023-06-28 00:00:00-04:00,57.11996048954776,57.54147413720831,56.649434409709926,57.3846321105957,863000,0.0,0.0
2023-06-29 00:00:00-04:00,57.394436495388504,58.10022752658789,57.16897630251295,58.06101608276367,929700,0.0,0.0
2023-06-30 00:00:00-04:00,58.07082006066388,59.13930758486386,58.012002895689996,58.815818786621094,1118800,0.0,0.0
2023-07-03 00:00:00-04:00,58.658977643496414,59.51180598181799,58.23746396997227,59.03147888183594,441500,0.0,0.0
2023-07-05 00:00:00-04:00,59.2275203168206,59.41377277957586,58.090414778717125,58.55113983154297,1039900,0.0,0.0
2023-07-06 00:00:00-04:00,58.05121078296945,58.24726050872155,57.05134147611668,57.355220794677734,864100,0.0,0.0
2023-07-07 00:00:00-04:00,56.99252508976026,57.99239441020977,56.64943432561973,57.79634094238281,1059300,0.0,0.0
2023-07-10 00:00:00-04:00,57.83554852636265,58.73738918304403,57.7571256486989,58.61975860595703,743700,0.0,0.0
2023-07-11 00:00:00-04:00,59.0412746614601,59.805879053193095,58.62956575496042,59.717655181884766,1215500,0.0,0.0
2023-07-12 00:00:00-04:00,60.12937148745109,60.217595364129,59.109896410152864,59.15890884399414,742200,0.0,0.0
2023-07-13 00:00:00-04:00,59.482395249009734,60.32542253908966,59.20792263899631,60.266605377197266,786600,0.0,0.0
2023-07-14 00:00:00-04:00,60.08035710301101,60.492066021201815,59.68825016619311,59.96272277832031,817300,0.0,0.0
2023-07-17 00:00:00-04:00,60.08035318370328,60.75673367921154,59.8058768500725,60.599891662597656,1060500,0.0,0.0
2023-07-18 00:00:00-04:00,60.67831809969254,61.65858169587879,60.531277064501054,61.462528228759766,1047300,0.0,0.0
2023-07-19 00:00:00-04:00,61.75660900285728,61.85463387059028,60.786146358900986,60.95279312133789,573100,0.0,0.0
2023-07-20 00:00:00-04:00,62.34476815426776,62.34476815426776,61.18805672009872,62.236942291259766,880900,0.0,0.0
2023-07-21 00:00:00-04:00,62.4525901511823,62.48200060061119,61.75660392504072,62.42318344116211,770800,0.0,0.0
2023-07-24 00:00:00-04:00,62.45259321857451,62.75647254213152,62.17812060648203,62.58002853393555,602300,0.0,0.0
2023-07-25 00:00:00-04:00,62.60943289243505,62.99173882415047,62.295748850572714,62.86429977416992,810300,0.0,0.0
2023-07-26 00:00:00-04:00,62.795681912918894,63.12897541576738,62.6192379105414,63.0113410949707,612700,0.0,0.0
2023-07-27 00:00:00-04:00,63.28581272732603,63.28581272732603,62.10949945267181,62.609432220458984,833400,0.0,0.0
2023-07-28 00:00:00-04:00,63.06035597386736,63.315219112148974,62.62903761859484,63.09956741333008,1487100,0.0,0.0
2023-07-31 00:00:00-04:00,63.364239565272186,63.74654177735963,62.92312392942294,63.207401275634766,810900,0.0,0.0
2023-08-01 00:00:00-04:00,62.87411299135406,63.844571958303945,62.648652789543384,63.67792892456055,640700,0.0,0.0
2023-08-02 00:00:00-04:00,62.78588707942654,63.0113435211124,54.44384168187552,60.29601287841797,5990800,0.0,0.0
2023-08-03 00:00:00-04:00,60.16858099533001,61.589963967470965,59.011869644711204,60.97239685058594,2503200,0.0,0.0
2023-08-04 00:00:00-04:00,60.786143347062996,61.07042068457589,56.65923454579484,57.355220794677734,2976200,0.0,0.0
2023-08-07 00:00:00-04:00,57.512063686374844,58.19824895508334,57.11996048954776,57.3846321105957,851400,0.0,0.0
2023-08-08 00:00:00-04:00,57.05134155585027,57.796340237212384,56.38476201701683,56.943511962890625,1109200,0.0,0.0
2023-08-09 00:00:00-04:00,57.46304829133373,57.55127216046745,56.5317971703464,57.00232696533203,863400,0.0,0.0
2023-08-10 00:00:00-04:00,56.93371737122371,57.4924673798963,56.512203681957125,56.80628204345703,770300,0.0,0.0
2023-08-11 00:00:00-04:00,56.38475959137451,57.188575399610016,56.21811284413079,56.85528564453125,615600,0.0,0.0
2023-08-14 00:00:00-04:00,56.36515510871559,57.34541867582369,56.276931238099515,56.992523193359375,1122200,0.0,0.0
2023-08-15 00:00:00-04:00,56.45337760924321,57.08074567866116,55.5907446440892,55.65936279296875,747700,0.0,0.0
2023-08-16 00:00:00-04:00,55.375089383715064,55.924034576499714,55.012389179158156,55.022193908691406,545000,0.0,0.0
2023-08-17 00:00:00-04:00,55.43390606160715,55.5907480886801,54.78693223250512,55.139827728271484,515200,0.0,0.0
2023-08-18 00:00:00-04:00,54.82614280840456,55.76719495598277,54.81633807844982,55.52212905883789,769700,0.0,0.0
2023-08-21 00:00:00-04:00,55.218250960267866,56.12009168678108,54.57127338767067,56.07107925415039,2379700,0.0,0.0
2023-08-22 00:00:00-04:00,56.24836308410169,57.124934757688756,55.834697809727864,57.1052360534668,3919800,0.27,0.0
2023-08-23 00:00:00-04:00,57.02644492894746,57.84392048894009,56.671875767642256,57.58784484863281,1074300,0.0,0.0
2023-08-24 00:00:00-04:00,57.55829737852297,57.755280671810375,56.56353719528012,57.617393493652344,1031900,0.0,0.0
2023-08-25 00:00:00-04:00,57.774974778122,58.70079129859335,57.57799150051393,58.45456314086914,777700,0.0,0.0
2023-08-28 00:00:00-04:00,58.48411127007199,59.48872257344576,58.425015161469986,59.42962646484375,645000,0.0,0.0
2023-08-29 00:00:00-04:00,59.31144080497095,60.24710481391153,59.06521264321952,59.961483001708984,846100,0.0,0.0
2023-08-30 00:00:00-04:00,60.26680548146026,60.946397634610136,60.158468242760144,60.2569580078125,957100,0.0,0.0
2023-08-31 00:00:00-04:00,60.40469160216709,61.36990549996084,60.26680068207364,60.7888069152832,1045900,0.0,0.0
2023-09-01 00:00:00-04:00,60.81835856331657,61.596440489565815,60.444090689388226,61.458553314208984,694600,0.0,0.0
2023-09-05 00:00:00-04:00,61.97070200463806,64.08826570055564,61.616136607382096,63.4677734375,3281700,0.0,0.0
2023-09-06 00:00:00-04:00,63.22154084263512,64.21629713701371,63.17229220797665,64.01931762695312,1996100,0.0,0.0
2023-09-07 00:00:00-04:00,63.832185974967366,64.90574466304314,63.59580904469698,64.5216293334961,2002400,0.0,0.0
2023-09-08 00:00:00-04:00,64.4428321953549,65.52623456051315,64.40343478934899,65.2800064086914,1904600,0.0,0.0
2023-09-11 00:00:00-04:00,65.42775780296259,65.71338341754327,64.92545016943876,65.55579376220703,2071200,0.0,0.0
2023-09-12 00:00:00-04:00,65.4966986132508,65.97930376218989,64.4231473105084,64.43299102783203,2558400,0.0,0.0
2023-09-13 00:00:00-04:00,64.15721549226073,64.64967186387115,63.349587343391185,63.78295135498047,4452600,0.0,0.0
2023-09-14 00:00:00-04:00,63.81249258819393,64.79740525506351,63.625356776916774,64.11781311035156,4432600,0.0,0.0
2023-09-15 00:00:00-04:00,63.92082754926834,65.06332222756868,62.91621627302841,64.19660186767578,6762400,0.0,0.0
2023-09-18 00:00:00-04:00,64.06857497103782,65.04363645267401,63.51701874217415,64.75801086425781,5404500,0.0,0.0
2023-09-19 00:00:00-04:00,64.7087610537246,64.84664822987722,62.94577018516,63.42837905883789,5039200,0.0,0.0
2023-09-20 00:00:00-04:00,63.428375469722596,64.02917278080015,63.09350126495271,63.53671646118164,1245800,0.0,0.0
2023-09-21 00:00:00-04:00,63.28063688555575,63.654900982225804,62.03964861689657,62.06919479370117,1039800,0.0,0.0
2023-09-22 00:00:00-04:00,62.16768736823026,62.5616539434593,61.537343853578776,61.92145919799805,1057000,0.0,0.0
2023-09-25 00:00:00-04:00,61.65552809474265,62.54195094964221,61.65552809474265,62.38436508178711,1159400,0.0,0.0
2023-09-26 00:00:00-04:00,62.06919139655268,62.10858880156489,60.71986221060291,61.60628128051758,1086400,0.0,0.0
2023-09-27 00:00:00-04:00,61.537341791684874,61.94115582704961,60.65092266283581,61.035037994384766,1588200,0.0,0.0
2023-09-28 00:00:00-04:00,61.035036607046365,62.10859151917152,60.42438807406778,61.744171142578125,980200,0.0,0.0
2023-09-29 00:00:00-04:00,62.364673112514424,62.56165640788851,61.222174507917366,61.557044982910156,899000,0.0,0.0
2023-10-02 00:00:00-04:00,61.35020867792407,62.088893151068355,61.35020867792407,61.56688690185547,1515000,0.0,0.0
2023-10-03 00:00:00-04:00,61.409302776488595,61.63583599431067,60.3357478280555,60.68046951293945,1028700,0.0,0.0
2023-10-04 00:00:00-04:00,60.78881044298914,61.3797565348242,60.22741052860274,61.36005783081055,1176600,0.0,0.0
2023-10-05 00:00:00-04:00,61.419155354907446,62.85712696667108,61.419155354907446,62.798030853271484,1064800,0.0,0.0
2023-10-06 00:00:00-04:00,62.50256140034037,64.5019330545493,62.50256140034037,64.35419464111328,1146600,0.0,0.0
2023-10-09 00:00:00-04:00,64.2852413706025,66.03839209082861,63.910977291967306,65.50653839111328,1125600,0.0,0.0
2023-10-10 00:00:00-04:00,65.24061733337213,66.25507624612978,64.56103265728188,66.19598388671875,1466900,0.0,0.0
2023-10-11 00:00:00-04:00,66.20582737951958,66.72782986473639,65.66412243394348,66.28462219238281,833100,0.0,0.0
2023-10-12 00:00:00-04:00,66.3929617095125,66.45205406070635,65.40804911341912,66.11717987060547,800500,0.0,0.0
2023-10-13 00:00:00-04:00,66.38312363430781,66.7475365579324,65.38835961112662,65.51639556884766,1266800,0.0,0.0
2023-10-16 00:00:00-04:00,65.84141563998911,65.98915405490993,65.12243354261595,65.75277709960938,1177300,0.0,0.0
2023-10-17 00:00:00-04:00,65.54594484580036,66.27477815820343,65.31941161279369,66.06794738769531,1140000,0.0,0.0
2023-10-18 00:00:00-04:00,65.93005563482616,65.93005563482616,63.78294574294971,63.792789459228516,693800,0.0,0.0
2023-10-19 00:00:00-04:00,63.12304844846306,64.04886874868174,62.90637021923317,63.00486373901367,773900,0.0,0.0
2023-10-20 00:00:00-04:00,62.77833777546559,63.29049283541615,62.29572889452284,62.502559661865234,660800,0.0,0.0
2023-10-23 00:00:00-04:00,62.335124996988334,62.34497247073642,61.45855330480231,61.65553283691406,836100,0.0,0.0
2023-10-24 00:00:00-04:00,61.566885809252696,62.54195094964221,61.54719086327133,62.38436508178711,516800,0.0,0.0
2023-10-25 00:00:00-04:00,62.000253623073434,62.21693185664721,61.360058881668394,61.90176010131836,487300,0.0,0.0
2023-10-26 00:00:00-04:00,61.72446902000688,62.41390857112287,61.409297297864136,61.76386642456055,789600,0.0,0.0
2023-10-27 00:00:00-04:00,62.029801464986136,62.029801464986136,61.074434942624414,61.300968170166016,696300,0.0,0.0
2023-10-30 00:00:00-04:00,61.55704269705036,62.71923996374217,61.291115821741855,62.709388732910156,904400,0.0,0.0
2023-10-31 00:00:00-04:00,62.916224179820965,64.54132787670727,62.679843479234414,64.41329193115234,1545200,0.0,0.0
2023-11-01 00:00:00-04:00,64.39358454134963,64.99438184210042,63.80263847082225,64.74815368652344,829100,0.0,0.0
2023-11-02 00:00:00-04:00,65.49669836244729,66.90512390600075,65.26032140468872,66.66874694824219,1251200,0.0,0.0
2023-11-03 00:00:00-04:00,66.97406600497386,67.22029418881567,66.10734550299429,66.98391723632812,1397400,0.0,0.0
2023-11-06 00:00:00-05:00,66.75738400117133,66.86572500320518,65.39820713150274,65.71337890625,1037800,0.0,0.0
2023-11-07 00:00:00-05:00,65.75277115245548,65.7823173299097,64.84664579623201,65.742919921875,915800,0.0,0.0
2023-11-08 00:00:00-05:00,65.68382993680298,65.87095823886021,65.08303259260013,65.37850189208984,892500,0.0,0.0
2023-11-09 00:00:00-05:00,65.68382611334489,66.38311318333878,65.39820054712986,66.05809020996094,2288200,0.0,0.0
2023-11-10 00:00:00-05:00,64.3147957472604,64.52162649142232,59.006113680434055,59.232643127441406,5549100,0.0,0.0
2023-11-13 00:00:00-05:00,59.25234610532698,59.25234610532698,57.96210915443656,58.769737243652344,2097600,0.0,0.0
2023-11-14 00:00:00-05:00,59.46902380444317,60.30619801108525,58.84852781481401,59.232643127441406,2466500,0.0,0.0
2023-11-15 00:00:00-05:00,59.50842140732459,60.424390486214534,58.21818822093183,58.75004196166992,1775700,0.0,0.0
2023-11-16 00:00:00-05:00,58.4841137599822,60.54258133296384,58.4841137599822,60.53273010253906,1632700,0.0,0.0
2023-11-17 00:00:00-05:00,60.8380536440319,61.31081125587055,59.62661155923096,60.69031524658203,1293000,0.0,0.0
2023-11-20 00:00:00-05:00,60.572128737904414,61.31081323470812,60.29635439471699,60.98579025268555,746100,0.0,0.0
2023-11-21 00:00:00-05:00,60.78881472004283,61.41915826425568,60.36530194681034,60.700172424316406,623300,0.0,0.0
2023-11-22 00:00:00-05:00,60.90699796335637,61.61613626825245,60.69031597971733,61.21232223510742,823000,0.0,0.0
2023-11-24 00:00:00-05:00,60.96609440936543,62.0790429963764,60.847902186471146,61.9116096496582,329500,0.0,0.0
2023-11-27 00:00:00-05:00,61.49794769128603,62.86697950153028,61.14338227496476,62.571502685546875,1172000,0.0,0.0
2023-11-28 00:00:00-05:00,62.40406569300243,62.94576689549611,62.088893947655436,62.2858772277832,747500,0.0,0.0
2023-11-29 00:00:00-05:00,62.52326994892346,62.75077071898601,61.85065733601964,62.48370361328125,1165100,0.27,0.0
2023-11-30 00:00:00-05:00,62.3650026568916,63.225549625250544,62.09793557569335,62.9881591796875,1447600,0.0,0.0
2023-12-01 00:00:00-05:00,62.91892516426742,65.88633239082992,62.820009326096624,65.77752685546875,1914800,0.0,0.0
2023-12-04 00:00:00-05:00,65.44122432544827,65.8467660555616,63.79925537109375,64.04653930664062,1117500,0.0,0.0
2023-12-05 00:00:00-05:00,63.82892355612905,64.21468586357842,62.503481607846005,62.6617431640625,892400,0.0,0.0
2023-12-06 00:00:00-05:00,63.24533308460514,63.51240016704212,62.72109238940652,62.94859313964844,452900,0.0,0.0
2023-12-07 00:00:00-05:00,62.760658976750165,62.85957103438681,62.01880722471589,62.414459228515625,815500,0.0,0.0
2023-12-08 00:00:00-05:00,62.49359589951883,62.8793582315863,61.57369936616406,62.14739990234375,947900,0.0,0.0
2023-12-11 00:00:00-05:00,62.21663453119958,62.73098175400215,61.9594571465452,62.49359130859375,652600,0.0,0.0
2023-12-12 00:00:00-05:00,62.35511490074503,63.067290032847154,61.98913197813008,62.978267669677734,590000,0.0,0.0
2023-12-13 00:00:00-05:00,63.067291033586486,64.05643051408283,62.71120534851174,63.84871292114258,937800,0.0,0.0
2023-12-14 00:00:00-05:00,64.41251307083726,65.30272907476727,64.02675079006606,64.49163818359375,1628900,0.0,0.0
2023-12-15 00:00:00-05:00,64.24435925181147,64.33338538699303,62.49359242264173,63.09696578979492,1929500,0.0,0.0
2023-12-18 00:00:00-05:00,63.49262142300216,63.571746541694594,62.562831473182726,63.11674880981445,838500,0.0,0.0
2023-12-19 00:00:00-05:00,63.49262328493674,64.30371426074348,63.185989858179255,64.11577606201172,848000,0.0,0.0
2023-12-20 00:00:00-05:00,63.79925064285261,64.73892650968747,63.334355671037336,63.42338180541992,662100,0.0,0.0
2023-12-21 00:00:00-05:00,64.21469451108406,65.30274238493834,64.02676384016394,65.26318359375,929600,0.0,0.0
2023-12-22 00:00:00-05:00,65.25328063964844,65.66871580531775,64.67958014619681,65.25328063964844,614000,0.0,0.0
2023-12-26 00:00:00-05:00,65.08512845855194,65.73795406005824,65.08512845855194,65.61925506591797,490800,0.0,0.0
2023-12-27 00:00:00-05:00,65.7379632527506,66.2325311444022,65.44122704566392,65.91600799560547,546300,0.0,0.0
2023-12-28 00:00:00-05:00,65.83687502543985,66.27209718301656,65.64894435908299,65.95557403564453,417600,0.0,0.0
2023-12-29 00:00:00-05:00,65.84676118950904,66.46002802108754,65.66871646721245,66.16328430175781,554100,0.0,0.0
2024-01-02 00:00:00-05:00,65.65882570501763,66.17318050019834,65.20382418405414,65.80719757080078,685900,0.0,0.0
2024-01-03 00:00:00-05:00,65.54012958192375,66.35122050439945,64.55099394248967,64.9169692993164,870300,0.0,0.0
2024-01-04 00:00:00-05:00,64.99610930663577,65.66872191932099,64.67958616810783,64.70925903320312,840400,0.0,0.0
2024-01-05 00:00:00-05:00,64.54110658799893,65.12469304823384,64.27404326051156,64.6202392578125,1130300,0.0,0.0
2024-01-08 00:00:00-05:00,65.02578040051333,65.19393920898438,64.04653814650752,65.19393920898438,735200,0.0,0.0
2024-01-09 00:00:00-05:00,64.93675932088858,64.9466527907743,64.19490755609513,64.27404022216797,482700,0.0,0.0
2024-01-10 00:00:00-05:00,64.5015384111666,64.86752133872321,64.06631628612705,64.85762786865234,648100,0.0,0.0
2024-01-11 00:00:00-05:00,65.36208920053274,65.36208920053274,64.44219269298067,65.10491180419922,560900,0.0,0.0
2024-01-12 00:00:00-05:00,65.38186712475569,65.38186712475569,63.44316209201948,63.55196762084961,909800,0.0,0.0
2024-01-16 00:00:00-05:00,62.65185449954871,63.77947235107422,62.65185449954871,63.77947235107422,827900,0.0,0.0
2024-01-17 00:00:00-05:00,63.4431618157314,64.7290412163933,63.3937020132035,63.83881759643555,814700,0.0,0.0
2024-01-18 00:00:00-05:00,64.16523096014565,64.19490382157015,63.29479055024812,64.00696563720703,658600,0.0,0.0
2024-01-19 00:00:00-05:00,63.79924969872596,63.86848889266278,62.94859243235579,63.29479217529297,555000,0.0,0.0
2024-01-22 00:00:00-05:00,63.57174744067191,64.0465358920721,63.136532868937024,63.24533462524414,659900,0.0,0.0
2024-01-23 00:00:00-05:00,63.81903165212289,63.81903165212289,62.15728715770768,62.216636657714844,885800,0.0,0.0
2024-01-24 00:00:00-05:00,62.26609492875321,62.97827008820469,60.792281031517554,60.93075942993164,1173400,0.0,0.0
2024-01-25 00:00:00-05:00,61.24728075984977,61.47478529141297,60.17901616547034,61.415435791015625,1264500,0.0,0.0
2024-01-26 00:00:00-05:00,61.57369794961548,61.85065474098394,61.257174824264865,61.583587646484375,566700,0.0,0.0
2024-01-29 00:00:00-05:00,61.534133323401385,62.22652909429201,61.52424362625802,62.10783386230469,419600,0.0,0.0
2024-01-30 00:00:00-05:00,61.870434846421674,63.36402803443362,61.761629319981466,63.235443115234375,687500,0.0,0.0
2024-01-31 00:00:00-05:00,63.44316423055571,64.34328135458128,63.185990604586486,63.2750129699707,982500,0.0,0.0
2024-02-01 00:00:00-05:00,63.453054826005605,64.58066888761702,63.294793269520724,64.14544677734375,690400,0.0,0.0
2024-02-02 00:00:00-05:00,64.06631071723153,64.06631071723153,62.80022210570296,63.591529846191406,486700,0.0,0.0
2024-02-05 00:00:00-05:00,63.057400944645046,63.94762458492957,62.44413786647863,63.39370346069336,887300,0.0,0.0
2024-02-06 00:00:00-05:00,63.61131924483872,65.75774961090396,63.354149376947234,65.74785614013672,1095900,0.0,0.0
2024-02-07 00:00:00-05:00,65.68850104098404,66.94469997502674,65.56980204822563,66.72708892822266,1022300,0.0,0.0
2024-02-08 00:00:00-05:00,66.5086061915027,67.60102614062997,66.5086061915027,67.50171661376953,919300,0.27,0.0
2024-02-09 00:00:00-05:00,67.60103392560981,68.53456025463214,67.23358029939564,68.16710662841797,794700,0.0,0.0
2024-02-12 00:00:00-05:00,68.13731062313632,68.30613758625755,67.12433369074563,67.67054748535156,611900,0.0,0.0
2024-02-13 00:00:00-05:00,66.75689314241853,67.00517078274181,65.346677963822,65.93260955810547,752000,0.0,0.0
2024-02-14 00:00:00-05:00,66.2404706626861,68.34586775661329,66.14116112303992,68.20683288574219,799600,0.0,0.0
2024-02-15 00:00:00-05:00,68.35579699726217,69.120488742458,67.93869240897355,68.69345092773438,775800,0.0,0.0
2024-02-16 00:00:00-05:00,68.50476695430146,69.01124786381939,68.30614030434465,68.44517517089844,670000,0.0,0.0
2024-02-20 00:00:00-05:00,68.42531218656383,68.42531218656383,66.99523070005432,67.28323364257812,942700,0.0,0.0
2024-02-21 00:00:00-05:00,66.70723361874758,66.93565237834729,65.53536287029866,66.22061157226562,1401200,0.0,0.0
2024-02-22 00:00:00-05:00,66.95551265314938,68.27635152657601,66.68737613368761,67.92876434326172,1330700,0.0,0.0
2024-02-23 00:00:00-05:00,70.51085093150101,76.63834137006631,69.269462710876,76.20137786865234,3466200,0.0,0.0
2024-02-26 00:00:00-05:00,76.44964941119612,77.45268555808772,75.48633101658206,76.5986099243164,2006000,0.0,0.0
2024-02-27 00:00:00-05:00,76.71778548224968,77.15475652317487,76.10205424974889,76.25102233886719,1300600,0.0,0.0
2024-02-28 00:00:00-05:00,76.19144076177955,76.75751345848738,75.3572239800442,75.70481872558594,1079200,0.0,0.0
2024-02-29 00:00:00-05:00,75.86370505924401,77.25406117510178,75.19832289030543,75.38701629638672,1520000,0.0,0.0
2024-03-01 00:00:00-05:00,75.35722046295666,76.47944015405561,74.6918382600769,76.21129608154297,1262900,0.0,0.0
2024-03-04 00:00:00-05:00,75.89350364340154,76.34040792069447,74.92025958293875,75.66509246826172,1086900,0.0,0.0
2024-03-05 00:00:00-05:00,75.3274245184061,75.85377183344202,74.9699041578475,75.38701629638672,765900,0.0,0.0
2024-03-06 00:00:00-05:00,75.91337091425035,76.14178209185005,74.37404657060573,74.38397979736328,733300,0.0,0.0
2024-03-07 00:00:00-05:00,74.71170570246166,75.64522441338947,74.71170570246166,75.2678451538086,752900,0.0,0.0
2024-03-08 00:00:00-05:00,75.38702233005732,75.83391902810773,74.73156575762937,74.98977661132812,509700,0.0,0.0
2024-03-11 00:00:00-04:00,74.7414966956488,75.4366709995148,74.27473355869664,74.89046478271484,634200,0.0,0.0
2024-03-12 00:00:00-04:00,75.15859960790806,75.93322455124095,74.89046311861262,75.14866638183594,741900,0.0,0.0
2024-03-13 00:00:00-04:00,75.31750323734538,75.75447431995734,74.90039860948804,75.57571411132812,746900,0.0,0.0
2024-03-14 00:00:00-04:00,75.4664660813499,75.625367400983,74.5329473474173,75.34729766845703,516800,0.0,0.0
2024-03-15 00:00:00-04:00,75.21818966742995,75.93323046366868,74.5428742017414,74.74150085449219,1458300,0.0,0.0
2024-03-18 00:00:00-04:00,74.7415047851471,75.20826797261846,74.5230192440471,74.58260345458984,864100,0.0,0.0
2024-03-19 00:00:00-04:00,74.54287115087854,75.66509085670255,73.7384540764489,75.59557342529297,918200,0.0,0.0
2024-03-20 00:00:00-04:00,75.68495680161195,76.3304801974671,75.45654561000367,76.23117065429688,420600,0.0,0.0
2024-03-21 00:00:00-04:00,76.40992481557268,77.09516591299922,75.95309489167768,76.62841033935547,547700,0.0,0.0
2024-03-22 00:00:00-04:00,76.42978643738667,76.69793052687295,75.94316439310137,76.41985321044922,390000,0.0,0.0
2024-03-25 00:00:00-04:00,76.24108825276971,76.49929909920782,75.14866823960625,75.22811889648438,560500,0.0,0.0
2024-03-26 00:00:00-04:00,75.61543181802647,75.67501602261619,74.90039105562302,75.24797821044922,510000,0.0,0.0
2024-03-27 00:00:00-04:00,75.85377594693534,76.34040553881545,75.45653781528942,76.22122955322266,484600,0.0,0.0
2024-03-28 00:00:00-04:00,76.4198505083268,76.78730412369846,75.64522552490234,75.64522552490234,1063500,0.0,0.0
2024-04-01 00:00:00-04:00,75.71474040631475,76.33047162777336,75.18839306745686,76.19143676757812,471700,0.0,0.0
2024-04-02 00:00:00-04:00,76.19143820549388,76.24108918402543,75.11887705503318,75.59557342529297,471800,0.0,0.0
2024-04-03 00:00:00-04:00,75.41681342574657,76.24108937832311,75.34729599415982,75.60549926757812,645200,0.0,0.0
2024-04-04 00:00:00-04:00,75.89349971973664,76.21129476463794,74.80107972644036,75.16853332519531,590100,0.0,0.0
2024-04-05 00:00:00-04:00,74.98977294243524,75.62536303057279,74.13569734084449,74.17542266845703,1096700,0.0,0.0
2024-04-08 00:00:00-04:00,74.35418839869497,74.41377260614107,73.58948904458718,74.08604431152344,457400,0.0,0.0
2024-04-09 00:00:00-04:00,74.22507994222273,74.22507994222273,73.06314242410143,73.78811645507812,467500,0.0,0.0
2024-04-10 00:00:00-04:00,72.6758262705934,73.5001097992413,72.25872168145776,73.30148315429688,349400,0.0,0.0
2024-04-11 00:00:00-04:00,73.39087104886933,73.39087104886933,72.34810194222065,72.81486511230469,582800,0.0,0.0
2024-04-12 00:00:00-04:00,72.28851176225838,73.07306993997523,72.12961045074692,72.55664825439453,565400,0.0,0.0
2024-04-15 00:00:00-04:00,73.36108109264748,73.36108109264748,71.95085831410752,72.57652282714844,1007000,0.0,0.0
2024-04-16 00:00:00-04:00,72.37789428956246,73.08300187214046,71.95085644920314,72.82479858398438,581400,0.0,0.0
2024-04-17 00:00:00-04:00,73.24190039872731,73.24190039872731,72.30837409109292,72.70561981201172,492400,0.0,0.0
2024-04-18 00:00:00-04:00,72.8247944539319,73.02341352230049,71.59333198418494,71.9905776977539,526800,0.0,0.0
2024-04-19 00:00:00-04:00,71.94092949741005,72.65597029408244,71.58340909907385,72.10975646972656,532900,0.0,0.0
2024-04-22 00:00:00-04:00,72.53679149051115,73.11279739626114,71.99057768732897,72.31830596923828,442300,0.0,0.0
2024-04-23 00:00:00-04:00,72.67582839085048,73.28162641614905,72.33816687300984,72.73541259765625,561700,0.0,0.0
2024-04-24 00:00:00-04:00,73.0333441717534,73.35113921602867,72.08988468821354,72.86451721191406,452500,0.0,0.0
2024-04-25 00:00:00-04:00,72.40769397065637,73.4603887310077,72.02037388475782,72.82479858398438,454600,0.0,0.0
2024-04-26 00:00:00-04:00,73.03334741415334,73.37100134882256,72.19913065037504,72.67582702636719,456700,0.0,0.0
2024-04-29 00:00:00-04:00,72.67583156707177,73.2915628460252,72.5169302395358,73.20217895507812,390900,0.0,0.0
2024-04-30 00:00:00-04:00,72.62616979130046,72.91417275207914,70.98754349044847,71.08685302734375,762700,0.0,0.0
2024-05-01 00:00:00-04:00,71.30534137250648,71.72244599004925,70.61015943310291,70.87830352783203,485700,0.0,0.0
2024-05-02 00:00:00-04:00,71.32519607425584,71.69264968829252,70.47112043490819,70.69953918457031,476200,0.0,0.0
2024-05-03 00:00:00-04:00,70.9378848432095,72.07003023140363,70.58036444937642,71.74230194091797,688700,0.0,0.0
2024-05-06 00:00:00-04:00,71.79195784236713,72.07002756576753,69.34890695942283,70.31222534179688,1255300,0.0,0.0
2024-05-07 00:00:00-04:00,70.53070523721617,71.43443944012802,70.03414998115433,71.38478088378906,950900,0.0,0.0
2024-05-08 00:00:00-04:00,71.14643925133633,71.77209617066465,70.29236357152371,71.50395965576172,850500,0.0,0.0
2024-05-09 00:00:00-04:00,71.50395817338509,72.67582890207773,70.52078087001401,72.42755126953125,1252400,0.0,0.0
2024-05-10 00:00:00-04:00,80.11422233112681,80.11422233112681,75.65515830126309,75.95309448242188,1823600,0.0,0.0
2024-05-13 00:00:00-04:00,75.91336587954049,77.69103450964421,75.1188744819324,76.79723358154297,940800,0.0,0.0
2024-05-14 00:00:00-04:00,76.79723923219001,77.29379449802313,75.32743231151787,75.72467803955078,818700,0.0,0.0
2024-05-15 00:00:00-04:00,75.92329993318245,76.618481877251,75.4962620856424,75.51612854003906,635900,0.0,0.0
2024-05-16 00:00:00-04:00,75.41681163198287,75.41681163198287,73.80796994045751,74.5428695678711,951300,0.0,0.0
2024-05-17 00:00:00-04:00,74.65211026903685,74.81101157698146,73.83776000789925,74.4534912109375,650900,0.0,0.0
2024-05-20 00:00:00-04:00,74.54287395752546,74.83087692044651,74.1555614569704,74.7315673828125,494800,0.0,0.0
2024-05-21 00:00:00-04:00,74.72163296695491,75.32743098676394,74.4435632352718,75.00963592529297,480200,0.0,0.0
2024-05-22 00:00:00-04:00,74.84081237530786,75.69488806268426,74.6223268399094,75.48633575439453,566600,0.0,0.0
2024-05-23 00:00:00-04:00,75.42674080510237,75.79419442439135,73.94700825491822,74.3641128540039,476800,0.0,0.0
2024-05-24 00:00:00-04:00,74.89046680401552,75.85377762913492,74.69184015695596,75.63529968261719,571200,0.0,0.0
2024-05-28 00:00:00-04:00,75.75446160261518,76.38012601619974,75.01956201354805,75.02949523925781,1110200,0.0,0.0
2024-05-29 00:00:00-04:00,74.55109920063606,74.63082721427419,73.32518879236481,73.49462127685547,585400,0.27,0.0
2024-05-30 00:00:00-04:00,73.654092216646,74.44146432871707,73.06605154388107,73.24545288085938,692500,0.0,0.0
2024-05-31 00:00:00-04:00,73.52451773705259,73.86339029853961,71.38167821461812,72.43814849853516,1167700,0.0,0.0
2024-06-03 00:00:00-04:00,73.0062524273884,73.0062524273884,70.03616536512548,70.95310974121094,688400,0.0,0.0
2024-06-04 00:00:00-04:00,70.693970917082,72.20890956105036,70.58433634897827,72.1590805053711,796900,0.0,0.0
2024-06-05 00:00:00-04:00,72.31854473746317,73.03615006053943,72.12918215787846,72.65741729736328,829900,0.0,0.0
2024-06-06 00:00:00-04:00,72.70724468099246,73.53448455406581,72.4481153456253,73.28531646728516,616800,0.0,0.0
2024-06-07 00:00:00-04:00,72.54778583766262,73.27535244073728,71.8800171460716,72.4481201171875,591000,0.0,0.0
2024-06-10 00:00:00-04:00,75.9165319421955,79.80355567242196,75.74709946572062,78.85671997070312,5698800,0.0,0.0
2024-06-11 00:00:00-04:00,78.687279195563,79.73378820738759,77.98961159035099,79.29524993896484,2746800,0.0,0.0
2024-06-12 00:00:00-04:00,79.48461973347781,81.00952720890223,78.51784633951421,80.4513931274414,2524700,0.0,0.0
2024-06-13 00:00:00-04:00,80.77033000998948,80.81019781738514,78.88661983358283,79.6042251586914,1760300,0.0,0.0
2024-06-14 00:00:00-04:00,79.31519456635579,79.73379516601562,78.09925297343288,79.73379516601562,1870300,0.0,0.0
2024-06-17 00:00:00-04:00,79.38495515339693,80.78029798098588,78.99625354054092,80.15238952636719,2233200,0.0,0.0
2024-06-18 00:00:00-04:00,80.38163016357049,81.46799942400823,79.69392377785789,79.80355834960938,2100100,0.0,0.0
2024-06-20 00:00:00-04:00,79.62415723398253,79.88329418647409,77.78031481926932,77.92981719970703,2259900,0.0,0.0
2024-06-21 00:00:00-04:00,79.06602052366412,79.1856163408745,75.28863134863343,77.3417739868164,27368900,0.0,0.0
2024-06-24 00:00:00-04:00,77.16237519533004,78.33844892862936,77.06270947637388,77.92981719970703,1930300,0.0,0.0
2024-06-25 00:00:00-04:00,77.88994536492153,78.69724753194318,77.09260444647572,77.39160919189453,1965300,0.0,0.0
2024-06-26 00:00:00-04:00,77.10257733320962,77.88994944026986,76.82351027835423,77.46138000488281,1243900,0.0,0.0
2024-06-27 00:00:00-04:00,77.0726809064425,77.94974990819172,76.65408031042631,76.75374603271484,1171700,0.0,0.0
2024-06-28 00:00:00-04:00,76.93314352672348,77.27200848635806,75.70723315226593,76.10590362548828,4585400,0.0,0.0
2024-07-01 00:00:00-04:00,76.29527402505566,76.64410783860059,75.37832965287166,75.52783203125,700400,0.0,0.0
2024-07-02 00:00:00-04:00,75.52783101333785,76.93314270554494,75.07933148825421,76.18563842773438,1081800,0.0,0.0
2024-07-03 00:00:00-04:00,76.08596791123165,77.30190946458497,75.90657417779298,77.02284240722656,574200,0.0,0.0
2024-07-05 00:00:00-04:00,77.04277917416161,77.30190852197347,76.05606802823868,76.7437744140625,738400,0.0,0.0
2024-07-08 00:00:00-04:00,76.78364192397055,77.19227365024406,76.20557011216226,76.4946060180664,878300,0.0,0.0
2024-07-09 00:00:00-04:00,76.48463797978127,77.08263990001899,76.15574186625504,76.41487121582031,1000800,0.0,0.0
2024-07-10 00:00:00-04:00,76.52450328729495,77.29194526979022,76.01619824990259,77.12250518798828,714200,0.0,0.0
2024-07-11 00:00:00-04:00,77.5710155772281,78.80688723781203,77.43148204800123,78.56768798828125,927000,0.0,0.0
2024-07-12 00:00:00-04:00,78.83678660408093,79.60422862283261,78.45805382335085,79.1756591796875,659700,0.0,0.0
2024-07-15 00:00:00-04:00,79.71386395692896,80.06269778513862,78.94642193086052,79.56436157226562,933300,0.0,0.0
2024-07-16 00:00:00-04:00,79.73379161580482,81.408201543897,79.59425808879772,81.09923553466797,1191900,0.0,0.0
2024-07-17 00:00:00-04:00,81.00953158368274,81.35836540343392,80.30189509104264,80.77033233642578,903100,0.0,0.0
2024-07-18 00:00:00-04:00,80.85006800441782,81.59757230607255,80.12249380504416,80.30189514160156,632500,0.0,0.0
2024-07-19 00:00:00-04:00,79.84342881143166,81.01950258057349,79.23545802206131,79.45472717285156,1055100,0.0,0.0
2024-07-22 00:00:00-04:00,79.78362790383133,80.06269495653969,78.9364502886721,80.0228271484375,781800,0.0,0.0
2024-07-23 00:00:00-04:00,80.01285600400895,80.53112989048809,79.62415439115294,80.15238952636719,649800,0.0,0.0
2024-07-24 00:00:00-04:00,80.09259662617414,80.11252672889727,79.19558992349033,79.20555877685547,640300,0.0,0.0
2024-07-25 00:00:00-04:00,79.1656868219801,79.58428739331062,78.2387812117444,78.30854797363281,836700,0.0,0.0
2024-07-26 00:00:00-04:00,78.71719258308391,79.3650235852701,77.9597194002728,78.90655517578125,761000,0.0,0.0
2024-07-29 00:00:00-04:00,79.26535616407118,79.58429103357905,78.29858270224847,79.53446197509766,666400,0.0,0.0
2024-07-30 00:00:00-04:00,79.56436227911588,80.09259745281297,78.7570524363646,79.12582397460938,679200,0.0,0.0
2024-07-31 00:00:00-04:00,79.67399436775777,79.92316246862866,79.01618693153527,79.36502075195312,1076800,0.0,0.0
2024-08-01 00:00:00-04:00,79.13579045177167,79.44475646393781,74.89993273191494,75.83679962158203,1286700,0.0,0.0
2024-08-02 00:00:00-04:00,74.75043246332518,75.01953067442997,73.04612351564224,74.52119445800781,1312900,0.0,0.0
2024-08-05 00:00:00-04:00,72.58765160458938,72.8667186556717,70.14579969960546,71.53117370605469,1654100,0.0,0.0
2024-08-06 00:00:00-04:00,71.91988606268012,78.40821809482165,71.75044597085517,78.15904998779297,1723500,0.0,0.0
2024-08-07 00:00:00-04:00,78.21885172768988,79.99292734743806,76.82350887489696,77.04277801513672,848900,0.0,0.0
2024-08-08 00:00:00-04:00,77.99958102630845,78.57764521608996,77.65074722109374,78.02947998046875,1123900,0.0,0.0
2024-08-09 00:00:00-04:00,78.4979210499425,79.61418928128708,77.87001256580415,78.67732238769531,814700,0.0,0.0
2024-08-12 00:00:00-04:00,78.56768577752405,79.36501912152677,77.54111443966636,77.7603759765625,409600,0.0,0.0
2024-08-13 00:00:00-04:00,78.23878444130774,79.12582228079309,77.89991947072102,78.45805358886719,548100,0.0,0.0
2024-08-14 00:00:00-04:00,78.39825087777314,79.82348504164185,78.34841421855808,79.76368713378906,419300,0.0,0.0
2024-08-15 00:00:00-04:00,80.65072785708216,81.56766462959308,80.48129537598909,81.42813110351562,656700,0.0,0.0
2024-08-16 00:00:00-04:00,81.06933032138784,82.11583939532255,81.05936907215546,81.98627471923828,542700,0.0,0.0
2024-08-19 00:00:00-04:00,82.22547466865785,82.98294783715173,82.04607332885686,82.84341430664062,586800,0.0,0.0
2024-08-20 00:00:00-04:00,82.9829432452553,83.33177705223017,82.26533792576032,83.1025390625,542000,0.0,0.0
2024-08-21 00:00:00-04:00,83.33178215776003,83.91981523925831,82.63411450106595,83.8101806640625,483500,0.0,0.0
2024-08-22 00:00:00-04:00,83.75038124226195,84.67728688602452,83.75038124226195,84.32845306396484,402300,0.0,0.0
2024-08-23 00:00:00-04:00,84.5875848970375,85.59421849345232,84.5875848970375,85.38491821289062,592600,0.0,0.0
2024-08-26 00:00:00-04:00,85.84339200504755,86.93973774013683,85.67395952017267,86.34172821044922,520300,0.0,0.0
2024-08-27 00:00:00-04:00,86.02279184576628,87.15899776598374,85.69389573497159,86.86000061035156,676800,0.0,0.0
2024-08-28 00:00:00-04:00,86.58999633789062,86.7300033569336,84.83000183105469,85.18000030517578,595400,0.29,0.0
2024-08-29 00:00:00-04:00,85.95999908447266,85.95999908447266,84.9800033569336,85.2300033569336,364200,0.0,0.0
2024-08-30 00:00:00-04:00,85.45999908447266,86.26000213623047,85.23999786376953,86.12999725341797,595500,0.0,0.0
2024-09-03 00:00:00-04:00,85.31999969482422,85.5999984741211,84.0199966430664,84.22000122070312,802200,0.0,0.0
2024-09-04 00:00:00-04:00,84.0,84.41000366210938,83.18000030517578,83.95999908447266,452000,0.0,0.0
2024-09-05 00:00:00-04:00,84.29000091552734,84.38999938964844,82.9800033569336,83.77999877929688,779100,0.0,0.0
2024-09-06 00:00:00-04:00,84.0,84.91000366210938,82.2699966430664,82.66000366210938,510300,0.0,0.0
2024-09-09 00:00:00-04:00,83.08999633789062,83.55000305175781,82.05999755859375,83.4800033569336,785100,0.0,0.0
2024-09-10 00:00:00-04:00,83.3499984741211,84.0999984741211,82.83000183105469,84.05000305175781,365500,0.0,0.0
2024-09-11 00:00:00-04:00,82.80999755859375,84.91000366210938,82.6500015258789,84.66999816894531,419000,0.0,0.0
2024-09-12 00:00:00-04:00,84.73999786376953,85.01000213623047,83.9000015258789,84.9000015258789,595000,0.0,0.0
2024-09-13 00:00:00-04:00,85.16999816894531,85.9800033569336,84.33999633789062,85.0999984741211,453000,0.0,0.0
2024-09-16 00:00:00-04:00,84.83000183105469,85.9000015258789,84.66000366210938,85.0999984741211,545400,0.0,0.0
2024-09-17 00:00:00-04:00,85.48999786376953,85.76000213623047,83.54000091552734,84.36000061035156,553000,0.0,0.0
2024-09-18 00:00:00-04:00,84.41999816894531,84.83000183105469,83.20999908447266,83.9000015258789,856200,0.0,0.0
2024-09-19 00:00:00-04:00,85.37999725341797,85.55000305175781,84.62000274658203,85.30999755859375,703800,0.0,0.0
2024-09-20 00:00:00-04:00,85.12999725341797,85.12999725341797,83.93000030517578,84.41000366210938,1278300,0.0,0.0
2024-09-23 00:00:00-04:00,84.19000244140625,84.66000366210938,83.79000091552734,84.37000274658203,755600,0.0,0.0
2024-09-24 00:00:00-04:00,84.47000122070312,84.80999755859375,83.61000061035156,84.19999694824219,594600,0.0,0.0
2024-09-25 00:00:00-04:00,84.5999984741211,84.5999984741211,82.12000274658203,82.12999725341797,712200,0.0,0.0
2024-09-26 00:00:00-04:00,82.2300033569336,82.2300033569336,80.58000183105469,80.69000244140625,1102900,0.0,0.0
2024-09-27 00:00:00-04:00,80.80000305175781,81.43000030517578,79.93000030517578,80.27999877929688,893900,0.0,0.0
2024-09-30 00:00:00-04:00,80.25,80.48999786376953,78.08000183105469,80.48999786376953,1390200,0.0,0.0
2024-10-01 00:00:00-04:00,80.5,80.8499984741211,79.36000061035156,80.04000091552734,1054500,0.0,0.0
2024-10-02 00:00:00-04:00,80.0,81.12999725341797,79.91000366210938,80.01000213623047,780300,0.0,0.0
2024-10-03 00:00:00-04:00,79.73999786376953,80.23999786376953,79.16000366210938,80.08999633789062,971900,0.0,0.0
2024-10-04 00:00:00-04:00,80.5999984741211,81.27999877929688,79.9000015258789,81.20999908447266,902100,0.0,0.0
2024-10-07 00:00:00-04:00,80.9000015258789,80.9000015258789,79.45999908447266,80.3499984741211,891800,0.0,0.0
2024-10-08 00:00:00-04:00,80.83999633789062,81.37999725341797,80.30000305175781,81.36000061035156,818200,0.0,0.0
2024-10-09 00:00:00-04:00,81.45999908447266,81.45999908447266,80.02999877929688,80.80000305175781,527200,0.0,0.0
2024-10-10 00:00:00-04:00,80.70999908447266,80.70999908447266,79.2699966430664,79.47000122070312,727800,0.0,0.0
2024-10-11 00:00:00-04:00,79.45999908447266,80.58999633789062,79.45999908447266,80.08000183105469,522200,0.0,0.0
2024-10-14 00:00:00-04:00,80.27999877929688,81.3499984741211,79.86000061035156,81.05000305175781,964600,0.0,0.0
2024-10-15 00:00:00-04:00,81.0,81.43000030517578,80.26000213623047,80.80000305175781,1592200,0.0,0.0
2024-10-16 00:00:00-04:00,81.13999938964844,81.13999938964844,78.55000305175781,78.70999908447266,834100,0.0,0.0
2024-10-17 00:00:00-04:00,78.9000015258789,80.62999725341797,78.9000015258789,80.54000091552734,1018900,0.0,0.0
2024-10-18 00:00:00-04:00,80.98999786376953,81.27999877929688,80.41999816894531,81.11000061035156,1318700,0.0,0.0
2024-10-21 00:00:00-04:00,81.0,87.13999938964844,80.9800033569336,86.29000091552734,1649400,0.0,0.0
2024-10-22 00:00:00-04:00,85.69999694824219,86.68000030517578,85.45999908447266,86.27999877929688,916500,0.0,0.0
2024-10-23 00:00:00-04:00,85.98999786376953,86.37000274658203,85.08000183105469,85.6500015258789,554600,0.0,0.0
2024-10-24 00:00:00-04:00,85.1500015258789,85.37000274658203,83.83999633789062,84.61000061035156,625700,0.0,0.0
2024-10-25 00:00:00-04:00,84.87999725341797,85.29000091552734,84.41000366210938,84.94000244140625,518800,0.0,0.0
2024-10-28 00:00:00-04:00,85.41999816894531,86.54000091552734,85.18000030517578,86.08999633789062,576300,0.0,0.0
2024-10-29 00:00:00-04:00,85.9000015258789,86.87000274658203,85.20999908447266,86.63999938964844,480800,0.0,0.0
2024-10-30 00:00:00-04:00,85.80999755859375,86.81999969482422,85.68000030517578,86.20999908447266,461800,0.0,0.0
2024-10-31 00:00:00-04:00,85.68000030517578,85.68000030517578,84.41000366210938,84.73999786376953,853600,0.0,0.0
2024-11-01 00:00:00-04:00,84.94000244140625,85.4800033569336,84.30999755859375,85.0999984741211,567000,0.0,0.0
2024-11-04 00:00:00-05:00,84.97000122070312,85.88999938964844,84.91000366210938,85.4000015258789,551500,0.0,0.0
2024-11-05 00:00:00-05:00,85.68000030517578,87.12000274658203,85.22000122070312,86.62999725341797,729100,0.0,0.0
2024-11-06 00:00:00-05:00,88.0,89.56999969482422,86.72000122070312,89.3499984741211,865200,0.0,0.0
2024-11-07 00:00:00-05:00,89.75,89.91000366210938,88.44999694824219,89.33999633789062,775400,0.0,0.0
2024-11-08 00:00:00-05:00,86.55999755859375,93.19000244140625,85.55000305175781,91.86000061035156,1554300,0.0,0.0
2024-11-11 00:00:00-05:00,92.45999908447266,94.8499984741211,92.30999755859375,93.69999694824219,1510700,0.0,0.0
2024-11-12 00:00:00-05:00,93.3499984741211,93.98999786376953,92.55000305175781,92.87000274658203,617500,0.0,0.0
2024-11-13 00:00:00-05:00,93.55000305175781,93.55000305175781,90.88999938964844,91.16000366210938,701000,0.0,0.0
2024-11-14 00:00:00-05:00,91.44999694824219,92.87999725341797,91.08999633789062,92.36000061035156,964500,0.0,0.0
2024-11-15 00:00:00-05:00,91.7300033569336,93.8499984741211,91.7300033569336,92.76000213623047,956500,0.0,0.0
2024-11-18 00:00:00-05:00,92.66999816894531,94.69999694824219,92.25,94.12999725341797,1225900,0.0,0.0
2024-11-19 00:00:00-05:00,93.20999908447266,94.45999908447266,92.01000213623047,93.5999984741211,973400,0.0,0.0
2024-11-20 00:00:00-05:00,93.61000061035156,93.7699966430664,92.73999786376953,93.73999786376953,485100,0.0,0.0
2024-11-21 00:00:00-05:00,94.25,95.6500015258789,93.44000244140625,95.33999633789062,706900,0.0,0.0
2024-11-22 00:00:00-05:00,95.9800033569336,97.83000183105469,95.62999725341797,97.80999755859375,1136300,0.0,0.0
2024-11-25 00:00:00-05:00,98.2300033569336,99.79000091552734,98.11000061035156,98.5,1071500,0.0,0.0
2024-11-26 00:00:00-05:00,97.58000183105469,98.81999969482422,96.87000274658203,97.79000091552734,786000,0.0,0.0
2024-11-27 00:00:00-05:00,98.12000274658203,98.12000274658203,96.83000183105469,97.68000030517578,612100,0.0,0.0
2024-11-29 00:00:00-05:00,98.0999984741211,98.55000305175781,97.73999786376953,97.76000213623047,308800,0.0,0.0
2024-12-02 00:00:00-05:00,98.05000305175781,98.4000015258789,96.19999694824219,97.13999938964844,1390800,0.0,0.0
2024-12-03 00:00:00-05:00,97.23999786376953,97.56999969482422,96.62000274658203,97.4800033569336,1559756,0.0,0.0
