Date,Open,High,Low,Close,Volume,Dividends,Stock Splits
2022-01-03 00:00:00-05:00,36.558333820472605,37.09236261122238,35.80707496900302,36.06956100463867,717900,0.0,0.0
2022-01-04 00:00:00-05:00,36.1329145038512,36.84797053711824,36.1329145038512,36.431610107421875,314600,0.0,0.0
2022-01-05 00:00:00-05:00,36.35015502779786,36.69410666597516,35.43597186781179,35.62604904174805,428000,0.0,0.0
2022-01-06 00:00:00-05:00,35.62604910267897,35.87948533502743,35.254944568393135,35.33640670776367,302700,0.0,0.0
2022-01-07 00:00:00-05:00,35.19158172607422,35.454067744433814,34.68470586307312,35.19158172607422,515700,0.0,0.0
2022-01-10 00:00:00-05:00,35.23684028455986,35.28209625981908,34.66660532842688,35.227787017822266,363300,0.0,0.0
2022-01-11 00:00:00-05:00,35.263995053438144,36.20533458122432,34.92004686093955,36.16912841796875,683900,0.0,0.0
2022-01-12 00:00:00-05:00,36.17817527361286,36.68504765812272,36.16912200799852,36.277740478515625,365600,0.0,0.0
2022-01-13 00:00:00-05:00,36.458770568213765,36.91133724737356,36.35015553200214,36.72126007080078,440300,0.0,0.0
2022-01-14 00:00:00-05:00,36.540235502709834,36.540235502709834,35.408818718293915,35.57174301147461,565000,0.0,0.0
2022-01-18 00:00:00-05:00,35.13726955583835,35.381655927276334,34.29549542737718,34.43126678466797,476000,0.0,0.0
2022-01-19 00:00:00-05:00,34.65755636381618,34.88383969846714,33.87008787320785,33.97870635986328,566400,0.0,0.0
2022-01-20 00:00:00-05:00,34.051109342134964,34.12352165404774,33.01020825445678,33.03736114501953,865900,0.0,0.0
2022-01-21 00:00:00-05:00,33.118827135582954,33.29080121723728,32.593848171360044,32.74772262573242,939800,0.0,0.0
2022-01-24 00:00:00-05:00,32.34041177603115,33.23649524512638,31.996460161823844,33.155033111572266,958900,0.0,0.0
2022-01-25 00:00:00-05:00,32.8744438768413,32.964955833143215,31.797336404485296,32.52144241333008,483200,0.0,0.0
2022-01-26 00:00:00-05:00,32.892540883377414,33.00115590144037,31.797330531485553,32.13222885131836,504500,0.0,0.0
2022-01-27 00:00:00-05:00,32.2317934494137,32.71151293523063,31.706814541847997,31.93309783935547,366600,0.0,0.0
2022-01-28 00:00:00-05:00,31.951201359761672,32.838231483932134,31.4986347584823,32.82918167114258,899900,0.0,0.0
2022-01-31 00:00:00-05:00,32.63911046424329,33.100726962278976,32.53954524140172,33.07357406616211,874100,0.0,0.0
2022-02-01 00:00:00-05:00,33.09168058370039,33.109783667261176,32.213700021457925,32.756778717041016,541900,0.0,0.0
2022-02-02 00:00:00-05:00,32.856335417922736,33.30890203098726,32.54858998292649,32.93779754638672,954000,0.0,0.0
2022-02-03 00:00:00-05:00,32.530481613036535,33.98774642253203,32.22273622809458,33.616641998291016,1370100,0.0,0.0
2022-02-04 00:00:00-05:00,33.4084701067875,34.05111392384279,32.99210961569332,33.69811248779297,526900,0.0,0.0
2022-02-07 00:00:00-05:00,34.10542372282854,34.40411592252093,33.67096014421533,34.04206466674805,541400,0.0,0.0
2022-02-08 00:00:00-05:00,34.150683202651706,35.15538184189848,34.014915262608326,34.73902130126953,565200,0.0,0.0
2022-02-09 00:00:00-05:00,35.20968494337173,35.28209380819312,34.92004257846744,35.07391357421875,477200,0.0,0.0
2022-02-10 00:00:00-05:00,34.65755170620102,35.28209238289442,33.95154544905934,34.18688201904297,378900,0.0,0.0
2022-02-11 00:00:00-05:00,34.05110449518391,34.55798024799572,33.634744119378794,33.91533660888672,410700,0.0,0.0
2022-02-14 00:00:00-05:00,33.88818420667878,34.27739174100624,33.47182378249884,33.65285110473633,565600,0.0,0.0
2022-02-15 00:00:00-05:00,33.97870496177348,34.521783561466385,33.97870496177348,34.27739715576172,314600,0.0,0.0
2022-02-16 00:00:00-05:00,34.521780908142226,34.938141366092864,34.11447026327345,34.82047653198242,386700,0.0,0.0
2022-02-17 00:00:00-05:00,34.630395436595876,35.11916820348622,34.41316539762853,34.938140869140625,548800,0.0,0.0
2022-02-18 00:00:00-05:00,35.11011814199506,35.54458166966347,34.76616655445412,34.88383483886719,530600,0.0,0.0
2022-02-22 00:00:00-05:00,34.75711675944342,34.874781591107826,34.31359996584861,34.59419250488281,314500,0.0,0.0
2022-02-23 00:00:00-05:00,34.974347130194104,35.18252735682512,33.480879386238804,33.48992919921875,458500,0.0,0.0
2022-02-24 00:00:00-05:00,32.838236650987454,34.159733958794114,32.838236650987454,34.03301239013672,527500,0.0,0.0
2022-02-25 00:00:00-05:00,34.19593079084187,35.68940193448463,33.87008229020642,35.64414596557617,658300,0.0,0.0
2022-02-28 00:00:00-05:00,35.21873225146297,36.151018331381906,35.19157936068757,35.93378829956055,1135200,0.0,0.0
2022-03-01 00:00:00-05:00,35.91568785308833,36.4768695046902,35.22778464536145,35.53553009033203,538300,0.0,0.0
2022-03-02 00:00:00-05:00,35.798016330840916,36.105761748024754,35.69845112928011,35.879478454589844,553700,0.0,0.0
2022-03-03 00:00:00-05:00,36.00619260325838,36.178170097232645,35.57172914178055,35.99714279174805,348800,0.0,0.0
2022-03-04 00:00:00-05:00,35.680349234355944,36.594535703713476,35.589837295104914,36.5673828125,348700,0.0,0.0
2022-03-07 00:00:00-05:00,36.89322491551285,38.223771723529474,36.86607202647052,37.544921875,802400,0.0,0.0
2022-03-08 00:00:00-05:00,37.70785464627301,38.03370319973981,36.6941062765616,36.902286529541016,601400,0.0,0.0
2022-03-09 00:00:00-05:00,37.35485002400427,37.617339497863966,36.99279533917645,37.418209075927734,655100,0.0,0.0
2022-03-10 00:00:00-05:00,37.04710672488801,38.50437190920531,37.04710672488801,38.413856506347656,754100,0.0,0.0
2022-03-11 00:00:00-05:00,38.68539812231021,39.32804192602205,38.34144650720423,38.54057693481445,1055600,0.0,0.0
2022-03-14 00:00:00-04:00,38.51341926897725,38.8845237650226,38.18757074507219,38.25998306274414,578100,0.0,0.0
2022-03-15 00:00:00-04:00,38.567730968045254,38.6401398375279,37.635444761795206,37.66259765625,491000,0.0,0.0
2022-03-16 00:00:00-04:00,37.963236223112226,38.18188851046386,36.496456972869105,37.41661071777344,721600,0.27,0.0
2022-03-17 00:00:00-04:00,37.106853772208375,38.08167141665684,37.106853772208375,38.01789855957031,463000,0.0,0.0
2022-03-18 00:00:00-04:00,37.835687574429265,38.063448763247855,37.2161768628139,37.42572021484375,1193700,0.0,0.0
2022-03-21 00:00:00-04:00,37.38017313477215,38.15456342641933,37.38017313477215,37.717262268066406,636700,0.0,0.0
2022-03-22 00:00:00-04:00,37.990572540522145,38.1636698181846,37.11597028176376,37.352840423583984,838100,0.0,0.0
2022-03-23 00:00:00-04:00,37.252624929804504,37.70814737399456,36.89731797939394,37.352840423583984,560200,0.0,0.0
2022-03-24 00:00:00-04:00,37.38927947997046,37.717256164500746,37.0430814823707,37.30728530883789,550800,0.0,0.0
2022-03-25 00:00:00-04:00,37.40750668804447,37.571495056152344,37.04308731994682,37.571495056152344,342100,0.0,0.0
2022-03-28 00:00:00-04:00,37.63526792426533,37.78103497643226,37.40750668804447,37.571495056152344,237800,0.0,0.0
2022-03-29 00:00:00-04:00,37.799253315868725,38.36410016411658,37.626152565740874,38.30032730102539,653000,0.0,0.0
2022-03-30 00:00:00-04:00,38.25477297900791,38.25477297900791,37.553268060502816,37.9814567565918,770300,0.0,0.0
2022-03-31 00:00:00-04:00,38.163663059995365,38.573633882239065,37.453049285012845,37.462158203125,558500,0.0,0.0
2022-04-01 00:00:00-04:00,37.65348544549314,38.17278073371335,37.580600189074715,38.09989547729492,573600,0.0,0.0
2022-04-04 00:00:00-04:00,38.209217925758935,38.45520044050744,37.93590517893619,38.40964889526367,420500,0.0,0.0
2022-04-05 00:00:00-04:00,38.17278548415048,38.619195571506054,37.689929288689825,37.87213897705078,416400,0.0,0.0
2022-04-06 00:00:00-04:00,37.88124238395269,38.546304634598755,37.6625901147321,38.19099426269531,541300,0.0,0.0
2022-04-07 00:00:00-04:00,38.37320942420034,38.701186137499896,37.97235092759,38.591861724853516,661700,0.0,0.0
2022-04-08 00:00:00-04:00,38.67384150292249,39.694210416860635,38.436967975801686,39.366233825683594,487800,0.0,0.0
2022-04-11 00:00:00-04:00,39.3297990273037,39.81265509378216,39.23869594513936,39.51200866699219,423000,0.0,0.0
2022-04-12 00:00:00-04:00,39.72155596349694,39.98575981667877,39.521128450186986,39.79444122314453,532700,0.0,0.0
2022-04-13 00:00:00-04:00,39.612226690699025,40.2499587329518,39.3115837199296,39.87643051147461,437300,0.0,0.0
2022-04-14 00:00:00-04:00,39.72155719300586,40.687266061065465,39.639563011044565,40.62349319458008,453600,0.0,0.0
2022-04-18 00:00:00-04:00,40.450390900618366,40.87857959750687,39.931095637634336,40.13152313232422,454400,0.0,0.0
2022-04-19 00:00:00-04:00,40.13152046488758,41.079007837143266,40.13152046488758,41.00612258911133,630500,0.0,0.0
2022-04-20 00:00:00-04:00,41.24300078315009,41.68030189417691,41.188336841011626,41.39787673950195,416400,0.0,0.0
2022-04-21 00:00:00-04:00,41.50720130662848,41.78962296337271,40.76014486724049,40.878578186035156,931900,0.0,0.0
2022-04-22 00:00:00-04:00,40.78747718898781,41.033459708519864,40.158857511534904,40.186187744140625,489900,0.0,0.0
2022-04-25 00:00:00-04:00,39.99486785936025,40.36839608600367,39.35713580828706,40.3137321472168,631400,0.0,0.0
2022-04-26 00:00:00-04:00,40.16796471360445,40.38661699118432,39.72155123975224,39.78532409667969,570900,0.0,0.0
2022-04-27 00:00:00-04:00,39.85821283928587,40.46861123059453,39.71244579991661,39.73066711425781,543800,0.0,0.0
2022-04-28 00:00:00-04:00,40.15885967581078,40.78747938714179,39.584900432637006,40.55060577392578,548800,0.0,0.0
2022-04-29 00:00:00-04:00,40.28640187908129,40.5323843903597,39.24781137059025,39.35713577270508,780000,0.0,0.0
2022-05-02 00:00:00-04:00,39.36625216596133,39.530240537950114,37.30729207095647,37.87213897705078,828300,0.0,0.0
2022-05-03 00:00:00-04:00,37.81747335951351,38.82873378370963,37.525939261142085,38.71030044555664,606400,0.0,0.0
2022-05-04 00:00:00-04:00,38.64652037907667,39.092933879078,38.04523092471096,38.810508728027344,610200,0.0,0.0
2022-05-05 00:00:00-04:00,39.174934483489146,39.48468991841954,35.86784020399124,36.20492935180664,812800,0.0,0.0
2022-05-06 00:00:00-04:00,35.84050182452371,35.91338359981847,34.984120981490165,35.53074645996094,967900,0.0,0.0
2022-05-09 00:00:00-04:00,35.07522230433366,35.603629918909334,34.28261435782999,34.410160064697266,629500,0.0,0.0
2022-05-10 00:00:00-04:00,34.59237306874211,34.729027707083915,33.37157286594367,33.78154373168945,792100,0.0,0.0
2022-05-11 00:00:00-04:00,33.772434480630835,34.36461506130995,33.435348837581145,33.49000930786133,580300,0.0,0.0
2022-05-12 00:00:00-04:00,33.44445070794495,33.68132428043159,32.49696336871797,33.01626205444336,878000,0.0,0.0
2022-05-13 00:00:00-04:00,33.40801206169852,34.40105105987737,33.11647799575246,34.3099479675293,770700,0.0,0.0
2022-05-16 00:00:00-04:00,34.373725319251356,34.510383450992336,33.726884243113446,34.127742767333984,551300,0.0,0.0
2022-05-17 00:00:00-04:00,34.5194850282886,35.27565383911133,34.12773550768211,35.27565383911133,600600,0.0,0.0
2022-05-18 00:00:00-04:00,35.09344464675221,35.13899618977693,34.264394052406395,34.51948547363281,855500,0.0,0.0
2022-05-19 00:00:00-04:00,34.37372406562022,35.330320526837454,34.37372406562022,34.829246520996094,778300,0.0,0.0
2022-05-20 00:00:00-04:00,35.32120785574271,35.43964465466329,34.70169710419531,35.16632843017578,699900,0.0,0.0
2022-05-23 00:00:00-04:00,35.4305374152746,36.059160652624975,35.16633354668852,35.8040657043457,413500,0.0,0.0
2022-05-24 00:00:00-04:00,35.70384258915116,36.296023068251046,35.20276867049121,36.23225021362305,542900,0.0,0.0
2022-05-25 00:00:00-04:00,36.113819213849865,36.94286993231819,36.095597898839955,36.68777847290039,366000,0.0,0.0
2022-05-26 00:00:00-04:00,36.95197374185147,37.33461084207388,36.76065171638059,37.106849670410156,393300,0.0,0.0
2022-05-27 00:00:00-04:00,37.17063157458429,38.09078887844189,37.02486452822751,38.0816764831543,311700,0.0,0.0
2022-05-31 00:00:00-04:00,37.945021836069536,38.07256756722504,37.252625759281734,37.55327224731445,927400,0.0,0.0
2022-06-01 00:00:00-04:00,37.45305188252597,37.73547354326767,36.56022840514108,37.63526153564453,461600,0.0,0.0
2022-06-02 00:00:00-04:00,37.662591222246384,38.309432179865226,37.38016609023139,37.91768264770508,384400,0.0,0.0
2022-06-03 00:00:00-04:00,37.717256164500746,37.99056890982261,37.23440005656,37.30728530883789,551300,0.0,0.0
2022-06-06 00:00:00-04:00,37.735472379246076,38.1454432172765,37.51682358253648,37.67169952392578,666700,0.0,0.0
2022-06-07 00:00:00-04:00,37.471276745826124,37.744589513720676,36.851765951739594,37.680816650390625,505300,0.0,0.0
2022-06-08 00:00:00-04:00,37.58060011228807,37.75369738288769,36.751549436704124,36.80621337890625,352600,0.0,0.0
2022-06-09 00:00:00-04:00,36.67867027098678,36.842658649463395,36.168487293824754,36.21403884887695,565300,0.0,0.0
2022-06-10 00:00:00-04:00,35.84961206990606,36.077373273591256,35.38498074354673,35.403202056884766,514800,0.0,0.0
2022-06-13 00:00:00-04:00,34.291726175837574,34.81102144077317,33.50822708127225,33.68132781982422,556300,0.0,0.0
2022-06-14 00:00:00-04:00,33.61755187845584,34.209728866882294,33.5082240087551,34.02751922607422,687400,0.0,0.0
2022-06-15 00:00:00-04:00,34.08719809082531,34.85836024471426,33.692436303591506,34.38097381591797,639400,0.285,0.0
2022-06-16 00:00:00-04:00,33.68325883924517,33.820967762973034,33.12325118789092,33.25177764892578,639600,0.0,0.0
2022-06-17 00:00:00-04:00,33.30685543173785,33.97703156284552,32.884553239875444,33.1875114440918,1137200,0.0,0.0
2022-06-21 00:00:00-04:00,33.36193598411451,34.36261058952511,33.36193598411451,33.87604522705078,642400,0.0,0.0
2022-06-22 00:00:00-04:00,33.371115373127566,34.16982137725014,33.371115373127566,33.65571212768555,669000,0.0,0.0
2022-06-23 00:00:00-04:00,33.77505673533975,34.14227459489311,33.53636179965174,34.01374816894531,432000,0.0,0.0
2022-06-24 00:00:00-04:00,34.27080645500244,35.45508823377494,34.08719576383315,35.262298583984375,721500,0.0,0.0
2022-06-27 00:00:00-04:00,35.28066168351656,35.41837058397244,34.739012044917075,34.81245422363281,571200,0.0,0.0
2022-06-28 00:00:00-04:00,35.09704693128149,35.41836649455123,34.151456663716694,34.17899703979492,766900,0.0,0.0
2022-06-29 00:00:00-04:00,34.18818459882136,34.35343038201846,33.87604744907941,34.160640716552734,399500,0.0,0.0
2022-06-30 00:00:00-04:00,33.87604406176085,34.84917475323514,33.67407195504011,34.316707611083984,406900,0.0,0.0
2022-07-01 00:00:00-04:00,34.14227851641937,34.766552801653894,34.14227851641937,34.70228958129883,482800,0.0,0.0
2022-07-05 00:00:00-04:00,34.26163015058838,34.59212875366211,33.912770124890194,34.59212875366211,541900,0.0,0.0
2022-07-06 00:00:00-04:00,34.69311099516501,34.86753923770668,33.931127799786495,34.325889587402344,685500,0.0,0.0
2022-07-07 00:00:00-04:00,34.61966405135372,34.86753796724938,34.25244615905415,34.28916549682617,680300,0.0,0.0
2022-07-08 00:00:00-04:00,34.1330995484383,34.68392815193445,34.041295948549894,34.43605422973633,440500,0.0,0.0
2022-07-11 00:00:00-04:00,34.35343115547299,34.53704186570505,33.61899181662774,33.674076080322266,366700,0.0,0.0
2022-07-12 00:00:00-04:00,33.45374416219967,33.710800569917716,32.82029085813526,32.85701370239258,588100,0.0,0.0
2022-07-13 00:00:00-04:00,32.68258159517158,33.306855932565284,32.517332299856584,32.91209411621094,909500,0.0,0.0
2022-07-14 00:00:00-04:00,32.24191219988347,32.43470534460679,31.461571168956894,31.562557220458984,480600,0.0,0.0
2022-07-15 00:00:00-04:00,31.746170906724757,32.00322378788598,31.277963442229275,31.62682342529297,653700,0.0,0.0
2022-07-18 00:00:00-04:00,31.856330819729678,32.205190746864275,31.434028724930172,31.59009552001953,389600,0.0,0.0
2022-07-19 00:00:00-04:00,31.929781983163963,32.78356887306503,31.681908031055595,32.52651596069336,1730100,0.0,0.0
2022-07-20 00:00:00-04:00,32.52651471231473,33.27013654009937,32.140931856472754,33.23341369628906,986400,0.0,0.0
2022-07-21 00:00:00-04:00,33.43537868553802,34.09637579368136,33.178325811074615,34.0780143737793,603800,0.0,0.0
2022-07-22 00:00:00-04:00,33.75669727338565,33.96784834283443,33.26094945707147,33.563907623291016,560700,0.0,0.0
2022-07-25 00:00:00-04:00,33.5271920519165,33.8209678210963,33.21505485940253,33.618995666503906,632500,0.0,0.0
2022-07-26 00:00:00-04:00,33.600626561873284,33.70161261608349,33.095699792904874,33.4078369140625,465400,0.0,0.0
2022-07-27 00:00:00-04:00,33.407844992792576,33.72916465226178,33.21505529836113,33.66489791870117,575000,0.0,0.0
2022-07-28 00:00:00-04:00,33.857688557073274,34.45441901885802,33.857688557073274,34.39015579223633,332300,0.0,0.0
2022-07-29 00:00:00-04:00,34.454411416965236,34.986882036729156,34.31670603405149,34.6563835144043,517400,0.0,0.0
2022-08-01 00:00:00-04:00,34.43605758380027,35.31738833815151,34.344253974970215,35.1337776184082,395900,0.0,0.0
2022-08-02 00:00:00-04:00,34.92262521886942,35.17049915600056,34.67475128173828,34.67475128173828,677500,0.0,0.0
2022-08-03 00:00:00-04:00,34.65639034558269,34.90426428618518,34.19736530789286,34.66556930541992,527400,0.0,0.0
2022-08-04 00:00:00-04:00,34.47277990718033,34.555404554711956,32.37044437716248,33.23341369628906,751800,0.0,0.0
2022-08-05 00:00:00-04:00,32.783568859361694,33.49965033251431,32.783568859361694,33.48128890991211,383700,0.0,0.0
2022-08-08 00:00:00-04:00,33.646536089704014,33.94031182864892,33.25177428385621,33.29767608642578,418800,0.0,0.0
2022-08-09 00:00:00-04:00,33.1966934124307,33.43538491143805,32.82947195017572,32.98554229736328,813100,0.0,0.0
2022-08-10 00:00:00-04:00,33.32521359110127,33.94030889910763,33.32521359110127,33.92194747924805,424100,0.0,0.0
2022-08-11 00:00:00-04:00,34.16982228277013,34.61966482373782,33.85768514120601,34.3350715637207,504200,0.0,0.0
2022-08-12 00:00:00-04:00,34.70229166294739,34.85836199465947,34.197364828976426,34.67475128173828,309200,0.0,0.0
2022-08-15 00:00:00-04:00,34.67475006917922,34.85836077567962,34.335072538507376,34.849178314208984,346900,0.0,0.0
2022-08-16 00:00:00-04:00,34.78491339139608,35.106232987581215,34.61048515489519,34.76655197143555,295800,0.0,0.0
2022-08-17 00:00:00-04:00,34.61049868098994,34.858372694204355,34.325901813502846,34.68394088745117,261800,0.0,0.0
2022-08-18 00:00:00-04:00,34.702292931385664,35.09705475286647,34.62885074478257,34.92262649536133,222300,0.0,0.0
2022-08-19 00:00:00-04:00,34.84917908052007,34.84917908052007,34.454417278592665,34.628849029541016,335400,0.0,0.0
2022-08-22 00:00:00-04:00,34.02293565901345,34.06883746048334,33.52718779813948,33.573089599609375,363900,0.0,0.0
2022-08-23 00:00:00-04:00,33.59144635311283,33.83013778884009,33.371112833756335,33.69243240356445,251600,0.0,0.0
2022-08-24 00:00:00-04:00,33.76587630904251,34.10555731474519,33.69243413354103,34.04129409790039,369400,0.0,0.0
2022-08-25 00:00:00-04:00,34.18818344725918,34.83081564383245,33.98621132714597,34.81245422363281,240700,0.0,0.0
2022-08-26 00:00:00-04:00,34.702295587249154,34.71147805007929,33.57309430290052,33.66489791870117,233900,0.0,0.0
2022-08-29 00:00:00-04:00,33.32522330265183,33.67408337748228,33.23341967868349,33.306861877441406,359800,0.0,0.0
2022-08-30 00:00:00-04:00,33.31603874935951,33.31603874935951,32.728487249575146,32.85701370239258,370500,0.0,0.0
2022-08-31 00:00:00-04:00,32.884552805823525,33.27931461103137,32.4622506195352,32.60913848876953,742800,0.0,0.0
2022-09-01 00:00:00-04:00,32.50815238647267,32.682580636596704,32.27863987216488,32.664222717285156,349700,0.0,0.0
2022-09-02 00:00:00-04:00,32.921275231904886,33.06816309927978,32.15929201221557,32.24191665649414,435300,0.0,0.0
2022-09-06 00:00:00-04:00,32.37044261557665,32.599955123776404,31.94814044098901,32.2510986328125,344400,0.0,0.0
2022-09-07 00:00:00-04:00,32.15011222373027,32.48978975163614,32.04912616087322,32.30617904663086,517900,0.0,0.0
2022-09-08 00:00:00-04:00,32.095029968711884,32.315363528913664,31.452394212046734,32.12257385253906,897700,0.0,0.0
2022-09-09 00:00:00-04:00,32.168475314792964,33.00390073896782,31.85633815070109,32.9212760925293,731800,0.0,0.0
2022-09-12 00:00:00-04:00,33.003903687465666,33.820967762973034,33.003903687465666,33.25177764892578,516200,0.0,0.0
2022-09-13 00:00:00-04:00,32.57241361161434,32.71012251258218,31.88387611094077,31.975683212280273,527800,0.0,0.0
2022-09-14 00:00:00-04:00,31.71862855371021,31.929779645137504,30.975010253919095,31.736989974975586,669600,0.0,0.0
2022-09-15 00:00:00-04:00,31.806418364787888,31.97304132493084,30.57526021830884,30.6030330657959,498600,0.285,0.0
2022-09-16 00:00:00-04:00,30.40863405449784,30.40863405449784,29.98282143730236,30.33458137512207,1312100,0.0,0.0
2022-09-19 00:00:00-04:00,30.084647196208817,31.09364012034483,30.04761909063449,31.056612014770508,463300,0.0,0.0
2022-09-20 00:00:00-04:00,30.741879824451978,30.741879824451978,29.38112874107421,29.686603546142578,689700,0.0,0.0
2022-09-21 00:00:00-04:00,29.945794725603847,30.18647388996315,29.38113021850586,29.38113021850586,508000,0.0,0.0
2022-09-22 00:00:00-04:00,29.390389818064303,29.621810210332526,28.973832405742513,29.371875762939453,609700,0.0,0.0
2022-09-23 00:00:00-04:00,29.10342575439123,29.233020594501987,28.529502469220066,29.131195068359375,654200,0.0,0.0
2022-09-26 00:00:00-04:00,28.797948972242366,28.797948972242366,27.770442051351278,28.22402572631836,751600,0.0,0.0
2022-09-27 00:00:00-04:00,28.501735642633086,28.76092534547441,28.066664186125276,28.242544174194336,738400,0.0,0.0
2022-09-28 00:00:00-04:00,28.501736174661747,28.714642510426323,27.974096200605356,28.390653610229492,697500,0.0,0.0
2022-09-29 00:00:00-04:00,28.029636093135636,28.08517648805013,27.316860923609884,27.566795349121094,1076700,0.0,0.0
2022-09-30 00:00:00-04:00,27.714904558929195,28.41842270964747,27.631593082817993,27.742673873901367,1309300,0.0,0.0
2022-10-03 00:00:00-04:00,28.251801020281835,28.909034066095934,28.001866580776152,28.529504776000977,565500,0.0,0.0
2022-10-04 00:00:00-04:00,28.88126217783785,29.538495165121525,28.88126217783785,29.445926666259766,465100,0.0,0.0
2022-10-05 00:00:00-04:00,29.09417059235906,29.89951252979637,29.09417059235906,29.649578094482422,612700,0.0,0.0
2022-10-06 00:00:00-04:00,29.519982714040253,29.742147829602477,29.0478849332659,29.270050048828125,666100,0.0,0.0
2022-10-07 00:00:00-04:00,29.121939284789235,29.41815884933819,28.98308741223034,29.140453338623047,693600,0.0,0.0
2022-10-10 00:00:00-04:00,29.399644272010008,29.584779510259537,29.251535375171454,29.38113021850586,281100,0.0,0.0
2022-10-11 00:00:00-04:00,29.399646472088538,30.20499020381252,29.288563908348266,29.945796966552734,532600,0.0,0.0
2022-10-12 00:00:00-04:00,30.029105972234483,30.242012289119884,29.649576706274484,30.08464813232422,507400,0.0,0.0
2022-10-13 00:00:00-04:00,29.54775510356705,31.05661525100547,29.52924104885064,31.038101196289062,682600,0.0,0.0
2022-10-14 00:00:00-04:00,31.32506572855068,31.32506572855068,29.8717458877583,29.927288055419922,820600,0.0,0.0
2022-10-17 00:00:00-04:00,30.343837421121044,30.769653580530793,29.85322737257723,30.167959213256836,706400,0.0,0.0
2022-10-18 00:00:00-04:00,30.76039897562992,31.269523146599916,30.167963319868825,30.501209259033203,652700,0.0,0.0
2022-10-19 00:00:00-04:00,30.288298413816356,30.445662566589064,29.69586284611635,29.96430778503418,398700,0.0,0.0
2022-10-20 00:00:00-04:00,29.992081184397833,30.491946496888612,29.427414919997094,29.594036102294922,715200,0.0,0.0
2022-10-21 00:00:00-04:00,29.612550124649907,30.482691204085302,29.353358676461387,30.39937973022461,559400,0.0,0.0
2022-10-24 00:00:00-04:00,30.695599618093443,30.973303372885912,30.260528165828518,30.343839645385742,306400,0.0,0.0
2022-10-25 00:00:00-04:00,30.27904256132327,31.334318960136535,30.20498987376885,31.167695999145508,493600,0.0,0.0
2022-10-26 00:00:00-04:00,31.260262148240347,31.500937765032113,30.982558426959265,31.149181365966797,352400,0.0,0.0
2022-10-27 00:00:00-04:00,31.36209180776495,31.565739346935757,31.121412628024636,31.167695999145508,591300,0.0,0.0
2022-10-28 00:00:00-04:00,31.269516576430853,31.667559861109865,30.99181286254171,31.574993133544922,428100,0.0,0.0
2022-10-31 00:00:00-04:00,31.269521590274802,31.362091863877033,30.70485528048324,31.19546890258789,564000,0.0,0.0
2022-11-01 00:00:00-04:00,31.5935105759056,31.84344500458703,30.82519323612254,30.880735397338867,611200,0.0,0.0
2022-11-02 00:00:00-04:00,30.667830449316188,31.047359739968137,29.547754866330678,29.566268920898438,830700,0.0,0.0
2022-11-03 00:00:00-04:00,29.862484560824782,30.140191844378425,28.927547770604555,29.260793685913086,707100,0.0,0.0
2022-11-04 00:00:00-04:00,29.68660756362175,30.482694276029868,29.3626186621349,30.436410903930664,545900,0.0,0.0
2022-11-07 00:00:00-05:00,30.51971612445967,31.649045002994722,30.43640465929613,31.584247589111328,480900,0.0,0.0
2022-11-08 00:00:00-05:00,31.574998405477075,32.121150664165114,31.399116650065483,31.787904739379883,673600,0.0,0.0
2022-11-09 00:00:00-05:00,31.57499446858971,32.037835188372746,31.223234532820157,31.26951789855957,405600,0.0,0.0
2022-11-10 00:00:00-05:00,32.343310972901975,33.76886135833844,32.343310972901975,33.07460021972656,704300,0.0,0.0
2022-11-11 00:00:00-05:00,33.21345565333336,33.41710319710998,32.89872377892047,33.00054931640625,425300,0.0,0.0
2022-11-14 00:00:00-05:00,32.98203159462733,33.2597353279553,32.65804096308258,32.787635803222656,363100,0.0,0.0
2022-11-15 00:00:00-05:00,33.26899079922196,33.481897113825966,32.75061143538423,33.04682922363281,384200,0.0,0.0
2022-11-16 00:00:00-05:00,32.787638564910424,33.01905895070859,32.39885401174303,32.64878845214844,278000,0.0,0.0
2022-11-17 00:00:00-05:00,32.1396569556566,32.63952219089683,31.91749188239891,32.593238830566406,407000,0.0,0.0
2022-11-18 00:00:00-05:00,33.00980243016553,33.02831648406673,32.630273153177775,32.870948791503906,438500,0.0,0.0
2022-11-21 00:00:00-05:00,32.83392290902881,33.14865475044225,32.70432806806937,33.04682922363281,367000,0.0,0.0
2022-11-22 00:00:00-05:00,33.3245300669602,33.509667051348835,33.10236497945499,33.39858627319336,414900,0.0,0.0
2022-11-23 00:00:00-05:00,33.352298785678364,33.58371912925081,33.01905292594297,33.093109130859375,328900,0.0,0.0
2022-11-25 00:00:00-05:00,33.417101836838555,33.55595547888427,33.287506987566445,33.48189926147461,206800,0.0,0.0
2022-11-28 00:00:00-05:00,33.12088576413623,33.31528157941974,32.20446297846463,32.26926040649414,429900,0.0,0.0
2022-11-29 00:00:00-05:00,32.185945760348645,32.824664715815665,32.185945760348645,32.77838134765625,296400,0.0,0.0
2022-11-30 00:00:00-05:00,32.71358255545138,33.23196543822509,31.936009996888068,33.21345138549805,616600,0.0,0.0
2022-12-01 00:00:00-05:00,33.38933226043759,33.59298332553068,33.019058238667384,33.17642593383789,330900,0.0,0.0
2022-12-02 00:00:00-05:00,32.67655819745268,33.27825262090513,32.52844928984521,33.056087493896484,464200,0.0,0.0
2022-12-05 00:00:00-05:00,32.81541292391589,32.81541292391589,32.26000185370083,32.57473373413086,344800,0.0,0.0
2022-12-06 00:00:00-05:00,32.42662005492935,32.519190318621526,31.454655238925678,31.602764129638672,522400,0.0,0.0
2022-12-07 00:00:00-05:00,31.602772749577376,32.519199188523736,31.602772749577376,32.056358337402344,283500,0.0,0.0
2022-12-08 00:00:00-05:00,32.04709790633324,32.556222110327795,32.04709790633324,32.38960266113281,287900,0.0,0.0
2022-12-09 00:00:00-05:00,32.27851095022159,32.565473468973146,32.0563493812222,32.07486343383789,250400,0.0,0.0
2022-12-12 00:00:00-05:00,32.2507455509282,32.482165939918445,31.917499625791066,32.435882568359375,294700,0.0,0.0
2022-12-13 00:00:00-05:00,33.491157874443914,33.62075272302026,32.6117597189968,32.75986862182617,462800,0.0,0.0
2022-12-14 00:00:00-05:00,32.84317743977211,33.22270669322673,32.556214918889054,32.79689407348633,479100,0.0,0.0
2022-12-15 00:00:00-05:00,32.390954264092116,32.390954264092116,31.476430461479623,31.663068771362305,366600,0.285,0.0
2022-12-16 00:00:00-05:00,31.224475752942755,31.54175987759786,30.785879727559536,31.31779670715332,900300,0.0,0.0
2022-12-19 00:00:00-05:00,31.24313772291789,31.616414393565574,30.860530737427585,31.084497451782227,307600,0.0,0.0
2022-12-20 00:00:00-05:00,30.869860484020382,31.579081791613994,30.729880861288773,31.243133544921875,357100,0.0,0.0
2022-12-21 00:00:00-05:00,31.345786608046893,31.793716442954647,31.233805039277424,31.46710205078125,465400,0.0,0.0
2022-12-22 00:00:00-05:00,31.280464611777205,31.36445168068036,30.571239683299435,31.224472045898438,233400,0.0,0.0
2022-12-23 00:00:00-05:00,31.289796719258437,31.700401772906094,31.075163877501797,31.448440551757812,218200,0.0,0.0
2022-12-27 00:00:00-05:00,31.35511847058291,31.663072249693894,31.243136896283485,31.560420989990234,328400,0.0,0.0
2022-12-28 00:00:00-05:00,31.551091789930673,31.60708079914315,30.188634421867242,30.30994987487793,352500,0.0,0.0
2022-12-29 00:00:00-05:00,30.42192939969111,31.243135891068906,30.253955263731335,31.187143325805664,283800,0.0,0.0
2022-12-30 00:00:00-05:00,30.953847905980897,31.09382754644008,30.459259346730683,30.75787925720215,413700,0.0,0.0
2023-01-03 00:00:00-05:00,31.028507679793908,31.12182507595132,30.42193392527928,30.972515106201172,380600,0.0,0.0
2023-01-04 00:00:00-05:00,31.215136294259484,31.681730249151766,31.056492498484836,31.485761642456055,314800,0.0,0.0
2023-01-05 00:00:00-05:00,31.271130404629364,31.271130404629364,30.841864750285506,30.991174697875977,325800,0.0,0.0
2023-01-06 00:00:00-05:00,31.271128311389855,32.21365018482562,31.224469623359205,32.157657623291016,356100,0.0,0.0
2023-01-09 00:00:00-05:00,32.316303017769364,32.39095621031019,31.784386116532666,31.793716430664062,198600,0.0,0.0
2023-01-10 00:00:00-05:00,31.635076614692185,31.65373724321633,30.888523319848645,31.607078552246094,396000,0.0,0.0
2023-01-11 00:00:00-05:00,31.607078993814977,32.717575077502545,31.607078993814977,32.652252197265625,284000,0.0,0.0
2023-01-12 00:00:00-05:00,32.80156325002293,33.016196086570226,32.344299513149046,32.93220901489258,278100,0.0,0.0
2023-01-13 00:00:00-05:00,32.78289996706787,32.91354573554924,32.54026906003372,32.6242561340332,345700,0.0,0.0
2023-01-17 00:00:00-05:00,32.72690402018985,32.79222689768884,32.083005559201254,32.111000061035156,305500,0.0,0.0
2023-01-18 00:00:00-05:00,32.05500952244474,32.40029167941349,31.63507772908988,31.756389617919922,304300,0.0,0.0
2023-01-19 00:00:00-05:00,31.644410292778474,31.887037647513136,31.476436139565894,31.728397369384766,234200,0.0,0.0
2023-01-20 00:00:00-05:00,31.68173550828961,32.6149235729825,31.588414565922346,32.521602630615234,356500,0.0,0.0
2023-01-23 00:00:00-05:00,32.624257922186,32.904213664252055,32.4189589432471,32.782901763916016,393000,0.0,0.0
2023-01-24 00:00:00-05:00,32.540260277475795,32.84821398563448,32.24164044159242,32.278968811035156,382900,0.0,0.0
2023-01-25 00:00:00-05:00,32.12033369003631,32.670914828515095,31.90570084755546,32.6242561340332,275800,0.0,0.0
2023-01-26 00:00:00-05:00,32.77357269361146,33.22150265855518,32.68025528585145,33.19350814819336,236700,0.0,0.0
2023-01-27 00:00:00-05:00,33.01619783427164,33.70675507365995,33.01619783427164,33.4174690246582,522700,0.0,0.0
2023-01-30 00:00:00-05:00,33.268151876663076,33.314810562246585,32.913539458535276,33.034854888916016,557100,0.0,0.0
2023-01-31 00:00:00-05:00,33.1095162436452,33.9773815369961,33.1095162436452,33.958717346191406,390700,0.0,0.0
2023-02-01 00:00:00-05:00,33.73474796987357,34.6772662932138,33.52944546862273,34.43463897705078,724600,0.0,0.0
2023-02-02 00:00:00-05:00,34.7799186706543,35.265176878531676,34.29466046277692,34.7799186706543,860200,0.0,0.0
2023-02-03 00:00:00-05:00,34.518630144511306,34.518630144511306,33.40813400279633,33.59477233886719,671900,0.0,0.0
2023-02-06 00:00:00-05:00,33.1748267842154,33.30547251139283,32.54959264420083,32.64291000366211,575800,0.0,0.0
2023-02-07 00:00:00-05:00,32.614922253521954,33.04418789155524,32.20431724337724,33.01619338989258,482900,0.0,0.0
2023-02-08 00:00:00-05:00,32.79223003111652,33.59477238545295,32.79223003111652,33.20283508300781,372500,0.0,0.0
2023-02-09 00:00:00-05:00,33.60410414719583,33.762747985847135,32.38162993327084,32.44695281982422,352300,0.0,0.0
2023-02-10 00:00:00-05:00,32.40029800367344,33.100189208984375,32.34430542570949,33.100189208984375,275100,0.0,0.0
2023-02-13 00:00:00-05:00,33.26815188925845,33.32414088804805,32.7828937273813,33.2308235168457,328300,0.0,0.0
2023-02-14 00:00:00-05:00,33.03486234788816,33.13751005541698,32.50294538050919,32.51227569580078,318900,0.0,0.0
2023-02-15 00:00:00-05:00,32.27897375061599,32.50294044171628,32.20431700030596,32.42828369140625,338300,0.0,0.0
2023-02-16 00:00:00-05:00,31.95236625007123,32.689582239114,31.85904529208252,32.22298812866211,367100,0.0,0.0
2023-02-17 00:00:00-05:00,32.32562749292395,32.32562749292395,31.812374872488725,32.278968811035156,428400,0.0,0.0
2023-02-21 00:00:00-05:00,31.91503197855762,32.22298218352722,31.261799632480116,31.439104080200195,407400,0.0,0.0
2023-02-22 00:00:00-05:00,31.681734427963672,32.0176826893703,31.513760297260358,31.784385681152344,348000,0.0,0.0
2023-02-23 00:00:00-05:00,32.05500637218899,32.24164468413235,31.7003974953093,32.02701187133789,282200,0.0,0.0
2023-02-24 00:00:00-05:00,31.61641466710984,31.747060435017826,31.36445344621722,31.709732055664062,226300,0.0,0.0
2023-02-27 00:00:00-05:00,32.1856530211092,32.24164201818187,31.373776965261293,31.495092391967773,273500,0.0,0.0
2023-02-28 00:00:00-05:00,31.495098474961818,31.719065185997902,31.32712433164228,31.336458206176758,518000,0.0,0.0
2023-03-01 00:00:00-05:00,31.252470765092458,31.63507774039094,31.11249112737079,31.625743865966797,383800,0.0,0.0
2023-03-02 00:00:00-05:00,31.448442002842416,31.5977519674682,31.028506614885412,31.56975746154785,343400,0.0,0.0
2023-03-03 00:00:00-05:00,31.719064030639903,31.775053036486963,31.50442764212626,31.579084396362305,264100,0.0,0.0
2023-03-06 00:00:00-05:00,31.551086928538236,31.551086928538236,30.74854469506666,30.813867568969727,372700,0.0,0.0
2023-03-07 00:00:00-05:00,30.80453765283223,30.80453765283223,30.225962026867975,30.263290405273438,290000,0.0,0.0
2023-03-08 00:00:00-05:00,30.253954086268248,31.056496357990568,30.169970581386888,31.000507354736328,526700,0.0,0.0
2023-03-09 00:00:00-05:00,31.093828347215748,31.569756289169685,30.58990590038107,30.673892974853516,439200,0.0,0.0
2023-03-10 00:00:00-05:00,30.49658866702217,30.561911551965142,29.61939131799411,30.188634872436523,655000,0.0,0.0
2023-03-13 00:00:00-04:00,29.955333620986693,30.561907249877997,29.871346557906815,30.44059181213379,361400,0.0,0.0
2023-03-14 00:00:00-04:00,31.000507010880337,31.38311395480296,30.188630874401056,30.701887130737305,602600,0.0,0.0
2023-03-15 00:00:00-04:00,30.169974552987373,30.655229257609225,30.113981982532415,30.421932220458984,391600,0.0,0.0
2023-03-16 00:00:00-04:00,30.228938101848073,30.737304777031348,30.05006814625255,30.671405792236328,429300,0.285,0.0
2023-03-17 00:00:00-04:00,30.5960933245141,30.652579712723668,29.833545039813185,29.880615234375,1110800,0.0,0.0
2023-03-20 00:00:00-04:00,30.115971196060457,30.6996513320242,30.115971196060457,30.690235137939453,403600,0.0,0.0
2023-03-21 00:00:00-04:00,30.96324652161397,31.019732911012625,30.17245502616146,30.586681365966797,489800,0.0,0.0
2023-03-22 00:00:00-04:00,30.43605468506091,30.95383402028622,29.94651495340161,29.97475814819336,711600,0.0,0.0
2023-03-23 00:00:00-04:00,30.012412023002977,30.31366736131089,29.40049053995184,29.494632720947266,742400,0.0,0.0
2023-03-24 00:00:00-04:00,29.306348635608494,30.21011106783825,28.99568069231981,30.191282272338867,399300,0.0,0.0
2023-03-27 00:00:00-04:00,30.398397059345182,30.680821824507756,30.078314701167404,30.388980865478516,392700,0.0,0.0
2023-03-28 00:00:00-04:00,30.238355374425254,30.45488115665974,30.1253861817868,30.294841766357422,359100,0.0,0.0
2023-03-29 00:00:00-04:00,30.61492083420171,30.82203399104196,30.38897888208275,30.727890014648438,335400,0.0,0.0
2023-03-30 00:00:00-04:00,31.038560860526545,31.13270124906309,30.73730730773885,30.765548706054688,315400,0.0,0.0
2023-03-31 00:00:00-04:00,31.000904949223084,31.320987315315318,30.92558976133041,31.31157112121582,579300,0.0,0.0
2023-04-03 00:00:00-04:00,31.21743185980686,31.481027844539998,30.916178279761574,31.208019256591797,373200,0.0,0.0
2023-04-04 00:00:00-04:00,31.179771061659398,31.189187255133163,30.812618523145314,31.029144287109375,778400,0.0,0.0
2023-04-05 00:00:00-04:00,31.047978608187584,31.377477205121533,30.897351806831736,31.292749404907227,366600,0.0,0.0
2023-04-06 00:00:00-04:00,31.377471621127086,31.377471621127086,30.935003899725203,31.029144287109375,269400,0.0,0.0
2023-04-10 00:00:00-04:00,30.812619357292228,31.377472470565476,30.812619357292228,31.123289108276367,359000,0.0,0.0
2023-04-11 00:00:00-04:00,31.076215036530428,31.59399795007951,31.019732239580087,31.320985794067383,314000,0.0,0.0
2023-04-12 00:00:00-04:00,31.66931029559598,31.66931029559598,30.887934992335996,30.93500518798828,586800,0.0,0.0
2023-04-13 00:00:00-04:00,30.935007941364212,31.29274792436861,30.850280145158592,31.24567413330078,425100,0.0,0.0
2023-04-14 00:00:00-04:00,31.30215830970406,31.39629870271661,30.285424827284686,30.40781021118164,442100,0.0,0.0
2023-04-17 00:00:00-04:00,30.520779297520317,30.803207658051612,30.294840918566223,30.746721267700195,502400,0.0,0.0
2023-04-18 00:00:00-04:00,30.765547053768973,30.944415218872415,30.577262695582203,30.709060668945312,289400,0.0,0.0
2023-04-19 00:00:00-04:00,30.530196725133766,31.0950462865682,30.332499737754308,31.066804885864258,368000,0.0,0.0
2023-04-20 00:00:00-04:00,31.000905923190025,31.151532712481853,30.426640166756826,30.520780563354492,264800,0.0,0.0
2023-04-21 00:00:00-04:00,30.624336087094452,30.633752281161623,30.01241455247014,30.34191131591797,232200,0.0,0.0
2023-04-24 00:00:00-04:00,30.276011710187205,30.276011710187205,29.607605593964973,29.97475814819336,306200,0.0,0.0
2023-04-25 00:00:00-04:00,29.890029643779652,29.9653430324749,29.673503875732422,29.673503875732422,270900,0.0,0.0
2023-04-26 00:00:00-04:00,29.579364380120385,29.692335371240244,28.892129421345796,29.01451301574707,477300,0.0,0.0
2023-04-27 00:00:00-04:00,29.10865372812249,29.475806288259747,29.005097141165663,29.306350708007812,285400,0.0,0.0
2023-04-28 00:00:00-04:00,29.315763576397792,29.654674719213475,29.249864586542035,29.522876739501953,394000,0.0,0.0
2023-05-01 00:00:00-04:00,29.55112058395582,29.805303962109335,29.447565789444095,29.475807189941406,374400,0.0,0.0
2023-05-02 00:00:00-04:00,29.24986688467452,29.372252271690456,28.666188532424947,28.986270904541016,371300,0.0,0.0
2023-05-03 00:00:00-04:00,29.136897492266847,29.7394046377151,29.099239897869868,29.11806869506836,542600,0.0,0.0
2023-05-04 00:00:00-04:00,27.630627901696126,28.242549447264263,26.180842834842352,28.157821655273438,1858600,0.0,0.0
2023-05-05 00:00:00-04:00,28.35551770191496,28.797983620851845,28.063676759582663,28.195476531982422,594800,0.0,0.0
2023-05-08 00:00:00-04:00,28.08250599150137,28.421417132064523,28.04485019566813,28.214303970336914,453200,0.0,0.0
2023-05-09 00:00:00-04:00,28.044849121324834,28.524970824579718,27.856564762533043,28.449657440185547,588900,0.0,0.0
2023-05-10 00:00:00-04:00,28.750915887473745,28.873299477015237,28.346105729154093,28.628530502319336,459400,0.0,0.0
2023-05-11 00:00:00-04:00,28.32727605195469,28.38376064571012,28.129577280391395,28.251962661743164,376700,0.0,0.0
2023-05-12 00:00:00-04:00,28.327273118395667,28.393172103554676,27.59296629316811,27.94129180908203,468800,0.0,0.0
2023-05-15 00:00:00-04:00,28.054265066037328,28.186064851141357,27.77184028980986,28.157821655273438,356200,0.0,0.0
2023-05-16 00:00:00-04:00,27.884810125722023,28.129577297347378,27.43292798856762,27.49882698059082,468600,0.0,0.0
2023-05-17 00:00:00-04:00,27.56472667578678,27.83773703129341,27.272885728946136,27.734180450439453,437700,0.0,0.0
2023-05-18 00:00:00-04:00,27.621209826138394,27.847149976165806,27.479997456822847,27.818906784057617,382000,0.0,0.0
2023-05-19 00:00:00-04:00,28.073091593639862,28.35551814264675,28.007192604222094,28.214303970336914,402900,0.0,0.0
2023-05-22 00:00:00-04:00,28.195475153999983,28.280202933682986,27.78125065284005,28.14840316772461,276500,0.0,0.0
2023-05-23 00:00:00-04:00,27.997776742850746,28.148403509535687,27.715352004219657,27.818906784057617,399900,0.0,0.0
2023-05-24 00:00:00-04:00,27.658868731439608,27.771839716968138,27.17874698087883,27.310544967651367,345800,0.0,0.0
2023-05-25 00:00:00-04:00,27.244643797007328,27.404684966275518,26.915147060794848,27.301128387451172,333100,0.0,0.0
2023-05-26 00:00:00-04:00,27.30113000452122,27.508241378824543,26.98104764702608,27.49882698059082,629400,0.0,0.0
2023-05-30 00:00:00-04:00,27.630623326774245,27.790664485634554,27.395268787015713,27.715351104736328,813600,0.0,0.0
2023-05-31 00:00:00-04:00,27.71535555455236,27.790668947542468,27.395273185441187,27.602384567260742,1134200,0.0,0.0
2023-06-01 00:00:00-04:00,27.743594313174796,28.026020856707316,27.37644178175655,27.98836326599121,440800,0.0,0.0
2023-06-02 00:00:00-04:00,28.355518418920962,28.57204418500695,28.204889847282004,28.223718643188477,407700,0.0,0.0
2023-06-05 00:00:00-04:00,28.035435805286397,28.280204762912557,27.847151439231574,28.007192611694336,363600,0.0,0.0
2023-06-06 00:00:00-04:00,28.10133471131324,28.487316044528477,28.09192031347716,28.34610366821289,396100,0.0,0.0
2023-06-07 00:00:00-04:00,28.49673333265406,28.845057109853826,28.421419937939543,28.656774520874023,331200,0.0,0.0
2023-06-08 00:00:00-04:00,28.666186929116154,28.7885705136742,28.242547991005928,28.515560150146484,341500,0.0,0.0
2023-06-09 00:00:00-04:00,28.628528681181724,28.666186272868476,28.204889752769756,28.28961753845215,312100,0.0,0.0
2023-06-12 00:00:00-04:00,28.430833422366202,28.882713776120365,28.19547884700096,28.694429397583008,465000,0.0,0.0
2023-06-13 00:00:00-04:00,28.628528859753825,29.09923798509751,28.628528859753825,28.845054626464844,298600,0.0,0.0
2023-06-14 00:00:00-04:00,28.779155636214778,29.15572257736716,28.67559905404307,28.845054626464844,453600,0.0,0.0
2023-06-15 00:00:00-04:00,28.70726843347373,29.372449182044747,28.5267208749096,29.296428680419922,456300,0.285,0.0
2023-06-16 00:00:00-04:00,29.39145484035106,29.514987476149827,28.745279668550157,29.248916625976562,1587300,0.0,0.0
2023-06-20 00:00:00-04:00,29.04935860479761,29.04935860479761,28.39368071302664,28.716768264770508,448800,0.0,0.0
2023-06-21 00:00:00-04:00,28.498208262191618,28.564725964646275,27.94705925438974,27.956562042236328,440100,0.0,0.0
2023-06-22 00:00:00-04:00,27.8520353539362,27.890046508277976,27.51944500333202,27.67148780822754,435800,0.0,0.0
2023-06-23 00:00:00-04:00,27.424423181870864,27.661987480223946,26.939791795733964,27.006309509277344,496000,0.0,0.0
2023-06-26 00:00:00-04:00,27.034814451272727,27.509942987762784,26.99680329836719,27.46242904663086,430000,0.0,0.0
2023-06-27 00:00:00-04:00,27.47193250138532,28.17512253495492,27.443424136014492,28.146615982055664,470800,0.0,0.0
2023-06-28 00:00:00-04:00,28.270151367486054,29.30593184830093,28.108607572887266,29.28692626953125,1062700,0.0,0.0
2023-06-29 00:00:00-04:00,29.191898112410072,29.63852011938094,28.85930956994873,29.572002410888672,651100,0.0,0.0
2023-06-30 00:00:00-04:00,29.81906624660745,29.885585764401785,29.39145164990163,29.838071823120117,1050100,0.0,0.0
2023-07-03 00:00:00-04:00,29.800063312462342,30.037627588071967,29.67652887416125,29.771554946899414,200800,0.0,0.0
2023-07-05 00:00:00-04:00,29.629021126425496,29.72404721321887,29.09687757784318,29.10637855529785,638600,0.0,0.0
2023-07-06 00:00:00-04:00,28.72627475449886,29.391455520263104,28.517218822744958,29.277423858642578,580900,0.0,0.0
2023-07-07 00:00:00-04:00,29.077866448913795,29.572000555963758,28.925825464047882,29.476974487304688,427200,0.0,0.0
2023-07-10 00:00:00-04:00,29.505485068704488,29.809568892436214,29.220408636266203,29.23941421508789,443600,0.0,0.0
2023-07-11 00:00:00-04:00,29.296426654513922,29.98061112182464,29.296426654513922,29.952104568481445,563600,0.0,0.0
2023-07-12 00:00:00-04:00,30.34171046640864,30.389222597944276,29.99961731944281,30.075637817382812,493300,0.0,0.0
2023-07-13 00:00:00-04:00,30.170663833618164,30.341710406764847,30.056632180696496,30.170663833618164,352200,0.0,0.0
2023-07-14 00:00:00-04:00,30.00912044241205,30.32270522646545,29.895088787996425,30.208675384521484,298400,0.0,0.0
2023-07-17 00:00:00-04:00,29.99961997756519,30.20867772477753,29.83807617857011,30.0566349029541,302000,0.0,0.0
2023-07-18 00:00:00-04:00,29.980612040505925,30.655293739885654,29.876084987591902,30.626787185668945,487200,0.0,0.0
2023-07-19 00:00:00-04:00,30.75982232099923,30.788332499895773,30.26568999026911,30.63629150390625,341000,0.0,0.0
2023-07-20 00:00:00-04:00,30.807333142766666,31.006889886784986,30.493750187783235,30.712308883666992,455900,0.0,0.0
2023-07-21 00:00:00-04:00,30.788334961886047,31.04490121786828,30.53176508096025,30.8548526763916,286900,0.0,0.0
2023-07-24 00:00:00-04:00,30.816839773000037,31.130422748633602,30.740817460759555,31.035398483276367,454200,0.0,0.0
2023-07-25 00:00:00-04:00,31.00688923657531,31.329976785659486,30.96887808375528,31.196941375732422,317200,0.0,0.0
2023-07-26 00:00:00-04:00,31.17793898099972,31.405998671307078,30.90236353234686,31.301469802856445,461500,0.0,0.0
2023-07-27 00:00:00-04:00,31.444010565817617,31.501027302204022,30.87385770172757,30.911865234375,420300,0.0,0.0
2023-07-28 00:00:00-04:00,31.120921014172513,31.263461033680382,30.75982228971097,31.05440330505371,618800,0.0,0.0
2023-07-31 00:00:00-04:00,31.054405156314637,31.662569175908878,31.054405156314637,31.472517013549805,545900,0.0,0.0
2023-08-01 00:00:00-04:00,31.234952091104848,31.510527539757707,31.101916667601653,31.301469802856445,692600,0.0,0.0
2023-08-02 00:00:00-04:00,30.959379837786294,31.139927392186195,30.588776502528546,30.617286682128906,557000,0.0,0.0
2023-08-03 00:00:00-04:00,30.474746382789732,31.13042250856229,29.591006946997876,30.902362823486328,699200,0.0,0.0
2023-08-04 00:00:00-04:00,30.987886358782433,31.158932936425327,30.37972054799974,30.522258758544922,777900,0.0,0.0
2023-08-07 00:00:00-04:00,30.62678722161158,30.98788595020135,30.132653073263295,30.208675384521484,581400,0.0,0.0
2023-08-08 00:00:00-04:00,29.87608261723728,30.351211149516942,29.866579829095105,30.313199996948242,442700,0.0,0.0
2023-08-09 00:00:00-04:00,30.265689319995776,30.664797378747405,29.400955494779176,30.370216369628906,452100,0.0,0.0
2023-08-10 00:00:00-04:00,30.446239713443468,30.484250869127063,29.83807390980754,30.06613540649414,261800,0.0,0.0
2023-08-11 00:00:00-04:00,29.999615868018758,30.35121178677533,29.84757487949471,30.01862144470215,319300,0.0,0.0
2023-08-14 00:00:00-04:00,29.895088711416992,30.06613528636645,29.65752442675867,29.7430477142334,313100,0.0,0.0
2023-08-15 00:00:00-04:00,29.467474642561474,29.591007275427316,29.10637590808282,29.172895431518555,396900,0.0,0.0
2023-08-16 00:00:00-04:00,29.08737411233765,29.40095892274222,29.05886574322021,29.077871322631836,314000,0.0,0.0
2023-08-17 00:00:00-04:00,29.08737279046216,29.201402636806204,28.745279626486575,28.83080291748047,312000,0.0,0.0
2023-08-18 00:00:00-04:00,28.56472735141146,28.992343762910608,28.50771243403542,28.66925621032715,350600,0.0,0.0
2023-08-21 00:00:00-04:00,28.58373443519912,28.773786586435765,28.412687861580462,28.63124656677246,489500,0.0,0.0
2023-08-22 00:00:00-04:00,28.821298034112292,28.8308008226958,28.5362216264935,28.602739334106445,292000,0.0,0.0
2023-08-23 00:00:00-04:00,28.783291943917405,29.24891776228167,28.783291943917405,29.220409393310547,260200,0.0,0.0
2023-08-24 00:00:00-04:00,29.172895585081385,29.41045987547302,28.47920647965932,28.5172176361084,651600,0.0,0.0
2023-08-25 00:00:00-04:00,28.688262676376326,28.688262676376326,28.393681667112105,28.507713317871094,571100,0.0,0.0
2023-08-28 00:00:00-04:00,28.55522381176545,29.258415628277742,28.55522381176545,28.688261032104492,302000,0.0,0.0
2023-08-29 00:00:00-04:00,28.50771178772628,28.602737856179665,28.298655887106026,28.49820899963379,437300,0.0,0.0
2023-08-30 00:00:00-04:00,28.555225885773364,28.583734252017656,28.260646684468874,28.40318489074707,441300,0.0,0.0
2023-08-31 00:00:00-04:00,28.49820867366979,28.564726377084877,28.222635072025643,28.41268539428711,633600,0.0,0.0
2023-09-01 00:00:00-04:00,28.56472780270479,28.916323725766897,28.507712884427978,28.612241744995117,355700,0.0,0.0
2023-09-05 00:00:00-04:00,28.2701478662162,28.47920376937578,27.452926205050655,27.55745506286621,960800,0.0,0.0
2023-09-06 00:00:00-04:00,27.614471369536517,28.213134369466527,27.576462027263286,28.17512321472168,609400,0.0,0.0
2023-09-07 00:00:00-04:00,28.118108051290616,28.279651832612384,27.899549350817516,28.04208755493164,491900,0.0,0.0
2023-09-08 00:00:00-04:00,28.04208787434138,28.32716428581676,27.823529171378816,28.12761116027832,510000,0.0,0.0
2023-09-11 00:00:00-04:00,28.21313330006105,28.574230194091797,28.099101652620444,28.574230194091797,572600,0.0,0.0
2023-09-12 00:00:00-04:00,28.55522690146565,28.754781847330477,28.431694268289665,28.564729690551758,529600,0.0,0.0
2023-09-13 00:00:00-04:00,28.64074873336358,28.726272018314923,28.412687244317205,28.507713317871094,547800,0.0,0.0
2023-09-14 00:00:00-04:00,28.809916454603048,29.222444514335074,28.618041491586318,29.19366455078125,564800,0.285,0.0
2023-09-15 00:00:00-04:00,29.04016491489179,29.25122590743759,28.781134267320645,29.03057098388672,3882800,0.0,0.0
2023-09-18 00:00:00-04:00,29.07854068750592,29.241633865417295,28.752354331683172,29.020978927612305,345400,0.0,0.0
2023-09-19 00:00:00-04:00,29.001789506940856,29.097726988181858,28.359010761437975,28.378198623657227,1105000,0.0,0.0
2023-09-20 00:00:00-04:00,28.618042493992466,28.656418219882106,27.965669792711193,28.013639450073242,526500,0.0,0.0
2023-09-21 00:00:00-04:00,27.87932553579491,28.032824775769345,27.60110884953697,27.73542022705078,443200,0.0,0.0
2023-09-22 00:00:00-04:00,27.764201186008833,27.908106490426434,27.399639129638672,27.399639129638672,417100,0.0,0.0
2023-09-25 00:00:00-04:00,27.217361469119336,27.466796368280402,27.17898574318359,27.24614143371582,460600,0.0,0.0
2023-09-26 00:00:00-04:00,27.01589022037801,27.073451974425026,26.85279705903216,27.0446720123291,556200,0.0,0.0
2023-09-27 00:00:00-04:00,27.150203172054862,27.178984965683323,26.603361902101025,26.900768280029297,887200,0.0,0.0
2023-09-28 00:00:00-04:00,26.78564334645034,27.265328935154784,26.718487656808566,27.092641830444336,839300,0.0,0.0
2023-09-29 00:00:00-04:00,27.418828656543727,27.591515764273442,27.198173721047013,27.30370330810547,544200,0.0,0.0
2023-10-02 00:00:00-04:00,27.236545676073963,27.236545676073963,26.296362411949495,26.507423400878906,373000,0.0,0.0
2023-10-03 00:00:00-04:00,26.315551394821462,26.507424530244382,25.950989326763935,26.162052154541016,486300,0.0,0.0
2023-10-04 00:00:00-04:00,26.229210280115694,26.42108526321901,26.018149262586405,26.392303466796875,337800,0.0,0.0
2023-10-05 00:00:00-04:00,26.39230159161223,26.593768662686482,26.238802347977945,26.40189552307129,283200,0.0,0.0
2023-10-06 00:00:00-04:00,26.181240397289706,26.526612778009177,25.941397602136178,26.344331741333008,283700,0.0,0.0
2023-10-09 00:00:00-04:00,26.171644397262636,26.334737558270167,26.1044868828494,26.248394012451172,339500,0.0,0.0
2023-10-10 00:00:00-04:00,26.325144032199795,26.680110321706138,26.325144032199795,26.411487579345703,347300,0.0,0.0
2023-10-11 00:00:00-04:00,26.574584946099744,26.891177392424368,26.449865656115673,26.59377098083496,281800,0.0,0.0
2023-10-12 00:00:00-04:00,26.545799564280518,26.545799564280518,25.883832964141885,25.8934268951416,381700,0.0,0.0
2023-10-13 00:00:00-04:00,25.903022130810296,25.903022130810296,25.41374260431235,25.643991470336914,362600,0.0,0.0
2023-10-16 00:00:00-04:00,25.893427388962092,26.248395523300395,25.701554254874182,26.085302352905273,400000,0.0,0.0
2023-10-17 00:00:00-04:00,25.903022638304712,26.296364687534986,25.835866946463746,25.864646911621094,482100,0.0,0.0
2023-10-18 00:00:00-04:00,25.672770312123113,25.701552103261694,25.193084772277437,25.23145866394043,295200,0.0,0.0
2023-10-19 00:00:00-04:00,25.029994262439505,25.394554506137947,24.66543218888575,24.75177574157715,479000,0.0,0.0
2023-10-20 00:00:00-04:00,24.780558802394594,24.88609022326829,24.463966369628906,24.463966369628906,424200,0.0,0.0
2023-10-23 00:00:00-04:00,24.300870492731903,24.550307204503266,24.080215573422496,24.13777732849121,450000,0.0,0.0
2023-10-24 00:00:00-04:00,24.18574738826929,24.32965453402546,23.84037499607844,24.28168487548828,583400,0.0,0.0
2023-10-25 00:00:00-04:00,24.070623512676043,24.195340963323567,23.84037464465769,24.128185272216797,506600,0.0,0.0
2023-10-26 00:00:00-04:00,24.176155462918096,24.598277481994817,24.176155462918096,24.358434677124023,411200,0.0,0.0
2023-10-27 00:00:00-04:00,24.454369726151942,24.454369726151942,23.86915275507854,24.13777732849121,481600,0.0,0.0
2023-10-30 00:00:00-04:00,24.329654725443646,24.435184315344976,23.93631267162092,24.339248657226562,519800,0.0,0.0
2023-10-31 00:00:00-04:00,24.492747565748587,24.531121462491722,24.051435859142707,24.214529037475586,634200,0.0,0.0
2023-11-01 00:00:00-04:00,24.25290266848384,24.25290266848384,23.830778861651133,24.13777732849121,609400,0.0,0.0
2023-11-02 00:00:00-04:00,26.593769111384848,28.62763686863814,26.142865304333267,27.40923500061035,1152600,0.0,0.0
2023-11-03 00:00:00-04:00,27.706638552734898,28.76194720449745,27.58192110591405,28.58926010131836,812600,0.0,0.0
2023-11-06 00:00:00-05:00,28.464544947979807,28.86748094457847,28.243890000518867,28.733169555664062,662000,0.0,0.0
2023-11-07 00:00:00-05:00,28.637230258236926,28.704385948457013,27.936889731862703,27.9848575592041,612800,0.0,0.0
2023-11-08 00:00:00-05:00,27.975264105627073,28.07120159180396,27.32289139545068,27.370861053466797,657200,0.0,0.0
2023-11-09 00:00:00-05:00,27.629891090376443,27.629891090376443,26.958332317608345,27.083049774169922,428200,0.0,0.0
2023-11-10 00:00:00-05:00,27.31329933588845,27.46679859235009,26.929551194734337,27.361268997192383,393800,0.0,0.0
2023-11-13 00:00:00-05:00,27.111829809098285,27.351672604476164,27.054268050567078,27.150203704833984,306300,0.0,0.0
2023-11-14 00:00:00-05:00,27.984857579761407,28.934634834690307,27.76420264606037,28.790729522705078,567500,0.0,0.0
2023-11-15 00:00:00-05:00,28.752352835778762,29.318381963207248,28.752352835778762,29.184070587158203,548100,0.0,0.0
2023-11-16 00:00:00-05:00,29.145693817193195,29.577411553086826,28.915444968001655,29.548629760742188,496400,0.0,0.0
2023-11-17 00:00:00-05:00,29.740506817381803,29.759694680300232,29.54863184790818,29.625381469726562,543600,0.0,0.0
2023-11-20 00:00:00-05:00,29.711724477742067,30.06669261579739,29.356758169542033,29.395132064819336,1151700,0.0,0.0
2023-11-21 00:00:00-05:00,29.241633195607214,29.596601338173535,28.915446847256106,29.52944564819336,509000,0.0,0.0
2023-11-22 00:00:00-05:00,29.82684898376465,30.02831604547431,29.71172364146253,29.82684898376465,456600,0.0,0.0
2023-11-24 00:00:00-05:00,29.80766100341989,29.951566308334893,29.615787873484965,29.769287109375,187800,0.0,0.0
2023-11-27 00:00:00-05:00,29.596599665165467,29.778880691847355,29.433506500209084,29.644567489624023,422300,0.0,0.0
2023-11-28 00:00:00-05:00,29.587009222762767,29.61579101874455,29.28960465037274,29.50066566467285,372200,0.0,0.0
2023-11-29 00:00:00-05:00,29.721319051173392,29.788474741751084,29.41432056290091,29.654163360595703,642700,0.0,0.0
2023-11-30 00:00:00-05:00,29.67335071287846,29.865223849818832,29.30878864193775,29.433507919311523,680200,0.0,0.0
2023-12-01 00:00:00-05:00,29.481477463588437,30.2010058862069,29.433509634022702,30.16263198852539,496400,0.0,0.0
2023-12-04 00:00:00-05:00,30.037910655783605,30.277753446969673,29.826849658287767,30.095474243164062,451800,0.0,0.0
2023-12-05 00:00:00-05:00,29.89400609346354,30.076287131675787,29.519851915424745,29.63497543334961,568900,0.0,0.0
2023-12-06 00:00:00-05:00,29.894007337179396,29.951569098536638,29.270416404552304,29.33757209777832,469500,0.0,0.0
2023-12-07 00:00:00-05:00,29.414320512210942,29.702131137006575,29.12650988741531,29.61578941345215,365700,0.0,0.0
2023-12-08 00:00:00-05:00,29.615788743784776,30.229785705388032,29.529445192327408,30.143442153930664,562400,0.0,0.0
2023-12-11 00:00:00-05:00,30.03791040934956,30.815000534057617,30.028316478198196,30.815000534057617,719800,0.0,0.0
2023-12-12 00:00:00-05:00,30.767031985046913,30.77662774582802,30.316128210661734,30.488815307617188,551300,0.0,0.0
2023-12-13 00:00:00-05:00,30.55597329872281,31.803156965319772,30.55597329872281,31.457782745361328,744300,0.0,0.0
2023-12-14 00:00:00-05:00,31.946507323362187,33.00139068076,31.646497030135983,32.99171447753906,806400,0.285,0.0
2023-12-15 00:00:00-05:00,32.78848211290935,33.10784851537425,32.03360902274086,32.16910171508789,1281800,0.0,0.0
2023-12-18 00:00:00-05:00,32.33362571789521,32.33362571789521,31.859410484580472,31.90780258178711,310900,0.0,0.0
2023-12-19 00:00:00-05:00,32.21749283249533,32.64331596894627,32.19813673195683,32.227169036865234,496000,0.0,0.0
2023-12-20 00:00:00-05:00,32.17878029864835,32.265880904271526,31.414230948378112,31.491655349731445,1150600,0.0,0.0
2023-12-21 00:00:00-05:00,31.7432755635994,31.7432755635994,31.210995754212824,31.694887161254883,585400,0.0,0.0
2023-12-22 00:00:00-05:00,31.869086671272566,32.11103236194922,31.569072685786143,31.89811897277832,308100,0.0,0.0
2023-12-26 00:00:00-05:00,31.994899748974042,32.22716554668443,31.820698554792106,32.20780944824219,333000,0.0,0.0
2023-12-27 00:00:00-05:00,32.34330031425623,32.48846921506145,32.120710707007134,32.32394790649414,436100,0.0,0.0
2023-12-28 00:00:00-05:00,32.343417850156385,32.80101333276773,32.275265252447504,32.79127883911133,634700,0.2,0.0
2023-12-29 00:00:00-05:00,32.596553013569974,32.820483490693945,32.392095236287794,32.52840042114258,617500,0.0,0.0
2024-01-02 00:00:00-05:00,32.27526847237123,33.1515178363488,32.09027964810208,33.122310638427734,596800,0.0,0.0
2024-01-03 00:00:00-05:00,32.499198353481354,32.849699577831686,32.14869712913102,32.26552963256836,891900,0.0,0.0
2024-01-04 00:00:00-05:00,32.18763822671957,32.3239434148254,31.759246248058023,31.778718948364258,802200,0.0,0.0
2024-01-05 00:00:00-05:00,31.46716452149446,32.022123504897785,31.369804729824327,31.82740020751953,560600,0.0,0.0
2024-01-08 00:00:00-05:00,31.730040890181716,32.10001478932733,31.622942889320772,31.720306396484375,653300,0.0,0.0
2024-01-09 00:00:00-05:00,31.330861231914092,31.58399893406561,31.223763226144456,31.233501434326172,459800,0.0,0.0
2024-01-10 00:00:00-05:00,31.291916607249377,31.515847118513875,31.155611401613445,31.301654815673828,376700,0.0,0.0
2024-01-11 00:00:00-05:00,31.360066618222763,31.42821921540806,30.999830931095065,31.321121215820312,402500,0.0,0.0
2024-01-12 00:00:00-05:00,31.759248814773013,31.94423762561375,31.058248260265334,31.22376251220703,350800,0.0,0.0
2024-01-16 00:00:00-05:00,30.844052061315324,31.204287737064995,30.824579360729143,30.88299560546875,499200,0.0,0.0
2024-01-17 00:00:00-05:00,30.48381812477648,30.649332385247156,30.04569345201468,30.23067855834961,533100,0.0,0.0
2024-01-18 00:00:00-05:00,30.25988553118799,30.54223413251806,30.035955034489746,30.425399780273438,804700,0.0,0.0
2024-01-19 00:00:00-05:00,30.444872920690788,30.659067069704744,30.143051613465914,30.629858016967773,549100,0.0,0.0
2024-01-22 00:00:00-05:00,30.78563681672078,30.97062190724237,30.600649869180184,30.756427764892578,581200,0.0,0.0
2024-01-23 00:00:00-05:00,30.990095004509126,30.990095004509126,30.240412711175544,30.36698341369629,1045400,0.0,0.0
2024-01-24 00:00:00-05:00,30.69801390810394,30.69801390810394,30.045693222642818,30.113845825195312,974400,0.0,0.0
2024-01-25 00:00:00-05:00,30.551969232976738,30.639594534645525,30.084635528755918,30.123580932617188,1853000,0.0,0.0
2024-01-26 00:00:00-05:00,30.13331778021662,30.28909568419097,29.97753987624227,30.074899673461914,606500,0.0,0.0
2024-01-29 00:00:00-05:00,29.997009600071962,30.250149148821734,29.90938430023477,30.143051147460938,805000,0.0,0.0
2024-01-30 00:00:00-05:00,29.93859443860167,30.18199764541957,29.812025588144763,30.045692443847656,395300,0.0,0.0
2024-01-31 00:00:00-05:00,30.094373652499858,30.279360617699833,29.45178930708855,29.500469207763672,709100,0.0,0.0
2024-02-01 00:00:00-05:00,29.89964910395821,31.64241696021295,29.72440035453615,31.515846252441406,1525200,0.0,0.0
2024-02-02 00:00:00-05:00,30.999833601194556,31.681363345787492,30.882999240942937,31.6716251373291,1733700,0.0,0.0
2024-02-05 00:00:00-05:00,31.262708571460244,32.10975069378979,31.087457964904036,31.798194885253906,772900,0.0,0.0
2024-02-06 00:00:00-05:00,31.90529391378088,32.382362136005696,31.730043301605715,32.26552963256836,767700,0.0,0.0
2024-02-07 00:00:00-05:00,32.44077905632924,32.44077905632924,31.778722037707162,32.022125244140625,483000,0.0,0.0
2024-02-08 00:00:00-05:00,31.876088026221748,32.25579646352408,31.876088026221748,32.002655029296875,346000,0.0,0.0
2024-02-09 00:00:00-05:00,31.8663437175683,32.109746896328254,31.730038531708768,32.08053970336914,295600,0.0,0.0
2024-02-12 00:00:00-05:00,32.13895753160226,32.39209894448703,31.895554326772064,32.18764114379883,641000,0.0,0.0
2024-02-13 00:00:00-05:00,31.447693672141487,31.98317998593515,31.029041715058334,31.798194885253906,550600,0.0,0.0
2024-02-14 00:00:00-05:00,31.94424117770069,32.27526971839328,31.71057244319593,32.236324310302734,524200,0.0,0.0
2024-02-15 00:00:00-05:00,32.61603109791311,32.71339089915721,32.43104598993397,32.664710998535156,443700,0.0,0.0
2024-02-16 00:00:00-05:00,32.2071128569154,32.888638838282425,32.10001485583257,32.625762939453125,1197700,0.0,0.0
2024-02-20 00:00:00-05:00,32.32394288955952,32.86916363312297,32.32394288955952,32.645233154296875,461100,0.0,0.0
2024-02-21 00:00:00-05:00,32.732863592559404,32.87890700842083,32.20711546634263,32.382362365722656,629200,0.0,0.0
2024-02-22 00:00:00-05:00,32.499196019412594,32.596555812945006,32.129222118720904,32.34341812133789,370300,0.0,0.0
2024-02-23 00:00:00-05:00,32.343420455782834,32.80101597525865,32.17790433798564,32.54787826538086,429400,0.0,0.0
2024-02-26 00:00:00-05:00,32.35315478574933,32.63550340559026,31.992919068664392,32.48945999145508,461600,0.0,0.0
2024-02-27 00:00:00-05:00,32.76207297032371,32.888639963170526,32.372626355618294,32.810752868652344,622100,0.0,0.0
2024-02-28 00:00:00-05:00,32.567349496408575,33.531224106115666,32.567349496408575,32.75233459472656,1073900,0.0,0.0
2024-02-29 00:00:00-05:00,33.083361697495,33.70647328016578,32.82048580217364,33.521488189697266,892400,0.0,0.0
2024-03-01 00:00:00-05:00,33.33650387743989,33.80383757535247,33.083362469796775,33.58964157104492,847100,0.0,0.0
2024-03-04 00:00:00-05:00,33.70647811052748,34.35880069551922,33.49228579456297,34.271175384521484,668800,0.0,0.0
2024-03-05 00:00:00-05:00,34.11539285534367,34.31985064869014,33.297557967919744,33.92066955566406,848700,0.0,0.0
2024-03-06 00:00:00-05:00,34.164073708401546,34.22249181415263,33.91093601155642,34.0472412109375,622200,0.0,0.0
2024-03-07 00:00:00-05:00,34.280906734467095,34.280906734467095,33.63832241744919,33.71621322631836,472000,0.0,0.0
2024-03-08 00:00:00-05:00,33.910933778127955,34.25169675413745,33.85251567622438,34.18354415893555,681600,0.0,0.0
2024-03-11 00:00:00-04:00,34.08618194626701,34.21275264816446,33.76489165872798,33.92066955566406,356200,0.0,0.0
2024-03-12 00:00:00-04:00,33.7843650432914,33.86225213631547,33.29755864126714,33.6480598449707,652200,0.0,0.0
2024-03-13 00:00:00-04:00,33.61370105369627,33.967112971810224,32.94613896683528,33.21120071411133,540600,0.285,0.0
2024-03-14 00:00:00-04:00,33.073755994978214,33.1130252313586,32.38656308292397,32.73997497558594,397200,0.0,0.0
2024-03-15 00:00:00-04:00,32.43564927850933,32.789064932681576,32.37674542117374,32.4650993347168,1127600,0.0,0.0
2024-03-18 00:00:00-04:00,32.396384442963004,32.69089627982388,32.25894583542267,32.43565368652344,387100,0.0,0.0
2024-03-19 00:00:00-04:00,32.200037200817285,32.48473355708124,32.0036947570173,32.28839111328125,1104200,0.0,0.0
2024-03-20 00:00:00-04:00,32.27857592019501,32.690891684861775,32.180402825092926,32.474918365478516,434200,0.0,0.0
2024-03-21 00:00:00-04:00,32.6221752486743,32.81851771115874,32.46510202767095,32.52400588989258,699800,0.0,0.0
2024-03-22 00:00:00-04:00,32.573089599609375,32.67125895546868,32.298212407266625,32.573089599609375,703900,0.0,0.0
2024-03-25 00:00:00-04:00,32.690892827166934,32.95595457582352,32.553454234142215,32.61235809326172,307900,0.0,0.0
2024-03-26 00:00:00-04:00,32.798881515556914,32.995223968613836,32.56326982290445,32.6025390625,624300,0.0,0.0
2024-03-27 00:00:00-04:00,32.91668550468216,33.063943280773316,32.59272364017075,32.79888153076172,664600,0.0,0.0
2024-03-28 00:00:00-04:00,32.88723874804948,33.063946599125224,32.48473836391497,32.631996154785156,699400,0.0,0.0
2024-04-01 00:00:00-04:00,32.62217449835273,32.62217449835273,31.84662384908368,31.87607765197754,534200,0.0,0.0
2024-04-02 00:00:00-04:00,31.473577272551026,31.61101586954001,31.228148264061417,31.385221481323242,620300,0.0,0.0
2024-04-03 00:00:00-04:00,31.32631890662528,31.640465335269,31.19869762216142,31.512842178344727,563700,0.0,0.0
2024-04-04 00:00:00-04:00,31.748452949217427,31.895710721765585,31.169244786073097,31.36558723449707,398300,0.0,0.0
2024-04-05 00:00:00-04:00,31.395037291038417,31.59137973946239,31.247781390950614,31.36558723449707,423000,0.0,0.0
2024-04-08 00:00:00-04:00,31.522659894895295,31.65028304588485,31.32631744989305,31.493209838867188,269400,0.0,0.0
2024-04-09 00:00:00-04:00,31.689548146201727,31.934975263182647,31.444121029220806,31.90552520751953,232400,0.0,0.0
2024-04-10 00:00:00-04:00,31.169246882117942,31.3655893437454,30.413330839050865,30.766746520996094,328600,0.0,0.0
2024-04-11 00:00:00-04:00,30.923817826931366,31.33613547285553,30.668573391601132,31.159427642822266,354900,0.0,0.0
2024-04-12 00:00:00-04:00,31.110342025756836,31.228145993909138,30.85509759814643,31.110342025756836,460800,0.0,0.0
2024-04-15 00:00:00-04:00,31.100525824704278,31.277233655690612,30.403511810531555,30.560585021972656,484900,0.0,0.0
2024-04-16 00:00:00-04:00,30.25625725014609,30.305343801185217,29.706500985731118,30.001012802124023,502800,0.0,0.0
2024-04-17 00:00:00-04:00,30.040281498403374,30.167902783870733,29.637781149481135,29.735952377319336,411800,0.0,0.0
2024-04-18 00:00:00-04:00,29.942109100089585,30.069730380568068,29.647597300548256,29.69668197631836,313300,0.0,0.0
2024-04-19 00:00:00-04:00,29.65741274781756,29.84393788623601,29.343266328877238,29.79485321044922,414700,0.0,0.0
2024-04-22 00:00:00-04:00,29.804669753643815,30.030462252393164,29.529790707909626,29.93229103088379,352400,0.0,0.0
2024-04-23 00:00:00-04:00,29.98137835899443,30.285707468388114,29.893024444580078,29.893024444580078,323200,0.0,0.0
2024-04-24 00:00:00-04:00,29.696683323631763,29.951927768629307,29.549427417180226,29.72613525390625,281500,0.0,0.0
2024-04-25 00:00:00-04:00,29.333449588062294,29.66723063277416,28.970218486291397,29.569061279296875,301700,0.0,0.0
2024-04-26 00:00:00-04:00,29.745766454813662,29.775218383556613,29.36290074345704,29.608327865600586,234400,0.0,0.0
2024-04-29 00:00:00-04:00,29.86357248516019,29.94210908984169,29.362900928143006,29.5985107421875,311300,0.0,0.0
2024-04-30 00:00:00-04:00,29.32363527929341,29.519975866265145,29.1076581994259,29.117475509643555,311700,0.0,0.0
2024-05-01 00:00:00-04:00,29.26473086161527,29.834121736191,29.09784033600891,29.245098114013672,452800,0.0,0.0
2024-05-02 00:00:00-04:00,28.96040115392647,29.22546290201392,28.09649848575971,28.881864547729492,864300,0.0,0.0
2024-05-03 00:00:00-04:00,29.225464071523447,29.559245129332552,28.577536576355293,28.82296371459961,447300,0.0,0.0
2024-05-06 00:00:00-04:00,29.107656290392878,29.480706564355366,28.940765772559203,29.411985397338867,413400,0.0,0.0
2024-05-07 00:00:00-04:00,29.55924298192667,29.82430284890463,29.097838797172532,29.127290725708008,545800,0.0,0.0
2024-05-08 00:00:00-04:00,29.00948544062742,29.274547185151413,28.940766145186466,29.09783935546875,385200,0.0,0.0
2024-05-09 00:00:00-04:00,29.20582732934228,29.294181242488378,29.078206050609214,29.127290725708008,330900,0.0,0.0
2024-05-10 00:00:00-04:00,29.17637749848903,29.284366038422785,28.980036911517292,29.117475509643555,312200,0.0,0.0
2024-05-13 00:00:00-04:00,29.313818137579013,29.51015872567936,29.08802374619592,29.500341415405273,423300,0.0,0.0
2024-05-14 00:00:00-04:00,29.745767239032222,29.893025014168938,29.519974730097843,29.569061279296875,319300,0.0,0.0
2024-05-15 00:00:00-04:00,29.991194941886363,29.991194941886363,29.569061845454456,29.637781143188477,324700,0.0,0.0
2024-05-16 00:00:00-04:00,29.57887669006073,29.873390367608756,29.529792013366258,29.6672306060791,682900,0.0,0.0
2024-05-17 00:00:00-04:00,29.74576819354019,29.94211065171595,29.51015836720555,29.814489364624023,303700,0.0,0.0
2024-05-20 00:00:00-04:00,29.726135998385676,29.78503798794938,29.382537626419836,29.588695526123047,346000,0.0,0.0
2024-05-21 00:00:00-04:00,29.55924375718128,29.706499658800105,29.470889841717916,29.677047729492188,358500,0.0,0.0
2024-05-22 00:00:00-04:00,29.549427394307642,29.71631792081299,29.186194411045257,29.333450317382812,402800,0.0,0.0
2024-05-23 00:00:00-04:00,29.323633739883164,29.323633739883164,28.77387563131798,28.803327560424805,347200,0.0,0.0
2024-05-24 00:00:00-04:00,28.91131704398303,29.029121019357646,28.75424382850992,28.950584411621094,256000,0.0,0.0
2024-05-28 00:00:00-04:00,29.07820738921245,29.097840136679558,28.42046260132379,28.567718505859375,352000,0.0,0.0
2024-05-29 00:00:00-04:00,28.351741045104077,28.440094961113125,28.125948536396688,28.391010284423828,237000,0.0,0.0
2024-05-30 00:00:00-04:00,28.63643705930413,29.03893739506117,28.54808314438572,28.999670028686523,441900,0.0,0.0
2024-05-31 00:00:00-04:00,29.137109000546943,29.588694018290166,29.029120464799483,29.470890045166016,1042300,0.0,0.0
2024-06-03 00:00:00-04:00,29.608329586210814,29.893025963222676,29.362902449804917,29.618146896362305,580900,0.0,0.0
2024-06-04 00:00:00-04:00,29.56906125269015,29.883207677439728,29.451255407178863,29.6672306060791,636200,0.0,0.0
2024-06-05 00:00:00-04:00,29.765402213297303,29.80467145312433,29.451255784522726,29.74576759338379,382200,0.0,0.0
2024-06-06 00:00:00-04:00,29.814488783993816,30.05009860574001,29.686865626926867,30.040281295776367,377000,0.0,0.0
2024-06-07 00:00:00-04:00,29.696681210174134,29.951925637006404,29.451254092734676,29.83411979675293,345900,0.0,0.0
2024-06-10 00:00:00-04:00,29.559243748289003,29.696682340097173,29.156743410170467,29.578876495361328,446700,0.0,0.0
2024-06-11 00:00:00-04:00,29.402171120993444,29.588694392878097,29.08802281961107,29.451255798339844,464500,0.0,0.0
2024-06-12 00:00:00-04:00,30.089365368449357,30.108999987982063,29.441437903553158,29.578876495361328,460800,0.0,0.0
2024-06-13 00:00:00-04:00,29.66722965269442,29.66722965269442,29.36290054755572,29.519973754882812,376700,0.0,0.0
2024-06-14 00:00:00-04:00,29.425820967909353,29.752884575175347,29.23751104542979,29.74297332763672,300300,0.285,0.0
2024-06-17 00:00:00-04:00,29.584397808495368,29.861905184265925,29.29697729458761,29.733062744140625,436500,0.0,0.0
2024-06-18 00:00:00-04:00,29.733063521919266,29.941194059191613,29.66368667616182,29.891639709472656,504700,0.0,0.0
2024-06-20 00:00:00-04:00,29.782616974032624,29.921372551742895,29.505109599366506,29.5645751953125,607500,0.0,0.0
2024-06-21 00:00:00-04:00,29.67359679135834,30.079948492748123,29.663685543717467,29.85199546813965,925300,0.0,0.0
2024-06-24 00:00:00-04:00,29.87181682376914,30.446655968745958,29.742974381954184,29.81235122680664,504400,0.0,0.0
2024-06-25 00:00:00-04:00,29.7429745419843,29.7429745419843,29.455554022760822,29.554664611816406,586200,0.0,0.0
2024-06-26 00:00:00-04:00,29.31679945160567,29.336621946896756,28.56356164393932,28.603206634521484,1025100,0.0,0.0
2024-06-27 00:00:00-04:00,28.603206532556328,28.801425813628946,28.41489660871673,28.632938385009766,1006900,0.0,0.0
2024-06-28 00:00:00-04:00,28.80142584880786,28.979824525255147,28.54373908175924,28.831159591674805,1073500,0.0,0.0
2024-07-01 00:00:00-04:00,28.73204985962819,28.73204985962819,27.849969589179423,27.93916893005371,504700,0.0,0.0
2024-07-02 00:00:00-04:00,27.978810973090997,27.98872222063296,27.57245927575651,27.86979103088379,372800,0.0,0.0
2024-07-03 00:00:00-04:00,27.840057645529928,28.216675605071682,27.681481463577907,27.750858306884766,233800,0.0,0.0
2024-07-05 00:00:00-04:00,27.750858769156785,27.750858769156785,27.443617647803887,27.60219383239746,936700,0.0,0.0
2024-07-08 00:00:00-04:00,27.6418364387547,27.75085827260349,27.48326025699857,27.552637100219727,675900,0.0,0.0
2024-07-09 00:00:00-04:00,27.463437471792826,27.59228179959541,27.225573201669423,27.44361686706543,733800,0.0,0.0
2024-07-10 00:00:00-04:00,27.44361737628636,27.72112475139094,27.156196863068374,27.69139289855957,474100,0.0,0.0
2024-07-11 00:00:00-04:00,28.04818826162592,28.77169422067928,27.691392796326248,27.72112464904785,1692000,0.0,0.0
2024-07-12 00:00:00-04:00,27.830146414449928,28.692406058408082,27.44361720700862,28.57347297668457,1356000,0.0,0.0
2024-07-15 00:00:00-04:00,28.60320758518467,28.860894361401687,28.414897654415068,28.702316284179688,595300,0.0,0.0
2024-07-16 00:00:00-04:00,28.89062546050025,29.148312229988043,28.494185003741034,28.741960525512695,2713400,0.0,0.0
2024-07-17 00:00:00-04:00,28.712226862931292,29.72315144828687,28.692406257820622,29.33662223815918,830200,0.0,0.0
2024-07-18 00:00:00-04:00,29.187958436176572,29.78261820088715,29.187958436176572,29.376266479492188,629800,0.0,0.0
2024-07-19 00:00:00-04:00,29.296977593445153,29.296977593445153,28.95009147981616,29.01947021484375,368700,0.0,0.0
2024-07-22 00:00:00-04:00,29.03929008879551,29.287065607950343,28.81133706486359,29.257333755493164,367100,0.0,0.0
2024-07-23 00:00:00-04:00,29.257333598142903,29.257333598142903,28.613117629880467,28.890625,545900,0.0,0.0
2024-07-24 00:00:00-04:00,28.989736368753036,29.495198665617586,28.87080328521781,29.04920196533203,418500,0.0,0.0
2024-07-25 00:00:00-04:00,29.049202183442752,29.63395257692887,28.890625997789964,29.187957763671875,539400,0.0,0.0
2024-07-26 00:00:00-04:00,29.38617616241582,29.762796009741603,29.316799319586647,29.683507919311523,533600,0.0,0.0
2024-07-29 00:00:00-04:00,29.604220271719758,29.891638894936747,29.346533501373052,29.534841537475586,405100,0.0,0.0
2024-07-30 00:00:00-04:00,29.653775155515657,30.12950371380213,29.43573337222867,29.980838775634766,413200,0.0,0.0
2024-07-31 00:00:00-04:00,29.911462318206524,30.46647897673448,29.911462318206524,30.06012725830078,560800,0.0,0.0
2024-08-01 00:00:00-04:00,30.238525318314547,30.575500183772835,29.990749793146822,30.46647834777832,664800,0.0,0.0
2024-08-02 00:00:00-04:00,30.407012056083275,31.06113927634564,30.278167727329574,30.902563095092773,1844700,0.0,0.0
2024-08-05 00:00:00-04:00,30.47639025126834,30.833187620106358,30.179060370821514,30.25834846496582,1019300,0.0,0.0
2024-08-06 00:00:00-04:00,30.18896976323355,30.83318765557147,30.109681668998046,30.654788970947266,781100,0.0,0.0
2024-08-07 00:00:00-04:00,30.77371926489477,31.110694128110634,30.28807946564302,30.32772445678711,685800,0.0,0.0
2024-08-08 00:00:00-04:00,28.444630237599647,29.693417185448403,28.444630237599647,29.08884620666504,969400,0.0,0.0
2024-08-09 00:00:00-04:00,29.05911409303938,29.25733527480762,28.712227970133604,29.17804718017578,592000,0.0,0.0
2024-08-12 00:00:00-04:00,29.039291153819075,29.039291153819075,28.484274499862483,28.702316284179688,601000,0.0,0.0
2024-08-13 00:00:00-04:00,28.93027048445027,29.10866916279024,28.761783053837764,28.940181732177734,422000,0.0,0.0
2024-08-14 00:00:00-04:00,28.930270451364777,28.99964729500049,28.603206838241274,28.741960525512695,452200,0.0,0.0
2024-08-15 00:00:00-04:00,28.88071453304385,29.29697748985129,28.73204959640774,29.04920196533203,573600,0.0,0.0
2024-08-16 00:00:00-04:00,28.999648580759946,29.17804726680557,28.811338646558752,29.148313522338867,430800,0.0,0.0
2024-08-19 00:00:00-04:00,29.128490203561174,29.56457565820644,29.069024606684124,29.415910720825195,414700,0.0,0.0
2024-08-20 00:00:00-04:00,29.386176364778994,29.47537570342424,29.059112753205483,29.197866439819336,311200,0.0,0.0
2024-08-21 00:00:00-04:00,29.168134877234948,29.227600473464033,28.930270601941377,29.10866928100586,447700,0.0,0.0
2024-08-22 00:00:00-04:00,29.12849080170921,29.187958290184653,28.692407228486285,28.811338424682617,456700,0.0,0.0
2024-08-23 00:00:00-04:00,28.979825348372415,30.27816857773762,28.831160410569524,30.208791732788086,892700,0.0,0.0
2024-08-26 00:00:00-04:00,30.387190414302456,30.387190414302456,29.970927454228015,30.208791732788086,367300,0.0,0.0
2024-08-27 00:00:00-04:00,29.941193783922266,30.109681217945884,29.75288574441965,29.980838775634766,836600,0.0,0.0
2024-08-28 00:00:00-04:00,30.040303723493352,30.35745608882896,30.000660623015005,30.188968658447266,919800,0.0,0.0
2024-08-29 00:00:00-04:00,30.11959127350898,30.506122365894964,30.06012567867159,30.367366790771484,515300,0.0,0.0
2024-08-30 00:00:00-04:00,30.496211239676036,30.575499329900367,30.25834696900305,30.53585433959961,743300,0.0,0.0
2024-09-03 00:00:00-04:00,30.35745738806299,31.100783985022563,30.35745738806299,30.59532356262207,514200,0.0,0.0
2024-09-04 00:00:00-04:00,30.65478866783162,30.902564196164725,30.38719064354133,30.545766830444336,445900,0.0,0.0
2024-09-05 00:00:00-04:00,30.6646992164731,30.833186647512186,30.258347510504226,30.35745620727539,344600,0.0,0.0
2024-09-06 00:00:00-04:00,30.416923335836078,30.704341955769028,30.17905906370554,30.476388931274414,345400,0.0,0.0
2024-09-09 00:00:00-04:00,30.397101063295164,30.684519685334138,29.812350681131463,29.99074935913086,414900,0.0,0.0
2024-09-10 00:00:00-04:00,30.070036962316447,30.773718524805908,29.881727039665208,30.565587997436523,409500,0.0,0.0
2024-09-11 00:00:00-04:00,30.297989984781157,30.575499244984186,29.891638287212867,30.565587997436523,488200,0.0,0.0
2024-09-12 00:00:00-04:00,30.387189877206822,31.308915121821332,30.387189877206822,31.20980453491211,633800,0.0,0.0
2024-09-13 00:00:00-04:00,31.467491554786346,31.943220107278407,31.229627278540313,31.744998931884766,629100,0.0,0.0
2024-09-16 00:00:00-04:00,31.8700008392334,32.02000045776367,31.540000915527344,31.59000015258789,453100,0.285,0.0
2024-09-17 00:00:00-04:00,31.649999618530273,31.889999389648438,31.59000015258789,31.700000762939453,447700,0.0,0.0
2024-09-18 00:00:00-04:00,31.8799991607666,31.93000030517578,31.219999313354492,31.579999923706055,529200,0.0,0.0
2024-09-19 00:00:00-04:00,31.899999618530273,32.13999938964844,31.770000457763672,31.770000457763672,517800,0.0,0.0
2024-09-20 00:00:00-04:00,31.739999771118164,31.969999313354492,31.469999313354492,31.8700008392334,2185900,0.0,0.0
2024-09-23 00:00:00-04:00,31.979999542236328,32.099998474121094,31.649999618530273,31.90999984741211,571300,0.0,0.0
2024-09-24 00:00:00-04:00,31.850000381469727,32.349998474121094,31.850000381469727,32.25,568000,0.0,0.0
2024-09-25 00:00:00-04:00,32.2599983215332,32.38999938964844,31.579999923706055,31.760000228881836,563400,0.0,0.0
2024-09-26 00:00:00-04:00,31.84000015258789,32.06999969482422,31.6299991607666,31.75,1368200,0.0,0.0
2024-09-27 00:00:00-04:00,32.0099983215332,32.5099983215332,31.989999771118164,32.150001525878906,645500,0.0,0.0
2024-09-30 00:00:00-04:00,32.02000045776367,32.349998474121094,31.899999618530273,32.18000030517578,1315800,0.0,0.0
2024-10-01 00:00:00-04:00,32.209999084472656,32.2400016784668,31.6200008392334,31.84000015258789,623700,0.0,0.0
2024-10-02 00:00:00-04:00,31.6299991607666,31.969999313354492,31.559999465942383,31.81999969482422,328700,0.0,0.0
2024-10-03 00:00:00-04:00,31.690000534057617,31.739999771118164,31.290000915527344,31.579999923706055,506400,0.0,0.0
2024-10-04 00:00:00-04:00,31.399999618530273,31.8799991607666,31.31999969482422,31.780000686645508,656600,0.0,0.0
2024-10-07 00:00:00-04:00,31.639999389648438,31.68000030517578,31.350000381469727,31.65999984741211,356400,0.0,0.0
2024-10-08 00:00:00-04:00,31.690000534057617,31.799999237060547,31.450000762939453,31.6299991607666,375900,0.0,0.0
2024-10-09 00:00:00-04:00,31.5,31.709999084472656,31.360000610351562,31.6200008392334,512800,0.0,0.0
2024-10-10 00:00:00-04:00,31.520000457763672,31.540000915527344,31.229999542236328,31.34000015258789,418400,0.0,0.0
2024-10-11 00:00:00-04:00,31.489999771118164,31.739999771118164,31.389999389648438,31.639999389648438,335600,0.0,0.0
2024-10-14 00:00:00-04:00,31.65999984741211,31.920000076293945,31.540000915527344,31.739999771118164,297100,0.0,0.0
2024-10-15 00:00:00-04:00,31.8799991607666,32.29999923706055,31.860000610351562,31.920000076293945,507500,0.0,0.0
2024-10-16 00:00:00-04:00,32.09000015258789,32.470001220703125,31.940000534057617,32.33000183105469,519300,0.0,0.0
2024-10-17 00:00:00-04:00,32.189998626708984,32.5,31.850000381469727,32.09000015258789,1285000,0.0,0.0
2024-10-18 00:00:00-04:00,32.029998779296875,32.40999984741211,31.950000762939453,32.36000061035156,297400,0.0,0.0
2024-10-21 00:00:00-04:00,32.209999084472656,32.2599983215332,31.860000610351562,31.950000762939453,285800,0.0,0.0
2024-10-22 00:00:00-04:00,31.809999465942383,31.920000076293945,31.530000686645508,31.549999237060547,525700,0.0,0.0
2024-10-23 00:00:00-04:00,31.670000076293945,31.8799991607666,31.469999313354492,31.6299991607666,317500,0.0,0.0
2024-10-24 00:00:00-04:00,31.790000915527344,31.940000534057617,31.649999618530273,31.850000381469727,449900,0.0,0.0
2024-10-25 00:00:00-04:00,32.0099983215332,32.13999938964844,31.450000762939453,31.469999313354492,328500,0.0,0.0
2024-10-28 00:00:00-04:00,31.469999313354492,31.68000030517578,31.350000381469727,31.43000030517578,457700,0.0,0.0
2024-10-29 00:00:00-04:00,31.299999237060547,31.329999923706055,30.510000228881836,30.760000228881836,592600,0.0,0.0
2024-10-30 00:00:00-04:00,30.90999984741211,31.739999771118164,30.90999984741211,31.549999237060547,455700,0.0,0.0
2024-10-31 00:00:00-04:00,31.450000762939453,31.610000610351562,31.219999313354492,31.229999542236328,417900,0.0,0.0
2024-11-01 00:00:00-04:00,31.40999984741211,31.739999771118164,31.06999969482422,31.1299991607666,384900,0.0,0.0
2024-11-04 00:00:00-05:00,31.25,31.84000015258789,31.229999542236328,31.3799991607666,420100,0.0,0.0
2024-11-05 00:00:00-05:00,31.270000457763672,31.729999542236328,31.049999237060547,31.68000030517578,503000,0.0,0.0
2024-11-06 00:00:00-05:00,32.0,32.189998626708984,31.219999313354492,31.469999313354492,878000,0.0,0.0
2024-11-07 00:00:00-05:00,32.47999954223633,32.880001068115234,31.389999389648438,31.639999389648438,1018900,0.0,0.0
2024-11-08 00:00:00-05:00,31.969999313354492,31.969999313354492,30.93000030517578,30.989999771118164,1209300,0.0,0.0
2024-11-11 00:00:00-05:00,30.93000030517578,31.299999237060547,30.1299991607666,30.229999542236328,940100,0.0,0.0
2024-11-12 00:00:00-05:00,30.079999923706055,30.399999618530273,29.739999771118164,29.739999771118164,1450900,0.0,0.0
2024-11-13 00:00:00-05:00,30.0,30.31999969482422,29.90999984741211,30.110000610351562,1203400,0.0,0.0
2024-11-14 00:00:00-05:00,29.989999771118164,30.329999923706055,29.719999313354492,29.719999313354492,1236500,0.0,0.0
2024-11-15 00:00:00-05:00,29.56999969482422,30.110000610351562,29.530000686645508,29.969999313354492,1088700,0.0,0.0
2024-11-18 00:00:00-05:00,29.8799991607666,30.290000915527344,29.739999771118164,30.139999389648438,583900,0.0,0.0
2024-11-19 00:00:00-05:00,30.0,30.139999389648438,29.770000457763672,30.06999969482422,497100,0.0,0.0
2024-11-20 00:00:00-05:00,29.889999389648438,30.190000534057617,29.709999084472656,30.149999618530273,386800,0.0,0.0
2024-11-21 00:00:00-05:00,30.25,30.479999542236328,30.1200008392334,30.280000686645508,492200,0.0,0.0
2024-11-22 00:00:00-05:00,30.510000228881836,31.059999465942383,30.43000030517578,31.049999237060547,605100,0.0,0.0
2024-11-25 00:00:00-05:00,31.219999313354492,31.90999984741211,31.209999084472656,31.6200008392334,671700,0.0,0.0
2024-11-26 00:00:00-05:00,31.5,31.829999923706055,31.209999084472656,31.459999084472656,353000,0.0,0.0
2024-11-27 00:00:00-05:00,31.700000762939453,31.950000762939453,31.6200008392334,31.81999969482422,438900,0.0,0.0
2024-11-29 00:00:00-05:00,31.790000915527344,32.11000061035156,31.760000228881836,31.8700008392334,344700,0.0,0.0
2024-12-02 00:00:00-05:00,31.709999084472656,31.84000015258789,31.399999618530273,31.469999313354492,612200,0.0,0.0
2024-12-03 00:00:00-05:00,32.7400016784668,32.63999938964844,31.424999237060547,31.709999084472656,647593,0.0,0.0
