Date,Open,High,Low,Close,Volume,Dividends,Stock Splits
2022-01-03 00:00:00-05:00,83.0999984741211,83.1500015258789,81.83999633789062,82.81999969482422,18000,0.0,0.0
2022-01-04 00:00:00-05:00,82.11000061035156,83.91000366210938,82.11000061035156,83.08000183105469,12500,0.0,0.0
2022-01-05 00:00:00-05:00,82.9000015258789,82.98999786376953,80.5999984741211,82.0999984741211,27800,0.0,0.0
2022-01-06 00:00:00-05:00,82.91000366210938,83.19999694824219,81.0,81.79000091552734,23000,0.0,0.0
2022-01-07 00:00:00-05:00,81.83000183105469,82.83999633789062,81.38999938964844,81.61000061035156,17800,0.0,0.0
2022-01-10 00:00:00-05:00,80.16000366210938,82.5199966430664,79.51000213623047,82.0,14100,0.0,0.0
2022-01-11 00:00:00-05:00,82.33000183105469,82.33000183105469,79.5,79.98999786376953,29700,0.0,0.0
2022-01-12 00:00:00-05:00,80.4000015258789,81.31999969482422,79.16000366210938,80.3499984741211,25200,0.0,0.0
2022-01-13 00:00:00-05:00,80.6500015258789,80.9000015258789,79.94999694824219,79.94999694824219,10900,0.0,0.0
2022-01-14 00:00:00-05:00,79.63999938964844,81.30999755859375,79.2699966430664,80.81999969482422,14900,0.0,0.0
2022-01-18 00:00:00-05:00,81.23999786376953,81.69000244140625,79.4000015258789,79.83999633789062,35000,0.0,0.0
2022-01-19 00:00:00-05:00,79.55999755859375,81.44000244140625,79.23999786376953,79.94999694824219,27300,0.0,0.0
2022-01-20 00:00:00-05:00,80.05000305175781,80.72000122070312,79.8499984741211,79.8499984741211,26700,0.0,0.0
2022-01-21 00:00:00-05:00,79.25,80.43000030517578,78.7699966430664,78.98999786376953,31500,0.0,0.0
2022-01-24 00:00:00-05:00,77.51000213623047,79.97000122070312,77.51000213623047,79.22000122070312,35300,0.0,0.0
2022-01-25 00:00:00-05:00,78.23999786376953,79.5,76.44999694824219,78.2699966430664,24700,0.0,0.0
2022-01-26 00:00:00-05:00,78.4800033569336,79.01000213623047,76.61000061035156,77.51000213623047,25300,0.0,0.0
2022-01-27 00:00:00-05:00,77.81999969482422,78.06999969482422,76.2300033569336,76.58999633789062,22100,0.0,0.0
2022-01-28 00:00:00-05:00,76.73999786376953,78.91000366210938,76.37000274658203,78.91000366210938,35100,0.0,0.0
2022-01-31 00:00:00-05:00,78.5999984741211,80.04000091552734,78.18000030517578,79.0,67400,0.0,0.0
2022-02-01 00:00:00-05:00,79.30000305175781,80.26000213623047,78.2300033569336,78.69999694824219,45500,0.0,0.0
2022-02-02 00:00:00-05:00,79.2699966430664,80.08999633789062,78.22000122070312,79.43000030517578,61400,0.0,0.0
2022-02-03 00:00:00-05:00,79.9000015258789,80.05999755859375,78.4000015258789,78.4000015258789,27200,0.0,0.0
2022-02-04 00:00:00-05:00,78.30999755859375,78.47000122070312,76.0999984741211,76.4800033569336,19200,0.0,0.0
2022-02-07 00:00:00-05:00,76.43000030517578,76.87000274658203,75.6500015258789,76.19999694824219,22600,0.0,0.0
2022-02-08 00:00:00-05:00,75.93000030517578,78.06999969482422,75.93000030517578,77.33000183105469,16100,0.0,0.0
2022-02-09 00:00:00-05:00,77.47000122070312,79.52999877929688,77.47000122070312,78.41000366210938,25200,0.0,0.0
2022-02-10 00:00:00-05:00,77.5999984741211,78.91000366210938,76.25,76.69999694824219,29800,0.0,0.0
2022-02-11 00:00:00-05:00,75.81999969482422,78.87000274658203,75.81999969482422,76.80000305175781,39400,0.0,0.0
2022-02-14 00:00:00-05:00,76.62999725341797,78.4000015258789,76.11000061035156,76.80999755859375,29700,0.0,0.0
2022-02-15 00:00:00-05:00,77.11000061035156,78.48999786376953,77.11000061035156,77.66000366210938,41500,0.0,0.0
2022-02-16 00:00:00-05:00,77.30999755859375,77.69999694824219,76.25,77.5,22600,0.0,0.0
2022-02-17 00:00:00-05:00,76.87999725341797,77.1500015258789,74.55000305175781,74.63999938964844,24700,0.0,0.0
2022-02-18 00:00:00-05:00,74.2699966430664,74.7699966430664,72.1500015258789,72.69999694824219,48200,0.0,0.0
2022-02-22 00:00:00-05:00,72.44000244140625,73.08999633789062,69.66999816894531,70.19999694824219,30200,0.0,0.0
2022-02-23 00:00:00-05:00,70.75,71.05999755859375,69.33999633789062,69.62000274658203,29200,0.0,0.0
2022-02-24 00:00:00-05:00,68.5,69.06999969482422,66.91999816894531,68.0199966430664,45900,0.0,0.0
2022-02-25 00:00:00-05:00,68.12999725341797,68.62999725341797,66.33000183105469,67.30000305175781,29700,0.0,0.0
2022-02-28 00:00:00-05:00,66.51000213623047,67.69999694824219,65.05000305175781,67.18000030517578,39400,0.0,0.0
2022-03-01 00:00:00-05:00,66.08000183105469,67.81999969482422,65.33999633789062,65.87000274658203,132300,0.0,0.0
2022-03-02 00:00:00-05:00,66.38999938964844,68.2699966430664,66.38999938964844,67.87000274658203,22300,0.0,0.0
2022-03-03 00:00:00-05:00,67.94999694824219,68.0999984741211,66.44000244140625,67.30999755859375,31300,0.0,0.0
2022-03-04 00:00:00-05:00,66.62999725341797,66.62999725341797,64.33000183105469,64.44000244140625,33900,0.0,0.0
2022-03-07 00:00:00-05:00,64.80000305175781,64.83000183105469,62.34000015258789,62.95000076293945,67900,0.0,0.0
2022-03-08 00:00:00-05:00,62.900001525878906,65.80000305175781,62.900001525878906,63.939998626708984,68500,0.0,0.0
2022-03-09 00:00:00-05:00,65.05000305175781,66.54000091552734,65.05000305175781,65.83999633789062,48500,0.0,0.0
2022-03-10 00:00:00-05:00,64.80999755859375,66.0,63.4900016784668,65.08000183105469,23700,0.0,0.0
2022-03-11 00:00:00-05:00,65.4800033569336,65.4800033569336,63.959999084472656,64.18000030517578,13200,0.0,0.0
2022-03-14 00:00:00-04:00,64.31999969482422,65.66999816894531,64.01000213623047,65.12999725341797,34000,0.0,0.0
2022-03-15 00:00:00-04:00,65.3499984741211,66.9800033569336,65.05000305175781,66.72000122070312,36400,0.0,0.0
2022-03-16 00:00:00-04:00,67.4000015258789,68.76000213623047,67.16000366210938,68.47000122070312,29400,0.0,0.0
2022-03-17 00:00:00-04:00,68.97000122070312,69.79000091552734,68.06999969482422,69.33999633789062,26200,0.0,0.0
2022-03-18 00:00:00-04:00,69.12000274658203,70.5,67.62999725341797,70.2300033569336,45200,0.0,0.0
2022-03-21 00:00:00-04:00,70.11000061035156,70.48999786376953,68.12000274658203,68.5,33800,0.0,0.0
2022-03-22 00:00:00-04:00,68.33000183105469,70.45999908447266,68.08000183105469,69.62999725341797,34000,0.0,0.0
2022-03-23 00:00:00-04:00,69.5199966430664,69.91999816894531,68.79000091552734,69.08000183105469,28200,0.0,0.0
2022-03-24 00:00:00-04:00,69.02999877929688,70.11000061035156,68.80999755859375,69.86000061035156,20400,0.0,0.0
2022-03-25 00:00:00-04:00,69.80000305175781,70.41999816894531,69.7699966430664,70.12999725341797,15700,0.0,0.0
2022-03-28 00:00:00-04:00,69.80999755859375,70.87999725341797,69.70999908447266,70.62000274658203,28200,0.0,0.0
2022-03-29 00:00:00-04:00,71.3499984741211,72.9800033569336,71.08999633789062,72.02999877929688,43200,0.0,0.0
2022-03-30 00:00:00-04:00,71.58999633789062,72.4000015258789,69.8499984741211,70.33999633789062,39000,0.0,0.0
2022-03-31 00:00:00-04:00,70.16000366210938,70.5999984741211,67.94000244140625,68.30000305175781,76100,0.0,0.0
2022-04-01 00:00:00-04:00,68.43000030517578,69.94000244140625,67.58000183105469,69.7300033569336,31600,0.0,0.0
2022-04-04 00:00:00-04:00,68.87000274658203,70.08999633789062,68.77999877929688,69.5,24400,0.0,0.0
2022-04-05 00:00:00-04:00,69.33000183105469,70.6500015258789,68.16000366210938,68.22000122070312,34100,0.0,0.0
2022-04-06 00:00:00-04:00,68.0,68.3499984741211,67.0,68.06999969482422,31400,0.0,0.0
2022-04-07 00:00:00-04:00,67.51000213623047,68.77999877929688,66.61000061035156,68.62999725341797,44800,0.0,0.0
2022-04-08 00:00:00-04:00,67.94999694824219,68.5199966430664,66.04000091552734,66.04000091552734,30400,0.0,0.0
2022-04-11 00:00:00-04:00,65.55000305175781,66.83000183105469,65.36000061035156,66.0,28800,0.0,0.0
2022-04-12 00:00:00-04:00,66.43000030517578,67.6500015258789,65.5,65.79000091552734,22200,0.0,0.0
2022-04-13 00:00:00-04:00,64.91000366210938,65.73999786376953,64.72000122070312,65.44999694824219,42800,0.0,0.0
2022-04-14 00:00:00-04:00,65.83000183105469,65.83000183105469,64.4000015258789,65.16999816894531,24800,0.0,0.0
2022-04-18 00:00:00-04:00,64.77999877929688,65.0,63.2400016784668,63.84000015258789,24100,0.0,0.0
2022-04-19 00:00:00-04:00,64.61000061035156,65.83000183105469,63.84000015258789,65.56999969482422,33900,0.0,0.0
2022-04-20 00:00:00-04:00,65.58000183105469,66.44000244140625,65.05000305175781,65.77999877929688,50100,0.0,0.0
2022-04-21 00:00:00-04:00,66.51000213623047,66.51000213623047,65.29000091552734,65.55999755859375,45400,0.0,0.0
2022-04-22 00:00:00-04:00,65.16999816894531,65.16999816894531,64.25,64.43000030517578,44600,0.0,0.0
2022-04-25 00:00:00-04:00,64.2300033569336,65.2699966430664,63.91999816894531,64.79000091552734,61400,0.0,0.0
2022-04-26 00:00:00-04:00,64.48999786376953,64.48999786376953,60.959999084472656,61.02000045776367,84200,0.0,0.0
2022-04-27 00:00:00-04:00,61.29999923706055,61.45000076293945,58.97999954223633,59.63999938964844,104700,0.0,0.0
2022-04-28 00:00:00-04:00,60.2599983215332,61.40999984741211,58.779998779296875,61.15999984741211,41200,0.0,0.0
2022-04-29 00:00:00-04:00,61.400001525878906,61.400001525878906,57.349998474121094,57.619998931884766,50800,0.0,0.0
2022-05-02 00:00:00-04:00,57.400001525878906,57.84000015258789,55.099998474121094,57.36000061035156,87300,0.0,0.0
2022-05-03 00:00:00-04:00,57.09000015258789,57.66999816894531,55.119998931884766,55.689998626708984,39100,0.0,0.0
2022-05-04 00:00:00-04:00,55.70000076293945,56.869998931884766,54.06999969482422,56.75,63800,0.0,0.0
2022-05-05 00:00:00-04:00,55.95000076293945,55.95000076293945,52.88999938964844,54.18000030517578,81800,0.0,0.0
2022-05-06 00:00:00-04:00,54.25,54.25,48.470001220703125,50.400001525878906,168700,0.0,0.0
2022-05-09 00:00:00-04:00,49.900001525878906,51.25,48.66999816894531,50.4900016784668,59500,0.0,0.0
2022-05-10 00:00:00-04:00,50.97999954223633,51.130001068115234,49.380001068115234,50.220001220703125,54900,0.0,0.0
2022-05-11 00:00:00-04:00,49.959999084472656,50.72999954223633,47.459999084472656,47.66999816894531,80100,0.0,0.0
2022-05-12 00:00:00-04:00,46.43000030517578,48.7400016784668,46.20000076293945,47.22999954223633,48000,0.0,0.0
2022-05-13 00:00:00-04:00,47.95000076293945,49.290000915527344,47.619998931884766,47.83000183105469,53300,0.0,0.0
2022-05-16 00:00:00-04:00,47.5,48.540000915527344,46.66999816894531,47.220001220703125,53000,0.0,0.0
2022-05-17 00:00:00-04:00,48.15999984741211,49.29999923706055,47.400001525878906,49.15999984741211,76200,0.0,0.0
2022-05-18 00:00:00-04:00,48.34000015258789,48.720001220703125,45.43000030517578,45.59000015258789,45500,0.0,0.0
2022-05-19 00:00:00-04:00,45.279998779296875,47.5,45.18000030517578,47.08000183105469,80700,0.0,0.0
2022-05-20 00:00:00-04:00,47.29999923706055,47.29999923706055,44.529998779296875,44.65999984741211,49900,0.0,0.0
2022-05-23 00:00:00-04:00,45.47999954223633,45.790000915527344,43.22999954223633,43.38999938964844,76100,0.0,0.0
2022-05-24 00:00:00-04:00,42.97999954223633,43.93000030517578,42.470001220703125,43.41999816894531,74400,0.0,0.0
2022-05-25 00:00:00-04:00,43.02000045776367,44.90999984741211,43.02000045776367,44.59000015258789,35700,0.0,0.0
2022-05-26 00:00:00-04:00,45.81999969482422,47.36000061035156,45.099998474121094,46.900001525878906,56600,0.0,0.0
2022-05-27 00:00:00-04:00,47.369998931884766,49.16999816894531,47.369998931884766,48.9900016784668,51500,0.0,0.0
2022-05-31 00:00:00-04:00,48.650001525878906,48.90999984741211,48.119998931884766,48.41999816894531,68800,0.0,0.0
2022-06-01 00:00:00-04:00,48.63999938964844,49.369998931884766,47.88999938964844,49.16999816894531,84100,0.0,0.0
2022-06-02 00:00:00-04:00,49.220001220703125,52.20000076293945,49.220001220703125,51.04999923706055,73400,0.0,0.0
2022-06-03 00:00:00-04:00,50.529998779296875,52.54999923706055,49.959999084472656,50.220001220703125,53900,0.0,0.0
2022-06-06 00:00:00-04:00,50.43000030517578,50.68000030517578,49.560001373291016,50.22999954223633,52000,0.0,0.0
2022-06-07 00:00:00-04:00,49.66999816894531,50.84000015258789,49.66999816894531,50.79999923706055,50100,0.0,0.0
2022-06-08 00:00:00-04:00,50.220001220703125,51.43000030517578,49.22999954223633,49.65999984741211,43500,0.0,0.0
2022-06-09 00:00:00-04:00,48.70000076293945,49.20000076293945,48.56999969482422,48.7400016784668,32200,0.0,0.0
2022-06-10 00:00:00-04:00,47.959999084472656,47.959999084472656,46.459999084472656,47.29999923706055,33700,0.0,0.0
2022-06-13 00:00:00-04:00,45.970001220703125,47.16999816894531,45.709999084472656,46.52000045776367,102100,0.0,0.0
2022-06-14 00:00:00-04:00,46.470001220703125,47.90999984741211,45.54999923706055,45.9900016784668,111900,0.0,0.0
2022-06-15 00:00:00-04:00,46.72999954223633,47.439998626708984,44.95000076293945,46.54999923706055,86500,0.0,0.0
2022-06-16 00:00:00-04:00,45.900001525878906,46.09000015258789,43.130001068115234,43.470001220703125,73800,0.0,0.0
2022-06-17 00:00:00-04:00,43.36000061035156,43.470001220703125,41.150001525878906,41.970001220703125,171900,0.0,0.0
2022-06-21 00:00:00-04:00,42.38999938964844,43.099998474121094,40.61000061035156,41.0,100400,0.0,0.0
2022-06-22 00:00:00-04:00,39.959999084472656,41.29999923706055,39.310001373291016,39.83000183105469,77600,0.0,0.0
2022-06-23 00:00:00-04:00,40.29999923706055,41.099998474121094,39.65999984741211,40.970001220703125,106000,0.0,0.0
2022-06-24 00:00:00-04:00,41.02000045776367,41.630001068115234,39.060001373291016,40.529998779296875,250400,0.0,0.0
2022-06-27 00:00:00-04:00,40.7400016784668,40.810001373291016,38.040000915527344,39.869998931884766,196200,0.0,0.0
2022-06-28 00:00:00-04:00,40.2400016784668,41.5,40.0,40.97999954223633,154300,0.0,0.0
2022-06-29 00:00:00-04:00,41.29999923706055,44.290000915527344,41.25,43.810001373291016,204000,0.0,0.0
2022-06-30 00:00:00-04:00,43.119998931884766,45.0,42.66999816894531,44.5099983215332,247200,0.0,0.0
2022-07-01 00:00:00-04:00,44.400001525878906,45.47999954223633,43.5099983215332,44.470001220703125,44300,0.0,0.0
2022-07-05 00:00:00-04:00,43.869998931884766,45.33000183105469,43.029998779296875,45.22999954223633,43700,0.0,0.0
2022-07-06 00:00:00-04:00,45.540000915527344,47.75,45.06999969482422,47.349998474121094,69000,0.0,0.0
2022-07-07 00:00:00-04:00,47.56999969482422,48.470001220703125,45.33000183105469,45.439998626708984,45000,0.0,0.0
2022-07-08 00:00:00-04:00,45.290000915527344,47.9900016784668,45.18000030517578,47.58000183105469,69300,0.0,0.0
2022-07-11 00:00:00-04:00,46.93000030517578,46.93000030517578,45.40999984741211,46.08000183105469,39300,0.0,0.0
2022-07-12 00:00:00-04:00,45.84000015258789,46.34000015258789,45.0099983215332,45.09000015258789,30600,0.0,0.0
2022-07-13 00:00:00-04:00,44.36000061035156,44.40999984741211,43.38999938964844,44.08000183105469,24500,0.0,0.0
2022-07-14 00:00:00-04:00,43.27000045776367,43.27000045776367,41.97999954223633,42.209999084472656,19000,0.0,0.0
2022-07-15 00:00:00-04:00,43.439998626708984,44.7400016784668,42.75,44.41999816894531,37100,0.0,0.0
2022-07-18 00:00:00-04:00,44.75,44.95000076293945,43.849998474121094,43.90999984741211,25400,0.0,0.0
2022-07-19 00:00:00-04:00,44.93000030517578,47.099998474121094,44.58000183105469,46.93000030517578,50900,0.0,0.0
2022-07-20 00:00:00-04:00,47.189998626708984,48.130001068115234,47.189998626708984,47.43000030517578,70100,0.0,0.0
2022-07-21 00:00:00-04:00,46.95000076293945,47.33000183105469,45.52000045776367,47.310001373291016,31100,0.0,0.0
2022-07-22 00:00:00-04:00,47.470001220703125,47.880001068115234,46.900001525878906,47.790000915527344,38700,0.0,0.0
2022-07-25 00:00:00-04:00,47.65999984741211,47.65999984741211,46.459999084472656,46.70000076293945,43000,0.0,0.0
2022-07-26 00:00:00-04:00,46.70000076293945,46.7400016784668,44.40999984741211,44.599998474121094,38100,0.0,0.0
2022-07-27 00:00:00-04:00,44.95000076293945,46.70000076293945,44.79999923706055,46.29999923706055,32100,0.0,0.0
2022-07-28 00:00:00-04:00,46.279998779296875,46.47999954223633,45.310001373291016,46.33000183105469,22200,0.0,0.0
2022-07-29 00:00:00-04:00,45.72999954223633,46.4900016784668,45.52000045776367,46.27000045776367,22300,0.0,0.0
2022-08-01 00:00:00-04:00,46.06999969482422,46.75,45.970001220703125,46.63999938964844,26000,0.0,0.0
2022-08-02 00:00:00-04:00,46.7400016784668,47.099998474121094,45.630001068115234,45.810001373291016,21400,0.0,0.0
2022-08-03 00:00:00-04:00,45.63999938964844,46.4900016784668,45.33000183105469,46.290000915527344,18600,0.0,0.0
2022-08-04 00:00:00-04:00,46.040000915527344,46.040000915527344,44.7599983215332,45.4900016784668,23600,0.0,0.0
2022-08-05 00:00:00-04:00,44.849998474121094,45.7599983215332,44.70000076293945,45.380001068115234,32000,0.0,0.0
2022-08-08 00:00:00-04:00,45.810001373291016,47.2599983215332,45.810001373291016,46.880001068115234,63800,0.0,0.0
2022-08-09 00:00:00-04:00,47.349998474121094,53.209999084472656,47.0,50.529998779296875,81700,0.0,0.0
2022-08-10 00:00:00-04:00,51.720001220703125,52.88999938964844,50.150001525878906,52.779998779296875,32300,0.0,0.0
2022-08-11 00:00:00-04:00,52.59000015258789,53.75,51.7400016784668,51.88999938964844,39800,0.0,0.0
2022-08-12 00:00:00-04:00,52.04999923706055,52.04999923706055,50.810001373291016,51.5099983215332,31300,0.0,0.0
2022-08-15 00:00:00-04:00,51.540000915527344,52.27000045776367,50.86000061035156,52.220001220703125,25200,0.0,0.0
2022-08-16 00:00:00-04:00,52.279998779296875,54.09000015258789,51.540000915527344,53.939998626708984,27100,0.0,0.0
2022-08-17 00:00:00-04:00,53.130001068115234,54.29999923706055,51.630001068115234,54.060001373291016,24100,0.0,0.0
2022-08-18 00:00:00-04:00,53.900001525878906,54.529998779296875,52.84000015258789,53.61000061035156,29500,0.0,0.0
2022-08-19 00:00:00-04:00,53.06999969482422,53.06999969482422,51.470001220703125,52.470001220703125,19100,0.0,0.0
2022-08-22 00:00:00-04:00,51.7400016784668,52.310001373291016,51.2599983215332,51.97999954223633,34900,0.0,0.0
2022-08-23 00:00:00-04:00,52.20000076293945,52.20000076293945,49.790000915527344,49.790000915527344,22200,0.0,0.0
2022-08-24 00:00:00-04:00,49.900001525878906,51.529998779296875,49.43000030517578,50.38999938964844,25400,0.0,0.0
2022-08-25 00:00:00-04:00,50.56999969482422,52.029998779296875,49.7400016784668,51.93000030517578,29100,0.0,0.0
2022-08-26 00:00:00-04:00,51.310001373291016,52.189998626708984,49.5,49.5,27100,0.0,0.0
2022-08-29 00:00:00-04:00,47.7599983215332,50.470001220703125,47.7599983215332,48.16999816894531,20700,0.0,0.0
2022-08-30 00:00:00-04:00,48.18000030517578,48.5,46.90999984741211,47.4900016784668,21000,0.0,0.0
2022-08-31 00:00:00-04:00,47.349998474121094,47.529998779296875,46.47999954223633,46.9900016784668,113700,0.0,0.0
2022-09-01 00:00:00-04:00,46.38999938964844,46.720001220703125,45.27000045776367,46.0,27300,0.0,0.0
2022-09-02 00:00:00-04:00,46.04999923706055,46.04999923706055,44.52000045776367,44.810001373291016,20300,0.0,0.0
2022-09-06 00:00:00-04:00,45.290000915527344,45.290000915527344,44.189998626708984,44.189998626708984,16900,0.0,0.0
2022-09-07 00:00:00-04:00,44.11000061035156,46.70000076293945,43.619998931884766,44.220001220703125,35800,0.0,0.0
2022-09-08 00:00:00-04:00,44.43000030517578,44.77000045776367,43.77000045776367,44.130001068115234,20600,0.0,0.0
2022-09-09 00:00:00-04:00,44.4900016784668,44.900001525878906,44.2599983215332,44.68000030517578,28300,0.0,0.0
2022-09-12 00:00:00-04:00,44.849998474121094,45.4900016784668,43.90999984741211,45.18000030517578,16000,0.0,0.0
2022-09-13 00:00:00-04:00,44.08000183105469,44.93000030517578,43.029998779296875,43.36000061035156,34200,0.0,0.0
2022-09-14 00:00:00-04:00,43.11000061035156,43.869998931884766,43.02000045776367,43.189998626708984,26700,0.0,0.0
2022-09-15 00:00:00-04:00,42.970001220703125,44.09000015258789,42.06999969482422,42.290000915527344,29300,0.0,0.0
2022-09-16 00:00:00-04:00,41.900001525878906,42.790000915527344,40.04999923706055,40.18000030517578,46100,0.0,0.0
2022-09-19 00:00:00-04:00,39.970001220703125,40.7599983215332,39.470001220703125,40.040000915527344,56700,0.0,0.0
2022-09-20 00:00:00-04:00,39.31999969482422,39.720001220703125,39.0099983215332,39.4900016784668,15900,0.0,0.0
2022-09-21 00:00:00-04:00,39.4900016784668,40.380001068115234,39.38999938964844,39.61000061035156,35300,0.0,0.0
2022-09-22 00:00:00-04:00,39.540000915527344,40.11000061035156,38.959999084472656,39.91999816894531,20800,0.0,0.0
2022-09-23 00:00:00-04:00,39.22999954223633,40.0,39.09000015258789,39.720001220703125,26800,0.0,0.0
2022-09-26 00:00:00-04:00,38.18000030517578,40.20000076293945,38.18000030517578,39.900001525878906,32800,0.0,0.0
2022-09-27 00:00:00-04:00,40.15999984741211,40.45000076293945,39.29999923706055,39.849998474121094,40200,0.0,0.0
2022-09-28 00:00:00-04:00,39.97999954223633,41.18000030517578,39.869998931884766,41.0,57400,0.0,0.0
2022-09-29 00:00:00-04:00,40.33000183105469,40.33000183105469,39.16999816894531,39.41999816894531,31200,0.0,0.0
2022-09-30 00:00:00-04:00,40.29999923706055,40.29999923706055,37.34000015258789,37.40999984741211,40200,0.0,0.0
2022-10-03 00:00:00-04:00,37.459999084472656,38.400001525878906,37.060001373291016,38.400001525878906,43100,0.0,0.0
2022-10-04 00:00:00-04:00,38.65999984741211,40.5,38.65999984741211,40.279998779296875,46200,0.0,0.0
2022-10-05 00:00:00-04:00,40.0,40.939998626708984,39.83000183105469,40.540000915527344,25000,0.0,0.0
2022-10-06 00:00:00-04:00,40.54999923706055,41.5,40.25,40.560001373291016,36300,0.0,0.0
2022-10-07 00:00:00-04:00,40.060001373291016,40.72999954223633,39.72999954223633,40.09000015258789,48300,0.0,0.0
2022-10-10 00:00:00-04:00,40.22999954223633,40.59000015258789,39.34000015258789,40.59000015258789,30500,0.0,0.0
2022-10-11 00:00:00-04:00,40.099998474121094,41.779998779296875,39.88999938964844,40.22999954223633,66700,0.0,0.0
2022-10-12 00:00:00-04:00,39.810001373291016,41.959999084472656,39.810001373291016,41.459999084472656,45000,0.0,0.0
2022-10-13 00:00:00-04:00,40.56999969482422,44.41999816894531,40.56999969482422,43.779998779296875,58300,0.0,0.0
2022-10-14 00:00:00-04:00,43.84000015258789,44.939998626708984,43.33000183105469,43.540000915527344,46400,0.0,0.0
2022-10-17 00:00:00-04:00,44.459999084472656,46.02000045776367,44.459999084472656,45.220001220703125,40800,0.0,0.0
2022-10-18 00:00:00-04:00,45.91999816894531,46.54999923706055,45.0099983215332,45.529998779296875,34000,0.0,0.0
2022-10-19 00:00:00-04:00,46.380001068115234,46.93000030517578,45.38999938964844,46.75,39700,0.0,0.0
2022-10-20 00:00:00-04:00,46.689998626708984,47.349998474121094,44.15999984741211,44.43000030517578,42500,0.0,0.0
2022-10-21 00:00:00-04:00,44.81999969482422,47.029998779296875,44.380001068115234,46.709999084472656,31400,0.0,0.0
2022-10-24 00:00:00-04:00,46.4900016784668,47.150001525878906,45.43000030517578,45.720001220703125,25300,0.0,0.0
2022-10-25 00:00:00-04:00,45.59000015258789,45.689998626708984,44.97999954223633,45.060001373291016,29100,0.0,0.0
2022-10-26 00:00:00-04:00,44.880001068115234,45.36000061035156,43.75,43.75,23500,0.0,0.0
2022-10-27 00:00:00-04:00,44.09000015258789,44.650001525878906,43.22999954223633,43.38999938964844,23300,0.0,0.0
2022-10-28 00:00:00-04:00,43.88999938964844,45.15999984741211,43.56999969482422,44.95000076293945,37400,0.0,0.0
2022-10-31 00:00:00-04:00,44.529998779296875,45.25,44.29999923706055,44.95000076293945,52600,0.0,0.0
2022-11-01 00:00:00-04:00,45.25,45.40999984741211,44.27000045776367,44.459999084472656,27500,0.0,0.0
2022-11-02 00:00:00-04:00,44.459999084472656,44.459999084472656,42.040000915527344,42.040000915527344,34900,0.0,0.0
2022-11-03 00:00:00-04:00,41.5099983215332,42.47999954223633,40.939998626708984,42.06999969482422,25200,0.0,0.0
2022-11-04 00:00:00-04:00,42.439998626708984,42.5,32.5099983215332,33.349998474121094,119900,0.0,0.0
2022-11-07 00:00:00-05:00,33.599998474121094,33.599998474121094,30.049999237060547,33.0099983215332,106700,0.0,0.0
2022-11-08 00:00:00-05:00,32.2599983215332,34.529998779296875,32.02000045776367,33.650001525878906,58800,0.0,0.0
2022-11-09 00:00:00-05:00,33.650001525878906,33.650001525878906,32.150001525878906,32.22999954223633,61300,0.0,0.0
2022-11-10 00:00:00-05:00,33.400001525878906,35.810001373291016,33.400001525878906,35.630001068115234,55400,0.0,0.0
2022-11-11 00:00:00-05:00,35.630001068115234,37.400001525878906,35.4900016784668,35.869998931884766,36900,0.0,0.0
2022-11-14 00:00:00-05:00,35.599998474121094,35.650001525878906,33.43000030517578,33.43000030517578,33800,0.0,0.0
2022-11-15 00:00:00-05:00,34.06999969482422,35.720001220703125,32.56999969482422,32.81999969482422,33700,0.0,0.0
2022-11-16 00:00:00-05:00,32.34000015258789,32.34000015258789,31.5,31.989999771118164,27100,0.0,0.0
2022-11-17 00:00:00-05:00,31.700000762939453,32.529998779296875,31.1200008392334,31.989999771118164,39500,0.0,0.0
2022-11-18 00:00:00-05:00,32.68000030517578,33.06999969482422,30.549999237060547,30.809999465942383,30900,0.0,0.0
2022-11-21 00:00:00-05:00,31.06999969482422,31.06999969482422,29.219999313354492,30.100000381469727,37800,0.0,0.0
2022-11-22 00:00:00-05:00,30.110000610351562,31.959999084472656,30.110000610351562,31.670000076293945,24800,0.0,0.0
2022-11-23 00:00:00-05:00,30.549999237060547,32.630001068115234,30.540000915527344,32.439998626708984,22900,0.0,0.0
2022-11-25 00:00:00-05:00,33.220001220703125,33.45000076293945,31.100000381469727,31.100000381469727,17500,0.0,0.0
2022-11-28 00:00:00-05:00,30.780000686645508,30.920000076293945,28.8799991607666,29.260000228881836,34000,0.0,0.0
2022-11-29 00:00:00-05:00,29.329999923706055,29.8700008392334,28.010000228881836,28.260000228881836,40700,0.0,0.0
2022-11-30 00:00:00-05:00,28.100000381469727,31.450000762939453,28.100000381469727,30.700000762939453,102300,0.0,0.0
2022-12-01 00:00:00-05:00,30.639999389648438,31.90999984741211,30.6299991607666,31.030000686645508,44900,0.0,0.0
2022-12-02 00:00:00-05:00,30.59000015258789,31.649999618530273,30.389999389648438,31.329999923706055,22900,0.0,0.0
2022-12-05 00:00:00-05:00,31.170000076293945,32.279998779296875,30.510000228881836,30.739999771118164,34300,0.0,0.0
2022-12-06 00:00:00-05:00,30.610000610351562,30.610000610351562,29.329999923706055,30.270000457763672,35800,0.0,0.0
2022-12-07 00:00:00-05:00,30.149999618530273,30.459999084472656,29.799999237060547,30.309999465942383,28700,0.0,0.0
2022-12-08 00:00:00-05:00,30.40999984741211,32.43000030517578,30.40999984741211,31.649999618530273,31800,0.0,0.0
2022-12-09 00:00:00-05:00,31.40999984741211,32.150001525878906,30.780000686645508,31.670000076293945,22400,0.0,0.0
2022-12-12 00:00:00-05:00,31.75,33.2599983215332,31.75,33.099998474121094,130300,0.0,0.0
2022-12-13 00:00:00-05:00,34.65999984741211,35.4900016784668,32.43000030517578,32.599998474121094,31000,0.0,0.0
2022-12-14 00:00:00-05:00,33.0,33.0,31.8799991607666,32.150001525878906,24700,0.0,0.0
2022-12-15 00:00:00-05:00,31.75,31.950000762939453,31.18000030517578,31.270000457763672,22900,0.0,0.0
2022-12-16 00:00:00-05:00,30.770000457763672,31.649999618530273,30.75,31.0,43500,0.0,0.0
2022-12-19 00:00:00-05:00,30.549999237060547,31.200000762939453,29.219999313354492,31.06999969482422,47200,0.0,0.0
2022-12-20 00:00:00-05:00,31.15999984741211,32.31999969482422,31.15999984741211,31.899999618530273,31900,0.0,0.0
2022-12-21 00:00:00-05:00,32.470001220703125,33.18000030517578,31.780000686645508,32.02000045776367,35300,0.0,0.0
2022-12-22 00:00:00-05:00,31.59000015258789,32.150001525878906,31.190000534057617,31.989999771118164,44200,0.0,0.0
2022-12-23 00:00:00-05:00,31.90999984741211,32.43000030517578,31.719999313354492,32.27000045776367,25000,0.0,0.0
2022-12-27 00:00:00-05:00,32.529998779296875,32.529998779296875,31.780000686645508,32.0,20200,0.0,0.0
2022-12-28 00:00:00-05:00,32.060001373291016,32.27000045776367,31.5,31.739999771118164,19700,0.0,0.0
2022-12-29 00:00:00-05:00,31.860000610351562,33.88999938964844,31.860000610351562,33.75,30300,0.0,0.0
2022-12-30 00:00:00-05:00,33.290000915527344,34.65999984741211,33.290000915527344,33.91999816894531,30100,0.0,0.0
2023-01-03 00:00:00-05:00,34.52000045776367,34.79999923706055,32.63999938964844,33.25,28200,0.0,0.0
2023-01-04 00:00:00-05:00,33.540000915527344,34.709999084472656,32.939998626708984,34.36000061035156,34800,0.0,0.0
2023-01-05 00:00:00-05:00,34.2400016784668,34.369998931884766,32.02000045776367,32.060001373291016,42200,0.0,0.0
2023-01-06 00:00:00-05:00,32.70000076293945,33.400001525878906,31.610000610351562,33.060001373291016,49600,0.0,0.0
2023-01-09 00:00:00-05:00,33.150001525878906,38.0,33.150001525878906,36.95000076293945,87000,0.0,0.0
2023-01-10 00:00:00-05:00,36.95000076293945,37.29999923706055,33.869998931884766,33.900001525878906,67900,0.0,0.0
2023-01-11 00:00:00-05:00,33.529998779296875,34.279998779296875,32.130001068115234,32.720001220703125,33700,0.0,0.0
2023-01-12 00:00:00-05:00,32.720001220703125,32.88999938964844,30.790000915527344,32.5099983215332,49600,0.0,0.0
2023-01-13 00:00:00-05:00,32.5,34.41999816894531,32.5,34.380001068115234,42700,0.0,0.0
2023-01-17 00:00:00-05:00,34.34000015258789,35.130001068115234,33.40999984741211,33.70000076293945,50200,0.0,0.0
2023-01-18 00:00:00-05:00,34.150001525878906,34.400001525878906,33.02000045776367,33.65999984741211,25900,0.0,0.0
2023-01-19 00:00:00-05:00,33.459999084472656,34.86000061035156,33.060001373291016,34.779998779296875,40600,0.0,0.0
2023-01-20 00:00:00-05:00,35.099998474121094,35.65999984741211,34.529998779296875,35.029998779296875,37700,0.0,0.0
2023-01-23 00:00:00-05:00,35.0099983215332,36.34000015258789,34.75,36.33000183105469,29400,0.0,0.0
2023-01-24 00:00:00-05:00,35.66999816894531,36.95000076293945,35.40999984741211,35.70000076293945,34700,0.0,0.0
2023-01-25 00:00:00-05:00,35.650001525878906,35.650001525878906,34.380001068115234,34.65999984741211,26300,0.0,0.0
2023-01-26 00:00:00-05:00,34.709999084472656,34.790000915527344,33.560001373291016,33.81999969482422,22700,0.0,0.0
2023-01-27 00:00:00-05:00,33.869998931884766,34.060001373291016,32.47999954223633,33.09000015258789,61100,0.0,0.0
2023-01-30 00:00:00-05:00,32.45000076293945,33.349998474121094,31.290000915527344,32.290000915527344,58100,0.0,0.0
2023-01-31 00:00:00-05:00,32.40999984741211,33.959999084472656,32.40999984741211,33.16999816894531,83900,0.0,0.0
2023-02-01 00:00:00-05:00,33.279998779296875,33.59000015258789,32.2599983215332,33.5,127600,0.0,0.0
2023-02-02 00:00:00-05:00,34.11000061035156,35.9900016784668,33.65999984741211,34.47999954223633,175300,0.0,0.0
2023-02-03 00:00:00-05:00,34.150001525878906,36.619998931884766,34.13999938964844,36.29999923706055,69500,0.0,0.0
2023-02-06 00:00:00-05:00,35.81999969482422,36.790000915527344,34.2400016784668,34.33000183105469,63000,0.0,0.0
2023-02-07 00:00:00-05:00,34.099998474121094,34.400001525878906,32.91999816894531,33.77000045776367,42100,0.0,0.0
2023-02-08 00:00:00-05:00,33.22999954223633,33.84000015258789,33.060001373291016,33.54999923706055,41000,0.0,0.0
2023-02-09 00:00:00-05:00,34.27000045776367,35.33000183105469,32.65999984741211,32.65999984741211,46900,0.0,0.0
2023-02-10 00:00:00-05:00,32.619998931884766,33.45000076293945,31.6200008392334,33.31999969482422,63100,0.0,0.0
2023-02-13 00:00:00-05:00,33.08000183105469,34.75,32.97999954223633,33.88999938964844,42400,0.0,0.0
2023-02-14 00:00:00-05:00,33.25,34.439998626708984,33.25,33.84000015258789,42100,0.0,0.0
2023-02-15 00:00:00-05:00,33.70000076293945,36.130001068115234,33.31999969482422,35.9900016784668,49800,0.0,0.0
2023-02-16 00:00:00-05:00,35.119998931884766,35.65999984741211,33.150001525878906,33.16999816894531,67600,0.0,0.0
2023-02-17 00:00:00-05:00,33.380001068115234,33.380001068115234,29.84000015258789,30.280000686645508,55200,0.0,0.0
2023-02-21 00:00:00-05:00,29.809999465942383,30.049999237060547,28.8700008392334,29.59000015258789,118400,0.0,0.0
2023-02-22 00:00:00-05:00,29.420000076293945,29.59000015258789,25.600000381469727,25.639999389648438,126800,0.0,0.0
2023-02-23 00:00:00-05:00,26.149999618530273,26.809999465942383,25.0,25.079999923706055,118500,0.0,0.0
2023-02-24 00:00:00-05:00,24.850000381469727,24.850000381469727,23.469999313354492,24.239999771118164,159000,0.0,0.0
2023-02-27 00:00:00-05:00,24.43000030517578,24.43000030517578,23.200000762939453,23.389999389648438,119700,0.0,0.0
2023-02-28 00:00:00-05:00,23.200000762939453,23.81999969482422,22.90999984741211,23.1200008392334,130800,0.0,0.0
2023-03-01 00:00:00-05:00,23.209999084472656,23.860000610351562,21.579999923706055,21.65999984741211,142600,0.0,0.0
2023-03-02 00:00:00-05:00,21.360000610351562,22.06999969482422,20.8799991607666,21.75,153000,0.0,0.0
2023-03-03 00:00:00-05:00,21.959999084472656,24.049999237060547,21.8700008392334,23.899999618530273,151600,0.0,0.0
2023-03-06 00:00:00-05:00,23.760000228881836,24.350000381469727,22.969999313354492,23.06999969482422,70600,0.0,0.0
2023-03-07 00:00:00-05:00,23.139999389648438,23.309999465942383,22.219999313354492,22.530000686645508,46900,0.0,0.0
2023-03-08 00:00:00-05:00,22.6299991607666,23.59000015258789,22.350000381469727,23.530000686645508,34700,0.0,0.0
2023-03-09 00:00:00-05:00,23.34000015258789,23.700000762939453,22.719999313354492,23.170000076293945,56400,0.0,0.0
2023-03-10 00:00:00-05:00,23.049999237060547,23.049999237060547,22.190000534057617,22.549999237060547,72900,0.0,0.0
2023-03-13 00:00:00-04:00,22.270000457763672,23.579999923706055,22.010000228881836,23.15999984741211,81000,0.0,0.0
2023-03-14 00:00:00-04:00,23.56999969482422,23.56999969482422,22.229999542236328,22.65999984741211,100600,0.0,0.0
2023-03-15 00:00:00-04:00,22.25,24.18000030517578,22.040000915527344,24.1200008392334,59600,0.0,0.0
2023-03-16 00:00:00-04:00,23.959999084472656,25.020000457763672,23.729999542236328,23.860000610351562,68100,0.0,0.0
2023-03-17 00:00:00-04:00,23.68000030517578,23.93000030517578,22.850000381469727,22.850000381469727,82300,0.0,0.0
2023-03-20 00:00:00-04:00,22.969999313354492,22.969999313354492,22.18000030517578,22.360000610351562,72600,0.0,0.0
2023-03-21 00:00:00-04:00,22.6200008392334,23.3799991607666,22.18000030517578,23.280000686645508,43400,0.0,0.0
2023-03-22 00:00:00-04:00,23.290000915527344,24.270000457763672,23.1299991607666,23.260000228881836,42100,0.0,0.0
2023-03-23 00:00:00-04:00,23.40999984741211,24.469999313354492,23.40999984741211,24.34000015258789,53000,0.0,0.0
2023-03-24 00:00:00-04:00,24.309999465942383,25.549999237060547,24.309999465942383,24.790000915527344,43600,0.0,0.0
2023-03-27 00:00:00-04:00,24.8700008392334,24.989999771118164,23.229999542236328,23.360000610351562,82400,0.0,0.0
2023-03-28 00:00:00-04:00,23.260000228881836,23.260000228881836,20.790000915527344,20.950000762939453,65500,0.0,0.0
2023-03-29 00:00:00-04:00,20.979999542236328,21.1200008392334,19.049999237060547,19.3700008392334,122800,0.0,0.0
2023-03-30 00:00:00-04:00,19.520000457763672,19.719999313354492,18.0,18.719999313354492,157100,0.0,0.0
2023-03-31 00:00:00-04:00,18.690000534057617,19.489999771118164,18.479999542236328,19.450000762939453,126100,0.0,0.0
2023-04-03 00:00:00-04:00,19.229999542236328,19.84000015258789,17.75,17.899999618530273,106500,0.0,0.0
2023-04-04 00:00:00-04:00,17.899999618530273,17.899999618530273,16.030000686645508,17.020000457763672,170600,0.0,0.0
2023-04-05 00:00:00-04:00,17.040000915527344,17.09000015258789,16.5,16.790000915527344,68800,0.0,0.0
2023-04-06 00:00:00-04:00,16.56999969482422,17.15999984741211,16.40999984741211,17.100000381469727,88300,0.0,0.0
2023-04-10 00:00:00-04:00,17.0,17.860000610351562,16.790000915527344,17.280000686645508,62000,0.0,0.0
2023-04-11 00:00:00-04:00,17.299999237060547,18.149999618530273,17.209999084472656,18.049999237060547,67900,0.0,0.0
2023-04-12 00:00:00-04:00,18.139999389648438,18.360000610351562,18.0,18.239999771118164,68200,0.0,0.0
2023-04-13 00:00:00-04:00,18.3799991607666,20.110000610351562,18.290000915527344,19.639999389648438,69900,0.0,0.0
2023-04-14 00:00:00-04:00,19.59000015258789,19.59000015258789,18.520000457763672,19.1200008392334,111100,0.0,0.0
2023-04-17 00:00:00-04:00,19.030000686645508,19.43000030517578,18.610000610351562,19.290000915527344,45500,0.0,0.0
2023-04-18 00:00:00-04:00,19.450000762939453,20.6299991607666,19.299999237060547,20.520000457763672,47700,0.0,0.0
2023-04-19 00:00:00-04:00,20.31999969482422,21.219999313354492,20.0,20.489999771118164,63300,0.0,0.0
2023-04-20 00:00:00-04:00,20.3700008392334,20.899999618530273,19.829999923706055,20.829999923706055,58900,0.0,0.0
2023-04-21 00:00:00-04:00,20.799999237060547,22.40999984741211,20.760000228881836,22.200000762939453,109600,0.0,0.0
2023-04-24 00:00:00-04:00,22.190000534057617,22.75,21.1299991607666,22.030000686645508,52900,0.0,0.0
2023-04-25 00:00:00-04:00,21.899999618530273,23.09000015258789,21.700000762939453,22.110000610351562,58100,0.0,0.0
2023-04-26 00:00:00-04:00,22.31999969482422,22.690000534057617,21.149999618530273,22.56999969482422,75000,0.0,0.0
2023-04-27 00:00:00-04:00,22.6200008392334,23.950000762939453,22.530000686645508,23.540000915527344,62600,0.0,0.0
2023-04-28 00:00:00-04:00,23.559999465942383,23.719999313354492,22.309999465942383,22.389999389648438,49700,0.0,0.0
2023-05-01 00:00:00-04:00,22.399999618530273,22.489999771118164,20.610000610351562,21.610000610351562,55800,0.0,0.0
2023-05-02 00:00:00-04:00,21.65999984741211,22.350000381469727,20.809999465942383,22.110000610351562,77900,0.0,0.0
2023-05-03 00:00:00-04:00,22.139999389648438,23.809999465942383,21.899999618530273,22.40999984741211,67400,0.0,0.0
2023-05-04 00:00:00-04:00,22.290000915527344,23.110000610351562,22.290000915527344,22.780000686645508,59900,0.0,0.0
2023-05-05 00:00:00-04:00,23.59000015258789,28.799999237060547,23.290000915527344,27.40999984741211,213500,0.0,0.0
2023-05-08 00:00:00-04:00,27.450000762939453,27.940000534057617,26.299999237060547,26.850000381469727,125400,0.0,0.0
2023-05-09 00:00:00-04:00,26.510000228881836,26.510000228881836,17.65999984741211,24.059999465942383,622400,0.0,0.0
2023-05-10 00:00:00-04:00,24.25,32.29999923706055,24.25,27.31999969482422,683700,0.0,0.0
2023-05-11 00:00:00-04:00,27.670000076293945,31.399999618530273,26.0,26.200000762939453,328400,0.0,0.0
2023-05-12 00:00:00-04:00,26.139999389648438,26.440000534057617,24.280000686645508,24.459999084472656,154900,0.0,0.0
2023-05-15 00:00:00-04:00,24.43000030517578,26.959999084472656,24.43000030517578,26.65999984741211,71400,0.0,0.0
2023-05-16 00:00:00-04:00,26.6200008392334,26.739999771118164,24.899999618530273,26.670000076293945,91300,0.0,0.0
2023-05-17 00:00:00-04:00,26.809999465942383,28.899999618530273,26.809999465942383,28.81999969482422,94000,0.0,0.0
2023-05-18 00:00:00-04:00,28.8799991607666,31.100000381469727,28.360000610351562,30.760000228881836,130300,0.0,0.0
2023-05-19 00:00:00-04:00,31.420000076293945,31.420000076293945,30.09000015258789,30.700000762939453,68800,0.0,0.0
2023-05-22 00:00:00-04:00,30.399999618530273,31.329999923706055,30.09000015258789,30.549999237060547,53000,0.0,0.0
2023-05-23 00:00:00-04:00,30.600000381469727,31.889999389648438,30.100000381469727,30.260000228881836,67700,0.0,0.0
2023-05-24 00:00:00-04:00,29.770000457763672,30.049999237060547,28.8700008392334,29.809999465942383,48000,0.0,0.0
2023-05-25 00:00:00-04:00,30.059999465942383,31.15999984741211,30.059999465942383,31.06999969482422,45700,0.0,0.0
2023-05-26 00:00:00-04:00,30.940000534057617,32.70000076293945,30.860000610351562,31.639999389648438,67300,0.0,0.0
2023-05-30 00:00:00-04:00,31.90999984741211,33.15999984741211,31.799999237060547,32.310001373291016,60300,0.0,0.0
2023-05-31 00:00:00-04:00,32.150001525878906,32.79999923706055,30.469999313354492,31.100000381469727,325800,0.0,0.0
2023-06-01 00:00:00-04:00,30.81999969482422,31.40999984741211,30.43000030517578,30.739999771118164,78000,0.0,0.0
2023-06-02 00:00:00-04:00,31.139999389648438,32.20000076293945,30.920000076293945,32.18000030517578,65300,0.0,0.0
2023-06-05 00:00:00-04:00,31.899999618530273,31.899999618530273,30.690000534057617,30.809999465942383,43200,0.0,0.0
2023-06-06 00:00:00-04:00,30.700000762939453,31.59000015258789,30.510000228881836,30.709999084472656,58100,0.0,0.0
2023-06-07 00:00:00-04:00,30.969999313354492,31.639999389648438,29.760000228881836,30.420000076293945,60700,0.0,0.0
2023-06-08 00:00:00-04:00,30.489999771118164,30.940000534057617,29.700000762939453,30.719999313354492,40000,0.0,0.0
2023-06-09 00:00:00-04:00,30.65999984741211,31.219999313354492,30.09000015258789,30.799999237060547,36900,0.0,0.0
2023-06-12 00:00:00-04:00,31.100000381469727,32.79999923706055,30.799999237060547,32.310001373291016,37700,0.0,0.0
2023-06-13 00:00:00-04:00,32.689998626708984,33.439998626708984,32.47999954223633,32.79999923706055,52000,0.0,0.0
2023-06-14 00:00:00-04:00,32.91999816894531,32.95000076293945,29.8700008392334,29.959999084472656,46100,0.0,0.0
2023-06-15 00:00:00-04:00,29.530000686645508,31.360000610351562,29.200000762939453,29.43000030517578,57500,0.0,0.0
2023-06-16 00:00:00-04:00,29.90999984741211,31.389999389648438,29.389999389648438,31.389999389648438,76400,0.0,0.0
2023-06-20 00:00:00-04:00,31.489999771118164,33.0,30.770000457763672,30.8799991607666,84800,0.0,0.0
2023-06-21 00:00:00-04:00,30.81999969482422,30.829999923706055,28.309999465942383,28.309999465942383,41500,0.0,0.0
2023-06-22 00:00:00-04:00,28.100000381469727,28.440000534057617,27.100000381469727,27.959999084472656,52100,0.0,0.0
2023-06-23 00:00:00-04:00,27.40999984741211,28.860000610351562,27.40999984741211,28.0,279200,0.0,0.0
2023-06-26 00:00:00-04:00,27.920000076293945,28.31999969482422,24.709999084472656,25.09000015258789,99400,0.0,0.0
2023-06-27 00:00:00-04:00,25.170000076293945,25.34000015258789,24.100000381469727,25.09000015258789,74400,0.0,0.0
2023-06-28 00:00:00-04:00,24.989999771118164,26.010000228881836,24.40999984741211,25.15999984741211,181600,0.0,0.0
2023-06-29 00:00:00-04:00,25.229999542236328,26.899999618530273,25.229999542236328,26.780000686645508,41700,0.0,0.0
2023-06-30 00:00:00-04:00,26.979999542236328,28.239999771118164,26.8700008392334,27.739999771118164,55300,0.0,0.0
2023-07-03 00:00:00-04:00,27.719999313354492,28.829999923706055,27.719999313354492,28.68000030517578,32800,0.0,0.0
2023-07-05 00:00:00-04:00,28.5,29.149999618530273,28.3700008392334,28.770000457763672,59900,0.0,0.0
2023-07-06 00:00:00-04:00,28.709999084472656,30.0,28.270000457763672,29.8799991607666,75300,0.0,0.0
2023-07-07 00:00:00-04:00,29.670000076293945,30.959999084472656,29.479999542236328,30.8700008392334,95400,0.0,0.0
2023-07-10 00:00:00-04:00,30.84000015258789,31.0,29.260000228881836,29.510000228881836,51300,0.0,0.0
2023-07-11 00:00:00-04:00,29.530000686645508,30.239999771118164,29.040000915527344,30.100000381469727,32800,0.0,0.0
2023-07-12 00:00:00-04:00,30.510000228881836,30.559999465942383,29.469999313354492,29.899999618530273,40600,0.0,0.0
2023-07-13 00:00:00-04:00,30.0,30.520000457763672,29.639999389648438,29.889999389648438,32300,0.0,0.0
2023-07-14 00:00:00-04:00,29.8700008392334,30.260000228881836,29.610000610351562,29.860000610351562,22600,0.0,0.0
2023-07-17 00:00:00-04:00,29.950000762939453,30.920000076293945,29.790000915527344,30.479999542236328,28900,0.0,0.0
2023-07-18 00:00:00-04:00,30.549999237060547,30.690000534057617,29.420000076293945,30.06999969482422,27500,0.0,0.0
2023-07-19 00:00:00-04:00,30.139999389648438,30.799999237060547,29.610000610351562,29.989999771118164,37600,0.0,0.0
2023-07-20 00:00:00-04:00,29.6299991607666,29.6299991607666,27.489999771118164,28.139999389648438,22000,0.0,0.0
2023-07-21 00:00:00-04:00,28.280000686645508,28.3799991607666,27.209999084472656,27.690000534057617,24700,0.0,0.0
2023-07-24 00:00:00-04:00,27.690000534057617,28.899999618530273,27.239999771118164,28.3700008392334,40500,0.0,0.0
2023-07-25 00:00:00-04:00,28.40999984741211,28.559999465942383,27.90999984741211,28.280000686645508,30100,0.0,0.0
2023-07-26 00:00:00-04:00,28.06999969482422,29.389999389648438,28.06999969482422,28.719999313354492,29400,0.0,0.0
2023-07-27 00:00:00-04:00,29.15999984741211,29.420000076293945,28.459999084472656,28.719999313354492,32000,0.0,0.0
2023-07-28 00:00:00-04:00,29.040000915527344,29.200000762939453,28.420000076293945,28.8700008392334,26000,0.0,0.0
2023-07-31 00:00:00-04:00,29.040000915527344,31.18000030517578,29.040000915527344,30.889999389648438,27800,0.0,0.0
2023-08-01 00:00:00-04:00,30.770000457763672,31.6200008392334,29.959999084472656,30.700000762939453,51700,0.0,0.0
2023-08-02 00:00:00-04:00,30.229999542236328,30.440000534057617,26.5,26.989999771118164,53800,0.0,0.0
2023-08-03 00:00:00-04:00,26.510000228881836,27.25,25.43000030517578,26.329999923706055,37200,0.0,0.0
2023-08-04 00:00:00-04:00,25.950000762939453,26.450000762939453,23.75,24.09000015258789,42000,0.0,0.0
2023-08-07 00:00:00-04:00,24.190000534057617,24.270000457763672,23.280000686645508,23.43000030517578,69900,0.0,0.0
2023-08-08 00:00:00-04:00,22.989999771118164,23.18000030517578,21.0,21.149999618530273,52400,0.0,0.0
2023-08-09 00:00:00-04:00,20.989999771118164,21.329999923706055,20.420000076293945,20.530000686645508,76800,0.0,0.0
2023-08-10 00:00:00-04:00,20.510000228881836,20.979999542236328,20.18000030517578,20.700000762939453,46700,0.0,0.0
2023-08-11 00:00:00-04:00,20.260000228881836,20.8700008392334,20.100000381469727,20.479999542236328,26600,0.0,0.0
2023-08-14 00:00:00-04:00,20.309999465942383,21.030000686645508,20.18000030517578,20.90999984741211,19800,0.0,0.0
2023-08-15 00:00:00-04:00,20.8799991607666,21.100000381469727,20.56999969482422,20.770000457763672,31300,0.0,0.0
2023-08-16 00:00:00-04:00,20.8700008392334,21.649999618530273,20.469999313354492,21.420000076293945,32600,0.0,0.0
2023-08-17 00:00:00-04:00,21.450000762939453,21.450000762939453,18.90999984741211,19.510000228881836,90600,0.0,0.0
2023-08-18 00:00:00-04:00,19.079999923706055,20.479999542236328,19.040000915527344,20.1200008392334,44300,0.0,0.0
2023-08-21 00:00:00-04:00,20.15999984741211,20.84000015258789,19.549999237060547,20.739999771118164,35800,0.0,0.0
2023-08-22 00:00:00-04:00,20.969999313354492,21.649999618530273,20.729999542236328,21.270000457763672,39900,0.0,0.0
2023-08-23 00:00:00-04:00,21.59000015258789,23.1299991607666,21.43000030517578,23.09000015258789,48400,0.0,0.0
2023-08-24 00:00:00-04:00,23.360000610351562,24.600000381469727,22.469999313354492,24.469999313354492,72600,0.0,0.0
2023-08-25 00:00:00-04:00,24.600000381469727,24.600000381469727,22.59000015258789,22.739999771118164,76600,0.0,0.0
2023-08-28 00:00:00-04:00,22.829999923706055,23.209999084472656,22.0,22.670000076293945,27200,0.0,0.0
2023-08-29 00:00:00-04:00,22.739999771118164,23.889999389648438,22.389999389648438,23.889999389648438,36000,0.0,0.0
2023-08-30 00:00:00-04:00,23.93000030517578,24.170000076293945,23.639999389648438,23.75,22600,0.0,0.0
2023-08-31 00:00:00-04:00,23.899999618530273,24.479999542236328,23.389999389648438,23.649999618530273,52000,0.0,0.0
2023-09-01 00:00:00-04:00,23.809999465942383,24.6200008392334,23.549999237060547,24.510000228881836,46100,0.0,0.0
2023-09-05 00:00:00-04:00,24.399999618530273,24.399999618530273,21.219999313354492,21.6200008392334,42400,0.0,0.0
2023-09-06 00:00:00-04:00,21.209999084472656,21.43000030517578,19.389999389648438,20.290000915527344,50600,0.0,0.0
2023-09-07 00:00:00-04:00,19.920000076293945,20.729999542236328,19.639999389648438,19.780000686645508,55900,0.0,0.0
2023-09-08 00:00:00-04:00,19.959999084472656,20.270000457763672,19.40999984741211,20.100000381469727,25700,0.0,0.0
2023-09-11 00:00:00-04:00,20.56999969482422,20.8700008392334,19.790000915527344,20.549999237060547,18700,0.0,0.0
2023-09-12 00:00:00-04:00,20.270000457763672,21.059999465942383,20.270000457763672,20.959999084472656,27100,0.0,0.0
2023-09-13 00:00:00-04:00,21.010000228881836,22.780000686645508,20.969999313354492,21.90999984741211,39800,0.0,0.0
2023-09-14 00:00:00-04:00,22.030000686645508,22.850000381469727,21.809999465942383,22.770000457763672,28600,0.0,0.0
2023-09-15 00:00:00-04:00,22.860000610351562,23.40999984741211,21.93000030517578,23.15999984741211,53900,0.0,0.0
2023-09-18 00:00:00-04:00,23.299999237060547,23.360000610351562,22.360000610351562,22.360000610351562,25000,0.0,0.0
2023-09-19 00:00:00-04:00,22.670000076293945,22.829999923706055,20.079999923706055,20.520000457763672,26500,0.0,0.0
2023-09-20 00:00:00-04:00,20.3799991607666,20.450000762939453,19.43000030517578,19.65999984741211,46400,0.0,0.0
2023-09-21 00:00:00-04:00,19.3700008392334,19.760000228881836,19.040000915527344,19.549999237060547,28400,0.0,0.0
2023-09-22 00:00:00-04:00,19.549999237060547,20.15999984741211,19.049999237060547,19.760000228881836,44100,0.0,0.0
2023-09-25 00:00:00-04:00,19.81999969482422,20.110000610351562,19.0,19.420000076293945,48800,0.0,0.0
2023-09-26 00:00:00-04:00,19.270000457763672,19.350000381469727,18.850000381469727,19.260000228881836,66200,0.0,0.0
2023-09-27 00:00:00-04:00,18.920000076293945,19.489999771118164,18.770000457763672,19.110000610351562,30800,0.0,0.0
2023-09-28 00:00:00-04:00,19.360000610351562,20.270000457763672,19.299999237060547,19.989999771118164,34100,0.0,0.0
2023-09-29 00:00:00-04:00,20.34000015258789,20.920000076293945,20.040000915527344,20.40999984741211,23500,0.0,0.0
2023-10-02 00:00:00-04:00,20.139999389648438,20.209999084472656,19.3700008392334,19.809999465942383,20500,0.0,0.0
2023-10-03 00:00:00-04:00,19.549999237060547,19.920000076293945,19.030000686645508,19.229999542236328,28400,0.0,0.0
2023-10-04 00:00:00-04:00,19.5,19.65999984741211,18.93000030517578,19.030000686645508,50700,0.0,0.0
2023-10-05 00:00:00-04:00,19.100000381469727,19.84000015258789,18.25,19.700000762939453,60200,0.0,0.0
2023-10-06 00:00:00-04:00,19.520000457763672,20.290000915527344,19.329999923706055,19.670000076293945,29900,0.0,0.0
2023-10-09 00:00:00-04:00,19.739999771118164,20.149999618530273,19.6299991607666,19.719999313354492,26400,0.0,0.0
2023-10-10 00:00:00-04:00,20.5,21.559999465942383,20.5,21.100000381469727,35700,0.0,0.0
2023-10-11 00:00:00-04:00,21.059999465942383,21.059999465942383,19.889999389648438,20.579999923706055,37500,0.0,0.0
2023-10-12 00:00:00-04:00,20.549999237060547,20.549999237060547,19.799999237060547,20.139999389648438,32200,0.0,0.0
2023-10-13 00:00:00-04:00,20.170000076293945,20.420000076293945,19.6200008392334,20.190000534057617,30000,0.0,0.0
2023-10-16 00:00:00-04:00,20.25,21.040000915527344,20.25,20.760000228881836,21500,0.0,0.0
2023-10-17 00:00:00-04:00,20.540000915527344,21.299999237060547,19.729999542236328,20.600000381469727,62100,0.0,0.0
2023-10-18 00:00:00-04:00,20.229999542236328,20.709999084472656,19.639999389648438,20.049999237060547,39700,0.0,0.0
2023-10-19 00:00:00-04:00,20.219999313354492,21.0,19.899999618530273,20.25,47600,0.0,0.0
2023-10-20 00:00:00-04:00,20.329999923706055,20.719999313354492,18.8700008392334,19.040000915527344,66900,0.0,0.0
2023-10-23 00:00:00-04:00,19.229999542236328,19.760000228881836,18.899999618530273,19.489999771118164,32300,0.0,0.0
2023-10-24 00:00:00-04:00,19.700000762939453,19.93000030517578,18.600000381469727,19.149999618530273,45300,0.0,0.0
2023-10-25 00:00:00-04:00,18.809999465942383,18.989999771118164,17.84000015258789,18.040000915527344,51200,0.0,0.0
2023-10-26 00:00:00-04:00,18.170000076293945,18.170000076293945,17.049999237060547,17.350000381469727,69700,0.0,0.0
2023-10-27 00:00:00-04:00,16.940000534057617,17.15999984741211,16.239999771118164,16.690000534057617,58800,0.0,0.0
2023-10-30 00:00:00-04:00,16.780000686645508,16.989999771118164,16.200000762939453,16.81999969482422,31700,0.0,0.0
2023-10-31 00:00:00-04:00,16.760000228881836,17.260000228881836,16.65999984741211,16.889999389648438,45600,0.0,0.0
2023-11-01 00:00:00-04:00,16.799999237060547,17.09000015258789,15.649999618530273,15.739999771118164,69200,0.0,0.0
2023-11-02 00:00:00-04:00,15.8100004196167,16.510000228881836,15.800000190734863,16.469999313354492,43400,0.0,0.0
2023-11-03 00:00:00-04:00,16.920000076293945,19.479999542236328,16.700000762939453,19.450000762939453,82100,0.0,0.0
2023-11-06 00:00:00-05:00,19.760000228881836,21.200000762939453,19.020000457763672,20.139999389648438,62200,0.0,0.0
2023-11-07 00:00:00-05:00,19.639999389648438,20.139999389648438,19.459999084472656,19.899999618530273,25300,0.0,0.0
2023-11-08 00:00:00-05:00,19.780000686645508,19.8700008392334,18.690000534057617,19.309999465942383,27800,0.0,0.0
2023-11-09 00:00:00-05:00,19.34000015258789,19.34000015258789,18.700000762939453,19.010000228881836,27000,0.0,0.0
2023-11-10 00:00:00-05:00,19.889999389648438,19.889999389648438,18.979999542236328,19.18000030517578,31400,0.0,0.0
2023-11-13 00:00:00-05:00,19.0,20.329999923706055,18.799999237060547,20.170000076293945,36400,0.0,0.0
2023-11-14 00:00:00-05:00,21.0,21.40999984741211,19.899999618530273,20.5,71800,0.0,0.0
2023-11-15 00:00:00-05:00,20.5,21.559999465942383,20.5,21.1200008392334,46900,0.0,0.0
2023-11-16 00:00:00-05:00,21.15999984741211,21.15999984741211,20.600000381469727,20.889999389648438,25900,0.0,0.0
2023-11-17 00:00:00-05:00,21.139999389648438,21.360000610351562,20.809999465942383,21.06999969482422,26000,0.0,0.0
2023-11-20 00:00:00-05:00,21.360000610351562,21.670000076293945,21.09000015258789,21.34000015258789,33000,0.0,0.0
2023-11-21 00:00:00-05:00,21.030000686645508,21.149999618530273,20.489999771118164,20.8799991607666,25000,0.0,0.0
2023-11-22 00:00:00-05:00,21.1200008392334,21.31999969482422,20.829999923706055,20.969999313354492,24900,0.0,0.0
2023-11-24 00:00:00-05:00,20.780000686645508,21.010000228881836,20.34000015258789,20.450000762939453,7200,0.0,0.0
2023-11-27 00:00:00-05:00,20.459999084472656,21.459999084472656,20.399999618530273,21.170000076293945,21900,0.0,0.0
2023-11-28 00:00:00-05:00,20.809999465942383,22.329999923706055,20.809999465942383,21.889999389648438,34600,0.0,0.0
2023-11-29 00:00:00-05:00,22.200000762939453,22.68000030517578,21.170000076293945,21.540000915527344,40300,0.0,0.0
2023-11-30 00:00:00-05:00,21.469999313354492,21.469999313354492,20.959999084472656,21.209999084472656,31600,0.0,0.0
2023-12-01 00:00:00-05:00,21.639999389648438,22.56999969482422,21.540000915527344,22.329999923706055,39500,0.0,0.0
2023-12-04 00:00:00-05:00,22.010000228881836,23.0,22.010000228881836,22.799999237060547,27200,0.0,0.0
2023-12-05 00:00:00-05:00,22.760000228881836,23.520000457763672,22.450000762939453,23.309999465942383,26100,0.0,0.0
2023-12-06 00:00:00-05:00,23.440000534057617,24.440000534057617,23.100000381469727,23.3799991607666,29100,0.0,0.0
2023-12-07 00:00:00-05:00,23.75,24.600000381469727,23.649999618530273,24.600000381469727,28000,0.0,0.0
2023-12-08 00:00:00-05:00,24.600000381469727,24.6299991607666,23.520000457763672,23.809999465942383,36500,0.0,0.0
2023-12-11 00:00:00-05:00,23.84000015258789,24.510000228881836,23.440000534057617,24.059999465942383,27500,0.0,0.0
2023-12-12 00:00:00-05:00,23.610000610351562,24.139999389648438,23.549999237060547,23.899999618530273,12700,0.0,0.0
2023-12-13 00:00:00-05:00,24.100000381469727,25.0,23.329999923706055,24.860000610351562,58500,0.0,0.0
2023-12-14 00:00:00-05:00,25.0,26.350000381469727,24.979999542236328,25.739999771118164,53900,0.0,0.0
2023-12-15 00:00:00-05:00,26.040000915527344,26.040000915527344,24.469999313354492,25.110000610351562,66000,0.0,0.0
2023-12-18 00:00:00-05:00,25.1200008392334,25.190000534057617,23.860000610351562,24.350000381469727,25300,0.0,0.0
2023-12-19 00:00:00-05:00,24.360000610351562,25.1200008392334,23.809999465942383,24.540000915527344,49300,0.0,0.0
2023-12-20 00:00:00-05:00,24.780000686645508,25.399999618530273,23.68000030517578,23.850000381469727,50700,0.0,0.0
2023-12-21 00:00:00-05:00,24.010000228881836,25.079999923706055,23.520000457763672,23.979999542236328,37600,0.0,0.0
2023-12-22 00:00:00-05:00,24.020000457763672,25.440000534057617,23.8799991607666,25.219999313354492,28700,0.0,0.0
2023-12-26 00:00:00-05:00,24.760000228881836,25.739999771118164,24.520000457763672,25.43000030517578,20600,0.0,0.0
2023-12-27 00:00:00-05:00,25.729999542236328,27.489999771118164,25.639999389648438,27.3799991607666,28600,0.0,0.0
2023-12-28 00:00:00-05:00,27.25,28.65999984741211,26.06999969482422,27.950000762939453,30000,0.0,0.0
2023-12-29 00:00:00-05:00,27.559999465942383,28.3700008392334,26.729999542236328,27.0,56000,0.0,0.0
2024-01-02 00:00:00-05:00,27.149999618530273,27.149999618530273,25.239999771118164,25.43000030517578,30600,0.0,0.0
2024-01-03 00:00:00-05:00,25.34000015258789,25.989999771118164,23.65999984741211,23.809999465942383,39600,0.0,0.0
2024-01-04 00:00:00-05:00,23.799999237060547,25.299999237060547,23.399999618530273,24.229999542236328,58200,0.0,0.0
2024-01-05 00:00:00-05:00,24.079999923706055,24.770000457763672,23.149999618530273,23.809999465942383,57800,0.0,0.0
2024-01-08 00:00:00-05:00,23.389999389648438,24.1200008392334,23.34000015258789,23.899999618530273,16000,0.0,0.0
2024-01-09 00:00:00-05:00,23.40999984741211,23.40999984741211,22.059999465942383,22.139999389648438,17700,0.0,0.0
2024-01-10 00:00:00-05:00,23.739999771118164,24.020000457763672,21.40999984741211,22.3799991607666,23800,0.0,0.0
2024-01-11 00:00:00-05:00,22.190000534057617,23.06999969482422,21.309999465942383,21.579999923706055,21000,0.0,0.0
2024-01-12 00:00:00-05:00,22.149999618530273,23.450000762939453,21.860000610351562,22.020000457763672,28000,0.0,0.0
2024-01-16 00:00:00-05:00,21.579999923706055,21.579999923706055,21.06999969482422,21.440000534057617,22600,0.0,0.0
2024-01-17 00:00:00-05:00,20.809999465942383,22.3799991607666,20.729999542236328,22.350000381469727,25500,0.0,0.0
2024-01-18 00:00:00-05:00,22.149999618530273,22.8799991607666,22.149999618530273,22.43000030517578,13500,0.0,0.0
2024-01-19 00:00:00-05:00,22.690000534057617,23.049999237060547,22.239999771118164,22.56999969482422,13400,0.0,0.0
2024-01-22 00:00:00-05:00,22.75,24.030000686645508,22.729999542236328,23.799999237060547,19300,0.0,0.0
2024-01-23 00:00:00-05:00,24.09000015258789,24.09000015258789,23.079999923706055,23.920000076293945,14900,0.0,0.0
2024-01-24 00:00:00-05:00,24.469999313354492,24.520000457763672,22.850000381469727,23.049999237060547,18000,0.0,0.0
2024-01-25 00:00:00-05:00,23.75,23.75,22.790000915527344,22.790000915527344,9300,0.0,0.0
2024-01-26 00:00:00-05:00,23.170000076293945,23.719999313354492,22.520000457763672,23.520000457763672,11500,0.0,0.0
2024-01-29 00:00:00-05:00,23.43000030517578,24.540000915527344,23.43000030517578,24.530000686645508,15700,0.0,0.0
2024-01-30 00:00:00-05:00,24.1200008392334,24.899999618530273,24.059999465942383,24.489999771118164,8200,0.0,0.0
2024-01-31 00:00:00-05:00,24.549999237060547,24.65999984741211,23.1200008392334,23.1200008392334,18600,0.0,0.0
2024-02-01 00:00:00-05:00,23.31999969482422,23.950000762939453,22.399999618530273,23.31999969482422,14300,0.0,0.0
2024-02-02 00:00:00-05:00,23.15999984741211,24.09000015258789,23.049999237060547,23.299999237060547,12900,0.0,0.0
2024-02-05 00:00:00-05:00,22.770000457763672,23.100000381469727,21.139999389648438,21.229999542236328,19100,0.0,0.0
2024-02-06 00:00:00-05:00,22.110000610351562,22.110000610351562,20.719999313354492,21.329999923706055,20200,0.0,0.0
2024-02-07 00:00:00-05:00,21.5,22.34000015258789,21.40999984741211,21.979999542236328,61900,0.0,0.0
2024-02-08 00:00:00-05:00,21.700000762939453,22.700000762939453,21.700000762939453,22.139999389648438,15400,0.0,0.0
2024-02-09 00:00:00-05:00,21.979999542236328,22.780000686645508,21.8799991607666,22.360000610351562,24700,0.0,0.0
2024-02-12 00:00:00-05:00,22.299999237060547,22.700000762939453,21.899999618530273,22.260000228881836,22800,0.0,0.0
2024-02-13 00:00:00-05:00,21.440000534057617,21.940000534057617,20.010000228881836,20.209999084472656,23700,0.0,0.0
2024-02-14 00:00:00-05:00,20.459999084472656,21.200000762939453,20.450000762939453,21.1200008392334,15900,0.0,0.0
2024-02-15 00:00:00-05:00,21.139999389648438,22.309999465942383,20.940000534057617,22.309999465942383,33000,0.0,0.0
2024-02-16 00:00:00-05:00,22.399999618530273,22.8799991607666,21.770000457763672,21.84000015258789,21900,0.0,0.0
2024-02-20 00:00:00-05:00,21.3799991607666,22.1200008392334,21.3799991607666,21.979999542236328,14700,0.0,0.0
2024-02-21 00:00:00-05:00,22.170000076293945,22.5,21.450000762939453,21.719999313354492,20400,0.0,0.0
2024-02-22 00:00:00-05:00,21.6200008392334,21.739999771118164,20.829999923706055,21.350000381469727,17100,0.0,0.0
2024-02-23 00:00:00-05:00,21.899999618530273,21.899999618530273,20.190000534057617,20.489999771118164,48000,0.0,0.0
2024-02-26 00:00:00-05:00,20.0,20.489999771118164,18.229999542236328,18.649999618530273,87500,0.0,0.0
2024-02-27 00:00:00-05:00,18.479999542236328,19.219999313354492,18.010000228881836,18.780000686645508,57400,0.0,0.0
2024-02-28 00:00:00-05:00,18.309999465942383,19.18000030517578,18.309999465942383,18.989999771118164,52900,0.0,0.0
2024-02-29 00:00:00-05:00,19.360000610351562,19.360000610351562,18.690000534057617,18.899999618530273,84600,0.0,0.0
2024-03-01 00:00:00-05:00,18.799999237060547,18.8799991607666,18.1299991607666,18.600000381469727,22400,0.0,0.0
2024-03-04 00:00:00-05:00,18.6200008392334,18.760000228881836,17.690000534057617,18.459999084472656,62800,0.0,0.0
2024-03-05 00:00:00-05:00,18.030000686645508,18.100000381469727,17.59000015258789,18.030000686645508,136200,0.0,0.0
2024-03-06 00:00:00-05:00,18.139999389648438,18.649999618530273,17.200000762939453,18.649999618530273,116100,0.0,0.0
2024-03-07 00:00:00-05:00,18.670000076293945,19.010000228881836,18.59000015258789,18.790000915527344,34700,0.0,0.0
2024-03-08 00:00:00-05:00,18.950000762939453,19.350000381469727,18.649999618530273,18.889999389648438,37100,0.0,0.0
2024-03-11 00:00:00-04:00,18.579999923706055,19.010000228881836,18.399999618530273,18.600000381469727,64600,0.0,0.0
2024-03-12 00:00:00-04:00,18.56999969482422,18.729999542236328,18.479999542236328,18.65999984741211,73400,0.0,0.0
2024-03-13 00:00:00-04:00,18.469999313354492,18.81999969482422,18.0,18.040000915527344,44200,0.0,0.0
2024-03-14 00:00:00-04:00,17.950000762939453,18.459999084472656,17.760000228881836,17.989999771118164,64600,0.0,0.0
2024-03-15 00:00:00-04:00,17.81999969482422,18.229999542236328,17.670000076293945,17.920000076293945,64200,0.0,0.0
2024-03-18 00:00:00-04:00,17.81999969482422,18.1200008392334,17.5,17.729999542236328,57300,0.0,0.0
2024-03-19 00:00:00-04:00,17.459999084472656,18.149999618530273,17.459999084472656,18.020000457763672,35300,0.0,0.0
2024-03-20 00:00:00-04:00,17.940000534057617,18.540000915527344,17.670000076293945,18.469999313354492,47800,0.0,0.0
2024-03-21 00:00:00-04:00,18.440000534057617,18.780000686645508,18.18000030517578,18.5,47600,0.0,0.0
2024-03-22 00:00:00-04:00,18.5,18.670000076293945,17.760000228881836,18.270000457763672,36700,0.0,0.0
2024-03-25 00:00:00-04:00,18.260000228881836,18.329999923706055,17.5,17.639999389648438,41800,0.0,0.0
2024-03-26 00:00:00-04:00,17.670000076293945,18.049999237060547,17.510000228881836,17.8700008392334,36100,0.0,0.0
2024-03-27 00:00:00-04:00,17.90999984741211,18.6299991607666,17.860000610351562,18.549999237060547,28400,0.0,0.0
2024-03-28 00:00:00-04:00,18.5,18.940000534057617,18.450000762939453,18.559999465942383,22100,0.0,0.0
2024-04-01 00:00:00-04:00,18.8799991607666,18.8799991607666,18.15999984741211,18.479999542236328,30300,0.0,0.0
2024-04-02 00:00:00-04:00,18.1299991607666,18.149999618530273,17.389999389648438,17.899999618530273,61200,0.0,0.0
2024-04-03 00:00:00-04:00,18.149999618530273,18.639999389648438,18.040000915527344,18.149999618530273,23200,0.0,0.0
2024-04-04 00:00:00-04:00,18.360000610351562,18.790000915527344,17.610000610351562,17.700000762939453,40000,0.0,0.0
2024-04-05 00:00:00-04:00,17.639999389648438,18.020000457763672,17.639999389648438,17.950000762939453,40200,0.0,0.0
2024-04-08 00:00:00-04:00,17.770000457763672,18.040000915527344,17.3700008392334,17.809999465942383,27800,0.0,0.0
2024-04-09 00:00:00-04:00,18.020000457763672,18.239999771118164,17.829999923706055,18.079999923706055,20400,0.0,0.0
2024-04-10 00:00:00-04:00,17.43000030517578,17.829999923706055,17.389999389648438,17.520000457763672,42700,0.0,0.0
2024-04-11 00:00:00-04:00,17.59000015258789,17.81999969482422,17.239999771118164,17.56999969482422,21400,0.0,0.0
2024-04-12 00:00:00-04:00,17.5,18.59000015258789,17.5,18.010000228881836,37100,0.0,0.0
2024-04-15 00:00:00-04:00,18.0,18.030000686645508,17.719999313354492,17.799999237060547,35900,0.0,0.0
2024-04-16 00:00:00-04:00,17.8799991607666,18.690000534057617,17.860000610351562,18.43000030517578,28500,0.0,0.0
2024-04-17 00:00:00-04:00,18.25,18.399999618530273,17.260000228881836,17.5,45600,0.0,0.0
2024-04-18 00:00:00-04:00,17.280000686645508,17.790000915527344,17.25,17.469999313354492,48000,0.0,0.0
2024-04-19 00:00:00-04:00,17.350000381469727,17.850000381469727,17.299999237060547,17.510000228881836,26400,0.0,0.0
2024-04-22 00:00:00-04:00,17.90999984741211,18.100000381469727,17.450000762939453,17.6200008392334,33400,0.0,0.0
2024-04-23 00:00:00-04:00,17.489999771118164,18.030000686645508,17.489999771118164,17.600000381469727,21900,0.0,0.0
2024-04-24 00:00:00-04:00,17.56999969482422,18.010000228881836,17.389999389648438,17.920000076293945,39900,0.0,0.0
2024-04-25 00:00:00-04:00,17.68000030517578,17.940000534057617,17.350000381469727,17.84000015258789,34400,0.0,0.0
2024-04-26 00:00:00-04:00,18.020000457763672,18.229999542236328,17.889999389648438,17.950000762939453,16200,0.0,0.0
2024-04-29 00:00:00-04:00,17.899999618530273,18.309999465942383,17.84000015258789,17.950000762939453,11300,0.0,0.0
2024-04-30 00:00:00-04:00,17.65999984741211,17.780000686645508,17.5,17.670000076293945,36900,0.0,0.0
2024-05-01 00:00:00-04:00,17.760000228881836,18.399999618530273,17.65999984741211,18.049999237060547,27100,0.0,0.0
2024-05-02 00:00:00-04:00,18.309999465942383,18.829999923706055,18.030000686645508,18.770000457763672,36200,0.0,0.0
2024-05-03 00:00:00-04:00,19.06999969482422,19.84000015258789,18.299999237060547,18.329999923706055,23800,0.0,0.0
2024-05-06 00:00:00-04:00,18.31999969482422,18.469999313354492,17.93000030517578,18.190000534057617,23900,0.0,0.0
2024-05-07 00:00:00-04:00,18.3700008392334,18.3700008392334,17.770000457763672,17.770000457763672,33400,0.0,0.0
2024-05-08 00:00:00-04:00,17.600000381469727,17.649999618530273,17.299999237060547,17.3700008392334,43000,0.0,0.0
2024-05-09 00:00:00-04:00,17.43000030517578,19.559999465942383,17.43000030517578,19.450000762939453,47600,0.0,0.0
2024-05-10 00:00:00-04:00,19.299999237060547,19.360000610351562,17.25,18.110000610351562,75700,0.0,0.0
2024-05-13 00:00:00-04:00,18.34000015258789,18.3700008392334,17.56999969482422,18.020000457763672,35000,0.0,0.0
2024-05-14 00:00:00-04:00,18.399999618530273,20.489999771118164,18.399999618530273,20.149999618530273,37900,0.0,0.0
2024-05-15 00:00:00-04:00,20.25,20.43000030517578,19.010000228881836,19.389999389648438,41800,0.0,0.0
2024-05-16 00:00:00-04:00,19.059999465942383,19.440000534057617,18.780000686645508,18.8700008392334,27200,0.0,0.0
2024-05-17 00:00:00-04:00,19.049999237060547,19.049999237060547,18.420000076293945,18.969999313354492,16400,0.0,0.0
2024-05-20 00:00:00-04:00,18.729999542236328,19.239999771118164,18.729999542236328,18.979999542236328,16600,0.0,0.0
2024-05-21 00:00:00-04:00,18.93000030517578,19.010000228881836,18.31999969482422,18.920000076293945,21700,0.0,0.0
2024-05-22 00:00:00-04:00,18.809999465942383,19.469999313354492,18.799999237060547,19.229999542236328,26400,0.0,0.0
2024-05-23 00:00:00-04:00,19.239999771118164,20.549999237060547,19.239999771118164,20.170000076293945,48600,0.0,0.0
2024-05-24 00:00:00-04:00,20.309999465942383,20.459999084472656,19.81999969482422,19.979999542236328,23700,0.0,0.0
2024-05-28 00:00:00-04:00,20.0,20.6200008392334,19.389999389648438,20.34000015258789,80600,0.0,0.0
2024-05-29 00:00:00-04:00,20.18000030517578,21.100000381469727,20.020000457763672,20.940000534057617,41000,0.0,0.0
2024-05-30 00:00:00-04:00,20.940000534057617,22.950000762939453,20.940000534057617,22.770000457763672,77800,0.0,0.0
2024-05-31 00:00:00-04:00,22.829999923706055,23.06999969482422,22.260000228881836,22.700000762939453,126700,0.0,0.0
2024-06-03 00:00:00-04:00,23.170000076293945,23.170000076293945,22.469999313354492,22.969999313354492,75100,0.0,0.0
2024-06-04 00:00:00-04:00,22.709999084472656,23.1200008392334,22.190000534057617,22.489999771118164,55700,0.0,0.0
2024-06-05 00:00:00-04:00,22.43000030517578,22.8700008392334,22.309999465942383,22.75,40600,0.0,0.0
2024-06-06 00:00:00-04:00,22.649999618530273,22.649999618530273,21.8799991607666,21.940000534057617,21300,0.0,0.0
2024-06-07 00:00:00-04:00,21.56999969482422,21.8700008392334,21.030000686645508,21.270000457763672,31700,0.0,0.0
2024-06-10 00:00:00-04:00,21.15999984741211,21.40999984741211,20.81999969482422,21.3799991607666,15200,0.0,0.0
2024-06-11 00:00:00-04:00,21.0,21.0,19.170000076293945,19.440000534057617,48700,0.0,0.0
2024-06-12 00:00:00-04:00,20.270000457763672,21.700000762939453,19.84000015258789,21.420000076293945,38000,0.0,0.0
2024-06-13 00:00:00-04:00,21.459999084472656,21.459999084472656,21.0,21.049999237060547,19400,0.0,0.0
2024-06-14 00:00:00-04:00,20.649999618530273,21.06999969482422,20.139999389648438,20.81999969482422,29500,0.0,0.0
2024-06-17 00:00:00-04:00,20.549999237060547,20.68000030517578,19.989999771118164,20.59000015258789,20300,0.0,0.0
2024-06-18 00:00:00-04:00,20.389999389648438,20.450000762939453,19.639999389648438,19.729999542236328,25500,0.0,0.0
2024-06-20 00:00:00-04:00,19.5,20.0,19.049999237060547,19.93000030517578,27500,0.0,0.0
2024-06-21 00:00:00-04:00,19.889999389648438,20.020000457763672,19.149999618530273,19.239999771118164,48000,0.0,0.0
2024-06-24 00:00:00-04:00,19.010000228881836,20.270000457763672,19.010000228881836,20.229999542236328,16700,0.0,0.0
2024-06-25 00:00:00-04:00,19.950000762939453,20.600000381469727,19.65999984741211,20.34000015258789,19600,0.0,0.0
2024-06-26 00:00:00-04:00,20.010000228881836,20.010000228881836,19.469999313354492,19.600000381469727,29900,0.0,0.0
2024-06-27 00:00:00-04:00,19.59000015258789,19.809999465942383,18.309999465942383,18.6299991607666,48100,0.0,0.0
2024-06-28 00:00:00-04:00,17.989999771118164,19.31999969482422,17.8799991607666,19.31999969482422,333800,0.0,0.0
2024-07-01 00:00:00-04:00,19.260000228881836,20.389999389648438,19.040000915527344,20.31999969482422,27800,0.0,0.0
2024-07-02 00:00:00-04:00,20.399999618530273,20.399999618530273,18.81999969482422,18.850000381469727,16700,0.0,0.0
2024-07-03 00:00:00-04:00,18.760000228881836,20.0,18.239999771118164,18.90999984741211,15900,0.0,0.0
2024-07-05 00:00:00-04:00,18.389999389648438,19.06999969482422,18.100000381469727,18.75,30100,0.0,0.0
2024-07-08 00:00:00-04:00,18.600000381469727,18.760000228881836,18.209999084472656,18.31999969482422,33900,0.0,0.0
2024-07-09 00:00:00-04:00,18.399999618530273,18.59000015258789,17.420000076293945,18.59000015258789,45900,0.0,0.0
2024-07-10 00:00:00-04:00,18.729999542236328,18.989999771118164,18.010000228881836,18.559999465942383,27300,0.0,0.0
2024-07-11 00:00:00-04:00,19.079999923706055,20.309999465942383,18.760000228881836,20.190000534057617,42600,0.0,0.0
2024-07-12 00:00:00-04:00,20.260000228881836,22.100000381469727,19.639999389648438,21.719999313354492,46900,0.0,0.0
2024-07-15 00:00:00-04:00,21.920000076293945,22.18000030517578,21.350000381469727,21.8799991607666,42100,0.0,0.0
2024-07-16 00:00:00-04:00,22.110000610351562,23.139999389648438,21.8799991607666,23.030000686645508,55000,0.0,0.0
2024-07-17 00:00:00-04:00,22.920000076293945,23.219999313354492,21.8700008392334,22.43000030517578,56900,0.0,0.0
2024-07-18 00:00:00-04:00,22.260000228881836,22.479999542236328,21.540000915527344,21.639999389648438,30200,0.0,0.0
2024-07-19 00:00:00-04:00,21.65999984741211,22.190000534057617,21.65999984741211,21.979999542236328,26300,0.0,0.0
2024-07-22 00:00:00-04:00,21.889999389648438,22.059999465942383,21.540000915527344,22.059999465942383,16200,0.0,0.0
2024-07-23 00:00:00-04:00,21.950000762939453,22.559999465942383,21.59000015258789,21.81999969482422,55800,0.0,0.0
2024-07-24 00:00:00-04:00,21.610000610351562,22.360000610351562,21.549999237060547,22.190000534057617,37100,0.0,0.0
2024-07-25 00:00:00-04:00,22.459999084472656,23.920000076293945,21.790000915527344,23.420000076293945,48100,0.0,0.0
2024-07-26 00:00:00-04:00,23.899999618530273,25.59000015258789,23.139999389648438,25.34000015258789,54400,0.0,0.0
2024-07-29 00:00:00-04:00,24.950000762939453,25.559999465942383,24.270000457763672,25.450000762939453,37000,0.0,0.0
2024-07-30 00:00:00-04:00,25.450000762939453,26.479999542236328,25.450000762939453,25.780000686645508,34300,0.0,0.0
2024-07-31 00:00:00-04:00,25.920000076293945,26.209999084472656,24.760000228881836,25.170000076293945,46700,0.0,0.0
2024-08-01 00:00:00-04:00,25.170000076293945,25.290000915527344,23.270000457763672,23.719999313354492,54200,0.0,0.0
2024-08-02 00:00:00-04:00,22.770000457763672,23.709999084472656,22.549999237060547,23.25,32800,0.0,0.0
2024-08-05 00:00:00-04:00,22.200000762939453,23.049999237060547,20.639999389648438,20.760000228881836,43500,0.0,0.0
2024-08-06 00:00:00-04:00,20.56999969482422,22.530000686645508,20.56999969482422,22.1299991607666,36300,0.0,0.0
2024-08-07 00:00:00-04:00,22.6200008392334,24.260000228881836,22.6200008392334,24.0,52000,0.0,0.0
2024-08-08 00:00:00-04:00,23.729999542236328,24.229999542236328,23.239999771118164,23.3799991607666,20000,0.0,0.0
2024-08-09 00:00:00-04:00,24.0,24.0,21.799999237060547,22.290000915527344,33700,0.0,0.0
2024-08-12 00:00:00-04:00,22.290000915527344,22.549999237060547,21.329999923706055,21.360000610351562,37200,0.0,0.0
2024-08-13 00:00:00-04:00,21.049999237060547,21.579999923706055,20.770000457763672,21.579999923706055,18800,0.0,0.0
2024-08-14 00:00:00-04:00,21.420000076293945,21.420000076293945,20.6200008392334,20.739999771118164,17200,0.0,0.0
2024-08-15 00:00:00-04:00,21.3700008392334,21.540000915527344,20.709999084472656,21.530000686645508,14100,0.0,0.0
2024-08-16 00:00:00-04:00,21.420000076293945,21.799999237060547,20.149999618530273,20.8799991607666,33700,0.0,0.0
2024-08-19 00:00:00-04:00,20.940000534057617,21.719999313354492,20.399999618530273,21.399999618530273,27000,0.0,0.0
2024-08-20 00:00:00-04:00,21.309999465942383,21.309999465942383,20.899999618530273,21.079999923706055,20700,0.0,0.0
2024-08-21 00:00:00-04:00,21.260000228881836,21.8700008392334,21.139999389648438,21.81999969482422,14300,0.0,0.0
2024-08-22 00:00:00-04:00,21.670000076293945,21.899999618530273,20.81999969482422,20.8700008392334,11600,0.0,0.0
2024-08-23 00:00:00-04:00,20.90999984741211,22.440000534057617,20.90999984741211,22.219999313354492,39600,0.0,0.0
2024-08-26 00:00:00-04:00,22.270000457763672,23.790000915527344,22.270000457763672,23.760000228881836,38700,0.0,0.0
2024-08-27 00:00:00-04:00,23.200000762939453,23.229999542236328,21.899999618530273,21.899999618530273,30800,0.0,0.0
2024-08-28 00:00:00-04:00,22.0,22.0,21.420000076293945,21.75,28200,0.0,0.0
2024-08-29 00:00:00-04:00,21.809999465942383,22.43000030517578,21.600000381469727,21.65999984741211,40800,0.0,0.0
2024-08-30 00:00:00-04:00,21.6200008392334,21.780000686645508,21.229999542236328,21.40999984741211,40800,0.0,0.0
2024-09-03 00:00:00-04:00,21.030000686645508,21.030000686645508,20.0,20.25,34400,0.0,0.0
2024-09-04 00:00:00-04:00,19.950000762939453,21.760000228881836,19.940000534057617,20.8799991607666,88100,0.0,0.0
2024-09-05 00:00:00-04:00,21.290000915527344,22.0,20.979999542236328,21.3799991607666,46400,0.0,0.0
2024-09-06 00:00:00-04:00,21.219999313354492,21.280000686645508,20.290000915527344,20.489999771118164,27200,0.0,0.0
2024-09-09 00:00:00-04:00,21.079999923706055,21.940000534057617,20.899999618530273,21.790000915527344,26600,0.0,0.0
2024-09-10 00:00:00-04:00,21.68000030517578,24.020000457763672,21.440000534057617,23.700000762939453,54100,0.0,0.0
2024-09-11 00:00:00-04:00,23.030000686645508,23.06999969482422,22.559999465942383,22.920000076293945,19600,0.0,0.0
2024-09-12 00:00:00-04:00,22.739999771118164,23.0,22.520000457763672,22.950000762939453,22700,0.0,0.0
2024-09-13 00:00:00-04:00,23.0,23.6200008392334,22.5,23.459999084472656,38600,0.0,0.0
2024-09-16 00:00:00-04:00,23.059999465942383,23.510000228881836,22.68000030517578,22.989999771118164,18200,0.0,0.0
2024-09-17 00:00:00-04:00,23.3799991607666,23.3799991607666,22.360000610351562,22.389999389648438,40700,0.0,0.0
2024-09-18 00:00:00-04:00,22.18000030517578,22.959999084472656,21.969999313354492,22.700000762939453,46300,0.0,0.0
2024-09-19 00:00:00-04:00,23.0,23.010000228881836,21.700000762939453,22.1200008392334,31000,0.0,0.0
2024-09-20 00:00:00-04:00,22.1299991607666,22.440000534057617,21.350000381469727,21.8700008392334,90200,0.0,0.0
2024-09-23 00:00:00-04:00,21.829999923706055,21.8700008392334,21.0,21.0,23800,0.0,0.0
2024-09-24 00:00:00-04:00,20.979999542236328,21.280000686645508,20.170000076293945,20.34000015258789,48100,0.0,0.0
2024-09-25 00:00:00-04:00,20.209999084472656,20.530000686645508,19.899999618530273,20.469999313354492,27400,0.0,0.0
2024-09-26 00:00:00-04:00,20.770000457763672,21.290000915527344,20.579999923706055,21.0,25100,0.0,0.0
2024-09-27 00:00:00-04:00,21.31999969482422,21.700000762939453,20.93000030517578,21.010000228881836,31900,0.0,0.0
2024-09-30 00:00:00-04:00,21.170000076293945,21.59000015258789,20.719999313354492,20.889999389648438,46800,0.0,0.0
2024-10-01 00:00:00-04:00,20.719999313354492,20.920000076293945,20.049999237060547,20.049999237060547,22800,0.0,0.0
2024-10-02 00:00:00-04:00,19.920000076293945,20.170000076293945,19.690000534057617,20.010000228881836,26100,0.0,0.0
2024-10-03 00:00:00-04:00,20.010000228881836,20.020000457763672,19.639999389648438,19.81999969482422,13100,0.0,0.0
2024-10-04 00:00:00-04:00,20.229999542236328,20.229999542236328,19.489999771118164,19.760000228881836,13700,0.0,0.0
2024-10-07 00:00:00-04:00,19.530000686645508,19.809999465942383,19.100000381469727,19.209999084472656,18200,0.0,0.0
2024-10-08 00:00:00-04:00,19.360000610351562,19.440000534057617,18.90999984741211,19.420000076293945,26400,0.0,0.0
2024-10-09 00:00:00-04:00,19.43000030517578,19.520000457763672,18.84000015258789,18.93000030517578,14500,0.0,0.0
2024-10-10 00:00:00-04:00,18.799999237060547,18.989999771118164,18.34000015258789,18.799999237060547,26100,0.0,0.0
2024-10-11 00:00:00-04:00,19.110000610351562,19.56999969482422,18.920000076293945,19.56999969482422,23800,0.0,0.0
2024-10-14 00:00:00-04:00,19.600000381469727,19.700000762939453,19.09000015258789,19.459999084472656,26500,0.0,0.0
2024-10-15 00:00:00-04:00,19.579999923706055,19.690000534057617,18.860000610351562,18.93000030517578,27800,0.0,0.0
2024-10-16 00:00:00-04:00,18.84000015258789,19.010000228881836,18.6200008392334,18.700000762939453,44400,0.0,0.0
2024-10-17 00:00:00-04:00,18.75,19.799999237060547,18.170000076293945,19.530000686645508,62100,0.0,0.0
2024-10-18 00:00:00-04:00,19.639999389648438,19.950000762939453,19.59000015258789,19.719999313354492,24200,0.0,0.0
2024-10-21 00:00:00-04:00,19.510000228881836,19.809999465942383,19.209999084472656,19.549999237060547,20300,0.0,0.0
2024-10-22 00:00:00-04:00,19.309999465942383,19.719999313354492,19.190000534057617,19.25,24800,0.0,0.0
2024-10-23 00:00:00-04:00,19.020000457763672,19.34000015258789,18.59000015258789,19.010000228881836,19900,0.0,0.0
2024-10-24 00:00:00-04:00,19.079999923706055,19.329999923706055,18.84000015258789,19.329999923706055,23500,0.0,0.0
2024-10-25 00:00:00-04:00,19.5,19.75,19.190000534057617,19.229999542236328,13100,0.0,0.0
2024-10-28 00:00:00-04:00,19.540000915527344,20.020000457763672,19.43000030517578,19.6200008392334,19300,0.0,0.0
2024-10-29 00:00:00-04:00,19.6299991607666,19.889999389648438,19.399999618530273,19.549999237060547,14300,0.0,0.0
2024-10-30 00:00:00-04:00,19.610000610351562,20.1299991607666,19.610000610351562,19.8700008392334,18800,0.0,0.0
2024-10-31 00:00:00-04:00,19.969999313354492,19.969999313354492,18.5,18.520000457763672,45400,0.0,0.0
2024-11-01 00:00:00-04:00,18.59000015258789,18.860000610351562,17.940000534057617,18.09000015258789,30100,0.0,0.0
2024-11-04 00:00:00-05:00,17.950000762939453,18.049999237060547,17.579999923706055,17.809999465942383,22300,0.0,0.0
2024-11-05 00:00:00-05:00,17.690000534057617,18.299999237060547,17.690000534057617,17.989999771118164,30300,0.0,0.0
2024-11-06 00:00:00-05:00,18.979999542236328,18.979999542236328,17.530000686645508,17.719999313354492,71500,0.0,0.0
2024-11-07 00:00:00-05:00,17.6299991607666,17.829999923706055,17.079999923706055,17.31999969482422,50600,0.0,0.0
2024-11-08 00:00:00-05:00,16.639999389648438,17.190000534057617,15.779999732971191,16.309999465942383,122700,0.0,0.0
2024-11-11 00:00:00-05:00,16.540000915527344,17.31999969482422,16.110000610351562,16.969999313354492,51400,0.0,0.0
2024-11-12 00:00:00-05:00,16.969999313354492,17.110000610351562,15.770000457763672,15.90999984741211,79100,0.0,0.0
2024-11-13 00:00:00-05:00,15.989999771118164,16.719999313354492,15.399999618530273,15.970000267028809,60800,0.0,0.0
2024-11-14 00:00:00-05:00,15.75,16.040000915527344,15.010000228881836,15.75,90700,0.0,0.0
2024-11-15 00:00:00-05:00,15.899999618530273,16.06999969482422,15.359999656677246,15.989999771118164,78600,0.0,0.0
2024-11-18 00:00:00-05:00,15.920000076293945,16.239999771118164,15.84000015258789,16.1299991607666,71000,0.0,0.0
2024-11-19 00:00:00-05:00,16.079999923706055,16.15999984741211,15.569999694824219,16.149999618530273,45400,0.0,0.0
2024-11-20 00:00:00-05:00,16.09000015258789,16.149999618530273,15.630000114440918,15.800000190734863,54700,0.0,0.0
2024-11-21 00:00:00-05:00,15.90999984741211,16.309999465942383,15.640000343322754,16.270000457763672,50100,0.0,0.0
2024-11-22 00:00:00-05:00,16.399999618530273,16.399999618530273,16.0,16.15999984741211,43800,0.0,0.0
2024-11-25 00:00:00-05:00,16.25,16.739999771118164,16.09000015258789,16.40999984741211,255400,0.0,0.0
2024-11-26 00:00:00-05:00,16.31999969482422,17.959999084472656,16.149999618530273,17.639999389648438,46600,0.0,0.0
2024-11-27 00:00:00-05:00,17.649999618530273,17.920000076293945,17.270000457763672,17.309999465942383,21100,0.0,0.0
2024-11-29 00:00:00-05:00,17.309999465942383,17.84000015258789,17.309999465942383,17.690000534057617,24000,0.0,0.0
2024-12-02 00:00:00-05:00,17.6299991607666,17.81999969482422,17.469999313354492,17.6299991607666,31200,0.0,0.0
2024-12-03 00:00:00-05:00,17.56999969482422,17.68000030517578,16.989999771118164,17.139999389648438,36231,0.0,0.0
