Date,Open,High,Low,Close,Volume,Dividends,Stock Splits
2022-01-03 00:00:00-05:00,53.405798377670514,54.24639473608526,53.35909937173764,53.60193634033203,3376300,0.0,0.0
2022-01-04 00:00:00-05:00,54.405175112061585,55.553987824218204,54.199695198976244,55.10567092895508,5281300,0.0,0.0
2022-01-05 00:00:00-05:00,55.227077920044884,55.7594543278213,54.31176403364148,54.34912109375,4639400,0.0,0.0
2022-01-06 00:00:00-05:00,55.32982558310276,55.59134285492973,53.97553309431696,55.28312301635742,6331600,0.0,0.0
2022-01-07 00:00:00-05:00,55.66606312561816,56.94563798008094,55.3952074656459,56.73081970214844,5318900,0.0,0.0
2022-01-10 00:00:00-05:00,57.085742456819816,57.49670231430413,55.88089226776633,57.35660171508789,7913200,0.0,0.0
2022-01-11 00:00:00-05:00,57.46866892931847,57.69282913208008,56.84289444990594,57.69282913208008,6091500,0.0,0.0
2022-01-12 00:00:00-05:00,57.421976711990204,58.010394196232205,56.516000981337314,57.319236755371094,6150500,0.0,0.0
2022-01-13 00:00:00-05:00,57.71150667650299,58.14114318469825,57.487346484498076,57.786224365234375,3476900,0.0,0.0
2022-01-14 00:00:00-05:00,56.91760992200292,58.075764392434245,56.81487354443796,57.823585510253906,4465100,0.0,0.0
2022-01-18 00:00:00-05:00,57.90765288385468,58.0757721611306,56.730821505829134,56.8802604675293,4265200,0.0,0.0
2022-01-19 00:00:00-05:00,57.14176925039563,57.5340451303523,54.862824533115344,54.95622253417969,6354800,0.0,0.0
2022-01-20 00:00:00-05:00,55.133680161364076,56.82421105870937,54.72272396861347,54.95622253417969,5861700,0.0,0.0
2022-01-21 00:00:00-05:00,54.82546945382554,54.984246784278355,53.293719278819914,53.536556243896484,6608800,0.0,0.0
2022-01-24 00:00:00-05:00,52.920121642326606,53.86345440226349,50.79995396360259,53.66731643676758,7420100,0.0,0.0
2022-01-25 00:00:00-05:00,52.985498109681025,54.928208033474135,51.68724655623545,54.3678092956543,6163500,0.0,0.0
2022-01-26 00:00:00-05:00,54.974908208123956,55.572664024201714,53.03219824296553,53.82609558105469,6090700,0.0,0.0
2022-01-27 00:00:00-05:00,54.43318716799176,55.32982441210396,52.499819234118725,52.69595718383789,5398600,0.0,0.0
2022-01-28 00:00:00-05:00,52.30367991046177,53.27503482103907,51.902062083259715,53.200313568115234,5248600,0.0,0.0
2022-01-31 00:00:00-05:00,52.77068969594452,53.99422378393039,52.15425346325151,53.93818283081055,4187800,0.0,0.0
2022-02-01 00:00:00-05:00,54.01290042188433,55.35785113897588,53.704680545082866,55.208412170410156,3674700,0.0,0.0
2022-02-02 00:00:00-05:00,54.93755055902549,56.34788410431276,54.90018992776754,56.273162841796875,4796500,0.0,0.0
2022-02-03 00:00:00-05:00,56.310522588194665,56.77751978286292,55.43256558195862,55.56332778930664,3381600,0.0,0.0
2022-02-04 00:00:00-05:00,55.42323263270289,57.54340053164907,55.42323263270289,56.964324951171875,4165800,0.0,0.0
2022-02-07 00:00:00-05:00,57.085735432800284,58.2905890365108,57.085735432800284,57.71151351928711,3968100,0.0,0.0
2022-02-08 00:00:00-05:00,58.374643756256305,58.94438084938225,58.113126492358035,58.56144332885742,5242000,0.0,0.0
2022-02-09 00:00:00-05:00,58.701540776691324,59.345999128856654,58.2345436231364,58.290584564208984,4460100,0.0,0.0
2022-02-10 00:00:00-05:00,57.48735060496697,59.30864027074418,57.46867029071885,58.113128662109375,4926500,0.0,0.0
2022-02-11 00:00:00-05:00,58.11313094465268,58.77626609343204,56.133060311446854,56.73081970214844,7241100,0.0,0.0
2022-02-14 00:00:00-05:00,56.7214808499448,57.04838103555801,54.666692407897344,55.09633255004883,7294400,0.0,0.0
2022-02-15 00:00:00-05:00,55.79682879089434,56.72148128095294,55.348508329337804,56.39458465576172,4189300,0.0,0.0
2022-02-16 00:00:00-05:00,55.84353107165331,56.86158520206128,55.84353107165331,56.35722732543945,3416800,0.0,0.0
2022-02-17 00:00:00-05:00,55.99296290699286,57.758211687177116,55.62870567462541,57.328575134277344,6154900,0.0,0.0
2022-02-18 00:00:00-05:00,56.39458083246743,58.13181092377827,56.39458083246743,57.65547180175781,5488200,0.0,0.0
2022-02-22 00:00:00-05:00,57.90765324482691,58.72956932075424,57.16045843166839,57.54339599609375,5749500,0.0,0.0
2022-02-23 00:00:00-05:00,58.029072734996845,58.69220790007555,57.13243540835871,57.4780158996582,5102400,0.0,0.0
2022-02-24 00:00:00-05:00,55.4325679705164,56.590722630876456,54.33979619810059,56.39458465576172,6276600,0.0,0.0
2022-02-25 00:00:00-05:00,56.77751936371746,59.00042342863609,56.62808040504304,58.991085052490234,8694700,0.0,0.0
2022-02-28 00:00:00-05:00,57.20716094776662,58.131817035254116,56.69346470489851,57.19782257080078,7596600,0.0,0.0
2022-03-01 00:00:00-05:00,56.562694320563075,56.6654306975074,53.47117200166373,54.06892776489258,6478100,0.0,0.0
2022-03-02 00:00:00-05:00,54.87217623976097,57.27254179194014,54.87217623976097,57.011024475097656,6545000,0.0,0.0
2022-03-03 00:00:00-05:00,56.78685318767059,57.43131154015338,55.89021950750078,56.4225959777832,4260700,0.0,0.0
2022-03-04 00:00:00-05:00,55.11501119941235,55.189732465976824,52.98550498301006,53.68600082397461,7364100,0.0,0.0
2022-03-07 00:00:00-05:00,52.920120378755506,53.331076615159205,51.052131655802036,51.06147003173828,7982000,0.0,0.0
2022-03-08 00:00:00-05:00,51.79932403564453,53.62995204433829,51.27628949767807,51.79932403564453,7034500,0.0,0.0
2022-03-09 00:00:00-05:00,54.1623337393226,55.385864053387046,54.050251852413034,54.433189392089844,5984800,0.0,0.0
2022-03-10 00:00:00-05:00,53.51787970020681,54.5172534473154,52.63992622564492,53.21900177001953,5247400,0.0,0.0
2022-03-11 00:00:00-05:00,53.966200722405986,54.61065920351662,53.14428813299042,53.23768615722656,3423600,0.0,0.0
2022-03-14 00:00:00-04:00,54.24639218994114,55.124345574150524,53.359096867240204,53.714012145996094,3734300,0.0,0.0
2022-03-15 00:00:00-04:00,54.22771235545162,55.02160611478618,53.471175661696876,54.685367584228516,3901300,0.0,0.0
2022-03-16 00:00:00-04:00,55.493013951380696,56.685705657912244,55.098578752908885,56.14101028442383,4346600,0.32,0.0
2022-03-17 00:00:00-04:00,55.49302390565894,57.239800992615145,55.39911262285979,57.23040771484375,4991100,0.0,0.0
2022-03-18 00:00:00-04:00,56.986229300450496,57.390054215855464,56.09405789240499,57.31492233276367,6258900,0.0,0.0
2022-03-21 00:00:00-04:00,57.79387478609418,58.27282796609602,57.24917942208708,57.9817008972168,6074000,0.0,0.0
2022-03-22 00:00:00-04:00,58.592131382462796,59.88812761073592,58.55456544367573,58.864479064941406,4486500,0.0,0.0
2022-03-23 00:00:00-04:00,58.55456639417529,59.06169582857753,58.05683023586485,58.08500289916992,3071200,0.0,0.0
2022-03-24 00:00:00-04:00,58.46066016428686,59.44674287224761,58.207095425242294,59.31526565551758,3185800,0.0,0.0
2022-03-25 00:00:00-04:00,59.39979067973903,60.60187225381896,59.32465879011619,60.5549201965332,3712200,0.0,0.0
2022-03-28 00:00:00-04:00,60.057179790646806,60.25439920771544,59.47492198176511,59.85057067871094,3486500,0.0,0.0
2022-03-29 00:00:00-04:00,60.64882275547348,60.9493431057821,58.67665392627738,59.21195602416992,4393200,0.0,0.0
2022-03-30 00:00:00-04:00,59.183792207636685,60.16987497839161,59.183792207636685,59.62518310546875,4424500,0.0,0.0
2022-03-31 00:00:00-04:00,59.390399828375934,60.216832685707075,58.94900894165039,58.94900894165039,4589800,0.0,0.0
2022-04-01 00:00:00-04:00,59.465522909379494,60.226213506493245,59.21195818284648,59.90691375732422,3802800,0.0,0.0
2022-04-04 00:00:00-04:00,59.578217704179195,59.78482679790508,58.4324851596178,58.73300552368164,2960800,0.0,0.0
2022-04-05 00:00:00-04:00,58.54518253866417,59.59700386926743,58.54518253866417,58.64848709106445,2906300,0.0,0.0
2022-04-06 00:00:00-04:00,58.51700306237781,59.202565323766045,57.91595878949673,58.04743957519531,3528000,0.0,0.0
2022-04-07 00:00:00-04:00,57.80326589180464,58.197701093047655,56.98622640831686,57.90657043457031,3506800,0.0,0.0
2022-04-08 00:00:00-04:00,58.507615211271855,59.606395736050146,58.21648811501585,59.29648208618164,3140900,0.0,0.0
2022-04-11 00:00:00-04:00,59.29647382127258,60.37647122439073,58.66726049740169,58.770565032958984,3398200,0.0,0.0
2022-04-12 00:00:00-04:00,59.0053563859512,59.74726405935361,58.37613937700653,58.64848709106445,3518300,0.0,0.0
2022-04-13 00:00:00-04:00,58.4230929027131,59.21195976776959,58.03805095563108,59.14622116088867,3386400,0.0,0.0
2022-04-14 00:00:00-04:00,59.08986791374591,60.02899489456821,58.97717367914307,59.193172454833984,4399900,0.0,0.0
2022-04-18 00:00:00-04:00,58.892656098276824,60.20743539351467,58.892656098276824,60.01021957397461,2088700,0.0,0.0
2022-04-19 00:00:00-04:00,60.23560927461024,60.695779529494565,59.34343784786343,59.73787307739258,5089100,0.0,0.0
2022-04-20 00:00:00-04:00,60.057180318664685,61.19352686181701,60.047787041229206,60.48918151855469,3432500,0.0,0.0
2022-04-21 00:00:00-04:00,61.09020819736711,61.72881478105026,59.20256110714681,59.28708267211914,4244300,0.0,0.0
2022-04-22 00:00:00-04:00,59.16500806646915,59.16500806646915,56.66693009140654,56.760841369628906,4865200,0.0,0.0
2022-04-25 00:00:00-04:00,56.35701011657173,56.35701011657173,54.375455140991036,56.04710006713867,6587500,0.0,0.0
2022-04-26 00:00:00-04:00,55.25823659803118,56.00014783850814,54.11250043336982,54.15006637573242,4261100,0.0,0.0
2022-04-27 00:00:00-04:00,54.3472818212874,55.8686702340189,53.96223987096323,55.52119064331055,4989600,0.0,0.0
2022-04-28 00:00:00-04:00,56.131624322482885,56.770231004379646,54.92954284243504,56.385189056396484,4623700,0.0,0.0
2022-04-29 00:00:00-04:00,56.10344782905906,56.46970678111384,54.77927891952285,54.94831848144531,5789500,0.0,0.0
2022-05-02 00:00:00-04:00,55.380329791664465,55.83111039872953,54.1594616172334,55.46485137939453,4276900,0.0,0.0
2022-05-03 00:00:00-04:00,55.93441480673177,56.61997720200871,54.77928883256769,55.9062385559082,8013100,0.0,0.0
2022-05-04 00:00:00-04:00,56.42275904178057,60.151094851443034,56.1598010123113,60.047786712646484,7814600,0.0,0.0
2022-05-05 00:00:00-04:00,59.09926381911786,59.841175026772106,57.6999629791432,58.33856964111328,6021000,0.0,0.0
2022-05-06 00:00:00-04:00,58.32917740835482,58.7142193275641,57.465178722272334,58.441871643066406,5885500,0.0,0.0
2022-05-09 00:00:00-04:00,57.85961934345345,58.535791980103376,55.65266857993684,55.98136520385742,6605600,0.0,0.0
2022-05-10 00:00:00-04:00,56.56362726213961,57.709363520344546,54.112504851382226,55.11737060546875,6476600,0.0,0.0
2022-05-11 00:00:00-04:00,55.15493056970733,57.07075058903379,54.94832147473526,55.042236328125,4809500,0.0,0.0
2022-05-12 00:00:00-04:00,54.85441207885742,55.446063136737784,53.755635125279355,54.85441207885742,4914400,0.0,0.0
2022-05-13 00:00:00-04:00,55.427278801757346,55.92501499079214,54.66658460319772,54.99528121948242,6119400,0.0,0.0
2022-05-16 00:00:00-04:00,55.09858053163013,55.56814404152635,54.34727963229322,55.07040786743164,4838900,0.0,0.0
2022-05-17 00:00:00-04:00,56.25371472570834,56.81718955274129,55.878062452695985,56.61058044433594,3910900,0.0,0.0
2022-05-18 00:00:00-04:00,56.09405822941559,56.479100176360916,54.54450074743406,54.75110626220703,5678800,0.0,0.0
2022-05-19 00:00:00-04:00,53.99980929808387,55.26762947469679,53.95285365866962,54.37546157836914,4576300,0.0,0.0
2022-05-20 00:00:00-04:00,54.6008498738633,54.96710887538788,50.55321430241549,52.234249114990234,8977100,0.0,0.0
2022-05-23 00:00:00-04:00,53.11702823004759,54.04676202072542,52.666247667524175,53.46450424194336,7948900,0.0,0.0
2022-05-24 00:00:00-04:00,53.23910768920921,53.3518055072203,51.370246988256454,53.070064544677734,5889400,0.0,0.0
2022-05-25 00:00:00-04:00,52.89163245234987,54.12189011434608,52.75076196909225,53.2203254699707,5805900,0.0,0.0
2022-05-26 00:00:00-04:00,54.07494194818291,54.61963382152831,53.642940745029186,54.2158088684082,6122600,0.0,0.0
2022-05-27 00:00:00-04:00,54.328503038865406,55.40850067138672,54.121897506350514,55.40850067138672,3891100,0.0,0.0
2022-05-31 00:00:00-04:00,55.07980615403963,56.12223423154389,54.629021990947585,55.10797882080078,5639200,0.0,0.0
2022-06-01 00:00:00-04:00,55.35214923335204,55.57754131058784,53.61476555491706,54.31911087036133,6103000,0.0,0.0
2022-06-02 00:00:00-04:00,54.394235121897964,54.65719312282941,53.63354453068288,54.6290168762207,3987500,0.0,0.0
2022-06-03 00:00:00-04:00,54.243972846791024,54.694756950262295,53.6147594891078,53.80258560180664,4809200,0.0,0.0
2022-06-06 00:00:00-04:00,54.29094236688285,55.755978442547445,53.905900374883075,55.399112701416016,4094300,0.0,0.0
2022-06-07 00:00:00-04:00,55.00467028530077,56.07527453457137,54.52571707259536,55.79353713989258,4555900,0.0,0.0
2022-06-08 00:00:00-04:00,55.380326563053934,55.6151083394515,54.037374515460996,54.22520065307617,3908000,0.0,0.0
2022-06-09 00:00:00-04:00,54.225197133796065,54.225197133796065,52.46902698093016,52.47842025756836,6573800,0.0,0.0
2022-06-10 00:00:00-04:00,50.985208740448385,51.38903366120968,50.1587759279037,50.17755889892578,7237800,0.0,0.0
2022-06-13 00:00:00-04:00,49.266602777797694,49.8112981708524,48.09269399878525,48.48712921142578,6091700,0.0,0.0
2022-06-14 00:00:00-04:00,48.900345376155684,49.7737338222775,48.46834779145694,48.853389739990234,5894300,0.0,0.0
2022-06-15 00:00:00-04:00,49.62824692576767,49.99677293189245,48.229736223331635,49.18412399291992,6844700,0.32,0.0
2022-06-16 00:00:00-04:00,48.06909461661093,48.14469154342863,46.37765483265353,47.218650817871094,7600300,0.0,0.0
2022-06-17 00:00:00-04:00,47.34148344352855,48.85338931523888,47.23754309145451,48.62660217285156,17311400,0.0,0.0
2022-06-21 00:00:00-04:00,50.07236752925334,50.195207122473875,48.84394275977046,49.27861785888672,4745100,0.0,0.0
2022-06-22 00:00:00-04:00,48.27697671230868,49.448703703417976,48.21083121168616,48.55101013183594,5491100,0.0,0.0
2022-06-23 00:00:00-04:00,48.38092065058763,48.66440188236857,46.66113042583591,46.869014739990234,6695000,0.0,0.0
2022-06-24 00:00:00-04:00,47.36983467636072,50.00621406191606,47.26589071833901,49.86447525024414,7883300,0.0,0.0
2022-06-27 00:00:00-04:00,49.72273410081167,50.16685698561693,48.66440247379306,49.061275482177734,4527500,0.0,0.0
2022-06-28 00:00:00-04:00,49.788877044407116,50.4692348577254,48.919534153753126,48.957332611083984,3495500,0.0,0.0
2022-06-29 00:00:00-04:00,49.28806375349563,49.37310848646252,47.9367994433881,48.00294494628906,4804700,0.0,0.0
2022-06-30 00:00:00-04:00,47.26589352419701,48.6644041227379,46.73672589042765,48.31477737426758,4068700,0.0,0.0
2022-07-01 00:00:00-04:00,48.28642284853256,49.28806034479739,47.946247544850635,49.15576934814453,3363500,0.0,0.0
2022-07-05 00:00:00-04:00,47.917900747775654,48.31477737426758,46.91626677572669,48.31477737426758,4265900,0.0,0.0
2022-07-06 00:00:00-04:00,47.89900123754733,48.51321360164229,47.45488194494872,48.17303466796875,3714700,0.0,0.0
2022-07-07 00:00:00-04:00,48.93843460083008,49.48649782713539,48.834490642911994,48.93843460083008,4695300,0.0,0.0
2022-07-08 00:00:00-04:00,49.16521899907908,49.505397920143736,48.53211103294387,48.63605499267578,2751900,0.0,0.0
2022-07-11 00:00:00-04:00,48.191933320427374,49.014029997177055,48.14468704790789,48.617156982421875,3566500,0.0,0.0
2022-07-12 00:00:00-04:00,48.1824887731968,49.28806676464988,48.1824887731968,48.305328369140625,3686500,0.0,0.0
2022-07-13 00:00:00-04:00,47.67221474758731,48.22972938683269,47.22809187769339,47.87065124511719,4195400,0.0,0.0
2022-07-14 00:00:00-04:00,46.38709407271964,46.73672078298233,45.73508692039313,45.75398254394531,5263800,0.0,0.0
2022-07-15 00:00:00-04:00,46.61388497993804,47.7478099271377,46.065818131419974,47.32258987426758,4393000,0.0,0.0
2022-07-18 00:00:00-04:00,47.85175220211889,48.560457071474104,46.92571160538719,47.14304733276367,3431000,0.0,0.0
2022-07-19 00:00:00-04:00,47.946249722293395,49.23136489432604,47.917899075537896,48.89118957519531,3350000,0.0,0.0
2022-07-20 00:00:00-04:00,48.560456832256165,49.05182597181433,48.210830107734544,48.68330001831055,3556200,0.0,0.0
2022-07-21 00:00:00-04:00,48.45651558540463,48.80614593414078,47.92735156294483,48.78724670410156,2740500,0.0,0.0
2022-07-22 00:00:00-04:00,48.891194152674856,49.48650372038461,48.0501945769389,48.50376892089844,3051700,0.0,0.0
2022-07-25 00:00:00-04:00,48.91954195870928,49.54320218553426,48.5510159525845,49.18412399291992,3390300,0.0,0.0
2022-07-26 00:00:00-04:00,48.9195352135208,49.524296125278596,48.50376298785216,48.881736755371094,2729300,0.0,0.0
2022-07-27 00:00:00-04:00,49.240809719642094,49.8928168331834,48.77778766765432,49.62823486328125,2676400,0.0,0.0
2022-07-28 00:00:00-04:00,49.62824107444369,49.82667757670539,47.426529506134216,47.71001434326172,8878600,0.0,0.0
2022-07-29 00:00:00-04:00,47.861212429547855,49.089633708299736,47.861212429547855,48.9195442199707,6882500,0.0,0.0
2022-08-01 00:00:00-04:00,48.428169023821674,48.7683479585882,48.0218445855905,48.229732513427734,4589600,0.0,0.0
2022-08-02 00:00:00-04:00,48.15413888715726,48.82504538514949,47.851758392156256,47.917903900146484,4977000,0.0,0.0
2022-08-03 00:00:00-04:00,48.28642735523892,48.89119191798954,47.936800602216266,48.7400016784668,3495300,0.0,0.0
2022-08-04 00:00:00-04:00,48.61716027728982,49.00458550566138,48.248634280138795,48.305328369140625,3422500,0.0,0.0
2022-08-05 00:00:00-04:00,48.25807812731574,49.108525439046765,48.11633570714074,48.976234436035156,3359200,0.0,0.0
2022-08-08 00:00:00-04:00,49.51484910904176,49.977867612511055,49.23136427302122,49.392005920410156,4623400,0.0,0.0
2022-08-09 00:00:00-04:00,49.902285984371375,50.80942757899966,49.562106985220694,50.601539611816406,4988400,0.0,0.0
2022-08-10 00:00:00-04:00,51.310229801537226,52.01893464300779,51.310229801537226,51.89609146118164,4742200,0.0,0.0
2022-08-11 00:00:00-04:00,52.557552202097455,53.36075321835751,52.557552202097455,53.22846221923828,3986300,0.0,0.0
2022-08-12 00:00:00-04:00,53.2001129226276,54.2773437766753,53.2001129226276,54.24899673461914,4318100,0.0,0.0
2022-08-15 00:00:00-04:00,53.370198896132116,54.01275824157833,53.1623109888821,53.63478088378906,3152600,0.0,0.0
2022-08-16 00:00:00-04:00,53.474146242628066,54.296242902622666,53.37965369951493,54.13560485839844,3992000,0.0,0.0
2022-08-17 00:00:00-04:00,53.38910057726485,53.90881676460723,53.08672011900531,53.56863784790039,3090100,0.0,0.0
2022-08-18 00:00:00-04:00,53.71983794760877,54.34349820794395,53.6253453887877,54.17341232299805,2064700,0.0,0.0
2022-08-19 00:00:00-04:00,53.833220040689994,53.956059615869634,52.85992962298121,53.0111198425293,3783000,0.0,0.0
2022-08-22 00:00:00-04:00,52.22682403288502,52.264622490621555,51.03619784679958,51.06454849243164,3735000,0.0,0.0
2022-08-23 00:00:00-04:00,51.111797589878606,51.6315137962,51.073999130050986,51.28188705444336,3682100,0.0,0.0
2022-08-24 00:00:00-04:00,51.03619943051892,51.499221540511286,50.76216961507389,51.329132080078125,2055900,0.0,0.0
2022-08-25 00:00:00-04:00,51.49921645453079,52.245719723301804,51.22518306148942,52.217369079589844,2507700,0.0,0.0
2022-08-26 00:00:00-04:00,52.44416352038114,52.557555297066465,50.034567539025275,50.08181381225586,5647800,0.0,0.0
2022-08-29 00:00:00-04:00,49.71328499573712,50.37474359717259,49.28806135162436,49.892822265625,3082500,0.0,0.0
2022-08-30 00:00:00-04:00,50.072367723596074,50.10071476757857,49.17467408266661,49.505401611328125,2787000,0.0,0.0
2022-08-31 00:00:00-04:00,49.74163837347333,49.94952631589016,48.85339611846839,48.90064239501953,5946400,0.0,0.0
2022-09-01 00:00:00-04:00,48.711649411128484,49.514850460679796,48.29587716742654,49.458152770996094,3998600,0.0,0.0
2022-09-02 00:00:00-04:00,50.15741508744185,50.781075320342026,49.1652252401671,49.5243034362793,3702000,0.0,0.0
2022-09-06 00:00:00-04:00,49.90227827922911,50.431442325393434,48.796696702696316,49.477054595947266,4142700,0.0,0.0
2022-09-07 00:00:00-04:00,49.014025526496425,50.94170354860392,49.014025526496425,50.74326705932617,4000400,0.0,0.0
2022-09-08 00:00:00-04:00,50.61097700634879,51.555916806734736,50.270798101464365,51.33858108520508,3655900,0.0,0.0
2022-09-09 00:00:00-04:00,51.735457541186456,52.26462516257283,51.735457541186456,52.009490966796875,4631300,0.0,0.0
2022-09-12 00:00:00-04:00,52.82213665341645,53.52139009199059,52.444159288750924,53.41744613647461,3484600,0.0,0.0
2022-09-13 00:00:00-04:00,52.17957814329893,52.85993236421789,51.16849282176414,51.34803009033203,5155200,0.0,0.0
2022-09-14 00:00:00-04:00,51.44252757912292,52.0094936898629,50.61098305082646,51.21574401855469,4425400,0.0,0.0
2022-09-15 00:00:00-04:00,51.28228517052868,52.20431821753536,50.80700913303735,51.500911712646484,5775000,0.32,0.0
2022-09-16 00:00:00-04:00,51.32030775175848,51.32030775175848,50.1131061901534,50.99711990356445,11543400,0.0,0.0
2022-09-19 00:00:00-04:00,50.28420478839573,51.98569019846215,50.170135931869346,51.8906364440918,3212800,0.0,0.0
2022-09-20 00:00:00-04:00,51.32981161280701,51.65299946059705,49.8659605595187,50.768985748291016,6373400,0.0,0.0
2022-09-21 00:00:00-04:00,51.12068522106519,51.5674458198462,49.6948572260464,49.70436477661133,4928100,0.0,0.0
2022-09-22 00:00:00-04:00,49.989527609746155,50.046562032603184,48.57320359704088,48.677764892578125,4988700,0.0,0.0
2022-09-23 00:00:00-04:00,48.078927550285286,48.440134741961835,46.67210723402937,47.30897903442383,5500600,0.0,0.0
2022-09-26 00:00:00-04:00,46.805183837687785,47.546613265260845,45.712047546103896,46.0162239074707,5906300,0.0,0.0
2022-09-27 00:00:00-04:00,46.4249554067992,46.662593384183296,45.72154539827247,46.1588020324707,5674000,0.0,0.0
2022-09-28 00:00:00-04:00,46.01621824007714,46.81468199684265,45.91165694884735,46.35841751098633,9837700,0.0,0.0
2022-09-29 00:00:00-04:00,45.740559613935524,46.03523202894308,44.723469299838065,45.303306579589844,7362200,0.0,0.0
2022-09-30 00:00:00-04:00,45.21775960524979,46.244357534262896,44.970617673858605,45.13220977783203,5209200,0.0,0.0
2022-10-03 00:00:00-04:00,45.826113227663896,46.94776493105668,44.96111101159674,46.74814987182617,4998000,0.0,0.0
2022-10-04 00:00:00-04:00,47.53710275417028,49.18156086462379,47.51809490557819,49.15304183959961,4124500,0.0,0.0
2022-10-05 00:00:00-04:00,48.288044883396736,49.09601632611099,48.240518004664935,48.76332092285156,4040800,0.0,0.0
2022-10-06 00:00:00-04:00,48.345072629178155,48.763314180686415,48.088423168229475,48.25001525878906,3121600,0.0,0.0
2022-10-07 00:00:00-04:00,47.75573673468771,48.078924577726745,46.976280715302025,47.2519416809082,4097100,0.0,0.0
2022-10-10 00:00:00-04:00,47.34699373150914,47.59413564197767,45.83561599245843,46.044734954833984,7099000,0.0,0.0
2022-10-11 00:00:00-04:00,45.85462987445239,46.77666284468407,45.51243057578163,45.67402267456055,4796900,0.0,0.0
2022-10-12 00:00:00-04:00,46.57704348490055,47.299461339400615,46.1492944011522,46.53902053833008,3866100,0.0,0.0
2022-10-13 00:00:00-04:00,45.911659263486094,48.96293020614336,45.6550097973652,48.42111587524414,5168600,0.0,0.0
2022-10-14 00:00:00-04:00,48.63024474032151,49.49524699648443,47.93634215030672,48.20249557495117,5963500,0.0,0.0
2022-10-17 00:00:00-04:00,49.36216541508002,49.875464362892636,49.048481516060725,49.172054290771484,4148100,0.0,0.0
2022-10-18 00:00:00-04:00,50.36975705886376,50.68343736434269,49.438212815760345,49.99903869628906,5350800,0.0,0.0
2022-10-19 00:00:00-04:00,49.75189065549333,50.78799245617975,49.73287918081207,50.14161682128906,3600700,0.0,0.0
2022-10-20 00:00:00-04:00,49.571289878629244,50.35074225414542,49.0009564842554,49.2861213684082,4473700,0.0,0.0
2022-10-21 00:00:00-04:00,49.210080958551956,50.66442446115847,49.105519650979495,50.61689758300781,4078600,0.0,0.0
2022-10-24 00:00:00-04:00,50.91156140922277,51.862113315567775,50.864030913051316,51.66249465942383,3322800,0.0,0.0
2022-10-25 00:00:00-04:00,51.0636581768341,51.919152861111975,50.82602016018996,51.605472564697266,3899000,0.0,0.0
2022-10-26 00:00:00-04:00,51.98568594587222,52.26134688749194,51.40585228993598,51.5389289855957,3377000,0.0,0.0
2022-10-27 00:00:00-04:00,52.05222036236669,53.02178373388987,51.85260533395338,51.91914367675781,3573300,0.0,0.0
2022-10-28 00:00:00-04:00,52.20432070913526,54.08641709836955,51.98569415658288,53.99135971069336,4758700,0.0,0.0
2022-10-31 00:00:00-04:00,53.85827731702982,54.514156905553314,53.68717766331617,54.18146514892578,5647900,0.0,0.0
2022-11-01 00:00:00-04:00,54.5616811551547,55.26508753886856,54.209974337229994,54.24799728393555,6844400,0.0,0.0
2022-11-02 00:00:00-04:00,54.44761657714844,55.74987540824498,54.01036353401012,54.44761657714844,6611300,0.0,0.0
2022-11-03 00:00:00-04:00,53.487559358659134,55.27459806324621,53.33547118971989,54.76129913330078,5603300,0.0,0.0
2022-11-04 00:00:00-04:00,55.50272983163465,55.683337029493124,54.22899002651624,55.05596923828125,3443500,0.0,0.0
2022-11-07 00:00:00-05:00,55.55025717856178,56.37724002343473,55.141519531390486,56.24415969848633,3640800,0.0,0.0
2022-11-08 00:00:00-05:00,56.08256964660988,56.90004497078223,55.49322840460563,56.20614242553711,4511100,0.0,0.0
2022-11-09 00:00:00-05:00,55.83542812313363,56.48180017085549,55.50273273529176,55.569271087646484,3849400,0.0,0.0
2022-11-10 00:00:00-05:00,57.1757029842075,57.90762481705833,56.66240404531872,57.59394454956055,4974300,0.0,0.0
2022-11-11 00:00:00-05:00,57.898122776897914,58.13576077936853,57.06163599290227,57.40383529663086,6332200,0.0,0.0
2022-11-14 00:00:00-05:00,57.37532622479558,58.088240310837136,57.19471900231451,57.261260986328125,4687800,0.0,0.0
2022-11-15 00:00:00-05:00,58.07872401979063,58.77263015006368,57.2707562942819,57.546417236328125,6113300,0.0,0.0
2022-11-16 00:00:00-05:00,57.46086393444891,57.831578600789264,56.87152276298651,56.909542083740234,4581200,0.0,0.0
2022-11-17 00:00:00-05:00,56.073067008994094,56.70993514179985,55.86394439771181,56.50081253051758,5903100,0.0,0.0
2022-11-18 00:00:00-05:00,57.30878301635074,57.62246330210411,56.548342114148966,56.862022399902344,3381600,0.0,0.0
2022-11-21 00:00:00-05:00,56.78598441911526,57.37532570965236,56.329716217204925,57.13768768310547,3351800,0.0,0.0
2022-11-22 00:00:00-05:00,57.45136082285561,57.92663681663655,57.38482247381173,57.869606018066406,3149200,0.0,0.0
2022-11-23 00:00:00-05:00,57.59394876540012,58.30686280179669,57.59394876540012,57.94565200805664,2362400,0.0,0.0
2022-11-25 00:00:00-05:00,58.325876322968924,58.3924146786135,57.95516159121531,58.059722900390625,2160500,0.0,0.0
2022-11-28 00:00:00-05:00,57.546419177989115,58.22131023040356,57.546419177989115,57.73653030395508,3787500,0.0,0.0
2022-11-29 00:00:00-05:00,57.92663669641444,58.68708118574016,57.64147182595133,58.401912689208984,3526800,0.0,0.0
2022-11-30 00:00:00-05:00,58.0026803871685,60.09389540104956,57.70800797747182,59.98933410644531,10713100,0.0,0.0
2022-12-01 00:00:00-05:00,60.25549265475652,60.29351560624649,59.45702880380846,59.97983169555664,6331900,0.0,0.0
2022-12-02 00:00:00-05:00,59.45702556719975,59.94180910713647,59.28592592087714,59.64713668823242,4422000,0.0,0.0
2022-12-05 00:00:00-05:00,59.24790556091372,59.54257434859416,58.09773493052024,58.48746109008789,5058400,0.0,0.0
2022-12-06 00:00:00-05:00,58.563510793684515,58.6965874969074,58.03120035472477,58.63955307006836,3616100,0.0,0.0
2022-12-07 00:00:00-05:00,58.44944650627143,59.637636555685994,58.11675111679439,58.96274185180664,5662900,0.0,0.0
2022-12-08 00:00:00-05:00,59.361973167609456,59.40950004242978,58.696586041920625,59.181365966796875,5963800,0.0,0.0
2022-12-09 00:00:00-05:00,58.972245569148185,59.827740173471945,58.52548497926935,59.419002532958984,5261200,0.0,0.0
2022-12-12 00:00:00-05:00,59.56158490706175,60.45510243265365,59.21938562566589,60.36955261230469,4785900,0.0,0.0
2022-12-13 00:00:00-05:00,61.42467012083817,61.59576976331934,60.15092672633702,60.417083740234375,5533900,0.0,0.0
2022-12-14 00:00:00-05:00,60.58904564844608,61.22913632669653,59.57636443874641,59.862972259521484,6048200,0.32,0.0
2022-12-15 00:00:00-05:00,59.022257594498825,59.605028942319514,58.716542075054605,59.43306350708008,8012000,0.0,0.0
2022-12-16 00:00:00-05:00,58.936273319389144,59.95851024384452,58.649665483036344,59.77699279785156,13078300,0.0,0.0
2022-12-19 00:00:00-05:00,59.78655328167771,60.28333829441889,58.5541354770602,58.72610092163086,6757300,0.0,0.0
2022-12-20 00:00:00-05:00,59.09868810976927,60.41708856096557,58.55413211470445,59.996726989746094,4214000,0.0,0.0
2022-12-21 00:00:00-05:00,60.64636528207752,61.038063465616524,60.41708049603398,60.5030632019043,3367500,0.0,0.0
2022-12-22 00:00:00-05:00,60.331095742163996,60.44573813129411,58.783407089036146,59.61457443237305,3715800,0.0,0.0
2022-12-23 00:00:00-05:00,59.59547517927499,60.37887163043165,59.337527033979555,60.34065628051758,2344200,0.0,0.0
2022-12-27 00:00:00-05:00,60.560382576207196,60.617705594926065,60.1686843926682,60.5030632019043,2329800,0.0,0.0
2022-12-28 00:00:00-05:00,60.646373941879446,60.79923170254062,60.054050574869464,60.08271026611328,2763800,0.0,0.0
2022-12-29 00:00:00-05:00,60.37887077156794,60.91387108508935,60.10181495525647,60.789676666259766,1793400,0.0,0.0
2022-12-30 00:00:00-05:00,60.43618776975052,60.627260864657444,60.13047227566591,60.417083740234375,2351600,0.0,0.0
2023-01-03 00:00:00-05:00,60.61771453893599,61.01896479592375,59.824762396198516,60.12092590332031,3363500,0.0,0.0
2023-01-04 00:00:00-05:00,60.66547620156989,61.678157408886285,60.35976070754047,61.00940704345703,3763600,0.0,0.0
2023-01-05 00:00:00-05:00,61.06672796907072,61.219589364377136,60.187796812556364,60.67502975463867,3902300,0.0,0.0
2023-01-06 00:00:00-05:00,61.2291367590555,61.71637333778821,60.91386924730157,61.668609619140625,2893400,0.0,0.0
2023-01-09 00:00:00-05:00,61.869234135193246,61.983872889910025,60.923424320202066,61.018959045410156,3014000,0.0,0.0
2023-01-10 00:00:00-05:00,60.9234256139829,61.1144987128729,60.378869651016956,60.61771011352539,6056000,0.0,0.0
2023-01-11 00:00:00-05:00,60.58904676682546,60.94253327524183,60.42663700167435,60.627262115478516,5409500,0.0,0.0
2023-01-12 00:00:00-05:00,60.9520828877469,61.35333674395588,60.66547507297825,60.837440490722656,5012000,0.0,0.0
2023-01-13 00:00:00-05:00,60.3406565175118,61.601737558714646,60.11136806154318,61.53486251831055,2369500,0.0,0.0
2023-01-17 00:00:00-05:00,61.200479744118205,61.506195254383414,60.770569813344,60.932979583740234,3765300,0.0,0.0
2023-01-18 00:00:00-05:00,60.856554355580606,61.17182189057526,59.356636449427256,59.43306350708008,3565300,0.0,0.0
2023-01-19 00:00:00-05:00,59.13690072948816,59.461723908421284,58.65921979837571,58.964935302734375,4435300,0.0,0.0
2023-01-20 00:00:00-05:00,58.993599573794455,59.6910133500494,58.04778965319762,59.681461334228516,3343100,0.0,0.0
2023-01-23 00:00:00-05:00,59.643245892288355,60.32155199146343,59.499940144274895,60.2833366394043,2354500,0.0,0.0
2023-01-24 00:00:00-05:00,60.56994473558564,60.57949675085598,59.28020400910845,60.34065628051758,4874900,0.0,0.0
2023-01-25 00:00:00-05:00,59.80565062598334,60.837443178025985,59.652792875060314,60.66547775268555,5565000,0.0,0.0
2023-01-26 00:00:00-05:00,61.04762308820913,61.19092882210341,60.53172681948916,61.12405014038086,3335200,0.0,0.0
2023-01-27 00:00:00-05:00,60.64636528207752,61.047619124277645,60.36930949156028,60.5030632019043,2294200,0.0,0.0
2023-01-30 00:00:00-05:00,60.254673552122966,60.64637177761486,60.18779851199628,60.3502082824707,2080700,0.0,0.0
2023-01-31 00:00:00-05:00,59.69100656549349,60.445743284139134,59.00314488324266,60.39797592163086,4342000,0.0,0.0
2023-02-01 00:00:00-05:00,59.75788448031485,59.95850959916303,58.11466453549924,58.49680709838867,6371800,0.0,0.0
2023-02-02 00:00:00-05:00,58.28662408760016,58.37260679873008,55.84090011664467,56.3950080871582,10982200,0.0,0.0
2023-02-03 00:00:00-05:00,56.3567985239949,56.6338506975667,55.57339843482453,56.12751007080078,6736100,0.0,0.0
2023-02-06 00:00:00-05:00,55.850454051535614,57.32171220615347,55.69759629809586,57.28349685668945,3895400,0.0,0.0
2023-02-07 00:00:00-05:00,56.901350807236305,58.15287244792574,56.84402778655419,57.90447998046875,3394200,0.0,0.0
2023-02-08 00:00:00-05:00,57.541451251097385,58.74520937909375,57.3026107576206,58.24842071533203,6025800,0.0,0.0
2023-02-09 00:00:00-05:00,58.697437649249174,58.94583380031005,57.96180850097917,58.15288162231445,3747700,0.0,0.0
2023-02-10 00:00:00-05:00,58.08600175825954,58.64966541501341,58.0382343929922,58.58279037475586,3096900,0.0,0.0
2023-02-13 00:00:00-05:00,58.61145016385537,59.29931188699718,58.487255742834165,59.19422149658203,3838500,0.0,0.0
2023-02-14 00:00:00-05:00,58.9171706689804,59.21333419030513,58.3248472707476,58.773868560791016,3756200,0.0,0.0
2023-02-15 00:00:00-05:00,58.51591854057572,59.14645727213424,58.210203012815015,59.070030212402344,4141500,0.0,0.0
2023-02-16 00:00:00-05:00,58.859843768118616,60.254671185134065,58.496805247109045,59.385292053222656,5064500,0.0,0.0
2023-02-17 00:00:00-05:00,59.10823942942923,59.375743238260526,57.789842638170406,58.10511016845703,5737000,0.0,0.0
2023-02-21 00:00:00-05:00,57.92359754339002,58.18154571387519,56.65296436778717,57.05421829223633,4858600,0.0,0.0
2023-02-22 00:00:00-05:00,56.66251808524407,58.14332836628394,56.51921233619455,57.95225524902344,5810400,0.0,0.0
2023-02-23 00:00:00-05:00,58.27707250612828,58.63055536810596,57.14974523822692,57.61787414550781,4010400,0.0,0.0
2023-02-24 00:00:00-05:00,57.17840771642532,57.65608866190729,56.81537282183882,57.48412322998047,4102100,0.0,0.0
2023-02-27 00:00:00-05:00,57.87583201297006,58.33440533804598,57.617883834286694,57.94270706176758,3591500,0.0,0.0
2023-02-28 00:00:00-05:00,58.08600810278681,58.64967182110765,57.90449063717788,58.382171630859375,6205100,0.0,0.0
2023-03-01 00:00:00-05:00,58.42993419462175,58.98404585102849,58.114666659824074,58.238861083984375,4360100,0.0,0.0
2023-03-02 00:00:00-05:00,57.828053252989406,58.076449381901426,57.08287215508603,57.350372314453125,4008200,0.0,0.0
2023-03-03 00:00:00-05:00,57.70385997330819,57.70385997330819,57.05421359250706,57.512786865234375,3783500,0.0,0.0
2023-03-06 00:00:00-05:00,57.37903761224187,57.8471629071516,57.23573186801112,57.64653778076172,4597200,0.0,0.0
2023-03-07 00:00:00-05:00,57.65608603321608,57.71340905605031,55.516077535898596,55.87911605834961,3540600,0.0,0.0
2023-03-08 00:00:00-05:00,56.04152235548351,56.146612735302284,54.27410450490808,54.78999710083008,5651400,0.0,0.0
2023-03-09 00:00:00-05:00,54.83776994187205,54.93330466613366,52.9461503306303,53.30918884277344,7252100,0.0,0.0
2023-03-10 00:00:00-05:00,52.439808568635414,52.54489894964126,50.47176559494784,50.77748107910156,11354000,0.0,0.0
2023-03-13 00:00:00-04:00,48.75211897579979,48.933640078106535,46.91782578738381,47.8349723815918,13489800,0.0,0.0
2023-03-14 00:00:00-04:00,49.965431695641115,50.108737452904556,48.45596163603902,48.838104248046875,8186600,0.0,0.0
2023-03-15 00:00:00-04:00,46.65031637038003,47.271299326136585,44.84467958730529,45.819149017333984,10302500,0.0,0.0
2023-03-16 00:00:00-04:00,45.13628863705362,48.42557104676811,44.98240414424058,48.27168655395508,13158000,0.32,0.0
2023-03-17 00:00:00-04:00,47.598451309772486,47.656155710147814,45.328651949637724,45.4344482421875,11535600,0.0,0.0
2023-03-20 00:00:00-04:00,46.04035955024423,47.55035228173216,45.98265515852859,46.98290252685547,7182100,0.0,0.0
2023-03-21 00:00:00-04:00,48.42557323798424,49.416208144883264,48.415957061890175,49.291175842285156,9632500,0.0,0.0
2023-03-22 00:00:00-04:00,49.07958133139958,49.291173886030144,46.848254338753385,46.88672637939453,5609100,0.0,0.0
2023-03-23 00:00:00-04:00,46.867490927928365,47.069463640402226,44.82852044484415,45.35749816894531,6555000,0.0,0.0
2023-03-24 00:00:00-04:00,44.28992842518154,45.5498604126126,43.914835149620906,45.53062438964844,6564500,0.0,0.0
2023-03-27 00:00:00-04:00,46.49240474355456,46.65590543969276,45.511389560036385,45.64603805541992,8219100,0.0,0.0
2023-03-28 00:00:00-04:00,45.42482467553866,45.982658292784194,45.261323996005565,45.684505462646484,5140700,0.0,0.0
2023-03-29 00:00:00-04:00,46.636669393274566,46.867494318831994,46.15577985131787,46.83864212036133,5201600,0.0,0.0
2023-03-30 00:00:00-04:00,47.21373424535634,48.012008958060875,47.21373424535634,47.91583251953125,5933600,0.0,0.0
2023-03-31 00:00:00-04:00,48.30054743626461,48.560228232780624,48.05048281640648,48.43519592285156,5071600,0.0,0.0
2023-04-03 00:00:00-04:00,48.531369075507456,48.89684613496825,48.14665966403448,48.492897033691406,4324800,0.0,0.0
2023-04-04 00:00:00-04:00,49.07958805717045,49.13729612604037,47.040617319417684,47.963924407958984,3905400,0.0,0.0
2023-04-05 00:00:00-04:00,47.3964715583478,48.37748665338484,47.32914731672823,48.31978225708008,3467900,0.0,0.0
2023-04-06 00:00:00-04:00,48.540992082700434,49.31041462466766,48.540992082700434,49.12767791748047,3439200,0.0,0.0
2023-04-10 00:00:00-04:00,48.569846426902764,49.27194475676668,48.47366998074462,49.156532287597656,2933400,0.0,0.0
2023-04-11 00:00:00-04:00,49.339264205361125,49.68550524809773,49.031495204905454,49.24308776855469,4814100,0.0,0.0
2023-04-12 00:00:00-04:00,49.57970634771727,49.98365543254068,48.9641683793156,49.358497619628906,4391300,0.0,0.0
2023-04-13 00:00:00-04:00,49.02187950825808,49.82977405958009,48.60831422193277,49.64703369140625,5068700,0.0,0.0
2023-04-14 00:00:00-04:00,50.03174873372068,50.39722581544281,48.99302555479341,49.473915100097656,3463000,0.0,0.0
2023-04-17 00:00:00-04:00,49.204615493092064,50.00289385660684,48.752578170673054,49.93556594848633,4968000,0.0,0.0
2023-04-18 00:00:00-04:00,50.176016333364124,50.493405212915526,49.86824729986377,50.454933166503906,3168000,0.0,0.0
2023-04-19 00:00:00-04:00,50.44531225400749,51.310911203636664,50.127923404249636,51.13779067993164,3778900,0.0,0.0
2023-04-20 00:00:00-04:00,50.87810941999217,51.10893432020426,50.08945095129218,50.33951187133789,4668900,0.0,0.0
2023-04-21 00:00:00-04:00,50.022129419909724,50.19524995157101,48.97379005324802,49.5797119140625,3912800,0.0,0.0
2023-04-24 00:00:00-04:00,49.406592278717724,50.147162640060344,49.406592278717724,49.839393615722656,2975400,0.0,0.0
2023-04-25 00:00:00-04:00,49.16614426348228,49.560473529269814,48.79105101906194,49.00264358520508,2561800,0.0,0.0
2023-04-26 00:00:00-04:00,49.098821139683814,49.64703491997965,48.51213531577872,48.86799621582031,3127200,0.0,0.0
2023-04-27 00:00:00-04:00,49.14691221258697,50.31066775149558,49.06035194388957,50.14716339111328,2963800,0.0,0.0
2023-04-28 00:00:00-04:00,49.791300365224984,51.19549685556961,49.67588790997775,51.012760162353516,3508200,0.0,0.0
2023-05-01 00:00:00-04:00,50.57996628440183,51.66677776492612,50.50302219035932,51.060855865478516,2789600,0.0,0.0
2023-05-02 00:00:00-04:00,50.81078923196765,50.82040540820254,49.00264358144591,49.945186614990234,4165200,0.0,0.0
2023-05-03 00:00:00-04:00,50.195250403165744,50.628051736212754,49.25270731613899,49.38735580444336,3594400,0.0,0.0
2023-05-04 00:00:00-04:00,48.76220368469379,49.04112051899153,47.07909017060897,47.97354507446289,5424500,0.0,0.0
2023-05-05 00:00:00-04:00,52.099569928359266,52.51313521774421,50.41645657306111,51.73409652709961,7504100,0.0,0.0
2023-05-08 00:00:00-04:00,52.30154329058795,52.40733956810341,51.46479291509063,51.695621490478516,3567400,0.0,0.0
2023-05-09 00:00:00-04:00,51.176269013542715,51.58021817480828,50.99353229112281,51.070472717285156,4876100,0.0,0.0
2023-05-10 00:00:00-04:00,51.416712004802974,51.560980343532464,50.435696840572746,50.59920120239258,4853000,0.0,0.0
2023-05-11 00:00:00-04:00,50.050986939662536,50.97429402639805,49.94519064805605,50.79155731201172,4446200,0.0,0.0
2023-05-12 00:00:00-04:00,51.118565470640284,51.301302196132674,49.87786943368038,50.48379135131836,3076500,0.0,0.0
2023-05-15 00:00:00-04:00,50.86849683322774,50.906968878383914,50.07983825200685,50.53187561035156,2942900,0.0,0.0
2023-05-16 00:00:00-04:00,50.541486223653834,51.18588006794928,50.13754080066819,50.31066131591797,4336700,0.0,0.0
2023-05-17 00:00:00-04:00,50.83964185074578,52.022629657818,50.83964185074578,51.68600845336914,4081400,0.0,0.0
2023-05-18 00:00:00-04:00,51.676388792579395,52.34963487277573,51.12817501829426,52.234222412109375,2533200,0.0,0.0
2023-05-19 00:00:00-04:00,52.64778790682084,52.75358052264963,51.52250448707982,51.79180145263672,2732400,0.0,0.0
2023-05-22 00:00:00-04:00,51.782189610527894,51.94569030504536,51.2147397649677,51.89760208129883,2632400,0.0,0.0
2023-05-23 00:00:00-04:00,53.28256287019598,54.725231500231295,53.13829453963403,53.63842010498047,6493800,0.0,0.0
2023-05-24 00:00:00-04:00,52.99402517925908,53.301794187507504,52.33039894314141,52.484283447265625,3211800,0.0,0.0
2023-05-25 00:00:00-04:00,52.359254045747285,52.58046280339132,51.493655037865764,51.62830352783203,3798500,0.0,0.0
2023-05-26 00:00:00-04:00,51.676390043350295,52.2919280736639,51.35900485161188,52.003395080566406,3115900,0.0,0.0
2023-05-30 00:00:00-04:00,52.0707178657377,52.676639702508425,51.628300377446166,52.6285514831543,2803900,0.0,0.0
2023-05-31 00:00:00-04:00,52.032243323210274,52.38810420090737,50.762695314987845,50.810787200927734,9756800,0.0,0.0
2023-06-01 00:00:00-04:00,51.23397111976985,51.83027311146324,51.04161457341509,51.68600845336914,3836400,0.0,0.0
2023-06-02 00:00:00-04:00,52.35925198815355,53.5614758426024,52.23422334889602,53.090206146240234,3782200,0.0,0.0
2023-06-05 00:00:00-04:00,52.97479440170798,52.97479440170798,52.08995572501152,52.15727996826172,3421300,0.0,0.0
2023-06-06 00:00:00-04:00,52.49390468401623,53.9750416996372,52.45543263974138,53.79230499267578,4290200,0.0,0.0
2023-06-07 00:00:00-04:00,54.0423640436826,54.83102257912408,53.397973834754346,54.56172561645508,3684200,0.0,0.0
2023-06-08 00:00:00-04:00,54.39822903794921,54.87911860404846,53.97504387168829,54.465553283691406,5151200,0.0,0.0
2023-06-09 00:00:00-04:00,54.19625203771433,54.821409934348715,54.04236752500534,54.705997467041016,3593500,0.0,0.0
2023-06-12 00:00:00-04:00,54.41745761046228,54.686754556561105,53.40758672480025,54.07121658325195,2926800,0.0,0.0
2023-06-13 00:00:00-04:00,54.1962526318264,55.22535600976708,54.051987963334355,54.465553283691406,3495400,0.0,0.0
2023-06-14 00:00:00-04:00,54.504016579808564,55.22535086171538,53.44606110057026,53.70574188232422,4211500,0.0,0.0
2023-06-15 00:00:00-04:00,53.2023750705669,55.24489773688849,53.163653386678575,54.809288024902344,4709000,0.36,0.0
2023-06-16 00:00:00-04:00,55.04161709045694,55.67082786682861,54.62536820033722,55.46754455566406,10319300,0.0,0.0
2023-06-20 00:00:00-04:00,54.886731387999596,55.33201967456835,54.15103416499615,54.28656005859375,4083000,0.0,0.0
2023-06-21 00:00:00-04:00,54.34463381508893,54.79960432647918,53.7735019555979,54.65439987182617,3984900,0.0,0.0
2023-06-22 00:00:00-04:00,54.896409278552746,54.9448095364544,53.53150132658938,54.180076599121094,3987100,0.0,0.0
2023-06-23 00:00:00-04:00,53.250776417310746,53.71542924806032,53.086214796476895,53.454063415527344,5255500,0.0,0.0
2023-06-26 00:00:00-04:00,53.60894453888462,54.31559864178044,53.3378964485512,53.88966751098633,3348900,0.0,0.0
2023-06-27 00:00:00-04:00,53.76383156396944,54.964174293325584,53.62830935511019,54.64472961425781,3349800,0.0,0.0
2023-06-28 00:00:00-04:00,54.44143801575849,54.712482392227905,53.899345570116985,54.65439987182617,3858300,0.0,0.0
2023-06-29 00:00:00-04:00,54.78025380173124,55.56435135764198,54.74153211417193,55.37074661254883,3862500,0.0,0.0
2023-06-30 00:00:00-04:00,56.058029746815585,56.09675142732741,55.51593729775804,55.69986343383789,3228900,0.0,0.0
2023-07-03 00:00:00-04:00,55.70954709209552,56.57108425224941,55.70954709209552,56.087074279785156,2257900,0.0,0.0
2023-07-05 00:00:00-04:00,55.50625934221273,55.92250818059436,55.060971089475125,55.86442565917969,2751800,0.0,0.0
2023-07-06 00:00:00-04:00,55.3320185782174,55.82570711350896,55.1480961224623,55.7579460144043,4172000,0.0,0.0
2023-07-07 00:00:00-04:00,55.44818012473252,56.8518097545838,55.44818012473252,56.33876037597656,3089500,0.0,0.0
2023-07-10 00:00:00-04:00,56.20323818791217,56.745326982708036,56.02899430595551,56.222599029541016,2758300,0.0,0.0
2023-07-11 00:00:00-04:00,56.203237631525646,57.08413560705141,56.203237631525646,56.87117004394531,2681200,0.0,0.0
2023-07-12 00:00:00-04:00,57.5584620373014,57.82951011878323,56.706607188938065,56.77436828613281,2709800,0.0,0.0
2023-07-13 00:00:00-04:00,56.28067229223406,57.07444825695054,56.28067229223406,57.00668716430664,2544700,0.0,0.0
2023-07-14 00:00:00-04:00,57.384212697586435,57.44229521509623,55.52561644970303,55.80634307861328,3168000,0.0,0.0
2023-07-17 00:00:00-04:00,56.08706948909584,57.461659613688994,56.08706948909584,57.2099723815918,3859800,0.0,0.0
2023-07-18 00:00:00-04:00,57.08413443674672,57.75206683547284,57.06477359570646,57.47134017944336,4119400,0.0,0.0
2023-07-19 00:00:00-04:00,57.21966102469754,57.73271042719678,56.99701687469403,57.229339599609375,4605500,0.0,0.0
2023-07-20 00:00:00-04:00,57.606864538802554,58.332879487932004,57.606864538802554,58.31352233886719,3340000,0.0,0.0
2023-07-21 00:00:00-04:00,58.51680106596182,58.56520132024794,57.7327036527971,58.03279113769531,2455700,0.0,0.0
2023-07-24 00:00:00-04:00,57.65526713040853,58.739448394926534,57.60686318077859,58.33287811279297,2771700,0.0,0.0
2023-07-25 00:00:00-04:00,58.33287103145555,58.449036065222046,57.800460884484345,57.97470474243164,2816400,0.0,0.0
2023-07-26 00:00:00-04:00,58.303840135636186,59.18473812717217,57.99407405241714,58.89433288574219,3262800,0.0,0.0
2023-07-27 00:00:00-04:00,59.12665282809394,59.72682408710496,58.69104316723812,58.700721740722656,3178600,0.0,0.0
2023-07-28 00:00:00-04:00,59.242817925451156,59.358979278135365,57.67462673975443,58.23607635498047,3904800,0.0,0.0
2023-07-31 00:00:00-04:00,58.458720479991314,58.845929912500985,58.013432217497176,58.352237701416016,3675800,0.0,0.0
2023-08-01 00:00:00-04:00,58.458721848248786,58.526482946618536,58.04247299100435,58.44904327392578,3819100,0.0,0.0
2023-08-02 00:00:00-04:00,58.45872263990167,60.210840032325386,58.32320044132691,59.31058120727539,5055700,0.0,0.0
2023-08-03 00:00:00-04:00,59.33961737619286,59.48482183397886,59.010490472220326,59.18473434448242,3865000,0.0,0.0
2023-08-04 00:00:00-04:00,59.14601828630695,59.85267610916348,58.70072998939435,58.74913024902344,3240700,0.0,0.0
2023-08-07 00:00:00-04:00,59.18473517683764,60.326998936530124,59.18473517683764,59.930110931396484,2560700,0.0,0.0
2023-08-08 00:00:00-04:00,59.02017662920648,59.69778762966568,58.56520607800988,59.533226013183594,2277900,0.0,0.0
2023-08-09 00:00:00-04:00,59.41706185334289,59.60098430298068,58.38128086696141,58.41032028198242,2133400,0.0,0.0
2023-08-10 00:00:00-04:00,58.758810542855834,59.43642523301127,58.33287940993946,58.487762451171875,1895700,0.0,0.0
2023-08-11 00:00:00-04:00,58.090871315727966,58.88465101381813,57.897270294084436,58.594242095947266,1732200,0.0,0.0
2023-08-14 00:00:00-04:00,58.40064413640068,58.4393621271378,57.664946921850735,57.906951904296875,2207800,0.0,0.0
2023-08-15 00:00:00-04:00,57.258373696141994,57.29709168239748,56.63883791092107,56.900203704833984,2911100,0.0,0.0
2023-08-16 00:00:00-04:00,56.900206899947904,57.539099867821015,56.580762262362725,56.73564529418945,2305800,0.0,0.0
2023-08-17 00:00:00-04:00,56.987329366584454,57.16157324059924,55.95154838922033,56.2032356262207,2879300,0.0,0.0
2023-08-18 00:00:00-04:00,55.83539395274981,56.51300869198625,55.82571168482605,56.09675979614258,2584100,0.0,0.0
2023-08-21 00:00:00-04:00,56.212916036966604,56.36779907529571,55.54498362655415,55.941871643066406,1900400,0.0,0.0
2023-08-22 00:00:00-04:00,55.81602981955294,56.087074222189614,55.19649764626737,55.506263732910156,3135300,0.0,0.0
2023-08-23 00:00:00-04:00,55.63211244318522,55.83539576373855,55.31266405999852,55.777313232421875,2360600,0.0,0.0
2023-08-24 00:00:00-04:00,55.564340736252284,56.696922185588285,55.55465846986158,56.23227310180664,3379300,0.0,0.0
2023-08-25 00:00:00-04:00,56.34843816794374,56.68724735262523,55.651466342630265,55.99995040893555,2286900,0.0,0.0
2023-08-28 00:00:00-04:00,56.03867465449763,56.52268463243277,55.61274720328782,56.01931381225586,2048700,0.0,0.0
2023-08-29 00:00:00-04:00,56.19355017397301,56.58075958154509,55.74826194015692,56.48395538330078,3136100,0.0,0.0
2023-08-30 00:00:00-04:00,56.6872468714442,57.09381345836741,56.251637176381564,56.474281311035156,1865800,0.0,0.0
2023-08-31 00:00:00-04:00,56.59044271441091,56.725964910169154,56.26131579926824,56.64852523803711,3113300,0.0,0.0
2023-09-01 00:00:00-04:00,56.997009396991245,57.69398117300142,56.997009396991245,57.345497131347656,1995500,0.0,0.0
2023-09-05 00:00:00-04:00,57.084133607516875,57.848866507632586,56.7259635925293,56.7259635925293,2428600,0.0,0.0
2023-09-06 00:00:00-04:00,56.61948528014195,57.490700969971044,56.45491997779576,57.297096252441406,2787400,0.0,0.0
2023-09-07 00:00:00-04:00,57.268062076941405,57.98439848953068,57.0744573416981,57.742393493652344,4405200,0.0,0.0
2023-09-08 00:00:00-04:00,57.63590621091006,58.23607751993763,57.413262075185365,57.75206756591797,2060600,0.0,0.0
2023-09-11 00:00:00-04:00,58.187679150974354,58.68136769530285,57.684308339337704,57.78110885620117,2719400,0.0,0.0
2023-09-12 00:00:00-04:00,57.95535418949546,59.000817522730024,57.84887140266196,58.63296890258789,2091300,0.0,0.0
2023-09-13 00:00:00-04:00,58.768489905078596,58.93305521573921,58.20704025784932,58.710411071777344,2723700,0.0,0.0
2023-09-14 00:00:00-04:00,59.40180448891378,59.7718495570082,59.099925128790375,59.59656524658203,2556400,0.36,0.0
2023-09-15 00:00:00-04:00,59.15834929545323,59.62577284411618,59.070707147906916,59.577083587646484,7126700,0.0,0.0
2023-09-18 00:00:00-04:00,59.67446622375796,60.29769766503704,59.16808974903061,60.063987731933594,2704300,0.0,0.0
2023-09-19 00:00:00-04:00,60.40481759236232,60.94041060655663,60.239273362340434,60.726173400878906,3029200,0.0,0.0
2023-09-20 00:00:00-04:00,61.0085735061247,61.29097269226433,60.60931564149386,60.687217712402344,3144900,0.0,0.0
2023-09-21 00:00:00-04:00,60.47297870877369,60.58009730347888,59.68420308367587,59.7231559753418,3698300,0.0,0.0
2023-09-22 00:00:00-04:00,59.67446316659547,60.21979250715329,59.547871840463294,59.96660614013672,2670300,0.0,0.0
2023-09-25 00:00:00-04:00,59.86922575644109,60.60931586392557,59.86922575644109,60.502197265625,1988900,0.0,0.0
2023-09-26 00:00:00-04:00,60.13215866787231,60.81381950908214,59.62578214910937,59.65499496459961,3072400,0.0,0.0
2023-09-27 00:00:00-04:00,59.82053510762236,59.92765370343394,58.67145079487451,59.411537170410156,2387600,0.0,0.0
2023-09-28 00:00:00-04:00,59.36284566947997,60.32690928060163,59.32389277888367,59.674461364746094,3172300,0.0,0.0
2023-09-29 00:00:00-04:00,59.508919599144846,59.791322495453635,58.64223817887163,59.01227951049805,2913900,0.0,0.0
2023-10-02 00:00:00-04:00,58.856473624458,58.992808751710484,57.83398431595485,58.47669219970703,2982900,0.0,0.0
2023-10-03 00:00:00-04:00,58.23324567114294,58.359840725217346,56.82123477266674,57.1036376953125,2865500,0.0,0.0
2023-10-04 00:00:00-04:00,56.82123129494392,57.87293712949572,56.20773993954109,57.804771423339844,2980700,0.0,0.0
2023-10-05 00:00:00-04:00,57.5905299218852,59.051229884251924,57.522364220821586,58.57406997680664,4251700,0.0,0.0
2023-10-06 00:00:00-04:00,58.408526076465975,59.58682323580747,58.23324177171656,59.27520751953125,3304600,0.0,0.0
2023-10-09 00:00:00-04:00,59.03176130941306,59.64525641553212,58.91490633697458,59.48944854736328,1856900,0.0,0.0
2023-10-10 00:00:00-04:00,59.489442596611795,60.02503185769494,59.460229785112496,59.567344665527344,2472700,0.0,0.0
2023-10-11 00:00:00-04:00,59.58682318165166,60.15162898860921,59.22651820655081,59.91791534423828,3050900,0.0,0.0
2023-10-12 00:00:00-04:00,60.278221797959844,60.278221797959844,59.1973031980036,59.53813171386719,2739400,0.0,0.0
2023-10-13 00:00:00-04:00,59.97634859973497,60.37560649408965,59.13887991529525,59.48944854736328,2313300,0.0,0.0
2023-10-16 00:00:00-04:00,60.112678455670014,61.20333350446874,60.015299933630885,60.96962356567383,3022300,0.0,0.0
2023-10-17 00:00:00-04:00,60.86250437591299,61.982375942330776,60.80407503440123,61.524688720703125,3377000,0.0,0.0
2023-10-18 00:00:00-04:00,61.32992972089297,61.69023471699066,60.84302967193565,60.95988464355469,3269900,0.0,0.0
2023-10-19 00:00:00-04:00,60.696956240196684,60.998831865028734,59.460229785112496,59.567344665527344,2388000,0.0,0.0
2023-10-20 00:00:00-04:00,59.51865749902616,59.65498891048192,57.50289171021069,57.96057891845703,3142100,0.0,0.0
2023-10-23 00:00:00-04:00,57.83398842968568,57.8534648778214,57.15232760394626,57.434730529785156,2821100,0.0,0.0
2023-10-24 00:00:00-04:00,57.66843906856969,58.40852545820372,57.56132047071754,58.30140686035156,3001400,0.0,0.0
2023-10-25 00:00:00-04:00,58.34036087909537,59.67446590820071,58.34036087909537,59.362850189208984,3594000,0.0,0.0
2023-10-26 00:00:00-04:00,59.36285209334567,60.28796291398059,59.197307862525456,59.255733489990234,2788200,0.0,0.0
2023-10-27 00:00:00-04:00,59.207044393640395,59.27521010237403,57.571059954528074,57.97031784057617,3097600,0.0,0.0
2023-10-30 00:00:00-04:00,58.42800578133005,59.508924482645064,58.32088717637053,59.40180587768555,3075900,0.0,0.0
2023-10-31 00:00:00-04:00,59.226518290462245,59.93739187575048,59.226518290462245,59.70368194580078,3996400,0.0,0.0
2023-11-01 00:00:00-04:00,60.093201346128275,60.78459850334388,59.70368354751147,60.424293518066406,4790100,0.0,0.0
2023-11-02 00:00:00-04:00,61.320193181318075,63.08276897612673,61.25202747183667,62.67377471923828,7287200,0.0,0.0
2023-11-03 00:00:00-04:00,62.323201324503074,63.23857572139817,62.01158561506074,62.07001495361328,5002300,0.0,0.0
2023-11-06 00:00:00-05:00,61.855776291910885,62.81009984376685,61.855776291910885,62.2647705078125,3111900,0.0,0.0
2023-11-07 00:00:00-05:00,62.17713118987771,62.17713118987771,61.028046843246955,61.446781158447266,3392600,0.0,0.0
2023-11-08 00:00:00-05:00,61.446779538778685,61.67075681149564,60.881977461031255,60.940406799316406,2648100,0.0,0.0
2023-11-09 00:00:00-05:00,61.26176415166937,61.933684883459996,61.10595628423592,61.20333480834961,3118300,0.0,0.0
2023-11-10 00:00:00-05:00,61.427308746666974,62.24529721996906,61.3104500664075,62.147918701171875,3636300,0.0,0.0
2023-11-13 00:00:00-05:00,61.82656990275803,62.362159214108146,61.69023476854389,62.060279846191406,2492900,0.0,0.0
2023-11-14 00:00:00-05:00,62.38163463922612,63.0827719292895,62.11871187020509,62.527706146240234,4617200,0.0,0.0
2023-11-15 00:00:00-05:00,62.51795936689602,62.72246391251008,61.729183714830576,61.81682586669922,3436500,0.0,0.0
2023-11-16 00:00:00-05:00,61.90446668159518,62.4984852853476,61.90446668159518,62.440059661865234,3166400,0.0,0.0
2023-11-17 00:00:00-05:00,62.69325200977035,63.04382066387577,62.430329233944114,62.7906379699707,3343800,0.0,0.0
2023-11-20 00:00:00-05:00,62.31346972415761,62.9659177195901,62.11870896217392,62.67377471923828,2472600,0.0,0.0
2023-11-21 00:00:00-05:00,62.78089171295894,63.58914755428609,62.78089171295894,63.267791748046875,2852800,0.0,0.0
2023-11-22 00:00:00-05:00,63.238578934662385,63.55019465993847,62.89774296649689,63.267791748046875,1857800,0.0,0.0
2023-11-24 00:00:00-05:00,63.39438438643971,63.998143116988594,63.31647859614209,63.501502990722656,1457700,0.0,0.0
2023-11-27 00:00:00-05:00,63.27754351009269,63.6962779147472,63.22885052579316,63.54046630859375,2706700,0.0,0.0
2023-11-28 00:00:00-05:00,63.54046034142957,63.75469756501813,62.9269689162033,62.946441650390625,2336600,0.0,0.0
2023-11-29 00:00:00-05:00,62.9366938170573,63.413861185191635,62.84905537974978,63.1314582824707,2496700,0.0,0.0
2023-11-30 00:00:00-05:00,63.238576015650715,64.10525744374193,63.111977257488334,64.08577728271484,5325600,0.0,0.0
2023-12-01 00:00:00-05:00,63.949449411693294,64.72849244677867,63.73521220556957,64.24159240722656,3439000,0.0,0.0
2023-12-04 00:00:00-05:00,64.00788260594621,64.5629483550473,63.735212342427324,64.27080535888672,4116300,0.0,0.0
2023-12-05 00:00:00-05:00,64.07604524952919,64.70900932842581,64.01761219538906,64.17342376708984,3634100,0.0,0.0
2023-12-06 00:00:00-05:00,64.39738543955977,64.93297836240919,63.61834996846502,63.65730285644531,4221900,0.0,0.0
2023-12-07 00:00:00-05:00,63.959192754799226,64.12473699360885,63.11198396814732,63.69626998901367,3790000,0.0,0.0
2023-12-08 00:00:00-05:00,63.86181477431164,64.12473754234712,63.491765967328924,63.8131217956543,2922200,0.0,0.0
2023-12-11 00:00:00-05:00,63.8423319636527,64.79665932742252,63.72548070692934,64.44609069824219,3675200,0.0,0.0
2023-12-12 00:00:00-05:00,64.43635985593362,65.62439733299672,64.40714703756423,65.1959228515625,5163900,0.0,0.0
2023-12-13 00:00:00-05:00,65.16654597896338,65.94980075011617,64.8728310420344,65.82252502441406,3612000,0.36,0.0
2023-12-14 00:00:00-05:00,66.00852989933078,66.27288150976874,64.80428469075247,65.0979995727539,5215500,0.0,0.0
2023-12-15 00:00:00-05:00,64.42246431298834,65.57776103067552,64.31476659161883,64.62806701660156,7661900,0.0,0.0
2023-12-18 00:00:00-05:00,65.02947055187154,65.39172715193597,64.5007747584006,65.06863403320312,2710800,0.0,0.0
2023-12-19 00:00:00-05:00,65.80293379358115,66.20435388285982,65.3036087338861,66.02812194824219,4097000,0.0,0.0
2023-12-20 00:00:00-05:00,65.80294063478856,66.36100724081878,65.18613253433554,65.22529602050781,3759400,0.0,0.0
2023-12-21 00:00:00-05:00,65.24486479008547,65.55816516542907,64.40286863078636,65.17633056640625,2006600,0.0,0.0
2023-12-22 00:00:00-05:00,65.35256901877644,65.70503290993452,65.28403478825518,65.52880096435547,1518300,0.0,0.0
2023-12-26 00:00:00-05:00,65.51900668826117,65.91063405476544,65.3231967398444,65.724609375,2815700,0.0,0.0
2023-12-27 00:00:00-05:00,65.47006471611468,65.81273589616664,65.00990307304282,65.74420166015625,1507600,0.0,0.0
2023-12-28 00:00:00-05:00,66.00853599964694,66.55681727545897,65.98895799357206,66.4491195678711,2245800,0.0,0.0
2023-12-29 00:00:00-05:00,66.44912497650805,66.60577144686862,66.14560983511466,66.33163452148438,2498400,0.0,0.0
2024-01-02 00:00:00-05:00,65.94000700767658,67.4379748252607,65.94000700767658,67.39881134033203,3897700,0.0,0.0
2024-01-03 00:00:00-05:00,67.42818867461447,67.9177210253153,67.1050955304309,67.17362976074219,3970300,0.0,0.0
2024-01-04 00:00:00-05:00,67.43797295888626,68.2995546641302,67.14425803455646,67.19320678710938,4146100,0.0,0.0
2024-01-05 00:00:00-05:00,67.34985879129107,67.7806496315605,67.14425610925446,67.56525421142578,4870500,0.0,0.0
2024-01-08 00:00:00-05:00,67.63379004761387,67.73169502191206,66.39037371804768,66.79179382324219,4098100,0.0,0.0
2024-01-09 00:00:00-05:00,66.41974315420963,66.52744086471607,65.77356436084148,66.40995788574219,3479300,0.0,0.0
2024-01-10 00:00:00-05:00,66.07707518650824,66.43933181829041,65.85189448622357,66.17498016357422,2943400,0.0,0.0
2024-01-11 00:00:00-05:00,66.01833219161702,66.17497865742311,65.48963636388876,65.88126373291016,2788000,0.0,0.0
2024-01-12 00:00:00-05:00,66.06729790561539,66.38059835190954,65.6267142510421,66.08687591552734,2473100,0.0,0.0
2024-01-16 00:00:00-05:00,65.83230688875021,65.98896082274719,65.32319654260142,65.81272888183594,2906400,0.0,0.0
2024-01-17 00:00:00-05:00,65.26444972225916,66.4686949954138,65.26444972225916,65.3525619506836,3691200,0.0,0.0
2024-01-18 00:00:00-05:00,65.00010243783395,65.94000361880425,64.67700930603054,65.83230590820312,3580500,0.0,0.0
2024-01-19 00:00:00-05:00,66.45890691162958,67.81980620128321,66.28267497277015,67.38902282714844,5098600,0.0,0.0
2024-01-22 00:00:00-05:00,67.73169348125217,68.08415735644489,67.44776383347634,67.81002044677734,3091900,0.0,0.0
2024-01-23 00:00:00-05:00,67.81002461701881,67.97646382674272,67.52609495178162,67.55546569824219,2562200,0.0,0.0
2024-01-24 00:00:00-05:00,67.97645658641805,68.20164473474883,67.5848292460912,67.71211242675781,2736100,0.0,0.0
2024-01-25 00:00:00-05:00,68.17226707227174,68.46598944730638,67.37922711721659,67.53588104248047,3968400,0.0,0.0
2024-01-26 00:00:00-05:00,67.70232183172985,68.19185415521355,67.55546064075065,68.0743637084961,2564600,0.0,0.0
2024-01-29 00:00:00-05:00,67.95688046206438,68.23101736698128,67.59462385504108,67.91771697998047,3167200,0.0,0.0
2024-01-30 00:00:00-05:00,67.87855698827059,68.93594864989672,67.87855698827059,68.90657043457031,2966800,0.0,0.0
2024-01-31 00:00:00-05:00,69.0828000944447,69.58212516309557,68.0449939440105,68.0547866821289,3690900,0.0,0.0
2024-02-01 00:00:00-05:00,67.56525135220913,68.01562017994554,66.11623243150353,67.37922668457031,4304200,0.0,0.0
2024-02-02 00:00:00-05:00,67.63379063040027,68.57369183716908,67.52609291684304,68.17227172851562,2808900,0.0,0.0
2024-02-05 00:00:00-05:00,67.49671595528702,67.82959433404753,67.28132054800898,67.48692321777344,2929300,0.0,0.0
2024-02-06 00:00:00-05:00,67.33027648925781,67.90792854954876,67.16383728209654,67.33027648925781,2910400,0.0,0.0
2024-02-07 00:00:00-05:00,67.53588510305654,68.37787385812828,67.49672161938588,68.34850311279297,2844100,0.0,0.0
2024-02-08 00:00:00-05:00,68.30933472148998,68.30933472148998,66.53723016331458,66.97781372070312,5242200,0.0,0.0
2024-02-09 00:00:00-05:00,66.85053256111412,67.78064845282336,66.63513714472523,67.6729507446289,3217300,0.0,0.0
2024-02-12 00:00:00-05:00,67.947094222092,68.71076352158387,67.81002575652532,68.27018737792969,3770600,0.0,0.0
2024-02-13 00:00:00-05:00,68.39744660618848,68.82823737672588,67.75126045038238,68.62262725830078,5328600,0.0,0.0
2024-02-14 00:00:00-05:00,70.68846567337539,71.7458573020263,67.29111756764223,67.7219009399414,7507300,0.0,0.0
2024-02-15 00:00:00-05:00,67.57503805858411,69.32756465775502,67.40859886276994,68.8282470703125,5656300,0.0,0.0
2024-02-16 00:00:00-05:00,68.68139003609566,69.30799084503637,68.24080644033774,68.57369232177734,5139600,0.0,0.0
2024-02-20 00:00:00-05:00,67.56525602000785,67.96666865672798,66.62535481853672,66.70367431640625,6814600,0.0,0.0
2024-02-21 00:00:00-05:00,67.20300112703829,67.65336999748024,66.72326151043048,67.2421646118164,3969200,0.0,0.0
2024-02-22 00:00:00-05:00,67.24216356374588,69.50380061931689,67.21279281803781,69.39610290527344,6031800,0.0,0.0
2024-02-23 00:00:00-05:00,69.51358865560803,70.4143263215232,69.39609821105246,69.82688903808594,4246100,0.0,0.0
2024-02-26 00:00:00-05:00,69.84646704401004,70.95281485531507,69.68002784980904,69.82688903808594,5154600,0.0,0.0
2024-02-27 00:00:00-05:00,69.75836039055716,70.51223692847358,69.75836039055716,70.4437026977539,3217500,0.0,0.0
2024-02-28 00:00:00-05:00,70.41433304215886,71.01156312039545,70.2283158242795,70.91365814208984,3557600,0.0,0.0
2024-02-29 00:00:00-05:00,71.16821136034406,71.56962398014241,70.50244710365887,71.36402130126953,5300200,0.0,0.0
2024-03-01 00:00:00-05:00,71.31507110595703,71.90251591770212,70.95282193767478,71.31507110595703,4631700,0.0,0.0
2024-03-04 00:00:00-05:00,70.77658647789929,71.72628041082628,70.76679373961026,71.6381607055664,4030400,0.0,0.0
2024-03-05 00:00:00-05:00,71.46193649310301,72.74451643952774,71.28570453319504,72.37246704101562,5310500,0.0,0.0
2024-03-06 00:00:00-05:00,72.2255978591913,73.40047995215022,71.60878980241559,73.28298950195312,5327400,0.0,0.0
2024-03-07 00:00:00-05:00,73.47880142461821,73.89979950258959,72.96968364817043,73.15570831298828,2945100,0.0,0.0
2024-03-08 00:00:00-05:00,73.14591827902109,73.32215021281752,72.7347129233862,72.85220336914062,2338500,0.0,0.0
2024-03-11 00:00:00-04:00,72.54868085439176,73.64523582728017,72.51931011336549,73.34172821044922,2336400,0.0,0.0
2024-03-12 00:00:00-04:00,73.35152221428658,74.44807731778131,73.22424649812355,74.30121612548828,3656000,0.0,0.0
2024-03-13 00:00:00-04:00,74.60616811595239,74.86194032089415,74.12414194551357,74.2618637084961,3645000,0.36,0.0
2024-03-14 00:00:00-04:00,74.2126866701775,74.78324508170137,73.62244192575317,74.61601257324219,3869100,0.0,0.0
2024-03-15 00:00:00-04:00,74.10447258664514,75.1177145148196,74.01593287651305,75.0291748046875,7185000,0.0,0.0
2024-03-18 00:00:00-04:00,74.93080227052647,75.27510668289084,73.90772094144856,74.11430358886719,6434600,0.0,0.0
2024-03-19 00:00:00-04:00,74.67503650271684,75.02917281804818,74.19300282700483,74.2618637084961,5565100,0.0,0.0
2024-03-20 00:00:00-04:00,74.39958912250017,75.55056034858326,74.25203544440168,75.49153137207031,4132900,0.0,0.0
2024-03-21 00:00:00-04:00,75.42266828366401,76.21949564848364,75.32429666604784,76.150634765625,3860800,0.0,0.0
2024-03-22 00:00:00-04:00,76.18015036480003,76.36705419862334,74.99966836220734,75.13739013671875,2913900,0.0,0.0
2024-03-25 00:00:00-04:00,75.24559963056237,75.86535510842025,75.117717272647,75.3439712524414,3286800,0.0,0.0
2024-03-26 00:00:00-04:00,75.46201346459354,76.17030107324534,75.18656995128958,76.13095092773438,3861900,0.0,0.0
2024-03-27 00:00:00-04:00,76.44575039998716,77.11468791399841,76.07193524711484,77.06549835205078,3474100,0.0,0.0
2024-03-28 00:00:00-04:00,77.23274217950593,77.41964601254982,76.86875891680148,76.89826965332031,4292900,0.0,0.0
2024-04-01 00:00:00-04:00,76.73102826826303,77.02615060986552,76.04241947822112,76.37688446044922,2329300,0.0,0.0
2024-04-02 00:00:00-04:00,76.34737603089545,77.01631352080773,76.10144324056407,76.75070190429688,3335100,0.0,0.0
2024-04-03 00:00:00-04:00,76.9081016342566,77.66557131770283,76.29818561914381,76.53428649902344,3380800,0.0,0.0
2024-04-04 00:00:00-04:00,76.99663210792716,77.63605884236183,75.17673102166913,75.37348175048828,4013100,0.0,0.0
2024-04-05 00:00:00-04:00,75.67843827321302,76.59330855021963,75.44234489680674,76.44574737548828,2999900,0.0,0.0
2024-04-08 00:00:00-04:00,76.5834732055664,76.96712777708521,76.2391687830846,76.5834732055664,3027600,0.0,0.0
2024-04-09 00:00:00-04:00,76.81957088696228,76.83924971521714,73.96675622247184,74.2913818359375,4390000,0.0,0.0
2024-04-10 00:00:00-04:00,73.8683735273962,74.44877884852515,73.1207432058137,74.09463500976562,4501500,0.0,0.0
2024-04-11 00:00:00-04:00,73.6322782705058,73.64211768390908,72.40261427966477,72.96334075927734,3833900,0.0,0.0
2024-04-12 00:00:00-04:00,72.79610929873874,73.43553608417425,71.9992894229671,72.48131561279297,4176500,0.0,0.0
2024-04-15 00:00:00-04:00,73.34700107932136,73.62244463403925,71.78287196277019,71.861572265625,3584500,0.0,0.0
2024-04-16 00:00:00-04:00,72.30424524498822,73.346997944793,71.41888563889282,72.60919952392578,4653000,0.0,0.0
2024-04-17 00:00:00-04:00,71.45822953566477,72.35342847718037,70.3466160473954,71.39920806884766,6222900,0.0,0.0
2024-04-18 00:00:00-04:00,71.97960792158743,72.40261262498036,71.58611395245651,71.80253601074219,3162100,0.0,0.0
2024-04-19 00:00:00-04:00,72.23538897945625,73.39619220274375,71.7238520105906,73.02237701416016,3509700,0.0,0.0
2024-04-22 00:00:00-04:00,73.44537130301667,74.15365142698737,72.92398748879279,73.74048614501953,2769900,0.0,0.0
2024-04-23 00:00:00-04:00,73.81918667430153,74.44877401224787,73.46504285854759,73.71097564697266,3011200,0.0,0.0
2024-04-24 00:00:00-04:00,73.22895173729819,73.91756056397617,73.16009085463038,73.75032806396484,2684600,0.0,0.0
2024-04-25 00:00:00-04:00,73.46504496892211,73.81918879484928,72.98301879123865,73.41585540771484,2987100,0.0,0.0
2024-04-26 00:00:00-04:00,73.21911799905531,73.80935525413793,73.03220665792415,73.31748962402344,5027200,0.0,0.0
2024-04-29 00:00:00-04:00,73.39618371314843,74.55698680216807,73.3273228309724,74.50779724121094,3582200,0.0,0.0
2024-04-30 00:00:00-04:00,74.26187265184186,74.43894458346887,73.86837863652916,74.08480072021484,3377300,0.0,0.0
2024-05-01 00:00:00-04:00,74.11430528963352,75.37348753489108,73.99626234855592,74.57666015625,4548300,0.0,0.0
2024-05-02 00:00:00-04:00,76.94745718651419,78.4033751883525,75.65877169071736,76.82940673828125,6490300,0.0,0.0
2024-05-03 00:00:00-04:00,76.49493655119522,77.57703931833365,74.97998967509221,77.2032241821289,6715500,0.0,0.0
2024-05-06 00:00:00-04:00,77.82297404646582,78.82637654511846,77.5180197831517,78.66898345947266,4669100,0.0,0.0
2024-05-07 00:00:00-04:00,78.90507710584097,79.44613225735262,78.58044401493399,78.97393798828125,3644100,0.0,0.0
2024-05-08 00:00:00-04:00,78.94442242933141,79.31823755326678,78.56076789271349,78.59027862548828,3137200,0.0,0.0
2024-05-09 00:00:00-04:00,78.28532948367648,79.00344904559097,78.00988595279019,78.5804443359375,3193300,0.0,0.0
2024-05-10 00:00:00-04:00,78.86573076155373,79.51499697468083,78.6984982540296,78.80670928955078,4034000,0.0,0.0
2024-05-13 00:00:00-04:00,78.80670718514298,79.15101160475552,77.61639333146906,77.70492553710938,3745800,0.0,0.0
2024-05-14 00:00:00-04:00,77.60655075489049,78.3148383922385,77.53768987377461,78.1476058959961,3141000,0.0,0.0
2024-05-15 00:00:00-04:00,77.72460507659228,78.30500288850624,77.09501770202273,77.61639404296875,2911300,0.0,0.0
2024-05-16 00:00:00-04:00,78.5312706420871,78.85590376888804,77.39997815810675,77.45899963378906,5725900,0.0,0.0
2024-05-17 00:00:00-04:00,77.7442771947554,79.4559674178181,77.5475339526649,79.2297134399414,6778800,0.0,0.0
2024-05-20 00:00:00-04:00,79.33791926220547,79.41661955598053,77.46882856404997,77.5081787109375,4312300,0.0,0.0
2024-05-21 00:00:00-04:00,77.5081820405718,78.09841925869421,77.31143129768203,77.39997100830078,2944300,0.0,0.0
2024-05-22 00:00:00-04:00,77.25240569366899,78.22629742672162,77.21305554719667,77.62622833251953,2949700,0.0,0.0
2024-05-23 00:00:00-04:00,77.36061606863454,77.37045548148801,75.80631906979643,76.31786346435547,2887800,0.0,0.0
2024-05-24 00:00:00-04:00,76.69168293991235,76.93761573827223,76.29818896148187,76.76054382324219,2045600,0.0,0.0
2024-05-28 00:00:00-04:00,76.66217455633019,76.66217455633019,75.5210427344084,76.10144805908203,3665300,0.0,0.0
2024-05-29 00:00:00-04:00,75.85552130586308,76.49494815328723,75.19642313471746,76.30803680419922,3747900,0.0,0.0
2024-05-30 00:00:00-04:00,76.21948957740487,77.38029258547071,76.0227388525709,76.97695922851562,2868200,0.0,0.0
2024-05-31 00:00:00-04:00,77.2327349531248,77.567199942742,76.33753600102042,77.53768920898438,6188900,0.0,0.0
2024-06-03 00:00:00-04:00,77.48850582514162,77.77378878299122,75.91453735534527,77.04582977294922,3435700,0.0,0.0
2024-06-04 00:00:00-04:00,76.60315317296508,76.88843612877461,75.15706707174289,75.40299987792969,4187600,0.0,0.0
2024-06-05 00:00:00-04:00,75.53088003039375,75.8555131263495,74.45861662925152,74.66519927978516,4693400,0.0,0.0
2024-06-06 00:00:00-04:00,74.83243895696732,75.33414401652428,74.18318020807666,74.38976287841797,4163500,0.0,0.0
2024-06-07 00:00:00-04:00,74.53730847608246,75.45217877700495,74.53730847608246,74.78324127197266,4543600,0.0,0.0
2024-06-10 00:00:00-04:00,74.47828700675626,75.07836362915022,74.20284347620297,74.78324127197266,4630500,0.0,0.0
2024-06-11 00:00:00-04:00,74.34056824030262,74.47829001113482,72.56001712791938,73.00269317626953,4068900,0.0,0.0
2024-06-12 00:00:00-04:00,73.62244284025317,73.8388649151939,72.71741189529546,73.46504974365234,4089200,0.0,0.0
2024-06-13 00:00:00-04:00,73.29781374386458,73.4552068329729,72.34359327992706,72.9043197631836,4322200,0.0,0.0
2024-06-14 00:00:00-04:00,72.31087589851126,73.06257087453051,72.26141940227244,72.61748504638672,3298200,0.4,0.0
2024-06-17 00:00:00-04:00,72.62738016801528,73.2010423402485,72.09328168483283,73.17137145996094,3451200,0.0,0.0
2024-06-18 00:00:00-04:00,73.05267957103493,73.54721435960354,72.73617760819111,73.3197250366211,3919300,0.0,0.0
2024-06-20 00:00:00-04:00,73.42851954413688,74.09120186194028,73.10213233531019,74.0615234375,4748000,0.0,0.0
2024-06-21 00:00:00-04:00,73.91317155649065,74.59562442177048,73.37907308844433,74.07141876220703,14081800,0.0,0.0
2024-06-24 00:00:00-04:00,74.21978522080649,75.60448419857573,74.03185957820854,75.17918395996094,4085800,0.0,0.0
2024-06-25 00:00:00-04:00,75.27808161902134,75.55501987670242,73.46808259003228,73.69557189941406,5338100,0.0,0.0
2024-06-26 00:00:00-04:00,72.84498162043667,73.89339304031067,72.1625211435739,73.67579650878906,6713300,0.0,0.0
2024-06-27 00:00:00-04:00,73.47797563662398,74.22967058562826,73.12191000530625,74.15054321289062,3531400,0.0,0.0
2024-06-28 00:00:00-04:00,73.68568039474718,74.26922779861134,72.81530192006784,73.42852020263672,9261700,0.0,0.0
2024-07-01 00:00:00-04:00,74.22968064702661,74.51650420657496,73.13181272598764,73.67579650878906,5714800,0.0,0.0
2024-07-02 00:00:00-04:00,73.29005575835218,74.61541294460153,73.07245923926631,74.5066146850586,3778700,0.0,0.0
2024-07-03 00:00:00-04:00,74.59562823835711,74.91213021198516,73.97251710009003,74.32858276367188,2341200,0.0,0.0
2024-07-05 00:00:00-04:00,74.1802169833757,74.2395587422418,72.80541089896396,73.07245635986328,3485200,0.0,0.0
2024-07-08 00:00:00-04:00,73.23070648940904,74.28901054973485,73.23070648940904,73.9922866821289,5067800,0.0,0.0
2024-07-09 00:00:00-04:00,73.94284319667155,75.70338582463958,73.86371581999833,74.9220199584961,4763000,0.0,0.0
2024-07-10 00:00:00-04:00,74.84289151835164,75.29786260875477,74.615409746151,75.12972259521484,3280600,0.0,0.0
2024-07-11 00:00:00-04:00,75.24841120816257,76.19791704582373,75.17917664331233,76.11878967285156,4117800,0.0,0.0
2024-07-12 00:00:00-04:00,76.2572655336545,76.89026948130282,75.88142179786404,76.29682922363281,3491200,0.0,0.0
2024-07-15 00:00:00-04:00,76.21769946075194,77.01885095226085,76.21769946075194,76.7715835571289,4072700,0.0,0.0
2024-07-16 00:00:00-04:00,76.78146796932566,77.59250471453474,76.76168989817508,77.43425750732422,3874200,0.0,0.0
2024-07-17 00:00:00-04:00,77.4639320111208,78.70026903092675,77.4639320111208,77.7210922241211,5191500,0.0,0.0
2024-07-18 00:00:00-04:00,77.58262313430383,78.98710017871723,77.04852463586444,77.20677185058594,2988900,0.0,0.0
2024-07-19 00:00:00-04:00,77.0683034443022,77.0683034443022,73.35929234692624,73.60655975341797,7045200,0.0,0.0
2024-07-22 00:00:00-04:00,73.86372169737747,75.60448639269185,73.86372169737747,75.24842071533203,5171400,0.0,0.0
2024-07-23 00:00:00-04:00,75.24841410004248,76.2572617332031,75.10994496502047,76.03966522216797,3613900,0.0,0.0
2024-07-24 00:00:00-04:00,76.0099949234546,76.40562426054129,74.37802862422322,74.4373779296875,4129700,0.0,0.0
2024-07-25 00:00:00-04:00,74.95169593497765,75.64404920894542,74.25935020701236,74.427490234375,5303700,0.0,0.0
2024-07-26 00:00:00-04:00,74.8231121203115,76.85070014727462,74.8033265037743,76.3957290649414,3681500,0.0,0.0
2024-07-29 00:00:00-04:00,76.7221328486017,77.48371316283058,76.37595997849766,77.12765502929688,3973800,0.0,0.0
2024-07-30 00:00:00-04:00,77.4441542972877,79.07611313417883,77.29579234502422,78.14639282226562,4736200,0.0,0.0
2024-07-31 00:00:00-04:00,78.06725927321516,79.0662216237884,77.9584610198853,78.36398315429688,4025100,0.0,0.0
2024-08-01 00:00:00-04:00,75.64404063552504,76.34627909315668,73.0032192673027,74.09120178222656,11090600,0.0,0.0
2024-08-02 00:00:00-04:00,73.19115210745987,73.76481429988323,70.90640369288019,71.18334197998047,7453100,0.0,0.0
2024-08-05 00:00:00-04:00,70.04590945991315,70.45143162198745,68.2458030720273,69.39312744140625,6335200,0.0,0.0
2024-08-06 00:00:00-04:00,69.4129000512288,71.05475155027722,69.34366548583522,70.46131134033203,4514600,0.0,0.0
2024-08-07 00:00:00-04:00,71.21300970634506,71.83612082471485,69.72940533746288,69.80853271484375,4821200,0.0,0.0
2024-08-08 00:00:00-04:00,70.03601423013517,71.84601336443629,69.74918314770477,71.35147857666016,4444600,0.0,0.0
2024-08-09 00:00:00-04:00,71.28224693501883,71.51962153001728,70.71847755564609,71.27235412597656,3541200,0.0,0.0
2024-08-12 00:00:00-04:00,71.55918756426222,71.92514605079108,70.60968160716298,70.82727813720703,3998000,0.0,0.0
2024-08-13 00:00:00-04:00,71.1338769602937,71.1338769602937,70.16459307153968,70.8470458984375,3076700,0.0,0.0
2024-08-14 00:00:00-04:00,71.0547484011581,72.40977631638,70.7975957673798,72.1130599975586,2362600,0.0,0.0
2024-08-15 00:00:00-04:00,73.07245613697677,73.5472128444631,72.27131221072058,72.61748504638672,3019300,0.0,0.0
2024-08-16 00:00:00-04:00,72.81530786538589,73.16148072187531,72.38011481951216,72.7559585571289,6155400,0.0,0.0
2024-08-19 00:00:00-04:00,72.57792139520632,73.71535289525613,72.46912314022752,73.61644744873047,2307800,0.0,0.0
2024-08-20 00:00:00-04:00,73.43841481354195,73.64611851557518,72.96365810460752,73.07245635986328,2672300,0.0,0.0
2024-08-21 00:00:00-04:00,73.13180080003883,73.6065499313913,72.6966078079646,73.53731536865234,2823300,0.0,0.0
2024-08-22 00:00:00-04:00,73.68568038409857,74.23955690917796,73.59666774799726,73.94284057617188,2726400,0.0,0.0
2024-08-23 00:00:00-04:00,74.57584673662005,74.7538795602232,73.82415175407321,74.49671936035156,2387700,0.0,0.0
2024-08-26 00:00:00-04:00,74.72420715731398,75.12972174691991,73.72524480379414,73.79447937011719,2552800,0.0,0.0
2024-08-27 00:00:00-04:00,74.16043872362442,74.23955855324384,73.55710569001545,73.61644744873047,2628400,0.0,0.0
2024-08-28 00:00:00-04:00,73.43841920595094,74.94180170649166,73.39885551567323,74.69453430175781,2386200,0.0,0.0
2024-08-29 00:00:00-04:00,75.05059699371873,75.71327934710263,74.24945304885416,75.28797912597656,2435100,0.0,0.0
2024-08-30 00:00:00-04:00,75.53524943562427,76.26715883999,75.07038550785065,76.20781707763672,4385400,0.0,0.0
2024-09-03 00:00:00-04:00,75.91109065924472,76.50453090112634,74.7637663184051,75.19895935058594,3440600,0.0,0.0
2024-09-04 00:00:00-04:00,75.55502932395943,75.94076588053292,75.2088564585733,75.85175323486328,3128500,0.0,0.0
2024-09-05 00:00:00-04:00,76.395728223966,76.395728223966,72.72628118088832,73.03289031982422,5059400,0.0,0.0
2024-09-06 00:00:00-04:00,72.90432135155814,73.92306186071913,70.49098904527217,71.1240005493164,7205400,0.0,0.0
2024-09-09 00:00:00-04:00,71.71743869078807,72.4295700089758,71.14377651269217,72.0240478515625,5544500,0.0,0.0
2024-09-10 00:00:00-04:00,72.27131012769348,72.30098100618085,70.23382931421038,71.51961517333984,4717000,0.0,0.0
2024-09-11 00:00:00-04:00,71.38114685895403,71.48994511198569,70.27339380408873,71.37126159667969,3441500,0.0,0.0
2024-09-12 00:00:00-04:00,71.62841670555626,72.39988976556609,71.05475454185594,72.38011169433594,2814300,0.0,0.0
2024-09-13 00:00:00-04:00,72.68671864898619,73.01311340942674,71.53940190228845,72.31087493896484,3661600,0.0,0.0
2024-09-16 00:00:00-04:00,72.89764521765676,73.33522481340373,72.37054811622023,72.59928894042969,4081500,0.4,0.0
2024-09-17 00:00:00-04:00,72.63906791016667,73.61368422057323,72.59928656866833,73.19599151611328,2675900,0.0,0.0
2024-09-18 00:00:00-04:00,73.30538952192558,73.70319535597957,72.6788504548633,72.89764404296875,3648100,0.0,0.0
2024-09-19 00:00:00-04:00,73.89215093312784,74.24022817422976,72.72856760213742,73.4843978881836,5346600,0.0,0.0
2024-09-20 00:00:00-04:00,73.04681429426942,73.53413004307129,72.66890292659006,73.35511779785156,15499800,0.0,0.0
2024-09-23 00:00:00-04:00,73.56396051431607,74.11093686778493,73.23577014972588,73.89215087890625,3770500,0.0,0.0
2024-09-24 00:00:00-04:00,73.43466808515201,73.83247389153446,72.89763897217756,73.01697540283203,4821100,0.0,0.0
2024-09-25 00:00:00-04:00,73.60374224152791,74.02143493274095,72.57939738985627,72.61917114257812,2789800,0.0,0.0
2024-09-26 00:00:00-04:00,72.62911801771597,73.21588329893109,72.45010578128768,72.7186279296875,2578900,0.0,0.0
2024-09-27 00:00:00-04:00,72.82802687270365,73.67335950792587,72.42027381585251,72.93741607666016,2851700,0.0,0.0
2024-09-30 00:00:00-04:00,72.90758091164038,72.91752814367963,71.78378649168211,72.8280258178711,3475400,0.0,0.0
2024-10-01 00:00:00-04:00,72.55950412729057,72.76835047635478,71.79373418072176,72.3208236694336,3619800,0.0,0.0
2024-10-02 00:00:00-04:00,72.27109307455747,72.61917031325993,71.77383770854976,72.05229949951172,3004400,0.0,0.0
2024-10-03 00:00:00-04:00,71.92302236278412,72.16170283562367,71.07768968136102,71.94290924072266,3303800,0.0,0.0
2024-10-04 00:00:00-04:00,72.71862867409419,75.75188190502203,72.39043830603025,75.6325454711914,4192600,0.0,0.0
2024-10-07 00:00:00-04:00,74.94633088684995,75.25462679200274,73.0070379552197,73.23577117919922,5018900,0.0,0.0
2024-10-08 00:00:00-04:00,73.51423516948789,74.59825586715533,73.35511738990812,74.2203369140625,3551700,0.0,0.0
2024-10-09 00:00:00-04:00,74.01148980336416,75.44358774250965,73.97170846199732,75.18501281738281,2499100,0.0,0.0
2024-10-10 00:00:00-04:00,76.96518893854487,77.02485715755816,75.6524350076467,76.10990905761719,3434200,0.0,0.0
2024-10-11 00:00:00-04:00,76.1397404526186,77.46244156870091,76.1397404526186,76.80606842041016,4322900,0.0,0.0
2024-10-14 00:00:00-04:00,77.04475344101988,77.50222750178986,76.81601261687723,77.19393157958984,2624000,0.0,0.0
2024-10-15 00:00:00-04:00,76.85579038718227,77.56189211690875,76.19941723050603,76.55744171142578,3340300,0.0,0.0
2024-10-16 00:00:00-04:00,76.77622858209925,77.2734839682204,76.25908631903988,76.71656036376953,3144900,0.0,0.0
2024-10-17 00:00:00-04:00,78.06909520142989,78.81497827660279,77.2834307850793,78.75531005859375,5200600,0.0,0.0
2024-10-18 00:00:00-04:00,79.05366282960374,79.33212464475149,77.73096920765194,78.11882781982422,2658700,0.0,0.0
2024-10-21 00:00:00-04:00,78.11882412585886,78.37739146340337,76.9353538799277,77.12431335449219,2291200,0.0,0.0
2024-10-22 00:00:00-04:00,76.38836889482113,76.94530007881745,75.87122663916197,76.60716247558594,2872500,0.0,0.0
2024-10-23 00:00:00-04:00,76.57732681506035,77.15414486402149,76.28891779057977,77.00496673583984,2485500,0.0,0.0
2024-10-24 00:00:00-04:00,77.4027715711222,77.47238701839262,76.53754450860569,77.25359344482422,2025200,0.0,0.0
2024-10-25 00:00:00-04:00,77.58178564892492,77.59172529340357,75.87122594675432,76.3983154296875,3148000,0.0,0.0
2024-10-28 00:00:00-04:00,77.01491378947051,77.59172424958184,76.90551700155815,77.05469512939453,3389900,0.0,0.0
2024-10-29 00:00:00-04:00,76.98507983045492,77.31326260731261,76.20935508170689,76.23919677734375,2772500,0.0,0.0
2024-10-30 00:00:00-04:00,76.56738339684237,77.56189418423484,76.32870293237242,76.41820526123047,2763500,0.0,0.0
2024-10-31 00:00:00-04:00,76.24914254458065,76.93535743655131,75.45353844321657,75.4634780883789,3509200,0.0,0.0
2024-11-01 00:00:00-04:00,75.44359034185861,76.56738482100943,75.22479675056023,75.30435943603516,3416300,0.0,0.0
2024-11-04 00:00:00-05:00,75.4236949900192,76.1894725505607,75.08556496199895,75.9110107421875,4528400,0.0,0.0
2024-11-05 00:00:00-05:00,75.32424302082671,76.59721558271585,73.77280865946372,74.97616577148438,6643000,0.0,0.0
2024-11-06 00:00:00-05:00,78.34755476948082,78.85475737064878,74.89660129268731,76.59721374511719,7202900,0.0,0.0
2024-11-07 00:00:00-05:00,76.10991033223354,76.6966756499129,75.44358991704253,76.1695785522461,5037500,0.0,0.0
2024-11-08 00:00:00-05:00,76.76628587221899,76.76628587221899,74.7175886036912,75.16512298583984,6826100,0.0,0.0
2024-11-11 00:00:00-05:00,75.80161001025532,76.88562307761472,74.90654882446808,74.96621704101562,4795400,0.0,0.0
2024-11-12 00:00:00-05:00,74.8269851370773,75.28445916198659,74.2998956646278,74.4490737915039,3900000,0.0,0.0
2024-11-13 00:00:00-05:00,74.40929222127664,75.8016087552817,74.29989543440745,75.67231750488281,4302300,0.0,0.0
2024-11-14 00:00:00-05:00,75.83144575062364,76.01045799163391,75.00599999554768,75.33419036865234,3285900,0.0,0.0
2024-11-15 00:00:00-05:00,75.47342422805352,76.43810092090696,74.96622159405025,75.35408020019531,5524200,0.0,0.0
2024-11-18 00:00:00-05:00,75.16512467915423,76.1198540933921,75.00599931635712,75.89111328125,3277400,0.0,0.0
2024-11-19 00:00:00-05:00,74.97616767311854,75.26457671203572,74.3695154856574,74.88666534423828,3145100,0.0,0.0
2024-11-20 00:00:00-05:00,75.12534219559996,75.23473898398002,74.13083145579193,74.25017547607422,3998300,0.0,0.0
2024-11-21 00:00:00-05:00,74.25018090643276,75.82150222373828,74.1208896447924,75.56293487548828,4108000,0.0,0.0
2024-11-22 00:00:00-05:00,75.38391923564365,76.49776643959069,75.2148466386031,75.64248657226562,2853100,0.0,0.0
2024-11-25 00:00:00-05:00,76.31875308975275,76.8458425750409,75.37397090904925,75.53308868408203,6513200,0.0,0.0
2024-11-26 00:00:00-05:00,75.50325324454425,75.96072727253235,74.98611100041,75.88117218017578,3640900,0.0,0.0
2024-11-27 00:00:00-05:00,76.0502399673708,77.16408717627255,75.98062451681444,76.71656036376953,2461600,0.0,0.0
2024-11-29 00:00:00-05:00,76.59721582449282,77.28343068073015,76.41820358319242,76.4579849243164,1939700,0.0,0.0
2024-12-02 00:00:00-05:00,76.51766112839003,76.78617569798199,75.53309000235112,75.59276580810547,3544000,0.0,0.0
2024-12-03 00:00:00-05:00,75.96073200663204,75.98062647159715,74.6678725219642,74.68775939941406,3456600,0.0,0.0
2024-12-04 00:00:00-05:00,74.77726745776658,75.58281875597679,74.38940886325686,75.54303741455078,3234100,0.0,0.0
2024-12-05 00:00:00-05:00,75.74194036192048,76.49776304895107,75.46347098576142,75.7220458984375,4392700,0.0,0.0
2024-12-06 00:00:00-05:00,75.70216435835577,76.02040750888291,74.23028504497076,75.14523315429688,4292800,0.0,0.0
2024-12-09 00:00:00-05:00,75.13529483874203,75.75188668582044,73.52418459271563,73.6733627319336,4950500,0.0,0.0
2024-12-10 00:00:00-05:00,73.67336243342876,73.85237468226194,72.33077436093758,72.59928894042969,4323400,0.0,0.0
2024-12-11 00:00:00-05:00,72.96725661463306,73.28549975181123,72.14181086936895,73.23577117919922,4579300,0.0,0.0
2024-12-12 00:00:00-05:00,73.56396159105832,73.75292106207566,71.97274590424482,72.06224822998047,4692600,0.0,0.0
2024-12-13 00:00:00-05:00,72.4600539886802,73.10648749490251,72.06224817042686,72.47000122070312,3613000,0.0,0.0
2024-12-16 00:00:00-05:00,72.41000366210938,73.05000305175781,71.97000122070312,72.08999633789062,5695100,0.4,0.0
2024-12-17 00:00:00-05:00,71.2699966430664,71.7699966430664,70.91999816894531,71.22000122070312,6070700,0.0,0.0
2024-12-18 00:00:00-05:00,71.22000122070312,71.6500015258789,69.97000122070312,70.0,5767800,0.0,0.0
2024-12-19 00:00:00-05:00,70.52999877929688,71.95999908447266,70.51000213623047,71.08999633789062,6352400,0.0,0.0
2024-12-20 00:00:00-05:00,70.94999694824219,73.43000030517578,70.6500015258789,72.69000244140625,12134100,0.0,0.0
2024-12-23 00:00:00-05:00,72.12000274658203,72.56999969482422,71.94000244140625,72.47000122070312,2768900,0.0,0.0
2024-12-24 00:00:00-05:00,72.61000061035156,73.13999938964844,72.25,72.83999633789062,1295000,0.0,0.0
2024-12-26 00:00:00-05:00,72.61000061035156,73.55000305175781,72.3499984741211,73.33999633789062,1653000,0.0,0.0
2024-12-27 00:00:00-05:00,72.76000213623047,73.7699966430664,72.62000274658203,73.0,2488700,0.0,0.0
2024-12-30 00:00:00-05:00,72.01000213623047,73.0,71.97000122070312,72.55000305175781,3059500,0.0,0.0
2024-12-31 00:00:00-05:00,72.75,73.0999984741211,72.55000305175781,72.80000305175781,2063300,0.0,0.0
2025-01-02 00:00:00-05:00,73.30000305175781,73.44999694824219,72.58000183105469,72.9800033569336,2422000,0.0,0.0
2025-01-03 00:00:00-05:00,73.06999969482422,73.30000305175781,72.45999908447266,72.80999755859375,2964600,0.0,0.0
2025-01-06 00:00:00-05:00,73.06999969482422,73.94999694824219,72.30999755859375,72.47000122070312,3789200,0.0,0.0
2025-01-07 00:00:00-05:00,72.77999877929688,73.44000244140625,72.0999984741211,72.58999633789062,3235400,0.0,0.0
2025-01-08 00:00:00-05:00,71.86000061035156,71.86000061035156,69.5,71.43000030517578,6850300,0.0,0.0
2025-01-10 00:00:00-05:00,69.23999786376953,70.72000122070312,69.23999786376953,70.5,7175200,0.0,0.0
2025-01-13 00:00:00-05:00,70.05000305175781,70.87999725341797,69.97000122070312,70.83999633789062,4117800,0.0,0.0
2025-01-14 00:00:00-05:00,70.83999633789062,72.69000244140625,70.63999938964844,72.58999633789062,4827300,0.0,0.0
2025-01-15 00:00:00-05:00,73.70999908447266,74.01000213623047,72.73999786376953,73.06999969482422,3856500,0.0,0.0
2025-01-16 00:00:00-05:00,72.94999694824219,74.73999786376953,72.93000030517578,74.61000061035156,4627400,0.0,0.0
2025-01-17 00:00:00-05:00,74.81999969482422,75.69999694824219,74.66000366210938,75.08999633789062,4899400,0.0,0.0
2025-01-21 00:00:00-05:00,75.41000366210938,75.93000030517578,75.11000061035156,75.16999816894531,3965200,0.0,0.0
2025-01-22 00:00:00-05:00,75.55999755859375,75.79000091552734,74.69999694824219,74.75,2484700,0.0,0.0
2025-01-23 00:00:00-05:00,74.73999786376953,75.20999908447266,74.55999755859375,74.5999984741211,3193100,0.0,0.0
2025-01-24 00:00:00-05:00,74.44000244140625,74.80999755859375,73.36000061035156,73.77999877929688,3628300,0.0,0.0
2025-01-27 00:00:00-05:00,74.0,76.13999938964844,73.9000015258789,76.11000061035156,4188800,0.0,0.0
2025-01-28 00:00:00-05:00,76.2300033569336,76.93000030517578,75.04000091552734,75.16999816894531,2914700,0.0,0.0
2025-01-29 00:00:00-05:00,75.02999877929688,76.56999969482422,75.02999877929688,75.41000366210938,3340700,0.0,0.0
2025-01-30 00:00:00-05:00,75.86000061035156,76.0,75.09500122070312,75.41999816894531,2522015,0.0,0.0
