Date,Open,High,Low,Close,Volume,Dividends,Stock Splits
2022-01-03 00:00:00-05:00,50.11146983304707,50.58426273470167,50.11146983304707,50.36935806274414,517400,0.0,0.0
2022-01-04 00:00:00-05:00,50.61004242006966,51.009765179268165,50.39513778134325,50.57565689086914,953600,0.0,0.0
2022-01-05 00:00:00-05:00,50.65302707404506,51.254760770372776,50.65302707404506,51.014068603515625,1041800,0.0,0.0
2022-01-06 00:00:00-05:00,51.24186029211036,52.27340316772461,50.95388887609343,52.27340316772461,1125600,0.0,0.0
2022-01-07 00:00:00-05:00,52.24761688461476,53.33933288812221,52.19604186785964,53.31784439086914,1171000,0.0,0.0
2022-01-10 00:00:00-05:00,53.403804564648716,53.42959207284587,52.72470509585651,53.17170715332031,975200,0.0,0.0
2022-01-11 00:00:00-05:00,53.36942021402505,54.62446258819495,53.249074134198445,54.60727310180664,936200,0.0,0.0
2022-01-12 00:00:00-05:00,54.79638742990683,55.37662933638775,54.79638742990683,55.359439849853516,759200,0.0,0.0
2022-01-13 00:00:00-05:00,55.733368287263936,56.36518845054821,55.488380409173416,56.21045684814453,1059400,0.0,0.0
2022-01-14 00:00:00-05:00,55.87520243203699,56.6273686186221,55.72906886122322,56.558597564697266,811400,0.0,0.0
2022-01-18 00:00:00-05:00,56.62738050750706,56.94113948915571,56.210464923313495,56.72193908691406,1004400,0.0,0.0
2022-01-19 00:00:00-05:00,56.65746186330698,56.76491418221778,55.86231208001938,56.141685485839844,1258800,0.0,0.0
2022-01-20 00:00:00-05:00,55.96976426011744,56.56290315771212,55.518463210137526,55.56574249267578,998800,0.0,0.0
2022-01-21 00:00:00-05:00,54.9726141879411,55.19611359761491,54.39237224590209,54.63736343383789,1035400,0.0,0.0
2022-01-24 00:00:00-05:00,53.80783470458719,53.97546009226872,52.78488633144993,53.79494094848633,1370600,0.0,0.0
2022-01-25 00:00:00-05:00,53.571430830364385,54.658847833491116,52.96540142321129,54.35798263549805,1085000,0.0,0.0
2022-01-26 00:00:00-05:00,54.87375659879491,55.50128110884728,54.32360117881171,54.63736343383789,973800,0.0,0.0
2022-01-27 00:00:00-05:00,55.06716087222029,55.12733390691899,53.56712745720091,53.739051818847656,970600,0.0,0.0
2022-01-28 00:00:00-05:00,53.665985031006024,53.70037055917234,52.819260255221,53.49835968017578,1095800,0.0,0.0
2022-01-31 00:00:00-05:00,53.2748645600169,54.130187478389175,53.17601025154005,53.94966506958008,971200,0.0,0.0
2022-02-01 00:00:00-05:00,54.151673083797185,54.77919427171318,53.88948914703427,54.6545524597168,1110000,0.0,0.0
2022-02-02 00:00:00-05:00,55.04568080471128,55.668902984895006,54.680340272343486,55.492679595947266,1255600,0.0,0.0
2022-02-03 00:00:00-05:00,55.38093171629603,55.50557352938685,55.019886914798384,55.226200103759766,901000,0.0,0.0
2022-02-04 00:00:00-05:00,55.037082124256735,55.45399766952922,54.89094525721986,55.1875114440918,620800,0.0,0.0
2022-02-07 00:00:00-05:00,55.3551338812107,55.9740602892292,55.299263134909786,55.93537902832031,685800,0.0,0.0
2022-02-08 00:00:00-05:00,55.982658604629165,56.640266277004415,55.97406058270353,56.305015563964844,837200,0.0,0.0
2022-02-09 00:00:00-05:00,56.44686035034373,56.48983734851551,55.81074437541995,55.95257568359375,938400,0.0,0.0
2022-02-10 00:00:00-05:00,55.62592284840961,56.09871573600542,55.02419240816942,55.148834228515625,587600,0.0,0.0
2022-02-11 00:00:00-05:00,55.09294922087147,55.77635094627212,54.684635004190035,55.011287689208984,616000,0.0,0.0
2022-02-14 00:00:00-05:00,55.05427906170424,55.05427906170424,54.21185311399327,54.51701736450195,665600,0.0,0.0
2022-02-15 00:00:00-05:00,54.839367434704364,55.0112918118634,54.400963388174326,54.989803314208984,853000,0.0,0.0
2022-02-16 00:00:00-05:00,54.86085509685784,55.53135651038577,54.86085509685784,55.221893310546875,572200,0.0,0.0
2022-02-17 00:00:00-05:00,55.03708188033627,55.187511199504634,54.357982402988426,54.396663665771484,851800,0.0,0.0
2022-02-18 00:00:00-05:00,54.39236772590019,54.50411578185836,54.039924234312416,54.104393005371094,763400,0.0,0.0
2022-02-22 00:00:00-05:00,53.8379137765759,54.426750418245874,53.704670663877785,54.35798263549805,1006200,0.0,0.0
2022-02-23 00:00:00-05:00,54.63306004117395,55.01129104228478,53.910980290555294,54.048519134521484,1193400,0.0,0.0
2022-02-24 00:00:00-05:00,52.29489480601635,52.49260668318725,51.16019855840147,51.93815231323242,1786200,0.0,0.0
2022-02-25 00:00:00-05:00,53.597215084924855,55.428206787088655,53.27915714075905,55.35083770751953,2054000,0.0,0.0
2022-02-28 00:00:00-05:00,54.41384917841801,54.75339887183372,53.751942554704584,54.33218765258789,1118000,0.0,0.0
2022-03-01 00:00:00-05:00,54.14308081765021,54.40096575501628,52.88373937300791,53.04706573486328,1371200,0.0,0.0
2022-03-02 00:00:00-05:00,53.588623728799725,54.74481179672747,53.545643454577615,54.5728874206543,1209200,0.0,0.0
2022-03-03 00:00:00-05:00,54.594375563322366,54.91673253667005,53.88519284530523,54.21614456176758,819600,0.0,0.0
2022-03-04 00:00:00-05:00,53.34363585859695,53.96685807133341,53.004086096622856,53.91098403930664,1501800,0.0,0.0
2022-03-07 00:00:00-05:00,53.24478104066515,53.696082169357524,52.40235510906649,52.445335388183594,1087400,0.0,0.0
2022-03-08 00:00:00-05:00,52.78487743489821,53.14591894079695,51.55992162399728,52.00692367553711,1475400,0.0,0.0
2022-03-09 00:00:00-05:00,52.98258651942708,53.73905174208151,52.83215393289524,53.451080322265625,862600,0.0,0.0
2022-03-10 00:00:00-05:00,53.21039583118173,53.75625223195729,52.948211880180544,53.61871337890625,793200,0.0,0.0
2022-03-11 00:00:00-05:00,53.87229148776478,54.43104484172598,53.54993454029127,53.584320068359375,787400,0.0,0.0
2022-03-14 00:00:00-04:00,53.96685390695039,54.173163810917956,53.12012907307496,53.37371826171875,828400,0.0,0.0
2022-03-15 00:00:00-04:00,53.36941961740865,53.62300880779532,52.81926424196023,53.58002853393555,842800,0.0,0.0
2022-03-16 00:00:00-04:00,54.005535422570915,54.73620986977852,53.67028471669485,54.70612335205078,1196200,0.0,0.0
2022-03-17 00:00:00-04:00,54.45683694159235,55.247684478759766,54.45683694159235,55.247684478759766,831600,0.0,0.0
2022-03-18 00:00:00-04:00,54.989807005417724,55.875213180320536,54.95542147184083,55.772056579589844,1589400,0.0,0.0
2022-03-21 00:00:00-04:00,55.969768218976235,56.085818567663914,55.62591946331949,55.9611701965332,711600,0.0,0.0
2022-03-22 00:00:00-04:00,56.47694402932522,56.56720687541183,55.84512378182891,56.11590576171875,2034400,0.0,0.0
2022-03-23 00:00:00-04:00,55.73337506452174,55.797850399078875,54.366581263208175,54.40526580810547,1411200,0.0,0.0
2022-03-24 00:00:00-04:00,54.76200825103818,54.99410240330846,54.34509267671221,54.47833251953125,2975600,0.0,0.0
2022-03-25 00:00:00-04:00,54.624223288027565,55.11488482052503,54.40711588753906,54.99330520629883,2776400,0.643,0.0
2022-03-28 00:00:00-04:00,54.86304680528501,54.86304680528501,53.968565255298685,54.233436584472656,1073000,0.0,0.0
2022-03-29 00:00:00-04:00,54.70672655671878,54.89343906972313,54.05106453601661,54.29422378540039,777800,0.0,0.0
2022-03-30 00:00:00-04:00,54.45488430177799,54.69370047446541,53.829613876363375,53.97724533081055,821600,0.0,0.0
2022-03-31 00:00:00-04:00,54.01197433465414,54.01197433465414,52.774462917391105,52.839595794677734,1054000,0.0,0.0
2022-04-01 00:00:00-04:00,53.169604728068485,53.33026540813679,52.24038525480047,52.51394271850586,618000,0.0,0.0
2022-04-04 00:00:00-04:00,52.535648688180224,52.95249450629171,52.34459642537667,52.79617691040039,785000,0.0,0.0
2022-04-05 00:00:00-04:00,52.85262694423506,53.1001292522103,52.18827881823818,52.25775146484375,747000,0.0,0.0
2022-04-06 00:00:00-04:00,52.15354363647784,52.18393854214767,50.89866303942925,51.063663482666016,1500400,0.0,0.0
2022-04-07 00:00:00-04:00,51.0332700315882,51.0332700315882,50.07365562489323,50.4427375793457,1723400,0.0,0.0
2022-04-08 00:00:00-04:00,50.429709444062404,51.18958538681168,50.429709444062404,50.67721176147461,1833000,0.0,0.0
2022-04-11 00:00:00-04:00,50.69457993766614,51.0419531167472,50.18220632055947,50.25168228149414,1490400,0.0,0.0
2022-04-12 00:00:00-04:00,50.33418397568191,50.58602938054459,49.578651073890235,49.85654830932617,1021200,0.0,0.0
2022-04-13 00:00:00-04:00,49.68720405384567,49.97812720028722,49.10101468499883,49.960758209228516,838200,0.0,0.0
2022-04-14 00:00:00-04:00,49.95641865153749,50.20826074093374,49.678521419047875,49.77838897705078,713800,0.0,0.0
2022-04-18 00:00:00-04:00,49.74364577050084,50.03457220038098,49.63943514746096,49.86088562011719,537400,0.0,0.0
2022-04-19 00:00:00-04:00,50.08667920227604,50.247339879494625,49.8478630371522,50.23431396484375,549000,0.0,0.0
2022-04-20 00:00:00-04:00,50.86826666616669,51.64551158906678,50.755369885737515,51.23300552368164,857200,0.0,0.0
2022-04-21 00:00:00-04:00,51.610776657782665,51.927751638951165,50.62945018209573,50.80747985839844,943600,0.0,0.0
2022-04-22 00:00:00-04:00,50.36891433635642,50.481811106417304,49.170480619391306,49.22258758544922,893200,0.0,0.0
2022-04-25 00:00:00-04:00,48.77100965874686,49.27470045257372,47.998107790036784,49.08364486694336,902600,0.0,0.0
2022-04-26 00:00:00-04:00,48.679822499990756,49.3485137033585,48.41495120148808,48.549556732177734,1027600,0.0,0.0
2022-04-27 00:00:00-04:00,48.34548193712152,48.62338250112794,47.589948992444455,47.80705642700195,985000,0.0,0.0
2022-04-28 00:00:00-04:00,47.97639442372626,48.83614122297656,47.91994768986288,48.61903381347656,919000,0.0,0.0
2022-04-29 00:00:00-04:00,48.71456493720742,49.15311954919416,47.91995096899148,48.0024528503418,735200,0.0,0.0
2022-05-02 00:00:00-04:00,47.95903148245418,47.96337455877489,47.12533971989259,47.84613800048828,759400,0.0,0.0
2022-05-03 00:00:00-04:00,48.10666462587828,48.59732622393883,47.959029851164935,48.15008544921875,839800,0.0,0.0
2022-05-04 00:00:00-04:00,48.09797629254408,48.936011064920855,47.78534439099106,48.875221252441406,731600,0.0,0.0
2022-05-05 00:00:00-04:00,48.60166244366704,48.64942633644223,47.10796247934312,47.41191482543945,859800,0.0,0.0
2022-05-06 00:00:00-04:00,47.2512526134973,47.36414938480338,46.63901149134439,47.12967300415039,754800,0.0,0.0
2022-05-09 00:00:00-04:00,46.591253469304746,46.73020208503278,45.90085015383374,46.49138259887695,1074000,0.0,0.0
2022-05-10 00:00:00-04:00,46.64770091723824,46.96901897486141,45.683743431572346,45.93558883666992,1047000,0.0,0.0
2022-05-11 00:00:00-04:00,45.90953434651087,46.569539414853296,45.34939683153793,45.54479217529297,1022600,0.0,0.0
2022-05-12 00:00:00-04:00,45.17137031995643,45.29729302400455,44.41149433238066,45.023738861083984,913200,0.0,0.0
2022-05-13 00:00:00-04:00,45.43623780313339,46.1526929077077,45.327684099797764,46.1005859375,679800,0.0,0.0
2022-05-16 00:00:00-04:00,46.339405649332825,47.06020052055078,45.95729449142805,46.86914825439453,759500,0.0,2.0
2022-05-17 00:00:00-04:00,47.39888980585365,47.92862908634394,46.81704024324867,47.78968048095703,1236900,0.0,0.0
2022-05-18 00:00:00-04:00,47.529160911093555,47.529160911093555,46.434940858603994,46.513099670410156,890600,0.0,0.0
2022-05-19 00:00:00-04:00,46.1049317300961,47.034151220382526,46.1049317300961,46.44361877441406,510600,0.0,0.0
2022-05-20 00:00:00-04:00,46.59125480964285,46.895203880043084,45.69676996441454,46.41756820678711,876400,0.0,0.0
2022-05-23 00:00:00-04:00,47.251257502049405,47.885210754086174,47.05151907848683,47.28599548339844,749500,0.0,0.0
2022-05-24 00:00:00-04:00,47.303363942360996,47.41625741128202,46.46966896333653,47.20783615112305,939100,0.0,0.0
2022-05-25 00:00:00-04:00,47.16441938890831,47.96337314291251,47.08626058142559,47.55521011352539,955600,0.0,0.0
2022-05-26 00:00:00-04:00,47.93731327727428,47.93731327727428,46.46966517304741,46.66940689086914,845400,0.0,0.0
2022-05-27 00:00:00-04:00,46.83440477277213,47.55519955932344,46.83440477277213,47.268619537353516,1163300,0.0,0.0
2022-05-31 00:00:00-04:00,47.76363305330461,48.27600670402464,47.537842791046664,47.781002044677734,982000,0.0,0.0
2022-06-01 00:00:00-04:00,48.24995330769995,48.354163939760824,47.42494446462704,47.99810791015625,584700,0.0,0.0
2022-06-02 00:00:00-04:00,47.91125924609014,49.04890321004824,47.74625881537091,48.98811340332031,489900,0.0,0.0
2022-06-03 00:00:00-04:00,48.92732479233728,49.083642388542515,48.31074055885889,48.51047897338867,718100,0.0,0.0
2022-06-06 00:00:00-04:00,48.936005004018874,49.22258835261016,48.52784535832267,48.571266174316406,655000,0.0,0.0
2022-06-07 00:00:00-04:00,48.24995228130822,48.866536534346885,48.171793480726116,48.8317985534668,468500,0.0,0.0
2022-06-08 00:00:00-04:00,48.69285358231924,48.79706421995259,48.22390074377448,48.475746154785156,433700,0.0,0.0
2022-06-09 00:00:00-04:00,48.18916570240731,48.345480001256696,46.85178316401383,46.86046600341797,761300,0.0,0.0
2022-06-10 00:00:00-04:00,45.93123509103345,46.14834246303705,45.35807176145578,45.78360366821289,857300,0.0,0.0
2022-06-13 00:00:00-04:00,44.78491856732208,44.88912920188534,43.881750900316895,44.18570327758789,1484100,0.0,0.0
2022-06-14 00:00:00-04:00,44.11622243876774,44.33332983591995,43.17832020572415,43.56911087036133,955400,0.0,0.0
2022-06-15 00:00:00-04:00,43.8904338784978,44.7588635002514,43.33463945062288,44.25517272949219,1020200,0.0,0.0
2022-06-16 00:00:00-04:00,43.57780440909396,43.6385942255785,42.492267239303445,42.770164489746094,1163000,0.0,0.0
2022-06-17 00:00:00-04:00,42.579103974809286,43.169636392060895,42.36199656590196,42.70068359375,1381600,0.0,0.0
2022-06-21 00:00:00-04:00,44.05544423789084,44.27255169223456,43.742808973588396,43.93386459350586,896600,0.0,0.0
2022-06-22 00:00:00-04:00,43.473586911252816,43.48226974961111,43.056741101338275,43.10884475708008,1962500,0.0,0.0
2022-06-23 00:00:00-04:00,43.11753073378705,43.22174135764506,41.519620145848215,41.66725158691406,1476900,0.0,0.0
2022-06-24 00:00:00-04:00,41.86698639254233,42.6138363102965,41.80619659112473,42.57041549682617,3561000,0.0,0.0
2022-06-27 00:00:00-04:00,42.820339909142035,43.216336326915666,42.424343491368404,43.013938903808594,1498100,0.644,0.0
2022-06-28 00:00:00-04:00,43.357136915643004,43.946729001583705,42.78514168749058,42.97874069213867,861000,0.0,0.0
2022-06-29 00:00:00-04:00,43.0491385792039,43.18113851208109,42.60034484983738,42.714744567871094,653200,0.0,0.0
2022-06-30 00:00:00-04:00,42.20434840810354,42.75874342653091,41.75555467873703,42.714744567871094,991400,0.0,0.0
2022-07-01 00:00:00-04:00,42.573945586335185,43.27793738533851,42.274748652146556,43.19873809814453,358000,0.0,0.0
2022-07-05 00:00:00-04:00,42.06355063793315,42.16914857158163,41.245159099137375,42.098751068115234,951700,0.0,0.0
2022-07-06 00:00:00-04:00,41.896354565095926,42.23075194549439,41.37715995746325,42.07235336303711,658900,0.0,0.0
2022-07-07 00:00:00-04:00,42.33634847162735,43.26033793392583,42.32754668572959,43.0843391418457,712300,0.0,0.0
2022-07-08 00:00:00-04:00,43.12834247126608,43.45394144527967,42.78514663742838,43.14594268798828,833600,0.0,0.0
2022-07-11 00:00:00-04:00,42.67954071545272,42.9171385614386,42.44194286946683,42.86433792114258,507900,0.0,0.0
2022-07-12 00:00:00-04:00,42.47714145143401,43.16353296098309,42.47714145143401,42.63554000854492,658300,0.0,0.0
2022-07-13 00:00:00-04:00,42.40674483075571,42.48594411721115,41.817152753618984,42.06354904174805,698800,0.0,0.0
2022-07-14 00:00:00-04:00,40.97236127948622,41.016360135674375,39.678774094789866,39.81957244873047,1321900,0.0,0.0
2022-07-15 00:00:00-04:00,40.22436683343805,40.49716510969886,39.76677134917677,40.25956726074219,1133000,0.0,0.0
2022-07-18 00:00:00-04:00,41.016357557035285,41.42995416437627,40.82275857370166,40.97235870361328,934100,0.0,0.0
2022-07-19 00:00:00-04:00,41.49155965769322,42.503546870748025,41.473959442218636,42.48594665527344,930600,0.0,0.0
2022-07-20 00:00:00-04:00,42.36274002301619,42.68833555186861,42.2131432567776,42.64433670043945,529800,0.0,0.0
2022-07-21 00:00:00-04:00,42.494749014099014,42.881943689064,42.133952984252716,42.85554504394531,504000,0.0,0.0
2022-07-22 00:00:00-04:00,42.99634406885315,43.4451378272088,42.59154917199935,42.917144775390625,825500,0.0,0.0
2022-07-25 00:00:00-04:00,43.34833638062859,43.70033397070938,43.04913943612926,43.40993881225586,638700,0.0,0.0
2022-07-26 00:00:00-04:00,43.304331349374195,43.51553054470219,42.93473695367185,43.04913330078125,502600,0.0,0.0
2022-07-27 00:00:00-04:00,43.15473643746155,43.92912568762403,43.15473643746155,43.71792984008789,693900,0.0,0.0
2022-07-28 00:00:00-04:00,43.71793265392097,44.12272751850042,43.38353529075209,44.052330017089844,626400,0.0,0.0
2022-07-29 00:00:00-04:00,44.131527896528056,44.870720100697596,44.069928825922055,44.51872253417969,616800,0.0,0.0
2022-08-01 00:00:00-04:00,44.360319442997785,44.50991956843232,44.043522336804386,44.32511901855469,356800,0.0,0.0
2022-08-02 00:00:00-04:00,44.22833070985449,44.31633179320721,43.66513720398943,43.999534606933594,843900,0.0,0.0
2022-08-03 00:00:00-04:00,44.21953160497485,44.77392667249106,44.0963334470597,44.48352813720703,642100,0.0,0.0
2022-08-04 00:00:00-04:00,44.57151721478896,44.58031564217121,44.140320421321945,44.3779182434082,397800,0.0,0.0
2022-08-05 00:00:00-04:00,44.069929576580336,44.40432357788086,43.97313007629421,44.40432357788086,476500,0.0,0.0
2022-08-08 00:00:00-04:00,44.659518618148574,44.81791717933616,44.28112242830015,44.42192077636719,507900,0.0,0.0
2022-08-09 00:00:00-04:00,44.59791910478317,44.59791910478317,43.876327158541955,44.140323638916016,481900,0.0,0.0
2022-08-10 00:00:00-04:00,44.51872457480547,45.52191332139828,44.386724642086314,45.3811149597168,812400,0.0,0.0
2022-08-11 00:00:00-04:00,45.671512704371324,46.17310706927074,45.671512704371324,45.90910720825195,548300,0.0,0.0
2022-08-12 00:00:00-04:00,46.03230691889552,46.278703198901944,45.81230928120477,46.22590255737305,602600,0.0,0.0
2022-08-15 00:00:00-04:00,45.759513569705945,45.85631307782245,45.30191803118114,45.847511291503906,475900,0.0,0.0
2022-08-16 00:00:00-04:00,45.80350460290423,46.95629336007722,45.75070732160754,46.789093017578125,718900,0.0,0.0
2022-08-17 00:00:00-04:00,46.28750415962345,46.912300036088006,46.14670579807463,46.64830017089844,729900,0.0,0.0
2022-08-18 00:00:00-04:00,46.82429781794248,46.82429781794248,46.437103172368445,46.613101959228516,475500,0.0,0.0
2022-08-19 00:00:00-04:00,46.23470565807452,46.357903801582594,45.75950994148825,45.935508728027344,576600,0.0,0.0
2022-08-22 00:00:00-04:00,45.196310615232605,45.43390844253641,44.94111257588067,45.07311248779297,550300,0.0,0.0
2022-08-23 00:00:00-04:00,44.9235194085288,45.5307150702663,44.72112197358221,45.249114990234375,599200,0.0,0.0
2022-08-24 00:00:00-04:00,44.87951880870839,44.932319451084126,44.3339255984162,44.43072509765625,1000000,0.0,0.0
2022-08-25 00:00:00-04:00,44.75631749377199,45.06431282688472,44.32512067051679,44.4923210144043,818800,0.0,0.0
2022-08-26 00:00:00-04:00,44.76512016559494,44.90591852506552,43.788330078125,43.788330078125,766200,0.0,0.0
2022-08-29 00:00:00-04:00,43.70913079157376,43.70913079157376,43.172339353953696,43.37473678588867,730600,0.0,0.0
2022-08-30 00:00:00-04:00,43.550728469735176,43.665124810276836,42.459538844166424,42.58273696899414,734100,0.0,0.0
2022-08-31 00:00:00-04:00,42.37155082581569,42.512349194494895,41.62355676472787,41.63235855102539,886300,0.0,0.0
2022-09-01 00:00:00-04:00,41.41235658108281,41.43875522343271,40.54116445766298,41.08675765991211,1109500,0.0,0.0
2022-09-02 00:00:00-04:00,41.60595056127529,42.151547098672886,41.17475708789363,41.359554290771484,1167200,0.0,0.0
2022-09-06 00:00:00-04:00,41.711548816819416,41.711548816819416,40.82275657938735,41.06915283203125,763100,0.0,0.0
2022-09-07 00:00:00-04:00,40.63796441897156,41.5707556231118,40.45316720661945,41.5003547668457,684400,0.0,0.0
2022-09-08 00:00:00-04:00,41.32435160981551,42.38034084377087,41.08675378040826,42.29234313964844,870500,0.0,0.0
2022-09-09 00:00:00-04:00,42.846741136455904,43.19873871946917,42.77634363399189,43.12833786010742,960600,0.0,0.0
2022-09-12 00:00:00-04:00,43.54192806093083,43.95552465611544,43.4627287843401,43.73552703857422,836300,0.0,0.0
2022-09-13 00:00:00-04:00,42.66193900346125,43.09313582515536,42.19554511303694,42.371543884277344,1089400,0.0,0.0
2022-09-14 00:00:00-04:00,42.43315044785701,42.78514469563156,42.23075300008461,42.415550231933594,664000,0.0,0.0
2022-09-15 00:00:00-04:00,42.36274712418178,43.04913872084701,42.20434854696707,42.670745849609375,771900,0.0,0.0
2022-09-16 00:00:00-04:00,42.1515473662969,42.239545075779134,41.72914896146936,41.99314880371094,794700,0.0,0.0
2022-09-19 00:00:00-04:00,41.500355784794465,42.58274379970331,41.465155355798,42.56514358520508,783800,0.0,0.0
2022-09-20 00:00:00-04:00,42.204346545018716,42.204346545018716,41.16595741337693,41.5003547668457,909500,0.0,0.0
2022-09-21 00:00:00-04:00,41.61475519660544,41.76435198340118,40.840362548828125,40.840362548828125,855400,0.0,0.0
2022-09-22 00:00:00-04:00,40.954761031188724,41.08675759964216,40.35636718822002,40.54116439819336,1954800,0.0,0.0
2022-09-23 00:00:00-04:00,40.021974075995615,40.20677130553258,38.96598463208772,39.423580169677734,1124100,0.0,0.0
2022-09-26 00:00:00-04:00,39.01877573879504,39.652369921600524,38.84277698169384,39.238773345947266,3985000,0.0,0.0
2022-09-27 00:00:00-04:00,39.349395022724416,39.590255474364625,38.51084306449707,38.921199798583984,2502800,0.604,0.0
2022-09-28 00:00:00-04:00,38.88551906524506,40.10765990944526,38.769548452833924,39.95600891113281,1412400,0.0,0.0
2022-09-29 00:00:00-04:00,39.54565206305886,39.777589864449354,38.93904131727682,39.38507843017578,1776500,0.0,0.0
2022-09-30 00:00:00-04:00,39.50996824882636,39.7151449122528,38.849831824894814,39.037166595458984,2189100,0.0,0.0
2022-10-03 00:00:00-04:00,39.65269942067592,40.446644925210954,39.42968086758212,40.29499053955078,1099700,0.0,0.0
2022-10-04 00:00:00-04:00,40.60722480640246,41.57066333451466,40.55369912034317,41.12462615966797,1462300,0.0,0.0
2022-10-05 00:00:00-04:00,40.39312028669945,40.633980738597224,39.87571899976558,40.26823043823242,1368500,0.0,0.0
2022-10-06 00:00:00-04:00,39.875717302523256,40.02736828263755,38.4394773002972,38.73386001586914,2324100,0.0,0.0
2022-10-07 00:00:00-04:00,38.45732646956769,38.7160288524721,37.752586903584074,37.9666862487793,1707500,0.0,0.0
2022-10-10 00:00:00-04:00,38.1094157870903,38.20754450611969,37.65445598122559,37.69013977050781,484300,0.0,0.0
2022-10-11 00:00:00-04:00,37.467125294769936,37.556331374750435,36.11117178050472,36.21821975708008,1315300,0.0,0.0
2022-10-12 00:00:00-04:00,36.15576887780872,36.74453775669185,35.96843409884437,36.51259994506836,1050700,0.0,0.0
2022-10-13 00:00:00-04:00,35.90598378667685,37.83286377426452,35.433185586021146,37.58308410644531,1690100,0.0,0.0
2022-10-14 00:00:00-04:00,37.797185414573526,37.93991715994508,36.99432062298097,37.190574645996094,1032000,0.0,0.0
2022-10-17 00:00:00-04:00,37.92207137928606,38.74278138329249,37.92207137928606,38.55544662475586,733900,0.0,0.0
2022-10-18 00:00:00-04:00,39.32263612735785,39.429684088749994,38.5732935916262,38.84983444213867,1048400,0.0,0.0
2022-10-19 00:00:00-04:00,38.58221589498614,38.74278955129725,37.957763165220015,38.31459426879883,583000,0.0,0.0
2022-10-20 00:00:00-04:00,38.466241848190755,38.80523102608433,37.6901381805072,37.850711822509766,735400,0.0,0.0
2022-10-21 00:00:00-04:00,37.82395044628274,38.94796253026776,37.64553491150915,38.8765983581543,713200,0.0,0.0
2022-10-24 00:00:00-04:00,38.9568768277169,38.9568768277169,38.41271445011219,38.79630661010742,781900,0.0,0.0
2022-10-25 00:00:00-04:00,38.707100112893215,39.52781017018373,38.68033897507707,39.38507843017578,844800,0.0,0.0
2022-10-26 00:00:00-04:00,39.42968069476067,40.45556399269983,39.376155017175265,39.96492385864258,1144500,0.0,0.0
2022-10-27 00:00:00-04:00,40.134419040478875,40.48232742780336,39.893558602409705,40.1165771484375,806700,0.0,0.0
2022-10-28 00:00:00-04:00,40.152259292363254,40.464487312305934,39.884637705978896,40.402042388916016,900900,0.0,0.0
2022-10-31 00:00:00-04:00,40.18793937363046,40.678579470608504,40.161178238356705,40.50908660888672,976400,0.0,0.0
2022-11-01 00:00:00-04:00,41.03541160769441,41.187062582373215,40.2147050089771,40.47340393066406,656100,0.0,0.0
2022-11-02 00:00:00-04:00,40.3752804711144,41.03541693654104,39.92924333049983,39.98276901245117,684300,0.0,0.0
2022-11-03 00:00:00-04:00,39.5010462714789,39.893561115126055,39.18882164857153,39.59025573730469,690900,0.0,0.0
2022-11-04 00:00:00-04:00,40.402045459053475,41.43685150056917,40.402045459053475,41.32088088989258,681800,0.0,0.0
2022-11-07 00:00:00-05:00,41.54389722708512,41.65986783152106,40.919444576344176,41.276275634765625,1031200,0.0,0.0
2022-11-08 00:00:00-05:00,41.30303844356591,41.820443158903686,41.20490972838162,41.45469284057617,590000,0.0,0.0
2022-11-09 00:00:00-05:00,41.276273686966626,41.4368473153796,40.58937614386513,40.660743713378906,800200,0.0,0.0
2022-11-10 00:00:00-05:00,41.927490079283885,42.82848358154297,41.865045153532925,42.82848358154297,1038300,0.0,0.0
2022-11-11 00:00:00-05:00,43.26559998631303,43.57782460439845,42.873088551720905,43.55998611450195,857200,0.0,0.0
2022-11-14 00:00:00-05:00,43.461859948801504,43.551066015477424,43.03366470336914,43.03366470336914,893900,0.0,0.0
2022-11-15 00:00:00-05:00,43.37264861514786,43.41725164656896,42.15050785864533,42.409210205078125,836900,0.0,0.0
2022-11-16 00:00:00-05:00,42.364605503303444,42.52517572948979,42.07021938214357,42.346763610839844,505200,0.0,0.0
2022-11-17 00:00:00-05:00,41.77583719966851,42.23079355284864,41.75799530697613,42.21295166015625,625000,0.0,0.0
2022-11-18 00:00:00-05:00,42.47165345509202,42.75711692852357,42.28431868871375,42.346763610839844,1061100,0.0,0.0
2022-11-21 00:00:00-05:00,42.21295554639681,42.462735261099496,42.0791430403813,42.43597412109375,504400,0.0,0.0
2022-11-22 00:00:00-05:00,42.64115094373863,43.01582392003623,42.56978676915405,42.88201141357422,453900,0.0,0.0
2022-11-23 00:00:00-05:00,42.81064250416411,43.24775695800781,42.69467190492285,43.24775695800781,598400,0.0,0.0
2022-11-25 00:00:00-05:00,43.194235717642364,43.53322490247989,43.1228715436201,43.452938079833984,265400,0.0,0.0
2022-11-28 00:00:00-05:00,43.12287335640141,43.18531828741844,42.40921457121142,42.50734329223633,535200,0.0,0.0
2022-11-29 00:00:00-05:00,42.54302033082805,42.54302033082805,41.749074782105964,42.150508880615234,842600,0.0,0.0
2022-11-30 00:00:00-05:00,42.23079069949121,43.06041993717076,41.82043740427137,42.97121047973633,839900,0.0,0.0
2022-12-01 00:00:00-05:00,42.26647743860829,42.26647743860829,39.45644228825579,39.724063873291016,2043300,0.0,0.0
2022-12-02 00:00:00-05:00,39.179895118192775,39.68838051553153,38.912273553220096,39.36723327636719,1397500,0.0,0.0
2022-12-05 00:00:00-05:00,39.25126516095414,39.53672863533981,38.323507167704165,38.608970642089844,1374400,0.0,0.0
2022-12-06 00:00:00-05:00,38.537615144742155,38.760633746965205,38.05589414722185,38.46624755859375,1052900,0.0,0.0
2022-12-07 00:00:00-05:00,38.198619925292974,38.7695469129584,38.198619925292974,38.5376091003418,674800,0.0,0.0
2022-12-08 00:00:00-05:00,38.72494660945819,38.8766010154292,38.020207070578806,38.22538375854492,801200,0.0,0.0
2022-12-09 00:00:00-05:00,37.877474212979116,38.394878943854124,37.85963231850135,38.26106643676758,639800,0.0,0.0
2022-12-12 00:00:00-05:00,37.97560167392353,38.05588849491887,37.19057535785723,37.7347412109375,1560000,0.0,0.0
2022-12-13 00:00:00-05:00,38.37703668902565,38.47516540623526,36.92295463117853,37.145973205566406,2267200,0.0,0.0
2022-12-14 00:00:00-05:00,37.16381502755557,37.529565352720205,36.86050963085855,36.92295455932617,976200,0.0,0.0
2022-12-15 00:00:00-05:00,36.62857271225233,36.771304466973994,36.14685176394417,36.33418655395508,1131400,0.0,0.0
2022-12-16 00:00:00-05:00,36.04872242349127,36.43231464575877,35.85246498800741,36.12900924682617,1209000,0.0,0.0
2022-12-19 00:00:00-05:00,36.2182172911863,36.54828725122794,35.32614294014237,35.51348114013672,1049800,0.0,0.0
2022-12-20 00:00:00-05:00,35.72756924251135,36.36094107611537,35.62052129670332,36.19144821166992,1156100,0.0,0.0
2022-12-21 00:00:00-05:00,36.57504113693407,36.75345665234696,36.48583508072408,36.61964416503906,1228300,0.0,0.0
2022-12-22 00:00:00-05:00,36.459074179201686,36.459074179201686,35.575922564429675,36.17361068725586,809900,0.0,0.0
2022-12-23 00:00:00-05:00,36.83770677999567,37.136686384886836,36.692747914134124,37.12762451171875,4205300,0.623,0.0
2022-12-27 00:00:00-05:00,36.393769305370014,36.65650833696418,36.2759925996971,36.56591033935547,521400,0.0,0.0
2022-12-28 00:00:00-05:00,36.620263330228745,36.74710535008204,35.696152806796334,35.78675079345703,1229300,0.0,0.0
2022-12-29 00:00:00-05:00,35.986076822328585,36.82865137918436,35.986076822328585,36.76523208618164,1494100,0.0,0.0
2022-12-30 00:00:00-05:00,36.63838762009748,36.855827650358336,36.43907133645807,36.6474494934082,698400,0.0,0.0
2023-01-03 00:00:00-05:00,36.74710559809749,36.96454214998736,36.43906760284378,36.71086502075195,798600,0.0,0.0
2023-01-04 00:00:00-05:00,37.100447057650406,37.76182212149067,37.01890747684313,37.61686325073242,947400,0.0,0.0
2023-01-05 00:00:00-05:00,37.417534689589566,37.4537752627617,36.84675775844796,37.25445556640625,631500,0.0,0.0
2023-01-06 00:00:00-05:00,37.41754245512072,38.16045707887544,37.29070387878581,38.11515808105469,643600,0.0,0.0
2023-01-09 00:00:00-05:00,38.25105684116643,38.66781313245758,38.17857568298092,38.441314697265625,1126600,0.0,0.0
2023-01-10 00:00:00-05:00,38.49567652322718,38.586274517120245,38.296356789352124,38.40507507324219,686400,0.0,0.0
2023-01-11 00:00:00-05:00,38.58627372736928,38.84901274281035,38.39601587043273,38.63157272338867,746600,0.0,0.0
2023-01-12 00:00:00-05:00,38.94867068466696,39.38354724594697,38.73123067598111,39.22952651977539,778500,0.0,0.0
2023-01-13 00:00:00-05:00,38.86713468492877,39.61910772787907,38.731234235000734,39.56474685668945,825100,0.0,0.0
2023-01-17 00:00:00-05:00,39.56474132627633,39.909019883502815,39.51944233466294,39.82748031616211,721400,0.0,0.0
2023-01-18 00:00:00-05:00,39.9271415371106,40.217059240663005,39.10268741961625,39.184226989746094,1048700,0.0,0.0
2023-01-19 00:00:00-05:00,39.03927374557329,39.27483061751066,38.713115418204524,38.98491287231445,676700,0.0,0.0
2023-01-20 00:00:00-05:00,39.193291272660815,39.44697189331055,38.79465523462861,39.44697189331055,969000,0.0,0.0
2023-01-23 00:00:00-05:00,39.54663433406584,39.84561051797541,39.147994814063246,39.75501251220703,1098600,0.0,0.0
2023-01-24 00:00:00-05:00,39.77312361428981,39.86372159912391,39.446965339140505,39.53756332397461,542700,0.0,0.0
2023-01-25 00:00:00-05:00,39.42884172008506,39.74593809630833,39.19328144966952,39.519439697265625,1062800,0.0,0.0
2023-01-26 00:00:00-05:00,39.78218708685338,40.00868553381931,39.60098763806222,39.96338653564453,1080900,0.0,0.0
2023-01-27 00:00:00-05:00,39.92714767538436,40.50698317163126,39.92714767538436,40.434505462646484,834300,0.0,0.0
2023-01-30 00:00:00-05:00,40.28047324596416,40.51603350930169,40.235174258735,40.37107467651367,690400,0.0,0.0
2023-01-31 00:00:00-05:00,40.36202306844261,41.38579702937884,40.36202306844261,41.33143615722656,935300,0.0,0.0
2023-02-01 00:00:00-05:00,41.31331269899881,41.856911010567515,41.113996428572904,41.64853286743164,1150400,0.0,0.0
2023-02-02 00:00:00-05:00,41.76630973594362,42.02904874814601,41.52169446923582,41.83879089355469,794500,0.0,0.0
2023-02-03 00:00:00-05:00,41.630413168497995,42.03811104393347,41.539811720572416,41.75725173950195,849700,0.0,0.0
2023-02-06 00:00:00-05:00,41.55792502733567,41.684763577027425,41.195529664800844,41.403907775878906,595700,0.0,0.0
2023-02-07 00:00:00-05:00,41.3314281101403,42.201184614777915,41.1774108531669,42.01998519897461,755700,0.0,0.0
2023-02-08 00:00:00-05:00,41.775368689065694,42.246485812336424,41.639468256088755,41.73912811279297,615400,0.0,0.0
2023-02-09 00:00:00-05:00,42.11964505803546,42.24648361229313,41.286129127627085,41.412967681884766,724100,0.0,0.0
2023-02-10 00:00:00-05:00,41.61229346598544,41.902211191253784,41.40391531695455,41.865970611572266,506600,0.0,0.0
2023-02-13 00:00:00-05:00,41.73913649181864,42.29179329460167,41.566998904104366,42.24649429321289,712500,0.0,0.0
2023-02-14 00:00:00-05:00,42.23743304300105,42.51829238550658,41.829735112296994,42.41863250732422,796800,0.0,0.0
2023-02-15 00:00:00-05:00,42.083409007127635,42.26460844244033,41.91126798833929,42.25554656982422,781400,0.0,0.0
2023-02-16 00:00:00-05:00,41.893150329589844,42.21930515941415,41.69383060906524,41.893150329589844,570500,0.0,0.0
2023-02-17 00:00:00-05:00,41.79348679324332,42.16494404039898,41.585108674701495,42.01998519897461,1512400,0.0,0.0
2023-02-21 00:00:00-05:00,41.73006435352326,41.73912276838578,40.9871499155153,41.123046875,967300,0.0,0.0
2023-02-22 00:00:00-05:00,41.10493553602747,41.10493553602747,40.63381837053732,40.941856384277344,1451000,0.0,0.0
2023-02-23 00:00:00-05:00,41.277071755705634,41.3042504591362,40.7968927731863,40.978092193603516,1597300,0.0,0.0
2023-02-24 00:00:00-05:00,40.5703978213776,41.99280769039948,40.371081552404064,41.856910705566406,2718200,0.0,0.0
2023-02-27 00:00:00-05:00,42.11964539781892,42.427683370397425,41.775366850562605,41.87502670288086,745200,0.0,0.0
2023-02-28 00:00:00-05:00,41.8478475793445,41.85690945171699,41.376730442633864,41.43109130859375,1198300,0.0,0.0
2023-03-01 00:00:00-05:00,41.38579528108684,41.65759271818238,40.89655782065972,41.594173431396484,649800,0.0,0.0
2023-03-02 00:00:00-05:00,41.39484965699266,41.39484965699266,40.87843354009685,41.340492248535156,708500,0.0,0.0
2023-03-03 00:00:00-05:00,41.36767390619068,42.065289498631174,41.34955361671396,42.029048919677734,742700,0.0,0.0
2023-03-06 00:00:00-05:00,42.029049341041805,42.32802893626737,41.8116127773249,41.947509765625,707300,0.0,0.0
2023-03-07 00:00:00-05:00,41.83878364372764,41.8750242162534,40.59757341149556,40.68817138671875,868000,0.0,0.0
2023-03-08 00:00:00-05:00,40.68818066108463,40.69723907823522,40.053984321691445,40.29860305786133,673900,0.0,0.0
2023-03-09 00:00:00-05:00,40.1445829618398,40.253301240491986,38.37789451730592,38.54097366333008,1592900,0.0,0.0
2023-03-10 00:00:00-05:00,38.24199789092771,38.64969579664922,37.644042114566865,37.80712127685547,2297300,0.0,0.0
2023-03-13 00:00:00-04:00,37.07326479029797,37.88866059610479,36.212573441614424,37.49002456665039,2796000,0.0,0.0
2023-03-14 00:00:00-04:00,38.59532824364222,38.64063069117515,37.607795023416735,38.04267501831055,2229800,0.0,0.0
2023-03-15 00:00:00-04:00,37.02795716821734,37.26351743774492,36.59308065842559,37.25445556640625,1752700,0.0,0.0
2023-03-16 00:00:00-04:00,36.86488496697461,38.1695181974058,36.692747396222465,37.81618118286133,1613100,0.0,0.0
2023-03-17 00:00:00-04:00,37.64404195897081,37.879602284010524,37.3903647991669,37.61686325073242,1657300,0.0,0.0
2023-03-20 00:00:00-04:00,38.02456120733475,38.323537366646654,37.40848514173749,37.68028259277344,1635600,0.0,0.0
2023-03-21 00:00:00-04:00,38.47755547241264,38.52285446846347,38.0154967268553,38.10609817504883,928600,0.0,0.0
2023-03-22 00:00:00-04:00,38.178576669916644,38.71311312903137,37.861480234887544,37.879600524902344,1043000,0.0,0.0
2023-03-23 00:00:00-04:00,38.17857596861857,38.441314984868995,37.36318366948219,37.499080657958984,6006700,0.0,0.0
2023-03-24 00:00:00-04:00,37.073258657238036,37.45377778902899,36.71992168520527,37.4356575012207,5237200,0.0,0.0
2023-03-27 00:00:00-04:00,38.16962009412117,38.17881604916939,37.626967523524705,37.89369583129883,2135700,0.618,0.0
2023-03-28 00:00:00-04:00,37.96727051007575,38.11443033730213,37.6085686504969,37.92128372192383,889800,0.0,0.0
2023-03-29 00:00:00-04:00,38.21560487099517,38.574306744602914,38.21560487099517,38.427146911621094,1306300,0.0,0.0
2023-03-30 00:00:00-04:00,38.684682837089014,38.914620316725276,38.52832352648126,38.647891998291016,1005200,0.0,0.0
2023-03-31 00:00:00-04:00,38.84104161186568,39.10776995071425,38.77665939332537,39.01579284667969,868700,0.0,0.0
2023-04-03 00:00:00-04:00,39.24572984420641,39.60443528252222,39.199743047058554,39.55844497680664,872700,0.0,0.0
2023-04-04 00:00:00-04:00,39.82516702418727,39.90794464941058,38.96979939973544,39.07097244262695,887600,0.0,0.0
2023-04-05 00:00:00-04:00,38.89622177587484,39.08936840121294,38.70307515053674,38.85023498535156,919900,0.0,0.0
2023-04-06 00:00:00-04:00,38.80424154519688,38.960600830599965,38.463935112590555,38.90541458129883,601600,0.0,0.0
2023-04-10 00:00:00-04:00,38.638695491557414,39.0341882674866,38.583512737704446,39.01579284667969,626000,0.0,0.0
2023-04-11 00:00:00-04:00,39.22733693712715,39.53085259745794,39.126163880827676,39.4020881652832,623400,0.0,0.0
2023-04-12 00:00:00-04:00,39.60443175002375,39.871156553118006,39.38369023140817,39.48486328125,1011500,0.0,0.0
2023-04-13 00:00:00-04:00,39.659613021727594,39.86195911387794,39.54004806597265,39.797576904296875,771100,0.0,0.0
2023-04-14 00:00:00-04:00,40.1470892729622,40.41381410890574,39.79758328734618,39.889556884765625,730800,0.0,0.0
2023-04-17 00:00:00-04:00,39.72399556269995,39.83436807310305,39.29171551027338,39.82516860961914,1268800,0.0,0.0
2023-04-18 00:00:00-04:00,39.94473996540157,40.13788660973242,39.88035775062461,39.91714859008789,733900,0.0,0.0
2023-04-19 00:00:00-04:00,39.83437066721157,39.990726470947266,39.6412205157114,39.990726470947266,892500,0.0,0.0
2023-04-20 00:00:00-04:00,39.66881340974111,39.99992392877114,39.57683631636202,39.70560073852539,650700,0.0,0.0
2023-04-21 00:00:00-04:00,39.54924925308925,39.632026891868655,38.933018448839675,39.236534118652344,1386800,0.0,0.0
2023-04-24 00:00:00-04:00,39.11696046556227,39.162950765466064,38.80424537247979,38.979000091552734,645200,0.0,0.0
2023-04-25 00:00:00-04:00,38.56510971246786,38.666282752672274,37.44301382448016,37.452213287353516,1267900,0.0,0.0
2023-04-26 00:00:00-04:00,37.46141379646503,38.132830816604866,37.39703158279187,37.755733489990234,1249500,0.0,0.0
2023-04-27 00:00:00-04:00,38.05005368395001,38.38116422066251,38.00406688908829,38.353572845458984,933100,0.0,0.0
2023-04-28 00:00:00-04:00,38.08683800310103,38.59269967711558,37.93967817959558,38.58350372314453,870400,0.0,0.0
2023-05-01 00:00:00-04:00,38.592708540025804,38.88702825462795,38.3627710437074,38.4179573059082,1143600,0.0,0.0
2023-05-02 00:00:00-04:00,38.24320641452567,38.24320641452567,36.74401294269491,37.203887939453125,1883900,0.0,0.0
2023-05-03 00:00:00-04:00,37.21307946287848,37.73733661604907,37.11190641427234,37.24987030029297,1140200,0.0,0.0
2023-05-04 00:00:00-04:00,36.95554817603203,37.21307700378077,36.44968647499681,36.688819885253906,2291500,0.0,0.0
2023-05-05 00:00:00-04:00,37.45221672097434,38.252398144529856,37.3694390903605,38.169620513916016,1540800,0.0,0.0
2023-05-08 00:00:00-04:00,38.6019082879917,38.67548646289838,38.15122924813008,38.27079772949219,824300,0.0,0.0
2023-05-09 00:00:00-04:00,37.783323357468056,38.01326080679471,37.52579102839662,37.92128372192383,940200,0.0,0.0
2023-05-10 00:00:00-04:00,38.39955929194303,38.40875524740492,37.866102652397636,38.25239944458008,850000,0.0,0.0
2023-05-11 00:00:00-04:00,37.847705424489504,38.362763063618885,37.68215018089306,38.316776275634766,714100,0.0,0.0
2023-05-12 00:00:00-04:00,38.42714781017824,38.62029794619422,38.06844592818283,38.30758285522461,738700,0.0,0.0
2023-05-15 00:00:00-04:00,38.316781885524186,38.997398376464844,38.316781885524186,38.997398376464844,766400,0.0,0.0
2023-05-16 00:00:00-04:00,38.99739556162132,39.10776456268906,38.16042332734238,38.261592864990234,829100,0.0,0.0
2023-05-17 00:00:00-04:00,38.592703584871884,38.83184051513672,38.27079253478534,38.83184051513672,1252600,0.0,0.0
2023-05-18 00:00:00-04:00,38.68467675966083,38.68467675966083,38.26158919708658,38.58350372314453,711300,0.0,0.0
2023-05-19 00:00:00-04:00,38.78585353853575,38.813448422741594,38.050054283452525,38.234004974365234,742800,0.0,0.0
2023-05-22 00:00:00-04:00,38.381163332885244,38.611100810442835,38.14202989999503,38.54671859741211,505000,0.0,0.0
2023-05-23 00:00:00-04:00,38.33517453808026,38.76745809606592,38.197210655320106,38.261592864990234,843400,0.0,0.0
2023-05-24 00:00:00-04:00,37.8201153537585,37.85690619225065,37.562586501448436,37.65456008911133,1083800,0.0,0.0
2023-05-25 00:00:00-04:00,37.88449274973659,38.565109141029446,37.83850596175247,38.316776275634766,2121000,0.0,0.0
2023-05-26 00:00:00-04:00,38.37196247267515,38.9054155279653,38.289184850992726,38.887020111083984,677300,0.0,0.0
2023-05-30 00:00:00-04:00,39.070975139635145,39.08017460338785,38.5007311868266,38.59270477294922,795800,0.0,0.0
2023-05-31 00:00:00-04:00,38.289193707833164,38.44554952464119,37.838514661409874,37.902896881103516,1096600,0.0,0.0
2023-06-01 00:00:00-04:00,37.921287205010856,38.34437130857627,37.498203101445434,37.89369583129883,1460800,0.0,0.0
2023-06-02 00:00:00-04:00,38.27079580747057,39.36529697992718,38.27079580747057,39.3009147644043,1235900,0.0,0.0
2023-06-05 00:00:00-04:00,39.29172151033461,39.35610373028428,38.491536476272366,38.57431411743164,1503000,0.0,0.0
2023-06-06 00:00:00-04:00,38.65708444065622,39.392887115478516,38.57430681516707,39.392887115478516,936500,0.0,0.0
2023-06-07 00:00:00-04:00,39.36529703488749,39.73319841716127,39.28251939930426,39.47566604614258,657800,0.0,0.0
2023-06-08 00:00:00-04:00,39.457265563580776,39.64121270619189,39.22732812675004,39.49405288696289,580300,0.0,0.0
2023-06-09 00:00:00-04:00,39.613627973547004,39.68720964977311,39.22733469906226,39.337703704833984,518500,0.0,0.0
2023-06-12 00:00:00-04:00,39.20894274191512,39.42048481689189,38.97900524625763,39.236534118652344,553100,0.0,0.0
2023-06-13 00:00:00-04:00,39.48486077156827,39.67800739522576,39.31930552027123,39.5676383972168,628600,0.0,0.0
2023-06-14 00:00:00-04:00,39.77918496931701,40.00912245468878,39.46646984886869,39.769989013671875,2283900,0.0,0.0
2023-06-15 00:00:00-04:00,39.88035820597557,40.413811350013745,39.723998890755134,40.36782455444336,1565100,0.0,0.0
2023-06-16 00:00:00-04:00,40.47819236087134,40.87368510642826,40.349427933679316,40.60696029663086,2956400,0.0,0.0
2023-06-20 00:00:00-04:00,40.31264160311641,40.54257908839478,39.65961647841448,39.696407318115234,1720700,0.0,0.0
2023-06-21 00:00:00-04:00,39.696404716020815,39.85276402021592,39.43887587213165,39.53084945678711,780200,0.0,0.0
2023-06-22 00:00:00-04:00,39.356095817861764,39.43887344237885,38.96979906725966,39.04338073730469,898400,0.0,0.0
2023-06-23 00:00:00-04:00,38.712271935206545,38.82264093654217,38.44554363245877,38.509925842285156,7205800,0.0,0.0
2023-06-26 00:00:00-04:00,38.620299298621624,39.53084972194734,38.60190387985367,39.383689880371094,1380800,0.0,0.0
2023-06-27 00:00:00-04:00,39.357531474878535,39.64712887246139,39.27345400636637,39.57239532470703,1466100,0.662,0.0
2023-06-28 00:00:00-04:00,39.338852532228124,39.591084971972805,39.07727973412049,39.48832321166992,1046600,0.0,0.0
2023-06-29 00:00:00-04:00,39.60976439364022,39.8713371596621,39.50700264594258,39.703182220458984,837100,0.0,0.0
2023-06-30 00:00:00-04:00,39.955411539026564,40.03014508196919,39.7779162563341,39.871334075927734,828600,0.0,0.0
2023-07-03 00:00:00-04:00,39.85265094693659,40.41316500796262,39.85265094693659,40.15159225463867,252600,0.0,0.0
2023-07-05 00:00:00-04:00,39.83397232301324,39.88068124078413,39.49766241320369,39.68450164794922,1351200,0.0,0.0
2023-07-06 00:00:00-04:00,39.29214001791394,39.33884893277906,38.8437280206176,39.08661651611328,1585300,0.0,0.0
2023-07-07 00:00:00-04:00,39.13332615445533,39.83397058137061,39.07727688104569,39.2547721862793,1254700,0.0,0.0
2023-07-10 00:00:00-04:00,39.208064602765596,39.46963739066325,39.04925000749776,39.13332748413086,719800,0.0,0.0
2023-07-11 00:00:00-04:00,39.226745572682795,39.35753195559657,39.0399063555224,39.26411056518555,540300,0.0,0.0
2023-07-12 00:00:00-04:00,39.525691772445896,39.6751624518877,39.338852532228124,39.48832321166992,1456200,0.0,0.0
2023-07-13 00:00:00-04:00,39.68450303945431,40.49724964088437,39.64713447846251,40.45988464355469,1170600,0.0,0.0
2023-07-14 00:00:00-04:00,40.61869183822219,40.72145358939346,39.964756337400985,40.020809173583984,1695600,0.0,0.0
2023-07-17 00:00:00-04:00,40.0301454434672,40.46921703957742,39.93672762302994,40.40382385253906,2379300,0.0,0.0
2023-07-18 00:00:00-04:00,40.38514195830902,41.00170887509002,40.38514195830902,40.98302459716797,1724900,0.0,0.0
2023-07-19 00:00:00-04:00,41.10447671568096,41.24460703904019,40.88961283321572,41.067108154296875,919200,0.0,0.0
2023-07-20 00:00:00-04:00,41.188548638565024,41.347359657522574,40.84289840156319,41.076446533203125,723700,0.0,0.0
2023-07-21 00:00:00-04:00,41.07644973830736,41.09513401793585,40.77750839157545,40.926979064941406,587300,0.0,0.0
2023-07-24 00:00:00-04:00,40.93632421214177,41.47815769377219,40.852246725808165,41.18855667114258,859400,0.0,0.0
2023-07-25 00:00:00-04:00,41.22591560584036,41.22591560584036,40.6000047840672,40.72145080566406,1361000,0.0,0.0
2023-07-26 00:00:00-04:00,40.65606347119448,40.973689106268736,40.45053995330465,40.768165588378906,713600,0.0,0.0
2023-07-27 00:00:00-04:00,40.917637650115736,41.29131613825501,40.487909883319084,40.60935592651367,817900,0.0,0.0
2023-07-28 00:00:00-04:00,40.9082962992348,41.09513553877222,40.66540421873752,40.88026809692383,522200,0.0,0.0
2023-07-31 00:00:00-04:00,41.10447527094565,41.412760546035514,40.973688874360384,41.16986846923828,547700,0.0,0.0
2023-08-01 00:00:00-04:00,40.8802655351536,40.8802655351536,40.07686291371362,40.26369857788086,1497900,0.0,0.0
2023-08-02 00:00:00-04:00,39.87134131337075,39.87134131337075,39.30148324488938,39.759239196777344,1155700,0.0,0.0
2023-08-03 00:00:00-04:00,39.51634608543677,39.637792120703295,39.20806438195952,39.535030364990234,548900,0.0,0.0
2023-08-04 00:00:00-04:00,39.516341253412016,40.18896098044147,39.45094806480209,39.7498893737793,1113500,0.0,0.0
2023-08-07 00:00:00-04:00,39.7498960542492,40.13291489347621,39.7498960542492,39.98344421386719,364100,0.0,0.0
2023-08-08 00:00:00-04:00,39.23608984904957,39.41358516306742,38.93714849719739,39.282798767089844,1175700,0.0,0.0
2023-08-09 00:00:00-04:00,39.180033429173996,39.282795177670074,38.750305720610115,38.843727111816406,894800,0.0,0.0
2023-08-10 00:00:00-04:00,39.12398828631698,39.33885216327049,38.76899408959889,38.93714904785156,1264300,0.0,0.0
2023-08-11 00:00:00-04:00,38.73163104427003,39.114649934015254,38.70360640179144,38.92781066894531,499200,0.0,0.0
2023-08-14 00:00:00-04:00,38.71293610501818,38.8156978507029,38.423338709355704,38.6195182800293,821500,0.0,0.0
2023-08-15 00:00:00-04:00,38.28320551496109,38.37662689655125,37.29296025207336,37.48914337158203,1604600,0.0,0.0
2023-08-16 00:00:00-04:00,37.36770661760442,37.554545863424885,37.23692021462875,37.42375946044922,1081500,0.0,0.0
2023-08-17 00:00:00-04:00,37.704013430233324,37.81611554299287,37.15283966064453,37.15283966064453,1470800,0.0,0.0
2023-08-18 00:00:00-04:00,36.947311919932716,37.20888823796707,36.81652554274629,37.07809829711914,1603500,0.0,0.0
2023-08-21 00:00:00-04:00,37.180864807674446,37.38638832026963,36.685743869508194,36.84455490112305,963100,0.0,0.0
2023-08-22 00:00:00-04:00,36.83521570366581,37.00337066223945,36.53627434701534,36.64837646484375,1058300,0.0,0.0
2023-08-23 00:00:00-04:00,36.74179549027901,37.0687614643287,36.54561234218735,36.984683990478516,1200500,0.0,0.0
2023-08-24 00:00:00-04:00,36.994026825575276,37.34902102378943,36.881924707488416,37.10613250732422,1358400,0.0,0.0
2023-08-25 00:00:00-04:00,37.208894052456955,37.43309828733735,36.592323497380704,37.068763732910156,1681800,0.0,0.0
2023-08-28 00:00:00-04:00,37.218237967375906,37.54520399268128,37.15284476231483,37.4704704284668,899600,0.0,0.0
2023-08-29 00:00:00-04:00,37.40507385254637,38.15242724565347,37.33968065337839,38.07769012451172,762700,0.0,0.0
2023-08-30 00:00:00-04:00,38.311231272500386,38.554123308105254,38.13373598775946,38.189788818359375,795000,0.0,0.0
2023-08-31 00:00:00-04:00,37.23691652087855,37.41441182678697,36.72311131858631,37.00336837768555,3192600,0.0,0.0
2023-09-01 00:00:00-04:00,37.227571449910805,37.29296464289256,37.02205151353749,37.199546813964844,2055800,0.0,0.0
2023-09-05 00:00:00-04:00,37.162177855021504,37.34901707451802,36.984682556513754,37.08744430541992,1813700,0.0,0.0
2023-09-06 00:00:00-04:00,36.90060207976945,37.096781640611006,36.573636145033525,36.835208892822266,734600,0.0,0.0
2023-09-07 00:00:00-04:00,36.83521705259058,37.00337201732215,36.50825104542487,36.52693176269531,984500,0.0,0.0
2023-09-08 00:00:00-04:00,36.480224438582866,36.66706369242323,36.321413389199094,36.40549087524414,972800,0.0,0.0
2023-09-11 00:00:00-04:00,36.64837427469494,37.11547056200483,36.48021932617043,37.059417724609375,818100,0.0,0.0
2023-09-12 00:00:00-04:00,37.15284016246684,37.45178150963802,37.040738048193134,37.283626556396484,1017800,0.0,0.0
2023-09-13 00:00:00-04:00,37.43309486095824,37.862822574862946,37.4050702250789,37.61993408203125,1082700,0.0,0.0
2023-09-14 00:00:00-04:00,38.00295279323758,38.07768634329601,37.76940465835469,38.040321350097656,978000,0.0,0.0
2023-09-15 00:00:00-04:00,37.946895369632074,38.34859839815202,37.9001864610356,38.29254913330078,2098600,0.0,0.0
2023-09-18 00:00:00-04:00,38.41399891307495,38.46070783058441,37.92821833092024,38.23650360107422,755700,0.0,0.0
2023-09-19 00:00:00-04:00,38.37663380934712,38.442027006408864,38.12440137911097,38.21781921386719,795500,0.0,0.0
2023-09-20 00:00:00-04:00,38.40465667652356,38.66622945271161,38.217817451962745,38.2645263671875,675400,0.0,0.0
2023-09-21 00:00:00-04:00,37.91887780252546,38.10571703538586,37.72269821166992,37.72269821166992,1463800,0.0,0.0
2023-09-22 00:00:00-04:00,37.890848179936164,37.9936063590116,37.433092297833916,37.44243621826172,5423900,0.0,0.0
2023-09-25 00:00:00-04:00,37.36770309724733,37.68532871612041,37.236916706592865,37.517173767089844,1302500,0.0,0.0
2023-09-26 00:00:00-04:00,37.22756961189056,37.56387948128464,37.18086069973284,37.19020462036133,4827000,0.0,0.0
2023-09-27 00:00:00-04:00,37.30795126698135,37.31744520650337,36.310920993277755,36.548309326171875,1665400,0.644,0.0
2023-09-28 00:00:00-04:00,36.586289962589504,37.2224926001621,36.586289962589504,37.10854721069336,1265700,0.0,0.0
2023-09-29 00:00:00-04:00,37.459879268681824,37.459879268681824,36.624271331282856,36.662254333496094,1679400,0.0,0.0
2023-10-02 00:00:00-04:00,36.4628506345811,36.64326446976797,35.65572810164713,35.741188049316406,3489100,0.0,0.0
2023-10-03 00:00:00-04:00,35.532282867042944,35.61774280922124,34.78213851043168,34.85810089111328,1747600,0.0,0.0
2023-10-04 00:00:00-04:00,34.91507741774998,35.22842814240004,34.47828374229421,35.19044876098633,1301500,0.0,0.0
2023-10-05 00:00:00-04:00,35.13347349874529,35.49430478134317,34.95305966857561,35.418338775634766,1758600,0.0,0.0
2023-10-06 00:00:00-04:00,35.285404528966296,35.598758892579816,34.66819336429295,35.48480987548828,1843500,0.0,0.0
2023-10-09 00:00:00-04:00,35.20944015369424,35.60825082424162,35.12398020682571,35.54178237915039,693000,0.0,0.0
2023-10-10 00:00:00-04:00,35.70320672454888,36.23495793752835,35.67472128140564,36.149497985839844,1168200,0.0,0.0
2023-10-11 00:00:00-04:00,36.17797736308581,36.40587173679745,35.83614123590562,36.24444580078125,979300,0.0,0.0
2023-10-12 00:00:00-04:00,36.29193073924255,36.29193073924255,35.46581670435334,35.741188049316406,1302000,0.0,0.0
2023-10-13 00:00:00-04:00,35.95008792142396,36.13050174141925,35.38035377751647,35.475311279296875,1281800,0.0,0.0
2023-10-16 00:00:00-04:00,35.83614340243463,36.21596255190567,35.589257514132974,36.187477111816406,1536000,0.0,0.0
2023-10-17 00:00:00-04:00,35.817155295145746,36.49133733769591,35.817155295145746,36.30142593383789,1104600,0.0,0.0
2023-10-18 00:00:00-04:00,36.016557983299506,36.14000093004328,35.209439104243735,35.25691604614258,1199400,0.0,0.0
2023-10-19 00:00:00-04:00,35.16195876430045,35.43733010023155,34.82011898483544,34.82961654663086,2005000,0.0,0.0
2023-10-20 00:00:00-04:00,34.70617297286627,34.85810135852507,33.66166577424435,33.69015121459961,1934300,0.0,0.0
2023-10-23 00:00:00-04:00,33.59519882214151,34.07946944095467,33.41478136586597,33.823089599609375,2260300,0.0,0.0
2023-10-24 00:00:00-04:00,33.699653577604934,33.766122029409644,33.07294844468985,33.34831619262695,1530100,0.0,0.0
2023-10-25 00:00:00-04:00,33.044454169590026,33.19638255294816,32.61715445943953,33.177391052246094,1843100,0.0,0.0
2023-10-26 00:00:00-04:00,33.15839562662616,33.50023535428341,32.98747938505549,33.253353118896484,1213500,0.0,0.0
2023-10-27 00:00:00-04:00,33.253356705981766,33.42427658824775,32.71211161955892,32.97798538208008,1573200,0.0,0.0
2023-10-30 00:00:00-04:00,33.414776519030504,33.67115632318774,33.19637971302798,33.5382194519043,1310300,0.0,0.0
2023-10-31 00:00:00-04:00,33.528728546023714,33.54772004681877,33.09193127225417,33.490745544433594,1074400,0.0,0.0
2023-11-01 00:00:00-04:00,33.566706339483524,33.75661771620327,33.31982408532861,33.70914077758789,1747600,0.0,0.0
2023-11-02 00:00:00-04:00,34.22190672184072,35.54178541905435,34.145940708234136,35.49430847167969,2416500,0.0,0.0
2023-11-03 00:00:00-04:00,36.07353605019047,36.29193290230465,35.85513557581746,35.9975700378418,1631500,0.0,0.0
2023-11-06 00:00:00-05:00,36.13999982443392,36.30142214640339,35.79816005760639,35.98807144165039,1043300,0.0,0.0
2023-11-07 00:00:00-05:00,35.73169060716777,35.87412142448356,35.503796228300935,35.66522216796875,756400,0.0,0.0
2023-11-08 00:00:00-05:00,35.598753907549245,35.77916772595861,35.37085952753791,35.551273345947266,739300,0.0,0.0
2023-11-09 00:00:00-05:00,35.855129984284176,36.0735304245981,35.57976228811035,35.62723922729492,1163800,0.0,0.0
2023-11-10 00:00:00-05:00,35.76017567539613,35.8836186135965,35.4088419829501,35.77916717529297,663300,0.0,0.0
2023-11-13 00:00:00-05:00,35.703206531871544,36.064037839526726,35.57026963490879,35.87412643432617,867700,0.0,0.0
2023-11-14 00:00:00-05:00,36.58629021299607,37.08955596258985,36.57679627308312,36.95661544799805,1751400,0.0,0.0
2023-11-15 00:00:00-05:00,37.08005982777203,37.38391662830405,36.82367997314962,37.12753677368164,1913000,0.0,0.0
2023-11-16 00:00:00-05:00,36.93762666425753,37.12753443593836,36.87115821971752,36.985103607177734,913200,0.0,0.0
2023-11-17 00:00:00-05:00,37.38391450387549,37.55483439724417,37.24148367424064,37.53584289550781,1249600,0.0,0.0
2023-11-20 00:00:00-05:00,37.54533955340845,37.62130193626614,37.26047427873977,37.5643310546875,880100,0.0,0.0
2023-11-21 00:00:00-05:00,37.3934137321606,37.73525353413069,36.94712247711535,37.00409698486328,2161200,0.0,0.0
2023-11-22 00:00:00-05:00,36.89014637061273,37.326943666565995,36.747715540803725,37.22249221801758,1282600,0.0,0.0
2023-11-24 00:00:00-05:00,37.33643600709739,37.554832834590215,37.22249062367906,37.440887451171875,532600,0.0,0.0
2023-11-27 00:00:00-05:00,37.08005403899784,37.37441685329683,36.75720578605187,36.87115478515625,1572900,0.0,0.0
2023-11-28 00:00:00-05:00,36.491334445794976,36.85216572230383,36.0545407871181,36.662254333496094,1544700,0.0,0.0
2023-11-29 00:00:00-05:00,36.77619881787761,37.40290385002528,36.6717473754766,37.27946090698242,1332100,0.0,0.0
2023-11-30 00:00:00-05:00,37.8871802142106,39.32100418271291,37.8871802142106,39.216552734375,2830100,0.0,0.0
2023-12-01 00:00:00-05:00,39.18806579691156,39.92871622447525,39.01714591020325,39.786285400390625,2139900,0.0,0.0
2023-12-04 00:00:00-05:00,39.38747343465222,40.014178515262195,39.34949043043134,39.92871856689453,1190400,0.0,0.0
2023-12-05 00:00:00-05:00,39.69133048858324,40.18509867997146,39.66284504635695,40.166107177734375,1236300,0.0,0.0
2023-12-06 00:00:00-05:00,40.469963519683624,40.65038097780348,40.175604293923655,40.31803512573242,1686900,0.0,0.0
2023-12-07 00:00:00-05:00,40.393999786379496,40.57441361622249,40.14711389053274,40.498451232910156,1172400,0.0,0.0
2023-12-08 00:00:00-05:00,40.45097434479423,41.03020251201188,40.45097434479423,40.849788665771484,1153300,0.0,0.0
2023-12-11 00:00:00-05:00,40.84028663153687,40.925746575085185,40.564918922110905,40.726341247558594,1171200,0.0,0.0
2023-12-12 00:00:00-05:00,40.60290050268849,40.963731797478985,40.44147816849139,40.944740295410156,824600,0.0,0.0
2023-12-13 00:00:00-05:00,40.992214655219065,42.30259923728988,40.80230689102022,42.245628356933594,1989500,0.0,0.0
2023-12-14 00:00:00-05:00,42.72990013382915,43.44206513605963,42.72990013382915,43.15719985961914,2384200,0.0,0.0
2023-12-15 00:00:00-05:00,43.337617454454886,43.612988815248904,43.10022909975497,43.195186614990234,1282100,0.0,0.0
2023-12-18 00:00:00-05:00,43.22366720593151,43.518030036725975,43.08123276019842,43.18568420410156,838300,0.0,0.0
2023-12-19 00:00:00-05:00,43.53701782985111,44.296663375924005,43.46105544859887,44.239688873291016,1383600,0.0,0.0
2023-12-20 00:00:00-05:00,44.39162063598633,45.08479417060448,44.32515218898587,44.39162063598633,3114100,0.0,0.0
2023-12-21 00:00:00-05:00,44.79042680245142,45.42662938822123,44.73345592348522,45.28419494628906,1759600,0.0,0.0
2023-12-22 00:00:00-05:00,45.42662947235265,46.13879443881579,45.42662947235265,45.948883056640625,1352200,0.0,0.0
2023-12-26 00:00:00-05:00,46.08182082261444,46.45214603272706,45.90140699832477,46.34769821166992,8801000,0.0,0.0
2023-12-27 00:00:00-05:00,46.349627622774136,46.63852960939978,46.23406388925343,46.41703796386719,1412400,0.682,0.0
2023-12-28 00:00:00-05:00,46.3785111930212,46.65778467203667,46.02219890775973,46.23405838012695,1531500,0.0,0.0
2023-12-29 00:00:00-05:00,46.06071869899325,46.57111225428166,46.04145807964062,46.359249114990234,972100,0.0,0.0
2024-01-02 00:00:00-05:00,45.86811963889698,46.28221380224497,45.77181653486966,46.070350646972656,1153500,0.0,0.0
2024-01-03 00:00:00-05:00,45.6081095980393,45.839229714868516,45.41550705162294,45.51180648803711,1459400,0.0,0.0
2024-01-04 00:00:00-05:00,45.531065036389045,46.00294106993879,45.415504983237454,45.68514633178711,934300,0.0,0.0
2024-01-05 00:00:00-05:00,45.74292548875408,46.33036154069947,45.54069448930694,45.91626739501953,1214300,0.0,0.0
2024-01-08 00:00:00-05:00,45.90663575249495,46.214802002031185,45.82959694530165,46.19554138183594,1038400,0.0,0.0
2024-01-09 00:00:00-05:00,45.839226338327585,45.974050682399415,45.50217466211737,45.80070877075195,1072100,0.0,0.0
2024-01-10 00:00:00-05:00,45.80070567932715,45.945154813558275,45.29994059876674,45.41550064086914,1125800,0.0,0.0
2024-01-11 00:00:00-05:00,45.23253248946699,45.348092537244604,44.25026289938807,44.596946716308594,3306800,0.0,0.0
2024-01-12 00:00:00-05:00,44.90510878219632,45.16512164193033,44.23100177624752,44.31767272949219,1941700,0.0,0.0
2024-01-16 00:00:00-05:00,43.84579756968719,44.28878449126042,43.556895611156975,44.240631103515625,1745500,0.0,0.0
2024-01-17 00:00:00-05:00,43.701347892444666,44.15395960828793,43.51837383786399,43.97098922729492,1979400,0.0,0.0
2024-01-18 00:00:00-05:00,44.20211454161755,44.250264256869684,43.402815308798424,43.52800750732422,1358900,0.0,0.0
2024-01-19 00:00:00-05:00,43.68208801811344,44.317673799389155,43.528006727912896,44.221370697021484,2194500,0.0,0.0
2024-01-22 00:00:00-05:00,44.39471372442863,44.44286711361761,43.556896917487414,43.81690979003906,1163100,0.0,0.0
2024-01-23 00:00:00-05:00,43.961361859235765,44.038400668163646,43.30651545220385,43.5665283203125,1348900,0.0,0.0
2024-01-24 00:00:00-05:00,43.94210259858961,44.15396208488903,43.61467938494009,43.768760681152344,1407000,0.0,0.0
2024-01-25 00:00:00-05:00,44.01913969243097,44.240631317495016,43.72060925906051,44.221370697021484,955400,0.0,0.0
2024-01-26 00:00:00-05:00,44.153958360477986,44.34656088289414,43.942098892049025,44.07691955566406,667300,0.0,0.0
2024-01-29 00:00:00-05:00,43.990254437679276,44.55842993367791,43.75913064541371,44.53916931152344,714500,0.0,0.0
2024-01-30 00:00:00-05:00,44.54879364579239,44.596947033497585,44.096181924782734,44.25026321411133,1291700,0.0,0.0
2024-01-31 00:00:00-05:00,44.0384051795238,44.37546056467655,43.460601195816416,43.508750915527344,1973600,0.0,0.0
2024-02-01 00:00:00-05:00,43.489481601318936,43.97098604937321,43.094648100857924,43.913204193115234,2609500,0.0,0.0
2024-02-02 00:00:00-05:00,43.710979424725366,43.845800101585574,43.37392773257484,43.720611572265625,2079100,0.0,0.0
2024-02-05 00:00:00-05:00,43.42207604122044,43.46059728295628,42.88278967768215,43.200584411621094,1049000,0.0,0.0
2024-02-06 00:00:00-05:00,43.17169531711312,43.42207604122044,42.969460634793876,43.200584411621094,1314200,0.0,0.0
2024-02-07 00:00:00-05:00,43.162060387320615,43.32577381734976,42.90204753274789,43.11391067504883,2776400,0.0,0.0
2024-02-08 00:00:00-05:00,42.8924202991706,43.04650158704527,42.564997103238476,43.00798034667969,2289900,0.0,0.0
2024-02-09 00:00:00-05:00,43.133175028771724,43.4702267174408,42.92131186812951,43.431705474853516,1666200,0.0,0.0
2024-02-12 00:00:00-05:00,43.431707857340214,43.97099426238169,43.37392966387769,43.87469482421875,1435800,0.0,0.0
2024-02-13 00:00:00-05:00,43.24873695487539,43.24873695487539,42.2375781715144,42.65167236328125,1935700,0.0,0.0
2024-02-14 00:00:00-05:00,43.04650233787556,43.354664918999966,43.00798109683808,43.25836181640625,1294900,0.0,0.0
2024-02-15 00:00:00-05:00,43.46059505400903,44.19248024151498,43.46059505400903,44.01913833618164,1641000,0.0,0.0
2024-02-16 00:00:00-05:00,43.91320868221573,44.288785275905425,43.80728077862855,44.18285369873047,1887900,0.0,0.0
2024-02-20 00:00:00-05:00,44.27915040786163,44.92436830483058,44.14432974468268,44.72213363647461,2183500,0.0,0.0
2024-02-21 00:00:00-05:00,44.46212219786881,44.702874439374064,44.317673057118256,44.60657501220703,2588300,0.0,0.0
2024-02-22 00:00:00-05:00,44.876218807511705,45.20364202085354,44.77029090125547,45.03993225097656,2995600,0.0,0.0
2024-02-23 00:00:00-05:00,45.12660114006419,45.35772123677206,44.90510951672427,45.21327209472656,5861100,0.0,0.0
2024-02-26 00:00:00-05:00,45.03029921651474,45.367354570614225,44.59694810545337,44.789546966552734,1075500,0.0,0.0
2024-02-27 00:00:00-05:00,44.88584681599321,45.02066747842197,44.529534540490424,44.75102615356445,2158200,0.0,0.0
2024-02-28 00:00:00-05:00,44.62583602382035,44.73176759878593,44.40434440052308,44.57768630981445,1243200,0.0,0.0
2024-02-29 00:00:00-05:00,45.50217355921415,45.954788947943804,44.85695931651139,45.569583892822266,2516700,0.0,0.0
2024-03-01 00:00:00-05:00,46.060721990930055,46.9081672614872,45.99330798158404,46.7155647277832,4219600,0.0,0.0
2024-03-04 00:00:00-05:00,46.57111615098296,47.16818070652207,46.38814208861691,46.67704772949219,4539500,0.0,0.0
2024-03-05 00:00:00-05:00,46.71556181721817,47.15854871921386,46.6770442517474,46.965946197509766,3597600,0.0,0.0
2024-03-06 00:00:00-05:00,47.187438325110016,47.572643372709216,47.01409642104913,47.24522018432617,4440300,0.0,0.0
2024-03-07 00:00:00-05:00,47.43782217747214,47.784506008563014,47.12965958841089,47.61116409301758,2096300,0.0,0.0
2024-03-08 00:00:00-05:00,47.823025391071106,47.93858543907875,47.47634157346048,47.76524353027344,1852500,0.0,0.0
2024-03-11 00:00:00-04:00,47.56301650390042,47.9482215942441,47.351153336852605,47.755619049072266,1060600,0.0,0.0
2024-03-12 00:00:00-04:00,47.78450415053933,47.851914484676094,47.55338405452404,47.76524353027344,1161600,0.0,0.0
2024-03-13 00:00:00-04:00,47.794136798185534,48.208230954271215,47.78450465115783,48.044517517089844,1614700,0.0,0.0
2024-03-14 00:00:00-04:00,48.015632501186275,48.083042841754484,47.08151253390104,47.38967514038086,1272400,0.0,0.0
2024-03-15 00:00:00-04:00,47.30300012006551,47.73635489625092,47.21632916482843,47.41856384277344,1501900,0.0,0.0
2024-03-18 00:00:00-04:00,47.51486281399226,47.851914484676094,47.10076866224487,47.76524353027344,1156700,0.0,0.0
2024-03-19 00:00:00-04:00,47.6015361088166,48.03489090213661,47.55338639257835,47.890438079833984,3253600,0.0,0.0
2024-03-20 00:00:00-04:00,47.70746844119781,48.5549137464041,47.485976804137906,48.46824645996094,1351400,0.0,0.0
2024-03-21 00:00:00-04:00,48.59343131691535,49.03641455755604,48.46824279690015,48.76677322387695,1506100,0.0,0.0
2024-03-22 00:00:00-04:00,48.68973616528706,48.824556836966956,48.23712076157216,48.30453109741211,1181400,0.0,0.0
2024-03-25 00:00:00-04:00,48.29490077492059,48.747512487720044,48.29490077492059,48.45861053466797,5134500,0.0,0.0
2024-03-26 00:00:00-04:00,48.6223280114374,49.24828168283995,48.439353942871094,48.439353942871094,1464900,0.0,0.0
2024-03-27 00:00:00-04:00,48.647211142027444,48.86190414428711,48.256864628330305,48.86190414428711,1453500,0.663,0.0
2024-03-28 00:00:00-04:00,48.87166603576153,49.613327034157855,48.774076613172646,49.49622344970703,1337800,0.0,0.0
2024-04-01 00:00:00-04:00,49.310803440298365,49.476703590751065,48.7057639350156,49.164424896240234,1955500,0.0,0.0
2024-04-02 00:00:00-04:00,48.813110294839824,49.07659614057875,48.52034948490402,48.61793518066406,1279600,0.0,0.0
2024-04-03 00:00:00-04:00,48.58866216492308,49.154665923808885,48.49107274259392,48.676490783691406,1090900,0.0,0.0
2024-04-04 00:00:00-04:00,49.164423738256815,49.232734468406136,48.19830899054333,48.25686264038086,1404000,0.0,0.0
2024-04-05 00:00:00-04:00,48.06168752953243,48.68624490383445,48.022651762974654,48.49106979370117,1146700,0.0,0.0
2024-04-08 00:00:00-04:00,48.58866408455863,48.988771425276,48.530110428847806,48.96925354003906,942400,0.0,0.0
2024-04-09 00:00:00-04:00,49.23273458942846,49.33032028340863,48.539866483264674,48.9985237121582,962300,0.0,0.0
2024-04-10 00:00:00-04:00,48.35445400485632,48.37397189042444,47.61279296654779,47.88603591918945,2518600,0.0,0.0
2024-04-11 00:00:00-04:00,47.88603107411372,47.88603107411372,47.08581646006598,47.485923767089844,1286300,0.0,0.0
2024-04-12 00:00:00-04:00,46.95895670577287,47.27123542872925,46.607642211782945,46.87112808227539,1126900,0.0,0.0
2024-04-15 00:00:00-04:00,47.37857803084787,47.4859245310102,46.33439543906907,46.55884552001953,1138300,0.0,0.0
2024-04-16 00:00:00-04:00,46.18801774740581,46.18801774740581,45.59273530652578,45.8659782409668,1761000,0.0,0.0
2024-04-17 00:00:00-04:00,46.17825789273997,46.49053660213327,45.62201120896717,45.914772033691406,1101100,0.0,0.0
2024-04-18 00:00:00-04:00,46.15874103553156,46.39295193411783,45.80742654898013,46.08067321777344,1122100,0.0,0.0
2024-04-19 00:00:00-04:00,45.96356496822499,46.63691896124552,45.96356496822499,46.42222595214844,3535300,0.0,0.0
2024-04-22 00:00:00-04:00,46.66619009294167,46.70522585914417,46.2758398762278,46.53932571411133,1654600,0.0,0.0
2024-04-23 00:00:00-04:00,46.65643787672564,46.91992374207798,46.38319120747731,46.86137008666992,948400,0.0,0.0
2024-04-24 00:00:00-04:00,46.61739822703673,46.8418483034387,46.2368088051962,46.392948150634766,850000,0.0,0.0
2024-04-25 00:00:00-04:00,46.17825704551977,46.44174289973424,45.70983899002377,46.25632858276367,1051600,0.0,0.0
2024-04-26 00:00:00-04:00,46.431983944110755,46.72474475164291,46.22704802844817,46.66619110107422,843900,0.0,0.0
2024-04-29 00:00:00-04:00,46.646675101015774,46.724746638259674,46.09042842744829,46.25632858276367,590300,0.0,0.0
2024-04-30 00:00:00-04:00,46.0611542407148,46.09042920634809,45.56345748901367,45.56345748901367,982600,0.0,0.0
2024-05-01 00:00:00-04:00,45.58297450933336,46.21729271883672,45.37804230847441,45.74887466430664,1531500,0.0,0.0
2024-05-02 00:00:00-04:00,46.11970242184168,46.31487753818751,45.70008094728337,46.16849899291992,753400,0.0,0.0
2024-05-03 00:00:00-04:00,46.714985900604425,46.90040394049206,46.40270719650038,46.72474670410156,834700,0.0,0.0
2024-05-06 00:00:00-04:00,47.18340594227997,47.2614774829192,46.67595581874879,47.212684631347656,893200,0.0,0.0
2024-05-07 00:00:00-04:00,47.407856832517176,47.47616756502985,46.82233148185117,46.83209228515625,693500,0.0,0.0
2024-05-08 00:00:00-04:00,46.51005285253981,47.45664975112079,46.50029577187605,47.4176139831543,887200,0.0,0.0
2024-05-09 00:00:00-04:00,47.485924817685074,47.964103669661604,47.485924817685074,47.92506790161133,684700,0.0,0.0
2024-05-10 00:00:00-04:00,48.24710470857906,48.44227983033002,48.07144747126877,48.208072662353516,658900,0.0,0.0
2024-05-13 00:00:00-04:00,48.57889930155802,48.57889930155802,48.05193133394795,48.11048126220703,559300,0.0,0.0
2024-05-14 00:00:00-04:00,48.266618643293384,48.47155082916689,47.79820062301587,47.817718505859375,845100,0.0,0.0
2024-05-15 00:00:00-04:00,47.94458867528455,48.22758870406628,47.94458867528455,48.03241729736328,865400,0.0,0.0
2024-05-16 00:00:00-04:00,47.93482394730708,48.08120621300712,47.700616789373804,47.7591667175293,772900,0.0,0.0
2024-05-17 00:00:00-04:00,47.954343887280515,48.26662259301974,47.749411684637124,48.208072662353516,930600,0.0,0.0
2024-05-20 00:00:00-04:00,48.09096329348115,48.286138406862655,47.749409637055265,47.7591667175293,493200,0.0,0.0
2024-05-21 00:00:00-04:00,47.77868940989279,48.14952179037507,47.58351427686759,47.88603591918945,752300,0.0,0.0
2024-05-22 00:00:00-04:00,47.612789046165275,47.69085685935372,46.90040303353796,47.22243881225586,1062500,0.0,0.0
2024-05-23 00:00:00-04:00,47.35906212987621,47.681101643847086,46.734504709314855,47.007747650146484,1742400,0.0,0.0
2024-05-24 00:00:00-04:00,47.202923842543484,47.50544547863337,47.202923842543484,47.36882400512695,1101900,0.0,0.0
2024-05-28 00:00:00-04:00,47.4468908148771,47.62254805498286,47.12485502312046,47.35906219482422,1052900,0.0,0.0
2024-05-29 00:00:00-04:00,46.6564387119359,46.73450653122154,45.89525606862878,45.93429183959961,1597400,0.0,0.0
2024-05-30 00:00:00-04:00,47.47616885431116,49.6230840304218,47.01750787556557,49.37911605834961,2333400,0.0,0.0
2024-05-31 00:00:00-04:00,49.63284277142223,49.63284277142223,47.3688203824897,48.34469223022461,2596300,0.0,0.0
2024-06-03 00:00:00-04:00,48.93997657584822,48.959490737632656,48.22758682307454,48.71552276611328,1229000,0.0,0.0
2024-06-04 00:00:00-04:00,48.26662255746823,48.42276191022283,47.96410465550008,48.28614044189453,662000,0.0,0.0
2024-06-05 00:00:00-04:00,48.442280758918386,48.686248735119754,47.71037683031429,48.10072708129883,862900,0.0,0.0
2024-06-06 00:00:00-04:00,48.05193228161094,48.295900247917004,47.80796431530488,48.042171478271484,588400,0.0,0.0
2024-06-07 00:00:00-04:00,47.72013570815704,48.032414407279354,47.56399635859589,47.80796432495117,825800,0.0,0.0
2024-06-10 00:00:00-04:00,47.5347195084973,47.79820536906372,47.39809803768268,47.5932731628418,2408300,0.0,0.0
2024-06-11 00:00:00-04:00,47.32003108072651,47.32978816196655,46.76378066098982,46.86137008666992,2114800,0.0,0.0
2024-06-12 00:00:00-04:00,47.53471853824481,48.120243901770735,47.32002925534219,47.50544357299805,2661700,0.0,0.0
2024-06-13 00:00:00-04:00,47.39809982326028,47.39809982326028,46.666195868333276,46.87112808227539,1448800,0.0,0.0
2024-06-14 00:00:00-04:00,46.44173998959585,46.461257872683795,45.85621838757983,46.38318634033203,995600,0.0,0.0
2024-06-17 00:00:00-04:00,46.33439736891937,46.37343313835984,45.93429003879419,46.34415817260742,802800,0.0,0.0
2024-06-18 00:00:00-04:00,46.35391522682103,46.87112614231253,46.266086606958716,46.69546890258789,779700,0.0,0.0
2024-06-20 00:00:00-04:00,46.58812517073864,46.754021603398236,46.19777492983075,46.25632858276367,849100,0.0,0.0
2024-06-21 00:00:00-04:00,46.051390713313396,46.6954659777424,46.0221157494116,46.314876556396484,945600,0.0,0.0
2024-06-24 00:00:00-04:00,46.65643699337912,47.310269381104995,46.53932968478019,47.2809944152832,3057100,0.0,0.0
2024-06-25 00:00:00-04:00,47.35906033579383,47.45664975571952,46.91992097542326,47.30051040649414,1061900,0.0,0.0
2024-06-26 00:00:00-04:00,47.00774389670392,47.07605834911297,46.76377594111134,46.968711853027344,722900,0.0,0.0
2024-06-27 00:00:00-04:00,47.03702549454152,47.378579164452304,46.82233248908,47.34930419921875,675200,0.0,0.0
2024-06-28 00:00:00-04:00,47.47494095188159,47.60354298801559,46.90116408757155,47.02976989746094,719900,0.657,0.0
2024-07-01 00:00:00-04:00,47.28697960568938,47.603544862687286,46.772560119628906,46.772560119628906,512800,0.0,0.0
2024-07-02 00:00:00-04:00,46.69342065623786,47.56397699918832,46.60438644191616,47.50461959838867,3027900,0.0,0.0
2024-07-03 00:00:00-04:00,47.603544574638356,48.20699827143772,47.583758774476266,47.93989562988281,444200,0.0,0.0
2024-07-05 00:00:00-04:00,48.03882248038902,48.20699611360574,47.70247144020025,47.75193405151367,603700,0.0,0.0
2024-07-08 00:00:00-04:00,47.751933513210986,47.96957352904304,47.52440248472989,47.74203872680664,446400,0.0,0.0
2024-07-09 00:00:00-04:00,47.53429545680328,48.16742595758918,47.53429545680328,47.99925231933594,708800,0.0,0.0
2024-07-10 00:00:00-04:00,48.11796466368927,48.49388732399309,48.04871624912746,48.464210510253906,2228900,0.0,0.0
2024-07-11 00:00:00-04:00,48.820342520678295,48.84012832065365,48.434528855547654,48.81045150756836,2358700,0.0,0.0
2024-07-12 00:00:00-04:00,48.968733030583586,49.18637305165457,47.91021728515625,47.91021728515625,3104800,0.0,0.0
2024-07-15 00:00:00-04:00,48.47410154818736,49.354548911282116,48.42463893401175,49.34465789794922,2530900,0.0,0.0
2024-07-16 00:00:00-04:00,49.344656829774024,49.80960992146648,49.235836816690004,49.69089889526367,1225800,0.0,0.0
2024-07-17 00:00:00-04:00,49.40400956617901,49.76014641212853,49.35454695396501,49.45347595214844,663100,0.0,0.0
2024-07-18 00:00:00-04:00,49.43369217929662,49.8096110665401,49.20616113477907,49.493045806884766,807600,0.0,0.0
2024-07-19 00:00:00-04:00,49.3743327536017,49.69089800027783,49.11712490583562,49.45347595214844,835300,0.0,0.0
2024-07-22 00:00:00-04:00,49.591972932859846,50.21520864148926,49.394118709622,50.11628341674805,955800,0.0,0.0
2024-07-23 00:00:00-04:00,49.967891310216864,50.39327656514418,49.77993187557088,50.10639190673828,818600,0.0,0.0
2024-07-24 00:00:00-04:00,49.81950284364165,50.3537081021927,49.53261441511365,49.58207702636719,869400,0.0,0.0
2024-07-25 00:00:00-04:00,49.48315383433489,50.25478116806775,49.423796434141785,49.98767852783203,1087800,0.0,0.0
2024-07-26 00:00:00-04:00,50.155856616848126,50.7988781456986,50.10639400289894,50.66038131713867,1134300,0.0,0.0
2024-07-29 00:00:00-04:00,50.69006122818503,50.77909544160784,50.15585594764812,50.35371017456055,699600,0.0,0.0
2024-07-30 00:00:00-04:00,50.45263586065464,51.08576637353648,50.31413903268118,50.72962951660156,801200,0.0,0.0
2024-07-31 00:00:00-04:00,51.046192992241465,51.4715782483231,50.739522533500335,51.13522720336914,765500,0.0,0.0
2024-08-01 00:00:00-04:00,50.98684016854052,51.16490859359406,49.83929019250406,49.977787017822266,1299800,0.0,0.0
2024-08-02 00:00:00-04:00,49.334761253679964,49.41390445238609,48.652168146739065,49.235836029052734,1650900,0.0,0.0
2024-08-05 00:00:00-04:00,47.207838383752204,48.26635412917954,47.039660974627694,47.91021728515625,1065100,0.0,0.0
2024-08-06 00:00:00-04:00,47.959679039070274,49.404008415097636,47.83107323130596,49.28529739379883,983400,0.0,0.0
2024-08-07 00:00:00-04:00,49.95800011441785,49.95800011441785,48.90937538712764,49.077552795410156,980500,0.0,0.0
2024-08-08 00:00:00-04:00,49.46336609975524,50.28445978841374,49.30508347918624,50.09649658203125,709200,0.0,0.0
2024-08-09 00:00:00-04:00,50.165744687473286,50.52188152502572,50.037142653500155,50.383384704589844,614500,0.0,0.0
2024-08-12 00:00:00-04:00,50.45263654640941,50.54167076185329,49.94811184139777,50.15585708618164,715500,0.0,0.0
2024-08-13 00:00:00-04:00,50.49220461932946,50.64059245219704,50.28445938906165,50.60102462768555,744100,0.0,0.0
2024-08-14 00:00:00-04:00,50.71973633658021,51.016515780095546,50.64059313897326,50.90769577026367,653400,0.0,0.0
2024-08-15 00:00:00-04:00,51.28362099565353,51.5210468266833,50.88791253518909,50.95716094970703,1288700,0.0,0.0
2024-08-16 00:00:00-04:00,51.02641106847836,52.075032030795256,50.99673048220618,52.01567840576172,929300,0.0,0.0
2024-08-19 00:00:00-04:00,52.11460502362079,52.7873071328631,51.8376113693759,52.629024505615234,663400,0.0,0.0
2024-08-20 00:00:00-04:00,52.490526546625816,52.89612600606215,52.391597548131934,52.82687759399414,1054000,0.0,0.0
2024-08-21 00:00:00-04:00,52.925802606008205,53.14344262806455,52.72794838357111,52.89612579345703,852600,0.0,0.0
2024-08-22 00:00:00-04:00,52.787305643386254,53.13354770142261,52.648808820171716,53.11376190185547,684700,0.0,0.0
2024-08-23 00:00:00-04:00,53.32151036742296,54.013994476443614,53.30172456805732,53.8359260559082,1075000,0.0,0.0
2024-08-26 00:00:00-04:00,53.984318317567805,54.0832435418378,53.816144681557724,53.99421310424805,3867400,0.0,0.0
2024-08-27 00:00:00-04:00,53.87549888400927,54.59766359543494,53.80625047152704,54.518524169921875,936500,0.0,0.0
2024-08-28 00:00:00-04:00,54.46906219167684,55.032944284888664,53.89528531156348,53.94474792480469,1316300,0.0,0.0
2024-08-29 00:00:00-04:00,55.40886398346496,57.39729351944748,55.30993875552044,56.892765045166016,2145800,0.0,0.0
2024-08-30 00:00:00-04:00,57.36761500131851,58.47559337115035,57.11040337829612,57.812782287597656,1664400,0.0,0.0
2024-09-03 00:00:00-04:00,57.42696854325766,57.42696854325766,56.80372906011612,57.298362731933594,1480200,0.0,0.0
2024-09-04 00:00:00-04:00,57.38739882722282,58.386560990388915,57.05104776839793,58.28763198852539,1261700,0.0,0.0
2024-09-05 00:00:00-04:00,58.722911795821304,59.207650694716484,58.34698913787313,59.08893966674805,2545100,0.0,0.0
2024-09-06 00:00:00-04:00,58.970226598892175,59.83088812596368,58.17881348355312,58.6833381652832,1479900,0.0,0.0
2024-09-09 00:00:00-04:00,59.13840101036861,59.91992312303206,58.99990418508759,59.870460510253906,782700,0.0,0.0
2024-09-10 00:00:00-04:00,59.919923225121885,60.206811662981636,59.1384011111269,59.6528205871582,979000,0.0,0.0
2024-09-11 00:00:00-04:00,59.46486001096926,60.59262416717792,59.46486001096926,60.582733154296875,2319200,0.0,0.0
2024-09-12 00:00:00-04:00,60.40466728949721,60.543164118227146,59.93971041554194,60.26616668701172,2613200,0.0,0.0
2024-09-13 00:00:00-04:00,60.41455511329662,60.88940297548273,60.285949304656,60.79047775268555,2065800,0.0,0.0
2024-09-16 00:00:00-04:00,61.23564909048929,61.23564909048929,60.543161206389414,60.8696174621582,1097300,0.0,0.0
2024-09-17 00:00:00-04:00,60.91908645629883,61.18618532529526,60.64208902654372,60.91908645629883,1323700,0.0,0.0
2024-09-18 00:00:00-04:00,60.93886779922332,60.93886779922332,60.15734945374026,60.24638366699219,949700,0.0,0.0
2024-09-19 00:00:00-04:00,60.92897775145119,61.21586619578128,60.35520086279101,60.998226165771484,832900,0.0,0.0
2024-09-20 00:00:00-04:00,61.126829195837466,61.344465442174986,60.56294711991984,61.018009185791016,1304700,0.0,0.0
2024-09-23 00:00:00-04:00,61.12683187268401,61.12683187268401,60.493701357875594,60.84983444213867,784900,0.0,0.0
2024-09-24 00:00:00-04:00,60.96854885558056,61.21586569721178,60.81026622788679,60.98833465576172,673500,0.0,0.0
2024-09-25 00:00:00-04:00,60.97843880354776,61.423609865458275,60.86961879133014,61.33457565307617,923600,0.0,0.0
2024-09-26 00:00:00-04:00,61.43350180994013,61.99738390565776,61.2950049827471,61.57200241088867,3910700,0.0,0.0
2024-09-27 00:00:00-04:00,61.58000183105469,61.779998779296875,61.18000030517578,61.209999084472656,1024400,0.668,0.0
2024-09-30 00:00:00-04:00,61.0,61.47999954223633,60.86000061035156,61.34000015258789,729300,0.0,0.0
2024-10-01 00:00:00-04:00,61.209999084472656,61.400001525878906,60.22999954223633,60.439998626708984,1844400,0.0,0.0
2024-10-02 00:00:00-04:00,60.40999984741211,61.02000045776367,60.34000015258789,60.900001525878906,1196800,0.0,0.0
2024-10-03 00:00:00-04:00,61.02000045776367,61.02000045776367,59.86000061035156,59.9900016784668,1287300,0.0,0.0
2024-10-04 00:00:00-04:00,60.34000015258789,60.630001068115234,60.16999816894531,60.2400016784668,589800,0.0,0.0
2024-10-07 00:00:00-04:00,60.22999954223633,60.380001068115234,59.5099983215332,59.81999969482422,690300,0.0,0.0
2024-10-08 00:00:00-04:00,59.81999969482422,60.13999938964844,59.72999954223633,60.06999969482422,738700,0.0,0.0
2024-10-09 00:00:00-04:00,59.900001525878906,60.29999923706055,59.72999954223633,60.279998779296875,497900,0.0,0.0
2024-10-10 00:00:00-04:00,60.029998779296875,60.029998779296875,59.150001525878906,59.58000183105469,1961800,0.0,0.0
2024-10-11 00:00:00-04:00,59.68000030517578,61.099998474121094,59.68000030517578,60.959999084472656,2508200,0.0,0.0
2024-10-14 00:00:00-04:00,60.970001220703125,61.33000183105469,60.099998474121094,60.52000045776367,1483000,0.0,0.0
2024-10-15 00:00:00-04:00,60.7400016784668,61.56999969482422,60.63999938964844,61.459999084472656,3636100,0.0,0.0
2024-10-16 00:00:00-04:00,61.779998779296875,62.560001373291016,61.630001068115234,62.470001220703125,1196800,0.0,0.0
2024-10-17 00:00:00-04:00,62.31999969482422,63.02000045776367,62.31999969482422,62.63999938964844,984300,0.0,0.0
2024-10-18 00:00:00-04:00,62.38999938964844,62.9900016784668,62.38999938964844,62.65999984741211,551800,0.0,0.0
2024-10-21 00:00:00-04:00,62.54999923706055,62.650001525878906,62.040000915527344,62.380001068115234,959100,0.0,0.0
2024-10-22 00:00:00-04:00,62.130001068115234,62.68000030517578,62.130001068115234,62.5099983215332,643800,0.0,0.0
2024-10-23 00:00:00-04:00,62.369998931884766,62.86000061035156,62.18000030517578,62.7599983215332,697000,0.0,0.0
2024-10-24 00:00:00-04:00,62.7599983215332,63.150001525878906,62.61000061035156,63.04999923706055,796800,0.0,0.0
2024-10-25 00:00:00-04:00,63.2599983215332,63.36000061035156,62.650001525878906,62.810001373291016,1084600,0.0,0.0
2024-10-28 00:00:00-04:00,62.97999954223633,63.529998779296875,62.7599983215332,63.29999923706055,696200,0.0,0.0
2024-10-29 00:00:00-04:00,63.34000015258789,63.459999084472656,62.93000030517578,63.16999816894531,760400,0.0,0.0
2024-10-30 00:00:00-04:00,63.02000045776367,63.470001220703125,62.790000915527344,63.290000915527344,515700,0.0,0.0
2024-10-31 00:00:00-04:00,63.43000030517578,63.43000030517578,62.43000030517578,62.560001373291016,838300,0.0,0.0
2024-11-01 00:00:00-04:00,62.900001525878906,63.290000915527344,62.66999816894531,62.95000076293945,593900,0.0,0.0
2024-11-04 00:00:00-05:00,63.220001220703125,63.75,62.939998626708984,63.20000076293945,633700,0.0,0.0
2024-11-05 00:00:00-05:00,63.40999984741211,63.86000061035156,63.29999923706055,63.77000045776367,498300,0.0,0.0
2024-11-06 00:00:00-05:00,64.0199966430664,64.0199966430664,62.72999954223633,63.5,1072700,0.0,0.0
2024-11-07 00:00:00-05:00,63.790000915527344,64.79000091552734,63.790000915527344,64.63999938964844,832300,0.0,0.0
2024-11-08 00:00:00-05:00,64.19999694824219,64.4800033569336,63.849998474121094,64.33000183105469,633500,0.0,0.0
2024-11-11 00:00:00-05:00,64.7699966430664,65.08999633789062,64.16999816894531,64.51000213623047,783700,0.0,0.0
2024-11-12 00:00:00-05:00,64.73999786376953,64.73999786376953,63.90999984741211,64.44999694824219,628900,0.0,0.0
2024-11-13 00:00:00-05:00,64.41999816894531,64.66000366210938,63.93000030517578,64.01000213623047,464500,0.0,0.0
2024-11-14 00:00:00-05:00,64.06999969482422,64.25,63.40999984741211,63.900001525878906,512000,0.0,0.0
2024-11-15 00:00:00-05:00,63.880001068115234,64.01000213623047,62.83000183105469,63.58000183105469,925700,0.0,0.0
2024-11-18 00:00:00-05:00,63.630001068115234,64.11000061035156,63.220001220703125,64.01000213623047,676100,0.0,0.0
2024-11-19 00:00:00-05:00,63.72999954223633,64.47000122070312,63.40999984741211,64.33000183105469,481700,0.0,0.0
2024-11-20 00:00:00-05:00,64.5199966430664,64.91000366210938,64.36000061035156,64.88999938964844,781800,0.0,0.0
2024-11-21 00:00:00-05:00,64.87999725341797,65.48999786376953,64.61000061035156,65.20999908447266,809300,0.0,0.0
2024-11-22 00:00:00-05:00,65.12000274658203,65.54000091552734,64.94000244140625,65.41999816894531,531200,0.0,0.0
2024-11-25 00:00:00-05:00,65.54000091552734,65.88999938964844,65.1500015258789,65.41000366210938,1030800,0.0,0.0
2024-11-26 00:00:00-05:00,64.48999786376953,64.95999908447266,63.650001525878906,64.7300033569336,804600,0.0,0.0
2024-11-27 00:00:00-05:00,64.80000305175781,65.16000366210938,64.58000183105469,64.68000030517578,839400,0.0,0.0
2024-11-29 00:00:00-05:00,64.37000274658203,64.80000305175781,64.31999969482422,64.76000213623047,263800,0.0,0.0
2024-12-02 00:00:00-05:00,64.9800033569336,64.9800033569336,64.05999755859375,64.06999969482422,917400,0.0,0.0
2024-12-03 00:00:00-05:00,64.44999694824219,64.76000213623047,63.310001373291016,63.470001220703125,1119600,0.0,0.0
2024-12-04 00:00:00-05:00,63.5,64.06999969482422,63.41999816894531,63.619998931884766,1149300,0.0,0.0
2024-12-05 00:00:00-05:00,64.69000244140625,67.12000274658203,64.69000244140625,66.58000183105469,2132100,0.0,0.0
2024-12-06 00:00:00-05:00,66.41000366210938,67.13999938964844,66.0,66.66000366210938,1114500,0.0,0.0
2024-12-09 00:00:00-05:00,66.77999877929688,66.80999755859375,65.93000030517578,66.18000030517578,1110300,0.0,0.0
2024-12-10 00:00:00-05:00,66.31999969482422,66.69000244140625,66.11000061035156,66.4800033569336,1258000,0.0,0.0
2024-12-11 00:00:00-05:00,66.69999694824219,67.44999694824219,66.61000061035156,67.30999755859375,1748100,0.0,0.0
2024-12-12 00:00:00-05:00,67.19000244140625,67.25,66.30000305175781,66.30999755859375,1377000,0.0,0.0
2024-12-13 00:00:00-05:00,66.63999938964844,66.63999938964844,65.73999786376953,66.1500015258789,1333300,0.0,0.0
2024-12-16 00:00:00-05:00,66.08999633789062,66.30000305175781,65.80999755859375,66.16000366210938,906300,0.0,0.0
2024-12-17 00:00:00-05:00,65.76000213623047,65.88999938964844,65.45999908447266,65.76000213623047,637500,0.0,0.0
2024-12-18 00:00:00-05:00,65.5999984741211,65.6500015258789,63.810001373291016,64.08999633789062,1446200,0.0,0.0
2024-12-19 00:00:00-05:00,64.8499984741211,64.8499984741211,63.75,63.779998779296875,766400,0.0,0.0
2024-12-20 00:00:00-05:00,63.45000076293945,64.58999633789062,63.209999084472656,64.37000274658203,845300,0.0,0.0
2024-12-23 00:00:00-05:00,64.11000061035156,64.30999755859375,63.529998779296875,64.27999877929688,542600,0.0,0.0
2024-12-24 00:00:00-05:00,64.16999816894531,64.47000122070312,64.11000061035156,64.37000274658203,3326500,0.0,0.0
2024-12-26 00:00:00-05:00,64.12999725341797,64.47000122070312,64.06999969482422,64.44999694824219,381000,0.0,0.0
2024-12-27 00:00:00-05:00,63.2599983215332,63.459999084472656,62.599998474121094,62.88999938964844,770900,0.0,0.0
2024-12-30 00:00:00-05:00,62.68000030517578,63.630001068115234,62.58000183105469,63.38999938964844,621000,0.0,0.0
2024-12-31 00:00:00-05:00,63.400001525878906,63.56999969482422,63.060001373291016,63.22999954223633,313800,0.0,0.0
2025-01-02 00:00:00-05:00,63.16999816894531,63.290000915527344,62.70000076293945,62.7599983215332,607100,0.0,0.0
2025-01-03 00:00:00-05:00,63.25,63.279998779296875,62.34000015258789,62.70000076293945,521800,0.0,0.0
2025-01-06 00:00:00-05:00,63.540000915527344,63.59000015258789,62.97999954223633,63.18000030517578,688800,0.0,0.0
2025-01-07 00:00:00-05:00,63.650001525878906,63.709999084472656,62.22999954223633,62.5,1066200,0.0,0.0
2025-01-08 00:00:00-05:00,62.5,63.380001068115234,62.43000030517578,63.04999923706055,2480500,0.0,0.0
2025-01-10 00:00:00-05:00,62.93000030517578,63.119998931884766,61.970001220703125,62.04999923706055,974600,0.0,0.0
2025-01-13 00:00:00-05:00,61.790000915527344,61.959999084472656,61.310001373291016,61.83000183105469,3118900,0.0,0.0
2025-01-14 00:00:00-05:00,61.939998626708984,62.060001373291016,61.369998931884766,61.720001220703125,929600,0.0,0.0
2025-01-15 00:00:00-05:00,62.130001068115234,62.5099983215332,62.04999923706055,62.40999984741211,1186900,0.0,0.0
2025-01-16 00:00:00-05:00,62.2400016784668,62.93000030517578,62.18000030517578,62.720001220703125,825300,0.0,0.0
2025-01-17 00:00:00-05:00,62.56999969482422,63.11000061035156,62.27000045776367,62.65999984741211,1632800,0.0,0.0
2025-01-21 00:00:00-05:00,63.0,63.540000915527344,62.939998626708984,63.349998474121094,1530200,0.0,0.0
2025-01-22 00:00:00-05:00,63.20000076293945,63.75,63.20000076293945,63.630001068115234,779000,0.0,0.0
2025-01-23 00:00:00-05:00,63.779998779296875,64.61000061035156,63.5,63.63999938964844,828900,0.0,0.0
2025-01-24 00:00:00-05:00,63.77000045776367,63.869998931884766,63.47999954223633,63.599998474121094,978800,0.0,0.0
2025-01-27 00:00:00-05:00,63.290000915527344,63.72999954223633,63.119998931884766,63.650001525878906,658500,0.0,0.0
2025-01-28 00:00:00-05:00,63.650001525878906,64.87999725341797,63.650001525878906,64.5199966430664,736500,0.0,0.0
2025-01-29 00:00:00-05:00,64.45999908447266,64.47000122070312,63.849998474121094,64.2300033569336,615500,0.0,0.0
2025-01-30 00:00:00-05:00,64.62999725341797,64.7300033569336,63.54999923706055,63.79999923706055,687495,0.0,0.0
