Date,Open,High,Low,Close,Volume,Dividends,Stock Splits
2022-01-03 00:00:00-05:00,39.96492779301764,40.528606570124055,39.85218917057055,39.99311065673828,332600,0.0,0.0
2022-01-04 00:00:00-05:00,40.35950735602623,40.79166137905203,40.152827022804125,40.19040298461914,458300,0.0,0.0
2022-01-05 00:00:00-05:00,40.18101314518683,40.28435511206101,38.72483968124537,38.743629455566406,475300,0.0,0.0
2022-01-06 00:00:00-05:00,38.884544372558594,39.31669839708817,38.36783816203125,38.884544372558594,442600,0.0,0.0
2022-01-07 00:00:00-05:00,38.63088907365088,39.36367590410925,38.63088907365088,39.08183288574219,470700,0.0,0.0
2022-01-10 00:00:00-05:00,38.546338177434954,39.081834196236095,38.06721148095398,39.07244110107422,506800,0.0,0.0
2022-01-11 00:00:00-05:00,39.156993140559564,39.156993140559564,37.62566060274845,38.273895263671875,822900,0.0,0.0
2022-01-12 00:00:00-05:00,38.536947734384206,39.185178858653934,38.32087069296096,38.518157958984375,503700,0.0,0.0
2022-01-13 00:00:00-05:00,38.828184595810036,39.476415732073406,38.790605044315065,39.194576263427734,343800,0.0,0.0
2022-01-14 00:00:00-05:00,38.85636635115011,39.373072626118805,37.96387173959518,38.25510787963867,740200,0.0,0.0
2022-01-18 00:00:00-05:00,38.358443286774836,39.420038525952044,38.16115247275041,38.987884521484375,877200,0.0,0.0
2022-01-19 00:00:00-05:00,39.11001825125279,39.47640986441107,37.94507741454537,37.9638671875,737800,0.0,0.0
2022-01-20 00:00:00-05:00,38.00144680646932,38.29267932836902,36.958637700070724,37.01500701904297,637200,0.0,0.0
2022-01-21 00:00:00-05:00,36.87408128066518,37.155920675608066,36.46071707366777,36.60163497924805,560600,0.0,0.0
2022-01-24 00:00:00-05:00,35.90643919907459,36.70498492266297,35.1830489914109,36.62982940673828,1145600,0.0,0.0
2022-01-25 00:00:00-05:00,36.188278992342156,36.79893055612956,35.568230749112224,36.32919692993164,665700,0.0,0.0
2022-01-26 00:00:00-05:00,36.9210643215713,37.70082390391993,36.169491195308574,36.43254089355469,1008800,0.0,0.0
2022-01-27 00:00:00-05:00,36.808325742783055,37.32503199388873,36.197670619978055,36.460723876953125,725900,0.0,0.0
2022-01-28 00:00:00-05:00,36.46072694538846,36.56406533727986,35.83128199527123,36.55467224121094,574200,0.0,0.0
2022-01-31 00:00:00-05:00,36.28222902651033,37.47535302306,36.24465305517815,37.41898727416992,491800,0.0,0.0
2022-02-01 00:00:00-05:00,37.43776710537289,38.12358132643914,37.27805939894858,38.00144958496094,617400,0.0,0.0
2022-02-02 00:00:00-05:00,38.21752539184139,38.68725898457908,38.208128713068206,38.57452392578125,702500,0.0,0.0
2022-02-03 00:00:00-05:00,38.34905473075836,38.59331823460353,37.625664482883565,37.916900634765625,517500,0.0,0.0
2022-02-04 00:00:00-05:00,37.68202833366367,38.170551686563144,37.5411068262528,38.04841995239258,249000,0.0,0.0
2022-02-07 00:00:00-05:00,38.161157226229314,38.161157226229314,37.306242204907655,37.82294845581055,260900,0.0,0.0
2022-02-08 00:00:00-05:00,38.020243039528275,38.47118691657841,37.41898453679477,38.35845184326172,378600,0.0,0.0
2022-02-09 00:00:00-05:00,38.63089686783918,39.335497388351676,38.63089686783918,39.316707611083984,339400,0.0,0.0
2022-02-10 00:00:00-05:00,38.77181937013815,39.373077922530044,38.3678481082904,38.48058319091797,304300,0.0,0.0
2022-02-11 00:00:00-05:00,38.28329220434111,38.28329220434111,36.526489369220855,36.55467224121094,356400,0.0,0.0
2022-02-14 00:00:00-05:00,36.63922078111441,36.73316606755281,36.01917257278534,36.37617111206055,521800,0.0,0.0
2022-02-15 00:00:00-05:00,36.874084670813,37.13713431910643,36.74255984666628,37.08076858520508,283500,0.0,0.0
2022-02-16 00:00:00-05:00,36.98682449147232,37.56929676462974,36.88348252095138,37.428375244140625,633300,0.0,0.0
2022-02-17 00:00:00-05:00,37.249873293786,37.67263063702775,36.535876265081875,36.573455810546875,572100,0.0,0.0
2022-02-18 00:00:00-05:00,36.55466487577343,36.63921705849049,35.417910539963984,35.66217041015625,438600,0.0,0.0
2022-02-22 00:00:00-05:00,35.40851906436347,36.54527715097246,35.40851906436347,36.06614685058594,600800,0.0,0.0
2022-02-23 00:00:00-05:00,37.851136221824845,38.6121023978733,37.240481078082844,37.428375244140625,2456700,0.0,0.0
2022-02-24 00:00:00-05:00,36.76135578768953,36.76135578768953,34.873024541918284,36.67680358886719,1248600,0.0,0.0
2022-02-25 00:00:00-05:00,36.90226892202975,36.911665600554244,35.81248715907112,36.714378356933594,727500,0.0,0.0
2022-02-28 00:00:00-05:00,36.084939856441,37.024407182652716,36.0003876537306,36.93046188354492,831200,0.0,0.0
2022-03-01 00:00:00-05:00,37.03379507730128,37.19350636389169,35.6152011908413,35.784305572509766,1375000,0.0,0.0
2022-03-02 00:00:00-05:00,36.16948500430852,37.36260870593314,36.09432591265528,37.193504333496094,984400,0.0,0.0
2022-03-03 00:00:00-05:00,37.17471776828139,37.44716412335888,35.511860351689094,35.56822967529297,836700,0.0,0.0
2022-03-04 00:00:00-05:00,34.94817805789262,35.27699012086872,34.16841861743114,34.31873321533203,739000,0.0,0.0
2022-03-07 00:00:00-05:00,34.309341764706815,34.694523164269185,33.36987458686857,33.416847229003906,964800,0.0,0.0
2022-03-08 00:00:00-05:00,33.53897480511187,33.83960397802479,32.5337453362251,33.181976318359375,1058900,0.0,0.0
2022-03-09 00:00:00-05:00,34.20600808779865,34.75090090315539,33.97114123644497,34.68513488769531,570400,0.0,0.0
2022-03-10 00:00:00-05:00,34.25297217129022,35.34275394555881,33.94294986863785,35.07970428466797,821100,0.0,0.0
2022-03-11 00:00:00-05:00,35.380337452772764,35.69036337391068,35.042128660179856,35.10789108276367,746400,0.0,0.0
2022-03-14 00:00:00-04:00,35.12667803835678,35.7279364730159,34.35631522097691,34.47844696044922,547500,0.0,0.0
2022-03-15 00:00:00-04:00,34.57239894530373,35.023342858667874,33.764456423274105,33.95235061645508,746800,0.0,0.0
2022-03-16 00:00:00-04:00,34.47053351556963,35.46160781564467,34.338390755642315,35.18788146972656,636600,0.169,0.0
2022-03-17 00:00:00-04:00,35.16900541399564,35.57487454287339,35.03686264656947,35.56543731689453,512600,0.0,0.0
2022-03-18 00:00:00-04:00,35.461611088839206,36.575391026202894,35.169006664406204,36.51875686645508,471000,0.0,0.0
2022-03-21 00:00:00-04:00,36.65090663988421,36.65090663988421,36.037382454528206,36.33942413330078,457000,0.0,0.0
2022-03-22 00:00:00-04:00,36.68865871675973,36.707536771538074,36.01850397492203,36.16008758544922,471100,0.0,0.0
2022-03-23 00:00:00-04:00,35.933553201222836,36.094014860600375,35.36722598127768,35.37666320800781,290800,0.0,0.0
2022-03-24 00:00:00-04:00,35.54656180940886,35.54656180940886,34.687630159019854,35.45217514038086,543800,0.0,0.0
2022-03-25 00:00:00-04:00,35.52768691642681,36.46213086567348,35.52768691642681,36.28279113769531,538800,0.0,0.0
2022-03-28 00:00:00-04:00,36.19783601033306,36.66977652468223,35.62207160734819,36.57538986206055,482000,0.0,0.0
2022-03-29 00:00:00-04:00,36.9906917880911,37.670287199557315,36.9906917880911,37.65140914916992,511800,0.0,0.0
2022-03-30 00:00:00-04:00,37.38712553575146,37.660851879281736,36.679214813213235,36.68865203857422,528700,0.0,0.0
2022-03-31 00:00:00-04:00,36.54707735668064,36.75472875032951,35.30115459230476,35.37666320800781,752200,0.0,0.0
2022-04-01 00:00:00-04:00,35.4332987121027,35.61263483173194,34.479976748327424,34.64987564086914,998700,0.0,0.0
2022-04-04 00:00:00-04:00,34.58380771802734,36.22616264377937,34.58380771802734,35.82029342651367,587500,0.0,0.0
2022-04-05 00:00:00-04:00,35.7825294979038,36.17896140055111,34.70650570597883,34.72538375854492,720300,0.0,0.0
2022-04-06 00:00:00-04:00,34.53661325750607,34.659318821699436,33.77206818916116,34.11186599731445,597600,0.0,0.0
2022-04-07 00:00:00-04:00,33.91364939153241,34.35727467617294,33.564414380549856,34.055233001708984,512800,0.0,0.0
2022-04-08 00:00:00-04:00,34.14962057621844,34.14962057621844,33.413394425355435,33.4889030456543,626600,0.0,0.0
2022-04-11 00:00:00-04:00,33.17742041258107,33.800381762773604,32.639408501079366,32.733795166015625,749600,0.0,0.0
2022-04-12 00:00:00-04:00,33.016963625340765,33.62104701141252,32.7621152717253,33.00752639770508,464600,0.0,0.0
2022-04-13 00:00:00-04:00,32.96032884008752,33.696558603611145,32.87538299109499,33.49834442138672,322600,0.0,0.0
2022-04-14 00:00:00-04:00,33.5455334995474,33.89476848110629,33.36619379501733,33.65879821777344,319600,0.0,0.0
2022-04-18 00:00:00-04:00,33.53609151503944,33.941960642011445,33.507776236615456,33.715431213378906,335100,0.0,0.0
2022-04-19 00:00:00-04:00,33.65879735224716,34.62155643396259,33.61160402091825,34.47997283935547,503300,0.0,0.0
2022-04-20 00:00:00-04:00,34.61211223506507,35.622068150329746,34.61211223506507,35.074615478515625,524300,0.0,0.0
2022-04-21 00:00:00-04:00,35.546556980698796,35.56543503206409,33.93252139547754,34.092979431152344,411100,0.0,0.0
2022-04-22 00:00:00-04:00,33.753184378978474,34.25344377819799,33.18685719568216,33.39451217651367,526300,0.0,0.0
2022-04-25 00:00:00-04:00,33.045275288047016,33.70599276940004,32.75267445532854,33.68711471557617,391200,0.0,0.0
2022-04-26 00:00:00-04:00,33.31900544831258,33.37563961621054,32.12027589912999,32.16747283935547,348200,0.0,0.0
2022-04-27 00:00:00-04:00,32.195783862089534,32.62996828998269,32.13914970168674,32.32792663574219,472600,0.0,0.0
2022-04-28 00:00:00-04:00,32.66772754259011,32.922575888011984,32.02588806536928,32.64884948730469,499400,0.0,0.0
2022-04-29 00:00:00-04:00,32.58278217273618,32.82818972092432,31.931505386658106,31.97869873046875,378700,0.0,0.0
2022-05-02 00:00:00-04:00,31.84655217274947,32.27129581758808,31.41236409926812,32.06364440917969,561500,0.0,0.0
2022-05-03 00:00:00-04:00,32.129710036832755,33.101906312597386,32.129710036832755,33.026397705078125,591600,0.0,0.0
2022-05-04 00:00:00-04:00,33.167979637966646,33.781503762880256,32.384560236024214,33.65879821777344,825600,0.0,0.0
2022-05-05 00:00:00-04:00,33.46058600868141,33.49834211716161,29.562356023307576,29.75113296508789,1790100,0.0,0.0
2022-05-06 00:00:00-04:00,29.458527585541194,29.57179410705814,28.476892200405594,29.184803009033203,857400,0.0,0.0
2022-05-09 00:00:00-04:00,28.703424601398698,29.40189641139281,28.042707099893548,28.203166961669922,1202400,0.0,0.0
2022-05-10 00:00:00-04:00,28.590158106857864,29.17536335455998,28.363625068697424,28.4580135345459,756300,0.0,0.0
2022-05-11 00:00:00-04:00,28.599598016784295,29.19424414721068,27.702912007859553,27.759544372558594,704200,0.0,0.0
2022-05-12 00:00:00-04:00,27.533016566688786,28.47689783150457,27.533016566688786,28.00495719909668,1193300,0.0,0.0
2022-05-13 00:00:00-04:00,28.420260885798815,29.864397836351447,28.420260885798815,29.25087547302246,851300,0.0,0.0
2022-05-16 00:00:00-04:00,29.005462698393043,29.807761908468002,28.90163701260226,29.46796417236328,1347700,0.0,0.0
2022-05-17 00:00:00-04:00,30.185316120456292,30.695012761289604,29.618987119633815,29.807764053344727,914100,0.0,0.0
2022-05-18 00:00:00-04:00,29.071536764081145,29.19424231358435,28.222044145708633,28.476892471313477,777100,0.0,0.0
2022-05-19 00:00:00-04:00,28.288113919129188,29.231994952403824,28.108777819030347,28.90163803100586,1365700,0.0,0.0
2022-05-20 00:00:00-04:00,29.39245514062576,29.486843605108888,28.741178516343652,28.911075592041016,1637400,0.0,0.0
2022-05-23 00:00:00-04:00,29.00546480157201,29.401894922335853,28.77893356117985,28.967710494995117,766800,0.0,0.0
2022-05-24 00:00:00-04:00,28.665666542341175,28.712859871855265,27.8822453903605,27.99551010131836,1533000,0.0,0.0
2022-05-25 00:00:00-04:00,27.567385285972797,28.507182264727255,27.3965127788125,28.042030334472656,746100,0.169,0.0
2022-05-26 00:00:00-04:00,28.345801132594737,29.114725556901387,28.317321779610396,28.744503021240234,547900,0.0,0.0
2022-05-27 00:00:00-04:00,28.915373583038125,29.465963541274256,28.915373583038125,29.314075469970703,443400,0.0,0.0
2022-05-31 00:00:00-04:00,29.257120416023504,30.31083300007551,29.04827724710758,29.883651733398438,1429100,0.0,0.0
2022-06-01 00:00:00-04:00,30.377278799713512,30.548151282662207,29.57987508637088,29.684297561645508,641300,0.0,0.0
2022-06-02 00:00:00-04:00,29.636833464326404,30.48170280456543,29.636833464326404,30.48170280456543,489100,0.0,0.0
2022-06-03 00:00:00-04:00,30.168438899363366,30.30133892898268,29.65582139547097,29.77923011779785,639100,0.0,0.0
2022-06-06 00:00:00-04:00,29.950099243148887,30.272857993036002,29.58936983419524,29.836185455322266,488900,0.0,0.0
2022-06-07 00:00:00-04:00,29.598865307131092,30.244382858276367,29.41849968298705,30.244382858276367,385800,0.0,0.0
2022-06-08 00:00:00-04:00,29.97857998741617,30.548154384877392,29.883650619401447,29.99756622314453,484900,0.0,0.0
2022-06-09 00:00:00-04:00,29.66531385850863,29.902636369376697,29.143205058849702,29.162189483642578,393000,0.0,0.0
2022-06-10 00:00:00-04:00,28.59261653682926,28.896389057117283,27.709776518100295,27.757240295410156,1050900,0.0,0.0
2022-06-13 00:00:00-04:00,26.978823648942754,27.330061768747164,26.26685610206069,26.589614868164062,782200,0.0,0.0
2022-06-14 00:00:00-04:00,26.665557479830667,26.940850651054483,26.52316433536131,26.750993728637695,453000,0.0,0.0
2022-06-15 00:00:00-04:00,26.988316481443647,27.453468389879063,26.902880231871112,27.168682098388672,727900,0.0,0.0
2022-06-16 00:00:00-04:00,26.494683130058974,26.684541849830417,25.497929377826246,25.896631240844727,879100,0.0,0.0
2022-06-17 00:00:00-04:00,26.020041301356535,26.200406925981877,25.564382491318245,26.133956909179688,699900,0.0,0.0
2022-06-21 00:00:00-04:00,26.798458380172615,27.016794662851517,26.46620649182852,26.64657211303711,401500,0.0,0.0
2022-06-22 00:00:00-04:00,26.228882379091075,26.418741106785728,25.877646086671096,25.92510986328125,651700,0.0,0.0
2022-06-23 00:00:00-04:00,26.086490758327226,26.4472219998364,25.83018200419604,26.437728881835938,704600,0.0,0.0
2022-06-24 00:00:00-04:00,26.494686271385497,27.41549700701041,26.494686271385497,27.197160720825195,553600,0.0,0.0
2022-06-27 00:00:00-04:00,27.368030414276724,27.785718517996944,27.178171691505632,27.443973541259766,444800,0.0,0.0
2022-06-28 00:00:00-04:00,27.491437316639054,27.92811165476178,27.358537297075472,27.443973541259766,1190800,0.0,0.0
2022-06-29 00:00:00-04:00,27.500932766804926,27.500932766804926,26.826937683982308,27.21614646911621,843600,0.0,0.0
2022-06-30 00:00:00-04:00,26.845923063297565,27.462961229017154,26.276348675469073,27.320568084716797,1130700,0.0,0.0
2022-07-01 00:00:00-04:00,27.102229044913134,27.491437803928378,26.769978990115003,27.42498779296875,341600,0.0,0.0
2022-07-05 00:00:00-04:00,26.57062765217006,26.637077664394035,25.90612571930328,26.20040512084961,1125700,0.0,0.0
2022-07-06 00:00:00-04:00,26.07699779436927,26.23837718007623,25.535902739536258,25.93460464477539,1182600,0.0,0.0
2022-07-07 00:00:00-04:00,26.12446166462996,26.63707733154297,26.12446166462996,26.63707733154297,1606200,0.0,0.0
2022-07-08 00:00:00-04:00,26.637076602464433,26.836428441815915,26.22888161721675,26.665555953979492,608300,0.0,0.0
2022-07-11 00:00:00-04:00,26.380772178562196,26.437729076356938,25.687789044446472,25.792211532592773,944300,0.0,0.0
2022-07-12 00:00:00-04:00,25.630829254023556,25.68778614539029,24.9568342427409,25.402999877929688,2396800,0.0,0.0
2022-07-13 00:00:00-04:00,25.127705421806414,25.336550378726262,24.84291914862276,25.241621017456055,1520300,0.0,0.0
2022-07-14 00:00:00-04:00,24.78596241274757,25.061255570481237,24.368274306895238,25.023284912109375,1208100,0.0,0.0
2022-07-15 00:00:00-04:00,25.12770489564574,25.592856764440057,24.947341104698733,25.545392990112305,804900,0.0,0.0
2022-07-18 00:00:00-04:00,25.934604087031673,26.181419719312427,25.60235220470654,25.744747161865234,577200,0.0,0.0
2022-07-19 00:00:00-04:00,26.039026368121103,27.121216446008066,26.039026368121103,27.026287078857422,544000,0.0,0.0
2022-07-20 00:00:00-04:00,27.083247959782863,27.747749961929834,26.893389210239597,27.652820587158203,647900,0.0,0.0
2022-07-21 00:00:00-04:00,27.605355625747613,27.605355625747613,27.15918993719714,27.557891845703125,362100,0.0,0.0
2022-07-22 00:00:00-04:00,27.557891087115735,27.68129799821066,27.045273585735824,27.30158233642578,465200,0.0,0.0
2022-07-25 00:00:00-04:00,27.39651272434477,27.557892112938966,26.959838339066938,27.121217727661133,304500,0.0,0.0
2022-07-26 00:00:00-04:00,26.646573296277737,26.66555953316954,25.602353805382222,25.611846923828125,707000,0.0,0.0
2022-07-27 00:00:00-04:00,25.839674075811164,26.52316405914953,25.76373094550991,26.475698471069336,550900,0.0,0.0
2022-07-28 00:00:00-04:00,26.53265826828702,27.292089602541676,26.437728898848405,27.21614646911621,454000,0.0,0.0
2022-07-29 00:00:00-04:00,27.273102028063008,27.899633300731985,27.178172663283185,27.83318328857422,541700,0.0,0.0
2022-08-01 00:00:00-04:00,27.785723660857474,28.469211930211728,27.690794281901447,27.89014434814453,702000,0.0,0.0
2022-08-02 00:00:00-04:00,27.624341803429843,27.74774871766007,27.320569266284227,27.415496826171875,697600,0.0,0.0
2022-08-03 00:00:00-04:00,27.833184671440907,28.108479661917475,27.453469004082823,27.994564056396484,873800,0.0,0.0
2022-08-04 00:00:00-04:00,28.934361320823673,30.396268919034817,28.74450439043241,29.399513244628906,1280300,0.0,0.0
2022-08-05 00:00:00-04:00,29.28559882391964,29.7127782661595,29.16219010170158,29.494441986083984,1104700,0.0,0.0
2022-08-08 00:00:00-04:00,29.684299197802098,30.092494193872685,29.598862951618624,29.836185455322266,621600,0.0,0.0
2022-08-09 00:00:00-04:00,29.769736125948665,29.769736125948665,28.94385299746483,29.02928924560547,456200,0.0,0.0
2022-08-10 00:00:00-04:00,29.646327759786672,30.12097278371138,29.560891510630057,29.940608978271484,378400,0.0,0.0
2022-08-11 00:00:00-04:00,30.22539526837548,30.643081585777725,29.86466403624154,29.940608978271484,487500,0.0,0.0
2022-08-12 00:00:00-04:00,30.092496746644375,30.472210612029233,29.959594902069792,30.453227996826172,260200,0.0,0.0
2022-08-15 00:00:00-04:00,30.11148049893417,30.624096197427306,29.931116688504854,30.472209930419922,444000,0.0,0.0
2022-08-16 00:00:00-04:00,30.3582965070892,31.639840295577034,30.301339608921012,31.59237289428711,651300,0.0,0.0
2022-08-17 00:00:00-04:00,31.051272038151566,31.288594515278227,30.86141333219951,31.098735809326172,475600,0.0,0.0
2022-08-18 00:00:00-04:00,31.013306360404684,31.57338767385535,30.80446499727784,31.34556007385254,565000,0.0,0.0
2022-08-19 00:00:00-04:00,31.16519493221435,31.16519493221435,30.59561871388131,30.614604949951172,484800,0.0,0.0
2022-08-22 00:00:00-04:00,30.026045213933354,30.149453941491252,29.494443262295583,29.589372634887695,562800,0.0,0.0
2022-08-23 00:00:00-04:00,29.636836499592665,29.78872277191824,29.190670800964682,29.30458641052246,795400,0.0,0.0
2022-08-24 00:00:00-04:00,29.227269751000765,29.72361650105168,29.065002019081977,29.589984893798828,423100,0.169,0.0
2022-08-25 00:00:00-04:00,29.628167145789597,30.305872394747578,29.628167145789597,30.086334228515625,477500,0.0,0.0
2022-08-26 00:00:00-04:00,30.086334054655346,30.296326844542747,28.8359172286244,28.883644104003906,445500,0.0,0.0
2022-08-29 00:00:00-04:00,28.568653681634185,29.05545688136418,28.43502207329054,28.77864646911621,472300,0.0,0.0
2022-08-30 00:00:00-04:00,29.026819154350445,29.055455277669584,28.387293631641825,28.578197479248047,463600,0.0,0.0
2022-08-31 00:00:00-04:00,28.61637733389562,28.855006234586398,28.01503330521623,28.23457145690918,545600,0.0,0.0
2022-09-01 00:00:00-04:00,27.948217794212113,28.62592300531832,27.86231124342484,28.5018367767334,527000,0.0,0.0
2022-09-02 00:00:00-04:00,28.845462420327213,29.131818209001437,28.435022218237506,28.597288131713867,441400,0.0,0.0
2022-09-06 00:00:00-04:00,28.66410560984628,28.88364377228829,28.33002476840307,28.473201751708984,399400,0.0,0.0
2022-09-07 00:00:00-04:00,28.41592714243378,29.246354615806073,28.349111348092773,29.16044807434082,482100,0.0,0.0
2022-09-08 00:00:00-04:00,28.826373203509526,29.599530366093184,28.597287846616336,29.570894241333008,341400,0.0,0.0
2022-09-09 00:00:00-04:00,29.885882032751493,30.477682488120124,29.885882032751493,30.420412063598633,409700,0.0,0.0
2022-09-12 00:00:00-04:00,30.49677658394618,31.985818708512255,30.49677658394618,31.88082504272461,710100,0.0,0.0
2022-09-13 00:00:00-04:00,30.935850768669393,31.508558678087095,30.764037667606463,30.98357582092285,853900,0.0,0.0
2022-09-14 00:00:00-04:00,31.07903118593633,31.29856935069137,30.649498410898957,31.040849685668945,532600,0.0,0.0
2022-09-15 00:00:00-04:00,31.040848480849252,31.422652545138913,30.420413690338936,30.458593368530273,451200,0.0,0.0
2022-09-16 00:00:00-04:00,30.009970217841687,30.06724064263277,29.53271242986339,29.77134132385254,504200,0.0,0.0
2022-09-19 00:00:00-04:00,29.523170905581864,30.47768660601144,29.523170905581864,30.363143920898438,431800,0.0,0.0
2022-09-20 00:00:00-04:00,30.019512306500094,30.11496239717376,29.484982331639916,29.675886154174805,354100,0.0,0.0
2022-09-21 00:00:00-04:00,29.847705341700447,29.933611897371264,28.83591742393171,28.845462799072266,730000,0.0,0.0
2022-09-22 00:00:00-04:00,28.8931881623517,28.8931881623517,27.890945672186227,28.015033721923828,590000,0.0,0.0
2022-09-23 00:00:00-04:00,27.585501519896255,27.585501519896255,26.87916016763498,27.308692932128906,701300,0.0,0.0
2022-09-26 00:00:00-04:00,27.0986993805521,27.7191360246302,26.669168419952843,26.831436157226562,671700,0.0,0.0
2022-09-27 00:00:00-04:00,27.1273321549992,27.19414795257652,26.60234932781114,27.060516357421875,763300,0.0,0.0
2022-09-28 00:00:00-04:00,27.16551285627468,28.28229617099187,26.984156204743602,28.129573822021484,609800,0.0,0.0
2022-09-29 00:00:00-04:00,27.738223927733266,27.94821853325244,27.222786429973862,27.45186996459961,589000,0.0,0.0
2022-09-30 00:00:00-04:00,26.755074027275604,27.614137738600082,26.440083939103495,26.98415756225586,739300,0.0,0.0
2022-10-03 00:00:00-04:00,27.356416998213287,27.900490599870118,27.031881547997983,27.623682022094727,562000,0.0,0.0
2022-10-04 00:00:00-04:00,28.253660487343243,29.18908528421016,28.21547899167002,29.15090560913086,556800,0.0,0.0
2022-10-05 00:00:00-04:00,28.664106082526942,29.169998219923105,28.52092727626584,29.00773048400879,458000,0.0,0.0
2022-10-06 00:00:00-04:00,28.7118267644502,29.074541860934247,28.60682947467598,28.797733306884766,473500,0.0,0.0
2022-10-07 00:00:00-04:00,28.234571636338856,28.473200538546113,27.614136854718797,27.890945434570312,449000,0.0,0.0
2022-10-10 00:00:00-04:00,28.110485886656225,28.120029440784176,27.547321522215253,27.814584732055664,498100,0.0,0.0
2022-10-11 00:00:00-04:00,27.814585007490724,28.177301968143205,27.318238261188835,27.47096061706543,589300,0.0,0.0
2022-10-12 00:00:00-04:00,27.442322733513485,28.110484363088794,27.19414846597391,28.06275749206543,498700,0.0,0.0
2022-10-13 00:00:00-04:00,27.394599684344932,28.96000475638952,27.05097347024964,28.81682777404785,418500,0.0,0.0
2022-10-14 00:00:00-04:00,29.055454454279364,29.17954067729117,28.35865670467872,28.549560546875,489700,0.0,0.0
2022-10-17 00:00:00-04:00,29.16999745560606,29.866795256624133,29.16999745560606,29.75225257873535,554800,0.0,0.0
2022-10-18 00:00:00-04:00,30.334507271392845,30.506318554896723,29.666345604477264,29.971790313720703,530100,0.0,0.0
2022-10-19 00:00:00-04:00,29.761796614697886,29.943155087948707,29.43726116597285,29.65679931640625,585800,0.0,0.0
2022-10-20 00:00:00-04:00,29.87633816218412,29.97179008825316,28.664104709067693,28.769100189208984,649900,0.0,0.0
2022-10-21 00:00:00-04:00,28.664103855786607,29.799976098353646,28.664103855786607,29.69498062133789,489100,0.0,0.0
2022-10-24 00:00:00-04:00,29.494530873015513,29.70452546447946,29.28453810214554,29.628164291381836,601700,0.0,0.0
2022-10-25 00:00:00-04:00,29.76179983068926,30.573136719579026,29.76179983068926,30.363143920898438,591800,0.0,0.0
2022-10-26 00:00:00-04:00,30.30587348863904,30.659043278265223,30.219966929952843,30.363143920898438,520100,0.0,0.0
2022-10-27 00:00:00-04:00,30.573133832016037,30.78312843145733,30.15314827432154,30.210418701171875,558200,0.0,0.0
2022-10-28 00:00:00-04:00,30.17223932432433,30.8022194877418,30.17223932432433,30.78312873840332,469200,0.0,0.0
2022-10-31 00:00:00-04:00,30.458593554987356,30.620863105224625,30.029060793992418,30.114967346191406,413900,0.0,0.0
2022-11-01 00:00:00-04:00,30.60177225716508,30.80221966458781,30.07678757090703,30.134057998657227,868500,0.0,0.0
2022-11-02 00:00:00-04:00,29.771340779141724,30.009969668764803,27.929125459956516,27.976850509643555,1304700,0.0,0.0
2022-11-03 00:00:00-04:00,27.805036561065414,27.967304273832923,26.592803222784024,27.17505645751953,1168000,0.0,0.0
2022-11-04 00:00:00-04:00,27.690495348821198,28.10093731216208,27.09869492760075,27.719131469726562,601800,0.0,0.0
2022-11-07 00:00:00-05:00,27.89094338889518,27.957761005911436,26.75507120852746,27.136877059936523,415500,0.0,0.0
2022-11-08 00:00:00-05:00,27.318237024782327,27.461413999362275,26.44962616173011,26.58325958251953,474300,0.0,0.0
2022-11-09 00:00:00-05:00,26.440084916231815,26.440084916231815,25.571475797941634,25.590564727783203,466400,0.0,0.0
2022-11-10 00:00:00-05:00,26.69780149290535,27.451869713847074,26.611894940631124,26.71689224243164,805500,0.0,0.0
2022-11-11 00:00:00-05:00,26.774162139380042,28.043667828193765,26.774162139380042,27.72867774963379,556100,0.0,0.0
2022-11-14 00:00:00-05:00,27.442323531769784,27.719133929975378,27.155969579675883,27.3182373046875,447900,0.0,0.0
2022-11-15 00:00:00-05:00,27.785949885595144,28.120028891368342,27.13687898193172,27.442323684692383,513400,0.0,0.0
2022-11-16 00:00:00-05:00,27.165515484502684,27.442325906663807,26.66916871262504,26.7741641998291,373500,0.0,0.0
2022-11-17 00:00:00-05:00,26.28736025897511,26.6691661313863,26.058274914934387,26.58325958251953,574600,0.0,0.0
2022-11-18 00:00:00-05:00,27.070064543943033,27.404143566539435,26.48780941211366,27.37550926208496,435400,0.0,0.0
2022-11-21 00:00:00-05:00,27.13688304619328,27.451873170665195,26.688259478803914,26.936433792114258,633500,0.0,0.0
2022-11-22 00:00:00-05:00,27.060306899350095,27.598055559668236,26.868252890597947,27.57884979248047,492800,0.169,0.0
2022-11-23 00:00:00-05:00,27.367590272958445,27.81891478651836,27.309974806273974,27.703683853149414,334600,0.0,0.0
2022-11-25 00:00:00-05:00,27.809310567352735,28.039776086143018,27.588449762704837,27.953351974487305,131300,0.0,0.0
2022-11-28 00:00:00-05:00,27.799710826377503,27.96295617480194,27.252357482910156,27.252357482910156,484600,0.0,0.0
2022-11-29 00:00:00-05:00,27.23315311084159,27.357986925130916,26.84904512197031,26.973880767822266,367900,0.0,0.0
2022-11-30 00:00:00-05:00,27.127524167012176,27.76129980633594,26.762623762865616,27.742094039916992,364100,0.0,0.0
2022-12-01 00:00:00-05:00,27.92454504452195,28.47189656430332,27.684478459946774,28.222227096557617,381000,0.0,0.0
2022-12-02 00:00:00-05:00,27.79971027372783,28.519910002771944,27.63646492854866,28.356664657592773,457200,0.0,0.0
2022-12-05 00:00:00-05:00,28.279844699027908,28.356665933653762,27.713287406826232,27.895736694335938,535000,0.0,0.0
2022-12-06 00:00:00-05:00,27.97255911320828,28.164613123685065,27.338783442822788,27.4924259185791,560900,0.0,0.0
2022-12-07 00:00:00-05:00,27.367590882582935,27.751697054973313,27.08911276287322,27.713287353515625,648000,0.0,0.0
2022-12-08 00:00:00-05:00,27.78050546107525,27.962956578196412,27.559644642833298,27.799711227416992,232400,0.0,0.0
2022-12-09 00:00:00-05:00,27.473221857807477,27.94375216661612,27.36759196936947,27.761301040649414,361000,0.0,0.0
2022-12-12 00:00:00-05:00,27.818911473266446,27.818911473266446,27.329175485869676,27.502023696899414,369700,0.0,0.0
2022-12-13 00:00:00-05:00,28.251034841303596,28.433485952575115,27.213947302415033,27.42520523071289,430100,0.0,0.0
2022-12-14 00:00:00-05:00,27.521231102600204,27.66527067653085,26.97387962272623,27.16593360900879,562800,0.0,0.0
2022-12-15 00:00:00-05:00,26.695399537264862,27.021890190687788,26.301690543118816,26.503347396850586,890100,0.0,0.0
2022-12-16 00:00:00-05:00,26.23447523166403,26.5513630399226,26.16725688317928,26.311296463012695,922000,0.0,0.0
2022-12-19 00:00:00-05:00,26.311296695313,26.407323693237302,25.57189119232732,25.802356719970703,792700,0.0,0.0
2022-12-20 00:00:00-05:00,25.821562677866506,26.224874635504843,25.581496080023754,25.744741439819336,1024600,0.0,0.0
2022-12-21 00:00:00-05:00,26.052023681766684,26.253680555388502,25.955998517869496,26.032819747924805,549500,0.0,0.0
2022-12-22 00:00:00-05:00,25.667917638917483,25.975202560424805,25.533480943648684,25.975202560424805,524700,0.0,0.0
2022-12-23 00:00:00-05:00,25.859974143483036,26.013616619166307,25.60070177893148,25.98480796813965,409400,0.0,0.0
2022-12-27 00:00:00-05:00,26.080830705570822,26.080830705570822,25.792751568695493,25.917585372924805,293600,0.0,0.0
2022-12-28 00:00:00-05:00,25.90798380950989,26.013613686469785,25.25500244568976,25.4566593170166,416000,0.0,0.0
2022-12-29 00:00:00-05:00,25.706333113432628,26.17686345061894,25.57189456597733,26.128849029541016,480900,0.0,0.0
2022-12-30 00:00:00-05:00,25.927190306269377,26.368911928633537,25.75434207784423,26.311296463012695,703500,0.0,0.0
2023-01-03 00:00:00-05:00,26.65699249083678,26.70500507282098,26.176859344744397,26.45533561706543,406900,0.0,0.0
2023-01-04 00:00:00-05:00,26.78182989111837,27.02189649632829,26.416929457086948,26.99308967590332,586400,0.0,0.0
2023-01-05 00:00:00-05:00,26.829840477144007,27.30037073632966,26.59937678886303,27.233152389526367,305600,0.0,0.0
2023-01-06 00:00:00-05:00,27.502026495096178,27.905338418013095,27.213947335110934,27.87653160095215,526200,0.0,0.0
2023-01-09 00:00:00-05:00,27.95335308250981,28.395074709314688,27.76129908642608,28.212623596191406,594900,0.0,0.0
2023-01-10 00:00:00-05:00,28.20302576205626,28.356668243824966,27.463620173817578,27.99176597595215,499700,0.0,0.0
2023-01-11 00:00:00-05:00,28.145405772516877,29.211301990713267,28.145405772516877,29.1536865234375,655000,0.0,0.0
2023-01-12 00:00:00-05:00,29.384150115027943,29.912295864814425,29.163289298321793,29.845077514648438,562000,0.0,0.0
2023-01-13 00:00:00-05:00,29.71064086968191,30.04673445270083,29.508983987245486,29.816268920898438,293000,0.0,0.0
2023-01-17 00:00:00-05:00,29.79706168710099,30.027525361823876,29.624213473168204,29.883485794067383,210700,0.0,0.0
2023-01-18 00:00:00-05:00,30.094744468975595,30.257989804995486,29.55699588096523,29.59540557861328,255600,0.0,0.0
2023-01-19 00:00:00-05:00,29.38415022446896,29.73944774283039,29.211301991076834,29.576202392578125,334400,0.0,0.0
2023-01-20 00:00:00-05:00,29.691432899403395,29.797062774341555,29.42255768663469,29.72024154663086,226600,0.0,0.0
2023-01-23 00:00:00-05:00,29.076863151744085,29.2881210705957,27.962954431321844,29.240108489990234,953200,0.0,0.0
2023-01-24 00:00:00-05:00,29.25931500551671,29.480177657856267,28.75037501255813,29.220905303955078,294200,0.0,0.0
2023-01-25 00:00:00-05:00,28.952031345584253,29.278522065311428,28.702361863936247,29.2113037109375,571000,0.0,0.0
2023-01-26 00:00:00-05:00,29.508984965483016,29.749051556803046,29.000044964084704,29.259315490722656,468000,0.0,0.0
2023-01-27 00:00:00-05:00,29.048054124206164,29.316929334139836,28.932821368073867,29.144081115722656,352100,0.0,0.0
2023-01-30 00:00:00-05:00,28.90401742402712,29.55699883333117,28.90401742402712,29.46097183227539,364800,0.0,0.0
2023-01-31 00:00:00-05:00,29.55700016800573,30.123557485099287,29.55700016800573,30.085145950317383,324700,0.0,0.0
2023-02-01 00:00:00-05:00,30.046731069612797,30.39242566526782,29.662623114232264,30.363618850708008,511500,0.0,0.0
2023-02-02 00:00:00-05:00,30.450043970684128,30.450043970684128,29.096068613006484,29.3553409576416,1238900,0.0,0.0
2023-02-03 00:00:00-05:00,28.942423375440512,30.133153272186203,28.731165465740663,29.91229248046875,572300,0.0,0.0
2023-02-06 00:00:00-05:00,29.643419227019265,29.65302027751223,28.462290376075124,28.500701904296875,902200,0.0,0.0
2023-02-07 00:00:00-05:00,28.4046770089083,28.711961931081227,27.89573521183276,28.654346466064453,626800,0.0,0.0
2023-02-08 00:00:00-05:00,28.42388287518321,28.654346567629783,28.164610534344835,28.38547134399414,491200,0.0,0.0
2023-02-09 00:00:00-05:00,28.836797574843168,28.980837153163417,27.59805317185129,27.75169563293457,804700,0.0,0.0
2023-02-10 00:00:00-05:00,27.636465876637573,27.95335369502554,27.406002175224746,27.799711227416992,372700,0.0,0.0
2023-02-13 00:00:00-05:00,27.905336728582505,28.241430282592773,27.761297157310253,28.241430282592773,245700,0.0,0.0
2023-02-14 00:00:00-05:00,27.982158762110327,28.48149766637544,27.857324951825337,28.40467643737793,278900,0.0,0.0
2023-02-15 00:00:00-05:00,28.183815826803496,28.59673062234111,28.183815826803496,28.558319091796875,230000,0.0,0.0
2023-02-16 00:00:00-05:00,28.21262495035759,28.932824722896182,28.21262495035759,28.625539779663086,409100,0.0,0.0
2023-02-17 00:00:00-05:00,28.27024164139401,28.65434781215425,28.231830108536638,28.615936279296875,393200,0.0,0.0
2023-02-21 00:00:00-05:00,28.29904977317163,28.347064191472267,27.463619041931118,27.5212345123291,1073500,0.0,0.0
2023-02-22 00:00:00-05:00,26.887455946622016,30.113951246316685,26.887455946622016,29.0096435546875,1048600,0.0,0.0
2023-02-23 00:00:00-05:00,29.288124540966336,30.90137234971551,29.038455062796796,30.862960815429688,1230500,0.0,0.0
2023-02-24 00:00:00-05:00,30.459649256627,30.459649256627,29.432164511527333,30.085145950317383,1076600,0.0,0.0
2023-02-27 00:00:00-05:00,30.16196465704609,30.469249583262,29.739446967717907,30.07554054260254,1002100,0.0,0.0
2023-02-28 00:00:00-05:00,29.941105197585284,30.555675077774584,29.768256960891364,30.48845672607422,998700,0.0,0.0
2023-03-01 00:00:00-05:00,30.584480972355443,31.179846863823705,30.584480972355443,30.776533126831055,837600,0.0,0.0
2023-03-02 00:00:00-05:00,30.632494642152572,31.544746529360513,30.632494642152572,31.515939712524414,904000,0.0,0.0
2023-03-03 00:00:00-05:00,31.650376035834224,32.38018046750557,31.496733575975814,32.32256317138672,780700,0.0,0.0
2023-03-06 00:00:00-05:00,32.39938454506595,32.58183381191668,31.53514346393089,31.57355499267578,723400,0.0,0.0
2023-03-07 00:00:00-05:00,31.583157802192197,31.95766107049879,31.13183147211748,31.179847717285156,1050500,0.0,0.0
2023-03-08 00:00:00-05:00,31.170243483568687,31.48713312356004,30.910971140791744,31.006999969482422,491700,0.0,0.0
2023-03-09 00:00:00-05:00,30.949383261760115,31.30468077686982,30.325210515883143,30.354019165039062,629500,0.0,0.0
2023-03-10 00:00:00-05:00,30.344416390247886,30.411634740288857,29.62421664284436,29.873886108398438,957500,0.0,0.0
2023-03-13 00:00:00-04:00,29.33869861589133,29.686472509788313,29.010244163125996,29.242094039916992,1175800,0.186,0.0
2023-03-14 00:00:00-04:00,29.860360075936022,30.17915388362086,29.59952827621779,29.976285934448242,640100,0.0,0.0
2023-03-15 00:00:00-04:00,29.135827262584296,29.879680062419048,29.135827262584296,29.802396774291992,639300,0.0,0.0
2023-03-16 00:00:00-04:00,29.46428246487815,31.009948267661034,29.37733853314924,30.681495666503906,552300,0.0,0.0
2023-03-17 00:00:00-04:00,30.353042602539062,30.66217577714804,30.121192721582332,30.353042602539062,668700,0.0,0.0
2023-03-20 00:00:00-04:00,30.53659135352175,30.826403246327796,30.266098902344783,30.38202476501465,445800,0.0,0.0
2023-03-21 00:00:00-04:00,30.865045729514048,31.521954650144792,30.797421234972237,31.145198822021484,608100,0.0,0.0
2023-03-22 00:00:00-04:00,31.222478697477914,31.49296929167543,30.681495666503906,30.681495666503906,475700,0.0,0.0
2023-03-23 00:00:00-04:00,30.951990437298388,31.36738884408764,30.45930873454224,30.739459991455078,328700,0.0,0.0
2023-03-24 00:00:00-04:00,30.536592030509137,30.884365941070623,30.275760215653687,30.739459991455078,305400,0.0,0.0
2023-03-27 00:00:00-04:00,30.923003818174397,31.154855527288813,30.633191945649802,30.87470245361328,337200,0.0,0.0
2023-03-28 00:00:00-04:00,30.971308102792147,31.145195959042837,30.720135117026572,31.029268264770508,384500,0.0,0.0
2023-03-29 00:00:00-04:00,31.34806661928985,31.377046702796346,30.94232702440829,31.125877380371094,309000,0.0,0.0
2023-03-30 00:00:00-04:00,31.463990061754156,31.927689815149314,31.463990061754156,31.570255279541016,289600,0.0,0.0
2023-03-31 00:00:00-04:00,31.61855640912817,32.12089872616231,31.589576326370175,32.06293487548828,277200,0.0,0.0
2023-04-03 00:00:00-04:00,32.0629316584053,32.68120161475243,32.0629316584053,32.64255905151367,510800,0.0,0.0
2023-04-04 00:00:00-04:00,32.78746649128761,33.16422599368537,32.47833332405717,32.584598541259766,463900,0.0,0.0
2023-04-05 00:00:00-04:00,32.32376723574749,32.37206860290025,30.79742081722432,30.836063385009766,493500,0.0,0.0
2023-04-06 00:00:00-04:00,30.72979866786609,30.845724530535954,30.343382196598334,30.38202476501465,455500,0.0,0.0
2023-04-10 00:00:00-04:00,30.198475602589678,30.971310371130837,30.16949367689896,30.816741943359375,446400,0.0,0.0
2023-04-11 00:00:00-04:00,30.923006685749854,31.251461154444986,30.90368724368123,31.00029182434082,385100,0.0,0.0
2023-04-12 00:00:00-04:00,31.33840410843287,31.463990612119368,30.8457242634445,30.86504554748535,285800,0.0,0.0
2023-04-13 00:00:00-04:00,31.058254083948878,31.290102117503682,30.84572364889193,31.03893280029297,277700,0.0,0.0
2023-04-14 00:00:00-04:00,31.18383592936152,31.541274138133303,30.816740764220413,30.913345336914062,288900,0.0,0.0
2023-04-17 00:00:00-04:00,30.89402417393239,30.961646822307078,30.44964571742503,30.67183494567871,452800,0.0,0.0
2023-04-18 00:00:00-04:00,30.758779293286718,31.51229091974554,30.758779293286718,31.2514591217041,556800,0.0,0.0
2023-04-19 00:00:00-04:00,31.10655420475478,31.41568736055306,31.058252840128404,31.135534286499023,290200,0.0,0.0
2023-04-20 00:00:00-04:00,30.913345233076715,31.473651384302034,30.913345233076715,31.164514541625977,329800,0.0,0.0
2023-04-21 00:00:00-04:00,31.367384132013946,31.425344292058323,30.76843729631118,31.396364212036133,411100,0.0,0.0
2023-04-24 00:00:00-04:00,31.377043264602772,31.695838888874142,31.270778056512313,31.444665908813477,313700,0.0,0.0
2023-04-25 00:00:00-04:00,31.096890715172638,31.309421134845696,30.468965625018807,30.488285064697266,364800,0.0,0.0
2023-04-26 00:00:00-04:00,30.758778304813585,31.067911458819122,30.517267797924397,30.59455108642578,465400,0.0,0.0
2023-04-27 00:00:00-04:00,30.662174199347884,30.990630483692197,30.546250186124215,30.923004150390625,344900,0.0,0.0
2023-04-28 00:00:00-04:00,30.7684397862558,31.50263196835374,30.758779144607,31.473651885986328,307100,0.0,0.0
2023-05-01 00:00:00-04:00,31.299762725830078,31.879386460133002,31.27077895950445,31.299762725830078,369400,0.0,0.0
2023-05-02 00:00:00-04:00,31.319079524450775,31.406023450894697,30.71047572450106,31.203155517578125,408000,0.0,0.0
2023-05-03 00:00:00-04:00,31.125877623816997,31.367388148681727,30.256438260240706,30.38202476501465,980400,0.0,0.0
2023-05-04 00:00:00-04:00,29.66715151252332,29.66715151252332,27.764049270543612,28.2470703125,1663600,0.0,0.0
2023-05-05 00:00:00-04:00,28.797712026724923,29.029561889823277,28.024879149730406,28.498239517211914,676900,0.0,0.0
2023-05-08 00:00:00-04:00,28.575524787396787,29.116507838824756,28.440279485184558,29.029563903808594,583400,0.0,0.0
2023-05-09 00:00:00-04:00,28.768733255379317,29.415981510300547,28.52722273999944,29.193790435791016,618600,0.0,0.0
2023-05-10 00:00:00-04:00,29.657492186287964,29.657492186287964,28.8266954192568,29.213111877441406,653300,0.0,0.0
2023-05-11 00:00:00-04:00,29.145488990750852,29.58986745340746,28.672128602998768,29.18412971496582,537300,0.0,0.0
2023-05-12 00:00:00-04:00,29.16480993923101,29.715453611668657,29.16480993923101,29.647830963134766,649100,0.0,0.0
2023-05-15 00:00:00-04:00,29.686468878854814,29.860356725824705,29.444958389747477,29.531902313232422,660500,0.0,0.0
2023-05-16 00:00:00-04:00,29.43530246700426,29.43530246700426,28.266392396808076,28.353336334228516,680000,0.0,0.0
2023-05-17 00:00:00-04:00,28.41129599860729,28.672127789327554,28.266390062400127,28.556201934814453,889200,0.0,0.0
2023-05-18 00:00:00-04:00,28.604506311735804,28.604506311735804,28.102163992600342,28.449939727783203,566100,0.0,0.0
2023-05-19 00:00:00-04:00,28.314693358213432,28.48858123055404,28.102164760118843,28.295373916625977,769900,0.0,0.0
2023-05-22 00:00:00-04:00,28.29537379853755,28.614167615638515,28.189108578644205,28.54654312133789,402200,0.0,0.0
2023-05-23 00:00:00-04:00,28.387106904674827,28.387106904674827,27.667706007160564,27.83297348022461,1037600,0.186,0.0
2023-05-24 00:00:00-04:00,27.881582835228333,27.881582835228333,26.919143493123208,27.37605857849121,731400,0.0,0.0
2023-05-25 00:00:00-04:00,27.376061782904266,27.589936599211928,26.987197637685554,27.0163631439209,489900,0.0,0.0
2023-05-26 00:00:00-04:00,27.00664032362881,27.696873924439217,27.00664032362881,27.560771942138672,448100,0.0,0.0
2023-05-30 00:00:00-04:00,27.726037945068878,27.881583589155493,26.919144221025693,27.074689865112305,555900,0.0,0.0
2023-05-31 00:00:00-04:00,26.92886718631145,27.045525497149747,26.423342894677706,26.51083755493164,883000,0.0,0.0
2023-06-01 00:00:00-04:00,26.520557894571947,26.948307482528524,26.22890842541939,26.899700164794922,705300,0.0,0.0
2023-06-02 00:00:00-04:00,27.414949153881636,28.338501267982835,27.414949153881636,28.309337615966797,902300,0.0,0.0
2023-06-05 00:00:00-04:00,28.12462548146059,28.53293328385763,28.08573814111304,28.41627311706543,515600,0.0,0.0
2023-06-06 00:00:00-04:00,28.474603597461957,29.038457042250787,28.34822159793578,28.91207504272461,619200,0.0,0.0
2023-06-07 00:00:00-04:00,28.746809138169727,29.485651943381374,28.591263479625223,29.378713607788086,319600,0.0,0.0
2023-06-08 00:00:00-04:00,29.407877738499476,29.53425788481127,27.939914032183335,28.882909774780273,1155600,0.0,0.0
2023-06-09 00:00:00-04:00,29.02873450501959,29.03845633969027,28.737085027650288,28.775972366333008,495300,0.0,0.0
2023-06-12 00:00:00-04:00,28.805136320507494,29.087063966185532,28.552376033400105,28.960683822631836,454800,0.0,0.0
2023-06-13 00:00:00-04:00,29.116230327298553,29.203724988583623,28.844024508383836,29.077342987060547,1391800,0.0,0.0
2023-06-14 00:00:00-04:00,29.291219631616283,29.466208965154905,28.95096465445847,29.300941467285156,498600,0.0,0.0
2023-06-15 00:00:00-04:00,29.174559552395326,29.602311024772707,29.116230396150826,29.505094528198242,345400,0.0,0.0
2023-06-16 00:00:00-04:00,29.718966992445868,30.049501942169695,29.51481403457249,29.991172790527344,705700,0.0,0.0
2023-06-20 00:00:00-04:00,29.874513565491032,30.360594170933776,29.573144109306632,30.09811019897461,503100,0.0,0.0
2023-06-21 00:00:00-04:00,29.913401344166555,30.000896002773832,29.42732073157074,29.612030029296875,439200,0.0,0.0
2023-06-22 00:00:00-04:00,29.5245384360577,29.718969576521502,29.16483795211146,29.475929260253906,412900,0.0,0.0
2023-06-23 00:00:00-04:00,29.12595265399612,29.573147831499373,28.97040698901688,29.45648765563965,736400,0.0,0.0
2023-06-26 00:00:00-04:00,29.524537526482195,30.38003859751813,29.524537526482195,29.796741485595703,695000,0.0,0.0
2023-06-27 00:00:00-04:00,29.855071693923637,30.652245492420448,29.767578885586044,30.545307159423828,470000,0.0,0.0
2023-06-28 00:00:00-04:00,30.331431884911968,30.86611983323636,30.195328048379054,30.81751251220703,422900,0.0,0.0
2023-06-29 00:00:00-04:00,30.97305695059981,31.35219923166918,30.846674954076438,30.95361328125,524000,0.0,0.0
2023-06-30 00:00:00-04:00,31.050832113685004,31.498027271178536,31.01194477205491,31.34248161315918,269400,0.0,0.0
2023-07-03 00:00:00-04:00,31.449412905642042,31.92577351885467,31.303590952740674,31.721620559692383,238200,0.0,0.0
2023-07-05 00:00:00-04:00,31.40080996930378,32.052159983680184,31.3813662978372,31.653573989868164,664900,0.0,0.0
2023-07-06 00:00:00-04:00,31.245263817688194,31.449416802144516,30.60363750332469,31.06055450439453,368200,0.0,0.0
2023-07-07 00:00:00-04:00,30.91472655961376,31.42997453641621,30.91472655961376,31.099437713623047,238300,0.0,0.0
2023-07-10 00:00:00-04:00,31.109160742867065,31.51746669753674,31.002222409453307,31.186935424804688,393200,0.0,0.0
2023-07-11 00:00:00-04:00,31.39108793936619,31.925775890051558,31.216098616087212,31.673015594482422,331400,0.0,0.0
2023-07-12 00:00:00-04:00,32.05215498177997,32.12020596704273,31.488299722745055,31.556350708007812,514300,0.0,0.0
2023-07-13 00:00:00-04:00,31.741064423156715,31.87716639676647,31.011941674425003,31.041107177734375,691100,0.0,0.0
2023-07-14 00:00:00-04:00,30.963336958543476,31.03138795106712,30.282823324806067,30.311988830566406,1763000,0.0,0.0
2023-07-17 00:00:00-04:00,30.13699762547241,30.807789382132704,30.117553956177826,30.525861740112305,814400,0.0,0.0
2023-07-18 00:00:00-04:00,30.43836888873438,31.079995179526573,30.341152390743037,30.973058700561523,580900,0.0,0.0
2023-07-19 00:00:00-04:00,30.866119537769652,31.313312820560128,30.730017556790017,31.284149169921875,384300,0.0,0.0
2023-07-20 00:00:00-04:00,31.177211004351886,31.293869316022278,30.710574049169452,30.827232360839844,345800,0.0,0.0
2023-07-21 00:00:00-04:00,30.89528503710785,30.943892357663156,30.58419188110248,30.632801055908203,273900,0.0,0.0
2023-07-24 00:00:00-04:00,30.52586288309397,30.924448847305435,30.52586288309397,30.613357543945312,403400,0.0,0.0
2023-07-25 00:00:00-04:00,30.64252343843829,30.66196710870803,30.11755546665804,30.350873947143555,658800,0.0,0.0
2023-07-26 00:00:00-04:00,30.166162099704696,30.448087877851314,29.699523323814986,29.991172790527344,615300,0.0,0.0
2023-07-27 00:00:00-04:00,30.214771418167004,30.457811729398802,29.71896896074409,29.98145294189453,483800,0.0,0.0
2023-07-28 00:00:00-04:00,30.136998445707242,30.38003875575327,30.05922562066253,30.214771270751953,362100,0.0,0.0
2023-07-31 00:00:00-04:00,30.409202183326414,30.642520642523255,30.136996387138286,30.23421287536621,588200,0.0,0.0
2023-08-01 00:00:00-04:00,30.07866952643878,30.380038994069835,29.884236535176566,30.185606002807617,447400,0.0,0.0
2023-08-02 00:00:00-04:00,29.88423606601096,30.098110869641346,29.592588437946763,29.80646324157715,610900,0.0,0.0
2023-08-03 00:00:00-04:00,28.99957029999516,29.981453394711274,28.14406920740859,29.281497955322266,1449000,0.0,0.0
2023-08-04 00:00:00-04:00,29.543981362726562,30.38976251100204,29.42732304491303,30.000898361206055,701400,0.0,0.0
2023-08-07 00:00:00-04:00,30.175887451925917,30.992501232870598,30.175887451925917,30.457813262939453,359700,0.0,0.0
2023-08-08 00:00:00-04:00,30.166163268757032,30.34115073046551,29.56342249759326,30.292543411254883,589800,0.0,0.0
2023-08-09 00:00:00-04:00,30.22449363604857,30.243937306213553,29.29121786488433,29.505094528198242,595400,0.0,0.0
2023-08-10 00:00:00-04:00,29.55370366932311,30.46753582659757,29.55370366932311,29.942567825317383,326800,0.0,0.0
2023-08-11 00:00:00-04:00,29.8745139154509,30.156441559950455,29.738411937692703,29.84535026550293,240500,0.0,0.0
2023-08-14 00:00:00-04:00,29.602310351121826,29.806463320456956,29.43704286698131,29.796741485595703,310800,0.0,0.0
2023-08-15 00:00:00-04:00,29.53425695331457,29.738411773072123,29.155114672086736,29.42732048034668,683600,0.0,0.0
2023-08-16 00:00:00-04:00,29.32038223156587,29.592588040554016,29.145392915377087,29.417598724365234,374200,0.0,0.0
2023-08-17 00:00:00-04:00,29.54398040594723,29.796742558691573,29.096787111726798,29.242610931396484,452200,0.0,0.0
2023-08-18 00:00:00-04:00,28.989848246961717,29.184281239122264,28.83430259493345,29.087064743041992,242900,0.0,0.0
2023-08-21 00:00:00-04:00,29.25233372761069,29.281499234202965,28.425996250001525,28.484325408935547,657400,0.0,0.0
2023-08-22 00:00:00-04:00,28.455158921591174,28.455158921591174,27.99824196842106,28.15378761291504,426900,0.0,0.0
2023-08-23 00:00:00-04:00,28.081383392728142,28.68801848842543,27.895478246391534,28.482545852661133,246000,0.186,0.0
2023-08-24 00:00:00-04:00,28.39448870837883,28.49233363111094,28.012893696347263,28.02267837524414,223900,0.0,0.0
2023-08-25 00:00:00-04:00,28.17922629489751,28.443406996307314,27.96396898239867,28.394485473632812,457400,0.0,0.0
2023-08-28 00:00:00-04:00,28.551038642068466,28.84457153173014,28.257503886170195,28.50211524963379,437300,0.0,0.0
2023-08-29 00:00:00-04:00,28.727158556180076,29.607759074046044,28.462977840949318,29.353363037109375,489400,0.0,0.0
2023-08-30 00:00:00-04:00,29.27508767599714,29.56862056186896,29.245733640915326,29.490345001220703,296800,0.0,0.0
2023-08-31 00:00:00-04:00,29.51969855109876,29.52948322929854,29.059829873128496,29.177242279052734,374700,0.0,0.0
2023-09-01 00:00:00-04:00,29.402284822348864,29.637113371010514,29.098967257496057,29.519699096679688,290100,0.0,0.0
2023-09-05 00:00:00-04:00,29.33379450333126,29.412070065643046,28.619529763956653,28.63909912109375,342400,0.0,0.0
2023-09-06 00:00:00-04:00,28.50211466742287,28.75651070417687,28.081384698498457,28.120521545410156,314100,0.0,0.0
2023-09-07 00:00:00-04:00,27.895478834858846,28.081383985117206,27.582376602573092,27.66065216064453,271100,0.0,0.0
2023-09-08 00:00:00-04:00,27.680221393816517,27.79763379728409,27.513885600373705,27.58237648010254,263200,0.0,0.0
2023-09-11 00:00:00-04:00,27.76828183943951,27.93461764531869,27.61173071228695,27.699790954589844,468600,0.0,0.0
2023-09-12 00:00:00-04:00,27.641085345143033,28.228153017756238,27.6313006662052,28.08138656616211,227400,0.0,0.0
2023-09-13 00:00:00-04:00,27.963969776580036,27.993323810760273,27.533453273119154,27.70957374572754,452200,0.0,0.0
2023-09-14 00:00:00-04:00,27.90526523836929,28.071601042835738,27.474748709237904,27.54323959350586,627800,0.0,0.0
2023-09-15 00:00:00-04:00,27.425827532328597,27.915050273329015,27.27905921703915,27.758499145507812,712000,0.0,0.0
2023-09-18 00:00:00-04:00,27.758498811180658,27.758498811180658,27.46496405037379,27.553024291992188,349800,0.0,0.0
2023-09-19 00:00:00-04:00,27.621514779274253,27.729144376646687,27.014879641552508,27.298627853393555,277900,0.0,0.0
2023-09-20 00:00:00-04:00,27.3964728511152,27.787850661455238,27.269275762593416,27.35733413696289,342300,0.0,0.0
2023-09-21 00:00:00-04:00,27.12250653024464,27.12250653024464,26.701776564806188,26.75069808959961,601100,0.0,0.0
2023-09-22 00:00:00-04:00,26.87789503125185,27.044230827398454,26.574577473420938,26.66263771057129,442000,0.0,0.0
2023-09-25 00:00:00-04:00,26.57457810986322,27.10293954541921,26.408242309732994,27.073585510253906,363100,0.0,0.0
2023-09-26 00:00:00-04:00,26.877896796959114,27.132292846968273,26.52565769145437,26.564794540405273,452100,0.0,0.0
2023-09-27 00:00:00-04:00,26.71155985499183,27.10293952529225,26.506087207697032,27.063800811767578,474700,0.0,0.0
2023-09-28 00:00:00-04:00,27.063802832999507,27.24970800365268,26.897467020570183,27.142078399658203,289700,0.0,0.0
2023-09-29 00:00:00-04:00,27.494317870321098,27.738929235953428,27.288843352746902,27.40625762939453,456200,0.0,0.0
2023-10-02 00:00:00-04:00,27.416043816082002,27.67043987428195,27.132293720546276,27.142078399658203,408100,0.0,0.0
2023-10-03 00:00:00-04:00,27.024664103658793,27.23013675201179,26.93660386401134,27.1518611907959,519500,0.0,0.0
2023-10-04 00:00:00-04:00,27.122507666099782,27.670438471162775,27.122507666099782,27.484533309936523,445300,0.0,0.0
2023-10-05 00:00:00-04:00,27.533454698367027,27.592162769766478,27.200783092049925,27.396472930908203,234600,0.0,0.0
2023-10-06 00:00:00-04:00,27.249706854235686,27.856342003692998,27.14207725478112,27.641084671020508,476600,0.0,0.0
2023-10-09 00:00:00-04:00,27.44539331775613,27.934616028348835,27.44539331775613,27.88569450378418,287700,0.0,0.0
2023-10-10 00:00:00-04:00,28.071600200286966,28.56082292035913,27.963970604675385,28.228151321411133,421900,0.0,0.0
2023-10-11 00:00:00-04:00,28.325995388737567,28.942415176388423,28.325995388737567,28.89349365234375,511200,0.0,0.0
2023-10-12 00:00:00-04:00,28.913062050105022,28.913062050105022,27.963970643686174,28.267288208007812,422700,0.0,0.0
2023-10-13 00:00:00-04:00,28.237934730046614,28.62931251525879,28.237934730046614,28.62931251525879,477100,0.0,0.0
2023-10-16 00:00:00-04:00,28.697805364853842,29.010907614521958,28.472763356184462,28.67823600769043,348000,0.0,0.0
2023-10-17 00:00:00-04:00,28.570609122441837,29.324010733193724,28.570609122441837,29.24573516845703,451500,0.0,0.0
2023-10-18 00:00:00-04:00,29.040261868228,29.3533641202461,28.76629646459385,28.825002670288086,404500,0.0,0.0
2023-10-19 00:00:00-04:00,28.815221197632543,28.815221197632543,28.218368835574513,28.414058685302734,605100,0.0,0.0
2023-10-20 00:00:00-04:00,28.482549572836596,28.707591593658346,28.384704647972484,28.414058685302734,240500,0.0,0.0
2023-10-23 00:00:00-04:00,28.198796923188564,28.36513272052032,27.91504871964413,28.01289176940918,250400,0.0,0.0
2023-10-24 00:00:00-04:00,28.091167410126282,28.453193040507227,27.98353968182645,28.052030563354492,279100,0.0,0.0
2023-10-25 00:00:00-04:00,27.856342141293464,28.247721826248203,27.709575692553763,27.729145050048828,566500,0.0,0.0
2023-10-26 00:00:00-04:00,27.709575260566815,27.88569574280343,27.298628090760246,27.435611724853516,503500,0.0,0.0
2023-10-27 00:00:00-04:00,27.57259428358393,27.680223884979398,26.652854997876307,26.691993713378906,392400,0.0,0.0
2023-10-30 00:00:00-04:00,27.014878038837978,27.6117284626404,27.014878038837978,27.474746704101562,804900,0.0,0.0
2023-10-31 00:00:00-04:00,27.57259212692814,27.9639699201582,27.39647165341548,27.79763412475586,422700,0.0,0.0
2023-11-01 00:00:00-04:00,27.905264938916307,27.905264938916307,27.25949108526738,27.337766647338867,558200,0.0,0.0
2023-11-02 00:00:00-04:00,28.619530468449305,31.730987412847814,28.32599756911372,31.642927169799805,1544300,0.0,0.0
2023-11-03 00:00:00-04:00,32.03430256060406,32.689859156777395,31.799474033148158,32.52352523803711,985500,0.0,0.0
2023-11-06 00:00:00-05:00,32.30826656573139,33.208434514556515,32.30826656573139,32.875762939453125,796400,0.0,0.0
2023-11-07 00:00:00-05:00,32.865985490795,33.08124470171313,32.50396168991099,32.63115692138672,606500,0.0,0.0
2023-11-08 00:00:00-05:00,32.60180298409746,33.33563709160111,32.54309491180678,32.68008041381836,518600,0.0,0.0
2023-11-09 00:00:00-05:00,32.87576454256344,33.33563508328546,32.6409397324944,32.670291900634766,542100,0.0,0.0
2023-11-10 00:00:00-05:00,32.62137113508696,33.1693019254492,32.474602826024864,33.159515380859375,707100,0.0,0.0
2023-11-13 00:00:00-05:00,32.963823998255684,33.355203649059604,32.954041186598424,33.345420837402344,581400,0.0,0.0
2023-11-14 00:00:00-05:00,34.36300245455381,35.224035477997326,33.79550604607209,34.16731262207031,763500,0.0,0.0
2023-11-15 00:00:00-05:00,34.28473153743948,35.06748719828831,34.26516217935908,34.744598388671875,1084000,0.0,0.0
2023-11-16 00:00:00-05:00,34.59783152517441,34.91093376891121,34.39235887756086,34.49998474121094,674900,0.0,0.0
2023-11-17 00:00:00-05:00,34.74459873213495,35.00877947012172,34.50977389779568,34.95985794067383,994700,0.0,0.0
2023-11-20 00:00:00-05:00,35.09683817389751,35.243606488265364,34.627184793382945,35.2044677734375,528700,0.0,0.0
2023-11-21 00:00:00-05:00,35.09234038408776,35.25953863403944,34.94480942670962,35.062835693359375,709300,0.186,0.0
2023-11-22 00:00:00-05:00,35.13168471434912,35.29888297496793,34.895635917857945,34.984153747558594,594900,0.0,0.0
2023-11-24 00:00:00-05:00,35.09234568006251,35.426745982300105,35.02349889006083,35.30872344970703,239400,0.0,0.0
2023-11-27 00:00:00-05:00,35.141518265640975,35.47591853783701,34.993991051120226,35.31855392456055,424000,0.0,0.0
2023-11-28 00:00:00-05:00,35.35789609532251,35.652954276895564,35.14151834463038,35.1513557434082,486100,0.0,0.0
2023-11-29 00:00:00-05:00,35.3677292641389,35.50542283022046,34.954648565894225,35.200531005859375,385100,0.0,0.0
2023-11-30 00:00:00-05:00,35.220203460102304,35.702130960665045,35.013659350849835,35.61361312866211,651700,0.0,0.0
2023-12-01 00:00:00-05:00,35.56443492344807,36.547964654463634,35.40707031656031,36.52829360961914,1414800,0.0,0.0
2023-12-04 00:00:00-05:00,36.42011026674254,36.69550118449602,36.233240940159156,36.665992736816406,634100,0.0,0.0
2023-12-05 00:00:00-05:00,36.4397830175022,37.02990322437863,36.35126517406418,36.4102783203125,717300,0.0,0.0
2023-12-06 00:00:00-05:00,36.5774714206369,36.88236700521933,36.233237496002204,36.390602111816406,369000,0.0,0.0
2023-12-07 00:00:00-05:00,36.144722246769604,36.675829270027755,36.144722246769604,36.597145080566406,532900,0.0,0.0
2023-12-08 00:00:00-05:00,36.66599146937568,36.71517096318546,35.81032155362001,35.91851043701172,519500,0.0,0.0
2023-12-11 00:00:00-05:00,35.053002500635245,35.14152033530831,30.96151856260992,32.04340362548828,5632500,0.0,0.0
2023-12-12 00:00:00-05:00,32.45648384480138,33.528531491568046,32.45648384480138,33.38100051879883,2350300,0.0,0.0
2023-12-13 00:00:00-05:00,33.15478745532185,33.38099885089496,32.51549535962437,33.076107025146484,2199100,0.0,0.0
2023-12-14 00:00:00-05:00,33.54820146354867,33.62688189513531,32.50565854398,32.52532958984375,3101800,0.0,0.0
2023-12-15 00:00:00-05:00,32.466315617376736,33.951447651018555,32.20076588471565,33.912105560302734,2307000,0.0,0.0
2023-12-18 00:00:00-05:00,33.63671724676039,34.22683357928308,33.085939251702584,33.2236328125,1630800,0.0,0.0
2023-12-19 00:00:00-05:00,33.135117468854375,34.54156537695646,33.135117468854375,33.93177795410156,1224700,0.0,0.0
2023-12-20 00:00:00-05:00,33.91210410492691,33.990788282981725,32.59417413745362,32.60401153564453,1136900,0.0,0.0
2023-12-21 00:00:00-05:00,32.98759404245239,33.00726509085316,32.41714489443661,32.64335632324219,1043400,0.0,0.0
2023-12-22 00:00:00-05:00,32.62368366908285,32.643354716515404,31.974554111283414,32.171260833740234,1746800,0.0,0.0
2023-12-26 00:00:00-05:00,32.249940244678974,32.72203405749935,32.10240928673031,32.43680953979492,1404800,0.0,0.0
2023-12-27 00:00:00-05:00,32.456487355802764,32.613851992907655,32.299122718697866,32.36796951293945,807000,0.0,0.0
2023-12-28 00:00:00-05:00,32.2696119190866,32.67285895990031,32.259774520701676,32.61384582519531,815600,0.0,0.0
2023-12-29 00:00:00-05:00,32.574508506469954,32.85973307151773,32.456485971641776,32.515499114990234,990200,0.0,0.0
2024-01-02 00:00:00-05:00,32.17125982816697,32.436813332403,31.827025888528716,31.876201629638672,935500,0.0,0.0
2024-01-03 00:00:00-05:00,31.581143431110377,31.974553111858587,31.413943285028534,31.876201629638672,851900,0.0,0.0
2024-01-04 00:00:00-05:00,31.866368973604246,31.99422515409434,31.472955528747434,31.61064910888672,1120800,0.0,0.0
2024-01-05 00:00:00-05:00,31.14838964617533,31.768012610780573,31.000860547548772,31.286083221435547,1395500,0.0,0.0
2024-01-08 00:00:00-05:00,31.34509659126666,31.41394337940114,30.922178463087118,30.981189727783203,957600,0.0,0.0
2024-01-09 00:00:00-05:00,30.84349595735505,31.030365273705357,30.43041335521425,30.922178268432617,857800,0.0,0.0
2024-01-10 00:00:00-05:00,30.99102637385622,31.207402269536153,30.804155173625976,30.941848754882812,652200,0.0,0.0
2024-01-11 00:00:00-05:00,31.207400657525202,31.26641379724498,30.430413077223996,31.030364990234375,923700,0.0,0.0
2024-01-12 00:00:00-05:00,31.089377173861525,31.207399697803027,30.58777675727467,30.9320125579834,1180200,0.0,0.0
2024-01-16 00:00:00-05:00,30.56810651237973,30.81398896562472,30.1746949623746,30.804153442382812,1229500,0.0,0.0
2024-01-17 00:00:00-05:00,30.39107120595867,31.109047527716204,30.332059941742312,31.089378356933594,741200,0.0,0.0
2024-01-18 00:00:00-05:00,31.197564528542674,31.640151812242724,31.197564528542674,31.58114242553711,560600,0.0,0.0
2024-01-19 00:00:00-05:00,31.53196598165351,31.640151105486716,30.705798943479166,31.571304321289062,617500,0.0,0.0
2024-01-22 00:00:00-05:00,31.69916532144073,32.0040609131688,31.600813841202505,31.86636734008789,661900,0.0,0.0
2024-01-23 00:00:00-05:00,31.8860346575727,32.01389458346913,31.472953938032887,31.69916534423828,549600,0.0,0.0
2024-01-24 00:00:00-05:00,31.9647192430407,32.08274177126105,31.610647906511133,31.620485305786133,1251700,0.0,0.0
2024-01-25 00:00:00-05:00,31.935216023061262,32.09258065190841,31.610649365637865,32.063072204589844,823100,0.0,0.0
2024-01-26 00:00:00-05:00,32.27945126851893,33.02693609937012,32.190933426756786,32.8105583190918,697100,0.0,0.0
2024-01-29 00:00:00-05:00,32.8794023871043,33.22363632549641,32.72203776500098,32.93841552734375,1252000,0.0,0.0
2024-01-30 00:00:00-05:00,32.77121424764236,33.35149700825724,32.643354316830646,33.3416633605957,629100,0.0,0.0
2024-01-31 00:00:00-05:00,33.26298059989953,33.57770986474162,32.289288109253306,32.4663200378418,753400,0.0,0.0
2024-02-01 00:00:00-05:00,32.76138302654763,33.66622875317396,32.76138302654763,33.32199478149414,585200,0.0,0.0
2024-02-02 00:00:00-05:00,33.16462502149799,33.21380075958948,32.81055370424995,33.13511657714844,327300,0.0,0.0
2024-02-05 00:00:00-05:00,32.89907306657625,33.056437686922806,32.21060144560937,32.65319061279297,459900,0.0,0.0
2024-02-06 00:00:00-05:00,32.663025010209765,33.41050978792285,32.663025010209765,33.05643844604492,764100,0.0,0.0
2024-02-07 00:00:00-05:00,32.9974229939871,33.361327957932325,32.95808090278536,33.30231857299805,645700,0.0,0.0
2024-02-08 00:00:00-05:00,33.44001301471711,33.65639077011611,33.06627064226476,33.37116622924805,388500,0.0,0.0
2024-02-09 00:00:00-05:00,33.40067193058186,33.75474326760553,33.21380261464982,33.66622543334961,346600,0.0,0.0
2024-02-12 00:00:00-05:00,33.67605980865797,34.197329368096746,33.587541982350615,34.0694694519043,815900,0.0,0.0
2024-02-13 00:00:00-05:00,33.34166051174143,33.459683032938635,32.79088249304062,33.076107025146484,563900,0.0,0.0
2024-02-14 00:00:00-05:00,33.35150034089401,33.81376061641853,33.292487193422055,33.78425216674805,360000,0.0,0.0
2024-02-15 00:00:00-05:00,34.14815902709961,34.35469940382752,33.60721458538062,34.14815902709961,525700,0.0,0.0
2024-02-16 00:00:00-05:00,34.03996953271612,34.236676257851016,33.84326280758123,33.97112274169922,339800,0.0,0.0
2024-02-20 00:00:00-05:00,33.71540378635012,33.80392162746413,33.223638836132096,33.312156677246094,757100,0.0,0.0
2024-02-21 00:00:00-05:00,34.600576959561764,36.00702480442298,34.25634304726773,34.58090591430664,1259100,0.0,0.0
2024-02-22 00:00:00-05:00,34.77761386925926,35.053001009026445,34.17766009887927,34.93497848510742,550600,0.0,0.0
2024-02-23 00:00:00-05:00,34.915307210079234,35.21036539387524,34.60057798044771,34.8759651184082,531200,0.0,0.0
2024-02-26 00:00:00-05:00,34.836624994971324,34.89563813581206,34.295684335471314,34.3448600769043,691500,0.0,0.0
2024-02-27 00:00:00-05:00,34.41371254797926,34.54156873250485,33.91211020236143,34.14815902709961,567400,0.0,0.0
2024-02-28 00:00:00-05:00,33.833427231126436,34.44321466760427,33.48918954379508,34.335025787353516,414600,0.0,0.0
2024-02-29 00:00:00-05:00,34.56123182175667,34.56123182175667,33.75473779674716,34.25634002685547,1165400,0.0,0.0
2024-03-01 00:00:00-05:00,34.423542600501456,34.639920354588206,33.93177770620858,34.03996658325195,721900,0.0,0.0
2024-03-04 00:00:00-05:00,33.89243650330672,34.39403880969014,33.8432607629611,33.941612243652344,417900,0.0,0.0
2024-03-05 00:00:00-05:00,33.82358853370115,34.177659854797994,33.56787244172474,33.58754348754883,595400,0.0,0.0
2024-03-06 00:00:00-05:00,33.646553495820484,34.0104622224981,33.548202016748306,33.76457977294922,407600,0.0,0.0
2024-03-07 00:00:00-05:00,33.9121078641077,34.236674506760096,33.81375638250497,33.83342742919922,348600,0.0,0.0
2024-03-08 00:00:00-05:00,33.8432618393498,34.02029751171947,33.37116796365355,33.50886154174805,309100,0.0,0.0
2024-03-11 00:00:00-04:00,33.381004175571306,33.46952201855596,32.85973451792218,33.32199478149414,3912700,0.0,0.0
2024-03-12 00:00:00-04:00,33.27746188200466,33.643582160360864,33.119139293414825,33.54463195800781,510600,0.205,0.0
2024-03-13 00:00:00-04:00,33.5446340992385,34.791424092130406,33.51494601687092,34.7518424987793,740900,0.0,0.0
2024-03-14 00:00:00-04:00,34.64299235295384,34.910162425562724,33.85137942006171,34.098758697509766,418500,0.0,0.0
2024-03-15 00:00:00-04:00,34.0393903544888,34.375826325452884,33.78211379008249,33.811798095703125,441800,0.0,0.0
2024-03-18 00:00:00-04:00,33.821696282560985,33.871171384817366,33.10924273100245,33.4456787109375,338800,0.0,0.0
2024-03-19 00:00:00-04:00,33.35662279910226,37.14647536119291,33.247775306761085,36.829830169677734,3294000,0.0,0.0
2024-03-20 00:00:00-04:00,37.93808926675458,38.46253217025516,37.106894675045226,37.453224182128906,3816300,0.0,0.0
2024-03-21 00:00:00-04:00,37.42354020617632,37.71050110013822,37.07721069602131,37.16626739501953,1627000,0.0,0.0
2024-03-22 00:00:00-04:00,37.15636917794695,37.19595077088938,36.226224392050646,37.037628173828125,874800,0.0,0.0
2024-03-25 00:00:00-04:00,37.03762846825708,37.601652960690764,36.96836256741144,36.998046875,485500,0.0,0.0
2024-03-26 00:00:00-04:00,36.90898612451842,36.93867420355541,36.25590500632595,36.27569580078125,938900,0.0,0.0
2024-03-27 00:00:00-04:00,36.45381148050356,36.52307737812153,36.01842529908947,36.22622299194336,420100,0.0,0.0
2024-03-28 00:00:00-04:00,36.22622288459977,36.879304042139886,36.22622288459977,36.74077224731445,450500,0.0,0.0
2024-04-01 00:00:00-04:00,36.7605651525061,37.027731472310606,36.473604261209694,36.71108627319336,416100,0.0,0.0
2024-04-02 00:00:00-04:00,36.61213639211664,36.73087739917268,36.02832109325401,36.17675018310547,517100,0.0,0.0
2024-04-03 00:00:00-04:00,36.23611515209186,37.205841457314484,35.97884236691369,36.404335021972656,1260000,0.0,0.0
2024-04-04 00:00:00-04:00,36.81003881933267,37.096999699420564,35.64240827767908,35.65230178833008,822100,0.0,0.0
2024-04-05 00:00:00-04:00,35.64240906207664,36.17674924199113,35.62261826563072,35.80073165893555,419500,0.0,0.0
2024-04-08 00:00:00-04:00,35.88978821870263,36.44391919294956,35.563245740653066,36.067901611328125,678700,0.0,0.0
2024-04-09 00:00:00-04:00,36.45381043970111,37.156366681029176,36.23611546785538,36.61213302612305,2004000,0.0,0.0
2024-04-10 00:00:00-04:00,35.96894958245187,36.53297409815416,35.840315061122325,36.30538558959961,436900,0.0,0.0
2024-04-11 00:00:00-04:00,36.38454664408155,36.48349685079083,35.65230228042425,35.84031295776367,745100,0.0,0.0
2024-04-12 00:00:00-04:00,35.56324461940764,35.74135800641754,34.890372662860976,35.216915130615234,802700,0.0,0.0
2024-04-15 00:00:00-04:00,35.4840833512435,35.66219672891764,34.722154741128115,34.95964050292969,590200,0.0,0.0
2024-04-16 00:00:00-04:00,34.92995519098018,35.86999725324838,34.69247318507126,35.592933654785156,1504600,0.0,0.0
2024-04-17 00:00:00-04:00,35.959055937009936,35.959055937009936,34.71226590029265,34.84090042114258,547100,0.0,0.0
2024-04-18 00:00:00-04:00,35.10806928952227,35.21691678388356,34.395615708036324,34.7518424987793,678800,0.0,0.0
2024-04-19 00:00:00-04:00,34.74194840025589,35.187231881154176,34.72215760391503,34.83100509643555,786600,0.0,0.0
2024-04-22 00:00:00-04:00,34.831005530256135,34.98932812824649,34.266981038996185,34.524253845214844,475100,0.0,0.0
2024-04-23 00:00:00-04:00,34.652891581167026,35.53356125431533,34.514359781980794,35.34555435180664,651100,0.0,0.0
2024-04-24 00:00:00-04:00,35.315863038248054,35.751252966942786,35.098171848608764,35.266387939453125,245200,0.0,0.0
2024-04-25 00:00:00-04:00,34.850794956458614,34.91016356917774,34.47477738550139,34.70236587524414,540600,0.0,0.0
2024-04-26 00:00:00-04:00,34.73205034449723,35.20702189672784,34.73205034449723,34.929954528808594,199200,0.0,0.0
2024-04-29 00:00:00-04:00,35.08827805729061,35.19712555030076,34.80131717111991,35.05859375,331900,0.0,0.0
2024-04-30 00:00:00-04:00,34.781526400452805,34.781526400452805,34.20760468997188,34.296661376953125,464200,0.0,0.0
2024-05-01 00:00:00-04:00,34.276873020607894,34.7914223847961,34.00970294066162,34.22739791870117,728300,0.0,0.0
2024-05-02 00:00:00-04:00,35.31586564685082,35.93926250689664,31.892137221318773,33.17850875854492,1644200,0.0,0.0
2024-05-03 00:00:00-04:00,33.46547100907836,34.03939279019959,32.75301742553711,32.75301742553711,434800,0.0,0.0
2024-05-06 00:00:00-04:00,32.84207431140993,33.03997850516035,32.624383095522155,32.73323059082031,490500,0.0,0.0
2024-05-07 00:00:00-04:00,32.713435432650385,32.86186072714388,32.080141342137516,32.29783630371094,411000,0.0,0.0
2024-05-08 00:00:00-04:00,32.000985162742474,32.901445628968,31.981194366541995,32.871761322021484,926800,0.0,0.0
2024-05-09 00:00:00-04:00,32.80249211922969,32.822279138729066,32.000981940015926,32.29783630371094,400100,0.0,0.0
2024-05-10 00:00:00-04:00,32.22857277639089,33.32693739990172,32.22857277639089,33.23788070678711,853500,0.0,0.0
2024-05-13 00:00:00-04:00,33.366517810366695,33.801903975347265,33.30714542548873,33.64358139038086,738400,0.0,0.0
2024-05-14 00:00:00-04:00,33.841488963653326,34.2768751723557,33.841488963653326,34.197715759277344,658200,0.0,0.0
2024-05-15 00:00:00-04:00,34.2966635646179,34.96953551479457,34.13834097485329,34.76173782348633,677600,0.0,0.0
2024-05-16 00:00:00-04:00,34.65289080738974,35.434610256437836,34.65289080738974,35.19712448120117,847800,0.0,0.0
2024-05-17 00:00:00-04:00,35.30597151060922,35.34555310175068,34.25708199361024,35.009117126464844,1679300,0.0,0.0
2024-05-20 00:00:00-04:00,34.96953615272732,35.47418823721181,34.95964264212143,35.424713134765625,861000,0.0,0.0
2024-05-21 00:00:00-04:00,35.3950294667221,35.642408758123814,35.09817507198173,35.592933654785156,425800,0.0,0.0
2024-05-22 00:00:00-04:00,35.46853256225586,35.76708847949935,35.21973533182887,35.46853256225586,4935500,0.205,0.0
2024-05-23 00:00:00-04:00,35.46853444471744,35.97608294767908,35.25954567118955,35.37896728515625,447400,0.0,0.0
2024-05-24 00:00:00-04:00,35.488437396977034,37.50866972741113,35.33915753765614,37.43900680541992,2313800,0.0,0.0
2024-05-28 00:00:00-04:00,37.48876428572221,37.747515527365856,36.991169832470725,37.01107406616211,949600,0.0,0.0
2024-05-29 00:00:00-04:00,36.71252016826957,36.87175025019484,35.38892082408032,35.946224212646484,986800,0.0,0.0
2024-05-30 00:00:00-04:00,36.13531040316217,37.239966895601405,36.02583901651236,37.14044952392578,1411400,0.0,0.0
2024-05-31 00:00:00-04:00,37.31958435848545,38.11573473219758,36.93146128857231,38.085880279541016,834400,0.0,0.0
2024-06-03 00:00:00-04:00,38.11573581455556,38.11573581455556,37.38924834064192,37.488765716552734,687300,0.0,0.0
2024-06-04 00:00:00-04:00,37.32953548859087,37.59823695809317,36.921508174830606,36.95136642456055,436400,0.0,0.0
2024-06-05 00:00:00-04:00,37.05088551338628,38.115737425278326,37.05088551338628,37.83708572387695,658100,0.0,0.0
2024-06-06 00:00:00-04:00,37.787327081143545,38.46405589654701,37.697759920388826,38.01622009277344,754700,0.0,0.0
2024-06-07 00:00:00-04:00,37.80722819438554,38.53371563991701,37.73756147835623,38.16549301147461,541400,0.0,0.0
2024-06-10 00:00:00-04:00,38.03612410667269,38.882033222830415,37.95650716586765,37.966461181640625,781800,0.0,0.0
2024-06-11 00:00:00-04:00,37.817179610478476,38.43419568851508,37.70770821998039,37.92665100097656,550900,0.0,0.0
2024-06-12 00:00:00-04:00,38.41429294366289,38.82232027184802,37.8370853118534,37.91669845581055,500600,0.0,0.0
2024-06-13 00:00:00-04:00,37.8271303529189,37.87689283753903,37.429057050369835,37.53852844238281,375300,0.0,0.0
2024-06-14 00:00:00-04:00,37.2698277694574,37.56838370185888,37.08073943507224,37.37929916381836,390600,0.0,0.0
2024-06-17 00:00:00-04:00,37.22006978641764,37.886844588222424,37.210115770553394,37.70771026611328,456400,0.0,0.0
2024-06-18 00:00:00-04:00,37.76742149962614,37.886843110927465,37.498720026939715,37.7176628112793,469500,0.0,0.0
2024-06-20 00:00:00-04:00,37.67785517811078,38.036123816309086,37.46886640460999,37.73756408691406,504100,0.0,0.0
2024-06-21 00:00:00-04:00,37.896798159005584,37.98636152266354,37.50867126809768,37.608192443847656,582500,0.0,0.0
2024-06-24 00:00:00-04:00,37.578333882277974,38.37448809631703,37.578333882277974,38.04607391357422,527800,0.0,0.0
2024-06-25 00:00:00-04:00,38.145593271717296,38.145593271717296,37.558431654818165,37.64799880981445,482900,0.0,0.0
2024-06-26 00:00:00-04:00,37.47881762047864,37.79727779704579,36.732425869834735,37.4489631652832,468500,0.0,0.0
2024-06-27 00:00:00-04:00,37.45891007966409,37.76742000939258,37.31958423925266,37.72761154174805,505000,0.0,0.0
2024-06-28 00:00:00-04:00,37.618142472962845,37.906748186660884,37.40915369946205,37.73756408691406,632600,0.0,0.0
2024-07-01 00:00:00-04:00,37.97641170193132,37.97641170193132,37.41910450091495,37.5285758972168,420200,0.0,0.0
2024-07-02 00:00:00-04:00,37.40915292245786,37.926651633957334,37.29968153013274,37.89679718017578,566800,0.0,0.0
2024-07-03 00:00:00-04:00,37.97641086939429,38.5038598076369,37.84703524056973,38.354583740234375,401700,0.0,0.0
2024-07-05 00:00:00-04:00,38.593426690331434,38.73275253744757,38.06597775586476,38.12569046020508,319800,0.0,0.0
2024-07-08 00:00:00-04:00,38.27496577911976,38.742705796456875,38.27496577911976,38.464054107666016,310100,0.0,0.0
2024-07-09 00:00:00-04:00,38.46405358314208,38.931789797756274,38.17544788291888,38.18539810180664,381000,0.0,0.0
2024-07-10 00:00:00-04:00,38.26501733732815,38.931792136859016,38.26501733732815,38.86212921142578,405300,0.0,0.0
2024-07-11 00:00:00-04:00,39.05121742292017,39.26020619854644,38.8919873372509,39.17063903808594,459600,0.0,0.0
2024-07-12 00:00:00-04:00,39.30996198127809,39.827460670517006,39.27015351371869,39.36967468261719,393800,0.0,0.0
2024-07-15 00:00:00-04:00,39.3796250045783,39.618472014216465,39.02135638829326,39.06116485595703,338000,0.0,0.0
2024-07-16 00:00:00-04:00,39.021359656878374,39.92698149219319,39.021359656878374,39.44929122924805,529100,0.0,0.0
2024-07-17 00:00:00-04:00,39.409482316465756,39.60852087288118,39.031313235255624,39.34977340698242,444300,0.0,0.0
2024-07-18 00:00:00-04:00,39.369677130034084,39.857317600745425,38.79246570357371,39.07111740112305,408900,0.0,0.0
2024-07-19 00:00:00-04:00,38.85217823847546,39.52890704071274,38.85217823847546,39.20049285888672,303000,0.0,0.0
2024-07-22 00:00:00-04:00,39.349770387365126,39.528904694758154,39.13082761247489,39.1905403137207,529800,0.0,0.0
2024-07-23 00:00:00-04:00,39.19054025193483,39.48909616500438,38.951693243672544,39.01140594482422,624100,0.0,0.0
2024-07-24 00:00:00-04:00,38.8322725984771,39.44928867359925,38.67304252114414,38.722801208496094,526500,0.0,0.0
2024-07-25 00:00:00-04:00,38.65313958427217,39.34977261961454,38.48395548598369,38.84222412109375,577300,0.0,0.0
2024-07-26 00:00:00-04:00,39.130830085089656,40.046405913657175,39.130830085089656,39.73789596557617,491000,0.0,0.0
2024-07-29 00:00:00-04:00,39.80755615234375,39.887173086893746,39.5587589263916,39.80755615234375,415900,0.0,0.0
2024-07-30 00:00:00-04:00,39.80755773334178,40.39471936176235,39.80755773334178,40.1558723449707,551300,0.0,0.0
2024-07-31 00:00:00-04:00,40.42457602617765,41.03164192222855,40.29520418983661,40.474334716796875,600100,0.0,0.0
2024-08-01 00:00:00-04:00,40.54400118406167,41.79793764295876,39.85731835026672,41.09135437011719,965000,0.0,0.0
2024-08-02 00:00:00-04:00,40.892316032039815,41.588949089097284,40.175778739484166,41.14111328125,974600,0.0,0.0
2024-08-05 00:00:00-04:00,40.07626117688476,40.9619787726476,39.698088296821005,40.42457580566406,884700,0.0,0.0
2024-08-06 00:00:00-04:00,40.42457439941539,40.5340457921792,39.86727101275541,39.94688415527344,612700,0.0,0.0
2024-08-07 00:00:00-04:00,40.295203381337785,40.683326475262945,39.76775064159171,39.787654876708984,578500,0.0,0.0
2024-08-08 00:00:00-04:00,40.165826466766006,41.389908414747815,40.116067778736415,41.1809196472168,767100,0.0,0.0
2024-08-09 00:00:00-04:00,41.28043542985322,41.60884959159195,41.14110959021051,41.4993782043457,529100,0.0,0.0
2024-08-12 00:00:00-04:00,41.46952114460651,41.88750247186327,41.121206535512975,41.26053237915039,428000,0.0,0.0
2024-08-13 00:00:00-04:00,41.37995811949804,41.83774412267877,41.25058249378365,41.66856002807617,686600,0.0,0.0
2024-08-14 00:00:00-04:00,41.787987276327925,41.90740889191088,41.27048854700884,41.39986038208008,512700,0.0,0.0
2024-08-15 00:00:00-04:00,41.91735834782466,42.1562053709844,41.58894796186774,41.738224029541016,648600,0.0,0.0
2024-08-16 00:00:00-04:00,41.797937857232306,42.08654357736927,41.54914060808211,41.987022399902344,663300,0.0,0.0
2024-08-19 00:00:00-04:00,42.03678327900941,42.43485658461759,41.98702079400686,42.30548095703125,634000,0.0,0.0
2024-08-20 00:00:00-04:00,42.4149528132966,42.67370407129632,42.22586827579269,42.40500259399414,653000,0.0,0.0
2024-08-21 00:00:00-04:00,42.703558525548345,42.79312568464907,42.34528988914545,42.40500259399414,4193400,0.0,0.0
2024-08-22 00:00:00-04:00,42.029998779296875,42.5,41.869998931884766,41.9900016784668,517600,0.205,0.0
2024-08-23 00:00:00-04:00,42.16999816894531,42.900001525878906,42.119998931884766,42.529998779296875,851600,0.0,0.0
2024-08-26 00:00:00-04:00,42.599998474121094,43.91999816894531,42.599998474121094,43.720001220703125,612200,0.0,0.0
2024-08-27 00:00:00-04:00,43.720001220703125,44.900001525878906,43.59000015258789,44.880001068115234,697400,0.0,0.0
2024-08-28 00:00:00-04:00,44.709999084472656,45.18000030517578,44.59000015258789,44.65999984741211,777500,0.0,0.0
2024-08-29 00:00:00-04:00,44.79999923706055,45.31999969482422,44.7599983215332,45.06999969482422,497100,0.0,0.0
2024-08-30 00:00:00-04:00,45.099998474121094,45.650001525878906,44.97999954223633,45.630001068115234,701300,0.0,0.0
2024-09-03 00:00:00-04:00,45.40999984741211,45.709999084472656,44.349998474121094,44.45000076293945,765400,0.0,0.0
2024-09-04 00:00:00-04:00,44.34000015258789,44.880001068115234,44.0,44.77000045776367,656700,0.0,0.0
2024-09-05 00:00:00-04:00,44.970001220703125,44.9900016784668,44.040000915527344,44.06999969482422,447900,0.0,0.0
2024-09-06 00:00:00-04:00,44.04999923706055,44.5,43.630001068115234,44.02000045776367,421600,0.0,0.0
2024-09-09 00:00:00-04:00,44.08000183105469,44.43000030517578,43.86000061035156,44.0099983215332,479800,0.0,0.0
2024-09-10 00:00:00-04:00,44.04999923706055,44.119998931884766,43.47999954223633,44.060001373291016,434800,0.0,0.0
2024-09-11 00:00:00-04:00,43.91999816894531,44.9900016784668,43.88999938964844,44.869998931884766,626100,0.0,0.0
2024-09-12 00:00:00-04:00,44.810001373291016,45.06999969482422,44.5099983215332,44.7599983215332,404900,0.0,0.0
2024-09-13 00:00:00-04:00,45.09000015258789,45.16999816894531,44.790000915527344,45.0,451400,0.0,0.0
2024-09-16 00:00:00-04:00,45.15999984741211,45.65999984741211,45.15999984741211,45.58000183105469,428200,0.0,0.0
2024-09-17 00:00:00-04:00,45.54999923706055,46.0099983215332,45.43000030517578,45.56999969482422,325900,0.0,0.0
2024-09-18 00:00:00-04:00,45.56999969482422,46.65999984741211,45.56999969482422,46.099998474121094,881900,0.0,0.0
2024-09-19 00:00:00-04:00,46.439998626708984,46.68000030517578,46.13999938964844,46.310001373291016,589400,0.0,0.0
2024-09-20 00:00:00-04:00,46.20000076293945,46.29999923706055,45.54999923706055,45.720001220703125,790300,0.0,0.0
2024-09-23 00:00:00-04:00,45.900001525878906,46.529998779296875,45.709999084472656,46.5099983215332,375800,0.0,0.0
2024-09-24 00:00:00-04:00,46.5099983215332,46.97999954223633,46.38999938964844,46.93000030517578,409100,0.0,0.0
2024-09-25 00:00:00-04:00,47.130001068115234,47.36000061035156,46.7599983215332,46.95000076293945,500900,0.0,0.0
2024-09-26 00:00:00-04:00,47.22999954223633,47.75,47.099998474121094,47.5,446200,0.0,0.0
2024-09-27 00:00:00-04:00,47.310001373291016,47.72999954223633,46.790000915527344,46.849998474121094,541700,0.0,0.0
2024-09-30 00:00:00-04:00,46.97999954223633,47.16999816894531,46.540000915527344,47.11000061035156,518500,0.0,0.0
2024-10-01 00:00:00-04:00,46.880001068115234,47.310001373291016,46.720001220703125,46.939998626708984,639700,0.0,0.0
2024-10-02 00:00:00-04:00,46.65999984741211,47.16999816894531,46.560001373291016,46.810001373291016,382300,0.0,0.0
2024-10-03 00:00:00-04:00,46.83000183105469,47.02000045776367,46.59000015258789,46.75,367600,0.0,0.0
2024-10-04 00:00:00-04:00,46.81999969482422,47.16999816894531,46.650001525878906,46.970001220703125,398000,0.0,0.0
2024-10-07 00:00:00-04:00,47.029998779296875,47.09000015258789,46.540000915527344,46.75,351900,0.0,0.0
2024-10-08 00:00:00-04:00,46.720001220703125,47.38999938964844,46.68000030517578,47.36000061035156,441800,0.0,0.0
2024-10-09 00:00:00-04:00,47.369998931884766,47.56999969482422,47.15999984741211,47.45000076293945,421200,0.0,0.0
2024-10-10 00:00:00-04:00,47.290000915527344,47.380001068115234,46.619998931884766,46.709999084472656,488900,0.0,0.0
2024-10-11 00:00:00-04:00,46.689998626708984,47.720001220703125,46.619998931884766,47.65999984741211,473800,0.0,0.0
2024-10-14 00:00:00-04:00,47.459999084472656,47.7599983215332,47.02000045776367,47.47999954223633,419700,0.0,0.0
2024-10-15 00:00:00-04:00,47.34000015258789,48.0099983215332,47.29999923706055,47.529998779296875,493700,0.0,0.0
2024-10-16 00:00:00-04:00,47.810001373291016,47.9900016784668,47.54999923706055,47.61000061035156,292900,0.0,0.0
2024-10-17 00:00:00-04:00,47.650001525878906,47.900001525878906,47.349998474121094,47.40999984741211,529700,0.0,0.0
2024-10-18 00:00:00-04:00,47.65999984741211,47.66999816894531,47.36000061035156,47.540000915527344,434600,0.0,0.0
2024-10-21 00:00:00-04:00,47.34000015258789,47.5099983215332,47.040000915527344,47.220001220703125,365400,0.0,0.0
2024-10-22 00:00:00-04:00,47.029998779296875,47.40999984741211,46.81999969482422,46.81999969482422,335200,0.0,0.0
2024-10-23 00:00:00-04:00,46.7400016784668,47.09000015258789,46.63999938964844,46.95000076293945,373900,0.0,0.0
2024-10-24 00:00:00-04:00,46.900001525878906,47.970001220703125,46.900001525878906,47.88999938964844,544100,0.0,0.0
2024-10-25 00:00:00-04:00,48.29999923706055,48.5099983215332,47.959999084472656,48.06999969482422,470300,0.0,0.0
2024-10-28 00:00:00-04:00,48.220001220703125,48.959999084472656,48.150001525878906,48.34000015258789,393200,0.0,0.0
2024-10-29 00:00:00-04:00,48.189998626708984,48.77000045776367,48.150001525878906,48.58000183105469,328700,0.0,0.0
2024-10-30 00:00:00-04:00,48.400001525878906,48.90999984741211,48.290000915527344,48.369998931884766,468100,0.0,0.0
2024-10-31 00:00:00-04:00,49.63999938964844,49.63999938964844,48.22999954223633,48.900001525878906,760800,0.0,0.0
2024-11-01 00:00:00-04:00,49.189998626708984,49.91999816894531,49.04999923706055,49.65999984741211,531400,0.0,0.0
2024-11-04 00:00:00-05:00,49.7400016784668,50.119998931884766,48.869998931884766,49.119998931884766,675600,0.0,0.0
2024-11-05 00:00:00-05:00,48.869998931884766,50.369998931884766,48.869998931884766,50.22999954223633,658100,0.0,0.0
2024-11-06 00:00:00-05:00,50.58000183105469,50.58000183105469,48.939998626708984,49.470001220703125,1198400,0.0,0.0
2024-11-07 00:00:00-05:00,50.029998779296875,50.029998779296875,48.880001068115234,49.20000076293945,654300,0.0,0.0
2024-11-08 00:00:00-05:00,48.880001068115234,49.290000915527344,48.75,49.27000045776367,1095300,0.0,0.0
2024-11-11 00:00:00-05:00,49.38999938964844,49.790000915527344,48.619998931884766,48.70000076293945,961600,0.0,0.0
2024-11-12 00:00:00-05:00,48.59000015258789,48.90999984741211,47.900001525878906,48.849998474121094,607900,0.0,0.0
2024-11-13 00:00:00-05:00,48.93000030517578,49.63999938964844,48.31999969482422,48.47999954223633,635900,0.0,0.0
2024-11-14 00:00:00-05:00,48.459999084472656,48.66999816894531,47.54999923706055,48.130001068115234,804100,0.0,0.0
2024-11-15 00:00:00-05:00,48.08000183105469,48.40999984741211,47.91999816894531,48.290000915527344,437600,0.0,0.0
2024-11-18 00:00:00-05:00,48.130001068115234,48.65999984741211,48.130001068115234,48.630001068115234,312200,0.0,0.0
2024-11-19 00:00:00-05:00,48.2400016784668,48.91999816894531,48.11000061035156,48.90999984741211,608200,0.0,0.0
2024-11-20 00:00:00-05:00,48.91999816894531,49.31999969482422,48.599998474121094,49.0099983215332,4462100,0.0,0.0
2024-11-21 00:00:00-05:00,48.959999084472656,49.540000915527344,48.630001068115234,49.47999954223633,466700,0.0,0.0
2024-11-22 00:00:00-05:00,49.7599983215332,50.119998931884766,49.619998931884766,49.83000183105469,376300,0.0,0.0
2024-11-25 00:00:00-05:00,50.06999969482422,50.43000030517578,49.58000183105469,50.0,674800,0.0,0.0
2024-11-26 00:00:00-05:00,49.7599983215332,49.7599983215332,49.08000183105469,49.54999923706055,452500,0.0,0.0
2024-11-27 00:00:00-05:00,49.56999969482422,49.880001068115234,49.34000015258789,49.560001373291016,283900,0.0,0.0
2024-11-29 00:00:00-05:00,49.619998931884766,49.900001525878906,49.560001373291016,49.619998931884766,150300,0.0,0.0
2024-12-02 00:00:00-05:00,49.72999954223633,50.599998474121094,49.68000030517578,50.11000061035156,470400,0.0,0.0
2024-12-03 00:00:00-05:00,50.209999084472656,50.529998779296875,49.95000076293945,50.09000015258789,539500,0.0,0.0
2024-12-04 00:00:00-05:00,49.959999084472656,50.31999969482422,49.22999954223633,49.400001525878906,727800,0.0,0.0
2024-12-05 00:00:00-05:00,49.40999984741211,49.7400016784668,49.0,49.119998931884766,653600,0.0,0.0
2024-12-06 00:00:00-05:00,49.20000076293945,49.20000076293945,48.20000076293945,48.2400016784668,398000,0.0,0.0
2024-12-09 00:00:00-05:00,48.150001525878906,48.83000183105469,47.689998626708984,47.84000015258789,632500,0.0,0.0
2024-12-10 00:00:00-05:00,47.849998474121094,48.40999984741211,47.720001220703125,48.2599983215332,612100,0.0,0.0
2024-12-11 00:00:00-05:00,48.33000183105469,48.9900016784668,48.189998626708984,48.81999969482422,502500,0.0,0.0
2024-12-12 00:00:00-05:00,49.0,49.459999084472656,48.790000915527344,48.83000183105469,553700,0.0,0.0
2024-12-13 00:00:00-05:00,48.9900016784668,49.2400016784668,48.130001068115234,48.81999969482422,639500,0.0,0.0
2024-12-16 00:00:00-05:00,48.75,49.38999938964844,48.54999923706055,48.63999938964844,421500,0.0,0.0
2024-12-17 00:00:00-05:00,48.61000061035156,48.650001525878906,48.349998474121094,48.47999954223633,317900,0.0,0.0
2024-12-18 00:00:00-05:00,48.470001220703125,48.470001220703125,46.9900016784668,47.02000045776367,433100,0.0,0.0
2024-12-19 00:00:00-05:00,47.40999984741211,47.650001525878906,46.72999954223633,46.77000045776367,299000,0.0,0.0
2024-12-20 00:00:00-05:00,46.529998779296875,47.33000183105469,46.45000076293945,46.779998779296875,712800,0.0,0.0
2024-12-23 00:00:00-05:00,46.540000915527344,47.099998474121094,46.400001525878906,46.75,616800,0.0,0.0
2024-12-24 00:00:00-05:00,46.86000061035156,46.970001220703125,46.54999923706055,46.83000183105469,355800,0.0,0.0
2024-12-26 00:00:00-05:00,46.540000915527344,47.31999969482422,46.540000915527344,47.220001220703125,511900,0.0,0.0
2024-12-27 00:00:00-05:00,47.06999969482422,47.290000915527344,46.5099983215332,46.86000061035156,343400,0.0,0.0
2024-12-30 00:00:00-05:00,46.63999938964844,46.63999938964844,45.56999969482422,46.279998779296875,367700,0.0,0.0
2024-12-31 00:00:00-05:00,46.13999938964844,47.08000183105469,46.13999938964844,47.04999923706055,543800,0.0,0.0
2025-01-02 00:00:00-05:00,47.11000061035156,47.36000061035156,46.61000061035156,46.7400016784668,280200,0.0,0.0
2025-01-03 00:00:00-05:00,46.59000015258789,46.93000030517578,46.29999923706055,46.90999984741211,284800,0.0,0.0
2025-01-06 00:00:00-05:00,47.04999923706055,48.09000015258789,46.959999084472656,47.099998474121094,293400,0.0,0.0
2025-01-07 00:00:00-05:00,47.36000061035156,47.36000061035156,46.2599983215332,46.5,324900,0.0,0.0
2025-01-08 00:00:00-05:00,46.25,47.029998779296875,45.959999084472656,46.97999954223633,617000,0.0,0.0
2025-01-10 00:00:00-05:00,47.959999084472656,48.70000076293945,47.52000045776367,48.29999923706055,1027200,0.0,0.0
2025-01-13 00:00:00-05:00,47.900001525878906,48.2599983215332,47.7400016784668,47.970001220703125,719900,0.0,0.0
2025-01-14 00:00:00-05:00,48.02000045776367,49.40999984741211,48.02000045776367,49.189998626708984,1301700,0.0,0.0
2025-01-15 00:00:00-05:00,49.779998779296875,50.02000045776367,49.15999984741211,49.56999969482422,615700,0.0,0.0
2025-01-16 00:00:00-05:00,49.59000015258789,49.66999816894531,49.25,49.4900016784668,388800,0.0,0.0
2025-01-17 00:00:00-05:00,49.59000015258789,49.810001373291016,49.380001068115234,49.75,364500,0.0,0.0
2025-01-21 00:00:00-05:00,50.25,51.150001525878906,50.220001220703125,51.02000045776367,455600,0.0,0.0
2025-01-22 00:00:00-05:00,50.54999923706055,51.08000183105469,50.52000045776367,50.869998931884766,261800,0.0,0.0
2025-01-23 00:00:00-05:00,50.540000915527344,51.18000030517578,50.220001220703125,51.029998779296875,346200,0.0,0.0
2025-01-24 00:00:00-05:00,50.959999084472656,51.2599983215332,50.79999923706055,51.15999984741211,361200,0.0,0.0
2025-01-27 00:00:00-05:00,51.0,51.25,50.779998779296875,51.13999938964844,347000,0.0,0.0
2025-01-28 00:00:00-05:00,50.97999954223633,52.18000030517578,50.97999954223633,51.79999923706055,482200,0.0,0.0
2025-01-29 00:00:00-05:00,51.86000061035156,52.20000076293945,51.5,51.65999984741211,379000,0.0,0.0
2025-01-30 00:00:00-05:00,51.959999084472656,52.86000061035156,51.86000061035156,52.40999984741211,301924,0.0,0.0
