Date,Open,High,Low,Close,Volume,Dividends,Stock Splits
2022-01-03 00:00:00-05:00,211.75,219.75,209.5,217.25,1436,0.0,0.0
2022-01-04 00:00:00-05:00,217.75,218.75,211.5,216.75,1148,0.0,0.0
2022-01-05 00:00:00-05:00,213.5,224.64999389648438,213.5,218.25,4076,0.0,0.0
2022-01-06 00:00:00-05:00,215.75,225.0,215.75,219.0,2388,0.0,0.0
2022-01-07 00:00:00-05:00,218.0,227.5,217.0,225.25,1560,0.0,0.0
2022-01-10 00:00:00-05:00,219.5,244.25,217.75,226.75,1340,0.0,0.0
2022-01-11 00:00:00-05:00,236.25,245.0,225.5,239.75,1820,0.0,0.0
2022-01-12 00:00:00-05:00,247.5,249.35000610351562,231.0,233.75,1164,0.0,0.0
2022-01-13 00:00:00-05:00,236.0,236.0,227.5,229.25,1344,0.0,0.0
2022-01-14 00:00:00-05:00,229.25,232.5,220.0,224.0,1568,0.0,0.0
2022-01-18 00:00:00-05:00,232.25,232.25,213.0,216.25,1852,0.0,0.0
2022-01-19 00:00:00-05:00,213.75,216.0,207.75,213.75,3856,0.0,0.0
2022-01-20 00:00:00-05:00,211.75,213.75,205.0,205.75,1484,0.0,0.0
2022-01-21 00:00:00-05:00,206.75,215.0,195.5,196.25,4772,0.0,0.0
2022-01-24 00:00:00-05:00,193.75,195.0,180.0,190.0,5160,0.0,0.0
2022-01-25 00:00:00-05:00,189.75,189.75,180.0,188.5,6296,0.0,0.0
2022-01-26 00:00:00-05:00,188.25,197.39999389648438,187.75,189.0,1412,0.0,0.0
2022-01-27 00:00:00-05:00,192.0,192.0,180.75,185.25,1760,0.0,0.0
2022-01-28 00:00:00-05:00,183.75,191.5,180.14999389648438,188.5,1040,0.0,0.0
2022-01-31 00:00:00-05:00,189.25,198.375,186.9499969482422,195.0,1260,0.0,0.0
2022-02-01 00:00:00-05:00,205.0,266.25,200.22500610351562,252.25,160520,0.0,0.0
2022-02-02 00:00:00-05:00,246.25,249.5,223.64999389648438,230.0,17716,0.0,0.0
2022-02-03 00:00:00-05:00,227.0,228.25,205.5,208.0,10224,0.0,0.0
2022-02-04 00:00:00-05:00,197.75,218.5,197.75,217.0,4284,0.0,0.0
2022-02-07 00:00:00-05:00,219.0,226.125,204.25,204.25,6016,0.0,0.0
2022-02-08 00:00:00-05:00,208.0,208.0,197.25,200.0,7460,0.0,0.0
2022-02-09 00:00:00-05:00,202.5,207.0,196.5,197.5,10724,0.0,0.0
2022-02-10 00:00:00-05:00,193.5,204.25,176.47500610351562,183.25,12264,0.0,0.0
2022-02-11 00:00:00-05:00,185.75,186.25,178.75,181.0,7252,0.0,0.0
2022-02-14 00:00:00-05:00,182.25,182.25,164.5,167.0,8724,0.0,0.0
2022-02-15 00:00:00-05:00,168.5,184.25,166.5,178.0,6096,0.0,0.0
2022-02-16 00:00:00-05:00,180.0,182.25,171.5,182.25,2432,0.0,0.0
2022-02-17 00:00:00-05:00,179.25,182.22500610351562,169.0,170.0,2864,0.0,0.0
2022-02-18 00:00:00-05:00,172.5,175.125,161.9250030517578,162.75,4940,0.0,0.0
2022-02-22 00:00:00-05:00,160.25,162.625,157.14999389648438,160.0,5392,0.0,0.0
2022-02-23 00:00:00-05:00,161.5,174.47500610351562,161.5,167.75,3304,0.0,0.0
2022-02-24 00:00:00-05:00,160.0,178.60000610351562,160.0,176.25,1848,0.0,0.0
2022-02-25 00:00:00-05:00,176.5,180.5,173.125,178.5,1404,0.0,0.0
2022-02-28 00:00:00-05:00,181.25,181.25,175.25,176.0,1204,0.0,0.0
2022-03-01 00:00:00-05:00,175.0,178.75,166.75,176.25,1860,0.0,0.0
2022-03-02 00:00:00-05:00,178.5,178.5,170.0,175.75,1552,0.0,0.0
2022-03-03 00:00:00-05:00,176.0,176.0,165.0,168.0,2404,0.0,0.0
2022-03-04 00:00:00-05:00,164.5,168.5,164.5,166.0,1336,0.0,0.0
2022-03-07 00:00:00-05:00,167.75,174.25,159.375,162.75,3104,0.0,0.0
2022-03-08 00:00:00-05:00,164.75,175.0,160.5749969482422,174.75,924,0.0,0.0
2022-03-09 00:00:00-05:00,179.5,179.5,169.0,172.0,1528,0.0,0.0
2022-03-10 00:00:00-05:00,173.25,177.75,169.5,173.75,1196,0.0,0.0
2022-03-11 00:00:00-05:00,170.75,174.0,165.25,168.75,1328,0.0,0.0
2022-03-14 00:00:00-04:00,167.5,174.39999389648438,158.25,159.75,2620,0.0,0.0
2022-03-15 00:00:00-04:00,161.22500610351562,172.6999969482422,150.25,157.75,3020,0.0,0.0
2022-03-16 00:00:00-04:00,161.25,165.25,157.8000030517578,162.75,1932,0.0,0.0
2022-03-17 00:00:00-04:00,164.5,167.3249969482422,161.25,166.25,1268,0.0,0.0
2022-03-18 00:00:00-04:00,165.0,170.5500030517578,163.25,165.5,1212,0.0,0.0
2022-03-21 00:00:00-04:00,166.52499389648438,171.25,159.75,164.0,1912,0.0,0.0
2022-03-22 00:00:00-04:00,164.0,169.25,150.0,164.0,3352,0.0,0.0
2022-03-23 00:00:00-04:00,161.25,166.75,160.0,162.5,1548,0.0,0.0
2022-03-24 00:00:00-04:00,164.75,165.0,161.75,163.75,1088,0.0,0.0
2022-03-25 00:00:00-04:00,165.5,173.75,162.0,171.5,1564,0.0,0.0
2022-03-28 00:00:00-04:00,173.5,177.0,166.25,177.0,1472,0.0,0.0
2022-03-29 00:00:00-04:00,177.25,187.25,174.5,183.5,1884,0.0,0.0
2022-03-30 00:00:00-04:00,184.75,187.75,183.25,186.75,1048,0.0,0.0
2022-03-31 00:00:00-04:00,187.5,197.5,184.25,193.5,2876,0.0,0.0
2022-04-01 00:00:00-04:00,194.75,194.75,184.25,185.25,1376,0.0,0.0
2022-04-04 00:00:00-04:00,190.25,193.75,181.0,182.5,408,0.0,0.0
2022-04-05 00:00:00-04:00,188.75,197.75,175.0,185.25,3568,0.0,0.0
2022-04-06 00:00:00-04:00,179.5,187.25,174.5,181.75,1108,0.0,0.0
2022-04-07 00:00:00-04:00,177.375,186.0,176.25,178.75,1140,0.0,0.0
2022-04-08 00:00:00-04:00,173.5,181.0,172.5,179.5,1348,0.0,0.0
2022-04-11 00:00:00-04:00,174.75,178.25,172.0,175.75,1012,0.0,0.0
2022-04-12 00:00:00-04:00,181.25,182.25,173.0,176.0,1948,0.0,0.0
2022-04-13 00:00:00-04:00,177.5,178.5,171.25,177.0,2560,0.0,0.0
2022-04-14 00:00:00-04:00,177.5,178.9250030517578,174.25,175.75,688,0.0,0.0
2022-04-18 00:00:00-04:00,168.75,180.0,168.75,171.25,768,0.0,0.0
2022-04-19 00:00:00-04:00,176.25,176.25,158.625,161.5,3584,0.0,0.0
2022-04-20 00:00:00-04:00,159.25,164.75,159.25,162.5,576,0.0,0.0
2022-04-21 00:00:00-04:00,165.0,165.0,158.25,159.25,1124,0.0,0.0
2022-04-22 00:00:00-04:00,160.97500610351562,165.0,160.0,163.5,948,0.0,0.0
2022-04-25 00:00:00-04:00,158.5,170.0,158.5,163.75,2120,0.0,0.0
2022-04-26 00:00:00-04:00,163.25,163.75,146.75,148.25,5048,0.0,0.0
2022-04-27 00:00:00-04:00,146.25,148.25,139.5,140.25,1332,0.0,0.0
2022-04-28 00:00:00-04:00,139.25,143.5,125.25,135.5,3844,0.0,0.0
2022-04-29 00:00:00-04:00,134.375,136.25,129.5,132.75,572,0.0,0.0
2022-05-02 00:00:00-04:00,132.0,137.5,126.25,137.5,1424,0.0,0.0
2022-05-03 00:00:00-04:00,137.5,139.75,126.5,128.75,1520,0.0,0.0
2022-05-04 00:00:00-04:00,128.75,143.75,120.25,140.75,3924,0.0,0.0
2022-05-05 00:00:00-04:00,142.5,142.5,126.75,127.0,1632,0.0,0.0
2022-05-06 00:00:00-04:00,141.75,141.75,127.5,128.5,996,0.0,0.0
2022-05-09 00:00:00-04:00,127.5,127.75,111.75,112.375,4652,0.0,0.0
2022-05-10 00:00:00-04:00,113.0,127.5,102.0,109.0,3592,0.0,0.0
2022-05-11 00:00:00-04:00,105.75,116.75,94.75,97.0,4096,0.0,0.0
2022-05-12 00:00:00-04:00,96.25,106.5,95.25,103.25,3760,0.0,0.0
2022-05-13 00:00:00-04:00,106.75,117.5,105.25,116.5,2888,0.0,0.0
2022-05-16 00:00:00-04:00,120.375,122.5,117.25,120.75,896,0.0,0.0
2022-05-17 00:00:00-04:00,125.75,136.5,125.0,134.0,3492,0.0,0.0
2022-05-18 00:00:00-04:00,135.25,137.25,127.75,129.75,1512,0.0,0.0
2022-05-19 00:00:00-04:00,128.25,129.75,119.25,129.75,2228,0.0,0.0
2022-05-20 00:00:00-04:00,134.0,143.75,129.0,142.0,2160,0.0,0.0
2022-05-23 00:00:00-04:00,139.5,168.5,139.25,162.5,6408,0.0,0.0
2022-05-24 00:00:00-04:00,164.0,166.0,147.5,152.5,3208,0.0,0.0
2022-05-25 00:00:00-04:00,152.5,162.25,152.5,159.5,904,0.0,0.0
2022-05-26 00:00:00-04:00,160.25,171.8249969482422,156.25,170.0,2516,0.0,0.0
2022-05-27 00:00:00-04:00,173.25,175.0,160.5,163.5,3052,0.0,0.0
2022-05-31 00:00:00-04:00,164.0,164.125,155.75,161.5,1112,0.0,0.0
2022-06-01 00:00:00-04:00,151.9499969482422,161.5,145.25,158.0,3396,0.0,0.0
2022-06-02 00:00:00-04:00,157.25,161.0,155.25,161.0,776,0.0,0.0
2022-06-03 00:00:00-04:00,160.75,171.5500030517578,160.0,169.75,2012,0.0,0.0
2022-06-06 00:00:00-04:00,178.0,178.0,160.25,165.0,1004,0.0,0.0
2022-06-07 00:00:00-04:00,162.0,169.3000030517578,162.0,165.75,848,0.0,0.0
2022-06-08 00:00:00-04:00,165.9499969482422,170.75,162.25,165.0,984,0.0,0.0
2022-06-09 00:00:00-04:00,168.5,168.5,157.5,160.75,1364,0.0,0.0
2022-06-10 00:00:00-04:00,156.25,161.75,150.0,152.5,932,0.0,0.0
2022-06-13 00:00:00-04:00,148.75,151.25,135.375,139.0,1544,0.0,0.0
2022-06-14 00:00:00-04:00,137.5,149.0,123.25,125.0,1776,0.0,0.0
2022-06-15 00:00:00-04:00,125.0,132.39999389648438,125.0,129.5,996,0.0,0.0
2022-06-16 00:00:00-04:00,126.75,128.875,121.5,124.5,1004,0.0,0.0
2022-06-17 00:00:00-04:00,131.0,131.0,123.25,127.5,1152,0.0,0.0
2022-06-21 00:00:00-04:00,126.75,135.0,126.75,132.5,1124,0.0,0.0
2022-06-22 00:00:00-04:00,129.5,135.75,125.0,131.75,1960,0.0,0.0
2022-06-23 00:00:00-04:00,131.25,131.25,126.5,129.0,708,0.0,0.0
2022-06-24 00:00:00-04:00,131.25,131.25,123.5,125.0,3032,0.0,0.0
2022-06-27 00:00:00-04:00,127.5,136.25,125.7249984741211,130.25,984,0.0,0.0
2022-06-28 00:00:00-04:00,130.25,136.875,126.75,130.25,584,0.0,0.0
2022-06-29 00:00:00-04:00,128.5,131.0,125.5,130.25,304,0.0,0.0
2022-06-30 00:00:00-04:00,125.5,131.0,124.0,129.75,1088,0.0,0.0
2022-07-01 00:00:00-04:00,136.0,136.0,127.0,129.0,436,0.0,0.0
2022-07-05 00:00:00-04:00,127.25,130.0,123.7750015258789,124.75,952,0.0,0.0
2022-07-06 00:00:00-04:00,126.75,130.25,123.75,123.75,1452,0.0,0.0
2022-07-07 00:00:00-04:00,122.0,131.25,121.5,126.75,1244,0.0,0.0
2022-07-08 00:00:00-04:00,127.5,140.75,124.0,128.0,1056,0.0,0.0
2022-07-11 00:00:00-04:00,127.4000015258789,136.0,126.7750015258789,133.75,1112,0.0,0.0
2022-07-12 00:00:00-04:00,135.0,135.0,123.25,125.25,1304,0.0,0.0
2022-07-13 00:00:00-04:00,126.875,127.5,120.5,120.625,1280,0.0,0.0
2022-07-14 00:00:00-04:00,121.25,127.0,114.0,118.5,952,0.0,0.0
2022-07-15 00:00:00-04:00,119.5,122.0,115.0,117.5,456,0.0,0.0
2022-07-18 00:00:00-04:00,117.75,120.75,113.75,115.0,1308,0.0,0.0
2022-07-19 00:00:00-04:00,114.75,124.25,111.75,116.25,9180,0.0,0.0
2022-07-20 00:00:00-04:00,117.0,130.0,116.25,123.0,4240,0.0,0.0
2022-07-21 00:00:00-04:00,122.0,130.0,120.75,126.0,2560,0.0,0.0
2022-07-22 00:00:00-04:00,129.75,129.75,122.75,126.75,1776,0.0,0.0
2022-07-25 00:00:00-04:00,125.0,127.5,122.5,127.4000015258789,4336,0.0,0.0
2022-07-26 00:00:00-04:00,130.0,140.5,127.75,135.5,5788,0.0,0.0
2022-07-27 00:00:00-04:00,136.75,168.75,133.375,162.75,10796,0.0,0.0
2022-07-28 00:00:00-04:00,184.25,184.25,163.75,171.25,9272,0.0,0.0
2022-07-29 00:00:00-04:00,170.25,173.75,153.25,162.0,6268,0.0,0.0
2022-08-01 00:00:00-04:00,161.75,175.0,159.25,167.5,2304,0.0,0.0
2022-08-02 00:00:00-04:00,165.5,169.75,162.5,167.5,816,0.0,0.0
2022-08-03 00:00:00-04:00,170.0,172.5,163.25,167.25,1368,0.0,0.0
2022-08-04 00:00:00-04:00,168.75,171.25,163.0,170.75,2656,0.0,0.0
2022-08-05 00:00:00-04:00,170.75,180.35000610351562,169.75,179.75,3708,0.0,0.0
2022-08-08 00:00:00-04:00,180.0,190.0,180.0,185.5,5628,0.0,0.0
2022-08-09 00:00:00-04:00,185.25,186.75,181.5,185.25,1708,0.0,0.0
2022-08-10 00:00:00-04:00,185.0,185.0,179.0,182.5,2296,0.0,0.0
2022-08-11 00:00:00-04:00,184.0,187.25,170.5,176.5,2840,0.0,0.0
2022-08-12 00:00:00-04:00,174.0,189.25,174.0,185.5,5836,0.0,0.0
2022-08-15 00:00:00-04:00,211.25,216.75,198.75,213.0,21496,0.0,0.0
2022-08-16 00:00:00-04:00,214.25,218.25,209.5,213.0,3964,0.0,0.0
2022-08-17 00:00:00-04:00,213.0,218.75,208.75,214.5,4596,0.0,0.0
2022-08-18 00:00:00-04:00,214.5,215.75,208.9499969482422,211.75,1556,0.0,0.0
2022-08-19 00:00:00-04:00,209.5,211.75,202.5,206.5,1844,0.0,0.0
2022-08-22 00:00:00-04:00,203.0,204.0,192.5,199.75,2116,0.0,0.0
2022-08-23 00:00:00-04:00,200.0,216.75,198.0,212.0,3236,0.0,0.0
2022-08-24 00:00:00-04:00,214.5,216.5,209.5,212.25,1512,0.0,0.0
2022-08-25 00:00:00-04:00,216.0,216.0,207.5,212.5,788,0.0,0.0
2022-08-26 00:00:00-04:00,214.75,215.0,207.75,210.0,1064,0.0,0.0
2022-08-29 00:00:00-04:00,208.3000030517578,216.5,207.75,210.0,1056,0.0,0.0
2022-08-30 00:00:00-04:00,210.25,210.25,201.25,207.25,1132,0.0,0.0
2022-08-31 00:00:00-04:00,207.5,212.5,205.25,212.0,1628,0.0,0.0
2022-09-01 00:00:00-04:00,207.5,209.25,195.25,201.75,2384,0.0,0.0
2022-09-02 00:00:00-04:00,205.5,207.5,200.0,207.5,836,0.0,0.0
2022-09-06 00:00:00-04:00,210.0,210.0,196.25,199.75,1232,0.0,0.0
2022-09-07 00:00:00-04:00,201.27499389648438,207.5,200.0,207.5,676,0.0,0.0
2022-09-08 00:00:00-04:00,209.25,209.25,200.5,208.5,908,0.0,0.0
2022-09-09 00:00:00-04:00,212.0,213.75,206.75,207.75,1644,0.0,0.0
2022-09-12 00:00:00-04:00,209.25,217.25,204.5,213.5,2112,0.0,0.0
2022-09-13 00:00:00-04:00,212.25,217.02499389648438,201.75,205.5,1684,0.0,0.0
2022-09-14 00:00:00-04:00,203.875,210.75,200.0,200.0,1168,0.0,0.0
2022-09-15 00:00:00-04:00,200.0,205.75,195.0,202.25,960,0.0,0.0
2022-09-16 00:00:00-04:00,190.0,199.5,187.75,198.5,1888,0.0,0.0
2022-09-19 00:00:00-04:00,193.25,200.5,168.0,177.5,5616,0.0,0.0
2022-09-20 00:00:00-04:00,177.5,184.125,174.25,178.5,2092,0.0,0.0
2022-09-21 00:00:00-04:00,181.25,184.75,171.75,181.5,824,0.0,0.0
2022-09-22 00:00:00-04:00,181.25,181.25,172.5500030517578,176.75,740,0.0,0.0
2022-09-23 00:00:00-04:00,172.75,176.39999389648438,168.75,173.75,1724,0.0,0.0
2022-09-26 00:00:00-04:00,167.85000610351562,175.0,162.75,166.25,1156,0.0,0.0
2022-09-27 00:00:00-04:00,165.625,172.5,165.5,172.25,1280,0.0,0.0
2022-09-28 00:00:00-04:00,184.25,184.25,163.75,171.5,15568,0.0,0.0
2022-09-29 00:00:00-04:00,172.5,178.375,164.0,171.5,1880,0.0,0.0
2022-09-30 00:00:00-04:00,169.0,176.25,167.5,167.5,2200,0.0,0.0
2022-10-03 00:00:00-04:00,173.75,178.25,164.0,176.0,2656,0.0,0.0
2022-10-04 00:00:00-04:00,182.0,182.5,176.25,180.25,1308,0.0,0.0
2022-10-05 00:00:00-04:00,179.0,181.375,173.5,177.75,840,0.0,0.0
2022-10-06 00:00:00-04:00,178.75,182.0,175.75,181.5,396,0.0,0.0
2022-10-07 00:00:00-04:00,181.5,193.27499389648438,178.3000030517578,181.75,2772,0.0,0.0
2022-10-10 00:00:00-04:00,187.5,187.5,172.75,173.0,1272,0.0,0.0
2022-10-11 00:00:00-04:00,172.5,173.5,165.375,166.0,1028,0.0,0.0
2022-10-12 00:00:00-04:00,167.5,169.5,164.25,169.5,520,0.0,0.0
2022-10-13 00:00:00-04:00,163.5,174.25,158.75,164.0,2304,0.0,0.0
2022-10-14 00:00:00-04:00,168.25,168.25,157.5,158.0,1756,0.0,0.0
2022-10-17 00:00:00-04:00,162.5,169.5,160.5,166.5,1892,0.0,0.0
2022-10-18 00:00:00-04:00,171.5,176.8249969482422,168.5,174.0,1020,0.0,0.0
2022-10-19 00:00:00-04:00,173.27499389648438,173.27499389648438,165.0,166.25,708,0.0,0.0
2022-10-20 00:00:00-04:00,167.5,169.0,163.25,163.75,572,0.0,0.0
2022-10-21 00:00:00-04:00,165.0,177.0,165.0,173.25,1616,0.0,0.0
2022-10-24 00:00:00-04:00,172.875,173.5,167.0,167.0,1732,0.0,0.0
2022-10-25 00:00:00-04:00,165.5,175.0,165.5,171.0,980,0.0,0.0
2022-10-26 00:00:00-04:00,173.0,178.0,165.5749969482422,172.25,1532,0.0,0.0
2022-10-27 00:00:00-04:00,176.5,177.0,170.0,173.5,1316,0.0,0.0
2022-10-28 00:00:00-04:00,175.5,177.5,168.85000610351562,170.5,996,0.0,0.0
2022-10-31 00:00:00-04:00,172.0,175.0,170.0,172.5,972,0.0,0.0
2022-11-01 00:00:00-04:00,175.0,176.75,169.4250030517578,170.25,680,0.0,0.0
2022-11-02 00:00:00-04:00,169.6750030517578,174.0,157.5,157.5,2380,0.0,0.0
2022-11-03 00:00:00-04:00,173.5,181.25,157.5,174.75,4912,0.0,0.0
2022-11-04 00:00:00-04:00,186.5,186.5,167.0,167.25,1452,0.0,0.0
2022-11-07 00:00:00-05:00,170.75,184.5,168.75,176.25,3728,0.0,0.0
2022-11-08 00:00:00-05:00,174.5,185.5,174.5,180.75,1532,0.0,0.0
2022-11-09 00:00:00-05:00,180.0,180.0,172.52499389648438,175.75,708,0.0,0.0
2022-11-10 00:00:00-05:00,179.5,182.5,170.5,174.0,1608,0.0,0.0
2022-11-11 00:00:00-05:00,177.0,177.0,163.75,165.25,2348,0.0,0.0
2022-11-14 00:00:00-05:00,164.0,175.0,146.125,150.0,5400,0.0,0.0
2022-11-15 00:00:00-05:00,154.5,160.85000610351562,151.25,151.75,1820,0.0,0.0
2022-11-16 00:00:00-05:00,151.0,162.25,148.75,152.75,1308,0.0,0.0
2022-11-17 00:00:00-05:00,151.5,158.75,146.25,155.25,920,0.0,0.0
2022-11-18 00:00:00-05:00,161.0,177.25,137.5,175.0,16580,0.0,0.0
2022-11-21 00:00:00-05:00,177.25,177.25,159.75,163.0,3452,0.0,0.0
2022-11-22 00:00:00-05:00,162.5,167.5,155.25,158.0,2376,0.0,0.0
2022-11-23 00:00:00-05:00,159.0,161.25,155.0,158.75,1244,0.0,0.0
2022-11-25 00:00:00-05:00,158.0,158.75,153.9250030517578,157.25,540,0.0,0.0
2022-11-28 00:00:00-05:00,158.0,162.75,153.0,155.5,3448,0.0,0.0
2022-11-29 00:00:00-05:00,153.75,155.25,143.75,143.75,2432,0.0,0.0
2022-11-30 00:00:00-05:00,143.75,156.25,139.0,146.5,3516,0.0,0.0
2022-12-01 00:00:00-05:00,146.75,149.125,145.25,148.0,1024,0.0,0.0
2022-12-02 00:00:00-05:00,147.75,156.5,140.25,152.25,3504,0.0,0.0
2022-12-05 00:00:00-05:00,155.25,156.1999969482422,146.25,151.0,1520,0.0,0.0
2022-12-06 00:00:00-05:00,148.5,151.25,137.75,139.0,2556,0.0,0.0
2022-12-07 00:00:00-05:00,137.75,143.5,122.25,126.0,4180,0.0,0.0
2022-12-08 00:00:00-05:00,125.0,135.0,125.0,133.75,1876,0.0,0.0
2022-12-09 00:00:00-05:00,131.5,141.0,129.0,140.0,3036,0.0,0.0
2022-12-12 00:00:00-05:00,145.0,152.97500610351562,139.0,142.75,3876,0.0,0.0
2022-12-13 00:00:00-05:00,144.5,144.5,128.5749969482422,134.75,3120,0.0,0.0
2022-12-14 00:00:00-05:00,134.5,134.5,118.7750015258789,119.75,6368,0.0,0.0
2022-12-15 00:00:00-05:00,119.0,123.0,117.75,118.25,3408,0.0,0.0
2022-12-16 00:00:00-05:00,41.75,43.75,27.0,30.0,165684,0.0,0.0
2022-12-19 00:00:00-05:00,27.5,29.0,25.25,26.75,31820,0.0,0.0
2022-12-20 00:00:00-05:00,26.75,28.0,24.0,25.5,13676,0.0,0.0
2022-12-21 00:00:00-05:00,25.25,27.0,25.25,26.0,10032,0.0,0.0
2022-12-22 00:00:00-05:00,26.25,26.5,25.0,26.0,7796,0.0,0.0
2022-12-23 00:00:00-05:00,27.5,31.0,24.075000762939453,29.25,19836,0.0,0.0
2022-12-27 00:00:00-05:00,26.25,28.575000762939453,26.25,27.75,4292,0.0,0.0
2022-12-28 00:00:00-05:00,27.75,29.0,27.0,28.0,6116,0.0,0.0
2022-12-29 00:00:00-05:00,25.5,27.5,24.350000381469727,26.75,10868,0.0,0.0
2022-12-30 00:00:00-05:00,25.0,29.0,25.0,29.0,7912,0.0,0.0
2023-01-03 00:00:00-05:00,28.75,30.424999237060547,27.75,30.25,6408,0.0,0.0
2023-01-04 00:00:00-05:00,30.0,30.75,29.5,29.75,3372,0.0,0.0
2023-01-05 00:00:00-05:00,30.25,31.0,29.125,30.25,3548,0.0,0.0
2023-01-06 00:00:00-05:00,30.0,30.25,29.0,29.25,3240,0.0,0.0
2023-01-09 00:00:00-05:00,28.5,29.75,27.0,29.5,4360,0.0,0.0
2023-01-10 00:00:00-05:00,29.0,29.5,28.5,29.0,4252,0.0,0.0
2023-01-11 00:00:00-05:00,28.575000762939453,29.25,27.0,28.5,4808,0.0,0.0
2023-01-12 00:00:00-05:00,28.5,29.5,27.5,28.25,4968,0.0,0.0
2023-01-13 00:00:00-05:00,28.75,31.5,28.0,30.75,9476,0.0,0.0
2023-01-17 00:00:00-05:00,32.25,32.25,29.5,29.75,3048,0.0,0.0
2023-01-18 00:00:00-05:00,29.5,30.125,27.75,27.75,1716,0.0,0.0
2023-01-19 00:00:00-05:00,27.75,28.5,26.25,27.5,2756,0.0,0.0
2023-01-20 00:00:00-05:00,27.0,27.0,25.75,26.5,3132,0.0,0.0
2023-01-23 00:00:00-05:00,26.25,26.25,25.0,26.0,4884,0.0,0.0
2023-01-24 00:00:00-05:00,25.5,27.25,25.25,26.524999618530273,2940,0.0,0.0
2023-01-25 00:00:00-05:00,26.5,26.75,25.5,26.25,3444,0.0,0.0
2023-01-26 00:00:00-05:00,27.25,28.5,25.75,26.25,5452,0.0,0.0
2023-01-27 00:00:00-05:00,27.25,28.0,26.5,27.5,4640,0.0,0.0
2023-01-30 00:00:00-05:00,27.0,27.5,26.25,26.5,612,0.0,0.0
2023-01-31 00:00:00-05:00,27.0,27.25,26.5,27.0,2124,0.0,0.0
2023-02-01 00:00:00-05:00,27.0,28.0,27.0,27.5,1564,0.0,0.0
2023-02-02 00:00:00-05:00,27.5,29.75,27.5,29.75,8776,0.0,0.0
2023-02-03 00:00:00-05:00,30.0,30.75,29.25,29.75,5644,0.0,0.0
2023-02-06 00:00:00-05:00,31.0,33.25,29.299999237060547,32.75,6296,0.0,0.0
2023-02-07 00:00:00-05:00,33.75,33.75,32.5,33.25,5772,0.0,0.0
2023-02-08 00:00:00-05:00,33.0,33.5,31.25,31.75,5000,0.0,0.0
2023-02-09 00:00:00-05:00,31.5,31.75,28.5,28.5,5804,0.0,0.0
2023-02-10 00:00:00-05:00,28.75,29.75,28.25,28.5,2380,0.0,0.0
2023-02-13 00:00:00-05:00,30.5,31.0,28.049999237060547,28.75,1168,0.0,0.0
2023-02-14 00:00:00-05:00,28.5,30.0,28.0,29.75,1788,0.0,0.0
2023-02-15 00:00:00-05:00,30.0,31.25,28.75,30.5,1432,0.0,0.0
2023-02-16 00:00:00-05:00,31.0,31.024999618530273,30.0,30.75,1492,0.0,0.0
2023-02-17 00:00:00-05:00,31.5,31.5,30.25,31.0,744,0.0,0.0
2023-02-21 00:00:00-05:00,30.0,30.75,28.0,28.75,4292,0.0,0.0
2023-02-22 00:00:00-05:00,29.0,29.875,27.5,28.0,3088,0.0,0.0
2023-02-23 00:00:00-05:00,29.75,29.75,28.25,29.25,3124,0.0,0.0
2023-02-24 00:00:00-05:00,28.25,29.5,26.25,27.0,2028,0.0,0.0
2023-02-27 00:00:00-05:00,29.299999237060547,29.299999237060547,27.0,27.0,608,0.0,0.0
2023-02-28 00:00:00-05:00,27.5,27.674999237060547,26.049999237060547,26.75,1080,0.0,0.0
2023-03-01 00:00:00-05:00,27.375,27.5,25.5,25.75,3672,0.0,0.0
2023-03-02 00:00:00-05:00,25.950000762939453,25.950000762939453,24.700000762939453,25.25,2664,0.0,0.0
2023-03-03 00:00:00-05:00,28.125,28.125,26.0,26.25,1268,0.0,0.0
2023-03-06 00:00:00-05:00,25.75,25.75,24.0,24.625,2940,0.0,0.0
2023-03-07 00:00:00-05:00,25.75,26.25,24.25,25.125,2508,0.0,0.0
2023-03-08 00:00:00-05:00,25.25,27.25,25.0,26.75,1432,0.0,0.0
2023-03-09 00:00:00-05:00,26.274999618530273,26.75,25.0,25.25,1404,0.0,0.0
2023-03-10 00:00:00-05:00,24.299999237060547,26.774999618530273,20.75,22.5,6640,0.0,0.0
2023-03-13 00:00:00-04:00,23.0,23.75,21.774999618530273,22.899999618530273,3104,0.0,0.0
2023-03-14 00:00:00-04:00,25.0,25.0,22.75,22.774999618530273,1620,0.0,0.0
2023-03-15 00:00:00-04:00,23.75,24.5,21.575000762939453,21.575000762939453,3776,0.0,0.0
2023-03-16 00:00:00-04:00,21.5,23.200000762939453,21.049999237060547,21.049999237060547,2800,0.0,0.0
2023-03-17 00:00:00-04:00,21.25,26.0,20.850000381469727,20.850000381469727,3872,0.0,0.0
2023-03-20 00:00:00-04:00,21.899999618530273,22.5,20.049999237060547,20.049999237060547,3896,0.0,0.0
2023-03-21 00:00:00-04:00,20.100000381469727,21.549999237060547,20.100000381469727,20.399999618530273,4820,0.0,0.0
2023-03-22 00:00:00-04:00,21.25,22.0,20.0,20.0,1480,0.0,0.0
2023-03-23 00:00:00-04:00,21.450000762939453,21.5,20.0,20.375,1680,0.0,0.0
2023-03-24 00:00:00-04:00,20.5,21.0,20.0,20.75,1244,0.0,0.0
2023-03-27 00:00:00-04:00,19.950000762939453,21.875,19.950000762939453,20.75,3120,0.0,0.0
2023-03-28 00:00:00-04:00,21.5,21.700000762939453,20.0,20.5,1748,0.0,0.0
2023-03-29 00:00:00-04:00,21.875,21.875,20.125,21.75,1368,0.0,0.0
2023-03-30 00:00:00-04:00,20.549999237060547,21.5,20.25,20.674999237060547,2904,0.0,0.0
2023-03-31 00:00:00-04:00,20.25,21.875,18.825000762939453,20.0,3564,0.0,0.0
2023-04-03 00:00:00-04:00,19.399999618530273,21.25,18.524999618530273,20.0,3116,0.0,0.0
2023-04-04 00:00:00-04:00,19.75,20.0,18.75,19.75,680,0.0,0.0
2023-04-05 00:00:00-04:00,18.75,21.0,17.524999618530273,20.149999618530273,1764,0.0,0.0
2023-04-06 00:00:00-04:00,20.0,20.0,19.5,19.5,52,0.0,0.0
2023-04-10 00:00:00-04:00,18.75,20.25,18.75,20.25,200,0.0,0.0
2023-04-11 00:00:00-04:00,20.0,21.25,19.5,21.225000381469727,968,0.0,0.0
2023-04-12 00:00:00-04:00,20.5,21.25,19.924999237060547,21.0,1152,0.0,0.0
2023-04-13 00:00:00-04:00,20.024999618530273,21.125,19.649999618530273,21.125,1524,0.0,0.0
2023-04-14 00:00:00-04:00,20.75,23.75,19.399999618530273,21.5,8964,0.0,0.0
2023-04-17 00:00:00-04:00,21.725000381469727,22.5,21.725000381469727,21.774999618530273,1960,0.0,0.0
2023-04-18 00:00:00-04:00,21.5,26.5,21.25,23.0,8356,0.0,0.0
2023-04-19 00:00:00-04:00,23.0,26.25,23.0,25.0,1744,0.0,0.0
2023-04-20 00:00:00-04:00,23.0,25.0,23.0,25.0,560,0.0,0.0
2023-04-21 00:00:00-04:00,24.0,25.0,21.75,24.25,1492,0.0,0.0
2023-04-24 00:00:00-04:00,23.5,26.25,23.375,23.75,2716,0.0,0.0
2023-04-25 00:00:00-04:00,23.75,25.0,23.0,23.0,844,0.0,0.0
2023-04-26 00:00:00-04:00,23.0,23.0,21.899999618530273,22.5,692,0.0,0.0
2023-04-27 00:00:00-04:00,21.75,22.5,21.75,22.475000381469727,1048,0.0,0.0
2023-04-28 00:00:00-04:00,21.25,22.5,20.5,22.25,1064,0.0,0.0
2023-05-01 00:00:00-04:00,22.25,22.5,21.25,21.25,816,0.0,0.0
2023-05-02 00:00:00-04:00,20.75,22.25,20.0,20.975000381469727,1704,0.0,0.0
2023-05-03 00:00:00-04:00,21.25,22.0,20.75,21.125,1180,0.0,0.0
2023-05-04 00:00:00-04:00,22.450000762939453,23.0,20.25,21.274999618530273,420,0.0,0.0
2023-05-05 00:00:00-04:00,20.5,22.0,20.5,21.5,312,0.0,0.0
2023-05-08 00:00:00-04:00,21.5,22.75,20.0,21.25,796,0.0,0.0
2023-05-09 00:00:00-04:00,22.475000381469727,22.475000381469727,20.0,20.125,1572,0.0,0.0
2023-05-10 00:00:00-04:00,20.0,21.700000762939453,19.5,20.125,1800,0.0,0.0
2023-05-11 00:00:00-04:00,20.125,20.625,19.5,19.5,1584,0.0,0.0
2023-05-12 00:00:00-04:00,20.100000381469727,21.25,19.5,20.700000762939453,788,0.0,0.0
2023-05-15 00:00:00-04:00,20.25,22.0,20.0,20.950000762939453,776,0.0,0.0
2023-05-16 00:00:00-04:00,21.0,21.0,20.0,20.0,768,0.0,0.0
2023-05-17 00:00:00-04:00,20.0,20.5,19.700000762939453,20.5,1052,0.0,0.0
2023-05-18 00:00:00-04:00,21.0,25.0,20.100000381469727,23.424999237060547,22780,0.0,0.0
2023-05-19 00:00:00-04:00,22.5,23.424999237060547,20.975000381469727,21.549999237060547,2008,0.0,0.0
2023-05-22 00:00:00-04:00,21.725000381469727,22.75,20.5,21.5,2664,0.0,0.0
2023-05-23 00:00:00-04:00,22.0,22.75,21.5,22.75,780,0.0,0.0
2023-05-24 00:00:00-04:00,22.75,22.75,21.25,21.625,1356,0.0,0.0
2023-05-25 00:00:00-04:00,22.0,23.0,21.625,22.274999618530273,2348,0.0,0.0
2023-05-26 00:00:00-04:00,22.75,22.75,21.25,21.25,1136,0.0,0.0
2023-05-30 00:00:00-04:00,21.899999618530273,21.899999618530273,20.524999618530273,20.549999237060547,476,0.0,0.0
2023-05-31 00:00:00-04:00,20.75,21.5,20.75,21.0,788,0.0,0.0
2023-06-01 00:00:00-04:00,21.5,21.5,20.0,20.799999237060547,1020,0.0,0.0
2023-06-02 00:00:00-04:00,21.5,21.700000762939453,20.25,20.524999618530273,1688,0.0,0.0
2023-06-05 00:00:00-04:00,20.299999237060547,21.700000762939453,20.25,20.399999618530273,1032,0.0,0.0
2023-06-06 00:00:00-04:00,21.700000762939453,22.0,20.274999618530273,21.75,1048,0.0,0.0
2023-06-07 00:00:00-04:00,21.875,22.0,20.5,20.799999237060547,1196,0.0,0.0
2023-06-08 00:00:00-04:00,22.0,22.0,21.25,21.5,1796,0.0,0.0
2023-06-09 00:00:00-04:00,21.5,22.0,20.274999618530273,21.149999618530273,1324,0.0,0.0
2023-06-12 00:00:00-04:00,21.25,21.75,20.75,21.75,592,0.0,0.0
2023-06-13 00:00:00-04:00,21.5,23.399999618530273,21.0,23.399999618530273,3660,0.0,0.0
2023-06-14 00:00:00-04:00,22.5,23.149999618530273,22.25,22.5,840,0.0,0.0
2023-06-15 00:00:00-04:00,22.700000762939453,23.399999618530273,22.125,23.399999618530273,884,0.0,0.0
2023-06-16 00:00:00-04:00,23.399999618530273,23.399999618530273,22.5,22.75,488,0.0,0.0
2023-06-20 00:00:00-04:00,22.75,22.75,21.5,22.0,1188,0.0,0.0
2023-06-21 00:00:00-04:00,20.75,23.75,20.75,23.75,476,0.0,0.0
2023-06-22 00:00:00-04:00,23.75,23.75,22.274999618530273,23.0,260,0.0,0.0
2023-06-23 00:00:00-04:00,23.0,23.0,20.5,21.875,728,0.0,0.0
2023-06-26 00:00:00-04:00,21.875,23.75,21.875,23.75,208,0.0,0.0
2023-06-27 00:00:00-04:00,22.5,23.5,21.875,22.399999618530273,692,0.0,0.0
2023-06-28 00:00:00-04:00,22.125,23.475000381469727,21.875,23.25,1056,0.0,0.0
2023-06-29 00:00:00-04:00,23.75,23.975000381469727,23.25,23.5,928,0.0,0.0
2023-06-30 00:00:00-04:00,23.299999237060547,23.625,22.875,23.200000762939453,500,0.0,0.0
2023-07-03 00:00:00-04:00,22.524999618530273,23.200000762939453,21.875,22.524999618530273,520,0.0,0.0
2023-07-05 00:00:00-04:00,23.375,23.375,21.25,22.75,1416,0.0,0.0
2023-07-06 00:00:00-04:00,22.0,22.75,21.25,22.5,432,0.0,0.0
2023-07-07 00:00:00-04:00,22.0,22.625,20.700000762939453,21.625,1064,0.0,0.0
2023-07-10 00:00:00-04:00,22.5,23.100000381469727,20.5,21.5,888,0.0,0.0
2023-07-11 00:00:00-04:00,22.5,22.875,20.5,21.25,552,0.0,0.0
2023-07-12 00:00:00-04:00,22.5,22.5,21.25,21.524999618530273,336,0.0,0.0
2023-07-13 00:00:00-04:00,25.0,47.0,22.125,26.0,1392832,0.0,0.0
2023-07-14 00:00:00-04:00,25.0,25.0,23.25,24.149999618530273,46308,0.0,0.0
2023-07-17 00:00:00-04:00,23.5,23.75,21.75,23.424999237060547,22780,0.0,0.0
2023-07-18 00:00:00-04:00,23.25,23.5,21.975000381469727,22.725000381469727,13252,0.0,0.0
2023-07-19 00:00:00-04:00,23.5,24.0,21.75,22.0,21272,0.0,0.0
2023-07-20 00:00:00-04:00,21.875,22.174999237060547,21.299999237060547,21.549999237060547,9568,0.0,0.0
2023-07-21 00:00:00-04:00,21.75,21.950000762939453,20.875,21.5,7664,0.0,0.0
2023-07-24 00:00:00-04:00,21.5,21.875,19.375,20.075000762939453,8732,0.0,0.0
2023-07-25 00:00:00-04:00,19.524999618530273,20.25,19.274999618530273,19.274999618530273,8132,0.0,0.0
2023-07-26 00:00:00-04:00,19.5,19.75,17.75,18.5,6580,0.0,0.0
2023-07-27 00:00:00-04:00,18.75,20.25,18.625,19.25,17976,0.0,0.0
2023-07-28 00:00:00-04:00,19.024999618530273,19.700000762939453,18.625,19.149999618530273,10052,0.0,0.0
2023-07-31 00:00:00-04:00,19.725000381469727,19.725000381469727,18.5,18.524999618530273,8116,0.0,0.0
2023-08-01 00:00:00-04:00,18.774999618530273,19.0,17.774999618530273,18.350000381469727,11684,0.0,0.0
2023-08-02 00:00:00-04:00,18.325000762939453,18.325000762939453,16.75,17.0,9176,0.0,0.0
2023-08-03 00:00:00-04:00,17.0,17.475000381469727,16.0,16.5,9860,0.0,0.0
2023-08-04 00:00:00-04:00,16.5,18.0,15.5,17.100000381469727,22848,0.0,0.0
2023-08-07 00:00:00-04:00,17.450000762939453,17.450000762939453,15.024999618530273,15.625,24844,0.0,0.0
2023-08-08 00:00:00-04:00,15.5,15.5,14.5,15.300000190734863,10332,0.0,0.0
2023-08-09 00:00:00-04:00,15.5,16.125,14.25,15.300000190734863,13868,0.0,0.0
2023-08-10 00:00:00-04:00,15.5,15.75,14.5,15.324999809265137,8236,0.0,0.0
2023-08-11 00:00:00-04:00,15.5,15.774999618530273,14.5,15.149999618530273,4520,0.0,0.0
2023-08-14 00:00:00-04:00,15.0,16.875,13.75,16.75,30500,0.0,0.0
2023-08-15 00:00:00-04:00,17.0,17.75,16.25,16.350000381469727,14648,0.0,0.0
2023-08-16 00:00:00-04:00,15.925000190734863,17.0,15.75,16.0,6368,0.0,0.0
2023-08-17 00:00:00-04:00,16.0,16.25,13.774999618530273,14.725000381469727,14232,0.0,0.0
2023-08-18 00:00:00-04:00,14.5,15.0,12.800000190734863,14.375,22444,0.0,0.0
2023-08-21 00:00:00-04:00,13.875,14.324999809265137,13.25,13.475000381469727,9176,0.0,0.0
2023-08-22 00:00:00-04:00,13.5,13.75,11.5,12.5,25028,0.0,0.0
2023-08-23 00:00:00-04:00,12.324999809265137,13.074999809265137,12.050000190734863,12.625,8776,0.0,0.0
2023-08-24 00:00:00-04:00,12.375,13.225000381469727,12.25,12.850000381469727,7100,0.0,0.0
2023-08-25 00:00:00-04:00,12.75,13.199999809265137,12.125,13.125,12788,0.0,0.0
2023-08-28 00:00:00-04:00,13.25,13.350000381469727,12.274999618530273,12.875,3148,0.0,0.0
2023-08-29 00:00:00-04:00,12.5,13.125,12.050000190734863,13.024999618530273,11096,0.0,0.0
2023-08-30 00:00:00-04:00,13.074999809265137,13.475000381469727,12.199999809265137,12.949999809265137,7972,0.0,0.0
2023-08-31 00:00:00-04:00,12.625,13.375,12.600000381469727,12.850000381469727,5724,0.0,0.0
2023-09-01 00:00:00-04:00,13.125,13.449999809265137,12.5,12.75,11952,0.0,0.0
2023-09-05 00:00:00-04:00,12.75,12.75,10.75,11.225000381469727,22812,0.0,0.0
2023-09-06 00:00:00-04:00,11.149999618530273,11.625,10.774999618530273,11.5,12668,0.0,0.0
2023-09-07 00:00:00-04:00,12.550000190734863,13.25,10.024999618530273,10.100000381469727,277116,0.0,0.0
2023-09-08 00:00:00-04:00,10.300000190734863,10.300000190734863,8.75,9.0,56984,0.0,0.0
2023-09-11 00:00:00-04:00,9.125,9.125,8.25,8.574999809265137,23460,0.0,0.0
2023-09-12 00:00:00-04:00,8.550000190734863,9.125,8.25,8.975000381469727,24476,0.0,0.0
2023-09-13 00:00:00-04:00,9.350000381469727,9.350000381469727,8.574999809265137,8.625,12776,0.0,0.0
2023-09-14 00:00:00-04:00,8.399999618530273,9.0,7.724999904632568,7.875,37736,0.0,0.0
2023-09-15 00:00:00-04:00,7.625,8.625,7.574999809265137,7.875,17980,0.0,0.0
2023-09-18 00:00:00-04:00,7.925000190734863,9.024999618530273,7.25,7.474999904632568,101244,0.0,0.0
2023-09-19 00:00:00-04:00,7.474999904632568,7.5,6.625,7.25,35288,0.0,0.0
2023-09-20 00:00:00-04:00,7.349999904632568,7.349999904632568,6.875,6.900000095367432,15412,0.0,0.0
2023-09-21 00:00:00-04:00,6.925000190734863,7.5,6.75,7.0,10376,0.0,0.0
2023-09-22 00:00:00-04:00,8.399999618530273,10.600000381469727,7.75,9.125,552164,0.0,0.0
2023-09-25 00:00:00-04:00,9.0,9.800000190734863,8.75,9.0,46484,0.0,0.0
2023-09-26 00:00:00-04:00,9.5,10.0,7.75,9.5,144048,0.0,0.0
2023-09-27 00:00:00-04:00,9.975000381469727,11.0,8.824999809265137,10.5,94944,0.0,0.0
2023-09-28 00:00:00-04:00,10.75,11.0,9.5,10.0,67784,0.0,0.0
2023-09-29 00:00:00-04:00,10.375,11.0,9.625,11.0,41996,0.0,0.0
2023-10-02 00:00:00-04:00,11.25,11.475000381469727,9.5,10.0,25560,0.0,0.0
2023-10-03 00:00:00-04:00,9.5,9.75,9.25,9.449999809265137,15824,0.0,0.0
2023-10-04 00:00:00-04:00,10.0,10.5,9.0,9.675000190734863,18972,0.0,0.0
2023-10-05 00:00:00-04:00,9.75,9.75,8.725000381469727,9.0,12960,0.0,0.0
2023-10-06 00:00:00-04:00,9.175000190734863,9.5,8.625,9.0,21536,0.0,0.0
2023-10-09 00:00:00-04:00,8.725000381469727,9.5,8.5,9.5,15644,0.0,0.0
2023-10-10 00:00:00-04:00,9.425000190734863,9.875,9.25,9.625,6012,0.0,0.0
2023-10-11 00:00:00-04:00,9.5,10.0,9.25,9.75,10272,0.0,0.0
2023-10-12 00:00:00-04:00,9.75,10.25,9.25,9.425000190734863,34688,0.0,0.0
2023-10-13 00:00:00-04:00,9.699999809265137,9.75,8.5,8.75,31760,0.0,0.0
2023-10-16 00:00:00-04:00,8.5,8.75,8.375,8.5,9160,0.0,0.0
2023-10-17 00:00:00-04:00,8.75,8.75,7.75,7.849999904632568,17220,0.0,0.0
2023-10-18 00:00:00-04:00,8.0,8.25,7.625,7.849999904632568,11276,0.0,0.0
2023-10-19 00:00:00-04:00,8.0,8.25,7.650000095367432,7.775000095367432,13172,0.0,0.0
2023-10-20 00:00:00-04:00,7.875,7.925000190734863,7.300000190734863,7.375,9336,0.0,0.0
2023-10-23 00:00:00-04:00,7.400000095367432,7.5,7.0,7.375,10652,0.0,0.0
2023-10-24 00:00:00-04:00,7.375,7.5,6.5,6.724999904632568,24848,0.0,0.0
2023-10-25 00:00:00-04:00,7.0,7.074999809265137,6.5,7.0,15960,0.0,0.0
2023-10-26 00:00:00-04:00,6.775000095367432,7.375,6.75,7.25,4076,0.0,0.0
2023-10-27 00:00:00-04:00,7.25,7.25,6.25,6.25,16200,0.0,0.0
2023-10-30 00:00:00-04:00,6.5,7.0,6.25,6.875,13816,0.0,0.0
2023-10-31 00:00:00-04:00,6.900000095367432,7.25,6.5,7.25,7536,0.0,0.0
2023-11-01 00:00:00-04:00,7.0,7.25,6.525000095367432,7.150000095367432,5252,0.0,0.0
2023-11-02 00:00:00-04:00,7.25,7.25,6.525000095367432,7.199999809265137,9892,0.0,0.0
2023-11-03 00:00:00-04:00,7.025000095367432,8.0,6.525000095367432,7.550000190734863,7476,0.0,0.0
2023-11-06 00:00:00-05:00,7.324999809265137,7.324999809265137,6.775000095367432,6.875,4136,0.0,0.0
2023-11-07 00:00:00-05:00,7.0,7.0,6.5,6.800000190734863,3056,0.0,0.0
2023-11-08 00:00:00-05:00,7.0,7.150000095367432,6.275000095367432,6.775000095367432,2912,0.0,0.0
2023-11-09 00:00:00-05:00,7.0,7.5,6.275000095367432,7.25,11860,0.0,0.0
2023-11-10 00:00:00-05:00,7.025000095367432,7.025000095367432,5.650000095367432,6.474999904632568,44900,0.0,0.0
2023-11-13 00:00:00-05:00,6.0,6.5,5.550000190734863,6.25,39396,0.0,0.0
2023-11-14 00:00:00-05:00,6.050000190734863,6.125,5.599999904632568,5.75,15356,0.0,0.0
2023-11-15 00:00:00-05:00,5.5,6.300000190734863,5.5,5.75,18004,0.0,0.0
2023-11-16 00:00:00-05:00,5.800000190734863,6.0,5.5,5.875,10456,0.0,0.0
2023-11-17 00:00:00-05:00,6.0,6.5,5.574999809265137,6.5,17592,0.0,0.0
2023-11-20 00:00:00-05:00,6.300000190734863,6.525000095367432,5.949999809265137,6.5,11648,0.0,0.0
2023-11-21 00:00:00-05:00,6.275000095367432,7.150000095367432,5.775000095367432,6.650000095367432,53196,0.0,0.0
2023-11-22 00:00:00-05:00,6.5,6.875,6.125,6.75,9152,0.0,0.0
2023-11-24 00:00:00-05:00,6.75,7.0,6.5,7.0,9504,0.0,0.0
2023-11-27 00:00:00-05:00,7.25,7.25,6.25,6.324999809265137,40904,0.0,0.0
2023-11-28 00:00:00-05:00,6.5,6.574999809265137,6.074999809265137,6.25,24180,0.0,0.0
2023-11-29 00:00:00-05:00,6.25,7.050000190734863,5.824999809265137,6.474999904632568,30220,0.0,0.0
2023-11-30 00:00:00-05:00,6.625,6.75,6.125,6.5,15128,0.0,0.0
2023-12-01 00:00:00-05:00,6.5,6.974999904632568,6.25,6.625,4692,0.0,0.0
2023-12-04 00:00:00-05:00,6.5,6.775000095367432,6.25,6.375,6748,0.0,0.0
2023-12-05 00:00:00-05:00,6.550000190734863,6.75,6.375,6.599999904632568,3564,0.0,0.0
2023-12-06 00:00:00-05:00,6.625,7.0,6.375,6.75,21952,0.0,0.0
2023-12-07 00:00:00-05:00,6.75,6.75,6.150000095367432,6.5,9584,0.0,0.0
2023-12-08 00:00:00-05:00,6.5,6.5,6.0,6.25,11824,0.0,0.0
2023-12-11 00:00:00-05:00,6.25,6.375,6.099999904632568,6.324999809265137,6868,0.0,0.0
2023-12-12 00:00:00-05:00,6.375,6.5,6.074999809265137,6.375,7416,0.0,0.0
2023-12-13 00:00:00-05:00,5.775000095367432,6.5,5.775000095367432,6.224999904632568,5232,0.0,0.0
2023-12-14 00:00:00-05:00,6.5,7.25,6.25,7.050000190734863,38156,0.0,0.0
2023-12-15 00:00:00-05:00,7.25,7.625,6.849999904632568,6.849999904632568,30428,0.0,0.0
2023-12-18 00:00:00-05:00,6.974999904632568,7.300000190734863,6.75,6.875,14520,0.0,0.0
2023-12-19 00:00:00-05:00,7.25,7.5,6.775000095367432,7.25,28908,0.0,0.0
2023-12-20 00:00:00-05:00,7.25,7.75,6.349999904632568,6.5,9724,0.0,0.0
2023-12-21 00:00:00-05:00,6.75,6.949999809265137,6.5,6.75,1508,0.0,0.0
2023-12-22 00:00:00-05:00,6.75,7.099999904632568,6.25,6.849999904632568,10176,0.0,0.0
2023-12-26 00:00:00-05:00,6.5,7.0,6.375,6.974999904632568,10348,0.0,0.0
2023-12-27 00:00:00-05:00,6.75,7.25,6.75,7.175000190734863,6412,0.0,0.0
2023-12-28 00:00:00-05:00,7.224999904632568,7.25,6.75,7.224999904632568,8452,0.0,0.0
2023-12-29 00:00:00-05:00,6.900000095367432,7.75,6.775000095367432,6.800000190734863,5808,0.0,0.0
2024-01-02 00:00:00-05:00,6.875,8.774999618530273,6.775000095367432,7.375,23940,0.0,0.0
2024-01-03 00:00:00-05:00,7.525000095367432,8.0,6.25,6.5,53252,0.0,0.0
2024-01-04 00:00:00-05:00,6.75,6.75,6.050000190734863,6.150000095367432,15892,0.0,0.0
2024-01-05 00:00:00-05:00,6.099999904632568,6.574999809265137,6.0,6.474999904632568,5480,0.0,0.0
2024-01-08 00:00:00-05:00,6.449999809265137,6.5,5.324999809265137,6.25,29248,0.0,0.0
2024-01-09 00:00:00-05:00,6.099999904632568,6.125,5.875,6.099999904632568,9376,0.0,0.0
2024-01-10 00:00:00-05:00,6.074999809265137,6.5,5.875,6.275000095367432,7432,0.0,0.0
2024-01-11 00:00:00-05:00,6.375,6.75,5.875,6.574999809265137,4540,0.0,0.0
2024-01-12 00:00:00-05:00,6.25,6.75,5.925000190734863,6.525000095367432,8796,0.0,0.0
2024-01-16 00:00:00-05:00,6.650000095367432,6.699999809265137,5.875,6.5,8572,0.0,0.0
2024-01-17 00:00:00-05:00,6.300000190734863,6.300000190734863,5.875,6.0,3296,0.0,0.0
2024-01-18 00:00:00-05:00,6.0,6.275000095367432,5.699999809265137,5.824999809265137,6316,0.0,0.0
2024-01-19 00:00:00-05:00,5.75,6.400000095367432,5.599999904632568,6.050000190734863,15640,0.0,0.0
2024-01-22 00:00:00-05:00,6.025000095367432,6.074999809265137,4.5,4.824999809265137,108644,0.0,0.0
2024-01-23 00:00:00-05:00,4.800000190734863,5.125,4.724999904632568,4.875,15556,0.0,0.0
2024-01-24 00:00:00-05:00,4.824999809265137,5.0,4.525000095367432,4.875,3660,0.0,0.0
2024-01-25 00:00:00-05:00,4.75,5.074999809265137,4.75,5.074999809265137,4756,0.0,0.0
2024-01-26 00:00:00-05:00,5.0,5.074999809265137,4.824999809265137,5.0,7160,0.0,0.0
2024-01-29 00:00:00-05:00,5.074999809265137,5.074999809265137,4.824999809265137,4.900000095367432,3712,0.0,0.0
2024-01-30 00:00:00-05:00,5.0,5.875,4.724999904632568,5.5,64004,0.0,0.0
2024-01-31 00:00:00-05:00,4.75,5.0,4.300000190734863,4.599999904632568,363744,0.0,0.0
2024-02-01 00:00:00-05:00,4.349999904632568,4.599999904632568,4.125,4.474999904632568,31556,0.0,0.0
2024-02-02 00:00:00-05:00,4.449999809265137,5.0,4.25,4.974999904632568,28568,0.0,0.0
2024-02-05 00:00:00-05:00,4.974999904632568,5.150000095367432,4.5,5.125,15096,0.0,0.0
2024-02-06 00:00:00-05:00,5.025000095367432,5.125,4.675000190734863,5.025000095367432,8168,0.0,0.0
2024-02-07 00:00:00-05:00,4.925000190734863,5.0,4.75,4.974999904632568,2156,0.0,0.0
2024-02-08 00:00:00-05:00,4.550000190734863,4.974999904632568,4.525000095367432,4.949999809265137,4684,0.0,0.0
2024-02-09 00:00:00-05:00,4.974999904632568,5.0,4.824999809265137,4.900000095367432,5648,0.0,0.0
2024-02-12 00:00:00-05:00,4.75,4.900000095367432,4.050000190734863,4.25,54528,0.0,0.0
2024-02-13 00:00:00-05:00,4.125,4.375,3.5250000953674316,3.9749999046325684,51304,0.0,0.0
2024-02-14 00:00:00-05:00,4.050000190734863,4.300000190734863,3.825000047683716,4.175000190734863,9548,0.0,0.0
2024-02-15 00:00:00-05:00,4.175000190734863,4.5,4.175000190734863,4.474999904632568,7400,0.0,0.0
2024-02-16 00:00:00-05:00,4.474999904632568,4.699999809265137,4.175000190734863,4.474999904632568,13608,0.0,0.0
2024-02-20 00:00:00-05:00,4.5,5.425000190734863,4.224999904632568,5.074999809265137,14584,0.0,0.0
2024-02-21 00:00:00-05:00,5.125,7.224999904632568,4.775000095367432,6.650000095367432,352240,0.0,0.0
2024-02-22 00:00:00-05:00,5.125,5.125,4.5,4.675000190734863,81900,0.0,0.0
2024-02-23 00:00:00-05:00,4.474999904632568,4.724999904632568,4.25,4.625,24840,0.0,0.0
2024-02-26 00:00:00-05:00,4.625,5.25,4.150000095367432,4.724999904632568,37152,0.0,0.0
2024-02-27 00:00:00-05:00,4.699999809265137,5.25,4.300000190734863,5.025000095367432,55452,0.0,0.0
2024-02-28 00:00:00-05:00,5.224999904632568,5.425000190734863,5.0,5.425000190734863,54852,0.0,0.0
2024-02-29 00:00:00-05:00,5.324999809265137,5.875,5.050000190734863,5.449999809265137,67468,0.0,0.0
2024-03-01 00:00:00-05:00,5.275000095367432,5.474999904632568,5.099999904632568,5.125,25296,0.0,0.0
2024-03-04 00:00:00-05:00,5.300000190734863,5.375,4.375,4.699999809265137,48768,0.0,0.0
2024-03-05 00:00:00-05:00,4.599999904632568,5.125,4.425000190734863,4.800000190734863,13500,0.0,0.0
2024-03-06 00:00:00-05:00,4.550000190734863,5.0,4.449999809265137,4.650000095367432,12108,0.0,0.0
2024-03-07 00:00:00-05:00,4.75,4.75,4.25,4.599999904632568,21736,0.0,0.0
2024-03-08 00:00:00-05:00,4.724999904632568,4.75,4.375,4.599999904632568,4896,0.0,0.0
2024-03-11 00:00:00-04:00,4.599999904632568,4.75,4.300000190734863,4.449999809265137,9108,0.0,0.0
2024-03-12 00:00:00-04:00,4.699999809265137,4.75,4.25,4.375,10268,0.0,0.0
2024-03-13 00:00:00-04:00,4.724999904632568,4.75,4.375,4.474999904632568,6200,0.0,0.0
2024-03-14 00:00:00-04:00,4.650000095367432,4.650000095367432,4.25,4.5,11072,0.0,0.0
2024-03-15 00:00:00-04:00,4.550000190734863,5.125,4.5,5.050000190734863,16048,0.0,0.0
2024-03-18 00:00:00-04:00,5.050000190734863,5.074999809265137,4.824999809265137,4.925000190734863,5464,0.0,0.0
2024-03-19 00:00:00-04:00,4.875,5.449999809265137,4.875,5.275000095367432,10972,0.0,0.0
2024-03-20 00:00:00-04:00,5.375,5.375,4.875,4.925000190734863,6876,0.0,0.0
2024-03-21 00:00:00-04:00,4.949999809265137,5.25,4.525000095367432,4.849999904632568,8652,0.0,0.0
2024-03-22 00:00:00-04:00,4.75,5.0,4.650000095367432,4.675000190734863,7236,0.0,0.0
2024-03-25 00:00:00-04:00,4.5,4.949999809265137,4.199999809265137,4.574999809265137,31680,0.0,0.0
2024-03-26 00:00:00-04:00,4.650000095367432,5.099999904632568,4.449999809265137,4.949999809265137,10692,0.0,0.0
2024-03-27 00:00:00-04:00,4.949999809265137,5.175000190734863,4.75,4.775000095367432,5392,0.0,0.0
2024-03-28 00:00:00-04:00,4.974999904632568,5.125,4.699999809265137,4.699999809265137,4936,0.0,0.0
2024-04-01 00:00:00-04:00,4.824999809265137,4.849999904632568,4.5,4.599999904632568,4276,0.0,0.0
2024-04-02 00:00:00-04:00,4.724999904632568,4.849999904632568,4.275000095367432,4.599999904632568,5700,0.0,0.0
2024-04-03 00:00:00-04:00,4.625,4.675000190734863,3.875,4.5,69328,0.0,0.0
2024-04-04 00:00:00-04:00,4.300000190734863,5.125,4.300000190734863,4.525000095367432,47616,0.0,0.0
2024-04-05 00:00:00-04:00,4.150000095367432,5.349999904632568,4.150000095367432,5.0,137400,0.0,0.04
2024-04-08 00:00:00-04:00,4.809999942779541,6.2170000076293945,4.769999980926514,5.389999866485596,276900,0.0,0.0
2024-04-09 00:00:00-04:00,5.78000020980835,5.949999809265137,4.771999835968018,4.940000057220459,249900,0.0,0.0
2024-04-10 00:00:00-04:00,4.849999904632568,4.920000076293945,4.550000190734863,4.699999809265137,56500,0.0,0.0
2024-04-11 00:00:00-04:00,4.710000038146973,5.070000171661377,4.610000133514404,4.824999809265137,72600,0.0,0.0
2024-04-12 00:00:00-04:00,4.829999923706055,5.0370001792907715,4.570000171661377,4.686999797821045,82800,0.0,0.0
2024-04-15 00:00:00-04:00,4.71999979019165,4.800000190734863,4.420000076293945,4.420000076293945,95400,0.0,0.0
2024-04-16 00:00:00-04:00,4.5,4.889999866485596,4.429999828338623,4.650000095367432,93300,0.0,0.0
2024-04-17 00:00:00-04:00,4.690000057220459,4.959000110626221,4.375,4.800000190734863,122000,0.0,0.0
2024-04-18 00:00:00-04:00,4.730000019073486,4.949999809265137,4.599999904632568,4.659999847412109,42200,0.0,0.0
2024-04-19 00:00:00-04:00,4.639999866485596,4.710000038146973,4.251999855041504,4.329999923706055,29900,0.0,0.0
2024-04-22 00:00:00-04:00,4.5,4.5,4.199999809265137,4.360000133514404,53600,0.0,0.0
2024-04-23 00:00:00-04:00,4.389999866485596,4.789999961853027,4.38100004196167,4.570000171661377,40600,0.0,0.0
2024-04-24 00:00:00-04:00,4.579999923706055,4.690000057220459,4.480999946594238,4.559999942779541,14400,0.0,0.0
2024-04-25 00:00:00-04:00,4.449999809265137,4.599999904632568,4.413000106811523,4.413000106811523,3500,0.0,0.0
2024-04-26 00:00:00-04:00,4.539999961853027,4.539999961853027,4.340000152587891,4.53000020980835,6900,0.0,0.0
2024-04-29 00:00:00-04:00,4.489999771118164,4.579999923706055,4.409999847412109,4.452000141143799,21900,0.0,0.0
2024-04-30 00:00:00-04:00,4.400000095367432,5.119999885559082,4.349999904632568,4.739999771118164,223000,0.0,0.0
2024-05-01 00:00:00-04:00,4.699999809265137,4.989999771118164,4.369999885559082,4.829999923706055,53100,0.0,0.0
2024-05-02 00:00:00-04:00,4.949999809265137,5.179999828338623,4.699999809265137,4.760000228881836,48700,0.0,0.0
2024-05-03 00:00:00-04:00,4.840000152587891,5.380000114440918,4.71999979019165,5.090000152587891,165100,0.0,0.0
2024-05-06 00:00:00-04:00,5.03000020980835,5.039999961853027,4.440000057220459,4.710000038146973,58000,0.0,0.0
2024-05-07 00:00:00-04:00,4.75,4.980000019073486,4.630000114440918,4.679999828338623,77700,0.0,0.0
2024-05-08 00:00:00-04:00,4.5289998054504395,4.769999980926514,4.519999980926514,4.650000095367432,39000,0.0,0.0
2024-05-09 00:00:00-04:00,4.6539998054504395,4.8379998207092285,4.545000076293945,4.710000038146973,35300,0.0,0.0
2024-05-10 00:00:00-04:00,4.900000095367432,4.900000095367432,4.570000171661377,4.570000171661377,28900,0.0,0.0
2024-05-13 00:00:00-04:00,4.619999885559082,4.659999847412109,4.349999904632568,4.519999980926514,38600,0.0,0.0
2024-05-14 00:00:00-04:00,4.550000190734863,4.789999961853027,4.420000076293945,4.760000228881836,67700,0.0,0.0
2024-05-15 00:00:00-04:00,4.690000057220459,5.090000152587891,4.5,4.710000038146973,92700,0.0,0.0
2024-05-16 00:00:00-04:00,4.861000061035156,5.0,4.699999809265137,4.909999847412109,36900,0.0,0.0
2024-05-17 00:00:00-04:00,4.75,5.010000228881836,4.75,4.75,24900,0.0,0.0
2024-05-20 00:00:00-04:00,4.869999885559082,5.039999961853027,4.820000171661377,4.840000152587891,36000,0.0,0.0
2024-05-21 00:00:00-04:00,4.820000171661377,5.0,4.820000171661377,4.949999809265137,7100,0.0,0.0
2024-05-22 00:00:00-04:00,4.76800012588501,4.889999866485596,4.75,4.829999923706055,14600,0.0,0.0
2024-05-23 00:00:00-04:00,4.829999923706055,4.829999923706055,4.539999961853027,4.679999828338623,24200,0.0,0.0
2024-05-24 00:00:00-04:00,4.809999942779541,4.820000171661377,4.5,4.510000228881836,12400,0.0,0.0
2024-05-28 00:00:00-04:00,4.690000057220459,4.690000057220459,4.449999809265137,4.590000152587891,15900,0.0,0.0
2024-05-29 00:00:00-04:00,4.614999771118164,4.697999954223633,4.320000171661377,4.389999866485596,37500,0.0,0.0
2024-05-30 00:00:00-04:00,4.46999979019165,4.46999979019165,4.400000095367432,4.440000057220459,5100,0.0,0.0
2024-05-31 00:00:00-04:00,4.550000190734863,4.599999904632568,4.449999809265137,4.550000190734863,10800,0.0,0.0
2024-06-03 00:00:00-04:00,4.599999904632568,4.599999904632568,4.46999979019165,4.599999904632568,2800,0.0,0.0
2024-06-04 00:00:00-04:00,4.389999866485596,4.599999904632568,4.300000190734863,4.340000152587891,29000,0.0,0.0
2024-06-05 00:00:00-04:00,4.400000095367432,4.590000152587891,4.119999885559082,4.159999847412109,121700,0.0,0.0
2024-06-06 00:00:00-04:00,4.199999809265137,4.300000190734863,4.170000076293945,4.170000076293945,35300,0.0,0.0
2024-06-07 00:00:00-04:00,4.159999847412109,4.199999809265137,3.8910000324249268,4.170000076293945,28500,0.0,0.0
2024-06-10 00:00:00-04:00,4.2829999923706055,4.300000190734863,4.150000095367432,4.159999847412109,15200,0.0,0.0
2024-06-11 00:00:00-04:00,4.190999984741211,4.199999809265137,4.059999942779541,4.199999809265137,16100,0.0,0.0
2024-06-12 00:00:00-04:00,4.25,4.389999866485596,4.170000076293945,4.389999866485596,22000,0.0,0.0
2024-06-13 00:00:00-04:00,4.269999980926514,4.5,4.21999979019165,4.369999885559082,10800,0.0,0.0
2024-06-14 00:00:00-04:00,4.300000190734863,4.650000095367432,4.239999771118164,4.610000133514404,27900,0.0,0.0
2024-06-17 00:00:00-04:00,4.489999771118164,4.610000133514404,4.236999988555908,4.349999904632568,35700,0.0,0.0
2024-06-18 00:00:00-04:00,4.300000190734863,4.420000076293945,4.300000190734863,4.420000076293945,4000,0.0,0.0
2024-06-20 00:00:00-04:00,4.340000152587891,4.46999979019165,4.239999771118164,4.25,4200,0.0,0.0
2024-06-21 00:00:00-04:00,4.260000228881836,4.340000152587891,4.230000019073486,4.230000019073486,16000,0.0,0.0
2024-06-24 00:00:00-04:00,4.300000190734863,4.46999979019165,4.199999809265137,4.46999979019165,30800,0.0,0.0
2024-06-25 00:00:00-04:00,4.51200008392334,5.050000190734863,4.300000190734863,4.329999923706055,314900,0.0,0.0
2024-06-26 00:00:00-04:00,4.440000057220459,4.460000038146973,4.070000171661377,4.210000038146973,83100,0.0,0.0
2024-06-27 00:00:00-04:00,4.320000171661377,4.329999923706055,3.869999885559082,4.099999904632568,47900,0.0,0.0
2024-06-28 00:00:00-04:00,4.099999904632568,4.150000095367432,3.9700000286102295,4.099999904632568,13700,0.0,0.0
2024-07-01 00:00:00-04:00,4.039999961853027,4.150000095367432,3.950000047683716,4.150000095367432,12800,0.0,0.0
2024-07-02 00:00:00-04:00,4.070000171661377,4.130000114440918,3.944999933242798,4.019999980926514,10800,0.0,0.0
2024-07-03 00:00:00-04:00,4.139999866485596,4.25,3.9200000762939453,4.059999942779541,22600,0.0,0.0
2024-07-05 00:00:00-04:00,4.170000076293945,4.170000076293945,4.010000228881836,4.110000133514404,4700,0.0,0.0
2024-07-08 00:00:00-04:00,4.170000076293945,4.170000076293945,4.059999942779541,4.090000152587891,3500,0.0,0.0
2024-07-09 00:00:00-04:00,4.110000133514404,4.650000095367432,4.090000152587891,4.5,79500,0.0,0.0
2024-07-10 00:00:00-04:00,4.489999771118164,4.666999816894531,4.159999847412109,4.289000034332275,45300,0.0,0.0
2024-07-11 00:00:00-04:00,4.550000190734863,4.699999809265137,4.159999847412109,4.360000133514404,138900,0.0,0.0
2024-07-12 00:00:00-04:00,4.260000228881836,4.510000228881836,4.130000114440918,4.510000228881836,25100,0.0,0.0
2024-07-15 00:00:00-04:00,4.489999771118164,4.550000190734863,4.409999847412109,4.429999828338623,7100,0.0,0.0
2024-07-16 00:00:00-04:00,4.550000190734863,4.619999885559082,4.349999904632568,4.440000057220459,40700,0.0,0.0
2024-07-17 00:00:00-04:00,4.349999904632568,4.5,4.349999904632568,4.480000019073486,4100,0.0,0.0
2024-07-18 00:00:00-04:00,4.550000190734863,4.699999809265137,4.300000190734863,4.300000190734863,33900,0.0,0.0
2024-07-19 00:00:00-04:00,4.28000020980835,4.489999771118164,4.28000020980835,4.489999771118164,7400,0.0,0.0
2024-07-22 00:00:00-04:00,4.311999797821045,4.389999866485596,4.199999809265137,4.28000020980835,14600,0.0,0.0
2024-07-23 00:00:00-04:00,4.28000020980835,4.75,4.150000095367432,4.199999809265137,184300,0.0,0.0
2024-07-24 00:00:00-04:00,4.179999828338623,4.5,4.119999885559082,4.119999885559082,57500,0.0,0.0
2024-07-25 00:00:00-04:00,4.2769999504089355,4.2769999504089355,4.120999813079834,4.139999866485596,14300,0.0,0.0
2024-07-26 00:00:00-04:00,4.159999847412109,4.373000144958496,4.119999885559082,4.25,41700,0.0,0.0
2024-07-29 00:00:00-04:00,4.289999961853027,4.289999961853027,4.03000020980835,4.099999904632568,33900,0.0,0.0
2024-07-30 00:00:00-04:00,4.03000020980835,4.119999885559082,3.8949999809265137,3.990000009536743,13200,0.0,0.0
2024-07-31 00:00:00-04:00,4.039999961853027,4.090000152587891,3.930000066757202,4.050000190734863,14100,0.0,0.0
2024-08-01 00:00:00-04:00,4.0,4.070000171661377,3.933000087738037,4.039999961853027,8900,0.0,0.0
2024-08-02 00:00:00-04:00,3.9100000858306885,4.0,3.555000066757202,3.7699999809265137,43000,0.0,0.0
2024-08-05 00:00:00-04:00,3.619999885559082,3.6700000762939453,3.2690000534057617,3.5899999141693115,49300,0.0,0.0
2024-08-06 00:00:00-04:00,3.7799999713897705,3.7799999713897705,3.5,3.5,18600,0.0,0.0
2024-08-07 00:00:00-04:00,3.4800000190734863,3.5999999046325684,3.4200000762939453,3.490000009536743,9800,0.0,0.0
2024-08-08 00:00:00-04:00,3.5,3.5899999141693115,3.4600000381469727,3.549999952316284,5500,0.0,0.0
2024-08-09 00:00:00-04:00,3.4800000190734863,3.640000104904175,3.4800000190734863,3.569999933242798,12200,0.0,0.0
2024-08-12 00:00:00-04:00,3.619999885559082,3.6600000858306885,3.4100000858306885,3.569999933242798,20900,0.0,0.0
2024-08-13 00:00:00-04:00,3.5199999809265137,3.880000114440918,3.5199999809265137,3.7899999618530273,19900,0.0,0.0
2024-08-14 00:00:00-04:00,3.674999952316284,3.740000009536743,3.549999952316284,3.549999952316284,5600,0.0,0.0
2024-08-15 00:00:00-04:00,3.572000026702881,3.7899999618530273,3.552000045776367,3.7200000286102295,25300,0.0,0.0
2024-08-16 00:00:00-04:00,3.799999952316284,3.809999942779541,3.6600000858306885,3.700000047683716,6600,0.0,0.0
2024-08-19 00:00:00-04:00,3.7249999046325684,3.7899999618530273,3.569999933242798,3.569999933242798,7400,0.0,0.0
2024-08-20 00:00:00-04:00,3.569999933242798,3.75,3.569999933242798,3.75,3300,0.0,0.0
2024-08-21 00:00:00-04:00,3.799999952316284,3.9100000858306885,3.7200000286102295,3.799999952316284,6200,0.0,0.0
2024-08-22 00:00:00-04:00,3.799999952316284,4.0,3.6700000762939453,3.7300000190734863,38700,0.0,0.0
2024-08-23 00:00:00-04:00,3.940000057220459,3.940000057220459,3.6050000190734863,3.630000114440918,26400,0.0,0.0
2024-08-26 00:00:00-04:00,3.609999895095825,3.8970000743865967,3.5859999656677246,3.7200000286102295,13300,0.0,0.0
2024-08-27 00:00:00-04:00,3.799999952316284,3.799999952316284,3.5899999141693115,3.765000104904175,3600,0.0,0.0
2024-08-28 00:00:00-04:00,3.619999885559082,3.7100000381469727,3.549999952316284,3.575000047683716,4800,0.0,0.0
2024-08-29 00:00:00-04:00,3.611999988555908,3.619999885559082,3.5,3.5299999713897705,13000,0.0,0.0
2024-08-30 00:00:00-04:00,3.940000057220459,4.090000152587891,3.700000047683716,3.9560000896453857,272600,0.0,0.0
2024-09-03 00:00:00-04:00,3.9600000381469727,3.9600000381469727,3.559999942779541,3.690000057220459,53700,0.0,0.0
2024-09-04 00:00:00-04:00,3.740000009536743,3.740000009536743,3.380000114440918,3.5899999141693115,42200,0.0,0.0
2024-09-05 00:00:00-04:00,3.7320001125335693,3.7320001125335693,3.440000057220459,3.559999942779541,23100,0.0,0.0
2024-09-06 00:00:00-04:00,3.609999895095825,3.6440000534057617,3.3499999046325684,3.450000047683716,54600,0.0,0.0
2024-09-09 00:00:00-04:00,3.4100000858306885,3.5899999141693115,3.4000000953674316,3.450000047683716,9300,0.0,0.0
2024-09-10 00:00:00-04:00,3.5,3.6700000762939453,3.4800000190734863,3.5399999618530273,13500,0.0,0.0
2024-09-11 00:00:00-04:00,3.5,3.5950000286102295,2.799999952316284,2.859999895095825,137400,0.0,0.0
2024-09-12 00:00:00-04:00,2.8610000610351562,2.98799991607666,2.7200000286102295,2.8499999046325684,36900,0.0,0.0
2024-09-13 00:00:00-04:00,3.009999990463257,3.1600000858306885,2.890000104904175,3.1600000858306885,28800,0.0,0.0
2024-09-16 00:00:00-04:00,3.180000066757202,3.180000066757202,3.009999990463257,3.069999933242798,17000,0.0,0.0
2024-09-17 00:00:00-04:00,3.0399999618530273,3.2100000381469727,3.0179998874664307,3.2100000381469727,16900,0.0,0.0
2024-09-18 00:00:00-04:00,3.2799999713897705,3.440000057220459,3.240000009536743,3.240000009536743,34700,0.0,0.0
2024-09-19 00:00:00-04:00,3.3350000381469727,3.3350000381469727,3.259999990463257,3.259999990463257,6200,0.0,0.0
2024-09-20 00:00:00-04:00,3.2300000190734863,3.3399999141693115,3.2200000286102295,3.3399999141693115,9000,0.0,0.0
2024-09-23 00:00:00-04:00,3.2200000286102295,3.2850000858306885,3.0980000495910645,3.109999895095825,11400,0.0,0.0
2024-09-24 00:00:00-04:00,3.240000009536743,3.240000009536743,3.009999990463257,3.0899999141693115,10200,0.0,0.0
2024-09-25 00:00:00-04:00,3.0399999618530273,3.190000057220459,3.0399999618530273,3.069999933242798,8800,0.0,0.0
2024-09-26 00:00:00-04:00,3.0739998817443848,3.25,2.9800000190734863,3.1410000324249268,22600,0.0,0.0
2024-09-27 00:00:00-04:00,3.369999885559082,3.369999885559082,2.9709999561309814,2.9709999561309814,8800,0.0,0.0
2024-09-30 00:00:00-04:00,3.119999885559082,3.119999885559082,2.9700000286102295,3.0199999809265137,12700,0.0,0.0
2024-10-01 00:00:00-04:00,2.9800000190734863,3.125,2.9800000190734863,3.0399999618530273,17900,0.0,0.0
2024-10-02 00:00:00-04:00,2.9700000286102295,3.140000104904175,2.9700000286102295,3.0,15200,0.0,0.0
2024-10-03 00:00:00-04:00,3.0179998874664307,3.0190000534057617,2.880000114440918,2.9100000858306885,10400,0.0,0.0
2024-10-04 00:00:00-04:00,2.890000104904175,3.200000047683716,2.890000104904175,2.9000000953674316,15900,0.0,0.0
2024-10-07 00:00:00-04:00,3.0,3.0,2.759999990463257,2.859999895095825,32900,0.0,0.0
2024-10-08 00:00:00-04:00,2.859999895095825,3.200000047683716,2.859999895095825,2.9700000286102295,18900,0.0,0.0
2024-10-09 00:00:00-04:00,2.9700000286102295,3.190000057220459,2.9000000953674316,2.950000047683716,21300,0.0,0.0
2024-10-10 00:00:00-04:00,2.806999921798706,2.9579999446868896,2.806999921798706,2.9579999446868896,11700,0.0,0.0
2024-10-11 00:00:00-04:00,2.869999885559082,2.9600000381469727,2.869999885559082,2.9600000381469727,1500,0.0,0.0
2024-10-14 00:00:00-04:00,2.9200000762939453,2.934999942779541,2.819999933242798,2.819999933242798,6400,0.0,0.0
2024-10-15 00:00:00-04:00,2.8399999141693115,3.4000000953674316,2.8399999141693115,3.0,139600,0.0,0.0
2024-10-16 00:00:00-04:00,3.140000104904175,3.4230000972747803,3.0299999713897705,3.309999942779541,138700,0.0,0.0
2024-10-17 00:00:00-04:00,3.2200000286102295,3.265000104904175,3.0399999618530273,3.109999895095825,50600,0.0,0.0
2024-10-18 00:00:00-04:00,3.2200000286102295,3.299999952316284,3.109999895095825,3.23799991607666,52500,0.0,0.0
2024-10-21 00:00:00-04:00,3.299999952316284,3.700000047683716,3.2100000381469727,3.5999999046325684,78500,0.0,0.0
2024-10-22 00:00:00-04:00,3.5,3.5299999713897705,3.299999952316284,3.4760000705718994,23700,0.0,0.0
2024-10-23 00:00:00-04:00,3.309999942779541,3.369999885559082,3.13100004196167,3.194999933242798,6500,0.0,0.0
2024-10-24 00:00:00-04:00,3.140000104904175,3.240000009536743,3.109999895095825,3.1410000324249268,19300,0.0,0.0
2024-10-25 00:00:00-04:00,3.109999895095825,3.1649999618530273,3.059999942779541,3.0810000896453857,15500,0.0,0.0
2024-10-28 00:00:00-04:00,3.130000114440918,3.2200000286102295,3.0899999141693115,3.2200000286102295,18400,0.0,0.0
2024-10-29 00:00:00-04:00,3.140000104904175,3.2200000286102295,3.0999999046325684,3.180000066757202,12100,0.0,0.0
2024-10-30 00:00:00-04:00,3.119999885559082,3.174999952316284,3.009999990463257,3.075000047683716,28200,0.0,0.0
2024-10-31 00:00:00-04:00,2.9800000190734863,3.0999999046325684,2.9800000190734863,2.9800000190734863,8400,0.0,0.0
2024-11-01 00:00:00-04:00,3.0199999809265137,3.0380001068115234,2.9600000381469727,2.9600000381469727,4000,0.0,0.0
2024-11-04 00:00:00-05:00,2.9600000381469727,2.9700000286102295,2.8399999141693115,2.8499999046325684,17700,0.0,0.0
2024-11-05 00:00:00-05:00,3.1600000858306885,3.190000057220459,2.8499999046325684,2.8499999046325684,8100,0.0,0.0
2024-11-06 00:00:00-05:00,2.9600000381469727,3.0399999618530273,2.859999895095825,3.0299999713897705,11800,0.0,0.0
2024-11-07 00:00:00-05:00,2.9200000762939453,3.0899999141693115,2.9200000762939453,3.0799999237060547,3700,0.0,0.0
2024-11-08 00:00:00-05:00,2.940000057220459,2.9600000381469727,2.880000114440918,2.950000047683716,8900,0.0,0.0
2024-11-11 00:00:00-05:00,2.9159998893737793,3.194999933242798,2.8940000534057617,3.1449999809265137,23500,0.0,0.0
2024-11-12 00:00:00-05:00,3.049999952316284,3.180000066757202,3.0,3.0,11500,0.0,0.0
2024-11-13 00:00:00-05:00,2.9700000286102295,3.0199999809265137,2.6500000953674316,2.73799991607666,34300,0.0,0.0
2024-11-14 00:00:00-05:00,2.740000009536743,2.746000051498413,2.5950000286102295,2.609999895095825,15500,0.0,0.0
2024-11-15 00:00:00-05:00,2.559999942779541,2.559999942779541,2.319999933242798,2.4000000953674316,22500,0.0,0.0
2024-11-18 00:00:00-05:00,2.430000066757202,2.690000057220459,2.430000066757202,2.5199999809265137,22800,0.0,0.0
2024-11-19 00:00:00-05:00,2.694999933242798,2.75,2.4100000858306885,2.4100000858306885,7700,0.0,0.0
2024-11-20 00:00:00-05:00,2.509999990463257,2.6510000228881836,2.4660000801086426,2.6510000228881836,10400,0.0,0.0
2024-11-21 00:00:00-05:00,2.5999999046325684,2.5999999046325684,2.559999942779541,2.565000057220459,3300,0.0,0.0
2024-11-22 00:00:00-05:00,2.3489999771118164,2.5999999046325684,2.3489999771118164,2.5999999046325684,4600,0.0,0.0
2024-11-25 00:00:00-05:00,2.6500000953674316,2.819999933242798,2.6500000953674316,2.7100000381469727,15900,0.0,0.0
2024-11-26 00:00:00-05:00,2.7100000381469727,2.7960000038146973,2.5999999046325684,2.7190001010894775,10800,0.0,0.0
2024-11-27 00:00:00-05:00,2.7200000286102295,2.805000066757202,2.490000009536743,2.7200000286102295,60900,0.0,0.0
2024-11-29 00:00:00-05:00,2.7899999618530273,2.890000104904175,2.7699999809265137,2.881999969482422,13200,0.0,0.0
2024-12-02 00:00:00-05:00,2.8499999046325684,3.1500000953674316,2.740000009536743,3.130000114440918,54000,0.0,0.0
2024-12-03 00:00:00-05:00,3.0799999237060547,3.140000104904175,2.9700000286102295,3.0199999809265137,11100,0.0,0.0
2024-12-04 00:00:00-05:00,2.799999952316284,3.127000093460083,2.640000104904175,3.0299999713897705,10500,0.0,0.0
2024-12-05 00:00:00-05:00,2.759999990463257,3.0480000972747803,2.759999990463257,2.9600000381469727,2700,0.0,0.0
2024-12-06 00:00:00-05:00,2.880000114440918,2.9600000381469727,2.799999952316284,2.8399999141693115,8800,0.0,0.0
2024-12-09 00:00:00-05:00,2.859999895095825,3.0999999046325684,2.859999895095825,2.9000000953674316,24500,0.0,0.0
2024-12-10 00:00:00-05:00,2.940000057220459,2.940000057220459,2.880000114440918,2.880000114440918,800,0.0,0.0
2024-12-11 00:00:00-05:00,2.890000104904175,2.9700000286102295,2.890000104904175,2.9700000286102295,4800,0.0,0.0
2024-12-12 00:00:00-05:00,2.819999933242798,2.8970000743865967,2.5239999294281006,2.680000066757202,14300,0.0,0.0
2024-12-13 00:00:00-05:00,2.759999990463257,2.7799999713897705,2.5920000076293945,2.690000057220459,1900,0.0,0.0
2024-12-16 00:00:00-05:00,2.700000047683716,2.799999952316284,2.700000047683716,2.765000104904175,1100,0.0,0.0
2024-12-17 00:00:00-05:00,2.749000072479248,2.749000072479248,2.5880000591278076,2.7100000381469727,8600,0.0,0.0
2024-12-18 00:00:00-05:00,2.690000057220459,2.690000057220459,2.569999933242798,2.569999933242798,7400,0.0,0.0
2024-12-19 00:00:00-05:00,2.5199999809265137,2.6500000953674316,2.5199999809265137,2.565000057220459,18600,0.0,0.0
2024-12-20 00:00:00-05:00,2.75,3.1500000953674316,2.75,3.069999933242798,96200,0.0,0.0
2024-12-23 00:00:00-05:00,3.1600000858306885,3.1700000762939453,2.819999933242798,2.940000057220459,51100,0.0,0.0
2024-12-24 00:00:00-05:00,3.0399999618530273,3.131999969482422,2.8499999046325684,3.0350000858306885,30300,0.0,0.0
2024-12-26 00:00:00-05:00,3.049999952316284,3.325000047683716,3.049999952316284,3.299999952316284,26900,0.0,0.0
2024-12-27 00:00:00-05:00,3.200000047683716,3.309999942779541,3.1500000953674316,3.2799999713897705,19500,0.0,0.0
2024-12-30 00:00:00-05:00,3.115000009536743,3.440000057220459,2.9700000286102295,3.372999906539917,21500,0.0,0.0
2024-12-31 00:00:00-05:00,3.369999885559082,3.680000066757202,3.2899999618530273,3.4700000286102295,51400,0.0,0.0
2025-01-02 00:00:00-05:00,3.490000009536743,3.5399999618530273,3.421999931335449,3.5399999618530273,9500,0.0,0.0
2025-01-03 00:00:00-05:00,3.490000009536743,3.740000009536743,3.325000047683716,3.690000057220459,30400,0.0,0.0
2025-01-06 00:00:00-05:00,3.7799999713897705,3.9000000953674316,3.5290000438690186,3.9000000953674316,74300,0.0,0.0
2025-01-07 00:00:00-05:00,3.8580000400543213,4.0,3.4700000286102295,3.890000104904175,31600,0.0,0.0
2025-01-08 00:00:00-05:00,3.927999973297119,3.986999988555908,3.4800000190734863,3.619999885559082,64700,0.0,0.0
2025-01-10 00:00:00-05:00,3.700000047683716,3.700000047683716,3.0999999046325684,3.130000114440918,72900,0.0,0.0
2025-01-13 00:00:00-05:00,3.3350000381469727,3.509999990463257,3.200000047683716,3.3399999141693115,31300,0.0,0.0
2025-01-14 00:00:00-05:00,3.5799999237060547,3.5799999237060547,3.5290000438690186,3.5290000438690186,10500,0.0,0.0
2025-01-15 00:00:00-05:00,3.4100000858306885,3.559999942779541,3.309999942779541,3.490000009536743,11700,0.0,0.0
2025-01-16 00:00:00-05:00,3.490000009536743,3.490000009536743,3.299999952316284,3.299999952316284,3400,0.0,0.0
2025-01-17 00:00:00-05:00,3.3540000915527344,3.430000066757202,3.2200000286102295,3.299999952316284,10500,0.0,0.0
2025-01-21 00:00:00-05:00,3.0999999046325684,3.4000000953674316,3.0999999046325684,3.359999895095825,3100,0.0,0.0
2025-01-22 00:00:00-05:00,3.299999952316284,3.4000000953674316,3.200000047683716,3.3289999961853027,7900,0.0,0.0
2025-01-23 00:00:00-05:00,3.259999990463257,3.619999885559082,3.259999990463257,3.450000047683716,12700,0.0,0.0
2025-01-24 00:00:00-05:00,3.630000114440918,3.630000114440918,3.4000000953674316,3.4600000381469727,12400,0.0,0.0
2025-01-27 00:00:00-05:00,3.4100000858306885,3.5199999809265137,3.2799999713897705,3.509999990463257,5600,0.0,0.0
2025-01-28 00:00:00-05:00,3.4800000190734863,3.75,3.380000114440918,3.5299999713897705,17600,0.0,0.0
2025-01-29 00:00:00-05:00,3.549999952316284,3.5899999141693115,3.5,3.572999954223633,2000,0.0,0.0
2025-01-30 00:00:00-05:00,3.4000000953674316,3.490000009536743,3.3299999237060547,3.3499999046325684,9120,0.0,0.0
