Date,Open,High,Low,Close,Volume,Dividends,Stock Splits
2022-01-03 00:00:00-05:00,132.5,142.5,130.0,141.75,984,0.0,0.0
2022-01-04 00:00:00-05:00,147.25,147.25,138.25,142.5,1048,0.0,0.0
2022-01-05 00:00:00-05:00,141.75,148.25,139.4499969482422,143.0,316,0.0,0.0
2022-01-06 00:00:00-05:00,145.25,149.0,138.5,146.0,784,0.0,0.0
2022-01-07 00:00:00-05:00,146.75,150.0,136.5,140.75,1512,0.0,0.0
2022-01-10 00:00:00-05:00,140.0,143.25,131.0,143.25,968,0.0,0.0
2022-01-11 00:00:00-05:00,141.75,147.25,139.375,146.5,316,0.0,0.0
2022-01-12 00:00:00-05:00,149.0,149.0,139.25,147.5,556,0.0,0.0
2022-01-13 00:00:00-05:00,143.1999969482422,150.0,142.3249969482422,149.25,252,0.0,0.0
2022-01-14 00:00:00-05:00,149.75,161.75,147.75,159.0,2300,0.0,0.0
2022-01-18 00:00:00-05:00,164.25,164.25,152.5,155.25,864,0.0,0.0
2022-01-19 00:00:00-05:00,152.25,173.0,152.0,173.0,1560,0.0,0.0
2022-01-20 00:00:00-05:00,177.0,180.25,166.25,166.25,2976,0.0,0.0
2022-01-21 00:00:00-05:00,176.0,176.0,154.75,164.0,1016,0.0,0.0
2022-01-24 00:00:00-05:00,158.25,161.75,137.5,151.25,2224,0.0,0.0
2022-01-25 00:00:00-05:00,151.5,158.1750030517578,141.5,152.0,1024,0.0,0.0
2022-01-26 00:00:00-05:00,151.75,159.0,141.75,148.5,652,0.0,0.0
2022-01-27 00:00:00-05:00,150.0,154.75,144.0,144.25,1004,0.0,0.0
2022-01-28 00:00:00-05:00,143.75,155.25,143.75,155.25,364,0.0,0.0
2022-01-31 00:00:00-05:00,160.75,166.5,156.75,160.0,1372,0.0,0.0
2022-02-01 00:00:00-05:00,161.5,168.5,155.75,166.0,2404,0.0,0.0
2022-02-02 00:00:00-05:00,165.125,169.75,158.0500030517578,169.75,308,0.0,0.0
2022-02-03 00:00:00-05:00,169.75,173.14999389648438,157.5,157.5,2264,0.0,0.0
2022-02-04 00:00:00-05:00,158.5,168.52499389648438,156.25,159.75,376,0.0,0.0
2022-02-07 00:00:00-05:00,156.52499389648438,166.0,156.5,159.0,728,0.0,0.0
2022-02-08 00:00:00-05:00,160.75,160.75,153.5,156.0,312,0.0,0.0
2022-02-09 00:00:00-05:00,158.875,162.0,155.75,161.0,384,0.0,0.0
2022-02-10 00:00:00-05:00,161.25,163.75,158.0,158.0,448,0.0,0.0
2022-02-11 00:00:00-05:00,169.5,169.5,154.25,156.5,360,0.0,0.0
2022-02-14 00:00:00-05:00,168.0,168.0,154.5,154.5,232,0.0,0.0
2022-02-15 00:00:00-05:00,156.25,166.0,156.25,158.5,176,0.0,0.0
2022-02-16 00:00:00-05:00,159.5,160.52499389648438,154.0,156.25,448,0.0,0.0
2022-02-17 00:00:00-05:00,154.25,156.25,153.0,155.0,232,0.0,0.0
2022-02-18 00:00:00-05:00,151.52499389648438,154.875,151.5,152.0,368,0.0,0.0
2022-02-22 00:00:00-05:00,152.5,152.5,145.0,145.0,540,0.0,0.0
2022-02-23 00:00:00-05:00,148.75,150.8000030517578,144.25,146.25,280,0.0,0.0
2022-02-24 00:00:00-05:00,142.0,146.0,140.0,140.0,728,0.0,0.0
2022-02-25 00:00:00-05:00,142.5,147.0,141.25,143.75,480,0.0,0.0
2022-02-28 00:00:00-05:00,144.5,146.75,141.5,141.5,344,0.0,0.0
2022-03-01 00:00:00-05:00,139.25,150.25,139.25,143.5,188,0.0,0.0
2022-03-02 00:00:00-05:00,150.0,152.25,146.5,152.25,60,0.0,0.0
2022-03-03 00:00:00-05:00,152.0,153.75,146.4499969482422,150.5,624,0.0,0.0
2022-03-04 00:00:00-05:00,147.25,150.375,133.97500610351562,139.75,1184,0.0,0.0
2022-03-07 00:00:00-05:00,135.25,142.5,129.75,131.25,764,0.0,0.0
2022-03-08 00:00:00-05:00,137.25,137.25,125.0,125.0,1516,0.0,0.0
2022-03-09 00:00:00-05:00,130.0,136.64999389648438,128.0,133.25,688,0.0,0.0
2022-03-10 00:00:00-05:00,134.25,141.75,126.5,134.0,972,0.0,0.0
2022-03-11 00:00:00-05:00,132.875,137.0,128.5,130.5,232,0.0,0.0
2022-03-14 00:00:00-04:00,136.75,138.75,129.25,131.5,1372,0.0,0.0
2022-03-15 00:00:00-04:00,141.5,141.5,125.0,125.25,1508,0.0,0.0
2022-03-16 00:00:00-04:00,127.82499694824219,132.3249969482422,125.375,128.0,616,0.0,0.0
2022-03-17 00:00:00-04:00,138.25,141.5,132.0,138.25,604,0.0,0.0
2022-03-18 00:00:00-04:00,138.25,141.25,131.5,140.75,2100,0.0,0.0
2022-03-21 00:00:00-04:00,142.75,143.0,136.5,141.5,748,0.0,0.0
2022-03-22 00:00:00-04:00,140.25,141.52499389648438,130.5,137.5,2368,0.0,0.0
2022-03-23 00:00:00-04:00,135.5,142.0,131.47500610351562,131.75,740,0.0,0.0
2022-03-24 00:00:00-04:00,135.0,137.5,134.0,137.5,400,0.0,0.0
2022-03-25 00:00:00-04:00,133.375,137.5,130.4250030517578,134.5,884,0.0,0.0
2022-03-28 00:00:00-04:00,134.5,134.5,115.0,118.875,4664,0.0,0.0
2022-03-29 00:00:00-04:00,123.5,137.25,122.5,124.25,480,0.0,0.0
2022-03-30 00:00:00-04:00,124.25,124.25,105.2750015258789,113.5,2620,0.0,0.0
2022-03-31 00:00:00-04:00,115.0,117.75,109.75,112.0,1328,0.0,0.0
2022-04-01 00:00:00-04:00,112.25,116.0,112.25,113.5,384,0.0,0.0
2022-04-04 00:00:00-04:00,113.75,119.75,113.75,118.0,460,0.0,0.0
2022-04-05 00:00:00-04:00,119.25,119.25,118.125,118.25,76,0.0,0.0
2022-04-06 00:00:00-04:00,114.5,117.5,114.5,115.5,76,0.0,0.0
2022-04-07 00:00:00-04:00,116.25,116.25,112.25,112.5,356,0.0,0.0
2022-04-08 00:00:00-04:00,114.5,114.5,113.625,113.625,32,0.0,0.0
2022-04-11 00:00:00-04:00,113.5,113.7249984741211,110.25,110.5,212,0.0,0.0
2022-04-12 00:00:00-04:00,112.125,112.875,106.25,108.25,352,0.0,0.0
2022-04-13 00:00:00-04:00,110.05000305175781,110.25,104.75,107.5,616,0.0,0.0
2022-04-14 00:00:00-04:00,108.75,110.0,106.5250015258789,106.5250015258789,80,0.0,0.0
2022-04-18 00:00:00-04:00,110.0,110.0,102.5,103.125,748,0.0,0.0
2022-04-19 00:00:00-04:00,104.5,108.25,103.0,106.125,556,0.0,0.0
2022-04-20 00:00:00-04:00,107.0,107.0,103.9749984741211,106.0,116,0.0,0.0
2022-04-21 00:00:00-04:00,105.0,107.0250015258789,103.0,103.0,492,0.0,0.0
2022-04-22 00:00:00-04:00,102.5999984741211,106.25,102.5,104.5,180,0.0,0.0
2022-04-25 00:00:00-04:00,103.8499984741211,106.5,102.625,105.5,756,0.0,0.0
2022-04-26 00:00:00-04:00,104.375,105.5250015258789,93.0,95.25,1480,0.0,0.0
2022-04-27 00:00:00-04:00,95.0,96.25,93.25,95.5250015258789,628,0.0,0.0
2022-04-28 00:00:00-04:00,98.5,99.30000305175781,91.25,96.5,792,0.0,0.0
2022-04-29 00:00:00-04:00,99.07499694824219,101.25,96.67500305175781,100.25,388,0.0,0.0
2022-05-02 00:00:00-04:00,99.94999694824219,101.5,97.25,100.0,480,0.0,0.0
2022-05-03 00:00:00-04:00,99.5,101.7249984741211,96.25,97.5250015258789,688,0.0,0.0
2022-05-04 00:00:00-04:00,97.0,99.25,92.5,99.25,816,0.0,0.0
2022-05-05 00:00:00-04:00,93.4000015258789,94.5,92.5,93.75,204,0.0,0.0
2022-05-06 00:00:00-04:00,95.5,96.75,91.0,92.75,532,0.0,0.0
2022-05-09 00:00:00-04:00,94.25,94.25,83.0,86.0,2076,0.0,0.0
2022-05-10 00:00:00-04:00,86.75,88.5,83.75,88.5,388,0.0,0.0
2022-05-11 00:00:00-04:00,88.25,88.25,82.5,82.75,776,0.0,0.0
2022-05-12 00:00:00-04:00,83.75,88.82499694824219,82.75,87.25,1120,0.0,0.0
2022-05-13 00:00:00-04:00,87.5,89.0250015258789,86.0,88.25,700,0.0,0.0
2022-05-16 00:00:00-04:00,89.75,98.19999694824219,86.75,96.75,832,0.0,0.0
2022-05-17 00:00:00-04:00,98.75,114.25,94.07499694824219,113.25,2360,0.0,0.0
2022-05-18 00:00:00-04:00,110.25,116.75,108.25,114.25,1436,0.0,0.0
2022-05-19 00:00:00-04:00,109.875,122.25,109.875,122.25,828,0.0,0.0
2022-05-20 00:00:00-04:00,121.5,125.125,110.25,110.25,496,0.0,0.0
2022-05-23 00:00:00-04:00,114.0,114.375,108.5,111.0,656,0.0,0.0
2022-05-24 00:00:00-04:00,105.2750015258789,111.0,100.0,101.75,260,0.0,0.0
2022-05-25 00:00:00-04:00,99.5,102.25,99.5,101.0,248,0.0,0.0
2022-05-26 00:00:00-04:00,102.25,106.0,91.25,104.75,508,0.0,0.0
2022-05-27 00:00:00-04:00,106.0,111.7249984741211,106.0,108.0,76,0.0,0.0
2022-05-31 00:00:00-04:00,110.875,116.5,106.0,107.25,300,0.0,0.0
2022-06-01 00:00:00-04:00,109.0,117.5,98.75,109.0,708,0.0,0.0
2022-06-02 00:00:00-04:00,112.2750015258789,112.375,104.25,108.75,748,0.0,0.0
2022-06-03 00:00:00-04:00,109.5,112.0,105.82499694824219,110.0,380,0.0,0.0
2022-06-06 00:00:00-04:00,114.5,114.5,108.75,111.0,468,0.0,0.0
2022-06-07 00:00:00-04:00,115.25,115.25,108.0,109.0,368,0.0,0.0
2022-06-08 00:00:00-04:00,111.44999694824219,112.5,111.44999694824219,112.5,28,0.0,0.0
2022-06-09 00:00:00-04:00,112.5,112.5,107.2750015258789,107.2750015258789,204,0.0,0.0
2022-06-10 00:00:00-04:00,108.75,111.0,108.5,110.0,336,0.0,0.0
2022-06-13 00:00:00-04:00,104.75,112.25,99.0,107.75,800,0.0,0.0
2022-06-14 00:00:00-04:00,106.0,109.7249984741211,105.5,105.5,76,0.0,0.0
2022-06-15 00:00:00-04:00,110.25,110.25,100.5,101.0,364,0.0,0.0
2022-06-16 00:00:00-04:00,100.0,100.0,93.75,97.25,1576,0.0,0.0
2022-06-17 00:00:00-04:00,94.25,99.5,93.5,97.0,1672,0.0,0.0
2022-06-21 00:00:00-04:00,100.0,110.0,94.5,106.25,1408,0.0,0.0
2022-06-22 00:00:00-04:00,102.5,110.75,100.75,106.25,936,0.0,0.0
2022-06-23 00:00:00-04:00,109.94999694824219,109.94999694824219,105.5,105.75,80,0.0,0.0
2022-06-24 00:00:00-04:00,108.25,110.0,107.0,107.0,344,0.0,0.0
2022-06-27 00:00:00-04:00,107.25,110.0,107.25,108.7750015258789,184,0.0,0.0
2022-06-28 00:00:00-04:00,105.0,106.25,96.9749984741211,102.25,1444,0.0,0.0
2022-06-29 00:00:00-04:00,102.625,106.25,100.5,104.5,372,0.0,0.0
2022-06-30 00:00:00-04:00,102.0,106.25,97.25,105.75,96,0.0,0.0
2022-07-01 00:00:00-04:00,109.25,109.25,97.0,98.5,864,0.0,0.0
2022-07-05 00:00:00-04:00,101.0,105.0,97.25,102.5,500,0.0,0.0
2022-07-06 00:00:00-04:00,103.875,105.0,103.25,103.25,36,0.0,0.0
2022-07-07 00:00:00-04:00,103.25,112.5,103.25,107.5,980,0.0,0.0
2022-07-08 00:00:00-04:00,108.75,116.5,107.75,116.5,348,0.0,0.0
2022-07-11 00:00:00-04:00,118.75,123.0,114.875,122.5,372,0.0,0.0
2022-07-12 00:00:00-04:00,123.0,123.0,117.0,118.25,296,0.0,0.0
2022-07-13 00:00:00-04:00,118.75,130.5749969482422,118.75,129.5,1788,0.0,0.0
2022-07-14 00:00:00-04:00,129.5,132.125,126.75,126.75,648,0.0,0.0
2022-07-15 00:00:00-04:00,133.75,142.25,133.5,141.75,924,0.0,0.0
2022-07-18 00:00:00-04:00,147.25,157.25,142.5,156.25,1808,0.0,0.0
2022-07-19 00:00:00-04:00,158.75,172.5,153.0,159.5,1172,0.0,0.0
2022-07-20 00:00:00-04:00,163.0,165.0,162.5,163.75,356,0.0,0.0
2022-07-21 00:00:00-04:00,165.75,174.75,164.0,168.75,612,0.0,0.0
2022-07-22 00:00:00-04:00,172.25,172.25,163.0,169.75,412,0.0,0.0
2022-07-25 00:00:00-04:00,172.25,181.25,170.0,180.25,1120,0.0,0.0
2022-07-26 00:00:00-04:00,181.5,182.5,173.5,177.25,1296,0.0,0.0
2022-07-27 00:00:00-04:00,175.0,177.75,172.47500610351562,176.25,256,0.0,0.0
2022-07-28 00:00:00-04:00,165.0,175.0,165.0,170.5,436,0.0,0.0
2022-07-29 00:00:00-04:00,169.5,175.85000610351562,169.5,175.0,612,0.0,0.0
2022-08-01 00:00:00-04:00,174.75,176.5,169.6750030517578,176.5,308,0.0,0.0
2022-08-02 00:00:00-04:00,175.0,176.25,170.25,175.0,840,0.0,0.0
2022-08-03 00:00:00-04:00,171.75,175.0,170.0,173.75,472,0.0,0.0
2022-08-04 00:00:00-04:00,170.3249969482422,175.5,170.25,175.0,348,0.0,0.0
2022-08-05 00:00:00-04:00,177.5,177.75,171.5,172.8000030517578,424,0.0,0.0
2022-08-08 00:00:00-04:00,177.5,180.0,172.75,177.75,1000,0.0,0.0
2022-08-09 00:00:00-04:00,179.0,179.8249969482422,173.0,176.75,644,0.0,0.0
2022-08-10 00:00:00-04:00,175.72500610351562,179.75,173.5,177.27499389648438,1972,0.0,0.0
2022-08-11 00:00:00-04:00,182.0,198.1999969482422,179.75,192.25,4500,0.0,0.0
2022-08-12 00:00:00-04:00,193.75,221.5,187.75,217.5,5596,0.0,0.0
2022-08-15 00:00:00-04:00,218.75,227.77499389648438,209.5,209.5,3084,0.0,0.0
2022-08-16 00:00:00-04:00,206.5,206.5,166.25,167.75,3048,0.0,0.0
2022-08-17 00:00:00-04:00,151.5,161.25,141.5500030517578,149.5,4052,0.0,0.0
2022-08-18 00:00:00-04:00,152.5,166.25,149.89999389648438,153.75,2140,0.0,0.0
2022-08-19 00:00:00-04:00,159.5,159.5,152.5,156.0,404,0.0,0.0
2022-08-22 00:00:00-04:00,152.25,163.0,152.25,161.5,752,0.0,0.0
2022-08-23 00:00:00-04:00,161.5,163.25,153.0,161.0,484,0.0,0.0
2022-08-24 00:00:00-04:00,158.0,160.25,154.25,158.75,252,0.0,0.0
2022-08-25 00:00:00-04:00,154.5,168.375,154.5,160.25,1308,0.0,0.0
2022-08-26 00:00:00-04:00,162.5,187.25,162.5,174.75,2828,0.0,0.0
2022-08-29 00:00:00-04:00,170.75,187.0,170.75,173.75,820,0.0,0.0
2022-08-30 00:00:00-04:00,171.25,179.9250030517578,171.25,179.9250030517578,444,0.0,0.0
2022-08-31 00:00:00-04:00,181.25,187.0,176.625,176.625,280,0.0,0.0
2022-09-01 00:00:00-04:00,176.625,176.625,176.625,176.625,28,0.0,0.0
2022-09-02 00:00:00-04:00,171.5,175.9499969482422,171.5,174.625,512,0.0,0.0
2022-09-06 00:00:00-04:00,181.25,183.9499969482422,169.5,174.10000610351562,676,0.0,0.0
2022-09-07 00:00:00-04:00,169.5,182.625,169.5,173.75,196,0.0,0.0
2022-09-08 00:00:00-04:00,176.75,179.0,172.5,177.0749969482422,508,0.0,0.0
2022-09-09 00:00:00-04:00,183.5,183.5,174.75,178.75,332,0.0,0.0
2022-09-12 00:00:00-04:00,180.75,196.75,180.25,192.5,1088,0.0,0.0
2022-09-13 00:00:00-04:00,198.0,203.4499969482422,189.0,199.5,1080,0.0,0.0
2022-09-14 00:00:00-04:00,208.75,208.75,179.75,187.75,1980,0.0,0.0
2022-09-15 00:00:00-04:00,192.5,196.625,184.25,194.0,896,0.0,0.0
2022-09-16 00:00:00-04:00,204.25,220.75,194.0,219.25,5244,0.0,0.0
2022-09-19 00:00:00-04:00,78.75,78.75,48.0,50.0,157712,0.0,0.0
2022-09-20 00:00:00-04:00,13.0,13.5,11.875,12.25,705360,0.0,0.0
2022-09-21 00:00:00-04:00,12.75,12.75,10.875,12.0,197228,0.0,0.0
2022-09-22 00:00:00-04:00,11.875,11.875,11.074999809265137,11.375,87596,0.0,0.0
2022-09-23 00:00:00-04:00,11.375,11.375,10.25,10.699999809265137,73484,0.0,0.0
2022-09-26 00:00:00-04:00,10.475000381469727,11.0,9.625,9.699999809265137,50136,0.0,0.0
2022-09-27 00:00:00-04:00,9.024999618530273,9.949999809265137,9.024999618530273,9.774999618530273,32936,0.0,0.0
2022-09-28 00:00:00-04:00,9.75,10.25,9.5,9.975000381469727,25436,0.0,0.0
2022-09-29 00:00:00-04:00,10.0,10.0,9.050000190734863,9.149999618530273,22004,0.0,0.0
2022-09-30 00:00:00-04:00,9.125,9.524999618530273,8.524999618530273,9.524999618530273,25100,0.0,0.0
2022-10-03 00:00:00-04:00,9.5,9.75,9.024999618530273,9.649999618530273,24460,0.0,0.0
2022-10-04 00:00:00-04:00,9.649999618530273,10.375,9.649999618530273,9.800000190734863,28024,0.0,0.0
2022-10-05 00:00:00-04:00,10.0,10.0,9.25,9.5,18452,0.0,0.0
2022-10-06 00:00:00-04:00,9.875,9.875,9.25,9.300000190734863,18044,0.0,0.0
2022-10-07 00:00:00-04:00,8.975000381469727,9.625,8.625,8.949999809265137,22296,0.0,0.0
2022-10-10 00:00:00-04:00,8.800000190734863,9.25,8.125,8.5,16000,0.0,0.0
2022-10-11 00:00:00-04:00,8.274999618530273,8.949999809265137,8.274999618530273,8.550000190734863,9056,0.0,0.0
2022-10-12 00:00:00-04:00,8.550000190734863,8.75,8.5,8.625,7128,0.0,0.0
2022-10-13 00:00:00-04:00,8.5,9.175000190734863,8.125,8.699999809265137,14056,0.0,0.0
2022-10-14 00:00:00-04:00,9.0,9.0,8.725000381469727,8.925000190734863,10868,0.0,0.0
2022-10-17 00:00:00-04:00,9.0,9.0,8.5,8.800000190734863,4420,0.0,0.0
2022-10-18 00:00:00-04:00,8.800000190734863,9.0,6.949999809265137,8.199999809265137,18244,0.0,0.0
2022-10-19 00:00:00-04:00,8.125,8.199999809265137,7.275000095367432,7.775000095367432,17316,0.0,0.0
2022-10-20 00:00:00-04:00,7.775000095367432,8.25,7.75,7.800000190734863,6844,0.0,0.0
2022-10-21 00:00:00-04:00,7.724999904632568,7.949999809265137,7.5,7.699999809265137,7892,0.0,0.0
2022-10-24 00:00:00-04:00,7.474999904632568,7.625,7.175000190734863,7.25,20580,0.0,0.0
2022-10-25 00:00:00-04:00,7.125,7.574999809265137,6.875,7.0,20420,0.0,0.0
2022-10-26 00:00:00-04:00,6.875,7.5,6.824999809265137,7.25,12812,0.0,0.0
2022-10-27 00:00:00-04:00,7.25,7.25,6.75,7.125,9952,0.0,0.0
2022-10-28 00:00:00-04:00,7.125,7.199999809265137,6.824999809265137,6.875,9260,0.0,0.0
2022-10-31 00:00:00-04:00,6.925000190734863,7.175000190734863,6.449999809265137,6.875,9692,0.0,0.0
2022-11-01 00:00:00-04:00,6.949999809265137,7.5,6.875,7.324999809265137,17216,0.0,0.0
2022-11-02 00:00:00-04:00,7.75,7.75,7.375,7.5,13972,0.0,0.0
2022-11-03 00:00:00-04:00,7.375,7.824999809265137,7.324999809265137,7.724999904632568,11008,0.0,0.0
2022-11-04 00:00:00-04:00,7.824999809265137,8.25,7.5,8.074999809265137,10228,0.0,0.0
2022-11-07 00:00:00-05:00,8.725000381469727,8.975000381469727,8.0,8.449999809265137,19984,0.0,0.0
2022-11-08 00:00:00-05:00,8.524999618530273,8.75,8.25,8.324999809265137,12260,0.0,0.0
2022-11-09 00:00:00-05:00,8.25,8.675000190734863,7.75,8.0,6928,0.0,0.0
2022-11-10 00:00:00-05:00,8.0,8.5,8.0,8.300000190734863,2476,0.0,0.0
2022-11-11 00:00:00-05:00,8.25,9.949999809265137,8.024999618530273,9.0,13752,0.0,0.0
2022-11-14 00:00:00-05:00,8.75,9.0,7.75,8.050000190734863,8712,0.0,0.0
2022-11-15 00:00:00-05:00,8.125,8.175000190734863,7.75,7.75,5740,0.0,0.0
2022-11-16 00:00:00-05:00,7.675000190734863,8.125,7.025000095367432,7.75,6024,0.0,0.0
2022-11-17 00:00:00-05:00,7.724999904632568,8.0,7.5,7.875,3740,0.0,0.0
2022-11-18 00:00:00-05:00,7.5,8.0,7.5,7.824999809265137,1892,0.0,0.0
2022-11-21 00:00:00-05:00,7.875,8.175000190734863,7.5,7.849999904632568,3316,0.0,0.0
2022-11-22 00:00:00-05:00,7.824999809265137,8.0,7.375,7.574999809265137,7320,0.0,0.0
2022-11-23 00:00:00-05:00,7.75,7.875,7.449999809265137,7.800000190734863,5516,0.0,0.0
2022-11-25 00:00:00-05:00,7.625,7.849999904632568,7.349999904632568,7.800000190734863,3208,0.0,0.0
2022-11-28 00:00:00-05:00,7.75,7.849999904632568,7.25,7.474999904632568,4424,0.0,0.0
2022-11-29 00:00:00-05:00,7.474999904632568,7.675000190734863,7.0,7.25,14132,0.0,0.0
2022-11-30 00:00:00-05:00,7.5,7.625,7.150000095367432,7.25,12824,0.0,0.0
2022-12-01 00:00:00-05:00,7.25,7.5,7.25,7.5,7076,0.0,0.0
2022-12-02 00:00:00-05:00,7.5,8.175000190734863,7.349999904632568,7.5,11736,0.0,0.0
2022-12-05 00:00:00-05:00,7.724999904632568,7.724999904632568,7.125,7.224999904632568,2976,0.0,0.0
2022-12-06 00:00:00-05:00,7.5,7.625,6.775000095367432,7.125,22696,0.0,0.0
2022-12-07 00:00:00-05:00,7.0,7.0,6.275000095367432,6.5,12632,0.0,0.0
2022-12-08 00:00:00-05:00,6.300000190734863,6.949999809265137,6.300000190734863,6.75,3756,0.0,0.0
2022-12-09 00:00:00-05:00,6.525000095367432,6.75,6.25,6.275000095367432,5280,0.0,0.0
2022-12-12 00:00:00-05:00,6.650000095367432,8.100000381469727,6.199999809265137,6.974999904632568,41840,0.0,0.0
2022-12-13 00:00:00-05:00,6.974999904632568,7.25,6.0,6.300000190734863,14852,0.0,0.0
2022-12-14 00:00:00-05:00,6.375,6.5,6.125,6.400000095367432,4400,0.0,0.0
2022-12-15 00:00:00-05:00,6.0,6.650000095367432,6.0,6.5,8440,0.0,0.0
2022-12-16 00:00:00-05:00,6.625,6.650000095367432,6.125,6.199999809265137,10960,0.0,0.0
2022-12-19 00:00:00-05:00,6.349999904632568,7.199999809265137,5.75,6.25,15240,0.0,0.0
2022-12-20 00:00:00-05:00,6.5,6.5,5.900000095367432,6.199999809265137,5884,0.0,0.0
2022-12-21 00:00:00-05:00,6.449999809265137,6.5,6.025000095367432,6.125,5476,0.0,0.0
2022-12-22 00:00:00-05:00,6.125,6.625,6.125,6.224999904632568,27780,0.0,0.0
2022-12-23 00:00:00-05:00,7.0,7.0,6.25,6.550000190734863,10184,0.0,0.0
2022-12-27 00:00:00-05:00,6.550000190734863,6.550000190734863,5.550000190734863,5.925000190734863,8060,0.0,0.0
2022-12-28 00:00:00-05:00,5.849999904632568,6.199999809265137,5.474999904632568,5.974999904632568,7008,0.0,0.0
2022-12-29 00:00:00-05:00,5.849999904632568,6.125,5.824999809265137,6.0,3676,0.0,0.0
2022-12-30 00:00:00-05:00,6.0,6.25,5.875,5.900000095367432,3708,0.0,0.0
2023-01-03 00:00:00-05:00,5.900000095367432,6.150000095367432,5.550000190734863,5.974999904632568,10676,0.0,0.0
2023-01-04 00:00:00-05:00,6.25,6.25,6.0,6.199999809265137,5476,0.0,0.0
2023-01-05 00:00:00-05:00,6.675000190734863,8.25,6.275000095367432,6.875,108444,0.0,0.0
2023-01-06 00:00:00-05:00,6.550000190734863,7.0,6.5,6.625,16208,0.0,0.0
2023-01-09 00:00:00-05:00,6.525000095367432,6.625,5.775000095367432,6.300000190734863,8840,0.0,0.0
2023-01-10 00:00:00-05:00,6.25,6.625,6.025000095367432,6.324999809265137,8624,0.0,0.0
2023-01-11 00:00:00-05:00,6.300000190734863,6.875,6.300000190734863,6.75,10632,0.0,0.0
2023-01-12 00:00:00-05:00,6.75,7.199999809265137,6.5,6.625,14900,0.0,0.0
2023-01-13 00:00:00-05:00,6.550000190734863,7.375,6.550000190734863,6.925000190734863,25148,0.0,0.0
2023-01-17 00:00:00-05:00,7.224999904632568,7.949999809265137,7.0,7.625,17908,0.0,0.0
2023-01-18 00:00:00-05:00,7.75,7.875,7.0,7.349999904632568,14880,0.0,0.0
2023-01-19 00:00:00-05:00,7.349999904632568,7.625,6.724999904632568,7.349999904632568,11320,0.0,0.0
2023-01-20 00:00:00-05:00,7.75,7.75,7.199999809265137,7.300000190734863,6216,0.0,0.0
2023-01-23 00:00:00-05:00,7.375,8.0,7.025000095367432,7.574999809265137,14948,0.0,0.0
2023-01-24 00:00:00-05:00,7.75,8.75,7.574999809265137,8.274999618530273,26648,0.0,0.0
2023-01-25 00:00:00-05:00,8.5,8.600000381469727,8.0,8.225000381469727,10064,0.0,0.0
2023-01-26 00:00:00-05:00,8.050000190734863,8.449999809265137,7.5,7.875,15644,0.0,0.0
2023-01-27 00:00:00-05:00,8.5,8.5,7.75,8.125,9616,0.0,0.0
2023-01-30 00:00:00-05:00,8.449999809265137,8.449999809265137,7.550000190734863,8.0,6904,0.0,0.0
2023-01-31 00:00:00-05:00,7.974999904632568,8.0,7.25,7.724999904632568,12248,0.0,0.0
2023-02-01 00:00:00-05:00,7.875,8.5,7.5,8.0,20748,0.0,0.0
2023-02-02 00:00:00-05:00,8.024999618530273,8.475000381469727,8.024999618530273,8.149999618530273,14312,0.0,0.0
2023-02-03 00:00:00-05:00,8.25,8.625,8.25,8.25,9532,0.0,0.0
2023-02-06 00:00:00-05:00,8.25,8.875,8.149999618530273,8.375,13144,0.0,0.0
2023-02-07 00:00:00-05:00,8.5,9.449999809265137,8.274999618530273,8.925000190734863,30184,0.0,0.0
2023-02-08 00:00:00-05:00,8.75,8.875,8.149999618530273,8.25,8552,0.0,0.0
2023-02-09 00:00:00-05:00,8.75,8.75,7.824999809265137,7.875,9812,0.0,0.0
2023-02-10 00:00:00-05:00,8.274999618530273,8.375,7.875,8.0,3716,0.0,0.0
2023-02-13 00:00:00-05:00,7.900000095367432,8.274999618530273,7.800000190734863,7.824999809265137,7668,0.0,0.0
2023-02-14 00:00:00-05:00,8.0,8.0,7.5,7.574999809265137,12084,0.0,0.0
2023-02-15 00:00:00-05:00,7.949999809265137,8.75,7.75,8.449999809265137,22096,0.0,0.0
2023-02-16 00:00:00-05:00,8.625,9.449999809265137,8.5,8.725000381469727,49740,0.0,0.0
2023-02-17 00:00:00-05:00,8.75,9.350000381469727,8.5,8.824999809265137,17632,0.0,0.0
2023-02-21 00:00:00-05:00,8.875,8.875,8.25,8.375,10504,0.0,0.0
2023-02-22 00:00:00-05:00,8.75,8.850000381469727,8.024999618530273,8.024999618530273,5836,0.0,0.0
2023-02-23 00:00:00-05:00,8.125,8.25,7.875,8.0,11396,0.0,0.0
2023-02-24 00:00:00-05:00,8.25,8.25,7.75,7.75,8600,0.0,0.0
2023-02-27 00:00:00-05:00,7.875,8.125,7.5,7.675000190734863,5136,0.0,0.0
2023-02-28 00:00:00-05:00,7.675000190734863,8.125,7.5,7.5,6024,0.0,0.0
2023-03-01 00:00:00-05:00,7.5,8.125,7.5,7.675000190734863,2988,0.0,0.0
2023-03-02 00:00:00-05:00,7.675000190734863,8.0,7.574999809265137,7.875,9988,0.0,0.0
2023-03-03 00:00:00-05:00,8.0,8.125,7.875,7.974999904632568,4180,0.0,0.0
2023-03-06 00:00:00-05:00,8.125,12.100000381469727,7.625,10.125,61368,0.0,0.0
2023-03-07 00:00:00-05:00,9.75,10.25,8.199999809265137,8.675000190734863,54964,0.0,0.0
2023-03-08 00:00:00-05:00,8.5,9.350000381469727,8.350000381469727,9.0,12668,0.0,0.0
2023-03-09 00:00:00-05:00,8.899999618530273,9.0,8.5,8.5,10836,0.0,0.0
2023-03-10 00:00:00-05:00,8.25,8.5,7.925000190734863,8.175000190734863,10816,0.0,0.0
2023-03-13 00:00:00-04:00,8.149999618530273,8.274999618530273,7.650000095367432,8.0,25096,0.0,0.0
2023-03-14 00:00:00-04:00,8.600000381469727,8.600000381469727,7.25,7.925000190734863,18228,0.0,0.0
2023-03-15 00:00:00-04:00,7.974999904632568,8.0,7.5,7.574999809265137,7460,0.0,0.0
2023-03-16 00:00:00-04:00,7.625,7.75,7.275000095367432,7.574999809265137,21464,0.0,0.0
2023-03-17 00:00:00-04:00,7.400000095367432,7.849999904632568,7.275000095367432,7.650000095367432,7852,0.0,0.0
2023-03-20 00:00:00-04:00,7.925000190734863,8.25,7.375,7.525000095367432,11384,0.0,0.0
2023-03-21 00:00:00-04:00,7.525000095367432,7.75,7.449999809265137,7.525000095367432,1720,0.0,0.0
2023-03-22 00:00:00-04:00,7.75,7.75,7.025000095367432,7.150000095367432,6040,0.0,0.0
2023-03-23 00:00:00-04:00,7.25,8.100000381469727,6.875,7.75,22444,0.0,0.0
2023-03-24 00:00:00-04:00,7.824999809265137,12.0,7.5,11.125,286468,0.0,0.0
2023-03-27 00:00:00-04:00,10.449999809265137,10.5,9.5,9.625,63504,0.0,0.0
2023-03-28 00:00:00-04:00,10.25,10.25,8.75,9.75,25232,0.0,0.0
2023-03-29 00:00:00-04:00,10.25,10.274999618530273,9.024999618530273,9.324999809265137,27944,0.0,0.0
2023-03-30 00:00:00-04:00,9.375,10.0,7.0,8.75,36344,0.0,0.0
2023-03-31 00:00:00-04:00,9.074999809265137,9.600000381469727,8.75,9.199999809265137,16644,0.0,0.0
2023-04-03 00:00:00-04:00,8.925000190734863,10.550000190734863,7.525000095367432,9.024999618530273,37088,0.0,0.0
2023-04-04 00:00:00-04:00,8.75,9.75,8.5,8.649999618530273,5864,0.0,0.0
2023-04-05 00:00:00-04:00,8.975000381469727,10.425000190734863,8.800000190734863,9.899999618530273,38192,0.0,0.0
2023-04-06 00:00:00-04:00,10.125,11.0,9.875,10.399999618530273,32388,0.0,0.0
2023-04-10 00:00:00-04:00,11.175000190734863,15.600000381469727,10.75,13.675000190734863,237184,0.0,0.0
2023-04-11 00:00:00-04:00,13.675000190734863,15.5,12.5,13.25,52100,0.0,0.0
2023-04-12 00:00:00-04:00,13.75,14.25,12.600000381469727,14.149999618530273,54180,0.0,0.0
2023-04-13 00:00:00-04:00,14.574999809265137,17.100000381469727,14.25,15.074999809265137,71640,0.0,0.0
2023-04-14 00:00:00-04:00,15.0,18.450000762939453,14.625,17.0,69536,0.0,0.0
2023-04-17 00:00:00-04:00,17.75,17.75,15.274999618530273,16.299999237060547,43008,0.0,0.0
2023-04-18 00:00:00-04:00,16.299999237060547,16.5,15.25,15.399999618530273,34808,0.0,0.0
2023-04-19 00:00:00-04:00,15.25,17.625,15.0,17.174999237060547,43196,0.0,0.0
2023-04-20 00:00:00-04:00,17.75,19.5,16.75,17.125,31580,0.0,0.0
2023-04-21 00:00:00-04:00,17.375,18.450000762939453,16.399999618530273,17.0,20968,0.0,0.0
2023-04-24 00:00:00-04:00,17.450000762939453,17.450000762939453,15.274999618530273,15.625,161976,0.0,0.0
2023-04-25 00:00:00-04:00,30.0,36.0,19.299999237060547,24.25,4474904,0.0,0.0
2023-04-26 00:00:00-04:00,23.25,24.975000381469727,17.125,19.375,225236,0.0,0.0
2023-04-27 00:00:00-04:00,21.0,22.424999237060547,19.75,21.75,74300,0.0,0.0
2023-04-28 00:00:00-04:00,20.625,21.0,18.0,18.25,67932,0.0,0.0
2023-05-01 00:00:00-04:00,17.600000381469727,20.600000381469727,17.299999237060547,20.600000381469727,42184,0.0,0.0
2023-05-02 00:00:00-04:00,20.75,21.350000381469727,19.100000381469727,20.75,24952,0.0,0.0
2023-05-03 00:00:00-04:00,21.5,24.25,21.0,23.225000381469727,45064,0.0,0.0
2023-05-04 00:00:00-04:00,26.5,26.5,23.25,25.5,51736,0.0,0.0
2023-05-05 00:00:00-04:00,25.5,26.25,24.049999237060547,25.25,26264,0.0,0.0
2023-05-08 00:00:00-04:00,24.75,25.5,22.125,22.875,41508,0.0,0.0
2023-05-09 00:00:00-04:00,24.5,25.25,23.575000762939453,24.649999618530273,22012,0.0,0.0
2023-05-10 00:00:00-04:00,25.5,30.5,25.25,28.75,95172,0.0,0.0
2023-05-11 00:00:00-04:00,25.75,27.5,23.75,26.75,70368,0.0,0.0
2023-05-12 00:00:00-04:00,26.75,27.5,25.0,26.75,25712,0.0,0.0
2023-05-15 00:00:00-04:00,27.25,28.625,25.25,25.75,36748,0.0,0.0
2023-05-16 00:00:00-04:00,25.0,25.75,23.75,25.75,28768,0.0,0.0
2023-05-17 00:00:00-04:00,25.75,26.25,25.0,26.0,13876,0.0,0.0
2023-05-18 00:00:00-04:00,26.0,28.0,26.0,27.5,25584,0.0,0.0
2023-05-19 00:00:00-04:00,28.0,28.5,27.25,27.5,16652,0.0,0.0
2023-05-22 00:00:00-04:00,28.25,28.5,27.424999237060547,27.75,18512,0.0,0.0
2023-05-23 00:00:00-04:00,27.5,32.0,27.5,30.75,52228,0.0,0.0
2023-05-24 00:00:00-04:00,32.5,36.0,32.25,33.5,67780,0.0,0.0
2023-05-25 00:00:00-04:00,33.5,36.0,30.0,30.25,49636,0.0,0.0
2023-05-26 00:00:00-04:00,30.75,37.0,30.75,36.0,57352,0.0,0.0
2023-05-30 00:00:00-04:00,37.5,44.75,36.0,41.5,85968,0.0,0.0
2023-05-31 00:00:00-04:00,40.25,45.25,40.25,43.0,34484,0.0,0.0
2023-06-01 00:00:00-04:00,44.25,44.25,38.25,41.0,32176,0.0,0.0
2023-06-02 00:00:00-04:00,41.0,41.0,35.25,37.25,35928,0.0,0.0
2023-06-05 00:00:00-04:00,37.5,42.0,36.5,41.5,29472,0.0,0.0
2023-06-06 00:00:00-04:00,42.0,42.25,37.75,39.25,24348,0.0,0.0
2023-06-07 00:00:00-04:00,40.25,40.25,38.25,38.75,12664,0.0,0.0
2023-06-08 00:00:00-04:00,40.0,42.5,39.25,41.75,19272,0.0,0.0
2023-06-09 00:00:00-04:00,43.0,44.25,41.5,42.0,19020,0.0,0.0
2023-06-12 00:00:00-04:00,43.5,44.25,41.5,43.0,17296,0.0,0.0
2023-06-13 00:00:00-04:00,43.25,46.875,42.5,46.25,24316,0.0,0.0
2023-06-14 00:00:00-04:00,47.75,52.25,47.0,48.5,42740,0.0,0.0
2023-06-15 00:00:00-04:00,48.25,49.0,45.79999923706055,46.25,15944,0.0,0.0
2023-06-16 00:00:00-04:00,48.5,53.25,46.5,48.0,50012,0.0,0.0
2023-06-20 00:00:00-04:00,48.5,50.5,44.5,46.0,29796,0.0,0.0
2023-06-21 00:00:00-04:00,45.25,47.5,44.75,44.75,12424,0.0,0.0
2023-06-22 00:00:00-04:00,44.75,46.0,38.75,41.75,35724,0.0,0.0
2023-06-23 00:00:00-04:00,43.0,43.0,33.75,34.25,44228,0.0,0.0
2023-06-26 00:00:00-04:00,35.0,39.75,31.875,39.0,34796,0.0,0.0
2023-06-27 00:00:00-04:00,38.75,40.0,35.0,35.25,19556,0.0,0.0
2023-06-28 00:00:00-04:00,36.0,36.25,32.5,32.75,20816,0.0,0.0
2023-06-29 00:00:00-04:00,32.75,33.5,28.25,33.0,47064,0.0,0.0
2023-06-30 00:00:00-04:00,33.25,38.0,33.25,34.5,20696,0.0,0.0
2023-07-03 00:00:00-04:00,35.5,36.5,33.75,34.0,10872,0.0,0.0
2023-07-05 00:00:00-04:00,34.5,34.5,32.5,32.5,13912,0.0,0.0
2023-07-06 00:00:00-04:00,32.5,36.25,30.75,36.0,28920,0.0,0.0
2023-07-07 00:00:00-04:00,35.0,37.25,34.75,36.25,13208,0.0,0.0
2023-07-10 00:00:00-04:00,36.25,39.0,36.0,38.0,12372,0.0,0.0
2023-07-11 00:00:00-04:00,39.75,48.0,39.125,45.0,71280,0.0,0.0
2023-07-12 00:00:00-04:00,47.75,49.5,44.25,47.75,29756,0.0,0.0
2023-07-13 00:00:00-04:00,47.75,51.25,47.75,49.75,21224,0.0,0.0
2023-07-14 00:00:00-04:00,52.75,60.5,51.0,60.5,88572,0.0,0.0
2023-07-17 00:00:00-04:00,55.0,56.0,44.5,48.25,80076,0.0,0.0
2023-07-18 00:00:00-04:00,51.0,53.0,48.25,49.5,35280,0.0,0.0
2023-07-19 00:00:00-04:00,50.75,52.5,48.75,52.0,26424,0.0,0.0
2023-07-20 00:00:00-04:00,51.5,51.75,49.75,51.25,11864,0.0,0.0
2023-07-21 00:00:00-04:00,52.5,55.0,49.0,53.375,29836,0.0,0.0
2023-07-24 00:00:00-04:00,53.25,54.75,52.75,53.75,13020,0.0,0.0
2023-07-25 00:00:00-04:00,54.75,54.75,52.75,53.75,11728,0.0,0.0
2023-07-26 00:00:00-04:00,54.25,54.25,50.5,53.5,12648,0.0,0.0
2023-07-27 00:00:00-04:00,54.25,54.25,47.0,49.5,23196,0.0,0.0
2023-07-28 00:00:00-04:00,48.75,52.0,48.25,51.0,17820,0.0,0.0
2023-07-31 00:00:00-04:00,52.5,52.5,47.25,47.5,21148,0.0,0.0
2023-08-01 00:00:00-04:00,47.5,48.45000076293945,43.75,47.25,15836,0.0,0.0
2023-08-02 00:00:00-04:00,47.5,48.25,43.5,44.5,18512,0.0,0.0
2023-08-03 00:00:00-04:00,43.75,46.0,43.5,44.25,7092,0.0,0.0
2023-08-04 00:00:00-04:00,43.75,46.25,43.0,44.5,7892,0.0,0.0
2023-08-07 00:00:00-04:00,44.75,45.25,40.75,42.25,14968,0.0,0.0
2023-08-08 00:00:00-04:00,42.0,44.0,41.75,42.25,10320,0.0,0.0
2023-08-09 00:00:00-04:00,45.5,45.5,38.25,39.25,36820,0.0,0.0
2023-08-10 00:00:00-04:00,36.75,36.75,22.5,27.0,168432,0.0,0.0
2023-08-11 00:00:00-04:00,25.5,26.25,19.799999237060547,21.524999618530273,83388,0.0,0.0
2023-08-14 00:00:00-04:00,22.0,29.0,22.0,25.5,73552,0.0,0.0
2023-08-15 00:00:00-04:00,24.75,28.75,22.0,25.5,45644,0.0,0.0
2023-08-16 00:00:00-04:00,24.75,26.25,24.75,25.5,11972,0.0,0.0
2023-08-17 00:00:00-04:00,25.25,31.799999237060547,24.575000762939453,30.0,45604,0.0,0.0
2023-08-18 00:00:00-04:00,32.0,33.0,30.0,31.25,27600,0.0,0.0
2023-08-21 00:00:00-04:00,32.25,34.25,30.25,32.0,25164,0.0,0.0
2023-08-22 00:00:00-04:00,32.0,34.224998474121094,31.25,33.5,18944,0.0,0.0
2023-08-23 00:00:00-04:00,32.25,33.0,30.0,30.0,14952,0.0,0.0
2023-08-24 00:00:00-04:00,30.25,30.5,29.0,30.25,10588,0.0,0.0
2023-08-25 00:00:00-04:00,30.0,30.25,28.75,29.5,7796,0.0,0.0
2023-08-28 00:00:00-04:00,28.75,29.125,24.25,26.5,27084,0.0,0.0
2023-08-29 00:00:00-04:00,26.5,27.0,25.5,25.75,10252,0.0,0.0
2023-08-30 00:00:00-04:00,25.75,31.0,25.75,30.5,18400,0.0,0.0
2023-08-31 00:00:00-04:00,30.75,31.25,27.25,27.5,5792,0.0,0.0
2023-09-01 00:00:00-04:00,27.25,28.75,27.25,28.25,4900,0.0,0.0
2023-09-05 00:00:00-04:00,27.5,28.5,25.0,25.75,15620,0.0,0.0
2023-09-06 00:00:00-04:00,27.0,27.0,24.25,25.5,7344,0.0,0.0
2023-09-07 00:00:00-04:00,25.25,26.25,24.274999618530273,25.5,5308,0.0,0.0
2023-09-08 00:00:00-04:00,24.850000381469727,26.350000381469727,24.75,24.975000381469727,10136,0.0,0.0
2023-09-11 00:00:00-04:00,25.0,25.0,23.25,23.75,12680,0.0,0.0
2023-09-12 00:00:00-04:00,23.0,24.25,22.024999618530273,23.0,13000,0.0,0.0
2023-09-13 00:00:00-04:00,22.725000381469727,23.75,20.75,22.75,12924,0.0,0.0
2023-09-14 00:00:00-04:00,22.075000762939453,24.75,21.625,24.5,6292,0.0,0.0
2023-09-15 00:00:00-04:00,25.25,27.5,24.0,26.0,16924,0.0,0.0
2023-09-18 00:00:00-04:00,25.25,26.924999237060547,25.25,25.5,9748,0.0,0.0
2023-09-19 00:00:00-04:00,24.825000762939453,26.75,24.825000762939453,26.75,7304,0.0,0.0
2023-09-20 00:00:00-04:00,26.25,26.75,24.0,25.5,8828,0.0,0.0
2023-09-21 00:00:00-04:00,25.5,25.5,22.625,23.5,8000,0.0,0.0
2023-09-22 00:00:00-04:00,24.399999618530273,24.725000381469727,23.125,23.5,2592,0.0,0.0
2023-09-25 00:00:00-04:00,23.200000762939453,24.549999237060547,23.200000762939453,23.450000762939453,3740,0.0,0.0
2023-09-26 00:00:00-04:00,23.475000381469727,23.75,22.774999618530273,23.5,3488,0.0,0.0
2023-09-27 00:00:00-04:00,23.75,24.75,22.5,23.0,3668,0.0,0.0
2023-09-28 00:00:00-04:00,23.25,24.5,22.049999237060547,24.0,6372,0.0,0.0
2023-09-29 00:00:00-04:00,23.125,23.5,22.125,23.125,5092,0.0,0.0
2023-10-02 00:00:00-04:00,22.5,23.975000381469727,20.200000762939453,22.5,10184,0.0,0.0
2023-10-03 00:00:00-04:00,23.049999237060547,23.049999237060547,20.350000381469727,21.149999618530273,8656,0.0,0.0
2023-10-04 00:00:00-04:00,21.25,22.174999237060547,19.774999618530273,20.5,7524,0.0,0.0
2023-10-05 00:00:00-04:00,20.0,20.825000762939453,18.825000762939453,19.125,9796,0.0,0.0
2023-10-06 00:00:00-04:00,19.5,21.325000762939453,18.75,20.274999618530273,7496,0.0,0.0
2023-10-09 00:00:00-04:00,20.674999237060547,21.0,19.524999618530273,20.975000381469727,2568,0.0,0.0
2023-10-10 00:00:00-04:00,20.350000381469727,20.75,19.625,20.075000762939453,8464,0.0,0.0
2023-10-11 00:00:00-04:00,20.5,20.5,19.25,19.399999618530273,4324,0.0,0.0
2023-10-12 00:00:00-04:00,19.450000762939453,20.0,18.774999618530273,19.475000381469727,3672,0.0,0.0
2023-10-13 00:00:00-04:00,19.475000381469727,20.350000381469727,19.125,19.875,1824,0.0,0.0
2023-10-16 00:00:00-04:00,20.0,20.75,19.649999618530273,20.25,3532,0.0,0.0
2023-10-17 00:00:00-04:00,20.25,20.475000381469727,19.200000762939453,19.200000762939453,3760,0.0,0.0
2023-10-18 00:00:00-04:00,19.625,20.0,17.549999237060547,18.549999237060547,7664,0.0,0.0
2023-10-19 00:00:00-04:00,18.75,19.225000381469727,15.0,15.399999618530273,21728,0.0,0.0
2023-10-20 00:00:00-04:00,14.350000381469727,15.675000190734863,14.350000381469727,15.649999618530273,12724,0.0,0.0
2023-10-23 00:00:00-04:00,16.0,16.225000381469727,13.75,14.125,6672,0.0,0.0
2023-10-24 00:00:00-04:00,13.75,15.125,12.800000190734863,14.324999809265137,6096,0.0,0.0
2023-10-25 00:00:00-04:00,13.899999618530273,14.5,12.5,12.875,6960,0.0,0.0
2023-10-26 00:00:00-04:00,12.850000381469727,13.449999809265137,12.0,12.875,1828,0.0,0.0
2023-10-27 00:00:00-04:00,13.324999809265137,13.5,11.5,11.600000381469727,6724,0.0,0.0
2023-10-30 00:00:00-04:00,12.024999618530273,12.024999618530273,10.350000381469727,11.449999809265137,6616,0.0,0.0
2023-10-31 00:00:00-04:00,11.350000381469727,14.550000190734863,11.0,13.75,12336,0.0,0.0
2023-11-01 00:00:00-04:00,13.574999809265137,13.75,12.25,12.875,3688,0.0,0.0
2023-11-02 00:00:00-04:00,13.675000190734863,22.674999237060547,13.675000190734863,20.25,523656,0.0,0.0
2023-11-03 00:00:00-04:00,20.0,20.450000762939453,16.75,17.975000381469727,45772,0.0,0.0
2023-11-06 00:00:00-05:00,17.0,19.850000381469727,17.0,19.125,15380,0.0,0.0
2023-11-07 00:00:00-05:00,18.75,19.125,17.024999618530273,17.475000381469727,7864,0.0,0.0
2023-11-08 00:00:00-05:00,16.950000762939453,18.5,16.950000762939453,17.625,3040,0.0,0.0
2023-11-09 00:00:00-05:00,17.475000381469727,19.700000762939453,17.375,18.75,9116,0.0,0.0
2023-11-10 00:00:00-05:00,20.25,26.0,19.25,19.375,49752,0.0,0.0
2023-11-13 00:00:00-05:00,20.5,20.875,16.424999237060547,17.325000762939453,12032,0.0,0.0
2023-11-14 00:00:00-05:00,17.5,19.0,16.825000762939453,17.649999618530273,6512,0.0,0.0
2023-11-15 00:00:00-05:00,16.875,20.299999237060547,16.875,18.350000381469727,10520,0.0,0.0
2023-11-16 00:00:00-05:00,18.75,20.125,18.0,18.25,5728,0.0,0.0
2023-11-17 00:00:00-05:00,18.024999618530273,18.75,17.0,18.475000381469727,3240,0.0,0.0
2023-11-20 00:00:00-05:00,17.924999237060547,18.875,17.25,18.325000762939453,2448,0.0,0.0
2023-11-21 00:00:00-05:00,17.75,19.25,16.75,17.049999237060547,5612,0.0,0.0
2023-11-22 00:00:00-05:00,18.424999237060547,18.424999237060547,16.274999618530273,17.125,4820,0.0,0.0
2023-11-24 00:00:00-05:00,17.0,17.0,11.75,15.199999809265137,14668,0.0,0.0
2023-11-27 00:00:00-05:00,14.675000190734863,15.5,13.850000381469727,14.375,7380,0.0,0.0
2023-11-28 00:00:00-05:00,15.625,15.625,14.350000381469727,14.425000190734863,3360,0.0,0.0
2023-11-29 00:00:00-05:00,14.25,15.074999809265137,14.125,14.225000381469727,4696,0.0,0.0
2023-11-30 00:00:00-05:00,14.25,15.0,14.125,14.225000381469727,3796,0.0,0.0
2023-12-01 00:00:00-05:00,13.550000190734863,14.975000381469727,13.550000190734863,14.175000190734863,15420,0.0,0.0
2023-12-04 00:00:00-05:00,14.175000190734863,18.75,14.024999618530273,18.450000762939453,22940,0.0,0.0
2023-12-05 00:00:00-05:00,18.475000381469727,18.75,17.25,18.200000762939453,6248,0.0,0.0
2023-12-06 00:00:00-05:00,18.25,18.25,17.325000762939453,17.924999237060547,2384,0.0,0.0
2023-12-07 00:00:00-05:00,17.5,17.549999237060547,15.75,16.024999618530273,4564,0.0,0.0
2023-12-08 00:00:00-05:00,15.75,17.274999618530273,15.75,17.0,1996,0.0,0.0
2023-12-11 00:00:00-05:00,17.0,17.25,15.375,16.5,5148,0.0,0.0
2023-12-12 00:00:00-05:00,15.524999618530273,16.225000381469727,15.25,15.350000381469727,3052,0.0,0.0
2023-12-13 00:00:00-05:00,15.774999618530273,17.5,15.449999809265137,16.75,4252,0.0,0.0
2023-12-14 00:00:00-05:00,17.25,17.75,15.824999809265137,17.149999618530273,5008,0.0,0.0
2023-12-15 00:00:00-05:00,16.75,18.0,16.549999237060547,16.75,2188,0.0,0.0
2023-12-18 00:00:00-05:00,17.5,17.575000762939453,15.300000190734863,15.75,4844,0.0,0.0
2023-12-19 00:00:00-05:00,16.25,16.575000762939453,14.875,15.5,3880,0.0,0.0
2023-12-20 00:00:00-05:00,15.25,15.725000381469727,14.800000190734863,14.949999809265137,3944,0.0,0.0
2023-12-21 00:00:00-05:00,15.0,15.25,13.925000190734863,14.475000381469727,6740,0.0,0.0
2023-12-22 00:00:00-05:00,14.175000190734863,14.925000190734863,14.074999809265137,14.925000190734863,2332,0.0,0.0
2023-12-26 00:00:00-05:00,14.024999618530273,15.25,14.024999618530273,14.449999809265137,7376,0.0,0.0
2023-12-27 00:00:00-05:00,15.0,15.0,14.375,14.949999809265137,3168,0.0,0.0
2023-12-28 00:00:00-05:00,14.375,15.0,14.375,14.524999618530273,3984,0.0,0.0
2023-12-29 00:00:00-05:00,14.524999618530273,15.0,14.25,14.375,3052,0.0,0.0
2024-01-02 00:00:00-05:00,14.25,14.949999809265137,13.449999809265137,14.550000190734863,30884,0.0,0.0
2024-01-03 00:00:00-05:00,14.199999809265137,14.25,13.25,13.350000381469727,10444,0.0,0.0
2024-01-04 00:00:00-05:00,13.824999809265137,13.949999809265137,13.350000381469727,13.5,3000,0.0,0.0
2024-01-05 00:00:00-05:00,13.274999618530273,13.475000381469727,12.925000190734863,13.475000381469727,4500,0.0,0.0
2024-01-08 00:00:00-05:00,13.899999618530273,15.0,13.475000381469727,14.699999809265137,5808,0.0,0.0
2024-01-09 00:00:00-05:00,15.0,19.825000762939453,15.0,17.350000381469727,35032,0.0,0.0
2024-01-10 00:00:00-05:00,17.5,18.049999237060547,16.25,17.225000381469727,6012,0.0,0.0
2024-01-11 00:00:00-05:00,16.700000762939453,17.5,16.299999237060547,16.549999237060547,3908,0.0,0.0
2024-01-12 00:00:00-05:00,17.0,19.25,16.625,18.975000381469727,11480,0.0,0.0
2024-01-16 00:00:00-05:00,19.575000762939453,23.5,19.575000762939453,21.0,12320,0.0,0.0
2024-01-17 00:00:00-05:00,21.0,21.25,19.25,20.100000381469727,6504,0.0,0.0
2024-01-18 00:00:00-05:00,20.899999618530273,21.0,20.125,20.774999618530273,5204,0.0,0.0
2024-01-19 00:00:00-05:00,21.25,22.25,20.25,20.274999618530273,7084,0.0,0.0
2024-01-22 00:00:00-05:00,21.0,21.0,11.199999809265137,12.100000381469727,117096,0.0,0.0
2024-01-23 00:00:00-05:00,12.050000190734863,12.050000190734863,10.5,10.574999809265137,42832,0.0,0.0
2024-01-24 00:00:00-05:00,11.125,11.25,9.074999809265137,9.675000190734863,33428,0.0,0.0
2024-01-25 00:00:00-05:00,9.625,11.199999809265137,9.5,10.625,12672,0.0,0.0
2024-01-26 00:00:00-05:00,10.875,11.125,10.024999618530273,10.25,6780,0.0,0.0
2024-01-29 00:00:00-05:00,11.0,11.0,9.75,10.050000190734863,7736,0.0,0.0
2024-01-30 00:00:00-05:00,10.0,10.75,10.0,10.25,8772,0.0,0.0
2024-01-31 00:00:00-05:00,10.25,10.75,10.125,10.25,3688,0.0,0.0
2024-02-01 00:00:00-05:00,10.75,10.75,10.125,10.375,2596,0.0,0.0
2024-02-02 00:00:00-05:00,10.5,10.5,9.75,10.0,3412,0.0,0.0
2024-02-05 00:00:00-05:00,10.100000381469727,10.100000381469727,8.300000190734863,8.75,12724,0.0,0.0
2024-02-06 00:00:00-05:00,8.824999809265137,9.399999618530273,8.824999809265137,9.25,3488,0.0,0.0
2024-02-07 00:00:00-05:00,9.350000381469727,10.0,9.0,9.725000381469727,2944,0.0,0.0
2024-02-08 00:00:00-05:00,10.25,10.5,9.25,10.100000381469727,4916,0.0,0.0
2024-02-09 00:00:00-05:00,10.25,11.0,10.050000190734863,10.475000381469727,6192,0.0,0.0
2024-02-12 00:00:00-05:00,11.475000381469727,11.5,10.449999809265137,10.475000381469727,7800,0.0,0.0
2024-02-13 00:00:00-05:00,10.25,10.25,9.625,9.800000190734863,3728,0.0,0.0
2024-02-14 00:00:00-05:00,9.800000190734863,9.975000381469727,9.5,9.649999618530273,3360,0.0,0.0
2024-02-15 00:00:00-05:00,9.649999618530273,10.024999618530273,9.550000190734863,9.649999618530273,2736,0.0,0.0
2024-02-16 00:00:00-05:00,9.550000190734863,9.925000190734863,9.225000381469727,9.5,5376,0.0,0.0
2024-02-20 00:00:00-05:00,9.300000190734863,11.324999809265137,9.300000190734863,10.75,9812,0.0,0.0
2024-02-21 00:00:00-05:00,10.425000190734863,10.850000381469727,9.375,9.725000381469727,2040,0.0,0.0
2024-02-22 00:00:00-05:00,9.649999618530273,9.875,9.25,9.850000381469727,4228,0.0,0.0
2024-02-23 00:00:00-05:00,9.725000381469727,9.824999809265137,7.599999904632568,8.25,17476,0.0,0.0
2024-02-26 00:00:00-05:00,8.625,9.5,8.625,8.925000190734863,4704,0.0,0.0
2024-02-27 00:00:00-05:00,9.25,9.774999618530273,8.800000190734863,9.524999618530273,5800,0.0,0.0
2024-02-28 00:00:00-05:00,9.449999809265137,9.75,9.0,9.5,2096,0.0,0.0
2024-02-29 00:00:00-05:00,9.75,9.75,8.949999809265137,9.274999618530273,4944,0.0,0.0
2024-03-01 00:00:00-05:00,9.600000381469727,9.600000381469727,8.300000190734863,8.550000190734863,11176,0.0,0.0
2024-03-04 00:00:00-05:00,8.725000381469727,8.75,7.800000190734863,7.800000190734863,12776,0.0,0.0
2024-03-05 00:00:00-05:00,7.599999904632568,8.75,6.974999904632568,8.300000190734863,27064,0.0,0.0
2024-03-06 00:00:00-05:00,8.725000381469727,9.5,8.0,9.25,8052,0.0,0.0
2024-03-07 00:00:00-05:00,9.0,9.5,8.75,9.5,3820,0.0,0.0
2024-03-08 00:00:00-05:00,9.125,9.25,9.0,9.225000381469727,984,0.0,0.0
2024-03-11 00:00:00-04:00,8.75,9.225000381469727,8.375,9.225000381469727,4884,0.0,0.0
2024-03-12 00:00:00-04:00,8.75,8.75,7.25,7.849999904632568,6688,0.0,0.0
2024-03-13 00:00:00-04:00,8.25,8.5,7.800000190734863,7.849999904632568,9672,0.0,0.0
2024-03-14 00:00:00-04:00,8.074999809265137,8.5,7.849999904632568,8.25,1204,0.0,0.0
2024-03-15 00:00:00-04:00,8.375,8.375,7.775000095367432,7.949999809265137,3500,0.0,0.0
2024-03-18 00:00:00-04:00,7.800000190734863,8.175000190734863,7.800000190734863,8.0,2780,0.0,0.0
2024-03-19 00:00:00-04:00,8.399999618530273,10.125,8.225000381469727,8.850000381469727,19108,0.0,0.0
2024-03-20 00:00:00-04:00,8.824999809265137,9.449999809265137,8.25,8.774999618530273,4328,0.0,0.0
2024-03-21 00:00:00-04:00,9.050000190734863,9.449999809265137,8.274999618530273,8.300000190734863,13132,0.0,0.0
2024-03-22 00:00:00-04:00,8.625,15.725000381469727,8.425000190734863,11.425000190734863,237700,0.0,0.0
2024-03-25 00:00:00-04:00,11.25,14.550000190734863,11.0,11.75,50960,0.0,0.0
2024-03-26 00:00:00-04:00,12.274999618530273,13.25,9.0,10.75,34620,0.0,0.0
2024-03-27 00:00:00-04:00,11.024999618530273,12.699999809265137,10.5,12.100000381469727,11052,0.0,0.0
2024-03-28 00:00:00-04:00,12.25,13.25,10.5,11.975000381469727,17112,0.0,0.0
2024-04-01 00:00:00-04:00,12.149999618530273,14.5,12.0,14.5,28364,0.0,0.0
2024-04-02 00:00:00-04:00,14.5,14.5,12.375,13.5,12064,0.0,0.0
2024-04-03 00:00:00-04:00,14.0,14.225000381469727,12.25,12.300000190734863,8560,0.0,0.0
2024-04-04 00:00:00-04:00,12.425000190734863,13.149999618530273,12.0,12.024999618530273,9220,0.0,0.0
2024-04-05 00:00:00-04:00,12.25,12.25,11.0,11.449999809265137,9868,0.0,0.0
2024-04-08 00:00:00-04:00,11.75,12.475000381469727,10.824999809265137,11.274999618530273,7420,0.0,0.0
2024-04-09 00:00:00-04:00,11.824999809265137,13.0,11.5,11.600000381469727,7180,0.0,0.0
2024-04-10 00:00:00-04:00,11.5,11.975000381469727,11.0,11.625,5780,0.0,0.0
2024-04-11 00:00:00-04:00,11.274999618530273,12.75,11.100000381469727,12.0,1580,0.0,0.0
2024-04-12 00:00:00-04:00,11.574999809265137,13.199999809265137,11.574999809265137,12.800000190734863,14888,0.0,0.0
2024-04-15 00:00:00-04:00,12.600000381469727,13.225000381469727,11.75,11.774999618530273,6652,0.0,0.0
2024-04-16 00:00:00-04:00,11.425000190734863,12.300000190734863,11.0,11.300000190734863,6712,0.0,0.0
2024-04-17 00:00:00-04:00,11.600000381469727,12.25,11.25,11.274999618530273,3484,0.0,0.0
2024-04-18 00:00:00-04:00,11.0,11.25,10.524999618530273,11.25,2512,0.0,0.0
2024-04-19 00:00:00-04:00,11.475000381469727,11.475000381469727,10.875,10.899999618530273,2540,0.0,0.0
2024-04-22 00:00:00-04:00,10.875,11.125,10.024999618530273,10.649999618530273,2884,0.0,0.0
2024-04-23 00:00:00-04:00,10.75,11.149999618530273,10.375,10.774999618530273,3156,0.0,0.0
2024-04-24 00:00:00-04:00,10.475000381469727,11.875,10.475000381469727,10.625,8028,0.0,0.0
2024-04-25 00:00:00-04:00,10.949999809265137,11.699999809265137,10.75,11.399999618530273,2572,0.0,0.0
2024-04-26 00:00:00-04:00,11.524999618530273,11.875,11.0,11.75,1624,0.0,0.0
2024-04-29 00:00:00-04:00,11.375,11.75,11.25,11.75,2944,0.0,0.0
2024-04-30 00:00:00-04:00,11.175000190734863,11.5,10.675000190734863,11.300000190734863,1508,0.0,0.0
2024-05-01 00:00:00-04:00,10.774999618530273,11.5,10.75,11.0,1084,0.0,0.0
2024-05-02 00:00:00-04:00,11.125,11.25,10.024999618530273,10.524999618530273,5356,0.0,0.0
2024-05-03 00:00:00-04:00,10.649999618530273,10.850000381469727,10.25,10.300000190734863,2716,0.0,0.0
2024-05-06 00:00:00-04:00,10.699999809265137,10.725000381469727,10.050000190734863,10.25,2460,0.0,0.0
2024-05-07 00:00:00-04:00,10.875,11.524999618530273,10.25,10.324999809265137,2256,0.0,0.0
2024-05-08 00:00:00-04:00,10.600000381469727,10.75,10.125,10.725000381469727,4624,0.0,0.0
2024-05-09 00:00:00-04:00,10.925000190734863,10.925000190734863,9.125,9.324999809265137,16024,0.0,0.0
2024-05-10 00:00:00-04:00,9.175000190734863,9.824999809265137,8.375,8.875,8536,0.0,0.0
2024-05-13 00:00:00-04:00,8.625,9.75,8.5,8.850000381469727,3580,0.0,0.0
2024-05-14 00:00:00-04:00,8.975000381469727,9.824999809265137,8.649999618530273,9.550000190734863,7676,0.0,0.0
2024-05-15 00:00:00-04:00,9.824999809265137,10.925000190734863,9.5,10.175000190734863,6624,0.0,0.0
2024-05-16 00:00:00-04:00,9.800000190734863,10.5,9.25,9.649999618530273,2516,0.0,0.0
2024-05-17 00:00:00-04:00,10.25,10.25,8.774999618530273,8.774999618530273,36308,0.0,0.0
2024-05-20 00:00:00-04:00,4.875,5.25,4.449999809265137,4.925000190734863,219952,0.0,0.0
2024-05-21 00:00:00-04:00,5.0,5.0,4.550000190734863,4.599999904632568,36088,0.0,0.0
2024-05-22 00:00:00-04:00,4.75,5.125,4.574999809265137,5.099999904632568,38528,0.0,0.0
2024-05-23 00:00:00-04:00,5.099999904632568,5.125,3.9000000953674316,4.474999904632568,91064,0.0,0.0
2024-05-24 00:00:00-04:00,4.349999904632568,5.375,4.324999809265137,5.224999904632568,98268,0.0,0.0
2024-05-28 00:00:00-04:00,5.0,6.074999809265137,4.875,5.875,147228,0.0,0.0
2024-05-29 00:00:00-04:00,5.675000190734863,5.949999809265137,4.875,5.5,76168,0.0,0.0
2024-05-30 00:00:00-04:00,5.25,5.974999904632568,5.0,5.175000190734863,31040,0.0,0.0
2024-05-31 00:00:00-04:00,5.425000190734863,5.474999904632568,5.099999904632568,5.375,24592,0.0,0.0
2024-06-03 00:00:00-04:00,5.5,6.25,5.25,5.525000095367432,54800,0.0,0.0
2024-06-04 00:00:00-04:00,5.525000095367432,6.5,5.425000190734863,5.675000190734863,60668,0.0,0.0
2024-06-05 00:00:00-04:00,5.675000190734863,9.399999618530273,5.324999809265137,5.400000095367432,796980,0.0,0.0
2024-06-06 00:00:00-04:00,5.400000095367432,7.25,5.275000095367432,5.900000095367432,223088,0.0,0.0
2024-06-07 00:00:00-04:00,5.900000095367432,6.0,5.550000190734863,5.699999809265137,36888,0.0,0.0
2024-06-10 00:00:00-04:00,5.800000190734863,5.824999809265137,5.25,5.400000095367432,34440,0.0,0.0
2024-06-11 00:00:00-04:00,5.25,5.75,5.25,5.599999904632568,25396,0.0,0.0
2024-06-12 00:00:00-04:00,5.75,5.974999904632568,5.525000095367432,5.724999904632568,28168,0.0,0.0
2024-06-13 00:00:00-04:00,5.650000095367432,5.800000190734863,5.5,5.800000190734863,15648,0.0,0.0
2024-06-14 00:00:00-04:00,5.75,6.449999809265137,5.574999809265137,5.949999809265137,46632,0.0,0.0
2024-06-17 00:00:00-04:00,5.775000095367432,6.25,5.525000095367432,6.25,30172,0.0,0.0
2024-06-18 00:00:00-04:00,6.25,6.949999809265137,5.650000095367432,6.224999904632568,96876,0.0,0.0
2024-06-20 00:00:00-04:00,6.25,6.75,5.900000095367432,6.5,51856,0.0,0.0
2024-06-21 00:00:00-04:00,6.5,7.425000190734863,6.025000095367432,6.75,63384,0.0,0.0
2024-06-24 00:00:00-04:00,6.75,7.25,6.275000095367432,6.625,44676,0.0,0.0
2024-06-25 00:00:00-04:00,6.75,6.75,5.849999904632568,6.224999904632568,25740,0.0,0.0
2024-06-26 00:00:00-04:00,6.224999904632568,6.224999904632568,5.775000095367432,5.974999904632568,23964,0.0,0.0
2024-06-27 00:00:00-04:00,5.775000095367432,6.025000095367432,5.574999809265137,5.849999904632568,24072,0.0,0.0
2024-06-28 00:00:00-04:00,5.775000095367432,6.0,5.324999809265137,5.375,37540,0.0,0.0
2024-07-01 00:00:00-04:00,5.224999904632568,6.0,5.224999904632568,5.550000190734863,25444,0.0,0.0
2024-07-02 00:00:00-04:00,5.449999809265137,5.949999809265137,5.449999809265137,5.849999904632568,26012,0.0,0.0
2024-07-03 00:00:00-04:00,5.949999809265137,6.349999904632568,5.699999809265137,6.0,29832,0.0,0.0
2024-07-05 00:00:00-04:00,6.0,6.25,5.675000190734863,5.775000095367432,19496,0.0,0.0
2024-07-08 00:00:00-04:00,5.775000095367432,6.650000095367432,5.625,6.375,110948,0.0,0.0
2024-07-09 00:00:00-04:00,6.400000095367432,6.949999809265137,6.125,6.525000095367432,60984,0.0,0.0
2024-07-10 00:00:00-04:00,7.0,7.0,6.025000095367432,6.425000190734863,61412,0.0,0.0
2024-07-11 00:00:00-04:00,6.224999904632568,6.699999809265137,6.125,6.125,39040,0.0,0.0
2024-07-12 00:00:00-04:00,6.099999904632568,6.550000190734863,6.050000190734863,6.25,33000,0.0,0.0
2024-07-15 00:00:00-04:00,6.474999904632568,6.474999904632568,5.875,6.099999904632568,48976,0.0,0.0
2024-07-16 00:00:00-04:00,6.324999809265137,6.449999809265137,5.900000095367432,6.125,23128,0.0,0.0
2024-07-17 00:00:00-04:00,6.050000190734863,7.675000190734863,6.025000095367432,7.275000095367432,91744,0.0,0.0
2024-07-18 00:00:00-04:00,8.050000190734863,8.324999809265137,6.550000190734863,6.574999809265137,517888,0.0,0.0
2024-07-19 00:00:00-04:00,6.5,6.699999809265137,5.5,6.300000190734863,65136,0.0,0.0
2024-07-22 00:00:00-04:00,5.75,6.0,5.525000095367432,5.699999809265137,62844,0.0,0.0
2024-07-23 00:00:00-04:00,5.75,6.824999809265137,5.75,6.099999904632568,92000,0.0,0.0
2024-07-24 00:00:00-04:00,6.099999904632568,6.5,5.724999904632568,5.775000095367432,34568,0.0,0.0
2024-07-25 00:00:00-04:00,5.75,5.974999904632568,5.625,5.800000190734863,21380,0.0,0.0
2024-07-26 00:00:00-04:00,5.775000095367432,6.0,5.400000095367432,5.5,32460,0.0,0.0
2024-07-29 00:00:00-04:00,5.599999904632568,5.599999904632568,5.074999809265137,5.474999904632568,33136,0.0,0.0
2024-07-30 00:00:00-04:00,5.5,5.5,5.125,5.275000095367432,22096,0.0,0.0
2024-07-31 00:00:00-04:00,5.275000095367432,5.349999904632568,5.199999809265137,5.275000095367432,9132,0.0,0.0
2024-08-01 00:00:00-04:00,5.25,5.400000095367432,5.0,5.150000095367432,29364,0.0,0.0
2024-08-02 00:00:00-04:00,5.099999904632568,5.125,4.324999809265137,4.724999904632568,37492,0.0,0.0
2024-08-05 00:00:00-04:00,4.525000095367432,4.75,4.25,4.650000095367432,15296,0.0,0.0
2024-08-06 00:00:00-04:00,4.675000190734863,5.0,4.675000190734863,4.849999904632568,10152,0.0,0.0
2024-08-07 00:00:00-04:00,4.900000095367432,4.900000095367432,4.550000190734863,4.675000190734863,12044,0.0,0.0
2024-08-08 00:00:00-04:00,4.75,4.75,4.150000095367432,4.474999904632568,33044,0.0,0.0
2024-08-09 00:00:00-04:00,4.650000095367432,4.650000095367432,4.349999904632568,4.375,9996,0.0,0.0
2024-08-12 00:00:00-04:00,4.425000190734863,4.449999809265137,4.050000190734863,4.175000190734863,15188,0.0,0.0
2024-08-13 00:00:00-04:00,4.349999904632568,4.5,4.175000190734863,4.5,7264,0.0,0.0
2024-08-14 00:00:00-04:00,4.574999809265137,4.574999809265137,4.25,4.400000095367432,5916,0.0,0.0
2024-08-15 00:00:00-04:00,4.275000095367432,4.875,4.275000095367432,4.724999904632568,7048,0.0,0.0
2024-08-16 00:00:00-04:00,4.824999809265137,4.824999809265137,4.5,4.724999904632568,6068,0.0,0.0
2024-08-19 00:00:00-04:00,4.925000190734863,4.949999809265137,4.5,4.75,8192,0.0,0.0
2024-08-20 00:00:00-04:00,5.125,5.300000190734863,4.75,4.925000190734863,10928,0.0,0.0
2024-08-21 00:00:00-04:00,5.074999809265137,5.75,4.75,5.650000095367432,71068,0.0,0.0
2024-08-22 00:00:00-04:00,5.25,5.550000190734863,5.0,5.25,21424,0.0,0.0
2024-08-23 00:00:00-04:00,5.074999809265137,5.375,4.574999809265137,5.275000095367432,277908,0.0,0.0
2024-08-26 00:00:00-04:00,5.125,6.0,5.125,5.400000095367432,65428,0.0,0.0
2024-08-27 00:00:00-04:00,5.400000095367432,5.574999809265137,5.050000190734863,5.175000190734863,23304,0.0,0.0
2024-08-28 00:00:00-04:00,5.224999904632568,5.400000095367432,4.625,4.625,31880,0.0,0.0
2024-08-29 00:00:00-04:00,4.75,4.800000190734863,4.474999904632568,4.5,17480,0.0,0.0
2024-08-30 00:00:00-04:00,4.599999904632568,4.925000190734863,4.525000095367432,4.849999904632568,16420,0.0,0.0
2024-09-03 00:00:00-04:00,4.974999904632568,5.0,4.525000095367432,4.574999809265137,12176,0.0,0.0
2024-09-04 00:00:00-04:00,4.800000190734863,4.974999904632568,4.449999809265137,4.449999809265137,9712,0.0,0.0
2024-09-05 00:00:00-04:00,4.449999809265137,4.75,4.349999904632568,4.625,15308,0.0,0.0
2024-09-06 00:00:00-04:00,4.625,4.675000190734863,4.25,4.449999809265137,16920,0.0,0.0
2024-09-09 00:00:00-04:00,4.550000190734863,4.699999809265137,4.375,4.525000095367432,11076,0.0,0.0
2024-09-10 00:00:00-04:00,4.5,4.650000095367432,4.275000095367432,4.400000095367432,7904,0.0,0.0
2024-09-11 00:00:00-04:00,4.474999904632568,4.675000190734863,4.275000095367432,4.675000190734863,18780,0.0,0.0
2024-09-12 00:00:00-04:00,4.724999904632568,4.800000190734863,4.574999809265137,4.75,7344,0.0,0.0
2024-09-13 00:00:00-04:00,4.75,5.0,4.625,4.875,10872,0.0,0.0
2024-09-16 00:00:00-04:00,4.75,5.0,4.675000190734863,4.900000095367432,10012,0.0,0.0
2024-09-17 00:00:00-04:00,4.949999809265137,5.699999809265137,4.800000190734863,5.050000190734863,33040,0.0,0.0
2024-09-18 00:00:00-04:00,5.324999809265137,5.324999809265137,4.900000095367432,5.0,6380,0.0,0.0
2024-09-19 00:00:00-04:00,5.25,5.25,4.875,5.050000190734863,15612,0.0,0.0
2024-09-20 00:00:00-04:00,5.125,5.25,4.925000190734863,4.974999904632568,10788,0.0,0.0
2024-09-23 00:00:00-04:00,4.875,5.474999904632568,4.625,4.849999904632568,23532,0.0,0.0
2024-09-24 00:00:00-04:00,4.775000095367432,5.125,4.75,4.75,18572,0.0,0.0
2024-09-25 00:00:00-04:00,4.75,4.900000095367432,4.275000095367432,4.375,39432,0.0,0.0
2024-09-26 00:00:00-04:00,4.375,4.824999809265137,4.300000190734863,4.5,18560,0.0,0.0
2024-09-27 00:00:00-04:00,4.5,4.675000190734863,4.425000190734863,4.675000190734863,5104,0.0,0.0
2024-09-30 00:00:00-04:00,4.5,4.824999809265137,4.199999809265137,4.25,34956,0.0,0.0
2024-10-01 00:00:00-04:00,4.199999809265137,4.300000190734863,3.7750000953674316,3.9000000953674316,27108,0.0,0.0
2024-10-02 00:00:00-04:00,3.9000000953674316,4.074999809265137,3.9000000953674316,3.9749999046325684,5780,0.0,0.0
2024-10-03 00:00:00-04:00,3.950000047683716,4.0,3.8499999046325684,3.924999952316284,12368,0.0,0.0
2024-10-04 00:00:00-04:00,4.025000095367432,4.300000190734863,4.0,4.224999904632568,12324,0.0,0.0
2024-10-07 00:00:00-04:00,4.349999904632568,4.349999904632568,3.1500000953674316,3.450000047683716,157612,0.0,0.0
2024-10-08 00:00:00-04:00,5.0,5.175000190734863,3.575000047683716,3.875,1700452,0.0,0.0
2024-10-09 00:00:00-04:00,3.549999952316284,3.7699999809265137,2.5199999809265137,2.8299999237060547,190300,0.0,0.04
2024-10-10 00:00:00-04:00,2.7899999618530273,3.140000104904175,2.500999927520752,3.119999885559082,154500,0.0,0.0
2024-10-11 00:00:00-04:00,3.119999885559082,5.289999961853027,2.799999952316284,4.119999885559082,1082400,0.0,0.0
2024-10-14 00:00:00-04:00,3.75,4.789999961853027,3.619999885559082,4.489999771118164,259500,0.0,0.0
2024-10-15 00:00:00-04:00,4.380000114440918,4.389999866485596,3.640000104904175,3.6600000858306885,101300,0.0,0.0
2024-10-16 00:00:00-04:00,3.640000104904175,4.900000095367432,3.5,4.429999828338623,207600,0.0,0.0
2024-10-17 00:00:00-04:00,3.9700000286102295,4.198999881744385,3.8499999046325684,4.010000228881836,214700,0.0,0.0
2024-10-18 00:00:00-04:00,4.0,4.0,3.8499999046325684,3.859999895095825,119200,0.0,0.0
2024-10-21 00:00:00-04:00,3.950000047683716,4.098999977111816,3.634999990463257,3.950000047683716,109200,0.0,0.0
2024-10-22 00:00:00-04:00,3.880000114440918,4.199999809265137,3.75,4.110000133514404,67600,0.0,0.0
2024-10-23 00:00:00-04:00,3.8320000171661377,4.130000114440918,3.8320000171661377,4.130000114440918,13300,0.0,0.0
2024-10-24 00:00:00-04:00,4.099999904632568,4.76200008392334,3.9619998931884766,4.75,79900,0.0,0.0
2024-10-25 00:00:00-04:00,4.5,5.150000095367432,4.5,4.989999771118164,94500,0.0,0.0
2024-10-28 00:00:00-04:00,4.760000228881836,4.980000019073486,4.630000114440918,4.869999885559082,34000,0.0,0.0
2024-10-29 00:00:00-04:00,4.900000095367432,4.900000095367432,4.40500020980835,4.460000038146973,31200,0.0,0.0
2024-10-30 00:00:00-04:00,4.199999809265137,4.510000228881836,4.050000190734863,4.159999847412109,72700,0.0,0.0
2024-10-31 00:00:00-04:00,4.230000019073486,4.5,4.170000076293945,4.349999904632568,23000,0.0,0.0
2024-11-01 00:00:00-04:00,4.300000190734863,4.510000228881836,4.28000020980835,4.369999885559082,68200,0.0,0.0
2024-11-04 00:00:00-05:00,4.239999771118164,4.46999979019165,4.210000038146973,4.440000057220459,22900,0.0,0.0
2024-11-05 00:00:00-05:00,4.300000190734863,4.71999979019165,4.190000057220459,4.619999885559082,35500,0.0,0.0
2024-11-06 00:00:00-05:00,4.360000133514404,4.822999954223633,4.201000213623047,4.449999809265137,50100,0.0,0.0
2024-11-07 00:00:00-05:00,4.320000171661377,4.482999801635742,4.317999839782715,4.449999809265137,13400,0.0,0.0
2024-11-08 00:00:00-05:00,4.480000019073486,4.706999778747559,4.300000190734863,4.300000190734863,29900,0.0,0.0
2024-11-11 00:00:00-05:00,3.759999990463257,4.063000202178955,3.200000047683716,3.4200000762939453,109000,0.0,0.0
2024-11-12 00:00:00-05:00,3.4100000858306885,3.759999990463257,3.319999933242798,3.4600000381469727,42700,0.0,0.0
2024-11-13 00:00:00-05:00,3.2899999618530273,3.430000066757202,2.940000057220459,2.9700000286102295,56800,0.0,0.0
2024-11-14 00:00:00-05:00,3.069999933242798,3.2300000190734863,2.9700000286102295,3.200000047683716,16000,0.0,0.0
2024-11-15 00:00:00-05:00,3.309999942779541,3.309999942779541,2.9600000381469727,2.9700000286102295,16900,0.0,0.0
2024-11-18 00:00:00-05:00,2.9700000286102295,3.069999933242798,1.6200000047683716,1.850000023841858,143800,0.0,0.0
2024-11-19 00:00:00-05:00,1.7699999809265137,3.0280001163482666,1.7599999904632568,2.5999999046325684,637000,0.0,0.0
2024-11-20 00:00:00-05:00,2.640000104904175,2.7009999752044678,2.25,2.430000066757202,75400,0.0,0.0
2024-11-21 00:00:00-05:00,2.359999895095825,2.8499999046325684,2.0899999141693115,2.7100000381469727,136000,0.0,0.0
2024-11-22 00:00:00-05:00,2.5999999046325684,2.740000009536743,2.4600000381469727,2.549999952316284,103100,0.0,0.0
2024-11-25 00:00:00-05:00,2.5399999618530273,2.799999952316284,2.4600000381469727,2.680000066757202,25300,0.0,0.0
2024-11-26 00:00:00-05:00,2.678999900817871,2.819999933242798,2.549999952316284,2.6449999809265137,11100,0.0,0.0
2024-11-27 00:00:00-05:00,2.7300000190734863,2.869999885559082,2.5799999237060547,2.5999999046325684,43500,0.0,0.0
