Date,Open,High,Low,Close,Volume,Dividends,Stock Splits
2022-01-03 00:00:00-05:00,7.050000190734863,8.680000305175781,5.630000114440918,5.78000020980835,148554800,0.0,0.0
2022-01-04 00:00:00-05:00,7.46999979019165,7.75,5.860000133514404,6.489999771118164,62790100,0.0,0.0
2022-01-05 00:00:00-05:00,6.900000095367432,7.900000095367432,6.429999828338623,6.75,33596100,0.0,0.0
2022-01-06 00:00:00-05:00,6.800000190734863,6.900000095367432,5.360000133514404,5.489999771118164,5865100,0.0,0.0
2022-01-07 00:00:00-05:00,5.0229997634887695,5.677000045776367,4.840000152587891,5.340000152587891,2273200,0.0,0.0
2022-01-10 00:00:00-05:00,5.199999809265137,6.320000171661377,5.190000057220459,6.019999980926514,7224100,0.0,0.0
2022-01-11 00:00:00-05:00,5.880000114440918,6.070000171661377,5.210000038146973,5.429999828338623,1902000,0.0,0.0
2022-01-12 00:00:00-05:00,7.070000171661377,7.599999904632568,6.21999979019165,6.429999828338623,45987200,0.0,0.0
2022-01-13 00:00:00-05:00,6.110000133514404,6.150000095367432,5.570000171661377,5.829999923706055,1859000,0.0,0.0
2022-01-14 00:00:00-05:00,5.5,6.079999923706055,5.460000038146973,5.840000152587891,806300,0.0,0.0
2022-01-18 00:00:00-05:00,5.550000190734863,5.869999885559082,5.400000095367432,5.809999942779541,931700,0.0,0.0
2022-01-19 00:00:00-05:00,5.809999942779541,6.119999885559082,5.539999961853027,5.659999847412109,2846600,0.0,0.0
2022-01-20 00:00:00-05:00,5.519999980926514,5.849999904632568,5.349999904632568,5.420000076293945,1556500,0.0,0.0
2022-01-21 00:00:00-05:00,5.300000190734863,5.349999904632568,4.440000057220459,4.510000228881836,710500,0.0,0.0
2022-01-24 00:00:00-05:00,3.940000057220459,4.239999771118164,3.7100000381469727,4.230000019073486,887600,0.0,0.0
2022-01-25 00:00:00-05:00,4.039999961853027,4.239999771118164,3.9200000762939453,4.119999885559082,408800,0.0,0.0
2022-01-26 00:00:00-05:00,4.079999923706055,4.110000133514404,3.5199999809265137,3.549999952316284,886800,0.0,0.0
2022-01-27 00:00:00-05:00,3.759999990463257,4.5,3.609999895095825,3.940000057220459,9961500,0.0,0.0
2022-01-28 00:00:00-05:00,3.75,3.9800000190734863,3.5299999713897705,3.890000104904175,851700,0.0,0.0
2022-01-31 00:00:00-05:00,3.930000066757202,4.079999923706055,3.7300000190734863,4.059999942779541,1175700,0.0,0.0
2022-02-01 00:00:00-05:00,4.159999847412109,5.099999904632568,4.099999904632568,4.610000133514404,9892100,0.0,0.0
2022-02-02 00:00:00-05:00,4.489999771118164,4.539999961853027,3.869999885559082,3.990000009536743,2102000,0.0,0.0
2022-02-03 00:00:00-05:00,3.7839999198913574,4.190000057220459,3.6600000858306885,4.03000020980835,1115000,0.0,0.0
2022-02-04 00:00:00-05:00,4.0,4.480000019073486,3.882999897003174,4.369999885559082,964600,0.0,0.0
2022-02-07 00:00:00-05:00,4.835999965667725,5.039999961853027,4.550000190734863,4.800000190734863,1771600,0.0,0.0
2022-02-08 00:00:00-05:00,4.659999847412109,4.900000095367432,4.210000038146973,4.820000171661377,940100,0.0,0.0
2022-02-09 00:00:00-05:00,4.840000152587891,5.369999885559082,4.760000228881836,4.929999828338623,1106600,0.0,0.0
2022-02-10 00:00:00-05:00,4.739999771118164,4.949999809265137,4.34499979019165,4.369999885559082,782300,0.0,0.0
2022-02-11 00:00:00-05:00,4.309999942779541,4.541999816894531,4.139999866485596,4.21999979019165,391800,0.0,0.0
2022-02-14 00:00:00-05:00,4.190000057220459,4.210000038146973,3.7899999618530273,3.890000104904175,561700,0.0,0.0
2022-02-15 00:00:00-05:00,4.119999885559082,4.230000019073486,3.950000047683716,4.010000228881836,439500,0.0,0.0
2022-02-16 00:00:00-05:00,4.0,4.130000114440918,3.869999885559082,3.940000057220459,325300,0.0,0.0
2022-02-17 00:00:00-05:00,3.819999933242798,3.9600000381469727,3.7200000286102295,3.859999895095825,277000,0.0,0.0
2022-02-18 00:00:00-05:00,3.7899999618530273,3.9000000953674316,3.549999952316284,3.5799999237060547,266200,0.0,0.0
2022-02-22 00:00:00-05:00,3.5,3.5,3.200000047683716,3.240000009536743,290200,0.0,0.0
2022-02-23 00:00:00-05:00,3.309999942779541,3.4700000286102295,3.069999933242798,3.0899999141693115,239400,0.0,0.0
2022-02-24 00:00:00-05:00,2.8499999046325684,3.1410000324249268,2.7799999713897705,3.119999885559082,327600,0.0,0.0
2022-02-25 00:00:00-05:00,3.1700000762939453,3.3399999141693115,3.1040000915527344,3.200000047683716,127400,0.0,0.0
2022-02-28 00:00:00-05:00,3.119999885559082,3.1500000953674316,2.880000114440918,2.9800000190734863,186400,0.0,0.0
2022-03-01 00:00:00-05:00,2.950000047683716,3.0399999618530273,2.7300000190734863,2.7699999809265137,222100,0.0,0.0
2022-03-02 00:00:00-05:00,2.7339999675750732,2.8399999141693115,2.619999885559082,2.6700000762939453,222400,0.0,0.0
2022-03-03 00:00:00-05:00,2.6500000953674316,2.690000057220459,2.380000114440918,2.4000000953674316,229800,0.0,0.0
2022-03-04 00:00:00-05:00,2.359999895095825,2.4000000953674316,2.0799999237060547,2.109999895095825,254000,0.0,0.0
2022-03-07 00:00:00-05:00,2.0199999809265137,2.180000066757202,1.8799999952316284,1.8799999952316284,244900,0.0,0.0
2022-03-08 00:00:00-05:00,1.8799999952316284,1.9600000381469727,1.7100000381469727,1.8899999856948853,231900,0.0,0.0
2022-03-09 00:00:00-05:00,2.049999952316284,2.0899999141693115,1.9450000524520874,1.9789999723434448,156900,0.0,0.0
2022-03-10 00:00:00-05:00,1.899999976158142,1.9700000286102295,1.7999999523162842,1.8700000047683716,105900,0.0,0.0
2022-03-11 00:00:00-05:00,1.9199999570846558,1.9199999570846558,1.809999942779541,1.8600000143051147,78400,0.0,0.0
2022-03-14 00:00:00-04:00,1.899999976158142,1.9800000190734863,1.850000023841858,1.899999976158142,101700,0.0,0.0
2022-03-15 00:00:00-04:00,1.8799999952316284,2.0399999618530273,1.850000023841858,2.0399999618530273,178500,0.0,0.0
2022-03-16 00:00:00-04:00,2.0899999141693115,2.490000009536743,2.0299999713897705,2.430000066757202,462600,0.0,0.0
2022-03-17 00:00:00-04:00,2.430000066757202,2.440000057220459,2.200000047683716,2.3299999237060547,237000,0.0,0.0
2022-03-18 00:00:00-04:00,2.4200000762939453,2.7899999618530273,2.380000114440918,2.4100000858306885,522000,0.0,0.0
2022-03-21 00:00:00-04:00,2.4200000762939453,2.4560000896453857,2.130000114440918,2.2200000286102295,179400,0.0,0.0
2022-03-22 00:00:00-04:00,2.2300000190734863,2.309999942779541,2.13100004196167,2.2300000190734863,148600,0.0,0.0
2022-03-23 00:00:00-04:00,2.2300000190734863,2.2300000190734863,2.0,2.059999942779541,273100,0.0,0.0
2022-03-24 00:00:00-04:00,2.119999885559082,2.180000066757202,2.069999933242798,2.130000114440918,82200,0.0,0.0
2022-03-25 00:00:00-04:00,2.1500000953674316,2.1700000762939453,2.059999942779541,2.130000114440918,70500,0.0,0.0
2022-03-28 00:00:00-04:00,2.1500000953674316,2.1619999408721924,2.0799999237060547,2.130000114440918,63300,0.0,0.0
2022-03-29 00:00:00-04:00,2.140000104904175,2.4100000858306885,2.0999999046325684,2.369999885559082,171900,0.0,0.0
2022-03-30 00:00:00-04:00,2.3299999237060547,2.4000000953674316,2.2119998931884766,2.3499999046325684,146600,0.0,0.0
2022-03-31 00:00:00-04:00,2.299999952316284,2.489000082015991,2.2699999809265137,2.4100000858306885,194100,0.0,0.0
2022-04-01 00:00:00-04:00,2.490000009536743,2.5299999713897705,2.3299999237060547,2.4800000190734863,150800,0.0,0.0
2022-04-04 00:00:00-04:00,2.609999895095825,2.690000057220459,2.450000047683716,2.5899999141693115,200500,0.0,0.0
2022-04-05 00:00:00-04:00,2.6500000953674316,2.6500000953674316,1.9800000190734863,2.0199999809265137,587300,0.0,0.0
2022-04-06 00:00:00-04:00,2.049999952316284,2.0889999866485596,1.940000057220459,2.0299999713897705,284000,0.0,0.0
2022-04-07 00:00:00-04:00,2.059999942779541,2.059999942779541,1.8300000429153442,1.9299999475479126,160400,0.0,0.0
2022-04-08 00:00:00-04:00,1.909999966621399,1.940000057220459,1.75,1.809999942779541,215400,0.0,0.0
2022-04-11 00:00:00-04:00,1.7999999523162842,1.8550000190734863,1.600000023841858,1.7300000190734863,288900,0.0,0.0
2022-04-12 00:00:00-04:00,1.7899999618530273,1.8459999561309814,1.7300000190734863,1.7400000095367432,214000,0.0,0.0
2022-04-13 00:00:00-04:00,1.7999999523162842,1.9700000286102295,1.7999999523162842,1.899999976158142,154600,0.0,0.0
2022-04-14 00:00:00-04:00,1.8899999856948853,1.8899999856948853,1.6710000038146973,1.7999999523162842,128600,0.0,0.0
2022-04-18 00:00:00-04:00,1.7799999713897705,1.7799999713897705,1.6699999570846558,1.7200000286102295,50900,0.0,0.0
2022-04-19 00:00:00-04:00,1.7200000286102295,1.7309999465942383,1.6200000047683716,1.7000000476837158,77200,0.0,0.0
2022-04-20 00:00:00-04:00,1.649999976158142,1.6990000009536743,1.600000023841858,1.6699999570846558,70500,0.0,0.0
2022-04-21 00:00:00-04:00,1.6399999856948853,1.6799999475479126,1.4600000381469727,1.4900000095367432,101200,0.0,0.0
2022-04-22 00:00:00-04:00,1.4800000190734863,1.590000033378601,1.3899999856948853,1.440000057220459,76300,0.0,0.0
2022-04-25 00:00:00-04:00,1.4199999570846558,1.559999942779541,1.3700000047683716,1.5199999809265137,106200,0.0,0.0
2022-04-26 00:00:00-04:00,1.4800000190734863,1.5399999618530273,1.350000023841858,1.3799999952316284,30500,0.0,0.0
2022-04-27 00:00:00-04:00,1.2999999523162842,1.4199999570846558,1.2999999523162842,1.3300000429153442,41100,0.0,0.0
2022-04-28 00:00:00-04:00,1.3799999952316284,1.4199999570846558,1.2999999523162842,1.3600000143051147,29200,0.0,0.0
2022-04-29 00:00:00-04:00,1.3799999952316284,1.4800000190734863,1.350000023841858,1.3799999952316284,46400,0.0,0.0
2022-05-02 00:00:00-04:00,1.3899999856948853,1.399999976158142,1.25,1.3200000524520874,34400,0.0,0.0
2022-05-03 00:00:00-04:00,1.319000005722046,1.4800000190734863,1.2799999713897705,1.4199999570846558,86700,0.0,0.0
2022-05-04 00:00:00-04:00,1.4700000286102295,1.5499999523162842,1.340000033378601,1.5299999713897705,49300,0.0,0.0
2022-05-05 00:00:00-04:00,1.6100000143051147,1.6100000143051147,1.350000023841858,1.3899999856948853,66100,0.0,0.0
2022-05-06 00:00:00-04:00,1.350000023841858,1.559999942779541,1.340000033378601,1.4900000095367432,84100,0.0,0.0
2022-05-09 00:00:00-04:00,1.5499999523162842,1.6799999475479126,1.4199999570846558,1.4900000095367432,174800,0.0,0.0
2022-05-10 00:00:00-04:00,1.4900000095367432,1.5399999618530273,1.399999976158142,1.440000057220459,77600,0.0,0.0
2022-05-11 00:00:00-04:00,1.4149999618530273,1.5,1.399999976158142,1.4199999570846558,33200,0.0,0.0
2022-05-12 00:00:00-04:00,1.340000033378601,1.409999966621399,1.2599999904632568,1.399999976158142,28400,0.0,0.0
2022-05-13 00:00:00-04:00,1.399999976158142,1.4500000476837158,1.2949999570846558,1.3049999475479126,66000,0.0,0.0
2022-05-16 00:00:00-04:00,1.3799999952316284,1.3799999952316284,1.2899999618530273,1.3300000429153442,91800,0.0,0.0
2022-05-17 00:00:00-04:00,1.350000023841858,1.3700000047683716,1.2899999618530273,1.3300000429153442,62900,0.0,0.0
2022-05-18 00:00:00-04:00,1.3300000429153442,1.350000023841858,1.25,1.2999999523162842,48600,0.0,0.0
2022-05-19 00:00:00-04:00,1.590000033378601,1.687999963760376,1.350000023841858,1.6299999952316284,1776400,0.0,0.0
2022-05-20 00:00:00-04:00,2.490000009536743,2.869999885559082,2.069999933242798,2.119999885559082,111650900,0.0,0.0
2022-05-23 00:00:00-04:00,1.9600000381469727,2.200000047683716,1.8899999856948853,2.1500000953674316,3174200,0.0,0.0
2022-05-24 00:00:00-04:00,2.0299999713897705,2.4200000762939453,2.0299999713897705,2.3499999046325684,1969100,0.0,0.0
2022-05-25 00:00:00-04:00,2.3450000286102295,2.6700000762939453,2.299999952316284,2.640000104904175,2163900,0.0,0.0
2022-05-26 00:00:00-04:00,2.700000047683716,3.450000047683716,2.640000104904175,2.9700000286102295,2865200,0.0,0.0
2022-05-27 00:00:00-04:00,2.8350000381469727,2.8350000381469727,2.5299999713897705,2.680000066757202,704600,0.0,0.0
2022-05-31 00:00:00-04:00,2.440000057220459,2.440000057220459,2.109999895095825,2.140000104904175,1173900,0.0,0.0
2022-06-01 00:00:00-04:00,2.109999895095825,2.3499999046325684,1.7660000324249268,1.850000023841858,2202900,0.0,0.0
2022-06-02 00:00:00-04:00,2.430000066757202,2.759999990463257,2.2200000286102295,2.390000104904175,42409100,0.0,0.0
2022-06-03 00:00:00-04:00,2.2699999809265137,2.509999990463257,2.2699999809265137,2.4800000190734863,2160700,0.0,0.0
2022-06-06 00:00:00-04:00,2.4100000858306885,2.559999942779541,2.369999885559082,2.5399999618530273,903600,0.0,0.0
2022-06-07 00:00:00-04:00,2.490000009536743,2.5199999809265137,2.180000066757202,2.450000047683716,1081900,0.0,0.0
2022-06-08 00:00:00-04:00,2.3499999046325684,2.4149999618530273,2.200000047683716,2.2300000190734863,341000,0.0,0.0
2022-06-09 00:00:00-04:00,2.259999990463257,2.7799999713897705,2.2300000190734863,2.515000104904175,1490900,0.0,0.0
2022-06-10 00:00:00-04:00,2.4100000858306885,2.505000114440918,2.2130000591278076,2.430000066757202,416100,0.0,0.0
2022-06-13 00:00:00-04:00,2.2200000286102295,2.4100000858306885,2.2200000286102295,2.369999885559082,291200,0.0,0.0
2022-06-14 00:00:00-04:00,2.3499999046325684,2.549999952316284,2.311000108718872,2.4000000953674316,391100,0.0,0.0
2022-06-15 00:00:00-04:00,2.4000000953674316,2.4800000190734863,2.299999952316284,2.3499999046325684,150100,0.0,0.0
2022-06-16 00:00:00-04:00,2.359999895095825,2.5850000381469727,2.2300000190734863,2.430000066757202,551100,0.0,0.0
2022-06-17 00:00:00-04:00,2.450000047683716,2.7200000286102295,2.4100000858306885,2.430000066757202,673700,0.0,0.0
2022-06-21 00:00:00-04:00,2.509999990463257,2.690000057220459,2.2699999809265137,2.2799999713897705,590100,0.0,0.0
2022-06-22 00:00:00-04:00,2.25,2.3320000171661377,2.119999885559082,2.119999885559082,301100,0.0,0.0
2022-06-23 00:00:00-04:00,2.1500000953674316,2.239000082015991,2.119999885559082,2.1600000858306885,100300,0.0,0.0
2022-06-24 00:00:00-04:00,2.190000057220459,2.2669999599456787,2.130000114440918,2.130000114440918,89400,0.0,0.0
2022-06-27 00:00:00-04:00,2.190000057220459,2.2200000286102295,2.069999933242798,2.1600000858306885,127100,0.0,0.0
2022-06-28 00:00:00-04:00,2.190000057220459,2.450000047683716,2.0899999141693115,2.3299999237060547,379600,0.0,0.0
2022-06-29 00:00:00-04:00,2.2100000381469727,2.5899999141693115,2.190000057220459,2.5199999809265137,265900,0.0,0.0
2022-06-30 00:00:00-04:00,2.4200000762939453,2.5999999046325684,2.313999891281128,2.5999999046325684,1031800,0.0,0.0
2022-07-01 00:00:00-04:00,2.4200000762939453,2.6500000953674316,2.4200000762939453,2.5999999046325684,277900,0.0,0.0
2022-07-05 00:00:00-04:00,2.5899999141693115,2.5899999141693115,2.3499999046325684,2.5,148300,0.0,0.0
2022-07-06 00:00:00-04:00,2.450000047683716,2.799999952316284,2.3919999599456787,2.690000057220459,291900,0.0,0.0
2022-07-07 00:00:00-04:00,2.7300000190734863,2.9000000953674316,2.63100004196167,2.740000009536743,265100,0.0,0.0
2022-07-08 00:00:00-04:00,2.740000009536743,2.759999990463257,2.609999895095825,2.680000066757202,103400,0.0,0.0
2022-07-11 00:00:00-04:00,2.5799999237060547,3.3499999046325684,2.5799999237060547,3.049999952316284,1195800,0.0,0.0
2022-07-12 00:00:00-04:00,3.0399999618530273,3.1500000953674316,2.859999895095825,2.950000047683716,176900,0.0,0.0
2022-07-13 00:00:00-04:00,2.950000047683716,3.0299999713897705,2.8399999141693115,3.0299999713897705,89000,0.0,0.0
2022-07-14 00:00:00-04:00,2.9000000953674316,3.0,2.640000104904175,2.640000104904175,174100,0.0,0.0
2022-07-15 00:00:00-04:00,2.5999999046325684,2.9000000953674316,2.5899999141693115,2.7300000190734863,138700,0.0,0.0
2022-07-18 00:00:00-04:00,2.621999979019165,2.7960000038146973,2.5999999046325684,2.630000114440918,120300,0.0,0.0
2022-07-19 00:00:00-04:00,2.799999952316284,2.8399999141693115,2.609999895095825,2.7200000286102295,122900,0.0,0.0
2022-07-20 00:00:00-04:00,2.75,2.8499999046325684,2.6500000953674316,2.740000009536743,89200,0.0,0.0
2022-07-21 00:00:00-04:00,2.680000066757202,2.7200000286102295,2.630000114440918,2.700000047683716,74800,0.0,0.0
2022-07-22 00:00:00-04:00,2.75,2.75,2.4100000858306885,2.450000047683716,82800,0.0,0.0
2022-07-25 00:00:00-04:00,2.430000066757202,2.5,2.430000066757202,2.4700000286102295,23500,0.0,0.0
2022-07-26 00:00:00-04:00,2.4200000762939453,2.4700000286102295,2.319999933242798,2.3299999237060547,81700,0.0,0.0
2022-07-27 00:00:00-04:00,2.319999933242798,2.4590001106262207,2.319999933242798,2.4100000858306885,30000,0.0,0.0
2022-07-28 00:00:00-04:00,2.4000000953674316,2.4600000381469727,2.3499999046325684,2.380000114440918,26600,0.0,0.0
2022-07-29 00:00:00-04:00,2.3970000743865967,2.5799999237060547,2.3499999046325684,2.440000057220459,64500,0.0,0.0
2022-08-01 00:00:00-04:00,2.390000104904175,2.430000066757202,2.309999942779541,2.4100000858306885,31600,0.0,0.0
2022-08-02 00:00:00-04:00,2.4100000858306885,2.578000068664551,2.372999906539917,2.509999990463257,87300,0.0,0.0
2022-08-03 00:00:00-04:00,2.549999952316284,2.549999952316284,2.440000057220459,2.5299999713897705,70900,0.0,0.0
2022-08-04 00:00:00-04:00,2.4800000190734863,2.5799999237060547,2.4700000286102295,2.559999942779541,59100,0.0,0.0
2022-08-05 00:00:00-04:00,2.559999942779541,2.559999942779541,2.4800000190734863,2.5169999599456787,35600,0.0,0.0
2022-08-08 00:00:00-04:00,2.4700000286102295,2.5299999713897705,2.4200000762939453,2.4600000381469727,83600,0.0,0.0
2022-08-09 00:00:00-04:00,2.490000009536743,2.5199999809265137,2.430000066757202,2.5199999809265137,40600,0.0,0.0
2022-08-10 00:00:00-04:00,2.5299999713897705,2.549999952316284,2.380000114440918,2.430000066757202,45300,0.0,0.0
2022-08-11 00:00:00-04:00,2.4600000381469727,2.5,2.388000011444092,2.4600000381469727,63900,0.0,0.0
2022-08-12 00:00:00-04:00,2.490000009536743,2.49399995803833,2.4140000343322754,2.450000047683716,24300,0.0,0.0
2022-08-15 00:00:00-04:00,2.4100000858306885,2.444999933242798,2.3299999237060547,2.3399999141693115,70800,0.0,0.0
2022-08-16 00:00:00-04:00,2.309999942779541,2.430000066757202,2.309999942779541,2.3299999237060547,36400,0.0,0.0
2022-08-17 00:00:00-04:00,2.3499999046325684,2.390000104904175,2.240000009536743,2.2699999809265137,61800,0.0,0.0
2022-08-18 00:00:00-04:00,2.2899999618530273,2.3299999237060547,2.180000066757202,2.2100000381469727,72200,0.0,0.0
2022-08-19 00:00:00-04:00,2.130000114440918,2.184999942779541,2.009999990463257,2.009999990463257,67000,0.0,0.0
2022-08-22 00:00:00-04:00,1.9500000476837158,2.0950000286102295,1.899999976158142,2.049999952316284,34400,0.0,0.0
2022-08-23 00:00:00-04:00,2.0739998817443848,2.180000066757202,2.049999952316284,2.130000114440918,21800,0.0,0.0
2022-08-24 00:00:00-04:00,2.1700000762939453,2.25,2.1050000190734863,2.200000047683716,16200,0.0,0.0
2022-08-25 00:00:00-04:00,2.190000057220459,2.2249999046325684,2.0999999046325684,2.187999963760376,40800,0.0,0.0
2022-08-26 00:00:00-04:00,2.0820000171661377,2.1549999713897705,2.0399999618530273,2.059999942779541,19600,0.0,0.0
2022-08-29 00:00:00-04:00,1.940000057220459,2.052000045776367,1.940000057220459,1.9700000286102295,42500,0.0,0.0
2022-08-30 00:00:00-04:00,1.899999976158142,2.006999969482422,1.850000023841858,1.850000023841858,34300,0.0,0.0
2022-08-31 00:00:00-04:00,1.8589999675750732,1.9210000038146973,1.809999942779541,1.8200000524520874,15600,0.0,0.0
2022-09-01 00:00:00-04:00,1.8200000524520874,1.875,1.75,1.850000023841858,39500,0.0,0.0
2022-09-02 00:00:00-04:00,1.909999966621399,2.069999933242798,1.899999976158142,1.940000057220459,35100,0.0,0.0
2022-09-06 00:00:00-04:00,1.9700000286102295,1.9700000286102295,1.7300000190734863,1.7400000095367432,35800,0.0,0.0
2022-09-07 00:00:00-04:00,1.899999976158142,1.9199999570846558,1.684999942779541,1.7799999713897705,138900,0.0,0.0
2022-09-08 00:00:00-04:00,1.7799999713897705,1.7999999523162842,1.6699999570846558,1.690000057220459,58500,0.0,0.0
2022-09-09 00:00:00-04:00,1.7400000095367432,1.8200000524520874,1.690000057220459,1.7999999523162842,35900,0.0,0.0
2022-09-12 00:00:00-04:00,1.7899999618530273,1.8020000457763672,1.7300000190734863,1.7300000190734863,20100,0.0,0.0
2022-09-13 00:00:00-04:00,1.7100000381469727,1.7599999904632568,1.7089999914169312,1.7400000095367432,13100,0.0,0.0
2022-09-14 00:00:00-04:00,1.7209999561309814,1.7649999856948853,1.690000057220459,1.7100000381469727,31000,0.0,0.0
2022-09-15 00:00:00-04:00,1.7000000476837158,1.7510000467300415,1.690000057220459,1.7300000190734863,25200,0.0,0.0
2022-09-16 00:00:00-04:00,1.7400000095367432,1.8300000429153442,1.600000023841858,1.8300000429153442,75600,0.0,0.0
2022-09-19 00:00:00-04:00,1.7799999713897705,1.7799999713897705,1.6799999475479126,1.7000000476837158,16900,0.0,0.0
2022-09-20 00:00:00-04:00,1.7000000476837158,1.7000000476837158,1.6200000047683716,1.6299999952316284,21700,0.0,0.0
2022-09-21 00:00:00-04:00,1.7000000476837158,1.7000000476837158,1.5499999523162842,1.600000023841858,48100,0.0,0.0
2022-09-22 00:00:00-04:00,1.5700000524520874,1.656000018119812,1.5499999523162842,1.6100000143051147,23800,0.0,0.0
2022-09-23 00:00:00-04:00,1.5700000524520874,1.5700000524520874,1.440000057220459,1.475000023841858,77000,0.0,0.0
2022-09-26 00:00:00-04:00,1.5099999904632568,1.5399999618530273,1.4299999475479126,1.5,32100,0.0,0.0
2022-09-27 00:00:00-04:00,1.4900000095367432,1.4980000257492065,1.3799999952316284,1.4299999475479126,48000,0.0,0.0
2022-09-28 00:00:00-04:00,1.4459999799728394,1.4600000381469727,1.4199999570846558,1.4500000476837158,25300,0.0,0.0
2022-09-29 00:00:00-04:00,1.4500000476837158,1.4889999628067017,1.3899999856948853,1.409999966621399,18800,0.0,0.0
2022-09-30 00:00:00-04:00,1.3899999856948853,1.4299999475479126,1.3600000143051147,1.3600000143051147,19600,0.0,0.0
2022-10-03 00:00:00-04:00,1.440000057220459,1.4550000429153442,1.350000023841858,1.3899999856948853,14100,0.0,0.0
2022-10-04 00:00:00-04:00,1.440000057220459,1.4670000076293945,1.3700000047683716,1.3700000047683716,16900,0.0,0.0
2022-10-05 00:00:00-04:00,1.4700000286102295,1.4700000286102295,1.3600000143051147,1.3700000047683716,10400,0.0,0.0
2022-10-06 00:00:00-04:00,1.4500000476837158,1.4500000476837158,1.3600000143051147,1.3799999952316284,18500,0.0,0.0
2022-10-07 00:00:00-04:00,1.3949999809265137,1.3949999809265137,1.2899999618530273,1.2999999523162842,18600,0.0,0.0
2022-10-10 00:00:00-04:00,1.3550000190734863,1.3739999532699585,1.2200000286102295,1.2400000095367432,39800,0.0,0.0
2022-10-11 00:00:00-04:00,1.2999999523162842,1.3450000286102295,1.2100000381469727,1.2200000286102295,21100,0.0,0.0
2022-10-12 00:00:00-04:00,1.25,1.2719999551773071,1.149999976158142,1.1799999475479126,22600,0.0,0.0
2022-10-13 00:00:00-04:00,1.1399999856948853,1.190000057220459,1.1139999628067017,1.1200000047683716,27700,0.0,0.0
2022-10-14 00:00:00-04:00,1.1100000143051147,1.2799999713897705,1.1100000143051147,1.2100000381469727,33400,0.0,0.0
2022-10-17 00:00:00-04:00,1.2999999523162842,1.340000033378601,1.1729999780654907,1.2000000476837158,24800,0.0,0.0
2022-10-18 00:00:00-04:00,1.1200000047683716,1.2400000095367432,1.100000023841858,1.190000057220459,68400,0.0,0.0
2022-10-19 00:00:00-04:00,1.1749999523162842,1.2000000476837158,1.1299999952316284,1.149999976158142,15300,0.0,0.0
2022-10-20 00:00:00-04:00,1.1299999952316284,1.1699999570846558,1.1299999952316284,1.1399999856948853,16000,0.0,0.0
2022-10-21 00:00:00-04:00,1.1299999952316284,1.1799999475479126,1.100000023841858,1.1799999475479126,19400,0.0,0.0
2022-10-24 00:00:00-04:00,1.1399999856948853,1.2000000476837158,1.1100000143051147,1.1100000143051147,39600,0.0,0.0
2022-10-25 00:00:00-04:00,1.159999966621399,1.1699999570846558,1.0299999713897705,1.090000033378601,132300,0.0,0.0
2022-10-26 00:00:00-04:00,1.0800000429153442,1.149999976158142,1.0099999904632568,1.0399999618530273,101400,0.0,0.0
2022-10-27 00:00:00-04:00,1.0700000524520874,1.100000023841858,0.9850000143051147,1.059999942779541,100600,0.0,0.0
2022-10-28 00:00:00-04:00,1.0299999713897705,1.090000033378601,0.9900000095367432,1.0750000476837158,84100,0.0,0.0
2022-10-31 00:00:00-04:00,1.0800000429153442,1.149999976158142,1.0,1.0,37200,0.0,0.0
2022-11-01 00:00:00-04:00,1.0800000429153442,1.0800000429153442,0.9200000166893005,1.0499999523162842,194700,0.0,0.0
2022-11-02 00:00:00-04:00,1.0199999809265137,1.0299999713897705,0.949999988079071,1.0099999904632568,77200,0.0,0.0
2022-11-03 00:00:00-04:00,0.949999988079071,1.0099999904632568,0.925000011920929,0.9399999976158142,104400,0.0,0.0
2022-11-04 00:00:00-04:00,0.949999988079071,1.0,0.8999999761581421,0.9100000262260437,64600,0.0,0.0
2022-11-07 00:00:00-05:00,0.9399999976158142,0.9399999976158142,0.8600000143051147,0.8849999904632568,77100,0.0,0.0
2022-11-08 00:00:00-05:00,0.859000027179718,0.9100000262260437,0.8100000023841858,0.8199999928474426,115800,0.0,0.0
2022-11-09 00:00:00-05:00,0.800000011920929,0.8500000238418579,0.7049999833106995,0.7870000004768372,167300,0.0,0.0
2022-11-10 00:00:00-05:00,0.7599999904632568,0.8199999928474426,0.6800000071525574,0.75,200800,0.0,0.0
2022-11-11 00:00:00-05:00,0.8500000238418579,0.8999999761581421,0.7149999737739563,0.875,114400,0.0,0.0
2022-11-14 00:00:00-05:00,0.8700000047683716,1.0700000524520874,0.8700000047683716,1.0299999713897705,202000,0.0,0.0
2022-11-15 00:00:00-05:00,1.0800000429153442,1.100000023841858,1.0,1.059999942779541,81500,0.0,0.0
2022-11-16 00:00:00-05:00,1.100000023841858,1.2799999713897705,1.0700000524520874,1.159999966621399,129100,0.0,0.0
2022-11-17 00:00:00-05:00,1.2599999904632568,1.2690000534057617,1.159999966621399,1.2200000286102295,81900,0.0,0.0
2022-11-18 00:00:00-05:00,1.2699999809265137,1.350000023841858,1.2000000476837158,1.2999999523162842,31900,0.0,0.0
2022-11-21 00:00:00-05:00,1.2999999523162842,1.3200000524520874,1.2519999742507935,1.3200000524520874,36900,0.0,0.0
2022-11-22 00:00:00-05:00,1.2699999809265137,1.315000057220459,1.2699999809265137,1.2999999523162842,17300,0.0,0.0
2022-11-23 00:00:00-05:00,1.3200000524520874,1.3799999952316284,1.3200000524520874,1.3700000047683716,28700,0.0,0.0
2022-11-25 00:00:00-05:00,1.3799999952316284,1.3799999952316284,1.340000033378601,1.340000033378601,19700,0.0,0.0
2022-11-28 00:00:00-05:00,1.3899999856948853,1.399999976158142,1.340000033378601,1.3600000143051147,20300,0.0,0.0
2022-11-29 00:00:00-05:00,1.3899999856948853,1.3899999856948853,1.0759999752044678,1.2200000286102295,49400,0.0,0.0
2022-11-30 00:00:00-05:00,1.149999976158142,1.2100000381469727,1.059999942779541,1.2100000381469727,110400,0.0,0.0
2022-12-01 00:00:00-05:00,1.1799999475479126,1.190000057220459,1.0800000429153442,1.159999966621399,24600,0.0,0.0
2022-12-02 00:00:00-05:00,1.159999966621399,1.2000000476837158,1.1200000047683716,1.1490000486373901,17400,0.0,0.0
2022-12-05 00:00:00-05:00,1.0399999618530273,1.3300000429153442,1.0399999618530273,1.1699999570846558,19800,0.0,0.0
2022-12-06 00:00:00-05:00,1.1699999570846558,1.1699999570846558,1.0299999713897705,1.0820000171661377,37500,0.0,0.0
2022-12-07 00:00:00-05:00,1.0839999914169312,1.090000033378601,1.0199999809265137,1.0499999523162842,15400,0.0,0.0
2022-12-08 00:00:00-05:00,1.0399999618530273,1.090000033378601,1.0399999618530273,1.059999942779541,12100,0.0,0.0
2022-12-09 00:00:00-05:00,1.0099999904632568,1.4500000476837158,1.0099999904632568,1.3899999856948853,205400,0.0,0.0
2022-12-12 00:00:00-05:00,1.5199999809265137,1.600000023841858,1.350000023841858,1.5,246400,0.0,0.0
2022-12-13 00:00:00-05:00,1.600000023841858,1.659999966621399,1.284999966621399,1.4600000381469727,161800,0.0,0.0
2022-12-14 00:00:00-05:00,2.0199999809265137,2.5199999809265137,1.5499999523162842,1.7999999523162842,59661700,0.0,0.0
2022-12-15 00:00:00-05:00,1.7200000286102295,2.1010000705718994,1.6799999475479126,1.9700000286102295,2333500,0.0,0.0
2022-12-16 00:00:00-05:00,1.940000057220459,2.069999933242798,1.7799999713897705,1.8899999856948853,888300,0.0,0.0
2022-12-19 00:00:00-05:00,1.7300000190734863,2.3499999046325684,1.7300000190734863,1.9700000286102295,1494400,0.0,0.0
2022-12-20 00:00:00-05:00,1.9800000190734863,2.009999990463257,1.7999999523162842,1.8700000047683716,286200,0.0,0.0
2022-12-21 00:00:00-05:00,1.899999976158142,2.180000066757202,1.840999960899353,2.1500000953674316,326200,0.0,0.0
2022-12-22 00:00:00-05:00,2.1600000858306885,2.450000047683716,2.0999999046325684,2.430000066757202,513400,0.0,0.0
2022-12-23 00:00:00-05:00,2.309999942779541,2.3499999046325684,2.0,2.1700000762939453,276100,0.0,0.0
2022-12-27 00:00:00-05:00,2.1700000762939453,2.1700000762939453,1.9900000095367432,2.0,100600,0.0,0.0
2022-12-28 00:00:00-05:00,1.9900000095367432,2.190000057220459,1.9500000476837158,2.1700000762939453,115500,0.0,0.0
2022-12-29 00:00:00-05:00,2.190000057220459,2.3399999141693115,2.1500000953674316,2.309999942779541,156500,0.0,0.0
2022-12-30 00:00:00-05:00,2.2300000190734863,2.4049999713897705,2.2300000190734863,2.2899999618530273,221100,0.0,0.0
2023-01-03 00:00:00-05:00,2.3499999046325684,2.4019999504089355,2.109999895095825,2.2200000286102295,89900,0.0,0.0
2023-01-04 00:00:00-05:00,2.0399999618530273,2.4000000953674316,2.0,2.3499999046325684,325700,0.0,0.0
2023-01-05 00:00:00-05:00,2.390000104904175,2.549999952316284,2.2200000286102295,2.549999952316284,606300,0.0,0.0
2023-01-06 00:00:00-05:00,2.25,2.5299999713897705,2.1010000705718994,2.3399999141693115,2191700,0.0,0.0
2023-01-09 00:00:00-05:00,2.2200000286102295,2.2899999618530273,2.0299999713897705,2.0999999046325684,255000,0.0,0.0
2023-01-10 00:00:00-05:00,2.119999885559082,2.2100000381469727,2.0980000495910645,2.200000047683716,84200,0.0,0.0
2023-01-11 00:00:00-05:00,2.190000057220459,2.2100000381469727,2.0899999141693115,2.1500000953674316,109800,0.0,0.0
2023-01-12 00:00:00-05:00,2.130000114440918,2.1700000762939453,2.009999990463257,2.1600000858306885,114900,0.0,0.0
2023-01-13 00:00:00-05:00,2.140000104904175,2.24399995803833,2.140000104904175,2.200000047683716,82600,0.0,0.0
2023-01-17 00:00:00-05:00,2.200000047683716,2.200000047683716,2.0739998817443848,2.119999885559082,105800,0.0,0.0
2023-01-18 00:00:00-05:00,2.0899999141693115,2.109999895095825,1.9500000476837158,2.0199999809265137,148700,0.0,0.0
2023-01-19 00:00:00-05:00,2.049999952316284,2.119999885559082,2.0199999809265137,2.0899999141693115,52500,0.0,0.0
2023-01-20 00:00:00-05:00,2.0450000762939453,2.1510000228881836,1.9529999494552612,2.1500000953674316,104600,0.0,0.0
2023-01-23 00:00:00-05:00,2.130000114440918,2.190000057220459,2.049999952316284,2.134999990463257,133500,0.0,0.0
2023-01-24 00:00:00-05:00,2.0799999237060547,2.5,2.0799999237060547,2.4600000381469727,319900,0.0,0.0
2023-01-25 00:00:00-05:00,2.490000009536743,2.490000009536743,2.3499999046325684,2.4800000190734863,58500,0.0,0.0
2023-01-26 00:00:00-05:00,2.490000009536743,2.5,2.3399999141693115,2.4100000858306885,139800,0.0,0.0
2023-01-27 00:00:00-05:00,2.3499999046325684,2.4600000381469727,2.3269999027252197,2.4000000953674316,79600,0.0,0.0
2023-01-30 00:00:00-05:00,2.4000000953674316,2.4730000495910645,2.3499999046325684,2.4200000762939453,51500,0.0,0.0
2023-01-31 00:00:00-05:00,2.359999895095825,2.7899999618530273,2.3499999046325684,2.5999999046325684,202100,0.0,0.0
2023-02-01 00:00:00-05:00,2.640000104904175,2.7100000381469727,2.4200000762939453,2.630000114440918,134700,0.0,0.0
2023-02-02 00:00:00-05:00,2.630000114440918,2.75,2.5799999237060547,2.615000009536743,121300,0.0,0.0
2023-02-03 00:00:00-05:00,2.5399999618530273,3.2799999713897705,2.5299999713897705,3.140000104904175,536000,0.0,0.0
2023-02-06 00:00:00-05:00,3.2899999618530273,3.2899999618530273,2.9600000381469727,3.119999885559082,132800,0.0,0.0
2023-02-07 00:00:00-05:00,3.119999885559082,3.140000104904175,2.7699999809265137,2.869999885559082,151600,0.0,0.0
2023-02-08 00:00:00-05:00,2.809999942779541,2.930000066757202,2.700000047683716,2.7939999103546143,109100,0.0,0.0
2023-02-09 00:00:00-05:00,2.6500000953674316,2.7699999809265137,2.25,2.3299999237060547,706100,0.0,0.0
2023-02-10 00:00:00-05:00,2.3499999046325684,2.700000047683716,2.3399999141693115,2.6500000953674316,194800,0.0,0.0
2023-02-13 00:00:00-05:00,2.609999895095825,2.684999942779541,2.3499999046325684,2.380000114440918,91800,0.0,0.0
2023-02-14 00:00:00-05:00,2.450000047683716,2.450000047683716,2.234999895095825,2.369999885559082,60500,0.0,0.0
2023-02-15 00:00:00-05:00,2.299999952316284,2.4059998989105225,2.2699999809265137,2.309999942779541,78500,0.0,0.0
2023-02-16 00:00:00-05:00,2.25,2.2699999809265137,2.0999999046325684,2.2200000286102295,77400,0.0,0.0
2023-02-17 00:00:00-05:00,2.1600000858306885,2.309999942779541,2.1500000953674316,2.2899999618530273,33900,0.0,0.0
2023-02-21 00:00:00-05:00,2.2300000190734863,2.25,2.059999942779541,2.069999933242798,60000,0.0,0.0
2023-02-22 00:00:00-05:00,2.299999952316284,2.4700000286102295,2.1700000762939453,2.319999933242798,201300,0.0,0.0
2023-02-23 00:00:00-05:00,2.380000114440918,2.380000114440918,2.130000114440918,2.240000009536743,49600,0.0,0.0
2023-02-24 00:00:00-05:00,2.1700000762939453,2.2200000286102295,2.0799999237060547,2.1500000953674316,39700,0.0,0.0
2023-02-27 00:00:00-05:00,2.190000057220459,2.2300000190734863,2.0899999141693115,2.140000104904175,59200,0.0,0.0
2023-02-28 00:00:00-05:00,2.0899999141693115,2.1700000762939453,2.0199999809265137,2.0799999237060547,47200,0.0,0.0
2023-03-01 00:00:00-05:00,2.0799999237060547,2.1530001163482666,2.0299999713897705,2.069999933242798,42400,0.0,0.0
2023-03-02 00:00:00-05:00,2.069999933242798,2.200000047683716,2.0299999713897705,2.200000047683716,45700,0.0,0.0
2023-03-03 00:00:00-05:00,2.1700000762939453,2.2100000381469727,2.0969998836517334,2.0999999046325684,33600,0.0,0.0
2023-03-06 00:00:00-05:00,2.1600000858306885,2.299999952316284,2.130000114440918,2.200000047683716,53200,0.0,0.0
2023-03-07 00:00:00-05:00,2.130000114440918,2.1710000038146973,2.049999952316284,2.0799999237060547,58800,0.0,0.0
2023-03-08 00:00:00-05:00,2.0920000076293945,2.125999927520752,1.9900000095367432,1.9900000095367432,32700,0.0,0.0
2023-03-09 00:00:00-05:00,2.109999895095825,2.109999895095825,1.9500000476837158,1.9500000476837158,40800,0.0,0.0
2023-03-10 00:00:00-05:00,1.940000057220459,2.0,1.75,1.7999999523162842,98800,0.0,0.0
2023-03-13 00:00:00-04:00,1.7899999618530273,2.069999933242798,1.7699999809265137,2.059999942779541,57500,0.0,0.0
2023-03-14 00:00:00-04:00,2.0369999408721924,2.259999990463257,2.0309998989105225,2.069999933242798,83500,0.0,0.0
2023-03-15 00:00:00-04:00,2.049999952316284,2.049999952316284,1.8899999856948853,1.8899999856948853,39700,0.0,0.0
2023-03-16 00:00:00-04:00,1.9600000381469727,1.9739999771118164,1.809999942779541,1.899999976158142,29800,0.0,0.0
2023-03-17 00:00:00-04:00,1.850000023841858,1.9900000095367432,1.7999999523162842,1.8200000524520874,83200,0.0,0.0
2023-03-20 00:00:00-04:00,1.7999999523162842,1.8389999866485596,1.7699999809265137,1.7699999809265137,43500,0.0,0.0
2023-03-21 00:00:00-04:00,1.819000005722046,1.940000057220459,1.815000057220459,1.909999966621399,28500,0.0,0.0
2023-03-22 00:00:00-04:00,1.8300000429153442,2.140000104904175,1.8300000429153442,2.140000104904175,55600,0.0,0.0
2023-03-23 00:00:00-04:00,2.1600000858306885,2.2260000705718994,1.8799999952316284,1.9700000286102295,813100,0.0,0.0
2023-03-24 00:00:00-04:00,1.940000057220459,1.9930000305175781,1.7899999618530273,1.8300000429153442,58300,0.0,0.0
2023-03-27 00:00:00-04:00,1.809999942779541,1.8799999952316284,1.7200000286102295,1.8600000143051147,24100,0.0,0.0
2023-03-28 00:00:00-04:00,1.9199999570846558,1.9600000381469727,1.6699999570846558,1.7899999618530273,84700,0.0,0.0
2023-03-29 00:00:00-04:00,1.7899999618530273,1.8200000524520874,1.7100000381469727,1.7799999713897705,53800,0.0,0.0
2023-03-30 00:00:00-04:00,1.6799999475479126,1.809999942779541,1.6399999856948853,1.7200000286102295,78500,0.0,0.0
2023-03-31 00:00:00-04:00,1.7599999904632568,1.8700000047683716,1.6699999570846558,1.8200000524520874,30200,0.0,0.0
2023-04-03 00:00:00-04:00,1.8300000429153442,1.8899999856948853,1.7799999713897705,1.8799999952316284,49100,0.0,0.0
2023-04-04 00:00:00-04:00,1.8200000524520874,1.8300000429153442,1.7000000476837158,1.7400000095367432,31300,0.0,0.0
2023-04-05 00:00:00-04:00,1.7200000286102295,1.7400000095367432,1.6510000228881836,1.7400000095367432,12300,0.0,0.0
2023-04-06 00:00:00-04:00,1.6360000371932983,1.75,1.6360000371932983,1.7200000286102295,12000,0.0,0.0
2023-04-10 00:00:00-04:00,1.7100000381469727,1.7599999904632568,1.6799999475479126,1.7200000286102295,12300,0.0,0.0
2023-04-11 00:00:00-04:00,1.7000000476837158,1.7000000476837158,1.659999966621399,1.659999966621399,7600,0.0,0.0
2023-04-12 00:00:00-04:00,1.6699999570846558,1.7699999809265137,1.659999966621399,1.75,16300,0.0,0.0
2023-04-13 00:00:00-04:00,1.6799999475479126,1.7699999809265137,1.6710000038146973,1.7699999809265137,7000,0.0,0.0
2023-04-14 00:00:00-04:00,1.7699999809265137,1.850000023841858,1.7100000381469727,1.8020000457763672,21600,0.0,0.0
2023-04-17 00:00:00-04:00,1.5299999713897705,1.7899999618530273,1.5099999904632568,1.7300000190734863,41200,0.0,0.0
2023-04-18 00:00:00-04:00,1.7680000066757202,1.909999966621399,1.7680000066757202,1.899999976158142,28000,0.0,0.0
2023-04-19 00:00:00-04:00,1.840000033378601,1.8509999513626099,1.809000015258789,1.8300000429153442,16400,0.0,0.0
2023-04-20 00:00:00-04:00,1.8300000429153442,1.9600000381469727,1.7599999904632568,1.8799999952316284,29200,0.0,0.0
2023-04-21 00:00:00-04:00,1.8799999952316284,1.8899999856948853,1.7999999523162842,1.8700000047683716,12400,0.0,0.0
2023-04-24 00:00:00-04:00,1.8200000524520874,1.8600000143051147,1.7899999618530273,1.7899999618530273,9900,0.0,0.0
2023-04-25 00:00:00-04:00,1.7999999523162842,1.9600000381469727,1.7109999656677246,1.9199999570846558,32800,0.0,0.0
2023-04-26 00:00:00-04:00,1.850000023841858,1.9500000476837158,1.8300000429153442,1.850000023841858,1203100,0.0,0.0
2023-04-27 00:00:00-04:00,2.0999999046325684,2.390000104904175,2.0,2.299999952316284,3209600,0.0,0.0
2023-04-28 00:00:00-04:00,2.25,2.490000009536743,2.1600000858306885,2.4700000286102295,933200,0.0,0.0
2023-05-01 00:00:00-04:00,2.4000000953674316,2.990000009536743,2.200000047683716,2.859999895095825,1061900,0.0,0.0
2023-05-02 00:00:00-04:00,2.799999952316284,2.9600000381469727,2.609999895095825,2.9000000953674316,295100,0.0,0.0
2023-05-03 00:00:00-04:00,2.680000066757202,2.818000078201294,2.1600000858306885,2.7799999713897705,1308600,0.0,0.0
2023-05-04 00:00:00-04:00,2.8499999046325684,2.944999933242798,2.5,2.700000047683716,290300,0.0,0.0
2023-05-05 00:00:00-04:00,2.5899999141693115,2.75,2.549999952316284,2.680000066757202,203700,0.0,0.0
2023-05-08 00:00:00-04:00,2.6500000953674316,2.6500000953674316,2.3499999046325684,2.369999885559082,131300,0.0,0.0
2023-05-09 00:00:00-04:00,2.299999952316284,2.4700000286102295,2.299999952316284,2.3399999141693115,70400,0.0,0.0
2023-05-10 00:00:00-04:00,2.4100000858306885,2.440000057220459,2.25,2.25,183900,0.0,0.0
2023-05-11 00:00:00-04:00,2.299999952316284,2.640000104904175,2.0999999046325684,2.190000057220459,1041900,0.0,0.0
2023-05-12 00:00:00-04:00,2.180000066757202,2.200000047683716,2.0999999046325684,2.130000114440918,137700,0.0,0.0
2023-05-15 00:00:00-04:00,2.0999999046325684,2.180000066757202,2.0,2.059999942779541,118000,0.0,0.0
2023-05-16 00:00:00-04:00,2.0,2.0399999618530273,1.8300000429153442,1.850000023841858,196400,0.0,0.0
2023-05-17 00:00:00-04:00,1.8799999952316284,1.9299999475479126,1.7200000286102295,1.7699999809265137,142600,0.0,0.0
2023-05-18 00:00:00-04:00,1.7699999809265137,1.9700000286102295,1.7699999809265137,1.909999966621399,130800,0.0,0.0
2023-05-19 00:00:00-04:00,1.9500000476837158,2.0799999237060547,1.6200000047683716,1.6399999856948853,338600,0.0,0.0
2023-05-22 00:00:00-04:00,1.9299999475479126,1.9299999475479126,1.649999976158142,1.75,5030700,0.0,0.0
2023-05-23 00:00:00-04:00,1.600000023841858,1.7300000190734863,1.590000033378601,1.6200000047683716,373300,0.0,0.0
2023-05-24 00:00:00-04:00,1.600000023841858,1.6799999475479126,1.4800000190734863,1.6299999952316284,246800,0.0,0.0
2023-05-25 00:00:00-04:00,1.5800000429153442,1.6200000047683716,1.5299999713897705,1.600000023841858,162000,0.0,0.0
2023-05-26 00:00:00-04:00,1.4500000476837158,1.7599999904632568,1.399999976158142,1.75,244000,0.0,0.0
2023-05-30 00:00:00-04:00,2.119999885559082,2.119999885559082,1.9500000476837158,2.059999942779541,1046800,0.0,0.0
2023-05-31 00:00:00-04:00,2.049999952316284,2.109999895095825,1.9800000190734863,2.0199999809265137,249700,0.0,0.0
2023-06-01 00:00:00-04:00,2.069999933242798,2.0799999237060547,1.9800000190734863,1.9900000095367432,135000,0.0,0.0
2023-06-02 00:00:00-04:00,2.190000057220459,2.190000057220459,1.9900000095367432,2.0399999618530273,150500,0.0,0.0
2023-06-05 00:00:00-04:00,2.0899999141693115,2.0999999046325684,2.0,2.049999952316284,180400,0.0,0.0
2023-06-06 00:00:00-04:00,2.049999952316284,2.0799999237060547,2.0,2.0399999618530273,67700,0.0,0.0
2023-06-07 00:00:00-04:00,2.0380001068115234,2.049999952316284,1.9199999570846558,1.9700000286102295,80500,0.0,0.0
2023-06-08 00:00:00-04:00,2.0,2.0299999713897705,1.9199999570846558,2.0299999713897705,46300,0.0,0.0
2023-06-09 00:00:00-04:00,2.0199999809265137,2.049999952316284,1.9639999866485596,1.9900000095367432,51100,0.0,0.0
2023-06-12 00:00:00-04:00,2.049999952316284,2.049999952316284,1.940000057220459,2.009999990463257,75800,0.0,0.0
2023-06-13 00:00:00-04:00,1.9600000381469727,2.0399999618530273,1.9600000381469727,2.009999990463257,572300,0.0,0.0
2023-06-14 00:00:00-04:00,1.9199999570846558,2.059999942779541,1.9199999570846558,2.0299999713897705,127200,0.0,0.0
2023-06-15 00:00:00-04:00,2.049999952316284,2.369999885559082,2.0299999713897705,2.359999895095825,271200,0.0,0.0
2023-06-16 00:00:00-04:00,2.4000000953674316,2.4100000858306885,2.1500000953674316,2.2200000286102295,188900,0.0,0.0
2023-06-20 00:00:00-04:00,2.2799999713897705,2.5299999713897705,2.2200000286102295,2.4000000953674316,206000,0.0,0.0
2023-06-21 00:00:00-04:00,2.5,2.680000066757202,2.4000000953674316,2.640000104904175,208300,0.0,0.0
2023-06-22 00:00:00-04:00,2.6700000762939453,2.6700000762939453,2.5,2.559999942779541,114700,0.0,0.0
2023-06-23 00:00:00-04:00,2.509999990463257,2.640000104904175,2.4200000762939453,2.609999895095825,73700,0.0,0.0
2023-06-26 00:00:00-04:00,2.549999952316284,2.5999999046325684,2.380000114440918,2.430000066757202,80400,0.0,0.0
2023-06-27 00:00:00-04:00,2.509999990463257,2.569999933242798,2.3499999046325684,2.440000057220459,93700,0.0,0.0
2023-06-28 00:00:00-04:00,2.5,2.5299999713897705,2.380000114440918,2.4100000858306885,70000,0.0,0.0
2023-06-29 00:00:00-04:00,2.5,2.8499999046325684,2.440000057220459,2.7300000190734863,328600,0.0,0.0
2023-06-30 00:00:00-04:00,2.819999933242798,2.819999933242798,2.609999895095825,2.690000057220459,119300,0.0,0.0
2023-07-03 00:00:00-04:00,2.7899999618530273,2.9800000190734863,2.680000066757202,2.9800000190734863,142100,0.0,0.0
2023-07-05 00:00:00-04:00,2.9700000286102295,2.9700000286102295,2.690000057220459,2.7899999618530273,123000,0.0,0.0
2023-07-06 00:00:00-04:00,2.8299999237060547,2.8299999237060547,2.4700000286102295,2.5899999141693115,182000,0.0,0.0
2023-07-07 00:00:00-04:00,2.5299999713897705,2.5899999141693115,2.140000104904175,2.240000009536743,324800,0.0,0.0
2023-07-10 00:00:00-04:00,2.3299999237060547,2.4600000381469727,2.200000047683716,2.2899999618530273,212400,0.0,0.0
2023-07-11 00:00:00-04:00,2.3499999046325684,2.369999885559082,2.259999990463257,2.319999933242798,86200,0.0,0.0
2023-07-12 00:00:00-04:00,2.319999933242798,2.4000000953674316,2.2200000286102295,2.319999933242798,91400,0.0,0.0
2023-07-13 00:00:00-04:00,2.380000114440918,2.380000114440918,2.25,2.3299999237060547,66900,0.0,0.0
2023-07-14 00:00:00-04:00,2.3399999141693115,2.3399999141693115,2.2799999713897705,2.2899999618530273,34600,0.0,0.0
2023-07-17 00:00:00-04:00,2.2100000381469727,2.7100000381469727,2.0250000953674316,2.1500000953674316,479000,0.0,0.0
2023-07-18 00:00:00-04:00,2.130000114440918,2.2300000190734863,2.0,2.0399999618530273,117800,0.0,0.0
2023-07-19 00:00:00-04:00,2.0299999713897705,2.130000114440918,2.0299999713897705,2.0799999237060547,30000,0.0,0.0
2023-07-20 00:00:00-04:00,2.069999933242798,2.180000066757202,2.00600004196167,2.059999942779541,105200,0.0,0.0
2023-07-21 00:00:00-04:00,2.0999999046325684,2.0999999046325684,2.0,2.0799999237060547,36000,0.0,0.0
2023-07-24 00:00:00-04:00,2.0399999618530273,2.0999999046325684,2.0399999618530273,2.069999933242798,15000,0.0,0.0
2023-07-25 00:00:00-04:00,2.0399999618530273,2.1449999809265137,2.0299999713897705,2.049999952316284,25800,0.0,0.0
2023-07-26 00:00:00-04:00,2.049999952316284,2.0999999046325684,2.009999990463257,2.0399999618530273,36500,0.0,0.0
2023-07-27 00:00:00-04:00,2.049999952316284,2.1500000953674316,1.8799999952316284,2.0199999809265137,166200,0.0,0.0
2023-07-28 00:00:00-04:00,1.9900000095367432,2.069999933242798,1.9900000095367432,2.0399999618530273,24100,0.0,0.0
2023-07-31 00:00:00-04:00,2.0299999713897705,2.0899999141693115,2.0160000324249268,2.059999942779541,22800,0.0,0.0
2023-08-01 00:00:00-04:00,2.0899999141693115,2.0999999046325684,2.0239999294281006,2.049999952316284,27600,0.0,0.0
2023-08-02 00:00:00-04:00,2.0299999713897705,2.059999942779541,1.9500000476837158,2.0,50000,0.0,0.0
2023-08-03 00:00:00-04:00,2.010999917984009,2.049999952316284,2.0,2.0199999809265137,10000,0.0,0.0
2023-08-04 00:00:00-04:00,2.0199999809265137,2.049999952316284,2.0,2.0199999809265137,6400,0.0,0.0
2023-08-07 00:00:00-04:00,2.0399999618530273,2.0399999618530273,1.9299999475479126,1.9700000286102295,44400,0.0,0.0
2023-08-08 00:00:00-04:00,1.9299999475479126,1.9900000095367432,1.899999976158142,1.9600000381469727,53500,0.0,0.0
2023-08-09 00:00:00-04:00,1.9600000381469727,1.9800000190734863,1.8799999952316284,1.9299999475479126,34100,0.0,0.0
2023-08-10 00:00:00-04:00,1.899999976158142,1.9550000429153442,1.8799999952316284,1.899999976158142,24000,0.0,0.0
2023-08-11 00:00:00-04:00,1.8799999952316284,1.899999976158142,1.7999999523162842,1.8200000524520874,38500,0.0,0.0
2023-08-14 00:00:00-04:00,1.7999999523162842,1.8899999856948853,1.7899999618530273,1.8300000429153442,51500,0.0,0.0
2023-08-15 00:00:00-04:00,1.8200000524520874,1.8600000143051147,1.7999999523162842,1.8600000143051147,29900,0.0,0.0
2023-08-16 00:00:00-04:00,1.8799999952316284,1.9199999570846558,1.75,1.7699999809265137,205200,0.0,0.0
2023-08-17 00:00:00-04:00,1.7899999618530273,1.7899999618530273,1.5499999523162842,1.6299999952316284,93800,0.0,0.0
2023-08-18 00:00:00-04:00,1.590000033378601,1.7899999618530273,1.5800000429153442,1.7300000190734863,107400,0.0,0.0
2023-08-21 00:00:00-04:00,1.7599999904632568,1.9900000095367432,1.7599999904632568,1.9700000286102295,93900,0.0,0.0
2023-08-22 00:00:00-04:00,2.0,2.0,1.7699999809265137,1.7999999523162842,76200,0.0,0.0
2023-08-23 00:00:00-04:00,1.8799999952316284,2.049999952316284,1.7899999618530273,2.0,840200,0.0,0.0
2023-08-24 00:00:00-04:00,2.009999990463257,2.0399999618530273,1.940000057220459,2.0399999618530273,91600,0.0,0.0
2023-08-25 00:00:00-04:00,2.059999942779541,2.0999999046325684,1.8799999952316284,2.0199999809265137,111000,0.0,0.0
2023-08-28 00:00:00-04:00,1.9700000286102295,2.049999952316284,1.899999976158142,1.9700000286102295,37600,0.0,0.0
2023-08-29 00:00:00-04:00,1.9700000286102295,2.0409998893737793,1.9299999475479126,1.9500000476837158,50300,0.0,0.0
2023-08-30 00:00:00-04:00,1.940000057220459,2.0,1.9299999475479126,1.9900000095367432,36500,0.0,0.0
2023-08-31 00:00:00-04:00,1.9199999570846558,2.130000114440918,1.9199999570846558,2.0299999713897705,115100,0.0,0.0
2023-09-01 00:00:00-04:00,2.009999990463257,2.440000057220459,2.009999990463257,2.2899999618530273,361200,0.0,0.0
2023-09-05 00:00:00-04:00,2.309999942779541,2.640000104904175,2.309999942779541,2.450000047683716,299600,0.0,0.0
2023-09-06 00:00:00-04:00,2.569999933242798,2.569999933242798,2.430000066757202,2.5199999809265137,152700,0.0,0.0
2023-09-07 00:00:00-04:00,2.5,2.509000062942505,2.359999895095825,2.490000009536743,81800,0.0,0.0
2023-09-08 00:00:00-04:00,2.440000057220459,2.621000051498413,2.4100000858306885,2.609999895095825,106400,0.0,0.0
2023-09-11 00:00:00-04:00,2.630000114440918,2.9700000286102295,2.569999933242798,2.8399999141693115,274100,0.0,0.0
2023-09-12 00:00:00-04:00,2.7799999713897705,2.9700000286102295,2.6500000953674316,2.7799999713897705,261800,0.0,0.0
2023-09-13 00:00:00-04:00,2.7699999809265137,2.819999933242798,2.559999942779541,2.759999990463257,72700,0.0,0.0
2023-09-14 00:00:00-04:00,2.799999952316284,2.799999952316284,2.434999942779541,2.5399999618530273,189000,0.0,0.0
2023-09-15 00:00:00-04:00,2.569999933242798,2.7019999027252197,2.3410000801086426,2.6700000762939453,152300,0.0,0.0
2023-09-18 00:00:00-04:00,2.7300000190734863,2.7300000190734863,2.559999942779541,2.6500000953674316,54700,0.0,0.0
2023-09-19 00:00:00-04:00,2.569999933242798,3.4000000953674316,2.559999942779541,3.2899999618530273,629200,0.0,0.0
2023-09-20 00:00:00-04:00,3.259999990463257,3.259999990463257,2.880000114440918,2.990000009536743,189400,0.0,0.0
2023-09-21 00:00:00-04:00,3.009999990463257,3.6500000953674316,2.931999921798706,3.450000047683716,534100,0.0,0.0
2023-09-22 00:00:00-04:00,3.490000009536743,3.6500000953674316,3.0999999046325684,3.430000066757202,222100,0.0,0.0
2023-09-25 00:00:00-04:00,3.450000047683716,3.4700000286102295,2.9100000858306885,2.9600000381469727,153000,0.0,0.0
2023-09-26 00:00:00-04:00,3.009999990463257,3.3389999866485596,2.930000066757202,3.2699999809265137,148700,0.0,0.0
2023-09-27 00:00:00-04:00,3.2799999713897705,3.7899999618530273,3.200000047683716,3.509999990463257,343900,0.0,0.0
2023-09-28 00:00:00-04:00,3.5999999046325684,3.799999952316284,3.5,3.680000066757202,175800,0.0,0.0
2023-09-29 00:00:00-04:00,3.7300000190734863,3.7300000190734863,3.25,3.4200000762939453,145200,0.0,0.0
2023-10-02 00:00:00-04:00,3.549999952316284,4.508999824523926,3.4800000190734863,4.329999923706055,1583300,0.0,0.0
2023-10-03 00:00:00-04:00,4.579999923706055,4.800000190734863,3.869999885559082,4.559999942779541,992100,0.0,0.0
2023-10-04 00:00:00-04:00,4.78000020980835,4.820000171661377,3.562000036239624,3.799999952316284,777500,0.0,0.0
2023-10-05 00:00:00-04:00,3.9000000953674316,4.159999847412109,3.4100000858306885,3.75,241100,0.0,0.0
2023-10-06 00:00:00-04:00,3.799999952316284,3.950000047683716,3.5799999237060547,3.8399999141693115,126900,0.0,0.0
2023-10-09 00:00:00-04:00,3.8399999141693115,4.0,3.6600000858306885,3.869999885559082,99000,0.0,0.0
2023-10-10 00:00:00-04:00,3.950000047683716,4.050000190734863,3.559999942779541,3.6600000858306885,138900,0.0,0.0
2023-10-11 00:00:00-04:00,3.5,3.700000047683716,3.2699999809265137,3.4600000381469727,180500,0.0,0.0
2023-10-12 00:00:00-04:00,3.369999885559082,3.484999895095825,3.2160000801086426,3.25,117100,0.0,0.0
2023-10-13 00:00:00-04:00,3.2200000286102295,3.259999990463257,2.859999895095825,2.984999895095825,311600,0.0,0.0
2023-10-16 00:00:00-04:00,2.930000066757202,3.128999948501587,2.930000066757202,2.9700000286102295,143100,0.0,0.0
2023-10-17 00:00:00-04:00,2.950000047683716,3.0940001010894775,2.9000000953674316,3.0,86700,0.0,0.0
2023-10-18 00:00:00-04:00,2.9600000381469727,3.0199999809265137,2.7699999809265137,2.880000114440918,76700,0.0,0.0
2023-10-19 00:00:00-04:00,2.869999885559082,2.944999933242798,2.7899999618530273,2.819999933242798,47500,0.0,0.0
2023-10-20 00:00:00-04:00,2.799999952316284,3.0199999809265137,2.799999952316284,2.950000047683716,60700,0.0,0.0
2023-10-23 00:00:00-04:00,2.9800000190734863,3.4700000286102295,2.950000047683716,3.450000047683716,245300,0.0,0.0
2023-10-24 00:00:00-04:00,3.450000047683716,3.799999952316284,3.380000114440918,3.7799999713897705,209300,0.0,0.0
2023-10-25 00:00:00-04:00,3.7799999713897705,3.7899999618530273,3.50600004196167,3.740000009536743,65100,0.0,0.0
2023-10-26 00:00:00-04:00,3.75,3.930000066757202,3.5199999809265137,3.690000057220459,206600,0.0,0.0
2023-10-27 00:00:00-04:00,3.680000066757202,3.7300000190734863,3.3399999141693115,3.390000104904175,129500,0.0,0.0
2023-10-30 00:00:00-04:00,3.4000000953674316,3.4000000953674316,3.009999990463257,3.309999942779541,84300,0.0,0.0
2023-10-31 00:00:00-04:00,3.2100000381469727,3.680000066757202,3.119999885559082,3.619999885559082,97700,0.0,0.0
2023-11-01 00:00:00-04:00,3.6600000858306885,3.6600000858306885,3.309999942779541,3.319999933242798,108600,0.0,0.0
2023-11-02 00:00:00-04:00,3.2899999618530273,3.515000104904175,3.2899999618530273,3.509999990463257,35800,0.0,0.0
2023-11-03 00:00:00-04:00,3.4800000190734863,3.7200000286102295,3.4089999198913574,3.569999933242798,138500,0.0,0.0
2023-11-06 00:00:00-05:00,3.6500000953674316,4.590000152587891,3.630000114440918,4.309999942779541,747500,0.0,0.0
2023-11-07 00:00:00-05:00,4.269999980926514,4.449999809265137,3.740000009536743,3.8399999141693115,231100,0.0,0.0
2023-11-08 00:00:00-05:00,3.950000047683716,3.9800000190734863,3.5399999618530273,3.700000047683716,207900,0.0,0.0
2023-11-09 00:00:00-05:00,3.700000047683716,3.8299999237060547,3.380000114440918,3.7100000381469727,370800,0.0,0.0
2023-11-10 00:00:00-05:00,3.7100000381469727,4.25,3.619999885559082,4.190000057220459,361000,0.0,0.0
2023-11-13 00:00:00-05:00,4.199999809265137,4.25,4.0,4.25,82300,0.0,0.0
2023-11-14 00:00:00-05:00,4.329999923706055,4.53000020980835,4.199999809265137,4.400000095367432,169700,0.0,0.0
2023-11-15 00:00:00-05:00,4.480000019073486,4.699999809265137,4.214000225067139,4.460000038146973,193500,0.0,0.0
2023-11-16 00:00:00-05:00,4.460000038146973,4.75,4.380000114440918,4.449999809265137,136000,0.0,0.0
2023-11-17 00:00:00-05:00,4.389999866485596,4.440000057220459,4.25,4.360000133514404,45400,0.0,0.0
2023-11-20 00:00:00-05:00,4.440000057220459,4.559999942779541,4.210999965667725,4.409999847412109,162700,0.0,0.0
2023-11-21 00:00:00-05:00,4.369999885559082,4.849999904632568,4.019999980926514,4.190000057220459,274100,0.0,0.0
2023-11-22 00:00:00-05:00,4.269999980926514,4.434000015258789,4.039999961853027,4.400000095367432,130200,0.0,0.0
2023-11-24 00:00:00-05:00,4.429999828338623,4.769999980926514,4.28000020980835,4.769999980926514,238900,0.0,0.0
2023-11-27 00:00:00-05:00,4.769999980926514,5.199999809265137,4.671000003814697,5.010000228881836,270800,0.0,0.0
2023-11-28 00:00:00-05:00,5.21999979019165,5.46999979019165,5.119999885559082,5.28000020980835,291500,0.0,0.0
2023-11-29 00:00:00-05:00,5.300000190734863,5.300000190734863,4.599999904632568,5.079999923706055,329200,0.0,0.0
2023-11-30 00:00:00-05:00,5.019999980926514,5.190000057220459,4.909999847412109,5.110000133514404,108500,0.0,0.0
2023-12-01 00:00:00-05:00,5.21999979019165,5.28000020980835,4.800000190734863,5.190000057220459,181600,0.0,0.0
2023-12-04 00:00:00-05:00,5.210000038146973,5.264999866485596,4.920000076293945,5.03000020980835,79900,0.0,0.0
2023-12-05 00:00:00-05:00,5.0,5.239999771118164,4.965000152587891,5.179999828338623,91600,0.0,0.0
2023-12-06 00:00:00-05:00,5.260000228881836,5.260000228881836,4.769999980926514,4.900000095367432,132700,0.0,0.0
2023-12-07 00:00:00-05:00,4.949999809265137,5.110000133514404,4.900000095367432,4.989999771118164,89400,0.0,0.0
2023-12-08 00:00:00-05:00,5.019999980926514,5.019999980926514,4.665999889373779,4.800000190734863,144300,0.0,0.0
2023-12-11 00:00:00-05:00,4.809999942779541,5.21999979019165,4.260000228881836,4.619999885559082,534300,0.0,0.0
2023-12-12 00:00:00-05:00,4.630000114440918,4.630000114440918,4.150000095367432,4.28000020980835,171300,0.0,0.0
2023-12-13 00:00:00-05:00,4.590000152587891,4.690000057220459,4.090000152587891,4.170000076293945,212600,0.0,0.0
2023-12-14 00:00:00-05:00,4.269999980926514,5.96999979019165,4.230000019073486,5.679999828338623,2316400,0.0,0.0
2023-12-15 00:00:00-05:00,5.869999885559082,7.46999979019165,5.699999809265137,7.269999980926514,1759900,0.0,0.0
2023-12-18 00:00:00-05:00,7.389999866485596,7.75,6.00600004196167,6.619999885559082,893200,0.0,0.0
2023-12-19 00:00:00-05:00,6.619999885559082,6.960000038146973,6.599999904632568,6.610000133514404,229100,0.0,0.0
2023-12-20 00:00:00-05:00,6.610000133514404,7.289000034332275,6.5960001945495605,6.710000038146973,363600,0.0,0.0
2023-12-21 00:00:00-05:00,6.920000076293945,7.400000095367432,6.71999979019165,7.139999866485596,300300,0.0,0.0
2023-12-22 00:00:00-05:00,7.260000228881836,7.5,7.039999961853027,7.190000057220459,201200,0.0,0.0
2023-12-26 00:00:00-05:00,7.460000038146973,7.460000038146973,6.820000171661377,6.96999979019165,343000,0.0,0.0
2023-12-27 00:00:00-05:00,6.920000076293945,7.125,6.599999904632568,6.940000057220459,185800,0.0,0.0
2023-12-28 00:00:00-05:00,6.940000057220459,7.099999904632568,6.650000095367432,6.710000038146973,135400,0.0,0.0
2023-12-29 00:00:00-05:00,6.559999942779541,7.070000171661377,6.559999942779541,6.920000076293945,165800,0.0,0.0
2024-01-02 00:00:00-05:00,6.820000171661377,6.875,5.829999923706055,6.059999942779541,269900,0.0,0.0
2024-01-03 00:00:00-05:00,5.949999809265137,6.294000148773193,5.760000228881836,6.099999904632568,193900,0.0,0.0
2024-01-04 00:00:00-05:00,6.110000133514404,6.21999979019165,5.940000057220459,6.050000190734863,75700,0.0,0.0
2024-01-05 00:00:00-05:00,6.010000228881836,6.349999904632568,5.820000171661377,6.239999771118164,186000,0.0,0.0
2024-01-08 00:00:00-05:00,6.369999885559082,6.869999885559082,6.28000020980835,6.679999828338623,258100,0.0,0.0
2024-01-09 00:00:00-05:00,6.610000133514404,6.670000076293945,6.230000019073486,6.369999885559082,153400,0.0,0.0
2024-01-10 00:00:00-05:00,6.409999847412109,6.573999881744385,6.25,6.329999923706055,85200,0.0,0.0
2024-01-11 00:00:00-05:00,6.289999961853027,6.329999923706055,6.110000133514404,6.179999828338623,66100,0.0,0.0
2024-01-12 00:00:00-05:00,6.21999979019165,6.235000133514404,5.71999979019165,5.809999942779541,191700,0.0,0.0
2024-01-16 00:00:00-05:00,5.710000038146973,5.815999984741211,5.210000038146973,5.440000057220459,286600,0.0,0.0
2024-01-17 00:00:00-05:00,5.320000171661377,5.860000133514404,5.320000171661377,5.619999885559082,166500,0.0,0.0
2024-01-18 00:00:00-05:00,5.690000057220459,5.710000038146973,5.269999980926514,5.349999904632568,92400,0.0,0.0
2024-01-19 00:00:00-05:00,5.340000152587891,5.590000152587891,5.090000152587891,5.550000190734863,133000,0.0,0.0
2024-01-22 00:00:00-05:00,5.539999961853027,5.730000019073486,5.199999809265137,5.269999980926514,140700,0.0,0.0
2024-01-23 00:00:00-05:00,5.309999942779541,5.389999866485596,4.460000038146973,4.699999809265137,605800,0.0,0.0
2024-01-24 00:00:00-05:00,4.610000133514404,5.300000190734863,4.559999942779541,4.679999828338623,668700,0.0,0.0
2024-01-25 00:00:00-05:00,4.570000171661377,4.635000228881836,3.700000047683716,3.740000009536743,521900,0.0,0.0
2024-01-26 00:00:00-05:00,3.75,3.9600000381469727,3.5299999713897705,3.8299999237060547,323600,0.0,0.0
2024-01-29 00:00:00-05:00,3.9100000858306885,4.010000228881836,3.5399999618530273,3.5799999237060547,247900,0.0,0.0
2024-01-30 00:00:00-05:00,3.549999952316284,3.8889999389648438,3.4000000953674316,3.700000047683716,242000,0.0,0.0
2024-01-31 00:00:00-05:00,3.680000066757202,4.050000190734863,3.490000009536743,3.819999933242798,355200,0.0,0.0
2024-02-01 00:00:00-05:00,3.819999933242798,4.019999980926514,3.819999933242798,3.890000104904175,123200,0.0,0.0
2024-02-02 00:00:00-05:00,3.9100000858306885,3.9690001010894775,3.700000047683716,3.7699999809265137,92800,0.0,0.0
2024-02-05 00:00:00-05:00,3.7799999713897705,3.884999990463257,2.8499999046325684,3.0199999809265137,547700,0.0,0.0
2024-02-06 00:00:00-05:00,2.859999895095825,2.880000114440918,2.4000000953674316,2.8299999237060547,2211000,0.0,0.0
2024-02-07 00:00:00-05:00,2.75,3.069999933242798,2.7300000190734863,3.0299999713897705,729400,0.0,0.0
2024-02-08 00:00:00-05:00,2.940000057220459,3.3299999237060547,2.940000057220459,3.2300000190734863,504000,0.0,0.0
2024-02-09 00:00:00-05:00,3.2899999618530273,3.4800000190734863,3.130000114440918,3.240000009536743,497400,0.0,0.0
2024-02-12 00:00:00-05:00,3.2200000286102295,3.299999952316284,2.9800000190734863,3.059999942779541,354900,0.0,0.0
2024-02-13 00:00:00-05:00,3.0299999713897705,3.049999952316284,2.7699999809265137,2.809999942779541,324400,0.0,0.0
2024-02-14 00:00:00-05:00,2.869999885559082,2.930000066757202,2.759999990463257,2.7699999809265137,243800,0.0,0.0
2024-02-15 00:00:00-05:00,2.7799999713897705,2.950000047683716,2.7100000381469727,2.9100000858306885,265800,0.0,0.0
2024-02-16 00:00:00-05:00,2.9700000286102295,3.2799999713897705,2.9000000953674316,3.190000057220459,343200,0.0,0.0
2024-02-20 00:00:00-05:00,3.190000057220459,3.2899999618530273,2.9600000381469727,2.990000009536743,340700,0.0,0.0
2024-02-21 00:00:00-05:00,2.950000047683716,3.049999952316284,2.859999895095825,2.990000009536743,310400,0.0,0.0
2024-02-22 00:00:00-05:00,2.9800000190734863,3.25,2.9200000762939453,3.059999942779541,208300,0.0,0.0
2024-02-23 00:00:00-05:00,3.0399999618530273,3.240000009536743,3.0199999809265137,3.0399999618530273,88400,0.0,0.0
2024-02-26 00:00:00-05:00,3.049999952316284,3.059999942779541,2.940000057220459,3.0199999809265137,144300,0.0,0.0
2024-02-27 00:00:00-05:00,3.069999933242798,3.265000104904175,2.990000009536743,3.259999990463257,396600,0.0,0.0
2024-02-28 00:00:00-05:00,3.2699999809265137,3.7699999809265137,3.2300000190734863,3.700000047683716,717600,0.0,0.0
2024-02-29 00:00:00-05:00,3.75,3.7990000247955322,3.319999933242798,3.3499999046325684,352700,0.0,0.0
2024-03-01 00:00:00-05:00,3.359999895095825,3.7100000381469727,3.359999895095825,3.5,247300,0.0,0.0
2024-03-04 00:00:00-05:00,3.5399999618530273,3.740000009536743,3.4600000381469727,3.5999999046325684,158200,0.0,0.0
2024-03-05 00:00:00-05:00,3.5899999141693115,3.640000104904175,3.2699999809265137,3.309999942779541,163400,0.0,0.0
2024-03-06 00:00:00-05:00,3.299999952316284,3.4200000762939453,3.240000009536743,3.380000114440918,284400,0.0,0.0
2024-03-07 00:00:00-05:00,3.380000114440918,3.4800000190734863,3.3499999046325684,3.380000114440918,152100,0.0,0.0
2024-03-08 00:00:00-05:00,3.390000104904175,3.4800000190734863,3.1700000762939453,3.2300000190734863,199400,0.0,0.0
2024-03-11 00:00:00-04:00,3.2100000381469727,3.2100000381469727,2.9200000762939453,3.0799999237060547,175900,0.0,0.0
2024-03-12 00:00:00-04:00,3.1500000953674316,3.240000009536743,3.0199999809265137,3.0999999046325684,131600,0.0,0.0
2024-03-13 00:00:00-04:00,3.119999885559082,3.190000057220459,3.0299999713897705,3.0799999237060547,80000,0.0,0.0
2024-03-14 00:00:00-04:00,3.0399999618530273,3.1050000190734863,2.7899999618530273,2.8399999141693115,282400,0.0,0.0
2024-03-15 00:00:00-04:00,2.809999942779541,2.9000000953674316,2.569999933242798,2.640000104904175,458600,0.0,0.0
2024-03-18 00:00:00-04:00,2.640000104904175,2.740000009536743,2.5299999713897705,2.700000047683716,195200,0.0,0.0
2024-03-19 00:00:00-04:00,2.680000066757202,2.809999942779541,2.5799999237060547,2.759999990463257,105500,0.0,0.0
2024-03-20 00:00:00-04:00,2.680000066757202,2.950000047683716,2.6500000953674316,2.740000009536743,130900,0.0,0.0
2024-03-21 00:00:00-04:00,2.740000009536743,3.2100000381469727,2.7100000381469727,3.0399999618530273,207700,0.0,0.0
2024-03-22 00:00:00-04:00,3.1050000190734863,3.299999952316284,3.009999990463257,3.2899999618530273,199600,0.0,0.0
2024-03-25 00:00:00-04:00,3.2799999713897705,3.3529999256134033,3.059999942779541,3.190000057220459,118400,0.0,0.0
2024-03-26 00:00:00-04:00,3.109999895095825,3.190000057220459,2.869999885559082,2.940000057220459,104000,0.0,0.0
2024-03-27 00:00:00-04:00,3.0,3.1549999713897705,2.996999979019165,3.069999933242798,48900,0.0,0.0
2024-03-28 00:00:00-04:00,3.0399999618530273,3.2300000190734863,3.0,3.069999933242798,94600,0.0,0.0
2024-04-01 00:00:00-04:00,3.059999942779541,3.1019999980926514,2.7300000190734863,2.9200000762939453,281300,0.0,0.0
2024-04-02 00:00:00-04:00,2.859999895095825,3.0199999809265137,2.7799999713897705,2.940000057220459,48400,0.0,0.0
2024-04-03 00:00:00-04:00,2.880000114440918,3.130000114440918,2.869999885559082,3.059999942779541,88600,0.0,0.0
2024-04-04 00:00:00-04:00,3.059999942779541,3.059999942779541,2.740000009536743,2.809999942779541,161400,0.0,0.0
2024-04-05 00:00:00-04:00,2.7799999713897705,2.940000057220459,2.700000047683716,2.869999885559082,72300,0.0,0.0
2024-04-08 00:00:00-04:00,2.990000009536743,2.990000009536743,2.609999895095825,2.859999895095825,102200,0.0,0.0
2024-04-09 00:00:00-04:00,2.8499999046325684,2.950000047683716,2.7899999618530273,2.8399999141693115,213200,0.0,0.0
2024-04-10 00:00:00-04:00,2.809999942779541,2.9000000953674316,2.7269999980926514,2.880000114440918,113000,0.0,0.0
2024-04-11 00:00:00-04:00,2.859999895095825,2.930000066757202,2.7300000190734863,2.890000104904175,119300,0.0,0.0
2024-04-12 00:00:00-04:00,2.8299999237060547,2.880000114440918,2.625,2.759999990463257,134000,0.0,0.0
2024-04-15 00:00:00-04:00,2.7899999618530273,2.8399999141693115,2.6500000953674316,2.6600000858306885,95400,0.0,0.0
2024-04-16 00:00:00-04:00,2.609999895095825,2.680000066757202,2.5250000953674316,2.569999933242798,238800,0.0,0.0
2024-04-17 00:00:00-04:00,2.6600000858306885,2.7300000190734863,2.0399999618530273,2.5,516400,0.0,0.0
2024-04-18 00:00:00-04:00,2.509999990463257,2.549999952316284,2.200000047683716,2.2100000381469727,189400,0.0,0.0
2024-04-19 00:00:00-04:00,2.25,2.3299999237060547,2.180000066757202,2.190000057220459,63900,0.0,0.0
2024-04-22 00:00:00-04:00,2.200000047683716,2.2100000381469727,1.940000057220459,2.130000114440918,191800,0.0,0.0
2024-04-23 00:00:00-04:00,2.140000104904175,2.3499999046325684,2.0799999237060547,2.299999952316284,80000,0.0,0.0
2024-04-24 00:00:00-04:00,2.309999942779541,2.309999942779541,2.0999999046325684,2.130000114440918,59800,0.0,0.0
2024-04-25 00:00:00-04:00,2.1500000953674316,2.2899999618530273,2.0199999809265137,2.0999999046325684,83200,0.0,0.0
2024-04-26 00:00:00-04:00,2.0799999237060547,2.25,2.049999952316284,2.130000114440918,84800,0.0,0.0
2024-04-29 00:00:00-04:00,2.119999885559082,2.4000000953674316,2.0299999713897705,2.119999885559082,227500,0.0,0.0
2024-04-30 00:00:00-04:00,2.0799999237060547,2.3299999237060547,2.0399999618530273,2.1700000762939453,107300,0.0,0.0
2024-05-01 00:00:00-04:00,2.200000047683716,2.25,2.0799999237060547,2.1700000762939453,55800,0.0,0.0
2024-05-02 00:00:00-04:00,2.2100000381469727,2.369999885559082,2.109999895095825,2.309999942779541,88100,0.0,0.0
2024-05-03 00:00:00-04:00,2.3499999046325684,2.509999990463257,2.309999942779541,2.3499999046325684,113300,0.0,0.0
2024-05-06 00:00:00-04:00,2.3499999046325684,2.5,2.259999990463257,2.3299999237060547,128400,0.0,0.0
2024-05-07 00:00:00-04:00,2.299999952316284,2.3299999237060547,2.1500000953674316,2.2100000381469727,72000,0.0,0.0
2024-05-08 00:00:00-04:00,2.200000047683716,2.299999952316284,2.140000104904175,2.240000009536743,63400,0.0,0.0
2024-05-09 00:00:00-04:00,2.25,2.2799999713897705,2.109999895095825,2.180000066757202,143700,0.0,0.0
2024-05-10 00:00:00-04:00,2.059999942779541,2.299999952316284,1.9500000476837158,2.180000066757202,403500,0.0,0.0
2024-05-13 00:00:00-04:00,2.1500000953674316,2.2200000286102295,2.130000114440918,2.1600000858306885,79400,0.0,0.0
2024-05-14 00:00:00-04:00,2.130000114440918,2.299999952316284,2.130000114440918,2.200000047683716,91300,0.0,0.0
2024-05-15 00:00:00-04:00,2.2699999809265137,2.440000057220459,2.2100000381469727,2.3499999046325684,132200,0.0,0.0
2024-05-16 00:00:00-04:00,2.359999895095825,2.4800000190734863,2.2200000286102295,2.25,53900,0.0,0.0
2024-05-17 00:00:00-04:00,2.3499999046325684,2.4749999046325684,2.25,2.4700000286102295,96700,0.0,0.0
2024-05-20 00:00:00-04:00,2.4800000190734863,2.559999942779541,2.3970000743865967,2.5199999809265137,70800,0.0,0.0
2024-05-21 00:00:00-04:00,2.5199999809265137,2.680000066757202,2.2200000286102295,2.299999952316284,186500,0.0,0.0
2024-05-22 00:00:00-04:00,2.299999952316284,2.3399999141693115,2.140000104904175,2.1500000953674316,87700,0.0,0.0
2024-05-23 00:00:00-04:00,2.119999885559082,2.2200000286102295,2.059999942779541,2.119999885559082,125300,0.0,0.0
2024-05-24 00:00:00-04:00,2.180000066757202,2.259999990463257,2.049999952316284,2.25,47700,0.0,0.0
2024-05-28 00:00:00-04:00,2.440000057220459,2.450000047683716,2.25,2.309999942779541,97200,0.0,0.0
2024-05-29 00:00:00-04:00,2.259999990463257,2.299999952316284,2.119999885559082,2.180000066757202,146000,0.0,0.0
2024-05-30 00:00:00-04:00,2.1500000953674316,2.1500000953674316,2.049999952316284,2.0899999141693115,65300,0.0,0.0
2024-05-31 00:00:00-04:00,2.0899999141693115,2.1500000953674316,2.049999952316284,2.109999895095825,39300,0.0,0.0
2024-06-03 00:00:00-04:00,2.140000104904175,2.174999952316284,1.9500000476837158,1.9500000476837158,112600,0.0,0.0
2024-06-04 00:00:00-04:00,2.0,2.0,1.75,1.809999942779541,234500,0.0,0.0
2024-06-05 00:00:00-04:00,1.8799999952316284,2.180000066757202,1.8600000143051147,2.0799999237060547,128900,0.0,0.0
2024-06-06 00:00:00-04:00,2.049999952316284,2.115000009536743,1.899999976158142,2.059999942779541,138100,0.0,0.0
2024-06-07 00:00:00-04:00,2.009999990463257,2.1500000953674316,2.009999990463257,2.0299999713897705,73200,0.0,0.0
2024-06-10 00:00:00-04:00,2.0299999713897705,2.0899999141693115,2.0,2.069999933242798,52100,0.0,0.0
2024-06-11 00:00:00-04:00,2.069999933242798,2.0799999237060547,2.0199999809265137,2.0399999618530273,34300,0.0,0.0
2024-06-12 00:00:00-04:00,2.0999999046325684,2.299999952316284,2.009999990463257,2.140000104904175,154600,0.0,0.0
2024-06-13 00:00:00-04:00,2.119999885559082,2.1700000762939453,2.010999917984009,2.0799999237060547,60200,0.0,0.0
2024-06-14 00:00:00-04:00,2.009999990463257,2.259999990463257,2.009999990463257,2.059999942779541,309000,0.0,0.0
2024-06-17 00:00:00-04:00,2.049999952316284,2.25,2.0299999713897705,2.049999952316284,130900,0.0,0.0
2024-06-18 00:00:00-04:00,2.0399999618530273,2.1700000762939453,2.0,2.009999990463257,140100,0.0,0.0
2024-06-20 00:00:00-04:00,2.0,2.0450000762939453,1.8899999856948853,1.9199999570846558,84900,0.0,0.0
2024-06-21 00:00:00-04:00,1.8700000047683716,2.069999933242798,1.8700000047683716,2.0399999618530273,158900,0.0,0.0
2024-06-24 00:00:00-04:00,2.049999952316284,2.3299999237060547,2.009999990463257,2.2799999713897705,168800,0.0,0.0
2024-06-25 00:00:00-04:00,2.299999952316284,2.4600000381469727,2.109999895095825,2.319999933242798,415900,0.0,0.0
2024-06-26 00:00:00-04:00,2.299999952316284,2.3399999141693115,2.119999885559082,2.200000047683716,114800,0.0,0.0
2024-06-27 00:00:00-04:00,2.200000047683716,2.299999952316284,2.119999885559082,2.130000114440918,162400,0.0,0.0
2024-06-28 00:00:00-04:00,2.130000114440918,2.138000011444092,1.9600000381469727,1.9800000190734863,166200,0.0,0.0
2024-07-01 00:00:00-04:00,1.9900000095367432,2.180000066757202,1.9700000286102295,2.119999885559082,109700,0.0,0.0
2024-07-02 00:00:00-04:00,2.109999895095825,2.119999885559082,1.899999976158142,1.9600000381469727,129800,0.0,0.0
2024-07-03 00:00:00-04:00,2.0299999713897705,2.4800000190734863,2.0199999809265137,2.450000047683716,779300,0.0,0.0
2024-07-05 00:00:00-04:00,2.4800000190734863,2.5199999809265137,2.2009999752044678,2.359999895095825,135200,0.0,0.0
2024-07-08 00:00:00-04:00,2.4100000858306885,2.4100000858306885,2.1500000953674316,2.1600000858306885,110200,0.0,0.0
2024-07-09 00:00:00-04:00,2.2300000190734863,2.3299999237060547,2.1600000858306885,2.200000047683716,110200,0.0,0.0
2024-07-10 00:00:00-04:00,2.200000047683716,2.200000047683716,1.9800000190734863,2.0399999618530273,374000,0.0,0.0
2024-07-11 00:00:00-04:00,2.0399999618530273,2.115000009536743,2.0,2.009999990463257,181200,0.0,0.0
2024-07-12 00:00:00-04:00,2.049999952316284,2.119999885559082,1.9500000476837158,2.109999895095825,343200,0.0,0.0
2024-07-15 00:00:00-04:00,2.0799999237060547,2.130000114440918,2.0199999809265137,2.0399999618530273,39600,0.0,0.0
2024-07-16 00:00:00-04:00,2.049999952316284,2.0799999237060547,1.9500000476837158,2.049999952316284,119200,0.0,0.0
2024-07-17 00:00:00-04:00,2.0299999713897705,2.2100000381469727,1.9600000381469727,2.180000066757202,224500,0.0,0.0
2024-07-18 00:00:00-04:00,2.25,2.25,2.0199999809265137,2.049999952316284,92200,0.0,0.0
2024-07-19 00:00:00-04:00,2.0399999618530273,2.259999990463257,2.0399999618530273,2.0799999237060547,118500,0.0,0.0
2024-07-22 00:00:00-04:00,2.0899999141693115,2.240000009536743,2.049999952316284,2.190000057220459,97700,0.0,0.0
2024-07-23 00:00:00-04:00,2.1700000762939453,2.2090001106262207,2.0999999046325684,2.0999999046325684,24000,0.0,0.0
2024-07-24 00:00:00-04:00,2.0999999046325684,2.1700000762939453,2.059999942779541,2.059999942779541,64900,0.0,0.0
2024-07-25 00:00:00-04:00,2.059999942779541,2.180000066757202,2.049999952316284,2.1500000953674316,58800,0.0,0.0
2024-07-26 00:00:00-04:00,2.1600000858306885,2.299999952316284,2.1510000228881836,2.240000009536743,125500,0.0,0.0
2024-07-29 00:00:00-04:00,2.25,2.2699999809265137,2.0999999046325684,2.109999895095825,52200,0.0,0.0
2024-07-30 00:00:00-04:00,2.119999885559082,2.319999933242798,2.0799999237060547,2.25,178200,0.0,0.0
2024-07-31 00:00:00-04:00,2.2100000381469727,2.2100000381469727,2.069999933242798,2.069999933242798,79100,0.0,0.0
2024-08-01 00:00:00-04:00,2.109999895095825,2.1700000762939453,2.0,2.0799999237060547,117200,0.0,0.0
2024-08-02 00:00:00-04:00,2.0299999713897705,2.3299999237060547,2.0299999713897705,2.140000104904175,940400,0.0,0.0
2024-08-05 00:00:00-04:00,2.140000104904175,2.3399999141693115,2.0399999618530273,2.180000066757202,334300,0.0,0.0
2024-08-06 00:00:00-04:00,2.259999990463257,2.259999990463257,2.0999999046325684,2.1500000953674316,94900,0.0,0.0
2024-08-07 00:00:00-04:00,2.1600000858306885,2.2300000190734863,2.0,2.0399999618530273,317800,0.0,0.0
2024-08-08 00:00:00-04:00,2.059999942779541,2.0999999046325684,1.9800000190734863,2.0,150100,0.0,0.0
2024-08-09 00:00:00-04:00,2.0299999713897705,2.049999952316284,1.9500000476837158,1.9500000476837158,186400,0.0,0.0
2024-08-12 00:00:00-04:00,1.9500000476837158,1.9800000190734863,1.8300000429153442,1.850000023841858,119600,0.0,0.0
2024-08-13 00:00:00-04:00,1.850000023841858,1.9600000381469727,1.8309999704360962,1.8600000143051147,82400,0.0,0.0
2024-08-14 00:00:00-04:00,1.850000023841858,1.909999966621399,1.850000023841858,1.909999966621399,55400,0.0,0.0
2024-08-15 00:00:00-04:00,1.9500000476837158,1.9500000476837158,1.8600000143051147,1.8899999856948853,62800,0.0,0.0
2024-08-16 00:00:00-04:00,1.8899999856948853,1.9149999618530273,1.7999999523162842,1.899999976158142,78200,0.0,0.0
2024-08-19 00:00:00-04:00,1.899999976158142,2.0899999141693115,1.899999976158142,2.0899999141693115,145400,0.0,0.0
2024-08-20 00:00:00-04:00,2.0899999141693115,2.200000047683716,2.069999933242798,2.1700000762939453,199700,0.0,0.0
2024-08-21 00:00:00-04:00,2.180000066757202,2.319999933242798,2.121000051498413,2.2799999713897705,216900,0.0,0.0
2024-08-22 00:00:00-04:00,2.299999952316284,2.3239998817443848,2.109999895095825,2.2100000381469727,49600,0.0,0.0
2024-08-23 00:00:00-04:00,2.119999885559082,2.244999885559082,2.119999885559082,2.1500000953674316,39000,0.0,0.0
2024-08-26 00:00:00-04:00,2.140000104904175,2.200000047683716,2.11899995803833,2.1600000858306885,34500,0.0,0.0
2024-08-27 00:00:00-04:00,2.200000047683716,2.240000009536743,2.130000114440918,2.180000066757202,49700,0.0,0.0
2024-08-28 00:00:00-04:00,2.299999952316284,2.440000057220459,2.140000104904175,2.2200000286102295,359400,0.0,0.0
2024-08-29 00:00:00-04:00,2.2100000381469727,2.26200008392334,2.0999999046325684,2.119999885559082,39500,0.0,0.0
2024-08-30 00:00:00-04:00,2.109999895095825,2.200000047683716,2.0899999141693115,2.140000104904175,71500,0.0,0.0
2024-09-03 00:00:00-04:00,2.109999895095825,2.190000057220459,2.0399999618530273,2.0399999618530273,49100,0.0,0.0
2024-09-04 00:00:00-04:00,2.059999942779541,2.109999895095825,2.009999990463257,2.013000011444092,50800,0.0,0.0
2024-09-05 00:00:00-04:00,2.0250000953674316,2.138000011444092,2.009999990463257,2.0999999046325684,50700,0.0,0.0
2024-09-06 00:00:00-04:00,2.109999895095825,2.140000104904175,1.9500000476837158,1.9700000286102295,147500,0.0,0.0
2024-09-09 00:00:00-04:00,2.0,2.0399999618530273,1.940000057220459,1.9700000286102295,45100,0.0,0.0
2024-09-10 00:00:00-04:00,2.015000104904175,2.0199999809265137,1.840000033378601,1.899999976158142,163900,0.0,0.0
2024-09-11 00:00:00-04:00,1.909999966621399,1.909999966621399,1.7999999523162842,1.8600000143051147,65700,0.0,0.0
2024-09-12 00:00:00-04:00,1.8600000143051147,1.934999942779541,1.809999942779541,1.812999963760376,39600,0.0,0.0
2024-09-13 00:00:00-04:00,1.8700000047683716,1.8799999952316284,1.840000033378601,1.8600000143051147,41400,0.0,0.0
2024-09-16 00:00:00-04:00,1.899999976158142,1.9500000476837158,1.809999942779541,1.850000023841858,31500,0.0,0.0
2024-09-17 00:00:00-04:00,1.809999942779541,1.9500000476837158,1.809999942779541,1.809999942779541,87500,0.0,0.0
2024-09-18 00:00:00-04:00,1.8200000524520874,1.8799999952316284,1.7799999713897705,1.7799999713897705,80100,0.0,0.0
2024-09-19 00:00:00-04:00,1.8300000429153442,1.86899995803833,1.7549999952316284,1.7699999809265137,75100,0.0,0.0
2024-09-20 00:00:00-04:00,1.7799999713897705,1.840000033378601,1.7430000305175781,1.7999999523162842,96600,0.0,0.0
2024-09-23 00:00:00-04:00,1.7899999618530273,1.8240000009536743,1.6399999856948853,1.6799999475479126,171700,0.0,0.0
2024-09-24 00:00:00-04:00,1.6799999475479126,1.7200000286102295,1.600000023841858,1.6399999856948853,139500,0.0,0.0
2024-09-25 00:00:00-04:00,1.6200000047683716,1.690000057220459,1.600000023841858,1.649999976158142,57200,0.0,0.0
2024-09-26 00:00:00-04:00,1.6200000047683716,1.649999976158142,1.5199999809265137,1.590000033378601,149400,0.0,0.0
2024-09-27 00:00:00-04:00,1.590000033378601,1.590000033378601,1.5399999618530273,1.559999942779541,51900,0.0,0.0
2024-09-30 00:00:00-04:00,1.5399999618530273,1.559999942779541,1.4290000200271606,1.4900000095367432,161600,0.0,0.0
2024-10-01 00:00:00-04:00,1.4700000286102295,1.5399999618530273,1.4500000476837158,1.4800000190734863,64200,0.0,0.0
2024-10-02 00:00:00-04:00,1.5,1.5049999952316284,1.434999942779541,1.4600000381469727,329400,0.0,0.0
2024-10-03 00:00:00-04:00,1.4800000190734863,1.4900000095367432,1.3200000524520874,1.340000033378601,179900,0.0,0.0
2024-10-04 00:00:00-04:00,1.340000033378601,1.659999966621399,1.2599999904632568,1.6299999952316284,471700,0.0,0.0
2024-10-07 00:00:00-04:00,1.6699999570846558,1.7999999523162842,1.409999966621399,1.4500000476837158,364200,0.0,0.0
2024-10-08 00:00:00-04:00,1.5099999904632568,1.6699999570846558,1.4900000095367432,1.5299999713897705,209800,0.0,0.0
2024-10-09 00:00:00-04:00,1.5299999713897705,1.590000033378601,1.440000057220459,1.5399999618530273,77700,0.0,0.0
2024-10-10 00:00:00-04:00,1.5299999713897705,1.5499999523162842,1.3600000143051147,1.3799999952316284,95900,0.0,0.0
2024-10-11 00:00:00-04:00,1.3600000143051147,1.4989999532699585,1.3600000143051147,1.4500000476837158,70400,0.0,0.0
2024-10-14 00:00:00-04:00,1.4600000381469727,1.5099999904632568,1.3799999952316284,1.3799999952316284,79400,0.0,0.0
2024-10-15 00:00:00-04:00,1.3700000047683716,1.5399999618530273,1.3600000143051147,1.4600000381469727,245900,0.0,0.0
2024-10-16 00:00:00-04:00,1.4600000381469727,1.50600004196167,1.3899999856948853,1.440000057220459,99600,0.0,0.0
2024-10-17 00:00:00-04:00,1.4600000381469727,1.9900000095367432,1.4600000381469727,1.690000057220459,383500,0.0,0.0
2024-10-18 00:00:00-04:00,1.75,1.7899999618530273,1.7000000476837158,1.7200000286102295,111000,0.0,0.0
2024-10-21 00:00:00-04:00,1.7200000286102295,1.75,1.5800000429153442,1.600000023841858,83400,0.0,0.0
2024-10-22 00:00:00-04:00,1.5800000429153442,1.6699999570846558,1.5299999713897705,1.649999976158142,67300,0.0,0.0
2024-10-23 00:00:00-04:00,1.659999966621399,1.659999966621399,1.5700000524520874,1.6299999952316284,54300,0.0,0.0
2024-10-24 00:00:00-04:00,1.6399999856948853,1.649999976158142,1.5800000429153442,1.590000033378601,40600,0.0,0.0
2024-10-25 00:00:00-04:00,1.600000023841858,1.6699999570846558,1.559999942779541,1.659999966621399,128800,0.0,0.0
2024-10-28 00:00:00-04:00,1.690000057220459,1.7699999809265137,1.6200000047683716,1.6799999475479126,52700,0.0,0.0
2024-10-29 00:00:00-04:00,1.659999966621399,1.7599999904632568,1.628999948501587,1.7100000381469727,78300,0.0,0.0
2024-10-30 00:00:00-04:00,1.659999966621399,1.7100000381469727,1.6200000047683716,1.649999976158142,51700,0.0,0.0
2024-10-31 00:00:00-04:00,1.659999966621399,1.659999966621399,1.5700000524520874,1.600000023841858,49000,0.0,0.0
2024-11-01 00:00:00-04:00,1.659999966621399,1.659999966621399,1.5499999523162842,1.590000033378601,29500,0.0,0.0
2024-11-04 00:00:00-05:00,1.5700000524520874,1.6169999837875366,1.5399999618530273,1.5800000429153442,28400,0.0,0.0
2024-11-05 00:00:00-05:00,1.5800000429153442,1.600000023841858,1.4800000190734863,1.600000023841858,65600,0.0,0.0
2024-11-06 00:00:00-05:00,1.6399999856948853,1.649999976158142,1.5720000267028809,1.600000023841858,91600,0.0,0.0
2024-11-07 00:00:00-05:00,1.559999942779541,1.7799999713897705,1.524999976158142,1.75,90900,0.0,0.0
2024-11-08 00:00:00-05:00,1.75,1.9500000476837158,1.7000000476837158,1.8600000143051147,167600,0.0,0.0
2024-11-11 00:00:00-05:00,1.909999966621399,1.909999966621399,1.753000020980835,1.7699999809265137,70400,0.0,0.0
2024-11-12 00:00:00-05:00,1.7599999904632568,1.7799999713897705,1.690000057220459,1.7200000286102295,39300,0.0,0.0
2024-11-13 00:00:00-05:00,1.690000057220459,1.7400000095367432,1.5449999570846558,1.5700000524520874,57800,0.0,0.0
2024-11-14 00:00:00-05:00,1.590000033378601,1.659999966621399,1.5700000524520874,1.6200000047683716,36400,0.0,0.0
2024-11-15 00:00:00-05:00,1.6100000143051147,1.6399999856948853,1.5429999828338623,1.590000033378601,57100,0.0,0.0
2024-11-18 00:00:00-05:00,1.5800000429153442,1.7999999523162842,1.5800000429153442,1.690000057220459,113400,0.0,0.0
2024-11-19 00:00:00-05:00,1.6699999570846558,1.774999976158142,1.6540000438690186,1.7000000476837158,91700,0.0,0.0
2024-11-20 00:00:00-05:00,1.7000000476837158,1.9299999475479126,1.6449999809265137,1.8200000524520874,441900,0.0,0.0
2024-11-21 00:00:00-05:00,1.7999999523162842,1.8899999856948853,1.649999976158142,1.6799999475479126,372900,0.0,0.0
2024-11-22 00:00:00-05:00,1.690000057220459,1.7899999618530273,1.600000023841858,1.7899999618530273,249400,0.0,0.0
2024-11-25 00:00:00-05:00,1.7999999523162842,1.8899999856948853,1.7100000381469727,1.7200000286102295,270800,0.0,0.0
2024-11-26 00:00:00-05:00,1.7100000381469727,1.7799999713897705,1.6399999856948853,1.649999976158142,257300,0.0,0.0
2024-11-27 00:00:00-05:00,1.649999976158142,2.200000047683716,1.600000023841858,1.9700000286102295,700200,0.0,0.0
