Date,Open,High,Low,Close,Volume,Dividends,Stock Splits
2022-01-03 00:00:00-05:00,9.84000015258789,9.84000015258789,9.84000015258789,9.84000015258789,0,0.0,0.0
2022-01-04 00:00:00-05:00,9.850000381469727,9.850000381469727,9.850000381469727,9.850000381469727,5300,0.0,0.0
2022-01-05 00:00:00-05:00,9.850000381469727,9.850000381469727,9.850000381469727,9.850000381469727,0,0.0,0.0
2022-01-06 00:00:00-05:00,9.850000381469727,9.880000114440918,9.850000381469727,9.880000114440918,8500,0.0,0.0
2022-01-07 00:00:00-05:00,9.880000114440918,9.880000114440918,9.880000114440918,9.880000114440918,0,0.0,0.0
2022-01-10 00:00:00-05:00,9.880000114440918,9.880000114440918,9.880000114440918,9.880000114440918,0,0.0,0.0
2022-01-11 00:00:00-05:00,9.880000114440918,9.880000114440918,9.880000114440918,9.880000114440918,0,0.0,0.0
2022-01-12 00:00:00-05:00,9.829999923706055,9.838000297546387,9.829999923706055,9.838000297546387,200,0.0,0.0
2022-01-13 00:00:00-05:00,9.850000381469727,9.859999656677246,9.845000267028809,9.857000350952148,11700,0.0,0.0
2022-01-14 00:00:00-05:00,9.859999656677246,9.869999885559082,9.850000381469727,9.850000381469727,47100,0.0,0.0
2022-01-18 00:00:00-05:00,9.859999656677246,9.859999656677246,9.859999656677246,9.859999656677246,3100,0.0,0.0
2022-01-19 00:00:00-05:00,9.829999923706055,9.845000267028809,9.829999923706055,9.829999923706055,12100,0.0,0.0
2022-01-20 00:00:00-05:00,9.829999923706055,9.829999923706055,9.829999923706055,9.829999923706055,0,0.0,0.0
2022-01-21 00:00:00-05:00,9.829999923706055,9.829999923706055,9.829999923706055,9.829999923706055,0,0.0,0.0
2022-01-24 00:00:00-05:00,9.84000015258789,9.84000015258789,9.84000015258789,9.84000015258789,97200,0.0,0.0
2022-01-25 00:00:00-05:00,9.84000015258789,9.84000015258789,9.84000015258789,9.84000015258789,0,0.0,0.0
2022-01-26 00:00:00-05:00,9.84000015258789,9.84000015258789,9.84000015258789,9.84000015258789,0,0.0,0.0
2022-01-27 00:00:00-05:00,9.850000381469727,9.850000381469727,9.850000381469727,9.850000381469727,200,0.0,0.0
2022-01-28 00:00:00-05:00,9.850000381469727,9.850000381469727,9.850000381469727,9.850000381469727,0,0.0,0.0
2022-01-31 00:00:00-05:00,9.859999656677246,9.859999656677246,9.854999542236328,9.859999656677246,2300,0.0,0.0
2022-02-01 00:00:00-05:00,9.859999656677246,9.859999656677246,9.850000381469727,9.859999656677246,11300,0.0,0.0
2022-02-02 00:00:00-05:00,9.859999656677246,9.859999656677246,9.859999656677246,9.859999656677246,100,0.0,0.0
2022-02-03 00:00:00-05:00,9.859999656677246,9.859999656677246,9.859999656677246,9.859999656677246,3400,0.0,0.0
2022-02-04 00:00:00-05:00,9.869999885559082,9.869999885559082,9.869999885559082,9.869999885559082,10000,0.0,0.0
2022-02-07 00:00:00-05:00,9.869999885559082,9.869999885559082,9.869999885559082,9.869999885559082,0,0.0,0.0
2022-02-08 00:00:00-05:00,9.880000114440918,9.880000114440918,9.869999885559082,9.869999885559082,900,0.0,0.0
2022-02-09 00:00:00-05:00,9.869999885559082,9.869999885559082,9.869999885559082,9.869999885559082,0,0.0,0.0
2022-02-10 00:00:00-05:00,9.869999885559082,9.869999885559082,9.869999885559082,9.869999885559082,0,0.0,0.0
2022-02-11 00:00:00-05:00,9.869999885559082,9.869999885559082,9.869999885559082,9.869999885559082,0,0.0,0.0
2022-02-14 00:00:00-05:00,9.869999885559082,9.869999885559082,9.869999885559082,9.869999885559082,0,0.0,0.0
2022-02-15 00:00:00-05:00,9.869999885559082,9.869999885559082,9.869999885559082,9.869999885559082,0,0.0,0.0
2022-02-16 00:00:00-05:00,9.869999885559082,9.869999885559082,9.869999885559082,9.869999885559082,0,0.0,0.0
2022-02-17 00:00:00-05:00,9.869999885559082,9.869999885559082,9.869999885559082,9.869999885559082,0,0.0,0.0
2022-02-18 00:00:00-05:00,9.869999885559082,9.869999885559082,9.869999885559082,9.869999885559082,0,0.0,0.0
2022-02-22 00:00:00-05:00,9.869999885559082,9.869999885559082,9.869999885559082,9.869999885559082,0,0.0,0.0
2022-02-23 00:00:00-05:00,9.869999885559082,9.869999885559082,9.869999885559082,9.869999885559082,0,0.0,0.0
2022-02-24 00:00:00-05:00,9.87399959564209,9.87399959564209,9.87399959564209,9.87399959564209,600,0.0,0.0
2022-02-25 00:00:00-05:00,9.87399959564209,9.87399959564209,9.87399959564209,9.87399959564209,0,0.0,0.0
2022-02-28 00:00:00-05:00,9.890000343322754,9.899999618530273,9.890000343322754,9.899999618530273,1000,0.0,0.0
2022-03-01 00:00:00-05:00,9.899999618530273,9.899999618530273,9.899999618530273,9.899999618530273,0,0.0,0.0
2022-03-02 00:00:00-05:00,9.899999618530273,9.899999618530273,9.899999618530273,9.899999618530273,0,0.0,0.0
2022-03-03 00:00:00-05:00,9.899999618530273,9.899999618530273,9.899999618530273,9.899999618530273,0,0.0,0.0
2022-03-04 00:00:00-05:00,9.899999618530273,9.899999618530273,9.899999618530273,9.899999618530273,0,0.0,0.0
2022-03-07 00:00:00-05:00,9.899999618530273,9.899999618530273,9.899999618530273,9.899999618530273,0,0.0,0.0
2022-03-08 00:00:00-05:00,9.899999618530273,9.899999618530273,9.899999618530273,9.899999618530273,0,0.0,0.0
2022-03-09 00:00:00-05:00,9.899999618530273,9.899999618530273,9.899999618530273,9.899999618530273,500,0.0,0.0
2022-03-10 00:00:00-05:00,9.899999618530273,9.899999618530273,9.899999618530273,9.899999618530273,500,0.0,0.0
2022-03-11 00:00:00-05:00,9.899999618530273,9.899999618530273,9.899999618530273,9.899999618530273,1000,0.0,0.0
2022-03-14 00:00:00-04:00,9.899999618530273,9.920000076293945,9.899999618530273,9.920000076293945,123600,0.0,0.0
2022-03-15 00:00:00-04:00,9.920000076293945,9.920000076293945,9.920000076293945,9.920000076293945,0,0.0,0.0
2022-03-16 00:00:00-04:00,9.90999984741211,9.90999984741211,9.90999984741211,9.90999984741211,19100,0.0,0.0
2022-03-17 00:00:00-04:00,9.90999984741211,9.90999984741211,9.90999984741211,9.90999984741211,0,0.0,0.0
2022-03-18 00:00:00-04:00,9.880000114440918,9.90999984741211,9.880000114440918,9.90999984741211,10000,0.0,0.0
2022-03-21 00:00:00-04:00,9.90999984741211,9.90999984741211,9.90999984741211,9.90999984741211,0,0.0,0.0
2022-03-22 00:00:00-04:00,9.90999984741211,9.90999984741211,9.90999984741211,9.90999984741211,0,0.0,0.0
2022-03-23 00:00:00-04:00,9.90999984741211,9.90999984741211,9.90999984741211,9.90999984741211,200,0.0,0.0
2022-03-24 00:00:00-04:00,9.90999984741211,9.90999984741211,9.90999984741211,9.90999984741211,0,0.0,0.0
2022-03-25 00:00:00-04:00,9.90999984741211,9.90999984741211,9.90999984741211,9.90999984741211,0,0.0,0.0
2022-03-28 00:00:00-04:00,9.90999984741211,9.90999984741211,9.90999984741211,9.90999984741211,0,0.0,0.0
2022-03-29 00:00:00-04:00,9.90999984741211,9.90999984741211,9.90999984741211,9.90999984741211,100,0.0,0.0
2022-03-30 00:00:00-04:00,9.90999984741211,9.90999984741211,9.90999984741211,9.90999984741211,0,0.0,0.0
2022-03-31 00:00:00-04:00,9.90999984741211,9.90999984741211,9.90999984741211,9.90999984741211,0,0.0,0.0
2022-04-01 00:00:00-04:00,9.90999984741211,9.90999984741211,9.90999984741211,9.90999984741211,0,0.0,0.0
2022-04-04 00:00:00-04:00,9.90999984741211,9.90999984741211,9.90999984741211,9.90999984741211,0,0.0,0.0
2022-04-05 00:00:00-04:00,9.920000076293945,9.920000076293945,9.920000076293945,9.920000076293945,325400,0.0,0.0
2022-04-06 00:00:00-04:00,9.920000076293945,9.920000076293945,9.920000076293945,9.920000076293945,11700,0.0,0.0
2022-04-07 00:00:00-04:00,9.925000190734863,9.925000190734863,9.925000190734863,9.925000190734863,300,0.0,0.0
2022-04-08 00:00:00-04:00,9.920000076293945,9.930000305175781,9.920000076293945,9.930000305175781,40700,0.0,0.0
2022-04-11 00:00:00-04:00,9.932999610900879,9.932999610900879,9.930000305175781,9.930000305175781,1000,0.0,0.0
2022-04-12 00:00:00-04:00,9.930000305175781,9.930000305175781,9.930000305175781,9.930000305175781,0,0.0,0.0
2022-04-13 00:00:00-04:00,9.9399995803833,9.9399995803833,9.9399995803833,9.9399995803833,300,0.0,0.0
2022-04-14 00:00:00-04:00,9.9399995803833,9.9399995803833,9.9399995803833,9.9399995803833,0,0.0,0.0
2022-04-18 00:00:00-04:00,9.9399995803833,9.9399995803833,9.9399995803833,9.9399995803833,0,0.0,0.0
2022-04-19 00:00:00-04:00,9.9399995803833,9.9399995803833,9.9399995803833,9.9399995803833,1700,0.0,0.0
2022-04-20 00:00:00-04:00,9.9399995803833,9.942000389099121,9.9399995803833,9.9399995803833,80900,0.0,0.0
2022-04-21 00:00:00-04:00,9.9399995803833,9.9399995803833,9.9399995803833,9.9399995803833,0,0.0,0.0
2022-04-22 00:00:00-04:00,9.9399995803833,9.9399995803833,9.9399995803833,9.9399995803833,0,0.0,0.0
2022-04-25 00:00:00-04:00,9.949999809265137,9.949999809265137,9.947999954223633,9.949999809265137,176800,0.0,0.0
2022-04-26 00:00:00-04:00,9.949999809265137,9.949999809265137,9.949999809265137,9.949999809265137,800,0.0,0.0
2022-04-27 00:00:00-04:00,9.949999809265137,9.949999809265137,9.949999809265137,9.949999809265137,200,0.0,0.0
2022-04-28 00:00:00-04:00,9.954999923706055,9.954999923706055,9.954999923706055,9.954999923706055,300,0.0,0.0
2022-04-29 00:00:00-04:00,9.954999923706055,9.954999923706055,9.954999923706055,9.954999923706055,0,0.0,0.0
2022-05-02 00:00:00-04:00,9.949999809265137,9.949999809265137,9.9350004196167,9.9399995803833,142400,0.0,0.0
2022-05-03 00:00:00-04:00,9.9399995803833,9.9399995803833,9.9399995803833,9.9399995803833,0,0.0,0.0
2022-05-04 00:00:00-04:00,9.9399995803833,9.9399995803833,9.9399995803833,9.9399995803833,0,0.0,0.0
2022-05-05 00:00:00-04:00,9.9399995803833,9.9399995803833,9.9399995803833,9.9399995803833,100,0.0,0.0
2022-05-06 00:00:00-04:00,9.949999809265137,9.949999809265137,9.9399995803833,9.9399995803833,50000,0.0,0.0
2022-05-09 00:00:00-04:00,9.949999809265137,9.949999809265137,9.9399995803833,9.9399995803833,1300,0.0,0.0
2022-05-10 00:00:00-04:00,9.960000038146973,9.960000038146973,9.960000038146973,9.960000038146973,1000,0.0,0.0
2022-05-11 00:00:00-04:00,9.9399995803833,9.9399995803833,9.9399995803833,9.9399995803833,1100,0.0,0.0
2022-05-12 00:00:00-04:00,9.960000038146973,9.960000038146973,9.960000038146973,9.960000038146973,1200,0.0,0.0
2022-05-13 00:00:00-04:00,9.960000038146973,9.960000038146973,9.960000038146973,9.960000038146973,0,0.0,0.0
2022-05-16 00:00:00-04:00,9.960000038146973,9.960000038146973,9.960000038146973,9.960000038146973,0,0.0,0.0
2022-05-17 00:00:00-04:00,9.9399995803833,9.9399995803833,9.9399995803833,9.9399995803833,300,0.0,0.0
2022-05-18 00:00:00-04:00,9.9399995803833,9.9399995803833,9.9399995803833,9.9399995803833,34800,0.0,0.0
2022-05-19 00:00:00-04:00,9.9399995803833,9.9399995803833,9.9399995803833,9.9399995803833,0,0.0,0.0
2022-05-20 00:00:00-04:00,9.9399995803833,9.9399995803833,9.9399995803833,9.9399995803833,5000,0.0,0.0
2022-05-23 00:00:00-04:00,9.949999809265137,9.949999809265137,9.9399995803833,9.949999809265137,5100,0.0,0.0
2022-05-24 00:00:00-04:00,9.942000389099121,9.942000389099121,9.942000389099121,9.942000389099121,5000,0.0,0.0
2022-05-25 00:00:00-04:00,9.949999809265137,9.949999809265137,9.949999809265137,9.949999809265137,4800,0.0,0.0
2022-05-26 00:00:00-04:00,9.949999809265137,9.949999809265137,9.949999809265137,9.949999809265137,5900,0.0,0.0
2022-05-27 00:00:00-04:00,9.949999809265137,9.949999809265137,9.949999809265137,9.949999809265137,0,0.0,0.0
2022-05-31 00:00:00-04:00,9.949999809265137,9.949999809265137,9.949999809265137,9.949999809265137,0,0.0,0.0
2022-06-01 00:00:00-04:00,9.949999809265137,9.949999809265137,9.949999809265137,9.949999809265137,0,0.0,0.0
2022-06-02 00:00:00-04:00,9.949999809265137,9.949999809265137,9.949999809265137,9.949999809265137,400,0.0,0.0
2022-06-03 00:00:00-04:00,9.958000183105469,9.960000038146973,9.954999923706055,9.960000038146973,15400,0.0,0.0
2022-06-06 00:00:00-04:00,9.970000267028809,9.970000267028809,9.970000267028809,9.970000267028809,500,0.0,0.0
2022-06-07 00:00:00-04:00,9.970000267028809,9.970000267028809,9.970000267028809,9.970000267028809,0,0.0,0.0
2022-06-08 00:00:00-04:00,9.970000267028809,9.970000267028809,9.970000267028809,9.970000267028809,0,0.0,0.0
2022-06-09 00:00:00-04:00,9.970000267028809,9.970000267028809,9.970000267028809,9.970000267028809,104600,0.0,0.0
2022-06-10 00:00:00-04:00,9.970000267028809,9.970000267028809,9.970000267028809,9.970000267028809,132300,0.0,0.0
2022-06-13 00:00:00-04:00,9.970000267028809,9.970000267028809,9.970000267028809,9.970000267028809,100,0.0,0.0
2022-06-14 00:00:00-04:00,9.970000267028809,9.970000267028809,9.970000267028809,9.970000267028809,0,0.0,0.0
2022-06-15 00:00:00-04:00,9.970000267028809,9.970000267028809,9.970000267028809,9.970000267028809,0,0.0,0.0
2022-06-16 00:00:00-04:00,9.970000267028809,9.970000267028809,9.970000267028809,9.970000267028809,200,0.0,0.0
2022-06-17 00:00:00-04:00,9.970000267028809,9.970000267028809,9.970000267028809,9.970000267028809,0,0.0,0.0
2022-06-21 00:00:00-04:00,9.970000267028809,9.970000267028809,9.970000267028809,9.970000267028809,0,0.0,0.0
2022-06-22 00:00:00-04:00,9.979999542236328,9.989999771118164,9.979999542236328,9.989999771118164,1600,0.0,0.0
2022-06-23 00:00:00-04:00,9.970000267028809,9.984999656677246,9.970000267028809,9.975000381469727,19500,0.0,0.0
2022-06-24 00:00:00-04:00,9.975000381469727,9.975000381469727,9.975000381469727,9.975000381469727,0,0.0,0.0
2022-06-27 00:00:00-04:00,9.979999542236328,9.979999542236328,9.979999542236328,9.979999542236328,300,0.0,0.0
2022-06-28 00:00:00-04:00,9.989999771118164,10.0,9.979999542236328,9.980999946594238,7400,0.0,0.0
2022-06-29 00:00:00-04:00,9.979999542236328,9.979999542236328,9.979999542236328,9.979999542236328,100,0.0,0.0
2022-06-30 00:00:00-04:00,9.979999542236328,9.979999542236328,9.979999542236328,9.979999542236328,700,0.0,0.0
2022-07-01 00:00:00-04:00,9.979999542236328,9.987000465393066,9.979999542236328,9.987000465393066,34300,0.0,0.0
2022-07-05 00:00:00-04:00,9.979999542236328,9.979999542236328,9.979999542236328,9.979999542236328,300,0.0,0.0
2022-07-06 00:00:00-04:00,10.5,10.5,9.979999542236328,9.987000465393066,17600,0.0,0.0
2022-07-07 00:00:00-04:00,10.0,10.0,10.0,10.0,300,0.0,0.0
2022-07-08 00:00:00-04:00,10.0,10.0,10.0,10.0,300,0.0,0.0
2022-07-11 00:00:00-04:00,9.970000267028809,10.0,9.970000267028809,10.0,2100,0.0,0.0
2022-07-12 00:00:00-04:00,10.0,10.0600004196167,10.0,10.010000228881836,18800,0.0,0.0
2022-07-13 00:00:00-04:00,9.925000190734863,9.925000190734863,9.925000190734863,9.925000190734863,3700,0.0,0.0
2022-07-14 00:00:00-04:00,10.0,10.260000228881836,9.970000267028809,10.196000099182129,24100,0.0,0.0
2022-07-15 00:00:00-04:00,10.020000457763672,10.25,9.9399995803833,10.010000228881836,7100,0.0,0.0
2022-07-18 00:00:00-04:00,10.140000343322754,10.140000343322754,10.0,10.0,500,0.0,0.0
2022-07-19 00:00:00-04:00,10.0,10.020000457763672,10.0,10.0,73900,0.0,0.0
2022-07-20 00:00:00-04:00,10.1899995803833,11.9399995803833,10.1899995803833,10.430000305175781,136200,0.0,0.0
2022-07-21 00:00:00-04:00,10.430000305175781,10.435999870300293,10.119999885559082,10.140000343322754,24600,0.0,0.0
2022-07-22 00:00:00-04:00,10.109999656677246,10.1850004196167,10.109999656677246,10.11400032043457,23800,0.0,0.0
2022-07-25 00:00:00-04:00,10.050000190734863,10.15999984741211,10.050000190734863,10.069999694824219,22000,0.0,0.0
2022-07-26 00:00:00-04:00,10.050000190734863,10.140000343322754,10.050000190734863,10.0600004196167,18300,0.0,0.0
2022-07-27 00:00:00-04:00,10.050000190734863,10.09000015258789,10.050000190734863,10.09000015258789,2800,0.0,0.0
2022-07-28 00:00:00-04:00,10.100000381469727,10.109999656677246,10.09000015258789,10.09000015258789,600,0.0,0.0
2022-07-29 00:00:00-04:00,10.1899995803833,10.1899995803833,10.0600004196167,10.09000015258789,14600,0.0,0.0
2022-08-01 00:00:00-04:00,10.130000114440918,10.130000114440918,10.09000015258789,10.09000015258789,900,0.0,0.0
2022-08-02 00:00:00-04:00,10.0600004196167,10.0600004196167,10.0600004196167,10.0600004196167,900,0.0,0.0
2022-08-03 00:00:00-04:00,10.0600004196167,10.0600004196167,10.0600004196167,10.0600004196167,300,0.0,0.0
2022-08-04 00:00:00-04:00,10.130000114440918,10.130000114440918,10.050000190734863,10.0600004196167,4800,0.0,0.0
2022-08-05 00:00:00-04:00,10.0600004196167,10.095000267028809,10.0600004196167,10.095000267028809,200,0.0,0.0
2022-08-08 00:00:00-04:00,10.095000267028809,10.095000267028809,10.0600004196167,10.0600004196167,1200,0.0,0.0
2022-08-09 00:00:00-04:00,10.079999923706055,10.130000114440918,10.050000190734863,10.100000381469727,10100,0.0,0.0
2022-08-10 00:00:00-04:00,10.090999603271484,10.100000381469727,10.050000190734863,10.0600004196167,5000,0.0,0.0
2022-08-11 00:00:00-04:00,10.0600004196167,10.100000381469727,10.059000015258789,10.0600004196167,15800,0.0,0.0
2022-08-12 00:00:00-04:00,10.100000381469727,10.100000381469727,10.069999694824219,10.069999694824219,2900,0.0,0.0
2022-08-15 00:00:00-04:00,10.069999694824219,10.100000381469727,10.0600004196167,10.100000381469727,9200,0.0,0.0
2022-08-16 00:00:00-04:00,10.097000122070312,10.109999656677246,10.09000015258789,10.109999656677246,1900,0.0,0.0
2022-08-17 00:00:00-04:00,10.0600004196167,10.069999694824219,10.0600004196167,10.0600004196167,600,0.0,0.0
2022-08-18 00:00:00-04:00,10.0600004196167,10.09000015258789,10.0600004196167,10.09000015258789,3100,0.0,0.0
2022-08-19 00:00:00-04:00,10.069999694824219,10.085000038146973,10.0600004196167,10.085000038146973,10500,0.0,0.0
2022-08-22 00:00:00-04:00,10.085000038146973,10.085000038146973,10.085000038146973,10.085000038146973,0,0.0,0.0
2022-08-23 00:00:00-04:00,10.069999694824219,10.069999694824219,10.069999694824219,10.069999694824219,1100,0.0,0.0
2022-08-24 00:00:00-04:00,10.085000038146973,10.085000038146973,10.0600004196167,10.079999923706055,28100,0.0,0.0
2022-08-25 00:00:00-04:00,10.093999862670898,10.093999862670898,10.093999862670898,10.093999862670898,200,0.0,0.0
2022-08-26 00:00:00-04:00,10.069999694824219,10.069999694824219,10.069999694824219,10.069999694824219,300,0.0,0.0
2022-08-29 00:00:00-04:00,10.069999694824219,10.069999694824219,10.069999694824219,10.069999694824219,0,0.0,0.0
2022-08-30 00:00:00-04:00,10.079999923706055,10.079999923706055,10.079999923706055,10.079999923706055,700,0.0,0.0
2022-08-31 00:00:00-04:00,10.079999923706055,10.079999923706055,10.079999923706055,10.079999923706055,0,0.0,0.0
2022-09-01 00:00:00-04:00,10.069999694824219,10.071000099182129,10.069999694824219,10.071000099182129,600,0.0,0.0
2022-09-02 00:00:00-04:00,10.071000099182129,10.071000099182129,10.071000099182129,10.071000099182129,100,0.0,0.0
2022-09-06 00:00:00-04:00,10.079999923706055,10.079999923706055,10.079999923706055,10.079999923706055,200,0.0,0.0
2022-09-07 00:00:00-04:00,10.079999923706055,10.079999923706055,10.079999923706055,10.079999923706055,0,0.0,0.0
2022-09-08 00:00:00-04:00,10.079999923706055,10.079999923706055,10.079999923706055,10.079999923706055,1600,0.0,0.0
2022-09-09 00:00:00-04:00,10.109999656677246,10.109999656677246,10.109999656677246,10.109999656677246,1200,0.0,0.0
2022-09-12 00:00:00-04:00,10.100000381469727,10.100000381469727,10.100000381469727,10.100000381469727,300,0.0,0.0
2022-09-13 00:00:00-04:00,10.119999885559082,10.119999885559082,10.09000015258789,10.09000015258789,400,0.0,0.0
2022-09-14 00:00:00-04:00,10.09000015258789,10.09000015258789,10.09000015258789,10.09000015258789,0,0.0,0.0
2022-09-15 00:00:00-04:00,10.09000015258789,10.09000015258789,10.09000015258789,10.09000015258789,0,0.0,0.0
2022-09-16 00:00:00-04:00,10.09000015258789,10.09000015258789,10.09000015258789,10.09000015258789,0,0.0,0.0
2022-09-19 00:00:00-04:00,10.09000015258789,10.100000381469727,10.09000015258789,10.100000381469727,3500,0.0,0.0
2022-09-20 00:00:00-04:00,10.09000015258789,10.09000015258789,10.09000015258789,10.09000015258789,100,0.0,0.0
2022-09-21 00:00:00-04:00,10.09000015258789,10.09000015258789,10.09000015258789,10.09000015258789,0,0.0,0.0
2022-09-22 00:00:00-04:00,10.09000015258789,10.09000015258789,10.09000015258789,10.09000015258789,1000,0.0,0.0
2022-09-23 00:00:00-04:00,10.09000015258789,10.09000015258789,10.09000015258789,10.09000015258789,0,0.0,0.0
2022-09-26 00:00:00-04:00,10.09000015258789,10.09000015258789,10.09000015258789,10.09000015258789,0,0.0,0.0
2022-09-27 00:00:00-04:00,10.09000015258789,10.09000015258789,10.09000015258789,10.09000015258789,600,0.0,0.0
2022-09-28 00:00:00-04:00,10.09000015258789,10.09000015258789,10.09000015258789,10.09000015258789,0,0.0,0.0
2022-09-29 00:00:00-04:00,10.100000381469727,10.100000381469727,10.09000015258789,10.09000015258789,400,0.0,0.0
2022-09-30 00:00:00-04:00,10.100000381469727,10.100000381469727,10.079999923706055,10.079999923706055,17600,0.0,0.0
2022-10-03 00:00:00-04:00,10.079999923706055,10.079999923706055,10.079999923706055,10.079999923706055,0,0.0,0.0
2022-10-04 00:00:00-04:00,10.079999923706055,10.079999923706055,10.079999923706055,10.079999923706055,0,0.0,0.0
2022-10-05 00:00:00-04:00,10.079999923706055,10.079999923706055,10.079999923706055,10.079999923706055,0,0.0,0.0
2022-10-06 00:00:00-04:00,10.079999923706055,10.079999923706055,10.079999923706055,10.079999923706055,0,0.0,0.0
2022-10-07 00:00:00-04:00,10.079999923706055,10.079999923706055,10.079999923706055,10.079999923706055,0,0.0,0.0
2022-10-10 00:00:00-04:00,10.100000381469727,10.100000381469727,10.079999923706055,10.079999923706055,1600,0.0,0.0
2022-10-11 00:00:00-04:00,10.079999923706055,10.079999923706055,10.079999923706055,10.079999923706055,500,0.0,0.0
2022-10-12 00:00:00-04:00,10.079999923706055,10.079999923706055,10.079999923706055,10.079999923706055,1800,0.0,0.0
2022-10-13 00:00:00-04:00,10.079999923706055,10.079999923706055,10.079999923706055,10.079999923706055,0,0.0,0.0
2022-10-14 00:00:00-04:00,10.079999923706055,10.079999923706055,10.079999923706055,10.079999923706055,0,0.0,0.0
2022-10-17 00:00:00-04:00,10.079999923706055,10.079999923706055,10.079999923706055,10.079999923706055,0,0.0,0.0
2022-10-18 00:00:00-04:00,10.079999923706055,10.079999923706055,10.079999923706055,10.079999923706055,0,0.0,0.0
2022-10-19 00:00:00-04:00,10.079999923706055,10.079999923706055,10.079999923706055,10.079999923706055,0,0.0,0.0
2022-10-20 00:00:00-04:00,10.079999923706055,10.079999923706055,10.079999923706055,10.079999923706055,0,0.0,0.0
2022-10-21 00:00:00-04:00,10.079999923706055,10.079999923706055,10.069999694824219,10.069999694824219,2500,0.0,0.0
2022-10-24 00:00:00-04:00,10.079999923706055,10.079999923706055,10.079999923706055,10.079999923706055,1300,0.0,0.0
2022-10-25 00:00:00-04:00,10.079999923706055,10.079999923706055,10.079999923706055,10.079999923706055,0,0.0,0.0
2022-10-26 00:00:00-04:00,10.09000015258789,10.09000015258789,10.050000190734863,10.050000190734863,77500,0.0,0.0
2022-10-27 00:00:00-04:00,10.079999923706055,10.079999923706055,10.079999923706055,10.079999923706055,18200,0.0,0.0
2022-10-28 00:00:00-04:00,10.079999923706055,10.079999923706055,10.079999923706055,10.079999923706055,10000,0.0,0.0
2022-10-31 00:00:00-04:00,10.069999694824219,10.079999923706055,10.069999694824219,10.079999923706055,3100,0.0,0.0
2022-11-01 00:00:00-04:00,10.079999923706055,10.109999656677246,10.079999923706055,10.109999656677246,3700,0.0,0.0
2022-11-02 00:00:00-04:00,10.140000343322754,10.140000343322754,10.119999885559082,10.130000114440918,6000,0.0,0.0
2022-11-03 00:00:00-04:00,10.140000343322754,10.154999732971191,10.140000343322754,10.140000343322754,3800,0.0,0.0
2022-11-04 00:00:00-04:00,10.140000343322754,10.140000343322754,10.140000343322754,10.140000343322754,3200,0.0,0.0
2022-11-07 00:00:00-05:00,10.15999984741211,10.15999984741211,10.15999984741211,10.15999984741211,10700,0.0,0.0
2022-11-08 00:00:00-05:00,10.149999618530273,10.149999618530273,10.149999618530273,10.149999618530273,20000,0.0,0.0
2022-11-09 00:00:00-05:00,10.149999618530273,10.15999984741211,10.149999618530273,10.15999984741211,600,0.0,0.0
2022-11-10 00:00:00-05:00,10.15999984741211,10.15999984741211,10.15999984741211,10.15999984741211,0,0.0,0.0
2022-11-11 00:00:00-05:00,10.15999984741211,10.15999984741211,10.15999984741211,10.15999984741211,0,0.0,0.0
2022-11-14 00:00:00-05:00,10.149999618530273,10.170000076293945,10.149999618530273,10.170000076293945,3800,0.0,0.0
2022-11-15 00:00:00-05:00,10.149999618530273,10.149999618530273,10.149999618530273,10.149999618530273,100,0.0,0.0
2022-11-16 00:00:00-05:00,10.154000282287598,10.154000282287598,10.154000282287598,10.154000282287598,400,0.0,0.0
2022-11-17 00:00:00-05:00,10.140000343322754,10.140000343322754,10.140000343322754,10.140000343322754,600,0.0,0.0
2022-11-18 00:00:00-05:00,10.140000343322754,10.149999618530273,10.140000343322754,10.149999618530273,48400,0.0,0.0
2022-11-21 00:00:00-05:00,10.1899995803833,10.210000038146973,10.1899995803833,10.210000038146973,5700,0.0,0.0
2022-11-22 00:00:00-05:00,10.220000267028809,10.220000267028809,10.220000267028809,10.220000267028809,600,0.0,0.0
2022-11-23 00:00:00-05:00,10.220000267028809,10.220000267028809,10.220000267028809,10.220000267028809,100,0.0,0.0
2022-11-25 00:00:00-05:00,10.140000343322754,10.140000343322754,10.140000343322754,10.140000343322754,100,0.0,0.0
2022-11-28 00:00:00-05:00,10.220000267028809,10.220000267028809,10.220000267028809,10.220000267028809,700,0.0,0.0
2022-11-29 00:00:00-05:00,10.140000343322754,10.140000343322754,10.140000343322754,10.140000343322754,100,0.0,0.0
2022-11-30 00:00:00-05:00,10.140000343322754,10.170000076293945,10.140000343322754,10.170000076293945,200,0.0,0.0
2022-12-01 00:00:00-05:00,10.15999984741211,10.15999984741211,10.15999984741211,10.15999984741211,4600,0.0,0.0
2022-12-02 00:00:00-05:00,10.140000343322754,10.140000343322754,10.140000343322754,10.140000343322754,2200,0.0,0.0
2022-12-05 00:00:00-05:00,10.149999618530273,10.149999618530273,10.149999618530273,10.149999618530273,100,0.0,0.0
2022-12-06 00:00:00-05:00,10.170000076293945,10.180000305175781,10.170000076293945,10.180000305175781,4000,0.0,0.0
2022-12-07 00:00:00-05:00,10.180000305175781,10.180000305175781,10.170000076293945,10.170000076293945,1600,0.0,0.0
2022-12-08 00:00:00-05:00,10.1899995803833,10.1899995803833,10.170000076293945,10.170000076293945,4400,0.0,0.0
2022-12-09 00:00:00-05:00,10.170000076293945,10.170000076293945,10.170000076293945,10.170000076293945,19400,0.0,0.0
2022-12-12 00:00:00-05:00,10.170000076293945,10.170000076293945,10.170000076293945,10.170000076293945,0,0.0,0.0
2022-12-13 00:00:00-05:00,10.170000076293945,10.170000076293945,10.170000076293945,10.170000076293945,0,0.0,0.0
2022-12-14 00:00:00-05:00,10.170000076293945,10.170000076293945,10.170000076293945,10.170000076293945,100,0.0,0.0
2022-12-15 00:00:00-05:00,10.170000076293945,10.170000076293945,10.170000076293945,10.170000076293945,0,0.0,0.0
2022-12-16 00:00:00-05:00,10.170000076293945,10.170000076293945,10.170000076293945,10.170000076293945,100,0.0,0.0
2022-12-19 00:00:00-05:00,10.199999809265137,10.199999809265137,10.199999809265137,10.199999809265137,1300,0.0,0.0
2022-12-20 00:00:00-05:00,10.210000038146973,10.220000267028809,10.210000038146973,10.220000267028809,17800,0.0,0.0
2022-12-21 00:00:00-05:00,10.229999542236328,10.229999542236328,10.229999542236328,10.229999542236328,800,0.0,0.0
2022-12-22 00:00:00-05:00,10.229999542236328,10.25,10.229999542236328,10.25,2200,0.0,0.0
2022-12-23 00:00:00-05:00,10.229999542236328,10.300000190734863,10.229999542236328,10.289999961853027,2400,0.0,0.0
2022-12-27 00:00:00-05:00,10.289999961853027,10.289999961853027,10.289999961853027,10.289999961853027,300,0.0,0.0
2022-12-28 00:00:00-05:00,10.289999961853027,10.289999961853027,10.289999961853027,10.289999961853027,0,0.0,0.0
2022-12-29 00:00:00-05:00,10.289999961853027,10.289999961853027,10.289999961853027,10.289999961853027,0,0.0,0.0
2022-12-30 00:00:00-05:00,11.0600004196167,11.0600004196167,10.210000038146973,10.210000038146973,1000,0.0,0.0
2023-01-03 00:00:00-05:00,10.359999656677246,10.4399995803833,10.25,10.329999923706055,3800,0.0,0.0
2023-01-04 00:00:00-05:00,10.270000457763672,10.329999923706055,10.270000457763672,10.329999923706055,400,0.0,0.0
2023-01-05 00:00:00-05:00,10.300000190734863,10.329999923706055,10.300000190734863,10.300000190734863,1900,0.0,0.0
2023-01-06 00:00:00-05:00,10.449999809265137,10.479999542236328,10.359999656677246,10.359999656677246,1400,0.0,0.0
2023-01-09 00:00:00-05:00,10.420000076293945,10.420000076293945,10.369999885559082,10.369999885559082,1300,0.0,0.0
2023-01-10 00:00:00-05:00,10.369999885559082,10.369999885559082,10.369999885559082,10.369999885559082,100,0.0,0.0
2023-01-11 00:00:00-05:00,10.40999984741211,10.420000076293945,10.390000343322754,10.390000343322754,600,0.0,0.0
2023-01-12 00:00:00-05:00,10.390000343322754,10.390000343322754,10.390000343322754,10.390000343322754,1500,0.0,0.0
2023-01-13 00:00:00-05:00,10.40999984741211,10.40999984741211,10.369999885559082,10.369999885559082,1700,0.0,0.0
2023-01-17 00:00:00-05:00,10.420000076293945,10.420000076293945,10.420000076293945,10.420000076293945,100,0.0,0.0
2023-01-18 00:00:00-05:00,10.390000343322754,10.399999618530273,10.390000343322754,10.399999618530273,300,0.0,0.0
2023-01-19 00:00:00-05:00,10.399999618530273,10.399999618530273,10.399999618530273,10.399999618530273,0,0.0,0.0
2023-01-20 00:00:00-05:00,10.399999618530273,10.399999618530273,10.399999618530273,10.399999618530273,0,0.0,0.0
2023-01-23 00:00:00-05:00,10.399999618530273,10.399999618530273,10.399999618530273,10.399999618530273,0,0.0,0.0
2023-01-24 00:00:00-05:00,10.380000114440918,10.380000114440918,10.380000114440918,10.380000114440918,100,0.0,0.0
2023-01-25 00:00:00-05:00,10.380000114440918,10.380000114440918,10.380000114440918,10.380000114440918,0,0.0,0.0
2023-01-26 00:00:00-05:00,10.380000114440918,10.380000114440918,10.380000114440918,10.380000114440918,0,0.0,0.0
2023-01-27 00:00:00-05:00,10.380000114440918,10.380000114440918,10.380000114440918,10.380000114440918,0,0.0,0.0
2023-01-30 00:00:00-05:00,10.380000114440918,10.380000114440918,10.380000114440918,10.380000114440918,0,0.0,0.0
2023-01-31 00:00:00-05:00,10.380000114440918,10.380000114440918,10.380000114440918,10.380000114440918,0,0.0,0.0
2023-02-01 00:00:00-05:00,10.40999984741211,10.40999984741211,10.399999618530273,10.399999618530273,200,0.0,0.0
2023-02-02 00:00:00-05:00,10.390000343322754,10.390000343322754,10.390000343322754,10.390000343322754,100,0.0,0.0
2023-02-03 00:00:00-05:00,10.399999618530273,10.40999984741211,10.390000343322754,10.399999618530273,1900,0.0,0.0
2023-02-06 00:00:00-05:00,10.399999618530273,10.420000076293945,10.395000457763672,10.420000076293945,4700,0.0,0.0
2023-02-07 00:00:00-05:00,10.420000076293945,10.420000076293945,10.420000076293945,10.420000076293945,0,0.0,0.0
2023-02-08 00:00:00-05:00,10.449999809265137,11.045000076293945,10.449999809265137,10.609999656677246,5000,0.0,0.0
2023-02-09 00:00:00-05:00,10.800000190734863,10.800000190734863,10.600000381469727,10.619999885559082,800,0.0,0.0
2023-02-10 00:00:00-05:00,10.619999885559082,10.619999885559082,10.619999885559082,10.619999885559082,0,0.0,0.0
2023-02-13 00:00:00-05:00,10.619999885559082,10.619999885559082,10.619999885559082,10.619999885559082,0,0.0,0.0
2023-02-14 00:00:00-05:00,10.619999885559082,10.619999885559082,10.619999885559082,10.619999885559082,0,0.0,0.0
2023-02-15 00:00:00-05:00,10.619999885559082,10.619999885559082,10.619999885559082,10.619999885559082,0,0.0,0.0
2023-02-16 00:00:00-05:00,10.619999885559082,10.619999885559082,10.619999885559082,10.619999885559082,0,0.0,0.0
2023-02-17 00:00:00-05:00,10.619999885559082,10.619999885559082,10.619999885559082,10.619999885559082,100,0.0,0.0
2023-02-21 00:00:00-05:00,10.619999885559082,10.619999885559082,10.619999885559082,10.619999885559082,0,0.0,0.0
2023-02-22 00:00:00-05:00,10.619999885559082,10.619999885559082,10.619999885559082,10.619999885559082,0,0.0,0.0
2023-02-23 00:00:00-05:00,10.619999885559082,10.619999885559082,10.619999885559082,10.619999885559082,0,0.0,0.0
2023-02-24 00:00:00-05:00,10.619999885559082,10.619999885559082,10.619999885559082,10.619999885559082,0,0.0,0.0
2023-02-27 00:00:00-05:00,10.619999885559082,10.619999885559082,10.619999885559082,10.619999885559082,0,0.0,0.0
2023-02-28 00:00:00-05:00,10.619999885559082,10.619999885559082,10.619999885559082,10.619999885559082,0,0.0,0.0
2023-03-01 00:00:00-05:00,10.619999885559082,10.619999885559082,10.619999885559082,10.619999885559082,0,0.0,0.0
2023-03-02 00:00:00-05:00,10.619999885559082,10.619999885559082,10.619999885559082,10.619999885559082,0,0.0,0.0
2023-03-03 00:00:00-05:00,10.619999885559082,10.619999885559082,10.619999885559082,10.619999885559082,0,0.0,0.0
2023-03-06 00:00:00-05:00,10.619999885559082,10.619999885559082,10.619999885559082,10.619999885559082,0,0.0,0.0
2023-03-07 00:00:00-05:00,10.619999885559082,10.619999885559082,10.619999885559082,10.619999885559082,0,0.0,0.0
2023-03-08 00:00:00-05:00,10.619999885559082,10.619999885559082,10.619999885559082,10.619999885559082,0,0.0,0.0
2023-03-09 00:00:00-05:00,10.5,10.510000228881836,10.4399995803833,10.470000267028809,3700,0.0,0.0
2023-03-10 00:00:00-05:00,10.470000267028809,10.470000267028809,10.470000267028809,10.470000267028809,0,0.0,0.0
2023-03-13 00:00:00-04:00,10.470000267028809,10.470000267028809,10.470000267028809,10.470000267028809,0,0.0,0.0
2023-03-14 00:00:00-04:00,10.470000267028809,10.470000267028809,10.470000267028809,10.470000267028809,0,0.0,0.0
2023-03-15 00:00:00-04:00,10.470000267028809,10.470000267028809,10.470000267028809,10.470000267028809,0,0.0,0.0
2023-03-16 00:00:00-04:00,10.470000267028809,10.470000267028809,10.470000267028809,10.470000267028809,0,0.0,0.0
2023-03-17 00:00:00-04:00,10.470000267028809,10.470000267028809,10.470000267028809,10.470000267028809,0,0.0,0.0
2023-03-20 00:00:00-04:00,10.470000267028809,10.470000267028809,10.470000267028809,10.470000267028809,0,0.0,0.0
2023-03-21 00:00:00-04:00,10.470000267028809,10.470000267028809,10.470000267028809,10.470000267028809,0,0.0,0.0
2023-03-22 00:00:00-04:00,10.470000267028809,10.470000267028809,10.470000267028809,10.470000267028809,0,0.0,0.0
2023-03-23 00:00:00-04:00,10.470000267028809,10.470000267028809,10.470000267028809,10.470000267028809,0,0.0,0.0
2023-03-24 00:00:00-04:00,10.470000267028809,10.470000267028809,10.470000267028809,10.470000267028809,0,0.0,0.0
2023-03-27 00:00:00-04:00,10.510000228881836,10.539999961853027,10.5,10.539999961853027,2400,0.0,0.0
2023-03-28 00:00:00-04:00,10.539999961853027,10.539999961853027,10.539999961853027,10.539999961853027,0,0.0,0.0
2023-03-29 00:00:00-04:00,10.539999961853027,10.539999961853027,10.539999961853027,10.539999961853027,0,0.0,0.0
2023-03-30 00:00:00-04:00,10.539999961853027,10.539999961853027,10.539999961853027,10.539999961853027,0,0.0,0.0
2023-03-31 00:00:00-04:00,10.5,11.890000343322754,10.5,11.0,3700,0.0,0.0
2023-04-03 00:00:00-04:00,11.0,11.0,11.0,11.0,0,0.0,0.0
2023-04-04 00:00:00-04:00,11.0,11.0,11.0,11.0,300,0.0,0.0
2023-04-05 00:00:00-04:00,11.0,11.0,11.0,11.0,0,0.0,0.0
2023-04-06 00:00:00-04:00,11.0,11.0,11.0,11.0,0,0.0,0.0
2023-04-10 00:00:00-04:00,11.0,11.0,11.0,11.0,0,0.0,0.0
2023-04-11 00:00:00-04:00,11.0,11.0,11.0,11.0,0,0.0,0.0
2023-04-12 00:00:00-04:00,11.0,11.0,11.0,11.0,0,0.0,0.0
2023-04-13 00:00:00-04:00,11.0,11.0,11.0,11.0,0,0.0,0.0
2023-04-14 00:00:00-04:00,11.0,11.0,11.0,11.0,0,0.0,0.0
2023-04-17 00:00:00-04:00,11.0,11.0,11.0,11.0,0,0.0,0.0
2023-04-18 00:00:00-04:00,11.0,11.0,11.0,11.0,0,0.0,0.0
2023-04-19 00:00:00-04:00,11.0,11.0,11.0,11.0,0,0.0,0.0
2023-04-20 00:00:00-04:00,11.0,11.0,11.0,11.0,0,0.0,0.0
2023-04-21 00:00:00-04:00,11.0,11.0,11.0,11.0,0,0.0,0.0
2023-04-24 00:00:00-04:00,10.645000457763672,10.645000457763672,10.645000457763672,10.645000457763672,200,0.0,0.0
2023-04-25 00:00:00-04:00,10.645000457763672,10.645000457763672,10.645000457763672,10.645000457763672,0,0.0,0.0
2023-04-26 00:00:00-04:00,10.645000457763672,10.645000457763672,10.645000457763672,10.645000457763672,0,0.0,0.0
2023-04-27 00:00:00-04:00,10.645000457763672,10.645000457763672,10.645000457763672,10.645000457763672,0,0.0,0.0
2023-04-28 00:00:00-04:00,10.645000457763672,10.645000457763672,10.645000457763672,10.645000457763672,0,0.0,0.0
2023-05-01 00:00:00-04:00,10.645000457763672,10.645000457763672,10.645000457763672,10.645000457763672,0,0.0,0.0
2023-05-02 00:00:00-04:00,10.640000343322754,10.65999984741211,10.640000343322754,10.65999984741211,5900,0.0,0.0
2023-05-03 00:00:00-04:00,10.65999984741211,10.65999984741211,10.65999984741211,10.65999984741211,0,0.0,0.0
2023-05-04 00:00:00-04:00,10.65999984741211,10.65999984741211,10.65999984741211,10.65999984741211,0,0.0,0.0
2023-05-05 00:00:00-04:00,10.65999984741211,10.65999984741211,10.65999984741211,10.65999984741211,0,0.0,0.0
2023-05-08 00:00:00-04:00,10.989999771118164,11.3100004196167,10.989999771118164,11.300000190734863,5000,0.0,0.0
2023-05-09 00:00:00-04:00,11.300000190734863,11.300000190734863,11.300000190734863,11.300000190734863,0,0.0,0.0
2023-05-10 00:00:00-04:00,11.300000190734863,11.300000190734863,11.300000190734863,11.300000190734863,0,0.0,0.0
2023-05-11 00:00:00-04:00,11.300000190734863,11.300000190734863,11.300000190734863,11.300000190734863,0,0.0,0.0
2023-05-12 00:00:00-04:00,11.300000190734863,11.300000190734863,11.300000190734863,11.300000190734863,0,0.0,0.0
2023-05-15 00:00:00-04:00,11.300000190734863,11.300000190734863,11.300000190734863,11.300000190734863,0,0.0,0.0
2023-05-16 00:00:00-04:00,11.300000190734863,11.300000190734863,11.300000190734863,11.300000190734863,0,0.0,0.0
2023-05-17 00:00:00-04:00,11.234000205993652,11.234000205993652,11.234000205993652,11.234000205993652,100,0.0,0.0
2023-05-18 00:00:00-04:00,11.234000205993652,11.234000205993652,11.234000205993652,11.234000205993652,0,0.0,0.0
2023-05-19 00:00:00-04:00,11.234000205993652,11.234000205993652,11.234000205993652,11.234000205993652,0,0.0,0.0
2023-05-22 00:00:00-04:00,11.289999961853027,11.300000190734863,10.699999809265137,10.699999809265137,900,0.0,0.0
2023-05-23 00:00:00-04:00,10.699999809265137,10.699999809265137,10.699999809265137,10.699999809265137,0,0.0,0.0
2023-05-24 00:00:00-04:00,10.699999809265137,10.699999809265137,10.699999809265137,10.699999809265137,0,0.0,0.0
2023-05-25 00:00:00-04:00,10.699999809265137,10.699999809265137,10.699999809265137,10.699999809265137,0,0.0,0.0
2023-05-26 00:00:00-04:00,10.699999809265137,11.0,10.699999809265137,11.0,3000,0.0,0.0
2023-05-30 00:00:00-04:00,11.0,11.0,11.0,11.0,0,0.0,0.0
2023-05-31 00:00:00-04:00,11.0,11.0,11.0,11.0,0,0.0,0.0
2023-06-01 00:00:00-04:00,11.0,11.0,11.0,11.0,0,0.0,0.0
2023-06-02 00:00:00-04:00,11.0,11.0,11.0,11.0,0,0.0,0.0
2023-06-05 00:00:00-04:00,11.0,11.0,11.0,11.0,0,0.0,0.0
2023-06-06 00:00:00-04:00,11.25,11.25,11.100000381469727,11.100000381469727,700,0.0,0.0
2023-06-07 00:00:00-04:00,11.100000381469727,11.100000381469727,11.100000381469727,11.100000381469727,0,0.0,0.0
2023-06-08 00:00:00-04:00,10.770000457763672,11.09000015258789,10.770000457763672,11.09000015258789,400,0.0,0.0
2023-06-09 00:00:00-04:00,11.09000015258789,11.09000015258789,11.09000015258789,11.09000015258789,0,0.0,0.0
2023-06-12 00:00:00-04:00,11.09000015258789,11.09000015258789,11.09000015258789,11.09000015258789,0,0.0,0.0
2023-06-13 00:00:00-04:00,11.09000015258789,11.09000015258789,11.09000015258789,11.09000015258789,0,0.0,0.0
2023-06-14 00:00:00-04:00,11.09000015258789,11.09000015258789,11.09000015258789,11.09000015258789,0,0.0,0.0
2023-06-15 00:00:00-04:00,11.09000015258789,11.09000015258789,11.09000015258789,11.09000015258789,0,0.0,0.0
2023-06-16 00:00:00-04:00,11.09000015258789,11.09000015258789,11.09000015258789,11.09000015258789,0,0.0,0.0
2023-06-20 00:00:00-04:00,10.989999771118164,11.0,10.989999771118164,11.0,600,0.0,0.0
2023-06-21 00:00:00-04:00,11.0,11.0,11.0,11.0,0,0.0,0.0
2023-06-22 00:00:00-04:00,10.90999984741211,10.949999809265137,10.789999961853027,10.789999961853027,1500,0.0,0.0
2023-06-23 00:00:00-04:00,10.989999771118164,10.989999771118164,10.989999771118164,10.989999771118164,700,0.0,0.0
2023-06-26 00:00:00-04:00,10.989999771118164,10.989999771118164,10.989999771118164,10.989999771118164,0,0.0,0.0
2023-06-27 00:00:00-04:00,10.989999771118164,10.989999771118164,10.989999771118164,10.989999771118164,0,0.0,0.0
2023-06-28 00:00:00-04:00,10.989999771118164,10.989999771118164,10.989999771118164,10.989999771118164,0,0.0,0.0
2023-06-29 00:00:00-04:00,10.970000267028809,10.970000267028809,10.970000267028809,10.970000267028809,400,0.0,0.0
2023-06-30 00:00:00-04:00,11.0,11.0,11.0,11.0,1200,0.0,0.0
2023-07-03 00:00:00-04:00,10.979999542236328,10.979999542236328,10.979999542236328,10.979999542236328,5500,0.0,0.0
2023-07-05 00:00:00-04:00,11.010000228881836,11.010000228881836,10.90999984741211,10.90999984741211,1000,0.0,0.0
2023-07-06 00:00:00-04:00,10.90999984741211,10.90999984741211,10.90999984741211,10.90999984741211,0,0.0,0.0
2023-07-07 00:00:00-04:00,10.975000381469727,10.975000381469727,10.975000381469727,10.975000381469727,200,0.0,0.0
2023-07-10 00:00:00-04:00,10.975000381469727,10.975000381469727,10.975000381469727,10.975000381469727,0,0.0,0.0
2023-07-11 00:00:00-04:00,10.975000381469727,10.975000381469727,10.975000381469727,10.975000381469727,0,0.0,0.0
2023-07-12 00:00:00-04:00,10.975000381469727,10.975000381469727,10.975000381469727,10.975000381469727,0,0.0,0.0
2023-07-13 00:00:00-04:00,10.979999542236328,12.210000038146973,10.979999542236328,11.050000190734863,15800,0.0,0.0
2023-07-14 00:00:00-04:00,11.289999961853027,11.5,11.279999732971191,11.399999618530273,5300,0.0,0.0
2023-07-17 00:00:00-04:00,11.399999618530273,11.399999618530273,11.399999618530273,11.399999618530273,300,0.0,0.0
2023-07-18 00:00:00-04:00,11.399999618530273,11.399999618530273,11.399999618530273,11.399999618530273,100,0.0,0.0
2023-07-19 00:00:00-04:00,11.109999656677246,11.5,11.109999656677246,11.5,600,0.0,0.0
2023-07-20 00:00:00-04:00,11.5,11.5,11.149999618530273,11.149999618530273,1600,0.0,0.0
2023-07-21 00:00:00-04:00,11.300000190734863,11.699999809265137,11.295999526977539,11.699999809265137,5400,0.0,0.0
2023-07-24 00:00:00-04:00,11.899999618530273,11.899999618530273,11.87600040435791,11.87600040435791,1100,0.0,0.0
2023-07-25 00:00:00-04:00,11.25,11.300000190734863,10.949999809265137,11.170000076293945,33500,0.0,0.0
2023-07-26 00:00:00-04:00,11.149999618530273,11.180000305175781,11.050000190734863,11.050000190734863,5400,0.0,0.0
2023-07-27 00:00:00-04:00,11.0600004196167,11.0600004196167,11.039999961853027,11.039999961853027,2300,0.0,0.0
2023-07-28 00:00:00-04:00,11.050000190734863,11.050000190734863,11.050000190734863,11.050000190734863,100,0.0,0.0
2023-07-31 00:00:00-04:00,11.100000381469727,11.100000381469727,11.050000190734863,11.050000190734863,2000,0.0,0.0
2023-08-01 00:00:00-04:00,10.970000267028809,10.970000267028809,10.949999809265137,10.949999809265137,8000,0.0,0.0
2023-08-02 00:00:00-04:00,11.038000106811523,11.050000190734863,11.038000106811523,11.050000190734863,800,0.0,0.0
2023-08-03 00:00:00-04:00,10.979999542236328,10.979999542236328,10.970000267028809,10.970000267028809,200,0.0,0.0
2023-08-04 00:00:00-04:00,10.970000267028809,10.970000267028809,10.970000267028809,10.970000267028809,0,0.0,0.0
2023-08-07 00:00:00-04:00,10.970000267028809,10.970000267028809,10.970000267028809,10.970000267028809,1000,0.0,0.0
2023-08-08 00:00:00-04:00,10.970000267028809,10.970000267028809,10.970000267028809,10.970000267028809,4900,0.0,0.0
2023-08-09 00:00:00-04:00,10.970000267028809,10.970000267028809,10.970000267028809,10.970000267028809,2900,0.0,0.0
2023-08-10 00:00:00-04:00,10.970000267028809,10.970000267028809,10.970000267028809,10.970000267028809,0,0.0,0.0
2023-08-11 00:00:00-04:00,10.970000267028809,10.970000267028809,10.970000267028809,10.970000267028809,0,0.0,0.0
2023-08-14 00:00:00-04:00,10.970000267028809,10.970000267028809,10.960000038146973,10.960000038146973,800,0.0,0.0
2023-08-15 00:00:00-04:00,10.960000038146973,10.960000038146973,10.960000038146973,10.960000038146973,200,0.0,0.0
2023-08-16 00:00:00-04:00,11.039999961853027,11.039999961853027,11.039999961853027,11.039999961853027,100,0.0,0.0
2023-08-17 00:00:00-04:00,10.960000038146973,10.960000038146973,10.960000038146973,10.960000038146973,800,0.0,0.0
2023-08-18 00:00:00-04:00,10.960000038146973,10.960000038146973,10.960000038146973,10.960000038146973,0,0.0,0.0
2023-08-21 00:00:00-04:00,10.960000038146973,10.960000038146973,10.960000038146973,10.960000038146973,100,0.0,0.0
2023-08-22 00:00:00-04:00,10.960000038146973,10.960000038146973,10.960000038146973,10.960000038146973,0,0.0,0.0
2023-08-23 00:00:00-04:00,10.960000038146973,10.960000038146973,10.960000038146973,10.960000038146973,0,0.0,0.0
2023-08-24 00:00:00-04:00,10.960000038146973,10.960000038146973,10.960000038146973,10.960000038146973,0,0.0,0.0
2023-08-25 00:00:00-04:00,11.0,11.039999961853027,11.0,11.039999961853027,600,0.0,0.0
2023-08-28 00:00:00-04:00,11.039999961853027,11.039999961853027,11.039999961853027,11.039999961853027,0,0.0,0.0
2023-08-29 00:00:00-04:00,11.039999961853027,11.039999961853027,11.039999961853027,11.039999961853027,0,0.0,0.0
2023-08-30 00:00:00-04:00,11.039999961853027,11.039999961853027,11.039999961853027,11.039999961853027,0,0.0,0.0
2023-08-31 00:00:00-04:00,11.039999961853027,11.039999961853027,11.039999961853027,11.039999961853027,0,0.0,0.0
2023-09-01 00:00:00-04:00,11.050000190734863,11.050000190734863,11.0,11.0,1000,0.0,0.0
2023-09-05 00:00:00-04:00,11.050000190734863,11.050000190734863,11.050000190734863,11.050000190734863,400,0.0,0.0
2023-09-06 00:00:00-04:00,11.050000190734863,11.050000190734863,11.050000190734863,11.050000190734863,0,0.0,0.0
2023-09-07 00:00:00-04:00,11.050000190734863,11.050000190734863,11.050000190734863,11.050000190734863,0,0.0,0.0
2023-09-08 00:00:00-04:00,11.050000190734863,11.050000190734863,11.050000190734863,11.050000190734863,1400,0.0,0.0
2023-09-11 00:00:00-04:00,11.050000190734863,11.050000190734863,11.050000190734863,11.050000190734863,1000,0.0,0.0
2023-09-12 00:00:00-04:00,11.050000190734863,11.050000190734863,11.050000190734863,11.050000190734863,2000,0.0,0.0
2023-09-13 00:00:00-04:00,11.050000190734863,11.050000190734863,11.050000190734863,11.050000190734863,0,0.0,0.0
2023-09-14 00:00:00-04:00,11.050000190734863,11.050000190734863,11.050000190734863,11.050000190734863,0,0.0,0.0
2023-09-15 00:00:00-04:00,11.050000190734863,11.050000190734863,11.050000190734863,11.050000190734863,0,0.0,0.0
2023-09-18 00:00:00-04:00,11.050000190734863,11.100000381469727,11.050000190734863,11.100000381469727,700,0.0,0.0
2023-09-19 00:00:00-04:00,11.100000381469727,11.100000381469727,11.100000381469727,11.100000381469727,100,0.0,0.0
2023-09-20 00:00:00-04:00,11.100000381469727,11.100000381469727,11.100000381469727,11.100000381469727,100,0.0,0.0
2023-09-21 00:00:00-04:00,11.050000190734863,11.050000190734863,11.050000190734863,11.050000190734863,600,0.0,0.0
2023-09-22 00:00:00-04:00,11.050000190734863,11.050000190734863,11.050000190734863,11.050000190734863,0,0.0,0.0
2023-09-25 00:00:00-04:00,11.050000190734863,11.050000190734863,11.050000190734863,11.050000190734863,0,0.0,0.0
2023-09-26 00:00:00-04:00,11.050000190734863,11.050000190734863,11.050000190734863,11.050000190734863,0,0.0,0.0
2023-09-27 00:00:00-04:00,11.050000190734863,11.100000381469727,11.050000190734863,11.100000381469727,2000,0.0,0.0
2023-09-28 00:00:00-04:00,11.100000381469727,11.100000381469727,11.100000381469727,11.100000381469727,0,0.0,0.0
2023-09-29 00:00:00-04:00,11.100000381469727,11.100000381469727,11.100000381469727,11.100000381469727,0,0.0,0.0
2023-10-02 00:00:00-04:00,11.050000190734863,11.050000190734863,11.050000190734863,11.050000190734863,100,0.0,0.0
2023-10-03 00:00:00-04:00,11.050000190734863,11.050000190734863,11.050000190734863,11.050000190734863,0,0.0,0.0
2023-10-04 00:00:00-04:00,11.050000190734863,11.050000190734863,11.050000190734863,11.050000190734863,0,0.0,0.0
2023-10-05 00:00:00-04:00,11.09000015258789,11.09000015258789,11.09000015258789,11.09000015258789,100,0.0,0.0
2023-10-06 00:00:00-04:00,11.100000381469727,11.100000381469727,11.100000381469727,11.100000381469727,100,0.0,0.0
2023-10-09 00:00:00-04:00,11.100000381469727,11.100000381469727,11.100000381469727,11.100000381469727,100,0.0,0.0
2023-10-10 00:00:00-04:00,11.100000381469727,11.100000381469727,11.100000381469727,11.100000381469727,100,0.0,0.0
2023-10-11 00:00:00-04:00,11.100000381469727,11.100000381469727,11.100000381469727,11.100000381469727,100,0.0,0.0
2023-10-12 00:00:00-04:00,11.100000381469727,11.100000381469727,11.100000381469727,11.100000381469727,100,0.0,0.0
2023-10-13 00:00:00-04:00,11.100000381469727,11.100000381469727,11.100000381469727,11.100000381469727,100,0.0,0.0
2023-10-16 00:00:00-04:00,11.100000381469727,11.100000381469727,11.100000381469727,11.100000381469727,100,0.0,0.0
2023-10-17 00:00:00-04:00,11.100000381469727,11.100000381469727,11.100000381469727,11.100000381469727,0,0.0,0.0
2023-10-18 00:00:00-04:00,11.149999618530273,11.149999618530273,11.149999618530273,11.149999618530273,100,0.0,0.0
2023-10-19 00:00:00-04:00,11.149999618530273,11.149999618530273,11.149999618530273,11.149999618530273,100,0.0,0.0
2023-10-20 00:00:00-04:00,11.149999618530273,11.149999618530273,11.149999618530273,11.149999618530273,0,0.0,0.0
2023-10-23 00:00:00-04:00,11.069999694824219,11.260000228881836,11.050000190734863,11.260000228881836,500,0.0,0.0
2023-10-24 00:00:00-04:00,11.260000228881836,11.260000228881836,11.260000228881836,11.260000228881836,0,0.0,0.0
2023-10-25 00:00:00-04:00,11.260000228881836,11.260000228881836,11.260000228881836,11.260000228881836,0,0.0,0.0
2023-10-26 00:00:00-04:00,11.069999694824219,11.069999694824219,11.069999694824219,11.069999694824219,200,0.0,0.0
2023-10-27 00:00:00-04:00,11.069999694824219,11.069999694824219,11.069999694824219,11.069999694824219,0,0.0,0.0
2023-10-30 00:00:00-04:00,11.100000381469727,11.100000381469727,11.079999923706055,11.079999923706055,300,0.0,0.0
2023-10-31 00:00:00-04:00,11.069999694824219,11.069999694824219,11.050000190734863,11.050000190734863,1400,0.0,0.0
2023-11-01 00:00:00-04:00,11.050000190734863,11.050000190734863,11.050000190734863,11.050000190734863,0,0.0,0.0
2023-11-02 00:00:00-04:00,11.069999694824219,11.069999694824219,11.069999694824219,11.069999694824219,300,0.0,0.0
2023-11-03 00:00:00-04:00,11.069999694824219,11.100000381469727,11.069999694824219,11.097000122070312,3300,0.0,0.0
2023-11-06 00:00:00-05:00,11.097000122070312,11.097000122070312,11.097000122070312,11.097000122070312,0,0.0,0.0
2023-11-07 00:00:00-05:00,11.097000122070312,11.097000122070312,11.097000122070312,11.097000122070312,0,0.0,0.0
2023-11-08 00:00:00-05:00,11.100000381469727,11.149999618530273,11.100000381469727,11.149999618530273,3000,0.0,0.0
2023-11-09 00:00:00-05:00,11.199999809265137,11.199999809265137,11.199999809265137,11.199999809265137,2700,0.0,0.0
2023-11-10 00:00:00-05:00,11.199999809265137,11.5,11.199999809265137,11.220000267028809,3100,0.0,0.0
2023-11-13 00:00:00-05:00,11.220000267028809,11.220000267028809,11.220000267028809,11.220000267028809,0,0.0,0.0
2023-11-14 00:00:00-05:00,11.25,11.25,11.25,11.25,200,0.0,0.0
2023-11-15 00:00:00-05:00,11.25,11.25,11.25,11.25,400,0.0,0.0
2023-11-16 00:00:00-05:00,11.399999618530273,11.399999618530273,11.34000015258789,11.350000381469727,1000,0.0,0.0
2023-11-17 00:00:00-05:00,11.350000381469727,11.350000381469727,11.350000381469727,11.350000381469727,0,0.0,0.0
2023-11-20 00:00:00-05:00,11.399999618530273,11.399999618530273,11.399999618530273,11.399999618530273,100,0.0,0.0
2023-11-21 00:00:00-05:00,11.210000038146973,11.210000038146973,11.210000038146973,11.210000038146973,800,0.0,0.0
2023-11-22 00:00:00-05:00,11.270000457763672,11.270000457763672,11.270000457763672,11.270000457763672,600,0.0,0.0
2023-11-24 00:00:00-05:00,11.270000457763672,11.270000457763672,11.270000457763672,11.270000457763672,0,0.0,0.0
2023-11-27 00:00:00-05:00,11.270000457763672,11.270000457763672,11.270000457763672,11.270000457763672,0,0.0,0.0
2023-11-28 00:00:00-05:00,11.270000457763672,11.270000457763672,11.270000457763672,11.270000457763672,1800,0.0,0.0
2023-11-29 00:00:00-05:00,11.270000457763672,11.270000457763672,11.270000457763672,11.270000457763672,0,0.0,0.0
2023-11-30 00:00:00-05:00,11.270000457763672,11.270000457763672,11.270000457763672,11.270000457763672,200,0.0,0.0
2023-12-01 00:00:00-05:00,11.449999809265137,11.449999809265137,11.449999809265137,11.449999809265137,100,0.0,0.0
2023-12-04 00:00:00-05:00,11.5,11.5,11.300000190734863,11.34000015258789,2800,0.0,0.0
2023-12-05 00:00:00-05:00,11.300000190734863,11.300000190734863,11.300000190734863,11.300000190734863,400,0.0,0.0
2023-12-06 00:00:00-05:00,11.319999694824219,11.430000305175781,11.300000190734863,11.3100004196167,2900,0.0,0.0
2023-12-07 00:00:00-05:00,11.300000190734863,11.5,11.300000190734863,11.5,8100,0.0,0.0
2023-12-08 00:00:00-05:00,11.369999885559082,11.649999618530273,11.369999885559082,11.649999618530273,7700,0.0,0.0
2023-12-11 00:00:00-05:00,10.829999923706055,11.119999885559082,10.829999923706055,11.119999885559082,800,0.0,0.0
2023-12-12 00:00:00-05:00,11.119999885559082,11.119999885559082,11.119999885559082,11.119999885559082,0,0.0,0.0
2023-12-13 00:00:00-05:00,11.119999885559082,11.119999885559082,11.119999885559082,11.119999885559082,0,0.0,0.0
2023-12-14 00:00:00-05:00,11.699999809265137,12.5,10.199999809265137,11.699999809265137,12100,0.0,0.0
2023-12-15 00:00:00-05:00,8.430000305175781,11.680000305175781,8.279999732971191,11.680000305175781,148200,0.0,0.0
2023-12-18 00:00:00-05:00,9.40999984741211,11.5,9.331999778747559,11.307999610900879,8600,0.0,0.0
2023-12-19 00:00:00-05:00,9.890000343322754,10.84000015258789,9.529999732971191,10.829999923706055,9800,0.0,0.0
2023-12-20 00:00:00-05:00,9.760000228881836,10.470999717712402,9.010000228881836,10.020000457763672,8900,0.0,0.0
2023-12-21 00:00:00-05:00,9.789999961853027,12.0,9.430000305175781,10.65999984741211,29400,0.0,0.0
2023-12-22 00:00:00-05:00,6.0,10.0,4.949999809265137,5.21999979019165,349900,0.0,0.0
2023-12-26 00:00:00-05:00,5.389999866485596,12.470000267028809,5.0,7.0,1156900,0.0,0.0
2023-12-27 00:00:00-05:00,6.380000114440918,6.570000171661377,5.5,6.110000133514404,186800,0.0,0.0
2023-12-28 00:00:00-05:00,5.75,6.25,5.550000190734863,6.130000114440918,50300,0.0,0.0
2023-12-29 00:00:00-05:00,5.769999980926514,6.400000095367432,3.75,4.019999980926514,210700,0.0,0.0
2024-01-02 00:00:00-05:00,4.099999904632568,4.21999979019165,2.680000066757202,2.700000047683716,334900,0.0,0.0
2024-01-03 00:00:00-05:00,2.990000009536743,3.200000047683716,2.7909998893737793,2.9600000381469727,185300,0.0,0.0
2024-01-04 00:00:00-05:00,3.2200000286102295,4.849999904632568,3.1700000762939453,4.360000133514404,5786700,0.0,0.0
2024-01-05 00:00:00-05:00,4.0,4.300000190734863,3.640000104904175,3.9800000190734863,223600,0.0,0.0
2024-01-08 00:00:00-05:00,3.819999933242798,3.8910000324249268,3.319999933242798,3.5,113500,0.0,0.0
2024-01-09 00:00:00-05:00,3.309999942779541,3.51200008392334,3.259999990463257,3.3299999237060547,88800,0.0,0.0
2024-01-10 00:00:00-05:00,3.440000057220459,3.446000099182129,3.115999937057495,3.190000057220459,88700,0.0,0.0
2024-01-11 00:00:00-05:00,3.180000066757202,3.25,2.8499999046325684,2.8499999046325684,154300,0.0,0.0
2024-01-12 00:00:00-05:00,2.7100000381469727,3.1640000343322754,2.7100000381469727,2.885999917984009,76000,0.0,0.0
2024-01-16 00:00:00-05:00,3.0,3.0,2.75,2.930000066757202,44100,0.0,0.0
2024-01-17 00:00:00-05:00,3.0,3.009999990463257,2.819999933242798,2.8499999046325684,45200,0.0,0.0
2024-01-18 00:00:00-05:00,2.930000066757202,2.950000047683716,2.5,2.559999942779541,206900,0.0,0.0
2024-01-19 00:00:00-05:00,2.940000057220459,3.0,2.609999895095825,2.950000047683716,125600,0.0,0.0
2024-01-22 00:00:00-05:00,3.0299999713897705,3.25,2.5999999046325684,2.6600000858306885,137700,0.0,0.0
2024-01-23 00:00:00-05:00,2.740000009536743,2.8499999046325684,2.450000047683716,2.6700000762939453,172200,0.0,0.0
2024-01-24 00:00:00-05:00,2.6500000953674316,2.7899999618530273,2.5,2.6070001125335693,92200,0.0,0.0
2024-01-25 00:00:00-05:00,2.5899999141693115,2.7119998931884766,2.5899999141693115,2.630000114440918,28700,0.0,0.0
2024-01-26 00:00:00-05:00,2.7200000286102295,2.7200000286102295,2.4600000381469727,2.509999990463257,91100,0.0,0.0
2024-01-29 00:00:00-05:00,2.5399999618530273,2.6700000762939453,2.5,2.5299999713897705,53400,0.0,0.0
2024-01-30 00:00:00-05:00,2.640000104904175,2.6600000858306885,2.5,2.559999942779541,59200,0.0,0.0
2024-01-31 00:00:00-05:00,2.740000009536743,2.75,2.5299999713897705,2.7149999141693115,69900,0.0,0.0
2024-02-01 00:00:00-05:00,2.6600000858306885,2.740000009536743,2.5999999046325684,2.6600000858306885,55000,0.0,0.0
2024-02-02 00:00:00-05:00,2.609999895095825,2.75,2.5399999618530273,2.6500000953674316,29400,0.0,0.0
2024-02-05 00:00:00-05:00,2.630000114440918,2.75,2.5999999046325684,2.75,80800,0.0,0.0
2024-02-06 00:00:00-05:00,2.690000057220459,2.8350000381469727,2.615000009536743,2.75,108400,0.0,0.0
2024-02-07 00:00:00-05:00,2.640000104904175,2.819999933242798,2.559999942779541,2.690000057220459,60300,0.0,0.0
2024-02-08 00:00:00-05:00,2.619999885559082,2.75,2.5399999618530273,2.546999931335449,59600,0.0,0.0
2024-02-09 00:00:00-05:00,2.5399999618530273,2.7300000190734863,2.509999990463257,2.549999952316284,107400,0.0,0.0
2024-02-12 00:00:00-05:00,2.549999952316284,2.9000000953674316,2.5399999618530273,2.809999942779541,114400,0.0,0.0
2024-02-13 00:00:00-05:00,2.7300000190734863,2.8499999046325684,2.7300000190734863,2.7899999618530273,19600,0.0,0.0
2024-02-14 00:00:00-05:00,2.8399999141693115,2.8399999141693115,2.6500000953674316,2.799999952316284,16000,0.0,0.0
2024-02-15 00:00:00-05:00,2.8399999141693115,2.8499999046325684,2.6500000953674316,2.8499999046325684,38100,0.0,0.0
2024-02-16 00:00:00-05:00,2.8499999046325684,2.9000000953674316,2.700000047683716,2.880000114440918,39000,0.0,0.0
2024-02-20 00:00:00-05:00,2.9000000953674316,2.9000000953674316,2.7100000381469727,2.8499999046325684,51000,0.0,0.0
2024-02-21 00:00:00-05:00,2.869999885559082,2.880000114440918,2.7119998931884766,2.869999885559082,37300,0.0,0.0
2024-02-22 00:00:00-05:00,2.7200000286102295,2.9000000953674316,2.7200000286102295,2.9000000953674316,38400,0.0,0.0
2024-02-23 00:00:00-05:00,2.799999952316284,2.9000000953674316,2.799999952316284,2.880000114440918,12500,0.0,0.0
2024-02-26 00:00:00-05:00,2.880000114440918,2.880000114440918,2.6500000953674316,2.7699999809265137,49500,0.0,0.0
2024-02-27 00:00:00-05:00,2.759999990463257,2.8499999046325684,2.4030001163482666,2.7799999713897705,84400,0.0,0.0
2024-02-28 00:00:00-05:00,2.8299999237060547,2.869999885559082,2.450000047683716,2.625,87700,0.0,0.0
2024-02-29 00:00:00-05:00,2.5799999237060547,2.690000057220459,2.4700000286102295,2.6700000762939453,26100,0.0,0.0
2024-03-01 00:00:00-05:00,2.4800000190734863,2.549999952316284,1.7100000381469727,1.9500000476837158,226000,0.0,0.0
2024-03-04 00:00:00-05:00,2.0,2.0,1.909999966621399,2.0,124000,0.0,0.0
2024-03-05 00:00:00-05:00,2.0,2.009999990463257,1.9199999570846558,1.9900000095367432,146500,0.0,0.0
2024-03-06 00:00:00-05:00,2.0,2.0999999046325684,1.7000000476837158,1.8600000143051147,187700,0.0,0.0
2024-03-07 00:00:00-05:00,1.9199999570846558,2.0,1.5399999618530273,1.7400000095367432,302900,0.0,0.0
2024-03-08 00:00:00-05:00,1.7100000381469727,1.8700000047683716,1.1699999570846558,1.4199999570846558,400600,0.0,0.0
2024-03-11 00:00:00-04:00,1.559999942779541,1.7000000476837158,1.2999999523162842,1.399999976158142,555400,0.0,0.0
2024-03-12 00:00:00-04:00,1.4700000286102295,1.6009999513626099,1.3320000171661377,1.5299999713897705,416200,0.0,0.0
2024-03-13 00:00:00-04:00,1.5499999523162842,1.8700000047683716,1.4700000286102295,1.7100000381469727,227800,0.0,0.0
2024-03-14 00:00:00-04:00,1.8200000524520874,1.8700000047683716,1.590000033378601,1.7200000286102295,180100,0.0,0.0
2024-03-15 00:00:00-04:00,1.7200000286102295,2.3299999237060547,1.6200000047683716,2.059999942779541,453500,0.0,0.0
2024-03-18 00:00:00-04:00,2.140000104904175,2.4200000762939453,1.9199999570846558,2.009999990463257,118200,0.0,0.0
2024-03-19 00:00:00-04:00,1.9600000381469727,2.2799999713897705,1.9600000381469727,2.2100000381469727,136500,0.0,0.0
2024-03-20 00:00:00-04:00,2.180000066757202,2.250999927520752,2.059999942779541,2.2300000190734863,67800,0.0,0.0
2024-03-21 00:00:00-04:00,2.2300000190734863,2.25,2.059999942779541,2.25,116200,0.0,0.0
2024-03-22 00:00:00-04:00,2.180000066757202,2.200000047683716,2.0,2.200000047683716,67500,0.0,0.0
2024-03-25 00:00:00-04:00,2.1700000762939453,2.240999937057495,2.049999952316284,2.049999952316284,21200,0.0,0.0
2024-03-26 00:00:00-04:00,2.049999952316284,2.1500000953674316,2.0199999809265137,2.069999933242798,13700,0.0,0.0
2024-03-27 00:00:00-04:00,2.049999952316284,2.125,2.0299999713897705,2.059999942779541,11600,0.0,0.0
2024-03-28 00:00:00-04:00,2.059999942779541,2.1500000953674316,1.9500000476837158,2.009999990463257,58800,0.0,0.0
2024-04-01 00:00:00-04:00,2.140000104904175,2.140000104904175,1.9800000190734863,2.0399999618530273,19900,0.0,0.0
2024-04-02 00:00:00-04:00,1.9500000476837158,2.049999952316284,1.850000023841858,1.899999976158142,93000,0.0,0.0
2024-04-03 00:00:00-04:00,2.0,2.049999952316284,1.909999966621399,1.9900000095367432,64600,0.0,0.0
2024-04-04 00:00:00-04:00,2.009999990463257,2.0799999237060547,1.8700000047683716,1.9199999570846558,39900,0.0,0.0
2024-04-05 00:00:00-04:00,1.9199999570846558,2.0399999618530273,1.909999966621399,1.9299999475479126,22500,0.0,0.0
2024-04-08 00:00:00-04:00,1.9299999475479126,2.0999999046325684,1.909999966621399,2.0199999809265137,50200,0.0,0.0
2024-04-09 00:00:00-04:00,2.049999952316284,2.140000104904175,1.9800000190734863,2.0799999237060547,35100,0.0,0.0
2024-04-10 00:00:00-04:00,2.0799999237060547,2.2100000381469727,2.059999942779541,2.200000047683716,101100,0.0,0.0
2024-04-11 00:00:00-04:00,2.0999999046325684,2.1700000762939453,2.0199999809265137,2.119999885559082,41800,0.0,0.0
2024-04-12 00:00:00-04:00,2.059999942779541,2.200000047683716,2.0,2.0,23900,0.0,0.0
2024-04-15 00:00:00-04:00,1.940000057220459,2.0,1.850000023841858,1.9500000476837158,49600,0.0,0.0
2024-04-16 00:00:00-04:00,1.899999976158142,2.0999999046325684,1.850000023841858,1.9800000190734863,37000,0.0,0.0
2024-04-17 00:00:00-04:00,1.899999976158142,2.0,1.850000023841858,2.0,30500,0.0,0.0
2024-04-18 00:00:00-04:00,1.840000033378601,1.9470000267028809,1.8200000524520874,1.940000057220459,19800,0.0,0.0
2024-04-19 00:00:00-04:00,1.9700000286102295,2.049999952316284,1.850000023841858,2.0,93800,0.0,0.0
2024-04-22 00:00:00-04:00,2.0399999618530273,2.0899999141693115,1.9800000190734863,1.9900000095367432,18700,0.0,0.0
2024-04-23 00:00:00-04:00,2.049999952316284,2.450000047683716,2.0199999809265137,2.309999942779541,127800,0.0,0.0
2024-04-24 00:00:00-04:00,2.4200000762939453,2.5999999046325684,2.309999942779541,2.490000009536743,183900,0.0,0.0
2024-04-25 00:00:00-04:00,2.5299999713897705,2.8499999046325684,2.4600000381469727,2.619999885559082,183200,0.0,0.0
2024-04-26 00:00:00-04:00,2.630000114440918,3.619999885559082,2.369999885559082,3.5,610200,0.0,0.0
2024-04-29 00:00:00-04:00,3.359999895095825,3.5,2.809999942779541,3.2300000190734863,192100,0.0,0.0
2024-04-30 00:00:00-04:00,3.2200000286102295,3.4200000762939453,2.940000057220459,3.4200000762939453,77500,0.0,0.0
2024-05-01 00:00:00-04:00,3.490000009536743,3.490000009536743,3.00600004196167,3.319999933242798,107300,0.0,0.0
2024-05-02 00:00:00-04:00,3.130000114440918,3.3299999237060547,3.0,3.0799999237060547,68800,0.0,0.0
2024-05-03 00:00:00-04:00,3.0299999713897705,3.2899999618530273,2.950000047683716,3.009999990463257,23900,0.0,0.0
2024-05-06 00:00:00-04:00,3.059999942779541,3.180000066757202,3.0,3.0,43200,0.0,0.0
2024-05-07 00:00:00-04:00,2.990000009536743,3.109999895095825,2.940000057220459,3.0799999237060547,63900,0.0,0.0
2024-05-08 00:00:00-04:00,3.009999990463257,3.0799999237060547,3.0,3.009999990463257,12300,0.0,0.0
2024-05-09 00:00:00-04:00,3.25,3.2699999809265137,2.680000066757202,2.859999895095825,203900,0.0,0.0
2024-05-10 00:00:00-04:00,2.8299999237060547,2.990000009536743,2.630000114440918,2.9600000381469727,82800,0.0,0.0
2024-05-13 00:00:00-04:00,2.7699999809265137,2.950000047683716,2.5899999141693115,2.690000057220459,89300,0.0,0.0
2024-05-14 00:00:00-04:00,2.609999895095825,3.434999942779541,2.569999933242798,3.200000047683716,136300,0.0,0.0
2024-05-15 00:00:00-04:00,3.200000047683716,3.249000072479248,2.700000047683716,2.7799999713897705,53200,0.0,0.0
2024-05-16 00:00:00-04:00,2.700000047683716,2.928999900817871,2.700000047683716,2.7100000381469727,14900,0.0,0.0
2024-05-17 00:00:00-04:00,2.690000057220459,2.8299999237060547,2.5,2.5,42200,0.0,0.0
2024-05-20 00:00:00-04:00,2.4700000286102295,2.5999999046325684,2.364000082015991,2.4700000286102295,51900,0.0,0.0
2024-05-21 00:00:00-04:00,2.4700000286102295,2.5,2.299999952316284,2.390000104904175,36000,0.0,0.0
2024-05-22 00:00:00-04:00,2.509999990463257,2.509999990463257,2.190000057220459,2.3499999046325684,57800,0.0,0.0
2024-05-23 00:00:00-04:00,2.319999933242798,2.359999895095825,2.190000057220459,2.2100000381469727,43100,0.0,0.0
2024-05-24 00:00:00-04:00,2.190000057220459,2.3499999046325684,2.190000057220459,2.200000047683716,54100,0.0,0.0
2024-05-28 00:00:00-04:00,2.190000057220459,2.319999933242798,2.190000057220459,2.2899999618530273,36000,0.0,0.0
2024-05-29 00:00:00-04:00,2.190000057220459,2.509999990463257,1.8899999856948853,2.2100000381469727,134800,0.0,0.0
2024-05-30 00:00:00-04:00,2.0899999141693115,2.2790000438690186,2.0899999141693115,2.0999999046325684,30100,0.0,0.0
2024-05-31 00:00:00-04:00,2.0899999141693115,2.3499999046325684,2.049999952316284,2.0799999237060547,37300,0.0,0.0
2024-06-03 00:00:00-04:00,2.180000066757202,2.2300000190734863,2.069999933242798,2.200000047683716,15400,0.0,0.0
2024-06-04 00:00:00-04:00,2.200000047683716,2.490000009536743,2.1110000610351562,2.180000066757202,6700,0.0,0.0
2024-06-05 00:00:00-04:00,2.200000047683716,2.200000047683716,1.9900000095367432,2.005000114440918,35300,0.0,0.0
2024-06-06 00:00:00-04:00,1.9600000381469727,2.065999984741211,1.850000023841858,1.8700000047683716,85000,0.0,0.0
2024-06-07 00:00:00-04:00,1.8799999952316284,2.009999990463257,1.850000023841858,2.009999990463257,21400,0.0,0.0
2024-06-10 00:00:00-04:00,1.9600000381469727,1.9900000095367432,1.850000023841858,1.8700000047683716,61000,0.0,0.0
2024-06-11 00:00:00-04:00,1.8700000047683716,1.9600000381469727,1.8700000047683716,1.8899999856948853,11900,0.0,0.0
2024-06-12 00:00:00-04:00,1.8700000047683716,1.9900000095367432,1.8200000524520874,1.850000023841858,46800,0.0,0.0
2024-06-13 00:00:00-04:00,1.9600000381469727,2.055000066757202,1.8300000429153442,1.850000023841858,16800,0.0,0.0
2024-06-14 00:00:00-04:00,1.850000023841858,1.850000023841858,1.7999999523162842,1.840000033378601,56000,0.0,0.0
2024-06-17 00:00:00-04:00,1.809999942779541,1.9500000476837158,1.7999999523162842,1.809999942779541,46800,0.0,0.0
2024-06-18 00:00:00-04:00,1.7999999523162842,1.8700000047683716,1.7000000476837158,1.7999999523162842,40900,0.0,0.0
2024-06-20 00:00:00-04:00,1.7999999523162842,1.8899999856948853,1.7899999618530273,1.8200000524520874,14200,0.0,0.0
2024-06-21 00:00:00-04:00,1.7799999713897705,1.8600000143051147,1.6299999952316284,1.8200000524520874,67000,0.0,0.0
2024-06-24 00:00:00-04:00,1.7999999523162842,1.840000033378601,1.7000000476837158,1.781999945640564,53900,0.0,0.0
2024-06-25 00:00:00-04:00,1.7699999809265137,1.940000057220459,1.600000023841858,1.659999966621399,22000,0.0,0.0
2024-06-26 00:00:00-04:00,1.7020000219345093,1.9299999475479126,1.7020000219345093,1.8799999952316284,41700,0.0,0.0
2024-06-27 00:00:00-04:00,1.8799999952316284,1.9149999618530273,1.690000057220459,1.8250000476837158,39500,0.0,0.0
2024-06-28 00:00:00-04:00,1.840000033378601,1.840000033378601,1.600000023841858,1.6399999856948853,21600,0.0,0.0
2024-07-01 00:00:00-04:00,1.7599999904632568,1.906999945640564,1.600000023841858,1.7300000190734863,4800,0.0,0.0
2024-07-02 00:00:00-04:00,1.7400000095367432,1.75,1.690000057220459,1.690000057220459,2500,0.0,0.0
2024-07-03 00:00:00-04:00,1.690000057220459,1.7209999561309814,1.6799999475479126,1.7000000476837158,5200,0.0,0.0
2024-07-05 00:00:00-04:00,1.6799999475479126,1.746999979019165,1.5199999809265137,1.6399999856948853,49100,0.0,0.0
2024-07-08 00:00:00-04:00,1.6100000143051147,1.6299999952316284,1.5099999904632568,1.559999942779541,37700,0.0,0.0
2024-07-09 00:00:00-04:00,1.5800000429153442,1.649999976158142,1.399999976158142,1.590000033378601,38600,0.0,0.0
2024-07-10 00:00:00-04:00,1.5700000524520874,1.6699999570846558,1.5,1.5,10500,0.0,0.0
2024-07-11 00:00:00-04:00,1.5700000524520874,1.5700000524520874,1.3799999952316284,1.5130000114440918,27600,0.0,0.0
2024-07-12 00:00:00-04:00,1.4600000381469727,1.5299999713897705,1.4600000381469727,1.4869999885559082,17200,0.0,0.0
2024-07-15 00:00:00-04:00,1.5199999809265137,1.5399999618530273,1.399999976158142,1.437000036239624,17800,0.0,0.0
2024-07-16 00:00:00-04:00,1.4600000381469727,1.4600000381469727,1.350000023841858,1.4299999475479126,70700,0.0,0.0
2024-07-17 00:00:00-04:00,1.409999966621399,1.440000057220459,1.350000023841858,1.3700000047683716,25300,0.0,0.0
2024-07-18 00:00:00-04:00,1.440000057220459,1.4500000476837158,1.315000057220459,1.3799999952316284,104200,0.0,0.0
2024-07-19 00:00:00-04:00,1.4199999570846558,1.440000057220459,1.350000023841858,1.350000023841858,28000,0.0,0.0
2024-07-22 00:00:00-04:00,1.440000057220459,1.440000057220459,1.2999999523162842,1.3700000047683716,31000,0.0,0.0
2024-07-23 00:00:00-04:00,1.3899999856948853,1.399999976158142,1.309999942779541,1.350000023841858,55900,0.0,0.0
2024-07-24 00:00:00-04:00,1.350000023841858,1.350000023841858,1.2799999713897705,1.2799999713897705,36300,0.0,0.0
2024-07-25 00:00:00-04:00,1.2999999523162842,1.3600000143051147,1.2799999713897705,1.2899999618530273,29900,0.0,0.0
2024-07-26 00:00:00-04:00,1.315000057220459,1.3300000429153442,1.2300000190734863,1.25,43500,0.0,0.0
2024-07-29 00:00:00-04:00,1.3200000524520874,1.340000033378601,1.2300000190734863,1.2949999570846558,61900,0.0,0.0
2024-07-30 00:00:00-04:00,1.2999999523162842,1.350000023841858,1.25,1.25,98800,0.0,0.0
2024-07-31 00:00:00-04:00,1.2699999809265137,1.2899999618530273,1.2100000381469727,1.2300000190734863,70600,0.0,0.0
2024-08-01 00:00:00-04:00,1.25,1.25,1.190000057220459,1.2200000286102295,18100,0.0,0.0
2024-08-02 00:00:00-04:00,1.1799999475479126,1.2200000286102295,1.100000023841858,1.149999976158142,113900,0.0,0.0
2024-08-05 00:00:00-04:00,1.1399999856948853,1.1649999618530273,1.0299999713897705,1.0299999713897705,46300,0.0,0.0
2024-08-06 00:00:00-04:00,1.190000057220459,1.190000057220459,1.0099999904632568,1.0099999904632568,40300,0.0,0.0
2024-08-07 00:00:00-04:00,1.0399999618530273,1.0479999780654907,0.9599999785423279,1.0,67600,0.0,0.0
2024-08-08 00:00:00-04:00,1.0,1.0800000429153442,1.0,1.0499999523162842,25100,0.0,0.0
2024-08-09 00:00:00-04:00,1.0549999475479126,1.1100000143051147,0.9900000095367432,1.059999942779541,90000,0.0,0.0
2024-08-12 00:00:00-04:00,1.0399999618530273,1.069000005722046,1.0299999713897705,1.0299999713897705,23700,0.0,0.0
2024-08-13 00:00:00-04:00,1.0299999713897705,1.0700000524520874,1.0299999713897705,1.0299999713897705,18200,0.0,0.0
2024-08-14 00:00:00-04:00,1.0,1.0399999618530273,1.0,1.0099999904632568,13500,0.0,0.0
2024-08-15 00:00:00-04:00,1.0369999408721924,1.0499999523162842,0.9330000281333923,0.9399999976158142,67900,0.0,0.0
2024-08-16 00:00:00-04:00,0.9240000247955322,0.9900000095367432,0.9240000247955322,0.9589999914169312,59900,0.0,0.0
2024-08-19 00:00:00-04:00,0.9800000190734863,0.9900000095367432,0.9300000071525574,0.9789999723434448,65100,0.0,0.0
2024-08-20 00:00:00-04:00,1.0,1.0499999523162842,0.9049999713897705,0.9369999766349792,136600,0.0,0.0
2024-08-21 00:00:00-04:00,0.9200000166893005,1.0399999618530273,0.8460000157356262,0.8799999952316284,1446000,0.0,0.0
2024-08-22 00:00:00-04:00,1.350000023841858,1.350000023841858,1.0299999713897705,1.090000033378601,17250100,0.0,0.0
2024-08-23 00:00:00-04:00,1.1100000143051147,1.1100000143051147,0.9010000228881836,1.059999942779541,1002900,0.0,0.0
2024-08-26 00:00:00-04:00,1.0700000524520874,1.100000023841858,0.9319999814033508,1.100000023841858,451000,0.0,0.0
2024-08-27 00:00:00-04:00,1.0499999523162842,1.2799999713897705,1.0199999809265137,1.2300000190734863,519600,0.0,0.0
2024-08-28 00:00:00-04:00,1.1399999856948853,1.1699999570846558,1.0800000429153442,1.149999976158142,121900,0.0,0.0
2024-08-29 00:00:00-04:00,1.0499999523162842,1.2100000381469727,1.0399999618530273,1.190000057220459,134100,0.0,0.0
2024-08-30 00:00:00-04:00,1.149999976158142,1.2000000476837158,1.0399999618530273,1.1799999475479126,286700,0.0,0.0
2024-09-03 00:00:00-04:00,1.090000033378601,1.1699999570846558,1.0700000524520874,1.0800000429153442,152300,0.0,0.0
2024-09-04 00:00:00-04:00,1.059999942779541,1.059999942779541,0.9900000095367432,1.0399999618530273,189700,0.0,0.0
2024-09-05 00:00:00-04:00,1.0199999809265137,1.0399999618530273,0.9580000042915344,0.9670000076293945,245800,0.0,0.0
2024-09-06 00:00:00-04:00,0.9710000157356262,0.9959999918937683,0.8999999761581421,0.9010000228881836,259200,0.0,0.0
2024-09-09 00:00:00-04:00,0.9800000190734863,0.9900000095367432,0.8899999856948853,0.9409999847412109,229300,0.0,0.0
2024-09-10 00:00:00-04:00,0.9700000286102295,0.9779999852180481,0.8999999761581421,0.968999981880188,143100,0.0,0.0
2024-09-11 00:00:00-04:00,0.9399999976158142,0.9800000190734863,0.8999999761581421,0.9089999794960022,262500,0.0,0.0
2024-09-12 00:00:00-04:00,0.9200000166893005,0.949999988079071,0.8600000143051147,0.8600000143051147,269800,0.0,0.0
2024-09-13 00:00:00-04:00,0.8709999918937683,0.878000020980835,0.8009999990463257,0.8610000014305115,59400,0.0,0.0
2024-09-16 00:00:00-04:00,0.8669999837875366,0.9200000166893005,0.8460000157356262,0.8700000047683716,77400,0.0,0.0
2024-09-17 00:00:00-04:00,0.9200000166893005,1.0499999523162842,0.890999972820282,0.9700000286102295,152000,0.0,0.0
2024-09-18 00:00:00-04:00,0.9599999785423279,1.0099999904632568,0.9300000071525574,0.9300000071525574,83800,0.0,0.0
2024-09-19 00:00:00-04:00,0.9599999785423279,1.0,0.9200000166893005,0.9480000138282776,51400,0.0,0.0
2024-09-20 00:00:00-04:00,0.9350000023841858,1.0399999618530273,0.9350000023841858,1.0,186800,0.0,0.0
2024-09-23 00:00:00-04:00,1.0199999809265137,1.1100000143051147,0.9800000190734863,1.0700000524520874,150300,0.0,0.0
2024-09-24 00:00:00-04:00,1.0499999523162842,1.1200000047683716,1.0499999523162842,1.0800000429153442,101200,0.0,0.0
2024-09-25 00:00:00-04:00,1.0800000429153442,1.1200000047683716,1.0800000429153442,1.090000033378601,71200,0.0,0.0
2024-09-26 00:00:00-04:00,1.100000023841858,1.190000057220459,1.0700000524520874,1.0800000429153442,142100,0.0,0.0
2024-09-27 00:00:00-04:00,1.1100000143051147,1.1100000143051147,1.0,1.0399999618530273,169900,0.0,0.0
2024-09-30 00:00:00-04:00,1.0399999618530273,1.0800000429153442,1.0,1.059999942779541,226700,0.0,0.0
2024-10-01 00:00:00-04:00,1.0800000429153442,1.0800000429153442,1.0,1.0099999904632568,67600,0.0,0.0
2024-10-02 00:00:00-04:00,1.0099999904632568,1.0499999523162842,1.0,1.0299999713897705,94800,0.0,0.0
2024-10-03 00:00:00-04:00,1.0299999713897705,1.0499999523162842,1.0,1.0099999904632568,64100,0.0,0.0
2024-10-04 00:00:00-04:00,1.0299999713897705,1.0399999618530273,1.0,1.0099999904632568,39300,0.0,0.0
2024-10-07 00:00:00-04:00,1.0099999904632568,1.0199999809265137,0.9599999785423279,0.9900000095367432,111100,0.0,0.0
2024-10-08 00:00:00-04:00,1.0,1.0,0.9200000166893005,0.9599999785423279,135300,0.0,0.0
2024-10-09 00:00:00-04:00,0.9700000286102295,0.9909999966621399,0.949999988079071,0.9700000286102295,32400,0.0,0.0
2024-10-10 00:00:00-04:00,0.9700000286102295,0.9760000109672546,0.949999988079071,0.9760000109672546,65300,0.0,0.0
2024-10-11 00:00:00-04:00,0.9599999785423279,0.9599999785423279,0.9300000071525574,0.949999988079071,75400,0.0,0.0
2024-10-14 00:00:00-04:00,0.949999988079071,0.949999988079071,0.7599999904632568,0.8429999947547913,199400,0.0,0.0
2024-10-15 00:00:00-04:00,0.8240000009536743,0.8980000019073486,0.7599999904632568,0.7820000052452087,93700,0.0,0.0
2024-10-16 00:00:00-04:00,0.7799999713897705,0.796999990940094,0.699999988079071,0.7139999866485596,149500,0.0,0.0
2024-10-17 00:00:00-04:00,0.7689999938011169,0.8399999737739563,0.7599999904632568,0.7710000276565552,135800,0.0,0.0
2024-10-18 00:00:00-04:00,0.800000011920929,0.8299999833106995,0.7400000095367432,0.7559999823570251,96900,0.0,0.0
2024-10-21 00:00:00-04:00,0.7990000247955322,0.800000011920929,0.7400000095367432,0.7419999837875366,104700,0.0,0.0
2024-10-22 00:00:00-04:00,0.7929999828338623,0.7929999828338623,0.7250000238418579,0.7300000190734863,109200,0.0,0.0
2024-10-23 00:00:00-04:00,0.7250000238418579,0.7289999723434448,0.6779999732971191,0.7289999723434448,169700,0.0,0.0
2024-10-24 00:00:00-04:00,0.7289999723434448,0.7350000143051147,0.699999988079071,0.7009999752044678,36300,0.0,0.0
2024-10-25 00:00:00-04:00,0.7009999752044678,0.7360000014305115,0.6800000071525574,0.7289999723434448,81200,0.0,0.0
2024-10-28 00:00:00-04:00,0.7599999904632568,0.7609999775886536,0.6700000166893005,0.7599999904632568,78400,0.0,0.0
2024-10-29 00:00:00-04:00,0.75,0.800000011920929,0.722000002861023,0.7599999904632568,111200,0.0,0.0
2024-10-30 00:00:00-04:00,0.7400000095367432,0.7789999842643738,0.6800000071525574,0.6909999847412109,75800,0.0,0.0
2024-10-31 00:00:00-04:00,0.7200000286102295,0.7200000286102295,0.6700000166893005,0.6890000104904175,130500,0.0,0.0
2024-11-01 00:00:00-04:00,0.7129999995231628,0.7129999995231628,0.5509999990463257,0.6330000162124634,278700,0.0,0.0
2024-11-04 00:00:00-05:00,0.6460000276565552,0.722000002861023,0.6330000162124634,0.7009999752044678,79700,0.0,0.0
2024-11-05 00:00:00-05:00,0.6980000138282776,0.7350000143051147,0.675000011920929,0.7110000252723694,117100,0.0,0.0
2024-11-06 00:00:00-05:00,0.7099999785423279,0.7400000095367432,0.6899999976158142,0.7179999947547913,62600,0.0,0.0
2024-11-07 00:00:00-05:00,0.7300000190734863,0.7300000190734863,0.6990000009536743,0.7200000286102295,56100,0.0,0.0
2024-11-08 00:00:00-05:00,0.75,0.75,0.656000018119812,0.6930000185966492,191800,0.0,0.0
2024-11-11 00:00:00-05:00,0.7120000123977661,0.7329999804496765,0.6800000071525574,0.7009999752044678,151600,0.0,0.0
2024-11-12 00:00:00-05:00,0.6700000166893005,0.6899999976158142,0.6200000047683716,0.6399999856948853,207300,0.0,0.0
2024-11-13 00:00:00-05:00,0.7049999833106995,0.7440000176429749,0.6639999747276306,0.6809999942779541,81700,0.0,0.0
2024-11-14 00:00:00-05:00,0.699999988079071,0.699999988079071,0.6499999761581421,0.671999990940094,80300,0.0,0.0
2024-11-15 00:00:00-05:00,0.6430000066757202,0.6809999942779541,0.6010000109672546,0.6489999890327454,70200,0.0,0.0
2024-11-18 00:00:00-05:00,0.6690000295639038,0.6690000295639038,0.6060000061988831,0.6069999933242798,59000,0.0,0.0
2024-11-19 00:00:00-05:00,0.6769999861717224,0.6769999861717224,0.6000000238418579,0.6119999885559082,393600,0.0,0.0
2024-11-20 00:00:00-05:00,0.6389999985694885,0.675000011920929,0.6100000143051147,0.6190000176429749,183700,0.0,0.0
2024-11-21 00:00:00-05:00,0.6399999856948853,0.6399999856948853,0.5799999833106995,0.5799999833106995,217200,0.0,0.0
2024-11-22 00:00:00-05:00,0.6269999742507935,0.7749999761581421,0.6100000143051147,0.7329999804496765,385100,0.0,0.0
2024-11-25 00:00:00-05:00,0.75,0.8410000205039978,0.6909999847412109,0.7210000157356262,3954800,0.0,0.0
2024-11-26 00:00:00-05:00,0.7300000190734863,1.034999966621399,0.699999988079071,0.8600000143051147,2168300,0.0,0.0
2024-11-27 00:00:00-05:00,0.8500000238418579,1.2990000247955322,0.8299999833106995,1.2300000190734863,3507600,0.0,0.0
