Date,Open,High,Low,Close,Volume,Dividends,Stock Splits
2022-01-03 00:00:00-05:00,69.29876786749868,69.99432004352055,68.7276840254603,69.66484832763672,2122200,0.0,0.0
2022-01-04 00:00:00-05:00,69.40858516787051,70.21396355402844,64.9790319736172,65.68373107910156,6511000,0.0,0.0
2022-01-05 00:00:00-05:00,65.8667765189005,66.33352927923796,63.98147157906477,64.00892639160156,3530400,0.0,0.0
2022-01-06 00:00:00-05:00,63.97232131412528,64.36036145638688,62.636133495650995,63.37744140625,3110900,0.0,0.0
2022-01-07 00:00:00-05:00,63.34081467025556,64.18279464839449,63.176078849975994,63.26759719848633,2041500,0.0,0.0
2022-01-10 00:00:00-05:00,63.02050413089506,63.14863122987066,61.52873463144878,62.78255081176758,3510400,0.0,0.0
2022-01-11 00:00:00-05:00,63.02966563901888,64.11874611124216,62.17853153212611,64.07299041748047,2533200,0.0,0.0
2022-01-12 00:00:00-05:00,65.16206972617154,66.48911050483781,65.07055135787826,66.16879272460938,5619300,0.0,0.0
2022-01-13 00:00:00-05:00,66.5531789883097,66.80943323146485,64.85091067888824,65.0064926147461,2147400,0.0,0.0
2022-01-14 00:00:00-05:00,64.97903400507263,66.50741242490793,64.85090689097889,65.87593078613281,2436600,0.0,0.0
2022-01-18 00:00:00-05:00,66.16512508542203,68.23713244526412,65.73864684796119,67.89851379394531,5750000,0.0,0.0
2022-01-19 00:00:00-05:00,68.31950647800691,68.55745982385292,67.1114458503022,67.55989074707031,3120600,0.0,0.0
2022-01-20 00:00:00-05:00,67.92596444458412,67.92596444458412,65.87592385245448,65.88507080078125,2104100,0.0,0.0
2022-01-21 00:00:00-05:00,65.34512456832694,65.58307795231747,64.30179963089829,64.8143081665039,4092200,0.0,0.0
2022-01-24 00:00:00-05:00,63.24930101606009,64.79598705556751,61.693468028704444,63.72520065307617,3780500,0.0,0.0
2022-01-25 00:00:00-05:00,63.112035310062545,63.88995199255144,61.711783885101624,63.75267791748047,3331200,0.0,0.0
2022-01-26 00:00:00-05:00,65.03393810012587,65.66542666760505,63.505559810259484,64.0912857055664,2264600,0.0,0.0
2022-01-27 00:00:00-05:00,64.93784575815225,65.48238943370497,63.0388065962498,63.423194885253906,1467500,0.0,0.0
2022-01-28 00:00:00-05:00,63.386586342648854,63.48725863503601,62.114462265105836,62.764251708984375,3075500,0.0,0.0
2022-01-31 00:00:00-05:00,62.626967574334856,63.9906099458674,62.09615132847011,63.88079071044922,2004100,0.0,0.0
2022-02-01 00:00:00-05:00,64.63125520993768,66.97415876574783,64.4482115056379,66.91009521484375,2847500,0.0,0.0
2022-02-02 00:00:00-05:00,66.93756985180099,67.77040324264269,66.36099772288357,67.55075073242188,2236900,0.0,0.0
2022-02-03 00:00:00-05:00,67.14805889370427,67.15720584352724,65.80271713485871,65.96745300292969,1403800,0.0,0.0
2022-02-04 00:00:00-05:00,65.56475651247898,66.87348937987719,65.48239207876757,66.26946258544922,2028600,0.0,0.0
2022-02-07 00:00:00-05:00,66.33352487335797,66.74536099886366,65.35426372429902,66.44334411621094,2837100,0.0,0.0
2022-02-08 00:00:00-05:00,66.53486192648124,68.17306644865855,66.16878847680874,67.99918365478516,3448000,0.0,0.0
2022-02-09 00:00:00-05:00,68.74964683589148,69.50010859525648,68.42017513837479,68.79540252685547,2384100,0.0,0.0
2022-02-10 00:00:00-05:00,68.39272297610623,71.312198711054,68.12364905953714,69.41773986816406,2340200,0.0,0.0
2022-02-11 00:00:00-05:00,69.45436034358052,70.18652137506855,68.82287162848222,69.81128692626953,4679300,0.0,0.0
2022-02-14 00:00:00-05:00,69.59164216506854,69.7929868000332,66.1935150497177,67.16636657714844,3008100,0.0,0.0
2022-02-15 00:00:00-05:00,67.01993513671209,68.30120641669342,64.56720485696886,68.09986877441406,2835600,0.0,0.0
2022-02-16 00:00:00-05:00,67.89851518746747,69.06081311872013,67.43633591024651,68.69473266601562,2885500,0.0,0.0
2022-02-17 00:00:00-05:00,70.90035551576734,72.08096119648744,69.83872300321786,70.62579345703125,4359300,0.0,0.0
2022-02-18 00:00:00-05:00,71.10172232458545,71.19324071197646,68.7313562914479,69.35369110107422,3007100,0.0,0.0
2022-02-22 00:00:00-05:00,69.86618721630205,70.48852191511801,68.41102626339061,69.31707000732422,3531500,0.0,0.0
2022-02-23 00:00:00-05:00,69.78381850228212,69.94855435312463,68.55745704343514,68.74049377441406,1564600,0.0,0.0
2022-02-24 00:00:00-05:00,68.42933102381782,71.08340583047152,68.18223070961146,70.9095230102539,5500200,0.0,0.0
2022-02-25 00:00:00-05:00,71.4311842416036,74.38726894233622,70.32378886514849,74.33235931396484,6068000,0.0,0.0
2022-02-28 00:00:00-05:00,74.59775658756352,78.8168179835473,74.18591348774704,78.69783782958984,8293600,0.0,0.0
2022-03-01 00:00:00-05:00,78.67038989796225,80.91262835104862,77.00473043855148,77.72773742675781,4868800,0.0,0.0
2022-03-02 00:00:00-05:00,79.04562203523992,82.22135195489814,78.73445120932989,80.53739166259766,6768700,0.0,0.0
2022-03-03 00:00:00-05:00,81.45260115306966,83.23631930831652,80.26284126461346,82.07493591308594,5205400,0.0,0.0
2022-03-04 00:00:00-05:00,81.84613414878879,87.00784884261662,81.6264886463123,86.93463134765625,8016400,0.0,0.0
2022-03-07 00:00:00-05:00,88.06031216681085,93.01152743825247,87.86812151311308,90.96148681640625,11337400,0.0,0.0
2022-03-08 00:00:00-05:00,89.04872925296733,90.93403407417489,86.13840060632465,86.76988220214844,9054300,0.0,0.0
2022-03-09 00:00:00-05:00,83.06333875025524,87.01699222762709,81.37022453334808,86.97122955322266,7279300,0.0,0.0
2022-03-10 00:00:00-05:00,89.2134647740827,93.45082713197519,88.55452138745503,93.25863647460938,8450400,0.0,0.0
2022-03-11 00:00:00-05:00,90.13781220687372,93.5789572348366,90.10120346395452,92.80104064941406,4644100,0.0,0.0
2022-03-14 00:00:00-04:00,91.19945515461632,91.72111758121213,87.66496196963955,90.65948486328125,5642400,0.0,0.0
2022-03-15 00:00:00-04:00,87.53865861365075,89.98223471905352,86.47702596390633,89.16770935058594,4037500,0.0,0.0
2022-03-16 00:00:00-04:00,89.93645671464499,91.08045360824048,84.91202431304646,85.86383056640625,6189000,0.0,0.0
2022-03-17 00:00:00-04:00,87.26409869412598,90.26137253734765,87.09021588036524,89.90901947021484,6368400,0.0,0.0
2022-03-18 00:00:00-04:00,89.90903063082423,91.92246999625445,89.53380316069548,91.199462890625,3307700,0.0,0.0
2022-03-21 00:00:00-04:00,92.95663821835842,96.52591095618875,92.49812463339516,96.29711151123047,4625200,0.0,0.0
2022-03-22 00:00:00-04:00,96.57165071433293,96.77299530984439,94.38432894019256,95.69306182861328,4310500,0.0,0.0
2022-03-23 00:00:00-04:00,96.64487836136863,98.69491931024974,95.18056339788211,96.55335998535156,2698900,0.0,0.0
2022-03-24 00:00:00-04:00,96.8279246069469,99.1516060491498,96.13237236285063,97.77972412109375,2720800,0.0,0.0
2022-03-25 00:00:00-04:00,97.92615318864432,99.61011359285762,97.72023510412102,99.2348861694336,2129600,0.0,0.0
2022-03-28 00:00:00-04:00,97.30382275021911,97.98106711796224,95.4093637210964,97.64244842529297,4243800,0.0,0.0
2022-03-29 00:00:00-04:00,91.75772299706793,93.79860994991422,87.74000566842352,92.73698425292969,6979000,0.0,0.0
2022-03-30 00:00:00-04:00,94.64046425801891,96.31405169614605,93.10481127676267,93.84964752197266,2964100,0.48,0.0
2022-03-31 00:00:00-04:00,94.57609896592848,97.01291773393699,93.81286769242017,95.6243896484375,3685500,0.0,0.0
2022-04-01 00:00:00-04:00,95.85427233989776,98.23131772860982,94.8243767222621,95.42208099365234,2859200,0.0,0.0
2022-04-04 00:00:00-04:00,96.53473256473715,96.83817989743409,92.79214998219938,94.53010559082031,3510100,0.0,0.0
2022-04-05 00:00:00-04:00,95.80829298012928,96.54393165958557,92.71859228575592,93.05882263183594,3250900,0.0,0.0
2022-04-06 00:00:00-04:00,92.9668774408359,95.99220994835677,92.55308108309718,93.04044342041016,3449900,0.0,0.0
2022-04-07 00:00:00-04:00,93.58297880078281,96.26808098942298,93.43585385402393,95.95542907714844,2917300,0.0,0.0
2022-04-08 00:00:00-04:00,97.51866611067238,99.14627296296038,96.09335516559752,97.49107360839844,3077300,0.0,0.0
2022-04-11 00:00:00-04:00,97.57383768500897,99.19225406214608,95.21978260236412,99.09110260009766,2734800,0.0,0.0
2022-04-12 00:00:00-04:00,99.69800188887255,101.33480621148469,99.1186856333661,100.10260772705078,2621600,0.0,0.0
2022-04-13 00:00:00-04:00,101.5646976258294,102.20838938887839,98.41982583309776,100.92101287841797,3198800,0.0,0.0
2022-04-14 00:00:00-04:00,100.67273345644831,103.79921015355234,100.4612330368587,102.99000549316406,2850000,0.0,0.0
2022-04-18 00:00:00-04:00,103.25667441320071,107.81765941969692,102.90724657141446,105.28888702392578,4532100,0.0,0.0
2022-04-19 00:00:00-04:00,104.54404784904807,104.749107902735,102.45665731178418,104.22219848632812,2427900,0.0,0.0
2022-04-20 00:00:00-04:00,104.01069996129269,105.57393815035294,100.93019705012296,104.0198974609375,2725400,0.0,0.0
2022-04-21 00:00:00-04:00,104.60842169347876,104.94865204260383,98.41982274885531,99.22903442382812,3536200,0.0,0.0
2022-04-22 00:00:00-04:00,98.2635037476496,100.13019653744767,95.39449382971645,95.4588623046875,3146300,0.0,0.0
2022-04-25 00:00:00-04:00,91.94615085335684,92.59903298478373,88.28633191768088,91.56913757324219,7622000,0.0,0.0
2022-04-26 00:00:00-04:00,92.01052443613106,92.985255953536,89.28864681532349,90.98062896728516,4126000,0.0,0.0
2022-04-27 00:00:00-04:00,91.94616453982363,93.69331782171882,89.31624062421703,92.95767211914062,3300800,0.0,0.0
2022-04-28 00:00:00-04:00,93.67493265227748,93.9324065512289,90.72316628391997,93.15078735351562,2941100,0.0,0.0
2022-04-29 00:00:00-04:00,94.17148420852361,96.32323618881576,90.01509815496073,90.34613800048828,4584300,0.0,0.0
2022-05-02 00:00:00-04:00,89.81281398119877,92.2220473560369,88.95762870448021,91.22892761230469,4154200,0.0,0.0
2022-05-03 00:00:00-04:00,94.71403481335541,98.3370787784045,91.35582417641778,97.1232681274414,8118100,0.0,0.0
2022-05-04 00:00:00-04:00,97.90488537411187,98.99915654237535,95.74393554223167,98.67730712890625,4064900,0.0,0.0
2022-05-05 00:00:00-04:00,99.0543216704329,99.1462756335771,93.8330946826455,95.19219207763672,3919700,0.0,0.0
2022-05-06 00:00:00-04:00,94.38298734896308,95.90944979607708,92.23123514641948,95.44047546386719,3045800,0.0,0.0
2022-05-09 00:00:00-04:00,92.497888579996,92.8749089044405,85.00353273140459,85.39894104003906,5212000,0.0,0.0
2022-05-10 00:00:00-04:00,88.0196816200658,91.26202887655482,85.77596833855877,86.70471954345703,3304300,0.0,0.0
2022-05-11 00:00:00-04:00,87.3392081799162,91.88179840991013,87.32081317828214,89.22428894042969,3229200,0.0,0.0
2022-05-12 00:00:00-04:00,87.81736033034854,88.70932835882354,85.5276740515585,87.73460388183594,2982300,0.0,0.0
2022-05-13 00:00:00-04:00,90.16223735227787,92.75537834059459,89.77601949097642,90.98983001708984,2599100,0.0,0.0
2022-05-16 00:00:00-04:00,92.18526551737997,93.8864385901341,91.07260629665281,93.20597076416016,2845200,0.0,0.0
2022-05-17 00:00:00-04:00,94.68644129541347,96.02898879433963,93.04043940556656,95.77151489257812,2718100,0.0,0.0
2022-05-18 00:00:00-04:00,95.39449797222484,96.23129519882406,92.90250831064857,93.2887191772461,2883500,0.0,0.0
2022-05-19 00:00:00-04:00,92.42435146215297,94.59449892236681,92.17606801529372,93.20597076416016,2693500,0.0,0.0
2022-05-20 00:00:00-04:00,94.71402154899047,94.89792946418991,87.73368697318512,89.215087890625,3455500,0.0,0.0
2022-05-23 00:00:00-04:00,89.86797354846388,93.97837211622392,89.23347933969772,93.31629943847656,2622200,0.0,0.0
2022-05-24 00:00:00-04:00,91.66111037904179,92.53928582025861,89.88637151003402,91.33007049560547,1927300,0.0,0.0
2022-05-25 00:00:00-04:00,90.31855846758138,91.49558598895744,88.96681351187571,90.38292694091797,2415600,0.0,0.0
2022-05-26 00:00:00-04:00,90.14382931133242,90.17141479408423,87.46793224985963,88.1300048828125,2867400,0.0,0.0
2022-05-27 00:00:00-04:00,87.80817840705807,88.50520306690734,85.68401166412605,87.88174438476562,3568600,0.0,0.0
2022-05-31 00:00:00-04:00,87.94611835273894,91.49559631892518,87.19208457324869,89.37142944335938,4333500,0.0,0.0
2022-06-01 00:00:00-04:00,90.59442132931488,90.77833626629827,86.80586483074468,86.83345031738281,3173500,0.0,0.0
2022-06-02 00:00:00-04:00,87.05414991092005,89.90476506999254,86.72311000696187,88.16680908203125,1937400,0.0,0.0
2022-06-03 00:00:00-04:00,87.46794325168018,87.63346318464681,85.78515843579228,85.97826385498047,2825600,0.0,0.0
2022-06-06 00:00:00-04:00,86.4656313307341,87.07254012649864,84.20353012182939,84.82882690429688,3055600,0.0,0.0
2022-06-07 00:00:00-04:00,84.1023641137019,84.1023641137019,81.44945024360702,82.31842803955078,6137500,0.0,0.0
2022-06-08 00:00:00-04:00,81.15979599665397,83.20120594253733,79.86322216024391,81.19657897949219,4894500,0.0,0.0
2022-06-09 00:00:00-04:00,81.38049118289388,83.33913776709014,80.00116082386177,82.06095886230469,4279300,0.0,0.0
2022-06-10 00:00:00-04:00,81.84027527942901,82.97132936174437,79.13678528923934,79.50460815429688,4002200,0.0,0.0
2022-06-13 00:00:00-04:00,77.70228411967766,79.8310530834634,76.95744790152266,77.49078369140625,5163200,0.0,0.0
2022-06-14 00:00:00-04:00,78.48389305195965,81.68394245054107,78.28159015113182,80.20346069335938,4721500,0.0,0.0
2022-06-15 00:00:00-04:00,81.15979472200361,81.78968663107848,79.34827318558241,80.9023208618164,3807300,0.0,0.0
2022-06-16 00:00:00-04:00,78.98045978492102,80.7276130643755,77.99653769308867,78.3735580444336,3841800,0.0,0.0
2022-06-17 00:00:00-04:00,77.9873481969522,79.08161936102168,75.8907668526737,76.3597412109375,3975300,0.0,0.0
2022-06-21 00:00:00-04:00,78.49309672230132,80.56209234510314,78.39194526393558,79.34828186035156,3274400,0.0,0.0
2022-06-22 00:00:00-04:00,76.76433502673785,79.98277251822685,76.40570268044307,79.33908081054688,3076200,0.0,0.0
2022-06-23 00:00:00-04:00,79.54138746173948,79.79886135067436,72.53438641057879,72.5987548828125,4680000,0.0,0.0
2022-06-24 00:00:00-04:00,73.54590062675038,75.53213277114362,72.29070490104891,73.73900604248047,5050100,0.0,0.0
2022-06-27 00:00:00-04:00,74.6953387715769,77.16893307753908,73.46313335294845,76.9482421875,3612600,0.0,0.0
2022-06-28 00:00:00-04:00,79.45863151820369,81.84027202189678,77.20572094417356,77.81262969970703,3758400,0.0,0.0
2022-06-29 00:00:00-04:00,78.29352522959111,78.77903929883013,76.01851236181675,76.07400512695312,2855000,0.48,0.0
2022-06-30 00:00:00-04:00,74.90876607735204,74.90876607735204,72.83721699104488,73.69728088378906,4143500,0.0,0.0
2022-07-01 00:00:00-04:00,72.92043306275188,74.81627470139446,71.49624110523213,73.26261138916016,3544300,0.0,0.0
2022-07-05 00:00:00-04:00,70.83962677056695,70.89511952782625,67.51960058584329,69.05476379394531,4606700,0.0,0.0
2022-07-06 00:00:00-04:00,68.89755618520817,69.58190577441617,66.29887209563086,68.54613494873047,3630000,0.0,0.0
2022-07-07 00:00:00-04:00,70.41423839725962,71.76444491706444,70.09055996026201,71.18182373046875,2656500,0.0,0.0
2022-07-08 00:00:00-04:00,71.53323552598137,71.90315671442225,69.29522256662072,70.52520751953125,2342200,0.0,0.0
2022-07-11 00:00:00-04:00,69.67438272653597,70.69166770109507,69.34146143700504,70.04430389404297,1615800,0.0,0.0
2022-07-12 00:00:00-04:00,68.9807844574699,70.09054798048922,68.56462754612487,68.82357025146484,1871700,0.0,0.0
2022-07-13 00:00:00-04:00,68.28719160476713,71.27429709038566,68.2686987192816,69.91484069824219,1922100,0.0,0.0
2022-07-14 00:00:00-04:00,67.60283662807339,68.40741466871428,65.65150927480087,66.49308013916016,2571900,0.0,0.0
2022-07-15 00:00:00-04:00,67.39937595125691,68.16696112633542,66.65121500622703,67.7415542602539,1794600,0.0,0.0
2022-07-18 00:00:00-04:00,69.0455183173519,71.0893238997742,68.97153268085894,69.27671813964844,3048900,0.0,0.0
2022-07-19 00:00:00-04:00,69.40620172744337,73.15255956785047,69.28597328300461,72.5505142211914,3268200,0.0,0.0
2022-07-20 00:00:00-04:00,71.690449175086,74.35387606642006,71.690449175086,73.90072631835938,3136400,0.0,0.0
2022-07-21 00:00:00-04:00,73.4938096338858,74.05793783377379,72.01320770985829,73.30884552001953,1885000,0.0,0.0
2022-07-22 00:00:00-04:00,74.24289623693689,75.86129522037265,72.10661183661273,72.43029022216797,2913400,0.0,0.0
2022-07-25 00:00:00-04:00,73.290362637904,75.90754699707031,72.823341416022,75.90754699707031,2000400,0.0,0.0
2022-07-26 00:00:00-04:00,76.12024217130232,76.91557028051321,75.51912815990855,76.30520629882812,2462000,0.0,0.0
2022-07-27 00:00:00-04:00,76.57339659996342,77.67390313780874,74.85326907383767,77.2300033569336,1763700,0.0,0.0
2022-07-28 00:00:00-04:00,77.73863379017561,78.31201194703135,76.27745612897186,77.13751983642578,2086600,0.0,0.0
2022-07-29 00:00:00-04:00,77.98834532658184,79.4310303220354,76.8970816091935,79.21833038330078,2386000,0.0,0.0
2022-08-01 00:00:00-04:00,78.5986988450996,78.85302009063187,76.6381286373442,77.36872100830078,1678800,0.0,0.0
2022-08-02 00:00:00-04:00,76.73986077825751,77.64616027997175,73.85448398005953,75.99076843261719,4316200,0.0,0.0
2022-08-03 00:00:00-04:00,76.8138404508857,77.4519543324508,74.7977773573788,75.73182678222656,2436000,0.0,0.0
2022-08-04 00:00:00-04:00,76.24047165340053,77.6184209077942,74.28914417938084,76.25896453857422,2825600,0.0,0.0
2022-08-05 00:00:00-04:00,75.15844344614054,77.59067036151842,74.70992223244926,77.4981918334961,2817900,0.0,0.0
2022-08-08 00:00:00-04:00,78.58946327196784,79.74546262722022,77.58142816524452,79.09809875488281,2522000,0.0,0.0
2022-08-09 00:00:00-04:00,79.95815697487556,82.01121281536857,79.69921426628359,81.69677734375,3220300,0.0,0.0
2022-08-10 00:00:00-04:00,82.51984887624624,84.17523349917752,81.6875280524216,83.5741195678711,2639400,0.0,0.0
2022-08-11 00:00:00-04:00,84.4896723715211,85.73815013004271,83.56949444347985,83.71283721923828,2212000,0.0,0.0
2022-08-12 00:00:00-04:00,83.48164824819092,85.46072568095968,83.36142685252631,85.43297576904297,1438300,0.0,0.0
2022-08-15 00:00:00-04:00,83.08398072939407,84.07352293252757,82.15918126238482,82.6678237915039,2134100,0.0,0.0
2022-08-16 00:00:00-04:00,83.15796447100576,84.95669911081771,83.13207019941451,84.57290649414062,1328300,0.0,0.0
2022-08-17 00:00:00-04:00,83.78681928427534,85.30348964631784,83.63885505795024,84.74861145019531,1731000,0.0,0.0
2022-08-18 00:00:00-04:00,85.645681499526,86.45950251226735,84.87347477055695,84.98907470703125,1507100,0.0,0.0
2022-08-19 00:00:00-04:00,84.04577538031087,84.2954751945802,83.33368287522094,83.53713989257812,2019000,0.0,0.0
2022-08-22 00:00:00-04:00,82.88052452124067,85.0519531108578,82.78803893698849,84.69313049316406,2259400,0.0,0.0
2022-08-23 00:00:00-04:00,85.63642135458949,89.45584731753792,85.3867286259614,89.09516906738281,3265500,0.0,0.0
2022-08-24 00:00:00-04:00,89.06743664099011,91.2037282611444,88.42007982013133,91.07425689697266,2832100,0.0,0.0
2022-08-25 00:00:00-04:00,92.56316209844084,94.30178936470797,92.35046220245646,94.0428466796875,3746300,0.0,0.0
2022-08-26 00:00:00-04:00,94.19082200269715,95.00465002940602,92.69265141836456,92.85911560058594,2462700,0.0,0.0
2022-08-29 00:00:00-04:00,91.49966794515919,93.10881715510068,89.87201879340958,91.57364654541016,2170300,0.0,0.0
2022-08-30 00:00:00-04:00,90.62110254152124,90.85230242037905,86.8340473969247,86.96814727783203,3050200,0.0,0.0
2022-08-31 00:00:00-04:00,85.71965623561714,86.49648432307652,84.21222874034449,84.86883544921875,2675100,0.0,0.0
2022-09-01 00:00:00-04:00,82.95450937035984,84.15675149976332,81.74302432636127,83.01000213623047,2348400,0.0,0.0
2022-09-02 00:00:00-04:00,84.6376461162445,85.99710249377861,83.65736091586105,85.0538101196289,2142400,0.0,0.0
2022-09-06 00:00:00-04:00,85.59942886170204,86.42249975032153,83.63885868011826,83.84231567382812,1803000,0.0,0.0
2022-09-07 00:00:00-04:00,82.37189157862586,83.99029071140336,81.77539900274984,83.49089813232422,1611300,0.0,0.0
2022-09-08 00:00:00-04:00,83.50013998687756,85.29425310892591,83.06086167609571,84.30471801757812,1885800,0.0,0.0
2022-09-09 00:00:00-04:00,86.49648837919193,88.14263021323318,85.96935299350838,87.91143035888672,3021500,0.0,0.0
2022-09-12 00:00:00-04:00,88.31834681455989,88.52180382094403,81.67828653098753,84.082763671875,4018600,0.0,0.0
2022-09-13 00:00:00-04:00,82.51060877527905,86.17281378244024,82.418130240607,82.86203002929688,2763800,0.0,0.0
2022-09-14 00:00:00-04:00,82.96376283893186,85.57169716369934,82.94526995330186,84.87809753417969,1983700,0.0,0.0
2022-09-15 00:00:00-04:00,83.49088995777186,84.55441069488604,82.00196233694392,82.16842651367188,1970300,0.0,0.0
2022-09-16 00:00:00-04:00,80.44830538210913,81.87249743847738,78.60795637893996,79.58824157714844,2847200,0.0,0.0
2022-09-19 00:00:00-04:00,77.91434444784115,83.41320053697663,77.73123598464568,83.01923370361328,1843900,0.0,0.0
2022-09-20 00:00:00-04:00,82.25167076245683,83.71284862746934,81.04017860525222,83.14872741699219,2084400,0.0,0.0
2022-09-21 00:00:00-04:00,84.14749967388036,84.54979223101597,81.97422238541628,82.01121520996094,3152100,0.0,0.0
2022-09-22 00:00:00-04:00,82.75105812075896,83.84232175702196,81.49333030080632,81.53956604003906,1781700,0.0,0.0
2022-09-23 00:00:00-04:00,79.03336487892454,79.19982907211057,75.85205232277396,76.70287322998047,2784800,0.0,0.0
2022-09-26 00:00:00-04:00,75.6670840011649,78.31201075787502,75.50986980197635,75.60234832763672,1992600,0.0,0.0
2022-09-27 00:00:00-04:00,77.10052470917945,79.00560912125498,76.77683929064231,78.27501678466797,2224100,0.0,0.0
2022-09-28 00:00:00-04:00,78.36803673552237,81.41867830105207,78.15411659466689,80.96294403076172,1960600,0.48,0.0
2022-09-29 00:00:00-04:00,79.93985895348997,80.77692698829176,77.15893962844443,77.73558807373047,1927800,0.0,0.0
2022-09-30 00:00:00-04:00,77.21473336950632,79.05628284503408,76.26606109756229,77.549560546875,2152200,0.0,0.0
2022-10-03 00:00:00-04:00,79.52133470003761,80.06077937528832,78.50755734790644,78.78657531738281,1806200,0.0,0.0
2022-10-04 00:00:00-04:00,80.4700024733268,82.89749627498318,80.33049704464682,82.02323150634766,1895500,0.0,0.0
2022-10-05 00:00:00-04:00,81.25126588552081,81.49308711439065,78.18201882155464,78.24712371826172,2109400,0.0,0.0
2022-10-06 00:00:00-04:00,77.66118161894353,80.0235705101178,76.73110758757895,79.50273132324219,2123200,0.0,0.0
2022-10-07 00:00:00-04:00,79.02839362442658,79.34461539723665,76.4892883309317,77.8843994140625,1409400,0.0,0.0
2022-10-10 00:00:00-04:00,78.70286596092542,80.44209983328,78.14481587338113,79.13069915771484,1823600,0.0,0.0
2022-10-11 00:00:00-04:00,78.13552088969175,78.55405136291634,75.18718083519475,76.74040985107422,1789500,0.0,0.0
2022-10-12 00:00:00-04:00,76.3590811007196,77.1775508384126,74.5640378295095,76.96363067626953,1923700,0.0,0.0
2022-10-13 00:00:00-04:00,75.65221727468402,80.83273637088523,75.25229225871038,80.52581024169922,1711700,0.0,0.0
2022-10-14 00:00:00-04:00,80.00495670108987,80.80482085220795,72.34114946980823,72.47135925292969,3087300,0.0,0.0
2022-10-17 00:00:00-04:00,74.00598517447926,75.68941678187997,73.95018300721995,74.15480041503906,1944200,0.0,0.0
2022-10-18 00:00:00-04:00,75.68941513078443,77.5681684744119,74.63843412688661,76.17305755615234,1861300,0.0,0.0
2022-10-19 00:00:00-04:00,76.02424146760322,77.41005673993966,75.50340233463977,75.9870376586914,1417200,0.0,0.0
2022-10-20 00:00:00-04:00,76.34976710243491,78.12621175187313,75.41039752256238,76.81480407714844,1367400,0.0,0.0
2022-10-21 00:00:00-04:00,75.26158198002068,77.80998970018564,74.1919955233282,77.08452606201172,2291000,0.0,0.0
2022-10-24 00:00:00-04:00,76.97292773812626,77.4007609350181,73.12242187019818,73.49444580078125,3424500,0.0,0.0
2022-10-25 00:00:00-04:00,73.47583867640043,77.4379555083345,73.13170877617655,77.39144897460938,2222100,0.0,0.0
2022-10-26 00:00:00-04:00,77.65188020161148,78.14481831120533,76.20096695889721,76.3311767578125,1316100,0.0,0.0
2022-10-27 00:00:00-04:00,76.76831202834231,78.23783071293612,76.18701575398416,77.56817626953125,1477900,0.0,0.0
2022-10-28 00:00:00-04:00,77.68908366987735,78.47034955580024,75.7080285129795,76.60089874267578,1306100,0.0,0.0
2022-10-31 00:00:00-04:00,76.97292836978632,79.99566895393971,76.80551476128944,78.59125518798828,2959700,0.0,0.0
2022-11-01 00:00:00-04:00,79.97705294941414,80.2839790404867,78.33082526294446,79.78173828125,2046100,0.0,0.0
2022-11-02 00:00:00-04:00,79.27021797634617,80.19098934049212,77.03803873656315,77.17755126953125,2375700,0.0,0.0
2022-11-03 00:00:00-04:00,68.82548724989151,69.448635228732,64.31927684798325,66.3235855102539,8838300,0.0,0.0
2022-11-04 00:00:00-04:00,68.1279191750552,70.44380140316375,67.5977772892014,68.16512298583984,3962800,0.0,0.0
2022-11-07 00:00:00-05:00,68.89988638194991,69.04869453803981,67.11693462285744,68.04421997070312,2754400,0.0,0.0
2022-11-08 00:00:00-05:00,68.37903671028637,72.81549362198007,68.17442639278119,72.32255554199219,3355900,0.0,0.0
2022-11-09 00:00:00-05:00,71.63430112325165,72.72249316852839,69.20681434999325,69.27191925048828,2373100,0.0,0.0
2022-11-10 00:00:00-05:00,72.08073258953,74.03388650503379,71.95982552809782,73.64325714111328,2194300,0.0,0.0
2022-11-11 00:00:00-05:00,74.53613238795907,76.00565106214965,71.11345966493255,71.31807708740234,3165200,0.0,0.0
2022-11-14 00:00:00-05:00,70.93673232475098,73.18751652688697,70.67631277142135,72.35044860839844,2037200,0.0,0.0
2022-11-15 00:00:00-05:00,73.96877538200793,74.1454916919052,71.04369611834892,73.95947265625,2716300,0.0,0.0
2022-11-16 00:00:00-05:00,72.84339509791191,73.88508052817134,72.18304341212385,72.2946548461914,1797900,0.0,0.0
2022-11-17 00:00:00-05:00,71.12276002638173,73.42933957627794,70.41590179842575,73.4200439453125,1738800,0.0,0.0
2022-11-18 00:00:00-05:00,72.58295692600615,73.40141927852429,71.90399996046864,72.3597412109375,1426100,0.0,0.0
2022-11-21 00:00:00-05:00,71.58780852845516,72.25280814029995,69.56024659570413,71.42039489746094,1676500,0.0,0.0
2022-11-22 00:00:00-05:00,72.38766863172663,75.81034159059358,72.3225637288094,75.2708969116211,2212300,0.0,0.0
2022-11-23 00:00:00-05:00,74.359417643146,74.77795522422281,73.25263434612047,74.45243072509766,1400600,0.0,0.0
2022-11-25 00:00:00-05:00,75.30809639068723,77.38215753269685,74.84305936922655,76.60089874267578,985500,0.0,0.0
2022-11-28 00:00:00-05:00,75.33598855933243,76.58228422329385,74.4989206006041,74.59192657470703,1509800,0.0,0.0
2022-11-29 00:00:00-05:00,75.63361288866322,76.52648302394309,74.40591556566578,75.93123626708984,1457300,0.0,0.0
2022-11-30 00:00:00-05:00,75.53129638941257,76.33116046683946,72.81548245465636,74.77793884277344,3153300,0.0,0.0
2022-12-01 00:00:00-05:00,75.10346876221227,75.63361061081538,72.95500028564717,73.06660461425781,2180800,0.0,0.0
2022-12-02 00:00:00-05:00,72.44346841918576,74.21061056342754,71.86217212804716,73.88508605957031,2836900,0.0,0.0
2022-12-05 00:00:00-05:00,74.23850455864559,75.92193618628956,72.56436856172245,73.10381317138672,2182000,0.0,0.0
2022-12-06 00:00:00-05:00,73.27122592990891,74.3966145776259,71.75520791936147,72.0063247680664,1558300,0.0,0.0
2022-12-07 00:00:00-05:00,71.44828613514127,72.22955200402525,70.11827999893424,70.91814422607422,1791500,0.0,0.0
2022-12-08 00:00:00-05:00,72.0249304741677,72.62947287766701,70.80652874881851,71.03904724121094,1686900,0.0,0.0
2022-12-09 00:00:00-05:00,71.09485688524114,73.1075312326777,71.09485688524114,71.46688079833984,1422400,0.0,0.0
2022-12-12 00:00:00-05:00,71.50408010963896,72.48996328584026,70.52750675535101,72.15513610839844,1347000,0.0,0.0
2022-12-13 00:00:00-05:00,73.9315765481812,74.9825646566052,71.39712644505715,71.66220092773438,1932500,0.0,0.0
2022-12-14 00:00:00-05:00,71.82960876192993,72.41555275088666,70.58330607481649,70.74141693115234,1519700,0.0,0.0
2022-12-15 00:00:00-05:00,70.02527622980072,70.23918928806549,68.3883439113531,69.56954193115234,1978400,0.0,0.0
2022-12-16 00:00:00-05:00,68.36043580097154,69.12309616144566,67.85819501296648,68.54644775390625,2391800,0.0,0.0
2022-12-19 00:00:00-05:00,68.82548123591796,69.80206184857221,67.76519736292869,67.79309844970703,1554100,0.0,0.0
2022-12-20 00:00:00-05:00,67.63497824091863,68.94637881011032,67.56057062249471,68.20232391357422,1432600,0.0,0.0
2022-12-21 00:00:00-05:00,68.77896701734792,70.07176926373174,68.56505397865487,68.94638061523438,1458400,0.0,0.0
2022-12-22 00:00:00-05:00,68.43484600774713,68.64875905211909,66.75140725766921,67.86750030517578,1597400,0.0,0.0
2022-12-23 00:00:00-05:00,68.22093029521714,69.39282558759305,67.92330688241235,68.87198638916016,1481100,0.0,0.0
2022-12-27 00:00:00-05:00,69.12310213965542,69.86716420754777,68.89988635764841,69.197509765625,1658200,0.0,0.0
2022-12-28 00:00:00-05:00,69.04869439234085,69.51373140998089,67.98841055979369,68.01631164550781,1864200,0.0,0.0
2022-12-29 00:00:00-05:00,68.46568623021324,69.2427496387974,68.08184019184661,68.69038391113281,1799900,0.48,0.0
2022-12-30 00:00:00-05:00,68.30654289231998,69.05552100984454,67.76353411425391,68.37207794189453,1521900,0.0,0.0
2023-01-03 00:00:00-05:00,68.22227560890765,68.50313700062536,66.70559837961126,67.052001953125,2097700,0.0,0.0
2023-01-04 00:00:00-05:00,67.22052601224013,67.84779101822176,66.48091215660257,67.38904571533203,2253300,0.0,0.0
2023-01-05 00:00:00-05:00,67.2673407890149,69.90747836069464,67.18308449869873,69.76704406738281,2019600,0.0,0.0
2023-01-06 00:00:00-05:00,70.58155230976135,72.68804513351336,70.51133873941669,72.39781951904297,2137800,0.0,0.0
2023-01-09 00:00:00-05:00,72.71613406254882,73.26850703272994,71.77055793672261,71.9671630859375,1619200,0.0,0.0
2023-01-10 00:00:00-05:00,72.63187177927306,73.21232298825088,69.27084185294272,69.57979583740234,3031500,0.0,0.0
2023-01-11 00:00:00-05:00,70.1789769254583,70.58155139001859,69.05083129139254,69.36446380615234,2329100,0.0,0.0
2023-01-12 00:00:00-05:00,69.95428660444735,71.6628834658484,69.2333939561285,71.39606475830078,2606400,0.0,0.0
2023-01-13 00:00:00-05:00,70.59092099746216,70.731355289883,69.81385743648039,70.3755874633789,2475500,0.0,0.0
2023-01-17 00:00:00-05:00,71.3305263061809,72.21993147924799,70.48324927290685,71.4054183959961,2445700,0.0,0.0
2023-01-18 00:00:00-05:00,71.85481205205664,74.30770853324913,71.77055576613476,72.41654205322266,2878400,0.0,0.0
2023-01-19 00:00:00-05:00,71.83609047962213,72.13568028836892,70.07599410329836,71.36798095703125,1765700,0.0,0.0
2023-01-20 00:00:00-05:00,71.19946200447428,73.93321993136698,71.10583438472744,73.79278564453125,2080400,0.0,0.0
2023-01-23 00:00:00-05:00,74.24217975200827,74.58857625819341,73.5493724540678,74.054931640625,1443500,0.0,0.0
2023-01-24 00:00:00-05:00,75.77757580088408,75.77757580088408,64.43059780318875,73.68980407714844,1506300,0.0,0.0
2023-01-25 00:00:00-05:00,73.33403719966591,74.73836572294047,73.02508321027729,74.1766357421875,1319000,0.0,0.0
2023-01-26 00:00:00-05:00,74.71963550244755,76.61080186717345,74.42940990047622,76.51718139648438,1697100,0.0,0.0
2023-01-27 00:00:00-05:00,76.5733587340004,77.66873333365717,75.3843565129428,75.6558609008789,1408900,0.0,0.0
2023-01-30 00:00:00-05:00,74.72900392649592,75.68394421008584,74.52303459363931,74.58856964111328,1341000,0.0,0.0
2023-01-31 00:00:00-05:00,74.61663966378102,77.79042100133995,74.50429797289729,77.50955963134766,2411100,0.0,0.0
2023-02-01 00:00:00-05:00,76.92911290203713,79.0075202083023,76.92911290203713,78.3147201538086,2253700,0.0,0.0
2023-02-02 00:00:00-05:00,78.64239465837647,79.72841210838561,77.92150918349965,79.11050415039062,2364700,0.0,0.0
2023-02-03 00:00:00-05:00,78.15556191918989,78.27726781258082,76.97592402967737,77.6687240600586,2902400,0.0,0.0
2023-02-06 00:00:00-05:00,77.43467549709958,78.24918862862991,76.2878086082349,77.46276092529297,2352700,0.0,0.0
2023-02-07 00:00:00-05:00,77.22870421626716,77.42530935144015,75.13157563163779,76.02098083496094,2893100,0.0,0.0
2023-02-08 00:00:00-05:00,75.65585999695121,75.96481400119937,73.15615681956433,73.18424224853516,3083300,0.0,0.0
2023-02-09 00:00:00-05:00,74.02683587148213,74.27961185806704,73.03444601948966,73.54936218261719,1674700,0.0,0.0
2023-02-10 00:00:00-05:00,73.7085387602634,75.52479910192235,73.51192644794304,74.95370483398438,1516800,0.0,0.0
2023-02-13 00:00:00-05:00,74.95369216068597,75.01922720611684,72.91273441940251,73.61489868164062,2115600,0.0,0.0
2023-02-14 00:00:00-05:00,73.32467770963625,73.36680585376668,70.99349421155141,72.06078338623047,2992600,0.0,0.0
2023-02-15 00:00:00-05:00,70.88113640581754,72.19184437470098,70.01045248974634,72.13567352294922,3072100,0.0,0.0
2023-02-16 00:00:00-05:00,70.2538720053521,76.4235515574496,69.570429017935,72.95018005371094,4348200,0.0,0.0
2023-02-17 00:00:00-05:00,72.0982300432079,72.22930013697217,69.89811673469704,69.9449234008789,1823500,0.0,0.0
2023-02-21 00:00:00-05:00,69.42063352123193,70.96539614942334,69.16785041587845,70.30067443847656,2127200,0.0,0.0
2023-02-22 00:00:00-05:00,70.67516185649248,72.71611931808285,70.52537054865692,72.64122009277344,2751300,0.0,0.0
2023-02-23 00:00:00-05:00,72.94081862409881,73.830223730479,71.55053297289933,72.75357055664062,1599200,0.0,0.0
2023-02-24 00:00:00-05:00,72.20121785540067,72.20121785540067,70.50665646739373,71.9671630859375,1518000,0.0,0.0
2023-02-27 00:00:00-05:00,73.10934959390048,73.72725765804769,72.61315458996815,72.7910385131836,1054900,0.0,0.0
2023-02-28 00:00:00-05:00,72.90337047340684,73.5821277674513,72.38844720604423,72.81910705566406,1372900,0.0,0.0
2023-03-01 00:00:00-05:00,73.01571183773024,74.33109828229328,72.75357168201735,73.56808471679688,1375300,0.0,0.0
2023-03-02 00:00:00-05:00,73.32467930283552,77.61724300026579,72.9501902359305,77.2848892211914,2617200,0.0,0.0
2023-03-03 00:00:00-05:00,76.53589998297413,77.97767803856422,75.62776644889344,77.52828979492188,2040600,0.0,0.0
2023-03-06 00:00:00-05:00,77.24742649416193,77.40658199918862,75.41243823472102,75.99288940429688,1575600,0.0,0.0
2023-03-07 00:00:00-05:00,75.45925512961685,75.83374418377265,73.80682905308457,74.513671875,2900100,0.0,0.0
2023-03-08 00:00:00-05:00,74.47622675713977,76.37675024681538,74.14386585838118,76.13333129882812,2768200,0.0,0.0
2023-03-09 00:00:00-05:00,76.15205620100537,76.6763437405743,73.56809669446764,73.76470184326172,3716300,0.0,0.0
2023-03-10 00:00:00-05:00,73.47446899707904,74.16726904516462,70.84368879530635,70.93730926513672,3036200,0.0,0.0
2023-03-13 00:00:00-04:00,69.98235508090175,70.59089872755307,68.08183206569706,69.3457260131836,2638400,0.0,0.0
2023-03-14 00:00:00-04:00,71.89225971524101,74.04555918492458,70.43176032338744,71.25563049316406,3851500,0.0,0.0
2023-03-15 00:00:00-04:00,69.11168448796023,69.13976991438072,66.86475751812992,68.32526397705078,2583900,0.0,0.0
2023-03-16 00:00:00-04:00,67.52012267663105,69.03679301609837,66.7430591253225,68.04440307617188,1926400,0.0,0.0
2023-03-17 00:00:00-04:00,67.49202848984535,68.46569716769136,67.08946115181652,68.0724868774414,1921600,0.0,0.0
2023-03-20 00:00:00-04:00,68.62485306450121,69.85129762426301,68.12865101258575,69.12104797363281,2005600,0.0,0.0
2023-03-21 00:00:00-04:00,70.63772016726676,71.5739391603003,69.90279197198315,70.42239379882812,2556800,0.0,0.0
2023-03-22 00:00:00-04:00,70.62835611026179,71.0402875692191,69.48616790927785,69.62660217285156,3231900,0.0,0.0
2023-03-23 00:00:00-04:00,70.2819580244367,71.22754118724089,68.21291495103357,68.55931854248047,2175600,0.0,0.0
2023-03-24 00:00:00-04:00,67.82905773869376,67.91332115554466,66.17195339698326,67.19242858886719,1977100,0.0,0.0
2023-03-27 00:00:00-04:00,68.28782075976802,68.75593029139729,66.48840332022982,67.88524627685547,1853100,0.0,0.0
2023-03-28 00:00:00-04:00,67.86650588187767,68.59675547910473,67.19242713281166,67.5481948852539,1753400,0.0,0.0
2023-03-29 00:00:00-04:00,68.54996059719323,69.13977603256816,67.80098249337799,68.0724868774414,1980400,0.0,0.0
2023-03-30 00:00:00-04:00,69.21364010047502,69.53429567235294,68.24225482445554,68.5440444946289,1387100,0.53,0.0
2023-03-31 00:00:00-04:00,68.41200312962154,69.67574496177573,68.38371147595129,69.64745330810547,1471900,0.0,0.0
2023-04-03 00:00:00-04:00,70.62825655844175,71.0054953169381,69.2428508334674,69.92093658447266,1136100,0.0,0.0
2023-04-04 00:00:00-04:00,69.87378870524752,70.35476836873238,68.19980362485381,68.883544921875,1583400,0.0,0.0
2023-04-05 00:00:00-04:00,68.50630792641931,68.62890748516199,67.06337609296318,67.36516571044922,1826700,0.0,0.0
2023-04-06 00:00:00-04:00,66.58239428050558,66.8087346875502,63.67766480837771,64.13978576660156,2972700,0.0,0.0
2023-04-10 00:00:00-04:00,65.04515586965148,68.21395041154338,64.69620870570098,67.13882446289062,2731900,0.0,0.0
2023-04-11 00:00:00-04:00,67.47833265589917,69.13817178573011,67.35572591438768,69.12874603271484,2882300,0.0,0.0
2023-04-12 00:00:00-04:00,69.81721427292423,70.16616147629651,68.07249264652842,68.10078430175781,2188400,0.0,0.0
2023-04-13 00:00:00-04:00,67.90273196131818,69.23249724927221,67.45947686533351,68.79866790771484,1278500,0.0,0.0
2023-04-14 00:00:00-04:00,69.27021348998683,70.47737919294914,68.36484460918929,68.7798080444336,832200,0.0,0.0
2023-04-17 00:00:00-04:00,68.71378983253813,70.67542594938,68.6666322816091,70.61883544921875,1837700,0.0,0.0
2023-04-18 00:00:00-04:00,70.46793620838055,71.00549912965283,69.39752324229907,69.70403289794922,1379600,0.0,0.0
2023-04-19 00:00:00-04:00,68.92126555089574,69.23437324204274,67.93101462935431,68.9872817993164,1283200,0.0,0.0
2023-04-20 00:00:00-04:00,68.31767999515019,68.80808533836229,67.75653833829286,67.99702453613281,1554000,0.0,0.0
2023-04-21 00:00:00-04:00,67.61978496381657,67.65750955825787,66.2334438930599,66.60124969482422,2431300,0.0,0.0
2023-04-24 00:00:00-04:00,66.8370299992273,67.46890083289091,66.5701300845866,67.17654418945312,1330400,0.0,0.0
2023-04-25 00:00:00-04:00,66.48809823295193,67.1954184269195,65.50728003388893,65.5261459350586,1541200,0.0,0.0
2023-04-26 00:00:00-04:00,65.78076147145804,65.96937726425142,64.76693899353883,65.13945770263672,1128200,0.0,0.0
2023-04-27 00:00:00-04:00,65.75246890875228,65.75246890875228,64.79994261934442,65.07344055175781,1106400,0.0,0.0
2023-04-28 00:00:00-04:00,64.83767900081757,65.80435129042172,64.22466677849062,65.45069122314453,1168700,0.0,0.0
2023-05-01 00:00:00-04:00,65.48840413488311,66.08255035154714,65.14888995529475,65.87506866455078,2093100,0.0,0.0
2023-05-02 00:00:00-04:00,65.52613187424876,65.6581643731721,63.932301743376485,64.85652923583984,3687500,0.0,0.0
2023-05-03 00:00:00-04:00,65.11116693298008,65.59214656490256,63.11180640429222,63.234413146972656,2122600,0.0,0.0
2023-05-04 00:00:00-04:00,63.12124630991993,63.22498716736179,59.480904935775335,59.660091400146484,3547000,0.0,0.0
2023-05-05 00:00:00-04:00,60.754077996796966,61.52741433384635,59.584644139724425,61.33879852294922,2257700,0.0,0.0
2023-05-08 00:00:00-04:00,62.15928625868807,63.140097012564674,60.725780334903014,60.82952117919922,2290000,0.0,0.0
2023-05-09 00:00:00-04:00,60.61261536084665,60.791805426197634,59.66009252008504,60.207088470458984,2649000,0.0,0.0
2023-05-10 00:00:00-04:00,60.62204254631236,60.78236669731277,58.94333744705723,59.754398345947266,2936400,0.0,0.0
2023-05-11 00:00:00-04:00,56.114062040173444,58.245451721269276,55.40674193042336,58.226593017578125,6838800,0.0,0.0
2023-05-12 00:00:00-04:00,56.840241439818215,58.51894659344964,55.46332589588197,56.48186492919922,8573500,0.0,0.0
2023-05-15 00:00:00-04:00,56.68934776088458,58.76415406695886,56.38755814519552,58.67927551269531,3001700,0.0,0.0
2023-05-16 00:00:00-04:00,58.44350279246049,59.00935742868815,57.566425587976404,58.52838134765625,3388000,0.0,0.0
2023-05-17 00:00:00-04:00,57.7738997124104,57.962519110664736,56.84966861834149,57.62300491333008,4842700,0.0,0.0
2023-05-18 00:00:00-04:00,57.36837811198003,58.00967836853658,56.915690075703694,57.9625244140625,4120800,0.0,0.0
2023-05-19 00:00:00-04:00,57.92479489251601,58.80187204219463,57.68902154255113,58.42463684082031,4028700,0.0,0.0
2023-05-22 00:00:00-04:00,58.59439560623168,58.68870350985214,56.849670608325845,57.49097442626953,2403400,0.0,0.0
2023-05-23 00:00:00-04:00,57.65130445068243,57.670166751672774,56.085769444644974,56.830810546875,4063000,0.0,0.0
2023-05-24 00:00:00-04:00,56.83080793839577,56.83080793839577,54.30426345653654,54.39762878417969,2679800,0.0,0.0
2023-05-25 00:00:00-04:00,54.001530654489706,54.30332387550819,52.921691794337555,53.16217803955078,3751600,0.0,0.0
2023-05-26 00:00:00-04:00,53.6148605677424,53.662018117784854,52.61518382488335,52.70949172973633,3027700,0.0,0.0
2023-05-30 00:00:00-04:00,52.85095385371449,53.06786489929836,50.74313957478957,51.33257293701172,4421300,0.0,0.0
2023-05-31 00:00:00-04:00,50.86102755681397,50.898752156395304,49.370938251893705,49.70102310180664,4043300,0.0,0.0
2023-06-01 00:00:00-04:00,50.00281622660245,50.88932279353526,49.256828946230236,50.38948440551758,4505200,0.0,0.0
2023-06-02 00:00:00-04:00,51.37973216490499,52.18890797942517,50.711079235477996,51.67209243774414,6305600,0.0,0.0
2023-06-05 00:00:00-04:00,52.096484755897116,52.59632314270598,51.33257775166614,52.20022201538086,3880800,0.0,0.0
2023-06-06 00:00:00-04:00,49.98395433830137,54.03453909980421,49.81419722443747,53.963809967041016,6397900,0.0,0.0
2023-06-07 00:00:00-04:00,54.331610348289175,56.349829611474945,54.246731799948854,55.96316146850586,2925500,0.0,0.0
2023-06-08 00:00:00-04:00,56.01975561694587,56.66105948793651,54.614544712023864,55.58592987060547,2828400,0.0,0.0
2023-06-09 00:00:00-04:00,55.60478597357634,55.97259182377924,54.972915122738705,55.444461822509766,1686600,0.0,0.0
2023-06-12 00:00:00-04:00,54.963487876692724,56.255528558401636,54.963487876692724,56.217803955078125,1563100,0.0,0.0
2023-06-13 00:00:00-04:00,56.96284219531859,57.28349409182476,56.566741100756495,56.9817008972168,1963700,0.0,0.0
2023-06-14 00:00:00-04:00,56.6327618326795,56.77422729142335,54.68055864866431,55.180397033691406,2475800,0.0,0.0
2023-06-15 00:00:00-04:00,55.38787826846399,56.651623644077105,55.359586616006155,56.236663818359375,1931600,0.0,0.0
2023-06-16 00:00:00-04:00,56.1989421359933,56.745934498416474,55.90658185414987,56.65162658691406,2205000,0.0,0.0
2023-06-20 00:00:00-04:00,56.04804423816867,56.04804423816867,54.765436565587486,55.33129119873047,2980400,0.0,0.0
2023-06-21 00:00:00-04:00,55.33128818598927,57.83048714112626,55.180393385526166,57.151458740234375,3372100,0.0,0.0
2023-06-22 00:00:00-04:00,56.84966946020138,56.943980959533064,55.746251900139555,56.302677154541016,1770300,0.0,0.0
2023-06-23 00:00:00-04:00,55.82169483188233,56.13291736836647,55.286020651287714,55.41616439819336,1585800,0.0,0.0
2023-06-26 00:00:00-04:00,55.727393852628055,56.49130086623433,55.48219113088685,56.25552749633789,1391300,0.0,0.0
2023-06-27 00:00:00-04:00,55.96316422688302,56.048042779406934,54.66169428738827,55.736820220947266,3199900,0.0,0.0
2023-06-28 00:00:00-04:00,55.68023327483839,56.396982651112964,55.227548890199344,55.89714431762695,2762500,0.0,0.0
2023-06-29 00:00:00-04:00,56.13505115144431,56.26827496353915,55.3927984939384,56.14456558227539,2336000,0.53,0.0
2023-06-30 00:00:00-04:00,56.715523280741955,56.8963301291457,55.90666238339575,56.192142486572266,2617900,0.0,0.0
2023-07-03 00:00:00-04:00,56.353916628163645,57.638578902573926,55.99230656281814,57.153263092041016,1169100,0.0,0.0
2023-07-05 00:00:00-04:00,56.67746584296056,57.181814181069896,56.411014582196145,56.92488098144531,1630200,0.0,0.0
2023-07-06 00:00:00-04:00,56.391980768660765,56.391980768660765,55.10731843071576,56.06843566894531,2823700,0.0,0.0
2023-07-07 00:00:00-04:00,55.85908357730638,58.39986124224525,55.80198610402096,57.943092346191406,2300600,0.0,0.0
2023-07-10 00:00:00-04:00,57.52438781354794,57.57196722573573,56.458593734220194,56.48714065551758,2158000,0.0,0.0
2023-07-11 00:00:00-04:00,56.22069103195703,57.36166032391969,55.62118029562371,57.33406448364258,2051600,0.0,0.0
2023-07-12 00:00:00-04:00,58.23808889074699,58.60921338157276,56.48713968961082,56.50617218017578,2070800,0.0,0.0
2023-07-13 00:00:00-04:00,56.73455638925536,58.40937930492261,56.73455638925536,58.23809051513672,1921900,0.0,0.0
2023-07-14 00:00:00-04:00,58.27615509803213,58.48550523849873,57.505355549276985,57.65761184692383,1265700,0.0,0.0
2023-07-17 00:00:00-04:00,57.92406232089545,58.51120180940317,57.34358402305077,57.6766471862793,1712400,0.0,0.0
2023-07-18 00:00:00-04:00,57.809869128171044,60.5124211799421,57.72422473240773,59.98904037475586,2614500,0.0,0.0
2023-07-19 00:00:00-04:00,60.579031862742404,62.2348222707493,60.37919615335019,61.33079528808594,3052900,0.0,0.0
2023-07-20 00:00:00-04:00,61.854183648891244,62.32998506157502,60.835968916154094,61.18806457519531,1849500,0.0,0.0
2023-07-21 00:00:00-04:00,61.06434968425166,61.492575298595234,60.70274323538317,61.14999771118164,1105300,0.0,0.0
2023-07-24 00:00:00-04:00,62.63450553291171,63.90965725415436,62.408025019442654,63.0151481628418,2591700,0.0,0.0
2023-07-25 00:00:00-04:00,62.83432726320987,63.87157801687893,62.5850063599226,63.576576232910156,1593900,0.0,0.0
2023-07-26 00:00:00-04:00,62.91045468444731,64.45205366246292,62.8819077652502,64.0714111328125,1880200,0.0,0.0
2023-07-27 00:00:00-04:00,64.36641336324777,64.63286098790853,63.700294301595854,63.99528884887695,2555000,0.0,0.0
2023-07-28 00:00:00-04:00,64.34736782007784,65.04203362426423,64.02381917390021,64.46155548095703,2228100,0.0,0.0
2023-07-31 00:00:00-04:00,65.12769747970752,65.77478766938881,65.09915055754048,65.55591583251953,1754600,0.0,0.0
2023-08-01 00:00:00-04:00,64.93737527565763,65.01350524471638,63.3386822261911,63.814483642578125,2493400,0.0,0.0
2023-08-02 00:00:00-04:00,62.977067688262736,64.26172989575333,62.3299775545423,64.11898803710938,2944200,0.0,0.0
2023-08-03 00:00:00-04:00,61.854178875076265,62.89142238980034,60.7883848093425,61.425960540771484,3697500,0.0,0.0
2023-08-04 00:00:00-04:00,61.48305461270302,63.55754891006661,61.41644271022518,62.30143356323242,2055500,0.0,0.0
2023-08-07 00:00:00-04:00,62.377561893310585,63.96673671093568,62.30048085242829,63.13883972167969,2104400,0.0,0.0
2023-08-08 00:00:00-04:00,62.20628328686944,63.191188498843175,61.37838616218918,63.09127426147461,1724900,0.0,0.0
2023-08-09 00:00:00-04:00,63.48141869521579,64.99447084571082,63.34819489078891,64.58528137207031,2034700,0.0,0.0
2023-08-10 00:00:00-04:00,65.0420491613435,65.74623319220066,63.6527099609375,63.6527099609375,1719000,0.0,0.0
2023-08-11 00:00:00-04:00,63.433846017102816,64.17609503812365,62.94852655714566,63.27206802368164,1249000,0.0,0.0
2023-08-14 00:00:00-04:00,61.44499059687224,61.6381687471702,60.61709720301129,60.740806579589844,2854700,0.0,0.0
2023-08-15 00:00:00-04:00,60.05565043130161,60.265004198964846,58.28566872670693,58.333248138427734,2851000,0.0,0.0
2023-08-16 00:00:00-04:00,58.285673113872164,59.24679037125084,58.00970742301257,58.32373809814453,2023000,0.0,0.0
2023-08-17 00:00:00-04:00,58.81856718227997,59.04694980904095,58.314215257203045,58.34276580810547,1610700,0.0,0.0
2023-08-18 00:00:00-04:00,57.72422605523193,58.60445792459087,57.49583978460382,58.495025634765625,1833800,0.0,0.0
2023-08-21 00:00:00-04:00,58.85662830934684,59.09452899552864,58.37131250676958,58.713890075683594,1224300,0.0,0.0
2023-08-22 00:00:00-04:00,58.75195642606143,58.999371548223564,57.20560192983783,57.438743591308594,1519700,0.0,0.0
2023-08-23 00:00:00-04:00,57.33406670613661,57.62906487070526,56.7631064980231,57.438743591308594,1937300,0.0,0.0
2023-08-24 00:00:00-04:00,57.09616836375248,58.475993158558495,56.88681458479421,57.905029296875,1279200,0.0,0.0
2023-08-25 00:00:00-04:00,58.20002587183367,58.491216090149926,57.3435819179173,58.00970458984375,1424800,0.0,0.0
2023-08-28 00:00:00-04:00,58.28567634709782,59.73211315899421,58.28567634709782,59.36098861694336,2199700,0.0,0.0
2023-08-29 00:00:00-04:00,59.30388135546054,60.864509239013245,58.64727678398814,60.79789733886719,1660400,0.0,0.0
2023-08-30 00:00:00-04:00,60.90257193983746,61.09288957308851,60.041372670125064,60.76934814453125,891400,0.0,0.0
2023-08-31 00:00:00-04:00,60.85500013320703,61.244206058155505,59.77968794665068,60.255489349365234,1197500,0.0,0.0
2023-09-01 00:00:00-04:00,60.90257762280385,61.787568494291335,60.74080689343,61.464019775390625,858400,0.0,0.0
2023-09-05 00:00:00-04:00,61.69241302247414,62.51079203458106,60.94064591785716,61.035804748535156,1824100,0.0,0.0
2023-09-06 00:00:00-04:00,60.90257954746316,61.37838095017772,59.75114102411233,60.255489349365234,1630800,0.0,0.0
2023-09-07 00:00:00-04:00,60.15081301149487,60.61709998766435,59.12308385984774,59.437110900878906,1059300,0.0,0.0
2023-09-08 00:00:00-04:00,59.67501000109331,60.13177890400604,59.380015459880234,59.83678436279297,661800,0.0,0.0
2023-09-11 00:00:00-04:00,60.23645642452798,60.6266134267455,59.69404311973964,59.75114059448242,1256200,0.0,0.0
2023-09-12 00:00:00-04:00,59.87484070202481,60.532399974397734,59.52274871615038,59.93193817138672,1201100,0.0,0.0
2023-09-13 00:00:00-04:00,59.88436030147145,59.989037182954526,59.00888389913002,59.90339279174805,1380600,0.0,0.0
2023-09-14 00:00:00-04:00,60.607577674285835,61.61627789334415,60.607577674285835,61.28321838378906,1369300,0.0,0.0
2023-09-15 00:00:00-04:00,61.01677366747197,61.85418151119923,60.579033624072984,60.93112564086914,1488000,0.0,0.0
2023-09-18 00:00:00-04:00,61.28322098581313,61.41644479529171,59.40856233223907,59.617916107177734,941400,0.0,0.0
2023-09-19 00:00:00-04:00,59.96049050357601,60.20886034313258,59.327677403887336,59.827266693115234,902400,0.0,0.0
2023-09-20 00:00:00-04:00,60.084200800528826,61.17854548329344,59.60839939586189,59.88436508178711,1631500,0.0,0.0
2023-09-21 00:00:00-04:00,59.541786774847075,59.855817440594265,58.67582837395168,59.237274169921875,1748100,0.0,0.0
2023-09-22 00:00:00-04:00,59.37049564612059,60.04613273484971,58.77098489059087,58.9898567199707,1302100,0.0,0.0
2023-09-25 00:00:00-04:00,58.809053813147266,59.54178842343536,58.58067116816822,59.35146713256836,926000,0.0,0.0
2023-09-26 00:00:00-04:00,58.761473106078085,59.67025552570198,58.59018431107125,59.30388641357422,1205300,0.0,0.0
2023-09-27 00:00:00-04:00,59.71307692645571,60.06516895326593,58.961309827796676,59.50372314453125,1489900,0.0,0.0
2023-09-28 00:00:00-04:00,59.73406284714401,60.90973980516891,58.91828378590952,60.40587615966797,1768900,0.53,0.0
2023-09-29 00:00:00-04:00,60.6074183423665,61.039297243964405,59.177408003876515,59.273380279541016,2024700,0.0,0.0
2023-10-02 00:00:00-04:00,59.378961751724304,59.378961751724304,57.09958504904154,57.48828125,3082700,0.0,0.0
2023-10-03 00:00:00-04:00,56.86444332023894,57.133168631885574,54.848996160673586,54.906578063964844,3880900,0.0,0.0
2023-10-04 00:00:00-04:00,55.08893002052837,55.923900560641094,54.791410098829466,55.818328857421875,2130000,0.0,0.0
2023-10-05 00:00:00-04:00,55.42483599467048,56.79726079790331,55.42483599467048,56.30779266357422,1875900,0.0,0.0
2023-10-06 00:00:00-04:00,56.15423935985841,56.60531715517388,54.9401720114707,56.346187591552734,1223200,0.0,0.0
2023-10-09 00:00:00-04:00,56.53813437717292,58.69754369100995,56.33659038654737,58.572776794433594,1414400,0.0,0.0
2023-10-10 00:00:00-04:00,58.26565984766998,59.62848893364663,58.26565984766998,59.446136474609375,1583600,0.0,0.0
2023-10-11 00:00:00-04:00,59.5805048589871,59.801244041325866,58.140898630693236,58.294456481933594,1592500,0.0,0.0
2023-10-12 00:00:00-04:00,58.63036762723997,58.63036762723997,57.11398052664959,57.48828125,1837800,0.0,0.0
2023-10-13 00:00:00-04:00,58.19848425258491,58.71674340652653,57.52666723759854,57.977745056152344,1794100,0.0,0.0
2023-10-16 00:00:00-04:00,58.44801746130398,59.225402523079104,57.87217274250252,58.889495849609375,1134300,0.0,0.0
2023-10-17 00:00:00-04:00,58.52479060119011,60.01238295051676,58.40002370472424,59.820438385009766,1423200,0.0,0.0
2023-10-18 00:00:00-04:00,59.39815338610302,59.48452990768822,58.4480153097738,58.8798942565918,1162900,0.0,0.0
2023-10-19 00:00:00-04:00,58.70714048538056,59.398152649492786,58.284857307927524,58.419219970703125,990600,0.0,0.0
2023-10-20 00:00:00-04:00,57.804987794830886,58.10250773067119,56.787664751309634,57.00840759277344,1459400,0.0,0.0
2023-10-23 00:00:00-04:00,55.655176115651884,56.183030978836776,54.34993260305139,54.50349044799805,2126800,0.0,0.0
2023-10-24 00:00:00-04:00,54.56107506693788,55.396049322677094,54.00826606539736,54.44590759277344,1413100,0.0,0.0
2023-10-25 00:00:00-04:00,53.83167229964397,54.551475368192726,53.399789726293164,53.812477111816406,1316000,0.0,0.0
2023-10-26 00:00:00-04:00,53.7932874174009,54.27315617877131,53.24623732232728,53.90845489501953,1652900,0.0,0.0
2023-10-27 00:00:00-04:00,54.01402634362428,54.18677938975977,52.84314906117142,53.255836486816406,1931200,0.0,0.0
2023-10-30 00:00:00-04:00,53.93724745724779,54.82980361231213,53.27982596119478,53.79328536987305,1452200,0.0,0.0
2023-10-31 00:00:00-04:00,53.30382386733844,53.46697749185877,51.35555417096088,51.537906646728516,3363700,0.0,0.0
2023-11-01 00:00:00-04:00,51.85461466427092,52.26730207189961,51.0004488962839,51.9793815612793,1895900,0.0,0.0
2023-11-02 00:00:00-04:00,51.345955442902955,53.543755162022094,51.03883974061909,53.15985870361328,2426000,0.0,0.0
2023-11-03 00:00:00-04:00,53.68771479524944,54.9737632003951,53.5917425090433,53.956443786621094,2647400,0.0,0.0
2023-11-06 00:00:00-05:00,53.19825032992282,53.28462685203615,51.235585223445305,51.653072357177734,3160600,0.0,0.0
2023-11-07 00:00:00-05:00,51.125217735473804,51.451528636201736,50.472595934017946,50.93326950073242,2743500,0.0,0.0
2023-11-08 00:00:00-05:00,51.5666965183241,51.90260684704144,50.42461018734457,51.05803680419922,2182700,0.0,0.0
2023-11-09 00:00:00-05:00,51.51870841395669,52.44005551957217,51.49471351242284,52.104148864746094,2249400,0.0,0.0
2023-11-10 00:00:00-05:00,52.01777078198218,52.113743063018305,50.501383846078056,51.39393997192383,1711900,0.0,0.0
2023-11-13 00:00:00-05:00,51.077228285636224,52.315286814302226,51.062832809656406,52.11374282836914,1482200,0.0,0.0
2023-11-14 00:00:00-05:00,53.74530167175214,54.58987172313281,53.649329383210116,54.03322219848633,1790500,0.0,0.0
2023-11-15 00:00:00-05:00,54.34993515167357,56.12544804594735,54.27315439504587,55.90470886230469,2433100,0.0,0.0
2023-11-16 00:00:00-05:00,55.43443640428255,55.81833286883081,54.47469890401991,54.887386322021484,1645800,0.0,0.0
2023-11-17 00:00:00-05:00,55.38644851668368,55.63598230911154,53.87966098162744,54.26355743408203,1450600,0.0,0.0
2023-11-20 00:00:00-05:00,54.234764538423285,54.705037524521615,53.26543127387631,54.46510314941406,1129000,0.0,0.0
2023-11-21 00:00:00-05:00,54.31154275636969,54.48429579125843,53.66851675737095,54.01402282714844,1208400,0.0,0.0
2023-11-22 00:00:00-05:00,53.84126965787162,53.90845098670424,52.833546064274465,53.2750244140625,1743800,0.0,0.0
2023-11-24 00:00:00-05:00,53.08308451103195,54.37872872206499,53.08308451103195,53.7357063293457,723500,0.0,0.0
2023-11-27 00:00:00-05:00,53.05428214021465,53.22703516458152,52.30568814202994,52.89112854003906,1129600,0.0,0.0
2023-11-28 00:00:00-05:00,52.82395241349122,53.5821459104804,52.24810772189738,53.179054260253906,1219300,0.0,0.0
2023-11-29 00:00:00-05:00,53.16945636954541,53.56294857889698,52.862340677422615,53.2750244140625,1011100,0.0,0.0
2023-11-30 00:00:00-05:00,52.77596681631186,53.09267828801832,51.249984042542124,51.31716537475586,2894200,0.0,0.0
2023-12-01 00:00:00-05:00,51.50910983979994,53.46025708419909,51.44192850772493,53.409393310546875,1735300,0.0,0.0
2023-12-04 00:00:00-05:00,52.77596546299364,53.21744382367977,51.84405972861509,52.08495330810547,1094200,0.0,0.0
2023-12-05 00:00:00-05:00,51.825825042657975,52.027369039157946,51.07723096359637,51.21159362792969,1443600,0.0,0.0
2023-12-06 00:00:00-05:00,51.50911230404675,52.20972393396071,51.1348152471198,51.240386962890625,1363900,0.0,0.0
2023-12-07 00:00:00-05:00,51.80663056445812,52.68959098108144,51.34595699708824,52.09455108642578,2357500,0.0,0.0
2023-12-08 00:00:00-05:00,52.02736835964795,52.80475704313352,51.71065689229988,52.228912353515625,899700,0.0,0.0
2023-12-11 00:00:00-05:00,51.98898089970458,52.66079791141533,51.66267365004514,52.382476806640625,1615400,0.0,0.0
2023-12-12 00:00:00-05:00,51.912201840892074,51.96018798396576,50.405414249508524,50.491790771484375,2245600,0.0,0.0
2023-12-13 00:00:00-05:00,50.36702238403048,53.0926769668001,50.18467358128925,53.035091400146484,1957000,0.0,0.0
2023-12-14 00:00:00-05:00,53.505364082801904,55.21369561200769,53.10227610175206,53.2270393371582,2732400,0.0,0.0
2023-12-15 00:00:00-05:00,53.11187529846929,53.45258168383759,52.420863102168425,52.67999267578125,2403400,0.0,0.0
2023-12-18 00:00:00-05:00,53.332609553765955,54.11959396619057,52.63200165788101,52.72797393798828,1690600,0.0,0.0
2023-12-19 00:00:00-05:00,53.12146925432422,54.7626231646632,53.12146925432422,54.676246643066406,1616600,0.0,0.0
2023-12-20 00:00:00-05:00,54.2539585144934,54.839398962441,53.21744394098433,53.24623489379883,1384500,0.0,0.0
2023-12-21 00:00:00-05:00,53.55335623500518,54.628261299559625,53.17714074379904,54.397926330566406,1198200,0.0,0.0
2023-12-22 00:00:00-05:00,54.772216796875,55.40564337689369,54.67624451488436,54.772216796875,863100,0.0,0.0
2023-12-26 00:00:00-05:00,55.04094351328535,55.47282611542809,54.76262242400045,55.06013870239258,749000,0.0,0.0
2023-12-27 00:00:00-05:00,54.82020273107591,55.54000582661406,54.7434256379946,55.17530822753906,1062400,0.0,0.0
2023-12-28 00:00:00-05:00,55.21405700401751,55.3690436828885,54.68129052634686,54.768470764160156,1007500,0.53,0.0
2023-12-29 00:00:00-05:00,54.487553035328716,54.80721512015268,54.109773258844896,54.56504821777344,1139400,0.0,0.0
2024-01-02 00:00:00-05:00,54.565046309923666,55.90180490379267,54.14851895678123,55.24311065673828,1589300,0.0,0.0
2024-01-03 00:00:00-05:00,54.66191169458844,55.378723632649766,54.41974480021056,55.030006408691406,1462300,0.0,0.0
2024-01-04 00:00:00-05:00,55.068754647565626,55.223741324386665,53.857920080159396,54.041969299316406,1285600,0.0,0.0
2024-01-05 00:00:00-05:00,54.245385934237554,54.843054408786536,53.53825902530137,54.41974639892578,1429600,0.0,0.0
2024-01-08 00:00:00-05:00,53.88698006004209,54.022592933915064,53.11204671278679,53.993534088134766,1020500,0.0,0.0
2024-01-09 00:00:00-05:00,53.383272956744136,53.47045319006907,51.55249175209412,51.58155059814453,3112400,0.0,0.0
2024-01-10 00:00:00-05:00,51.58154888803975,52.090100848103944,50.48695348262147,51.620296478271484,2807900,0.0,0.0
2024-01-11 00:00:00-05:00,51.62998315598895,51.76559603090193,50.72912197815419,51.22314453125,1712900,0.0,0.0
2024-01-12 00:00:00-05:00,50.91316944046532,51.4653096665945,49.13082094176847,49.624839782714844,3187600,0.0,0.0
2024-01-16 00:00:00-05:00,48.4043227183898,48.772413757757725,47.5809530146827,47.890926361083984,3549500,0.0,0.0
2024-01-17 00:00:00-05:00,47.25160940275258,47.49377632867103,46.776964297249876,47.38722229003906,3138000,0.0,0.0
2024-01-18 00:00:00-05:00,47.74563031759262,48.472131069734296,47.29035533046152,48.42369842529297,2651700,0.0,0.0
2024-01-19 00:00:00-05:00,48.6464871627204,49.886380485536435,48.08465819133589,49.837947845458984,2481000,0.0,0.0
2024-01-22 00:00:00-05:00,49.68296327018986,49.68296327018986,48.98552139917878,49.45048141479492,1906100,0.0,0.0
2024-01-23 00:00:00-05:00,49.83795317580608,50.525706345914905,49.6151600514824,49.86701202392578,2343700,0.0,0.0
2024-01-24 00:00:00-05:00,50.32228569200014,50.32228569200014,49.18410193017381,49.557037353515625,1992600,0.0,0.0
2024-01-25 00:00:00-05:00,49.82825655444568,49.9154367802002,48.54961570682832,48.93708419799805,2233500,0.0,0.0
2024-01-26 00:00:00-05:00,49.13082084583214,49.4407941758547,48.72397854069405,49.26643371582031,1566300,0.0,0.0
2024-01-29 00:00:00-05:00,49.03395696939556,49.65874806695726,48.13309573060185,49.576412200927734,1453600,0.0,0.0
2024-01-30 00:00:00-05:00,49.21800306165158,50.08980170182446,49.082386491018106,49.518287658691406,1569800,0.0,0.0
2024-01-31 00:00:00-05:00,49.57641298237786,49.837953703747665,48.152470286644665,48.307456970214844,1638700,0.0,0.0
2024-02-01 00:00:00-05:00,48.78209764742471,50.69037387357972,48.62711098965199,50.361026763916016,2530500,0.0,0.0
2024-02-02 00:00:00-05:00,49.69264910490979,49.925130963974304,48.84022054857163,49.392364501953125,1495700,0.0,0.0
2024-02-05 00:00:00-05:00,48.75304076617698,49.11144673385746,48.2396444393119,48.549617767333984,1373700,0.0,0.0
2024-02-06 00:00:00-05:00,48.38494965833882,49.111450392862906,48.02654366395561,48.830535888671875,2100000,0.0,0.0
2024-02-07 00:00:00-05:00,49.13082062211583,49.39236131097648,47.85217971780164,48.12340545654297,2292500,0.0,0.0
2024-02-08 00:00:00-05:00,47.803741152195954,47.832803690828904,47.004593395670646,47.51314163208008,1869800,0.0,0.0
2024-02-09 00:00:00-05:00,47.503459738290786,48.15246525315702,47.34847307092171,47.571266174316406,1218000,0.0,0.0
2024-02-12 00:00:00-05:00,47.75531141726819,48.76272659706229,47.658446136399895,48.49150085449219,1288700,0.0,0.0
2024-02-13 00:00:00-05:00,47.629383579427035,48.16215370953807,46.757584966394944,47.28066635131836,1365100,0.0,0.0
2024-02-14 00:00:00-05:00,47.71656196509004,47.929670008893744,46.3991771988832,47.31940841674805,1546200,0.0,0.0
2024-02-15 00:00:00-05:00,47.45502544427011,48.87412356909169,47.42596290471907,48.82084655761719,2025900,0.0,0.0
2024-02-16 00:00:00-05:00,48.72398050656393,49.74108076768582,48.491502347253984,49.518287658691406,1611600,0.0,0.0
2024-02-20 00:00:00-05:00,49.402046765759785,49.53765963624194,48.75304125840273,48.98551940917969,2143300,0.0,0.0
2024-02-21 00:00:00-05:00,49.02426785131535,49.35361498328412,48.49150141008831,48.85959243774414,2109500,0.0,0.0
2024-02-22 00:00:00-05:00,50.3222843470803,52.52116032063134,50.1866714694895,52.45335388183594,3691100,0.0,0.0
2024-02-23 00:00:00-05:00,51.174711510267926,52.06588393604808,50.83567563032433,51.57186508178711,2660000,0.0,0.0
2024-02-26 00:00:00-05:00,51.51374547953188,52.0852595359231,51.010037862443525,51.89152526855469,1498000,0.0,0.0
2024-02-27 00:00:00-05:00,52.17243863180762,52.27899266129133,51.010036748162854,51.51374435424805,1827700,0.0,0.0
2024-02-28 00:00:00-05:00,51.29094846430448,52.031978562591945,51.02456340503678,51.10689926147461,1752600,0.0,0.0
2024-02-29 00:00:00-05:00,50.45789357769943,50.96160115461121,50.264159325783595,50.60319519042969,2394400,0.0,0.0
2024-03-01 00:00:00-05:00,51.2425156351305,51.683257455444874,50.44820852793172,50.60319519042969,1740300,0.0,0.0
2024-03-04 00:00:00-05:00,50.486954598834416,50.486954598834416,49.29549388666845,49.36330032348633,1882000,0.0,0.0
2024-03-05 00:00:00-05:00,49.15988500962632,49.74108414250798,49.01458337881892,49.29549789428711,1725000,0.0,0.0
2024-03-06 00:00:00-05:00,49.84763561802294,50.932546029917056,49.69264894420575,50.81630325317383,1990600,0.0,0.0
2024-03-07 00:00:00-05:00,51.14564913291107,52.08525789824141,51.14564913291107,52.07556915283203,2022000,0.0,0.0
2024-03-08 00:00:00-05:00,51.96902010504102,52.317737349756925,51.05362948541749,51.24251937866211,1377800,0.0,0.0
2024-03-11 00:00:00-04:00,51.116593324635296,51.79950210963067,51.116593324635296,51.56217956542969,1373800,0.0,0.0
2024-03-12 00:00:00-04:00,51.65904703012029,51.99807922615077,50.96160514665897,51.320011138916016,2751900,0.0,0.0
2024-03-13 00:00:00-04:00,51.21345905848733,52.23055938050404,51.06816112401291,51.99808120727539,2636900,0.0,0.0
2024-03-14 00:00:00-04:00,51.93027086062416,52.07556878417301,51.22314395286688,51.42656326293945,1648800,0.0,0.0
2024-03-15 00:00:00-04:00,51.300635802897894,52.37585744257,51.300635802897894,52.07556915283203,3273800,0.0,0.0
2024-03-18 00:00:00-04:00,52.3177349259337,52.782698621027876,51.959328952173315,52.12400436401367,2002500,0.0,0.0
2024-03-19 00:00:00-04:00,52.017453888413485,52.06298212554523,51.36844463712636,51.40719223022461,1103000,0.0,0.0
2024-03-20 00:00:00-04:00,51.31032654661522,52.22087280635283,51.03909709219484,51.96902084350586,1486600,0.0,0.0
2024-03-21 00:00:00-04:00,52.3080552364191,52.463041918942274,51.76560000000101,51.93996047973633,2522900,0.0,0.0
2024-03-22 00:00:00-04:00,51.92058328734561,51.95933087923613,50.320347650143745,50.593509674072266,2884900,0.0,0.0
2024-03-25 00:00:00-04:00,50.825992853857095,51.34907057730612,50.603199737445244,50.90348434448242,1280000,0.0,0.0
2024-03-26 00:00:00-04:00,51.620295998169915,52.220868860481794,51.068155775610464,51.39750289916992,2389200,0.0,0.0
2024-03-27 00:00:00-04:00,51.62258689105593,52.56696232663604,51.3583570883729,52.48377990722656,3249500,0.54,0.0
2024-03-28 00:00:00-04:00,52.61099825267987,53.73642106067055,52.48377940063451,53.14924621582031,3273900,0.0,0.0
2024-04-01 00:00:00-04:00,53.579842774117914,54.025119971740665,53.325401327738305,53.68749237060547,1729600,0.0,0.0
2024-04-02 00:00:00-04:00,53.69727422956371,54.53889423157915,53.24710660672596,53.43304443359375,2229500,0.0,0.0
2024-04-03 00:00:00-04:00,53.462407158008226,55.155431834959735,53.42326117245443,54.98906326293945,3446200,0.0,0.0
2024-04-04 00:00:00-04:00,55.39030028194916,55.87961390187156,54.76397944575515,54.98906326293945,2560300,0.0,0.0
2024-04-05 00:00:00-04:00,54.22573729801038,55.86983142289592,54.14744905705558,55.54688262939453,2053400,0.0,0.0
2024-04-08 00:00:00-04:00,55.908974257870284,56.20256167794054,54.52911002369016,54.53889465332031,2534000,0.0,0.0
2024-04-09 00:00:00-04:00,55.175005417198214,55.28265501203788,54.08872857205859,55.03799819946289,1723100,0.0,0.0
2024-04-10 00:00:00-04:00,54.646545449304,54.89120226028169,53.65813357554746,54.29423904418945,1646000,0.0,0.0
2024-04-11 00:00:00-04:00,54.33338334232965,54.499748176707236,53.11988395497783,53.42325973510742,1660500,0.0,0.0
2024-04-12 00:00:00-04:00,53.090527898038296,53.20796212183485,51.37793022390803,51.7889518737793,2302600,0.0,0.0
2024-04-15 00:00:00-04:00,52.30762871675691,52.557179717747665,51.14305986757792,51.24092483520508,1668600,0.0,0.0
2024-04-16 00:00:00-04:00,51.0060491902988,51.13327177301111,50.291651774273085,50.56566619873047,1471600,0.0,0.0
2024-04-17 00:00:00-04:00,50.82011290400756,51.26049590891952,50.438448877472744,50.70267868041992,1262400,0.0,0.0
2024-04-18 00:00:00-04:00,51.20177807910703,51.82809892984635,50.93754827023262,51.52472686767578,1536600,0.0,0.0
2024-04-19 00:00:00-04:00,51.50515516831107,51.94553819416467,51.30453478252399,51.651947021484375,1030800,0.0,0.0
2024-04-22 00:00:00-04:00,51.65194583929901,51.65194583929901,50.790756534192276,51.18220520019531,978000,0.0,0.0
2024-04-23 00:00:00-04:00,50.88861748205607,51.505153700683046,50.62438767407308,51.15284729003906,1510700,0.0,0.0
2024-04-24 00:00:00-04:00,51.14305533274363,51.44643110573741,50.71246071286518,51.17241668701172,1138900,0.0,0.0
2024-04-25 00:00:00-04:00,50.99626475318669,51.1919909427518,50.34058257811856,50.93754577636719,1536400,0.0,0.0
2024-04-26 00:00:00-04:00,51.09412739779158,51.50319286809097,50.65276630268786,51.42686080932617,1227900,0.0,0.0
2024-04-29 00:00:00-04:00,52.36634284769455,53.46240806274936,51.867244589520816,52.924163818359375,1890700,0.0,0.0
2024-04-30 00:00:00-04:00,52.601216615164276,52.689293220218666,51.61280469903553,51.64216232299805,1447100,0.0,0.0
2024-05-01 00:00:00-04:00,51.50515198428232,51.90638899788532,50.565667009484294,51.34857177734375,1825000,0.0,0.0
2024-05-02 00:00:00-04:00,51.377927111442595,51.622583907211364,50.49227070537289,51.495361328125,2136200,0.0,0.0
2024-05-03 00:00:00-04:00,52.02382420537834,52.640360415139504,51.77916739407894,51.79874038696289,989200,0.0,0.0
2024-05-06 00:00:00-04:00,52.13147360203833,53.10031248053798,52.13147360203833,52.855655670166016,1554000,0.0,0.0
2024-05-07 00:00:00-04:00,52.97309148032987,54.15722949858388,52.88501488283853,54.07893753051758,1682100,0.0,0.0
2024-05-08 00:00:00-04:00,53.63856008208797,54.43124575303099,53.46240688117471,54.24530792236328,1749800,0.0,0.0
2024-05-09 00:00:00-04:00,54.94013420965271,57.063757321741996,54.94013420965271,56.9267463684082,3298700,0.0,0.0
2024-05-10 00:00:00-04:00,57.22033753524243,57.836870025994074,56.89738874499149,56.9267463684082,2178400,0.0,0.0
2024-05-13 00:00:00-04:00,56.985464168894055,57.17140200196257,55.63495752217709,55.74260711669922,1365700,0.0,0.0
2024-05-14 00:00:00-04:00,56.173203530248614,56.72123238040721,56.02151377365124,56.27106475830078,901900,0.0,0.0
2024-05-15 00:00:00-04:00,56.66251929856903,56.92674537102364,55.933439309049106,56.11448669433594,1522300,0.0,0.0
2024-05-16 00:00:00-04:00,55.987262287199144,56.173203847983174,55.546879292140346,55.948116302490234,1855500,0.0,0.0
2024-05-17 00:00:00-04:00,56.19277546297327,56.740808072373774,55.62517359356449,56.525508880615234,1151500,0.0,0.0
2024-05-20 00:00:00-04:00,56.760381294154946,59.37527420883553,56.760381294154946,58.68827819824219,2281500,0.0,0.0
2024-05-21 00:00:00-04:00,58.02280732472987,58.707847108302595,57.83686576833404,58.306610107421875,1490800,0.0,0.0
2024-05-22 00:00:00-04:00,57.82708511558813,59.539682825707565,57.44542108035391,59.040584564208984,1877300,0.0,0.0
2024-05-23 00:00:00-04:00,59.20694520378318,59.56903622007342,57.660712446210745,57.944515228271484,1204100,0.0,0.0
2024-05-24 00:00:00-04:00,58.14024543719955,58.36532925929026,57.5041362241678,57.60200119018555,902700,0.0,0.0
2024-05-28 00:00:00-04:00,58.17938834812082,58.551267732996436,57.915158553590764,58.0325927734375,1135400,0.0,0.0
2024-05-29 00:00:00-04:00,57.259479501072114,57.30841385074315,55.723034997203584,55.820899963378906,1475600,0.0,0.0
2024-05-30 00:00:00-04:00,55.820898979911696,56.86802983395521,55.820898979911696,56.08512878417969,1386800,0.0,0.0
2024-05-31 00:00:00-04:00,56.27106870099829,57.494352803193905,55.92855064565025,57.35734558105469,1427600,0.0,0.0
2024-06-03 00:00:00-04:00,57.51392354309859,57.990514532793206,55.9872636994413,56.43743133544922,905900,0.0,0.0
2024-06-04 00:00:00-04:00,56.00683571833788,56.18298891774146,55.566452719828916,55.98726272583008,1733300,0.0,0.0
2024-06-05 00:00:00-04:00,56.20256183288702,56.31999605460556,54.382314596999926,54.548683166503906,1481100,0.0,0.0
2024-06-06 00:00:00-04:00,54.40188888538641,54.812910537775544,53.85385628236755,54.6759033203125,1568000,0.0,0.0
2024-06-07 00:00:00-04:00,54.06915450308801,54.72483295582086,53.83428232509666,54.22573471069336,1290300,0.0,0.0
2024-06-10 00:00:00-04:00,54.37253105508257,54.675903111688406,53.63856062161682,53.941932678222656,1415400,0.0,0.0
2024-06-11 00:00:00-04:00,53.325403133379965,53.64834820061106,51.88584172036999,52.06297302246094,2142400,0.0,0.0
2024-06-12 00:00:00-04:00,52.93394623183183,53.30582561898114,50.663531390692,51.29963684082031,2653300,0.0,0.0
2024-06-13 00:00:00-04:00,51.37792830838704,51.37792830838704,49.96870647586837,50.18400192260742,2086100,0.0,0.0
2024-06-14 00:00:00-04:00,49.83169874973418,50.15464754045128,49.322815854998304,50.12528991699219,1730000,0.0,0.0
2024-06-17 00:00:00-04:00,50.056785117164296,50.056785117164296,49.06836950830872,49.655548095703125,1423900,0.0,0.0
2024-06-18 00:00:00-04:00,49.69468928804948,50.41887507710144,49.37174424506455,49.91977310180664,1702300,0.0,0.0
2024-06-20 00:00:00-04:00,49.96870952833137,50.98647904740679,49.76808914695186,50.829898834228516,1731800,0.0,0.0
2024-06-21 00:00:00-04:00,50.79075272011673,51.00604816364266,50.04699396417922,50.467803955078125,2744100,0.0,0.0
2024-06-24 00:00:00-04:00,50.45802300214577,51.62258810066628,50.38951939241908,51.52472686767578,1714500,0.0,0.0
2024-06-25 00:00:00-04:00,51.143057324562015,51.143057324562015,50.311225673510215,51.00605010986328,1723900,0.0,0.0
2024-06-26 00:00:00-04:00,50.85925863363852,51.13327306501956,50.58328428977145,51.0354118347168,1385700,0.0,0.0
2024-06-27 00:00:00-04:00,50.83968756564715,51.25070922827928,50.50695414358776,50.85926055908203,1170900,0.0,0.0
2024-06-28 00:00:00-04:00,51.22515057646395,51.472376210300524,50.117580793137996,50.345027923583984,2118400,0.54,0.0
2024-07-01 00:00:00-04:00,50.57247597218758,50.63181148343658,49.59346455694428,49.61323928833008,1377800,0.0,0.0
2024-07-02 00:00:00-04:00,49.92969261440517,50.226362632092595,49.01990028481791,49.425350189208984,2009300,0.0,0.0
2024-07-03 00:00:00-04:00,49.820914236302904,50.79003833535483,49.76157872202313,50.33514404296875,1165700,0.0,0.0
2024-07-05 00:00:00-04:00,50.82959202300902,50.82959202300902,49.32645971076551,49.37590408325195,2027700,0.0,0.0
2024-07-08 00:00:00-04:00,49.46490640190125,49.54401664490892,48.10021981565295,48.53533935546875,2538000,0.0,0.0
2024-07-09 00:00:00-04:00,48.56500619796988,48.8221192083505,47.971662387888195,48.02111053466797,2821000,0.0,0.0
2024-07-10 00:00:00-04:00,48.13977600170191,48.17933300871254,47.328876219803085,47.75410461425781,2939900,0.0,0.0
2024-07-11 00:00:00-04:00,48.238666974227435,49.21768219494438,48.14966559052589,49.11878967285156,2221200,0.0,0.0
2024-07-12 00:00:00-04:00,49.35612832684927,49.880245494631765,48.990235423248144,49.12868118286133,2447400,0.0,0.0
2024-07-15 00:00:00-04:00,49.07923682004543,49.47479559441693,48.406782754013456,49.45501708984375,1592500,0.0,0.0
2024-07-16 00:00:00-04:00,49.14845676118231,50.59225355742055,48.87848377364649,50.345027923583984,1513900,0.0,0.0
2024-07-17 00:00:00-04:00,50.35491821106897,51.84816323861489,49.93958093285716,51.6207160949707,2649400,0.0,0.0
2024-07-18 00:00:00-04:00,51.46248881942248,51.798715832169044,49.46490524632392,50.23624801635742,2218200,0.0,0.0
2024-07-19 00:00:00-04:00,50.048359927384055,50.21647155440962,49.34624000445853,49.96924591064453,1400400,0.0,0.0
2024-07-22 00:00:00-04:00,50.186806037887365,50.226363046535816,49.23251489533643,49.870357513427734,1476000,0.0,0.0
2024-07-23 00:00:00-04:00,49.86046380541207,49.86046380541207,48.79245103349426,49.039676666259766,1752400,0.0,0.0
2024-07-24 00:00:00-04:00,49.178125190250945,49.69235498808495,48.832010793806894,48.9012336730957,1708200,0.0,0.0
2024-07-25 00:00:00-04:00,48.79245324402398,50.36480849054229,48.56500610425894,50.186805725097656,1747800,0.0,0.0
2024-07-26 00:00:00-04:00,50.60214410686899,50.958149645572064,50.0177030640316,50.65159225463867,1484800,0.0,0.0
2024-07-29 00:00:00-04:00,50.43402922015651,50.582366109161306,49.168235184140364,49.80113220214844,1303900,0.0,0.0
2024-07-30 00:00:00-04:00,49.84069133249084,50.35491735225984,49.57368718432389,50.186805725097656,1069700,0.0,0.0
2024-07-31 00:00:00-04:00,50.651591553677754,51.22515309070101,50.18680613209596,50.631813049316406,1731600,0.0,0.0
2024-08-01 00:00:00-04:00,50.43403196301922,50.83948187300384,48.86167669798348,49.33634948730469,1367700,0.0,0.0
2024-08-02 00:00:00-04:00,48.35733815440005,48.515562417887345,46.98276038567192,47.38821029663086,2077300,0.0,0.0
2024-08-05 00:00:00-04:00,45.88508096390256,47.022316661113514,45.394583114088626,46.71575927734375,1693200,0.0,0.0
2024-08-06 00:00:00-04:00,46.56742028279349,47.12120705757546,45.96418913599043,46.65642166137695,7409000,0.0,0.0
2024-08-07 00:00:00-04:00,46.94320465010693,47.56621053246841,46.05319085764223,46.557533264160156,4040800,0.0,0.0
2024-08-08 00:00:00-04:00,46.13230642235534,46.21141666636538,44.401726923995916,45.51918411254883,4417500,0.0,0.0
2024-08-09 00:00:00-04:00,45.54885443698264,45.81585858769739,44.83684336840995,45.43018341064453,2471000,0.0,0.0
2024-08-12 00:00:00-04:00,45.538963665480026,46.24108360133234,45.25218100806518,45.657630920410156,1698600,0.0,0.0
2024-08-13 00:00:00-04:00,45.84552488244459,46.45864343474386,45.420296465040444,45.983970642089844,2806900,0.0,0.0
2024-08-14 00:00:00-04:00,45.964189958651936,46.1520800846404,45.04451028761708,45.3807373046875,1867000,0.0,0.0
2024-08-15 00:00:00-04:00,45.81585726317924,46.46853279971429,45.76640911745256,45.82574462890625,2624700,0.0,0.0
2024-08-16 00:00:00-04:00,45.95430306453405,46.35975296230584,45.662574848376615,46.260860443115234,1491100,0.0,0.0
2024-08-19 00:00:00-04:00,46.30041788701616,47.447544713887815,46.290530521185886,46.81464767456055,1215400,0.0,0.0
2024-08-20 00:00:00-04:00,46.686089552354765,46.85420495134501,46.20152940424981,46.2806396484375,1327600,0.0,0.0
2024-08-21 00:00:00-04:00,46.62675656927128,47.482155159338866,46.50808554760751,47.220096588134766,1682400,0.0,0.0
2024-08-22 00:00:00-04:00,47.131097901304926,47.180542276975,46.31031070256232,46.64653396606445,1615300,0.0,0.0
2024-08-23 00:00:00-04:00,46.97287275082918,47.862886585579965,46.97287275082918,47.70466232299805,1234500,0.0,0.0
2024-08-26 00:00:00-04:00,48.08044297668173,48.703452666031986,48.0112200970166,48.040889739990234,1344900,0.0,0.0
2024-08-27 00:00:00-04:00,47.72443635309945,48.039896514259866,47.516767718833194,47.90243911743164,1342100,0.0,0.0
2024-08-28 00:00:00-04:00,47.55632501702095,47.83321653106464,47.12120924175745,47.2596549987793,1180300,0.0,0.0
2024-08-29 00:00:00-04:00,47.66510597206351,48.00627480312295,47.01243040836035,47.72443771362305,1297900,0.0,0.0
2024-08-30 00:00:00-04:00,47.72443565417173,47.981552431047824,47.30909839172187,47.882659912109375,1374900,0.0,0.0
2024-09-03 00:00:00-04:00,47.30909810392827,47.41787798791689,45.46973875886505,45.92463302612305,2594400,0.0,0.0
2024-09-04 00:00:00-04:00,46.063081971190684,46.90364761845786,46.03341232988167,46.448753356933594,1255600,0.0,0.0
2024-09-05 00:00:00-04:00,46.864093683012236,47.022317948362755,45.88508222001965,45.993858337402344,1396300,0.0,0.0
2024-09-06 00:00:00-04:00,45.82574429924963,46.3795310850753,45.529074288843105,45.81585693359375,2093500,0.0,0.0
2024-09-09 00:00:00-04:00,45.83563091265393,46.23119343494658,45.56863054832475,45.57851791381836,1520100,0.0,0.0
2024-09-10 00:00:00-04:00,45.02473239124706,45.42029492455813,44.1495552846785,44.747840881347656,3695600,0.0,0.0
2024-09-11 00:00:00-04:00,45.0642884154876,45.20273416741562,44.461057262917976,45.153289794921875,2488400,0.0,0.0
2024-09-12 00:00:00-04:00,45.15329225768407,45.934526211732496,45.034625002753934,45.657630920410156,1752000,0.0,0.0
2024-09-13 00:00:00-04:00,45.90485356743744,46.32019459108367,45.81585596133157,46.22130584716797,2178100,0.0,0.0
2024-09-16 00:00:00-04:00,46.4289765443313,46.61686667509973,45.61807673647858,46.06308364868164,1746000,0.0,0.0
2024-09-17 00:00:00-04:00,46.29053047850548,46.76520325756328,46.092749210807085,46.37953186035156,1170500,0.0,0.0
2024-09-18 00:00:00-04:00,46.270752983285604,47.12120981227547,46.07297171127522,46.300418853759766,1803300,0.0,0.0
2024-09-19 00:00:00-04:00,47.20031950643296,47.615660550040616,46.51303251780544,47.36843490600586,2989500,0.0,0.0
2024-09-20 00:00:00-04:00,47.31898806321575,47.3288792017735,46.290532222687915,46.537757873535156,3290100,0.0,0.0
2024-09-23 00:00:00-04:00,46.715759973538276,47.032208500292406,46.34986329943305,46.953094482421875,1717000,0.0,0.0
2024-09-24 00:00:00-04:00,47.29921231715838,47.88266121918447,47.071761403573056,47.160762786865234,2274200,0.0,0.0
2024-09-25 00:00:00-04:00,47.31898488012693,47.467321769602464,46.62181055326508,46.66630935668945,1953400,0.0,0.0
2024-09-26 00:00:00-04:00,46.8245352064182,48.846842924814474,46.8245352064182,48.119998931884766,3111800,0.0,0.0
2024-09-27 00:00:00-04:00,48.5099983215332,48.93000030517578,47.959999084472656,48.25,1998200,0.54,0.0
2024-09-30 00:00:00-04:00,48.16999816894531,48.349998474121094,47.68000030517578,48.060001373291016,1904500,0.0,0.0
2024-10-01 00:00:00-04:00,47.810001373291016,49.33000183105469,47.65999984741211,49.29999923706055,2218300,0.0,0.0
2024-10-02 00:00:00-04:00,49.52000045776367,50.709999084472656,49.40999984741211,49.83000183105469,1990900,0.0,0.0
2024-10-03 00:00:00-04:00,49.599998474121094,50.189998626708984,48.939998626708984,49.939998626708984,1548800,0.0,0.0
2024-10-04 00:00:00-04:00,50.130001068115234,50.529998779296875,49.77000045776367,49.81999969482422,1258300,0.0,0.0
2024-10-07 00:00:00-04:00,49.83000183105469,50.33000183105469,49.525001525878906,49.61000061035156,2023200,0.0,0.0
2024-10-08 00:00:00-04:00,49.040000915527344,49.15999984741211,47.83000183105469,48.56999969482422,1929800,0.0,0.0
2024-10-09 00:00:00-04:00,48.95000076293945,49.90999984741211,48.790000915527344,49.029998779296875,2207500,0.0,0.0
2024-10-10 00:00:00-04:00,48.720001220703125,49.11000061035156,48.11000061035156,49.029998779296875,1963900,0.0,0.0
2024-10-11 00:00:00-04:00,49.189998626708984,49.689998626708984,49.029998779296875,49.04999923706055,1897900,0.0,0.0
2024-10-14 00:00:00-04:00,48.869998931884766,48.8849983215332,48.060001373291016,48.540000915527344,1243100,0.0,0.0
2024-10-15 00:00:00-04:00,48.54999923706055,48.81999969482422,47.869998931884766,47.900001525878906,3358500,0.0,0.0
2024-10-16 00:00:00-04:00,48.0,48.54999923706055,47.959999084472656,48.0,2348400,0.0,0.0
2024-10-17 00:00:00-04:00,48.0,48.310001373291016,47.43000030517578,48.29999923706055,2296200,0.0,0.0
2024-10-18 00:00:00-04:00,48.47999954223633,48.70000076293945,47.611000061035156,47.68000030517578,1660700,0.0,0.0
2024-10-21 00:00:00-04:00,47.7400016784668,48.08000183105469,46.709999084472656,47.310001373291016,2129400,0.0,0.0
2024-10-22 00:00:00-04:00,47.36000061035156,48.220001220703125,47.060001373291016,48.119998931884766,1750200,0.0,0.0
2024-10-23 00:00:00-04:00,47.849998474121094,47.970001220703125,47.47999954223633,47.77000045776367,2066400,0.0,0.0
2024-10-24 00:00:00-04:00,47.77000045776367,47.93000030517578,46.47999954223633,47.79999923706055,1996700,0.0,0.0
2024-10-25 00:00:00-04:00,48.0,48.84199905395508,47.869998931884766,47.88999938964844,1936000,0.0,0.0
2024-10-28 00:00:00-04:00,47.70000076293945,48.36000061035156,47.59000015258789,48.349998474121094,1847600,0.0,0.0
2024-10-29 00:00:00-04:00,48.349998474121094,48.44499969482422,47.33000183105469,47.66999816894531,2167200,0.0,0.0
2024-10-30 00:00:00-04:00,47.61000061035156,48.84000015258789,47.45000076293945,47.959999084472656,2109300,0.0,0.0
2024-10-31 00:00:00-04:00,48.0,48.18000030517578,47.275001525878906,47.68000030517578,1801100,0.0,0.0
2024-11-01 00:00:00-04:00,47.880001068115234,48.56999969482422,47.77000045776367,48.36000061035156,1610700,0.0,0.0
2024-11-04 00:00:00-05:00,50.5,51.689998626708984,50.08000183105469,50.779998779296875,3604600,0.0,0.0
2024-11-05 00:00:00-05:00,50.25,50.939998626708984,49.79999923706055,50.630001068115234,1768300,0.0,0.0
2024-11-06 00:00:00-05:00,50.150001525878906,50.619998931884766,48.91999816894531,49.5099983215332,2090200,0.0,0.0
2024-11-07 00:00:00-05:00,48.619998931884766,50.400001525878906,48.380001068115234,48.939998626708984,2200300,0.0,0.0
2024-11-08 00:00:00-05:00,49.0,49.0,47.65999984741211,48.31999969482422,2325700,0.0,0.0
2024-11-11 00:00:00-05:00,48.20000076293945,49.15999984741211,48.14500045776367,48.83000183105469,3369000,0.0,0.0
2024-11-12 00:00:00-05:00,48.380001068115234,49.029998779296875,46.95000076293945,46.9900016784668,2520600,0.0,0.0
2024-11-13 00:00:00-05:00,46.880001068115234,47.52000045776367,46.6150016784668,46.810001373291016,1800000,0.0,0.0
2024-11-14 00:00:00-05:00,47.08000183105469,47.529998779296875,46.15999984741211,46.369998931884766,3938200,0.0,0.0
2024-11-15 00:00:00-05:00,46.7400016784668,46.90999984741211,45.93000030517578,46.189998626708984,2485000,0.0,0.0
2024-11-18 00:00:00-05:00,45.90999984741211,45.97999954223633,45.29999923706055,45.599998474121094,2229200,0.0,0.0
2024-11-19 00:00:00-05:00,45.29999923706055,45.779998779296875,45.15999984741211,45.560001373291016,2483700,0.0,0.0
2024-11-20 00:00:00-05:00,45.310001373291016,45.939998626708984,45.150001525878906,45.88999938964844,2043900,0.0,0.0
2024-11-21 00:00:00-05:00,45.869998931884766,46.88999938964844,45.849998474121094,46.869998931884766,2075300,0.0,0.0
2024-11-22 00:00:00-05:00,46.630001068115234,47.119998931884766,46.45899963378906,46.93000030517578,1404000,0.0,0.0
2024-11-25 00:00:00-05:00,47.209999084472656,47.459999084472656,46.72999954223633,46.79999923706055,1595500,0.0,0.0
2024-11-26 00:00:00-05:00,46.209999084472656,46.560001373291016,45.70000076293945,45.900001525878906,1991700,0.0,0.0
2024-11-27 00:00:00-05:00,45.88999938964844,46.5,45.70000076293945,46.09000015258789,1276200,0.0,0.0
