Date,Open,High,Low,Close,Volume,Dividends,Stock Splits
2022-01-03 00:00:00-05:00,123.79870820345344,123.79870820345344,121.24663576615126,123.55742645263672,301900,0.0,0.0
2022-01-04 00:00:00-05:00,123.5203007590209,123.66877419846395,116.49513518007812,116.53225708007812,467100,0.0,0.0
2022-01-05 00:00:00-05:00,115.75272061420216,116.43945807651828,113.45121233254253,114.06371307373047,576700,0.0,0.0
2022-01-06 00:00:00-05:00,114.35139525930127,119.45553961651206,113.68321522878551,116.85706329345703,393200,0.0,0.0
2022-01-07 00:00:00-05:00,120.80119080134938,123.34398815121847,118.12847740647045,118.48112487792969,525600,0.0,0.0
2022-01-10 00:00:00-05:00,116.80139773569901,119.20498259926913,114.68549877680722,117.92430877685547,550000,0.0,0.0
2022-01-11 00:00:00-05:00,117.8871829310198,117.8871829310198,113.1449678438831,113.67394256591797,437300,0.0,0.0
2022-01-12 00:00:00-05:00,114.02659845898232,114.64837440486677,110.31449311479474,111.7529296875,437900,0.0,0.0
2022-01-13 00:00:00-05:00,112.02204205149222,113.13567774263271,110.62072050327252,110.78776550292969,276000,0.0,0.0
2022-01-14 00:00:00-05:00,110.57433520009269,110.86202108776521,106.79726843755452,109.64630889892578,421700,0.0,0.0
2022-01-18 00:00:00-05:00,109.4514129088453,111.89211927966286,107.7252836007216,110.01750946044922,461400,0.0,0.0
2022-01-19 00:00:00-05:00,109.28436661273118,110.54648280327997,107.28910887912255,107.48399353027344,376200,0.0,0.0
2022-01-20 00:00:00-05:00,108.11505573994053,111.43739134091535,106.14763758444231,106.45388793945312,469400,0.0,0.0
2022-01-21 00:00:00-05:00,105.81355401358901,108.91316549055024,105.74859245678066,106.14764404296875,345300,0.0,0.0
2022-01-24 00:00:00-05:00,105.14538179952682,111.28891132608567,104.50504139184719,110.1381607055664,745800,0.0,0.0
2022-01-25 00:00:00-05:00,109.42357615973853,110.32375565525595,106.2590033174283,108.68115234375,414300,0.0,0.0
2022-01-26 00:00:00-05:00,109.36788739439712,111.91995947100929,106.98286031873795,108.04080963134766,397700,0.0,0.0
2022-01-27 00:00:00-05:00,108.18931002715786,110.57433738507451,108.11506622233053,109.57206726074219,613700,0.0,0.0
2022-01-28 00:00:00-05:00,109.4050067150805,113.98945834857521,107.92016623063219,113.97089385986328,417700,0.0,0.0
2022-01-31 00:00:00-05:00,113.45120595731815,114.89892460200473,112.49534007882494,114.56483459472656,436200,0.0,0.0
2022-02-01 00:00:00-05:00,114.06370684810841,115.60422670168465,111.6508329960338,115.25157928466797,346200,0.0,0.0
2022-02-02 00:00:00-05:00,116.89418497914338,117.50668569942192,114.24002935182637,115.9754409790039,347600,0.0,0.0
2022-02-03 00:00:00-05:00,115.00100010817697,115.78054576472974,113.40479397929636,113.71104431152344,291700,0.0,0.0
2022-02-04 00:00:00-05:00,113.00373247919225,113.93441716197373,112.1661148445768,112.79898071289062,235000,0.35,0.0
2022-02-07 00:00:00-05:00,113.0130593181541,113.1340457899881,110.4164477874634,110.63050842285156,313300,0.0,0.0
2022-02-08 00:00:00-05:00,110.62119969251437,112.3708846203606,110.62119969251437,111.70079040527344,278000,0.0,0.0
2022-02-09 00:00:00-05:00,113.57145715373777,115.40490721903315,111.80315473591457,112.2405776977539,336500,0.0,0.0
2022-02-10 00:00:00-05:00,110.92830325565069,112.4080884081983,107.80120233267287,107.91287994384766,576700,0.0,0.0
2022-02-11 00:00:00-05:00,108.0059609931695,110.64910210152566,107.16834335300005,107.85704803466797,488400,0.0,0.0
2022-02-14 00:00:00-05:00,107.9687401423899,109.42991492001858,107.29864598439643,108.93665313720703,304500,0.0,0.0
2022-02-15 00:00:00-05:00,109.43921889040584,110.78871606963946,108.294480597587,108.60160827636719,392500,0.0,0.0
2022-02-16 00:00:00-05:00,108.14556542705465,108.59229723261218,106.1445988891331,108.30378723144531,600800,0.0,0.0
2022-02-17 00:00:00-05:00,108.00596989683801,108.722594042161,106.50756685605594,106.5168685913086,336800,0.0,0.0
2022-02-18 00:00:00-05:00,106.6936982569402,107.19626886969743,104.18085229371505,106.3493423461914,448400,0.0,0.0
2022-02-22 00:00:00-05:00,106.75883018602183,106.75883018602183,102.37530654859901,103.31529998779297,473300,0.0,0.0
2022-02-23 00:00:00-05:00,103.6131320481212,104.06916557481686,99.13653369638958,99.1551513671875,955500,0.0,0.0
2022-02-24 00:00:00-05:00,96.63299346356654,99.90900046156966,94.51103349774442,98.48505401611328,1334500,0.0,0.0
2022-02-25 00:00:00-05:00,98.08485717717952,100.01137416740147,96.20487726085919,99.7042465209961,759000,0.0,0.0
2022-02-28 00:00:00-05:00,98.12208225094632,99.7414715425243,96.86565940229858,99.41573333740234,707500,0.0,0.0
2022-03-01 00:00:00-05:00,98.60604370209683,102.36601084044047,96.28864072668259,101.3050308227539,1218600,0.0,0.0
2022-03-02 00:00:00-05:00,101.80760043168932,103.76203691357405,100.36503628284821,100.68147277832031,457700,0.0,0.0
2022-03-03 00:00:00-05:00,100.40227832103817,101.58425204813233,95.59994822276154,95.88845825195312,489200,0.0,0.0
2022-03-04 00:00:00-05:00,94.89260645996777,95.81398227917565,92.221538947062,95.22765350341797,546800,0.0,0.0
2022-03-07 00:00:00-05:00,94.7437227239004,94.7437227239004,87.67982085953447,87.8380355834961,773500,0.0,0.0
2022-03-08 00:00:00-05:00,87.26101627554989,91.0489034504618,86.61884143662192,87.64259338378906,602800,0.0,0.0
2022-03-09 00:00:00-05:00,88.34059197049653,92.17501557536555,88.15445786661084,91.62590789794922,510700,0.0,0.0
2022-03-10 00:00:00-05:00,91.05819012417594,92.01680135580186,88.25683421314707,90.2298812866211,443200,0.0,0.0
2022-03-11 00:00:00-05:00,90.99303283428165,90.99303283428165,87.1679255508049,88.28474426269531,490000,0.0,0.0
2022-03-14 00:00:00-04:00,88.78730943999342,92.83578590129116,88.11721541318778,90.16471862792969,579800,0.0,0.0
2022-03-15 00:00:00-04:00,89.9506719348786,92.94747761372612,89.73661134329222,91.69104766845703,492400,0.0,0.0
2022-03-16 00:00:00-04:00,92.64967117871085,96.02805431882929,92.39838231589336,94.5017318725586,484800,0.0,0.0
2022-03-17 00:00:00-04:00,93.89678341097097,95.17182406858294,93.22668925808179,93.50589752197266,307700,0.0,0.0
2022-03-18 00:00:00-04:00,92.29600588626747,96.65161084431514,92.29600588626747,96.14904022216797,456100,0.0,0.0
2022-03-21 00:00:00-04:00,95.44172349686114,96.22349527485778,92.54729337014106,93.50589752197266,425400,0.0,0.0
2022-03-22 00:00:00-04:00,94.00847280968374,94.68786873139639,91.63522375032349,93.6548080444336,566200,0.0,0.0
2022-03-23 00:00:00-04:00,93.59896631804811,94.06430869948429,91.69105971393533,92.66828155517578,310800,0.0,0.0
2022-03-24 00:00:00-04:00,92.36115975324685,93.43144871873015,90.41603188340748,92.87303924560547,348900,0.0,0.0
2022-03-25 00:00:00-04:00,93.35698062732028,93.9898465116982,91.002349456205,93.41282653808594,390400,0.0,0.0
2022-03-28 00:00:00-04:00,93.46866055099747,95.52547279451933,93.06846586376088,95.09735870361328,380000,0.0,0.0
2022-03-29 00:00:00-04:00,96.22349762852613,99.41574666788506,95.48825580948623,98.80149841308594,571700,0.0,0.0
2022-03-30 00:00:00-04:00,97.96388510534125,99.99277827550718,97.25656266146426,98.3826904296875,514500,0.0,0.0
2022-03-31 00:00:00-04:00,98.2430734869555,99.64840935533505,96.74467056979917,97.98248291015625,366800,0.0,0.0
2022-04-01 00:00:00-04:00,98.45713025463014,100.48602308140316,98.36406320947843,99.40642547607422,418100,0.0,0.0
2022-04-04 00:00:00-04:00,98.50365685961002,101.00720076180244,98.3268316100346,99.56464385986328,569900,0.0,0.0
2022-04-05 00:00:00-04:00,99.61117898459528,99.71355486622767,96.5864538104177,99.33197784423828,348800,0.0,0.0
2022-04-06 00:00:00-04:00,98.64327883383865,99.40644007707382,96.45617099900528,98.4664535522461,517500,0.0,0.0
2022-04-07 00:00:00-04:00,97.67536211988737,99.36920808862722,96.62369090376994,98.17793273925781,430200,0.0,0.0
2022-04-08 00:00:00-04:00,98.43851486517423,98.91316603716974,96.5492261126516,96.60507202148438,324300,0.0,0.0
2022-04-11 00:00:00-04:00,95.60925341128957,96.679535259606,93.98985673362237,95.3486557006836,508600,0.0,0.0
2022-04-12 00:00:00-04:00,95.8233084125105,97.42408744229768,95.03222773399337,95.59063720703125,287900,0.0,0.0
2022-04-13 00:00:00-04:00,95.8139975101624,97.0145817566154,94.92984978863016,96.74468231201172,350900,0.0,0.0
2022-04-14 00:00:00-04:00,97.10763963174756,97.22863318890316,93.72925667678156,94.10153198242188,407800,0.0,0.0
2022-04-18 00:00:00-04:00,93.52452314029405,94.82748341382309,92.15641520811668,94.77164459228516,384800,0.0,0.0
2022-04-19 00:00:00-04:00,95.171818782944,98.88524872331429,94.957758179108,98.23377227783203,355500,0.0,0.0
2022-04-20 00:00:00-04:00,98.93178999042098,99.43435349791136,98.22446760495299,98.51297760009766,352500,0.0,0.0
2022-04-21 00:00:00-04:00,98.633972910008,100.48603357398962,97.07972398138469,97.42407989501953,306900,0.0,0.0
2022-04-22 00:00:00-04:00,96.79120183396003,97.07041006408978,93.72924853926081,93.85023498535156,493400,0.0,0.0
2022-04-25 00:00:00-04:00,93.06845743174208,96.94010866917124,91.97024935002511,96.43753814697266,560900,0.0,0.0
2022-04-26 00:00:00-04:00,95.80468212474005,95.80468212474005,88.92692298702985,89.64354705810547,577600,0.0,0.0
2022-04-27 00:00:00-04:00,90.04374244156008,91.01165535708185,87.91247368054013,88.56395721435547,620100,0.0,0.0
2022-04-28 00:00:00-04:00,87.54019718127947,89.2061235811002,85.33447907302605,85.66021728515625,1033100,0.0,0.0
2022-04-29 00:00:00-04:00,84.44103460410822,86.68398126855013,84.00361161421552,84.73885345458984,642900,0.0,0.0
2022-05-02 00:00:00-04:00,85.25072822884346,86.30240662149247,83.54757330137252,85.6043930053711,491300,0.0,0.0
2022-05-03 00:00:00-04:00,85.2414142901246,85.64160902343528,82.27253471564703,83.55687713623047,612100,0.0,0.0
2022-05-04 00:00:00-04:00,84.273508284382,86.6281396029992,81.92817870100778,86.3396224975586,935200,0.0,0.0
2022-05-05 00:00:00-04:00,90.28571627072388,91.05817910287804,82.18875587949066,83.79884338378906,1027000,0.0,0.0
2022-05-06 00:00:00-04:00,82.37489996858561,83.7150810298421,80.38323539508579,81.30461120605469,866300,0.0,0.0
2022-05-09 00:00:00-04:00,79.5456267596768,80.09472735419106,77.32129077407276,77.74940490722656,751300,0.0,0.0
2022-05-10 00:00:00-04:00,78.51256534254601,80.45769304355487,76.35337702679554,80.0947265625,805600,0.0,0.0
2022-05-11 00:00:00-04:00,79.46186478875731,79.46186478875731,75.95318625581885,76.13932037353516,968200,0.0,0.0
2022-05-12 00:00:00-04:00,75.14349053073443,77.47020258544373,73.11459733500544,74.60369873046875,549300,0.0,0.0
2022-05-13 00:00:00-04:00,75.08041745349392,77.60428322500047,75.08041745349392,76.3330078125,409500,0.35,0.0
2022-05-16 00:00:00-04:00,75.96842313233631,76.61341389887114,74.38867357809153,76.28624725341797,652100,0.0,0.0
2022-05-17 00:00:00-04:00,77.7351593443131,77.80059269197531,75.2393282110257,75.76280212402344,291200,0.0,0.0
2022-05-18 00:00:00-04:00,74.8747615402867,74.8747615402867,70.58418865867316,71.43482208251953,653100,0.0,0.0
2022-05-19 00:00:00-04:00,71.22918639919241,72.79959400654897,70.80854443345609,72.32286834716797,562000,0.0,0.0
2022-05-20 00:00:00-04:00,73.24827997759135,73.30436366742822,69.60269037249283,71.97699737548828,495400,0.0,0.0
2022-05-23 00:00:00-04:00,72.69676208496094,73.50066156370963,70.2757211218154,72.69676208496094,488500,0.0,0.0
2022-05-24 00:00:00-04:00,71.69655568991494,72.96783813291411,70.35983990639522,72.79023742675781,484800,0.0,0.0
2022-05-25 00:00:00-04:00,72.93979459877728,78.5203491240206,72.276111551271,77.63232421875,916000,0.0,0.0
2022-05-26 00:00:00-04:00,77.05277530998183,80.48336542587234,76.92190861734349,79.43643188476562,675100,0.0,0.0
2022-05-27 00:00:00-04:00,79.46446257806372,82.48375287530443,79.24011359499343,82.26876068115234,586900,0.0,0.0
2022-05-31 00:00:00-04:00,81.39942798392691,83.1100515384187,81.13769463537713,82.26876068115234,614100,0.0,0.0
2022-06-01 00:00:00-04:00,82.72680694087417,83.6148319593109,81.78269110207407,82.91375732421875,564900,0.0,0.0
2022-06-02 00:00:00-04:00,82.47442883129774,85.86762772899789,82.47442883129774,84.97025299072266,477600,0.0,0.0
2022-06-03 00:00:00-04:00,83.89525107769647,84.90480010032272,81.95093602634938,82.10050201416016,531600,0.0,0.0
2022-06-06 00:00:00-04:00,82.72681197054337,83.54940369165188,81.53966198755833,83.35310363769531,342500,0.0,0.0
2022-06-07 00:00:00-04:00,82.25006822314009,84.5589416615576,82.25006822314009,83.39983367919922,308000,0.0,0.0
2022-06-08 00:00:00-04:00,82.76419320173679,84.15699272502627,81.58638589250633,82.38093566894531,331800,0.0,0.0
2022-06-09 00:00:00-04:00,81.85746716779933,82.8015829265525,81.12835075019369,81.689208984375,303000,0.0,0.0
2022-06-10 00:00:00-04:00,80.05337780802762,80.85727732071175,77.67907077425124,78.03428649902344,546300,0.0,0.0
2022-06-13 00:00:00-04:00,75.9310628190263,78.97839554657212,75.46367971130084,78.16515350341797,579400,0.0,0.0
2022-06-14 00:00:00-04:00,78.07167313448711,80.37120435806298,77.31451476312704,77.57624816894531,555700,0.0,0.0
2022-06-15 00:00:00-04:00,78.10905808007146,79.09991505964109,77.20233376342088,77.8940658569336,428000,0.0,0.0
2022-06-16 00:00:00-04:00,76.28626170643443,76.51995323056106,74.82802887802802,75.98713684082031,578800,0.0,0.0
2022-06-17 00:00:00-04:00,76.81908455383136,77.80059189035158,75.10846074181609,75.46367645263672,482400,0.0,0.0
2022-06-21 00:00:00-04:00,76.17409638760729,77.29582011761993,75.64127993365385,76.6414794921875,281100,0.0,0.0
2022-06-22 00:00:00-04:00,75.25803538498468,76.81909336482032,74.90281963342156,75.94976043701172,388600,0.0,0.0
2022-06-23 00:00:00-04:00,76.04322632947195,78.38949140768888,76.04322632947195,78.15579986572266,323500,0.0,0.0
2022-06-24 00:00:00-04:00,78.15580384438739,79.03448636905534,77.1649539381535,78.16515350341797,880000,0.0,0.0
2022-06-27 00:00:00-04:00,78.0810152502171,79.22143109256254,77.39863995550205,79.0438232421875,417200,0.0,0.0
2022-06-28 00:00:00-04:00,79.33360850960725,79.76360009793439,78.54840120749246,78.56710052490234,371300,0.0,0.0
2022-06-29 00:00:00-04:00,78.92230810892686,79.90381544123305,77.52950851090468,79.60469055175781,339000,0.0,0.0
2022-06-30 00:00:00-04:00,79.04382051968017,79.34294539165656,77.6229791607172,78.07166290283203,438100,0.0,0.0
2022-07-01 00:00:00-04:00,77.66037102188331,81.24986950227198,77.66037102188331,80.95074462890625,426200,0.0,0.0
2022-07-05 00:00:00-04:00,79.77294604157474,80.8292364377731,78.61383792201843,79.89447021484375,469900,0.0,0.0
2022-07-06 00:00:00-04:00,80.20294033070827,80.37119852676935,77.98754193785427,79.60469055175781,358700,0.0,0.0
2022-07-07 00:00:00-04:00,80.47402118206196,82.31551179313514,79.77294651074172,81.53031158447266,512000,0.0,0.0
2022-07-08 00:00:00-04:00,81.35268684431213,82.23136919891654,80.00662147244135,81.0442123413086,471100,0.0,0.0
2022-07-11 00:00:00-04:00,80.87596724867328,81.18444180156175,79.52990879082367,80.07207489013672,230300,0.0,0.0
2022-07-12 00:00:00-04:00,80.32445171934268,81.20313414053025,78.91295290336463,79.1092529296875,374800,0.0,0.0
2022-07-13 00:00:00-04:00,77.57623186651718,80.59552932159639,77.57623186651718,79.91314697265625,364000,0.0,0.0
2022-07-14 00:00:00-04:00,78.89427779259793,79.79165259214462,74.97760468137045,76.80974578857422,424000,0.0,0.0
2022-07-15 00:00:00-04:00,77.99689002951602,80.50206360293068,77.62298214225866,79.17469024658203,459500,0.0,0.0
2022-07-18 00:00:00-04:00,79.02512832316096,79.64207025139895,76.46387116152536,76.52930450439453,510300,0.0,0.0
2022-07-19 00:00:00-04:00,77.6323274800497,80.65161799016808,76.8658195630968,80.31510162353516,405600,0.0,0.0
2022-07-20 00:00:00-04:00,80.48336708031829,82.53050730705674,80.23098334838478,81.50226593017578,438900,0.0,0.0
2022-07-21 00:00:00-04:00,80.20293665203116,82.05376959211057,79.83837843257007,81.10031127929688,406300,0.0,0.0
2022-07-22 00:00:00-04:00,81.30597859733389,81.7172709333615,80.04403834529363,80.5862045288086,285700,0.0,0.0
2022-07-25 00:00:00-04:00,81.26856390510034,81.53029726200903,78.38013305818875,79.09990692138672,365000,0.0,0.0
2022-07-26 00:00:00-04:00,78.41753387451172,79.14665035016564,77.62298405185551,78.41753387451172,379600,0.0,0.0
2022-07-27 00:00:00-04:00,79.33361127917748,80.19359448585413,78.79144516256383,79.74490356445312,385600,0.0,0.0
2022-07-28 00:00:00-04:00,79.8103300746947,84.26916853439695,79.57663854083987,84.16634368896484,766800,0.0,0.0
2022-07-29 00:00:00-04:00,84.59633839185507,89.78429348845542,83.41853102068364,89.63472747802734,1238300,0.0,0.0
2022-08-01 00:00:00-04:00,88.72800656475167,91.2425299411162,87.98019787894785,88.12040710449219,695900,0.0,0.0
2022-08-02 00:00:00-04:00,87.10152064288563,89.72821155890526,87.04543694926832,88.63453674316406,505400,0.0,0.0
2022-08-03 00:00:00-04:00,89.36365397225889,91.04623611068683,88.60649557581664,90.45732879638672,626000,0.0,0.0
2022-08-04 00:00:00-04:00,89.63473014978318,89.63473014978318,85.57784827394632,87.76519775390625,980800,0.0,0.0
2022-08-05 00:00:00-04:00,85.99849287300853,87.08282511940611,84.79264358452862,85.95175170898438,825000,0.0,0.0
2022-08-08 00:00:00-04:00,86.07326808635713,87.98953439886898,86.07326808635713,87.1762924194336,534400,0.0,0.0
2022-08-09 00:00:00-04:00,85.97978261120227,86.58737482558244,84.00742571658974,84.81132507324219,504200,0.0,0.0
2022-08-10 00:00:00-04:00,86.25087415252918,86.46587351651831,84.46547441867217,84.90481567382812,586100,0.0,0.0
2022-08-11 00:00:00-04:00,85.33481017320844,86.83043471803549,84.41873612792041,84.59634399414062,566100,0.0,0.0
2022-08-12 00:00:00-04:00,85.00017637920723,87.23529052734375,84.64330441697474,87.23529052734375,351500,0.42,0.0
2022-08-15 00:00:00-04:00,86.87840585948348,90.67246954024097,86.12710342499547,90.13716888427734,537400,0.0,0.0
2022-08-16 00:00:00-04:00,90.08081543344487,90.08081543344487,87.19770366145437,87.80813598632812,441400,0.0,0.0
2022-08-17 00:00:00-04:00,88.01475622840952,88.70970640703618,87.26345370317125,87.47006225585938,335200,0.0,0.0
2022-08-18 00:00:00-04:00,87.00988080292412,88.04291625398065,85.8171887516977,86.51214599609375,412500,0.0,0.0
2022-08-19 00:00:00-04:00,85.46033708257336,86.28676413651664,82.63357008057861,82.93408966064453,632400,0.0,0.0
2022-08-22 00:00:00-04:00,82.16399606115225,82.16399606115225,80.06975255163468,80.67079162597656,492600,0.0,0.0
2022-08-23 00:00:00-04:00,80.44540805462306,81.18731010396279,79.63776041197465,79.70349884033203,392000,0.0,0.0
2022-08-24 00:00:00-04:00,79.36541495472484,81.70383299636545,79.01793630397847,80.50175476074219,378000,0.0,0.0
2022-08-25 00:00:00-04:00,80.16367774794593,81.1028023633952,79.68472218788018,80.81167602539062,310200,0.0,0.0
2022-08-26 00:00:00-04:00,81.26243694883178,81.26243694883178,76.94246594176613,77.036376953125,436200,0.0,0.0
2022-08-29 00:00:00-04:00,76.53866051958964,77.8158706425606,76.05031884431374,77.196044921875,459400,0.0,0.0
2022-08-30 00:00:00-04:00,77.3274998682521,79.2714942599199,76.47290038768976,79.1681900024414,650800,0.0,0.0
2022-08-31 00:00:00-04:00,79.17757259241633,79.60956893873299,75.75916049117124,75.909423828125,499300,0.0,0.0
2022-09-01 00:00:00-04:00,75.00786650642222,75.63707811888767,72.79153240539577,75.54316711425781,594000,0.0,0.0
2022-09-02 00:00:00-04:00,76.36959726306402,76.36959726306402,73.69309410903328,74.44438934326172,508200,0.0,0.0
2022-09-06 00:00:00-04:00,74.44439603569586,75.51500455850486,73.2517110721005,74.98908996582031,501700,0.0,0.0
2022-09-07 00:00:00-04:00,74.998475576046,77.71254453400744,74.998475576046,77.68437194824219,419900,0.0,0.0
2022-09-08 00:00:00-04:00,77.17724826053662,79.0836697642673,76.74525186956399,78.91462707519531,407500,0.0,0.0
2022-09-09 00:00:00-04:00,79.81619472619347,80.02280327676418,79.20576232631232,79.35602569580078,426700,0.0,0.0
2022-09-12 00:00:00-04:00,80.00401641416627,80.46418540128289,78.61410903691768,79.3090591430664,337500,0.0,0.0
2022-09-13 00:00:00-04:00,77.43080272611328,78.29480260622063,75.75916246615088,76.88611602783203,496300,0.0,0.0
2022-09-14 00:00:00-04:00,77.21481558015485,77.5810735526796,75.01726058005521,76.25690460205078,554000,0.0,0.0
2022-09-15 00:00:00-04:00,75.86248029883731,77.4120372453784,74.6416226780411,75.28022766113281,433300,0.0,0.0
2022-09-16 00:00:00-04:00,74.66979721585389,75.02666197617279,72.50980782010032,74.19084167480469,677400,0.0,0.0
2022-09-19 00:00:00-04:00,73.18597604565429,74.48196533779097,71.9838977749852,72.09658813476562,472300,0.0,0.0
2022-09-20 00:00:00-04:00,70.43434564465201,71.06355741282239,68.2367974997159,70.85694885253906,905000,0.0,0.0
2022-09-21 00:00:00-04:00,71.43920541740314,74.32231754714901,70.81938692989242,71.90876770019531,547600,0.0,0.0
2022-09-22 00:00:00-04:00,71.59884165268276,71.91814767179406,68.86599339724889,69.60790252685547,500000,0.0,0.0
2022-09-23 00:00:00-04:00,69.49520840530835,71.77728107602665,69.10077786097453,70.57520294189453,874300,0.0,0.0
2022-09-26 00:00:00-04:00,70.41555935212433,72.35015356202145,69.81451307021551,70.80998992919922,905600,0.0,0.0
2022-09-27 00:00:00-04:00,71.45798393396221,71.63641989215479,70.14321528923291,70.79120635986328,443400,0.0,0.0
2022-09-28 00:00:00-04:00,71.3264983596499,71.84301966768551,70.18077256128606,70.52824401855469,729100,0.0,0.0
2022-09-29 00:00:00-04:00,69.81452547653724,69.8520913236416,66.4148987105481,67.372802734375,591800,0.0,0.0
2022-09-30 00:00:00-04:00,66.68722466691477,69.29798931402821,65.68236186032902,65.74810028076172,639500,0.0,0.0
2022-10-03 00:00:00-04:00,66.00167547986331,69.60791765533703,64.44273237582073,68.97869873046875,639900,0.0,0.0
2022-10-04 00:00:00-04:00,70.05869211897956,71.39224730078249,69.77695904441732,70.96025085449219,809100,0.0,0.0
2022-10-05 00:00:00-04:00,70.15260069692503,70.94146904107797,69.36373951772379,69.89904022216797,774000,0.0,0.0
2022-10-06 00:00:00-04:00,70.19955042773908,70.53763579229282,67.11922347509461,67.43852233886719,583600,0.0,0.0
2022-10-07 00:00:00-04:00,66.68723884789716,66.98775842877335,62.677172853914364,64.49907684326172,969600,0.0,0.0
2022-10-10 00:00:00-04:00,65.17523500988695,66.25522950647118,63.70080998357823,65.96409606933594,580600,0.0,0.0
2022-10-11 00:00:00-04:00,65.99227784551256,66.9407956309515,63.96377257803455,64.56481170654297,630800,0.0,0.0
2022-10-12 00:00:00-04:00,64.66810896682075,66.10496820152427,63.34394007839937,65.5039291381836,589600,0.0,0.0
2022-10-13 00:00:00-04:00,67.69210021313171,69.85208240882142,66.14254325136297,68.3213119506836,877400,0.0,0.0
2022-10-14 00:00:00-04:00,68.78148248402582,69.20409284553926,63.973169202447515,64.1422119140625,650900,0.0,0.0
2022-10-17 00:00:00-04:00,65.11890590589113,68.1053228598864,65.11890590589113,67.84236907958984,491200,0.0,0.0
2022-10-18 00:00:00-04:00,69.11956020161254,70.13381635823032,67.84235033734227,68.71573638916016,439200,0.0,0.0
2022-10-19 00:00:00-04:00,67.4761001913124,68.7439169516805,66.46184391703711,67.27888488769531,587200,0.0,0.0
2022-10-20 00:00:00-04:00,67.41037142165634,68.54671147586781,65.3724724938131,65.8326416015625,431900,0.0,0.0
2022-10-21 00:00:00-04:00,65.9359356551935,66.91262607453177,65.04377017351383,66.16132354736328,814100,0.0,0.0
2022-10-24 00:00:00-04:00,65.72932920801586,66.44306591519965,64.48029892663439,65.70115661621094,487100,0.0,0.0
2022-10-25 00:00:00-04:00,65.58845873422779,67.7860140276685,65.13768293784904,66.73419189453125,330900,0.0,0.0
2022-10-26 00:00:00-04:00,67.39159678640529,68.16167882589102,66.13316584483385,66.25525665283203,438800,0.0,0.0
2022-10-27 00:00:00-04:00,66.90323004231087,68.08652896569421,66.33975675282647,66.53697204589844,378700,0.0,0.0
2022-10-28 00:00:00-04:00,66.60271371611951,68.63122625486116,66.39610516143819,67.90809631347656,536800,0.0,0.0
2022-10-31 00:00:00-04:00,68.0677399765882,69.52337850429024,67.59817777443581,68.20860290527344,583200,0.0,0.0
2022-11-01 00:00:00-04:00,68.57486971507468,69.64547826614431,67.75783596327229,69.50460815429688,875900,0.0,0.0
2022-11-02 00:00:00-04:00,69.49522615378372,71.74912681338347,68.8847936802532,69.0350570678711,934200,0.0,0.0
2022-11-03 00:00:00-04:00,68.20860534598994,72.67883967662574,67.45731009463279,70.57520294189453,905000,0.0,0.0
2022-11-04 00:00:00-04:00,70.94146258800359,72.1811065889517,69.62668691064626,70.92267608642578,792600,0.0,0.0
2022-11-07 00:00:00-05:00,70.37799595848212,71.8712005514438,69.42947815829571,71.46737670898438,716000,0.0,0.0
2022-11-08 00:00:00-05:00,71.580070826395,72.77275579364851,70.1056456420195,71.75850677490234,602700,0.0,0.0
2022-11-09 00:00:00-05:00,71.08234729428357,73.31746138954153,71.06356078884596,73.21415710449219,650000,0.0,0.0
2022-11-10 00:00:00-05:00,75.35750758409038,77.69915496531587,73.66736835725544,77.59529113769531,726000,0.42,0.0
2022-11-11 00:00:00-05:00,77.78413048617358,83.43996180964257,77.34979411808567,82.34467315673828,1137600,0.0,0.0
2022-11-14 00:00:00-05:00,82.06140793823657,83.27943418182632,81.53264470911856,82.12750244140625,839700,0.0,0.0
2022-11-15 00:00:00-05:00,82.78844327354648,83.94038215929343,79.8897150037,80.17298126220703,617200,0.0,0.0
2022-11-16 00:00:00-05:00,80.37127006988736,80.90947023358872,78.97383414805608,79.69143676757812,437600,0.0,0.0
2022-11-17 00:00:00-05:00,78.21846500053277,78.66224548890732,75.76351692424393,76.81159210205078,509300,0.0,0.0
2022-11-18 00:00:00-05:00,78.15237920641492,78.99273403146786,75.94292785257377,76.20730590820312,553500,0.0,0.0
2022-11-21 00:00:00-05:00,76.04678401413739,78.95495674007297,76.04678401413739,77.73692321777344,545500,0.0,0.0
2022-11-22 00:00:00-05:00,77.5008644641279,78.19957880214402,75.6313229390183,77.83133697509766,336200,0.0,0.0
2022-11-23 00:00:00-05:00,78.05794905501342,79.45538499544591,77.11373772340684,79.39872741699219,431500,0.0,0.0
2022-11-25 00:00:00-05:00,79.39873148748634,80.0030333981549,78.57727219728218,78.67169189453125,194600,0.0,0.0
2022-11-28 00:00:00-05:00,78.3978706271524,79.1249174321898,77.13263082125948,77.91632080078125,365500,0.0,0.0
2022-11-29 00:00:00-05:00,77.68027143710566,78.55838835810269,77.01932631539243,77.02877044677734,286800,0.0,0.0
2022-11-30 00:00:00-05:00,77.17040134230234,79.07770521178533,76.24507099524376,78.61504364013672,469500,0.0,0.0
2022-12-01 00:00:00-05:00,79.27598382903525,79.90860370261758,78.27512210642674,78.4922866821289,355700,0.0,0.0
2022-12-02 00:00:00-05:00,77.43477395810146,79.83307162453133,76.60386336905628,78.48284912109375,362000,0.0,0.0
2022-12-05 00:00:00-05:00,78.13349089517553,78.76611078439696,77.3403568018999,77.8218994140625,347800,0.0,0.0
2022-12-06 00:00:00-05:00,77.43477809569585,77.79357583047111,75.34807178865834,76.07511138916016,344900,0.0,0.0
2022-12-07 00:00:00-05:00,76.0373382578836,78.06739408498302,75.55578845616215,75.96179962158203,435300,0.0,0.0
2022-12-08 00:00:00-05:00,76.41502520594193,78.97383711212221,76.07510854202948,78.9549560546875,559800,0.0,0.0
2022-12-09 00:00:00-05:00,79.38928650497887,83.56269865226878,78.86052328726619,80.35237884521484,679900,0.0,0.0
2022-12-12 00:00:00-05:00,79.7292092249796,80.95667966581763,78.98328138910925,80.8717041015625,401200,0.0,0.0
2022-12-13 00:00:00-05:00,83.70433832281763,84.59189210073103,81.83479666442632,82.63737487792969,596700,0.0,0.0
2022-12-14 00:00:00-05:00,82.118064366971,84.36528484421835,82.118064366971,83.79875946044922,496100,0.0,0.0
2022-12-15 00:00:00-05:00,82.93008539816928,83.27000206374417,79.53092594618141,79.95581817626953,493700,0.0,0.0
2022-12-16 00:00:00-05:00,78.89829466043564,79.85195009940455,78.40730794949992,78.84164428710938,615700,0.0,0.0
2022-12-19 00:00:00-05:00,78.59614581530772,79.9558123790238,77.66137865463315,77.83133697509766,427700,0.0,0.0
2022-12-20 00:00:00-05:00,77.79357700231289,80.43737181512121,77.1137436388044,80.06912994384766,440000,0.0,0.0
2022-12-21 00:00:00-05:00,79.31376280335712,81.38158821021983,78.66225458941149,79.81419372558594,466000,0.0,0.0
2022-12-22 00:00:00-05:00,78.87941702339356,79.24765887349905,77.02876364231547,77.87855529785156,360500,0.0,0.0
2022-12-23 00:00:00-05:00,77.77468561318007,79.3326284598927,77.11373339589072,79.2759780883789,250100,0.0,0.0
2022-12-27 00:00:00-05:00,79.53092956542969,80.29573849589718,77.73692646075754,79.53092956542969,371000,0.0,0.0
2022-12-28 00:00:00-05:00,79.33263596911016,80.14465832188496,77.34035661010526,77.43477630615234,341100,0.0,0.0
2022-12-29 00:00:00-05:00,77.93522057973871,80.01248306500909,77.68972356479365,78.56784057617188,316400,0.0,0.0
2022-12-30 00:00:00-05:00,77.54807450811752,78.57726861131903,77.04764365215016,77.71803283691406,312900,0.0,0.0
2023-01-03 00:00:00-05:00,78.9738401694683,79.79530667301866,72.76092748758664,74.69656372070312,732200,0.0,0.0
2023-01-04 00:00:00-05:00,75.39527257956576,78.02017890068332,75.27252770112698,77.47254180908203,460000,0.0,0.0
2023-01-05 00:00:00-05:00,77.07597269926926,77.43477763567417,75.20643819265037,76.52833557128906,343500,0.0,0.0
2023-01-06 00:00:00-05:00,76.5849717975417,79.02103844754875,75.5463409075901,78.75666046142578,479200,0.0,0.0
2023-01-09 00:00:00-05:00,79.03049190102216,79.50259760462149,76.0184624106162,77.00988006591797,539900,0.0,0.0
2023-01-10 00:00:00-05:00,76.89656981748357,78.1901346752967,75.02702829229955,77.90687561035156,660200,0.0,0.0
2023-01-11 00:00:00-05:00,78.03906465649145,79.37984296105961,77.72747320150069,79.13434600830078,569400,0.0,0.0
2023-01-12 00:00:00-05:00,79.56869801876545,80.02192269750388,78.27513290533139,78.36955261230469,513900,0.0,0.0
2023-01-13 00:00:00-05:00,80.050240366601,81.19273528226566,76.29228307437528,77.604736328125,679300,0.0,0.0
2023-01-17 00:00:00-05:00,77.36867384176483,79.66310751817305,76.83991063151055,79.03992462158203,666200,0.0,0.0
2023-01-18 00:00:00-05:00,79.41760531666155,79.98413060096269,78.53948860467884,79.59700775146484,477400,0.0,0.0
2023-01-19 00:00:00-05:00,79.39873194420775,79.69144237225309,77.22705007994252,78.21846771240234,623400,0.0,0.0
2023-01-20 00:00:00-05:00,78.9549651942309,79.33264401673154,75.80129515926583,75.90515899658203,582100,0.0,0.0
2023-01-23 00:00:00-05:00,75.86738192136116,78.7472294731138,73.83732604092576,78.66224670410156,824100,0.0,0.0
2023-01-24 00:00:00-05:00,78.94551343335073,79.0304889990729,77.17039864635244,78.43563842773438,437200,0.0,0.0
2023-01-25 00:00:00-05:00,79.12491101198445,82.0991708887255,78.02962242970014,81.29659271240234,579000,0.0,0.0
2023-01-26 00:00:00-05:00,81.7309257012135,83.02449774198855,81.44766664082269,82.41075897216797,388500,0.0,0.0
2023-01-27 00:00:00-05:00,82.20303762190511,85.24339931396572,81.91977853986424,84.77129364013672,462400,0.0,0.0
2023-01-30 00:00:00-05:00,84.11035584489683,87.16015472721001,83.86485885624326,85.61164855957031,953500,0.0,0.0
2023-01-31 00:00:00-05:00,85.32837375636973,85.82880456920351,84.23308524214015,84.68630981445312,450100,0.0,0.0
2023-02-01 00:00:00-05:00,84.89404217859176,90.57819108433623,84.38416720770934,88.33097076416016,908000,0.0,0.0
2023-02-02 00:00:00-05:00,89.19964807149003,91.38077400152133,89.0391338696611,90.44600677490234,625600,0.0,0.0
2023-02-03 00:00:00-05:00,89.18467802442811,89.6114414501006,87.56296687719247,88.36907958984375,414900,0.42,0.0
2023-02-06 00:00:00-05:00,88.4639163376355,88.95707258823792,85.44810067905765,86.10247802734375,607100,0.0,0.0
2023-02-07 00:00:00-05:00,86.00764036907124,88.38804282866722,85.63777680808268,88.169921875,452400,0.0,0.0
2023-02-08 00:00:00-05:00,87.5629539495907,88.23629539771164,86.80425548764569,86.82322692871094,357000,0.0,0.0
2023-02-09 00:00:00-05:00,87.52502211267996,87.76211448792219,86.24472473346894,86.6051025390625,387900,0.0,0.0
2023-02-10 00:00:00-05:00,85.20151031841642,85.56189535029273,83.18148593770806,84.23417663574219,556500,0.0,0.0
2023-02-13 00:00:00-05:00,84.67991731926114,89.09931562492021,84.31005377651982,88.33113861083984,482100,0.0,0.0
2023-02-14 00:00:00-05:00,87.80005562229852,88.3975258404665,86.13092317036367,86.67149353027344,442200,0.0,0.0
2023-02-15 00:00:00-05:00,86.14041730443085,90.96761536437866,86.0171246188498,90.8727798461914,575800,0.0,0.0
2023-02-16 00:00:00-05:00,89.7157599112029,92.73157543444255,88.85274736460622,91.33747100830078,640800,0.0,0.0
2023-02-17 00:00:00-05:00,91.39437377269037,91.84010137184569,89.0044785166768,89.99078369140625,632600,0.0,0.0
2023-02-21 00:00:00-05:00,88.47340541095221,88.56824092874156,84.62302695191251,86.26370239257812,839300,0.0,0.0
2023-02-22 00:00:00-05:00,86.36802247615273,88.69152519056323,84.82218257397832,87.57244873046875,868800,0.0,0.0
2023-02-23 00:00:00-05:00,82.98233130721717,83.89276515958672,79.47336704899173,82.2236328125,1754000,0.0,0.0
2023-02-24 00:00:00-05:00,81.4175123618582,84.44281309364379,80.6113998108466,81.20886993408203,1135200,0.0,0.0
2023-02-27 00:00:00-05:00,82.2710733643432,82.2710733643432,78.55346579148566,79.36906433105469,650400,0.0,0.0
2023-02-28 00:00:00-05:00,79.64408063937458,80.45019333656651,79.30266701118975,79.6156234741211,614900,0.0,0.0
2023-03-01 00:00:00-05:00,79.68201868938809,81.6451436710602,78.84745596152528,81.52185821533203,567000,0.0,0.0
2023-03-02 00:00:00-05:00,80.72522291449825,81.90119919194635,80.02342420131598,80.85799407958984,710400,0.0,0.0
2023-03-03 00:00:00-05:00,80.87695041925453,81.18991409315825,79.81478120186271,80.36483001708984,511200,0.0,0.0
2023-03-06 00:00:00-05:00,81.06663757067166,83.02027665491069,80.35536036208143,82.07190704345703,584200,0.0,0.0
2023-03-07 00:00:00-05:00,82.20467627241237,83.19098151333233,80.45019397967869,80.68728637695312,540200,0.0,0.0
2023-03-08 00:00:00-05:00,80.61140936464648,80.61140936464648,78.35429250721106,78.59138488769531,507100,0.0,0.0
2023-03-09 00:00:00-05:00,78.44912543729943,79.16988827624917,75.96439476660838,76.62825775146484,583400,0.0,0.0
2023-03-10 00:00:00-05:00,76.56187178195952,76.77050699105462,72.97702904737339,73.6408920288086,486200,0.0,0.0
2023-03-13 00:00:00-04:00,72.77788098152594,75.75576094273698,72.19937494745444,73.89695739746094,517600,0.0,0.0
2023-03-14 00:00:00-04:00,75.73680519954674,76.06873314910916,73.19517410141832,73.9823226928711,489900,0.0,0.0
2023-03-15 00:00:00-04:00,72.94859174967989,76.88432724471936,72.9296275402917,76.20149993896484,659600,0.0,0.0
2023-03-16 00:00:00-04:00,75.3953841115953,77.7473439316463,74.80739234771107,76.09717559814453,488400,0.0,0.0
2023-03-17 00:00:00-04:00,76.13510780840063,76.59032838493555,75.1867382398147,75.8790512084961,547900,0.0,0.0
2023-03-20 00:00:00-04:00,76.52393881525951,78.46809198821803,75.47124807016846,78.09822845458984,403100,0.0,0.0
2023-03-21 00:00:00-04:00,79.15092076201643,79.36904893933911,77.91804470408219,78.35429382324219,350400,0.0,0.0
2023-03-22 00:00:00-04:00,75.60402628258159,78.02236444089496,73.58399438749473,74.9970703125,930700,0.0,0.0
2023-03-23 00:00:00-04:00,75.46177665438739,75.84112598105645,71.6777835815956,73.3753662109375,1164600,0.0,0.0
2023-03-24 00:00:00-04:00,73.01496276178199,73.05289840847253,71.24151650077862,72.31317138671875,547100,0.0,0.0
2023-03-27 00:00:00-04:00,72.42697989145734,73.0434142659127,71.41222483588851,72.16143035888672,712000,0.0,0.0
2023-03-28 00:00:00-04:00,72.05711693613027,72.58820153445511,71.30790417178773,72.21833801269531,572300,0.0,0.0
2023-03-29 00:00:00-04:00,72.89168173173414,73.25205954379658,71.0708139937052,71.19409942626953,582300,0.0,0.0
2023-03-30 00:00:00-04:00,71.8674521480187,72.20886580669465,70.68199006525121,70.8621826171875,516200,0.0,0.0
2023-03-31 00:00:00-04:00,70.9949471216581,72.08557358243733,70.07502747417898,71.06133270263672,867600,0.0,0.0
2023-04-03 00:00:00-04:00,71.29841384195022,72.11401212835983,70.64403662168368,71.33634948730469,808200,0.0,0.0
2023-04-04 00:00:00-04:00,71.78208584248955,72.09504226139615,69.60083321765215,71.18460845947266,656100,0.0,0.0
2023-04-05 00:00:00-04:00,70.87165854486533,72.13298452763694,70.33108819925312,71.91486358642578,513000,0.0,0.0
2023-04-06 00:00:00-04:00,71.83899803549085,72.89168888257257,71.27946343801663,72.53131103515625,537400,0.0,0.0
2023-04-10 00:00:00-04:00,72.17091986716953,72.77787578821416,71.01390788158906,71.39325714111328,543300,0.0,0.0
2023-04-11 00:00:00-04:00,71.52602504176424,73.23309301419881,71.15616152031757,72.73993682861328,568100,0.0,0.0
2023-04-12 00:00:00-04:00,73.43224790176059,73.64089034156027,72.3416215708435,72.39852142333984,567500,0.0,0.0
2023-04-13 00:00:00-04:00,72.87270944596902,73.46070114509273,72.5597530076229,72.9675521850586,411700,0.0,0.0
2023-04-14 00:00:00-04:00,72.75891766877314,74.20992201503147,72.65459643278854,73.08135986328125,341400,0.0,0.0
2023-04-17 00:00:00-04:00,73.29947835009416,73.74521316563775,72.46491580822602,73.61244201660156,458400,0.0,0.0
2023-04-18 00:00:00-04:00,74.08663827146026,74.16250234306604,73.10981147249622,73.39432525634766,429300,0.0,0.0
2023-04-19 00:00:00-04:00,72.82530204197839,73.0054945803187,71.10875539100446,72.7968521118164,486700,0.0,0.0
2023-04-20 00:00:00-04:00,72.21833858084243,72.95806563018152,70.87165563278998,70.90958404541016,740000,0.0,0.0
2023-04-21 00:00:00-04:00,70.98545770261562,71.48809239462867,69.62928898855908,71.30790710449219,722000,0.0,0.0
2023-04-24 00:00:00-04:00,71.30790571266098,71.54499808996283,69.72412313331589,70.5586929321289,627900,0.0,0.0
2023-04-25 00:00:00-04:00,70.1888272342242,71.00442556578733,69.06026523777372,69.14562225341797,452100,0.0,0.0
2023-04-26 00:00:00-04:00,69.36374681109834,70.42592328894838,68.72834096282868,68.87059783935547,524500,0.0,0.0
2023-04-27 00:00:00-04:00,70.37849529829916,70.61558765838053,68.87059136121418,70.0560531616211,548400,0.0,0.0
2023-04-28 00:00:00-04:00,69.8000037962625,71.09927280298592,69.61033276316522,70.9285659790039,504100,0.0,0.0
2023-05-01 00:00:00-04:00,70.96649646763468,71.90538031345879,70.5207616132628,70.94752502441406,595800,0.0,0.0
2023-05-02 00:00:00-04:00,70.6630189325641,70.85268995302998,69.40168566355774,70.53972625732422,559700,0.0,0.0
2023-05-03 00:00:00-04:00,70.50178746655416,72.09504856816763,70.04657414351334,71.39325714111328,925700,0.0,0.0
2023-05-04 00:00:00-04:00,72.93912048499871,75.99286498290842,71.34585902563903,72.5787353515625,1352300,0.0,0.0
2023-05-05 00:00:00-04:00,73.23309751899716,73.92540323588682,71.64932211327844,73.59347534179688,734900,0.0,0.0
2023-05-08 00:00:00-04:00,73.4891582620215,74.49443495793243,72.78736678411073,73.92540740966797,898700,0.0,0.0
2023-05-09 00:00:00-04:00,73.52708067495814,75.10137740017923,72.90116061425081,73.7736587524414,555500,0.0,0.0
2023-05-10 00:00:00-04:00,74.41855786685103,75.36692739290142,73.63140942371275,74.2952651977539,584400,0.0,0.0
2023-05-11 00:00:00-04:00,73.98230227424547,74.5228725673352,72.9296116136784,74.00126647949219,547400,0.0,0.0
2023-05-12 00:00:00-04:00,74.02033358896098,74.0870784162872,72.57101422074572,73.10497283935547,417500,0.42,0.0
2023-05-15 00:00:00-04:00,73.2193988639925,73.9345251629022,72.22775618988078,73.02869415283203,513700,0.0,0.0
2023-05-16 00:00:00-04:00,72.8952071917287,74.77360683703327,68.69026818123943,68.7188720703125,1166300,0.0,0.0
2023-05-17 00:00:00-04:00,68.93819137518693,69.9107601277971,68.07050114057232,69.00493621826172,743800,0.0,0.0
2023-05-18 00:00:00-04:00,68.71887156502112,70.64494191973797,68.39468445838844,69.96795654296875,603600,0.0,0.0
2023-05-19 00:00:00-04:00,70.33029792482012,70.33029792482012,68.75701843009962,70.006103515625,601500,0.0,0.0
2023-05-22 00:00:00-04:00,70.21586798194257,71.77007320879667,69.91074771425829,71.05494689941406,653800,0.0,0.0
2023-05-23 00:00:00-04:00,71.03587758595707,71.51262844223866,70.1872616437471,70.9405288696289,512700,0.0,0.0
2023-05-24 00:00:00-04:00,71.07402585873582,71.14077069451437,69.31004896346703,70.9500732421875,591200,0.0,0.0
2023-05-25 00:00:00-04:00,70.81658061813867,71.14077503645072,69.0812075073397,69.25283813476562,484300,0.0,0.0
2023-05-26 00:00:00-04:00,69.13840684523453,69.78678825978473,67.32675225093485,67.67001342773438,628800,0.0,0.0
2023-05-30 00:00:00-04:00,67.77490338517094,69.53888009614919,67.41256807910659,68.46142578125,726000,0.0,0.0
2023-05-31 00:00:00-04:00,68.51864193165703,68.59492382379945,64.85719112987883,66.85001373291016,831400,0.0,0.0
2023-06-01 00:00:00-04:00,67.12653402840131,67.20281592496707,64.76184615735691,65.52465057373047,1285100,0.0,0.0
2023-06-02 00:00:00-04:00,65.98232192239925,68.69980788332526,65.82022836164437,68.48049926757812,952800,0.0,0.0
2023-06-05 00:00:00-04:00,67.87025161075046,68.6616597713229,67.0025615679116,67.05023956298828,709400,0.0,0.0
2023-06-06 00:00:00-04:00,67.04070878564247,68.92864553796788,66.21116688091274,67.96560668945312,502800,0.0,0.0
2023-06-07 00:00:00-04:00,68.01328864274055,68.80469692341367,66.75466649290453,67.6986312866211,505900,0.0,0.0
2023-06-08 00:00:00-04:00,67.58421112524168,69.72959037078702,67.29816492395422,69.22423553466797,626600,0.0,0.0
2023-06-09 00:00:00-04:00,69.16702552912382,69.3863268822739,67.15513603035468,67.3363037109375,550500,0.0,0.0
2023-06-12 00:00:00-04:00,67.87025651024994,69.28144233548812,67.47931729139351,69.24330139160156,535000,0.0,0.0
2023-06-13 00:00:00-04:00,69.1574850801606,70.74030157578296,68.68073417540323,70.41610717773438,639600,0.0,0.0
2023-06-14 00:00:00-04:00,70.39703695231411,70.91192877761367,69.12887786081562,70.13958740234375,650500,0.0,0.0
2023-06-15 00:00:00-04:00,70.24448033590888,72.18008794929888,70.24448033590888,71.7414779663086,666600,0.0,0.0
2023-06-16 00:00:00-04:00,72.5614837188236,72.86660399624269,70.25401116617667,71.00727844238281,1147200,0.0,0.0
2023-06-20 00:00:00-04:00,70.68308471977237,71.00727910956195,69.38632170989663,69.39585876464844,396800,0.0,0.0
2023-06-21 00:00:00-04:00,69.2623751903565,70.2254141150598,68.66167163168676,69.25283813476562,372600,0.0,0.0
2023-06-22 00:00:00-04:00,69.03352548148278,70.28261039772462,68.03234577289882,69.87260437011719,513800,0.0,0.0
2023-06-23 00:00:00-04:00,69.26236371207617,69.68190679284365,67.51745383485586,67.57466888427734,949200,0.0,0.0
2023-06-26 00:00:00-04:00,67.12652592487476,68.9286436844972,67.12652592487476,68.53770446777344,469700,0.0,0.0
2023-06-27 00:00:00-04:00,69.01445337157368,69.34818480052458,68.28979728639811,68.76654815673828,361300,0.0,0.0
2023-06-28 00:00:00-04:00,68.91912035769883,69.66285072096798,68.28027579177716,69.63424682617188,482200,0.0,0.0
2023-06-29 00:00:00-04:00,69.44354196947687,70.38750677071154,69.44354196947687,69.80587005615234,341900,0.0,0.0
2023-06-30 00:00:00-04:00,70.4065711012865,71.05495263175372,69.80586757181428,70.39704132080078,352200,0.0,0.0
2023-07-03 00:00:00-04:00,70.34936627338598,72.32311483839474,70.34936627338598,72.09427642822266,307000,0.0,0.0
2023-07-05 00:00:00-04:00,71.88449599689979,72.09426754481039,70.21586794260844,70.34935760498047,619700,0.0,0.0
2023-07-06 00:00:00-04:00,69.65330453488002,70.20633001152616,68.11816616213137,70.1968002319336,454900,0.0,0.0
2023-07-07 00:00:00-04:00,70.5877338064058,73.31474940951982,70.5877338064058,72.45659637451172,695300,0.0,0.0
2023-07-10 00:00:00-04:00,72.23729413909663,74.63057827802507,72.23729413909663,74.07755279541016,405700,0.0,0.0
2023-07-11 00:00:00-04:00,74.18244679517719,74.9166400183926,73.17172988802952,73.53406524658203,429500,0.0,0.0
2023-07-12 00:00:00-04:00,74.64013167122566,74.64013167122566,70.2254202504083,73.5245361328125,1395000,0.0,0.0
2023-07-13 00:00:00-04:00,73.78197417080496,74.33500701697768,72.03707122802734,72.03707122802734,629900,0.0,0.0
2023-07-14 00:00:00-04:00,71.88449677605335,73.33382351843171,71.31239717759497,72.45659637451172,398700,0.0,0.0
2023-07-17 00:00:00-04:00,72.38031383150404,73.08590301646434,71.80820702109486,72.46612548828125,327100,0.0,0.0
2023-07-18 00:00:00-04:00,72.3040446884496,73.18126461610983,71.26472392281435,71.63658905029297,462400,0.0,0.0
2023-07-19 00:00:00-04:00,72.08474054757289,73.524530420766,72.08474054757289,73.47685241699219,451500,0.0,0.0
2023-07-20 00:00:00-04:00,74.07755637349034,77.30992685876836,74.03941542894341,76.11804962158203,847600,0.0,0.0
2023-07-21 00:00:00-04:00,76.76643144795122,77.04294784108214,75.8319964892798,76.81410217285156,755600,0.0,0.0
2023-07-24 00:00:00-04:00,77.76760073521814,79.10250464586416,77.23364208081615,78.48272705078125,789500,0.0,0.0
2023-07-25 00:00:00-04:00,78.22529490067346,79.65554771687988,78.22529490067346,79.13111877441406,556200,0.0,0.0
2023-07-26 00:00:00-04:00,79.55066171953413,81.61022198665036,79.35996425439741,81.4385986328125,740000,0.0,0.0
2023-07-27 00:00:00-04:00,81.44812886910162,82.36348980123022,80.45648604063514,80.54230499267578,514400,0.0,0.0
2023-07-28 00:00:00-04:00,80.54229848051627,80.89508949193092,79.42670311668248,79.45530700683594,478100,0.0,0.0
2023-07-31 00:00:00-04:00,79.54112148551017,80.31346292012859,78.80692827196512,78.85459899902344,631900,0.0,0.0
2023-08-01 00:00:00-04:00,78.33971055159365,78.51133389012344,77.30038981776818,77.52922821044922,652200,0.0,0.0
2023-08-02 00:00:00-04:00,76.62339897031185,78.74970373680667,76.41362742750627,77.83434295654297,662500,0.0,0.0
2023-08-03 00:00:00-04:00,75.32663857264785,78.8832033162238,73.08591090547831,78.48272705078125,1649800,0.0,0.0
2023-08-04 00:00:00-04:00,78.95948132426592,78.95948132426592,76.8045725050839,77.34806823730469,1145600,0.0,0.0
2023-08-07 00:00:00-04:00,77.71040139615103,80.74253759437302,77.26225435912623,79.87484741210938,945500,0.0,0.0
2023-08-08 00:00:00-04:00,79.51251837883721,79.51251837883721,76.31828864874687,77.95831298828125,702800,0.0,0.0
2023-08-09 00:00:00-04:00,78.42551997223902,78.54947258250367,77.14783110220901,77.58644104003906,359400,0.0,0.0
2023-08-10 00:00:00-04:00,77.94877151194017,79.62693670310291,77.9106305672954,78.58761596679688,690700,0.0,0.0
2023-08-11 00:00:00-04:00,78.45337740767347,79.42182129757559,78.00271518221001,78.72185516357422,484100,0.46,0.0
2023-08-14 00:00:00-04:00,78.66432416174217,79.65194187208611,77.69588029823841,78.33831024169922,707100,0.0,0.0
2023-08-15 00:00:00-04:00,77.83012269800217,78.5396794262194,75.86447776943152,76.02748107910156,535100,0.0,0.0
2023-08-16 00:00:00-04:00,75.61517054319627,77.04385988767926,75.61517054319627,76.22883605957031,529900,0.0,0.0
2023-08-17 00:00:00-04:00,76.46855640794381,76.8808636504738,73.79335462252415,73.85088348388672,586600,0.0,0.0
2023-08-18 00:00:00-04:00,73.39063360514517,74.42619694101836,72.80573249777996,73.09339141845703,613100,0.0,0.0
2023-08-21 00:00:00-04:00,73.09339144464586,73.6687019707359,72.27836027425887,72.52766418457031,708800,0.0,0.0
2023-08-22 00:00:00-04:00,72.40300580506972,73.0837906862822,71.46332646811197,72.57559967041016,578300,0.0,0.0
2023-08-23 00:00:00-04:00,72.88244934037087,73.36187604272608,72.46055150134758,72.5468521118164,436000,0.0,0.0
2023-08-24 00:00:00-04:00,72.23042268374974,74.47413595145059,71.99070935264648,73.91799926757812,701300,0.0,0.0
2023-08-25 00:00:00-04:00,74.24401738194275,74.65632462727254,71.62634444011027,73.1413345336914,877400,0.0,0.0
2023-08-28 00:00:00-04:00,73.3906311285562,74.68508159698094,72.65231000428601,73.27556610107422,578500,0.0,0.0
2023-08-29 00:00:00-04:00,73.25639957266858,73.76459069274398,72.35507505602423,73.1413345336914,416900,0.0,0.0
2023-08-30 00:00:00-04:00,73.11256490553586,74.435779840093,72.9016160068086,74.22483825683594,417900,0.0,0.0
2023-08-31 00:00:00-04:00,74.22482755157777,74.76178298691606,72.4317694864744,72.5851821899414,915000,0.0,0.0
2023-09-01 00:00:00-04:00,74.88644022791206,75.63434462106022,73.63993534448848,73.97553253173828,822000,0.0,0.0
2023-09-05 00:00:00-04:00,74.14813325646405,76.14255003249981,73.39063821223496,73.42899322509766,929800,0.0,0.0
2023-09-06 00:00:00-04:00,73.10298173747319,73.45776013180804,71.6934660580113,71.83729553222656,443900,0.0,0.0
2023-09-07 00:00:00-04:00,71.82770509170572,74.10018275856014,71.22362282342678,74.08100891113281,628000,0.0,0.0
2023-09-08 00:00:00-04:00,74.16729864556439,74.57001526148235,72.70025431938478,73.43856811523438,803800,0.0,0.0
2023-09-11 00:00:00-04:00,73.92758823208997,74.45496047516974,73.40980657037623,73.81253051757812,1130200,0.0,0.0
2023-09-12 00:00:00-04:00,73.51528639386811,73.65911586299377,71.9140030157634,73.57282257080078,885200,0.0,0.0
2023-09-13 00:00:00-04:00,73.85088194359058,75.00151035513824,73.62075918746926,74.30154418945312,1171000,0.0,0.0
2023-09-14 00:00:00-04:00,74.4837274463183,75.41381635287863,73.9275907556267,74.88644409179688,1291400,0.0,0.0
2023-09-15 00:00:00-04:00,75.07822239012583,75.5001129017377,73.21804449668427,73.70706176757812,6890200,0.0,0.0
2023-09-18 00:00:00-04:00,73.3618703953753,73.37145366154563,71.37704429303425,72.50849151611328,909900,0.0,0.0
2023-09-19 00:00:00-04:00,72.36466747424801,73.02627866308,71.24281074877096,71.28115844726562,636700,0.0,0.0
2023-09-20 00:00:00-04:00,71.79893741894254,72.49890359499233,71.47293078589924,71.61676025390625,692100,0.0,0.0
2023-09-21 00:00:00-04:00,71.36745586849605,71.51128533557218,69.22920965715633,69.5168685913086,779400,0.0,0.0
2023-09-22 00:00:00-04:00,69.5839772221677,70.08257767302753,68.69224344341482,68.73059844970703,825100,0.0,0.0
2023-09-25 00:00:00-04:00,68.24158341531663,68.24158341531663,66.17046421852591,66.4389419555664,966700,0.0,0.0
2023-09-26 00:00:00-04:00,65.98828166919263,66.49647273120452,64.6267117831476,64.71300506591797,786900,0.0,0.0
2023-09-27 00:00:00-04:00,64.79930279902236,65.84444930442454,64.79930279902236,65.47049713134766,705200,0.0,0.0
2023-09-28 00:00:00-04:00,65.34585591177559,66.0074597350487,64.75136421352273,65.6239242553711,781100,0.0,0.0
2023-09-29 00:00:00-04:00,66.47729921553376,66.47729921553376,64.92395427870612,65.41297149658203,719800,0.0,0.0
2023-10-02 00:00:00-04:00,65.54721058445473,66.41976326226067,64.79930619905822,65.6910400390625,784700,0.0,0.0
2023-10-03 00:00:00-04:00,65.4033823598523,65.4033823598523,62.21039913248474,62.57476806640625,976200,0.0,0.0
2023-10-04 00:00:00-04:00,62.90077300194265,63.28431577275027,61.51043868766867,62.392581939697266,906100,0.0,0.0
2023-10-05 00:00:00-04:00,61.98986768526521,62.78571768482031,60.983068787951396,61.788509368896484,590700,0.0,0.0
2023-10-06 00:00:00-04:00,61.06936073505236,62.028217620167226,59.2475417976711,61.59672927856445,1099900,0.0,0.0
2023-10-09 00:00:00-04:00,61.09813456759062,61.874803413891605,60.052984305103315,60.4365234375,704900,0.0,0.0
2023-10-10 00:00:00-04:00,60.74335906921271,62.95831531176159,60.42693936151666,62.8432502746582,709600,0.0,0.0
2023-10-11 00:00:00-04:00,63.29390695606019,63.56238470353931,61.683033155715535,62.450111389160156,514700,0.0,0.0
2023-10-12 00:00:00-04:00,62.306288119074296,63.13089519330851,61.17483732073174,62.54600143432617,825500,0.0,0.0
2023-10-13 00:00:00-04:00,62.57476827461562,63.97469321181245,62.440529398135794,62.85283660888672,741100,0.0,0.0
2023-10-16 00:00:00-04:00,63.4856640248862,63.955500004078644,62.57475648954816,63.70620346069336,623100,0.0,0.0
2023-10-17 00:00:00-04:00,63.495258817552035,65.24996189452938,63.495258817552035,64.5404052734375,471100,0.0,0.0
2023-10-18 00:00:00-04:00,64.20481550382735,65.01983933829055,63.19802393730341,64.26234436035156,484500,0.0,0.0
2023-10-19 00:00:00-04:00,64.27193852454897,65.0677885563602,63.495269656295136,63.63909912109375,621700,0.0,0.0
2023-10-20 00:00:00-04:00,63.370612490654416,63.50485868586349,62.31587530036236,62.40217590332031,537700,0.0,0.0
2023-10-23 00:00:00-04:00,61.94191999261249,62.82406324834321,61.35702256839188,61.61591339111328,704700,0.0,0.0
2023-10-24 00:00:00-04:00,62.36381875047972,62.63229650073537,61.33784602459135,62.01863098144531,572600,0.0,0.0
2023-10-25 00:00:00-04:00,61.548798354402095,61.769330526364506,60.561176925035035,61.67344665527344,718600,0.0,0.0
2023-10-26 00:00:00-04:00,61.270729375099954,61.75015604107809,60.09133655798677,60.56117630004883,683200,0.0,0.0
2023-10-27 00:00:00-04:00,61.02141848689228,63.1596643916016,60.417339932628465,62.51722717285156,964700,0.0,0.0
2023-10-30 00:00:00-04:00,62.51723168432417,63.19802395895414,61.53920454572728,62.29669952392578,937200,0.0,0.0
2023-10-31 00:00:00-04:00,62.52681946796338,63.437734443482434,61.759741258308615,62.344635009765625,837200,0.0,0.0
2023-11-01 00:00:00-04:00,62.52682554107716,62.699419435220406,60.36940552202179,62.584354400634766,1117800,0.0,0.0
2023-11-02 00:00:00-04:00,65.06778654606087,65.06778654606087,58.164041945991485,60.36940383911133,1683700,0.0,0.0
2023-11-03 00:00:00-04:00,60.609118043760056,65.32667466637898,60.17763331419487,65.2020263671875,1334600,0.0,0.0
2023-11-06 00:00:00-05:00,65.54721403374963,65.75816293621249,64.0993434613212,65.34585571289062,840500,0.0,0.0
2023-11-07 00:00:00-05:00,65.62392038886316,66.2279953176871,64.54041150774935,64.84724426269531,650400,0.0,0.0
2023-11-08 00:00:00-05:00,65.02943194165192,65.15408023982037,62.69941807885797,63.87881088256836,506600,0.0,0.0
2023-11-09 00:00:00-05:00,64.08975089253465,64.09934147384115,61.31866910577295,62.0761604309082,653600,0.0,0.0
2023-11-10 00:00:00-05:00,62.269307381838495,62.40450689445377,61.255303669403126,62.24032974243164,736700,0.46,0.0
2023-11-13 00:00:00-05:00,62.24033010230943,62.42381831384289,61.21667453864045,61.76713180541992,403100,0.0,0.0
2023-11-14 00:00:00-05:00,62.56868504897019,64.49045612208155,62.55902583454238,64.32628631591797,1079400,0.0,0.0
2023-11-15 00:00:00-05:00,64.63530955228255,67.1268561866067,64.63530955228255,66.61502838134766,609400,0.0,0.0
2023-11-16 00:00:00-05:00,66.16114083839774,66.6922797008239,64.38422129633302,64.90570831298828,498300,0.0,0.0
2023-11-17 00:00:00-05:00,65.2147409132155,65.74588717665745,64.00759701250345,64.04622650146484,484200,0.0,0.0
2023-11-20 00:00:00-05:00,63.93033508533938,64.93467964853785,63.640624983226424,64.88639831542969,363800,0.0,0.0
2023-11-21 00:00:00-05:00,64.78981984967028,64.78981984967028,63.64062393819669,63.659934997558594,344500,0.0,0.0
2023-11-22 00:00:00-05:00,63.87239260247747,65.2919949000482,63.87239260247747,64.61599731445312,321400,0.0,0.0
2023-11-24 00:00:00-05:00,64.38421818951245,65.26302238845716,64.10415995142526,65.12782287597656,246500,0.0,0.0
2023-11-27 00:00:00-05:00,64.98295810181854,65.91970275668626,64.16210189021349,64.47113037109375,624700,0.0,0.0
2023-11-28 00:00:00-05:00,64.37456962976165,64.52908020855932,63.35090665296455,63.814453125,411200,0.0,0.0
2023-11-29 00:00:00-05:00,64.22004356277372,65.35958748762297,63.09981069489942,63.27363967895508,406600,0.0,0.0
2023-11-30 00:00:00-05:00,63.12879397630615,63.27364533611982,62.114790250684806,63.00324630737305,477900,0.0,0.0
2023-12-01 00:00:00-05:00,62.88736905232044,65.46582656364627,61.873365264898574,65.34028625488281,496000,0.0,0.0
2023-12-04 00:00:00-05:00,65.35959139769214,69.0389631845278,65.35959139769214,67.32965087890625,1041800,0.0,0.0
2023-12-05 00:00:00-05:00,66.83714050422357,67.5614268218261,66.04525442502431,66.73091125488281,625600,0.0,0.0
2023-12-06 00:00:00-05:00,67.2427313667686,67.94770654360899,66.3446161411662,67.66764831542969,725000,0.0,0.0
2023-12-07 00:00:00-05:00,67.70628530953358,68.76857043120705,67.33931622904898,68.60440063476562,453900,0.0,0.0
2023-12-08 00:00:00-05:00,68.42090146865857,68.80718891507921,67.5903860375913,67.73524475097656,455200,0.0,0.0
2023-12-11 00:00:00-05:00,68.0539372103393,69.10656302349902,67.73524949214901,68.57542419433594,562300,0.0,0.0
2023-12-12 00:00:00-05:00,68.76857246699524,69.2224597499758,67.80285735182696,69.18383026123047,424400,0.0,0.0
2023-12-13 00:00:00-05:00,68.9423955198521,71.73331137188619,67.93805100280072,71.1731948852539,735800,0.0,0.0
2023-12-14 00:00:00-05:00,72.14856801727719,73.40400048618095,71.56914048079118,72.91148376464844,649400,0.0,0.0
2023-12-15 00:00:00-05:00,73.00805301111596,73.24948176271873,70.61308392119604,71.21182250976562,873100,0.0,0.0
2023-12-18 00:00:00-05:00,71.26011192349249,71.26011192349249,69.82119861246638,70.26542663574219,505900,0.0,0.0
2023-12-19 00:00:00-05:00,71.22149163783543,71.75263791243275,70.32337626213018,70.70000457763672,421300,0.0,0.0
2023-12-20 00:00:00-05:00,70.53582801037341,71.57880203079085,69.74394196549818,70.06262969970703,360700,0.0,0.0
2023-12-21 00:00:00-05:00,70.81588989044054,71.56914648787831,69.92743376873557,70.922119140625,366600,0.0,0.0
2023-12-22 00:00:00-05:00,70.99936240218246,73.06599924692958,70.25576510613045,72.80525207519531,423200,0.0,0.0
2023-12-26 00:00:00-05:00,72.77628086255599,74.47594127587362,72.389993400281,74.0703353881836,420600,0.0,0.0
2023-12-27 00:00:00-05:00,74.35039766203467,75.67342989781537,73.44263054926002,75.23886108398438,485800,0.0,0.0
2023-12-28 00:00:00-05:00,74.60149318223462,74.93949200140533,74.08966534637302,74.1476058959961,371500,0.0,0.0
2023-12-29 00:00:00-05:00,74.0413723263516,74.88154708601033,73.01771671430996,73.61646270751953,337700,0.0,0.0
2024-01-02 00:00:00-05:00,73.47160614364336,73.91583420288896,72.39000258559658,73.25914764404297,687700,0.0,0.0
2024-01-03 00:00:00-05:00,73.10462352312713,73.10462352312713,70.87382420122228,71.04765319824219,657100,0.0,0.0
2024-01-04 00:00:00-05:00,70.17851394524794,71.14422903694363,67.10753965894283,69.84051513671875,1100400,0.0,0.0
2024-01-05 00:00:00-05:00,68.73959268149565,69.20313911448109,66.74056296439842,67.03993225097656,1034400,0.0,0.0
2024-01-08 00:00:00-05:00,67.11719921353564,69.63771620508119,66.75023012924427,68.27605438232422,1210100,0.0,0.0
2024-01-09 00:00:00-05:00,67.43588082196062,71.58845093844184,67.13650415916251,70.5841064453125,1493500,0.0,0.0
2024-01-10 00:00:00-05:00,70.29439844426332,70.78691517624159,68.35330915643691,69.29971313476562,669400,0.0,0.0
2024-01-11 00:00:00-05:00,69.43491413701749,70.12057094399232,68.11188185527041,69.73428344726562,621400,0.0,0.0
2024-01-12 00:00:00-05:00,70.49719912390906,70.49719912390906,68.44988055173059,69.42525482177734,576200,0.0,0.0
2024-01-16 00:00:00-05:00,69.39627752024184,71.6174248723363,68.78787974868817,70.50685119628906,731400,0.0,0.0
2024-01-17 00:00:00-05:00,69.21280282673375,72.12926669705519,69.16452149007023,72.09063720703125,785700,0.0,0.0
2024-01-18 00:00:00-05:00,72.42863578123071,73.39435092498046,71.84920816854523,72.71835327148438,698800,0.0,0.0
2024-01-19 00:00:00-05:00,73.05634472935053,73.24948479149053,71.6560534914617,72.399658203125,465100,0.0,0.0
2024-01-22 00:00:00-05:00,72.42862727725228,74.96845515469238,72.42862727725228,74.2924575805664,665100,0.0,0.0
2024-01-23 00:00:00-05:00,75.07468910834953,75.73137566491614,73.85789339856959,75.13263702392578,510000,0.0,0.0
2024-01-24 00:00:00-05:00,75.97279776846801,75.97279776846801,73.54885840776916,74.33108520507812,431200,0.0,0.0
2024-01-25 00:00:00-05:00,75.02640241292872,75.605829952534,74.09931687599608,75.08434295654297,481200,0.0,0.0
2024-01-26 00:00:00-05:00,75.50926095504397,75.60583098499345,73.79028937135195,73.81925964355469,511400,0.0,0.0
2024-01-29 00:00:00-05:00,72.71834741921884,74.16692001826448,71.66571416597864,74.08000183105469,919400,0.0,0.0
2024-01-30 00:00:00-05:00,73.2784634051185,73.8772094544199,72.28377797301508,73.31709289550781,412400,0.0,0.0
2024-01-31 00:00:00-05:00,73.26880519885576,73.31708653178526,70.75794011624043,70.96074676513672,651200,0.0,0.0
2024-02-01 00:00:00-05:00,71.58844964572559,73.39433933169727,70.6323938674209,73.10462188720703,443200,0.0,0.0
2024-02-02 00:00:00-05:00,72.1099455717981,72.13891584627733,70.12057480079396,71.52085876464844,815700,0.0,0.0
2024-02-05 00:00:00-05:00,70.69034126558756,70.98005873817807,68.35331252847162,69.54114532470703,845600,0.0,0.0
2024-02-06 00:00:00-05:00,68.98103584577629,72.01338093226175,68.41126005629617,71.56915283203125,714200,0.0,0.0
2024-02-07 00:00:00-05:00,71.68503070724653,72.00371107110794,70.68068618086065,71.16354370117188,394900,0.0,0.0
2024-02-08 00:00:00-05:00,71.3663444416575,72.77628754579253,70.87382769783228,71.13457489013672,666900,0.0,0.0
2024-02-09 00:00:00-05:00,71.35807434852913,72.12578432852804,70.32798604291789,70.44459533691406,595500,0.46,0.0
2024-02-12 00:00:00-05:00,70.66811569978445,72.68942768528107,70.58065130667693,71.68848419189453,559100,0.0,0.0
2024-02-13 00:00:00-05:00,69.95870696653036,70.97908282417234,68.7828495711658,69.5797119140625,723600,0.0,0.0
2024-02-14 00:00:00-05:00,70.49318517208246,70.49318517208246,68.78284391309857,70.02672576904297,609400,0.0,0.0
2024-02-15 00:00:00-05:00,70.51262659818319,72.12579118357907,70.50291409884102,71.1151351928711,649200,0.0,0.0
2024-02-16 00:00:00-05:00,70.64866996054151,71.84396713883748,69.86152755905455,70.9693603515625,551700,0.0,0.0
2024-02-20 00:00:00-05:00,70.48347422597112,71.14428747276784,68.84115731537595,69.3367691040039,688900,0.0,0.0
2024-02-21 00:00:00-05:00,68.99664404762159,69.68660959840324,68.60792907720507,69.51168823242188,556300,0.0,0.0
2024-02-22 00:00:00-05:00,69.41451039909343,70.93049060756222,69.31733351134156,69.58943176269531,438500,0.0,0.0
2024-02-23 00:00:00-05:00,69.56999697138,70.65839746968271,69.44366774957238,69.7837905883789,592200,0.0,0.0
2024-02-26 00:00:00-05:00,71.02766881341496,71.2317499198388,69.4533839259044,69.49225616455078,881100,0.0,0.0
2024-02-27 00:00:00-05:00,70.26967982952004,70.91106065635738,69.39508039528229,70.58065032958984,753900,0.0,0.0
2024-02-28 00:00:00-05:00,69.0646706775103,70.39601708142571,67.87909331862707,68.1706314086914,1334900,0.0,0.0
2024-02-29 00:00:00-05:00,71.91199845141013,74.73989276010212,69.42423439101543,69.86153411865234,2423500,0.0,0.0
2024-03-01 00:00:00-05:00,69.91984043541608,70.72642275716647,66.2659387383093,67.96656036376953,1609000,0.0,0.0
2024-03-04 00:00:00-05:00,68.23865613520239,69.92955778484163,67.94711804445146,69.3367691040039,737400,0.0,0.0
2024-03-05 00:00:00-05:00,68.92862210377218,69.38536165531274,68.26780885318362,68.71482849121094,536900,0.0,0.0
2024-03-06 00:00:00-05:00,68.80228666277526,69.96842409877307,67.79163075832068,69.20071411132812,578600,0.0,0.0
2024-03-07 00:00:00-05:00,69.23958649839263,69.46310000474104,67.7624785819735,68.00542449951172,541700,0.0,0.0
2024-03-08 00:00:00-05:00,68.40385784352557,69.1035433325893,67.83050898750602,68.1414794921875,415100,0.0,0.0
2024-03-11 00:00:00-04:00,68.01514885445714,69.14242166711894,67.81107513784539,68.8411636352539,414200,0.0,0.0
2024-03-12 00:00:00-04:00,68.57877249176582,70.7166935750664,68.4815956087287,70.44459533691406,431600,0.0,0.0
2024-03-13 00:00:00-04:00,70.38629544468317,70.82359515495139,68.62736927629226,68.8897476196289,579900,0.0,0.0
2024-03-14 00:00:00-04:00,68.59821752614877,69.17157384558229,66.90731572495648,67.10167694091797,494900,0.0,0.0
2024-03-15 00:00:00-04:00,66.74210722382706,67.74304328472954,66.72267481133836,67.64586639404297,776000,0.0,0.0
2024-03-18 00:00:00-04:00,67.45151625132637,70.04617718464569,66.92675211636482,69.7254867553711,663500,0.0,0.0
2024-03-19 00:00:00-04:00,69.43394689047636,69.91012627244388,67.94711891956479,69.86153411865234,506700,0.0,0.0
2024-03-20 00:00:00-04:00,69.56999779058756,70.19194623559976,68.90919193262332,69.7254867553711,426100,0.0,0.0
2024-03-21 00:00:00-04:00,68.79257327895492,69.68661255901083,64.57502790405535,66.3242416381836,1733600,0.0,0.0
2024-03-22 00:00:00-04:00,65.54681644771401,65.84807447698418,63.486639470642096,63.885066986083984,2039500,0.0,0.0
2024-03-25 00:00:00-04:00,64.29321840181623,65.4496360576622,63.86563116637498,64.44869995117188,861500,0.0,0.0
2024-03-26 00:00:00-04:00,65.09007697842003,65.09007697842003,63.214534097915504,63.56437683105469,952600,0.0,0.0
2024-03-27 00:00:00-04:00,63.87534432642051,64.42926072552885,63.224243628353356,64.39038848876953,1338000,0.0,0.0
2024-03-28 00:00:00-04:00,64.75966691647433,65.53709686303051,64.34179961767163,64.72079467773438,1060200,0.0,0.0
2024-04-01 00:00:00-04:00,65.16781221714176,66.72267206050935,64.83740931960493,66.07157135009766,1133900,0.0,0.0
2024-04-02 00:00:00-04:00,65.4690726744251,66.43113649286455,63.86562803427836,65.29415130615234,1244800,0.0,0.0
2024-04-03 00:00:00-04:00,64.5944722529597,64.92487519580098,63.224253496286536,63.603248596191406,1225500,0.0,0.0
2024-04-04 00:00:00-04:00,64.33208071357312,64.54587432293573,62.37880073157093,62.56343460083008,857100,0.0,0.0
2024-04-05 00:00:00-04:00,62.32048916471727,62.63145966788446,61.212659990862385,61.941497802734375,881100,0.0,0.0
2024-04-08 00:00:00-04:00,62.06782396388774,62.33020600808531,61.3292699820084,62.174720764160156,828500,0.0,0.0
2024-04-09 00:00:00-04:00,61.79572947756622,62.728644704998715,61.79572947756622,62.47597885131836,784200,0.0,0.0
2024-04-10 00:00:00-04:00,61.88318829729666,61.99980130705973,60.48382105895766,61.4361686706543,928300,0.0,0.0
2024-04-11 00:00:00-04:00,61.445885545589135,61.941497329832316,60.48382171721719,61.086326599121094,696600,0.0,0.0
2024-04-12 00:00:00-04:00,61.10576476039058,61.15435320768897,59.774418320637096,60.036800384521484,906300,0.0,0.0
2024-04-15 00:00:00-04:00,59.88131370880411,60.66845988178957,59.51203855244524,60.15341567993164,706700,0.0,0.0
2024-04-16 00:00:00-04:00,59.88131190367661,60.43522832857788,59.327395478775344,59.997928619384766,571400,0.0,0.0
2024-04-17 00:00:00-04:00,60.61986796105972,60.71704484778194,59.22049706707188,59.23021697998047,598400,0.0,0.0
2024-04-18 00:00:00-04:00,59.04557826320593,59.628650729980045,58.54025398188678,59.61893081665039,827300,0.0,0.0
2024-04-19 00:00:00-04:00,59.38570570482407,60.862817453382306,59.074735200607684,60.73648452758789,906600,0.0,0.0
2024-04-22 00:00:00-04:00,61.77629149373855,62.11641431682279,60.95999301127561,61.4361686706543,658800,0.0,0.0
2024-04-23 00:00:00-04:00,61.60136862550563,62.57315233300895,61.387575023595495,62.44682312011719,680100,0.0,0.0
2024-04-24 00:00:00-04:00,61.84431651628107,62.845252580535345,61.756855831545984,62.592594146728516,540000,0.0,0.0
2024-04-25 00:00:00-04:00,62.16500648808834,62.281615790826415,60.89196846532706,61.13491439819336,558800,0.0,0.0
2024-04-26 00:00:00-04:00,61.04745511046939,62.33992928227112,60.794792965615805,61.31955337524414,552000,0.0,0.0
2024-04-29 00:00:00-04:00,62.04838924165886,62.25246293383025,60.785071142948404,60.88225173950195,499500,0.0,0.0
2024-04-30 00:00:00-04:00,60.192282938262984,61.125198136996474,59.424576608462274,59.949337005615234,668700,0.0,0.0
2024-05-01 00:00:00-04:00,59.68695279604763,60.11453999457085,58.54025144589514,59.23021697998047,725100,0.0,0.0
2024-05-02 00:00:00-04:00,59.58006345203854,59.7161125848336,57.99605489079418,58.05436325073242,829200,0.0,0.0
2024-05-03 00:00:00-04:00,59.016428970672884,59.58978155358659,57.28665501516348,57.3158073425293,771300,0.0,0.0
2024-05-06 00:00:00-04:00,57.4712895719974,58.34589641749696,56.59668643355861,56.664710998535156,906000,0.0,0.0
2024-05-07 00:00:00-04:00,56.70358044084459,57.25749688286569,56.062203312869585,56.295433044433594,1142600,0.0,0.0
2024-05-08 00:00:00-04:00,55.95530878973156,56.635554433100694,55.4208247741405,55.51800537109375,1650800,0.0,0.0
2024-05-09 00:00:00-04:00,54.12835354628256,54.12835354628256,50.60077763071707,51.71833038330078,3881100,0.0,0.0
2024-05-10 00:00:00-04:00,51.97099504948867,53.195444663267416,50.87287836251014,51.81550979614258,1730000,0.0,0.0
2024-05-13 00:00:00-04:00,52.068173506009266,52.243091165143724,50.35783208255898,50.795135498046875,1669300,0.0,0.0
2024-05-14 00:00:00-04:00,51.53368978275136,51.93212096196835,50.58134217650246,51.06723403930664,1217900,0.0,0.0
2024-05-15 00:00:00-04:00,51.786353063850115,52.08760363135742,50.88259394720712,50.970054626464844,1202900,0.0,0.0
2024-05-16 00:00:00-04:00,51.01864684682181,51.88353379071439,50.53275497209017,50.678524017333984,897900,0.0,0.0
2024-05-17 00:00:00-04:00,50.94323526768984,50.94323526768984,49.77652277583417,50.10006332397461,1104500,0.46,0.0
2024-05-20 00:00:00-04:00,49.943198426227305,50.237330981122156,48.03135925971555,48.482357025146484,2812900,0.0,0.0
2024-05-21 00:00:00-04:00,48.51176505022752,49.14904721670794,47.913701053387534,48.11959457397461,1296800,0.0,0.0
2024-05-22 00:00:00-04:00,48.070575059944986,48.38431297004468,47.717618976070106,48.0313606262207,886900,0.0,0.0
2024-05-23 00:00:00-04:00,48.149009727384254,48.16861881358761,45.89401717470931,46.3646240234375,2067300,0.0,0.0
2024-05-24 00:00:00-04:00,46.590122068118674,47.041119822545305,46.129317900741064,46.68816375732422,1418500,0.0,0.0
2024-05-28 00:00:00-04:00,46.71757906786441,47.78624993212143,46.109708629077375,46.25677490234375,1353900,0.0,0.0
2024-05-29 00:00:00-04:00,45.86459739247374,47.26661513465949,45.59007769136339,46.75679016113281,974100,0.0,0.0
2024-05-30 00:00:00-04:00,47.00190264072303,47.08033898577994,45.3449741219292,45.639102935791016,769000,0.0,0.0
2024-05-31 00:00:00-04:00,45.64891060736382,45.96264851613875,45.295954524979294,45.550865173339844,934100,0.0,0.0
2024-06-03 00:00:00-04:00,45.315562910573696,47.727424449479095,45.315562910573696,47.29603576660156,1414000,0.0,0.0
2024-06-04 00:00:00-04:00,47.13916449186121,47.40387779645882,46.60973040256469,47.0117073059082,852800,0.0,0.0
2024-06-05 00:00:00-04:00,47.07053232713314,47.11955691256341,45.599884525443215,45.83518981933594,801600,0.0,0.0
2024-06-06 00:00:00-04:00,45.63910063236527,46.45286084103127,45.38419000389736,46.24696731567383,857700,0.0,0.0
2024-06-07 00:00:00-04:00,46.08029556274414,46.90385844155266,45.60968873771793,46.08029556274414,650900,0.0,0.0
2024-06-10 00:00:00-04:00,45.80577556084771,46.18814337001608,45.38418958149526,46.01166534423828,1039500,0.0,0.0
2024-06-11 00:00:00-04:00,45.982252840032864,46.79600928786184,45.58027595229917,46.59992218017578,1158800,0.0,0.0
2024-06-12 00:00:00-04:00,47.24701045088897,47.52153391761895,46.63914373893468,47.25681686401367,893800,0.0,0.0
2024-06-13 00:00:00-04:00,47.30583937499925,47.433296569752365,45.84499419220071,46.87445068359375,615100,0.0,0.0
2024-06-14 00:00:00-04:00,46.81562139358703,46.89405773774305,45.48223346334062,45.76655960083008,610600,0.0,0.0
2024-06-17 00:00:00-04:00,45.9234271096832,48.56078738842763,45.61949189568118,47.835269927978516,1314600,0.0,0.0
2024-06-18 00:00:00-04:00,47.796050962089794,48.1686160988546,47.256814212066075,47.531333923339844,802200,0.0,0.0
2024-06-20 00:00:00-04:00,47.482313599550835,48.75687422445938,47.14896662933932,47.40387725830078,957400,0.0,0.0
2024-06-21 00:00:00-04:00,47.580355946444946,47.74703130388935,46.21755628874069,46.28618621826172,1297800,0.0,0.0
2024-06-24 00:00:00-04:00,46.50188551280437,47.266621201221234,46.28618929707617,46.87445068359375,1112400,0.0,0.0
2024-06-25 00:00:00-04:00,46.97248840332031,47.22739903120588,46.37442439399002,46.97248840332031,575000,0.0,0.0
2024-06-26 00:00:00-04:00,46.4430567104082,46.737185523877606,45.83518999723133,46.266578674316406,735200,0.0,0.0
2024-06-27 00:00:00-04:00,46.19794679621296,46.41364299569372,45.58027743596454,45.6881217956543,764500,0.0,0.0
2024-06-28 00:00:00-04:00,45.96264632949002,46.246968724505834,45.5802785051147,46.06068801879883,2023700,0.0,0.0
2024-07-01 00:00:00-04:00,46.17833894889771,46.33520789634848,44.31552066542614,45.07045364379883,2033100,0.0,0.0
2024-07-02 00:00:00-04:00,45.15869398967708,45.423411047551355,43.68804616152059,44.354740142822266,981300,0.0,0.0
2024-07-03 00:00:00-04:00,44.25669203259909,44.25669203259909,43.36449922043291,43.737064361572266,665300,0.0,0.0
2024-07-05 00:00:00-04:00,43.73706246099752,43.805692386639514,42.727218920793554,42.79584884643555,1372400,0.0,0.0
2024-07-08 00:00:00-04:00,43.00174234825879,44.217475770698,42.92330600355909,43.15861129760742,1189300,0.0,0.0
2024-07-09 00:00:00-04:00,43.07036954268617,43.08997862761492,41.58011274855589,41.64874267578125,1082500,0.0,0.0
2024-07-10 00:00:00-04:00,41.71737379920965,41.82522189938496,40.65850936304898,41.2957878112793,949500,0.0,0.0
2024-07-11 00:00:00-04:00,41.903658701854134,43.12919850813138,41.69776517196104,42.1585693359375,1328800,0.0,0.0
2024-07-12 00:00:00-04:00,42.658586513588865,42.97232813441578,42.04091716458883,42.3448486328125,1366100,0.0,0.0
2024-07-15 00:00:00-04:00,42.28602388108369,42.28602388108369,41.0016568979308,41.17813491821289,1186200,0.0,0.0
2024-07-16 00:00:00-04:00,41.33500682473042,43.923346321489234,40.83498822469549,43.648826599121094,2197300,0.0,0.0
2024-07-17 00:00:00-04:00,43.88412883510875,44.64886823658657,42.74682801604125,43.4233283996582,1480000,0.0,0.0
2024-07-18 00:00:00-04:00,42.14876631680405,42.94291371111435,41.599723141684684,41.82522201538086,1408200,0.0,0.0
2024-07-19 00:00:00-04:00,41.77619966459971,41.77619966459971,39.766315219329066,40.58987808227539,1675900,0.0,0.0
2024-07-22 00:00:00-04:00,40.85459578911903,40.92322946348889,39.86436120819507,40.727142333984375,967400,0.0,0.0
2024-07-23 00:00:00-04:00,40.47222815240767,40.78596606521309,39.88397050091026,40.26633834838867,940900,0.0,0.0
2024-07-24 00:00:00-04:00,39.97220554763336,40.13887716096441,39.11923091577026,39.47218322753906,1257700,0.0,0.0
2024-07-25 00:00:00-04:00,39.55061874710842,40.73694032106256,39.393749809561186,40.158485412597656,1321500,0.0,0.0
2024-07-26 00:00:00-04:00,40.785965488255044,40.825183661813675,39.70749189574888,40.12907791137695,847200,0.0,0.0
2024-07-29 00:00:00-04:00,40.12907514192622,41.29578767439486,39.619250141001515,41.12911605834961,1014400,0.0,0.0
2024-07-30 00:00:00-04:00,41.02126758191967,43.158609253075255,41.01146490932197,42.94291305541992,1422200,0.0,0.0
2024-07-31 00:00:00-04:00,42.854676922609556,44.109632282359435,42.25661287258085,43.364501953125,1222800,0.0,0.0
2024-08-01 00:00:00-04:00,43.48215186936677,43.81549885423896,42.24680936075263,43.15861129760742,1088200,0.0,0.0
2024-08-02 00:00:00-04:00,42.68800060946639,42.68800060946639,41.43304538751888,41.638938903808594,1189600,0.0,0.0
2024-08-05 00:00:00-04:00,40.76635705723224,42.050720353672745,40.29574649023582,40.697723388671875,1373800,0.0,0.0
2024-08-06 00:00:00-04:00,41.14872344064436,43.119389693761605,40.874199996093104,42.237003326416016,1107800,0.0,0.0
2024-08-07 00:00:00-04:00,42.27621962488895,42.80565371273616,41.33500596208322,41.65855026245117,1836100,0.0,0.0
2024-08-08 00:00:00-04:00,42.13895957805476,44.63905999497007,41.84483077725013,42.38406753540039,3342000,0.0,0.0
2024-08-09 00:00:00-04:00,42.364456177265154,44.423365152543774,41.413439897018044,43.98217010498047,1476900,0.0,0.0
2024-08-12 00:00:00-04:00,44.11943311276643,46.178338495341926,44.07041226842905,45.0998649597168,1730500,0.0,0.0
2024-08-13 00:00:00-04:00,45.44301297006195,45.69792733549741,44.31551863079143,45.48223114013672,1141000,0.0,0.0
2024-08-14 00:00:00-04:00,45.423409496035134,45.46262392767457,43.63902008464078,44.0115852355957,896900,0.0,0.0
2024-08-15 00:00:00-04:00,45.119472257330735,46.2861847625454,44.98221240260554,45.94303512573242,1071300,0.0,0.0
2024-08-16 00:00:00-04:00,45.66851609922631,45.89401496965426,45.05084300367549,45.354774475097656,916000,0.0,0.0
2024-08-19 00:00:00-04:00,45.6122505454496,46.25592960694389,45.29536157845852,46.01826477050781,993600,0.46,0.0
2024-08-20 00:00:00-04:00,45.651860025112555,46.899613670632235,45.651860025112555,46.127197265625,664400,0.0,0.0
2024-08-21 00:00:00-04:00,46.236122788926494,46.85999958479917,46.0380700211321,46.1370964050293,629500,0.0,0.0
2024-08-22 00:00:00-04:00,46.305442205106324,46.40447236702839,44.55265178165157,44.64177703857422,794800,0.0,0.0
2024-08-23 00:00:00-04:00,45.08739978386504,45.65185848815358,44.4041086622564,45.48351287841797,786100,0.0,0.0
2024-08-26 00:00:00-04:00,45.53302603497161,49.94966928097035,45.35477552032463,48.12755584716797,2665900,0.0,0.0
2024-08-27 00:00:00-04:00,47.66212816215103,47.92950393892608,46.65204315353898,47.70173645019531,1039200,0.0,0.0
2024-08-28 00:00:00-04:00,47.87008504242385,48.39493168200261,47.3452384028451,47.533390045166016,754200,0.0,0.0
2024-08-29 00:00:00-04:00,47.57300225031792,47.73144673316401,46.24602828987643,46.63223648071289,920500,0.0,0.0
2024-08-30 00:00:00-04:00,46.88970553437092,47.30562464675728,46.59262261273169,46.90951156616211,745500,0.0,0.0
2024-09-03 00:00:00-04:00,46.46388845764523,48.60289470532198,46.46388845764523,47.29572296142578,1175900,0.0,0.0
2024-09-04 00:00:00-04:00,47.067956547172074,49.25647586336788,46.79067965435324,49.18715286254883,1066000,0.0,0.0
2024-09-05 00:00:00-04:00,49.325797219507116,49.43472473381449,46.949126162929126,47.10757064819336,802300,0.0,0.0
2024-09-06 00:00:00-04:00,47.04815287625011,48.26619935109252,46.25593044442886,46.473793029785156,913900,0.0,0.0
2024-09-09 00:00:00-04:00,46.30544433679054,48.43454569594851,45.91923613155133,46.949127197265625,854500,0.0,0.0
2024-09-10 00:00:00-04:00,46.869903455907426,47.80076428789725,46.44408321483623,47.77105712890625,592900,0.0,0.0
2024-09-11 00:00:00-04:00,47.81066795388779,48.37512667037691,47.03825155818994,48.25629425048828,625200,0.0,0.0
2024-09-12 00:00:00-04:00,48.49396303586177,48.82075313609111,47.63241760024494,48.5236701965332,633500,0.0,0.0
2024-09-13 00:00:00-04:00,48.74153270523937,49.84074297973098,48.41473882790856,49.117835998535156,914500,0.0,0.0
2024-09-16 00:00:00-04:00,49.36540563092364,50.910242199319676,49.36540563092364,50.30617141723633,835600,0.0,0.0
2024-09-17 00:00:00-04:00,50.46461599899846,52.62342448123636,50.306171513036716,52.04906463623047,1224400,0.0,0.0
2024-09-18 00:00:00-04:00,52.197604299437714,53.207689315646284,51.58363238756704,51.7420768737793,890300,0.0,0.0
2024-09-19 00:00:00-04:00,52.87099220670798,52.87099220670798,50.97955957509573,51.177616119384766,894500,0.0,0.0
2024-09-20 00:00:00-04:00,50.99936817646958,51.15781266435985,49.56346288005577,49.61297607421875,1323700,0.0,0.0
2024-09-23 00:00:00-04:00,49.72190546329613,50.583450874710756,49.34560217998053,49.91006088256836,720100,0.0,0.0
2024-09-24 00:00:00-04:00,49.9793790973352,51.77178155341242,49.9793790973352,50.355682373046875,637900,0.0,0.0
2024-09-25 00:00:00-04:00,50.24675695623404,50.28636524432788,49.08812858875905,49.157447814941406,683500,0.0,0.0
2024-09-26 00:00:00-04:00,49.86054491802683,50.741896379641574,49.573366886046,50.632965087890625,794200,0.0,0.0
2024-09-27 00:00:00-04:00,51.32615900357391,53.475062478819744,50.99936514183735,52.42536544799805,1321800,0.0,0.0
2024-09-30 00:00:00-04:00,52.51449046804899,53.980102831665135,52.51449046804899,53.3463249206543,1048900,0.0,0.0
2024-10-01 00:00:00-04:00,53.088855017752984,53.38593794669197,52.36595183887618,52.613521575927734,812000,0.0,0.0
2024-10-02 00:00:00-04:00,52.35604786679854,52.35604786679854,51.048879934084674,51.880714416503906,939800,0.0,0.0
2024-10-03 00:00:00-04:00,51.3756727867307,52.18770122040781,50.60325263991478,52.03915786743164,535300,0.0,0.0
2024-10-04 00:00:00-04:00,52.0787688887254,52.49468422454451,51.28654650315496,51.316253662109375,579600,0.0,0.0
2024-10-07 00:00:00-04:00,51.31625432226081,51.31625432226081,48.157265866454026,48.8603630065918,1282000,0.0,0.0
2024-10-08 00:00:00-04:00,48.62269434371983,48.95938933373724,47.80076478955678,48.57318115234375,848600,0.0,0.0
2024-10-09 00:00:00-04:00,48.59298667444331,49.672390856616786,47.632414905848165,47.77105712890625,908100,0.0,0.0
2024-10-10 00:00:00-04:00,47.731445794509526,49.26637740019888,47.19669425881459,49.12773895263672,898300,0.0,0.0
2024-10-11 00:00:00-04:00,49.12774062611219,50.3061712481467,48.87026597677102,50.038795471191406,1822000,0.0,0.0
2024-10-14 00:00:00-04:00,50.03879617360652,50.03879617360652,48.414739233848984,49.05842208862305,832700,0.0,0.0
2024-10-15 00:00:00-04:00,48.79104614951446,51.662852945640715,48.79104614951446,51.12810516357422,1026300,0.0,0.0
2024-10-16 00:00:00-04:00,51.385573844278106,53.37603663890731,50.87062833963807,53.22749328613281,795900,0.0,0.0
2024-10-17 00:00:00-04:00,53.158173751126164,54.56436803134113,52.742254632360115,54.455440521240234,886400,0.0,0.0
2024-10-18 00:00:00-04:00,54.59407982619453,54.683205083215334,52.77196639858041,54.02962112426758,1012500,0.0,0.0
2024-10-21 00:00:00-04:00,54.00981376025904,54.415827970540406,53.1779793077784,53.940494537353516,758400,0.0,0.0
2024-10-22 00:00:00-04:00,53.53448082317562,53.53448082317562,51.22712908115017,51.5044059753418,942800,0.0,0.0
2024-10-23 00:00:00-04:00,51.60343900256798,52.11838453296939,50.761699590759804,51.068687438964844,825100,0.0,0.0
2024-10-24 00:00:00-04:00,51.0290731439225,51.32615985135903,49.87044858433193,50.23685073852539,691800,0.0,0.0
2024-10-25 00:00:00-04:00,50.781503458186,51.5341175772955,49.7417113139356,50.52403259277344,620300,0.0,0.0
2024-10-28 00:00:00-04:00,51.28654981596045,53.445358317095,50.930048775022335,52.56401062011719,679000,0.0,0.0
2024-10-29 00:00:00-04:00,52.2174077018037,52.85118561472421,51.77178142627699,51.85100555419922,323000,0.0,0.0
2024-10-30 00:00:00-04:00,51.613337063311995,52.346145137771835,50.81121354318691,50.949851989746094,533100,0.0,0.0
2024-10-31 00:00:00-04:00,51.32616061330073,52.801674156954284,51.28654854803922,51.880714416503906,719100,0.0,0.0
2024-11-01 00:00:00-04:00,52.633327258934564,55.84182891436722,52.02925650011905,54.72281265258789,1671500,0.0,0.0
2024-11-04 00:00:00-05:00,55.24766503849778,56.64395824509058,54.653495385674866,55.594261169433594,1255700,0.0,0.0
2024-11-05 00:00:00-05:00,55.633871703017,57.119290127744875,55.35659480590441,56.71327590942383,1161400,0.0,0.0
2024-11-06 00:00:00-05:00,58.06005747082086,60.15944784402429,57.44608178528747,57.64413833618164,2262700,0.0,0.0
2024-11-07 00:00:00-05:00,58.50568187493855,58.50568187493855,53.98010362157303,54.99018859863281,1832800,0.0,0.0
2024-11-08 00:00:00-05:00,54.59407831127185,55.683383620086346,54.14845203853345,54.554466247558594,1193700,0.0,0.0
2024-11-11 00:00:00-05:00,54.55446771821034,54.901063841008956,52.68284109986898,52.86109161376953,2126400,0.0,0.0
2024-11-12 00:00:00-05:00,52.068869374193,52.51449188276752,49.959574137974876,50.48442077636719,1065300,0.0,0.0
2024-11-13 00:00:00-05:00,50.89043431837971,50.97955957442789,49.35550271098496,50.296268463134766,1206500,0.0,0.0
2024-11-14 00:00:00-05:00,49.1574472217942,50.415101960750356,47.00854368084122,48.66230773925781,2309100,0.0,0.0
2024-11-15 00:00:00-05:00,49.28618484507509,49.28618484507509,46.17670948023219,46.86000061035156,1174500,0.0,0.0
2024-11-18 00:00:00-05:00,47.31999969482422,48.040000915527344,47.189998626708984,47.849998474121094,1325700,0.46,0.0
2024-11-19 00:00:00-05:00,47.63999938964844,47.900001525878906,46.58000183105469,47.150001525878906,1027900,0.0,0.0
2024-11-20 00:00:00-05:00,46.880001068115234,48.189998626708984,46.400001525878906,47.310001373291016,1093300,0.0,0.0
2024-11-21 00:00:00-05:00,47.43000030517578,48.189998626708984,46.75,47.86000061035156,780300,0.0,0.0
2024-11-22 00:00:00-05:00,47.650001525878906,50.16999816894531,47.5099983215332,49.91999816894531,1184900,0.0,0.0
2024-11-25 00:00:00-05:00,49.90999984741211,50.43000030517578,48.709999084472656,50.0099983215332,1276900,0.0,0.0
2024-11-26 00:00:00-05:00,49.529998779296875,49.529998779296875,48.060001373291016,49.2400016784668,865700,0.0,0.0
2024-11-27 00:00:00-05:00,49.56999969482422,51.02000045776367,49.56999969482422,49.7599983215332,732800,0.0,0.0
