Date,Open,High,Low,Close,Volume,Dividends,Stock Splits
2022-01-03 00:00:00-05:00,3.5707693099975586,3.5873006329732857,3.5459721284650527,3.5707693099975586,1919900,0.0,0.0
2022-01-04 00:00:00-05:00,3.55423772837763,3.579034513967828,3.5459718704223633,3.5459718704223633,1710400,0.0,0.0
2022-01-05 00:00:00-05:00,3.5625033803211514,3.5873005613586213,3.496378089738327,3.512909412384033,1262000,0.0,0.0
2022-01-06 00:00:00-05:00,3.6038318615594718,3.612097325761936,3.5790346806764397,3.5873005390167236,1921400,0.0,0.0
2022-01-07 00:00:00-05:00,3.603831706675838,3.6368943503403846,3.603831706675838,3.6286284923553467,1275700,0.0,0.0
2022-01-10 00:00:00-05:00,3.7278173092764995,3.769145422240465,3.7112855911254883,3.7112855911254883,2215500,0.0,0.0
2022-01-11 00:00:00-05:00,3.686488441633022,3.727816944692879,3.6616912609695444,3.7195510864257812,1022300,0.0,0.0
2022-01-12 00:00:00-05:00,3.669957119236642,3.727816944692879,3.669957119236642,3.7195510864257812,1177200,0.0,0.0
2022-01-13 00:00:00-05:00,3.7443481735054527,3.777410817471866,3.7360823154449467,3.7360823154449463,1293100,0.0,0.0
2022-01-14 00:00:00-05:00,3.7608794552802216,3.7856762409210205,3.744348133473755,3.7856762409210205,963300,0.0,0.0
2022-01-18 00:00:00-05:00,3.785676573579557,3.793942432278036,3.744348462500669,3.7691452503204346,1418600,0.0,0.0
2022-01-19 00:00:00-05:00,3.769145074243774,3.769145074243774,3.719551106783203,3.7443482875823975,1068700,0.0,0.0
2022-01-20 00:00:00-05:00,3.727816776926434,3.727816776926434,3.669956954074117,3.678222417831421,1232100,0.0,0.0
2022-01-21 00:00:00-05:00,3.6947541877867125,3.7195513703429848,3.6534260757100534,3.669957399368286,1888300,0.0,0.0
2022-01-24 00:00:00-05:00,3.7526137517569174,3.7608796100692548,3.653425816835775,3.7443482875823975,5496600,0.0,0.0
2022-01-25 00:00:00-05:00,3.7608793321097758,3.8104732959049508,3.7360821531432937,3.7939419746398926,2424600,0.0,0.0
2022-01-26 00:00:00-05:00,3.8187393159983736,3.8270051749044347,3.7278172328587784,3.7526140213012695,1771200,0.0,0.0
2022-01-27 00:00:00-05:00,3.793942432278036,3.8187392200978016,3.7360826038021897,3.7691452503204346,6674800,0.0,0.0
2022-01-28 00:00:00-05:00,3.793941936815231,3.843535900115967,3.777410615714986,3.843535900115967,1825600,0.0,0.0
2022-01-31 00:00:00-05:00,3.8104732355266844,3.8270045565297983,3.7691447359500088,3.8187386989593506,1116300,0.0,0.0
2022-02-01 00:00:00-05:00,3.7608793321097758,3.7939419746398926,3.744348010844717,3.7939419746398926,1809400,0.0,0.0
2022-02-02 00:00:00-05:00,3.827004579015721,3.843535900115967,3.8022074002964614,3.843535900115967,1795400,0.0,0.0
2022-02-03 00:00:00-05:00,3.8931303332507623,3.9179271208247846,3.8848644746342,3.901395797729492,1647200,0.0,0.0
2022-02-04 00:00:00-05:00,3.884864113622278,3.926192614588858,3.8683327920632053,3.909661293029785,1486400,0.0,0.0
2022-02-07 00:00:00-05:00,3.90139534322591,3.9509897008719905,3.893129879710087,3.92619252204895,862800,0.0,0.0
2022-02-08 00:00:00-05:00,3.992317967747312,4.03364646940667,3.9840525038981216,4.025380611419678,2381100,0.0,0.0
2022-02-09 00:00:00-05:00,4.058443359808048,4.091506004333496,4.058443359808048,4.091506004333496,1944500,0.0,0.0
2022-02-10 00:00:00-05:00,4.108037326596221,4.141100365259481,4.0749746820707715,4.091506004333496,3489100,0.0,0.0
2022-02-11 00:00:00-05:00,4.108037000414251,4.1493654998584475,4.033646253207593,4.050177574157715,3836900,0.0,0.0
2022-02-14 00:00:00-05:00,4.050178384652549,4.058443849712749,3.9923185526797047,4.033647060394287,6629800,0.0,0.0
2022-02-15 00:00:00-05:00,4.0667088896828,4.1163028524670064,4.0667088896828,4.108036994934082,2151600,0.0,0.0
2022-02-16 00:00:00-05:00,4.050177864760692,4.099771831169459,4.050177864760692,4.083240509033203,2656600,0.0,0.0
2022-02-17 00:00:00-05:00,4.050177937142175,4.058443401289112,4.017115292278795,4.041912078857422,1946700,0.0,0.0
2022-02-18 00:00:00-05:00,4.025381201196227,4.0667097089108095,4.0088498769379655,4.033647060394287,2889700,0.0,0.0
2022-02-22 00:00:00-05:00,3.9179266865420233,3.975786508030988,3.9096612229794787,3.9509897232055664,2334600,0.0,0.0
2022-02-23 00:00:00-05:00,3.9592552577070035,3.9840524371145105,3.901395435181351,3.909661293029785,1671700,0.0,0.0
2022-02-24 00:00:00-05:00,3.8187387213967066,3.851801363597197,3.7691447580959707,3.843535900115967,2698100,0.0,0.0
2022-02-25 00:00:00-05:00,3.893130476679662,3.9427244477926573,3.893130476679662,3.9179272651672363,2533700,0.0,0.0
2022-02-28 00:00:00-05:00,3.909661751022672,3.934458933335017,3.8600677805358243,3.884864568710327,2690000,0.0,0.0
2022-03-01 00:00:00-05:00,3.942723826717438,3.9757864689179283,3.8187387213967066,3.843535900115967,3156000,0.0,0.0
2022-03-02 00:00:00-05:00,3.8683327920632053,3.934458472437292,3.8683327920632053,3.909661293029785,2154100,0.0,0.0
2022-03-03 00:00:00-05:00,3.802207531054968,3.8187388527237283,3.7691448877174483,3.7774107456207275,2233000,0.0,0.0
2022-03-04 00:00:00-05:00,3.5790348497934423,3.5955661731173305,3.512909556497889,3.5294408798217773,2357500,0.0,0.0
2022-03-07 00:00:00-05:00,3.488112201823363,3.496378060145165,3.388924266788648,3.4054555892944336,3582600,0.0,0.0
2022-03-08 00:00:00-05:00,3.512909551082409,3.5211754098005295,3.4137216112919866,3.446784257888794,3618900,0.0,0.0
2022-03-09 00:00:00-05:00,3.55423768899346,3.620362975351661,3.55423768899346,3.5955657958984375,3410700,0.0,0.0
2022-03-10 00:00:00-05:00,3.5873003321725605,3.620362975351661,3.5707690105830103,3.5955657958984375,2434400,0.0,0.0
2022-03-11 00:00:00-05:00,3.59556583574056,3.612097157513292,3.529440548649631,3.5459718704223633,1705200,0.0,0.0
2022-03-14 00:00:00-04:00,3.5955661284162175,3.612097451534584,3.5707693408075847,3.5790348052978516,1335700,0.0,0.0
2022-03-15 00:00:00-04:00,3.6120971705230733,3.6368943503403846,3.587300384843564,3.6286284923553467,1927600,0.0,0.0
2022-03-16 00:00:00-04:00,3.68648880217468,3.7278173092764995,3.6368948301352093,3.7112855911254883,2013800,0.0,0.0
2022-03-17 00:00:00-04:00,3.7443481544807864,3.8187389059583414,3.7443481544807864,3.8104734420776367,1725900,0.0,0.0
2022-03-18 00:00:00-04:00,3.7278167806144475,3.802207531054968,3.7030196010424086,3.7774107456207275,1741700,0.0,0.0
2022-03-21 00:00:00-04:00,3.802207562727487,3.810473420699621,3.7608794552802216,3.7856762409210205,832700,0.0,0.0
2022-03-22 00:00:00-04:00,3.827004909515381,3.8435362320432693,3.810473586987493,3.827004909515381,977000,0.0,0.0
2022-03-23 00:00:00-04:00,3.777410838677573,3.7939421607535837,3.7608795166015625,3.7608795166015625,1030800,0.0,0.0
2022-03-24 00:00:00-04:00,3.769145063479474,3.8022077083587646,3.752613741039829,3.8022077083587646,772600,0.0,0.0
2022-03-25 00:00:00-04:00,3.7856760569531227,3.835270019962464,3.7691447359500088,3.8187386989593506,1411000,0.0,0.0
2022-03-28 00:00:00-04:00,3.89313006401062,3.9013955279177295,3.85180156206166,3.89313006401062,1686200,0.0,0.0
2022-03-29 00:00:00-04:00,3.975786508030988,4.000583686994198,3.9261925442423564,3.9509897232055664,1260000,0.0,0.0
2022-03-30 00:00:00-04:00,3.975787086715006,4.033646916625589,3.975787086715006,4.017115592956543,4138100,0.0,0.0
2022-03-31 00:00:00-04:00,4.000583834387188,4.017115156259127,3.9675211906433105,3.9675211906433105,932000,0.0,0.0
2022-04-01 00:00:00-04:00,3.9840525038981216,4.025380611419678,3.975786645911129,4.025380611419678,692100,0.0,0.0
2022-04-04 00:00:00-04:00,3.9675214793688776,4.0088495899873635,3.959255620762481,4.000584125518799,994500,0.0,0.0
2022-04-05 00:00:00-04:00,4.0088495899873635,4.041912236137285,3.992318266912403,4.000584125518799,711100,0.0,0.0
2022-04-06 00:00:00-04:00,4.025381042908285,4.07497501373291,4.008849719300077,4.07497501373291,1482500,0.0,0.0
2022-04-07 00:00:00-04:00,4.099771862533764,4.116303184796489,4.050177895745591,4.091506004333496,1294700,0.0,0.0
2022-04-08 00:00:00-04:00,4.083240210610868,4.132834173395076,4.083240210610868,4.108036994934082,868800,0.0,0.0
2022-04-11 00:00:00-04:00,4.141100913627205,4.182429027687809,4.132835054332365,4.14936637878418,1553400,0.0,0.0
2022-04-12 00:00:00-04:00,4.265084596430434,4.314678557535698,4.2402878129466846,4.248553276062012,3170300,0.0,0.0
2022-04-13 00:00:00-04:00,4.3808053016385315,4.430399274839913,4.37253944236937,4.413867950439453,1909400,0.0,0.0
2022-04-14 00:00:00-04:00,4.389069963694739,4.455195249197533,4.380804500075786,4.430398464202881,1274000,0.0,0.0
2022-04-18 00:00:00-04:00,4.422132823652528,4.438664145840212,4.397336037439907,4.405601501464844,947100,0.0,0.0
2022-04-19 00:00:00-04:00,4.380804570275696,4.405601355667703,4.3560073907458925,4.3890700340271,1417800,0.0,0.0
2022-04-20 00:00:00-04:00,4.314679185663281,4.372539012444828,4.314679185663281,4.364273548126221,1570200,0.0,0.0
2022-04-21 00:00:00-04:00,4.356007661034822,4.356007661034822,4.256819725036621,4.256819725036621,2750300,0.0,0.0
2022-04-22 00:00:00-04:00,4.322945015702089,4.322945015702089,4.256819725036621,4.256819725036621,1316000,0.0,0.0
2022-04-25 00:00:00-04:00,4.273351078799157,4.273351078799157,4.198959929190268,4.265085220336914,2546900,0.0,0.0
2022-04-26 00:00:00-04:00,4.174163786196889,4.207226436872129,4.124569416046143,4.124569416046143,1931000,0.0,0.0
2022-04-27 00:00:00-04:00,4.066708895107837,4.099771537008081,4.050177574157715,4.050177574157715,2031200,0.0,0.0
2022-04-28 00:00:00-04:00,4.017115578173103,4.083240872605937,3.992318395691868,4.07497501373291,1714400,0.0,0.0
2022-04-29 00:00:00-04:00,4.050177650782831,4.050177650782831,3.934458401942689,3.9509897232055664,1820600,0.0,0.0
2022-05-02 00:00:00-04:00,3.975786508030988,3.984052365731321,3.901395365279146,3.9509897232055664,2271600,0.0,0.0
2022-05-03 00:00:00-04:00,4.0005836113073485,4.058443037563885,4.0005836113073485,4.050177574157715,2636000,0.0,0.0
2022-05-04 00:00:00-04:00,4.074975440033282,4.141101135521648,4.050178649095795,4.124569416046143,1874400,0.0,0.0
2022-05-05 00:00:00-04:00,4.1163032991930955,4.1163032991930955,4.074974795318814,4.099771976470947,1457800,0.0,0.0
2022-05-06 00:00:00-04:00,4.0667095489977285,4.108037660949328,4.05017822538952,4.07497501373291,1657100,0.0,0.0
2022-05-09 00:00:00-04:00,4.000584125518799,4.03364677166872,3.9757869438374422,4.000584125518799,1115300,0.0,0.0
2022-05-10 00:00:00-04:00,4.017115062635791,4.0336463841224495,3.959255240363592,3.9840524196624756,1520400,0.0,0.0
2022-05-11 00:00:00-04:00,3.975786508030988,4.033646329519953,3.9427238655052337,3.9509897232055664,1457600,0.0,0.0
2022-05-12 00:00:00-04:00,4.108037148390561,4.116303006232258,4.01711507695866,4.066709041595459,3135200,0.0,0.0
2022-05-13 00:00:00-04:00,4.0088492191169625,4.0832403631410585,4.0088492191169625,4.066709041595459,930300,0.0,0.0
2022-05-16 00:00:00-04:00,4.041912037545323,4.091506004333496,4.017115251220143,4.091506004333496,2578500,0.0,0.0
2022-05-17 00:00:00-04:00,4.116303041707907,4.174162864685059,4.099771720019835,4.174162864685059,1598100,0.0,0.0
2022-05-18 00:00:00-04:00,4.099771684686658,4.108037148390561,4.041911862208162,4.066709041595459,1307800,0.0,0.0
2022-05-19 00:00:00-04:00,4.025380427297934,4.074974390538045,4.008849106217897,4.058443069458008,1076500,0.0,0.0
2022-05-20 00:00:00-04:00,4.066709331026651,4.099771976470947,4.033646685582355,4.099771976470947,1325300,0.0,0.0
2022-05-23 00:00:00-04:00,4.116303326907651,4.223757122393998,4.108037468422013,4.207225799560547,1864800,0.0,0.0
2022-05-24 00:00:00-04:00,4.306413608957934,4.3560075759887695,4.298147750717221,4.3560075759887695,2722400,0.0,0.0
2022-05-25 00:00:00-04:00,4.331210395404445,4.372538898332381,4.314679073060833,4.3560075759887695,1239000,0.0,0.0
2022-05-26 00:00:00-04:00,4.347742111885871,4.389070220675993,4.339476253645158,4.3560075759887695,1238400,0.0,0.0
2022-05-27 00:00:00-04:00,4.389070189182048,4.397336047363448,4.339476222507075,4.347742080688477,1258900,0.0,0.0
2022-05-31 00:00:00-04:00,4.413867328234659,4.446929972374874,4.380804684094443,4.397336006164551,2772400,0.0,0.0
2022-06-01 00:00:00-04:00,4.361557574271008,4.361557574271008,4.267852526132034,4.31896448135376,1310100,0.158,0.0
2022-06-02 00:00:00-04:00,4.284889988756281,4.370076583659624,4.267852669775612,4.353039264678955,5328800,0.0,0.0
2022-06-03 00:00:00-04:00,4.233776941737705,4.318963929082663,4.233776941737705,4.301926612854004,5644000,0.0,0.0
2022-06-06 00:00:00-04:00,4.310445233907649,4.336001412335904,4.284889461681071,4.293407917022705,3211600,0.0,0.0
2022-06-07 00:00:00-04:00,4.259333518190673,4.293408153840063,4.233777338352782,4.2848896980285645,1007100,0.0,0.0
2022-06-08 00:00:00-04:00,4.250814767923321,4.267852492397603,4.216740131378174,4.216740131378174,1675800,0.0,0.0
2022-06-09 00:00:00-04:00,4.191184468543208,4.208221787268923,4.123035193640346,4.131553649902344,942800,0.0,0.0
2022-06-10 00:00:00-04:00,4.029329374399151,4.071922870475502,4.003773195513005,4.0463666915893555,1468600,0.0,0.0
2022-06-13 00:00:00-04:00,3.969698831293187,3.995255011918577,3.9356241945938066,3.944143056869507,2499500,0.0,0.0
2022-06-14 00:00:00-04:00,3.9441429106348904,3.961180228352898,3.884512095521016,3.9185867309570312,2932300,0.0,0.0
2022-06-15 00:00:00-04:00,3.986736369978724,4.020811008561315,3.935624412104838,4.0037736892700195,1585300,0.0,0.0
2022-06-16 00:00:00-04:00,3.918586949934575,4.00377354328499,3.918586949934575,3.969698905944824,1725300,0.0,0.0
2022-06-17 00:00:00-04:00,3.995255087050808,4.012292405720891,3.918586949934575,3.969698905944824,2295900,0.0,0.0
2022-06-21 00:00:00-04:00,4.114516018022108,4.131553335451119,4.097478700593098,4.105997562408447,1120900,0.0,0.0
2022-06-22 00:00:00-04:00,4.148590712703594,4.216739983402363,4.148590712703594,4.1826653480529785,1122100,0.0,0.0
2022-06-23 00:00:00-04:00,4.259333444500155,4.29340807956002,4.225258809440288,4.267852306365967,1604700,0.0,0.0
2022-06-24 00:00:00-04:00,4.259333518190673,4.293408153840063,4.259333518190673,4.2848896980285645,999000,0.0,0.0
2022-06-27 00:00:00-04:00,4.284889864541509,4.318964501515056,4.267852546054736,4.276371002197266,1381700,0.0,0.0
2022-06-28 00:00:00-04:00,4.361557016553483,4.378594332782143,4.293407751638844,4.301926612854004,1816400,0.0,0.0
2022-06-29 00:00:00-04:00,4.353039264678955,4.370076583659624,4.327483083107089,4.353039264678955,1277600,0.0,0.0
2022-06-30 00:00:00-04:00,4.30192690988433,4.387113496909411,4.30192690988433,4.3700761795043945,1102000,0.0,0.0
2022-07-01 00:00:00-04:00,4.344519765529805,4.387113259841551,4.310445132561074,4.378594398498535,1155400,0.0,0.0
2022-07-05 00:00:00-04:00,4.327482937456525,4.327482937456525,4.276370982234799,4.31896448135376,1216300,0.0,0.0
2022-07-06 00:00:00-04:00,4.165628287353774,4.165628287353774,4.080441693725198,4.131553649902344,1797200,0.0,0.0
2022-07-07 00:00:00-04:00,4.105997802128752,4.123035120552452,4.088960483705052,4.114516258239746,1033800,0.0,0.0
2022-07-08 00:00:00-04:00,4.0889608864642515,4.123035526667975,4.080442023312445,4.097479343414307,925400,0.0,0.0
2022-07-11 00:00:00-04:00,4.080441621392347,4.148590895087145,4.080441621392347,4.114516258239746,1084800,0.0,0.0
2022-07-12 00:00:00-04:00,4.088960556188915,4.174147149817492,4.088960556188915,4.131553649902344,1095000,0.0,0.0
2022-07-13 00:00:00-04:00,4.11451663946651,4.165628599473341,4.11451663946651,4.140072822570801,725700,0.0,0.0
2022-07-14 00:00:00-04:00,4.046367240587339,4.080441879590883,4.0293299210855675,4.063404560089111,899300,0.0,0.0
2022-07-15 00:00:00-04:00,4.0463666915893555,4.054885553285299,4.020810512703208,4.0463666915893555,1010600,0.0,0.0
2022-07-18 00:00:00-04:00,4.029329943832464,4.054886126330264,4.012292624234511,4.020811080932617,1107300,0.0,0.0
2022-07-19 00:00:00-04:00,4.054886103439094,4.097479199092655,4.054886103439094,4.063404560089111,1059700,0.0,0.0
2022-07-20 00:00:00-04:00,4.0208108619550735,4.0293297243909745,3.961180449710642,3.969698905944824,1200200,0.0,0.0
2022-07-21 00:00:00-04:00,3.9185867309570312,3.9441429106348904,3.8930309574808675,3.9185867309570312,880700,0.0,0.0
2022-07-22 00:00:00-04:00,3.8504375676752716,3.8759937480672306,3.8248813872833125,3.833400249481201,1012700,0.0,0.0
2022-07-25 00:00:00-04:00,3.918586565188852,3.9526611991834066,3.9100681097910526,3.92710542678833,1173200,0.0,0.0
2022-07-26 00:00:00-04:00,3.8759936547590224,3.884512110550136,3.8504374749822867,3.8589563369750977,1018000,0.0,0.0
2022-07-27 00:00:00-04:00,3.8759937286376953,3.8845121845911756,3.816362912156512,3.8759937286376953,1158100,0.0,0.0
2022-07-28 00:00:00-04:00,3.82488116632583,3.833400028031597,3.7652507591921935,3.790806531906128,1018600,0.0,0.0
2022-07-29 00:00:00-04:00,3.7908067508951717,3.84191911167909,3.7908067508951717,3.833400249481201,1356900,0.0,0.0
2022-08-01 00:00:00-04:00,3.7993254070038116,3.807843862537921,3.7141388206542905,3.7311761379241943,1728100,0.0,0.0
2022-08-02 00:00:00-04:00,3.77376954294217,3.7908068616339423,3.731176449313599,3.748213768005371,1349800,0.0,0.0
2022-08-03 00:00:00-04:00,3.7141391513431494,3.722657607635701,3.6885829700620527,3.705620288848877,1387200,0.0,0.0
2022-08-04 00:00:00-04:00,3.680064441062028,3.6971017595122437,3.654508260285848,3.6885828971862793,1979800,0.0,0.0
2022-08-05 00:00:00-04:00,3.7482136048378067,3.7737693786621094,3.739694742761905,3.7737693786621094,1355800,0.0,0.0
2022-08-08 00:00:00-04:00,3.7567319107282087,3.765250772464003,3.7141388206542905,3.7311761379241943,2264300,0.0,0.0
2022-08-09 00:00:00-04:00,3.773769450673528,3.807844087223948,3.756732132398318,3.7822883129119873,1782300,0.0,0.0
2022-08-10 00:00:00-04:00,3.7908069351000404,3.799325797711882,3.748213840646012,3.7652511596679688,1133600,0.0,0.0
2022-08-11 00:00:00-04:00,3.807844014562314,3.807844014562314,3.7737693786621094,3.7737693786621094,778400,0.0,0.0
2022-08-12 00:00:00-04:00,3.7652509227879087,3.7737693786621094,3.739694742761905,3.7737693786621094,1393200,0.0,0.0
2022-08-15 00:00:00-04:00,3.72265760650779,3.7311764689994815,3.6800645126544955,3.6971018314361572,1407900,0.0,0.0
2022-08-16 00:00:00-04:00,3.7567320607120074,3.7993255586881136,3.7567320607120074,3.7737693786621094,1903200,0.0,0.0
2022-08-17 00:00:00-04:00,3.7141391502178194,3.72265760650779,3.688582968944466,3.6971018314361572,1194600,0.0,0.0
2022-08-18 00:00:00-04:00,3.722657534086711,3.722657534086711,3.6630271226118123,3.6885828971862793,1509000,0.0,0.0
2022-08-19 00:00:00-04:00,3.6545082779020017,3.6545082779020017,3.6204336408373172,3.6289525032043457,1149000,0.0,0.0
2022-08-22 00:00:00-04:00,3.637471054692259,3.637471054692259,3.6033964167346233,3.611914873123169,2520600,0.0,0.0
2022-08-23 00:00:00-04:00,3.620433182285928,3.6374704986603836,3.577839688248958,3.594877004623413,1813600,0.0,0.0
2022-08-24 00:00:00-04:00,3.5437653047455875,3.5522841666328087,3.518209531487308,3.5352468490600586,1519300,0.0,0.0
2022-08-25 00:00:00-04:00,3.535247160069645,3.5608029355761666,3.526728297432986,3.5522844791412354,905400,0.0,0.0
2022-08-26 00:00:00-04:00,3.5437655636700875,3.552284426179738,3.484135150909424,3.484135150909424,1495000,0.0,0.0
2022-08-29 00:00:00-04:00,3.509690761566162,3.5267280795853493,3.492653443546975,3.509690761566162,1340800,0.0,0.0
2022-08-30 00:00:00-04:00,3.5267282459680787,3.5267282459680787,3.475616289499176,3.4926536083221436,1452500,0.0,0.0
2022-08-31 00:00:00-04:00,3.492653535125457,3.51820971592518,3.467097760527447,3.475616216659546,1452700,0.0,0.0
2022-09-01 00:00:00-04:00,3.4841351520115205,3.4926536083221436,3.458578970676208,3.4926536083221436,1687600,0.0,0.0
2022-09-02 00:00:00-04:00,3.484135003780473,3.526728095924926,3.4500603675842285,3.4500603675842285,1254800,0.0,0.0
2022-09-06 00:00:00-04:00,3.407466906715041,3.4159857689586492,3.3563549518585205,3.3563549518585205,1621800,0.0,0.0
2022-09-07 00:00:00-04:00,3.3563549518585205,3.3733922701440275,3.339317633573014,3.3563549518585205,1942400,0.0,0.0
2022-09-08 00:00:00-04:00,3.271168158593601,3.2967241360317323,3.2370935220094266,3.2541308403015137,2125700,0.0,0.0
2022-09-09 00:00:00-04:00,3.330798827299786,3.339317486066247,3.3137615097668642,3.322280168533325,1079300,0.0,0.0
2022-09-12 00:00:00-04:00,3.347836292715767,3.390429588429534,3.347836292715767,3.3563549518585205,1843500,0.0,0.0
2022-09-13 00:00:00-04:00,3.347836369098984,3.3733923471103213,3.2711682319641113,3.2711682319641113,2072800,0.0,0.0
2022-09-14 00:00:00-04:00,3.296724044116667,3.3222802239431277,3.28820538520813,3.28820538520813,1511800,0.0,0.0
2022-09-15 00:00:00-04:00,3.288205439719,3.3052429609193665,3.245612144470215,3.245612144470215,1726300,0.0,0.0
2022-09-16 00:00:00-04:00,3.23709355840733,3.2796868546164677,3.2200562399236747,3.2626495361328125,1369100,0.0,0.0
2022-09-19 00:00:00-04:00,3.2370935946156614,3.2796868913012243,3.2370935946156614,3.2711682319641113,1257200,0.0,0.0
2022-09-20 00:00:00-04:00,3.220056352353283,3.220056352353283,3.1774630546569824,3.1774630546569824,1639600,0.0,0.0
2022-09-21 00:00:00-04:00,3.0837574555221585,3.0922763177724892,3.0156081823263534,3.0411641597747803,2057200,0.0,0.0
2022-09-22 00:00:00-04:00,3.075238796372683,3.0837574555221585,3.0411641597747803,3.0411641597747803,1434900,0.0,0.0
2022-09-23 00:00:00-04:00,2.9900523893114013,2.998571048986328,2.9559777506116944,2.973015069961548,1494500,0.0,0.0
2022-09-26 00:00:00-04:00,2.887828407770337,2.913384386215985,2.8452349072600605,2.8537535667419434,2420700,0.0,0.0
2022-09-27 00:00:00-04:00,2.862272226223826,2.887828407770337,2.8367162477781775,2.8537535667419434,3222000,0.0,0.0
2022-09-28 00:00:00-04:00,2.7685666682799894,2.853753253755961,2.7600480097323925,2.8367159366607666,2316700,0.0,0.0
2022-09-29 00:00:00-04:00,2.7515294920325775,2.7685668099998932,2.7174548560979455,2.7600481510162354,3127900,0.0,0.0
2022-09-30 00:00:00-04:00,2.7600481510162354,2.7941227869508674,2.7600481510162354,2.7600481510162354,2228700,0.0,0.0
2022-10-03 00:00:00-04:00,2.845234506719402,2.8878280012335376,2.828197190154081,2.870790481567383,1912500,0.0,0.0
2022-10-04 00:00:00-04:00,2.8963469542074596,2.947458909103851,2.8963469542074596,2.9304215908050537,2163100,0.0,0.0
2022-10-05 00:00:00-04:00,2.819678783416748,2.845234760544594,2.794122806288902,2.819678783416748,1559300,0.0,0.0
2022-10-06 00:00:00-04:00,2.7941227495328302,2.8026414084024087,2.7515294551849365,2.7515294551849365,1358400,0.0,0.0
2022-10-07 00:00:00-04:00,2.7515294551849365,2.768566772924094,2.7259734785762006,2.7515294551849365,1581900,0.0,0.0
2022-10-10 00:00:00-04:00,2.743010887738827,2.7515295468923293,2.7174549102783203,2.7174549102783203,1965900,0.0,0.0
2022-10-11 00:00:00-04:00,2.7259735325233483,2.743010850599675,2.7004175554088583,2.7089362144470215,1915400,0.0,0.0
2022-10-12 00:00:00-04:00,2.683380126953125,2.691898785640878,2.6663428095776194,2.683380126953125,1822500,0.0,0.0
2022-10-13 00:00:00-04:00,2.6407868103275596,2.725973606109619,2.6407868103275596,2.725973606109619,2079000,0.0,0.0
2022-10-14 00:00:00-04:00,2.7259735325233483,2.7344921915615115,2.6833802373325315,2.7089362144470215,2091300,0.0,0.0
2022-10-17 00:00:00-04:00,2.7600482242593993,2.78560420188855,2.7515295650496823,2.777085542678833,1522400,0.0,0.0
2022-10-18 00:00:00-04:00,2.8026414286543146,2.819678746516584,2.7856041107920455,2.811160087585449,2453900,0.0,0.0
2022-10-19 00:00:00-04:00,2.811160124374133,2.8281974424593637,2.8026414653315177,2.819678783416748,1941600,0.0,0.0
2022-10-20 00:00:00-04:00,2.734492137445779,2.7856040906632513,2.7259734785762006,2.7515294551849365,1682700,0.0,0.0
2022-10-21 00:00:00-04:00,2.7004176283052588,2.7344922653777393,2.691898969037138,2.725973606109619,1309000,0.0,0.0
2022-10-24 00:00:00-04:00,2.7430107593536377,2.760048076863219,2.725973441844056,2.7430107593536377,1793800,0.0,0.0
2022-10-25 00:00:00-04:00,2.7259734982741035,2.8622720411722566,2.7259734982741035,2.811160087585449,3064900,0.0,0.0
2022-10-26 00:00:00-04:00,2.811159961017975,2.8367159366607666,2.802641302470378,2.8367159366607666,1882700,0.0,0.0
2022-10-27 00:00:00-04:00,2.8026415937744495,2.8367162315065255,2.785604274908412,2.7941229343414307,1569400,0.0,0.0
2022-10-28 00:00:00-04:00,2.8537533472502052,2.9048655033111572,2.8537533472502052,2.9048655033111572,1341800,0.0,0.0
2022-10-31 00:00:00-04:00,2.9048656496134617,2.9474589458920755,2.887828331102016,2.9389402866363525,1807600,0.0,0.0
2022-11-01 00:00:00-04:00,2.990052316165081,3.007089635098147,2.9389403593658847,2.95597767829895,1845700,0.0,0.0
2022-11-02 00:00:00-04:00,2.964496337765483,3.032645613497745,2.95597767829895,2.95597767829895,1542600,0.0,0.0
2022-11-03 00:00:00-04:00,2.904865777929021,2.930421756825064,2.8963471182970064,2.913384437561035,1142300,0.0,0.0
2022-11-04 00:00:00-04:00,3.049682907545171,3.109313726425171,3.0241269293541113,3.109313726425171,1034400,0.0,0.0
2022-11-07 00:00:00-05:00,3.0496827279949463,3.08375736357688,3.0326454102039797,3.0752387046813965,1317300,0.0,0.0
2022-11-08 00:00:00-05:00,3.1093135983620015,3.1433882345466504,3.100794939315839,3.1348695755004883,1606600,0.0,0.0
2022-11-09 00:00:00-05:00,3.092276225573212,3.1178322022596623,3.0752387046813965,3.0752387046813965,1015300,0.0,0.0
2022-11-10 00:00:00-05:00,3.1774627419777635,3.1945000593797213,3.1433881071738483,3.1604254245758057,1086700,0.0,0.0
2022-11-11 00:00:00-05:00,3.1689443951177223,3.1859817141962425,3.143388416499942,3.1774630546569824,764900,0.0,0.0
2022-11-14 00:00:00-05:00,3.194499969482422,3.228574603327434,3.194499969482422,3.194499969482422,1080100,0.0,0.0
2022-11-15 00:00:00-05:00,3.1689439327320557,3.1689439327320557,3.1263506412506104,3.1263506412506104,1580200,0.0,0.0
2022-11-16 00:00:00-05:00,3.092276096343994,3.117832071962435,3.0837572347036732,3.092276096343994,1409000,0.0,0.0
2022-11-17 00:00:00-05:00,3.066720100030338,3.1519068935928125,3.058201440984176,3.1348695755004883,1718600,0.0,0.0
2022-11-18 00:00:00-05:00,3.1263509164543257,3.1433882345466504,3.1178322574081636,3.1348695755004883,680200,0.0,0.0
2022-11-21 00:00:00-05:00,3.1433882345466504,3.1604255526389746,3.1348695755004883,3.1348695755004883,904000,0.0,0.0
2022-11-22 00:00:00-05:00,3.1433882170756258,3.185981512069702,3.1433882170756258,3.185981512069702,840100,0.0,0.0
2022-11-23 00:00:00-05:00,3.1689443951177223,3.1859817141962425,3.151907076039202,3.1774630546569824,630900,0.0,0.0
2022-11-25 00:00:00-05:00,3.220056093951958,3.245612070518936,3.220056093951958,3.228574752807617,649700,0.0,0.0
2022-11-28 00:00:00-05:00,3.228574656150147,3.228574656150147,3.14338807014388,3.151906728744507,2180000,0.0,0.0
2022-11-29 00:00:00-05:00,3.143388271331787,3.1859815670610416,3.143388271331787,3.143388271331787,799400,0.0,0.0
2022-11-30 00:00:00-05:00,3.1519070399422815,3.1689443588256836,3.1263510616171786,3.1689443588256836,1048100,0.0,0.0
2022-12-01 00:00:00-05:00,3.2115373611450195,3.2626493131020333,3.2115373611450195,3.2115373611450195,1129100,0.0,0.0
2022-12-02 00:00:00-05:00,3.1945003371507865,3.2030189965924873,3.1689443588256836,3.1689443588256836,931200,0.0,0.0
2022-12-05 00:00:00-05:00,3.1774627957539456,3.1859814545990965,3.100794866147589,3.1178321838378906,1261500,0.0,0.0
2022-12-06 00:00:00-05:00,3.1433879578431885,3.1604252744357666,3.1093133246580322,3.1263506412506104,1425200,0.0,0.0
2022-12-07 00:00:00-05:00,3.1263510084846495,3.1348696677815755,3.100795030593872,3.100795030593872,1025700,0.0,0.0
2022-12-08 00:00:00-05:00,3.0582014410827925,3.066720100129229,3.0156081458506074,3.0326454639434814,1085100,0.0,0.0
2022-12-09 00:00:00-05:00,3.0411641597747803,3.075238796372683,3.0411641597747803,3.0411641597747803,863800,0.0,0.0
2022-12-12 00:00:00-05:00,3.058201514858018,3.066720174109957,3.0411641963541407,3.049682855606079,1032800,0.0,0.0
2022-12-13 00:00:00-05:00,3.107559937842168,3.1253682872160957,3.054134889720385,3.0630390644073486,1568500,0.155,0.0
2022-12-14 00:00:00-05:00,3.11646420151965,3.125368376460872,3.0719433268135385,3.0808475017547607,2842000,0.0,0.0
2022-12-15 00:00:00-05:00,3.098655763155204,3.107559937842168,3.0630390644073486,3.0630390644073486,1589200,0.0,0.0
2022-12-16 00:00:00-05:00,3.0274222340862464,3.0452305826862145,3.0096138854862784,3.0363264083862305,3621500,0.0,0.0
2022-12-19 00:00:00-05:00,3.063038931286183,3.080847279886151,3.0185180597862624,3.0363264083862305,1782200,0.0,0.0
2022-12-20 00:00:00-05:00,3.080847279886151,3.089751454186135,3.0363264083862305,3.0363264083862305,1924000,0.0,0.0
2022-12-21 00:00:00-05:00,3.0986558320499014,3.125368356704712,3.0897516571649644,3.125368356704712,1456200,0.0,0.0
2022-12-22 00:00:00-05:00,3.1253686808538275,3.143177032470703,3.107560329236952,3.143177032470703,1235200,0.0,0.0
2022-12-23 00:00:00-05:00,3.160985231399536,3.1698894067778673,3.1520810560212054,3.160985231399536,914300,0.0,0.0
2022-12-27 00:00:00-05:00,3.143176687163965,3.169889211654663,3.1342725123337325,3.169889211654663,1189200,0.0,0.0
2022-12-28 00:00:00-05:00,3.169889363237886,3.1876977137499414,3.1342726622137747,3.15208101272583,1088700,0.0,0.0
2022-12-29 00:00:00-05:00,3.1876975856850995,3.2411228473672056,3.1876975856850995,3.2233142852783203,1432100,0.0,0.0
2022-12-30 00:00:00-05:00,3.1876976052814125,3.2144101301405428,3.1698892553753257,3.178793430328369,1118200,0.0,0.0
2023-01-03 00:00:00-05:00,3.2233141172256907,3.2411226783860982,3.205505768357547,3.2322185039520264,1406600,0.0,0.0
2023-01-04 00:00:00-05:00,3.2945478401777075,3.321260364413872,3.276739490686931,3.3034520149230957,1483900,0.0,0.0
2023-01-05 00:00:00-05:00,3.2767396841258947,3.312356385210043,3.2767396841258947,3.2945480346679688,698400,0.0,0.0
2023-01-06 00:00:00-05:00,3.294548056314381,3.3568772836211664,3.294548056314381,3.347973108291626,704000,0.0,0.0
2023-01-09 00:00:00-05:00,3.3746854821485974,3.4013980069330128,3.3568771322923205,3.365781307220459,1461800,0.0,0.0
2023-01-10 00:00:00-05:00,3.40139822508976,3.419206576088218,3.3835898740913026,3.4103024005889893,1038200,0.0,0.0
2023-01-11 00:00:00-05:00,3.4370148615358262,3.4459190368652344,3.4103023355476014,3.4459190368652344,2167500,0.0,0.0
2023-01-12 00:00:00-05:00,3.481535890628274,3.5260567665100098,3.4637275402755794,3.5260567665100098,2438600,0.0,0.0
2023-01-13 00:00:00-05:00,3.4904401087541546,3.543865160469628,3.4815359334682423,3.534960985183716,1808500,0.0,0.0
2023-01-17 00:00:00-05:00,3.508248372770076,3.5260567229025312,3.4904400226376215,3.5171525478363037,1059100,0.0,0.0
2023-01-18 00:00:00-05:00,3.4726316430810806,3.481535818071862,3.419206380844116,3.419206380844116,977800,0.0,0.0
2023-01-19 00:00:00-05:00,3.4013980742050927,3.4281105995178223,3.3835897239966064,3.4281105995178223,865500,0.0,0.0
2023-01-20 00:00:00-05:00,3.4548236224596973,3.4815361499786377,3.4281108826484594,3.4815361499786377,732200,0.0,0.0
2023-01-23 00:00:00-05:00,3.4726317795523505,3.508248480915179,3.4637276042116434,3.4904401302337646,1297200,0.0,0.0
2023-01-24 00:00:00-05:00,3.4281105618942895,3.4726316492191662,3.4281105618942895,3.4637274742126465,836400,0.0,0.0
2023-01-25 00:00:00-05:00,3.4013980742050927,3.4370147746220656,3.3924938991008498,3.4281105995178223,1457800,0.0,0.0
2023-01-26 00:00:00-05:00,3.383589787968986,3.4013981385141685,3.365781437423803,3.392493963241577,1338300,0.0,0.0
2023-01-27 00:00:00-05:00,3.3568771559086485,3.4281105558348974,3.3479729809178673,3.419206380844116,1198800,0.0,0.0
2023-01-30 00:00:00-05:00,3.4281105558348974,3.44591890581646,3.419206380844116,3.419206380844116,927200,0.0,0.0
2023-01-31 00:00:00-05:00,3.401398030862554,3.4370147308256787,3.392493855871773,3.419206380844116,695600,0.0,0.0
2023-02-01 00:00:00-05:00,3.4103022118812496,3.4726316492191662,3.40139803687473,3.4637274742126465,963900,0.0,0.0
2023-02-02 00:00:00-05:00,3.4637277982993444,3.4815361499786377,3.445919234327753,3.4815361499786377,1180300,0.0,0.0
2023-02-03 00:00:00-05:00,3.4281106862574933,3.4281106862574933,3.339068932962085,3.347973108291626,1524100,0.0,0.0
2023-02-06 00:00:00-05:00,3.321260364413872,3.3301645391592603,3.2856436654323193,3.3034520149230957,1143400,0.0,0.0
2023-02-07 00:00:00-05:00,3.32126049584646,3.3657813713352303,3.312356320748706,3.330164670944214,1613300,0.0,0.0
2023-02-08 00:00:00-05:00,3.38358998298645,3.40139833455804,3.38358998298645,3.38358998298645,987600,0.0,0.0
2023-02-09 00:00:00-05:00,3.392493940901659,3.4103022913295717,3.33906888961792,3.33906888961792,1129400,0.0,0.0
2023-02-10 00:00:00-05:00,3.3746856126963944,3.392493963241577,3.3568772621512117,3.392493963241577,799600,0.0,0.0
2023-02-13 00:00:00-05:00,3.3657812444484043,3.410302118258779,3.356877069686329,3.401397943496704,933400,0.0,0.0
2023-02-14 00:00:00-05:00,3.499344197703849,3.534960897968759,3.4904400226376215,3.5171525478363037,1213800,0.0,0.0
2023-02-15 00:00:00-05:00,3.4993440914594145,3.5438649654388428,3.490439916663529,3.5438649654388428,807800,0.0,0.0
2023-02-16 00:00:00-05:00,3.588386466670104,3.606194818321226,3.570578115018982,3.579482078552246,966900,0.0,0.0
2023-02-17 00:00:00-05:00,3.5972900457688,3.6418111324310303,3.5972900457688,3.6418111324310303,963800,0.0,0.0
2023-02-21 00:00:00-05:00,3.570577985830207,3.5972903000481016,3.552769422531128,3.552769422531128,761100,0.0,0.0
2023-02-22 00:00:00-05:00,3.606194648036161,3.6150986111489782,3.5705779464157437,3.588386297225952,1231300,0.0,0.0
2023-02-23 00:00:00-05:00,3.6596196519104964,3.6685236149051748,3.6061946001887204,3.632906913757324,1055700,0.0,0.0
2023-02-24 00:00:00-05:00,3.650715199774554,3.6685235500335693,3.6329068495155394,3.6685235500335693,601000,0.0,0.0
2023-02-27 00:00:00-05:00,3.6685234689642,3.6952362060546875,3.6596195063237382,3.6952362060546875,628600,0.0,0.0
2023-02-28 00:00:00-05:00,3.6507150950127465,3.6685234447607287,3.624002782683048,3.6418111324310303,1022600,0.0,0.0
2023-03-01 00:00:00-05:00,3.7130447256928645,3.7308530763725956,3.6774280243334014,3.6863319873809814,700700,0.0,0.0
2023-03-02 00:00:00-05:00,3.686331882747547,3.695236270126955,3.641811219604186,3.6596195697784424,1240000,0.0,0.0
2023-03-03 00:00:00-05:00,3.6685237225355882,3.7041404247283936,3.6507153714391856,3.7041404247283936,572300,0.0,0.0
2023-03-06 00:00:00-05:00,3.7308528600547386,3.7575651722332486,3.7219484729388705,3.7397568225860596,681900,0.0,0.0
2023-03-07 00:00:00-05:00,3.7397569332703164,3.7397569332703164,3.6507151823990345,3.6596195697784424,696900,0.0,0.0
2023-03-08 00:00:00-05:00,3.6596196565294523,3.6952363577222562,3.6596196565294523,3.6774280071258545,615100,0.0,0.0
2023-03-09 00:00:00-05:00,3.6685235500335693,3.6952362877143723,3.6596195871963424,3.6685235500335693,958200,0.0,0.0
2023-03-10 00:00:00-05:00,3.6774279374553576,3.7041402505515992,3.650715199774554,3.6685235500335693,1081800,0.0,0.0
2023-03-13 00:00:00-04:00,3.606194496154785,3.641811196275141,3.597290108832418,3.606194496154785,1106300,0.0,0.0
2023-03-14 00:00:00-04:00,3.6240029335021973,3.6240029335021973,3.5972901954762526,3.6240029335021973,855500,0.0,0.0
2023-03-15 00:00:00-04:00,3.4904400226376215,3.534960897968759,3.481535847571394,3.5171525478363037,895300,0.0,0.0
2023-03-16 00:00:00-04:00,3.4815357608002784,3.5082482853331984,3.4815357608002784,3.4993441104888916,864500,0.0,0.0
2023-03-17 00:00:00-04:00,3.4726315859559715,3.4993441104888916,3.4548232362673583,3.4993441104888916,1868100,0.0,0.0
2023-03-20 00:00:00-04:00,3.4993443695107596,3.570577985830207,3.4993443695107596,3.552769422531128,716700,0.0,0.0
2023-03-21 00:00:00-04:00,3.659619738895631,3.6685237021019463,3.6418113878984206,3.6507153511047363,655200,0.0,0.0
2023-03-22 00:00:00-04:00,3.6596194821790125,3.6863317945087113,3.6329067452647643,3.6418111324310303,756400,0.0,0.0
2023-03-23 00:00:00-04:00,3.6596194821790125,3.6863317945087113,3.606194432935066,3.6418111324310303,618700,0.0,0.0
2023-03-24 00:00:00-04:00,3.570577796034429,3.606194496154785,3.561673408712062,3.606194496154785,959000,0.0,0.0
2023-03-27 00:00:00-04:00,3.6507153511047363,3.6685237021019463,3.62400303690121,3.6507153511047363,454500,0.0,0.0
2023-03-28 00:00:00-04:00,3.6507150950127465,3.6596194821790125,3.6329067452647643,3.6418111324310303,632200,0.0,0.0
2023-03-29 00:00:00-04:00,3.7219484729388705,3.7575651722332486,3.7041401232916815,3.7397568225860596,1110600,0.0,0.0
2023-03-30 00:00:00-04:00,3.819894790649414,3.82879917819037,3.8020864401520686,3.819894790649414,838500,0.0,0.0
2023-03-31 00:00:00-04:00,3.8287991608107976,3.83770312372677,3.810990810394287,3.810990810394287,554000,0.0,0.0
2023-04-03 00:00:00-04:00,3.8287991139203164,3.855511426925659,3.8198947265288288,3.855511426925659,453500,0.0,0.0
2023-04-04 00:00:00-04:00,3.8198948770964645,3.837703227996826,3.810990913938572,3.837703227996826,1664000,0.0,0.0
2023-04-05 00:00:00-04:00,3.9000326070216906,3.9178409576416016,3.8822242564017793,3.9178409576416016,833400,0.0,0.0
2023-04-06 00:00:00-04:00,3.917840656992615,3.9534573554992676,3.917840656992615,3.9534573554992676,724000,0.0,0.0
2023-04-10 00:00:00-04:00,3.9178408240984925,3.9445531368255615,3.908936436799766,3.9445531368255615,657300,0.0,0.0
2023-04-11 00:00:00-04:00,3.9445531192449215,3.9534575065039617,3.9356491565704346,3.9356491565704346,839500,0.0,0.0
2023-04-12 00:00:00-04:00,3.9534576805477517,3.9801699943317264,3.9534576805477517,3.971266031265259,614700,0.0,0.0
2023-04-13 00:00:00-04:00,3.962361579179439,4.006882667541504,3.953457616257765,4.006882667541504,609800,0.0,0.0
2023-04-14 00:00:00-04:00,3.980169445598141,3.980169445598141,3.935648787234584,3.9623610973358154,538000,0.0,0.0
2023-04-17 00:00:00-04:00,3.989074638161846,3.989074638161846,3.9356495825783577,3.980170249938965,686700,0.0,0.0
2023-04-18 00:00:00-04:00,3.997978448867798,4.006882836750065,3.980170097687848,3.997978448867798,295500,0.0,0.0
2023-04-19 00:00:00-04:00,3.997978448867798,4.015787224632332,3.997978448867798,3.997978448867798,575800,0.0,0.0
2023-04-20 00:00:00-04:00,3.9890742241500834,3.9979781868642545,3.9267447868126637,3.9445531368255615,3669600,0.0,0.0
2023-04-21 00:00:00-04:00,3.9356491565704346,3.9356491565704346,3.900032456703381,3.9356491565704346,4583500,0.0,0.0
2023-04-24 00:00:00-04:00,3.9178409576416016,3.9178409576416016,3.9000326070216906,3.9178409576416016,1335700,0.0,0.0
2023-04-25 00:00:00-04:00,3.8466073590350374,3.8466073590350374,3.8198946221748873,3.82879900932312,760400,0.0,0.0
2023-04-26 00:00:00-04:00,3.9356490062459413,3.971265704752594,3.9356490062459413,3.9534573554992676,1130000,0.0,0.0
2023-04-27 00:00:00-04:00,3.9801696135185707,4.033595085144043,3.9801696135185707,4.033595085144043,744400,0.0,0.0
2023-04-28 00:00:00-04:00,3.997978349312718,4.033595475370287,3.989074386236755,4.015787124633789,561600,0.0,0.0
2023-05-01 00:00:00-04:00,4.033595405475657,4.033595405475657,3.997978280035265,4.006882667541504,584000,0.0,0.0
2023-05-02 00:00:00-04:00,3.953457676236143,3.953457676236143,3.908936587198643,3.9267449378967285,1061300,0.0,0.0
2023-05-03 00:00:00-04:00,3.971265483759235,3.980169445598141,3.9534571354969095,3.9623610973358154,680800,0.0,0.0
2023-05-04 00:00:00-04:00,3.908936483113857,3.908936483113857,3.8822241700702937,3.9000325202941895,429300,0.0,0.0
2023-05-05 00:00:00-04:00,3.8822244241759147,3.926745090357412,3.8733200361888627,3.9089367389678955,666200,0.0,0.0
2023-05-08 00:00:00-04:00,3.935649220741981,3.935649220741981,3.8822241700702937,3.9000325202941895,540800,0.0,0.0
2023-05-09 00:00:00-04:00,3.8822243213653564,3.891128284532022,3.873319933614113,3.8822243213653564,660300,0.0,0.0
2023-05-10 00:00:00-04:00,3.9178409576416016,3.9178409576416016,3.8733198687995385,3.9178409576416016,650200,0.0,0.0
2023-05-11 00:00:00-04:00,3.7041404247283936,3.721948775824796,3.67742811037608,3.7041404247283936,882600,0.0,0.0
2023-05-12 00:00:00-04:00,3.739757126921199,3.748661514761691,3.695236461472483,3.7041404247283936,566800,0.0,0.0
2023-05-15 00:00:00-04:00,3.7397572158720735,3.766469955444336,3.7219488643520955,3.766469955444336,1170300,0.0,0.0
2023-05-16 00:00:00-04:00,3.7931825420664076,3.8020865051750716,3.7753737666799307,3.784278154373169,729100,0.0,0.0
2023-05-17 00:00:00-04:00,3.8020865051750716,3.8020865051750716,3.748661452769364,3.784278154373169,632700,0.0,0.0
2023-05-18 00:00:00-04:00,3.7753735923554945,3.7753735923554945,3.7130445797191083,3.7486612796783447,499200,0.0,0.0
2023-05-19 00:00:00-04:00,3.7575651722332486,3.7575651722332486,3.7308528600547386,3.7397568225860596,513800,0.0,0.0
2023-05-22 00:00:00-04:00,3.766469955444336,3.775373918912029,3.748661603924358,3.766469955444336,852900,0.0,0.0
2023-05-23 00:00:00-04:00,3.7753737666799307,3.7931825420664076,3.7664698035712667,3.784278154373169,497000,0.0,0.0
2023-05-24 00:00:00-04:00,3.793182373046875,3.8020863357587897,3.7753735984539354,3.793182373046875,410400,0.0,0.0
2023-05-25 00:00:00-04:00,3.704140273288898,3.7397569740255556,3.6863319229205693,3.7219486236572266,926800,0.0,0.0
2023-05-26 00:00:00-04:00,3.6863319229205693,3.730853011133673,3.6774279600286865,3.7219486236572266,921600,0.0,0.0
2023-05-30 00:00:00-04:00,3.721948775824796,3.721948775824796,3.695236461472483,3.7041404247283936,559900,0.0,0.0
2023-05-31 00:00:00-04:00,3.7130446607653442,3.7575653243938842,3.6863319229205693,3.7219486236572266,1353100,0.0,0.0
2023-06-01 00:00:00-04:00,3.7130446607653442,3.730853011133673,3.6952363103970156,3.7219486236572266,825900,0.0,0.0
2023-06-02 00:00:00-04:00,3.650715205112137,3.7130446434020996,3.641811242261892,3.7130446434020996,950400,0.0,0.0
2023-06-05 00:00:00-04:00,3.70414034240629,3.739757043807537,3.6952363793482643,3.7308530807495117,1216400,0.0,0.0
2023-06-06 00:00:00-04:00,3.615098395516782,3.6507150950127465,3.5972900457688,3.6418111324310303,1169800,0.0,0.0
2023-06-07 00:00:00-04:00,3.67742811037608,3.7041404247283936,3.6685237225355882,3.7041404247283936,768600,0.0,0.0
2023-06-08 00:00:00-04:00,3.677427942831996,3.7130446434020996,3.677427942831996,3.7130446434020996,728100,0.0,0.0
2023-06-09 00:00:00-04:00,3.695236461472483,3.7041404247283936,3.67742811037608,3.7041404247283936,590000,0.0,0.0
2023-06-12 00:00:00-04:00,3.686331905682241,3.7219486062523446,3.677427942831996,3.7130446434020996,1320800,0.0,0.0
2023-06-13 00:00:00-04:00,3.6713252700697208,3.6805962845481424,3.6249701976776123,3.6249701976776123,1159300,0.165,0.0
2023-06-14 00:00:00-04:00,3.6805960662889445,3.6898670802175957,3.624969982717039,3.643512010574341,900100,0.0,0.0
2023-06-15 00:00:00-04:00,3.689867150415237,3.7084091786252906,3.68059613631021,3.6991381645202637,896900,0.0,0.0
2023-06-16 00:00:00-04:00,3.6991381145366957,3.7084091285164504,3.560072683801965,3.5786147117614746,8259600,0.0,0.0
2023-06-20 00:00:00-04:00,3.6342411041259766,3.662054146734482,3.6064280615174713,3.6342411041259766,2723400,0.0,0.0
2023-06-21 00:00:00-04:00,3.652783024502992,3.6620540384316427,3.63424099664569,3.643512010574341,1123100,0.0,0.0
2023-06-22 00:00:00-04:00,3.643511963175903,3.643511963175903,3.6064279079437256,3.6064279079437256,1024400,0.0,0.0
2023-06-23 00:00:00-04:00,3.6249700899231416,3.643512118328812,3.6156990757203067,3.6342411041259766,678600,0.0,0.0
2023-06-26 00:00:00-04:00,3.6342409493678587,3.6342409493678587,3.5971568941356815,3.6064279079437256,1130600,0.0,0.0
2023-06-27 00:00:00-04:00,3.643512163800971,3.680596221075132,3.6342411494824307,3.671325206756592,630800,0.0,0.0
2023-06-28 00:00:00-04:00,3.680596221075132,3.689867235393672,3.662054192438051,3.671325206756592,632200,0.0,0.0
2023-06-29 00:00:00-04:00,3.6805960058768408,3.6898670196533203,3.6713249921003612,3.6898670196533203,404700,0.0,0.0
2023-06-30 00:00:00-04:00,3.7269512702682226,3.7547645340950977,3.7176804770438183,3.736222505569458,520300,0.0,0.0
2023-07-03 00:00:00-04:00,3.7733064832005847,3.7918485113359535,3.764035248094489,3.7825772762298584,430400,0.0,0.0
2023-07-05 00:00:00-04:00,3.754764625204277,3.764035418653637,3.7084093317269535,3.7269513607025146,1083100,0.0,0.0
2023-07-06 00:00:00-04:00,3.6713250758776867,3.6713250758776867,3.624970005937495,3.6620540618896484,1177200,0.0,0.0
2023-07-07 00:00:00-04:00,3.63424099664569,3.652783024502992,3.624969982717039,3.643512010574341,1318100,0.0,0.0
2023-07-10 00:00:00-04:00,3.643512118328812,3.652783132531647,3.6249700899231416,3.6342411041259766,672700,0.0,0.0
2023-07-11 00:00:00-04:00,3.624969982717039,3.652783024502992,3.6156989687883883,3.643512010574341,1118500,0.0,0.0
2023-07-12 00:00:00-04:00,3.6898673027513924,3.7269513607025146,3.6898673027513924,3.7269513607025146,727900,0.0,0.0
2023-07-13 00:00:00-04:00,3.73622229100538,3.7547643184661865,3.7269510562365737,3.7547643184661865,775500,0.0,0.0
2023-07-14 00:00:00-04:00,3.7825773558451417,3.8103906196720168,3.736222505569458,3.736222505569458,1098300,0.0,0.0
2023-07-17 00:00:00-04:00,3.7733066082000732,3.7825774015364635,3.7547645794504567,3.7733066082000732,1016200,0.0,0.0
2023-07-18 00:00:00-04:00,3.6991379675743143,3.7269510084085997,3.680595940351458,3.7176802158355713,1033400,0.0,0.0
2023-07-19 00:00:00-04:00,3.745493173599243,3.7547644085905834,3.708409117787513,3.745493173599243,898300,0.0,0.0
2023-07-20 00:00:00-04:00,3.764035372786847,3.79184863694969,3.7454933440372304,3.7733066082000732,747300,0.0,0.0
2023-07-21 00:00:00-04:00,3.782577299296724,3.801119327545166,3.7733065062109157,3.801119327545166,522400,0.0,0.0
2023-07-24 00:00:00-04:00,3.8103904958045383,3.856745344573327,3.8103904958045383,3.828932523727417,856800,0.0,0.0
2023-07-25 00:00:00-04:00,3.8011192374691785,3.8103904724121094,3.7918484446030623,3.8103904724121094,773900,0.0,0.0
2023-07-26 00:00:00-04:00,3.8289324699233864,3.893829345703125,3.8289324699233864,3.893829345703125,765500,0.0,0.0
2023-07-27 00:00:00-04:00,3.986539906914089,4.005081934487219,3.958726644515991,3.958726644515991,825100,0.0,0.0
2023-07-28 00:00:00-04:00,3.9772686720891204,4.005081934487219,3.958726644515991,3.958726644515991,525600,0.0,0.0
2023-07-31 00:00:00-04:00,3.9401844196049685,3.967997680610084,3.9031003663160058,3.9123711585998535,529200,0.0,0.0
2023-08-01 00:00:00-04:00,3.8752873960577348,3.893829424093348,3.8382033399865083,3.8474745750427246,746700,0.0,0.0
2023-08-02 00:00:00-04:00,3.578614688284032,3.6064279510792363,3.5508016465272347,3.560072660446167,1495700,0.0,0.0
2023-08-03 00:00:00-04:00,3.522988796234131,3.5322598106569147,3.504446767388563,3.522988796234131,1019200,0.0,0.0
2023-08-04 00:00:00-04:00,3.5415306091308594,3.578614664560752,3.5415306091308594,3.5415306091308594,644800,0.0,0.0
2023-08-07 00:00:00-04:00,3.5415306091308594,3.5508016229883324,3.522988581415913,3.5415306091308594,702600,0.0,0.0
2023-08-08 00:00:00-04:00,3.504446660264335,3.532259702682495,3.504446660264335,3.532259702682495,834200,0.0,0.0
2023-08-09 00:00:00-04:00,3.56934369778172,3.5878857257412298,3.56934369778172,3.5786147117614746,696600,0.0,0.0
2023-08-10 00:00:00-04:00,3.6620540384316427,3.6805960662889445,3.643512010574341,3.643512010574341,1141500,0.0,0.0
2023-08-11 00:00:00-04:00,3.643512010574341,3.6620540384316427,3.63424099664569,3.643512010574341,445800,0.0,0.0
2023-08-14 00:00:00-04:00,3.643512010574341,3.6620540384316427,3.6156989687883883,3.643512010574341,974800,0.0,0.0
2023-08-15 00:00:00-04:00,3.6249700437495944,3.6342410578343385,3.5878857663722057,3.5971570014953613,982000,0.0,0.0
2023-08-16 00:00:00-04:00,3.5786147117614746,3.597156960759393,3.56934369778172,3.5786147117614746,830000,0.0,0.0
2023-08-17 00:00:00-04:00,3.56934369778172,3.5878857257412298,3.560072683801965,3.5786147117614746,830900,0.0,0.0
2023-08-18 00:00:00-04:00,3.578614842310454,3.6064281063027632,3.578614842310454,3.587885856628418,957600,0.0,0.0
2023-08-21 00:00:00-04:00,3.606428015580106,3.61569902966485,3.5971570014953613,3.5971570014953613,891500,0.0,0.0
2023-08-22 00:00:00-04:00,3.6064281063027632,3.6064281063027632,3.560072813674525,3.587885856628418,1166000,0.0,0.0
2023-08-23 00:00:00-04:00,3.6156989687883883,3.652783024502992,3.6156989687883883,3.643512010574341,553600,0.0,0.0
2023-08-24 00:00:00-04:00,3.643512010574341,3.671325052360294,3.63424099664569,3.643512010574341,821300,0.0,0.0
2023-08-25 00:00:00-04:00,3.6620540384316427,3.671325052360294,3.624969982717039,3.643512010574341,555300,0.0,0.0
2023-08-28 00:00:00-04:00,3.6991379675743143,3.7176802158355713,3.689866953962886,3.7176802158355713,826800,0.0,0.0
2023-08-29 00:00:00-04:00,3.736222449714032,3.801119327545166,3.736222449714032,3.801119327545166,855700,0.0,0.0
2023-08-30 00:00:00-04:00,3.8103905857186784,3.856745435581307,3.8103905857186784,3.8196613788604736,543600,0.0,0.0
2023-08-31 00:00:00-04:00,3.838203269293652,3.838203269293652,3.782577186211345,3.7918484210968018,367800,0.0,0.0
2023-09-01 00:00:00-04:00,3.819661355793608,3.8382033840420497,3.7918485344593575,3.801119327545166,2051900,0.0,0.0
2023-09-05 00:00:00-04:00,3.689867245907271,3.8938295614963088,3.680596231562315,3.8752875328063965,4916300,0.0,0.0
2023-09-06 00:00:00-04:00,3.745493035631456,3.7547642702812847,3.708408981185743,3.7176802158355713,1585100,0.0,0.0
2023-09-07 00:00:00-04:00,3.74549321995912,3.801119304365227,3.74549321995912,3.7825772762298584,915200,0.0,0.0
2023-09-08 00:00:00-04:00,3.7918484210968018,3.810390448790904,3.782577186211345,3.7918484210968018,583600,0.0,0.0
2023-09-11 00:00:00-04:00,3.8289326821200325,3.8752875328063965,3.8196614467366587,3.8752875328063965,1131000,0.0,0.0
2023-09-12 00:00:00-04:00,3.8938292559142873,3.912371283149049,3.875287228679526,3.9031004905700684,1109400,0.0,0.0
2023-09-13 00:00:00-04:00,3.9216427341890467,3.9216427341890467,3.8752874425060004,3.88455867767334,1014000,0.0,0.0
2023-09-14 00:00:00-04:00,3.8474746211576325,3.893829470763854,3.8474746211576325,3.88455867767334,889400,0.0,0.0
2023-09-15 00:00:00-04:00,3.88455876818977,3.8938295614963088,3.8567455041164838,3.8752875328063965,3721400,0.0,0.0
2023-09-18 00:00:00-04:00,3.9123715677057906,3.9401848316192627,3.8938295391224207,3.9401848316192627,872600,0.0,0.0
2023-09-19 00:00:00-04:00,3.940184764362797,3.977268820896536,3.940184764362797,3.9679980278015137,739700,0.0,0.0
2023-09-20 00:00:00-04:00,4.023624033451382,4.0607080892556215,4.014352798461914,4.014352798461914,698400,0.0,0.0
2023-09-21 00:00:00-04:00,4.014352798461914,4.032894826364034,3.995810770559794,4.014352798461914,608100,0.0,0.0
2023-09-22 00:00:00-04:00,3.977268820896536,3.9865400560683835,3.9494559995346443,3.9679980278015137,638400,0.0,0.0
2023-09-25 00:00:00-04:00,3.8752875328063965,3.8752875328063965,3.8382034754265715,3.8752875328063965,580700,0.0,0.0
2023-09-26 00:00:00-04:00,3.847474665449851,3.856745458647091,3.8011193732331616,3.8382034301757812,1280600,0.0,0.0
2023-09-27 00:00:00-04:00,3.7547643184661865,3.7547643184661865,3.7269510562365737,3.7547643184661865,603000,0.0,0.0
2023-09-28 00:00:00-04:00,3.7733064832005847,3.801119304365227,3.7733064832005847,3.7825772762298584,789300,0.0,0.0
2023-09-29 00:00:00-04:00,3.7733066082000732,3.7825774015364635,3.7547645794504567,3.7733066082000732,676900,0.0,0.0
2023-10-02 00:00:00-04:00,3.754764470188836,3.764035263255451,3.68059613631021,3.6991381645202637,950000,0.0,0.0
2023-10-03 00:00:00-04:00,3.6342411041259766,3.643512118328812,3.6156990757203067,3.6342411041259766,756200,0.0,0.0
2023-10-04 00:00:00-04:00,3.643512226634456,3.6527832411128776,3.6156991831991907,3.6249701976776123,891400,0.0,0.0
2023-10-05 00:00:00-04:00,3.662054001789201,3.7269510986403986,3.662054001789201,3.708409070968628,1290600,0.0,0.0
2023-10-06 00:00:00-04:00,3.6713249267400294,3.7362222430584278,3.6249698586828876,3.7176802158355713,1398000,0.0,0.0
2023-10-09 00:00:00-04:00,3.6898670013149606,3.7547643184661865,3.680595987584557,3.7547643184661865,1439200,0.0,0.0
2023-10-10 00:00:00-04:00,3.764035181851084,3.8103904724121094,3.764035181851084,3.8103904724121094,908100,0.0,0.0
2023-10-11 00:00:00-04:00,3.8289325002211565,3.8289325002211565,3.7825772096601313,3.8103904724121094,711000,0.0,0.0
2023-10-12 00:00:00-04:00,3.7825771386189935,3.7918483733877997,3.73622229100538,3.7547643184661865,679900,0.0,0.0
2023-10-13 00:00:00-04:00,3.7454932987938623,3.764035327319502,3.7176804770438183,3.736222505569458,547500,0.0,0.0
2023-10-16 00:00:00-04:00,3.7454931968933685,3.773306459963551,3.7454931968933685,3.764035224914551,694400,0.0,0.0
2023-10-17 00:00:00-04:00,3.74549321995912,3.7825772762298584,3.74549321995912,3.7825772762298584,499300,0.0,0.0
2023-10-18 00:00:00-04:00,3.7733064364964486,3.7825772294109727,3.7362223806847186,3.745493173599243,475200,0.0,0.0
2023-10-19 00:00:00-04:00,3.7176803058429186,3.7454931263121694,3.708409070968628,3.708409070968628,789000,0.0,0.0
2023-10-20 00:00:00-04:00,3.634240889710988,3.6898669716461394,3.634240889710988,3.652782917022705,634700,0.0,0.0
2023-10-23 00:00:00-04:00,3.61569881439209,3.6342408414576166,3.5878855527554014,3.61569881439209,701200,0.0,0.0
2023-10-24 00:00:00-04:00,3.587885702202964,3.597156937160304,3.5508016465272347,3.560072660446167,1617000,0.0,0.0
2023-10-25 00:00:00-04:00,3.495175576646761,3.51371760455695,3.4766335487365723,3.4766335487365723,721100,0.0,0.0
2023-10-26 00:00:00-04:00,3.467362511313611,3.476633525205957,3.4488204835289182,3.4580914974212646,895800,0.0,0.0
2023-10-27 00:00:00-04:00,3.495175576646761,3.51371760455695,3.4766335487365723,3.4766335487365723,855500,0.0,0.0
2023-10-30 00:00:00-04:00,3.587885897193617,3.606428147077604,3.522988796234131,3.522988796234131,1008400,0.0,0.0
2023-10-31 00:00:00-04:00,3.5693437823968712,3.5878858107959397,3.5322597255987347,3.5508017539978027,1163200,0.0,0.0
2023-11-01 00:00:00-04:00,3.5137177365133074,3.522988750816572,3.4766336793002517,3.4859046936035156,1095500,0.0,0.0
2023-11-02 00:00:00-04:00,3.597156960759393,3.606427974739148,3.5508016698222105,3.5786147117614746,1162900,0.0,0.0
2023-11-03 00:00:00-04:00,3.680596113204956,3.69913814129861,3.6620540851113015,3.680596113204956,963500,0.0,0.0
2023-11-06 00:00:00-05:00,3.6713250758776867,3.6805960898657246,3.643512033913572,3.6620540618896484,917800,0.0,0.0
2023-11-07 00:00:00-05:00,3.6249701976776123,3.643512226634456,3.5971571542423475,3.6249701976776123,1232900,0.0,0.0
2023-11-08 00:00:00-05:00,3.597156787326563,3.6249698279248532,3.5878855527554014,3.61569881439209,1408800,0.0,0.0
2023-11-09 00:00:00-05:00,3.606428015580106,3.6342410578343385,3.5971570014953613,3.5971570014953613,795700,0.0,0.0
2023-11-10 00:00:00-05:00,3.662054146734482,3.662054146734482,3.6064280615174713,3.6342411041259766,621500,0.0,0.0
2023-11-13 00:00:00-05:00,3.652783178119511,3.671325206756592,3.652783178119511,3.671325206756592,1262600,0.0,0.0
2023-11-14 00:00:00-05:00,3.7084093317269535,3.7269513607025146,3.6713252737758313,3.7269513607025146,1076100,0.0,0.0
2023-11-15 00:00:00-05:00,3.6805960058768408,3.6991380334298,3.6713249921003612,3.6898670196533203,459700,0.0,0.0
2023-11-16 00:00:00-05:00,3.708409070968628,3.7176803058429186,3.680596029460972,3.708409070968628,680600,0.0,0.0
2023-11-17 00:00:00-05:00,3.7362223806847186,3.7547644085905834,3.717680352778854,3.745493173599243,491700,0.0,0.0
2023-11-20 00:00:00-05:00,3.773306528997845,3.8196613788604736,3.773306528997845,3.8196613788604736,755000,0.0,0.0
2023-11-21 00:00:00-05:00,3.7918485113359535,3.8103905394713227,3.7733064832005847,3.7825772762298584,501200,0.0,0.0
2023-11-22 00:00:00-05:00,3.8011193505000564,3.8196613788604736,3.7918485573582617,3.8196613788604736,451700,0.0,0.0
2023-11-24 00:00:00-05:00,3.828932547007111,3.8474745750427246,3.8103905189714977,3.8474745750427246,279200,0.0,0.0
2023-11-27 00:00:00-05:00,3.8567453680221213,3.8567453680221213,3.828932547007111,3.8474745750427246,530600,0.0,0.0
2023-11-28 00:00:00-05:00,3.8474746211576325,3.88455867767334,3.8474746211576325,3.88455867767334,664300,0.0,0.0
2023-11-29 00:00:00-05:00,3.893829753279359,3.930913812485688,3.893829753279359,3.921643018722534,796600,0.0,0.0
2023-11-30 00:00:00-05:00,3.9401846169428616,3.96799787934096,3.9309133821178928,3.958726644515991,722400,0.0,0.0
2023-12-01 00:00:00-05:00,3.967997949745022,4.014352798461914,3.958726714755554,4.014352798461914,497300,0.0,0.0
2023-12-04 00:00:00-05:00,3.9772688666732927,4.005082130432129,3.967998073471567,4.005082130432129,853600,0.0,0.0
2023-12-05 00:00:00-05:00,3.9958108951535736,4.014352923633854,3.986540101951848,4.005082130432129,528900,0.0,0.0
2023-12-06 00:00:00-05:00,4.032894905697145,4.032894905697145,3.9679980278015137,3.9679980278015137,406900,0.0,0.0
2023-12-07 00:00:00-05:00,3.967998073471567,4.005082130432129,3.9494560449912868,4.005082130432129,680200,0.0,0.0
2023-12-08 00:00:00-05:00,3.9679981632538697,4.0050822210535175,3.949456134354046,3.9958109855651855,1342600,0.0,0.0
2023-12-11 00:00:00-05:00,3.958726838193012,4.014352923633854,3.958726838193012,4.005082130432129,1860900,0.0,0.0
2023-12-12 00:00:00-05:00,3.9367425527616433,3.9367425527616433,3.840489544511115,3.8501148223876953,2577400,0.159,0.0
2023-12-13 00:00:00-05:00,3.7827378026218836,3.8404894687419806,3.763487247248518,3.830864191055298,1358000,0.0,0.0
2023-12-14 00:00:00-05:00,3.8501148223876953,3.888615933894016,3.840489544511115,3.8501148223876953,881300,0.0,0.0
2023-12-15 00:00:00-05:00,3.7731126964609527,3.792363252709449,3.7249860763549805,3.7249860763549805,797900,0.0,0.0
2023-12-18 00:00:00-05:00,3.744236707687378,3.76348726314204,3.7153606450206618,3.744236707687378,813900,0.0,0.0
2023-12-19 00:00:00-05:00,3.7442366754675933,3.9848686165801936,3.7249858906938647,3.97524356842041,4735600,0.0,0.0
2023-12-20 00:00:00-05:00,3.8404894687419806,3.869365301802029,3.8116136356819323,3.830864191055298,1400500,0.0,0.0
2023-12-21 00:00:00-05:00,3.8308643543353473,3.8308643543353473,3.792363241947612,3.8116137981414795,799700,0.0,0.0
2023-12-22 00:00:00-05:00,3.821238918666044,3.821238918666044,3.7634872524658856,3.801988363265991,1183800,0.0,0.0
2023-12-26 00:00:00-05:00,3.8404895503809717,3.8501148282722633,3.8212389945983887,3.8212389945983887,716700,0.0,0.0
2023-12-27 00:00:00-05:00,3.801988444715309,3.8116137226215363,3.7827378889028553,3.792363166809082,1066600,0.0,0.0
2023-12-28 00:00:00-05:00,3.7634873390197754,3.7827378948625587,3.7538620610983835,3.7634873390197754,595600,0.0,0.0
2023-12-29 00:00:00-05:00,3.753862142562866,3.753862142562866,3.7249860786873095,3.753862142562866,903000,0.0,0.0
2024-01-02 00:00:00-05:00,3.7827379638506784,3.8308643543353473,3.7731126857537447,3.8116137981414795,731300,0.0,0.0
2024-01-03 00:00:00-05:00,3.83086419636607,3.840489474066097,3.7923630855659645,3.801988363265991,960300,0.0,0.0
2024-01-04 00:00:00-05:00,3.888616009849269,3.9078665659784453,3.8693654537200928,3.8693654537200928,1097800,0.0,0.0
2024-01-05 00:00:00-05:00,3.8693653665750705,3.917491985298844,3.8693653665750705,3.9078664779663086,900500,0.0,0.0
2024-01-08 00:00:00-05:00,3.907866555823976,3.9656182240614384,3.907866555823976,3.955993175506592,802600,0.0,0.0
2024-01-09 00:00:00-05:00,3.927117033661928,3.927117033661928,3.8982414296032246,3.9078664779663086,624600,0.0,0.0
2024-01-10 00:00:00-05:00,3.9271169610268584,3.9367424681813623,3.8886158503477275,3.917491912841797,493900,0.0,0.0
2024-01-11 00:00:00-05:00,3.927117109298706,3.9463676653650936,3.907866553232319,3.927117109298706,550600,0.0,0.0
2024-01-12 00:00:00-05:00,3.9367424681813623,3.9559930235209273,3.917491912841797,3.917491912841797,769200,0.0,0.0
2024-01-16 00:00:00-05:00,3.9656182240614384,3.9848687801405926,3.9271171119031303,3.955993175506592,895100,0.0,0.0
2024-01-17 00:00:00-05:00,3.917491988463026,3.9463675925450525,3.8982414327518584,3.9367425441741943,670600,0.0,0.0
2024-01-18 00:00:00-05:00,3.9174920607502424,3.927117109298706,3.898241504683855,3.927117109298706,538600,0.0,0.0
2024-01-19 00:00:00-05:00,3.9463675060021774,3.9848686165801936,3.9463675060021774,3.97524356842041,485400,0.0,0.0
2024-01-22 00:00:00-05:00,3.9752437190483247,4.023369879609696,3.9752437190483247,4.013744831085205,1112900,0.0,0.0
2024-01-23 00:00:00-05:00,4.004119248095823,4.023369803751305,3.975243644097326,3.9944941997528076,1171300,0.0,0.0
2024-01-24 00:00:00-05:00,4.042620359406787,4.042620359406787,3.994494199752808,3.9944941997528076,478900,0.0,0.0
2024-01-25 00:00:00-05:00,3.9944942723647583,3.9944942723647583,3.9559931603539207,3.9848687648773193,413700,0.0,0.0
2024-01-26 00:00:00-05:00,3.9944941852300206,4.023369789123535,3.98486867795255,4.023369789123535,567800,0.0,0.0
2024-01-29 00:00:00-05:00,3.9752437911430993,4.013744903878234,3.955993234775532,4.004119396209717,757900,0.0,0.0
2024-01-30 00:00:00-05:00,3.9656182088719008,3.9944942723647583,3.936742604348502,3.9848687648773193,2002200,0.0,0.0
2024-01-31 00:00:00-05:00,3.9752436555965303,3.9752436555965303,3.917491988463026,3.9367425441741943,867300,0.0,0.0
2024-02-01 00:00:00-05:00,3.9367425441741943,3.9463675925450525,3.9078664811227166,3.9367425441741943,410000,0.0,0.0
2024-02-02 00:00:00-05:00,3.8982414412553226,3.9078664896471764,3.840489544511115,3.8501148223876953,732200,0.0,0.0
2024-02-05 00:00:00-05:00,3.83086427248968,3.8404895503809717,3.7923631609245136,3.8212389945983887,871100,0.0,0.0
2024-02-06 00:00:00-05:00,3.7731126857537447,3.8116137981414795,3.7731126857537447,3.8116137981414795,1197600,0.0,0.0
2024-02-07 00:00:00-05:00,3.7731125408693713,3.7923630963240336,3.734611429960047,3.744236707687378,1613400,0.0,0.0
2024-02-08 00:00:00-05:00,3.7442367041186864,3.7442367041186864,3.715360641479492,3.715360641479492,884200,0.0,0.0
2024-02-09 00:00:00-05:00,3.705735363761335,3.7249859191976493,3.686484808325021,3.715360641479492,1086800,0.0,0.0
2024-02-12 00:00:00-05:00,3.7057355201064843,3.7346115839639604,3.7057355201064843,3.7249860763549805,876800,0.0,0.0
2024-02-13 00:00:00-05:00,3.7442367923324977,3.7538620702774255,3.6768596172332764,3.6768596172332764,1057200,0.0,0.0
2024-02-14 00:00:00-05:00,3.7153607229518077,3.724986000881033,3.6864848891641326,3.705735445022583,782500,0.0,0.0
2024-02-15 00:00:00-05:00,3.7153607940731015,3.782737970352173,3.7153607940731015,3.782737970352173,681200,0.0,0.0
2024-02-16 00:00:00-05:00,3.705735363761335,3.715360641479492,3.686484808325021,3.715360641479492,1057100,0.0,0.0
2024-02-20 00:00:00-05:00,3.821239076238413,3.840489632432281,3.801988520044546,3.8116137981414795,1175200,0.0,0.0
2024-02-21 00:00:00-05:00,3.8308643478501465,3.8501149040114253,3.811613791688868,3.840489625930786,891300,0.0,0.0
2024-02-22 00:00:00-05:00,3.917491985298844,3.927117033661928,3.8886159222706898,3.9078664779663086,1053900,0.0,0.0
2024-02-23 00:00:00-05:00,3.8789909486174676,3.927117109298706,3.8789909486174676,3.927117109298706,644800,0.0,0.0
2024-02-26 00:00:00-05:00,3.917491988463026,3.9463675925450525,3.917491988463026,3.9367425441741943,888400,0.0,0.0
2024-02-27 00:00:00-05:00,3.946367652866482,3.9848687648773193,3.946367652866482,3.9848687648773193,700800,0.0,0.0
2024-02-28 00:00:00-05:00,4.004119320882738,4.013744828370177,3.9752437163593393,3.9848687648773193,1453600,0.0,0.0
2024-02-29 00:00:00-05:00,3.9848687039673885,3.9848687039673885,3.9271170368338844,3.9367425441741943,798100,0.0,0.0
2024-03-01 00:00:00-05:00,3.975243644097326,4.004119248095823,3.9559930884418444,3.9944941997528076,756500,0.0,0.0
2024-03-04 00:00:00-05:00,3.9848687648773193,3.9944942723647583,3.9752437163593393,3.9848687648773193,647400,0.0,0.0
2024-03-05 00:00:00-05:00,3.9752437911430993,4.004119396209717,3.9752437911430993,4.004119396209717,552700,0.0,0.0
2024-03-06 00:00:00-05:00,4.042620272134252,4.052245779238922,4.0137446687591245,4.032995223999023,985800,0.0,0.0
2024-03-07 00:00:00-05:00,4.042620344709028,4.071496407571991,4.023369789123535,4.023369789123535,587700,0.0,0.0
2024-03-08 00:00:00-05:00,4.023369627226487,4.052245688927502,4.023369627226487,4.0426201820373535,446500,0.0,0.0
2024-03-11 00:00:00-04:00,4.05224593070437,4.071496486663818,4.05224593070437,4.071496486663818,566300,0.0,0.0
2024-03-12 00:00:00-04:00,4.071496486663818,4.081121535158814,4.042620423239916,4.071496486663818,602400,0.0,0.0
2024-03-13 00:00:00-04:00,4.061870979199365,4.090747042623267,4.061870979199365,4.071496486663818,528100,0.0,0.0
2024-03-14 00:00:00-04:00,4.081121699366279,4.081121699366279,4.023370029164244,4.05224609375,630000,0.0,0.0
2024-03-15 00:00:00-04:00,4.090746951953255,4.1196230147371296,4.081121444702148,4.081121444702148,781400,0.0,0.0
2024-03-18 00:00:00-04:00,4.071496486663818,4.081121535158814,4.061870979199365,4.071496486663818,460300,0.0,0.0
2024-03-19 00:00:00-04:00,4.071496559424799,4.081121608091802,4.052246003121327,4.06187105178833,460600,0.0,0.0
2024-03-20 00:00:00-04:00,4.061871056260632,4.119623184204102,4.061871056260632,4.119623184204102,350500,0.0,0.0
2024-03-21 00:00:00-04:00,4.138873813811627,4.158124370477145,4.109997749328613,4.109997749328613,741500,0.0,0.0
2024-03-22 00:00:00-04:00,4.1484986981445395,4.1484986981445395,4.109997586340325,4.129248142242432,320300,0.0,0.0
2024-03-25 00:00:00-04:00,4.129247980010468,4.15812404221386,4.129247980010468,4.14849853515625,496900,0.0,0.0
2024-03-26 00:00:00-04:00,4.235126252870574,4.244751300936187,4.196625142669251,4.206250190734863,654900,0.0,0.0
2024-03-27 00:00:00-04:00,4.215875849196227,4.254376960780438,4.215875849196227,4.244751453399658,722800,0.0,0.0
2024-03-28 00:00:00-04:00,4.244751453399658,4.264002009191764,4.225500897607553,4.244751453399658,720000,0.0,0.0
2024-04-01 00:00:00-04:00,4.186999947417545,4.235126568237649,4.186999947417545,4.22550106048584,349500,0.0,0.0
2024-04-02 00:00:00-04:00,4.22550067351122,4.22550067351122,4.186999563968887,4.215875625610352,440400,0.0,0.0
2024-04-03 00:00:00-04:00,4.215875625610352,4.215875625610352,4.177374516068019,4.215875625610352,549800,0.0,0.0
2024-04-04 00:00:00-04:00,4.244751557218265,4.2543770648344665,4.177374839782715,4.177374839782715,714300,0.0,0.0
2024-04-05 00:00:00-04:00,4.109997586340325,4.138873649678214,4.090747030438217,4.129248142242432,422300,0.0,0.0
2024-04-08 00:00:00-04:00,4.119623170993901,4.186999888429451,4.100372614730963,4.177374839782715,1624000,0.0,0.0
2024-04-09 00:00:00-04:00,4.15812404221386,4.167749090302032,4.129247980010468,4.14849853515625,1340800,0.0,0.0
2024-04-10 00:00:00-04:00,4.061871128180081,4.109997749328613,4.042620571514563,4.109997749328613,1199400,0.0,0.0
2024-04-11 00:00:00-04:00,4.081121291659086,4.090746798549234,4.023369627226487,4.0426201820373535,1211500,0.0,0.0
2024-04-12 00:00:00-04:00,4.032995387103646,4.061870991646576,3.994494275066765,4.013744831085205,1022500,0.0,0.0
2024-04-15 00:00:00-04:00,4.032995311063772,4.052245866719253,3.9848686924403416,3.9944941997528076,785300,0.0,0.0
2024-04-16 00:00:00-04:00,3.97524356842041,3.97524356842041,3.9559930131314025,3.97524356842041,444200,0.0,0.0
2024-04-17 00:00:00-04:00,4.004119323591255,4.023369879609696,3.984868767572815,4.013744831085205,869700,0.0,0.0
2024-04-18 00:00:00-04:00,4.032995446817855,4.06187105178833,4.023369939181386,4.06187105178833,568700,0.0,0.0
2024-04-19 00:00:00-04:00,4.081121684845599,4.1196232571461096,4.081121684845599,4.109997749328613,413800,0.0,0.0
2024-04-22 00:00:00-04:00,4.177374677182902,4.225500836482256,4.167749169941364,4.196625232696533,923800,0.0,0.0
2024-04-23 00:00:00-04:00,4.254376798269813,4.28325240137024,4.254376798269813,4.264001846313477,728300,0.0,0.0
2024-04-24 00:00:00-04:00,4.244751543978042,4.244751543978042,4.215875939158437,4.235126495361328,324500,0.0,0.0
2024-04-25 00:00:00-04:00,4.2255008255943824,4.283252491986466,4.2255008255943824,4.2543768882751465,776600,0.0,0.0
2024-04-26 00:00:00-04:00,4.302502875242579,4.341004443599053,4.302502875242579,4.331378936767578,801800,0.0,0.0
2024-04-29 00:00:00-04:00,4.341004757959494,4.379505870134657,4.341004757959494,4.350629806518555,720700,0.0,0.0
2024-04-30 00:00:00-04:00,4.331379018496869,4.331379018496869,4.264001846313477,4.264001846313477,730500,0.0,0.0
2024-05-01 00:00:00-04:00,4.235126171725324,4.3025028838019805,4.196625062261683,4.273627281188965,460100,0.0,0.0
2024-05-02 00:00:00-04:00,4.321753429936103,4.331378936767578,4.3121283820740555,4.331378936767578,406000,0.0,0.0
2024-05-03 00:00:00-04:00,4.38913106918335,4.398756577041899,4.369880512435726,4.38913106918335,530600,0.0,0.0
2024-05-06 00:00:00-04:00,4.398756577041899,4.418007133789522,4.379506020294277,4.38913106918335,397600,0.0,0.0
2024-05-07 00:00:00-04:00,4.408381625930972,4.418007133789522,4.379506020294277,4.38913106918335,330100,0.0,0.0
2024-05-08 00:00:00-04:00,4.3217534385338015,4.34100445223505,4.2640017743383405,4.273627281188965,653500,0.0,0.0
2024-05-09 00:00:00-04:00,4.312128463440105,4.331379018496869,4.264001846313477,4.264001846313477,593300,0.0,0.0
2024-05-10 00:00:00-04:00,4.225500745835525,4.225500745835525,4.206250190734863,4.206250190734863,403900,0.0,0.0
2024-05-13 00:00:00-04:00,4.225500987775151,4.25437705156422,4.225500987775151,4.235126495361328,333800,0.0,0.0
2024-05-14 00:00:00-04:00,4.215875616993504,4.273627281188965,4.215875616993504,4.273627281188965,339000,0.0,0.0
2024-05-15 00:00:00-04:00,4.30250294687805,4.32175350189209,4.283252391864011,4.32175350189209,337600,0.0,0.0
2024-05-16 00:00:00-04:00,4.273627353326576,4.273627353326576,4.254376798269813,4.264001846313477,269600,0.0,0.0
2024-05-17 00:00:00-04:00,4.25437703865102,4.302503199527441,4.2447515310940584,4.292878150939941,566000,0.0,0.0
2024-05-20 00:00:00-04:00,4.3121287802558665,4.34100484444728,4.206250490179977,4.283252716064453,846700,0.0,0.0
2024-05-21 00:00:00-04:00,4.369880199432373,4.408381310169883,4.3602551512327175,4.369880199432373,464600,0.0,0.0
2024-05-22 00:00:00-04:00,4.32175350189209,4.341004515875564,4.3121284538697875,4.32175350189209,442000,0.0,0.0
2024-05-23 00:00:00-04:00,4.3121287802558665,4.321753829006691,4.283252716064453,4.283252716064453,341500,0.0,0.0
2024-05-24 00:00:00-04:00,4.292878223784748,4.292878223784748,4.283252716064453,4.283252716064453,158200,0.0,0.0
2024-05-28 00:00:00-04:00,4.341004848480225,4.360255404969228,4.331379340750988,4.341004848480225,830800,0.0,0.0
2024-05-29 00:00:00-04:00,4.341004679426363,4.341004679426363,4.3025031089782715,4.3025031089782715,601600,0.0,0.0
2024-05-30 00:00:00-04:00,4.360255301501417,4.408381462097168,4.331379237968399,4.408381462097168,713800,0.0,0.0
2024-05-31 00:00:00-04:00,4.40838161139368,4.446882724761963,4.40838161139368,4.446882724761963,623600,0.0,0.0
2024-06-03 00:00:00-04:00,4.504634145218915,4.543135256453906,4.427631922748935,4.533510208129883,982800,0.0,0.0
2024-06-04 00:00:00-04:00,4.572011236198283,4.620137853851305,4.572011236198283,4.600887298583984,1007700,0.0,0.0
2024-06-05 00:00:00-04:00,4.591262100246925,4.600887608012661,4.54313547935719,4.5623860359191895,2209700,0.0,0.0
2024-06-06 00:00:00-04:00,4.552760601043701,4.5816366629227145,4.552760601043701,4.552760601043701,838800,0.0,0.0
2024-06-07 00:00:00-04:00,4.523884621146378,4.533510128270293,4.466132955311211,4.4853835105896,1272200,0.0,0.0
2024-06-10 00:00:00-04:00,4.427631855010986,4.437257362157199,4.408381299688004,4.427631855010986,457400,0.0,0.0
2024-06-11 00:00:00-04:00,4.331379178259089,4.389130845559543,4.3217536708909545,4.360255241394043,421800,0.0,0.0
2024-06-12 00:00:00-04:00,4.379505870134657,4.3987564262222385,4.341004757959494,4.350629806518555,346300,0.0,0.0
2024-06-13 00:00:00-04:00,4.254376899237426,4.273627454751057,4.177374677182902,4.196625232696533,912200,0.0,0.0
2024-06-14 00:00:00-04:00,4.158124193536251,4.186999797821045,4.119623081843555,4.186999797821045,547200,0.0,0.0
2024-06-17 00:00:00-04:00,4.225500909513741,4.235126416921642,4.177374749382599,4.186999797821045,525200,0.0,0.0
2024-06-18 00:00:00-04:00,4.199999809265137,4.269999980926514,4.199999809265137,4.269999980926514,650600,0.163,0.0
2024-06-20 00:00:00-04:00,4.260000228881836,4.309999942779541,4.260000228881836,4.28000020980835,693600,0.0,0.0
2024-06-21 00:00:00-04:00,4.260000228881836,4.340000152587891,4.25,4.309999942779541,811000,0.0,0.0
2024-06-24 00:00:00-04:00,4.349999904632568,4.380000114440918,4.340000152587891,4.380000114440918,981900,0.0,0.0
2024-06-25 00:00:00-04:00,4.28000020980835,4.300000190734863,4.260000228881836,4.28000020980835,1260800,0.0,0.0
2024-06-26 00:00:00-04:00,4.230000019073486,4.260000228881836,4.21999979019165,4.260000228881836,732300,0.0,0.0
2024-06-27 00:00:00-04:00,4.260000228881836,4.340000152587891,4.21999979019165,4.309999942779541,1960300,0.0,0.0
2024-06-28 00:00:00-04:00,4.190000057220459,4.230000019073486,4.179999828338623,4.210000038146973,1087000,0.0,0.0
2024-07-01 00:00:00-04:00,4.260000228881836,4.28000020980835,4.230000019073486,4.239999771118164,2088500,0.0,0.0
2024-07-02 00:00:00-04:00,4.190000057220459,4.190000057220459,4.170000076293945,4.179999828338623,526100,0.0,0.0
2024-07-03 00:00:00-04:00,4.239999771118164,4.269999980926514,4.239999771118164,4.25,264500,0.0,0.0
2024-07-05 00:00:00-04:00,4.269999980926514,4.289999961853027,4.25,4.289999961853027,577700,0.0,0.0
2024-07-08 00:00:00-04:00,4.289999961853027,4.300000190734863,4.230000019073486,4.239999771118164,976900,0.0,0.0
2024-07-09 00:00:00-04:00,4.210000038146973,4.25,4.199999809265137,4.25,1116400,0.0,0.0
2024-07-10 00:00:00-04:00,4.320000171661377,4.329999923706055,4.28000020980835,4.329999923706055,1152100,0.0,0.0
2024-07-11 00:00:00-04:00,4.360000133514404,4.389999866485596,4.349999904632568,4.380000114440918,908000,0.0,0.0
2024-07-12 00:00:00-04:00,4.380000114440918,4.420000076293945,4.369999885559082,4.409999847412109,1242200,0.0,0.0
2024-07-15 00:00:00-04:00,4.340000152587891,4.360000133514404,4.309999942779541,4.349999904632568,1294100,0.0,0.0
2024-07-16 00:00:00-04:00,4.260000228881836,4.360000133514404,4.25,4.349999904632568,1535300,0.0,0.0
2024-07-17 00:00:00-04:00,4.369999885559082,4.420000076293945,4.369999885559082,4.409999847412109,940800,0.0,0.0
2024-07-18 00:00:00-04:00,4.489999771118164,4.53000020980835,4.489999771118164,4.5,598800,0.0,0.0
2024-07-19 00:00:00-04:00,4.489999771118164,4.510000228881836,4.46999979019165,4.489999771118164,556500,0.0,0.0
2024-07-22 00:00:00-04:00,4.550000190734863,4.550000190734863,4.489999771118164,4.53000020980835,737600,0.0,0.0
2024-07-23 00:00:00-04:00,4.46999979019165,4.489999771118164,4.460000038146973,4.460000038146973,368800,0.0,0.0
2024-07-24 00:00:00-04:00,4.460000038146973,4.489999771118164,4.449999809265137,4.460000038146973,247300,0.0,0.0
2024-07-25 00:00:00-04:00,4.510000228881836,4.550000190734863,4.510000228881836,4.519999980926514,547600,0.0,0.0
2024-07-26 00:00:00-04:00,4.5,4.539999961853027,4.480000019073486,4.53000020980835,453200,0.0,0.0
2024-07-29 00:00:00-04:00,4.519999980926514,4.539999961853027,4.489999771118164,4.510000228881836,560400,0.0,0.0
2024-07-30 00:00:00-04:00,4.53000020980835,4.559999942779541,4.53000020980835,4.559999942779541,468200,0.0,0.0
2024-07-31 00:00:00-04:00,4.519999980926514,4.550000190734863,4.5,4.539999961853027,732000,0.0,0.0
2024-08-01 00:00:00-04:00,4.46999979019165,4.519999980926514,4.429999828338623,4.5,1454900,0.0,0.0
2024-08-02 00:00:00-04:00,4.5,4.519999980926514,4.480000019073486,4.489999771118164,718000,0.0,0.0
2024-08-05 00:00:00-04:00,4.449999809265137,4.460000038146973,4.400000095367432,4.420000076293945,1057900,0.0,0.0
2024-08-06 00:00:00-04:00,4.360000133514404,4.389999866485596,4.349999904632568,4.380000114440918,636900,0.0,0.0
2024-08-07 00:00:00-04:00,4.380000114440918,4.409999847412109,4.349999904632568,4.360000133514404,610900,0.0,0.0
2024-08-08 00:00:00-04:00,4.389999866485596,4.420000076293945,4.389999866485596,4.409999847412109,543300,0.0,0.0
2024-08-09 00:00:00-04:00,4.409999847412109,4.420000076293945,4.389999866485596,4.420000076293945,441600,0.0,0.0
2024-08-12 00:00:00-04:00,4.409999847412109,4.429999828338623,4.389999866485596,4.409999847412109,425500,0.0,0.0
2024-08-13 00:00:00-04:00,4.429999828338623,4.449999809265137,4.409999847412109,4.440000057220459,354600,0.0,0.0
2024-08-14 00:00:00-04:00,4.449999809265137,4.489999771118164,4.449999809265137,4.480000019073486,253700,0.0,0.0
2024-08-15 00:00:00-04:00,4.46999979019165,4.46999979019165,4.440000057220459,4.449999809265137,227600,0.0,0.0
2024-08-16 00:00:00-04:00,4.46999979019165,4.519999980926514,4.46999979019165,4.510000228881836,323800,0.0,0.0
2024-08-19 00:00:00-04:00,4.570000171661377,4.610000133514404,4.559999942779541,4.570000171661377,589300,0.0,0.0
2024-08-20 00:00:00-04:00,4.510000228881836,4.550000190734863,4.510000228881836,4.53000020980835,316600,0.0,0.0
2024-08-21 00:00:00-04:00,4.5,4.53000020980835,4.480000019073486,4.510000228881836,401600,0.0,0.0
2024-08-22 00:00:00-04:00,4.519999980926514,4.519999980926514,4.46999979019165,4.480000019073486,258700,0.0,0.0
2024-08-23 00:00:00-04:00,4.489999771118164,4.570000171661377,4.489999771118164,4.53000020980835,406500,0.0,0.0
2024-08-26 00:00:00-04:00,4.550000190734863,4.579999923706055,4.550000190734863,4.579999923706055,258100,0.0,0.0
2024-08-27 00:00:00-04:00,4.559999942779541,4.599999904632568,4.559999942779541,4.570000171661377,404400,0.0,0.0
2024-08-28 00:00:00-04:00,4.53000020980835,4.550000190734863,4.510000228881836,4.539999961853027,323000,0.0,0.0
2024-08-29 00:00:00-04:00,4.53000020980835,4.550000190734863,4.5,4.519999980926514,501400,0.0,0.0
2024-08-30 00:00:00-04:00,4.53000020980835,4.539999961853027,4.5,4.519999980926514,367100,0.0,0.0
2024-09-03 00:00:00-04:00,4.579999923706055,4.639999866485596,4.579999923706055,4.619999885559082,680500,0.0,0.0
2024-09-04 00:00:00-04:00,4.619999885559082,4.670000076293945,4.610000133514404,4.659999847412109,429300,0.0,0.0
2024-09-05 00:00:00-04:00,4.710000038146973,4.71999979019165,4.670000076293945,4.690000057220459,696700,0.0,0.0
2024-09-06 00:00:00-04:00,4.670000076293945,4.710000038146973,4.659999847412109,4.679999828338623,520700,0.0,0.0
2024-09-09 00:00:00-04:00,4.639999866485596,4.670000076293945,4.630000114440918,4.659999847412109,438500,0.0,0.0
2024-09-10 00:00:00-04:00,4.639999866485596,4.650000095367432,4.599999904632568,4.619999885559082,445500,0.0,0.0
2024-09-11 00:00:00-04:00,4.630000114440918,4.670000076293945,4.619999885559082,4.650000095367432,380300,0.0,0.0
2024-09-12 00:00:00-04:00,4.659999847412109,4.699999809265137,4.639999866485596,4.690000057220459,447800,0.0,0.0
2024-09-13 00:00:00-04:00,4.739999771118164,4.75,4.699999809265137,4.71999979019165,991700,0.0,0.0
2024-09-16 00:00:00-04:00,4.760000228881836,4.829999923706055,4.760000228881836,4.820000171661377,767800,0.0,0.0
2024-09-17 00:00:00-04:00,4.869999885559082,4.869999885559082,4.809999942779541,4.840000152587891,717800,0.0,0.0
2024-09-18 00:00:00-04:00,4.880000114440918,4.929999828338623,4.869999885559082,4.900000095367432,428600,0.0,0.0
2024-09-19 00:00:00-04:00,4.829999923706055,4.849999904632568,4.800000190734863,4.829999923706055,336200,0.0,0.0
2024-09-20 00:00:00-04:00,4.849999904632568,4.869999885559082,4.809999942779541,4.829999923706055,477600,0.0,0.0
2024-09-23 00:00:00-04:00,4.860000133514404,4.880000114440918,4.849999904632568,4.860000133514404,1368200,0.0,0.0
2024-09-24 00:00:00-04:00,4.860000133514404,4.920000076293945,4.860000133514404,4.889999866485596,879900,0.0,0.0
2024-09-25 00:00:00-04:00,4.920000076293945,4.929999828338623,4.889999866485596,4.889999866485596,458000,0.0,0.0
2024-09-26 00:00:00-04:00,4.869999885559082,4.909999847412109,4.860000133514404,4.880000114440918,352300,0.0,0.0
2024-09-27 00:00:00-04:00,4.900000095367432,4.929999828338623,4.869999885559082,4.889999866485596,661900,0.0,0.0
2024-09-30 00:00:00-04:00,4.889999866485596,4.909999847412109,4.849999904632568,4.860000133514404,330700,0.0,0.0
2024-10-01 00:00:00-04:00,4.849999904632568,4.849999904632568,4.809999942779541,4.829999923706055,400700,0.0,0.0
2024-10-02 00:00:00-04:00,4.78000020980835,4.789999961853027,4.75,4.760000228881836,420200,0.0,0.0
2024-10-03 00:00:00-04:00,4.690000057220459,4.760000228881836,4.679999828338623,4.730000019073486,1071200,0.0,0.0
2024-10-04 00:00:00-04:00,4.710000038146973,4.760000228881836,4.710000038146973,4.75,369200,0.0,0.0
2024-10-07 00:00:00-04:00,4.769999980926514,4.789999961853027,4.75,4.78000020980835,348500,0.0,0.0
2024-10-08 00:00:00-04:00,4.800000190734863,4.820000171661377,4.78000020980835,4.800000190734863,638400,0.0,0.0
2024-10-09 00:00:00-04:00,4.800000190734863,4.820000171661377,4.800000190734863,4.809999942779541,245500,0.0,0.0
2024-10-10 00:00:00-04:00,4.820000171661377,4.820000171661377,4.769999980926514,4.769999980926514,216100,0.0,0.0
2024-10-11 00:00:00-04:00,4.760000228881836,4.800000190734863,4.760000228881836,4.769999980926514,252100,0.0,0.0
2024-10-14 00:00:00-04:00,4.78000020980835,4.789999961853027,4.760000228881836,4.78000020980835,223800,0.0,0.0
2024-10-15 00:00:00-04:00,4.760000228881836,4.809999942779541,4.75,4.760000228881836,346600,0.0,0.0
2024-10-16 00:00:00-04:00,4.840000152587891,4.900000095367432,4.840000152587891,4.880000114440918,363400,0.0,0.0
2024-10-17 00:00:00-04:00,4.869999885559082,4.869999885559082,4.820000171661377,4.829999923706055,501100,0.0,0.0
2024-10-18 00:00:00-04:00,4.75,4.789999961853027,4.75,4.769999980926514,335900,0.0,0.0
2024-10-21 00:00:00-04:00,4.760000228881836,4.769999980926514,4.710000038146973,4.71999979019165,314300,0.0,0.0
2024-10-22 00:00:00-04:00,4.670000076293945,4.699999809265137,4.659999847412109,4.670000076293945,295900,0.0,0.0
2024-10-23 00:00:00-04:00,4.639999866485596,4.659999847412109,4.630000114440918,4.639999866485596,348500,0.0,0.0
2024-10-24 00:00:00-04:00,4.670000076293945,4.710000038146973,4.650000095367432,4.659999847412109,313000,0.0,0.0
2024-10-25 00:00:00-04:00,4.650000095367432,4.659999847412109,4.610000133514404,4.619999885559082,325300,0.0,0.0
2024-10-28 00:00:00-04:00,4.650000095367432,4.679999828338623,4.639999866485596,4.650000095367432,358100,0.0,0.0
2024-10-29 00:00:00-04:00,4.650000095367432,4.679999828338623,4.639999866485596,4.659999847412109,356300,0.0,0.0
2024-10-30 00:00:00-04:00,4.619999885559082,4.670000076293945,4.619999885559082,4.659999847412109,429800,0.0,0.0
2024-10-31 00:00:00-04:00,4.610000133514404,4.639999866485596,4.599999904632568,4.630000114440918,396800,0.0,0.0
2024-11-01 00:00:00-04:00,4.670000076293945,4.670000076293945,4.639999866485596,4.650000095367432,528200,0.0,0.0
2024-11-04 00:00:00-05:00,4.679999828338623,4.699999809265137,4.639999866485596,4.650000095367432,611400,0.0,0.0
2024-11-05 00:00:00-05:00,4.670000076293945,4.679999828338623,4.650000095367432,4.670000076293945,1569300,0.0,0.0
2024-11-06 00:00:00-05:00,4.53000020980835,4.550000190734863,4.5,4.5,775200,0.0,0.0
2024-11-07 00:00:00-05:00,4.449999809265137,4.5,4.440000057220459,4.449999809265137,1442800,0.0,0.0
2024-11-08 00:00:00-05:00,4.460000038146973,4.480000019073486,4.440000057220459,4.460000038146973,518300,0.0,0.0
2024-11-11 00:00:00-05:00,4.420000076293945,4.420000076293945,4.369999885559082,4.369999885559082,729300,0.0,0.0
2024-11-12 00:00:00-05:00,4.329999923706055,4.329999923706055,4.28000020980835,4.289999961853027,488600,0.0,0.0
2024-11-13 00:00:00-05:00,4.289999961853027,4.300000190734863,4.25,4.28000020980835,719500,0.0,0.0
2024-11-14 00:00:00-05:00,4.300000190734863,4.349999904632568,4.300000190734863,4.300000190734863,691900,0.0,0.0
2024-11-15 00:00:00-05:00,4.380000114440918,4.409999847412109,4.369999885559082,4.409999847412109,910900,0.0,0.0
2024-11-18 00:00:00-05:00,4.440000057220459,4.489999771118164,4.440000057220459,4.489999771118164,773000,0.0,0.0
2024-11-19 00:00:00-05:00,4.480000019073486,4.539999961853027,4.46999979019165,4.539999961853027,737600,0.0,0.0
2024-11-20 00:00:00-05:00,4.519999980926514,4.53000020980835,4.489999771118164,4.510000228881836,518000,0.0,0.0
2024-11-21 00:00:00-05:00,4.46999979019165,4.489999771118164,4.400000095367432,4.429999828338623,575600,0.0,0.0
2024-11-22 00:00:00-05:00,4.420000076293945,4.449999809265137,4.409999847412109,4.449999809265137,988500,0.0,0.0
2024-11-25 00:00:00-05:00,4.489999771118164,4.510000228881836,4.449999809265137,4.489999771118164,1013600,0.0,0.0
2024-11-26 00:00:00-05:00,4.46999979019165,4.489999771118164,4.440000057220459,4.46999979019165,917600,0.0,0.0
2024-11-27 00:00:00-05:00,4.5,4.539999961853027,4.5,4.53000020980835,1069400,0.0,0.0
