Date,Open,High,Low,Close,Volume,Dividends,Stock Splits
2022-01-03 00:00:00-05:00,212.56131714074198,216.9978146295051,212.06293379481255,216.38217163085938,7694500,0.0,0.0
2022-01-04 00:00:00-05:00,216.9392126654393,221.6200116391618,216.7535415841637,217.38873291015625,10629300,0.0,0.0
2022-01-05 00:00:00-05:00,217.5646038347146,220.13465401429195,214.9066089118143,214.9847869873047,9594600,0.0,0.0
2022-01-06 00:00:00-05:00,212.83493458948377,216.851241746555,212.59063370380045,214.740478515625,7877500,0.0,0.0
2022-01-07 00:00:00-05:00,212.3561114337279,215.18022923468695,210.72418321485685,212.01409912109375,10702100,0.0,0.0
2022-01-10 00:00:00-05:00,209.10202176480507,209.3170077492815,201.79254302543697,207.13784790039062,11978600,0.0,0.0
2022-01-11 00:00:00-05:00,206.6003755550227,210.0499029404535,203.98147716273976,209.49290466308594,8803100,0.0,0.0
2022-01-12 00:00:00-05:00,209.59061616107917,212.61995317283632,208.93589156273282,210.79258728027344,6923300,0.0,0.0
2022-01-13 00:00:00-05:00,211.90663351295083,215.45387289161405,209.7665549716479,210.0988006591797,8867700,0.0,0.0
2022-01-14 00:00:00-05:00,209.28768910317208,213.27468150200735,208.83818380614835,209.7762908935547,8838100,0.0,0.0
2022-01-18 00:00:00-05:00,210.95871009678433,211.96522857448994,209.44404159090575,210.79258728027344,9099300,0.0,0.0
2022-01-19 00:00:00-05:00,208.14436166828295,213.2551321952147,207.27465108216307,209.7860565185547,9399800,0.0,0.0
2022-01-20 00:00:00-05:00,209.8251377958725,214.59389567198758,209.06292025481375,209.4635772705078,8532700,0.0,0.0
2022-01-21 00:00:00-05:00,210.5482989012334,210.68510681183946,201.12805658408337,201.23553466796875,16200200,0.0,0.0
2022-01-24 00:00:00-05:00,197.57102976153112,198.0987280905707,191.18989102424712,197.24856567382812,16054000,0.0,0.0
2022-01-25 00:00:00-05:00,195.0693619343646,200.6980637538219,192.49932681563274,197.39511108398438,12125500,0.0,0.0
2022-01-26 00:00:00-05:00,199.62314503653513,206.05314634704237,199.02705025956118,201.17689514160156,10817600,0.0,0.0
2022-01-27 00:00:00-05:00,204.7241227509847,206.15084634863152,201.1573361232796,201.4504852294922,12009800,0.0,0.0
2022-01-28 00:00:00-05:00,215.61019506942372,222.9196735973176,211.17369742282838,222.8024139404297,26425300,0.0,0.0
2022-01-31 00:00:00-05:00,220.4082681967707,221.21934894918786,216.98805570175392,221.01412963867188,12380600,0.0,0.0
2022-02-01 00:00:00-05:00,221.72748082389268,229.26172679915254,221.25842729222083,227.06301879882812,12247200,0.0,0.0
2022-02-02 00:00:00-05:00,226.0271794029453,230.47345844529136,224.76657849949808,230.05325317382812,10590500,0.0,0.0
2022-02-03 00:00:00-05:00,227.72749345912072,228.16724695588385,225.2942663258034,226.26168823242188,9968000,0.0,0.0
2022-02-04 00:00:00-05:00,223.2909951765016,224.97178635495064,219.82191984036763,223.18350219726562,10848100,0.0,0.0
2022-02-07 00:00:00-05:00,222.80241480610337,224.67864387831526,220.85777432647896,221.9815673828125,5984500,0.0,0.0
2022-02-08 00:00:00-05:00,221.1020647343938,223.2910060036379,219.62649277600707,222.7437744140625,7542000,0.0,0.0
2022-02-09 00:00:00-05:00,224.88385828434775,227.8350022767042,224.87407670582036,225.6069793701172,7772800,0.0,0.0
2022-02-10 00:00:00-05:00,223.19424262019643,225.07352402809872,220.10125210220681,220.8059844970703,6794600,0.375,0.0
2022-02-11 00:00:00-05:00,222.4307879223246,224.24156158686188,218.79945803646063,219.92507934570312,7535200,0.0,0.0
2022-02-14 00:00:00-05:00,218.5547651588109,222.44057603506948,218.08494852275993,220.56129455566406,8280800,0.0,0.0
2022-02-15 00:00:00-05:00,222.45036916575634,224.42752098233916,220.14041625892776,222.98870849609375,9461700,0.0,0.0
2022-02-16 00:00:00-05:00,222.67549957495183,225.00503265746215,220.81579808005506,223.96751403808594,9561300,0.0,0.0
2022-02-17 00:00:00-05:00,223.55640691906262,223.95771579810915,219.41611501274934,219.84678649902344,8131200,0.0,0.0
2022-02-18 00:00:00-05:00,219.83702848684203,220.9528524916803,217.1355488386624,217.967529296875,8121200,0.0,0.0
2022-02-22 00:00:00-05:00,216.33290015955345,219.58248616144186,215.25622155143347,216.6265411376953,9928800,0.0,0.0
2022-02-23 00:00:00-05:00,218.11430799260955,219.5237728156961,210.85166307911766,211.37042236328125,8669900,0.0,0.0
2022-02-24 00:00:00-05:00,199.05718924322292,213.23990957975073,197.1779078937684,212.69178771972656,13463400,0.0,0.0
2022-02-25 00:00:00-05:00,212.68200401592702,216.0001129306518,209.70647875352668,214.62002563476562,8463600,0.0,0.0
2022-02-28 00:00:00-05:00,211.41936903225442,214.01316550231948,208.7179046935149,211.5368194580078,8409400,0.0,0.0
2022-03-01 00:00:00-05:00,209.93162957391087,210.5874194387937,202.8843192308438,204.53848266601562,9317800,0.0,0.0
2022-03-02 00:00:00-05:00,202.5123274284183,206.07513443654483,201.8173925503917,204.05882263183594,8865700,0.0,0.0
2022-03-03 00:00:00-05:00,206.08495901208278,207.01480978055778,202.17956786224477,202.83535766601562,8610000,0.0,0.0
2022-03-04 00:00:00-05:00,200.65263417720507,201.99357627024693,192.6852570077719,196.04251098632812,10912300,0.0,0.0
2022-03-07 00:00:00-05:00,195.6020541677089,195.9348403132233,186.01967410292016,186.6558837890625,13412400,0.0,0.0
2022-03-08 00:00:00-05:00,185.98050965579344,192.25457829659703,182.71134361649314,187.64447021484375,11070900,0.0,0.0
2022-03-09 00:00:00-05:00,192.33289692961165,196.2480704040058,191.09962266185008,195.5237579345703,8457600,0.0,0.0
2022-03-10 00:00:00-05:00,192.72439724363815,195.6999372771416,192.13713021729978,193.77171325683594,7061600,0.0,0.0
2022-03-11 00:00:00-05:00,196.49278640015382,196.5808742267936,192.29376904309186,192.53846740722656,5432100,0.0,0.0
2022-03-14 00:00:00-04:00,194.21219646432974,200.0947397799351,193.9577155415032,196.08169555664062,7994700,0.0,0.0
2022-03-15 00:00:00-04:00,197.8043619888689,202.03275680325441,197.12899212808207,201.7684783935547,8277700,0.0,0.0
2022-03-16 00:00:00-04:00,205.54661424409107,209.13878423413263,202.61023404060407,207.376953125,9232300,0.0,0.0
2022-03-17 00:00:00-04:00,205.4780897315994,209.01153447615553,204.2937580903127,208.92344665527344,6668500,0.0,0.0
2022-03-18 00:00:00-04:00,207.2105619293886,214.61023772005007,205.83045963671066,214.4634246826172,14620800,0.0,0.0
2022-03-21 00:00:00-04:00,211.75214927932012,213.43567503235792,210.00011575824072,212.4373016357422,6101500,0.0,0.0
2022-03-22 00:00:00-04:00,213.22036096420283,214.91368438128902,212.57435370457003,213.83700561523438,6259900,0.0,0.0
2022-03-23 00:00:00-04:00,210.73422719117107,212.68201654655803,209.65754845060363,210.1273651123047,6008000,0.0,0.0
2022-03-24 00:00:00-04:00,210.43080611658834,213.0441827976678,209.46179523857805,212.70159912109375,5487000,0.0,0.0
2022-03-25 00:00:00-04:00,213.78806900442373,214.28724829997057,211.11596699969127,213.7978515625,5051400,0.0,0.0
2022-03-28 00:00:00-04:00,213.86634598351455,216.29374929840475,212.89733519483443,216.0882110595703,4316800,0.0,0.0
2022-03-29 00:00:00-04:00,220.07190743243487,223.95771847753136,219.03438880410823,223.2823486328125,8032500,0.0,0.0
2022-03-30 00:00:00-04:00,221.0506940430364,221.3639150945085,218.0066460243501,219.20077514648438,7084000,0.0,0.0
2022-03-31 00:00:00-04:00,219.16161847510506,221.12898769505733,215.76520441944945,217.06700134277344,10759500,0.0,0.0
2022-04-01 00:00:00-04:00,218.3492208928899,221.82394024987525,217.51724057670987,221.55966186523438,6559600,0.0,0.0
2022-04-04 00:00:00-04:00,220.97240907839938,224.37862111764062,220.1893862481952,222.91043090820312,8521200,0.0,0.0
2022-04-05 00:00:00-04:00,222.0197226945318,224.13392015610867,220.53195245099218,221.29541015625,4658000,0.0,0.0
2022-04-06 00:00:00-04:00,218.05559489183838,218.14368271437343,213.9838107179272,214.36553955078125,7430000,0.0,0.0
2022-04-07 00:00:00-04:00,213.68040541854734,214.0425542322877,209.14858675924066,211.5662078857422,6995100,0.0,0.0
2022-04-08 00:00:00-04:00,210.25462105519006,214.75707695174313,208.5613125488129,212.37860107421875,5438600,0.0,0.0
2022-04-11 00:00:00-04:00,210.68527376221556,212.69180316603888,208.88429753842945,210.1958770751953,6942700,0.0,0.0
2022-04-12 00:00:00-04:00,211.90878376476346,212.3883979361004,206.23177871843592,206.91693115234375,7446600,0.0,0.0
2022-04-13 00:00:00-04:00,205.96748412224625,209.31497063031293,202.77662307488652,208.7472686767578,8052900,0.0,0.0
2022-04-14 00:00:00-04:00,209.7260909781889,211.37045691713556,208.02298488267658,208.2774658203125,8191600,0.0,0.0
2022-04-18 00:00:00-04:00,207.18117831982642,211.25296207749764,207.03436529727603,208.6493682861328,4744400,0.0,0.0
2022-04-19 00:00:00-04:00,208.58089362956505,211.91856799868498,207.93488635739874,211.12574768066406,5028800,0.0,0.0
2022-04-20 00:00:00-04:00,214.0229776871041,216.13717510701298,212.7799058334721,213.17141723632812,7178300,0.0,0.0
2022-04-21 00:00:00-04:00,214.85492276461667,219.1714050202102,210.78315378159093,211.8598175048828,8850300,0.0,0.0
2022-04-22 00:00:00-04:00,211.65428664460129,211.9674927610458,203.5400811309108,203.7554168701172,6201100,0.0,0.0
2022-04-25 00:00:00-04:00,201.97403322535573,206.06538265403697,200.97565973021426,205.4976806640625,6839400,0.0,0.0
2022-04-26 00:00:00-04:00,202.59065267143373,204.13714802742354,196.83535766601562,196.83535766601562,8155300,0.0,0.0
2022-04-27 00:00:00-04:00,212.76031915375856,217.09638173454266,208.53193938088782,209.5694580078125,15955800,0.0,0.0
2022-04-28 00:00:00-04:00,215.72607969503514,220.16001301964306,214.62005320484778,215.98057556152344,10799100,0.0,0.0
2022-04-29 00:00:00-04:00,213.9838110261857,216.50909982224337,207.84678708416868,208.61024475097656,7965000,0.0,0.0
2022-05-02 00:00:00-04:00,207.2790899955037,207.6412387873351,202.5710959608851,207.04417419433594,8803700,0.0,0.0
2022-05-03 00:00:00-04:00,209.0800555776293,209.0800555776293,201.89571571582135,204.13714599609375,6616900,0.0,0.0
2022-05-04 00:00:00-04:00,204.91040407895233,210.2448251170925,200.97565043265067,209.97076416015625,7191100,0.0,0.0
2022-05-05 00:00:00-04:00,207.76847422585226,210.02948453609105,198.76357814847103,200.88755798339844,7749600,0.0,0.0
2022-05-06 00:00:00-04:00,199.42914577191172,201.35736987308692,195.97400642893717,198.5188751220703,8825300,0.0,0.0
2022-05-09 00:00:00-04:00,195.80761597244373,196.49276834201316,188.0066316459422,188.90711975097656,10314100,0.0,0.0
2022-05-10 00:00:00-04:00,192.53845103577936,193.55638957253558,186.92017169629335,189.47482299804688,11016500,0.0,0.0
2022-05-11 00:00:00-04:00,189.38671961923754,194.11429301615223,187.34103028633135,192.5482177734375,9427300,0.0,0.0
2022-05-12 00:00:00-04:00,190.76831545097468,192.26872819759512,186.27687845125539,190.21914672851562,9308600,0.375,0.0
2022-05-13 00:00:00-04:00,193.190567597402,196.66210725343748,192.7002362075609,195.37744140625,6684500,0.0,0.0
2022-05-16 00:00:00-04:00,193.50439385501122,196.07372564213927,192.0922370070936,193.9849090576172,5161300,0.0,0.0
2022-05-17 00:00:00-04:00,198.9274652647197,200.8397548309808,196.27966359665152,200.0552215576172,7265600,0.0,0.0
2022-05-18 00:00:00-04:00,198.8980189774587,201.48696794571006,195.27937116603022,196.12274169921875,8748200,0.0,0.0
2022-05-19 00:00:00-04:00,192.5531405120869,196.54443019732685,189.57191731721883,193.55340576171875,9012400,0.0,0.0
2022-05-20 00:00:00-04:00,195.8089284898639,197.76045273926914,190.26818996634873,195.18130493164062,6966600,0.0,0.0
2022-05-23 00:00:00-04:00,196.99555103922668,203.93864556414465,196.88767753104202,203.54637145996094,12187400,0.0,0.0
2022-05-24 00:00:00-04:00,199.96694757889628,200.71224589177623,195.1813085074403,198.71170043945312,7458500,0.0,0.0
2022-05-25 00:00:00-04:00,196.71117612406695,200.98686715363948,196.5935013593128,199.89833068847656,5457200,0.0,0.0
2022-05-26 00:00:00-04:00,201.14374479217932,205.68421828329969,200.7122507718059,204.51722717285156,9212300,0.0,0.0
2022-05-27 00:00:00-04:00,205.93917529142794,209.10671175011475,205.58613610666504,208.76348876953125,4897200,0.0,0.0
2022-05-31 00:00:00-04:00,206.31185034818716,210.2050829687685,205.06640436795976,208.06723022460938,9586400,0.0,0.0
2022-06-01 00:00:00-04:00,207.94954443315524,209.96970735547515,204.78200785972336,205.8705291748047,5246100,0.0,0.0
2022-06-02 00:00:00-04:00,207.79264245286245,211.08767009682538,206.99830797003935,210.89154052734375,5337200,0.0,0.0
2022-06-03 00:00:00-04:00,208.83213517518104,210.06777984983677,207.184628893942,208.53793334960938,4352500,0.0,0.0
2022-06-06 00:00:00-04:00,211.28381563275093,213.37263236671046,207.988787739787,208.82235717773438,3965100,0.0,0.0
2022-06-07 00:00:00-04:00,207.0375427820379,210.81310086181747,206.64528361487578,210.35218811035156,4493300,0.0,0.0
2022-06-08 00:00:00-04:00,209.62647267585115,211.40148489589453,208.71446346342498,209.3715057373047,3646300,0.0,0.0
2022-06-09 00:00:00-04:00,208.47911123014882,209.5774637950598,202.036164101005,202.12442016601562,5138600,0.0,0.0
2022-06-10 00:00:00-04:00,197.75065646134397,199.48643388466596,195.32841804012634,195.65203857421875,5162500,0.0,0.0
2022-06-13 00:00:00-04:00,189.25813099076376,192.10204730306575,187.38506133437093,188.542236328125,7119200,0.0,0.0
2022-06-14 00:00:00-04:00,188.99332934376793,190.58199823531328,188.04208526423795,189.77786254882812,6441200,0.0,0.0
2022-06-15 00:00:00-04:00,192.19030944609617,194.98520467468586,188.51282359991401,192.36683654785156,6490000,0.0,0.0
2022-06-16 00:00:00-04:00,187.70866713770488,188.15976363880452,183.90369074615646,185.39430236816406,9887200,0.0,0.0
2022-06-17 00:00:00-04:00,183.3152808090951,187.61058844563152,182.31501557724567,186.33572387695312,15089300,0.0,0.0
2022-06-21 00:00:00-04:00,191.92550920607215,192.9257744154019,189.98378622948346,190.6310272216797,6241600,0.0,0.0
2022-06-22 00:00:00-04:00,187.5517717892382,192.5923782860966,187.33602476315366,190.07208251953125,5138500,0.0,0.0
2022-06-23 00:00:00-04:00,192.34719303435182,193.64167505937655,189.70920781731223,192.8375244140625,4752800,0.0,0.0
2022-06-24 00:00:00-04:00,193.90645520002906,201.66350169717444,193.6907081825406,201.5360107421875,7754800,0.0,0.0
2022-06-27 00:00:00-04:00,201.77138762257027,203.08547229088308,198.6921067769645,199.6237335205078,6121200,0.0,0.0
2022-06-28 00:00:00-04:00,200.05518056388206,202.7912227728493,193.68087334003286,194.28887939453125,4354200,0.0,0.0
2022-06-29 00:00:00-04:00,193.50438946703528,196.76018215814736,193.50438946703528,195.64222717285156,4324600,0.0,0.0
2022-06-30 00:00:00-04:00,191.59207581481073,195.00479294329827,189.12081646984166,193.0826873779297,7045200,0.0,0.0
2022-07-01 00:00:00-04:00,192.9846162807029,195.9364207394576,190.94485092569295,195.32839965820312,4131800,0.0,0.0
2022-07-05 00:00:00-04:00,192.43547007401702,196.69155828640916,190.3858882746402,196.66212463378906,4110200,0.0,0.0
2022-07-06 00:00:00-04:00,196.13257363094246,198.59403204306875,194.82829022064934,197.2309112548828,4111200,0.0,0.0
2022-07-07 00:00:00-04:00,198.62345130429833,199.49624066092164,196.17179412684774,198.87843322753906,4650700,0.0,0.0
2022-07-08 00:00:00-04:00,198.4077011859006,200.15327974031442,196.58366781329974,199.63352966308594,3621800,0.0,0.0
2022-07-11 00:00:00-04:00,198.09388553095317,202.74223258827462,198.09388553095317,201.09471130371094,5353600,0.0,0.0
2022-07-12 00:00:00-04:00,199.3197574044832,204.0955814896927,198.8392271411409,200.85940551757812,6779500,0.0,0.0
2022-07-13 00:00:00-04:00,196.55426423954728,201.59488607421648,195.64225489555633,200.20233154296875,7597300,0.0,0.0
2022-07-14 00:00:00-04:00,196.13256286738064,202.09499457419628,194.15161979257655,201.92828369140625,5605500,0.0,0.0
2022-07-15 00:00:00-04:00,205.32136653029912,207.61612886459682,203.1737125948699,205.97840881347656,7245700,0.0,0.0
2022-07-18 00:00:00-04:00,207.4101925555875,208.79293076391937,202.64417051108023,203.20315551757812,4648900,0.0,0.0
2022-07-19 00:00:00-04:00,204.19361885124403,209.96972241167543,203.87979955814995,209.52842712402344,4927100,0.0,0.0
2022-07-20 00:00:00-04:00,207.90050013530313,209.98931655241333,207.12578315751756,209.24400329589844,4460300,0.0,0.0
2022-07-21 00:00:00-04:00,209.0282677054748,212.70575316801816,208.61639112931712,212.00949096679688,4801300,0.0,0.0
2022-07-22 00:00:00-04:00,213.71582620114333,213.8531333514978,208.01817801047517,209.567626953125,5071500,0.0,0.0
2022-07-25 00:00:00-04:00,210.43062049833466,210.64636750638718,207.52785209418153,210.12661743164062,4357200,0.0,0.0
2022-07-26 00:00:00-04:00,209.71475983528518,210.98960958983358,207.65536183162914,208.3810577392578,6141000,0.0,0.0
2022-07-27 00:00:00-04:00,206.6943178212848,212.65674988157684,197.30936694911486,206.40011596679688,17432200,0.0,0.0
2022-07-28 00:00:00-04:00,206.5667996504432,208.6065799521571,203.8993957915655,207.26307678222656,7477100,0.0,0.0
2022-07-29 00:00:00-04:00,207.90051882472434,210.01875411725192,205.77248229089213,208.00839233398438,6059700,0.0,0.0
2022-08-01 00:00:00-04:00,204.41915586939777,209.85203611330286,203.54636658362298,207.27288818359375,8028400,0.0,0.0
2022-08-02 00:00:00-04:00,203.7817286948098,204.80161140206053,199.98655356053933,202.27149963378906,9939400,0.0,0.0
2022-08-03 00:00:00-04:00,203.9680626820563,206.26281005989773,202.8795263673787,204.44857788085938,9520100,0.0,0.0
2022-08-04 00:00:00-04:00,206.4589357977632,210.72482491595534,204.5172276651356,209.3420867919922,6789700,0.0,0.0
2022-08-05 00:00:00-04:00,206.63546991912062,211.77413353238708,206.42952414234958,211.6956787109375,5553700,0.0,0.0
2022-08-08 00:00:00-04:00,211.06804660864643,212.4409834831695,207.9495461410972,209.1949920654297,4063400,0.0,0.0
2022-08-09 00:00:00-04:00,207.90052685858274,209.3224850165209,205.69403541786664,206.1941680908203,4596800,0.0,0.0
2022-08-10 00:00:00-04:00,210.67578612328137,210.68558736410728,207.22384895930364,207.9985809326172,5746400,0.0,0.0
2022-08-11 00:00:00-04:00,209.53602412833453,209.74233465976653,206.88354795269726,207.36492919921875,6639600,0.375,0.0
2022-08-12 00:00:00-04:00,209.25112502250045,209.46725414427723,206.40217203941248,207.6105194091797,6443700,0.0,0.0
2022-08-15 00:00:00-04:00,206.66744015405808,212.9253370438903,206.66744015405808,212.6109619140625,5290600,0.0,0.0
2022-08-16 00:00:00-04:00,210.77385622597834,213.779996875211,208.3964507779562,213.31826782226562,6564400,0.0,0.0
2022-08-17 00:00:00-04:00,211.21594771040992,212.37517222811448,209.00554825762657,210.74440002441406,4902500,0.0,0.0
2022-08-18 00:00:00-04:00,210.10581622805782,212.19833235790506,208.69115828056837,211.46153259277344,4516400,0.0,0.0
2022-08-19 00:00:00-04:00,210.34159931368953,211.44188217530822,208.6518706389295,209.07431030273438,4178800,0.0,0.0
2022-08-22 00:00:00-04:00,206.2450243693817,207.53196575860744,204.53564325493383,204.9384307861328,5139500,0.0,0.0
2022-08-23 00:00:00-04:00,204.3391397156833,205.61626233695233,202.89501094251273,203.16026306152344,3525500,0.0,0.0
2022-08-24 00:00:00-04:00,202.99327286006647,204.68300169355246,202.059981069885,203.03256225585938,4230800,0.0,0.0
2022-08-25 00:00:00-04:00,203.73985164060093,206.21550282009798,202.8655165996595,206.12709045410156,4495000,0.0,0.0
2022-08-26 00:00:00-04:00,206.07797556272376,206.55934178996733,199.1324029502723,199.31906127929688,5060200,0.0,0.0
2022-08-29 00:00:00-04:00,197.70794266607913,200.37025248973103,197.08902604868564,198.76893615722656,4476200,0.0,0.0
2022-08-30 00:00:00-04:00,200.33098246805616,200.81236380751153,196.6862872943727,197.835693359375,3918200,0.0,0.0
2022-08-31 00:00:00-04:00,197.46233514983385,199.59414065088262,195.14387131164952,195.212646484375,6559000,0.0,0.0
2022-09-01 00:00:00-04:00,195.22249392702915,196.90238922897964,193.19875269110986,196.60768127441406,5608300,0.0,0.0
2022-09-02 00:00:00-04:00,198.8770275085437,198.91631690673807,193.38541595916573,194.27938842773438,4508100,0.0,0.0
2022-09-06 00:00:00-04:00,194.41689395014438,196.5192287011413,192.94329440532704,195.1438751220703,4547800,0.0,0.0
2022-09-07 00:00:00-04:00,195.2126676304778,197.59989190975048,193.7488865561635,196.89256286621094,4098300,0.0,0.0
2022-09-08 00:00:00-04:00,193.92570396407044,197.57041361930683,193.4934606674017,197.17745971679688,4377600,0.0,0.0
2022-09-09 00:00:00-04:00,198.51350864798104,202.76728603058854,197.80617968587893,201.58840942382812,4885600,0.0,0.0
2022-09-12 00:00:00-04:00,202.86556935523032,203.5434276512709,201.34284658720517,202.9932861328125,3812300,0.0,0.0
2022-09-13 00:00:00-04:00,198.49387798540823,199.88888387023334,195.36983889892755,196.15576171875,5217900,0.0,0.0
2022-09-14 00:00:00-04:00,196.4799571244946,197.34447373271632,194.57409914195003,195.9003448486328,4632800,0.0,0.0
2022-09-15 00:00:00-04:00,194.60355541872187,196.78448397932326,191.10621484124718,191.93142700195312,6099300,0.0,0.0
2022-09-16 00:00:00-04:00,186.87209493949183,190.40874028720359,184.90729529970346,189.89788818359375,9398200,0.0,0.0
2022-09-19 00:00:00-04:00,188.217946356078,190.5757145228704,187.35344485279364,189.73085021972656,8133600,0.0,0.0
2022-09-20 00:00:00-04:00,187.73660045090858,189.6326247956177,186.9408440521634,188.6895294189453,5292500,0.0,0.0
2022-09-21 00:00:00-04:00,189.14142613881643,189.691567610474,183.70875662085143,183.72840881347656,6705900,0.0,0.0
2022-09-22 00:00:00-04:00,183.0701912172163,183.9150555640225,181.40993331556672,182.52003479003906,6604700,0.0,0.0
2022-09-23 00:00:00-04:00,180.2408934791889,181.33135786269074,179.02271232412292,180.72227478027344,10755800,0.0,0.0
2022-09-26 00:00:00-04:00,179.81843635041878,181.25274652294107,176.73370186015245,177.41156005859375,9914600,0.0,0.0
2022-09-27 00:00:00-04:00,179.29777521528914,181.59660205157468,173.9044101141783,174.73944091796875,9799600,0.0,0.0
2022-09-28 00:00:00-04:00,174.1401766990074,176.93020342020287,171.75295246877357,176.02638244628906,9751000,0.0,0.0
2022-09-29 00:00:00-04:00,175.6825521419852,179.03253894531173,175.584306169187,176.89089965820312,9105200,0.0,0.0
2022-09-30 00:00:00-04:00,176.89088703825493,179.70055077120267,174.47419217823366,174.52330017089844,9472300,0.0,0.0
2022-10-03 00:00:00-04:00,176.18357031746694,180.13282157137698,175.01451219828172,178.45291137695312,8842300,0.0,0.0
2022-10-04 00:00:00-04:00,181.79307646922058,182.93266377520644,179.84792916433477,182.38250732421875,7081400,0.0,0.0
2022-10-05 00:00:00-04:00,180.11316591719128,185.4967273207243,179.15041836293108,184.36695861816406,6119900,0.0,0.0
2022-10-06 00:00:00-04:00,183.36491928525237,184.74028801897813,181.98956554175814,182.32357788085938,5163000,0.0,0.0
2022-10-07 00:00:00-04:00,180.22124199146728,181.3608293677428,178.72799008428663,180.5945587158203,5610300,0.0,0.0
2022-10-10 00:00:00-04:00,180.88926320193892,181.5278170166507,177.71610134913325,178.97357177734375,4743800,0.0,0.0
2022-10-11 00:00:00-04:00,177.19545392632955,178.44310591745415,175.05382947548804,175.9871063232422,6294500,0.0,0.0
2022-10-12 00:00:00-04:00,175.9379512478365,177.4115507356261,175.08326834179186,175.10292053222656,4884300,0.0,0.0
2022-10-13 00:00:00-04:00,171.91995738182123,182.1074380595159,171.5270034753265,181.40994262695312,8426400,0.0,0.0
2022-10-14 00:00:00-04:00,183.50244318197576,183.83647049041593,178.86553014098064,179.4058380126953,6449400,0.0,0.0
2022-10-17 00:00:00-04:00,182.72633219730517,185.2511064557713,179.63177934166814,181.98953247070312,13952100,0.0,0.0
2022-10-18 00:00:00-04:00,186.15492215060388,186.8425989336962,182.47092332307759,183.87574768066406,5209200,0.0,0.0
2022-10-19 00:00:00-04:00,182.22534437308275,184.3374979478549,181.50818172582262,183.129150390625,4927000,0.0,0.0
2022-10-20 00:00:00-04:00,183.17827777051133,187.618714181825,183.1487919847795,183.92489624023438,5706700,0.0,0.0
2022-10-21 00:00:00-04:00,182.52986564409332,187.58921805826594,181.7930658756082,187.01942443847656,7582500,0.0,0.0
2022-10-24 00:00:00-04:00,188.04113138622859,189.7308600803341,185.7717904630437,187.35345458984375,7299200,0.0,0.0
2022-10-25 00:00:00-04:00,187.51062969492816,191.79389307226177,187.36327573307096,190.9588623046875,11907200,0.0,0.0
2022-10-26 00:00:00-04:00,193.12015921957993,202.73784690177584,193.04156543482446,199.75135803222656,15450000,0.0,0.0
2022-10-27 00:00:00-04:00,199.74151357522314,202.6887126660147,198.04195130656794,200.69442749023438,7946700,0.0,0.0
2022-10-28 00:00:00-04:00,201.39193702655223,207.7971872209537,199.73167914726244,205.65554809570312,8455600,0.0,0.0
2022-10-31 00:00:00-04:00,205.24296478784248,205.93064165103817,202.5708361277981,203.51394653320312,8674100,0.0,0.0
2022-11-01 00:00:00-04:00,205.2331106722825,206.27445188353,201.71611819169178,203.28794860839844,5919500,0.0,0.0
2022-11-02 00:00:00-04:00,202.1385479579112,203.35672892865227,197.04972493172158,197.4132080078125,6985600,0.0,0.0
2022-11-03 00:00:00-04:00,194.79022720232797,195.3502022723054,190.76238210775696,191.32235717773438,8236200,0.0,0.0
2022-11-04 00:00:00-04:00,193.53272897227973,197.90440436980066,191.90194197313247,193.51307678222656,9680100,0.0,0.0
2022-11-07 00:00:00-05:00,194.82951576776028,196.91219833561846,193.69974711822547,196.57818603515625,7821300,0.0,0.0
2022-11-08 00:00:00-05:00,198.11073926215985,200.527434277998,196.22453352118862,198.22862243652344,6943700,0.0,0.0
2022-11-09 00:00:00-05:00,197.6083121189615,198.22861208613782,190.35184815494864,190.94259643554688,7320200,0.45,0.0
2022-11-10 00:00:00-05:00,199.96149738567576,202.59036557961204,196.93879699946805,202.40330505371094,8048900,0.0,0.0
2022-11-11 00:00:00-05:00,202.82668233731897,203.25005121041636,199.03598347831655,201.8420867919922,9601000,0.0,0.0
2022-11-14 00:00:00-05:00,200.3652198453954,205.9478755193203,200.07969371011436,203.6734619140625,5796100,0.0,0.0
2022-11-15 00:00:00-05:00,206.75521850585938,210.437596132842,204.31341080091175,206.75521850585938,7316100,0.0,0.0
2022-11-16 00:00:00-05:00,205.36692652511445,207.64133967462226,205.01247155222137,206.90289306640625,6125300,0.0,0.0
2022-11-17 00:00:00-05:00,204.7564840063693,208.02533320958054,204.12634349588674,207.73980712890625,5385600,0.0,0.0
2022-11-18 00:00:00-05:00,209.88623633241187,210.8708319046559,206.50908073100817,207.55274963378906,8028500,0.0,0.0
2022-11-21 00:00:00-05:00,207.06044009892705,207.3065889780214,202.71837026600596,203.14175415039062,10450900,0.0,0.0
2022-11-22 00:00:00-05:00,204.3429511178576,207.23766440014236,202.18669951198373,207.08998107910156,5273100,0.0,0.0
2022-11-23 00:00:00-05:00,206.76505305551618,209.55146009716012,206.68628361340873,208.46839904785156,3807300,0.0,0.0
2022-11-25 00:00:00-05:00,208.44872808461162,210.70344525753123,208.13365030087078,210.49667358398438,1993500,0.0,0.0
2022-11-28 00:00:00-05:00,208.9902412795518,211.1662040059885,207.40504187916852,208.00564575195312,10229400,0.0,0.0
2022-11-29 00:00:00-05:00,206.12507969048406,206.91274409349134,204.1558886354949,205.83953857421875,8986900,0.0,0.0
2022-11-30 00:00:00-05:00,205.01247915048754,213.6572265625,204.80570748208032,213.6572265625,13918100,0.0,0.0
2022-12-01 00:00:00-05:00,213.6572265625,215.2818031512922,211.98341719325512,213.6572265625,11261500,0.0,0.0
2022-12-02 00:00:00-05:00,212.40677555167295,215.11441308161955,210.93973792336473,214.3070526123047,5132800,0.0,0.0
2022-12-05 00:00:00-05:00,212.32800570552618,213.56860560479194,209.76806651453128,210.3883514404297,9006300,0.0,0.0
2022-12-06 00:00:00-05:00,208.73427032183798,208.86227255934807,204.44143284068466,205.8592529296875,5986000,0.0,0.0
2022-12-07 00:00:00-05:00,205.5835654830314,205.80017771819288,201.970101412818,204.6088104248047,7923800,0.0,0.0
2022-12-08 00:00:00-05:00,206.28259423878845,207.06043308366503,204.54971159721936,205.87892150878906,4896500,0.0,0.0
2022-12-09 00:00:00-05:00,204.70723787227223,207.27703252562773,204.32324625849424,205.4850616455078,4928400,0.0,0.0
2022-12-12 00:00:00-05:00,206.76505773509479,211.51081531926462,206.24322331509075,211.2843475341797,5941700,0.0,0.0
2022-12-13 00:00:00-05:00,216.15811113793328,216.59133560517873,209.34471139746944,209.75823974609375,14585000,0.0,0.0
2022-12-14 00:00:00-05:00,209.5711591989471,212.94831456890176,208.3699514812337,210.03392028808594,7001700,0.0,0.0
2022-12-15 00:00:00-05:00,206.37121359756884,208.55701671189854,203.63403943164866,204.70724487304688,10831800,0.0,0.0
2022-12-16 00:00:00-05:00,204.29373575065696,205.18970628168194,202.13746909581474,203.70297241210938,12472900,0.0,0.0
2022-12-19 00:00:00-05:00,203.44698678804056,204.27404345850698,200.8082628565109,201.6648712158203,4893600,0.0,0.0
2022-12-20 00:00:00-05:00,200.73933606456623,203.34850813939124,200.41441774555753,202.196533203125,5024900,0.0,0.0
2022-12-21 00:00:00-05:00,203.38791322238677,204.75650045778957,202.41315820377798,203.62420654296875,4086900,0.0,0.0
2022-12-22 00:00:00-05:00,202.58052687246462,203.46665682498858,199.01629592172054,201.90115356445312,5690300,0.0,0.0
2022-12-23 00:00:00-05:00,200.9854923449167,203.06298953482292,200.38488846469542,202.6593017578125,3246000,0.0,0.0
2022-12-27 00:00:00-05:00,202.74790235073945,203.69312063555853,201.44824411081504,203.11219787597656,2904900,0.0,0.0
2022-12-28 00:00:00-05:00,203.4961987133997,205.31770646936613,201.64516931690878,201.83224487304688,3139200,0.0,0.0
2022-12-29 00:00:00-05:00,202.77745271718877,205.31771106659008,202.3343877196302,204.85494995117188,3675500,0.0,0.0
2022-12-30 00:00:00-05:00,203.13190974006434,204.83525587033296,202.53130584112762,204.5595703125,4159400,0.0,0.0
2023-01-03 00:00:00-05:00,206.0561670754913,209.05918667640663,202.98423359454793,204.19528198242188,4202800,0.0,0.0
2023-01-04 00:00:00-05:00,206.39090811238114,209.91576187712957,206.39090811238114,209.33485412597656,6606200,0.0,0.0
2023-01-05 00:00:00-05:00,210.50653567605443,210.86099068187605,207.2179900809926,207.85797119140625,5246000,0.0,0.0
2023-01-06 00:00:00-05:00,210.7034274428638,214.77965202702404,209.8074419728077,214.39566040039062,6829700,0.0,0.0
2023-01-09 00:00:00-05:00,215.69536611611133,218.7869957108108,214.98645607954128,215.23260498046875,6294500,0.0,0.0
2023-01-10 00:00:00-05:00,215.6165626739683,218.96418118934992,214.8190277407524,217.6842041015625,10857000,0.0,0.0
2023-01-11 00:00:00-05:00,217.88116059757388,218.75745010831102,216.31565714980812,218.67869567871094,5408200,0.0,0.0
2023-01-12 00:00:00-05:00,218.67865765164575,220.36230747477086,217.21160500786135,220.17523193359375,4264400,0.0,0.0
2023-01-13 00:00:00-05:00,218.491607208949,220.3131000047475,216.74886883810228,219.62388610839844,4283200,0.0,0.0
2023-01-17 00:00:00-05:00,218.95434443731145,220.94321646064,218.94448886746582,219.56478881835938,6101100,0.0,0.0
2023-01-18 00:00:00-05:00,220.62815674998507,221.52414224162345,216.05963432810907,216.07933044433594,6558000,0.0,0.0
2023-01-19 00:00:00-05:00,214.74029614870716,218.10761113758792,214.14953280733053,217.01470947265625,4853100,0.0,0.0
2023-01-20 00:00:00-05:00,217.73343328171217,220.97274564329578,217.01468282283204,220.85459899902344,5211000,0.0,0.0
2023-01-23 00:00:00-05:00,221.14016688769493,222.71551075593393,219.7124913189583,220.72662353515625,5501500,0.0,0.0
2023-01-24 00:00:00-05:00,218.59991217002474,226.45698059443782,213.29294266052193,220.44110107421875,5274900,0.0,0.0
2023-01-25 00:00:00-05:00,218.20607447324778,221.5044757791545,217.76300945310396,221.435546875,4729600,0.0,0.0
2023-01-26 00:00:00-05:00,222.51858043220446,223.58194536278174,220.22447114082956,221.2484588623047,7043400,0.0,0.0
2023-01-27 00:00:00-05:00,224.4878054955375,229.25324477843006,223.74935876693374,227.87481689453125,11382600,0.0,0.0
2023-01-30 00:00:00-05:00,226.65389264858274,226.87050487152302,224.41885654300944,225.5708465576172,5677400,0.0,0.0
2023-01-31 00:00:00-05:00,225.28532965033614,227.24468041436313,224.93087461321915,226.6637725830078,11294200,0.0,0.0
2023-02-01 00:00:00-05:00,225.8366791237295,229.0760069342142,224.29087190458517,227.34310913085938,5792700,0.0,0.0
2023-02-02 00:00:00-05:00,230.3559719302652,230.69073079767844,224.85207161609975,226.02374267578125,7190000,0.0,0.0
2023-02-03 00:00:00-05:00,225.16714105303038,227.30371142591721,224.13331280196007,226.5849609375,5243600,0.0,0.0
2023-02-06 00:00:00-05:00,225.17698779369252,226.7129543695432,224.5271511581449,225.9055938720703,3402400,0.0,0.0
2023-02-07 00:00:00-05:00,224.50748446956268,228.55417283421963,224.43855556876318,227.75665283203125,4042600,0.0,0.0
2023-02-08 00:00:00-05:00,226.79174292712125,228.2883324195618,226.44714348739723,226.65390014648438,4978600,0.0,0.0
2023-02-09 00:00:00-05:00,229.2780228051011,229.34707165033538,226.04222562309306,226.25926208496094,5238400,0.45,0.0
2023-02-10 00:00:00-05:00,225.87455183994567,226.81174667153772,223.11228150486198,224.1382598876953,4509700,0.0,0.0
2023-02-13 00:00:00-05:00,223.82259085370046,226.73283391503642,223.22081055533636,225.79563903808594,4946700,0.0,0.0
2023-02-14 00:00:00-05:00,225.58843809801155,228.30137905982147,224.1086521188425,226.29873657226562,4829400,0.0,0.0
2023-02-15 00:00:00-05:00,224.5229890489315,225.98305537795548,223.74364172793682,225.83506774902344,4407300,0.0,0.0
2023-02-16 00:00:00-05:00,223.02349909629223,225.2826325462589,222.62888044459424,222.78672790527344,3865900,0.0,0.0
2023-02-17 00:00:00-05:00,221.1589576080099,221.7410182466104,218.75185153469965,220.5473175048828,4520200,0.0,0.0
2023-02-21 00:00:00-05:00,217.19313425544013,219.44240784163645,217.0254269765668,217.6469268798828,7276100,0.0,0.0
2023-02-22 00:00:00-05:00,217.43975168046077,218.76169018652936,216.49268204656673,217.0550079345703,4621800,0.0,0.0
2023-02-23 00:00:00-05:00,218.5742377337634,219.09709420813218,215.9796750020826,218.15003967285156,5533800,0.0,0.0
2023-02-24 00:00:00-05:00,215.53576642970688,217.2720583611239,214.5295227547216,216.5913543701172,4414400,0.0,0.0
2023-02-27 00:00:00-05:00,217.7554230568187,218.45586167116167,216.38415539496802,217.38055419921875,4255300,0.0,0.0
2023-02-28 00:00:00-05:00,217.03530903452952,218.7814609630113,216.54204696854194,216.9761199951172,5385400,0.0,0.0
2023-03-01 00:00:00-05:00,216.50257137593812,217.30165343589823,213.51338970054476,215.41738891601562,4792700,0.0,0.0
2023-03-02 00:00:00-05:00,214.95372460077377,216.64068734926025,214.16450235033074,216.1079559326172,5539300,0.0,0.0
2023-03-03 00:00:00-05:00,217.23258807653565,221.00111709112238,216.9366278573376,220.75448608398438,6055400,0.0,0.0
2023-03-06 00:00:00-05:00,220.9123307964636,224.35530526707691,220.67557465044376,223.6943359375,5737600,0.0,0.0
2023-03-07 00:00:00-05:00,223.69434049478352,224.31585549707341,220.0737988408947,220.16258239746094,4386800,0.0,0.0
2023-03-08 00:00:00-05:00,218.96887395825158,219.92578839063145,218.1993713883067,219.19577026367188,4194900,0.0,0.0
2023-03-09 00:00:00-05:00,218.41641858380177,221.3463962156837,216.69987637133602,217.04515075683594,5066700,0.0,0.0
2023-03-10 00:00:00-05:00,216.07837958082695,216.1671631400106,212.57621589911247,213.22732543945312,6638900,0.0,0.0
2023-03-13 00:00:00-04:00,211.73765091954263,214.9142594035335,209.63634998270427,211.57980346679688,6810800,0.0,0.0
2023-03-14 00:00:00-04:00,215.0622389149777,216.90703403728241,213.12864518941504,215.71334838867188,7985600,0.0,0.0
2023-03-15 00:00:00-04:00,211.5206447456657,213.98695509887807,210.79061146197589,213.4542236328125,8372200,0.0,0.0
2023-03-16 00:00:00-04:00,212.27037967317642,214.647906264816,205.9467568510297,214.5196533203125,13674600,0.0,0.0
2023-03-17 00:00:00-04:00,211.97441963520632,215.7133542467333,211.97441963520632,214.46046447753906,18801200,0.0,0.0
2023-03-20 00:00:00-04:00,214.07570849675707,217.57787171551607,213.917861043632,215.210205078125,9817400,0.0,0.0
2023-03-21 00:00:00-04:00,218.35724982304635,219.51148126199016,215.73309199442346,218.9590301513672,8971400,0.0,0.0
2023-03-22 00:00:00-04:00,219.50160867751077,221.8692604577109,216.95637473455605,217.0747528076172,6700600,0.0,0.0
2023-03-23 00:00:00-04:00,217.46935718773094,222.2145353112885,217.29177503664152,219.5903778076172,6427700,0.0,0.0
2023-03-24 00:00:00-04:00,217.69623973230642,218.347349156528,215.30885356332152,218.06124877929688,4791500,0.0,0.0
2023-03-27 00:00:00-04:00,219.59039518434113,221.0603215083169,218.40656927832646,218.82090759277344,7210900,0.0,0.0
2023-03-28 00:00:00-04:00,219.81729008072088,220.3204119134278,215.7034716570862,217.36083984375,6418400,0.0,0.0
2023-03-29 00:00:00-04:00,219.29441836387656,220.53744826639613,217.94288526990474,220.2908172607422,4483000,0.0,0.0
2023-03-30 00:00:00-04:00,220.90243929655475,221.21813418352662,218.2289678433802,219.36346435546875,5383900,0.0,0.0
2023-03-31 00:00:00-04:00,220.58677191540184,222.79657603631074,220.28093683144743,222.4217071533203,9509000,0.0,0.0
2023-04-03 00:00:00-04:00,222.1947866724062,226.0718336519704,221.09974447775258,225.9139862060547,6421500,0.0,0.0
2023-04-04 00:00:00-04:00,225.9140101633212,226.94986343889468,223.77325475548932,224.59207153320312,5254700,0.0,0.0
2023-04-05 00:00:00-04:00,223.72390137168512,225.39112926459575,223.49700507685827,225.0951690673828,4813600,0.0,0.0
2023-04-06 00:00:00-04:00,223.11227209343812,223.6745829474088,221.6522057309691,222.94456481933594,4285200,0.0,0.0
2023-04-10 00:00:00-04:00,222.52036049231776,223.42796080452652,221.29708031433142,223.37863159179688,4952200,0.0,0.0
2023-04-11 00:00:00-04:00,223.94095733557026,226.05211818145312,223.15173509203714,225.3714141845703,4513300,0.0,0.0
2023-04-12 00:00:00-04:00,226.83146212937322,228.46909562570153,224.26650869302915,224.7400360107422,4373000,0.0,0.0
2023-04-13 00:00:00-04:00,226.3678071583833,229.7022480937153,225.71669769557172,229.5542755126953,7615500,0.0,0.0
2023-04-14 00:00:00-04:00,229.85022976154215,231.82327774078936,229.11033676932445,230.86634826660156,9781300,0.0,0.0
2023-04-17 00:00:00-04:00,230.86633425711327,230.8959287707532,227.82783874707593,230.33360290527344,4865000,0.0,0.0
2023-04-18 00:00:00-04:00,230.60001422346417,231.1722000223555,228.5677769344288,230.45204162597656,4796200,0.0,0.0
2023-04-19 00:00:00-04:00,230.8466199457436,230.90580897824944,228.72559933075473,229.43589782714844,3833900,0.0,0.0
2023-04-20 00:00:00-04:00,229.32736170945196,231.5075711870217,228.38029210368742,231.4385223388672,4925700,0.0,0.0
2023-04-21 00:00:00-04:00,231.8331451274785,232.3954710454331,230.23498102914346,230.8959503173828,6771500,0.0,0.0
2023-04-24 00:00:00-04:00,231.07352837711116,231.98112871385865,228.3901817062218,229.6233367919922,9124100,0.0,0.0
2023-04-25 00:00:00-04:00,229.8798332172853,231.85288127326675,226.3382005163954,226.4960479736328,6076500,0.0,0.0
2023-04-26 00:00:00-04:00,228.10409075378462,229.63320603325963,223.66473255391915,225.07545471191406,8400400,0.0,0.0
2023-04-27 00:00:00-04:00,225.5884440911477,226.53551376636742,223.55620703427158,225.92385864257812,7128200,0.0,0.0
2023-04-28 00:00:00-04:00,225.56869987565148,230.422411058199,224.98665434570654,229.59371948242188,11627900,0.0,0.0
2023-05-01 00:00:00-04:00,229.73184297375818,231.42866548689645,228.39016970879214,229.37669372558594,4571100,0.0,0.0
2023-05-02 00:00:00-04:00,228.8242288853198,229.23856714100685,223.16159100443542,223.92120361328125,5244000,0.0,0.0
2023-05-03 00:00:00-04:00,223.92121639643184,225.5884443879544,222.87550335050125,222.9346923828125,4093300,0.0,0.0
2023-05-04 00:00:00-04:00,221.81004659920725,223.01360705118566,220.46837339305895,222.559814453125,5648700,0.0,0.0
2023-05-05 00:00:00-04:00,225.26287979147466,229.20897567312892,224.2270266119082,228.65652465820312,6237000,0.0,0.0
2023-05-08 00:00:00-04:00,228.13367456392078,230.30402434913984,228.13367456392078,229.1004638671875,2938400,0.0,0.0
2023-05-09 00:00:00-04:00,227.96596210696822,230.93539385463288,227.70947129242896,230.1165771484375,4352100,0.0,0.0
2023-05-10 00:00:00-04:00,231.14257840941642,231.64570023506425,225.81533972684315,228.15341186523438,5245000,0.0,0.0
2023-05-11 00:00:00-04:00,228.0842109179376,228.8453195501703,225.63286587526977,228.34120178222656,3818000,0.45,0.0
2023-05-12 00:00:00-04:00,229.3197874927788,230.04134984239042,227.16497948783928,228.7069549560547,3430300,0.0,0.0
2023-05-15 00:00:00-04:00,228.51914250200804,230.14019553314532,227.88653680894248,230.12042236328125,2843200,0.0,0.0
2023-05-16 00:00:00-04:00,229.87330056807212,230.40707055370726,226.97715723261987,227.8074493408203,4289700,0.0,0.0
2023-05-17 00:00:00-04:00,230.04134261085434,231.1879451320762,227.88653467365296,229.96226501464844,4990100,0.0,0.0
2023-05-18 00:00:00-04:00,229.71517245105863,231.44495542157117,228.45985509758,230.9013214111328,6621900,0.0,0.0
2023-05-19 00:00:00-04:00,231.29667033873451,231.63273880403992,229.26047129510778,230.61463928222656,5399100,0.0,0.0
2023-05-22 00:00:00-04:00,230.6146554925045,231.16818361132982,228.50925774964185,228.6081085205078,3987800,0.0,0.0
2023-05-23 00:00:00-04:00,226.62132456153003,226.8387841816801,221.07613441272184,221.98550415039062,8537200,0.0,0.0
2023-05-24 00:00:00-04:00,219.97894075899453,220.52258976856908,217.48804944035825,219.68240356445312,6730800,0.0,0.0
2023-05-25 00:00:00-04:00,219.88011354812977,222.0942410776525,217.94276515699352,220.79937744140625,6827600,0.0,0.0
2023-05-26 00:00:00-04:00,221.2342828383919,223.5966712918385,220.75981727302795,222.4105224609375,5067300,0.0,0.0
2023-05-30 00:00:00-04:00,222.41053048190906,222.86522289448692,217.21130290465686,219.0794677734375,6916000,0.0,0.0
2023-05-31 00:00:00-04:00,217.41888590126456,218.97074039899417,213.6430097818993,218.4765167236328,20460600,0.0,0.0
2023-06-01 00:00:00-04:00,220.15685044801393,224.09088133880763,219.8603132582921,223.88330078125,7003600,0.0,0.0
2023-06-02 00:00:00-04:00,226.16663901511558,227.60977880331598,224.79269778202175,226.14686584472656,5895500,0.0,0.0
2023-06-05 00:00:00-04:00,225.27703688385415,225.69218295676157,222.70706776679728,224.15020751953125,4858900,0.0,0.0
2023-06-06 00:00:00-04:00,224.07111195622258,226.60153453058194,223.5472361146173,225.58343505859375,6020100,0.0,0.0
2023-06-07 00:00:00-04:00,224.37753584142294,224.92118486987528,218.46662524368085,222.6675262451172,8517200,0.0,0.0
2023-06-08 00:00:00-04:00,222.48960092068802,222.539026302586,219.84056937505747,220.47317504882812,6248200,0.0,0.0
2023-06-09 00:00:00-04:00,221.05635725830686,222.57855948940974,220.18651879338574,220.97727966308594,6385000,0.0,0.0
2023-06-12 00:00:00-04:00,221.81746705001606,223.83389294968475,221.0464793458037,223.55712890625,8621100,0.0,0.0
2023-06-13 00:00:00-04:00,223.0134919526535,224.5258152300167,220.0580439537917,220.8191375732422,6868700,0.0,0.0
2023-06-14 00:00:00-04:00,221.1552103102212,222.86521996234566,220.00860779142283,220.85867309570312,9160700,0.0,0.0
2023-06-15 00:00:00-04:00,219.45507855479937,224.4862718017134,218.81257874628295,223.55712890625,12534000,0.0,0.0
2023-06-16 00:00:00-04:00,223.83388544629145,227.14518989550317,223.4681647759787,226.26547241210938,13628500,0.0,0.0
2023-06-20 00:00:00-04:00,224.3775440916139,226.91786097137455,223.5670100407534,223.85366821289062,12312300,0.0,0.0
2023-06-21 00:00:00-04:00,223.50771395475232,225.98872650045047,222.38088455889067,224.62466430664062,7032100,0.0,0.0
2023-06-22 00:00:00-04:00,223.7449483967822,226.28525030749623,222.89488305102557,225.75149536132812,6275500,0.0,0.0
2023-06-23 00:00:00-04:00,224.5950024699128,227.3231116581425,223.7745893799811,226.89808654785156,5422500,0.0,0.0
2023-06-26 00:00:00-04:00,226.7893470343974,227.44172586100728,223.58677240763765,223.6856231689453,5165400,0.0,0.0
2023-06-27 00:00:00-04:00,224.8519898081563,225.96894009462304,223.90308883696198,224.71360778808594,4628500,0.0,0.0
2023-06-28 00:00:00-04:00,224.87175415223993,225.42528221079795,223.408856414264,225.32644653320312,5324500,0.0,0.0
2023-06-29 00:00:00-04:00,226.14684868834397,231.9885757880563,225.95905637267953,231.61297607421875,7118900,0.0,0.0
2023-06-30 00:00:00-04:00,233.54043746143338,235.52721101682818,233.22412709982385,234.7364501953125,6879100,0.0,0.0
2023-07-03 00:00:00-04:00,234.26199963297344,235.64581975813965,232.69037211599723,235.22079467773438,3087400,0.0,0.0
2023-07-05 00:00:00-04:00,231.70193285648983,237.22734958749652,231.28678680461277,236.68370056152344,7601200,0.0,0.0
2023-07-06 00:00:00-04:00,235.5173316054995,236.83196826417952,233.95558313313916,236.1202850341797,6441800,0.0,0.0
2023-07-07 00:00:00-04:00,233.99514785336697,235.685399536986,233.40208846521895,233.7183837890625,5729200,0.0,0.0
2023-07-10 00:00:00-04:00,234.27189165560927,236.33775799747016,233.7677889569065,235.4086151123047,4858900,0.0,0.0
2023-07-11 00:00:00-04:00,236.05109239776377,237.91925715266754,235.36906136172598,237.77099609375,3857100,0.0,0.0
2023-07-12 00:00:00-04:00,238.75945585842842,241.13172342021096,238.44314547285245,239.41183471679688,6116000,0.0,0.0
2023-07-13 00:00:00-04:00,240.97356548068097,241.44803105363675,240.3409597992491,240.49911499023438,5819600,0.0,0.0
2023-07-14 00:00:00-04:00,241.9026997307914,241.91259385644267,239.1647116119265,240.35084533691406,4940600,0.0,0.0
2023-07-17 00:00:00-04:00,240.30142618904765,242.53531168042454,240.19269638162393,241.1712646484375,4328100,0.0,0.0
2023-07-18 00:00:00-04:00,240.2915638167386,240.37062633443293,234.93416575109052,237.9884796142578,7674700,0.0,0.0
2023-07-19 00:00:00-04:00,238.46293194075656,239.78744781857324,237.34598156785358,238.63096618652344,4835500,0.0,0.0
2023-07-20 00:00:00-04:00,238.37394759084177,238.81874584647048,236.3080964134159,236.8517303466797,4695000,0.0,0.0
2023-07-21 00:00:00-04:00,236.97036756907931,237.5733210417591,235.9720261161534,236.48602294921875,5426800,0.0,0.0
2023-07-24 00:00:00-04:00,236.91104968536231,238.49257145217757,235.43827281105632,237.9588165283203,6010000,0.0,0.0
2023-07-25 00:00:00-04:00,237.2471318732376,238.01811958242348,235.80399213815343,235.9324951171875,4997500,0.0,0.0
2023-07-26 00:00:00-04:00,228.74649652012698,236.09066857784578,225.04969779790613,234.3608856201172,7551400,0.0,0.0
2023-07-27 00:00:00-04:00,234.67716676443956,235.90284690154837,230.2687000533643,231.73159790039062,8160100,0.0,0.0
2023-07-28 00:00:00-04:00,231.86997717059754,233.15496171991936,231.0100328173441,233.02645874023438,6794800,0.0,0.0
2023-07-31 00:00:00-04:00,233.27357187057942,235.66561261969017,233.27357187057942,234.98358154296875,4799600,0.0,0.0
2023-08-01 00:00:00-04:00,234.40040256906158,237.94892491446458,234.2620205441924,237.00990295410156,4627300,0.0,0.0
2023-08-02 00:00:00-04:00,235.87318234207973,236.03132244624442,234.05442786035266,234.81553649902344,4868200,0.0,0.0
2023-08-03 00:00:00-04:00,233.27356927280135,236.28833663795595,232.532233777231,236.00167846679688,5033800,0.0,0.0
2023-08-04 00:00:00-04:00,235.2504661308075,239.11529883704446,235.0923109371358,236.22903442382812,5167700,0.0,0.0
2023-08-07 00:00:00-04:00,236.45637191450155,239.3821675703588,236.4464928708871,238.71990966796875,5649800,0.0,0.0
2023-08-08 00:00:00-04:00,237.64249346672278,238.5716363239805,234.64749941216314,236.52554321289062,5080600,0.0,0.0
2023-08-09 00:00:00-04:00,237.72156871505223,239.17458741026465,236.72324240087914,236.9901123046875,4055000,0.0,0.0
2023-08-10 00:00:00-04:00,238.28741093335162,241.58513153358226,237.76254999295062,237.83187866210938,4778000,0.45,0.0
2023-08-11 00:00:00-04:00,237.67343762206983,238.38645914380567,236.1087523444201,237.71304321289062,3606800,0.0,0.0
2023-08-14 00:00:00-04:00,238.38647392327704,240.9711733220979,237.93092649080884,240.5453338623047,4351100,0.0,0.0
2023-08-15 00:00:00-04:00,239.6639563227054,240.3175619275935,237.0297537732968,237.50509643554688,3770100,0.0,0.0
2023-08-16 00:00:00-04:00,234.2370673882177,238.73306490636858,233.73201678879326,236.97030639648438,3218600,0.0,0.0
2023-08-17 00:00:00-04:00,237.6734489222359,238.04977005184148,234.19748017166174,235.06893920898438,4177600,0.0,0.0
2023-08-18 00:00:00-04:00,233.29630174560515,236.7326649578923,233.0190172596746,235.86119079589844,4344800,0.0,0.0
2023-08-21 00:00:00-04:00,237.05947609226314,238.19832204868857,235.45516995491036,237.13870239257812,3573600,0.0,0.0
2023-08-22 00:00:00-04:00,237.67344860419857,239.08957898224722,236.35633976321245,238.23793029785156,3848700,0.0,0.0
2023-08-23 00:00:00-04:00,238.98064573056809,240.18880512105218,238.38645609975225,239.95114135742188,4947700,0.0,0.0
2023-08-24 00:00:00-04:00,239.90162425147696,241.1989226707633,237.0396405665959,237.14857482910156,4570700,0.0,0.0
2023-08-25 00:00:00-04:00,239.04006980594986,241.050389799707,237.88141358621326,240.21853637695312,3541500,0.0,0.0
2023-08-28 00:00:00-04:00,240.65425043801847,242.85273091954767,240.24823647102275,241.46630859375,3741500,0.0,0.0
2023-08-29 00:00:00-04:00,241.13951051217015,243.44692530080667,241.04047386802236,242.961669921875,3975600,0.0,0.0
2023-08-30 00:00:00-04:00,244.03119338746774,245.82364476127714,243.6647850169389,243.84303283691406,4573300,0.0,0.0
2023-08-31 00:00:00-04:00,243.2092464481075,245.6156978811563,243.07060421280755,243.29837036132812,5532600,0.0,0.0
2023-09-01 00:00:00-04:00,245.0710234991492,246.45744583483264,244.3778123313075,245.70481872558594,4111800,0.0,0.0
2023-09-05 00:00:00-04:00,245.94250064680176,246.27920105951173,242.8230276865903,242.961669921875,4459600,0.0,0.0
2023-09-06 00:00:00-04:00,243.04089554059496,244.26888041461646,241.84263374843158,243.7737274169922,4520300,0.0,0.0
2023-09-07 00:00:00-04:00,243.12013088946566,245.00170630617632,242.7339121413673,244.74423217773438,4007900,0.0,0.0
2023-09-08 00:00:00-04:00,245.38791422468455,245.73452736498368,244.051010206824,244.89276123046875,3309100,0.0,0.0
2023-09-11 00:00:00-04:00,244.9323748117533,245.9523887413158,243.8826529122711,244.8234405517578,2995800,0.0,0.0
2023-09-12 00:00:00-04:00,244.54616867510882,245.3582117461475,243.6251762275989,244.90267944335938,3499600,0.0,0.0
2023-09-13 00:00:00-04:00,244.75412007798067,247.63591414365885,244.21936149064763,245.4275360107422,5657000,0.0,0.0
2023-09-14 00:00:00-04:00,242.624976116678,243.1597347213765,236.43556346064028,239.15890502929688,12000000,0.0,0.0
2023-09-15 00:00:00-04:00,239.55501869682772,241.73370401591106,237.70315128647746,238.7330780029297,13051300,0.0,0.0
2023-09-18 00:00:00-04:00,238.60432952236505,242.85273560404963,238.43597931604725,242.28826904296875,4771600,0.0,0.0
2023-09-19 00:00:00-04:00,242.62497190192576,242.74380378737877,239.1192952832279,241.1989288330078,4709000,0.0,0.0
2023-09-20 00:00:00-04:00,241.26825723979772,242.15952660144998,239.3272508179471,239.51541137695312,5756600,0.0,0.0
2023-09-21 00:00:00-04:00,238.435991484883,238.4458891054526,233.97961426744612,234.31631469726562,6881500,0.0,0.0
2023-09-22 00:00:00-04:00,234.45495674696744,235.48486838759007,232.60308927361058,232.8011474609375,5935500,0.0,0.0
2023-09-25 00:00:00-04:00,233.09823118957019,233.1873551029896,229.9589629818768,231.09780883789062,5921600,0.0,0.0
2023-09-26 00:00:00-04:00,229.68167897357975,230.4145109034164,227.37427913395675,227.4237823486328,6193200,0.0,0.0
2023-09-27 00:00:00-04:00,228.0278651937457,228.4437919206398,225.7105526678195,227.27523803710938,6006700,0.0,0.0
2023-09-28 00:00:00-04:00,228.4338830027977,230.28575038566623,227.44357700368164,229.41429138183594,4203900,0.0,0.0
2023-09-29 00:00:00-04:00,230.58285662587312,230.771017192762,227.4237779145183,227.78028869628906,6044200,0.0,0.0
2023-10-02 00:00:00-04:00,227.01775617159566,229.12709770678856,226.55231113597725,229.028076171875,5175200,0.0,0.0
2023-10-03 00:00:00-04:00,228.23584594133644,229.5034365286118,225.5719201395108,226.59193420410156,5585700,0.0,0.0
2023-10-04 00:00:00-04:00,227.25540832577437,229.4538887741251,226.6612338140581,228.97854614257812,5430900,0.0,0.0
2023-10-05 00:00:00-04:00,228.17639761877084,231.91975290176524,227.98823707048828,231.2166290283203,6126200,0.0,0.0
2023-10-06 00:00:00-04:00,230.90965296307513,234.2964977395344,230.49372624781213,232.7615203857422,6401000,0.0,0.0
2023-10-09 00:00:00-04:00,230.54325704156736,232.89027760138902,229.45391431585566,232.1673583984375,5372200,0.0,0.0
2023-10-10 00:00:00-04:00,232.62286426149473,235.91068730617835,232.00887940097635,234.306396484375,4644000,0.0,0.0
2023-10-11 00:00:00-04:00,235.24719193269596,236.19787722499336,232.61297436164597,233.3953094482422,4760900,0.0,0.0
2023-10-12 00:00:00-04:00,234.41533609698283,235.42543732073102,232.61297195307307,234.48464965820312,4472800,0.0,0.0
2023-10-13 00:00:00-04:00,234.0984221701507,236.33650817010638,233.9399695920469,235.3660125732422,4966800,0.0,0.0
2023-10-16 00:00:00-04:00,236.68313266673564,238.3765625659793,236.01962946377768,237.74276733398438,6227300,0.0,0.0
2023-10-17 00:00:00-04:00,237.3070437643067,239.13910089157582,235.98002217210896,238.86181640625,4527600,0.0,0.0
2023-10-18 00:00:00-04:00,237.63383614796035,238.49539753878736,234.69262609756478,235.16796875,9528300,0.0,0.0
2023-10-19 00:00:00-04:00,235.16798083057756,235.6136155345572,231.14734065235058,231.54345703125,5927400,0.0,0.0
2023-10-20 00:00:00-04:00,231.8603442320521,233.48444543691292,230.38478288003495,231.11761474609375,5748300,0.0,0.0
2023-10-23 00:00:00-04:00,229.11720276740922,232.18715749219157,229.03797647202902,229.28555297851562,5071700,0.0,0.0
2023-10-24 00:00:00-04:00,230.632356848949,234.2370699768785,230.632356848949,232.3752899169922,6844100,0.0,0.0
2023-10-25 00:00:00-04:00,229.99858684676312,236.1681894878626,229.0478863621437,234.5540008544922,10365300,0.0,0.0
2023-10-26 00:00:00-04:00,232.2961099270297,233.32602162577885,228.12691458294512,229.03799438476562,6414500,0.0,0.0
2023-10-27 00:00:00-04:00,228.92906091025372,229.14692946263338,225.81950033913827,227.0474853515625,5540900,0.0,0.0
2023-10-30 00:00:00-04:00,229.93915438049493,231.11762094757606,227.80008977692944,230.82052612304688,5170300,0.0,0.0
2023-10-31 00:00:00-04:00,231.30577119475927,233.4349229723676,230.73139192250858,232.82093811035156,4828400,0.0,0.0
2023-11-01 00:00:00-04:00,233.85084770633134,236.72272893267552,233.39530031805958,236.26719665527344,4996200,0.0,0.0
2023-11-02 00:00:00-04:00,237.58431880462834,240.89193725585938,236.88119488780148,240.89193725585938,6286700,0.0,0.0
2023-11-03 00:00:00-04:00,242.74379484594118,242.94186812889416,239.9115191636308,241.23854064941406,5029800,0.0,0.0
2023-11-06 00:00:00-05:00,241.6346740541873,242.40711155745802,240.2581492613462,241.12962341308594,5254100,0.0,0.0
2023-11-07 00:00:00-05:00,241.05039996051005,242.69431163491618,241.02069198779304,242.397216796875,4219700,0.0,0.0
2023-11-08 00:00:00-05:00,241.64297173226774,242.89340834210518,240.95820341865164,242.05978393554688,5117500,0.52,0.0
2023-11-09 00:00:00-05:00,242.47658847517116,242.62544456340865,239.1420758112868,239.80699157714844,4866600,0.0,0.0
2023-11-10 00:00:00-05:00,242.12924746271113,243.4094704468578,240.13450008232402,243.38961791992188,4094400,0.0,0.0
2023-11-13 00:00:00-05:00,243.14150916391102,243.81634363497167,242.25826102205764,242.8140106201172,4088500,0.0,0.0
2023-11-14 00:00:00-05:00,244.3026244747406,246.04926817738246,243.71710367671776,245.06678771972656,14092000,0.0,0.0
2023-11-15 00:00:00-05:00,244.9377788719451,246.356939241167,243.47892859237896,246.22792053222656,13258900,0.0,0.0
2023-11-16 00:00:00-05:00,246.70427036666374,247.55774728133122,245.39429134824422,246.68443298339844,7051600,0.0,0.0
2023-11-17 00:00:00-05:00,247.55774971236102,248.3417655072178,246.77374906054504,247.6669158935547,7238200,0.0,0.0
2023-11-20 00:00:00-05:00,247.71655224149535,249.0265313394274,243.73697605740097,248.07382202148438,8604200,0.0,0.0
2023-11-21 00:00:00-05:00,248.13334199637498,251.41823085060682,248.13334199637498,250.316650390625,7213700,0.0,0.0
2023-11-22 00:00:00-05:00,251.08082485265334,252.60913625403586,250.74340761563965,251.7953643798828,5701400,0.0,0.0
2023-11-24 00:00:00-05:00,252.26180549570546,252.76793136159975,251.57703717282183,252.3709716796875,1640900,0.0,0.0
2023-11-27 00:00:00-05:00,252.37096338667754,253.04579785236126,250.60446711704583,252.21217346191406,5478900,0.0,0.0
2023-11-28 00:00:00-05:00,251.9243866960128,252.22209888408784,249.70137311912544,251.0212860107422,5234900,0.0,0.0
2023-11-29 00:00:00-05:00,251.99383714429877,254.12753697432257,251.59687748166385,252.30148315429688,4955100,0.0,0.0
2023-11-30 00:00:00-05:00,252.3213354205084,254.82220855000574,251.24952616084937,254.73289489746094,6874700,0.0,0.0
2023-12-01 00:00:00-05:00,253.84965694875794,254.9611713050004,251.97399445496,254.50466918945312,3939400,0.0,0.0
2023-12-04 00:00:00-05:00,253.96875322143575,255.4375373235534,252.4205892992952,252.50990295410156,5247500,0.0,0.0
2023-12-05 00:00:00-05:00,252.26179193945535,252.88701779075737,250.22733960714152,252.67860412597656,4199100,0.0,0.0
2023-12-06 00:00:00-05:00,253.85959356692265,254.8817639921663,251.60680875407215,252.3610382080078,3874000,0.0,0.0
2023-12-07 00:00:00-05:00,252.95648710946833,254.197020160799,251.5770318011717,253.8794403076172,3589300,0.0,0.0
2023-12-08 00:00:00-05:00,253.06565676484206,254.0977761588095,251.94422371458157,253.800048828125,3732300,0.0,0.0
2023-12-11 00:00:00-05:00,253.06565306632552,255.6757075888219,253.06565306632552,254.57411193847656,6479300,0.0,0.0
2023-12-12 00:00:00-05:00,255.34822859819747,257.7498849187296,254.45506164087374,257.5910949707031,5946600,0.0,0.0
2023-12-13 00:00:00-05:00,257.18416973905767,260.48892644613454,256.7276676234968,260.3896789550781,4859900,0.0,0.0
2023-12-14 00:00:00-05:00,261.1935238301887,261.2530662657104,254.4550222068983,256.7673645019531,8168700,0.0,0.0
2023-12-15 00:00:00-05:00,252.57935975378263,256.4100795834733,252.51981731826544,256.0726623535156,13373600,0.0,0.0
2023-12-18 00:00:00-05:00,256.73760891623533,257.6208419543048,255.99329814081457,256.41009521484375,6041100,0.0,0.0
2023-12-19 00:00:00-05:00,256.64822477243274,258.3651122618092,255.2489473855646,258.01776123046875,8731200,0.0,0.0
2023-12-20 00:00:00-05:00,258.5239366146863,258.84151647342935,255.12986623229486,255.15963745117188,7240900,0.0,0.0
2023-12-21 00:00:00-05:00,255.55662811494912,258.0177963117175,255.09019216054827,257.57122802734375,6246700,0.0,0.0
2023-12-22 00:00:00-05:00,258.0277021159311,259.22851486490697,256.26120598211907,256.4696044921875,5111500,0.0,0.0
2023-12-26 00:00:00-05:00,256.56886594653963,257.76967876091413,256.56886594653963,257.194091796875,2085100,0.0,0.0
2023-12-27 00:00:00-05:00,257.2834307036569,257.79947528365966,256.3505587538216,256.9658508300781,4034700,0.0,0.0
2023-12-28 00:00:00-05:00,256.5787762215209,258.99033546331185,256.5787762215209,258.4246520996094,3020500,0.0,0.0
2023-12-29 00:00:00-05:00,258.59342392918256,259.4766569843024,257.7002570386522,258.3750915527344,4074600,0.0,0.0
2024-01-02 00:00:00-05:00,257.64068800004657,258.1170578153203,255.71543192609775,256.90631103515625,5471000,0.0,0.0
2024-01-03 00:00:00-05:00,256.58869388021725,256.89633987681776,254.91151136399898,256.0230407714844,4148300,0.0,0.0
2024-01-04 00:00:00-05:00,256.11238967588247,259.0598616346016,256.0429133997108,257.64068603515625,3843000,0.0,0.0
2024-01-05 00:00:00-05:00,258.80182081334254,259.4766553231044,256.7872208333206,257.7200927734375,3748400,0.0,0.0
2024-01-08 00:00:00-05:00,258.9605626262871,260.62781120625925,257.9780822641746,260.5484313964844,4659000,0.0,0.0
2024-01-09 00:00:00-05:00,260.01256073123517,261.6202671388383,259.1590989241699,261.33245849609375,7055800,0.0,0.0
2024-01-10 00:00:00-05:00,262.96002461063733,263.35698428297405,260.8660146384824,262.5531311035156,4355800,0.0,0.0
2024-01-11 00:00:00-05:00,263.4462752190634,264.170748516011,260.40949007275117,262.0271301269531,5599000,0.0,0.0
2024-01-12 00:00:00-05:00,263.11881645550625,263.5356135143706,261.7095747794404,262.1661071777344,4656100,0.0,0.0
2024-01-16 00:00:00-05:00,261.52101245531577,263.6447936516619,260.3599046533433,263.22796630859375,6196400,0.0,0.0
2024-01-17 00:00:00-05:00,262.41422508121605,265.0738883651024,262.38445386110106,264.6074523925781,5118700,0.0,0.0
2024-01-18 00:00:00-05:00,265.8479501367519,266.7411169582943,264.399033724646,266.1059875488281,6694300,0.0,0.0
2024-01-19 00:00:00-05:00,266.1456635914236,269.0931353169039,265.02423057027625,268.84503173828125,7224600,0.0,0.0
2024-01-22 00:00:00-05:00,270.17485026180935,270.2840315799026,268.3091065947307,269.14276123046875,5984300,0.0,0.0
2024-01-23 00:00:00-05:00,269.49007935392194,269.8076591847975,267.86253572132415,269.2023010253906,5883000,0.0,0.0
2024-01-24 00:00:00-05:00,270.5023900079667,270.79016836706177,269.02367201356407,269.58935546875,5021700,0.0,0.0
2024-01-25 00:00:00-05:00,269.88708642324485,270.71077698292265,268.74578572644384,270.54205322265625,6894900,0.0,0.0
2024-01-26 00:00:00-05:00,263.9227028264697,268.81529882542463,263.58528554579203,265.90753173828125,8586500,0.0,0.0
2024-01-29 00:00:00-05:00,264.9448522216313,272.9834142708412,264.6868148068854,271.5841064453125,6574500,0.0,0.0
2024-01-30 00:00:00-05:00,272.5070595626592,276.5263559525538,272.11009986992576,275.0476379394531,6549000,0.0,0.0
2024-01-31 00:00:00-05:00,275.01786929217155,277.86609372893247,271.1077541957012,271.1871643066406,6139300,0.0,0.0
2024-02-01 00:00:00-05:00,271.31618475789054,275.08734732738174,271.28638325153497,274.9483947753906,7065000,0.0,0.0
2024-02-02 00:00:00-05:00,275.50412346493886,276.38738674265636,273.5887711055434,275.077392578125,4848700,0.0,0.0
2024-02-05 00:00:00-05:00,275.2957031321105,275.89115773119215,273.042933718373,273.489501953125,4899100,0.0,0.0
2024-02-06 00:00:00-05:00,272.71546001925645,274.7796988937211,271.9513118482183,274.6606140136719,4400000,0.0,0.0
2024-02-07 00:00:00-05:00,277.26072656532216,277.41951649600514,274.9583179995425,277.2706604003906,4785900,0.0,0.0
2024-02-08 00:00:00-05:00,277.93680987348915,278.05611680291616,273.7012318234962,274.1983642578125,5833400,0.52,0.0
2024-02-09 00:00:00-05:00,273.42284350574926,275.5903336738722,272.5180588188598,274.8446350097656,4618300,0.0,0.0
2024-02-12 00:00:00-05:00,274.844617232986,275.0832614230031,272.6671748472259,273.492431640625,3676200,0.0,0.0
2024-02-13 00:00:00-05:00,272.1799968122569,276.405622333543,271.1956843416218,274.2281799316406,5493800,0.0,0.0
2024-02-14 00:00:00-05:00,274.88442503883164,276.0477283518508,273.1345090611471,275.9681701660156,4218400,0.0,0.0
2024-02-15 00:00:00-05:00,276.05764170273784,279.5077420980221,275.96816150340015,279.3685607910156,4834800,0.0,0.0
2024-02-16 00:00:00-05:00,279.348662593696,279.5077486215282,276.27638764117074,276.9624328613281,6630100,0.0,0.0
2024-02-20 00:00:00-05:00,272.9953002016135,275.25227043037546,271.77234354390606,273.57196044921875,6157200,0.0,0.0
2024-02-21 00:00:00-05:00,273.0549709443073,275.3815471402519,271.9612734994043,275.1727600097656,4771100,0.0,0.0
2024-02-22 00:00:00-05:00,277.57885251653744,282.4308698214426,277.3800177528043,282.1226501464844,5100200,0.0,0.0
2024-02-23 00:00:00-05:00,283.0871131306764,284.3100699224219,281.8741086978862,281.9735412597656,5107700,0.0,0.0
2024-02-26 00:00:00-05:00,281.41673578926356,283.71348519922356,281.0389102858839,282.5203552246094,3856900,0.0,0.0
2024-02-27 00:00:00-05:00,282.5402548369325,282.5402548369325,279.9253334353076,281.5459899902344,4145200,0.0,0.0
2024-02-28 00:00:00-05:00,280.4821285140544,284.48901476385987,280.4622237972328,283.99188232421875,4358800,0.0,0.0
2024-02-29 00:00:00-05:00,283.8626259886576,284.0217120121048,280.5616592728807,281.01904296875,6633700,0.0,0.0
2024-03-01 00:00:00-05:00,281.5758203500615,283.27600476390694,280.4920449517475,281.5360412597656,3955400,0.0,0.0
2024-03-04 00:00:00-05:00,281.188034663425,281.37694740887775,276.53488253265743,278.9211120605469,5920300,0.0,0.0
2024-03-05 00:00:00-05:00,278.6626204864301,279.3784924483931,276.08747796365486,277.7777404785156,6227900,0.0,0.0
2024-03-06 00:00:00-05:00,278.3941591859077,280.3826888943785,277.7081140090809,278.8216857910156,4535200,0.0,0.0
2024-03-07 00:00:00-05:00,279.2690923676292,279.55743764572395,274.5761614577561,276.66412353515625,5668500,0.0,0.0
2024-03-08 00:00:00-05:00,277.39991593608397,280.05461665436974,277.23087754697457,278.4339599609375,3928800,0.0,0.0
2024-03-11 00:00:00-04:00,277.8473083792128,279.1597148448686,276.3956599356389,278.950927734375,4614000,0.0,0.0
2024-03-12 00:00:00-04:00,279.6966399985409,282.8484728952828,278.6825007840253,282.29168701171875,7988700,0.0,0.0
2024-03-13 00:00:00-04:00,283.0274416459246,284.4591854866886,282.19226279590487,283.50469970703125,5783800,0.0,0.0
2024-03-14 00:00:00-04:00,287.30278900092,287.38234718807274,282.9180769677828,284.7674255371094,5484500,0.0,0.0
2024-03-15 00:00:00-04:00,281.9238025169994,283.9918905174025,281.0190481521997,281.416748046875,9845000,0.0,0.0
2024-03-18 00:00:00-04:00,282.24196637526626,284.5884472680711,281.62552700503335,283.4151916503906,4095600,0.0,0.0
2024-03-19 00:00:00-04:00,285.0159507114031,286.40791536046163,283.6140337047447,285.7019958496094,6595200,0.0,0.0
2024-03-20 00:00:00-04:00,285.990392893572,288.2075843757178,285.07565576290295,287.6209716796875,6105000,0.0,0.0
2024-03-21 00:00:00-04:00,288.30698152257537,289.29129402044737,286.2488459883382,288.7046813964844,5057600,0.0,0.0
2024-03-22 00:00:00-04:00,288.33680282322604,288.823982883896,281.26759439429674,281.6354675292969,8743000,0.0,0.0
2024-03-25 00:00:00-04:00,281.3869240612584,281.8741041613016,278.43395604205676,279.59722900390625,8519200,0.0,0.0
2024-03-26 00:00:00-04:00,282.5004763589937,282.5004763589937,276.81328020986075,278.99072265625,8752400,0.0,0.0
2024-03-27 00:00:00-04:00,278.6426953315935,279.6369600785394,275.3914605323991,277.41973876953125,5190700,0.0,0.0
2024-03-28 00:00:00-04:00,276.89281851046064,278.1953030842709,275.53068047086947,277.47943115234375,5844400,0.0,0.0
2024-04-01 00:00:00-04:00,278.75207853151426,279.2790680303945,275.2025760805404,276.68402099609375,5084000,0.0,0.0
2024-04-02 00:00:00-04:00,276.4055996971478,277.72795846008387,275.39146057841225,276.84307861328125,6912300,0.0,0.0
2024-04-03 00:00:00-04:00,278.871413692887,278.871413692887,274.9738821631244,275.37158203125,4536600,0.0,0.0
2024-04-04 00:00:00-04:00,276.76356936648597,277.4794413246568,271.9911098737188,272.4285888671875,4018600,0.0,0.0
2024-04-05 00:00:00-04:00,274.51655411811316,276.3658723293908,273.45268335740207,275.55059814453125,4388100,0.0,0.0
2024-04-08 00:00:00-04:00,274.665642675386,276.38573165057255,273.5719453600232,276.1669921875,5542400,0.0,0.0
2024-04-09 00:00:00-04:00,276.03774972468057,276.4056228571277,271.7524707329691,275.1329650878906,7314300,0.0,0.0
2024-04-10 00:00:00-04:00,273.8404647480266,275.23242960376234,272.54790211283336,272.9058532714844,5276000,0.0,0.0
2024-04-11 00:00:00-04:00,272.42854992128173,274.8943375008227,270.618980738132,274.0989074707031,8102300,0.0,0.0
2024-04-12 00:00:00-04:00,273.9696671065896,275.41136327519666,272.48822219064755,274.3773193359375,9037900,0.0,0.0
2024-04-15 00:00:00-04:00,276.29628892699543,276.31616330176865,268.78957069109896,269.72418212890625,10267500,0.0,0.0
2024-04-16 00:00:00-04:00,268.98841013849966,272.5578171645658,268.6205370136833,269.79376220703125,8237100,0.0,0.0
2024-04-17 00:00:00-04:00,271.732585658782,272.4285832274076,269.94292097168307,271.1260986328125,5940900,0.0,0.0
2024-04-18 00:00:00-04:00,271.0067896788438,271.5834499671476,268.3123099670863,269.81365966796875,8231800,0.0,0.0
2024-04-19 00:00:00-04:00,269.9130982230181,270.44005741530884,266.75134306927345,268.2327880859375,7826200,0.0,0.0
2024-04-22 00:00:00-04:00,269.3960978285221,272.1899798845761,267.8151898713062,270.7681579589844,6463700,0.0,0.0
2024-04-23 00:00:00-04:00,272.43850062860236,273.31345848515787,271.1459382159443,272.53790283203125,6438000,0.0,0.0
2024-04-24 00:00:00-04:00,280.9494366139105,281.37696323342976,272.9157593290538,273.4427185058594,8807200,0.0,0.0
2024-04-25 00:00:00-04:00,271.40449708973676,274.63585808763804,268.9387091587868,273.5819396972656,8064600,0.0,0.0
2024-04-26 00:00:00-04:00,273.4327670160437,275.1826523969228,272.2595115146228,272.945556640625,6840600,0.0,0.0
2024-04-29 00:00:00-04:00,270.758202860779,272.89586615365886,269.5352462097801,270.28094482421875,4128600,0.0,0.0
2024-04-30 00:00:00-04:00,268.978459807733,270.5195581375106,267.039631276996,267.0694580078125,6376400,0.0,0.0
2024-05-01 00:00:00-04:00,266.61212225395127,269.35630304009356,265.1803783953167,265.7868957519531,6119900,0.0,0.0
2024-05-02 00:00:00-04:00,267.80526745732436,267.9245743952259,265.1207399843079,266.0752258300781,5061700,0.0,0.0
2024-05-03 00:00:00-04:00,267.4572495874006,267.9046809151825,264.971587416514,266.9501647949219,3862000,0.0,0.0
2024-05-06 00:00:00-04:00,268.1035321829937,271.2155862672753,268.0240043393556,271.1062316894531,3958700,0.0,0.0
2024-05-07 00:00:00-04:00,272.15017471661497,276.2863201148899,271.2652644397174,274.87445068359375,6377100,0.0,0.0
2024-05-08 00:00:00-04:00,276.20676776583315,276.9524664156789,273.3433104381724,275.60028076171875,9029700,0.0,0.0
2024-05-09 00:00:00-04:00,275.2124939560303,277.1911016089284,274.81479409088075,276.9425354003906,8948800,0.0,0.0
2024-05-10 00:00:00-04:00,277.94673569280957,279.41825864184307,277.63851600672007,279.1299133300781,8986400,0.0,0.0
2024-05-13 00:00:00-04:00,279.845763779327,280.5318089228186,277.4993134017733,277.78765869140625,10528400,0.0,0.0
2024-05-14 00:00:00-04:00,277.8373877211266,278.38422128232725,272.6970248071016,276.1471252441406,18526100,0.0,0.0
2024-05-15 00:00:00-04:00,275.56053090318176,280.1142814664756,275.48100305615293,279.8855895996094,21288400,0.0,0.0
2024-05-16 00:00:00-04:00,280.6425932875068,281.28011503417144,278.1722725159565,278.75,10341500,0.52,0.0
2024-05-17 00:00:00-04:00,278.9591791988007,279.81584526347046,277.0167927847557,279.0090026855469,6177800,0.0,0.0
2024-05-20 00:00:00-04:00,278.1324221875959,279.17832021370106,277.0964645397543,277.455078125,5460900,0.0,0.0
2024-05-21 00:00:00-04:00,276.9171861677245,277.345504016106,273.8093434745281,274.87518310546875,6578200,0.0,0.0
2024-05-22 00:00:00-04:00,274.45679870830577,276.9968541995558,274.0483920264208,274.506591796875,4202500,0.0,0.0
2024-05-23 00:00:00-04:00,274.16794117008345,276.3593844150755,271.96655754582775,273.1618957519531,6115900,0.0,0.0
2024-05-24 00:00:00-04:00,273.93880085499677,274.1678855122539,272.28526317831114,273.4208068847656,4339700,0.0,0.0
2024-05-28 00:00:00-04:00,273.16187111361575,273.39095579671584,269.177451317531,269.9245300292969,6212100,0.0,0.0
2024-05-29 00:00:00-04:00,267.95224394903795,270.0839232320589,267.2151359795169,267.8127746582031,5469700,0.0,0.0
2024-05-30 00:00:00-04:00,267.6534071136559,270.5819580426322,267.2649115991931,270.2432556152344,4903100,0.0,0.0
2024-05-31 00:00:00-04:00,270.38272658338076,271.6975923961651,267.9621988816939,271.39874267578125,8910000,0.0,0.0
2024-06-03 00:00:00-04:00,272.02630980778997,272.0661625192837,267.0159028920535,269.3268737792969,4838800,0.0,0.0
2024-06-04 00:00:00-04:00,268.5797759819689,271.92667394096117,268.26101511005254,271.3589172363281,4188500,0.0,0.0
2024-06-05 00:00:00-04:00,272.4645936051129,273.8591344955365,270.9604653597034,273.4308166503906,5368700,0.0,0.0
2024-06-06 00:00:00-04:00,273.7296113597602,276.07046392884047,273.0124146236741,275.9609069824219,4862400,0.0,0.0
2024-06-07 00:00:00-04:00,276.6282816235962,279.238071582295,275.78158638388555,277.5845642089844,4515600,0.0,0.0
2024-06-10 00:00:00-04:00,277.05662010786676,277.4749671254221,272.3151512508545,273.96868896484375,5213800,0.0,0.0
2024-06-11 00:00:00-04:00,273.4706601847281,273.789390664193,271.1596894160225,273.60015869140625,6244600,0.0,0.0
2024-06-12 00:00:00-04:00,275.691948352212,276.51873246085086,268.84871240102643,269.26708984375,7536600,0.0,0.0
2024-06-13 00:00:00-04:00,269.26709108731063,270.8010707873921,268.27098616058817,270.1336975097656,7361200,0.0,0.0
2024-06-14 00:00:00-04:00,269.04795757634497,270.49229153878457,268.2211734307336,269.60577392578125,8537300,0.0,0.0
2024-06-17 00:00:00-04:00,267.9522085994585,270.77117199107704,267.9522085994585,270.11376953125,9258200,0.0,0.0
2024-06-18 00:00:00-04:00,270.2432589720597,272.8331379045184,270.2432589720597,272.5542297363281,6707500,0.0,0.0
2024-06-20 00:00:00-04:00,272.12592479210224,276.95704007586744,272.03627899080084,275.7417907714844,10164400,0.0,0.0
2024-06-21 00:00:00-04:00,276.09042709918396,276.4589810732074,273.5104884835979,274.14801025390625,14790200,0.0,0.0
2024-06-24 00:00:00-04:00,274.24762200500925,279.29788139490375,274.1977985183055,275.2237854003906,24149600,0.0,0.0
2024-06-25 00:00:00-04:00,275.77164461920455,276.84742452397,272.4645690917969,272.4645690917969,19897700,0.0,0.0
2024-06-26 00:00:00-04:00,271.8470173980441,273.3909679783373,270.6915319578487,272.5343322753906,12172000,0.0,0.0
2024-06-27 00:00:00-04:00,267.46417077120486,269.5360558538201,265.4619899375213,265.5516357421875,10529100,0.0,0.0
2024-06-28 00:00:00-04:00,266.15924961884303,267.55379044195695,260.2324131222214,261.4476623535156,13957300,0.0,0.0
2024-07-01 00:00:00-04:00,262.76253661322403,264.73480498412704,260.28221458506295,262.21466064453125,7955800,0.0,0.0
2024-07-02 00:00:00-04:00,262.21465732727586,267.18524169921875,261.37793281706735,267.18524169921875,8697800,0.0,0.0
2024-07-03 00:00:00-04:00,268.0219661614563,268.69931023168806,267.1055362321287,267.9422607421875,5017800,0.0,0.0
2024-07-05 00:00:00-04:00,267.95222716475473,269.4961776525025,267.195177687557,269.3069152832031,7986400,0.0,0.0
2024-07-08 00:00:00-04:00,269.1973450909255,270.3827123356185,264.934017400346,265.3623352050781,8561100,0.0,0.0
2024-07-09 00:00:00-04:00,265.9600186848883,266.50786424179626,262.8920288485251,264.4060974121094,6431300,0.0,0.0
2024-07-10 00:00:00-04:00,258.11069410246137,262.45372722799334,257.5030847112489,261.9755859375,9635500,0.0,0.0
2024-07-11 00:00:00-04:00,261.10896622345797,262.6031234814578,259.74430745827794,261.5273132324219,8803600,0.0,0.0
2024-07-12 00:00:00-04:00,263.31035429922025,266.35843273029565,262.63301029202745,264.70489501953125,6627800,0.0,0.0
2024-07-15 00:00:00-04:00,264.63521785740704,268.1912894583452,264.21684039915556,267.4043884277344,6845200,0.0,0.0
2024-07-16 00:00:00-04:00,267.47409585540635,269.15751568820525,266.32858121855844,268.2012634277344,7869900,0.0,0.0
2024-07-17 00:00:00-04:00,267.3944308377962,271.8470214404768,267.19519767666776,271.6378479003906,5324700,0.0,0.0
2024-07-18 00:00:00-04:00,271.2294383369119,272.55424460842715,267.5139557519335,268.1016540527344,5550800,0.0,0.0
2024-07-19 00:00:00-04:00,269.26711150898154,269.8946625242048,263.2805107177584,264.426025390625,6839900,0.0,0.0
2024-07-22 00:00:00-04:00,266.1891254276041,267.3545511463332,263.98771169452135,266.667236328125,5313600,0.0,0.0
2024-07-23 00:00:00-04:00,266.48795429193893,266.6573055077496,262.8322357742272,263.7586364746094,8109200,0.0,0.0
2024-07-24 00:00:00-04:00,255.07260119559677,256.19820465003716,252.14405021812362,253.17999267578125,13065900,0.0,0.0
2024-07-25 00:00:00-04:00,254.39523021593365,257.2142089114317,251.7157055986878,252.7516632080078,8573300,0.0,0.0
2024-07-26 00:00:00-04:00,254.59445020146183,260.18261455174866,254.59445020146183,258.4493713378906,7062200,0.0,0.0
2024-07-29 00:00:00-04:00,259.306041598334,261.68671656383566,257.57279835619636,260.5810546875,6068100,0.0,0.0
2024-07-30 00:00:00-04:00,262.2046938083733,263.2705029078602,259.9933397984428,262.0751953125,5941800,0.0,0.0
2024-07-31 00:00:00-04:00,263.5096198975774,265.3225078579966,263.22074094176367,264.6352233886719,7642500,0.0,0.0
2024-08-01 00:00:00-04:00,265.2926314772025,265.96003520314565,263.15101180530917,264.8941955566406,7269700,0.0,0.0
2024-08-02 00:00:00-04:00,262.8023375520071,266.91625557704185,261.8560561536585,265.5416259765625,7017900,0.0,0.0
2024-08-05 00:00:00-04:00,260.4316422026373,261.89591764372796,253.51865646085037,255.44114685058594,9631300,0.0,0.0
2024-08-06 00:00:00-04:00,255.50093481201665,259.4753840703934,254.77378241125638,257.25408935546875,21586800,0.0,0.0
2024-08-07 00:00:00-04:00,258.64861234982857,261.0093761936668,255.31165472132412,255.5208282470703,12908600,0.0,0.0
2024-08-08 00:00:00-04:00,257.1245719770406,259.43554272410336,256.9153984521328,258.81793212890625,8223700,0.0,0.0
2024-08-09 00:00:00-04:00,258.67821308138235,261.0237293597333,258.51851304180786,259.26708984375,7228100,0.52,0.0
2024-08-12 00:00:00-04:00,260.00567843687634,261.1035971824782,258.74805965012615,259.3968505859375,26769400,0.0,0.0
2024-08-13 00:00:00-04:00,259.6363830566406,261.1834295979639,258.77799915073336,259.6363830566406,12005700,0.0,0.0
2024-08-14 00:00:00-04:00,260.3749630779729,261.0037724511151,258.2490001343654,260.64447021484375,8552300,0.0,0.0
2024-08-15 00:00:00-04:00,262.3412242999494,266.8826083769814,262.3412242999494,266.293701171875,7397800,0.0,0.0
2024-08-16 00:00:00-04:00,266.343626585118,267.9306057164828,264.88640563689006,266.87261962890625,5111100,0.0,0.0
2024-08-19 00:00:00-04:00,266.91256496014876,267.80086028291333,264.72671820390855,265.96435546875,6555900,0.0,0.0
2024-08-20 00:00:00-04:00,266.4933370601727,267.5313720703125,265.27565093087435,267.5313720703125,6803600,0.0,0.0
2024-08-21 00:00:00-04:00,268.0503727928765,268.75901695411994,266.8826100654425,267.6910705566406,6639700,0.0,0.0
2024-08-22 00:00:00-04:00,268.4296820648496,268.9886170140793,266.06418407263294,267.43157958984375,4425200,0.0,0.0
2024-08-23 00:00:00-04:00,268.190144487564,268.6991560320591,264.80656251109986,266.9325256347656,3697400,0.0,0.0
2024-08-26 00:00:00-04:00,267.2119893508819,269.8569547536107,267.1620964122089,267.7010498046875,4612200,0.0,0.0
2024-08-27 00:00:00-04:00,268.0104612351945,270.43587335909905,267.38168227235826,270.206298828125,6594100,0.0,0.0
2024-08-28 00:00:00-04:00,270.6454622509504,271.46391356499043,267.16209447001944,268.67919921875,5455100,0.0,0.0
2024-08-29 00:00:00-04:00,270.46581049552447,275.4662830136141,269.9368174200485,273.7994689941406,5565100,0.0,0.0
2024-08-30 00:00:00-04:00,274.4781551468338,276.46436914062093,273.73956913098675,275.8455505371094,6296100,0.0,0.0
2024-09-03 00:00:00-04:00,275.845548535555,281.55469533956983,275.845548535555,278.0114440917969,7278300,0.0,0.0
2024-09-04 00:00:00-04:00,278.18111209608026,281.115535596457,278.17115178462865,279.9577331542969,6107500,0.0,0.0
2024-09-05 00:00:00-04:00,280.4667665956174,280.9658177817306,276.8835827344847,278.0912780761719,6447400,0.0,0.0
2024-09-06 00:00:00-04:00,277.24290426890485,279.7481511446965,276.90355309388303,278.8398742675781,7187700,0.0,0.0
2024-09-09 00:00:00-04:00,281.55471405322066,286.4254588410394,281.11554654220953,285.0680236816406,10933900,0.0,0.0
2024-09-10 00:00:00-04:00,285.38743026548786,285.8565396420275,283.0319230707239,284.7985534667969,5314400,0.0,0.0
2024-09-11 00:00:00-04:00,284.4791286614715,284.6288683858261,277.77187946647575,283.421142578125,6281800,0.0,0.0
2024-09-12 00:00:00-04:00,283.46109572833035,285.45730062782565,280.9358977488556,284.8284912109375,4161200,0.0,0.0
2024-09-13 00:00:00-04:00,285.94636457884525,288.19209511824755,285.0081458278325,286.80474853515625,4987600,0.0,0.0
2024-09-16 00:00:00-04:00,287.5033904555752,290.3479884500342,287.1939811415477,289.9288024902344,4458900,0.0,0.0
2024-09-17 00:00:00-04:00,290.3479931205293,292.5138888132307,289.52954181105355,291.0067443847656,5135700,0.0,0.0
2024-09-18 00:00:00-04:00,291.2861960591502,291.46584717793013,287.58324474362706,287.9325866699219,5890000,0.0,0.0
2024-09-19 00:00:00-04:00,290.53763583940594,290.92691041196196,282.33323255758404,284.69873046875,10382100,0.0,0.0
2024-09-20 00:00:00-04:00,284.95823998753445,286.4553936126879,282.71250954980434,284.2296142578125,27810900,0.0,0.0
2024-09-23 00:00:00-04:00,284.3593729219371,288.3318315128134,284.07990546316034,288.0823059082031,6505600,0.0,0.0
2024-09-24 00:00:00-04:00,279.64834231162166,280.4667936461055,272.19251565360355,272.26239013671875,13690200,0.0,0.0
2024-09-25 00:00:00-04:00,273.66969154298397,273.729575248471,267.7210099404934,269.11834716796875,11671300,0.0,0.0
2024-09-26 00:00:00-04:00,269.98669420576005,272.7214849840779,269.4876430149916,271.1744384765625,9552500,0.0,0.0
2024-09-27 00:00:00-04:00,272.6416620448432,277.45252304325226,272.26237824982866,274.6478576660156,6509600,0.0,0.0
2024-09-30 00:00:00-04:00,274.4781766305621,275.16686976506327,272.6816043855754,274.42828369140625,5969900,0.0,0.0
2024-10-01 00:00:00-04:00,276.4444327795862,278.5304632146267,273.8393695838961,277.0732421875,5781600,0.0,0.0
2024-10-02 00:00:00-04:00,276.045188512021,277.11316539201925,274.847453446272,276.474365234375,4741600,0.0,0.0
2024-10-03 00:00:00-04:00,276.14501380458466,277.1630673217379,275.3165717269874,276.3346252441406,3036700,0.0,0.0
2024-10-04 00:00:00-04:00,276.8237019109604,277.9116298528536,274.5779715500705,277.402587890625,4259300,0.0,0.0
2024-10-07 00:00:00-04:00,277.07324517846416,277.09319626190876,272.7215026736678,273.2704772949219,4339300,0.0,0.0
2024-10-08 00:00:00-04:00,274.1887068172865,275.5760837994393,273.4900534002399,274.438232421875,4370900,0.0,0.0
2024-10-09 00:00:00-04:00,274.47818003575316,276.96344544607337,273.8992940037508,276.4045104980469,4115800,0.0,0.0
2024-10-10 00:00:00-04:00,276.25478833438837,277.14311411444106,274.8275091750923,276.9434814453125,4063900,0.0,0.0
2024-10-11 00:00:00-04:00,275.5162024734986,278.27094445940094,274.84746044516476,277.3127746582031,4746300,0.0,0.0
2024-10-14 00:00:00-04:00,278.5503994809747,280.8360624654025,277.46247153930693,280.1473693847656,3996600,0.0,0.0
2024-10-15 00:00:00-04:00,280.4667869347749,282.1036895645729,278.30089122772165,278.7600402832031,5807000,0.0,0.0
2024-10-16 00:00:00-04:00,278.09129033934744,287.0542610026667,277.8218136524432,286.9743957519531,9442700,0.0,0.0
2024-10-17 00:00:00-04:00,288.02243546228334,290.37794265762625,287.0642351654968,289.8389892578125,8815800,0.0,0.0
2024-10-18 00:00:00-04:00,289.36985856507795,290.48772836931244,287.53332336135816,290.0685119628906,5350900,0.0,0.0
2024-10-21 00:00:00-04:00,289.05047632434304,289.8888787292491,285.7866618106104,286.3056945800781,6313100,0.0,0.0
2024-10-22 00:00:00-04:00,284.50908919409,285.98629177521514,282.99198444620663,284.2496032714844,5736500,0.0,0.0
2024-10-23 00:00:00-04:00,285.49722995794866,285.5171810412322,282.99198309091537,283.2215576171875,5249300,0.0,0.0
2024-10-24 00:00:00-04:00,281.85414458250784,283.08179101081487,281.19539335918023,282.68255615234375,4679900,0.0,0.0
2024-10-25 00:00:00-04:00,283.4610855669615,284.5490135430266,280.24719457559723,281.1954040527344,4464600,0.0,0.0
2024-10-28 00:00:00-04:00,281.5048122289165,284.09988458670085,280.99577025275187,283.6507263183594,4306200,0.0,0.0
2024-10-29 00:00:00-04:00,283.730572305889,285.15788195778134,280.8161302112569,281.3451232910156,7534800,0.0,0.0
2024-10-30 00:00:00-04:00,291.7852615104698,295.218736315615,287.7828610083844,289.6094055175781,9606800,0.0,0.0
2024-10-31 00:00:00-04:00,291.5357274300748,295.7776626456325,289.0704132746463,289.29998779296875,7950200,0.0,0.0
2024-11-01 00:00:00-04:00,287.94256296859044,292.1146543142424,286.645041981359,290.18829345703125,5470700,0.0,0.0
2024-11-04 00:00:00-05:00,290.99675460506097,292.593724603228,290.2082756073202,291.29620361328125,4281600,0.0,0.0
2024-11-05 00:00:00-05:00,291.15644063375834,294.22062229164555,291.0266824490767,292.73345947265625,3753700,0.0,0.0
2024-11-06 00:00:00-05:00,305.7387436859937,308.4136508882313,302.2453851807872,306.8166809082031,10320500,0.0,0.0
2024-11-07 00:00:00-05:00,306.9164822771503,307.04624046027766,303.8423403447255,305.2196960449219,6237300,0.0,0.0
2024-11-08 00:00:00-05:00,306.3076762100653,310.55957194433074,305.10994108342544,307.2857971191406,6240600,0.0,0.0
2024-11-11 00:00:00-05:00,309.5015750258016,311.84712179915124,308.7130655871716,310.33001708984375,4674100,0.0,0.0
2024-11-12 00:00:00-05:00,309.0400085449219,310.54998779296875,308.1099853515625,309.8500061035156,4616400,0.59,0.0
2024-11-13 00:00:00-05:00,309.489990234375,310.95001220703125,307.8399963378906,309.4800109863281,4046400,0.0,0.0
2024-11-14 00:00:00-05:00,309.29998779296875,311.2900085449219,307.8299865722656,308.25,4415800,0.0,0.0
2024-11-15 00:00:00-05:00,307.55999755859375,310.7200012207031,306.6600036621094,309.6400146484375,5106300,0.0,0.0
2024-11-18 00:00:00-05:00,309.4800109863281,312.4100036621094,308.70001220703125,312.1600036621094,4585600,0.0,0.0
2024-11-19 00:00:00-05:00,310.0,312.2300109863281,308.510009765625,311.8500061035156,4885500,0.0,0.0
2024-11-20 00:00:00-05:00,311.8599853515625,312.2900085449219,306.2200012207031,307.3900146484375,6349900,0.0,0.0
2024-11-21 00:00:00-05:00,307.29998779296875,310.9200134277344,306.6499938964844,309.8999938964844,5757100,0.0,0.0
2024-11-22 00:00:00-05:00,307.9700012207031,311.5899963378906,307.8999938964844,309.9200134277344,5919200,0.0,0.0
2024-11-25 00:00:00-05:00,311.8599853515625,313.6600036621094,309.8599853515625,313.19000244140625,14189300,0.0,0.0
2024-11-26 00:00:00-05:00,314.20001220703125,314.5,311.5400085449219,311.82000732421875,7071500,0.0,0.0
2024-11-27 00:00:00-05:00,310.7699890136719,316.3699951171875,309.489990234375,314.70001220703125,5204300,0.0,0.0
