Date,Open,High,Low,Close,Volume,Dividends,Stock Splits
2022-01-03 00:00:00-05:00,11.368500449101422,11.725878843455801,11.368500449101422,11.658266067504883,553200,0.0,0.0
2022-01-04 00:00:00-05:00,11.706560639754773,11.928715324406193,11.619630585810409,11.90939712524414,399800,0.0,0.0
2022-01-05 00:00:00-05:00,11.88041948988093,12.03496138224648,11.648606651332605,11.667923927307129,494700,0.0,0.0
2022-01-06 00:00:00-05:00,11.716219743871036,11.91905622943892,11.648607889062554,11.658266067504883,535500,0.0,0.0
2022-01-07 00:00:00-05:00,11.658264828748697,11.890078588439362,11.638947552774173,11.667923927307129,473300,0.0,0.0
2022-01-10 00:00:00-05:00,11.677584816071038,12.073598706253351,11.629290237017528,12.015645027160645,542400,0.0,0.0
2022-01-11 00:00:00-05:00,11.986667192226225,12.208821860431382,11.928714441315222,12.06393814086914,704900,0.0,0.0
2022-01-12 00:00:00-05:00,12.07359830538432,12.218481116591951,11.513383417705882,11.590654373168945,647500,0.0,0.0
2022-01-13 00:00:00-05:00,11.590654435429945,11.725879068787911,11.407136145504984,11.619630813598633,503600,0.0,0.0
2022-01-14 00:00:00-05:00,11.513382034941579,11.716218498956948,11.513382034941579,11.667923927307129,310500,0.0,0.0
2022-01-18 00:00:00-05:00,11.648608219435118,11.658266398151367,11.358841671670993,11.397477149963379,669100,0.0,0.0
2022-01-19 00:00:00-05:00,11.32020604129354,11.42645337488457,11.156005030471297,11.213957786560059,592500,0.0,0.0
2022-01-20 00:00:00-05:00,11.213958184310412,11.397477401099826,10.962828030447636,10.982145309448242,525400,0.0,0.0
2022-01-21 00:00:00-05:00,10.91453236814694,11.049756071159933,10.663401318062252,10.673060417175293,674000,0.0,0.0
2022-01-24 00:00:00-05:00,10.56681406064757,11.127029934629906,10.537837679264147,11.0787353515625,662000,0.0,0.0
2022-01-25 00:00:00-05:00,10.98214496559238,11.040098643064606,10.731013898450145,10.837262153625488,541800,0.0,0.0
2022-01-26 00:00:00-05:00,10.914533710632945,11.030440150818723,10.518519809712576,10.566813468933105,360400,0.0,0.0
2022-01-27 00:00:00-05:00,10.58613000361143,10.682719149137403,10.344658060938853,10.40261173248291,520500,0.0,0.0
2022-01-28 00:00:00-05:00,10.402612748555805,10.431589126586914,10.122504383399429,10.431589126586914,446400,0.0,0.0
2022-01-31 00:00:00-05:00,10.344658354045029,10.673060352767473,10.306022878968411,10.644083976745605,539100,0.0,0.0
2022-02-01 00:00:00-05:00,10.59578959340285,10.740672397263342,10.402612214541396,10.731013298034668,474700,0.0,0.0
2022-02-02 00:00:00-05:00,10.731013006812969,10.837261253160172,10.489541059503694,10.615106582641602,500200,0.0,0.0
2022-02-03 00:00:00-05:00,10.566813072779805,10.57647217271879,10.257729243872049,10.267388343811035,352200,0.0,0.0
2022-02-04 00:00:00-05:00,10.209434442718358,10.383294553259448,10.074210731090798,10.306023597717285,501100,0.0,0.0
2022-02-07 00:00:00-05:00,10.808284576381915,10.808284576381915,10.18045784581342,10.219093322753906,373000,0.0,0.0
2022-02-08 00:00:00-05:00,10.199776608531499,10.518519541191,10.180458408422448,10.32534122467041,542700,0.0,0.0
2022-02-09 00:00:00-05:00,10.3929541698292,10.441248749730352,10.20943495043332,10.257729530334473,460700,0.0,0.0
2022-02-10 00:00:00-05:00,10.170797992881647,10.18045709168687,9.765125054485924,9.803760528564453,744300,0.0,0.0
2022-02-11 00:00:00-05:00,9.852055549621582,9.958303799027574,9.774784597949445,9.852055549621582,513100,0.0,0.0
2022-02-14 00:00:00-05:00,9.852056717041737,9.987281359062635,9.79410395699172,9.938986778259277,622500,0.0,0.0
2022-02-15 00:00:00-05:00,9.996939499507745,10.180457783567363,9.996939499507745,10.06455135345459,591000,0.0,0.0
2022-02-16 00:00:00-05:00,10.06455135345459,10.103186830158847,9.948644923341817,10.06455135345459,301000,0.0,0.0
2022-02-17 00:00:00-05:00,9.977621237587242,10.03557491284893,9.658878326504002,9.784443855285645,658800,0.0,0.0
2022-02-18 00:00:00-05:00,9.716831563196832,9.919668035744095,9.697513365267389,9.861714363098145,435000,0.0,0.0
2022-02-22 00:00:00-05:00,9.794102571727215,9.929326273479743,9.726489799708569,9.765125274658203,505900,0.0,0.0
2022-02-23 00:00:00-05:00,9.823079844764147,9.910009901625461,9.687855209519604,9.736149787902832,489900,0.0,0.0
2022-02-24 00:00:00-05:00,9.513996016939442,9.774785266380919,9.494677817129165,9.736149787902832,724600,0.0,0.0
2022-02-25 00:00:00-05:00,9.398088169704828,10.035574913024902,9.320817216782835,10.035574913024902,676500,0.0,0.0
2022-02-28 00:00:00-05:00,9.958303521795465,10.334999170424595,9.948644422819749,10.112845420837402,420400,0.0,0.0
2022-03-01 00:00:00-05:00,10.016257551971206,10.3929541698292,10.006598451762477,10.257729530334473,867500,0.0,0.0
2022-03-02 00:00:00-05:00,10.170798588541121,10.489541498641952,10.122504012828967,10.412270545959473,697200,0.0,0.0
2022-03-03 00:00:00-05:00,10.421929008902689,10.421929008902689,10.24806891541288,10.40261173248291,552300,0.0,0.0
2022-03-04 00:00:00-05:00,10.335000479351397,10.537836977818758,10.19011766093578,10.383295059204102,797400,0.0,0.0
2022-03-07 00:00:00-05:00,10.431590346233255,10.547496793051756,10.112847387196737,10.141823768615723,882400,0.0,0.0
2022-03-08 00:00:00-05:00,10.190118139360191,10.190118139360191,9.871375186966906,10.054893493652344,987900,0.0,0.0
2022-03-09 00:00:00-05:00,10.180458510291386,10.373635907602491,10.141823030829165,10.228753089904785,857700,0.0,0.0
2022-03-10 00:00:00-05:00,10.122504721090337,10.46056585358679,10.054892863048039,10.450906753540039,763500,0.0,0.0
2022-03-11 00:00:00-05:00,10.508859245813081,10.61510657090039,10.180457250452926,10.363975524902344,521600,0.0,0.0
2022-03-14 00:00:00-04:00,10.43158990035954,10.653743683647255,10.296365257613202,10.624767303466797,611300,0.0,0.0
2022-03-15 00:00:00-04:00,10.692377758433967,10.924191532826297,10.547494955438358,10.70203685760498,815200,0.0,0.0
2022-03-16 00:00:00-04:00,10.769648840838249,11.04009809406999,10.663401512088756,11.011120796203613,600800,0.0,0.0
2022-03-17 00:00:00-04:00,11.030439090934625,11.098050944260736,10.933849939489539,11.040098190307617,390400,0.0,0.0
2022-03-18 00:00:00-04:00,11.069075656925012,11.088392936430173,10.88555735648469,10.97248649597168,784700,0.0,0.0
2022-03-21 00:00:00-04:00,11.001463492681635,11.2332763671875,10.94350981348393,11.2332763671875,438500,0.0,0.0
2022-03-22 00:00:00-04:00,11.310547342740891,11.358841921956131,10.943509830304547,10.982145309448242,449500,0.0,0.0
2022-03-23 00:00:00-04:00,10.972486155946662,11.020780734926731,10.779308761168855,10.827603340148926,322500,0.0,0.0
2022-03-24 00:00:00-04:00,10.856580753031748,11.146347333366291,10.673062440800656,11.136688232421875,333800,0.0,0.0
2022-03-25 00:00:00-04:00,11.23327475461771,11.368499372572145,11.13668561020135,11.349181175231934,288000,0.0,0.0
2022-03-28 00:00:00-04:00,11.281570726961037,11.358841683627144,11.117369713759947,11.146346092224121,401500,0.0,0.0
2022-03-29 00:00:00-04:00,11.23327576087539,11.465088622869237,11.23327576087539,11.378158569335938,494000,0.0,0.0
2022-03-30 00:00:00-04:00,11.37815844275911,11.455429395897454,11.194640159341146,11.320205688476562,439200,0.0,0.0
2022-03-31 00:00:00-04:00,11.3202060455602,11.43611247892386,11.078734079100297,11.08839225769043,388200,0.0,0.0
2022-04-01 00:00:00-04:00,11.117369707843778,11.291228899678766,11.078734229531285,11.27191162109375,546300,0.0,0.0
2022-04-04 00:00:00-04:00,11.204300014290853,11.233276393386046,10.798627022388228,10.856579780578613,537700,0.0,0.0
2022-04-05 00:00:00-04:00,10.827603121364657,10.99180413389354,10.711696686839996,10.740673065185547,479600,0.0,0.0
2022-04-06 00:00:00-04:00,10.702037965927516,10.875898084441436,10.634426107013212,10.759991645812988,560700,0.0,0.0
2022-04-07 00:00:00-04:00,10.798628119487715,10.962829152946808,10.692379850106784,10.914534568786621,374000,0.0,0.0
2022-04-08 00:00:00-04:00,10.93384984417809,11.117369046095513,10.93384984417809,11.011120796203613,409900,0.0,0.0
2022-04-11 00:00:00-04:00,11.020780788591937,11.146346326094568,10.962828030447636,10.982145309448242,354700,0.0,0.0
2022-04-12 00:00:00-04:00,11.059417058220436,11.19464170545995,11.001464295933893,11.049757957458496,329600,0.0,0.0
2022-04-13 00:00:00-04:00,11.194640670426052,11.194640670426052,11.04009875709384,11.146346092224121,442700,0.0,0.0
2022-04-14 00:00:00-04:00,11.146345425872836,11.320205528549094,11.030438997802799,11.262251853942871,347100,0.0,0.0
2022-04-18 00:00:00-04:00,11.233277152359964,11.35884269844625,11.059417023757021,11.300889015197754,292300,0.0,0.0
2022-04-19 00:00:00-04:00,11.31054585615969,11.426452278356823,11.252592184489941,11.281569480895996,329600,0.0,0.0
2022-04-20 00:00:00-04:00,11.349182787759185,11.52304290395428,11.349182787759185,11.484407424926758,536400,0.0,0.0
2022-04-21 00:00:00-04:00,11.542358542922306,11.571334917790274,11.281569326825892,11.349181175231934,350900,0.0,0.0
2022-04-22 00:00:00-04:00,11.291228230674779,11.358841004572438,11.194640001187619,11.262251853942871,353700,0.0,0.0
2022-04-25 00:00:00-04:00,11.262252644452126,11.368500901830808,11.098051629541866,11.329864501953125,640900,0.0,0.0
2022-04-26 00:00:00-04:00,11.281569480895996,11.426452278356823,11.242934006830286,11.281569480895996,460300,0.0,0.0
2022-04-27 00:00:00-04:00,11.300889263906697,11.320207465795532,11.117370951675607,11.136688232421875,438100,0.0,0.0
2022-04-28 00:00:00-04:00,11.184981286234809,11.223616763585747,10.846920168557267,11.030439376831055,436700,0.0,0.0
2022-04-29 00:00:00-04:00,11.01112157219342,11.107710729603482,10.740673221044705,10.798626899719238,353400,0.0,0.0
2022-05-02 00:00:00-04:00,10.750332313824027,10.972486086119126,10.750332313824027,10.924192428588867,399300,0.0,0.0
2022-05-03 00:00:00-04:00,10.8855562173256,10.8855562173256,10.489541435773369,10.508859634399414,357900,0.0,0.0
2022-05-04 00:00:00-04:00,10.557155011769343,10.60544866971814,10.267388458364165,10.450906753540039,641200,0.0,0.0
2022-05-05 00:00:00-04:00,10.45090691831239,10.566813357273382,10.267388620243109,10.383295059204102,830900,0.0,0.0
2022-05-06 00:00:00-04:00,11.040098291665128,11.262252052429004,9.967962201122734,10.06455135345459,507900,0.0,0.0
2022-05-09 00:00:00-04:00,10.016257907628805,10.20943531295027,9.832739602859046,9.87137508392334,663300,0.0,0.0
2022-05-10 00:00:00-04:00,9.89069234916736,10.161141637357522,9.745809525677473,9.996940612792969,711700,0.0,0.0
2022-05-11 00:00:00-04:00,10.045233911542548,10.19977675114839,9.687855494810432,9.72649097442627,659000,0.0,0.0
2022-05-12 00:00:00-04:00,9.73615068238253,9.881033509700417,9.504337790216885,9.707174301147461,596200,0.0,0.0
2022-05-13 00:00:00-04:00,9.774785141432785,9.774785141432785,9.417406739793115,9.678196907043457,733800,0.0,0.0
2022-05-16 00:00:00-04:00,9.678197315763343,9.881032892889618,9.542972676536667,9.72649097442627,732900,0.0,0.0
2022-05-17 00:00:00-04:00,9.823078600100033,10.373634328938506,9.80376040273753,10.248068809509277,880200,0.0,0.0
2022-05-18 00:00:00-04:00,10.238412934869086,10.441249447087102,10.093529185489041,10.141823768615723,604300,0.0,0.0
2022-05-19 00:00:00-04:00,10.122505566908028,10.286706596853211,9.996940940378236,10.141823768615723,643700,0.0,0.0
2022-05-20 00:00:00-04:00,10.219093765258581,10.286705622546535,9.881032636533872,10.267388343811035,1434200,0.0,0.0
2022-05-23 00:00:00-04:00,10.28670580532487,10.392954064256624,9.938986491625228,9.94864559173584,642200,0.0,0.0
2022-05-24 00:00:00-04:00,9.94864547463396,10.335000263085918,9.726490780417226,10.296364784240723,816000,0.0,0.0
2022-05-25 00:00:00-04:00,10.296364979771175,10.663402496341906,10.238412220974082,10.63442611694336,690800,0.0,0.0
2022-05-26 00:00:00-04:00,10.663401766622775,10.798626396466439,10.334999752104181,10.344658851623535,415300,0.0,0.0
2022-05-27 00:00:00-04:00,10.402612090006917,10.673060417175293,10.402612090006917,10.673060417175293,434700,0.0,0.0
2022-05-31 00:00:00-04:00,10.624768049969388,10.702039016641395,10.441249734409016,10.537837982177734,675700,0.0,0.0
2022-06-01 00:00:00-04:00,10.518518344768939,10.52817652258242,10.209433626178123,10.363975524902344,693700,0.0,0.0
2022-06-02 00:00:00-04:00,10.354317729960695,10.595789685931797,10.21909310300561,10.508859634399414,520400,0.0,0.0
2022-06-03 00:00:00-04:00,10.450905384103537,10.489540858085455,10.25772801419395,10.40261173248291,531400,0.0,0.0
2022-06-06 00:00:00-04:00,10.431589405612806,10.586131320769038,10.277047490456576,10.54749584197998,477900,0.0,0.0
2022-06-07 00:00:00-04:00,10.528177764363267,10.605448722839355,10.421930426744265,10.605448722839355,400300,0.0,0.0
2022-06-08 00:00:00-04:00,10.576470681904512,10.644083450804528,10.277045995141371,10.44124698638916,325000,0.0,0.0
2022-06-09 00:00:00-04:00,10.39295326788016,10.412270545478679,10.267387739491324,10.286705017089844,316200,0.0,0.0
2022-06-10 00:00:00-04:00,10.209435591205189,10.22875379283511,9.987281799316406,9.987281799316406,289100,0.0,0.0
2022-06-13 00:00:00-04:00,9.668537425904686,9.900350284666603,9.668537425904686,9.784443855285645,523400,0.0,0.0
2022-06-14 00:00:00-04:00,9.823079899772491,9.948645435815049,9.71683256364839,9.890691757202148,510200,0.0,0.0
2022-06-15 00:00:00-04:00,10.064551127291162,10.11284570237185,9.813420073785514,9.852055549621582,704700,0.0,0.0
2022-06-16 00:00:00-04:00,9.84239741327378,9.871374713842528,9.533313576347084,9.72649097442627,660900,0.0,0.0
2022-06-17 00:00:00-04:00,9.813420015723864,10.103186543351162,9.678196311668884,10.074210166931152,1668700,0.0,0.0
2022-06-21 00:00:00-04:00,10.112845420837402,10.238410944094571,9.938985323844033,10.112845420837402,518100,0.0,0.0
2022-06-22 00:00:00-04:00,10.074209925365619,10.392952821769917,9.967961679135936,10.363975524902344,596100,0.0,0.0
2022-06-23 00:00:00-04:00,10.363975536365784,10.624765681608144,10.296363685884748,10.615106582641602,838300,0.0,0.0
2022-06-24 00:00:00-04:00,10.624766404074979,11.069074854181993,10.450906295424534,11.030439376831055,1305200,0.0,0.0
2022-06-27 00:00:00-04:00,11.059417131471056,11.242936362593237,10.808286036852573,11.204300880432129,617200,0.0,0.0
2022-06-28 00:00:00-04:00,11.242935242644995,11.43611263420746,11.223617042917517,11.27191162109375,640000,0.0,0.0
2022-06-29 00:00:00-04:00,11.242936500525328,11.3395247465418,11.078735469040506,11.136688232421875,629500,0.0,0.0
2022-06-30 00:00:00-04:00,11.069074753344141,11.416794046334912,11.049756554273438,11.378158569335938,634900,0.0,0.0
2022-07-01 00:00:00-04:00,11.310548008125082,11.658267340874193,11.242936145931722,11.648609161376953,598700,0.0,0.0
2022-07-05 00:00:00-04:00,11.580995214337738,11.580995214337738,11.223616816859618,11.436112403869629,710600,0.0,0.0
2022-07-06 00:00:00-04:00,11.407136249822091,11.532700863415497,11.184981558784026,11.397477149963379,388100,0.0,0.0
2022-07-07 00:00:00-04:00,11.49406487219972,11.532700348767996,11.368500264209642,11.445771217346191,353500,0.0,0.0
2022-07-08 00:00:00-04:00,11.397476264426109,11.590653640878946,11.281569838554406,11.552018165588379,436700,0.0,0.0
2022-07-11 00:00:00-04:00,11.48440743327346,11.580995670341228,11.281570937945922,11.358841896057129,297300,0.0,0.0
2022-07-12 00:00:00-04:00,11.358841671670993,11.532700863415497,11.358841671670993,11.397477149963379,313500,0.0,0.0
2022-07-13 00:00:00-04:00,11.32986449472778,11.532700988243896,11.30088811598047,11.455430030822754,245000,0.0,0.0
2022-07-14 00:00:00-04:00,11.368500106842228,11.561677487009565,11.339522808960323,11.513382911682129,296400,0.0,0.0
2022-07-15 00:00:00-04:00,11.590654146913138,11.890079784344397,11.426453139473807,11.880420684814453,484700,0.0,0.0
2022-07-18 00:00:00-04:00,11.91905674446237,11.977009502190231,11.716220250129904,11.7355375289917,418700,0.0,0.0
2022-07-19 00:00:00-04:00,11.832125024965048,12.41165804770599,11.812806827673922,12.199162483215332,606000,0.0,0.0
2022-07-20 00:00:00-04:00,12.199163998247167,12.459953246068743,12.112233941925822,12.430976867675781,503000,0.0,0.0
2022-07-21 00:00:00-04:00,12.33438869406331,12.517906986322398,12.160528580554988,12.459953308105469,459000,0.0,0.0
2022-07-22 00:00:00-04:00,12.47927201018521,12.798014950351625,12.430977429917649,12.537224769592285,612900,0.0,0.0
2022-07-25 00:00:00-04:00,12.595177716923988,12.71108415013324,12.459953084275302,12.498588562011719,412400,0.0,0.0
2022-07-26 00:00:00-04:00,12.421316732311594,12.846307878643247,12.305410307259976,12.778695106506348,413700,0.0,0.0
2022-07-27 00:00:00-04:00,12.788354870162072,13.087780507963476,12.67244843908675,13.039485931396484,603600,0.0,0.0
2022-07-28 00:00:00-04:00,13.039486429339725,13.290617500164164,12.923579993838246,13.24232292175293,384900,0.0,0.0
2022-07-29 00:00:00-04:00,13.242323208396188,13.319594167069782,13.087781291049003,13.232664108276367,352000,0.0,0.0
2022-08-01 00:00:00-04:00,13.213346880456642,13.416183378047599,13.136075921483181,13.387206077575684,322600,0.0,0.0
2022-08-02 00:00:00-04:00,13.377547951544818,13.396865230793448,13.107098672924057,13.136075973510742,280500,0.0,0.0
2022-08-03 00:00:00-04:00,13.213346611897416,13.290617569300355,13.058804697091535,13.145733833312988,375900,0.0,0.0
2022-08-04 00:00:00-04:00,13.10709645231779,13.126414649436022,12.720741721376545,12.769036293029785,413700,0.0,0.0
2022-08-05 00:00:00-04:00,12.643472515162948,12.653131615051333,12.305411388209166,12.585518836975098,509500,0.0,0.0
2022-08-08 00:00:00-04:00,12.720742829941914,12.759378306402978,12.440635395313606,12.575860023498535,377100,0.0,0.0
2022-08-09 00:00:00-04:00,12.614497471758362,12.91392223084971,11.735538632878042,11.793492317199707,499800,0.0,0.0
2022-08-10 00:00:00-04:00,11.880420684814453,12.015644393663951,11.542359570405848,11.880420684814453,473300,0.0,0.0
2022-08-11 00:00:00-04:00,11.861102781003423,11.909397358712871,11.571336235889184,11.619630813598633,438400,0.0,0.0
2022-08-12 00:00:00-04:00,11.745195959595478,12.00598611793497,11.523042199062509,11.977008819580078,564800,0.0,0.0
2022-08-15 00:00:00-04:00,11.890078966993766,12.112232714056555,11.716218871976022,12.06393814086914,576600,0.0,0.0
2022-08-16 00:00:00-04:00,12.02530237222778,12.06393784560363,11.91905505072977,11.948031425476074,487100,0.0,0.0
2022-08-17 00:00:00-04:00,11.85144471088648,12.17984581580415,11.832126511168841,12.054280281066895,385100,0.0,0.0
2022-08-18 00:00:00-04:00,12.054279042003184,12.102573615190598,11.93837261903881,12.06393814086914,394000,0.0,0.0
2022-08-19 00:00:00-04:00,12.015644791315172,12.324729538505366,11.99632751275842,12.305411338806152,600700,0.0,0.0
2022-08-22 00:00:00-04:00,12.208822885308424,12.363364795567367,11.996327298131153,12.218481063842773,355800,0.0,0.0
2022-08-23 00:00:00-04:00,12.189503662699469,12.334387382261712,12.06393814086914,12.06393814086914,387000,0.0,0.0
2022-08-24 00:00:00-04:00,12.025304003595735,12.083257682092755,11.861102989187058,11.95769214630127,386600,0.0,0.0
2022-08-25 00:00:00-04:00,11.977008093360269,12.170186386109924,11.948031717904767,12.06393814086914,445800,0.0,0.0
2022-08-26 00:00:00-04:00,12.04462267106854,12.131552731617608,11.716220629502054,11.75485610961914,279200,0.0,0.0
2022-08-29 00:00:00-04:00,11.638948791804031,11.706560646626029,11.513383260604298,11.532700538635254,309900,0.0,0.0
2022-08-30 00:00:00-04:00,11.523043036319528,11.580995794955276,11.291229238349061,11.416794776916504,435000,0.0,0.0
2022-08-31 00:00:00-04:00,11.47474788838533,11.47474788838533,11.165664067922677,11.184981346130371,560800,0.0,0.0
2022-09-01 00:00:00-04:00,11.194639653176312,11.38781702728767,11.117368703531767,11.242934226989746,399900,0.0,0.0
2022-09-02 00:00:00-04:00,11.252595052754474,11.252595052754474,10.808286527174237,10.875899314880371,480000,0.0,0.0
2022-09-06 00:00:00-04:00,10.84692039988087,10.972485934234866,10.721355786669333,10.740673065185547,607000,0.0,0.0
2022-09-07 00:00:00-04:00,10.740672333146636,10.856578759771603,10.595789530151027,10.70203685760498,516900,0.0,0.0
2022-09-08 00:00:00-04:00,10.634425615089581,10.634425615089581,10.421930026862395,10.431589126586914,501500,0.0,0.0
2022-09-09 00:00:00-04:00,10.43158788781168,10.653741628239667,10.392952414644103,10.44124698638916,525100,0.0,0.0
2022-09-12 00:00:00-04:00,10.54749523726162,10.740672620131491,10.518518860116744,10.692378044128418,405600,0.0,0.0
2022-09-13 00:00:00-04:00,10.576472165687013,10.692378601450361,10.354318394092882,10.392953872680664,355900,0.0,0.0
2022-09-14 00:00:00-04:00,10.383293534920771,10.479882680446746,10.24806891541288,10.40261173248291,404200,0.0,0.0
2022-09-15 00:00:00-04:00,10.412271758361209,10.721356526223278,10.373636277521266,10.653743743896484,542600,0.0,0.0
2022-09-16 00:00:00-04:00,10.557153753354656,10.653741978881396,10.277046333385087,10.334999084472656,1412700,0.0,0.0
2022-09-19 00:00:00-04:00,10.363975908131307,10.547495110509093,10.238411301631656,10.508859634399414,754100,0.0,0.0
2022-09-20 00:00:00-04:00,10.508860441136475,10.508860441136475,10.219093887498069,10.32534122467041,578900,0.0,0.0
2022-09-21 00:00:00-04:00,10.363976130995118,10.441248006018519,10.141822368872935,10.219093322753906,520100,0.0,0.0
2022-09-22 00:00:00-04:00,10.170799429851007,10.267388589264993,9.96796293199563,9.977622032165527,444200,0.0,0.0
2022-09-23 00:00:00-04:00,9.910009384067287,9.910009384067287,9.726490180023957,9.784443855285645,446000,0.0,0.0
2022-09-26 00:00:00-04:00,9.74581045152054,9.967964258128447,9.6781985836212,9.71683406829834,376200,0.0,0.0
2022-09-27 00:00:00-04:00,9.74580938886253,10.006598651711784,9.707173908398103,9.813421249389648,375700,0.0,0.0
2022-09-28 00:00:00-04:00,9.832739195131397,10.286705848526871,9.755468236206955,10.228753089904785,411800,0.0,0.0
2022-09-29 00:00:00-04:00,10.09352757169489,10.199775821814699,9.890691091907193,10.132163047790527,397700,0.0,0.0
2022-09-30 00:00:00-04:00,10.122504788014417,10.248070326024909,9.94864559173584,9.94864559173584,484900,0.0,0.0
2022-10-03 00:00:00-04:00,10.04523354027833,10.103187218131408,9.910009827191914,9.958304405212402,265500,0.0,0.0
2022-10-04 00:00:00-04:00,10.025915218502698,10.286704438848815,10.025915218502698,10.18045711517334,340000,0.0,0.0
2022-10-05 00:00:00-04:00,10.083869308714457,10.20943484672495,9.910010112435879,9.94864559173584,417500,0.0,0.0
2022-10-06 00:00:00-04:00,9.938985382421084,10.045232708353007,9.900349907432894,10.016256332397461,500900,0.0,0.0
2022-10-07 00:00:00-04:00,9.948645310971617,9.967962589505195,9.745808820085525,9.832738876342773,558900,0.0,0.0
2022-10-10 00:00:00-04:00,9.852055101448203,9.861714200253425,9.697513205134092,9.803760528564453,429000,0.0,0.0
2022-10-11 00:00:00-04:00,9.774784881754432,9.91000951167804,9.687854828313714,9.84239673614502,560500,0.0,0.0
2022-10-12 00:00:00-04:00,9.823079612057906,10.09352795499767,9.62990222424379,10.02591609954834,518400,0.0,0.0
2022-10-13 00:00:00-04:00,9.823080809579205,10.219094733161391,9.755468945887385,10.141823768615723,544200,0.0,0.0
2022-10-14 00:00:00-04:00,10.14182253223681,10.228752587038773,10.02591609954834,10.02591609954834,492700,0.0,0.0
2022-10-17 00:00:00-04:00,10.141822801288843,10.41227115140332,9.871374451174365,10.392953872680664,604500,0.0,0.0
2022-10-18 00:00:00-04:00,10.508859634399414,10.624766062728453,10.383294106757353,10.508859634399414,536500,0.0,0.0
2022-10-19 00:00:00-04:00,10.402614387473976,10.537838120351775,10.161142383172084,10.31568431854248,340700,0.0,0.0
2022-10-20 00:00:00-04:00,10.306023884237641,10.460565799618426,10.219093826550331,10.296364784240723,397100,0.0,0.0
2022-10-21 00:00:00-04:00,10.37363596941174,10.441248749730352,10.23841225105951,10.257729530334473,280000,0.0,0.0
2022-10-24 00:00:00-04:00,10.277046623660135,10.67306047813262,10.277046623660135,10.576471328735352,441700,0.0,0.0
2022-10-25 00:00:00-04:00,10.605448420419023,10.991804122924805,10.605448420419023,10.991804122924805,499100,0.0,0.0
2022-10-26 00:00:00-04:00,11.001463228170259,11.098051462987495,10.856579494230713,10.866238594055176,407800,0.0,0.0
2022-10-27 00:00:00-04:00,10.943510950825702,11.030441018085527,10.817945400466243,10.914534568786621,316800,0.0,0.0
2022-10-28 00:00:00-04:00,10.991802964831981,11.358840429027419,10.991802964831981,11.281569480895996,401200,0.0,0.0
2022-10-31 00:00:00-04:00,11.184980996332829,11.21395737330939,10.943509038862532,11.040098190307617,479000,0.0,0.0
2022-11-01 00:00:00-04:00,11.281570567772313,11.339523323882919,11.069074979367713,11.08839225769043,382300,0.0,0.0
2022-11-02 00:00:00-04:00,11.107710557333801,11.35884162579119,10.982145023105106,10.991804122924805,458300,0.0,0.0
2022-11-03 00:00:00-04:00,10.914532505660842,11.16566355890957,10.798626078271216,11.107709884643555,401500,0.0,0.0
2022-11-04 00:00:00-04:00,11.233275923363271,11.281570500596173,10.943509381108312,11.184981346130371,378900,0.0,0.0
2022-11-07 00:00:00-05:00,11.213957561804687,11.455429523333885,11.184981184341066,11.378158569335938,430000,0.0,0.0
2022-11-08 00:00:00-05:00,11.590654304358868,13.039486092403726,11.523042449015689,12.971874237060547,1457300,0.0,0.0
2022-11-09 00:00:00-05:00,12.94289541947236,13.638334854057073,12.614494359806852,13.367886543273926,1008600,0.0,0.0
2022-11-10 00:00:00-05:00,13.52243137002491,14.063329030128621,13.52243137002491,14.053669929504395,673200,0.0,0.0
2022-11-11 00:00:00-05:00,14.05366921069747,14.20821112821055,13.68663169603266,13.8894681930542,595700,0.0,0.0
2022-11-14 00:00:00-05:00,13.81219651968999,13.908784752567195,13.338911691507105,13.348569869995117,574300,0.0,0.0
2022-11-15 00:00:00-05:00,13.474136048077977,13.81219718222008,13.387205989519009,13.734926223754883,555800,0.0,0.0
2022-11-16 00:00:00-05:00,13.70594841867326,13.850832151316192,13.503111929887115,13.657654762268066,445700,0.0,0.0
2022-11-17 00:00:00-05:00,13.570724702679781,13.792878469730251,13.435500069817028,13.783220291137695,292700,0.0,0.0
2022-11-18 00:00:00-05:00,13.97639791426194,14.101963449493192,13.532089451575374,13.619019508361816,481700,0.0,0.0
2022-11-21 00:00:00-05:00,13.50311161492382,13.7445835758872,13.483794337040813,13.667312622070312,506200,0.0,0.0
2022-11-22 00:00:00-05:00,13.676972442738096,13.87980893748813,13.541748726999725,13.831514358520508,328100,0.0,0.0
2022-11-23 00:00:00-05:00,13.860490702238282,13.860490702238282,13.570724169568377,13.705947875976562,253700,0.0,0.0
2022-11-25 00:00:00-05:00,13.725266298004193,13.889467305150685,13.667312622070312,13.667312622070312,135900,0.0,0.0
2022-11-28 00:00:00-05:00,13.638337065102142,13.841173561358907,13.532089727498118,13.734926223754883,559600,0.0,0.0
2022-11-29 00:00:00-05:00,13.686632261754388,13.986057009026748,13.67697316122495,13.870150566101074,261400,0.0,0.0
2022-11-30 00:00:00-05:00,13.831513500681325,13.92810265262605,13.619018840230801,13.860490798950195,550200,0.0,0.0
2022-12-01 00:00:00-05:00,13.966738863762695,14.314458170995811,13.744584171062462,13.899127006530762,489200,0.0,0.0
2022-12-02 00:00:00-05:00,13.70594736950859,13.84117199206231,13.445158144542159,13.754241943359375,288900,0.0,0.0
2022-12-05 00:00:00-05:00,13.667313400107822,13.667313400107822,13.338912288262415,13.454818725585938,285100,0.0,0.0
2022-12-06 00:00:00-05:00,13.416182199641126,13.619018679416,13.36788762423903,13.425840377807617,341300,0.0,0.0
2022-12-07 00:00:00-05:00,13.28095801200946,13.493453598121494,13.14573338063954,13.474135398864746,287500,0.0,0.0
2022-12-08 00:00:00-05:00,13.667312717433973,13.937761978822566,13.580383584640249,13.696290016174316,358500,0.0,0.0
2022-12-09 00:00:00-05:00,13.657654897491403,13.734925853875708,13.367888350479033,13.464476585388184,269700,0.0,0.0
2022-12-12 00:00:00-05:00,13.44515925486451,13.44515925486451,13.058804474437208,13.184369087219238,444000,0.0,0.0
2022-12-13 00:00:00-05:00,13.493453151827515,13.657654155509194,13.377546723547932,13.425840377807617,677500,0.0,0.0
2022-12-14 00:00:00-05:00,13.377548063756741,13.599701843263137,13.14573426283126,13.319594383239746,566000,0.0,0.0
2022-12-15 00:00:00-05:00,13.26164138387208,13.590043441003393,13.010511211779797,13.203688621520996,808100,0.0,0.0
2022-12-16 00:00:00-05:00,13.155391976965504,13.319592979796063,12.83664907056322,13.020167350769043,2997300,0.0,0.0
2022-12-19 00:00:00-05:00,13.145732945846355,13.619018679416,13.010509240091379,13.425840377807617,515800,0.0,0.0
2022-12-20 00:00:00-05:00,13.43550008261899,13.638336571535168,13.377547326438627,13.406523704528809,592100,0.0,0.0
2022-12-21 00:00:00-05:00,13.483795048010082,13.87014983746611,13.483795048010082,13.831514358520508,461900,0.0,0.0
2022-12-22 00:00:00-05:00,13.812195616208792,13.918442941766614,13.657653716800185,13.754241943359375,354600,0.0,0.0
2022-12-23 00:00:00-05:00,13.744583737559635,13.889467468527334,13.551406350745143,13.599700927734375,208300,0.0,0.0
2022-12-27 00:00:00-05:00,13.65765559885016,13.966739440259694,13.541749158321585,13.879809379577637,252600,0.0,0.0
2022-12-28 00:00:00-05:00,13.908785045169163,13.947420523361314,13.464476585388184,13.464476585388184,275500,0.0,0.0
2022-12-29 00:00:00-05:00,13.512770714436538,13.80253725182108,13.464476138015376,13.667312622070312,270200,0.0,0.0
2022-12-30 00:00:00-05:00,13.580383203322805,13.744583285862074,13.406523100332224,13.425840377807617,468100,0.0,0.0
2023-01-03 00:00:00-05:00,13.416183399358575,13.928103733656535,13.406524299185927,13.918444633483887,536300,0.0,0.0
2023-01-04 00:00:00-05:00,13.899126339628294,14.063327346006476,13.715607134315066,13.763901710510254,322500,0.0,0.0
2023-01-05 00:00:00-05:00,13.696289348132424,13.773560298719548,13.6190183975453,13.686630249023438,235900,0.0,0.0
2023-01-06 00:00:00-05:00,13.802537405745184,14.063327568642299,13.696290073347717,13.976397514343262,210900,0.0,0.0
2023-01-09 00:00:00-05:00,14.03435049476243,14.246846084106275,13.928103160661735,13.937762260437012,404100,0.0,0.0
2023-01-10 00:00:00-05:00,13.802538840129724,14.111622690964682,13.744585157526902,14.053669929504395,283800,0.0,0.0
2023-01-11 00:00:00-05:00,14.092305017549084,14.28548241892944,13.918444895735508,14.159916877746582,273500,0.0,0.0
2023-01-12 00:00:00-05:00,14.217870090276666,14.594565780271235,14.11162183216129,14.48831844329834,831200,0.0,0.0
2023-01-13 00:00:00-05:00,14.324117487894675,14.536613083882603,14.26616472971591,14.517294883728027,288900,0.0,0.0
2023-01-17 00:00:00-05:00,14.526952143995619,14.526952143995619,14.024690978439285,14.044008255004883,292800,0.0,0.0
2023-01-18 00:00:00-05:00,14.053667564320335,14.217868562727576,13.667311894656438,13.754241943359375,340400,0.0,0.0
2023-01-19 00:00:00-05:00,13.72526844345324,13.821857611393783,13.561067410639858,13.628679275512695,241600,0.0,0.0
2023-01-20 00:00:00-05:00,13.696289348132424,13.763901199610562,13.541747446958176,13.686630249023438,321900,0.0,0.0
2023-01-23 00:00:00-05:00,13.512771141972408,14.005374178997547,13.503112042154083,13.9667387008667,390500,0.0,0.0
2023-01-24 00:00:00-05:00,13.947419678414978,14.227527108624551,13.86049054860572,14.150256156921387,255900,0.0,0.0
2023-01-25 00:00:00-05:00,14.130940202070501,14.314458499255252,13.995715563363191,14.295141220092773,281100,0.0,0.0
2023-01-26 00:00:00-05:00,14.26616456208891,14.324117319586732,14.005374389921299,14.179234504699707,277600,0.0,0.0
2023-01-27 00:00:00-05:00,14.111620902922805,14.246845531100453,13.957078997086874,13.986055374145508,161500,0.0,0.0
2023-01-30 00:00:00-05:00,13.899126621899743,14.072985810133856,13.860491144387447,14.00537395477295,213700,0.0,0.0
2023-01-31 00:00:00-05:00,14.005374435655112,14.488318381712183,13.97639805681158,14.459342002868652,370800,0.0,0.0
2023-02-01 00:00:00-05:00,14.440024047680131,14.488318627333072,13.783220896284591,14.169575691223145,636800,0.0,0.0
2023-02-02 00:00:00-05:00,14.179234336631506,14.382070827754578,14.130939758527449,14.372411727905273,306900,0.0,0.0
2023-02-03 00:00:00-05:00,14.27582181819982,15.1161441167442,14.27582181819982,15.087167739868164,1101900,0.0,0.0
2023-02-06 00:00:00-05:00,15.067850793656241,15.067850793656241,14.140598422952127,14.198551177978516,475200,0.0,0.0
2023-02-07 00:00:00-05:00,14.121281606270111,14.140599807265042,12.71108517362834,13.715608596801758,1016000,0.0,0.0
2023-02-08 00:00:00-05:00,13.628677299871413,13.918443840545315,13.464476290860949,13.850831985473633,361300,0.0,0.0
2023-02-09 00:00:00-05:00,13.976397822862273,14.06332787908023,13.435500207029685,13.464476585388184,345300,0.0,0.0
2023-02-10 00:00:00-05:00,13.319593767023008,13.686631270270045,13.300276488506036,13.590042114257812,313900,0.0,0.0
2023-02-13 00:00:00-05:00,13.657655881308601,13.9087860470763,13.570725818828713,13.870150566101074,219800,0.0,0.0
2023-02-14 00:00:00-05:00,13.8218548731221,13.91844310078481,13.66731205080546,13.686630249023438,267400,0.0,0.0
2023-02-15 00:00:00-05:00,13.657656046639811,13.995716278979748,13.570725983107602,13.802538871765137,348800,0.0,0.0
2023-02-16 00:00:00-05:00,13.725267742729613,13.9087860470763,13.522431237324051,13.870150566101074,358100,0.0,0.0
2023-02-17 00:00:00-05:00,13.947419770768633,14.179233548555501,13.812196064963905,13.928102493286133,913800,0.0,0.0
2023-02-21 00:00:00-05:00,13.908784294661224,14.101962596340682,13.841172441758859,13.928102493286133,391600,0.0,0.0
2023-02-22 00:00:00-05:00,13.97639769344295,14.140598704524734,13.309934549371599,13.406523704528809,506900,0.0,0.0
2023-02-23 00:00:00-05:00,13.483794601221945,13.49345370092391,13.251981735229492,13.251981735229492,358300,0.0,0.0
2023-02-24 00:00:00-05:00,14.179234124477386,14.285481457802637,12.826990563508776,13.126416206359863,499800,0.0,0.0
2023-02-27 00:00:00-05:00,13.232662421433197,13.551405315615408,13.155391472609773,13.194026947021484,350400,0.0,0.0
2023-02-28 00:00:00-05:00,13.242323423312087,13.522430883335478,13.242323423312087,13.319594383239746,522000,0.0,0.0
2023-03-01 00:00:00-05:00,13.309934395533737,13.454818126594967,13.165051585614949,13.223004341125488,717000,0.0,0.0
2023-03-02 00:00:00-05:00,13.13607558616219,13.37754755707589,13.068462807929476,13.24232292175293,324500,0.0,0.0
2023-03-03 00:00:00-05:00,13.242323373577884,13.242323373577884,12.875285854728732,13.16505241394043,390700,0.0,0.0
2023-03-06 00:00:00-05:00,13.165051978012242,13.280958413630467,12.846309049776508,12.991191864013672,990900,0.0,0.0
2023-03-07 00:00:00-05:00,13.049145811712206,13.25198230851601,12.8849447942452,13.232664108276367,580900,0.0,0.0
2023-03-08 00:00:00-05:00,13.194028865885677,13.194028865885677,12.826991345023393,13.068463325500488,314000,0.0,0.0
2023-03-09 00:00:00-05:00,13.097440168691504,13.338912140730384,12.865626375465903,13.271299362182617,506100,0.0,0.0
2023-03-10 00:00:00-05:00,13.213346848031112,13.416183345124308,12.807673853844717,12.98153305053711,467100,0.0,0.0
2023-03-13 00:00:00-04:00,12.769037981658382,13.223004620263126,12.595177869171696,12.682107925415039,479400,0.0,0.0
2023-03-14 00:00:00-04:00,12.971874078643575,13.223004218769539,12.759378494405514,12.913920402526855,393900,0.0,0.0
2023-03-15 00:00:00-04:00,12.604837407655717,12.749720225674896,12.45029548946393,12.730402946472168,477500,0.0,0.0
2023-03-16 00:00:00-04:00,12.59517748674098,12.95255587955719,12.373023724102158,12.913920402526855,382900,0.0,0.0
2023-03-17 00:00:00-04:00,12.894602934587907,12.904261112846358,12.508247248834861,12.575860023498535,1138000,0.0,0.0
2023-03-20 00:00:00-04:00,12.720743175991034,12.942896941399907,12.566201265942698,12.846308708190918,425200,0.0,0.0
2023-03-21 00:00:00-04:00,12.9622163772583,13.087781921436514,12.749720770099591,12.9622163772583,416700,0.0,0.0
2023-03-22 00:00:00-04:00,12.913920406125985,13.049145036341063,12.653131166384146,12.662789344787598,282500,0.0,0.0
2023-03-23 00:00:00-04:00,12.662789673763161,12.672448773559985,12.315070371359585,12.402000427246094,314500,0.0,0.0
2023-03-24 00:00:00-04:00,12.28609461025746,12.624154829845398,12.266776409693435,12.537224769592285,290100,0.0,0.0
2023-03-27 00:00:00-04:00,12.614496063351613,12.855968032303545,12.614496063351613,12.807673454284668,210900,0.0,0.0
2023-03-28 00:00:00-04:00,12.788355316461935,12.913920851461242,12.624154303089181,12.836649894714355,306700,0.0,0.0
2023-03-29 00:00:00-04:00,12.884943965654731,12.904261243509652,12.46961189863601,12.508247375488281,224400,0.0,0.0
2023-03-30 00:00:00-04:00,12.517906252555818,12.595177204887326,12.430976200897268,12.546882629394531,234600,0.0,0.0
2023-03-31 00:00:00-04:00,12.604836740218756,13.039486092403726,12.566201262716591,12.971874237060547,498700,0.0,0.0
2023-04-03 00:00:00-04:00,13.00085118940486,13.116757627033223,12.817332893445576,12.952556610107422,285400,0.0,0.0
2023-04-04 00:00:00-04:00,12.923580635479414,12.923580635479414,12.53722491014989,12.720744132995605,228200,0.0,0.0
2023-04-05 00:00:00-04:00,12.691765346841535,12.788353569005677,12.614494400653285,12.769036293029785,217800,0.0,0.0
2023-04-06 00:00:00-04:00,12.769038106066159,12.88494454180573,12.67244894904528,12.740060806274414,236200,0.0,0.0
2023-04-10 00:00:00-04:00,12.759380036402797,12.962216545610875,12.720744554703284,12.894604682922363,313000,0.0,0.0
2023-04-11 00:00:00-04:00,12.913920560236077,13.13607524673036,12.8463087048929,12.971874237060547,266200,0.0,0.0
2023-04-12 00:00:00-04:00,13.010510791814934,13.116758133457408,12.952557110191979,13.029828071594238,222100,0.0,0.0
2023-04-13 00:00:00-04:00,13.039485267937321,13.213345366275382,12.971873416869135,13.155391693115234,239500,0.0,0.0
2023-04-14 00:00:00-04:00,13.087779998779297,13.203686425345243,12.933238096691369,13.087779998779297,249600,0.0,0.0
2023-04-17 00:00:00-04:00,13.107098014819853,13.116757114530433,12.83664967092073,12.875285148620605,226000,0.0,0.0
2023-04-18 00:00:00-04:00,12.904261764152109,12.942897242563186,12.498588780264557,12.585518836975098,315800,0.0,0.0
2023-04-19 00:00:00-04:00,12.585520000863104,12.72074464837846,12.566202720442368,12.672450065612793,326200,0.0,0.0
2023-04-20 00:00:00-04:00,12.633813676343804,12.981532989228892,12.556542717924897,12.952556610107422,353300,0.0,0.0
2023-04-21 00:00:00-04:00,12.95255727667324,13.020169138483611,12.836650833080087,12.9622163772583,305500,0.0,0.0
2023-04-24 00:00:00-04:00,12.904261530598239,12.942897008310053,12.691766863754477,12.749719619750977,707500,0.0,0.0
2023-04-25 00:00:00-04:00,12.749719619750977,13.000850685449002,12.691766863754477,12.749719619750977,253400,0.0,0.0
2023-04-26 00:00:00-04:00,12.672447780494627,12.817331502665938,12.575859553522804,12.778695106506348,252200,0.0,0.0
2023-04-27 00:00:00-04:00,12.7786968930524,12.904262434698806,12.508248530121493,12.720744132995605,317200,0.0,0.0
2023-04-28 00:00:00-04:00,12.691767610676989,12.817333150915651,12.508248389888749,12.537224769592285,283200,0.0,0.0
2023-05-01 00:00:00-04:00,12.517906753480082,12.89460335202712,12.49858855405295,12.749719619750977,236800,0.0,0.0
2023-05-02 00:00:00-04:00,12.556542654503485,12.662789991507221,11.812808532049889,12.015645027160645,353300,0.0,0.0
2023-05-03 00:00:00-04:00,12.073598706253351,12.450295317499748,12.005986848263925,12.015645027160645,343800,0.0,0.0
2023-05-04 00:00:00-04:00,11.87076193347026,11.909397411580837,11.532700809145856,11.899738311767578,326300,0.0,0.0
2023-05-05 00:00:00-04:00,12.266776589692471,12.363365751644919,11.107711251975685,11.407136917114258,585000,0.0,0.0
2023-05-08 00:00:00-04:00,11.50372459529628,11.89008030306754,11.50372459529628,11.706561088562012,344400,0.0,0.0
2023-05-09 00:00:00-04:00,11.667925167089647,11.803149797849048,11.532700536330246,11.658266067504883,313300,0.0,0.0
2023-05-10 00:00:00-04:00,11.812809266540464,11.948033912069722,11.542360896624489,11.648609161376953,377500,0.0,0.0
2023-05-11 00:00:00-04:00,11.600313410262213,11.764514420020383,11.416794201171344,11.561677932739258,317400,0.0,0.0
2023-05-12 00:00:00-04:00,11.590655112607237,11.638949693138269,11.39747771162562,11.503725051879883,258600,0.0,0.0
2023-05-15 00:00:00-04:00,11.484407106097112,11.542359862458277,11.262252416999441,11.494065284729004,376900,0.0,0.0
2023-05-16 00:00:00-04:00,11.513382911682129,11.600312963043033,11.349181908254291,11.513382911682129,294800,0.0,0.0
2023-05-17 00:00:00-04:00,11.542359853084017,11.764514542001262,11.378158841623321,11.745196342468262,370800,0.0,0.0
2023-05-18 00:00:00-04:00,11.716220181512265,11.957692153296584,11.638949224232679,11.83212661743164,284500,0.0,0.0
2023-05-19 00:00:00-04:00,11.957692812973713,12.121893836537023,11.890080951909711,11.967351913452148,335700,0.0,0.0
2023-05-22 00:00:00-04:00,12.005986215276437,12.025303493193896,11.706560577845178,11.880420684814453,351400,0.0,0.0
2023-05-23 00:00:00-04:00,11.841786444538645,11.977010167510285,11.735538180898041,11.870762825012207,254400,0.0,0.0
2023-05-24 00:00:00-04:00,11.84178690061067,11.948034247200734,11.764515935610156,11.793492317199707,191700,0.0,0.0
2023-05-25 00:00:00-04:00,11.745195028692816,11.861101449498586,11.503723088395208,11.600312232971191,228000,0.0,0.0
2023-05-26 00:00:00-04:00,11.571336335817056,11.629290013797364,11.465089000852702,11.523042678833008,230300,0.0,0.0
2023-05-30 00:00:00-04:00,11.494065222322572,11.542359799789631,11.242935077550271,11.465088844299316,441500,0.0,0.0
2023-05-31 00:00:00-04:00,11.465089295014808,11.532701153441177,11.242935519532455,11.387818336486816,411600,0.0,0.0
2023-06-01 00:00:00-04:00,11.378159287885321,11.580995785225001,11.223617370129848,11.542360305786133,505500,0.0,0.0
2023-06-02 00:00:00-04:00,11.658266060806302,12.054279932129765,11.580995106457452,12.03496265411377,279600,0.0,0.0
2023-06-05 00:00:00-04:00,11.92871624281754,11.92871624281754,11.474748660124403,11.629290580749512,294700,0.0,0.0
2023-06-06 00:00:00-04:00,11.590654578864385,11.986668462926124,11.455429943833012,11.928715705871582,291100,0.0,0.0
2023-06-07 00:00:00-04:00,11.938373403370514,12.295751794608769,11.832126072291821,12.257116317749023,315500,0.0,0.0
2023-06-08 00:00:00-04:00,12.208823656236788,12.208823656236788,11.967351675923783,12.131552696228027,221500,0.0,0.0
2023-06-09 00:00:00-04:00,12.179845918064496,12.228140496621602,11.89973846780425,11.95769214630127,280900,0.0,0.0
2023-06-12 00:00:00-04:00,11.977009200689551,12.02530377834202,11.832126388874599,11.99632740020752,228000,0.0,0.0
2023-06-13 00:00:00-04:00,11.996327174736635,12.23779913731806,11.938373498414421,12.160528182983398,238000,0.0,0.0
2023-06-14 00:00:00-04:00,12.1315516473789,12.19916350125547,11.832126012375308,11.977008819580078,449100,0.0,0.0
2023-06-15 00:00:00-04:00,11.94803309313567,12.324729701984825,11.706561120547295,12.237799644470215,522000,0.0,0.0
2023-06-16 00:00:00-04:00,12.315071287344043,12.315071287344043,12.025304719883913,12.121893882751465,1262600,0.0,0.0
2023-06-20 00:00:00-04:00,12.09291543746701,12.237798235886883,11.890078966993766,12.06393814086914,315800,0.0,0.0
2023-06-21 00:00:00-04:00,12.025304342710593,12.179846261537453,11.928716104015054,12.102575302124023,283400,0.0,0.0
2023-06-22 00:00:00-04:00,12.102574574845681,12.102574574845681,11.445771459300706,11.938373565673828,499500,0.0,0.0
2023-06-23 00:00:00-04:00,11.832126781366489,12.083257856575809,11.696902143682435,11.764514923095703,479800,0.0,0.0
2023-06-26 00:00:00-04:00,11.687243809801808,12.025304017816381,11.67758470985047,11.706561088562012,274500,0.0,0.0
2023-06-27 00:00:00-04:00,11.716220250129904,11.841785786730238,11.619631092393501,11.7355375289917,206500,0.0,0.0
2023-06-28 00:00:00-04:00,11.735536446841968,11.735536446841968,11.532699971213328,11.677583694458008,271900,0.0,0.0
2023-06-29 00:00:00-04:00,11.716219615111465,11.851444244384766,11.677584138339439,11.851444244384766,231300,0.0,0.0
2023-06-30 00:00:00-04:00,11.90939699897159,11.967350674700842,11.77417236969829,11.851444244384766,395700,0.0,0.0
2023-07-03 00:00:00-04:00,11.851444471319772,11.977009082376384,11.63894888443349,11.687243461608887,302600,0.0,0.0
2023-07-05 00:00:00-04:00,11.68724249652052,12.121891812922511,11.47474692718132,12.06393814086914,926200,0.0,0.0
2023-07-06 00:00:00-04:00,11.938374118812362,12.05428055633763,11.600313906315952,11.764514923095703,300200,0.0,0.0
2023-07-07 00:00:00-04:00,11.822467289115615,12.247458467086394,11.822467289115615,11.99632740020752,329700,0.0,0.0
2023-07-10 00:00:00-04:00,11.96735246860473,12.21848264469605,11.96735246860473,12.073599815368652,320100,0.0,0.0
2023-07-11 00:00:00-04:00,12.073599511573901,12.218482337255772,12.025304929299098,12.208824157714844,193300,0.0,0.0
2023-07-12 00:00:00-04:00,12.334388417679428,12.344046596213778,12.13155193017895,12.218481063842773,255900,0.0,0.0
2023-07-13 00:00:00-04:00,12.170188176232408,12.208823656236788,12.063939915363484,12.131552696228027,195700,0.0,0.0
2023-07-14 00:00:00-04:00,12.112233227390051,12.266775131225586,11.88042037163675,12.266775131225586,278600,0.0,0.0
2023-07-17 00:00:00-04:00,12.208823765281647,12.402001167028942,12.141210983813211,12.315071105957031,211900,0.0,0.0
2023-07-18 00:00:00-04:00,12.31506970983944,12.546882565656357,12.31506970983944,12.517906188964844,202700,0.0,0.0
2023-07-19 00:00:00-04:00,12.517906536169068,12.691766643425249,12.488930158673849,12.662789344787598,180800,0.0,0.0
2023-07-20 00:00:00-04:00,12.730402058245653,12.759378435599247,12.459952799137337,12.508247375488281,350200,0.0,0.0
2023-07-21 00:00:00-04:00,12.585518201756987,12.691766452881723,12.508247248834861,12.575860023498535,247800,0.0,0.0
2023-07-24 00:00:00-04:00,12.604837631751922,12.720744072456414,12.508248470593589,12.691767692565918,149300,0.0,0.0
2023-07-25 00:00:00-04:00,12.604837417602539,12.682108376759409,12.566201938024104,12.604837417602539,168600,0.0,0.0
2023-07-26 00:00:00-04:00,12.585518836975098,12.720743471985104,12.556542458452405,12.585518836975098,249800,0.0,0.0
2023-07-27 00:00:00-04:00,12.614494311818058,12.691765257462142,12.479269696369746,12.48892879486084,219200,0.0,0.0
2023-07-28 00:00:00-04:00,12.517906536169068,12.691766643425249,12.517906536169068,12.662789344787598,202800,0.0,0.0
2023-07-31 00:00:00-04:00,12.662790871582743,12.942898344189846,12.662790871582743,12.894604682922363,200600,0.0,0.0
2023-08-01 00:00:00-04:00,12.894603675333148,13.280958462138365,12.855968196652626,13.271299362182617,247200,0.0,0.0
2023-08-02 00:00:00-04:00,13.223005059471456,13.57072529599452,13.223005059471456,13.387206077575684,295300,0.0,0.0
2023-08-03 00:00:00-04:00,13.280958294261076,13.5803839411071,13.280958294261076,13.464476585388184,274400,0.0,0.0
2023-08-04 00:00:00-04:00,15.21273465296792,16.03373974872795,15.174099173234653,15.386594772338867,725400,0.0,0.0
2023-08-07 00:00:00-04:00,15.473524150357488,16.439412022280653,15.473524150357488,16.41043472290039,618000,0.0,0.0
2023-08-08 00:00:00-04:00,16.352481976579693,16.4683874896029,15.937149896629226,16.159303665161133,518600,0.0,0.0
2023-08-09 00:00:00-04:00,16.130328370411778,16.139985628023492,15.753630843582327,16.091691970825195,384400,0.0,0.0
2023-08-10 00:00:00-04:00,16.188280071225154,16.36214017345058,16.02407906826612,16.062713623046875,447800,0.0,0.0
2023-08-11 00:00:00-04:00,15.88885771595744,16.47804812017723,15.88885771595744,16.111011505126953,367900,0.0,0.0
2023-08-14 00:00:00-04:00,16.11100735759943,16.304183794948496,15.937147274386046,15.995100021362305,395100,0.0,0.0
2023-08-15 00:00:00-04:00,15.937148438045496,16.294527728776654,15.714994689845321,15.830900192260742,333800,0.0,0.0
2023-08-16 00:00:00-04:00,15.801925434277614,16.178621097157908,15.434887028453634,15.46386432647705,331800,0.0,0.0
2023-08-17 00:00:00-04:00,15.560453700920192,15.695677409067155,15.463864548407424,15.55079460144043,319500,0.0,0.0
2023-08-18 00:00:00-04:00,15.454205227135912,15.724654481833328,15.338298798469483,15.46386432647705,620300,0.0,0.0
2023-08-21 00:00:00-04:00,15.463865525360173,15.657042000305069,15.251369929092812,15.579771041870117,412100,0.0,0.0
2023-08-22 00:00:00-04:00,15.599088256554388,15.637724654473436,15.454205448927661,15.55079460144043,239500,0.0,0.0
2023-08-23 00:00:00-04:00,15.550794315614766,15.6860180212763,15.405910589508595,15.560453414916992,282900,0.0,0.0
2023-08-24 00:00:00-04:00,15.560454149165102,15.71499606072343,15.463864993869922,15.47352409362793,343200,0.0,0.0
2023-08-25 00:00:00-04:00,15.483182371095632,15.927489882658039,15.483182371095632,15.782607078552246,320500,0.0,0.0
2023-08-28 00:00:00-04:00,15.830900192260742,15.975784833707133,15.782606539968441,15.830900192260742,969400,0.0,0.0
2023-08-29 00:00:00-04:00,15.830901432130402,16.004761541654926,15.772948676383855,15.821242332458496,276900,0.0,0.0
2023-08-30 00:00:00-04:00,15.801928520202637,15.917834050361598,15.734316653895712,15.801928520202637,211000,0.0,0.0
2023-08-31 00:00:00-04:00,15.869993528816504,16.181169581576736,15.792199515626447,16.113100051879883,304500,0.11,0.0
2023-09-01 00:00:00-04:00,16.210343880648406,17.00773302127776,16.113100895381386,16.910490036010742,593900,0.0,0.0
2023-09-05 00:00:00-04:00,16.832697383237832,16.832697383237832,15.607440120965371,15.908893585205078,785400,0.0,0.0
2023-09-06 00:00:00-04:00,15.976963635172712,16.103378231982955,15.67551201604376,15.801926612854004,398900,0.0,0.0
2023-09-07 00:00:00-04:00,15.772751908162263,15.792200876825063,15.50047283852814,15.558818817138672,537700,0.0,0.0
2023-09-08 00:00:00-04:00,15.636613262962491,15.88944429819859,15.56854372554427,15.811650276184082,425100,0.0,0.0
2023-09-11 00:00:00-04:00,15.831099168177559,16.375657319623624,15.811650199079827,16.24924087524414,417400,0.0,0.0
2023-09-12 00:00:00-04:00,16.229793016978913,16.550693573359304,16.171446112360155,16.190895080566406,276600,0.0,0.0
2023-09-13 00:00:00-04:00,16.268691928801537,16.463177935186227,16.074207777172866,16.336761474609375,403000,0.0,0.0
2023-09-14 00:00:00-04:00,16.51179625767042,16.6479371854764,16.14227512163878,16.161724090576172,371100,0.0,0.0
2023-09-15 00:00:00-04:00,16.122825642441153,16.297862647826534,15.850545650202154,15.976962089538574,1801600,0.0,0.0
2023-09-18 00:00:00-04:00,16.015858114531618,16.15199903754534,15.81164951214458,15.899168014526367,337800,0.0,0.0
2023-09-19 00:00:00-04:00,15.889444798053296,16.093653416732014,15.811650773591522,15.99641227722168,396700,0.0,0.0
2023-09-20 00:00:00-04:00,16.045030860484378,16.23951682493795,16.045030860484378,16.06447982788086,216300,0.0,0.0
2023-09-21 00:00:00-04:00,15.996412296501221,16.25896597015375,15.928340902103761,16.220069885253906,343800,0.0,0.0
2023-09-22 00:00:00-04:00,16.25896598921667,16.647937967206246,16.22006990427122,16.443727493286133,320800,0.0,0.0
2023-09-25 00:00:00-04:00,16.453452867313235,16.920217040416432,16.453452867313235,16.88132095336914,372000,0.0,0.0
2023-09-26 00:00:00-04:00,16.842420920465436,16.968837360874566,16.735453448543208,16.793800354003906,412600,0.0,0.0
2023-09-27 00:00:00-04:00,16.959112758801176,17.26056434923079,16.920214822097634,17.153596878051758,454000,0.0,0.0
2023-09-28 00:00:00-04:00,17.19249671486755,17.260566256866074,16.86187163536964,16.929941177368164,727300,0.0,0.0
2023-09-29 00:00:00-04:00,16.949387171190992,17.007732217692233,16.609037666215173,16.62848663330078,1118100,0.0,0.0
2023-10-02 00:00:00-04:00,16.638214038872793,17.01745968986796,16.60904058312089,16.929941177368164,618400,0.0,0.0
2023-10-03 00:00:00-04:00,16.88131978678128,17.046632318509193,16.78407679374913,16.939664840698242,463700,0.0,0.0
2023-10-04 00:00:00-04:00,16.92993660899724,17.114698069391466,16.7548996312296,16.871591567993164,571900,0.0,0.0
2023-10-05 00:00:00-04:00,16.871594484324035,17.26056458284546,16.871594484324035,16.94938850402832,355900,0.0,0.0
2023-10-06 00:00:00-04:00,16.92994070185336,17.036908181850006,16.822973221856717,16.89104461669922,408000,0.0,0.0
2023-10-09 00:00:00-04:00,16.82297323937031,17.211945219851824,16.82297323937031,17.114702224731445,345100,0.0,0.0
2023-10-10 00:00:00-04:00,17.10497710394614,17.435602162212465,17.066079165441494,17.211944580078125,437400,0.0,0.0
2023-10-11 00:00:00-04:00,17.26056383464459,17.542568303070794,17.25083935075862,17.40642738342285,279800,0.0,0.0
2023-10-12 00:00:00-04:00,17.416151282774813,17.484220812936357,16.959111684007595,17.143871307373047,305500,0.0,0.0
2023-10-13 00:00:00-04:00,17.114698492048728,17.163319051626935,16.900763578491514,16.978557586669922,462500,0.0,0.0
2023-10-16 00:00:00-04:00,17.11469962061285,17.328632693521612,17.104975137104873,17.280012130737305,336100,0.0,0.0
2023-10-17 00:00:00-04:00,17.309186033087805,17.571741558524,17.309186033087805,17.386980056762695,340000,0.0,0.0
2023-10-18 00:00:00-04:00,17.348083550590278,18.067678715779408,17.348083550590278,17.795398712158203,437400,0.0,0.0
2023-10-19 00:00:00-04:00,17.824569101831962,17.824569101831962,17.163319102960063,17.270286560058594,479400,0.0,0.0
2023-10-20 00:00:00-04:00,17.33835927604681,17.55229237485475,17.046632154512725,17.36753273010254,586000,0.0,0.0
2023-10-23 00:00:00-04:00,17.31891149631078,17.435603465793456,16.96883929737461,17.017459869384766,489000,0.0,0.0
2023-10-24 00:00:00-04:00,17.066078276180093,17.445325737815796,17.066078276180093,17.289737701416016,316600,0.0,0.0
2023-10-25 00:00:00-04:00,17.27028992065708,17.639811068825377,17.27028992065708,17.45505142211914,297300,0.0,0.0
2023-10-26 00:00:00-04:00,17.542569854339494,17.571741453821364,17.114701799299166,17.23139190673828,285100,0.0,0.0
2023-10-27 00:00:00-04:00,17.33835703408605,17.53284299313103,17.260563021419173,17.41615104675293,448400,0.0,0.0
2023-10-30 00:00:00-04:00,17.581464767456055,17.853744757936962,17.445325699593447,17.581464767456055,326300,0.0,0.0
2023-10-31 00:00:00-04:00,17.591190338134766,17.678708845668236,17.416153323067824,17.591190338134766,485000,0.0,0.0
2023-11-01 00:00:00-04:00,17.591188358319037,17.785674320895005,17.56201490750596,17.659257888793945,338000,0.0,0.0
2023-11-02 00:00:00-04:00,17.727331129958944,18.048231737051378,17.610641011792236,18.019060134887695,395500,0.0,0.0
2023-11-03 00:00:00-04:00,17.737052249558996,19.079001337100383,16.113100551001637,17.02718162536621,1198600,0.0,0.0
2023-11-06 00:00:00-05:00,17.134149340437812,17.153596453552616,16.521519835807695,16.754901885986328,517500,0.0,0.0
2023-11-07 00:00:00-05:00,16.686833298658016,16.686833298658016,16.35620824514975,16.3853816986084,380400,0.0,0.0
2023-11-08 00:00:00-05:00,16.599316465446442,16.599316465446442,16.25896689316118,16.58959197998047,297300,0.0,0.0
2023-11-09 00:00:00-05:00,16.599315561519273,16.832697635725797,16.453451996984676,16.66738510131836,261600,0.0,0.0
2023-11-10 00:00:00-05:00,16.696556571610817,16.832695635027797,16.59931358856056,16.73545265197754,452000,0.0,0.0
2023-11-13 00:00:00-05:00,16.677108285936583,16.88131874416736,16.521520248596804,16.638212203979492,290300,0.0,0.0
2023-11-14 00:00:00-05:00,16.852145548315015,17.173046112060547,16.793800497112848,17.173046112060547,355700,0.0,0.0
2023-11-15 00:00:00-05:00,17.10497710394614,17.386979739081657,17.0369075663188,17.211944580078125,510300,0.0,0.0
2023-11-16 00:00:00-05:00,17.231391563816192,17.571741104125977,16.92993996171588,17.571741104125977,505500,0.0,0.0
2023-11-17 00:00:00-05:00,17.600914822833573,17.8829174600758,17.47449837650487,17.591190338134766,902100,0.0,0.0
2023-11-20 00:00:00-05:00,17.046633972292646,17.13415248903663,16.365934809785205,16.472902297973633,747300,0.0,0.0
2023-11-21 00:00:00-05:00,16.4826255152348,16.570144025243582,16.258966070347988,16.37565803527832,477400,0.0,0.0
2023-11-22 00:00:00-05:00,16.434003896411614,16.998011069266962,16.434003896411614,16.88132095336914,367000,0.0,0.0
2023-11-24 00:00:00-05:00,16.94938977113463,17.28001484328372,16.93966528610014,17.046632766723633,178300,0.0,0.0
2023-11-27 00:00:00-05:00,17.017458305579318,17.15359737850211,16.881319232656526,16.96883773803711,444500,0.0,0.0
2023-11-28 00:00:00-05:00,16.92993900401528,17.04663095728684,16.84242050275053,16.910490036010742,403800,0.0,0.0
2023-11-29 00:00:00-05:00,16.93966510484616,17.211945118630805,16.89104453494983,16.95911407470703,595800,0.0,0.0
2023-11-30 00:00:00-05:00,17.066760225278742,17.193977222890545,16.929755151086745,17.04718780517578,394200,0.11,0.0
2023-12-01 00:00:00-05:00,17.008041886761195,17.233120970619115,16.734035488805002,17.11568832397461,487500,0.0,0.0
2023-12-04 00:00:00-05:00,17.07654705828695,17.497342906679012,17.07654705828695,17.301624298095703,657000,0.0,0.0
2023-12-05 00:00:00-05:00,17.301620247756215,17.60498523328578,17.145044650932675,17.438623428344727,328300,0.0,0.0
2023-12-06 00:00:00-05:00,17.54627270641304,17.790922349577684,17.49734165786292,17.60498809814453,565200,0.0,0.0
2023-12-07 00:00:00-05:00,17.6734905330961,18.064929607314696,17.565845954266447,18.055145263671875,512900,0.0,0.0
2023-12-08 00:00:00-05:00,18.03557237568198,18.231290974452094,17.859424330218793,17.996427536010742,427900,0.0,0.0
2023-12-11 00:00:00-05:00,18.035570851639044,18.055143269820753,17.448411371887506,17.62455940246582,374600,0.0,0.0
2023-12-12 00:00:00-05:00,17.62455872391541,17.79092053899789,17.47776932626109,17.70284652709961,429200,0.0,0.0
2023-12-13 00:00:00-05:00,17.644132689076876,17.644132689076876,17.08632994261479,17.36033821105957,929600,0.0,0.0
2023-12-14 00:00:00-05:00,17.32119540228989,17.340765955090472,16.254522813719607,16.74382209777832,945900,0.0,0.0
2023-12-15 00:00:00-05:00,16.87103927763493,16.87103927763493,16.342597015580537,16.55788803100586,2025700,0.0,0.0
2023-12-18 00:00:00-05:00,16.704675920762945,16.83189476968164,16.528527893969976,16.567672729492188,403000,0.0,0.0
2023-12-19 00:00:00-05:00,16.597030566362463,17.0276144523991,16.567673804344732,16.88082504272461,476400,0.0,0.0
2023-12-20 00:00:00-05:00,16.99825790474976,17.448412348965668,16.822109864307485,17.07654571533203,364000,0.0,0.0
2023-12-21 00:00:00-05:00,17.135260172285317,17.301621994017353,17.105901544969594,17.29183578491211,299800,0.0,0.0
2023-12-22 00:00:00-05:00,17.29183808768722,17.399484535651748,17.105903822983613,17.301624298095703,226100,0.0,0.0
2023-12-26 00:00:00-05:00,17.31140945647796,17.458198870627143,17.105902783446165,17.41905403137207,194700,0.0,0.0
2023-12-27 00:00:00-05:00,17.419054207341198,17.712634905134017,17.409269863957256,17.565845489501953,224900,0.0,0.0
2023-12-28 00:00:00-05:00,17.58541462793564,17.69306106178501,17.311408238542395,17.34076499938965,330300,0.0,0.0
2023-12-29 00:00:00-05:00,17.272262855585815,17.33097824195124,17.07654427885824,17.184188842773438,425500,0.0,0.0
2024-01-02 00:00:00-05:00,17.184189993519883,17.76156328660796,17.145047022164533,17.54627227783203,692100,0.0,0.0
2024-01-03 00:00:00-05:00,17.546271947945133,17.77134916196038,17.233120716875472,17.2526912689209,419800,0.0,0.0
2024-01-04 00:00:00-05:00,17.379911058645668,17.653919333845167,17.13526141288747,17.41905403137207,339500,0.0,0.0
2024-01-05 00:00:00-05:00,17.301622277247425,17.428839264641056,16.80253680388122,16.82210922241211,365000,0.0,0.0
2024-01-08 00:00:00-05:00,16.88082353257096,16.929752709242397,16.597029081596983,16.890609741210938,282200,0.0,0.0
2024-01-09 00:00:00-05:00,16.79275109776439,16.929754298528387,16.430670676737083,16.597030639648438,248100,0.0,0.0
2024-01-10 00:00:00-05:00,16.49917156409711,16.753607402040803,16.450240518418397,16.626388549804688,269200,0.0,0.0
2024-01-11 00:00:00-05:00,16.61660287878287,16.802537125326218,16.401311870410144,16.7829647064209,278000,0.0,0.0
2024-01-12 00:00:00-05:00,16.782965239874915,16.978685702091987,16.73403605758498,16.93954086303711,224500,0.0,0.0
2024-01-16 00:00:00-05:00,16.939541173246376,17.3701250780919,16.939541173246376,17.233121871948242,419800,0.0,0.0
2024-01-17 00:00:00-05:00,17.096117485300685,17.370125775111962,17.086331274965058,17.154834747314453,273700,0.0,0.0
2024-01-18 00:00:00-05:00,17.252693117613195,17.291837958955707,16.96890048399506,17.154834747314453,332200,0.0,0.0
2024-01-19 00:00:00-05:00,17.272262855585815,17.272262855585815,16.919968670864787,17.184188842773438,253000,0.0,0.0
2024-01-22 00:00:00-05:00,17.291836706009253,17.888782427527186,17.19397647627258,17.83985137939453,495900,0.0,0.0
2024-01-23 00:00:00-05:00,17.97685734760107,18.12364676629038,17.75177824798014,17.957284927368164,356300,0.0,0.0
2024-01-24 00:00:00-05:00,18.104073758908466,18.15300294137513,17.94749813518074,18.133432388305664,316300,0.0,0.0
2024-01-25 00:00:00-05:00,18.104074154089894,18.407439198368227,17.92792610691902,18.143218994140625,369600,0.0,0.0
2024-01-26 00:00:00-05:00,18.10407339625564,18.280221436052976,17.947497775664367,18.172574996948242,327500,0.0,0.0
2024-01-29 00:00:00-05:00,18.104073002850104,18.17257460205415,17.56584455207951,17.78113555908203,357400,0.0,0.0
2024-01-30 00:00:00-05:00,17.62456051756458,17.65391914669465,17.105902602105214,17.60498809814453,492800,0.0,0.0
2024-01-31 00:00:00-05:00,17.62455911906165,17.85942253387994,17.565843731989204,17.71263313293457,454300,0.0,0.0
2024-02-01 00:00:00-05:00,17.732207016109044,18.113859863410724,17.732207016109044,18.035572052001953,408200,0.0,0.0
2024-02-02 00:00:00-05:00,17.74199017849901,18.113858657837348,17.57562835701155,17.62455940246582,557000,0.0,0.0
2024-02-05 00:00:00-05:00,17.595202074962558,17.624560704403862,17.105902783446165,17.41905403137207,364000,0.0,0.0
2024-02-06 00:00:00-05:00,17.330979995422084,17.448412646562723,16.959113355445954,16.98847198486328,430100,0.0,0.0
2024-02-07 00:00:00-05:00,16.919970094167486,17.321195356717713,16.77317881611317,17.07654571533203,411200,0.0,0.0
2024-02-08 00:00:00-05:00,17.076544819121665,17.360337417640178,17.076544819121665,17.34076499938965,296200,0.0,0.0
2024-02-09 00:00:00-05:00,17.311410468116097,17.702849550898257,17.14504862461758,17.683277130126953,316200,0.0,0.0
2024-02-12 00:00:00-05:00,17.683274972102588,17.95728322987518,17.673488762911223,17.82027816772461,406500,0.0,0.0
2024-02-13 00:00:00-05:00,17.653920105499353,17.82028008001901,17.291837792677963,17.389698028564453,407200,0.0,0.0
2024-02-14 00:00:00-05:00,17.507127331461803,17.56584458792388,17.28205011460962,17.44841194152832,288300,0.0,0.0
2024-02-15 00:00:00-05:00,17.42883977817024,17.52670000717949,17.11568853856353,17.31140899658203,442700,0.0,0.0
2024-02-16 00:00:00-05:00,17.30162377018014,17.46798560899067,17.145048141479492,17.145048141479492,386100,0.0,0.0
2024-02-20 00:00:00-05:00,17.203762786326262,17.203762786326262,16.7242497109989,16.79275131225586,466200,0.0,0.0
2024-02-21 00:00:00-05:00,16.861253502367905,17.056973969819026,16.528529827618225,16.61660385131836,413300,0.0,0.0
2024-02-22 00:00:00-05:00,16.6655353686797,17.076546868627187,15.775010763214937,16.675321578979492,833500,0.0,0.0
2024-02-23 00:00:00-05:00,16.67532154279089,17.07654683156785,16.479601070277308,17.056974411010742,433800,0.0,0.0
2024-02-26 00:00:00-05:00,17.017828026906436,17.712633961456383,16.96889884647878,17.39948272705078,766100,0.0,0.0
2024-02-27 00:00:00-05:00,17.428839042237502,17.428839042237502,16.69489015545204,17.008041381835938,532500,0.0,0.0
2024-02-28 00:00:00-05:00,17.04718761608993,17.399483707920695,16.96889980307517,17.233121871948242,490200,0.0,0.0
2024-02-29 00:00:00-05:00,17.36113776006443,17.63686837408415,17.30205329929633,17.538393020629883,467900,0.11,0.0
2024-03-01 00:00:00-05:00,17.538393538827258,17.58763215613979,17.144493991633,17.262664794921875,405600,0.0,0.0
2024-03-04 00:00:00-05:00,17.311901010355857,17.656563808074083,17.055865842858353,17.321748733520508,330100,0.0,0.0
2024-03-05 00:00:00-05:00,17.40052763051621,17.4891552555923,16.977084950321785,16.996780395507812,403000,0.0,0.0
2024-03-06 00:00:00-05:00,17.144492259177913,17.400527408547067,17.01647562362384,17.24296760559082,561300,0.0,0.0
2024-03-07 00:00:00-05:00,17.282355109499843,17.30205055271641,17.01647413911956,17.193727493286133,340900,0.0,0.0
2024-03-08 00:00:00-05:00,17.33159487353259,17.390679328862294,16.996779829562662,17.28235626220703,363700,0.0,0.0
2024-03-11 00:00:00-04:00,17.49900346828391,17.646715554794053,17.252816031346637,17.38083267211914,526400,0.0,0.0
2024-03-12 00:00:00-04:00,17.321747425267233,17.46945950505852,17.174035345475943,17.25281524658203,494600,0.0,0.0
2024-03-13 00:00:00-04:00,17.302051928164076,17.587630242724167,17.27251063925165,17.479307174682617,430000,0.0,0.0
2024-03-14 00:00:00-04:00,17.400527709162628,17.459612166726725,17.18388344592024,17.430070877075195,481300,0.0,0.0
2024-03-15 00:00:00-04:00,17.302052767429657,17.459612576808624,17.223272862740174,17.38083267211914,4786100,0.0,0.0
2024-03-18 00:00:00-04:00,17.37098324557674,17.508849473957802,17.1346435546875,17.1346435546875,441400,0.0,0.0
2024-03-19 00:00:00-04:00,17.223273616411362,17.233121339711108,16.858917245626582,17.0755615234375,318200,0.0,0.0
2024-03-20 00:00:00-04:00,17.085409373657733,17.518699810759475,16.740746568650916,17.499004364013672,448200,0.0,0.0
2024-03-21 00:00:00-04:00,17.508852860381314,17.65656496097378,17.302054416942852,17.62702178955078,599200,0.0,0.0
2024-03-22 00:00:00-04:00,17.57778298388972,17.64671516418457,17.370984564744123,17.64671516418457,408600,0.0,0.0
2024-03-25 00:00:00-04:00,17.65656302855673,17.774731944793235,17.33159569151475,17.410375595092773,416500,0.0,0.0
2024-03-26 00:00:00-04:00,17.54823979220339,17.54823979220339,17.370984541250056,17.430070877075195,388500,0.0,0.0
2024-03-27 00:00:00-04:00,17.430070877075195,17.57778296011596,17.321747806323483,17.430070877075195,482500,0.0,0.0
2024-03-28 00:00:00-04:00,17.51869775770935,17.617171223375706,17.27251033702155,17.292203903198242,425100,0.0,0.0
2024-04-01 00:00:00-04:00,17.321747615354624,17.63686722323707,17.292204447767762,17.449764251708984,486300,0.0,0.0
2024-04-02 00:00:00-04:00,17.4497644440892,17.538392069565866,17.01647591760443,17.430070877075195,642600,0.0,0.0
2024-04-03 00:00:00-04:00,17.459610453392422,17.50884906174819,17.154338594630094,17.183881759643555,319700,0.0,0.0
2024-04-04 00:00:00-04:00,17.233120978915455,17.32174860849648,17.08540888903412,17.11495018005371,288100,0.0,0.0
2024-04-05 00:00:00-04:00,17.114950097998562,17.29220535631079,17.085408807120604,17.124797821044922,650800,0.0,0.0
2024-04-08 00:00:00-04:00,17.075561084074245,17.16418871323036,17.00662890101085,17.124797821044922,428200,0.0,0.0
2024-04-09 00:00:00-04:00,17.2134258590908,17.597479553977195,17.2134258590908,17.518699645996094,584500,0.0,0.0
2024-04-10 00:00:00-04:00,17.37098320466789,17.577781607622025,17.233118854872398,17.361135482788086,529400,0.0,0.0
2024-04-11 00:00:00-04:00,17.45961186509041,17.597478101372882,17.24296760559082,17.24296760559082,411300,0.0,0.0
2024-04-12 00:00:00-04:00,17.233119463561284,17.242967185788917,16.829372243533008,16.84906768798828,581100,0.0,0.0
2024-04-15 00:00:00-04:00,16.95738917444499,17.065712242594667,16.494557491165352,16.593032836914062,541200,0.0,0.0
2024-04-16 00:00:00-04:00,16.593032674287574,16.740744752332432,16.30745436224134,16.612728118896484,512900,0.0,0.0
2024-04-17 00:00:00-04:00,16.740744998589875,16.80967717747407,16.533948461937282,16.58318519592285,493700,0.0,0.0
2024-04-18 00:00:00-04:00,16.632420657395755,16.91799895179385,16.533947196958625,16.73089599609375,855800,0.0,0.0
2024-04-19 00:00:00-04:00,16.730898801684756,17.06571388244629,16.730898801684756,17.06571388244629,756800,0.0,0.0
2024-04-22 00:00:00-04:00,17.10510332844029,17.41037521332868,17.085407883412387,17.23311996459961,690800,0.0,0.0
2024-04-23 00:00:00-04:00,17.311900779519966,17.74519120168144,17.302053056486624,17.567935943603516,800400,0.0,0.0
2024-04-24 00:00:00-04:00,17.64671658896934,18.14893921514516,17.627021142077457,18.13909149169922,641500,0.0,0.0
2024-04-25 00:00:00-04:00,18.198174259680926,18.48375257823942,18.011073166412622,18.336040496826172,714000,0.0,0.0
2024-04-26 00:00:00-04:00,18.247412737898433,18.818567492546737,18.247412737898433,18.57238006591797,494800,0.0,0.0
2024-04-29 00:00:00-04:00,18.789024463594934,18.789024463594934,18.286801884181077,18.336040496826172,588000,0.0,0.0
2024-04-30 00:00:00-04:00,18.25726139432835,18.25726139432835,17.991378509185058,18.020919799804688,430300,0.0,0.0
2024-05-01 00:00:00-04:00,17.922446001351176,18.158785713323102,17.823970651797605,18.06031036376953,438700,0.0,0.0
2024-05-02 00:00:00-04:00,19.41926449701737,23.811249382051553,19.399570929391146,23.74231719970703,2183300,0.0,0.0
2024-05-03 00:00:00-04:00,24.086979963041845,24.28393068053283,23.062841115567963,23.96881103515625,1290800,0.0,0.0
2024-05-06 00:00:00-04:00,23.68323063623059,24.195300954851845,23.456738645469255,23.98850440979004,758800,0.0,0.0
2024-05-07 00:00:00-04:00,23.880179334627172,23.96880695458357,23.515821132777436,23.555212020874023,694300,0.0,0.0
2024-05-08 00:00:00-04:00,23.565059905167477,24.07713018438369,23.37795694194214,23.5355167388916,468900,0.0,0.0
2024-05-09 00:00:00-04:00,23.55521210194085,23.68322873217349,23.240092509127344,23.545364379882812,400200,0.0,0.0
2024-05-10 00:00:00-04:00,23.427198657251832,23.476435395976125,22.84619612465151,23.397655487060547,438700,0.0,0.0
2024-05-13 00:00:00-04:00,23.57490981339017,23.7029264559349,23.249942467264667,23.505977630615234,343800,0.0,0.0
2024-05-14 00:00:00-04:00,23.614298698552737,23.693078603903814,23.230246894748884,23.299179077148438,309200,0.0,0.0
2024-05-15 00:00:00-04:00,23.604449898520066,23.633993066026566,23.141618210484346,23.200702667236328,428200,0.0,0.0
2024-05-16 00:00:00-04:00,23.092383140347994,23.614299322746703,23.092383140347994,23.44689178466797,282600,0.0,0.0
2024-05-17 00:00:00-04:00,23.505976956331963,23.505976956331963,23.131771005915034,23.141618728637695,289000,0.0,0.0
2024-05-20 00:00:00-04:00,23.20070187332471,23.26963405022005,23.062837519534032,23.07268524169922,248500,0.0,0.0
2024-05-21 00:00:00-04:00,22.984059145661593,23.072686772768495,22.728023987159546,22.895431518554688,307800,0.0,0.0
2024-05-22 00:00:00-04:00,22.924974523285442,23.131771066217272,22.590159462886334,22.91512680053711,310000,0.0,0.0
2024-05-23 00:00:00-04:00,22.915126116324473,22.915126116324473,22.412903540721448,22.55076789855957,547800,0.0,0.0
2024-05-24 00:00:00-04:00,22.62954788350709,22.984058380126953,22.491683525159814,22.984058380126953,240600,0.0,0.0
2024-05-28 00:00:00-04:00,22.915125745898795,23.45673732430278,22.88558257901348,23.259788513183594,375500,0.0,0.0
2024-05-29 00:00:00-04:00,23.02344775332499,23.151466269452666,22.462140710371006,22.50153160095215,353800,0.0,0.0
2024-05-30 00:00:00-04:00,22.629548156736075,22.718175781961133,22.343971714102814,22.51137924194336,403300,0.0,0.0
2024-05-31 00:00:00-04:00,22.659804004855687,23.025923945393878,22.14525777552626,22.263999938964844,585600,0.11,0.0
2024-06-03 00:00:00-04:00,22.481693485184334,22.659805800787396,21.996833230122,22.353057861328125,390800,0.0,0.0
2024-06-04 00:00:00-04:00,22.362953591444832,22.38274426849028,21.858302650842987,22.115575790405273,337800,0.0,0.0
2024-06-05 00:00:00-04:00,22.095785593873227,22.095785593873227,21.68019080359518,21.818721771240234,362200,0.0,0.0
2024-06-06 00:00:00-04:00,21.660398543205492,21.84840619080077,21.5218675856841,21.630714416503906,449600,0.0,0.0
2024-06-07 00:00:00-04:00,21.521867920157888,21.60102873816361,21.14585450646641,21.413021087646484,352600,0.0,0.0
2024-06-10 00:00:00-04:00,21.333858573369966,21.660397157598087,20.947949852193815,21.28438377380371,330700,0.0,0.0
2024-06-11 00:00:00-04:00,21.28438594007385,21.492182384212267,21.05679881915764,21.12606430053711,419200,0.0,0.0
2024-06-12 00:00:00-04:00,21.393232440270303,21.551554077329794,21.17553877380641,21.323965072631836,350900,0.0,0.0
2024-06-13 00:00:00-04:00,21.06669434225532,21.20522530622888,20.621413547564835,21.007322311401367,363700,0.0,0.0
2024-06-14 00:00:00-04:00,20.809420075707756,20.809420075707756,20.38392998103707,20.5224609375,315700,0.0,0.0
2024-06-17 00:00:00-04:00,20.41361433310165,20.492775150147082,20.017810247874465,20.383930206298828,545800,0.0,0.0
2024-06-18 00:00:00-04:00,20.463091023344266,20.56204251648675,20.294874051204868,20.383930206298828,368100,0.0,0.0
2024-06-20 00:00:00-04:00,20.215713300477365,20.532356569697864,20.017810313543173,20.334453582763672,427300,0.0,0.0
2024-06-21 00:00:00-04:00,20.354245624332968,20.76984041489957,20.304770817951923,20.660993576049805,2233800,0.0,0.0
2024-06-24 00:00:00-04:00,20.62141198980839,21.096376876703825,20.58183063889576,20.809419631958008,351200,0.0,0.0
2024-06-25 00:00:00-04:00,20.759943272460927,20.77973394823102,20.512565487362938,20.591726303100586,314000,0.0,0.0
2024-06-26 00:00:00-04:00,20.512566981459017,20.918266427582672,20.38393135426929,20.8391056060791,351000,0.0,0.0
2024-06-27 00:00:00-04:00,20.967741353071236,20.967741353071236,20.631307418206088,20.74015235900879,272200,0.0,0.0
2024-06-28 00:00:00-04:00,20.68078339678257,21.551554296820907,20.68078339678257,21.195329666137695,1945300,0.0,0.0
2024-07-01 00:00:00-04:00,21.165642750321968,21.28438491794363,20.106866129011593,20.562042236328125,678300,0.0,0.0
2024-07-02 00:00:00-04:00,20.53235759036188,20.997427179230264,20.522462251788998,20.888582229614258,453700,0.0,0.0
2024-07-03 00:00:00-04:00,20.997426856976645,21.135959707528052,20.839105216926033,21.076587677001953,168600,0.0,0.0
2024-07-05 00:00:00-04:00,21.037008128762025,21.41302155058268,21.037008128762025,21.13595962524414,263600,0.0,0.0
2024-07-08 00:00:00-04:00,21.294279220320416,21.39323070730269,21.12606225865334,21.215118408203125,412700,0.0,0.0
2024-07-09 00:00:00-04:00,21.165642480241157,21.19532849360345,20.660991577138372,20.73025894165039,306700,0.0,0.0
2024-07-10 00:00:00-04:00,20.819315133860865,20.848999259936726,20.482881197821243,20.700572967529297,242800,0.0,0.0
2024-07-11 00:00:00-04:00,21.106273340133487,21.4526026297197,21.00732184491703,21.304176330566406,306500,0.0,0.0
2024-07-12 00:00:00-04:00,21.57134264251654,21.739559616063787,21.452602359625992,21.472393035888672,417100,0.0,0.0
2024-07-15 00:00:00-04:00,21.709874994413518,22.135365087653703,21.53176268679272,21.77914047241211,537000,0.0,0.0
2024-07-16 00:00:00-04:00,22.026518280469368,23.124876253687994,21.986936928805438,22.966552734375,600800,0.0,0.0
2024-07-17 00:00:00-04:00,22.96655444044552,23.64931770862558,22.926974973184155,23.095191955566406,491600,0.0,0.0
2024-07-18 00:00:00-04:00,22.966554153277038,23.560261253516867,22.966554153277038,23.273303985595703,471300,0.0,0.0
2024-07-19 00:00:00-04:00,23.302988197074747,23.57015667623844,23.184247909008338,23.213932037353516,310100,0.0,0.0
2024-07-22 00:00:00-04:00,23.263408172314676,23.580051449355853,22.936869556948114,23.560260772705078,385300,0.0,0.0
2024-07-23 00:00:00-04:00,23.481099558461217,24.09459731291574,23.184246963064275,23.80763816833496,471900,0.0,0.0
2024-07-24 00:00:00-04:00,23.708686687489955,24.262814300646873,23.5404716007213,23.79774284362793,401600,0.0,0.0
2024-07-25 00:00:00-04:00,23.867009989644764,24.252918737771925,23.748267820113384,23.946170806884766,385900,0.0,0.0
2024-07-26 00:00:00-04:00,24.401344110424745,24.75756871819064,24.144070992298566,24.52998161315918,426800,0.0,0.0
2024-07-29 00:00:00-04:00,24.63882655315445,24.787252843942674,24.272708495032997,24.52998161315918,312400,0.0,0.0
2024-07-30 00:00:00-04:00,24.737779220732133,25.084108507290935,24.49040142852481,24.985157012939453,387900,0.0,0.0
2024-07-31 00:00:00-04:00,24.92578568437535,25.014841836316823,24.31228795848327,24.52998161315918,535400,0.0,0.0
2024-08-01 00:00:00-04:00,25.35127608108153,26.123093557628238,23.89669350634158,24.33207893371582,613600,0.0,0.0
2024-08-02 00:00:00-04:00,23.589944634170315,23.946169231993526,23.194140574001544,23.71858024597168,418400,0.0,0.0
2024-08-05 00:00:00-04:00,22.382743280536534,22.758756691088927,21.7692455306068,22.719175338745117,532800,0.0,0.0
2024-08-06 00:00:00-04:00,22.66970056898472,23.223826291213356,22.41242744040002,22.70928192138672,424000,0.0,0.0
2024-08-07 00:00:00-04:00,22.887391867359216,23.164455666360798,21.67029361654794,21.798931121826172,355800,0.0,0.0
2024-08-08 00:00:00-04:00,22.125470447621627,22.550960554282472,22.016623614566218,22.541065216064453,374200,0.0,0.0
2024-08-09 00:00:00-04:00,22.432216818141363,22.748860069657816,21.986936066107194,22.313474655151367,289400,0.0,0.0
2024-08-12 00:00:00-04:00,22.21452531333002,22.343160928003524,21.937461521354365,22.1452579498291,266700,0.0,0.0
2024-08-13 00:00:00-04:00,22.37284865399067,22.45200947385314,22.10568017920128,22.28379249572754,241300,0.0,0.0
2024-08-14 00:00:00-04:00,22.3926373273828,22.481693485184334,22.085889387923533,22.353057861328125,209300,0.0,0.0
2024-08-15 00:00:00-04:00,22.699386866479028,22.83791782692878,22.43221839646069,22.531169891357422,259700,0.0,0.0
2024-08-16 00:00:00-04:00,22.550960453431962,22.86760372562133,22.412427606342032,22.600435256958008,180000,0.0,0.0
2024-08-19 00:00:00-04:00,22.491586659799886,22.73896443270752,22.432216522757987,22.511377334594727,254700,0.0,0.0
2024-08-20 00:00:00-04:00,22.620226507679163,22.669701312461477,22.095784895209647,22.244211196899414,274600,0.0,0.0
2024-08-21 00:00:00-04:00,22.333264953510355,22.699384886490044,22.224418129884004,22.56085205078125,251100,0.0,0.0
2024-08-22 00:00:00-04:00,22.511379060548684,22.79833820504724,22.38274343920494,22.6301212310791,664200,0.0,0.0
2024-08-23 00:00:00-04:00,22.125470276480087,22.99623927215959,22.125470276480087,22.6400146484375,521600,0.0,0.0
2024-08-26 00:00:00-04:00,22.83791593221923,22.946762756309617,22.461902547618315,22.501482009887695,380500,0.0,0.0
2024-08-27 00:00:00-04:00,22.382744150733465,22.471798422283776,22.165050479064533,22.18484115600586,285900,0.0,0.0
2024-08-28 00:00:00-04:00,22.234315790067072,22.432218783273097,21.808827563156914,22.29368782043457,281500,0.0,0.0
2024-08-29 00:00:00-04:00,22.48169171635871,22.58064320472426,21.99683149944445,22.254104614257812,387800,0.0,0.0
2024-08-30 00:00:00-04:00,22.433253672363318,22.642258221679636,22.08491085852051,22.33372688293457,276200,0.13,0.0
2024-09-03 00:00:00-04:00,22.10481490644097,22.283962749440892,21.507657960862073,21.567373275756836,579700,0.0,0.0
2024-09-04 00:00:00-04:00,21.617135513717713,22.18443764386238,21.537514461852506,21.865951538085938,549600,0.0,0.0
2024-09-05 00:00:00-04:00,21.875904537963557,22.084910986809586,21.577326066258514,21.686805725097656,373900,0.0,0.0
2024-09-06 00:00:00-04:00,21.756473575555688,21.846047495359112,21.149361874291507,21.22898292541504,303400,0.0,0.0
2024-09-09 00:00:00-04:00,21.099600198044,21.20907796088081,20.711445898646897,21.029930114746094,643300,0.0,0.0
2024-09-10 00:00:00-04:00,21.029929990010878,21.23893644203358,20.810972567320302,21.209077835083008,476600,0.0,0.0
2024-09-11 00:00:00-04:00,21.099599838256836,21.169268022051106,20.542250571271413,21.099599838256836,381500,0.0,0.0
2024-09-12 00:00:00-04:00,21.258842527875643,21.637042063860072,21.129457127288244,21.6071834564209,409000,0.0,0.0
2024-09-13 00:00:00-04:00,21.716663424340247,22.194389760196078,21.62708949907781,22.065006256103516,388200,0.0,0.0
2024-09-16 00:00:00-04:00,22.214293861799735,22.59249527355276,22.055051761582327,22.11476707458496,460500,0.0,0.0
2024-09-17 00:00:00-04:00,22.26405840969092,22.463110087638825,21.806235943611128,21.81618881225586,416100,0.0,0.0
2024-09-18 00:00:00-04:00,21.766426690235956,22.055052291952407,21.567373111019656,21.806236267089844,381100,0.0,0.0
2024-09-19 00:00:00-04:00,22.144627182474032,22.254106845668638,21.736569035695947,22.24415397644043,284100,0.0,0.0
2024-09-20 00:00:00-04:00,22.094864817618564,22.53277967541002,21.905764098203882,22.12472152709961,2494400,0.0,0.0
2024-09-23 00:00:00-04:00,22.313821435846187,22.403395357666486,21.796283642732366,21.91571617126465,333200,0.0,0.0
2024-09-24 00:00:00-04:00,21.895811405112266,22.065006387357126,21.64699536641781,21.8858585357666,252900,0.0,0.0
2024-09-25 00:00:00-04:00,21.95552550234426,22.14462621276818,21.68680563821256,21.806236267089844,304000,0.0,0.0
2024-09-26 00:00:00-04:00,22.025194057518256,22.16453232464894,21.736568450927734,21.736568450927734,298600,0.0,0.0
2024-09-27 00:00:00-04:00,21.965479461554622,22.37353761072094,21.88585840557865,22.065006256103516,219700,0.0,0.0
2024-09-30 00:00:00-04:00,21.955526224739636,22.224247996028616,21.92566951569576,22.134674072265625,287400,0.0,0.0
2024-10-01 00:00:00-04:00,22.144626427113334,22.144626427113334,21.35836686974567,21.507658004760742,563900,0.0,0.0
2024-10-02 00:00:00-04:00,21.428036873314948,21.64699429311606,21.069741187898924,21.15931510925293,406500,0.0,0.0
2024-10-03 00:00:00-04:00,21.01002669090771,21.258842726950423,20.78111449502848,20.90054702758789,248600,0.0,0.0
2024-10-04 00:00:00-04:00,21.179221882362913,21.676853959406365,21.16926901302416,21.477800369262695,342100,0.0,0.0
2024-10-07 00:00:00-04:00,21.408132034787787,21.418084904058006,21.109551651628347,21.248889923095703,244200,0.0,0.0
2024-10-08 00:00:00-04:00,21.268795093825354,21.28869893351871,21.059788641361997,21.149362564086914,178200,0.0,0.0
2024-10-09 00:00:00-04:00,21.15931449549417,21.328509464442238,20.98016665798262,21.119503021240234,185900,0.0,0.0
2024-10-10 00:00:00-04:00,20.90054622278932,20.90054622278932,20.56215627493605,20.69154167175293,230000,0.0,0.0
2024-10-11 00:00:00-04:00,20.671635727129296,21.069740985820214,20.671635727129296,20.99011993408203,229100,0.0,0.0
2024-10-14 00:00:00-04:00,20.95030949440543,21.3882262497648,20.810973121556604,21.308605194091797,241000,0.0,0.0
2024-10-15 00:00:00-04:00,21.29865208295686,21.627089171167437,21.179221449961567,21.199125289916992,343800,0.0,0.0
2024-10-16 00:00:00-04:00,21.199124276787657,21.49770464163777,21.199124276787657,21.288698196411133,263400,0.0,0.0
2024-10-17 00:00:00-04:00,21.368320511267623,21.39817911901339,20.87068843873243,21.308605194091797,445200,0.0,0.0
2024-10-18 00:00:00-04:00,21.308604141034767,21.308604141034767,20.940357488614023,20.99011993408203,391600,0.0,0.0
2024-10-21 00:00:00-04:00,21.059788453573272,21.069741322489033,20.45267673792146,20.512393951416016,319700,0.0,0.0
2024-10-22 00:00:00-04:00,20.502441236754578,20.771163004554936,20.482535498773295,20.741304397583008,297300,0.0,0.0
2024-10-23 00:00:00-04:00,20.70149254840448,21.29865138886753,20.661682971475276,21.278745651245117,305700,0.0,0.0
2024-10-24 00:00:00-04:00,21.32850975698772,21.39817793957211,21.029929390934566,21.169267654418945,312600,0.0,0.0
2024-10-25 00:00:00-04:00,21.169268997758856,21.368320689443262,20.87068861275866,21.06974220275879,263200,0.0,0.0
2024-10-28 00:00:00-04:00,21.228983734981657,21.517611242758512,21.228983734981657,21.437990188598633,281800,0.0,0.0
2024-10-29 00:00:00-04:00,21.298652217244044,21.915716819329234,21.298652217244044,21.895811080932617,252100,0.0,0.0
2024-10-30 00:00:00-04:00,21.905763378249993,22.532778934848665,21.87590477143457,22.26405906677246,286000,0.0,0.0
2024-10-31 00:00:00-04:00,22.323775031950404,22.86121668206381,22.24415397644043,22.24415397644043,330200,0.0,0.0
2024-11-01 00:00:00-04:00,22.244152923393397,22.333726843891117,21.826141927175907,21.925668716430664,318800,0.0,0.0
2024-11-04 00:00:00-05:00,21.82614163844068,22.20434115462687,21.706709113251808,21.875904083251953,244800,0.0,0.0
2024-11-05 00:00:00-05:00,21.786331246333503,22.26405947250803,21.786331246333503,22.134674072265625,346600,0.0,0.0
2024-11-06 00:00:00-05:00,23.18965392811206,25.00103627510661,23.169750087838498,24.632787704467773,722700,0.0,0.0
2024-11-07 00:00:00-05:00,24.62283451130633,24.841791937961304,24.125202443014004,24.64274024963379,458500,0.0,0.0
2024-11-08 00:00:00-05:00,24.68255002296973,25.170231124266785,24.57307225793519,24.811935424804688,443600,0.0,0.0
2024-11-11 00:00:00-05:00,24.98112941903446,25.47876147161158,24.831840182924452,25.309566497802734,589500,0.0,0.0
2024-11-12 00:00:00-05:00,25.1901350113945,25.399141469242245,24.73231441528677,24.752220153808594,491600,0.0,0.0
2024-11-13 00:00:00-05:00,25.876866589008376,29.330432331147794,25.628050564114066,27.82758331298828,971000,0.0,0.0
2024-11-14 00:00:00-05:00,27.827583841448565,28.225691007492223,25.83705560449291,26.175445556640625,585300,0.0,0.0
2024-11-15 00:00:00-05:00,26.35459290987683,26.59345606605605,26.026155832840953,26.42426109313965,404600,0.0,0.0
2024-11-18 00:00:00-05:00,26.364546860841752,26.78255787589211,26.29487867471931,26.68303108215332,294000,0.0,0.0
2024-11-19 00:00:00-05:00,26.563600427433396,26.563600427433396,26.195351860384125,26.274972915649414,328200,0.0,0.0
2024-11-20 00:00:00-05:00,26.37449873464054,26.424261180473987,26.016203050029706,26.30483055114746,582000,0.0,0.0
2024-11-21 00:00:00-05:00,26.3048312245973,27.05127932110317,26.24511590840522,26.692983627319336,752800,0.0,0.0
2024-11-22 00:00:00-05:00,26.95175122534604,27.35980934650606,26.9019887806448,27.2005672454834,404100,0.0,0.0
2024-11-25 00:00:00-05:00,27.359810032981137,27.9072064300072,27.34985716412805,27.588720321655273,528900,0.0,0.0
2024-11-26 00:00:00-05:00,27.449383548803137,28.006730908132347,27.06123116084546,27.250329971313477,302800,0.0,0.0
2024-11-27 00:00:00-05:00,27.35981104270689,27.638485685931077,26.93184715780806,27.499147415161133,289100,0.0,0.0
2024-11-29 00:00:00-05:00,27.72805975069255,27.72805975069255,26.99156450950295,27.32000160217285,188100,0.0,0.0
2024-12-02 00:00:00-05:00,27.450000762939453,27.90999984741211,27.030000686645508,27.809999465942383,666500,0.13,0.0
2024-12-03 00:00:00-05:00,27.739999771118164,27.75,27.1299991607666,27.34000015258789,340000,0.0,0.0
2024-12-04 00:00:00-05:00,27.280000686645508,27.84000015258789,27.270000457763672,27.360000610351562,416500,0.0,0.0
2024-12-05 00:00:00-05:00,27.260000228881836,27.43000030517578,27.09000015258789,27.239999771118164,246200,0.0,0.0
2024-12-06 00:00:00-05:00,27.360000610351562,27.389999389648438,26.639999389648438,26.8799991607666,284700,0.0,0.0
2024-12-09 00:00:00-05:00,26.940000534057617,27.209999084472656,26.68000030517578,26.860000610351562,289300,0.0,0.0
2024-12-10 00:00:00-05:00,26.829999923706055,27.81999969482422,26.549999237060547,27.530000686645508,386300,0.0,0.0
2024-12-11 00:00:00-05:00,27.8799991607666,28.31999969482422,27.399999618530273,27.6200008392334,426100,0.0,0.0
2024-12-12 00:00:00-05:00,27.56999969482422,27.639999389648438,27.079999923706055,27.309999465942383,398700,0.0,0.0
2024-12-13 00:00:00-05:00,27.229999542236328,27.549999237060547,27.079999923706055,27.350000381469727,323600,0.0,0.0
2024-12-16 00:00:00-05:00,27.5,28.09000015258789,27.1200008392334,28.079999923706055,390600,0.0,0.0
2024-12-17 00:00:00-05:00,28.049999237060547,28.25,27.329999923706055,27.329999923706055,504100,0.0,0.0
2024-12-18 00:00:00-05:00,27.530000686645508,27.81999969482422,25.899999618530273,26.25,442500,0.0,0.0
2024-12-19 00:00:00-05:00,26.389999389648438,26.84000015258789,26.239999771118164,26.700000762939453,500400,0.0,0.0
2024-12-20 00:00:00-05:00,26.270000457763672,26.780000686645508,25.950000762939453,26.1200008392334,2429800,0.0,0.0
2024-12-23 00:00:00-05:00,26.100000381469727,26.420000076293945,25.8799991607666,26.1200008392334,394400,0.0,0.0
2024-12-24 00:00:00-05:00,26.1200008392334,26.600000381469727,26.040000915527344,26.59000015258789,175800,0.0,0.0
2024-12-26 00:00:00-05:00,26.440000534057617,26.790000915527344,26.389999389648438,26.75,191500,0.0,0.0
2024-12-27 00:00:00-05:00,26.6299991607666,26.729999542236328,26.059999465942383,26.309999465942383,222400,0.0,0.0
2024-12-30 00:00:00-05:00,26.100000381469727,26.440000534057617,25.950000762939453,26.229999542236328,237000,0.0,0.0
2024-12-31 00:00:00-05:00,26.399999618530273,26.8799991607666,26.200000762939453,26.469999313354492,306100,0.0,0.0
2025-01-02 00:00:00-05:00,26.540000915527344,26.780000686645508,25.959999084472656,26.1299991607666,371500,0.0,0.0
2025-01-03 00:00:00-05:00,26.1299991607666,26.299999237060547,25.770000457763672,26.059999465942383,284100,0.0,0.0
2025-01-06 00:00:00-05:00,26.0,26.1200008392334,25.549999237060547,25.68000030517578,336400,0.0,0.0
2025-01-07 00:00:00-05:00,25.68000030517578,26.040000915527344,25.34000015258789,25.690000534057617,717400,0.0,0.0
2025-01-08 00:00:00-05:00,25.579999923706055,26.6299991607666,25.579999923706055,26.3799991607666,713800,0.0,0.0
2025-01-10 00:00:00-05:00,26.0,26.270000457763672,25.739999771118164,25.8700008392334,324500,0.0,0.0
2025-01-13 00:00:00-05:00,25.780000686645508,26.239999771118164,25.479999542236328,26.209999084472656,251400,0.0,0.0
2025-01-14 00:00:00-05:00,26.459999084472656,26.81999969482422,26.350000381469727,26.780000686645508,242300,0.0,0.0
2025-01-15 00:00:00-05:00,27.34000015258789,27.450000762939453,26.920000076293945,27.209999084472656,264400,0.0,0.0
2025-01-16 00:00:00-05:00,27.09000015258789,27.600000381469727,27.09000015258789,27.329999923706055,267200,0.0,0.0
2025-01-17 00:00:00-05:00,27.700000762939453,27.7549991607666,27.290000915527344,27.670000076293945,449283,0.0,0.0
