Date,Open,High,Low,Close,Volume,Dividends,Stock Splits
2022-01-03 00:00:00-05:00,14.833283372223736,14.833283372223736,13.906202663637357,14.098299980163574,5300,0.0,0.0
2022-01-04 00:00:00-05:00,14.131712400670223,14.682949279278859,14.131712400670223,14.616132736206055,2400,0.0,0.0
2022-01-05 00:00:00-05:00,14.490848468070148,14.616129257384252,14.449087142944336,14.449087142944336,10200,0.0,0.0
2022-01-06 00:00:00-05:00,14.515903898442627,14.515903898442627,14.115004729118866,14.398975372314453,7900,0.0,0.0
2022-01-07 00:00:00-05:00,14.440736830369062,15.559913290057887,14.231934978638092,15.008676528930664,13400,0.0,0.0
2022-01-10 00:00:00-05:00,17.3973733543339,17.3973733543339,14.40733036300777,15.108904838562012,11500,0.0,0.0
2022-01-11 00:00:00-05:00,15.100551785929577,15.259241659602054,14.449089351667753,15.017030715942383,7700,0.0,0.0
2022-01-12 00:00:00-05:00,15.01702823418023,15.743659352041954,14.666241072631752,15.225830078125,6600,0.0,0.0
2022-01-13 00:00:00-05:00,15.242534853949827,15.434632171151456,14.540960519530973,14.833283424377441,7500,0.0,0.0
2022-01-14 00:00:00-05:00,14.507554169572138,14.758115768432617,14.507554169572138,14.758115768432617,1200,0.0,0.0
2022-01-18 00:00:00-05:00,14.741409722892394,14.983620624206763,14.499200414609657,14.624481201171875,1700,0.0,0.0
2022-01-19 00:00:00-05:00,14.49920097576029,14.49920097576029,14.29039912573163,14.407327651977539,8400,0.0,0.0
2022-01-20 00:00:00-05:00,14.357216048617536,14.716355495422597,14.2486381915207,14.632834434509277,3500,0.0,0.0
2022-01-21 00:00:00-05:00,14.206878979985225,14.908453368604134,14.206878979985225,14.390624046325684,4900,0.0,0.0
2022-01-24 00:00:00-05:00,14.482494295422295,14.482494295422295,14.1233549118042,14.1233549118042,4200,0.0,0.0
2022-01-25 00:00:00-05:00,14.039835929870605,14.081597255635842,14.039835929870605,14.039835929870605,1300,0.0,0.0
2022-01-26 00:00:00-05:00,14.32380774402399,14.540961876662086,14.198526942549037,14.3405122756958,2300,0.0,0.0
2022-01-27 00:00:00-05:00,14.181819134603925,14.181819134603925,14.106650352478027,14.106650352478027,800,0.0,0.0
2022-01-28 00:00:00-05:00,14.106654002410805,14.198527336120605,14.106654002410805,14.198527336120605,1200,0.0,0.0
2022-01-31 00:00:00-05:00,14.198525941223151,14.407327793299961,14.198525941223151,14.30710220336914,1600,0.0,0.0
2022-02-01 00:00:00-05:00,14.307100564218256,14.307100564218256,14.248636307220018,14.282045364379883,1000,0.0,0.0
2022-02-02 00:00:00-05:00,14.390624731564788,14.499202597824333,14.039837520551881,14.23193645477295,4500,0.0,0.0
2022-02-03 00:00:00-05:00,14.23193645477295,14.23193645477295,14.23193645477295,14.23193645477295,400,0.0,0.0
2022-02-04 00:00:00-05:00,14.039833849931304,14.115002632141113,14.039833849931304,14.115002632141113,1300,0.0,0.0
2022-02-07 00:00:00-05:00,14.15676759881535,14.198527336120605,14.15676759881535,14.198527336120605,1000,0.0,0.0
2022-02-08 00:00:00-05:00,14.11500626847823,14.198527336120605,14.11500626847823,14.198527336120605,800,0.0,0.0
2022-02-09 00:00:00-05:00,14.048188209533691,14.048188209533691,14.048188209533691,14.048188209533691,500,0.0,0.0
2022-02-10 00:00:00-05:00,14.198527336120605,14.198527336120605,14.198527336120605,14.198527336120605,500,0.0,0.0
2022-02-11 00:00:00-05:00,14.15676759881535,14.198527336120605,14.15676759881535,14.198527336120605,500,0.0,0.0
2022-02-14 00:00:00-05:00,14.07324504852295,14.699650600299654,14.07324504852295,14.07324504852295,6700,0.0,0.0
2022-02-15 00:00:00-05:00,14.073244778114212,14.098299980163574,14.073244778114212,14.098299980163574,1300,0.0,0.0
2022-02-16 00:00:00-05:00,13.78092416359994,14.365570068359375,13.78092416359994,14.365570068359375,700,0.0,0.0
2022-02-17 00:00:00-05:00,14.0398359357417,14.398975372314453,14.0398359357417,14.398975372314453,1200,0.0,0.0
2022-02-18 00:00:00-05:00,14.449087423769955,14.449087423769955,14.07324504852295,14.07324504852295,1400,0.0,0.0
2022-02-22 00:00:00-05:00,14.407327651977539,14.858340412694655,14.357215654019534,14.407327651977539,10100,0.0,0.0
2022-02-23 00:00:00-05:00,14.365569918538307,14.365569918538307,14.081599235534668,14.081599235534668,2400,0.0,0.0
2022-02-24 00:00:00-05:00,14.248640950808054,14.30710522685962,13.989727045565955,14.006431579589844,5400,0.0,0.0
2022-02-25 00:00:00-05:00,14.006430444876708,14.165118726151588,14.006430444876708,14.089951515197754,1300,0.0,0.0
2022-02-28 00:00:00-05:00,14.365569485152882,14.407329222498102,14.206879615783691,14.206879615783691,3500,0.0,0.0
2022-03-01 00:00:00-05:00,14.32380509279819,14.507551721114401,14.073243536225299,14.282045364379883,16000,0.0,0.0
2022-03-02 00:00:00-05:00,14.282044176726675,14.449084669540825,14.282044176726675,14.323803901672363,3900,0.0,0.0
2022-03-03 00:00:00-05:00,14.48249650359064,14.48249650359064,14.340511181279684,14.440736770629883,3600,0.0,0.0
2022-03-04 00:00:00-05:00,14.3405122756958,14.3405122756958,14.3405122756958,14.3405122756958,900,0.0,0.0
2022-03-07 00:00:00-05:00,14.40732880935123,14.53260961082618,14.3405122756958,14.3405122756958,4100,0.0,0.0
2022-03-08 00:00:00-05:00,14.348863388854584,14.440736712637337,14.348863388854584,14.407327651977539,4900,0.0,0.0
2022-03-09 00:00:00-05:00,14.639414134636475,14.639414134636475,14.23134721457661,14.299358367919922,6700,0.303,0.0
2022-03-10 00:00:00-05:00,14.299360563548511,14.435382891120996,14.188843030463634,14.239850997924805,2800,0.0,0.0
2022-03-11 00:00:00-05:00,14.17184066772461,14.299361404635315,14.17184066772461,14.17184066772461,1300,0.0,0.0
2022-03-14 00:00:00-04:00,14.12933159434016,14.12933159434016,14.044317245483398,14.044317245483398,11400,0.0,0.0
2022-03-15 00:00:00-04:00,14.095326710397513,14.197344264215364,14.03581714630127,14.03581714630127,7600,0.0,0.0
2022-03-16 00:00:00-04:00,14.188841140964447,14.630912835948212,14.035815637444983,14.069820404052734,5300,0.0,0.0
2022-03-17 00:00:00-04:00,13.89129322427582,14.426880922656013,13.89129322427582,14.03581714630127,4900,0.0,0.0
2022-03-18 00:00:00-04:00,14.613911360156495,14.613911360156495,14.06982049720568,14.503392219543457,12800,0.0,0.0
2022-03-21 00:00:00-04:00,14.460888241244565,14.7499361038208,14.426881847287778,14.7499361038208,7200,0.0,0.0
2022-03-22 00:00:00-04:00,14.579905354546886,14.707426071166992,14.545900586821338,14.707426071166992,4600,0.0,0.0
2022-03-23 00:00:00-04:00,14.146332317835139,14.792439060247728,14.103825956714914,14.758434295654297,4800,0.0,0.0
2022-03-24 00:00:00-04:00,14.834951158421031,15.719096362810042,14.64791922597233,15.591575622558594,15900,0.0,0.0
2022-03-25 00:00:00-04:00,15.60857540043008,15.79560567038554,15.438546703005967,15.625576972961426,6200,0.0,0.0
2022-03-28 00:00:00-04:00,15.07298456113427,15.28551959991455,15.07298456113427,15.28551959991455,500,0.0,0.0
2022-03-29 00:00:00-04:00,14.919963904245872,15.591575622558594,14.919963904245872,15.591575622558594,700,0.0,0.0
2022-03-30 00:00:00-04:00,15.591575622558594,15.591575622558594,15.055986243382643,15.591575622558594,1600,0.0,0.0
2022-03-31 00:00:00-04:00,15.302526440357315,15.472555160522461,14.809445097695253,15.472555160522461,3400,0.0,0.0
2022-04-01 00:00:00-04:00,14.99647208927028,15.472551752257113,14.99647208927028,15.31102466583252,2700,0.0,0.0
2022-04-04 00:00:00-04:00,15.472554329841001,15.481054306030272,15.472554329841001,15.481054306030273,600,0.0,0.0
2022-04-05 00:00:00-04:00,15.57456821776456,15.583069814353419,15.302523612976074,15.302523612976074,1300,0.0,0.0
2022-04-06 00:00:00-04:00,15.362033312017488,15.362033312017488,15.260017395019531,15.260017395019531,500,0.0,0.0
2022-04-07 00:00:00-04:00,14.987973574964697,15.251518249511719,14.970972000408457,15.251518249511719,1200,0.0,0.0
2022-04-08 00:00:00-04:00,15.251518249511719,15.251518249511719,15.251518249511719,15.251518249511719,200,0.0,0.0
2022-04-11 00:00:00-04:00,15.004974218421012,15.302523612976074,14.919959874046173,15.302523612976074,5600,0.0,0.0
2022-04-12 00:00:00-04:00,15.106996972328783,15.727599143981934,15.106996972328783,15.727599143981934,5500,0.0,0.0
2022-04-13 00:00:00-04:00,15.855116308604131,17.002806040650853,15.855116308604131,16.662750244140625,10400,0.0,0.0
2022-04-14 00:00:00-04:00,16.152666091918945,17.461882964011718,16.152666091918945,16.152666091918945,5900,0.0,0.0
2022-04-18 00:00:00-04:00,15.97413570294444,17.427874718183354,15.812608605191071,17.21533966064453,16100,0.0,0.0
2022-04-19 00:00:00-04:00,17.308856392124646,17.512889862060547,17.28335160031495,17.512889862060547,2400,0.0,0.0
2022-04-20 00:00:00-04:00,17.342865163204497,17.60640825335341,16.501226297363054,16.86678695678711,16100,0.0,0.0
2022-04-21 00:00:00-04:00,17.019807025339002,17.17283251927229,16.246179580688477,16.246179580688477,6900,0.0,0.0
2022-04-22 00:00:00-04:00,16.280182379677807,16.798768352840373,14.851946770748057,15.710588455200195,4700,0.0,0.0
2022-04-25 00:00:00-04:00,15.727594851590649,16.492720763311205,15.166502408227984,15.175004005432129,8100,0.0,0.0
2022-04-26 00:00:00-04:00,15.302522932288419,16.084651947021484,14.664917810109735,16.084651947021484,4100,0.0,0.0
2022-04-27 00:00:00-04:00,14.885955400771492,16.008140228260785,14.877453804016113,14.877453804016113,13100,0.0,0.0
2022-04-28 00:00:00-04:00,14.766936870927626,14.87745439007351,14.418377876281738,14.418377876281738,14900,0.0,0.0
2022-04-29 00:00:00-04:00,14.41837789373031,14.41837789373031,13.831782287416075,14.307860374450684,14500,0.0,0.0
2022-05-02 00:00:00-04:00,14.307857488738632,15.45554692161881,14.307857488738632,15.44704532623291,8200,0.0,0.0
2022-05-03 00:00:00-04:00,14.690426079905397,15.004977106671141,14.537400554878143,14.936965942382812,3400,0.0,0.0
2022-05-04 00:00:00-04:00,14.681923994526713,15.42154517893203,14.681923994526713,15.37903881072998,1300,0.0,0.0
2022-05-05 00:00:00-04:00,14.749933410990172,14.749933410990172,14.239848945361043,14.282355308532715,3900,0.0,0.0
2022-05-06 00:00:00-04:00,14.086824117243273,14.316362380981445,14.086824117243273,14.316362380981445,1400,0.0,0.0
2022-05-09 00:00:00-04:00,14.35886775253457,15.421543024250008,14.324862987026842,14.877453804016113,6900,0.0,0.0
2022-05-10 00:00:00-04:00,14.545900358829574,14.783938593719068,14.027314281653698,14.375871658325195,12000,0.0,0.0
2022-05-11 00:00:00-04:00,14.664920348211032,14.885957023403424,13.899794393476727,14.197343826293945,12100,0.0,0.0
2022-05-12 00:00:00-04:00,14.42688011476687,14.42688011476687,13.823281288146973,13.823281288146973,5800,0.0,0.0
2022-05-13 00:00:00-04:00,13.789275306079391,13.882791259481781,13.721264145836008,13.831783294677734,2700,0.0,0.0
2022-05-16 00:00:00-04:00,14.34186770693947,14.707426677244365,13.857286369391767,14.392875671386719,5400,0.0,0.0
2022-05-17 00:00:00-04:00,14.052819240264323,14.409878218357676,14.052819240264323,14.078322410583496,2100,0.0,0.0
2022-05-18 00:00:00-04:00,13.69575950102862,13.891291363007035,13.041151140651715,13.585240364074707,15000,0.0,0.0
2022-05-19 00:00:00-04:00,13.525730937675645,13.772272382849856,13.525730937675645,13.653251647949219,4700,0.0,0.0
2022-05-20 00:00:00-04:00,14.579906724480656,14.579906724480656,13.287693809972215,13.415214538574219,3200,0.0,0.0
2022-05-23 00:00:00-04:00,13.840283262218035,13.840283262218035,13.48322349686112,13.772272109985352,2000,0.0,0.0
2022-05-24 00:00:00-04:00,13.772272951375578,13.789274524337095,13.287692448667102,13.534233093261719,3700,0.0,0.0
2022-05-25 00:00:00-04:00,13.976306988767623,14.027314952753734,13.287692988899375,13.483224868774414,4200,0.0,0.0
2022-05-26 00:00:00-04:00,14.20584305197218,14.384373350836398,13.423714753950254,13.619247436523438,4500,0.0,0.0
2022-05-27 00:00:00-04:00,13.772272524508294,13.840283678788001,13.644750191409248,13.695759773254395,1500,0.0,0.0
2022-05-31 00:00:00-04:00,13.661752711547317,13.661752711547317,13.466220855326197,13.50872802734375,4400,0.0,0.0
2022-06-01 00:00:00-04:00,13.60224437713623,13.610745974453607,13.517230025476351,13.60224437713623,4500,0.0,0.0
2022-06-02 00:00:00-04:00,13.967803957409282,13.984807150830612,13.678756155301766,13.882789611816406,3000,0.0,0.0
2022-06-03 00:00:00-04:00,13.857285359249907,13.95930290222168,13.449218430390491,13.95930290222168,1500,0.0,0.0
2022-06-06 00:00:00-04:00,13.967805862426758,13.967805862426758,13.78927555018125,13.967805862426758,4500,0.0,0.0
2022-06-07 00:00:00-04:00,13.976308125310782,14.605411804010862,13.517231547562197,14.027316093444824,7000,0.0,0.0
2022-06-08 00:00:00-04:00,13.814780038169813,14.197343826293945,13.619248156023682,14.197343826293945,10100,0.0,0.0
2022-06-09 00:00:00-04:00,13.618121452412366,14.244538307189941,13.618121452412366,14.244538307189941,5700,0.155,0.0
2022-06-10 00:00:00-04:00,14.038593234895497,14.072916571366822,13.626702558658362,13.901296615600586,3200,0.0,0.0
2022-06-13 00:00:00-04:00,13.841228240856404,13.892715701841881,13.395014217563743,13.437919616699219,7000,0.0,0.0
2022-06-14 00:00:00-04:00,13.343529439924565,14.021432180710768,13.017449526611234,13.214813232421875,11700,0.0,0.0
2022-06-15 00:00:00-04:00,13.515150085572275,13.626703803528502,13.21481308966301,13.300623893737793,4500,0.0,0.0
2022-06-16 00:00:00-04:00,13.026031168698575,13.386435251351678,12.596978767287977,13.257719039916992,6900,0.0,0.0
2022-06-17 00:00:00-04:00,13.395014368136277,14.28744324310576,13.223393588017613,14.278861999511719,10300,0.0,0.0
2022-06-21 00:00:00-04:00,14.107242931661018,14.107242931661018,13.703933459061842,13.858391761779785,5800,0.0,0.0
2022-06-22 00:00:00-04:00,13.618123417533669,14.28744494909276,13.129003931204242,14.158729553222656,12700,0.0,0.0
2022-06-23 00:00:00-04:00,14.07291810159309,14.304606785610348,13.772581100463867,13.772581100463867,1500,0.0,0.0
2022-06-24 00:00:00-04:00,14.613525728068803,14.759403613478598,13.94420337677002,13.94420337677002,6400,0.0,0.0
2022-06-27 00:00:00-04:00,13.858392567110423,14.416160374840212,13.643866361313961,13.94420337677002,6900,0.0,0.0
2022-06-28 00:00:00-04:00,13.94420166293253,13.94420166293253,13.609540528415275,13.781161308288574,1900,0.0,0.0
2022-06-29 00:00:00-04:00,14.33034829437591,14.373252872148191,13.712511899544781,14.012848854064941,3300,0.0,0.0
2022-06-30 00:00:00-04:00,13.600960125806715,14.244538665166294,13.558054726178923,14.064335823059082,4600,0.0,0.0
2022-07-01 00:00:00-04:00,13.901297938052087,13.987107105745958,13.472244734410406,13.721095085144043,7000,0.0,0.0
2022-07-05 00:00:00-04:00,13.661029028497907,13.909878579376002,13.643866539001465,13.643866539001465,1000,0.0,0.0
2022-07-06 00:00:00-04:00,13.729676329254422,13.729676329254422,13.695352171165386,13.721095085144043,1700,0.0,0.0
2022-07-07 00:00:00-04:00,13.721094860991792,13.815486907958984,13.558055317320454,13.815486907958984,1500,0.0,0.0
2022-07-08 00:00:00-04:00,13.703931920575323,13.712512345397348,12.965961374623436,12.974542617797852,9400,0.0,0.0
2022-07-11 00:00:00-04:00,13.120421359573665,13.120421359573665,12.974543489220425,12.983124732971191,3500,0.0,0.0
2022-07-12 00:00:00-04:00,13.129003263647169,13.129003263647169,13.000287055969238,13.000287055969238,400,0.0,0.0
2022-07-13 00:00:00-04:00,13.129002571105957,13.129002571105957,13.129002571105957,13.129002571105957,500,0.0,0.0
2022-07-14 00:00:00-04:00,12.923058270056126,13.026030744841725,12.794342062809765,12.862990379333496,4500,0.0,0.0
2022-07-15 00:00:00-04:00,12.802921846071502,13.21481169821474,12.802921846071502,12.974542617797852,7900,0.0,0.0
2022-07-18 00:00:00-04:00,12.940220138906163,13.420759180310814,12.639883135734193,13.352110862731934,8500,0.0,0.0
2022-07-19 00:00:00-04:00,13.129002711298524,13.549473838314702,13.043191909790039,13.043191909790039,2000,0.0,0.0
2022-07-20 00:00:00-04:00,12.89731502532959,12.89731502532959,12.89731502532959,12.89731502532959,200,0.0,0.0
2022-07-21 00:00:00-04:00,13.171908392128692,13.274880865116918,12.957382202148438,12.957382202148438,2700,0.0,0.0
2022-07-22 00:00:00-04:00,13.08609676361084,13.197650473568501,13.08609676361084,13.08609676361084,500,0.0,0.0
2022-07-25 00:00:00-04:00,12.536912050361973,13.171910285949707,12.536912050361973,13.171910285949707,1400,0.0,0.0
2022-07-26 00:00:00-04:00,12.957381926634007,13.429338879873313,12.948800682812667,13.043191909790039,900,0.0,0.0
2022-07-27 00:00:00-04:00,13.051773071289062,13.051773071289062,13.051773071289062,13.051773071289062,200,0.0,0.0
2022-07-28 00:00:00-04:00,13.300623412071134,13.300623412071134,13.051773071289062,13.051773071289062,900,0.0,0.0
2022-07-29 00:00:00-04:00,13.129002571105957,13.129002571105957,13.129002571105957,13.129002571105957,700,0.0,0.0
2022-08-01 00:00:00-04:00,13.189068794250488,13.189068794250488,13.189068794250488,13.189068794250488,100,0.0,0.0
2022-08-02 00:00:00-04:00,13.300622500521667,13.300622500521667,13.171907126244673,13.189068794250488,2900,0.0,0.0
2022-08-03 00:00:00-04:00,13.189068445970705,13.334946302753755,13.189068445970705,13.283459663391113,3000,0.0,0.0
2022-08-04 00:00:00-04:00,13.283459663391113,13.283459663391113,13.283459663391113,13.283459663391113,0,0.0,0.0
2022-08-05 00:00:00-04:00,13.257719039916992,13.257719039916992,13.257719039916992,13.257719039916992,1300,0.0,0.0
2022-08-08 00:00:00-04:00,13.257717458118288,13.257717458118288,13.094677925109863,13.094677925109863,2400,0.0,0.0
2022-08-09 00:00:00-04:00,13.146163748858875,13.146163748858875,13.094677925109863,13.094677925109863,800,0.0,0.0
2022-08-10 00:00:00-04:00,13.12042138472188,13.21481261110389,13.051773071289062,13.051773071289062,2100,0.0,0.0
2022-08-11 00:00:00-04:00,13.154745458575519,13.154745458575519,13.060354232788086,13.060354232788086,1300,0.0,0.0
2022-08-12 00:00:00-04:00,13.21481260352041,13.2662992477417,13.21481260352041,13.2662992477417,1000,0.0,0.0
2022-08-15 00:00:00-04:00,13.214812998768377,13.214812998768377,12.96596265068613,13.026030540466309,3800,0.0,0.0
2022-08-16 00:00:00-04:00,13.051773153611377,13.154745624410088,13.043191909790039,13.043191909790039,3200,0.0,0.0
2022-08-17 00:00:00-04:00,12.96596223839425,13.197650909423828,12.897313925130474,13.197650909423828,900,0.0,0.0
2022-08-18 00:00:00-04:00,12.871571029401881,13.515149580871975,12.871571029401881,13.480825424194336,7600,0.0,0.0
2022-08-19 00:00:00-04:00,13.377853431088626,13.386434675152072,13.051773521849904,13.231975555419922,3700,0.0,0.0
2022-08-22 00:00:00-04:00,13.558054944370074,13.558054944370074,12.880152238069192,12.91447639465332,3800,0.0,0.0
2022-08-23 00:00:00-04:00,13.292044445865628,13.292044445865628,13.043194062443607,13.171910285949707,3300,0.0,0.0
2022-08-24 00:00:00-04:00,13.180487632751465,13.180487632751465,13.180487632751465,13.180487632751465,200,0.0,0.0
2022-08-25 00:00:00-04:00,13.30062331005719,13.703932762145996,13.30062331005719,13.703932762145996,6100,0.0,0.0
2022-08-26 00:00:00-04:00,13.703932762145996,13.703932762145996,13.703932762145996,13.703932762145996,0,0.0,0.0
2022-08-29 00:00:00-04:00,13.686770447828525,13.686770447828525,13.343528878956365,13.472244262695312,1000,0.0,0.0
2022-08-30 00:00:00-04:00,13.300623893737793,13.300623893737793,13.300623893737793,13.300623893737793,500,0.0,0.0
2022-08-31 00:00:00-04:00,13.42933919817315,13.42933919817315,13.309205055236816,13.309205055236816,1900,0.0,0.0
2022-09-01 00:00:00-04:00,13.137584038092525,13.317786067716476,13.034610748291016,13.034610748291016,3300,0.0,0.0
2022-09-02 00:00:00-04:00,13.068934303828467,13.703932409394943,12.974543080600135,13.154745101928711,1200,0.0,0.0
2022-09-06 00:00:00-04:00,13.36069107055664,13.36069107055664,13.197651523556486,13.36069107055664,1200,0.0,0.0
2022-09-07 00:00:00-04:00,13.300622812509587,14.759401453079665,13.292041569129196,14.244538307189941,15800,0.0,0.0
2022-09-08 00:00:00-04:00,14.27745805656488,14.27745805656488,13.63635878547998,13.688340187072754,1800,0.158,0.0
2022-09-09 00:00:00-04:00,14.008891831737186,14.008891831737186,13.77497673034668,13.77497673034668,1300,0.0,0.0
2022-09-12 00:00:00-04:00,14.07819982941387,14.164835235773774,13.523735046386719,13.523735046386719,4100,0.0,0.0
2022-09-13 00:00:00-04:00,13.471753930639405,13.878939002477509,13.281156539916992,13.281156539916992,7200,0.0,0.0
2022-09-14 00:00:00-04:00,13.090558478135092,13.697004615144017,13.047241605105649,13.099222183227539,10500,0.0,0.0
2022-09-15 00:00:00-04:00,13.281157658655872,13.80963134765625,13.090560251878479,13.80963134765625,2400,0.0,0.0
2022-09-16 00:00:00-04:00,13.844286203256445,15.6289701461792,13.107888475590613,15.6289701461792,31000,0.0,0.0
2022-09-19 00:00:00-04:00,15.247773503886053,15.247773503886053,13.948247381153145,14.459394454956055,14400,0.0,0.0
2022-09-20 00:00:00-04:00,14.81459856521838,14.927223438762796,14.20815236247255,14.468058586120605,14300,0.0,0.0
2022-09-21 00:00:00-04:00,14.68464361952857,14.918557030276205,14.28612147643258,14.623997688293457,3300,0.0,0.0
2022-09-22 00:00:00-04:00,14.632664862910296,14.883907394597392,14.294788570921636,14.528703689575195,6100,0.0,0.0
2022-09-23 00:00:00-04:00,14.71929956040022,14.857915553066722,13.93958418854291,14.641327857971191,4800,0.0,0.0
2022-09-26 00:00:00-04:00,14.468058935244644,14.5893475177474,14.372759819030762,14.372759819030762,2800,0.0,0.0
2022-09-27 00:00:00-04:00,14.208152419443973,14.468058644134194,13.956911553253029,14.112854957580566,4300,0.0,0.0
2022-09-28 00:00:00-04:00,13.956909247238778,14.008889822615204,13.688340187072754,13.688340187072754,1200,0.0,0.0
2022-09-29 00:00:00-04:00,13.697006278713747,14.03488338240846,13.697006278713747,13.78364086151123,1300,0.0,0.0
2022-09-30 00:00:00-04:00,13.19452169803863,14.866578931739882,13.19452169803863,13.922256469726562,8800,0.0,0.0
2022-10-03 00:00:00-04:00,13.1945219039917,13.1945219039917,13.1945219039917,13.1945219039917,400,0.0,0.0
2022-10-04 00:00:00-04:00,14.052208994658113,14.675982611060123,13.653688430786133,13.653688430786133,10800,0.0,0.0
2022-10-05 00:00:00-04:00,13.229176666891082,13.62769722829702,13.229176666891082,13.359128952026367,1900,0.0,0.0
2022-10-06 00:00:00-04:00,13.428437283436468,14.034883499145508,13.428437283436468,14.034883499145508,3200,0.0,0.0
2022-10-07 00:00:00-04:00,13.870276039000391,13.870276039000391,13.359128952026367,13.359128952026367,1000,0.0,0.0
2022-10-10 00:00:00-04:00,13.57571543471904,14.00022707628828,13.57571543471904,13.98289966583252,2700,0.0,0.0
2022-10-11 00:00:00-04:00,13.783639402889719,13.98289966583252,13.783639402889719,13.98289966583252,2200,0.0,0.0
2022-10-12 00:00:00-04:00,13.645024689884542,14.468058586120605,13.645024689884542,14.468058586120605,2400,0.0,0.0
2022-10-13 00:00:00-04:00,14.0782007701458,14.416077059850725,13.437101364135742,13.437101364135742,4800,0.0,0.0
2022-10-14 00:00:00-04:00,13.601707474969102,13.688342885966614,13.263831189755132,13.350465774536133,4500,0.0,0.0
2022-10-17 00:00:00-04:00,13.437099640695765,13.437099640695765,13.211848258972168,13.211848258972168,700,0.0,0.0
2022-10-18 00:00:00-04:00,13.255167007446289,13.255167007446289,13.24650330141433,13.255167007446289,1900,0.0,0.0
2022-10-19 00:00:00-04:00,13.099222183227539,13.099222183227539,13.099222183227539,13.099222183227539,1000,0.0,0.0
2022-10-20 00:00:00-04:00,13.081897025385663,13.081897025385663,12.986597911412485,13.003925323486328,1600,0.0,0.0
2022-10-21 00:00:00-04:00,13.003925323486328,13.003925323486328,13.003925323486328,13.003925323486328,400,0.0,0.0
2022-10-24 00:00:00-04:00,12.865308307256187,13.255165959490771,12.865308307256187,13.211848258972168,3100,0.0,0.0
2022-10-25 00:00:00-04:00,13.229176008510555,13.437099984865787,13.229176008510555,13.428436279296875,9100,0.0,0.0
2022-10-26 00:00:00-04:00,13.42843627320631,13.593042547858769,13.003924615119475,13.177194595336914,1800,0.0,0.0
2022-10-27 00:00:00-04:00,13.012587892920944,13.263829562531258,12.830654213119239,13.229175567626953,4700,0.0,0.0
2022-10-28 00:00:00-04:00,12.90862596927358,13.255166768352726,12.882635677862996,13.081896781921387,4600,0.0,0.0
2022-10-31 00:00:00-04:00,13.13387707570103,13.263830182326965,13.012588500976562,13.012588500976562,3200,0.0,0.0
2022-11-01 00:00:00-04:00,13.211848777032634,13.263830184936523,13.168531074815466,13.263830184936523,1600,0.0,0.0
2022-11-02 00:00:00-04:00,13.26383081709041,13.26383081709041,13.055906001781604,13.237839698791504,1700,0.0,0.0
2022-11-03 00:00:00-04:00,13.133877424464877,13.133877424464877,12.917289733886719,12.917289733886719,1100,0.0,0.0
2022-11-04 00:00:00-04:00,12.995261617449406,13.263830721078614,12.995261617449406,13.003925323486328,9000,0.0,0.0
2022-11-07 00:00:00-05:00,13.168531074815466,13.263830184936523,13.125213372598298,13.263830184936523,1300,0.0,0.0
2022-11-08 00:00:00-05:00,13.211849989103563,13.211849989103563,13.081897696746532,13.125214576721191,2200,0.0,0.0
2022-11-09 00:00:00-05:00,13.081896781921387,13.081896781921387,13.081896781921387,13.081896781921387,600,0.0,0.0
2022-11-10 00:00:00-05:00,13.038579680415985,13.63636136774246,13.038579680415985,13.558389663696289,6800,0.0,0.0
2022-11-11 00:00:00-05:00,13.324474334716797,13.324474334716797,13.324474334716797,13.324474334716797,400,0.0,0.0
2022-11-14 00:00:00-05:00,13.090558573311126,13.263829371554253,12.951942595689745,13.142539978027344,1800,0.0,0.0
2022-11-15 00:00:00-05:00,13.125213718549798,13.125213718549798,12.917289733886719,12.917289733886719,7800,0.0,0.0
2022-11-16 00:00:00-05:00,12.8046639011131,12.821991312761215,12.47545051574707,12.47545051574707,4700,0.0,0.0
2022-11-17 00:00:00-05:00,12.47544959443568,12.72669126126393,12.432132720947266,12.432132720947266,1900,0.0,0.0
2022-11-18 00:00:00-05:00,12.4754508501204,12.4754508501204,12.432133972272036,12.440796852111816,2100,0.0,0.0
2022-11-21 00:00:00-05:00,12.8912992477417,12.8912992477417,12.51876816118199,12.8912992477417,1400,0.0,0.0
2022-11-22 00:00:00-05:00,12.484114915377397,12.99526202037339,12.484114915377397,12.614068031311035,1000,0.0,0.0
2022-11-23 00:00:00-05:00,12.908624896128963,13.142539978027344,12.908624896128963,13.142539978027344,1000,0.0,0.0
2022-11-25 00:00:00-05:00,13.18585762015488,13.18585762015488,12.995260238647461,12.995260238647461,700,0.0,0.0
2022-11-28 00:00:00-05:00,12.977933919338433,12.995261331030378,12.934617042541504,12.934617042541504,1100,0.0,0.0
2022-11-29 00:00:00-05:00,12.934617042541504,12.934617042541504,12.934617042541504,12.934617042541504,0,0.0,0.0
2022-11-30 00:00:00-05:00,12.934617042541504,12.934617042541504,12.934617042541504,12.934617042541504,0,0.0,0.0
2022-12-01 00:00:00-05:00,13.237839865181911,13.237839865181911,12.562086479029889,12.674712181091309,3700,0.0,0.0
2022-12-02 00:00:00-05:00,13.021252206569866,13.194522200180996,12.821991920471191,12.821991920471191,3000,0.0,0.0
2022-12-05 00:00:00-05:00,12.839317261144695,13.021250943340593,12.75268268585205,12.75268268585205,1600,0.0,0.0
2022-12-06 00:00:00-05:00,12.570748236872323,13.549724578857422,12.570748236872323,13.549724578857422,17200,0.0,0.0
2022-12-07 00:00:00-05:00,13.489079620654136,13.489079620654136,13.07323169708252,13.07323169708252,2100,0.0,0.0
2022-12-08 00:00:00-05:00,13.213334083557129,13.213334083557129,13.213334083557129,13.213334083557129,0,0.16,0.0
2022-12-09 00:00:00-05:00,13.300897603650617,13.572344868450763,13.14328384399414,13.14328384399414,5900,0.0,0.0
2022-12-12 00:00:00-05:00,13.187065304428886,13.528562467555277,12.793028831481934,12.793028831481934,16100,0.0,0.0
2022-12-13 00:00:00-05:00,13.134527206420898,13.134527206420898,12.77551692972338,13.134527206420898,1600,0.0,0.0
2022-12-14 00:00:00-05:00,13.108257293701172,13.108257293701172,13.108257293701172,13.108257293701172,2200,0.0,0.0
2022-12-15 00:00:00-05:00,12.915619189939589,13.11701488494873,12.915619189939589,13.11701488494873,800,0.0,0.0
2022-12-16 00:00:00-05:00,13.020696126067094,13.362194175734126,12.915619995801281,13.090746879577637,3100,0.0,0.0
2022-12-19 00:00:00-05:00,13.029450502644307,13.038207054138184,13.020693951150431,13.038207054138184,1200,0.0,0.0
2022-12-20 00:00:00-05:00,13.292142423049496,13.703690360220044,13.090745895542582,13.222091674804688,20600,0.0,0.0
2022-12-21 00:00:00-05:00,13.756228223839457,13.756228223839457,13.011938013180275,13.283385276794434,5500,0.0,0.0
2022-12-22 00:00:00-05:00,13.45851107932967,13.563587188720703,13.449754528112745,13.563587188720703,4500,0.0,0.0
2022-12-23 00:00:00-05:00,13.563587188720703,13.563587188720703,13.563587188720703,13.563587188720703,0,0.0,0.0
2022-12-27 00:00:00-05:00,13.222091674804688,13.222091674804688,13.222091674804688,13.222091674804688,400,0.0,0.0
2022-12-28 00:00:00-05:00,13.222090478897497,13.222090478897497,12.863079382776087,12.906861305236816,2600,0.0,0.0
2022-12-29 00:00:00-05:00,12.85432536401535,12.85432536401535,12.696710756368798,12.714223861694336,2200,0.0,0.0
2022-12-30 00:00:00-05:00,12.889349937438965,12.889349937438965,12.889349937438965,12.889349937438965,500,0.0,0.0
2023-01-03 00:00:00-05:00,12.71422243635325,12.933131217956543,12.469043999706635,12.933131217956543,10700,0.0,0.0
2023-01-04 00:00:00-05:00,12.95940113067627,12.95940113067627,12.95940113067627,12.95940113067627,900,0.0,0.0
2023-01-05 00:00:00-05:00,12.48655891418457,12.48655891418457,12.48655891418457,12.48655891418457,1100,0.0,0.0
2023-01-06 00:00:00-05:00,12.63541558340455,12.784273626908126,12.477800987913525,12.565364837646484,7400,0.0,0.0
2023-01-09 00:00:00-05:00,12.565364527239508,12.644170987967474,12.486557231440802,12.52158260345459,5700,0.0,0.0
2023-01-10 00:00:00-05:00,12.933133771390283,12.933133771390283,12.591635704040527,12.591635704040527,700,0.0,0.0
2023-01-11 00:00:00-05:00,12.985669867479793,12.985669867479793,12.950644493103027,12.950644493103027,1700,0.0,0.0
2023-01-12 00:00:00-05:00,13.00318189541055,13.00318189541055,12.793028831481934,12.793028831481934,800,0.0,0.0
2023-01-13 00:00:00-05:00,12.784274101257324,12.784274101257324,12.784274101257324,12.784274101257324,600,0.0,0.0
2023-01-17 00:00:00-05:00,12.915619183963775,12.915619183963775,12.714223489047814,12.810543060302734,2000,0.0,0.0
2023-01-18 00:00:00-05:00,12.828054874716958,12.89810562133789,12.828054874716958,12.89810562133789,600,0.0,0.0
2023-01-19 00:00:00-05:00,12.758004136196398,12.775517240398136,12.635415747067313,12.74049186706543,1200,0.0,0.0
2023-01-20 00:00:00-05:00,12.95940113067627,12.95940113067627,12.95940113067627,12.95940113067627,1100,0.0,0.0
2023-01-23 00:00:00-05:00,12.696710756368798,12.714223861694336,12.617903452545521,12.714223861694336,2100,0.0,0.0
2023-01-24 00:00:00-05:00,12.48655891418457,12.696711174588339,12.48655891418457,12.48655891418457,3200,0.0,0.0
2023-01-25 00:00:00-05:00,12.48655891418457,12.48655891418457,12.48655891418457,12.48655891418457,300,0.0,0.0
2023-01-26 00:00:00-05:00,12.70546595984874,12.70546595984874,12.582876740800089,12.661684036254883,1000,0.0,0.0
2023-01-27 00:00:00-05:00,12.486558890982502,12.67919804512591,12.47780233804757,12.644172668457031,2200,0.0,0.0
2023-01-30 00:00:00-05:00,12.48655891418457,12.48655891418457,12.48655891418457,12.48655891418457,300,0.0,0.0
2023-01-31 00:00:00-05:00,12.714223383619728,12.722979100882446,12.495314585706751,12.652928352355957,3900,0.0,0.0
2023-02-01 00:00:00-05:00,12.6879537266192,12.714223383619728,12.652928352355957,12.652928352355957,3100,0.0,0.0
2023-02-02 00:00:00-05:00,12.652927539738606,12.696709463523524,12.512826051683458,12.52158260345459,1800,0.0,0.0
2023-02-03 00:00:00-05:00,12.722979529622446,12.722979529622446,12.486558454146305,12.574121475219727,4800,0.0,0.0
2023-02-06 00:00:00-05:00,12.59163395755687,12.775517378306233,12.59163395755687,12.76676082611084,3200,0.0,0.0
2023-02-07 00:00:00-05:00,12.90686003000207,13.537317479961718,12.836809295014403,12.994423866271973,6200,0.0,0.0
2023-02-08 00:00:00-05:00,13.125771015198213,13.195821762084961,12.968157252238418,13.195821762084961,7100,0.0,0.0
2023-02-09 00:00:00-05:00,13.125771139128828,13.125771139128828,12.915618896484375,12.915618896484375,3800,0.0,0.0
2023-02-10 00:00:00-05:00,12.863080024719238,13.064476544061176,12.836811203960117,12.863080024719238,4500,0.0,0.0
2023-02-13 00:00:00-05:00,12.836810982527032,12.854324086111518,12.670440673828125,12.670440673828125,1600,0.0,0.0
2023-02-14 00:00:00-05:00,12.74049186706543,12.836811434962677,12.731735314964562,12.74049186706543,2200,0.0,0.0
2023-02-15 00:00:00-05:00,12.828054652016826,12.863080024719238,12.828054652016826,12.863080024719238,1800,0.0,0.0
2023-02-16 00:00:00-05:00,12.810542383200996,12.863080024719238,12.810542383200996,12.863080024719238,1700,0.0,0.0
2023-02-17 00:00:00-05:00,12.696710586547852,12.696710586547852,12.696710586547852,12.696710586547852,700,0.0,0.0
2023-02-21 00:00:00-05:00,12.819299697875977,13.020695394129941,12.766761218161008,12.819299697875977,3700,0.0,0.0
2023-02-22 00:00:00-05:00,12.696709494134112,12.696709494134112,12.670440673828125,12.670440673828125,4700,0.0,0.0
2023-02-23 00:00:00-05:00,12.819298486392215,12.819298486392215,12.793028831481934,12.793028831481934,900,0.0,0.0
2023-02-24 00:00:00-05:00,12.696709300899286,12.941886901855469,12.696709300899286,12.941886901855469,3800,0.0,0.0
2023-02-27 00:00:00-05:00,13.064476743476295,13.064476743476295,12.941887519611281,13.029451370239258,2000,0.0,0.0
2023-02-28 00:00:00-05:00,13.081990326621105,13.108259985490697,13.081990326621105,13.090746879577637,3300,0.0,0.0
2023-03-01 00:00:00-05:00,13.090744191384436,13.467267540487414,13.090744191384436,13.108257293701172,3800,0.0,0.0
2023-03-02 00:00:00-05:00,13.248360364873482,13.248360364873482,12.915618896484375,12.915618896484375,1800,0.0,0.0
2023-03-03 00:00:00-05:00,13.18706533788238,13.23960297769477,12.941886901855469,12.941886901855469,1500,0.0,0.0
2023-03-06 00:00:00-05:00,13.073233013346908,13.327167172601548,13.073233013346908,13.134527206420898,8100,0.0,0.0
2023-03-07 00:00:00-05:00,13.152040390615396,13.353436074844664,13.152040390615396,13.300897598266602,7300,0.0,0.0
2023-03-08 00:00:00-05:00,13.204577865183046,13.423486650527686,13.125770568847656,13.125770568847656,6500,0.0,0.0
2023-03-09 00:00:00-05:00,13.307316507038884,13.441462500611843,13.119511604309082,13.119511604309082,4900,0.313,0.0
2023-03-10 00:00:00-05:00,13.119511438272783,13.513006973218427,12.082113265991211,12.082113265991211,13300,0.0,0.0
2023-03-13 00:00:00-04:00,11.545528413329299,11.545528413329299,10.740650699112305,11.366666793823242,18100,0.0,0.0
2023-03-14 00:00:00-04:00,11.778046616559463,12.502436245564104,10.955282476615922,10.964225769042969,10700,0.0,0.0
2023-03-15 00:00:00-04:00,11.313008138134794,11.590244294317095,11.214634458395007,11.554471969604492,5500,0.0,0.0
2023-03-16 00:00:00-04:00,11.65284483043336,12.591869354248047,11.626015802004206,12.591869354248047,10900,0.0,0.0
2023-03-17 00:00:00-04:00,12.645526733539239,12.645526733539239,12.082112087438649,12.323575019836426,13400,0.0,0.0
2023-03-20 00:00:00-04:00,12.350406506324342,13.092682838439941,12.350406506324342,13.092682838439941,16600,0.0,0.0
2023-03-21 00:00:00-04:00,13.092682704199234,13.799186706542969,12.833333155310507,13.799186706542969,23200,0.0,0.0
2023-03-22 00:00:00-04:00,13.673982884393727,14.308942229963536,13.629267269349208,13.682926177978516,21000,0.0,0.0
2023-03-23 00:00:00-04:00,13.799186166496106,13.808128607026864,13.63821029663086,13.63821029663086,3300,0.0,0.0
2023-03-24 00:00:00-04:00,13.26259994506836,13.26259994506836,13.26259994506836,13.26259994506836,500,0.0,0.0
2023-03-27 00:00:00-04:00,13.530892752524753,13.530892752524753,13.155282974243164,13.155282974243164,2600,0.0,0.0
2023-03-28 00:00:00-04:00,13.003250662171004,13.164226528306402,13.003250662171004,13.128454208374023,2500,0.0,0.0
2023-03-29 00:00:00-04:00,13.128454208374023,13.128454208374023,13.128454208374023,13.128454208374023,200,0.0,0.0
2023-03-30 00:00:00-04:00,12.976423263549805,12.976423263549805,12.976423263549805,12.976423263549805,800,0.0,0.0
2023-03-31 00:00:00-04:00,13.065851460930922,13.325200982784986,12.967477798461914,12.967477798461914,7300,0.0,0.0
2023-04-03 00:00:00-04:00,13.566666489344136,13.566666489344136,12.851219177246094,12.851219177246094,900,0.0,0.0
2023-04-04 00:00:00-04:00,13.182112389378041,13.182112389378041,12.743901252746582,12.743901252746582,1500,0.0,0.0
2023-04-05 00:00:00-04:00,12.752845230581833,12.815446581209667,12.439836771683792,12.591869354248047,5100,0.0,0.0
2023-04-06 00:00:00-04:00,12.529267588339273,12.779673835430362,12.404064038354024,12.717072486877441,2100,0.0,0.0
2023-04-10 00:00:00-04:00,12.46666605728472,12.520324968129376,12.20731650277436,12.386178970336914,4400,0.0,0.0
2023-04-11 00:00:00-04:00,11.858536050845412,12.189430236816406,11.858536050845412,12.189430236816406,1200,0.0,0.0
2023-04-12 00:00:00-04:00,11.921136734470911,12.296746514414279,11.921136734470911,12.269917488098145,6100,0.0,0.0
2023-04-13 00:00:00-04:00,12.126826926275525,12.126826926275525,11.858534132889742,11.903249740600586,2100,0.0,0.0
2023-04-14 00:00:00-04:00,12.260974585683279,12.260974585683279,11.858535766601562,11.858535766601562,2100,0.0,0.0
2023-04-17 00:00:00-04:00,11.867477425007767,11.903249740600586,11.867477425007767,11.903249740600586,600,0.0,0.0
2023-04-18 00:00:00-04:00,11.93902354211353,11.93902354211353,11.286177635192871,11.286177635192871,2700,0.0,0.0
2023-04-19 00:00:00-04:00,11.617070806661504,11.617070806661504,11.17885971069336,11.17885971069336,7700,0.0,0.0
2023-04-20 00:00:00-04:00,11.17885971069336,11.17885971069336,11.17885971069336,11.17885971069336,600,0.0,0.0
2023-04-21 00:00:00-04:00,11.46503949833658,11.46503949833658,11.223576545715332,11.223576545715332,800,0.0,0.0
2023-04-24 00:00:00-04:00,11.241462548003376,11.35772280681034,11.241462548003376,11.304064750671387,3700,0.0,0.0
2023-04-25 00:00:00-04:00,11.420325007563573,11.420325007563573,11.268292427062988,11.268292427062988,900,0.0,0.0
2023-04-26 00:00:00-04:00,11.178860412857043,11.277234077453613,11.178860412857043,11.277234077453613,700,0.0,0.0
2023-04-27 00:00:00-04:00,11.27723367093573,11.411380502781956,11.27723367093573,11.402437210083008,7100,0.0,0.0
2023-04-28 00:00:00-04:00,11.634958267211914,11.634958267211914,11.563413627909469,11.634958267211914,4500,0.0,0.0
2023-05-01 00:00:00-04:00,11.25934834867186,11.49186885004082,11.25934834867186,11.313006401062012,3200,0.0,0.0
2023-05-02 00:00:00-04:00,11.250405573144493,11.581299754368812,11.223576545715332,11.223576545715332,2900,0.0,0.0
2023-05-03 00:00:00-04:00,11.518697148243955,11.518697148243955,11.17885971069336,11.17885971069336,9000,0.0,0.0
2023-05-04 00:00:00-04:00,11.473982378487113,11.473982378487113,11.178860528758246,11.420324325561523,1200,0.0,0.0
2023-05-05 00:00:00-04:00,11.304063943151705,11.304063943151705,10.955283191646393,11.169917106628418,4800,0.0,0.0
2023-05-08 00:00:00-04:00,11.13414502547716,11.13414502547716,10.856909759252149,10.928454399108887,4900,0.0,0.0
2023-05-09 00:00:00-04:00,10.928455083040362,10.928455083040362,10.731706884681625,10.776422500610352,3100,0.0,0.0
2023-05-10 00:00:00-04:00,11.053657099814448,11.313006632688495,10.999999046325684,10.999999046325684,2600,0.0,0.0
2023-05-11 00:00:00-04:00,10.999999443197177,10.999999443197177,10.552845001220703,10.552845001220703,4300,0.0,0.0
2023-05-12 00:00:00-04:00,10.418698029721485,10.552844872404576,10.195120811462402,10.195120811462402,16500,0.0,0.0
2023-05-15 00:00:00-04:00,10.204062672664831,10.239834988450186,9.962599754333496,9.962599754333496,4800,0.0,0.0
2023-05-16 00:00:00-04:00,9.962599754333496,9.962599754333496,9.962599754333496,9.962599754333496,0,0.0,0.0
2023-05-17 00:00:00-04:00,10.508130331001821,11.205691084381217,10.499187036667337,10.76747989654541,19300,0.0,0.0
2023-05-18 00:00:00-04:00,11.053656948537176,11.053656948537176,10.570730209350586,10.570730209350586,1700,0.0,0.0
2023-05-19 00:00:00-04:00,10.56178856042559,10.660162233098346,10.311381452546774,10.59756088256836,2300,0.0,0.0
2023-05-22 00:00:00-04:00,10.669104719107114,10.88373863571402,10.499185562133789,10.499185562133789,2000,0.0,0.0
2023-05-23 00:00:00-04:00,10.82113827660229,11.10731685817212,10.6422758102417,10.6422758102417,1000,0.0,0.0
2023-05-24 00:00:00-04:00,10.651217473410307,10.722762107849121,10.651217473410307,10.722762107849121,800,0.0,0.0
2023-05-25 00:00:00-04:00,10.472358700393128,10.50813102722168,10.472358700393128,10.50813102722168,400,0.0,0.0
2023-05-26 00:00:00-04:00,10.195120814254727,10.2308931350708,10.195120814254727,10.2308931350708,700,0.0,0.0
2023-05-30 00:00:00-04:00,10.2308931350708,10.2308931350708,10.2308931350708,10.2308931350708,800,0.0,0.0
2023-05-31 00:00:00-04:00,10.2308931350708,10.2308931350708,10.2308931350708,10.2308931350708,600,0.0,0.0
2023-06-01 00:00:00-04:00,9.92683028445069,10.16829327200655,9.92683028445069,10.034147262573242,1900,0.0,0.0
2023-06-02 00:00:00-04:00,10.096746035076368,10.239835302607764,10.096746035076368,10.186177253723145,3600,0.0,0.0
2023-06-05 00:00:00-04:00,10.123576003964438,10.239836257899643,10.123576003964438,10.150405883789062,3400,0.0,0.0
2023-06-06 00:00:00-04:00,10.221950694526335,10.239836428494671,10.195120814254727,10.2308931350708,2400,0.0,0.0
2023-06-07 00:00:00-04:00,10.114632457846463,10.731705127405382,10.114632457846463,10.678046226501465,10600,0.0,0.0
2023-06-08 00:00:00-04:00,10.836743651890835,10.836743651890835,10.637238502502441,10.637238502502441,1100,0.165,0.0
2023-06-09 00:00:00-04:00,10.736992535780146,10.736992535780146,10.5193510055542,10.5193510055542,1100,0.0,0.0
2023-06-12 00:00:00-04:00,10.474008957411973,10.564692497253418,10.474008957411973,10.564692497253418,1600,0.0,0.0
2023-06-13 00:00:00-04:00,10.428666208354507,10.54655558231557,10.301708221435547,10.301708221435547,3900,0.0,0.0
2023-06-14 00:00:00-04:00,10.328915210728796,11.018113440510742,10.328915210728796,10.764198303222656,13100,0.0,0.0
2023-06-15 00:00:00-04:00,10.718855992229422,11.099729126810931,10.718855992229422,10.891156196594238,7700,0.0,0.0
2023-06-16 00:00:00-04:00,10.691650279137908,11.23575496673584,10.519350951469216,11.23575496673584,17800,0.0,0.0
2023-06-20 00:00:00-04:00,11.190412428743059,11.480601125491491,10.891155119013606,10.900223731994629,15800,0.0,0.0
2023-06-21 00:00:00-04:00,10.999976176731154,11.471532821655273,10.882086799292486,11.471532821655273,5700,0.0,0.0
2023-06-22 00:00:00-04:00,11.272028876787946,11.807064966409824,11.036250114440918,11.036250114440918,16200,0.0,0.0
2023-06-23 00:00:00-04:00,11.389918177825969,12.015637803680876,10.709787736108183,10.746061325073242,12400,0.0,0.0
2023-06-26 00:00:00-04:00,11.11786582817274,11.3989859264443,10.746061325073242,10.746061325073242,4700,0.0,0.0
2023-06-27 00:00:00-04:00,10.900225160630882,10.900225160630882,10.800472134426593,10.809540748596191,1600,0.0,0.0
2023-06-28 00:00:00-04:00,11.081592873455735,11.090660622593052,10.619103939058036,10.764198303222656,15300,0.0,0.0
2023-06-29 00:00:00-04:00,10.86395025812959,10.954634666442871,10.800471691208658,10.954634666442871,2600,0.0,0.0
2023-06-30 00:00:00-04:00,11.435259671666941,11.435259671666941,10.85488224029541,10.85488224029541,1700,0.0,0.0
2023-07-03 00:00:00-04:00,10.918360639741795,11.09972858428955,10.918360639741795,11.09972858428955,700,0.0,0.0
2023-07-05 00:00:00-04:00,11.027181376694536,11.045318603515625,11.027181376694536,11.045318603515625,700,0.0,0.0
2023-07-06 00:00:00-04:00,10.945566177368164,10.945566177368164,10.945566177368164,10.945566177368164,800,0.0,0.0
2023-07-07 00:00:00-04:00,11.090658822008711,11.090658822008711,10.873017311096191,10.873017311096191,700,0.0,0.0
2023-07-10 00:00:00-04:00,10.873019904498584,10.882088519157247,10.655378341674805,10.655378341674805,1700,0.0,0.0
2023-07-11 00:00:00-04:00,10.664445877075195,10.791403010125464,10.664445877075195,10.664445877075195,2900,0.0,0.0
2023-07-12 00:00:00-04:00,10.791402968409427,10.791402968409427,10.428667068481445,10.428667068481445,2600,0.0,0.0
2023-07-13 00:00:00-04:00,10.555624961853027,10.555624961853027,10.555624961853027,10.555624961853027,300,0.0,0.0
2023-07-14 00:00:00-04:00,10.963703405169735,10.963703405169735,10.882087609723907,10.945566177368164,3600,0.0,0.0
2023-07-17 00:00:00-04:00,10.927429787276735,10.927429787276735,10.7279246061077,10.891156196594238,800,0.0,0.0
2023-07-18 00:00:00-04:00,10.528419494628906,10.528419494628906,10.528419494628906,10.528419494628906,500,0.0,0.0
2023-07-19 00:00:00-04:00,11.10879696249886,11.10879696249886,10.700718879699707,10.700718879699707,1100,0.0,0.0
2023-07-20 00:00:00-04:00,11.090660640128288,11.199482278254436,10.882087707519531,10.882087707519531,2600,0.0,0.0
2023-07-21 00:00:00-04:00,10.537487030029297,10.873017927928576,10.45587124259937,10.537487030029297,5500,0.0,0.0
2023-07-24 00:00:00-04:00,10.628173362529505,10.655378341674805,10.628173362529505,10.655378341674805,700,0.0,0.0
2023-07-25 00:00:00-04:00,10.764198033733349,10.764198033733349,10.564692855586436,10.664445877075195,2200,0.0,0.0
2023-07-26 00:00:00-04:00,10.755128860473633,10.755128860473633,10.746061112035068,10.755128860473633,1800,0.0,0.0
2023-07-27 00:00:00-04:00,10.519350969290283,10.863949625211463,10.383324364745075,10.755128860473633,5000,0.0,0.0
2023-07-28 00:00:00-04:00,11.018112960453358,11.018112960453358,10.845813626722581,10.85488224029541,900,0.0,0.0
2023-07-31 00:00:00-04:00,10.863949431983155,11.09972818380346,10.863949431983155,11.009044647216797,4300,0.0,0.0
2023-08-01 00:00:00-04:00,10.76419923497923,10.972773050143138,10.709789276123047,10.709789276123047,1500,0.0,0.0
2023-08-02 00:00:00-04:00,11.779859422288519,11.779859422288519,10.600966445719456,10.664445877075195,5100,0.0,0.0
2023-08-03 00:00:00-04:00,10.854882441481204,10.854882441481204,10.664445877075195,10.664445877075195,1200,0.0,0.0
2023-08-04 00:00:00-04:00,10.69164980666797,10.727923393249512,10.69164980666797,10.727923393249512,1800,0.0,0.0
2023-08-07 00:00:00-04:00,10.827676377046345,10.863949966431585,10.736992835998535,10.736992835998535,3700,0.0,0.0
2023-08-08 00:00:00-04:00,10.736992006102527,10.800470566412594,10.727923393249512,10.727923393249512,900,0.0,0.0
2023-08-09 00:00:00-04:00,10.682580841592634,10.736991652086191,10.301707762629201,10.3923921585083,5600,0.0,0.0
2023-08-10 00:00:00-04:00,10.48307790637451,11.181344731308249,10.474009292650935,10.54655647277832,14100,0.0,0.0
2023-08-11 00:00:00-04:00,10.746061112035068,10.89115546501884,10.746061112035068,10.755128860473633,1700,0.0,0.0
2023-08-14 00:00:00-04:00,10.746061325073242,10.755129073691574,10.746061325073242,10.746061325073242,1000,0.0,0.0
2023-08-15 00:00:00-04:00,10.483078002929688,10.483078002929688,10.483078002929688,10.483078002929688,300,0.0,0.0
2023-08-16 00:00:00-04:00,10.619102910288671,10.655376497815674,10.474008560180664,10.474008560180664,6700,0.0,0.0
2023-08-17 00:00:00-04:00,10.628171920776367,10.628171920776367,10.628171920776367,10.628171920776367,1200,0.0,0.0
2023-08-18 00:00:00-04:00,10.655376651503218,10.655376651503218,10.582829475402832,10.582829475402832,2400,0.0,0.0
2023-08-21 00:00:00-04:00,10.619102970659187,10.77326593473301,10.464940006585364,10.646307945251465,4300,0.0,0.0
2023-08-22 00:00:00-04:00,10.474008711252253,10.809539616924177,10.474008711252253,10.582829475402832,2100,0.0,0.0
2023-08-23 00:00:00-04:00,10.63723939769341,10.63723939769341,10.464940071105957,10.464940071105957,500,0.0,0.0
2023-08-24 00:00:00-04:00,10.464941866778117,10.709789276123047,10.392394678416071,10.709789276123047,4900,0.0,0.0
2023-08-25 00:00:00-04:00,10.709786365298404,10.863948450044841,10.709786365298404,10.827674865722656,5300,0.0,0.0
2023-08-28 00:00:00-04:00,10.863949252176479,10.863949252176479,10.718854904174805,10.718854904174805,5900,0.0,0.0
2023-08-29 00:00:00-04:00,10.655376121354433,10.655376121354433,10.437734603881836,10.437734603881836,700,0.0,0.0
2023-08-30 00:00:00-04:00,10.80953987096953,10.827676233005588,10.564692497253418,10.564692497253418,800,0.0,0.0
2023-08-31 00:00:00-04:00,10.746061306597461,10.746061306597461,10.564692497253418,10.564692497253418,2600,0.0,0.0
2023-09-01 00:00:00-04:00,10.691651935478768,10.700720550137433,10.655378341674805,10.655378341674805,2700,0.0,0.0
2023-09-05 00:00:00-04:00,10.755128491175224,10.809539304091118,10.691649930132124,10.718854904174805,1700,0.0,0.0
2023-09-06 00:00:00-04:00,10.718856914624066,10.718856914624066,10.655378341674805,10.655378341674805,1800,0.0,0.0
2023-09-07 00:00:00-04:00,10.800735473632812,10.800735473632812,10.579936999006197,10.800735473632812,1700,0.168,0.0
2023-09-08 00:00:00-04:00,10.570735872585077,10.589136182468634,10.570735872585077,10.579936027526855,2400,0.0,0.0
2023-09-11 00:00:00-04:00,10.65353551231095,10.65353551231095,10.570735872585077,10.579936027526855,1400,0.0,0.0
2023-09-12 00:00:00-04:00,10.745536154641918,10.754735432934316,10.561536550791777,10.598337173461914,2000,0.0,0.0
2023-09-13 00:00:00-04:00,10.533937010629863,10.533937010629863,10.478737831115723,10.478737831115723,1300,0.0,0.0
2023-09-14 00:00:00-04:00,10.331538237773545,10.671936988830566,10.331538237773545,10.671936988830566,1200,0.0,0.0
2023-09-15 00:00:00-04:00,10.589136324273138,10.662735810042841,10.331537246704102,10.331537246704102,3000,0.0,0.0
2023-09-18 00:00:00-04:00,10.432737747348906,10.653536216291444,10.147539066933449,10.607536315917969,2600,0.0,0.0
2023-09-19 00:00:00-04:00,10.653536453926344,10.708736511080819,10.359138488769531,10.359138488769531,800,0.0,0.0
2023-09-20 00:00:00-04:00,10.644336705496835,10.754735946655273,10.31313898202152,10.754735946655273,6200,0.0,0.0
2023-09-21 00:00:00-04:00,10.745536667923453,10.754735946655273,10.469538126339769,10.754735946655273,6900,0.0,0.0
2023-09-22 00:00:00-04:00,10.635137426765015,10.754735946655273,10.533937464338397,10.754735946655273,4700,0.0,0.0
2023-09-25 00:00:00-04:00,10.75473562317855,10.911134762792686,10.681136131286621,10.681136131286621,8200,0.0,0.0
2023-09-26 00:00:00-04:00,10.681136131286621,10.681136131286621,10.681136131286621,10.681136131286621,0,0.0,0.0
2023-09-27 00:00:00-04:00,10.616735458374023,10.616735458374023,10.616735458374023,10.616735458374023,2200,0.0,0.0
2023-09-28 00:00:00-04:00,10.589137077331543,10.589137077331543,10.589137077331543,10.589137077331543,400,0.0,0.0
2023-09-29 00:00:00-04:00,10.644335941697252,10.644335941697252,10.625936508178711,10.625936508178711,1400,0.0,0.0
2023-10-02 00:00:00-04:00,10.763935916180301,10.763935916180301,10.441938354393486,10.671936988830566,4400,0.0,0.0
2023-10-03 00:00:00-04:00,10.53393613193406,10.579936029275489,10.129138965554635,10.239538192749023,3500,0.0,0.0
2023-10-04 00:00:00-04:00,10.1291405979259,10.359139244323625,9.899141951528174,10.267139434814453,3000,0.0,0.0
2023-10-05 00:00:00-04:00,9.862341940849191,9.862341940849191,9.853141784667969,9.853141784667969,2600,0.0,0.0
2023-10-06 00:00:00-04:00,9.843940766439458,9.853140921815012,9.61394214630127,9.61394214630127,3700,0.0,0.0
2023-10-09 00:00:00-04:00,9.46674280471823,9.935940182276076,9.439143217031026,9.659941673278809,7700,0.0,0.0
2023-10-10 00:00:00-04:00,9.613941858820379,9.613941858820379,9.383943245559724,9.420742988586426,4600,0.0,0.0
2023-10-11 00:00:00-04:00,9.6139433574874,9.917541504127776,9.567943452189569,9.586343765258789,2300,0.0,0.0
2023-10-12 00:00:00-04:00,9.457543466521138,9.751942310986394,9.429943876450228,9.678342819213867,2700,0.0,0.0
2023-10-13 00:00:00-04:00,9.485143661499023,9.485143661499023,9.485143661499023,9.485143661499023,600,0.0,0.0
2023-10-16 00:00:00-04:00,9.862341718011654,10.119939943639244,9.429944038391113,9.429944038391113,6500,0.0,0.0
2023-10-17 00:00:00-04:00,9.439144194364461,9.7887422249752,9.429944038391113,9.429944038391113,5000,0.0,0.0
2023-10-18 00:00:00-04:00,9.50354198006957,9.50354198006957,9.383942604064941,9.383942604064941,4800,0.0,0.0
2023-10-19 00:00:00-04:00,9.218345761868841,9.613942819596376,9.107945644380743,9.199945449829102,14600,0.0,0.0
2023-10-20 00:00:00-04:00,9.135545693455562,9.613942378670815,9.135545693455562,9.365544319152832,2400,0.0,0.0
2023-10-23 00:00:00-04:00,10.018740910718952,10.018740910718952,9.089546209716172,9.199945449829102,9300,0.0,0.0
2023-10-24 00:00:00-04:00,9.38394495761647,9.38394495761647,9.05274720995068,9.107946395874023,1900,0.0,0.0
2023-10-25 00:00:00-04:00,9.199945154448395,9.475943684556874,9.199945154448395,9.45754337310791,7000,0.0,0.0
2023-10-26 00:00:00-04:00,9.475944644712031,9.485144801368724,9.126346588134766,9.126346588134766,2000,0.0,0.0
2023-10-27 00:00:00-04:00,9.19994437851846,9.218344688415527,9.19994437851846,9.218344688415527,2000,0.0,0.0
2023-10-30 00:00:00-04:00,9.19074535369873,9.199945509778551,9.061946678081943,9.19074535369873,3300,0.0,0.0
2023-10-31 00:00:00-04:00,9.19074535369873,9.19074535369873,9.19074535369873,9.19074535369873,0,0.0,0.0
2023-11-01 00:00:00-04:00,9.209144905343077,9.567942189073909,9.172345161437988,9.172345161437988,7700,0.0,0.0
2023-11-02 00:00:00-04:00,10.515538114337925,10.515538114337925,9.650742735556975,9.853141784667969,5500,0.0,0.0
2023-11-03 00:00:00-04:00,9.889940842170347,9.945140898032166,9.889940842170347,9.935940742492676,1700,0.0,0.0
2023-11-06 00:00:00-05:00,9.908341527288728,10.119939848434093,9.889941215515137,9.889941215515137,3200,0.0,0.0
2023-11-07 00:00:00-05:00,9.889940472266536,9.981940269470215,9.889940472266536,9.981940269470215,1000,0.0,0.0
2023-11-08 00:00:00-05:00,9.843942204671892,9.843942204671892,8.923947589704888,9.788743019104004,3900,0.0,0.0
2023-11-09 00:00:00-05:00,9.282745995591945,9.31954574584961,9.282745995591945,9.31954574584961,1100,0.0,0.0
2023-11-10 00:00:00-05:00,9.209145136592749,9.797941053859336,9.10794518028121,9.485143661499023,5000,0.0,0.0
2023-11-13 00:00:00-05:00,9.337944030761719,9.604742406572763,9.135545867991372,9.337944030761719,4900,0.0,0.0
2023-11-14 00:00:00-05:00,9.429944104189108,10.092340423514267,9.429944104189108,9.531143188476562,7000,0.0,0.0
2023-11-15 00:00:00-05:00,9.53114262744383,10.092339829447718,9.53114262744383,10.055540084838867,1100,0.0,0.0
2023-11-16 00:00:00-05:00,10.027941008343767,10.119940821305732,9.503544355636183,10.000341415405273,12100,0.0,0.0
2023-11-17 00:00:00-05:00,9.549542480125908,9.926740063607626,9.549542480125908,9.88074016571045,1300,0.0,0.0
2023-11-20 00:00:00-05:00,10.10153865814209,10.10153865814209,10.10153865814209,10.10153865814209,400,0.0,0.0
2023-11-21 00:00:00-05:00,9.705942536368566,10.239539297393552,9.705942536368566,9.770341873168945,800,0.0,0.0
2023-11-22 00:00:00-05:00,10.018740480393381,10.285538851883878,10.018740480393381,10.257938385009766,2400,0.0,0.0
2023-11-24 00:00:00-05:00,10.26713931443901,10.285539627075195,9.899141835467258,10.285539627075195,2100,0.0,0.0
2023-11-27 00:00:00-05:00,10.12914071724936,10.552338266701543,10.02794075012207,10.02794075012207,6400,0.0,0.0
2023-11-28 00:00:00-05:00,10.285538803665599,10.515537428954184,10.257938336920878,10.377537727355957,1600,0.0,0.0
2023-11-29 00:00:00-05:00,10.44193823970239,10.533937166041637,10.119939804077148,10.119939804077148,9500,0.0,0.0
2023-11-30 00:00:00-05:00,10.073939902219948,10.33153812429505,9.917540762330562,10.119939804077148,2400,0.0,0.0
2023-12-01 00:00:00-05:00,10.322339234077607,10.349938825279969,10.09234059351583,10.18433952331543,5500,0.0,0.0
2023-12-04 00:00:00-05:00,10.267137892851053,10.561535835266113,10.267137892851053,10.561535835266113,9100,0.0,0.0
2023-12-05 00:00:00-05:00,10.45113794666795,10.782336551718728,10.45113794666795,10.745536804199219,8300,0.0,0.0
2023-12-06 00:00:00-05:00,10.984734837121522,11.012335306075801,10.285539627075195,10.285539627075195,7700,0.0,0.0
2023-12-07 00:00:00-05:00,10.6405346581172,10.743296302013146,10.089356705292445,10.285538673400879,2600,0.17,0.0
2023-12-08 00:00:00-05:00,10.28553964495983,10.304223177013807,10.173435779869,10.27619743347168,3200,0.0,0.0
2023-12-11 00:00:00-05:00,10.304222056327863,10.73395393789962,10.26685410536172,10.33224868774414,4000,0.0,0.0
2023-12-12 00:00:00-05:00,10.350932827514768,10.939478758093022,10.350932827514768,10.416326522827148,26600,0.0,0.0
2023-12-13 00:00:00-05:00,10.649876534896036,10.649876534896036,10.360275118348294,10.40698528289795,3300,0.0,0.0
2023-12-14 00:00:00-05:00,10.677903574630163,10.93947925877382,10.575141030524842,10.83671760559082,7600,0.0,0.0
2023-12-15 00:00:00-05:00,10.58448219960925,10.976846132645683,10.58448219960925,10.864742279052734,5200,0.0,0.0
2023-12-18 00:00:00-05:00,10.855400473333138,11.425261973078637,10.855400473333138,11.303816795349121,6400,0.0,0.0
2023-12-19 00:00:00-05:00,10.930136963942196,11.387894630432129,10.930136963942196,11.387894630432129,3400,0.0,0.0
2023-12-20 00:00:00-05:00,11.462631149981164,12.667748769749048,11.3878943517029,12.564986228942871,19700,0.0,0.0
2023-12-21 00:00:00-05:00,12.45288206670285,13.545895798999338,12.153938444509716,12.938666343688965,27200,0.0,0.0
2023-12-22 00:00:00-05:00,12.901298977183805,13.265636310557566,12.378146723650133,13.032086372375488,18500,0.0,0.0
2023-12-26 00:00:00-05:00,13.237610309916029,13.237610309916029,12.00446694539876,12.82656192779541,12100,0.0,0.0
2023-12-27 00:00:00-05:00,12.742484812323339,12.742484812323339,11.976440417412238,12.527618408203125,3500,0.0,0.0
2023-12-28 00:00:00-05:00,12.48090863276692,12.536961011090854,12.153939247131348,12.153939247131348,1600,0.0,0.0
2023-12-29 00:00:00-05:00,12.209989358922927,12.209989358922927,11.864335589147545,11.995123863220215,4500,0.0,0.0
2024-01-02 00:00:00-05:00,11.798942207360836,12.546302138542922,11.798942207360836,12.452881813049316,3600,0.0,0.0
2024-01-03 00:00:00-05:00,12.471567478114972,12.471567478114972,12.312753443493108,12.368804931640625,4200,0.0,0.0
2024-01-04 00:00:00-05:00,12.275384114130567,12.275384114130567,12.219331741333008,12.219331741333008,500,0.0,0.0
2024-01-05 00:00:00-05:00,12.004466888839444,12.097886327301405,11.4532889055014,11.761574745178223,10500,0.0,0.0
2024-01-08 00:00:00-05:00,11.47197151184082,11.948413549624897,11.47197151184082,11.47197151184082,900,0.0,0.0
2024-01-09 00:00:00-05:00,11.565391787310244,11.584075317052339,11.210395812988281,11.210395812988281,1900,0.0,0.0
2024-01-10 00:00:00-05:00,11.434603198700112,11.434603198700112,11.023555755615234,11.023555755615234,900,0.0,0.0
2024-01-11 00:00:00-05:00,11.210395502471997,11.387893039255374,11.023555755615234,11.023555755615234,1400,0.0,0.0
2024-01-12 00:00:00-05:00,11.07026606139636,11.415919820381069,10.976845741271973,10.976845741271973,2500,0.0,0.0
2024-01-16 00:00:00-05:00,11.453287953196373,11.453287953196373,11.014213867073694,11.201053619384766,8200,0.0,0.0
2024-01-17 00:00:00-05:00,11.19171137563712,11.612101930735149,11.19171137563712,11.219738006591797,5000,0.0,0.0
2024-01-18 00:00:00-05:00,11.25710678100586,11.25710678100586,11.25710678100586,11.25710678100586,400,0.0,0.0
2024-01-19 00:00:00-05:00,11.612102808255958,11.612102808255958,11.322500502961349,11.518682479858398,2100,0.0,0.0
2024-01-22 00:00:00-05:00,11.042241220961275,11.668155150869394,11.042241220961275,11.27579116821289,4700,0.0,0.0
2024-01-23 00:00:00-05:00,11.369210640264361,11.528024663611143,11.163686452829301,11.25710678100586,3100,0.0,0.0
2024-01-24 00:00:00-05:00,11.32250037320306,11.724206533417732,11.32250037320306,11.556050300598145,3700,0.0,0.0
2024-01-25 00:00:00-05:00,11.584076578445528,11.724207075920058,11.584076578445528,11.677496910095215,1500,0.0,0.0
2024-01-26 00:00:00-05:00,11.770917071978463,11.770917071978463,11.677496741676135,11.733549118041992,1600,0.0,0.0
2024-01-29 00:00:00-05:00,11.584075317052339,11.6307854777909,11.210395812988281,11.210395812988281,1400,0.0,0.0
2024-01-30 00:00:00-05:00,11.21039637207179,11.3878939226238,11.21039637207179,11.322500228881836,1900,0.0,0.0
2024-01-31 00:00:00-05:00,11.453288775155318,11.453288775155318,11.247764587402344,11.247764587402344,2300,0.0,0.0
2024-02-01 00:00:00-05:00,11.247765138372595,11.387894746796142,11.247765138372595,11.359869003295898,900,0.0,0.0
2024-02-02 00:00:00-05:00,11.238422393798828,11.425262159808172,11.238422393798828,11.238422393798828,4100,0.0,0.0
2024-02-05 00:00:00-05:00,11.238421390329174,11.238421390329174,10.976845741271973,10.976845741271973,11100,0.0,0.0
2024-02-06 00:00:00-05:00,10.976847130970903,11.116976737976074,10.976847130970903,11.116976737976074,1600,0.0,0.0
2024-02-07 00:00:00-05:00,11.229081064463198,11.229081064463198,10.83671711070484,10.967504501342773,1300,0.0,0.0
2024-02-08 00:00:00-05:00,10.958162290319413,10.967504501342773,10.958162290319413,10.967504501342773,1000,0.0,0.0
2024-02-09 00:00:00-05:00,11.014214219764465,11.116975864095574,10.85540020248405,11.107634544372559,5500,0.0,0.0
2024-02-12 00:00:00-05:00,10.864743214995812,11.173029061664254,10.864743214995812,10.874085426330566,2600,0.0,0.0
2024-02-13 00:00:00-05:00,10.752638025839472,10.986187934875488,10.752638025839472,10.986187934875488,3300,0.0,0.0
2024-02-14 00:00:00-05:00,10.986188940853893,11.098292800545591,10.761981221470494,10.958162307739258,2000,0.0,0.0
2024-02-15 00:00:00-05:00,10.99553219016384,11.014215723082208,10.76198223768888,10.948822021484375,4500,0.0,0.0
2024-02-16 00:00:00-05:00,11.088951692397073,11.088951692397073,10.920795440673828,10.920795440673828,900,0.0,0.0
2024-02-20 00:00:00-05:00,10.976846979273368,10.976846979273368,10.892768859863281,10.892768859863281,1300,0.0,0.0
2024-02-21 00:00:00-05:00,11.023557108947053,11.023557108947053,10.799349385193572,10.911453247070312,6500,0.0,0.0
2024-02-22 00:00:00-05:00,11.098292350769043,11.098292350769043,11.070266609712478,11.098292350769043,3100,0.0,0.0
2024-02-23 00:00:00-05:00,11.098292482187954,11.098292482187954,11.060924530029297,11.060924530029297,1000,0.0,0.0
2024-02-26 00:00:00-05:00,11.032898674966184,11.088950157165527,11.032898674966184,11.088950157165527,800,0.0,0.0
2024-02-27 00:00:00-05:00,11.09829342106644,11.09829342106644,11.06092546574658,11.070267677307129,4300,0.0,0.0
2024-02-28 00:00:00-05:00,11.10763444769961,11.126317977905273,11.088950026571709,11.126317977905273,1000,0.0,0.0
2024-02-29 00:00:00-05:00,11.126317977905273,11.126317977905273,11.126317977905273,11.126317977905273,300,0.0,0.0
2024-03-01 00:00:00-05:00,11.275789660079123,11.49065604609191,11.275789660079123,11.44394588470459,5100,0.0,0.0
2024-03-04 00:00:00-05:00,11.471972413015203,11.87367858124255,11.341185021255445,11.499999046325684,11100,0.0,0.0
2024-03-05 00:00:00-05:00,11.612101863642883,11.686837763912456,11.509339332580566,11.509339332580566,2100,0.0,0.0
2024-03-06 00:00:00-05:00,11.686838679312315,12.116570584983245,11.13566070346022,11.53736686706543,18800,0.0,0.0
2024-03-07 00:00:00-05:00,11.26205051812945,11.751288035497629,11.26205051812945,11.530652046203613,3400,0.323,0.0
2024-03-08 00:00:00-05:00,11.645766792625409,11.65535898569533,11.003043199635385,11.511466026306152,15100,0.0,0.0
2024-03-11 00:00:00-04:00,11.415537196521058,11.559431076049805,11.415537196521058,11.559431076049805,1600,0.0,0.0
2024-03-12 00:00:00-04:00,11.338793132088528,11.338793132088528,11.07978563617664,11.310014724731445,1500,0.0,0.0
2024-03-13 00:00:00-04:00,11.098970744762122,11.242864608764648,11.098970744762122,11.242864608764648,1300,0.0,0.0
2024-03-14 00:00:00-04:00,11.242864608764648,11.242864608764648,11.242864608764648,11.242864608764648,400,0.0,0.0
2024-03-15 00:00:00-04:00,11.492279615179497,11.57861575528554,11.492279615179497,11.530652046203613,3500,0.0,0.0
2024-03-18 00:00:00-04:00,11.57861623267433,11.991110734699728,11.329201824677927,11.655359268188477,11800,0.0,0.0
2024-03-19 00:00:00-04:00,11.837624376760687,11.991110444068909,11.511466026306152,11.511466026306152,3100,0.0,0.0
2024-03-20 00:00:00-04:00,11.962331904912839,13.094292096410548,11.396351351739426,12.374825477600098,18700,0.0,0.0
2024-03-21 00:00:00-04:00,12.8065061095191,13.391671960217126,11.655358793947276,12.979177474975586,8000,0.0,0.0
2024-03-22 00:00:00-04:00,12.969586210949501,13.660273551940918,12.758542399333091,13.660273551940918,4800,0.0,0.0
2024-03-25 00:00:00-04:00,13.804167150810772,14.868977465789344,13.804167150810772,14.70589828491211,14100,0.0,0.0
2024-03-26 00:00:00-04:00,14.494852724805897,14.494852724805897,13.77538616023848,14.350959777832031,8700,0.0,0.0
2024-03-27 00:00:00-04:00,13.631493213264616,14.350959777832031,13.631493213264616,14.350959777832031,5200,0.0,0.0
2024-03-28 00:00:00-04:00,13.861723703605541,13.88090991973877,13.861723703605541,13.88090991973877,1000,0.0,0.0
2024-04-01 00:00:00-04:00,13.909688161918949,14.322182655334473,13.909688161918949,14.322182655334473,3200,0.0,0.0
2024-04-02 00:00:00-04:00,14.331775548021618,14.331775548021618,13.564345171437488,14.00561809539795,3300,0.0,0.0
2024-04-03 00:00:00-04:00,13.81375874724058,13.98643102890705,13.631494272586396,13.909687995910645,3900,0.0,0.0
2024-04-04 00:00:00-04:00,13.900095417801838,14.072767706048792,13.861723899841309,13.861723899841309,1700,0.0,0.0
2024-04-05 00:00:00-04:00,13.660272504353692,13.660272504353692,13.554751064062367,13.583529472351074,1500,0.0,0.0
2024-04-08 00:00:00-04:00,13.554751561189628,13.583529970533796,13.084700244221942,13.199814796447754,3400,0.0,0.0
2024-04-09 00:00:00-04:00,12.710577194140784,13.334114577347659,12.374825732506846,12.864063262939453,5200,0.0,0.0
2024-04-10 00:00:00-04:00,12.489940838884369,13.027142064192818,12.470754623413086,12.470754623413086,3000,0.0,0.0
2024-04-11 00:00:00-04:00,12.326861200136396,13.430042932198813,12.326861200136396,13.027141571044922,2900,0.0,0.0
2024-04-12 00:00:00-04:00,13.247778367514103,13.247778367514103,12.710576251701072,12.950398445129395,2100,0.0,0.0
2024-04-15 00:00:00-04:00,12.854470134167007,12.854470134167007,12.355640411376953,12.355640411376953,5800,0.0,0.0
2024-04-16 00:00:00-04:00,12.643427260634299,13.123071682784625,12.182968139648438,12.182968139648438,1600,0.0,0.0
2024-04-17 00:00:00-04:00,13.132664226239681,13.132664226239681,12.24052619934082,12.24052619934082,3900,0.0,0.0
2024-04-18 00:00:00-04:00,13.382078711917387,13.382078711917387,12.480347633361816,12.480347633361816,1400,0.0,0.0
2024-04-19 00:00:00-04:00,13.03673659456621,13.03673659456621,12.605056762695312,12.605056762695312,600,0.0,0.0
2024-04-22 00:00:00-04:00,12.681798219170464,13.171034812927246,12.27889684912434,13.171034812927246,3300,0.0,0.0
2024-04-23 00:00:00-04:00,12.42279052734375,12.42279052734375,12.42279052734375,12.42279052734375,400,0.0,0.0
2024-04-24 00:00:00-04:00,12.43238353729248,12.43238353729248,12.43238353729248,12.43238353729248,1100,0.0,0.0
2024-04-25 00:00:00-04:00,12.336453146109065,12.365232467651367,12.326860953777352,12.365232467651367,3000,0.0,0.0
2024-04-26 00:00:00-04:00,12.278897285461426,12.278897285461426,12.18296803590856,12.278897285461426,4200,0.0,0.0
2024-04-29 00:00:00-04:00,12.278897285461426,12.278897285461426,12.278897285461426,12.278897285461426,400,0.0,0.0
2024-04-30 00:00:00-04:00,12.269303659737803,12.269303659737803,11.751287746682106,11.98151683807373,3700,0.0,0.0
2024-05-01 00:00:00-04:00,11.991109516543068,11.991109516543068,11.933551788330078,11.933551788330078,7200,0.0,0.0
2024-05-02 00:00:00-04:00,11.425130139202754,11.91436767578125,11.415537031070043,11.91436767578125,5500,0.0,0.0
2024-05-03 00:00:00-04:00,11.751288414001465,11.751288414001465,11.751288414001465,11.751288414001465,500,0.0,0.0
2024-05-06 00:00:00-04:00,11.751288757563646,11.799253384441903,11.636174201965332,11.636174201965332,3500,0.0,0.0
2024-05-07 00:00:00-04:00,11.588209739165476,11.991111146888876,11.588209739165476,11.875996589660645,3300,0.0,0.0
2024-05-08 00:00:00-04:00,11.98151650810002,12.269303321838379,11.98151650810002,12.269303321838379,4300,0.0,0.0
2024-05-09 00:00:00-04:00,12.13500318355688,12.211746215820312,12.13500318355688,12.211746215820312,2300,0.0,0.0
2024-05-10 00:00:00-04:00,12.230932573414234,12.230932573414234,11.885588924216457,12.11581802368164,1600,0.0,0.0
2024-05-13 00:00:00-04:00,12.182967859679472,12.182967859679472,11.60739511523543,11.952738761901855,5800,0.0,0.0
2024-05-14 00:00:00-04:00,11.895181127477587,12.13500333500616,11.895181127477587,11.943145751953125,4700,0.0,0.0
2024-05-15 00:00:00-04:00,11.904774052074547,12.202153987365577,11.693730256540562,11.703323364257812,2800,0.0,0.0
2024-05-16 00:00:00-04:00,11.99111105769846,11.99111105769846,11.703324209343862,11.799253463745117,2900,0.0,0.0
2024-05-17 00:00:00-04:00,12.058260009066574,12.058260009066574,11.847217130255933,11.885588645935059,2000,0.0,0.0
2024-05-20 00:00:00-04:00,12.202154607964404,12.22133990952556,11.991110801696777,11.991110801696777,2100,0.0,0.0
2024-05-21 00:00:00-04:00,12.115818463816323,12.115818463816323,11.991110801696777,11.991110801696777,1300,0.0,0.0
2024-05-22 00:00:00-04:00,11.885588694398043,12.135003089904785,11.885588694398043,12.135003089904785,700,0.0,0.0
2024-05-23 00:00:00-04:00,11.991110801696777,11.991110801696777,11.991110801696777,11.991110801696777,300,0.0,0.0
2024-05-24 00:00:00-04:00,11.99110998932365,11.99110998932365,11.808845520019531,11.808845520019531,800,0.0,0.0
2024-05-28 00:00:00-04:00,11.799253384441903,11.799253384441903,11.549838056554304,11.636174201965332,1800,0.0,0.0
2024-05-29 00:00:00-04:00,11.636173673335438,11.722509814824226,11.636173673335438,11.684138298034668,800,0.0,0.0
2024-05-30 00:00:00-04:00,11.626579810165936,11.66495132446289,11.626579810165936,11.66495132446289,800,0.0,0.0
2024-05-31 00:00:00-04:00,11.722509389133927,11.770474012091372,11.549837112426758,11.549837112426758,1900,0.0,0.0
2024-06-03 00:00:00-04:00,11.684138156783694,11.78006649017334,11.549837392219255,11.78006649017334,900,0.0,0.0
2024-06-04 00:00:00-04:00,11.626580858582958,11.808846254065918,11.626580858582958,11.655359268188477,3200,0.0,0.0
2024-06-05 00:00:00-04:00,11.72250982627952,11.808845967852676,11.492279810468062,11.511466026306152,10000,0.0,0.0
2024-06-06 00:00:00-04:00,11.655358643232583,11.712916374206543,11.655358643232583,11.712916374206543,2400,0.0,0.0
2024-06-07 00:00:00-04:00,11.674545288085938,11.732102106328671,11.674545288085938,11.674545288085938,2100,0.0,0.0
2024-06-10 00:00:00-04:00,11.58208337227299,11.942199397918834,11.13437253497424,11.192770004272461,9800,0.175,0.0
2024-06-11 00:00:00-04:00,11.387425773918741,11.630746841430664,11.095440307265193,11.630746841430664,3500,0.0,0.0
2024-06-12 00:00:00-04:00,11.484754138456296,11.73780826187867,11.105172953322736,11.669677734375,11600,0.0,0.0
2024-06-13 00:00:00-04:00,11.192769468728557,11.659945487976074,11.192769468728557,11.659945487976074,1800,0.0,0.0
2024-06-14 00:00:00-04:00,11.387425773918741,11.640479906898232,11.387425773918741,11.630746841430664,1200,0.0,0.0
2024-06-17 00:00:00-04:00,11.611281933317402,11.611281933317402,11.153838054892828,11.290098190307617,3100,0.0,0.0
2024-06-18 00:00:00-04:00,11.484754063994911,11.621013261726462,11.455555797080459,11.591814994812012,2700,0.0,0.0
2024-06-20 00:00:00-04:00,11.640480041503906,11.640480041503906,11.416624174142331,11.640480041503906,10700,0.0,0.0
2024-06-21 00:00:00-04:00,11.621014352263797,12.409375058504558,11.60154914855957,11.60154914855957,25500,0.0,0.0
2024-06-24 00:00:00-04:00,11.912999169911838,13.470254363762729,11.912999169911838,12.925214767456055,22200,0.0,0.0
2024-06-25 00:00:00-04:00,12.81815450621056,13.285330532000453,12.350977552224412,12.613764762878418,12900,0.0,0.0
2024-06-26 00:00:00-04:00,13.022544070494215,13.022544070494215,12.584566320288934,12.672162055969238,2100,0.0,0.0
2024-06-27 00:00:00-04:00,12.983612733960618,12.983612733960618,12.166053771972656,12.166053771972656,8900,0.0,0.0
2024-06-28 00:00:00-04:00,12.360710135297616,12.779222671533228,11.961663730140971,12.214717864990234,14900,0.0,0.0
2024-07-01 00:00:00-04:00,11.922732274752303,12.526168409111323,11.85460267306222,12.350976943969727,9700,0.0,0.0
2024-07-02 00:00:00-04:00,12.214717446643402,12.350976646744503,11.737808389897175,12.039525985717773,12200,0.0,0.0
2024-07-03 00:00:00-04:00,12.331511961502459,12.331511961502459,11.825403687920257,11.932465553283691,3000,0.0,0.0
2024-07-05 00:00:00-04:00,11.942199102886313,12.292581125430585,11.825404167175293,11.825404167175293,17000,0.0,0.0
2024-07-08 00:00:00-04:00,12.078458382208042,12.078458382208042,11.679411955570776,11.757274627685547,13400,0.0,0.0
2024-07-09 00:00:00-04:00,11.776739738322458,11.776739738322458,11.319295883178711,11.319295883178711,20900,0.0,0.0
2024-07-10 00:00:00-04:00,11.73780942462927,12.039527047047413,11.484755276139285,11.903266906738281,12100,0.0,0.0
2024-07-11 00:00:00-04:00,11.89353409403036,12.17578649650147,11.89353409403036,12.068724632263184,2900,0.0,0.0
2024-07-12 00:00:00-04:00,12.097923828798834,12.097923828798834,12.068724632263184,12.068724632263184,1100,0.0,0.0
2024-07-15 00:00:00-04:00,11.903266222201637,12.448305823897591,11.757273952420402,11.92273235321045,7100,0.0,0.0
2024-07-16 00:00:00-04:00,12.166053515214188,13.158803927589851,12.166053515214188,12.652695655822754,16400,0.0,0.0
2024-07-17 00:00:00-04:00,12.428840809833275,12.428840809833275,11.97139693433766,12.370443344116211,3900,0.0,0.0
2024-07-18 00:00:00-04:00,12.681894704054914,12.71109390258789,12.662429499895874,12.71109390258789,1400,0.0,0.0
2024-07-19 00:00:00-04:00,12.146588041902259,12.67216247329245,12.146588041902259,12.341245651245117,1600,0.0,0.0
2024-07-22 00:00:00-04:00,12.350977343856735,12.350977343856735,11.874068260192871,11.874068260192871,7900,0.0,0.0
2024-07-23 00:00:00-04:00,11.990862035499614,12.146587371826172,11.874068033254694,12.146587371826172,3500,0.0,0.0
2024-07-24 00:00:00-04:00,12.166054147901635,12.214718550132496,11.990862671149046,12.049260139465332,4400,0.0,0.0
2024-07-25 00:00:00-04:00,11.922733065487591,12.282848156898359,11.922733065487591,12.195252418518066,2400,0.0,0.0
2024-07-26 00:00:00-04:00,12.389908855969411,12.389908855969411,12.16605390956757,12.321779251098633,3700,0.0,0.0
2024-07-29 00:00:00-04:00,12.166053771972656,12.166053771972656,12.058992832929944,12.166053771972656,1800,0.0,0.0
2024-07-30 00:00:00-04:00,12.11738859036497,12.11738859036497,12.097923388246253,12.10765552520752,2000,0.0,0.0
2024-07-31 00:00:00-04:00,12.068724965430304,12.117389366136926,12.020061492919922,12.020061492919922,2900,0.0,0.0
2024-08-01 00:00:00-04:00,11.922732660774054,11.932465726529538,11.796205590541474,11.874068260192871,9500,0.0,0.0
2024-08-02 00:00:00-04:00,11.922732725817378,12.039526730931632,11.708609919009792,11.805938720703125,5700,0.0,0.0
2024-08-05 00:00:00-04:00,11.912998952685111,11.912998952685111,11.377692431547612,11.465288162231445,3700,0.0,0.0
2024-08-06 00:00:00-04:00,11.679411889830911,11.912999904860426,11.679411889830911,11.825404167175293,1800,0.0,0.0
2024-08-07 00:00:00-04:00,11.70860942083453,11.912999153137207,11.70860942083453,11.912999153137207,600,0.0,0.0
2024-08-08 00:00:00-04:00,11.922732660774054,11.922732660774054,11.67941158606438,11.874068260192871,1600,0.0,0.0
2024-08-09 00:00:00-04:00,11.776739801807883,11.825403271773778,11.251166343688965,11.251166343688965,7000,0.0,0.0
2024-08-12 00:00:00-04:00,11.475020923553524,11.67941064700394,11.475020923553524,11.513952255249023,2300,0.0,0.0
2024-08-13 00:00:00-04:00,11.67941154926882,11.67941154926882,11.582082748413086,11.582082748413086,1200,0.0,0.0
2024-08-14 00:00:00-04:00,11.767006874084473,11.767006874084473,11.767006874084473,11.767006874084473,1200,0.0,0.0
2024-08-15 00:00:00-04:00,11.679410956325682,11.679410956325682,11.436089894735563,11.465288162231445,2300,0.0,0.0
2024-08-16 00:00:00-04:00,11.436090101575555,11.552884101867676,11.38742570273812,11.552884101867676,2500,0.0,0.0
2024-08-19 00:00:00-04:00,11.436090017348842,11.436090017348842,11.202502018484976,11.329029083251953,7700,0.0,0.0
2024-08-20 00:00:00-04:00,11.387426688272726,11.484755494371,11.192770004272461,11.192770004272461,7500,0.0,0.0
2024-08-21 00:00:00-04:00,11.416624436993683,11.416624436993683,11.095440691024812,11.153838157653809,4600,0.0,0.0
2024-08-22 00:00:00-04:00,11.095439800499683,11.689143772157921,11.095439800499683,11.445822715759277,3500,0.0,0.0
2024-08-23 00:00:00-04:00,11.679411580581798,11.922732655177253,11.32902956731499,11.728075981140137,10700,0.0,0.0
2024-08-26 00:00:00-04:00,12.146586766497785,12.146586766497785,11.883800506591797,11.883800506591797,4800,0.0,0.0
2024-08-27 00:00:00-04:00,11.92273220746652,11.92273220746652,11.767006874084473,11.767006874084473,5600,0.0,0.0
2024-08-28 00:00:00-04:00,11.92273189898311,11.92273189898311,11.63074644234837,11.81567096710205,3900,0.0,0.0
2024-08-29 00:00:00-04:00,12.058993069134791,12.058993069134791,11.874068528388712,11.893534660339355,7900,0.0,0.0
2024-08-30 00:00:00-04:00,11.864334861107606,12.136855125427246,11.825403527375688,12.136855125427246,4900,0.0,0.0
2024-09-03 00:00:00-04:00,12.146587244661001,12.146587244661001,11.338761374777114,11.630746841430664,17800,0.0,0.0
2024-09-04 00:00:00-04:00,11.767007457213829,11.786472660753107,11.358227972730253,11.377693176269531,3200,0.0,0.0
2024-09-05 00:00:00-04:00,11.844869676242492,11.844869676242492,11.504219809426179,11.776740074157715,3500,0.0,0.0
2024-09-06 00:00:00-04:00,11.912999400067177,12.292580604553223,11.81567152869378,12.292580604553223,9100,0.0,0.0
2024-09-09 00:00:00-04:00,12.399642066936714,12.399642066936714,11.718343225669164,11.825404167175293,6100,0.0,0.0
2024-09-10 00:00:00-04:00,11.853061070202166,12.159265562327585,11.853061070202166,11.961713790893555,10000,0.178,0.0
2024-09-11 00:00:00-04:00,11.853061703371376,11.95183759436482,11.734531199377267,11.75428581237793,10500,0.0,0.0
2024-09-12 00:00:00-04:00,11.635755308383821,11.75428581237793,11.635755308383821,11.75428581237793,1100,0.0,0.0
2024-09-13 00:00:00-04:00,11.853061330560914,11.853061330560914,11.556734608897555,11.74440860748291,4100,0.0,0.0
2024-09-16 00:00:00-04:00,11.675264885923525,11.941959212920152,11.576489941922178,11.86293888092041,9700,0.0,0.0
2024-09-17 00:00:00-04:00,11.754285274731657,11.803673217969354,11.606122387015237,11.665388107299805,8600,0.0,0.0
2024-09-18 00:00:00-04:00,11.645633138758484,11.744409030200412,11.606122970581055,11.606122970581055,4500,0.0,0.0
2024-09-19 00:00:00-04:00,11.833306030462031,12.41608170912358,11.813551417658212,12.149388313293457,15400,0.0,0.0
2024-09-20 00:00:00-04:00,12.179020314372226,12.86057186126709,12.149387925114915,12.86057186126709,30500,0.0,0.0
2024-09-23 00:00:00-04:00,12.840816990047134,12.840816990047134,12.504980087280273,12.504980087280273,7200,0.0,0.0
2024-09-24 00:00:00-04:00,12.603755671190052,13.275428518302782,12.593877893821572,12.87044906616211,12800,0.0,0.0
2024-09-25 00:00:00-04:00,12.801306291921833,14.203918626619807,12.801306291921833,13.611265182495117,20600,0.0,0.0
2024-09-26 00:00:00-04:00,13.265551990551169,13.265551990551169,12.850694751421727,13.127265930175781,1500,0.0,0.0
2024-09-27 00:00:00-04:00,12.751918464511222,13.324816359471688,12.751918464511222,13.216163635253906,10600,0.0,0.0
2024-09-30 00:00:00-04:00,13.384082158485635,13.384082158485635,12.761796315471539,12.96922492980957,7900,0.0,0.0
2024-10-01 00:00:00-04:00,12.840816473318304,12.939592361450195,12.781550752039834,12.939592361450195,4300,0.0,0.0
2024-10-02 00:00:00-04:00,12.900082615906197,13.107511234160322,12.702530833190485,12.80130672454834,5700,0.0,0.0
2024-10-03 00:00:00-04:00,12.900082123291417,13.512490177132673,12.900082123291417,13.186531066894531,2200,0.0,0.0
2024-10-04 00:00:00-04:00,12.76179660969739,13.226041793823242,12.76179660969739,13.226041793823242,1200,0.0,0.0
2024-10-07 00:00:00-04:00,13.601388668641064,13.601388668641064,13.19640827178955,13.19640827178955,2500,0.0,0.0
2024-10-08 00:00:00-04:00,13.186530750851727,13.186530750851727,12.92971420288086,12.92971420288086,1200,0.0,0.0
2024-10-09 00:00:00-04:00,12.860572243852426,12.988979581786285,12.801306521578054,12.821061134338379,1000,0.0,0.0
2024-10-10 00:00:00-04:00,12.939592526915984,13.196408143748917,12.90995919489947,13.0186128616333,2100,0.0,0.0
2024-10-11 00:00:00-04:00,12.959347330229091,13.18653150238078,12.959347330229091,12.998857498168945,1100,0.0,0.0
2024-10-14 00:00:00-04:00,12.98897955550211,13.107510999810998,12.811184273032172,12.91983699798584,2600,0.0,0.0
2024-10-15 00:00:00-04:00,13.07787742744188,13.07787742744188,12.070367705301944,12.416081428527832,18900,0.0,0.0
2024-10-16 00:00:00-04:00,12.830938712936907,12.939592378423852,12.218530654907227,12.218530654907227,16400,0.0,0.0
2024-10-17 00:00:00-04:00,12.416081594233457,12.495101928710938,12.416081594233457,12.495101928710938,800,0.0,0.0
2024-10-18 00:00:00-04:00,12.129632949829102,12.129632949829102,12.129632949829102,12.129632949829102,800,0.0,0.0
2024-10-21 00:00:00-04:00,12.643265663158953,12.939592386122968,12.643265663158953,12.840816497802734,4900,0.0,0.0
2024-10-22 00:00:00-04:00,12.998857384354796,12.998857384354796,12.692653821001137,12.771674156188965,1800,0.0,0.0
2024-10-23 00:00:00-04:00,12.771674196156134,12.771674196156134,12.2876734641202,12.623510360717773,8200,0.0,0.0
2024-10-24 00:00:00-04:00,12.73216374997057,12.979102528303615,12.702530418332994,12.939592361450195,5700,0.0,0.0
2024-10-25 00:00:00-04:00,12.692653770719982,12.998857332860632,12.4951019915363,12.91983699798584,11600,0.0,0.0
2024-10-28 00:00:00-04:00,12.692653583117151,13.077877474438823,12.692653583117151,12.939592361450195,7200,0.0,0.0
2024-10-29 00:00:00-04:00,13.0186128616333,13.0186128616333,13.0186128616333,13.0186128616333,1400,0.0,0.0
2024-10-30 00:00:00-04:00,12.93959214771176,13.008734703063965,12.93959214771176,13.008734703063965,2000,0.0,0.0
2024-10-31 00:00:00-04:00,12.939592361450195,12.939592361450195,12.939592361450195,12.939592361450195,1200,0.0,0.0
2024-11-01 00:00:00-04:00,12.988979883871336,13.07787799835205,12.988979883871336,13.07787799835205,800,0.0,0.0
2024-11-04 00:00:00-05:00,12.959346759813817,13.196407757018521,12.761795928809898,13.008734703063965,13800,0.0,0.0
2024-11-05 00:00:00-05:00,12.900082074889536,13.00873479722902,12.653143298847978,12.663020133972168,13100,0.0,0.0
2024-11-06 00:00:00-05:00,12.366694979998162,13.235918686544158,12.366694979998162,13.02849006652832,9700,0.0,0.0
2024-11-07 00:00:00-05:00,12.761796623316116,13.176653861999512,12.672898509027284,13.176653861999512,8600,0.0,0.0
2024-11-08 00:00:00-05:00,12.919837066650388,12.919837066650388,11.882693988410786,12.100000381469727,24200,0.0,0.0
2024-11-11 00:00:00-05:00,12.307429242847055,13.07787799835205,12.307429242847055,13.07787799835205,6900,0.0,0.0
2024-11-12 00:00:00-05:00,13.137143208194034,13.137143208194034,12.623510096615082,12.890204429626465,10800,0.0,0.0
2024-11-13 00:00:00-05:00,12.69265365600586,12.81118415724679,12.69265365600586,12.69265365600586,1200,0.0,0.0
2024-11-14 00:00:00-05:00,12.692653706901329,12.890204543095027,12.495101928710938,12.495101928710938,3600,0.0,0.0
2024-11-15 00:00:00-05:00,12.396326559217018,12.682775497436523,12.396326559217018,12.682775497436523,900,0.0,0.0
2024-11-18 00:00:00-05:00,12.435837043884431,12.73216376667213,12.218530654907227,12.218530654907227,16200,0.0,0.0
2024-11-19 00:00:00-05:00,12.396326478887456,12.74204019270706,12.24816265125335,12.258040428161621,5400,0.0,0.0
2024-11-20 00:00:00-05:00,12.208652890028702,12.593877724241969,12.149388110609236,12.169142723083496,5800,0.0,0.0
2024-11-21 00:00:00-05:00,12.258041313014088,12.653143939895717,12.258041313014088,12.455592155456543,13400,0.0,0.0
2024-11-22 00:00:00-05:00,13.008735262094005,13.048245429992676,12.663020586483096,13.048245429992676,11700,0.0,0.0
2024-11-25 00:00:00-05:00,13.077877305149602,13.137143025660897,12.475347032935355,12.86057186126709,22100,0.0,0.0
2024-11-26 00:00:00-05:00,12.919836771191827,13.147020936466404,12.69265354791393,13.03836727142334,6500,0.0,0.0
2024-11-27 00:00:00-05:00,13.235918045043945,13.235918045043945,12.880326545963992,13.235918045043945,8700,0.0,0.0
2024-11-29 00:00:00-05:00,13.137143574974269,13.522367477416992,13.137143574974269,13.522367477416992,2700,0.0,0.0
2024-12-02 00:00:00-05:00,13.502612889819677,13.502612889819677,13.216163935824829,13.472980499267578,10900,0.0,0.0
2024-12-03 00:00:00-05:00,13.433470227861976,13.769306182861328,13.34457211489282,13.769306182861328,9900,0.0,0.0
2024-12-04 00:00:00-05:00,13.65077541697949,14.134776140279392,13.48285697171157,14.03600025177002,14100,0.0,0.0
2024-12-05 00:00:00-05:00,14.11502106578982,14.194041402485897,13.640899045613365,13.749551773071289,13500,0.0,0.0
2024-12-06 00:00:00-05:00,13.818693520157677,14.026122127294995,12.959346702587835,13.927347183227539,6200,0.0,0.0
2024-12-09 00:00:00-05:00,13.828572043964776,14.520000457763672,13.769306320726374,14.520000457763672,20100,0.0,0.0
2024-12-10 00:00:00-05:00,14.380000114440918,14.699999809265137,14.210000038146973,14.210000038146973,15300,0.18,0.0
2024-12-11 00:00:00-05:00,14.170000076293945,14.779999732971191,13.359999656677246,13.510000228881836,8100,0.0,0.0
2024-12-12 00:00:00-05:00,13.739999771118164,14.069999694824219,13.40999984741211,13.8100004196167,2700,0.0,0.0
2024-12-13 00:00:00-05:00,14.640000343322754,14.640000343322754,13.680000305175781,14.430000305175781,6800,0.0,0.0
2024-12-16 00:00:00-05:00,14.300000190734863,14.300000190734863,13.5,13.630000114440918,6700,0.0,0.0
2024-12-17 00:00:00-05:00,13.8100004196167,14.779999732971191,13.550000190734863,13.949999809265137,17400,0.0,0.0
2024-12-18 00:00:00-05:00,13.920000076293945,14.470000267028809,13.079999923706055,13.079999923706055,8300,0.0,0.0
2024-12-19 00:00:00-05:00,13.100000381469727,13.800000190734863,12.5,12.5,11900,0.0,0.0
2024-12-20 00:00:00-05:00,12.779999732971191,14.100000381469727,12.520000457763672,12.529999732971191,16800,0.0,0.0
2024-12-23 00:00:00-05:00,12.5,13.199999809265137,12.5,12.520000457763672,11200,0.0,0.0
2024-12-24 00:00:00-05:00,13.0,13.0,12.779999732971191,12.779999732971191,3800,0.0,0.0
2024-12-26 00:00:00-05:00,13.140000343322754,13.699999809265137,12.739999771118164,13.470000267028809,13000,0.0,0.0
2024-12-27 00:00:00-05:00,13.670000076293945,13.670000076293945,12.670000076293945,13.010000228881836,5400,0.0,0.0
2024-12-30 00:00:00-05:00,12.899999618530273,13.670000076293945,12.569999694824219,13.170000076293945,6300,0.0,0.0
2024-12-31 00:00:00-05:00,13.010000228881836,13.25,13.0,13.0,3700,0.0,0.0
2025-01-02 00:00:00-05:00,13.15999984741211,13.25,13.15999984741211,13.25,2500,0.0,0.0
2025-01-03 00:00:00-05:00,13.680000305175781,13.75,12.59000015258789,13.470000267028809,6600,0.0,0.0
2025-01-06 00:00:00-05:00,12.90999984741211,13.09000015258789,12.6899995803833,13.020000457763672,2300,0.0,0.0
2025-01-07 00:00:00-05:00,12.850000381469727,13.449999809265137,12.850000381469727,13.25,3400,0.0,0.0
2025-01-08 00:00:00-05:00,13.010000228881836,13.760000228881836,13.010000228881836,13.760000228881836,2800,0.0,0.0
2025-01-10 00:00:00-05:00,13.0,14.020000457763672,13.0,13.359999656677246,5000,0.0,0.0
2025-01-13 00:00:00-05:00,12.949999809265137,13.479999542236328,12.40999984741211,12.40999984741211,7600,0.0,0.0
2025-01-14 00:00:00-05:00,12.5,12.600000381469727,12.369999885559082,12.600000381469727,2400,0.0,0.0
2025-01-15 00:00:00-05:00,12.5,12.960000038146973,12.329999923706055,12.649999618530273,3200,0.0,0.0
2025-01-16 00:00:00-05:00,12.869999885559082,12.869999885559082,12.720000267028809,12.720000267028809,2000,0.0,0.0
2025-01-17 00:00:00-05:00,12.75,12.890000343322754,12.5,12.699999809265137,4066,0.0,0.0
