Date,Open,High,Low,Close,Volume,Dividends,Stock Splits
2022-01-03 00:00:00-05:00,3.009999990463257,3.0999999046325684,3.009999990463257,3.0999999046325684,13600,0.0,0.0
2022-01-04 00:00:00-05:00,3.009999990463257,3.009999990463257,2.9200000762939453,2.930000066757202,4600,0.0,0.0
2022-01-05 00:00:00-05:00,2.9600000381469727,3.369999885559082,2.9600000381469727,2.9600000381469727,19600,0.0,0.0
2022-01-06 00:00:00-05:00,2.9200000762939453,3.0299999713897705,2.9200000762939453,3.0299999713897705,1300,0.0,0.0
2022-01-07 00:00:00-05:00,2.880000114440918,3.4189999103546143,2.880000114440918,3.109999895095825,5200,0.0,0.0
2022-01-10 00:00:00-05:00,3.009999990463257,3.0399999618530273,2.9100000858306885,3.0399999618530273,1600,0.0,0.0
2022-01-11 00:00:00-05:00,3.069999933242798,3.2699999809265137,3.059999942779541,3.2699999809265137,16400,0.0,0.0
2022-01-12 00:00:00-05:00,3.3399999141693115,4.949999809265137,3.2200000286102295,3.2799999713897705,3349900,0.0,0.0
2022-01-13 00:00:00-05:00,3.1700000762939453,3.299999952316284,2.9600000381469727,3.059999942779541,88600,0.0,0.0
2022-01-14 00:00:00-05:00,2.9200000762939453,3.180000066757202,2.8499999046325684,3.069999933242798,31200,0.0,0.0
2022-01-18 00:00:00-05:00,3.130000114440918,3.440000057220459,3.130000114440918,3.4100000858306885,72700,0.0,0.0
2022-01-19 00:00:00-05:00,3.309999942779541,3.4000000953674316,3.299999952316284,3.3399999141693115,7700,0.0,0.0
2022-01-20 00:00:00-05:00,3.369999885559082,3.369999885559082,2.5850000381469727,2.8499999046325684,216400,0.0,0.0
2022-01-21 00:00:00-05:00,2.890000104904175,3.3399999141693115,2.2200000286102295,2.4679999351501465,526700,0.0,0.0
2022-01-24 00:00:00-05:00,3.799999952316284,3.9200000762939453,2.4000000953674316,3.0999999046325684,10408700,0.0,0.0
2022-01-25 00:00:00-05:00,3.25,3.3299999237060547,2.680000066757202,3.0299999713897705,1450200,0.0,0.0
2022-01-26 00:00:00-05:00,2.880000114440918,3.009999990463257,2.619999885559082,2.7200000286102295,266000,0.0,0.0
2022-01-27 00:00:00-05:00,2.690000057220459,2.890000104904175,2.359999895095825,2.809999942779541,328800,0.0,0.0
2022-01-28 00:00:00-05:00,2.6500000953674316,2.684999942779541,2.3299999237060547,2.4800000190734863,107100,0.0,0.0
2022-01-31 00:00:00-05:00,2.4700000286102295,2.5480000972747803,2.2699999809265137,2.4000000953674316,62500,0.0,0.0
2022-02-01 00:00:00-05:00,2.3499999046325684,2.549999952316284,2.25,2.440000057220459,67300,0.0,0.0
2022-02-02 00:00:00-05:00,2.4000000953674316,2.8299999237060547,2.2799999713897705,2.559999942779541,185900,0.0,0.0
2022-02-03 00:00:00-05:00,2.440000057220459,2.630000114440918,2.440000057220459,2.555000066757202,24600,0.0,0.0
2022-02-04 00:00:00-05:00,2.4700000286102295,2.6070001125335693,2.4200000762939453,2.5959999561309814,13500,0.0,0.0
2022-02-07 00:00:00-05:00,2.4600000381469727,2.569999933242798,2.447999954223633,2.4709999561309814,14300,0.0,0.0
2022-02-08 00:00:00-05:00,2.430000066757202,2.609999895095825,2.4200000762939453,2.4800000190734863,36400,0.0,0.0
2022-02-09 00:00:00-05:00,2.4100000858306885,2.569999933242798,2.380000114440918,2.569999933242798,38500,0.0,0.0
2022-02-10 00:00:00-05:00,2.5299999713897705,2.6500000953674316,2.450000047683716,2.549999952316284,33200,0.0,0.0
2022-02-11 00:00:00-05:00,2.575000047683716,2.5799999237060547,2.4100000858306885,2.450000047683716,18900,0.0,0.0
2022-02-14 00:00:00-05:00,2.4600000381469727,2.4600000381469727,2.2899999618530273,2.319999933242798,14600,0.0,0.0
2022-02-15 00:00:00-05:00,2.311000108718872,2.311000108718872,1.9800000190734863,2.1500000953674316,170100,0.0,0.0
2022-02-16 00:00:00-05:00,2.1500000953674316,2.255000114440918,2.1500000953674316,2.2300000190734863,27500,0.0,0.0
2022-02-17 00:00:00-05:00,2.1700000762939453,2.2750000953674316,2.049999952316284,2.0999999046325684,24600,0.0,0.0
2022-02-18 00:00:00-05:00,2.1689999103546143,2.299999952316284,2.109999895095825,2.2200000286102295,13500,0.0,0.0
2022-02-22 00:00:00-05:00,2.25,2.25,1.9500000476837158,1.9500000476837158,26000,0.0,0.0
2022-02-23 00:00:00-05:00,2.0,2.069999933242798,1.9600000381469727,1.9700000286102295,33700,0.0,0.0
2022-02-24 00:00:00-05:00,1.8899999856948853,1.9600000381469727,1.7899999618530273,1.8300000429153442,33300,0.0,0.0
2022-02-25 00:00:00-05:00,1.840000033378601,2.140000104904175,1.840000033378601,2.0999999046325684,28200,0.0,0.0
2022-02-28 00:00:00-05:00,2.0999999046325684,2.119999885559082,1.9700000286102295,2.119999885559082,36400,0.0,0.0
2022-03-01 00:00:00-05:00,2.0,2.069999933242798,2.0,2.069999933242798,28400,0.0,0.0
2022-03-02 00:00:00-05:00,2.049999952316284,2.0899999141693115,1.8700000047683716,2.049999952316284,15200,0.0,0.0
2022-03-03 00:00:00-05:00,2.0299999713897705,2.319999933242798,1.899999976158142,2.119999885559082,58500,0.0,0.0
2022-03-04 00:00:00-05:00,2.128999948501587,2.2290000915527344,1.9800000190734863,2.0299999713897705,15500,0.0,0.0
2022-03-07 00:00:00-05:00,1.9500000476837158,2.200000047683716,1.940000057220459,2.200000047683716,20800,0.0,0.0
2022-03-08 00:00:00-05:00,1.9500000476837158,2.069999933242798,1.9500000476837158,2.069999933242798,10300,0.0,0.0
2022-03-09 00:00:00-05:00,2.009999990463257,2.0999999046325684,1.909999966621399,2.049999952316284,37400,0.0,0.0
2022-03-10 00:00:00-05:00,2.0,2.569999933242798,2.0,2.240000009536743,219800,0.0,0.0
2022-03-11 00:00:00-05:00,2.2799999713897705,2.515000104904175,2.1070001125335693,2.3399999141693115,88800,0.0,0.0
2022-03-14 00:00:00-04:00,2.180000066757202,2.2699999809265137,2.109999895095825,2.119999885559082,66700,0.0,0.0
2022-03-15 00:00:00-04:00,2.119999885559082,2.4000000953674316,2.0899999141693115,2.375,64300,0.0,0.0
2022-03-16 00:00:00-04:00,2.4000000953674316,2.549999952316284,2.299999952316284,2.5299999713897705,40800,0.0,0.0
2022-03-17 00:00:00-04:00,2.319999933242798,2.684999942779541,2.319999933242798,2.490000009536743,66200,0.0,0.0
2022-03-18 00:00:00-04:00,2.5199999809265137,2.6050000190734863,1.5499999523162842,1.5499999523162842,87800,0.0,0.0
2022-03-21 00:00:00-04:00,2.259999990463257,2.450000047683716,2.0,2.1500000953674316,434700,0.0,0.0
2022-03-22 00:00:00-04:00,2.119999885559082,2.1500000953674316,2.059999942779541,2.130000114440918,63100,0.0,0.0
2022-03-23 00:00:00-04:00,2.119999885559082,2.130000114440918,2.0,2.069999933242798,85900,0.0,0.0
2022-03-24 00:00:00-04:00,2.055000066757202,2.190000057220459,2.009999990463257,2.0399999618530273,57000,0.0,0.0
2022-03-25 00:00:00-04:00,2.0,2.1700000762939453,2.0,2.1500000953674316,32100,0.0,0.0
2022-03-28 00:00:00-04:00,2.0899999141693115,2.2699999809265137,2.0820000171661377,2.180000066757202,14400,0.0,0.0
2022-03-29 00:00:00-04:00,2.2699999809265137,2.4100000858306885,2.200000047683716,2.380000114440918,28800,0.0,0.0
2022-03-30 00:00:00-04:00,2.390000104904175,2.450000047683716,2.380000114440918,2.4000000953674316,9600,0.0,0.0
2022-03-31 00:00:00-04:00,2.4000000953674316,2.630000114440918,2.240000009536743,2.609999895095825,73000,0.0,0.0
2022-04-01 00:00:00-04:00,2.569999933242798,2.740000009536743,2.4619998931884766,2.569999933242798,47000,0.0,0.0
2022-04-04 00:00:00-04:00,2.509999990463257,2.619999885559082,2.4119999408721924,2.4700000286102295,38100,0.0,0.0
2022-04-05 00:00:00-04:00,2.4100000858306885,3.299999952316284,2.4100000858306885,3.0999999046325684,1083500,0.0,0.0
2022-04-06 00:00:00-04:00,3.0999999046325684,3.3919999599456787,3.049999952316284,3.2899999618530273,164000,0.0,0.0
2022-04-07 00:00:00-04:00,3.2200000286102295,3.740000009536743,2.390000104904175,2.4749999046325684,1893900,0.0,0.0
2022-04-08 00:00:00-04:00,2.5299999713897705,2.630000114440918,2.25,2.299999952316284,158900,0.0,0.0
2022-04-11 00:00:00-04:00,2.3299999237060547,2.5799999237060547,2.0,2.0420000553131104,238300,0.0,0.0
2022-04-12 00:00:00-04:00,2.0299999713897705,2.0799999237060547,1.9700000286102295,1.9900000095367432,58400,0.0,0.0
2022-04-13 00:00:00-04:00,1.9500000476837158,2.2899999618530273,1.9500000476837158,2.25,48400,0.0,0.0
2022-04-14 00:00:00-04:00,2.200000047683716,2.2139999866485596,2.0999999046325684,2.190000057220459,9200,0.0,0.0
2022-04-18 00:00:00-04:00,2.1500000953674316,2.1500000953674316,2.059999942779541,2.130000114440918,7500,0.0,0.0
2022-04-19 00:00:00-04:00,2.119999885559082,2.359999895095825,2.0799999237060547,2.299999952316284,31100,0.0,0.0
2022-04-20 00:00:00-04:00,2.259999990463257,2.2799999713897705,2.1659998893737793,2.240000009536743,9400,0.0,0.0
2022-04-21 00:00:00-04:00,2.240000009536743,2.240000009536743,2.0999999046325684,2.1500000953674316,6700,0.0,0.0
2022-04-22 00:00:00-04:00,2.140000104904175,2.299999952316284,2.140000104904175,2.259999990463257,2300,0.0,0.0
2022-04-25 00:00:00-04:00,2.109999895095825,2.1600000858306885,2.0999999046325684,2.0999999046325684,5900,0.0,0.0
2022-04-26 00:00:00-04:00,2.0999999046325684,2.2249999046325684,2.058000087738037,2.2249999046325684,4500,0.0,0.0
2022-04-27 00:00:00-04:00,2.109999895095825,2.1600000858306885,2.009999990463257,2.1500000953674316,7500,0.0,0.0
2022-04-28 00:00:00-04:00,2.130000114440918,2.130000114440918,2.049999952316284,2.119999885559082,7200,0.0,0.0
2022-04-29 00:00:00-04:00,2.0899999141693115,2.0899999141693115,2.049999952316284,2.0899999141693115,1400,0.0,0.0
2022-05-02 00:00:00-04:00,2.0999999046325684,2.1600000858306885,2.075000047683716,2.1600000858306885,7000,0.0,0.0
2022-05-03 00:00:00-04:00,2.1600000858306885,2.2300000190734863,2.0899999141693115,2.0999999046325684,33000,0.0,0.0
2022-05-04 00:00:00-04:00,2.1500000953674316,2.2699999809265137,2.117000102996826,2.130000114440918,2100,0.0,0.0
2022-05-05 00:00:00-04:00,2.109999895095825,2.25,2.109999895095825,2.25,2000,0.0,0.0
2022-05-06 00:00:00-04:00,2.130000114440918,2.130000114440918,2.130000114440918,2.130000114440918,1100,0.0,0.0
2022-05-09 00:00:00-04:00,2.240000009536743,2.240000009536743,2.0999999046325684,2.0999999046325684,17200,0.0,0.0
2022-05-10 00:00:00-04:00,2.0999999046325684,2.2799999713897705,2.0999999046325684,2.2200000286102295,5700,0.0,0.0
2022-05-11 00:00:00-04:00,2.0999999046325684,2.200000047683716,2.0999999046325684,2.200000047683716,9900,0.0,0.0
2022-05-12 00:00:00-04:00,2.0899999141693115,2.6500000953674316,2.0899999141693115,2.2300000190734863,187800,0.0,0.0
2022-05-13 00:00:00-04:00,2.4800000190734863,2.5199999809265137,1.975000023841858,2.180000066757202,29900,0.0,0.0
2022-05-16 00:00:00-04:00,2.180000066757202,2.180000066757202,2.109999895095825,2.119999885559082,2300,0.0,0.0
2022-05-17 00:00:00-04:00,2.0799999237060547,2.0899999141693115,2.0799999237060547,2.0899999141693115,1800,0.0,0.0
2022-05-18 00:00:00-04:00,2.0190000534057617,2.058000087738037,2.0190000534057617,2.058000087738037,1100,0.0,0.0
2022-05-19 00:00:00-04:00,2.1600000858306885,2.180000066757202,2.0999999046325684,2.180000066757202,5700,0.0,0.0
2022-05-20 00:00:00-04:00,2.119999885559082,2.2799999713897705,2.0999999046325684,2.1600000858306885,22900,0.0,0.0
2022-05-23 00:00:00-04:00,2.1700000762939453,2.4800000190734863,2.0810000896453857,2.119999885559082,52500,0.0,0.0
2022-05-24 00:00:00-04:00,2.069999933242798,2.369999885559082,2.009999990463257,2.2899999618530273,3400,0.0,0.0
2022-05-25 00:00:00-04:00,2.0999999046325684,2.1500000953674316,2.0999999046325684,2.109999895095825,800,0.0,0.0
2022-05-26 00:00:00-04:00,2.187000036239624,2.559999942779541,2.187000036239624,2.3299999237060547,53100,0.0,0.0
2022-05-27 00:00:00-04:00,2.3299999237060547,2.5899999141693115,2.2850000858306885,2.3499999046325684,43300,0.0,0.0
2022-05-31 00:00:00-04:00,2.5299999713897705,2.6600000858306885,2.3399999141693115,2.6600000858306885,34400,0.0,0.0
2022-06-01 00:00:00-04:00,2.700000047683716,2.700000047683716,2.490000009536743,2.509999990463257,8400,0.0,0.0
2022-06-02 00:00:00-04:00,2.509999990463257,2.5299999713897705,2.359999895095825,2.4700000286102295,5900,0.0,0.0
2022-06-03 00:00:00-04:00,2.4000000953674316,2.4719998836517334,2.2300000190734863,2.2899999618530273,6800,0.0,0.0
2022-06-06 00:00:00-04:00,2.4600000381469727,2.759999990463257,2.440000057220459,2.694999933242798,32400,0.0,0.0
2022-06-07 00:00:00-04:00,2.75,2.75,2.5199999809265137,2.559999942779541,3800,0.0,0.0
2022-06-08 00:00:00-04:00,2.5299999713897705,2.808000087738037,2.5,2.799999952316284,4500,0.0,0.0
2022-06-09 00:00:00-04:00,2.7100000381469727,2.7869999408721924,2.700000047683716,2.700000047683716,2400,0.0,0.0
2022-06-10 00:00:00-04:00,2.75,2.75,2.4200000762939453,2.4749999046325684,12900,0.0,0.0
2022-06-13 00:00:00-04:00,2.4100000858306885,2.490000009536743,2.25,2.490000009536743,6900,0.0,0.0
2022-06-14 00:00:00-04:00,2.4700000286102295,2.819999933242798,2.4700000286102295,2.799999952316284,6700,0.0,0.0
2022-06-15 00:00:00-04:00,2.5299999713897705,2.7300000190734863,2.5299999713897705,2.609999895095825,6600,0.0,0.0
2022-06-16 00:00:00-04:00,2.3499999046325684,2.700000047683716,2.309999942779541,2.440000057220459,11800,0.0,0.0
2022-06-17 00:00:00-04:00,2.440000057220459,2.6389999389648438,2.309999942779541,2.369999885559082,155600,0.0,0.0
2022-06-21 00:00:00-04:00,2.490000009536743,3.0299999713897705,2.490000009536743,2.759999990463257,116700,0.0,0.0
2022-06-22 00:00:00-04:00,2.8499999046325684,2.8499999046325684,2.109999895095825,2.309999942779541,66700,0.0,0.0
2022-06-23 00:00:00-04:00,2.4100000858306885,2.450000047683716,2.375,2.380000114440918,10800,0.0,0.0
2022-06-24 00:00:00-04:00,2.3299999237060547,2.5220000743865967,2.3299999237060547,2.3550000190734863,1100,0.0,0.0
2022-06-27 00:00:00-04:00,2.25,2.5,2.25,2.4100000858306885,6300,0.0,0.0
2022-06-28 00:00:00-04:00,2.440000057220459,2.7200000286102295,2.440000057220459,2.700000047683716,16700,0.0,0.0
2022-06-29 00:00:00-04:00,2.503000020980835,2.630000114440918,2.430000066757202,2.5,10000,0.0,0.0
2022-06-30 00:00:00-04:00,2.640000104904175,2.640000104904175,2.640000104904175,2.640000104904175,600,0.0,0.0
2022-07-01 00:00:00-04:00,2.640000104904175,2.640000104904175,2.640000104904175,2.640000104904175,0,0.0,0.0
2022-07-05 00:00:00-04:00,2.5,2.559999942779541,2.5,2.559999942779541,700,0.0,0.0
2022-07-06 00:00:00-04:00,2.490000009536743,2.490000009536743,2.490000009536743,2.490000009536743,500,0.0,0.0
2022-07-07 00:00:00-04:00,2.680000066757202,2.680000066757202,2.5,2.619999885559082,1700,0.0,0.0
2022-07-08 00:00:00-04:00,2.640000104904175,2.640000104904175,2.640000104904175,2.640000104904175,500,0.0,0.0
2022-07-11 00:00:00-04:00,2.509999990463257,2.640000104904175,2.509999990463257,2.640000104904175,400,0.0,0.0
2022-07-12 00:00:00-04:00,2.390000104904175,2.490000009536743,2.299999952316284,2.490000009536743,1900,0.0,0.0
2022-07-13 00:00:00-04:00,2.440000057220459,2.549999952316284,2.440000057220459,2.549999952316284,600,0.0,0.0
2022-07-14 00:00:00-04:00,2.549999952316284,2.549999952316284,2.549999952316284,2.549999952316284,0,0.0,0.0
2022-07-15 00:00:00-04:00,2.549999952316284,2.549999952316284,2.549999952316284,2.549999952316284,300,0.0,0.0
2022-07-18 00:00:00-04:00,2.549999952316284,2.549999952316284,2.549999952316284,2.549999952316284,300,0.0,0.0
2022-07-19 00:00:00-04:00,2.4200000762939453,2.680000066757202,2.4200000762939453,2.5999999046325684,1100,0.0,0.0
2022-07-20 00:00:00-04:00,2.4700000286102295,2.5299999713897705,2.1500000953674316,2.190000057220459,8900,0.0,0.0
2022-07-21 00:00:00-04:00,2.200000047683716,2.5799999237060547,2.1500000953674316,2.2070000171661377,20000,0.0,0.0
2022-07-22 00:00:00-04:00,2.1500000953674316,2.4000000953674316,2.140000104904175,2.140000104904175,33000,0.0,0.0
2022-07-25 00:00:00-04:00,2.200000047683716,2.240000009536743,2.180000066757202,2.2200000286102295,3700,0.0,0.0
2022-07-26 00:00:00-04:00,2.200000047683716,2.25,2.190000057220459,2.240000009536743,1600,0.0,0.0
2022-07-27 00:00:00-04:00,2.200000047683716,2.2100000381469727,2.0999999046325684,2.140000104904175,41400,0.0,0.0
2022-07-28 00:00:00-04:00,2.25,2.25,2.11299991607666,2.11299991607666,4500,0.0,0.0
2022-07-29 00:00:00-04:00,2.200000047683716,2.440000057220459,2.0999999046325684,2.2100000381469727,46200,0.0,0.0
2022-08-01 00:00:00-04:00,2.240000009536743,2.240000009536743,2.119999885559082,2.180000066757202,2900,0.0,0.0
2022-08-02 00:00:00-04:00,2.200000047683716,2.390000104904175,2.180000066757202,2.319999933242798,35700,0.0,0.0
2022-08-03 00:00:00-04:00,2.2880001068115234,2.2880001068115234,2.259999990463257,2.259999990463257,700,0.0,0.0
2022-08-04 00:00:00-04:00,2.450000047683716,2.450000047683716,2.259999990463257,2.390000104904175,7200,0.0,0.0
2022-08-05 00:00:00-04:00,2.374000072479248,2.374000072479248,2.374000072479248,2.374000072479248,200,0.0,0.0
2022-08-08 00:00:00-04:00,2.25,2.437999963760376,2.25,2.312999963760376,6400,0.0,0.0
2022-08-09 00:00:00-04:00,2.299999952316284,2.309999942779541,2.25,2.25,3200,0.0,0.0
2022-08-10 00:00:00-04:00,2.299999952316284,2.424999952316284,2.2699999809265137,2.390000104904175,8800,0.0,0.0
2022-08-11 00:00:00-04:00,2.390000104904175,2.390000104904175,2.3269999027252197,2.3269999027252197,1300,0.0,0.0
2022-08-12 00:00:00-04:00,2.3299999237060547,2.4200000762939453,2.2820000648498535,2.2829999923706055,2800,0.0,0.0
2022-08-15 00:00:00-04:00,2.2799999713897705,2.299999952316284,2.259999990463257,2.2899999618530273,1400,0.0,0.0
2022-08-16 00:00:00-04:00,2.299999952316284,2.3499999046325684,2.25,2.3499999046325684,39300,0.0,0.0
2022-08-17 00:00:00-04:00,2.390000104904175,2.390000104904175,2.25,2.25,6000,0.0,0.0
2022-08-18 00:00:00-04:00,2.25,2.25,2.25,2.25,600,0.0,0.0
2022-08-19 00:00:00-04:00,2.2899999618530273,2.2899999618530273,2.25,2.25,11300,0.0,0.0
2022-08-22 00:00:00-04:00,2.390000104904175,2.390000104904175,2.390000104904175,2.390000104904175,300,0.0,0.0
2022-08-23 00:00:00-04:00,2.4200000762939453,2.4200000762939453,2.3299999237060547,2.390000104904175,800,0.0,0.0
2022-08-24 00:00:00-04:00,2.25,2.390000104904175,2.0999999046325684,2.390000104904175,2700,0.0,0.0
2022-08-25 00:00:00-04:00,2.390000104904175,2.390000104904175,2.390000104904175,2.390000104904175,0,0.0,0.0
2022-08-26 00:00:00-04:00,2.25,2.384999990463257,2.25,2.3499999046325684,1500,0.0,0.0
2022-08-29 00:00:00-04:00,2.3499999046325684,2.3499999046325684,2.3499999046325684,2.3499999046325684,300,0.0,0.0
2022-08-30 00:00:00-04:00,2.299999952316284,2.299999952316284,2.119999885559082,2.190000057220459,1700,0.0,0.0
2022-08-31 00:00:00-04:00,2.119999885559082,2.25,2.0999999046325684,2.200000047683716,4100,0.0,0.0
2022-09-01 00:00:00-04:00,2.109999895095825,2.187000036239624,2.0999999046325684,2.0999999046325684,13900,0.0,0.0
2022-09-02 00:00:00-04:00,2.109999895095825,2.2200000286102295,2.0999999046325684,2.190000057220459,21800,0.0,0.0
2022-09-06 00:00:00-04:00,2.119999885559082,2.2790000438690186,2.1010000705718994,2.2790000438690186,2400,0.0,0.0
2022-09-07 00:00:00-04:00,2.490000009536743,2.490000009536743,2.2699999809265137,2.390000104904175,1700,0.0,0.0
2022-09-08 00:00:00-04:00,2.4000000953674316,2.4000000953674316,2.255000114440918,2.369999885559082,1700,0.0,0.0
2022-09-09 00:00:00-04:00,2.130000114440918,2.390000104904175,2.130000114440918,2.390000104904175,2300,0.0,0.0
2022-09-12 00:00:00-04:00,2.200000047683716,2.200000047683716,2.200000047683716,2.200000047683716,900,0.0,0.0
2022-09-13 00:00:00-04:00,2.390000104904175,2.390000104904175,2.1700000762939453,2.3299999237060547,2800,0.0,0.0
2022-09-14 00:00:00-04:00,2.119999885559082,2.309999942779541,2.119999885559082,2.2300000190734863,3400,0.0,0.0
2022-09-15 00:00:00-04:00,2.3299999237060547,2.3299999237060547,2.119999885559082,2.309999942779541,4900,0.0,0.0
2022-09-16 00:00:00-04:00,2.109999895095825,2.2899999618530273,2.109999895095825,2.1700000762939453,3500,0.0,0.0
2022-09-19 00:00:00-04:00,2.1700000762939453,2.240000009536743,2.1700000762939453,2.240000009536743,3200,0.0,0.0
2022-09-20 00:00:00-04:00,2.2330000400543213,2.2330000400543213,2.0999999046325684,2.119999885559082,7200,0.0,0.0
2022-09-21 00:00:00-04:00,2.2699999809265137,2.2699999809265137,2.2699999809265137,2.2699999809265137,800,0.0,0.0
2022-09-22 00:00:00-04:00,2.0999999046325684,2.194999933242798,2.0999999046325684,2.0999999046325684,4600,0.0,0.0
2022-09-23 00:00:00-04:00,2.0999999046325684,2.0999999046325684,2.0999999046325684,2.0999999046325684,1400,0.0,0.0
2022-09-26 00:00:00-04:00,2.0999999046325684,2.0999999046325684,2.0999999046325684,2.0999999046325684,5300,0.0,0.0
2022-09-27 00:00:00-04:00,2.0999999046325684,2.0999999046325684,2.0999999046325684,2.0999999046325684,0,0.0,0.0
2022-09-28 00:00:00-04:00,2.0999999046325684,2.0999999046325684,2.0999999046325684,2.0999999046325684,0,0.0,0.0
2022-09-29 00:00:00-04:00,2.369999885559082,2.369999885559082,2.1410000324249268,2.3499999046325684,600,0.0,0.0
2022-09-30 00:00:00-04:00,2.109999895095825,2.25,2.0999999046325684,2.0999999046325684,4500,0.0,0.0
2022-10-03 00:00:00-04:00,2.0999999046325684,2.132999897003174,2.0999999046325684,2.119999885559082,3500,0.0,0.0
2022-10-04 00:00:00-04:00,2.2300000190734863,2.2300000190734863,2.2300000190734863,2.2300000190734863,600,0.0,0.0
2022-10-05 00:00:00-04:00,2.2899999618530273,2.299999952316284,2.2799999713897705,2.299999952316284,4300,0.0,0.0
2022-10-06 00:00:00-04:00,2.25,2.25,2.11899995803833,2.11899995803833,1000,0.0,0.0
2022-10-07 00:00:00-04:00,2.109999895095825,2.3499999046325684,2.109999895095825,2.130000114440918,1500,0.0,0.0
2022-10-10 00:00:00-04:00,2.125999927520752,2.125999927520752,2.125999927520752,2.125999927520752,400,0.0,0.0
2022-10-11 00:00:00-04:00,2.190000057220459,2.190000057220459,2.0250000953674316,2.049999952316284,8100,0.0,0.0
2022-10-12 00:00:00-04:00,2.049999952316284,2.049999952316284,2.049999952316284,2.049999952316284,100,0.0,0.0
2022-10-13 00:00:00-04:00,1.9600000381469727,2.062000036239624,1.899999976158142,2.062000036239624,1100,0.0,0.0
2022-10-14 00:00:00-04:00,2.0399999618530273,2.0399999618530273,1.7899999618530273,2.005000114440918,11700,0.0,0.0
2022-10-17 00:00:00-04:00,1.809999942779541,1.965000033378601,1.7400000095367432,1.965000033378601,2300,0.0,0.0
2022-10-18 00:00:00-04:00,1.9910000562667847,1.9910000562667847,1.9900000095367432,1.9900000095367432,1100,0.0,0.0
2022-10-19 00:00:00-04:00,2.0,2.0,2.0,2.0,600,0.0,0.0
2022-10-20 00:00:00-04:00,1.843000054359436,2.0299999713897705,1.843000054359436,2.0299999713897705,1400,0.0,0.0
2022-10-21 00:00:00-04:00,1.899999976158142,2.0199999809265137,1.899999976158142,2.0,2000,0.0,0.0
2022-10-24 00:00:00-04:00,2.0,2.0,2.0,2.0,0,0.0,0.0
2022-10-25 00:00:00-04:00,2.0,2.1500000953674316,2.0,2.1500000953674316,8000,0.0,0.0
2022-10-26 00:00:00-04:00,2.3299999237060547,2.3299999237060547,2.1500000953674316,2.1500000953674316,700,0.0,0.0
2022-10-27 00:00:00-04:00,2.319999933242798,2.3499999046325684,2.200000047683716,2.3299999237060547,5200,0.0,0.0
2022-10-28 00:00:00-04:00,1.8700000047683716,2.2899999618530273,1.8700000047683716,2.2899999618530273,600,0.0,0.0
2022-10-31 00:00:00-04:00,2.3499999046325684,2.390000104904175,2.3499999046325684,2.390000104904175,1400,0.0,0.0
2022-11-01 00:00:00-04:00,2.359999895095825,2.4000000953674316,2.2699999809265137,2.4000000953674316,8900,0.0,0.0
2022-11-02 00:00:00-04:00,2.2799999713897705,2.4049999713897705,1.9900000095367432,2.4049999713897705,10100,0.0,0.0
2022-11-03 00:00:00-04:00,2.4000000953674316,2.4000000953674316,2.390000104904175,2.390000104904175,1200,0.0,0.0
2022-11-04 00:00:00-04:00,2.190000057220459,2.369999885559082,2.009999990463257,2.369999885559082,9200,0.0,0.0
2022-11-07 00:00:00-05:00,2.299999952316284,2.299999952316284,2.299999952316284,2.299999952316284,100,0.0,0.0
2022-11-08 00:00:00-05:00,2.299999952316284,2.299999952316284,2.299999952316284,2.299999952316284,0,0.0,0.0
2022-11-09 00:00:00-05:00,2.299999952316284,2.299999952316284,2.299999952316284,2.299999952316284,0,0.0,0.0
2022-11-10 00:00:00-05:00,2.135999917984009,2.2699999809265137,2.0399999618530273,2.2300000190734863,3900,0.0,0.0
2022-11-11 00:00:00-05:00,2.009999990463257,2.1610000133514404,2.009999990463257,2.0799999237060547,8200,0.0,0.0
2022-11-14 00:00:00-05:00,2.0,2.069999933242798,2.0,2.069999933242798,2300,0.0,0.0
2022-11-15 00:00:00-05:00,2.069999933242798,2.069999933242798,2.0,2.0,2600,0.0,0.0
2022-11-16 00:00:00-05:00,2.0,2.1050000190734863,2.0,2.0,6900,0.0,0.0
2022-11-17 00:00:00-05:00,2.0,2.0,1.7000000476837158,1.7200000286102295,4400,0.0,0.0
2022-11-18 00:00:00-05:00,1.5,2.0,1.5,2.0,8300,0.0,0.0
2022-11-21 00:00:00-05:00,2.200000047683716,2.200000047683716,2.0299999713897705,2.0299999713897705,900,0.0,0.0
2022-11-22 00:00:00-05:00,1.9700000286102295,1.9800000190734863,1.9700000286102295,1.9800000190734863,500,0.0,0.0
2022-11-23 00:00:00-05:00,1.784999966621399,1.965999960899353,1.784999966621399,1.965999960899353,500,0.0,0.0
2022-11-25 00:00:00-05:00,2.240000009536743,2.240000009536743,2.069999933242798,2.0899999141693115,700,0.0,0.0
2022-11-28 00:00:00-05:00,2.0899999141693115,2.0899999141693115,2.0899999141693115,2.0899999141693115,0,0.0,0.0
2022-11-29 00:00:00-05:00,2.0899999141693115,2.0899999141693115,2.0899999141693115,2.0899999141693115,0,0.0,0.0
2022-11-30 00:00:00-05:00,2.0899999141693115,2.0899999141693115,2.0899999141693115,2.0899999141693115,300,0.0,0.0
2022-12-01 00:00:00-05:00,2.3299999237060547,2.3299999237060547,1.9800000190734863,2.0199999809265137,4800,0.0,0.0
2022-12-02 00:00:00-05:00,2.0199999809265137,2.0199999809265137,2.0199999809265137,2.0199999809265137,0,0.0,0.0
2022-12-05 00:00:00-05:00,2.0199999809265137,2.0199999809265137,2.0199999809265137,2.0199999809265137,0,0.0,0.0
2022-12-06 00:00:00-05:00,2.0199999809265137,2.0199999809265137,2.0199999809265137,2.0199999809265137,0,0.0,0.0
2022-12-07 00:00:00-05:00,1.600000023841858,2.0999999046325684,1.600000023841858,2.0,3500,0.0,0.0
2022-12-08 00:00:00-05:00,2.049999952316284,2.049999952316284,1.75,1.75,6000,0.0,0.0
2022-12-09 00:00:00-05:00,1.8949999809265137,2.0,1.8949999809265137,2.0,13200,0.0,0.0
2022-12-12 00:00:00-05:00,1.8200000524520874,2.072999954223633,1.7699999809265137,2.072999954223633,1600,0.0,0.0
2022-12-13 00:00:00-05:00,1.8600000143051147,2.0399999618530273,1.809999942779541,2.0399999618530273,5700,0.0,0.0
2022-12-14 00:00:00-05:00,1.8300000429153442,1.8300000429153442,1.8300000429153442,1.8300000429153442,300,0.0,0.0
2022-12-15 00:00:00-05:00,1.8300000429153442,1.8300000429153442,1.8300000429153442,1.8300000429153442,400,0.0,0.0
2022-12-16 00:00:00-05:00,1.9500000476837158,1.9500000476837158,1.8300000429153442,1.899999976158142,1300,0.0,0.0
2022-12-19 00:00:00-05:00,1.850000023841858,1.9199999570846558,1.75,1.9199999570846558,2100,0.0,0.0
2022-12-20 00:00:00-05:00,1.75,1.9600000381469727,1.6100000143051147,1.9479999542236328,12200,0.0,0.0
2022-12-21 00:00:00-05:00,1.8250000476837158,1.899999976158142,1.7000000476837158,1.899999976158142,3300,0.0,0.0
2022-12-22 00:00:00-05:00,1.7000000476837158,1.9600000381469727,1.7000000476837158,1.7300000190734863,7200,0.0,0.0
2022-12-23 00:00:00-05:00,1.649999976158142,1.7999999523162842,1.6339999437332153,1.7100000381469727,2800,0.0,0.0
2022-12-27 00:00:00-05:00,1.5700000524520874,1.7000000476837158,1.5499999523162842,1.6469999551773071,1800,0.0,0.0
2022-12-28 00:00:00-05:00,1.6799999475479126,1.6799999475479126,1.565000057220459,1.6399999856948853,88000,0.0,0.0
2022-12-29 00:00:00-05:00,1.6829999685287476,1.8040000200271606,1.6200000047683716,1.8040000200271606,3800,0.0,0.0
2022-12-30 00:00:00-05:00,1.7000000476837158,1.8279999494552612,1.6100000143051147,1.8279999494552612,18100,0.0,0.0
2023-01-03 00:00:00-05:00,1.7419999837875366,1.7999999523162842,1.649999976158142,1.7999999523162842,4100,0.0,0.0
2023-01-04 00:00:00-05:00,1.7999999523162842,1.7999999523162842,1.7999999523162842,1.7999999523162842,0,0.0,0.0
2023-01-05 00:00:00-05:00,1.6799999475479126,1.809999942779541,1.6799999475479126,1.809999942779541,2200,0.0,0.0
2023-01-06 00:00:00-05:00,1.809999942779541,1.809999942779541,1.809999942779541,1.809999942779541,0,0.0,0.0
2023-01-09 00:00:00-05:00,1.7100000381469727,1.777999997138977,1.690000057220459,1.690000057220459,4000,0.0,0.0
2023-01-10 00:00:00-05:00,1.690000057220459,1.690000057220459,1.690000057220459,1.690000057220459,200,0.0,0.0
2023-01-11 00:00:00-05:00,1.7000000476837158,1.7000000476837158,1.6399999856948853,1.6399999856948853,1400,0.0,0.0
2023-01-12 00:00:00-05:00,1.600000023841858,1.8600000143051147,1.600000023841858,1.8600000143051147,150600,0.0,0.0
2023-01-13 00:00:00-05:00,1.6440000534057617,1.8899999856948853,1.6299999952316284,1.815000057220459,1500,0.0,0.0
2023-01-17 00:00:00-05:00,1.809999942779541,1.8899999856948853,1.7000000476837158,1.8049999475479126,14300,0.0,0.0
2023-01-18 00:00:00-05:00,1.8799999952316284,1.8899999856948853,1.8700000047683716,1.8899999856948853,4200,0.0,0.0
2023-01-19 00:00:00-05:00,1.8899999856948853,1.8899999856948853,1.8899999856948853,1.8899999856948853,0,0.0,0.0
2023-01-20 00:00:00-05:00,1.850000023841858,1.9079999923706055,1.850000023841858,1.9079999923706055,1100,0.0,0.0
2023-01-23 00:00:00-05:00,2.0,2.0,1.7699999809265137,1.8700000047683716,31000,0.0,0.0
2023-01-24 00:00:00-05:00,1.8799999952316284,1.9149999618530273,1.850000023841858,1.8899999856948853,5300,0.0,0.0
2023-01-25 00:00:00-05:00,1.8899999856948853,1.8899999856948853,1.8899999856948853,1.8899999856948853,0,0.0,0.0
2023-01-26 00:00:00-05:00,1.8250000476837158,1.8250000476837158,1.7100000381469727,1.7300000190734863,5200,0.0,0.0
2023-01-27 00:00:00-05:00,1.899999976158142,1.899999976158142,1.809999942779541,1.809999942779541,700,0.0,0.0
2023-01-30 00:00:00-05:00,1.940000057220459,1.940000057220459,1.940000057220459,1.940000057220459,500,0.0,0.0
2023-01-31 00:00:00-05:00,1.8200000524520874,1.8799999952316284,1.8200000524520874,1.8200000524520874,400,0.0,0.0
2023-02-01 00:00:00-05:00,2.009999990463257,2.009999990463257,1.7000000476837158,1.7100000381469727,18400,0.0,0.0
2023-02-02 00:00:00-05:00,1.9079999923706055,1.9079999923706055,1.7100000381469727,1.7100000381469727,1300,0.0,0.0
2023-02-03 00:00:00-05:00,1.746999979019165,1.75,1.746999979019165,1.75,700,0.0,0.0
2023-02-06 00:00:00-05:00,1.8049999475479126,1.8049999475479126,1.8049999475479126,1.8049999475479126,400,0.0,0.0
2023-02-07 00:00:00-05:00,1.8600000143051147,1.8700000047683716,1.6699999570846558,1.6699999570846558,7400,0.0,0.0
2023-02-08 00:00:00-05:00,1.7100000381469727,1.7100000381469727,1.7100000381469727,1.7100000381469727,500,0.0,0.0
2023-02-09 00:00:00-05:00,1.909000039100647,1.909000039100647,1.7400000095367432,1.7400000095367432,1200,0.0,0.0
2023-02-10 00:00:00-05:00,1.7400000095367432,1.7400000095367432,1.7400000095367432,1.7400000095367432,0,0.0,0.0
2023-02-13 00:00:00-05:00,1.7400000095367432,1.7400000095367432,1.7400000095367432,1.7400000095367432,600,0.0,0.0
2023-02-14 00:00:00-05:00,1.7890000343322754,1.8459999561309814,1.7730000019073486,1.8459999561309814,900,0.0,0.0
2023-02-15 00:00:00-05:00,1.8459999561309814,1.8459999561309814,1.8459999561309814,1.8459999561309814,0,0.0,0.0
2023-02-16 00:00:00-05:00,1.8459999561309814,1.8459999561309814,1.8459999561309814,1.8459999561309814,0,0.0,0.0
2023-02-17 00:00:00-05:00,1.8459999561309814,1.8459999561309814,1.8459999561309814,1.8459999561309814,1600,0.0,0.0
2023-02-21 00:00:00-05:00,1.8459999561309814,1.8459999561309814,1.8459999561309814,1.8459999561309814,0,0.0,0.0
2023-02-22 00:00:00-05:00,1.8459999561309814,1.8459999561309814,1.8459999561309814,1.8459999561309814,0,0.0,0.0
2023-02-23 00:00:00-05:00,1.6299999952316284,1.850000023841858,1.5499999523162842,1.850000023841858,8800,0.0,0.0
2023-02-24 00:00:00-05:00,1.9600000381469727,2.200000047683716,1.9600000381469727,2.200000047683716,31900,0.0,0.0
2023-02-27 00:00:00-05:00,2.1600000858306885,2.4000000953674316,2.1500000953674316,2.299999952316284,17100,0.0,0.0
2023-02-28 00:00:00-05:00,2.200000047683716,2.2799999713897705,2.0799999237060547,2.0999999046325684,5500,0.0,0.0
2023-03-01 00:00:00-05:00,1.7999999523162842,2.0,1.7400000095367432,2.0,2600,0.0,0.0
2023-03-02 00:00:00-05:00,2.0999999046325684,2.119999885559082,2.0999999046325684,2.119999885559082,3000,0.0,0.0
2023-03-03 00:00:00-05:00,2.194999933242798,2.240000009536743,2.0510001182556152,2.2300000190734863,1000,0.0,0.0
2023-03-06 00:00:00-05:00,2.2300000190734863,2.2300000190734863,2.2300000190734863,2.2300000190734863,0,0.0,0.0
2023-03-07 00:00:00-05:00,2.200000047683716,2.200000047683716,2.200000047683716,2.200000047683716,500,0.0,0.0
2023-03-08 00:00:00-05:00,2.0850000381469727,2.0850000381469727,2.0850000381469727,2.0850000381469727,100,0.0,0.0
2023-03-09 00:00:00-05:00,2.180000066757202,2.369999885559082,2.180000066757202,2.299999952316284,8100,0.0,0.0
2023-03-10 00:00:00-05:00,2.390000104904175,2.490000009536743,2.390000104904175,2.490000009536743,6100,0.0,0.0
2023-03-13 00:00:00-04:00,2.5899999141693115,2.75,2.4119999408721924,2.75,5400,0.0,0.0
2023-03-14 00:00:00-04:00,2.75,2.75,2.4800000190734863,2.6050000190734863,1500,0.0,0.0
2023-03-15 00:00:00-04:00,2.6050000190734863,2.6050000190734863,2.6050000190734863,2.6050000190734863,200,0.0,0.0
2023-03-16 00:00:00-04:00,2.4730000495910645,2.4730000495910645,2.4730000495910645,2.4730000495910645,300,0.0,0.0
2023-03-17 00:00:00-04:00,2.5,2.9000000953674316,2.5,2.8499999046325684,10900,0.0,0.0
2023-03-20 00:00:00-04:00,2.9000000953674316,3.0,2.75,2.9649999141693115,4800,0.0,0.0
2023-03-21 00:00:00-04:00,2.990000009536743,2.990000009536743,2.950000047683716,2.950000047683716,1900,0.0,0.0
2023-03-22 00:00:00-04:00,2.700000047683716,2.869999885559082,2.700000047683716,2.869999885559082,1200,0.0,0.0
2023-03-23 00:00:00-04:00,2.700000047683716,2.75,2.700000047683716,2.75,3700,0.0,0.0
2023-03-24 00:00:00-04:00,2.759999990463257,3.0,2.7249999046325684,3.0,14000,0.0,0.0
2023-03-27 00:00:00-04:00,2.990000009536743,2.990000009536743,2.8499999046325684,2.8499999046325684,2300,0.0,0.0
2023-03-28 00:00:00-04:00,2.694000005722046,2.8499999046325684,2.5399999618530273,2.8499999046325684,4300,0.0,0.0
2023-03-29 00:00:00-04:00,2.569999933242798,2.8499999046325684,2.569999933242798,2.8499999046325684,6900,0.0,0.0
2023-03-30 00:00:00-04:00,2.63700008392334,2.950000047683716,2.619999885559082,2.950000047683716,2800,0.0,0.0
2023-03-31 00:00:00-04:00,2.950000047683716,2.950000047683716,2.950000047683716,2.950000047683716,500,0.0,0.0
2023-04-03 00:00:00-04:00,2.690000057220459,2.940000057220459,2.690000057220459,2.8299999237060547,1200,0.0,0.0
2023-04-04 00:00:00-04:00,2.630000114440918,2.630000114440918,2.549999952316284,2.549999952316284,3200,0.0,0.0
2023-04-05 00:00:00-04:00,2.86299991607666,2.86299991607666,2.6500000953674316,2.6500000953674316,300,0.0,0.0
2023-04-06 00:00:00-04:00,2.6019999980926514,2.6019999980926514,2.5,2.5,500,0.0,0.0
2023-04-10 00:00:00-04:00,2.690000057220459,2.690000057220459,2.690000057220459,2.690000057220459,300,0.0,0.0
2023-04-11 00:00:00-04:00,2.5999999046325684,2.8499999046325684,2.5,2.8499999046325684,3600,0.0,0.0
2023-04-12 00:00:00-04:00,2.799999952316284,2.8299999237060547,2.740000009536743,2.740000009536743,1400,0.0,0.0
2023-04-13 00:00:00-04:00,2.4000000953674316,2.5899999141693115,2.259999990463257,2.5899999141693115,1700,0.0,0.0
2023-04-14 00:00:00-04:00,2.319999933242798,2.490000009536743,2.319999933242798,2.3410000801086426,900,0.0,0.0
2023-04-17 00:00:00-04:00,2.3499999046325684,2.3499999046325684,2.3499999046325684,2.3499999046325684,800,0.0,0.0
2023-04-18 00:00:00-04:00,2.2899999618530273,2.4000000953674316,2.2899999618530273,2.4000000953674316,400,0.0,0.0
2023-04-19 00:00:00-04:00,2.799999952316284,2.950000047683716,2.799999952316284,2.9000000953674316,8200,0.0,0.0
2023-04-20 00:00:00-04:00,2.9000000953674316,2.9000000953674316,2.7799999713897705,2.7799999713897705,700,0.0,0.0
2023-04-21 00:00:00-04:00,2.7799999713897705,2.7799999713897705,2.7799999713897705,2.7799999713897705,0,0.0,0.0
2023-04-24 00:00:00-04:00,2.7799999713897705,2.7799999713897705,2.509999990463257,2.509999990463257,1900,0.0,0.0
2023-04-25 00:00:00-04:00,2.569999933242798,2.75,2.490000009536743,2.509999990463257,2300,0.0,0.0
2023-04-26 00:00:00-04:00,2.759999990463257,2.8499999046325684,2.740000009536743,2.8499999046325684,3500,0.0,0.0
2023-04-27 00:00:00-04:00,2.6500000953674316,2.6700000762939453,2.6500000953674316,2.6700000762939453,400,0.0,0.0
2023-04-28 00:00:00-04:00,2.869999885559082,2.9200000762939453,2.869999885559082,2.9200000762939453,1800,0.0,0.0
2023-05-01 00:00:00-04:00,2.7100000381469727,2.7300000190734863,2.7100000381469727,2.7300000190734863,400,0.0,0.0
2023-05-02 00:00:00-04:00,2.5399999618530273,2.7799999713897705,2.5199999809265137,2.7799999713897705,1500,0.0,0.0
2023-05-03 00:00:00-04:00,2.674999952316284,2.680000066757202,2.569999933242798,2.569999933242798,600,0.0,0.0
2023-05-04 00:00:00-04:00,2.569999933242798,2.569999933242798,2.569999933242798,2.569999933242798,0,0.0,0.0
2023-05-05 00:00:00-04:00,2.6500000953674316,2.9200000762939453,2.6500000953674316,2.875,5000,0.0,0.0
2023-05-08 00:00:00-04:00,2.6500000953674316,2.9200000762939453,2.6500000953674316,2.9200000762939453,15800,0.0,0.0
2023-05-09 00:00:00-04:00,2.9200000762939453,2.9200000762939453,2.747999906539917,2.747999906539917,700,0.0,0.0
2023-05-10 00:00:00-04:00,2.747999906539917,2.747999906539917,2.747999906539917,2.747999906539917,0,0.0,0.0
2023-05-11 00:00:00-04:00,2.869999885559082,2.880000114440918,2.75,2.75,1500,0.0,0.0
2023-05-12 00:00:00-04:00,2.75,2.75,2.75,2.75,200,0.0,0.0
2023-05-15 00:00:00-04:00,2.75,2.75,2.75,2.75,0,0.0,0.0
2023-05-16 00:00:00-04:00,2.75,2.75,2.75,2.75,0,0.0,0.0
2023-05-17 00:00:00-04:00,2.5199999809265137,2.6649999618530273,2.5199999809265137,2.6649999618530273,500,0.0,0.0
2023-05-18 00:00:00-04:00,2.5399999618530273,2.5399999618530273,2.5399999618530273,2.5399999618530273,100,0.0,0.0
2023-05-19 00:00:00-04:00,2.569999933242798,2.880000114440918,2.569999933242798,2.8440001010894775,4000,0.0,0.0
2023-05-22 00:00:00-04:00,2.75,2.75,2.5199999809265137,2.5199999809265137,800,0.0,0.0
2023-05-23 00:00:00-04:00,2.5199999809265137,2.5199999809265137,2.5199999809265137,2.5199999809265137,0,0.0,0.0
2023-05-24 00:00:00-04:00,2.759999990463257,2.805000066757202,2.700000047683716,2.700000047683716,3200,0.0,0.0
2023-05-25 00:00:00-04:00,2.700000047683716,2.700000047683716,2.700000047683716,2.700000047683716,0,0.0,0.0
2023-05-26 00:00:00-04:00,2.700000047683716,2.700000047683716,2.700000047683716,2.700000047683716,1400,0.0,0.0
2023-05-30 00:00:00-04:00,2.6700000762939453,2.6700000762939453,2.5,2.5,2600,0.0,0.0
2023-05-31 00:00:00-04:00,2.5,2.5,2.5,2.5,500,0.0,0.0
2023-06-01 00:00:00-04:00,2.3499999046325684,2.700000047683716,2.3499999046325684,2.4100000858306885,2200,0.0,0.0
2023-06-02 00:00:00-04:00,2.6500000953674316,2.700000047683716,2.4100000858306885,2.6500000953674316,20700,0.0,0.0
2023-06-05 00:00:00-04:00,2.759999990463257,2.759999990463257,2.5,2.5,300,0.0,0.0
2023-06-06 00:00:00-04:00,2.5999999046325684,2.7699999809265137,2.5999999046325684,2.75,7500,0.0,0.0
2023-06-07 00:00:00-04:00,2.5999999046325684,2.5999999046325684,2.5999999046325684,2.5999999046325684,600,0.0,0.0
2023-06-08 00:00:00-04:00,2.7899999618530273,2.7899999618530273,2.7899999618530273,2.7899999618530273,300,0.0,0.0
2023-06-09 00:00:00-04:00,2.7899999618530273,2.7899999618530273,2.7899999618530273,2.7899999618530273,400,0.0,0.0
2023-06-12 00:00:00-04:00,2.7899999618530273,2.7899999618530273,2.7899999618530273,2.7899999618530273,300,0.0,0.0
2023-06-13 00:00:00-04:00,2.75,2.75,2.75,2.75,500,0.0,0.0
2023-06-14 00:00:00-04:00,2.7899999618530273,2.7899999618530273,2.7899999618530273,2.7899999618530273,700,0.0,0.0
2023-06-15 00:00:00-04:00,2.5799999237060547,2.700000047683716,2.569999933242798,2.569999933242798,1800,0.0,0.0
2023-06-16 00:00:00-04:00,2.5999999046325684,2.5999999046325684,2.559999942779541,2.559999942779541,900,0.0,0.0
2023-06-20 00:00:00-04:00,2.7300000190734863,2.7300000190734863,2.6500000953674316,2.700000047683716,4400,0.0,0.0
2023-06-21 00:00:00-04:00,2.7200000286102295,2.7200000286102295,2.3499999046325684,2.3499999046325684,6300,0.0,0.0
2023-06-22 00:00:00-04:00,2.5490000247955322,2.5999999046325684,2.4000000953674316,2.5999999046325684,4700,0.0,0.0
2023-06-23 00:00:00-04:00,2.680000066757202,2.7009999752044678,2.680000066757202,2.7009999752044678,8600,0.0,0.0
2023-06-26 00:00:00-04:00,2.440000057220459,2.440000057220459,2.440000057220459,2.440000057220459,300,0.0,0.0
2023-06-27 00:00:00-04:00,2.3499999046325684,2.559999942779541,2.3499999046325684,2.4100000858306885,4800,0.0,0.0
2023-06-28 00:00:00-04:00,2.5999999046325684,2.5999999046325684,2.359999895095825,2.359999895095825,2700,0.0,0.0
2023-06-29 00:00:00-04:00,2.369999885559082,2.374000072479248,2.369999885559082,2.374000072479248,600,0.0,0.0
2023-06-30 00:00:00-04:00,2.549999952316284,2.549999952316284,2.450000047683716,2.450000047683716,800,0.0,0.0
2023-07-03 00:00:00-04:00,2.5299999713897705,2.5299999713897705,2.5299999713897705,2.5299999713897705,100,0.0,0.0
2023-07-05 00:00:00-04:00,2.5799999237060547,2.5899999141693115,2.4800000190734863,2.4800000190734863,6400,0.0,0.0
2023-07-06 00:00:00-04:00,2.380000114440918,2.380000114440918,2.380000114440918,2.380000114440918,800,0.0,0.0
2023-07-07 00:00:00-04:00,2.4000000953674316,2.4000000953674316,2.3499999046325684,2.3499999046325684,4200,0.0,0.0
2023-07-10 00:00:00-04:00,2.359999895095825,2.359999895095825,2.359999895095825,2.359999895095825,300,0.0,0.0
2023-07-11 00:00:00-04:00,2.4000000953674316,2.4000000953674316,2.4000000953674316,2.4000000953674316,400,0.0,0.0
2023-07-12 00:00:00-04:00,2.359999895095825,2.4000000953674316,2.359999895095825,2.4000000953674316,700,0.0,0.0
2023-07-13 00:00:00-04:00,2.4000000953674316,2.4000000953674316,2.4000000953674316,2.4000000953674316,0,0.0,0.0
2023-07-14 00:00:00-04:00,2.4149999618530273,2.4149999618530273,2.3499999046325684,2.3499999046325684,300,0.0,0.0
2023-07-17 00:00:00-04:00,2.5799999237060547,2.5999999046325684,2.5799999237060547,2.5899999141693115,2200,0.0,0.0
2023-07-18 00:00:00-04:00,2.5999999046325684,2.5999999046325684,2.5799999237060547,2.5799999237060547,400,0.0,0.0
2023-07-19 00:00:00-04:00,2.4549999237060547,2.4549999237060547,2.4549999237060547,2.4549999237060547,700,0.0,0.0
2023-07-20 00:00:00-04:00,2.359999895095825,2.359999895095825,2.3499999046325684,2.359999895095825,600,0.0,0.0
2023-07-21 00:00:00-04:00,2.430000066757202,2.430000066757202,2.3499999046325684,2.359999895095825,3100,0.0,0.0
2023-07-24 00:00:00-04:00,2.359999895095825,2.359999895095825,2.359999895095825,2.359999895095825,1000,0.0,0.0
2023-07-25 00:00:00-04:00,2.490000009536743,2.490000009536743,2.490000009536743,2.490000009536743,1200,0.0,0.0
2023-07-26 00:00:00-04:00,2.4700000286102295,2.4769999980926514,2.4700000286102295,2.4700000286102295,1300,0.0,0.0
2023-07-27 00:00:00-04:00,2.4700000286102295,2.4700000286102295,2.4700000286102295,2.4700000286102295,0,0.0,0.0
2023-07-28 00:00:00-04:00,2.375,2.375,2.375,2.375,700,0.0,0.0
2023-07-31 00:00:00-04:00,2.3499999046325684,2.3499999046325684,2.3499999046325684,2.3499999046325684,300,0.0,0.0
2023-08-01 00:00:00-04:00,2.3550000190734863,2.380000114440918,2.1500000953674316,2.1500000953674316,3400,0.0,0.0
2023-08-02 00:00:00-04:00,2.0,2.2200000286102295,2.0,2.200000047683716,9800,0.0,0.0
2023-08-03 00:00:00-04:00,2.069999933242798,2.3299999237060547,2.069999933242798,2.2100000381469727,22700,0.0,0.0
2023-08-04 00:00:00-04:00,2.1500000953674316,2.4000000953674316,2.0999999046325684,2.200000047683716,16900,0.0,0.0
2023-08-07 00:00:00-04:00,2.200000047683716,2.3499999046325684,2.109999895095825,2.109999895095825,4400,0.0,0.0
2023-08-08 00:00:00-04:00,2.1500000953674316,2.4000000953674316,2.1500000953674316,2.3299999237060547,4000,0.0,0.0
2023-08-09 00:00:00-04:00,2.190000057220459,2.5799999237060547,2.180000066757202,2.5,20500,0.0,0.0
2023-08-10 00:00:00-04:00,2.25,2.569999933242798,2.25,2.4800000190734863,4700,0.0,0.0
2023-08-11 00:00:00-04:00,2.25,2.5999999046325684,2.25,2.4700000286102295,22000,0.0,0.0
2023-08-14 00:00:00-04:00,2.4000000953674316,2.6500000953674316,2.4000000953674316,2.5299999713897705,4800,0.0,0.0
2023-08-15 00:00:00-04:00,2.430000066757202,2.549999952316284,2.299999952316284,2.4149999618530273,16500,0.0,0.0
2023-08-16 00:00:00-04:00,2.359999895095825,2.490000009536743,2.299999952316284,2.430000066757202,6400,0.0,0.0
2023-08-17 00:00:00-04:00,2.430000066757202,2.430000066757202,2.430000066757202,2.430000066757202,0,0.0,0.0
2023-08-18 00:00:00-04:00,2.299999952316284,2.6500000953674316,2.299999952316284,2.5399999618530273,14400,0.0,0.0
2023-08-21 00:00:00-04:00,2.4700000286102295,2.549999952316284,2.3499999046325684,2.3499999046325684,6600,0.0,0.0
2023-08-22 00:00:00-04:00,2.3429999351501465,2.5,2.319999933242798,2.319999933242798,4900,0.0,0.0
2023-08-23 00:00:00-04:00,2.200000047683716,2.549999952316284,2.200000047683716,2.509999990463257,2800,0.0,0.0
2023-08-24 00:00:00-04:00,2.5799999237060547,2.5799999237060547,2.3399999141693115,2.380000114440918,3200,0.0,0.0
2023-08-25 00:00:00-04:00,2.3499999046325684,2.5,2.200000047683716,2.200000047683716,2800,0.0,0.0
2023-08-28 00:00:00-04:00,2.299999952316284,2.440000057220459,2.259999990463257,2.299999952316284,2900,0.0,0.0
2023-08-29 00:00:00-04:00,2.0950000286102295,2.2699999809265137,2.0950000286102295,2.259999990463257,900,0.0,0.0
2023-08-30 00:00:00-04:00,2.259999990463257,2.259999990463257,2.259999990463257,2.259999990463257,0,0.0,0.0
2023-08-31 00:00:00-04:00,2.119999885559082,2.265000104904175,2.0399999618530273,2.180000066757202,7700,0.0,0.0
2023-09-01 00:00:00-04:00,2.200000047683716,2.200000047683716,2.0199999809265137,2.0199999809265137,22800,0.0,0.0
2023-09-05 00:00:00-04:00,2.049999952316284,2.2100000381469727,2.049999952316284,2.049999952316284,1500,0.0,0.0
2023-09-06 00:00:00-04:00,2.049999952316284,2.049999952316284,2.049999952316284,2.049999952316284,800,0.0,0.0
2023-09-07 00:00:00-04:00,2.049999952316284,2.049999952316284,2.0490000247955322,2.049999952316284,1200,0.0,0.0
2023-09-08 00:00:00-04:00,2.1500000953674316,2.190000057220459,2.115000009536743,2.115000009536743,900,0.0,0.0
2023-09-11 00:00:00-04:00,2.069999933242798,2.069999933242798,2.069999933242798,2.069999933242798,600,0.0,0.0
2023-09-12 00:00:00-04:00,2.069999933242798,2.2249999046325684,2.0399999618530273,2.0399999618530273,1700,0.0,0.0
2023-09-13 00:00:00-04:00,2.049999952316284,2.049999952316284,2.0,2.0,1200,0.0,0.0
2023-09-14 00:00:00-04:00,2.059999942779541,2.061000108718872,2.0399999618530273,2.0399999618530273,800,0.0,0.0
2023-09-15 00:00:00-04:00,2.0,2.109999895095825,2.0,2.109999895095825,17200,0.0,0.0
2023-09-18 00:00:00-04:00,2.361999988555908,2.361999988555908,2.1600000858306885,2.200000047683716,1100,0.0,0.0
2023-09-19 00:00:00-04:00,2.0999999046325684,2.200000047683716,2.0999999046325684,2.200000047683716,4100,0.0,0.0
2023-09-20 00:00:00-04:00,2.2699999809265137,2.2699999809265137,2.2699999809265137,2.2699999809265137,400,0.0,0.0
2023-09-21 00:00:00-04:00,2.299999952316284,2.299999952316284,2.009999990463257,2.2799999713897705,2300,0.0,0.0
2023-09-22 00:00:00-04:00,2.1700000762939453,2.2799999713897705,2.0299999713897705,2.2799999713897705,2000,0.0,0.0
2023-09-25 00:00:00-04:00,2.2799999713897705,2.2799999713897705,2.2799999713897705,2.2799999713897705,0,0.0,0.0
2023-09-26 00:00:00-04:00,2.1500000953674316,2.1500000953674316,2.049999952316284,2.049999952316284,400,0.0,0.0
2023-09-27 00:00:00-04:00,2.009999990463257,2.2899999618530273,2.009999990463257,2.049999952316284,1100,0.0,0.0
2023-09-28 00:00:00-04:00,2.1549999713897705,2.1549999713897705,2.049999952316284,2.049999952316284,500,0.0,0.0
2023-09-29 00:00:00-04:00,2.1600000858306885,2.1600000858306885,2.1600000858306885,2.1600000858306885,1100,0.0,0.0
2023-10-02 00:00:00-04:00,2.1500000953674316,2.2200000286102295,2.0999999046325684,2.2200000286102295,1500,0.0,0.0
2023-10-03 00:00:00-04:00,2.2200000286102295,2.2200000286102295,2.2200000286102295,2.2200000286102295,0,0.0,0.0
2023-10-04 00:00:00-04:00,2.299999952316284,2.4000000953674316,2.299999952316284,2.4000000953674316,1700,0.0,0.0
2023-10-05 00:00:00-04:00,2.3499999046325684,2.3499999046325684,2.3489999771118164,2.3499999046325684,2100,0.0,0.0
2023-10-06 00:00:00-04:00,2.0269999504089355,2.2300000190734863,2.0269999504089355,2.2300000190734863,1900,0.0,0.0
2023-10-09 00:00:00-04:00,2.2300000190734863,2.2300000190734863,2.2300000190734863,2.2300000190734863,0,0.0,0.0
2023-10-10 00:00:00-04:00,2.2300000190734863,2.2300000190734863,2.2300000190734863,2.2300000190734863,0,0.0,0.0
2023-10-11 00:00:00-04:00,2.299999952316284,2.4000000953674316,2.299999952316284,2.4000000953674316,1100,0.0,0.0
2023-10-12 00:00:00-04:00,2.4000000953674316,2.4000000953674316,2.4000000953674316,2.4000000953674316,0,0.0,0.0
2023-10-13 00:00:00-04:00,2.200000047683716,2.299999952316284,2.200000047683716,2.299999952316284,1400,0.0,0.0
2023-10-16 00:00:00-04:00,2.2249999046325684,2.2249999046325684,2.0999999046325684,2.0999999046325684,600,0.0,0.0
2023-10-17 00:00:00-04:00,2.4000000953674316,2.4000000953674316,2.299999952316284,2.299999952316284,3000,0.0,0.0
2023-10-18 00:00:00-04:00,2.299999952316284,2.299999952316284,2.299999952316284,2.299999952316284,0,0.0,0.0
2023-10-19 00:00:00-04:00,2.299999952316284,2.299999952316284,2.299999952316284,2.299999952316284,0,0.0,0.0
2023-10-20 00:00:00-04:00,2.2799999713897705,2.2799999713897705,2.2799999713897705,2.2799999713897705,200,0.0,0.0
2023-10-23 00:00:00-04:00,2.0999999046325684,2.0999999046325684,2.0999999046325684,2.0999999046325684,200,0.0,0.0
2023-10-24 00:00:00-04:00,2.0999999046325684,2.0999999046325684,2.0999999046325684,2.0999999046325684,0,0.0,0.0
2023-10-25 00:00:00-04:00,2.009999990463257,2.140000104904175,2.009999990463257,2.0999999046325684,3700,0.0,0.0
2023-10-26 00:00:00-04:00,1.7999999523162842,2.25,1.7999999523162842,2.25,3400,0.0,0.0
2023-10-27 00:00:00-04:00,2.190000057220459,2.200000047683716,2.190000057220459,2.200000047683716,400,0.0,0.0
2023-10-30 00:00:00-04:00,1.7999999523162842,1.9700000286102295,1.5,1.9199999570846558,13900,0.0,0.0
2023-10-31 00:00:00-04:00,1.9199999570846558,1.9199999570846558,1.9199999570846558,1.9199999570846558,0,0.0,0.0
2023-11-01 00:00:00-04:00,1.899999976158142,1.899999976158142,1.7400000095367432,1.7400000095367432,1300,0.0,0.0
2023-11-02 00:00:00-04:00,1.7899999618530273,1.9550000429153442,1.7599999904632568,1.9550000429153442,1000,0.0,0.0
2023-11-03 00:00:00-04:00,1.9550000429153442,1.9550000429153442,1.9550000429153442,1.9550000429153442,500,0.0,0.0
2023-11-06 00:00:00-05:00,1.9500000476837158,1.9600000381469727,1.9500000476837158,1.9600000381469727,800,0.0,0.0
2023-11-07 00:00:00-05:00,2.0,2.0,2.0,2.0,700,0.0,0.0
2023-11-08 00:00:00-05:00,2.0799999237060547,2.0799999237060547,1.899999976158142,1.899999976158142,900,0.0,0.0
2023-11-09 00:00:00-05:00,1.934999942779541,1.934999942779541,1.934999942779541,1.934999942779541,300,0.0,0.0
2023-11-10 00:00:00-05:00,1.934999942779541,1.934999942779541,1.934999942779541,1.934999942779541,0,0.0,0.0
2023-11-13 00:00:00-05:00,1.809999942779541,1.809999942779541,1.809999942779541,1.809999942779541,300,0.0,0.0
2023-11-14 00:00:00-05:00,1.809999942779541,1.809999942779541,1.809999942779541,1.809999942779541,0,0.0,0.0
2023-11-15 00:00:00-05:00,1.7899999618530273,1.7899999618530273,1.7899999618530273,1.7899999618530273,200,0.0,0.0
2023-11-16 00:00:00-05:00,1.7899999618530273,1.7999999523162842,1.7899999618530273,1.7999999523162842,600,0.0,0.0
2023-11-17 00:00:00-05:00,1.7400000095367432,1.7400000095367432,1.7400000095367432,1.7400000095367432,1200,0.0,0.0
2023-11-20 00:00:00-05:00,1.5700000524520874,1.590000033378601,1.5700000524520874,1.590000033378601,600,0.0,0.0
2023-11-21 00:00:00-05:00,1.4880000352859497,1.4880000352859497,1.4880000352859497,1.4880000352859497,2300,0.0,0.0
2023-11-22 00:00:00-05:00,1.5499999523162842,1.5499999523162842,1.5499999523162842,1.5499999523162842,300,0.0,0.0
2023-11-24 00:00:00-05:00,1.5,1.5,1.5,1.5,200,0.0,0.0
2023-11-27 00:00:00-05:00,1.7200000286102295,1.809999942779541,1.600000023841858,1.600000023841858,1300,0.0,0.0
2023-11-28 00:00:00-05:00,1.600000023841858,1.600000023841858,1.600000023841858,1.600000023841858,0,0.0,0.0
2023-11-29 00:00:00-05:00,1.5299999713897705,1.5299999713897705,1.5299999713897705,1.5299999713897705,400,0.0,0.0
2023-11-30 00:00:00-05:00,1.5800000429153442,1.600000023841858,1.5800000429153442,1.600000023841858,700,0.0,0.0
2023-12-01 00:00:00-05:00,1.600000023841858,1.8869999647140503,1.4500000476837158,1.7000000476837158,17600,0.0,0.0
2023-12-04 00:00:00-05:00,1.9299999475479126,1.9299999475479126,1.5099999904632568,1.5199999809265137,2200,0.0,0.0
2023-12-05 00:00:00-05:00,1.5299999713897705,1.5700000524520874,1.4600000381469727,1.4600000381469727,3900,0.0,0.0
2023-12-06 00:00:00-05:00,1.4900000095367432,1.4900000095367432,1.4800000190734863,1.4800000190734863,800,0.0,0.0
2023-12-07 00:00:00-05:00,1.4500000476837158,1.6200000047683716,1.4500000476837158,1.6200000047683716,7300,0.0,0.0
2023-12-08 00:00:00-05:00,1.5,1.5,1.4600000381469727,1.4600000381469727,800,0.0,0.0
2023-12-11 00:00:00-05:00,1.4800000190734863,1.5,1.4800000190734863,1.5,900,0.0,0.0
2023-12-12 00:00:00-05:00,1.5499999523162842,1.5499999523162842,1.5499999523162842,1.5499999523162842,3600,0.0,0.0
2023-12-13 00:00:00-05:00,1.5529999732971191,1.8899999856948853,1.5499999523162842,1.8799999952316284,7000,0.0,0.0
2023-12-14 00:00:00-05:00,1.9700000286102295,1.9700000286102295,1.5499999523162842,1.8700000047683716,7100,0.0,0.0
2023-12-15 00:00:00-05:00,2.0,2.450000047683716,1.850000023841858,2.450000047683716,36300,0.0,0.0
2023-12-18 00:00:00-05:00,2.490000009536743,2.490000009536743,1.9700000286102295,2.2899999618530273,10800,0.0,0.0
2023-12-19 00:00:00-05:00,2.0999999046325684,2.6600000858306885,2.0999999046325684,2.6600000858306885,3600,0.0,0.0
2023-12-20 00:00:00-05:00,2.759999990463257,2.759999990463257,2.4089999198913574,2.75,2900,0.0,0.0
2023-12-21 00:00:00-05:00,2.630000114440918,2.630000114440918,2.0999999046325684,2.25,13500,0.0,0.0
2023-12-22 00:00:00-05:00,2.25,2.5,2.25,2.5,2400,0.0,0.0
2023-12-26 00:00:00-05:00,2.049999952316284,2.4600000381469727,2.049999952316284,2.4600000381469727,2800,0.0,0.0
2023-12-27 00:00:00-05:00,2.5,2.5,2.375,2.490000009536743,3600,0.0,0.0
2023-12-28 00:00:00-05:00,2.4100000858306885,2.4100000858306885,2.25,2.4000000953674316,7600,0.0,0.0
2023-12-29 00:00:00-05:00,2.4100000858306885,2.5,2.4000000953674316,2.5,5900,0.0,0.0
2024-01-02 00:00:00-05:00,2.369999885559082,2.4779999256134033,2.0799999237060547,2.4779999256134033,1600,0.0,0.0
2024-01-03 00:00:00-05:00,2.4779999256134033,2.4779999256134033,2.4779999256134033,2.4779999256134033,300,0.0,0.0
2024-01-04 00:00:00-05:00,2.4200000762939453,2.4200000762939453,2.4200000762939453,2.4200000762939453,300,0.0,0.0
2024-01-05 00:00:00-05:00,2.4000000953674316,2.444999933242798,2.4000000953674316,2.4200000762939453,7600,0.0,0.0
2024-01-08 00:00:00-05:00,1.8969999551773071,1.8969999551773071,1.8969999551773071,1.8969999551773071,500,0.0,0.0
2024-01-09 00:00:00-05:00,2.950000047683716,3.049999952316284,2.430000066757202,2.569999933242798,9499300,0.0,0.0
2024-01-10 00:00:00-05:00,2.450000047683716,2.6700000762939453,2.140000104904175,2.4100000858306885,322300,0.0,0.0
2024-01-11 00:00:00-05:00,2.2899999618530273,2.619999885559082,2.190000057220459,2.619999885559082,100100,0.0,0.0
2024-01-12 00:00:00-05:00,2.569999933242798,2.619999885559082,2.2100000381469727,2.328000068664551,48500,0.0,0.0
2024-01-16 00:00:00-05:00,2.3299999237060547,2.5999999046325684,2.119999885559082,2.450000047683716,50500,0.0,0.0
2024-01-17 00:00:00-05:00,2.4030001163482666,2.4749999046325684,2.2100000381469727,2.2100000381469727,46900,0.0,0.0
2024-01-18 00:00:00-05:00,2.2100000381469727,2.255000114440918,1.9500000476837158,2.1010000705718994,10100,0.0,0.0
2024-01-19 00:00:00-05:00,2.009999990463257,2.2899999618530273,2.009999990463257,2.259999990463257,31900,0.0,0.0
2024-01-22 00:00:00-05:00,2.2100000381469727,2.259999990463257,1.899999976158142,2.1700000762939453,13400,0.0,0.0
2024-01-23 00:00:00-05:00,2.119999885559082,2.119999885559082,2.069999933242798,2.0799999237060547,3700,0.0,0.0
2024-01-24 00:00:00-05:00,2.0799999237060547,2.1610000133514404,2.009999990463257,2.1610000133514404,5700,0.0,0.0
2024-01-25 00:00:00-05:00,2.071000099182129,2.1600000858306885,1.9900000095367432,2.1500000953674316,10800,0.0,0.0
2024-01-26 00:00:00-05:00,2.200000047683716,2.200000047683716,2.0199999809265137,2.1700000762939453,12200,0.0,0.0
2024-01-29 00:00:00-05:00,2.109999895095825,2.319999933242798,2.109999895095825,2.130000114440918,4400,0.0,0.0
2024-01-30 00:00:00-05:00,2.131999969482422,2.180000066757202,1.9900000095367432,1.9900000095367432,16000,0.0,0.0
2024-01-31 00:00:00-05:00,2.069999933242798,2.0899999141693115,2.049999952316284,2.049999952316284,4800,0.0,0.0
2024-02-01 00:00:00-05:00,2.078000068664551,2.0829999446868896,1.9700000286102295,2.0299999713897705,2700,0.0,0.0
2024-02-02 00:00:00-05:00,1.9700000286102295,2.069999933242798,1.9600000381469727,2.069999933242798,17900,0.0,0.0
2024-02-05 00:00:00-05:00,2.069999933242798,2.069999933242798,2.069999933242798,2.069999933242798,0,0.0,0.0
2024-02-06 00:00:00-05:00,1.9299999475479126,2.0439999103546143,1.9019999504089355,2.0399999618530273,7600,0.0,0.0
2024-02-07 00:00:00-05:00,1.9199999570846558,2.0450000762939453,1.9010000228881836,2.0450000762939453,5900,0.0,0.0
2024-02-08 00:00:00-05:00,2.0399999618530273,2.049999952316284,1.899999976158142,2.049999952316284,4100,0.0,0.0
2024-02-09 00:00:00-05:00,1.965000033378601,2.049999952316284,1.965000033378601,2.0,7100,0.0,0.0
2024-02-12 00:00:00-05:00,1.9199999570846558,2.015000104904175,1.7799999713897705,2.0,9000,0.0,0.0
2024-02-13 00:00:00-05:00,1.8650000095367432,1.9800000190734863,1.8650000095367432,1.9700000286102295,2700,0.0,0.0
2024-02-14 00:00:00-05:00,1.9500000476837158,1.9500000476837158,1.8609999418258667,1.8899999856948853,1500,0.0,0.0
2024-02-15 00:00:00-05:00,1.8600000143051147,2.0299999713897705,1.8600000143051147,2.0299999713897705,2600,0.0,0.0
2024-02-16 00:00:00-05:00,1.9299999475479126,1.9900000095367432,1.8899999856948853,1.9900000095367432,1500,0.0,0.0
2024-02-20 00:00:00-05:00,1.8899999856948853,1.9500000476837158,1.7999999523162842,1.9500000476837158,9200,0.0,0.0
2024-02-21 00:00:00-05:00,1.7999999523162842,1.9500000476837158,1.7999999523162842,1.8450000286102295,4600,0.0,0.0
2024-02-22 00:00:00-05:00,1.850000023841858,1.8799999952316284,1.850000023841858,1.8799999952316284,600,0.0,0.0
2024-02-23 00:00:00-05:00,1.8799999952316284,2.0799999237060547,1.7000000476837158,2.0799999237060547,2900,0.0,0.0
2024-02-26 00:00:00-05:00,1.9600000381469727,2.069999933242798,1.7300000190734863,1.9500000476837158,3000,0.0,0.0
2024-02-27 00:00:00-05:00,1.7200000286102295,1.8200000524520874,1.7200000286102295,1.7599999904632568,7600,0.0,0.0
2024-02-28 00:00:00-05:00,1.7000000476837158,1.8450000286102295,1.7000000476837158,1.8300000429153442,600,0.0,0.0
2024-02-29 00:00:00-05:00,1.7799999713897705,1.7799999713897705,1.7100000381469727,1.7289999723434448,4700,0.0,0.0
2024-03-01 00:00:00-05:00,1.809999942779541,1.809999942779541,1.6699999570846558,1.75,6900,0.0,0.0
2024-03-04 00:00:00-05:00,1.75,1.9700000286102295,1.75,1.850000023841858,7400,0.0,0.0
2024-03-05 00:00:00-05:00,1.850000023841858,1.850000023841858,1.850000023841858,1.850000023841858,500,0.0,0.0
2024-03-06 00:00:00-05:00,1.8700000047683716,1.899999976158142,1.8700000047683716,1.899999976158142,700,0.0,0.0
2024-03-07 00:00:00-05:00,1.9529999494552612,1.9529999494552612,1.9529999494552612,1.9529999494552612,1200,0.0,0.0
2024-03-08 00:00:00-05:00,1.8899999856948853,1.9700000286102295,1.7300000190734863,1.7400000095367432,3800,0.0,0.0
2024-03-11 00:00:00-04:00,1.7400000095367432,1.7699999809265137,1.7400000095367432,1.7400000095367432,1100,0.0,0.0
2024-03-12 00:00:00-04:00,1.9900000095367432,1.9900000095367432,1.6799999475479126,1.6799999475479126,3500,0.0,0.0
2024-03-13 00:00:00-04:00,1.7000000476837158,1.840000033378601,1.7000000476837158,1.7200000286102295,5600,0.0,0.0
2024-03-14 00:00:00-04:00,1.649999976158142,1.75,1.6399999856948853,1.75,800,0.0,0.0
2024-03-15 00:00:00-04:00,1.690000057220459,1.7200000286102295,1.6200000047683716,1.7200000286102295,1200,0.0,0.0
2024-03-18 00:00:00-04:00,1.6799999475479126,1.6799999475479126,1.649999976158142,1.649999976158142,600,0.0,0.0
2024-03-19 00:00:00-04:00,1.690000057220459,1.690000057220459,1.6399999856948853,1.6399999856948853,1500,0.0,0.0
2024-03-20 00:00:00-04:00,1.6699999570846558,1.6699999570846558,1.6699999570846558,1.6699999570846558,100,0.0,0.0
2024-03-21 00:00:00-04:00,1.6699999570846558,1.6699999570846558,1.6699999570846558,1.6699999570846558,0,0.0,0.0
2024-03-22 00:00:00-04:00,1.690000057220459,1.7300000190734863,1.6399999856948853,1.7300000190734863,1200,0.0,0.0
2024-03-25 00:00:00-04:00,1.7300000190734863,1.7300000190734863,1.6399999856948853,1.6399999856948853,1200,0.0,0.0
2024-03-26 00:00:00-04:00,1.6399999856948853,1.6699999570846558,1.6399999856948853,1.649999976158142,1700,0.0,0.0
2024-03-27 00:00:00-04:00,1.6299999952316284,1.6299999952316284,1.6299999952316284,1.6299999952316284,1000,0.0,0.0
2024-03-28 00:00:00-04:00,1.5299999713897705,1.6799999475479126,1.5299999713897705,1.649999976158142,1100,0.0,0.0
2024-04-01 00:00:00-04:00,1.6100000143051147,1.6299999952316284,1.600000023841858,1.6100000143051147,2100,0.0,0.0
2024-04-02 00:00:00-04:00,1.6100000143051147,1.6399999856948853,1.600000023841858,1.6399999856948853,1900,0.0,0.0
2024-04-03 00:00:00-04:00,1.6399999856948853,1.6399999856948853,1.6399999856948853,1.6399999856948853,0,0.0,0.0
2024-04-04 00:00:00-04:00,1.5520000457763672,1.659999966621399,1.5520000457763672,1.659999966621399,6500,0.0,0.0
2024-04-05 00:00:00-04:00,1.5800000429153442,1.5800000429153442,1.5800000429153442,1.5800000429153442,300,0.0,0.0
2024-04-08 00:00:00-04:00,1.659999966621399,1.6799999475479126,1.6200000047683716,1.6200000047683716,800,0.0,0.0
2024-04-09 00:00:00-04:00,1.6200000047683716,1.75,1.5800000429153442,1.75,14700,0.0,0.0
2024-04-10 00:00:00-04:00,1.7000000476837158,1.8799999952316284,1.6950000524520874,1.8600000143051147,2100,0.0,0.0
2024-04-11 00:00:00-04:00,1.6799999475479126,1.6950000524520874,1.6699999570846558,1.6699999570846558,700,0.0,0.0
2024-04-12 00:00:00-04:00,1.690000057220459,1.8200000524520874,1.690000057220459,1.774999976158142,3400,0.0,0.0
2024-04-15 00:00:00-04:00,1.809999942779541,1.809999942779541,1.7100000381469727,1.7599999904632568,600,0.0,0.0
2024-04-16 00:00:00-04:00,1.7649999856948853,1.7649999856948853,1.7649999856948853,1.7649999856948853,400,0.0,0.0
2024-04-17 00:00:00-04:00,1.7100000381469727,1.7100000381469727,1.7000000476837158,1.7000000476837158,900,0.0,0.0
2024-04-18 00:00:00-04:00,1.7089999914169312,1.7100000381469727,1.7000000476837158,1.7009999752044678,3300,0.0,0.0
2024-04-19 00:00:00-04:00,1.649999976158142,1.649999976158142,1.5499999523162842,1.5499999523162842,1000,0.0,0.0
2024-04-22 00:00:00-04:00,1.5499999523162842,1.6200000047683716,1.4500000476837158,1.6200000047683716,16100,0.0,0.0
2024-04-23 00:00:00-04:00,1.6100000143051147,1.6100000143051147,1.6100000143051147,1.6100000143051147,200,0.0,0.0
2024-04-24 00:00:00-04:00,1.6299999952316284,1.6299999952316284,1.6299999952316284,1.6299999952316284,100,0.0,0.0
2024-04-25 00:00:00-04:00,1.6299999952316284,1.6299999952316284,1.6299999952316284,1.6299999952316284,0,0.0,0.0
2024-04-26 00:00:00-04:00,1.5399999618530273,1.600000023841858,1.5399999618530273,1.600000023841858,900,0.0,0.0
2024-04-29 00:00:00-04:00,1.4500000476837158,1.562999963760376,1.409999966621399,1.562999963760376,8800,0.0,0.0
2024-04-30 00:00:00-04:00,1.5499999523162842,1.559999942779541,1.5399999618530273,1.5499999523162842,2200,0.0,0.0
2024-05-01 00:00:00-04:00,1.5499999523162842,1.5499999523162842,1.5499999523162842,1.5499999523162842,0,0.0,0.0
2024-05-02 00:00:00-04:00,1.4900000095367432,1.5099999904632568,1.4900000095367432,1.5099999904632568,3100,0.0,0.0
2024-05-03 00:00:00-04:00,1.5499999523162842,1.5499999523162842,1.5399999618530273,1.5499999523162842,7300,0.0,0.0
2024-05-06 00:00:00-04:00,1.4600000381469727,1.590000033378601,1.4600000381469727,1.590000033378601,5400,0.0,0.0
2024-05-07 00:00:00-04:00,1.25,1.559999942779541,1.25,1.440000057220459,6400,0.0,0.0
2024-05-08 00:00:00-04:00,1.4900000095367432,1.4900000095367432,1.4900000095367432,1.4900000095367432,2300,0.0,0.0
2024-05-09 00:00:00-04:00,1.399999976158142,1.5,1.309999942779541,1.4900000095367432,9000,0.0,0.0
2024-05-10 00:00:00-04:00,1.600000023841858,1.600000023841858,1.309999942779541,1.340000033378601,14300,0.0,0.0
2024-05-13 00:00:00-04:00,1.3700000047683716,1.3799999952316284,1.2999999523162842,1.2999999523162842,5900,0.0,0.0
2024-05-14 00:00:00-04:00,1.409000039100647,1.409000039100647,1.2999999523162842,1.3300000429153442,5500,0.0,0.0
2024-05-15 00:00:00-04:00,1.2599999904632568,1.409999966621399,1.2599999904632568,1.3799999952316284,4300,0.0,0.0
2024-05-16 00:00:00-04:00,1.3799999952316284,1.3799999952316284,1.3799999952316284,1.3799999952316284,400,0.0,0.0
2024-05-17 00:00:00-04:00,1.3799999952316284,1.3799999952316284,1.3200000524520874,1.3200000524520874,1300,0.0,0.0
2024-05-20 00:00:00-04:00,1.3350000381469727,1.3600000143051147,1.3300000429153442,1.3600000143051147,4200,0.0,0.0
2024-05-21 00:00:00-04:00,1.309999942779541,1.409999966621399,1.309999942779541,1.409999966621399,2700,0.0,0.0
2024-05-22 00:00:00-04:00,1.3600000143051147,1.6100000143051147,1.3600000143051147,1.3960000276565552,9100,0.0,0.0
2024-05-23 00:00:00-04:00,1.3300000429153442,1.434999942779541,1.3200000524520874,1.3200000524520874,2200,0.0,0.0
2024-05-24 00:00:00-04:00,1.440000057220459,1.440000057220459,1.3200000524520874,1.3200000524520874,3500,0.0,0.0
2024-05-28 00:00:00-04:00,1.3200000524520874,1.3200000524520874,1.3200000524520874,1.3200000524520874,100,0.0,0.0
2024-05-29 00:00:00-04:00,1.309999942779541,1.3300000429153442,1.25,1.2519999742507935,9800,0.0,0.0
2024-05-30 00:00:00-04:00,1.2599999904632568,1.2599999904632568,1.2599999904632568,1.2599999904632568,400,0.0,0.0
2024-05-31 00:00:00-04:00,1.4900000095367432,1.559999942779541,1.2699999809265137,1.3200000524520874,13000,0.0,0.0
2024-06-03 00:00:00-04:00,1.3799999952316284,1.3799999952316284,1.2799999713897705,1.2799999713897705,1300,0.0,0.0
2024-06-04 00:00:00-04:00,1.2599999904632568,1.2799999713897705,1.2599999904632568,1.2599999904632568,6900,0.0,0.0
2024-06-05 00:00:00-04:00,1.2599999904632568,1.2599999904632568,1.2599999904632568,1.2599999904632568,0,0.0,0.0
2024-06-06 00:00:00-04:00,1.3300000429153442,1.4900000095367432,1.2799999713897705,1.2999999523162842,6000,0.0,0.0
2024-06-07 00:00:00-04:00,1.309999942779541,1.590000033378601,1.309999942779541,1.440000057220459,3400,0.0,0.0
2024-06-10 00:00:00-04:00,1.4299999475479126,1.5149999856948853,1.4299999475479126,1.5149999856948853,45700,0.0,0.0
2024-06-11 00:00:00-04:00,1.4199999570846558,1.4700000286102295,1.343000054359436,1.4700000286102295,900,0.0,0.0
2024-06-12 00:00:00-04:00,1.4700000286102295,1.5549999475479126,1.4670000076293945,1.5549999475479126,2300,0.0,0.0
2024-06-13 00:00:00-04:00,1.600000023841858,1.600000023841858,1.4509999752044678,1.4800000190734863,1600,0.0,0.0
2024-06-14 00:00:00-04:00,1.4800000190734863,1.5,1.4700000286102295,1.5,10700,0.0,0.0
2024-06-17 00:00:00-04:00,1.5,1.6100000143051147,1.5,1.6100000143051147,7500,0.0,0.0
2024-06-18 00:00:00-04:00,1.399999976158142,1.6699999570846558,1.399999976158142,1.4600000381469727,4300,0.0,0.0
2024-06-20 00:00:00-04:00,1.600000023841858,1.600000023841858,1.4500000476837158,1.4500000476837158,4100,0.0,0.0
2024-06-21 00:00:00-04:00,1.4500000476837158,1.6699999570846558,1.399999976158142,1.600000023841858,25100,0.0,0.0
2024-06-24 00:00:00-04:00,1.6399999856948853,1.8700000047683716,1.4600000381469727,1.7799999713897705,103300,0.0,0.0
2024-06-25 00:00:00-04:00,1.8799999952316284,1.8799999952316284,1.6799999475479126,1.7000000476837158,33800,0.0,0.0
2024-06-26 00:00:00-04:00,1.649999976158142,1.809999942779541,1.4500000476837158,1.7000000476837158,20600,0.0,0.0
2024-06-27 00:00:00-04:00,1.7200000286102295,1.7300000190734863,1.5299999713897705,1.600000023841858,5600,0.0,0.0
2024-06-28 00:00:00-04:00,1.7400000095367432,1.7400000095367432,1.5700000524520874,1.593000054359436,5100,0.0,0.0
2024-07-01 00:00:00-04:00,1.6100000143051147,1.6200000047683716,1.350000023841858,1.3899999856948853,9700,0.0,0.0
2024-07-02 00:00:00-04:00,1.3200000524520874,1.534999966621399,1.3200000524520874,1.3899999856948853,2800,0.0,0.0
2024-07-03 00:00:00-04:00,1.4199999570846558,1.649999976158142,1.4199999570846558,1.6399999856948853,2900,0.0,0.0
2024-07-05 00:00:00-04:00,1.649999976158142,1.649999976158142,1.440000057220459,1.4700000286102295,3700,0.0,0.0
2024-07-08 00:00:00-04:00,1.4500000476837158,1.4889999628067017,1.3200000524520874,1.4889999628067017,6300,0.0,0.0
2024-07-09 00:00:00-04:00,1.2999999523162842,1.4500000476837158,1.2999999523162842,1.4500000476837158,1000,0.0,0.0
2024-07-10 00:00:00-04:00,1.3700000047683716,1.4839999675750732,1.350000023841858,1.4500000476837158,9700,0.0,0.0
2024-07-11 00:00:00-04:00,1.399999976158142,1.4199999570846558,1.399999976158142,1.409999966621399,900,0.0,0.0
2024-07-12 00:00:00-04:00,1.4800000190734863,1.4800000190734863,1.399999976158142,1.4199999570846558,6100,0.0,0.0
2024-07-15 00:00:00-04:00,1.4900000095367432,1.4900000095367432,1.399999976158142,1.399999976158142,1300,0.0,0.0
2024-07-16 00:00:00-04:00,1.4800000190734863,1.5299999713897705,1.4800000190734863,1.4800000190734863,7200,0.0,0.0
2024-07-17 00:00:00-04:00,1.4600000381469727,1.6180000305175781,1.4509999752044678,1.5700000524520874,5200,0.0,0.0
2024-07-18 00:00:00-04:00,1.5700000524520874,1.5700000524520874,1.5700000524520874,1.5700000524520874,0,0.0,0.0
2024-07-19 00:00:00-04:00,1.559999942779541,1.6399999856948853,1.4700000286102295,1.4700000286102295,4100,0.0,0.0
2024-07-22 00:00:00-04:00,1.4700000286102295,1.4700000286102295,1.4700000286102295,1.4700000286102295,0,0.0,0.0
2024-07-23 00:00:00-04:00,1.4500000476837158,1.496000051498413,1.4500000476837158,1.4600000381469727,1700,0.0,0.0
2024-07-24 00:00:00-04:00,1.4600000381469727,1.4600000381469727,1.4600000381469727,1.4600000381469727,0,0.0,0.0
2024-07-25 00:00:00-04:00,1.4500000476837158,1.4500000476837158,1.440000057220459,1.440000057220459,2100,0.0,0.0
2024-07-26 00:00:00-04:00,1.3799999952316284,1.3799999952316284,1.3799999952316284,1.3799999952316284,900,0.0,0.0
2024-07-29 00:00:00-04:00,1.3799999952316284,1.3799999952316284,1.3799999952316284,1.3799999952316284,0,0.0,0.0
2024-07-30 00:00:00-04:00,1.3799999952316284,1.3799999952316284,1.3799999952316284,1.3799999952316284,0,0.0,0.0
2024-07-31 00:00:00-04:00,1.399999976158142,1.4149999618530273,1.3799999952316284,1.3799999952316284,3100,0.0,0.0
2024-08-01 00:00:00-04:00,1.3600000143051147,1.3600000143051147,1.3270000219345093,1.3270000219345093,500,0.0,0.0
2024-08-02 00:00:00-04:00,1.3020000457763672,1.399999976158142,1.2999999523162842,1.2999999523162842,1700,0.0,0.0
2024-08-05 00:00:00-04:00,1.2699999809265137,1.2699999809265137,1.25,1.25,2200,0.0,0.0
2024-08-06 00:00:00-04:00,1.25,1.4880000352859497,1.25,1.375,12200,0.0,0.0
2024-08-07 00:00:00-04:00,1.4550000429153442,1.4550000429153442,1.4550000429153442,1.4550000429153442,300,0.0,0.0
2024-08-08 00:00:00-04:00,1.340000033378601,1.4500000476837158,1.2599999904632568,1.2799999713897705,9400,0.0,0.0
2024-08-09 00:00:00-04:00,1.2999999523162842,1.350000023841858,1.2999999523162842,1.350000023841858,900,0.0,0.0
2024-08-12 00:00:00-04:00,1.3300000429153442,1.4900000095367432,1.2999999523162842,1.2999999523162842,700,0.0,0.0
2024-08-13 00:00:00-04:00,1.2999999523162842,1.4800000190734863,1.2699999809265137,1.3300000429153442,7300,0.0,0.0
2024-08-14 00:00:00-04:00,1.3200000524520874,1.4129999876022339,1.2599999904632568,1.2599999904632568,6900,0.0,0.0
2024-08-15 00:00:00-04:00,1.2599999904632568,1.2599999904632568,1.2599999904632568,1.2599999904632568,0,0.0,0.0
2024-08-16 00:00:00-04:00,1.2920000553131104,1.2920000553131104,1.2799999713897705,1.2799999713897705,2300,0.0,0.0
2024-08-19 00:00:00-04:00,1.340000033378601,1.340000033378601,1.340000033378601,1.340000033378601,200,0.0,0.0
2024-08-20 00:00:00-04:00,1.309999942779541,1.309999942779541,1.309999942779541,1.309999942779541,100,0.0,0.0
2024-08-21 00:00:00-04:00,1.3899999856948853,1.399999976158142,1.3860000371932983,1.3899999856948853,3100,0.0,0.0
2024-08-22 00:00:00-04:00,1.4329999685287476,1.4329999685287476,1.3899999856948853,1.3899999856948853,400,0.0,0.0
2024-08-23 00:00:00-04:00,1.3899999856948853,1.3899999856948853,1.3899999856948853,1.3899999856948853,0,0.0,0.0
2024-08-26 00:00:00-04:00,1.3799999952316284,1.5449999570846558,1.3799999952316284,1.5,7200,0.0,0.0
2024-08-27 00:00:00-04:00,1.5,1.6399999856948853,1.5,1.6399999856948853,11100,0.0,0.0
2024-08-28 00:00:00-04:00,1.6200000047683716,1.7400000095367432,1.6200000047683716,1.715000033378601,9500,0.0,0.0
2024-08-29 00:00:00-04:00,1.659999966621399,1.659999966621399,1.6299999952316284,1.6399999856948853,6000,0.0,0.0
2024-08-30 00:00:00-04:00,1.600000023841858,1.600000023841858,1.590000033378601,1.590000033378601,600,0.0,0.0
2024-09-03 00:00:00-04:00,1.4800000190734863,1.6100000143051147,1.4600000381469727,1.5499999523162842,5800,0.0,0.0
2024-09-04 00:00:00-04:00,1.5169999599456787,1.7999999523162842,1.5169999599456787,1.559999942779541,9100,0.0,0.0
2024-09-05 00:00:00-04:00,1.5800000429153442,1.8899999856948853,1.5,1.690000057220459,13100,0.0,0.0
2024-09-06 00:00:00-04:00,1.690000057220459,1.8630000352859497,1.649999976158142,1.649999976158142,12900,0.0,0.0
2024-09-09 00:00:00-04:00,1.649999976158142,1.6699999570846558,1.5499999523162842,1.5499999523162842,2100,0.0,0.0
2024-09-10 00:00:00-04:00,1.4500000476837158,1.4500000476837158,1.4500000476837158,1.4500000476837158,300,0.0,0.0
2024-09-11 00:00:00-04:00,1.4199999570846558,1.6319999694824219,1.3799999952316284,1.6299999952316284,11100,0.0,0.0
2024-09-12 00:00:00-04:00,1.5870000123977661,1.600000023841858,1.5399999618530273,1.600000023841858,800,0.0,0.0
2024-09-13 00:00:00-04:00,1.350000023841858,1.625,1.3289999961853027,1.625,15800,0.0,0.0
2024-09-16 00:00:00-04:00,1.7400000095367432,1.7400000095367432,1.6299999952316284,1.6299999952316284,1900,0.0,0.0
2024-09-17 00:00:00-04:00,1.5099999904632568,1.690000057220459,1.5099999904632568,1.5299999713897705,1100,0.0,0.0
2024-09-18 00:00:00-04:00,1.6299999952316284,1.6299999952316284,1.4700000286102295,1.4700000286102295,2500,0.0,0.0
2024-09-19 00:00:00-04:00,1.5750000476837158,1.649999976158142,1.5,1.649999976158142,2700,0.0,0.0
2024-09-20 00:00:00-04:00,1.690000057220459,1.7200000286102295,1.690000057220459,1.7200000286102295,5500,0.0,0.0
2024-09-23 00:00:00-04:00,1.7200000286102295,1.7200000286102295,1.7200000286102295,1.7200000286102295,0,0.0,0.0
2024-09-24 00:00:00-04:00,1.5399999618530273,1.690000057220459,1.5399999618530273,1.690000057220459,3000,0.0,0.0
2024-09-25 00:00:00-04:00,1.7000000476837158,1.7000000476837158,1.625,1.649999976158142,1500,0.0,0.0
2024-09-26 00:00:00-04:00,1.7000000476837158,1.7400000095367432,1.559999942779541,1.659999966621399,11200,0.0,0.0
2024-09-27 00:00:00-04:00,1.559999942779541,1.7300000190734863,1.559999942779541,1.6749999523162842,6200,0.0,0.0
2024-09-30 00:00:00-04:00,1.7000000476837158,1.7400000095367432,1.5,1.5700000524520874,13700,0.0,0.0
2024-10-01 00:00:00-04:00,1.4989999532699585,1.7400000095367432,1.4989999532699585,1.600000023841858,10200,0.0,0.0
2024-10-02 00:00:00-04:00,1.5399999618530273,1.690000057220459,1.5399999618530273,1.600000023841858,5700,0.0,0.0
2024-10-03 00:00:00-04:00,1.7000000476837158,1.7000000476837158,1.7000000476837158,1.7000000476837158,300,0.0,0.0
2024-10-04 00:00:00-04:00,1.7000000476837158,1.7000000476837158,1.7000000476837158,1.7000000476837158,0,0.0,0.0
2024-10-07 00:00:00-04:00,1.590000033378601,1.7109999656677246,1.5499999523162842,1.5499999523162842,11300,0.0,0.0
2024-10-08 00:00:00-04:00,1.5499999523162842,1.7000000476837158,1.5499999523162842,1.649999976158142,8100,0.0,0.0
2024-10-09 00:00:00-04:00,1.5499999523162842,1.7000000476837158,1.5199999809265137,1.600000023841858,14700,0.0,0.0
2024-10-10 00:00:00-04:00,1.5499999523162842,1.6799999475479126,1.5499999523162842,1.6200000047683716,10200,0.0,0.0
2024-10-11 00:00:00-04:00,1.597000002861023,1.600000023841858,1.559999942779541,1.600000023841858,7500,0.0,0.0
2024-10-14 00:00:00-04:00,1.6050000190734863,1.6399999856948853,1.6050000190734863,1.6369999647140503,6500,0.0,0.0
2024-10-15 00:00:00-04:00,1.6399999856948853,1.6399999856948853,1.600000023841858,1.621999979019165,2200,0.0,0.0
2024-10-16 00:00:00-04:00,1.649999976158142,1.850000023841858,1.6200000047683716,1.687000036239624,9700,0.0,0.0
2024-10-17 00:00:00-04:00,1.7100000381469727,1.7100000381469727,1.7000000476837158,1.7029999494552612,13400,0.0,0.0
2024-10-18 00:00:00-04:00,1.649999976158142,1.649999976158142,1.649999976158142,1.649999976158142,200,0.0,0.0
2024-10-21 00:00:00-04:00,1.649999976158142,1.649999976158142,1.649999976158142,1.649999976158142,0,0.0,0.0
2024-10-22 00:00:00-04:00,1.600000023841858,1.75,1.600000023841858,1.75,1700,0.0,0.0
2024-10-23 00:00:00-04:00,1.75,1.75,1.75,1.75,0,0.0,0.0
2024-10-24 00:00:00-04:00,1.75,1.7899999618530273,1.5700000524520874,1.7899999618530273,32200,0.0,0.0
2024-10-25 00:00:00-04:00,1.7599999904632568,1.7599999904632568,1.6950000524520874,1.6950000524520874,1700,0.0,0.0
2024-10-28 00:00:00-04:00,1.649999976158142,1.7300000190734863,1.6399999856948853,1.7000000476837158,20400,0.0,0.0
2024-10-29 00:00:00-04:00,1.5329999923706055,1.6299999952316284,1.4700000286102295,1.6299999952316284,2900,0.0,0.0
2024-10-30 00:00:00-04:00,1.690000057220459,1.690000057220459,1.5199999809265137,1.649999976158142,7600,0.0,0.0
2024-10-31 00:00:00-04:00,1.600000023841858,1.7580000162124634,1.600000023841858,1.6299999952316284,7900,0.0,0.0
2024-11-01 00:00:00-04:00,1.5850000381469727,1.7300000190734863,1.5850000381469727,1.6100000143051147,26900,0.0,0.0
2024-11-04 00:00:00-05:00,1.6100000143051147,1.6100000143051147,1.6100000143051147,1.6100000143051147,400,0.0,0.0
2024-11-05 00:00:00-05:00,1.649999976158142,1.6649999618530273,1.6349999904632568,1.6399999856948853,7400,0.0,0.0
2024-11-06 00:00:00-05:00,1.690000057220459,1.7200000286102295,1.5099999904632568,1.600000023841858,8300,0.0,0.0
2024-11-07 00:00:00-05:00,1.5099999904632568,1.6449999809265137,1.4600000381469727,1.5499999523162842,15400,0.0,0.0
2024-11-08 00:00:00-05:00,1.6399999856948853,1.7319999933242798,1.6399999856948853,1.7319999933242798,800,0.0,0.0
2024-11-11 00:00:00-05:00,1.5490000247955322,1.690000057220459,1.5399999618530273,1.6540000438690186,5000,0.0,0.0
2024-11-12 00:00:00-05:00,1.5299999713897705,1.600000023841858,1.5199999809265137,1.5700000524520874,10500,0.0,0.0
2024-11-13 00:00:00-05:00,1.559999942779541,1.559999942779541,1.5420000553131104,1.5420000553131104,2500,0.0,0.0
2024-11-14 00:00:00-05:00,1.5299999713897705,1.5499999523162842,1.5199999809265137,1.5499999523162842,7800,0.0,0.0
2024-11-15 00:00:00-05:00,1.5499999523162842,1.5499999523162842,1.5499999523162842,1.5499999523162842,0,0.0,0.0
2024-11-18 00:00:00-05:00,1.6299999952316284,1.6299999952316284,1.559999942779541,1.559999942779541,700,0.0,0.0
2024-11-19 00:00:00-05:00,1.5199999809265137,1.690000057220459,1.5199999809265137,1.690000057220459,4300,0.0,0.0
2024-11-20 00:00:00-05:00,1.5700000524520874,1.600000023841858,1.5700000524520874,1.5700000524520874,1600,0.0,0.0
2024-11-21 00:00:00-05:00,1.5989999771118164,1.625,1.590000033378601,1.6089999675750732,10600,0.0,0.0
2024-11-22 00:00:00-05:00,1.600000023841858,1.600000023841858,1.559999942779541,1.565999984741211,1800,0.0,0.0
2024-11-25 00:00:00-05:00,1.559999942779541,1.600000023841858,1.5399999618530273,1.5800000429153442,17300,0.0,0.0
2024-11-26 00:00:00-05:00,1.5679999589920044,1.5800000429153442,1.5679999589920044,1.5800000429153442,300,0.0,0.0
2024-11-27 00:00:00-05:00,1.5800000429153442,1.5800000429153442,1.5800000429153442,1.5800000429153442,0,0.0,0.0
2024-11-29 00:00:00-05:00,1.5199999809265137,1.5199999809265137,1.5199999809265137,1.5199999809265137,300,0.0,0.0
2024-12-02 00:00:00-05:00,1.5269999504089355,1.5499999523162842,1.4600000381469727,1.5499999523162842,2600,0.0,0.0
2024-12-03 00:00:00-05:00,1.5740000009536743,1.5740000009536743,1.5329999923706055,1.5329999923706055,1100,0.0,0.0
2024-12-04 00:00:00-05:00,1.5700000524520874,1.6399999856948853,1.4600000381469727,1.6360000371932983,9600,0.0,0.0
2024-12-05 00:00:00-05:00,1.649999976158142,1.649999976158142,1.559999942779541,1.559999942779541,730,0.0,0.0
