Date,Open,High,Low,Close,Volume,Dividends,Stock Splits
2022-01-03 00:00:00-05:00,52.419491458445876,53.29688195199291,52.4101590700621,53.18487548828125,2906500,0.0,0.0
2022-01-04 00:00:00-05:00,53.43689490434332,55.070337106659494,53.43689490434332,54.59430694580078,5745700,0.0,0.0
2022-01-05 00:00:00-05:00,54.48230223145857,55.53704029624368,54.01560441384308,54.11827850341797,6049000,0.0,0.0
2022-01-06 00:00:00-05:00,54.118265623274304,54.79031146009272,53.744909594413684,54.17427062988281,3751300,0.0,0.0
2022-01-07 00:00:00-05:00,54.23027977201782,54.57563868751756,53.50223238589022,54.12760925292969,3516200,0.0,0.0
2022-01-10 00:00:00-05:00,55.229010120603974,56.01306248437325,54.7063109185053,55.8917236328125,10511600,0.0,0.0
2022-01-11 00:00:00-05:00,56.00373454113719,56.63844381745314,55.75171730842749,56.237083435058594,7313500,0.0,0.0
2022-01-12 00:00:00-05:00,56.42375952450434,56.47976097653785,55.182341781982366,55.957061767578125,3098100,0.0,0.0
2022-01-13 00:00:00-05:00,56.47042915313845,56.68510969619813,55.88238897655328,56.16240692138672,4133000,0.0,0.0
2022-01-14 00:00:00-05:00,55.98506531307543,56.722448660703556,55.667710679958354,56.49843215942383,5790400,0.0,0.0
2022-01-18 00:00:00-05:00,56.26507577504476,56.759777777631605,55.443690354539434,55.51836013793945,5053900,0.0,0.0
2022-01-19 00:00:00-05:00,56.00373334870796,56.43309444983223,54.07160483302725,54.099605560302734,3957500,0.0,0.0
2022-01-20 00:00:00-05:00,54.35162459716539,55.11700869356314,53.530235483730635,53.576908111572266,2893700,0.0,0.0
2022-01-21 00:00:00-05:00,53.41822219219853,53.436890528828116,51.57943198132743,51.8687858581543,4212100,0.0,0.0
2022-01-24 00:00:00-05:00,51.13141003707247,51.88746175797881,49.87132739618355,51.728782653808594,5523700,0.0,0.0
2022-01-25 00:00:00-05:00,51.19674067695757,52.298147628706495,50.029996326428716,51.74744415283203,4421900,0.0,0.0
2022-01-26 00:00:00-05:00,52.447498622533026,52.95153311204135,51.29009004731581,51.65411376953125,3126700,0.0,0.0
2022-01-27 00:00:00-05:00,52.1208100580234,53.763584735108005,51.383426684969145,51.75678634643555,4359300,0.0,0.0
2022-01-28 00:00:00-05:00,51.75678398842143,52.624842135254134,51.066069714363685,52.49416732788086,3920500,0.0,0.0
2022-01-31 00:00:00-05:00,52.47549585646961,53.02619934082031,52.223478645601865,53.02619934082031,3319000,0.0,0.0
2022-02-01 00:00:00-05:00,53.09153866842857,54.71564489438797,52.72751498194186,54.668975830078125,3395200,0.0,0.0
2022-02-02 00:00:00-05:00,55.06100304926763,55.7330453994889,54.75298081992434,55.443695068359375,3886500,0.0,0.0
2022-02-03 00:00:00-05:00,54.98633347024483,56.097072928517434,54.92099606450065,55.25701904296875,2814900,0.0,0.0
2022-02-04 00:00:00-05:00,55.14500658267577,55.35968711547101,54.37028662636925,54.82765197753906,1952100,0.0,0.0
2022-02-07 00:00:00-05:00,55.145003331120826,55.658370101936924,54.92098686280092,55.03299331665039,2132500,0.0,0.0
2022-02-08 00:00:00-05:00,55.17300939351722,56.03173155716323,54.71564402505614,55.957061767578125,2933500,0.0,0.0
2022-02-09 00:00:00-05:00,56.27441323267351,56.937123155839956,56.05973270378668,56.722442626953125,3346900,0.0,0.0
2022-02-10 00:00:00-05:00,56.414428064103916,57.44116534740806,56.13441009979246,56.67578125,3676800,0.0,0.0
2022-02-11 00:00:00-05:00,56.703771906224986,57.21713867637937,55.39701689072203,55.54636001586914,2449800,0.0,0.0
2022-02-14 00:00:00-05:00,55.2570228604135,55.67705161251641,54.351627945949645,54.696983337402344,2902500,0.0,0.0
2022-02-15 00:00:00-05:00,54.97699413168489,56.405088049032784,54.939657458658786,55.835716247558594,3400900,0.0,0.0
2022-02-16 00:00:00-05:00,55.40635974144255,56.507766761849155,55.37835901468318,56.274417877197266,3001700,0.0,0.0
2022-02-17 00:00:00-05:00,56.209081234074944,56.349088430385585,55.29435402115054,55.313018798828125,2716100,0.0,0.0
2022-02-18 00:00:00-05:00,55.303680544824246,55.9197214008734,54.846315206556646,54.976993560791016,3198000,0.0,0.0
2022-02-22 00:00:00-05:00,54.463630315714695,55.098339590850195,53.11954197105093,53.32489013671875,3316400,0.0,0.0
2022-02-23 00:00:00-05:00,53.84758929137248,54.49163451514349,52.78351890850747,52.998199462890625,3477400,0.0,0.0
2022-02-24 00:00:00-05:00,51.42076474875652,52.2328179396116,50.748718764257575,52.120811462402344,6516000,0.0,0.0
2022-02-25 00:00:00-05:00,47.36982178558377,49.5166307307372,45.88572279312782,48.03253173828125,14711100,0.0,0.0
2022-02-28 00:00:00-05:00,47.42582685613547,48.54589861281803,46.95912910397732,47.565834045410156,6844300,0.0,0.0
2022-03-01 00:00:00-05:00,46.688440753763054,47.173806814179805,46.29641281393292,46.55776596069336,5359800,0.0,0.0
2022-03-02 00:00:00-05:00,47.108476937919704,50.26335149333296,46.92179710632432,50.03000259399414,6072200,0.0,0.0
2022-03-03 00:00:00-05:00,49.824655991010424,50.35669117537391,48.975266173814205,49.08727264404297,4004200,0.0,0.0
2022-03-04 00:00:00-05:00,48.61123563153638,48.99392761484502,47.97652645522629,48.49922561645508,2984600,0.0,0.0
2022-03-07 00:00:00-05:00,47.99519233394262,48.293882153739155,45.71770871757446,46.04439926147461,4649800,0.0,0.0
2022-03-08 00:00:00-05:00,46.43642961735718,48.08854020388246,45.78305200609418,46.893795013427734,5920600,0.0,0.0
2022-03-09 00:00:00-05:00,48.02319629902287,49.05926581141335,47.72451004183548,48.51789474487305,4199800,0.0,0.0
2022-03-10 00:00:00-05:00,47.892526890281495,48.72324835900591,47.63117371539748,48.508567810058594,3590400,0.0,0.0
2022-03-11 00:00:00-05:00,48.5365660491639,49.21794433757954,48.107204973278094,48.5458984375,2977400,0.0,0.0
2022-03-14 00:00:00-04:00,48.40589864481113,49.0592763074287,47.024473519614375,47.360496520996094,3406400,0.0,0.0
2022-03-15 00:00:00-04:00,47.36049024783414,48.723246852380306,47.19247876939735,48.61124038696289,2477400,0.0,0.0
2022-03-16 00:00:00-04:00,48.08853910097842,48.93792890795323,47.248481682818095,48.508567810058594,5130700,0.0,0.0
2022-03-17 00:00:00-04:00,48.00453495860625,48.03253568660406,46.2217495434407,47.145809173583984,5634300,0.0,0.0
2022-03-18 00:00:00-04:00,47.05247175997188,48.433896812077315,46.69778043721106,48.37789535522461,4907200,0.0,0.0
2022-03-21 00:00:00-04:00,48.30321949295732,49.44196319818049,48.237882089604,48.83525466918945,3853500,0.0,0.0
2022-03-22 00:00:00-04:00,48.947258142274435,49.777983118082744,48.816583343564716,49.460628509521484,2764900,0.0,0.0
2022-03-23 00:00:00-04:00,49.06860266708786,49.83398671589972,49.00326526491768,49.09660339355469,2895900,0.0,0.0
2022-03-24 00:00:00-04:00,49.12460979373321,50.26334996669728,48.937929967807804,49.94599533081055,2806000,0.0,0.0
2022-03-25 00:00:00-04:00,49.936658411584865,51.224745176932394,49.80598361347825,51.14073944091797,3715400,0.0,0.0
2022-03-28 00:00:00-04:00,50.63669962574517,50.94472181182927,50.142001211196465,50.68336868286133,2892100,0.0,0.0
2022-03-29 00:00:00-04:00,51.140736996862,51.61676710444646,50.69270761307045,51.364749908447266,3417800,0.0,0.0
2022-03-30 00:00:00-04:00,51.056732901413554,51.57009969759114,50.57136682992639,50.70204162597656,2829000,0.0,0.0
2022-03-31 00:00:00-04:00,47.88319184071085,48.228547203279696,46.82845385378159,46.84712219238281,6459300,0.0,0.0
2022-04-01 00:00:00-04:00,45.335017346790785,45.73637768067497,44.43895855698378,45.54969787597656,8086300,0.0,0.0
2022-04-04 00:00:00-04:00,45.68037577217791,46.52043317003907,45.503031904016716,46.09107208251953,3326400,0.0,0.0
2022-04-05 00:00:00-04:00,45.60570140508357,46.287079643585365,45.41902160644531,45.41902160644531,3335000,0.0,0.0
2022-04-06 00:00:00-04:00,45.02699958848721,45.21367583626643,43.636238754556366,43.98159408569336,6815300,0.0,0.0
2022-04-07 00:00:00-04:00,44.354958189239866,45.46569764261684,43.80425465709364,44.513633728027344,6182900,0.0,0.0
2022-04-08 00:00:00-04:00,44.28028876074554,44.89632975297699,43.98160243485283,44.233619689941406,3707700,0.0,0.0
2022-04-11 00:00:00-04:00,43.80425722774084,44.830990997124786,43.636245729387575,43.82292556762695,3663000,0.0,0.0
2022-04-12 00:00:00-04:00,43.89759136863266,44.59763802780815,43.87892303044674,43.962928771972656,3970200,0.0,0.0
2022-04-13 00:00:00-04:00,43.81358805631134,44.54163904344256,43.7855873277907,44.1589469909668,3200100,0.0,0.0
2022-04-14 00:00:00-04:00,44.01893535546344,44.51363387284742,43.76691812190323,43.8135871887207,3678200,0.0,0.0
2022-04-18 00:00:00-04:00,43.589570393514194,44.6349723524965,43.52423299361663,44.28028106689453,3565000,0.0,0.0
2022-04-19 00:00:00-04:00,44.31788113589505,45.25781495777564,44.242684709074375,45.107425689697266,4394000,0.33,0.0
2022-04-20 00:00:00-04:00,45.586788177490234,46.63951300361077,45.586788177490234,46.05675506591797,3039900,0.0,0.0
2022-04-21 00:00:00-04:00,46.20714683802908,46.51732672231899,45.02283179247442,45.314208984375,3098800,0.0,0.0
2022-04-22 00:00:00-04:00,45.12622296909545,45.12622296909545,44.01710431477964,44.0546989440918,4111900,0.0,0.0
2022-04-25 00:00:00-04:00,43.744527951462636,44.44947843101132,43.180565416485564,44.43067932128906,6537200,0.0,0.0
2022-04-26 00:00:00-04:00,44.15809007705768,44.81604446286178,43.67872541037298,43.7163200378418,4114600,0.0,0.0
2022-04-27 00:00:00-04:00,43.716319481538484,44.4776671507101,42.98317226456331,43.7539176940918,3404400,0.0,0.0
2022-04-28 00:00:00-04:00,44.2990855233657,45.520998871078646,44.04530294117279,45.229618072509766,2604600,0.0,0.0
2022-04-29 00:00:00-04:00,44.87243401648385,46.26353538783928,44.11108646938779,44.186279296875,4124000,0.0,0.0
2022-05-02 00:00:00-04:00,43.95130182811408,44.68445261224406,43.61292868031887,44.646854400634766,3573200,0.0,0.0
2022-05-03 00:00:00-04:00,44.78785378749904,45.36121048046304,44.383681905440795,44.97583770751953,2943600,0.0,0.0
2022-05-04 00:00:00-04:00,45.27661689963789,46.09436202224456,44.393080272577635,45.878177642822266,4166600,0.0,0.0
2022-05-05 00:00:00-04:00,45.72777941738346,45.92516464886202,44.09229307733715,44.421268463134766,3265300,0.0,0.0
2022-05-06 00:00:00-04:00,43.94190684138057,44.11109521873789,42.635399382781486,42.842185974121094,5542700,0.0,0.0
2022-05-09 00:00:00-04:00,42.268825819617135,43.06776814726431,41.9962441462079,42.475608825683594,4320500,0.0,0.0
2022-05-10 00:00:00-04:00,43.283949707081774,43.47193717956543,42.04323740847758,42.76698684692383,5163100,0.0,0.0
2022-05-11 00:00:00-04:00,42.644797794167886,43.453141479305806,41.67666707551172,41.742462158203125,4552400,0.0,0.0
2022-05-12 00:00:00-04:00,41.51688116293124,42.20303610689185,40.576947205856264,41.11271286010742,5832700,0.0,0.0
2022-05-13 00:00:00-04:00,41.59207390258926,42.87038454424596,41.52627881828898,42.38161849975586,4100500,0.0,0.0
2022-05-16 00:00:00-04:00,42.11843520123427,42.61659897178604,41.78945621729997,42.325218200683594,5127700,0.0,0.0
2022-05-17 00:00:00-04:00,43.22756000119654,43.92310905293384,42.729392614883984,43.81031799316406,4664700,0.0,0.0
2022-05-18 00:00:00-04:00,43.17115979711578,43.37794638086124,40.642739161451445,40.708534240722656,4560600,0.0,0.0
2022-05-19 00:00:00-04:00,39.95658554902009,39.99418376276779,38.424495987212886,38.63127899169922,7072800,0.0,0.0
2022-05-20 00:00:00-04:00,38.87566271894822,38.98845377150489,36.027664439342566,37.64434814453125,9450800,0.0,0.0
2022-05-23 00:00:00-04:00,37.85113414308397,39.04485048632088,37.85113414308397,38.74407196044922,8961000,0.0,0.0
2022-05-24 00:00:00-04:00,38.3117048601295,38.960261557295986,37.5033647037866,38.42449951171875,6600600,0.0,0.0
2022-05-25 00:00:00-04:00,38.48089037575751,41.05631069220289,38.424496639741285,40.699134826660156,6045400,0.0,0.0
2022-05-26 00:00:00-04:00,39.84379143508802,41.69546208606075,39.4772178430922,41.291290283203125,6899900,0.0,0.0
2022-05-27 00:00:00-04:00,47.363265190211095,49.44051809705485,45.53979484811106,46.60192108154297,15886600,0.0,0.0
2022-05-31 00:00:00-04:00,46.4609390285648,47.42906992455829,45.46460767370717,46.940303802490234,13254200,0.0,0.0
2022-06-01 00:00:00-04:00,47.24106925692416,48.44418690935777,46.9026961147888,47.626441955566406,5584400,0.0,0.0
2022-06-02 00:00:00-04:00,46.996692044421884,48.25620353463491,46.93089696240474,48.199806213378906,3747400,0.0,0.0
2022-06-03 00:00:00-04:00,47.899031751088614,48.6415804091745,47.635851400602824,47.95542907714844,2721800,0.0,0.0
2022-06-06 00:00:00-04:00,48.04002313407159,48.20921152619681,46.94029858525765,47.03429412841797,2722900,0.0,0.0
2022-06-07 00:00:00-04:00,46.771106587773026,48.181007356425184,46.40453296161356,48.07761764526367,2451900,0.0,0.0
2022-06-08 00:00:00-04:00,48.105815675513654,48.21860673577324,47.3068733215332,47.3068733215332,2511100,0.0,0.0
2022-06-09 00:00:00-04:00,47.184684210875446,48.312605648954566,46.99669670693502,47.3256721496582,3142800,0.0,0.0
2022-06-10 00:00:00-04:00,46.62071527414115,47.278669654476644,46.08495329236181,46.20714569091797,2544600,0.0,0.0
2022-06-13 00:00:00-04:00,44.9664339593534,45.46459773510125,44.252085835911906,44.41187286376953,2612700,0.0,0.0
2022-06-14 00:00:00-04:00,44.74085047027953,45.051030366318045,44.19569069391916,44.50586700439453,2352400,0.0,0.0
2022-06-15 00:00:00-04:00,44.89124266895497,45.6619917859776,44.299086877960946,45.03223419189453,2515300,0.0,0.0
2022-06-16 00:00:00-04:00,44.07349395173301,44.26148142305936,42.672994640755434,43.13356018066406,2830700,0.0,0.0
2022-06-17 00:00:00-04:00,43.79151907346687,45.05103060058246,43.556535606359965,44.73145294189453,5094900,0.0,0.0
2022-06-21 00:00:00-04:00,45.89697021219744,46.479728177408326,45.42700330157766,46.27294158935547,5271400,0.0,0.0
2022-06-22 00:00:00-04:00,45.74657546435662,46.780504776244335,45.50219425860153,45.690181732177734,3735800,0.0,0.0
2022-06-23 00:00:00-04:00,45.69957867615237,46.592516470519236,45.41759926360567,46.09435272216797,3014000,0.0,0.0
2022-06-24 00:00:00-04:00,46.338740095729875,47.654648976973014,46.10375662304812,47.2316780090332,9204600,0.0,0.0
2022-06-27 00:00:00-04:00,47.3350696539525,47.438462952003775,46.91209870081688,47.2222785949707,3329700,0.0,0.0
2022-06-28 00:00:00-04:00,47.344468119792914,47.60765204208646,45.94396865869125,46.000362396240234,3149800,0.0,0.0
2022-06-29 00:00:00-04:00,46.04736097477908,46.08495560382105,44.41187449508992,44.54346466064453,3346400,0.0,0.0
2022-06-30 00:00:00-04:00,43.85731622318928,44.44947559214842,43.1523657886638,43.43434524536133,3976900,0.0,0.0
2022-07-01 00:00:00-04:00,43.04897062223074,43.650527726644995,39.862595369711805,40.17277526855469,6384400,0.0,0.0
2022-07-05 00:00:00-04:00,39.48662170162655,40.61454310274609,39.07305207496014,40.54874801635742,3849800,0.0,0.0
2022-07-06 00:00:00-04:00,40.09757945109324,40.520550417093176,39.03545315548521,39.66521072387695,3685400,0.0,0.0
2022-07-07 00:00:00-04:00,40.14457157753893,40.85892327060835,40.07877649864607,40.360755920410156,2983500,0.0,0.0
2022-07-08 00:00:00-04:00,39.862592430538356,40.652136968257665,39.590010767210316,40.341957092285156,3315000,0.0,0.0
2022-07-11 00:00:00-04:00,39.85319385005372,40.45475089773467,39.768599666125915,39.92838668823242,2400000,0.0,0.0
2022-07-12 00:00:00-04:00,39.88139528134188,41.07511175316052,39.824997957080015,40.46415328979492,4518200,0.0,0.0
2022-07-13 00:00:00-04:00,39.947190891910545,40.96232122858712,39.86259669718749,40.54874801635742,3584700,0.0,0.0
2022-07-14 00:00:00-04:00,40.05997737287355,40.238567088835055,38.85686326163462,40.13517379760742,3574700,0.0,0.0
2022-07-15 00:00:00-04:00,40.47354649285946,40.858919167199225,40.069374714215,40.849517822265625,2208800,0.0,0.0
2022-07-18 00:00:00-04:00,41.34769008015055,41.488678000996806,40.22916654606363,40.32316207885742,2183000,0.0,0.0
2022-07-19 00:00:00-04:00,40.739936962661396,41.81029674130167,40.739936962661396,41.715576171875,2321500,0.33,0.0
2022-07-20 00:00:00-04:00,41.67768509962087,42.340739903422794,41.175659594468165,41.83871078491211,2559000,0.0,0.0
2022-07-21 00:00:00-04:00,41.77240676911366,42.378630694521576,41.43141055360419,42.29338073730469,2177600,0.0,0.0
2022-07-22 00:00:00-04:00,41.94290637710116,42.246016530911476,40.91991051133087,41.052520751953125,3365400,0.0,0.0
2022-07-25 00:00:00-04:00,41.346165225570196,41.95238560549344,40.957805068846966,41.535606384277344,2262200,0.0,0.0
2022-07-26 00:00:00-04:00,41.5356061885834,41.80083031356909,40.995690939423156,41.13777542114258,2309300,0.0,0.0
2022-07-27 00:00:00-04:00,41.2893338179663,42.141833549753684,41.08094419167188,41.952388763427734,1889000,0.0,0.0
2022-07-28 00:00:00-04:00,41.89554863763395,42.50176898207387,41.56402301594282,42.15129852294922,1625700,0.0,0.0
2022-07-29 00:00:00-04:00,42.160762083538835,42.71015143715028,41.69662629079864,42.68173599243164,2121300,0.0,0.0
2022-08-01 00:00:00-04:00,42.40704845326943,43.32585319630031,42.23654852954497,43.02273941040039,1807400,0.0,0.0
2022-08-02 00:00:00-04:00,42.62491000856454,42.85224445182124,41.79135520110115,41.92396545410156,2242000,0.0,0.0
2022-08-03 00:00:00-04:00,41.87660841022333,42.501773660918644,41.13777773577214,42.10394287109375,3057300,0.0,0.0
2022-08-04 00:00:00-04:00,42.14183266265784,42.14183266265784,41.25144326967643,41.86713790893555,3152100,0.0,0.0
2022-08-05 00:00:00-04:00,41.54507330058195,43.0416791485274,41.488238794954455,43.01326370239258,3221300,0.0,0.0
2022-08-08 00:00:00-04:00,43.231129442606395,43.98890488156039,42.81435385452128,43.0511589050293,2821200,0.0,0.0
2022-08-09 00:00:00-04:00,42.92801951588516,43.022740091294146,42.21760436024272,42.71015930175781,2767400,0.0,0.0
2022-08-10 00:00:00-04:00,43.572132630636425,44.746687360992226,43.467937822295355,44.737213134765625,1967200,0.0,0.0
2022-08-11 00:00:00-04:00,44.90770267755638,45.930702071699336,44.82245272804446,45.08767318725586,2342400,0.0,0.0
2022-08-12 00:00:00-04:00,45.371847113233294,45.741262397527656,45.135042073212986,45.674957275390625,1987300,0.0,0.0
2022-08-15 00:00:00-04:00,45.513931179847404,46.12962577267541,45.44762605303311,45.750736236572266,2258300,0.0,0.0
2022-08-16 00:00:00-04:00,45.76020827737916,46.641123335402696,45.61812380478508,46.025428771972656,2257200,0.0,0.0
2022-08-17 00:00:00-04:00,45.731788173547784,45.731788173547784,44.68984744277662,45.3055419921875,2086900,0.0,0.0
2022-08-18 00:00:00-04:00,45.90229120781866,46.45168067238988,45.286600229965636,46.356956481933594,2147200,0.0,0.0
2022-08-19 00:00:00-04:00,45.62759801268315,45.731792819016086,44.83193646619573,45.153987884521484,2123000,0.0,0.0
2022-08-22 00:00:00-04:00,44.50040428590396,44.727738722369125,44.09309931336599,44.367794036865234,2883200,0.0,0.0
2022-08-23 00:00:00-04:00,44.14045418425707,45.296063835555444,44.14045418425707,44.46250915527344,2737700,0.0,0.0
2022-08-24 00:00:00-04:00,44.33937507511643,44.73720579071974,43.75209599966678,44.159400939941406,1981400,0.0,0.0
2022-08-25 00:00:00-04:00,44.888768508289644,45.476044070374606,44.66143766448322,45.37185287475586,3798400,0.0,0.0
2022-08-26 00:00:00-04:00,43.439517548890194,43.439517548890194,39.00652686681841,39.24333190917969,12423800,0.0,0.0
2022-08-29 00:00:00-04:00,38.75077248343872,40.13371290288259,38.38135723842981,38.447662353515625,6315200,0.0,0.0
2022-08-30 00:00:00-04:00,38.684469835759124,39.1580798956419,37.59516525268555,37.59516525268555,4619700,0.0,0.0
2022-08-31 00:00:00-04:00,37.093142598066564,37.52886301946109,36.164867242911924,36.26906204223633,6819900,0.0,0.0
2022-09-01 00:00:00-04:00,35.928062295273094,36.02278286945576,35.141867798795474,35.662841796875,4298400,0.0,0.0
2022-09-02 00:00:00-04:00,36.27853282859438,36.43956214105806,35.482867718444815,35.79545211791992,3422400,0.0,0.0
2022-09-06 00:00:00-04:00,35.8143971321603,35.85228319408135,34.84823209268641,35.321842193603516,3994600,0.0,0.0
2022-09-07 00:00:00-04:00,35.20817599432432,36.13645504640063,34.800874599126566,35.975425720214844,3571500,0.0,0.0
2022-09-08 00:00:00-04:00,35.62495399127085,36.47745004372426,35.46392467068039,36.467979431152344,3894700,0.0,0.0
2022-09-09 00:00:00-04:00,36.81845109746405,37.83197650319466,36.81845109746405,37.68989562988281,3104800,0.0,0.0
2022-09-12 00:00:00-04:00,37.88881207958462,38.6086979192189,37.88881207958462,38.172977447509766,2611400,0.0,0.0
2022-09-13 00:00:00-04:00,37.19734262241265,37.41520286371222,36.12698264267232,36.27853775024414,3918700,0.0,0.0
2022-09-14 00:00:00-04:00,36.4395668020306,36.61006674839683,35.8049273098099,36.11751174926758,3267800,0.0,0.0
2022-09-15 00:00:00-04:00,35.82386749565719,36.10803283156347,35.321841948444145,35.662841796875,3472000,0.0,0.0
2022-09-16 00:00:00-04:00,35.236588614564916,36.11750360093088,34.98083875271435,35.95647430419922,5918500,0.0,0.0
2022-09-19 00:00:00-04:00,35.4070922092305,35.98489711135041,35.20817322039564,35.82386779785156,2780400,0.0,0.0
2022-09-20 00:00:00-04:00,35.41656195538324,35.49234130420229,34.78192616913569,34.999786376953125,2601800,0.0,0.0
2022-09-21 00:00:00-04:00,35.21764221696981,35.814391868155326,34.81980791172686,34.83875274658203,2533300,0.0,0.0
2022-09-22 00:00:00-04:00,34.620888830483196,34.93347315183157,34.289363289681035,34.36513900756836,2568400,0.0,0.0
2022-09-23 00:00:00-04:00,33.77786626910796,34.25147628612482,32.96325646170174,33.64525604248047,2881200,0.0,0.0
2022-09-26 00:00:00-04:00,33.21901218037391,33.77787224384098,32.8022365924873,32.8685417175293,3611400,0.0,0.0
2022-09-27 00:00:00-04:00,33.446345549757496,33.79681600140182,32.726456196081465,32.88748550415039,3306600,0.0,0.0
2022-09-28 00:00:00-04:00,32.68857199659252,33.53160112546673,32.68857199659252,33.427406311035156,2908400,0.0,0.0
2022-09-29 00:00:00-04:00,32.84959942450807,33.086404493246825,32.02551879703763,32.385459899902344,4703500,0.0,0.0
2022-09-30 00:00:00-04:00,32.51807099846674,33.11481711914282,32.290736562000895,32.366512298583984,3041500,0.0,0.0
2022-10-03 00:00:00-04:00,32.69803949852586,34.23253510570724,32.39492934435072,33.98625946044922,4119700,0.0,0.0
2022-10-04 00:00:00-04:00,34.64931701151117,35.51128725795989,34.59248249810988,35.48286819458008,2670300,0.0,0.0
2022-10-05 00:00:00-04:00,34.99978518119621,36.10803101962529,34.81981104057883,35.86175537109375,2512400,0.0,0.0
2022-10-06 00:00:00-04:00,35.90911308999212,36.297473178276476,35.40708760384249,35.501808166503906,2757500,0.0,0.0
2022-10-07 00:00:00-04:00,34.14728904505292,34.5640682646148,32.71698806768338,32.77381896972656,5615000,0.0,0.0
2022-10-10 00:00:00-04:00,33.06745355275152,33.190593177515154,31.91184387425732,32.66014862060547,3266600,0.0,0.0
2022-10-11 00:00:00-04:00,32.58437704402953,32.90643206366716,31.959211842775122,32.08234786987305,3090600,0.0,0.0
2022-10-12 00:00:00-04:00,31.978148990240022,32.3191488044212,31.80765269650736,31.98762321472168,2873300,0.0,0.0
2022-10-13 00:00:00-04:00,31.324573312507958,33.39898435483325,31.16354760475892,33.14323806762695,3036300,0.0,0.0
2022-10-14 00:00:00-04:00,33.21900892733394,33.38003822477989,32.22442853574198,32.451759338378906,2288100,0.0,0.0
2022-10-17 00:00:00-04:00,32.622261479699105,33.31373177286066,32.29073586426487,32.65068054199219,3412400,0.0,0.0
2022-10-18 00:00:00-04:00,33.32970684108484,33.6644406772624,32.526350741858295,33.05236053466797,2468800,0.33,0.0
2022-10-19 00:00:00-04:00,32.54547306443047,33.46359676755907,32.4211468151995,32.985408782958984,2225700,0.0,0.0
2022-10-20 00:00:00-04:00,33.01410352435044,34.17131773377741,33.01410352435044,33.339271545410156,2122100,0.0,0.0
2022-10-21 00:00:00-04:00,33.81745997660802,35.366788259852534,33.7218201762316,35.24245834350586,2964700,0.0,0.0
2022-10-24 00:00:00-04:00,35.41460016597391,35.87366018294734,35.051179932714554,35.65369415283203,2346600,0.0,0.0
2022-10-25 00:00:00-04:00,35.58675374609294,36.31360162392114,35.471989635804114,36.09363555908203,2434300,0.0,0.0
2022-10-26 00:00:00-04:00,35.691958633367676,36.55269865197204,35.56762870883914,36.141456604003906,2339600,0.0,0.0
2022-10-27 00:00:00-04:00,36.43793049379774,36.772664341130984,35.854544096641106,36.112762451171875,3395800,0.0,0.0
2022-10-28 00:00:00-04:00,36.31359324850574,37.671645243842185,36.31359324850574,37.45167922973633,3062300,0.0,0.0
2022-10-31 00:00:00-04:00,36.99263004272537,37.20303396470594,36.61964392524018,36.72484588623047,2578800,0.0,0.0
2022-11-01 00:00:00-04:00,37.24128546628989,37.537763382181595,36.409239248510495,37.4421272277832,2227300,0.0,0.0
2022-11-02 00:00:00-04:00,37.308231801985045,37.59514756404251,36.017125465868276,36.02668762207031,2865600,0.0,0.0
2022-11-03 00:00:00-04:00,35.53893575877694,36.17970964340291,35.40504368839443,35.720645904541016,2385300,0.0,0.0
2022-11-04 00:00:00-04:00,36.59094798832293,37.614273771957066,36.457055918020885,37.298667907714844,2816400,0.0,0.0
2022-11-07 00:00:00-05:00,37.38473847941096,38.245478350086714,37.24128061820335,38.13071060180664,2497900,0.0,0.0
2022-11-08 00:00:00-05:00,38.41762518896765,39.2592371566495,38.302861081465416,38.65671920776367,2523800,0.0,0.0
2022-11-09 00:00:00-05:00,38.14984521153341,38.54195929914564,37.50907492252941,37.61427688598633,2106400,0.0,0.0
2022-11-10 00:00:00-05:00,39.24010360779631,39.90956749472044,38.72366337345797,39.90000534057617,3582200,0.0,0.0
2022-11-11 00:00:00-05:00,39.890444548410514,41.19111657247751,39.74699032852042,40.81813049316406,2524200,0.0,0.0
2022-11-14 00:00:00-05:00,39.85219097112101,41.057226919370684,39.85219097112101,40.406890869140625,2918200,0.0,0.0
2022-11-15 00:00:00-05:00,41.31544329130329,41.53540933011047,40.339939348581346,40.50252151489258,2967200,0.0,0.0
2022-11-16 00:00:00-05:00,40.14866795496581,40.14866795496581,39.25923789642203,39.383567810058594,2679800,0.0,0.0
2022-11-17 00:00:00-05:00,38.89581288083682,40.0817208087697,38.589772831360946,39.938262939453125,2382100,0.0,0.0
2022-11-18 00:00:00-05:00,40.01477492907713,40.30168702052295,39.56527700856472,40.206050872802734,3992300,0.0,0.0
2022-11-21 00:00:00-05:00,39.74699198256067,39.89044620842051,38.15940780436226,39.27836608886719,7317500,0.0,0.0
2022-11-22 00:00:00-05:00,39.909571823709776,42.04228996111696,38.63759358403871,41.93708801269531,12566200,0.0,0.0
2022-11-23 00:00:00-05:00,41.93709626585714,43.352536298087614,41.64062196917959,42.663944244384766,4938500,0.0,0.0
2022-11-25 00:00:00-05:00,42.5587374044691,43.10387150183205,42.48222556357622,42.683067321777344,2034700,0.0,0.0
2022-11-28 00:00:00-05:00,42.27182330054931,42.36745944886168,41.65974319546564,41.678871154785156,2959900,0.0,0.0
2022-11-29 00:00:00-05:00,41.74581657342145,42.023162858756606,41.506722557876735,41.62148666381836,3448800,0.0,0.0
2022-11-30 00:00:00-05:00,41.55454585746523,42.85521804933406,40.88508180008738,42.836090087890625,6805600,0.0,0.0
2022-12-01 00:00:00-05:00,43.03691649789393,43.38121241360262,42.434398645403725,42.941280364990234,2331400,0.0,0.0
2022-12-02 00:00:00-05:00,42.34833266291749,42.77870263881814,42.01360248626438,42.59699249267578,2518000,0.0,0.0
2022-12-05 00:00:00-05:00,41.97534829235131,42.14749628978931,41.07635603217489,41.19112014770508,2304100,0.0,0.0
2022-12-06 00:00:00-05:00,41.133726908677374,41.26762260267029,40.234734853004106,40.617286682128906,2844600,0.0,0.0
2022-12-07 00:00:00-05:00,40.20604581694646,40.426011847670665,39.68003977405947,40.091278076171875,2906000,0.0,0.0
2022-12-08 00:00:00-05:00,40.215608383016274,40.598160226279504,39.90000621336615,40.38775634765625,3438600,0.0,0.0
2022-12-09 00:00:00-05:00,40.06259110306178,40.66510902032462,39.93826119829341,40.005210876464844,1835200,0.0,0.0
2022-12-12 00:00:00-05:00,39.82350139743434,41.009409401734636,39.57484520932974,40.99984359741211,3319500,0.0,0.0
2022-12-13 00:00:00-05:00,42.38659081797819,42.415280935122844,40.732060510735785,40.980716705322266,2816400,0.0,0.0
2022-12-14 00:00:00-05:00,40.73205745937779,41.02853535804266,39.68960738455095,39.86175537109375,3367900,0.0,0.0
2022-12-15 00:00:00-05:00,39.12535243312061,39.12535243312061,37.57602392205536,37.6620979309082,4463300,0.0,0.0
2022-12-16 00:00:00-05:00,37.260407958881174,37.72903380254773,37.02131395968668,37.537757873535156,4645900,0.0,0.0
2022-12-19 00:00:00-05:00,37.623835927713515,37.70034411862098,36.95437192791798,37.298667907714844,2648600,0.0,0.0
2022-12-20 00:00:00-05:00,37.05957092834451,37.43255699396225,36.98305909525113,37.25084686279297,1893400,0.0,0.0
2022-12-21 00:00:00-05:00,37.442126839601556,37.82467510151448,37.32735907757082,37.41343307495117,2863900,0.0,0.0
2022-12-22 00:00:00-05:00,36.78222767565684,37.44212958675205,36.361423462192356,37.43256378173828,2285900,0.0,0.0
2022-12-23 00:00:00-05:00,37.48994491630499,37.56645310937342,36.944810815657895,37.41343307495117,1466400,0.0,0.0
2022-12-27 00:00:00-05:00,37.50906670406657,37.86292479138282,37.23171679722838,37.69077682495117,1832500,0.0,0.0
2022-12-28 00:00:00-05:00,37.662093406681144,37.776857521936726,36.91611753680627,37.06913757324219,1822900,0.0,0.0
2022-12-29 00:00:00-05:00,37.4038672632165,38.178529515641806,37.29866531577972,38.08289337158203,1582800,0.0,0.0
2022-12-30 00:00:00-05:00,37.767296128509024,38.465450286865234,37.66209416728121,38.465450286865234,1582400,0.0,0.0
2023-01-03 00:00:00-05:00,38.79061189063299,39.192288059634855,38.22634990445066,39.115779876708984,2679200,0.0,0.0
2023-01-04 00:00:00-05:00,39.584407464037255,39.785245575886066,38.8097451331103,39.15403747558594,2790000,0.0,0.0
2023-01-05 00:00:00-05:00,38.97232542999349,39.30705560013946,38.52282750298155,39.08708953857422,2483700,0.0,0.0
2023-01-06 00:00:00-05:00,39.37399571180676,40.73205144416951,39.039265592008555,40.56946563720703,3179700,0.0,0.0
2023-01-09 00:00:00-05:00,40.83725722240187,41.21980544554087,40.34950340392197,40.435577392578125,2966400,0.0,0.0
2023-01-10 00:00:00-05:00,40.24430715713869,40.77031327095311,39.995647333548824,40.63642120361328,2780300,0.0,0.0
2023-01-11 00:00:00-05:00,40.24430517876227,40.35906928108538,37.94900124258977,38.991451263427734,5620300,0.0,0.0
2023-01-12 00:00:00-05:00,38.75235709526726,38.93406722721831,38.04463722924864,38.18809509277344,4410100,0.0,0.0
2023-01-13 00:00:00-05:00,37.64295708991099,38.4558751689675,37.28909901825771,38.42718505859375,3383600,0.0,0.0
2023-01-17 00:00:00-05:00,38.37937316502338,38.43675339500024,37.72903713786073,38.28373336791992,2691600,0.0,0.0
2023-01-18 00:00:00-05:00,38.513267772671576,38.73323384808869,37.95856785774415,38.274173736572266,2757400,0.0,0.0
2023-01-19 00:00:00-05:00,37.70034576330501,38.12115360065245,37.327359651681924,37.73860168457031,3341700,0.0,0.0
2023-01-20 00:00:00-05:00,38.11158997635839,38.53239783777805,37.681223606503785,38.50370407104492,2907900,0.0,0.0
2023-01-23 00:00:00-05:00,38.98188796373274,39.80437198782446,38.81930577902335,39.24967575073242,2745200,0.0,0.0
2023-01-24 00:00:00-05:00,38.75797023397054,39.59676108137425,38.67119851335231,39.13397979736328,1903000,0.33,0.0
2023-01-25 00:00:00-05:00,38.565142874626666,39.31716198376712,38.35303341190146,39.066490173339844,2705600,0.0,0.0
2023-01-26 00:00:00-05:00,39.48106440788261,39.577475790639845,38.77725101575098,39.519630432128906,1645300,0.0,0.0
2023-01-27 00:00:00-05:00,39.24003082918837,39.69316872490316,38.85437795663356,38.86402130126953,2677300,0.0,0.0
2023-01-30 00:00:00-05:00,38.52657763119513,38.960436232914184,38.410883230022954,38.57478332519531,2444000,0.0,0.0
2023-01-31 00:00:00-05:00,38.51693843326196,39.16290283203125,38.0830798262519,39.16290283203125,2562500,0.0,0.0
2023-02-01 00:00:00-05:00,39.047208891547776,39.95348846524836,38.89294846032515,39.75102233886719,3476500,0.0,0.0
2023-02-02 00:00:00-05:00,40.0113342016671,41.53465905230746,40.00169453457504,40.89833068847656,4623200,0.0,0.0
2023-02-03 00:00:00-05:00,40.4548377689015,41.24542297739685,40.204165935076205,40.724796295166016,2936700,0.0,0.0
2023-02-06 00:00:00-05:00,40.666945490923105,40.666945490923105,38.86402600109772,39.49070739746094,4299200,0.0,0.0
2023-02-07 00:00:00-05:00,39.39429450473773,40.686226953560734,39.33644546570673,40.483760833740234,3268800,0.0,0.0
2023-02-08 00:00:00-05:00,40.184877612598626,40.724790915953186,40.07882288534519,40.33913803100586,2643200,0.0,0.0
2023-02-09 00:00:00-05:00,41.07187682440916,41.42860705390769,40.416269083209194,40.53196716308594,2878400,0.0,0.0
2023-02-10 00:00:00-05:00,40.37770435708783,41.69855942944561,40.22344393752676,41.18757247924805,3964200,0.0,0.0
2023-02-13 00:00:00-05:00,41.27434560396108,42.24811384608009,41.1104418337874,41.84318161010742,3705100,0.0,0.0
2023-02-14 00:00:00-05:00,41.69856732094238,42.22883738367154,41.39004642343235,41.48645782470703,2277200,0.0,0.0
2023-02-15 00:00:00-05:00,41.02366970203022,41.505733984493226,40.946541329322606,41.26470184326172,2139900,0.0,0.0
2023-02-16 00:00:00-05:00,40.94654034381773,42.151701020969334,40.821202603593576,41.18757247924805,2960900,0.0,0.0
2023-02-17 00:00:00-05:00,41.062239126585844,41.42860904138749,40.801923951163005,40.95618438720703,2728400,0.0,0.0
2023-02-21 00:00:00-05:00,40.406631189208085,40.91761819192222,40.19452171131517,40.38734817504883,3973200,0.0,0.0
2023-02-22 00:00:00-05:00,40.55124712783938,40.744069890753806,40.107745210704216,40.31021499633789,2240600,0.0,0.0
2023-02-23 00:00:00-05:00,40.686223551655154,40.90797266594483,39.95348382996387,40.52231979370117,3414200,0.0,0.0
2023-02-24 00:00:00-05:00,39.83779530400859,40.30057661211261,39.63532917131162,40.117393493652344,3712800,0.0,0.0
2023-02-27 00:00:00-05:00,40.61873645300476,40.67658181162232,39.403932432016916,39.52927017211914,5148200,0.0,0.0
2023-02-28 00:00:00-05:00,39.3942994331974,40.184884676234624,39.05685218008792,39.18218994140625,7672500,0.0,0.0
2023-03-01 00:00:00-05:00,39.3750137357947,39.4810684744665,38.536222850263364,38.98936080932617,7083400,0.0,0.0
2023-03-02 00:00:00-05:00,38.75797222818682,38.806177924819785,37.50460572643523,38.72904586791992,9033100,0.0,0.0
2023-03-03 00:00:00-05:00,37.6588613345173,39.51962967329902,37.42746887134107,38.362674713134766,7775700,0.0,0.0
2023-03-06 00:00:00-05:00,38.81581054710203,38.86401991284287,37.66849899291992,37.66849899291992,5330200,0.0,0.0
2023-03-07 00:00:00-05:00,37.716709592886644,38.11200216957858,36.62724692899103,36.63688659667969,4813000,0.0,0.0
2023-03-08 00:00:00-05:00,36.82971184482211,37.408187511520296,36.66580807661384,37.37926483154297,3009800,0.0,0.0
2023-03-09 00:00:00-05:00,37.19608800094532,37.523888236921444,36.36693670842894,36.44406509399414,2730900,0.0,0.0
2023-03-10 00:00:00-05:00,36.3187206933872,36.38621307548038,34.97858259807299,35.402801513671875,3661900,0.0,0.0
2023-03-13 00:00:00-04:00,34.87252961538968,35.49921467507327,34.670063492547435,35.258182525634766,5580600,0.0,0.0
2023-03-14 00:00:00-04:00,36.14518426810008,36.92612611129286,35.82702005208904,36.20302963256836,4433900,0.0,0.0
2023-03-15 00:00:00-04:00,35.59562700832814,36.76222543774183,35.52813829892306,36.16446304321289,5072600,0.0,0.0
2023-03-16 00:00:00-04:00,35.20997732758557,36.742941966735124,35.14248861902027,36.68509292602539,5951500,0.0,0.0
2023-03-17 00:00:00-04:00,36.50191035375412,36.820070887716234,35.55706474200709,35.88486862182617,13488400,0.0,0.0
2023-03-20 00:00:00-04:00,36.241593660486224,37.44675439184336,36.14518227312112,37.16715621948242,5994100,0.0,0.0
2023-03-21 00:00:00-04:00,37.60101522585443,37.9384587631481,37.350343409273236,37.745635986328125,3619400,0.0,0.0
2023-03-22 00:00:00-04:00,37.81312974743335,38.06380159751632,36.68509722741197,36.71402359008789,3286300,0.0,0.0
2023-03-23 00:00:00-04:00,36.94540889005345,37.225007076065296,36.03912929985442,36.46334457397461,3216000,0.0,0.0
2023-03-24 00:00:00-04:00,36.28016333506142,36.328369033591734,35.48957811001526,36.03913116455078,4260900,0.0,0.0
2023-03-27 00:00:00-04:00,36.434420402568456,36.79114695208414,36.28015997484339,36.62724685668945,3018900,0.0,0.0
2023-03-28 00:00:00-04:00,36.521192533670366,36.94540779521943,36.21267167475127,36.935768127441406,3981900,0.0,0.0
2023-03-29 00:00:00-04:00,37.50460714289262,37.832411041379586,37.25393162635955,37.716712951660156,3746600,0.0,0.0
2023-03-30 00:00:00-04:00,38.05415857097708,38.51693987650886,38.02523221085337,38.43016815185547,4139600,0.0,0.0
2023-03-31 00:00:00-04:00,38.50729348917786,38.9411520781783,38.50729348917786,38.767608642578125,3915700,0.0,0.0
2023-04-03 00:00:00-04:00,38.7001224278442,39.67389439891661,38.62299405031325,39.50035095214844,4756200,0.0,0.0
2023-04-04 00:00:00-04:00,39.76066470543724,39.86671576103083,39.037568262290186,39.403934478759766,3749300,0.0,0.0
2023-04-05 00:00:00-04:00,39.268959957330196,39.65461289322874,38.89295036765155,39.336448669433594,3046600,0.0,0.0
2023-04-06 00:00:00-04:00,39.13398265981366,39.326809128387175,38.786895751953125,38.786895751953125,2186500,0.0,0.0
2023-04-10 00:00:00-04:00,38.468728421136824,39.95348350824494,38.468728421136824,39.943843841552734,3470200,0.0,0.0
2023-04-11 00:00:00-04:00,39.934202691404906,40.44519332277101,39.91492335696108,40.10774612426758,2897800,0.0,0.0
2023-04-12 00:00:00-04:00,40.300576170212125,40.48376296452263,39.67389476475616,40.368064880371094,3519200,0.0,0.0
2023-04-13 00:00:00-04:00,40.45483557547897,41.23578107327155,40.26200911799031,41.120086669921875,4411800,0.0,0.0
2023-04-14 00:00:00-04:00,41.20686276221597,42.1613481273345,41.15865338433674,41.72748947143555,7116900,0.0,0.0
2023-04-17 00:00:00-04:00,41.216499655348656,42.42166046398459,41.17793362678617,42.35417175292969,6329400,0.0,0.0
2023-04-18 00:00:00-04:00,42.65305084076385,44.01247201832702,42.61448481411527,43.86785125732422,9277600,0.0,0.0
2023-04-19 00:00:00-04:00,42.874800821328996,43.68466900760026,42.24811574845691,42.25775909423828,7267000,0.0,0.0
2023-04-20 00:00:00-04:00,41.852822429459565,42.007082858531625,41.216497699805,41.38039779663086,4489200,0.0,0.0
2023-04-21 00:00:00-04:00,41.19721726752376,41.59250987165292,40.99475113128031,41.5635871887207,4904900,0.0,0.0
2023-04-24 00:00:00-04:00,41.5246875265163,41.69000651291925,41.20376896274856,41.5052375793457,2814400,0.37,0.0
2023-04-25 00:00:00-04:00,41.427433771899516,41.49550672554399,40.552208492314385,40.56193161010742,2396000,0.0,0.0
2023-04-26 00:00:00-04:00,40.600836747977304,41.02872447042869,40.32854489820807,40.52303695678711,2501400,0.0,0.0
2023-04-27 00:00:00-04:00,40.67863839980663,41.631663627288496,40.63973850243226,41.6219367980957,2988500,0.0,0.0
2023-04-28 00:00:00-04:00,41.71918161257894,42.438811080491625,41.64138182702192,42.29294204711914,3792400,0.0,0.0
2023-05-01 00:00:00-04:00,42.292942425240135,42.89587592990578,42.19569269242439,42.61385726928711,4516200,0.0,0.0
2023-05-02 00:00:00-04:00,43.77109956246788,44.393486699156846,42.67220544717949,43.52798080444336,6777900,0.0,0.0
2023-05-03 00:00:00-04:00,43.810004070356726,44.49073740649409,43.56688528671468,43.91697692871094,5124900,0.0,0.0
2023-05-04 00:00:00-04:00,43.79054959111047,43.907249266165444,42.87642439470027,42.96394729614258,3549600,0.0,0.0
2023-05-05 00:00:00-04:00,43.50853748605172,44.53935871499674,43.38211468468556,44.14064407348633,3699600,0.0,0.0
2023-05-08 00:00:00-04:00,44.26706221565572,44.91861868162274,43.926693741601774,44.753299713134766,3888000,0.0,0.0
2023-05-09 00:00:00-04:00,44.82137791533979,44.94780071820592,44.02394862285765,44.71440505981445,3220600,0.0,0.0
2023-05-10 00:00:00-04:00,45.1422877251408,45.27843734130437,44.19898949761414,44.56853103637695,3062200,0.0,0.0
2023-05-11 00:00:00-04:00,44.36430637228554,44.451829266552224,43.25568551803923,43.46963119506836,3737500,0.0,0.0
2023-05-12 00:00:00-04:00,43.4890846225298,43.56688069605477,42.97367033292328,43.52798080444336,2397200,0.0,0.0
2023-05-15 00:00:00-04:00,43.566883169173614,43.76137892857355,43.22651837249726,43.69330596923828,2996400,0.0,0.0
2023-05-16 00:00:00-04:00,43.605779204456304,44.86027284639679,43.45018335264415,44.130916595458984,3910100,0.0,0.0
2023-05-17 00:00:00-04:00,44.53935535378047,44.89917007391697,43.994771714589625,44.58797836303711,2404600,0.0,0.0
2023-05-18 00:00:00-04:00,44.510188580499744,46.007801219318,44.393492599852365,45.823028564453125,3923300,0.0,0.0
2023-05-19 00:00:00-04:00,46.0564195235255,46.863571895831335,46.0564195235255,46.43568420410156,5099700,0.0,0.0
2023-05-22 00:00:00-04:00,45.4632082124958,46.620452176959006,45.09366665782856,46.23146438598633,3805600,0.0,0.0
2023-05-23 00:00:00-04:00,46.03697071735971,46.28981260744011,45.064495631407624,45.07421875,4141100,0.0,0.0
2023-05-24 00:00:00-04:00,44.79220453629737,44.79220453629737,44.00449836813881,44.646331787109375,3230700,0.0,0.0
2023-05-25 00:00:00-04:00,45.51182891310965,46.98999134706985,45.27843699230934,46.75659942626953,4081700,0.0,0.0
2023-05-26 00:00:00-04:00,46.8246748263318,47.21366261789585,46.17311461817273,47.17476272583008,4296700,0.0,0.0
2023-05-30 00:00:00-04:00,47.44706440535995,47.74852933366704,45.87165195994891,46.01752471923828,5464400,0.0,0.0
2023-05-31 00:00:00-04:00,44.71440856579614,44.899177515473966,43.22652271969458,43.57661437988281,9937400,0.0,0.0
2023-06-01 00:00:00-04:00,43.771099030429646,46.192563463188,43.47935726628591,44.20871353149414,14458300,0.0,0.0
2023-06-02 00:00:00-04:00,44.24761738788547,46.52320928765036,44.121194585204606,45.96889877319336,7912500,0.0,0.0
2023-06-05 00:00:00-04:00,45.95916906864329,46.27036449646784,44.05311886769309,44.22816467285156,5765700,0.0,0.0
2023-06-06 00:00:00-04:00,44.1309194989684,45.784127851803326,43.91697379751389,45.560455322265625,5466200,0.0,0.0
2023-06-07 00:00:00-04:00,45.5701842584993,46.464859579247346,45.482661350191506,46.34816360473633,4096000,0.0,0.0
2023-06-08 00:00:00-04:00,46.669076660170276,46.776045793515124,45.90082052349893,46.57182693481445,3976100,0.0,0.0
2023-06-09 00:00:00-04:00,46.76632138371202,47.33035493640118,46.28008389946036,46.29953384399414,3293500,0.0,0.0
2023-06-12 00:00:00-04:00,46.40651476328335,46.795502592587454,46.309265023683636,46.74687957763672,3596800,0.0,0.0
2023-06-13 00:00:00-04:00,46.95109580650083,47.47623324149585,46.92192274112268,47.456783294677734,2805600,0.0,0.0
2023-06-14 00:00:00-04:00,47.29146806248153,48.322289357721274,47.29146806248153,48.02082443237305,4013600,0.0,0.0
2023-06-15 00:00:00-04:00,47.9916427220479,49.07109063208547,47.826323742520394,48.8182487487793,3216600,0.0,0.0
2023-06-16 00:00:00-04:00,48.818251707402915,48.91549773540704,48.16669144874113,48.30283737182617,9352100,0.0,0.0
2023-06-20 00:00:00-04:00,48.147236762872176,48.21531342741322,47.39843425959657,47.97219467163086,4212100,0.0,0.0
2023-06-21 00:00:00-04:00,48.50706019905996,49.19751664641973,48.049995703909985,48.682106018066406,5943300,0.0,0.0
2023-06-22 00:00:00-04:00,48.468159815789164,50.02411851384895,48.3903600260371,49.86852264404297,6326400,0.0,0.0
2023-06-23 00:00:00-04:00,49.19751862739828,50.23806675466948,49.11971883373022,49.469810485839844,18285400,0.0,0.0
2023-06-26 00:00:00-04:00,49.712925352939195,50.16026671182773,49.323937544394525,49.90742111206055,3404300,0.0,0.0
2023-06-27 00:00:00-04:00,49.90742142510088,50.150540198103,49.450356944753494,49.975494384765625,3496000,0.0,0.0
2023-06-28 00:00:00-04:00,49.62539859825092,50.49090076403624,49.50870263570737,50.34503173828125,2946800,0.0,0.0
2023-06-29 00:00:00-04:00,50.56870657908141,51.687054458459606,50.37421081183761,51.638427734375,4033400,0.0,0.0
2023-06-30 00:00:00-04:00,52.45530566056892,53.106865907879644,52.28025984545249,52.620628356933594,5019800,0.0,0.0
2023-07-03 00:00:00-04:00,52.51365453442532,53.2721839128192,52.26081264486004,53.10686492919922,1828600,0.0,0.0
2023-07-05 00:00:00-04:00,52.591449726045276,53.17493324156031,52.37750403916416,52.71786880493164,2639900,0.0,0.0
2023-07-06 00:00:00-04:00,52.17328381182574,52.83456709057739,51.87181523455149,52.31915283203125,3596100,0.0,0.0
2023-07-07 00:00:00-04:00,52.43585573024384,53.019343017385765,51.998244902010036,52.05659103393555,5404100,0.0,0.0
2023-07-10 00:00:00-04:00,51.80374822644138,53.36943370694364,51.755125214127865,53.35970687866211,3238500,0.0,0.0
2023-07-11 00:00:00-04:00,53.486131550111836,54.32246074608348,53.369435574536176,54.20576477050781,4597100,0.0,0.0
2023-07-12 00:00:00-04:00,53.972367809503154,54.15713674218852,52.659527914232314,52.67897415161133,5882000,0.0,0.0
2023-07-13 00:00:00-04:00,53.05824546131003,54.1279666412577,52.727603762284666,54.108516693115234,5375700,0.0,0.0
2023-07-14 00:00:00-04:00,54.05016897756152,54.555852775682595,53.33053575613076,53.894569396972656,4227900,0.0,0.0
2023-07-17 00:00:00-04:00,54.05016460406652,54.127960678367856,53.18465870071561,53.19438552856445,4146500,0.0,0.0
2023-07-18 00:00:00-04:00,53.46667158839374,53.534744537204496,51.65786761211356,52.34832763671875,5677900,0.0,0.0
2023-07-19 00:00:00-04:00,52.484478389158404,53.019338912016515,52.46502844345657,52.80539321899414,3292700,0.0,0.0
2023-07-20 00:00:00-04:00,52.36778691613835,52.73732852295059,51.7745801729719,52.12466812133789,3414800,0.0,0.0
2023-07-21 00:00:00-04:00,51.969066159791815,52.78594536312056,51.959343041404864,52.08576583862305,2875600,0.0,0.0
2023-07-24 00:00:00-04:00,52.65372584841492,53.104175271478816,52.467671626411175,52.61455535888672,2937600,0.37,0.0
2023-07-25 00:00:00-04:00,52.87894668046609,53.52524476825166,52.87894668046609,53.24126434326172,2395400,0.0,0.0
2023-07-26 00:00:00-04:00,53.11396209471775,53.41752400598406,52.64392375923537,52.800601959228516,1931200,0.0,0.0
2023-07-27 00:00:00-04:00,53.30002071467991,53.64275313827291,52.47745916255345,52.594966888427734,2957500,0.0,0.0
2023-07-28 00:00:00-04:00,53.01604272092187,53.29022867238768,51.43946602898661,51.51780700683594,4747700,0.0,0.0
2023-07-31 00:00:00-04:00,51.449256944027155,52.05638453815962,51.272993491617214,51.82136535644531,3865500,0.0,0.0
2023-08-01 00:00:00-04:00,51.68427232923135,52.56558959024075,51.68427232923135,52.26202392578125,3681300,0.0,0.0
2023-08-02 00:00:00-04:00,51.94866863680234,52.154308090340365,51.38071151719685,51.850746154785156,2788900,0.0,0.0
2023-08-03 00:00:00-04:00,51.410089771214395,52.83977899023592,50.96943111178902,52.39912033081055,2615500,0.0,0.0
2023-08-04 00:00:00-04:00,52.477459906478956,53.427323687478136,51.95846401896557,52.134727478027344,2533600,0.0,0.0
2023-08-07 00:00:00-04:00,52.418700701669735,53.50565738202731,52.418700701669735,53.437110900878906,2738300,0.0,0.0
2023-08-08 00:00:00-04:00,53.89735835948086,57.50096104683299,53.68192441263268,56.38462829589844,8258000,0.0,0.0
2023-08-09 00:00:00-04:00,56.276912870519624,56.66860655178697,55.376010306148224,55.39559555053711,2754100,0.0,0.0
2023-08-10 00:00:00-04:00,56.00272306909054,56.1887810226495,54.26946816703484,54.83742904663086,3189100,0.0,0.0
2023-08-11 00:00:00-04:00,54.90597333585684,56.38462747318886,54.59261690983348,55.65998840332031,3118100,0.0,0.0
2023-08-14 00:00:00-04:00,55.34662672143072,55.777490832420995,55.12140204508333,55.581642150878906,2253900,0.0,0.0
2023-08-15 00:00:00-04:00,55.38579931641352,55.513097789091645,54.53385807955076,54.573028564453125,2279300,0.0,0.0
2023-08-16 00:00:00-04:00,54.52407307458582,55.14099520257994,54.01486792367836,54.07362365722656,1834700,0.0,0.0
2023-08-17 00:00:00-04:00,54.15195636084988,54.67095595826531,53.495867534319466,53.721092224121094,3966900,0.0,0.0
2023-08-18 00:00:00-04:00,53.37836346241976,54.200925099439885,53.20210372316883,53.78964614868164,2324600,0.0,0.0
2023-08-21 00:00:00-04:00,53.936530609047395,55.27808810482626,53.936530609047395,54.886390686035156,4076000,0.0,0.0
2023-08-22 00:00:00-04:00,55.25850077824107,55.38580299487705,54.396768730672065,54.641578674316406,2188400,0.0,0.0
2023-08-23 00:00:00-04:00,55.05286678538333,55.73833170720835,54.553452358906625,55.650203704833984,2643700,0.0,0.0
2023-08-24 00:00:00-04:00,56.24753274634343,56.462966697624566,55.05286273092912,55.53268814086914,3925900,0.0,0.0
2023-08-25 00:00:00-04:00,55.601234315948844,55.699160536664934,54.465316304165746,55.043067932128906,2680900,0.0,0.0
2023-08-28 00:00:00-04:00,55.189956589586906,56.30628938138069,54.90597614662086,56.002723693847656,3252400,0.0,0.0
2023-08-29 00:00:00-04:00,55.99293262489548,56.09085511167707,55.150785790761496,55.327049255371094,4939400,0.0,0.0
2023-08-30 00:00:00-04:00,53.54482876863424,54.78846367477022,52.506833309405756,54.53385925292969,6340600,0.0,0.0
2023-08-31 00:00:00-04:00,54.82763877720218,55.620820635063666,54.406565358743414,55.07244873046875,7050300,0.0,0.0
2023-09-01 00:00:00-04:00,62.759471722158345,68.8209681393746,62.5342507643882,66.77436065673828,32041900,0.0,0.0
2023-09-05 00:00:00-04:00,66.63726838591589,68.38031395627966,66.13785401846124,66.68622589111328,9466400,0.0,0.0
2023-09-06 00:00:00-04:00,66.58831064616109,69.01682879226428,66.42184166258744,69.00703430175781,7585600,0.0,0.0
2023-09-07 00:00:00-04:00,68.02778373926732,69.15391089815103,67.14646650748851,67.54795837402344,7649300,0.0,0.0
2023-09-08 00:00:00-04:00,67.92986916108981,69.41831040371156,67.65567573520573,69.03640747070312,5549400,0.0,0.0
2023-09-11 00:00:00-04:00,69.64354636551823,71.30825125463375,69.09516692557976,70.66195678710938,7449200,0.0,0.0
2023-09-12 00:00:00-04:00,70.16252592730098,70.76964975923497,69.12452676608059,69.26162719726562,4782500,0.0,0.0
2023-09-13 00:00:00-04:00,69.44767824497448,69.72186416764289,68.31176406949015,68.98743438720703,2801500,0.0,0.0
2023-09-14 00:00:00-04:00,69.00702332253384,69.68270111083984,68.6642909194098,69.68270111083984,5116800,0.0,0.0
2023-09-15 00:00:00-04:00,69.42810097560289,69.6141514510514,67.22481149981792,67.85152435302734,6092400,0.0,0.0
2023-09-18 00:00:00-04:00,67.5773387922256,68.00819921184188,66.98000193331902,67.71443176269531,3527400,0.0,0.0
2023-09-19 00:00:00-04:00,68.36072470584152,68.94827453392782,67.84172883257085,68.44886016845703,3844000,0.0,0.0
2023-09-20 00:00:00-04:00,68.45866052827883,68.98744346529006,67.44025020220737,67.50879669189453,3089800,0.0,0.0
2023-09-21 00:00:00-04:00,66.84291681924383,67.76339723329981,66.62748284861134,67.01918029785156,3898800,0.0,0.0
2023-09-22 00:00:00-04:00,67.30316018897513,69.12453949107713,67.19544320457562,68.59575653076172,4494700,0.0,0.0
2023-09-25 00:00:00-04:00,68.73283855799649,69.5064388357987,67.95923828019427,68.57615661621094,3643700,0.0,0.0
2023-09-26 00:00:00-04:00,68.35094187543646,68.58595733846698,67.4990005493164,67.4990005493164,3214200,0.0,0.0
2023-09-27 00:00:00-04:00,68.35093664893341,68.5272001004799,65.83429082302345,66.53933715820312,5517400,0.0,0.0
2023-09-28 00:00:00-04:00,66.79393859870517,67.83193028311798,66.64705115047548,67.07791900634766,3375100,0.0,0.0
2023-09-29 00:00:00-04:00,67.66546471106975,68.15508458230904,67.12688733531033,67.46961975097656,6379700,0.0,0.0
2023-10-02 00:00:00-04:00,67.18564459749393,67.89069846272628,65.94200584326273,66.2945327758789,3902500,0.0,0.0
2023-10-03 00:00:00-04:00,67.31293767481806,67.50879010553561,65.43279916596747,65.84407806396484,4329700,0.0,0.0
2023-10-04 00:00:00-04:00,65.91262572350723,66.46100506829866,65.0802734233675,65.8049087524414,6075300,0.0,0.0
2023-10-05 00:00:00-04:00,64.91380994104728,65.66782133119571,62.98470625937272,64.81588745117188,7329800,0.0,0.0
2023-10-06 00:00:00-04:00,65.33488827665212,65.67762075245138,64.5221173547513,65.03132629394531,8053800,0.0,0.0
2023-10-09 00:00:00-04:00,64.86484390007959,66.05951768164532,64.62982843401966,65.78533172607422,6012500,0.0,0.0
2023-10-10 00:00:00-04:00,65.94199767650441,67.12688428555653,65.94199767650441,66.56871795654297,8039300,0.0,0.0
2023-10-11 00:00:00-04:00,66.82332795136055,68.88952471538408,66.6666534540025,68.87973022460938,5088600,0.0,0.0
2023-10-12 00:00:00-04:00,68.57615926588088,69.30079459712228,67.22481108529449,67.61650848388672,4301700,0.0,0.0
2023-10-13 00:00:00-04:00,67.97882005757106,69.173493719912,66.35328599561996,66.62747192382812,4633600,0.0,0.0
2023-10-16 00:00:00-04:00,66.47079837319313,67.1856467514176,65.86367444722893,66.3532943725586,5387500,0.0,0.0
2023-10-17 00:00:00-04:00,65.86366650235261,67.22480913289921,65.31528717184736,66.4903793334961,4220100,0.0,0.0
2023-10-18 00:00:00-04:00,65.85387733270251,66.91145812231396,65.48176889384229,65.50135040283203,3434600,0.0,0.0
2023-10-19 00:00:00-04:00,65.84408245587926,67.254190167077,65.40342753163338,65.63844299316406,4750700,0.0,0.0
2023-10-20 00:00:00-04:00,65.43279891671311,65.85387230239395,63.9933153081994,64.54169464111328,4616500,0.0,0.0
2023-10-23 00:00:00-04:00,64.45306161560426,65.26057106280983,63.70464335646585,64.54169464111328,2945000,0.37,0.0
2023-10-24 00:00:00-04:00,65.37874625801632,66.13702181773355,65.0143793969537,65.93021392822266,4078500,0.0,0.0
2023-10-25 00:00:00-04:00,65.81203996715928,66.51122426827729,65.07346404881427,65.32949829101562,4581200,0.0,0.0
2023-10-26 00:00:00-04:00,65.13255484510404,65.58554722300845,62.92667663129626,63.52738571166992,4406100,0.0,0.0
2023-10-27 00:00:00-04:00,64.00992295537488,65.15225749444524,64.00992295537488,64.9552993774414,5273200,0.0,0.0
2023-10-30 00:00:00-04:00,64.94545223919138,65.77266133794029,64.83712714872206,65.41814422607422,3741900,0.0,0.0
2023-10-31 00:00:00-04:00,65.02423033854248,65.94006488612126,64.72880444417801,65.89083099365234,3114100,0.0,0.0
2023-11-01 00:00:00-04:00,66.26504616799099,67.69295690378269,65.73327049387416,67.6240234375,3407600,0.0,0.0
2023-11-02 00:00:00-04:00,68.32320848011246,68.86483394361153,67.26950690736513,67.60433197021484,3747200,0.0,0.0
2023-11-03 00:00:00-04:00,67.93914171714133,68.99284316887214,67.5944744223104,68.45122528076172,3924400,0.0,0.0
2023-11-06 00:00:00-05:00,68.69741256617014,71.1987239977793,68.69741256617014,70.87374877929688,6350300,0.0,0.0
2023-11-07 00:00:00-05:00,70.50939154872252,71.20857596929777,70.0662489272767,70.51924133300781,5657300,0.0,0.0
2023-11-08 00:00:00-05:00,70.56848231797122,71.3956838765575,69.9480736358475,71.37599182128906,3526300,0.0,0.0
2023-11-09 00:00:00-05:00,71.52369974104302,72.15395068294997,70.5684810573162,71.13964080810547,3555700,0.0,0.0
2023-11-10 00:00:00-05:00,71.60247977269452,72.66603100686143,71.30705388310385,72.38044738769531,2560000,0.0,0.0
2023-11-13 00:00:00-05:00,71.74035456785141,72.92208079552299,71.24797051795102,72.6463394165039,3234700,0.0,0.0
2023-11-14 00:00:00-05:00,73.30612885867201,73.32582091194028,72.21303582929329,72.7645034790039,5171800,0.0,0.0
2023-11-15 00:00:00-05:00,71.90775522125547,72.9910060192545,71.40552895656519,71.8289794921875,5267000,0.0,0.0
2023-11-16 00:00:00-05:00,71.69110798748655,71.96684180453961,70.71618233167071,71.43506622314453,4044300,0.0,0.0
2023-11-17 00:00:00-05:00,71.69111012684677,72.88267845077445,71.50400181118447,72.47891998291016,4052500,0.0,0.0
2023-11-20 00:00:00-05:00,72.76450240463141,72.89251953194312,71.99638461439486,72.2425765991211,3241800,0.0,0.0
2023-11-21 00:00:00-05:00,72.70541944721076,72.92206959800882,71.79943473767632,72.49861907958984,3737300,0.0,0.0
2023-11-22 00:00:00-05:00,73.1190147231581,74.23179971722944,72.88267253683499,73.54246520996094,3521000,0.0,0.0
2023-11-24 00:00:00-05:00,73.49323108281703,73.90683934128577,73.04023871704973,73.2765884399414,1695900,0.0,0.0
2023-11-27 00:00:00-05:00,73.18796162545317,73.98562134663854,72.22288562471866,73.3258285522461,3686200,0.0,0.0
2023-11-28 00:00:00-05:00,72.87283242951338,73.76897492112337,72.72511572600601,72.90237426757812,3126700,0.0,0.0
2023-11-29 00:00:00-05:00,73.31597790355343,74.93099689538624,73.28643606432955,73.91668701171875,5427800,0.0,0.0
2023-11-30 00:00:00-05:00,73.9659220859699,74.82267291602378,73.50307994260227,74.71434783935547,10519900,0.0,0.0
2023-12-01 00:00:00-05:00,70.76543238203838,71.94715103188838,67.45661114663764,70.83436584472656,14355400,0.0,0.0
2023-12-04 00:00:00-05:00,69.79050771629628,69.97760851889078,67.62401370612287,68.26411437988281,7444100,0.0,0.0
2023-12-05 00:00:00-05:00,68.15579012370004,69.24888316859322,68.0573148295945,68.23457336425781,4977400,0.0,0.0
2023-12-06 00:00:00-05:00,68.4216802271576,68.7564977226325,66.48168617048476,66.599853515625,5260000,0.0,0.0
2023-12-07 00:00:00-05:00,66.54078212456795,67.76189249989237,66.54078212456795,67.54524230957031,5460600,0.0,0.0
2023-12-08 00:00:00-05:00,67.3876803759018,68.25427358619754,67.3876803759018,67.653564453125,3002200,0.0,0.0
2023-12-11 00:00:00-05:00,67.54524011614183,68.69742449878606,67.4467648091527,68.18534088134766,3945500,0.0,0.0
2023-12-12 00:00:00-05:00,68.04747663847668,69.2390451804654,67.88991764370348,68.92391967773438,3436300,0.0,0.0
2023-12-13 00:00:00-05:00,68.92391534619733,69.40645711160428,68.21488113131576,68.80574798583984,4234200,0.0,0.0
2023-12-14 00:00:00-05:00,69.9185255876493,71.3562859164612,69.81020051033207,71.32674407958984,7684300,0.0,0.0
2023-12-15 00:00:00-05:00,70.92298442122899,71.87821053440771,70.30258331775461,70.52908325195312,5538900,0.0,0.0
2023-12-18 00:00:00-05:00,70.52908970739668,72.55770946494076,69.96777222530032,72.25243377685547,4810300,0.0,0.0
2023-12-19 00:00:00-05:00,72.57740480387295,72.8826880189554,71.75020321943228,72.40999603271484,2684000,0.0,0.0
2023-12-20 00:00:00-05:00,72.41984510896258,73.14857138048805,71.20857707138185,71.31690216064453,4336900,0.0,0.0
2023-12-21 00:00:00-05:00,72.27212684832584,74.25151273963495,72.27212684832584,74.1727294921875,4381800,0.0,0.0
2023-12-22 00:00:00-05:00,74.52724374512798,74.99008591471838,73.90684259984639,74.5567855834961,4244000,0.0,0.0
2023-12-26 00:00:00-05:00,74.83251543202613,76.12256657299223,74.71434808486026,75.82713317871094,3001100,0.0,0.0
2023-12-27 00:00:00-05:00,75.84682593628722,76.27027646499033,75.74835064167372,76.08317565917969,2050300,0.0,0.0
2023-12-28 00:00:00-05:00,75.82714177987963,76.0044003339184,75.48247445624429,75.51201629638672,1546500,0.0,0.0
2023-12-29 00:00:00-05:00,75.64987275432613,75.75819782864339,75.03931392755456,75.33474731445312,2293400,0.0,0.0
2024-01-02 00:00:00-05:00,74.30074561184132,74.84237103910843,73.18796043140078,73.65080261230469,2955000,0.0,0.0
2024-01-03 00:00:00-05:00,73.69018402617627,75.64002026783255,73.42429248483406,75.43321990966797,4194300,0.0,0.0
2024-01-04 00:00:00-05:00,75.50216267621533,75.95515506614906,74.68480341227276,74.81282806396484,3029400,0.0,0.0
2024-01-05 00:00:00-05:00,74.29089801711541,75.28550825673561,74.18257293942476,74.68479919433594,2950700,0.0,0.0
2024-01-08 00:00:00-05:00,76.81190658529415,78.45646739748183,76.18165564513619,78.15119171142578,6552400,0.0,0.0
2024-01-09 00:00:00-05:00,77.96407484420054,78.23980866118006,75.88621392072655,75.93545532226562,4849100,0.0,0.0
2024-01-10 00:00:00-05:00,76.64449707264698,77.56033163503506,76.49678036648432,77.05809783935547,3054700,0.0,0.0
2024-01-11 00:00:00-05:00,77.57017290440484,78.58449026659646,76.35891245851167,78.49585723876953,4023900,0.0,0.0
2024-01-12 00:00:00-05:00,78.72235258872475,79.047320303285,77.98377662377128,78.10194396972656,4843200,0.0,0.0
2024-01-16 00:00:00-05:00,77.79667029491468,78.35798774208483,77.30428630570636,78.30874633789062,4348300,0.0,0.0
2024-01-17 00:00:00-05:00,77.30428275639028,77.59971614162424,75.72865556590303,76.47708129882812,4928300,0.0,0.0
2024-01-18 00:00:00-05:00,77.5110936367408,77.79667727769672,76.5164757855749,77.21566772460938,3076500,0.0,0.0
2024-01-19 00:00:00-05:00,77.91484614029379,83.46893700759715,77.91484614029379,81.9228515625,9445900,0.0,0.0
2024-01-22 00:00:00-05:00,82.83288913221274,82.88235052877577,80.12257213839877,80.26105499267578,4248200,0.37,0.0
2024-01-23 00:00:00-05:00,80.12256150696045,81.57663883067765,79.66754539660482,81.53707122802734,2673300,0.0,0.0
2024-01-24 00:00:00-05:00,82.59548313590267,84.00009912172465,82.10089940454995,82.80320739746094,3637800,0.0,0.0
2024-01-25 00:00:00-05:00,83.58464833351846,84.11879965451409,82.11079096711764,82.14046478271484,2723300,0.0,0.0
2024-01-26 00:00:00-05:00,81.61620290295195,83.46594107966311,81.23042822723421,83.30767822265625,2927500,0.0,0.0
2024-01-29 00:00:00-05:00,83.46594820149664,83.7528076727182,82.44710691732115,82.50646209716797,2710300,0.0,0.0
2024-01-30 00:00:00-05:00,84.79144099833371,85.5135290615536,83.40660496136843,83.88140869140625,3838900,0.0,0.0
2024-01-31 00:00:00-05:00,82.37786147022608,82.68450095524362,80.93367794368592,81.98219299316406,3587200,0.0,0.0
2024-02-01 00:00:00-05:00,82.69439891699979,85.04862232365008,82.10089994482074,84.85078430175781,2729300,0.0,0.0
2024-02-02 00:00:00-05:00,84.7024055203004,85.95865240046956,84.29685079253424,85.38493347167969,3683600,0.0,0.0
2024-02-05 00:00:00-05:00,85.59265691152329,85.92897776360861,83.84183387278799,84.78153991699219,2204200,0.0,0.0
2024-02-06 00:00:00-05:00,84.801334361086,85.0585124812646,81.27000663525688,81.78437042236328,5013800,0.0,0.0
2024-02-07 00:00:00-05:00,82.53613241314011,82.92190710541281,81.88327828975643,82.83287811279297,2964200,0.0,0.0
2024-02-08 00:00:00-05:00,82.70429692797336,84.21772202567321,82.60538168535068,83.88140869140625,2993800,0.0,0.0
2024-02-09 00:00:00-05:00,84.32652924669198,85.71136525393467,84.08913116014294,85.2662353515625,2315700,0.0,0.0
2024-02-12 00:00:00-05:00,85.5629835916937,85.9487582896967,84.90024321786788,85.68168640136719,2979100,0.0,0.0
2024-02-13 00:00:00-05:00,84.06934334884247,84.26718137603753,82.54602449981128,83.0702896118164,3144300,0.0,0.0
2024-02-14 00:00:00-05:00,84.13858373694454,85.29591542824298,83.8022704149725,85.10797119140625,2361300,0.0,0.0
2024-02-15 00:00:00-05:00,84.55403298002454,84.9793752654411,81.52717559322942,81.82392883300781,4418500,0.0,0.0
2024-02-16 00:00:00-05:00,82.39765206709086,84.39576700675849,81.8931745516641,83.29779052734375,4839800,0.0,0.0
2024-02-20 00:00:00-05:00,82.97136558446984,83.08017461111322,80.34018400947724,81.5667495727539,3111100,0.0,0.0
2024-02-21 00:00:00-05:00,80.40942369161841,80.92378745000975,79.61808670528687,80.50833892822266,3365300,0.0,0.0
2024-02-22 00:00:00-05:00,85.02883388449837,88.15460667790965,84.47490252232373,86.8390121459961,8284100,0.0,0.0
2024-02-23 00:00:00-05:00,88.09525747042619,91.67604663218181,87.04674230759,89.37128448486328,6997300,0.0,0.0
2024-02-26 00:00:00-05:00,91.61669134565942,93.96101335713874,90.80557434375437,91.76506042480469,8175400,0.0,0.0
2024-02-27 00:00:00-05:00,91.99257992199286,92.46738365506316,89.74717295844509,90.56817626953125,5888100,0.0,0.0
2024-02-28 00:00:00-05:00,91.10233157995187,93.34774618737721,90.28132068660253,92.23987579345703,5909800,0.0,0.0
2024-02-29 00:00:00-05:00,90.01424115978398,93.77308062251852,90.01424115978398,93.63459777832031,14317000,0.0,0.0
2024-03-01 00:00:00-05:00,123.31951454736843,129.64029448049686,115.18855621734426,123.2403793334961,61956200,0.0,0.0
2024-03-04 00:00:00-05:00,122.60729930116781,127.65205920570116,119.4914279500424,120.46080780029297,23836000,0.0,0.0
2024-03-05 00:00:00-05:00,119.4419745184054,120.20363016577927,112.65628492753288,116.47447204589844,15019200,0.0,0.0
2024-03-06 00:00:00-05:00,118.15605283091493,119.25402934083378,115.69302791122492,117.21634674072266,10569100,0.0,0.0
2024-03-07 00:00:00-05:00,118.70009552888357,120.69821048305027,118.01756756463286,119.1946792602539,9644300,0.0,0.0
2024-03-08 00:00:00-05:00,118.98695239447389,119.46174854001842,113.70479433473741,114.99071502685547,11006600,0.0,0.0
2024-03-11 00:00:00-04:00,114.22906900882654,115.56444365707235,112.39910305175898,114.60494995117188,5936800,0.0,0.0
2024-03-12 00:00:00-04:00,116.02934718776612,117.00862086945372,112.17159254747551,112.3199691772461,6570000,0.0,0.0
2024-03-13 00:00:00-04:00,112.27051218206232,113.09152302509808,108.14568548403807,108.80842590332031,7162000,0.0,0.0
2024-03-14 00:00:00-04:00,109.50083678092507,110.2031523313481,103.86258517579573,105.296875,8069800,0.0,0.0
2024-03-15 00:00:00-04:00,105.88047946686856,107.79946663901079,104.49564359666536,105.84091186523438,9153900,0.0,0.0
2024-03-18 00:00:00-04:00,105.83103072006729,106.70150296650405,103.52627613686361,105.47492980957031,7403800,0.0,0.0
2024-03-19 00:00:00-04:00,105.86069430356814,107.70054631434311,103.91204081925673,106.35527801513672,7971700,0.0,0.0
2024-03-20 00:00:00-04:00,106.74106368515197,110.12401456983142,104.91109785611161,109.86682891845703,9600200,0.0,0.0
2024-03-21 00:00:00-04:00,111.95397237108763,114.51591244593816,111.03404634007497,112.80465698242188,11678000,0.0,0.0
2024-03-22 00:00:00-04:00,111.68690260317707,112.56726104728817,110.57903232051251,111.02415466308594,4707900,0.0,0.0
2024-03-25 00:00:00-04:00,110.06466163018105,113.56631539752955,109.1150617597262,111.77592468261719,6152300,0.0,0.0
2024-03-26 00:00:00-04:00,112.12213736625775,115.58422370119048,112.02322212318094,113.4080581665039,7389200,0.0,0.0
2024-03-27 00:00:00-04:00,112.77498447113959,113.98176998242451,109.72834687654303,110.47022247314453,4376000,0.0,0.0
2024-03-28 00:00:00-04:00,111.03404925683105,113.21021468681771,110.67794836148794,112.8739013671875,4153400,0.0,0.0
2024-04-01 00:00:00-04:00,113.0123821426253,118.41323556085557,113.0123821426253,118.343994140625,8064100,0.0,0.0
2024-04-02 00:00:00-04:00,116.11836125565253,117.50319713422573,114.06089123872938,117.15699005126953,5503100,0.0,0.0
2024-04-03 00:00:00-04:00,116.51403863829958,128.35436706140666,116.38544958243841,127.1871566772461,19390800,0.0,0.0
2024-04-04 00:00:00-04:00,128.44340228243635,134.68504661608037,125.30773566052468,125.78253936767578,19494800,0.0,0.0
2024-04-05 00:00:00-04:00,126.61343136729649,131.48013332425728,122.17207170820515,131.2823028564453,10793300,0.0,0.0
2024-04-08 00:00:00-04:00,131.509810782674,131.99450827171242,124.19986385732666,125.77264404296875,11952300,0.0,0.0
2024-04-09 00:00:00-04:00,125.06044336046226,125.37697664855315,119.14521857749948,122.38969421386719,9993300,0.0,0.0
2024-04-10 00:00:00-04:00,119.87720686003264,124.70434134670136,119.78817786434728,122.0335922241211,5945000,0.0,0.0
2024-04-11 00:00:00-04:00,122.27099252158848,124.41748413696635,121.80608259959212,122.69633483886719,5058300,0.0,0.0
2024-04-12 00:00:00-04:00,120.17395006286536,121.0246346642291,116.33598311599658,116.48435974121094,7489800,0.0,0.0
2024-04-15 00:00:00-04:00,117.71093284941087,121.17301910968766,115.99966974876158,116.53382110595703,6764100,0.0,0.0
2024-04-16 00:00:00-04:00,115.39627623227065,120.42124105098434,114.4268888284025,119.76839447021484,7596700,0.0,0.0
2024-04-17 00:00:00-04:00,121.2917212420541,122.33034258622357,117.02840419668033,118.32421875,5346000,0.0,0.0
2024-04-18 00:00:00-04:00,118.3143265251245,118.35389413115121,114.25874124175067,117.08776092529297,5053700,0.0,0.0
2024-04-19 00:00:00-04:00,115.0995288219718,117.88898081964992,113.06184622378643,113.62567138671875,9353800,0.0,0.0
2024-04-22 00:00:00-04:00,114.19665097712576,117.51331529071683,113.45189020988363,114.73287963867188,5410000,0.445,0.0
2024-04-23 00:00:00-04:00,115.5670118454884,120.2341840186828,114.8917617580351,119.78732299804688,5086900,0.0,0.0
2024-04-24 00:00:00-04:00,125.1297395317589,125.1297395317589,118.4765388853935,119.36032104492188,5815900,0.0,0.0
2024-04-25 00:00:00-04:00,117.5033861451385,124.40483262937674,116.18267528305903,124.03742218017578,6823000,0.0,0.0
2024-04-26 00:00:00-04:00,124.7424716949272,125.66597539026381,122.18049272385163,124.1863784790039,5512200,0.0,0.0
2024-04-29 00:00:00-04:00,124.32539410733679,126.8377267872224,122.40887610081117,126.80792999267578,4406300,0.0,0.0
2024-04-30 00:00:00-04:00,125.36806373323465,126.10289224291795,122.97489547415617,123.7693099975586,5054500,0.0,0.0
2024-05-01 00:00:00-04:00,122.05140302152542,123.29267101624714,116.60968079918197,117.95024871826172,7199800,0.0,0.0
2024-05-02 00:00:00-04:00,120.79027046217698,123.04441738257057,117.53318445712233,122.52804565429688,4856900,0.0,0.0
2024-05-03 00:00:00-04:00,124.61337210806107,126.69870078553939,123.83882210580613,124.2260971069336,3942800,0.0,0.0
2024-05-06 00:00:00-04:00,124.12679035334956,128.48612262447136,123.38202961122946,128.42654418945312,5025200,0.0,0.0
2024-05-07 00:00:00-04:00,127.32430677818232,128.79396383830996,125.36806721032855,126.65898895263672,3247100,0.0,0.0
2024-05-08 00:00:00-04:00,126.2717169257257,130.95874618701296,125.1198165652641,130.6906280517578,4921500,0.0,0.0
2024-05-09 00:00:00-04:00,130.25368473573903,131.49495261858195,128.36696361469618,130.76011657714844,6675400,0.0,0.0
2024-05-10 00:00:00-04:00,132.99439912076568,133.65973204167528,130.50193866016392,131.84251403808594,4536900,0.0,0.0
2024-05-13 00:00:00-04:00,132.36881417376998,133.95762802190703,129.7671063069192,130.0948028564453,4105800,0.0,0.0
2024-05-14 00:00:00-04:00,128.5854289806313,133.74910038323227,127.70164684721802,133.18307495117188,4175800,0.0,0.0
2024-05-15 00:00:00-04:00,138.9227039904238,149.2301979766001,137.69137587179245,148.11802673339844,16982500,0.0,0.0
2024-05-16 00:00:00-04:00,149.4486570440691,149.78627828059837,142.497556716438,145.2779998779297,9411500,0.0,0.0
2024-05-17 00:00:00-04:00,147.59172747939886,149.23019509369115,144.8609380207807,148.4755096435547,9893500,0.0,0.0
2024-05-20 00:00:00-04:00,149.84587027358313,153.5100959164514,144.00695577358752,144.43394470214844,10586900,0.0,0.0
2024-05-21 00:00:00-04:00,144.03673714915882,148.8528477439889,142.9940690320276,146.21144104003906,6665700,0.0,0.0
2024-05-22 00:00:00-04:00,146.87676212473215,147.94921948465804,144.85100428302866,146.74766540527344,4708400,0.0,0.0
2024-05-23 00:00:00-04:00,157.87935892610804,161.57337356625595,149.08125106952724,152.49722290039062,16843100,0.0,0.0
2024-05-24 00:00:00-04:00,154.93010687602808,165.60501139666127,153.52995297214335,159.06103515625,17491600,0.0,0.0
2024-05-28 00:00:00-04:00,167.25340502781884,168.50461284610066,159.8852401342587,164.91983032226562,18692600,0.0,0.0
2024-05-29 00:00:00-04:00,164.40345917583994,178.44468197532532,163.1522665053818,177.95811462402344,23215900,0.0,0.0
2024-05-30 00:00:00-04:00,177.55097425614528,177.5906881643969,163.9566049633379,168.73300170898438,44466000,0.0,0.0
2024-05-31 00:00:00-04:00,142.7954693900351,143.78848375971242,130.09480711663224,138.5850830078125,67192800,0.0,0.0
2024-06-03 00:00:00-04:00,139.5681676406808,139.75684278844696,127.7016493826648,131.10768127441406,41199200,0.0,0.0
2024-06-04 00:00:00-04:00,131.2765013894506,138.00913784722076,130.95874465880226,134.81163024902344,21568400,0.0,0.0
2024-06-05 00:00:00-04:00,135.0003029877483,138.42619959513712,132.02125982441942,136.6983642578125,19148600,0.0,0.0
2024-06-06 00:00:00-04:00,135.29819648776774,135.7450498860956,131.22683185367964,133.02420043945312,13929100,0.0,0.0
2024-06-07 00:00:00-04:00,130.58138345570185,133.1234976978645,126.69869381680373,129.06207275390625,19597600,0.0,0.0
2024-06-10 00:00:00-04:00,128.0988532233487,134.51373269514343,127.50303854282652,131.52474975585938,14011900,0.0,0.0
2024-06-11 00:00:00-04:00,130.58139180001203,133.90799605503565,129.11173475088563,130.7204132080078,9176400,0.0,0.0
2024-06-12 00:00:00-04:00,131.90210008759902,132.0113322739747,129.19117511034446,130.88922119140625,11427900,0.0,0.0
2024-06-13 00:00:00-04:00,131.06796531339532,135.2386224193766,130.87929016858683,134.07679748535156,16066800,0.0,0.0
2024-06-14 00:00:00-04:00,132.4383250746333,134.58323980536778,130.3728533137998,134.03707885742188,12995300,0.0,0.0
2024-06-17 00:00:00-04:00,136.17206229708265,143.72890208629727,136.07275480147177,141.03782653808594,26911400,0.0,0.0
2024-06-18 00:00:00-04:00,142.57701087450627,153.06324062478848,142.2989680517486,148.10809326171875,33500100,0.0,0.0
2024-06-20 00:00:00-04:00,155.5358452990201,160.39168495215492,144.0069478811581,147.4824981689453,39976400,0.0,0.0
2024-06-21 00:00:00-04:00,144.76163293200037,146.16178682331758,139.65753970147782,144.04666137695312,16788900,0.0,0.0
2024-06-24 00:00:00-04:00,142.30889292626557,142.55714652920784,136.59906005859375,136.59906005859375,14015000,0.0,0.0
2024-06-25 00:00:00-04:00,138.34676431900496,140.75978187814758,136.6487031404927,139.36956787109375,8466400,0.0,0.0
2024-06-26 00:00:00-04:00,137.55235005285564,140.32285338307793,134.14630300154258,137.27430725097656,12714100,0.0,0.0
2024-06-27 00:00:00-04:00,136.86717966770564,140.8392373575973,136.6387905931522,138.45599365234375,9483000,0.0,0.0
2024-06-28 00:00:00-04:00,138.55530329641948,140.77966109192062,135.25850324201016,136.94662475585938,20573600,0.0,0.0
2024-07-01 00:00:00-04:00,136.51960345631028,143.67924331726292,132.69650744404288,141.8223114013672,11565700,0.0,0.0
2024-07-02 00:00:00-04:00,139.24047672228215,142.53727656453157,138.94256937966884,142.4677734375,7748200,0.0,0.0
2024-07-03 00:00:00-04:00,146.6582913683014,148.42585569421377,139.60788344201524,141.67335510253906,13173300,0.0,0.0
2024-07-05 00:00:00-04:00,141.2066453035734,141.7627309457974,137.3438198757702,137.98928833007812,8901200,0.0,0.0
2024-07-08 00:00:00-04:00,139.02200539603126,146.09226253604098,138.22759090618615,144.95030212402344,12355600,0.0,0.0
2024-07-09 00:00:00-04:00,145.03966526406995,149.1805330491251,142.825247632488,144.72190856933594,11396900,0.0,0.0
2024-07-10 00:00:00-04:00,145.26805023406908,146.201486067997,140.8392150951367,144.75169372558594,7387300,0.0,0.0
2024-07-11 00:00:00-04:00,144.5431544143556,145.42693650671825,138.44604741540314,139.73696899414062,8248900,0.0,0.0
2024-07-12 00:00:00-04:00,138.62480569703774,140.55124075783303,136.53946955567267,138.5950164794922,7376400,0.0,0.0
2024-07-15 00:00:00-04:00,139.76676823810027,140.10438947689076,135.56632182602846,136.2614288330078,8064600,0.0,0.0
2024-07-16 00:00:00-04:00,136.67850668741127,136.76787435033464,131.4651808861117,133.32211303710938,10254500,0.0,0.0
2024-07-17 00:00:00-04:00,127.24486245063636,128.86348074387243,123.79910132893326,124.29560852050781,18887600,0.0,0.0
2024-07-18 00:00:00-04:00,125.74540594009373,126.0532455440788,121.17754138984354,124.46441650390625,9659400,0.0,0.0
2024-07-19 00:00:00-04:00,124.5339350400283,126.98667415546656,123.40189169492817,124.9112777709961,6932800,0.0,0.0
2024-07-22 00:00:00-04:00,127.27464989046823,128.96277128777984,126.1922678644963,127.8406753540039,6255200,0.0,0.0
2024-07-23 00:00:00-04:00,126.50043045537144,127.69617786889567,124.90609803654692,125.40432739257812,5944600,0.445,0.0
2024-07-24 00:00:00-04:00,123.09254096260028,123.09254096260028,115.47959716661805,115.70878601074219,15611400,0.0,0.0
2024-07-25 00:00:00-04:00,115.58920869629101,115.58920869629101,109.93928971648232,111.03539276123047,17363700,0.0,0.0
2024-07-26 00:00:00-04:00,113.84541113676637,114.31374796132418,111.15497557754846,113.15785217285156,8419900,0.0,0.0
2024-07-29 00:00:00-04:00,113.95501892902895,115.09098125268349,110.5570910714756,110.80620574951172,7552200,0.0,0.0
2024-07-30 00:00:00-04:00,111.91227409046662,112.84894770060967,105.39543328447736,108.22537994384766,11938400,0.0,0.0
2024-07-31 00:00:00-04:00,114.35360491626692,116.1870853132152,111.8026654216572,113.27742767333984,11327300,0.0,0.0
2024-08-01 00:00:00-04:00,112.53008479737008,114.80200948769897,107.14920612942562,108.0460205078125,8570000,0.0,0.0
2024-08-02 00:00:00-04:00,101.33985028582401,103.43241971075622,99.57612167031533,101.92776489257812,11832700,0.0,0.0
2024-08-05 00:00:00-04:00,90.15958474010893,99.5362569686542,89.81081812009693,97.83231353759766,13137800,0.0,0.0
2024-08-06 00:00:00-04:00,98.31062317017255,98.91845600882415,93.00945536254666,94.33474731445312,15500600,0.0,0.0
2024-08-07 00:00:00-04:00,90.04997926533444,92.70055556622874,86.62215875956325,87.5787582397461,21545500,0.0,0.0
2024-08-08 00:00:00-04:00,89.4520983137594,91.37526399828772,88.13677307268767,91.13611602783203,10242800,0.0,0.0
2024-08-09 00:00:00-04:00,89.16313149067682,93.09914047671805,88.25635038721624,92.22225952148438,8405000,0.0,0.0
2024-08-12 00:00:00-04:00,91.87348927668044,97.55330843908793,91.51476353579676,94.9326171875,9875300,0.0,0.0
2024-08-13 00:00:00-04:00,96.7561358669465,101.13058884403735,96.22801398533151,99.5860824584961,14928400,0.0,0.0
2024-08-14 00:00:00-04:00,100.70211239248378,104.00039581335207,99.95476837784958,102.58541870117188,12141000,0.0,0.0
2024-08-15 00:00:00-04:00,106.68086342772361,110.56705378488755,105.03671269410259,109.81970977783203,17713200,0.0,0.0
2024-08-16 00:00:00-04:00,108.51435840229188,111.76281602622574,107.67732910671683,110.9058609008789,11632600,0.0,0.0
2024-08-19 00:00:00-04:00,110.60691699018449,111.66316079174464,107.9961924288759,111.47383880615234,8374900,0.0,0.0
2024-08-20 00:00:00-04:00,111.35425769973787,112.0816758825536,109.17201075366711,110.31793975830078,6189000,0.0,0.0
2024-08-21 00:00:00-04:00,110.45744734038158,111.50373203495337,108.47449662075563,111.30443572998047,6714400,0.0,0.0
2024-08-22 00:00:00-04:00,112.15142762276378,113.61621549829816,108.28516307374723,108.59407043457031,7018300,0.0,0.0
2024-08-23 00:00:00-04:00,109.95921717668348,112.2610419674182,109.68020995414028,111.61334228515625,6023400,0.0,0.0
2024-08-26 00:00:00-04:00,111.61334368123056,113.74576474005667,109.95921855206778,111.27454376220703,7307800,0.0,0.0
2024-08-27 00:00:00-04:00,109.93929416719831,111.97207090091888,109.32148701402407,111.46387481689453,6271600,0.0,0.0
2024-08-28 00:00:00-04:00,109.90939973883705,111.67312832629591,107.82679706303922,111.16493225097656,9528000,0.0,0.0
2024-08-29 00:00:00-04:00,107.89654429374444,114.0347333911892,107.71718142784829,110.34783172607422,23836600,0.0,0.0
2024-08-30 00:00:00-04:00,114.95147362080846,117.30311670741206,110.2581541630396,115.1308364868164,33433600,0.0,0.0
2024-09-03 00:00:00-04:00,114.47317735426039,116.27677284390556,108.73358048357036,110.37773132324219,14159000,0.0,0.0
2024-09-04 00:00:00-04:00,108.61399725996577,110.1585112711269,106.9299796403306,108.67378234863281,8113600,0.0,0.0
2024-09-05 00:00:00-04:00,106.62108053752628,107.91647988407301,104.75770003800555,106.780517578125,9362400,0.0,0.0
2024-09-06 00:00:00-04:00,106.1427762468326,107.82679386463133,101.05087933832934,101.63878631591797,11962600,0.0,0.0
2024-09-09 00:00:00-04:00,106.96984348659781,107.26878414750308,104.72781133693861,105.5150146484375,18742700,0.0,0.0
2024-09-10 00:00:00-04:00,105.77409696431597,107.14920729116731,105.04667873774397,106.26235961914062,9367400,0.0,0.0
2024-09-11 00:00:00-04:00,106.77055260186484,108.51435534934437,105.17622018178746,108.41471099853516,9715100,0.0,0.0
2024-09-12 00:00:00-04:00,108.31505865578177,112.82902299473304,108.21541430533094,111.75284576416016,9908500,0.0,0.0
2024-09-13 00:00:00-04:00,111.78273796039586,114.24399218097528,111.00550138597637,113.89523315429688,7353300,0.0,0.0
2024-09-16 00:00:00-04:00,111.98202354171431,115.38991799964771,111.83256082185547,114.9913330078125,8618900,0.0,0.0
2024-09-17 00:00:00-04:00,117.29315102819797,117.89102471938091,114.6326081608892,116.40630340576172,9412700,0.0,0.0
2024-09-18 00:00:00-04:00,117.16361986256692,119.19639659384782,115.5294281456821,115.5792465209961,10783600,0.0,0.0
2024-09-19 00:00:00-04:00,119.6447938036308,119.6447938036308,116.94439168408506,117.35293579101562,10630500,0.0,0.0
2024-09-20 00:00:00-04:00,116.08744172441199,118.62841451984552,114.67247215629,117.08390045166016,75332800,0.0,0.0
2024-09-23 00:00:00-04:00,117.13372254762592,117.68177026802623,116.16715639784309,117.15364837646484,8067800,0.0,0.0
2024-09-24 00:00:00-04:00,117.75152449986545,118.02057261018444,115.58921091338377,116.89456939697266,6851800,0.0,0.0
2024-09-25 00:00:00-04:00,116.85470646876718,119.81418997513653,116.65541777301814,119.74443817138672,8535000,0.0,0.0
2024-09-26 00:00:00-04:00,121.94661492129963,126.55025692585156,120.96012292117302,126.04206085205078,13420500,0.0,0.0
2024-09-27 00:00:00-04:00,123.56087840463789,123.96943011947138,119.64479542207326,119.79426574707031,13545000,0.0,0.0
2024-09-30 00:00:00-04:00,118.5785864638426,119.53518591294639,116.53584306784256,118.1202163696289,8638100,0.0,0.0
2024-10-01 00:00:00-04:00,116.97428574207109,117.36290402541007,112.51015504029836,112.75926971435547,9641900,0.0,0.0
2024-10-02 00:00:00-04:00,112.56994201023404,116.1472251403261,111.72295362476288,113.0582046508789,6047100,0.0,0.0
2024-10-03 00:00:00-04:00,113.6162176014847,116.33655319687267,113.21764020348232,115.2603759765625,6872500,0.0,0.0
2024-10-04 00:00:00-04:00,117.08389562263324,120.41206398523377,116.64545136796674,119.9935531616211,8175800,0.0,0.0
2024-10-07 00:00:00-04:00,119.2561808992814,120.42203578674614,117.76149280692863,118.66826629638672,5208100,0.0,0.0
2024-10-08 00:00:00-04:00,118.9771678495977,121.50817380774528,118.2796422125405,121.49820709228516,5681500,0.0,0.0
2024-10-09 00:00:00-04:00,121.199268776304,122.6939568242341,120.07327318371887,121.90675354003906,6023500,0.0,0.0
2024-10-10 00:00:00-04:00,121.02987150932493,124.41783257395859,120.77079012140035,124.35804748535156,5947200,0.0,0.0
2024-10-11 00:00:00-04:00,123.56087755535881,127.84565296314845,123.06264821037752,127.27767181396484,7811900,0.0,0.0
2024-10-14 00:00:00-04:00,128.54317702120395,129.7987095556067,126.94884456312175,127.8954849243164,5933000,0.0,0.0
2024-10-15 00:00:00-04:00,128.383734612245,130.6656335384138,125.21500326048604,125.3843994140625,6016600,0.0,0.0
2024-10-16 00:00:00-04:00,126.44064128858099,127.05844840699531,124.35804629666049,126.28121185302734,3833100,0.0,0.0
2024-10-17 00:00:00-04:00,128.64283085977618,131.1339777377366,127.54672015157206,128.7225341796875,5603600,0.0,0.0
2024-10-18 00:00:00-04:00,128.74246364982807,129.12112282914558,124.75662876776062,126.01216888427734,5491700,0.0,0.0
2024-10-21 00:00:00-04:00,126.0520256266534,126.53032914798995,124.7267337302771,125.21500396728516,4405000,0.0,0.0
2024-10-22 00:00:00-04:00,124.0999984741211,124.30000305175781,119.3499984741211,120.4000015258789,7093000,0.445,0.0
2024-10-23 00:00:00-04:00,118.97000122070312,121.55999755859375,117.81999969482422,119.48999786376953,4558900,0.0,0.0
2024-10-24 00:00:00-04:00,120.61000061035156,121.38999938964844,119.36000061035156,120.56999969482422,3638100,0.0,0.0
2024-10-25 00:00:00-04:00,121.9000015258789,124.79000091552734,121.75,122.55000305175781,4040200,0.0,0.0
2024-10-28 00:00:00-04:00,123.0,123.61000061035156,120.55000305175781,120.66000366210938,3582900,0.0,0.0
2024-10-29 00:00:00-04:00,120.68000030517578,122.54000091552734,120.0999984741211,121.62999725341797,3909800,0.0,0.0
2024-10-30 00:00:00-04:00,130.99000549316406,133.97000122070312,125.44000244140625,129.39999389648438,17073700,0.0,0.0
2024-10-31 00:00:00-04:00,127.0,127.58999633789062,122.58999633789062,123.62999725341797,7312400,0.0,0.0
2024-11-01 00:00:00-04:00,124.62999725341797,132.6199951171875,124.30000305175781,130.8699951171875,13048400,0.0,0.0
2024-11-04 00:00:00-05:00,132.82000732421875,135.7100067138672,129.6999969482422,129.85000610351562,10608800,0.0,0.0
2024-11-05 00:00:00-05:00,131.0,134.27999877929688,129.75,133.4600067138672,6998600,0.0,0.0
2024-11-06 00:00:00-05:00,137.38999938964844,139.60000610351562,134.32000732421875,138.35000610351562,8857900,0.0,0.0
2024-11-07 00:00:00-05:00,138.9499969482422,139.4199981689453,136.02000427246094,137.8699951171875,6297500,0.0,0.0
2024-11-08 00:00:00-05:00,138.22000122070312,139.14999389648438,134.0800018310547,134.22999572753906,6325400,0.0,0.0
2024-11-11 00:00:00-05:00,138.47000122070312,140.75,135.0,138.50999450683594,7210900,0.0,0.0
2024-11-12 00:00:00-05:00,138.75,141.3300018310547,135.94000244140625,136.47000122070312,6667800,0.0,0.0
2024-11-13 00:00:00-05:00,137.75999450683594,139.0399932861328,134.47000122070312,134.52999877929688,4701400,0.0,0.0
2024-11-14 00:00:00-05:00,135.8800048828125,136.91000366210938,133.3300018310547,134.42999267578125,3510700,0.0,0.0
2024-11-15 00:00:00-05:00,133.2899932861328,133.8699951171875,130.75,131.63999938964844,5010100,0.0,0.0
2024-11-18 00:00:00-05:00,136.16000366210938,138.0,134.47000122070312,136.00999450683594,6621000,0.0,0.0
2024-11-19 00:00:00-05:00,133.85000610351562,136.24000549316406,132.24000549316406,135.89999389648438,5767500,0.0,0.0
2024-11-20 00:00:00-05:00,137.52000427246094,138.1699981689453,132.5399932861328,133.9600067138672,4814200,0.0,0.0
2024-11-21 00:00:00-05:00,136.13999938964844,140.13999938964844,134.4499969482422,138.9199981689453,6619700,0.0,0.0
2024-11-22 00:00:00-05:00,142.5,144.5,140.5,144.2100067138672,7688600,0.0,0.0
2024-11-25 00:00:00-05:00,147.39999389648438,147.66000366210938,142.6300048828125,144.16000366210938,12208200,0.0,0.0
2024-11-26 00:00:00-05:00,144.0,144.42999267578125,141.2100067138672,141.74000549316406,12796200,0.0,0.0
2024-11-27 00:00:00-05:00,124.91999816894531,127.16000366210938,121.30000305175781,124.37999725341797,38089700,0.0,0.0
2024-11-29 00:00:00-05:00,125.30000305175781,128.47000122070312,124.98999786376953,127.58999633789062,9534500,0.0,0.0
2024-12-02 00:00:00-05:00,126.19000244140625,129.64999389648438,123.27999877929688,125.83999633789062,13328000,0.0,0.0
2024-12-03 00:00:00-05:00,125.16000366210938,126.0199966430664,124.18000030517578,125.55999755859375,6989900,0.0,0.0
2024-12-04 00:00:00-05:00,125.25,127.33000183105469,123.91999816894531,126.0999984741211,6264500,0.0,0.0
2024-12-05 00:00:00-05:00,126.55999755859375,128.6699981689453,125.04000091552734,125.06999969482422,7586642,0.0,0.0
