Date,Open,High,Low,Close,Volume,Dividends,Stock Splits
2022-01-03 00:00:00-05:00,99.13431438743079,99.66511090674801,97.7156270682009,98.1595687866211,486500,0.0,0.0
2022-01-04 00:00:00-05:00,98.7579266735173,101.10310196581703,98.29467898976027,100.60124969482422,498600,0.0,0.0
2022-01-05 00:00:00-05:00,100.90043137655304,101.3443730762308,98.58420773047926,98.65176391601562,326400,0.0,0.0
2022-01-06 00:00:00-05:00,98.83512787093069,99.7616158005951,98.31397702991856,98.60350036621094,241100,0.0,0.0
2022-01-07 00:00:00-05:00,98.38153612317623,98.73861565147921,96.75052737042452,97.05935668945312,308500,0.0,0.0
2022-01-10 00:00:00-05:00,95.87229059082969,95.87229059082969,94.28953939443986,95.48625946044922,318000,0.0,0.0
2022-01-11 00:00:00-05:00,95.74682532742536,96.07496060377552,93.64292339859178,96.0653076171875,214300,0.0,0.0
2022-01-12 00:00:00-05:00,96.43206379022057,97.42610812377896,95.71789723186059,96.9628677368164,314900,0.0,0.0
2022-01-13 00:00:00-05:00,97.29098060324243,98.28502478224055,96.76018410225137,97.07865905761719,274000,0.0,0.0
2022-01-14 00:00:00-05:00,95.82404030565675,96.2197244229069,94.69488378773163,96.07496643066406,356900,0.0,0.0
2022-01-18 00:00:00-05:00,94.76243722309096,95.13882271814843,93.44025781540722,94.55976867675781,315700,0.0,0.0
2022-01-19 00:00:00-05:00,94.57906019172158,95.0519534310203,93.3340900464457,93.57536315917969,262600,0.0,0.0
2022-01-20 00:00:00-05:00,93.89385868147944,94.46325977358748,92.03122969387435,92.29180145263672,380200,0.0,0.0
2022-01-21 00:00:00-05:00,91.8092517967587,93.25689062437561,90.48707971323456,90.54498291015625,345400,0.0,0.0
2022-01-24 00:00:00-05:00,88.8464176652757,92.16633838854338,87.65935795385342,91.68379211425781,323100,0.0,0.0
2022-01-25 00:00:00-05:00,89.75361393783994,90.65115037174124,87.64971172520424,89.60884857177734,309900,0.0,0.0
2022-01-26 00:00:00-05:00,91.07578261685288,91.92506137305833,88.1129489122651,89.23245239257812,344100,0.0,0.0
2022-01-27 00:00:00-05:00,89.76326476201223,90.94067891176736,86.0573053502736,86.99344635009766,401300,0.0,0.0
2022-01-28 00:00:00-05:00,86.6556629318691,87.46633715815332,84.97640391808608,87.43738555908203,421000,0.0,0.0
2022-01-31 00:00:00-05:00,86.84865989257753,88.8464007942462,86.4722744591523,88.71128845214844,605000,0.0,0.0
2022-02-01 00:00:00-05:00,89.25175751947666,89.79220696256549,88.09364210319445,89.55093383789062,548000,0.0,0.0
2022-02-02 00:00:00-05:00,89.90803394366613,90.75731281679283,89.09735229666438,90.11070251464844,405100,0.0,0.0
2022-02-03 00:00:00-05:00,89.40618089308042,90.2458141341303,88.67270843066002,89.29036712646484,351900,0.0,0.0
2022-02-04 00:00:00-05:00,88.86572235349931,89.72465412025137,87.30226979673455,88.78851318359375,347500,0.0,0.0
2022-02-07 00:00:00-05:00,89.15524237914956,90.01417411394635,88.15154529693356,89.55093383789062,474400,0.0,0.0
2022-02-08 00:00:00-05:00,89.63780364488655,91.15299882715176,89.11665272471555,90.8055648803711,548600,0.0,0.0
2022-02-09 00:00:00-05:00,91.76099963251215,92.90945473773738,90.97926967536095,91.73204803466797,543800,0.0,0.0
2022-02-10 00:00:00-05:00,90.82485272666452,92.60061933300472,87.19610298635781,88.03573608398438,907400,0.0,0.0
2022-02-11 00:00:00-05:00,87.55321232482632,87.95854949818292,83.56737469760048,84.00167083740234,985100,0.0,0.0
2022-02-14 00:00:00-05:00,83.76037468180735,84.75441872796054,82.95934618057031,83.96304321289062,1351200,0.0,0.0
2022-02-15 00:00:00-05:00,85.14045972358248,85.8739320696969,84.31047960212777,85.3238296508789,580900,0.0,0.0
2022-02-16 00:00:00-05:00,84.84128916900909,86.59775730646457,84.40699310589665,85.99939727783203,741400,0.0,0.0
2022-02-17 00:00:00-05:00,84.38770134396955,86.58811134716974,84.38770134396955,85.14047241210938,755400,0.0,0.0
2022-02-18 00:00:00-05:00,84.80268328908097,85.93183978240695,84.20432326958273,84.32013702392578,706900,0.0,0.0
2022-02-22 00:00:00-05:00,83.64457146659547,85.32383784365855,83.16202518048877,83.63492584228516,877600,0.0,0.0
2022-02-23 00:00:00-05:00,83.63493634164878,84.34910287308156,81.9749757309621,82.01358032226562,690200,0.0,0.0
2022-02-24 00:00:00-05:00,80.52733174396204,83.1427318987548,79.71665010253571,82.90145874023438,660800,0.0,0.0
2022-02-25 00:00:00-05:00,82.98830219415812,85.80637789623255,82.98830219415812,85.42998504638672,593600,0.0,0.0
2022-02-28 00:00:00-05:00,84.26222416016033,85.91253145827709,84.04025700758116,84.80268096923828,555800,0.0,0.0
2022-03-01 00:00:00-05:00,84.30082648200221,84.60001015707535,80.53696434512918,81.04846954345703,738500,0.0,0.0
2022-03-02 00:00:00-05:00,81.92670673179687,83.27783778680234,81.36695128052617,82.6601791381836,948600,0.0,0.0
2022-03-03 00:00:00-05:00,83.42259761245825,83.42259761245825,81.64682359310643,82.13902282714844,649900,0.0,0.0
2022-03-04 00:00:00-05:00,80.11233342663698,80.5659280963745,76.94683108856023,77.10124206542969,1163100,0.0,0.0
2022-03-07 00:00:00-05:00,77.30390812991152,77.73820417473489,73.10575720838116,73.26982116699219,1590600,0.0,0.0
2022-03-08 00:00:00-05:00,74.06784191251229,76.88605734996781,72.80884065339883,74.3583755493164,1261400,0.264,0.0
2022-03-09 00:00:00-05:00,76.45025159868922,77.14754413443463,75.99507411625734,76.5180435180664,691600,0.0,0.0
2022-03-10 00:00:00-05:00,74.78449518207269,75.946644425477,74.50364084735097,75.79169464111328,619400,0.0,0.0
2022-03-11 00:00:00-05:00,76.19844916671023,76.72141856366231,73.88382986963055,73.89351654052734,491900,0.0,0.0
2022-03-14 00:00:00-04:00,74.32932329862683,74.93945058887506,72.9831641583262,73.4480209350586,854600,0.0,0.0
2022-03-15 00:00:00-04:00,74.53270843977097,74.5423951122282,72.86695543790302,74.2809066772461,1215100,0.0,0.0
2022-03-16 00:00:00-04:00,75.17190483320805,77.24440966146715,74.63924861571606,77.13787841796875,688800,0.0,0.0
2022-03-17 00:00:00-04:00,76.55678095125887,77.84482738809803,76.10160347989769,77.65113830566406,503800,0.0,0.0
2022-03-18 00:00:00-04:00,77.62208908986514,79.03604014224868,75.88854438754669,78.8036117553711,1318600,0.0,0.0
2022-03-21 00:00:00-04:00,78.97793639487737,79.6171163181392,77.58335126955653,78.12568664550781,622100,0.0,0.0
2022-03-22 00:00:00-04:00,78.95856472962156,78.95856472962156,77.42839572780463,77.93199920654297,664100,0.0,0.0
2022-03-23 00:00:00-04:00,77.44776179260059,77.46712774514802,75.98538485164813,76.02412414550781,299300,0.0,0.0
2022-03-24 00:00:00-04:00,76.44058381254558,76.81828279792502,75.34622616115992,75.73360443115234,886600,0.0,0.0
2022-03-25 00:00:00-04:00,75.73359215328348,76.04349915229568,74.94914167832636,75.31715393066406,526000,0.0,0.0
2022-03-28 00:00:00-04:00,73.9903553925106,74.36805425202142,72.87662476551725,74.27120971679688,668100,0.0,0.0
2022-03-29 00:00:00-04:00,75.68516807168588,77.58334922628946,74.81355239131558,77.20565032958984,495500,0.0,0.0
2022-03-30 00:00:00-04:00,76.75047412644666,76.80857937652236,74.78450101872245,74.95882415771484,413600,0.0,0.0
2022-03-31 00:00:00-04:00,74.42618035057264,75.18157828126648,72.78948729699148,72.83790588378906,745400,0.0,0.0
2022-04-01 00:00:00-04:00,73.60297936622557,74.17436736996126,72.53767456367801,73.65140533447266,822300,0.0,0.0
2022-04-04 00:00:00-04:00,73.82572681983231,74.68765583618499,73.02190305306043,73.8450927734375,1033400,0.0,0.0
2022-04-05 00:00:00-04:00,74.19375029852146,74.86199032508723,71.93723583995074,72.0050277709961,982700,0.0,0.0
2022-04-06 00:00:00-04:00,70.9106532515821,71.16245495903273,69.85502784761596,70.14556884765625,785200,0.0,0.0
2022-04-07 00:00:00-04:00,69.89377524440296,70.126211026892,68.71225254409599,69.26427459716797,669600,0.0,0.0
2022-04-08 00:00:00-04:00,71.34646156088229,71.45299277458102,69.37080185514893,69.47733306884766,819900,0.0,0.0
2022-04-11 00:00:00-04:00,69.30301387420135,70.25210818051015,68.66383394445495,68.75099182128906,668900,0.0,0.0
2022-04-12 00:00:00-04:00,68.96404476765557,70.50390021198056,68.11180251571929,68.40233612060547,411800,0.0,0.0
2022-04-13 00:00:00-04:00,68.33455476051229,69.97125499256337,68.14086566067577,69.95188903808594,458200,0.0,0.0
2022-04-14 00:00:00-04:00,70.06809954248163,70.45548513092022,69.16743118958729,69.95188903808594,687200,0.0,0.0
2022-04-18 00:00:00-04:00,69.33205368164398,70.3779923428718,68.65413458016154,69.2158432006836,625400,0.0,0.0
2022-04-19 00:00:00-04:00,69.28364139804158,71.43362415607963,69.28364139804158,71.40457153320312,460500,0.0,0.0
2022-04-20 00:00:00-04:00,72.33430094473088,73.59329488012092,71.9856546515421,72.576416015625,542200,0.0,0.0
2022-04-21 00:00:00-04:00,73.48676035755176,74.01941644510359,71.68542371989594,71.96627807617188,640600,0.0,0.0
2022-04-22 00:00:00-04:00,71.39489199916866,71.70479898877038,69.99062018006293,70.31990051269531,675700,0.0,0.0
2022-04-25 00:00:00-04:00,69.82598851970333,70.87192745246976,67.94718049836285,70.79444885253906,661500,0.0,0.0
2022-04-26 00:00:00-04:00,70.54265074740121,70.77508655922075,67.73412154786203,67.92781066894531,1007500,0.0,0.0
2022-04-27 00:00:00-04:00,68.11180880027293,68.57666556648806,66.73659706613596,67.11429595947266,2050900,0.0,0.0
2022-04-28 00:00:00-04:00,67.40483353684915,69.92282876941165,66.63006975154981,69.4385986328125,777000,0.0,0.0
2022-04-29 00:00:00-04:00,69.50638068870988,70.41673558068007,67.66631234187618,68.0052719116211,976600,0.0,0.0
2022-05-02 00:00:00-04:00,67.86969402412353,69.75818849854184,67.06587026782647,69.19647979736328,728400,0.0,0.0
2022-05-03 00:00:00-04:00,69.68070206773716,71.55951704847378,68.27643786155139,70.62010955810547,1428200,0.0,0.0
2022-05-04 00:00:00-04:00,70.21337152268642,74.20343060572438,69.2739638525252,73.80635833740234,968200,0.0,0.0
2022-05-05 00:00:00-04:00,72.5376678001134,73.07031645733922,70.7266446325104,71.3755111694336,665400,0.0,0.0
2022-05-06 00:00:00-04:00,70.96876244610688,70.96876244610688,68.45076739774628,69.41922760009766,526300,0.0,0.0
2022-05-09 00:00:00-04:00,68.32487521647631,69.99062067949328,67.72442718725353,68.9253158569336,736100,0.0,0.0
2022-05-10 00:00:00-04:00,69.8550328014869,70.25210503711662,67.06587003611371,67.62757873535156,879200,0.0,0.0
2022-05-11 00:00:00-04:00,67.34671863781853,69.74849563360043,66.63006020716347,67.49198913574219,1061400,0.0,0.0
2022-05-12 00:00:00-04:00,67.05618141071729,69.22553755376838,67.05618141071729,68.73162078857422,708500,0.0,0.0
2022-05-13 00:00:00-04:00,69.70977024150524,71.50142017987238,69.61291830800015,70.22305297851562,648700,0.0,0.0
2022-05-16 00:00:00-04:00,69.50638063560268,69.82597425344561,68.32486547750376,68.9737319946289,472400,0.0,0.0
2022-05-17 00:00:00-04:00,70.34895798608655,70.92035342461793,69.28365309772043,70.79444885253906,399800,0.0,0.0
2022-05-18 00:00:00-04:00,70.16493818402898,70.39737395077876,67.75347436692812,67.8503189086914,433100,0.0,0.0
2022-05-19 00:00:00-04:00,67.44355888997248,68.295801094224,66.59131668572095,67.19175720214844,504500,0.0,0.0
2022-05-20 00:00:00-04:00,67.44358547623645,67.96655500844221,65.04180768621762,66.86251068115234,876000,0.0,0.0
2022-05-23 00:00:00-04:00,67.95685887230462,68.06339009859211,66.76565681656761,67.56947326660156,804300,0.0,0.0
2022-05-24 00:00:00-04:00,67.40483845575031,68.08276512972047,65.70034618168079,67.37578582763672,388600,0.0,0.0
2022-05-25 00:00:00-04:00,66.7946912614954,67.08522484511091,65.4775849938996,66.9593276977539,1980300,0.0,0.0
2022-05-26 00:00:00-04:00,68.00528298494379,69.54513130484665,67.57915809144157,69.18680572509766,468500,0.0,0.0
2022-05-27 00:00:00-04:00,69.72913087720269,70.69759102827496,69.70976492523766,70.68790435791016,462100,0.0,0.0
2022-05-31 00:00:00-04:00,70.97844702640239,71.97595982324142,70.43611169346423,71.49172973632812,1503300,0.0,0.0
2022-06-01 00:00:00-04:00,71.85974592049796,72.08249502386569,69.09963575004868,69.76787567138672,586400,0.0,0.0
2022-06-02 00:00:00-04:00,70.34895214682133,72.70231085582392,70.03904516158815,72.65388488769531,460700,0.0,0.0
2022-06-03 00:00:00-04:00,71.84037132484633,72.62482165030062,71.35614126937791,72.07279968261719,319100,0.0,0.0
2022-06-06 00:00:00-04:00,72.72167650857179,73.10906208569989,72.17934113385164,73.08000946044922,422800,0.0,0.0
2022-06-07 00:00:00-04:00,72.57641416160207,73.37055127829728,71.75321703057885,73.22528076171875,481400,0.0,0.0
2022-06-08 00:00:00-04:00,72.5570470821442,73.84510111089045,72.02439832706297,72.47956848144531,1228700,0.0,0.0
2022-06-09 00:00:00-04:00,72.06312122602667,73.3124282813183,71.70478832092454,71.73384094238281,377200,0.0,0.0
2022-06-10 00:00:00-04:00,69.92283564706474,69.92283564706474,68.01497492776875,68.23771667480469,408700,0.0,0.0
2022-06-13 00:00:00-04:00,66.13615360990956,67.08524054950047,65.45822697857903,66.04898834228516,465500,0.0,0.0
2022-06-14 00:00:00-04:00,66.69786771674795,67.10461929503188,65.26454313152425,66.06836700439453,438200,0.0,0.0
2022-06-15 00:00:00-04:00,66.65911241353564,67.40482346137482,65.74875752840143,66.46541595458984,688900,0.0,0.0
2022-06-16 00:00:00-04:00,65.23462736694957,65.23462736694957,62.541636265201184,63.815216064453125,801500,0.264,0.0
2022-06-17 00:00:00-04:00,63.69853889943699,64.15547407302738,62.29857598357163,62.5416259765625,1277500,0.0,0.0
2022-06-21 00:00:00-04:00,63.74715825947065,65.11796391774816,62.78468226752344,64.60269165039062,691500,0.0,0.0
2022-06-22 00:00:00-04:00,63.34854765316239,64.93323078513583,63.10549768349979,64.63185119628906,917000,0.0,0.0
2022-06-23 00:00:00-04:00,64.36936384949846,65.2248972156831,63.43605269985222,64.6415786743164,487000,0.0,0.0
2022-06-24 00:00:00-04:00,65.40961356169933,67.80122462586309,65.26378208103016,67.62622833251953,646200,0.0,0.0
2022-06-27 00:00:00-04:00,68.26788149448022,68.7345333155547,67.2179037711172,67.59706115722656,442100,0.0,0.0
2022-06-28 00:00:00-04:00,68.2678995893613,68.49150148284845,65.96378243303077,65.98323059082031,476700,0.0,0.0
2022-06-29 00:00:00-04:00,65.80821536438924,66.44013938245098,64.56380064587835,65.35128021240234,309200,0.0,0.0
2022-06-30 00:00:00-04:00,64.46658122002091,65.72072014109779,63.69854231096,65.3707275390625,418900,0.0,0.0
2022-07-01 00:00:00-04:00,65.21517480803757,66.6345858532737,64.7776803775975,65.62349700927734,352100,0.0,0.0
2022-07-05 00:00:00-04:00,64.3596372745528,65.54572246577047,62.90133726908139,65.47766876220703,616900,0.0,0.0
2022-07-06 00:00:00-04:00,65.43878267531245,65.86655306877779,63.94159371548148,65.10823822021484,545300,0.0,0.0
2022-07-07 00:00:00-04:00,66.00265876357103,67.00402359739061,65.61377727211651,66.94569396972656,348200,0.0,0.0
2022-07-08 00:00:00-04:00,66.62486618259997,66.88736434168172,65.40961615762245,65.92488098144531,393900,0.0,0.0
2022-07-11 00:00:00-04:00,63.679088784720946,64.59295899730358,63.572146210172086,63.83464431762695,489200,0.0,0.0
2022-07-12 00:00:00-04:00,63.41661705590484,65.52628953497872,63.41661705590484,64.30131530761719,301800,0.0,0.0
2022-07-13 00:00:00-04:00,63.19299876192201,64.27214133416322,62.901335800717334,63.86381912231445,268400,0.0,0.0
2022-07-14 00:00:00-04:00,62.726352471302484,63.43606186768652,61.99720604354167,63.202735900878906,319400,0.0,0.0
2022-07-15 00:00:00-04:00,64.56381042183365,65.51656233988751,63.630491824334875,65.06935119628906,506200,0.0,0.0
2022-07-18 00:00:00-04:00,65.83739045305124,66.06099231725047,64.29158847240907,64.51519775390625,532600,0.0,0.0
2022-07-19 00:00:00-04:00,65.55544641697031,67.3929038269578,65.55544641697031,67.36373901367188,508000,0.0,0.0
2022-07-20 00:00:00-04:00,67.59706182780783,68.32621179560492,67.20818036152332,67.82067108154297,626300,0.0,0.0
2022-07-21 00:00:00-04:00,67.83038808839275,68.9581436046696,67.57762143871449,68.90953063964844,264800,0.0,0.0
2022-07-22 00:00:00-04:00,69.21091432243152,69.34702171714788,68.12204774740398,68.58870697021484,191700,0.0,0.0
2022-07-25 00:00:00-04:00,68.78315340832509,68.78315340832509,67.81095336015089,68.23872375488281,230300,0.0,0.0
2022-07-26 00:00:00-04:00,67.89844031090873,68.83175878137689,67.80122180027989,68.70536804199219,306000,0.0,0.0
2022-07-27 00:00:00-04:00,68.831759618412,70.88310211200269,68.58870963023583,70.41644287109375,269100,0.0,0.0
2022-07-28 00:00:00-04:00,70.76644365789645,72.04974744766591,70.29978436284489,71.81642150878906,300000,0.0,0.0
2022-07-29 00:00:00-04:00,71.61225128795702,73.3719308094404,71.2330864866642,72.94416046142578,283100,0.0,0.0
2022-08-01 00:00:00-04:00,72.04002921793503,73.148336789188,71.4761513540208,72.63307189941406,388900,0.0,0.0
2022-08-02 00:00:00-04:00,72.26362861377099,72.74000454242311,71.23309155812069,71.42753601074219,506700,0.0,0.0
2022-08-03 00:00:00-04:00,72.23446951902322,73.58582704821575,71.35948795619761,73.10944366455078,445900,0.0,0.0
2022-08-04 00:00:00-04:00,75.83159597246407,76.35658483465676,74.47051456129378,74.89828491210938,644300,0.0,0.0
2022-08-05 00:00:00-04:00,74.7524554709138,76.23020358633428,74.46079251154742,76.19131469726562,505900,0.0,0.0
2022-08-08 00:00:00-04:00,76.88157928274468,77.8537793017456,76.3663144594418,76.66769409179688,635000,0.0,0.0
2022-08-09 00:00:00-04:00,76.54131142026849,77.11490587612757,75.11217619323304,75.87049102783203,540600,0.0,0.0
2022-08-10 00:00:00-04:00,77.88294547795843,79.50651775793982,77.52322879440844,79.22457885742188,444900,0.0,0.0
2022-08-11 00:00:00-04:00,79.67179828903656,81.18843554706783,79.03015005537974,79.44819641113281,498800,0.0,0.0
2022-08-12 00:00:00-04:00,79.45790257891026,80.89675430417483,79.36067665325189,80.83842468261719,274500,0.0,0.0
2022-08-15 00:00:00-04:00,79.90512494167164,80.9064898121516,79.78845826477482,80.60511016845703,357500,0.0,0.0
2022-08-16 00:00:00-04:00,80.20650565780396,81.1787057263834,79.85651303973154,81.05232238769531,501300,0.0,0.0
2022-08-17 00:00:00-04:00,80.20648940439754,80.25510236489453,79.3120673027057,79.8953857421875,237800,0.0,0.0
2022-08-18 00:00:00-04:00,79.52595514190037,80.42037727374164,79.27318108992901,80.3912124633789,309800,0.0,0.0
2022-08-19 00:00:00-04:00,79.42873842475427,79.42873842475427,77.93155692574379,78.55376434326172,289700,0.0,0.0
2022-08-22 00:00:00-04:00,77.2801708391679,77.3676726904061,75.59826910350078,75.93853759765625,309500,0.0,0.0
2022-08-23 00:00:00-04:00,75.93854037464307,76.7940736794194,75.37466261096684,75.56910705566406,231600,0.0,0.0
2022-08-24 00:00:00-04:00,75.97741661859878,76.13296473117141,75.30659637630853,75.51075744628906,681600,0.0,0.0
2022-08-25 00:00:00-04:00,75.83158923014712,76.96906128844822,75.73437072741389,76.76490020751953,213700,0.0,0.0
2022-08-26 00:00:00-04:00,76.76491311423956,76.82324274222738,72.92472598089206,73.05110931396484,264300,0.0,0.0
2022-08-29 00:00:00-04:00,72.37057215430076,72.99277957622714,71.93307769315726,72.74000549316406,220400,0.0,0.0
2022-08-30 00:00:00-04:00,73.0900012210601,73.0900012210601,71.25254369064697,71.81642150878906,282500,0.0,0.0
2022-08-31 00:00:00-04:00,72.07891462513894,72.31224057166267,70.38728853257008,70.513671875,309300,0.0,0.0
2022-09-01 00:00:00-04:00,70.17607177517884,70.83958333577513,69.58086254680293,70.80055236816406,291400,0.264,0.0
2022-09-02 00:00:00-04:00,71.71774304755822,72.25440940866487,69.87357310760109,70.23460388183594,248700,0.0,0.0
2022-09-06 00:00:00-04:00,70.57611809651122,70.57611809651122,69.3466689423944,70.26387786865234,242300,0.0,0.0
2022-09-07 00:00:00-04:00,69.74673891820483,71.93242077109349,69.60037466566604,71.78605651855469,264800,0.0,0.0
2022-09-08 00:00:00-04:00,70.88836185215507,72.05926090379752,70.6736952889952,72.03974914550781,319400,0.0,0.0
2022-09-09 00:00:00-04:00,72.87889888649224,74.0693171847748,72.45932534602206,73.8644027709961,350700,0.0,0.0
2022-09-12 00:00:00-04:00,74.54742614516498,76.05983670754999,74.54742614516498,75.65978240966797,533800,0.0,0.0
2022-09-13 00:00:00-04:00,73.5814330439127,73.80585174706157,71.83483675538079,71.98119354248047,360900,0.0,0.0
2022-09-14 00:00:00-04:00,72.01045900119477,72.01045900119477,70.60537455023912,71.61039733886719,375400,0.0,0.0
2022-09-15 00:00:00-04:00,71.22010803210419,72.02998365622585,70.25411602124242,70.54684448242188,208400,0.0,0.0
2022-09-16 00:00:00-04:00,69.58084400338598,69.87357246025836,68.03916213778732,68.80024719238281,948600,0.0,0.0
2022-09-19 00:00:00-04:00,68.26358978089365,70.32242651599078,68.26358978089365,70.0492172241211,456500,0.0,0.0
2022-09-20 00:00:00-04:00,69.47351041072268,69.47351041072268,68.28309972112103,68.93685150146484,458600,0.0,0.0
2022-09-21 00:00:00-04:00,69.61986668770713,70.04919972159752,68.03915405273438,68.03915405273438,287200,0.0,0.0
2022-09-22 00:00:00-04:00,67.78546852941503,68.01964684171983,66.60480992253568,66.79995727539062,221000,0.0,0.0
2022-09-23 00:00:00-04:00,65.9705613161221,66.10716593430944,64.33129845348084,65.27777862548828,199500,0.0,0.0
2022-09-26 00:00:00-04:00,64.83869536167896,66.04863278997857,64.46791240781617,64.90699768066406,303100,0.0,0.0
2022-09-27 00:00:00-04:00,65.80469900144682,66.2925748660616,63.72634305377515,64.6142807006836,282800,0.0,0.0
2022-09-28 00:00:00-04:00,65.35585254864527,66.8682632264295,64.77039556948263,66.41941833496094,246700,0.0,0.0
2022-09-29 00:00:00-04:00,65.4046208843151,65.6192874022357,63.58972252566836,64.21420288085938,538500,0.0,0.0
2022-09-30 00:00:00-04:00,64.42887089848257,65.37535105258561,63.5311812975492,63.75559997558594,490400,0.0,0.0
2022-10-03 00:00:00-04:00,64.73137402215343,66.85851334854112,64.16544360806175,66.49748992919922,468600,0.0,0.0
2022-10-04 00:00:00-04:00,67.73667796893443,69.73697183547,67.73667796893443,69.40521240234375,476000,0.0,0.0
2022-10-05 00:00:00-04:00,68.39042857755337,70.17605585766037,68.32212626082548,69.72721099853516,339200,0.0,0.0
2022-10-06 00:00:00-04:00,69.51254717579913,70.23460877456958,69.20030693787483,69.98091125488281,423200,0.0,0.0
2022-10-07 00:00:00-04:00,69.10272453049424,69.44423608439857,67.36588796115778,67.78546142578125,377700,0.0,0.0
2022-10-10 00:00:00-04:00,68.01965194540766,68.35141140342701,66.76093132518358,67.21953582763672,288700,0.0,0.0
2022-10-11 00:00:00-04:00,66.62431855022587,67.06341124011354,65.5314815145459,66.23401641845703,677400,0.0,0.0
2022-10-12 00:00:00-04:00,66.36087039275591,66.36087039275591,65.2387545301883,65.32656860351562,323100,0.0,0.0
2022-10-13 00:00:00-04:00,63.69707723692937,67.63911545944268,62.94575161556413,66.78045654296875,454600,0.0,0.0
2022-10-14 00:00:00-04:00,67.09268318823578,67.69764442563219,65.12166075541806,65.511962890625,252700,0.0,0.0
2022-10-17 00:00:00-04:00,66.89752591259258,68.19527730006509,66.86825455630871,68.08794403076172,300500,0.0,0.0
2022-10-18 00:00:00-04:00,70.11751678372698,70.27363318247353,68.70267981613476,69.34667205810547,306500,0.0,0.0
2022-10-19 00:00:00-04:00,68.44897183718037,69.01490951552424,67.2878251254737,68.19527435302734,235500,0.0,0.0
2022-10-20 00:00:00-04:00,68.40995281297971,69.16127835227158,66.32184475434079,66.64384460449219,249700,0.0,0.0
2022-10-21 00:00:00-04:00,66.917060710921,69.54182800957015,66.35112287620434,69.16128540039062,254500,0.0,0.0
2022-10-24 00:00:00-04:00,69.44424485639051,70.36145381221573,69.219826140217,69.98091125488281,305900,0.0,0.0
2022-10-25 00:00:00-04:00,69.79551727806607,72.41053210816918,69.79551727806607,72.03974914550781,398800,0.0,0.0
2022-10-26 00:00:00-04:00,72.16658609475758,73.18136863313092,71.82507453001506,71.95191955566406,490100,0.0,0.0
2022-10-27 00:00:00-04:00,72.44956367857269,73.94246258751286,72.32271863763606,72.43980407714844,318300,0.0,0.0
2022-10-28 00:00:00-04:00,72.82035179791815,75.24997906127238,72.09829757371091,75.1036148071289,419300,0.0,0.0
2022-10-31 00:00:00-04:00,74.5181621911576,75.41585199479064,73.92295304117603,74.53767395019531,342900,0.0,0.0
2022-11-01 00:00:00-04:00,75.32802023898005,75.78662468023678,74.68402805665752,75.40608215332031,296600,0.0,0.0
2022-11-02 00:00:00-04:00,74.95722961428595,75.63050052863602,72.39100586015238,72.66421508789062,650300,0.0,0.0
2022-11-03 00:00:00-04:00,70.41999692424072,72.49835276602896,68.2635866058308,70.74199676513672,777100,0.0,0.0
2022-11-04 00:00:00-04:00,71.50308358022437,74.39130772678686,71.29817661599198,73.78634643554688,485200,0.0,0.0
2022-11-07 00:00:00-05:00,74.37179672057667,75.79639332755146,73.97173494512752,75.75736236572266,378500,0.0,0.0
2022-11-08 00:00:00-05:00,75.92323027640661,76.39159432402754,74.36202919166017,74.99626922607422,281000,0.0,0.0
2022-11-09 00:00:00-05:00,74.05955289781889,75.50366119384907,73.74731266264526,73.75706481933594,372700,0.0,0.0
2022-11-10 00:00:00-05:00,77.17218459161973,78.68460243415946,76.6160065197658,78.67484283447266,532000,0.0,0.0
2022-11-11 00:00:00-05:00,78.80170459955363,81.40695969397106,78.80170459955363,80.59708404541016,455600,0.0,0.0
2022-11-14 00:00:00-05:00,79.81650410980156,80.95813198481514,79.44571364330784,79.4652328491211,432800,0.0,0.0
2022-11-15 00:00:00-05:00,80.68489473375136,82.69494046188757,80.68489473375136,82.0997314453125,743200,0.0,0.0
2022-11-16 00:00:00-05:00,81.38744794117555,82.40222309664958,80.89957212072316,82.08023071289062,994900,0.0,0.0
2022-11-17 00:00:00-05:00,80.93859120503889,81.73870720900989,79.91405650480435,81.61186218261719,514000,0.0,0.0
2022-11-18 00:00:00-05:00,82.89009354960537,83.00718641891358,81.79725654697032,82.24610137939453,527800,0.0,0.0
2022-11-21 00:00:00-05:00,81.78750482738312,82.73398514007302,81.65090018889123,81.66065979003906,393300,0.0,0.0
2022-11-22 00:00:00-05:00,82.30465732570754,82.73399047114353,81.52406040465429,82.61689758300781,255600,0.0,0.0
2022-11-23 00:00:00-05:00,82.6559095081654,83.09500215424498,81.61185569037511,82.0997314453125,225000,0.0,0.0
2022-11-25 00:00:00-05:00,82.21682779453306,82.62664165941247,82.04119221752852,82.52906799316406,72000,0.0,0.0
2022-11-28 00:00:00-05:00,81.57283382025169,81.57283382025169,79.43594283785836,79.48472595214844,636000,0.0,0.0
2022-11-29 00:00:00-05:00,79.74817302732589,80.63610301742013,79.73841342793781,80.12871551513672,245800,0.0,0.0
2022-11-30 00:00:00-05:00,80.22074197989616,82.74630230819507,79.35931385008126,82.73651123046875,394300,0.264,0.0
2022-12-01 00:00:00-05:00,83.52942835260257,83.87204140592819,82.77567216688178,82.89314270019531,263000,0.0,0.0
2022-12-02 00:00:00-05:00,81.80656908617347,83.79373237431314,81.24859709162979,82.961669921875,294700,0.0,0.0
2022-12-05 00:00:00-05:00,82.15896887743207,82.15896887743207,80.47526190439423,81.00386810302734,286500,0.0,0.0
2022-12-06 00:00:00-05:00,81.13112875529072,81.1996513716254,78.18464878449471,78.60557556152344,450500,0.0,0.0
2022-12-07 00:00:00-05:00,78.57619231639733,79.28100054801567,77.85180939763586,78.95796966552734,316200,0.0,0.0
2022-12-08 00:00:00-05:00,79.33973433700247,80.0934829711914,79.21247273951344,80.0934829711914,189500,0.0,0.0
2022-12-09 00:00:00-05:00,80.28926266033999,80.6808236075513,78.63492904768809,78.90901947021484,297600,0.0,0.0
2022-12-12 00:00:00-05:00,79.20269252111483,80.34800213712018,78.75239257466785,80.33821105957031,391200,0.0,0.0
2022-12-13 00:00:00-05:00,83.118289386577,83.53920864365205,80.39694481929058,80.75914001464844,579000,0.0,0.0
2022-12-14 00:00:00-05:00,80.75914979281472,81.53248072946361,79.04607691842169,79.72151947021484,428700,0.0,0.0
2022-12-15 00:00:00-05:00,78.44894027467163,78.44894027467163,76.71629288266003,76.7750244140625,504900,0.0,0.0
2022-12-16 00:00:00-05:00,75.77654251386197,76.4030370063597,74.61165081605988,75.40455627441406,841800,0.0,0.0
2022-12-19 00:00:00-05:00,75.51224123826816,75.87443642727244,74.67038780207744,75.35562133789062,374200,0.0,0.0
2022-12-20 00:00:00-05:00,75.47308630387288,76.69670964689418,75.39477261750251,76.54987335205078,538000,0.0,0.0
2022-12-21 00:00:00-05:00,77.49940651743069,79.14395659462517,77.38194345589093,78.75239562988281,547200,0.0,0.0
2022-12-22 00:00:00-05:00,77.88117951654498,78.3118973418144,76.5303019760243,77.9399185180664,540400,0.0,0.0
2022-12-23 00:00:00-05:00,77.77349496660813,78.4293627398785,77.46024769649254,78.3021011352539,200300,0.0,0.0
2022-12-27 00:00:00-05:00,78.37062372053725,79.80960593449673,77.98885384357708,79.44741821289062,340200,0.0,0.0
2022-12-28 00:00:00-05:00,79.35931351289246,79.95644228879198,77.871390846188,77.93012237548828,346200,0.0,0.0
2022-12-29 00:00:00-05:00,78.63493683053234,80.52421167954317,78.01822585040466,79.99560546875,252100,0.0,0.0
2022-12-30 00:00:00-05:00,79.41804526912858,79.72150893098986,78.84049864694816,79.38867950439453,233700,0.0,0.0
2023-01-03 00:00:00-05:00,80.21095275878906,80.78849934136629,79.16353156747489,80.21095275878906,385000,0.0,0.0
2023-01-04 00:00:00-05:00,80.87660216637018,81.6009850136526,80.14242824228026,81.24858093261719,311100,0.0,0.0
2023-01-05 00:00:00-05:00,80.52420486738525,81.59120080876205,79.71171719721151,80.25011444091797,446500,0.0,0.0
2023-01-06 00:00:00-05:00,81.37582561206129,83.65666079724343,81.01363796466153,83.46088409423828,319800,0.0,0.0
2023-01-09 00:00:00-05:00,83.87202709209753,84.44957364508011,83.03017375136791,83.11827850341797,391700,0.0,0.0
2023-01-10 00:00:00-05:00,82.82461288690101,83.31406219720374,82.22748413085937,83.20638275146484,635300,0.0,0.0
2023-01-11 00:00:00-05:00,83.86223601927003,84.2244311672196,83.26510731318183,83.4902572631836,583300,0.0,0.0
2023-01-12 00:00:00-05:00,83.88181850687295,85.41868892004796,82.93228572558844,85.35016632080078,553300,0.0,0.0
2023-01-13 00:00:00-05:00,84.69430742213595,86.60316425963991,84.69430742213595,86.2899169921875,414500,0.0,0.0
2023-01-17 00:00:00-05:00,86.31928697498736,86.62274317967314,84.8215731708998,84.92925262451172,275800,0.0,0.0
2023-01-18 00:00:00-05:00,85.41868926263561,86.6031556077462,84.42020856285431,84.51809692382812,406100,0.0,0.0
2023-01-19 00:00:00-05:00,83.5587962939789,83.71541620740288,81.79677559043017,81.82614135742188,401900,0.0,0.0
2023-01-20 00:00:00-05:00,82.48199771185023,84.34190653616618,81.81634636846569,84.27337646484375,267300,0.0,0.0
2023-01-23 00:00:00-05:00,84.3712800568678,86.90662406638894,84.15592115120569,86.87725830078125,534000,0.0,0.0
2023-01-24 00:00:00-05:00,86.05497732474598,87.60163139746898,85.85919312867739,87.20028686523438,427100,0.0,0.0
2023-01-25 00:00:00-05:00,86.28011623189447,87.12196956902244,85.76130120356277,86.58357238769531,382400,0.0,0.0
2023-01-26 00:00:00-05:00,87.21007396962148,88.97209446285366,86.12350337859932,88.93293762207031,633100,0.0,0.0
2023-01-27 00:00:00-05:00,88.85463144139032,90.08804589077462,88.69801153343919,89.33429718017578,480100,0.0,0.0
2023-01-30 00:00:00-05:00,88.49244136232984,89.01125646307526,87.17092965000761,87.4254379272461,306600,0.0,0.0
2023-01-31 00:00:00-05:00,87.81699893069528,89.66711682249782,87.79742424336163,89.6573257446289,569300,0.0,0.0
2023-02-01 00:00:00-05:00,89.12871842999252,90.77326833821377,88.55116438594878,90.20550537109375,543700,0.0,0.0
2023-02-02 00:00:00-05:00,91.20398997014007,92.44719549985929,89.67691038997914,90.79285430908203,865600,0.0,0.0
2023-02-03 00:00:00-05:00,89.81394029074103,91.03756345546502,89.25596842636301,90.45022583007812,442200,0.0,0.0
2023-02-06 00:00:00-05:00,89.19725419912774,90.04889130712469,88.34560962272624,88.6392822265625,536800,0.0,0.0
2023-02-07 00:00:00-05:00,88.05193088643998,89.67690623592661,87.4058616587626,89.54965209960938,599600,0.0,0.0
2023-02-08 00:00:00-05:00,88.6882074108616,90.56769084026293,88.6882074108616,89.38322448730469,610400,0.0,0.0
2023-02-09 00:00:00-05:00,89.16787171337263,89.70626894174868,86.50527374035995,86.61295318603516,923200,0.0,0.0
2023-02-10 00:00:00-05:00,86.81852206343936,89.2657686434808,86.53464056394608,89.06998443603516,721700,0.0,0.0
2023-02-13 00:00:00-05:00,89.55942748790719,91.20397737340495,89.04061244417097,91.15503692626953,661100,0.0,0.0
2023-02-14 00:00:00-05:00,91.0375686706651,92.19266930307205,90.15655844791344,91.57596588134766,491800,0.0,0.0
2023-02-15 00:00:00-05:00,91.36061058550206,92.79959276111565,90.98862432772755,92.53528594970703,569100,0.0,0.0
2023-02-16 00:00:00-05:00,91.67385445404418,93.17156810191175,90.48938805626392,91.9185791015625,601000,0.0,0.0
2023-02-17 00:00:00-05:00,91.84026607315515,92.55486533507325,91.24313733150407,92.20246124267578,462600,0.0,0.0
2023-02-21 00:00:00-05:00,91.04736362564213,91.73258967896592,88.60011705176596,89.09934997558594,301900,0.0,0.0
2023-02-22 00:00:00-05:00,89.42238110435468,90.13698033239591,88.77631194452313,89.04061126708984,333100,0.0,0.0
2023-02-23 00:00:00-05:00,89.64752897497998,90.09782140159295,88.07150174763301,88.59031677246094,489300,0.0,0.0
2023-02-24 00:00:00-05:00,87.00450286950903,88.39454452538483,86.47589674151178,87.91487884521484,460200,0.0,0.0
2023-02-27 00:00:00-05:00,88.86441835792587,88.92314988710656,87.91488547134998,88.43370056152344,381500,0.0,0.0
2023-02-28 00:00:00-05:00,88.34560475438285,89.94120689400826,88.34560475438285,88.97209930419922,421600,0.0,0.0
2023-03-01 00:00:00-05:00,88.93293473432533,90.26423740411559,88.90356897179228,90.11740112304688,326500,0.0,0.0
2023-03-02 00:00:00-05:00,89.569225432783,90.91031925630364,89.35386653734426,90.87116241455078,302600,0.0,0.0
2023-03-03 00:00:00-05:00,91.35081153289909,91.94794024028666,90.28381570821179,91.85005187988281,301700,0.0,0.0
2023-03-06 00:00:00-05:00,91.95773538848869,92.14372104097,90.1271923474323,90.48938751220703,300000,0.0,0.0
2023-03-07 00:00:00-05:00,90.8613803791454,91.21378452158693,89.82375010884792,89.92163848876953,243200,0.0,0.0
2023-03-08 00:00:00-05:00,90.01982435892593,90.50100914468587,89.30296946104839,90.010009765625,353400,0.29,0.0
2023-03-09 00:00:00-05:00,90.4813687599153,90.66795092922335,87.99691299664107,88.03619384765625,408000,0.0,0.0
2023-03-10 00:00:00-05:00,88.03619335328493,88.03619335328493,83.82341762928104,84.91343688964844,848200,0.0,0.0
2023-03-13 00:00:00-04:00,83.49935005665084,84.41260916695876,81.52553052945842,83.11637115478516,720000,0.0,0.0
2023-03-14 00:00:00-04:00,85.09020614282733,85.83652740424733,83.21458464853454,84.56974792480469,582700,0.0,0.0
2023-03-15 00:00:00-04:00,82.33076799586634,82.7726719092345,78.45187610017176,78.63845825195312,990800,0.0,0.0
2023-03-16 00:00:00-04:00,77.60736478203245,80.77922423591875,77.41096801678803,80.62210083007812,1113100,0.0,0.0
2023-03-17 00:00:00-04:00,79.9248761875017,80.64173855827103,77.22437967486032,77.78411865234375,1270100,0.0,0.0
2023-03-20 00:00:00-04:00,78.50097951374998,80.77921622820082,78.19655481812576,80.3569564819336,919900,0.0,0.0
2023-03-21 00:00:00-04:00,82.08526864755841,83.08691152822283,82.06563196984496,82.58609008789062,915000,0.0,0.0
2023-03-22 00:00:00-04:00,82.16383866262154,82.82177606745236,80.53372453333503,80.62210083007812,443200,0.0,0.0
2023-03-23 00:00:00-04:00,80.6220879269732,81.80049080601215,78.83485067788318,79.66954803466797,455300,0.0,0.0
2023-03-24 00:00:00-04:00,78.59917948871028,79.29639769009663,77.58772199244477,79.23748016357422,636500,0.0,0.0
2023-03-27 00:00:00-04:00,80.51407819556708,81.12292013873574,79.56153817643875,80.4355239868164,391300,0.0,0.0
2023-03-28 00:00:00-04:00,80.19983020823875,81.31930810143241,80.19983020823875,81.04434967041016,286900,0.0,0.0
2023-03-29 00:00:00-04:00,81.98707569422251,82.7530335406218,81.4666175417746,82.39952087402344,312700,0.0,0.0
2023-03-30 00:00:00-04:00,83.44044370903367,83.7350388695969,82.68430039693568,83.00836181640625,377400,0.0,0.0
2023-03-31 00:00:00-04:00,83.59754631000443,84.82504468024912,83.59754631000443,84.74649047851562,390700,0.0,0.0
2023-04-03 00:00:00-04:00,84.68757443539529,85.61065570508406,83.66629478409322,84.40279388427734,353900,0.0,0.0
2023-04-04 00:00:00-04:00,84.63848228912181,85.13929630248406,80.4649872254303,81.17202758789062,402700,0.0,0.0
2023-04-05 00:00:00-04:00,80.62209967192041,80.92652439334938,78.99198556605091,79.8266830444336,394100,0.0,0.0
2023-04-06 00:00:00-04:00,79.75794092405565,80.21948154251994,78.92324347188168,79.32585906982422,362200,0.0,0.0
2023-04-10 00:00:00-04:00,79.02144634203263,81.17202615795514,79.02144634203263,80.42570495605469,698600,0.0,0.0
2023-04-11 00:00:00-04:00,81.09345035548641,82.3111265843175,80.47478641076297,81.22110748291016,400800,0.0,0.0
2023-04-12 00:00:00-04:00,81.94778571749144,82.35040876691785,81.22110880210224,81.65319061279297,256700,0.0,0.0
2023-04-13 00:00:00-04:00,81.85942017886985,82.20311825882744,80.5337233035727,82.00672149658203,305900,0.0,0.0
2023-04-14 00:00:00-04:00,81.97725686503311,83.19493318633964,81.33895619532893,81.56481170654297,298400,0.0,0.0
2023-04-17 00:00:00-04:00,81.89869233126659,82.68428678886646,81.60408972713198,82.61554718017578,317400,0.0,0.0
2023-04-18 00:00:00-04:00,82.88069640587389,83.52881168819113,82.40933370705196,82.79231262207031,377400,0.0,0.0
2023-04-19 00:00:00-04:00,82.66465655809452,82.9592591852035,81.51571979807034,82.91015625,473100,0.0,0.0
2023-04-20 00:00:00-04:00,82.2620261042263,83.32258647642473,82.08526604219321,82.49771118164062,278300,0.0,0.0
2023-04-21 00:00:00-04:00,82.91016107058581,82.91016107058581,81.3684232154615,82.14420318603516,254600,0.0,0.0
2023-04-24 00:00:00-04:00,81.81031780821112,82.5271802302727,81.36842134407397,81.49607849121094,294500,0.0,0.0
2023-04-25 00:00:00-04:00,80.80867476835648,81.64337217368718,80.38641502325194,80.76939392089844,387300,0.0,0.0
2023-04-26 00:00:00-04:00,80.29803331027311,80.70065638803968,79.34550083010635,79.55171966552734,443800,0.0,0.0
2023-04-27 00:00:00-04:00,80.10164442052088,82.05581999827778,79.99362394964452,81.99690246582031,512200,0.0,0.0
2023-04-28 00:00:00-04:00,82.0656487888382,83.29314742902787,81.59428601450024,82.91999053955078,532500,0.0,0.0
2023-05-01 00:00:00-04:00,82.97890124154071,84.40279655004632,82.78250447211116,83.45026397705078,292100,0.0,0.0
2023-05-02 00:00:00-04:00,83.17529222450334,83.46989485020883,81.07381547116844,82.28167724609375,413900,0.0,0.0
2023-05-03 00:00:00-04:00,82.87086893021143,84.13764814058825,81.69247349788927,81.88887023925781,515200,0.0,0.0
2023-05-04 00:00:00-04:00,82.19328846002453,82.95925374183793,79.58117580541298,80.91669464111328,637500,0.0,0.0
2023-05-05 00:00:00-04:00,82.74321180492664,83.35204619845686,81.50589135643892,82.61554718017578,427600,0.0,0.0
2023-05-08 00:00:00-04:00,82.79231330631981,82.87087500544874,81.15237717029737,82.28167724609375,452400,0.0,0.0
2023-05-09 00:00:00-04:00,81.82995417509926,82.33076812214017,80.2980310952845,80.81849670410156,478900,0.0,0.0
2023-05-10 00:00:00-04:00,81.65320535668114,82.12456060613208,79.59100928320592,80.71048736572266,347900,0.0,0.0
2023-05-11 00:00:00-04:00,80.19002213766183,80.28822051500556,79.17855712405905,80.19983673095703,277000,0.0,0.0
2023-05-12 00:00:00-04:00,80.7595775608119,80.82831717572233,79.3356823267862,80.12127685546875,257000,0.0,0.0
2023-05-15 00:00:00-04:00,80.17037923874108,80.9068783185865,79.78740031658596,80.63191986083984,284800,0.0,0.0
2023-05-16 00:00:00-04:00,79.9346913382192,80.14091015497553,79.23747319812252,79.4535140991211,284100,0.0,0.0
2023-05-17 00:00:00-04:00,80.04271326636406,80.5729934444076,79.39459055140355,79.83649444580078,452900,0.0,0.0
2023-05-18 00:00:00-04:00,79.51244818735412,81.27022703020282,79.24730430195518,80.92652893066406,279000,0.0,0.0
2023-05-19 00:00:00-04:00,81.78085662730523,81.78085662730523,80.37659808205106,80.63191986083984,320000,0.0,0.0
2023-05-22 00:00:00-04:00,80.65155447972718,81.55499902189028,79.9739804381747,81.12291717529297,283500,0.0,0.0
2023-05-23 00:00:00-04:00,80.4453477419899,80.95599136333337,78.99199357182742,79.0018081665039,264500,0.0,0.0
2023-05-24 00:00:00-04:00,78.57952964138946,78.57952964138946,77.21455210049304,77.65645599365234,260600,0.0,0.0
2023-05-25 00:00:00-04:00,77.90196187083298,78.55007714360138,76.46824460895442,77.27348327636719,474500,0.0,0.0
2023-05-26 00:00:00-04:00,77.587725335934,78.54026534672491,76.98870548362333,78.40277862548828,393700,0.0,0.0
2023-05-30 00:00:00-04:00,78.40278018047472,78.94288251443604,77.1654670933099,77.33240509033203,345400,0.0,0.0
2023-05-31 00:00:00-04:00,76.86104255158615,76.99852927587025,74.47478517497966,74.78903198242188,462100,0.0,0.0
2023-06-01 00:00:00-04:00,75.03452806735625,77.74483922248612,74.45514490911327,77.07707977294922,774900,0.0,0.0
2023-06-02 00:00:00-04:00,78.20637988910997,81.85941643963606,78.20637988910997,81.4371566772461,638000,0.0,0.0
2023-06-05 00:00:00-04:00,81.1818442914896,81.26040599870583,79.1589290290404,80.31768798828125,497200,0.0,0.0
2023-06-06 00:00:00-04:00,79.99360970912875,82.60572973322766,79.4535149429514,82.21292877197266,626200,0.0,0.0
2023-06-07 00:00:00-04:00,82.48788907380032,85.11964583440854,81.64336961010889,85.0901870727539,641000,0.0,0.0
2023-06-08 00:00:00-04:00,85.04092754807905,85.77005227649332,83.9768131783228,85.23799133300781,593800,0.29,0.0
2023-06-09 00:00:00-04:00,85.39563353795045,85.39563353795045,83.91768900105043,84.72563171386719,356700,0.0,0.0
2023-06-12 00:00:00-04:00,84.67637534708192,85.8390254042408,84.12460424925422,85.39563751220703,370200,0.0,0.0
2023-06-13 00:00:00-04:00,85.88828383093039,87.38593854149181,85.85872614221921,86.94255065917969,366300,0.0,0.0
2023-06-14 00:00:00-04:00,87.13961187603408,87.82931631633693,85.68136996583215,86.24298858642578,397300,0.0,0.0
2023-06-15 00:00:00-04:00,85.79959774866147,87.5140110887599,85.68135949453914,87.49430847167969,322700,0.0,0.0
2023-06-16 00:00:00-04:00,88.08549362077565,88.08549362077565,86.7356349391786,87.89828491210938,944700,0.0,0.0
2023-06-20 00:00:00-04:00,86.99181579041482,87.86872894201794,85.75034028249902,86.8932876586914,323400,0.0,0.0
2023-06-21 00:00:00-04:00,86.23312439903206,87.66180847031303,85.86856959794373,87.13960266113281,321100,0.0,0.0
2023-06-22 00:00:00-04:00,87.07063588915307,87.07063588915307,85.6123940717817,86.03607177734375,304400,0.0,0.0
2023-06-23 00:00:00-04:00,84.94239372015308,85.90798740853903,84.65665688907167,85.78974914550781,483600,0.0,0.0
2023-06-26 00:00:00-04:00,86.0262220582104,87.59284716630657,85.927693926487,86.8932876586914,331200,0.0,0.0
2023-06-27 00:00:00-04:00,87.38594126517684,89.26785350485468,87.09034933442229,89.19888305664062,342400,0.0,0.0
2023-06-28 00:00:00-04:00,89.26784583199424,89.42549685277007,88.5879964772381,89.41564178466797,479900,0.0,0.0
2023-06-29 00:00:00-04:00,89.24814962571479,91.110359218451,89.00182552596434,91.0019760131836,405600,0.0,0.0
2023-06-30 00:00:00-04:00,91.6522535878361,92.59814460009878,91.15960546433895,91.83946228027344,388700,0.0,0.0
2023-07-03 00:00:00-04:00,91.20888796830114,91.79021675657351,90.64726931778175,91.36653900146484,247700,0.0,0.0
2023-07-05 00:00:00-04:00,90.41080399283399,90.80492407469036,89.99697377241638,90.5881576538086,438100,0.0,0.0
2023-07-06 00:00:00-04:00,89.96740899172717,91.21873958921638,89.49447094454261,91.06108856201172,723100,0.0,0.0
2023-07-07 00:00:00-04:00,90.84432250438793,93.47506953108395,90.84432250438793,92.184326171875,581700,0.0,0.0
2023-07-10 00:00:00-04:00,92.66712225285436,94.26329748626532,92.66712225285436,94.00712585449219,338700,0.0,0.0
2023-07-11 00:00:00-04:00,94.20418321988048,95.4062459517068,94.20418321988048,95.06139373779297,318800,0.0,0.0
2023-07-12 00:00:00-04:00,96.28316025859911,96.47036897009028,94.82491835705571,95.79051208496094,427400,0.0,0.0
2023-07-13 00:00:00-04:00,96.0072720440928,96.59844830936048,95.23874214752341,96.51962280273438,497200,0.0,0.0
2023-07-14 00:00:00-04:00,96.23388336334858,96.64770598606624,94.9530027429538,95.71167755126953,376200,0.0,0.0
2023-07-17 00:00:00-04:00,95.62301420474391,96.2437482018403,94.80521642643184,95.82992553710938,302300,0.0,0.0
2023-07-18 00:00:00-04:00,95.89888462281654,97.15020753716513,95.68211824776078,96.93344116210938,390400,0.0,0.0
2023-07-19 00:00:00-04:00,96.63786730713099,97.08124765542819,95.2485958526279,96.44080352783203,405700,0.0,0.0
2023-07-20 00:00:00-04:00,96.62801641446526,96.77581237602257,95.75110323103071,96.67728424072266,411500,0.0,0.0
2023-07-21 00:00:00-04:00,97.00241939777797,97.19948317149847,96.11565872628587,96.60830688476562,421700,0.0,0.0
2023-07-24 00:00:00-04:00,96.74625000066321,97.35712892026,95.87918441070981,95.96786499023438,259600,0.0,0.0
2023-07-25 00:00:00-04:00,95.26831444037742,96.37184163348682,95.09096078188267,96.04669952392578,271200,0.0,0.0
2023-07-26 00:00:00-04:00,95.69198063279462,96.41124273170503,94.92344319413006,95.26830291748047,483800,0.0,0.0
2023-07-27 00:00:00-04:00,95.4555157411913,96.23390082547677,94.83478169447947,95.72154998779297,482500,0.0,0.0
2023-07-28 00:00:00-04:00,96.27329989476333,97.55418808265276,95.96786044941712,97.46550750732422,597800,0.0,0.0
2023-07-31 00:00:00-04:00,97.8399289159653,98.67742929593346,97.32757061294433,98.13551330566406,546700,0.0,0.0
2023-08-01 00:00:00-04:00,97.6921335563112,99.18978068464564,97.6921335563112,98.71684265136719,538700,0.0,0.0
2023-08-02 00:00:00-04:00,97.839929263834,98.58874906750482,96.71669204111325,96.83492279052734,526300,0.0,0.0
2023-08-03 00:00:00-04:00,98.47052289750464,101.44611466583392,96.5689005781093,100.29331970214844,1004200,0.0,0.0
2023-08-04 00:00:00-04:00,100.74656582991909,100.93377456802159,98.61832180901378,99.69229888916016,598000,0.0,0.0
2023-08-07 00:00:00-04:00,100.25390054673348,101.05198816031928,99.83022282850096,100.69728088378906,317500,0.0,0.0
2023-08-08 00:00:00-04:00,98.98287462319277,99.41640744111557,97.28816362645625,99.35728454589844,479700,0.0,0.0
2023-08-09 00:00:00-04:00,99.15036460296339,99.22919011160374,97.9285992878951,98.08625030517578,450600,0.0,0.0
2023-08-10 00:00:00-04:00,98.32272161810371,99.24890257329741,96.69698117106465,97.01227569580078,300800,0.0,0.0
2023-08-11 00:00:00-04:00,96.90388768314727,97.18962450655623,96.52947780275659,97.06153869628906,483200,0.0,0.0
2023-08-14 00:00:00-04:00,96.4999277903878,96.8053672561198,96.20433587584967,96.62801361083984,308400,0.0,0.0
2023-08-15 00:00:00-04:00,96.13536506686633,96.22404564777734,94.82491911044572,95.50477600097656,289300,0.0,0.0
2023-08-16 00:00:00-04:00,95.16977367613723,96.11566481549191,94.16477467674324,94.43080139160156,353300,0.0,0.0
2023-08-17 00:00:00-04:00,94.91359725853087,95.11065351761499,93.82977279913933,94.0465316772461,385900,0.0,0.0
2023-08-18 00:00:00-04:00,93.14006844128079,94.3322761954012,92.87404171813617,93.93815612792969,326500,0.0,0.0
2023-08-21 00:00:00-04:00,94.48992786940991,94.72639690460879,93.37653810746897,94.1943359375,545000,0.0,0.0
2023-08-22 00:00:00-04:00,94.98257532249588,95.31757249326252,94.11550967163627,94.37168884277344,246700,0.0,0.0
2023-08-23 00:00:00-04:00,94.5194718952102,96.68712069180576,94.36182088305794,96.26344299316406,304800,0.0,0.0
2023-08-24 00:00:00-04:00,95.96785669292508,97.34727295268485,95.41608567869285,95.6032943725586,372900,0.0,0.0
2023-08-25 00:00:00-04:00,96.53933008544607,97.67241476155613,96.01711675738906,96.90388488769531,303300,0.0,0.0
2023-08-28 00:00:00-04:00,97.25861269495434,98.66758693388365,97.25861269495434,97.86949920654297,279400,0.0,0.0
2023-08-29 00:00:00-04:00,97.87933842276546,100.41155732662548,97.62316677729754,100.03713989257812,359500,0.0,0.0
2023-08-30 00:00:00-04:00,100.3524336416514,101.05199316131383,100.00758141607339,100.43125915527344,428600,0.0,0.0
2023-08-31 00:00:00-04:00,100.67828304717696,101.74544106749039,100.40161412457631,101.06364440917969,424200,0.29,0.0
2023-09-01 00:00:00-04:00,101.64663041681045,102.72366407050039,101.29091108159884,102.17032623291016,299100,0.0,0.0
2023-09-05 00:00:00-04:00,101.39960677356429,101.39960677356429,98.8502873022906,99.2850570678711,452700,0.0,0.0
2023-09-06 00:00:00-04:00,98.96885961799511,100.30280335386522,98.96885961799511,99.63088989257812,487400,0.0,0.0
2023-09-07 00:00:00-04:00,99.36409910272187,99.66053440194325,98.09932256488128,99.04790496826172,437900,0.0,0.0
2023-09-08 00:00:00-04:00,98.96886251018564,99.90756173061354,98.82064485994364,99.1664810180664,324000,0.0,0.0
2023-09-11 00:00:00-04:00,99.73959565228922,100.32257558843199,99.39375191941686,99.82852172851562,442000,0.0,0.0
2023-09-12 00:00:00-04:00,99.32457473256915,100.7375689319559,99.32457473256915,100.0755386352539,417900,0.0,0.0
2023-09-13 00:00:00-04:00,99.82850968398317,99.94708530997559,98.31670626122772,98.86016845703125,509300,0.0,0.0
2023-09-14 00:00:00-04:00,100.04589564675464,100.54983263935648,98.90957038599721,99.38386535644531,367300,0.0,0.0
2023-09-15 00:00:00-04:00,98.65266085404026,99.35422389607183,97.72384482043273,98.20801544189453,1350500,0.0,0.0
2023-09-18 00:00:00-04:00,98.15860013665116,98.58348668356447,97.52621190943074,97.65467071533203,423900,0.0,0.0
2023-09-19 00:00:00-04:00,97.6447936624508,97.83253652061482,96.38001712856483,97.01240539550781,348300,0.0,0.0
2023-09-20 00:00:00-04:00,97.66455075822839,98.54397345052952,95.8464364078135,95.91560363769531,253700,0.0,0.0
2023-09-21 00:00:00-04:00,95.08560011619522,95.29310181290482,93.73188995537976,93.98880004882812,298300,0.0,0.0
2023-09-22 00:00:00-04:00,94.03819576343912,95.02630333486623,94.03819576343912,94.36427307128906,255600,0.0,0.0
2023-09-25 00:00:00-04:00,94.03820339566516,96.3404960332255,94.03820339566516,95.94525146484375,360200,0.0,0.0
2023-09-26 00:00:00-04:00,95.29309953393147,95.68833654373773,93.76152973561261,93.89986419677734,265800,0.0,0.0
2023-09-27 00:00:00-04:00,94.54214901572216,96.23181234918076,94.09750354747761,95.67847442626953,391300,0.0,0.0
2023-09-28 00:00:00-04:00,95.50060028091596,98.60325751691035,95.50060028091596,97.66455078125,540100,0.0,0.0
2023-09-29 00:00:00-04:00,98.48469247806474,98.48469247806474,96.40966781941415,96.7456283569336,319400,0.0,0.0
2023-10-02 00:00:00-04:00,96.56775760252738,96.91359374955728,95.0164289955682,95.51048278808594,280100,0.0,0.0
2023-10-03 00:00:00-04:00,94.96702674634798,95.64882343651485,93.91963505080372,94.70023345947266,220800,0.0,0.0
2023-10-04 00:00:00-04:00,94.60142352382876,95.6488227505242,93.68248311532352,95.25357818603516,262300,0.0,0.0
2023-10-05 00:00:00-04:00,97.05193148800946,97.66455338668949,95.01643220642356,95.33262634277344,466600,0.0,0.0
2023-10-06 00:00:00-04:00,94.97690886653302,97.56574605302309,94.87809207181505,96.88395690917969,398500,0.0,0.0
2023-10-09 00:00:00-04:00,96.70609041661832,98.29694420456211,96.29107950857811,97.91157531738281,323700,0.0,0.0
2023-10-10 00:00:00-04:00,98.07956555076224,99.6407698781495,97.99063194387941,98.227783203125,414600,0.0,0.0
2023-10-11 00:00:00-04:00,98.30682562520245,99.89767950656471,98.30682562520245,99.858154296875,271100,0.0,0.0
2023-10-12 00:00:00-04:00,99.94707837854112,100.15458005564037,98.4253918744845,99.09730529785156,287900,0.0,0.0
2023-10-13 00:00:00-04:00,99.12695222104593,99.36409592965245,96.4985899757787,97.308837890625,388000,0.0,0.0
2023-10-16 00:00:00-04:00,98.10920382815858,99.40362236280849,97.67443407480206,98.45503997802734,333000,0.0,0.0
2023-10-17 00:00:00-04:00,97.75348280079244,100.65852148676987,97.75348280079244,99.2751693725586,970700,0.0,0.0
2023-10-18 00:00:00-04:00,98.11908161372364,98.58348582446166,94.28521953861481,94.37415313720703,465600,0.0,0.0
2023-10-19 00:00:00-04:00,93.8109379139368,95.67846067399901,93.11925807105204,93.4453353881836,520000,0.0,0.0
2023-10-20 00:00:00-04:00,93.73189800470925,94.70023933917808,93.0501012722113,93.93939971923828,617800,0.0,0.0
2023-10-23 00:00:00-04:00,93.73189666403941,94.166666462737,92.05211659597529,92.33866119384766,407700,0.0,0.0
2023-10-24 00:00:00-04:00,93.24771570064473,93.96903001751555,92.06198207302762,93.08961486816406,314700,0.0,0.0
2023-10-25 00:00:00-04:00,92.6153291600564,92.6153291600564,91.3011442357528,91.47900390625,312600,0.0,0.0
2023-10-26 00:00:00-04:00,91.83472999612962,93.2872494888245,91.83472999612962,92.20032501220703,384700,0.0,0.0
2023-10-27 00:00:00-04:00,92.14102747309421,92.71413165164279,90.97506028234396,91.21220397949219,301400,0.0,0.0
2023-10-30 00:00:00-04:00,92.36830652322081,92.36830652322081,90.89602069554115,91.03435516357422,739000,0.0,0.0
2023-10-31 00:00:00-04:00,90.84660993072967,92.66472419159072,90.84660993072967,92.23983764648438,492200,0.0,0.0
2023-11-01 00:00:00-04:00,92.20031577729942,92.9413964614946,91.0639980924635,92.85247039794922,760500,0.0,0.0
2023-11-02 00:00:00-04:00,95.79702855283662,99.76922531605115,94.39391757380223,98.57361602783203,892300,0.0,0.0
2023-11-03 00:00:00-04:00,100.29293030791892,101.18222873463807,99.78899327633418,100.00637817382812,578900,0.0,0.0
2023-11-06 00:00:00-05:00,100.48066118252208,100.48066118252208,98.99849982786355,99.66053009033203,322700,0.0,0.0
2023-11-07 00:00:00-05:00,98.97873815851568,99.51231717618916,98.33646669990894,99.1664810180664,251200,0.0,0.0
2023-11-08 00:00:00-05:00,99.47278733787155,99.98660749631125,99.12695119584244,99.4925537109375,270200,0.0,0.0
2023-11-09 00:00:00-05:00,100.17434421591038,100.93519127772684,99.11706940190237,99.3443374633789,330300,0.0,0.0
2023-11-10 00:00:00-05:00,99.97672861287153,101.8343682119129,99.80875212789358,101.58734130859375,491600,0.0,0.0
2023-11-13 00:00:00-05:00,101.34031782535055,102.16044898132732,101.09329091369463,101.864013671875,291100,0.0,0.0
2023-11-14 00:00:00-05:00,103.62285270036638,106.1029974915237,103.02010642652161,105.71763610839844,576000,0.0,0.0
2023-11-15 00:00:00-05:00,105.72751637788777,107.27884505497006,105.72751637788777,106.18204498291016,505700,0.0,0.0
2023-11-16 00:00:00-05:00,106.8934740710192,108.18789253716464,105.87572451012662,106.54763793945312,493800,0.0,0.0
2023-11-17 00:00:00-05:00,107.21956746406983,107.69385493322615,106.44884467269326,106.78479766845703,273700,0.0,0.0
2023-11-20 00:00:00-05:00,106.82431665387743,108.32623693687675,106.25121241827831,106.6365737915039,364200,0.0,0.0
2023-11-21 00:00:00-05:00,106.17215579247197,107.07133730321446,105.98442047973496,106.48834991455078,864000,0.0,0.0
2023-11-22 00:00:00-05:00,106.6859724470158,108.09896653270961,106.26108590268375,107.506103515625,395300,0.0,0.0
2023-11-24 00:00:00-05:00,107.53575102576998,108.45469138769815,107.22943254601881,108.2076644897461,275500,0.0,0.0
2023-11-27 00:00:00-05:00,107.40730063624218,108.90922851521279,107.18004009395715,108.27684020996094,547300,0.0,0.0
2023-11-28 00:00:00-05:00,108.266951808959,108.96850731573188,106.07335168258199,106.11287689208984,401700,0.0,0.0
2023-11-29 00:00:00-05:00,106.63657142235459,107.57527817470397,105.73739741769288,106.0931167602539,321200,0.0,0.0
2023-11-30 00:00:00-05:00,106.43988588046757,107.38112730716819,106.11292546775208,107.27214050292969,288500,0.29,0.0
2023-12-01 00:00:00-05:00,107.10370688045563,109.28343536098167,107.10370688045563,109.21408081054688,375500,0.0,0.0
2023-12-04 00:00:00-05:00,108.66916247699857,110.22469266892946,108.35211197797699,110.21478271484375,476800,0.0,0.0
2023-12-05 00:00:00-05:00,109.80855068055453,110.59127064930998,109.22398441263982,109.4815902709961,486100,0.0,0.0
2023-12-06 00:00:00-05:00,110.09588559829503,111.55233126297006,109.80855742307787,109.8382797241211,312900,0.0,0.0
2023-12-07 00:00:00-05:00,110.00670178532972,111.11638213745609,109.67974138348728,111.04702758789062,584100,0.0,0.0
2023-12-08 00:00:00-05:00,111.0470367744882,112.8700751190687,111.0470367744882,112.68183135986328,429800,0.0,0.0
2023-12-11 00:00:00-05:00,112.86017236889423,113.38528650868638,112.22606386073588,112.30532836914062,252300,0.0,0.0
2023-12-12 00:00:00-05:00,112.37468327859622,113.39518926051679,111.9189236924511,112.68183135986328,304800,0.0,0.0
2023-12-13 00:00:00-05:00,112.69172697378353,113.11776423331955,110.92813333726485,111.82975006103516,575500,0.0,0.0
2023-12-14 00:00:00-05:00,113.01868967717368,115.36684962866491,113.01868967717368,115.20832061767578,416500,0.0,0.0
2023-12-15 00:00:00-05:00,114.89126949818049,115.9315953393832,114.46523223243109,114.70301818847656,1048800,0.0,0.0
2023-12-18 00:00:00-05:00,115.09933161771811,115.09933161771811,113.20693882936443,113.81131744384766,398200,0.0,0.0
2023-12-19 00:00:00-05:00,114.72283669885213,115.83251707869887,114.7030167932932,115.79288482666016,276400,0.0,0.0
2023-12-20 00:00:00-05:00,115.40647508417474,116.36752881014462,114.60393524169922,114.60393524169922,436700,0.0,0.0
2023-12-21 00:00:00-05:00,115.80278331214208,116.6944900552213,115.00025102291025,116.59541320800781,264700,0.0,0.0
2023-12-22 00:00:00-05:00,116.94219337669576,118.00233158324707,116.80348426997534,117.95279693603516,217900,0.0,0.0
2023-12-26 00:00:00-05:00,118.35901398740764,119.18136623154174,118.0716858216591,118.81477355957031,174300,0.0,0.0
2023-12-27 00:00:00-05:00,119.11201016671156,119.53804743340363,118.7553274523145,119.40924072265625,235600,0.0,0.0
2023-12-28 00:00:00-05:00,118.97330167831137,119.51822814657191,118.81477266705639,119.17145538330078,198500,0.0,0.0
2023-12-29 00:00:00-05:00,118.85440733623726,120.07307456802825,117.94288818022743,118.22030639648438,221100,0.0,0.0
2024-01-02 00:00:00-05:00,116.98182583069782,117.94288718539545,115.17859988115814,115.85233306884766,297800,0.0,0.0
2024-01-03 00:00:00-05:00,114.93090634683502,115.31731137551611,112.65210086977457,112.67192077636719,396000,0.0,0.0
2024-01-04 00:00:00-05:00,112.73136448810286,114.21753998947685,112.71155214074618,113.52399444580078,456400,0.0,0.0
2024-01-05 00:00:00-05:00,112.97906132837448,114.85164187068393,112.97906132837448,114.65348815917969,717200,0.0,0.0
2024-01-08 00:00:00-05:00,114.52468054310657,115.10924683788332,113.9203094600465,115.01016998291016,242200,0.0,0.0
2024-01-09 00:00:00-05:00,114.22745178583993,115.07952635843624,113.18712589445991,115.0398941040039,217800,0.0,0.0
2024-01-10 00:00:00-05:00,115.36684446936347,115.72352716905857,114.8120005147939,115.49564361572266,182600,0.0,0.0
2024-01-11 00:00:00-05:00,115.52537419343003,116.4071710533492,114.89127325054612,116.24864959716797,167100,0.0,0.0
2024-01-12 00:00:00-05:00,117.43758387390913,117.69518973736498,115.85233155856412,116.4468002319336,239400,0.0,0.0
2024-01-16 00:00:00-05:00,115.68390412399718,117.02146057475461,115.51546515418008,116.88275146484375,294700,0.0,0.0
2024-01-17 00:00:00-05:00,115.62445195560183,116.64496549142069,115.62445195560183,116.38735961914062,227100,0.0,0.0
2024-01-18 00:00:00-05:00,116.99174190832457,117.87353880261402,116.16938961753516,117.43759155273438,197100,0.0,0.0
2024-01-19 00:00:00-05:00,117.66546689585425,118.28965786615667,116.75394020453294,118.17076110839844,156500,0.0,0.0
2024-01-22 00:00:00-05:00,119.11201541288789,120.67745544401448,118.61662357208172,120.36040496826172,302000,0.0,0.0
2024-01-23 00:00:00-05:00,120.71707549616387,120.71707549616387,119.34979678939696,120.16223907470703,267800,0.0,0.0
2024-01-24 00:00:00-05:00,120.76662232447346,120.76662232447346,118.06178710726091,118.13114166259766,202600,0.0,0.0
2024-01-25 00:00:00-05:00,119.38943144267486,119.67675961215755,118.25002871792057,118.96339416503906,261600,0.0,0.0
2024-01-26 00:00:00-05:00,119.34979946672854,119.84519129959347,118.34910584779914,118.84449768066406,205000,0.0,0.0
2024-01-29 00:00:00-05:00,118.70577760206737,121.31154323993754,118.00232217149811,121.26200103759766,268300,0.0,0.0
2024-01-30 00:00:00-05:00,120.77652712617646,122.51039849471734,120.7368948735203,122.13389587402344,350200,0.0,0.0
2024-01-31 00:00:00-05:00,121.76730351077022,122.23297300288766,119.6272073493144,119.66683959960938,803400,0.0,0.0
2024-02-01 00:00:00-05:00,120.677446468163,123.12467563009648,120.25140921439468,122.93643188476562,296200,0.0,0.0
2024-02-02 00:00:00-05:00,122.25278630178212,125.62145201233466,122.20324409875738,125.24495697021484,330000,0.0,0.0
2024-02-05 00:00:00-05:00,123.75878327811392,124.43250887034401,122.76799967672287,124.03620147705078,345500,0.0,0.0
2024-02-06 00:00:00-05:00,124.13528897182668,124.53160395818881,123.4120135547848,123.83805084228516,596000,0.0,0.0
2024-02-07 00:00:00-05:00,124.62077149562538,125.95832796720788,123.92722593527287,124.59104919433594,707000,0.0,0.0
2024-02-08 00:00:00-05:00,123.35255939965117,123.84795120446906,117.48712224478649,118.73550415039062,1153900,0.0,0.0
2024-02-09 00:00:00-05:00,119.84518838759853,122.21316068642959,119.72629162933129,121.27191925048828,598100,0.0,0.0
2024-02-12 00:00:00-05:00,120.78644344769418,122.55003720894456,120.21178709249943,121.86639404296875,270300,0.0,0.0
2024-02-13 00:00:00-05:00,119.59749050123152,119.84518640755311,117.8537092041853,118.51753997802734,342400,0.0,0.0
2024-02-14 00:00:00-05:00,119.36961410974826,122.27261042469772,119.36961410974826,121.97537231445312,378100,0.0,0.0
2024-02-15 00:00:00-05:00,122.86709039765293,124.00649317971546,121.05395438821184,123.7686996459961,490900,0.0,0.0
2024-02-16 00:00:00-05:00,123.66961822298069,124.15510010802004,122.5500353895815,122.57975769042969,228700,0.0,0.0
2024-02-20 00:00:00-05:00,121.2620151065764,122.27261870256262,120.72699100736246,121.24220275878906,248700,0.0,0.0
2024-02-21 00:00:00-05:00,121.40072449855506,122.12399991927668,120.42976071406156,121.86639404296875,209400,0.0,0.0
2024-02-22 00:00:00-05:00,122.69863812244434,124.23435573517271,121.70785451657545,124.04610443115234,356600,0.0,0.0
2024-02-23 00:00:00-05:00,124.54150208527608,124.81892785757972,123.68942753947049,124.51177978515625,237900,0.0,0.0
2024-02-26 00:00:00-05:00,124.0659286358741,125.19542138098102,123.8083227728787,124.61085510253906,236000,0.0,0.0
2024-02-27 00:00:00-05:00,124.79910580989622,124.79910580989622,122.60947488271661,123.85786437988281,323400,0.0,0.0
2024-02-28 00:00:00-05:00,123.71915377817743,125.42329526083958,123.19403210813641,124.45233154296875,280400,0.0,0.0
2024-02-29 00:00:00-05:00,125.00716980945703,125.8493343900569,124.23435978116353,124.97744750976562,575000,0.0,0.0
2024-03-01 00:00:00-05:00,124.6207660741432,125.74035643453678,124.5613214741504,125.49266052246094,240400,0.0,0.0
2024-03-04 00:00:00-05:00,125.82952179470355,128.2073964742692,125.82952179470355,126.83020782470703,310300,0.0,0.0
2024-03-05 00:00:00-05:00,126.62215602388073,126.70141297256419,125.08643831206125,125.16570281982422,315600,0.0,0.0
2024-03-06 00:00:00-05:00,125.43320045302906,126.59241543425983,125.43320045302906,126.10693359375,328900,0.0,0.0
2024-03-07 00:00:00-05:00,126.85090138833698,127.47666068706963,125.94702684572317,127.049560546875,314400,0.319,0.0
2024-03-08 00:00:00-05:00,127.2879377352973,128.24148655028125,126.17547674793623,126.22514343261719,359100,0.0,0.0
2024-03-11 00:00:00-04:00,125.9668886777549,125.9668886777549,124.3180593451442,125.63910675048828,185000,0.0,0.0
2024-03-12 00:00:00-04:00,125.63910337538006,126.5429854696692,125.24179264797903,126.42378997802734,167500,0.0,0.0
2024-03-13 00:00:00-04:00,126.30461156083481,127.17868158630591,125.67884465525573,126.68205261230469,229800,0.0,0.0
2024-03-14 00:00:00-04:00,126.86083215034127,127.3673959376177,125.02327856702811,126.04634857177734,161900,0.0,0.0
2024-03-15 00:00:00-04:00,125.06301925058008,126.68205167019353,125.06301925058008,126.14568328857422,724800,0.0,0.0
2024-03-18 00:00:00-04:00,126.14567190817559,126.98001759670802,125.52983991563617,125.6291732788086,264000,0.0,0.0
2024-03-19 00:00:00-04:00,125.61924351305142,129.9797115847487,125.61924351305142,128.79771423339844,564700,0.0,0.0
2024-03-20 00:00:00-04:00,128.79770619701983,130.47633996731486,128.28120000089604,130.2677459716797,439700,0.0,0.0
2024-03-21 00:00:00-04:00,130.83392474233003,134.41964098737563,130.81405503800704,133.4859619140625,452400,0.0,0.0
2024-03-22 00:00:00-04:00,133.4859735791525,133.53564026622843,131.45970308930123,132.0457305908203,246300,0.0,0.0
2024-03-25 00:00:00-04:00,133.42637946506082,133.6846250189584,132.35364268125213,132.96946716308594,368500,0.0,0.0
2024-03-26 00:00:00-04:00,133.39658459723626,137.35973469215344,131.92654460627568,136.1578826904297,593300,0.0,0.0
2024-03-27 00:00:00-04:00,136.93261309144685,136.93261309144685,134.77721255204614,135.92941284179688,454900,0.0,0.0
2024-03-28 00:00:00-04:00,135.76055060693412,136.48565083201322,134.7970897104822,135.11492919921875,291300,0.0,0.0
2024-04-01 00:00:00-04:00,134.8864787372266,135.43278192779476,132.7310781091154,133.1184539794922,376900,0.0,0.0
2024-04-02 00:00:00-04:00,132.2245162434527,132.6019648886078,129.30429077148438,129.30429077148438,901600,0.0,0.0
2024-04-03 00:00:00-04:00,128.97652569653357,132.30398168389476,128.65867101085666,131.30078125,409700,0.0,0.0
2024-04-04 00:00:00-04:00,132.53241884820017,133.90314053883145,130.31742413925159,130.6750030517578,285500,0.0,0.0
2024-04-05 00:00:00-04:00,130.91339527452988,132.5820867777956,130.05917981753115,131.6980743408203,330600,0.0,0.0
2024-04-08 00:00:00-04:00,132.6913486027809,133.36678218592513,131.57888759071344,132.01593017578125,182900,0.0,0.0
2024-04-09 00:00:00-04:00,132.57214317203417,132.57214317203417,129.61219399521437,131.1616973876953,402700,0.0,0.0
2024-04-10 00:00:00-04:00,128.42025726730736,130.46641234287287,128.1024177940309,128.8572998046875,214900,0.0,0.0
2024-04-11 00:00:00-04:00,129.26456046341767,130.1088486598022,128.56927232553056,129.9995880126953,268000,0.0,0.0
2024-04-12 00:00:00-04:00,128.84738869196468,129.42348891293838,127.01976223392771,127.87398529052734,251700,0.0,0.0
2024-04-15 00:00:00-04:00,129.86052232948745,129.86052232948745,126.51318946628184,126.96015930175781,320200,0.0,0.0
2024-04-16 00:00:00-04:00,126.4734619827062,127.3276774302385,125.21200093848128,126.71184539794922,496500,0.0,0.0
2024-04-17 00:00:00-04:00,128.062688295813,128.062688295813,123.96048086595401,124.27832794189453,371700,0.0,0.0
2024-04-18 00:00:00-04:00,125.13254683790262,125.93709561341066,123.72209329499061,124.3081283569336,314300,0.0,0.0
2024-04-19 00:00:00-04:00,124.40745011968856,125.76823693293599,123.32478612737901,124.11940002441406,393500,0.0,0.0
2024-04-22 00:00:00-04:00,124.46704829741587,125.99668976310483,123.5234418945511,124.90409088134766,241900,0.0,0.0
2024-04-23 00:00:00-04:00,125.85763716683643,128.8771883859807,125.6788477006347,128.66859436035156,347700,0.0,0.0
2024-04-24 00:00:00-04:00,129.50294619215254,130.3174222187701,127.95344264617523,129.60226440429688,376900,0.0,0.0
2024-04-25 00:00:00-04:00,128.1918262943688,129.64201171660005,126.82111211845579,129.2744903564453,241300,0.0,0.0
2024-04-26 00:00:00-04:00,129.7214738184378,131.05245614415608,129.61221317043734,130.3174285888672,234900,0.0,0.0
2024-04-29 00:00:00-04:00,130.70479510775542,131.93645912802282,129.87044939538575,131.68814086914062,377500,0.0,0.0
2024-04-30 00:00:00-04:00,131.10210744471468,132.24436532109206,128.3209400406714,128.4699249267578,401400,0.0,0.0
2024-05-01 00:00:00-04:00,128.80765782106542,129.68174306341714,127.55613907909023,128.4103546142578,723200,0.0,0.0
2024-05-02 00:00:00-04:00,125.96688535150082,127.40713579172986,121.31836726834611,123.65255737304688,1150500,0.0,0.0
2024-05-03 00:00:00-04:00,125.67884399291164,128.03289638736806,125.54972121815905,127.44686889648438,540300,0.0,0.0
2024-05-06 00:00:00-04:00,129.11556747843852,132.2642411855914,128.91690074621184,130.54586791992188,602700,0.0,0.0
2024-05-07 00:00:00-04:00,130.62534278826206,134.35011699491386,130.62534278826206,133.724365234375,730500,0.0,0.0
2024-05-08 00:00:00-04:00,133.75414561838718,135.5420400469546,132.04571484843865,135.47250366210938,716700,0.0,0.0
2024-05-09 00:00:00-04:00,135.97906227809742,137.8662899974006,135.6214834059452,136.9226837158203,439200,0.0,0.0
2024-05-10 00:00:00-04:00,137.81664060509723,138.25368318767488,136.05854300014417,137.07168579101562,473400,0.0,0.0
2024-05-13 00:00:00-04:00,137.28027612405012,137.439188294787,135.3831209442869,135.63143920898438,204600,0.0,0.0
2024-05-14 00:00:00-04:00,136.3267217094104,136.9127491525083,135.82015792648326,136.59490966796875,336500,0.0,0.0
2024-05-15 00:00:00-04:00,137.57824723599654,138.6609263991287,137.07168342736819,138.28347778320312,454400,0.0,0.0
2024-05-16 00:00:00-04:00,137.9060165754348,139.05821686694952,137.36965583622225,137.55838012695312,456500,0.0,0.0
2024-05-17 00:00:00-04:00,137.97556129223278,138.74037061877095,137.23060651402338,138.4225311279297,360100,0.0,0.0
2024-05-20 00:00:00-04:00,138.53179571202926,139.25688080640785,137.92589853559122,138.72052001953125,252200,0.0,0.0
2024-05-21 00:00:00-04:00,138.10469532112222,138.8099259427376,137.78685578692142,138.23382568359375,212400,0.0,0.0
2024-05-22 00:00:00-04:00,138.01528535714593,138.75031286019032,137.02201232088558,137.71730041503906,229900,0.0,0.0
2024-05-23 00:00:00-04:00,138.06494244844725,138.06494244844725,135.14471749973467,135.61155700683594,179200,0.0,0.0
2024-05-24 00:00:00-04:00,136.10820110659589,136.8432285997055,135.6711585515655,136.6445770263672,165100,0.0,0.0
2024-05-28 00:00:00-04:00,137.18095544313567,137.18095544313567,132.36357460000326,132.39337158203125,489700,0.0,0.0
2024-05-29 00:00:00-04:00,131.05245542852202,131.31070097868343,129.30428507006104,129.5625457763672,498700,0.0,0.0
2024-05-30 00:00:00-04:00,129.25461622797917,132.06558054729095,129.25461622797917,130.55580139160156,1007100,0.0,0.0
2024-05-31 00:00:00-04:00,130.82400209313386,132.35363594491955,130.6650747652188,131.9861297607422,1124300,0.0,0.0
2024-06-03 00:00:00-04:00,133.51845598300642,133.51845598300642,126.91720337434072,128.62974548339844,428100,0.319,0.0
2024-06-04 00:00:00-04:00,127.72368339798687,128.78905039216008,126.3297532970387,126.94706726074219,611800,0.0,0.0
2024-06-05 00:00:00-04:00,127.51460503603238,128.948347414008,126.54880283155114,128.82887268066406,320000,0.0,0.0
2024-06-06 00:00:00-04:00,128.6496613813568,128.98818325634898,127.24577248536329,127.75355529785156,180500,0.0,0.0
2024-06-07 00:00:00-04:00,127.55442488556238,129.71501240506768,127.5146050386523,127.69381713867188,415100,0.0,0.0
2024-06-10 00:00:00-04:00,126.51893414158093,127.75355449602128,126.08083986252129,126.9371109008789,541900,0.0,0.0
2024-06-11 00:00:00-04:00,126.3894990557503,126.77780712682086,124.84621793491543,126.62845611572266,435100,0.0,0.0
2024-06-12 00:00:00-04:00,128.45052134974037,130.79033626350395,128.08213077751168,129.4362335205078,294100,0.0,0.0
2024-06-13 00:00:00-04:00,128.71933950521097,129.37648087479567,127.39510560321082,129.24703979492188,203800,0.0,0.0
2024-06-14 00:00:00-04:00,127.47476351173765,128.74921124462762,124.63712479455172,126.27001190185547,557000,0.0,0.0
2024-06-17 00:00:00-04:00,125.89167135250229,128.23147101553064,125.89167135250229,127.87303161621094,318500,0.0,0.0
2024-06-18 00:00:00-04:00,127.8630686112018,130.43188153632877,126.98688771417807,130.38209533691406,265200,0.0,0.0
2024-06-20 00:00:00-04:00,130.38211469280748,131.08904236716765,128.80896475197287,129.35658264160156,233200,0.0,0.0
2024-06-21 00:00:00-04:00,129.54575386761968,129.57562255150938,126.49902656993673,129.38644409179688,616400,0.0,0.0
2024-06-24 00:00:00-04:00,129.97388018785978,131.47734149055538,129.38644248848604,130.2128448486328,269700,0.0,0.0
2024-06-25 00:00:00-04:00,129.50593084138137,129.74488030663437,127.44490054787796,128.01243591308594,232700,0.0,0.0
2024-06-26 00:00:00-04:00,127.16611880829667,127.92281745241073,125.84188478663478,126.89728546142578,431800,0.0,0.0
2024-06-27 00:00:00-04:00,127.13624894345863,127.73363780664668,126.2401504560603,126.99685668945312,263300,0.0,0.0
2024-06-28 00:00:00-04:00,127.17608030252421,129.27692293723467,127.17608030252421,128.61978149414062,603800,0.0,0.0
2024-07-01 00:00:00-04:00,129.95397622628346,130.1730233644166,124.59730289076303,125.55313873291016,782700,0.0,0.0
2024-07-02 00:00:00-04:00,125.49339817433636,126.56871631801357,124.6371271632202,126.26005554199219,316100,0.0,0.0
2024-07-03 00:00:00-04:00,126.31980613867029,127.71373628381353,126.31980613867029,127.24577331542969,134100,0.0,0.0
2024-07-05 00:00:00-04:00,127.63408262119889,127.63408262119889,125.12500681660119,126.3895034790039,236300,0.0,0.0
2024-07-08 00:00:00-04:00,127.1262812827477,127.80333258178835,126.26005153952715,126.33970642089844,232300,0.0,0.0
2024-07-09 00:00:00-04:00,126.40940289702324,127.22584644259624,125.393829743772,125.42369842529297,272500,0.0,0.0
2024-07-10 00:00:00-04:00,125.73236790590899,128.948356305301,125.73236790590899,128.54014587402344,253800,0.0,0.0
2024-07-11 00:00:00-04:00,129.8444511188416,132.3933466677017,129.8444511188416,131.6764678955078,326100,0.0,0.0
2024-07-12 00:00:00-04:00,132.84138027080672,135.5794540285513,132.46302339900902,134.3747100830078,368900,0.0,0.0
2024-07-15 00:00:00-04:00,135.45002831462233,136.9037034138037,134.83272193177547,136.64483642578125,332000,0.0,0.0
2024-07-16 00:00:00-04:00,137.62058915348211,143.40539077359816,137.5608517834306,142.10107421875,639400,0.0,0.0
2024-07-17 00:00:00-04:00,140.71708841022036,142.09110855162953,140.1396019043037,140.45822143554688,617200,0.0,0.0
2024-07-18 00:00:00-04:00,139.66168685547245,141.204967915186,137.32187216565367,137.75001525878906,407300,0.0,0.0
2024-07-19 00:00:00-04:00,138.20801417790668,138.31753774380564,136.02750921576398,136.60499572753906,315500,0.0,0.0
2024-07-22 00:00:00-04:00,137.5309768941757,140.32878834456633,136.8240492643503,139.92056274414062,428500,0.0,0.0
2024-07-23 00:00:00-04:00,139.8707677964272,142.09110776182084,139.82098159587025,141.15518188476562,293800,0.0,0.0
2024-07-24 00:00:00-04:00,139.87076752764588,140.7170873576415,136.0872441818193,136.23660278320312,353500,0.0,0.0
2024-07-25 00:00:00-04:00,136.31625300288403,141.09543942400833,135.76863520177133,138.1482696533203,528500,0.0,0.0
2024-07-26 00:00:00-04:00,139.66170297501006,141.33441011793855,138.5365985229055,140.0798797607422,392200,0.0,0.0
2024-07-29 00:00:00-04:00,140.18939531516048,141.19500977621212,139.45259900572836,140.2391815185547,239300,0.0,0.0
2024-07-30 00:00:00-04:00,141.20496804999863,142.73828275550747,138.91493955849043,140.2093048095703,353400,0.0,0.0
2024-07-31 00:00:00-04:00,142.17074582505896,143.8135992689507,140.09977967764456,140.84652709960938,822000,0.0,0.0
2024-08-01 00:00:00-04:00,141.38418412608087,149.00100205301004,137.00327182175567,138.61624145507812,716500,0.0,0.0
2024-08-02 00:00:00-04:00,133.49853012209346,133.59808733132948,128.5401314007206,129.16738891601562,568900,0.0,0.0
2024-08-05 00:00:00-04:00,122.00858106205096,126.04101284839456,120.48521743634507,124.50769805908203,685000,0.0,0.0
2024-08-06 00:00:00-04:00,125.14493331250723,129.06784948088554,123.9501326925211,128.4007568359375,662600,0.0,0.0
2024-08-07 00:00:00-04:00,130.28254982140382,131.83578214978428,126.39945380783634,126.89728546142578,712900,0.0,0.0
2024-08-08 00:00:00-04:00,129.24705258385728,132.4132698280335,129.02800543898778,132.28382873535156,546500,0.0,0.0
2024-08-09 00:00:00-04:00,132.49290794734745,134.24526969189822,131.71627668216715,133.2993927001953,444300,0.0,0.0
2024-08-12 00:00:00-04:00,133.28943347068434,133.28943347068434,130.85006156400544,130.99942016601562,370000,0.0,0.0
2024-08-13 00:00:00-04:00,132.17429319239832,133.98640755536331,130.5414061101931,133.27947998046875,335500,0.0,0.0
2024-08-14 00:00:00-04:00,133.30936471382728,134.75307352619808,132.37343873829096,133.52841186523438,354300,0.0,0.0
2024-08-15 00:00:00-04:00,136.55521599847546,137.4911419345875,135.00198367582843,135.75869750976562,302200,0.0,0.0
2024-08-16 00:00:00-04:00,135.57946531585512,136.5651774200472,134.1954939816991,134.45436096191406,342900,0.0,0.0
2024-08-19 00:00:00-04:00,134.60370836154166,134.753051762191,133.19981962497968,134.3747100830078,264700,0.0,0.0
2024-08-20 00:00:00-04:00,134.3747220692687,134.8725537059926,132.40329784915858,132.8115234375,208900,0.0,0.0
2024-08-21 00:00:00-04:00,133.04051545425997,134.89244966312884,132.54268384104378,134.7928924560547,230300,0.0,0.0
2024-08-22 00:00:00-04:00,135.2907280538318,135.9777381311223,133.72752944983858,134.3348846435547,158700,0.0,0.0
2024-08-23 00:00:00-04:00,135.0716841980361,138.0586740377488,134.60372124107184,137.7898406982422,224500,0.0,0.0
2024-08-26 00:00:00-04:00,138.69589954859725,139.36299213080815,136.88378506555762,137.15261840820312,175500,0.0,0.0
2024-08-27 00:00:00-04:00,136.07729860525149,137.2521891753867,135.50977843601711,136.27642822265625,220700,0.0,0.0
2024-08-28 00:00:00-04:00,136.34612710399412,136.90369608997847,135.2807601401476,135.91798400878906,156400,0.0,0.0
2024-08-29 00:00:00-04:00,137.26214117277922,139.24351658064194,136.2764290506054,136.90370178222656,216900,0.0,0.0
2024-08-30 00:00:00-04:00,137.79979028245785,138.91494347414934,136.4357364662588,138.61624145507812,289900,0.0,0.0
2024-09-03 00:00:00-04:00,137.09835697415858,138.5354072124664,131.77928238007786,132.47784423828125,326600,0.319,0.0
2024-09-04 00:00:00-04:00,132.09861748706757,133.55563097606068,131.2403800023196,132.41796875,243500,0.0,0.0
2024-09-05 00:00:00-04:00,131.71940833643768,132.63752038614402,130.28235809254718,130.56178283691406,186400,0.0,0.0
2024-09-06 00:00:00-04:00,130.5318431419089,131.87906629997818,128.4261683538834,128.78543090820312,222400,0.0,0.0
2024-09-09 00:00:00-04:00,129.48399700230914,131.32022112793297,128.70559731367499,130.68153381347656,285400,0.0,0.0
2024-09-10 00:00:00-04:00,131.08072046233391,131.61960668770135,129.70354477999675,130.85118103027344,290600,0.0,0.0
2024-09-11 00:00:00-04:00,130.5917246067153,131.61961178617287,127.33840579878128,131.49986267089844,170700,0.0,0.0
2024-09-12 00:00:00-04:00,131.99883900161583,133.645450263887,130.35221251183748,133.21633911132812,208600,0.0,0.0
2024-09-13 00:00:00-04:00,134.3440106337794,136.64927246583915,133.95481078197068,135.07252502441406,365500,0.0,0.0
2024-09-16 00:00:00-04:00,135.7910462141133,136.59938317297187,134.29412140807696,135.47169494628906,471400,0.0,0.0
2024-09-17 00:00:00-04:00,136.3698507983557,139.1441503642928,135.51161325603294,138.85475158691406,482300,0.0,0.0
2024-09-18 00:00:00-04:00,139.38365677674614,141.85856819528124,138.305869087826,138.40567016601562,324700,0.0,0.0
2024-09-19 00:00:00-04:00,142.28769335291767,146.65871862747454,140.59118163061456,146.4491424560547,491500,0.0,0.0
2024-09-20 00:00:00-04:00,146.10984374299295,146.10984374299295,142.7068310405025,144.21372985839844,1049700,0.0,0.0
2024-09-23 00:00:00-04:00,144.87238150593492,146.32939502333153,144.3933698297046,145.5809326171875,322700,0.0,0.0
2024-09-24 00:00:00-04:00,146.6088277939033,147.8462759608486,145.53104004276844,147.39720153808594,310900,0.0,0.0
2024-09-25 00:00:00-04:00,148.92406171472683,149.34319885218466,146.97806242384863,147.59678649902344,332400,0.0,0.0
2024-09-26 00:00:00-04:00,149.65257672709876,151.20937616614512,149.00390014249123,150.24136352539062,323100,0.0,0.0
2024-09-27 00:00:00-04:00,150.69043955485026,151.897965671254,148.89412663386048,149.69248962402344,327400,0.0,0.0
2024-09-30 00:00:00-04:00,148.9540037239921,149.73240346506117,147.7764300948134,149.2034912109375,373900,0.0,0.0
2024-10-01 00:00:00-04:00,149.34319308758614,149.39309362696605,146.0200333954786,147.55686950683594,421000,0.0,0.0
2024-10-02 00:00:00-04:00,147.55687326013808,149.0238608356836,146.69863573449584,147.79638671875,379900,0.0,0.0
2024-10-03 00:00:00-04:00,147.19761689441873,147.60678002648982,145.12187918142024,146.2395782470703,471800,0.0,0.0
2024-10-04 00:00:00-04:00,148.87415582177124,148.87415582177124,146.20963146888903,147.90615844726562,195400,0.0,0.0
2024-10-07 00:00:00-04:00,147.706557961657,149.28332061755606,146.88824696891595,148.6645965576172,219700,0.0,0.0
2024-10-08 00:00:00-04:00,149.28332714281314,149.28332714281314,147.28742727253552,147.77642822265625,259600,0.0,0.0
2024-10-09 00:00:00-04:00,148.71449765463987,151.66842081719153,147.81633361240597,151.62850952148438,317800,0.0,0.0
2024-10-10 00:00:00-04:00,149.86213338193724,151.0796334677896,148.20553290741594,148.6645965576172,346500,0.0,0.0
2024-10-11 00:00:00-04:00,149.28331832059285,152.70629431413474,148.79433262687732,151.76821899414062,217200,0.0,0.0
2024-10-14 00:00:00-04:00,152.65640052287145,153.44477425978653,150.98982598331085,153.1753387451172,318200,0.0,0.0
2024-10-15 00:00:00-04:00,153.5146387811119,153.67431442370437,150.90001485056652,150.93992614746094,468600,0.0,0.0
2024-10-16 00:00:00-04:00,152.37696662271418,152.83601503110012,149.89206598838592,149.9918670654297,407700,0.0,0.0
2024-10-17 00:00:00-04:00,150.9299511456294,151.27922448057637,148.98393662268023,149.57273864746094,479600,0.0,0.0
2024-10-18 00:00:00-04:00,150.29125436585372,151.54866570218726,148.66459122819109,148.9739532470703,434100,0.0,0.0
2024-10-21 00:00:00-04:00,148.6945385544354,148.7843503929202,146.79843979138852,147.3373260498047,339600,0.0,0.0
2024-10-22 00:00:00-04:00,146.11981610632049,146.7385401443151,144.90231606364915,145.0819549560547,286600,0.0,0.0
2024-10-23 00:00:00-04:00,144.80254192223006,145.27157961073166,143.0261922529077,144.20376586914062,285500,0.0,0.0
2024-10-24 00:00:00-04:00,144.53308914356413,144.57300044037208,141.3596004708191,143.09603881835938,218300,0.0,0.0
2024-10-25 00:00:00-04:00,144.11394277608667,144.88235320362298,142.68686655957876,143.4852294921875,254400,0.0,0.0
2024-10-28 00:00:00-04:00,144.79254307689365,145.1817429173439,143.79459320625134,144.24366760253906,906700,0.0,0.0
2024-10-29 00:00:00-04:00,145.59090942735116,148.6246704050246,142.46732138631197,145.76055908203125,1043600,0.0,0.0
2024-10-30 00:00:00-04:00,144.1239179546449,146.19965550515883,143.7047808378353,144.5330810546875,659300,0.0,0.0
2024-10-31 00:00:00-04:00,143.25570918159949,144.73267074918581,139.76288458058002,139.83273315429688,647300,0.0,0.0
2024-11-01 00:00:00-04:00,140.23192356595627,142.43738430739654,139.96247283049507,140.2418975830078,455700,0.0,0.0
2024-11-04 00:00:00-05:00,139.65311199431642,141.8885100335463,139.65311199431642,140.97039794921875,304400,0.0,0.0
2024-11-05 00:00:00-05:00,140.88058315751564,144.73267031504258,140.88058315751564,144.68276977539062,345700,0.0,0.0
2024-11-06 00:00:00-05:00,153.52461296683344,154.03357717471673,148.89412591912497,151.9279022216797,654200,0.0,0.0
2024-11-07 00:00:00-05:00,151.3490885985097,152.94579933481455,150.49085105777442,151.54867553710938,280300,0.0,0.0
2024-11-08 00:00:00-05:00,151.5486737445097,153.75414974284314,151.4488726626367,152.73623657226562,251800,0.0,0.0
2024-11-11 00:00:00-05:00,154.10342852250506,155.21115356942613,152.99570347558398,155.04150390625,217900,0.0,0.0
2024-11-12 00:00:00-05:00,154.68223961087847,155.17124055993816,152.61647594041992,152.97573852539062,291400,0.0,0.0
2024-11-13 00:00:00-05:00,153.35495378322267,154.47265275817088,152.70629246258449,153.27511596679688,569200,0.0,0.0
2024-11-14 00:00:00-05:00,154.02358908887126,154.02358908887126,151.0497025506066,151.34909057617188,215200,0.0,0.0
2024-11-15 00:00:00-05:00,150.98981728425073,152.5067053393795,149.9719041605124,152.2871551513672,459000,0.0,0.0
2024-11-18 00:00:00-05:00,152.18735241568493,153.83396358032752,151.50875382559175,153.15536499023438,483000,0.0,0.0
2024-11-19 00:00:00-05:00,151.59857855550945,153.2851163851207,149.34320195271252,152.68634033203125,202600,0.0,0.0
2024-11-20 00:00:00-05:00,153.08550679129536,153.08550679129536,149.69248326169958,151.88796997070312,475900,0.0,0.0
2024-11-21 00:00:00-05:00,152.40690820996662,155.6801826264766,151.24928268455272,155.14129638671875,231800,0.0,0.0
2024-11-22 00:00:00-05:00,155.67021341204094,158.23493678664343,155.67021341204094,158.05531311035156,314100,0.0,0.0
2024-11-25 00:00:00-05:00,159.64204367629384,160.79966919281574,158.14511885484518,159.29275512695312,487000,0.0,0.0
2024-11-26 00:00:00-05:00,158.86363996292556,158.9534517953357,156.9176407898407,158.38462829589844,369800,0.0,0.0
2024-11-27 00:00:00-05:00,158.18502840810217,159.3526279286741,154.92174329708314,155.281005859375,338100,0.0,0.0
2024-11-29 00:00:00-05:00,155.97000122070312,157.24000549316406,155.7100067138672,156.1199951171875,138600,0.319,0.0
2024-12-02 00:00:00-05:00,156.30999755859375,157.14999389648438,154.77999877929688,156.1300048828125,208600,0.0,0.0
2024-12-03 00:00:00-05:00,156.2899932861328,156.61000061035156,154.75,156.08999633789062,238400,0.0,0.0
2024-12-04 00:00:00-05:00,156.24000549316406,158.1699981689453,154.97999572753906,157.75,293900,0.0,0.0
2024-12-05 00:00:00-05:00,157.52999877929688,158.3699951171875,156.01499938964844,156.42999267578125,172347,0.0,0.0
