Date,Open,High,Low,Close,Volume,Dividends,Stock Splits
2022-01-03 00:00:00-05:00,7.800000190734863,7.800000190734863,7.199999809265137,7.5,70,0.0,0.0
2022-01-04 00:00:00-05:00,7.199999809265137,7.199999809265137,6.900000095367432,6.900000095367432,433,0.0,0.0
2022-01-05 00:00:00-05:00,6.900000095367432,6.900000095367432,6.599999904632568,6.599999904632568,1383,0.0,0.0
2022-01-06 00:00:00-05:00,7.5,7.5,6.599999904632568,6.599999904632568,583,0.0,0.0
2022-01-07 00:00:00-05:00,7.5,7.5,6.599999904632568,6.599999904632568,833,0.0,0.0
2022-01-10 00:00:00-05:00,6.300000190734863,6.300000190734863,6.300000190734863,6.300000190734863,1243,0.0,0.0
2022-01-11 00:00:00-05:00,6.300000190734863,6.900000095367432,6.300000190734863,6.599999904632568,6487,0.0,0.0
2022-01-12 00:00:00-05:00,6.300000190734863,6.300000190734863,5.699999809265137,5.699999809265137,1807,0.0,0.0
2022-01-13 00:00:00-05:00,6.0,6.599999904632568,6.0,6.0,1253,0.0,0.0
2022-01-14 00:00:00-05:00,6.300000190734863,6.300000190734863,6.0,6.0,1267,0.0,0.0
2022-01-18 00:00:00-05:00,5.699999809265137,6.599999904632568,5.699999809265137,6.300000190734863,4587,0.0,0.0
2022-01-19 00:00:00-05:00,6.0,6.0,6.0,6.0,667,0.0,0.0
2022-01-20 00:00:00-05:00,6.300000190734863,6.300000190734863,6.0,6.0,557,0.0,0.0
2022-01-21 00:00:00-05:00,6.0,6.599999904632568,5.699999809265137,6.599999904632568,7167,0.0,0.0
2022-01-24 00:00:00-05:00,6.300000190734863,6.300000190734863,5.099999904632568,5.099999904632568,5543,0.0,0.0
2022-01-25 00:00:00-05:00,5.699999809265137,5.699999809265137,5.699999809265137,5.699999809265137,1177,0.0,0.0
2022-01-26 00:00:00-05:00,5.699999809265137,5.699999809265137,5.400000095367432,5.400000095367432,1993,0.0,0.0
2022-01-27 00:00:00-05:00,5.400000095367432,5.400000095367432,5.400000095367432,5.400000095367432,0,0.0,0.0
2022-01-28 00:00:00-05:00,5.699999809265137,5.699999809265137,5.400000095367432,5.400000095367432,1310,0.0,0.0
2022-01-31 00:00:00-05:00,5.400000095367432,5.400000095367432,5.400000095367432,5.400000095367432,600,0.0,0.0
2022-02-01 00:00:00-05:00,5.400000095367432,5.400000095367432,5.400000095367432,5.400000095367432,1517,0.0,0.0
2022-02-02 00:00:00-05:00,5.400000095367432,5.400000095367432,5.400000095367432,5.400000095367432,3000,0.0,0.0
2022-02-03 00:00:00-05:00,5.400000095367432,5.400000095367432,5.099999904632568,5.099999904632568,3217,0.0,0.0
2022-02-04 00:00:00-05:00,5.400000095367432,5.400000095367432,5.099999904632568,5.099999904632568,1197,0.0,0.0
2022-02-07 00:00:00-05:00,5.099999904632568,5.099999904632568,5.099999904632568,5.099999904632568,1827,0.0,0.0
2022-02-08 00:00:00-05:00,5.099999904632568,5.099999904632568,5.099999904632568,5.099999904632568,117,0.0,0.0
2022-02-09 00:00:00-05:00,4.800000190734863,4.800000190734863,4.800000190734863,4.800000190734863,47,0.0,0.0
2022-02-10 00:00:00-05:00,5.099999904632568,5.099999904632568,4.800000190734863,4.800000190734863,4703,0.0,0.0
2022-02-11 00:00:00-05:00,4.800000190734863,4.800000190734863,4.800000190734863,4.800000190734863,500,0.0,0.0
2022-02-14 00:00:00-05:00,5.400000095367432,5.699999809265137,5.099999904632568,5.400000095367432,22913,0.0,0.0
2022-02-15 00:00:00-05:00,5.099999904632568,5.400000095367432,5.099999904632568,5.099999904632568,1867,0.0,0.0
2022-02-16 00:00:00-05:00,5.099999904632568,5.099999904632568,5.099999904632568,5.099999904632568,0,0.0,0.0
2022-02-17 00:00:00-05:00,5.099999904632568,5.099999904632568,5.099999904632568,5.099999904632568,0,0.0,0.0
2022-02-18 00:00:00-05:00,5.400000095367432,5.400000095367432,5.099999904632568,5.099999904632568,1567,0.0,0.0
2022-02-22 00:00:00-05:00,5.099999904632568,5.400000095367432,5.099999904632568,5.099999904632568,1373,0.0,0.0
2022-02-23 00:00:00-05:00,5.099999904632568,5.099999904632568,5.099999904632568,5.099999904632568,67,0.0,0.0
2022-02-24 00:00:00-05:00,5.099999904632568,5.099999904632568,5.099999904632568,5.099999904632568,0,0.0,0.0
2022-02-25 00:00:00-05:00,5.099999904632568,5.099999904632568,5.099999904632568,5.099999904632568,667,0.0,0.0
2022-02-28 00:00:00-05:00,5.400000095367432,5.400000095367432,5.400000095367432,5.400000095367432,4697,0.0,0.0
2022-03-01 00:00:00-05:00,5.400000095367432,5.400000095367432,5.099999904632568,5.099999904632568,1010,0.0,0.0
2022-03-02 00:00:00-05:00,5.400000095367432,5.400000095367432,5.099999904632568,5.099999904632568,237,0.0,0.0
2022-03-03 00:00:00-05:00,5.400000095367432,5.400000095367432,5.099999904632568,5.400000095367432,1897,0.0,0.0
2022-03-04 00:00:00-05:00,5.099999904632568,5.099999904632568,4.800000190734863,4.800000190734863,1753,0.0,0.0
2022-03-07 00:00:00-05:00,4.800000190734863,4.800000190734863,4.800000190734863,4.800000190734863,173,0.0,0.0
2022-03-08 00:00:00-05:00,5.099999904632568,5.099999904632568,5.099999904632568,5.099999904632568,33,0.0,0.0
2022-03-09 00:00:00-05:00,4.800000190734863,5.099999904632568,4.5,4.800000190734863,10197,0.0,0.0
2022-03-10 00:00:00-05:00,4.800000190734863,4.800000190734863,4.5,4.5,2820,0.0,0.0
2022-03-11 00:00:00-05:00,4.5,4.800000190734863,4.5,4.5,6843,0.0,0.0
2022-03-14 00:00:00-04:00,4.5,4.800000190734863,4.5,4.5,3020,0.0,0.0
2022-03-15 00:00:00-04:00,4.5,4.5,4.5,4.5,4913,0.0,0.0
2022-03-16 00:00:00-04:00,4.5,4.800000190734863,4.199999809265137,4.5,3130,0.0,0.0
2022-03-17 00:00:00-04:00,4.5,4.5,4.5,4.5,333,0.0,0.0
2022-03-18 00:00:00-04:00,4.5,4.5,4.5,4.5,1583,0.0,0.0
2022-03-21 00:00:00-04:00,4.5,4.5,4.5,4.5,660,0.0,0.0
2022-03-22 00:00:00-04:00,4.5,4.5,4.199999809265137,4.5,1940,0.0,0.0
2022-03-23 00:00:00-04:00,4.5,4.5,4.199999809265137,4.199999809265137,6290,0.0,0.0
2022-03-24 00:00:00-04:00,4.199999809265137,4.199999809265137,3.9000000953674316,4.199999809265137,7910,0.0,0.0
2022-03-25 00:00:00-04:00,4.199999809265137,4.199999809265137,4.199999809265137,4.199999809265137,0,0.0,0.0
2022-03-28 00:00:00-04:00,4.199999809265137,4.199999809265137,4.199999809265137,4.199999809265137,0,0.0,0.0
2022-03-29 00:00:00-04:00,4.5,4.5,4.199999809265137,4.199999809265137,4020,0.0,0.0
2022-03-30 00:00:00-04:00,4.199999809265137,4.199999809265137,4.199999809265137,4.199999809265137,1147,0.0,0.0
2022-03-31 00:00:00-04:00,4.199999809265137,4.5,4.199999809265137,4.199999809265137,4263,0.0,0.0
2022-04-01 00:00:00-04:00,4.199999809265137,4.199999809265137,4.199999809265137,4.199999809265137,0,0.0,0.0
2022-04-04 00:00:00-04:00,4.199999809265137,4.199999809265137,4.199999809265137,4.199999809265137,1330,0.0,0.0
2022-04-05 00:00:00-04:00,4.5,4.5,4.5,4.5,3,0.0,0.0
2022-04-06 00:00:00-04:00,4.5,4.5,4.5,4.5,0,0.0,0.0
2022-04-07 00:00:00-04:00,4.5,4.5,4.5,4.5,0,0.0,0.0
2022-04-08 00:00:00-04:00,4.5,4.5,4.5,4.5,0,0.0,0.0
2022-04-11 00:00:00-04:00,4.199999809265137,4.5,3.9000000953674316,3.9000000953674316,733,0.0,0.0
2022-04-12 00:00:00-04:00,4.199999809265137,4.199999809265137,3.9000000953674316,3.9000000953674316,1477,0.0,0.0
2022-04-13 00:00:00-04:00,3.9000000953674316,3.9000000953674316,3.9000000953674316,3.9000000953674316,3,0.0,0.0
2022-04-14 00:00:00-04:00,4.199999809265137,4.5,4.199999809265137,4.199999809265137,5130,0.0,0.0
2022-04-18 00:00:00-04:00,4.199999809265137,4.199999809265137,4.199999809265137,4.199999809265137,0,0.0,0.0
2022-04-19 00:00:00-04:00,4.199999809265137,4.5,4.199999809265137,4.5,8013,0.0,0.0
2022-04-20 00:00:00-04:00,4.5,4.5,4.199999809265137,4.5,4107,0.0,0.0
2022-04-21 00:00:00-04:00,4.800000190734863,4.800000190734863,4.800000190734863,4.800000190734863,10,0.0,0.0
2022-04-22 00:00:00-04:00,4.5,4.5,4.199999809265137,4.199999809265137,3410,0.0,0.0
2022-04-25 00:00:00-04:00,4.199999809265137,4.5,4.199999809265137,4.199999809265137,4573,0.0,0.0
2022-04-26 00:00:00-04:00,4.800000190734863,4.800000190734863,4.199999809265137,4.199999809265137,1760,0.0,0.0
2022-04-27 00:00:00-04:00,4.199999809265137,4.199999809265137,4.199999809265137,4.199999809265137,5207,0.0,0.0
2022-04-28 00:00:00-04:00,4.199999809265137,4.5,4.199999809265137,4.5,2217,0.0,0.0
2022-04-29 00:00:00-04:00,4.5,4.800000190734863,4.199999809265137,4.5,2300,0.0,0.0
2022-05-02 00:00:00-04:00,4.199999809265137,4.5,4.199999809265137,4.5,813,0.0,0.0
2022-05-03 00:00:00-04:00,4.199999809265137,4.5,4.199999809265137,4.199999809265137,1967,0.0,0.0
2022-05-04 00:00:00-04:00,4.800000190734863,5.400000095367432,4.199999809265137,5.099999904632568,11967,0.0,0.0
2022-05-05 00:00:00-04:00,4.800000190734863,4.800000190734863,4.5,4.800000190734863,337,0.0,0.0
2022-05-06 00:00:00-04:00,4.800000190734863,4.800000190734863,4.800000190734863,4.800000190734863,17,0.0,0.0
2022-05-09 00:00:00-04:00,4.5,5.099999904632568,4.5,4.800000190734863,1800,0.0,0.0
2022-05-10 00:00:00-04:00,5.099999904632568,5.099999904632568,4.5,5.099999904632568,3643,0.0,0.0
2022-05-11 00:00:00-04:00,5.400000095367432,5.699999809265137,5.099999904632568,5.400000095367432,6477,0.0,0.0
2022-05-12 00:00:00-04:00,6.0,6.300000190734863,5.400000095367432,6.0,6667,0.0,0.0
2022-05-13 00:00:00-04:00,6.0,6.0,5.699999809265137,5.699999809265137,1157,0.0,0.0
2022-05-16 00:00:00-04:00,5.400000095367432,5.699999809265137,5.400000095367432,5.699999809265137,673,0.0,0.0
2022-05-17 00:00:00-04:00,6.0,8.100000381469727,5.699999809265137,7.199999809265137,28070,0.0,0.0
2022-05-18 00:00:00-04:00,7.199999809265137,7.800000190734863,6.900000095367432,6.900000095367432,920,0.0,0.0
2022-05-19 00:00:00-04:00,6.900000095367432,7.5,6.0,6.0,11097,0.0,0.0
2022-05-20 00:00:00-04:00,6.300000190734863,6.300000190734863,6.0,6.0,12003,0.0,0.0
2022-05-23 00:00:00-04:00,6.0,6.300000190734863,5.699999809265137,5.699999809265137,14217,0.0,0.0
2022-05-24 00:00:00-04:00,2.799999952316284,3.8499999046325684,2.390000104904175,2.75,1138200,0.0,0.03333333333333333
2022-05-25 00:00:00-04:00,3.509999990463257,3.819999933242798,3.109999895095825,3.2100000381469727,5457200,0.0,0.0
2022-05-26 00:00:00-04:00,3.2300000190734863,3.2300000190734863,2.8499999046325684,2.9000000953674316,430300,0.0,0.0
2022-05-27 00:00:00-04:00,2.8299999237060547,2.9700000286102295,2.799999952316284,2.869999885559082,263400,0.0,0.0
2022-05-31 00:00:00-04:00,2.869999885559082,3.0,2.759999990463257,2.9100000858306885,174900,0.0,0.0
2022-06-01 00:00:00-04:00,3.0,3.059999942779541,2.7799999713897705,2.8399999141693115,1253600,0.0,0.0
2022-06-02 00:00:00-04:00,2.7799999713897705,3.640000104904175,2.640000104904175,3.4800000190734863,551200,0.0,0.0
2022-06-03 00:00:00-04:00,3.3399999141693115,3.690000057220459,3.140000104904175,3.4200000762939453,360900,0.0,0.0
2022-06-06 00:00:00-04:00,3.430000066757202,3.5999999046325684,3.1500000953674316,3.509999990463257,141200,0.0,0.0
2022-06-07 00:00:00-04:00,3.5199999809265137,4.0,3.309999942779541,3.930000066757202,391100,0.0,0.0
2022-06-08 00:00:00-04:00,3.9600000381469727,4.349999904632568,3.009999990463257,3.569999933242798,2297600,0.0,0.0
2022-06-09 00:00:00-04:00,3.369999885559082,4.349999904632568,3.369999885559082,4.190000057220459,833300,0.0,0.0
2022-06-10 00:00:00-04:00,4.079999923706055,8.199999809265137,4.079999923706055,6.71999979019165,5341300,0.0,0.0
2022-06-13 00:00:00-04:00,6.389999866485596,7.489999771118164,5.349999904632568,6.730000019073486,1067700,0.0,0.0
2022-06-14 00:00:00-04:00,6.409999847412109,6.949999809265137,5.78000020980835,6.050000190734863,463000,0.0,0.0
2022-06-15 00:00:00-04:00,5.739999771118164,7.050000190734863,5.610000133514404,7.0,264800,0.0,0.0
2022-06-16 00:00:00-04:00,6.550000190734863,6.849999904632568,6.139999866485596,6.849999904632568,149800,0.0,0.0
2022-06-17 00:00:00-04:00,6.860000133514404,7.789999961853027,6.659999847412109,7.539999961853027,135100,0.0,0.0
2022-06-21 00:00:00-04:00,7.909999847412109,7.989999771118164,7.369999885559082,7.630000114440918,62300,0.0,0.0
2022-06-22 00:00:00-04:00,7.400000095367432,7.900000095367432,7.400000095367432,7.739999771118164,100400,0.0,0.0
2022-06-23 00:00:00-04:00,7.590000152587891,7.900000095367432,7.429999828338623,7.849999904632568,58100,0.0,0.0
2022-06-24 00:00:00-04:00,7.849999904632568,8.6899995803833,7.650000095367432,7.800000190734863,115400,0.0,0.0
2022-06-27 00:00:00-04:00,7.659999847412109,8.4399995803833,7.650000095367432,8.069999694824219,65200,0.0,0.0
2022-06-28 00:00:00-04:00,8.0600004196167,8.600000381469727,7.940000057220459,8.109999656677246,96500,0.0,0.0
2022-06-29 00:00:00-04:00,8.289999961853027,8.819999694824219,8.289999961853027,8.520000457763672,113800,0.0,0.0
2022-06-30 00:00:00-04:00,8.329999923706055,8.720000267028809,8.010000228881836,8.029999732971191,51500,0.0,0.0
2022-07-01 00:00:00-04:00,8.020000457763672,8.3100004196167,7.989999771118164,8.229999542236328,56500,0.0,0.0
2022-07-05 00:00:00-04:00,8.0,8.479999542236328,7.679999828338623,8.069999694824219,130500,0.0,0.0
2022-07-06 00:00:00-04:00,8.270000457763672,8.899999618530273,8.039999961853027,8.0600004196167,179300,0.0,0.0
2022-07-07 00:00:00-04:00,8.079999923706055,8.130000114440918,7.699999809265137,7.869999885559082,41900,0.0,0.0
2022-07-08 00:00:00-04:00,8.359999656677246,8.510000228881836,7.800000190734863,8.130000114440918,70100,0.0,0.0
2022-07-11 00:00:00-04:00,8.020000457763672,9.399999618530273,8.0,9.25,74500,0.0,0.0
2022-07-12 00:00:00-04:00,9.25,9.819999694824219,8.609999656677246,8.960000038146973,40900,0.0,0.0
2022-07-13 00:00:00-04:00,8.960000038146973,9.180000305175781,8.479999542236328,9.140000343322754,27600,0.0,0.0
2022-07-14 00:00:00-04:00,8.760000228881836,9.350000381469727,8.649999618530273,9.09000015258789,37600,0.0,0.0
2022-07-15 00:00:00-04:00,9.229999542236328,9.319999694824219,8.6899995803833,8.699999809265137,17800,0.0,0.0
2022-07-18 00:00:00-04:00,8.430000305175781,9.260000228881836,8.430000305175781,8.579999923706055,9400,0.0,0.0
2022-07-19 00:00:00-04:00,8.869999885559082,8.920000076293945,7.699999809265137,7.929999828338623,54400,0.0,0.0
2022-07-20 00:00:00-04:00,7.949999809265137,8.15999984741211,7.670000076293945,7.900000095367432,24800,0.0,0.0
2022-07-21 00:00:00-04:00,7.679999828338623,8.449999809265137,7.46999979019165,7.929999828338623,123600,0.0,0.0
2022-07-22 00:00:00-04:00,7.769999980926514,8.359999656677246,7.590000152587891,7.829999923706055,12600,0.0,0.0
2022-07-25 00:00:00-04:00,7.690000057220459,8.020000457763672,7.349999904632568,7.599999904632568,34300,0.0,0.0
2022-07-26 00:00:00-04:00,7.199999809265137,7.769999980926514,7.199999809265137,7.570000171661377,16600,0.0,0.0
2022-07-27 00:00:00-04:00,7.659999847412109,7.659999847412109,7.210000038146973,7.400000095367432,36700,0.0,0.0
2022-07-28 00:00:00-04:00,7.449999809265137,8.529999732971191,7.210000038146973,7.840000152587891,43800,0.0,0.0
2022-07-29 00:00:00-04:00,7.269999980926514,7.929999828338623,7.230000019073486,7.409999847412109,18200,0.0,0.0
2022-08-01 00:00:00-04:00,7.929999828338623,8.399999618530273,7.510000228881836,8.069999694824219,20400,0.0,0.0
2022-08-02 00:00:00-04:00,8.079999923706055,8.329999923706055,7.650000095367432,8.270000457763672,6900,0.0,0.0
2022-08-03 00:00:00-04:00,7.670000076293945,8.5,7.670000076293945,8.119999885559082,31500,0.0,0.0
2022-08-04 00:00:00-04:00,7.809999942779541,8.390000343322754,7.599999904632568,7.920000076293945,21800,0.0,0.0
2022-08-05 00:00:00-04:00,7.78000020980835,8.399999618530273,7.730000019073486,7.75,6500,0.0,0.0
2022-08-08 00:00:00-04:00,7.670000076293945,8.510000228881836,7.289999961853027,7.480000019073486,56800,0.0,0.0
2022-08-09 00:00:00-04:00,8.0,8.0,7.170000076293945,7.420000076293945,37500,0.0,0.0
2022-08-10 00:00:00-04:00,7.5,7.789999961853027,7.5,7.539999961853027,2800,0.0,0.0
2022-08-11 00:00:00-04:00,7.599999904632568,8.199999809265137,7.599999904632568,8.15999984741211,15500,0.0,0.0
2022-08-12 00:00:00-04:00,8.180000305175781,8.180000305175781,7.769999980926514,8.170000076293945,11200,0.0,0.0
2022-08-15 00:00:00-04:00,8.149999618530273,9.100000381469727,7.809999942779541,8.25,56100,0.0,0.0
2022-08-16 00:00:00-04:00,9.079999923706055,9.079999923706055,8.199999809265137,8.649999618530273,21200,0.0,0.0
2022-08-17 00:00:00-04:00,8.529999732971191,8.84000015258789,8.199999809265137,8.199999809265137,21300,0.0,0.0
2022-08-18 00:00:00-04:00,8.300000190734863,9.579999923706055,8.300000190734863,9.0,262500,0.0,0.0
2022-08-19 00:00:00-04:00,9.100000381469727,9.670000076293945,8.899999618530273,9.369999885559082,88100,0.0,0.0
2022-08-22 00:00:00-04:00,10.0,10.100000381469727,7.190000057220459,7.670000076293945,218900,0.0,0.0
2022-08-23 00:00:00-04:00,7.849999904632568,7.900000095367432,7.25,7.71999979019165,27100,0.0,0.0
2022-08-24 00:00:00-04:00,7.71999979019165,8.430000305175781,7.71999979019165,8.109999656677246,33700,0.0,0.0
2022-08-25 00:00:00-04:00,7.869999885559082,8.970000267028809,7.75,8.890000343322754,126400,0.0,0.0
2022-08-26 00:00:00-04:00,8.670000076293945,9.470000267028809,8.5,8.949999809265137,34100,0.0,0.0
2022-08-29 00:00:00-04:00,8.369999885559082,9.319999694824219,8.069999694824219,8.229999542236328,32500,0.0,0.0
2022-08-30 00:00:00-04:00,8.460000038146973,9.029999732971191,8.229999542236328,8.479999542236328,61100,0.0,0.0
2022-08-31 00:00:00-04:00,8.479999542236328,8.789999961853027,8.260000228881836,8.40999984741211,22200,0.0,0.0
2022-09-01 00:00:00-04:00,8.270000457763672,8.75,7.760000228881836,7.860000133514404,23800,0.0,0.0
2022-09-02 00:00:00-04:00,7.820000171661377,8.119999885559082,7.699999809265137,7.869999885559082,12700,0.0,0.0
2022-09-06 00:00:00-04:00,8.119999885559082,8.119999885559082,7.539999961853027,7.539999961853027,13100,0.0,0.0
2022-09-07 00:00:00-04:00,7.710000038146973,8.149999618530273,7.710000038146973,7.949999809265137,10900,0.0,0.0
2022-09-08 00:00:00-04:00,8.100000381469727,8.100000381469727,7.360000133514404,7.360000133514404,11800,0.0,0.0
2022-09-09 00:00:00-04:00,7.650000095367432,7.900000095367432,7.599999904632568,7.900000095367432,3300,0.0,0.0
2022-09-12 00:00:00-04:00,7.559999942779541,7.820000171661377,7.559999942779541,7.590000152587891,10100,0.0,0.0
2022-09-13 00:00:00-04:00,7.579999923706055,7.789999961853027,7.309999942779541,7.730000019073486,14700,0.0,0.0
2022-09-14 00:00:00-04:00,7.889999866485596,7.889999866485596,7.150000095367432,7.150000095367432,9800,0.0,0.0
2022-09-15 00:00:00-04:00,7.159999847412109,7.289999961853027,7.0,7.0,18600,0.0,0.0
2022-09-16 00:00:00-04:00,7.28000020980835,7.28000020980835,5.739999771118164,5.739999771118164,46100,0.0,0.0
2022-09-19 00:00:00-04:00,6.050000190734863,6.5,5.800000190734863,5.829999923706055,38000,0.0,0.0
2022-09-20 00:00:00-04:00,5.769999980926514,6.340000152587891,5.769999980926514,5.869999885559082,7700,0.0,0.0
2022-09-21 00:00:00-04:00,6.039999961853027,6.039999961853027,5.650000095367432,5.710000038146973,10300,0.0,0.0
2022-09-22 00:00:00-04:00,5.800000190734863,6.039999961853027,5.53000020980835,5.869999885559082,8700,0.0,0.0
2022-09-23 00:00:00-04:00,5.800000190734863,5.800000190734863,5.25,5.28000020980835,15100,0.0,0.0
2022-09-26 00:00:00-04:00,5.489999771118164,5.570000171661377,5.400000095367432,5.400000095367432,1000,0.0,0.0
2022-09-27 00:00:00-04:00,5.519999980926514,5.909999847412109,5.360000133514404,5.590000152587891,4100,0.0,0.0
2022-09-28 00:00:00-04:00,5.730000019073486,5.840000152587891,5.329999923706055,5.670000076293945,6300,0.0,0.0
2022-09-29 00:00:00-04:00,5.670000076293945,5.679999828338623,5.510000228881836,5.510000228881836,10700,0.0,0.0
2022-09-30 00:00:00-04:00,5.590000152587891,5.690000057220459,5.590000152587891,5.599999904632568,800,0.0,0.0
2022-10-03 00:00:00-04:00,5.670000076293945,5.670000076293945,5.630000114440918,5.630000114440918,900,0.0,0.0
2022-10-04 00:00:00-04:00,5.699999809265137,6.019999980926514,5.300000190734863,5.900000095367432,16600,0.0,0.0
2022-10-05 00:00:00-04:00,5.849999904632568,5.900000095367432,5.809999942779541,5.869999885559082,1400,0.0,0.0
2022-10-06 00:00:00-04:00,5.489999771118164,5.880000114440918,5.420000076293945,5.710000038146973,4000,0.0,0.0
2022-10-07 00:00:00-04:00,5.630000114440918,5.699999809265137,5.480000019073486,5.690000057220459,3400,0.0,0.0
2022-10-10 00:00:00-04:00,5.119999885559082,5.849999904632568,5.119999885559082,5.760000228881836,1400,0.0,0.0
2022-10-11 00:00:00-04:00,5.53000020980835,5.800000190734863,5.429999828338623,5.800000190734863,2800,0.0,0.0
2022-10-12 00:00:00-04:00,5.800000190734863,6.139999866485596,5.800000190734863,6.050000190734863,4400,0.0,0.0
2022-10-13 00:00:00-04:00,5.5,6.429999828338623,5.5,5.949999809265137,7100,0.0,0.0
2022-10-14 00:00:00-04:00,5.900000095367432,5.949999809265137,5.400000095367432,5.650000095367432,6600,0.0,0.0
2022-10-17 00:00:00-04:00,5.949999809265137,6.75,5.300000190734863,6.070000171661377,23400,0.0,0.0
2022-10-18 00:00:00-04:00,6.070000171661377,6.199999809265137,5.710000038146973,5.800000190734863,3200,0.0,0.0
2022-10-19 00:00:00-04:00,5.699999809265137,5.989999771118164,5.699999809265137,5.989999771118164,1600,0.0,0.0
2022-10-20 00:00:00-04:00,6.079999923706055,6.079999923706055,5.53000020980835,5.659999847412109,2600,0.0,0.0
2022-10-21 00:00:00-04:00,5.340000152587891,5.949999809265137,5.090000152587891,5.949999809265137,4700,0.0,0.0
2022-10-24 00:00:00-04:00,5.300000190734863,5.449999809265137,5.159999847412109,5.360000133514404,5900,0.0,0.0
2022-10-25 00:00:00-04:00,5.5,5.849999904632568,5.449999809265137,5.800000190734863,6300,0.0,0.0
2022-10-26 00:00:00-04:00,5.800000190734863,5.800000190734863,5.25,5.579999923706055,5800,0.0,0.0
2022-10-27 00:00:00-04:00,5.5,5.5,5.300000190734863,5.409999847412109,4500,0.0,0.0
2022-10-28 00:00:00-04:00,5.5,5.730000019073486,5.46999979019165,5.539999961853027,7100,0.0,0.0
2022-10-31 00:00:00-04:00,5.53000020980835,5.53000020980835,5.440000057220459,5.440000057220459,1700,0.0,0.0
2022-11-01 00:00:00-04:00,5.28000020980835,5.730000019073486,5.28000020980835,5.730000019073486,2900,0.0,0.0
2022-11-02 00:00:00-04:00,5.539999961853027,5.71999979019165,5.539999961853027,5.71999979019165,1000,0.0,0.0
2022-11-03 00:00:00-04:00,5.760000228881836,5.769999980926514,5.690000057220459,5.690000057220459,1000,0.0,0.0
2022-11-04 00:00:00-04:00,5.400000095367432,5.670000076293945,5.400000095367432,5.670000076293945,800,0.0,0.0
2022-11-07 00:00:00-05:00,5.670000076293945,5.670000076293945,5.670000076293945,5.670000076293945,600,0.0,0.0
2022-11-08 00:00:00-05:00,5.699999809265137,5.889999866485596,5.510000228881836,5.510000228881836,2000,0.0,0.0
2022-11-09 00:00:00-05:00,5.730000019073486,5.730000019073486,5.050000190734863,5.050000190734863,8800,0.0,0.0
2022-11-10 00:00:00-05:00,5.400000095367432,5.400000095367432,5.199999809265137,5.400000095367432,5800,0.0,0.0
2022-11-11 00:00:00-05:00,5.230000019073486,5.5,4.949999809265137,5.25,17800,0.0,0.0
2022-11-14 00:00:00-05:00,4.769999980926514,4.769999980926514,4.420000076293945,4.489999771118164,26500,0.0,0.0
2022-11-15 00:00:00-05:00,4.519999980926514,5.650000095367432,4.519999980926514,4.659999847412109,49600,0.0,0.0
2022-11-16 00:00:00-05:00,4.659999847412109,4.849999904632568,4.550000190734863,4.849999904632568,4600,0.0,0.0
2022-11-17 00:00:00-05:00,4.650000095367432,5.010000228881836,4.559999942779541,4.670000076293945,4900,0.0,0.0
2022-11-18 00:00:00-05:00,4.670000076293945,5.329999923706055,4.650000095367432,5.070000171661377,5400,0.0,0.0
2022-11-21 00:00:00-05:00,5.070000171661377,5.070000171661377,5.070000171661377,5.070000171661377,200,0.0,0.0
2022-11-22 00:00:00-05:00,4.940000057220459,5.230000019073486,4.210000038146973,4.650000095367432,40200,0.0,0.0
2022-11-23 00:00:00-05:00,4.659999847412109,4.960000038146973,4.449999809265137,4.699999809265137,12700,0.0,0.0
2022-11-25 00:00:00-05:00,4.570000171661377,5.800000190734863,4.570000171661377,5.260000228881836,80400,0.0,0.0
2022-11-28 00:00:00-05:00,6.289999961853027,6.550000190734863,5.739999771118164,6.489999771118164,547400,0.0,0.0
2022-11-29 00:00:00-05:00,6.239999771118164,6.239999771118164,5.099999904632568,5.579999923706055,66400,0.0,0.0
2022-11-30 00:00:00-05:00,5.199999809265137,5.300000190734863,4.920000076293945,5.170000076293945,10500,0.0,0.0
2022-12-01 00:00:00-05:00,5.099999904632568,5.099999904632568,4.360000133514404,4.96999979019165,15200,0.0,0.0
2022-12-02 00:00:00-05:00,4.96999979019165,5.28000020980835,4.699999809265137,5.139999866485596,14700,0.0,0.0
2022-12-05 00:00:00-05:00,5.099999904632568,5.239999771118164,5.0,5.070000171661377,2000,0.0,0.0
2022-12-06 00:00:00-05:00,5.21999979019165,5.21999979019165,5.0,5.179999828338623,9700,0.0,0.0
2022-12-07 00:00:00-05:00,5.340000152587891,5.5,5.199999809265137,5.400000095367432,5800,0.0,0.0
2022-12-08 00:00:00-05:00,5.460000038146973,5.460000038146973,4.610000133514404,4.809999942779541,55800,0.0,0.0
2022-12-09 00:00:00-05:00,5.0,5.0,4.610000133514404,4.690000057220459,11200,0.0,0.0
2022-12-12 00:00:00-05:00,4.610000133514404,5.119999885559082,4.610000133514404,4.909999847412109,15800,0.0,0.0
2022-12-13 00:00:00-05:00,4.849999904632568,5.300000190734863,4.71999979019165,4.75,24600,0.0,0.0
2022-12-14 00:00:00-05:00,5.090000152587891,5.239999771118164,4.610000133514404,4.610000133514404,15300,0.0,0.0
2022-12-15 00:00:00-05:00,4.610000133514404,4.989999771118164,4.610000133514404,4.949999809265137,20900,0.0,0.0
2022-12-16 00:00:00-05:00,5.0,5.210000038146973,4.769999980926514,4.769999980926514,11700,0.0,0.0
2022-12-19 00:00:00-05:00,4.909999847412109,5.199999809265137,4.659999847412109,4.679999828338623,14000,0.0,0.0
2022-12-20 00:00:00-05:00,5.21999979019165,5.21999979019165,4.619999885559082,4.900000095367432,16500,0.0,0.0
2022-12-21 00:00:00-05:00,5.0,5.489999771118164,4.989999771118164,5.349999904632568,21300,0.0,0.0
2022-12-22 00:00:00-05:00,5.309999942779541,5.309999942779541,5.199999809265137,5.199999809265137,2500,0.0,0.0
2022-12-23 00:00:00-05:00,5.179999828338623,5.230000019073486,4.989999771118164,4.989999771118164,10700,0.0,0.0
2022-12-27 00:00:00-05:00,4.949999809265137,5.150000095367432,4.900000095367432,4.949999809265137,3100,0.0,0.0
2022-12-28 00:00:00-05:00,4.900000095367432,4.920000076293945,4.610000133514404,4.610000133514404,7100,0.0,0.0
2022-12-29 00:00:00-05:00,4.610000133514404,4.860000133514404,4.610000133514404,4.809999942779541,4000,0.0,0.0
2022-12-30 00:00:00-05:00,4.980000019073486,4.980000019073486,4.329999923706055,4.420000076293945,5900,0.0,0.0
2023-01-03 00:00:00-05:00,4.349999904632568,4.639999866485596,4.340000152587891,4.639999866485596,2600,0.0,0.0
2023-01-04 00:00:00-05:00,4.650000095367432,4.650000095367432,4.590000152587891,4.590000152587891,2100,0.0,0.0
2023-01-05 00:00:00-05:00,4.579999923706055,4.579999923706055,4.570000171661377,4.570000171661377,800,0.0,0.0
2023-01-06 00:00:00-05:00,4.5,4.800000190734863,4.5,4.639999866485596,6400,0.0,0.0
2023-01-09 00:00:00-05:00,4.760000228881836,5.050000190734863,4.519999980926514,4.519999980926514,22100,0.0,0.0
2023-01-10 00:00:00-05:00,4.519999980926514,4.53000020980835,4.320000171661377,4.53000020980835,25400,0.0,0.0
2023-01-11 00:00:00-05:00,4.400000095367432,4.570000171661377,4.329999923706055,4.480000019073486,7700,0.0,0.0
2023-01-12 00:00:00-05:00,4.349999904632568,4.480000019073486,4.349999904632568,4.480000019073486,2700,0.0,0.0
2023-01-13 00:00:00-05:00,4.480000019073486,4.480000019073486,4.360000133514404,4.360000133514404,8500,0.0,0.0
2023-01-17 00:00:00-05:00,4.460000038146973,4.880000114440918,4.289999961853027,4.449999809265137,36500,0.0,0.0
2023-01-18 00:00:00-05:00,4.590000152587891,4.590000152587891,4.329999923706055,4.329999923706055,15600,0.0,0.0
2023-01-19 00:00:00-05:00,4.619999885559082,4.619999885559082,4.309999942779541,4.309999942779541,5500,0.0,0.0
2023-01-20 00:00:00-05:00,4.300000190734863,4.400000095367432,4.289999961853027,4.389999866485596,1300,0.0,0.0
2023-01-23 00:00:00-05:00,4.789999961853027,4.800000190734863,4.400000095367432,4.5,4400,0.0,0.0
2023-01-24 00:00:00-05:00,4.429999828338623,4.739999771118164,4.429999828338623,4.679999828338623,1000,0.0,0.0
2023-01-25 00:00:00-05:00,4.599999904632568,4.809999942779541,4.329999923706055,4.550000190734863,2900,0.0,0.0
2023-01-26 00:00:00-05:00,4.610000133514404,4.699999809265137,4.349999904632568,4.489999771118164,9600,0.0,0.0
2023-01-27 00:00:00-05:00,4.650000095367432,4.650000095367432,4.460000038146973,4.489999771118164,2900,0.0,0.0
2023-01-30 00:00:00-05:00,4.409999847412109,4.429999828338623,4.409999847412109,4.429999828338623,800,0.0,0.0
2023-01-31 00:00:00-05:00,4.440000057220459,4.75,4.400000095367432,4.53000020980835,12900,0.0,0.0
2023-02-01 00:00:00-05:00,4.349999904632568,4.510000228881836,4.349999904632568,4.440000057220459,3500,0.0,0.0
2023-02-02 00:00:00-05:00,4.349999904632568,4.550000190734863,4.210000038146973,4.239999771118164,10100,0.0,0.0
2023-02-03 00:00:00-05:00,4.21999979019165,4.409999847412109,4.210000038146973,4.230000019073486,9100,0.0,0.0
2023-02-06 00:00:00-05:00,4.489999771118164,4.489999771118164,4.489999771118164,4.489999771118164,600,0.0,0.0
2023-02-07 00:00:00-05:00,4.429999828338623,4.429999828338623,4.25,4.420000076293945,2100,0.0,0.0
2023-02-08 00:00:00-05:00,4.320000171661377,4.449999809265137,4.320000171661377,4.449999809265137,1600,0.0,0.0
2023-02-09 00:00:00-05:00,4.340000152587891,4.340000152587891,4.230000019073486,4.25,3300,0.0,0.0
2023-02-10 00:00:00-05:00,4.21999979019165,4.329999923706055,4.0,4.159999847412109,14800,0.0,0.0
2023-02-13 00:00:00-05:00,4.159999847412109,4.159999847412109,4.159999847412109,4.159999847412109,0,0.0,0.0
2023-02-14 00:00:00-05:00,4.03000020980835,4.050000190734863,3.9600000381469727,3.9600000381469727,2700,0.0,0.0
2023-02-15 00:00:00-05:00,3.8299999237060547,3.9600000381469727,3.809999942779541,3.809999942779541,5700,0.0,0.0
2023-02-16 00:00:00-05:00,3.819999933242798,3.9000000953674316,3.819999933242798,3.9000000953674316,2300,0.0,0.0
2023-02-17 00:00:00-05:00,3.9000000953674316,4.0,3.9000000953674316,3.9800000190734863,2100,0.0,0.0
2023-02-21 00:00:00-05:00,3.9000000953674316,3.9000000953674316,3.559999942779541,3.7899999618530273,21900,0.0,0.0
2023-02-22 00:00:00-05:00,3.680000066757202,3.7899999618530273,3.5,3.5299999713897705,2500,0.0,0.0
2023-02-23 00:00:00-05:00,3.5,3.859999895095825,3.4600000381469727,3.4600000381469727,2600,0.0,0.0
2023-02-24 00:00:00-05:00,3.2799999713897705,3.2799999713897705,3.2100000381469727,3.2100000381469727,1600,0.0,0.0
2023-02-27 00:00:00-05:00,3.009999990463257,3.0299999713897705,2.880000114440918,2.880000114440918,14400,0.0,0.0
2023-02-28 00:00:00-05:00,2.7699999809265137,2.7799999713897705,2.609999895095825,2.7200000286102295,4900,0.0,0.0
2023-03-01 00:00:00-05:00,2.799999952316284,2.819999933242798,2.5,2.75,6300,0.0,0.0
2023-03-02 00:00:00-05:00,2.630000114440918,2.690000057220459,2.569999933242798,2.690000057220459,2400,0.0,0.0
2023-03-03 00:00:00-05:00,2.5199999809265137,2.5999999046325684,2.509999990463257,2.569999933242798,3800,0.0,0.0
2023-03-06 00:00:00-05:00,2.5399999618530273,2.569999933242798,2.5,2.569999933242798,3700,0.0,0.0
2023-03-07 00:00:00-05:00,2.640000104904175,2.75,2.609999895095825,2.609999895095825,7600,0.0,0.0
2023-03-08 00:00:00-05:00,2.630000114440918,2.7300000190734863,2.619999885559082,2.7100000381469727,2300,0.0,0.0
2023-03-09 00:00:00-05:00,2.619999885559082,2.630000114440918,2.5,2.5,7500,0.0,0.0
2023-03-10 00:00:00-05:00,2.5899999141693115,2.5899999141693115,2.490000009536743,2.490000009536743,700,0.0,0.0
2023-03-13 00:00:00-04:00,2.490000009536743,2.490000009536743,2.200000047683716,2.2100000381469727,10200,0.0,0.0
2023-03-14 00:00:00-04:00,2.119999885559082,2.299999952316284,2.119999885559082,2.2300000190734863,2700,0.0,0.0
2023-03-15 00:00:00-04:00,2.140000104904175,2.200000047683716,2.130000114440918,2.140000104904175,9200,0.0,0.0
2023-03-16 00:00:00-04:00,2.1500000953674316,2.299999952316284,2.140000104904175,2.299999952316284,4500,0.0,0.0
2023-03-17 00:00:00-04:00,2.2300000190734863,2.299999952316284,2.2300000190734863,2.299999952316284,1900,0.0,0.0
2023-03-20 00:00:00-04:00,2.4000000953674316,2.4000000953674316,2.4000000953674316,2.4000000953674316,800,0.0,0.0
2023-03-21 00:00:00-04:00,2.490000009536743,2.490000009536743,2.0999999046325684,2.130000114440918,26900,0.0,0.0
2023-03-22 00:00:00-04:00,2.130000114440918,2.200000047683716,2.009999990463257,2.0199999809265137,3100,0.0,0.0
2023-03-23 00:00:00-04:00,2.049999952316284,2.4000000953674316,2.0299999713897705,2.0299999713897705,3200,0.0,0.0
2023-03-24 00:00:00-04:00,2.2200000286102295,2.2200000286102295,2.059999942779541,2.059999942779541,600,0.0,0.0
2023-03-27 00:00:00-04:00,2.0799999237060547,2.0799999237060547,1.7599999904632568,1.899999976158142,9200,0.0,0.0
2023-03-28 00:00:00-04:00,1.899999976158142,2.059999942779541,1.899999976158142,2.0399999618530273,3700,0.0,0.0
2023-03-29 00:00:00-04:00,1.909999966621399,1.9299999475479126,1.8200000524520874,1.8899999856948853,6100,0.0,0.0
2023-03-30 00:00:00-04:00,1.8300000429153442,1.8300000429153442,1.6299999952316284,1.6799999475479126,13300,0.0,0.0
2023-03-31 00:00:00-04:00,1.5800000429153442,1.690000057220459,1.5199999809265137,1.559999942779541,4900,0.0,0.0
2023-04-03 00:00:00-04:00,1.600000023841858,1.600000023841858,1.5099999904632568,1.590000033378601,4400,0.0,0.0
2023-04-04 00:00:00-04:00,1.5,1.5700000524520874,1.5,1.5,3200,0.0,0.0
2023-04-05 00:00:00-04:00,1.600000023841858,1.600000023841858,1.5299999713897705,1.600000023841858,7000,0.0,0.0
2023-04-06 00:00:00-04:00,1.600000023841858,2.4000000953674316,1.5700000524520874,1.8200000524520874,363000,0.0,0.0
2023-04-10 00:00:00-04:00,1.649999976158142,1.6699999570846558,1.3700000047683716,1.5800000429153442,49500,0.0,0.0
2023-04-11 00:00:00-04:00,1.5800000429153442,1.6399999856948853,1.4700000286102295,1.5099999904632568,21900,0.0,0.0
2023-04-12 00:00:00-04:00,1.5199999809265137,1.7100000381469727,1.5099999904632568,1.6299999952316284,11100,0.0,0.0
2023-04-13 00:00:00-04:00,1.2000000476837158,1.659999966621399,1.2000000476837158,1.440000057220459,25000,0.0,0.0
2023-04-14 00:00:00-04:00,1.4800000190734863,1.690000057220459,1.4500000476837158,1.4700000286102295,8000,0.0,0.0
2023-04-17 00:00:00-04:00,1.3799999952316284,2.9000000953674316,1.25,1.7000000476837158,1323600,0.0,0.0
2023-04-18 00:00:00-04:00,1.5499999523162842,1.8899999856948853,1.4600000381469727,1.6200000047683716,223400,0.0,0.0
2023-04-19 00:00:00-04:00,1.6200000047683716,1.7200000286102295,1.5099999904632568,1.600000023841858,125200,0.0,0.0
2023-04-20 00:00:00-04:00,1.3899999856948853,1.590000033378601,1.3799999952316284,1.4500000476837158,74400,0.0,0.0
2023-04-21 00:00:00-04:00,1.4500000476837158,1.5099999904632568,1.4299999475479126,1.4700000286102295,10800,0.0,0.0
2023-04-24 00:00:00-04:00,1.4299999475479126,1.5199999809265137,1.4299999475479126,1.4700000286102295,16200,0.0,0.0
2023-04-25 00:00:00-04:00,1.4600000381469727,1.4700000286102295,1.399999976158142,1.4700000286102295,7100,0.0,0.0
2023-04-26 00:00:00-04:00,1.409999966621399,1.4199999570846558,1.3899999856948853,1.399999976158142,10400,0.0,0.0
2023-04-27 00:00:00-04:00,1.3300000429153442,1.3799999952316284,1.309999942779541,1.350000023841858,7600,0.0,0.0
2023-04-28 00:00:00-04:00,1.340000033378601,1.350000023841858,1.3200000524520874,1.3300000429153442,4100,0.0,0.0
2023-05-01 00:00:00-04:00,1.340000033378601,1.350000023841858,1.309999942779541,1.340000033378601,11500,0.0,0.0
2023-05-02 00:00:00-04:00,1.3200000524520874,1.9600000381469727,1.309999942779541,1.4600000381469727,452200,0.0,0.0
2023-05-03 00:00:00-04:00,1.590000033378601,2.6600000858306885,1.309999942779541,1.4500000476837158,7436500,0.0,0.0
2023-05-04 00:00:00-04:00,1.3700000047683716,1.4900000095367432,1.2000000476837158,1.3300000429153442,675400,0.0,0.0
2023-05-05 00:00:00-04:00,1.3200000524520874,1.3200000524520874,1.1799999475479126,1.2300000190734863,409200,0.0,0.0
2023-05-08 00:00:00-04:00,1.2300000190734863,1.2300000190734863,1.0700000524520874,1.1299999952316284,256400,0.0,0.0
2023-05-09 00:00:00-04:00,1.100000023841858,1.1799999475479126,1.0199999809265137,1.0800000429153442,148200,0.0,0.0
2023-05-10 00:00:00-04:00,1.1299999952316284,1.149999976158142,1.0399999618530273,1.1100000143051147,152200,0.0,0.0
2023-05-11 00:00:00-04:00,1.1299999952316284,1.149999976158142,1.059999942779541,1.100000023841858,213600,0.0,0.0
2023-05-12 00:00:00-04:00,1.1200000047683716,1.2999999523162842,1.0499999523162842,1.090000033378601,535800,0.0,0.0
2023-05-15 00:00:00-04:00,1.090000033378601,1.149999976158142,0.949999988079071,1.0499999523162842,167300,0.0,0.0
2023-05-16 00:00:00-04:00,1.2699999809265137,2.5,1.25,1.4900000095367432,39609000,0.0,0.0
2023-05-17 00:00:00-04:00,1.3600000143051147,1.6699999570846558,1.25,1.6100000143051147,1126200,0.0,0.0
2023-05-18 00:00:00-04:00,1.5800000429153442,1.6399999856948853,1.3600000143051147,1.4700000286102295,524200,0.0,0.0
2023-05-19 00:00:00-04:00,1.4700000286102295,1.5199999809265137,1.3700000047683716,1.4500000476837158,201600,0.0,0.0
2023-05-22 00:00:00-04:00,1.4500000476837158,1.6699999570846558,1.3700000047683716,1.6200000047683716,380200,0.0,0.0
2023-05-23 00:00:00-04:00,1.659999966621399,1.7799999713897705,1.5,1.600000023841858,269300,0.0,0.0
2023-05-24 00:00:00-04:00,1.5399999618530273,1.75,1.5399999618530273,1.6399999856948853,162100,0.0,0.0
2023-05-25 00:00:00-04:00,1.6200000047683716,1.6799999475479126,1.559999942779541,1.6200000047683716,65900,0.0,0.0
2023-05-26 00:00:00-04:00,1.6299999952316284,1.6299999952316284,1.4800000190734863,1.5299999713897705,83800,0.0,0.0
2023-05-30 00:00:00-04:00,1.5299999713897705,1.5700000524520874,1.3899999856948853,1.3899999856948853,81100,0.0,0.0
2023-05-31 00:00:00-04:00,1.409999966621399,1.440000057220459,1.2300000190734863,1.3300000429153442,101100,0.0,0.0
2023-06-01 00:00:00-04:00,1.2899999618530273,1.3700000047683716,1.190000057220459,1.309999942779541,98900,0.0,0.0
2023-06-02 00:00:00-04:00,1.3899999856948853,1.4299999475479126,1.3600000143051147,1.3799999952316284,35600,0.0,0.0
2023-06-05 00:00:00-04:00,1.350000023841858,1.3899999856948853,1.3200000524520874,1.3600000143051147,36500,0.0,0.0
2023-06-06 00:00:00-04:00,1.340000033378601,1.4500000476837158,1.340000033378601,1.409999966621399,64300,0.0,0.0
2023-06-07 00:00:00-04:00,1.4199999570846558,1.4600000381469727,1.340000033378601,1.3799999952316284,36300,0.0,0.0
2023-06-08 00:00:00-04:00,1.399999976158142,1.5199999809265137,1.2999999523162842,1.3200000524520874,191500,0.0,0.0
2023-06-09 00:00:00-04:00,1.3200000524520874,1.4299999475479126,1.3200000524520874,1.409999966621399,55600,0.0,0.0
2023-06-12 00:00:00-04:00,1.3200000524520874,1.4600000381469727,1.3200000524520874,1.3700000047683716,17400,0.0,0.0
2023-06-13 00:00:00-04:00,1.3300000429153442,1.4500000476837158,1.309999942779541,1.3300000429153442,63100,0.0,0.0
2023-06-14 00:00:00-04:00,1.3300000429153442,1.3600000143051147,1.309999942779541,1.340000033378601,15900,0.0,0.0
2023-06-15 00:00:00-04:00,1.2999999523162842,1.3700000047683716,1.2899999618530273,1.340000033378601,43000,0.0,0.0
2023-06-16 00:00:00-04:00,1.2999999523162842,1.7400000095367432,1.2699999809265137,1.4199999570846558,641900,0.0,0.0
2023-06-20 00:00:00-04:00,1.3200000524520874,1.409999966621399,1.3200000524520874,1.340000033378601,40900,0.0,0.0
2023-06-21 00:00:00-04:00,1.350000023841858,1.4800000190734863,1.3200000524520874,1.3899999856948853,76600,0.0,0.0
2023-06-22 00:00:00-04:00,1.3700000047683716,1.409999966621399,1.3200000524520874,1.3300000429153442,42200,0.0,0.0
2023-06-23 00:00:00-04:00,1.3700000047683716,1.4500000476837158,1.2999999523162842,1.3200000524520874,74200,0.0,0.0
2023-06-26 00:00:00-04:00,1.3799999952316284,1.3799999952316284,1.2799999713897705,1.2999999523162842,23300,0.0,0.0
2023-06-27 00:00:00-04:00,1.3799999952316284,1.399999976158142,1.2799999713897705,1.340000033378601,31200,0.0,0.0
2023-06-28 00:00:00-04:00,1.3600000143051147,1.4199999570846558,1.340000033378601,1.3700000047683716,10300,0.0,0.0
2023-06-29 00:00:00-04:00,1.3700000047683716,1.4500000476837158,1.2300000190734863,1.3799999952316284,683200,0.0,0.0
2023-06-30 00:00:00-04:00,1.340000033378601,1.4199999570846558,1.2999999523162842,1.3300000429153442,103300,0.0,0.0
2023-07-03 00:00:00-04:00,1.3300000429153442,1.649999976158142,1.3300000429153442,1.5800000429153442,229300,0.0,0.0
2023-07-05 00:00:00-04:00,1.5299999713897705,1.7200000286102295,1.5299999713897705,1.649999976158142,115800,0.0,0.0
2023-07-06 00:00:00-04:00,1.649999976158142,1.7200000286102295,1.5199999809265137,1.6399999856948853,115600,0.0,0.0
2023-07-07 00:00:00-04:00,1.590000033378601,1.7000000476837158,1.5700000524520874,1.6799999475479126,26800,0.0,0.0
2023-07-10 00:00:00-04:00,1.6799999475479126,1.7999999523162842,1.6299999952316284,1.6699999570846558,27100,0.0,0.0
2023-07-11 00:00:00-04:00,1.690000057220459,1.7999999523162842,1.6299999952316284,1.7899999618530273,43200,0.0,0.0
2023-07-12 00:00:00-04:00,1.8600000143051147,1.8600000143051147,1.4199999570846558,1.5199999809265137,471300,0.0,0.0
2023-07-13 00:00:00-04:00,1.6799999475479126,1.75,1.4600000381469727,1.559999942779541,129000,0.0,0.0
2023-07-14 00:00:00-04:00,1.399999976158142,1.600000023841858,1.3600000143051147,1.600000023841858,20400,0.0,0.0
2023-07-17 00:00:00-04:00,1.649999976158142,1.659999966621399,1.5199999809265137,1.5499999523162842,16500,0.0,0.0
2023-07-18 00:00:00-04:00,2.2699999809265137,2.490000009536743,1.8600000143051147,2.0,40666400,0.0,0.0
2023-07-19 00:00:00-04:00,1.9600000381469727,2.049999952316284,1.809999942779541,2.0399999618530273,962500,0.0,0.0
2023-07-20 00:00:00-04:00,1.9900000095367432,2.0,1.8200000524520874,1.9900000095367432,266700,0.0,0.0
2023-07-21 00:00:00-04:00,1.9600000381469727,1.9800000190734863,1.7899999618530273,1.7999999523162842,152500,0.0,0.0
2023-07-24 00:00:00-04:00,1.7999999523162842,1.9500000476837158,1.7899999618530273,1.8799999952316284,148300,0.0,0.0
2023-07-25 00:00:00-04:00,1.899999976158142,1.9199999570846558,1.7599999904632568,1.8600000143051147,122600,0.0,0.0
2023-07-26 00:00:00-04:00,1.7999999523162842,1.850000023841858,1.7400000095367432,1.7400000095367432,69000,0.0,0.0
2023-07-27 00:00:00-04:00,1.7000000476837158,1.7799999713897705,1.600000023841858,1.600000023841858,92300,0.0,0.0
2023-07-28 00:00:00-04:00,1.649999976158142,1.649999976158142,1.5199999809265137,1.600000023841858,56500,0.0,0.0
2023-07-31 00:00:00-04:00,1.6100000143051147,1.6699999570846558,1.5700000524520874,1.6100000143051147,26400,0.0,0.0
2023-08-01 00:00:00-04:00,1.559999942779541,1.7899999618530273,1.559999942779541,1.6399999856948853,140400,0.0,0.0
2023-08-02 00:00:00-04:00,1.6799999475479126,1.75,1.600000023841858,1.600000023841858,18300,0.0,0.0
2023-08-03 00:00:00-04:00,1.659999966621399,1.7899999618530273,1.600000023841858,1.7400000095367432,82000,0.0,0.0
2023-08-04 00:00:00-04:00,1.7799999713897705,1.850000023841858,1.7400000095367432,1.8200000524520874,43800,0.0,0.0
2023-08-07 00:00:00-04:00,1.809999942779541,1.9500000476837158,1.7699999809265137,1.8300000429153442,94400,0.0,0.0
2023-08-08 00:00:00-04:00,1.7699999809265137,1.850000023841858,1.7699999809265137,1.7799999713897705,22300,0.0,0.0
2023-08-09 00:00:00-04:00,1.850000023841858,1.9199999570846558,1.7000000476837158,1.7799999713897705,73200,0.0,0.0
2023-08-10 00:00:00-04:00,1.7899999618530273,1.8300000429153442,1.649999976158142,1.649999976158142,36800,0.0,0.0
2023-08-11 00:00:00-04:00,1.6699999570846558,1.8300000429153442,1.649999976158142,1.7300000190734863,34600,0.0,0.0
2023-08-14 00:00:00-04:00,1.7899999618530273,1.7899999618530273,1.6200000047683716,1.7300000190734863,8200,0.0,0.0
2023-08-15 00:00:00-04:00,1.6299999952316284,1.7599999904632568,1.6299999952316284,1.649999976158142,16200,0.0,0.0
2023-08-16 00:00:00-04:00,1.649999976158142,1.649999976158142,1.5299999713897705,1.5299999713897705,7000,0.0,0.0
2023-08-17 00:00:00-04:00,1.5399999618530273,1.5399999618530273,1.3799999952316284,1.399999976158142,32400,0.0,0.0
2023-08-18 00:00:00-04:00,1.4600000381469727,1.6799999475479126,1.399999976158142,1.4500000476837158,141000,0.0,0.0
2023-08-21 00:00:00-04:00,1.4299999475479126,1.4299999475479126,1.3600000143051147,1.3899999856948853,19500,0.0,0.0
2023-08-22 00:00:00-04:00,1.3300000429153442,1.3899999856948853,1.25,1.309999942779541,32400,0.0,0.0
2023-08-23 00:00:00-04:00,1.25,1.340000033378601,1.25,1.2999999523162842,45100,0.0,0.0
2023-08-24 00:00:00-04:00,1.3300000429153442,1.3700000047683716,1.2699999809265137,1.3700000047683716,12700,0.0,0.0
2023-08-25 00:00:00-04:00,1.3200000524520874,1.350000023841858,1.2699999809265137,1.2899999618530273,8100,0.0,0.0
2023-08-28 00:00:00-04:00,1.2599999904632568,1.2599999904632568,1.159999966621399,1.2000000476837158,31000,0.0,0.0
2023-08-29 00:00:00-04:00,1.159999966621399,1.2200000286102295,1.149999976158142,1.2000000476837158,15500,0.0,0.0
2023-08-30 00:00:00-04:00,1.2000000476837158,1.2100000381469727,1.149999976158142,1.149999976158142,12600,0.0,0.0
2023-08-31 00:00:00-04:00,1.1699999570846558,1.2599999904632568,1.1100000143051147,1.2400000095367432,17300,0.0,0.0
2023-09-01 00:00:00-04:00,1.2100000381469727,1.2300000190734863,1.1699999570846558,1.190000057220459,33800,0.0,0.0
2023-09-05 00:00:00-04:00,1.2000000476837158,1.2000000476837158,1.100000023841858,1.1799999475479126,16600,0.0,0.0
2023-09-06 00:00:00-04:00,1.190000057220459,1.190000057220459,1.059999942779541,1.100000023841858,7800,0.0,0.0
2023-09-07 00:00:00-04:00,1.0700000524520874,1.100000023841858,1.0499999523162842,1.0800000429153442,21900,0.0,0.0
2023-09-08 00:00:00-04:00,1.059999942779541,1.0800000429153442,1.0499999523162842,1.0700000524520874,9100,0.0,0.0
2023-09-11 00:00:00-04:00,1.0499999523162842,1.2000000476837158,1.0499999523162842,1.0800000429153442,76400,0.0,0.0
2023-09-12 00:00:00-04:00,1.059999942779541,1.1399999856948853,1.0399999618530273,1.090000033378601,22400,0.0,0.0
2023-09-13 00:00:00-04:00,1.0499999523162842,1.100000023841858,1.0399999618530273,1.0399999618530273,12900,0.0,0.0
2023-09-14 00:00:00-04:00,1.090000033378601,1.090000033378601,1.059999942779541,1.0800000429153442,7500,0.0,0.0
2023-09-15 00:00:00-04:00,1.0399999618530273,1.1299999952316284,1.0299999713897705,1.1299999952316284,19100,0.0,0.0
2023-09-18 00:00:00-04:00,1.0700000524520874,1.0700000524520874,1.0499999523162842,1.0499999523162842,1600,0.0,0.0
2023-09-19 00:00:00-04:00,1.0499999523162842,1.1399999856948853,1.0499999523162842,1.090000033378601,2100,0.0,0.0
2023-09-20 00:00:00-04:00,1.0700000524520874,1.100000023841858,1.0700000524520874,1.0800000429153442,6700,0.0,0.0
2023-09-21 00:00:00-04:00,1.0700000524520874,1.0700000524520874,1.0299999713897705,1.0299999713897705,4200,0.0,0.0
2023-09-22 00:00:00-04:00,1.0099999904632568,1.0499999523162842,1.0099999904632568,1.0399999618530273,4700,0.0,0.0
2023-09-25 00:00:00-04:00,1.0199999809265137,1.0499999523162842,0.9700000286102295,0.9800000190734863,5200,0.0,0.0
2023-09-26 00:00:00-04:00,1.1799999475479126,1.1799999475479126,1.0,1.0499999523162842,8000,0.0,0.0
2023-09-27 00:00:00-04:00,0.9900000095367432,1.090000033378601,0.9900000095367432,1.0399999618530273,6600,0.0,0.0
2023-09-28 00:00:00-04:00,1.0,1.0199999809265137,1.0,1.0,9300,0.0,0.0
2023-09-29 00:00:00-04:00,1.0099999904632568,1.0399999618530273,1.0,1.0099999904632568,8100,0.0,0.0
2023-10-02 00:00:00-04:00,1.0,1.0499999523162842,1.0,1.0,4300,0.0,0.0
2023-10-03 00:00:00-04:00,1.0,1.059999942779541,1.0,1.0,9100,0.0,0.0
2023-10-04 00:00:00-04:00,1.090000033378601,1.090000033378601,1.090000033378601,1.090000033378601,1000,0.0,0.0
2023-10-05 00:00:00-04:00,1.090000033378601,1.090000033378601,1.0,1.0,22000,0.0,0.0
2023-10-06 00:00:00-04:00,1.0199999809265137,1.0499999523162842,0.9900000095367432,1.0199999809265137,8900,0.0,0.0
2023-10-09 00:00:00-04:00,0.9800000190734863,1.0199999809265137,0.8999999761581421,0.949999988079071,22000,0.0,0.0
2023-10-10 00:00:00-04:00,0.949999988079071,0.949999988079071,0.8999999761581421,0.9100000262260437,5900,0.0,0.0
2023-10-11 00:00:00-04:00,0.8999999761581421,0.9300000071525574,0.8500000238418579,0.8799999952316284,18600,0.0,0.0
2023-10-12 00:00:00-04:00,0.8600000143051147,0.9300000071525574,0.8600000143051147,0.9300000071525574,8200,0.0,0.0
2023-10-13 00:00:00-04:00,0.8999999761581421,0.9300000071525574,0.8999999761581421,0.8999999761581421,2900,0.0,0.0
2023-10-16 00:00:00-04:00,0.8999999761581421,0.9300000071525574,0.8399999737739563,0.8399999737739563,11800,0.0,0.0
2023-10-17 00:00:00-04:00,0.8199999928474426,0.8500000238418579,0.699999988079071,0.7699999809265137,47100,0.0,0.0
2023-10-18 00:00:00-04:00,0.8100000023841858,0.8799999952316284,0.7200000286102295,0.7400000095367432,15900,0.0,0.0
2023-10-19 00:00:00-04:00,0.75,0.7699999809265137,0.7300000190734863,0.75,12700,0.0,0.0
2023-10-20 00:00:00-04:00,0.7400000095367432,0.7799999713897705,0.7300000190734863,0.7400000095367432,8000,0.0,0.0
2023-10-23 00:00:00-04:00,0.75,0.7599999904632568,0.75,0.7599999904632568,1400,0.0,0.0
2023-10-24 00:00:00-04:00,0.7599999904632568,0.8199999928474426,0.75,0.7799999713897705,2200,0.0,0.0
2023-10-25 00:00:00-04:00,0.8100000023841858,0.8100000023841858,0.6100000143051147,0.699999988079071,16100,0.0,0.0
2023-10-26 00:00:00-04:00,0.800000011920929,1.0299999713897705,0.7599999904632568,0.8500000238418579,2137900,0.0,0.0
2023-10-27 00:00:00-04:00,0.8100000023841858,0.8999999761581421,0.7799999713897705,0.8999999761581421,81900,0.0,0.0
2023-10-30 00:00:00-04:00,0.8700000047683716,0.8700000047683716,0.8199999928474426,0.8199999928474426,149600,0.0,0.0
2023-10-31 00:00:00-04:00,0.8199999928474426,0.8799999952316284,0.8199999928474426,0.8799999952316284,36300,0.0,0.0
2023-11-01 00:00:00-04:00,0.8199999928474426,0.8600000143051147,0.8199999928474426,0.8299999833106995,21600,0.0,0.0
2023-11-02 00:00:00-04:00,0.8500000238418579,0.8500000238418579,0.8199999928474426,0.8399999737739563,14200,0.0,0.0
2023-11-03 00:00:00-04:00,0.8399999737739563,0.8799999952316284,0.8199999928474426,0.8500000238418579,32700,0.0,0.0
2023-11-06 00:00:00-05:00,0.8199999928474426,0.9200000166893005,0.8199999928474426,0.9200000166893005,23900,0.0,0.0
2023-11-07 00:00:00-05:00,0.8899999856948853,0.8999999761581421,0.8500000238418579,0.8600000143051147,27400,0.0,0.0
2023-11-08 00:00:00-05:00,0.8700000047683716,0.8700000047683716,0.699999988079071,0.8100000023841858,16800,0.0,0.0
2023-11-09 00:00:00-05:00,0.7900000214576721,0.8299999833106995,0.7900000214576721,0.7900000214576721,12500,0.0,0.0
2023-11-10 00:00:00-05:00,0.8199999928474426,0.8199999928474426,0.800000011920929,0.800000011920929,7700,0.0,0.0
2023-11-13 00:00:00-05:00,0.7900000214576721,1.149999976158142,0.7799999713897705,1.059999942779541,748400,0.0,0.0
2023-11-14 00:00:00-05:00,0.9399999976158142,1.090000033378601,0.8999999761581421,1.0800000429153442,230300,0.0,0.0
2023-11-15 00:00:00-05:00,1.0499999523162842,1.0499999523162842,0.9800000190734863,1.0399999618530273,85800,0.0,0.0
2023-11-16 00:00:00-05:00,0.949999988079071,0.9700000286102295,0.7599999904632568,0.949999988079071,70700,0.0,0.0
2023-11-17 00:00:00-05:00,0.949999988079071,1.0,0.8399999737739563,0.8799999952316284,46600,0.0,0.0
2023-11-20 00:00:00-05:00,0.8700000047683716,0.9399999976158142,0.8299999833106995,0.9399999976158142,18000,0.0,0.0
2023-11-21 00:00:00-05:00,0.8700000047683716,0.9800000190734863,0.8500000238418579,0.9700000286102295,9100,0.0,0.0
2023-11-22 00:00:00-05:00,0.9300000071525574,0.9599999785423279,0.8600000143051147,0.9399999976158142,12100,0.0,0.0
2023-11-24 00:00:00-05:00,0.8899999856948853,1.2999999523162842,0.8700000047683716,1.2599999904632568,605200,0.0,0.0
2023-11-27 00:00:00-05:00,1.340000033378601,1.3700000047683716,1.1399999856948853,1.2400000095367432,683600,0.0,0.0
2023-11-28 00:00:00-05:00,1.2400000095367432,1.2400000095367432,1.0299999713897705,1.159999966621399,154000,0.0,0.0
2023-11-29 00:00:00-05:00,1.100000023841858,1.1699999570846558,1.0299999713897705,1.1299999952316284,98000,0.0,0.0
2023-11-30 00:00:00-05:00,1.2200000286102295,1.2999999523162842,1.1100000143051147,1.25,216200,0.0,0.0
2023-12-01 00:00:00-05:00,1.2200000286102295,1.2999999523162842,1.0800000429153442,1.2400000095367432,171400,0.0,0.0
2023-12-04 00:00:00-05:00,1.2200000286102295,1.25,1.100000023841858,1.190000057220459,44200,0.0,0.0
2023-12-05 00:00:00-05:00,1.159999966621399,1.1699999570846558,1.0800000429153442,1.159999966621399,39600,0.0,0.0
2023-12-06 00:00:00-05:00,1.2200000286102295,1.2200000286102295,1.1399999856948853,1.159999966621399,21400,0.0,0.0
2023-12-07 00:00:00-05:00,1.159999966621399,1.190000057220459,1.1100000143051147,1.1399999856948853,9600,0.0,0.0
2023-12-08 00:00:00-05:00,1.1299999952316284,1.1299999952316284,1.0099999904632568,1.0800000429153442,46400,0.0,0.0
2023-12-11 00:00:00-05:00,1.0800000429153442,1.1100000143051147,1.0499999523162842,1.1100000143051147,2000,0.0,0.0
2023-12-12 00:00:00-05:00,1.1100000143051147,1.1299999952316284,1.0499999523162842,1.1200000047683716,7000,0.0,0.0
2023-12-13 00:00:00-05:00,1.1299999952316284,1.159999966621399,1.0700000524520874,1.1100000143051147,35500,0.0,0.0
2023-12-14 00:00:00-05:00,1.0800000429153442,1.2100000381469727,1.059999942779541,1.159999966621399,14800,0.0,0.0
2023-12-15 00:00:00-05:00,1.159999966621399,1.2100000381469727,1.1299999952316284,1.1699999570846558,15200,0.0,0.0
2023-12-18 00:00:00-05:00,1.0700000524520874,1.159999966621399,1.0700000524520874,1.100000023841858,6100,0.0,0.0
2023-12-19 00:00:00-05:00,1.1100000143051147,1.190000057220459,1.0800000429153442,1.1699999570846558,27300,0.0,0.0
2023-12-20 00:00:00-05:00,1.2000000476837158,1.2000000476837158,1.0,1.149999976158142,27000,0.0,0.0
2023-12-21 00:00:00-05:00,1.2200000286102295,1.2200000286102295,1.0499999523162842,1.100000023841858,24800,0.0,0.0
2023-12-22 00:00:00-05:00,1.059999942779541,1.1399999856948853,1.059999942779541,1.0700000524520874,20600,0.0,0.0
2023-12-26 00:00:00-05:00,1.1100000143051147,1.1299999952316284,1.0499999523162842,1.1200000047683716,16500,0.0,0.0
2023-12-27 00:00:00-05:00,1.1399999856948853,1.1399999856948853,1.0,1.0,31200,0.0,0.0
2023-12-28 00:00:00-05:00,1.0399999618530273,1.059999942779541,1.0099999904632568,1.0299999713897705,45200,0.0,0.0
2023-12-29 00:00:00-05:00,1.0099999904632568,1.0499999523162842,1.0,1.0099999904632568,23200,0.0,0.0
2024-01-02 00:00:00-05:00,1.0099999904632568,1.0499999523162842,1.0099999904632568,1.0299999713897705,6600,0.0,0.0
2024-01-03 00:00:00-05:00,1.0399999618530273,1.059999942779541,1.0099999904632568,1.0399999618530273,15700,0.0,0.0
2024-01-04 00:00:00-05:00,1.0199999809265137,1.059999942779541,1.0099999904632568,1.0199999809265137,15400,0.0,0.0
2024-01-05 00:00:00-05:00,1.0499999523162842,1.0499999523162842,1.0,1.0,23600,0.0,0.0
2024-01-08 00:00:00-05:00,1.0099999904632568,1.0299999713897705,0.8899999856948853,0.9300000071525574,24000,0.0,0.0
2024-01-09 00:00:00-05:00,0.949999988079071,1.0499999523162842,0.949999988079071,1.0399999618530273,4400,0.0,0.0
2024-01-10 00:00:00-05:00,1.0099999904632568,1.0199999809265137,1.0099999904632568,1.0099999904632568,3200,0.0,0.0
2024-01-11 00:00:00-05:00,0.9900000095367432,1.0,0.9599999785423279,0.9700000286102295,5500,0.0,0.0
2024-01-12 00:00:00-05:00,0.949999988079071,0.9700000286102295,0.9399999976158142,0.9399999976158142,7300,0.0,0.0
2024-01-16 00:00:00-05:00,0.9300000071525574,0.9300000071525574,0.8600000143051147,0.8799999952316284,10700,0.0,0.0
2024-01-17 00:00:00-05:00,0.8600000143051147,0.8600000143051147,0.800000011920929,0.800000011920929,9100,0.0,0.0
2024-01-18 00:00:00-05:00,0.800000011920929,0.8299999833106995,0.800000011920929,0.8299999833106995,5100,0.0,0.0
2024-01-19 00:00:00-05:00,0.7699999809265137,0.7699999809265137,0.6499999761581421,0.75,78500,0.0,0.0
2024-01-22 00:00:00-05:00,0.7300000190734863,0.7699999809265137,0.699999988079071,0.7099999785423279,24900,0.0,0.0
2024-01-23 00:00:00-05:00,0.7400000095367432,0.75,0.7300000190734863,0.75,15400,0.0,0.0
2024-01-24 00:00:00-05:00,0.7799999713897705,0.7799999713897705,0.75,0.75,8400,0.0,0.0
2024-01-25 00:00:00-05:00,0.7099999785423279,0.75,0.6899999976158142,0.6899999976158142,6900,0.0,0.0
2024-01-26 00:00:00-05:00,0.7099999785423279,0.7099999785423279,0.6499999761581421,0.6800000071525574,18700,0.0,0.0
2024-01-29 00:00:00-05:00,0.7200000286102295,0.800000011920929,0.6899999976158142,0.699999988079071,8400,0.0,0.0
2024-01-30 00:00:00-05:00,0.699999988079071,0.7599999904632568,0.6800000071525574,0.6899999976158142,6500,0.0,0.0
2024-01-31 00:00:00-05:00,0.699999988079071,0.75,0.6600000262260437,0.699999988079071,11500,0.0,0.0
2024-02-01 00:00:00-05:00,0.7400000095367432,0.75,0.6600000262260437,0.6600000262260437,28300,0.0,0.0
2024-02-02 00:00:00-05:00,0.699999988079071,0.7200000286102295,0.6600000262260437,0.6600000262260437,9300,0.0,0.0
2024-02-05 00:00:00-05:00,0.6600000262260437,0.6800000071525574,0.6600000262260437,0.6600000262260437,6700,0.0,0.0
2024-02-06 00:00:00-05:00,0.6600000262260437,0.6800000071525574,0.6600000262260437,0.6600000262260437,9000,0.0,0.0
2024-02-07 00:00:00-05:00,0.6499999761581421,0.7200000286102295,0.6499999761581421,0.6899999976158142,3500,0.0,0.0
2024-02-08 00:00:00-05:00,0.7099999785423279,0.7300000190734863,0.6499999761581421,0.6899999976158142,6800,0.0,0.0
2024-02-09 00:00:00-05:00,0.6600000262260437,0.699999988079071,0.6600000262260437,0.699999988079071,3000,0.0,0.0
2024-02-12 00:00:00-05:00,0.7400000095367432,0.7400000095367432,0.699999988079071,0.699999988079071,1300,0.0,0.0
2024-02-13 00:00:00-05:00,0.6700000166893005,0.699999988079071,0.6499999761581421,0.6899999976158142,3000,0.0,0.0
2024-02-14 00:00:00-05:00,0.6700000166893005,0.7400000095367432,0.6700000166893005,0.7200000286102295,8200,0.0,0.0
2024-02-15 00:00:00-05:00,0.7200000286102295,0.7200000286102295,0.6800000071525574,0.6899999976158142,3800,0.0,0.0
2024-02-16 00:00:00-05:00,0.7200000286102295,0.7200000286102295,0.6700000166893005,0.6700000166893005,12900,0.0,0.0
2024-02-20 00:00:00-05:00,0.699999988079071,0.7300000190734863,0.6800000071525574,0.6800000071525574,7800,0.0,0.0
2024-02-21 00:00:00-05:00,0.6800000071525574,0.7400000095367432,0.6600000262260437,0.699999988079071,65300,0.0,0.0
2024-02-22 00:00:00-05:00,0.699999988079071,0.7799999713897705,0.6800000071525574,0.7099999785423279,28900,0.0,0.0
2024-02-23 00:00:00-05:00,0.7099999785423279,0.7300000190734863,0.6700000166893005,0.7200000286102295,26100,0.0,0.0
2024-02-26 00:00:00-05:00,0.6899999976158142,0.75,0.6800000071525574,0.7400000095367432,10000,0.0,0.0
2024-02-27 00:00:00-05:00,0.800000011920929,1.2000000476837158,0.800000011920929,1.0199999809265137,526100,0.0,0.0
2024-02-28 00:00:00-05:00,0.9599999785423279,1.190000057220459,0.9399999976158142,1.0299999713897705,107300,0.0,0.0
2024-02-29 00:00:00-05:00,1.1100000143051147,1.1100000143051147,0.9700000286102295,0.9800000190734863,26900,0.0,0.0
2024-03-01 00:00:00-05:00,1.0299999713897705,1.0800000429153442,0.949999988079071,1.0199999809265137,10000,0.0,0.0
2024-03-04 00:00:00-05:00,1.0299999713897705,1.100000023841858,0.9800000190734863,1.0800000429153442,32000,0.0,0.0
2024-03-05 00:00:00-05:00,1.059999942779541,1.159999966621399,1.0299999713897705,1.149999976158142,53700,0.0,0.0
2024-03-06 00:00:00-05:00,1.0700000524520874,1.149999976158142,1.059999942779541,1.149999976158142,16200,0.0,0.0
2024-03-07 00:00:00-05:00,1.149999976158142,1.1799999475479126,1.100000023841858,1.1399999856948853,8900,0.0,0.0
2024-03-08 00:00:00-05:00,1.1100000143051147,1.1100000143051147,0.9700000286102295,1.0499999523162842,46600,0.0,0.0
2024-03-11 00:00:00-04:00,1.0099999904632568,1.0800000429153442,0.949999988079071,1.0099999904632568,14800,0.0,0.0
2024-03-12 00:00:00-04:00,0.9900000095367432,1.2000000476837158,0.9900000095367432,1.1799999475479126,27300,0.0,0.0
2024-03-13 00:00:00-04:00,1.2200000286102295,1.2999999523162842,1.1299999952316284,1.2599999904632568,24700,0.0,0.0
2024-03-14 00:00:00-04:00,1.1699999570846558,1.1799999475479126,1.149999976158142,1.159999966621399,5800,0.0,0.0
2024-03-15 00:00:00-04:00,1.1399999856948853,1.25,1.1399999856948853,1.159999966621399,39900,0.0,0.0
2024-03-18 00:00:00-04:00,1.190000057220459,1.2400000095367432,1.159999966621399,1.190000057220459,10100,0.0,0.0
2024-03-19 00:00:00-04:00,1.190000057220459,1.190000057220459,1.090000033378601,1.100000023841858,6400,0.0,0.0
2024-03-20 00:00:00-04:00,1.1699999570846558,1.190000057220459,0.949999988079071,1.0700000524520874,213400,0.0,0.0
2024-03-21 00:00:00-04:00,1.0499999523162842,1.100000023841858,1.0,1.0700000524520874,12600,0.0,0.0
2024-03-22 00:00:00-04:00,1.0099999904632568,1.059999942779541,0.9900000095367432,1.059999942779541,6300,0.0,0.0
2024-03-25 00:00:00-04:00,1.059999942779541,1.059999942779541,0.9800000190734863,0.9800000190734863,6600,0.0,0.0
2024-03-26 00:00:00-04:00,0.9300000071525574,0.9300000071525574,0.8199999928474426,0.9200000166893005,64800,0.0,0.0
2024-03-27 00:00:00-04:00,0.8999999761581421,1.0099999904632568,0.8999999761581421,0.9700000286102295,20100,0.0,0.0
2024-03-28 00:00:00-04:00,0.9700000286102295,0.9700000286102295,0.9100000262260437,0.9100000262260437,2000,0.0,0.0
2024-04-01 00:00:00-04:00,0.9100000262260437,0.9200000166893005,0.8799999952316284,0.8799999952316284,5200,0.0,0.0
2024-04-02 00:00:00-04:00,0.8899999856948853,0.8999999761581421,0.8899999856948853,0.8999999761581421,2200,0.0,0.0
2024-04-03 00:00:00-04:00,0.9100000262260437,0.9100000262260437,0.8600000143051147,0.8899999856948853,3700,0.0,0.0
2024-04-04 00:00:00-04:00,0.8999999761581421,0.9599999785423279,0.8999999761581421,0.949999988079071,12600,0.0,0.0
2024-04-05 00:00:00-04:00,0.949999988079071,0.949999988079071,0.949999988079071,0.949999988079071,400,0.0,0.0
2024-04-08 00:00:00-04:00,0.9900000095367432,0.9900000095367432,0.8500000238418579,0.8500000238418579,4300,0.0,0.0
2024-04-09 00:00:00-04:00,0.9200000166893005,1.0,0.8500000238418579,0.9200000166893005,17700,0.0,0.0
2024-04-10 00:00:00-04:00,0.8899999856948853,0.8999999761581421,0.8500000238418579,0.8999999761581421,3400,0.0,0.0
2024-04-11 00:00:00-04:00,0.8600000143051147,0.8600000143051147,0.8600000143051147,0.8600000143051147,400,0.0,0.0
2024-04-12 00:00:00-04:00,0.8600000143051147,0.8700000047683716,0.800000011920929,0.8500000238418579,17300,0.0,0.0
2024-04-15 00:00:00-04:00,0.9700000286102295,0.9700000286102295,0.8100000023841858,0.8500000238418579,4800,0.0,0.0
2024-04-16 00:00:00-04:00,0.8100000023841858,0.8100000023841858,0.7400000095367432,0.7799999713897705,9900,0.0,0.0
2024-04-17 00:00:00-04:00,0.7799999713897705,0.7799999713897705,0.7200000286102295,0.7400000095367432,11800,0.0,0.0
2024-04-18 00:00:00-04:00,0.7400000095367432,0.7900000214576721,0.7400000095367432,0.7799999713897705,3200,0.0,0.0
2024-04-19 00:00:00-04:00,0.7799999713897705,0.7799999713897705,0.699999988079071,0.7400000095367432,3000,0.0,0.0
2024-04-22 00:00:00-04:00,0.75,0.8799999952316284,0.7300000190734863,0.8799999952316284,30000,0.0,0.0
2024-04-23 00:00:00-04:00,0.8100000023841858,0.8799999952316284,0.8100000023841858,0.8299999833106995,10600,0.0,0.0
2024-04-24 00:00:00-04:00,0.8700000047683716,0.8799999952316284,0.8500000238418579,0.8700000047683716,9300,0.0,0.0
2024-04-25 00:00:00-04:00,0.8799999952316284,1.0700000524520874,0.8799999952316284,1.0299999713897705,84000,0.0,0.0
2024-04-26 00:00:00-04:00,1.0299999713897705,1.159999966621399,0.9100000262260437,1.0099999904632568,109500,0.0,0.0
2024-04-29 00:00:00-04:00,0.9800000190734863,1.1699999570846558,0.9800000190734863,1.0299999713897705,37000,0.0,0.0
2024-04-30 00:00:00-04:00,1.0099999904632568,1.1200000047683716,0.949999988079071,0.949999988079071,23000,0.0,0.0
2024-05-01 00:00:00-04:00,0.949999988079071,1.1200000047683716,0.949999988079071,1.0700000524520874,4100,0.0,0.0
2024-05-02 00:00:00-04:00,1.059999942779541,1.059999942779541,0.9900000095367432,1.0299999713897705,9100,0.0,0.0
2024-05-03 00:00:00-04:00,1.0,1.0,0.9399999976158142,0.9599999785423279,7000,0.0,0.0
2024-05-06 00:00:00-04:00,0.8999999761581421,1.0700000524520874,0.8999999761581421,0.8999999761581421,38500,0.0,0.0
2024-05-07 00:00:00-04:00,0.9200000166893005,1.0,0.8899999856948853,0.8999999761581421,7500,0.0,0.0
2024-05-08 00:00:00-04:00,0.8999999761581421,0.9399999976158142,0.8600000143051147,0.9300000071525574,3700,0.0,0.0
2024-05-09 00:00:00-04:00,0.9599999785423279,1.0099999904632568,0.949999988079071,0.9900000095367432,5100,0.0,0.0
2024-05-10 00:00:00-04:00,0.9599999785423279,0.9599999785423279,0.949999988079071,0.949999988079071,700,0.0,0.0
2024-05-13 00:00:00-04:00,0.8100000023841858,0.9800000190734863,0.8100000023841858,0.9800000190734863,9800,0.0,0.0
2024-05-14 00:00:00-04:00,0.8799999952316284,0.9900000095367432,0.8500000238418579,0.9200000166893005,31100,0.0,0.0
2024-05-15 00:00:00-04:00,0.9200000166893005,0.9399999976158142,0.8500000238418579,0.9399999976158142,26400,0.0,0.0
2024-05-16 00:00:00-04:00,0.9100000262260437,1.2000000476837158,0.8700000047683716,1.1299999952316284,72400,0.0,0.0
2024-05-17 00:00:00-04:00,1.159999966621399,1.2300000190734863,1.0199999809265137,1.1799999475479126,98500,0.0,0.0
2024-05-20 00:00:00-04:00,1.149999976158142,1.2000000476837158,1.1100000143051147,1.159999966621399,10700,0.0,0.0
2024-05-21 00:00:00-04:00,1.159999966621399,1.440000057220459,1.1200000047683716,1.409999966621399,98400,0.0,0.0
2024-05-22 00:00:00-04:00,1.4800000190734863,1.5700000524520874,1.2400000095367432,1.4299999475479126,179300,0.0,0.0
2024-05-23 00:00:00-04:00,1.3899999856948853,1.4500000476837158,1.2400000095367432,1.350000023841858,145500,0.0,0.0
2024-05-24 00:00:00-04:00,1.3899999856948853,1.4700000286102295,1.2699999809265137,1.399999976158142,71700,0.0,0.0
2024-05-28 00:00:00-04:00,1.3700000047683716,1.5800000429153442,1.350000023841858,1.399999976158142,64800,0.0,0.0
2024-05-29 00:00:00-04:00,1.5499999523162842,1.5499999523162842,1.2200000286102295,1.399999976158142,66700,0.0,0.0
2024-05-30 00:00:00-04:00,1.3899999856948853,1.6100000143051147,1.2999999523162842,1.4900000095367432,87900,0.0,0.0
2024-05-31 00:00:00-04:00,1.440000057220459,1.6100000143051147,1.2899999618530273,1.3899999856948853,64300,0.0,0.0
2024-06-03 00:00:00-04:00,1.3899999856948853,1.440000057220459,1.3799999952316284,1.409999966621399,29300,0.0,0.0
2024-06-04 00:00:00-04:00,1.3600000143051147,1.4199999570846558,1.3200000524520874,1.4199999570846558,14300,0.0,0.0
2024-06-05 00:00:00-04:00,1.4500000476837158,1.75,1.4500000476837158,1.7200000286102295,80700,0.0,0.0
2024-06-06 00:00:00-04:00,1.7400000095367432,1.7599999904632568,1.590000033378601,1.7000000476837158,33800,0.0,0.0
2024-06-07 00:00:00-04:00,1.7000000476837158,1.899999976158142,1.649999976158142,1.8700000047683716,100000,0.0,0.0
2024-06-10 00:00:00-04:00,1.840000033378601,1.9700000286102295,1.8200000524520874,1.899999976158142,78900,0.0,0.0
2024-06-11 00:00:00-04:00,1.899999976158142,1.9500000476837158,1.5,1.8799999952316284,133000,0.0,0.0
2024-06-12 00:00:00-04:00,1.7799999713897705,1.809999942779541,1.409999966621399,1.4600000381469727,6581300,0.0,0.0
2024-06-13 00:00:00-04:00,1.2999999523162842,1.3200000524520874,1.1399999856948853,1.2200000286102295,601000,0.0,0.0
2024-06-14 00:00:00-04:00,1.149999976158142,1.3799999952316284,1.149999976158142,1.2400000095367432,141000,0.0,0.0
2024-06-17 00:00:00-04:00,1.25,1.3300000429153442,1.059999942779541,1.1299999952316284,132100,0.0,0.0
2024-06-18 00:00:00-04:00,1.1100000143051147,1.1299999952316284,1.0399999618530273,1.1200000047683716,58900,0.0,0.0
2024-06-20 00:00:00-04:00,1.1100000143051147,1.1100000143051147,1.0099999904632568,1.059999942779541,33500,0.0,0.0
2024-06-21 00:00:00-04:00,1.0499999523162842,1.100000023841858,1.0499999523162842,1.100000023841858,63300,0.0,0.0
2024-06-24 00:00:00-04:00,1.059999942779541,1.1200000047683716,0.9800000190734863,1.0,95800,0.0,0.0
2024-06-25 00:00:00-04:00,0.9900000095367432,1.2000000476837158,0.9700000286102295,1.1100000143051147,206100,0.0,0.0
2024-06-26 00:00:00-04:00,1.1200000047683716,1.2599999904632568,1.0499999523162842,1.25,70600,0.0,0.0
2024-06-27 00:00:00-04:00,1.2899999618530273,1.2899999618530273,1.1200000047683716,1.2100000381469727,50100,0.0,0.0
2024-06-28 00:00:00-04:00,1.2000000476837158,1.2000000476837158,1.1200000047683716,1.159999966621399,25600,0.0,0.0
2024-07-01 00:00:00-04:00,1.159999966621399,1.159999966621399,1.1100000143051147,1.1399999856948853,31400,0.0,0.0
2024-07-02 00:00:00-04:00,1.1200000047683716,1.149999976158142,1.100000023841858,1.1299999952316284,5200,0.0,0.0
2024-07-03 00:00:00-04:00,1.1699999570846558,1.1799999475479126,1.1299999952316284,1.149999976158142,54400,0.0,0.0
2024-07-05 00:00:00-04:00,1.3899999856948853,1.409999966621399,1.0399999618530273,1.2300000190734863,20406200,0.0,0.0
2024-07-08 00:00:00-04:00,1.1699999570846558,1.2300000190734863,1.100000023841858,1.190000057220459,846200,0.0,0.0
2024-07-09 00:00:00-04:00,1.1399999856948853,1.1399999856948853,1.0399999618530273,1.0800000429153442,412700,0.0,0.0
2024-07-10 00:00:00-04:00,1.1299999952316284,1.149999976158142,0.9399999976158142,0.9900000095367432,376300,0.0,0.0
2024-07-11 00:00:00-04:00,0.9800000190734863,1.0199999809265137,0.8999999761581421,1.0,95400,0.0,0.0
2024-07-12 00:00:00-04:00,0.9800000190734863,1.0,0.9200000166893005,0.9300000071525574,189700,0.0,0.0
2024-07-15 00:00:00-04:00,0.949999988079071,0.949999988079071,0.8199999928474426,0.8899999856948853,210700,0.0,0.0
2024-07-16 00:00:00-04:00,0.949999988079071,0.9700000286102295,0.7900000214576721,0.8399999737739563,1654600,0.0,0.0
2024-07-17 00:00:00-04:00,0.8199999928474426,0.8600000143051147,0.800000011920929,0.8500000238418579,184200,0.0,0.0
2024-07-18 00:00:00-04:00,0.8199999928474426,0.8799999952316284,0.800000011920929,0.8399999737739563,167500,0.0,0.0
2024-07-19 00:00:00-04:00,0.8399999737739563,0.8799999952316284,0.8100000023841858,0.8500000238418579,69300,0.0,0.0
2024-07-22 00:00:00-04:00,0.8500000238418579,0.8500000238418579,0.7900000214576721,0.8199999928474426,49900,0.0,0.0
2024-07-23 00:00:00-04:00,0.7900000214576721,0.8299999833106995,0.5600000023841858,0.6299999952316284,2158500,0.0,0.0
2024-07-24 00:00:00-04:00,0.6499999761581421,0.6700000166893005,0.5899999737739563,0.6000000238418579,322100,0.0,0.0
2024-07-25 00:00:00-04:00,0.5799999833106995,0.5899999737739563,0.5600000023841858,0.5799999833106995,164400,0.0,0.0
2024-07-26 00:00:00-04:00,0.5600000023841858,0.6100000143051147,0.5600000023841858,0.5899999737739563,85700,0.0,0.0
2024-07-29 00:00:00-04:00,0.5899999737739563,0.6000000238418579,0.550000011920929,0.5699999928474426,81000,0.0,0.0
2024-07-30 00:00:00-04:00,0.5600000023841858,0.5899999737739563,0.5400000214576721,0.5699999928474426,114300,0.0,0.0
2024-07-31 00:00:00-04:00,0.5799999833106995,0.5799999833106995,0.5199999809265137,0.5299999713897705,85000,0.0,0.0
2024-08-01 00:00:00-04:00,0.5199999809265137,0.550000011920929,0.5099999904632568,0.5400000214576721,78300,0.0,0.0
2024-08-02 00:00:00-04:00,0.5299999713897705,0.550000011920929,0.46000000834465027,0.49000000953674316,96600,0.0,0.0
2024-08-05 00:00:00-04:00,0.3700000047683716,0.4699999988079071,0.3499999940395355,0.44999998807907104,152600,0.0,0.0
2024-08-06 00:00:00-04:00,0.44999998807907104,0.550000011920929,0.4300000071525574,0.5099999904632568,146400,0.0,0.0
2024-08-07 00:00:00-04:00,0.5099999904632568,0.550000011920929,0.5099999904632568,0.5099999904632568,25700,0.0,0.0
2024-08-08 00:00:00-04:00,0.5299999713897705,0.550000011920929,0.49000000953674316,0.5099999904632568,43400,0.0,0.0
2024-08-09 00:00:00-04:00,0.5400000214576721,0.5600000023841858,0.5,0.550000011920929,88200,0.0,0.0
2024-08-12 00:00:00-04:00,0.5299999713897705,0.5299999713897705,0.49000000953674316,0.49000000953674316,55900,0.0,0.0
2024-08-13 00:00:00-04:00,0.49000000953674316,0.5299999713897705,0.4699999988079071,0.4699999988079071,67600,0.0,0.0
2024-08-14 00:00:00-04:00,0.4699999988079071,0.5099999904632568,0.4699999988079071,0.5,15400,0.0,0.0
2024-08-15 00:00:00-04:00,0.4699999988079071,0.5199999809265137,0.4699999988079071,0.49000000953674316,52400,0.0,0.0
2024-08-16 00:00:00-04:00,0.5,0.5299999713897705,0.49000000953674316,0.5099999904632568,34300,0.0,0.0
2024-08-19 00:00:00-04:00,0.5299999713897705,0.5899999737739563,0.5299999713897705,0.550000011920929,275000,0.0,0.0
2024-08-20 00:00:00-04:00,0.6000000238418579,0.6000000238418579,0.38999998569488525,0.38999998569488525,393900,0.0,0.0
2024-08-21 00:00:00-04:00,0.4099999964237213,0.4399999976158142,0.3799999952316284,0.41999998688697815,155800,0.0,0.0
2024-08-22 00:00:00-04:00,0.41999998688697815,0.44999998807907104,0.41999998688697815,0.41999998688697815,118800,0.0,0.0
2024-08-23 00:00:00-04:00,0.44999998807907104,0.4699999988079071,0.4399999976158142,0.4699999988079071,61800,0.0,0.0
2024-08-26 00:00:00-04:00,0.49000000953674316,0.5,0.44999998807907104,0.44999998807907104,20000,0.0,0.0
2024-08-27 00:00:00-04:00,0.4399999976158142,0.5,0.4399999976158142,0.4699999988079071,34900,0.0,0.0
2024-08-28 00:00:00-04:00,0.49000000953674316,0.5299999713897705,0.49000000953674316,0.5099999904632568,143200,0.0,0.0
2024-08-29 00:00:00-04:00,0.5,0.6200000047683716,0.5,0.5899999737739563,324100,0.0,0.0
2024-08-30 00:00:00-04:00,0.5899999737739563,0.9100000262260437,0.5899999737739563,0.75,1202200,0.0,0.0
2024-09-03 00:00:00-04:00,0.7599999904632568,0.7599999904632568,0.6499999761581421,0.75,224100,0.0,0.0
2024-09-04 00:00:00-04:00,0.7599999904632568,0.8500000238418579,0.6899999976158142,0.699999988079071,142800,0.0,0.0
2024-09-05 00:00:00-04:00,0.7099999785423279,0.75,0.6899999976158142,0.7400000095367432,105000,0.0,0.0
2024-09-06 00:00:00-04:00,0.7099999785423279,0.75,0.7099999785423279,0.7400000095367432,40800,0.0,0.0
2024-09-09 00:00:00-04:00,0.7300000190734863,0.7900000214576721,0.6499999761581421,0.7599999904632568,53700,0.0,0.0
2024-09-10 00:00:00-04:00,0.75,0.75,0.6499999761581421,0.6899999976158142,51900,0.0,0.0
2024-09-11 00:00:00-04:00,0.5600000023841858,0.6800000071525574,0.5600000023841858,0.6000000238418579,99800,0.0,0.0
2024-09-12 00:00:00-04:00,0.5199999809265137,0.6399999856948853,0.5199999809265137,0.6399999856948853,48600,0.0,0.0
2024-09-13 00:00:00-04:00,0.6299999952316284,0.6399999856948853,0.5299999713897705,0.5299999713897705,58000,0.0,0.0
2024-09-16 00:00:00-04:00,0.5600000023841858,0.7400000095367432,0.5,0.6600000262260437,244700,0.0,0.0
2024-09-17 00:00:00-04:00,0.699999988079071,0.699999988079071,0.5899999737739563,0.5899999737739563,72600,0.0,0.0
2024-09-18 00:00:00-04:00,0.6100000143051147,0.6399999856948853,0.550000011920929,0.6000000238418579,49500,0.0,0.0
2024-09-19 00:00:00-04:00,0.6000000238418579,0.6499999761581421,0.5400000214576721,0.550000011920929,106600,0.0,0.0
2024-09-20 00:00:00-04:00,0.5600000023841858,0.6100000143051147,0.5600000023841858,0.6000000238418579,53800,0.0,0.0
2024-09-23 00:00:00-04:00,0.6000000238418579,0.6000000238418579,0.5699999928474426,0.5799999833106995,34500,0.0,0.0
2024-09-24 00:00:00-04:00,0.5799999833106995,0.6000000238418579,0.5400000214576721,0.5600000023841858,93200,0.0,0.0
2024-09-25 00:00:00-04:00,0.5899999737739563,0.5899999737739563,0.5199999809265137,0.5299999713897705,56500,0.0,0.0
2024-09-26 00:00:00-04:00,0.550000011920929,0.5799999833106995,0.5,0.550000011920929,94900,0.0,0.0
2024-09-27 00:00:00-04:00,0.5299999713897705,0.5699999928474426,0.5,0.5099999904632568,169300,0.0,0.0
2024-09-30 00:00:00-04:00,0.5,0.5299999713897705,0.4699999988079071,0.4699999988079071,126900,0.0,0.0
2024-10-01 00:00:00-04:00,0.4699999988079071,0.5099999904632568,0.4699999988079071,0.4699999988079071,105100,0.0,0.0
2024-10-02 00:00:00-04:00,0.47999998927116394,0.49000000953674316,0.44999998807907104,0.4699999988079071,58200,0.0,0.0
2024-10-03 00:00:00-04:00,0.5099999904632568,0.5099999904632568,0.44999998807907104,0.49000000953674316,6900,0.0,0.0
2024-10-04 00:00:00-04:00,0.49000000953674316,0.5,0.46000000834465027,0.46000000834465027,64100,0.0,0.0
2024-10-07 00:00:00-04:00,0.6499999761581421,0.7799999713897705,0.5600000023841858,0.6000000238418579,159771100,0.0,0.0
2024-10-08 00:00:00-04:00,0.5299999713897705,0.550000011920929,0.4699999988079071,0.5400000214576721,4198600,0.0,0.0
2024-10-09 00:00:00-04:00,0.6200000047683716,0.6299999952316284,0.47999998927116394,0.550000011920929,31873900,0.0,0.0
2024-10-10 00:00:00-04:00,0.5400000214576721,0.550000011920929,0.49000000953674316,0.5099999904632568,1658900,0.0,0.0
2024-10-11 00:00:00-04:00,0.49000000953674316,0.550000011920929,0.47999998927116394,0.5400000214576721,766600,0.0,0.0
2024-10-14 00:00:00-04:00,0.5299999713897705,0.5400000214576721,0.49000000953674316,0.5,534400,0.0,0.0
2024-10-15 00:00:00-04:00,0.5,0.5,0.4399999976158142,0.46000000834465027,671600,0.0,0.0
2024-10-16 00:00:00-04:00,0.4399999976158142,0.4399999976158142,0.3700000047683716,0.4000000059604645,468800,0.0,0.0
2024-10-17 00:00:00-04:00,0.4300000071525574,0.44999998807907104,0.38999998569488525,0.4099999964237213,12054400,0.0,0.0
2024-10-18 00:00:00-04:00,0.38999998569488525,0.4399999976158142,0.38999998569488525,0.41999998688697815,1152200,0.0,0.0
2024-10-21 00:00:00-04:00,0.38999998569488525,0.4000000059604645,0.3799999952316284,0.38999998569488525,2871400,0.0,0.0
2024-10-22 00:00:00-04:00,0.4000000059604645,0.4399999976158142,0.38999998569488525,0.4300000071525574,4418400,0.0,0.0
2024-10-23 00:00:00-04:00,0.4000000059604645,0.4399999976158142,0.4000000059604645,0.4300000071525574,925200,0.0,0.0
2024-10-24 00:00:00-04:00,0.44999998807907104,0.44999998807907104,0.4000000059604645,0.4099999964237213,539000,0.0,0.0
2024-10-25 00:00:00-04:00,0.38999998569488525,0.4099999964237213,0.36000001430511475,0.3799999952316284,369300,0.0,0.0
2024-10-28 00:00:00-04:00,0.3799999952316284,0.38999998569488525,0.3199999928474426,0.3400000035762787,833700,0.0,0.0
2024-10-29 00:00:00-04:00,0.33000001311302185,0.3499999940395355,0.3199999928474426,0.3400000035762787,346100,0.0,0.0
2024-10-30 00:00:00-04:00,0.3400000035762787,0.3400000035762787,0.28999999165534973,0.30000001192092896,406200,0.0,0.0
2024-10-31 00:00:00-04:00,0.28999999165534973,0.28999999165534973,0.25,0.27000001072883606,597900,0.0,0.0
2024-11-01 00:00:00-04:00,0.25999999046325684,0.3100000023841858,0.25,0.28999999165534973,542900,0.0,0.0
2024-11-04 00:00:00-05:00,0.28999999165534973,0.3199999928474426,0.28999999165534973,0.3100000023841858,197200,0.0,0.0
2024-11-05 00:00:00-05:00,0.30000001192092896,0.3199999928474426,0.30000001192092896,0.3199999928474426,85400,0.0,0.0
2024-11-06 00:00:00-05:00,0.30000001192092896,0.3199999928474426,0.28999999165534973,0.30000001192092896,156100,0.0,0.0
2024-11-07 00:00:00-05:00,0.30000001192092896,0.3199999928474426,0.30000001192092896,0.3100000023841858,102100,0.0,0.0
2024-11-08 00:00:00-05:00,0.30000001192092896,0.36000001430511475,0.30000001192092896,0.3499999940395355,684500,0.0,0.0
2024-11-11 00:00:00-05:00,0.3499999940395355,0.3499999940395355,0.3199999928474426,0.3400000035762787,153400,0.0,0.0
2024-11-12 00:00:00-05:00,0.3400000035762787,0.3499999940395355,0.33000001311302185,0.3499999940395355,70300,0.0,0.0
2024-11-13 00:00:00-05:00,0.36000001430511475,0.36000001430511475,0.28999999165534973,0.30000001192092896,282900,0.0,0.0
2024-11-14 00:00:00-05:00,0.28999999165534973,0.30000001192092896,0.2199999988079071,0.23000000417232513,1952200,0.0,0.0
2024-11-15 00:00:00-05:00,0.23000000417232513,0.23000000417232513,0.2199999988079071,0.23000000417232513,279100,0.0,0.0
2024-11-18 00:00:00-05:00,0.23000000417232513,0.27000001072883606,0.2199999988079071,0.23999999463558197,830600,0.0,0.0
2024-11-19 00:00:00-05:00,0.23000000417232513,0.27000001072883606,0.23000000417232513,0.25999999046325684,870800,0.0,0.0
2024-11-20 00:00:00-05:00,0.27000001072883606,0.27000001072883606,0.23000000417232513,0.23000000417232513,2971700,0.0,0.0
2024-11-21 00:00:00-05:00,0.2199999988079071,0.25999999046325684,0.20999999344348907,0.25,488100,0.0,0.0
2024-11-22 00:00:00-05:00,0.25,0.27000001072883606,0.2199999988079071,0.25,695300,0.0,0.0
2024-11-25 00:00:00-05:00,0.25,0.2800000011920929,0.23000000417232513,0.25,550300,0.0,0.0
2024-11-26 00:00:00-05:00,0.23000000417232513,0.25999999046325684,0.23000000417232513,0.23999999463558197,183200,0.0,0.0
2024-11-27 00:00:00-05:00,0.23999999463558197,0.25,0.23000000417232513,0.23000000417232513,257900,0.0,0.0
2024-11-29 00:00:00-05:00,0.23000000417232513,0.23999999463558197,0.20999999344348907,0.2199999988079071,394300,0.0,0.0
2024-12-02 00:00:00-05:00,0.20999999344348907,0.23000000417232513,0.20999999344348907,0.2199999988079071,217800,0.0,0.0
2024-12-03 00:00:00-05:00,0.2199999988079071,0.2199999988079071,0.1899999976158142,0.1899999976158142,740200,0.0,0.0
2024-12-04 00:00:00-05:00,0.1899999976158142,0.1899999976158142,0.17000000178813934,0.17000000178813934,1153000,0.0,0.0
2024-12-05 00:00:00-05:00,0.09399999678134918,0.09880000352859497,0.08550000190734863,0.0908999964594841,37655730,0.0,0.0
