Date,Open,High,Low,Close,Volume,Dividends,Stock Splits
2022-01-03 00:00:00-05:00,330.3061816860703,336.35538201329234,330.2965703853053,336.1729431152344,1570700,0.0,0.0
2022-01-04 00:00:00-05:00,340.0136706734537,358.8718609220732,338.66940735596637,356.5097961425781,3034100,0.0,0.0
2022-01-05 00:00:00-05:00,358.190142770846,371.1623207808257,356.9802910994333,357.2395324707031,3310100,0.0,0.0
2022-01-06 00:00:00-05:00,359.6016278910815,363.36556530006976,353.58120341228744,361.3779602050781,1600700,0.0,0.0
2022-01-07 00:00:00-05:00,361.8677019765788,366.7934936345078,361.68526307793354,363.57684326171875,1791700,0.0,0.0
2022-01-10 00:00:00-05:00,366.0924609121844,370.52857338587836,359.10226303312993,364.73858642578125,2120000,0.0,0.0
2022-01-11 00:00:00-05:00,367.6383565354753,368.26247554094476,360.78257086499036,365.4010925292969,1249900,0.0,0.0
2022-01-12 00:00:00-05:00,367.0814903358486,368.57938792155034,357.6908111780684,361.2723388671875,1458900,0.0,0.0
2022-01-13 00:00:00-05:00,363.6055783024748,368.90585804453013,363.5095532211241,365.2475280761719,1325100,0.0,0.0
2022-01-14 00:00:00-05:00,361.66600990897206,364.9498509354875,358.622187637906,364.4505615234375,1309400,0.0,0.0
2022-01-18 00:00:00-05:00,365.487592774411,372.5545936820323,364.39295954209086,368.6274108886719,2685500,0.0,0.0
2022-01-19 00:00:00-05:00,371.8248878883192,372.65066857262264,359.697653439371,360.9363098144531,1919100,0.0,0.0
2022-01-20 00:00:00-05:00,360.648221054623,364.96908625263507,351.31515105480725,352.3713684082031,2014300,0.0,0.0
2022-01-21 00:00:00-05:00,352.95704238746043,356.3369083356076,345.5347462353937,349.77880859375,1493300,0.0,0.0
2022-01-24 00:00:00-05:00,342.3757617745439,350.9982695305404,333.19632609724596,349.5387878417969,2251800,0.0,0.0
2022-01-25 00:00:00-05:00,343.9216727717943,355.5208122257157,336.8354488724645,353.56201171875,2511900,0.0,0.0
2022-01-26 00:00:00-05:00,354.6758004016795,365.631596947106,351.94885806326363,357.42193603515625,2296100,0.0,0.0
2022-01-27 00:00:00-05:00,360.734624611256,367.6384091538303,355.70322665581335,360.9938659667969,2030000,0.0,0.0
2022-01-28 00:00:00-05:00,357.3067747106815,362.126959089999,350.02852954776415,358.9103088378906,2100300,0.0,0.0
2022-01-31 00:00:00-05:00,359.1119261383791,361.79087090444705,352.4097732245626,361.4163818359375,2191600,0.0,0.0
2022-02-01 00:00:00-05:00,360.0721352096351,364.44099872908055,356.26017036610597,362.8374938964844,1622500,0.0,0.0
2022-02-02 00:00:00-05:00,363.4999978434839,364.57540850678487,352.26573646581954,359.57281494140625,1642900,0.0,0.0
2022-02-03 00:00:00-05:00,356.56741267040576,361.9060794573639,355.1079016361843,356.125732421875,893700,0.0,0.0
2022-02-04 00:00:00-05:00,353.48516657474585,357.95005439369163,349.0682766441609,354.7814025878906,1102400,0.0,0.0
2022-02-07 00:00:00-05:00,355.5784092792505,359.60161724405,354.0229024867013,357.3835754394531,1087300,0.0,0.0
2022-02-08 00:00:00-05:00,361.4163397510981,376.3569281021956,359.33273907780267,374.3597412109375,2647500,0.0,0.0
2022-02-09 00:00:00-05:00,376.8754520425977,383.72162736304585,376.8754520425977,379.6600036621094,1630400,0.0,0.0
2022-02-10 00:00:00-05:00,377.16349960984,383.31833537573954,374.5613868479406,377.49957275390625,1402300,0.0,0.0
2022-02-11 00:00:00-05:00,378.57498041666935,383.81765109658573,371.9016619919954,377.0386962890625,2390200,0.0,0.0
2022-02-14 00:00:00-05:00,378.4213175013939,381.8588218381787,368.66579095795294,371.8440246582031,1799900,0.0,0.0
2022-02-15 00:00:00-05:00,375.1951204300139,380.2361297256187,373.56278188938796,377.7396240234375,1590800,0.0,0.0
2022-02-16 00:00:00-05:00,375.87686250574865,378.35417500283677,370.06771092076445,375.0126953125,2174900,0.0,0.0
2022-02-17 00:00:00-05:00,371.1431115438794,375.1279035457772,364.0088901143747,365.3819580078125,2570300,0.0,0.0
2022-02-18 00:00:00-05:00,364.65221781377284,377.31715654608195,351.4303804428215,354.406982421875,3729400,0.0,0.0
2022-02-22 00:00:00-05:00,350.6909891722756,355.7223866567907,338.18926863697345,339.69677734375,2359000,0.0,0.0
2022-02-23 00:00:00-05:00,340.8682469164379,341.81882786194717,323.8344458699417,324.0840759277344,3068300,0.0,0.0
2022-02-24 00:00:00-05:00,315.97047462487154,330.1045058907527,313.74282154482546,329.1155090332031,3599900,0.0,0.0
2022-02-25 00:00:00-05:00,329.0578894082164,334.4445537608309,324.54497419972716,333.1675109863281,3424600,0.0,0.0
2022-02-28 00:00:00-05:00,334.14688532427573,347.9640651361898,332.22650092586036,345.6883850097656,3265400,0.0,0.0
2022-03-01 00:00:00-05:00,346.74463142570545,347.46477563562354,336.6530011871761,344.3729553222656,2863200,0.0,0.0
2022-03-02 00:00:00-05:00,346.41812886289904,366.04445910200036,346.0436691551668,361.0130615234375,2564200,0.0,0.0
2022-03-03 00:00:00-05:00,363.1831149845928,370.72063016789286,360.68663852371,366.7262268066406,2961400,0.0,0.0
2022-03-04 00:00:00-05:00,363.7880406649046,375.2239341175135,359.60161643280884,374.5422058105469,2404400,0.0,0.0
2022-03-07 00:00:00-05:00,378.62301863628494,389.34834976076354,353.38916723955884,354.3109436035156,5456700,0.0,0.0
2022-03-08 00:00:00-05:00,358.97743267882146,373.5147562816806,349.6251702660232,350.4029235839844,3512000,0.0,0.0
2022-03-09 00:00:00-05:00,354.55100272991933,359.0735002065539,349.74042998492536,354.176513671875,1744600,0.0,0.0
2022-03-10 00:00:00-05:00,349.99006183330306,364.49855211449284,347.87762724243095,363.0966796875,1768800,0.0,0.0
2022-03-11 00:00:00-05:00,367.72481674284387,376.72181318216406,367.21591603686255,373.9756774902344,2144300,0.0,0.0
2022-03-14 00:00:00-04:00,377.35558411418435,383.64483212832306,371.0663361000457,378.18133544921875,2466500,0.0,0.0
2022-03-15 00:00:00-04:00,376.8658522440884,379.27594420311743,366.5437854081808,373.0058898925781,2197700,0.0,0.0
2022-03-16 00:00:00-04:00,374.4749467357434,384.9218422459379,366.8030206653929,372.7466125488281,2271500,0.0,0.0
2022-03-17 00:00:00-04:00,369.2323741019324,391.0191408457116,368.7330553266784,389.98211669921875,2783800,0.0,0.0
2022-03-18 00:00:00-04:00,391.431953882477,398.41254059385915,387.9944494135036,396.7033996582031,2941700,0.0,0.0
2022-03-21 00:00:00-04:00,398.47980419146415,409.81006160159393,397.913294251232,405.4796142578125,2750200,0.0,0.0
2022-03-22 00:00:00-04:00,408.0817033855491,418.9126707174135,406.3629510653457,410.5301818847656,2234400,0.0,0.0
2022-03-23 00:00:00-04:00,406.3053583719748,417.6836427771421,403.8088525775858,414.3421630859375,2633500,0.0,0.0
2022-03-24 00:00:00-04:00,413.3051716400988,418.1445489863297,408.8786699458979,415.0143127441406,1878500,0.0,0.0
2022-03-25 00:00:00-04:00,415.1294920392015,419.55599331657425,411.07747978497054,419.0758972167969,1457500,0.0,0.0
2022-03-28 00:00:00-04:00,420.5450514229755,420.5450514229755,410.3477841627004,415.3887939453125,1656000,0.0,0.0
2022-03-29 00:00:00-04:00,407.5920072731317,407.5920072731317,393.0451002446896,396.48260498046875,3572900,0.0,0.0
2022-03-30 00:00:00-04:00,398.34046525886777,408.78511631453273,398.0709272035094,400.02508544921875,1693800,1.05,0.0
2022-03-31 00:00:00-04:00,398.72553950066515,404.9634285209694,397.85913991233906,399.9384460449219,1953700,0.0,0.0
2022-04-01 00:00:00-04:00,401.4691146584263,406.15719747147216,398.35980537390765,401.22845458984375,1480900,0.0,0.0
2022-04-04 00:00:00-04:00,402.9226729970262,403.07669895173393,392.60316905118526,401.8541564941406,1072400,0.0,0.0
2022-04-05 00:00:00-04:00,403.0574086179593,406.68655110199967,395.8568503263762,398.2538146972656,1399000,0.0,0.0
2022-04-06 00:00:00-04:00,395.2407603926934,399.2549825465426,390.870395478724,395.8857421875,1237000,0.0,0.0
2022-04-07 00:00:00-04:00,394.4610137298893,397.11790974287794,386.8080427451081,394.16259765625,1637300,0.0,0.0
2022-04-08 00:00:00-04:00,397.70516595585934,404.2414714272606,392.4298873542159,402.67236328125,1341900,0.0,0.0
2022-04-11 00:00:00-04:00,400.9299599438225,409.6611125728276,400.9299599438225,402.87451171875,1437700,0.0,0.0
2022-04-12 00:00:00-04:00,407.0235046559244,411.52865338981553,401.9118879429623,404.0489501953125,1119700,0.0,0.0
2022-04-13 00:00:00-04:00,406.5518215560789,411.9714905666889,405.47366923561,411.3265380859375,1153200,0.0,0.0
2022-04-14 00:00:00-04:00,411.94261189215376,422.9937319145861,411.94261189215376,420.43310546875,1522700,0.0,0.0
2022-04-18 00:00:00-04:00,416.34182940503774,428.88502831583054,416.09153358657886,422.0695495605469,1525700,0.0,0.0
2022-04-19 00:00:00-04:00,423.3691435390343,425.0248858398685,418.49818653095934,421.463134765625,1207800,0.0,0.0
2022-04-20 00:00:00-04:00,428.0764247369339,430.0690967773799,420.22127806320964,421.0491638183594,1718200,0.0,0.0
2022-04-21 00:00:00-04:00,424.379938330643,424.56284231896166,407.70700300485254,408.5059814453125,1641300,0.0,0.0
2022-04-22 00:00:00-04:00,404.04897520522434,405.0886136783798,386.6059103854969,388.4927062988281,2148800,0.0,0.0
2022-04-25 00:00:00-04:00,377.2874932723932,377.2874932723932,358.28498881514986,371.10736083984375,4496300,0.0,0.0
2022-04-26 00:00:00-04:00,370.64529603136515,376.0457219699949,365.88985185014377,367.507080078125,1559000,0.0,0.0
2022-04-27 00:00:00-04:00,367.64189538083707,375.49704236281207,361.4713686254789,371.12664794921875,1599200,0.0,0.0
2022-04-28 00:00:00-04:00,373.35036959931705,375.48743200671856,360.9900730242601,370.4432067871094,1515200,0.0,0.0
2022-04-29 00:00:00-04:00,371.72350524978674,375.40079784355305,362.2126154272465,363.4447937011719,1526800,0.0,0.0
2022-05-02 00:00:00-04:00,360.9515623300519,368.2002418843243,357.71710534879855,366.9873352050781,1563400,0.0,0.0
2022-05-03 00:00:00-04:00,371.41541791764797,376.12274212126493,369.1628436025082,374.89056396484375,1468200,0.0,0.0
2022-05-04 00:00:00-04:00,376.62325287013795,383.5253943885911,370.37572885884896,381.5423583984375,1750100,0.0,0.0
2022-05-05 00:00:00-04:00,379.17435772508117,381.3595403758022,364.94650754512054,368.7297058105469,1465800,0.0,0.0
2022-05-06 00:00:00-04:00,369.2399010758572,369.2399010758572,357.75561077336295,363.358154296875,1516100,0.0,0.0
2022-05-09 00:00:00-04:00,358.10208541389017,360.5568057000248,348.85112897520344,350.9111633300781,1818100,0.0,0.0
2022-05-10 00:00:00-04:00,354.24196123490606,357.6112019676023,347.03179546771923,351.1230163574219,1344100,0.0,0.0
2022-05-11 00:00:00-04:00,352.22042712171714,360.4991091104173,348.6586467294091,350.4299011230469,1380900,0.0,0.0
2022-05-12 00:00:00-04:00,349.28431419145596,353.83761222957844,341.06335989229314,349.4190979003906,1889400,0.0,0.0
2022-05-13 00:00:00-04:00,350.93044506892534,356.1768454899582,349.6597824334952,352.9905090332031,1750300,0.0,0.0
2022-05-16 00:00:00-04:00,355.13726329441596,368.14251343722384,352.35521879758653,360.4606628417969,1896400,0.0,0.0
2022-05-17 00:00:00-04:00,367.25685335467136,371.588734033533,363.2426309995167,369.90411376953125,1229300,0.0,0.0
2022-05-18 00:00:00-04:00,369.65383728710356,370.7031115811925,353.62588381147253,354.8965759277344,1543400,0.0,0.0
2022-05-19 00:00:00-04:00,350.78605125202535,356.61004156131736,342.9886604623408,350.9978332519531,2253600,0.0,0.0
2022-05-20 00:00:00-04:00,326.9414612833379,331.50436594846025,296.14661393975575,301.6047668457031,8814300,0.0,0.0
2022-05-23 00:00:00-04:00,305.10881395600484,324.669639904287,304.367562222753,322.83099365234375,4286400,0.0,0.0
2022-05-24 00:00:00-04:00,319.9045718910009,325.30496886576225,314.97585917449595,324.4385986328125,1900600,0.0,0.0
2022-05-25 00:00:00-04:00,324.9680630285863,332.8136040938788,323.65888646888556,330.1567077636719,2005800,0.0,0.0
2022-05-26 00:00:00-04:00,330.62832891543115,335.8843645107648,327.682652841205,334.52703857421875,1349900,0.0,0.0
2022-05-27 00:00:00-04:00,340.668689130894,347.3975334373599,339.16694367971246,347.2531433105469,1968000,0.0,0.0
2022-05-31 00:00:00-04:00,344.9139228526281,348.62009297099667,341.525440406446,344.4133605957031,2705000,0.0,0.0
2022-06-01 00:00:00-04:00,349.5153628708454,349.5153628708454,335.5378388632419,338.99371337890625,1714800,0.0,0.0
2022-06-02 00:00:00-04:00,340.6494009091544,347.90771449639976,337.89626470076774,347.59002685546875,1161600,0.0,0.0
2022-06-03 00:00:00-04:00,344.06685325100636,350.0544761227666,343.6817736913865,347.5130920410156,1082200,0.0,0.0
2022-06-06 00:00:00-04:00,349.60204144900837,350.21811587798356,345.1834972420347,349.35174560546875,1011000,0.0,0.0
2022-06-07 00:00:00-04:00,347.27238940260827,354.74248540564685,344.6251293309321,354.0975036621094,987000,0.0,0.0
2022-06-08 00:00:00-04:00,347.4649477128009,351.13260405775577,340.80346545065186,341.7564697265625,1772700,0.0,0.0
2022-06-09 00:00:00-04:00,337.9829495683326,340.4665481339331,332.39961928615935,332.4284973144531,1415500,0.0,0.0
2022-06-10 00:00:00-04:00,324.29419130359065,328.26026368941785,320.92495106044413,322.7058410644531,1327900,0.0,0.0
2022-06-13 00:00:00-04:00,312.85798862198715,321.213696467521,310.25884896553606,312.76171875,1816700,0.0,0.0
2022-06-14 00:00:00-04:00,313.98434120526025,318.0659259176818,310.5284373185797,314.3789978027344,1630400,0.0,0.0
2022-06-15 00:00:00-04:00,316.11176261654026,322.744337668676,313.3104763836034,318.22955322265625,1442500,0.0,0.0
2022-06-16 00:00:00-04:00,310.48998096868485,311.7895511252032,302.8851291996351,305.7056579589844,1799600,0.0,0.0
2022-06-17 00:00:00-04:00,302.9717529260842,314.28277498503917,302.9717529260842,310.6632385253906,2329100,0.0,0.0
2022-06-21 00:00:00-04:00,318.53761397577586,322.3592964769828,315.6015733225644,316.968505859375,1425400,0.0,0.0
2022-06-22 00:00:00-04:00,309.0074974587082,311.76063426947115,305.7634047558728,306.05218505859375,1636100,0.0,0.0
2022-06-23 00:00:00-04:00,303.029501191389,305.25319758877356,284.5467985514322,286.39508056640625,4232900,0.0,0.0
2022-06-24 00:00:00-04:00,289.6295194994686,302.13420488166975,288.16631713692396,299.25592041015625,2297000,0.0,0.0
2022-06-27 00:00:00-04:00,305.7634064567323,308.7090830706596,299.5832435471033,303.54931640625,1708300,0.0,0.0
2022-06-28 00:00:00-04:00,306.4949805092322,308.2180850519687,296.95521406078234,297.60980224609375,1818100,0.0,0.0
2022-06-29 00:00:00-04:00,296.8175756674805,297.3296454476088,287.6196324429278,290.4794921875,1800800,1.13,0.0
2022-06-30 00:00:00-04:00,287.7161945644145,294.28614840684605,284.3345946044428,289.33935546875,2082100,0.0,0.0
2022-07-01 00:00:00-04:00,290.42147348197676,294.5566861208805,284.36358908711657,291.4263000488281,1373600,0.0,0.0
2022-07-05 00:00:00-04:00,283.9288096128929,284.82734201759786,277.9771897263634,282.2476806640625,2147900,0.0,0.0
2022-07-06 00:00:00-04:00,280.0351585952392,282.0737958986444,274.2091453264529,279.3588562011719,2083200,0.0,0.0
2022-07-07 00:00:00-04:00,287.74521523038874,294.2861859440375,285.5423452977465,293.6871643066406,2051800,0.0,0.0
2022-07-08 00:00:00-04:00,294.3924405820648,297.60010725625807,291.06880857103044,294.33447265625,1516100,0.0,0.0
2022-07-11 00:00:00-04:00,290.3925401887156,293.69686010762194,287.78386501667285,288.3152770996094,993900,0.0,0.0
2022-07-12 00:00:00-04:00,284.0544624741326,291.0785196900218,283.2235690157186,285.9481506347656,1210200,0.0,0.0
2022-07-13 00:00:00-04:00,282.1511022010213,289.049581847664,281.43614462433516,286.74041748046875,1199900,0.0,0.0
2022-07-14 00:00:00-04:00,280.23801735277993,284.8852996696961,278.58587242870107,284.37322998046875,1366800,0.0,0.0
2022-07-15 00:00:00-04:00,287.98678176016944,289.5133199457982,283.27185953840285,287.6293029785156,1184500,0.0,0.0
2022-07-18 00:00:00-04:00,290.9528469419804,296.11219827887555,286.90458673171173,287.8707580566406,1056200,0.0,0.0
2022-07-19 00:00:00-04:00,291.3586783697615,301.6387573951677,290.6437208872057,301.04937744140625,1282200,0.0,0.0
2022-07-20 00:00:00-04:00,300.92380064115156,305.3005568440824,299.716086131676,304.6918640136719,1152500,0.0,0.0
2022-07-21 00:00:00-04:00,304.1701235116044,306.0444986100321,298.1701771724655,305.8319396972656,1223300,0.0,0.0
2022-07-22 00:00:00-04:00,307.08790914002685,309.6289445974787,299.9575596087589,301.6966857910156,1110700,0.0,0.0
2022-07-25 00:00:00-04:00,304.23771791202677,312.45017458563524,301.3585166047213,312.0346984863281,1433100,0.0,0.0
2022-07-26 00:00:00-04:00,312.81739393251155,314.7400956239006,307.48413687847363,308.6435546875,1122600,0.0,0.0
2022-07-27 00:00:00-04:00,310.1410819868892,316.0057506448379,307.87057284165513,314.6917419433594,1148200,0.0,0.0
2022-07-28 00:00:00-04:00,318.4984686013668,323.1747357034328,312.913997817782,320.4114990234375,1295600,0.0,0.0
2022-07-29 00:00:00-04:00,324.68193199551814,333.04898101274404,321.73512061282014,331.57073974609375,1880300,0.0,0.0
2022-08-01 00:00:00-04:00,327.4065623594041,330.3823873717226,324.62398345939306,326.74957275390625,1238900,0.0,0.0
2022-08-02 00:00:00-04:00,323.66750483691857,327.5998305542256,319.64822720877714,321.93804931640625,1271500,0.0,0.0
2022-08-03 00:00:00-04:00,325.81237736606727,327.1650116643307,322.24720192104877,325.12640380859375,1142800,0.0,0.0
2022-08-04 00:00:00-04:00,327.62874930516386,333.0972833290573,325.3292565034503,330.79779052734375,1333900,0.0,0.0
2022-08-05 00:00:00-04:00,326.07322464045046,332.9233773426965,325.90899198984675,331.69635009765625,917100,0.0,0.0
2022-08-08 00:00:00-04:00,335.1456015817583,337.42575235216884,331.2036050331204,332.08282470703125,953200,0.0,0.0
2022-08-09 00:00:00-04:00,334.5369317268627,335.6866783420122,331.49349694538046,332.0538635253906,1146300,0.0,0.0
2022-08-10 00:00:00-04:00,337.0875684325517,345.16474753190073,336.7976993089271,340.4401550292969,1136200,0.0,0.0
2022-08-11 00:00:00-04:00,348.30481188121314,351.20332626580023,345.12609951692303,349.6767883300781,1718800,0.0,0.0
2022-08-12 00:00:00-04:00,350.1888877366012,356.111494530691,349.4739007444627,355.7057189941406,1256500,0.0,0.0
2022-08-15 00:00:00-04:00,350.19853141732597,353.89898496195605,346.95220916537954,353.6670837402344,1196100,0.0,0.0
2022-08-16 00:00:00-04:00,351.9859665222942,360.73947869248474,350.7299552603422,357.46417236328125,1431500,0.0,0.0
2022-08-17 00:00:00-04:00,352.1405599676494,355.0197619154659,350.0246418304518,352.3531188964844,1722500,0.0,0.0
2022-08-18 00:00:00-04:00,352.1212471950091,357.42551978018435,350.4787437006025,355.5414733886719,1983500,0.0,0.0
2022-08-19 00:00:00-04:00,346.4981271634099,357.40621283168133,341.1068730997616,357.1549987792969,4242200,0.0,0.0
2022-08-22 00:00:00-04:00,351.0584535873539,360.49793941944705,349.00050338030024,357.13568115234375,2353600,0.0,0.0
2022-08-23 00:00:00-04:00,356.0341855808678,372.9325151030199,356.02451443092986,362.1983642578125,2389800,0.0,0.0
2022-08-24 00:00:00-04:00,365.94715084612903,369.41570322105383,361.46410063834514,368.478515625,1566300,0.0,0.0
2022-08-25 00:00:00-04:00,369.07749121995545,375.2899665218927,368.6910285398043,375.0194396972656,1325400,0.0,0.0
2022-08-26 00:00:00-04:00,377.94701723689803,379.6378176166423,365.8698716672961,366.54620361328125,1452800,0.0,0.0
2022-08-29 00:00:00-04:00,363.43508202070643,372.3914813845824,361.88920169370823,367.7345275878906,1323400,0.0,0.0
2022-08-30 00:00:00-04:00,366.4108525055023,366.9229221963306,353.1549789871333,356.26605224609375,1622700,0.0,0.0
2022-08-31 00:00:00-04:00,357.5124330354713,357.5124330354713,352.19848987361456,352.8941345214844,1500200,0.0,0.0
2022-09-01 00:00:00-04:00,346.83632276529306,352.420793935961,345.16483513233834,351.4642639160156,1349900,0.0,0.0
2022-09-02 00:00:00-04:00,357.43519181637134,357.85063852397,348.6140404745889,349.9666748046875,1141700,0.0,0.0
2022-09-06 00:00:00-04:00,350.90383628321416,352.61394925686847,343.45466212888374,348.84588623046875,1092600,0.0,0.0
2022-09-07 00:00:00-04:00,345.7735109966971,354.55600765986986,345.13583417652114,353.56085205078125,913100,0.0,0.0
2022-09-08 00:00:00-04:00,351.4545618208086,357.90858050292144,350.6236389806577,356.014892578125,1227200,0.0,0.0
2022-09-09 00:00:00-04:00,360.4012900891822,362.56553434581065,359.5124288017294,359.6573486328125,1240300,0.0,0.0
2022-09-12 00:00:00-04:00,362.59455241406965,363.280526002522,357.3192341847827,361.3771667480469,1129200,0.0,0.0
2022-09-13 00:00:00-04:00,353.18398723771804,358.8650804912764,349.70579335491607,351.0101013183594,1085700,0.0,0.0
2022-09-14 00:00:00-04:00,352.024587607923,352.8941360502237,345.48358776254696,348.6912841796875,1121700,0.0,0.0
2022-09-15 00:00:00-04:00,348.6912812690636,352.2661275394987,346.18890067384444,346.6333312988281,970000,0.0,0.0
2022-09-16 00:00:00-04:00,343.2807379414568,344.0440217174159,337.319476024052,342.5078125,2422600,0.0,0.0
2022-09-19 00:00:00-04:00,338.4305539226199,350.9135027529094,337.71559644348997,350.4207458496094,1008700,0.0,0.0
2022-09-20 00:00:00-04:00,347.7057661058553,348.25649087706887,340.6140716097649,343.5608825683594,1434000,0.0,0.0
2022-09-21 00:00:00-04:00,348.1116326062017,348.8749164631626,337.97650146484375,337.97650146484375,1007100,0.0,0.0
2022-09-22 00:00:00-04:00,340.585138608391,342.07302154892216,334.2277133707927,334.42095947265625,1006400,0.0,0.0
2022-09-23 00:00:00-04:00,329.93787408093925,331.4934254244391,317.5032524234127,322.913818359375,1717600,0.0,0.0
2022-09-26 00:00:00-04:00,319.8511382962959,327.36795314982226,319.5709697249416,321.0008850097656,1331600,0.0,0.0
2022-09-27 00:00:00-04:00,324.5370218136965,330.13116341413934,321.09745341142354,324.324462890625,1180100,0.0,0.0
2022-09-28 00:00:00-04:00,326.75928696321654,336.2953971063715,325.6675082037683,334.19879150390625,1292600,0.0,0.0
2022-09-29 00:00:00-04:00,330.5443420410156,334.0339656446233,328.0628384966403,330.5443420410156,1589500,1.13,0.0
2022-09-30 00:00:00-04:00,328.3730160210423,330.6024820341979,323.4293853159428,323.65234375,1697200,0.0,0.0
2022-10-03 00:00:00-04:00,329.1968993899707,337.1164047178261,328.7800911047813,333.5007629394531,1536900,0.0,0.0
2022-10-04 00:00:00-04:00,339.3362512201054,349.64032164006636,339.26839044237147,349.2428894042969,1639000,0.0,0.0
2022-10-05 00:00:00-04:00,344.39618677897585,348.63219009571935,344.39618677897585,344.8614501953125,1073700,0.0,0.0
2022-10-06 00:00:00-04:00,343.3784123920385,348.32204396185716,342.21522410504895,344.5707092285156,915100,0.0,0.0
2022-10-07 00:00:00-04:00,341.25544445583085,345.47207083763254,338.9775237319391,345.229736328125,1351700,0.0,0.0
2022-10-10 00:00:00-04:00,347.2750762429106,354.07981903723515,344.84202815222886,348.6515197753906,1366900,0.0,0.0
2022-10-11 00:00:00-04:00,345.8792646454867,358.9071724585238,345.1813399561506,352.18963623046875,1457200,0.0,0.0
2022-10-12 00:00:00-04:00,351.79223317853695,353.09114281899815,347.4592902336446,350.1346435546875,1179400,0.0,0.0
2022-10-13 00:00:00-04:00,343.25231250393574,357.09448945895696,338.3668696064777,355.9118957519531,1596600,0.0,0.0
2022-10-14 00:00:00-04:00,357.08480484356625,360.98153369256266,345.5012017156401,346.189453125,1231700,0.0,0.0
2022-10-17 00:00:00-04:00,350.3091629281093,355.92161007362347,349.9020278487648,351.47235107421875,1077100,0.0,0.0
2022-10-18 00:00:00-04:00,360.4580814416879,362.47432142207236,354.53543936074755,359.9249572753906,1214800,0.0,0.0
2022-10-19 00:00:00-04:00,358.65509795261346,363.0655744865875,356.23175269617684,359.93463134765625,817800,0.0,0.0
2022-10-20 00:00:00-04:00,360.4289908344998,362.6100016691922,352.5676726474091,354.3124694824219,788300,0.0,0.0
2022-10-21 00:00:00-04:00,353.38194014351564,371.86722715227575,351.93763565771235,371.314697265625,1387500,0.0,0.0
2022-10-24 00:00:00-04:00,369.9673744512398,375.5604459813532,368.45517943694426,374.0579833984375,1059700,0.0,0.0
2022-10-25 00:00:00-04:00,372.22586264775657,380.4652372115741,371.3922460088248,379.6219177246094,1402500,0.0,0.0
2022-10-26 00:00:00-04:00,382.6656199545824,383.6349581277061,376.3164667533634,379.1856994628906,1157500,0.0,0.0
2022-10-27 00:00:00-04:00,385.79659665465965,392.9793961371731,381.60904860640136,382.49114990234375,2043100,0.0,0.0
2022-10-28 00:00:00-04:00,381.72538539753685,385.53490714616385,378.2067124505972,384.681884765625,1712300,0.0,0.0
2022-10-31 00:00:00-04:00,383.7804114206708,393.5707040410193,382.89831006687706,383.6834716796875,1638400,0.0,0.0
2022-11-01 00:00:00-04:00,385.7966030184383,385.7966030184383,373.90283397183487,376.79144287109375,2269000,0.0,0.0
2022-11-02 00:00:00-04:00,376.79141143873466,385.1471012800014,373.8252391651957,374.1160583496094,1719300,0.0,0.0
2022-11-03 00:00:00-04:00,369.49233524984936,385.77723507953186,368.60056065413306,381.56060791015625,1627400,0.0,0.0
2022-11-04 00:00:00-04:00,388.3363001442235,391.60296544117125,381.434616267849,382.9758605957031,1548500,0.0,0.0
2022-11-07 00:00:00-05:00,386.35882263545244,386.58178108009287,381.8223267724582,386.5429992675781,1186300,0.0,0.0
2022-11-08 00:00:00-05:00,387.5511320112684,396.2363946420957,386.32975632282864,392.1651916503906,1360800,0.0,0.0
2022-11-09 00:00:00-05:00,388.07454164131974,392.4947213227439,384.2650497390935,384.91448974609375,2182800,0.0,0.0
2022-11-10 00:00:00-05:00,393.8517802004353,395.5093401491366,383.15027877302225,395.1119079589844,2370900,0.0,0.0
2022-11-11 00:00:00-05:00,394.14255587265,400.8213096695769,392.7273305107859,393.5803527832031,1519200,0.0,0.0
2022-11-14 00:00:00-05:00,392.1748403362755,397.8939594458704,389.99382936182633,394.4624938964844,2035700,0.0,0.0
2022-11-15 00:00:00-05:00,399.1347155118865,400.3076064768671,389.48008552775786,394.4915771484375,1701100,0.0,0.0
2022-11-16 00:00:00-05:00,394.76296923874634,396.0521759872184,389.7223989283096,393.93902587890625,1101600,0.0,0.0
2022-11-17 00:00:00-05:00,390.304041858171,400.94738653114456,389.25716956040014,400.3269958496094,1284100,0.0,0.0
2022-11-18 00:00:00-05:00,402.3722543765682,403.26402886971334,398.6693757059339,401.5580139160156,1590800,0.0,0.0
2022-11-21 00:00:00-05:00,400.5790004229616,402.54675573299323,394.0456705961099,399.0765380859375,1326000,0.0,0.0
2022-11-22 00:00:00-05:00,401.3060027525601,404.04921676019137,398.83420224950675,403.7875061035156,2195200,0.0,0.0
2022-11-23 00:00:00-05:00,416.3501224771233,434.651231963037,415.7297614273882,424.1048278808594,5080300,0.0,0.0
2022-11-25 00:00:00-05:00,422.4084765124743,428.844896051175,419.28720647484704,427.9337158203125,1135500,0.0,0.0
2022-11-28 00:00:00-05:00,423.96917959921734,430.03724666900996,423.523292275483,427.6817321777344,1974800,0.0,0.0
2022-11-29 00:00:00-05:00,430.1826069788787,430.89990777888113,422.84470972369076,427.4490661621094,1643100,0.0,0.0
2022-11-30 00:00:00-05:00,427.68167162256407,428.1469645783128,419.6458797567543,427.4781188964844,2397200,0.0,0.0
2022-12-01 00:00:00-05:00,426.82864407032,430.8804999198222,422.99007337369625,428.2632751464844,1747400,0.0,0.0
2022-12-02 00:00:00-05:00,428.6704693911202,433.97275085686476,425.2002218543039,431.9468078613281,1471200,0.0,0.0
2022-12-05 00:00:00-05:00,427.5459668208293,428.6025418097789,421.6620773997675,423.494140625,1467600,0.0,0.0
2022-12-06 00:00:00-05:00,425.6655224170674,425.7915411262055,420.3632408572957,424.8125,1015900,0.0,0.0
2022-12-07 00:00:00-05:00,422.8544270836254,428.2924003592808,422.36005511970944,427.1388854980469,1433800,0.0,0.0
2022-12-08 00:00:00-05:00,429.7173217606866,429.89179553975595,424.1824088354976,429.3489685058594,1200200,0.0,0.0
2022-12-09 00:00:00-05:00,429.78517117430243,430.9096070238944,421.0611274691943,421.4779357910156,1340400,0.0,0.0
2022-12-12 00:00:00-05:00,422.7477535679573,424.0079109249554,418.4051375439351,423.64923095703125,1591700,0.0,0.0
2022-12-13 00:00:00-05:00,425.38440590268965,426.17927038942634,419.49084219490913,423.7850036621094,1675500,0.0,0.0
2022-12-14 00:00:00-05:00,426.17923685449256,428.68981924439413,421.05142949005193,424.99664306640625,1767500,0.0,0.0
2022-12-15 00:00:00-05:00,421.66212123116367,423.42632387251155,413.00593811794835,416.61187744140625,1561900,0.0,0.0
2022-12-16 00:00:00-05:00,411.7361113671125,419.7234488254495,408.73115697185267,417.87200927734375,3097300,0.0,0.0
2022-12-19 00:00:00-05:00,418.7928461918899,421.31313119946316,416.5245985596294,419.4035339355469,1327700,0.0,0.0
2022-12-20 00:00:00-05:00,418.82194611411535,423.63955795515767,416.5536983683285,422.01104736328125,985200,0.0,0.0
2022-12-21 00:00:00-05:00,424.4247109052937,430.880506473447,422.6798845025792,428.0985107421875,1220500,0.0,0.0
2022-12-22 00:00:00-05:00,426.83834243043583,427.02251903901566,417.164337383724,422.4956970214844,1223600,0.0,0.0
2022-12-23 00:00:00-05:00,422.5247771577517,424.45375041263014,419.93663154613097,423.5328674316406,735600,0.0,0.0
2022-12-27 00:00:00-05:00,424.6185921561432,428.68982448141634,422.38912610011795,422.77685546875,713800,0.0,0.0
2022-12-28 00:00:00-05:00,423.60079228793023,424.47319074926907,416.64095112984677,416.9898986816406,821700,0.0,0.0
2022-12-29 00:00:00-05:00,417.71895450794915,419.6922143363563,414.49174218166013,416.659423828125,835300,1.2,0.0
2022-12-30 00:00:00-05:00,414.9486341116546,417.72868237260786,412.9462138449886,416.7760925292969,760200,0.0,0.0
2023-01-03 00:00:00-05:00,416.03732683312074,416.19285836552143,408.4553500323785,412.4310302734375,1166300,0.0,0.0
2023-01-04 00:00:00-05:00,412.08105083686786,414.44312465250295,408.4650245150073,411.6436462402344,1050800,0.0,0.0
2023-01-05 00:00:00-05:00,410.75908079223194,411.6533499735996,401.0774436688008,403.1382141113281,1485000,0.0,0.0
2023-01-06 00:00:00-05:00,404.56713858009016,416.562229550981,404.38244674494257,414.5500793457031,1042200,0.0,0.0
2023-01-09 00:00:00-05:00,415.9498477305321,422.14180042236626,414.5500935974002,416.23175048828125,1200300,0.0,0.0
2023-01-10 00:00:00-05:00,414.95835185525596,425.7092202310759,414.95835185525596,425.2037353515625,1079200,0.0,0.0
2023-01-11 00:00:00-05:00,427.4491469970675,427.58524820089434,418.06887285511226,421.3641357421875,1130000,0.0,0.0
2023-01-12 00:00:00-05:00,422.84162294257925,427.6824411672479,419.2450271574564,423.9011535644531,1205500,0.0,0.0
2023-01-13 00:00:00-05:00,421.762668208287,427.95462019242194,421.10165185208626,427.34222412109375,985700,0.0,0.0
2023-01-17 00:00:00-05:00,427.77963807219083,432.6982370657956,425.4467246206836,425.95220947265625,1767700,0.0,0.0
2023-01-18 00:00:00-05:00,426.81732329763673,430.73468262310087,413.7335419034357,414.0834655761719,1390800,0.0,0.0
2023-01-19 00:00:00-05:00,410.41887933324267,411.43951978622437,396.47968836733804,397.1795654296875,2241000,0.0,0.0
2023-01-20 00:00:00-05:00,398.8708537872209,399.920684031836,394.7202124197075,399.12359619140625,2781500,0.0,0.0
2023-01-23 00:00:00-05:00,399.9498745911624,402.0106152792108,395.95473476211475,397.8988342285156,1390500,0.0,0.0
2023-01-24 00:00:00-05:00,397.0823571387818,407.45414191867707,393.68991271122496,405.0240173339844,1319700,0.0,0.0
2023-01-25 00:00:00-05:00,401.6218402285344,403.79922234917797,397.80166186185363,402.0787048339844,1002000,0.0,0.0
2023-01-26 00:00:00-05:00,406.06408492430467,409.5343099235168,400.15403503314167,409.4273986816406,1191100,0.0,0.0
2023-01-27 00:00:00-05:00,409.4273695053292,411.05067598730534,405.9474147631665,406.49176025390625,1324500,0.0,0.0
2023-01-30 00:00:00-05:00,407.0264487533543,413.8502280945865,406.3168416759534,408.84417724609375,1376100,0.0,0.0
2023-01-31 00:00:00-05:00,410.02030483139504,411.21593670944264,404.4310187394905,411.0215148925781,1269800,0.0,0.0
2023-02-01 00:00:00-05:00,410.24385286777147,417.81609847242635,406.8027887144923,415.05548095703125,1112100,0.0,0.0
2023-02-02 00:00:00-05:00,414.6958429127314,414.81248413170147,390.6376125682517,395.1867980957031,2551300,0.0,0.0
2023-02-03 00:00:00-05:00,395.1382450581229,402.146715834122,393.60241942127067,394.7105407714844,2295500,0.0,0.0
2023-02-06 00:00:00-05:00,394.16620124937356,401.3690939614268,393.69960665741564,398.7640075683594,1378100,0.0,0.0
2023-02-07 00:00:00-05:00,396.7907388350819,401.8551099692416,393.4663154783076,398.0738220214844,1313100,0.0,0.0
2023-02-08 00:00:00-05:00,394.7105369995149,399.99849025232527,394.6716467016633,396.29498291015625,1061500,0.0,0.0
2023-02-09 00:00:00-05:00,399.5902496735391,400.99973385852377,395.7506704649877,396.6060791015625,1262700,0.0,0.0
2023-02-10 00:00:00-05:00,397.2378818390373,406.74452786424627,396.7518569304589,406.1127014160156,1357000,0.0,0.0
2023-02-13 00:00:00-05:00,407.65822427084197,411.55615321673963,402.56469313137154,403.7214050292969,1428400,0.0,0.0
2023-02-14 00:00:00-05:00,403.7700391789869,403.7700391789869,392.8442092306113,397.86968994140625,1503000,0.0,0.0
2023-02-15 00:00:00-05:00,395.30351204927786,402.4286241539734,394.18563102827625,398.5793151855469,1424800,0.0,0.0
2023-02-16 00:00:00-05:00,393.65103430765424,397.8308368537938,391.5708333612838,391.69720458984375,2122500,0.0,0.0
2023-02-17 00:00:00-05:00,407.28885323461253,424.1830829671488,403.8866790429153,421.1988830566406,4888700,0.0,0.0
2023-02-21 00:00:00-05:00,419.8477972328534,425.64120621171253,413.77248548269677,415.2305603027344,1936300,0.0,0.0
2023-02-22 00:00:00-05:00,417.37874935677206,418.9437353013348,409.952274619313,414.49176025390625,1356300,0.0,0.0
2023-02-23 00:00:00-05:00,417.9619975046821,419.3131313457672,408.5525325844238,413.1697692871094,1086900,0.0,0.0
2023-02-24 00:00:00-05:00,411.76028159857094,411.8671928324675,403.60476992605095,405.7530212402344,1031200,0.0,0.0
2023-02-27 00:00:00-05:00,406.8902973962715,411.1576099969167,405.08229911759526,409.8453369140625,920200,0.0,0.0
2023-02-28 00:00:00-05:00,410.0008698904817,410.3896838552203,405.51970514436306,407.5221252441406,1465200,0.0,0.0
2023-03-01 00:00:00-05:00,406.6472895910488,412.0032932159134,405.1600546574419,408.01788330078125,1354000,0.0,0.0
2023-03-02 00:00:00-05:00,406.08349066660656,411.4297639968839,406.08349066660656,409.56341552734375,959800,0.0,0.0
2023-03-03 00:00:00-05:00,410.95346734873146,419.60473396531495,410.21472970127786,418.2535705566406,1097400,0.0,0.0
2023-03-06 00:00:00-05:00,418.2730148125762,419.9255113294835,413.7140989020576,413.8113098144531,1007500,0.0,0.0
2023-03-07 00:00:00-05:00,413.6557474613604,414.99718082447885,406.2195730186423,406.46258544921875,1181500,0.0,0.0
2023-03-08 00:00:00-05:00,407.0750262227015,414.2098684081709,406.56957099085423,412.4310302734375,1365900,0.0,0.0
2023-03-09 00:00:00-05:00,414.112640651666,420.79064762393074,409.11632015913267,409.6412353515625,2082000,0.0,0.0
2023-03-10 00:00:00-05:00,406.65698349637614,408.0372774092144,384.03736879476094,384.8636169433594,2354300,0.0,0.0
2023-03-13 00:00:00-04:00,378.00098936097044,391.4541546197051,375.444493719213,387.08966064453125,2000700,0.0,0.0
2023-03-14 00:00:00-04:00,393.05806617391335,394.9827355711896,386.14680592549814,391.20147705078125,1636600,0.0,0.0
2023-03-15 00:00:00-04:00,383.65829995065184,385.4177075412913,371.7118007853387,379.56597900390625,1964100,0.0,0.0
2023-03-16 00:00:00-04:00,376.7664704443256,382.3460262413727,373.9280722619383,380.1783447265625,1621800,0.0,0.0
2023-03-17 00:00:00-04:00,376.377655044343,379.0702220293537,370.7300486704371,374.72515869140625,3124500,0.0,0.0
2023-03-20 00:00:00-04:00,378.2828906201138,385.59269418356837,376.65955445793645,383.4736328125,1325100,0.0,0.0
2023-03-21 00:00:00-04:00,389.5878466444124,393.2330333850215,388.56717655827845,391.3375244140625,1341700,0.0,0.0
2023-03-22 00:00:00-04:00,392.3581963102022,392.91224215223036,383.7749799465399,383.9305114746094,1202400,0.0,0.0
2023-03-23 00:00:00-04:00,383.95965589474446,389.5100517282982,378.1759479464375,380.897705078125,1566800,0.0,0.0
2023-03-24 00:00:00-04:00,376.55264364908726,377.7288155615749,370.83698627032715,375.6972351074219,1361500,0.0,0.0
2023-03-27 00:00:00-04:00,379.8673473427774,383.98882897709143,375.77499635109666,382.0252990722656,1392700,0.0,0.0
2023-03-28 00:00:00-04:00,383.3958665955329,385.83569123977105,381.42260683517594,384.29986572265625,982000,0.0,0.0
2023-03-29 00:00:00-04:00,388.4796481994249,390.491798154045,385.5246088697849,389.5877990722656,1455000,0.0,0.0
2023-03-30 00:00:00-04:00,392.2790749464154,396.3744688149973,391.9670684599079,393.64422607421875,1267900,1.25,0.0
2023-03-31 00:00:00-04:00,395.8869201342395,403.2586052320081,395.8869201342395,402.5955505371094,1779200,0.0,0.0
2023-04-03 00:00:00-04:00,402.76127541688885,408.953108446161,402.76127541688885,404.6529541015625,1632200,0.0,0.0
2023-04-04 00:00:00-04:00,403.1805833665824,404.5457046321734,385.8727204358313,387.754638671875,1801600,0.0,0.0
2023-04-05 00:00:00-04:00,383.57149889607405,384.3808409994693,360.87138415190424,364.50848388671875,3265700,0.0,0.0
2023-04-06 00:00:00-04:00,362.91912228879534,363.903973722846,356.9808216595698,360.4423828125,1848500,0.0,0.0
2023-04-10 00:00:00-04:00,360.09132098913483,369.1791454150239,359.33075128969017,367.9310302734375,1486500,0.0,0.0
2023-04-11 00:00:00-04:00,368.42835966258735,376.55088391125884,368.42835966258735,371.3438720703125,1543800,0.0,0.0
2023-04-12 00:00:00-04:00,373.9375799772764,379.06656736287295,373.26476491120343,374.815185546875,2166100,0.0,0.0
2023-04-13 00:00:00-04:00,376.1121246090524,377.7210189055232,369.61801458278296,375.1565246582031,1627000,0.0,0.0
2023-04-14 00:00:00-04:00,377.03841623380924,380.1391981938144,375.6050314021219,378.1109924316406,1113200,0.0,0.0
2023-04-17 00:00:00-04:00,379.62240807562864,383.4642687210922,379.3103718361949,381.67010498046875,1116600,0.0,0.0
2023-04-18 00:00:00-04:00,383.4252105452353,389.6560253642921,382.2355985634913,386.80877685546875,1402000,0.0,0.0
2023-04-19 00:00:00-04:00,385.39489525014835,386.51627352548405,380.41219532616697,382.9864196777344,860000,0.0,0.0
2023-04-20 00:00:00-04:00,380.98752281199677,382.6061772988671,376.3948529427052,380.636474609375,1336300,0.0,0.0
2023-04-21 00:00:00-04:00,380.1977216531895,380.8022732901746,375.70253683163975,377.06768798828125,2556900,0.0,0.0
2023-04-24 00:00:00-04:00,377.6722009650444,382.87918261313735,376.6386070287607,378.374267578125,1132800,0.0,0.0
2023-04-25 00:00:00-04:00,375.42953502360695,376.1121106427841,369.2182099672774,370.0177917480469,1688400,0.0,0.0
2023-04-26 00:00:00-04:00,365.65907780064225,368.769620069726,363.11410490270754,365.2787780761719,1416500,0.0,0.0
2023-04-27 00:00:00-04:00,363.14339444742893,364.68402509655283,356.7760515631788,362.58758544921875,2741600,0.0,0.0
2023-04-28 00:00:00-04:00,362.55830559259334,368.99391148430334,361.758723912786,368.6038513183594,1999300,0.0,0.0
2023-05-01 00:00:00-04:00,370.4858149276975,375.0394729579147,369.97874859364384,372.60174560546875,1184100,0.0,0.0
2023-05-02 00:00:00-04:00,374.444658674376,377.2431647412056,364.91800172380925,374.2398681640625,1547800,0.0,0.0
2023-05-03 00:00:00-04:00,375.6635339696892,380.29521579786956,372.62125508794423,372.6992492675781,1235400,0.0,0.0
2023-05-04 00:00:00-04:00,372.58224338770214,374.45440127439497,364.03067704561244,364.2842102050781,1382900,0.0,0.0
2023-05-05 00:00:00-04:00,368.6818693696034,373.19654492588563,366.6731845281881,371.5973815917969,1862600,0.0,0.0
2023-05-08 00:00:00-04:00,376.37533264047295,379.58339008189284,369.41319898341067,370.7783203125,1106500,0.0,0.0
2023-05-09 00:00:00-04:00,368.33081158640914,373.14776281085597,366.99494187065574,371.93865966796875,1478700,0.0,0.0
2023-05-10 00:00:00-04:00,376.0926173975584,376.63866598683023,366.79024075742274,370.9148864746094,1014600,0.0,0.0
2023-05-11 00:00:00-04:00,366.53666885151284,367.6092748090697,360.9494169555253,363.504150390625,1825100,0.0,0.0
2023-05-12 00:00:00-04:00,366.75116870812286,368.0967988531959,362.05122363131784,364.66448974609375,1330500,0.0,0.0
2023-05-15 00:00:00-04:00,365.07397495419656,365.4542746345294,360.64705456733645,360.98834228515625,1466300,0.0,0.0
2023-05-16 00:00:00-04:00,358.8334873460763,359.6525602136938,353.23647453864913,353.64599609375,2181300,0.0,0.0
2023-05-17 00:00:00-04:00,355.9081970377379,363.4456608000008,355.0306211335113,358.9017333984375,1843900,0.0,0.0
2023-05-18 00:00:00-04:00,358.1898979223649,361.9147524091222,356.59076427429216,361.2906799316406,2034300,0.0,0.0
2023-05-19 00:00:00-04:00,381.0850089255733,383.21069981329333,352.46608684299656,354.4942626953125,7518400,0.0,0.0
2023-05-22 00:00:00-04:00,350.7304119874417,356.7369748821324,347.005557992267,351.5202331542969,2936200,0.0,0.0
2023-05-23 00:00:00-04:00,348.3804905399124,353.9970238877607,345.6209962675328,351.50079345703125,2111400,0.0,0.0
2023-05-24 00:00:00-04:00,349.40436032113973,349.75540857045274,344.20713815556707,345.2602233886719,1717000,0.0,0.0
2023-05-25 00:00:00-04:00,344.8506710465887,348.48777102489254,342.07165587069323,346.040283203125,1540000,0.0,0.0
2023-05-26 00:00:00-04:00,347.8051582939729,350.6231553816982,346.4400370529947,348.31219482421875,1412900,0.0,0.0
2023-05-30 00:00:00-04:00,346.15729142332737,348.17573685594147,337.81051517129043,341.8961486816406,2094800,0.0,0.0
2023-05-31 00:00:00-04:00,339.5266720382578,341.4963449943807,336.9426572806943,337.3619689941406,3384700,0.0,0.0
2023-06-01 00:00:00-04:00,340.53098096337465,346.8008078527849,338.19073916757793,343.78778076171875,2116800,0.0,0.0
2023-06-02 00:00:00-04:00,351.1009956992708,362.8703502787397,348.76078343613415,361.8269958496094,2855300,0.0,0.0
2023-06-05 00:00:00-04:00,361.9537821142007,361.9537821142007,354.1042819046858,354.5918273925781,1476800,0.0,0.0
2023-06-06 00:00:00-04:00,353.1974202667349,365.13252313323056,352.7878690032673,364.3817138671875,1927600,0.0,0.0
2023-06-07 00:00:00-04:00,364.6644952316036,374.3763919901978,360.86161702270107,372.3092041015625,1928800,0.0,0.0
2023-06-08 00:00:00-04:00,372.26046082187617,374.43492435043447,369.12066677634937,371.2853698730469,1317100,0.0,0.0
2023-06-09 00:00:00-04:00,372.22145362295976,373.8205871978385,367.6775265355482,369.43267822265625,1254800,0.0,0.0
2023-06-12 00:00:00-04:00,369.237648083859,378.40349569593275,368.5648330480691,377.4869079589844,1527000,0.0,0.0
2023-06-13 00:00:00-04:00,380.1099715895359,390.8067207917146,379.50541994531056,388.3202209472656,2141700,0.0,0.0
2023-06-14 00:00:00-04:00,390.0363947271619,395.0288558184831,388.3884885788464,389.11004638671875,1900100,0.0,0.0
2023-06-15 00:00:00-04:00,390.24113007076,397.83709669512757,389.5585842789174,396.3939514160156,1471200,0.0,0.0
2023-06-16 00:00:00-04:00,397.61275455884885,399.73847506371106,395.3895487824261,397.47625732421875,2119900,0.0,0.0
2023-06-20 00:00:00-04:00,391.8305240208586,398.77316647362153,390.03636033421077,397.8175964355469,1700700,0.0,0.0
2023-06-21 00:00:00-04:00,396.7840219554398,407.5880165742412,394.94108577875824,406.213134765625,1868200,0.0,0.0
2023-06-22 00:00:00-04:00,404.4969471191405,407.95853768711913,401.7179618451939,405.3355407714844,1518000,0.0,0.0
2023-06-23 00:00:00-04:00,400.8403773627077,401.084150101868,394.00500999169634,394.37554931640625,2033400,0.0,0.0
2023-06-26 00:00:00-04:00,394.86306744318614,405.4915521828715,394.86306744318614,399.9725341796875,1360400,0.0,0.0
2023-06-27 00:00:00-04:00,400.50885211557716,401.249930768896,390.65069677562815,399.30950927734375,1404900,0.0,0.0
2023-06-28 00:00:00-04:00,399.8945121426906,402.5175090274084,394.7557938454195,395.1068420410156,1676100,0.0,0.0
2023-06-29 00:00:00-04:00,392.89630007305203,396.9261012332094,386.35275358015264,392.8376159667969,1871600,1.25,0.0
2023-06-30 00:00:00-04:00,396.59354073819014,399.6550242394733,394.4906140373117,396.3196716308594,1847900,0.0,0.0
2023-07-03 00:00:00-04:00,393.4244611632755,398.39323754823357,390.9694000972599,397.5814208984375,652600,0.0,0.0
2023-07-05 00:00:00-04:00,397.11196156169814,399.8897854941311,394.93076935212946,395.8013000488281,1398600,0.0,0.0
2023-07-06 00:00:00-04:00,394.1287574366551,395.8697890432322,390.99879888911363,392.3877258300781,1390700,0.0,0.0
2023-07-07 00:00:00-04:00,390.6857755467173,399.4887498961537,390.6857755467173,396.40771484375,1013900,0.0,0.0
2023-07-10 00:00:00-04:00,394.3145605248668,399.791942654856,393.1310280918746,398.1780700683594,1005500,0.0,0.0
2023-07-11 00:00:00-04:00,401.4254392539363,405.42589870140256,401.4254392539363,404.7412109375,1131200,0.0,0.0
2023-07-12 00:00:00-04:00,407.8711596357414,408.86881935234106,398.57913081909976,398.74542236328125,1376000,0.0,0.0
2023-07-13 00:00:00-04:00,399.27353660301935,402.2078611783179,396.2316344543832,400.5841979980469,999400,0.0,0.0
2023-07-14 00:00:00-04:00,404.1347900441166,405.86606088083647,400.12453994683256,405.5334777832031,984200,0.0,0.0
2023-07-17 00:00:00-04:00,405.8855496777836,414.15057567808657,405.82686557537255,411.3923034667969,1509100,0.0,0.0
2023-07-18 00:00:00-04:00,412.0965772584907,422.50363357242844,411.5292577547385,422.1123962402344,1575900,0.0,0.0
2023-07-19 00:00:00-04:00,422.7872929872823,428.225572494081,422.1808706454407,426.6214904785156,1664800,0.0,0.0
2023-07-20 00:00:00-04:00,429.1743393172978,430.3774232178379,425.525984777079,430.0057373046875,1284900,0.0,0.0
2023-07-21 00:00:00-04:00,429.39928889332367,430.60234287133176,425.7802766265099,427.36480712890625,1195300,0.0,0.0
2023-07-24 00:00:00-04:00,427.3844247654969,437.2144010369316,426.6997370298913,432.90093994140625,1301700,0.0,0.0
2023-07-25 00:00:00-04:00,431.3848500952235,440.1486912339343,430.83711188964736,436.55902099609375,1160700,0.0,0.0
2023-07-26 00:00:00-04:00,433.8203258998912,436.93070279156376,422.0634761590036,423.4719543457031,1759500,0.0,0.0
2023-07-27 00:00:00-04:00,424.0001377957624,424.4989825575186,415.1678214494325,419.23675537109375,1977000,0.0,0.0
2023-07-28 00:00:00-04:00,419.3736986184981,420.7137021316482,415.725344136747,417.7597961425781,1194700,0.0,0.0
2023-07-31 00:00:00-04:00,420.0974957045586,423.4132970182032,417.5837503242404,420.1953125,1169600,0.0,0.0
2023-08-01 00:00:00-04:00,421.9070206651439,429.19390958164183,420.596359126667,423.9512634277344,1115800,0.0,0.0
2023-08-02 00:00:00-04:00,421.2125879073886,425.4379932309289,417.69139192985705,421.10498046875,1077900,0.0,0.0
2023-08-03 00:00:00-04:00,417.8674347962562,419.91167758908546,412.01833633698385,414.65924072265625,1083400,0.0,0.0
2023-08-04 00:00:00-04:00,419.09006214133314,420.5865666379488,414.0723618145936,414.7570495605469,961200,0.0,0.0
2023-08-07 00:00:00-04:00,415.4710226956629,423.34481186793437,414.8548395834714,421.86785888671875,1009400,0.0,0.0
2023-08-08 00:00:00-04:00,417.65222232218457,421.642890844319,415.10913490489054,421.0364685058594,1354400,0.0,0.0
2023-08-09 00:00:00-04:00,423.52086205283393,429.76119731350377,423.01225652089784,426.543212890625,1361300,0.0,0.0
2023-08-10 00:00:00-04:00,427.12028201329093,431.8054286535496,424.65546009279353,425.0564880371094,1283900,0.0,0.0
2023-08-11 00:00:00-04:00,425.75098765072914,427.8245725098739,423.10032246565237,425.54559326171875,1216400,0.0,0.0
2023-08-14 00:00:00-04:00,425.97595073918757,428.79290738904683,424.684840633086,428.059326171875,1058500,0.0,0.0
2023-08-15 00:00:00-04:00,424.0393037463925,425.67275779371926,420.1855545324574,422.22979736328125,1576800,0.0,0.0
2023-08-16 00:00:00-04:00,418.63035808663983,426.2009068796387,413.9354501226632,414.65924072265625,1870300,0.0,0.0
2023-08-17 00:00:00-04:00,412.5464950311845,416.1068233763435,406.6680549176476,409.9838562011719,2149200,0.0,0.0
2023-08-18 00:00:00-04:00,398.7845638545094,403.90987212252236,386.72450052369777,388.3285827636719,4230600,0.0,0.0
2023-08-21 00:00:00-04:00,387.35041126575885,389.2870763108115,377.05093277744504,382.23492431640625,2549100,0.0,0.0
2023-08-22 00:00:00-04:00,384.14225410448233,384.48459798821716,375.83812397500003,376.777099609375,1664400,0.0,0.0
2023-08-23 00:00:00-04:00,376.73794719249497,386.9982926222911,376.73794719249497,385.64849853515625,1582200,0.0,0.0
2023-08-24 00:00:00-04:00,381.8437179345534,383.51627478883506,377.3933072089253,378.1758117675781,1379900,0.0,0.0
2023-08-25 00:00:00-04:00,379.7016556626883,383.4575879691977,377.764990474388,381.6676330566406,1099900,0.0,0.0
2023-08-28 00:00:00-04:00,384.308528997378,387.3308800094516,382.90984131677845,386.049560546875,1247000,0.0,0.0
2023-08-29 00:00:00-04:00,385.5703341128323,396.7403150612835,384.66067063669846,395.25360107421875,1875600,0.0,0.0
2023-08-30 00:00:00-04:00,395.0285669087861,406.4919965825855,394.6275389516995,404.2227783203125,1815500,0.0,0.0
2023-08-31 00:00:00-04:00,404.98568879931116,408.15477966910703,401.6894689369236,401.94378662109375,1515500,0.0,0.0
2023-09-01 00:00:00-04:00,405.59217429485955,410.2186073634925,405.50411828195263,409.72955322265625,1249300,0.0,0.0
2023-09-05 00:00:00-04:00,411.6857528738513,414.0821300053032,404.799862495893,405.3573913574219,1474000,0.0,0.0
2023-09-06 00:00:00-04:00,403.0979813910268,407.3136257088313,401.65040023379214,405.2204895019531,1002600,0.0,0.0
2023-09-07 00:00:00-04:00,402.15905429872464,406.3355664310074,396.5251403492569,402.7165832519531,1028800,0.0,0.0
2023-09-08 00:00:00-04:00,402.49156528693095,404.1347800663861,390.32389565190095,390.9107666015625,1837500,0.0,0.0
2023-09-11 00:00:00-04:00,394.47107483265984,395.15576259874365,388.99369210197796,391.605224609375,1428200,0.0,0.0
2023-09-12 00:00:00-04:00,390.6662730762885,396.8283439531795,390.5586656323528,393.4538879394531,1127800,0.0,0.0
2023-09-13 00:00:00-04:00,393.04296198334185,397.99218666526195,390.9302448695968,393.4244384765625,1104200,0.0,0.0
2023-09-14 00:00:00-04:00,397.3956145233466,403.12731461664214,396.2610053563522,402.6676025390625,1272400,0.0,0.0
2023-09-15 00:00:00-04:00,402.77519333759034,405.7877535293856,400.02671162007607,403.0881652832031,1985000,0.0,0.0
2023-09-18 00:00:00-04:00,401.94379457516527,404.54556602399015,398.58889054227035,401.8459777832031,969300,0.0,0.0
2023-09-19 00:00:00-04:00,393.77659124912435,395.1068339721587,389.6881059854866,389.96197509765625,1957300,0.0,0.0
2023-09-20 00:00:00-04:00,392.93543676350123,400.19298323960754,390.8031380996945,393.52227783203125,1289700,0.0,0.0
2023-09-21 00:00:00-04:00,390.29453770357077,390.95964415633813,377.58892096094723,379.1539001464844,2209100,0.0,0.0
2023-09-22 00:00:00-04:00,373.3732625678023,375.16318748142555,369.3043287797502,372.5320739746094,2410500,0.0,0.0
2023-09-25 00:00:00-04:00,370.7421516239846,376.7770626835739,370.0770153423871,375.97503662109375,1383600,0.0,0.0
2023-09-26 00:00:00-04:00,369.724953527878,373.51022803807706,368.98158163561226,371.31927490234375,1270400,0.0,0.0
2023-09-27 00:00:00-04:00,373.41241219641967,377.90192591889064,371.9452496786384,375.9457092285156,1403900,0.0,0.0
2023-09-28 00:00:00-04:00,376.9173951935431,381.9429556700378,375.9358394768932,377.6339416503906,1309200,1.35,0.0
2023-09-29 00:00:00-04:00,376.65241034206315,379.8424666279014,368.79013895669164,370.4195251464844,2124000,0.0,0.0
2023-10-02 00:00:00-04:00,372.19615384761454,373.6095966250396,363.71549718306443,366.94482421875,1989800,0.0,0.0
2023-10-03 00:00:00-04:00,365.5412175561236,366.95466037597066,363.66644228876106,365.9043884277344,1212200,0.0,0.0
2023-10-04 00:00:00-04:00,365.51172612662816,371.5973536564378,363.3326712162073,370.0465087890625,1219000,0.0,0.0
2023-10-05 00:00:00-04:00,368.78030148359903,371.86240090882063,366.31661692672196,368.76068115234375,997200,0.0,0.0
2023-10-06 00:00:00-04:00,366.55222558826824,374.83655950708373,365.45288780932344,371.55816650390625,1203400,0.0,0.0
2023-10-09 00:00:00-04:00,371.4501272032905,376.81923823718546,370.56673303844764,375.876953125,831200,0.0,0.0
2023-10-10 00:00:00-04:00,379.1750146538476,384.72082919615843,379.00816693320013,383.63128662109375,1317400,0.0,0.0
2023-10-11 00:00:00-04:00,384.16132027003147,385.25083284813144,380.23509700387297,382.1785583496094,942500,0.0,0.0
2023-10-12 00:00:00-04:00,382.6104143357856,383.7882932021751,370.89063643855513,375.2291259765625,1375200,0.0,0.0
2023-10-13 00:00:00-04:00,375.93587508589235,378.7038696581607,371.7740880385936,373.6390380859375,1074200,0.0,0.0
2023-10-16 00:00:00-04:00,377.8499590914696,385.3392055139954,376.97635995433785,383.33685302734375,1202600,0.0,0.0
2023-10-17 00:00:00-04:00,381.7270423509257,388.0188185859413,380.86326845932774,383.9060974121094,899800,0.0,0.0
2023-10-18 00:00:00-04:00,381.1969961207363,383.18958315131135,371.0575378865144,375.1800842285156,1495000,0.0,0.0
2023-10-19 00:00:00-04:00,374.6009767418594,379.24371658976526,373.2365997766456,374.3359375,1348000,0.0,0.0
2023-10-20 00:00:00-04:00,373.3740555531969,375.3567876470049,367.90678211273433,368.2306823730469,1468100,0.0,0.0
2023-10-23 00:00:00-04:00,366.32642399102696,373.20713958915877,364.62835166391517,366.38531494140625,1308100,0.0,0.0
2023-10-24 00:00:00-04:00,368.7508779423395,370.87104207748126,364.73631829108945,366.6798095703125,899100,0.0,0.0
2023-10-25 00:00:00-04:00,365.37431526754983,369.0551494557052,364.20626148879876,365.0504150390625,773900,0.0,0.0
2023-10-26 00:00:00-04:00,364.15715346664865,367.8870530297093,362.65537449016296,362.7240905761719,1124900,0.0,0.0
2023-10-27 00:00:00-04:00,362.19411106641,363.0677101569978,352.18222934773195,354.4888916015625,1436400,0.0,0.0
2023-10-30 00:00:00-04:00,358.493629238449,362.5278091264036,354.9992930490057,361.0162048339844,1277500,0.0,0.0
2023-10-31 00:00:00-04:00,355.3232026819653,359.1512643442276,352.7613564000034,358.6212158203125,1233200,0.0,0.0
2023-11-01 00:00:00-04:00,358.15009985467503,365.50194351410903,354.69500412529277,363.6369934082031,1073000,0.0,0.0
2023-11-02 00:00:00-04:00,368.5741728858881,371.43050362585313,365.0405663026993,366.6699523925781,1259300,0.0,0.0
2023-11-03 00:00:00-04:00,372.50039184984263,377.5357774336088,370.51766009984226,375.1506042480469,1172900,0.0,0.0
2023-11-06 00:00:00-05:00,376.2107232394976,377.4572883795033,368.2503197112928,371.27349853515625,925900,0.0,0.0
2023-11-07 00:00:00-05:00,360.1328199861271,365.63936364578865,356.3145834692224,362.4296569824219,1711400,0.0,0.0
2023-11-08 00:00:00-05:00,363.96089917814686,366.1792249967214,362.34133800777755,362.5572814941406,1178000,0.0,0.0
2023-11-09 00:00:00-05:00,366.73869108786494,367.2687395966913,360.9867586372664,362.8026428222656,1094900,0.0,0.0
2023-11-10 00:00:00-05:00,365.482335477162,367.6221200921947,362.21373764387334,367.0920715332031,1311800,0.0,0.0
2023-11-13 00:00:00-05:00,365.98289310930954,366.7387102708959,360.35859736345293,362.9400939941406,1418100,0.0,0.0
2023-11-14 00:00:00-05:00,366.79756342359855,371.45012800188965,363.76455981011856,368.04412841796875,2115800,0.0,0.0
2023-11-15 00:00:00-05:00,370.0072670251949,374.9641418020114,366.5620265266691,373.84515380859375,1515500,0.0,0.0
2023-11-16 00:00:00-05:00,374.34575331584756,375.83770733826583,368.47603888705385,371.5777587890625,1736200,0.0,0.0
2023-11-17 00:00:00-05:00,375.346913664056,378.2032444976269,372.4218966934039,377.06463623046875,1342600,0.0,0.0
2023-11-20 00:00:00-05:00,375.45490834502334,377.7320949729852,372.4415249325491,373.3150939941406,2197300,0.0,0.0
2023-11-21 00:00:00-05:00,372.99119883081744,376.42664408320655,372.0979794706316,375.5923156738281,2163100,0.0,0.0
2023-11-22 00:00:00-05:00,354.3220165217491,366.4540315936606,349.1001325789868,363.921630859375,6304700,0.0,0.0
2023-11-24 00:00:00-05:00,363.6860523407603,364.54003106775275,360.0739341053567,363.3621520996094,1275300,0.0,0.0
2023-11-27 00:00:00-05:00,361.5658897322913,362.2039249830363,355.1170907202423,355.5293273925781,2322200,0.0,0.0
2023-11-28 00:00:00-05:00,355.32322161270514,357.13910594614254,352.1429902091918,353.3797302246094,1904600,0.0,0.0
2023-11-29 00:00:00-05:00,356.04953806104174,361.56587681400646,353.0165342612528,357.2274169921875,2263500,0.0,0.0
2023-11-30 00:00:00-05:00,357.90469469401484,360.36840932752045,354.7244635004293,357.6887512207031,1950200,0.0,0.0
2023-12-01 00:00:00-05:00,358.1795069824368,364.06884139455826,356.8642258916275,362.007568359375,1764100,0.0,0.0
2023-12-04 00:00:00-05:00,358.7390469797782,363.5388395651964,357.31577899897775,362.1253967285156,1405900,0.0,0.0
2023-12-05 00:00:00-05:00,360.9965796738131,361.1536321914826,354.1158641447741,354.47906494140625,1572700,0.0,0.0
2023-12-06 00:00:00-05:00,356.3244031379774,363.05789202031144,355.8140048664157,358.7979431152344,3218300,0.0,0.0
2023-12-07 00:00:00-05:00,358.2776915328994,358.6114169097659,353.53676025234404,354.5575866699219,2753800,0.0,0.0
2023-12-08 00:00:00-05:00,355.12689824078774,357.45321079143133,354.21405847992565,356.9624328613281,2060200,0.0,0.0
2023-12-11 00:00:00-05:00,357.7672376635131,359.180680308013,354.2827268114786,354.3710632324219,2057900,0.0,0.0
2023-12-12 00:00:00-05:00,354.2926384872987,354.70487521905284,349.0413080696936,352.76141357421875,1832000,0.0,0.0
2023-12-13 00:00:00-05:00,352.72208674640365,370.84159863387606,351.9073786484705,370.0563659667969,3406900,0.0,0.0
2023-12-14 00:00:00-05:00,374.20832693783944,388.03844468839577,373.12863951199233,381.25592041015625,3576000,0.0,0.0
2023-12-15 00:00:00-05:00,378.81181707936025,380.6669718920692,375.3960221170979,378.9492492675781,3891400,0.0,0.0
2023-12-18 00:00:00-05:00,379.6952268273281,382.4534262555255,375.63160128589266,375.7003173828125,1404400,0.0,0.0
2023-12-19 00:00:00-05:00,377.8106549117538,386.90966659489675,376.2303344624253,386.6741027832031,2078500,0.0,0.0
2023-12-20 00:00:00-05:00,386.89003861499384,388.1464288437037,379.7835841921074,380.1173095703125,1592100,0.0,0.0
2023-12-21 00:00:00-05:00,383.7294465107799,386.1931612805272,381.92338734080164,386.0851745605469,923300,0.0,0.0
2023-12-22 00:00:00-05:00,386.0459112505898,390.42367199320665,385.84961804963757,389.5010070800781,1077300,0.0,0.0
2023-12-26 00:00:00-05:00,389.5304063159892,395.9006935633163,389.39297413240035,393.8688659667969,966100,0.0,0.0
2023-12-27 00:00:00-05:00,392.7400717914428,395.1252450134396,391.93518890802466,394.2320556640625,823500,0.0,0.0
2023-12-28 00:00:00-05:00,394.90200503044883,395.10888053347225,392.4489323784809,393.3356018066406,1125200,1.47,0.0
2023-12-29 00:00:00-05:00,393.5523260869048,394.80347036619264,391.85784710757184,393.9365234375,1104000,0.0,0.0
2024-01-02 00:00:00-05:00,393.19767301289744,400.54696975753075,392.09429688729233,394.96112060546875,1414600,0.0,0.0
2024-01-03 00:00:00-05:00,390.73477314216314,391.70024229433386,387.42464473142616,387.5133056640625,1397600,0.0,0.0
2024-01-04 00:00:00-05:00,388.656072969947,392.6361037831705,386.28183014727415,386.5675354003906,1332100,0.0,0.0
2024-01-05 00:00:00-05:00,384.6365918748382,391.3357080204239,382.30176396270076,390.08453369140625,1100300,0.0,0.0
2024-01-08 00:00:00-05:00,387.69060425592966,392.42922867019337,384.7351197531584,392.0745849609375,1233300,0.0,0.0
2024-01-09 00:00:00-05:00,389.8382660115917,390.9613646024069,384.2228632517489,387.3852233886719,1012400,0.0,0.0
2024-01-10 00:00:00-05:00,387.30640072451257,388.3211158516839,384.8533281823275,387.867919921875,1003900,0.0,0.0
2024-01-11 00:00:00-05:00,388.9811592932355,390.01559689708483,384.1538740028335,384.4297180175781,1190600,0.0,0.0
2024-01-12 00:00:00-05:00,386.2128609199575,389.38508214661323,380.02604791412034,380.7747802734375,1221500,0.0,0.0
2024-01-16 00:00:00-05:00,380.026047110872,383.57263450969003,378.302014492741,379.6319885253906,1292900,0.0,0.0
2024-01-17 00:00:00-05:00,375.543568569625,376.35137813481174,371.88859782863153,372.9919738769531,1466300,0.0,0.0
2024-01-18 00:00:00-05:00,373.4747455825293,376.0952788849836,370.63747553882706,375.73077392578125,1125900,0.0,0.0
2024-01-19 00:00:00-05:00,376.93263222485535,378.67638734507375,371.7309806365005,377.041015625,1223100,0.0,0.0
2024-01-22 00:00:00-05:00,376.2922603133563,381.38555825579635,375.92775538596584,378.88323974609375,1113600,0.0,0.0
2024-01-23 00:00:00-05:00,381.4348493224621,384.0947975864216,378.9128381093317,381.710693359375,955000,0.0,0.0
2024-01-24 00:00:00-05:00,384.1539024347142,387.3359851077824,380.6664220821738,382.6466064453125,1447800,0.0,0.0
2024-01-25 00:00:00-05:00,387.30642053654947,389.1388065616868,382.8337787468007,387.1783447265625,1103500,0.0,0.0
2024-01-26 00:00:00-05:00,387.93692633579946,390.83330379040484,387.2374700311077,387.779296875,884900,0.0,0.0
2024-01-29 00:00:00-05:00,388.10435879331834,392.28143365107275,386.90246064173454,391.77899169921875,969400,0.0,0.0
2024-01-30 00:00:00-05:00,389.27674363060214,392.85285475065217,388.55756488626463,391.0401611328125,1098300,0.0,0.0
2024-01-31 00:00:00-05:00,391.4244235988223,392.09432628749283,386.92222776234377,387.7398986816406,1342400,0.0,0.0
2024-02-01 00:00:00-05:00,389.2175990174897,391.3061666885025,383.74010338660656,387.83837890625,1485600,0.0,0.0
2024-02-02 00:00:00-05:00,384.4494172699009,389.2175953609596,380.8929986570172,386.7744140625,1666900,0.0,0.0
2024-02-05 00:00:00-05:00,386.1833260326097,387.7990053991296,377.47450157372526,380.3019104003906,2164000,0.0,0.0
2024-02-06 00:00:00-05:00,383.43470063964463,388.3211233471948,382.3806006793332,383.1293029785156,1740600,0.0,0.0
2024-02-07 00:00:00-05:00,384.6366185367261,386.0158387001805,379.89799386440546,380.2231140136719,1671500,0.0,0.0
2024-02-08 00:00:00-05:00,380.1541345135903,381.81905989793034,378.5680088228534,380.1048583984375,1142000,0.0,0.0
2024-02-09 00:00:00-05:00,378.4695333135904,379.9472756675682,374.8047310731356,375.63226318359375,1426300,0.0,0.0
2024-02-12 00:00:00-05:00,378.62708545115186,385.700567485222,378.62708545115186,383.6120300292969,1698100,0.0,0.0
2024-02-13 00:00:00-05:00,378.92269347931494,379.681257052895,369.9380249135441,373.6422119140625,1765200,0.0,0.0
2024-02-14 00:00:00-05:00,377.3168483315701,379.83885932516046,371.53395523146855,379.0704345703125,2409000,0.0,0.0
2024-02-15 00:00:00-05:00,361.65278936316867,366.48007465617513,355.4167002888117,359.2489929199219,4933800,0.0,0.0
2024-02-16 00:00:00-05:00,355.6334310992157,358.5987767585133,352.94395951496193,355.3280334472656,2273400,0.0,0.0
2024-02-20 00:00:00-05:00,354.16559466324094,355.3379393706439,349.8111671693521,352.0770568847656,1973600,0.0,0.0
2024-02-21 00:00:00-05:00,351.298717245442,353.27890137726433,349.20031855018095,351.98834228515625,1364300,0.0,0.0
2024-02-22 00:00:00-05:00,348.8752593406301,352.82576671829173,347.90979021263286,351.4859313964844,2197900,0.0,0.0
2024-02-23 00:00:00-05:00,352.66812137550517,360.0371100868337,352.0967108744627,359.2489929199219,1704300,0.0,0.0
2024-02-26 00:00:00-05:00,358.6185045911316,360.91394788998895,356.2541228314455,357.8205261230469,1592500,0.0,0.0
2024-02-27 00:00:00-05:00,357.74173043951464,358.70716954940224,352.9242758676426,355.3083801269531,1559700,0.0,0.0
2024-02-28 00:00:00-05:00,356.0472159962613,359.90903218223195,355.77137198297766,359.3967590332031,1675600,0.0,0.0
2024-02-29 00:00:00-05:00,360.93362968075013,362.3916795876262,357.4658718728691,359.6332092285156,2491200,0.0,0.0
2024-03-01 00:00:00-05:00,359.59380755461507,363.34727045210724,355.9683903973182,362.39166259765625,1967100,0.0,0.0
2024-03-04 00:00:00-05:00,363.13057203520054,364.49009985454177,357.54469253067816,359.0126037597656,1335000,0.0,0.0
2024-03-05 00:00:00-05:00,358.53969046732544,364.2043692780012,358.17518551073664,361.2882995605469,1710000,0.0,0.0
2024-03-06 00:00:00-05:00,360.60854710369273,362.37196465565347,358.95345282788907,361.1897888183594,1068700,0.0,0.0
2024-03-07 00:00:00-05:00,361.9680540832719,370.60790967522877,361.81042463440326,369.7508239746094,1844600,0.0,0.0
2024-03-08 00:00:00-05:00,370.55865753685714,371.08079192432984,366.67711885838384,368.5489196777344,1064700,0.0,0.0
2024-03-11 00:00:00-04:00,367.85932219509095,369.8493677969462,365.12057424819403,369.4848327636719,855700,0.0,0.0
2024-03-12 00:00:00-04:00,370.56848757008873,372.2334128894123,367.07117631479537,367.12042236328125,1140800,0.0,0.0
2024-03-13 00:00:00-04:00,367.8002048961186,374.87365752163083,367.23865560406205,373.22845458984375,1250700,0.0,0.0
2024-03-14 00:00:00-04:00,374.8539955087642,376.7750726890442,371.35668379207124,374.5880126953125,1436300,0.0,0.0
2024-03-15 00:00:00-04:00,372.3911056056695,378.2823831261266,372.3911056056695,377.7011413574219,3448200,0.0,0.0
2024-03-18 00:00:00-04:00,377.3168695812508,381.64174317019143,375.8292660360739,379.59259033203125,1145200,0.0,0.0
2024-03-19 00:00:00-04:00,379.8092853419579,386.5083710477631,379.78959293664195,385.7005615234375,1490600,0.0,0.0
2024-03-20 00:00:00-04:00,384.97155231024874,389.42450157539065,384.7942304540466,388.202880859375,1763400,0.0,0.0
2024-03-21 00:00:00-04:00,388.03540725035276,393.4242417304553,386.1832988638104,391.7396240234375,1411800,0.0,0.0
2024-03-22 00:00:00-04:00,392.5573309427153,394.77394446924245,391.9366743449284,392.9415283203125,1514600,0.0,0.0
2024-03-25 00:00:00-04:00,392.88240388246834,395.6704278326182,391.1485400436488,392.12384033203125,1106300,0.0,0.0
2024-03-26 00:00:00-04:00,392.40955311301406,394.0547560539434,390.3702615029992,392.6065673828125,1053200,0.0,0.0
2024-03-27 00:00:00-04:00,393.54593389872224,404.83814457599277,392.8240925535694,404.561279296875,1543800,1.47,0.0
2024-03-28 00:00:00-04:00,404.00747995092576,408.69445410983496,404.00747995092576,406.143310546875,1426700,0.0,0.0
2024-04-01 00:00:00-04:00,405.5797650727705,407.31018067030755,399.16237470847386,399.61724853515625,1319500,0.0,0.0
2024-04-02 00:00:00-04:00,400.4675991700427,405.1150130086099,397.7384769860286,399.4787902832031,1164500,0.0,0.0
2024-04-03 00:00:00-04:00,399.70620961914994,404.07672780826016,398.7767268922973,401.4860534667969,1077300,0.0,0.0
2024-04-04 00:00:00-04:00,406.07414233419195,409.28777108582796,400.78400896936546,402.553955078125,1218600,0.0,0.0
2024-04-05 00:00:00-04:00,404.07673680260183,408.52637669681485,401.4662970895438,407.9232177734375,994400,0.0,0.0
2024-04-08 00:00:00-04:00,408.37804863732975,410.1578924689607,405.0655330066352,406.1532287597656,1269800,0.0,0.0
2024-04-09 00:00:00-04:00,408.85270932608597,409.2679921599004,404.8776782889757,406.8750915527344,1114500,0.0,0.0
2024-04-10 00:00:00-04:00,402.3364830161843,408.1012258436621,399.8743282423844,407.359619140625,1407700,0.0,0.0
2024-04-11 00:00:00-04:00,408.1209617109986,409.4261966564174,402.3661170444736,408.2198486328125,1472900,0.0,0.0
2024-04-12 00:00:00-04:00,406.6476558186776,407.8737691853564,392.369253039799,392.8240966796875,1885000,0.0,0.0
2024-04-15 00:00:00-04:00,397.787921490933,399.6963153328994,388.17669824316226,389.3929138183594,1353300,0.0,0.0
2024-04-16 00:00:00-04:00,387.87017923190933,391.2815517473858,382.31307817873693,388.6117858886719,1865400,0.0,0.0
2024-04-17 00:00:00-04:00,391.56828946239295,393.17015490929833,387.99870413639394,392.4384460449219,1442200,0.0,0.0
2024-04-18 00:00:00-04:00,394.0205817645259,397.7780435181972,392.28026844229356,396.1168518066406,1562900,0.0,0.0
2024-04-19 00:00:00-04:00,396.4826855371899,398.4702009807513,394.2974264293862,395.8399658203125,1125200,0.0,0.0
2024-04-22 00:00:00-04:00,394.3864346933718,398.3812310874553,387.79106607141836,395.1379089355469,1005500,0.0,0.0
2024-04-23 00:00:00-04:00,396.3837838653537,401.08062572504446,392.28023332841286,392.7647399902344,1278300,0.0,0.0
2024-04-24 00:00:00-04:00,393.10096872303893,393.30864032016973,387.9789458294342,390.2037658691406,986600,0.0,0.0
2024-04-25 00:00:00-04:00,381.45282023406827,390.49054857976296,379.84108698307693,389.6500549316406,1316900,0.0,0.0
2024-04-26 00:00:00-04:00,388.2261462675603,391.5188968097462,386.7231675999284,388.9281921386719,998300,0.0,0.0
2024-04-29 00:00:00-04:00,390.9157076376423,398.0845721760803,390.9157076376423,396.4728088378906,847100,0.0,0.0
2024-04-30 00:00:00-04:00,393.3284014428514,393.92169281566044,385.7640194236809,387.0296936035156,1016600,0.0,0.0
2024-05-01 00:00:00-04:00,384.60710470594705,386.85172024152934,379.47518405534566,383.1634521484375,2017800,0.0,0.0
2024-05-02 00:00:00-04:00,384.270894150985,393.91178053111656,381.3934567487118,391.52874755859375,1790100,0.0,0.0
2024-05-03 00:00:00-04:00,395.1676040212442,396.84856104876343,390.431200932071,396.4728088378906,1627000,0.0,0.0
2024-05-06 00:00:00-04:00,400.467596223518,402.4452139826465,394.7226190473339,397.34295654296875,1042800,0.0,0.0
2024-05-07 00:00:00-04:00,399.1426212989433,402.02005894237186,398.2329037944974,401.03125,942000,0.0,0.0
2024-05-08 00:00:00-04:00,399.69635176941034,402.40567861433686,396.96722943296777,400.8829345703125,640300,0.0,0.0
2024-05-09 00:00:00-04:00,400.88289862717465,405.89613658016714,400.88289862717465,404.4228210449219,995100,0.0,0.0
2024-05-10 00:00:00-04:00,405.9060329618861,407.0827179075772,401.1300994934147,403.32525634765625,1426800,0.0,0.0
2024-05-13 00:00:00-04:00,404.4228399457372,411.9081305581347,402.99895271619613,403.42413330078125,1402800,0.0,0.0
2024-05-14 00:00:00-04:00,405.41163502076563,412.79803845611286,405.41163502076563,408.1605224609375,1765800,0.0,0.0
2024-05-15 00:00:00-04:00,410.03924465617746,411.8685470548778,407.64634414955196,409.3866271972656,1861200,0.0,0.0
2024-05-16 00:00:00-04:00,402.33641770974344,405.41159852134075,389.76863642882654,390.0158386230469,3623800,0.0,0.0
2024-05-17 00:00:00-04:00,390.05545363580006,393.1405326202858,387.1582507591179,392.576904296875,1612100,0.0,0.0
2024-05-20 00:00:00-04:00,391.32111048418477,392.3890107868177,386.5649422313607,387.0989074707031,1158500,0.0,0.0
2024-05-21 00:00:00-04:00,386.5550686271596,386.80227086021245,380.9089780735274,382.4119567871094,1370900,0.0,0.0
2024-05-22 00:00:00-04:00,381.6802267666057,384.21157507926375,379.9498112307467,381.69012451171875,1318800,0.0,0.0
2024-05-23 00:00:00-04:00,382.79756573296396,383.2326440305965,374.4816798831051,374.995849609375,1736600,0.0,0.0
2024-05-24 00:00:00-04:00,375.62871631911594,377.09213412607687,369.54754783692783,370.7637634277344,1511300,0.0,0.0
2024-05-28 00:00:00-04:00,370.803337024996,370.803337024996,362.87310052053374,365.137451171875,1448000,0.0,0.0
2024-05-29 00:00:00-04:00,360.9053448640449,363.73335396343424,358.6211987564104,360.8954772949219,1673500,0.0,0.0
2024-05-30 00:00:00-04:00,361.25145860372953,364.455189949222,360.86583880431687,364.227783203125,1340900,0.0,0.0
2024-05-31 00:00:00-04:00,365.46378239729654,370.882435959255,362.22049035090896,370.5660400390625,2332100,0.0,0.0
2024-06-03 00:00:00-04:00,371.1592715175667,371.28782149487245,360.4702503764441,364.00030517578125,1284200,0.0,0.0
2024-06-04 00:00:00-04:00,363.78277787650586,365.453867283824,359.9758576851114,365.236328125,1328700,0.0,0.0
2024-06-05 00:00:00-04:00,365.80988672698703,367.3820893518503,361.38001172396304,366.8382263183594,1394800,0.0,0.0
2024-06-06 00:00:00-04:00,367.342518705138,369.7057865401291,365.21658553384526,367.1150817871094,1305400,0.0,0.0
2024-06-07 00:00:00-04:00,364.87048269159453,368.835616021626,362.5566734956522,364.4551696777344,1080000,0.0,0.0
2024-06-10 00:00:00-04:00,363.70367476089217,368.5092712386534,362.94227264144075,364.17828369140625,1033700,0.0,0.0
2024-06-11 00:00:00-04:00,362.5764344247345,363.3279388330809,359.7088946956975,361.0437927246094,948400,0.0,0.0
2024-06-12 00:00:00-04:00,365.05835075332976,368.76638403232477,363.46635277400077,365.9482727050781,1055500,0.0,0.0
2024-06-13 00:00:00-04:00,364.0596546202473,374.03673282918396,364.0596546202473,373.7203369140625,1583900,0.0,0.0
2024-06-14 00:00:00-04:00,370.8132160712605,374.81787983876546,368.7762722566714,373.7697448730469,1485200,0.0,0.0
2024-06-17 00:00:00-04:00,371.7427408160538,377.00318155275835,370.47706655350055,374.97613525390625,1227900,0.0,0.0
2024-06-18 00:00:00-04:00,375.9550206825696,378.96100816597937,375.1639856387499,378.47650146484375,1211900,0.0,0.0
2024-06-20 00:00:00-04:00,377.4777625335197,380.19698675609254,375.75724486357325,377.2602233886719,1352600,0.0,0.0
2024-06-21 00:00:00-04:00,373.73020057544227,375.74737916552033,369.8244235555375,370.8428955078125,2450600,0.0,0.0
2024-06-24 00:00:00-04:00,372.5436420735455,378.64457594471475,371.8020354159574,373.9378662109375,1323100,0.0,0.0
2024-06-25 00:00:00-04:00,371.3175175357599,371.752595877879,363.03132407243714,365.3352355957031,1648600,0.0,0.0
2024-06-26 00:00:00-04:00,366.59099063079225,372.15798939437764,363.24881182363464,372.0393371582031,2442500,0.0,0.0
2024-06-27 00:00:00-04:00,370.80332689299246,373.9082012346814,370.4967985568451,372.57330322265625,1709400,0.0,0.0
2024-06-28 00:00:00-04:00,375.42231732103113,378.5989110714315,366.7959104011824,370.89569091796875,6689500,1.47,0.0
2024-07-01 00:00:00-04:00,372.32515104621234,372.5633849719286,357.92132916717213,358.3481750488281,1458100,0.0,0.0
2024-07-02 00:00:00-04:00,356.8988570779649,362.78545239866924,356.62090740852545,362.2792053222656,1290000,0.0,0.0
2024-07-03 00:00:00-04:00,362.7656102653934,364.9296491448827,358.4672814520101,360.135009765625,668900,0.0,0.0
2024-07-05 00:00:00-04:00,360.50230130388405,360.50230130388405,354.1888297375392,357.39520263671875,1273500,0.0,0.0
2024-07-08 00:00:00-04:00,357.46469085095055,358.99342917110505,352.1538376284317,352.4020080566406,1671600,0.0,0.0
2024-07-09 00:00:00-04:00,352.16376782143954,352.7196671471146,343.40830800069585,346.2870788574219,2112700,0.0,0.0
2024-07-10 00:00:00-04:00,346.74370635974947,349.9699218909596,345.25468380688324,348.9573974609375,1475800,0.0,0.0
2024-07-11 00:00:00-04:00,350.3173620212003,360.11512544544536,349.92029540441234,358.9537048339844,1764900,0.0,0.0
2024-07-12 00:00:00-04:00,361.8324596343554,365.4557415800765,360.809998751685,362.6563720703125,1034900,0.0,0.0
2024-07-15 00:00:00-04:00,362.38840054412185,369.4562898216519,360.4725320197268,368.9500427246094,1158600,0.0,0.0
2024-07-16 00:00:00-04:00,369.27759799156814,377.8444460393652,363.25201271071137,374.7472839355469,1732900,0.0,0.0
2024-07-17 00:00:00-04:00,375.26344706849164,384.69392284729884,374.91600242831913,382.3114929199219,1528000,0.0,0.0
2024-07-18 00:00:00-04:00,379.99853589216707,387.48336425959724,377.745159379122,377.8543701171875,1736000,0.0,0.0
2024-07-19 00:00:00-04:00,380.4353273755062,381.3287651464455,374.4196786597016,375.2932434082031,1152100,0.0,0.0
2024-07-22 00:00:00-04:00,376.3554008706923,377.86426608102124,369.5555254721409,376.4745178222656,1071200,0.0,0.0
2024-07-23 00:00:00-04:00,373.5858193885255,375.5215607800074,368.04666894992795,368.80108642578125,1335900,0.0,0.0
2024-07-24 00:00:00-04:00,367.6992309678353,372.93065260434093,365.23736945370496,366.68670654296875,1256300,0.0,0.0
2024-07-25 00:00:00-04:00,365.47562226344286,383.4332299642441,365.47562226344286,378.89666748046875,1241600,0.0,0.0
2024-07-26 00:00:00-04:00,382.4504380699923,387.1358965433351,381.25923829867804,383.7210693359375,1380800,0.0,0.0
2024-07-29 00:00:00-04:00,382.3512151228566,383.7111841742046,368.2849024206142,374.0126647949219,1491000,0.0,0.0
2024-07-30 00:00:00-04:00,363.2917137743786,372.2556280869425,361.5148050939229,369.04925537109375,2266900,0.0,0.0
2024-07-31 00:00:00-04:00,370.4886670846632,374.0226115302828,368.27497597698783,369.25775146484375,1659500,0.0,0.0
2024-08-01 00:00:00-04:00,363.68878913859413,368.4933649254285,353.41452749726994,355.29071044921875,2991300,0.0,0.0
2024-08-02 00:00:00-04:00,353.5535299438338,357.7525845837151,348.5206262828736,351.1611633300781,2820600,0.0,0.0
2024-08-05 00:00:00-04:00,343.23956250197284,348.8383021900429,337.710348102218,342.3163757324219,2509200,0.0,0.0
2024-08-06 00:00:00-04:00,344.9469322550706,346.99185400320664,340.1920090269598,343.52740478515625,1570900,0.0,0.0
2024-08-07 00:00:00-04:00,347.43859812845875,351.44904071495773,343.32888131221756,343.4480285644531,1384500,0.0,0.0
2024-08-08 00:00:00-04:00,344.3414295880454,348.2823771104171,343.8649314707612,346.58489990234375,1557700,0.0,0.0
2024-08-09 00:00:00-04:00,346.0786286456745,346.35657831209545,340.86704967959975,343.4976501464844,1335200,0.0,0.0
2024-08-12 00:00:00-04:00,344.2123638070963,345.61204857569425,341.3832150320256,342.485107421875,1581300,0.0,0.0
2024-08-13 00:00:00-04:00,345.2745441670829,349.8507921038325,343.4678562652434,348.0242614746094,1696600,0.0,0.0
2024-08-14 00:00:00-04:00,347.4385971435554,353.19613892138057,345.8006783872984,348.709228515625,2040500,0.0,0.0
2024-08-15 00:00:00-04:00,356.571279057462,375.70024452661664,355.2807746698323,370.52838134765625,3184500,0.0,0.0
2024-08-16 00:00:00-04:00,369.4165675731564,375.75978762891697,368.4437286402205,375.1542663574219,2103100,0.0,0.0
2024-08-19 00:00:00-04:00,376.2164301653625,378.22166660034384,369.08898278495707,370.1809387207031,1676500,0.0,0.0
2024-08-20 00:00:00-04:00,372.19608936870105,373.84394467182085,369.0393687455612,369.86328125,932300,0.0,0.0
2024-08-21 00:00:00-04:00,371.10411915567727,375.06490940250035,369.3967054380214,374.2906188964844,1249100,0.0,0.0
2024-08-22 00:00:00-04:00,374.3204192537025,375.3428802397706,370.81625390395055,373.8340148925781,1072700,0.0,0.0
2024-08-23 00:00:00-04:00,376.02782403241594,380.048203181527,373.83400591002084,378.3904113769531,1197500,0.0,0.0
2024-08-26 00:00:00-04:00,378.6882349539765,382.4802561157975,377.89407139828046,380.28643798828125,1108500,0.0,0.0
2024-08-27 00:00:00-04:00,378.7080773122779,379.2341974136813,372.19608763314744,373.2284851074219,1107200,0.0,0.0
2024-08-28 00:00:00-04:00,372.2457222198075,376.59367316087065,371.71960210056994,375.18408203125,1096600,0.0,0.0
2024-08-29 00:00:00-04:00,377.01058371978144,381.68610595007243,374.19137138396366,379.0257263183594,1075000,0.0,0.0
2024-08-30 00:00:00-04:00,379.40295135912237,383.0659491929203,375.6803950478839,382.9170227050781,1413200,0.0,0.0
2024-09-03 00:00:00-04:00,382.0434583605573,385.537717276529,377.1793241678366,382.8674011230469,1929700,0.0,0.0
2024-09-04 00:00:00-04:00,383.71116228116534,395.6630271866965,383.2743799443664,389.0815734863281,2370300,0.0,0.0
2024-09-05 00:00:00-04:00,389.1312321866792,392.109277330965,380.0283275328459,380.8820495605469,1397300,0.0,0.0
2024-09-06 00:00:00-04:00,382.02360324875815,386.1531625556128,378.52937474029955,378.7676086425781,1670300,0.0,0.0
2024-09-09 00:00:00-04:00,381.3287355652787,389.1311986292112,380.6735620547269,384.3961181640625,1215300,0.0,0.0
2024-09-10 00:00:00-04:00,385.67667956387373,386.6098027766687,378.8867404348116,384.4656066894531,1041600,0.0,0.0
2024-09-11 00:00:00-04:00,383.8402230014621,386.0141679219834,375.8888333722893,385.74615478515625,1160000,0.0,0.0
2024-09-12 00:00:00-04:00,383.8104652929618,386.21273803131925,380.2963636084712,384.1678161621094,1068500,0.0,0.0
2024-09-13 00:00:00-04:00,387.1359159887191,392.30780931729777,383.5920654394609,391.7915954589844,1126000,0.0,0.0
2024-09-16 00:00:00-04:00,393.10194886121246,396.6756090006171,390.2430207496887,391.7717590332031,940200,0.0,0.0
2024-09-17 00:00:00-04:00,393.5982950869062,397.1917980032944,392.5559914168569,394.96820068359375,983200,0.0,0.0
2024-09-18 00:00:00-04:00,395.08728680040014,403.01880329100544,393.9854247377443,398.13482666015625,1163500,0.0,0.0
2024-09-19 00:00:00-04:00,403.54494582403225,409.4315712126278,400.3882253508704,406.7314758300781,1751000,0.0,0.0
2024-09-20 00:00:00-04:00,403.644224427901,406.91015567433027,399.5345379793461,402.9195861816406,2709400,0.0,0.0
2024-09-23 00:00:00-04:00,402.0559218245126,407.2575944109364,401.1128924081136,405.9571838378906,1184500,0.0,0.0
2024-09-24 00:00:00-04:00,408.7267508095964,412.70741409490347,404.38873665584583,407.88299560546875,1253600,0.0,0.0
2024-09-25 00:00:00-04:00,409.8187179366511,410.8411788971979,403.0982735934692,403.95196533203125,923600,0.0,0.0
2024-09-26 00:00:00-04:00,406.95978117349813,410.12643821944516,405.38142090610233,408.458740234375,1062100,0.0,0.0
2024-09-27 00:00:00-04:00,411.06949593489725,416.55902449616445,409.5506941534035,414.9409484863281,1410800,0.0,0.0
2024-09-30 00:00:00-04:00,414.4129718102336,416.34557319740253,410.96618012432754,415.7378845214844,1176700,1.47,0.0
2024-10-01 00:00:00-04:00,413.5960850012957,418.8659122145537,409.5515762942962,414.8512878417969,1089200,0.0,0.0
2024-10-02 00:00:00-04:00,414.5325089331696,415.98693056153684,412.5600820347254,414.9010925292969,863800,0.0,0.0
2024-10-03 00:00:00-04:00,411.1156071361927,412.2512422747018,406.164566264765,407.1806640625,1103800,0.0,0.0
2024-10-04 00:00:00-04:00,410.42821371445734,410.567694204875,403.5246590664594,406.4335021972656,877900,0.0,0.0
2024-10-07 00:00:00-04:00,406.31397197435405,407.5293188930579,402.84726762351124,404.490966796875,942000,0.0,0.0
2024-10-08 00:00:00-04:00,402.0005025085681,404.3614560890758,397.2586521908593,398.7529296875,981500,0.0,0.0
2024-10-09 00:00:00-04:00,399.96827821722496,404.81969431174,399.96827821722496,403.93310546875,760300,0.0,0.0
2024-10-10 00:00:00-04:00,403.2257923080653,404.99900039554814,400.32689030415764,404.2120361328125,578100,0.0,0.0
2024-10-11 00:00:00-04:00,403.50472438191935,410.7968059196238,402.9269504551445,409.51171875,653400,0.0,0.0
2024-10-14 00:00:00-04:00,406.4733657001957,407.220504452707,397.9360529252232,406.16455078125,996200,0.0,0.0
2024-10-15 00:00:00-04:00,403.4748296542059,407.4795127305341,399.9483567138446,400.4563903808594,834600,0.0,0.0
2024-10-16 00:00:00-04:00,401.6916978231912,408.88415490627295,401.5821016620461,407.8082580566406,867600,0.0,0.0
2024-10-17 00:00:00-04:00,406.5630333468889,407.68872730540505,395.01725239033686,403.59442138671875,1398500,0.0,0.0
2024-10-18 00:00:00-04:00,405.4373327194953,408.0174482805265,402.6579983945876,407.17071533203125,749900,0.0,0.0
2024-10-21 00:00:00-04:00,406.4434811006755,409.16307710245565,404.37142967157183,405.4074401855469,838600,0.0,0.0
2024-10-22 00:00:00-04:00,405.4971007407705,406.34386408906687,400.2771009577716,405.0986328125,610200,0.0,0.0
2024-10-23 00:00:00-04:00,405.69634293918085,410.1592627021782,404.7101295134437,407.0810546875,1112700,0.0,0.0
2024-10-24 00:00:00-04:00,407.42968822133264,410.1891400928502,405.6166546493503,409.50177001953125,718300,0.0,0.0
2024-10-25 00:00:00-04:00,411.4244141377492,413.1677379264685,405.8657150907979,406.3737487792969,591000,0.0,0.0
2024-10-28 00:00:00-04:00,407.43966019545013,411.7531278180779,406.69252145426043,410.7768859863281,828300,0.0,0.0
2024-10-29 00:00:00-04:00,408.6351000540759,409.4320358953573,403.6641162204208,404.490966796875,758600,0.0,0.0
2024-10-30 00:00:00-04:00,401.123863789568,406.5829686434233,399.79892068836057,403.1461181640625,785100,0.0,0.0
2024-10-31 00:00:00-04:00,402.71776590175205,405.75611805220126,400.4663780282488,403.1461181640625,746300,0.0,0.0
2024-11-01 00:00:00-04:00,404.2518754944305,405.5269911246097,396.7904593023093,398.8924255371094,1522500,0.0,0.0
2024-11-04 00:00:00-05:00,398.8924105821525,405.3078140051405,397.9858785851375,400.1475830078125,801900,0.0,0.0
2024-11-05 00:00:00-05:00,396.79045162941264,402.46871838591903,395.2762613482162,398.84259033203125,902200,0.0,0.0
2024-11-06 00:00:00-05:00,411.04584280818347,413.9148604233166,400.57592890881796,404.1622009277344,1664000,0.0,0.0
2024-11-07 00:00:00-05:00,406.0549556525109,410.39833808672967,404.75992730533375,409.5914306640625,1073500,0.0,0.0
2024-11-08 00:00:00-05:00,400.5660073094219,404.93924378979483,392.2179718799534,392.5566711425781,1623200,0.0,0.0
2024-11-11 00:00:00-05:00,395.6647583345554,401.34302510022314,391.6700770833268,401.1138916015625,1143200,0.0,0.0
2024-11-12 00:00:00-05:00,400.65563685902055,400.65563685902055,391.6202318545656,392.2478332519531,1144900,0.0,0.0
2024-11-13 00:00:00-05:00,389.5581356094946,390.63403244386217,385.5534828177248,387.9642639160156,1474700,0.0,0.0
2024-11-14 00:00:00-05:00,388.9305585603692,394.0110777065786,386.31058716313424,393.13446044921875,1225000,0.0,0.0
2024-11-15 00:00:00-05:00,391.171968588989,398.0456388552227,388.5121413218934,397.4280090332031,1168100,0.0,0.0
2024-11-18 00:00:00-05:00,394.69845819229965,405.42739031254706,394.6287483457891,402.9867248535156,1457300,0.0,0.0
2024-11-19 00:00:00-05:00,397.9858857348129,401.08400654407626,396.23259037711927,398.56365966796875,1076500,0.0,0.0
2024-11-20 00:00:00-05:00,402.6181337395668,407.3798968293328,399.1115734797021,403.4150695800781,1487000,0.0,0.0
2024-11-21 00:00:00-05:00,411.1753541860116,440.3635622015652,409.39217454348164,435.87078857421875,4148700,0.0,0.0
2024-11-22 00:00:00-05:00,434.2669102226308,445.7927777159432,430.5611008879181,444.9460144042969,2202200,0.0,0.0
2024-11-25 00:00:00-05:00,446.2908752778268,467.59928679491765,444.9958469519908,460.9248352050781,3266900,0.0,0.0
2024-11-26 00:00:00-05:00,454.89792013381964,461.5723412044597,452.65650394717846,459.2811279296875,1747300,0.0,0.0
2024-11-27 00:00:00-05:00,460.14780558551996,465.27815212804603,459.3408981876252,464.2221984863281,1258700,0.0,0.0
2024-11-29 00:00:00-05:00,464.22221369235126,467.3004217186964,462.3992085043589,464.1225891113281,732200,0.0,0.0
2024-12-02 00:00:00-05:00,461.9310071752099,462.528693867892,457.0995037350017,461.1838684082031,1318600,0.0,0.0
2024-12-03 00:00:00-05:00,462.23980558919527,463.7639674034008,457.1991119865991,457.4979553222656,1166100,0.0,0.0
2024-12-04 00:00:00-05:00,457.2489158387471,460.4666043390647,451.5706491678698,454.5193786621094,1056400,0.0,0.0
2024-12-05 00:00:00-05:00,456.2328311154372,456.62132746864893,446.22115332035617,446.4104309082031,1159700,0.0,0.0
2024-12-06 00:00:00-05:00,444.7966149132531,447.2472215693209,441.2800829811609,442.30615234375,1129900,0.0,0.0
2024-12-09 00:00:00-05:00,443.302316194593,451.5208422813467,442.42566854782143,447.69549560546875,1209100,0.0,0.0
2024-12-10 00:00:00-05:00,445.4242163010453,446.9782625121697,439.31759721704094,442.26629638671875,1215300,0.0,0.0
2024-12-11 00:00:00-05:00,446.25103001646846,448.044181280984,444.37819732740184,446.3207702636719,1677400,0.0,0.0
2024-12-12 00:00:00-05:00,445.9223076357998,445.9223076357998,436.78727757940965,437.80340576171875,867000,0.0,0.0
2024-12-13 00:00:00-05:00,438.32141126406543,440.4333186541531,435.35276894336147,438.7597351074219,900700,0.0,0.0
2024-12-16 00:00:00-05:00,438.650123100587,439.7160483357516,434.3366554720622,436.7474365234375,956800,0.0,0.0
2024-12-17 00:00:00-05:00,434.9044972501191,443.24256092228296,433.3404794876454,441.897705078125,1357100,0.0,0.0
2024-12-18 00:00:00-05:00,441.5092113333636,443.6111471249586,422.89051094878585,424.37481689453125,1423600,0.0,0.0
2024-12-19 00:00:00-05:00,426.4369197189904,429.41550313693824,420.3601851462735,425.0024108886719,1757200,0.0,0.0
2024-12-20 00:00:00-05:00,424.38479778329423,434.8347691039521,424.11580836628474,430.8400573730469,2446400,0.0,0.0
2024-12-23 00:00:00-05:00,430.97951499629136,430.97951499629136,425.37098866562565,430.73046875,1093900,0.0,0.0
2024-12-24 00:00:00-05:00,428.9672171625924,431.9358594686352,427.07447170353066,431.188720703125,383200,0.0,0.0
2024-12-26 00:00:00-05:00,430.14273887259367,433.7887796988016,428.7978830135667,432.1849060058594,444900,0.0,0.0
2024-12-27 00:00:00-05:00,430.68064049131146,433.50983259714604,425.46064090673116,428.4193115234375,735300,0.0,0.0
2024-12-30 00:00:00-05:00,425.6100762503621,426.2675620086634,420.12111748830273,423.02001953125,792500,0.0,0.0
2024-12-31 00:00:00-05:00,425.5,427.79998779296875,421.4599914550781,423.70001220703125,772700,1.62,0.0
2025-01-02 00:00:00-05:00,426.0799865722656,428.8399963378906,417.8800048828125,418.17999267578125,1005300,0.0,0.0
2025-01-03 00:00:00-05:00,419.8299865722656,422.94000244140625,416.67999267578125,422.2200012207031,875100,0.0,0.0
2025-01-06 00:00:00-05:00,424.0,429.1000061035156,417.8800048828125,418.0,1077900,0.0,0.0
2025-01-07 00:00:00-05:00,417.8500061035156,420.1000061035156,412.3500061035156,413.2699890136719,1223400,0.0,0.0
2025-01-08 00:00:00-05:00,411.0799865722656,411.9700012207031,408.2099914550781,410.0,878000,0.0,0.0
2025-01-10 00:00:00-05:00,405.8900146484375,411.3900146484375,403.010009765625,408.57000732421875,1699200,0.0,0.0
2025-01-13 00:00:00-05:00,408.010009765625,432.2699890136719,406.0799865722656,429.9100036621094,1988700,0.0,0.0
2025-01-14 00:00:00-05:00,430.70001220703125,433.44000244140625,427.3599853515625,432.30999755859375,1224700,0.0,0.0
2025-01-15 00:00:00-05:00,437.9800109863281,438.0,426.45001220703125,428.8800048828125,1432100,0.0,0.0
2025-01-16 00:00:00-05:00,431.8900146484375,439.79998779296875,428.510009765625,439.1099853515625,1179043,0.0,0.0
