Date,Open,High,Low,Close,Volume,Dividends,Stock Splits
2022-01-03 00:00:00-05:00,12.627176284790039,13.301910691928935,12.097027493733433,12.627176284790039,175260,0.0,0.0
2022-01-04 00:00:00-05:00,12.5789807115625,12.5789807115625,11.422293030795897,11.615074157714844,244070,0.0,0.0
2022-01-05 00:00:00-05:00,11.422292709350586,12.57898035756577,11.378916842107888,11.422292709350586,203730,0.0,0.0
2022-01-06 00:00:00-05:00,11.422292419211086,12.193416885598486,11.215052374149643,11.807854652404785,166360,0.0,0.0
2022-01-07 00:00:00-05:00,12.097027121358714,12.434393854916763,11.8078549788426,12.000636100769043,144100,0.0,0.0
2022-01-10 00:00:00-05:00,11.831951945431891,12.09702678505788,11.470487007148805,11.66326904296875,177110,0.0,0.0
2022-01-11 00:00:00-05:00,11.80785500527478,12.578980413959632,11.422292760558806,12.434393882751465,247770,0.0,0.0
2022-01-12 00:00:00-05:00,12.868152917732726,13.446496301013848,12.530785254712375,12.771761894226074,178330,0.0,0.0
2022-01-13 00:00:00-05:00,12.38619892144821,12.71874600285795,11.711463634479923,11.807854652404785,158350,0.0,0.0
2022-01-14 00:00:00-05:00,11.952440260039205,12.289807903523348,11.663269044770367,11.807854652404785,70400,0.0,0.0
2022-01-18 00:00:00-05:00,11.374097491010819,12.386199553888373,11.277706468164224,11.470487594604492,163660,0.0,0.0
2022-01-19 00:00:00-05:00,11.566878025058777,12.000635767147907,11.253608595730677,11.66326904296875,190430,0.0,0.0
2022-01-20 00:00:00-05:00,12.241613073194983,12.62717624701589,11.856050818627002,11.90424633026123,156160,0.0,0.0
2022-01-21 00:00:00-05:00,11.80785526710197,12.048831905206093,11.133120864261013,11.181316375732422,161920,0.0,0.0
2022-01-24 00:00:00-05:00,11.017451534517255,11.133120203633224,10.506580430188972,10.940339088439941,333960,0.0,0.0
2022-01-25 00:00:00-05:00,10.699362753768865,10.940339384085705,10.602971733940972,10.843948364257812,349170,0.0,0.0
2022-01-26 00:00:00-05:00,11.084924653257401,11.205412964705852,10.651166915893555,10.651166915893555,282060,0.0,0.0
2022-01-27 00:00:00-05:00,11.422292765297357,12.53078490875532,10.892143989153283,12.145222663879395,3896100,0.0,0.0
2022-01-28 00:00:00-05:00,11.277706004981617,11.61507365183587,9.78365072773874,9.831846237182617,808750,0.0,0.0
2022-01-31 00:00:00-05:00,10.154754990680972,10.265604019309691,9.880041780925932,10.121018409729004,358940,0.0,0.0
2022-02-01 00:00:00-05:00,10.265603767706795,10.988533636397495,10.03426643034646,10.651166915893555,223640,0.0,0.0
2022-02-02 00:00:00-05:00,10.74755731152408,10.89214384082324,10.313799562132385,10.554776191711426,204150,0.0,0.0
2022-02-03 00:00:00-05:00,10.265603683689948,10.699362336756646,10.072822570800781,10.072822570800781,311490,0.0,0.0
2022-02-04 00:00:00-05:00,10.313799317651421,11.22951030449495,10.1210182024085,11.084924697875977,388030,0.0,0.0
2022-02-07 00:00:00-05:00,10.89214384082324,11.27770608044855,10.554776191711426,10.554776191711426,369010,0.0,0.0
2022-02-08 00:00:00-05:00,10.699363071705227,11.133120835314266,10.361995411535462,11.03672981262207,307350,0.0,0.0
2022-02-09 00:00:00-05:00,11.133120563926305,11.952440559826027,11.133120563926305,11.711463928222656,574160,0.0,0.0
2022-02-10 00:00:00-05:00,11.422293030795897,12.000636411552737,11.37409751925293,11.615074157714844,138380,0.0,0.0
2022-02-11 00:00:00-05:00,11.422292709350586,11.90424597271132,11.30662311720146,11.422292709350586,158460,0.0,0.0
2022-02-14 00:00:00-05:00,11.229510637658986,11.4704872686753,10.988534006642674,11.1331205368042,206940,0.0,0.0
2022-02-15 00:00:00-05:00,11.422292734989718,12.048831611063878,11.277706204105211,12.000636100769043,249220,0.0,0.0
2022-02-16 00:00:00-05:00,12.000635808043944,12.530784569849699,11.711463672581452,12.241612434387207,334420,0.0,0.0
2022-02-17 00:00:00-05:00,12.193417532312644,12.386199578387137,11.663269663366556,11.759659767150879,216740,0.0,0.0
2022-02-18 00:00:00-05:00,11.663269595871562,11.759659699098078,10.506581003130014,10.747557640075684,214600,0.0,0.0
2022-02-22 00:00:00-05:00,10.458385755755709,10.964436293928172,10.12101811747216,10.217409133911133,197970,0.0,0.0
2022-02-23 00:00:00-05:00,10.410190880392035,10.795753131081293,10.313799858093262,10.313799858093262,232500,0.0,0.0
2022-02-24 00:00:00-05:00,9.735455894008716,10.361994743347168,9.590869369294015,10.361994743347168,226390,0.0,0.0
2022-02-25 00:00:00-05:00,10.265604376059297,10.60297203580893,10.0728232501679,10.458386421203613,98330,0.0,0.0
2022-02-28 00:00:00-05:00,10.169213582178196,10.578874021411634,9.80774865095802,9.928236961364746,531750,0.0,0.0
2022-03-01 00:00:00-05:00,9.976432800148316,10.964436610539755,9.928237290537124,10.121018409729004,328700,0.0,0.0
2022-03-02 00:00:00-05:00,10.361994699760961,10.371633985218633,9.590869328951435,10.072822570800781,338680,0.0,0.0
2022-03-03 00:00:00-05:00,10.313799809651014,10.313799809651014,9.590869903564453,9.590869903564453,232140,0.0,0.0
2022-03-04 00:00:00-05:00,9.639065361832856,9.928237506538421,8.8197444383759,8.867939949035645,289870,0.0,0.0
2022-03-07 00:00:00-05:00,8.723354648655617,9.108916909233116,8.482378005981445,8.482378005981445,204690,0.0,0.0
2022-03-08 00:00:00-05:00,8.482377455742643,8.530572965001697,7.711252065356425,7.7594475746154785,614300,0.0,0.0
2022-03-09 00:00:00-05:00,8.193205210073256,8.578767440493202,8.048619603478992,8.241400718688965,320780,0.0,0.0
2022-03-10 00:00:00-05:00,8.000424201657868,8.000424201657868,7.470275438314037,7.7594475746154785,239210,0.0,0.0
2022-03-11 00:00:00-05:00,7.711251984916269,7.899213457887685,6.940126602574068,7.03651762008667,329160,0.0,0.0
2022-03-14 00:00:00-04:00,6.602759834186062,6.867834229714365,5.952123182936369,6.3135881423950195,384590,0.0,0.0
2022-03-15 00:00:00-04:00,6.361782913719052,7.0365177506996215,6.361782913719052,6.843736171722412,275560,0.0,0.0
2022-03-16 00:00:00-04:00,7.855837779875096,11.036729483603176,7.663056659490675,10.988533973693848,838920,0.0,0.0
2022-03-17 00:00:00-04:00,9.831846200981879,10.53067878721279,9.446283965356269,9.54267406463623,286660,0.0,0.0
2022-03-18 00:00:00-04:00,9.542674501222056,11.229510967950908,9.542674501222056,11.181316375732422,464990,0.0,0.0
2022-03-21 00:00:00-04:00,10.410190614562532,11.181316015502885,10.169213984221978,10.699362754821777,564330,0.0,0.0
2022-03-22 00:00:00-04:00,11.470486931239332,11.711463555166652,10.892143585365483,11.229510307312012,236370,0.0,0.0
2022-03-23 00:00:00-04:00,11.084925025302937,11.962079815007314,10.747557374222994,11.277706146240234,259910,0.0,0.0
2022-03-24 00:00:00-04:00,11.084924736913186,11.518682477550518,10.602971487482177,11.374096870422363,221020,0.0,0.0
2022-03-25 00:00:00-04:00,10.795752478985547,10.940339003700247,10.169213629647096,10.361994743347168,272650,0.0,0.0
2022-03-28 00:00:00-04:00,10.602971369296132,11.084924613355046,10.31379923901021,10.506580352783203,67840,0.0,0.0
2022-03-29 00:00:00-04:00,10.892143620991355,11.615073495137867,10.795752603404006,11.374096870422363,314440,0.0,0.0
2022-03-30 00:00:00-04:00,10.419829578533218,11.229510259294395,10.410190292996655,10.651166915893555,260260,0.0,0.0
2022-03-31 00:00:00-04:00,10.506580957337647,10.602971979396965,10.024627685546875,10.024627685546875,167620,0.0,0.0
2022-04-01 00:00:00-04:00,10.988533588411485,11.133120113069948,10.12101811747216,10.217409133911133,176970,0.0,0.0
2022-04-04 00:00:00-04:00,10.651167273380793,11.42229267638288,10.651167273380793,11.277706146240234,312210,0.0,0.0
2022-04-05 00:00:00-04:00,11.08492465674749,11.128300522422817,10.747557016884462,10.79575252532959,142610,0.0,0.0
2022-04-06 00:00:00-04:00,10.660806204786672,10.892143542219845,10.313799279384048,10.79575252532959,154250,0.0,0.0
2022-04-07 00:00:00-04:00,10.4583860579061,10.651167177100776,9.880041781069188,9.976432800292969,159680,0.0,0.0
2022-04-08 00:00:00-04:00,10.072822900263864,10.289702233890926,9.639065152262623,9.976432800292969,151340,0.0,0.0
2022-04-11 00:00:00-04:00,10.554775852941823,10.554775852941823,10.00052980654987,10.217409133911133,146330,0.0,0.0
2022-04-12 00:00:00-04:00,10.458386370218493,10.578874688219846,9.783651054008592,9.88004207611084,79510,0.0,0.0
2022-04-13 00:00:00-04:00,9.928237003847071,10.337897444833422,9.807748692924783,10.217409133911133,111590,0.0,0.0
2022-04-14 00:00:00-04:00,10.121018374219707,10.217409393103905,9.470381294883577,9.687260627746582,169490,0.0,0.0
2022-04-18 00:00:00-04:00,9.35953283880538,9.494480089642199,8.964331291876123,9.060721397399902,129090,0.0,0.0
2022-04-19 00:00:00-04:00,9.060720773583634,9.301697399681633,8.747451343506809,9.108916282653809,178290,0.0,0.0
2022-04-20 00:00:00-04:00,9.205307257268839,9.253502766111131,8.482377382393059,8.530572891235352,74470,0.0,0.0
2022-04-21 00:00:00-04:00,8.723354445422295,8.81974454869454,7.952229022979736,7.952229022979736,156180,0.0,0.0
2022-04-22 00:00:00-04:00,7.8076429437209125,8.434181795083083,7.759447435327008,8.096814155578613,110720,0.0,0.0
2022-04-25 00:00:00-04:00,7.7594477208783035,8.048619862630536,7.663056700543259,7.855837821960449,120610,0.0,0.0
2022-04-26 00:00:00-04:00,7.904033124480179,7.904033124480179,7.229298757619592,7.325689315795898,102470,0.0,0.0
2022-04-27 00:00:00-04:00,7.470275420535661,7.855837655184738,7.3256893527290385,7.614861488342285,115550,0.0,0.0
2022-04-28 00:00:00-04:00,7.807643231045825,7.904033332127971,7.325689508249952,7.855837821960449,57470,0.0,0.0
2022-04-29 00:00:00-04:00,8.675158498509358,9.108916239584252,8.530572891235352,8.530572891235352,120380,0.0,0.0
2022-05-02 00:00:00-04:00,8.434181875652737,8.819744107981428,8.289596268342697,8.675158500671387,112280,0.0,0.0
2022-05-03 00:00:00-04:00,8.626963292864353,8.892038141186665,8.241401047081048,8.289596557617188,61870,0.0,0.0
2022-05-04 00:00:00-04:00,8.193205867255667,8.771550178527832,7.952229224101089,8.771550178527832,56270,0.0,0.0
2022-05-05 00:00:00-04:00,8.337791148900422,8.675158803400493,7.952228903117118,8.289596557617188,77130,0.0,0.0
2022-05-06 00:00:00-04:00,8.000424513891335,8.04380038199203,7.422080218717344,7.5184712409973145,51930,0.0,0.0
2022-05-09 00:00:00-04:00,7.277494223886354,7.373884781497965,6.819638270884942,6.891931533813477,80870,0.0,0.0
2022-05-10 00:00:00-04:00,7.2292988875816615,7.2292988875816615,6.458173489055706,6.9883222579956055,105210,0.0,0.0
2022-05-11 00:00:00-04:00,7.084712763554119,7.181103322723788,6.361782880341934,6.40997838973999,64600,0.0,0.0
2022-05-12 00:00:00-04:00,6.4099785658377035,6.747345762013066,6.169001931480094,6.6509552001953125,142320,0.0,0.0
2022-05-13 00:00:00-04:00,6.9401269091483,7.373885128236603,6.795541295745321,7.084712982177734,143930,0.0,0.0
2022-05-16 00:00:00-04:00,6.891931714122059,7.61486160456228,6.891931714122059,7.132908344268799,76740,0.0,0.0
2022-05-17 00:00:00-04:00,7.5666659410498855,7.952228633381551,7.036517641266977,7.325689315795898,273630,0.0,0.0
2022-05-18 00:00:00-04:00,7.132908292330827,7.566666039585991,6.554564476115125,6.699150085449219,127360,0.0,0.0
2022-05-19 00:00:00-04:00,6.699150118641762,7.27749439734945,6.699150118641762,6.9883222579956055,51980,0.0,0.0
2022-05-20 00:00:00-04:00,7.13290829221989,7.13290829221989,6.361782897526653,6.554564476013184,98730,0.0,0.0
2022-05-23 00:00:00-04:00,6.6509551714801525,6.6509551714801525,6.2653924662473335,6.361783027648926,69830,0.0,0.0
2022-05-24 00:00:00-04:00,6.265392422676086,6.265392422676086,5.735243649214453,5.7834391593933105,109790,0.0,0.0
2022-05-25 00:00:00-04:00,5.831634684685432,6.024415806647575,5.6870486134006,5.928025245666504,59000,0.0,0.0
2022-05-26 00:00:00-04:00,6.024415819017745,6.602759645718158,5.90392750263739,6.217196941375732,85640,0.0,0.0
2022-05-27 00:00:00-04:00,6.265392284924849,6.265392284924849,5.87982959085034,6.1208062171936035,106470,0.0,0.0
2022-05-31 00:00:00-04:00,6.506369084539164,6.554564594941887,6.072611329420467,6.217196941375732,223630,0.0,0.0
2022-06-01 00:00:00-04:00,6.265392608642578,6.506369247436524,5.976220458239259,6.024415969848633,209700,0.0,0.0
2022-06-02 00:00:00-04:00,5.976220149462358,6.217196775805621,5.976220149462358,6.1208062171936035,104540,0.0,0.0
2022-06-03 00:00:00-04:00,6.024415806647575,6.120806367628646,5.879829735362743,5.928025245666504,66940,0.0,0.0
2022-06-06 00:00:00-04:00,6.45817356087562,6.554564581483142,5.879829735362743,5.928025245666504,216090,0.0,0.0
2022-06-07 00:00:00-04:00,5.9280250999695685,6.217196775805621,5.87982959085034,6.1208062171936035,168600,0.0,0.0
2022-06-08 00:00:00-04:00,6.409978710129154,7.422080321438096,6.313588146141607,6.602759838104248,506220,0.0,0.0
2022-06-09 00:00:00-04:00,6.409978352656095,6.59793982704292,6.024415658581586,6.1208062171936035,218420,0.0,0.0
2022-06-10 00:00:00-04:00,6.120806382735963,6.3135879648003765,5.783439188656302,6.072611331939697,1186290,0.0,0.0
2022-06-13 00:00:00-04:00,5.928025039050265,5.928025039050265,5.494266840314041,5.542462348937988,186550,0.0,0.0
2022-06-14 00:00:00-04:00,5.638853245235246,6.024415958504848,5.5424626818244604,5.8798298835754395,96500,0.0,0.0
2022-06-15 00:00:00-04:00,6.120806382735963,6.169001893158679,5.928025260298,6.072611331939697,74980,0.0,0.0
2022-06-16 00:00:00-04:00,5.831634501965771,5.9762201090939255,5.494266859662917,5.687048435211182,148740,0.0,0.0
2022-06-17 00:00:00-04:00,5.8798298835754395,6.169002033434257,5.855732127816128,5.8798298835754395,292480,0.0,0.0
2022-06-21 00:00:00-04:00,6.072611167700814,6.361782843536867,6.024415658581586,6.1208062171936035,63600,0.0,0.0
2022-06-22 00:00:00-04:00,5.928025245666504,6.120806367628646,5.879829735362743,5.928025245666504,39140,0.0,0.0
2022-06-23 00:00:00-04:00,6.0244156178876,6.0726111266812755,5.687048435211182,5.687048435211182,158640,0.0,0.0
2022-06-24 00:00:00-04:00,5.783439320164654,6.072611470023472,5.687048756753869,5.8798298835754395,148260,0.0,0.0
2022-06-27 00:00:00-04:00,6.072611331939697,6.26539245437766,5.903927505086641,6.072611331939697,123120,0.0,0.0
2022-06-28 00:00:00-04:00,6.024415821516981,6.361783015596642,6.024415821516981,6.072611331939697,82070,0.0,0.0
2022-06-29 00:00:00-04:00,5.928025079767911,6.096708441857489,5.735243503574402,5.831634521484375,106580,0.0,0.0
2022-06-30 00:00:00-04:00,5.735243649214453,5.831634669572168,5.542462527751923,5.7834391593933105,181580,0.0,0.0
2022-07-01 00:00:00-04:00,5.735243678233585,6.169001893158679,5.735243678233585,6.072611331939697,79020,0.0,0.0
2022-07-05 00:00:00-04:00,5.9280250999695685,6.169001726312832,5.87982959085034,6.1208062171936035,52080,0.0,0.0
2022-07-06 00:00:00-04:00,5.976220458239259,6.120806533440919,5.879829894646973,6.024415969848633,96810,0.0,0.0
2022-07-07 00:00:00-04:00,6.024415832930129,6.506369099564539,5.976220322416107,6.361783027648926,85990,0.0,0.0
2022-07-08 00:00:00-04:00,6.361783194546962,6.506369270255715,6.07261150275592,6.3135881423950195,46040,0.0,0.0
2022-07-11 00:00:00-04:00,6.072611148859802,6.12080619820306,5.879829572607456,5.97622013092041,81650,0.0,0.0
2022-07-12 00:00:00-04:00,6.120806367628646,6.120806367628646,5.735243664077911,5.928025245666504,56340,0.0,0.0
2022-07-13 00:00:00-04:00,5.831634521484375,5.97622012909646,5.687048454245853,5.831634521484375,63370,0.0,0.0
2022-07-14 00:00:00-04:00,5.735243790932242,5.78343930230201,5.446072101593018,5.446072101593018,113990,0.0,0.0
2022-07-15 00:00:00-04:00,5.446072113078446,5.638853239711159,5.397876601607037,5.590658187866211,50640,0.0,0.0
2022-07-18 00:00:00-04:00,5.783439174381671,6.120806367628646,5.63885310309684,5.928025245666504,149290,0.0,0.0
2022-07-19 00:00:00-04:00,6.072611167700814,6.409978352656095,5.831634541357551,6.1208062171936035,136310,0.0,0.0
2022-07-20 00:00:00-04:00,6.120806533440919,6.217197097033204,5.9280254062563476,6.024415969848633,56610,0.0,0.0
2022-07-21 00:00:00-04:00,5.976220308615023,6.217196941375732,5.976220308615023,6.217196941375732,52740,0.0,0.0
2022-07-22 00:00:00-04:00,6.024415806647575,6.2412946837615975,5.831634684685432,5.928025245666504,64260,0.0,0.0
2022-07-25 00:00:00-04:00,5.8798298719456765,5.976220435165811,5.662950989793761,5.735243797302246,67410,0.0,0.0
2022-07-26 00:00:00-04:00,5.783438993172096,5.807536747568934,5.590657877250267,5.687048435211182,119750,0.0,0.0
2022-07-27 00:00:00-04:00,5.687048751182568,5.735243803027515,5.494267164923394,5.590658187866211,127960,0.0,0.0
2022-07-28 00:00:00-04:00,5.542462496756253,5.542462496756253,5.3978764266547135,5.494266986846924,212040,0.0,0.0
2022-07-29 00:00:00-04:00,5.3978764266547135,5.494266986846924,5.349681376371831,5.494266986846924,159840,0.0,0.0
2022-08-01 00:00:00-04:00,5.349681538479943,5.542462664706092,5.349681538479943,5.446072101593018,68230,0.0,0.0
2022-08-02 00:00:00-04:00,5.446071791316528,5.638852906559449,5.349681233695066,5.542462348937988,121610,0.0,0.0
2022-08-03 00:00:00-04:00,5.494266859662917,5.7352434843784215,5.446071810495678,5.687048435211182,67350,0.0,0.0
2022-08-04 00:00:00-04:00,5.735243633588767,5.75934138861254,5.542462512651468,5.638853073120117,55760,0.0,0.0
2022-08-05 00:00:00-04:00,5.542462512651468,5.638853073120117,5.397876442135271,5.638853073120117,107600,0.0,0.0
2022-08-08 00:00:00-04:00,5.590658022699016,5.783439143636315,5.49426700260392,5.638853073120117,75770,0.0,0.0
2022-08-09 00:00:00-04:00,5.542462496756253,5.614755301993799,5.3978764266547135,5.494266986846924,92490,0.0,0.0
2022-08-10 00:00:00-04:00,5.494267159438682,5.735243797302246,5.397876596218548,5.735243797302246,77810,0.0,0.0
2022-08-11 00:00:00-04:00,5.687048745505409,6.120806509809241,5.638853234082112,5.735243797302246,156570,0.0,0.0
2022-08-12 00:00:00-04:00,5.590658203870117,6.024415969848633,5.5424626922607425,6.024415969848633,88740,0.0,0.0
2022-08-15 00:00:00-04:00,6.747345594873272,7.18110334212169,6.409978407054896,6.554564476013184,613730,0.0,0.0
2022-08-16 00:00:00-04:00,6.5063690872383395,6.5063690872383395,6.072611331939697,6.072611331939697,133550,0.0,0.0
2022-08-17 00:00:00-04:00,5.976220479199108,6.361783194546962,5.87982991526876,6.3135881423950195,135970,0.0,0.0
2022-08-18 00:00:00-04:00,6.2653924662473335,6.409978538162948,6.169001904845742,6.361783027648926,31270,0.0,0.0
2022-08-19 00:00:00-04:00,6.361783183652382,6.361783183652382,6.120806544425956,6.169002056121826,27040,0.0,0.0
2022-08-22 00:00:00-04:00,6.072611316951336,6.120806367628646,5.879829735362743,5.928025245666504,31190,0.0,0.0
2022-08-23 00:00:00-04:00,5.8798298835754395,6.169002033434257,5.831634831683278,5.8798298835754395,23940,0.0,0.0
2022-08-24 00:00:00-04:00,5.8316345232641975,6.169001707172756,5.8316345232641975,5.97622013092041,37130,0.0,0.0
2022-08-25 00:00:00-04:00,6.169002066686267,6.506369270255715,5.976220479199108,6.3135881423950195,143110,0.0,0.0
2022-08-26 00:00:00-04:00,6.699150386644088,6.747345898339958,6.169002056121826,6.169002056121826,169000,0.0,0.0
2022-08-29 00:00:00-04:00,6.12080640783848,6.699150237150712,6.024415846224184,6.506369113922119,84060,0.0,0.0
2022-08-30 00:00:00-04:00,6.554564476013184,6.747345594873272,6.361782897526653,6.554564476013184,192800,0.0,0.0
2022-08-31 00:00:00-04:00,6.506369161605836,7.325689630771649,6.506369161605836,7.229299068450928,262230,0.0,0.0
2022-09-01 00:00:00-04:00,7.18110324871822,7.51847089177495,7.036517641266977,7.325689315795898,147120,0.0,0.0
2022-09-02 00:00:00-04:00,7.373884843645101,7.663056518917074,7.229298776195895,7.470275402069092,118730,0.0,0.0
2022-09-06 00:00:00-04:00,7.42208002466902,7.470275534548946,6.843736204242132,7.132908344268799,117990,0.0,0.0
2022-09-07 00:00:00-04:00,6.988322456963308,7.566666292510842,6.896751537349085,7.5184712409973145,94220,0.0,0.0
2022-09-08 00:00:00-04:00,7.181103284922416,7.807643065293262,7.084712726260146,7.614861488342285,132540,0.0,0.0
2022-09-09 00:00:00-04:00,7.75944787265381,7.952228997841817,7.614861798949577,7.66305685043335,73120,0.0,0.0
2022-09-12 00:00:00-04:00,7.807643217029788,7.8558378078578945,7.566666126251221,7.566666126251221,69000,0.0,0.0
2022-09-13 00:00:00-04:00,7.229299045338217,7.446177924773073,6.747345775649003,6.795541286468506,58340,0.0,0.0
2022-09-14 00:00:00-04:00,6.8437360251944535,7.060614894727187,6.795540976201865,6.891931533813477,26910,0.0,0.0
2022-09-15 00:00:00-04:00,6.843736466782117,6.940127030613267,6.458173751831055,6.458173751831055,26350,0.0,0.0
2022-09-16 00:00:00-04:00,6.458173402148885,6.458173402148885,5.9280250999695685,6.1208062171936035,116310,0.0,0.0
2022-09-19 00:00:00-04:00,5.8316345232641975,6.072611148859802,5.8316345232641975,5.97622013092041,35630,0.0,0.0
2022-09-20 00:00:00-04:00,5.976220149462358,6.409978352656095,5.831634541357551,6.1208062171936035,90780,0.0,0.0
2022-09-21 00:00:00-04:00,6.024415639890106,6.217196756516015,5.928025081577152,5.97622013092041,34870,0.0,0.0
2022-09-22 00:00:00-04:00,5.97622012909646,6.096708441857489,5.735243503574402,5.831634521484375,44300,0.0,0.0
2022-09-23 00:00:00-04:00,5.735243633588767,5.903927459128738,5.34968139171417,5.638853073120117,134450,0.0,0.0
2022-09-26 00:00:00-04:00,5.63885286356402,5.735243420450517,5.060509062618608,5.253290176391602,167160,0.0,0.0
2022-09-27 00:00:00-04:00,5.349681192904529,5.4460717497910265,5.2050951277615685,5.253290176391602,55030,0.0,0.0
2022-09-28 00:00:00-04:00,5.156899929046631,5.349681514017718,5.108704877523703,5.156899929046631,71400,0.0,0.0
2022-09-29 00:00:00-04:00,5.060509358377386,5.132802165360766,4.819532722264178,4.867728233337402,115280,0.0,0.0
2022-09-30 00:00:00-04:00,4.867727902203842,5.0605090141296385,4.81953239440918,4.81953239440918,49930,0.0,0.0
2022-10-03 00:00:00-04:00,4.964118501923536,5.108704566955566,4.867727945110992,5.108704566955566,39470,0.0,0.0
2022-10-04 00:00:00-04:00,5.205095474974324,5.590658187866211,5.171358433093753,5.590658187866211,97410,0.0,0.0
2022-10-05 00:00:00-04:00,5.590657836818872,5.590657836818872,5.205095148137151,5.397876262664795,33150,0.0,0.0
2022-10-06 00:00:00-04:00,5.3496812138461,5.484627994015451,5.253290196955846,5.397876262664795,11410,0.0,0.0
2022-10-07 00:00:00-04:00,5.253290176391602,5.301485684648066,5.060509062618608,5.253290176391602,50360,0.0,0.0
2022-10-10 00:00:00-04:00,5.060509358377386,5.060509358377386,4.84363047780079,4.867728233337402,46460,0.0,0.0
2022-10-11 00:00:00-04:00,4.819532629606989,4.906284364020379,4.530360487979991,4.59783411026001,93830,0.0,0.0
2022-10-12 00:00:00-04:00,4.72314211922339,4.819532680916428,4.361677168154658,4.433969974517822,102700,0.0,0.0
2022-10-13 00:00:00-04:00,4.33757945003776,4.964118795857394,4.33757945003776,4.867728233337402,50650,0.0,0.0
2022-10-14 00:00:00-04:00,4.771337173599265,4.964118756746847,4.703864010180096,4.805074214935303,49830,0.0,0.0
2022-10-17 00:00:00-04:00,4.915923151775317,5.494266970873628,4.915923151775317,5.205095291137695,67700,0.0,0.0
2022-10-18 00:00:00-04:00,5.301485866462502,5.494266986846924,5.2532903565531734,5.494266986846924,45150,0.0,0.0
2022-10-19 00:00:00-04:00,5.4460717497910265,5.4460717497910265,5.156899619505105,5.253290176391602,117640,0.0,0.0
2022-10-20 00:00:00-04:00,5.205095101495823,5.34968116590918,4.964118480682373,4.964118480682373,39820,0.0,0.0
2022-10-21 00:00:00-04:00,4.915922993704048,5.2050951237681105,4.915922993704048,5.108704566955566,56010,0.0,0.0
2022-10-24 00:00:00-04:00,4.867727948845614,5.301485684648066,4.646029438193456,5.253290176391602,183850,0.0,0.0
2022-10-25 00:00:00-04:00,5.494266745775894,5.494266745775894,4.385774662762924,4.81953239440918,404510,0.0,0.0
2022-10-26 00:00:00-04:00,4.867728068773873,4.964118628035186,4.737600469051272,4.915923118591309,152800,0.0,0.0
2022-10-27 00:00:00-04:00,4.80507430117362,4.843630526569827,4.7327810338358836,4.776156902313232,100330,0.0,0.0
2022-10-28 00:00:00-04:00,4.674946412603947,4.819532478896117,4.597833966481838,4.790615081787109,42060,0.0,0.0
2022-10-31 00:00:00-04:00,4.626751282483383,4.81953239440918,4.626751282483383,4.81953239440918,55300,0.0,0.0
2022-11-01 00:00:00-04:00,4.819532581828971,5.205095280300578,4.674946512448813,4.761698246002197,321500,0.0,0.0
2022-11-02 00:00:00-04:00,4.708683369958453,5.012313506334976,4.626751282483383,4.81953239440918,85970,0.0,0.0
2022-11-03 00:00:00-04:00,4.674946349996336,4.819532414352187,4.631570484726938,4.737600326538086,20080,0.0,0.0
2022-11-04 00:00:00-04:00,5.01231367785262,5.060509187296497,4.674946490624809,4.915923118591309,219710,0.0,0.0
2022-11-07 00:00:00-05:00,4.819532747619176,4.915923310646267,4.77615687935037,4.785796165466309,55810,0.0,0.0
2022-11-08 00:00:00-05:00,4.795434849832387,4.819532604781584,4.723142044611241,4.752058982849121,16210,0.0,0.0
2022-11-09 00:00:00-05:00,4.723142093625619,4.819532654796254,4.482165460885806,4.515902042388916,52420,0.0,0.0
2022-11-10 00:00:00-05:00,4.674946721637248,4.771337285661699,4.6267516694382556,4.694224834442139,21830,0.0,0.0
2022-11-11 00:00:00-05:00,4.819532591863339,5.301485851049673,4.583375605172383,5.205095291137695,168410,0.0,0.0
2022-11-14 00:00:00-05:00,5.3496812138461,5.4460717711099225,5.060509082428202,5.397876262664795,60680,0.0,0.0
2022-11-15 00:00:00-05:00,5.590658226795306,6.795541425705807,5.590658226795306,6.602759838104248,217560,0.0,0.0
2022-11-16 00:00:00-05:00,6.74734587352543,6.74734587352543,5.8798298835754395,5.8798298835754395,64930,0.0,0.0
2022-11-17 00:00:00-05:00,5.87982991526876,6.409978706325368,5.87982991526876,6.3135881423950195,67920,0.0,0.0
2022-11-18 00:00:00-05:00,6.361783027648926,6.361783027648926,6.169001904845742,6.361783027648926,52870,0.0,0.0
2022-11-21 00:00:00-05:00,6.1690020143807685,6.265392577493843,5.39787659022325,5.446072101593018,65570,0.0,0.0
2022-11-22 00:00:00-05:00,5.349681233695066,5.5906578575619355,5.229192921761632,5.542462348937988,47200,0.0,0.0
2022-11-23 00:00:00-05:00,5.638852945290867,5.831634521484375,5.397876319768809,5.831634521484375,49950,0.0,0.0
2022-11-25 00:00:00-05:00,5.831634481428805,5.831634481428805,5.349681233695066,5.542462348937988,16190,0.0,0.0
2022-11-28 00:00:00-05:00,5.446071791316528,5.783438972804857,5.446071791316528,5.542462348937988,40360,0.0,0.0
2022-11-29 00:00:00-05:00,5.831634501965771,5.9762201090939255,5.687048435211182,5.687048435211182,71520,0.0,0.0
2022-11-30 00:00:00-05:00,5.928025427047166,6.409978706325368,5.783439351338413,6.3135881423950195,153480,0.0,0.0
2022-12-01 00:00:00-05:00,6.265392438913477,6.395520040957761,5.831634684685432,5.928025245666504,78880,0.0,0.0
2022-12-02 00:00:00-05:00,5.783439081319947,6.602759525914984,5.783439081319947,6.554564476013184,91630,0.0,0.0
2022-12-05 00:00:00-05:00,6.747345886230469,6.891931961432129,6.024415969848633,6.024415969848633,63550,0.0,0.0
2022-12-06 00:00:00-05:00,6.1690018779324065,6.1690018779324065,5.879829735362743,5.928025245666504,41570,0.0,0.0
2022-12-07 00:00:00-05:00,5.783439012529389,5.961761660260539,5.783439012529389,5.831634521484375,24710,0.0,0.0
2022-12-08 00:00:00-05:00,6.07261150275592,6.6509553459644675,5.976220479199108,6.3135881423950195,136460,0.0,0.0
2022-12-09 00:00:00-05:00,6.458173518511337,7.9040333026222145,6.361782958162569,7.277494430541992,373610,0.0,0.0
2022-12-12 00:00:00-05:00,6.940126842536982,6.988322352959698,6.024415821516981,6.072611331939697,201860,0.0,0.0
2022-12-13 00:00:00-05:00,6.409978706325368,6.747345909894815,6.265392630616614,6.3135881423950195,154070,0.0,0.0
2022-12-14 00:00:00-05:00,6.169002066686267,6.55456478203412,6.169002066686267,6.3135881423950195,83080,0.0,0.0
2022-12-15 00:00:00-05:00,6.16900168464219,6.361782800564019,5.687048435211182,5.687048435211182,144580,0.0,0.0
2022-12-16 00:00:00-05:00,5.735243678233585,6.458173576815623,5.687048627437321,6.072611331939697,353010,0.0,0.0
2022-12-19 00:00:00-05:00,6.1690019405965115,7.084712968658064,5.831634743922595,6.940126895904541,183230,0.0,0.0
2022-12-20 00:00:00-05:00,6.506369274116701,6.988322553680901,6.458173762309696,6.602759838104248,111770,0.0,0.0
2022-12-21 00:00:00-05:00,6.4581736388011555,7.4220801794954445,6.4581736388011555,7.084712982177734,124510,0.0,0.0
2022-12-22 00:00:00-05:00,7.229299055207169,7.277494566092465,6.843736347004162,7.084712982177734,166870,0.0,0.0
2022-12-23 00:00:00-05:00,7.181103692808262,7.181103692808262,6.699150412495587,6.747345924377441,55100,0.0,0.0
2022-12-27 00:00:00-05:00,6.843736044687902,7.084712669216535,6.506368862273102,7.03651762008667,145420,0.0,0.0
2022-12-28 00:00:00-05:00,7.084713113464263,7.132908625242669,6.265392630616614,6.3135881423950195,102630,0.0,0.0
2022-12-29 00:00:00-05:00,6.458173762309696,6.843736477886348,6.265392634334601,6.602759838104248,141730,0.0,0.0
2022-12-30 00:00:00-05:00,6.31358815594662,6.843736488514683,6.31358815594662,6.747345924377441,122980,0.0,0.0
2023-01-03 00:00:00-05:00,6.843736154303315,7.13290829221989,6.458173456956697,6.554564476013184,307640,0.0,0.0
2023-01-04 00:00:00-05:00,6.843736082873494,7.518470911094306,6.650954966025512,7.470275402069092,471520,0.0,0.0
2023-01-05 00:00:00-05:00,7.18110346452371,8.33779111665288,7.132908413800424,8.145009994506836,383090,0.0,0.0
2023-01-06 00:00:00-05:00,7.952228692398814,8.04861971091692,7.422079929054983,7.7594475746154785,205020,0.0,0.0
2023-01-09 00:00:00-05:00,8.193205210073256,8.675158457724622,8.096814192841833,8.241400718688965,285120,0.0,0.0
2023-01-10 00:00:00-05:00,8.241401363307272,8.57876811149935,7.952229208247679,8.482378005981445,171460,0.0,0.0
2023-01-11 00:00:00-05:00,8.699255752406044,8.964330590166018,8.120912406776123,8.241400718688965,194550,0.0,0.0
2023-01-12 00:00:00-05:00,8.193205660039728,8.21730295604456,7.614861823021039,7.952229022979736,210770,0.0,0.0
2023-01-13 00:00:00-05:00,8.145010020465042,8.771549818502601,8.096814509961707,8.578767776489258,207140,0.0,0.0
2023-01-17 00:00:00-05:00,8.578767911634548,8.62696342289713,7.83174070444974,7.952229022979736,180690,0.0,0.0
2023-01-18 00:00:00-05:00,8.193205319441201,8.337790927965482,7.397982634051896,7.7594475746154785,271660,0.0,0.0
2023-01-19 00:00:00-05:00,7.807643581594896,8.289596866403151,7.518471426859357,8.048620223999023,124310,0.0,0.0
2023-01-20 00:00:00-05:00,8.241401041471715,8.771549818502601,8.096814509961707,8.578767776489258,136850,0.0,0.0
2023-01-23 00:00:00-05:00,8.675158538097289,9.205307299276031,8.626963029035062,8.964330673217773,106200,0.0,0.0
2023-01-24 00:00:00-05:00,8.723354009525691,8.906495840068601,8.578767482962778,8.675158500671387,57510,0.0,0.0
2023-01-25 00:00:00-05:00,8.578767776489258,8.67515879749593,8.28959655197505,8.578767776489258,56600,0.0,0.0
2023-01-26 00:00:00-05:00,8.771550161575624,9.25350344695334,8.578768112022185,9.060721397399902,145930,0.0,0.0
2023-01-27 00:00:00-05:00,8.964331308624914,10.217410036798796,8.964331308624914,9.349893569946289,270210,0.0,0.0
2023-01-30 00:00:00-05:00,8.964330973736322,8.964330973736322,8.578767807565837,8.72335433959961,117810,0.0,0.0
2023-01-31 00:00:00-05:00,8.62696364108332,9.084819630778195,8.530573535373254,8.771550178527832,200340,0.0,0.0
2023-02-01 00:00:00-05:00,9.205307658662147,9.788470675249126,9.060721125830637,9.446284294128418,332300,0.0,0.0
2023-02-02 00:00:00-05:00,9.446284594903103,9.518577403994243,9.181209735898335,9.349893569946289,136440,0.0,0.0
2023-02-03 00:00:00-05:00,9.060721396847693,9.108916909233116,8.289596875692695,8.482378005981445,184890,0.0,0.0
2023-02-06 00:00:00-05:00,8.193205320386312,8.217302615392178,7.8799358890456475,7.904033184051514,144770,0.0,0.0
2023-02-07 00:00:00-05:00,8.0968144841571,8.313693821104463,7.71125223986501,8.145009994506836,191970,0.0,0.0
2023-02-08 00:00:00-05:00,7.952228842295493,8.09681445354516,7.68715445562702,7.855837821960449,122590,0.0,0.0
2023-02-09 00:00:00-05:00,8.145010154096257,8.24140117668437,7.735349686976157,7.807643413543701,165410,0.0,0.0
2023-02-10 00:00:00-05:00,7.566666111588299,7.711252181924676,7.2244792776303335,7.277494430541992,155090,0.0,0.0
2023-02-13 00:00:00-05:00,7.37388516265134,7.798004097691412,7.37388516265134,7.66305685043335,71060,0.0,0.0
2023-02-14 00:00:00-05:00,7.566666287839347,7.807643383764041,7.4220802141351125,7.66305685043335,109050,0.0,0.0
2023-02-15 00:00:00-05:00,7.518471260122334,7.952229022979736,7.325689674698465,7.952229022979736,69260,0.0,0.0
2023-02-16 00:00:00-05:00,7.711252196867782,7.831740512443841,7.475095208649053,7.566666126251221,93880,0.0,0.0
2023-02-17 00:00:00-05:00,7.470275534548946,7.470275534548946,7.132908344268799,7.132908344268799,87550,0.0,0.0
2023-02-21 00:00:00-05:00,6.901570660921471,7.036517907092779,6.602759689473209,6.6509552001953125,112940,0.0,0.0
2023-02-22 00:00:00-05:00,6.650955035443228,6.891931663831558,6.361782897526653,6.554564476013184,119870,0.0,0.0
2023-02-23 00:00:00-05:00,6.6027595080793295,6.771443331346083,6.313587830570321,6.40997838973999,61550,0.0,0.0
2023-02-24 00:00:00-05:00,6.265392451778455,6.361783012957448,6.072611329420467,6.217196941375732,77240,0.0,0.0
2023-02-27 00:00:00-05:00,6.361783027648926,6.554564610078561,6.2653924662473335,6.361783027648926,84760,0.0,0.0
2023-02-28 00:00:00-05:00,6.265392608642578,6.356963529148634,5.879829894646973,6.024415969848633,187810,0.0,0.0
2023-03-01 00:00:00-05:00,6.409978695348253,6.554564770809402,6.120806544425956,6.169002056121826,67910,0.0,0.0
2023-03-02 00:00:00-05:00,6.169001931480094,6.699150251290963,6.12080642075799,6.6509552001953125,54110,0.0,0.0
2023-03-03 00:00:00-05:00,6.699150412495587,7.036518076415632,6.602759848358346,6.747345924377441,124380,0.0,0.0
2023-03-06 00:00:00-05:00,6.747345576647055,6.795541086045111,6.313587830570321,6.40997838973999,90020,0.0,0.0
2023-03-07 00:00:00-05:00,6.217197108191233,6.458173747417661,6.024415980660677,6.169002056121826,101820,0.0,0.0
2023-03-08 00:00:00-05:00,6.169001744569519,6.265392303466797,6.024415676410381,6.265392303466797,80250,0.0,0.0
2023-03-09 00:00:00-05:00,6.169002021232538,6.217197073029374,5.687048745505409,5.735243797302246,101270,0.0,0.0
2023-03-10 00:00:00-05:00,5.687048583167666,5.9280252141525125,5.542462512651468,5.638853073120117,55710,0.0,0.0
2023-03-13 00:00:00-04:00,5.687048598662045,5.928025230303433,5.629214262223286,5.7834391593933105,70590,0.0,0.0
2023-03-14 00:00:00-04:00,5.783439012529389,5.928025079767911,5.687048454245853,5.831634521484375,87270,0.0,0.0
2023-03-15 00:00:00-04:00,5.638853088483188,5.976220280855841,5.4942670175730655,5.7834391593933105,209040,0.0,0.0
2023-03-16 00:00:00-04:00,5.783439331054687,6.072611481458007,5.590658203870117,6.024415969848633,66300,0.0,0.0
2023-03-17 00:00:00-04:00,6.0244156178876,6.0244156178876,5.687048435211182,5.687048435211182,95200,0.0,0.0
2023-03-20 00:00:00-04:00,5.7834391593933105,6.072611301213556,5.68222895571887,5.7834391593933105,91890,0.0,0.0
2023-03-21 00:00:00-04:00,5.687048751182568,5.778619671426491,5.446072113078446,5.590658187866211,126690,0.0,0.0
2023-03-22 00:00:00-04:00,5.638853227819167,5.638853227819167,5.446072101593018,5.446072101593018,55750,0.0,0.0
2023-03-23 00:00:00-04:00,5.590658006665581,5.711146321812456,5.494266986846924,5.494266986846924,103210,0.0,0.0
2023-03-24 00:00:00-04:00,5.494266819928617,5.542462328373745,5.301485705400973,5.397876262664795,46730,0.0,0.0
2023-03-27 00:00:00-04:00,5.349681192904529,5.49426679842106,5.253290176391602,5.253290176391602,108590,0.0,0.0
2023-03-28 00:00:00-04:00,5.446072101593018,5.494267153336325,5.301486027110175,5.446072101593018,32900,0.0,0.0
2023-03-29 00:00:00-04:00,5.397876442135271,5.662950828143892,5.373778687111497,5.638853073120117,38170,0.0,0.0
2023-03-30 00:00:00-04:00,5.638852945290867,5.831634521484375,5.590657895962318,5.831634521484375,49870,0.0,0.0
2023-03-31 00:00:00-04:00,5.831634820148841,5.928025383368974,5.687048745505409,5.735243797302246,60680,0.0,0.0
2023-04-03 00:00:00-04:00,5.735243797302246,5.783439308725543,5.566560426573627,5.735243797302246,44440,0.0,0.0
2023-04-04 00:00:00-04:00,5.735243803027515,5.735243803027515,5.542462676394802,5.590658187866211,14590,0.0,0.0
2023-04-05 00:00:00-04:00,5.59065817607586,5.59065817607586,5.39787659022325,5.446072101593018,34780,0.0,0.0
2023-04-06 00:00:00-04:00,5.446071791316528,5.5906578575619355,5.39787628269258,5.542462348937988,30510,0.0,0.0
2023-04-10 00:00:00-04:00,5.542462348937988,5.5906578575619355,5.39787628269258,5.542462348937988,29720,0.0,0.0
2023-04-11 00:00:00-04:00,5.590658187866211,5.634033596638726,5.470169868814151,5.590658187866211,29740,0.0,0.0
2023-04-12 00:00:00-04:00,5.542462664706092,5.735243790932242,5.388237763725173,5.446072101593018,63470,0.0,0.0
2023-04-13 00:00:00-04:00,5.542462496756253,5.566560251710917,5.349681376371831,5.494266986846924,66220,0.0,0.0
2023-04-14 00:00:00-04:00,5.638852885637567,5.638852885637567,5.373778508442231,5.397876262664795,37680,0.0,0.0
2023-04-17 00:00:00-04:00,5.494266840314041,5.542462348937988,5.446071791316528,5.542462348937988,28440,0.0,0.0
2023-04-18 00:00:00-04:00,5.542462328373745,5.542462328373745,5.3496812138461,5.397876262664795,40940,0.0,0.0
2023-04-19 00:00:00-04:00,5.397876262664795,5.4460717711099225,5.3496812138461,5.397876262664795,27730,0.0,0.0
2023-04-20 00:00:00-04:00,5.3496815265824065,5.397876578218529,5.301486015319824,5.301486015319824,54440,0.0,0.0
2023-04-21 00:00:00-04:00,5.349681514017718,5.349681514017718,5.060509366374316,5.156899929046631,56760,0.0,0.0
2023-04-24 00:00:00-04:00,5.301485989698483,5.301485989698483,5.0123138427734375,5.0123138427734375,39840,0.0,0.0
2023-04-25 00:00:00-04:00,4.964118480682373,5.012313529069206,4.867727924282279,4.964118480682373,57110,0.0,0.0
2023-04-26 00:00:00-04:00,5.060509366374316,5.253290491718945,4.964118803702002,5.156899929046631,40240,0.0,0.0
2023-04-27 00:00:00-04:00,5.108704566955566,5.253290172361168,5.0701483442305495,5.108704566955566,25840,0.0,0.0
2023-04-28 00:00:00-04:00,5.108704747070334,5.494266987914064,5.108704747070334,5.349681377410889,69380,0.0,0.0
2023-05-01 00:00:00-04:00,5.205095306270292,5.542462496756253,5.205095306270292,5.494266986846924,48370,0.0,0.0
2023-05-02 00:00:00-04:00,5.542462497832753,5.542462497832753,5.253290357573509,5.349681377410889,40840,0.0,0.0
2023-05-03 00:00:00-04:00,5.301485705400973,5.4460717711099225,5.219553616820116,5.397876262664795,21670,0.0,0.0
2023-05-04 00:00:00-04:00,5.446071937621821,5.470169692581166,5.3014858674921985,5.349681377410889,32630,0.0,0.0
2023-05-05 00:00:00-04:00,5.253290357573509,5.446071937621821,5.253290357573509,5.349681377410889,42220,0.0,0.0
2023-05-08 00:00:00-04:00,5.012313711687295,5.301485851049673,4.867728101632551,5.205095291137695,99870,0.0,0.0
2023-05-09 00:00:00-04:00,5.108704714475694,5.156899764460442,4.964118645268562,5.060509204864502,34900,0.0,0.0
2023-05-10 00:00:00-04:00,5.060509305136097,5.10870481570226,4.578556037980278,4.588195323944092,140970,0.0,0.0
2023-05-11 00:00:00-04:00,4.7231419212434815,4.867727987535652,4.674946412603947,4.790615081787109,42280,0.0,0.0
2023-05-12 00:00:00-04:00,4.766518014988371,4.771337198381589,4.588195359898505,4.723142147064209,41970,0.0,0.0
2023-05-15 00:00:00-04:00,4.684585657353943,5.156899615548624,4.674946371859473,5.108704566955566,97690,0.0,0.0
2023-05-16 00:00:00-04:00,5.060509358377386,5.060509358377386,4.819532722264178,4.867728233337402,48960,0.0,0.0
2023-05-17 00:00:00-04:00,4.96411845816674,4.96411845816674,4.631570465561708,4.81953239440918,38160,0.0,0.0
2023-05-18 00:00:00-04:00,5.012313529069206,5.253290149882657,4.915922972669112,4.964118480682373,121970,0.0,0.0
2023-05-19 00:00:00-04:00,4.915922972669112,5.108704545095729,4.867727924282279,4.964118480682373,34110,0.0,0.0
2023-05-22 00:00:00-04:00,4.964118501923536,5.108704566955566,4.867727945110992,5.108704566955566,67050,0.0,0.0
2023-05-23 00:00:00-04:00,4.915922993704048,5.200275481020876,4.915922993704048,5.108704566955566,48040,0.0,0.0
2023-05-24 00:00:00-04:00,4.915922972669112,5.0605090370824675,4.891825218662481,4.964118480682373,57120,0.0,0.0
2023-05-25 00:00:00-04:00,4.867727924727883,4.940020727127965,4.771336908692536,4.8098931312561035,49120,0.0,0.0
2023-05-26 00:00:00-04:00,4.732780986182956,4.91592328478417,4.732780986182956,4.867728233337402,41150,0.0,0.0
2023-05-30 00:00:00-04:00,4.964118609287443,4.964118609287443,4.626751423333749,4.699044227600098,75230,0.0,0.0
2023-05-31 00:00:00-04:00,4.674946620902509,4.824352336640893,4.5833757019590475,4.650848865509033,78330,0.0,0.0
2023-06-01 00:00:00-04:00,4.771337211190953,4.91592328478417,4.699044404207573,4.867728233337402,53960,0.0,0.0
2023-06-02 00:00:00-04:00,4.867728233337402,5.060509358377386,4.819532722264178,4.867728233337402,76540,0.0,0.0
2023-06-05 00:00:00-04:00,4.91592328478417,4.91592328478417,4.73760062921557,4.867728233337402,34080,0.0,0.0
2023-06-06 00:00:00-04:00,4.819532717907712,5.084607109317927,4.7713372068780515,5.0123138427734375,117910,0.0,0.0
2023-06-07 00:00:00-04:00,4.915923280340575,5.180997671750791,4.915923280340575,5.0123138427734375,29940,0.0,0.0
2023-06-08 00:00:00-04:00,5.060509221456506,5.301485851049673,4.9641186615445285,5.205095291137695,59600,0.0,0.0
2023-06-09 00:00:00-04:00,5.205095431970603,5.291846708425368,4.867728233337402,4.867728233337402,99010,0.0,0.0
2023-06-12 00:00:00-04:00,4.964118645268562,5.349681343278765,4.964118645268562,5.060509204864502,110880,0.0,0.0
2023-06-13 00:00:00-04:00,5.205095307281266,5.446071937621821,5.108704747070334,5.349681377410889,161810,0.0,0.0
2023-06-14 00:00:00-04:00,5.301486027110175,5.470169857277901,5.084607145199142,5.446072101593018,174400,0.0,0.0
2023-06-15 00:00:00-04:00,5.494266840314041,5.783438972804857,5.39787628269258,5.542462348937988,138600,0.0,0.0
2023-06-16 00:00:00-04:00,5.687048567962376,5.687048567962376,5.349681377410889,5.349681377410889,279980,0.0,0.0
2023-06-20 00:00:00-04:00,5.25329030581912,5.25329030581912,4.915923118591309,4.915923118591309,90490,0.0,0.0
2023-06-21 00:00:00-04:00,4.915923118591309,5.108704696740373,4.819532559329997,4.915923118591309,70770,0.0,0.0
2023-06-22 00:00:00-04:00,5.01231367785262,5.01231367785262,4.843630314051936,4.915923118591309,23420,0.0,0.0
2023-06-23 00:00:00-04:00,4.91592328478417,4.964118795857394,4.752059098686955,4.867728233337402,84260,0.0,0.0
2023-06-26 00:00:00-04:00,4.819532722264178,5.012313847304162,4.819532722264178,4.867728233337402,43770,0.0,0.0
2023-06-27 00:00:00-04:00,4.915923280340575,5.060509353803098,4.867728228937372,5.0123138427734375,35710,0.0,0.0
2023-06-28 00:00:00-04:00,5.060509353803098,5.060509353803098,4.915923280340575,5.0123138427734375,37630,0.0,0.0
2023-06-29 00:00:00-04:00,4.964118791370234,5.0123138427734375,4.819532717907712,5.0123138427734375,40620,0.0,0.0
2023-06-30 00:00:00-04:00,5.012313695253311,5.060509204864502,4.867728085672622,5.060509204864502,30010,0.0,0.0
2023-07-03 00:00:00-04:00,5.060509366374316,5.253290491718945,5.060509366374316,5.156899929046631,27350,0.0,0.0
2023-07-05 00:00:00-04:00,5.20509542726562,5.20509542726562,4.964118791370234,5.0123138427734375,26570,0.0,0.0
2023-07-06 00:00:00-04:00,4.867728233337402,5.012313847304162,4.588195372216196,4.867728233337402,105520,0.0,0.0
2023-07-07 00:00:00-04:00,4.819532729880302,5.156899929046631,4.819532729880302,5.156899929046631,43350,0.0,0.0
2023-07-10 00:00:00-04:00,5.012313550516592,5.253290172361168,5.012313550516592,5.108704566955566,37650,0.0,0.0
2023-07-11 00:00:00-04:00,5.156899615548624,5.2050951237681105,5.06050905873608,5.108704566955566,18350,0.0,0.0
2023-07-12 00:00:00-04:00,5.2050951277615685,5.397876241534562,5.2050951277615685,5.253290176391602,34920,0.0,0.0
2023-07-13 00:00:00-04:00,5.397876601607037,5.638853239711159,5.3014860382906805,5.590658187866211,122630,0.0,0.0
2023-07-14 00:00:00-04:00,5.446072089481111,5.532823366276716,5.205095452421119,5.301486015319824,95860,0.0,0.0
2023-07-17 00:00:00-04:00,5.156899781368484,5.446071920730862,5.012313711687295,5.205095291137695,63460,0.0,0.0
2023-07-18 00:00:00-04:00,5.15689991623596,5.180997671750791,4.915923280340575,5.0123138427734375,32290,0.0,0.0
2023-07-19 00:00:00-04:00,5.012313550516592,5.2050951237681105,5.012313550516592,5.108704566955566,49090,0.0,0.0
2023-07-20 00:00:00-04:00,5.108704864832758,5.108704864832758,4.964118791370234,5.0123138427734375,29190,0.0,0.0
2023-07-21 00:00:00-04:00,4.964118791370234,5.15689991623596,4.8918255248257445,5.0123138427734375,44400,0.0,0.0
2023-07-24 00:00:00-04:00,4.964118505732111,5.441252107040094,4.964118505732111,5.253290176391602,55210,0.0,0.0
2023-07-25 00:00:00-04:00,5.446072089481111,5.590658163642399,5.205095452421119,5.301486015319824,124660,0.0,0.0
2023-07-26 00:00:00-04:00,5.301485705400973,5.494266819928617,5.301485705400973,5.397876262664795,39520,0.0,0.0
2023-07-27 00:00:00-04:00,5.494266970873628,5.54246248064284,5.205095291137695,5.205095291137695,37000,0.0,0.0
2023-07-28 00:00:00-04:00,5.397876601607037,5.638853239711159,5.354500733208061,5.590658187866211,139430,0.0,0.0
2023-07-31 00:00:00-04:00,5.542462527751923,5.879829720124576,5.542462527751923,5.7834391593933105,191520,0.0,0.0
2023-08-01 00:00:00-04:00,5.783439143636315,5.831634653683863,5.542462512651468,5.638853073120117,65900,0.0,0.0
2023-08-02 00:00:00-04:00,5.446072089481111,5.537643009328266,5.301486015319824,5.301486015319824,60330,0.0,0.0
2023-08-03 00:00:00-04:00,5.349681376371831,5.638853056948463,5.349681376371831,5.494266986846924,33730,0.0,0.0
2023-08-04 00:00:00-04:00,5.44607195218282,5.879829704104964,5.44607195218282,5.638853073120117,127040,0.0,0.0
2023-08-07 00:00:00-04:00,5.735243803027515,5.783439314498924,5.455710939596851,5.590658187866211,40880,0.0,0.0
2023-08-08 00:00:00-04:00,5.494267153336325,5.542462664706092,5.2050954639971,5.446072101593018,47040,0.0,0.0
2023-08-09 00:00:00-04:00,5.590657814933986,5.590657814933986,5.2050951277615685,5.253290176391602,56650,0.0,0.0
2023-08-10 00:00:00-04:00,5.2532903412804615,5.397876410961651,5.205095291137695,5.205095291137695,29860,0.0,0.0
2023-08-11 00:00:00-04:00,5.156899764460442,5.17617787637963,4.964118645268562,5.060509204864502,57170,0.0,0.0
2023-08-14 00:00:00-04:00,5.349681514017718,5.349681514017718,4.915923292552616,5.156899929046631,66990,0.0,0.0
2023-08-15 00:00:00-04:00,5.060509353803098,5.123163334291073,4.915923280340575,5.0123138427734375,39910,0.0,0.0
2023-08-16 00:00:00-04:00,4.915923118591309,5.01231367785262,4.867728068773873,4.915923118591309,42790,0.0,0.0
2023-08-17 00:00:00-04:00,5.108704696740373,5.108704696740373,4.915923118591309,4.915923118591309,21670,0.0,0.0
2023-08-18 00:00:00-04:00,4.867728282349073,4.9400210900603465,4.7135029211377795,4.776156902313232,102490,0.0,0.0
2023-08-21 00:00:00-04:00,4.723141859868922,5.0605090370824675,4.723141859868922,4.964118480682373,40390,0.0,0.0
2023-08-22 00:00:00-04:00,4.915922972669112,4.964118480682373,4.819532416269016,4.964118480682373,14440,0.0,0.0
2023-08-23 00:00:00-04:00,4.915922993704048,5.253290172361168,4.867727945110992,5.108704566955566,62450,0.0,0.0
2023-08-24 00:00:00-04:00,5.156899920897379,5.156899920897379,4.867728233337402,4.867728233337402,31030,0.0,0.0
2023-08-25 00:00:00-04:00,4.867728233337402,4.964118795857394,4.819532722264178,4.867728233337402,40650,0.0,0.0
2023-08-28 00:00:00-04:00,4.867728228937372,5.108704864832758,4.867728228937372,5.0123138427734375,26190,0.0,0.0
2023-08-29 00:00:00-04:00,5.012313550516592,5.3014856805806545,5.012313550516592,5.108704566955566,29760,0.0,0.0
2023-08-30 00:00:00-04:00,5.060509366374316,5.156899929046631,4.964118803702002,5.156899929046631,17530,0.0,0.0
2023-08-31 00:00:00-04:00,5.108704696740373,5.156899746557809,4.915923118591309,4.915923118591309,50620,0.0,0.0
2023-09-01 00:00:00-04:00,5.060509204864502,5.156899764460442,4.988216400074158,5.060509204864502,25720,0.0,0.0
2023-09-05 00:00:00-04:00,5.01231367785262,5.060509187296497,4.819532559329997,4.915923118591309,53680,0.0,0.0
2023-09-06 00:00:00-04:00,4.91592328478417,5.012313847304162,4.867728233337402,4.867728233337402,31060,0.0,0.0
2023-09-07 00:00:00-04:00,4.819532391716336,4.867727899484071,4.732780661584987,4.747239589691162,47290,0.0,0.0
2023-09-08 00:00:00-04:00,4.7665180757774115,4.867728282349073,4.727961850381204,4.776156902313232,21810,0.0,0.0
2023-09-11 00:00:00-04:00,4.867728068773873,4.915923118591309,4.776156692755796,4.915923118591309,24990,0.0,0.0
2023-09-12 00:00:00-04:00,4.867728233337402,4.91592328478417,4.776156854223567,4.867728233337402,24680,0.0,0.0
2023-09-13 00:00:00-04:00,4.805074214935303,4.819532684292774,4.771337173599265,4.805074214935303,8900,0.0,0.0
2023-09-14 00:00:00-04:00,4.867728233337402,4.867728233337402,4.776156854223567,4.867728233337402,16580,0.0,0.0
2023-09-15 00:00:00-04:00,4.819532540657817,4.86772804991497,4.62675142288208,4.62675142288208,34870,0.0,0.0
2023-09-18 00:00:00-04:00,4.7135028610248595,4.8195327093254265,4.679766279140047,4.723142147064209,19220,0.0,0.0
2023-09-19 00:00:00-04:00,4.6797661383241635,4.7906151666824615,4.674946495449514,4.6894049644470215,21090,0.0,0.0
2023-09-20 00:00:00-04:00,4.674946409816405,4.80989319044963,4.626751360832042,4.646029472351074,27020,0.0,0.0
2023-09-21 00:00:00-04:00,4.631570715793678,4.723142093625619,4.472526174955518,4.515902042388916,61340,0.0,0.0
2023-09-22 00:00:00-04:00,4.530360426493027,4.674946495344175,4.482165376626939,4.617112159729004,18890,0.0,0.0
2023-09-25 00:00:00-04:00,4.578555913624926,4.646029534659654,4.482165354737058,4.62675142288208,16200,0.0,0.0
2023-09-26 00:00:00-04:00,4.530360464644111,4.771337094883189,4.530360464644111,4.752058982849121,37080,0.0,0.0
2023-09-27 00:00:00-04:00,4.674946330651619,5.0605090141296385,4.674946330651619,4.81953239440918,36250,0.0,0.0
2023-09-28 00:00:00-04:00,4.723142301939154,4.819532867361081,4.5785562239930275,4.602653980255127,46030,0.0,0.0
2023-09-29 00:00:00-04:00,4.674946721637248,4.819532797487156,4.617112383222579,4.694224834442139,27820,0.0,0.0
2023-10-02 00:00:00-04:00,4.964118768361866,4.964118768361866,4.390594120198282,4.578556060791016,64800,0.0,0.0
2023-10-03 00:00:00-04:00,4.5785561269064905,4.5785561269064905,4.458067807777372,4.486985206604004,13880,0.0,0.0
2023-10-04 00:00:00-04:00,4.5640974455759595,4.819532541584537,4.433969846332486,4.771337032318115,32520,0.0,0.0
2023-10-05 00:00:00-04:00,4.703864021186171,4.7183224905774725,4.530360549984739,4.578556060791016,21450,0.0,0.0
2023-10-06 00:00:00-04:00,4.58819508090879,4.964118480682373,4.58819508090879,4.964118480682373,27860,0.0,0.0
2023-10-09 00:00:00-04:00,4.771336968855869,4.819532477481255,4.674946411231531,4.718322277069092,15590,0.0,0.0
2023-10-10 00:00:00-04:00,4.631570606997221,4.867728050850959,4.631570606997221,4.771337032318115,19610,0.0,0.0
2023-10-11 00:00:00-04:00,4.790615310833833,4.867728220269263,4.674946636120373,4.723142147064209,33100,0.0,0.0
2023-10-12 00:00:00-04:00,4.578556060791016,4.809893409557652,4.539999835996576,4.578556060791016,35460,0.0,0.0
2023-10-13 00:00:00-04:00,4.544819628192341,4.62675172347667,4.491804472639851,4.530360698699951,31890,0.0,0.0
2023-10-16 00:00:00-04:00,4.530360707164394,4.742420410517621,4.530360707164394,4.6749467849731445,30520,0.0,0.0
2023-10-17 00:00:00-04:00,4.63157085291963,4.771337285661699,4.578556157612798,4.694224834442139,11110,0.0,0.0
2023-10-18 00:00:00-04:00,4.62675172347667,4.72314228862692,4.486985289102192,4.530360698699951,21670,0.0,0.0
2023-10-19 00:00:00-04:00,4.43396982754666,4.578555895106902,4.43396982754666,4.482165336608887,25010,0.0,0.0
2023-10-20 00:00:00-04:00,4.4387896191833205,4.482165486868161,4.337579414460842,4.361677169799805,41900,0.0,0.0
2023-10-23 00:00:00-04:00,4.361676984648215,4.361676984648215,4.1929931640625,4.1929931640625,49680,0.0,0.0
2023-10-24 00:00:00-04:00,4.241188791860536,4.530360472898435,4.19299328187433,4.380955219268799,21450,0.0,0.0
2023-10-25 00:00:00-04:00,4.47734603036537,4.55445848296077,4.3568577082784365,4.448428630828857,21770,0.0,0.0
2023-10-26 00:00:00-04:00,4.482165470631521,4.482165470631521,4.192993326864409,4.289383888244629,22100,0.0,0.0
2023-10-27 00:00:00-04:00,4.395413944142543,4.429150527319839,4.2604671518068855,4.303843021392822,25650,0.0,0.0
2023-10-30 00:00:00-04:00,4.25082751824852,4.448428277223583,4.25082751824852,4.337579250335693,15130,0.0,0.0
2023-10-31 00:00:00-04:00,4.3375793599207855,4.352037829091783,4.154437065124512,4.154437065124512,39960,0.0,0.0
2023-11-01 00:00:00-04:00,4.16407658124653,4.385775112508818,4.159256938047541,4.37613582611084,26060,0.0,0.0
2023-11-02 00:00:00-04:00,4.3761356526180695,4.525541368478196,4.28938391698145,4.506263256072998,22660,0.0,0.0
2023-11-03 00:00:00-04:00,4.438789370060727,4.573736148908127,4.390593862087727,4.511082172393799,37530,0.0,0.0
2023-11-06 00:00:00-05:00,4.313481430918158,4.385774693110387,3.9086406334462547,4.058046340942383,486450,0.0,0.0
2023-11-07 00:00:00-05:00,4.0050318354970855,4.096602753636859,3.903821631433941,4.0002121925354,114600,0.0,0.0
2023-11-08 00:00:00-05:00,4.0002122902663855,4.120700609493527,3.9086409102629394,3.966475248336792,115910,0.0,0.0
2023-11-09 00:00:00-05:00,4.053226793780293,4.091783017341407,3.908640725612893,3.952016592025757,66460,0.0,0.0
2023-11-10 00:00:00-05:00,3.9279188817649717,4.188173623555668,3.9279188817649717,4.164076328277588,73510,0.0,0.0
2023-11-13 00:00:00-05:00,4.207451788203169,4.52554132959566,4.120700512938355,4.443609237670898,106440,0.0,0.0
2023-11-14 00:00:00-05:00,4.530360404367771,4.86772804991497,4.433969845479903,4.62675142288208,92910,0.0,0.0
2023-11-15 00:00:00-05:00,4.771336968855869,4.867727986106641,4.530360344981807,4.718322277069092,127700,0.0,0.0
2023-11-16 00:00:00-05:00,4.486985289102192,4.62675172347667,4.106242212038854,4.530360698699951,102270,0.0,0.0
2023-11-17 00:00:00-05:00,4.520721435546875,4.578555769053431,4.433969705473827,4.520721435546875,31000,0.0,0.0
2023-11-20 00:00:00-05:00,4.525541182334153,4.790615102096022,4.515901896714808,4.636390209197998,85670,0.0,0.0
2023-11-21 00:00:00-05:00,4.289383903782919,4.814713039741187,4.241188852731447,4.361677169799805,125420,0.0,0.0
2023-11-22 00:00:00-05:00,4.313481681752684,4.458067754918578,4.299023212324032,4.3520379066467285,118610,0.0,0.0
2023-11-24 00:00:00-05:00,4.352037868048385,4.352037868048385,4.231549551416497,4.289383888244629,53800,0.0,0.0
2023-11-27 00:00:00-05:00,4.241188851049567,4.255647320396629,3.8797238999878387,3.9182801246643066,203570,0.0,0.0
2023-11-28 00:00:00-05:00,3.879723983265089,3.9086409225799077,3.67248392646088,3.744776964187622,160410,0.0,0.0
2023-11-29 00:00:00-05:00,3.691761965942249,3.831528395527154,3.691761965942249,3.7688746452331543,62360,0.0,0.0
2023-11-30 00:00:00-05:00,3.899002074761942,3.899002074761942,3.3736729305997475,3.3833119869232178,741400,0.0,0.0
2023-12-01 00:00:00-05:00,3.5182590228989836,3.5568152483861124,3.4025901166243653,3.4507853984832764,227570,0.0,0.0
2023-12-04 00:00:00-05:00,3.4700633628819784,3.6098297892044355,3.4700633628819784,3.498980760574341,97130,0.0,0.0
2023-12-05 00:00:00-05:00,3.47488299711631,3.556815087476483,3.426687717437744,3.426687717437744,55160,0.0,0.0
2023-12-06 00:00:00-05:00,3.518258926935468,3.5664542074798113,3.474883059538946,3.4797024726867676,69330,0.0,0.0
2023-12-07 00:00:00-05:00,3.658025330811305,3.9953925221652975,3.470063393233041,3.5616345405578613,183250,0.0,0.0
2023-12-08 00:00:00-05:00,3.561634609501073,3.8941823941768545,3.561634609501073,3.836348056793213,131690,0.0,0.0
2023-12-11 00:00:00-05:00,3.855626090962338,3.855626090962338,3.6194691032012423,3.638747215270996,107970,0.0,0.0
2023-12-12 00:00:00-05:00,3.6917618253508415,3.8459869482461513,3.614649378809796,3.662844657897949,66070,0.0,0.0
2023-12-13 00:00:00-05:00,3.6339276643904035,3.7447769265057915,3.614649551832356,3.6821229457855225,58190,0.0,0.0
2023-12-14 00:00:00-05:00,3.7351379078116054,3.86526551360768,3.67248392646088,3.744776964187622,86980,0.0,0.0
2023-12-15 00:00:00-05:00,3.711040089573219,3.8508065195822607,3.6194691704472084,3.764055013656616,256130,0.0,0.0
2023-12-18 00:00:00-05:00,3.6628448280319157,3.8074309018254135,3.6628448280319157,3.7592356204986572,70810,0.0,0.0
2023-12-19 00:00:00-05:00,3.7833331192949236,3.850806512671559,3.672483858126695,3.6917619705200195,56550,0.0,0.0
2023-12-20 00:00:00-05:00,3.643566728714516,3.744776934774355,3.5230784100540626,3.53271746635437,78200,0.0,0.0
2023-12-21 00:00:00-05:00,3.566454109913044,3.686942422884341,3.5182588306871687,3.5857322216033936,71370,0.0,0.0
2023-12-22 00:00:00-05:00,3.47006345457415,3.5664542465315154,3.421868173502081,3.542356491088867,178440,0.0,0.0
2023-12-26 00:00:00-05:00,3.576093176995733,3.614649400497592,3.518258841742944,3.5809125900268555,47790,0.0,0.0
2023-12-27 00:00:00-05:00,3.5519954218349135,3.5760931764263484,3.4459658072216826,3.508619785308838,80310,0.0,0.0
2023-12-28 00:00:00-05:00,3.7447768518676017,4.385774885993075,3.720679096743727,4.299023151397705,526930,0.0,0.0
2023-12-29 00:00:00-05:00,4.337579426012541,4.578556060791016,4.0484072804277895,4.578556060791016,987600,0.0,0.0
2024-01-02 00:00:00-05:00,4.482165549008073,4.506263304681122,4.327940188476436,4.414691925048828,115210,0.0,0.0
2024-01-03 00:00:00-05:00,4.337579412824785,4.578556046870606,4.241188851131747,4.433969974517822,108460,0.0,0.0
2024-01-04 00:00:00-05:00,4.462887205655736,4.462887205655736,4.289383741481389,4.337579250335693,72320,0.0,0.0
2024-01-05 00:00:00-05:00,4.3086618541364246,4.530360367592079,4.250827519273179,4.409872055053711,87720,0.0,0.0
2024-01-08 00:00:00-05:00,4.38577504894802,4.453248214250118,4.241188972459074,4.395413875579834,59020,0.0,0.0
2024-01-09 00:00:00-05:00,4.289383977363182,4.36167724462019,4.14479836210209,4.188173770904541,59720,0.0,0.0
2024-01-10 00:00:00-05:00,4.241188889506383,4.342399095106445,4.04840730474955,4.053226947784424,51270,0.0,0.0
2024-01-11 00:00:00-05:00,4.048407254980853,4.356857511024009,4.048407254980853,4.289383888244629,48770,0.0,0.0
2024-01-12 00:00:00-05:00,4.289383762339342,4.554458143074119,4.178534734912428,4.183354377746582,77190,0.0,0.0
2024-01-16 00:00:00-05:00,4.135159082256701,4.135159082256701,3.8315284624177384,3.8941824436187744,69960,0.0,0.0
2024-01-17 00:00:00-05:00,3.7977918318707853,3.8797239247375583,3.711040095982095,3.836348056793213,43710,0.0,0.0
2024-01-18 00:00:00-05:00,3.8074308030212936,4.048407203401656,3.759235522945221,3.937558174133301,30250,0.0,0.0
2024-01-19 00:00:00-05:00,3.9279189003387396,3.937558186196709,3.8218892838465397,3.860445737838745,28220,0.0,0.0
2024-01-22 00:00:00-05:00,3.855626004063782,3.855626004063782,3.6242884346274264,3.662844657897949,47450,0.0,0.0
2024-01-23 00:00:00-05:00,3.7688745408762943,4.048407162492863,3.7688745408762943,3.9471969604492188,80670,0.0,0.0
2024-01-24 00:00:00-05:00,4.0966027668544225,4.28456470632856,4.0002122054419615,4.217091083526611,112700,0.0,0.0
2024-01-25 00:00:00-05:00,4.279745061919833,4.3857749092513005,4.236369194392121,4.289383888244629,72290,0.0,0.0
2024-01-26 00:00:00-05:00,4.332759741963804,4.337579384924068,4.04840724207855,4.072504997253418,32640,0.0,0.0
2024-01-29 00:00:00-05:00,4.096602659720601,4.096602659720601,3.8122501662703523,3.8797237873077393,70130,0.0,0.0
2024-01-30 00:00:00-05:00,3.8074308815260522,3.95201672473546,3.764055013656616,3.764055013656616,38490,0.0,0.0
2024-01-31 00:00:00-05:00,3.754415844068704,3.9857536458443903,3.7110399775091105,3.725498676300049,30870,0.0,0.0
2024-02-01 00:00:00-05:00,3.7303181320554586,4.0002121606121355,3.7110400199890137,3.7110400199890137,22300,0.0,0.0
2024-02-02 00:00:00-05:00,3.7110399270662735,3.739957324255086,3.5664540901882993,3.5905516147613525,52150,0.0,0.0
2024-02-05 00:00:00-05:00,3.585732200563651,3.783332959136901,3.470063301287034,3.518258810043335,48220,0.0,0.0
2024-02-06 00:00:00-05:00,3.759235445887475,3.759235445887475,3.6194690216252203,3.662844657897949,60150,0.0,0.0
2024-02-07 00:00:00-05:00,3.6628447644790803,3.7592355552733765,3.5086198669093664,3.5568151473999023,35290,0.0,0.0
2024-02-08 00:00:00-05:00,3.70140101429692,3.7110400704612387,3.4122290995541213,3.4748830795288086,51280,0.0,0.0
2024-02-09 00:00:00-05:00,3.4604243917562507,3.5182589587455966,3.4266878099767957,3.4700634479522705,48240,0.0,0.0
2024-02-12 00:00:00-05:00,3.5664542530651033,3.6628448153858244,3.542356497578309,3.614649534225464,35520,0.0,0.0
2024-02-13 00:00:00-05:00,3.6146494762144985,3.6580253434693044,3.4700634052406287,3.4845221042633057,25120,0.0,0.0
2024-02-14 00:00:00-05:00,3.696581627104691,3.696581627104691,3.503800272650021,3.614649534225464,115370,0.0,0.0
2024-02-15 00:00:00-05:00,3.518258953004794,3.9520167109311375,3.5134393100080348,3.841167449951172,109500,0.0,0.0
2024-02-16 00:00:00-05:00,3.8026112450794747,4.000212242526759,3.7592356069483577,3.836348056793213,70040,0.0,0.0
2024-02-20 00:00:00-05:00,3.7592354345719685,3.768874490360585,3.4652438882993346,3.518258810043335,148210,0.0,0.0
2024-02-21 00:00:00-05:00,3.59055169726114,3.68694248720777,3.518258892067696,3.5664541721343994,44640,0.0,0.0
2024-02-22 00:00:00-05:00,3.566454160572222,3.783333035075894,3.5182588806617643,3.643566608428955,45640,0.0,0.0
2024-02-23 00:00:00-05:00,3.6146493984187353,3.677303376479833,3.5664541190691295,3.6580252647399902,42140,0.0,0.0
2024-02-26 00:00:00-05:00,3.6146495405876613,3.7254988023582123,3.6146495405876613,3.6869425773620605,27850,0.0,0.0
2024-02-27 00:00:00-05:00,3.6869424123486354,3.711039936986103,3.5760931555392728,3.662844657897949,51770,0.0,0.0
2024-02-28 00:00:00-05:00,3.6628447906059276,3.701401015273375,3.5568151727704467,3.6965816020965576,36490,0.0,0.0
2024-02-29 00:00:00-05:00,3.653205727404867,3.701401008146377,3.5664542220701487,3.624288558959961,50050,0.0,0.0
2024-03-01 00:00:00-05:00,3.6050104665930034,3.7351378402210798,3.5664542417866443,3.619469165802002,130760,0.0,0.0
2024-03-04 00:00:00-05:00,3.6676644446905153,3.7495965372632964,3.4507853355602314,3.4700634479522705,94290,0.0,0.0
2024-03-05 00:00:00-05:00,3.5182588753498107,3.556815099219964,3.421868085861206,3.421868085861206,65810,0.0,0.0
2024-03-06 00:00:00-05:00,3.4315072798313233,3.5760933549723393,3.4315072798313233,3.527898073196411,61440,0.0,0.0
2024-03-07 00:00:00-05:00,3.537536952930628,3.542356365960983,3.4218680526302476,3.508619785308838,65430,0.0,0.0
2024-03-08 00:00:00-05:00,3.662844735634075,3.662844735634075,3.431507161288069,3.4893414974212646,48520,0.0,0.0
2024-03-11 00:00:00-04:00,3.614649378809796,3.759235445887475,3.5278978764511195,3.662844657897949,138060,0.0,0.0
2024-03-12 00:00:00-04:00,3.6773035140815846,3.9327386190992826,3.66284481482906,3.836348056793213,104220,0.0,0.0
2024-03-13 00:00:00-04:00,3.836347902286346,3.8797237684837516,3.7158595893497477,3.735137701034546,59910,0.0,0.0
2024-03-14 00:00:00-04:00,3.6628448590768588,3.7399575396664773,3.4941612580968964,3.6001908779144287,94090,0.0,0.0
2024-03-15 00:00:00-04:00,3.460424300923675,3.547176034223936,3.1326961690483044,3.277282238006592,853630,0.0,0.0
2024-03-18 00:00:00-04:00,3.2772822355275792,3.4700633542418426,3.20498920110312,3.426687717437744,130010,0.0,0.0
2024-03-19 00:00:00-04:00,3.421868173502081,3.6628448086756533,3.325477611357943,3.542356491088867,77710,0.0,0.0
2024-03-20 00:00:00-04:00,3.518259019261942,3.6821229774128432,3.484522207088964,3.6724839210510254,67300,0.0,0.0
2024-03-21 00:00:00-04:00,3.6146494522011032,3.638747207141066,3.542356417194436,3.5664541721343994,39640,0.0,0.0
2024-03-22 00:00:00-04:00,3.5616344461855007,3.643566535295351,3.518258810043335,3.518258810043335,59530,0.0,0.0
2024-03-25 00:00:00-04:00,3.5182588487920605,3.8315282802789365,3.4797023953997304,3.8026111125946045,148800,0.0,0.0
2024-03-26 00:00:00-04:00,3.614649357633666,3.735137669554788,3.4218680125972267,3.4459657669067383,144260,0.0,0.0
2024-03-27 00:00:00-04:00,3.5134393950943377,3.5134393950943377,3.2387259425833492,3.3736729621887207,101270,0.0,0.0
2024-03-28 00:00:00-04:00,3.248364927266444,3.34475571908841,3.0314860478401684,3.176072120666504,432300,0.0,0.1
2024-04-01 00:00:00-04:00,3.1808915542417893,3.6580254137753334,3.1808915542417893,3.609829902648926,350300,0.0,0.0
2024-04-02 00:00:00-04:00,3.609829841032879,3.8411674172006744,3.5568151473999023,3.5568151473999023,192500,0.0,0.0
2024-04-03 00:00:00-04:00,3.479702386426619,3.73513771169936,3.445965805788505,3.6580252647399902,74900,0.0,0.0
2024-04-04 00:00:00-04:00,3.6821228209315167,3.7447767995273047,3.62428848521843,3.648386240005493,62500,0.0,0.0
2024-04-05 00:00:00-04:00,3.629108196387814,3.831528375192433,3.6194691402542607,3.7736940383911133,92200,0.0,0.0
2024-04-08 00:00:00-04:00,3.8026113024437227,3.855626227418431,3.696581682307538,3.744776964187622,75400,0.0,0.0
2024-04-09 00:00:00-04:00,3.759235593709882,3.7688746499065444,3.6387472763449913,3.6917619705200195,57700,0.0,0.0
2024-04-10 00:00:00-04:00,3.62910806774203,3.730318038650003,3.5664540901882993,3.5905516147613525,90800,0.0,0.0
2024-04-11 00:00:00-04:00,3.619469208872017,3.682122960021288,3.5809127537936263,3.605010509490967,30400,0.0,0.0
2024-04-12 00:00:00-04:00,3.561634537178757,3.6686282200351474,3.561634537178757,3.638747215270996,105200,0.0,0.0
2024-04-15 00:00:00-04:00,3.6628448392150883,3.7708023616419233,3.6146495577411852,3.754415988922119,109500,0.0,0.0
2024-04-16 00:00:00-04:00,3.6965816201588924,3.870084632010182,3.6965816201588924,3.764055013656616,111000,0.0,0.0
2024-04-17 00:00:00-04:00,3.759235475974716,3.8845434324200427,3.759235475974716,3.8026111125946045,85100,0.0,0.0
2024-04-18 00:00:00-04:00,3.8556260551432797,3.9471969717172977,3.8146600099223247,3.870084524154663,106400,0.0,0.0
2024-04-19 00:00:00-04:00,3.8267088539039182,3.9515348915915305,3.8170697980427284,3.8845434188842773,62500,0.0,0.0
2024-04-22 00:00:00-04:00,3.8845435302829245,4.019490316209508,3.8845435302829245,3.9953925609588623,59100,0.0,0.0
2024-04-23 00:00:00-04:00,4.000212292977108,4.120700612285897,4.000212292977108,4.043588161468506,93400,0.0,0.0
2024-04-24 00:00:00-04:00,4.038768231720911,4.154919047861666,4.021417793630564,4.1303391456604,62700,0.0,0.0
2024-04-25 00:00:00-04:00,4.130339103365393,4.135158746056652,4.035394532405,4.067685127258301,44700,0.0,0.0
2024-04-26 00:00:00-04:00,4.086963504853588,4.224320572751151,4.086963504853588,4.135159015655518,73400,0.0,0.0
2024-04-29 00:00:00-04:00,4.072505013004385,4.1785348604080195,4.058528232216143,4.144798278808594,36300,0.0,0.0
2024-04-30 00:00:00-04:00,4.10142243387004,4.178534883451963,4.0821443214745585,4.135159015655518,40500,0.0,0.0
2024-05-01 00:00:00-04:00,4.1785348604080195,4.236369197275516,4.144798278808594,4.144798278808594,33200,0.0,0.0
2024-05-02 00:00:00-04:00,4.2460084347844465,4.472526136690855,4.168895526881226,4.380955219268799,115700,0.0,0.0
2024-05-03 00:00:00-04:00,4.361677129844307,4.4484284047928435,4.361677129844307,4.371315956115723,59300,0.0,0.0
2024-05-06 00:00:00-04:00,4.385774795849189,4.660488003586224,4.385774795849189,4.62675142288208,198100,0.0,0.0
2024-05-07 00:00:00-04:00,4.626751569742012,4.699044376295984,4.554458303561586,4.650848865509033,83400,0.0,0.0
2024-05-08 00:00:00-04:00,4.578556157612798,4.771337285661699,4.578556157612798,4.694224834442139,84200,0.0,0.0
2024-05-09 00:00:00-04:00,4.756878585812795,4.800254452431761,4.578555936088724,4.6894049644470215,123000,0.0,0.0
2024-05-10 00:00:00-04:00,4.771337274730499,4.776156917827295,4.530360635408222,4.549638748168945,89000,0.0,0.0
2024-05-13 00:00:00-04:00,4.583375678047642,4.911103586959211,4.5785560350688,4.732780933380127,167000,0.0,0.0
2024-05-14 00:00:00-04:00,4.771336886614518,4.84073817883309,4.771336886614518,4.81953239440918,75000,0.0,0.0
2024-05-15 00:00:00-04:00,4.853269353105648,4.853269353105648,4.771337259232091,4.776156902313232,41600,0.0,0.0
2024-05-16 00:00:00-04:00,4.771337280377554,5.103885300426699,4.771337280377554,5.065329074859619,149200,0.0,0.0
2024-05-17 00:00:00-04:00,5.132802210602852,5.441252473012059,5.060509402982262,5.2195539474487305,253900,0.0,0.0
2024-05-20 00:00:00-04:00,5.118343392823606,5.208950470264754,4.959298859176301,5.108704566955566,177200,0.0,0.0
2024-05-21 00:00:00-04:00,5.002674916243605,5.0701485384097404,4.771337111407173,4.824352264404297,209500,0.0,0.0
2024-05-22 00:00:00-04:00,4.805074049990739,4.896644965613292,4.757360689085139,4.780976295471191,139800,0.0,0.0
2024-05-23 00:00:00-04:00,4.742420360014732,4.809893525214203,4.626751682850096,4.7665181159973145,102600,0.0,0.0
2024-05-24 00:00:00-04:00,4.718322479537568,5.002674981451074,4.718322479537568,4.805074214935303,92000,0.0,0.0
2024-05-28 00:00:00-04:00,4.858088638829055,5.0267724572490415,4.838810527549036,4.964118480682373,99600,0.0,0.0
2024-05-29 00:00:00-04:00,4.853269364175924,5.012313909204676,4.732781044631326,4.920742988586426,45500,0.0,0.0
2024-05-30 00:00:00-04:00,4.807483973029605,4.954479405415911,4.70386394814366,4.8966450691223145,21400,0.0,0.0
2024-05-31 00:00:00-04:00,4.853269241639714,4.901464752091289,4.74723985404857,4.8870062828063965,57700,0.0,0.0
2024-06-03 00:00:00-04:00,4.983396804142773,4.983396804142773,4.732780887205509,4.824352264404297,47900,0.0,0.0
2024-06-04 00:00:00-04:00,4.6990443655516625,4.887006305639252,4.6990443655516625,4.87736701965332,78600,0.0,0.0
2024-06-05 00:00:00-04:00,4.535180277072521,4.9159233486963965,4.453248182958709,4.848450183868408,184600,0.0,0.0
2024-06-06 00:00:00-04:00,4.814712771627493,4.853268994172196,4.626751301628671,4.737600326538086,119500,0.0,0.0
2024-06-07 00:00:00-04:00,4.6894048161785316,4.699044101623059,4.53036028335525,4.665307521820068,148400,0.0,0.0
2024-06-10 00:00:00-04:00,4.646029818263336,4.843630590952053,4.631570888827721,4.756878852844238,73300,0.0,0.0
2024-06-11 00:00:00-04:00,4.727961498330214,4.797844479297328,4.665307521820068,4.665307521820068,61900,0.0,0.0
2024-06-12 00:00:00-04:00,4.6363902830831485,5.012313695325986,4.6363902830831485,4.988216400146484,96700,0.0,0.0
2024-06-13 00:00:00-04:00,5.012313551629666,5.103884925341741,4.944840391659117,4.954479217529297,70800,0.0,0.0
2024-06-14 00:00:00-04:00,4.954479405415911,4.954479405415911,4.843630375759797,4.8966450691223145,93700,0.0,0.0
2024-06-17 00:00:00-04:00,4.9159234089540185,4.968938564398951,4.756878861872158,4.901464939117432,83400,0.0,0.0
2024-06-18 00:00:00-04:00,4.915923282529858,4.99303573251049,4.824352363084472,4.94002103805542,63600,0.0,0.0
2024-06-20 00:00:00-04:00,4.940020747813792,5.108704566955566,4.915922993704048,5.108704566955566,85700,0.0,0.0
2024-06-21 00:00:00-04:00,5.065329037447888,5.070148680514792,4.899055028651389,5.0026750564575195,80300,0.0,0.0
2024-06-24 00:00:00-04:00,4.964118705823894,5.190636868357391,4.964118705823894,5.113523960113525,63500,0.0,0.0
2024-06-25 00:00:00-04:00,5.13280229078648,5.161719690062335,4.96893856031153,4.973757743835449,74600,0.0,0.0
2024-06-26 00:00:00-04:00,4.940021038383399,5.315944461877167,4.940021038383399,5.3111252784729,133400,0.0,0.0
2024-06-27 00:00:00-04:00,5.311125324456556,5.315944507902548,5.123163381269072,5.291846752166748,138300,0.0,0.0
2024-06-28 00:00:00-04:00,5.301485788169752,5.687048482871022,5.14726089413982,5.296666145324707,397900,0.0,0.0
2024-07-01 00:00:00-04:00,5.3304033020990715,5.638853096899499,5.301485904023306,5.556921005249023,238900,0.0,0.0
2024-07-02 00:00:00-04:00,5.590657857042827,6.260572577169602,5.590657857042827,6.06779146194458,443900,0.0,0.0
2024-07-03 00:00:00-04:00,7.9907853836444875,8.834203627656885,7.663057004604915,8.646242141723633,5246400,0.0,0.0
2024-07-05 00:00:00-04:00,8.54021115405843,8.54021115405843,8.16428821200262,8.487196922302246,817500,0.0,0.0
2024-07-08 00:00:00-04:00,8.357069763212627,8.866976594231522,8.13537078132284,8.41490364074707,880600,0.0,0.0
2024-07-09 00:00:00-04:00,8.554670082311675,8.595635666816584,8.25103994301638,8.487196922302246,673400,0.0,0.0
2024-07-10 00:00:00-04:00,8.545031603804938,8.602866403027,8.33779154220089,8.3811674118042,208000,0.0,0.0
2024-07-11 00:00:00-04:00,8.400445256490473,8.482377345389084,8.318513167591862,8.385986328125,231400,0.0,0.0
2024-07-12 00:00:00-04:00,8.41972351842506,8.472738673686697,8.270318258168464,8.275137901306152,163500,0.0,0.0
2024-07-15 00:00:00-04:00,8.26549816105759,8.337790965646443,8.006207257710006,8.120912551879883,276600,0.0,0.0
2024-07-16 00:00:00-04:00,8.048620270437846,8.207664818572106,7.99560511464211,8.029341697692871,178600,0.0,0.0
2024-07-17 00:00:00-04:00,7.985965582068184,8.063078032164873,7.858729947483358,7.9618682861328125,138200,0.0,0.0
2024-07-18 00:00:00-04:00,8.029341198309323,8.164288441372287,7.8702966600668125,7.9666876792907715,209300,0.0,0.0
2024-07-19 00:00:00-04:00,7.875116348760616,8.12091262188384,7.73534946199818,7.802823543548584,121600,0.0,0.0
2024-07-22 00:00:00-04:00,7.8992133785733385,8.222122088969563,7.8558375130534825,8.178746223449707,220100,0.0,0.0
2024-07-23 00:00:00-04:00,8.087176549714275,8.15946935947617,7.976326594209558,8.091996192932129,78600,0.0,0.0
2024-07-24 00:00:00-04:00,7.966687977946109,8.23176191186976,7.870296955108643,7.870296955108643,136100,0.0,0.0
2024-07-25 00:00:00-04:00,7.879936285978898,8.279957470295416,7.879936285978898,8.149829864501953,219900,0.0,0.0
2024-07-26 00:00:00-04:00,8.193205192504347,8.959510928167042,8.11850210834754,8.467918395996094,1035300,0.0,0.0
2024-07-29 00:00:00-04:00,8.506475001298307,8.66551954306072,8.038980661997375,8.207664489746094,587800,0.0,0.0
2024-07-30 00:00:00-04:00,8.159469075339526,8.207664586586798,7.15700630225856,8.024521827697754,456400,0.0,0.0
2024-07-31 00:00:00-04:00,8.125732341918683,8.246220658166573,7.932950300519736,8.145009994506836,264100,0.0,0.0
2024-08-01 00:00:00-04:00,8.087176111504348,8.222122437280259,7.687154479001063,7.7739057540893555,223900,0.0,0.0
2024-08-02 00:00:00-04:00,7.735349382619372,7.874634579436903,7.605222242647767,7.677515506744385,138700,0.0,0.0
2024-08-05 00:00:00-04:00,7.373885041917663,7.773905755226566,7.311231062350789,7.701612949371338,197600,0.0,0.0
2024-08-06 00:00:00-04:00,7.7498083907417445,7.904033286994851,7.7160718095929886,7.802823543548584,135900,0.0,0.0
2024-08-07 00:00:00-04:00,7.879936036670659,8.036570295648984,7.826920883561095,7.855837821960449,85400,0.0,0.0
2024-08-08 00:00:00-04:00,7.802823356948317,8.333935491587951,7.788364428550532,8.159468650817871,227900,0.0,0.0
2024-08-09 00:00:00-04:00,8.434181752971414,8.46309869016223,8.207664059679782,8.2606782913208,189100,0.0,0.0
2024-08-12 00:00:00-04:00,8.42454252938856,9.137833113688563,8.42454252938856,8.920954704284668,488200,0.0,0.0
2024-08-13 00:00:00-04:00,9.060721406013457,9.089639265025726,8.772031858455266,8.916135787963867,218300,0.0,0.0
2024-08-14 00:00:00-04:00,8.901676631876683,8.99324801124549,8.86312040676133,8.91131591796875,94600,0.0,0.0
2024-08-15 00:00:00-04:00,8.819743961882011,9.157111599020762,8.781187739287828,8.795646667480469,258800,0.0,0.0
2024-08-16 00:00:00-04:00,8.935414083170167,9.229404953308853,8.863120357137346,9.075180053710938,271300,0.0,0.0
2024-08-19 00:00:00-04:00,9.055902304782576,9.422185977814014,9.041443375878874,9.402908325195312,313400,0.0,0.0
2024-08-20 00:00:00-04:00,9.513757229866897,9.720997278481109,9.190848509311637,9.296878814697266,411000,0.0,0.0
2024-08-21 00:00:00-04:00,9.239044368129981,9.25350329738867,8.96915079007158,9.03662395477295,206000,0.0,0.0
2024-08-22 00:00:00-04:00,8.530573336342181,8.79564726992647,7.952229038563657,8.458279609680176,389500,0.0,0.0
2024-08-23 00:00:00-04:00,8.617324282923953,8.679978724403659,8.414903867590859,8.646242141723633,108700,0.0,0.0
2024-08-26 00:00:00-04:00,8.588406630660053,8.988427784996821,8.496835257232739,8.940232276916504,176600,0.0,0.0
2024-08-27 00:00:00-04:00,9.075179781609677,9.272780543201455,8.631782748933592,9.234224319458008,306500,0.0,0.0
2024-08-28 00:00:00-04:00,9.051082626192827,9.11373614602315,8.737812269282513,8.742631912231445,142500,0.0,0.0
2024-08-29 00:00:00-04:00,8.911315295382401,9.157111558040137,8.89203764379801,8.959510803222656,140600,0.0,0.0
2024-08-30 00:00:00-04:00,8.95951160297668,9.3016979926067,8.800467056384019,9.079999923706055,352200,0.0,0.0
2024-09-03 00:00:00-04:00,8.869999885559082,9.800000190734863,8.789999961853027,9.380000114440918,848700,9.76,0.0
2024-09-04 00:00:00-04:00,9.270000457763672,9.510000228881836,8.829999923706055,8.970000267028809,283300,0.0,0.0
2024-09-05 00:00:00-04:00,8.979999542236328,9.76099967956543,8.979999542236328,9.300000190734863,450600,0.0,0.0
2024-09-06 00:00:00-04:00,9.479999542236328,9.5,8.720000267028809,8.789999961853027,213500,0.0,0.0
2024-09-09 00:00:00-04:00,9.380000114440918,9.380000114440918,8.40999984741211,8.470000267028809,322700,0.0,0.0
2024-09-10 00:00:00-04:00,8.6899995803833,9.220000267028809,8.329000473022461,8.550000190734863,184800,0.0,0.0
2024-09-11 00:00:00-04:00,8.6899995803833,8.925000190734863,8.539999961853027,8.829999923706055,200300,0.0,0.0
2024-09-12 00:00:00-04:00,8.470000267028809,8.609999656677246,7.260000228881836,7.619999885559082,638800,0.0,0.0
2024-09-13 00:00:00-04:00,7.659999847412109,7.789999961853027,7.260000228881836,7.789999961853027,352400,0.0,0.0
2024-09-16 00:00:00-04:00,7.789999961853027,7.909999847412109,7.630000114440918,7.909999847412109,233200,0.0,0.0
2024-09-17 00:00:00-04:00,8.0600004196167,8.0600004196167,7.789999961853027,7.96999979019165,162400,0.0,0.0
2024-09-18 00:00:00-04:00,7.989999771118164,8.279999732971191,7.934999942779541,8.130000114440918,126900,0.0,0.0
2024-09-19 00:00:00-04:00,8.380000114440918,8.40999984741211,8.010000228881836,8.319999694824219,256000,0.0,0.0
2024-09-20 00:00:00-04:00,8.34000015258789,8.630000114440918,8.199999809265137,8.609999656677246,1430100,0.0,0.0
2024-09-23 00:00:00-04:00,8.710000038146973,9.414999961853027,8.649999618530273,9.289999961853027,330300,0.0,0.0
2024-09-24 00:00:00-04:00,9.319999694824219,9.640000343322754,9.229999542236328,9.5,405000,0.0,0.0
2024-09-25 00:00:00-04:00,9.300000190734863,9.460000038146973,8.9399995803833,9.069999694824219,152700,0.0,0.0
2024-09-26 00:00:00-04:00,9.529999732971191,10.029999732971191,9.420000076293945,9.609999656677246,447500,0.0,0.0
2024-09-27 00:00:00-04:00,9.710000038146973,10.875,9.645000457763672,10.3100004196167,367100,0.0,0.0
2024-09-30 00:00:00-04:00,10.800000190734863,11.949999809265137,10.569999694824219,10.829999923706055,610500,0.0,0.0
2024-10-01 00:00:00-04:00,10.979999542236328,11.447999954223633,10.609999656677246,11.229999542236328,295200,0.0,0.0
2024-10-02 00:00:00-04:00,11.8100004196167,11.850000381469727,10.579999923706055,10.90999984741211,397900,0.0,0.0
2024-10-03 00:00:00-04:00,10.520000457763672,10.800000190734863,10.140999794006348,10.380000114440918,140900,0.0,0.0
2024-10-04 00:00:00-04:00,10.449999809265137,10.760000228881836,10.25,10.710000038146973,109300,0.0,0.0
2024-10-07 00:00:00-04:00,11.020000457763672,11.670000076293945,10.300000190734863,10.430000305175781,175700,0.0,0.0
2024-10-08 00:00:00-04:00,9.6899995803833,9.9399995803833,9.279999732971191,9.760000228881836,144100,0.0,0.0
2024-10-09 00:00:00-04:00,9.4399995803833,9.739999771118164,9.180000305175781,9.600000381469727,221500,0.0,0.0
2024-10-10 00:00:00-04:00,9.609999656677246,9.609999656677246,9.229999542236328,9.350000381469727,131400,0.0,0.0
2024-10-11 00:00:00-04:00,9.229999542236328,9.640000343322754,8.989999771118164,9.630000114440918,143100,0.0,0.0
2024-10-14 00:00:00-04:00,9.569999694824219,9.656000137329102,9.15999984741211,9.199999809265137,158400,0.0,0.0
2024-10-15 00:00:00-04:00,9.020000457763672,9.350000381469727,8.760000228881836,8.920000076293945,243200,0.0,0.0
2024-10-16 00:00:00-04:00,8.920000076293945,9.239999771118164,8.90999984741211,8.979999542236328,98900,0.0,0.0
2024-10-17 00:00:00-04:00,8.890000343322754,8.890000343322754,8.585000038146973,8.739999771118164,178200,0.0,0.0
2024-10-18 00:00:00-04:00,9.069999694824219,9.180000305175781,8.850000381469727,9.180000305175781,101300,0.0,0.0
2024-10-21 00:00:00-04:00,9.09000015258789,9.274999618530273,8.930000305175781,9.270000457763672,81300,0.0,0.0
2024-10-22 00:00:00-04:00,9.270000457763672,9.369999885559082,9.050000190734863,9.09000015258789,67900,0.0,0.0
2024-10-23 00:00:00-04:00,9.170000076293945,9.170000076293945,8.869999885559082,8.979999542236328,67800,0.0,0.0
2024-10-24 00:00:00-04:00,8.920000076293945,9.039999961853027,8.866000175476074,8.930000305175781,61900,0.0,0.0
2024-10-25 00:00:00-04:00,9.0,9.489999771118164,8.869999885559082,9.390000343322754,135300,0.0,0.0
2024-10-28 00:00:00-04:00,9.5,10.880000114440918,9.489999771118164,10.789999961853027,459900,0.0,0.0
2024-10-29 00:00:00-04:00,10.819999694824219,11.300000190734863,10.710000038146973,11.289999961853027,228200,0.0,0.0
2024-10-30 00:00:00-04:00,11.100000381469727,11.350000381469727,10.770000457763672,11.0600004196167,147200,0.0,0.0
2024-10-31 00:00:00-04:00,11.0,11.020000457763672,10.585000038146973,10.819999694824219,88500,0.0,0.0
2024-11-01 00:00:00-04:00,10.899999618530273,10.899999618530273,10.34000015258789,10.5600004196167,68000,0.0,0.0
2024-11-04 00:00:00-05:00,10.65999984741211,10.869999885559082,10.430000305175781,10.609999656677246,68100,0.0,0.0
2024-11-05 00:00:00-05:00,10.75,11.130000114440918,10.619999885559082,11.079999923706055,114000,0.0,0.0
2024-11-06 00:00:00-05:00,10.949999809265137,11.100000381469727,10.529999732971191,10.869999885559082,96200,0.0,0.0
2024-11-07 00:00:00-05:00,11.130000114440918,11.319999694824219,10.779999732971191,11.130000114440918,129300,0.0,0.0
2024-11-08 00:00:00-05:00,10.949999809265137,11.305000305175781,10.600000381469727,10.760000228881836,252000,0.0,0.0
2024-11-11 00:00:00-05:00,10.800000190734863,11.675000190734863,10.670000076293945,11.609999656677246,236400,0.0,0.0
2024-11-12 00:00:00-05:00,11.600000381469727,11.600000381469727,10.670000076293945,10.770000457763672,126800,0.0,0.0
2024-11-13 00:00:00-05:00,10.979999542236328,11.260000228881836,10.510000228881836,10.59000015258789,56800,0.0,0.0
2024-11-14 00:00:00-05:00,10.479999542236328,10.640000343322754,10.149999618530273,10.539999961853027,67800,0.0,0.0
2024-11-15 00:00:00-05:00,10.609999656677246,10.680000305175781,10.300000190734863,10.414999961853027,53700,0.0,0.0
2024-11-18 00:00:00-05:00,10.550000190734863,10.774999618530273,10.029999732971191,10.0600004196167,109500,0.0,0.0
2024-11-19 00:00:00-05:00,10.100000381469727,10.109000205993652,9.720000267028809,9.890000343322754,132900,0.0,0.0
2024-11-20 00:00:00-05:00,9.6899995803833,10.25,9.670999526977539,9.729999542236328,115400,0.0,0.0
2024-11-21 00:00:00-05:00,9.720000267028809,9.880000114440918,9.399999618530273,9.720000267028809,83300,0.0,0.0
2024-11-22 00:00:00-05:00,9.619999885559082,10.289999961853027,9.619999885559082,10.229999542236328,117400,0.0,0.0
2024-11-25 00:00:00-05:00,10.199999809265137,10.5,9.90999984741211,9.949999809265137,107900,0.0,0.0
2024-11-26 00:00:00-05:00,9.9399995803833,10.15999984741211,9.739999771118164,9.8100004196167,72200,0.0,0.0
2024-11-27 00:00:00-05:00,10.0,10.369999885559082,9.920000076293945,10.0,80000,0.0,0.0
2024-11-29 00:00:00-05:00,10.300000190734863,11.550000190734863,10.119999885559082,11.4399995803833,321700,0.0,0.0
2024-12-02 00:00:00-05:00,11.369999885559082,12.800000190734863,11.359999656677246,12.789999961853027,513100,0.0,0.0
2024-12-03 00:00:00-05:00,12.800000190734863,13.015000343322754,12.319999694824219,12.59000015258789,123900,0.0,0.0
2024-12-04 00:00:00-05:00,12.199999809265137,12.789999961853027,11.574999809265137,12.130000114440918,159500,0.0,0.0
2024-12-05 00:00:00-05:00,12.210000038146973,12.350000381469727,11.90999984741211,12.170000076293945,84000,0.0,0.0
2024-12-06 00:00:00-05:00,12.170000076293945,12.170000076293945,11.40999984741211,12.09000015258789,122000,0.0,0.0
2024-12-09 00:00:00-05:00,12.199999809265137,13.109999656677246,12.050000190734863,12.289999961853027,142200,0.0,0.0
2024-12-10 00:00:00-05:00,12.130000114440918,12.130000114440918,11.65999984741211,11.819999694824219,69800,0.0,0.0
2024-12-11 00:00:00-05:00,11.640000343322754,11.789999961853027,11.260000228881836,11.319999694824219,47800,0.0,0.0
2024-12-12 00:00:00-05:00,11.260000228881836,11.739999771118164,11.260000228881836,11.520000457763672,69400,0.0,0.0
2024-12-13 00:00:00-05:00,11.430000305175781,11.725000381469727,11.260000228881836,11.699999809265137,42100,0.0,0.0
2024-12-16 00:00:00-05:00,11.569999694824219,12.319999694824219,11.569999694824219,11.760000228881836,88000,0.0,0.0
2024-12-17 00:00:00-05:00,11.479999542236328,11.9399995803833,11.199999809265137,11.779999732971191,45700,0.0,0.0
2024-12-18 00:00:00-05:00,11.789999961853027,11.899999618530273,11.25,11.449999809265137,69000,0.0,0.0
2024-12-19 00:00:00-05:00,11.619999885559082,11.779999732971191,11.069999694824219,11.119999885559082,63600,0.0,0.0
2024-12-20 00:00:00-05:00,11.1899995803833,11.640000343322754,11.100000381469727,11.5,157100,0.0,0.0
2024-12-23 00:00:00-05:00,11.420000076293945,11.460000038146973,10.869999885559082,11.010000228881836,56300,0.0,0.0
2024-12-24 00:00:00-05:00,10.979999542236328,11.59000015258789,10.859999656677246,11.34000015258789,47100,0.0,0.0
2024-12-26 00:00:00-05:00,11.329999923706055,11.850000381469727,11.300000190734863,11.739999771118164,75000,0.0,0.0
2024-12-27 00:00:00-05:00,11.600000381469727,11.649999618530273,11.140000343322754,11.300000190734863,81000,0.0,0.0
2024-12-30 00:00:00-05:00,11.15999984741211,11.34000015258789,10.916000366210938,11.289999961853027,30800,0.0,0.0
2024-12-31 00:00:00-05:00,11.34000015258789,11.40999984741211,11.020000457763672,11.210000038146973,38700,0.0,0.0
2025-01-02 00:00:00-05:00,11.079999923706055,11.340999603271484,10.949999809265137,11.170000076293945,30600,0.0,0.0
2025-01-03 00:00:00-05:00,11.149999618530273,11.399999618530273,10.890000343322754,11.050000190734863,70800,0.0,0.0
2025-01-06 00:00:00-05:00,11.100000381469727,11.25,10.59000015258789,10.84000015258789,115600,0.0,0.0
2025-01-07 00:00:00-05:00,10.770000457763672,10.961999893188477,10.739999771118164,10.779999732971191,27000,0.0,0.0
2025-01-08 00:00:00-05:00,10.680000305175781,10.760000228881836,10.59000015258789,10.720000267028809,41000,0.0,0.0
2025-01-10 00:00:00-05:00,10.600000381469727,10.649999618530273,10.25,10.569999694824219,70500,0.0,0.0
2025-01-13 00:00:00-05:00,10.470000267028809,10.539999961853027,10.260000228881836,10.479999542236328,28000,0.0,0.0
2025-01-14 00:00:00-05:00,10.739999771118164,10.9399995803833,10.670000076293945,10.850000381469727,84000,0.0,0.0
2025-01-15 00:00:00-05:00,10.9399995803833,12.350000381469727,10.9399995803833,12.289999961853027,179800,0.0,0.0
2025-01-16 00:00:00-05:00,16.040000915527344,16.149999618530273,15.050000190734863,15.6899995803833,1966375,0.0,0.0
