Date,Open,High,Low,Close,Volume,Dividends,Stock Splits
2022-01-03 00:00:00-05:00,12.797107815487966,12.833029487379095,12.779146551322293,12.8060884475708,12200,0.0,0.0
2022-01-04 00:00:00-05:00,12.842007699342043,12.842007699342043,12.75220310831809,12.761183738708496,11100,0.0,0.0
2022-01-05 00:00:00-05:00,12.734244227045581,12.770165896463531,12.725263595581055,12.725263595581055,12000,0.0,0.0
2022-01-06 00:00:00-05:00,12.662400268444932,12.671380043029785,12.662400268444932,12.671380043029785,11500,0.0,0.0
2022-01-07 00:00:00-05:00,12.698323326696967,12.698323326696967,12.590558311916366,12.617499351501465,11000,0.0,0.0
2022-01-10 00:00:00-05:00,12.68036084049676,12.68036084049676,12.581576467245826,12.590557098388672,6500,0.0,0.0
2022-01-11 00:00:00-05:00,12.617498539806773,12.707302284793348,12.599537276945366,12.635458946228027,43300,0.0,0.0
2022-01-12 00:00:00-05:00,12.59953744270634,12.743224121727343,12.59953744270634,12.734244346618652,34400,0.0,0.0
2022-01-13 00:00:00-05:00,13.057539986029033,13.057539986029033,12.698323271650873,12.707303047180176,5200,0.0,0.0
2022-01-14 00:00:00-05:00,12.637990843695933,12.854024669772963,12.601985206016426,12.628989219665527,5300,0.033,0.0
2022-01-18 00:00:00-05:00,12.556979210330582,12.782014683126622,12.223926813605507,12.35894775390625,42000,0.0,0.0
2022-01-19 00:00:00-05:00,12.358948297904382,12.655995924836988,12.358948297904382,12.412957191467285,13900,0.0,0.0
2022-01-20 00:00:00-05:00,12.556977556068228,12.556977556068228,12.016893007574057,12.286934852600098,16500,0.0,0.0
2022-01-21 00:00:00-05:00,12.313941257176943,12.32294202360771,12.13391219348641,12.142913818359375,5000,0.0,0.0
2022-01-24 00:00:00-05:00,11.962885059988663,12.15191488136988,11.962885059988663,12.079903602600098,25200,0.0,0.0
2022-01-25 00:00:00-05:00,12.160918083478023,12.349947929382324,12.115910813797521,12.349947929382324,36500,0.0,0.0
2022-01-26 00:00:00-05:00,12.322941601721652,12.40395450592041,12.322941601721652,12.40395450592041,12400,0.0,0.0
2022-01-27 00:00:00-05:00,12.40395343846733,12.90803321096744,12.331942165030469,12.59298324584961,3300,0.0,0.0
2022-01-28 00:00:00-05:00,12.565983562315688,12.565983562315688,12.484970637177083,12.547980308532715,2300,0.0,0.0
2022-01-31 00:00:00-05:00,12.592984511847538,12.592984511847538,12.313941013837429,12.322941780090332,5800,0.0,0.0
2022-02-01 00:00:00-05:00,12.32294379314595,12.529976902742526,12.32294379314595,12.331945419311523,2100,0.0,0.0
2022-02-02 00:00:00-05:00,12.340942997079363,12.39495187791308,12.295935739458272,12.304937362670898,9100,0.0,0.0
2022-02-03 00:00:00-05:00,12.250931739807129,12.250931739807129,12.214926095823449,12.250931739807129,5600,0.0,0.0
2022-02-04 00:00:00-05:00,12.187922066460914,12.241930961608887,12.097907527361713,12.241930961608887,23800,0.0,0.0
2022-02-07 00:00:00-05:00,12.601984816386597,12.601984816386597,12.268932463538002,12.286934852600098,3400,0.0,0.0
2022-02-08 00:00:00-05:00,12.268937231618981,12.457967111665205,12.268937231618981,12.385955810546875,4400,0.0,0.0
2022-02-09 00:00:00-05:00,12.322945278236517,12.385955810546875,12.286939627677352,12.385955810546875,4700,0.0,0.0
2022-02-10 00:00:00-05:00,12.46696314673001,12.46696314673001,12.187918836232878,12.304937362670898,2500,0.0,0.0
2022-02-11 00:00:00-05:00,12.592987390464222,12.592987390464222,12.070905056997766,12.106910705566406,9000,0.0,0.0
2022-02-14 00:00:00-05:00,12.100591972953117,12.11863950326067,11.974262703014672,12.010356903076172,4900,0.033,0.0
2022-02-15 00:00:00-05:00,12.037426696637239,12.037426696637239,11.829884411926134,11.911096572875977,54800,0.0,0.0
2022-02-16 00:00:00-05:00,11.911096671241658,11.911096671241658,11.820861605427192,11.90207290649414,22700,0.0,0.0
2022-02-17 00:00:00-05:00,11.911097693124962,11.99230986171288,11.911097693124962,11.974263191223145,16500,0.0,0.0
2022-02-18 00:00:00-05:00,11.965241633800192,12.00133584199423,11.920123658419191,11.94719409942627,7800,0.0,0.0
2022-02-22 00:00:00-05:00,11.947192092788134,11.974263389802148,11.875003688524746,11.956215858459473,6600,0.0,0.0
2022-02-23 00:00:00-05:00,11.956215858459473,11.96523962413081,11.893051219867424,11.956215858459473,4100,0.0,0.0
2022-02-24 00:00:00-05:00,11.929148031895386,12.06450110436379,11.911100496604213,12.046454429626465,6500,0.0,0.0
2022-02-25 00:00:00-05:00,12.046448510424103,12.163753989961535,12.046448510424103,12.127659797668457,1400,0.0,0.0
2022-02-28 00:00:00-05:00,12.172779820734227,12.263015747070312,12.109615188631112,12.263015747070312,9400,0.0,0.0
2022-03-01 00:00:00-05:00,12.1637578490143,12.371300165959077,12.1637578490143,12.272041320800781,19300,0.0,0.0
2022-03-02 00:00:00-05:00,12.244968902897421,12.326181069034394,12.181804267259162,12.208874702453613,8100,0.0,0.0
2022-03-03 00:00:00-05:00,12.199850082397461,12.263014709154456,12.199850082397461,12.199850082397461,222100,0.0,0.0
2022-03-04 00:00:00-05:00,12.127663023096478,12.172780990600586,12.127663023096478,12.172780990600586,300,0.0,0.0
2022-03-07 00:00:00-05:00,12.00133142683108,12.01937809401202,11.802812924519827,11.992307662963867,11800,0.0,0.0
2022-03-08 00:00:00-05:00,11.992307662963867,11.992307662963867,11.865977550483345,11.992307662963867,3500,0.0,0.0
2022-03-09 00:00:00-05:00,12.073520220728994,12.073520220728994,11.856955043988966,11.893049240112305,1600,0.0,0.0
2022-03-10 00:00:00-05:00,11.911095907897217,11.911095907897217,11.757695359234651,11.893049240112305,9800,0.0,0.0
2022-03-11 00:00:00-05:00,11.893049240112305,11.893049240112305,11.893049240112305,11.893049240112305,0,0.0,0.0
2022-03-14 00:00:00-04:00,11.895766572251508,11.895766572251508,11.751027340949307,11.841489791870117,1900,0.033,0.0
2022-03-15 00:00:00-04:00,11.832438468933105,11.832438468933105,11.696745711519082,11.832438468933105,6000,0.0,0.0
2022-03-16 00:00:00-04:00,11.787207424447397,11.832438631779077,11.615329871843237,11.696745872497559,99100,0.0,0.0
2022-03-17 00:00:00-04:00,11.70579384451915,11.778164308843968,11.615332273862107,11.741978645324707,47200,0.0,0.0
2022-03-18 00:00:00-04:00,11.732930996783754,11.732930996783754,11.69674620244041,11.723884582519531,2200,0.0,0.0
2022-03-21 00:00:00-04:00,11.760069847106934,11.760069847106934,11.660561874362148,11.760069847106934,12000,0.0,0.0
2022-03-22 00:00:00-04:00,11.696745872497559,11.741976217115715,11.651514665165877,11.696745872497559,3500,0.0,0.0
2022-03-23 00:00:00-04:00,11.624376613753723,11.723884582519531,11.624376613753723,11.723884582519531,1300,0.0,0.0
2022-03-24 00:00:00-04:00,11.723881860280601,11.723881860280601,11.624373914620143,11.660558700561523,2600,0.0,0.0
2022-03-25 00:00:00-04:00,11.624376640229139,11.624376640229139,11.579145431518555,11.579145431518555,2200,0.0,0.0
2022-03-28 00:00:00-04:00,11.542961448578646,11.760070230396233,11.262528625029056,11.570099830627441,38300,0.0,0.0
2022-03-29 00:00:00-04:00,11.561055709443277,11.741979730186955,11.407270076132706,11.45250129699707,56000,0.0,0.0
2022-03-30 00:00:00-04:00,11.533915845776683,11.5701006452941,11.48868463070149,11.561054229736328,3800,0.0,0.0
2022-03-31 00:00:00-04:00,11.687699167805848,11.760068752651236,11.52486717054697,11.751022338867188,2800,0.0,0.0
2022-04-01 00:00:00-04:00,11.669606340237749,11.760068752651236,11.642467961599104,11.751022338867188,61300,0.0,0.0
2022-04-04 00:00:00-04:00,11.732930374012591,11.751022338867188,11.624375996744508,11.751022338867188,5100,0.0,0.0
2022-04-05 00:00:00-04:00,11.751026325171884,11.760072742024752,11.669610298923658,11.687703132629395,12700,0.0,0.0
2022-04-06 00:00:00-04:00,11.588189128678763,11.687697074339221,11.588189128678763,11.660558700561523,5400,0.0,0.0
2022-04-07 00:00:00-04:00,11.760072603352146,11.760072603352146,11.624379803014367,11.678656578063965,10100,0.0,0.0
2022-04-08 00:00:00-04:00,11.615330212634749,11.696746215677798,11.452498206548647,11.651515007019043,39500,0.0,0.0
2022-04-11 00:00:00-04:00,11.47059137426558,11.66056176607865,11.47059137426558,11.606284141540527,30100,0.0,0.0
2022-04-12 00:00:00-04:00,11.606284523119752,11.642469319763624,11.398222158095901,11.416314125061035,62200,0.0,0.0
2022-04-13 00:00:00-04:00,11.461547560439918,11.461547560439918,11.31680834578054,11.362039566040039,80600,0.0,0.0
2022-04-14 00:00:00-04:00,11.38289605522667,11.555226369264153,11.35568618774414,11.35568618774414,7300,0.033,0.0
2022-04-18 00:00:00-04:00,11.147078187928704,11.772910514702037,11.092657571911467,11.528019905090332,23700,0.0,0.0
2022-04-19 00:00:00-04:00,11.31940732072132,11.518948404415967,11.065446491919385,11.509878158569336,29000,0.0,0.0
2022-04-20 00:00:00-04:00,11.373827345034256,11.419177706945508,11.283126621211753,11.401037216186523,15900,0.0,0.0
2022-04-21 00:00:00-04:00,11.364759532525424,11.364759532525424,11.274059654272873,11.30126953125,6700,0.0,0.0
2022-04-22 00:00:00-04:00,11.283129036607654,11.30126953125,11.274059654272873,11.30126953125,16000,0.0,0.0
2022-04-25 00:00:00-04:00,11.274060758361225,11.283130141584184,11.110799750537248,11.24685001373291,24000,0.0,0.0
2022-04-26 00:00:00-04:00,11.192429991194716,11.192429991194716,11.156149864196777,11.156149864196777,6000,0.0,0.0
2022-04-27 00:00:00-04:00,11.246846560462256,11.246846560462256,11.101726093615445,11.138006210327148,3200,0.0,0.0
2022-04-28 00:00:00-04:00,11.110796928405762,11.110796928405762,11.083587055675206,11.110796928405762,10800,0.0,0.0
2022-04-29 00:00:00-04:00,11.147078450140937,11.147078450140937,11.056377709640772,11.074518203735352,5500,0.0,0.0
2022-05-02 00:00:00-04:00,11.038236908709598,11.101726901327773,10.820556192601902,10.992886543273926,44100,0.0,0.0
2022-05-03 00:00:00-04:00,10.956607967664505,11.18335896180489,10.929398090563849,10.965678215026855,42400,0.0,0.0
2022-05-04 00:00:00-04:00,10.929396115220309,10.929396115220309,10.893115997314453,10.893115997314453,15700,0.0,0.0
2022-05-05 00:00:00-04:00,10.865906654544682,10.92939751776726,10.820557150082436,10.856837272644043,19700,0.0,0.0
2022-05-06 00:00:00-04:00,10.784276299039053,11.23777823291811,10.784276299039053,10.938467025756836,11900,0.0,0.0
2022-05-09 00:00:00-04:00,10.920327186584473,10.956607308866028,10.775206697458248,10.920327186584473,5100,0.0,0.0
2022-05-10 00:00:00-04:00,10.947537211903722,11.301269057730686,10.884047213288506,10.929397583007812,3900,0.0,0.0
2022-05-11 00:00:00-04:00,10.956607458844854,10.956607458844854,10.929397583007812,10.929397583007812,2800,0.0,0.0
2022-05-12 00:00:00-04:00,10.938465181398437,10.947534561157227,10.929394936653498,10.947534561157227,3100,0.0,0.0
2022-05-13 00:00:00-04:00,10.986646427541437,11.023026017009144,10.95026683807373,10.95026683807373,40200,0.033,0.0
2022-05-16 00:00:00-04:00,10.941170542566926,10.941170542566926,10.877506484711603,10.913886070251465,4000,0.0,0.0
2022-05-17 00:00:00-04:00,10.859317788407864,10.932077837097665,10.83203331224785,10.850223541259766,9300,0.0,0.0
2022-05-18 00:00:00-04:00,10.841128781241457,10.841128781241457,10.686515299015998,10.75927448272705,12900,0.0,0.0
2022-05-19 00:00:00-04:00,10.677420556058465,10.868413636790866,10.677420556058465,10.813844680786133,69400,0.0,0.0
2022-05-20 00:00:00-04:00,10.950263912953394,10.950263912953394,10.795650482177734,10.795650482177734,116000,0.0,0.0
2022-05-23 00:00:00-04:00,10.832034043668404,10.8411291587885,10.813844680786133,10.813844680786133,72000,0.0,0.0
2022-05-24 00:00:00-04:00,10.868412902913821,10.868412902913821,10.841128426753809,10.850223541259766,11100,0.0,0.0
2022-05-25 00:00:00-04:00,10.85931678756065,11.004836004170638,10.85931678756065,10.99574089050293,8400,0.0,0.0
2022-05-26 00:00:00-04:00,10.995738804400432,11.150352237987217,10.995738804400432,11.123066902160645,52200,0.0,0.0
2022-05-27 00:00:00-04:00,11.168544622962107,11.186734851778928,11.132165032686316,11.141260147094727,18400,0.0,0.0
2022-05-31 00:00:00-04:00,11.059404530437153,11.159449042257753,10.977550245259478,11.077594757080078,13700,0.0,0.0
2022-06-01 00:00:00-04:00,11.16854239971045,11.16854239971045,11.013928954976803,11.095783233642578,14200,0.0,0.0
2022-06-02 00:00:00-04:00,11.077595018629607,11.286777425815718,11.077595018629607,11.268588066101074,33300,0.0,0.0
2022-06-03 00:00:00-04:00,11.259492229173075,11.34134651102447,11.104878778422155,11.304966926574707,33700,0.0,0.0
2022-06-06 00:00:00-04:00,11.295871085849582,11.368630250061361,11.295871085849582,11.35044002532959,15700,0.0,0.0
2022-06-07 00:00:00-04:00,11.359536170959473,11.359536170959473,11.286777000129515,11.359536170959473,6800,0.0,0.0
2022-06-08 00:00:00-04:00,11.323154529876454,11.359534108686885,11.323154529876454,11.332249641418457,8300,0.0,0.0
2022-06-09 00:00:00-04:00,11.304967193733631,11.304967193733631,11.195828437805176,11.195828437805176,5500,0.0,0.0
2022-06-10 00:00:00-04:00,11.068498842304233,11.141258008892056,11.059403729641334,11.104878425598145,4000,0.0,0.0
2022-06-13 00:00:00-04:00,11.050309378835442,11.050309378835442,10.90479103562712,10.922981262207031,11900,0.0,0.0
2022-06-14 00:00:00-04:00,10.861880646564945,10.934840313581086,10.752441146040734,10.807161331176758,16900,0.033,0.0
2022-06-15 00:00:00-04:00,10.807156614787807,11.272274071595207,10.74331628169859,10.761556625366211,4200,0.0,0.0
2022-06-16 00:00:00-04:00,10.66123760037577,10.66123760037577,10.4514788445351,10.542678833007812,16700,0.0,0.0
2022-06-17 00:00:00-04:00,10.60651593099861,10.688595728317825,10.56091594696045,10.56091594696045,9600,0.0,0.0
2022-06-21 00:00:00-04:00,10.551799463792007,10.615639811654969,10.515319637762168,10.524439811706543,4700,0.0,0.0
2022-06-22 00:00:00-04:00,10.615639104608434,10.652118928208562,10.588278584597639,10.59739875793457,10300,0.0,0.0
2022-06-23 00:00:00-04:00,10.743315964720123,10.743315964720123,10.715956319773387,10.734196662902832,1100,0.0,0.0
2022-06-24 00:00:00-04:00,10.743317418753659,10.770677937150884,10.743317418753659,10.752437591552734,600,0.0,0.0
2022-06-27 00:00:00-04:00,10.788915768219086,10.898355215881168,10.779795596810391,10.825395584106445,6500,0.0,0.0
2022-06-28 00:00:00-04:00,10.834519199471583,10.870999026954745,10.834519199471583,10.843639373779297,5500,0.0,0.0
2022-06-29 00:00:00-04:00,10.84363872966973,10.953078205618539,10.652119429322404,10.743318557739258,38500,0.0,0.0
2022-06-30 00:00:00-04:00,10.770677880485964,10.825397177497434,10.670357719719028,10.7980375289917,23500,0.0,0.0
2022-07-01 00:00:00-04:00,10.816278024527048,10.916598194752373,10.816278024527048,10.880118370056152,7100,0.0,0.0
2022-07-05 00:00:00-04:00,10.889235444986705,10.934835433959961,10.852755627757588,10.934835433959961,5100,0.0,0.0
2022-07-06 00:00:00-04:00,10.980437151769138,10.980437151769138,10.943957328796387,10.943957328796387,7200,0.0,0.0
2022-07-07 00:00:00-04:00,10.989555041921498,11.098994488104228,10.953075226527254,11.04427433013916,18400,0.0,0.0
2022-07-08 00:00:00-04:00,11.126354401547687,11.18107456083736,11.07163511200544,11.117234230041504,4200,0.0,0.0
2022-07-11 00:00:00-04:00,11.153715970915512,11.244915962219238,11.153715970915512,11.244915962219238,1000,0.0,0.0
2022-07-12 00:00:00-04:00,11.199313163757324,11.20843333455474,11.199313163757324,11.199313163757324,900,0.0,0.0
2022-07-13 00:00:00-04:00,11.181076178201675,11.21755599975586,11.181076178201675,11.21755599975586,1700,0.0,0.0
2022-07-14 00:00:00-04:00,11.266019288489534,11.275163994192685,11.18371868133545,11.18371868133545,31700,0.033,0.0
2022-07-15 00:00:00-04:00,11.293457911255837,11.293457911255837,11.183723143212333,11.284313201904297,3100,0.0,0.0
2022-07-18 00:00:00-04:00,11.26602055657771,11.26602055657771,11.165431398782278,11.220298767089844,2000,0.0,0.0
2022-07-19 00:00:00-04:00,11.238587231993318,11.24773193866356,11.211153984069824,11.211153984069824,2500,0.0,0.0
2022-07-20 00:00:00-04:00,11.238587308467544,11.256876721932477,11.211154060357378,11.220298767089844,12100,0.0,0.0
2022-07-21 00:00:00-04:00,11.192864418029785,11.192864418029785,11.192864418029785,11.192864418029785,400,0.0,0.0
2022-07-22 00:00:00-04:00,11.229444217125746,11.229444217125746,11.046554416603312,11.174577713012695,7500,0.0,0.0
2022-07-25 00:00:00-04:00,11.119710854735878,11.17457823349185,11.073988184453802,11.101422309875488,2100,0.0,0.0
2022-07-26 00:00:00-04:00,11.22944458909996,11.22944458909996,11.08313274383545,11.08313274383545,11600,0.0,0.0
2022-07-27 00:00:00-04:00,11.08313120488523,11.18372036651541,11.08313120488523,11.14714241027832,32400,0.0,0.0
2022-07-28 00:00:00-04:00,11.220298767089844,11.229442601735077,11.211154060357378,11.220298767089844,2100,0.0,0.0
2022-07-29 00:00:00-04:00,11.25687701600586,11.339176762486348,11.229442895091776,11.275165557861328,11100,0.0,0.0
2022-08-01 00:00:00-04:00,11.266021442916442,11.375755316077502,11.266021442916442,11.36661148071289,14700,0.0,0.0
2022-08-02 00:00:00-04:00,11.366612284544399,11.384900828654265,11.348322868347168,11.348322868347168,10100,0.0,0.0
2022-08-03 00:00:00-04:00,11.430621349275704,11.430621349275704,11.229442169344036,11.311742782592773,33700,0.0,0.0
2022-08-04 00:00:00-04:00,11.284309535538927,11.348320736026968,11.284309535538927,11.311742782592773,2000,0.0,0.0
2022-08-05 00:00:00-04:00,11.275165263310177,11.339176466262975,11.220298767089844,11.220298767089844,9900,0.0,0.0
2022-08-08 00:00:00-04:00,11.330032631617742,11.330032631617742,11.211154060357378,11.220298767089844,27500,0.0,0.0
2022-08-09 00:00:00-04:00,11.238588483792293,11.256877899169922,11.238588483792293,11.256877899169922,5800,0.0,0.0
2022-08-10 00:00:00-04:00,11.284311363285651,11.339177866280199,11.284311363285651,11.302599906921387,6800,0.0,0.0
2022-08-11 00:00:00-04:00,11.302600199941455,11.366612284544399,11.302600199941455,11.348322868347168,7900,0.0,0.0
2022-08-12 00:00:00-04:00,11.41525415669548,11.41525415669548,11.351072283639152,11.387747764587402,18200,0.033,0.0
2022-08-15 00:00:00-04:00,11.360241919481776,11.40608561706516,11.323566436767578,11.323566436767578,3100,0.0,0.0
2022-08-16 00:00:00-04:00,11.296059608459473,11.296059608459473,11.296059608459473,11.296059608459473,4100,0.0,0.0
2022-08-17 00:00:00-04:00,11.268551879413865,11.479436544060295,11.21353822251102,11.250214576721191,15900,0.0,0.0
2022-08-18 00:00:00-04:00,11.23187825734766,11.23187825734766,11.204371861552936,11.213540077209473,5900,0.0,0.0
2022-08-19 00:00:00-04:00,11.176864190523627,11.176864190523627,11.094345006098742,11.149357795715332,7900,0.0,0.0
2022-08-22 00:00:00-04:00,11.094345568301128,11.094345568301128,11.030162811279297,11.030162811279297,3700,0.0,0.0
2022-08-23 00:00:00-04:00,11.066838297686385,11.085176478096214,11.030162811279297,11.030162811279297,8100,0.0,0.0
2022-08-24 00:00:00-04:00,11.09434506892766,11.09434506892766,11.048500494379194,11.076006889343262,16300,0.0,0.0
2022-08-25 00:00:00-04:00,11.048498153686523,11.048498153686523,11.048498153686523,11.048498153686523,100,0.0,0.0
2022-08-26 00:00:00-04:00,11.002655003924552,11.01182409295348,10.97514861125023,10.9843168258667,7800,0.0,0.0
2022-08-29 00:00:00-04:00,11.01182323985179,11.01182323985179,10.828445845542047,10.837614059448242,8900,0.0,0.0
2022-08-30 00:00:00-04:00,10.855954635694449,10.865123726039776,10.810110058380392,10.846785545349121,16000,0.0,0.0
2022-08-31 00:00:00-04:00,10.837613156715417,10.855951331825084,10.819275856018066,10.819275856018066,3600,0.0,0.0
2022-09-01 00:00:00-04:00,10.819280801375747,10.819280801375747,10.507538677316518,10.617565155029297,54700,0.0,0.0
2022-09-02 00:00:00-04:00,10.700081387891531,10.700081387891531,10.61756134064926,10.672574996948242,23300,0.0,0.0
2022-09-06 00:00:00-04:00,10.580888733552111,10.66340880319536,10.544213244200963,10.635902404785156,35400,0.0,0.0
2022-09-07 00:00:00-04:00,10.645070955033324,10.718421936035156,10.6267336469892,10.718421936035156,13400,0.0,0.0
2022-09-08 00:00:00-04:00,10.718421936035156,10.764266517764467,10.68174644553424,10.718421936035156,15900,0.0,0.0
2022-09-09 00:00:00-04:00,10.782599882243757,10.782599882243757,10.75509262084961,10.75509262084961,3000,0.0,0.0
2022-09-12 00:00:00-04:00,10.773433685302734,10.865122832389465,10.69091362780718,10.773433685302734,7300,0.0,0.0
2022-09-13 00:00:00-04:00,10.709253719219427,10.865124772451486,10.68174644553424,10.718421936035156,8200,0.0,0.0
2022-09-14 00:00:00-04:00,10.748761341989416,10.748761341989416,10.555669778869234,10.620034217834473,20200,0.033,0.0
2022-09-15 00:00:00-04:00,10.647618952106452,10.656813997639196,10.500501731133786,10.537281036376953,5400,0.0,0.0
2022-09-16 00:00:00-04:00,10.564864158630371,10.564864158630371,10.436137042582486,10.564864158630371,28200,0.0,0.0
2022-09-19 00:00:00-04:00,10.472918808450691,10.564866644853243,10.436139498512086,10.518892288208008,9800,0.0,0.0
2022-09-20 00:00:00-04:00,10.436135995728332,10.528083801269531,10.436135995728332,10.528083801269531,3600,0.0,0.0
2022-09-21 00:00:00-04:00,10.574058142483942,10.574058142483942,10.528083801269531,10.528083801269531,10700,0.0,0.0
2022-09-22 00:00:00-04:00,10.528086468744807,10.546476560645074,10.454527854919434,10.454527854919434,13200,0.0,0.0
2022-09-23 00:00:00-04:00,10.574062381189492,10.574062381189492,10.307412147521973,10.307412147521973,3400,0.0,0.0
2022-09-26 00:00:00-04:00,10.408555717662527,10.564868024536654,10.252243410788397,10.2982177734375,9200,0.0,0.0
2022-09-27 00:00:00-04:00,10.39016467062507,10.555671119398353,10.33499526977539,10.33499526977539,4100,0.0,0.0
2022-09-28 00:00:00-04:00,10.399360958645653,10.500503849244463,10.32580145643345,10.344191551208496,5100,0.0,0.0
2022-09-29 00:00:00-04:00,10.371772141781744,10.371772141781744,10.141901299864406,10.15109634399414,3200,0.0,0.0
2022-09-30 00:00:00-04:00,10.252241789035622,10.32580040688309,10.206268310546875,10.206268310546875,12700,0.0,0.0
2022-10-03 00:00:00-04:00,10.23385096297666,10.408552433657505,10.105122963551784,10.316604614257812,13900,0.0,0.0
2022-10-04 00:00:00-04:00,10.371773149331485,10.454526800762729,10.371773149331485,10.417747497558594,17500,0.0,0.0
2022-10-05 00:00:00-04:00,10.298215303479031,10.445332527160645,10.12351381957907,10.445332527160645,10400,0.0,0.0
2022-10-06 00:00:00-04:00,10.344189464628377,10.656813997639196,10.344189464628377,10.537281036376953,12800,0.0,0.0
2022-10-07 00:00:00-04:00,10.537282569746301,10.78554269704216,10.426944637960593,10.491308212280273,10800,0.0,0.0
2022-10-10 00:00:00-04:00,10.399358493905371,10.711982138994744,10.399358493905371,10.656813621520996,2100,0.0,0.0
2022-10-11 00:00:00-04:00,10.583257308100452,10.610841572817645,10.426945013223085,10.436140060424805,8000,0.0,0.0
2022-10-12 00:00:00-04:00,10.52808513933166,10.711981650673925,10.4177472325263,10.57405948638916,5800,0.0,0.0
2022-10-13 00:00:00-04:00,10.601644895425313,10.601644895425313,10.334994705793399,10.482111930847168,24700,0.0,0.0
2022-10-14 00:00:00-04:00,10.540206988660593,10.540206988660593,10.383440939283071,10.512541770935059,1400,0.033,0.0
2022-10-17 00:00:00-04:00,10.429551880851166,10.54943100917823,10.40188665483687,10.521766662597656,6500,0.0,0.0
2022-10-18 00:00:00-04:00,10.457213247667077,10.577093221268273,10.374219352140596,10.484877586364746,12000,0.0,0.0
2022-10-19 00:00:00-04:00,10.466437339782715,10.567873857431618,10.411107770516432,10.466437339782715,5100,0.0,0.0
2022-10-20 00:00:00-04:00,10.33733479106061,10.33733479106061,10.309670448303223,10.309670448303223,800,0.0,0.0
2022-10-21 00:00:00-04:00,10.429550011046286,10.429550011046286,10.217454380129697,10.263562202453613,4200,0.0,0.0
2022-10-24 00:00:00-04:00,10.208230857701896,10.235896073926797,10.042243957519531,10.042243957519531,7000,0.0,0.0
2022-10-25 00:00:00-04:00,10.300446979972998,10.300446979972998,9.710268863721115,9.867034912109375,33800,0.0,0.0
2022-10-26 00:00:00-04:00,9.894699833682592,9.950029392613637,9.820927674730203,9.885478973388672,26100,0.0,0.0
2022-10-27 00:00:00-04:00,9.940808429057341,9.977694511413574,9.774821498171079,9.977694511413574,5000,0.0,0.0
2022-10-28 00:00:00-04:00,9.950033595038425,9.99614143371582,9.76560311976272,9.99614143371582,27500,0.0,0.0
2022-10-31 00:00:00-04:00,10.042246936421677,10.051467798465149,9.950031280517578,9.950031280517578,900,0.0,0.0
2022-11-01 00:00:00-04:00,10.051466144033187,10.051466144033187,9.931587042296629,10.023801803588867,9700,0.0,0.0
2022-11-02 00:00:00-04:00,9.93159008026123,10.023804869760962,9.894703109140783,9.93159008026123,23000,0.0,0.0
2022-11-03 00:00:00-04:00,9.903922238028569,9.903922238028569,9.784042251827822,9.87625789642334,18900,0.0,0.0
2022-11-04 00:00:00-04:00,9.876260503014356,9.996140520854423,9.876260503014356,9.93159008026123,2800,0.0,0.0
2022-11-07 00:00:00-05:00,10.005361518773634,10.005361518773634,9.903924114611623,9.940810203552246,6000,0.0,0.0
2022-11-08 00:00:00-05:00,9.9776946455889,10.051466811293418,9.820928573608398,9.820928573608398,49000,0.0,0.0
2022-11-09 00:00:00-05:00,9.885479878175042,9.894700739312919,9.820928573608398,9.820928573608398,4700,0.0,0.0
2022-11-10 00:00:00-05:00,10.051466144033187,10.051466144033187,10.023801803588867,10.023801803588867,4200,0.0,0.0
2022-11-11 00:00:00-05:00,10.060690178932044,10.134462356567383,10.060690178932044,10.134462356567383,3900,0.0,0.0
2022-11-14 00:00:00-05:00,10.026244276167152,10.127986288401098,9.998496615027392,10.090989112854004,20100,0.033,0.0
2022-11-15 00:00:00-05:00,10.155733614509048,10.155733614509048,10.09098877995809,10.127985954284668,22600,0.0,0.0
2022-11-16 00:00:00-05:00,10.072489875595105,10.21122904835516,10.072489875595105,10.192730903625488,16500,0.0,0.0
2022-11-17 00:00:00-05:00,10.127985781033818,10.211229642365192,9.99849611414697,10.118736267089844,17200,0.0,0.0
2022-11-18 00:00:00-05:00,10.127986634608403,10.183482840867207,10.035494133620098,10.109488487243652,23100,0.0,0.0
2022-11-21 00:00:00-05:00,10.118736886237333,10.192732120234568,10.118736886237333,10.155734062194824,18800,0.0,0.0
2022-11-22 00:00:00-05:00,10.146484780435157,10.303722988712478,10.146484780435157,10.285223960876465,5600,0.0,0.0
2022-11-23 00:00:00-05:00,10.303723436548832,10.331471097426666,10.275974893588764,10.312972068786621,2400,0.0,0.0
2022-11-25 00:00:00-05:00,10.30372551304436,10.322223663330078,10.30372551304436,10.322223663330078,200,0.0,0.0
2022-11-28 00:00:00-05:00,10.340720176696777,10.38696598218679,10.331470662765897,10.340720176696777,7900,0.0,0.0
2022-11-29 00:00:00-05:00,10.331471888085089,10.368469066114306,10.30372422508375,10.359219551086426,8300,0.0,0.0
2022-11-30 00:00:00-05:00,10.36846923828125,10.396216901743333,10.349970207918316,10.36846923828125,194800,0.0,0.0
2022-12-01 00:00:00-05:00,10.3314696581126,10.470208825255753,10.3314696581126,10.396214485168457,28200,0.0,0.0
2022-12-02 00:00:00-05:00,10.312969512246475,10.414712380380644,10.312969512246475,10.386963844299316,8800,0.0,0.0
2022-12-05 00:00:00-05:00,10.322221481642092,10.36846817070538,10.275974792578804,10.303723335266113,13000,0.0,0.0
2022-12-06 00:00:00-05:00,10.331471097426666,10.331471097426666,10.285224407908787,10.312972068786621,10500,0.0,0.0
2022-12-07 00:00:00-05:00,10.340721239704482,10.423965109475345,10.340721239704482,10.405466079711914,6800,0.0,0.0
2022-12-08 00:00:00-05:00,10.405466079711914,10.451712772038203,10.405466079711914,10.405466079711914,28300,0.0,0.0
2022-12-09 00:00:00-05:00,10.516456530972542,10.516456530972542,10.312971634904132,10.340720176696777,16700,0.0,0.0
2022-12-12 00:00:00-05:00,10.396215496117673,10.405465010048554,10.312971634904132,10.340720176696777,10400,0.0,0.0
2022-12-13 00:00:00-05:00,10.433213733593195,10.442463248467215,10.331471716225852,10.349969863891602,17500,0.0,0.0
2022-12-14 00:00:00-05:00,10.287818439393451,10.287818439393451,10.204328338707937,10.278541564941406,17200,0.033,0.0
2022-12-15 00:00:00-05:00,10.222877426838672,10.259984023037916,10.222877426838672,10.241430282592773,15500,0.0,0.0
2022-12-16 00:00:00-05:00,10.232155397120852,10.287815744561781,10.213602537768017,10.222879409790039,22300,0.0,0.0
2022-12-19 00:00:00-05:00,10.213602242735965,10.222879114490015,10.130112166331887,10.139389038085938,22400,0.0,0.0
2022-12-20 00:00:00-05:00,10.18577220273933,10.19504907501731,10.093006134033203,10.093006134033203,16000,0.0,0.0
2022-12-21 00:00:00-05:00,10.148666083626177,10.167219829069378,10.055900010483992,10.08372974395752,10100,0.0,0.0
2022-12-22 00:00:00-05:00,10.00023965884566,10.130113222874249,10.00023965884566,10.08372974395752,8200,0.0,0.0
2022-12-23 00:00:00-05:00,10.093006134033203,10.1301127384539,10.093006134033203,10.093006134033203,16500,0.0,0.0
2022-12-27 00:00:00-05:00,10.083727913842251,10.093004784880176,9.89819491653935,10.06517505645752,5500,0.0,0.0
2022-12-28 00:00:00-05:00,10.102283489400723,10.111559477431047,10.018793404288862,10.08372974395752,23700,0.0,0.0
2022-12-29 00:00:00-05:00,10.046623992901816,10.157943820962423,10.046623992901816,10.120837211608887,12000,0.0,0.0
2022-12-30 00:00:00-05:00,10.120837211608887,10.185773556804737,10.065177739924259,10.120837211608887,16600,0.0,0.0
2023-01-03 00:00:00-05:00,10.13939076891977,10.204327112900636,10.111560148906824,10.195050239562988,42900,0.0,0.0
2023-01-04 00:00:00-05:00,10.195047672433164,10.324921212383863,10.195047672433164,10.297091484069824,13900,0.0,0.0
2023-01-05 00:00:00-05:00,10.185772883842054,10.250710109438925,10.185772883842054,10.204326629638672,9600,0.0,0.0
2023-01-06 00:00:00-05:00,10.250708013752352,10.30636747038043,10.213601414436598,10.297091484069824,7400,0.0,0.0
2023-01-09 00:00:00-05:00,10.33419896147544,10.34347494857422,10.287815487216797,10.315645217895508,38800,0.0,0.0
2023-01-10 00:00:00-05:00,10.34347494857422,10.408412166412797,10.27853861542683,10.315645217895508,27800,0.0,0.0
2023-01-11 00:00:00-05:00,10.315643783796595,10.371304122107208,10.278537186486542,10.324920654296875,3500,0.0,0.0
2023-01-12 00:00:00-05:00,10.389859670370061,10.426966277294225,10.343476190542033,10.399136543273926,7700,0.0,0.0
2023-01-13 00:00:00-05:00,10.392624873645579,10.560098072934426,10.38332060983988,10.429841041564941,43800,0.033,0.0
2023-01-17 00:00:00-05:00,10.467054999684686,10.467054999684686,10.318190359435468,10.327494621276855,33000,0.0,0.0
2023-01-18 00:00:00-05:00,10.38332060983988,10.448448681872906,10.37401634603418,10.429841041564941,12800,0.0,0.0
2023-01-19 00:00:00-05:00,10.364712043604555,10.467056274414062,10.364712043604555,10.467056274414062,8100,0.0,0.0
2023-01-20 00:00:00-05:00,10.467055560914806,10.494967460632324,10.448447036234265,10.494967460632324,4100,0.0,0.0
2023-01-23 00:00:00-05:00,10.485663576715758,10.550791635330334,10.40192699432373,10.40192699432373,6500,0.0,0.0
2023-01-24 00:00:00-05:00,10.504271722972595,10.504271722972595,10.494967460632324,10.494967460632324,2400,0.0,0.0
2023-01-25 00:00:00-05:00,10.457752011439556,10.504272439008734,10.439144372793898,10.467056274414062,4600,0.0,0.0
2023-01-26 00:00:00-05:00,10.476360537388569,10.485664800363075,10.467056274414062,10.467056274414062,9900,0.0,0.0
2023-01-27 00:00:00-05:00,10.457749580941487,10.476358102565671,10.448445320129395,10.448445320129395,1800,0.0,0.0
2023-01-30 00:00:00-05:00,10.44844846450452,10.457752728116654,10.4391450881958,10.4391450881958,5600,0.0,0.0
2023-01-31 00:00:00-05:00,10.467054152607876,10.504270309658354,10.467054152607876,10.476358413696289,3900,0.0,0.0
2023-02-01 00:00:00-05:00,10.504270125000884,10.532182020472279,10.504270125000884,10.522878646850586,4800,0.0,0.0
2023-02-02 00:00:00-05:00,10.532183952826903,10.597312903947003,10.532183952826903,10.560096740722656,4200,0.0,0.0
2023-02-03 00:00:00-05:00,10.494969113597968,10.504273377403667,10.429841041564941,10.429841041564941,10800,0.0,0.0
2023-02-06 00:00:00-05:00,10.411232713058096,10.42053697704173,10.383320808410645,10.383320808410645,4800,0.0,0.0
2023-02-07 00:00:00-05:00,10.364713167746828,10.401929336377913,10.364713167746828,10.383320808410645,5300,0.0,0.0
2023-02-08 00:00:00-05:00,10.485662363377763,10.494965736886707,10.448445320129395,10.448445320129395,3100,0.0,0.0
2023-02-09 00:00:00-05:00,10.42983934988203,10.485664036358225,10.42053508758545,10.42053508758545,2600,0.0,0.0
2023-02-10 00:00:00-05:00,10.401926441928786,10.411229816020205,10.327494125378218,10.346101760864258,7300,0.0,0.0
2023-02-13 00:00:00-05:00,10.43914194662045,10.448445320129395,10.420533424996266,10.448445320129395,4800,0.0,0.0
2023-02-14 00:00:00-05:00,10.413922335376308,10.460579872131348,10.376596483955975,10.460579872131348,4900,0.033,0.0
2023-02-15 00:00:00-05:00,10.413922299769368,10.469911521667678,10.413922299769368,10.441916465759277,5200,0.0,0.0
2023-02-16 00:00:00-05:00,10.413923284811421,10.413923284811421,10.28328323788908,10.320609092712402,13600,0.0,0.0
2023-02-17 00:00:00-05:00,10.44191446892035,10.44191446892035,10.208627720473425,10.2179594039917,19700,0.0,0.0
2023-02-21 00:00:00-05:00,10.14330669289025,10.189964215858629,10.096649169921875,10.096649169921875,10400,0.0,0.0
2023-02-22 00:00:00-05:00,10.14331148223734,10.171305653269025,10.059328079223633,10.059328079223633,8000,0.0,0.0
2023-02-23 00:00:00-05:00,10.059325255844163,10.28328123099524,10.059325255844163,10.077988624572754,1400,0.0,0.0
2023-02-24 00:00:00-05:00,10.059327120938839,10.087322179222275,10.022001266479492,10.022001266479492,6600,0.0,0.0
2023-02-27 00:00:00-05:00,10.096653937238765,10.096653937238765,10.059328079223633,10.059328079223633,2100,0.0,0.0
2023-02-28 00:00:00-05:00,10.105982787747237,10.152640319650311,10.077988624572754,10.077988624572754,10300,0.0,0.0
2023-03-01 00:00:00-05:00,10.068655032640738,10.124644238300613,10.068655032640738,10.10598087310791,3200,0.0,0.0
2023-03-02 00:00:00-05:00,10.059323312735254,10.059323312735254,10.01266578984478,10.031329154968262,3300,0.0,0.0
2023-03-03 00:00:00-05:00,10.161970120098966,10.161970120098966,10.059323390958077,10.12464427947998,12200,0.0,0.0
2023-03-06 00:00:00-05:00,10.189964236638605,10.189964236638605,10.10598087310791,10.10598087310791,30200,0.0,0.0
2023-03-07 00:00:00-05:00,10.13397792791584,10.13397792791584,10.068657910905221,10.087321281433105,4400,0.0,0.0
2023-03-08 00:00:00-05:00,10.087320320436183,10.115314483642578,10.087320320436183,10.115314483642578,4500,0.0,0.0
2023-03-09 00:00:00-05:00,10.096649169921875,10.12464421765384,10.096649169921875,10.096649169921875,2600,0.0,0.0
2023-03-10 00:00:00-05:00,10.143308632244068,10.236623696022232,10.143308632244068,10.171302795410156,5300,0.0,0.0
2023-03-13 00:00:00-04:00,10.199297000188114,10.283280372619629,10.199297000188114,10.283280372619629,3700,0.0,0.0
2023-03-14 00:00:00-04:00,10.24865159620647,10.24865159620647,10.126977997706074,10.173775672912598,29400,0.033,0.0
2023-03-15 00:00:00-04:00,9.995945307920618,10.248651319055742,9.995945307920618,10.22993278503418,10100,0.0,0.0
2023-03-16 00:00:00-04:00,10.248650033867362,10.286087989807129,10.248650033867362,10.286087989807129,1200,0.0,0.0
2023-03-17 00:00:00-04:00,10.295449426182785,10.295449426182785,10.248651750272758,10.26737117767334,3000,0.0,0.0
2023-03-20 00:00:00-04:00,10.220572471618652,10.276728962977456,10.201853046104826,10.220572471618652,3400,0.0,0.0
2023-03-21 00:00:00-04:00,10.192493353527983,10.192493353527983,10.145695686340332,10.145695686340332,500,0.0,0.0
2023-03-22 00:00:00-04:00,10.145695878180822,10.286087989807129,10.145695878180822,10.286087989807129,2100,0.0,0.0
2023-03-23 00:00:00-04:00,10.19249500884431,10.248651504516602,10.19249500884431,10.248651504516602,3500,0.0,0.0
2023-03-24 00:00:00-04:00,10.220572638532973,10.258010597580695,10.19249439239502,10.19249439239502,8200,0.0,0.0
2023-03-27 00:00:00-04:00,10.201852611103835,10.211212323461655,10.173774366621672,10.183134078979492,6200,0.0,0.0
2023-03-28 00:00:00-04:00,10.201853645114753,10.295448992996732,10.18313511109319,10.22993278503418,31100,0.0,0.0
2023-03-29 00:00:00-04:00,10.26737117767334,10.276729998782203,10.239292036572468,10.26737117767334,1800,0.0,0.0
2023-03-30 00:00:00-04:00,10.31417023894427,10.31417023894427,10.295450809029363,10.304810523986816,4500,0.0,0.0
2023-03-31 00:00:00-04:00,10.323525515032292,10.44519908990793,10.323525515032292,10.370323181152344,6200,0.0,0.0
2023-04-03 00:00:00-04:00,10.332884788513184,10.445198646882856,10.304806547068566,10.332884788513184,11800,0.0,0.0
2023-04-04 00:00:00-04:00,10.332887372135751,10.407763296437418,10.295449409984919,10.389044761657715,9500,0.0,0.0
2023-04-05 00:00:00-04:00,10.398402461853767,10.417121887207031,10.398402461853767,10.417121887207031,3300,0.0,0.0
2023-04-06 00:00:00-04:00,10.370323181152344,10.435839378165673,10.370323181152344,10.370323181152344,6300,0.0,0.0
2023-04-10 00:00:00-04:00,10.351602651227664,10.351602651227664,10.314164704079632,10.32352352142334,10800,0.0,0.0
2023-04-11 00:00:00-04:00,10.351606280078059,10.426482200622559,10.323527140430336,10.426482200622559,2600,0.0,0.0
2023-04-12 00:00:00-04:00,10.407760620117188,10.407760620117188,10.407760620117188,10.407760620117188,8100,0.0,0.0
2023-04-13 00:00:00-04:00,10.435839378165673,10.435839378165673,10.351604650259068,10.370323181152344,6100,0.0,0.0
2023-04-14 00:00:00-04:00,10.373140691950095,10.467014729572831,10.354365347270921,10.448240280151367,9800,0.033,0.0
2023-04-17 00:00:00-04:00,10.429464100243726,10.429464100243726,10.354364518056693,10.420077323913574,3300,0.0,0.0
2023-04-18 00:00:00-04:00,10.391915383498928,10.391915383498928,10.269878326014018,10.298041343688965,5800,0.0,0.0
2023-04-19 00:00:00-04:00,10.251104346816057,10.344979286193848,10.251104346816057,10.344979286193848,3500,0.0,0.0
2023-04-20 00:00:00-04:00,10.354362675914107,10.410687800162409,10.354362675914107,10.391912460327148,2900,0.0,0.0
2023-04-21 00:00:00-04:00,10.326203940215182,10.344979286193848,10.326203940215182,10.344979286193848,200,0.0,0.0
2023-04-24 00:00:00-04:00,10.410691206603639,10.410691206603639,10.298041816504952,10.344979286193848,4100,0.0,0.0
2023-04-25 00:00:00-04:00,10.344979286193848,10.344979286193848,10.344979286193848,10.344979286193848,0,0.0,0.0
2023-04-26 00:00:00-04:00,10.39191418578937,10.39191418578937,10.298040156798763,10.354364395141602,4100,0.0,0.0
2023-04-27 00:00:00-04:00,10.316815673803086,10.382528485690852,10.279265879263386,10.326203346252441,4400,0.0,0.0
2023-04-28 00:00:00-04:00,10.391915262882486,10.391915262882486,10.326203346252441,10.326203346252441,1500,0.0,0.0
2023-05-01 00:00:00-04:00,10.3262028685653,10.3262028685653,10.241715610944901,10.279265403747559,10900,0.0,0.0
2023-05-02 00:00:00-04:00,10.316814355744569,10.373139487986977,10.241714776259762,10.251102447509766,22400,0.0,0.0
2023-05-03 00:00:00-04:00,10.19477933297102,10.33559174381718,10.185392555120837,10.222942352294922,10100,0.0,0.0
2023-05-04 00:00:00-04:00,10.241715431213379,10.279265223357077,10.222940982770362,10.241715431213379,5000,0.0,0.0
2023-05-05 00:00:00-04:00,10.279264566002166,10.29803990850217,10.251102447509766,10.251102447509766,3800,0.0,0.0
2023-05-08 00:00:00-04:00,10.251101475584361,10.251101475584361,10.016415088130978,10.1572265625,6200,0.0,0.0
2023-05-09 00:00:00-04:00,10.185391782503327,10.298041165480514,10.185391782503327,10.260491371154785,18200,0.0,0.0
2023-05-10 00:00:00-04:00,10.307426268328857,10.307426268328857,10.23232669187622,10.269876480102539,104800,0.0,0.0
2023-05-11 00:00:00-04:00,10.26987736995459,10.26987736995459,10.185391010568079,10.2041654586792,17400,0.0,0.0
2023-05-12 00:00:00-04:00,10.263487456898305,10.310567855834961,10.263487456898305,10.310567855834961,1200,0.033,0.0
2023-05-15 00:00:00-04:00,10.348231682776458,10.414144598490171,10.319983803461376,10.329400062561035,2000,0.0,0.0
2023-05-16 00:00:00-04:00,10.310568489271692,10.338816371175543,10.301152229309082,10.301152229309082,2300,0.0,0.0
2023-05-17 00:00:00-04:00,10.291735649108887,10.291735649108887,10.291735649108887,10.291735649108887,800,0.0,0.0
2023-05-18 00:00:00-04:00,10.27290281035496,10.282319068908691,10.27290281035496,10.282319068908691,4800,0.0,0.0
2023-05-19 00:00:00-04:00,10.254071592305012,10.254071592305012,10.206991195678711,10.206991195678711,3000,0.0,0.0
2023-05-22 00:00:00-04:00,10.319984621861071,10.319984621861071,10.178744316101074,10.178744316101074,6200,0.0,0.0
2023-05-23 00:00:00-04:00,10.188160262440563,10.23524066638947,10.159912379264824,10.197576522827148,7600,0.0,0.0
2023-05-24 00:00:00-04:00,10.319982763027499,10.319982763027499,10.093997955322266,10.093997955322266,3200,0.0,0.0
2023-05-25 00:00:00-04:00,10.122248747966957,10.2258249235091,10.037504196166992,10.037504196166992,10500,0.0,0.0
2023-05-26 00:00:00-04:00,10.028083817206978,10.084580461200932,10.028083817206978,10.0563325881958,4900,0.0,0.0
2023-05-30 00:00:00-04:00,10.112831749372981,10.141080529901595,10.075167606652158,10.103415489196777,4600,0.0,0.0
2023-05-31 00:00:00-04:00,10.122245466184253,10.122245466184253,10.093997590737334,10.112829208374023,2800,0.0,0.0
2023-06-01 00:00:00-04:00,10.103415931464708,10.301152913900788,10.103415931464708,10.26348876953125,3400,0.0,0.0
2023-06-02 00:00:00-04:00,10.263487960766694,10.263487960766694,10.093999773451491,10.178744316101074,11000,0.0,0.0
2023-06-05 00:00:00-04:00,10.112828832435701,10.225821228006723,10.112828832435701,10.216405868530273,2100,0.0,0.0
2023-06-06 00:00:00-04:00,10.216407454600747,10.254071592305012,10.141079179192214,10.206991195678711,6800,0.0,0.0
2023-06-07 00:00:00-04:00,10.159910246019031,10.159910246019031,10.131662368774414,10.131662368774414,1700,0.0,0.0
2023-06-08 00:00:00-04:00,10.159910158277654,10.235238428935311,10.122246022948826,10.18815803527832,33200,0.0,0.0
2023-06-09 00:00:00-04:00,10.150494575500488,10.150494575500488,10.150494575500488,10.150494575500488,200,0.0,0.0
2023-06-12 00:00:00-04:00,10.122247016674276,10.178743674205842,10.122247016674276,10.159911155700684,3700,0.0,0.0
2023-06-13 00:00:00-04:00,10.20699064008261,10.20699064008261,10.131662368774414,10.131662368774414,3800,0.0,0.0
2023-06-14 00:00:00-04:00,10.153385162353516,10.17227561361844,10.125050386202421,10.153385162353516,57900,0.033,0.0
2023-06-15 00:00:00-04:00,10.134493502282236,10.257278718619984,10.125049178522552,10.210054397583008,12300,0.0,0.0
2023-06-16 00:00:00-04:00,10.134492840685924,10.247833725864911,10.125048517542782,10.143938064575195,10400,0.0,0.0
2023-06-20 00:00:00-04:00,10.200608507164688,10.200608507164688,10.125048517542782,10.143938064575195,1000,0.0,0.0
2023-06-21 00:00:00-04:00,10.568966007352394,10.568966007352394,10.115605950544717,10.181720733642578,19300,0.0,0.0
2023-06-22 00:00:00-04:00,10.2572808327215,10.323396517143335,10.172276496887207,10.172276496887207,3300,0.0,0.0
2023-06-23 00:00:00-04:00,10.285614811221672,10.285614811221672,10.125049591064453,10.125049591064453,14600,0.0,0.0
2023-06-26 00:00:00-04:00,10.125048517542782,10.153383288464465,10.125048517542782,10.143938064575195,2700,0.0,0.0
2023-06-27 00:00:00-04:00,10.115607134637832,10.200612380426241,10.087272352957184,10.134496688842773,21500,0.0,0.0
2023-06-28 00:00:00-04:00,10.200610918803447,10.238390922546387,10.106160459072928,10.238390922546387,11700,0.0,0.0
2023-06-29 00:00:00-04:00,10.228945964746636,10.23839119111672,10.181720733642578,10.181720733642578,1500,0.0,0.0
2023-06-30 00:00:00-04:00,10.2572808327215,10.2667260591741,10.153386043982007,10.172276496887207,15700,0.0,0.0
2023-07-03 00:00:00-04:00,10.21005526345208,10.247835263933327,10.200610038145204,10.219499588012695,4800,0.0,0.0
2023-07-05 00:00:00-04:00,10.134494361743327,10.238390038626449,10.134494361743327,10.219499588012695,8600,0.0,0.0
2023-07-06 00:00:00-04:00,10.1817187921546,10.32339445845153,10.087269248702839,10.191164016723633,17600,0.0,0.0
2023-07-07 00:00:00-04:00,10.143943093843772,10.32339883372781,10.143943093843772,10.27617359161377,30000,0.0,0.0
2023-07-10 00:00:00-04:00,10.313948866208698,10.47451407517364,10.313948866208698,10.455623626708984,4500,0.0,0.0
2023-07-11 00:00:00-04:00,10.370621445449837,10.4178466796875,10.351731892202624,10.4178466796875,6100,0.0,0.0
2023-07-12 00:00:00-04:00,10.361177119199443,10.446182360677954,10.361177119199443,10.4178466796875,10000,0.0,0.0
2023-07-13 00:00:00-04:00,10.455623971363158,10.455623971363158,10.35172920362129,10.389509201049805,20900,0.0,0.0
2023-07-14 00:00:00-04:00,10.40182469188257,10.439719275505249,10.373404657622162,10.382878303527832,8000,0.033,0.0
2023-07-17 00:00:00-04:00,10.316566889370153,10.420774307197682,10.316566889370153,10.411300659179688,6800,0.0,0.0
2023-07-18 00:00:00-04:00,10.411300659179688,10.430247955215675,10.3923542666005,10.411300659179688,5600,0.0,0.0
2023-07-19 00:00:00-04:00,10.411298906067467,10.430246198913004,10.411298906067467,10.420772552490234,800,0.0,0.0
2023-07-20 00:00:00-04:00,10.41129994293263,10.41129994293263,10.363932609558105,10.363932609558105,4800,0.0,0.0
2023-07-21 00:00:00-04:00,10.354461922526516,10.487089398173085,10.307094579742634,10.373408317565918,1200,0.0,0.0
2023-07-24 00:00:00-04:00,10.326038992017466,10.449193698225121,10.326038992017466,10.43024730682373,3700,0.0,0.0
2023-07-25 00:00:00-04:00,10.354459373653585,10.430246742069071,10.354459373653585,10.392353057861328,10700,0.0,0.0
2023-07-26 00:00:00-04:00,10.46814114673051,10.477614794298628,10.430247459914792,10.43972110748291,9600,0.0,0.0
2023-07-27 00:00:00-04:00,10.496561185978107,10.496561185978107,10.420773812346672,10.43972110748291,4700,0.0,0.0
2023-07-28 00:00:00-04:00,10.420773270192328,10.468140602111816,10.420773270192328,10.468140602111816,15200,0.0,0.0
2023-07-31 00:00:00-04:00,10.515507934031305,10.524980677649834,10.468140602111816,10.468140602111816,4300,0.0,0.0
2023-08-01 00:00:00-04:00,10.401825259644697,10.515507209804623,10.401825259644697,10.420772552490234,3900,0.0,0.0
2023-08-02 00:00:00-04:00,10.420773880849215,10.600768668542905,10.316566467285156,10.316566467285156,4000,0.0,0.0
2023-08-03 00:00:00-04:00,10.316567501937802,10.316567501937802,10.193412780761719,10.193412780761719,6700,0.0,0.0
2023-08-04 00:00:00-04:00,10.202882491289964,10.269196198844435,10.202882491289964,10.250248908996582,4200,0.0,0.0
2023-08-07 00:00:00-04:00,10.193409690599877,10.297617083024162,10.193409690599877,10.240777015686035,2000,0.0,0.0
2023-08-08 00:00:00-04:00,10.221829446712944,10.288143157958984,10.221829446712944,10.288143157958984,2600,0.0,0.0
2023-08-09 00:00:00-04:00,10.307092339504502,10.307092339504502,10.098676618628556,10.221831321716309,18500,0.0,0.0
2023-08-10 00:00:00-04:00,10.221831321716309,10.221831321716309,10.221831321716309,10.221831321716309,200,0.0,0.0
2023-08-11 00:00:00-04:00,10.193411130420435,10.316565831657433,10.193411130420435,10.212357521057129,2000,0.0,0.0
2023-08-14 00:00:00-04:00,10.21520955866268,10.329239696151198,10.167696774818054,10.253219604492188,3800,0.033,0.0
2023-08-15 00:00:00-04:00,10.205705388054412,10.205705388054412,10.186700820922852,10.186700820922852,1400,0.0,0.0
2023-08-16 00:00:00-04:00,10.186702250848295,10.262722342507308,10.186702250848295,10.253219604492188,6300,0.0,0.0
2023-08-17 00:00:00-04:00,10.2437162399292,10.2437162399292,10.2437162399292,10.2437162399292,400,0.0,0.0
2023-08-18 00:00:00-04:00,10.253217789906508,10.253217789906508,10.167694975367963,10.196202278137207,17500,0.0,0.0
2023-08-21 00:00:00-04:00,10.2437162399292,10.253218977363092,10.177198890353782,10.2437162399292,21600,0.0,0.0
2023-08-22 00:00:00-04:00,10.262721941346815,10.357746599090662,10.24371646605948,10.291229248046875,26800,0.0,0.0
2023-08-23 00:00:00-04:00,10.329239118531566,10.443269249643423,10.319736381047846,10.376751899719238,2800,0.0,0.0
2023-08-24 00:00:00-04:00,10.300731911792836,10.433766612926018,10.300731911792836,10.31973648071289,29200,0.0,0.0
2023-08-25 00:00:00-04:00,10.386253192987162,10.386253192987162,10.28172490766283,10.310233116149902,3300,0.0,0.0
2023-08-28 00:00:00-04:00,10.414761888815606,10.481279238391023,10.2437162399292,10.2437162399292,33600,0.0,0.0
2023-08-29 00:00:00-04:00,10.329240326760008,10.414763161655381,10.167697395564533,10.262722969055176,80800,0.0,0.0
2023-08-30 00:00:00-04:00,10.405256816361385,10.405256816361385,10.22470937678825,10.281723976135254,38200,0.0,0.0
2023-08-31 00:00:00-04:00,10.291230096396447,10.424265715681653,10.215210001442333,10.348245620727539,30500,0.0,0.0
2023-09-01 00:00:00-04:00,10.300733380048626,10.452773578004448,10.300733380048626,10.386256217956543,16000,0.0,0.0
2023-09-05 00:00:00-04:00,10.4812785626282,10.4812785626282,10.319735661590892,10.424263954162598,36900,0.0,0.0
2023-09-06 00:00:00-04:00,10.462274019494306,10.462274019494306,10.395755767822266,10.395755767822266,21800,0.0,0.0
2023-09-07 00:00:00-04:00,10.462274650653605,10.471777388070151,10.386254563783082,10.405259132385254,9400,0.0,0.0
2023-09-08 00:00:00-04:00,10.443269329175521,10.481279373168945,10.433766591619433,10.481279373168945,15300,0.0,0.0
2023-09-11 00:00:00-04:00,10.490780596959288,10.50028333314418,10.348243179109101,10.443267822265625,22700,0.0,0.0
2023-09-12 00:00:00-04:00,10.386253541432803,10.433765411376953,10.291227989082842,10.433765411376953,10300,0.0,0.0
2023-09-13 00:00:00-04:00,10.481279219255777,10.490781956672322,10.405259132385254,10.405259132385254,1500,0.0,0.0
2023-09-14 00:00:00-04:00,10.312805275918127,10.436711551693492,10.30327472314327,10.350930213928223,16100,0.033,0.0
2023-09-15 00:00:00-04:00,10.398584589499736,10.465302990787473,10.293741257623283,10.312803268432617,10800,0.0,0.0
2023-09-18 00:00:00-04:00,10.207961589384674,10.51296108347857,10.207961589384674,10.39858627319336,16000,0.0,0.0
2023-09-19 00:00:00-04:00,10.331866188211997,10.389053129610046,10.236553407255188,10.312803268432617,22100,0.0,0.0
2023-09-20 00:00:00-04:00,10.427180089948413,10.427180089948413,10.30327472314327,10.350930213928223,3500,0.0,0.0
2023-09-21 00:00:00-04:00,10.350930213928223,10.350930213928223,10.350930213928223,10.350930213928223,0,0.0,0.0
2023-09-22 00:00:00-04:00,10.34139816395538,10.34139816395538,10.322335243225098,10.322335243225098,2700,0.0,0.0
2023-09-25 00:00:00-04:00,10.284212802702974,10.293744265377686,10.179369440192083,10.188899993896484,4900,0.0,0.0
2023-09-26 00:00:00-04:00,10.188898939859723,10.207961863237095,10.150774002075195,10.150774002075195,27000,0.0,0.0
2023-09-27 00:00:00-04:00,10.227024492830473,10.227024492830473,10.15077461267476,10.198431015014648,5100,0.0,0.0
2023-09-28 00:00:00-04:00,10.217494452547726,10.246087931799197,10.198431527066534,10.207962989807129,15600,0.0,0.0
2023-09-29 00:00:00-04:00,10.207961936042283,10.360461688268051,10.150774074472508,10.16983699798584,33900,0.0,0.0
2023-10-02 00:00:00-04:00,10.16030502319336,10.379524087676291,10.150773561917976,10.16030502319336,17000,0.0,0.0
2023-10-03 00:00:00-04:00,10.150774289050046,10.293743491511602,10.064993858337402,10.064993858337402,22900,0.0,0.0
2023-10-04 00:00:00-04:00,10.08405670109033,10.207962989807129,10.08405670109033,10.207962989807129,300,0.0,0.0
2023-10-05 00:00:00-04:00,10.15077294406469,10.198429338570698,10.093585997833577,10.112648010253906,5700,0.0,0.0
2023-10-06 00:00:00-04:00,10.160305751008199,10.198430689870564,10.064993858337402,10.064993858337402,1700,0.0,0.0
2023-10-09 00:00:00-04:00,10.084056341856614,10.150774760723383,10.074524879455566,10.074524879455566,12300,0.0,0.0
2023-10-10 00:00:00-04:00,10.064993035910794,10.169836381972825,10.064993035910794,10.122179985046387,5200,0.0,0.0
2023-10-11 00:00:00-04:00,10.141243934631348,10.236555829168385,10.141243934631348,10.141243934631348,5600,0.0,0.0
2023-10-12 00:00:00-04:00,10.122181796819161,10.122181796819161,10.074525391362686,10.084056854248047,9300,0.0,0.0
2023-10-13 00:00:00-04:00,10.125167871003837,10.163412094116211,10.077362364159818,10.163412094116211,2600,0.033,0.0
2023-10-16 00:00:00-04:00,10.09648511430729,10.09648511430729,10.05824089050293,10.05824089050293,5600,0.0,0.0
2023-10-17 00:00:00-04:00,10.115608197094161,10.115608197094161,10.058242309203356,10.077363967895508,15500,0.0,0.0
2023-10-18 00:00:00-04:00,10.058242722660044,10.058242722660044,9.9817533493042,9.9817533493042,4400,0.0,0.0
2023-10-19 00:00:00-04:00,9.943508655184456,9.972192510786678,9.943508655184456,9.962631225585938,14300,0.0,0.0
2023-10-20 00:00:00-04:00,9.981751277985358,10.067801007316866,9.981751277985358,10.04867935180664,20200,0.0,0.0
2023-10-23 00:00:00-04:00,10.039118322693641,10.077362546498,10.039118322693641,10.05824089050293,11000,0.0,0.0
2023-10-24 00:00:00-04:00,10.058242309203356,10.115608197094161,10.058242309203356,10.077363967895508,14800,0.0,0.0
2023-10-25 00:00:00-04:00,10.03911844258085,10.096485234879575,9.838336037256665,9.914824485778809,19200,0.0,0.0
2023-10-26 00:00:00-04:00,9.876581019041115,10.029557927818573,9.876581019041115,10.019996643066406,6200,0.0,0.0
2023-10-27 00:00:00-04:00,10.08692357464129,10.144289452986165,10.029556784482219,10.04867935180664,3500,0.0,0.0
2023-10-30 00:00:00-04:00,10.019997131644871,10.02955841686325,9.94350867352654,10.000875473022461,5000,0.0,0.0
2023-10-31 00:00:00-04:00,9.981751277985358,10.125167797475939,9.96262962247513,10.04867935180664,9900,0.0,0.0
2023-11-01 00:00:00-04:00,10.029556353153847,10.163411583225676,10.029556353153847,10.144289016723633,12100,0.0,0.0
2023-11-02 00:00:00-04:00,10.153849743459089,10.354632121655206,10.153849743459089,10.345070838928223,15100,0.0,0.0
2023-11-03 00:00:00-04:00,10.383316993713379,10.421561219936818,10.373756621018227,10.383316993713379,8600,0.0,0.0
2023-11-06 00:00:00-05:00,10.325951322242311,10.373756833956463,10.259023241116779,10.316390037536621,17500,0.0,0.0
2023-11-07 00:00:00-05:00,10.297268168571351,10.421561219936818,10.297268168571351,10.383316993713379,12000,0.0,0.0
2023-11-08 00:00:00-05:00,10.431123750166337,10.507612211747725,10.421562464515068,10.469367980957031,10500,0.0,0.0
2023-11-09 00:00:00-05:00,10.440682615431983,10.459804270487306,10.37375545501709,10.37375545501709,21700,0.0,0.0
2023-11-10 00:00:00-05:00,10.354632888147593,10.469365553922055,10.316388666222771,10.37375545501709,22200,0.0,0.0
2023-11-13 00:00:00-05:00,10.354633331298828,10.469366001983548,10.345072047454881,10.354633331298828,28600,0.0,0.0
2023-11-14 00:00:00-05:00,10.405464627853043,10.587679728634225,10.405464627853043,10.491776466369629,55300,0.033,0.0
2023-11-15 00:00:00-05:00,10.453414651210288,10.501366279162879,10.376692412326639,10.386282920837402,26800,0.0,0.0
2023-11-16 00:00:00-05:00,10.395873925969319,10.530137393128989,10.386283417000406,10.472596168518066,103100,0.0,0.0
2023-11-17 00:00:00-05:00,10.41505248909162,10.472594619794288,10.376691373490221,10.463004112243652,55300,0.0,0.0
2023-11-20 00:00:00-05:00,10.453413963317871,10.463004471197527,10.405463253121935,10.453413963317871,79000,0.0,0.0
2023-11-21 00:00:00-05:00,10.45341333068209,10.472594345280577,10.386281608789625,10.395872116088867,58200,0.0,0.0
2023-11-22 00:00:00-05:00,10.386281608789625,10.45341333068209,10.367101508792256,10.395872116088867,37900,0.0,0.0
2023-11-24 00:00:00-05:00,10.376692771911621,10.376692771911621,10.376692771911621,10.376692771911621,100,0.0,0.0
2023-11-27 00:00:00-05:00,10.386283680483272,10.424644802730805,10.299970926776002,10.367103576660156,99400,0.0,0.0
2023-11-28 00:00:00-05:00,10.309560681953752,10.434234548789991,10.280790071022691,10.386282920837402,188000,0.0,0.0
2023-11-29 00:00:00-05:00,10.443827036817803,10.463007142873487,10.357514273063716,10.434236526489258,82600,0.0,0.0
2023-11-30 00:00:00-05:00,10.43423491036899,10.43423491036899,10.376692771911621,10.376692771911621,16600,0.0,0.0
2023-12-01 00:00:00-05:00,10.42464272338548,10.443823737983966,10.367101508792256,10.395872116088867,65100,0.0,0.0
2023-12-04 00:00:00-05:00,10.41505338936252,10.41505338936252,10.290379524230957,10.290379524230957,35200,0.0,0.0
2023-12-05 00:00:00-05:00,10.34792255823574,10.415054293518597,10.319151945200415,10.367103576660156,21600,0.0,0.0
2023-12-06 00:00:00-05:00,10.405463505532552,10.415053099043657,10.319150761724261,10.347921371459961,33900,0.0,0.0
2023-12-07 00:00:00-05:00,10.405464395890663,10.424644499155237,10.28079052356648,10.299970626831055,77900,0.0,0.0
2023-12-08 00:00:00-05:00,10.338331119295718,10.338331119295718,10.23283827125232,10.24242877960205,65100,0.0,0.0
2023-12-11 00:00:00-05:00,10.232838396083846,10.290379617681754,10.194477276818164,10.21365737915039,80100,0.0,0.0
2023-12-12 00:00:00-05:00,10.23283803620561,10.261608645992732,10.18488641015961,10.223247528076172,174900,0.0,0.0
2023-12-13 00:00:00-05:00,10.252018405313647,10.319151049369854,10.194477184238291,10.290379524230957,211900,0.0,0.0
2023-12-14 00:00:00-05:00,10.370224189485015,10.46642329899921,10.360605012471755,10.389464378356934,122700,0.033,0.0
2023-12-15 00:00:00-05:00,10.42794426111632,10.42794426111632,10.331745147705078,10.331745147705078,70800,0.0,0.0
2023-12-18 00:00:00-05:00,10.389465605452076,10.41832497474582,10.274027210854284,10.312506675720215,56100,0.0,0.0
2023-12-19 00:00:00-05:00,10.37022595147945,10.389466143620451,10.274027743043018,10.322126388549805,65500,0.0,0.0
2023-12-20 00:00:00-05:00,10.331743846070237,10.360604126911317,10.293264389038086,10.293264389038086,92300,0.0,0.0
2023-12-21 00:00:00-05:00,10.302884326359575,10.37984323925643,10.264404869911148,10.274024963378906,109800,0.0,0.0
2023-12-22 00:00:00-05:00,10.274025119233322,10.350984033297625,10.264405025619627,10.293264389038086,330500,0.0,0.0
2023-12-26 00:00:00-05:00,10.350984033297625,10.350984033297625,10.293264389038086,10.293264389038086,57600,0.0,0.0
2023-12-27 00:00:00-05:00,10.312505149690608,10.341364514713787,10.283644867244758,10.302885055541992,9800,0.0,0.0
2023-12-28 00:00:00-05:00,10.312505875476472,10.379844704410699,10.283645590999457,10.331745147705078,115500,0.0,0.0
2023-12-29 00:00:00-05:00,10.322124671594032,10.341364860534668,10.302885400076098,10.341364860534668,30800,0.0,0.0
2024-01-02 00:00:00-05:00,10.312503941870586,10.379842758178711,10.302883848848692,10.379842758178711,11100,0.0,0.0
2024-01-03 00:00:00-05:00,10.379843107212464,10.418322563171387,10.379843107212464,10.418322563171387,18700,0.0,0.0
2024-01-04 00:00:00-05:00,10.370224189485015,10.389464378356934,10.370224189485015,10.389464378356934,4500,0.0,0.0
2024-01-05 00:00:00-05:00,10.408702119821825,10.41832221284372,10.370222665156817,10.379842758178711,6200,0.0,0.0
2024-01-08 00:00:00-05:00,10.427942656516766,10.44718192578493,10.399083293903223,10.418322563171387,14500,0.0,0.0
2024-01-09 00:00:00-05:00,10.389463650055985,10.408702920156532,10.360604286193848,10.360604286193848,4100,0.0,0.0
2024-01-10 00:00:00-05:00,10.389465142985685,10.39908523812965,10.350985679832592,10.370224952697754,20100,0.0,0.0
2024-01-11 00:00:00-05:00,10.341364823599836,10.389464378356934,10.341364823599836,10.389464378356934,18000,0.0,0.0
2024-01-12 00:00:00-05:00,10.39235910929024,10.450254742524814,10.334462555821169,10.440605163574219,40400,0.033,0.0
2024-01-16 00:00:00-05:00,10.392360393850693,10.440606454098184,10.392360393850693,10.430957794189453,9000,0.0,0.0
2024-01-17 00:00:00-05:00,10.39236094928426,10.39236094928426,10.305516563821882,10.35376262664795,40600,0.0,0.0
2024-01-18 00:00:00-05:00,10.33446119476284,10.373058585247408,10.305513381958008,10.305513381958008,24500,0.0,0.0
2024-01-19 00:00:00-05:00,10.324811617083103,10.324811617083103,10.276564648918798,10.305513381958008,9600,0.0,0.0
2024-01-22 00:00:00-05:00,10.315163397919978,10.459904321475408,10.315163397919978,10.440605163574219,23100,0.0,0.0
2024-01-23 00:00:00-05:00,10.382711368625182,10.450256592769406,10.35376262664795,10.35376262664795,11100,0.0,0.0
2024-01-24 00:00:00-05:00,10.402008989950236,10.450255970136377,10.34411334991455,10.34411334991455,4300,0.0,0.0
2024-01-25 00:00:00-05:00,10.373059937856494,10.498501703347085,10.373059937856494,10.411657333374023,8300,0.0,0.0
2024-01-26 00:00:00-05:00,10.373059288199766,10.430955837967291,10.373059288199766,10.402007102966309,18900,0.0,0.0
2024-01-29 00:00:00-05:00,10.469553295434002,10.469553295434002,10.421306323703517,10.459903717041016,6000,0.0,0.0
2024-01-30 00:00:00-05:00,10.459903415659461,10.498500807884852,10.430955601549023,10.469552993774414,7600,0.0,0.0
2024-01-31 00:00:00-05:00,10.517799043880338,10.517799043880338,10.450253837544508,10.469552993774414,15700,0.0,0.0
2024-02-01 00:00:00-05:00,10.488852803745115,10.51780062219951,10.479203224182129,10.479203224182129,11500,0.0,0.0
2024-02-02 00:00:00-05:00,10.537099769482072,10.537099769482072,10.430957155112212,10.450255393981934,20800,0.0,0.0
2024-02-05 00:00:00-05:00,10.46955549934284,10.46955549934284,10.37306153556927,10.421308517456055,5700,0.0,0.0
2024-02-06 00:00:00-05:00,10.402009717872723,10.517801926281724,10.402009717872723,10.498503684997559,39700,0.0,0.0
2024-02-07 00:00:00-05:00,10.517799043880338,10.517799043880338,10.430955601549023,10.469552993774414,26900,0.0,0.0
2024-02-08 00:00:00-05:00,10.459905614384871,10.459905614384871,10.421308214046109,10.430957794189453,31800,0.0,0.0
2024-02-09 00:00:00-05:00,10.459903415659461,10.498500807884852,10.42130602343407,10.469552993774414,16500,0.0,0.0
2024-02-12 00:00:00-05:00,10.498500556390631,10.566045761108398,10.498500556390631,10.566045761108398,19500,0.0,0.0
2024-02-13 00:00:00-05:00,10.527449305840747,10.56604670057336,10.50815106859168,10.53709888458252,35700,0.0,0.0
2024-02-14 00:00:00-05:00,10.569040289522263,10.627111422165521,10.569040289522263,10.588397026062012,21300,0.033,0.0
2024-02-15 00:00:00-05:00,10.636787450920684,10.6851806640625,10.627108623687567,10.6851806640625,13000,0.0,0.0
2024-02-16 00:00:00-05:00,10.646468141869041,10.646468141869041,10.549681698642479,10.578718185424805,9100,0.0,0.0
2024-02-20 00:00:00-05:00,10.559361459740382,10.588397026062012,10.559361459740382,10.588397026062012,5600,0.0,0.0
2024-02-21 00:00:00-05:00,10.636787391368218,10.636787391368218,10.59807300567627,10.59807300567627,800,0.0,0.0
2024-02-22 00:00:00-05:00,10.607752780262919,10.617431608306289,10.569038391113281,10.569038391113281,3800,0.0,0.0
2024-02-23 00:00:00-05:00,10.598075855843891,10.598075855843891,10.569040289522263,10.588397026062012,54800,0.0,0.0
2024-02-26 00:00:00-05:00,10.59807296886735,10.59807296886735,10.530323024897687,10.54967975616455,37600,0.0,0.0
2024-02-27 00:00:00-05:00,10.530323005174917,10.578716217787077,10.491608619689941,10.491608619689941,17800,0.0,0.0
2024-02-28 00:00:00-05:00,10.510965364443026,10.549679749977807,10.481929806047878,10.501287460327148,21100,0.0,0.0
2024-02-29 00:00:00-05:00,10.491610503494261,10.510967238200436,10.47225284576416,10.47225284576416,34000,0.0,0.0
2024-03-01 00:00:00-05:00,10.462573999760263,10.50128838871768,10.443216343769633,10.48193073272705,44800,0.0,0.0
2024-03-04 00:00:00-05:00,10.491609546077392,10.501288374059195,10.423859596252441,10.423859596252441,30300,0.0,0.0
2024-03-05 00:00:00-05:00,10.443216311180443,10.462573967110664,10.433537483215332,10.433537483215332,17300,0.0,0.0
2024-03-06 00:00:00-05:00,10.433537483215332,10.452895139145554,10.433537483215332,10.433537483215332,7300,0.0,0.0
2024-03-07 00:00:00-05:00,10.44321632919221,10.462573985155819,10.423859596252441,10.423859596252441,13300,0.0,0.0
2024-03-08 00:00:00-05:00,10.423858629024625,10.443215360168287,10.40450097485721,10.414179801940918,37400,0.0,0.0
2024-03-11 00:00:00-04:00,10.423861470856723,10.443218207277566,10.394824981689453,10.394824981689453,11800,0.0,0.0
2024-03-12 00:00:00-04:00,10.394823046625866,10.404501874546513,10.327073097229004,10.327073097229004,36000,0.0,0.0
2024-03-13 00:00:00-04:00,10.365787551385456,10.423859596252441,10.307715506518472,10.423859596252441,42700,0.0,0.0
2024-03-14 00:00:00-04:00,10.35881430463297,10.407356262207031,10.339397151259014,10.407356262207031,32100,0.033,0.0
2024-03-15 00:00:00-04:00,10.417064494060574,10.426773071289062,10.397648265464479,10.426773071289062,2600,0.0,0.0
2024-03-18 00:00:00-04:00,10.455897132288015,10.465604782104492,10.446188556610803,10.465604782104492,10000,0.0,0.0
2024-03-19 00:00:00-04:00,10.485020807605924,10.485020807605924,10.446187434927632,10.475312232971191,13700,0.0,0.0
2024-03-20 00:00:00-04:00,10.465605324837037,10.465605324837037,10.426771945975075,10.436480522155762,17500,0.0,0.0
2024-03-21 00:00:00-04:00,10.417064666748047,10.465606627834305,10.417064666748047,10.417064666748047,6100,0.0,0.0
2024-03-22 00:00:00-04:00,10.436481648517551,10.436481648517551,10.426773071289062,10.426773071289062,4700,0.0,0.0
2024-03-25 00:00:00-04:00,10.455897433874396,10.465605083970877,10.3976469039917,10.3976469039917,37100,0.0,0.0
2024-03-26 00:00:00-04:00,10.426773244137479,10.43648182152691,10.397648437830084,10.417064666748047,40800,0.0,0.0
2024-03-27 00:00:00-04:00,10.426771405256378,10.465604782104492,10.397646604085477,10.465604782104492,44000,0.0,0.0
2024-03-28 00:00:00-04:00,10.48502247719841,10.523855856060372,10.378229990932427,10.436480522155762,66600,0.0,0.0
2024-04-01 00:00:00-04:00,10.417064494060574,10.436481648517551,10.378231111007501,10.426773071289062,19100,0.0,0.0
2024-04-02 00:00:00-04:00,10.417063913033177,10.417063913033177,10.378230532146095,10.407356262207031,6700,0.0,0.0
2024-04-03 00:00:00-04:00,10.417064494060574,10.436481648517551,10.397648265464479,10.426773071289062,11900,0.0,0.0
2024-04-04 00:00:00-04:00,10.426772835299152,10.426772835299152,10.387939453125,10.387939453125,21100,0.0,0.0
2024-04-05 00:00:00-04:00,10.455898566325414,10.455898566325414,10.368523224968355,10.387939453125,9400,0.0,0.0
2024-04-08 00:00:00-04:00,10.387938567113112,10.446189098336449,10.387938567113112,10.436480522155762,24400,0.0,0.0
2024-04-09 00:00:00-04:00,10.3976471432938,10.465605324837037,10.3976471432938,10.436480522155762,24200,0.0,0.0
2024-04-10 00:00:00-04:00,10.397646662895395,10.397646662895395,10.358813285827637,10.358813285827637,22800,0.0,0.0
2024-04-11 00:00:00-04:00,10.358813526023487,10.417063130045422,10.358813526023487,10.3976469039917,12100,0.0,0.0
2024-04-12 00:00:00-04:00,10.400568662137905,10.44925971862137,10.400568662137905,10.420044898986816,6800,0.033,0.0
2024-04-15 00:00:00-04:00,10.371351880387941,10.390829044018535,10.361614227294922,10.361614227294922,12000,0.0,0.0
2024-04-16 00:00:00-04:00,10.371351880387941,10.371351880387941,10.351875645479625,10.361614227294922,7000,0.0,0.0
2024-04-17 00:00:00-04:00,10.400569238183248,10.439522642760913,10.381092071533203,10.381092071533203,4200,0.0,0.0
2024-04-18 00:00:00-04:00,10.400569577294894,10.400569577294894,10.371353826367246,10.390830993652344,5200,0.0,0.0
2024-04-19 00:00:00-04:00,10.478477045261162,10.478477045261162,10.410307884216309,10.410307884216309,16200,0.0,0.0
2024-04-22 00:00:00-04:00,10.488213004726946,10.488213004726946,10.361614227294922,10.361614227294922,3600,0.0,0.0
2024-04-23 00:00:00-04:00,10.400570935423122,10.468739172377614,10.400570935423122,10.459000587463379,7000,0.0,0.0
2024-04-24 00:00:00-04:00,10.459000587463379,10.468739172377614,10.459000587463379,10.459000587463379,3700,0.0,0.0
2024-04-25 00:00:00-04:00,10.458998981340146,10.458998981340146,10.390830754853825,10.439522743225098,6500,0.0,0.0
2024-04-26 00:00:00-04:00,10.488214769141091,10.517429590779463,10.439522780595516,10.468737602233887,7800,0.0,0.0
2024-04-29 00:00:00-04:00,10.468739295379972,10.566123288221378,10.459000710351313,10.546646118164062,12500,0.0,0.0
2024-04-30 00:00:00-04:00,10.546646118164062,10.55638470319272,10.527169876829332,10.546646118164062,13700,0.0,0.0
2024-05-01 00:00:00-04:00,10.517429427454829,10.595336236428963,10.517429427454829,10.575859069824219,11700,0.0,0.0
2024-05-02 00:00:00-04:00,10.575859371372216,10.575859371372216,10.55638313293457,10.55638313293457,800,0.0,0.0
2024-05-03 00:00:00-04:00,10.575858832699273,10.760888196406052,10.575858832699273,10.624550819396973,26800,0.0,0.0
2024-05-06 00:00:00-04:00,10.624550819396973,10.721934792792371,10.595335998867313,10.624550819396973,19200,0.0,0.0
2024-05-07 00:00:00-04:00,10.634289062823775,10.731673033108748,10.60507424322723,10.614811897277832,7100,0.0,0.0
2024-05-08 00:00:00-04:00,10.595334775212358,10.644026756286621,10.595334775212358,10.644026756286621,3600,0.0,0.0
2024-05-09 00:00:00-04:00,10.634289741516113,10.653765979582682,10.624551158121616,10.634289741516113,7800,0.0,0.0
2024-05-10 00:00:00-04:00,10.605074581951333,10.644027985565012,10.605074581951333,10.624550819396973,6500,0.0,0.0
2024-05-13 00:00:00-04:00,10.634289402480993,10.634289402480993,10.595335998867313,10.624550819396973,17000,0.0,0.0
2024-05-14 00:00:00-04:00,10.617713331350213,10.627481460571289,10.598178004448135,10.627481460571289,6400,0.033,0.0
2024-05-15 00:00:00-04:00,10.60794589106114,10.695857196680068,10.60794589106114,10.647017478942871,17900,0.0,0.0
2024-05-16 00:00:00-04:00,10.656785608798337,10.666553738653803,10.637250280627539,10.647017478942871,13700,0.0,0.0
2024-05-17 00:00:00-04:00,10.627482505960186,10.65678596496582,10.627482505960186,10.65678596496582,12900,0.0,0.0
2024-05-20 00:00:00-04:00,10.647016642399155,10.686088227211002,10.647016642399155,10.676321029663086,11900,0.0,0.0
2024-05-21 00:00:00-04:00,10.686088372817597,10.695856502038673,10.627481460571289,10.627481460571289,16200,0.0,0.0
2024-05-22 00:00:00-04:00,10.617713331350213,10.656784916694443,10.617713331350213,10.627481460571289,15600,0.0,0.0
2024-05-23 00:00:00-04:00,10.588410114855522,10.617713571641849,10.588410114855522,10.607945442199707,10000,0.0,0.0
2024-05-24 00:00:00-04:00,10.617713571641849,10.627481701083989,10.598178244297662,10.607945442199707,8400,0.0,0.0
2024-05-28 00:00:00-04:00,10.607945611693083,10.607945611693083,10.51026711033126,10.559106826782227,7400,0.0,0.0
2024-05-29 00:00:00-04:00,10.549339202371199,10.559107332437192,10.500499483581395,10.520035743713379,15300,0.0,0.0
2024-05-30 00:00:00-04:00,10.529803276062012,10.607946455986985,10.529803276062012,10.529803276062012,5400,0.0,0.0
2024-05-31 00:00:00-04:00,10.559106658069195,10.627481701083989,10.559106658069195,10.607945442199707,27200,0.0,0.0
2024-06-03 00:00:00-04:00,10.59817869274581,10.666553738653803,10.59817869274581,10.647017478942871,6900,0.0,0.0
2024-06-04 00:00:00-04:00,10.647016642399155,10.686088227211002,10.647016642399155,10.676321029663086,3500,0.0,0.0
2024-06-05 00:00:00-04:00,10.666554541477181,10.695858001708984,10.666554541477181,10.695858001708984,1900,0.0,0.0
2024-06-06 00:00:00-04:00,10.676321029663086,10.686088227211002,10.666552900575109,10.676321029663086,9400,0.0,0.0
2024-06-07 00:00:00-04:00,10.656784771487132,10.676321029663086,10.627481315763262,10.676321029663086,10200,0.0,0.0
2024-06-10 00:00:00-04:00,10.695856502038673,10.715392760480825,10.607945202129137,10.627481460571289,19800,0.0,0.0
2024-06-11 00:00:00-04:00,10.63725063614212,10.695857554153388,10.63725063614212,10.65678596496582,15900,0.0,0.0
2024-06-12 00:00:00-04:00,10.695857609087813,10.774000787864296,10.695857609087813,10.764233589172363,11400,0.0,0.0
2024-06-13 00:00:00-04:00,10.793537048328501,10.793537048328501,10.744697328708158,10.764233589172363,32400,0.0,0.0
2024-06-14 00:00:00-04:00,10.764232969716826,10.77400016784668,10.764232969716826,10.77400016784668,22300,0.0,0.0
2024-06-17 00:00:00-04:00,10.737750053405762,10.757344001887159,10.727952611997344,10.737750053405762,22500,0.033,0.0
2024-06-18 00:00:00-04:00,10.77694045116879,10.77694045116879,10.747549057006836,10.747549057006836,15600,0.0,0.0
2024-06-20 00:00:00-04:00,10.718156814575195,10.747549143308742,10.688765420177232,10.718156814575195,24900,0.0,0.0
2024-06-21 00:00:00-04:00,10.688765229805128,10.77694034576416,10.688765229805128,10.77694034576416,13900,0.0,0.0
2024-06-24 00:00:00-04:00,10.718156468233046,10.747548796016819,10.718156468233046,10.727953910827637,4700,0.0,0.0
2024-06-25 00:00:00-04:00,10.727952855354104,10.776939129171977,10.718155413723437,10.757344245910645,2800,0.0,0.0
2024-06-26 00:00:00-04:00,10.77693973802158,10.77693973802158,10.718156019252019,10.767142295837402,15700,0.0,0.0
2024-06-27 00:00:00-04:00,10.776940240932895,10.825926519804247,10.776940240932895,10.806331634521484,13400,0.0,0.0
2024-06-28 00:00:00-04:00,10.825925157410646,10.825925157410646,10.737750053405762,10.737750053405762,13200,0.0,0.0
2024-07-01 00:00:00-04:00,10.688765074784822,10.767142746870451,10.678967632190231,10.727953910827637,18900,0.0,0.0
2024-07-02 00:00:00-04:00,10.727954066416302,10.77694034576416,10.727954066416302,10.77694034576416,3900,0.0,0.0
2024-07-03 00:00:00-04:00,10.77693955128977,10.835723269040786,10.77693955128977,10.825925827026367,17300,0.0,0.0
2024-07-05 00:00:00-04:00,10.835723269040786,10.855317218734127,10.825925827026367,10.825925827026367,12800,0.0,0.0
2024-07-08 00:00:00-04:00,10.7867370961612,10.806331046041379,10.7867370961612,10.796534538269043,1500,0.0,0.0
2024-07-09 00:00:00-04:00,10.825925930257064,10.835723372364907,10.7867370961612,10.796534538269043,16300,0.0,0.0
2024-07-10 00:00:00-04:00,10.835723962445629,10.855317913392836,10.806331634521484,10.806331634521484,3700,0.0,0.0
2024-07-11 00:00:00-04:00,10.825925985509173,10.87491226196289,10.825925985509173,10.87491226196289,7400,0.0,0.0
2024-07-12 00:00:00-04:00,10.874911897047408,10.884708404541016,10.865114455218324,10.884708404541016,5500,0.0,0.0
2024-07-15 00:00:00-04:00,10.858179021774237,10.877831346842159,10.828700065612793,10.828700065612793,15800,0.033,0.0
2024-07-16 00:00:00-04:00,10.887657195296443,10.917136149338846,10.848351610866887,10.897483825683594,13800,0.0,0.0
2024-07-17 00:00:00-04:00,10.838523895498877,10.85817715430581,10.838523895498877,10.848350524902344,11500,0.0,0.0
2024-07-18 00:00:00-04:00,10.848350524902344,10.877829475993783,10.82869820321437,10.848350524902344,14500,0.0,0.0
2024-07-19 00:00:00-04:00,10.809045864818781,10.83852481842041,10.789392604338335,10.83852481842041,4900,0.0,0.0
2024-07-22 00:00:00-04:00,10.789391579338288,10.80904483795166,10.789391579338288,10.80904483795166,300,0.0,0.0
2024-07-23 00:00:00-04:00,10.809045954079979,10.897483752734226,10.809045954079979,10.86800479888916,4000,0.0,0.0
2024-07-24 00:00:00-04:00,10.838524980479734,10.897483825683594,10.818872656824484,10.897483825683594,32200,0.0,0.0
2024-07-25 00:00:00-04:00,10.858177229872036,10.897482810640483,10.858177229872036,10.877829551696777,1000,0.0,0.0
2024-07-26 00:00:00-04:00,10.897482810640483,10.897482810640483,10.877829551696777,10.877829551696777,13000,0.0,0.0
2024-07-29 00:00:00-04:00,10.897483825683594,10.897483825683594,10.887657195296443,10.897483825683594,4500,0.0,0.0
2024-07-30 00:00:00-04:00,10.897483825683594,10.897483825683594,10.887657195296443,10.897483825683594,11900,0.0,0.0
2024-07-31 00:00:00-04:00,10.897483082413263,10.995746568225496,10.887656452696342,10.976094245910645,63700,0.0,0.0
2024-08-01 00:00:00-04:00,10.976096095692746,10.976096095692746,10.956442832946777,10.956442832946777,1700,0.0,0.0
2024-08-02 00:00:00-04:00,10.976094380947503,11.044878915574207,10.976094380947503,11.025226593017578,18200,0.0,0.0
2024-08-05 00:00:00-04:00,11.035052043826989,11.035052043826989,10.868004025841143,10.936788558959961,13500,0.0,0.0
2024-08-06 00:00:00-04:00,10.936788558959961,10.976094140330568,10.936788558959961,10.936788558959961,10400,0.0,0.0
2024-08-07 00:00:00-04:00,10.956441224967286,11.064532279968262,10.956441224967286,11.064532279968262,17800,0.0,0.0
2024-08-08 00:00:00-04:00,11.05470651457245,11.074359775971072,11.0252275595936,11.035053253173828,8700,0.0,0.0
2024-08-09 00:00:00-04:00,11.054707359328777,11.054707359328777,10.976096181965305,10.985922813415527,12600,0.0,0.0
2024-08-12 00:00:00-04:00,11.025226593017578,11.025226593017578,11.025226593017578,11.025226593017578,200,0.0,0.0
2024-08-13 00:00:00-04:00,11.054705723895827,11.113664566755638,11.035052463902884,11.094011306762695,24900,0.0,0.0
2024-08-14 00:00:00-04:00,11.074360094085742,11.152971267700195,11.074360094085742,11.152971267700195,3900,0.0,0.0
2024-08-15 00:00:00-04:00,11.116506562117157,11.126361846923828,11.096796932355504,11.126361846923828,2300,0.033,0.0
2024-08-16 00:00:00-04:00,11.155927658081055,11.155927658081055,11.136218026735362,11.155927658081055,5300,0.0,0.0
2024-08-19 00:00:00-04:00,11.155926747045699,11.175637316633518,11.13621711730957,11.13621711730957,3500,0.0,0.0
2024-08-20 00:00:00-04:00,11.116506604819495,11.155926804345917,11.10665225982666,11.10665225982666,2200,0.0,0.0
2024-08-21 00:00:00-04:00,11.13621615008306,11.155925778107326,11.13621615008306,11.146071434020996,400,0.0,0.0
2024-08-22 00:00:00-04:00,11.08694076538086,11.08694076538086,11.057375853164961,11.08694076538086,2100,0.0,0.0
2024-08-23 00:00:00-04:00,11.126361904161334,11.136217189018703,11.047521505005763,11.096796989440918,4100,0.0,0.0
2024-08-26 00:00:00-04:00,11.027810920922125,11.126361889664024,11.027810920922125,11.10665225982666,400,0.0,0.0
2024-08-27 00:00:00-04:00,11.067230142845476,11.14607147478571,10.9686801226605,11.11650562286377,14300,0.0,0.0
2024-08-28 00:00:00-04:00,11.126361889664024,11.126361889664024,11.086941690137603,11.10665225982666,4300,0.0,0.0
2024-08-29 00:00:00-04:00,11.10665225982666,11.146072459353082,11.10665225982666,11.10665225982666,4700,0.0,0.0
2024-08-30 00:00:00-04:00,11.136217232704206,11.136217232704206,10.988390778818845,11.067231178283691,12500,0.0,0.0
2024-09-03 00:00:00-04:00,11.017956533605513,11.155926761492152,11.017956533605513,11.126361846923828,1800,0.0,0.0
2024-09-04 00:00:00-04:00,11.126361904161334,11.126361904161334,11.086941704583548,11.096796989440918,2700,0.0,0.0
2024-09-05 00:00:00-04:00,11.096795994767417,11.12636090683775,11.096795994767417,11.11650562286377,6200,0.0,0.0
2024-09-06 00:00:00-04:00,11.13621711730957,11.155926747045699,11.13621711730957,11.13621711730957,5200,0.0,0.0
2024-09-09 00:00:00-04:00,11.13621711730957,11.13621711730957,11.13621711730957,11.13621711730957,200,0.0,0.0
2024-09-10 00:00:00-04:00,11.146071434020996,11.165781062045262,11.146071434020996,11.146071434020996,1100,0.0,0.0
2024-09-11 00:00:00-04:00,11.136217046106323,11.234767073860233,11.136217046106323,11.175637245178223,5900,0.0,0.0
2024-09-12 00:00:00-04:00,11.274187144534084,11.274187144534084,11.22491260114414,11.244622230529785,18000,0.0,0.0
2024-09-13 00:00:00-04:00,11.284042429152741,11.284042429152741,11.244622230529785,11.244622230529785,7200,0.0,0.0
2024-09-16 00:00:00-04:00,11.217936515808105,11.277237853015363,11.119099697025662,11.217936515808105,69900,0.033,0.0
2024-09-17 00:00:00-04:00,11.23770328321818,11.257471023951593,11.178401946173452,11.188284873962402,10700,0.0,0.0
2024-09-18 00:00:00-04:00,11.198169691109829,11.198169691109829,11.158635148878199,11.168519020080566,3500,0.0,0.0
2024-09-19 00:00:00-04:00,11.19816776755733,11.19816776755733,11.1586332321167,11.1586332321167,4300,0.0,0.0
2024-09-20 00:00:00-04:00,11.158635148878199,11.208053562312196,11.158635148878199,11.168519020080566,35300,0.0,0.0
2024-09-23 00:00:00-04:00,11.168517090466988,11.178400959961694,11.119098685571137,11.138866424560547,10500,0.0,0.0
2024-09-24 00:00:00-04:00,11.138867357649724,11.148750285394636,11.119099617004395,11.119099617004395,15400,0.0,0.0
2024-09-25 00:00:00-04:00,11.138868322472728,11.15863512225246,11.128984451293945,11.128984451293945,16200,0.0,0.0
2024-09-26 00:00:00-04:00,11.119099597170358,11.128983467475392,11.089448928833008,11.089448928833008,7200,0.0,0.0
2024-09-27 00:00:00-04:00,11.12898443238746,11.12898443238746,11.099332818901484,11.109216690063477,16700,0.0,0.0
2024-09-30 00:00:00-04:00,11.119098685571137,11.148749351477578,11.119098685571137,11.138866424560547,11000,0.0,0.0
2024-10-01 00:00:00-04:00,11.158635148878199,11.178402891282934,11.128984477848936,11.168519020080566,12600,0.0,0.0
2024-10-02 00:00:00-04:00,11.168519001221451,11.168519001221451,11.148751258850098,11.148751258850098,3200,0.0,0.0
2024-10-03 00:00:00-04:00,11.17840189636263,11.17840189636263,11.119099617004395,11.119099617004395,38400,0.0,0.0
2024-10-04 00:00:00-04:00,11.119099617004395,11.128983487327059,11.119099617004395,11.119099617004395,2900,0.0,0.0
2024-10-07 00:00:00-04:00,11.119099617004395,11.119099617004395,11.119099617004395,11.119099617004395,20800,0.0,0.0
2024-10-08 00:00:00-04:00,11.128982555065843,11.148749351477578,11.119098685571137,11.138866424560547,18100,0.0,0.0
2024-10-09 00:00:00-04:00,11.109216716685225,11.178402872407128,11.109216716685225,11.148751258850098,12400,0.0,0.0
2024-10-10 00:00:00-04:00,11.148751277675833,11.168519020080566,11.148751277675833,11.168519020080566,400,0.0,0.0
2024-10-11 00:00:00-04:00,11.109216735444203,11.168519020080566,11.109216735444203,11.168519020080566,15600,0.0,0.0
2024-10-14 00:00:00-04:00,11.15863420628657,11.178401947021484,11.15863420628657,11.178401947021484,19300,0.0,0.0
2024-10-15 00:00:00-04:00,11.181375200602256,11.211113581949784,11.151637764590774,11.191287994384766,16100,0.033,0.0
2024-10-16 00:00:00-04:00,11.171463352155792,11.191287994384766,11.161550558373282,11.191287994384766,1600,0.0,0.0
2024-10-17 00:00:00-04:00,11.191287343071325,11.201200136276926,11.181374549865723,11.181374549865723,1900,0.0,0.0
2024-10-18 00:00:00-04:00,11.17146274842302,11.211112976074219,11.17146274842302,11.211112976074219,1200,0.0,0.0
2024-10-21 00:00:00-04:00,11.201201404016095,11.201201404016095,11.161551172042108,11.171463966369629,19800,0.0,0.0
2024-10-22 00:00:00-04:00,11.161550256507846,11.201200485229492,11.15163746299343,11.201200485229492,8500,0.0,0.0
2024-10-23 00:00:00-04:00,11.151637995097841,11.151637995097841,11.12190055847168,11.12190055847168,4400,0.0,0.0
2024-10-24 00:00:00-04:00,11.141724548837873,11.141724548837873,11.102074320545555,11.111987113952637,5700,0.0,0.0
2024-10-25 00:00:00-04:00,11.10207462310791,11.10207462310791,11.10207462310791,11.10207462310791,9700,0.0,0.0
2024-10-28 00:00:00-04:00,11.082249981089479,11.10207462310791,11.082249981089479,11.10207462310791,7600,0.0,0.0
2024-10-29 00:00:00-04:00,11.092162096139699,11.092162096139699,11.062424659729004,11.062424659729004,34200,0.0,0.0
2024-10-30 00:00:00-04:00,11.072337187412245,11.121900210462377,11.072337187412245,11.10207462310791,7200,0.0,0.0
2024-10-31 00:00:00-04:00,11.111987720158918,11.121900514106786,11.092162132263184,11.092162132263184,1300,0.0,0.0
2024-11-01 00:00:00-04:00,11.10207497049686,11.151637995097841,11.10207497049686,11.12190055847168,4200,0.0,0.0
2024-11-04 00:00:00-05:00,11.18137528148399,11.250763893127441,11.18137528148399,11.250763893127441,1200,0.0,0.0
2024-11-05 00:00:00-05:00,11.211112587355787,11.211112587355787,11.131811189466982,11.16154956817627,7400,0.0,0.0
2024-11-06 00:00:00-05:00,11.141725201110432,11.151637995097841,11.10207497049686,11.12190055847168,5300,0.0,0.0
2024-11-07 00:00:00-05:00,11.16154956817627,11.191287001549595,11.16154956817627,11.16154956817627,1300,0.0,0.0
2024-11-08 00:00:00-05:00,11.211113353069232,11.34988868184701,11.211113353069232,11.260675430297852,45200,0.0,0.0
2024-11-11 00:00:00-05:00,11.30032597172641,11.30032597172641,11.250763893127441,11.250763893127441,5300,0.0,0.0
2024-11-12 00:00:00-05:00,11.260675393069736,11.260675393069736,11.191287728910243,11.230937957763672,8700,0.0,0.0
2024-11-13 00:00:00-05:00,11.230937957763672,11.270588186617099,11.230937957763672,11.230937957763672,2700,0.0,0.0
2024-11-14 00:00:00-05:00,11.17146274842302,11.23093761723182,11.151637161929424,11.211112976074219,7100,0.0,0.0
2024-11-15 00:00:00-05:00,11.204154968261719,11.204154968261719,11.164387759899986,11.204154968261719,8600,0.033,0.0
2024-11-18 00:00:00-05:00,11.174329110070747,11.224037170410156,11.174329110070747,11.224037170410156,5900,0.0,0.0
2024-11-19 00:00:00-05:00,11.224036414793735,11.224036414793735,11.14450390284587,11.194211959838867,66400,0.0,0.0
2024-11-20 00:00:00-05:00,11.174328857907948,11.224036917125632,11.174328857907948,11.214095115661621,5800,0.0,0.0
2024-11-21 00:00:00-05:00,11.204154208264303,11.224036862994064,11.045088229914391,11.174328804016113,22500,0.0,0.0
2024-11-22 00:00:00-05:00,11.164386556781672,11.224036414793735,11.164386556781672,11.194211959838867,3000,0.0,0.0
2024-11-25 00:00:00-05:00,11.253860869748603,11.253860869748603,11.124620300807738,11.194211959838867,18300,0.0,0.0
2024-11-26 00:00:00-05:00,11.204154262299982,11.214095115661621,11.19421246083597,11.214095115661621,7200,0.0,0.0
2024-11-27 00:00:00-05:00,11.243920773786876,11.243920773786876,11.154446454796421,11.224037170410156,9300,0.0,0.0
2024-11-29 00:00:00-05:00,11.263803884599454,11.263803884599454,11.204154968261719,11.204154968261719,2200,0.0,0.0
2024-12-02 00:00:00-05:00,11.214095061578,11.353277437095786,11.174328804016113,11.174328804016113,21300,0.0,0.0
2024-12-03 00:00:00-05:00,11.243920016831867,11.243920016831867,11.174328357800738,11.194211959838867,79000,0.0,0.0
2024-12-04 00:00:00-05:00,11.184270158819803,11.21409461377467,11.184270158819803,11.194211959838867,58200,0.0,0.0
2024-12-05 00:00:00-05:00,11.184270911759109,11.233978972098516,11.174329110070747,11.224037170410156,24300,0.0,0.0
2024-12-06 00:00:00-05:00,11.233978772386266,11.253861427307129,11.233978772386266,11.253861427307129,11300,0.0,0.0
2024-12-09 00:00:00-05:00,11.233978524940275,11.273744782008462,11.233978524940275,11.24392032623291,2900,0.0,0.0
2024-12-10 00:00:00-05:00,11.24392032623291,11.253861179423192,11.204154069164721,11.24392032623291,5900,0.0,0.0
2024-12-11 00:00:00-05:00,11.243920879216493,11.313511595482753,11.243920879216493,11.303569793701172,6100,0.0,0.0
2024-12-12 00:00:00-05:00,11.283686439380242,11.31351089477539,11.283686439380242,11.31351089477539,12900,0.0,0.0
2024-12-13 00:00:00-05:00,11.29362768525123,11.29362768525123,11.214095169363027,11.253861427307129,131800,0.0,0.0
2024-12-16 00:00:00-05:00,11.276794637160473,11.296735423375612,11.246882031526223,11.266823768615723,94700,0.033,0.0
2024-12-17 00:00:00-05:00,11.206999778747559,11.246882303014923,11.177088123265632,11.206999778747559,115400,0.0,0.0
2024-12-18 00:00:00-05:00,11.197029320742637,11.20700018989387,11.167117664163353,11.18705940246582,13900,0.0,0.0
2024-12-19 00:00:00-05:00,11.207000059188191,11.207000059188191,10.987646645665846,11.007587432861328,63900,0.0,0.0
2024-12-20 00:00:00-05:00,11.057440691413252,11.077381478363929,10.967704772949219,10.967704772949219,17900,0.0,0.0
2024-12-23 00:00:00-05:00,10.997616431310874,11.017558169140477,10.798203807386829,10.828115463256836,100800,0.0,0.0
2024-12-24 00:00:00-05:00,10.858028135955685,10.92782231703445,10.83808639800495,10.917851448059082,98900,0.0,0.0
2024-12-26 00:00:00-05:00,10.937792846572696,11.057440417940821,10.937792846572696,11.027528762817383,64500,0.0,0.0
2024-12-27 00:00:00-05:00,11.03749915397663,11.097323417663574,11.03749915397663,11.097323417663574,97000,0.0,0.0
2024-12-30 00:00:00-05:00,11.097322601335334,11.137205123901367,11.097322601335334,11.137205123901367,46400,0.0,0.0
2024-12-31 00:00:00-05:00,11.13720600758407,11.18705940246582,11.13720600758407,11.18705940246582,12600,0.0,0.0
2025-01-02 00:00:00-05:00,11.206999982736457,11.206999982736457,11.167117457743155,11.197029113769531,4400,0.0,0.0
2025-01-03 00:00:00-05:00,11.22694144833689,11.266823972362756,11.206999710886766,11.256853103637695,10700,0.0,0.0
2025-01-06 00:00:00-05:00,11.197029250999444,11.246882645570672,11.197029250999444,11.236912727355957,25800,0.0,0.0
2025-01-07 00:00:00-05:00,11.216970716061146,11.216970716061146,11.157146453857422,11.157146453857422,1400,0.0,0.0
2025-01-08 00:00:00-05:00,11.216970374055684,11.216970374055684,11.097322804170679,11.12723445892334,29500,0.0,0.0
2025-01-10 00:00:00-05:00,11.107293469695428,11.167116778107307,11.107293469695428,11.137205123901367,19700,0.0,0.0
2025-01-13 00:00:00-05:00,11.12723445892334,11.137205327465681,11.10729367271302,11.12723445892334,2100,0.0,0.0
2025-01-14 00:00:00-05:00,11.187058992051067,11.206999778747559,11.187058992051067,11.206999778747559,5300,0.0,0.0
2025-01-15 00:00:00-05:00,11.270000457763672,11.3100004196167,11.260000228881836,11.279999732971191,105000,0.033,0.0
2025-01-16 00:00:00-05:00,11.220000267028809,11.229999542236328,11.197500228881836,11.210000038146973,18418,0.0,0.0
