Date,Open,High,Low,Close,Volume,Dividends,Stock Splits
2022-01-03 00:00:00-05:00,9.8100004196167,9.8100004196167,9.8100004196167,9.8100004196167,20500,0.0,0.0
2022-01-04 00:00:00-05:00,9.8100004196167,9.8100004196167,9.8100004196167,9.8100004196167,0,0.0,0.0
2022-01-05 00:00:00-05:00,9.8100004196167,9.8100004196167,9.8100004196167,9.8100004196167,0,0.0,0.0
2022-01-06 00:00:00-05:00,9.800000190734863,9.800000190734863,9.800000190734863,9.800000190734863,600,0.0,0.0
2022-01-07 00:00:00-05:00,9.800000190734863,9.800000190734863,9.710000038146973,9.710000038146973,173000,0.0,0.0
2022-01-10 00:00:00-05:00,9.710000038146973,9.710000038146973,9.710000038146973,9.710000038146973,0,0.0,0.0
2022-01-11 00:00:00-05:00,9.779999732971191,9.779999732971191,9.779999732971191,9.779999732971191,400,0.0,0.0
2022-01-12 00:00:00-05:00,9.819999694824219,9.819999694824219,9.819999694824219,9.819999694824219,100,0.0,0.0
2022-01-13 00:00:00-05:00,9.800000190734863,9.800000190734863,9.800000190734863,9.800000190734863,600,0.0,0.0
2022-01-14 00:00:00-05:00,9.699999809265137,9.789999961853027,9.699999809265137,9.770000457763672,2000,0.0,0.0
2022-01-18 00:00:00-05:00,9.800000190734863,9.800000190734863,9.800000190734863,9.800000190734863,2100,0.0,0.0
2022-01-19 00:00:00-05:00,9.800000190734863,9.800000190734863,9.800000190734863,9.800000190734863,0,0.0,0.0
2022-01-20 00:00:00-05:00,9.710000038146973,9.710000038146973,9.710000038146973,9.710000038146973,48000,0.0,0.0
2022-01-21 00:00:00-05:00,9.75,9.75,9.699999809265137,9.718999862670898,26300,0.0,0.0
2022-01-24 00:00:00-05:00,9.699999809265137,9.699999809265137,9.640000343322754,9.65999984741211,18100,0.0,0.0
2022-01-25 00:00:00-05:00,9.670000076293945,9.670000076293945,9.649999618530273,9.649999618530273,1700,0.0,0.0
2022-01-26 00:00:00-05:00,9.654999732971191,9.654999732971191,9.654999732971191,9.654999732971191,400,0.0,0.0
2022-01-27 00:00:00-05:00,9.649999618530273,9.649999618530273,9.600000381469727,9.600000381469727,1453000,0.0,0.0
2022-01-28 00:00:00-05:00,9.65999984741211,9.65999984741211,9.649999618530273,9.649999618530273,3800,0.0,0.0
2022-01-31 00:00:00-05:00,9.649999618530273,9.649999618530273,9.649999618530273,9.649999618530273,0,0.0,0.0
2022-02-01 00:00:00-05:00,9.65999984741211,9.65999984741211,9.65999984741211,9.65999984741211,9200,0.0,0.0
2022-02-02 00:00:00-05:00,9.65999984741211,9.65999984741211,9.65999984741211,9.65999984741211,0,0.0,0.0
2022-02-03 00:00:00-05:00,9.59000015258789,9.649999618530273,9.59000015258789,9.649999618530273,2300,0.0,0.0
2022-02-04 00:00:00-05:00,9.609999656677246,9.649999618530273,9.609999656677246,9.649999618530273,600,0.0,0.0
2022-02-07 00:00:00-05:00,9.609999656677246,9.649999618530273,9.609999656677246,9.649999618530273,17400,0.0,0.0
2022-02-08 00:00:00-05:00,9.609999656677246,9.65999984741211,9.609999656677246,9.65999984741211,2200,0.0,0.0
2022-02-09 00:00:00-05:00,9.609999656677246,9.65999984741211,9.609999656677246,9.65999984741211,300,0.0,0.0
2022-02-10 00:00:00-05:00,9.609999656677246,9.65999984741211,9.609999656677246,9.65999984741211,200,0.0,0.0
2022-02-11 00:00:00-05:00,9.609999656677246,9.649999618530273,9.609999656677246,9.649999618530273,200,0.0,0.0
2022-02-14 00:00:00-05:00,9.609999656677246,9.65999984741211,9.609999656677246,9.65999984741211,200,0.0,0.0
2022-02-15 00:00:00-05:00,9.609999656677246,9.649999618530273,9.609999656677246,9.640000343322754,77200,0.0,0.0
2022-02-16 00:00:00-05:00,9.630000114440918,9.640000343322754,9.619999885559082,9.640000343322754,1700,0.0,0.0
2022-02-17 00:00:00-05:00,9.600000381469727,9.630000114440918,9.600000381469727,9.630000114440918,300,0.0,0.0
2022-02-18 00:00:00-05:00,9.600000381469727,9.630000114440918,9.600000381469727,9.630000114440918,200,0.0,0.0
2022-02-22 00:00:00-05:00,9.529999732971191,9.65999984741211,9.529999732971191,9.65999984741211,600,0.0,0.0
2022-02-23 00:00:00-05:00,9.600000381469727,9.65999984741211,9.600000381469727,9.65999984741211,300,0.0,0.0
2022-02-24 00:00:00-05:00,9.600000381469727,9.649999618530273,9.600000381469727,9.640000343322754,400,0.0,0.0
2022-02-25 00:00:00-05:00,9.640000343322754,9.640000343322754,9.640000343322754,9.640000343322754,0,0.0,0.0
2022-02-28 00:00:00-05:00,9.640000343322754,9.640000343322754,9.640000343322754,9.640000343322754,0,0.0,0.0
2022-03-01 00:00:00-05:00,9.640000343322754,9.640000343322754,9.640000343322754,9.640000343322754,0,0.0,0.0
2022-03-02 00:00:00-05:00,9.640000343322754,9.640000343322754,9.640000343322754,9.640000343322754,0,0.0,0.0
2022-03-03 00:00:00-05:00,9.640000343322754,9.640000343322754,9.640000343322754,9.640000343322754,0,0.0,0.0
2022-03-04 00:00:00-05:00,9.640000343322754,9.640000343322754,9.640000343322754,9.640000343322754,0,0.0,0.0
2022-03-07 00:00:00-05:00,9.619999885559082,9.619999885559082,9.609999656677246,9.609999656677246,1200,0.0,0.0
2022-03-08 00:00:00-05:00,9.609999656677246,9.609999656677246,9.609999656677246,9.609999656677246,0,0.0,0.0
2022-03-09 00:00:00-05:00,9.609999656677246,9.609999656677246,9.609999656677246,9.609999656677246,0,0.0,0.0
2022-03-10 00:00:00-05:00,9.609999656677246,9.609999656677246,9.609999656677246,9.609999656677246,0,0.0,0.0
2022-03-11 00:00:00-05:00,9.609999656677246,9.609999656677246,9.609999656677246,9.609999656677246,0,0.0,0.0
2022-03-14 00:00:00-04:00,9.609999656677246,9.609999656677246,9.609999656677246,9.609999656677246,0,0.0,0.0
2022-03-15 00:00:00-04:00,9.630000114440918,9.630000114440918,9.630000114440918,9.630000114440918,29600,0.0,0.0
2022-03-16 00:00:00-04:00,9.630000114440918,9.630000114440918,9.630000114440918,9.630000114440918,2200,0.0,0.0
2022-03-17 00:00:00-04:00,9.619999885559082,9.635000228881836,9.619999885559082,9.619999885559082,600,0.0,0.0
2022-03-18 00:00:00-04:00,9.649999618530273,9.649999618530273,9.649999618530273,9.649999618530273,700,0.0,0.0
2022-03-21 00:00:00-04:00,9.649999618530273,9.649999618530273,9.635000228881836,9.640000343322754,9700,0.0,0.0
2022-03-22 00:00:00-04:00,9.645000457763672,9.645000457763672,9.645000457763672,9.645000457763672,200,0.0,0.0
2022-03-23 00:00:00-04:00,9.649999618530273,9.649999618530273,9.640000343322754,9.640000343322754,2100,0.0,0.0
2022-03-24 00:00:00-04:00,9.640000343322754,9.640000343322754,9.640000343322754,9.640000343322754,0,0.0,0.0
2022-03-25 00:00:00-04:00,9.670000076293945,9.670000076293945,9.670000076293945,9.670000076293945,100,0.0,0.0
2022-03-28 00:00:00-04:00,9.670999526977539,9.670999526977539,9.670999526977539,9.670999526977539,100,0.0,0.0
2022-03-29 00:00:00-04:00,9.75,9.75,9.75,9.75,11500,0.0,0.0
2022-03-30 00:00:00-04:00,9.75,9.75,9.75,9.75,100,0.0,0.0
2022-03-31 00:00:00-04:00,9.720000267028809,9.720000267028809,9.720000267028809,9.720000267028809,100,0.0,0.0
2022-04-01 00:00:00-04:00,9.720000267028809,9.720000267028809,9.720000267028809,9.720000267028809,0,0.0,0.0
2022-04-04 00:00:00-04:00,9.720000267028809,9.720000267028809,9.720000267028809,9.720000267028809,0,0.0,0.0
2022-04-05 00:00:00-04:00,9.720000267028809,9.720000267028809,9.720000267028809,9.720000267028809,0,0.0,0.0
2022-04-06 00:00:00-04:00,9.720000267028809,9.720000267028809,9.720000267028809,9.720000267028809,0,0.0,0.0
2022-04-07 00:00:00-04:00,9.699999809265137,9.699999809265137,9.699999809265137,9.699999809265137,200,0.0,0.0
2022-04-08 00:00:00-04:00,9.699999809265137,9.699999809265137,9.699999809265137,9.699999809265137,0,0.0,0.0
2022-04-11 00:00:00-04:00,9.699999809265137,9.699999809265137,9.699999809265137,9.699999809265137,0,0.0,0.0
2022-04-12 00:00:00-04:00,9.699999809265137,9.699999809265137,9.699999809265137,9.699999809265137,0,0.0,0.0
2022-04-13 00:00:00-04:00,9.699999809265137,9.699999809265137,9.699999809265137,9.699999809265137,0,0.0,0.0
2022-04-14 00:00:00-04:00,9.699999809265137,9.699999809265137,9.699999809265137,9.699999809265137,0,0.0,0.0
2022-04-18 00:00:00-04:00,9.699999809265137,9.699999809265137,9.699999809265137,9.699999809265137,0,0.0,0.0
2022-04-19 00:00:00-04:00,9.699999809265137,9.699999809265137,9.699999809265137,9.699999809265137,0,0.0,0.0
2022-04-20 00:00:00-04:00,9.699999809265137,9.699999809265137,9.699999809265137,9.699999809265137,0,0.0,0.0
2022-04-21 00:00:00-04:00,9.699999809265137,9.699999809265137,9.699999809265137,9.699999809265137,0,0.0,0.0
2022-04-22 00:00:00-04:00,9.699999809265137,9.699999809265137,9.699999809265137,9.699999809265137,0,0.0,0.0
2022-04-25 00:00:00-04:00,9.699999809265137,9.699999809265137,9.699999809265137,9.699999809265137,0,0.0,0.0
2022-04-26 00:00:00-04:00,9.699999809265137,9.699999809265137,9.699999809265137,9.699999809265137,0,0.0,0.0
2022-04-27 00:00:00-04:00,9.699999809265137,9.699999809265137,9.699999809265137,9.699999809265137,0,0.0,0.0
2022-04-28 00:00:00-04:00,9.699999809265137,9.699999809265137,9.699999809265137,9.699999809265137,0,0.0,0.0
2022-04-29 00:00:00-04:00,9.720000267028809,9.720000267028809,9.720000267028809,9.720000267028809,100,0.0,0.0
2022-05-02 00:00:00-04:00,9.710000038146973,9.86299991607666,9.710000038146973,9.86299991607666,300,0.0,0.0
2022-05-03 00:00:00-04:00,9.710000038146973,9.710000038146973,9.710000038146973,9.710000038146973,100,0.0,0.0
2022-05-04 00:00:00-04:00,9.710000038146973,9.710000038146973,9.710000038146973,9.710000038146973,0,0.0,0.0
2022-05-05 00:00:00-04:00,9.710000038146973,9.710000038146973,9.710000038146973,9.710000038146973,0,0.0,0.0
2022-05-06 00:00:00-04:00,9.710000038146973,9.710000038146973,9.710000038146973,9.710000038146973,0,0.0,0.0
2022-05-09 00:00:00-04:00,9.710000038146973,9.710000038146973,9.710000038146973,9.710000038146973,0,0.0,0.0
2022-05-10 00:00:00-04:00,9.710000038146973,9.710000038146973,9.710000038146973,9.710000038146973,0,0.0,0.0
2022-05-11 00:00:00-04:00,9.710000038146973,9.710000038146973,9.710000038146973,9.710000038146973,50100,0.0,0.0
2022-05-12 00:00:00-04:00,9.710000038146973,9.710000038146973,9.710000038146973,9.710000038146973,0,0.0,0.0
2022-05-13 00:00:00-04:00,9.710000038146973,9.710000038146973,9.710000038146973,9.710000038146973,0,0.0,0.0
2022-05-16 00:00:00-04:00,9.710000038146973,9.710000038146973,9.710000038146973,9.710000038146973,0,0.0,0.0
2022-05-17 00:00:00-04:00,9.710000038146973,9.710000038146973,9.710000038146973,9.710000038146973,0,0.0,0.0
2022-05-18 00:00:00-04:00,9.710000038146973,9.710000038146973,9.710000038146973,9.710000038146973,0,0.0,0.0
2022-05-19 00:00:00-04:00,9.710000038146973,9.710000038146973,9.710000038146973,9.710000038146973,0,0.0,0.0
2022-05-20 00:00:00-04:00,9.710000038146973,9.710000038146973,9.710000038146973,9.710000038146973,0,0.0,0.0
2022-05-23 00:00:00-04:00,9.710000038146973,9.710000038146973,9.710000038146973,9.710000038146973,0,0.0,0.0
2022-05-24 00:00:00-04:00,9.710000038146973,9.710000038146973,9.710000038146973,9.710000038146973,0,0.0,0.0
2022-05-25 00:00:00-04:00,9.710000038146973,9.710000038146973,9.710000038146973,9.710000038146973,0,0.0,0.0
2022-05-26 00:00:00-04:00,9.710000038146973,9.710000038146973,9.710000038146973,9.710000038146973,0,0.0,0.0
2022-05-27 00:00:00-04:00,9.710000038146973,9.710000038146973,9.710000038146973,9.710000038146973,0,0.0,0.0
2022-05-31 00:00:00-04:00,9.710000038146973,9.710000038146973,9.710000038146973,9.710000038146973,0,0.0,0.0
2022-06-01 00:00:00-04:00,9.710000038146973,9.710000038146973,9.710000038146973,9.710000038146973,0,0.0,0.0
2022-06-02 00:00:00-04:00,9.710000038146973,9.710000038146973,9.710000038146973,9.710000038146973,0,0.0,0.0
2022-06-03 00:00:00-04:00,9.710000038146973,9.710000038146973,9.710000038146973,9.710000038146973,0,0.0,0.0
2022-06-06 00:00:00-04:00,9.710000038146973,9.710000038146973,9.710000038146973,9.710000038146973,0,0.0,0.0
2022-06-07 00:00:00-04:00,9.710000038146973,9.710000038146973,9.710000038146973,9.710000038146973,0,0.0,0.0
2022-06-08 00:00:00-04:00,9.710000038146973,9.710000038146973,9.710000038146973,9.710000038146973,0,0.0,0.0
2022-06-09 00:00:00-04:00,9.710000038146973,9.710000038146973,9.710000038146973,9.710000038146973,0,0.0,0.0
2022-06-10 00:00:00-04:00,9.699999809265137,9.699999809265137,9.699999809265137,9.699999809265137,200,0.0,0.0
2022-06-13 00:00:00-04:00,9.699999809265137,9.699999809265137,9.699999809265137,9.699999809265137,200,0.0,0.0
2022-06-14 00:00:00-04:00,9.699999809265137,9.699999809265137,9.699999809265137,9.699999809265137,2600,0.0,0.0
2022-06-15 00:00:00-04:00,9.699999809265137,9.699999809265137,9.699999809265137,9.699999809265137,0,0.0,0.0
2022-06-16 00:00:00-04:00,9.699999809265137,9.699999809265137,9.699999809265137,9.699999809265137,2500,0.0,0.0
2022-06-17 00:00:00-04:00,9.699999809265137,9.699999809265137,9.699999809265137,9.699999809265137,0,0.0,0.0
2022-06-21 00:00:00-04:00,9.699999809265137,9.699999809265137,9.699999809265137,9.699999809265137,0,0.0,0.0
2022-06-22 00:00:00-04:00,9.699999809265137,9.699999809265137,9.699999809265137,9.699999809265137,0,0.0,0.0
2022-06-23 00:00:00-04:00,9.699999809265137,9.699999809265137,9.699999809265137,9.699999809265137,0,0.0,0.0
2022-06-24 00:00:00-04:00,9.699999809265137,9.699999809265137,9.699999809265137,9.699999809265137,0,0.0,0.0
2022-06-27 00:00:00-04:00,9.699999809265137,9.699999809265137,9.699999809265137,9.699999809265137,0,0.0,0.0
2022-06-28 00:00:00-04:00,9.65999984741211,9.65999984741211,9.65999984741211,9.65999984741211,700,0.0,0.0
2022-06-29 00:00:00-04:00,9.65999984741211,9.65999984741211,9.65999984741211,9.65999984741211,0,0.0,0.0
2022-06-30 00:00:00-04:00,9.65999984741211,9.65999984741211,9.65999984741211,9.65999984741211,0,0.0,0.0
2022-07-01 00:00:00-04:00,9.65999984741211,9.65999984741211,9.65999984741211,9.65999984741211,0,0.0,0.0
2022-07-05 00:00:00-04:00,9.65999984741211,9.65999984741211,9.65999984741211,9.65999984741211,0,0.0,0.0
2022-07-06 00:00:00-04:00,9.65999984741211,9.65999984741211,9.65999984741211,9.65999984741211,0,0.0,0.0
2022-07-07 00:00:00-04:00,9.65999984741211,9.65999984741211,9.65999984741211,9.65999984741211,0,0.0,0.0
2022-07-08 00:00:00-04:00,9.65999984741211,9.65999984741211,9.65999984741211,9.65999984741211,0,0.0,0.0
2022-07-11 00:00:00-04:00,9.720000267028809,9.720000267028809,9.6899995803833,9.6899995803833,300,0.0,0.0
2022-07-12 00:00:00-04:00,9.6899995803833,9.6899995803833,9.6899995803833,9.6899995803833,0,0.0,0.0
2022-07-13 00:00:00-04:00,9.6899995803833,9.6899995803833,9.6899995803833,9.6899995803833,0,0.0,0.0
2022-07-14 00:00:00-04:00,9.6899995803833,9.6899995803833,9.6899995803833,9.6899995803833,0,0.0,0.0
2022-07-15 00:00:00-04:00,9.6899995803833,9.6899995803833,9.6899995803833,9.6899995803833,0,0.0,0.0
2022-07-18 00:00:00-04:00,9.6899995803833,9.6899995803833,9.6899995803833,9.6899995803833,0,0.0,0.0
2022-07-19 00:00:00-04:00,9.6899995803833,9.6899995803833,9.6899995803833,9.6899995803833,0,0.0,0.0
2022-07-20 00:00:00-04:00,9.6899995803833,9.6899995803833,9.6899995803833,9.6899995803833,200,0.0,0.0
2022-07-21 00:00:00-04:00,9.6899995803833,9.6899995803833,9.6899995803833,9.6899995803833,0,0.0,0.0
2022-07-22 00:00:00-04:00,9.699999809265137,9.699999809265137,9.699999809265137,9.699999809265137,200,0.0,0.0
2022-07-25 00:00:00-04:00,9.699999809265137,9.699999809265137,9.699999809265137,9.699999809265137,0,0.0,0.0
2022-07-26 00:00:00-04:00,9.699999809265137,9.699999809265137,9.699999809265137,9.699999809265137,0,0.0,0.0
2022-07-27 00:00:00-04:00,9.699999809265137,9.699999809265137,9.699999809265137,9.699999809265137,0,0.0,0.0
2022-07-28 00:00:00-04:00,9.710000038146973,9.710000038146973,9.710000038146973,9.710000038146973,1500,0.0,0.0
2022-07-29 00:00:00-04:00,9.699999809265137,9.729999542236328,9.680000305175781,9.729999542236328,14200,0.0,0.0
2022-08-01 00:00:00-04:00,9.729999542236328,9.729999542236328,9.729999542236328,9.729999542236328,0,0.0,0.0
2022-08-02 00:00:00-04:00,9.729999542236328,9.729999542236328,9.729999542236328,9.729999542236328,0,0.0,0.0
2022-08-03 00:00:00-04:00,9.729999542236328,9.729999542236328,9.729999542236328,9.729999542236328,0,0.0,0.0
2022-08-04 00:00:00-04:00,9.729999542236328,9.729999542236328,9.729999542236328,9.729999542236328,0,0.0,0.0
2022-08-05 00:00:00-04:00,9.729999542236328,9.729999542236328,9.729999542236328,9.729999542236328,0,0.0,0.0
2022-08-08 00:00:00-04:00,9.729999542236328,9.729999542236328,9.729999542236328,9.729999542236328,0,0.0,0.0
2022-08-09 00:00:00-04:00,9.729999542236328,9.739999771118164,9.729999542236328,9.739999771118164,47300,0.0,0.0
2022-08-10 00:00:00-04:00,9.739999771118164,9.739999771118164,9.739999771118164,9.739999771118164,0,0.0,0.0
2022-08-11 00:00:00-04:00,9.739999771118164,9.739999771118164,9.739999771118164,9.739999771118164,0,0.0,0.0
2022-08-12 00:00:00-04:00,9.739999771118164,9.739999771118164,9.739999771118164,9.739999771118164,0,0.0,0.0
2022-08-15 00:00:00-04:00,9.739999771118164,9.739999771118164,9.739999771118164,9.739999771118164,0,0.0,0.0
2022-08-16 00:00:00-04:00,9.739999771118164,9.739999771118164,9.739999771118164,9.739999771118164,0,0.0,0.0
2022-08-17 00:00:00-04:00,9.920000076293945,9.920000076293945,9.920000076293945,9.920000076293945,100,0.0,0.0
2022-08-18 00:00:00-04:00,9.920000076293945,9.920000076293945,9.920000076293945,9.920000076293945,3100,0.0,0.0
2022-08-19 00:00:00-04:00,9.920000076293945,9.920000076293945,9.920000076293945,9.920000076293945,0,0.0,0.0
2022-08-22 00:00:00-04:00,9.760000228881836,9.779999732971191,9.710000038146973,9.710000038146973,304100,0.0,0.0
2022-08-23 00:00:00-04:00,9.760000228881836,9.770000457763672,9.760000228881836,9.770000457763672,1700,0.0,0.0
2022-08-24 00:00:00-04:00,9.770000457763672,9.770000457763672,9.770000457763672,9.770000457763672,0,0.0,0.0
2022-08-25 00:00:00-04:00,9.739999771118164,9.739999771118164,9.739999771118164,9.739999771118164,100,0.0,0.0
2022-08-26 00:00:00-04:00,9.739999771118164,9.739999771118164,9.739999771118164,9.739999771118164,0,0.0,0.0
2022-08-29 00:00:00-04:00,9.729999542236328,9.739999771118164,9.729999542236328,9.729999542236328,1400,0.0,0.0
2022-08-30 00:00:00-04:00,9.739999771118164,9.739999771118164,9.739999771118164,9.739999771118164,500,0.0,0.0
2022-08-31 00:00:00-04:00,9.739999771118164,9.739999771118164,9.739999771118164,9.739999771118164,274300,0.0,0.0
2022-09-01 00:00:00-04:00,9.739999771118164,9.739999771118164,9.739999771118164,9.739999771118164,0,0.0,0.0
2022-09-02 00:00:00-04:00,9.739999771118164,9.739999771118164,9.739999771118164,9.739999771118164,0,0.0,0.0
2022-09-06 00:00:00-04:00,9.739999771118164,9.739999771118164,9.739999771118164,9.739999771118164,0,0.0,0.0
2022-09-07 00:00:00-04:00,9.739999771118164,9.739999771118164,9.739999771118164,9.739999771118164,0,0.0,0.0
2022-09-08 00:00:00-04:00,9.739999771118164,9.739999771118164,9.739999771118164,9.739999771118164,0,0.0,0.0
2022-09-09 00:00:00-04:00,9.739999771118164,9.739999771118164,9.739999771118164,9.739999771118164,0,0.0,0.0
2022-09-12 00:00:00-04:00,9.739999771118164,9.739999771118164,9.739999771118164,9.739999771118164,0,0.0,0.0
2022-09-13 00:00:00-04:00,9.739999771118164,9.739999771118164,9.739999771118164,9.739999771118164,0,0.0,0.0
2022-09-14 00:00:00-04:00,9.8100004196167,9.8100004196167,9.8100004196167,9.8100004196167,200,0.0,0.0
2022-09-15 00:00:00-04:00,9.850000381469727,9.90999984741211,9.819999694824219,9.84000015258789,750900,0.0,0.0
2022-09-16 00:00:00-04:00,9.859999656677246,9.859999656677246,9.819999694824219,9.819999694824219,14300,0.0,0.0
2022-09-19 00:00:00-04:00,9.880000114440918,9.880000114440918,9.84000015258789,9.859999656677246,935400,0.0,0.0
2022-09-20 00:00:00-04:00,9.869999885559082,9.949999809265137,9.869999885559082,9.869999885559082,399000,0.0,0.0
2022-09-21 00:00:00-04:00,10.029999732971191,10.039999961853027,9.869999885559082,9.90999984741211,150700,0.0,0.0
2022-09-22 00:00:00-04:00,9.989999771118164,9.989999771118164,9.920000076293945,9.930000305175781,34500,0.0,0.0
2022-09-23 00:00:00-04:00,9.930000305175781,9.930000305175781,9.899999618530273,9.899999618530273,86300,0.0,0.0
2022-09-26 00:00:00-04:00,9.930000305175781,9.930000305175781,9.90999984741211,9.914999961853027,16600,0.0,0.0
2022-09-27 00:00:00-04:00,9.920000076293945,9.930000305175781,9.920000076293945,9.920000076293945,13600,0.0,0.0
2022-09-28 00:00:00-04:00,9.930000305175781,9.930000305175781,9.869999885559082,9.920000076293945,391600,0.0,0.0
2022-09-29 00:00:00-04:00,9.930000305175781,9.930000305175781,9.887999534606934,9.920000076293945,4400,0.0,0.0
2022-09-30 00:00:00-04:00,9.930000305175781,9.930000305175781,9.911999702453613,9.920000076293945,28400,0.0,0.0
2022-10-03 00:00:00-04:00,9.920000076293945,9.930000305175781,9.899999618530273,9.920000076293945,23200,0.0,0.0
2022-10-04 00:00:00-04:00,9.899999618530273,9.920000076293945,9.899999618530273,9.899999618530273,19300,0.0,0.0
2022-10-05 00:00:00-04:00,9.899999618530273,9.920000076293945,9.899999618530273,9.916999816894531,13400,0.0,0.0
2022-10-06 00:00:00-04:00,9.899999618530273,9.920000076293945,9.869999885559082,9.869999885559082,20500,0.0,0.0
2022-10-07 00:00:00-04:00,9.890000343322754,9.90999984741211,9.890000343322754,9.899999618530273,902700,0.0,0.0
2022-10-10 00:00:00-04:00,9.869999885559082,9.890000343322754,9.869999885559082,9.880000114440918,2600,0.0,0.0
2022-10-11 00:00:00-04:00,9.869999885559082,9.890000343322754,9.869999885559082,9.880000114440918,538000,0.0,0.0
2022-10-12 00:00:00-04:00,9.869999885559082,9.90999984741211,9.869999885559082,9.880000114440918,4700,0.0,0.0
2022-10-13 00:00:00-04:00,9.880000114440918,9.899999618530273,9.880000114440918,9.895000457763672,19600,0.0,0.0
2022-10-14 00:00:00-04:00,9.930000305175781,9.930000305175781,9.885000228881836,9.899999618530273,110300,0.0,0.0
2022-10-17 00:00:00-04:00,9.899999618530273,9.899999618530273,9.899999618530273,9.899999618530273,0,0.0,0.0
2022-10-18 00:00:00-04:00,9.880000114440918,9.90999984741211,9.880000114440918,9.895000457763672,14500,0.0,0.0
2022-10-19 00:00:00-04:00,9.904999732971191,9.90999984741211,9.899999618530273,9.90999984741211,202100,0.0,0.0
2022-10-20 00:00:00-04:00,9.904999732971191,9.90999984741211,9.899999618530273,9.90999984741211,37700,0.0,0.0
2022-10-21 00:00:00-04:00,9.90999984741211,9.90999984741211,9.880000114440918,9.899999618530273,13700,0.0,0.0
2022-10-24 00:00:00-04:00,9.890000343322754,9.899999618530273,9.890000343322754,9.890000343322754,13300,0.0,0.0
2022-10-25 00:00:00-04:00,9.869999885559082,9.880000114440918,9.869999885559082,9.869999885559082,3900,0.0,0.0
2022-10-26 00:00:00-04:00,9.869999885559082,9.869999885559082,9.845000267028809,9.859999656677246,13400,0.0,0.0
2022-10-27 00:00:00-04:00,9.899999618530273,9.899999618530273,9.829999923706055,9.859999656677246,13900,0.0,0.0
2022-10-28 00:00:00-04:00,9.859999656677246,9.859999656677246,9.859999656677246,9.859999656677246,0,0.0,0.0
2022-10-31 00:00:00-04:00,9.869000434875488,9.880000114440918,9.866000175476074,9.869999885559082,9200,0.0,0.0
2022-11-01 00:00:00-04:00,9.880000114440918,9.880000114440918,9.850000381469727,9.859999656677246,12000,0.0,0.0
2022-11-02 00:00:00-04:00,9.859999656677246,9.880000114440918,9.859999656677246,9.880000114440918,83500,0.0,0.0
2022-11-03 00:00:00-04:00,9.890000343322754,9.895000457763672,9.885000228881836,9.895000457763672,3400,0.0,0.0
2022-11-04 00:00:00-04:00,9.899999618530273,9.899999618530273,9.890000343322754,9.890000343322754,400,0.0,0.0
2022-11-07 00:00:00-05:00,9.899999618530273,9.899999618530273,9.899999618530273,9.899999618530273,700,0.0,0.0
2022-11-08 00:00:00-05:00,9.895000457763672,9.895000457763672,9.890000343322754,9.895000457763672,6500,0.0,0.0
2022-11-09 00:00:00-05:00,9.895000457763672,9.899999618530273,9.890000343322754,9.890000343322754,7100,0.0,0.0
2022-11-10 00:00:00-05:00,9.899999618530273,9.899999618530273,9.890000343322754,9.890000343322754,17700,0.0,0.0
2022-11-11 00:00:00-05:00,9.890000343322754,9.895000457763672,9.890000343322754,9.895000457763672,700,0.0,0.0
2022-11-14 00:00:00-05:00,9.895000457763672,9.899999618530273,9.895000457763672,9.899999618530273,300,0.0,0.0
2022-11-15 00:00:00-05:00,9.899999618530273,9.899999618530273,9.89900016784668,9.899999618530273,17000,0.0,0.0
2022-11-16 00:00:00-05:00,9.904999732971191,9.914999961853027,9.904999732971191,9.914999961853027,10500,0.0,0.0
2022-11-17 00:00:00-05:00,9.914999961853027,9.914999961853027,9.914999961853027,9.914999961853027,0,0.0,0.0
2022-11-18 00:00:00-05:00,9.925999641418457,9.930000305175781,9.916000366210938,9.916000366210938,10600,0.0,0.0
2022-11-21 00:00:00-05:00,9.916000366210938,9.916000366210938,9.916000366210938,9.916000366210938,100,0.0,0.0
2022-11-22 00:00:00-05:00,9.920000076293945,9.920000076293945,9.90999984741211,9.914999961853027,8900,0.0,0.0
2022-11-23 00:00:00-05:00,9.920000076293945,9.920000076293945,9.920000076293945,9.920000076293945,7100,0.0,0.0
2022-11-25 00:00:00-05:00,9.925000190734863,9.930000305175781,9.925000190734863,9.930000305175781,27400,0.0,0.0
2022-11-28 00:00:00-05:00,9.930000305175781,9.949999809265137,9.930000305175781,9.949999809265137,6100,0.0,0.0
2022-11-29 00:00:00-05:00,9.949999809265137,9.949999809265137,9.949999809265137,9.949999809265137,0,0.0,0.0
2022-11-30 00:00:00-05:00,10.0,10.0,9.970000267028809,9.984999656677246,3700,0.0,0.0
2022-12-01 00:00:00-05:00,9.970000267028809,9.970000267028809,9.949999809265137,9.949999809265137,268600,0.0,0.0
2022-12-02 00:00:00-05:00,9.949999809265137,9.954999923706055,9.949999809265137,9.949999809265137,6700,0.0,0.0
2022-12-05 00:00:00-05:00,9.949999809265137,9.949999809265137,9.949999809265137,9.949999809265137,0,0.0,0.0
2022-12-06 00:00:00-05:00,9.949999809265137,9.949999809265137,9.949999809265137,9.949999809265137,0,0.0,0.0
2022-12-07 00:00:00-05:00,9.954999923706055,9.979999542236328,9.954999923706055,9.970000267028809,52800,0.0,0.0
2022-12-08 00:00:00-05:00,9.975000381469727,9.979999542236328,9.960000038146973,9.960000038146973,1015100,0.0,0.0
2022-12-09 00:00:00-05:00,9.975000381469727,9.979999542236328,9.960000038146973,9.970000267028809,54600,0.0,0.0
2022-12-12 00:00:00-05:00,9.970000267028809,9.975000381469727,9.970000267028809,9.970000267028809,283100,0.0,0.0
2022-12-13 00:00:00-05:00,9.960000038146973,9.970000267028809,9.960000038146973,9.970000267028809,200,0.0,0.0
2022-12-14 00:00:00-05:00,9.970000267028809,9.970000267028809,9.970000267028809,9.970000267028809,100,0.0,0.0
2022-12-15 00:00:00-05:00,9.970000267028809,9.970000267028809,9.970000267028809,9.970000267028809,100,0.0,0.0
2022-12-16 00:00:00-05:00,9.970999717712402,9.989999771118164,9.970000267028809,9.970000267028809,191700,0.0,0.0
2022-12-19 00:00:00-05:00,9.979999542236328,9.979999542236328,9.970000267028809,9.970000267028809,25100,0.0,0.0
2022-12-20 00:00:00-05:00,9.970000267028809,9.970000267028809,9.970000267028809,9.970000267028809,0,0.0,0.0
2022-12-21 00:00:00-05:00,9.970000267028809,9.970000267028809,9.970000267028809,9.970000267028809,0,0.0,0.0
2022-12-22 00:00:00-05:00,9.984999656677246,9.989999771118164,9.979999542236328,9.989999771118164,1400,0.0,0.0
2022-12-23 00:00:00-05:00,10.0,10.0,10.0,10.0,64900,0.0,0.0
2022-12-27 00:00:00-05:00,9.994999885559082,9.994999885559082,9.970000267028809,9.989999771118164,125100,0.0,0.0
2022-12-28 00:00:00-05:00,10.0,10.0,10.0,10.0,1800,0.0,0.0
2022-12-29 00:00:00-05:00,10.0,10.0,10.0,10.0,500,0.0,0.0
2022-12-30 00:00:00-05:00,10.029999732971191,10.029999732971191,10.029999732971191,10.029999732971191,100,0.0,0.0
2023-01-03 00:00:00-05:00,10.0,10.029999732971191,10.0,10.029999732971191,1500,0.0,0.0
2023-01-04 00:00:00-05:00,10.0,10.010000228881836,10.0,10.010000228881836,2200,0.0,0.0
2023-01-05 00:00:00-05:00,10.029999732971191,10.050000190734863,10.010000228881836,10.029999732971191,7100,0.0,0.0
2023-01-06 00:00:00-05:00,10.029999732971191,10.029999732971191,10.024999618530273,10.029999732971191,1700,0.0,0.0
2023-01-09 00:00:00-05:00,10.050000190734863,10.055000305175781,10.029999732971191,10.050000190734863,34000,0.0,0.0
2023-01-10 00:00:00-05:00,10.050000190734863,10.050000190734863,10.050000190734863,10.050000190734863,0,0.0,0.0
2023-01-11 00:00:00-05:00,10.039999961853027,10.050000190734863,10.039999961853027,10.050000190734863,1100,0.0,0.0
2023-01-12 00:00:00-05:00,10.039999961853027,10.050000190734863,10.039999961853027,10.039999961853027,5600,0.0,0.0
2023-01-13 00:00:00-05:00,10.039999961853027,10.039999961853027,10.039999961853027,10.039999961853027,200,0.0,0.0
2023-01-17 00:00:00-05:00,10.039999961853027,10.057000160217285,10.039999961853027,10.057000160217285,6500,0.0,0.0
2023-01-18 00:00:00-05:00,10.079999923706055,10.079999923706055,10.079999923706055,10.079999923706055,1725000,0.0,0.0
2023-01-19 00:00:00-05:00,10.079999923706055,10.079999923706055,10.079999923706055,10.079999923706055,0,0.0,0.0
2023-01-20 00:00:00-05:00,10.100000381469727,10.109999656677246,10.09000015258789,10.09000015258789,74500,0.0,0.0
2023-01-23 00:00:00-05:00,10.109999656677246,10.109999656677246,10.079999923706055,10.085000038146973,1700,0.0,0.0
2023-01-24 00:00:00-05:00,10.079999923706055,10.079999923706055,10.074999809265137,10.074999809265137,18400,0.0,0.0
2023-01-25 00:00:00-05:00,10.09000015258789,10.09000015258789,10.09000015258789,10.09000015258789,8400,0.0,0.0
2023-01-26 00:00:00-05:00,10.100000381469727,10.119999885559082,10.09000015258789,10.100000381469727,71600,0.0,0.0
2023-01-27 00:00:00-05:00,10.100000381469727,10.109999656677246,10.100000381469727,10.100000381469727,10800,0.0,0.0
2023-01-30 00:00:00-05:00,10.100000381469727,10.109999656677246,10.100000381469727,10.109999656677246,25300,0.0,0.0
2023-01-31 00:00:00-05:00,10.600000381469727,10.600000381469727,10.130000114440918,10.140000343322754,12900,0.0,0.0
2023-02-01 00:00:00-05:00,10.600000381469727,10.600000381469727,10.100000381469727,10.100000381469727,8800,0.0,0.0
2023-02-02 00:00:00-05:00,10.130000114440918,10.130000114440918,10.130000114440918,10.130000114440918,300,0.0,0.0
2023-02-03 00:00:00-05:00,10.130000114440918,10.130000114440918,10.130000114440918,10.130000114440918,0,0.0,0.0
2023-02-06 00:00:00-05:00,10.100000381469727,10.100000381469727,10.100000381469727,10.100000381469727,4300,0.0,0.0
2023-02-07 00:00:00-05:00,10.100000381469727,10.130000114440918,10.100000381469727,10.119999885559082,10800,0.0,0.0
2023-02-08 00:00:00-05:00,10.130000114440918,10.140000343322754,10.119999885559082,10.119999885559082,140000,0.0,0.0
2023-02-09 00:00:00-05:00,10.111000061035156,10.111000061035156,10.111000061035156,10.111000061035156,400,0.0,0.0
2023-02-10 00:00:00-05:00,10.130000114440918,10.350000381469727,10.130000114440918,10.199999809265137,213300,0.0,0.0
2023-02-13 00:00:00-05:00,10.25,11.569999694824219,10.149999618530273,10.170000076293945,1682400,0.0,0.0
2023-02-14 00:00:00-05:00,10.210000038146973,10.218999862670898,10.149999618530273,10.170000076293945,72300,0.0,0.0
2023-02-15 00:00:00-05:00,10.220000267028809,10.399999618530273,10.149999618530273,10.180000305175781,454400,0.0,0.0
2023-02-16 00:00:00-05:00,10.069999694824219,10.069999694824219,9.5,9.600000381469727,54900,0.0,0.0
2023-02-17 00:00:00-05:00,9.520000457763672,9.699999809265137,9.430000305175781,9.569999694824219,10500,0.0,0.0
2023-02-21 00:00:00-05:00,9.28600025177002,9.640000343322754,9.260000228881836,9.609999656677246,19500,0.0,0.0
2023-02-22 00:00:00-05:00,9.619999885559082,11.029999732971191,9.569999694824219,9.800000190734863,354200,0.0,0.0
2023-02-23 00:00:00-05:00,9.307000160217285,10.949999809265137,9.253999710083008,10.329999923706055,59600,0.0,0.0
2023-02-24 00:00:00-05:00,10.550000190734863,11.579999923706055,10.449999809265137,10.763999938964844,20800,0.0,0.0
2023-02-27 00:00:00-05:00,12.119999885559082,12.289999961853027,10.890000343322754,10.899999618530273,52900,0.0,0.0
2023-02-28 00:00:00-05:00,10.680000305175781,11.0,9.970000267028809,10.75,51200,0.0,0.0
2023-03-01 00:00:00-05:00,9.550000190734863,10.850000381469727,7.559999942779541,9.5,126900,0.0,0.0
2023-03-02 00:00:00-05:00,8.784000396728516,9.989999771118164,8.25,9.604999542236328,70200,0.0,0.0
2023-03-03 00:00:00-05:00,9.699999809265137,15.819999694824219,8.25,8.760000228881836,1472000,0.0,0.0
2023-03-06 00:00:00-05:00,8.399999618530273,9.199999809265137,7.900000095367432,7.949999809265137,111200,0.0,0.0
2023-03-07 00:00:00-05:00,7.670000076293945,8.0,6.769999980926514,6.980000019073486,100500,0.0,0.0
2023-03-08 00:00:00-05:00,6.670000076293945,7.730000019073486,6.510000228881836,6.909999847412109,81500,0.0,0.0
2023-03-09 00:00:00-05:00,6.75,7.150000095367432,5.900000095367432,5.960000038146973,80700,0.0,0.0
2023-03-10 00:00:00-05:00,5.909999847412109,6.099999904632568,5.678999900817871,5.940000057220459,42400,0.0,0.0
2023-03-13 00:00:00-04:00,5.820000171661377,6.039999961853027,5.25,5.639999866485596,37000,0.0,0.0
2023-03-14 00:00:00-04:00,5.829999923706055,8.100000381469727,5.824999809265137,7.769999980926514,225900,0.0,0.0
2023-03-15 00:00:00-04:00,7.789999961853027,8.0,6.679999828338623,7.559999942779541,114000,0.0,0.0
2023-03-16 00:00:00-04:00,7.019999980926514,7.71999979019165,7.019999980926514,7.46999979019165,45200,0.0,0.0
2023-03-17 00:00:00-04:00,7.5,7.554999828338623,6.119999885559082,6.5,55900,0.0,0.0
2023-03-20 00:00:00-04:00,7.119999885559082,8.550000190734863,6.53000020980835,8.34000015258789,127700,0.0,0.0
2023-03-21 00:00:00-04:00,8.34000015258789,8.34000015258789,7.25,7.849999904632568,97100,0.0,0.0
2023-03-22 00:00:00-04:00,7.590000152587891,8.199999809265137,6.769999980926514,7.199999809265137,59600,0.0,0.0
2023-03-23 00:00:00-04:00,7.829999923706055,7.829999923706055,6.409999847412109,6.880000114440918,64200,0.0,0.0
2023-03-24 00:00:00-04:00,6.510000228881836,7.159999847412109,6.300000190734863,6.420000076293945,81000,0.0,0.0
2023-03-27 00:00:00-04:00,6.650000095367432,6.75,6.440000057220459,6.550000190734863,10900,0.0,0.0
2023-03-28 00:00:00-04:00,6.840000152587891,6.840000152587891,6.429999828338623,6.650000095367432,30400,0.0,0.0
2023-03-29 00:00:00-04:00,6.699999809265137,6.699999809265137,6.034999847412109,6.119999885559082,45200,0.0,0.0
2023-03-30 00:00:00-04:00,6.079999923706055,6.079999923706055,5.239999771118164,5.900000095367432,106000,0.0,0.0
2023-03-31 00:00:00-04:00,5.931000232696533,6.050000190734863,5.769999980926514,5.769999980926514,67200,0.0,0.0
2023-04-03 00:00:00-04:00,5.789999961853027,6.199999809265137,5.349999904632568,5.539999961853027,104800,0.0,0.0
2023-04-04 00:00:00-04:00,5.570000171661377,5.949999809265137,5.25,5.420000076293945,56500,0.0,0.0
2023-04-05 00:00:00-04:00,5.5,6.909999847412109,5.329999923706055,6.159999847412109,166000,0.0,0.0
2023-04-06 00:00:00-04:00,5.960000038146973,7.0920000076293945,5.900000095367432,6.449999809265137,92100,0.0,0.0
2023-04-10 00:00:00-04:00,6.78000020980835,7.203000068664551,5.78000020980835,6.050000190734863,90400,0.0,0.0
2023-04-11 00:00:00-04:00,6.119999885559082,6.849999904632568,5.909999847412109,6.179999828338623,88800,0.0,0.0
2023-04-12 00:00:00-04:00,6.25,6.460000038146973,6.0269999504089355,6.25,58900,0.0,0.0
2023-04-13 00:00:00-04:00,6.619999885559082,6.639999866485596,6.110000133514404,6.28000020980835,82100,0.0,0.0
2023-04-14 00:00:00-04:00,6.199999809265137,6.670000076293945,6.159999847412109,6.300000190734863,57800,0.0,0.0
2023-04-17 00:00:00-04:00,6.380000114440918,6.609000205993652,6.130000114440918,6.260000228881836,47600,0.0,0.0
2023-04-18 00:00:00-04:00,6.340000152587891,6.605000019073486,5.960000038146973,6.260000228881836,61800,0.0,0.0
2023-04-19 00:00:00-04:00,5.949999809265137,6.309999942779541,5.949999809265137,6.099999904632568,34200,0.0,0.0
2023-04-20 00:00:00-04:00,6.159999847412109,6.265999794006348,5.545000076293945,5.739999771118164,40100,0.0,0.0
2023-04-21 00:00:00-04:00,5.849999904632568,6.173999786376953,5.650000095367432,5.659999847412109,52000,0.0,0.0
2023-04-24 00:00:00-04:00,5.824999809265137,6.25,5.659999847412109,6.070000171661377,39500,0.0,0.0
2023-04-25 00:00:00-04:00,6.449999809265137,6.449999809265137,5.5,5.760000228881836,74400,0.0,0.0
2023-04-26 00:00:00-04:00,5.900000095367432,6.25,5.389999866485596,5.630000114440918,82900,0.0,0.0
2023-04-27 00:00:00-04:00,5.630000114440918,6.190000057220459,5.360000133514404,5.579999923706055,97900,0.0,0.0
2023-04-28 00:00:00-04:00,5.360000133514404,5.900000095367432,5.329999923706055,5.409999847412109,36700,0.0,0.0
2023-05-01 00:00:00-04:00,5.340000152587891,5.748000144958496,5.329999923706055,5.329999923706055,27100,0.0,0.0
2023-05-02 00:00:00-04:00,5.340000152587891,5.599999904632568,5.119999885559082,5.199999809265137,72200,0.0,0.0
2023-05-03 00:00:00-04:00,5.329999923706055,5.480000019073486,4.75,5.090000152587891,40400,0.0,0.0
2023-05-04 00:00:00-04:00,5.260000228881836,5.425000190734863,5.150000095367432,5.210000038146973,11500,0.0,0.0
2023-05-05 00:00:00-04:00,5.119999885559082,5.539999961853027,4.71999979019165,5.489999771118164,13200,0.0,0.0
2023-05-08 00:00:00-04:00,5.829999923706055,6.539999961853027,5.550000190734863,5.940000057220459,61600,0.0,0.0
2023-05-09 00:00:00-04:00,5.800000190734863,6.400000095367432,5.409999847412109,5.900000095367432,105700,0.0,0.0
2023-05-10 00:00:00-04:00,5.880000114440918,6.389999866485596,5.880000114440918,6.03000020980835,6100,0.0,0.0
2023-05-11 00:00:00-04:00,6.329999923706055,6.800000190734863,5.960000038146973,6.010000228881836,81100,0.0,0.0
2023-05-12 00:00:00-04:00,6.329999923706055,6.409999847412109,5.599999904632568,5.690000057220459,34500,0.0,0.0
2023-05-15 00:00:00-04:00,5.400000095367432,6.099999904632568,5.400000095367432,5.539999961853027,105800,0.0,0.0
2023-05-16 00:00:00-04:00,5.900000095367432,6.099999904632568,5.369999885559082,5.510000228881836,26300,0.0,0.0
2023-05-17 00:00:00-04:00,5.849999904632568,6.065000057220459,5.460000038146973,5.789999961853027,29700,0.0,0.0
2023-05-18 00:00:00-04:00,5.610000133514404,6.199999809265137,5.550000190734863,5.869999885559082,23400,0.0,0.0
2023-05-19 00:00:00-04:00,5.829999923706055,6.199999809265137,5.800000190734863,5.820000171661377,11800,0.0,0.0
2023-05-22 00:00:00-04:00,5.829999923706055,6.440000057220459,5.670000076293945,5.75,51200,0.0,0.0
2023-05-23 00:00:00-04:00,5.75,6.099999904632568,5.699999809265137,5.920000076293945,14800,0.0,0.0
2023-05-24 00:00:00-04:00,5.949999809265137,6.276000022888184,5.949999809265137,6.170000076293945,5300,0.0,0.0
2023-05-25 00:00:00-04:00,6.340000152587891,6.340000152587891,6.090000152587891,6.090000152587891,3800,0.0,0.0
2023-05-26 00:00:00-04:00,6.090000152587891,6.389999866485596,5.900000095367432,5.900000095367432,10500,0.0,0.0
2023-05-30 00:00:00-04:00,5.900000095367432,6.440000057220459,5.679999828338623,5.789999961853027,49500,0.0,0.0
2023-05-31 00:00:00-04:00,5.900000095367432,5.980000019073486,5.659999847412109,5.880000114440918,20500,0.0,0.0
2023-06-01 00:00:00-04:00,5.800000190734863,6.186999797821045,5.650000095367432,6.0,23600,0.0,0.0
2023-06-02 00:00:00-04:00,5.989999771118164,6.25,5.849999904632568,5.849999904632568,15200,0.0,0.0
2023-06-05 00:00:00-04:00,5.920000076293945,6.21999979019165,5.849999904632568,5.849999904632568,4200,0.0,0.0
2023-06-06 00:00:00-04:00,5.86299991607666,5.989999771118164,5.769999980926514,5.989999771118164,5200,0.0,0.0
2023-06-07 00:00:00-04:00,5.989999771118164,6.150000095367432,5.900000095367432,6.150000095367432,4900,0.0,0.0
2023-06-08 00:00:00-04:00,6.0,6.190000057220459,5.769999980926514,5.789999961853027,12500,0.0,0.0
2023-06-09 00:00:00-04:00,5.989999771118164,6.0,5.860000133514404,5.860000133514404,11300,0.0,0.0
2023-06-12 00:00:00-04:00,5.980999946594238,6.199999809265137,5.809999942779541,5.820000171661377,25700,0.0,0.0
2023-06-13 00:00:00-04:00,5.949999809265137,6.099999904632568,5.840000152587891,6.099999904632568,8700,0.0,0.0
2023-06-14 00:00:00-04:00,6.090000152587891,6.099999904632568,5.920000076293945,5.929999828338623,1200,0.0,0.0
2023-06-15 00:00:00-04:00,6.059999942779541,6.179999828338623,6.0,6.0,10400,0.0,0.0
2023-06-16 00:00:00-04:00,6.130000114440918,6.130000114440918,6.010000228881836,6.019999980926514,2800,0.0,0.0
2023-06-20 00:00:00-04:00,6.125,6.192999839782715,6.070000171661377,6.192999839782715,2400,0.0,0.0
2023-06-21 00:00:00-04:00,6.190000057220459,6.190000057220459,5.980000019073486,6.03000020980835,9500,0.0,0.0
2023-06-22 00:00:00-04:00,6.03000020980835,6.03000020980835,6.03000020980835,6.03000020980835,100,0.0,0.0
2023-06-23 00:00:00-04:00,6.079999923706055,6.090000152587891,5.960000038146973,5.960000038146973,5500,0.0,0.0
2023-06-26 00:00:00-04:00,6.090000152587891,6.199999809265137,6.025000095367432,6.090000152587891,9000,0.0,0.0
2023-06-27 00:00:00-04:00,6.01800012588501,6.110000133514404,6.0,6.0,2900,0.0,0.0
2023-06-28 00:00:00-04:00,6.079999923706055,6.099999904632568,6.050000190734863,6.050000190734863,2000,0.0,0.0
2023-06-29 00:00:00-04:00,6.0,6.130000114440918,6.0,6.130000114440918,1700,0.0,0.0
2023-06-30 00:00:00-04:00,6.130000114440918,6.130000114440918,5.920000076293945,5.960000038146973,17000,0.0,0.0
2023-07-03 00:00:00-04:00,5.920000076293945,6.150000095367432,5.920000076293945,6.150000095367432,2200,0.0,0.0
2023-07-05 00:00:00-04:00,6.090000152587891,6.150000095367432,5.980000019073486,5.980000019073486,3200,0.0,0.0
2023-07-06 00:00:00-04:00,5.800000190734863,5.989999771118164,5.78000020980835,5.78000020980835,15900,0.0,0.0
2023-07-07 00:00:00-04:00,5.954999923706055,6.117000102996826,5.949999809265137,6.0,4200,0.0,0.0
2023-07-10 00:00:00-04:00,6.079999923706055,6.114999771118164,5.920000076293945,6.114999771118164,1600,0.0,0.0
2023-07-11 00:00:00-04:00,5.921999931335449,6.159999847412109,5.921999931335449,6.159999847412109,11600,0.0,0.0
2023-07-12 00:00:00-04:00,6.054999828338623,6.054999828338623,5.949999809265137,5.949999809265137,14200,0.0,0.0
2023-07-13 00:00:00-04:00,5.960000038146973,5.994999885559082,5.800000190734863,5.840000152587891,18700,0.0,0.0
2023-07-14 00:00:00-04:00,5.980000019073486,5.980000019073486,5.809999942779541,5.809999942779541,6600,0.0,0.0
2023-07-17 00:00:00-04:00,5.840000152587891,5.869999885559082,5.535999774932861,5.869999885559082,13700,0.0,0.0
2023-07-18 00:00:00-04:00,5.800000190734863,5.849999904632568,5.75,5.760000228881836,2400,0.0,0.0
2023-07-19 00:00:00-04:00,5.820000171661377,5.880000114440918,5.820000171661377,5.869999885559082,1200,0.0,0.0
2023-07-20 00:00:00-04:00,5.789999961853027,5.860000133514404,5.75,5.840000152587891,800,0.0,0.0
2023-07-21 00:00:00-04:00,5.849999904632568,6.0,5.699999809265137,5.75,9700,0.0,0.0
2023-07-24 00:00:00-04:00,5.760000228881836,5.849999904632568,5.710000038146973,5.800000190734863,22600,0.0,0.0
2023-07-25 00:00:00-04:00,5.699999809265137,5.730000019073486,5.199999809265137,5.550000190734863,19300,0.0,0.0
2023-07-26 00:00:00-04:00,5.78000020980835,5.78000020980835,5.550000190734863,5.650000095367432,9200,0.0,0.0
2023-07-27 00:00:00-04:00,5.664999961853027,5.739999771118164,5.340000152587891,5.400000095367432,9000,0.0,0.0
2023-07-28 00:00:00-04:00,5.23799991607666,5.489999771118164,5.23799991607666,5.340000152587891,8900,0.0,0.0
2023-07-31 00:00:00-04:00,5.400000095367432,5.409999847412109,5.239999771118164,5.380000114440918,12200,0.0,0.0
2023-08-01 00:00:00-04:00,5.230000019073486,5.289999961853027,5.014999866485596,5.170000076293945,9700,0.0,0.0
2023-08-02 00:00:00-04:00,5.070000171661377,5.150000095367432,4.900000095367432,4.929999828338623,17100,0.0,0.0
2023-08-03 00:00:00-04:00,5.0,5.110000133514404,4.881999969482422,4.980000019073486,42000,0.0,0.0
2023-08-04 00:00:00-04:00,5.099999904632568,5.175000190734863,4.840000152587891,5.079999923706055,10500,0.0,0.0
2023-08-07 00:00:00-04:00,5.050000190734863,5.199999809265137,5.0,5.0,42200,0.0,0.0
2023-08-08 00:00:00-04:00,5.059999942779541,5.059999942779541,4.960000038146973,5.03000020980835,7800,0.0,0.0
2023-08-09 00:00:00-04:00,5.199999809265137,5.269999980926514,5.010000228881836,5.099999904632568,51100,0.0,0.0
2023-08-10 00:00:00-04:00,5.059999942779541,5.380000114440918,5.019999980926514,5.199999809265137,38600,0.0,0.0
2023-08-11 00:00:00-04:00,5.199999809265137,5.5,5.199999809265137,5.5,16800,0.0,0.0
2023-08-14 00:00:00-04:00,5.489999771118164,5.789999961853027,5.300000190734863,5.449999809265137,46600,0.0,0.0
2023-08-15 00:00:00-04:00,5.449999809265137,5.800000190734863,5.25,5.260000228881836,11600,0.0,0.0
2023-08-16 00:00:00-04:00,5.789999961853027,5.800000190734863,5.288000106811523,5.288000106811523,5800,0.0,0.0
2023-08-17 00:00:00-04:00,5.800000190734863,5.949999809265137,5.699999809265137,5.699999809265137,8600,0.0,0.0
2023-08-18 00:00:00-04:00,5.769999980926514,5.980000019073486,5.644999980926514,5.702000141143799,16800,0.0,0.0
2023-08-21 00:00:00-04:00,5.800000190734863,5.940000057220459,5.400000095367432,5.78000020980835,10100,0.0,0.0
2023-08-22 00:00:00-04:00,5.510000228881836,5.940000057220459,5.5,5.789999961853027,21900,0.0,0.0
2023-08-23 00:00:00-04:00,5.360000133514404,5.980000019073486,5.360000133514404,5.800000190734863,21400,0.0,0.0
2023-08-24 00:00:00-04:00,5.809999942779541,5.829999923706055,5.480000019073486,5.809999942779541,4100,0.0,0.0
2023-08-25 00:00:00-04:00,5.96999979019165,5.96999979019165,5.369999885559082,5.909999847412109,6600,0.0,0.0
2023-08-28 00:00:00-04:00,5.929999828338623,6.349999904632568,5.769999980926514,6.139999866485596,14600,0.0,0.0
2023-08-29 00:00:00-04:00,6.059999942779541,6.309999942779541,6.059999942779541,6.309999942779541,4700,0.0,0.0
2023-08-30 00:00:00-04:00,6.239999771118164,6.340000152587891,5.929999828338623,6.25,12500,0.0,0.0
2023-08-31 00:00:00-04:00,6.099999904632568,6.5,6.079999923706055,6.5,9700,0.0,0.0
2023-09-01 00:00:00-04:00,6.5,6.739999771118164,6.199999809265137,6.579999923706055,24500,0.0,0.0
2023-09-05 00:00:00-04:00,6.75,6.760000228881836,5.894000053405762,6.730000019073486,11900,0.0,0.0
2023-09-06 00:00:00-04:00,6.739999771118164,6.739999771118164,6.099999904632568,6.099999904632568,14800,0.0,0.0
2023-09-07 00:00:00-04:00,6.300000190734863,6.730000019073486,6.300000190734863,6.730000019073486,19200,0.0,0.0
2023-09-08 00:00:00-04:00,6.539999961853027,6.824999809265137,6.400000095367432,6.670000076293945,12200,0.0,0.0
2023-09-11 00:00:00-04:00,6.550000190734863,6.829999923706055,6.510000228881836,6.53000020980835,16800,0.0,0.0
2023-09-12 00:00:00-04:00,6.699999809265137,6.889999866485596,6.639999866485596,6.679999828338623,22200,0.0,0.0
2023-09-13 00:00:00-04:00,6.909999847412109,6.909999847412109,6.650000095367432,6.789999961853027,9900,0.0,0.0
2023-09-14 00:00:00-04:00,6.679999828338623,6.989999771118164,6.679999828338623,6.949999809265137,13000,0.0,0.0
2023-09-15 00:00:00-04:00,6.800000190734863,7.079999923706055,6.699999809265137,6.869999885559082,18800,0.0,0.0
2023-09-18 00:00:00-04:00,6.784999847412109,7.065999984741211,6.5,6.800000190734863,22600,0.0,0.0
2023-09-19 00:00:00-04:00,7.03000020980835,7.03000020980835,6.579999923706055,6.855000019073486,11700,0.0,0.0
2023-09-20 00:00:00-04:00,6.75,6.920000076293945,6.5,6.800000190734863,17700,0.0,0.0
2023-09-21 00:00:00-04:00,6.559999942779541,6.699999809265137,6.5,6.545000076293945,32300,0.0,0.0
2023-09-22 00:00:00-04:00,6.710000038146973,6.710000038146973,6.300000190734863,6.599999904632568,14700,0.0,0.0
2023-09-25 00:00:00-04:00,6.5,6.699999809265137,6.300000190734863,6.440000057220459,14800,0.0,0.0
2023-09-26 00:00:00-04:00,6.519999980926514,6.769999980926514,6.158999919891357,6.550000190734863,10500,0.0,0.0
2023-09-27 00:00:00-04:00,6.389999866485596,6.53000020980835,6.260000228881836,6.465000152587891,5300,0.0,0.0
2023-09-28 00:00:00-04:00,6.489999771118164,6.880000114440918,6.46999979019165,6.630000114440918,10400,0.0,0.0
2023-09-29 00:00:00-04:00,6.752999782562256,6.752999782562256,6.300000190734863,6.650000095367432,6500,0.0,0.0
2023-10-02 00:00:00-04:00,6.559999942779541,6.880000114440918,6.489999771118164,6.829999923706055,12000,0.0,0.0
2023-10-03 00:00:00-04:00,6.079999923706055,6.699999809265137,6.079999923706055,6.420000076293945,10900,0.0,0.0
2023-10-04 00:00:00-04:00,6.320000171661377,6.449999809265137,6.21999979019165,6.349999904632568,7300,0.0,0.0
2023-10-05 00:00:00-04:00,6.420000076293945,6.53000020980835,6.300000190734863,6.489999771118164,6500,0.0,0.0
2023-10-06 00:00:00-04:00,6.489999771118164,6.51800012588501,6.320000171661377,6.329999923706055,6100,0.0,0.0
2023-10-09 00:00:00-04:00,6.349999904632568,6.574999809265137,6.349999904632568,6.574999809265137,1600,0.0,0.0
2023-10-10 00:00:00-04:00,6.550000190734863,6.699999809265137,6.550000190734863,6.699999809265137,900,0.0,0.0
2023-10-11 00:00:00-04:00,6.65500020980835,6.78000020980835,6.65500020980835,6.78000020980835,12800,0.0,0.0
2023-10-12 00:00:00-04:00,6.639999866485596,6.760000228881836,6.619999885559082,6.639999866485596,1100,0.0,0.0
2023-10-13 00:00:00-04:00,6.639999866485596,6.639999866485596,6.61299991607666,6.639999866485596,1000,0.0,0.0
2023-10-16 00:00:00-04:00,6.460000038146973,6.710999965667725,6.380000114440918,6.380000114440918,11300,0.0,0.0
2023-10-17 00:00:00-04:00,6.590000152587891,6.590000152587891,6.03000020980835,6.03000020980835,1900,0.0,0.0
2023-10-18 00:00:00-04:00,6.119999885559082,6.119999885559082,6.0,6.050000190734863,2900,0.0,0.0
2023-10-19 00:00:00-04:00,6.050000190734863,6.050000190734863,6.050000190734863,6.050000190734863,14800,0.0,0.0
2023-10-20 00:00:00-04:00,6.079999923706055,6.380000114440918,6.070000171661377,6.21999979019165,9800,0.0,0.0
2023-10-23 00:00:00-04:00,6.0,6.170000076293945,5.400000095367432,5.420000076293945,18500,0.0,0.0
2023-10-24 00:00:00-04:00,5.579999923706055,5.579999923706055,5.300000190734863,5.460000038146973,3300,0.0,0.0
2023-10-25 00:00:00-04:00,5.38700008392334,5.400000095367432,5.300000190734863,5.309999942779541,8200,0.0,0.0
2023-10-26 00:00:00-04:00,5.110000133514404,5.540999889373779,5.110000133514404,5.150000095367432,9400,0.0,0.0
2023-10-27 00:00:00-04:00,5.230000019073486,5.309999942779541,5.230000019073486,5.260000228881836,1900,0.0,0.0
2023-10-30 00:00:00-04:00,5.320000171661377,5.320000171661377,5.199999809265137,5.199999809265137,36100,0.0,0.0
2023-10-31 00:00:00-04:00,5.550000190734863,5.577000141143799,4.75,5.230000019073486,30200,0.0,0.0
2023-11-01 00:00:00-04:00,5.184999942779541,5.199999809265137,5.179999828338623,5.179999828338623,1800,0.0,0.0
2023-11-02 00:00:00-04:00,4.829999923706055,5.269999980926514,4.829999923706055,5.239999771118164,3200,0.0,0.0
2023-11-03 00:00:00-04:00,5.297999858856201,5.340000152587891,5.199999809265137,5.199999809265137,3600,0.0,0.0
2023-11-06 00:00:00-05:00,5.150000095367432,5.230000019073486,5.0,5.199999809265137,4200,0.0,0.0
2023-11-07 00:00:00-05:00,4.9720001220703125,5.190000057220459,4.9720001220703125,5.190000057220459,2100,0.0,0.0
2023-11-08 00:00:00-05:00,5.010000228881836,5.070000171661377,5.010000228881836,5.070000171661377,1000,0.0,0.0
2023-11-09 00:00:00-05:00,5.269999980926514,5.269999980926514,5.189000129699707,5.199999809265137,2500,0.0,0.0
2023-11-10 00:00:00-05:00,4.960000038146973,5.22599983215332,4.960000038146973,5.22599983215332,2300,0.0,0.0
2023-11-13 00:00:00-05:00,4.989999771118164,5.510000228881836,4.989999771118164,5.5,1500,0.0,0.0
2023-11-14 00:00:00-05:00,5.5,5.909999847412109,5.5,5.760000228881836,5900,0.0,0.0
2023-11-15 00:00:00-05:00,5.550000190734863,6.800000190734863,5.550000190734863,6.21999979019165,14300,0.0,0.0
2023-11-16 00:00:00-05:00,6.75,6.789999961853027,6.300000190734863,6.460000038146973,21900,0.0,0.0
2023-11-17 00:00:00-05:00,6.380000114440918,6.710000038146973,6.380000114440918,6.710000038146973,9700,0.0,0.0
2023-11-20 00:00:00-05:00,6.46999979019165,6.800000190734863,6.113999843597412,6.800000190734863,7100,0.0,0.0
2023-11-21 00:00:00-05:00,6.5,6.75,6.400000095367432,6.75,6100,0.0,0.0
2023-11-22 00:00:00-05:00,6.75,6.800000190734863,6.474999904632568,6.650000095367432,16800,0.0,0.0
2023-11-24 00:00:00-05:00,6.5929999351501465,6.789999961853027,6.5929999351501465,6.639999866485596,6100,0.0,0.0
2023-11-27 00:00:00-05:00,6.5,6.800000190734863,6.144000053405762,6.800000190734863,12100,0.0,0.0
2023-11-28 00:00:00-05:00,6.670000076293945,6.800000190734863,6.579999923706055,6.800000190734863,5800,0.0,0.0
2023-11-29 00:00:00-05:00,6.559999942779541,6.800000190734863,6.510000228881836,6.760000228881836,4500,0.0,0.0
2023-11-30 00:00:00-05:00,6.800000190734863,6.829999923706055,6.679999828338623,6.75,7300,0.0,0.0
2023-12-01 00:00:00-05:00,6.699999809265137,6.860000133514404,6.570000171661377,6.599999904632568,25400,0.0,0.0
2023-12-04 00:00:00-05:00,6.730000019073486,6.800000190734863,6.619999885559082,6.659999847412109,8800,0.0,0.0
2023-12-05 00:00:00-05:00,6.610000133514404,6.650000095367432,6.489999771118164,6.619999885559082,34000,0.0,0.0
2023-12-06 00:00:00-05:00,6.449999809265137,6.659999847412109,6.449999809265137,6.539999961853027,16000,0.0,0.0
2023-12-07 00:00:00-05:00,6.309999942779541,6.619999885559082,6.309999942779541,6.590000152587891,16800,0.0,0.0
2023-12-08 00:00:00-05:00,6.309999942779541,6.96999979019165,6.300000190734863,6.96999979019165,103500,0.0,0.0
2023-12-11 00:00:00-05:00,6.599999904632568,6.820000171661377,6.599999904632568,6.815000057220459,12400,0.0,0.0
2023-12-12 00:00:00-05:00,6.599999904632568,6.940000057220459,6.510000228881836,6.900000095367432,18300,0.0,0.0
2023-12-13 00:00:00-05:00,7.0,7.419000148773193,7.0,7.239999771118164,65600,0.0,0.0
2023-12-14 00:00:00-05:00,7.230000019073486,7.900000095367432,7.230000019073486,7.570000171661377,77400,0.0,0.0
2023-12-15 00:00:00-05:00,7.539999961853027,7.940000057220459,7.369999885559082,7.849999904632568,33900,0.0,0.0
2023-12-18 00:00:00-05:00,7.800000190734863,8.34000015258789,7.51200008392334,8.34000015258789,14900,0.0,0.0
2023-12-19 00:00:00-05:00,8.170000076293945,8.34000015258789,7.679999828338623,8.34000015258789,23500,0.0,0.0
2023-12-20 00:00:00-05:00,8.119999885559082,8.800000190734863,7.989999771118164,8.789999961853027,132500,0.0,0.0
2023-12-21 00:00:00-05:00,9.0,9.0,8.5,8.859999656677246,127500,0.0,0.0
2023-12-22 00:00:00-05:00,8.75,8.979999542236328,8.5,8.90999984741211,42900,0.0,0.0
2023-12-26 00:00:00-05:00,8.609999656677246,8.90999984741211,7.98799991607666,8.90999984741211,14000,0.0,0.0
2023-12-27 00:00:00-05:00,8.869999885559082,8.90999984741211,8.579999923706055,8.90999984741211,11900,0.0,0.0
2023-12-28 00:00:00-05:00,8.850000381469727,8.899999618530273,8.4399995803833,8.880000114440918,5900,0.0,0.0
2023-12-29 00:00:00-05:00,8.614999771118164,8.82699966430664,8.574999809265137,8.619999885559082,6300,0.0,0.0
2024-01-02 00:00:00-05:00,8.654999732971191,8.654999732971191,8.520000457763672,8.520000457763672,21000,0.0,0.0
2024-01-03 00:00:00-05:00,8.100000381469727,8.739999771118164,8.100000381469727,8.640000343322754,8600,0.0,0.0
2024-01-04 00:00:00-05:00,8.40999984741211,8.779999732971191,8.317000389099121,8.779999732971191,8400,0.0,0.0
2024-01-05 00:00:00-05:00,8.75,8.869999885559082,8.3100004196167,8.3100004196167,2500,0.0,0.0
2024-01-08 00:00:00-05:00,8.40999984741211,8.699999809265137,8.399999618530273,8.680000305175781,3100,0.0,0.0
2024-01-09 00:00:00-05:00,8.710000038146973,8.850000381469727,8.5,8.84000015258789,20200,0.0,0.0
2024-01-10 00:00:00-05:00,8.562999725341797,8.6899995803833,8.5,8.649999618530273,6800,0.0,0.0
2024-01-11 00:00:00-05:00,8.5,8.59000015258789,8.5,8.510000228881836,3500,0.0,0.0
2024-01-12 00:00:00-05:00,8.4399995803833,8.84000015258789,8.4399995803833,8.84000015258789,10100,0.0,0.0
2024-01-16 00:00:00-05:00,8.449999809265137,8.699999809265137,8.449999809265137,8.680000305175781,5800,0.0,0.0
2024-01-17 00:00:00-05:00,8.699999809265137,8.788000106811523,8.699999809265137,8.727999687194824,2800,0.0,0.0
2024-01-18 00:00:00-05:00,8.739999771118164,8.779999732971191,8.668000221252441,8.699999809265137,29400,0.0,0.0
2024-01-19 00:00:00-05:00,8.699999809265137,8.710000038146973,8.699999809265137,8.699999809265137,3400,0.0,0.0
2024-01-22 00:00:00-05:00,8.789999961853027,8.789999961853027,8.0600004196167,8.289999961853027,6300,0.0,0.0
2024-01-23 00:00:00-05:00,8.25,8.277000427246094,8.199999809265137,8.199999809265137,3500,0.0,0.0
2024-01-24 00:00:00-05:00,8.329999923706055,8.329999923706055,8.199999809265137,8.199999809265137,4900,0.0,0.0
2024-01-25 00:00:00-05:00,7.489999771118164,8.274999618530273,7.489999771118164,8.199999809265137,6700,0.0,0.0
2024-01-26 00:00:00-05:00,8.199999809265137,8.262999534606934,8.199999809265137,8.225000381469727,5400,0.0,0.0
2024-01-29 00:00:00-05:00,8.050000190734863,8.145000457763672,8.050000190734863,8.050000190734863,4400,0.0,0.0
2024-01-30 00:00:00-05:00,8.050000190734863,8.053000450134277,8.050000190734863,8.050000190734863,2900,0.0,0.0
2024-01-31 00:00:00-05:00,8.050000190734863,8.220999717712402,8.050000190734863,8.050000190734863,3900,0.0,0.0
2024-02-01 00:00:00-05:00,8.050000190734863,8.1899995803833,8.050000190734863,8.1899995803833,1300,0.0,0.0
2024-02-02 00:00:00-05:00,8.1899995803833,8.1899995803833,8.1899995803833,8.1899995803833,0,0.0,0.0
2024-02-05 00:00:00-05:00,7.889999866485596,8.25,7.889999866485596,8.239999771118164,4200,0.0,0.0
2024-02-06 00:00:00-05:00,8.199999809265137,8.199999809265137,8.199999809265137,8.199999809265137,600,0.0,0.0
2024-02-07 00:00:00-05:00,8.244000434875488,8.244000434875488,8.199999809265137,8.201000213623047,2300,0.0,0.0
2024-02-08 00:00:00-05:00,8.100000381469727,8.25,8.100000381469727,8.241999626159668,8800,0.0,0.0
2024-02-09 00:00:00-05:00,8.109999656677246,8.210000038146973,8.109999656677246,8.199999809265137,9900,0.0,0.0
2024-02-12 00:00:00-05:00,8.170000076293945,8.170000076293945,7.889999866485596,7.889999866485596,800,0.0,0.0
2024-02-13 00:00:00-05:00,7.71999979019165,8.25,7.71999979019165,8.140000343322754,6700,0.0,0.0
2024-02-14 00:00:00-05:00,8.0,8.039999961853027,8.0,8.039999961853027,700,0.0,0.0
2024-02-15 00:00:00-05:00,7.610000133514404,8.25,7.519999980926514,7.800000190734863,14800,0.0,0.0
2024-02-16 00:00:00-05:00,7.570000171661377,7.755000114440918,7.519999980926514,7.739999771118164,2200,0.0,0.0
2024-02-20 00:00:00-05:00,7.599999904632568,7.730000019073486,7.599999904632568,7.650000095367432,1400,0.0,0.0
2024-02-21 00:00:00-05:00,7.440000057220459,7.550000190734863,7.440000057220459,7.515999794006348,1600,0.0,0.0
2024-02-22 00:00:00-05:00,7.400000095367432,7.400000095367432,7.400000095367432,7.400000095367432,600,0.0,0.0
2024-02-23 00:00:00-05:00,7.255000114440918,7.255000114440918,7.255000114440918,7.255000114440918,300,0.0,0.0
2024-02-26 00:00:00-05:00,7.190000057220459,7.489999771118164,7.190000057220459,7.489999771118164,4700,0.0,0.0
2024-02-27 00:00:00-05:00,7.130000114440918,7.400000095367432,7.0,7.110000133514404,4600,0.0,0.0
2024-02-28 00:00:00-05:00,6.849999904632568,7.539999961853027,6.699999809265137,7.098999977111816,4200,0.0,0.0
2024-02-29 00:00:00-05:00,7.098999977111816,7.098999977111816,7.098999977111816,7.098999977111816,0,0.0,0.0
2024-03-01 00:00:00-05:00,6.71999979019165,7.400000095367432,6.71999979019165,6.739999771118164,4300,0.0,0.0
2024-03-04 00:00:00-05:00,6.710000038146973,7.309999942779541,6.710000038146973,6.757999897003174,5600,0.0,0.0
2024-03-05 00:00:00-05:00,6.710000038146973,7.309999942779541,6.28000020980835,6.322999954223633,6400,0.0,0.0
2024-03-06 00:00:00-05:00,6.349999904632568,6.699999809265137,6.340000152587891,6.340000152587891,29100,0.0,0.0
2024-03-07 00:00:00-05:00,6.409999847412109,6.739999771118164,6.307000160217285,6.590000152587891,2600,0.0,0.0
2024-03-08 00:00:00-05:00,6.306000232696533,6.605000019073486,6.306000232696533,6.605000019073486,1100,0.0,0.0
2024-03-11 00:00:00-04:00,6.349999904632568,6.574999809265137,5.860000133514404,6.0,6000,0.0,0.0
2024-03-12 00:00:00-04:00,6.0,6.0,5.550000190734863,5.760000228881836,5800,0.0,0.0
2024-03-13 00:00:00-04:00,5.510000228881836,5.510000228881836,5.510000228881836,5.510000228881836,234100,0.0,0.0
2024-03-14 00:00:00-04:00,5.340000152587891,5.869999885559082,5.309999942779541,5.550000190734863,16900,0.0,0.0
2024-03-15 00:00:00-04:00,5.210000038146973,5.369999885559082,5.210000038146973,5.369999885559082,3900,0.0,0.0
2024-03-18 00:00:00-04:00,5.110000133514404,5.446000099182129,5.110000133514404,5.400000095367432,3200,0.0,0.0
2024-03-19 00:00:00-04:00,5.320000171661377,5.440000057220459,5.119999885559082,5.329999923706055,6300,0.0,0.0
2024-03-20 00:00:00-04:00,5.409999847412109,5.960000038146973,5.300000190734863,5.5,16300,0.0,0.0
2024-03-21 00:00:00-04:00,5.690000057220459,6.659999847412109,5.690000057220459,6.0,14500,0.0,0.0
2024-03-22 00:00:00-04:00,6.0,7.210000038146973,6.0,7.210000038146973,12300,0.0,0.0
2024-03-25 00:00:00-04:00,7.380000114440918,7.579999923706055,7.099999904632568,7.296000003814697,4900,0.0,0.0
2024-03-26 00:00:00-04:00,7.349999904632568,7.349999904632568,6.900000095367432,6.909999847412109,141300,0.0,0.0
2024-03-27 00:00:00-04:00,7.0,7.409999847412109,6.150000095367432,6.650000095367432,106700,0.0,0.0
2024-03-28 00:00:00-04:00,6.639999866485596,6.864999771118164,6.639999866485596,6.675000190734863,44300,0.0,0.0
2024-04-01 00:00:00-04:00,6.570000171661377,6.570000171661377,5.599999904632568,6.0,32300,0.0,0.0
2024-04-02 00:00:00-04:00,6.059999942779541,6.489999771118164,5.849999904632568,5.860000133514404,50100,0.0,0.0
2024-04-03 00:00:00-04:00,6.150000095367432,6.434000015258789,5.670000076293945,5.670000076293945,1200,0.0,0.0
2024-04-04 00:00:00-04:00,5.929999828338623,5.929999828338623,5.800000190734863,5.920000076293945,88900,0.0,0.0
2024-04-05 00:00:00-04:00,5.73799991607666,6.380000114440918,5.73799991607666,5.960000038146973,48800,0.0,0.0
2024-04-08 00:00:00-04:00,6.269999980926514,6.269999980926514,5.800000190734863,5.820000171661377,329400,0.0,0.0
2024-04-09 00:00:00-04:00,5.849999904632568,6.139999866485596,5.699999809265137,5.909999847412109,109000,0.0,0.0
2024-04-10 00:00:00-04:00,6.050000190734863,6.243000030517578,5.880000114440918,6.099999904632568,14900,0.0,0.0
2024-04-11 00:00:00-04:00,6.650000095367432,6.650000095367432,5.98799991607666,6.03000020980835,8000,0.0,0.0
2024-04-12 00:00:00-04:00,5.909999847412109,6.175000190734863,5.909999847412109,6.090000152587891,2400,0.0,0.0
2024-04-15 00:00:00-04:00,5.920000076293945,6.099999904632568,5.75,6.025000095367432,470900,0.0,0.0
2024-04-16 00:00:00-04:00,6.105000019073486,6.230000019073486,5.699999809265137,5.840000152587891,442600,0.0,0.0
2024-04-17 00:00:00-04:00,6.260000228881836,6.260000228881836,5.760000228881836,5.84499979019165,126100,0.0,0.0
2024-04-18 00:00:00-04:00,6.034999847412109,6.034999847412109,6.034999847412109,6.034999847412109,186500,0.0,0.0
2024-04-19 00:00:00-04:00,5.840000152587891,6.079999923706055,5.757999897003174,5.880000114440918,6500,0.0,0.0
2024-04-22 00:00:00-04:00,5.949999809265137,6.070000171661377,5.949999809265137,6.070000171661377,1700,0.0,0.0
2024-04-23 00:00:00-04:00,6.070000171661377,6.070000171661377,6.070000171661377,6.070000171661377,0,0.0,0.0
2024-04-24 00:00:00-04:00,6.070000171661377,6.070000171661377,6.070000171661377,6.070000171661377,0,0.0,0.0
2024-04-25 00:00:00-04:00,5.710000038146973,5.980000019073486,5.699999809265137,5.980000019073486,2100,0.0,0.0
2024-04-26 00:00:00-04:00,5.875999927520752,5.921999931335449,5.599999904632568,5.599999904632568,26100,0.0,0.0
2024-04-29 00:00:00-04:00,5.599999904632568,5.599999904632568,5.409999847412109,5.5,6000,0.0,0.0
2024-04-30 00:00:00-04:00,5.690000057220459,5.710000038146973,5.599999904632568,5.599999904632568,7600,0.0,0.0
2024-05-01 00:00:00-04:00,5.599999904632568,5.599999904632568,5.599999904632568,5.599999904632568,0,0.0,0.0
2024-05-02 00:00:00-04:00,5.449999809265137,6.0,5.449999809265137,6.0,1700,0.0,0.0
2024-05-03 00:00:00-04:00,6.0,6.0,6.0,6.0,300,0.0,0.0
2024-05-06 00:00:00-04:00,5.550000190734863,5.699999809265137,5.550000190734863,5.670000076293945,2300,0.0,0.0
2024-05-07 00:00:00-04:00,5.800000190734863,5.800000190734863,5.800000190734863,5.800000190734863,2700,0.0,0.0
2024-05-08 00:00:00-04:00,5.800000190734863,5.800000190734863,5.800000190734863,5.800000190734863,0,0.0,0.0
2024-05-09 00:00:00-04:00,5.880000114440918,6.0,5.5,5.585000038146973,10800,0.0,0.0
2024-05-10 00:00:00-04:00,5.585000038146973,5.585000038146973,5.585000038146973,5.585000038146973,71200,0.0,0.0
2024-05-13 00:00:00-04:00,5.610000133514404,6.010000228881836,5.610000133514404,5.690000057220459,3100,0.0,0.0
2024-05-14 00:00:00-04:00,5.789999961853027,5.900000095367432,5.619999885559082,5.849999904632568,7400,0.0,0.0
2024-05-15 00:00:00-04:00,5.880000114440918,6.010000228881836,5.670000076293945,5.676000118255615,16000,0.0,0.0
2024-05-16 00:00:00-04:00,5.670000076293945,5.989999771118164,5.550000190734863,5.739999771118164,11400,0.0,0.0
2024-05-17 00:00:00-04:00,5.78000020980835,5.809999942779541,5.570000171661377,5.590000152587891,7700,0.0,0.0
2024-05-20 00:00:00-04:00,5.75,5.989999771118164,5.590000152587891,5.699999809265137,3000,0.0,0.0
2024-05-21 00:00:00-04:00,5.800000190734863,5.800000190734863,5.75,5.75,1200,0.0,0.0
2024-05-22 00:00:00-04:00,5.921999931335449,5.921999931335449,5.920000076293945,5.920000076293945,700,0.0,0.0
2024-05-23 00:00:00-04:00,5.889999866485596,5.889999866485596,5.815999984741211,5.880000114440918,1500,0.0,0.0
2024-05-24 00:00:00-04:00,5.880000114440918,5.880000114440918,5.809999942779541,5.809999942779541,500,0.0,0.0
2024-05-28 00:00:00-04:00,5.885000228881836,5.940000057220459,5.885000228881836,5.940000057220459,600,0.0,0.0
2024-05-29 00:00:00-04:00,5.802000045776367,5.96999979019165,5.800000190734863,5.849999904632568,5700,0.0,0.0
2024-05-30 00:00:00-04:00,5.980000019073486,5.980000019073486,5.980000019073486,5.980000019073486,700,0.0,0.0
2024-05-31 00:00:00-04:00,5.960000038146973,5.980000019073486,5.960000038146973,5.980000019073486,1600,0.0,0.0
2024-06-03 00:00:00-04:00,5.989999771118164,7.0,5.989999771118164,6.46999979019165,16400,0.0,0.0
2024-06-04 00:00:00-04:00,5.75,5.880000114440918,5.550000190734863,5.579999923706055,19100,0.0,0.0
2024-06-05 00:00:00-04:00,5.800000190734863,5.800000190734863,5.590000152587891,5.695000171661377,4100,0.0,0.0
2024-06-06 00:00:00-04:00,5.870999813079834,5.870999813079834,5.579999923706055,5.849999904632568,1100,0.0,0.0
2024-06-07 00:00:00-04:00,5.574999809265137,5.835999965667725,5.574999809265137,5.735000133514404,1700,0.0,0.0
2024-06-10 00:00:00-04:00,5.570000171661377,5.610000133514404,5.519999980926514,5.570000171661377,8300,0.0,0.0
2024-06-11 00:00:00-04:00,5.570000171661377,5.570000171661377,5.409999847412109,5.480000019073486,3500,0.0,0.0
2024-06-12 00:00:00-04:00,5.889999866485596,5.889999866485596,5.585000038146973,5.585000038146973,700,0.0,0.0
2024-06-13 00:00:00-04:00,5.400000095367432,5.539999961853027,5.224999904632568,5.539999961853027,11500,0.0,0.0
2024-06-14 00:00:00-04:00,5.690000057220459,5.690000057220459,5.133999824523926,5.449999809265137,11800,0.0,0.0
2024-06-17 00:00:00-04:00,5.28000020980835,5.699999809265137,5.28000020980835,5.679999828338623,2400,0.0,0.0
2024-06-18 00:00:00-04:00,5.420000076293945,5.420000076293945,5.25,5.388000011444092,2100,0.0,0.0
2024-06-20 00:00:00-04:00,5.199999809265137,5.480000019073486,5.190000057220459,5.480000019073486,34200,0.0,0.0
2024-06-21 00:00:00-04:00,5.210000038146973,5.309999942779541,5.210000038146973,5.309999942779541,4000,0.0,0.0
2024-06-24 00:00:00-04:00,5.46999979019165,5.75,5.059999942779541,5.170000076293945,14400,0.0,0.0
2024-06-25 00:00:00-04:00,5.170000076293945,5.289999961853027,5.170000076293945,5.289999961853027,1100,0.0,0.0
2024-06-26 00:00:00-04:00,5.179999828338623,5.5,5.179999828338623,5.5,2800,0.0,0.0
2024-06-27 00:00:00-04:00,5.800000190734863,5.800000190734863,5.380000114440918,5.380000114440918,300,0.0,0.0
2024-06-28 00:00:00-04:00,5.429999828338623,5.429999828338623,5.429999828338623,5.429999828338623,800,0.0,0.0
2024-07-01 00:00:00-04:00,5.119999885559082,5.650000095367432,5.110000133514404,5.190000057220459,3400,0.0,0.0
2024-07-02 00:00:00-04:00,5.190000057220459,5.190000057220459,5.190000057220459,5.190000057220459,0,0.0,0.0
2024-07-03 00:00:00-04:00,5.190000057220459,5.190000057220459,5.190000057220459,5.190000057220459,0,0.0,0.0
2024-07-05 00:00:00-04:00,5.230000019073486,5.230000019073486,5.230000019073486,5.230000019073486,400,0.0,0.0
2024-07-08 00:00:00-04:00,5.394000053405762,5.394000053405762,5.260000228881836,5.260000228881836,700,0.0,0.0
2024-07-09 00:00:00-04:00,5.300000190734863,5.349999904632568,5.300000190734863,5.349999904632568,600,0.0,0.0
2024-07-10 00:00:00-04:00,5.119999885559082,5.684999942779541,5.099999904632568,5.425000190734863,10100,0.0,0.0
2024-07-11 00:00:00-04:00,5.150000095367432,5.480000019073486,5.110000133514404,5.230000019073486,25400,0.0,0.0
2024-07-12 00:00:00-04:00,5.159999847412109,5.389999866485596,5.159999847412109,5.269999980926514,10600,0.0,0.0
2024-07-15 00:00:00-04:00,5.315000057220459,5.315000057220459,5.179999828338623,5.179999828338623,700,0.0,0.0
2024-07-16 00:00:00-04:00,5.25,5.380000114440918,5.25,5.340000152587891,3000,0.0,0.0
2024-07-17 00:00:00-04:00,5.328000068664551,5.440000057220459,5.328000068664551,5.440000057220459,600,0.0,0.0
2024-07-18 00:00:00-04:00,5.429999828338623,5.429999828338623,5.289999961853027,5.340000152587891,1100,0.0,0.0
2024-07-19 00:00:00-04:00,5.34499979019165,5.4019999504089355,5.34499979019165,5.349999904632568,1100,0.0,0.0
2024-07-22 00:00:00-04:00,5.349999904632568,5.349999904632568,5.349999904632568,5.349999904632568,300,0.0,0.0
2024-07-23 00:00:00-04:00,5.349999904632568,5.349999904632568,5.349999904632568,5.349999904632568,300,0.0,0.0
2024-07-24 00:00:00-04:00,5.260000228881836,5.572999954223633,5.260000228881836,5.572999954223633,500,0.0,0.0
2024-07-25 00:00:00-04:00,5.260000228881836,5.260000228881836,5.260000228881836,5.260000228881836,2300,0.0,0.0
2024-07-26 00:00:00-04:00,5.269999980926514,5.335000038146973,5.199999809265137,5.21999979019165,6000,0.0,0.0
2024-07-29 00:00:00-04:00,5.210000038146973,5.210000038146973,5.210000038146973,5.210000038146973,700,0.0,0.0
2024-07-30 00:00:00-04:00,5.210000038146973,5.210000038146973,5.210000038146973,5.210000038146973,0,0.0,0.0
2024-07-31 00:00:00-04:00,5.230000019073486,5.449999809265137,5.230000019073486,5.449999809265137,500,0.0,0.0
2024-08-01 00:00:00-04:00,5.449999809265137,5.449999809265137,5.449999809265137,5.449999809265137,400,0.0,0.0
2024-08-02 00:00:00-04:00,5.25,5.25,5.25,5.25,500,0.0,0.0
2024-08-05 00:00:00-04:00,5.599999904632568,5.599999904632568,5.230000019073486,5.414999961853027,12800,0.0,0.0
2024-08-06 00:00:00-04:00,5.260000228881836,5.639999866485596,5.25,5.320000171661377,9700,0.0,0.0
2024-08-07 00:00:00-04:00,5.25,5.489999771118164,5.25,5.380000114440918,7400,0.0,0.0
2024-08-08 00:00:00-04:00,5.269999980926514,5.436999797821045,5.019999980926514,5.21999979019165,19400,0.0,0.0
2024-08-09 00:00:00-04:00,5.079999923706055,5.388000011444092,5.010000228881836,5.110000133514404,9100,0.0,0.0
2024-08-12 00:00:00-04:00,5.019999980926514,5.343999862670898,5.0,5.070000171661377,12500,0.0,0.0
2024-08-13 00:00:00-04:00,5.050000190734863,5.269999980926514,4.934999942779541,4.934999942779541,9800,0.0,0.0
2024-08-14 00:00:00-04:00,5.0,5.300000190734863,4.820000171661377,4.820000171661377,2100,0.0,0.0
2024-08-15 00:00:00-04:00,4.869999885559082,5.019999980926514,4.869999885559082,5.010000228881836,1100,0.0,0.0
2024-08-16 00:00:00-04:00,5.099999904632568,5.25,4.909999847412109,5.190000057220459,10200,0.0,0.0
2024-08-19 00:00:00-04:00,4.927999973297119,5.3460001945495605,4.900000095367432,5.119999885559082,29900,0.0,0.0
2024-08-20 00:00:00-04:00,4.900000095367432,5.099999904632568,4.809999942779541,5.099999904632568,9600,0.0,0.0
2024-08-21 00:00:00-04:00,5.010000228881836,5.329999923706055,5.010000228881836,5.099999904632568,11200,0.0,0.0
2024-08-22 00:00:00-04:00,5.179999828338623,5.374000072479248,4.820000171661377,4.840000152587891,23800,0.0,0.0
2024-08-23 00:00:00-04:00,4.751999855041504,5.170000076293945,4.751999855041504,4.889999866485596,11100,0.0,0.0
2024-08-26 00:00:00-04:00,5.144999980926514,5.144999980926514,4.820000171661377,4.849999904632568,1500,0.0,0.0
2024-08-27 00:00:00-04:00,4.559999942779541,5.0,4.559999942779541,5.0,5100,0.0,0.0
2024-08-28 00:00:00-04:00,4.849999904632568,4.849999904632568,4.849999904632568,4.849999904632568,1700,0.0,0.0
2024-08-29 00:00:00-04:00,4.960000038146973,4.960000038146973,4.889999866485596,4.889999866485596,600,0.0,0.0
2024-08-30 00:00:00-04:00,4.760000228881836,4.960000038146973,4.760000228881836,4.949999809265137,4100,0.0,0.0
2024-09-03 00:00:00-04:00,4.949999809265137,4.949999809265137,4.949999809265137,4.949999809265137,0,0.0,0.0
2024-09-04 00:00:00-04:00,4.760000228881836,4.894999980926514,4.735000133514404,4.809999942779541,6800,0.0,0.0
2024-09-05 00:00:00-04:00,4.764999866485596,4.789999961853027,4.71999979019165,4.730000019073486,3200,0.0,0.0
2024-09-06 00:00:00-04:00,4.630000114440918,4.75,4.599999904632568,4.639999866485596,2000,0.0,0.0
2024-09-09 00:00:00-04:00,4.610000133514404,4.739999771118164,4.559999942779541,4.559999942779541,6600,0.0,0.0
2024-09-10 00:00:00-04:00,4.502999782562256,4.650000095367432,4.5,4.5,5600,0.0,0.0
2024-09-11 00:00:00-04:00,4.508999824523926,4.739999771118164,4.5,4.739999771118164,7300,0.0,0.0
2024-09-12 00:00:00-04:00,4.736999988555908,4.739999771118164,4.619999885559082,4.739999771118164,2200,0.0,0.0
2024-09-13 00:00:00-04:00,4.625,4.739999771118164,4.50600004196167,4.739999771118164,6300,0.0,0.0
2024-09-16 00:00:00-04:00,4.53000020980835,4.75,4.519999980926514,4.630000114440918,4100,0.0,0.0
2024-09-17 00:00:00-04:00,4.519999980926514,4.65500020980835,4.360000133514404,4.360000133514404,14500,0.0,0.0
2024-09-18 00:00:00-04:00,4.409999847412109,4.659999847412109,4.239999771118164,4.409999847412109,7500,0.0,0.0
2024-09-19 00:00:00-04:00,4.269999980926514,4.659999847412109,4.079999923706055,4.150000095367432,6400,0.0,0.0
2024-09-20 00:00:00-04:00,4.309999942779541,4.309999942779541,4.059999942779541,4.190000057220459,1600,0.0,0.0
2024-09-23 00:00:00-04:00,4.010000228881836,4.218999862670898,3.805000066757202,4.0,18500,0.0,0.0
2024-09-24 00:00:00-04:00,3.924999952316284,4.183000087738037,3.799999952316284,4.056000232696533,7400,0.0,0.0
2024-09-25 00:00:00-04:00,3.8299999237060547,3.984999895095825,3.799999952316284,3.890000104904175,8000,0.0,0.0
2024-09-26 00:00:00-04:00,3.819999933242798,4.099999904632568,3.690000057220459,3.690000057220459,13300,0.0,0.0
2024-09-27 00:00:00-04:00,3.700000047683716,3.940000057220459,3.700000047683716,3.799999952316284,10900,0.0,0.0
2024-09-30 00:00:00-04:00,3.9100000858306885,4.079999923706055,3.630000114440918,3.7699999809265137,13800,0.0,0.0
2024-10-01 00:00:00-04:00,3.6500000953674316,3.8350000381469727,3.6500000953674316,3.759999990463257,3300,0.0,0.0
2024-10-02 00:00:00-04:00,3.640000104904175,3.924999952316284,3.609999895095825,3.924999952316284,9700,0.0,0.0
2024-10-03 00:00:00-04:00,3.9600000381469727,3.9600000381469727,3.9600000381469727,3.9600000381469727,800,0.0,0.0
2024-10-04 00:00:00-04:00,3.990000009536743,3.990000009536743,3.890000104904175,3.890000104904175,1600,0.0,0.0
2024-10-07 00:00:00-04:00,3.640000104904175,3.9600000381469727,3.640000104904175,3.6600000858306885,12700,0.0,0.0
2024-10-08 00:00:00-04:00,3.6600000858306885,4.085999965667725,3.5899999141693115,3.630000114440918,31600,0.0,0.0
2024-10-09 00:00:00-04:00,3.8499999046325684,4.0,3.609999895095825,4.0,22700,0.0,0.0
2024-10-10 00:00:00-04:00,3.759999990463257,3.9100000858306885,3.4200000762939453,3.809999942779541,18200,0.0,0.0
2024-10-11 00:00:00-04:00,3.9000000953674316,4.565000057220459,3.9000000953674316,4.400000095367432,34900,0.0,0.0
2024-10-14 00:00:00-04:00,4.449999809265137,4.5,4.119999885559082,4.25,8500,0.0,0.0
2024-10-15 00:00:00-04:00,4.5,4.5,4.03000020980835,4.209000110626221,5900,0.0,0.0
2024-10-16 00:00:00-04:00,4.300000190734863,4.320000171661377,4.190000057220459,4.261000156402588,2700,0.0,0.0
2024-10-17 00:00:00-04:00,4.289999961853027,4.639999866485596,4.150000095367432,4.360000133514404,8200,0.0,0.0
2024-10-18 00:00:00-04:00,4.289999961853027,4.449999809265137,4.289999961853027,4.324999809265137,3300,0.0,0.0
2024-10-21 00:00:00-04:00,4.199999809265137,4.329999923706055,4.0,4.03000020980835,7800,0.0,0.0
2024-10-22 00:00:00-04:00,4.019999980926514,4.139999866485596,3.7699999809265137,4.090000152587891,10300,0.0,0.0
2024-10-23 00:00:00-04:00,4.164999961853027,4.199999809265137,3.803999900817871,4.110000133514404,4800,0.0,0.0
2024-10-24 00:00:00-04:00,3.9000000953674316,4.230000019073486,3.9000000953674316,4.179999828338623,4100,0.0,0.0
2024-10-25 00:00:00-04:00,3.9200000762939453,4.175000190734863,3.8519999980926514,4.0,8000,0.0,0.0
2024-10-28 00:00:00-04:00,3.8299999237060547,4.510000228881836,3.809999942779541,4.360000133514404,12400,0.0,0.0
2024-10-29 00:00:00-04:00,4.199999809265137,4.557000160217285,4.019999980926514,4.179999828338623,31500,0.0,0.0
2024-10-30 00:00:00-04:00,4.150000095367432,4.550000190734863,3.950000047683716,4.25,26200,0.0,0.0
2024-10-31 00:00:00-04:00,3.809999942779541,4.25,3.75,4.0,14700,0.0,0.0
2024-11-01 00:00:00-04:00,3.819999933242798,4.5,3.690000057220459,4.478000164031982,9900,0.0,0.0
2024-11-04 00:00:00-05:00,4.460000038146973,4.949999809265137,4.269999980926514,4.460000038146973,13200,0.0,0.0
2024-11-05 00:00:00-05:00,4.46999979019165,4.861000061035156,4.159999847412109,4.760000228881836,76400,0.0,0.0
2024-11-06 00:00:00-05:00,4.619999885559082,4.849999904632568,4.25,4.849999904632568,5200,0.0,0.0
2024-11-07 00:00:00-05:00,4.570000171661377,4.666999816894531,4.25,4.639999866485596,3600,0.0,0.0
2024-11-08 00:00:00-05:00,4.480000019073486,4.869999885559082,4.480000019073486,4.869999885559082,10200,0.0,0.0
2024-11-11 00:00:00-05:00,4.989999771118164,4.989999771118164,4.184999942779541,4.670000076293945,20100,0.0,0.0
2024-11-12 00:00:00-05:00,4.739999771118164,5.170000076293945,4.739999771118164,4.989999771118164,11700,0.0,0.0
2024-11-13 00:00:00-05:00,4.989999771118164,4.989999771118164,4.989999771118164,4.989999771118164,0,0.0,0.0
2024-11-14 00:00:00-05:00,4.868000030517578,4.868000030517578,4.730000019073486,4.730000019073486,2000,0.0,0.0
2024-11-15 00:00:00-05:00,4.670000076293945,4.670000076293945,4.670000076293945,4.670000076293945,900,0.0,0.0
2024-11-18 00:00:00-05:00,4.460000038146973,5.090000152587891,4.449999809265137,5.090000152587891,7800,0.0,0.0
2024-11-19 00:00:00-05:00,4.699999809265137,5.159999847412109,4.610000133514404,4.610000133514404,11500,0.0,0.0
2024-11-20 00:00:00-05:00,4.619999885559082,4.809000015258789,4.619999885559082,4.769999980926514,4200,0.0,0.0
2024-11-21 00:00:00-05:00,4.599999904632568,4.880000114440918,4.599999904632568,4.849999904632568,1800,0.0,0.0
2024-11-22 00:00:00-05:00,5.050000190734863,5.14300012588501,4.5,5.090000152587891,10800,0.0,0.0
2024-11-25 00:00:00-05:00,5.052999973297119,5.170000076293945,4.633999824523926,5.010000228881836,15100,0.0,0.0
2024-11-26 00:00:00-05:00,4.739999771118164,4.96999979019165,4.5,4.710000038146973,9100,0.0,0.0
2024-11-27 00:00:00-05:00,4.599999904632568,4.900000095367432,4.599999904632568,4.900000095367432,800,0.0,0.0
2024-11-29 00:00:00-05:00,4.670000076293945,5.059999942779541,4.670000076293945,5.059999942779541,3600,0.0,0.0
2024-12-02 00:00:00-05:00,5.059999942779541,5.059999942779541,4.670000076293945,5.0,4200,0.0,0.0
2024-12-03 00:00:00-05:00,4.71999979019165,4.929999828338623,4.639999866485596,4.929999828338623,3200,0.0,0.0
2024-12-04 00:00:00-05:00,4.78000020980835,5.0,4.78000020980835,4.900000095367432,2200,0.0,0.0
2024-12-05 00:00:00-05:00,4.949999809265137,5.050000190734863,4.949999809265137,5.0,8400,0.0,0.0
2024-12-06 00:00:00-05:00,5.044000148773193,5.050000190734863,5.044000148773193,5.050000190734863,2400,0.0,0.0
2024-12-09 00:00:00-05:00,4.730000019073486,5.050000190734863,4.730000019073486,5.050000190734863,3300,0.0,0.0
2024-12-10 00:00:00-05:00,5.039999961853027,5.039999961853027,5.039999961853027,5.039999961853027,1300,0.0,0.0
2024-12-11 00:00:00-05:00,4.800000190734863,5.059999942779541,4.800000190734863,5.050000190734863,4200,0.0,0.0
2024-12-12 00:00:00-05:00,5.090000152587891,5.090000152587891,4.5,5.039999961853027,3400,0.0,0.0
2024-12-13 00:00:00-05:00,4.539999961853027,5.5,4.53000020980835,4.828999996185303,3000,0.0,0.0
2024-12-16 00:00:00-05:00,4.670000076293945,5.079999923706055,4.599999904632568,5.059999942779541,3500,0.0,0.0
2024-12-17 00:00:00-05:00,4.900000095367432,5.010000228881836,4.75,5.010000228881836,4200,0.0,0.0
2024-12-18 00:00:00-05:00,5.0,5.159999847412109,4.926000118255615,5.159999847412109,2200,0.0,0.0
2024-12-19 00:00:00-05:00,4.739999771118164,4.739999771118164,4.739999771118164,4.739999771118164,1200,0.0,0.0
2024-12-20 00:00:00-05:00,4.650000095367432,5.139999866485596,4.650000095367432,5.139999866485596,2700,0.0,0.0
2024-12-23 00:00:00-05:00,5.139999866485596,5.139999866485596,5.139999866485596,5.139999866485596,0,0.0,0.0
2024-12-24 00:00:00-05:00,5.150000095367432,5.170000076293945,5.150000095367432,5.170000076293945,1100,0.0,0.0
2024-12-26 00:00:00-05:00,5.085999965667725,5.239999771118164,5.0,5.150000095367432,19800,0.0,0.0
2024-12-27 00:00:00-05:00,5.0,5.0,4.650000095367432,4.824999809265137,15800,0.0,0.0
2024-12-30 00:00:00-05:00,4.670000076293945,5.599999904632568,4.5,4.849999904632568,133400,0.0,0.0
2024-12-31 00:00:00-05:00,4.5,4.840000152587891,4.5,4.789999961853027,4400,0.0,0.0
2025-01-02 00:00:00-05:00,4.730000019073486,5.010000228881836,4.679999828338623,5.0,1100,0.0,0.0
2025-01-03 00:00:00-05:00,4.949999809265137,5.010000228881836,4.579999923706055,4.980000019073486,2400,0.0,0.0
2025-01-06 00:00:00-05:00,4.539999961853027,4.920000076293945,4.539999961853027,4.809999942779541,8700,0.0,0.0
2025-01-07 00:00:00-05:00,4.710000038146973,4.869999885559082,3.9200000762939453,4.199999809265137,26300,0.0,0.0
2025-01-08 00:00:00-05:00,4.239999771118164,4.369999885559082,4.010000228881836,4.050000190734863,7300,0.0,0.0
2025-01-10 00:00:00-05:00,4.059999942779541,4.159999847412109,4.0,4.135000228881836,2600,0.0,0.0
2025-01-13 00:00:00-05:00,4.019999980926514,4.110000133514404,3.7950000762939453,3.8499999046325684,18700,0.0,0.0
2025-01-14 00:00:00-05:00,3.700000047683716,3.809999942779541,3.6500000953674316,3.7899999618530273,11500,0.0,0.0
2025-01-15 00:00:00-05:00,3.950000047683716,3.9649999141693115,3.490000009536743,3.490000009536743,13100,0.0,0.0
2025-01-16 00:00:00-05:00,3.691999912261963,3.691999912261963,3.0601000785827637,3.119999885559082,7942,0.0,0.0
