Date,Open,High,Low,Close,Volume,Dividends,Stock Splits
2022-01-03 00:00:00-05:00,2.690000057220459,2.9000000953674316,2.640000104904175,2.805000066757202,277100,0.0,0.0
2022-01-04 00:00:00-05:00,2.990000009536743,3.009999990463257,2.799999952316284,2.8499999046325684,193200,0.0,0.0
2022-01-05 00:00:00-05:00,2.890000104904175,3.0,2.809999942779541,2.8499999046325684,93100,0.0,0.0
2022-01-06 00:00:00-05:00,2.8499999046325684,2.9100000858306885,2.5999999046325684,2.690000057220459,77000,0.0,0.0
2022-01-07 00:00:00-05:00,2.6519999504089355,2.799999952316284,2.640000104904175,2.7100000381469727,56000,0.0,0.0
2022-01-10 00:00:00-05:00,2.740000009536743,2.7799999713897705,2.680000066757202,2.7639999389648438,32000,0.0,0.0
2022-01-11 00:00:00-05:00,2.7899999618530273,2.990000009536743,2.740000009536743,2.930000066757202,180200,0.0,0.0
2022-01-12 00:00:00-05:00,3.4700000286102295,3.619999885559082,3.0199999809265137,3.2799999713897705,13967100,0.0,0.0
2022-01-13 00:00:00-05:00,3.0899999141693115,3.0899999141693115,2.700000047683716,2.7699999809265137,513100,0.0,0.0
2022-01-14 00:00:00-05:00,2.5199999809265137,2.759999990463257,2.5199999809265137,2.740000009536743,126000,0.0,0.0
2022-01-18 00:00:00-05:00,2.6500000953674316,2.869999885559082,2.509999990463257,2.799999952316284,164800,0.0,0.0
2022-01-19 00:00:00-05:00,2.740000009536743,2.990000009536743,2.690000057220459,2.9000000953674316,81300,0.0,0.0
2022-01-20 00:00:00-05:00,2.809999942779541,2.930000066757202,2.700000047683716,2.7200000286102295,193900,0.0,0.0
2022-01-21 00:00:00-05:00,2.5899999141693115,2.6500000953674316,2.450000047683716,2.490000009536743,70400,0.0,0.0
2022-01-24 00:00:00-05:00,2.380000114440918,2.799999952316284,2.25,2.6600000858306885,421700,0.0,0.0
2022-01-25 00:00:00-05:00,2.5199999809265137,2.75,2.5,2.680000066757202,263900,0.0,0.0
2022-01-26 00:00:00-05:00,2.5299999713897705,2.799999952316284,2.496999979019165,2.700000047683716,366300,0.0,0.0
2022-01-27 00:00:00-05:00,2.609999895095825,2.680000066757202,2.509999990463257,2.680000066757202,222800,0.0,0.0
2022-01-28 00:00:00-05:00,2.569999933242798,2.5799999237060547,2.3499999046325684,2.509999990463257,120600,0.0,0.0
2022-01-31 00:00:00-05:00,2.5,2.7899999618530273,2.4100000858306885,2.6579999923706055,241600,0.0,0.0
2022-02-01 00:00:00-05:00,2.549999952316284,2.690000057220459,2.5199999809265137,2.690000057220459,140500,0.0,0.0
2022-02-02 00:00:00-05:00,2.6700000762939453,2.690000057220459,2.609999895095825,2.609999895095825,26900,0.0,0.0
2022-02-03 00:00:00-05:00,2.552999973297119,2.5999999046325684,2.4000000953674316,2.509999990463257,96200,0.0,0.0
2022-02-04 00:00:00-05:00,2.4700000286102295,2.559999942779541,2.4100000858306885,2.4200000762939453,27700,0.0,0.0
2022-02-07 00:00:00-05:00,2.450000047683716,2.4700000286102295,2.299999952316284,2.4000000953674316,100300,0.0,0.0
2022-02-08 00:00:00-05:00,2.430000066757202,2.430000066757202,2.25,2.319999933242798,70100,0.0,0.0
2022-02-09 00:00:00-05:00,2.299999952316284,2.390000104904175,2.299999952316284,2.309999942779541,76700,0.0,0.0
2022-02-10 00:00:00-05:00,2.2699999809265137,2.299999952316284,2.200000047683716,2.259999990463257,131800,0.0,0.0
2022-02-11 00:00:00-05:00,2.2200000286102295,2.2200000286102295,2.0280001163482666,2.0899999141693115,103400,0.0,0.0
2022-02-14 00:00:00-05:00,2.0899999141693115,2.109999895095825,2.0199999809265137,2.0199999809265137,58900,0.0,0.0
2022-02-15 00:00:00-05:00,2.0199999809265137,2.2079999446868896,2.0199999809265137,2.130000114440918,110300,0.0,0.0
2022-02-16 00:00:00-05:00,2.140000104904175,2.140000104904175,2.0,2.009999990463257,92600,0.0,0.0
2022-02-17 00:00:00-05:00,2.0299999713897705,2.0299999713897705,1.8899999856948853,1.8899999856948853,27800,0.0,0.0
2022-02-18 00:00:00-05:00,1.899999976158142,1.9550000429153442,1.8700000047683716,1.8700000047683716,80500,0.0,0.0
2022-02-22 00:00:00-05:00,1.8600000143051147,1.9739999771118164,1.8600000143051147,1.9199999570846558,93200,0.0,0.0
2022-02-23 00:00:00-05:00,1.909999966621399,1.909999966621399,1.7999999523162842,1.8300000429153442,37000,0.0,0.0
2022-02-24 00:00:00-05:00,1.7100000381469727,1.899999976158142,1.7100000381469727,1.809999942779541,21000,0.0,0.0
2022-02-25 00:00:00-05:00,1.7899999618530273,2.0899999141693115,1.7899999618530273,1.940000057220459,132600,0.0,0.0
2022-02-28 00:00:00-05:00,1.9800000190734863,1.9800000190734863,1.8300000429153442,1.9199999570846558,24600,0.0,0.0
2022-03-01 00:00:00-05:00,1.8200000524520874,1.940000057220459,1.7979999780654907,1.9149999618530273,45800,0.0,0.0
2022-03-02 00:00:00-05:00,1.909999966621399,2.0199999809265137,1.850000023841858,1.8899999856948853,40200,0.0,0.0
2022-03-03 00:00:00-05:00,1.909999966621399,1.909999966621399,1.7000000476837158,1.7999999523162842,41200,0.0,0.0
2022-03-04 00:00:00-05:00,1.8899999856948853,1.8899999856948853,1.7799999713897705,1.7799999713897705,5200,0.0,0.0
2022-03-07 00:00:00-05:00,1.7999999523162842,1.940000057220459,1.690000057220459,1.7799999713897705,44600,0.0,0.0
2022-03-08 00:00:00-05:00,1.6720000505447388,1.8799999952316284,1.649999976158142,1.7000000476837158,84800,0.0,0.0
2022-03-09 00:00:00-05:00,1.840000033378601,2.0999999046325684,1.7799999713897705,1.8899999856948853,637000,0.0,0.0
2022-03-10 00:00:00-05:00,1.8799999952316284,1.9500000476837158,1.809999942779541,1.940000057220459,34500,0.0,0.0
2022-03-11 00:00:00-05:00,1.8600000143051147,2.190000057220459,1.840000033378601,1.934999942779541,104800,0.0,0.0
2022-03-14 00:00:00-04:00,1.899999976158142,1.9019999504089355,1.7000000476837158,1.7300000190734863,37500,0.0,0.0
2022-03-15 00:00:00-04:00,1.6799999475479126,1.8300000429153442,1.6799999475479126,1.7799999713897705,69800,0.0,0.0
2022-03-16 00:00:00-04:00,1.7000000476837158,1.809999942779541,1.659999966621399,1.7799999713897705,35000,0.0,0.0
2022-03-17 00:00:00-04:00,1.850000023841858,1.9800000190734863,1.7230000495910645,1.940000057220459,29200,0.0,0.0
2022-03-18 00:00:00-04:00,1.940000057220459,2.109999895095825,1.7000000476837158,1.7100000381469727,94800,0.0,0.0
2022-03-21 00:00:00-04:00,1.9700000286102295,2.680000066757202,1.7999999523162842,2.059999942779541,2571700,0.0,0.0
2022-03-22 00:00:00-04:00,2.200000047683716,2.309999942779541,1.850000023841858,1.9700000286102295,535900,0.0,0.0
2022-03-23 00:00:00-04:00,1.909999966621399,2.0,1.8799999952316284,1.940000057220459,154800,0.0,0.0
2022-03-24 00:00:00-04:00,1.8899999856948853,1.9800000190734863,1.8370000123977661,1.9500000476837158,122400,0.0,0.0
2022-03-25 00:00:00-04:00,1.9900000095367432,1.9900000095367432,1.850000023841858,1.8899999856948853,136600,0.0,0.0
2022-03-28 00:00:00-04:00,1.899999976158142,1.9199999570846558,1.809000015258789,1.8899999856948853,131300,0.0,0.0
2022-03-29 00:00:00-04:00,1.8700000047683716,2.069999933242798,1.8669999837875366,2.009999990463257,175000,0.0,0.0
2022-03-30 00:00:00-04:00,1.9900000095367432,2.0399999618530273,1.8899999856948853,1.8899999856948853,157200,0.0,0.0
2022-03-31 00:00:00-04:00,2.0299999713897705,2.0299999713897705,1.8899999856948853,1.9299999475479126,49000,0.0,0.0
2022-04-01 00:00:00-04:00,1.9199999570846558,1.9700000286102295,1.8949999809265137,1.9500000476837158,73200,0.0,0.0
2022-04-04 00:00:00-04:00,1.9500000476837158,2.0299999713897705,1.9500000476837158,1.9800000190734863,60200,0.0,0.0
2022-04-05 00:00:00-04:00,1.965999960899353,2.0,1.909999966621399,1.940000057220459,21900,0.0,0.0
2022-04-06 00:00:00-04:00,1.9299999475479126,1.9329999685287476,1.75,1.7899999618530273,127000,0.0,0.0
2022-04-07 00:00:00-04:00,1.7999999523162842,1.8899999856948853,1.7999999523162842,1.8700000047683716,118900,0.0,0.0
2022-04-08 00:00:00-04:00,1.9600000381469727,1.9600000381469727,1.8320000171661377,1.8600000143051147,29300,0.0,0.0
2022-04-11 00:00:00-04:00,1.8860000371932983,1.899999976158142,1.809999942779541,1.899999976158142,35600,0.0,0.0
2022-04-12 00:00:00-04:00,1.850000023841858,1.9500000476837158,1.850000023841858,1.8899999856948853,41300,0.0,0.0
2022-04-13 00:00:00-04:00,1.9500000476837158,1.9600000381469727,1.8700000047683716,1.8899999856948853,27100,0.0,0.0
2022-04-14 00:00:00-04:00,1.8760000467300415,2.0450000762939453,1.840000033378601,1.8700000047683716,231300,0.0,0.0
2022-04-18 00:00:00-04:00,1.850000023841858,1.8899999856948853,1.75,1.75,35200,0.0,0.0
2022-04-19 00:00:00-04:00,1.850000023841858,1.850000023841858,1.7400000095367432,1.7899999618530273,44400,0.0,0.0
2022-04-20 00:00:00-04:00,1.7400000095367432,1.899999976158142,1.7000000476837158,1.7400000095367432,21000,0.0,0.0
2022-04-21 00:00:00-04:00,1.7400000095367432,1.8200000524520874,1.7200000286102295,1.7369999885559082,14900,0.0,0.0
2022-04-22 00:00:00-04:00,1.7599999904632568,1.7799999713897705,1.6100000143051147,1.6100000143051147,33600,0.0,0.0
2022-04-25 00:00:00-04:00,1.6699999570846558,1.7599999904632568,1.600000023841858,1.649999976158142,52800,0.0,0.0
2022-04-26 00:00:00-04:00,1.649999976158142,1.6950000524520874,1.600000023841858,1.6399999856948853,36700,0.0,0.0
2022-04-27 00:00:00-04:00,1.6200000047683716,1.652999997138977,1.5800000429153442,1.5800000429153442,28400,0.0,0.0
2022-04-28 00:00:00-04:00,1.5700000524520874,1.649999976158142,1.5199999809265137,1.649999976158142,45100,0.0,0.0
2022-04-29 00:00:00-04:00,1.590000033378601,1.6299999952316284,1.5499999523162842,1.590000033378601,57700,0.0,0.0
2022-05-02 00:00:00-04:00,1.590000033378601,1.6050000190734863,1.4900000095367432,1.600000023841858,89500,0.0,0.0
2022-05-03 00:00:00-04:00,1.6100000143051147,1.690000057220459,1.590000033378601,1.6100000143051147,48800,0.0,0.0
2022-05-04 00:00:00-04:00,1.6299999952316284,1.690000057220459,1.590000033378601,1.6799999475479126,18300,0.0,0.0
2022-05-05 00:00:00-04:00,1.600000023841858,1.6180000305175781,1.5499999523162842,1.5800000429153442,23100,0.0,0.0
2022-05-06 00:00:00-04:00,1.5499999523162842,1.6649999618530273,1.5199999809265137,1.5800000429153442,10300,0.0,0.0
2022-05-09 00:00:00-04:00,1.5299999713897705,1.6139999628067017,1.4500000476837158,1.5299999713897705,74300,0.0,0.0
2022-05-10 00:00:00-04:00,1.4769999980926514,1.6799999475479126,1.4769999980926514,1.6799999475479126,55000,0.0,0.0
2022-05-11 00:00:00-04:00,1.600000023841858,1.6699999570846558,1.4500000476837158,1.4800000190734863,42900,0.0,0.0
2022-05-12 00:00:00-04:00,1.4900000095367432,1.559999942779541,1.4500000476837158,1.559999942779541,27000,0.0,0.0
2022-05-13 00:00:00-04:00,1.559999942779541,1.6299999952316284,1.4600000381469727,1.4700000286102295,45500,0.0,0.0
2022-05-16 00:00:00-04:00,1.496000051498413,1.7300000190734863,1.4630000591278076,1.4800000190734863,4800,0.0,0.0
2022-05-17 00:00:00-04:00,1.5,1.6100000143051147,1.4199999570846558,1.4800000190734863,35700,0.0,0.0
2022-05-18 00:00:00-04:00,1.5499999523162842,1.5499999523162842,1.4509999752044678,1.5099999904632568,7800,0.0,0.0
2022-05-19 00:00:00-04:00,1.5299999713897705,1.6200000047683716,1.4500000476837158,1.4800000190734863,21200,0.0,0.0
2022-05-20 00:00:00-04:00,1.399999976158142,1.5399999618530273,1.399999976158142,1.5299999713897705,25400,0.0,0.0
2022-05-23 00:00:00-04:00,1.5099999904632568,1.590000033378601,1.4700000286102295,1.4700000286102295,12000,0.0,0.0
2022-05-24 00:00:00-04:00,1.5800000429153442,1.5800000429153442,1.3899999856948853,1.399999976158142,8600,0.0,0.0
2022-05-25 00:00:00-04:00,1.4019999504089355,1.4900000095367432,1.3799999952316284,1.4500000476837158,35400,0.0,0.0
2022-05-26 00:00:00-04:00,1.4299999475479126,1.600000023841858,1.4299999475479126,1.5499999523162842,14000,0.0,0.0
2022-05-27 00:00:00-04:00,1.4900000095367432,1.6799999475479126,1.4800000190734863,1.5299999713897705,62000,0.0,0.0
2022-05-31 00:00:00-04:00,1.5700000524520874,1.5700000524520874,1.4500000476837158,1.4500000476837158,16100,0.0,0.0
2022-06-01 00:00:00-04:00,1.5,1.5700000524520874,1.4299999475479126,1.5549999475479126,22100,0.0,0.0
2022-06-02 00:00:00-04:00,1.4700000286102295,1.649999976158142,1.4700000286102295,1.5700000524520874,40500,0.0,0.0
2022-06-03 00:00:00-04:00,1.4900000095367432,1.600000023841858,1.4900000095367432,1.5850000381469727,10500,0.0,0.0
2022-06-06 00:00:00-04:00,1.590000033378601,1.6369999647140503,1.5110000371932983,1.590000033378601,20800,0.0,0.0
2022-06-07 00:00:00-04:00,1.590000033378601,1.600000023841858,1.5199999809265137,1.5199999809265137,25600,0.0,0.0
2022-06-08 00:00:00-04:00,1.5700000524520874,1.600000023841858,1.5299999713897705,1.590000033378601,22800,0.0,0.0
2022-06-09 00:00:00-04:00,1.590000033378601,1.590000033378601,1.4470000267028809,1.5399999618530273,15900,0.0,0.0
2022-06-10 00:00:00-04:00,1.4600000381469727,1.5399999618530273,1.4500000476837158,1.5230000019073486,15300,0.0,0.0
2022-06-13 00:00:00-04:00,1.409999966621399,1.5099999904632568,1.409999966621399,1.4600000381469727,15400,0.0,0.0
2022-06-14 00:00:00-04:00,1.4630000591278076,1.4800000190734863,1.399999976158142,1.409999966621399,16600,0.0,0.0
2022-06-15 00:00:00-04:00,1.3899999856948853,1.5299999713897705,1.3630000352859497,1.4299999475479126,68600,0.0,0.0
2022-06-16 00:00:00-04:00,1.409999966621399,1.4299999475479126,1.399999976158142,1.4299999475479126,11800,0.0,0.0
2022-06-17 00:00:00-04:00,1.4500000476837158,1.4700000286102295,1.409999966621399,1.4600000381469727,16200,0.0,0.0
2022-06-21 00:00:00-04:00,1.4500000476837158,1.4639999866485596,1.4299999475479126,1.4299999475479126,16200,0.0,0.0
2022-06-22 00:00:00-04:00,1.4859999418258667,1.4859999418258667,1.4199999570846558,1.4299999475479126,31900,0.0,0.0
2022-06-23 00:00:00-04:00,1.4500000476837158,1.600000023841858,1.4199999570846558,1.5399999618530273,25100,0.0,0.0
2022-06-24 00:00:00-04:00,1.600000023841858,1.600000023841858,1.5299999713897705,1.600000023841858,28000,0.0,0.0
2022-06-27 00:00:00-04:00,1.600000023841858,1.809999942779541,1.600000023841858,1.809999942779541,112300,0.0,0.0
2022-06-28 00:00:00-04:00,1.8200000524520874,1.8700000047683716,1.7100000381469727,1.850000023841858,44000,0.0,0.0
2022-06-29 00:00:00-04:00,1.8300000429153442,1.8600000143051147,1.7100000381469727,1.8179999589920044,42800,0.0,0.0
2022-06-30 00:00:00-04:00,1.9199999570846558,1.9199999570846558,1.5740000009536743,1.7000000476837158,28000,0.0,0.0
2022-07-01 00:00:00-04:00,1.7200000286102295,1.809999942779541,1.7200000286102295,1.7899999618530273,18600,0.0,0.0
2022-07-05 00:00:00-04:00,1.75,1.7599999904632568,1.5399999618530273,1.75,47000,0.0,0.0
2022-07-06 00:00:00-04:00,1.815999984741211,1.840000033378601,1.6399999856948853,1.7690000534057617,17400,0.0,0.0
2022-07-07 00:00:00-04:00,1.7599999904632568,1.7999999523162842,1.7100000381469727,1.7599999904632568,25700,0.0,0.0
2022-07-08 00:00:00-04:00,1.8300000429153442,1.840000033378601,1.659999966621399,1.7799999713897705,67100,0.0,0.0
2022-07-11 00:00:00-04:00,1.7999999523162842,1.909999966621399,1.649999976158142,1.8600000143051147,68200,0.0,0.0
2022-07-12 00:00:00-04:00,1.8300000429153442,1.8949999809265137,1.8209999799728394,1.840000033378601,19800,0.0,0.0
2022-07-13 00:00:00-04:00,1.8600000143051147,1.899999976158142,1.7999999523162842,1.840000033378601,20800,0.0,0.0
2022-07-14 00:00:00-04:00,1.899999976158142,1.899999976158142,1.7719999551773071,1.7799999713897705,31800,0.0,0.0
2022-07-15 00:00:00-04:00,1.840999960899353,1.840999960899353,1.7799999713897705,1.7829999923706055,21000,0.0,0.0
2022-07-18 00:00:00-04:00,1.7999999523162842,1.9900000095367432,1.7999999523162842,1.850000023841858,68100,0.0,0.0
2022-07-19 00:00:00-04:00,1.9149999618530273,1.9500000476837158,1.7599999904632568,1.7999999523162842,89300,0.0,0.0
2022-07-20 00:00:00-04:00,1.7599999904632568,1.8899999856948853,1.7599999904632568,1.8799999952316284,52500,0.0,0.0
2022-07-21 00:00:00-04:00,1.850000023841858,1.9299999475479126,1.850000023841858,1.909999966621399,25700,0.0,0.0
2022-07-22 00:00:00-04:00,1.9800000190734863,1.9800000190734863,1.8509999513626099,1.899999976158142,22300,0.0,0.0
2022-07-25 00:00:00-04:00,1.850000023841858,1.940000057220459,1.8200000524520874,1.8200000524520874,13500,0.0,0.0
2022-07-26 00:00:00-04:00,1.8079999685287476,1.850000023841858,1.7999999523162842,1.850000023841858,12800,0.0,0.0
2022-07-27 00:00:00-04:00,1.9199999570846558,1.9199999570846558,1.8200000524520874,1.8300000429153442,11100,0.0,0.0
2022-07-28 00:00:00-04:00,1.850000023841858,1.8600000143051147,1.843999981880188,1.8600000143051147,3700,0.0,0.0
2022-07-29 00:00:00-04:00,1.7300000190734863,1.850000023841858,1.7300000190734863,1.850000023841858,7600,0.0,0.0
2022-08-01 00:00:00-04:00,1.7799999713897705,1.850000023841858,1.7799999713897705,1.8200000524520874,4600,0.0,0.0
2022-08-02 00:00:00-04:00,1.600000023841858,1.809999942779541,1.600000023841858,1.7799999713897705,27600,0.0,0.0
2022-08-03 00:00:00-04:00,1.7999999523162842,1.809999942779541,1.7799999713897705,1.7799999713897705,11300,0.0,0.0
2022-08-04 00:00:00-04:00,1.809999942779541,1.9199999570846558,1.7640000581741333,1.899999976158142,33100,0.0,0.0
2022-08-05 00:00:00-04:00,1.8899999856948853,1.8899999856948853,1.7790000438690186,1.8300000429153442,27000,0.0,0.0
2022-08-08 00:00:00-04:00,1.7599999904632568,2.0,1.7599999904632568,1.9800000190734863,35900,0.0,0.0
2022-08-09 00:00:00-04:00,1.9199999570846558,1.9299999475479126,1.809999942779541,1.8300000429153442,19800,0.0,0.0
2022-08-10 00:00:00-04:00,1.8600000143051147,1.9199999570846558,1.850000023841858,1.8899999856948853,11900,0.0,0.0
2022-08-11 00:00:00-04:00,1.899999976158142,1.9500000476837158,1.7799999713897705,1.9299999475479126,27000,0.0,0.0
2022-08-12 00:00:00-04:00,1.840000033378601,1.9299999475479126,1.840000033378601,1.8899999856948853,29600,0.0,0.0
2022-08-15 00:00:00-04:00,1.8700000047683716,1.9199999570846558,1.850000023841858,1.8600000143051147,24700,0.0,0.0
2022-08-16 00:00:00-04:00,1.850000023841858,1.8600000143051147,1.7000000476837158,1.8600000143051147,43400,0.0,0.0
2022-08-17 00:00:00-04:00,1.9299999475479126,1.9299999475479126,1.75,1.7899999618530273,32100,0.0,0.0
2022-08-18 00:00:00-04:00,1.7899999618530273,1.8799999952316284,1.7400000095367432,1.8799999952316284,27000,0.0,0.0
2022-08-19 00:00:00-04:00,1.809999942779541,1.809999942779541,1.7699999809265137,1.7699999809265137,25400,0.0,0.0
2022-08-22 00:00:00-04:00,1.7999999523162842,1.8799999952316284,1.6449999809265137,1.8109999895095825,41200,0.0,0.0
2022-08-23 00:00:00-04:00,1.7599999904632568,1.7799999713897705,1.6299999952316284,1.7000000476837158,58900,0.0,0.0
2022-08-24 00:00:00-04:00,1.715000033378601,1.7300000190734863,1.659999966621399,1.7200000286102295,16200,0.0,0.0
2022-08-25 00:00:00-04:00,1.7100000381469727,1.7300000190734863,1.659999966621399,1.7200000286102295,19900,0.0,0.0
2022-08-26 00:00:00-04:00,1.7000000476837158,1.781000018119812,1.6799999475479126,1.6799999475479126,10500,0.0,0.0
2022-08-29 00:00:00-04:00,1.625,1.7009999752044678,1.5199999809265137,1.5199999809265137,27700,0.0,0.0
2022-08-30 00:00:00-04:00,1.5499999523162842,1.6829999685287476,1.5499999523162842,1.6799999475479126,41300,0.0,0.0
2022-08-31 00:00:00-04:00,1.7269999980926514,1.8300000429153442,1.659999966621399,1.8300000429153442,49800,0.0,0.0
2022-09-01 00:00:00-04:00,1.840000033378601,1.840000033378601,1.649999976158142,1.7799999713897705,14200,0.0,0.0
2022-09-02 00:00:00-04:00,1.6670000553131104,1.7799999713897705,1.6670000553131104,1.7000000476837158,7100,0.0,0.0
2022-09-06 00:00:00-04:00,1.7599999904632568,1.8600000143051147,1.6299999952316284,1.7999999523162842,17400,0.0,0.0
2022-09-07 00:00:00-04:00,1.899999976158142,1.899999976158142,1.7699999809265137,1.8200000524520874,10600,0.0,0.0
2022-09-08 00:00:00-04:00,1.8300000429153442,1.8300000429153442,1.7699999809265137,1.7999999523162842,20500,0.0,0.0
2022-09-09 00:00:00-04:00,1.7350000143051147,1.899999976158142,1.7350000143051147,1.8300000429153442,18400,0.0,0.0
2022-09-12 00:00:00-04:00,1.940000057220459,1.9900000095367432,1.809999942779541,1.8799999952316284,138400,0.0,0.0
2022-09-13 00:00:00-04:00,1.9700000286102295,1.9700000286102295,1.850000023841858,1.8899999856948853,40400,0.0,0.0
2022-09-14 00:00:00-04:00,1.8300000429153442,1.9299999475479126,1.690000057220459,1.7599999904632568,29000,0.0,0.0
2022-09-15 00:00:00-04:00,1.7000000476837158,1.7899999618530273,1.7000000476837158,1.75,18800,0.0,0.0
2022-09-16 00:00:00-04:00,1.7400000095367432,1.7400000095367432,1.6200000047683716,1.6299999952316284,39200,0.0,0.0
2022-09-19 00:00:00-04:00,1.659999966621399,1.7300000190734863,1.649999976158142,1.649999976158142,9600,0.0,0.0
2022-09-20 00:00:00-04:00,1.6690000295639038,1.7400000095367432,1.649999976158142,1.7100000381469727,14500,0.0,0.0
2022-09-21 00:00:00-04:00,1.649999976158142,1.7899999618530273,1.600000023841858,1.7400000095367432,7600,0.0,0.0
2022-09-22 00:00:00-04:00,1.649999976158142,1.8300000429153442,1.559999942779541,1.6449999809265137,28800,0.0,0.0
2022-09-23 00:00:00-04:00,1.559999942779541,1.7300000190734863,1.559999942779541,1.6299999952316284,18700,0.0,0.0
2022-09-26 00:00:00-04:00,1.559999942779541,1.6799999475479126,1.4900000095367432,1.590000033378601,32400,0.0,0.0
2022-09-27 00:00:00-04:00,1.5299999713897705,1.5399999618530273,1.4700000286102295,1.5199999809265137,29700,0.0,0.0
2022-09-28 00:00:00-04:00,1.4950000047683716,1.600000023841858,1.4800000190734863,1.5199999809265137,18100,0.0,0.0
2022-09-29 00:00:00-04:00,1.6399999856948853,1.6399999856948853,1.4199999570846558,1.4199999570846558,2800,0.0,0.0
2022-09-30 00:00:00-04:00,1.5700000524520874,1.5700000524520874,1.5,1.5099999904632568,3800,0.0,0.0
2022-10-03 00:00:00-04:00,1.4500000476837158,1.5199999809265137,1.4500000476837158,1.5199999809265137,7400,0.0,0.0
2022-10-04 00:00:00-04:00,1.4199999570846558,1.590000033378601,1.4199999570846558,1.5299999713897705,17300,0.0,0.0
2022-10-05 00:00:00-04:00,1.5199999809265137,1.5499999523162842,1.5099999904632568,1.5199999809265137,6800,0.0,0.0
2022-10-06 00:00:00-04:00,1.5779999494552612,1.6009999513626099,1.5199999809265137,1.5800000429153442,19800,0.0,0.0
2022-10-07 00:00:00-04:00,1.600000023841858,1.600000023841858,1.4199999570846558,1.4199999570846558,14800,0.0,0.0
2022-10-10 00:00:00-04:00,1.4199999570846558,1.559999942779541,1.4199999570846558,1.4299999475479126,25300,0.0,0.0
2022-10-11 00:00:00-04:00,1.4900000095367432,1.4900000095367432,1.309999942779541,1.309999942779541,54600,0.0,0.0
2022-10-12 00:00:00-04:00,1.3389999866485596,1.350000023841858,1.3389999866485596,1.350000023841858,11300,0.0,0.0
2022-10-13 00:00:00-04:00,1.3899999856948853,1.399999976158142,1.340000033378601,1.3700000047683716,33300,0.0,0.0
2022-10-14 00:00:00-04:00,1.3300000429153442,1.4199999570846558,1.3300000429153442,1.3899999856948853,15200,0.0,0.0
2022-10-17 00:00:00-04:00,1.531999945640564,1.531999945640564,1.440000057220459,1.5099999904632568,3000,0.0,0.0
2022-10-18 00:00:00-04:00,1.475000023841858,1.4900000095367432,1.475000023841858,1.4900000095367432,900,0.0,0.0
2022-10-19 00:00:00-04:00,1.5190000534057617,1.5199999809265137,1.4299999475479126,1.4299999475479126,21400,0.0,0.0
2022-10-20 00:00:00-04:00,1.4600000381469727,1.5399999618530273,1.399999976158142,1.4079999923706055,10800,0.0,0.0
2022-10-21 00:00:00-04:00,1.350000023841858,1.4900000095367432,1.350000023841858,1.4900000095367432,3700,0.0,0.0
2022-10-24 00:00:00-04:00,1.524999976158142,1.524999976158142,1.3200000524520874,1.3830000162124634,23100,0.0,0.0
2022-10-25 00:00:00-04:00,1.3899999856948853,1.440000057220459,1.350000023841858,1.3799999952316284,27500,0.0,0.0
2022-10-26 00:00:00-04:00,1.4500000476837158,1.5399999618530273,1.3860000371932983,1.4299999475479126,6100,0.0,0.0
2022-10-27 00:00:00-04:00,1.5180000066757202,1.5390000343322754,1.440000057220459,1.440000057220459,3700,0.0,0.0
2022-10-28 00:00:00-04:00,1.399999976158142,1.4800000190734863,1.3969999551773071,1.409999966621399,9700,0.0,0.0
2022-10-31 00:00:00-04:00,1.4800000190734863,1.4800000190734863,1.350000023841858,1.350000023841858,5900,0.0,0.0
2022-11-01 00:00:00-04:00,1.350000023841858,1.4600000381469727,1.3200000524520874,1.3200000524520874,14000,0.0,0.0
2022-11-02 00:00:00-04:00,1.440000057220459,1.475000023841858,1.3700000047683716,1.409999966621399,5000,0.0,0.0
2022-11-03 00:00:00-04:00,1.4500000476837158,1.4500000476837158,1.2799999713897705,1.3949999809265137,19800,0.0,0.0
2022-11-04 00:00:00-04:00,1.399999976158142,1.409999966621399,1.3799999952316284,1.399999976158142,7800,0.0,0.0
2022-11-07 00:00:00-05:00,1.399999976158142,1.399999976158142,1.340000033378601,1.3990000486373901,20000,0.0,0.0
2022-11-08 00:00:00-05:00,1.3899999856948853,1.399999976158142,1.3200000524520874,1.3799999952316284,4900,0.0,0.0
2022-11-09 00:00:00-05:00,1.399999976158142,1.399999976158142,1.350000023841858,1.350000023841858,9000,0.0,0.0
2022-11-10 00:00:00-05:00,1.3200000524520874,1.3899999856948853,1.3200000524520874,1.3300000429153442,18000,0.0,0.0
2022-11-11 00:00:00-05:00,1.3899999856948853,1.3899999856948853,1.2869999408721924,1.3320000171661377,1700,0.0,0.0
2022-11-14 00:00:00-05:00,1.350000023841858,1.3600000143051147,1.2699999809265137,1.309000015258789,6000,0.0,0.0
2022-11-15 00:00:00-05:00,1.3700000047683716,1.3700000047683716,1.2699999809265137,1.309999942779541,3700,0.0,0.0
2022-11-16 00:00:00-05:00,1.3049999475479126,1.309999942779541,1.2599999904632568,1.2999999523162842,3200,0.0,0.0
2022-11-17 00:00:00-05:00,1.274999976158142,1.2999999523162842,1.2699999809265137,1.2699999809265137,2200,0.0,0.0
2022-11-18 00:00:00-05:00,1.2949999570846558,1.315000057220459,1.2300000190734863,1.2300000190734863,12900,0.0,0.0
2022-11-21 00:00:00-05:00,1.2200000286102295,1.2200000286102295,1.1399999856948853,1.2100000381469727,34100,0.0,0.0
2022-11-22 00:00:00-05:00,1.3250000476837158,1.3250000476837158,1.2000000476837158,1.2100000381469727,13900,0.0,0.0
2022-11-23 00:00:00-05:00,1.2999999523162842,1.2999999523162842,1.2000000476837158,1.2599999904632568,700,0.0,0.0
2022-11-25 00:00:00-05:00,1.1699999570846558,1.2170000076293945,1.1699999570846558,1.2170000076293945,3200,0.0,0.0
2022-11-28 00:00:00-05:00,1.2200000286102295,1.2300000190734863,1.149999976158142,1.1699999570846558,17400,0.0,0.0
2022-11-29 00:00:00-05:00,1.1699999570846558,1.1699999570846558,1.1519999504089355,1.1690000295639038,5700,0.0,0.0
2022-11-30 00:00:00-05:00,1.190000057220459,1.2000000476837158,1.1699999570846558,1.1699999570846558,1500,0.0,0.0
2022-12-01 00:00:00-05:00,1.2200000286102295,1.2300000190734863,1.156999945640564,1.1699999570846558,14100,0.0,0.0
2022-12-02 00:00:00-05:00,1.2200000286102295,1.2400000095367432,1.1699999570846558,1.2000000476837158,6700,0.0,0.0
2022-12-05 00:00:00-05:00,1.190000057220459,1.3200000524520874,1.1799999475479126,1.2050000429153442,19200,0.0,0.0
2022-12-06 00:00:00-05:00,1.2100000381469727,1.2100000381469727,1.190000057220459,1.2000000476837158,3700,0.0,0.0
2022-12-07 00:00:00-05:00,1.399999976158142,1.9600000381469727,1.2599999904632568,1.5399999618530273,1396300,0.0,0.0
2022-12-08 00:00:00-05:00,1.4900000095367432,1.5750000476837158,1.2000000476837158,1.3600000143051147,255500,0.0,0.0
2022-12-09 00:00:00-05:00,1.2899999618530273,1.409999966621399,1.2000000476837158,1.2999999523162842,64800,0.0,0.0
2022-12-12 00:00:00-05:00,1.340000033378601,1.4500000476837158,1.2599999904632568,1.4240000247955322,77400,0.0,0.0
2022-12-13 00:00:00-05:00,1.559999942779541,1.7300000190734863,1.399999976158142,1.659999966621399,81900,0.0,0.0
2022-12-14 00:00:00-05:00,1.75,1.75,1.4700000286102295,1.559999942779541,35800,0.0,0.0
2022-12-15 00:00:00-05:00,1.6299999952316284,1.6299999952316284,1.5499999523162842,1.5700000524520874,11800,0.0,0.0
2022-12-16 00:00:00-05:00,1.5509999990463257,1.659999966621399,1.4600000381469727,1.600000023841858,12800,0.0,0.0
2022-12-19 00:00:00-05:00,1.5290000438690186,1.6100000143051147,1.5199999809265137,1.5800000429153442,16900,0.0,0.0
2022-12-20 00:00:00-05:00,1.4500000476837158,1.5520000457763672,1.3700000047683716,1.4299999475479126,22900,0.0,0.0
2022-12-21 00:00:00-05:00,1.4800000190734863,1.4900000095367432,1.4500000476837158,1.4500000476837158,7200,0.0,0.0
2022-12-22 00:00:00-05:00,1.4600000381469727,1.5750000476837158,1.409999966621399,1.4199999570846558,23800,0.0,0.0
2022-12-23 00:00:00-05:00,1.5,1.5199999809265137,1.3600000143051147,1.3600000143051147,7700,0.0,0.0
2022-12-27 00:00:00-05:00,1.3229999542236328,1.3799999952316284,1.1799999475479126,1.1799999475479126,19000,0.0,0.0
2022-12-28 00:00:00-05:00,1.25,1.2799999713897705,1.2000000476837158,1.2269999980926514,12400,0.0,0.0
2022-12-29 00:00:00-05:00,1.1649999618530273,1.2860000133514404,1.090000033378601,1.2860000133514404,36800,0.0,0.0
2022-12-30 00:00:00-05:00,1.2300000190734863,1.340000033378601,1.159999966621399,1.25,9100,0.0,0.0
2023-01-03 00:00:00-05:00,1.2799999713897705,1.5190000534057617,1.2799999713897705,1.350000023841858,64800,0.0,0.0
2023-01-04 00:00:00-05:00,1.309999942779541,1.4600000381469727,1.2300000190734863,1.2899999618530273,14600,0.0,0.0
2023-01-05 00:00:00-05:00,1.2200000286102295,1.5140000581741333,1.2200000286102295,1.340000033378601,19900,0.0,0.0
2023-01-06 00:00:00-05:00,1.340000033378601,1.350000023841858,1.2899999618530273,1.350000023841858,7200,0.0,0.0
2023-01-09 00:00:00-05:00,1.3600000143051147,1.4800000190734863,1.3250000476837158,1.3350000381469727,8400,0.0,0.0
2023-01-10 00:00:00-05:00,1.2699999809265137,1.3200000524520874,1.1799999475479126,1.309999942779541,11300,0.0,0.0
2023-01-11 00:00:00-05:00,1.4299999475479126,1.4299999475479126,1.3140000104904175,1.3329999446868896,8800,0.0,0.0
2023-01-12 00:00:00-05:00,1.340000033378601,1.399999976158142,1.2999999523162842,1.3799999952316284,7200,0.0,0.0
2023-01-13 00:00:00-05:00,1.350000023841858,1.4199999570846558,1.3450000286102295,1.3899999856948853,12100,0.0,0.0
2023-01-17 00:00:00-05:00,1.4199999570846558,1.4500000476837158,1.3949999809265137,1.399999976158142,4800,0.0,0.0
2023-01-18 00:00:00-05:00,1.4700000286102295,1.4700000286102295,1.3300000429153442,1.340000033378601,12600,0.0,0.0
2023-01-19 00:00:00-05:00,1.3990000486373901,1.3990000486373901,1.3200000524520874,1.340000033378601,5000,0.0,0.0
2023-01-20 00:00:00-05:00,1.4299999475479126,1.5199999809265137,1.4299999475479126,1.440000057220459,9100,0.0,0.0
2023-01-23 00:00:00-05:00,1.5499999523162842,1.5499999523162842,1.409999966621399,1.4299999475479126,4900,0.0,0.0
2023-01-24 00:00:00-05:00,1.4730000495910645,1.4730000495910645,1.3799999952316284,1.3899999856948853,8600,0.0,0.0
2023-01-25 00:00:00-05:00,1.340000033378601,1.3799999952316284,1.340000033378601,1.3600000143051147,2800,0.0,0.0
2023-01-26 00:00:00-05:00,1.4600000381469727,1.4600000381469727,1.350000023841858,1.3700000047683716,11400,0.0,0.0
2023-01-27 00:00:00-05:00,1.4830000400543213,1.4830000400543213,1.3600000143051147,1.3600000143051147,3300,0.0,0.0
2023-01-30 00:00:00-05:00,1.6299999952316284,1.6299999952316284,1.3899999856948853,1.3899999856948853,5900,0.0,0.0
2023-01-31 00:00:00-05:00,1.409999966621399,1.4500000476837158,1.409999966621399,1.409999966621399,4300,0.0,0.0
2023-02-01 00:00:00-05:00,1.4800000190734863,1.4800000190734863,1.409999966621399,1.409999966621399,3400,0.0,0.0
2023-02-02 00:00:00-05:00,1.409999966621399,1.4800000190734863,1.409999966621399,1.4700000286102295,2700,0.0,0.0
2023-02-03 00:00:00-05:00,1.4500000476837158,1.4500000476837158,1.4199999570846558,1.4199999570846558,19600,0.0,0.0
2023-02-06 00:00:00-05:00,1.4299999475479126,1.4299999475479126,1.3300000429153442,1.3910000324249268,7900,0.0,0.0
2023-02-07 00:00:00-05:00,1.409999966621399,1.409999966621399,1.3700000047683716,1.371000051498413,3300,0.0,0.0
2023-02-08 00:00:00-05:00,1.3799999952316284,1.4600000381469727,1.3760000467300415,1.4450000524520874,5500,0.0,0.0
2023-02-09 00:00:00-05:00,1.440000057220459,1.4800000190734863,1.4299999475479126,1.4299999475479126,5500,0.0,0.0
2023-02-10 00:00:00-05:00,1.5,1.5499999523162842,1.409999966621399,1.5499999523162842,2300,0.0,0.0
2023-02-13 00:00:00-05:00,1.5499999523162842,1.5800000429153442,1.4800000190734863,1.5399999618530273,10300,0.0,0.0
2023-02-14 00:00:00-05:00,1.5499999523162842,1.5499999523162842,1.4199999570846558,1.440000057220459,10300,0.0,0.0
2023-02-15 00:00:00-05:00,1.440000057220459,1.49399995803833,1.409999966621399,1.4900000095367432,3700,0.0,0.0
2023-02-16 00:00:00-05:00,1.4700000286102295,1.6399999856948853,1.4700000286102295,1.5609999895095825,22900,0.0,0.0
2023-02-17 00:00:00-05:00,1.600000023841858,1.659999966621399,1.5099999904632568,1.5499999523162842,19700,0.0,0.0
2023-02-21 00:00:00-05:00,1.5499999523162842,1.6699999570846558,1.399999976158142,1.4900000095367432,24800,0.0,0.0
2023-02-22 00:00:00-05:00,1.3899999856948853,1.5499999523162842,1.3899999856948853,1.5199999809265137,14900,0.0,0.0
2023-02-23 00:00:00-05:00,1.399999976158142,1.4700000286102295,1.3899999856948853,1.4609999656677246,4900,0.0,0.0
2023-02-24 00:00:00-05:00,1.399999976158142,1.5,1.399999976158142,1.5,4400,0.0,0.0
2023-02-27 00:00:00-05:00,1.4299999475479126,1.444000005722046,1.4290000200271606,1.4299999475479126,6800,0.0,0.0
2023-02-28 00:00:00-05:00,1.399999976158142,1.4249999523162842,1.399999976158142,1.4249999523162842,5000,0.0,0.0
2023-03-01 00:00:00-05:00,1.4600000381469727,1.4700000286102295,1.399999976158142,1.399999976158142,2400,0.0,0.0
2023-03-02 00:00:00-05:00,1.4800000190734863,1.5670000314712524,1.4199999570846558,1.5,32700,0.0,0.0
2023-03-03 00:00:00-05:00,1.5,1.5,1.399999976158142,1.4500000476837158,7100,0.0,0.0
2023-03-06 00:00:00-05:00,1.4500000476837158,1.4900000095367432,1.4249999523162842,1.4900000095367432,16000,0.0,0.0
2023-03-07 00:00:00-05:00,1.440000057220459,1.4900000095367432,1.4199999570846558,1.4850000143051147,7300,0.0,0.0
2023-03-08 00:00:00-05:00,1.4199999570846558,1.4730000495910645,1.4199999570846558,1.4709999561309814,1800,0.0,0.0
2023-03-09 00:00:00-05:00,1.437999963760376,1.5,1.437999963760376,1.4769999980926514,4800,0.0,0.0
2023-03-10 00:00:00-05:00,1.4500000476837158,1.4500000476837158,1.409999966621399,1.440000057220459,14800,0.0,0.0
2023-03-13 00:00:00-04:00,1.524999976158142,1.524999976158142,1.4119999408721924,1.440000057220459,10100,0.0,0.0
2023-03-14 00:00:00-04:00,1.5099999904632568,1.6200000047683716,1.4589999914169312,1.5399999618530273,32100,0.0,0.0
2023-03-15 00:00:00-04:00,1.5399999618530273,1.6100000143051147,1.5399999618530273,1.5399999618530273,15600,0.0,0.0
2023-03-16 00:00:00-04:00,1.6799999475479126,1.7599999904632568,1.5800000429153442,1.6699999570846558,73600,0.0,0.0
2023-03-17 00:00:00-04:00,1.6699999570846558,1.809999942779541,1.5700000524520874,1.7100000381469727,39500,0.0,0.0
2023-03-20 00:00:00-04:00,1.659999966621399,1.690000057220459,1.5709999799728394,1.6299999952316284,37300,0.0,0.0
2023-03-21 00:00:00-04:00,1.6299999952316284,1.6699999570846558,1.5499999523162842,1.559999942779541,19200,0.0,0.0
2023-03-22 00:00:00-04:00,1.5700000524520874,1.659999966621399,1.5700000524520874,1.659999966621399,7400,0.0,0.0
2023-03-23 00:00:00-04:00,1.6200000047683716,1.649999976158142,1.600000023841858,1.649999976158142,251800,0.0,0.0
2023-03-24 00:00:00-04:00,1.7799999713897705,1.7999999523162842,1.6399999856948853,1.7100000381469727,94900,0.0,0.0
2023-03-27 00:00:00-04:00,1.6699999570846558,1.690000057220459,1.6200000047683716,1.625,21000,0.0,0.0
2023-03-28 00:00:00-04:00,1.4800000190734863,1.4800000190734863,1.2599999904632568,1.3600000143051147,46000,0.0,0.0
2023-03-29 00:00:00-04:00,1.399999976158142,1.409999966621399,1.2799999713897705,1.2899999618530273,22600,0.0,0.0
2023-03-30 00:00:00-04:00,1.2899999618530273,1.409999966621399,1.2899999618530273,1.3600000143051147,10500,0.0,0.0
2023-03-31 00:00:00-04:00,1.340000033378601,1.340000033378601,1.25,1.2799999713897705,17900,0.0,0.0
2023-04-03 00:00:00-04:00,1.3899999856948853,1.4500000476837158,1.309999942779541,1.4500000476837158,10100,0.0,0.0
2023-04-04 00:00:00-04:00,1.4149999618530273,1.4149999618530273,1.3200000524520874,1.399999976158142,14000,0.0,0.0
2023-04-05 00:00:00-04:00,1.3930000066757202,1.3930000066757202,1.3930000066757202,1.3930000066757202,800,0.0,0.0
2023-04-06 00:00:00-04:00,1.399999976158142,1.4199999570846558,1.3799999952316284,1.3799999952316284,4800,0.0,0.0
2023-04-10 00:00:00-04:00,1.340000033378601,1.399999976158142,1.340000033378601,1.399999976158142,6900,0.0,0.0
2023-04-11 00:00:00-04:00,1.399999976158142,1.409999966621399,1.2999999523162842,1.3849999904632568,12300,0.0,0.0
2023-04-12 00:00:00-04:00,1.440000057220459,1.5399999618530273,1.409999966621399,1.409999966621399,20100,0.0,0.0
2023-04-13 00:00:00-04:00,1.5,1.5399999618530273,1.4500000476837158,1.5,6800,0.0,0.0
2023-04-14 00:00:00-04:00,1.5,1.5399999618530273,1.4950000047683716,1.5399999618530273,9700,0.0,0.0
2023-04-17 00:00:00-04:00,1.5399999618530273,1.5399999618530273,1.4800000190734863,1.5049999952316284,5300,0.0,0.0
2023-04-18 00:00:00-04:00,1.4700000286102295,1.5,1.3200000524520874,1.4199999570846558,15100,0.0,0.0
2023-04-19 00:00:00-04:00,1.5099999904632568,1.5099999904632568,1.5,1.5049999952316284,14100,0.0,0.0
2023-04-20 00:00:00-04:00,1.5099999904632568,1.659999966621399,1.5099999904632568,1.590000033378601,31400,0.0,0.0
2023-04-21 00:00:00-04:00,1.6339999437332153,1.6339999437332153,1.559999942779541,1.5720000267028809,5800,0.0,0.0
2023-04-24 00:00:00-04:00,1.4900000095367432,1.6699999570846558,1.4900000095367432,1.5399999618530273,1700,0.0,0.0
2023-04-25 00:00:00-04:00,1.5399999618530273,1.5499999523162842,1.5399999618530273,1.5499999523162842,1600,0.0,0.0
2023-04-26 00:00:00-04:00,1.5499999523162842,1.5499999523162842,1.5499999523162842,1.5499999523162842,700,0.0,0.0
2023-04-27 00:00:00-04:00,1.5230000019073486,1.600000023841858,1.4910000562667847,1.600000023841858,2100,0.0,0.0
2023-04-28 00:00:00-04:00,1.5800000429153442,1.590000033378601,1.559999942779541,1.559999942779541,1900,0.0,0.0
2023-05-01 00:00:00-04:00,1.5,1.559999942779541,1.4900000095367432,1.4900000095367432,13300,0.0,0.0
2023-05-02 00:00:00-04:00,1.4700000286102295,1.600000023841858,1.399999976158142,1.600000023841858,8600,0.0,0.0
2023-05-03 00:00:00-04:00,1.5,1.565000057220459,1.409999966621399,1.5,6600,0.0,0.0
2023-05-04 00:00:00-04:00,1.5800000429153442,1.600000023841858,1.5299999713897705,1.600000023841858,3900,0.0,0.0
2023-05-05 00:00:00-04:00,1.600000023841858,1.6100000143051147,1.590000033378601,1.600000023841858,2300,0.0,0.0
2023-05-08 00:00:00-04:00,1.5399999618530273,1.5399999618530273,1.4800000190734863,1.4800000190734863,6200,0.0,0.0
2023-05-09 00:00:00-04:00,1.5499999523162842,1.590000033378601,1.4900000095367432,1.4900000095367432,8100,0.0,0.0
2023-05-10 00:00:00-04:00,1.4900000095367432,1.6100000143051147,1.4900000095367432,1.6100000143051147,25400,0.0,0.0
2023-05-11 00:00:00-04:00,1.5199999809265137,1.5199999809265137,1.4500000476837158,1.4600000381469727,17100,0.0,0.0
2023-05-12 00:00:00-04:00,1.5099999904632568,1.559999942779541,1.5010000467300415,1.559999942779541,5000,0.0,0.0
2023-05-15 00:00:00-04:00,1.5180000066757202,1.5700000524520874,1.5,1.559000015258789,2500,0.0,0.0
2023-05-16 00:00:00-04:00,1.600000023841858,1.600000023841858,1.559999942779541,1.559999942779541,4300,0.0,0.0
2023-05-17 00:00:00-04:00,1.5399999618530273,1.6799999475479126,1.5399999618530273,1.6749999523162842,12100,0.0,0.0
2023-05-18 00:00:00-04:00,1.6640000343322754,1.7000000476837158,1.6299999952316284,1.690000057220459,24000,0.0,0.0
2023-05-19 00:00:00-04:00,1.75,2.0,1.7200000286102295,1.8990000486373901,153600,0.0,0.0
2023-05-22 00:00:00-04:00,2.0299999713897705,2.140000104904175,1.9040000438690186,1.9900000095367432,117300,0.0,0.0
2023-05-23 00:00:00-04:00,1.9600000381469727,2.059999942779541,1.8799999952316284,2.059999942779541,59000,0.0,0.0
2023-05-24 00:00:00-04:00,2.0799999237060547,2.0799999237060547,1.9500000476837158,2.0399999618530273,41400,0.0,0.0
2023-05-25 00:00:00-04:00,2.059999942779541,2.2200000286102295,1.940000057220459,2.2100000381469727,152800,0.0,0.0
2023-05-26 00:00:00-04:00,2.2899999618530273,2.7699999809265137,2.180000066757202,2.2899999618530273,735600,0.0,0.0
2023-05-30 00:00:00-04:00,2.640000104904175,2.640000104904175,2.299999952316284,2.3499999046325684,184000,0.0,0.0
2023-05-31 00:00:00-04:00,2.4000000953674316,2.430000066757202,2.200000047683716,2.3499999046325684,56200,0.0,0.0
2023-06-01 00:00:00-04:00,2.3499999046325684,2.430000066757202,2.2200000286102295,2.4000000953674316,46500,0.0,0.0
2023-06-02 00:00:00-04:00,2.384000062942505,2.4700000286102295,2.299999952316284,2.4100000858306885,49900,0.0,0.0
2023-06-05 00:00:00-04:00,2.450000047683716,2.4700000286102295,2.309999942779541,2.4200000762939453,55800,0.0,0.0
2023-06-06 00:00:00-04:00,2.490000009536743,2.740000009536743,2.4000000953674316,2.700000047683716,209800,0.0,0.0
2023-06-07 00:00:00-04:00,2.740000009536743,2.740000009536743,2.4100000858306885,2.4700000286102295,127100,0.0,0.0
2023-06-08 00:00:00-04:00,2.430000066757202,2.4549999237060547,2.200000047683716,2.259999990463257,129500,0.0,0.0
2023-06-09 00:00:00-04:00,2.359999895095825,3.049999952316284,2.3299999237060547,2.5399999618530273,695500,0.0,0.0
2023-06-12 00:00:00-04:00,2.75,2.8499999046325684,2.559999942779541,2.7100000381469727,296400,0.0,0.0
2023-06-13 00:00:00-04:00,2.7699999809265137,2.7890000343322754,2.450000047683716,2.609999895095825,130400,0.0,0.0
2023-06-14 00:00:00-04:00,2.5899999141693115,2.7139999866485596,2.374000072479248,2.450000047683716,140700,0.0,0.0
2023-06-15 00:00:00-04:00,2.4000000953674316,2.4600000381469727,2.309999942779541,2.450000047683716,70800,0.0,0.0
2023-06-16 00:00:00-04:00,2.380000114440918,2.684000015258789,2.2960000038146973,2.5999999046325684,102700,0.0,0.0
2023-06-20 00:00:00-04:00,2.680000066757202,2.680000066757202,2.4200000762939453,2.5299999713897705,116800,0.0,0.0
2023-06-21 00:00:00-04:00,2.440000057220459,2.940000057220459,2.440000057220459,2.9149999618530273,175500,0.0,0.0
2023-06-22 00:00:00-04:00,3.0299999713897705,3.0299999713897705,2.6500000953674316,2.7899999618530273,96000,0.0,0.0
2023-06-23 00:00:00-04:00,2.690000057220459,2.828000068664551,2.6500000953674316,2.6600000858306885,26700,0.0,0.0
2023-06-26 00:00:00-04:00,2.7100000381469727,2.8499999046325684,2.680000066757202,2.8299999237060547,22800,0.0,0.0
2023-06-27 00:00:00-04:00,2.880000114440918,2.880000114440918,2.5999999046325684,2.680000066757202,33700,0.0,0.0
2023-06-28 00:00:00-04:00,2.5999999046325684,2.6700000762939453,2.5,2.559999942779541,40500,0.0,0.0
2023-06-29 00:00:00-04:00,2.4100000858306885,2.5799999237060547,2.3399999141693115,2.5,106500,0.0,0.0
2023-06-30 00:00:00-04:00,2.559999942779541,2.559999942779541,2.4000000953674316,2.502000093460083,109900,0.0,0.0
2023-07-03 00:00:00-04:00,2.5299999713897705,2.559999942779541,2.4700000286102295,2.5139999389648438,14800,0.0,0.0
2023-07-05 00:00:00-04:00,2.4800000190734863,2.549999952316284,2.3499999046325684,2.430000066757202,62100,0.0,0.0
2023-07-06 00:00:00-04:00,2.390000104904175,2.390000104904175,2.2309999465942383,2.2899999618530273,23700,0.0,0.0
2023-07-07 00:00:00-04:00,2.3350000381469727,2.369999885559082,2.140000104904175,2.2300000190734863,49900,0.0,0.0
2023-07-10 00:00:00-04:00,2.1600000858306885,2.2799999713897705,2.1559998989105225,2.240000009536743,14900,0.0,0.0
2023-07-11 00:00:00-04:00,2.1600000858306885,2.302999973297119,2.140000104904175,2.180000066757202,22800,0.0,0.0
2023-07-12 00:00:00-04:00,2.180000066757202,2.259999990463257,2.1410000324249268,2.240000009536743,23100,0.0,0.0
2023-07-13 00:00:00-04:00,2.1500000953674316,2.490000009536743,2.130000114440918,2.25,47600,0.0,0.0
2023-07-14 00:00:00-04:00,2.319999933242798,2.444999933242798,2.2300000190734863,2.25,25700,0.0,0.0
2023-07-17 00:00:00-04:00,2.240000009536743,2.4000000953674316,2.200000047683716,2.25,19700,0.0,0.0
2023-07-18 00:00:00-04:00,2.259999990463257,2.369999885559082,2.200000047683716,2.2200000286102295,12000,0.0,0.0
2023-07-19 00:00:00-04:00,2.3299999237060547,2.4000000953674316,2.200000047683716,2.2699999809265137,23500,0.0,0.0
2023-07-20 00:00:00-04:00,2.2799999713897705,2.3399999141693115,2.2200000286102295,2.25,14200,0.0,0.0
2023-07-21 00:00:00-04:00,2.299999952316284,2.299999952316284,2.119999885559082,2.119999885559082,22000,0.0,0.0
2023-07-24 00:00:00-04:00,2.190000057220459,2.2899999618530273,2.059999942779541,2.190000057220459,75600,0.0,0.0
2023-07-25 00:00:00-04:00,2.1549999713897705,2.240000009536743,2.0799999237060547,2.140000104904175,11400,0.0,0.0
2023-07-26 00:00:00-04:00,2.2699999809265137,2.3499999046325684,2.1600000858306885,2.2799999713897705,12500,0.0,0.0
2023-07-27 00:00:00-04:00,2.2209999561309814,2.2300000190734863,2.0799999237060547,2.119999885559082,40400,0.0,0.0
2023-07-28 00:00:00-04:00,2.2139999866485596,2.3299999237060547,2.059999942779541,2.059999942779541,56500,0.0,0.0
2023-07-31 00:00:00-04:00,2.180000066757202,2.390000104904175,2.0999999046325684,2.3499999046325684,122000,0.0,0.0
2023-08-01 00:00:00-04:00,2.3399999141693115,2.4100000858306885,2.3399999141693115,2.359999895095825,11600,0.0,0.0
2023-08-02 00:00:00-04:00,2.4000000953674316,2.4000000953674316,2.180000066757202,2.2100000381469727,24200,0.0,0.0
2023-08-03 00:00:00-04:00,2.1600000858306885,2.430000066757202,2.1600000858306885,2.390000104904175,24600,0.0,0.0
2023-08-04 00:00:00-04:00,2.3499999046325684,2.390000104904175,2.0999999046325684,2.0999999046325684,50800,0.0,0.0
2023-08-07 00:00:00-04:00,2.119999885559082,2.2200000286102295,2.0299999713897705,2.0999999046325684,52500,0.0,0.0
2023-08-08 00:00:00-04:00,2.0959999561309814,2.131999969482422,2.0959999561309814,2.130000114440918,23400,0.0,0.0
2023-08-09 00:00:00-04:00,2.119999885559082,2.119999885559082,2.0199999809265137,2.049999952316284,22700,0.0,0.0
2023-08-10 00:00:00-04:00,2.124000072479248,2.124000072479248,1.8200000524520874,1.8200000524520874,21800,0.0,0.0
2023-08-11 00:00:00-04:00,1.8200000524520874,1.9500000476837158,1.8200000524520874,1.8799999952316284,12400,0.0,0.0
2023-08-14 00:00:00-04:00,1.850000023841858,1.9199999570846558,1.8300000429153442,1.8600000143051147,25500,0.0,0.0
2023-08-15 00:00:00-04:00,1.8600000143051147,1.9900000095367432,1.75,1.75,128800,0.0,0.0
2023-08-16 00:00:00-04:00,1.75,2.186000108718872,1.75,2.015000104904175,85700,0.0,0.0
2023-08-17 00:00:00-04:00,2.0799999237060547,2.3399999141693115,2.009999990463257,2.049999952316284,121400,0.0,0.0
2023-08-18 00:00:00-04:00,2.069999933242798,2.1740000247955322,1.8600000143051147,2.0199999809265137,36300,0.0,0.0
2023-08-21 00:00:00-04:00,2.0199999809265137,2.0399999618530273,1.840000033378601,1.9800000190734863,39700,0.0,0.0
2023-08-22 00:00:00-04:00,1.9199999570846558,2.059999942779541,1.909999966621399,2.049999952316284,18600,0.0,0.0
2023-08-23 00:00:00-04:00,2.0799999237060547,2.0799999237060547,1.968000054359436,2.0199999809265137,18900,0.0,0.0
2023-08-24 00:00:00-04:00,2.049999952316284,2.140000104904175,1.9709999561309814,2.140000104904175,24900,0.0,0.0
2023-08-25 00:00:00-04:00,2.180000066757202,2.180000066757202,2.0799999237060547,2.119999885559082,10400,0.0,0.0
2023-08-28 00:00:00-04:00,2.1449999809265137,2.25,2.0399999618530273,2.2300000190734863,22200,0.0,0.0
2023-08-29 00:00:00-04:00,2.130000114440918,2.309999942779541,2.130000114440918,2.259999990463257,32700,0.0,0.0
2023-08-30 00:00:00-04:00,2.240000009536743,2.5,2.2200000286102295,2.450000047683716,69500,0.0,0.0
2023-08-31 00:00:00-04:00,2.5,2.509999990463257,2.3529999256134033,2.4700000286102295,29100,0.0,0.0
2023-09-01 00:00:00-04:00,2.440000057220459,2.549999952316284,2.4100000858306885,2.5199999809265137,45300,0.0,0.0
2023-09-05 00:00:00-04:00,2.5,2.5199999809265137,2.3589999675750732,2.5,11600,0.0,0.0
2023-09-06 00:00:00-04:00,2.5,2.5,2.3310000896453857,2.5,29600,0.0,0.0
2023-09-07 00:00:00-04:00,2.4800000190734863,2.4800000190734863,2.319999933242798,2.319999933242798,9100,0.0,0.0
2023-09-08 00:00:00-04:00,2.3380000591278076,2.3380000591278076,2.190000057220459,2.312999963760376,11900,0.0,0.0
2023-09-11 00:00:00-04:00,2.299999952316284,2.385999917984009,2.25,2.259999990463257,7300,0.0,0.0
2023-09-12 00:00:00-04:00,2.3499999046325684,2.450000047683716,2.1600000858306885,2.319999933242798,18000,0.0,0.0
2023-09-13 00:00:00-04:00,2.2200000286102295,2.309999942779541,2.2100000381469727,2.259999990463257,17000,0.0,0.0
2023-09-14 00:00:00-04:00,2.359999895095825,2.359999895095825,2.1600000858306885,2.305000066757202,7700,0.0,0.0
2023-09-15 00:00:00-04:00,2.25,2.390000104904175,2.0999999046325684,2.0999999046325684,19900,0.0,0.0
2023-09-18 00:00:00-04:00,2.0999999046325684,2.2669999599456787,2.0999999046325684,2.200000047683716,15900,0.0,0.0
2023-09-19 00:00:00-04:00,2.130000114440918,2.1500000953674316,2.049999952316284,2.049999952316284,35500,0.0,0.0
2023-09-20 00:00:00-04:00,2.190000057220459,2.200000047683716,2.0999999046325684,2.0999999046325684,9600,0.0,0.0
2023-09-21 00:00:00-04:00,2.0199999809265137,2.190000057220459,2.0199999809265137,2.069999933242798,2800,0.0,0.0
2023-09-22 00:00:00-04:00,2.0220000743865967,2.059999942779541,1.840000033378601,1.9500000476837158,20500,0.0,0.0
2023-09-25 00:00:00-04:00,1.8799999952316284,2.01200008392334,1.8300000429153442,1.940000057220459,18600,0.0,0.0
2023-09-26 00:00:00-04:00,1.9900000095367432,1.9900000095367432,1.899999976158142,1.899999976158142,26000,0.0,0.0
2023-09-27 00:00:00-04:00,1.8700000047683716,2.200000047683716,1.8700000047683716,1.9500000476837158,20600,0.0,0.0
2023-09-28 00:00:00-04:00,2.0450000762939453,2.0450000762939453,1.9500000476837158,1.9500000476837158,4200,0.0,0.0
2023-09-29 00:00:00-04:00,1.9299999475479126,2.119999885559082,1.909999966621399,2.119999885559082,11100,0.0,0.0
2023-10-02 00:00:00-04:00,2.130000114440918,2.2200000286102295,1.940000057220459,2.0999999046325684,4700,0.0,0.0
2023-10-03 00:00:00-04:00,1.9600000381469727,2.0789999961853027,1.9600000381469727,2.0299999713897705,18100,0.0,0.0
2023-10-04 00:00:00-04:00,2.127000093460083,2.130000114440918,1.9600000381469727,2.0899999141693115,19600,0.0,0.0
2023-10-05 00:00:00-04:00,2.0399999618530273,2.1500000953674316,1.899999976158142,1.9700000286102295,18900,0.0,0.0
2023-10-06 00:00:00-04:00,2.059999942779541,2.0739998817443848,2.0,2.049999952316284,9000,0.0,0.0
2023-10-09 00:00:00-04:00,2.0899999141693115,2.0899999141693115,2.0199999809265137,2.0799999237060547,5900,0.0,0.0
2023-10-10 00:00:00-04:00,2.009999990463257,2.1659998893737793,1.9199999570846558,1.9199999570846558,12200,0.0,0.0
2023-10-11 00:00:00-04:00,1.940999984741211,2.0299999713897705,1.6549999713897705,1.7300000190734863,80900,0.0,0.0
2023-10-12 00:00:00-04:00,1.809999942779541,1.9539999961853027,1.7239999771118164,1.7300000190734863,34400,0.0,0.0
2023-10-13 00:00:00-04:00,1.968000054359436,1.9700000286102295,1.7799999713897705,1.7799999713897705,11900,0.0,0.0
2023-10-16 00:00:00-04:00,1.9259999990463257,1.9259999990463257,1.7899999618530273,1.7899999618530273,8500,0.0,0.0
2023-10-17 00:00:00-04:00,1.8200000524520874,2.1500000953674316,1.8200000524520874,1.9500000476837158,38600,0.0,0.0
2023-10-18 00:00:00-04:00,1.9900000095367432,2.049999952316284,1.6299999952316284,1.774999976158142,99500,0.0,0.0
2023-10-19 00:00:00-04:00,1.850000023841858,1.850000023841858,1.649999976158142,1.7910000085830688,62300,0.0,0.0
2023-10-20 00:00:00-04:00,1.6699999570846558,1.850000023841858,1.6299999952316284,1.6699999570846558,30800,0.0,0.0
2023-10-23 00:00:00-04:00,1.7400000095367432,1.75,1.4600000381469727,1.5,61800,0.0,0.0
2023-10-24 00:00:00-04:00,1.5,1.6749999523162842,1.5,1.6699999570846558,13300,0.0,0.0
2023-10-25 00:00:00-04:00,1.6299999952316284,1.6729999780654907,1.5800000429153442,1.6100000143051147,9800,0.0,0.0
2023-10-26 00:00:00-04:00,1.625,1.6299999952316284,1.5299999713897705,1.5299999713897705,34700,0.0,0.0
2023-10-27 00:00:00-04:00,1.5499999523162842,1.656000018119812,1.5099999904632568,1.600000023841858,11200,0.0,0.0
2023-10-30 00:00:00-04:00,1.6799999475479126,1.8899999856948853,1.600000023841858,1.600000023841858,47300,0.0,0.0
2023-10-31 00:00:00-04:00,1.7050000429153442,1.9299999475479126,1.6699999570846558,1.7799999713897705,41100,0.0,0.0
2023-11-01 00:00:00-04:00,1.7899999618530273,1.9500000476837158,1.7899999618530273,1.8600000143051147,10900,0.0,0.0
2023-11-02 00:00:00-04:00,2.0,2.0,1.899999976158142,1.9299999475479126,9300,0.0,0.0
2023-11-03 00:00:00-04:00,1.9470000267028809,1.9470000267028809,1.899999976158142,1.909999966621399,6200,0.0,0.0
2023-11-06 00:00:00-05:00,2.0,2.0,1.8799999952316284,1.8799999952316284,7600,0.0,0.0
2023-11-07 00:00:00-05:00,1.7999999523162842,1.9500000476837158,1.7999999523162842,1.8300000429153442,2100,0.0,0.0
2023-11-08 00:00:00-05:00,1.8700000047683716,1.9299999475479126,1.7999999523162842,1.7999999523162842,2000,0.0,0.0
2023-11-09 00:00:00-05:00,1.8200000524520874,1.8200000524520874,1.649999976158142,1.7300000190734863,17800,0.0,0.0
2023-11-10 00:00:00-05:00,1.718999981880188,1.899999976158142,1.7100000381469727,1.7200000286102295,2900,0.0,0.0
2023-11-13 00:00:00-05:00,1.7400000095367432,1.8899999856948853,1.7300000190734863,1.7599999904632568,21000,0.0,0.0
2023-11-14 00:00:00-05:00,1.8899999856948853,1.909999966621399,1.7000000476837158,1.7899999618530273,49500,0.0,0.0
2023-11-15 00:00:00-05:00,1.75,1.8880000114440918,1.75,1.7899999618530273,19600,0.0,0.0
2023-11-16 00:00:00-05:00,1.7999999523162842,1.8899999856948853,1.75,1.7660000324249268,23900,0.0,0.0
2023-11-17 00:00:00-05:00,1.8799999952316284,1.8799999952316284,1.7599999904632568,1.7799999713897705,6200,0.0,0.0
2023-11-20 00:00:00-05:00,1.8899999856948853,1.8899999856948853,1.781000018119812,1.840000033378601,20600,0.0,0.0
2023-11-21 00:00:00-05:00,1.840000033378601,1.850000023841858,1.7799999713897705,1.815000057220459,3600,0.0,0.0
2023-11-22 00:00:00-05:00,1.7860000133514404,1.8420000076293945,1.7799999713897705,1.840000033378601,7800,0.0,0.0
2023-11-24 00:00:00-05:00,1.7599999904632568,1.840000033378601,1.7599999904632568,1.840000033378601,4500,0.0,0.0
2023-11-27 00:00:00-05:00,1.784000039100647,1.8650000095367432,1.7799999713897705,1.8650000095367432,16900,0.0,0.0
2023-11-28 00:00:00-05:00,1.850000023841858,1.850000023841858,1.7300000190734863,1.7599999904632568,10200,0.0,0.0
2023-11-29 00:00:00-05:00,1.8799999952316284,1.8799999952316284,1.7109999656677246,1.7999999523162842,6100,0.0,0.0
2023-11-30 00:00:00-05:00,1.7999999523162842,1.899999976158142,1.7999999523162842,1.8899999856948853,7000,0.0,0.0
2023-12-01 00:00:00-05:00,1.899999976158142,2.130000114440918,1.899999976158142,2.0899999141693115,90900,0.0,0.0
2023-12-04 00:00:00-05:00,2.1600000858306885,2.1600000858306885,2.069999933242798,2.132999897003174,30400,0.0,0.0
2023-12-05 00:00:00-05:00,2.1700000762939453,2.1700000762939453,2.0850000381469727,2.0899999141693115,41700,0.0,0.0
2023-12-06 00:00:00-05:00,2.0999999046325684,2.0999999046325684,2.009999990463257,2.015000104904175,14400,0.0,0.0
2023-12-07 00:00:00-05:00,2.0399999618530273,2.1559998989105225,2.0299999713897705,2.0299999713897705,5000,0.0,0.0
2023-12-08 00:00:00-05:00,2.125999927520752,2.1700000762939453,2.049999952316284,2.1600000858306885,9900,0.0,0.0
2023-12-11 00:00:00-05:00,2.0299999713897705,2.3299999237060547,2.0299999713897705,2.3299999237060547,43400,0.0,0.0
2023-12-12 00:00:00-05:00,2.380000114440918,2.4000000953674316,2.1710000038146973,2.3499999046325684,18600,0.0,0.0
2023-12-13 00:00:00-05:00,2.3380000591278076,2.3499999046325684,2.128999948501587,2.200000047683716,15100,0.0,0.0
2023-12-14 00:00:00-05:00,2.190000057220459,2.2850000858306885,2.180000066757202,2.255000114440918,14800,0.0,0.0
2023-12-15 00:00:00-05:00,2.25,2.299999952316284,2.200000047683716,2.200000047683716,8800,0.0,0.0
2023-12-18 00:00:00-05:00,2.180000066757202,2.299999952316284,2.066999912261963,2.299999952316284,5400,0.0,0.0
2023-12-19 00:00:00-05:00,2.240000009536743,2.240000009536743,2.0799999237060547,2.1689999103546143,11000,0.0,0.0
2023-12-20 00:00:00-05:00,2.138000011444092,2.190000057220459,2.0999999046325684,2.0999999046325684,9800,0.0,0.0
2023-12-21 00:00:00-05:00,2.140000104904175,2.1489999294281006,2.059999942779541,2.130000114440918,5400,0.0,0.0
2023-12-22 00:00:00-05:00,2.2200000286102295,2.25,2.180000066757202,2.25,11000,0.0,0.0
2023-12-26 00:00:00-05:00,2.2249999046325684,2.2249999046325684,2.119999885559082,2.194999933242798,5900,0.0,0.0
2023-12-27 00:00:00-05:00,2.200000047683716,2.240000009536743,2.0999999046325684,2.2100000381469727,15200,0.0,0.0
2023-12-28 00:00:00-05:00,2.1700000762939453,2.2799999713897705,2.1700000762939453,2.2100000381469727,20400,0.0,0.0
2023-12-29 00:00:00-05:00,2.2899999618530273,2.299999952316284,2.119999885559082,2.130000114440918,19200,0.0,0.0
2024-01-02 00:00:00-05:00,2.3499999046325684,2.3499999046325684,2.200000047683716,2.25,11300,0.0,0.0
2024-01-03 00:00:00-05:00,2.3399999141693115,2.3399999141693115,2.190000057220459,2.190000057220459,2600,0.0,0.0
2024-01-04 00:00:00-05:00,2.2669999599456787,2.3420000076293945,2.2669999599456787,2.309999942779541,10000,0.0,0.0
2024-01-05 00:00:00-05:00,2.259999990463257,2.3499999046325684,2.259999990463257,2.3299999237060547,7100,0.0,0.0
2024-01-08 00:00:00-05:00,2.3399999141693115,2.4600000381469727,2.319999933242798,2.4600000381469727,29300,0.0,0.0
2024-01-09 00:00:00-05:00,2.4660000801086426,2.740000009536743,2.450000047683716,2.5799999237060547,102100,0.0,0.0
2024-01-10 00:00:00-05:00,2.5450000762939453,2.640000104904175,2.509999990463257,2.5199999809265137,9400,0.0,0.0
2024-01-11 00:00:00-05:00,2.5,2.5399999618530273,2.4100000858306885,2.4700000286102295,11400,0.0,0.0
2024-01-12 00:00:00-05:00,2.4000000953674316,2.5999999046325684,2.4000000953674316,2.549999952316284,19200,0.0,0.0
2024-01-16 00:00:00-05:00,2.619999885559082,2.619999885559082,2.434000015258789,2.4600000381469727,19800,0.0,0.0
2024-01-17 00:00:00-05:00,2.4749999046325684,2.5,2.361999988555908,2.4000000953674316,14100,0.0,0.0
2024-01-18 00:00:00-05:00,2.3499999046325684,2.4019999504089355,2.2699999809265137,2.3489999771118164,7100,0.0,0.0
2024-01-19 00:00:00-05:00,2.299999952316284,2.3919999599456787,2.299999952316284,2.3919999599456787,2800,0.0,0.0
2024-01-22 00:00:00-05:00,2.3010001182556152,2.380000114440918,2.25,2.2799999713897705,25100,0.0,0.0
2024-01-23 00:00:00-05:00,2.2799999713897705,2.3540000915527344,2.2699999809265137,2.299999952316284,1500,0.0,0.0
2024-01-24 00:00:00-05:00,2.309999942779541,2.3510000705718994,2.259999990463257,2.2929999828338623,5800,0.0,0.0
2024-01-25 00:00:00-05:00,2.2899999618530273,2.2899999618530273,2.25,2.259999990463257,6300,0.0,0.0
2024-01-26 00:00:00-05:00,2.259999990463257,2.2899999618530273,2.200000047683716,2.2100000381469727,11400,0.0,0.0
2024-01-29 00:00:00-05:00,2.119999885559082,2.369999885559082,2.119999885559082,2.3499999046325684,11900,0.0,0.0
2024-01-30 00:00:00-05:00,2.259999990463257,2.4000000953674316,2.259999990463257,2.309999942779541,9900,0.0,0.0
2024-01-31 00:00:00-05:00,2.299999952316284,2.3499999046325684,2.190000057220459,2.190000057220459,14300,0.0,0.0
2024-02-01 00:00:00-05:00,2.259999990463257,2.309999942779541,2.180000066757202,2.309999942779541,11900,0.0,0.0
2024-02-02 00:00:00-05:00,2.240000009536743,2.315000057220459,2.2200000286102295,2.265000104904175,2800,0.0,0.0
2024-02-05 00:00:00-05:00,2.2799999713897705,2.3369998931884766,2.1500000953674316,2.244999885559082,8600,0.0,0.0
2024-02-06 00:00:00-05:00,2.2100000381469727,2.2260000705718994,2.180000066757202,2.2200000286102295,2800,0.0,0.0
2024-02-07 00:00:00-05:00,2.359999895095825,2.369999885559082,2.190000057220459,2.299999952316284,8500,0.0,0.0
2024-02-08 00:00:00-05:00,2.4010000228881836,2.4010000228881836,2.1500000953674316,2.2200000286102295,10800,0.0,0.0
2024-02-09 00:00:00-05:00,2.180000066757202,2.3299999237060547,2.1700000762939453,2.2899999618530273,14500,0.0,0.0
2024-02-12 00:00:00-05:00,2.3299999237060547,2.380000114440918,2.2200000286102295,2.259999990463257,7600,0.0,0.0
2024-02-13 00:00:00-05:00,2.2899999618530273,2.359999895095825,2.0999999046325684,2.180000066757202,43300,0.0,0.0
2024-02-14 00:00:00-05:00,2.1649999618530273,2.1649999618530273,2.0999999046325684,2.109999895095825,8100,0.0,0.0
2024-02-15 00:00:00-05:00,2.1449999809265137,2.1500000953674316,2.049999952316284,2.0799999237060547,21400,0.0,0.0
2024-02-16 00:00:00-05:00,2.0299999713897705,2.1500000953674316,2.0299999713897705,2.140000104904175,13600,0.0,0.0
2024-02-20 00:00:00-05:00,2.009999990463257,2.1410000324249268,2.009999990463257,2.009999990463257,7700,0.0,0.0
2024-02-21 00:00:00-05:00,2.0220000743865967,2.049999952316284,1.9800000190734863,1.9900000095367432,10600,0.0,0.0
2024-02-22 00:00:00-05:00,2.130000114440918,2.390000104904175,2.130000114440918,2.325000047683716,34000,0.0,0.0
2024-02-23 00:00:00-05:00,2.430000066757202,2.430000066757202,2.25,2.3499999046325684,17100,0.0,0.0
2024-02-26 00:00:00-05:00,2.2699999809265137,2.299999952316284,2.2200000286102295,2.2899999618530273,7200,0.0,0.0
2024-02-27 00:00:00-05:00,2.319999933242798,2.4000000953674316,2.2100000381469727,2.309999942779541,14100,0.0,0.0
2024-02-28 00:00:00-05:00,2.2200000286102295,2.4800000190734863,2.2200000286102295,2.390000104904175,17500,0.0,0.0
2024-02-29 00:00:00-05:00,2.4000000953674316,2.450000047683716,2.309999942779541,2.4200000762939453,19300,0.0,0.0
2024-03-01 00:00:00-05:00,2.4019999504089355,2.4800000190734863,2.3399999141693115,2.4149999618530273,18300,0.0,0.0
2024-03-04 00:00:00-05:00,2.559999942779541,2.799999952316284,2.359999895095825,2.7899999618530273,86500,0.0,0.0
2024-03-05 00:00:00-05:00,2.859999895095825,2.930000066757202,2.7799999713897705,2.809999942779541,63100,0.0,0.0
2024-03-06 00:00:00-05:00,2.8399999141693115,3.140000104904175,2.8399999141693115,2.9600000381469727,93300,0.0,0.0
2024-03-07 00:00:00-05:00,3.009999990463257,3.0999999046325684,2.700000047683716,2.9649999141693115,39400,0.0,0.0
2024-03-08 00:00:00-05:00,3.0399999618530273,3.0399999618530273,2.799999952316284,2.805000066757202,36600,0.0,0.0
2024-03-11 00:00:00-04:00,2.9600000381469727,2.9600000381469727,2.700000047683716,2.75,27000,0.0,0.0
2024-03-12 00:00:00-04:00,2.700000047683716,2.9700000286102295,2.6500000953674316,2.859999895095825,44300,0.0,0.0
2024-03-13 00:00:00-04:00,2.878000020980835,3.0,2.7799999713897705,2.819999933242798,69100,0.0,0.0
2024-03-14 00:00:00-04:00,2.7799999713897705,2.8299999237060547,2.549999952316284,2.5899999141693115,33800,0.0,0.0
2024-03-15 00:00:00-04:00,2.640000104904175,2.674999952316284,2.3299999237060547,2.5899999141693115,23500,0.0,0.0
2024-03-18 00:00:00-04:00,2.515000104904175,2.8380000591278076,2.4700000286102295,2.7799999713897705,79900,0.0,0.0
2024-03-19 00:00:00-04:00,2.609999895095825,2.8299999237060547,2.609999895095825,2.609999895095825,21900,0.0,0.0
2024-03-20 00:00:00-04:00,2.799999952316284,2.799999952316284,2.6500000953674316,2.6700000762939453,4400,0.0,0.0
2024-03-21 00:00:00-04:00,2.700000047683716,2.819999933242798,2.6500000953674316,2.6500000953674316,11400,0.0,0.0
2024-03-22 00:00:00-04:00,2.740000009536743,2.8299999237060547,2.6010000705718994,2.6500000953674316,5900,0.0,0.0
2024-03-25 00:00:00-04:00,2.8299999237060547,2.8499999046325684,2.6500000953674316,2.7300000190734863,14900,0.0,0.0
2024-03-26 00:00:00-04:00,2.7200000286102295,2.759999990463257,2.628999948501587,2.7330000400543213,23400,0.0,0.0
2024-03-27 00:00:00-04:00,2.6600000858306885,2.8299999237060547,2.6600000858306885,2.6700000762939453,24500,0.0,0.0
2024-03-28 00:00:00-04:00,2.6500000953674316,2.7899999618530273,2.6500000953674316,2.7300000190734863,4800,0.0,0.0
2024-04-01 00:00:00-04:00,2.7799999713897705,2.7799999713897705,2.0,2.240000009536743,116400,0.0,0.0
2024-04-02 00:00:00-04:00,2.2100000381469727,2.5799999237060547,2.109999895095825,2.380000114440918,55100,0.0,0.0
2024-04-03 00:00:00-04:00,2.24399995803833,2.490000009536743,2.2200000286102295,2.319999933242798,16500,0.0,0.0
2024-04-04 00:00:00-04:00,2.319999933242798,2.3299999237060547,2.25,2.2799999713897705,4200,0.0,0.0
2024-04-05 00:00:00-04:00,2.2260000705718994,2.2669999599456787,2.0799999237060547,2.1500000953674316,31200,0.0,0.0
2024-04-08 00:00:00-04:00,2.059999942779541,2.2699999809265137,2.059999942779541,2.2149999141693115,8000,0.0,0.0
2024-04-09 00:00:00-04:00,2.119999885559082,2.359999895095825,2.119999885559082,2.200000047683716,15200,0.0,0.0
2024-04-10 00:00:00-04:00,2.1600000858306885,2.184999942779541,2.119999885559082,2.140000104904175,4900,0.0,0.0
2024-04-11 00:00:00-04:00,2.244999885559082,2.244999885559082,2.119999885559082,2.2100000381469727,18300,0.0,0.0
2024-04-12 00:00:00-04:00,2.1500000953674316,2.180000066757202,2.1500000953674316,2.180000066757202,7700,0.0,0.0
2024-04-15 00:00:00-04:00,2.191999912261963,2.191999912261963,2.180000066757202,2.180000066757202,1400,0.0,0.0
2024-04-16 00:00:00-04:00,2.2200000286102295,2.2200000286102295,1.9800000190734863,2.1600000858306885,32600,0.0,0.0
2024-04-17 00:00:00-04:00,2.2100000381469727,2.255000114440918,2.2100000381469727,2.255000114440918,1400,0.0,0.0
2024-04-18 00:00:00-04:00,2.2100000381469727,2.2100000381469727,2.2100000381469727,2.2100000381469727,1100,0.0,0.0
2024-04-19 00:00:00-04:00,2.140000104904175,2.2699999809265137,2.140000104904175,2.1700000762939453,1200,0.0,0.0
2024-04-22 00:00:00-04:00,2.180000066757202,2.180000066757202,2.1500000953674316,2.180000066757202,10200,0.0,0.0
2024-04-23 00:00:00-04:00,2.1700000762939453,2.3499999046325684,2.1700000762939453,2.200000047683716,1400,0.0,0.0
2024-04-24 00:00:00-04:00,2.299999952316284,2.359999895095825,2.2100000381469727,2.2100000381469727,5600,0.0,0.0
2024-04-25 00:00:00-04:00,2.2200000286102295,2.3399999141693115,2.2200000286102295,2.2850000858306885,6600,0.0,0.0
2024-04-26 00:00:00-04:00,2.259999990463257,2.2799999713897705,2.200000047683716,2.2100000381469727,7500,0.0,0.0
2024-04-29 00:00:00-04:00,2.1500000953674316,2.1600000858306885,2.0999999046325684,2.0999999046325684,5500,0.0,0.0
2024-04-30 00:00:00-04:00,2.2300000190734863,2.255000114440918,2.0999999046325684,2.119999885559082,7000,0.0,0.0
2024-05-01 00:00:00-04:00,2.200000047683716,2.200000047683716,2.200000047683716,2.200000047683716,1200,0.0,0.0
2024-05-02 00:00:00-04:00,2.125999927520752,2.259999990463257,2.115000009536743,2.2300000190734863,11100,0.0,0.0
2024-05-03 00:00:00-04:00,2.2100000381469727,2.243000030517578,2.1500000953674316,2.2200000286102295,2800,0.0,0.0
2024-05-06 00:00:00-04:00,2.130000114440918,2.2200000286102295,2.130000114440918,2.200000047683716,36700,0.0,0.0
2024-05-07 00:00:00-04:00,2.25,2.359999895095825,2.200000047683716,2.2100000381469727,9300,0.0,0.0
2024-05-08 00:00:00-04:00,2.200000047683716,2.2100000381469727,2.200000047683716,2.2100000381469727,4600,0.0,0.0
2024-05-09 00:00:00-04:00,2.2019999027252197,2.255000114440918,2.200000047683716,2.2300000190734863,7100,0.0,0.0
2024-05-10 00:00:00-04:00,2.319999933242798,2.319999933242798,2.197000026702881,2.197000026702881,8700,0.0,0.0
2024-05-13 00:00:00-04:00,2.2899999618530273,2.2899999618530273,2.200000047683716,2.244999885559082,12600,0.0,0.0
2024-05-14 00:00:00-04:00,2.3499999046325684,2.3499999046325684,2.200000047683716,2.200000047683716,18000,0.0,0.0
2024-05-15 00:00:00-04:00,2.2100000381469727,2.2899999618530273,2.2100000381469727,2.2290000915527344,20100,0.0,0.0
2024-05-16 00:00:00-04:00,2.3399999141693115,2.3399999141693115,2.200000047683716,2.2899999618530273,49900,0.0,0.0
2024-05-17 00:00:00-04:00,2.25,2.440000057220459,2.2100000381469727,2.365000009536743,34200,0.0,0.0
2024-05-20 00:00:00-04:00,2.259999990463257,2.450000047683716,2.259999990463257,2.309999942779541,11900,0.0,0.0
2024-05-21 00:00:00-04:00,2.259999990463257,2.259999990463257,2.259999990463257,2.259999990463257,1200,0.0,0.0
2024-05-22 00:00:00-04:00,2.3299999237060547,2.38700008392334,2.25,2.3299999237060547,30400,0.0,0.0
2024-05-23 00:00:00-04:00,2.390000104904175,2.490000009536743,2.263000011444092,2.299999952316284,27800,0.0,0.0
2024-05-24 00:00:00-04:00,2.25,2.3499999046325684,2.25,2.3499999046325684,3900,0.0,0.0
2024-05-28 00:00:00-04:00,2.359999895095825,2.4000000953674316,2.0999999046325684,2.0999999046325684,49500,0.0,0.0
2024-05-29 00:00:00-04:00,2.0999999046325684,2.2899999618530273,2.0899999141693115,2.109999895095825,18400,0.0,0.0
2024-05-30 00:00:00-04:00,2.0899999141693115,2.190000057220459,2.059999942779541,2.059999942779541,2300,0.0,0.0
2024-05-31 00:00:00-04:00,2.1500000953674316,2.1500000953674316,2.0799999237060547,2.0799999237060547,4400,0.0,0.0
2024-06-03 00:00:00-04:00,2.069000005722046,2.1700000762939453,2.049999952316284,2.140000104904175,8100,0.0,0.0
2024-06-04 00:00:00-04:00,2.0899999141693115,2.1050000190734863,2.069999933242798,2.0899999141693115,6900,0.0,0.0
2024-06-05 00:00:00-04:00,2.059999942779541,2.140000104904175,2.059999942779541,2.115000009536743,6400,0.0,0.0
2024-06-06 00:00:00-04:00,2.140000104904175,2.1500000953674316,2.0899999141693115,2.1500000953674316,4800,0.0,0.0
2024-06-07 00:00:00-04:00,2.190000057220459,2.2300000190734863,2.119999885559082,2.119999885559082,19400,0.0,0.0
2024-06-10 00:00:00-04:00,2.119999885559082,2.2639999389648438,2.119999885559082,2.1600000858306885,9200,0.0,0.0
2024-06-11 00:00:00-04:00,2.134999990463257,2.309999942779541,2.134999990463257,2.2300000190734863,7500,0.0,0.0
2024-06-12 00:00:00-04:00,2.309999942779541,2.3499999046325684,2.1600000858306885,2.299999952316284,7000,0.0,0.0
2024-06-13 00:00:00-04:00,2.319999933242798,2.319999933242798,2.25,2.25,5300,0.0,0.0
2024-06-14 00:00:00-04:00,2.1500000953674316,2.25,2.1500000953674316,2.25,1700,0.0,0.0
2024-06-17 00:00:00-04:00,2.1600000858306885,2.309999942779541,2.1500000953674316,2.2300000190734863,2200,0.0,0.0
2024-06-18 00:00:00-04:00,2.1519999504089355,2.2200000286102295,2.0999999046325684,2.200000047683716,11200,0.0,0.0
2024-06-20 00:00:00-04:00,2.119999885559082,2.1500000953674316,2.049999952316284,2.069999933242798,28500,0.0,0.0
2024-06-21 00:00:00-04:00,2.1700000762939453,2.240000009536743,1.840000033378601,2.1500000953674316,44800,0.0,0.0
2024-06-24 00:00:00-04:00,2.049999952316284,2.240000009536743,1.9800000190734863,2.069999933242798,5100,0.0,0.0
2024-06-25 00:00:00-04:00,2.069999933242798,2.0899999141693115,2.0399999618530273,2.0899999141693115,12400,0.0,0.0
2024-06-26 00:00:00-04:00,2.0799999237060547,2.2200000286102295,2.059999942779541,2.2200000286102295,8500,0.0,0.0
2024-06-27 00:00:00-04:00,2.25,2.25,2.0829999446868896,2.174999952316284,17400,0.0,0.0
2024-06-28 00:00:00-04:00,2.2300000190734863,2.2300000190734863,2.1600000858306885,2.1600000858306885,2300,0.0,0.0
2024-07-01 00:00:00-04:00,2.190000057220459,2.190000057220459,2.0399999618530273,2.140000104904175,15700,0.0,0.0
2024-07-02 00:00:00-04:00,2.140000104904175,2.240000009536743,2.049999952316284,2.049999952316284,5100,0.0,0.0
2024-07-03 00:00:00-04:00,2.1500000953674316,2.180000066757202,2.069999933242798,2.180000066757202,2400,0.0,0.0
2024-07-05 00:00:00-04:00,2.069999933242798,2.2100000381469727,2.0399999618530273,2.2100000381469727,3100,0.0,0.0
2024-07-08 00:00:00-04:00,2.2300000190734863,2.2300000190734863,1.9500000476837158,2.0399999618530273,58500,0.0,0.0
2024-07-09 00:00:00-04:00,2.1500000953674316,2.390000104904175,2.049999952316284,2.2300000190734863,58900,0.0,0.0
2024-07-10 00:00:00-04:00,2.200000047683716,2.2920000553131104,2.11899995803833,2.1600000858306885,24300,0.0,0.0
2024-07-11 00:00:00-04:00,2.2899999618530273,2.3310000896453857,2.1500000953674316,2.1500000953674316,10400,0.0,0.0
2024-07-12 00:00:00-04:00,2.1500000953674316,2.2699999809265137,2.0899999141693115,2.1600000858306885,32200,0.0,0.0
2024-07-15 00:00:00-04:00,2.119999885559082,2.240000009536743,2.059999942779541,2.140000104904175,6400,0.0,0.0
2024-07-16 00:00:00-04:00,2.059999942779541,2.1700000762939453,2.059999942779541,2.109999895095825,23000,0.0,0.0
2024-07-17 00:00:00-04:00,2.109999895095825,2.180000066757202,2.049999952316284,2.109999895095825,16900,0.0,0.0
2024-07-18 00:00:00-04:00,2.2799999713897705,2.2899999618530273,2.0999999046325684,2.0999999046325684,23500,0.0,0.0
2024-07-19 00:00:00-04:00,2.0799999237060547,2.1989998817443848,2.002000093460083,2.069999933242798,6300,0.0,0.0
2024-07-22 00:00:00-04:00,2.190000057220459,2.6500000953674316,2.184999942779541,2.450000047683716,226400,0.0,0.0
2024-07-23 00:00:00-04:00,2.559999942779541,2.8499999046325684,2.3910000324249268,2.7300000190734863,187100,0.0,0.0
2024-07-24 00:00:00-04:00,2.890000104904175,3.0999999046325684,2.5999999046325684,2.8299999237060547,234800,0.0,0.0
2024-07-25 00:00:00-04:00,2.7300000190734863,2.9000000953674316,2.549999952316284,2.6649999618530273,176100,0.0,0.0
2024-07-26 00:00:00-04:00,2.740000009536743,3.1500000953674316,2.7100000381469727,3.140000104904175,313600,0.0,0.0
2024-07-29 00:00:00-04:00,3.0799999237060547,3.240000009536743,2.9000000953674316,2.990000009536743,166700,0.0,0.0
2024-07-30 00:00:00-04:00,3.0399999618530273,3.2100000381469727,2.927999973297119,3.190000057220459,89000,0.0,0.0
2024-07-31 00:00:00-04:00,3.109999895095825,3.1700000762939453,3.0899999141693115,3.140000104904175,23300,0.0,0.0
2024-08-01 00:00:00-04:00,3.140000104904175,3.1500000953674316,2.799999952316284,2.950000047683716,59300,0.0,0.0
2024-08-02 00:00:00-04:00,2.9000000953674316,2.9000000953674316,2.5999999046325684,2.680000066757202,107800,0.0,0.0
2024-08-05 00:00:00-04:00,2.5,2.7100000381469727,2.259999990463257,2.569999933242798,111300,0.0,0.0
2024-08-06 00:00:00-04:00,2.615000009536743,2.809999942779541,2.509999990463257,2.6600000858306885,57500,0.0,0.0
2024-08-07 00:00:00-04:00,2.890000104904175,2.940000057220459,2.640000104904175,2.7899999618530273,112200,0.0,0.0
2024-08-08 00:00:00-04:00,2.809999942779541,2.809999942779541,2.549999952316284,2.7100000381469727,12000,0.0,0.0
2024-08-09 00:00:00-04:00,2.7300000190734863,2.859999895095825,2.5799999237060547,2.859999895095825,23900,0.0,0.0
2024-08-12 00:00:00-04:00,2.9600000381469727,2.9600000381469727,2.700000047683716,2.7899999618530273,64100,0.0,0.0
2024-08-13 00:00:00-04:00,2.9600000381469727,3.0,2.73799991607666,2.7799999713897705,38100,0.0,0.0
2024-08-14 00:00:00-04:00,3.0399999618530273,3.0399999618530273,2.7799999713897705,2.8499999046325684,55100,0.0,0.0
2024-08-15 00:00:00-04:00,2.7869999408721924,2.809999942779541,2.5,2.690000057220459,108600,0.0,0.0
2024-08-16 00:00:00-04:00,2.736999988555908,2.7899999618530273,2.609999895095825,2.609999895095825,22700,0.0,0.0
2024-08-19 00:00:00-04:00,2.7699999809265137,2.7699999809265137,2.509999990463257,2.5299999713897705,39600,0.0,0.0
2024-08-20 00:00:00-04:00,2.5829999446868896,2.6679999828338623,2.5299999713897705,2.630000114440918,42500,0.0,0.0
2024-08-21 00:00:00-04:00,2.609999895095825,2.7899999618530273,2.5999999046325684,2.640000104904175,59700,0.0,0.0
2024-08-22 00:00:00-04:00,2.681999921798706,2.7799999713897705,2.5899999141693115,2.7699999809265137,30500,0.0,0.0
2024-08-23 00:00:00-04:00,2.75,2.75,2.569999933242798,2.5999999046325684,24000,0.0,0.0
2024-08-26 00:00:00-04:00,2.6600000858306885,2.809999942779541,2.619999885559082,2.799999952316284,44200,0.0,0.0
2024-08-27 00:00:00-04:00,2.799999952316284,2.813999891281128,2.7009999752044678,2.7100000381469727,15500,0.0,0.0
2024-08-28 00:00:00-04:00,2.799999952316284,2.8499999046325684,2.686000108718872,2.8499999046325684,39800,0.0,0.0
2024-08-29 00:00:00-04:00,2.8499999046325684,2.950000047683716,2.799999952316284,2.799999952316284,36700,0.0,0.0
2024-08-30 00:00:00-04:00,2.950000047683716,2.950000047683716,2.869999885559082,2.890000104904175,18300,0.0,0.0
2024-09-03 00:00:00-04:00,2.809999942779541,2.930000066757202,2.75,2.809999942779541,9900,0.0,0.0
2024-09-04 00:00:00-04:00,2.940999984741211,2.940999984741211,2.809999942779541,2.859999895095825,13200,0.0,0.0
2024-09-05 00:00:00-04:00,2.7799999713897705,2.869999885559082,2.7799999713897705,2.8399999141693115,15900,0.0,0.0
2024-09-06 00:00:00-04:00,2.8399999141693115,2.8399999141693115,2.609999895095825,2.680000066757202,27600,0.0,0.0
2024-09-09 00:00:00-04:00,2.630000114440918,2.7699999809265137,2.630000114440918,2.759999990463257,17200,0.0,0.0
2024-09-10 00:00:00-04:00,2.700000047683716,2.75,2.6500000953674316,2.7100000381469727,13500,0.0,0.0
2024-09-11 00:00:00-04:00,2.6700000762939453,2.759999990463257,2.6500000953674316,2.759999990463257,5700,0.0,0.0
2024-09-12 00:00:00-04:00,2.7699999809265137,2.7699999809265137,2.6600000858306885,2.7300000190734863,4900,0.0,0.0
2024-09-13 00:00:00-04:00,2.6600000858306885,2.75,2.6600000858306885,2.7200000286102295,14100,0.0,0.0
2024-09-16 00:00:00-04:00,2.7799999713897705,2.7799999713897705,2.680000066757202,2.700000047683716,10300,0.0,0.0
2024-09-17 00:00:00-04:00,2.700000047683716,2.7730000019073486,2.619999885559082,2.6500000953674316,16100,0.0,0.0
2024-09-18 00:00:00-04:00,2.684999942779541,2.740000009536743,2.509999990463257,2.5399999618530273,45200,0.0,0.0
2024-09-19 00:00:00-04:00,2.6600000858306885,2.7100000381469727,2.509999990463257,2.5199999809265137,26300,0.0,0.0
2024-09-20 00:00:00-04:00,2.5,2.740000009536743,2.5,2.740000009536743,53800,0.0,0.0
2024-09-23 00:00:00-04:00,2.740000009536743,2.740000009536743,2.569999933242798,2.569999933242798,11300,0.0,0.0
2024-09-24 00:00:00-04:00,2.680000066757202,2.75,2.621999979019165,2.630000114440918,40700,0.0,0.0
2024-09-25 00:00:00-04:00,2.5899999141693115,2.73799991607666,2.549999952316284,2.549999952316284,34000,0.0,0.0
2024-09-26 00:00:00-04:00,2.680000066757202,2.680000066757202,2.509999990463257,2.619999885559082,44400,0.0,0.0
2024-09-27 00:00:00-04:00,2.609999895095825,2.6600000858306885,2.5399999618530273,2.5899999141693115,18700,0.0,0.0
2024-09-30 00:00:00-04:00,2.5299999713897705,2.630000114440918,2.5299999713897705,2.5799999237060547,4000,0.0,0.0
2024-10-01 00:00:00-04:00,2.609999895095825,2.609999895095825,2.4000000953674316,2.4600000381469727,94800,0.0,0.0
2024-10-02 00:00:00-04:00,2.4700000286102295,2.4700000286102295,2.4100000858306885,2.4100000858306885,8300,0.0,0.0
2024-10-03 00:00:00-04:00,2.4000000953674316,2.509999990463257,2.4000000953674316,2.4800000190734863,8400,0.0,0.0
2024-10-04 00:00:00-04:00,2.5,2.690000057220459,2.4200000762939453,2.509999990463257,37400,0.0,0.0
2024-10-07 00:00:00-04:00,2.509999990463257,2.509999990463257,2.4200000762939453,2.5,10200,0.0,0.0
2024-10-08 00:00:00-04:00,2.559999942779541,2.634999990463257,2.440000057220459,2.440000057220459,11800,0.0,0.0
2024-10-09 00:00:00-04:00,2.4800000190734863,2.549999952316284,2.4000000953674316,2.4000000953674316,10500,0.0,0.0
2024-10-10 00:00:00-04:00,2.740000009536743,2.9200000762939453,2.7300000190734863,2.8499999046325684,247500,0.0,0.0
2024-10-11 00:00:00-04:00,2.8499999046325684,2.950000047683716,2.809999942779541,2.9000000953674316,54600,0.0,0.0
2024-10-14 00:00:00-04:00,2.9700000286102295,3.240000009536743,2.9489998817443848,3.0399999618530273,134800,0.0,0.0
2024-10-15 00:00:00-04:00,3.049999952316284,3.1600000858306885,2.5999999046325684,2.859999895095825,83100,0.0,0.0
2024-10-16 00:00:00-04:00,3.0,3.0950000286102295,2.8299999237060547,2.940000057220459,31000,0.0,0.0
2024-10-17 00:00:00-04:00,2.9200000762939453,3.0,2.9100000858306885,2.9600000381469727,15100,0.0,0.0
2024-10-18 00:00:00-04:00,2.990000009536743,3.0,2.8399999141693115,2.950000047683716,15300,0.0,0.0
2024-10-21 00:00:00-04:00,3.0,3.0899999141693115,2.9200000762939453,3.0899999141693115,70300,0.0,0.0
2024-10-22 00:00:00-04:00,3.049999952316284,3.059999942779541,2.9700000286102295,3.002000093460083,53600,0.0,0.0
2024-10-23 00:00:00-04:00,3.009999990463257,3.0799999237060547,2.882999897003174,3.009999990463257,170100,0.0,0.0
2024-10-24 00:00:00-04:00,3.0450000762939453,3.0899999141693115,2.9200000762939453,2.9700000286102295,87500,0.0,0.0
2024-10-25 00:00:00-04:00,2.997999906539917,3.0299999713897705,2.890000104904175,2.990000009536743,46300,0.0,0.0
2024-10-28 00:00:00-04:00,2.9660000801086426,3.0199999809265137,2.8499999046325684,2.950000047683716,59400,0.0,0.0
2024-10-29 00:00:00-04:00,2.9600000381469727,2.9600000381469727,2.759999990463257,2.880000114440918,127000,0.0,0.0
2024-10-30 00:00:00-04:00,2.809999942779541,3.0,2.799999952316284,2.880000114440918,98700,0.0,0.0
2024-10-31 00:00:00-04:00,2.8949999809265137,2.9000000953674316,2.805000066757202,2.880000114440918,30400,0.0,0.0
2024-11-01 00:00:00-04:00,2.890000104904175,3.0,2.7679998874664307,2.7799999713897705,104600,0.0,0.0
2024-11-04 00:00:00-05:00,2.7799999713897705,2.9800000190734863,2.6700000762939453,2.944999933242798,75000,0.0,0.0
2024-11-05 00:00:00-05:00,2.9200000762939453,2.9839999675750732,2.7799999713897705,2.809999942779541,30200,0.0,0.0
2024-11-06 00:00:00-05:00,2.9100000858306885,2.9820001125335693,2.75,2.865000009536743,22500,0.0,0.0
2024-11-07 00:00:00-05:00,2.819000005722046,2.9700000286102295,2.759999990463257,2.9200000762939453,38300,0.0,0.0
2024-11-08 00:00:00-05:00,3.0,3.25,2.890000104904175,3.240000009536743,125300,0.0,0.0
2024-11-11 00:00:00-05:00,3.25,3.549999952316284,3.0799999237060547,3.5,361900,0.0,0.0
2024-11-12 00:00:00-05:00,3.109999895095825,3.3399999141693115,2.950000047683716,3.1500000953674316,282600,0.0,0.0
2024-11-13 00:00:00-05:00,3.200000047683716,3.3499999046325684,3.0299999713897705,3.2899999618530273,181600,0.0,0.0
2024-11-14 00:00:00-05:00,3.180000066757202,3.3399999141693115,2.950000047683716,3.180000066757202,174200,0.0,0.0
2024-11-15 00:00:00-05:00,3.1500000953674316,3.2799999713897705,3.049999952316284,3.059999942779541,34700,0.0,0.0
2024-11-18 00:00:00-05:00,3.059999942779541,3.25,3.059999942779541,3.0999999046325684,59000,0.0,0.0
2024-11-19 00:00:00-05:00,3.059999942779541,3.299999952316284,3.0,3.259999990463257,75300,0.0,0.0
2024-11-20 00:00:00-05:00,3.2699999809265137,3.4200000762939453,3.25,3.299999952316284,80500,0.0,0.0
2024-11-21 00:00:00-05:00,3.259999990463257,3.3959999084472656,3.140000104904175,3.2699999809265137,37600,0.0,0.0
2024-11-22 00:00:00-05:00,3.309999942779541,3.369999885559082,3.200000047683716,3.319999933242798,32800,0.0,0.0
2024-11-25 00:00:00-05:00,3.3380000591278076,3.4700000286102295,3.3299999237060547,3.369999885559082,46500,0.0,0.0
2024-11-26 00:00:00-05:00,3.430000066757202,3.489000082015991,3.2200000286102295,3.2300000190734863,45100,0.0,0.0
2024-11-27 00:00:00-05:00,3.2200000286102295,3.390000104904175,3.069999933242798,3.319999933242798,85500,0.0,0.0
2024-11-29 00:00:00-05:00,3.240000009536743,3.3499999046325684,3.180000066757202,3.180000066757202,21200,0.0,0.0
2024-12-02 00:00:00-05:00,3.2100000381469727,3.5299999713897705,3.2100000381469727,3.4100000858306885,134200,0.0,0.0
2024-12-03 00:00:00-05:00,3.359999895095825,3.8499999046325684,3.359999895095825,3.559999942779541,151600,0.0,0.0
2024-12-04 00:00:00-05:00,3.609999895095825,3.700000047683716,3.5799999237060547,3.5899999141693115,77300,0.0,0.0
2024-12-05 00:00:00-05:00,3.5399999618530273,3.5999999046325684,3.3399999141693115,3.380000114440918,58200,0.0,0.0
2024-12-06 00:00:00-05:00,3.3399999141693115,3.490000009536743,3.3399999141693115,3.490000009536743,47400,0.0,0.0
2024-12-09 00:00:00-05:00,3.450000047683716,3.609999895095825,3.450000047683716,3.609999895095825,74100,0.0,0.0
2024-12-10 00:00:00-05:00,3.559999942779541,3.5999999046325684,3.490000009536743,3.5199999809265137,42900,0.0,0.0
2024-12-11 00:00:00-05:00,3.5,4.199999809265137,3.450000047683716,3.990000009536743,500700,0.0,0.0
2024-12-12 00:00:00-05:00,4.21999979019165,4.734000205993652,4.210000038146973,4.485000133514404,557000,0.0,0.0
2024-12-13 00:00:00-05:00,4.5,4.815000057220459,4.309999942779541,4.710000038146973,427000,0.0,0.0
2024-12-16 00:00:00-05:00,4.730000019073486,5.099999904632568,4.730000019073486,4.929999828338623,376400,0.0,0.0
2024-12-17 00:00:00-05:00,4.949999809265137,4.965000152587891,4.110000133514404,4.699999809265137,262600,0.0,0.0
2024-12-18 00:00:00-05:00,4.75,4.880000114440918,4.230000019073486,4.230000019073486,209100,0.0,0.0
2024-12-19 00:00:00-05:00,4.489999771118164,4.764999866485596,4.360000133514404,4.619999885559082,95700,0.0,0.0
2024-12-20 00:00:00-05:00,4.659999847412109,4.840000152587891,4.53000020980835,4.730000019073486,117300,0.0,0.0
2024-12-23 00:00:00-05:00,4.800000190734863,4.800000190734863,4.53000020980835,4.659999847412109,83000,0.0,0.0
2024-12-24 00:00:00-05:00,4.75,4.760000228881836,4.579999923706055,4.739999771118164,22700,0.0,0.0
2024-12-26 00:00:00-05:00,4.71999979019165,4.949999809265137,4.699999809265137,4.789999961853027,104900,0.0,0.0
2024-12-27 00:00:00-05:00,4.789999961853027,4.921999931335449,4.400000095367432,4.699999809265137,97800,0.0,0.0
2024-12-30 00:00:00-05:00,4.699999809265137,4.738999843597412,4.389999866485596,4.559999942779541,74000,0.0,0.0
2024-12-31 00:00:00-05:00,4.53000020980835,4.734000205993652,4.300000190734863,4.460000038146973,54300,0.0,0.0
2025-01-02 00:00:00-05:00,4.360000133514404,4.525000095367432,3.5999999046325684,3.8289999961853027,695200,0.0,0.0
2025-01-03 00:00:00-05:00,3.809999942779541,3.9790000915527344,3.509999990463257,3.8299999237060547,260300,0.0,0.0
2025-01-06 00:00:00-05:00,3.8299999237060547,3.940000057220459,3.5199999809265137,3.6600000858306885,170600,0.0,0.0
2025-01-07 00:00:00-05:00,3.619999885559082,3.6559998989105225,3.309999942779541,3.509999990463257,114400,0.0,0.0
2025-01-08 00:00:00-05:00,3.4600000381469727,3.5999999046325684,3.4000000953674316,3.430000066757202,54200,0.0,0.0
2025-01-10 00:00:00-05:00,3.3299999237060547,3.5,3.2699999809265137,3.390000104904175,112600,0.0,0.0
2025-01-13 00:00:00-05:00,3.380000114440918,3.561000108718872,3.299999952316284,3.5299999713897705,57800,0.0,0.0
2025-01-14 00:00:00-05:00,3.5199999809265137,3.549999952316284,3.359999895095825,3.450000047683716,30300,0.0,0.0
2025-01-15 00:00:00-05:00,3.450000047683716,3.933000087738037,3.450000047683716,3.819999933242798,101900,0.0,0.0
2025-01-16 00:00:00-05:00,3.809999942779541,3.819999933242798,3.549999952316284,3.609999895095825,53296,0.0,0.0
