Date,Open,High,Low,Close,Volume,Dividends,Stock Splits
2022-01-03 00:00:00-05:00,60.529998779296875,63.06999969482422,60.150001525878906,61.20000076293945,376800,0.0,0.0
2022-01-04 00:00:00-05:00,60.619998931884766,61.7599983215332,60.5,61.599998474121094,377900,0.0,0.0
2022-01-05 00:00:00-05:00,61.22999954223633,62.40999984741211,60.15999984741211,60.36000061035156,480900,0.0,0.0
2022-01-06 00:00:00-05:00,59.939998626708984,63.060001373291016,59.43000030517578,60.72999954223633,766000,0.0,0.0
2022-01-07 00:00:00-05:00,60.5099983215332,62.0,59.599998474121094,60.029998779296875,490600,0.0,0.0
2022-01-10 00:00:00-05:00,59.900001525878906,61.38999938964844,58.97999954223633,61.22999954223633,336600,0.0,0.0
2022-01-11 00:00:00-05:00,61.540000915527344,62.880001068115234,61.22999954223633,62.04999923706055,368900,0.0,0.0
2022-01-12 00:00:00-05:00,62.52000045776367,62.869998931884766,61.02000045776367,61.02000045776367,282900,0.0,0.0
2022-01-13 00:00:00-05:00,61.0099983215332,61.91999816894531,60.220001220703125,61.33000183105469,273300,0.0,0.0
2022-01-14 00:00:00-05:00,61.060001373291016,64.2699966430664,61.060001373291016,64.08000183105469,627700,0.0,0.0
2022-01-18 00:00:00-05:00,63.54999923706055,66.63999938964844,63.47999954223633,63.880001068115234,795000,0.0,0.0
2022-01-19 00:00:00-05:00,64.41000366210938,66.11000061035156,63.95000076293945,64.26000213623047,596000,0.0,0.0
2022-01-20 00:00:00-05:00,63.75,65.70999908447266,63.36000061035156,64.0,625200,0.0,0.0
2022-01-21 00:00:00-05:00,63.72999954223633,66.11000061035156,63.310001373291016,63.43000030517578,540100,0.0,0.0
2022-01-24 00:00:00-05:00,62.18000030517578,64.0,60.349998474121094,63.290000915527344,767400,0.0,0.0
2022-01-25 00:00:00-05:00,62.7599983215332,63.060001373291016,60.77000045776367,61.84000015258789,464100,0.0,0.0
2022-01-26 00:00:00-05:00,62.65999984741211,63.45000076293945,60.65999984741211,61.560001373291016,555600,0.0,0.0
2022-01-27 00:00:00-05:00,61.849998474121094,63.349998474121094,60.650001525878906,61.439998626708984,456100,0.0,0.0
2022-01-28 00:00:00-05:00,61.619998931884766,61.970001220703125,59.47999954223633,61.5,426800,0.0,0.0
2022-01-31 00:00:00-05:00,61.400001525878906,64.25,61.349998474121094,62.77000045776367,647400,0.0,0.0
2022-02-01 00:00:00-05:00,63.220001220703125,63.400001525878906,61.630001068115234,62.38999938964844,567300,0.0,0.0
2022-02-02 00:00:00-05:00,62.349998474121094,63.290000915527344,61.689998626708984,63.06999969482422,463700,0.0,0.0
2022-02-03 00:00:00-05:00,62.400001525878906,64.0199966430664,61.5,63.0,546200,0.0,0.0
2022-02-04 00:00:00-05:00,63.0099983215332,65.38999938964844,61.81999969482422,64.36000061035156,592500,0.0,0.0
2022-02-07 00:00:00-05:00,64.2699966430664,64.87000274658203,62.84000015258789,63.310001373291016,397300,0.0,0.0
2022-02-08 00:00:00-05:00,63.25,64.79000091552734,62.65999984741211,63.70000076293945,283000,0.0,0.0
2022-02-09 00:00:00-05:00,63.70000076293945,64.91000366210938,63.15999984741211,63.81999969482422,526700,0.0,0.0
2022-02-10 00:00:00-05:00,63.369998931884766,65.41000366210938,63.369998931884766,64.33999633789062,589700,0.0,0.0
2022-02-11 00:00:00-05:00,64.30000305175781,64.80999755859375,63.25,63.689998626708984,377700,0.0,0.0
2022-02-14 00:00:00-05:00,64.19999694824219,64.87000274658203,63.529998779296875,64.31999969482422,479200,0.0,0.0
2022-02-15 00:00:00-05:00,64.5199966430664,65.41999816894531,63.95000076293945,64.73999786376953,436700,0.0,0.0
2022-02-16 00:00:00-05:00,64.41999816894531,64.8499984741211,63.4900016784668,64.16999816894531,395200,0.0,0.0
2022-02-17 00:00:00-05:00,63.65999984741211,64.16999816894531,62.7599983215332,64.05000305175781,379500,0.0,0.0
2022-02-18 00:00:00-05:00,63.849998474121094,64.47000122070312,63.47999954223633,63.939998626708984,374500,0.0,0.0
2022-02-22 00:00:00-05:00,64.08000183105469,64.62999725341797,62.599998474121094,62.709999084472656,286600,0.0,0.0
2022-02-23 00:00:00-05:00,62.70000076293945,63.09000015258789,62.0,62.58000183105469,410500,0.0,0.0
2022-02-24 00:00:00-05:00,60.7400016784668,64.36000061035156,60.41999816894531,64.0,583400,0.0,0.0
2022-02-25 00:00:00-05:00,64.80000305175781,67.94000244140625,63.08000183105469,67.12999725341797,866700,0.0,0.0
2022-02-28 00:00:00-05:00,67.06999969482422,67.66000366210938,66.26000213623047,66.69000244140625,828800,0.0,0.0
2022-03-01 00:00:00-05:00,66.88999938964844,69.2699966430664,65.56999969482422,67.66999816894531,1016500,0.0,0.0
2022-03-02 00:00:00-05:00,67.56999969482422,71.56999969482422,67.56999969482422,71.27999877929688,1112700,0.0,0.0
2022-03-03 00:00:00-05:00,71.33000183105469,72.23999786376953,70.30999755859375,71.62999725341797,865300,0.0,0.0
2022-03-04 00:00:00-05:00,70.69000244140625,72.36000061035156,70.69000244140625,72.33000183105469,483500,0.0,0.0
2022-03-07 00:00:00-05:00,72.25,72.98999786376953,70.47000122070312,71.19999694824219,578100,0.0,0.0
2022-03-08 00:00:00-05:00,70.5,71.73999786376953,69.13999938964844,69.87999725341797,405600,0.0,0.0
2022-03-09 00:00:00-05:00,70.87000274658203,72.12000274658203,70.30000305175781,71.5,394200,0.0,0.0
2022-03-10 00:00:00-05:00,71.37999725341797,72.12999725341797,70.58999633789062,71.37000274658203,313800,0.0,0.0
2022-03-11 00:00:00-05:00,71.87000274658203,72.1500015258789,70.69999694824219,71.0,361400,0.0,0.0
2022-03-14 00:00:00-04:00,71.11000061035156,72.22000122070312,69.83999633789062,70.52999877929688,451800,0.0,0.0
2022-03-15 00:00:00-04:00,71.0,71.27999877929688,69.26000213623047,70.58999633789062,535100,0.0,0.0
2022-03-16 00:00:00-04:00,71.38999938964844,71.4800033569336,70.0999984741211,71.37000274658203,370400,0.0,0.0
2022-03-17 00:00:00-04:00,71.44000244140625,74.51000213623047,71.1500015258789,73.37999725341797,632400,0.0,0.0
2022-03-18 00:00:00-04:00,73.5,74.81999969482422,72.51000213623047,72.91999816894531,519000,0.0,0.0
2022-03-21 00:00:00-04:00,72.66999816894531,74.19999694824219,72.25,72.63999938964844,409300,0.0,0.0
2022-03-22 00:00:00-04:00,72.81999969482422,75.7699966430664,72.79000091552734,75.37000274658203,641600,0.0,0.0
2022-03-23 00:00:00-04:00,75.37000274658203,75.7300033569336,73.88999938964844,74.45999908447266,357900,0.0,0.0
2022-03-24 00:00:00-04:00,74.55999755859375,75.7300033569336,72.83999633789062,75.61000061035156,411300,0.0,0.0
2022-03-25 00:00:00-04:00,75.97000122070312,77.16000366210938,75.20999908447266,76.48999786376953,428300,0.0,0.0
2022-03-28 00:00:00-04:00,76.26000213623047,76.48999786376953,74.41000366210938,75.87999725341797,519100,0.0,0.0
2022-03-29 00:00:00-04:00,76.43000030517578,77.41999816894531,75.20999908447266,76.18000030517578,746800,0.0,0.0
2022-03-30 00:00:00-04:00,76.26000213623047,77.16999816894531,75.33999633789062,75.66999816894531,488600,0.0,0.0
2022-03-31 00:00:00-04:00,75.7300033569336,76.56999969482422,75.66999816894531,76.31999969482422,621400,0.0,0.0
2022-04-01 00:00:00-04:00,76.2300033569336,77.91999816894531,75.76000213623047,77.88999938964844,329500,0.0,0.0
2022-04-04 00:00:00-04:00,77.51000213623047,78.58999633789062,76.91000366210938,77.3499984741211,292000,0.0,0.0
2022-04-05 00:00:00-04:00,77.30000305175781,78.33000183105469,76.05999755859375,76.61000061035156,429300,0.0,0.0
2022-04-06 00:00:00-04:00,76.58999633789062,80.26000213623047,75.55000305175781,78.98999786376953,730600,0.0,0.0
2022-04-07 00:00:00-04:00,79.11000061035156,81.73999786376953,79.0199966430664,81.08000183105469,973100,0.0,0.0
2022-04-08 00:00:00-04:00,80.98999786376953,82.16000366210938,80.51000213623047,81.63999938964844,719200,0.0,0.0
2022-04-11 00:00:00-04:00,80.80000305175781,80.80000305175781,71.43000030517578,73.23999786376953,1542800,0.0,0.0
2022-04-12 00:00:00-04:00,73.37000274658203,74.94999694824219,71.0999984741211,74.05999755859375,1116100,0.0,0.0
2022-04-13 00:00:00-04:00,74.2699966430664,76.18000030517578,73.44000244140625,75.87000274658203,586500,0.0,0.0
2022-04-14 00:00:00-04:00,76.05999755859375,76.30999755859375,74.33999633789062,74.68000030517578,388000,0.0,0.0
2022-04-18 00:00:00-04:00,74.69999694824219,74.69999694824219,72.06999969482422,73.0,542400,0.0,0.0
2022-04-19 00:00:00-04:00,73.08000183105469,74.2699966430664,72.01000213623047,73.94999694824219,635100,0.0,0.0
2022-04-20 00:00:00-04:00,74.2699966430664,75.63999938964844,73.81999969482422,75.23999786376953,472600,0.0,0.0
2022-04-21 00:00:00-04:00,75.26000213623047,76.91000366210938,73.25,76.16000366210938,439000,0.0,0.0
2022-04-22 00:00:00-04:00,76.0,76.0,73.9800033569336,74.5199966430664,421800,0.0,0.0
2022-04-25 00:00:00-04:00,74.0199966430664,76.43000030517578,70.93000030517578,76.37999725341797,609800,0.0,0.0
2022-04-26 00:00:00-04:00,76.37000274658203,76.94000244140625,73.75,74.25,468400,0.0,0.0
2022-04-27 00:00:00-04:00,73.91999816894531,75.63999938964844,73.76000213623047,74.41000366210938,384700,0.0,0.0
2022-04-28 00:00:00-04:00,75.11000061035156,75.6500015258789,73.37999725341797,75.31999969482422,346100,0.0,0.0
2022-04-29 00:00:00-04:00,74.80999755859375,76.3499984741211,74.33000183105469,74.56999969482422,354900,0.0,0.0
2022-05-02 00:00:00-04:00,74.26000213623047,74.76000213623047,72.33000183105469,74.31999969482422,410100,0.0,0.0
2022-05-03 00:00:00-04:00,74.4800033569336,75.16000366210938,72.87000274658203,73.01000213623047,468300,0.0,0.0
2022-05-04 00:00:00-04:00,73.94999694824219,73.94999694824219,66.72000122070312,68.55999755859375,1117800,0.0,0.0
2022-05-05 00:00:00-04:00,67.69999694824219,67.79000091552734,63.400001525878906,63.93000030517578,775000,0.0,0.0
2022-05-06 00:00:00-04:00,63.27000045776367,64.31999969482422,62.18000030517578,62.9900016784668,729500,0.0,0.0
2022-05-09 00:00:00-04:00,62.650001525878906,62.650001525878906,59.04999923706055,59.5099983215332,714600,0.0,0.0
2022-05-10 00:00:00-04:00,59.97999954223633,60.97999954223633,58.880001068115234,60.29999923706055,591000,0.0,0.0
2022-05-11 00:00:00-04:00,60.0,62.75,59.779998779296875,59.900001525878906,638900,0.0,0.0
2022-05-12 00:00:00-04:00,58.86000061035156,61.59000015258789,58.7400016784668,61.13999938964844,478700,0.0,0.0
2022-05-13 00:00:00-04:00,61.650001525878906,62.439998626708984,60.540000915527344,61.54999923706055,497500,0.0,0.0
2022-05-16 00:00:00-04:00,61.779998779296875,64.0999984741211,61.779998779296875,63.540000915527344,313100,0.0,0.0
2022-05-17 00:00:00-04:00,64.29000091552734,64.36000061035156,61.68000030517578,63.58000183105469,418200,0.0,0.0
2022-05-18 00:00:00-04:00,62.59000015258789,63.65999984741211,60.66999816894531,61.40999984741211,406100,0.0,0.0
2022-05-19 00:00:00-04:00,61.41999816894531,63.95000076293945,61.369998931884766,63.040000915527344,514700,0.0,0.0
2022-05-20 00:00:00-04:00,63.970001220703125,64.37000274658203,61.959999084472656,63.59000015258789,351700,0.0,0.0
2022-05-23 00:00:00-04:00,64.13999938964844,64.69999694824219,63.0099983215332,63.11000061035156,220300,0.0,0.0
2022-05-24 00:00:00-04:00,62.20000076293945,62.47999954223633,60.029998779296875,60.650001525878906,342500,0.0,0.0
2022-05-25 00:00:00-04:00,60.20000076293945,61.36000061035156,59.61000061035156,60.22999954223633,354400,0.0,0.0
2022-05-26 00:00:00-04:00,60.66999816894531,62.45000076293945,60.529998779296875,62.18000030517578,246700,0.0,0.0
2022-05-27 00:00:00-04:00,62.630001068115234,64.44000244140625,62.47999954223633,64.44000244140625,276100,0.0,0.0
2022-05-31 00:00:00-04:00,64.31999969482422,64.33999633789062,63.0,63.25,331200,0.0,0.0
2022-06-01 00:00:00-04:00,63.25,64.16000366210938,62.86000061035156,63.45000076293945,318000,0.0,0.0
2022-06-02 00:00:00-04:00,63.29999923706055,65.72000122070312,62.720001220703125,65.2699966430664,561600,0.0,0.0
2022-06-03 00:00:00-04:00,65.2699966430664,65.6500015258789,62.4900016784668,64.30999755859375,389200,0.0,0.0
2022-06-06 00:00:00-04:00,64.62999725341797,64.62999725341797,60.09000015258789,60.63999938964844,804300,0.0,0.0
2022-06-07 00:00:00-04:00,59.5099983215332,62.7599983215332,59.22999954223633,62.34000015258789,367600,0.0,0.0
2022-06-08 00:00:00-04:00,62.20000076293945,62.20000076293945,58.7400016784668,59.38999938964844,532600,0.0,0.0
2022-06-09 00:00:00-04:00,58.58000183105469,59.27000045776367,56.75,56.849998474121094,466700,0.0,0.0
2022-06-10 00:00:00-04:00,56.130001068115234,56.5,55.25,55.77000045776367,486600,0.0,0.0
2022-06-13 00:00:00-04:00,54.880001068115234,54.97999954223633,53.11000061035156,54.65999984741211,524600,0.0,0.0
2022-06-14 00:00:00-04:00,54.65999984741211,54.88999938964844,50.13999938964844,51.4900016784668,1166200,0.0,0.0
2022-06-15 00:00:00-04:00,51.849998474121094,54.869998931884766,51.810001373291016,54.54999923706055,557500,0.0,0.0
2022-06-16 00:00:00-04:00,53.599998474121094,53.849998474121094,52.54999923706055,52.900001525878906,468000,0.0,0.0
2022-06-17 00:00:00-04:00,53.779998779296875,55.459999084472656,53.66999816894531,53.720001220703125,778500,0.0,0.0
2022-06-21 00:00:00-04:00,53.93000030517578,54.43000030517578,52.90999984741211,53.0,387900,0.0,0.0
2022-06-22 00:00:00-04:00,52.59000015258789,55.310001373291016,52.0,54.22999954223633,397800,0.0,0.0
2022-06-23 00:00:00-04:00,54.400001525878906,56.58000183105469,54.29999923706055,56.279998779296875,426100,0.0,0.0
2022-06-24 00:00:00-04:00,56.790000915527344,58.189998626708984,56.470001220703125,57.43000030517578,460800,0.0,0.0
2022-06-27 00:00:00-04:00,57.63999938964844,58.61000061035156,56.58000183105469,57.209999084472656,300100,0.0,0.0
2022-06-28 00:00:00-04:00,57.150001525878906,58.04999923706055,56.459999084472656,57.31999969482422,338000,0.0,0.0
2022-06-29 00:00:00-04:00,57.43000030517578,58.86000061035156,56.7599983215332,58.630001068115234,523800,0.0,0.0
2022-06-30 00:00:00-04:00,57.790000915527344,59.11000061035156,56.779998779296875,58.29999923706055,517000,0.0,0.0
2022-07-01 00:00:00-04:00,57.900001525878906,58.400001525878906,56.689998626708984,57.849998474121094,436100,0.0,0.0
2022-07-05 00:00:00-04:00,57.09000015258789,58.36000061035156,56.459999084472656,58.349998474121094,473500,0.0,0.0
2022-07-06 00:00:00-04:00,58.41999816894531,58.41999816894531,56.58000183105469,57.65999984741211,353000,0.0,0.0
2022-07-07 00:00:00-04:00,58.08000183105469,59.33000183105469,57.310001373291016,57.97999954223633,353700,0.0,0.0
2022-07-08 00:00:00-04:00,57.72999954223633,57.72999954223633,55.91999816894531,56.970001220703125,677000,0.0,0.0
2022-07-11 00:00:00-04:00,56.95000076293945,58.540000915527344,55.7599983215332,56.68000030517578,438600,0.0,0.0
2022-07-12 00:00:00-04:00,56.77000045776367,56.86000061035156,55.22999954223633,55.36000061035156,390200,0.0,0.0
2022-07-13 00:00:00-04:00,54.4900016784668,55.040000915527344,53.130001068115234,53.959999084472656,489900,0.0,0.0
2022-07-14 00:00:00-04:00,53.20000076293945,53.709999084472656,50.66999816894531,52.900001525878906,1131000,0.0,0.0
2022-07-15 00:00:00-04:00,53.599998474121094,55.61000061035156,53.41999816894531,55.0,606200,0.0,0.0
2022-07-18 00:00:00-04:00,55.27000045776367,57.029998779296875,53.439998626708984,53.459999084472656,455900,0.0,0.0
2022-07-19 00:00:00-04:00,54.27000045776367,54.939998626708984,53.459999084472656,54.209999084472656,561400,0.0,0.0
2022-07-20 00:00:00-04:00,54.09000015258789,54.34000015258789,52.439998626708984,53.18000030517578,637500,0.0,0.0
2022-07-21 00:00:00-04:00,52.939998626708984,55.65999984741211,52.54999923706055,55.43000030517578,579900,0.0,0.0
2022-07-22 00:00:00-04:00,55.7400016784668,57.209999084472656,54.29999923706055,55.18000030517578,492600,0.0,0.0
2022-07-25 00:00:00-04:00,55.84000015258789,57.15999984741211,55.18000030517578,56.97999954223633,378800,0.0,0.0
2022-07-26 00:00:00-04:00,56.779998779296875,57.5099983215332,56.36000061035156,56.779998779296875,267300,0.0,0.0
2022-07-27 00:00:00-04:00,56.709999084472656,57.369998931884766,56.189998626708984,56.9900016784668,208100,0.0,0.0
2022-07-28 00:00:00-04:00,57.22999954223633,57.95000076293945,56.119998931884766,56.77000045776367,274700,0.0,0.0
2022-07-29 00:00:00-04:00,56.529998779296875,56.939998626708984,55.689998626708984,56.560001373291016,314500,0.0,0.0
2022-08-01 00:00:00-04:00,56.119998931884766,57.11000061035156,55.720001220703125,56.18000030517578,391500,0.0,0.0
2022-08-02 00:00:00-04:00,56.290000915527344,56.529998779296875,55.66999816894531,55.97999954223633,327800,0.0,0.0
2022-08-03 00:00:00-04:00,55.0099983215332,58.66999816894531,55.0099983215332,57.88999938964844,747100,0.0,0.0
2022-08-04 00:00:00-04:00,57.52000045776367,58.04999923706055,55.029998779296875,57.58000183105469,449800,0.0,0.0
2022-08-05 00:00:00-04:00,56.83000183105469,59.08000183105469,56.75,58.88999938964844,426200,0.0,0.0
2022-08-08 00:00:00-04:00,58.540000915527344,58.97999954223633,56.97999954223633,58.5099983215332,363500,0.0,0.0
2022-08-09 00:00:00-04:00,58.63999938964844,58.810001373291016,57.56999969482422,58.31999969482422,332500,0.0,0.0
2022-08-10 00:00:00-04:00,59.20000076293945,59.20000076293945,56.95000076293945,57.209999084472656,359600,0.0,0.0
2022-08-11 00:00:00-04:00,57.209999084472656,57.59000015258789,56.189998626708984,56.2599983215332,446600,0.0,0.0
2022-08-12 00:00:00-04:00,56.58000183105469,57.66999816894531,56.150001525878906,57.560001373291016,252500,0.0,0.0
2022-08-15 00:00:00-04:00,57.599998474121094,58.040000915527344,57.16999816894531,57.72999954223633,269600,0.0,0.0
2022-08-16 00:00:00-04:00,57.470001220703125,58.25,56.720001220703125,57.95000076293945,355800,0.0,0.0
2022-08-17 00:00:00-04:00,57.599998474121094,58.61000061035156,57.5099983215332,58.13999938964844,360500,0.0,0.0
2022-08-18 00:00:00-04:00,58.560001373291016,58.560001373291016,57.65999984741211,58.119998931884766,317600,0.0,0.0
2022-08-19 00:00:00-04:00,57.720001220703125,58.7400016784668,57.720001220703125,58.2599983215332,192000,0.0,0.0
2022-08-22 00:00:00-04:00,58.09000015258789,58.33000183105469,56.869998931884766,57.29999923706055,202300,0.0,0.0
2022-08-23 00:00:00-04:00,57.22999954223633,57.650001525878906,55.90999984741211,56.290000915527344,282500,0.0,0.0
2022-08-24 00:00:00-04:00,56.459999084472656,57.52000045776367,56.45000076293945,56.9900016784668,149300,0.0,0.0
2022-08-25 00:00:00-04:00,57.119998931884766,58.290000915527344,56.66999816894531,58.13999938964844,238100,0.0,0.0
2022-08-26 00:00:00-04:00,58.02000045776367,58.02000045776367,53.869998931884766,54.060001373291016,297100,0.0,0.0
2022-08-29 00:00:00-04:00,53.47999954223633,54.91999816894531,52.290000915527344,54.43000030517578,379000,0.0,0.0
2022-08-30 00:00:00-04:00,54.56999969482422,54.630001068115234,52.11000061035156,52.220001220703125,420000,0.0,0.0
2022-08-31 00:00:00-04:00,52.2400016784668,53.849998474121094,51.79999923706055,52.47999954223633,330500,0.0,0.0
2022-09-01 00:00:00-04:00,51.970001220703125,52.5099983215332,51.25,52.2599983215332,255100,0.0,0.0
2022-09-02 00:00:00-04:00,52.540000915527344,53.040000915527344,51.22999954223633,51.70000076293945,220200,0.0,0.0
2022-09-06 00:00:00-04:00,51.75,51.79999923706055,50.43000030517578,51.2400016784668,510700,0.0,0.0
2022-09-07 00:00:00-04:00,51.68000030517578,53.93000030517578,51.0099983215332,53.93000030517578,541400,0.0,0.0
2022-09-08 00:00:00-04:00,53.529998779296875,55.959999084472656,53.22999954223633,55.630001068115234,458500,0.0,0.0
2022-09-09 00:00:00-04:00,56.18000030517578,57.38999938964844,55.709999084472656,55.75,397300,0.0,0.0
2022-09-12 00:00:00-04:00,56.099998474121094,56.599998474121094,55.68000030517578,56.119998931884766,251400,0.0,0.0
2022-09-13 00:00:00-04:00,54.7599983215332,56.470001220703125,54.7599983215332,56.0099983215332,399300,0.0,0.0
2022-09-14 00:00:00-04:00,56.279998779296875,57.79999923706055,54.63999938964844,54.7599983215332,364000,0.0,0.0
2022-09-15 00:00:00-04:00,54.7599983215332,54.95000076293945,53.84000015258789,54.27000045776367,239000,0.0,0.0
2022-09-16 00:00:00-04:00,53.61000061035156,54.150001525878906,52.4900016784668,53.599998474121094,340900,0.0,0.0
2022-09-19 00:00:00-04:00,53.029998779296875,54.939998626708984,52.5099983215332,54.7400016784668,338900,0.0,0.0
2022-09-20 00:00:00-04:00,54.220001220703125,55.16999816894531,54.06999969482422,55.029998779296875,388600,0.0,0.0
2022-09-21 00:00:00-04:00,54.540000915527344,56.84000015258789,54.540000915527344,55.310001373291016,555700,0.0,0.0
2022-09-22 00:00:00-04:00,54.77000045776367,55.52000045776367,52.79999923706055,53.95000076293945,511400,0.0,0.0
2022-09-23 00:00:00-04:00,53.36000061035156,53.619998931884766,51.560001373291016,52.86000061035156,282500,0.0,0.0
2022-09-26 00:00:00-04:00,52.400001525878906,53.27000045776367,51.810001373291016,52.68000030517578,253400,0.0,0.0
2022-09-27 00:00:00-04:00,53.09000015258789,54.0,52.66999816894531,52.84000015258789,207900,0.0,0.0
2022-09-28 00:00:00-04:00,53.47999954223633,54.40999984741211,52.5,54.13999938964844,370900,0.0,0.0
2022-09-29 00:00:00-04:00,53.810001373291016,54.34000015258789,53.189998626708984,54.2400016784668,234400,0.0,0.0
2022-09-30 00:00:00-04:00,54.119998931884766,55.47999954223633,53.13999938964844,53.189998626708984,411700,0.0,0.0
2022-10-03 00:00:00-04:00,53.849998474121094,58.099998474121094,52.630001068115234,55.06999969482422,351200,0.0,0.0
2022-10-04 00:00:00-04:00,55.4900016784668,56.689998626708984,55.0,56.060001373291016,264300,0.0,0.0
2022-10-05 00:00:00-04:00,55.560001373291016,57.0099983215332,55.43000030517578,56.560001373291016,241400,0.0,0.0
2022-10-06 00:00:00-04:00,56.56999969482422,57.66999816894531,56.540000915527344,57.45000076293945,192800,0.0,0.0
2022-10-07 00:00:00-04:00,57.11000061035156,58.09000015258789,56.04999923706055,56.310001373291016,412900,0.0,0.0
2022-10-10 00:00:00-04:00,56.4900016784668,57.720001220703125,56.2599983215332,56.45000076293945,211800,0.0,0.0
2022-10-11 00:00:00-04:00,56.25,56.650001525878906,54.63999938964844,56.060001373291016,313500,0.0,0.0
2022-10-12 00:00:00-04:00,55.81999969482422,56.77000045776367,54.779998779296875,55.95000076293945,211300,0.0,0.0
2022-10-13 00:00:00-04:00,54.77000045776367,56.20000076293945,52.81999969482422,54.0,1068600,0.0,0.0
2022-10-14 00:00:00-04:00,54.310001373291016,54.349998474121094,51.58000183105469,51.599998474121094,515000,0.0,0.0
2022-10-17 00:00:00-04:00,51.9900016784668,54.40999984741211,51.79999923706055,52.900001525878906,491400,0.0,0.0
2022-10-18 00:00:00-04:00,53.77000045776367,55.38999938964844,53.77000045776367,54.04999923706055,488000,0.0,0.0
2022-10-19 00:00:00-04:00,53.619998931884766,54.709999084472656,51.52000045776367,53.040000915527344,296600,0.0,0.0
2022-10-20 00:00:00-04:00,52.630001068115234,52.900001525878906,50.63999938964844,50.849998474121094,314800,0.0,0.0
2022-10-21 00:00:00-04:00,51.59000015258789,52.540000915527344,50.400001525878906,51.689998626708984,483800,0.0,0.0
2022-10-24 00:00:00-04:00,52.11000061035156,52.63999938964844,51.45000076293945,51.7400016784668,321700,0.0,0.0
2022-10-25 00:00:00-04:00,52.09000015258789,53.2400016784668,51.970001220703125,52.63999938964844,252800,0.0,0.0
2022-10-26 00:00:00-04:00,52.849998474121094,54.779998779296875,52.459999084472656,53.34000015258789,414500,0.0,0.0
2022-10-27 00:00:00-04:00,53.630001068115234,54.0,51.88999938964844,52.16999816894531,224500,0.0,0.0
2022-10-28 00:00:00-04:00,52.72999954223633,53.25,52.029998779296875,52.25,313700,0.0,0.0
2022-10-31 00:00:00-04:00,51.970001220703125,52.34000015258789,50.880001068115234,51.7599983215332,438200,0.0,0.0
2022-11-01 00:00:00-04:00,52.31999969482422,52.9900016784668,51.83000183105469,52.45000076293945,368500,0.0,0.0
2022-11-02 00:00:00-04:00,52.20000076293945,52.56999969482422,50.599998474121094,50.97999954223633,446500,0.0,0.0
2022-11-03 00:00:00-04:00,49.400001525878906,50.939998626708984,47.56999969482422,49.59000015258789,654600,0.0,0.0
2022-11-04 00:00:00-04:00,49.619998931884766,50.040000915527344,47.400001525878906,49.86000061035156,465700,0.0,0.0
2022-11-07 00:00:00-05:00,49.560001373291016,50.41999816894531,48.81999969482422,50.33000183105469,357400,0.0,0.0
2022-11-08 00:00:00-05:00,50.31999969482422,51.9900016784668,49.84000015258789,50.38999938964844,369800,0.0,0.0
2022-11-09 00:00:00-05:00,49.970001220703125,51.0099983215332,48.58000183105469,49.0,311300,0.0,0.0
2022-11-10 00:00:00-05:00,50.88999938964844,52.63999938964844,50.349998474121094,52.400001525878906,447500,0.0,0.0
2022-11-11 00:00:00-05:00,52.59000015258789,53.31999969482422,51.9900016784668,52.93000030517578,450500,0.0,0.0
2022-11-14 00:00:00-05:00,53.119998931884766,53.119998931884766,49.970001220703125,51.02000045776367,598800,0.0,0.0
2022-11-15 00:00:00-05:00,51.88999938964844,51.88999938964844,48.349998474121094,50.0,869300,0.0,0.0
2022-11-16 00:00:00-05:00,49.560001373291016,49.88999938964844,46.029998779296875,47.970001220703125,862200,0.0,0.0
2022-11-17 00:00:00-05:00,47.400001525878906,47.66999816894531,46.40999984741211,47.5,409300,0.0,0.0
2022-11-18 00:00:00-05:00,48.47999954223633,49.33000183105469,47.70000076293945,49.040000915527344,396300,0.0,0.0
2022-11-21 00:00:00-05:00,48.93000030517578,49.560001373291016,47.9900016784668,48.79999923706055,268200,0.0,0.0
2022-11-22 00:00:00-05:00,49.060001373291016,49.369998931884766,47.9900016784668,48.27000045776367,307100,0.0,0.0
2022-11-23 00:00:00-05:00,48.11000061035156,49.18000030517578,47.90999984741211,48.959999084472656,220700,0.0,0.0
2022-11-25 00:00:00-05:00,48.880001068115234,50.11000061035156,48.880001068115234,49.689998626708984,58500,0.0,0.0
2022-11-28 00:00:00-05:00,49.11000061035156,49.81999969482422,48.68000030517578,48.91999816894531,227200,0.0,0.0
2022-11-29 00:00:00-05:00,48.65999984741211,49.369998931884766,47.54999923706055,47.689998626708984,365600,0.0,0.0
2022-11-30 00:00:00-05:00,47.91999816894531,48.33000183105469,46.880001068115234,48.25,535400,0.0,0.0
2022-12-01 00:00:00-05:00,48.52000045776367,48.86000061035156,47.189998626708984,47.22999954223633,508400,0.0,0.0
2022-12-02 00:00:00-05:00,46.560001373291016,47.72999954223633,46.08000183105469,47.25,451200,0.0,0.0
2022-12-05 00:00:00-05:00,47.0099983215332,47.0099983215332,45.36000061035156,46.75,372900,0.0,0.0
2022-12-06 00:00:00-05:00,46.5099983215332,47.68000030517578,46.22999954223633,46.970001220703125,431100,0.0,0.0
2022-12-07 00:00:00-05:00,46.83000183105469,47.970001220703125,45.7400016784668,46.709999084472656,405700,0.0,0.0
2022-12-08 00:00:00-05:00,46.560001373291016,48.310001373291016,45.970001220703125,47.119998931884766,513500,0.0,0.0
2022-12-09 00:00:00-05:00,46.959999084472656,46.959999084472656,45.52000045776367,45.849998474121094,450500,0.0,0.0
2022-12-12 00:00:00-05:00,46.220001220703125,46.47999954223633,45.31999969482422,45.5,356200,0.0,0.0
2022-12-13 00:00:00-05:00,46.349998474121094,46.349998474121094,38.70000076293945,42.47999954223633,2640900,0.0,0.0
2022-12-14 00:00:00-05:00,42.2400016784668,43.279998779296875,41.31999969482422,41.91999816894531,840400,0.0,0.0
2022-12-15 00:00:00-05:00,41.52000045776367,41.540000915527344,39.5099983215332,39.90999984741211,616400,0.0,0.0
2022-12-16 00:00:00-05:00,39.31999969482422,39.88999938964844,37.869998931884766,38.439998626708984,1578500,0.0,0.0
2022-12-19 00:00:00-05:00,38.540000915527344,39.47999954223633,37.689998626708984,38.83000183105469,467200,0.0,0.0
2022-12-20 00:00:00-05:00,38.7400016784668,40.459999084472656,38.22999954223633,39.83000183105469,666300,0.0,0.0
2022-12-21 00:00:00-05:00,39.900001525878906,41.20000076293945,39.68000030517578,40.52000045776367,373300,0.0,0.0
2022-12-22 00:00:00-05:00,40.2400016784668,40.2400016784668,38.58000183105469,39.72999954223633,433900,0.0,0.0
2022-12-23 00:00:00-05:00,39.709999084472656,40.0,39.029998779296875,39.66999816894531,171800,0.0,0.0
2022-12-27 00:00:00-05:00,39.31999969482422,39.369998931884766,38.27000045776367,38.66999816894531,277700,0.0,0.0
2022-12-28 00:00:00-05:00,38.849998474121094,39.09000015258789,37.970001220703125,38.189998626708984,288100,0.0,0.0
2022-12-29 00:00:00-05:00,38.380001068115234,39.15999984741211,38.2400016784668,38.970001220703125,528800,0.0,0.0
2022-12-30 00:00:00-05:00,38.849998474121094,38.970001220703125,38.130001068115234,38.61000061035156,445500,0.0,0.0
2023-01-03 00:00:00-05:00,38.900001525878906,39.72999954223633,37.779998779296875,38.86000061035156,697000,0.0,0.0
2023-01-04 00:00:00-05:00,39.25,39.68000030517578,38.16999816894531,38.68000030517578,581000,0.0,0.0
2023-01-05 00:00:00-05:00,38.310001373291016,39.119998931884766,37.790000915527344,38.5,498600,0.0,0.0
2023-01-06 00:00:00-05:00,38.619998931884766,39.06999969482422,36.7599983215332,37.08000183105469,661900,0.0,0.0
2023-01-09 00:00:00-05:00,37.439998626708984,37.9900016784668,36.52000045776367,36.81999969482422,529300,0.0,0.0
2023-01-10 00:00:00-05:00,36.880001068115234,38.400001525878906,36.380001068115234,37.369998931884766,555800,0.0,0.0
2023-01-11 00:00:00-05:00,37.34000015258789,37.95000076293945,36.439998626708984,37.02000045776367,671500,0.0,0.0
2023-01-12 00:00:00-05:00,37.029998779296875,38.4900016784668,36.40999984741211,37.68000030517578,624500,0.0,0.0
2023-01-13 00:00:00-05:00,37.43000030517578,37.779998779296875,36.81999969482422,37.41999816894531,366700,0.0,0.0
2023-01-17 00:00:00-05:00,37.2400016784668,38.630001068115234,36.849998474121094,37.95000076293945,584300,0.0,0.0
2023-01-18 00:00:00-05:00,37.939998626708984,38.369998931884766,37.220001220703125,37.529998779296875,482800,0.0,0.0
2023-01-19 00:00:00-05:00,37.4900016784668,37.95000076293945,36.900001525878906,37.04999923706055,598000,0.0,0.0
2023-01-20 00:00:00-05:00,37.18000030517578,37.18000030517578,35.459999084472656,35.529998779296875,859000,0.0,0.0
2023-01-23 00:00:00-05:00,35.4900016784668,37.349998474121094,35.349998474121094,37.31999969482422,882300,0.0,0.0
2023-01-24 00:00:00-05:00,37.16999816894531,38.91999816894531,37.040000915527344,38.349998474121094,606600,0.0,0.0
2023-01-25 00:00:00-05:00,38.349998474121094,38.689998626708984,37.5,38.13999938964844,270000,0.0,0.0
2023-01-26 00:00:00-05:00,38.41999816894531,39.15999984741211,38.400001525878906,38.93000030517578,326400,0.0,0.0
2023-01-27 00:00:00-05:00,38.79999923706055,39.540000915527344,38.369998931884766,39.400001525878906,331700,0.0,0.0
2023-01-30 00:00:00-05:00,39.33000183105469,39.560001373291016,38.33000183105469,38.880001068115234,358800,0.0,0.0
2023-01-31 00:00:00-05:00,39.150001525878906,39.7400016784668,38.83000183105469,39.27000045776367,381200,0.0,0.0
2023-02-01 00:00:00-05:00,39.0,40.9900016784668,39.0,40.56999969482422,375900,0.0,0.0
2023-02-02 00:00:00-05:00,40.84000015258789,43.11000061035156,40.599998474121094,43.06999969482422,644900,0.0,0.0
2023-02-03 00:00:00-05:00,42.68000030517578,43.150001525878906,41.709999084472656,41.86000061035156,673300,0.0,0.0
2023-02-06 00:00:00-05:00,41.72999954223633,41.72999954223633,40.33000183105469,41.2400016784668,404300,0.0,0.0
2023-02-07 00:00:00-05:00,41.08000183105469,42.22999954223633,40.52000045776367,41.599998474121094,539800,0.0,0.0
2023-02-08 00:00:00-05:00,41.560001373291016,42.060001373291016,40.720001220703125,40.880001068115234,399600,0.0,0.0
2023-02-09 00:00:00-05:00,41.2400016784668,41.439998626708984,39.869998931884766,40.09000015258789,349900,0.0,0.0
2023-02-10 00:00:00-05:00,39.959999084472656,40.5,39.4900016784668,39.95000076293945,677200,0.0,0.0
2023-02-13 00:00:00-05:00,39.81999969482422,40.970001220703125,39.22999954223633,40.75,352000,0.0,0.0
2023-02-14 00:00:00-05:00,40.529998779296875,41.220001220703125,39.720001220703125,40.54999923706055,413400,0.0,0.0
2023-02-15 00:00:00-05:00,40.220001220703125,41.130001068115234,39.900001525878906,40.59000015258789,533400,0.0,0.0
2023-02-16 00:00:00-05:00,40.13999938964844,41.4900016784668,39.38999938964844,40.779998779296875,495200,0.0,0.0
2023-02-17 00:00:00-05:00,40.959999084472656,42.16999816894531,40.68000030517578,41.900001525878906,474100,0.0,0.0
2023-02-21 00:00:00-05:00,41.599998474121094,41.959999084472656,40.72999954223633,41.13999938964844,581100,0.0,0.0
2023-02-22 00:00:00-05:00,41.06999969482422,42.540000915527344,40.599998474121094,42.29999923706055,767600,0.0,0.0
2023-02-23 00:00:00-05:00,42.439998626708984,43.459999084472656,41.41999816894531,41.75,445200,0.0,0.0
2023-02-24 00:00:00-05:00,41.380001068115234,41.68000030517578,40.540000915527344,41.0,689800,0.0,0.0
2023-02-27 00:00:00-05:00,41.0,41.91999816894531,40.20000076293945,40.959999084472656,687500,0.0,0.0
2023-02-28 00:00:00-05:00,41.63999938964844,44.529998779296875,40.52000045776367,42.56999969482422,1632900,0.0,0.0
2023-03-01 00:00:00-05:00,43.099998474121094,44.41999816894531,42.119998931884766,43.380001068115234,767200,0.0,0.0
2023-03-02 00:00:00-05:00,43.040000915527344,43.09000015258789,42.11000061035156,42.2599983215332,442900,0.0,0.0
2023-03-03 00:00:00-05:00,42.63999938964844,43.97999954223633,40.9900016784668,42.04999923706055,749600,0.0,0.0
2023-03-06 00:00:00-05:00,42.09000015258789,42.09000015258789,40.47999954223633,40.849998474121094,662000,0.0,0.0
2023-03-07 00:00:00-05:00,40.810001373291016,41.209999084472656,40.11000061035156,40.40999984741211,449200,0.0,0.0
2023-03-08 00:00:00-05:00,40.619998931884766,40.619998931884766,39.189998626708984,39.59000015258789,470500,0.0,0.0
2023-03-09 00:00:00-05:00,39.7599983215332,40.040000915527344,39.27000045776367,39.77000045776367,457800,0.0,0.0
2023-03-10 00:00:00-05:00,39.5,40.79999923706055,39.18000030517578,40.04999923706055,1065200,0.0,0.0
2023-03-13 00:00:00-04:00,39.4900016784668,40.650001525878906,38.5099983215332,38.599998474121094,529600,0.0,0.0
2023-03-14 00:00:00-04:00,39.470001220703125,39.7400016784668,38.810001373291016,39.20000076293945,423400,0.0,0.0
2023-03-15 00:00:00-04:00,38.54999923706055,39.810001373291016,38.41999816894531,39.36000061035156,543800,0.0,0.0
2023-03-16 00:00:00-04:00,39.16999816894531,41.720001220703125,39.150001525878906,41.470001220703125,588700,0.0,0.0
2023-03-17 00:00:00-04:00,41.41999816894531,41.540000915527344,39.29999923706055,39.4900016784668,946200,0.0,0.0
2023-03-20 00:00:00-04:00,39.630001068115234,40.189998626708984,39.22999954223633,39.68000030517578,394400,0.0,0.0
2023-03-21 00:00:00-04:00,40.31999969482422,40.9900016784668,39.81999969482422,40.279998779296875,350800,0.0,0.0
2023-03-22 00:00:00-04:00,40.27000045776367,40.439998626708984,39.22999954223633,39.33000183105469,390900,0.0,0.0
2023-03-23 00:00:00-04:00,39.599998474121094,39.939998626708984,38.47999954223633,38.599998474121094,428100,0.0,0.0
2023-03-24 00:00:00-04:00,38.209999084472656,39.2599983215332,37.630001068115234,39.13999938964844,695600,0.0,0.0
2023-03-27 00:00:00-04:00,39.779998779296875,40.29999923706055,39.31999969482422,40.06999969482422,246100,0.0,0.0
2023-03-28 00:00:00-04:00,39.869998931884766,40.400001525878906,39.2400016784668,39.90999984741211,293800,0.0,0.0
2023-03-29 00:00:00-04:00,40.310001373291016,40.900001525878906,39.63999938964844,40.77000045776367,340500,0.0,0.0
2023-03-30 00:00:00-04:00,41.0099983215332,41.439998626708984,39.79999923706055,40.18000030517578,317900,0.0,0.0
2023-03-31 00:00:00-04:00,40.61000061035156,40.91999816894531,40.36000061035156,40.810001373291016,306200,0.0,0.0
2023-04-03 00:00:00-04:00,40.720001220703125,41.58000183105469,40.70000076293945,41.369998931884766,453700,0.0,0.0
2023-04-04 00:00:00-04:00,41.599998474121094,41.790000915527344,40.56999969482422,41.33000183105469,490400,0.0,0.0
2023-04-05 00:00:00-04:00,41.2599983215332,41.689998626708984,40.849998474121094,40.88999938964844,1214800,0.0,0.0
2023-04-06 00:00:00-04:00,41.290000915527344,42.029998779296875,41.150001525878906,41.93000030517578,365200,0.0,0.0
2023-04-10 00:00:00-04:00,41.72999954223633,41.9900016784668,41.09000015258789,41.599998474121094,294400,0.0,0.0
2023-04-11 00:00:00-04:00,41.709999084472656,42.150001525878906,41.630001068115234,41.65999984741211,270900,0.0,0.0
2023-04-12 00:00:00-04:00,42.0,42.369998931884766,41.54999923706055,41.84000015258789,338900,0.0,0.0
2023-04-13 00:00:00-04:00,41.97999954223633,42.29999923706055,41.29999923706055,42.189998626708984,523000,0.0,0.0
2023-04-14 00:00:00-04:00,42.20000076293945,43.08000183105469,41.79999923706055,42.45000076293945,724000,0.0,0.0
2023-04-17 00:00:00-04:00,42.54999923706055,43.52000045776367,42.380001068115234,43.27000045776367,485000,0.0,0.0
2023-04-18 00:00:00-04:00,43.5,43.86000061035156,42.59000015258789,43.470001220703125,422300,0.0,0.0
2023-04-19 00:00:00-04:00,43.310001373291016,45.470001220703125,43.0,45.400001525878906,838700,0.0,0.0
2023-04-20 00:00:00-04:00,45.189998626708984,46.540000915527344,44.900001525878906,46.5099983215332,579900,0.0,0.0
2023-04-21 00:00:00-04:00,46.5099983215332,47.529998779296875,46.4900016784668,47.5,1041700,0.0,0.0
2023-04-24 00:00:00-04:00,47.36000061035156,47.5099983215332,45.560001373291016,45.779998779296875,627100,0.0,0.0
2023-04-25 00:00:00-04:00,45.47999954223633,46.349998474121094,44.029998779296875,44.369998931884766,639500,0.0,0.0
2023-04-26 00:00:00-04:00,44.04999923706055,44.599998474121094,43.599998474121094,44.06999969482422,448100,0.0,0.0
2023-04-27 00:00:00-04:00,44.2400016784668,44.9900016784668,44.02000045776367,44.72999954223633,416200,0.0,0.0
2023-04-28 00:00:00-04:00,44.709999084472656,45.959999084472656,44.470001220703125,45.310001373291016,423200,0.0,0.0
2023-05-01 00:00:00-04:00,45.25,48.599998474121094,45.09000015258789,46.599998474121094,1066000,0.0,0.0
2023-05-02 00:00:00-04:00,46.11000061035156,47.0099983215332,45.45000076293945,46.45000076293945,998100,0.0,0.0
2023-05-03 00:00:00-04:00,44.380001068115234,45.45000076293945,41.220001220703125,43.119998931884766,1784300,0.0,0.0
2023-05-04 00:00:00-04:00,42.93000030517578,44.619998931884766,42.310001373291016,43.13999938964844,769800,0.0,0.0
2023-05-05 00:00:00-04:00,43.720001220703125,43.720001220703125,42.029998779296875,42.88999938964844,596400,0.0,0.0
2023-05-08 00:00:00-04:00,43.029998779296875,43.810001373291016,41.7599983215332,42.2599983215332,461200,0.0,0.0
2023-05-09 00:00:00-04:00,42.060001373291016,42.849998474121094,41.709999084472656,42.63999938964844,499900,0.0,0.0
2023-05-10 00:00:00-04:00,43.34000015258789,43.5,42.4900016784668,42.88999938964844,339300,0.0,0.0
2023-05-11 00:00:00-04:00,42.7599983215332,42.959999084472656,41.650001525878906,42.02000045776367,310800,0.0,0.0
2023-05-12 00:00:00-04:00,42.18000030517578,42.279998779296875,41.58000183105469,41.88999938964844,350100,0.0,0.0
2023-05-15 00:00:00-04:00,41.849998474121094,42.90999984741211,41.83000183105469,42.470001220703125,322600,0.0,0.0
2023-05-16 00:00:00-04:00,42.11000061035156,42.40999984741211,41.189998626708984,41.27000045776367,506900,0.0,0.0
2023-05-17 00:00:00-04:00,41.369998931884766,41.369998931884766,40.15999984741211,40.45000076293945,465300,0.0,0.0
2023-05-18 00:00:00-04:00,40.5,40.650001525878906,39.810001373291016,40.290000915527344,645800,0.0,0.0
2023-05-19 00:00:00-04:00,40.650001525878906,41.08000183105469,40.20000076293945,40.84000015258789,309900,0.0,0.0
2023-05-22 00:00:00-04:00,40.959999084472656,41.7400016784668,40.56999969482422,41.459999084472656,402700,0.0,0.0
2023-05-23 00:00:00-04:00,41.45000076293945,42.630001068115234,41.2599983215332,41.52000045776367,491800,0.0,0.0
2023-05-24 00:00:00-04:00,41.470001220703125,41.560001373291016,40.380001068115234,40.540000915527344,218400,0.0,0.0
2023-05-25 00:00:00-04:00,40.349998474121094,40.349998474121094,39.5099983215332,39.7400016784668,218800,0.0,0.0
2023-05-26 00:00:00-04:00,39.599998474121094,39.95000076293945,39.349998474121094,39.459999084472656,201300,0.0,0.0
2023-05-30 00:00:00-04:00,39.36000061035156,40.06999969482422,39.11000061035156,39.2599983215332,258200,0.0,0.0
2023-05-31 00:00:00-04:00,39.08000183105469,40.79999923706055,37.939998626708984,38.029998779296875,657300,0.0,0.0
2023-06-01 00:00:00-04:00,37.91999816894531,38.459999084472656,36.630001068115234,38.040000915527344,501700,0.0,0.0
2023-06-02 00:00:00-04:00,38.5,39.34000015258789,38.02000045776367,39.09000015258789,379800,0.0,0.0
2023-06-05 00:00:00-04:00,38.7400016784668,38.7400016784668,37.939998626708984,38.54999923706055,379800,0.0,0.0
2023-06-06 00:00:00-04:00,38.54999923706055,39.41999816894531,38.27000045776367,39.08000183105469,404400,0.0,0.0
2023-06-07 00:00:00-04:00,39.25,39.61000061035156,37.15999984741211,37.540000915527344,922000,0.0,0.0
2023-06-08 00:00:00-04:00,37.380001068115234,37.47999954223633,36.70000076293945,37.0099983215332,726300,0.0,0.0
2023-06-09 00:00:00-04:00,36.970001220703125,37.290000915527344,35.81999969482422,36.130001068115234,627000,0.0,0.0
2023-06-12 00:00:00-04:00,36.02000045776367,36.4900016784668,35.470001220703125,36.119998931884766,399700,0.0,0.0
2023-06-13 00:00:00-04:00,36.150001525878906,37.2400016784668,36.02000045776367,36.959999084472656,612000,0.0,0.0
2023-06-14 00:00:00-04:00,37.029998779296875,39.099998474121094,36.959999084472656,38.7400016784668,1271800,0.0,0.0
2023-06-15 00:00:00-04:00,38.7400016784668,40.31999969482422,38.529998779296875,40.31999969482422,667400,0.0,0.0
2023-06-16 00:00:00-04:00,40.90999984741211,41.22999954223633,40.220001220703125,41.09000015258789,1116000,0.0,0.0
2023-06-20 00:00:00-04:00,40.900001525878906,41.650001525878906,40.40999984741211,40.90999984741211,648300,0.0,0.0
2023-06-21 00:00:00-04:00,40.880001068115234,41.54999923706055,40.20000076293945,40.310001373291016,686800,0.0,0.0
2023-06-22 00:00:00-04:00,40.36000061035156,40.79999923706055,38.9900016784668,39.470001220703125,576900,0.0,0.0
2023-06-23 00:00:00-04:00,39.150001525878906,40.27000045776367,38.84000015258789,40.060001373291016,784300,0.0,0.0
2023-06-26 00:00:00-04:00,39.939998626708984,40.209999084472656,39.25,39.619998931884766,464600,0.0,0.0
2023-06-27 00:00:00-04:00,39.72999954223633,40.0099983215332,39.22999954223633,39.75,235900,0.0,0.0
2023-06-28 00:00:00-04:00,39.650001525878906,40.72999954223633,38.4900016784668,40.0099983215332,1677800,0.0,0.0
2023-06-29 00:00:00-04:00,39.900001525878906,40.060001373291016,38.83000183105469,39.5099983215332,519400,0.0,0.0
2023-06-30 00:00:00-04:00,39.81999969482422,40.369998931884766,39.7400016784668,40.06999969482422,308700,0.0,0.0
2023-07-03 00:00:00-04:00,40.09000015258789,40.45000076293945,39.90999984741211,40.09000015258789,124800,0.0,0.0
2023-07-05 00:00:00-04:00,39.95000076293945,39.95000076293945,38.66999816894531,38.79999923706055,548000,0.0,0.0
2023-07-06 00:00:00-04:00,38.29999923706055,38.689998626708984,37.83000183105469,38.31999969482422,451700,0.0,0.0
2023-07-07 00:00:00-04:00,38.279998779296875,38.79999923706055,37.83000183105469,37.88999938964844,469000,0.0,0.0
2023-07-10 00:00:00-04:00,37.83000183105469,37.959999084472656,36.27000045776367,36.40999984741211,676500,0.0,0.0
2023-07-11 00:00:00-04:00,36.47999954223633,38.029998779296875,36.43000030517578,37.58000183105469,640600,0.0,0.0
2023-07-12 00:00:00-04:00,37.970001220703125,37.970001220703125,36.5,36.54999923706055,389800,0.0,0.0
2023-07-13 00:00:00-04:00,36.630001068115234,37.79999923706055,36.5,37.2599983215332,490000,0.0,0.0
2023-07-14 00:00:00-04:00,37.5099983215332,37.91999816894531,37.0,37.290000915527344,539400,0.0,0.0
2023-07-17 00:00:00-04:00,37.43000030517578,38.08000183105469,36.90999984741211,37.7599983215332,431000,0.0,0.0
2023-07-18 00:00:00-04:00,37.75,38.189998626708984,37.20000076293945,37.38999938964844,364500,0.0,0.0
2023-07-19 00:00:00-04:00,37.439998626708984,37.869998931884766,36.72999954223633,36.7599983215332,592000,0.0,0.0
2023-07-20 00:00:00-04:00,36.880001068115234,38.86000061035156,36.83000183105469,37.83000183105469,1194100,0.0,0.0
2023-07-21 00:00:00-04:00,37.900001525878906,37.900001525878906,36.06999969482422,37.06999969482422,901100,0.0,0.0
2023-07-24 00:00:00-04:00,37.13999938964844,37.77000045776367,36.810001373291016,36.849998474121094,451900,0.0,0.0
2023-07-25 00:00:00-04:00,36.689998626708984,37.16999816894531,36.33000183105469,37.16999816894531,453400,0.0,0.0
2023-07-26 00:00:00-04:00,37.16999816894531,37.38999938964844,36.150001525878906,36.25,424800,0.0,0.0
2023-07-27 00:00:00-04:00,36.40999984741211,36.95000076293945,35.880001068115234,36.130001068115234,445600,0.0,0.0
2023-07-28 00:00:00-04:00,36.40999984741211,36.630001068115234,35.709999084472656,35.779998779296875,473500,0.0,0.0
2023-07-31 00:00:00-04:00,35.77000045776367,36.369998931884766,35.41999816894531,36.349998474121094,928300,0.0,0.0
2023-08-01 00:00:00-04:00,36.41999816894531,36.97999954223633,35.90999984741211,36.0,1000200,0.0,0.0
2023-08-02 00:00:00-04:00,34.75,37.400001525878906,34.08000183105469,36.709999084472656,1351800,0.0,0.0
2023-08-03 00:00:00-04:00,37.470001220703125,38.900001525878906,36.47999954223633,38.75,1266800,0.0,0.0
2023-08-04 00:00:00-04:00,39.0099983215332,40.15999984741211,38.88999938964844,39.47999954223633,976400,0.0,0.0
2023-08-07 00:00:00-04:00,39.5,39.599998474121094,37.599998474121094,38.13999938964844,621400,0.0,0.0
2023-08-08 00:00:00-04:00,38.060001373291016,39.209999084472656,37.630001068115234,38.18000030517578,511200,0.0,0.0
2023-08-09 00:00:00-04:00,38.11000061035156,38.38999938964844,36.88999938964844,38.060001373291016,340400,0.0,0.0
2023-08-10 00:00:00-04:00,38.15999984741211,39.189998626708984,37.54999923706055,37.81999969482422,351900,0.0,0.0
2023-08-11 00:00:00-04:00,37.84000015258789,38.27000045776367,37.0099983215332,37.56999969482422,399800,0.0,0.0
2023-08-14 00:00:00-04:00,37.459999084472656,37.599998474121094,36.189998626708984,36.689998626708984,441600,0.0,0.0
2023-08-15 00:00:00-04:00,36.52000045776367,37.36000061035156,36.290000915527344,37.310001373291016,279900,0.0,0.0
2023-08-16 00:00:00-04:00,37.119998931884766,37.4900016784668,36.779998779296875,37.0099983215332,262600,0.0,0.0
2023-08-17 00:00:00-04:00,36.97999954223633,37.060001373291016,36.20000076293945,36.529998779296875,399400,0.0,0.0
2023-08-18 00:00:00-04:00,36.2599983215332,37.97999954223633,36.15999984741211,37.720001220703125,578700,0.0,0.0
2023-08-21 00:00:00-04:00,37.63999938964844,38.11000061035156,37.060001373291016,37.77000045776367,416500,0.0,0.0
2023-08-22 00:00:00-04:00,37.91999816894531,38.040000915527344,37.4900016784668,37.880001068115234,241400,0.0,0.0
2023-08-23 00:00:00-04:00,38.04999923706055,38.22999954223633,37.290000915527344,37.380001068115234,302100,0.0,0.0
2023-08-24 00:00:00-04:00,37.290000915527344,37.939998626708984,36.939998626708984,37.209999084472656,390200,0.0,0.0
2023-08-25 00:00:00-04:00,37.36000061035156,37.869998931884766,36.65999984741211,37.15999984741211,241900,0.0,0.0
2023-08-28 00:00:00-04:00,37.130001068115234,37.560001373291016,36.43000030517578,36.470001220703125,257800,0.0,0.0
2023-08-29 00:00:00-04:00,36.560001373291016,36.75,35.310001373291016,35.380001068115234,679300,0.0,0.0
2023-08-30 00:00:00-04:00,35.15999984741211,35.970001220703125,34.959999084472656,35.5099983215332,564600,0.0,0.0
2023-08-31 00:00:00-04:00,35.68000030517578,36.099998474121094,35.08000183105469,35.29999923706055,410800,0.0,0.0
2023-09-01 00:00:00-04:00,35.630001068115234,36.54999923706055,35.4900016784668,35.529998779296875,409900,0.0,0.0
2023-09-05 00:00:00-04:00,35.349998474121094,35.349998474121094,34.52000045776367,34.7599983215332,556000,0.0,0.0
2023-09-06 00:00:00-04:00,34.95000076293945,35.04999923706055,34.369998931884766,34.90999984741211,326000,0.0,0.0
2023-09-07 00:00:00-04:00,34.900001525878906,34.959999084472656,34.13999938964844,34.20000076293945,245300,0.0,0.0
2023-09-08 00:00:00-04:00,34.150001525878906,34.150001525878906,33.54999923706055,33.75,430300,0.0,0.0
2023-09-11 00:00:00-04:00,33.790000915527344,34.09000015258789,33.209999084472656,33.38999938964844,273500,0.0,0.0
2023-09-12 00:00:00-04:00,33.41999816894531,33.970001220703125,32.66999816894531,33.790000915527344,641400,0.0,0.0
2023-09-13 00:00:00-04:00,33.83000183105469,34.29999923706055,33.130001068115234,34.25,260100,0.0,0.0
2023-09-14 00:00:00-04:00,34.56999969482422,34.86000061035156,34.2400016784668,34.77000045776367,303700,0.0,0.0
2023-09-15 00:00:00-04:00,34.86000061035156,34.93000030517578,33.4900016784668,33.63999938964844,928400,0.0,0.0
2023-09-18 00:00:00-04:00,33.93000030517578,33.95000076293945,32.70000076293945,32.970001220703125,466600,0.0,0.0
2023-09-19 00:00:00-04:00,32.900001525878906,33.58000183105469,32.689998626708984,33.43000030517578,294300,0.0,0.0
2023-09-20 00:00:00-04:00,33.4900016784668,35.279998779296875,33.150001525878906,34.4900016784668,604300,0.0,0.0
2023-09-21 00:00:00-04:00,34.31999969482422,34.65999984741211,33.61000061035156,33.63999938964844,387100,0.0,0.0
2023-09-22 00:00:00-04:00,33.630001068115234,34.290000915527344,32.970001220703125,33.150001525878906,260100,0.0,0.0
2023-09-25 00:00:00-04:00,33.08000183105469,33.25,32.72999954223633,32.790000915527344,258800,0.0,0.0
2023-09-26 00:00:00-04:00,32.58000183105469,33.31999969482422,32.58000183105469,33.20000076293945,476800,0.0,0.0
2023-09-27 00:00:00-04:00,32.97999954223633,33.20000076293945,30.969999313354492,31.040000915527344,1024700,0.0,0.0
2023-09-28 00:00:00-04:00,30.93000030517578,31.299999237060547,30.489999771118164,30.850000381469727,646300,0.0,0.0
2023-09-29 00:00:00-04:00,31.1200008392334,31.1200008392334,30.43000030517578,30.68000030517578,738300,0.0,0.0
2023-10-02 00:00:00-04:00,30.75,30.760000228881836,29.639999389648438,29.860000610351562,779600,0.0,0.0
2023-10-03 00:00:00-04:00,29.780000686645508,29.780000686645508,28.540000915527344,29.229999542236328,822000,0.0,0.0
2023-10-04 00:00:00-04:00,29.110000610351562,29.5,28.549999237060547,28.65999984741211,497400,0.0,0.0
2023-10-05 00:00:00-04:00,28.68000030517578,29.1299991607666,28.450000762939453,29.059999465942383,636000,0.0,0.0
2023-10-06 00:00:00-04:00,29.030000686645508,29.8799991607666,28.81999969482422,29.799999237060547,481200,0.0,0.0
2023-10-09 00:00:00-04:00,29.790000915527344,30.280000686645508,29.520000457763672,30.260000228881836,293700,0.0,0.0
2023-10-10 00:00:00-04:00,30.3700008392334,31.6299991607666,30.3700008392334,31.489999771118164,880300,0.0,0.0
2023-10-11 00:00:00-04:00,31.5,31.639999389648438,29.75,30.139999389648438,521000,0.0,0.0
2023-10-12 00:00:00-04:00,30.149999618530273,30.149999618530273,29.290000915527344,29.399999618530273,358000,0.0,0.0
2023-10-13 00:00:00-04:00,29.15999984741211,29.299999237060547,28.309999465942383,29.139999389648438,592700,0.0,0.0
2023-10-16 00:00:00-04:00,29.299999237060547,30.389999389648438,29.020000457763672,29.639999389648438,588300,0.0,0.0
2023-10-17 00:00:00-04:00,29.559999465942383,30.31999969482422,29.559999465942383,29.860000610351562,448100,0.0,0.0
2023-10-18 00:00:00-04:00,29.6200008392334,29.6200008392334,28.959999084472656,29.399999618530273,271700,0.0,0.0
2023-10-19 00:00:00-04:00,29.3799991607666,29.690000534057617,28.649999618530273,28.690000534057617,435200,0.0,0.0
2023-10-20 00:00:00-04:00,28.739999771118164,28.979999542236328,28.469999313354492,28.510000228881836,379500,0.0,0.0
2023-10-23 00:00:00-04:00,28.290000915527344,28.6299991607666,27.610000610351562,28.010000228881836,418600,0.0,0.0
2023-10-24 00:00:00-04:00,28.190000534057617,28.75,27.959999084472656,28.219999313354492,313200,0.0,0.0
2023-10-25 00:00:00-04:00,27.979999542236328,28.09000015258789,26.860000610351562,27.239999771118164,416700,0.0,0.0
2023-10-26 00:00:00-04:00,27.43000030517578,27.959999084472656,27.139999389648438,27.290000915527344,353100,0.0,0.0
2023-10-27 00:00:00-04:00,27.110000610351562,27.68000030517578,26.59000015258789,27.56999969482422,436500,0.0,0.0
2023-10-30 00:00:00-04:00,27.920000076293945,28.5,27.65999984741211,27.780000686645508,369800,0.0,0.0
2023-10-31 00:00:00-04:00,27.829999923706055,28.5,27.829999923706055,28.260000228881836,402700,0.0,0.0
2023-11-01 00:00:00-04:00,28.079999923706055,28.649999618530273,27.690000534057617,28.309999465942383,451700,0.0,0.0
2023-11-02 00:00:00-04:00,28.299999237060547,29.3799991607666,27.43000030517578,29.190000534057617,935900,0.0,0.0
2023-11-03 00:00:00-04:00,29.760000228881836,31.139999389648438,29.229999542236328,31.040000915527344,737000,0.0,0.0
2023-11-06 00:00:00-05:00,30.790000915527344,31.270000457763672,30.299999237060547,30.739999771118164,706800,0.0,0.0
2023-11-07 00:00:00-05:00,30.600000381469727,30.760000228881836,29.549999237060547,30.280000686645508,558100,0.0,0.0
2023-11-08 00:00:00-05:00,30.440000534057617,30.68000030517578,29.43000030517578,29.920000076293945,375300,0.0,0.0
2023-11-09 00:00:00-05:00,30.239999771118164,30.34000015258789,27.6200008392334,28.43000030517578,744000,0.0,0.0
2023-11-10 00:00:00-05:00,28.739999771118164,30.059999465942383,28.1200008392334,28.479999542236328,508100,0.0,0.0
2023-11-13 00:00:00-05:00,28.200000762939453,28.559999465942383,27.780000686645508,28.1200008392334,281100,0.0,0.0
2023-11-14 00:00:00-05:00,28.18000030517578,29.0,28.010000228881836,28.110000610351562,709400,0.0,0.0
2023-11-15 00:00:00-05:00,28.030000686645508,29.1200008392334,27.969999313354492,28.559999465942383,1045500,0.0,0.0
2023-11-16 00:00:00-05:00,28.68000030517578,28.68000030517578,27.100000381469727,27.950000762939453,508000,0.0,0.0
2023-11-17 00:00:00-05:00,28.31999969482422,28.31999969482422,27.59000015258789,27.889999389648438,451800,0.0,0.0
2023-11-20 00:00:00-05:00,27.899999618530273,28.440000534057617,27.420000076293945,27.670000076293945,554000,0.0,0.0
2023-11-21 00:00:00-05:00,27.5,27.600000381469727,26.56999969482422,26.65999984741211,489000,0.0,0.0
2023-11-22 00:00:00-05:00,26.8799991607666,27.06999969482422,26.309999465942383,26.690000534057617,347700,0.0,0.0
2023-11-24 00:00:00-05:00,26.719999313354492,27.219999313354492,26.690000534057617,26.90999984741211,150600,0.0,0.0
2023-11-27 00:00:00-05:00,26.739999771118164,26.770000457763672,26.18000030517578,26.31999969482422,388100,0.0,0.0
2023-11-28 00:00:00-05:00,26.209999084472656,27.6200008392334,25.93000030517578,27.5,561200,0.0,0.0
2023-11-29 00:00:00-05:00,27.649999618530273,28.139999389648438,26.700000762939453,27.020000457763672,434200,0.0,0.0
2023-11-30 00:00:00-05:00,27.350000381469727,27.59000015258789,26.489999771118164,27.280000686645508,361500,0.0,0.0
2023-12-01 00:00:00-05:00,27.350000381469727,28.0,26.809999465942383,27.809999465942383,422200,0.0,0.0
2023-12-04 00:00:00-05:00,27.889999389648438,29.1200008392334,27.770000457763672,28.489999771118164,393800,0.0,0.0
2023-12-05 00:00:00-05:00,28.309999465942383,28.889999389648438,27.989999771118164,28.690000534057617,309000,0.0,0.0
2023-12-06 00:00:00-05:00,28.8700008392334,28.969999313354492,27.530000686645508,27.65999984741211,337900,0.0,0.0
2023-12-07 00:00:00-05:00,27.65999984741211,27.959999084472656,27.200000762939453,27.940000534057617,385300,0.0,0.0
2023-12-08 00:00:00-05:00,27.860000610351562,28.329999923706055,27.6200008392334,28.059999465942383,229600,0.0,0.0
2023-12-11 00:00:00-05:00,27.989999771118164,28.15999984741211,27.5,27.549999237060547,289100,0.0,0.0
2023-12-12 00:00:00-05:00,27.489999771118164,28.719999313354492,27.100000381469727,28.68000030517578,353100,0.0,0.0
2023-12-13 00:00:00-05:00,28.65999984741211,29.989999771118164,28.360000610351562,29.8799991607666,734700,0.0,0.0
2023-12-14 00:00:00-05:00,30.299999237060547,31.030000686645508,30.200000762939453,30.790000915527344,620200,0.0,0.0
2023-12-15 00:00:00-05:00,30.989999771118164,31.5,30.229999542236328,31.290000915527344,3720800,0.0,0.0
2023-12-18 00:00:00-05:00,31.229999542236328,31.479999542236328,30.709999084472656,30.850000381469727,719400,0.0,0.0
2023-12-19 00:00:00-05:00,31.280000686645508,31.850000381469727,31.270000457763672,31.469999313354492,510100,0.0,0.0
2023-12-20 00:00:00-05:00,32.15999984741211,33.38999938964844,31.940000534057617,32.209999084472656,751100,0.0,0.0
2023-12-21 00:00:00-05:00,32.2400016784668,33.369998931884766,32.20000076293945,32.970001220703125,630000,0.0,0.0
2023-12-22 00:00:00-05:00,33.16999816894531,33.709999084472656,32.54999923706055,33.04999923706055,400400,0.0,0.0
2023-12-26 00:00:00-05:00,33.2599983215332,33.779998779296875,33.209999084472656,33.619998931884766,359600,0.0,0.0
2023-12-27 00:00:00-05:00,33.75,34.43000030517578,33.689998626708984,34.310001373291016,508500,0.0,0.0
2023-12-28 00:00:00-05:00,34.13999938964844,34.52000045776367,33.45000076293945,33.58000183105469,484400,0.0,0.0
2023-12-29 00:00:00-05:00,33.5,33.790000915527344,32.91999816894531,33.7400016784668,419700,0.0,0.0
2024-01-02 00:00:00-05:00,33.47999954223633,33.720001220703125,31.969999313354492,32.0,679600,0.0,0.0
2024-01-03 00:00:00-05:00,32.189998626708984,32.529998779296875,31.34000015258789,32.06999969482422,480400,0.0,0.0
2024-01-04 00:00:00-05:00,32.150001525878906,32.61000061035156,31.559999465942383,32.41999816894531,381400,0.0,0.0
2024-01-05 00:00:00-05:00,32.2400016784668,34.86000061035156,32.11000061035156,34.27000045776367,599600,0.0,0.0
2024-01-08 00:00:00-05:00,34.290000915527344,35.95000076293945,34.150001525878906,35.47999954223633,691900,0.0,0.0
2024-01-09 00:00:00-05:00,35.310001373291016,35.810001373291016,34.02000045776367,34.72999954223633,465600,0.0,0.0
2024-01-10 00:00:00-05:00,34.779998779296875,34.779998779296875,32.869998931884766,33.16999816894531,616200,0.0,0.0
2024-01-11 00:00:00-05:00,32.939998626708984,32.939998626708984,31.0,32.650001525878906,848000,0.0,0.0
2024-01-12 00:00:00-05:00,33.0099983215332,33.0099983215332,32.029998779296875,32.22999954223633,344200,0.0,0.0
2024-01-16 00:00:00-05:00,32.25,32.5099983215332,31.579999923706055,32.33000183105469,385600,0.0,0.0
2024-01-17 00:00:00-05:00,31.860000610351562,32.20000076293945,31.200000762939453,31.639999389648438,390100,0.0,0.0
2024-01-18 00:00:00-05:00,31.850000381469727,32.06999969482422,31.40999984741211,31.729999542236328,414900,0.0,0.0
2024-01-19 00:00:00-05:00,31.790000915527344,31.889999389648438,31.100000381469727,31.84000015258789,306500,0.0,0.0
2024-01-22 00:00:00-05:00,32.130001068115234,32.849998474121094,31.760000228881836,32.29999923706055,390700,0.0,0.0
2024-01-23 00:00:00-05:00,32.709999084472656,32.959999084472656,31.81999969482422,32.400001525878906,262700,0.0,0.0
2024-01-24 00:00:00-05:00,32.779998779296875,32.959999084472656,31.6299991607666,32.18000030517578,291300,0.0,0.0
2024-01-25 00:00:00-05:00,32.630001068115234,32.84000015258789,31.959999084472656,32.38999938964844,259500,0.0,0.0
2024-01-26 00:00:00-05:00,32.66999816894531,32.77000045776367,32.029998779296875,32.04999923706055,267500,0.0,0.0
2024-01-29 00:00:00-05:00,32.02000045776367,32.81999969482422,31.5,32.470001220703125,375700,0.0,0.0
2024-01-30 00:00:00-05:00,33.63999938964844,33.63999938964844,32.349998474121094,33.06999969482422,554300,0.0,0.0
2024-01-31 00:00:00-05:00,33.060001373291016,34.0099983215332,32.4900016784668,32.59000015258789,584800,0.0,0.0
2024-02-01 00:00:00-05:00,32.650001525878906,32.650001525878906,31.700000762939453,31.780000686645508,550000,0.0,0.0
2024-02-02 00:00:00-05:00,31.079999923706055,31.149999618530273,30.139999389648438,30.34000015258789,1217500,0.0,0.0
2024-02-05 00:00:00-05:00,30.079999923706055,31.479999542236328,29.979999542236328,31.139999389648438,633600,0.0,0.0
2024-02-06 00:00:00-05:00,31.1200008392334,31.170000076293945,30.549999237060547,30.780000686645508,501200,0.0,0.0
2024-02-07 00:00:00-05:00,30.139999389648438,30.149999618530273,28.450000762939453,28.489999771118164,1045000,0.0,0.0
2024-02-08 00:00:00-05:00,28.549999237060547,28.8700008392334,27.3700008392334,27.700000762939453,1319200,0.0,0.0
2024-02-09 00:00:00-05:00,27.75,28.969999313354492,27.649999618530273,28.780000686645508,604000,0.0,0.0
2024-02-12 00:00:00-05:00,28.920000076293945,30.040000915527344,28.920000076293945,30.020000457763672,644700,0.0,0.0
2024-02-13 00:00:00-05:00,29.15999984741211,29.90999984741211,28.940000534057617,29.209999084472656,360700,0.0,0.0
2024-02-14 00:00:00-05:00,29.59000015258789,29.649999618530273,29.0,29.229999542236328,286700,0.0,0.0
2024-02-15 00:00:00-05:00,29.450000762939453,29.93000030517578,29.3700008392334,29.65999984741211,286800,0.0,0.0
2024-02-16 00:00:00-05:00,29.639999389648438,29.809999465942383,29.079999923706055,29.079999923706055,350000,0.0,0.0
2024-02-20 00:00:00-05:00,28.860000610351562,29.8799991607666,28.860000610351562,29.860000610351562,401500,0.0,0.0
2024-02-21 00:00:00-05:00,29.81999969482422,29.959999084472656,29.520000457763672,29.700000762939453,299900,0.0,0.0
2024-02-22 00:00:00-05:00,29.75,29.979999542236328,29.350000381469727,29.969999313354492,358300,0.0,0.0
2024-02-23 00:00:00-05:00,30.0,30.34000015258789,29.459999084472656,30.040000915527344,348500,0.0,0.0
2024-02-26 00:00:00-05:00,29.969999313354492,30.31999969482422,29.559999465942383,29.739999771118164,351700,0.0,0.0
2024-02-27 00:00:00-05:00,30.15999984741211,30.200000762939453,29.670000076293945,29.850000381469727,497600,0.0,0.0
2024-02-28 00:00:00-05:00,29.56999969482422,30.260000228881836,29.299999237060547,29.90999984741211,540700,0.0,0.0
2024-02-29 00:00:00-05:00,29.450000762939453,30.520000457763672,28.610000610351562,29.719999313354492,768400,0.0,0.0
2024-03-01 00:00:00-05:00,29.690000534057617,30.010000228881836,28.68000030517578,28.860000610351562,662200,0.0,0.0
2024-03-04 00:00:00-05:00,28.399999618530273,29.5,27.889999389648438,29.200000762939453,711600,0.0,0.0
2024-03-05 00:00:00-05:00,29.139999389648438,29.450000762939453,28.6200008392334,29.440000534057617,452600,0.0,0.0
2024-03-06 00:00:00-05:00,29.5,30.15999984741211,28.959999084472656,30.110000610351562,605400,0.0,0.0
2024-03-07 00:00:00-05:00,30.399999618530273,31.469999313354492,30.25,30.639999389648438,626700,0.0,0.0
2024-03-08 00:00:00-05:00,30.65999984741211,31.43000030517578,30.34000015258789,31.40999984741211,527900,0.0,0.0
2024-03-11 00:00:00-04:00,30.979999542236328,31.450000762939453,30.829999923706055,31.020000457763672,444100,0.0,0.0
2024-03-12 00:00:00-04:00,31.110000610351562,31.459999084472656,30.510000228881836,30.559999465942383,260200,0.0,0.0
2024-03-13 00:00:00-04:00,30.56999969482422,30.950000762939453,29.889999389648438,30.290000915527344,370000,0.0,0.0
2024-03-14 00:00:00-04:00,30.270000457763672,30.270000457763672,29.110000610351562,29.260000228881836,445700,0.0,0.0
2024-03-15 00:00:00-04:00,29.020000457763672,29.68000030517578,28.81999969482422,29.40999984741211,1256400,0.0,0.0
2024-03-18 00:00:00-04:00,29.420000076293945,29.6200008392334,28.700000762939453,29.290000915527344,328000,0.0,0.0
2024-03-19 00:00:00-04:00,29.229999542236328,29.719999313354492,28.8700008392334,29.469999313354492,287300,0.0,0.0
2024-03-20 00:00:00-04:00,29.399999618530273,30.15999984741211,29.079999923706055,30.020000457763672,276600,0.0,0.0
2024-03-21 00:00:00-04:00,30.15999984741211,30.389999389648438,29.219999313354492,29.290000915527344,535700,0.0,0.0
2024-03-22 00:00:00-04:00,29.3700008392334,29.450000762939453,28.440000534057617,28.670000076293945,360000,0.0,0.0
2024-03-25 00:00:00-04:00,28.8700008392334,29.399999618530273,28.600000381469727,29.229999542236328,383000,0.0,0.0
2024-03-26 00:00:00-04:00,29.479999542236328,29.479999542236328,28.25,28.510000228881836,531800,0.0,0.0
2024-03-27 00:00:00-04:00,28.729999542236328,29.299999237060547,28.360000610351562,29.040000915527344,556700,0.0,0.0
2024-03-28 00:00:00-04:00,29.149999618530273,29.579999923706055,28.860000610351562,29.219999313354492,569600,0.0,0.0
2024-04-01 00:00:00-04:00,29.440000534057617,29.440000534057617,28.43000030517578,29.149999618530273,335800,0.0,0.0
2024-04-02 00:00:00-04:00,28.799999237060547,29.170000076293945,28.309999465942383,28.510000228881836,477000,0.0,0.0
2024-04-03 00:00:00-04:00,28.329999923706055,29.1200008392334,28.260000228881836,29.010000228881836,307500,0.0,0.0
2024-04-04 00:00:00-04:00,29.049999237060547,29.469999313354492,28.18000030517578,28.399999618530273,403200,0.0,0.0
2024-04-05 00:00:00-04:00,28.3700008392334,28.450000762939453,27.940000534057617,28.15999984741211,415400,0.0,0.0
2024-04-08 00:00:00-04:00,28.100000381469727,28.729999542236328,28.100000381469727,28.479999542236328,326400,0.0,0.0
2024-04-09 00:00:00-04:00,28.600000381469727,28.84000015258789,27.979999542236328,28.520000457763672,363900,0.0,0.0
2024-04-10 00:00:00-04:00,27.889999389648438,28.3799991607666,27.520000457763672,27.829999923706055,444900,0.0,0.0
2024-04-11 00:00:00-04:00,28.09000015258789,28.09000015258789,27.219999313354492,27.360000610351562,323600,0.0,0.0
2024-04-12 00:00:00-04:00,27.290000915527344,27.290000915527344,26.610000610351562,26.829999923706055,471600,0.0,0.0
2024-04-15 00:00:00-04:00,26.889999389648438,27.040000915527344,25.760000228881836,26.530000686645508,604400,0.0,0.0
2024-04-16 00:00:00-04:00,26.43000030517578,27.6299991607666,26.290000915527344,26.8700008392334,721400,0.0,0.0
2024-04-17 00:00:00-04:00,27.020000457763672,27.139999389648438,26.360000610351562,26.770000457763672,415500,0.0,0.0
2024-04-18 00:00:00-04:00,26.790000915527344,26.84000015258789,26.079999923706055,26.100000381469727,622200,0.0,0.0
2024-04-19 00:00:00-04:00,25.979999542236328,26.34000015258789,25.90999984741211,26.25,449000,0.0,0.0
2024-04-22 00:00:00-04:00,26.190000534057617,26.670000076293945,25.739999771118164,26.100000381469727,375200,0.0,0.0
2024-04-23 00:00:00-04:00,26.239999771118164,27.09000015258789,26.190000534057617,26.809999465942383,497200,0.0,0.0
2024-04-24 00:00:00-04:00,26.649999618530273,26.770000457763672,25.780000686645508,25.899999618530273,359400,0.0,0.0
2024-04-25 00:00:00-04:00,25.700000762939453,26.0,25.329999923706055,25.5,305800,0.0,0.0
2024-04-26 00:00:00-04:00,25.34000015258789,26.3700008392334,25.329999923706055,26.329999923706055,304600,0.0,0.0
2024-04-29 00:00:00-04:00,26.420000076293945,26.709999084472656,26.040000915527344,26.049999237060547,540300,0.0,0.0
2024-04-30 00:00:00-04:00,25.860000610351562,26.309999465942383,25.440000534057617,26.25,479800,0.0,0.0
2024-05-01 00:00:00-04:00,26.280000686645508,27.1200008392334,26.270000457763672,26.950000762939453,449900,0.0,0.0
2024-05-02 00:00:00-04:00,27.270000457763672,27.399999618530273,26.649999618530273,27.31999969482422,340700,0.0,0.0
2024-05-03 00:00:00-04:00,27.68000030517578,27.770000457763672,27.049999237060547,27.209999084472656,247300,0.0,0.0
2024-05-06 00:00:00-04:00,27.450000762939453,27.860000610351562,26.469999313354492,26.5,733700,0.0,0.0
2024-05-07 00:00:00-04:00,26.75,27.270000457763672,26.43000030517578,26.510000228881836,734500,0.0,0.0
2024-05-08 00:00:00-04:00,28.899999618530273,30.59000015258789,28.25,29.649999618530273,1961600,0.0,0.0
2024-05-09 00:00:00-04:00,28.899999618530273,30.479999542236328,28.899999618530273,29.860000610351562,2347500,0.0,0.0
2024-05-10 00:00:00-04:00,29.860000610351562,30.700000762939453,29.139999389648438,29.420000076293945,5644100,0.0,0.0
2024-05-13 00:00:00-04:00,29.790000915527344,30.81999969482422,29.790000915527344,30.3799991607666,1243000,0.0,0.0
2024-05-14 00:00:00-04:00,30.6200008392334,31.100000381469727,30.219999313354492,30.81999969482422,1180600,0.0,0.0
2024-05-15 00:00:00-04:00,31.18000030517578,31.600000381469727,30.010000228881836,30.079999923706055,684400,0.0,0.0
2024-05-16 00:00:00-04:00,30.09000015258789,31.649999618530273,29.959999084472656,31.510000228881836,757500,0.0,0.0
2024-05-17 00:00:00-04:00,31.559999465942383,31.670000076293945,30.700000762939453,30.81999969482422,478800,0.0,0.0
2024-05-20 00:00:00-04:00,30.700000762939453,30.899999618530273,30.239999771118164,30.610000610351562,680300,0.0,0.0
2024-05-21 00:00:00-04:00,30.559999465942383,31.270000457763672,30.229999542236328,30.899999618530273,968500,0.0,0.0
2024-05-22 00:00:00-04:00,30.719999313354492,31.06999969482422,30.600000381469727,30.719999313354492,453300,0.0,0.0
2024-05-23 00:00:00-04:00,30.719999313354492,30.829999923706055,30.049999237060547,30.31999969482422,380900,0.0,0.0
2024-05-24 00:00:00-04:00,30.5,30.5,29.670000076293945,29.690000534057617,309400,0.0,0.0
2024-05-28 00:00:00-04:00,29.760000228881836,30.399999618530273,29.709999084472656,30.049999237060547,420000,0.0,0.0
2024-05-29 00:00:00-04:00,29.739999771118164,29.739999771118164,28.90999984741211,29.260000228881836,583500,0.0,0.0
2024-05-30 00:00:00-04:00,29.479999542236328,30.81999969482422,29.3700008392334,30.459999084472656,606700,0.0,0.0
2024-05-31 00:00:00-04:00,30.68000030517578,30.989999771118164,30.209999084472656,30.329999923706055,717100,0.0,0.0
2024-06-03 00:00:00-04:00,30.469999313354492,31.639999389648438,30.149999618530273,30.889999389648438,652700,0.0,0.0
2024-06-04 00:00:00-04:00,30.860000610351562,30.989999771118164,30.149999618530273,30.520000457763672,880600,0.0,0.0
2024-06-05 00:00:00-04:00,30.520000457763672,31.1299991607666,29.780000686645508,30.15999984741211,371800,0.0,0.0
2024-06-06 00:00:00-04:00,30.100000381469727,30.389999389648438,29.0,29.1200008392334,369500,0.0,0.0
2024-06-07 00:00:00-04:00,28.75,28.75,28.389999389648438,28.56999969482422,452700,0.0,0.0
2024-06-10 00:00:00-04:00,28.059999465942383,28.829999923706055,27.579999923706055,28.829999923706055,690600,0.0,0.0
2024-06-11 00:00:00-04:00,28.56999969482422,29.020000457763672,27.6299991607666,28.969999313354492,683600,0.0,0.0
2024-06-12 00:00:00-04:00,29.389999389648438,29.950000762939453,28.280000686645508,28.68000030517578,853300,0.0,0.0
2024-06-13 00:00:00-04:00,28.3799991607666,28.799999237060547,27.940000534057617,28.3700008392334,736200,0.0,0.0
2024-06-14 00:00:00-04:00,27.899999618530273,28.270000457763672,27.770000457763672,28.1299991607666,609800,0.0,0.0
2024-06-17 00:00:00-04:00,28.079999923706055,28.139999389648438,27.15999984741211,27.34000015258789,795900,0.0,0.0
2024-06-18 00:00:00-04:00,27.280000686645508,28.209999084472656,27.209999084472656,28.190000534057617,988100,0.0,0.0
2024-06-20 00:00:00-04:00,27.90999984741211,28.920000076293945,27.889999389648438,28.0,727200,0.0,0.0
2024-06-21 00:00:00-04:00,28.049999237060547,29.149999618530273,27.989999771118164,28.649999618530273,2000100,0.0,0.0
2024-06-24 00:00:00-04:00,28.690000534057617,29.610000610351562,28.309999465942383,29.049999237060547,944300,0.0,0.0
2024-06-25 00:00:00-04:00,29.010000228881836,29.09000015258789,28.350000381469727,28.3799991607666,719000,0.0,0.0
2024-06-26 00:00:00-04:00,28.18000030517578,28.329999923706055,27.18000030517578,27.610000610351562,822700,0.0,0.0
2024-06-27 00:00:00-04:00,27.84000015258789,28.059999465942383,27.3799991607666,27.90999984741211,438300,0.0,0.0
2024-06-28 00:00:00-04:00,28.149999618530273,28.950000762939453,27.889999389648438,28.610000610351562,2334000,0.0,0.0
2024-07-01 00:00:00-04:00,28.770000457763672,29.329999923706055,28.450000762939453,28.459999084472656,728000,0.0,0.0
2024-07-02 00:00:00-04:00,28.25,28.6299991607666,20.520000457763672,22.739999771118164,9128600,0.0,0.0
2024-07-03 00:00:00-04:00,21.709999084472656,22.56999969482422,21.40999984741211,21.65999984741211,1044200,0.0,0.0
2024-07-05 00:00:00-04:00,21.59000015258789,21.59000015258789,20.81999969482422,21.059999465942383,1190900,0.0,0.0
2024-07-08 00:00:00-04:00,20.979999542236328,21.260000228881836,20.520000457763672,20.600000381469727,1263500,0.0,0.0
2024-07-09 00:00:00-04:00,20.540000915527344,21.65999984741211,20.25,20.959999084472656,1040800,0.0,0.0
2024-07-10 00:00:00-04:00,21.0,21.200000762939453,20.079999923706055,20.34000015258789,980600,0.0,0.0
2024-07-11 00:00:00-04:00,20.920000076293945,21.829999923706055,20.5,21.809999465942383,1049800,0.0,0.0
2024-07-12 00:00:00-04:00,22.139999389648438,22.309999465942383,21.280000686645508,21.760000228881836,945900,0.0,0.0
2024-07-15 00:00:00-04:00,21.84000015258789,22.1299991607666,21.149999618530273,21.299999237060547,1598000,0.0,0.0
2024-07-16 00:00:00-04:00,21.540000915527344,21.799999237060547,20.920000076293945,21.3700008392334,1443800,0.0,0.0
2024-07-17 00:00:00-04:00,21.200000762939453,21.760000228881836,20.65999984741211,20.989999771118164,1101100,0.0,0.0
2024-07-18 00:00:00-04:00,20.700000762939453,21.690000534057617,20.0,20.219999313354492,1492200,0.0,0.0
2024-07-19 00:00:00-04:00,20.270000457763672,20.579999923706055,19.34000015258789,19.3700008392334,1062900,0.0,0.0
2024-07-22 00:00:00-04:00,19.549999237060547,20.350000381469727,19.520000457763672,20.209999084472656,1166500,0.0,0.0
2024-07-23 00:00:00-04:00,20.139999389648438,20.200000762939453,19.6299991607666,19.979999542236328,927400,0.0,0.0
2024-07-24 00:00:00-04:00,19.90999984741211,20.420000076293945,19.700000762939453,20.260000228881836,1412900,0.0,0.0
2024-07-25 00:00:00-04:00,20.229999542236328,20.399999618530273,19.68000030517578,19.979999542236328,1470400,0.0,0.0
2024-07-26 00:00:00-04:00,20.280000686645508,20.579999923706055,19.940000534057617,20.030000686645508,973300,0.0,0.0
2024-07-29 00:00:00-04:00,19.959999084472656,20.440000534057617,19.670000076293945,20.360000610351562,833600,0.0,0.0
2024-07-30 00:00:00-04:00,20.34000015258789,20.540000915527344,19.489999771118164,19.540000915527344,978600,0.0,0.0
2024-07-31 00:00:00-04:00,22.190000534057617,22.8799991607666,20.31999969482422,20.649999618530273,1534900,0.0,0.0
2024-08-01 00:00:00-04:00,20.850000381469727,21.25,20.229999542236328,20.75,743100,0.0,0.0
2024-08-02 00:00:00-04:00,20.049999237060547,21.399999618530273,19.979999542236328,21.260000228881836,942300,0.0,0.0
2024-08-05 00:00:00-04:00,20.190000534057617,20.540000915527344,19.75,20.18000030517578,577600,0.0,0.0
2024-08-06 00:00:00-04:00,20.399999618530273,21.889999389648438,20.059999465942383,21.610000610351562,1122100,0.0,0.0
2024-08-07 00:00:00-04:00,21.729999542236328,22.399999618530273,21.729999542236328,22.329999923706055,1010600,0.0,0.0
2024-08-08 00:00:00-04:00,22.5,22.81999969482422,22.149999618530273,22.360000610351562,557200,0.0,0.0
2024-08-09 00:00:00-04:00,22.360000610351562,24.0,11.699999809265137,11.699999809265137,3264600,0.0,0.0
2024-08-12 00:00:00-04:00,12.0600004196167,12.880000114440918,11.260000228881836,12.289999961853027,6889000,0.0,0.0
2024-08-13 00:00:00-04:00,11.550000190734863,12.75,11.15999984741211,12.399999618530273,4321400,0.0,0.0
2024-08-14 00:00:00-04:00,12.710000038146973,12.899999618530273,12.140000343322754,12.470000267028809,1825400,0.0,0.0
2024-08-15 00:00:00-04:00,12.760000228881836,13.420000076293945,12.760000228881836,13.350000381469727,1849500,0.0,0.0
2024-08-16 00:00:00-04:00,13.3100004196167,13.350000381469727,12.770000457763672,12.9399995803833,1498200,0.0,0.0
2024-08-19 00:00:00-04:00,13.170000076293945,14.039999961853027,13.069999694824219,13.979999542236328,1605900,0.0,0.0
2024-08-20 00:00:00-04:00,13.75,14.0,13.579999923706055,13.890000343322754,1195300,0.0,0.0
2024-08-21 00:00:00-04:00,13.930000305175781,14.029999732971191,13.779999732971191,13.850000381469727,931600,0.0,0.0
2024-08-22 00:00:00-04:00,13.739999771118164,13.989999771118164,13.59000015258789,13.970000267028809,1131900,0.0,0.0
2024-08-23 00:00:00-04:00,14.020000457763672,14.399999618530273,13.880000114440918,14.1899995803833,1039400,0.0,0.0
2024-08-26 00:00:00-04:00,14.289999961853027,14.569999694824219,13.979999542236328,14.479999542236328,985200,0.0,0.0
2024-08-27 00:00:00-04:00,14.520000457763672,14.710000038146973,14.319999694824219,14.479999542236328,656400,0.0,0.0
2024-08-28 00:00:00-04:00,14.420000076293945,14.970000267028809,14.369999885559082,14.899999618530273,811500,0.0,0.0
2024-08-29 00:00:00-04:00,15.0,15.59000015258789,14.949999809265137,15.359999656677246,840900,0.0,0.0
2024-08-30 00:00:00-04:00,15.369999885559082,15.800000190734863,15.289999961853027,15.5600004196167,702300,0.0,0.0
2024-09-03 00:00:00-04:00,15.289999961853027,15.729999542236328,15.140000343322754,15.180000305175781,920800,0.0,0.0
2024-09-04 00:00:00-04:00,15.109999656677246,15.59000015258789,15.0600004196167,15.140000343322754,1337600,0.0,0.0
2024-09-05 00:00:00-04:00,15.170000076293945,15.359999656677246,14.640000343322754,14.680000305175781,645400,0.0,0.0
2024-09-06 00:00:00-04:00,14.670000076293945,14.899999618530273,13.770000457763672,13.850000381469727,884100,0.0,0.0
2024-09-09 00:00:00-04:00,13.920000076293945,14.0600004196167,13.109999656677246,13.229999542236328,1109100,0.0,0.0
2024-09-10 00:00:00-04:00,13.25,13.65999984741211,13.1899995803833,13.25,1128500,0.0,0.0
2024-09-11 00:00:00-04:00,13.270000457763672,13.4399995803833,12.850000381469727,13.0,1004600,0.0,0.0
2024-09-12 00:00:00-04:00,13.020000457763672,13.229999542236328,12.609999656677246,12.729999542236328,1068200,0.0,0.0
2024-09-13 00:00:00-04:00,12.859999656677246,13.270000457763672,12.84000015258789,13.109999656677246,886200,0.0,0.0
2024-09-16 00:00:00-04:00,13.140000343322754,13.899999618530273,13.039999961853027,13.489999771118164,1976700,0.0,0.0
2024-09-17 00:00:00-04:00,13.579999923706055,14.5600004196167,13.420000076293945,14.350000381469727,984100,0.0,0.0
2024-09-18 00:00:00-04:00,14.350000381469727,15.220000267028809,14.109999656677246,14.649999618530273,953000,0.0,0.0
2024-09-19 00:00:00-04:00,14.880000114440918,15.229999542236328,14.5,14.6899995803833,898000,0.0,0.0
2024-09-20 00:00:00-04:00,14.630000114440918,15.149999618530273,14.479999542236328,14.529999732971191,4300700,0.0,0.0
2024-09-23 00:00:00-04:00,14.390000343322754,14.59000015258789,13.930000305175781,14.279999732971191,1154800,0.0,0.0
2024-09-24 00:00:00-04:00,14.449999809265137,14.829999923706055,14.199999809265137,14.260000228881836,1233300,0.0,0.0
2024-09-25 00:00:00-04:00,14.609999656677246,14.9399995803833,13.789999961853027,13.90999984741211,1222600,0.0,0.0
2024-09-26 00:00:00-04:00,14.039999961853027,14.600000381469727,13.890000343322754,14.329999923706055,625600,0.0,0.0
2024-09-27 00:00:00-04:00,14.5600004196167,14.75,14.1899995803833,14.539999961853027,632700,0.0,0.0
2024-09-30 00:00:00-04:00,14.5,15.069999694824219,14.350000381469727,15.050000190734863,668200,0.0,0.0
2024-10-01 00:00:00-04:00,15.010000228881836,15.4399995803833,14.720000267028809,15.300000190734863,908800,0.0,0.0
2024-10-02 00:00:00-04:00,15.180000305175781,15.600000381469727,14.90999984741211,15.529999732971191,683900,0.0,0.0
2024-10-03 00:00:00-04:00,15.369999885559082,16.270000457763672,15.300000190734863,15.890000343322754,862600,0.0,0.0
2024-10-04 00:00:00-04:00,16.049999237060547,16.6299991607666,15.899999618530273,16.520000457763672,669700,0.0,0.0
2024-10-07 00:00:00-04:00,16.549999237060547,16.59000015258789,15.670000076293945,15.989999771118164,671300,0.0,0.0
2024-10-08 00:00:00-04:00,15.899999618530273,16.110000610351562,15.640000343322754,15.65999984741211,915900,0.0,0.0
2024-10-09 00:00:00-04:00,15.800000190734863,16.170000076293945,15.470000267028809,15.579999923706055,471100,0.0,0.0
2024-10-10 00:00:00-04:00,15.470000267028809,15.609999656677246,15.15999984741211,15.510000228881836,640000,0.0,0.0
2024-10-11 00:00:00-04:00,15.5,16.309999465942383,15.5,16.219999313354492,751300,0.0,0.0
2024-10-14 00:00:00-04:00,16.25,16.389999389648438,15.920000076293945,16.31999969482422,376100,0.0,0.0
2024-10-15 00:00:00-04:00,16.290000915527344,16.84000015258789,16.290000915527344,16.690000534057617,741800,0.0,0.0
2024-10-16 00:00:00-04:00,16.760000228881836,16.93000030517578,16.559999465942383,16.6299991607666,389200,0.0,0.0
2024-10-17 00:00:00-04:00,16.59000015258789,17.219999313354492,16.43000030517578,16.950000762939453,531100,0.0,0.0
2024-10-18 00:00:00-04:00,16.959999084472656,17.530000686645508,16.649999618530273,17.489999771118164,580800,0.0,0.0
2024-10-21 00:00:00-04:00,17.299999237060547,17.559999465942383,17.0,17.329999923706055,600200,0.0,0.0
2024-10-22 00:00:00-04:00,17.31999969482422,17.690000534057617,17.09000015258789,17.6299991607666,575000,0.0,0.0
2024-10-23 00:00:00-04:00,17.600000381469727,17.700000762939453,17.09000015258789,17.3799991607666,505100,0.0,0.0
2024-10-24 00:00:00-04:00,17.31999969482422,17.489999771118164,17.0,17.020000457763672,387700,0.0,0.0
2024-10-25 00:00:00-04:00,17.030000686645508,17.34000015258789,16.809999465942383,16.829999923706055,341300,0.0,0.0
2024-10-28 00:00:00-04:00,16.8799991607666,17.56999969482422,16.709999084472656,17.1299991607666,387600,0.0,0.0
2024-10-29 00:00:00-04:00,17.1299991607666,17.280000686645508,16.989999771118164,17.18000030517578,409200,0.0,0.0
2024-10-30 00:00:00-04:00,16.979999542236328,17.43000030517578,16.739999771118164,16.8700008392334,398900,0.0,0.0
2024-10-31 00:00:00-04:00,16.829999923706055,16.920000076293945,16.200000762939453,16.600000381469727,573600,0.0,0.0
2024-11-01 00:00:00-04:00,16.790000915527344,17.06999969482422,16.399999618530273,16.56999969482422,467000,0.0,0.0
2024-11-04 00:00:00-05:00,16.540000915527344,16.950000762939453,16.09000015258789,16.450000762939453,474300,0.0,0.0
2024-11-05 00:00:00-05:00,16.309999465942383,17.530000686645508,16.239999771118164,17.280000686645508,560400,0.0,0.0
2024-11-06 00:00:00-05:00,18.010000228881836,18.299999237060547,17.15999984741211,17.670000076293945,728300,0.0,0.0
2024-11-07 00:00:00-05:00,17.579999923706055,18.219999313354492,17.030000686645508,17.700000762939453,607600,0.0,0.0
2024-11-08 00:00:00-05:00,17.59000015258789,18.34000015258789,17.190000534057617,17.239999771118164,756200,0.0,0.0
2024-11-11 00:00:00-05:00,17.43000030517578,17.8700008392334,17.350000381469727,17.5,536000,0.0,0.0
2024-11-12 00:00:00-05:00,17.1299991607666,17.540000915527344,16.399999618530273,16.799999237060547,732400,0.0,0.0
2024-11-13 00:00:00-05:00,16.809999465942383,17.020000457763672,16.110000610351562,16.450000762939453,650500,0.0,0.0
2024-11-14 00:00:00-05:00,16.59000015258789,16.959999084472656,16.280000686645508,16.3700008392334,434400,0.0,0.0
2024-11-15 00:00:00-05:00,16.549999237060547,16.65999984741211,16.209999084472656,16.600000381469727,780400,0.0,0.0
2024-11-18 00:00:00-05:00,16.639999389648438,16.81999969482422,16.0,16.639999389648438,621800,0.0,0.0
2024-11-19 00:00:00-05:00,16.459999084472656,16.90999984741211,16.459999084472656,16.729999542236328,919700,0.0,0.0
2024-11-20 00:00:00-05:00,16.610000610351562,17.270000457763672,16.59000015258789,17.030000686645508,466600,0.0,0.0
2024-11-21 00:00:00-05:00,17.149999618530273,17.549999237060547,17.020000457763672,17.3799991607666,397600,0.0,0.0
2024-11-22 00:00:00-05:00,17.40999984741211,17.780000686645508,17.239999771118164,17.549999237060547,495200,0.0,0.0
2024-11-25 00:00:00-05:00,17.700000762939453,18.09000015258789,17.40999984741211,17.420000076293945,532300,0.0,0.0
2024-11-26 00:00:00-05:00,17.229999542236328,17.34000015258789,16.290000915527344,16.780000686645508,475100,0.0,0.0
2024-11-27 00:00:00-05:00,16.799999237060547,17.0,16.530000686645508,16.639999389648438,487700,0.0,0.0
2024-11-29 00:00:00-05:00,16.639999389648438,17.010000228881836,16.469999313354492,16.90999984741211,296400,0.0,0.0
2024-12-02 00:00:00-05:00,16.950000762939453,17.860000610351562,16.780000686645508,17.809999465942383,589200,0.0,0.0
2024-12-03 00:00:00-05:00,17.940000534057617,17.940000534057617,16.40999984741211,16.68000030517578,1419800,0.0,0.0
2024-12-04 00:00:00-05:00,16.709999084472656,19.489999771118164,16.639999389648438,19.09000015258789,1655500,0.0,0.0
2024-12-05 00:00:00-05:00,19.34000015258789,19.540000915527344,18.540000915527344,18.670000076293945,1167100,0.0,0.0
2024-12-06 00:00:00-05:00,18.670000076293945,19.399999618530273,18.670000076293945,19.270000457763672,1595000,0.0,0.0
2024-12-09 00:00:00-05:00,19.299999237060547,19.809999465942383,18.81999969482422,19.09000015258789,949800,0.0,0.0
2024-12-10 00:00:00-05:00,19.25,19.850000381469727,18.760000228881836,19.760000228881836,1097700,0.0,0.0
2024-12-11 00:00:00-05:00,19.850000381469727,20.399999618530273,19.399999618530273,20.329999923706055,681000,0.0,0.0
2024-12-12 00:00:00-05:00,20.079999923706055,20.420000076293945,19.760000228881836,19.799999237060547,600400,0.0,0.0
2024-12-13 00:00:00-05:00,19.760000228881836,19.90999984741211,18.729999542236328,19.860000610351562,605500,0.0,0.0
2024-12-16 00:00:00-05:00,19.459999084472656,20.270000457763672,19.139999389648438,19.8700008392334,702900,0.0,0.0
2024-12-17 00:00:00-05:00,19.719999313354492,20.010000228881836,19.329999923706055,19.829999923706055,690300,0.0,0.0
2024-12-18 00:00:00-05:00,19.760000228881836,20.34000015258789,19.100000381469727,19.190000534057617,585700,0.0,0.0
2024-12-19 00:00:00-05:00,19.170000076293945,19.709999084472656,19.059999465942383,19.56999969482422,863000,0.0,0.0
2024-12-20 00:00:00-05:00,19.06999969482422,19.799999237060547,18.729999542236328,18.979999542236328,3169900,0.0,0.0
2024-12-23 00:00:00-05:00,19.079999923706055,19.65999984741211,18.959999084472656,19.200000762939453,905000,0.0,0.0
2024-12-24 00:00:00-05:00,19.25,19.489999771118164,18.93000030517578,19.469999313354492,269900,0.0,0.0
2024-12-26 00:00:00-05:00,19.360000610351562,19.860000610351562,19.25,19.809999465942383,474300,0.0,0.0
2024-12-27 00:00:00-05:00,19.81999969482422,20.040000915527344,19.469999313354492,19.649999618530273,408400,0.0,0.0
2024-12-30 00:00:00-05:00,19.399999618530273,19.700000762939453,18.889999389648438,18.940000534057617,413900,0.0,0.0
2024-12-31 00:00:00-05:00,18.989999771118164,19.43000030517578,18.799999237060547,18.84000015258789,409400,0.0,0.0
2025-01-02 00:00:00-05:00,19.049999237060547,19.450000762939453,18.270000457763672,18.329999923706055,630900,0.0,0.0
2025-01-03 00:00:00-05:00,18.5,18.860000610351562,18.34000015258789,18.399999618530273,428400,0.0,0.0
2025-01-06 00:00:00-05:00,18.399999618530273,19.15999984741211,18.170000076293945,18.6299991607666,581900,0.0,0.0
2025-01-07 00:00:00-05:00,18.799999237060547,19.15999984741211,18.399999618530273,18.68000030517578,596200,0.0,0.0
2025-01-08 00:00:00-05:00,18.549999237060547,18.84000015258789,18.18000030517578,18.579999923706055,394400,0.0,0.0
2025-01-10 00:00:00-05:00,20.139999389648438,22.360000610351562,19.809999465942383,20.639999389648438,1678300,0.0,0.0
2025-01-13 00:00:00-05:00,21.010000228881836,21.969999313354492,20.079999923706055,21.1299991607666,1179800,0.0,0.0
2025-01-14 00:00:00-05:00,21.1200008392334,21.40999984741211,20.329999923706055,20.549999237060547,690200,0.0,0.0
2025-01-15 00:00:00-05:00,20.739999771118164,22.200000762939453,20.329999923706055,21.8799991607666,813600,0.0,0.0
2025-01-16 00:00:00-05:00,21.8799991607666,22.440000534057617,21.249900817871094,22.059999465942383,778070,0.0,0.0
