Date,Open,High,Low,Close,Volume,Dividends,Stock Splits
2022-01-03 00:00:00-05:00,7.487710071871697,7.7834672927856445,7.422787620853146,7.7834672927856445,53600,0.0,0.0
2022-01-04 00:00:00-05:00,7.913311481475829,7.913311481475829,7.790680349038036,7.91331148147583,45400,0.0,0.0
2022-01-05 00:00:00-05:00,7.812322343520007,7.855604210749394,7.675264358520508,7.675264358520508,24900,0.0,0.0
2022-01-06 00:00:00-05:00,7.588700627671873,7.841175985259494,7.588700627671873,7.7834672927856445,19600,0.0,0.0
2022-01-07 00:00:00-05:00,7.675262901252344,7.783466516868758,7.581486113345273,7.646408557891846,23900,0.0,0.0
2022-01-10 00:00:00-05:00,7.639196710534151,7.67526482074041,7.567060490121631,7.595914840698242,15500,0.0,0.0
2022-01-11 00:00:00-05:00,7.631981207380881,7.754612341301932,7.5670587614295215,7.639194965362549,17300,0.0,0.0
2022-01-12 00:00:00-05:00,7.64640797174087,7.862815186384562,7.64640797174087,7.841174602508545,36800,0.0,0.0
2022-01-13 00:00:00-05:00,7.934952898213852,8.454331825993396,7.934952898213852,8.3461275100708,130600,0.0,0.0
2022-01-14 00:00:00-05:00,8.367769284812148,8.461545401082956,8.259564962439637,8.425477981567383,92600,0.0,0.0
2022-01-18 00:00:00-05:00,8.331701177354644,8.47597291924273,8.302846828977026,8.425477981567383,30100,0.0,0.0
2022-01-19 00:00:00-05:00,8.41104996203598,8.512040519308691,8.281205058105622,8.3461275100708,26600,0.0,0.0
2022-01-20 00:00:00-05:00,8.346127246697542,8.454331559205604,8.187428689059372,8.237923622131348,41700,0.0,0.0
2022-01-21 00:00:00-05:00,8.060922501053321,8.186298292628527,7.8544207835536115,7.957671642303467,114500,0.25,0.0
2022-01-24 00:00:00-05:00,7.99454801747249,7.99454801747249,7.448794916010543,7.832296848297119,78000,0.0,0.0
2022-01-25 00:00:00-05:00,7.780671458719802,7.8839216232299805,7.692171016280079,7.8839216232299805,20600,0.0,0.0
2022-01-26 00:00:00-05:00,7.928172822415811,7.928172822415811,7.758547136841287,7.780672073364258,25500,0.0,0.0
2022-01-27 00:00:00-05:00,7.751171336762007,7.832296566764123,7.633170746453839,7.677420616149902,29100,0.0,0.0
2022-01-28 00:00:00-05:00,7.692170686254639,7.854421138763428,7.596295035223647,7.854421138763428,35200,0.0,0.0
2022-01-31 00:00:00-05:00,7.854422108475447,8.001923561096191,7.854422108475447,8.001923561096191,28600,0.0,0.0
2022-02-01 00:00:00-05:00,7.9429218091255995,8.252672974313736,7.8322957398865505,8.201047897338867,43200,0.0,0.0
2022-02-02 00:00:00-05:00,8.26004963039844,8.26004963039844,7.979797857336578,8.127299308776855,43700,0.0,0.0
2022-02-03 00:00:00-05:00,7.95029685608094,8.245299024021831,7.95029685608094,8.083047866821289,24000,0.0,0.0
2022-02-04 00:00:00-05:00,8.13467297964319,8.186298763658067,7.994547459234746,8.164173126220703,21600,0.0,0.0
2022-02-07 00:00:00-05:00,8.171549215614712,8.178924428885292,8.06829833984375,8.06829833984375,21400,0.0,0.0
2022-02-08 00:00:00-05:00,8.112549188664826,8.17892470365179,8.009298309425207,8.14942455291748,11300,0.0,0.0
2022-02-09 00:00:00-05:00,8.186298487007985,8.260048499289951,8.112547771387067,8.223173141479492,11900,0.0,0.0
2022-02-10 00:00:00-05:00,8.112548097122195,8.245299109234486,8.038797378540039,8.038797378540039,17500,0.0,0.0
2022-02-11 00:00:00-05:00,7.994546927797581,8.223172872740664,7.994546927797581,8.075672149658203,25000,0.0,0.0
2022-02-14 00:00:00-05:00,8.142046960549832,8.164171891301589,7.972421319221584,8.016671180725098,37600,0.0,0.0
2022-02-15 00:00:00-05:00,8.127298332680507,8.20104834620415,8.127298332680507,8.193673133850098,14400,0.0,0.0
2022-02-16 00:00:00-05:00,8.164172366078994,8.3706740762338,8.164172366078994,8.355923652648926,28600,0.0,0.0
2022-02-17 00:00:00-05:00,8.370675142378943,8.407549799359918,8.230548913830845,8.245299339294434,22700,0.0,0.0
2022-02-18 00:00:00-05:00,8.27479993813658,8.363300385727358,8.230549362671674,8.237924575805664,16100,0.0,0.0
2022-02-22 00:00:00-05:00,8.35592302705728,8.35592302705728,7.972421185968358,8.046171188354492,20000,0.0,0.0
2022-02-23 00:00:00-05:00,8.112549135195486,8.208424800284849,8.053548834115736,8.134674072265625,15000,0.0,0.0
2022-02-24 00:00:00-05:00,8.090423665260998,8.186299324035645,7.935547709292571,8.186299324035645,36100,0.0,0.0
2022-02-25 00:00:00-05:00,8.053548616641642,8.164174002344133,8.046173403371062,8.06829833984375,14000,0.0,0.0
2022-02-28 00:00:00-05:00,8.060923602087996,8.208424346635551,8.02404824011635,8.142048835754395,11200,0.0,0.0
2022-03-01 00:00:00-05:00,8.068298626165253,8.11254920402001,7.972423663601584,8.009298324584961,11000,0.0,0.0
2022-03-02 00:00:00-05:00,8.105172157287598,8.201047801505517,8.105172157287598,8.105172157287598,13300,0.0,0.0
2022-03-03 00:00:00-05:00,8.156798388640441,8.164172897574057,7.965047089587324,8.097797393798828,9500,0.0,0.0
2022-03-04 00:00:00-05:00,8.134671613221165,8.134671613221165,7.935545833105863,8.046171188354492,7700,0.0,0.0
2022-03-07 00:00:00-05:00,7.972422426959318,7.9945473607852495,7.751170978683101,7.854421138763428,43300,0.0,0.0
2022-03-08 00:00:00-05:00,7.765920700120734,7.9355470683567875,7.765920700120734,7.854421138763428,23200,0.0,0.0
2022-03-09 00:00:00-05:00,7.817546873579458,7.928172251568063,7.751171365450695,7.898672103881836,23300,0.0,0.0
2022-03-10 00:00:00-05:00,7.883922747531178,7.883922747531178,7.75854763036647,7.86179780960083,3700,0.0,0.0
2022-03-11 00:00:00-05:00,7.7880461475228335,7.935546875000001,7.7880461475228335,7.935546875,10500,0.0,0.0
2022-03-14 00:00:00-04:00,7.854422146420644,7.913422446418355,7.802797059757411,7.8691725730896,14000,0.0,0.0
2022-03-15 00:00:00-04:00,7.869171446920353,7.891296380418398,7.78067100958922,7.817546367645264,16800,0.0,0.0
2022-03-16 00:00:00-04:00,7.935546875000001,7.935546875000001,7.802795868601076,7.935546875,24000,0.0,0.0
2022-03-17 00:00:00-04:00,7.839671118383854,8.060922558223321,7.839671118383854,7.972422122955322,15300,0.0,0.0
2022-03-18 00:00:00-04:00,8.031424060561191,8.444426176527953,7.847047940098401,8.407550811767578,61800,0.0,0.0
2022-03-21 00:00:00-04:00,7.854420849673547,8.422299522569855,7.854420849673547,8.392799377441406,28600,0.0,0.0
2022-03-22 00:00:00-04:00,7.935547253392265,8.400175094604492,7.935547253392265,8.400175094604492,13100,0.0,0.0
2022-03-23 00:00:00-04:00,8.355924942624348,8.370675368486374,8.186299265245168,8.311675071716309,8900,0.0,0.0
2022-03-24 00:00:00-04:00,8.134673478067098,8.370675368486374,8.134673478067098,8.311675071716309,12700,0.0,0.0
2022-03-25 00:00:00-04:00,8.186299465512967,8.355925147041834,8.075673378858502,8.15679931640625,24000,0.0,0.0
2022-03-28 00:00:00-04:00,8.319047985475832,8.3337984085083,8.208422626087838,8.3337984085083,14000,0.0,0.0
2022-03-29 00:00:00-04:00,8.193673133850098,8.341174567575312,8.193673133850098,8.193673133850098,7500,0.0,0.0
2022-03-30 00:00:00-04:00,8.289549661065525,8.333800236530433,8.230549362671674,8.237924575805664,20400,0.0,0.0
2022-03-31 00:00:00-04:00,8.201047449280189,8.260047734982004,8.201047449280189,8.208422660827637,11500,0.0,0.0
2022-04-01 00:00:00-04:00,8.2600495118686,8.385425321790294,8.186299490545803,8.237924575805664,22000,0.0,0.0
2022-04-04 00:00:00-04:00,8.186298905656177,8.304299494013046,8.156798758566959,8.274799346923828,14700,0.0,0.0
2022-04-05 00:00:00-04:00,8.319049160054425,8.319049160054425,8.223173506823196,8.260048866271973,3700,0.0,0.0
2022-04-06 00:00:00-04:00,8.30429940276462,8.30429940276462,8.016672444300983,8.038797378540039,33100,0.0,0.0
2022-04-07 00:00:00-04:00,8.024046257972538,8.215797530186427,7.9797956938697725,8.046171188354492,18400,0.0,0.0
2022-04-08 00:00:00-04:00,8.119923813857886,8.208424259648556,8.068298026309064,8.186299324035645,12800,0.0,0.0
2022-04-11 00:00:00-04:00,8.223173528427342,8.223173528427342,8.031422924800093,8.053547859191895,11000,0.0,0.0
2022-04-12 00:00:00-04:00,8.17892300748539,8.17892300748539,8.053547217030566,8.075672149658203,2600,0.0,0.0
2022-04-13 00:00:00-04:00,8.068298026309064,8.1936738336806,8.060923516664108,8.186299324035645,8700,0.0,0.0
2022-04-14 00:00:00-04:00,8.186298624835006,8.193673133850098,8.075672549541096,8.193673133850098,15900,0.0,0.0
2022-04-18 00:00:00-04:00,8.215798321239644,8.260048186264125,8.149422820363998,8.201047897338867,14400,0.0,0.0
2022-04-19 00:00:00-04:00,8.171548984663906,8.215799559697686,8.090423750997507,8.142048835754395,7400,0.0,0.0
2022-04-20 00:00:00-04:00,8.142047744752862,8.20842324673997,8.142047744752862,8.171547889709473,32900,0.0,0.0
2022-04-21 00:00:00-04:00,8.186298487007985,8.245298778169138,8.149423129197526,8.223173141479492,23500,0.0,0.0
2022-04-22 00:00:00-04:00,8.366512816359078,8.366512816359078,8.192995947979567,8.260893821716309,14700,0.25,0.0
2022-04-25 00:00:00-04:00,8.162820261207177,8.381601927670214,8.162820261207177,8.351425170898438,23100,0.0,0.0
2022-04-26 00:00:00-04:00,8.404233566037272,8.404233566037272,8.162818834584677,8.230716705322266,14700,0.0,0.0
2022-04-27 00:00:00-04:00,8.17790856495284,8.396690219795133,8.17790856495284,8.389145851135254,9100,0.0,0.0
2022-04-28 00:00:00-04:00,8.487220093867363,8.638103862753114,8.487220093867363,8.585294723510742,28100,0.0,0.0
2022-04-29 00:00:00-04:00,8.570207001196263,8.630560515893581,8.562663351462083,8.600383758544922,6800,0.0,0.0
2022-05-02 00:00:00-04:00,8.494765133067913,8.585295401549148,8.411778514023817,8.487220764160156,27700,0.0,0.0
2022-05-03 00:00:00-04:00,8.524942101227854,8.524942101227854,8.381601966298332,8.50985336303711,10500,0.0,0.0
2022-05-04 00:00:00-04:00,8.532485812911066,8.592839322082643,8.494764689811184,8.524941444396973,12300,0.0,0.0
2022-05-05 00:00:00-04:00,8.5475744496503,8.5475744496503,8.283527288294282,8.351425170898438,24900,0.0,0.0
2022-05-06 00:00:00-04:00,8.336338642660092,8.366515404827021,8.238263985749885,8.306161880493164,28500,0.0,0.0
2022-05-09 00:00:00-04:00,8.321247638073336,8.321247638073336,8.079833606413796,8.13264274597168,37600,0.0,0.0
2022-05-10 00:00:00-04:00,8.10246592801699,8.275982801504687,8.094921559719577,8.117554664611816,27600,0.0,0.0
2022-05-11 00:00:00-04:00,8.18545208768191,8.26089360807235,8.064744360010268,8.094921112060547,20100,0.0,0.0
2022-05-12 00:00:00-04:00,8.004392325533747,8.057202190920636,7.981759937208311,8.049657821655273,41700,0.0,0.0
2022-05-13 00:00:00-04:00,7.996849002249361,8.192997574862952,7.996849002249361,8.162820816040039,22700,0.0,0.0
2022-05-16 00:00:00-04:00,8.192997871296239,8.366514780409064,8.170365481227854,8.177909851074219,25500,0.0,0.0
2022-05-17 00:00:00-04:00,8.313704724739686,8.532486390155434,8.185453329205908,8.192996978759766,42500,0.0,0.0
2022-05-18 00:00:00-04:00,8.298615793362266,8.298615793362266,8.08737850189209,8.08737850189209,34500,0.0,0.0
2022-05-19 00:00:00-04:00,8.306160029535432,8.306160029535432,7.996848106384277,7.996848106384277,54600,0.0,0.0
2022-05-20 00:00:00-04:00,8.004391015525629,8.170363514847097,8.004391015525629,8.019479751586914,12600,0.0,0.0
2022-05-23 00:00:00-04:00,8.019480830631817,8.223173758572916,8.019480830631817,8.110011100769043,26500,0.0,0.0
2022-05-24 00:00:00-04:00,8.042112879812416,8.200541025752106,7.989303737656053,7.996848106384277,30800,0.0,0.0
2022-05-25 00:00:00-04:00,8.19299596551474,8.2005403336062,7.989303063339097,8.034567832946777,20000,0.0,0.0
2022-05-26 00:00:00-04:00,8.170365670285516,8.170365670285516,8.034569887791564,8.0421142578125,12100,0.0,0.0
2022-05-27 00:00:00-04:00,8.110010413186565,8.291070938110352,8.110010413186565,8.291070938110352,6400,0.0,0.0
2022-05-31 00:00:00-04:00,8.291070938110352,8.291070938110352,8.253349815550253,8.291070938110352,5500,0.0,0.0
2022-06-01 00:00:00-04:00,8.298616409301758,8.358969925629935,8.29107203989307,8.298616409301758,12300,0.0,0.0
2022-06-02 00:00:00-04:00,8.32879206067045,8.426866691538477,8.291070938110352,8.291070938110352,10900,0.0,0.0
2022-06-03 00:00:00-04:00,8.434412693070774,8.434412693070774,8.117556353367064,8.33633804321289,8700,0.0,0.0
2022-06-06 00:00:00-04:00,8.29861606466115,8.524942101227854,8.275983676845671,8.50985336303711,24000,0.0,0.0
2022-06-07 00:00:00-04:00,8.441955565293068,8.547574575281983,8.328792905603306,8.502309799194336,27200,0.0,0.0
2022-06-08 00:00:00-04:00,8.411779698780016,8.547575480363319,8.343882527459085,8.426868438720703,6800,0.0,0.0
2022-06-09 00:00:00-04:00,8.38914563819286,8.426866761064176,8.3665132522583,8.3665132522583,22900,0.0,0.0
2022-06-10 00:00:00-04:00,8.381601135737078,8.457043380273698,8.230717366134405,8.275982856750488,13000,0.0,0.0
2022-06-13 00:00:00-04:00,8.117556430451407,8.162821211141365,7.989305019378661,7.989305019378662,38200,0.0,0.0
2022-06-14 00:00:00-04:00,8.011937531251327,8.208086835804982,7.944039639715775,7.959128379821777,45900,0.0,0.0
2022-06-15 00:00:00-04:00,7.93649457623961,8.079833984375,7.876140346030889,8.079833984375,38100,0.0,0.0
2022-06-16 00:00:00-04:00,8.049658121503846,8.049658121503846,7.7478905343550535,7.88368558883667,71000,0.0,0.0
2022-06-17 00:00:00-04:00,7.876140512450612,8.328792572021484,7.747889839025167,8.328792572021484,118600,0.0,0.0
2022-06-21 00:00:00-04:00,7.928949190344657,8.291070208317787,7.928949190344657,8.230716705322266,25700,0.0,0.0
2022-06-22 00:00:00-04:00,8.223173141479492,8.223173141479492,8.102466123688103,8.223173141479492,23800,0.0,0.0
2022-06-23 00:00:00-04:00,8.215630171860301,8.215630171860301,8.079834405880096,8.185453414916992,36600,0.0,0.0
2022-06-24 00:00:00-04:00,8.200542368795784,8.24580786910788,7.740346593064609,8.027026176452637,54800,0.0,0.0
2022-06-27 00:00:00-04:00,7.981760084071908,8.223174149240299,7.981760084071908,8.057202339172363,21800,0.0,0.0
2022-06-28 00:00:00-04:00,7.951582613485537,8.192996657023881,7.951582613485537,7.996848106384277,29300,0.0,0.0
2022-06-29 00:00:00-04:00,8.275984448789126,8.275984448789126,7.959128111935054,7.981760501861572,57800,0.0,0.0
2022-06-30 00:00:00-04:00,8.019481211622136,8.072290358510054,7.876141070825405,8.057202339172363,14200,0.0,0.0
2022-07-01 00:00:00-04:00,7.966672125944887,8.117555917834423,7.959127756482743,8.072290420532227,9100,0.0,0.0
2022-07-05 00:00:00-04:00,7.981758976184468,8.162819499929123,7.913861099912581,8.13264274597168,13800,0.0,0.0
2022-07-06 00:00:00-04:00,8.155276983014689,8.155276983014689,7.996848822880266,8.057202339172363,12100,0.0,0.0
2022-07-07 00:00:00-04:00,8.049657587344226,8.14018785748145,8.004392092540296,8.110011100769043,37600,0.0,0.0
2022-07-08 00:00:00-04:00,7.974215000199606,8.11755512815345,7.974215000199606,7.996848106384277,19600,0.0,0.0
2022-07-11 00:00:00-04:00,8.064746648404583,8.079835388446456,7.959128345994375,8.0421142578125,18800,0.0,0.0
2022-07-12 00:00:00-04:00,8.027024184325859,8.072288953933539,7.989303063339097,8.034567832946777,17200,0.0,0.0
2022-07-13 00:00:00-04:00,7.996846705249607,8.200539588928223,7.996846705249607,8.200539588928223,12500,0.0,0.0
2022-07-14 00:00:00-04:00,8.079833542595312,8.17790817205,8.019480035157128,8.117554664611816,7700,0.0,0.0
2022-07-15 00:00:00-04:00,8.12509903290923,8.12509903290923,8.034568052281394,8.117554664611816,11300,0.0,0.0
2022-07-18 00:00:00-04:00,8.07983280786445,8.298614432300834,8.07983280786445,8.140186309814453,29000,0.0,0.0
2022-07-19 00:00:00-04:00,8.230717891576802,8.230717891576802,8.140187624035818,8.170364379882812,34300,0.0,0.0
2022-07-20 00:00:00-04:00,8.238260706489589,8.268437456644586,8.170362838773224,8.200539588928223,17300,0.0,0.0
2022-07-21 00:00:00-04:00,8.200541765400803,8.298616409301758,8.177909376645403,8.298616409301758,53300,0.0,0.0
2022-07-22 00:00:00-04:00,8.283176465576357,8.437569912300784,8.19054083926321,8.275457382202148,20300,0.25,0.0
2022-07-25 00:00:00-04:00,8.182820651494561,8.375811697650542,8.182820651494561,8.329493522644043,18100,0.0,0.0
2022-07-26 00:00:00-04:00,8.244579444610896,8.391252346310505,8.182822355873947,8.260018348693848,9600,0.0,0.0
2022-07-27 00:00:00-04:00,8.260018046204031,8.414410762392393,8.260018046204031,8.298616409301758,13000,0.0,0.0
2022-07-28 00:00:00-04:00,8.375812831606973,8.422130276681726,8.306335927792327,8.337214469909668,11400,0.0,0.0
2022-07-29 00:00:00-04:00,8.314056050247213,8.406691679973884,8.306336230386021,8.360373497009277,20400,0.0,0.0
2022-08-01 00:00:00-04:00,8.306335927792327,8.437569915841655,8.306335927792327,8.337214469909668,17800,0.0,0.0
2022-08-02 00:00:00-04:00,8.337213341178863,8.406690235587403,8.267736446770323,8.329493522644043,21900,0.0,0.0
2022-08-03 00:00:00-04:00,8.275457385674986,8.35265337286708,8.252297926935094,8.337214469909668,7400,0.0,0.0
2022-08-04 00:00:00-04:00,8.290896285153082,8.37581282809202,8.229139200944317,8.275457382202148,35000,0.0,0.0
2022-08-05 00:00:00-04:00,8.283176898822001,8.306336358763513,8.198261087644118,8.252298355102539,26000,0.0,0.0
2022-08-08 00:00:00-04:00,8.221419381367593,8.460728634828444,8.113344852103513,8.275457382202148,58500,0.0,0.0
2022-08-09 00:00:00-04:00,8.352653313711068,8.352653313711068,8.051587714249862,8.097905158996582,61900,0.0,0.0
2022-08-10 00:00:00-04:00,8.198260168640099,8.298615608529403,8.105624547865927,8.121064186096191,12600,0.0,0.0
2022-08-11 00:00:00-04:00,8.144222864161783,8.260017205466408,8.121064143141352,8.128783226013184,23300,0.0,0.0
2022-08-12 00:00:00-04:00,8.159661160321406,8.221418235925922,8.105623903218058,8.144222259521484,18100,0.0,0.0
2022-08-15 00:00:00-04:00,8.113344972278961,8.182821877093549,8.051587887155447,8.10562515258789,34800,0.0,0.0
2022-08-16 00:00:00-04:00,8.113344972278961,8.283176588267365,8.10562515258789,8.10562515258789,52300,0.0,0.0
2022-08-17 00:00:00-04:00,8.105624842526714,8.159662105892092,7.9512321356238465,8.020709037780762,153900,0.0,0.0
2022-08-18 00:00:00-04:00,8.136503340048442,8.136503340048442,7.989830453331967,8.028428077697754,131200,0.0,0.0
2022-08-19 00:00:00-04:00,8.090185513205748,8.128783875458577,8.028428428082234,8.10562515258789,28400,0.0,0.0
2022-08-22 00:00:00-04:00,8.067027905552866,8.252299186536046,8.067027905552866,8.175103187561035,20000,0.0,0.0
2022-08-23 00:00:00-04:00,8.14422351484072,8.182821877093549,8.067026790335062,8.10562515258789,21600,0.0,0.0
2022-08-24 00:00:00-04:00,8.090185513205748,8.10562515258789,8.067026790335062,8.10562515258789,14500,0.0,0.0
2022-08-25 00:00:00-04:00,8.136503037504676,8.151942675638887,8.067026138305664,8.067026138305664,24300,0.0,0.0
2022-08-26 00:00:00-04:00,8.067025831323622,8.113344007761198,7.99754893476848,8.043867111206055,17300,0.0,0.0
2022-08-29 00:00:00-04:00,8.036148547987779,8.090185815438947,7.951232736821292,8.005270004272461,22300,0.0,0.0
2022-08-30 00:00:00-04:00,8.051588187946715,8.051588187946715,7.966671640577674,8.005270004272461,10800,0.0,0.0
2022-08-31 00:00:00-04:00,7.98211067700442,8.082466120541907,7.98211067700442,8.020709037780762,10800,0.0,0.0
2022-09-01 00:00:00-04:00,8.020708994546093,8.05930661891188,7.982110633977812,8.028428077697754,12500,0.0,0.0
2022-09-02 00:00:00-04:00,7.99754970593219,8.043867886835995,7.966671164063824,7.974390983581543,12300,0.0,0.0
2022-09-06 00:00:00-04:00,7.99754970593219,8.012989344967629,7.912633899844808,7.974390983581543,27100,0.0,0.0
2022-09-07 00:00:00-04:00,7.974390674754469,8.005269215426992,7.912633593409423,7.920353412628174,13100,0.0,0.0
2022-09-08 00:00:00-04:00,7.943512134081947,7.943512134081947,7.920353412628175,7.920353412628174,6200,0.0,0.0
2022-09-09 00:00:00-04:00,7.9280725850779445,7.951231304642437,7.9280725850779445,7.943511486053467,10600,0.0,0.0
2022-09-12 00:00:00-04:00,7.943511788181908,8.082465583258761,7.935791969299316,7.935791969299316,24000,0.0,0.0
2022-09-13 00:00:00-04:00,7.935793227434837,7.9975503158816,7.812279050541308,7.835437774658203,47100,0.0,0.0
2022-09-14 00:00:00-04:00,7.874034739108922,7.874034739108922,7.796838760375977,7.796838760375977,29800,0.0,0.0
2022-09-15 00:00:00-04:00,7.827717299109642,7.8971934591085615,7.773679304173902,7.796838760375977,21200,0.0,0.0
2022-09-16 00:00:00-04:00,7.74280001562003,8.059305191040039,7.74280001562003,8.059305191040039,59000,0.0,0.0
2022-09-19 00:00:00-04:00,7.897194863104968,7.897194863104968,7.804559230434822,7.835437774658203,17100,0.0,0.0
2022-09-20 00:00:00-04:00,7.858595837843307,7.866314920374896,7.781399122907927,7.796838760375977,13900,0.0,0.0
2022-09-21 00:00:00-04:00,7.83543777540332,7.83543777540332,7.765961603046028,7.773680686950684,12600,0.0,0.0
2022-09-22 00:00:00-04:00,7.773678757730028,7.8354358308562,7.657884429669053,7.6810431480407715,28300,0.0,0.0
2022-09-23 00:00:00-04:00,7.65016440419591,7.65016440419591,7.526650261290192,7.549808979034424,34100,0.0,0.0
2022-09-26 00:00:00-04:00,7.5961292487574905,7.5961292487574905,7.217866897583008,7.217866897583008,41800,0.0,0.0
2022-09-27 00:00:00-04:00,7.210145936866726,7.302781554977348,7.1175103187561035,7.1175103187561035,35100,0.0,0.0
2022-09-28 00:00:00-04:00,7.102070711363539,7.53437100059895,7.102070711363539,7.333660125732422,32900,0.0,0.0
2022-09-29 00:00:00-04:00,7.333661210272346,7.333661210272346,7.1406701257914955,7.1638288497924805,7100,0.0,0.0
2022-09-30 00:00:00-04:00,7.140669643029869,7.194706907446372,7.040314197540283,7.040314197540283,18900,0.0,0.0
2022-10-03 00:00:00-04:00,7.032593736490301,7.1483888105090765,7.032593736490301,7.094350814819336,14600,0.0,0.0
2022-10-04 00:00:00-04:00,7.063472239699802,7.51893124220986,7.063472239699802,7.4108567237854,24200,0.0,0.0
2022-10-05 00:00:00-04:00,7.78140046667982,7.78140046667982,7.25646448135376,7.25646448135376,9700,0.0,0.0
2022-10-06 00:00:00-04:00,7.325940904450666,7.325940904450666,7.194706916809082,7.194706916809082,20800,0.0,0.0
2022-10-07 00:00:00-04:00,7.194706913112636,7.256463997123709,7.1329498291015625,7.1329498291015625,15800,0.0,0.0
2022-10-10 00:00:00-04:00,7.109791106648038,7.163828371107099,7.109791106648038,7.1329498291015625,2400,0.0,0.0
2022-10-11 00:00:00-04:00,7.210147382536604,7.302783019221126,7.14839029141359,7.179268836975098,22200,0.0,0.0
2022-10-12 00:00:00-04:00,7.132948923647828,7.225584537905309,7.117510022706124,7.156108379364014,4000,0.0,0.0
2022-10-13 00:00:00-04:00,7.217866723920353,7.287342894670591,7.194707264134392,7.210146903991699,24500,0.0,0.0
2022-10-14 00:00:00-04:00,7.295061104292394,7.295061104292394,7.194705675979931,7.2641825675964355,11100,0.0,0.0
2022-10-17 00:00:00-04:00,7.302782189299214,7.46489471912456,7.264183827683177,7.318221092224121,13300,0.0,0.0
2022-10-18 00:00:00-04:00,7.5112118375165835,7.634726736558015,7.171547889709473,7.171547889709473,6900,0.0,0.0
2022-10-19 00:00:00-04:00,7.179268360479633,7.6038488859224564,7.179268360479633,7.210146903991699,3000,0.0,0.0
2022-10-20 00:00:00-04:00,7.264183227801512,7.410856842589534,7.217865786649207,7.333660125732422,18600,0.0,0.0
2022-10-21 00:00:00-04:00,7.47636995343671,7.627006974430614,7.270234445887265,7.4922261238098145,12000,0.25,0.0
2022-10-24 00:00:00-04:00,7.428799146022265,7.4525837771214345,7.3653729590246195,7.405014514923096,6100,0.0,0.0
2022-10-25 00:00:00-04:00,7.38123083114624,7.58736558729445,7.3019477091739295,7.38123083114624,48900,0.0,0.0
2022-10-26 00:00:00-04:00,7.2940192222595215,7.444657002301664,7.246449954109286,7.2940192222595215,23300,0.0,0.0
2022-10-27 00:00:00-04:00,7.333659565574143,7.476368858531833,7.333659565574143,7.365372657775879,29500,0.0,0.0
2022-10-28 00:00:00-04:00,7.389159107039304,7.41294449912115,7.28609134298447,7.349518299102783,49100,0.0,0.0
2022-10-31 00:00:00-04:00,7.301947031108383,7.444656334966469,7.301947031108383,7.333660125732422,27400,0.0,0.0
2022-11-01 00:00:00-04:00,7.397087571066586,7.405016035093868,7.317804442993654,7.349518299102783,13700,0.0,0.0
2022-11-02 00:00:00-04:00,7.420870372700065,7.428798834767529,7.286089541952222,7.341588020324707,12900,0.0,0.0
2022-11-03 00:00:00-04:00,7.341588027649517,7.389157287902241,7.317802641423396,7.365372657775879,48700,0.0,0.0
2022-11-04 00:00:00-04:00,7.357444188359875,7.412942666732361,7.341588020324707,7.341588020324707,10500,0.0,0.0
2022-11-07 00:00:00-05:00,7.349517621027515,7.373302254815018,7.325732231140137,7.325732231140137,16000,0.0,0.0
2022-11-08 00:00:00-05:00,7.365374155037029,7.365374155037029,7.15131092818467,7.222664833068848,25700,0.0,0.0
2022-11-09 00:00:00-05:00,7.254377658032378,7.294019218872422,7.222664560580319,7.27023458480835,26500,0.0,0.0
2022-11-10 00:00:00-05:00,7.365373910854351,7.579437886709806,7.357445447430099,7.428800106048584,61700,0.0,0.0
2022-11-11 00:00:00-05:00,7.508082305013992,7.539795398712159,7.38915763657102,7.539795398712158,27000,0.0,0.0
2022-11-14 00:00:00-05:00,7.452584651599229,7.611150893799115,7.397086920489197,7.460513114929199,37700,0.0,0.0
2022-11-15 00:00:00-05:00,7.5952938775845364,7.682504704886284,7.460513026963736,7.4922261238098145,38000,0.0,0.0
2022-11-16 00:00:00-05:00,7.571508793095024,7.650791152439057,7.47636950822229,7.579437255859375,16800,0.0,0.0
2022-11-17 00:00:00-05:00,8.126488790191168,8.126488790191168,7.5001545624594534,7.769716262817383,47100,0.0,0.0
2022-11-18 00:00:00-05:00,7.761786435877684,7.928280353546143,7.62700560937942,7.928280353546143,80300,0.0,0.0
2022-11-21 00:00:00-05:00,7.848998232067542,7.912424422363454,7.650791198367858,7.738002777099609,20400,0.0,0.0
2022-11-22 00:00:00-05:00,7.730074844396824,7.864855697043528,7.516010870393276,7.547724723815918,18200,0.0,0.0
2022-11-23 00:00:00-05:00,7.714217135265066,7.714217135265066,7.46844084496669,7.555651664733887,32300,0.0,0.0
2022-11-25 00:00:00-05:00,7.531867166448456,7.682504177093505,7.531867166448456,7.682504177093506,500,0.0,0.0
2022-11-28 00:00:00-05:00,7.54772595756057,7.6032236979220436,7.468442823244176,7.500155925750732,29900,0.0,0.0
2022-11-29 00:00:00-05:00,7.611152162573684,7.611152162573684,7.428801256085979,7.500155925750732,31700,0.0,0.0
2022-11-30 00:00:00-05:00,7.650792394161487,7.650792394161487,7.420872229378083,7.5318684577941895,71200,0.0,0.0
2022-12-01 00:00:00-05:00,7.611150804057511,7.8569271155896505,7.4842976605733265,7.4922261238098145,43300,0.0,0.0
2022-12-02 00:00:00-05:00,7.634934468766502,7.8093568573350405,7.523938265841109,7.7459306716918945,47000,0.0,0.0
2022-12-05 00:00:00-05:00,7.745930837110282,7.745930837110282,7.373301421424273,7.405014514923096,40900,0.0,0.0
2022-12-06 00:00:00-05:00,7.563580869919173,7.6745770882391176,7.412943847149137,7.460513114929199,8400,0.0,0.0
2022-12-07 00:00:00-05:00,7.5160115085737464,7.5160115085737464,7.373302936553955,7.373302936553955,9800,0.0,0.0
2022-12-08 00:00:00-05:00,7.46844039645646,7.516009656709183,7.34951648972489,7.365372657775879,29500,0.0,0.0
2022-12-09 00:00:00-05:00,7.38123074639457,7.492226208561484,7.38123074639457,7.436728477478027,25800,0.0,0.0
2022-12-12 00:00:00-05:00,7.452584648030496,7.476370038009016,7.373302283068396,7.436728477478027,26300,0.0,0.0
2022-12-13 00:00:00-05:00,7.5080832214220266,7.563580953142711,7.333660806742876,7.38123083114624,133500,0.0,0.0
2022-12-14 00:00:00-05:00,7.341589239668885,7.397086971159075,7.246449947357178,7.246449947357178,35400,0.0,0.0
2022-12-15 00:00:00-05:00,7.222664182409727,7.357445028548973,7.222664182409727,7.28609037399292,17200,0.0,0.0
2022-12-16 00:00:00-05:00,7.452584797323462,7.452584797323462,7.230593112442735,7.238521575927734,26600,0.0,0.0
2022-12-19 00:00:00-05:00,7.270234859091546,7.341589520075637,7.222664833068848,7.222664833068848,26700,0.0,0.0
2022-12-20 00:00:00-05:00,7.2940192222595215,7.452584709593446,7.2940192222595215,7.2940192222595215,17400,0.0,0.0
2022-12-21 00:00:00-05:00,7.278162667119904,7.317803469784516,7.278162667119904,7.28609037399292,13900,0.0,0.0
2022-12-22 00:00:00-05:00,7.22266444429254,7.301947564696138,7.15923825040961,7.190951347351074,20300,0.0,0.0
2022-12-23 00:00:00-05:00,7.151310361001697,7.270234282476507,7.151310361001697,7.206808090209961,15200,0.0,0.0
2022-12-27 00:00:00-05:00,7.175095983251342,7.254378356464643,6.7945380210876465,6.7945380210876465,102500,0.0,0.0
2022-12-28 00:00:00-05:00,6.826249646204091,7.056169764198892,6.826249646204091,6.96103048324585,76000,0.0,0.0
2022-12-29 00:00:00-05:00,7.095811101713308,7.167165749255081,7.040313378558494,7.143381118774414,50400,0.0,0.0
2022-12-30 00:00:00-05:00,7.079955705676869,7.341588937801335,7.079955705676869,7.206808090209961,29200,0.0,0.0
2023-01-03 00:00:00-05:00,7.317803849516045,7.317803849516045,7.159238362329868,7.246449947357178,32300,0.0,0.0
2023-01-04 00:00:00-05:00,7.230592118756438,7.270233674633679,7.087882820038287,7.127524375915527,69400,0.0,0.0
2023-01-05 00:00:00-05:00,7.206807960093152,7.206807960093152,7.064098652020071,7.079955577850342,52200,0.0,0.0
2023-01-06 00:00:00-05:00,7.0482436311551755,7.198880670597428,7.0482436311551755,7.15131139755249,64100,0.0,0.0
2023-01-09 00:00:00-05:00,7.151310655045472,7.301947678847369,7.127525264892633,7.246449947357178,23300,0.0,0.0
2023-01-10 00:00:00-05:00,7.222664645858266,7.230593109339863,7.183023840650068,7.2147369384765625,49600,0.0,0.0
2023-01-11 00:00:00-05:00,7.206808386535663,7.262306118025854,7.167166825714148,7.246449947357178,39700,0.0,0.0
2023-01-12 00:00:00-05:00,7.381229574372941,8.396049279889711,7.381229574372941,8.324694633483887,362400,0.0,0.0
2023-01-13 00:00:00-05:00,8.181987260889358,8.665612975096922,8.181987260889358,8.641827583312988,131900,0.0,0.0
2023-01-17 00:00:00-05:00,8.681467908491344,9.006527322171229,8.665611738997114,8.966886520385742,111900,0.0,0.0
2023-01-18 00:00:00-05:00,8.935173999238689,9.02238482730841,8.832106244556357,9.0065279006958,67400,0.0,0.0
2023-01-19 00:00:00-05:00,8.95895807293267,9.06202582117108,8.879674957026255,9.038240432739258,62000,0.0,0.0
2023-01-20 00:00:00-05:00,8.972805123360475,9.070957863719416,8.86647279295946,9.021881103515625,39900,0.35,0.0
2023-01-23 00:00:00-05:00,8.997344330943731,9.120035077982555,8.98916473979481,9.070959091186523,35100,0.0,0.0
2023-01-24 00:00:00-05:00,9.070959164583234,9.07913875579834,9.013703586175005,9.07913875579834,24100,0.0,0.0
2023-01-25 00:00:00-05:00,8.997344779051076,8.997344779051076,8.882832837409227,8.95644760131836,35600,0.0,0.0
2023-01-26 00:00:00-05:00,8.899191829221424,9.03824176249432,8.866474243748318,8.915550231933594,44400,0.0,0.0
2023-01-27 00:00:00-05:00,8.8991905054808,8.8991905054808,8.76014059289136,8.81739616394043,54800,0.0,0.0
2023-01-30 00:00:00-05:00,8.719244198269992,8.899191297647716,8.719244198269992,8.760141372680664,35300,0.0,0.0
2023-01-31 00:00:00-05:00,8.69470538251504,8.948266435768875,8.678346202280007,8.792858123779297,57900,0.0,0.0
2023-02-01 00:00:00-05:00,8.79285922439451,8.850114802286596,8.719244464219686,8.809218406677246,33600,0.0,0.0
2023-02-02 00:00:00-05:00,8.792859390049623,8.907371328039916,8.711065037192448,8.866474151611328,15400,0.0,0.0
2023-02-03 00:00:00-05:00,8.850113116555647,8.940087041875366,8.850113116555647,8.891010284423828,13400,0.0,0.0
2023-02-06 00:00:00-05:00,8.923727862708654,8.940087041875366,8.743780792117814,8.891010284423828,10900,0.0,0.0
2023-02-07 00:00:00-05:00,8.931908484776779,8.931908484776779,8.784678975451754,8.899190902709961,15700,0.0,0.0
2023-02-08 00:00:00-05:00,8.91554997132005,8.91554997132005,8.809218406677246,8.809218406677246,5700,0.0,0.0
2023-02-09 00:00:00-05:00,8.776500297926004,8.784679889305787,8.637451144713516,8.653809547424316,11600,0.0,0.0
2023-02-10 00:00:00-05:00,8.719246067160693,8.801040433513911,8.678348883984084,8.776501655578613,6500,0.0,0.0
2023-02-13 00:00:00-05:00,8.809217028628602,8.850113417840424,8.694705110709078,8.743781089782715,17900,0.0,0.0
2023-02-14 00:00:00-05:00,8.874653669455052,8.997344417676596,8.637450984190984,8.858294486999512,37700,0.0,0.0
2023-02-15 00:00:00-05:00,8.899193082060245,9.038243034908755,8.82557830936999,8.989166259765625,30400,0.0,0.0
2023-02-16 00:00:00-05:00,9.030060904079452,9.046420084544984,8.760140666787434,8.825575828552246,31300,0.0,0.0
2023-02-17 00:00:00-05:00,8.915548905759684,9.095495989119307,8.809217353825314,8.81739616394043,22200,0.0,0.0
2023-02-21 00:00:00-05:00,8.907370857676058,8.997344017028809,8.817396918274591,8.997344017028809,23600,0.0,0.0
2023-02-22 00:00:00-05:00,8.997344585640743,9.030062171113851,8.866474243748318,8.915550231933594,19600,0.0,0.0
2023-02-23 00:00:00-05:00,9.021882157201095,9.079138514134053,8.923729405378676,9.013703346252441,33400,0.0,0.0
2023-02-24 00:00:00-05:00,9.038240182702175,9.038240182702175,8.95644584329184,8.97280502319336,7900,0.0,0.0
2023-02-27 00:00:00-05:00,8.99734504351821,9.038242222453055,8.956447864583367,9.005524635314941,13100,0.0,0.0
2023-02-28 00:00:00-05:00,8.997344258011251,9.07913860873994,8.956447082646907,9.062779426574707,26400,0.0,0.0
2023-03-01 00:00:00-05:00,9.062779183839666,9.062779183839666,8.907370857676058,8.997344017028809,16400,0.0,0.0
2023-03-02 00:00:00-05:00,9.054599862083286,9.054599862083286,8.92372952457204,9.04642105102539,15400,0.0,0.0
2023-03-03 00:00:00-05:00,9.070959091186523,9.079138682335445,9.005523922092651,9.070959091186523,10500,0.0,0.0
2023-03-06 00:00:00-05:00,9.070957863719416,9.070957863719416,8.940087543240827,9.021881103515625,19900,0.0,0.0
2023-03-07 00:00:00-05:00,9.079138514134053,9.079138514134053,8.956446989319483,9.013703346252441,6900,0.0,0.0
2023-03-08 00:00:00-05:00,9.01370331990354,9.070958896620397,8.956446963137951,9.030061721801758,17000,0.0,0.0
2023-03-09 00:00:00-05:00,9.079137352407342,9.079137352407342,8.940087443438951,8.97280502319336,27200,0.0,0.0
2023-03-10 00:00:00-05:00,9.01370295195889,9.01370295195889,8.711064338684082,8.711064338684082,59700,0.0,0.0
2023-03-13 00:00:00-04:00,8.71106436321068,8.809217891064579,8.408426529132472,8.473861694335938,28000,0.0,0.0
2023-03-14 00:00:00-04:00,8.645628755816558,8.784678669774232,8.506578841858884,8.588373184204102,19800,0.0,0.0
2023-03-15 00:00:00-04:00,8.555655565173362,8.555655565173362,8.28573532870435,8.326632499694824,15600,0.0,0.0
2023-03-16 00:00:00-04:00,8.220300649190325,8.539296885515416,8.220300649190325,8.457503318786621,21900,0.0,0.0
2023-03-17 00:00:00-04:00,8.465684323248581,8.465684323248581,8.302095602374171,8.342992782592773,9800,0.0,0.0
2023-03-20 00:00:00-04:00,8.277556706418611,8.432965818345185,8.269377115254319,8.36752986907959,15600,0.0,0.0
2023-03-21 00:00:00-04:00,8.465683463126336,8.596553802490234,8.465683463126336,8.596553802490234,32500,0.0,0.0
2023-03-22 00:00:00-04:00,8.580194058904164,8.588373649591654,8.457503318786621,8.457503318786621,6000,0.0,0.0
2023-03-23 00:00:00-04:00,8.506579798677576,8.580194559058716,8.277556706418611,8.36752986907959,18000,0.0,0.0
2023-03-24 00:00:00-04:00,8.269377187769404,8.383889124927427,8.261198376582136,8.375709533691406,29700,0.0,0.0
2023-03-27 00:00:00-04:00,8.326634188809344,8.424786951068246,8.244839830235852,8.302095413208008,25900,0.0,0.0
2023-03-28 00:00:00-04:00,8.408426779897503,8.424785961710601,8.253018452916693,8.261198043823242,7600,0.0,0.0
2023-03-29 00:00:00-04:00,8.26119853938807,8.40842728429415,8.154866191370544,8.171224594116211,35900,0.0,0.0
2023-03-30 00:00:00-04:00,8.236659427312476,8.236659427312476,8.007636337926733,8.056713104248047,44900,0.0,0.0
2023-03-31 00:00:00-04:00,8.081250679797343,8.21212100982666,8.081250679797343,8.21212100982666,19100,0.0,0.0
2023-04-03 00:00:00-04:00,8.2121210579756,8.236659049987793,8.203941467288635,8.236659049987793,6500,0.0,0.0
2023-04-04 00:00:00-04:00,8.236659550081944,8.236659550081944,8.032174450784586,8.089430809020996,21000,0.0,0.0
2023-04-05 00:00:00-04:00,8.13850657372968,8.179403748481835,8.064891815185547,8.064891815185547,11300,0.0,0.0
2023-04-06 00:00:00-04:00,8.154865190674249,8.244838344856593,8.122147609148971,8.146685600280762,17100,0.0,0.0
2023-04-10 00:00:00-04:00,8.17940342731933,8.21212100982666,8.048533097290013,8.21212100982666,16700,0.0,0.0
2023-04-11 00:00:00-04:00,8.179404185513429,8.179404185513429,8.056713434750236,8.171224594116211,23700,0.0,0.0
2023-04-12 00:00:00-04:00,8.171224520828249,8.179404112152104,8.089430947735986,8.163044929504395,16600,0.0,0.0
2023-04-13 00:00:00-04:00,8.073071626653809,8.163044789527095,8.073071626653809,8.089430809020996,24600,0.0,0.0
2023-04-14 00:00:00-04:00,8.138505811624237,8.171223392352477,8.073070650167756,8.105788230895996,35700,0.0,0.0
2023-04-17 00:00:00-04:00,8.122147082453868,8.547475614701286,8.122147082453868,8.50657844543457,151400,0.0,0.0
2023-04-18 00:00:00-04:00,8.678346638722426,8.940088075305654,8.596553073579726,8.899190902709961,377800,0.0,0.0
2023-04-19 00:00:00-04:00,9.120035241380803,9.144574015267212,8.833756566478211,8.866474151611328,214400,0.0,0.0
2023-04-20 00:00:00-04:00,9.013703768401681,9.062779756586957,8.711065127714486,8.915550231933594,125400,0.0,0.0
2023-04-21 00:00:00-04:00,8.797238327455666,8.86484432220459,8.628223340583359,8.86484432220459,83700,0.35,0.0
2023-04-24 00:00:00-04:00,8.898647913762556,8.898647913762556,8.154981115941004,8.298644065856934,182400,0.0,0.0
2023-04-25 00:00:00-04:00,8.450758969008854,8.526815928678282,8.281743950814112,8.383152961730957,50500,0.0,0.0
2023-04-26 00:00:00-04:00,8.366250991821289,8.493012858925958,8.214137879593727,8.366250991821289,31500,0.0,0.0
2023-04-27 00:00:00-04:00,8.357799427416442,8.442306518554688,8.298643577099933,8.442306518554688,38500,0.0,0.0
2023-04-28 00:00:00-04:00,8.442307585522151,8.518364541307832,8.340898579783623,8.357800483703613,28400,0.0,0.0
2023-05-01 00:00:00-04:00,8.433856582573949,8.467660390209563,8.307095527648926,8.307095527648926,43000,0.0,0.0
2023-05-02 00:00:00-04:00,8.391603466585272,8.391603466585272,8.214137505463533,8.239489555358887,35800,0.0,0.0
2023-05-03 00:00:00-04:00,8.197235216554034,8.231038216802474,8.112728118896484,8.112728118896484,37500,0.0,0.0
2023-05-04 00:00:00-04:00,8.028219748409692,8.104276696027165,7.884556804227144,7.893007755279541,65100,0.0,0.0
2023-05-05 00:00:00-04:00,7.909911155700684,8.036673040632607,7.87610814757096,7.909911155700684,25300,0.0,0.0
2023-05-08 00:00:00-04:00,7.816952641543668,7.952164666394983,7.732444723047975,7.800050735473633,47300,0.0,0.0
2023-05-09 00:00:00-04:00,7.850754289455589,7.850754289455589,7.783148288726806,7.783148288726807,41700,0.0,0.0
2023-05-10 00:00:00-04:00,7.774696851147419,7.791598753236604,7.614132810935404,7.707090854644775,46100,0.0,0.0
2023-05-11 00:00:00-04:00,7.622584328338674,7.766246477135614,7.622584328338674,7.6563873291015625,21500,0.0,0.0
2023-05-12 00:00:00-04:00,7.732443841941238,7.732443841941238,7.639485786930275,7.664837837219238,14400,0.0,0.0
2023-05-15 00:00:00-04:00,7.664837474846951,7.723993330627337,7.622584328338674,7.6563873291015625,28900,0.0,0.0
2023-05-16 00:00:00-04:00,7.631034883902702,7.7324438916374545,7.631034883902702,7.639485836029053,35200,0.0,0.0
2023-05-17 00:00:00-04:00,7.723993192484727,7.8592051931180285,7.656387192168077,7.808500289916992,54500,0.0,0.0
2023-05-18 00:00:00-04:00,8.002866706840493,8.002866706840493,7.757794798259991,7.850752830505371,25400,0.0,0.0
2023-05-19 00:00:00-04:00,7.952161812753135,8.070472695005668,7.842301880502986,7.850752830505371,26300,0.0,0.0
2023-05-22 00:00:00-04:00,7.952162815823217,7.985965814169648,7.740893874676258,7.749344825744629,26900,0.0,0.0
2023-05-23 00:00:00-04:00,7.7577962399352876,7.867656192601335,7.740894336789542,7.783148288726807,45200,0.0,0.0
2023-05-24 00:00:00-04:00,7.808500337518325,7.808500337518325,7.690190239206505,7.783148288726807,24100,0.0,0.0
2023-05-25 00:00:00-04:00,7.808501383074408,7.808501383074408,7.6732893635119925,7.690191268920898,25800,0.0,0.0
2023-05-26 00:00:00-04:00,7.664836905348861,7.732442901851504,7.664836905348861,7.707090854644775,30400,0.0,0.0
2023-05-30 00:00:00-04:00,7.740895238904172,7.884558208676921,7.673289230296667,7.7324442863464355,35800,0.0,0.0
2023-05-31 00:00:00-04:00,7.7324429089921995,7.935261704614476,7.715541812814456,7.893007755279541,18800,0.0,0.0
2023-06-01 00:00:00-04:00,7.943712343972261,8.04512215105632,7.8254022455860275,7.85920524597168,39000,0.0,0.0
2023-06-02 00:00:00-04:00,8.002868569190145,8.002868569190145,7.867656561394571,7.9437127113342285,40200,0.0,0.0
2023-06-05 00:00:00-04:00,7.909909726403649,7.994417634421272,7.909909726403649,7.985966682434082,20900,0.0,0.0
2023-06-06 00:00:00-04:00,7.994416217109946,8.087374254707306,7.935261175541353,8.06202220916748,55900,0.0,0.0
2023-06-07 00:00:00-04:00,8.146531970535042,8.315546989440918,8.078925962972692,8.315546989440918,67400,0.0,0.0
2023-06-08 00:00:00-04:00,8.264842581607905,8.307096540376518,8.138081511229295,8.205687522888184,41100,0.0,0.0
2023-06-09 00:00:00-04:00,8.18033455094525,8.214137552976961,8.138080596923828,8.138080596923828,33300,0.0,0.0
2023-06-12 00:00:00-04:00,8.12117781447976,8.138079716630912,7.816950829102482,7.9352617263793945,80200,0.0,0.0
2023-06-13 00:00:00-04:00,7.994417204610982,8.028220204815225,7.943712301341069,7.960614204406738,16800,0.0,0.0
2023-06-14 00:00:00-04:00,8.062023165379795,8.062023165379795,7.876106262207031,7.876106262207031,34500,0.0,0.0
2023-06-15 00:00:00-04:00,7.8592070558150855,8.087377159480209,7.7746991324266475,7.952165126800537,81000,0.0,0.0
2023-06-16 00:00:00-04:00,7.943712297974892,8.205686153892088,7.926811200843481,8.146531105041504,66800,0.0,0.0
2023-06-20 00:00:00-04:00,8.070474592860407,8.214137552976961,8.028220638838985,8.138080596923828,51000,0.0,0.0
2023-06-21 00:00:00-04:00,8.222587992393985,8.442307916402543,8.112728836316874,8.433856964111328,73500,0.0,0.0
2023-06-22 00:00:00-04:00,8.501463877430865,8.628224939595126,8.290194903205643,8.383152961730957,116700,0.0,0.0
2023-06-23 00:00:00-04:00,8.36625007817238,8.45075798034668,8.30709503020662,8.45075798034668,86200,0.0,0.0
2023-06-26 00:00:00-04:00,8.543716512265295,8.594421417629311,8.391603408027512,8.526815414428711,28100,0.0,0.0
2023-06-27 00:00:00-04:00,8.594421305338338,8.662027307655627,8.518364351249609,8.611322402954102,36700,0.0,0.0
2023-06-28 00:00:00-04:00,8.662027307655627,8.662027307655627,8.476110398319523,8.611322402954102,47900,0.0,0.0
2023-06-29 00:00:00-04:00,8.636675288622381,8.712732242978417,8.518364381187757,8.543716430664062,36000,0.0,0.0
2023-06-30 00:00:00-04:00,8.6958299153666,8.6958299153666,8.535265868609628,8.670477867126465,28400,0.0,0.0
2023-07-03 00:00:00-04:00,8.704281332635226,8.839493338389019,8.68737942895244,8.780338287353516,29700,0.0,0.0
2023-07-05 00:00:00-04:00,8.89019775390625,8.898647899355149,8.788787949248656,8.89019775390625,25700,0.0,0.0
2023-07-06 00:00:00-04:00,8.932452295426058,8.932452295426058,8.72118331355939,8.763437271118164,28800,0.0,0.0
2023-07-07 00:00:00-04:00,8.83104373162955,8.91555165106088,8.78033962471255,8.873297691345215,41200,0.0,0.0
2023-07-10 00:00:00-04:00,8.881748644473797,9.016960670822126,8.873297691345215,8.873297691345215,34100,0.0,0.0
2023-07-11 00:00:00-04:00,8.983156219228233,9.016959220377855,8.79723930994176,8.949353218078613,26600,0.0,0.0
2023-07-12 00:00:00-04:00,9.050762670630284,9.0761147212687,8.890198608684106,8.940902709960938,41800,0.0,0.0
2023-07-13 00:00:00-04:00,9.06766376788844,9.177523728543349,8.957804613160691,9.093016624450684,68700,0.0,0.0
2023-07-14 00:00:00-04:00,9.126819594041306,9.169073548897366,9.084565639185245,9.160622596740723,47600,0.0,0.0
2023-07-17 00:00:00-04:00,9.169072106240671,9.329636142318057,9.169072106240671,9.30428409576416,283200,0.0,0.0
2023-07-18 00:00:00-04:00,9.346539016798499,9.507103069588057,9.211326207274471,9.270482063293457,218200,0.0,0.0
2023-07-19 00:00:00-04:00,9.37189094070375,9.422595038411202,9.295833988215469,9.388792037963867,117200,0.0,0.0
2023-07-20 00:00:00-04:00,9.34654036735692,9.37189242021289,9.262032449934049,9.363441467285156,119400,0.0,0.0
2023-07-21 00:00:00-04:00,9.241271234331368,9.407072710387263,9.154006773955274,9.188912391662598,87600,0.35,0.0
2023-07-24 00:00:00-04:00,9.284903557778351,9.284903557778351,9.162733478467839,9.267450332641602,47800,0.0,0.0
2023-07-25 00:00:00-04:00,9.232543182926475,9.232543182926475,8.839854836867044,8.909666061401367,144500,0.0,0.0
2023-07-26 00:00:00-04:00,8.918392522633043,9.058014969355096,8.839854688298033,8.927118301391602,51600,0.0,0.0
2023-07-27 00:00:00-04:00,8.918393498763189,9.014383733337002,8.804950040331127,8.84858226776123,39800,0.0,0.0
2023-07-28 00:00:00-04:00,8.892213410299826,8.927119024808947,8.735138561116527,8.787496566772461,56200,0.0,0.0
2023-07-31 00:00:00-04:00,8.90966704558035,8.935846049618645,8.79622358512703,8.892213821411133,42000,0.0,0.0
2023-08-01 00:00:00-04:00,8.996931235002533,9.066742465176622,8.88348777791576,9.040562629699707,37800,0.0,0.0
2023-08-02 00:00:00-04:00,9.145278331122684,9.145278331122684,8.988203498984742,9.075467109680176,41900,0.0,0.0
2023-08-03 00:00:00-04:00,9.092921901542027,9.110374293809068,9.03183728028406,9.066742897033691,18800,0.0,0.0
2023-08-04 00:00:00-04:00,9.031836918291383,9.136553764343262,9.031836918291383,9.136553764343262,35200,0.0,0.0
2023-08-07 00:00:00-04:00,9.154005306292293,9.319807587980655,9.11909969418139,9.21509075164795,43800,0.0,0.0
2023-08-08 00:00:00-04:00,9.188911335880858,9.232543561055678,9.031836490353173,9.110373497009277,86200,0.0,0.0
2023-08-09 00:00:00-04:00,9.119100809424951,9.162733037953553,8.93584611537726,8.988204956054688,23100,0.0,0.0
2023-08-10 00:00:00-04:00,8.918394029428894,9.110374509999819,8.918394029428894,9.014384269714355,37500,0.0,0.0
2023-08-11 00:00:00-04:00,8.988204623176895,9.08419485661239,8.988204623176895,9.040562629699707,9200,0.0,0.0
2023-08-14 00:00:00-04:00,9.014383191232065,9.51178839026206,9.014383191232065,9.223816871643066,80200,0.0,0.0
2023-08-15 00:00:00-04:00,9.145278930664062,9.267448992305315,9.075467704644906,9.145278930664062,34300,0.0,0.0
2023-08-16 00:00:00-04:00,9.084194925209564,9.215091606936051,9.07546831331803,9.136553764343262,25500,0.0,0.0
2023-08-17 00:00:00-04:00,9.284903432955533,9.311082438093138,9.101648732561161,9.206365585327148,39200,0.0,0.0
2023-08-18 00:00:00-04:00,9.17145886764805,9.337260323252893,9.162732256243725,9.223816871643066,33000,0.0,0.0
2023-08-21 00:00:00-04:00,9.249996452479426,9.424524514707908,9.206364228868445,9.37216567993164,69900,0.0,0.0
2023-08-22 00:00:00-04:00,9.337259962071023,9.415797797241034,9.258722126901015,9.293627738952637,24200,0.0,0.0
2023-08-23 00:00:00-04:00,9.380892544728514,9.43325138092041,9.267449093158964,9.43325138092041,37600,0.0,0.0
2023-08-24 00:00:00-04:00,9.398345589121545,9.468156814575195,9.2849021397055,9.468156814575195,36600,0.0,0.0
2023-08-25 00:00:00-04:00,9.46815829238275,9.51178969093976,9.433252674207791,9.441978454589844,19600,0.0,0.0
2023-08-28 00:00:00-04:00,9.503062456268202,9.503062456268202,9.389619006506372,9.450703620910645,19300,0.0,0.0
2023-08-29 00:00:00-04:00,9.415797979377231,9.511788206322137,9.407071368141661,9.468156814575195,40700,0.0,0.0
2023-08-30 00:00:00-04:00,9.441978239730417,9.529242699289835,9.433252459546926,9.49433708190918,39900,0.0,0.0
2023-08-31 00:00:00-04:00,9.468157925035221,9.546694938720096,9.42452569595548,9.511789321899414,40800,0.0,0.0
2023-09-01 00:00:00-04:00,9.450704294465817,9.555421140428686,9.407072067260742,9.407072067260742,24700,0.0,0.0
2023-09-05 00:00:00-04:00,9.389618902262212,9.555420353325408,9.302354455040248,9.37216567993164,50100,0.0,0.0
2023-09-06 00:00:00-04:00,9.31980880771934,9.468157886659858,9.258723354369069,9.337261199951172,28100,0.0,0.0
2023-09-07 00:00:00-04:00,9.424525358813394,9.55542120915455,9.33726090377561,9.503063201904297,23700,0.0,0.0
2023-09-08 00:00:00-04:00,9.537969158676589,9.546694938720096,9.42452569595548,9.511789321899414,38700,0.0,0.0
2023-09-11 00:00:00-04:00,9.503063050494351,9.590326671926265,9.503063050494351,9.520515441894531,54600,0.0,0.0
2023-09-12 00:00:00-04:00,9.590326043011357,9.599052654246927,9.468156814575195,9.468156814575195,49800,0.0,0.0
2023-09-13 00:00:00-04:00,9.511788649553742,9.599053101544891,9.47688303520038,9.555420875549316,43900,0.0,0.0
2023-09-14 00:00:00-04:00,9.590327262878418,9.63395949239073,9.55542164571168,9.590327262878418,34900,0.0,0.0
2023-09-15 00:00:00-04:00,9.599053352796828,9.625232356193202,9.555421125659194,9.616506576538086,46800,0.0,0.0
2023-09-18 00:00:00-04:00,9.616505121309089,9.756127561248576,9.54669306912396,9.703768730163574,75400,0.0,0.0
2023-09-19 00:00:00-04:00,9.686317341498363,9.686317341498363,9.599052891417468,9.607779502868652,25000,0.0,0.0
2023-09-20 00:00:00-04:00,9.616506576538086,9.677591195201465,9.590326740926198,9.616506576538086,24700,0.0,0.0
2023-09-21 00:00:00-04:00,9.599053934051144,9.668865168812452,9.459431464528526,9.49433708190918,31500,0.0,0.0
2023-09-22 00:00:00-04:00,9.468157753754317,9.81721391564665,9.468157753754317,9.738676071166992,145700,0.0,0.0
2023-09-25 00:00:00-04:00,9.703771316024357,9.808488173883918,9.616507683915861,9.660139083862305,61200,0.0,0.0
2023-09-26 00:00:00-04:00,9.668865296637769,9.799761155491815,9.625233066281229,9.747403144836426,80600,0.0,0.0
2023-09-27 00:00:00-04:00,9.703770454977759,9.79103491155861,9.5205157619304,9.738676071166992,89400,0.0,0.0
2023-09-28 00:00:00-04:00,9.607780048620326,9.721223507283238,9.468157586332287,9.503063201904297,103900,0.0,0.0
2023-09-29 00:00:00-04:00,9.459430335460933,9.607779399675819,9.197637820245522,9.529241561889648,108400,0.0,0.0
2023-10-02 00:00:00-04:00,9.590326438600917,9.599053050196448,9.258722687910089,9.380892753601074,69500,0.0,0.0
2023-10-03 00:00:00-04:00,9.450703791145699,9.450703791145699,8.359902330189682,8.665327072143555,232900,0.0,0.0
2023-10-04 00:00:00-04:00,8.70895973020624,8.892214435562064,8.691507337047186,8.883488655090332,29200,0.0,0.0
2023-10-05 00:00:00-04:00,8.883488066548768,8.944572686881918,8.804950221997272,8.813676834106445,23200,0.0,0.0
2023-10-06 00:00:00-04:00,8.639147896466199,8.962025885872473,8.639147896466199,8.892213821411133,40200,0.0,0.0
2023-10-09 00:00:00-04:00,8.935846544983564,9.302355950699523,8.927119932415188,9.267450332641602,37900,0.0,0.0
2023-10-10 00:00:00-04:00,9.345988181325819,9.459431648067957,9.19763909652576,9.267450332641602,25400,0.0,0.0
2023-10-11 00:00:00-04:00,9.267448709632209,9.511787993246488,9.267448709632209,9.311080932617188,31500,0.0,0.0
2023-10-12 00:00:00-04:00,9.31980775172676,9.380892365940218,9.215090913554212,9.258722305297852,52200,0.0,0.0
2023-10-13 00:00:00-04:00,9.319807735671285,9.572873635539509,9.319807735671285,9.546693801879883,60600,0.0,0.0
2023-10-16 00:00:00-04:00,9.590326460228802,9.686317523565155,9.520515231738084,9.572874069213867,103700,0.0,0.0
2023-10-17 00:00:00-04:00,9.599053101544891,9.677590941893829,9.520515261195955,9.555420875549316,74100,0.0,0.0
2023-10-18 00:00:00-04:00,9.581601232413732,9.764855941721866,9.581601232413732,9.660139083862305,149800,0.0,0.0
2023-10-19 00:00:00-04:00,9.729949731545368,9.729949731545368,9.572874870402828,9.590327262878418,132000,0.0,0.0
2023-10-20 00:00:00-04:00,9.46413791130329,9.46413791130329,9.274855118693585,9.283868789672852,50700,0.35,0.0
2023-10-23 00:00:00-04:00,9.3199224833073,9.410056613063096,9.27485498863392,9.301895141601562,44600,0.0,0.0
2023-10-24 00:00:00-04:00,9.355976438325028,9.355976438325028,9.238801294367498,9.283868789672852,39400,0.0,0.0
2023-10-25 00:00:00-04:00,9.13965398016747,9.319923111419179,9.13965398016747,9.274855613708496,57000,0.0,0.0
2023-10-26 00:00:00-04:00,9.166692900321376,9.310908185898793,9.148665559828746,9.22978687286377,30100,0.0,0.0
2023-10-27 00:00:00-04:00,9.229788454426501,9.229788454426501,9.157680799281845,9.20274829864502,23000,0.0,0.0
2023-10-30 00:00:00-04:00,9.22978807893353,9.319923073992937,9.202747924252114,9.292882919311523,27700,0.0,0.0
2023-10-31 00:00:00-04:00,9.283869237743879,9.392030715942383,9.22978806884912,9.392030715942383,30700,0.0,0.0
2023-11-01 00:00:00-04:00,9.37400287422631,9.55427285455414,9.37400287422631,9.500191688537598,29600,0.0,0.0
2023-11-02 00:00:00-04:00,9.518219526787204,9.617367333465346,9.473152029354951,9.491178512573242,36200,0.0,0.0
2023-11-03 00:00:00-04:00,9.545259345053648,9.779609635770495,9.545259345053648,9.563285827636719,32800,0.0,0.0
2023-11-06 00:00:00-05:00,9.473151294000802,9.851716867699912,9.473151294000802,9.77059555053711,39500,0.0,0.0
2023-11-07 00:00:00-05:00,9.770597056560403,9.770597056560403,9.49117923877409,9.644408226013184,32200,0.0,0.0
2023-11-08 00:00:00-05:00,9.662434570565917,9.851717367008781,9.644407228242315,9.761582374572754,17900,0.0,0.0
2023-11-09 00:00:00-05:00,9.671447873215147,9.815664040353727,9.671447873215147,9.752569198608398,18900,0.0,0.0
2023-11-10 00:00:00-05:00,9.896784164959701,9.896784164959701,9.671447539787492,9.824676513671875,23800,0.0,0.0
2023-11-13 00:00:00-05:00,9.68947423106632,9.87875701787079,9.68947423106632,9.869743347167969,22800,0.0,0.0
2023-11-14 00:00:00-05:00,9.896784575042156,10.050013555275724,9.86073074790432,9.950865745544434,89800,0.0,0.0
2023-11-15 00:00:00-05:00,9.92382508810946,10.095080543453765,9.860730249116505,10.059026718139648,133800,0.0,0.0
2023-11-16 00:00:00-05:00,10.09508067509181,10.09508067509181,9.977905526395237,10.041000366210938,36300,0.0,0.0
2023-11-17 00:00:00-05:00,10.086065950305848,10.113106961512988,9.941850662231445,9.941850662231445,64900,0.0,0.0
2023-11-20 00:00:00-05:00,9.887771879988222,10.05001367423335,9.87875820819931,10.031987190246582,41900,0.0,0.0
2023-11-21 00:00:00-05:00,10.013959352179489,10.09508067509181,9.941851700610984,10.041000366210938,45500,0.0,0.0
2023-11-22 00:00:00-05:00,10.086067162338969,10.113108176795603,9.977905683285504,10.104094505310059,42800,0.0,0.0
2023-11-24 00:00:00-05:00,10.122120660527274,10.122120660527274,10.05902668135604,10.077054023742676,28400,0.0,0.0
2023-11-27 00:00:00-05:00,10.095080506538316,10.14014800291391,10.05902668135604,10.077054023742676,62800,0.0,0.0
2023-11-28 00:00:00-05:00,10.059025893959593,10.14014720916748,9.986918249239453,10.14014720916748,39700,0.0,0.0
2023-11-29 00:00:00-05:00,10.022971744842929,10.158174218978681,10.022971744842929,10.113106727600098,40000,0.0,0.0
2023-11-30 00:00:00-05:00,10.09508062013429,10.257323265075684,10.09508062013429,10.257323265075684,107900,0.0,0.0
2023-12-01 00:00:00-05:00,10.266337057749352,10.338444709777832,10.221269560333798,10.338444709777832,81600,0.0,0.0
2023-12-04 00:00:00-05:00,10.365484974031784,10.545754106009783,10.365484974031784,10.51871395111084,88700,0.0,0.0
2023-12-05 00:00:00-05:00,10.554767232243696,10.771090179441982,10.54575356121269,10.744050025939941,96200,0.0,0.0
2023-12-06 00:00:00-05:00,10.816158395071698,10.906293392200377,10.527727779605584,10.581808090209961,67600,0.0,0.0
2023-12-07 00:00:00-05:00,10.599835335086027,10.816158294677734,10.56378150848741,10.816158294677734,38100,0.0,0.0
2023-12-08 00:00:00-05:00,10.816157711771403,10.852211536427001,10.671942413149008,10.726022720336914,43100,0.0,0.0
2023-12-11 00:00:00-05:00,10.78010409679965,10.93333306946415,10.726022928968828,10.906292915344238,68500,0.0,0.0
2023-12-12 00:00:00-05:00,10.879252720959341,10.987414205175721,10.825172408646683,10.924320220947266,57400,0.0,0.0
2023-12-13 00:00:00-05:00,10.978400384510191,11.22176348674694,10.852211568052365,11.140642166137695,76000,0.0,0.0
2023-12-14 00:00:00-05:00,11.185709937342558,11.6994771677271,11.185709937342558,11.618356704711914,218200,0.0,0.0
2023-12-15 00:00:00-05:00,11.699476498868398,11.870732805599866,11.636382522488889,11.762571334838867,443000,0.0,0.0
2023-12-18 00:00:00-05:00,11.735532564372722,11.879747875707817,11.51019592551387,11.555262565612793,62100,0.0,0.0
2023-12-19 00:00:00-05:00,11.47414009461065,11.528221260767275,11.329924797647617,11.510194778442383,61000,0.0,0.0
2023-12-20 00:00:00-05:00,11.420060615803282,11.753558729100922,11.411046944192012,11.42907428741455,72500,0.0,0.0
2023-12-21 00:00:00-05:00,11.338939547004324,11.67243766784668,11.338939547004324,11.67243766784668,48100,0.0,0.0
2023-12-22 00:00:00-05:00,11.726518351866236,11.771585849478384,11.537235549568027,11.582303047180176,23900,0.0,0.0
2023-12-26 00:00:00-05:00,11.609344349278755,11.699478493820116,11.59131700461582,11.627370834350586,33100,0.0,0.0
2023-12-27 00:00:00-05:00,11.672438068745755,11.83468072862722,11.627370567713005,11.798626899719238,68200,0.0,0.0
2023-12-28 00:00:00-05:00,11.80763928946988,11.80763928946988,11.645396647208852,11.771585464477539,29800,0.0,0.0
2023-12-29 00:00:00-05:00,11.690464552592125,11.753558533639687,11.582303073828722,11.663423538208008,43000,0.0,0.0
2024-01-02 00:00:00-05:00,11.681450218444988,11.798625362022445,11.573288745817559,11.708490371704102,48200,0.0,0.0
2024-01-03 00:00:00-05:00,11.717504283096503,12.10508354599112,11.708490611961514,11.969881057739258,76600,0.0,0.0
2024-01-04 00:00:00-05:00,12.105084287396137,12.38450123296643,11.996922805924632,12.1231107711792,177000,0.0,0.0
2024-01-05 00:00:00-05:00,12.159163311889401,12.28535212338416,12.060015512594848,12.0960693359375,63900,0.0,0.0
2024-01-08 00:00:00-05:00,12.069030422692217,12.17719190382723,12.069030422692217,12.141138076782227,71000,0.0,0.0
2024-01-09 00:00:00-05:00,12.123110284995365,12.150150439381065,11.996922324801426,12.032976150512695,26600,0.0,0.0
2024-01-10 00:00:00-05:00,12.069030693460272,12.321407488437366,12.069030693460272,12.285353660583496,84600,0.0,0.0
2024-01-11 00:00:00-05:00,12.537729949847591,12.609837602646849,12.186205357348966,12.294366836547852,76400,0.0,0.0
2024-01-12 00:00:00-05:00,12.303379674623056,12.618851300984069,12.303379674623056,12.375487327575684,128500,0.0,0.0
2024-01-16 00:00:00-05:00,12.510689892717043,12.690959026123997,12.348447242855269,12.573783874511719,132800,0.0,0.0
2024-01-17 00:00:00-05:00,12.690958401431843,12.690958401431843,12.339432963898286,12.501675605773926,116200,0.0,0.0
2024-01-18 00:00:00-05:00,12.55575644301281,12.573782925196998,12.447594971134777,12.474635124206543,130700,0.0,0.0
2024-01-19 00:00:00-05:00,12.391408462973956,12.548612973724985,12.271194078887321,12.409903526306152,107500,0.35,0.0
2024-01-22 00:00:00-05:00,12.456141081805075,12.474635264400819,12.308184093466268,12.326678276062012,67900,0.0,0.0
2024-01-23 00:00:00-05:00,12.22495753299079,12.32667773755665,12.077000551115656,12.150979042053223,65000,0.0,0.0
2024-01-24 00:00:00-05:00,12.187968643267503,12.354419811788858,12.150979396719068,12.243452072143555,72400,0.0,0.0
2024-01-25 00:00:00-05:00,12.271193473423455,12.317429365686335,12.224956699267459,12.308182716369629,26600,0.0,0.0
2024-01-26 00:00:00-05:00,12.391409735045027,12.400657267660453,12.298937054570512,12.345173835754395,36400,0.0,0.0
2024-01-29 00:00:00-05:00,12.298936491699644,12.56710875202114,12.298936491699644,12.400656700134277,50600,0.0,0.0
2024-01-30 00:00:00-05:00,12.40065698326113,12.483883011104746,12.28044170769738,12.372915267944336,39000,0.0,0.0
2024-01-31 00:00:00-05:00,12.354419734710712,12.428398227346037,12.0492582321167,12.0492582321167,64800,0.0,0.0
2024-02-01 00:00:00-05:00,12.197215397574022,12.308184020059517,12.040011759821521,12.132484436035156,59700,0.0,0.0
2024-02-02 00:00:00-05:00,12.10474242989315,12.10474242989315,11.845817708079066,11.892053604125977,40700,0.0,0.0
2024-02-05 00:00:00-05:00,11.762591751721487,11.993774760856539,11.522161210566669,11.818075180053711,69800,0.0,0.0
2024-02-06 00:00:00-05:00,11.818075497920677,11.956785836268471,11.725602820915364,11.753344535827637,29000,0.0,0.0
2024-02-07 00:00:00-05:00,11.76259141162817,11.76259141162817,11.38345142871172,11.420440673828125,50200,0.0,0.0
2024-02-08 00:00:00-05:00,11.29097779180488,11.392697994652433,11.143020812429107,11.22624683380127,73600,0.0,0.0
2024-02-09 00:00:00-05:00,11.19850490813647,11.281730934483448,11.18925825779264,11.253989219665527,38900,0.0,0.0
2024-02-12 00:00:00-05:00,11.22624785985266,11.420441633505483,11.15226936340332,11.15226936340332,54500,0.0,0.0
2024-02-13 00:00:00-05:00,11.143021133980055,11.207752093851587,10.384740269957986,10.514203071594238,126500,0.0,0.0
2024-02-14 00:00:00-05:00,10.606676378164593,11.198504298843647,10.551192069654348,11.078289031982422,81700,0.0,0.0
2024-02-15 00:00:00-05:00,11.198504348426761,11.4481824149886,11.198504348426761,11.30947208404541,72700,0.0,0.0
2024-02-16 00:00:00-05:00,11.22624701003687,11.374203991735351,11.124525923699284,11.235493659973145,103400,0.0,0.0
2024-02-20 00:00:00-05:00,11.124525923699284,11.3834515235648,11.124525923699284,11.235493659973145,62200,0.0,0.0
2024-02-21 00:00:00-05:00,11.549902654880439,12.049257907669467,11.383451491879544,11.919795989990234,85200,0.0,0.0
2024-02-22 00:00:00-05:00,12.067753539362624,12.067753539362624,11.522161483764648,11.522161483764648,48800,0.0,0.0
2024-02-23 00:00:00-05:00,11.586892484076229,12.021516799926758,11.586892484076229,12.021516799926758,71100,0.0,0.0
2024-02-26 00:00:00-05:00,11.919796844204393,11.929043494777577,11.429688206203009,11.494420051574707,74200,0.0,0.0
2024-02-27 00:00:00-05:00,11.494419130873867,11.494419130873867,11.281730310648742,11.457429885864258,86000,0.0,0.0
2024-02-28 00:00:00-05:00,11.41119370473076,11.438935419462641,11.244741652553051,11.29097843170166,19900,0.0,0.0
2024-02-29 00:00:00-05:00,11.383452236933811,11.688613751283835,11.383452236933811,11.568398475646973,31700,0.0,0.0
2024-03-01 00:00:00-05:00,11.614635467529297,11.74409739604194,11.512914372962795,11.614635467529297,37700,0.0,0.0
2024-03-04 00:00:00-05:00,11.744096678756168,11.808828520952156,11.448182709494027,11.54990291595459,41200,0.0,0.0
2024-03-05 00:00:00-05:00,11.540656299825114,11.679366645344892,11.485172867131812,11.586893081665039,51500,0.0,0.0
2024-03-06 00:00:00-05:00,11.688613465882177,11.7348493630116,11.596139907836914,11.596139907836914,21800,0.0,0.0
2024-03-07 00:00:00-05:00,11.614634800645222,11.8088285641573,11.605387268598648,11.781085968017578,24600,0.0,0.0
2024-03-08 00:00:00-05:00,11.744096609807121,11.892053593569543,11.57764544402099,11.623881340026855,27700,0.0,0.0
2024-03-11 00:00:00-04:00,11.679366402048338,11.744097366139846,11.272483788604804,11.383452415466309,75600,0.0,0.0
2024-03-12 00:00:00-04:00,11.420440938437906,11.919796200025948,11.346462446491024,11.892053604125977,63100,0.0,0.0
2024-03-13 00:00:00-04:00,11.919796731785013,12.003021877518155,11.781086391776654,11.873559951782227,52000,0.0,0.0
2024-03-14 00:00:00-04:00,11.808828462105625,11.929042850099416,11.79958093013897,11.892053604125977,18400,0.0,0.0
2024-03-15 00:00:00-04:00,11.818075112179095,11.938290382066073,11.762591684165528,11.892053604125977,65000,0.0,0.0
2024-03-18 00:00:00-04:00,11.892053698632559,11.94753800898025,11.457430275463961,11.512913703918457,40400,0.0,0.0
2024-03-19 00:00:00-04:00,11.568398369545235,11.790333853965507,11.540655772572785,11.679366111755371,40100,0.0,0.0
2024-03-20 00:00:00-04:00,11.753343486625328,11.919795525026483,11.596138979667154,11.864311218261719,29200,0.0,0.0
2024-03-21 00:00:00-04:00,11.845818201143803,12.003021841654405,11.818075604089088,11.91054916381836,66200,0.0,0.0
2024-03-22 00:00:00-04:00,11.975280126492914,11.975280126492914,11.845818201143803,11.91054916381836,24700,0.0,0.0
2024-03-25 00:00:00-04:00,11.99377490690937,12.003021557148546,11.836570388231742,11.9382905960083,39500,0.0,0.0
2024-03-26 00:00:00-04:00,11.984527340150095,12.021516586679533,11.882807132667436,11.975279808044434,38400,0.0,0.0
2024-03-27 00:00:00-04:00,11.919796344969102,12.040011616317884,11.892053748731785,12.012269020080566,29000,0.0,0.0
2024-03-28 00:00:00-04:00,11.92904235900826,12.086246868396932,11.92904235900826,11.947537422180176,24200,0.0,0.0
2024-04-01 00:00:00-04:00,11.98452727153409,12.0492582321167,11.91979631095148,12.0492582321167,24900,0.0,0.0
2024-04-02 00:00:00-04:00,12.012269800166745,12.012269800166745,11.873560337545051,11.929043769836426,26900,0.0,0.0
2024-04-03 00:00:00-04:00,12.012269054573874,12.012269054573874,11.808828639608556,11.975279808044434,31000,0.0,0.0
2024-04-04 00:00:00-04:00,12.003021453746323,12.10474254253979,11.86431200052839,12.0492582321167,32700,0.0,0.0
2024-04-05 00:00:00-04:00,11.956785943682995,12.012269374005978,11.818075604089088,11.91054916381836,39600,0.0,0.0
2024-04-08 00:00:00-04:00,11.966032770273747,12.003022018331269,11.83657084301904,11.993775367736816,23700,0.0,0.0
2024-04-09 00:00:00-04:00,11.910548177729497,11.975279135044897,11.79958044437746,11.947537422180176,48000,0.0,0.0
2024-04-10 00:00:00-04:00,12.021516586679533,12.021516586679533,11.855064536350454,11.975279808044434,54000,0.0,0.0
2024-04-11 00:00:00-04:00,11.919796086128414,12.012268759231814,11.651623834910145,11.734848976135254,77700,0.0,0.0
2024-04-12 00:00:00-04:00,11.855063686818735,12.003020662333924,11.744095955182344,11.864311218261719,61200,0.0,0.0
2024-04-15 00:00:00-04:00,11.818076023360419,12.012269800166745,11.697860744204764,11.929043769836426,95600,0.0,0.0
2024-04-16 00:00:00-04:00,11.966031359466811,12.003020603163264,11.374203460323558,11.63312816619873,103600,0.0,0.0
2024-04-17 00:00:00-04:00,11.9013008101275,11.9013008101275,11.61463438215815,11.762591361999512,51200,0.0,0.0
2024-04-18 00:00:00-04:00,11.882807056743502,12.02151650986933,11.725602539524523,11.781085968017578,140300,0.0,0.0
2024-04-19 00:00:00-04:00,11.68600076616673,11.952239749420109,11.59091496160209,11.800103187561035,88900,0.35,0.0
2024-04-22 00:00:00-04:00,11.95224004397875,12.123394133690958,11.790594716318433,11.89518928527832,49900,0.0,0.0
2024-04-23 00:00:00-04:00,11.942731867986367,11.961748484773961,11.733543642490222,11.828628540039062,58000,0.0,0.0
2024-04-24 00:00:00-04:00,11.895189018569663,11.904697780408354,11.33418476536309,11.771577835083008,113200,0.0,0.0
2024-04-25 00:00:00-04:00,11.628949244902923,11.695509671637893,11.467304826046288,11.543373107910156,38200,0.0,0.0
2024-04-26 00:00:00-04:00,11.657475202551803,11.666983964218481,11.438778218245345,11.53386402130127,34300,0.0,0.0
2024-04-29 00:00:00-04:00,11.638458585160361,11.676492727982238,11.543373681508415,11.59091567993164,35700,0.0,0.0
2024-04-30 00:00:00-04:00,11.733543312605214,12.028307665566475,11.60042337161294,11.933222770690918,37000,0.0,0.0
2024-05-01 00:00:00-04:00,11.961748386565867,12.342089787249428,11.619441125950662,12.142411231994629,69200,0.0,0.0
2024-05-02 00:00:00-04:00,12.170937862059489,12.361108581959297,12.113886192686785,12.18044662475586,36900,0.0,0.0
2024-05-03 00:00:00-04:00,12.23749670805347,12.285039612090829,12.085360140578304,12.189953804016113,20000,0.0,0.0
2024-05-06 00:00:00-04:00,12.294548339407733,12.332582481168709,12.12339424808061,12.275530815124512,28000,0.0,0.0
2024-05-07 00:00:00-04:00,12.361107654313697,12.361107654313697,12.028308239359992,12.037817001342773,33900,0.0,0.0
2024-05-08 00:00:00-04:00,12.161428213705223,12.161428213705223,11.819120942814148,12.009291648864746,30800,0.0,0.0
2024-05-09 00:00:00-04:00,12.009292466906476,12.237497329711914,11.904698798155364,12.237497329711914,28000,0.0,0.0
2024-05-10 00:00:00-04:00,12.16142818020615,12.256513986372257,11.93322333357403,12.094868659973145,34200,0.0,0.0
2024-05-13 00:00:00-04:00,12.170936921789345,12.294548106875974,11.933223313577855,12.0663423538208,44000,0.0,0.0
2024-05-14 00:00:00-04:00,11.97125776869097,12.266022142795444,11.97125776869097,12.132903099060059,31400,0.0,0.0
2024-05-15 00:00:00-04:00,12.16142865607126,12.408651036332357,12.16142865607126,12.342090606689453,55800,0.0,0.0
2024-05-16 00:00:00-04:00,12.408650764690659,12.456193668593246,12.170937151983196,12.275530815124512,66700,0.0,0.0
2024-05-17 00:00:00-04:00,12.247005428142765,12.332582473754883,12.142411765064328,12.332582473754883,21900,0.0,0.0
2024-05-20 00:00:00-04:00,12.361107501489244,12.370616263354465,12.266021696447918,12.351598739624023,46500,0.0,0.0
2024-05-21 00:00:00-04:00,12.389632900851934,12.418159186494963,12.266021716815137,12.380125045776367,40200,0.0,0.0
2024-05-22 00:00:00-04:00,12.36110808115555,12.36110808115555,11.904698371887207,11.904698371887207,31900,0.0,0.0
2024-05-23 00:00:00-04:00,11.914205849003293,12.218479885657406,11.828628804531995,11.952239990234375,33900,0.0,0.0
2024-05-24 00:00:00-04:00,11.885680204012715,11.971257246570476,11.638457838135945,11.828628540039062,48600,0.0,0.0
2024-05-28 00:00:00-04:00,11.628949516983269,11.952240175871406,11.600424137318278,11.609932899475098,72700,0.0,0.0
2024-05-29 00:00:00-04:00,11.609932892006716,11.933223550686888,11.600424129856012,11.666984558105469,46900,0.0,0.0
2024-05-30 00:00:00-04:00,11.609932999817774,12.104376847774724,11.609932999817774,12.04732608795166,43000,0.0,0.0
2024-05-31 00:00:00-04:00,12.104376847774724,12.161428514403264,11.876171994871516,12.04732608795166,34800,0.0,0.0
2024-06-03 00:00:00-04:00,12.142410939055464,12.189952932889875,11.980765620963334,11.990273475646973,25400,0.0,0.0
2024-06-04 00:00:00-04:00,12.132902414228559,12.35159849190999,12.07585075098686,12.256513595581055,38500,0.0,0.0
2024-06-05 00:00:00-04:00,12.27553039111087,12.304055769744929,11.762069041670628,11.857154846191406,49500,0.0,0.0
2024-06-06 00:00:00-04:00,11.857155512008587,12.056834987270515,11.705018941676737,11.762069702148438,31600,0.0,0.0
2024-06-07 00:00:00-04:00,11.781087226842663,11.942732559521627,11.733544321912587,11.762069702148438,26900,0.0,0.0
2024-06-10 00:00:00-04:00,11.705019197822548,11.980766964284703,11.705019197822548,11.88568115234375,24700,0.0,0.0
2024-06-11 00:00:00-04:00,11.85715488368481,11.942731926663026,11.714526176452637,11.714526176452637,57700,0.0,0.0
2024-06-12 00:00:00-04:00,11.952240471751441,12.066342900041503,11.705018997192383,11.705018997192383,44200,0.0,0.0
2024-06-13 00:00:00-04:00,11.790595119144673,11.914206309626065,11.676492691040039,11.676492691040039,37100,0.0,0.0
2024-06-14 00:00:00-04:00,11.657476073092012,11.828629261846217,11.657476073092012,11.676492691040039,32900,0.0,0.0
2024-06-17 00:00:00-04:00,11.65747606432453,11.83813801531962,11.65747606432453,11.73354434967041,24600,0.0,0.0
2024-06-18 00:00:00-04:00,11.73354345617712,11.790594212439448,11.562389373779297,11.562389373779297,38500,0.0,0.0
2024-06-20 00:00:00-04:00,11.486321443109532,11.714526288701137,11.476812681175184,11.543373107910156,61800,0.0,0.0
2024-06-21 00:00:00-04:00,11.562390318355467,11.619441986083984,11.248608412862355,11.619441986083984,98900,0.0,0.0
2024-06-24 00:00:00-04:00,11.666984565610552,11.705018707432362,11.495830474009662,11.609932899475098,125600,0.0,0.0
2024-06-25 00:00:00-04:00,11.666984863360994,11.800103909731902,11.410253719407685,11.647967338562012,217500,0.0,0.0
2024-06-26 00:00:00-04:00,11.743052686591788,12.075851196221418,11.743052686591788,11.980766296386719,84300,0.0,0.0
2024-06-27 00:00:00-04:00,11.980766127252013,12.123393928393284,11.524355531350139,11.600423812866211,166000,0.0,0.0
2024-06-28 00:00:00-04:00,11.866663551886132,12.361108319950805,11.647967455338259,12.056835174560547,1672500,0.0,0.0
2024-07-01 00:00:00-04:00,12.313565463133614,12.32307422566616,11.904698649094739,11.914206504821777,72400,0.0,0.0
2024-07-02 00:00:00-04:00,11.876171269328168,12.31356433074068,11.876171269328168,12.227987289428711,107300,0.0,0.0
2024-07-03 00:00:00-04:00,12.275530242736943,12.323073144422683,12.075850781101177,12.170936584472656,28100,0.0,0.0
2024-07-05 00:00:00-04:00,12.09486896486449,12.24700553312101,11.885680730109039,12.075851440429688,94900,0.0,0.0
2024-07-08 00:00:00-04:00,12.227988008686207,12.25651429533841,12.056834822800361,12.075851440429688,46200,0.0,0.0
2024-07-09 00:00:00-04:00,12.075851196221418,12.161428240836466,11.961748772336506,11.980766296386719,57500,0.0,0.0
2024-07-10 00:00:00-04:00,12.066343039835797,12.170937613750919,11.971258135228553,11.999783515930176,47500,0.0,0.0
2024-07-11 00:00:00-04:00,12.056834575432688,12.617838839472698,12.056834575432688,12.589312553405762,110200,0.0,0.0
2024-07-12 00:00:00-04:00,12.636856069636346,12.969655502115357,12.570296545862744,12.693907737731934,79900,0.0,0.0
2024-07-15 00:00:00-04:00,12.865059822325408,13.226384604384318,12.684397884698665,12.950636863708496,111500,0.0,0.0
2024-07-16 00:00:00-04:00,13.093266396397004,13.483116581305472,13.064740109594814,13.235894203186035,157400,0.0,0.0
2024-07-17 00:00:00-04:00,13.407047961173012,13.625744047015875,13.188350968524693,13.28343677520752,116400,0.0,0.0
2024-07-18 00:00:00-04:00,13.378521954583382,13.502133143131308,13.226385386156851,13.29294490814209,76700,0.0,0.0
2024-07-19 00:00:00-04:00,13.407047691979333,13.426064308850798,12.979162477303369,13.159825325012207,160700,0.0,0.0
2024-07-22 00:00:00-04:00,13.16958081920973,13.364685534168524,12.925699692928067,13.296399116516113,84300,0.35,0.0
2024-07-23 00:00:00-04:00,13.198846153701766,13.452482745620973,13.140315205002045,13.35492992401123,137100,0.0,0.0
2024-07-24 00:00:00-04:00,13.247622045212475,13.296398454105358,12.974475457877999,13.013496398925781,46400,0.0,0.0
2024-07-25 00:00:00-04:00,13.091538904686162,13.286643619219623,12.974476075966086,13.023252487182617,88400,0.0,0.0
2024-07-26 00:00:00-04:00,13.169580529864838,13.20860147199928,12.9842312873094,13.140315055847168,54600,0.0,0.0
2024-07-29 00:00:00-04:00,13.111048910973176,13.228112670025917,12.984231544275925,13.023252487182617,72800,0.0,0.0
2024-07-30 00:00:00-04:00,13.208601736239201,13.364685507899445,12.974476078748832,13.159825325012207,60900,0.0,0.0
2024-07-31 00:00:00-04:00,13.257377734003196,13.257377734003196,12.993985679791544,13.062273025512695,52400,0.0,0.0
2024-08-01 00:00:00-04:00,13.08178360302223,13.169580958263882,12.467203046663327,12.798881530761719,77400,0.0,0.0
2024-08-02 00:00:00-04:00,12.7305950878322,12.915944336059422,12.594021321016099,12.662307739257812,44100,0.0,0.0
2024-08-05 00:00:00-04:00,12.272098253234073,12.379405614343142,11.959930707947569,12.11601448059082,80500,0.0,0.0
2024-08-06 00:00:00-04:00,12.106258387450168,12.408671379089355,12.106258387450168,12.408671379089355,42600,0.0,0.0
2024-08-07 00:00:00-04:00,12.476958058306536,12.476958058306536,12.379405238202253,12.428181648254395,18100,0.0,0.0
2024-08-08 00:00:00-04:00,12.42818200750742,12.584265779919967,12.398916532763234,12.555000305175781,23600,0.0,0.0
2024-08-09 00:00:00-04:00,12.594020616954738,12.594020616954738,12.398915911219435,12.408671379089355,27400,0.0,0.0
2024-08-12 00:00:00-04:00,12.389160629623266,12.398916097639862,12.19405592095452,12.320874214172363,40500,0.0,0.0
2024-08-13 00:00:00-04:00,12.418426539148468,12.574511241893683,12.1940563488886,12.555000305175781,33200,0.0,0.0
2024-08-14 00:00:00-04:00,12.584265365386491,12.964720245859157,12.515978949788565,12.89643383026123,36100,0.0,0.0
2024-08-15 00:00:00-04:00,13.072027869880673,13.159825223344438,12.91594409942627,12.91594409942627,62200,0.0,0.0
2024-08-16 00:00:00-04:00,12.954964813834117,13.169580459594727,12.808636514193898,13.169580459594727,40700,0.0,0.0
2024-08-19 00:00:00-04:00,13.218356651379334,13.218356651379334,13.052517418347323,13.120803833007812,62300,0.0,0.0
2024-08-20 00:00:00-04:00,13.15982556355556,13.15982556355556,12.828147077598992,12.90618896484375,24600,0.0,0.0
2024-08-21 00:00:00-04:00,13.042762638641614,13.257378292183523,13.033007170223192,13.23786735534668,86600,0.0,0.0
2024-08-22 00:00:00-04:00,13.27688796411431,13.364685317002293,13.15006966886863,13.2476224899292,64200,0.0,0.0
2024-08-23 00:00:00-04:00,13.403705961418488,13.598810668870133,13.36468501992816,13.530524253845215,77200,0.0,0.0
2024-08-26 00:00:00-04:00,13.618321604781613,13.618321604781613,13.32566407843783,13.530524253845215,101300,0.0,0.0
2024-08-27 00:00:00-04:00,13.530524323783515,13.559789797469376,13.36468508900925,13.501258850097656,51200,0.0,0.0
2024-08-28 00:00:00-04:00,13.471993275473261,13.550035158272586,13.325664047475058,13.393950462341309,66800,0.0,0.0
2024-08-29 00:00:00-04:00,13.42321758293376,13.511014938354492,13.37444117099639,13.511014938354492,26500,0.0,0.0
2024-08-30 00:00:00-04:00,13.589056131247023,13.598810668870133,13.413461429374228,13.530524253845215,35700,0.0,0.0
2024-09-03 00:00:00-04:00,13.559790275237937,13.559790275237937,13.37444102825334,13.43297290802002,36100,0.0,0.0
2024-09-04 00:00:00-04:00,13.423216866140526,13.569545163806103,13.33541951540813,13.393950462341309,39400,0.0,0.0
2024-09-05 00:00:00-04:00,13.364685678414189,13.462238502112811,13.169580961349617,13.374441146850586,44400,0.0,0.0
2024-09-06 00:00:00-04:00,13.4134620189827,13.56954579180491,13.257378246160494,13.403706550598145,36600,0.0,0.0
2024-09-09 00:00:00-04:00,13.462238382737027,13.550035737220712,13.403706502970346,13.43297290802002,39000,0.0,0.0
2024-09-10 00:00:00-04:00,13.471993563698726,13.471993563698726,13.276887922193616,13.413461685180664,31000,0.0,0.0
2024-09-11 00:00:00-04:00,13.403705992714313,13.481747875877188,13.169580343225688,13.22811222076416,33700,0.0,0.0
2024-09-12 00:00:00-04:00,13.315908396012299,13.550034971515995,13.315908396012299,13.4817476272583,36500,0.0,0.0
2024-09-13 00:00:00-04:00,13.579301285379989,13.579301285379989,13.462238455546172,13.54028034210205,58600,0.0,0.0
2024-09-16 00:00:00-04:00,13.598811291852622,13.608566760255274,13.471993923948826,13.54028034210205,76600,0.0,0.0
2024-09-17 00:00:00-04:00,13.540280126418768,13.608566543484258,13.364685419298759,13.491503715515137,77400,0.0,0.0
2024-09-18 00:00:00-04:00,13.55979020375422,13.579301140351145,13.364685489448274,13.462238311767578,41500,0.0,0.0
2024-09-19 00:00:00-04:00,13.628077768804575,13.628077768804575,13.296399284029667,13.511014938354492,63100,0.0,0.0
2024-09-20 00:00:00-04:00,13.462238297060571,14.11583978702095,13.452482828772764,13.901224136352539,281800,0.0,0.0
2024-09-23 00:00:00-04:00,13.784161352364794,13.832937763628513,13.511014751753695,13.735384941101074,71900,0.0,0.0
2024-09-24 00:00:00-04:00,13.715874761857568,13.940244948375959,13.47199363894663,13.520769119262695,74900,0.0,0.0
2024-09-25 00:00:00-04:00,13.56954579180491,13.647587678216013,13.374441075777149,13.403706550598145,57800,0.0,0.0
2024-09-26 00:00:00-04:00,13.491503164573649,13.628076923460133,13.413461282447836,13.452482223510742,56600,0.0,0.0
2024-09-27 00:00:00-04:00,13.550035519384483,13.569545525437947,13.364685345046988,13.384196281433105,46800,0.0,0.0
2024-09-30 00:00:00-04:00,13.413461971320238,13.569545743587828,13.315909148486659,13.43297290802002,67000,0.0,0.0
2024-10-01 00:00:00-04:00,13.442727130400312,13.491503540671825,13.25737788776774,13.276887893676758,84100,0.0,0.0
2024-10-02 00:00:00-04:00,13.30615404194154,13.481747813073705,13.257377632608806,13.393950462341309,69400,0.0,0.0
2024-10-03 00:00:00-04:00,13.393950346750072,13.589055982397227,13.364684873536046,13.452482223510742,55500,0.0,0.0
2024-10-04 00:00:00-04:00,13.598811291852622,13.696364115213804,13.462238455546172,13.54028034210205,43100,0.0,0.0
2024-10-07 00:00:00-04:00,13.598810857049413,13.637831799079711,13.442727088928223,13.442727088928223,49900,0.0,0.0
2024-10-08 00:00:00-04:00,13.50125859589024,13.676853295364499,13.462237654932917,13.618321418762207,32700,0.0,0.0
2024-10-09 00:00:00-04:00,13.657342840349411,13.871958488333759,13.647587372183612,13.68660831451416,46800,0.0,0.0
2024-10-10 00:00:00-04:00,13.618321968234861,13.754895732262282,13.511014608855737,13.657342910766602,42200,0.0,0.0
2024-10-11 00:00:00-04:00,13.725629139518771,13.862202901674594,13.696363665604181,13.745140075683594,71400,0.0,0.0
2024-10-14 00:00:00-04:00,13.82318155486795,13.940244377430785,13.725628737565946,13.784160614013672,54800,0.0,0.0
2024-10-15 00:00:00-04:00,13.83293750382616,13.969510336400345,13.764650157206423,13.852447509765625,41500,0.0,0.0
2024-10-16 00:00:00-04:00,13.94024503525999,14.125594280481144,13.881713156050191,14.067063331604004,146800,0.0,0.0
2024-10-17 00:00:00-04:00,14.047551953514034,14.106083830883922,13.754895357662491,13.832937240600586,77600,0.0,0.0
2024-10-18 00:00:00-04:00,13.832937287128408,14.096328410347253,13.696363526361052,13.803670883178711,95700,0.0,0.0
2024-10-21 00:00:00-04:00,13.910979842461797,13.910979842461797,13.637832307729497,13.647587776184082,56900,0.0,0.0
2024-10-22 00:00:00-04:00,13.647587729604336,13.823182439856835,13.589056779741952,13.813426971435547,39200,0.0,0.0
2024-10-23 00:00:00-04:00,13.83293778958731,13.910979675622649,13.696364023859136,13.87195873260498,53300,0.0,0.0
2024-10-24 00:00:00-04:00,13.852447323305208,13.9597556106921,13.803670913614134,13.940244674682617,65800,0.0,0.0
2024-10-25 00:00:00-04:00,14.028042649782059,14.301189253731176,13.881713414202666,13.950000762939453,167500,0.0,0.0
2024-10-28 00:00:00-04:00,13.949999809265137,14.100000381469727,13.5,13.569999694824219,152800,0.35,0.0
2024-10-29 00:00:00-04:00,13.5,13.5,12.210000038146973,12.449999809265137,301900,0.0,0.0
2024-10-30 00:00:00-04:00,12.420000076293945,12.960000038146973,12.420000076293945,12.890000343322754,124600,0.0,0.0
2024-10-31 00:00:00-04:00,12.800000190734863,12.899999618530273,12.529999732971191,12.619999885559082,69600,0.0,0.0
2024-11-01 00:00:00-04:00,12.630000114440918,12.670000076293945,12.170000076293945,12.329999923706055,115400,0.0,0.0
2024-11-04 00:00:00-05:00,12.399999618530273,12.510000228881836,12.119999885559082,12.279999732971191,93800,0.0,0.0
2024-11-05 00:00:00-05:00,12.220000267028809,12.359999656677246,12.199999809265137,12.300000190734863,49700,0.0,0.0
2024-11-06 00:00:00-05:00,12.329999923706055,13.079999923706055,12.329999923706055,13.010000228881836,152100,0.0,0.0
2024-11-07 00:00:00-05:00,12.960000038146973,12.989999771118164,12.779999732971191,12.800000190734863,56700,0.0,0.0
2024-11-08 00:00:00-05:00,12.880000114440918,13.020000457763672,12.760000228881836,13.010000228881836,61600,0.0,0.0
2024-11-11 00:00:00-05:00,12.970000267028809,13.1899995803833,12.960000038146973,13.15999984741211,80000,0.0,0.0
2024-11-12 00:00:00-05:00,13.050000190734863,13.239999771118164,12.65999984741211,12.789999961853027,94100,0.0,0.0
2024-11-13 00:00:00-05:00,12.770000457763672,13.149999618530273,12.670000076293945,12.880000114440918,108800,0.0,0.0
2024-11-14 00:00:00-05:00,12.989999771118164,13.239999771118164,12.859999656677246,12.890000343322754,92400,0.0,0.0
2024-11-15 00:00:00-05:00,13.0,13.079999923706055,12.84000015258789,12.970000267028809,58000,0.0,0.0
2024-11-18 00:00:00-05:00,13.109999656677246,13.109999656677246,12.779999732971191,12.899999618530273,63800,0.0,0.0
2024-11-19 00:00:00-05:00,12.880000114440918,13.109999656677246,12.8100004196167,13.0,35100,0.0,0.0
2024-11-20 00:00:00-05:00,13.0,13.100000381469727,12.75,12.949999809265137,46500,0.0,0.0
2024-11-21 00:00:00-05:00,12.989999771118164,13.079999923706055,12.890000343322754,13.0,32900,0.0,0.0
2024-11-22 00:00:00-05:00,12.970000267028809,13.109999656677246,12.899999618530273,12.989999771118164,39500,0.0,0.0
2024-11-25 00:00:00-05:00,13.069999694824219,13.199999809265137,12.970000267028809,13.0600004196167,69000,0.0,0.0
2024-11-26 00:00:00-05:00,13.050000190734863,13.369999885559082,13.0,13.289999961853027,39200,0.0,0.0
2024-11-27 00:00:00-05:00,13.289999961853027,13.449999809265137,13.180000305175781,13.270000457763672,51800,0.0,0.0
2024-11-29 00:00:00-05:00,13.359999656677246,13.369999885559082,13.130000114440918,13.319999694824219,32900,0.0,0.0
2024-12-02 00:00:00-05:00,13.260000228881836,13.59000015258789,13.100000381469727,13.510000228881836,180500,0.0,0.0
2024-12-03 00:00:00-05:00,13.539999961853027,13.539999961853027,13.069999694824219,13.15999984741211,56900,0.0,0.0
2024-12-04 00:00:00-05:00,13.149999618530273,13.260000228881836,12.979999542236328,13.140000343322754,45500,0.0,0.0
2024-12-05 00:00:00-05:00,13.09000015258789,13.229999542236328,12.960000038146973,13.119999885559082,43700,0.0,0.0
2024-12-06 00:00:00-05:00,13.130000114440918,13.199999809265137,12.949999809265137,13.119999885559082,58300,0.0,0.0
2024-12-09 00:00:00-05:00,13.199999809265137,13.390000343322754,13.069999694824219,13.1899995803833,46600,0.0,0.0
2024-12-10 00:00:00-05:00,13.319999694824219,13.430000305175781,13.050000190734863,13.260000228881836,69800,0.0,0.0
2024-12-11 00:00:00-05:00,13.329999923706055,13.609999656677246,13.279999732971191,13.350000381469727,46200,0.0,0.0
2024-12-12 00:00:00-05:00,13.380000114440918,13.8100004196167,13.319999694824219,13.630000114440918,51800,0.0,0.0
2024-12-13 00:00:00-05:00,13.609999656677246,13.729999542236328,13.359999656677246,13.539999961853027,52100,0.0,0.0
2024-12-16 00:00:00-05:00,13.529999732971191,13.800000190734863,13.329999923706055,13.729999542236328,58700,0.0,0.0
2024-12-17 00:00:00-05:00,13.670000076293945,13.760000228881836,13.359999656677246,13.430000305175781,70600,0.0,0.0
2024-12-18 00:00:00-05:00,13.460000038146973,13.539999961853027,12.850000381469727,12.920000076293945,58500,0.0,0.0
2024-12-19 00:00:00-05:00,13.149999618530273,13.800000190734863,12.859999656677246,12.899999618530273,57400,0.0,0.0
2024-12-20 00:00:00-05:00,12.800000190734863,13.1899995803833,12.800000190734863,13.119999885559082,129700,0.0,0.0
2024-12-23 00:00:00-05:00,13.0600004196167,13.199999809265137,12.8100004196167,12.949999809265137,56900,0.0,0.0
2024-12-24 00:00:00-05:00,12.819999694824219,13.069999694824219,12.789999961853027,13.069999694824219,32400,0.0,0.0
2024-12-26 00:00:00-05:00,13.0,13.199999809265137,13.0,13.079999923706055,20000,0.0,0.0
2024-12-27 00:00:00-05:00,12.989999771118164,12.989999771118164,12.600000381469727,12.75,63400,0.0,0.0
2024-12-30 00:00:00-05:00,12.8100004196167,12.819999694824219,12.59000015258789,12.720000267028809,44300,0.0,0.0
2024-12-31 00:00:00-05:00,12.84000015258789,13.149999618530273,12.739999771118164,13.079999923706055,62600,0.0,0.0
2025-01-02 00:00:00-05:00,13.010000228881836,13.1899995803833,12.630000114440918,12.899999618530273,51700,0.0,0.0
2025-01-03 00:00:00-05:00,12.869999885559082,13.09000015258789,12.800000190734863,12.890000343322754,30300,0.0,0.0
2025-01-06 00:00:00-05:00,12.930000305175781,13.100000381469727,12.699999809265137,12.699999809265137,44800,0.0,0.0
2025-01-07 00:00:00-05:00,12.760000228881836,12.90999984741211,12.5,12.609999656677246,41500,0.0,0.0
2025-01-08 00:00:00-05:00,12.539999961853027,12.739999771118164,12.5,12.609999656677246,30900,0.0,0.0
2025-01-10 00:00:00-05:00,12.569999694824219,12.75,12.220000267028809,12.270000457763672,67500,0.0,0.0
2025-01-13 00:00:00-05:00,12.229999542236328,12.529999732971191,12.220000267028809,12.399999618530273,36000,0.0,0.0
2025-01-14 00:00:00-05:00,12.489999771118164,12.720000267028809,12.279999732971191,12.579999923706055,61500,0.0,0.0
2025-01-15 00:00:00-05:00,12.5600004196167,12.90999984741211,12.5600004196167,12.779999732971191,37900,0.0,0.0
2025-01-16 00:00:00-05:00,12.869999885559082,13.229000091552734,12.800000190734863,13.149999618530273,32831,0.0,0.0
