Date,Open,High,Low,Close,Volume,Dividends,Stock Splits
2022-01-03 00:00:00-05:00,36.28720383013681,37.12940774561031,36.02458036088766,36.58605194091797,238500,0.0,0.0
2022-01-04 00:00:00-05:00,37.00263283950397,37.953507427618085,36.80340072319661,37.48259735107422,249700,0.0,0.0
2022-01-05 00:00:00-05:00,37.89916530207332,38.152734357789186,37.238081088682954,37.24713897705078,282900,0.0,0.0
2022-01-06 00:00:00-05:00,37.47354222790476,38.56931193832776,37.138469410345884,38.31574630737305,240300,0.0,0.0
2022-01-07 00:00:00-05:00,38.33385371444472,38.560252557205466,37.77057190128079,38.23423767089844,341900,0.0,0.0
2022-01-10 00:00:00-05:00,38.306684921064154,38.63269981942959,37.8538872187949,38.45158004760742,355900,0.0,0.0
2022-01-11 00:00:00-05:00,38.659860159868614,38.659860159868614,37.72256920991287,38.51496505737305,226100,0.0,0.0
2022-01-12 00:00:00-05:00,38.37913745398906,38.714206814695565,38.12556837018695,38.52403259277344,181100,0.0,0.0
2022-01-13 00:00:00-05:00,38.551194382701766,39.1307748631345,38.25234970885396,38.80475997924805,125900,0.0,0.0
2022-01-14 00:00:00-05:00,38.207069060861926,39.01305187668733,37.89011204955083,39.00399398803711,173800,0.0,0.0
2022-01-18 00:00:00-05:00,38.90437255133536,39.23944529353305,38.48779955000898,38.5783576965332,159100,0.0,0.0
2022-01-19 00:00:00-05:00,38.79570448040533,38.79570448040533,37.600318908691406,37.600318908691406,162300,0.0,0.0
2022-01-20 00:00:00-05:00,37.59125869561199,38.03500190450955,36.29626061849788,36.504547119140625,137900,0.0,0.0
2022-01-21 00:00:00-05:00,36.124204224982314,37.219973959460546,35.834413939080186,35.97930908203125,295500,0.0,0.0
2022-01-24 00:00:00-05:00,35.345385913755536,37.1928012834423,35.245769871090246,36.93923568725586,349800,0.0,0.0
2022-01-25 00:00:00-05:00,36.477389713054016,37.36487298773432,35.80272195740013,36.721900939941406,241000,0.0,0.0
2022-01-26 00:00:00-05:00,37.42826147866978,38.89532513537133,36.50455370828067,37.1656379699707,315500,0.0,0.0
2022-01-27 00:00:00-05:00,37.835773822186184,38.370075233880634,35.44047363062382,35.74385070800781,267300,0.0,0.0
2022-01-28 00:00:00-05:00,35.997418795391624,36.57699932515187,34.68430471445656,35.870635986328125,258000,0.0,0.0
2022-01-31 00:00:00-05:00,35.60801143508691,36.52266473863439,35.28199653301345,36.359657287597656,350200,0.0,0.0
2022-02-01 00:00:00-05:00,36.260040995836846,36.56794357299805,35.4721705029238,36.56794357299805,291200,0.0,0.0
2022-02-02 00:00:00-05:00,36.57699732789733,36.58605521637724,35.54461913381243,36.43210220336914,265300,0.0,0.0
2022-02-03 00:00:00-05:00,36.4502155448817,36.83509290630449,35.71668201325169,35.771018981933594,296700,0.0,0.0
2022-02-04 00:00:00-05:00,36.08797266356866,36.34154170609574,35.57178359976186,36.28720474243164,342700,0.0,0.0
2022-02-07 00:00:00-05:00,36.38682553357168,36.45021693883864,35.771020349916185,36.21476364135742,354400,0.0,0.0
2022-02-08 00:00:00-05:00,36.269093428545794,36.75811575138864,36.17853527449584,36.55888366699219,429700,0.0,0.0
2022-02-09 00:00:00-05:00,36.75811501155742,36.75811501155742,36.160422224969984,36.250980377197266,394200,0.0,0.0
2022-02-10 00:00:00-05:00,36.26918305792888,36.78796408844683,35.950634520564755,36.214576721191406,287000,0.2,0.0
2022-02-11 00:00:00-05:00,36.05074931215344,36.86987557742398,35.70489414846045,35.91422653198242,231300,0.0,0.0
2022-02-14 00:00:00-05:00,35.950641626231366,36.50582930558659,35.35904740057627,35.54107666015625,241600,0.0,0.0
2022-02-15 00:00:00-05:00,36.02344545363828,36.83347180491593,35.57747405596668,36.77886199951172,306600,0.0,0.0
2022-02-16 00:00:00-05:00,36.40570887218382,37.27944505185568,36.40570887218382,37.161128997802734,204800,0.0,0.0
2022-02-17 00:00:00-05:00,36.833473998286266,36.960893413231915,35.99614095848553,36.214576721191406,291700,0.0,0.0
2022-02-18 00:00:00-05:00,36.032550422421686,36.737912419164694,36.032550422421686,36.587738037109375,178200,0.0,0.0
2022-02-22 00:00:00-05:00,36.533125760952224,36.88808084230171,36.07805443164904,36.3966064453125,324900,0.0,0.0
2022-02-23 00:00:00-05:00,36.660546391947555,36.888082064135745,35.2134193779539,35.30443572998047,257700,0.0,0.0
2022-02-24 00:00:00-05:00,34.039343522273654,35.19522187098332,33.75719799266645,35.06780242919922,474100,0.0,0.0
2022-02-25 00:00:00-05:00,35.413650287789764,36.76066098993275,35.277127501849336,36.54222869873047,232800,0.0,0.0
2022-02-28 00:00:00-05:00,35.86872405664042,37.14292523920965,35.2862332778381,36.97909927368164,309400,0.0,0.0
2022-03-01 00:00:00-05:00,36.76976619616281,37.11561791981714,35.27712926281712,35.65028762817383,431600,0.0,0.0
2022-03-02 00:00:00-05:00,35.932428855689444,37.689004323300495,35.932428855689444,37.49787521362305,237600,0.0,0.0
2022-03-03 00:00:00-05:00,37.616202617593224,37.616202617593224,35.89602985367263,36.02345275878906,423800,0.0,0.0
2022-03-04 00:00:00-05:00,34.99498562498697,35.859621837812135,34.67643361398891,34.92217254638672,3246000,0.0,0.0
2022-03-07 00:00:00-05:00,34.58541871843247,34.894867340579395,33.23840809023953,33.356727600097656,869100,0.0,0.0
2022-03-08 00:00:00-05:00,33.60246637961959,34.116699220446925,32.919859363514355,33.09278869628906,688200,0.0,0.0
2022-03-09 00:00:00-05:00,33.575157414948706,34.63092261209064,33.36582504943726,34.312374114990234,513500,0.0,0.0
2022-03-10 00:00:00-05:00,34.485304486389154,36.62414179911165,34.485304486389154,36.560428619384766,802800,0.0,0.0
2022-03-11 00:00:00-05:00,36.615043183088495,37.25214381582189,36.387507490820795,36.67875289916992,437900,0.0,0.0
2022-03-14 00:00:00-04:00,37.088316460367594,37.7709235117854,36.751564620472124,36.86988067626953,401300,0.0,0.0
2022-03-15 00:00:00-04:00,37.015497568090744,37.384107678934264,36.36929716071744,36.860774993896484,442400,0.0,0.0
2022-03-16 00:00:00-04:00,37.13381793747248,37.99845411470578,37.10196308487582,37.9620475769043,403100,0.0,0.0
2022-03-17 00:00:00-04:00,37.52517612123827,37.95294422164813,37.37955345521422,37.65259552001953,360600,0.0,0.0
2022-03-18 00:00:00-04:00,37.506979338156256,37.5115310237334,36.596836650182055,37.18843078613281,991500,0.0,0.0
2022-03-21 00:00:00-04:00,37.30674811079486,37.65259981207706,35.84141791393944,36.196372985839844,268700,0.0,0.0
2022-03-22 00:00:00-04:00,36.75156169855866,37.142923321343396,36.49671939205219,36.660545349121094,164100,0.0,0.0
2022-03-23 00:00:00-04:00,36.35109470883541,36.44211105327528,35.07689713394406,35.09510040283203,352800,0.0,0.0
2022-03-24 00:00:00-04:00,35.32264188965745,36.48944280115219,34.630931445351244,35.26803207397461,247600,0.0,0.0
2022-03-25 00:00:00-04:00,35.24983169239162,36.096264809323856,35.13788312342617,36.050758361816406,225400,0.0,0.0
2022-03-28 00:00:00-04:00,35.75951339710488,35.75951339710488,34.88577709467478,35.413658142089844,244900,0.0,0.0
2022-03-29 00:00:00-04:00,35.90512402146428,36.86077299738316,35.695791653171064,36.76976013183594,567600,0.0,0.0
2022-03-30 00:00:00-04:00,36.86077889448719,37.11561773632394,35.131506397089396,35.30443572998047,324200,0.0,0.0
2022-03-31 00:00:00-04:00,35.39545051922425,35.8050154456376,34.721946837494755,34.74014663696289,233500,0.0,0.0
2022-04-01 00:00:00-04:00,35.076898373683804,35.286230765416235,34.348784952023465,34.41249465942383,354700,0.0,0.0
2022-04-04 00:00:00-04:00,34.41249753491431,34.49441051869062,33.811803477861005,34.2941780090332,248800,0.0,0.0
2022-04-05 00:00:00-04:00,34.3578833054065,34.758344801327205,33.72078278814109,33.78449249267578,230100,0.0,0.0
2022-04-06 00:00:00-04:00,33.64797578842892,33.8755114570617,32.87435243192622,32.91075897216797,440300,0.0,0.0
2022-04-07 00:00:00-04:00,33.15650217312373,33.493254033851755,31.882300876216643,32.027923583984375,497000,0.0,0.0
2022-04-08 00:00:00-04:00,32.15534048485275,32.310063063990384,31.36351390434824,31.43632698059082,526000,0.0,0.0
2022-04-11 00:00:00-04:00,31.345316871661918,32.13714360970601,31.345316871661918,31.709375381469727,385600,0.0,0.0
2022-04-12 00:00:00-04:00,31.818591542350607,32.2190565974816,31.581955941343512,31.62746238708496,381900,0.0,0.0
2022-04-13 00:00:00-04:00,31.481831363506046,32.09162521362305,31.318005424566305,32.09162521362305,278600,0.0,0.0
2022-04-14 00:00:00-04:00,32.1280368686993,32.43748552801368,31.45453320966846,31.490936279296875,269000,0.0,0.0
2022-04-18 00:00:00-04:00,31.554644052114995,31.791283085712948,31.25429878260213,31.645660400390625,260300,0.0,0.0
2022-04-19 00:00:00-04:00,32.0461241373836,33.36401248199224,31.91870471288807,33.29302215576172,369700,0.0,0.0
2022-04-20 00:00:00-04:00,33.6024659221652,33.91646625631292,33.138294685177016,33.156497955322266,243400,0.0,0.0
2022-04-21 00:00:00-04:00,33.374928608464295,33.44774168545697,32.29186012758782,32.59220886230469,385700,0.0,0.0
2022-04-22 00:00:00-04:00,32.43748892580826,33.957429211391364,31.56375266866308,31.62746238708496,339400,0.0,0.0
2022-04-25 00:00:00-04:00,31.427221312475638,31.700266856504552,30.64449815968516,31.663860321044922,330900,0.0,0.0
2022-04-26 00:00:00-04:00,31.254298987913558,31.64110892284958,30.626301804320445,30.67180824279785,363900,0.0,0.0
2022-04-27 00:00:00-04:00,30.48977989092021,30.48977989092021,29.479520956937936,30.06201171875,865700,0.0,0.0
2022-04-28 00:00:00-04:00,30.180331248546942,30.753722111337915,29.889085867555707,30.46247673034668,350200,0.0,0.0
2022-04-29 00:00:00-04:00,30.47157464813834,30.721865258614592,29.707054704769195,29.898183822631836,297900,0.0,0.0
2022-05-02 00:00:00-04:00,30.125721437641534,31.20879345312657,29.752563076251587,30.46247673034668,300600,0.0,0.0
2022-05-03 00:00:00-04:00,30.45336942407365,31.304353973145588,30.153024182701316,31.19968605041504,299600,0.0,0.0
2022-05-04 00:00:00-04:00,31.154184449781454,31.85499475093223,30.876590646341246,31.490936279296875,358500,0.0,0.0
2022-05-05 00:00:00-04:00,31.500036566810138,31.500036566810138,30.407864730745878,30.944849014282227,361000,0.0,0.0
2022-05-06 00:00:00-04:00,30.762825369754864,30.881144903677384,29.752566325159215,30.034711837768555,341300,0.0,0.0
2022-05-09 00:00:00-04:00,29.816268883280365,30.234937101578886,29.661546313847047,29.889081954956055,259800,0.0,0.0
2022-05-10 00:00:00-04:00,30.089314741789643,30.371456717659296,28.89702672013896,29.570533752441406,228100,0.0,0.0
2022-05-11 00:00:00-04:00,29.543227939163394,30.143921915807287,29.079056741177947,29.197376251220703,311500,0.0,0.0
2022-05-12 00:00:00-04:00,29.224854233945955,29.856791224971303,28.88598977444252,29.45381736755371,330600,0.2,0.0
2022-05-13 00:00:00-04:00,29.792681748625967,30.058279821399797,29.380550904177092,29.765207290649414,279700,0.0,0.0
2022-05-16 00:00:00-04:00,29.636985527871317,29.829313701851373,29.307278090362768,29.371387481689453,231200,0.0,0.0
2022-05-17 00:00:00-04:00,30.003322592642746,30.88712028383533,29.12410514161063,30.836748123168945,322500,0.0,0.0
2022-05-18 00:00:00-04:00,30.305558676055938,30.662740583946995,29.279803130752168,29.609512329101562,409000,0.0,0.0
2022-05-19 00:00:00-04:00,29.298117822443714,29.865947074329927,29.1698990465032,29.224849700927734,235000,0.0,0.0
2022-05-20 00:00:00-04:00,29.664460427919852,29.788102465689487,28.91346169508896,29.646142959594727,270900,0.0,0.0
2022-05-23 00:00:00-04:00,30.177338845758605,30.387984489452844,29.65530323014683,30.159021377563477,326900,0.0,0.0
2022-05-24 00:00:00-04:00,30.00332701858433,30.113231836450648,29.298121905775975,29.9117431640625,320800,0.0,0.0
2022-05-25 00:00:00-04:00,29.902584002065936,30.59863032944705,29.82015714150898,30.16817855834961,158900,0.0,0.0
2022-05-26 00:00:00-04:00,30.47041621897278,30.91002504481048,30.46583597776707,30.76348876953125,140500,0.0,0.0
2022-05-27 00:00:00-04:00,30.992443830584442,31.53279685974121,30.946651911577828,31.53279685974121,150900,0.0,0.0
2022-05-31 00:00:00-04:00,31.32215592083487,31.725129759527483,30.905441360056145,31.56027603149414,232800,0.0,0.0
2022-06-01 00:00:00-04:00,31.857923180667232,32.16473287293514,30.877961466405978,31.404577255249023,198700,0.0,0.0
2022-06-02 00:00:00-04:00,31.312992293411707,32.21968770649893,31.239725918146885,32.20137023925781,213400,0.0,0.0
2022-06-03 00:00:00-04:00,31.954091204401514,32.06399251941885,31.651861714678873,31.82587242126465,193200,0.0,0.0
2022-06-06 00:00:00-04:00,31.981563622256513,32.25632213284533,31.62438175093056,31.71596908569336,240700,0.0,0.0
2022-06-07 00:00:00-04:00,31.432057875684826,32.03652039276722,31.37710546733186,31.889984130859375,201100,0.0,0.0
2022-06-08 00:00:00-04:00,31.661014997266182,31.80755123137652,30.873381428785837,31.102344512939453,195300,0.0,0.0
2022-06-09 00:00:00-04:00,30.91001968353569,31.09319086928919,29.967608142742165,30.094911575317383,282000,0.0,0.0
2022-06-10 00:00:00-04:00,29.545397757451497,29.746886409373094,28.67533899992145,28.940937042236328,386800,0.0,0.0
2022-06-13 00:00:00-04:00,28.492167379650823,28.908880132129767,27.92433814980876,28.153301239013672,654200,0.0,0.0
2022-06-14 00:00:00-04:00,28.180780089701646,28.43721765575177,27.759487057569448,28.382266998291016,381100,0.0,0.0
2022-06-15 00:00:00-04:00,28.483010614872043,28.8951431558128,28.03424313863885,28.363948822021484,692200,0.0,0.0
2022-06-16 00:00:00-04:00,27.942658997349042,27.942658997349042,27.255769646618287,27.35651397705078,668300,0.0,0.0
2022-06-17 00:00:00-04:00,27.924341257486887,28.47385308210336,27.594633813347016,27.979291915893555,1860500,0.0,0.0
2022-06-21 00:00:00-04:00,28.574599589632882,29.87510850320386,28.09835585554065,28.244892120361328,427000,0.0,0.0
2022-06-22 00:00:00-04:00,27.741172950884486,28.863090861350525,27.420624227815615,27.906024932861328,339200,0.0,0.0
2022-06-23 00:00:00-04:00,27.896865439936445,27.91518290860816,26.79784352238295,27.100074768066406,299100,0.0,0.0
2022-06-24 00:00:00-04:00,27.219134412755597,27.9930308574613,27.090915627675336,27.402305603027344,1073100,0.0,0.0
2022-06-27 00:00:00-04:00,27.713698240566863,28.15330704322811,27.438941428766007,27.841917037963867,333600,0.0,0.0
2022-06-28 00:00:00-04:00,28.015929182943953,28.345636654507096,27.310722311811706,27.46641731262207,310700,0.0,0.0
2022-06-29 00:00:00-04:00,27.493891334821186,27.548841993435868,26.788684519674653,26.990171432495117,336300,0.0,0.0
2022-06-30 00:00:00-04:00,26.61467273728083,26.971856394453877,26.129272037990514,26.79784393310547,405300,0.0,0.0
2022-07-01 00:00:00-04:00,26.669623513532468,27.686218522338685,26.495611062823347,27.429780960083008,431300,0.0,0.0
2022-07-05 00:00:00-04:00,26.78868467849938,27.365670964499234,26.458977231156634,27.35651397705078,503900,0.0,0.0
2022-07-06 00:00:00-04:00,27.19166228997752,27.631271088126983,26.95354042093404,27.31072235107422,435400,0.0,0.0
2022-07-07 00:00:00-04:00,27.228290150090903,27.82817407269762,26.99932706087685,27.008485794067383,459300,0.0,0.0
2022-07-08 00:00:00-04:00,27.100075863105904,27.30156278608642,26.770368401092306,26.97185707092285,262600,0.0,0.0
2022-07-11 00:00:00-04:00,26.752049995339938,26.93522118934749,26.294123757171025,26.32159996032715,294500,0.0,0.0
2022-07-12 00:00:00-04:00,26.08347839581059,26.85279462420486,25.96441834118171,26.642148971557617,883700,0.0,0.0
2022-07-13 00:00:00-04:00,26.41318609621014,26.64214921996588,25.74461419408738,25.762929916381836,363800,0.0,0.0
2022-07-14 00:00:00-04:00,25.26836923959862,25.60723366792101,24.718857420134025,25.359954833984375,359900,0.0,0.0
2022-07-15 00:00:00-04:00,25.881992655207075,26.248333317097998,25.58892012569434,26.046846389770508,327100,0.0,0.0
2022-07-18 00:00:00-04:00,26.404025620175354,27.677059945303007,26.221771530703453,26.339916229248047,306200,0.0,0.0
2022-07-19 00:00:00-04:00,26.541403382974774,27.713695139060892,26.44981778929072,27.4938907623291,408800,0.0,0.0
2022-07-20 00:00:00-04:00,27.237451490429297,28.162462669017383,26.930641760002754,28.070877075195312,244300,0.0,0.0
2022-07-21 00:00:00-04:00,28.08003608189918,28.226572334697288,27.64042732350485,28.1807804107666,248700,0.0,0.0
2022-07-22 00:00:00-04:00,28.162462277962604,28.39142538591352,27.580895774145294,27.851072311401367,229500,0.0,0.0
2022-07-25 00:00:00-04:00,28.03424341091312,28.574596483775565,27.86023096028372,28.473852157592773,403500,0.0,0.0
2022-07-26 00:00:00-04:00,28.1349895414763,28.53796515022163,28.1349895414763,28.2082576751709,294700,0.0,0.0
2022-07-27 00:00:00-04:00,28.391426221068393,28.391426221068393,27.164183786603246,27.979291915893555,671300,0.0,0.0
2022-07-28 00:00:00-04:00,27.942659378051758,28.290682551882977,27.759488183287974,27.942659378051758,280900,0.0,0.0
2022-07-29 00:00:00-04:00,27.93349792383194,28.56085632251153,27.777802947497243,28.33647346496582,318900,0.0,0.0
2022-08-01 00:00:00-04:00,28.30900093559365,29.133267844968632,27.85473782525299,28.959257125854492,400100,0.0,0.0
2022-08-02 00:00:00-04:00,29.041680769479516,29.188218770692938,28.675340133570824,28.8676700592041,208700,0.0,0.0
2022-08-03 00:00:00-04:00,28.96841453360423,29.40802507224615,28.661604776890137,29.234012603759766,187300,0.0,0.0
2022-08-04 00:00:00-04:00,29.12410889548365,29.12410889548365,28.766926978320082,28.90430450439453,236000,0.0,0.0
2022-08-05 00:00:00-04:00,28.81271922156161,29.316437404990296,28.81271922156161,29.06915855407715,229900,0.0,0.0
2022-08-08 00:00:00-04:00,29.105790499961223,29.27064246800058,28.583753153862084,28.675338745117188,212000,0.0,0.0
2022-08-09 00:00:00-04:00,28.537964909856246,29.169903649430847,28.492172981751597,29.142427444458008,285300,0.0,0.0
2022-08-10 00:00:00-04:00,29.572877285752824,29.838475342255887,29.38970609183003,29.664461135864258,388900,0.0,0.0
2022-08-11 00:00:00-04:00,29.784264930032943,30.291112799544237,29.784264930032943,30.18052864074707,193400,0.2,0.0
2022-08-12 00:00:00-04:00,30.374047986958505,30.678158779757684,29.51701295413283,30.55835723876953,185400,0.0,0.0
2022-08-15 00:00:00-04:00,30.245034410942946,30.991485344395002,30.217389251876615,30.963836669921875,248100,0.0,0.0
2022-08-16 00:00:00-04:00,31.037560441127123,31.27716001197209,30.742667039130254,31.15736198425293,224700,0.0,0.0
2022-08-17 00:00:00-04:00,30.8532549378407,30.954625216242682,30.558361499984237,30.807178497314453,170800,0.0,0.0
2022-08-18 00:00:00-04:00,30.70580581088468,31.060601757467623,30.70580581088468,30.963836669921875,125400,0.0,0.0
2022-08-19 00:00:00-04:00,30.825604988718048,30.825604988718048,30.06533153419727,30.309539794921875,170600,0.0,0.0
2022-08-22 00:00:00-04:00,29.839555455225835,29.950139601749203,29.25898253401653,29.351137161254883,222700,0.0,0.0
2022-08-23 00:00:00-04:00,29.480152883658192,29.65524650141596,29.139183044433594,29.139183044433594,132300,0.0,0.0
2022-08-24 00:00:00-04:00,29.019379659949077,29.231334060910747,28.8995798813152,29.194473266601562,103900,0.0,0.0
2022-08-25 00:00:00-04:00,29.212904118450364,29.968568846700588,29.08388694598343,29.9409236907959,182700,0.0,0.0
2022-08-26 00:00:00-04:00,30.079155166286373,30.079155166286373,28.991734426722754,29.056243896484375,254600,0.0,0.0
2022-08-29 00:00:00-04:00,28.724488731655285,29.019382142165803,28.04254728042387,28.09783935546875,288900,0.0,0.0
2022-08-30 00:00:00-04:00,28.26371718038631,28.337440532602017,27.849022225608348,28.01490020751953,279800,0.0,0.0
2022-08-31 00:00:00-04:00,28.060978650305504,28.180778439580685,27.74765396118164,27.74765396118164,289500,0.0,0.0
2022-09-01 00:00:00-04:00,27.720004424070716,27.82137468382237,27.240801796866993,27.36060333251953,284200,0.0,0.0
2022-09-02 00:00:00-04:00,27.72000595356991,28.443416874414556,27.40668127677949,27.544912338256836,223200,0.0,0.0
2022-09-06 00:00:00-04:00,27.65550138716659,27.766085545843264,26.494357174840466,26.724742889404297,217900,0.0,0.0
2022-09-07 00:00:00-04:00,26.25475251694047,26.337691504362905,24.74802992237062,25.89535140991211,1296900,0.0,0.0
2022-09-08 00:00:00-04:00,25.7755504893226,26.32847649954248,25.591242991051534,25.932212829589844,715100,0.0,0.0
2022-09-09 00:00:00-04:00,26.263969894445435,27.268451690673828,26.10730754757394,27.268451690673828,465000,0.0,0.0
2022-09-12 00:00:00-04:00,27.47118707647123,27.904313265381656,27.190116274996132,27.867450714111328,346000,0.0,0.0
2022-09-13 00:00:00-04:00,27.323742760637817,27.544912814365112,26.604940525449937,26.715524673461914,410500,0.0,0.0
2022-09-14 00:00:00-04:00,26.733956224441766,27.250019688423045,26.356123825742554,27.203943252563477,397700,0.0,0.0
2022-09-15 00:00:00-04:00,27.277664511775345,28.03332925119798,27.176294251417552,27.44354248046875,286500,0.0,0.0
2022-09-16 00:00:00-04:00,27.268449897546468,27.443543510819197,26.80767852618908,27.3790340423584,538900,0.0,0.0
2022-09-19 00:00:00-04:00,27.111789247650876,28.088624123542303,26.964342540259846,27.913532257080078,226200,0.0,0.0
2022-09-20 00:00:00-04:00,27.756866349873317,27.99646590036829,27.406679146467113,27.729219436645508,203600,0.0,0.0
2022-09-21 00:00:00-04:00,27.830592413663638,27.996468636130075,27.065711983316696,27.148649215698242,258600,0.0,0.0
2022-09-22 00:00:00-04:00,27.277666793490603,27.277666793490603,26.360730948826113,26.586509704589844,347700,0.0,0.0
2022-09-23 00:00:00-04:00,26.365338507133288,26.70446626554797,25.287133424757283,25.628103256225586,317500,0.0,0.0
2022-09-26 00:00:00-04:00,25.489874195497073,25.969076882522288,25.259488491085346,25.27791976928711,235300,0.0,0.0
2022-09-27 00:00:00-04:00,25.388501683869258,25.554379657648102,24.72499154645716,25.11203956604004,252500,0.0,0.0
2022-09-28 00:00:00-04:00,25.08439394668301,25.775551034654804,24.955378519393356,25.453012466430664,331900,0.0,0.0
2022-09-29 00:00:00-04:00,25.18576145466413,25.267779400281285,24.420881098125317,24.66048240661621,326200,0.0,0.0
2022-09-30 00:00:00-04:00,24.678915944629363,25.006063205219284,24.43931461417238,24.503822326660156,331100,0.0,0.0
2022-10-03 00:00:00-04:00,24.90930120084544,25.31477874587811,24.466959344359232,25.010669708251953,261400,0.0,0.0
2022-10-04 00:00:00-04:00,25.379289635374814,26.217893445391304,25.379289635374814,26.13495445251465,248400,0.0,0.0
2022-10-05 00:00:00-04:00,25.618889112080026,25.987507637885354,25.46222676592378,25.729475021362305,266400,0.0,0.0
2022-10-06 00:00:00-04:00,25.535950686333866,25.84006150418425,25.323996259683693,25.33321189880371,219200,0.0,0.0
2022-10-07 00:00:00-04:00,25.07517464581874,25.24105260393889,24.761851762117825,24.835575103759766,286900,0.0,0.0
2022-10-10 00:00:00-04:00,25.0383165978518,25.13507816479182,24.55450700544839,24.632837295532227,191900,0.0,0.0
2022-10-11 00:00:00-04:00,24.632838332252376,24.983025576444998,24.439315190227543,24.863224029541016,384600,0.0,0.0
2022-10-12 00:00:00-04:00,24.826360092887118,25.21340808570106,24.089124900158907,24.8724365234375,286300,0.0,0.0
2022-10-13 00:00:00-04:00,24.50382178147068,26.42984626316952,24.420882793630764,26.300830841064453,296700,0.0,0.0
2022-10-14 00:00:00-04:00,26.3653395194342,26.770817077413344,25.784766583254168,25.803197860717773,636700,0.0,0.0
2022-10-17 00:00:00-04:00,26.236322065936744,27.649048006149677,26.052014566300166,26.770816802978516,354800,0.0,0.0
2022-10-18 00:00:00-04:00,26.9735576964985,27.42511344951596,26.397593456776736,26.614154815673828,349600,0.0,0.0
2022-10-19 00:00:00-04:00,26.383766725631165,26.69248444411367,25.775548684293053,26.282398223876953,243000,0.0,0.0
2022-10-20 00:00:00-04:00,26.227107803825238,26.227107803825238,24.743425059411017,24.955379486083984,259600,0.0,0.0
2022-10-21 00:00:00-04:00,25.176549396046145,25.49908973247144,24.798716982940448,25.250272750854492,256100,0.0,0.0
2022-10-24 00:00:00-04:00,25.55438217131729,25.738691439801958,25.13047331458738,25.47144317626953,182200,0.0,0.0
2022-10-25 00:00:00-04:00,25.49909068393731,26.26489221438295,25.30556577177963,26.181032180786133,438000,0.0,0.0
2022-10-26 00:00:00-04:00,26.47592366696503,28.226854598708254,26.07044610901413,27.259235382080078,985600,0.0,0.0
2022-10-27 00:00:00-04:00,27.793729209823038,28.899581213319717,27.35138911150569,28.51253318786621,455900,0.0,0.0
2022-10-28 00:00:00-04:00,28.549395539243694,29.083890293255557,28.24528648536976,29.047029495239258,283900,0.0,0.0
2022-10-31 00:00:00-04:00,29.102323532104492,29.27741716816453,28.825861376391604,29.102323532104492,230800,0.0,0.0
2022-11-01 00:00:00-04:00,29.20369345625586,29.41104094938451,28.715275112186532,28.881153106689453,306600,0.0,0.0
2022-11-02 00:00:00-04:00,28.715271202990074,29.093103580052844,28.07019059167628,28.15312957763672,386300,0.0,0.0
2022-11-03 00:00:00-04:00,27.821375355782116,28.010291544070977,27.32374144065833,27.775297164916992,177300,0.0,0.0
2022-11-04 00:00:00-04:00,28.079409609130373,28.669198220017513,27.941178535128383,28.632335662841797,222700,0.0,0.0
2022-11-07 00:00:00-05:00,28.733700919751005,29.378779738347934,28.70605400669706,29.3419189453125,330200,0.0,0.0
2022-11-08 00:00:00-05:00,29.305057242520093,29.53544291819306,28.807425097072155,29.111534118652344,209600,0.0,0.0
2022-11-09 00:00:00-05:00,28.861135482788086,29.120810369882385,28.59218447098042,28.861135482788086,196200,0.2,0.0
2022-11-10 00:00:00-05:00,29.89983933604026,30.604672665024864,29.68653092843997,30.233705520629883,286100,0.0,0.0
2022-11-11 00:00:00-05:00,30.25225468859658,30.715961857192255,30.011128517560998,30.187335968017578,228200,0.0,0.0
2022-11-14 00:00:00-05:00,30.0389491715872,30.437737611054423,29.80709559225997,29.881290435791016,330400,0.0,0.0
2022-11-15 00:00:00-05:00,30.345001490923124,30.623225114280388,30.038953028766414,30.46556282043457,197100,0.0,0.0
2022-11-16 00:00:00-05:00,30.23370587325984,30.335722016048567,29.84419355112644,30.020401000976562,195600,0.0,0.0
2022-11-17 00:00:00-05:00,29.73290495129389,29.73290495129389,28.916779343229965,29.22282600402832,185400,0.0,0.0
2022-11-18 00:00:00-05:00,29.974034346781384,30.04822919995221,29.204280434160673,29.334117889404297,202400,0.0,0.0
2022-11-21 00:00:00-05:00,29.213551916291625,29.672622796150446,29.213551916291625,29.491775512695312,162000,0.0,0.0
2022-11-22 00:00:00-05:00,29.686531274687972,30.168787152904276,29.519598180446142,30.020401000976562,169100,0.0,0.0
2022-11-23 00:00:00-05:00,29.983310532217097,30.252258030985217,29.807099524487096,30.131696701049805,131700,0.0,0.0
2022-11-25 00:00:00-05:00,30.35426902770996,30.53975259168549,30.215159008081862,30.35426902770996,90400,0.0,0.0
2022-11-28 00:00:00-05:00,30.187339630418474,30.196615756086555,29.454683134978932,29.603069305419922,169800,0.0,0.0
2022-11-29 00:00:00-05:00,29.640160678952274,30.103867836774953,29.528871951660193,29.797822952270508,241600,0.0,0.0
2022-11-30 00:00:00-05:00,29.825647121862975,30.437740487621525,29.028070167552244,30.28935432434082,369200,0.0,0.0
2022-12-01 00:00:00-05:00,30.49338455057071,30.55366520918109,29.97403124552565,30.038949966430664,186700,0.0,0.0
2022-12-02 00:00:00-05:00,29.62161440445726,29.8534662196904,29.195002889818472,29.53814697265625,320400,0.0,0.0
2022-12-05 00:00:00-05:00,29.19500382873007,29.51032485480741,27.67868112744998,27.85025405883789,262800,0.0,0.0
2022-12-06 00:00:00-05:00,27.785334921158473,28.026462880431467,27.45146693585192,27.729690551757812,225000,0.0,0.0
2022-12-07 00:00:00-05:00,27.562755747860827,27.84098113340831,27.32162778794739,27.414369583129883,229300,0.0,0.0
2022-12-08 00:00:00-05:00,27.65549931342076,27.896627288770095,27.265985163841474,27.31235694885254,222800,0.0,0.0
2022-12-09 00:00:00-05:00,27.17323931453652,27.516383396886916,27.02485316241269,27.293804168701172,258800,0.0,0.0
2022-12-12 00:00:00-05:00,27.358725542770824,27.414369912988807,26.885743973661384,27.117597579956055,305500,0.0,0.0
2022-12-13 00:00:00-05:00,27.405094413769007,27.822431595258916,26.310746923566974,26.77445411682129,502000,0.0,0.0
2022-12-14 00:00:00-05:00,26.718805351819306,26.941384570419014,25.735746694111672,25.8377628326416,418000,0.0,0.0
2022-12-15 00:00:00-05:00,25.578086574169546,25.856310159338012,25.114379419620494,25.30913734436035,805900,0.0,0.0
2022-12-16 00:00:00-05:00,25.04018782829273,25.50389501029815,24.901076027471607,25.438976287841797,1707600,0.0,0.0
2022-12-19 00:00:00-05:00,25.40187747677822,25.64300541051913,25.095830824126764,25.32768440246582,340100,0.0,0.0
2022-12-20 00:00:00-05:00,25.411155741648503,25.754299868699587,25.323052005129906,25.4946231842041,395100,0.0,0.0
2022-12-21 00:00:00-05:00,25.847039970715542,26.403487192674177,25.791393833397617,26.1623592376709,400400,0.0,0.0
2022-12-22 00:00:00-05:00,25.95832624801344,26.19945418017002,25.46679602835936,26.1901798248291,255000,0.0,0.0
2022-12-23 00:00:00-05:00,26.245826450639566,26.718808000387813,25.976877198176382,26.626066207885742,235800,0.0,0.0
2022-12-27 00:00:00-05:00,26.69098811754594,26.793002502700524,26.245827843688755,26.33856964111328,259600,0.0,0.0
2022-12-28 00:00:00-05:00,26.44985802135044,26.79300034460869,26.153085708618164,26.153085708618164,153800,0.0,0.0
2022-12-29 00:00:00-05:00,26.31074531017485,26.709531986041547,26.27364788791611,26.64461326599121,174500,0.0,0.0
2022-12-30 00:00:00-05:00,26.459132909327273,26.74663087195541,25.967602650915737,26.04179573059082,372800,0.0,0.0
2023-01-03 00:00:00-05:00,26.264372581574502,26.41832369435077,25.79139107831238,26.23655128479004,248700,0.0,0.0
2023-01-04 00:00:00-05:00,26.477679852569132,26.774453940172027,25.828490847637767,26.04179573059082,236000,0.0,0.0
2023-01-05 00:00:00-05:00,25.782117516473466,25.949052377926858,25.346233420713734,25.42970085144043,214900,0.0,0.0
2023-01-06 00:00:00-05:00,25.76357145837295,26.134536847163623,25.50389480176823,25.90268325805664,212300,0.0,0.0
2023-01-09 00:00:00-05:00,26.078889017026764,26.594531104288734,25.71719626320961,25.939775466918945,199300,0.0,0.0
2023-01-10 00:00:00-05:00,25.9676059912582,26.347845794617974,25.638374268405702,26.08816909790039,191000,0.0,0.0
2023-01-11 00:00:00-05:00,26.24582676734312,26.375665985973793,25.83776570565412,26.329294204711914,282400,0.0,0.0
2023-01-12 00:00:00-05:00,26.60751874030967,26.811549264672543,26.227278990554638,26.737356185913086,325600,0.0,0.0
2023-01-13 00:00:00-05:00,26.44058240411227,26.99703134839105,25.92123088160654,26.85791778564453,202600,0.0,0.0
2023-01-17 00:00:00-05:00,26.932114537686637,27.335539299093192,26.426673628077424,26.607519149780273,228600,0.0,0.0
2023-01-18 00:00:00-05:00,26.514775745772724,26.70953190533525,25.78211757849858,25.911956787109375,291200,0.0,0.0
2023-01-19 00:00:00-05:00,25.689377675793395,26.0974387078162,25.42042667073511,25.930503845214844,251200,0.0,0.0
2023-01-20 00:00:00-05:00,26.27364843957981,26.44985766120374,25.90268305371561,26.366390228271484,271400,0.0,0.0
2023-01-23 00:00:00-05:00,26.412761914683713,26.959936556903084,26.208731381733436,26.83009910583496,204700,0.0,0.0
2023-01-24 00:00:00-05:00,27.00630620992799,27.00630620992799,26.417397895012957,26.496227264404297,206400,0.0,0.0
2023-01-25 00:00:00-05:00,25.503895881742658,25.503895881742658,24.131323000643672,24.632125854492188,836400,0.0,0.0
2023-01-26 00:00:00-05:00,24.622853106149726,25.068013389520715,24.103501505936716,25.012367248535156,361500,0.0,0.0
2023-01-27 00:00:00-05:00,25.040186201691448,25.522442064186528,24.826881336361765,25.457523345947266,252100,0.0,0.0
2023-01-30 00:00:00-05:00,25.346231341288192,25.5873592581716,25.021636000525827,25.179296493530273,274200,0.0,0.0
2023-01-31 00:00:00-05:00,25.272041666658197,26.292197830835914,25.225671655564792,26.106714248657227,338600,0.0,0.0
2023-02-01 00:00:00-05:00,25.967598757183076,27.089769140116818,25.95832440250152,26.588966369628906,396700,0.0,0.0
2023-02-02 00:00:00-05:00,26.783726342102323,27.182514805936297,26.431309658308656,26.98775863647461,335500,0.0,0.0
2023-02-03 00:00:00-05:00,26.718809094104802,27.59057914906549,26.50550420085034,27.117597579956055,376600,0.0,0.0
2023-02-06 00:00:00-05:00,26.959935116165017,27.02021754475484,26.422034859039112,26.635339736938477,177500,0.0,0.0
2023-02-07 00:00:00-05:00,26.403485537049935,27.56275345827644,26.282922451559465,27.37727165222168,341900,0.0,0.0
2023-02-08 00:00:00-05:00,27.219611664020686,27.30307909745526,26.95993500790174,27.265981674194336,232400,0.0,0.0
2023-02-09 00:00:00-05:00,27.499426086093525,27.53677582261074,26.070762598687864,26.108112335205078,246800,0.2,0.0
2023-02-10 00:00:00-05:00,26.05208762511395,26.313542912688074,25.44513969501454,25.827983856201172,521500,0.0,0.0
2023-02-13 00:00:00-05:00,25.94937381879416,26.220165197793516,25.79063343075372,26.145463943481445,398500,0.0,0.0
2023-02-14 00:00:00-05:00,26.210827765203668,26.4069196742522,25.790633870416965,26.080101013183594,212500,0.0,0.0
2023-02-15 00:00:00-05:00,25.81864438628761,26.71506118774414,25.715931278332185,26.71506118774414,179400,0.0,0.0
2023-02-16 00:00:00-05:00,26.481621839546072,26.481621839546072,25.930699392795344,25.94937515258789,231300,0.0,0.0
2023-02-17 00:00:00-05:00,25.94937090064319,26.154798881645263,25.715929284542483,26.014734268188477,214600,0.0,0.0
2023-02-21 00:00:00-05:00,25.697255862230826,25.753281356499436,25.314411719528337,25.39845085144043,258100,0.0,0.0
2023-02-22 00:00:00-05:00,25.370436622251347,25.715931021058548,25.165008627377368,25.351760864257812,455800,0.0,0.0
2023-02-23 00:00:00-05:00,25.48249196083158,25.96338120107644,25.356433253181102,25.585205078125,253600,0.0,0.0
2023-02-24 00:00:00-05:00,25.370435868587915,25.934430919906664,24.91289049744812,25.48248863220215,451900,0.0,0.0
2023-02-27 00:00:00-05:00,25.8279814364494,25.874669049383613,25.211695684422747,25.26772117614746,234800,0.0,0.0
2023-02-28 00:00:00-05:00,25.305072386874617,25.566525865790016,24.856864896432572,24.894214630126953,242200,0.0,0.0
2023-03-01 00:00:00-05:00,24.763488827502304,24.880209643867584,24.60007861597992,24.83819007873535,215800,0.0,0.0
2023-03-02 00:00:00-05:00,24.586073365457917,24.618755052459335,24.212567099000008,24.520709991455078,187500,0.0,0.0
2023-03-03 00:00:00-05:00,24.698121633874283,24.97825083740053,24.33395153206851,24.87553596496582,153600,0.0,0.0
2023-03-06 00:00:00-05:00,24.912891000499975,25.015605887468897,24.287267361815097,24.502033233642578,248300,0.0,0.0
2023-03-07 00:00:00-05:00,24.399315850419878,24.562726043062963,23.820381665504446,23.82971954345703,342300,0.0,0.0
2023-03-08 00:00:00-05:00,23.81104525536782,24.352629742876633,23.50290238800967,23.895084381103516,288600,0.0,0.0
2023-03-09 00:00:00-05:00,23.70833103060082,23.70833103060082,21.887487411499023,21.887487411499023,435800,0.0,0.0
2023-03-10 00:00:00-05:00,21.299213489463448,21.952850755649973,20.1506811152672,20.785642623901367,1287700,0.0,0.0
2023-03-13 00:00:00-04:00,20.654916276012777,20.6642523739483,15.743304150453401,16.200849533081055,3088800,0.0,0.0
2023-03-14 00:00:00-04:00,19.34763937694123,19.47743285095816,17.30269222106692,17.70421028137207,1487400,0.0,0.0
2023-03-15 00:00:00-04:00,17.041238488395678,18.003018616852522,16.35958937630423,17.806926727294922,1351900,0.0,0.0
2023-03-16 00:00:00-04:00,17.657523254295324,19.058172915594383,17.125276667964588,18.227121353149414,1003000,0.0,0.0
2023-03-17 00:00:00-04:00,17.610835593642218,18.059043056515144,17.097262984042786,17.676198959350586,2083300,0.0,0.0
2023-03-20 00:00:00-04:00,18.133747022368986,18.42321416296549,17.41007828036853,17.433422088623047,1210600,0.0,0.0
2023-03-21 00:00:00-04:00,18.787382878866794,19.870551883028163,18.619304622873084,19.646448135375977,913200,0.0,0.0
2023-03-22 00:00:00-04:00,19.459693471057356,19.581082329094322,17.886297460210287,17.90964126586914,690800,0.0,0.0
2023-03-23 00:00:00-04:00,18.10572969691107,18.273807931746603,17.22985708126354,17.25600242614746,576300,0.0,0.0
2023-03-24 00:00:00-04:00,16.854486049074453,18.152422805788007,16.695745659304524,18.059045791625977,679100,0.0,0.0
2023-03-27 00:00:00-04:00,18.647315886217537,19.581082362300865,17.984342543087113,18.021692276000977,428300,0.0,0.0
2023-03-28 00:00:00-04:00,17.93765458659354,18.292486873279966,17.7182206582405,17.975006103515625,558000,0.0,0.0
2023-03-29 00:00:00-04:00,18.413873941878457,18.413873941878457,17.498783238928088,17.64818572998047,514000,0.0,0.0
2023-03-30 00:00:00-04:00,17.965667188198346,17.965667188198346,16.85448455810547,16.85448455810547,472500,0.0,0.0
2023-03-31 00:00:00-04:00,16.994549769131442,17.143952255720095,16.714418771014124,17.050575256347656,723800,0.0,0.0
2023-04-03 00:00:00-04:00,17.33070726295464,17.45209791598299,16.789122716644133,16.845149993896484,455500,0.0,0.0
2023-04-04 00:00:00-04:00,16.891837261575485,16.891837261575485,16.032771952658326,16.546342849731445,406300,0.0,0.0
2023-04-05 00:00:00-04:00,16.18217654415639,16.41561821489207,15.939396992869055,16.10747528076172,464000,0.0,0.0
2023-04-06 00:00:00-04:00,16.247537229434123,16.80312945339242,16.210187494447233,16.387601852416992,335800,0.0,0.0
2023-04-10 00:00:00-04:00,16.228859672516048,17.069250879295303,16.051445334212087,16.901172637939453,733400,0.0,0.0
2023-04-11 00:00:00-04:00,16.9758773651358,17.279350446747827,16.751773591000955,17.115942001342773,521000,0.0,0.0
2023-04-12 00:00:00-04:00,17.227993152198614,17.27468076618639,16.680805553651812,16.93852424621582,417000,0.0,0.0
2023-04-13 00:00:00-04:00,17.031899332717472,17.45209493525069,16.929184456316438,17.414743423461914,408100,0.0,0.0
2023-04-14 00:00:00-04:00,17.69487647669462,17.74156409084214,16.901174569058544,17.013225555419922,389100,0.0,0.0
2023-04-17 00:00:00-04:00,16.84514984052843,17.433421998174843,16.695745550234168,17.39607048034668,499500,0.0,0.0
2023-04-18 00:00:00-04:00,17.414746821614045,17.50812383828861,16.649058490715845,16.817136764526367,395000,0.0,0.0
2023-04-19 00:00:00-04:00,16.84514720995985,17.629509370661527,16.75643825948011,17.45209503173828,325800,0.0,0.0
2023-04-20 00:00:00-04:00,17.106601245801777,17.377394373830338,16.807796263851767,17.059913635253906,538000,0.0,0.0
2023-04-21 00:00:00-04:00,16.994549679897236,17.143952165701414,16.4716391985645,16.537002563476562,504600,0.0,0.0
2023-04-24 00:00:00-04:00,16.49031739006536,16.784454356630025,16.24753786952197,16.50899314880371,721000,0.0,0.0
2023-04-25 00:00:00-04:00,16.33157796613868,16.733097897604797,15.332447967942626,15.369797706604004,1145700,0.0,0.0
2023-04-26 00:00:00-04:00,15.864696790328816,17.218659283541136,15.733970015901239,16.275554656982422,1195200,0.0,0.0
2023-04-27 00:00:00-04:00,16.322239165701813,16.733096953916956,15.990752461820886,16.07012176513672,416100,0.0,0.0
2023-04-28 00:00:00-04:00,16.032772028581736,16.583694445660246,16.01409626979505,16.07012176513672,585200,0.0,0.0
2023-05-01 00:00:00-04:00,16.219523056736534,16.471638629687504,15.705950471130956,15.883366584777832,560900,0.0,0.0
2023-05-02 00:00:00-04:00,15.761977520202368,15.911381796690332,14.417354170465684,14.958939552307129,1142100,0.0,0.0
2023-05-03 00:00:00-04:00,15.136353964430246,15.850686541147512,14.968277492103246,15.03364086151123,754300,0.0,0.0
2023-05-04 00:00:00-04:00,14.464042815407668,14.97761545703485,14.123218257946359,14.650795936584473,790200,0.0,0.0
2023-05-05 00:00:00-04:00,15.192380873459909,15.360459122791768,14.83754950848659,15.229730606079102,623300,0.0,0.0
2023-05-08 00:00:00-04:00,15.509862991522612,15.743304629415398,15.13635494607947,15.145692825317383,706400,0.0,0.0
2023-05-09 00:00:00-04:00,14.958940356637378,15.08032922285168,14.613445954150274,14.846887588500977,399600,0.0,0.0
2023-05-10 00:00:00-04:00,14.969823267969012,15.121128981816453,14.478079697964827,14.695581436157227,298600,0.2,0.0
2023-05-11 00:00:00-04:00,14.51590645514053,14.742865031051188,14.071445234258919,14.166010856628418,658200,0.0,0.0
2023-05-12 00:00:00-04:00,14.487535804182194,14.619928756329017,14.156554776594943,14.601015090942383,357500,0.0,0.0
2023-05-15 00:00:00-04:00,14.61047139420436,15.262977494894256,14.468622516357522,15.054932594299316,481800,0.0,0.0
2023-05-16 00:00:00-04:00,15.09276034919782,15.367002198512527,14.610472679138184,14.610472679138184,355800,0.0,0.0
2023-05-17 00:00:00-04:00,14.931997067334327,15.75472257532254,14.922540234611274,15.669612884521484,534200,0.0,0.0
2023-05-18 00:00:00-04:00,15.660156051798431,15.858745931569704,15.442654310287468,15.669612884521484,320600,0.0,0.0
2023-05-19 00:00:00-04:00,15.915483403820565,16.028963580524163,15.158954904817309,15.404827117919922,462800,0.0,0.0
2023-05-22 00:00:00-04:00,15.556132996938247,16.274834177418178,15.291347117383479,16.255922317504883,440400,0.0,0.0
2023-05-23 00:00:00-04:00,16.25592544298841,17.0597382643032,16.132988409530896,16.369403839111328,445100,0.0,0.0
2023-05-24 00:00:00-04:00,16.246467155079298,16.4166865377333,15.943855720897263,16.09516143798828,249000,0.0,0.0
2023-05-25 00:00:00-04:00,15.915484985841367,16.161357223384012,15.754722438359881,15.934398651123047,287900,0.0,0.0
2023-05-26 00:00:00-04:00,15.858747063799777,16.459242456787674,15.650700336452024,16.388317108154297,296400,0.0,0.0
2023-05-30 00:00:00-04:00,16.41668629308458,16.596360702136064,16.085704365490507,16.35994529724121,319000,0.0,0.0
2023-05-31 00:00:00-04:00,16.18972841276724,16.426143827766314,15.792550443420545,16.33157730102539,735900,0.0,0.0
2023-06-01 00:00:00-04:00,16.416689932511925,17.07865213074453,16.07625109680517,16.965173721313477,857800,0.0,0.0
2023-06-02 00:00:00-04:00,17.343434717018297,17.9864849243382,17.00299594756507,17.967571258544922,671000,0.0,0.0
2023-06-05 00:00:00-04:00,17.89191852607985,17.89191852607985,17.21577030067545,17.61767578125,440500,0.0,0.0
2023-06-06 00:00:00-04:00,17.466370211227407,19.045625255608375,17.05028037948745,18.894319534301758,517000,0.0,0.0
2023-06-07 00:00:00-04:00,19.17801708403073,19.84943592577807,19.02671137874383,19.58465003967285,616500,0.0,0.0
2023-06-08 00:00:00-04:00,19.461716547164652,19.783241650186454,18.865950505510398,19.679218292236328,755100,0.0,0.0
2023-06-09 00:00:00-04:00,19.613020104811813,19.613020104811813,18.94160127781877,19.178016662597656,523000,0.0,0.0
2023-06-12 00:00:00-04:00,19.14019051069595,19.660305471374674,18.638989214850564,18.695730209350586,480400,0.0,0.0
2023-06-13 00:00:00-04:00,18.85649572877023,19.300956100256013,18.572796122618477,19.073997497558594,415500,0.0,0.0
2023-06-14 00:00:00-04:00,19.121277251071778,19.282039798149263,18.601164083077414,18.676816940307617,424800,0.0,0.0
2023-06-15 00:00:00-04:00,18.64844693147091,19.14492073650111,18.64844693147091,19.083452224731445,347800,0.0,0.0
2023-06-16 00:00:00-04:00,19.159103114088794,19.159103114088794,18.563335330789414,18.913230895996094,1100000,0.0,0.0
2023-06-20 00:00:00-04:00,18.790295549738897,18.790295549738897,18.31746478083834,18.487682342529297,416600,0.0,0.0
2023-06-21 00:00:00-04:00,18.383660734110215,18.412029425770744,17.967569153928853,17.977025985717773,210000,0.0,0.0
2023-06-22 00:00:00-04:00,17.835178751014173,17.854090612619185,17.22995408699382,17.731155395507812,323300,0.0,0.0
2023-06-23 00:00:00-04:00,17.390715143674942,17.816263558163826,17.211040749740743,17.371803283691406,560500,0.0,0.0
2023-06-26 00:00:00-04:00,17.485284162443076,17.958115000163136,17.22995507718468,17.258325576782227,348100,0.0,0.0
2023-06-27 00:00:00-04:00,17.39071789231638,17.920289737092826,17.116476940295122,17.58930778503418,309600,0.0,0.0
2023-06-28 00:00:00-04:00,17.428546289030248,17.45691498707325,17.026638964256847,17.286697387695312,417700,0.0,0.0
2023-06-29 00:00:00-04:00,17.49473988662219,17.67441609860367,17.277238147948314,17.305606842041016,579100,0.0,0.0
2023-06-30 00:00:00-04:00,17.51365180658472,17.532565469899364,16.927340869774124,16.955711364746094,667800,0.0,0.0
2023-07-03 00:00:00-04:00,17.116477107560822,17.523111926603175,17.00772622865289,17.409631729125977,165100,0.0,0.0
2023-07-05 00:00:00-04:00,16.757120693876427,17.475823631587534,16.63418549571156,17.163755416870117,564400,0.0,0.0
2023-07-06 00:00:00-04:00,16.936799211136563,17.09661661409051,16.55853492965711,16.974626541137695,292100,0.0,0.0
2023-07-07 00:00:00-04:00,17.031362729880936,17.41908377550721,16.965166717755388,17.02190589904785,693900,0.0,0.0
2023-07-10 00:00:00-04:00,17.002997565184316,17.419089233690052,16.88951916704151,17.125934600830078,340600,0.0,0.0
2023-07-11 00:00:00-04:00,17.220497173147027,17.494739907750287,17.040822764654948,17.390716552734375,259300,0.0,0.0
2023-07-12 00:00:00-04:00,17.835178969995138,18.09996307278032,17.608220394590802,17.806808471679688,307600,0.0,0.0
2023-07-13 00:00:00-04:00,17.958114425648283,18.222900335634844,17.806808706714946,17.967571258544922,578400,0.0,0.0
2023-07-14 00:00:00-04:00,18.194530718504375,18.44040297461063,17.551480480027468,17.7595272064209,295300,0.0,0.0
2023-07-17 00:00:00-04:00,17.835178097431488,18.15670318111736,17.693327416500523,17.92974281311035,510600,0.0,0.0
2023-07-18 00:00:00-04:00,17.96756972783147,18.70518639757145,17.82572085387932,18.55388069152832,1011700,0.0,0.0
2023-07-19 00:00:00-04:00,18.65790452673077,19.036168838257492,18.47350078759315,18.96051597595215,1065200,0.0,0.0
2023-07-20 00:00:00-04:00,18.91323151900271,19.111819584173208,18.48295557409365,18.629533767700195,968700,0.0,0.0
2023-07-21 00:00:00-04:00,18.629535843630638,18.78084156834649,18.270183394650612,18.449859619140625,903300,0.0,0.0
2023-07-24 00:00:00-04:00,18.48768541067477,19.726503529452238,18.48768541067477,19.46171760559082,1101200,0.0,0.0
2023-07-25 00:00:00-04:00,19.537368531862963,19.57519586168105,19.121276922395843,19.376605987548828,530900,0.0,0.0
2023-07-26 00:00:00-04:00,19.49008833084968,20.28444430790105,19.442804163342718,19.622480392456055,580300,0.0,0.0
2023-07-27 00:00:00-04:00,19.603567833674607,19.778516557780662,19.121280120078445,19.660308837890625,765800,0.0,0.0
2023-07-28 00:00:00-04:00,19.887263652140355,20.464115988706684,19.62247776073353,20.256071090698242,571600,0.0,0.0
2023-07-31 00:00:00-04:00,20.274986680528965,20.57759812589848,20.17096331979326,20.341182708740234,558400,0.0,0.0
2023-08-01 00:00:00-04:00,20.208789347514205,20.397920586805434,19.797425249550376,20.31281089782715,354800,0.0,0.0
2023-08-02 00:00:00-04:00,19.962918121788338,20.312811924195085,19.395520767832387,19.925090789794922,747800,0.0,0.0
2023-08-03 00:00:00-04:00,19.858892818568012,20.473572473639575,19.74541263740257,20.44520378112793,311900,0.0,0.0
2023-08-04 00:00:00-04:00,20.388463134548495,20.65324902595532,20.114222214614927,20.256071090698242,219100,0.0,0.0
2023-08-07 00:00:00-04:00,20.350640179544563,20.634337967541335,20.24661681554936,20.56814193725586,227900,0.0,0.0
2023-08-08 00:00:00-04:00,20.00074347450736,20.605968155144016,19.480630290108767,20.53031349182129,331800,0.0,0.0
2023-08-09 00:00:00-04:00,20.50168072069713,20.692572334899353,20.253522350425182,20.539859771728516,408000,0.2,0.0
2023-08-10 00:00:00-04:00,20.644848346863036,20.978907758658714,20.582810120176678,20.635305404663086,280000,0.0,0.0
2023-08-11 00:00:00-04:00,20.482591584473653,20.7307499594621,20.41578006437626,20.530315399169922,160400,0.0,0.0
2023-08-14 00:00:00-04:00,20.32987814920449,20.32987814920449,19.671305918849427,19.824018478393555,234200,0.0,0.0
2023-08-15 00:00:00-04:00,19.43269314560551,19.642672468812805,18.888654401472262,19.031822204589844,305200,0.0,0.0
2023-08-16 00:00:00-04:00,18.89819801033012,19.365882308404586,18.678673916443707,18.697763442993164,256200,0.0,0.0
2023-08-17 00:00:00-04:00,18.812296259604526,18.984098351186237,18.62140646266281,18.850475311279297,190000,0.0,0.0
2023-08-18 00:00:00-04:00,18.650041580200195,18.93637719857581,18.583228236800252,18.650041580200195,188200,0.0,0.0
2023-08-21 00:00:00-04:00,18.726398955158107,18.77889242587938,18.144181100738297,18.306438446044922,201500,0.0,0.0
2023-08-22 00:00:00-04:00,18.258711002287463,18.420968315386766,17.791028586995864,17.800573348999023,252400,0.0,0.0
2023-08-23 00:00:00-04:00,17.77194043029605,18.21098854838278,17.666949871415675,18.039186477661133,175300,0.0,0.0
2023-08-24 00:00:00-04:00,17.97237502582051,18.516413704603885,17.90556351375619,18.22053337097168,216900,0.0,0.0
2023-08-25 00:00:00-04:00,18.258711507044254,18.33506778470317,17.762396612499902,18.153722763061523,150500,0.0,0.0
2023-08-28 00:00:00-04:00,18.30643563007697,18.57368169619487,18.144178309729405,18.373247146606445,123700,0.0,0.0
2023-08-29 00:00:00-04:00,18.430512478494276,18.650038356479097,18.115542624533703,18.497323989868164,151800,0.0,0.0
2023-08-30 00:00:00-04:00,18.459147743819127,18.468692506018993,18.18235510145476,18.201444625854492,194000,0.0,0.0
2023-08-31 00:00:00-04:00,18.20144549221045,18.47346485618389,17.86738608122351,17.95328712463379,396900,0.0,0.0
2023-09-01 00:00:00-04:00,18.115543472692902,18.71685074416504,18.086911006750483,18.47823715209961,600200,0.0,0.0
2023-09-05 00:00:00-04:00,18.373247712427137,18.40188200059757,17.72421841104944,17.90556526184082,349500,0.0,0.0
2023-09-06 00:00:00-04:00,17.89601912234404,18.010554445737014,17.286122848909827,17.437881469726562,193900,0.0,0.0
2023-09-07 00:00:00-04:00,17.33289180709185,17.41879284897154,17.04655621447776,17.142000198364258,357300,0.0,0.0
2023-09-08 00:00:00-04:00,17.227903893985886,17.27562771375769,16.769766147042063,17.170637130737305,226800,0.0,0.0
2023-09-11 00:00:00-04:00,17.351982788170133,17.504695359776324,16.994062357128595,17.01792335510254,204200,0.0,0.0
2023-09-12 00:00:00-04:00,17.094277945791298,17.351981067501264,16.932020626989907,17.103822708129883,251100,0.0,0.0
2023-09-13 00:00:00-04:00,17.103821540744285,17.2422178544919,16.631365849855825,17.132455825805664,270500,0.0,0.0
2023-09-14 00:00:00-04:00,17.275625190589018,17.695585640856212,17.237446140347767,17.6860408782959,289500,0.0,0.0
2023-09-15 00:00:00-04:00,17.561961257105903,17.953287430201005,17.490378266697206,17.81011962890625,979000,0.0,0.0
2023-09-18 00:00:00-04:00,17.838751547151656,17.838751547151656,17.21835661032029,17.2278995513916,286700,0.0,0.0
2023-09-19 00:00:00-04:00,17.256538136108727,17.4378850097637,17.103825554234295,17.218360900878906,189400,0.0,0.0
2023-09-20 00:00:00-04:00,17.237444563409763,17.50469242921787,17.113366302431412,17.132455825805664,193500,0.0,0.0
2023-09-21 00:00:00-04:00,16.998830068697274,16.998830068697274,16.717265985735736,16.788850784301758,301500,0.0,0.0
2023-09-22 00:00:00-04:00,16.83657603453157,16.922477081277336,16.58841765731907,16.66477394104004,159900,0.0,0.0
2023-09-25 00:00:00-04:00,16.61704949650084,17.2088119734514,16.597959973265663,17.180177688598633,182100,0.0,0.0
2023-09-26 00:00:00-04:00,17.008375681930563,17.600138161020656,16.769762102059534,16.951108932495117,384500,0.0,0.0
2023-09-27 00:00:00-04:00,17.113367378314212,17.237445647093114,16.836574733417585,16.970199584960938,221500,0.0,0.0
2023-09-28 00:00:00-04:00,16.99883506967133,17.256538235751552,16.798400487482883,16.807945251464844,387400,0.0,0.0
2023-09-29 00:00:00-04:00,17.0560995527858,17.342435121491008,17.008375744350165,17.132455825805664,231800,0.0,0.0
2023-10-02 00:00:00-04:00,17.12291389837004,17.12291389837004,16.750675412866322,16.836576461791992,397000,0.0,0.0
2023-10-03 00:00:00-04:00,16.75067359081711,16.85566415485649,16.330714975614093,16.607505798339844,352100,0.0,0.0
2023-10-04 00:00:00-04:00,16.664773591373418,16.893844258207277,16.33071599490188,16.85566520690918,190200,0.0,0.0
2023-10-05 00:00:00-04:00,16.865211917495802,17.256538136108727,16.502519990663426,17.218360900878906,312700,0.0,0.0
2023-10-06 00:00:00-04:00,17.017921590397336,17.5142383068897,16.57887344767681,17.3328914642334,273300,0.0,0.0
2023-10-09 00:00:00-04:00,17.075188606463133,17.63927259778972,17.075188606463133,17.600139617919922,217900,0.0,0.0
2023-10-10 00:00:00-04:00,17.666952634920133,18.0296445361389,17.666952634920133,17.97237777709961,221500,0.0,0.0
2023-10-11 00:00:00-04:00,17.962832704368466,18.296892130550862,17.962832704368466,18.11554527282715,258600,0.0,0.0
2023-10-12 00:00:00-04:00,18.08691215666567,18.08691215666567,17.719446983065232,17.85784149169922,249500,0.0,0.0
2023-10-13 00:00:00-04:00,18.077367352821316,18.11554458324403,17.21835873282075,17.31380271911621,222400,0.0,0.0
2023-10-16 00:00:00-04:00,17.504693855930274,17.666951176881845,17.399703289291818,17.55241584777832,313900,0.0,0.0
2023-10-17 00:00:00-04:00,17.523784147595308,18.545050109837202,17.523784147595308,18.125089645385742,365800,0.0,0.0
2023-10-18 00:00:00-04:00,17.96283246506316,17.96283246506316,17.40924895665606,17.485605239868164,171600,0.0,0.0
2023-10-19 00:00:00-04:00,17.49515177284722,17.73376540958571,17.17063708124466,17.218360900878906,202800,0.0,0.0
2023-10-20 00:00:00-04:00,17.208811226194452,17.208811226194452,16.53114774458886,16.559782028198242,398200,0.0,0.0
2023-10-23 00:00:00-04:00,16.483427917301434,16.989287583962327,16.42615934258423,16.59796142578125,281900,0.0,0.0
2023-10-24 00:00:00-04:00,16.702952700132087,16.788853745370957,15.920300350602277,16.082557678222656,353200,0.0,0.0
2023-10-25 00:00:00-04:00,15.987110235720746,16.349802084834597,15.204457966203602,16.1207332611084,468800,0.0,0.0
2023-10-26 00:00:00-04:00,16.073011745530575,17.14199962106804,16.073011745530575,16.88429832458496,318000,0.0,0.0
2023-10-27 00:00:00-04:00,16.893842078287403,16.893842078287403,16.14936705833511,16.40707015991211,271000,0.0,0.0
2023-10-30 00:00:00-04:00,16.53115029763675,16.702952384871807,16.3211709801702,16.588417053222656,202700,0.0,0.0
2023-10-31 00:00:00-04:00,16.588415828190918,16.88429798790184,16.15891246229885,16.43570327758789,248300,0.0,0.0
2023-11-01 00:00:00-04:00,16.426159857879558,16.588417183713787,16.21618053876123,16.540695190429688,204300,0.0,0.0
2023-11-02 00:00:00-04:00,16.874754019590256,17.82825448588916,16.874754019590256,17.781484603881836,328700,0.0,0.0
2023-11-03 00:00:00-04:00,18.430515609344422,19.00318866486647,18.430515609344422,18.83138656616211,259800,0.0,0.0
2023-11-06 00:00:00-05:00,18.821841211869945,18.821841211869945,18.37324827304284,18.392337799072266,224300,0.0,0.0
2023-11-07 00:00:00-05:00,18.26825657088876,18.35415761223278,17.991465742484806,18.010555267333984,266000,0.0,0.0
2023-11-08 00:00:00-05:00,18.105997722088276,18.105997722088276,17.46651325744535,17.590593338012695,169000,0.0,0.0
2023-11-09 00:00:00-05:00,17.65813918520736,17.73533316589052,16.982692314342135,17.175676345825195,209600,0.2,0.0
2023-11-10 00:00:00-05:00,17.252869722093568,17.36866160928664,17.001990673999526,17.20462417602539,221800,0.0,0.0
2023-11-13 00:00:00-05:00,17.108131243439434,17.31076658591491,16.818654286131167,17.20462417602539,150000,0.0,0.0
2023-11-14 00:00:00-05:00,18.140601292777003,19.086229818560067,18.140601292777003,18.796751022338867,377400,0.0,0.0
2023-11-15 00:00:00-05:00,18.78710227697921,19.43360255447457,18.78710227697921,19.115177154541016,346200,0.0,0.0
2023-11-16 00:00:00-05:00,19.144124150749906,19.153773627654008,18.468675491059013,18.65201187133789,194600,0.0,0.0
2023-11-17 00:00:00-05:00,18.93184210044491,19.139299422393805,18.81605021241682,18.873945236206055,304600,0.0,0.0
2023-11-20 00:00:00-05:00,18.8353489313482,18.8642955226556,18.584468044136337,18.796751022338867,224000,0.0,0.0
2023-11-21 00:00:00-05:00,18.69061287202813,18.71955946708122,18.22744710623047,18.246746063232422,160200,0.0,0.0
2023-11-22 00:00:00-05:00,18.536219950085673,18.680960262894295,18.25639248225137,18.565168380737305,165800,0.0,0.0
2023-11-24 00:00:00-05:00,18.594119125041914,18.709909181157048,18.45902827230791,18.54587173461914,62800,0.0,0.0
2023-11-27 00:00:00-05:00,18.41078313666027,18.529468222916694,18.106831011730677,18.352888107299805,166700,0.0,0.0
2023-11-28 00:00:00-05:00,18.275694121335917,18.48797712262416,17.97656581533228,18.352888107299805,184400,0.0,0.0
2023-11-29 00:00:00-05:00,18.555520779911543,19.07175588247101,18.4493802043566,18.47832679748535,308300,0.0,0.0
2023-11-30 00:00:00-05:00,18.584469415877084,18.637540624457362,18.266044004845142,18.468677520751953,359200,0.0,0.0
2023-12-01 00:00:00-05:00,18.449379040905914,19.983609114818947,18.38183270014909,19.94501304626465,488900,0.0,0.0
2023-12-04 00:00:00-05:00,19.761678877971256,20.56256717521917,19.747205580694725,20.369583129882812,447000,0.0,0.0
2023-12-05 00:00:00-05:00,20.33098572563785,20.34063520421376,19.896770232420838,19.993261337280273,162000,0.0,0.0
2023-12-06 00:00:00-05:00,20.282738473782565,20.919589282834373,20.051156528713697,20.070453643798828,307200,0.0,0.0
2023-12-07 00:00:00-05:00,20.224841820401643,20.79897379069268,20.138000200478764,20.67835807800293,238400,0.0,0.0
2023-12-08 00:00:00-05:00,20.832747084706483,21.18012094356656,20.67835911197974,20.716955184936523,328900,0.0,0.0
2023-12-11 00:00:00-05:00,20.65905778183447,20.919588146048163,20.543267735817004,20.562564849853516,285800,0.0,0.0
2023-12-12 00:00:00-05:00,20.41782987596159,20.466075430006573,20.070455997398,20.224843978881836,304600,0.0,0.0
2023-12-13 00:00:00-05:00,20.36958182686968,21.894164337615628,19.928610081495023,21.836267471313477,622600,0.0,0.0
2023-12-14 00:00:00-05:00,22.76259425316708,23.245057036251673,22.260832517051234,22.40557098388672,569600,0.0,0.0
2023-12-15 00:00:00-05:00,22.531014090367524,22.666103091193197,22.087147338376656,22.502065658569336,1672300,0.0,0.0
2023-12-18 00:00:00-05:00,22.714348711038404,22.77706754771579,22.33802648872679,22.40557098388672,592500,0.0,0.0
2023-12-19 00:00:00-05:00,22.559961756334346,23.03856517692109,22.309082697264788,22.453821182250977,296600,0.0,0.0
2023-12-20 00:00:00-05:00,22.492415143421542,23.061721392702164,22.019601821899414,22.019601821899414,443500,0.0,0.0
2023-12-21 00:00:00-05:00,22.2994311388489,22.743296030117524,21.845914930305415,22.63715362548828,291100,0.0,0.0
2023-12-22 00:00:00-05:00,22.820491423608015,23.30295425218514,22.690226239038235,22.926633834838867,265600,0.0,0.0
2023-12-26 00:00:00-05:00,23.090671836507696,23.505590173732482,22.83979093864039,23.341552734375,192400,0.0,0.0
2023-12-27 00:00:00-05:00,23.447691554093783,23.602079504242337,22.905404937455472,23.245058059692383,245200,0.0,0.0
2023-12-28 00:00:00-05:00,23.05207386199828,23.418746650346122,21.72047723595268,23.167865753173828,216700,0.0,0.0
2023-12-29 00:00:00-05:00,23.061723555372843,23.061723555372843,22.40557379362245,22.453821182250977,339400,0.0,0.0
2024-01-02 00:00:00-05:00,22.26083467901273,23.07716243511143,22.26083467901273,22.569610595703125,268400,0.0,0.0
2024-01-03 00:00:00-05:00,22.4152232834935,22.4441717166863,21.783198135939763,21.923110961914062,303200,0.0,0.0
2024-01-04 00:00:00-05:00,22.009956561799353,22.21259193295851,21.8748675413265,22.000307083129883,181900,0.0,0.0
2024-01-05 00:00:00-05:00,21.778371810913086,22.246361344079908,21.691528354439868,21.778371810913086,343300,0.0,0.0
2024-01-08 00:00:00-05:00,21.730126004251073,22.173990918293953,21.662581503457556,22.145044326782227,231800,0.0,0.0
2024-01-09 00:00:00-05:00,21.797668571019198,21.8941614952126,21.55643718076042,21.61433219909668,154800,0.0,0.0
2024-01-10 00:00:00-05:00,21.440647825809066,21.681879244445103,20.24799963317811,21.672229766845703,183500,0.0,0.0
2024-01-11 00:00:00-05:00,21.411699573935035,21.614333066468248,21.00643074841909,21.57573699951172,505000,0.0,0.0
2024-01-12 00:00:00-05:00,21.816968483376943,21.96170695580738,21.073975326997957,21.305557250976562,135500,0.0,0.0
2024-01-16 00:00:00-05:00,20.832746477319784,21.122223457630163,20.625287299932438,20.74590301513672,169600,0.0,0.0
2024-01-17 00:00:00-05:00,20.30203486193072,20.825024343819585,20.18141916576559,20.456422805786133,228400,0.0,0.0
2024-01-18 00:00:00-05:00,20.630109820001664,20.71598888110622,20.215193331797238,20.54326820373535,563700,0.0,0.0
2024-01-19 00:00:00-05:00,20.649408678302404,21.344156328779068,20.446775173879796,20.987133026123047,626500,0.0,0.0
2024-01-22 00:00:00-05:00,21.295908693128126,22.05820083618164,21.295908693128126,22.05820083618164,320400,0.0,0.0
2024-01-23 00:00:00-05:00,22.25118687748111,22.25118687748111,21.498545983973067,21.70117950439453,959800,0.0,0.0
2024-01-24 00:00:00-05:00,20.14764571616693,21.430996690419306,20.137998079763484,21.13187026977539,717000,0.0,0.0
2024-01-25 00:00:00-05:00,21.469595954772636,21.61433443581601,20.234490446273284,20.54326820373535,540600,0.0,0.0
2024-01-26 00:00:00-05:00,20.774850901272377,21.238014793729846,20.384055331758425,21.122222900390625,624000,0.0,0.0
2024-01-29 00:00:00-05:00,21.18976755558236,21.575739309162504,20.85686885059169,21.556440353393555,457300,0.0,0.0
2024-01-30 00:00:00-05:00,21.469594755254015,21.681877726227274,21.353802872618893,21.479244232177734,338000,0.0,0.0
2024-01-31 00:00:00-05:00,20.93888767979306,21.286259667904844,20.21519343058984,20.273088455200195,425000,0.0,0.0
2024-02-01 00:00:00-05:00,20.45642616843046,20.639760731614533,19.03798417047618,19.684484481811523,419300,0.0,0.0
2024-02-02 00:00:00-05:00,19.153775390451145,19.56869373326644,19.144125912658964,19.45290184020996,394100,0.0,0.0
2024-02-05 00:00:00-05:00,19.105527110344145,19.510795956464154,18.922192562193146,19.230968475341797,372800,0.0,0.0
2024-02-06 00:00:00-05:00,19.153775329012202,19.477024551989746,19.095880302894525,19.27921485900879,476600,0.0,0.0
2024-02-07 00:00:00-05:00,19.30816225231602,19.30816225231602,18.690610432457508,19.240617752075195,487800,0.0,0.0
2024-02-08 00:00:00-05:00,19.094413857453237,19.484294316848306,19.04372930477704,19.27960777282715,544100,0.2,0.0
2024-02-09 00:00:00-05:00,19.338087952832346,19.82543895595998,19.00668912197783,19.698726654052734,573400,0.0,0.0
2024-02-12 00:00:00-05:00,19.698727856482193,20.429754405796217,19.698727856482193,20.108102798461914,520200,0.0,0.0
2024-02-13 00:00:00-05:00,19.230870588692365,19.71822160326093,19.104160142907034,19.533029556274414,929500,0.0,0.0
2024-02-14 00:00:00-05:00,19.864426287443838,20.020380320524712,19.328340921759818,19.66948699951172,818700,0.0,0.0
2024-02-15 00:00:00-05:00,19.883921460507555,20.536971908776273,19.747463768333876,20.458995819091797,586500,0.0,0.0
2024-02-16 00:00:00-05:00,20.205571532523695,20.517475867638744,19.961896038328003,20.000885009765625,486200,0.0,0.0
2024-02-20 00:00:00-05:00,19.688981216795508,20.06911440329705,19.489167380416934,19.913162231445312,484200,0.0,0.0
2024-02-21 00:00:00-05:00,19.805945351951113,19.942403043994766,19.52815541652132,19.766958236694336,261000,0.0,0.0
2024-02-22 00:00:00-05:00,19.659741140431738,19.865403711798706,19.49404171151995,19.649993896484375,233700,0.0,0.0
2024-02-23 00:00:00-05:00,19.572017418532862,20.10323011907346,19.425812480395297,19.70847511291504,400800,0.0,0.0
2024-02-26 00:00:00-05:00,19.620749998446353,19.853704083508354,19.230869579079386,19.386821746826172,307000,0.0,0.0
2024-02-27 00:00:00-05:00,19.53302983510351,19.6499930391755,19.230870863208217,19.28935432434082,261400,0.0,0.0
2024-02-28 00:00:00-05:00,19.10416173253974,19.33809001590593,18.918967811046894,18.977449417114258,372800,0.0,0.0
2024-02-29 00:00:00-05:00,19.425811686804984,19.718221551134484,19.055423875617933,19.133399963378906,235500,0.0,0.0
2024-03-01 00:00:00-05:00,19.026183975831387,19.308846596375655,18.480349503234567,19.240617752075195,366000,0.0,0.0
2024-03-04 00:00:00-05:00,19.250364545765084,19.5135345325739,18.840989630427988,19.113906860351562,310900,0.0,0.0
2024-03-05 00:00:00-05:00,18.987196066606845,19.97164539020758,18.967701578829402,19.86442756652832,317900,0.0,0.0
2024-03-06 00:00:00-05:00,19.87417304392639,20.303042441427234,19.25036436326808,19.942401885986328,273700,0.0,0.0
2024-03-07 00:00:00-05:00,20.195825578491412,20.371272242964142,19.5915113554149,19.79619789123535,379000,0.0,0.0
2024-03-08 00:00:00-05:00,20.117848205885526,20.166584420182556,19.854680085067507,20.000885009765625,231100,0.0,0.0
2024-03-11 00:00:00-04:00,19.757209562821384,19.89854179597605,19.53302855380835,19.786449432373047,385500,0.0,0.0
2024-03-12 00:00:00-04:00,19.64024542947285,19.64024542947285,18.743519492221203,18.84099006652832,508800,0.0,0.0
2024-03-13 00:00:00-04:00,18.89947099908312,19.152893739680554,18.572946724663062,18.743518829345703,555400,0.0,0.0
2024-03-14 00:00:00-04:00,18.597312672814542,18.763012074590364,17.622610746861795,17.827299118041992,716700,0.0,0.0
2024-03-15 00:00:00-04:00,17.75906997636328,18.42186764149347,17.75906997636328,18.178192138671875,2789800,0.0,0.0
2024-03-18 00:00:00-04:00,18.148953481207084,18.53883393996142,17.944265078425634,18.18794059753418,374200,0.0,0.0
2024-03-19 00:00:00-04:00,18.10996584360488,18.353641380714254,18.0807241098769,18.275665283203125,250700,0.0,0.0
2024-03-20 00:00:00-04:00,18.17819199671253,19.260111815702263,18.17819199671253,19.006689071655273,276600,0.0,0.0
2024-03-21 00:00:00-04:00,19.182137193204213,19.50378880459223,19.11390834519716,19.27960777282715,333100,0.0,0.0
2024-03-22 00:00:00-04:00,19.318592179057223,19.318592179057223,18.879977420931283,18.99694061279297,301200,0.0,0.0
2024-03-25 00:00:00-04:00,19.065170710238117,19.377075054595107,19.035930839889986,19.29909896850586,265700,0.0,0.0
2024-03-26 00:00:00-04:00,19.357582427395197,19.445305756632667,19.235744676687215,19.29909896850586,553200,0.0,0.0
2024-03-27 00:00:00-04:00,19.396570441464682,20.088609864347273,19.25036550564619,20.059368133544922,324200,0.0,0.0
2024-03-28 00:00:00-04:00,20.00088517669825,20.264055158809242,19.913161849327924,19.971643447875977,320400,0.0,0.0
2024-04-01 00:00:00-04:00,20.458995722026405,20.458995722026405,19.445306560937556,19.474546432495117,505400,0.0,0.0
2024-04-02 00:00:00-04:00,19.123654003346836,20.025252607131446,18.9871944595512,19.328340530395508,627500,0.0,0.0
2024-04-03 00:00:00-04:00,19.22112451495332,19.411192983842234,19.0651723295291,19.14314842224121,442300,0.0,0.0
2024-04-04 00:00:00-04:00,19.47454615529104,19.776705123793388,19.235745198519204,19.318593978881836,320100,0.0,0.0
2024-04-05 00:00:00-04:00,19.25036387697021,19.58176269497235,19.24061663419409,19.52328109741211,335500,0.0,0.0
2024-04-08 00:00:00-04:00,19.74746270208507,19.932656602247533,19.640244887396822,19.727968215942383,230100,0.0,0.0
2024-04-09 00:00:00-04:00,19.844934048141806,20.234814490727807,19.820565009964195,20.01063346862793,350300,0.0,0.0
2024-04-10 00:00:00-04:00,19.21137598862618,19.4842932244498,18.655796132750037,18.94820785522461,480400,0.0,0.0
2024-04-11 00:00:00-04:00,19.07491830026266,19.104160030239086,18.5778200452428,18.94820785522461,209400,0.0,0.0
2024-04-12 00:00:00-04:00,18.694785242925022,19.152894527997002,18.694785242925022,19.02618408203125,257300,0.0,0.0
2024-04-15 00:00:00-04:00,19.113907273564564,19.40631713694256,18.743519463582754,18.94820785522461,388200,0.0,0.0
2024-04-16 00:00:00-04:00,18.792256786382445,18.918967238879073,18.597315626591204,18.772762298583984,287200,0.0,0.0
2024-04-17 00:00:00-04:00,19.07491608143542,19.13339767548902,18.724022798921073,18.792253494262695,358800,0.0,0.0
2024-04-18 00:00:00-04:00,18.753267424523564,19.07491903018636,18.753267424523564,18.83124351501465,287700,0.0,0.0
2024-04-19 00:00:00-04:00,18.73377182805429,19.54180024958296,18.73377182805429,19.513534545898438,294500,0.0,0.0
2024-04-22 00:00:00-04:00,19.49403958227748,19.942401600303548,19.425810741194947,19.786449432373047,247000,0.0,0.0
2024-04-23 00:00:00-04:00,19.718222146448106,20.254309392699327,19.708474902796635,20.24456214904785,302500,0.0,0.0
2024-04-24 00:00:00-04:00,19.620752075497503,20.566214284032494,19.33808943869499,20.264057159423828,618500,0.0,0.0
2024-04-25 00:00:00-04:00,20.16658321089033,20.197773270712222,19.494038366692457,19.88391876220703,1264100,0.0,0.0
2024-04-26 00:00:00-04:00,19.82543987107375,20.171458653082933,19.659740447998047,19.659740447998047,431700,0.0,0.0
2024-04-29 00:00:00-04:00,19.698727317253358,19.815692379944352,19.35758309085588,19.396570205688477,585600,0.0,0.0
2024-04-30 00:00:00-04:00,19.308845639249245,19.4345819116698,18.948206948938704,18.987194061279297,492400,0.0,0.0
2024-05-01 00:00:00-04:00,19.16264071469086,19.854680084932077,18.98719406141572,19.49403953552246,377300,0.0,0.0
2024-05-02 00:00:00-04:00,19.67923479357368,19.98139190673828,19.64024581943806,19.98139190673828,974300,0.0,0.0
2024-05-03 00:00:00-04:00,20.332284000298056,20.415132776649756,19.893667363446404,19.971643447875977,640700,0.0,0.0
2024-05-06 00:00:00-04:00,20.137344085087534,20.244561904863875,19.952150176136566,19.98139190673828,218900,0.0,0.0
2024-05-07 00:00:00-04:00,20.1178487868716,20.166585002576088,19.796197199608127,19.805944442749023,211500,0.0,0.0
2024-05-08 00:00:00-04:00,19.591511219310526,20.156838323630488,19.591511219310526,20.117849349975586,270100,0.0,0.0
2024-05-09 00:00:00-04:00,20.216274843683784,20.344225118579786,20.058794838545634,20.314697265625,202500,0.2,0.0
2024-05-10 00:00:00-04:00,20.275329080303806,20.38359412207522,19.989898794525978,20.255643844604492,278500,0.0,0.0
2024-05-13 00:00:00-04:00,20.432806317023864,20.452491551861595,20.168044977132123,20.295013427734375,550900,0.0,0.0
2024-05-14 00:00:00-04:00,20.521387151618615,20.64933741822139,20.162140078413525,20.22611427307129,362500,0.0,0.0
2024-05-15 00:00:00-04:00,20.422962407079464,20.678864811912515,20.35406596679503,20.580440521240234,336600,0.0,0.0
2024-05-16 00:00:00-04:00,20.49186045623879,20.713314658316627,20.4869400860981,20.531230926513672,447900,0.0,0.0
2024-05-17 00:00:00-04:00,20.619812108556193,21.190670772721596,20.580441639233673,20.885555267333984,298700,0.0,0.0
2024-05-20 00:00:00-04:00,20.856029622178287,21.49578474047965,20.856029622178287,21.308778762817383,588400,0.0,0.0
2024-05-21 00:00:00-04:00,21.289094545555855,21.476100532157815,21.259568568973258,21.3481502532959,455400,0.0,0.0
2024-05-22 00:00:00-04:00,21.25956948146788,21.417047620959032,20.777292444615295,20.934770584106445,266800,0.0,0.0
2024-05-23 00:00:00-04:00,21.00366507357704,21.00366507357704,20.127692769818793,20.18674659729004,364400,0.0,0.0
2024-05-24 00:00:00-04:00,20.40327795114478,20.40327795114478,20.117849562332175,20.275327682495117,223900,0.0,0.0
2024-05-28 00:00:00-04:00,20.275328257328002,20.324539467291398,19.921001538272108,19.999740600585938,203000,0.0,0.0
2024-05-29 00:00:00-04:00,19.35014314522887,19.753681080046842,18.44464297696449,19.674942016601562,406200,0.0,0.0
2024-05-30 00:00:00-04:00,20.04895368783666,20.196589195014173,19.84226247595828,19.999740600585938,270400,0.0,0.0
2024-05-31 00:00:00-04:00,20.078479766845703,20.20643191707266,19.96037211140718,20.078479766845703,352700,0.0,0.0
2024-06-03 00:00:00-04:00,20.285171096447044,20.285171096447044,19.801908523986864,19.97021484375,233600,0.0,0.0
2024-06-04 00:00:00-04:00,19.73399543762207,19.871790203773212,19.635573018312087,19.73399543762207,337500,0.0,0.0
2024-06-05 00:00:00-04:00,19.901315582288028,19.93084343356858,19.655255786811875,19.82257652282715,370000,0.0,0.0
2024-06-06 00:00:00-04:00,19.75368220073991,19.91116033656473,19.674943132827497,19.793052673339844,193400,0.0,0.0
2024-06-07 00:00:00-04:00,19.52730620726113,19.89147366611727,19.52730620726113,19.812734603881836,283400,0.0,0.0
2024-06-10 00:00:00-04:00,19.64541314654394,19.655255763625846,19.25171784970396,19.448566436767578,293900,0.0,0.0
2024-06-11 00:00:00-04:00,19.24187622500481,19.399354351862595,19.08439809814702,19.300931930541992,272700,0.0,0.0
2024-06-12 00:00:00-04:00,19.871790308523906,20.24580038482039,19.532226577337642,19.812734603881836,276000,0.0,0.0
2024-06-13 00:00:00-04:00,19.77336591644539,19.802893768624614,19.389513224552026,19.5469913482666,268300,0.0,0.0
2024-06-14 00:00:00-04:00,19.350144346934677,19.47809650628409,19.10408452372616,19.123769760131836,238300,0.0,0.0
2024-06-17 00:00:00-04:00,19.133611587305346,19.64541457168142,18.966290839349497,19.615888595581055,288300,0.0,0.0
2024-06-18 00:00:00-04:00,19.53714902238951,19.83734228685192,19.507621169769696,19.596202850341797,256000,0.0,0.0
2024-06-20 00:00:00-04:00,19.468252379906385,19.812734603881836,19.468252379906385,19.812734603881836,249600,0.0,0.0
2024-06-21 00:00:00-04:00,19.85210537867528,19.85210537867528,19.546991742485744,19.674942016601562,888600,0.0,0.0
2024-06-24 00:00:00-04:00,19.753680106622646,20.19658848998124,19.684783664164033,20.00958251953125,201900,0.0,0.0
2024-06-25 00:00:00-04:00,19.90131617865128,20.009583092637044,19.679863857916505,19.73399543762207,246600,0.0,0.0
2024-06-26 00:00:00-04:00,19.645412692552526,19.940685566324408,19.4780938378885,19.802892684936523,196100,0.0,0.0
2024-06-27 00:00:00-04:00,19.753681792986864,20.452492648911278,19.73399655709324,20.413122177124023,320400,0.0,0.0
2024-06-28 00:00:00-04:00,20.64933768772325,21.082403455539076,20.432805742458967,20.757604598999023,742700,0.0,0.0
2024-07-01 00:00:00-04:00,20.71823563211296,20.91803720773353,20.3737533936075,20.442649841308594,313800,0.0,0.0
2024-07-02 00:00:00-04:00,20.373754288228913,20.796975610874817,20.373754288228913,20.777292251586914,137100,0.0,0.0
2024-07-03 00:00:00-04:00,20.83634352464056,20.865871375876655,20.432805610850224,20.491859436035156,133100,0.0,0.0
2024-07-05 00:00:00-04:00,20.452490601815835,20.541072277183574,19.89147269872441,19.960371017456055,196900,0.0,0.0
2024-07-08 00:00:00-04:00,20.167061666734757,20.304854558676364,19.930844475997418,20.048954010009766,348800,0.0,0.0
2024-07-09 00:00:00-04:00,19.989898206789352,20.4180436228679,19.901316526034297,20.34422492980957,260900,0.0,0.0
2024-07-10 00:00:00-04:00,20.35406765333516,20.83634465257494,20.32946204795007,20.796974182128906,210500,0.0,0.0
2024-07-11 00:00:00-04:00,21.289093371127535,21.997746806615297,21.121772629669294,21.899322509765625,362800,0.0,0.0
2024-07-12 00:00:00-04:00,22.17491025078276,22.214278843301663,21.732001851899266,21.79105567932129,452400,0.0,0.0
2024-07-15 00:00:00-04:00,22.273332635809762,23.085330740060897,22.273332635809762,22.6473445892334,546900,0.0,0.0
2024-07-16 00:00:00-04:00,22.844190409999772,23.808746230743928,22.76053098100531,23.73000717163086,467900,0.0,0.0
2024-07-17 00:00:00-04:00,23.434736158200707,24.428818031970767,23.434736158200707,23.91701316833496,785000,0.0,0.0
2024-07-18 00:00:00-04:00,23.66111110907403,24.14338808853784,23.208360103946667,23.48394775390625,594600,0.0,0.0
2024-07-19 00:00:00-04:00,23.49379037111416,23.995750707706502,23.375680841906544,23.48394775390625,405400,0.0,0.0
2024-07-22 00:00:00-04:00,23.277258230680964,23.808748334625214,22.962301966397295,23.700481414794922,468800,0.0,0.0
2024-07-23 00:00:00-04:00,23.434734393963414,24.231969482900414,23.377649843026937,23.995750427246094,707900,0.0,0.0
2024-07-24 00:00:00-04:00,23.11977831698118,24.8225116628606,22.834349928451353,23.592212677001953,834400,0.0,0.0
2024-07-25 00:00:00-04:00,23.789063510749695,24.69456372488983,23.114860128511577,24.389450073242188,660500,0.0,0.0
2024-07-26 00:00:00-04:00,24.537084394117205,25.05872998646349,24.286102338267227,24.940622329711914,342600,0.0,0.0
2024-07-29 00:00:00-04:00,25.02920460445114,25.186682735379183,24.192600860591284,24.291025161743164,297800,0.0,0.0
2024-07-30 00:00:00-04:00,24.409131722687118,24.90125132900974,24.409131722687118,24.733930587768555,499100,0.0,0.0
2024-07-31 00:00:00-04:00,24.822512675617148,25.432741823506735,24.635508573783714,24.674877166748047,474400,0.0,0.0
2024-08-01 00:00:00-04:00,24.546925869961736,24.556768487114443,23.02135400246275,23.218202590942383,406700,0.0,0.0
2024-08-02 00:00:00-04:00,22.20443537537262,22.568604697982504,20.26154819520505,22.391441345214844,556900,0.0,0.0
2024-08-05 00:00:00-04:00,21.249724449140565,21.78121264022478,19.783208268419358,21.476099014282227,534600,0.0,0.0
2024-08-06 00:00:00-04:00,21.446572156709095,21.79105436022416,21.131614049186847,21.51546859741211,222000,0.0,0.0
2024-08-07 00:00:00-04:00,21.978061840097233,22.12569734853042,21.269410273245537,21.38751792907715,188900,0.0,0.0
2024-08-08 00:00:00-04:00,21.761529807674044,21.928850550571063,21.495784767081012,21.869794845581055,471200,0.0,0.0
2024-08-09 00:00:00-04:00,21.939318204327762,22.048568470353246,21.53211507829943,21.76054573059082,241800,0.2,0.0
2024-08-12 00:00:00-04:00,22.01877170352501,22.3067925394908,21.43279612300308,21.482454299926758,238400,0.0,0.0
2024-08-13 00:00:00-04:00,21.661227124682497,21.904556742028877,21.33844518068439,21.810203552246094,450100,0.0,0.0
2024-08-14 00:00:00-04:00,21.959181874147742,21.959181874147742,21.442728490545097,21.810203552246094,261600,0.0,0.0
2024-08-15 00:00:00-04:00,22.386249779430955,22.992087524590293,22.386249779430955,22.674270629882812,335300,0.0,0.0
2024-08-16 00:00:00-04:00,22.614679385111547,23.111268733606725,22.614679385111547,22.823246002197266,177500,0.0,0.0
2024-08-19 00:00:00-04:00,22.843109739928416,23.121200453506617,22.743791492626343,23.081472396850586,199200,0.0,0.0
2024-08-20 00:00:00-04:00,23.06160912196218,23.06160912196218,22.425975349403107,22.4359073638916,176700,0.0,0.0
2024-08-21 00:00:00-04:00,22.624612251879835,22.69413446019462,22.346521524282604,22.594816207885742,213000,0.0,0.0
2024-08-22 00:00:00-04:00,22.495497353312302,22.90766742634091,22.495497353312302,22.73386001586914,199500,0.0,0.0
2024-08-23 00:00:00-04:00,22.95236066414037,24.49178691159017,22.803382341716535,24.283220291137695,377700,0.0,0.0
2024-08-26 00:00:00-04:00,24.6506965620948,24.81953702735592,24.193835240998915,24.382537841796875,312400,0.0,0.0
2024-08-27 00:00:00-04:00,24.07465196824309,24.104448011832968,23.9356075534998,23.985265731811523,321000,0.0,0.0
2024-08-28 00:00:00-04:00,23.915744204198507,24.640764236450195,22.853043245682553,24.640764236450195,315600,0.0,0.0
2024-08-29 00:00:00-04:00,24.789740917026013,25.147285876478282,24.442129866823137,24.928787231445312,451400,0.0,0.0
2024-08-30 00:00:00-04:00,24.928786978816213,25.276399919834514,24.728165204921332,25.018173217773438,377400,0.0,0.0
2024-09-03 00:00:00-04:00,24.710286501138643,25.157217697000558,24.370620307754095,24.471923828125,254800,0.0,0.0
2024-09-04 00:00:00-04:00,24.37260748671032,24.650696324932113,24.00513051491106,24.09451675415039,391900,0.0,0.0
2024-09-05 00:00:00-04:00,24.34281173362457,24.50172018432185,24.034926847190857,24.21369743347168,441200,0.0,0.0
2024-09-06 00:00:00-04:00,24.313015604980208,24.68049257991301,23.736971999602574,23.79656219482422,579300,0.0,0.0
2024-09-09 00:00:00-04:00,23.82635784038541,24.084584541136728,23.56316607942304,24.01506233215332,310100,0.0,0.0
2024-09-10 00:00:00-04:00,24.034926509131502,24.094516703720288,23.419154850586953,23.885948181152344,490900,0.0,0.0
2024-09-11 00:00:00-04:00,23.627723335813776,23.73697170999754,22.962293498553237,23.67738151550293,288700,0.0,0.0
2024-09-12 00:00:00-04:00,23.806493705976884,23.98526618219693,23.42908661844199,23.97533416748047,371200,0.0,0.0
2024-09-13 00:00:00-04:00,24.352741943828224,24.759945055354866,24.17396947645789,24.630830764770508,377300,0.0,0.0
2024-09-16 00:00:00-04:00,24.640763536147595,24.988376467344786,24.2931506049504,24.740081787109375,390700,0.0,0.0
2024-09-17 00:00:00-04:00,25.445239107777738,25.991486634618948,25.18204546433196,25.46510124206543,646400,0.0,0.0
2024-09-18 00:00:00-04:00,25.47503381334721,26.537734741663247,25.097626732897222,25.494897842407227,395500,0.0,0.0
2024-09-19 00:00:00-04:00,26.1007371144677,26.438418026557063,25.822646394412335,26.29937171936035,421000,0.0,0.0
2024-09-20 00:00:00-04:00,26.140463373807176,26.423519154931743,25.807749414861405,25.96169090270996,1579600,0.0,0.0
2024-09-23 00:00:00-04:00,26.08087429819794,26.120600463288152,25.5842849213724,26.021284103393555,523400,0.0,0.0
2024-09-24 00:00:00-04:00,26.051077909515858,26.160328177162587,25.584284583427493,25.69353485107422,346400,0.0,0.0
2024-09-25 00:00:00-04:00,25.723327992407942,25.782918184088913,25.440272214000796,25.673669815063477,464100,0.0,0.0
2024-09-26 00:00:00-04:00,26.001418914403068,26.061009106550618,25.70346416498921,25.753124237060547,344900,0.0,0.0
2024-09-27 00:00:00-04:00,26.080872821971724,26.15039502769811,25.534623401779488,25.633941650390625,344600,0.0,0.0
2024-09-30 00:00:00-04:00,25.58428333815404,26.319235343054626,25.375714827738214,26.14046287536621,305200,0.0,0.0
2024-10-01 00:00:00-04:00,25.951759151449664,26.20005383174969,24.978444459314712,25.117490768432617,235700,0.0,0.0
2024-10-02 00:00:00-04:00,24.978445269410997,25.335990226827043,24.63083232684963,24.680492401123047,311300,0.0,0.0
2024-10-03 00:00:00-04:00,24.531514612269977,24.869195521328834,24.04485538295607,24.710285186767578,233800,0.0,0.0
2024-10-04 00:00:00-04:00,25.147284454113997,25.31612490937904,24.918853807090123,25.12742042541504,219700,0.0,0.0
2024-10-07 00:00:00-04:00,25.087694417121384,25.17708065248007,24.84933175427757,24.998308181762695,211700,0.0,0.0
2024-10-08 00:00:00-04:00,25.137353099275924,25.147285113885978,24.819536209106445,24.819536209106445,243100,0.0,0.0
2024-10-09 00:00:00-04:00,24.809604641469363,25.554488701600782,24.750014447073525,25.187013626098633,195400,0.0,0.0
2024-10-10 00:00:00-04:00,24.91885480525178,25.326057938201302,24.740082328476262,25.14728546142578,370000,0.0,0.0
2024-10-11 00:00:00-04:00,25.27639856239011,26.10073680401791,25.27639856239011,25.80278205871582,270600,0.0,0.0
2024-10-14 00:00:00-04:00,25.84251007034064,26.130530906520566,25.68360163086109,25.971622467041016,120700,0.0,0.0
2024-10-15 00:00:00-04:00,26.160327562861035,27.05418802948251,25.981555090669126,26.58739471435547,452600,0.0,0.0
2024-10-16 00:00:00-04:00,26.885347715988583,27.213096618652344,26.656917064446162,27.213096618652344,458300,0.0,0.0
2024-10-17 00:00:00-04:00,27.223028785373877,27.858662565162685,27.044256311223755,27.83880043029785,338100,0.0,0.0
2024-10-18 00:00:00-04:00,27.779208498872258,27.898390780421785,27.232960953087346,27.332279205322266,561200,0.0,0.0
2024-10-21 00:00:00-04:00,27.33227982385412,27.33227982385412,26.716508161533124,26.815826416015625,806900,0.0,0.0
2024-10-22 00:00:00-04:00,26.746304095871487,27.352143740811794,26.6668498714808,27.153507232666016,369400,0.0,0.0
2024-10-23 00:00:00-04:00,27.560708846164186,28.265864811864873,27.45145858328852,27.689821243286133,610700,0.0,0.0
2024-10-24 00:00:00-04:00,27.2031652523954,27.496153058299708,26.944938551061252,27.28261947631836,311100,0.0,0.0
2024-10-25 00:00:00-04:00,27.51105055383274,27.51105055383274,26.810859651041323,26.895278930664062,244000,0.0,0.0
2024-10-28 00:00:00-04:00,27.272686817451383,27.754379104173648,27.1684035062037,27.590505599975586,420500,0.0,0.0
2024-10-29 00:00:00-04:00,27.520981289402023,27.53091330387477,27.074052004156865,27.133642196655273,1011900,0.0,0.0
2024-10-30 00:00:00-04:00,27.093916139572,27.898390371645036,27.093916139572,27.173370361328125,488500,0.0,0.0
2024-10-31 00:00:00-04:00,27.252825599135743,27.43159807833662,26.815826416015625,26.815826416015625,197300,0.0,0.0
2024-11-01 00:00:00-04:00,26.895279286580724,27.436561757202217,26.676780653190946,26.84562110900879,432100,0.0,0.0
2024-11-04 00:00:00-05:00,26.69664293202892,26.761200078692085,26.120599355123428,26.339099884033203,229100,0.0,0.0
2024-11-05 00:00:00-05:00,26.37882639691493,26.825757580753262,26.269578025350736,26.66684913635254,260900,0.0,0.0
2024-11-06 00:00:00-05:00,29.14979655848731,30.43099615509109,29.14979655848731,30.13304328918457,829000,0.0,0.0
2024-11-07 00:00:00-05:00,29.94433913140434,30.142975640451517,29.000820449275604,29.1200008392334,411000,0.0,0.0
2024-11-08 00:00:00-05:00,29.260000228881836,29.600000381469727,29.014999389648438,29.520000457763672,406800,0.2,0.0
2024-11-11 00:00:00-05:00,30.270000457763672,30.850000381469727,29.924999237060547,30.530000686645508,501500,0.0,0.0
2024-11-12 00:00:00-05:00,30.469999313354492,30.760000228881836,30.229999542236328,30.34000015258789,565300,0.0,0.0
2024-11-13 00:00:00-05:00,30.549999237060547,30.864999771118164,29.84000015258789,29.8799991607666,294400,0.0,0.0
2024-11-14 00:00:00-05:00,29.989999771118164,30.170000076293945,29.280000686645508,29.40999984741211,429100,0.0,0.0
2024-11-15 00:00:00-05:00,29.549999237060547,30.459999084472656,28.93000030517578,29.270000457763672,283500,0.0,0.0
2024-11-18 00:00:00-05:00,29.209999084472656,29.395000457763672,29.020000457763672,29.149999618530273,225700,0.0,0.0
2024-11-19 00:00:00-05:00,28.709999084472656,29.190000534057617,28.6299991607666,29.059999465942383,266600,0.0,0.0
2024-11-20 00:00:00-05:00,28.969999313354492,29.139999389648438,28.559999465942383,28.979999542236328,282900,0.0,0.0
2024-11-21 00:00:00-05:00,29.100000381469727,29.739999771118164,29.03499984741211,29.3700008392334,316100,0.0,0.0
2024-11-22 00:00:00-05:00,29.559999465942383,30.219999313354492,29.399999618530273,30.06999969482422,388400,0.0,0.0
2024-11-25 00:00:00-05:00,30.43000030517578,31.6200008392334,30.1299991607666,31.260000228881836,643000,0.0,0.0
2024-11-26 00:00:00-05:00,30.940000534057617,31.31999969482422,30.75,31.049999237060547,497000,0.0,0.0
2024-11-27 00:00:00-05:00,31.239999771118164,31.389999389648438,30.40999984741211,30.479999542236328,198000,0.0,0.0
2024-11-29 00:00:00-05:00,30.780000686645508,30.829999923706055,30.139999389648438,30.40999984741211,157300,0.0,0.0
2024-12-02 00:00:00-05:00,30.399999618530273,30.68000030517578,29.96500015258789,30.3799991607666,280900,0.0,0.0
2024-12-03 00:00:00-05:00,30.3799991607666,30.559999465942383,29.950000762939453,30.020000457763672,149500,0.0,0.0
2024-12-04 00:00:00-05:00,30.059999465942383,30.420000076293945,29.8700008392334,30.280000686645508,304200,0.0,0.0
2024-12-05 00:00:00-05:00,30.34000015258789,30.809999465942383,30.209999084472656,30.31999969482422,315900,0.0,0.0
2024-12-06 00:00:00-05:00,30.520000457763672,30.604999542236328,29.899999618530273,30.450000762939453,305600,0.0,0.0
2024-12-09 00:00:00-05:00,30.489999771118164,30.690000534057617,29.59000015258789,29.610000610351562,346700,0.0,0.0
2024-12-10 00:00:00-05:00,29.690000534057617,30.209999084472656,29.309999465942383,29.68000030517578,266900,0.0,0.0
2024-12-11 00:00:00-05:00,30.139999389648438,30.389999389648438,29.760000228881836,29.950000762939453,614500,0.0,0.0
2024-12-12 00:00:00-05:00,29.940000534057617,30.079999923706055,29.540000915527344,29.75,227600,0.0,0.0
2024-12-13 00:00:00-05:00,29.68000030517578,29.742000579833984,29.34000015258789,29.639999389648438,163600,0.0,0.0
2024-12-16 00:00:00-05:00,29.6299991607666,30.0,29.020000457763672,29.989999771118164,203100,0.0,0.0
2024-12-17 00:00:00-05:00,29.700000762939453,29.94499969482422,28.97100067138672,29.110000610351562,241400,0.0,0.0
2024-12-18 00:00:00-05:00,29.25,29.25,26.860000610351562,27.06999969482422,535100,0.0,0.0
2024-12-19 00:00:00-05:00,27.600000381469727,28.584999084472656,26.610000610351562,26.670000076293945,445200,0.0,0.0
2024-12-20 00:00:00-05:00,26.5,27.940000534057617,26.5,27.729999542236328,1600400,0.0,0.0
2024-12-23 00:00:00-05:00,27.670000076293945,28.40999984741211,27.575000762939453,28.18000030517578,546200,0.0,0.0
2024-12-24 00:00:00-05:00,28.139999389648438,28.165000915527344,27.104999542236328,27.899999618530273,237000,0.0,0.0
2024-12-26 00:00:00-05:00,27.610000610351562,27.989999771118164,27.489999771118164,27.81999969482422,215000,0.0,0.0
2024-12-27 00:00:00-05:00,27.579999923706055,27.90999984741211,26.979999542236328,27.3700008392334,342700,0.0,0.0
2024-12-30 00:00:00-05:00,27.209999084472656,27.290000915527344,26.34000015258789,27.049999237060547,363000,0.0,0.0
2024-12-31 00:00:00-05:00,27.18000030517578,27.40999984741211,26.950000762939453,27.15999984741211,428800,0.0,0.0
2025-01-02 00:00:00-05:00,27.420000076293945,27.53499984741211,26.34000015258789,26.389999389648438,374000,0.0,0.0
2025-01-03 00:00:00-05:00,26.540000915527344,27.40999984741211,25.9950008392334,26.700000762939453,351500,0.0,0.0
2025-01-06 00:00:00-05:00,26.780000686645508,27.059999465942383,26.239999771118164,26.31999969482422,526600,0.0,0.0
2025-01-07 00:00:00-05:00,26.31999969482422,26.834999084472656,25.700000762939453,25.860000610351562,582200,0.0,0.0
2025-01-08 00:00:00-05:00,25.780000686645508,25.94499969482422,25.549999237060547,25.709999084472656,324000,0.0,0.0
2025-01-10 00:00:00-05:00,25.139999389648438,25.139999389648438,24.264999389648438,24.440000534057617,495800,0.0,0.0
2025-01-13 00:00:00-05:00,24.290000915527344,24.8799991607666,24.125,24.81999969482422,767900,0.0,0.0
2025-01-14 00:00:00-05:00,25.170000076293945,25.899999618530273,24.81999969482422,25.8799991607666,678100,0.0,0.0
2025-01-15 00:00:00-05:00,26.770000457763672,26.889999389648438,26.280000686645508,26.690000534057617,321000,0.0,0.0
2025-01-16 00:00:00-05:00,26.520000457763672,26.600000381469727,25.979999542236328,26.209999084472656,378333,0.0,0.0
