Date,Open,High,Low,Close,Volume,Dividends,Stock Splits
2022-01-03 00:00:00-05:00,110.77964055556873,113.78017250326825,110.77964055556873,112.83714294433594,283800,0.0,0.0
2022-01-04 00:00:00-05:00,113.53156083558869,116.41207231183455,113.53156083558869,116.04344177246094,338700,0.0,0.0
2022-01-05 00:00:00-05:00,116.44637507242193,119.51549257488257,116.36064034458178,117.42369079589844,370000,0.0,0.0
2022-01-06 00:00:00-05:00,117.792312162912,119.93554937898595,115.89769778942045,116.0863037109375,336500,0.0,0.0
2022-01-07 00:00:00-05:00,115.73481410998431,118.64104336327262,115.43475565570475,116.9521713256836,298300,0.0,0.0
2022-01-10 00:00:00-05:00,116.42920792069565,116.8664366528287,113.51441075245266,116.10343170166016,302800,0.0,0.0
2022-01-11 00:00:00-05:00,115.93198798957712,116.13774347896566,113.38582103900416,114.35456848144531,337800,0.0,0.0
2022-01-12 00:00:00-05:00,113.57441546797396,114.04593024094743,110.30812425717389,110.3681411743164,379400,0.0,0.0
2022-01-13 00:00:00-05:00,110.46341254422686,114.7070035618759,110.03039251325357,113.0961685180664,248200,1.3,0.0
2022-01-14 00:00:00-05:00,112.75840469620866,113.1481200509803,110.21225160413636,111.84906005859375,248800,0.0,0.0
2022-01-18 00:00:00-05:00,110.69724129943926,111.08696329470946,107.9085912214883,108.09912109375,249100,0.0,0.0
2022-01-19 00:00:00-05:00,108.25500244341092,109.14702260636687,106.18516732528178,107.4495849609375,221100,0.0,0.0
2022-01-20 00:00:00-05:00,107.77003162532094,108.71401215811841,103.66499681432424,103.9074935913086,375700,0.0,0.0
2022-01-21 00:00:00-05:00,103.49179136348039,103.8295464719773,99.89772364737675,99.99298858642578,564000,0.0,0.0
2022-01-24 00:00:00-05:00,98.3301903652153,104.2712257754864,96.81462024233718,104.1240005493164,614400,0.0,0.0
2022-01-25 00:00:00-05:00,102.6863596387439,104.71289661739938,99.41272958827645,103.19732666015625,394400,0.0,0.0
2022-01-26 00:00:00-05:00,103.9767535140605,104.66958811188334,100.01029559397405,100.78972625732422,388200,0.0,0.0
2022-01-27 00:00:00-05:00,101.16214153290564,102.18406911081853,98.32153107426278,99.43006134033203,355000,0.0,0.0
2022-01-28 00:00:00-05:00,99.48201947747766,100.91098022460938,96.83193252323416,100.91098022460938,274500,0.0,0.0
2022-01-31 00:00:00-05:00,99.62057554100886,103.18000030517578,99.23951584425583,103.18000030517578,318700,0.0,0.0
2022-02-01 00:00:00-05:00,103.52642519433924,105.19788270386381,102.08879558390335,104.82548522949219,297000,0.0,0.0
2022-02-02 00:00:00-05:00,105.5616153779024,106.58354284516393,103.98542283762046,104.58299255371094,365700,0.0,0.0
2022-02-03 00:00:00-05:00,104.18462013988426,105.8127730471382,103.41384502780585,103.77758026123047,191100,0.0,0.0
2022-02-04 00:00:00-05:00,103.24930191617638,104.6436270076154,101.54320185973475,104.13265991210938,203900,0.0,0.0
2022-02-07 00:00:00-05:00,104.43574741405807,105.91668144398692,103.79487974398174,104.76484680175781,182800,0.0,0.0
2022-02-08 00:00:00-05:00,105.77812315499988,108.47150803479195,104.76485795912409,108.10777282714844,258500,0.0,0.0
2022-02-09 00:00:00-05:00,109.02577265205042,110.55866711815646,108.90452758332981,110.37679290771484,349200,0.0,0.0
2022-02-10 00:00:00-05:00,108.92184902442345,112.15218116522432,108.48017337713439,108.97381591796875,248500,0.0,0.0
2022-02-11 00:00:00-05:00,108.63605985554801,110.42876239358353,107.09450971072222,108.246337890625,296100,0.0,0.0
2022-02-14 00:00:00-05:00,108.84390399898027,111.00899732268833,108.835241749195,109.48477172851562,267200,0.0,0.0
2022-02-15 00:00:00-05:00,110.93972426984348,113.92755949180672,110.48071754041396,113.79764556884766,304100,0.0,0.0
2022-02-16 00:00:00-05:00,113.0875158677643,116.23124560454465,112.87966149009583,115.39984130859375,331100,0.0,0.0
2022-02-17 00:00:00-05:00,114.60307208586835,115.26125771306255,112.38601185245486,112.95758819580078,336500,0.0,0.0
2022-02-18 00:00:00-05:00,112.93160829938562,116.34380794078076,112.93160829938562,114.75029754638672,373800,0.0,0.0
2022-02-22 00:00:00-05:00,115.85017966137745,115.93677573640241,111.06963494827676,114.39522552490234,539900,0.0,0.0
2022-02-23 00:00:00-05:00,116.05802060100343,116.78550427527193,110.7318796593454,111.19087982177734,381800,0.0,0.0
2022-02-24 00:00:00-05:00,108.3156247778709,114.4818320841631,107.45824701018395,114.19603729248047,315200,0.0,0.0
2022-02-25 00:00:00-05:00,114.03149061524036,117.3051209131154,113.32134465326016,117.22718048095703,313800,0.0,0.0
2022-02-28 00:00:00-05:00,115.20930112911222,117.78144100830966,115.03609577057377,116.28319549560547,319600,0.0,0.0
2022-03-01 00:00:00-05:00,115.6769681021729,115.83284895770385,107.30235635593576,107.91724395751953,548000,0.0,0.0
2022-03-02 00:00:00-05:00,108.46285404307416,111.6239015479538,108.1597413469594,110.33350372314453,283600,0.0,0.0
2022-03-03 00:00:00-05:00,110.896419074301,111.47666425939748,106.08123242308933,108.22035217285156,545300,0.0,0.0
2022-03-04 00:00:00-05:00,106.95593476602168,108.02982246340906,104.41843742590181,105.8041000366211,381100,0.0,0.0
2022-03-07 00:00:00-05:00,105.79543512189015,105.95131595753338,94.96993660044723,95.8532943725586,797400,0.0,0.0
2022-03-08 00:00:00-05:00,96.65871570737534,101.84629296242093,94.84003320234929,96.57211303710938,554700,0.0,0.0
2022-03-09 00:00:00-05:00,98.52936290683125,102.0714697634159,98.52936290683125,100.14019775390625,525200,0.0,0.0
2022-03-10 00:00:00-05:00,98.451428765406,102.34860881691024,97.62003114730175,102.01951599121094,367300,0.0,0.0
2022-03-11 00:00:00-05:00,103.34454538599643,103.70828056714605,101.24873036238924,101.67308807373047,303600,0.0,0.0
2022-03-14 00:00:00-04:00,102.21002828632042,103.82952531275824,100.17483579907477,101.36131286621094,313000,0.0,0.0
2022-03-15 00:00:00-04:00,101.48258369273586,104.47908177903324,100.36539112119831,100.83305358886719,415100,0.0,0.0
2022-03-16 00:00:00-04:00,102.61708834781564,106.01197052001953,102.61708834781564,106.01197052001953,367100,0.0,0.0
2022-03-17 00:00:00-04:00,104.14130017591957,105.70017467180881,103.82086302749782,105.63088989257812,299700,0.0,0.0
2022-03-18 00:00:00-04:00,105.30179239511446,107.38895180742068,103.89014968145696,107.10315704345703,625400,0.0,0.0
2022-03-21 00:00:00-04:00,107.28503684127631,107.68341446332006,103.76891642388419,104.07202911376953,378600,0.0,0.0
2022-03-22 00:00:00-04:00,104.31450872506315,106.8433503858815,103.79488607957131,104.08068084716797,244300,0.0,0.0
2022-03-23 00:00:00-04:00,103.94212149709472,104.55701573289456,101.45659083961652,101.59515380859375,378400,0.0,0.0
2022-03-24 00:00:00-04:00,102.04550098773292,103.7948989868164,100.89366613196185,103.7948989868164,241600,0.0,0.0
2022-03-25 00:00:00-04:00,103.42248969194208,104.29719189529798,101.11016460117634,102.03682708740234,294000,0.0,0.0
2022-03-28 00:00:00-04:00,101.79435223576964,102.66039231951038,99.1875697336488,100.95429229736328,497000,0.0,0.0
2022-03-29 00:00:00-04:00,102.30529624010204,106.02927064348498,102.19271342599434,105.20653533935547,481800,0.0,0.0
2022-03-30 00:00:00-04:00,104.15863087544258,105.37108823163462,102.43521307615191,102.61708068847656,255300,0.0,0.0
2022-03-31 00:00:00-04:00,103.28392840944575,103.9161338858151,101.42194115721162,102.8249282836914,405300,0.0,0.0
2022-04-01 00:00:00-04:00,103.0587596652303,103.94211755512208,99.08363924967604,100.14886474609375,475100,0.0,0.0
2022-04-04 00:00:00-04:00,100.24411949330604,100.24411949330604,97.0657546122005,99.34343719482422,528500,0.0,0.0
2022-04-05 00:00:00-04:00,99.21354363986133,100.02762338173925,96.48552283352093,97.10041046142578,418000,0.0,0.0
2022-04-06 00:00:00-04:00,96.56346075069717,97.2129907557467,94.18185073218223,95.93991088867188,459500,0.0,0.0
2022-04-07 00:00:00-04:00,95.41163129735023,96.45088332802585,92.87413367127368,96.00920104980469,531800,0.0,0.0
2022-04-08 00:00:00-04:00,96.2603401841544,97.46413516630896,94.63218087616494,96.54613494873047,343900,0.0,0.0
2022-04-11 00:00:00-04:00,96.86657662542093,98.81516670481754,96.15642406077973,98.40812683105469,391200,0.0,0.0
2022-04-12 00:00:00-04:00,97.5940515675967,100.32207233351117,97.5940515675967,98.99703216552734,383000,0.0,0.0
2022-04-13 00:00:00-04:00,100.01029934374948,102.98081672596244,99.43004753818879,102.6343994140625,446400,0.0,0.0
2022-04-14 00:00:00-04:00,102.63440104289897,104.0792173525246,101.90761372560351,103.7552261352539,461200,1.3,0.0
2022-04-18 00:00:00-04:00,102.77450605243928,104.86729808608267,102.5380780462635,104.1492691040039,414000,0.0,0.0
2022-04-19 00:00:00-04:00,104.2018090264099,108.33485663820932,103.90409277875817,107.90579223632812,364400,0.0,0.0
2022-04-20 00:00:00-04:00,108.0984242472971,109.31557084462507,107.10018900460574,107.20526885986328,258400,0.0,0.0
2022-04-21 00:00:00-04:00,109.4556787127579,109.9022597524864,107.71314617823124,108.46620178222656,314000,0.0,0.0
2022-04-22 00:00:00-04:00,107.6693481514062,108.43116198770973,105.69038785016586,106.40841674804688,289600,0.0,0.0
2022-04-25 00:00:00-04:00,106.42595183826182,110.61153614005862,105.88304923870376,110.3138198852539,390200,0.0,0.0
2022-04-26 00:00:00-04:00,109.07915767400883,109.79718670365878,103.93036463315144,104.15802764892578,323500,0.0,0.0
2022-04-27 00:00:00-04:00,103.83404129052526,106.26833462481264,101.38223130570135,101.70622253417969,427500,0.0,0.0
2022-04-28 00:00:00-04:00,102.64314742706674,103.19480158410326,100.86558846263863,101.62739562988281,399800,0.0,0.0
2022-04-29 00:00:00-04:00,101.61865175454099,102.57310203770412,96.77632706115375,97.18788146972656,462900,0.0,0.0
2022-05-02 00:00:00-04:00,97.40679713383025,102.433006782849,96.94270611830028,102.3016586303711,421300,0.0,0.0
2022-05-03 00:00:00-04:00,102.27539161936973,102.31041155853502,97.55566316045714,99.10555267333984,364100,0.0,0.0
2022-05-04 00:00:00-04:00,97.9496989576226,99.90238453778898,95.52415735992508,99.40326690673828,488600,0.0,0.0
2022-05-05 00:00:00-04:00,98.22989076476775,98.56263357625477,95.07756899703523,96.2771987915039,349800,0.0,0.0
2022-05-06 00:00:00-04:00,96.77633872266742,98.63270960692296,94.604741601341,97.99349212646484,408200,0.0,0.0
2022-05-09 00:00:00-04:00,97.01275879704794,97.88840423431999,93.2562390694735,93.67655181884766,381300,0.0,0.0
2022-05-10 00:00:00-04:00,95.56793693344764,95.83938486541474,92.6870628106288,94.66602325439453,340600,0.0,0.0
2022-05-11 00:00:00-04:00,94.89370371107277,94.89370371107277,90.56801287296337,91.08464050292969,408200,0.0,0.0
2022-05-12 00:00:00-04:00,90.70811448878064,96.32100537217808,89.77993239300059,95.130126953125,519100,0.0,0.0
2022-05-13 00:00:00-04:00,96.39978601242738,97.77455552034988,94.7798435747764,95.3139877319336,284100,0.0,0.0
2022-05-16 00:00:00-04:00,94.63099307040711,94.86741437633106,89.9725600577568,90.8044204711914,388700,0.0,0.0
2022-05-17 00:00:00-04:00,92.40687154945732,93.41386524331512,90.13019451159093,91.82894897460938,276500,0.0,0.0
2022-05-18 00:00:00-04:00,90.65557003628133,91.34733072565398,85.24408102733778,86.46998596191406,456000,0.0,0.0
2022-05-19 00:00:00-04:00,85.72569229221244,87.20552858406025,84.15828610941772,84.2721176147461,419400,0.0,0.0
2022-05-20 00:00:00-04:00,85.50677448914452,85.50677448914452,82.3982306525939,84.09698486328125,361800,0.0,0.0
2022-05-23 00:00:00-04:00,84.98139741529017,85.13901387060197,80.65570656001262,82.47705078125,375500,0.0,0.0
2022-05-24 00:00:00-04:00,82.07425587674385,82.51207862792948,79.07079153638456,82.1092758178711,531300,0.0,0.0
2022-05-25 00:00:00-04:00,81.77653752896299,87.85351979483566,81.77653752896299,87.10922241210938,607600,0.0,0.0
2022-05-26 00:00:00-04:00,87.56454713983405,91.31230868851578,87.39817236246203,90.0426254272461,451700,0.0,0.0
2022-05-27 00:00:00-04:00,90.73438247341458,92.40686178205628,90.73438247341458,92.16168212890625,269300,0.0,0.0
2022-05-31 00:00:00-04:00,91.44365293719595,91.57500108842105,88.93054813665677,89.32459259033203,376500,0.0,0.0
2022-06-01 00:00:00-04:00,89.2370320949717,90.05137595989726,85.85704008266032,88.6766128540039,585000,0.0,0.0
2022-06-02 00:00:00-04:00,88.75542129906,89.78868317345072,88.52775161673135,89.42091369628906,267600,0.0,0.0
2022-06-03 00:00:00-04:00,87.7922084912716,88.30007773913665,86.45247211623233,87.25806427001953,474900,0.0,0.0
2022-06-06 00:00:00-04:00,88.24755351732213,89.86749637631632,87.03040679165413,89.21952056884766,607400,0.0,0.0
2022-06-07 00:00:00-04:00,86.28609082408067,87.56453219241267,82.91485767080152,84.07070922851562,1212400,0.0,0.0
2022-06-08 00:00:00-04:00,83.18630856238457,84.71868793063902,82.3807164407139,83.47527313232422,708700,0.0,0.0
2022-06-09 00:00:00-04:00,82.96740222114373,84.48227171305547,82.25813158006729,82.4682846069336,412000,0.0,0.0
2022-06-10 00:00:00-04:00,81.74149942603648,83.29139557586403,81.21611350499023,81.98667907714844,445700,0.0,0.0
2022-06-13 00:00:00-04:00,79.70999633902038,80.07776578819059,77.13559683354109,77.34575653076172,625000,0.0,0.0
2022-06-14 00:00:00-04:00,77.3632574802336,78.34398257767403,75.48061883278433,76.09357452392578,497200,0.0,0.0
2022-06-15 00:00:00-04:00,76.56644343700819,78.98322016840999,76.56644343700819,78.1163330078125,469600,0.0,0.0
2022-06-16 00:00:00-04:00,76.18115726139884,76.18991558683703,73.14266635689734,73.7293472290039,519800,0.0,0.0
2022-06-17 00:00:00-04:00,74.42985451330337,75.18291004636006,73.3352978292842,74.62249755859375,740100,0.0,0.0
2022-06-21 00:00:00-04:00,76.22493109804607,76.22493109804607,72.9237443567106,72.967529296875,689200,0.0,0.0
2022-06-22 00:00:00-04:00,72.47716442147834,74.85016925596283,72.05685838453988,74.17591857910156,584500,0.0,0.0
2022-06-23 00:00:00-04:00,74.17590545595226,75.36678348432855,72.41585670096859,75.30548858642578,480800,0.0,0.0
2022-06-24 00:00:00-04:00,75.2266971841142,78.5891722089641,74.86767937455633,78.5453872680664,661600,0.0,0.0
2022-06-27 00:00:00-04:00,77.45082418317723,78.26517458014355,76.34751591423716,76.82911682128906,627600,0.0,0.0
2022-06-28 00:00:00-04:00,77.43332402224202,78.64171228533087,74.94648757913085,74.99027252197266,443800,0.0,0.0
2022-06-29 00:00:00-04:00,74.84141148963457,74.84141148963457,72.30203855855875,74.0095443725586,703300,0.0,0.0
2022-06-30 00:00:00-04:00,72.84494587593186,74.0883607902853,71.68909416895009,73.10763549804688,436100,0.0,0.0
2022-07-01 00:00:00-04:00,73.09011977695744,74.4210977939404,72.71359200231029,74.2722396850586,336600,0.0,0.0
2022-07-05 00:00:00-04:00,73.24774359491397,77.27571134892744,72.14442845181621,77.24944305419922,650300,0.0,0.0
2022-07-06 00:00:00-04:00,77.25818682417378,78.52786982156168,74.34228640708231,75.5156478881836,483500,0.0,0.0
2022-07-07 00:00:00-04:00,77.02178170253715,77.35452460618606,75.4456237224343,77.01302337646484,368000,0.0,0.0
2022-07-08 00:00:00-04:00,76.88166610533281,77.80108973481349,75.70829783640568,77.17938232421875,484600,0.0,0.0
2022-07-11 00:00:00-04:00,76.34752866511266,77.87990819743044,76.07607403369234,77.33700561523438,551200,0.0,0.0
2022-07-12 00:00:00-04:00,77.24068386198653,79.57865559557754,77.03053082587525,77.3282470703125,458000,0.0,0.0
2022-07-13 00:00:00-04:00,76.13736434214314,78.79932714179374,75.48063029659052,78.16886138916016,488600,0.0,0.0
2022-07-14 00:00:00-04:00,77.02258767190006,79.10187438685803,77.02258767190006,78.5331802368164,407400,1.3,0.0
2022-07-15 00:00:00-04:00,79.74164999886918,81.63434119459394,78.87972109669552,80.67466735839844,526700,0.0,0.0
2022-07-18 00:00:00-04:00,80.86128441913898,81.37666566116683,79.39511691720374,79.6083755493164,428800,0.0,0.0
2022-07-19 00:00:00-04:00,80.37255720747733,83.22492267957689,80.37255720747733,82.72731018066406,396500,0.0,0.0
2022-07-20 00:00:00-04:00,82.79840106086984,84.80660628367707,82.56736692176501,83.61589813232422,362200,0.0,0.0
2022-07-21 00:00:00-04:00,82.9316827487295,83.39374420578648,82.01644080808481,83.06497192382812,312000,0.0,0.0
2022-07-22 00:00:00-04:00,83.65144207164803,84.5222588825048,81.78541379623458,82.27413177490234,378500,0.0,0.0
2022-07-25 00:00:00-04:00,82.27414225539422,82.27414225539422,80.20374283878704,81.2789306640625,303100,0.0,0.0
2022-07-26 00:00:00-04:00,80.14152018239031,81.04787431636856,79.11964560648175,79.69722747802734,402100,0.0,0.0
2022-07-27 00:00:00-04:00,80.42587282424509,82.73619369141464,80.23927068898512,82.55847930908203,352300,0.0,0.0
2022-07-28 00:00:00-04:00,82.72731412034143,85.89068331780298,82.1230756695337,85.81070709228516,429100,0.0,0.0
2022-07-29 00:00:00-04:00,85.810707320462,86.43271450116666,83.56258693672542,84.47782897949219,390000,0.0,0.0
2022-08-01 00:00:00-04:00,84.23790508658101,86.45048100389917,83.25157467465273,85.49969482421875,435100,0.0,0.0
2022-08-02 00:00:00-04:00,83.68698267080855,86.0239600955046,83.5981254766722,85.06429290771484,331000,0.0,0.0
2022-08-03 00:00:00-04:00,86.12170035450309,88.64528656268465,85.5618939604868,87.86332702636719,396000,0.0,0.0
2022-08-04 00:00:00-04:00,87.50790126530379,88.11213966434228,86.175023042075,86.35273742675781,358300,0.0,0.0
2022-08-05 00:00:00-04:00,86.16612784387159,87.0458254969692,85.7218351411843,85.819580078125,370300,0.0,0.0
2022-08-08 00:00:00-04:00,86.45936371797514,90.07590609115132,86.45936371797514,89.0718002319336,416100,0.0,0.0
2022-08-09 00:00:00-04:00,89.10734111948604,89.10734111948604,87.57897317607947,88.41424560546875,339900,0.0,0.0
2022-08-10 00:00:00-04:00,90.46688617906611,93.37256451533686,90.29805954666212,92.52840423583984,554500,0.0,0.0
2022-08-11 00:00:00-04:00,93.23926939920858,94.54549106542107,92.8482896407861,93.64801788330078,359400,0.0,0.0
2022-08-12 00:00:00-04:00,94.04788092678835,96.52703514984277,94.00345572183751,95.85171508789062,410400,0.0,0.0
2022-08-15 00:00:00-04:00,95.12307539054655,97.77105624223462,95.02533044843366,96.14494323730469,635700,0.0,0.0
2022-08-16 00:00:00-04:00,95.63844791845548,97.84214277994687,94.82983869796202,97.12239074707031,451100,0.0,0.0
2022-08-17 00:00:00-04:00,96.03831909819968,96.83804737602054,94.45663804838127,95.93168640136719,447800,0.0,0.0
2022-08-18 00:00:00-04:00,96.2071430761566,98.04651467477304,95.20304396462117,97.98431396484375,312800,0.0,0.0
2022-08-19 00:00:00-04:00,96.45595007095042,97.59333832406607,96.1005145470096,97.07795715332031,394400,0.0,0.0
2022-08-22 00:00:00-04:00,95.36300401705873,95.36300401705873,93.76354726395014,94.73210906982422,516700,0.0,0.0
2022-08-23 00:00:00-04:00,95.35410583654902,97.82437239006198,95.22970441150659,96.78472900390625,439800,0.0,0.0
2022-08-24 00:00:00-04:00,96.16271934556991,100.04583345807669,95.72731436939085,99.6370849609375,428600,0.0,0.0
2022-08-25 00:00:00-04:00,100.19690532060638,101.99184509143701,99.77038128728698,101.20989227294922,353800,0.0,0.0
2022-08-26 00:00:00-04:00,101.20988071693891,101.41425156713899,98.01097456008365,98.1353759765625,305900,0.0,0.0
2022-08-29 00:00:00-04:00,97.52226376304183,100.71228262201335,96.97133828344289,100.23245239257812,452200,0.0,0.0
2022-08-30 00:00:00-04:00,100.08138083455881,100.88999688081063,95.82505554364943,96.79361724853516,533300,0.0,0.0
2022-08-31 00:00:00-04:00,97.66443199736332,97.70885720312155,95.69177117460539,95.9139175415039,414500,0.0,0.0
2022-09-01 00:00:00-04:00,95.66511036207623,96.89135581123978,94.27002473295029,96.846923828125,401100,0.0,0.0
2022-09-02 00:00:00-04:00,97.32676971176912,97.87769516789776,95.15861890050672,95.54959869384766,316200,0.0,0.0
2022-09-06 00:00:00-04:00,95.54958141445796,95.96721761284239,91.11554242482843,91.76420593261719,529000,0.0,0.0
2022-09-07 00:00:00-04:00,92.28849539011023,95.72732389520127,92.19963819134546,95.40743255615234,456400,0.0,0.0
2022-09-08 00:00:00-04:00,94.81208131779239,97.89547445106241,94.28781906507254,97.7977294921875,306200,0.0,0.0
2022-09-09 00:00:00-04:00,98.23312843249852,99.90366670974568,98.09983925339434,99.46826171875,296100,0.0,0.0
2022-09-12 00:00:00-04:00,99.62821104523874,100.66785447765723,98.50859139066603,99.33497619628906,453900,0.0,0.0
2022-09-13 00:00:00-04:00,97.04243457091052,97.79773099066846,94.01236113747117,94.3322525024414,412200,0.0,0.0
2022-09-14 00:00:00-04:00,94.2878134848003,95.94947090796111,92.38624094547194,95.43408966064453,506000,0.0,0.0
2022-09-15 00:00:00-04:00,95.30078973544784,98.89956352811444,95.08753112517225,97.20236206054688,373200,0.0,0.0
2022-09-16 00:00:00-04:00,96.50038809622791,97.2823477086695,95.44297591570202,96.9891128540039,616300,0.0,0.0
2022-09-19 00:00:00-04:00,96.05608305123202,98.3219785958946,95.94945713906732,97.08684539794922,344300,0.0,0.0
2022-09-20 00:00:00-04:00,96.34042358398438,96.91800542673474,95.27412385842088,96.34042358398438,309400,0.0,0.0
2022-09-21 00:00:00-04:00,96.91801314206029,97.77105434629257,94.98978437480498,95.00755310058594,280200,0.0,0.0
2022-09-22 00:00:00-04:00,94.20783167363469,94.95424701848331,91.02670073776,91.75534057617188,489900,0.0,0.0
2022-09-23 00:00:00-04:00,90.69791569005903,91.67535831926762,86.48602259801831,87.27686309814453,762600,0.0,0.0
2022-09-26 00:00:00-04:00,87.28576283714115,90.67127166280105,86.60154815717833,86.89478302001953,854300,0.0,0.0
2022-09-27 00:00:00-04:00,91.09778234273053,92.43066059076486,85.50858552181826,86.39717102050781,1318200,0.0,0.0
2022-09-28 00:00:00-04:00,86.68151205921984,87.14357350336762,81.21671026780578,85.65963745117188,1080500,0.0,0.0
2022-09-29 00:00:00-04:00,86.21944825541223,86.21944825541223,82.48739194182272,84.22013092041016,760200,0.0,0.0
2022-09-30 00:00:00-04:00,84.35341800581655,84.98431286901823,82.17638634012951,82.26524353027344,508800,0.0,0.0
2022-10-03 00:00:00-04:00,83.55369864067269,83.55369864067269,80.01713192869713,81.2256088256836,685400,0.0,0.0
2022-10-04 00:00:00-04:00,82.50516735661961,86.32608795166016,82.10530656895317,86.32608795166016,600500,0.0,0.0
2022-10-05 00:00:00-04:00,84.85990995494821,86.0772744545606,83.52703178811656,85.70406341552734,469700,0.0,0.0
2022-10-06 00:00:00-04:00,85.17979573474697,86.82367734471862,84.42449951171875,84.42449951171875,354900,0.0,0.0
2022-10-07 00:00:00-04:00,83.62477953183891,83.86469462698642,80.2570397705921,81.26113891601562,445600,0.0,0.0
2022-10-10 00:00:00-04:00,82.04310467362954,82.1941625886356,80.31035880008515,80.6657943725586,320000,0.0,0.0
2022-10-11 00:00:00-04:00,80.26592807365742,82.86059604944394,78.83530490782687,82.34521484375,572000,0.0,0.0
2022-10-12 00:00:00-04:00,81.71432416160192,85.1087205999202,80.9501400668534,84.09573364257812,468400,0.0,0.0
2022-10-13 00:00:00-04:00,82.9583377778942,87.27686358764674,81.82983046506861,86.50379180908203,540900,0.0,0.0
2022-10-14 00:00:00-04:00,87.61452364631384,87.9699591806955,85.05540000163006,86.22833251953125,469000,0.0,0.0
2022-10-17 00:00:00-04:00,87.46347001029473,87.87221852197611,86.48602732763327,87.17912292480469,426400,0.0,0.0
2022-10-18 00:00:00-04:00,88.73413881489117,89.86263929287554,88.72525106264507,89.27617645263672,446600,0.0,0.0
2022-10-19 00:00:00-04:00,88.6808368170622,89.96928309782649,87.57898590094034,88.60086059570312,492000,0.0,0.0
2022-10-20 00:00:00-04:00,88.83493861355446,90.28446033284624,88.4027870803428,89.14105224609375,411700,1.3,0.0
2022-10-21 00:00:00-04:00,89.15004414326084,91.40085325166288,88.49281173020505,90.97770690917969,495500,0.0,0.0
2022-10-24 00:00:00-04:00,91.26582156919375,92.80537436685043,90.34748749197213,92.16614532470703,405700,0.0,0.0
2022-10-25 00:00:00-04:00,91.45488477092668,95.85746719511285,91.45488477092668,95.7314224243164,417800,0.0,0.0
2022-10-26 00:00:00-04:00,95.73142112840243,99.04461263504024,95.73142112840243,96.42466735839844,395500,0.0,0.0
2022-10-27 00:00:00-04:00,98.64847670739304,102.01568573520503,98.16230103991346,100.33208465576172,500700,0.0,0.0
2022-10-28 00:00:00-04:00,100.57515521235203,103.8433276246251,99.39573341606555,103.42018127441406,462100,0.0,0.0
2022-10-31 00:00:00-04:00,102.77196143548818,104.29350396132746,102.02469104536735,102.8349838256836,406800,0.0,0.0
2022-11-01 00:00:00-04:00,103.7262927000095,103.7262927000095,100.39509775606095,100.74622344970703,275800,0.0,0.0
2022-11-02 00:00:00-04:00,100.08898749572487,101.46648170470019,97.57708346274195,97.69412994384766,449800,0.0,0.0
2022-11-03 00:00:00-04:00,96.86583580595564,100.81826366698205,95.93850337699664,99.32372283935547,328100,0.0,0.0
2022-11-04 00:00:00-04:00,100.38608717190728,101.56550895766493,98.54042093821728,100.30506134033203,332700,0.0,0.0
2022-11-07 00:00:00-05:00,100.26905208380126,102.10571324035574,97.67611545387744,102.05168914794922,330200,0.0,0.0
2022-11-08 00:00:00-05:00,102.3488067282703,102.97003232932536,99.7468715753683,101.20539855957031,299700,0.0,0.0
2022-11-09 00:00:00-05:00,100.09799316178817,101.15137028350905,98.79252649322041,99.22467803955078,213200,0.0,0.0
2022-11-10 00:00:00-05:00,102.17773654638768,105.91408133940958,101.67355746377551,105.51793670654297,505400,0.0,0.0
2022-11-11 00:00:00-05:00,105.73401530892687,106.57131660712655,103.53722332893534,105.78803253173828,381000,0.0,0.0
2022-11-14 00:00:00-05:00,105.15781163604314,107.30057958407411,104.43754992348369,106.57131958007812,433100,0.0,0.0
2022-11-15 00:00:00-05:00,108.03883974831794,108.80411348941696,104.35651925731317,105.43690490722656,425900,0.0,0.0
2022-11-16 00:00:00-05:00,104.85170048529362,105.06777625660477,103.64526998747104,104.33851623535156,301000,0.0,0.0
2022-11-17 00:00:00-05:00,103.51022562828048,104.43755801855512,102.64591562757037,104.14044952392578,266300,0.0,0.0
2022-11-18 00:00:00-05:00,105.73402371820586,106.23820282167642,103.88835727754736,104.78868103027344,267400,0.0,0.0
2022-11-21 00:00:00-05:00,104.65363401300974,105.22984068131434,104.05942389147543,104.90572357177734,287500,0.0,0.0
2022-11-22 00:00:00-05:00,105.03176876117449,106.95846097775988,104.05041233183434,106.92244720458984,243100,0.0,0.0
2022-11-23 00:00:00-05:00,106.19317681418943,107.10250566718207,104.28449498163711,104.60861206054688,293100,0.0,0.0
2022-11-25 00:00:00-05:00,104.6716407429687,105.94109365431822,104.01440138537279,105.6349868774414,132800,0.0,0.0
2022-11-28 00:00:00-05:00,105.2388399083702,105.91408270367701,102.4298274070809,102.60089111328125,418600,0.0,0.0
2022-11-29 00:00:00-05:00,103.57324238545782,103.66327338437901,101.88063625139465,102.26776885986328,442100,0.0,0.0
2022-11-30 00:00:00-05:00,102.03369308247342,103.92437159937272,100.4311178932071,103.35717010498047,472300,0.0,0.0
2022-12-01 00:00:00-05:00,103.58224037996894,104.17645042687992,101.5475069742779,102.24075317382812,558700,0.0,0.0
2022-12-02 00:00:00-05:00,93.6066645550781,95.227243238579,88.33977181308079,89.0150146484375,1880000,0.0,0.0
2022-12-05 00:00:00-05:00,88.42079418124759,88.69089405234531,84.26129600610797,86.85423278808594,1130000,0.0,0.0
2022-12-06 00:00:00-05:00,86.50309403646826,88.42978601099848,85.6747979643929,86.4130630493164,695800,0.0,0.0
2022-12-07 00:00:00-05:00,85.91789638962712,86.79121153278618,84.77448824077233,86.13397216796875,487600,0.0,0.0
2022-12-08 00:00:00-05:00,87.04329838134588,91.4908997999909,86.24201081217075,91.07675170898438,637100,0.0,0.0
2022-12-09 00:00:00-05:00,90.32949374251326,91.81502947247358,89.62724223680407,89.96035766601562,435000,0.0,0.0
2022-12-12 00:00:00-05:00,89.79829328931541,89.79829328931541,87.6465199711921,89.39315032958984,486000,0.0,0.0
2022-12-13 00:00:00-05:00,91.75198557028754,91.75198557028754,88.01564108558328,89.24008178710938,399800,0.0,0.0
2022-12-14 00:00:00-05:00,90.1584088787918,90.91468430922815,87.78155501557629,89.24008178710938,344700,0.0,0.0
2022-12-15 00:00:00-05:00,88.67288152406614,89.00600377427301,87.2593735542058,88.69989013671875,295200,0.0,0.0
2022-12-16 00:00:00-05:00,87.38541826991681,88.46581085780345,86.00792407411687,87.62850952148438,738000,0.0,0.0
2022-12-19 00:00:00-05:00,87.68252553918116,87.68252553918116,84.79248725528177,85.61177825927734,451000,0.0,0.0
2022-12-20 00:00:00-05:00,86.49410101610943,86.6651647239527,85.02657579969464,85.93589782714844,393300,0.0,0.0
2022-12-21 00:00:00-05:00,86.5661259715424,87.62850822264213,85.53075233267766,86.09795379638672,353100,0.0,0.0
2022-12-22 00:00:00-05:00,86.0799466242464,87.34040113582677,84.84650072373373,87.1333236694336,340300,0.0,0.0
2022-12-23 00:00:00-05:00,87.00729656977293,88.06967899064709,86.09796755530564,87.45745849609375,342500,0.0,0.0
2022-12-27 00:00:00-05:00,87.45744861677589,88.10568281648055,86.07995437686606,86.49410247802734,319700,0.0,0.0
2022-12-28 00:00:00-05:00,87.13332491269172,87.66451945732558,85.08058801516333,85.77383422851562,297100,0.0,0.0
2022-12-29 00:00:00-05:00,86.44908610993903,87.32240127331094,85.60278642979459,86.66516876220703,247500,0.0,0.0
2022-12-30 00:00:00-05:00,86.43107883941396,86.47609777387949,84.80149507185185,85.29666900634766,351500,0.0,0.0
2023-01-03 00:00:00-05:00,86.1969904435895,86.4310765324973,83.75711400324519,84.99956512451172,574400,0.0,0.0
2023-01-04 00:00:00-05:00,86.20599141094321,87.97963014004485,85.2966625808553,87.46644592285156,428100,0.0,0.0
2023-01-05 00:00:00-05:00,87.07029271371894,87.23235123309215,85.26964555131609,86.8812255859375,316600,0.0,0.0
2023-01-06 00:00:00-05:00,87.49345321275966,88.69988361537675,86.49409340453833,88.64586639404297,376000,0.0,0.0
2023-01-09 00:00:00-05:00,89.75327467656271,89.75327467656271,86.71017607865164,89.0060043334961,641500,0.0,0.0
2023-01-10 00:00:00-05:00,89.24008612674386,94.63302307639742,88.5648433630186,94.3359146118164,613100,0.0,0.0
2023-01-11 00:00:00-05:00,95.07418902348041,96.51470568601756,93.60666374679026,94.40795135498047,412600,0.0,0.0
2023-01-12 00:00:00-05:00,95.0643128584578,95.60217555878671,93.33222289296042,93.87920379638672,433000,1.3,0.0
2023-01-13 00:00:00-05:00,93.12255844960073,95.6386471075831,92.76702501430613,95.4836654663086,305400,0.0,0.0
2023-01-17 00:00:00-05:00,95.72068303024611,97.51658648182823,95.06431151950027,97.4618911743164,400600,0.0,0.0
2023-01-18 00:00:00-05:00,97.54393209666878,98.89314094668349,96.65053601346096,97.14281463623047,387100,0.0,0.0
2023-01-19 00:00:00-05:00,96.70523536770767,98.06355542451438,96.53202429588008,96.55937194824219,358200,0.0,0.0
2023-01-20 00:00:00-05:00,97.35250009739228,100.26058803001939,96.45910393592216,100.21500396728516,317300,0.0,0.0
2023-01-23 00:00:00-05:00,100.27881429197572,101.99266788692958,99.84123095116236,100.84402465820312,271000,0.0,0.0
2023-01-24 00:00:00-05:00,100.64345913049026,100.64345913049026,95.06430842586155,95.61128234863281,586300,0.0,0.0
2023-01-25 00:00:00-05:00,94.50821953446167,98.59230507753479,93.68775514465335,98.44644165039062,348700,0.0,0.0
2023-01-26 00:00:00-05:00,98.97518715286887,99.50393164894518,98.00886628118887,99.37630462646484,237600,0.0,0.0
2023-01-27 00:00:00-05:00,99.68625824068044,100.41556150472883,99.1939795807205,100.06002807617188,215500,0.0,0.0
2023-01-30 00:00:00-05:00,99.39453497506621,100.29704234365629,99.19397623645706,99.42188262939453,196700,0.0,0.0
2023-01-31 00:00:00-05:00,99.37629993662705,101.72828849359016,98.80197140741856,101.71917724609375,355700,0.0,0.0
2023-02-01 00:00:00-05:00,101.5095054237973,102.55787621614814,98.12737540719846,101.84680938720703,421000,0.0,0.0
2023-02-02 00:00:00-05:00,102.13853286360973,106.64196554465997,102.13853286360973,105.77591705322266,433500,0.0,0.0
2023-02-03 00:00:00-05:00,104.68196908417704,105.63006054068441,104.1441063646958,105.17424774169922,254100,0.0,0.0
2023-02-06 00:00:00-05:00,104.8551693260329,106.24996228147961,104.5269905216849,105.20159149169922,309500,0.0,0.0
2023-02-07 00:00:00-05:00,104.56345085450818,106.28642263787913,103.72475699326806,105.9035415649414,285600,0.0,0.0
2023-02-08 00:00:00-05:00,105.28363437052263,106.17703048292874,102.9863410110015,103.27806091308594,239300,0.0,0.0
2023-02-09 00:00:00-05:00,104.28996710209876,104.7457798892975,101.44569280612428,101.89238739013672,265700,0.0,0.0
2023-02-10 00:00:00-05:00,101.37275497619505,101.43656848434765,97.4436512131915,98.63787841796875,536400,0.0,0.0
2023-02-13 00:00:00-05:00,99.22131865424527,101.08103555708408,98.89313986447445,100.88959503173828,243300,0.0,0.0
2023-02-14 00:00:00-05:00,100.45203398746887,101.7191931020698,99.13017260360873,101.05370330810547,232700,0.0,0.0
2023-02-15 00:00:00-05:00,100.72551424478388,102.22057972652227,100.39732846048506,101.9015121459961,291000,0.0,0.0
2023-02-16 00:00:00-05:00,101.19044386910706,103.24160151510247,100.41556348276131,101.1995620727539,356700,0.0,0.0
2023-02-17 00:00:00-05:00,101.09016550124149,101.45481714408045,99.86859049615526,100.80756378173828,248500,0.0,0.0
2023-02-21 00:00:00-05:00,100.32440592790941,100.99900696391015,98.38263883507972,98.75640869140625,325900,0.0,0.0
2023-02-22 00:00:00-05:00,98.95695975549367,101.18132144713479,98.95695975549367,101.11750793457031,301700,0.0,0.0
2023-02-23 00:00:00-05:00,101.11751372650272,102.00179170494064,97.99975572522499,99.5404052734375,307300,0.0,0.0
2023-02-24 00:00:00-05:00,98.57406963886228,100.30615959986532,98.57406963886228,99.5950927734375,333400,0.0,0.0
2023-02-27 00:00:00-05:00,100.56142321618425,100.56142321618425,98.23678198199877,98.26412963867188,619700,0.0,0.0
2023-02-28 00:00:00-05:00,104.83693814525748,106.37758754886653,97.17928214187805,99.33071899414062,882000,0.0,0.0
2023-03-01 00:00:00-05:00,99.69537181609314,102.54875731555626,98.61053517384806,101.0263442993164,465300,0.0,0.0
2023-03-02 00:00:00-05:00,101.06281240309397,103.20513112607873,100.47025438478299,102.71285247802734,327900,0.0,0.0
2023-03-03 00:00:00-05:00,103.08661837553358,103.08661837553358,99.89592896562871,100.1603012084961,305600,0.0,0.0
2023-03-06 00:00:00-05:00,101.71919201746742,103.81592684599791,100.77110050385512,101.06282043457031,791400,0.0,0.0
2023-03-07 00:00:00-05:00,101.00811425170836,102.70373834001165,100.18764986137597,100.58876037597656,424900,0.0,0.0
2023-03-08 00:00:00-05:00,100.59788564378665,101.43657954384827,100.09649572653638,101.25425720214844,371900,0.0,0.0
2023-03-09 00:00:00-05:00,101.66448518931273,102.10206854333653,98.32793906609317,98.3461685180664,497900,0.0,0.0
2023-03-10 00:00:00-05:00,98.22764590588972,99.54950007569533,96.61407185939561,96.85108947753906,550700,0.0,0.0
2023-03-13 00:00:00-04:00,96.03063378815399,100.26969406126902,95.48365983956037,99.7044906616211,770300,0.0,0.0
2023-03-14 00:00:00-04:00,101.0172189425431,103.50595960581595,100.15117750377685,101.2998275756836,698900,0.0,0.0
2023-03-15 00:00:00-04:00,100.03267641689551,102.14764745179782,99.16662795610962,102.06559753417969,844200,0.0,0.0
2023-03-16 00:00:00-04:00,101.02634654756277,104.38112896183478,100.32439791088072,104.03471374511719,524200,0.0,0.0
2023-03-17 00:00:00-04:00,103.53332098656577,104.308201369552,98.90226118556009,100.92607116699219,5625500,0.0,0.0
2023-03-20 00:00:00-04:00,100.92606315110649,104.30819308504621,100.12383517616543,103.51508331298828,598400,0.0,0.0
2023-03-21 00:00:00-04:00,104.3811183573211,105.05571927087823,101.81945296214766,102.51228332519531,502700,0.0,0.0
2023-03-22 00:00:00-04:00,102.71285314715406,105.42950045480539,102.10206567352196,103.53331756591797,395300,0.0,0.0
2023-03-23 00:00:00-04:00,104.40847954091598,104.44494539977363,100.75285891346398,102.47583770751953,411700,0.0,0.0
2023-03-24 00:00:00-04:00,103.90709194369595,103.90709194369595,101.54597795495114,102.62169647216797,454100,0.0,0.0
2023-03-27 00:00:00-04:00,103.14131806734962,103.66094437227548,101.10839690892878,101.66448211669922,529800,0.0,0.0
2023-03-28 00:00:00-04:00,101.42746048602437,103.23247517739178,101.11750418281775,102.84959411621094,272800,0.0,0.0
2023-03-29 00:00:00-04:00,103.21425085919209,103.46950491267228,101.70094903477201,102.97722625732422,293000,0.0,0.0
2023-03-30 00:00:00-04:00,103.20513401921862,103.82503970949612,102.09294966708973,102.47583770751953,298700,0.0,0.0
2023-03-31 00:00:00-04:00,103.0775008861833,104.12587166201095,102.48494288635455,103.56066131591797,498800,0.0,0.0
2023-04-03 00:00:00-04:00,103.38746028335078,104.52699225743682,102.92252929048132,103.87062072753906,328100,0.0,0.0
2023-04-04 00:00:00-04:00,103.87972504364004,104.18056313395986,102.02001510656473,102.931640625,300500,0.0,0.0
2023-04-05 00:00:00-04:00,102.9225362357451,103.20513795874015,101.12663261057284,103.05016326904297,308300,0.0,0.0
2023-04-06 00:00:00-04:00,103.32363504723585,103.4148031650761,102.10206016586666,103.13219451904297,311800,0.0,0.0
2023-04-10 00:00:00-04:00,103.26894649414706,108.16437845288709,102.9498789262928,107.75414276123047,926600,0.0,0.0
2023-04-11 00:00:00-04:00,108.01851490152933,109.95116366852686,107.86354021947588,109.51358032226562,575500,0.0,0.0
2023-04-12 00:00:00-04:00,109.75059833316595,110.46166514237746,106.67841775590122,106.924560546875,381800,0.0,0.0
2023-04-13 00:00:00-04:00,107.39471183867016,107.76345045332074,105.73539158929457,106.1778793334961,375600,1.3,0.0
2023-04-14 00:00:00-04:00,106.21474541923504,107.68047232825563,104.30653080133638,104.6107406616211,398700,0.0,0.0
2023-04-17 00:00:00-04:00,104.81354364755894,105.25603137098285,98.15784326295643,99.53138732910156,1159000,0.0,0.0
2023-04-18 00:00:00-04:00,99.99231038547455,100.71134679334783,98.53579677136496,99.41154479980469,479100,0.0,0.0
2023-04-19 00:00:00-04:00,98.97828867204923,99.84481633781746,97.89051361522581,99.08890533447266,419400,0.0,0.0
2023-04-20 00:00:00-04:00,98.8399971515488,99.25482364451732,97.68769352318829,97.94580841064453,471600,0.0,0.0
2023-04-21 00:00:00-04:00,97.9181584137037,99.36545155115944,97.54941983032379,98.3329849243164,263900,0.0,0.0
2023-04-24 00:00:00-04:00,98.12096093068818,98.25001837457144,95.78869950937965,96.98709106445312,413600,0.0,0.0
2023-04-25 00:00:00-04:00,96.65523198716926,96.65523198716926,94.599526145372,94.66405487060547,349300,0.0,0.0
2023-04-26 00:00:00-04:00,94.86687236961149,95.59512219549313,94.5073471069336,94.5073471069336,381800,0.0,0.0
2023-04-27 00:00:00-04:00,94.76546243911177,97.08850368556934,94.42437799998063,96.95022583007812,340300,0.0,0.0
2023-04-28 00:00:00-04:00,97.07928941376156,98.06566119663698,95.36466077689708,97.86286163330078,348100,0.0,0.0
2023-05-01 00:00:00-04:00,97.40193206659846,99.02437063796769,95.77948646212548,95.79792022705078,327700,0.0,0.0
2023-05-02 00:00:00-04:00,95.79792588897574,96.42477943004111,93.4011354201155,95.2909164428711,341900,0.0,0.0
2023-05-03 00:00:00-04:00,95.65043132478137,96.76586050702487,94.0832940102354,94.3229751586914,382600,0.0,0.0
2023-05-04 00:00:00-04:00,94.36906916903368,95.37387464959062,93.1522367067709,94.82077026367188,278000,0.0,0.0
2023-05-05 00:00:00-04:00,96.06525801789948,96.21275627353123,93.72377595802493,95.51215362548828,287700,0.0,0.0
2023-05-08 00:00:00-04:00,95.38309048735657,95.53980209980362,92.55303293219164,93.16144561767578,522300,0.0,0.0
2023-05-09 00:00:00-04:00,91.99992956614484,93.83439507421329,91.49291312851365,91.64041137695312,556900,0.0,0.0
2023-05-10 00:00:00-04:00,92.56225783096694,93.17989094518217,89.70453894075774,90.52497863769531,498000,0.0,0.0
2023-05-11 00:00:00-04:00,90.27607427775322,90.65402620451324,88.16505322085507,90.58028411865234,490000,0.0,0.0
2023-05-12 00:00:00-04:00,90.71857089006821,93.27207284594736,90.15624611053495,93.17066955566406,771600,0.0,0.0
2023-05-15 00:00:00-04:00,93.63159371447725,98.22237497286194,93.11536388239207,98.1209716796875,1045900,0.0,0.0
2023-05-16 00:00:00-04:00,97.8444183086632,99.03359665728985,95.72417653363506,97.75223541259766,568900,0.0,0.0
2023-05-17 00:00:00-04:00,98.53579074507984,103.18187998077224,98.23158088862954,103.12657165527344,639900,0.0,0.0
2023-05-18 00:00:00-04:00,103.43078011029725,106.62036302773026,102.37066630396329,106.58348846435547,501900,0.0,0.0
2023-05-19 00:00:00-04:00,106.97987493570201,106.97987493570201,102.3061315577338,103.20953369140625,526100,0.0,0.0
2023-05-22 00:00:00-04:00,102.52737272069174,103.15422620004563,97.8259751420893,98.10252380371094,565700,0.0,0.0
2023-05-23 00:00:00-04:00,98.51736147225483,99.42076365106986,97.03319371681208,97.38349151611328,547400,0.0,0.0
2023-05-24 00:00:00-04:00,97.11615528149402,98.42517060823468,95.94541780658736,97.17147064208984,376200,0.0,0.0
2023-05-25 00:00:00-04:00,97.02397198509853,97.69692044355128,95.24481478281248,95.5029296875,339900,0.0,0.0
2023-05-26 00:00:00-04:00,95.1987297325863,96.15744735916984,94.24923250587403,94.34141540527344,400500,0.0,0.0
2023-05-30 00:00:00-04:00,94.2953233502619,94.45203497570111,91.81556337611869,92.84803009033203,413200,0.0,0.0
2023-05-31 00:00:00-04:00,92.25804828111505,92.70974937769981,89.04081117681099,90.35904693603516,716300,0.0,0.0
2023-06-01 00:00:00-04:00,89.97186865950279,91.60353458592019,89.43719807157485,91.36385345458984,402500,0.0,0.0
2023-06-02 00:00:00-04:00,92.5714731850961,94.84842654039086,91.84321636472747,94.3045425415039,480000,0.0,0.0
2023-06-05 00:00:00-04:00,93.53018307069253,93.64080675448992,89.50172692447326,89.69532012939453,1043700,0.0,0.0
2023-06-06 00:00:00-04:00,86.6071420442864,88.69050907345974,84.21957218780786,85.61155700683594,1581900,0.0,0.0
2023-06-07 00:00:00-04:00,85.27047348022461,88.88409618192819,85.27047348022461,87.57508087158203,870700,0.0,0.0
2023-06-08 00:00:00-04:00,87.28008702831518,88.68128515740233,85.81435314372806,87.75022888183594,813400,0.0,0.0
2023-06-09 00:00:00-04:00,87.43680002983724,87.43680002983724,83.21475774538239,84.06285858154297,1114500,0.0,0.0
2023-06-12 00:00:00-04:00,84.14582367540513,86.12778743217383,83.21476032304334,85.98950958251953,787900,0.0,0.0
2023-06-13 00:00:00-04:00,86.42277526855469,87.14181163349251,85.39952904672673,86.42277526855469,528200,0.0,0.0
2023-06-14 00:00:00-04:00,87.14181908740919,88.4969294448298,85.90655282313172,88.48770904541016,672100,0.0,0.0
2023-06-15 00:00:00-04:00,87.7502371673047,89.05925253558132,86.89292289845515,88.52458190917969,659500,0.0,0.0
2023-06-16 00:00:00-04:00,89.35423388613627,89.41876260875661,87.39992437761533,87.58429718017578,774000,0.0,0.0
2023-06-20 00:00:00-04:00,88.01756915447334,88.37708734720171,86.03560537846843,86.13700866699219,516600,0.0,0.0
2023-06-21 00:00:00-04:00,85.81436596171335,86.85605310713142,85.63000016535662,86.36747741699219,429500,0.0,0.0
2023-06-22 00:00:00-04:00,85.40875067053632,86.2384107316365,83.36225819752369,85.04923248291016,576900,0.0,0.0
2023-06-23 00:00:00-04:00,84.34862529627581,85.169064914105,83.26085039364452,83.38990783691406,534500,0.0,0.0
2023-06-26 00:00:00-04:00,83.19632558007737,85.41797044791151,83.03039356906444,85.38109588623047,489300,0.0,0.0
2023-06-27 00:00:00-04:00,85.38109716984494,87.1233797951224,84.4131592522003,86.86526489257812,456400,0.0,0.0
2023-06-28 00:00:00-04:00,86.83760768263474,86.96666513983168,84.79112213289592,86.06326293945312,387600,0.0,0.0
2023-06-29 00:00:00-04:00,86.01715977606293,87.33539542013615,85.37187255159489,87.10493469238281,346100,0.0,0.0
2023-06-30 00:00:00-04:00,87.57509299910942,87.6396217336793,85.7129730635891,85.8973388671875,438700,0.0,0.0
2023-07-03 00:00:00-04:00,85.57468873782628,86.97588702552721,85.39953631444963,85.87889862060547,283000,0.0,0.0
2023-07-05 00:00:00-04:00,85.76827418077369,85.76827418077369,83.05805349068991,83.58350372314453,866100,0.0,0.0
2023-07-06 00:00:00-04:00,83.15022987113922,84.19191688821623,82.20995317259977,83.87848663330078,617800,0.0,0.0
2023-07-07 00:00:00-04:00,84.10894904360812,86.12778736081899,84.10894904360812,85.5931167602539,447000,0.0,0.0
2023-07-10 00:00:00-04:00,85.54703759483273,88.02679060933129,85.54703759483273,87.0772933959961,666500,0.0,0.0
2023-07-11 00:00:00-04:00,87.62117170160266,88.96706151072871,87.49211425641957,88.93940734863281,460000,0.0,0.0
2023-07-12 00:00:00-04:00,89.75983812360376,90.05482754536418,88.19270110610569,88.95783233642578,497500,0.0,0.0
2023-07-13 00:00:00-04:00,89.02237592757751,90.22077460984224,88.82878974655391,89.43720245361328,334700,0.0,0.0
2023-07-14 00:00:00-04:00,89.4187671093527,89.56626535882488,86.4780858167097,86.69933319091797,483700,0.0,0.0
2023-07-17 00:00:00-04:00,86.67167765752743,87.5935206776518,85.41797762061405,85.46406555175781,613500,0.0,0.0
2023-07-18 00:00:00-04:00,85.81435490149833,90.89371141055037,85.06766437945544,89.86125183105469,869400,0.0,0.0
2023-07-19 00:00:00-04:00,90.33138875318755,90.61716485036234,88.72738398853397,90.05484008789062,630700,0.0,0.0
2023-07-20 00:00:00-04:00,89.82127755796408,91.46560501151707,88.52263472692974,90.9424057006836,712000,1.3,0.0
2023-07-21 00:00:00-04:00,91.55901623598017,91.87666654435876,89.59703874222927,89.7932357788086,563700,0.0,0.0
2023-07-24 00:00:00-04:00,90.19498494361,90.58737906174879,89.2046548946049,89.24201965332031,359100,0.0,0.0
2023-07-25 00:00:00-04:00,88.59737784427303,89.15794191145925,86.89699613463144,87.1585922241211,462300,0.0,0.0
2023-07-26 00:00:00-04:00,87.54163162947404,89.65309674084429,87.54163162947404,89.50361633300781,364200,0.0,0.0
2023-07-27 00:00:00-04:00,89.77455220088166,90.43789424715366,88.36380096929344,88.75619506835938,342200,0.0,0.0
2023-07-28 00:00:00-04:00,88.99911446815915,89.7091589421487,87.30807042762513,87.5883560180664,308100,0.0,0.0
2023-07-31 00:00:00-04:00,87.55097601660955,88.89633532130628,86.90632349511603,87.07449340820312,575300,0.0,0.0
2023-08-01 00:00:00-04:00,86.88764893858271,87.1866169078767,85.57966139993705,86.62605285644531,416800,0.0,0.0
2023-08-02 00:00:00-04:00,86.04680355262916,87.22399310842032,85.45821233871308,87.11187744140625,299300,0.0,0.0
2023-08-03 00:00:00-04:00,86.31773782889763,87.26135835252258,85.59834862222573,86.1589126586914,423600,0.0,0.0
2023-08-04 00:00:00-04:00,86.8783041723766,86.88764892615407,84.5239323055181,84.57998657226562,481800,0.0,0.0
2023-08-07 00:00:00-04:00,84.80420296176581,85.71045153988507,84.35575461314386,84.51457977294922,552000,0.0,0.0
2023-08-08 00:00:00-04:00,84.32773974514113,85.01910187444545,83.41214628096051,84.61736297607422,448800,0.0,0.0
2023-08-09 00:00:00-04:00,83.98204242382599,84.62669494023703,83.38410654377672,83.48687744140625,294400,0.0,0.0
2023-08-10 00:00:00-04:00,83.39345776165779,84.74815478567551,81.95467221126157,82.13218688964844,575900,0.0,0.0
2023-08-11 00:00:00-04:00,82.15085987028013,82.83288424503446,81.04841429560773,81.60897827148438,608000,0.0,0.0
2023-08-14 00:00:00-04:00,81.05776791451672,81.44081727421462,77.90925599914347,80.46916961669922,987100,0.0,0.0
2023-08-15 00:00:00-04:00,80.11415019282529,80.54391620730931,79.17987438882733,80.3010025024414,433300,0.0,0.0
2023-08-16 00:00:00-04:00,79.98334348981197,80.78682116448542,79.4508066243152,80.16085815429688,491900,0.0,0.0
2023-08-17 00:00:00-04:00,80.12348797251941,80.49719968718142,78.26427415226442,78.38573455810547,496900,0.0,0.0
2023-08-18 00:00:00-04:00,77.95597115581312,79.79649553074817,77.8812273848204,79.49752044677734,359000,0.0,0.0
2023-08-21 00:00:00-04:00,79.4321267724117,79.92729894257904,77.51686562560592,77.61963653564453,524700,0.0,0.0
2023-08-22 00:00:00-04:00,77.75043111207479,78.40442130319039,76.86286484932252,78.04005432128906,350600,0.0,0.0
2023-08-23 00:00:00-04:00,78.10545120220092,78.16151259416074,77.04037741842224,77.12446594238281,279700,0.0,0.0
2023-08-24 00:00:00-04:00,76.88156184105678,78.08677856312175,76.20888207730339,76.24625396728516,397000,0.0,0.0
2023-08-25 00:00:00-04:00,76.6479817771376,76.84417882516603,75.26525055984823,75.3213119506836,332400,0.0,0.0
2023-08-28 00:00:00-04:00,75.25591120250067,76.15281502768282,74.95694326077327,75.6296157836914,438800,0.0,0.0
2023-08-29 00:00:00-04:00,75.49882346407898,76.94695377355703,75.48014108478984,76.82550048828125,378900,0.0,0.0
2023-08-30 00:00:00-04:00,76.71338413686959,78.46048239492835,76.36769953549027,78.22691345214844,333000,0.0,0.0
2023-08-31 00:00:00-04:00,78.38573851182569,78.6286522078021,76.9562977245048,77.0123519897461,268600,0.0,0.0
2023-09-01 00:00:00-04:00,77.32066617743503,77.5729175037847,75.25591754219857,75.93793487548828,379400,0.0,0.0
2023-09-05 00:00:00-04:00,75.47079909062633,75.47079909062633,71.44407261450407,71.66829681396484,772500,0.0,0.0
2023-09-06 00:00:00-04:00,71.45341625580572,71.97660842238669,69.27655193306053,69.99594116210938,812500,0.0,0.0
2023-09-07 00:00:00-04:00,69.99594557783013,72.05135674241644,69.51947002233182,71.76172637939453,492100,0.0,0.0
2023-09-08 00:00:00-04:00,71.12640390655173,71.85514491372145,69.78105179414395,69.84645080566406,427300,0.0,0.0
2023-09-11 00:00:00-04:00,70.1827996966754,70.43505102290378,69.01495496273954,69.60354614257812,594900,0.0,0.0
2023-09-12 00:00:00-04:00,69.24851879693831,70.35096442949904,68.92151659321183,69.30457305908203,766800,0.0,0.0
2023-09-13 00:00:00-04:00,70.36965575997027,73.15380089062118,66.42701058723085,67.20246124267578,1928100,0.0,0.0
2023-09-14 00:00:00-04:00,67.19310521071851,68.45437595342408,64.19408113256698,65.89446258544922,1376200,0.0,0.0
2023-09-15 00:00:00-04:00,65.89446981876338,66.22146491714349,64.33423097223644,64.86676788330078,1082300,0.0,0.0
2023-09-18 00:00:00-04:00,65.34324708557448,65.47404511803511,64.02591487984621,64.7733383178711,663000,0.0,0.0
2023-09-19 00:00:00-04:00,64.4743650753146,65.11901043153262,63.87642922516471,64.40896606445312,477500,0.0,0.0
2023-09-20 00:00:00-04:00,64.46502701559558,65.62352695454027,64.43699988345344,64.84808349609375,390900,0.0,0.0
2023-09-21 00:00:00-04:00,64.47435919179394,66.06262481232747,64.14736416732609,64.614501953125,478500,0.0,0.0
2023-09-22 00:00:00-04:00,64.52107820247932,64.91347941762832,61.923792871132086,62.3629035949707,671800,0.0,0.0
2023-09-25 00:00:00-04:00,62.02656445627326,62.157362486785395,59.616134952886306,59.74693298339844,703600,0.0,0.0
2023-09-26 00:00:00-04:00,59.532052090654986,60.09261611657163,58.915430236555025,59.5413932800293,662200,0.0,0.0
2023-09-27 00:00:00-04:00,59.62548258482762,59.87773392008458,58.56974990964859,59.064918518066406,513400,0.0,0.0
2023-09-28 00:00:00-04:00,59.008852994371864,62.129333970961255,58.887396155612265,61.811683654785156,589500,0.0,0.0
2023-09-29 00:00:00-04:00,62.40027965013315,63.427981573459796,62.29750874500464,62.783329010009766,607800,0.0,0.0
2023-10-02 00:00:00-04:00,62.51239443420391,62.830044770732584,60.89609423539863,61.55942916870117,608600,0.0,0.0
2023-10-03 00:00:00-04:00,61.40060525221909,61.63417419664904,59.625479848959756,59.81233215332031,468200,0.0,0.0
2023-10-04 00:00:00-04:00,60.41961647916433,62.5684537487291,60.21407465519357,62.40028381347656,655000,0.0,0.0
2023-10-05 00:00:00-04:00,62.587127161914275,63.37192245663725,61.70891285071879,62.93281173706055,570200,0.0,0.0
2023-10-06 00:00:00-04:00,62.59647448892767,63.42797932608124,60.60646973168791,62.40962219238281,664900,0.0,0.0
2023-10-09 00:00:00-04:00,61.91445918083095,63.222446833131514,61.30718556365503,62.83939743041992,327100,0.0,0.0
2023-10-10 00:00:00-04:00,62.88610362503846,64.09132029704367,62.521736622799544,63.9324951171875,373600,0.0,0.0
2023-10-11 00:00:00-04:00,63.94183008792891,63.96985721797305,62.23210387565888,62.98886489868164,365000,0.0,0.0
2023-10-12 00:00:00-04:00,63.418638343353244,63.45601023047576,62.045258913383506,62.63385009765625,495700,0.0,0.0
2023-10-13 00:00:00-04:00,62.755306514566406,63.92315131554297,62.56845419759375,63.20376205444336,464400,0.0,0.0
2023-10-16 00:00:00-04:00,63.670902667840885,65.79170577981327,63.100993810622896,65.37128448486328,640300,0.0,0.0
2023-10-17 00:00:00-04:00,65.39931120447044,67.07166587491129,65.06297131946785,66.9688949584961,560100,0.0,0.0
2023-10-18 00:00:00-04:00,66.80072139389868,68.11805372672309,65.88512795037971,67.32391357421875,726600,0.0,0.0
2023-10-19 00:00:00-04:00,66.33441367843238,68.14215155853267,65.96335257122756,66.54373168945312,623200,1.3,0.0
2023-10-20 00:00:00-04:00,66.48664256349197,66.48664256349197,64.30784350331757,64.66939544677734,594900,0.0,0.0
2023-10-23 00:00:00-04:00,64.36493539495972,65.60180338441789,63.91775730887296,64.80259704589844,443900,0.0,0.0
2023-10-24 00:00:00-04:00,65.44006441469045,65.55423986693881,64.33639741194409,64.51716613769531,352400,0.0,0.0
2023-10-25 00:00:00-04:00,64.06998452765089,64.26027693768229,62.63331494120809,63.6513557434082,396400,0.0,0.0
2023-10-26 00:00:00-04:00,63.74649748912251,63.8796985449539,61.41547175316014,61.8150749206543,510300,0.0,0.0
2023-10-27 00:00:00-04:00,62.062450049972554,62.69039683374642,61.053918459497915,61.48207092285156,436600,0.0,0.0
2023-10-30 00:00:00-04:00,62.23370652328869,62.69039375104683,60.42596507491761,61.329833984375,601600,0.0,0.0
2023-10-31 00:00:00-04:00,61.729442259817475,63.803582343996396,61.386923181042,63.137577056884766,621300,0.0,0.0
2023-11-01 00:00:00-04:00,63.099518232769064,63.56572193121927,61.44401420027322,62.55719757080078,349600,0.0,0.0
2023-11-02 00:00:00-04:00,63.451551987524844,64.28881678629565,62.823597944262005,64.05095672607422,374000,0.0,0.0
2023-11-03 00:00:00-04:00,64.74550243285037,66.33440567548604,64.69792752375342,65.35442352294922,355400,0.0,0.0
2023-11-06 00:00:00-05:00,64.9833768839894,65.22123696444483,62.94729517600398,63.00437927246094,463700,0.0,0.0
2023-11-07 00:00:00-05:00,63.10903320839205,63.58475333100816,61.52963891702833,61.71041488647461,449400,0.0,0.0
2023-11-08 00:00:00-05:00,61.89118799219673,62.75699480066214,61.529636070033284,61.65332794189453,327500,0.0,0.0
2023-11-09 00:00:00-05:00,62.243218738694424,62.243218738694424,61.01585995841859,61.130035400390625,331700,0.0,0.0
2023-11-10 00:00:00-05:00,61.25372006749938,62.89971487741402,60.95877591580945,62.76651382446289,445000,0.0,0.0
2023-11-13 00:00:00-05:00,62.776027325471105,65.1355949465401,62.728452412106456,64.44104766845703,682700,0.0,0.0
2023-11-14 00:00:00-05:00,66.19169035290398,69.03649434345512,66.19169035290398,69.02698516845703,808000,0.0,0.0
2023-11-15 00:00:00-05:00,69.01746963739828,70.8252073816542,68.77009316488015,70.3494873046875,662300,0.0,0.0
2023-11-16 00:00:00-05:00,70.56832991569895,71.50074466449072,69.65494803914122,70.83473205566406,588700,0.0,0.0
2023-11-17 00:00:00-05:00,71.74811316236985,73.62244436850095,71.3009350807912,72.59489440917969,855100,0.0,0.0
2023-11-20 00:00:00-05:00,72.48072112221664,73.67953791249843,71.87179992119708,73.12770080566406,621800,0.0,0.0
2023-11-21 00:00:00-05:00,72.20479436854372,72.92789093472527,71.12015314872762,72.480712890625,381300,0.0,0.0
2023-11-22 00:00:00-05:00,73.16575426414609,74.6595151170329,72.81371877004574,73.47021484375,424200,0.0,0.0
2023-11-24 00:00:00-05:00,73.584387362006,75.16378170230752,73.584387362006,74.53582763671875,353300,0.0,0.0
2023-11-27 00:00:00-05:00,73.70807935439487,73.8507968475993,72.13820144697264,72.83275604248047,896800,0.0,0.0
2023-11-28 00:00:00-05:00,72.72810153544282,72.83276055301337,71.35802513009266,71.49122619628906,616300,0.0,0.0
2023-11-29 00:00:00-05:00,72.38557519611255,72.6614937367622,70.62541220402224,71.46267700195312,813700,0.0,0.0
2023-11-30 00:00:00-05:00,66.8006197801441,68.43709818868724,63.25175167551536,63.870182037353516,2009800,0.0,0.0
2023-12-01 00:00:00-05:00,63.756010613982795,68.96038973303807,63.756010613982795,68.8462142944336,1305700,0.0,0.0
2023-12-04 00:00:00-05:00,68.5036929812371,72.33799574639978,68.49417654693865,70.04502868652344,914900,0.0,0.0
2023-12-05 00:00:00-05:00,70.0164786104264,70.0164786104264,67.01944788272392,67.15264892578125,503800,0.0,0.0
2023-12-06 00:00:00-05:00,67.9328306776366,70.1687136611588,67.9328306776366,69.5027084350586,508000,0.0,0.0
2023-12-07 00:00:00-05:00,69.41708235854928,70.40658112653232,68.636901614801,70.36852264404297,384200,0.0,0.0
2023-12-08 00:00:00-05:00,69.8737700823807,70.40657426749893,69.50270898790014,69.63591003417969,309400,0.0,0.0
2023-12-11 00:00:00-05:00,69.75959589025331,70.84423714868234,68.89378907399384,70.22579956054688,456400,0.0,0.0
2023-12-12 00:00:00-05:00,70.3494939531584,70.85375612097309,69.19825212916885,70.0545425415039,486700,0.0,0.0
2023-12-13 00:00:00-05:00,69.91182663796948,73.8317554787854,69.24581416598032,73.56535339355469,630400,0.0,0.0
2023-12-14 00:00:00-05:00,74.4311755514267,76.11522163620596,74.13622413152544,75.94396209716797,870300,0.0,0.0
2023-12-15 00:00:00-05:00,75.66803909388891,77.15228350558091,74.52631374011241,76.419677734375,972300,0.0,0.0
2023-12-18 00:00:00-05:00,76.78121916319918,77.73265933750854,75.37309177021233,75.5919189453125,439100,0.0,0.0
2023-12-19 00:00:00-05:00,76.41967673762987,77.54237646639554,76.21035873175467,76.66705322265625,376200,0.0,0.0
2023-12-20 00:00:00-05:00,76.43870130939827,77.41869080167555,74.54533736555055,74.66902923583984,423300,0.0,0.0
2023-12-21 00:00:00-05:00,75.93445077371135,76.80978139822712,74.64049133807623,75.76319122314453,278800,0.0,0.0
2023-12-22 00:00:00-05:00,75.89638257373824,76.78122226191253,74.8402906158329,76.09619140625,335800,0.0,0.0
2023-12-26 00:00:00-05:00,76.11522249661542,79.0742023518844,76.0295963555851,78.64605712890625,452500,0.0,0.0
2023-12-27 00:00:00-05:00,79.18837026541797,79.46428153287629,78.0180956369423,78.96953582763672,445700,0.0,0.0
2023-12-28 00:00:00-05:00,78.41769191113865,78.47478325364376,74.82124946652975,75.09716796875,653900,0.0,0.0
2023-12-29 00:00:00-05:00,74.96397513522592,75.46823728589537,72.7946926144299,73.3370132446289,694700,0.0,0.0
2024-01-02 00:00:00-05:00,72.80420335399887,75.20183680347468,72.1477145300222,73.57487487792969,457300,0.0,0.0
2024-01-03 00:00:00-05:00,73.36556043777941,73.36556043777941,70.52075603826074,70.58735656738281,537200,0.0,0.0
2024-01-04 00:00:00-05:00,70.97743634264704,71.50073134791361,70.16871363725441,71.04403686523438,461200,0.0,0.0
2024-01-05 00:00:00-05:00,70.52075603826074,72.233344183791,70.47318112078216,70.58735656738281,523500,0.0,0.0
2024-01-08 00:00:00-05:00,70.9203582360878,73.42264352024957,70.31143704709851,73.21332550048828,391600,0.0,0.0
2024-01-09 00:00:00-05:00,72.06207824574702,72.56634038703382,71.5197576256388,71.6910171508789,322200,0.0,0.0
2024-01-10 00:00:00-05:00,71.70053621473797,72.59489235255802,71.36753358647928,72.38557434082031,342800,0.0,0.0
2024-01-11 00:00:00-05:00,72.55684496940184,72.55684496940184,69.38854678115841,69.58834838867188,540200,0.0,0.0
2024-01-12 00:00:00-05:00,70.06406591093729,70.21629984929876,67.82818256837757,68.57030487060547,551300,0.0,0.0
2024-01-16 00:00:00-05:00,68.4751538070633,69.28387654242525,67.09556113246906,69.14115905761719,515700,0.0,0.0
2024-01-17 00:00:00-05:00,68.14215219462974,69.51222119597814,67.71399973384162,69.24581909179688,682700,0.0,0.0
2024-01-18 00:00:00-05:00,69.55581883517677,70.7183086232974,68.72269844368272,70.66986846923828,541000,1.3,0.0
2024-01-19 00:00:00-05:00,71.1542421617134,72.03580272852193,69.82706764327992,71.21237182617188,599700,0.0,0.0
2024-01-22 00:00:00-05:00,71.45455964596594,73.9829820820706,71.00893829202626,73.54704284667969,608400,0.0,0.0
2024-01-23 00:00:00-05:00,73.86673229239373,75.4457824006634,73.02392232550295,73.1595458984375,701400,0.0,0.0
2024-01-24 00:00:00-05:00,73.80860181368634,73.80860181368634,71.33830185516328,71.97767639160156,655700,0.0,0.0
2024-01-25 00:00:00-05:00,72.77204991891782,73.04329704883295,70.53424631525792,72.12298583984375,550400,0.0,0.0
2024-01-26 00:00:00-05:00,73.24673207013569,74.44797252195276,72.6461081487622,74.25422668457031,512200,0.0,0.0
2024-01-29 00:00:00-05:00,73.97329025321245,76.96670557742816,73.22735325625484,76.35639953613281,650900,0.0,0.0
2024-01-30 00:00:00-05:00,75.75577695450262,76.12390440037733,74.19609854153374,75.99796295166016,404500,0.0,0.0
2024-01-31 00:00:00-05:00,76.11421132256481,77.29608011583277,74.70953556127867,74.93234252929688,401900,0.0,0.0
2024-02-01 00:00:00-05:00,75.91077818714524,79.03013495747739,75.90108867797123,78.76856994628906,586500,0.0,0.0
2024-02-02 00:00:00-05:00,78.25513583642457,80.3863769810808,76.57921292604073,79.71794128417969,462500,0.0,0.0
2024-02-05 00:00:00-05:00,78.45857689438753,78.45857689438753,74.87422694094073,76.1723403930664,566700,0.0,0.0
2024-02-06 00:00:00-05:00,75.96890616915213,76.35640526500197,74.796726762631,74.92266082763672,436600,0.0,0.0
2024-02-07 00:00:00-05:00,75.45546890457327,76.31765046571002,74.22516728741155,75.6879653930664,468500,0.0,0.0
2024-02-08 00:00:00-05:00,76.25952888901962,78.24544965515086,75.85265818270163,78.07107543945312,508700,0.0,0.0
2024-02-09 00:00:00-05:00,77.94513923992939,78.11951345083916,75.61047010650795,76.34671020507812,466800,0.0,0.0
2024-02-12 00:00:00-05:00,75.89139896596286,77.20889135476737,74.16703588409725,74.25422668457031,666200,0.0,0.0
2024-02-13 00:00:00-05:00,72.6073623892448,75.0292224741553,71.92924452184204,72.54924011230469,673100,0.0,0.0
2024-02-14 00:00:00-05:00,73.3629818831186,73.77954207326756,70.42768153434066,70.7086181640625,559500,0.0,0.0
2024-02-15 00:00:00-05:00,71.16393093591351,72.21017619419969,70.78612138002072,70.94112396240234,417100,0.0,0.0
2024-02-16 00:00:00-05:00,70.35018597321074,70.9217413370815,69.19737834590113,69.26519012451172,540900,0.0,0.0
2024-02-20 00:00:00-05:00,69.43956929078384,70.85393462503454,68.80019471165306,69.37175750732422,508000,0.0,0.0
2024-02-21 00:00:00-05:00,69.77863008130429,69.90457153320312,68.6839520072321,69.90457153320312,408200,0.0,0.0
2024-02-22 00:00:00-05:00,69.90456391766155,70.33080621115887,68.69363403320312,68.69363403320312,568700,0.0,0.0
2024-02-23 00:00:00-05:00,68.29644166307797,69.13925147625042,67.47301086589334,68.23831939697266,538900,0.0,0.0
2024-02-26 00:00:00-05:00,68.91644451806954,70.9023725865325,68.42238303047922,70.05956268310547,1123700,0.0,0.0
2024-02-27 00:00:00-05:00,71.68705376611845,71.88079960370897,67.0855199095095,67.90895080566406,1259600,0.0,0.0
2024-02-28 00:00:00-05:00,67.08551241841009,67.9089432226163,63.9758455094646,64.26646423339844,1264100,0.0,0.0
2024-02-29 00:00:00-05:00,64.7992815210885,65.08990765930685,63.41397739198325,64.06303405761719,1014100,0.0,0.0
2024-03-01 00:00:00-05:00,63.97585387419189,65.00272013669144,62.82304616301819,64.23741149902344,634800,0.0,0.0
2024-03-04 00:00:00-05:00,64.89615044004013,67.17269707944385,64.27615494822624,65.43865203857422,645200,0.0,0.0
2024-03-05 00:00:00-05:00,65.1480403448072,66.82397088003637,64.6636682976339,66.36865997314453,514400,0.0,0.0
2024-03-06 00:00:00-05:00,66.17490132429577,67.40521036272676,65.5839668836504,66.88208770751953,503200,0.0,0.0
2024-03-07 00:00:00-05:00,66.90145111083984,67.29863965595386,65.86489543747538,66.90145111083984,446100,0.0,0.0
2024-03-08 00:00:00-05:00,67.47301388331854,69.23612747967478,67.40520210618674,68.72269439697266,694700,0.0,0.0
2024-03-11 00:00:00-04:00,68.25769407510202,68.80018829216084,66.0005190219504,66.30083465576172,569700,0.0,0.0
2024-03-12 00:00:00-04:00,66.2136470017227,66.41708234276696,64.24709798069846,64.36334991455078,622300,0.0,0.0
2024-03-13 00:00:00-04:00,64.37303126077904,65.45802712427081,64.16959592217366,64.39241027832031,531500,0.0,0.0
2024-03-14 00:00:00-04:00,64.41178559960363,65.51615315305374,63.73366776535534,65.4483413696289,484600,0.0,0.0
2024-03-15 00:00:00-04:00,64.80897363299275,66.08771538884052,64.80897363299275,65.16740417480469,713200,0.0,0.0
2024-03-18 00:00:00-04:00,64.28585261025832,64.84772590564592,62.60992223358293,62.697113037109375,675700,0.0,0.0
2024-03-19 00:00:00-04:00,62.600234370654356,63.79178524571095,62.42586017053272,63.37522506713867,427000,0.0,0.0
2024-03-20 00:00:00-04:00,63.53991777673412,66.23303240532881,62.96836234311249,66.22334289550781,485000,0.0,0.0
2024-03-21 00:00:00-04:00,65.91334287753358,65.91334287753358,63.8305417920601,63.898353576660156,702100,0.0,0.0
2024-03-22 00:00:00-04:00,64.23741405685526,64.74116508975025,63.35586083568456,63.840232849121094,685600,0.0,0.0
2024-03-25 00:00:00-04:00,63.840232849121094,64.63460265551979,62.939300608491926,63.840232849121094,583100,0.0,0.0
2024-03-26 00:00:00-04:00,64.16959766474567,66.79489290222567,64.06303523816388,66.73677062988281,655700,0.0,0.0
2024-03-27 00:00:00-04:00,67.18239339160598,70.46643488553121,67.00801917994048,70.30175018310547,957200,0.0,0.0
2024-03-28 00:00:00-04:00,70.27269286090016,71.89049361804683,70.01112783373848,70.45675659179688,617300,0.0,0.0
2024-04-01 00:00:00-04:00,70.70862001122175,70.9120553571769,68.81957223383115,69.12957000732422,704500,0.0,0.0
2024-04-02 00:00:00-04:00,69.0423795847286,69.6623825260358,68.12207576833643,69.42019653320312,847600,0.0,0.0
2024-04-03 00:00:00-04:00,69.42987757101046,69.72050371425907,67.30833333264316,67.94770050048828,558700,0.0,0.0
2024-04-04 00:00:00-04:00,68.38363589557972,68.90675854618793,63.12336303370148,63.588356018066406,1175200,0.0,0.0
2024-04-05 00:00:00-04:00,63.12335954030794,63.46241844575352,61.815552986164455,62.22242736816406,853700,0.0,0.0
2024-04-08 00:00:00-04:00,62.72617103904513,64.83803315499303,62.59054747672158,64.33428955078125,827200,0.0,0.0
2024-04-09 00:00:00-04:00,64.42147298486317,64.48928476605215,63.01679720697869,63.2686653137207,807600,0.0,0.0
2024-04-10 00:00:00-04:00,61.75742436840375,62.19335617227951,59.85868718845927,60.50774383544922,1529100,0.0,0.0
2024-04-11 00:00:00-04:00,60.69572092941766,60.87380159057314,57.955265389000616,58.16302490234375,1374900,1.3,0.0
2024-04-12 00:00:00-04:00,57.89590541404518,59.26118926035249,56.18435570317419,58.52907943725586,1335800,0.0,0.0
2024-04-15 00:00:00-04:00,58.48950412048591,60.46817479630492,58.48950412048591,60.191162109375,993100,0.0,0.0
2024-04-16 00:00:00-04:00,59.56788071521043,59.835001713477745,58.64779853473907,59.449161529541016,721500,0.0,0.0
2024-04-17 00:00:00-04:00,58.94460320091819,59.370013938247716,54.28483073642596,55.274166107177734,1436400,0.0,0.0
2024-04-18 00:00:00-04:00,55.274165339582545,55.90733936422838,54.799284821098176,55.77872848510742,772000,0.0,0.0
2024-04-19 00:00:00-04:00,55.49182017484567,58.093773213435014,55.49182017484567,58.0739860534668,801100,0.0,0.0
2024-04-22 00:00:00-04:00,58.37078627953206,59.30076015991653,57.79696995881629,58.964385986328125,749200,0.0,0.0
2024-04-23 00:00:00-04:00,58.895131458068214,60.408817091399825,58.736837954963285,60.191162109375,555400,0.0,0.0
2024-04-24 00:00:00-04:00,59.92404113217513,60.764974660029694,59.65692013798237,60.41870880126953,388200,0.0,0.0
2024-04-25 00:00:00-04:00,60.32966708892135,61.63558940351674,59.93393522711305,60.04275894165039,563400,0.0,0.0
2024-04-26 00:00:00-04:00,59.75585424685696,60.35934561591844,58.63790428958494,58.68737030029297,481500,0.0,0.0
2024-04-29 00:00:00-04:00,59.07321496324865,60.309884195140555,58.242173088456695,58.64780044555664,515700,0.0,0.0
2024-04-30 00:00:00-04:00,58.18281432067101,58.3312123613854,57.203370646290374,57.56942367553711,505800,0.0,0.0
2024-05-01 00:00:00-04:00,57.559531708737666,57.7573995360976,55.15544647524955,55.758941650390625,639800,0.0,0.0
2024-05-02 00:00:00-04:00,56.39211358377797,56.83731523529496,55.808405590458975,56.570194244384766,435300,0.0,0.0
2024-05-03 00:00:00-04:00,57.96515832337758,58.825879021389774,55.462141094875015,55.57096481323242,623400,0.0,0.0
2024-05-06 00:00:00-04:00,56.085419272557154,56.59987410413403,54.077069732643714,54.908111572265625,932400,0.0,0.0
2024-05-07 00:00:00-04:00,54.81907125718385,54.91800328197269,52.820613409527624,53.077842712402344,926100,0.0,0.0
2024-05-08 00:00:00-04:00,52.75135975052082,53.3449594418051,51.79170326806361,53.33506774902344,686400,0.0,0.0
2024-05-09 00:00:00-04:00,53.4142153903671,53.81984271911049,53.01847975422073,53.1668815612793,515700,0.0,0.0
2024-05-10 00:00:00-04:00,53.69123202317239,55.798517458830055,53.43400270853962,55.66990280151367,821700,0.0,0.0
2024-05-13 00:00:00-04:00,55.70947240558165,57.88600705824452,55.65011092861251,56.41189956665039,982900,0.0,0.0
2024-05-14 00:00:00-04:00,57.38145094328692,59.07321350498922,56.19424775517456,56.67902374267578,885900,0.0,0.0
2024-05-15 00:00:00-04:00,57.312198067066916,57.430917254289184,55.17523382699153,55.97659683227539,807600,0.0,0.0
2024-05-16 00:00:00-04:00,55.97659309479399,57.717821562515795,55.31373648119663,56.65923309326172,1059400,0.0,0.0
2024-05-17 00:00:00-04:00,49.60527428139154,51.18821311972098,47.66617788410249,48.457645416259766,5602900,0.0,0.0
2024-05-20 00:00:00-04:00,48.45764504907227,48.47743220897813,47.2803373397853,47.79479217529297,1597200,0.0,0.0
2024-05-21 00:00:00-04:00,47.567246036438256,48.04212655751565,46.29100251315939,46.38993453979492,1201600,0.0,0.0
2024-05-22 00:00:00-04:00,46.35036071891999,47.26055122463602,45.727082151174,46.13270950317383,870200,0.0,0.0
2024-05-23 00:00:00-04:00,46.15249335398827,46.15249335398827,44.86635444200703,45.18294143676758,1050400,0.0,0.0
2024-05-24 00:00:00-04:00,45.36102292812134,45.78643741779002,44.91582505317878,45.13347625732422,825500,0.0,0.0
2024-05-28 00:00:00-04:00,45.38080921201559,46.835133312550674,45.163158012068635,46.103023529052734,1346300,0.0,0.0
2024-05-29 00:00:00-04:00,45.459963081304096,45.59846943558377,44.836680713030454,44.87625503540039,1095600,0.0,0.0
2024-05-30 00:00:00-04:00,44.81688999098068,47.79479146744903,42.917367956328874,47.606815338134766,1631600,0.0,0.0
2024-05-31 00:00:00-04:00,47.082469363584536,48.67529987775102,45.915053350991016,48.2597770690918,1136400,0.0,0.0
2024-06-03 00:00:00-04:00,47.84425787534547,50.33738339696563,47.78489639601588,50.09994125366211,1243700,0.0,0.0
2024-06-04 00:00:00-04:00,50.00100829603116,50.822154654357135,49.17985816369042,50.61439514160156,863300,0.0,0.0
2024-06-05 00:00:00-04:00,50.99034450910161,51.58394420558809,50.40663650548348,51.2475700378418,605900,0.0,0.0
2024-06-06 00:00:00-04:00,50.80236530245409,51.01012858025792,49.64484483218733,50.28791427612305,544400,0.0,0.0
2024-06-07 00:00:00-04:00,49.77346201078501,49.882285727349526,47.73542986415703,47.84425735473633,556400,0.0,0.0
2024-06-10 00:00:00-04:00,47.260551016619374,47.36937851102092,45.65782877601772,45.68750762939453,821900,0.0,0.0
2024-06-11 00:00:00-04:00,45.17304967941824,46.24153361571114,44.37168672719857,45.8754768371582,913800,0.0,0.0
2024-06-12 00:00:00-04:00,46.69662810318353,47.9530844190408,46.59769230625692,47.181400299072266,618600,0.0,0.0
2024-06-13 00:00:00-04:00,47.01321506510281,47.092359928561635,45.380810270350345,46.7263069152832,562300,0.0,0.0
2024-06-14 00:00:00-04:00,46.31079141219083,46.419615135970126,43.61979791769458,43.77809143066406,762300,0.0,0.0
2024-06-17 00:00:00-04:00,43.9165974692603,44.51020096916969,42.42270268715097,44.48051834106445,970100,0.0,0.0
2024-06-18 00:00:00-04:00,44.658596509879615,44.7872111604182,42.491953480420136,42.79864501953125,819300,0.0,0.0
2024-06-20 00:00:00-04:00,42.778863581842735,44.60913252909061,42.54142142957619,44.51020050048828,778700,0.0,0.0
2024-06-21 00:00:00-04:00,44.69816996784738,45.13347614910928,43.8374492979368,43.99574279785156,1012900,0.0,0.0
2024-06-24 00:00:00-04:00,43.926490346486304,44.18371587280243,42.90747238596735,43.03608703613281,831000,0.0,0.0
2024-06-25 00:00:00-04:00,43.154809289747234,43.154809289747234,40.533072732098745,40.5726432800293,1142800,0.0,0.0
2024-06-26 00:00:00-04:00,40.50338599651109,41.225600315716875,40.11754583170393,40.81997299194336,913100,0.0,0.0
2024-06-27 00:00:00-04:00,40.8694466429775,41.3641143418922,39.880111245148115,41.27507400512695,752700,0.0,0.0
2024-06-28 00:00:00-04:00,41.374002581360216,42.244618715494376,41.205817389296705,41.71037673950195,1416600,0.0,0.0
2024-07-01 00:00:00-04:00,42.03685868561677,42.05664207054413,39.682239607720156,40.3648796081543,911100,0.0,0.0
2024-07-02 00:00:00-04:00,40.364878098536245,40.85954573154285,39.899893089839914,40.22637176513672,519400,0.0,0.0
2024-07-03 00:00:00-04:00,40.57263858009996,40.57263858009996,38.979811933459935,39.01938247680664,399100,0.0,0.0
2024-07-05 00:00:00-04:00,39.08863666109851,39.51405114875282,38.4653581295243,38.960025787353516,782100,0.0,0.0
2024-07-08 00:00:00-04:00,39.37554475587769,41.433364021229266,39.14799808646155,39.88010787963867,922700,0.0,0.0
2024-07-09 00:00:00-04:00,39.899895403606,39.899895403606,38.09930164295345,38.71269226074219,728100,0.0,0.0
2024-07-10 00:00:00-04:00,38.712693279433026,39.425012164683565,38.079519259648166,39.33597183227539,575000,0.0,0.0
2024-07-11 00:00:00-04:00,40.077975577754295,41.393793477333034,39.603095036452096,40.5726432800293,694300,0.0,0.0
2024-07-12 00:00:00-04:00,41.027737049943454,42.076430076888805,40.95848387925894,41.690589904785156,589400,0.0,0.0
2024-07-15 00:00:00-04:00,42.09621907503407,42.7392885726399,41.67080456566681,41.80931091308594,502600,0.0,0.0
2024-07-16 00:00:00-04:00,41.61144686273746,44.203504465564436,41.591659702530855,44.09467697143555,777000,0.0,0.0
2024-07-17 00:00:00-04:00,43.68905102423403,46.71641870072581,43.540649204929665,46.06345748901367,903500,0.0,0.0
2024-07-18 00:00:00-04:00,45.45995770309716,45.56878518973194,43.32299361013358,43.59011459350586,741000,0.0,0.0
2024-07-19 00:00:00-04:00,43.30157144059335,43.73936169261076,42.127493614834144,43.50056838989258,845800,0.25,0.0
2024-07-22 00:00:00-04:00,43.58016348394523,44.29655096005122,41.998143671245145,44.23685073852539,653400,0.0,0.0
2024-07-23 00:00:00-04:00,43.540363693568594,44.28659938878587,42.60508298862796,42.91352844238281,584100,0.0,0.0
2024-07-24 00:00:00-04:00,42.52548509053282,42.52548509053282,40.59521972652411,41.18225860595703,693400,0.0,0.0
2024-07-25 00:00:00-04:00,41.36135762138029,44.24680388298708,41.18226074745705,42.8637809753418,763300,0.0,0.0
2024-07-26 00:00:00-04:00,44.087605465770466,44.087605465770466,42.47573365960473,43.4707145690918,462100,0.0,0.0
2024-07-29 00:00:00-04:00,43.22197072239704,45.26168468844266,42.92347719912607,45.012939453125,485800,0.0,0.0
2024-07-30 00:00:00-04:00,45.012940310474576,46.41586331256521,44.68459477173685,46.167118072509766,621100,0.0,0.0
2024-07-31 00:00:00-04:00,46.137266236559974,47.26159578860102,45.142285272589426,45.599979400634766,628400,0.0,0.0
2024-08-01 00:00:00-04:00,45.8387714754986,45.8387714754986,42.993125387673246,44.187103271484375,617500,0.0,0.0
2024-08-02 00:00:00-04:00,42.724479111589375,42.93342798829888,40.64496884800687,41.82899856567383,853100,0.0,0.0
2024-08-05 00:00:00-04:00,39.799235479409354,41.14245815861907,39.49079003804562,39.84898376464844,1052500,0.0,0.0
2024-08-06 00:00:00-04:00,39.550492166746075,41.182260292878375,38.93360504979263,40.19723129272461,484700,0.0,0.0
2024-08-07 00:00:00-04:00,40.39622244513684,41.21210646784629,38.993299547985146,39.152496337890625,579400,0.0,0.0
2024-08-08 00:00:00-04:00,39.8589371106281,40.72456945020731,39.59029180616192,39.80918502807617,401000,0.0,0.0
2024-08-09 00:00:00-04:00,39.460942283348615,39.74948765485066,37.68987749856525,37.95852279663086,691400,0.0,0.0
2024-08-12 00:00:00-04:00,37.89882526199396,38.63511284911517,37.0232409464974,37.05309295654297,657100,0.0,0.0
2024-08-13 00:00:00-04:00,37.60033016061191,39.07290147782443,37.033191335589215,39.053001403808594,499800,0.0,0.0
2024-08-14 00:00:00-04:00,39.0729006791339,39.0729006791339,37.669977751878484,38.21721649169922,466500,0.0,0.0
2024-08-15 00:00:00-04:00,39.500742645802866,41.520552666238814,39.29179756690623,40.36637496948242,688900,0.0,0.0
2024-08-16 00:00:00-04:00,40.326574822392324,41.042962287810404,39.8191362314218,40.36637496948242,572500,0.0,0.0
2024-08-19 00:00:00-04:00,40.754418831823635,42.20709010898764,40.39622508226514,40.71461868286133,603100,0.0,0.0
2024-08-20 00:00:00-04:00,40.386276356419245,41.013115409045334,40.11763104815092,40.70466995239258,339300,0.0,0.0
2024-08-21 00:00:00-04:00,41.44095914010508,42.07774635701871,40.66487139838428,41.998146057128906,387600,0.0,0.0
2024-08-22 00:00:00-04:00,41.76929740976852,42.25683971711356,40.396222715427236,40.67481994628906,385400,0.0,0.0
2024-08-23 00:00:00-04:00,40.88376584645568,43.212021333528206,40.51562397158487,40.62507247924805,786500,0.0,0.0
2024-08-26 00:00:00-04:00,40.983263301153855,41.78919922401539,40.635021492507484,41.082763671875,816700,0.0,0.0
2024-08-27 00:00:00-04:00,40.97331646944185,41.3812585135396,39.85893885065918,40.724571228027344,813700,0.0,0.0
2024-08-28 00:00:00-04:00,40.58527263373984,40.824065929007794,39.38134663159051,40.187278747558594,530400,0.0,0.0
2024-08-29 00:00:00-04:00,40.6350206811312,40.6350206811312,39.42114275142861,39.55049133300781,693200,0.0,0.0
2024-08-30 00:00:00-04:00,39.63009289269761,40.01813485426771,38.70476030946842,39.38134765625,628700,0.0,0.0
2024-09-03 00:00:00-04:00,39.07290223336753,39.65994114375748,37.86897619876221,38.495811462402344,737900,0.0,0.0
2024-09-04 00:00:00-04:00,38.55551168560425,39.64004106935684,38.296818309498164,38.495811462402344,538400,0.0,0.0
2024-09-05 00:00:00-04:00,38.306766614673236,38.575411926917596,37.52073075242689,37.928672790527344,691000,0.0,0.0
2024-09-06 00:00:00-04:00,38.21721656834372,38.824155530208834,36.86404192462169,37.14263916015625,690600,0.0,0.0
2024-09-09 00:00:00-04:00,37.00333875955013,37.29188413502996,35.60041582512352,35.87901306152344,857700,0.0,0.0
2024-09-10 00:00:00-04:00,35.98845789192419,36.32675155501768,35.122825558189774,36.19740676879883,871800,0.0,0.0
2024-09-11 00:00:00-04:00,36.19740893828478,36.35660574248485,34.70493747557737,36.296905517578125,873300,0.0,0.0
2024-09-12 00:00:00-04:00,36.655096813207,37.033190621111274,35.869060984726076,36.44615173339844,717400,0.0,0.0
2024-09-13 00:00:00-04:00,36.74464785947563,39.08285164199177,36.60535112969866,39.023155212402344,838300,0.0,0.0
2024-09-16 00:00:00-04:00,38.97340060794204,40.893714077006756,38.97340060794204,40.246978759765625,952500,0.0,0.0
2024-09-17 00:00:00-04:00,40.33652615600218,42.306587861000764,40.33652615600218,42.12749099731445,965700,0.0,0.0
2024-09-18 00:00:00-04:00,42.28669064467555,43.90851066627272,41.351409912109375,41.351409912109375,1445100,0.0,0.0
2024-09-19 00:00:00-04:00,43.76921364787623,45.01293983501631,40.346476751714015,40.90366744995117,1724700,0.0,0.0
2024-09-20 00:00:00-04:00,41.0927133250605,42.2170428845488,39.30174833716087,41.361358642578125,1437300,0.0,0.0
2024-09-23 00:00:00-04:00,41.40115614431805,41.88869466320136,40.16737814969219,40.68476867675781,795300,0.0,0.0
2024-09-24 00:00:00-04:00,40.84396567772046,43.65976348049188,40.84396567772046,43.09262466430664,1053900,0.0,0.0
2024-09-25 00:00:00-04:00,43.14237506043469,44.20700438467036,42.56528428140167,43.381168365478516,637500,0.0,0.0
2024-09-26 00:00:00-04:00,44.346301403723466,45.96812144298686,43.8189627056926,45.72932434082031,629600,0.0,0.0
2024-09-27 00:00:00-04:00,46.26661162858032,46.8138503618512,45.38107923910639,46.11736297607422,606400,0.0,0.0
2024-09-30 00:00:00-04:00,45.62982551141602,46.4656096344432,44.83384153604514,45.12238311767578,601500,0.0,0.0
2024-10-01 00:00:00-04:00,44.88358944965244,47.88843225280066,44.77414094228315,46.6347541809082,939900,0.0,0.0
2024-10-02 00:00:00-04:00,45.85867180065308,47.1819944807514,44.99303944326238,46.913352966308594,618200,0.0,0.0
2024-10-03 00:00:00-04:00,46.11736444483641,47.052648945300255,45.68952234261381,45.888519287109375,640300,0.0,0.0
2024-10-04 00:00:00-04:00,47.08249763408557,47.719284826462385,45.86861967639786,47.1620979309082,490700,0.0,0.0
2024-10-07 00:00:00-04:00,47.01284865601519,47.14219723888126,42.79412786848059,44.177154541015625,750900,0.0,0.0
2024-10-08 00:00:00-04:00,44.5552457056268,44.5552457056268,43.42096803044442,43.689613342285156,436700,0.0,0.0
2024-10-09 00:00:00-04:00,43.878656577992864,45.00298606815577,42.6150341633795,42.77423095703125,487500,0.0,0.0
2024-10-10 00:00:00-04:00,42.5155361184945,43.2120235521138,41.67975195726157,43.00307846069336,415200,0.0,0.0
2024-10-11 00:00:00-04:00,42.84388068904383,44.33635210065479,42.6946320296623,44.31645202636719,560600,0.0,0.0
2024-10-14 00:00:00-04:00,44.08760612306565,44.276651132288286,42.78417974580666,43.29161834716797,410700,0.0,0.0
2024-10-15 00:00:00-04:00,43.14237488760623,45.580078990507495,43.14237488760623,45.34128189086914,481300,0.0,0.0
2024-10-16 00:00:00-04:00,45.79897083283114,47.51033924101036,45.739274406392994,47.47053909301758,471600,0.0,0.0
2024-10-17 00:00:00-04:00,47.37104257332227,49.63959787381752,47.201893841933035,49.560001373291016,627100,0.0,0.0
2024-10-18 00:00:00-04:00,49.97999954223633,51.369998931884766,49.349998474121094,50.470001220703125,785800,0.25,0.0
2024-10-21 00:00:00-04:00,50.470001220703125,50.61000061035156,49.2599983215332,50.09000015258789,770500,0.0,0.0
2024-10-22 00:00:00-04:00,49.70000076293945,49.70000076293945,47.130001068115234,47.7400016784668,771800,0.0,0.0
2024-10-23 00:00:00-04:00,47.279998779296875,48.619998931884766,46.959999084472656,47.06999969482422,397400,0.0,0.0
2024-10-24 00:00:00-04:00,47.38999938964844,48.58000183105469,46.75,48.41999816894531,363500,0.0,0.0
2024-10-25 00:00:00-04:00,48.93000030517578,51.369998931884766,47.189998626708984,47.279998779296875,562600,0.0,0.0
2024-10-28 00:00:00-04:00,47.970001220703125,50.38999938964844,47.47999954223633,49.95000076293945,533600,0.0,0.0
2024-10-29 00:00:00-04:00,49.31999969482422,49.9900016784668,48.529998779296875,49.279998779296875,338300,0.0,0.0
2024-10-30 00:00:00-04:00,49.31999969482422,50.150001525878906,48.900001525878906,49.5099983215332,412100,0.0,0.0
2024-10-31 00:00:00-04:00,49.43000030517578,49.72999954223633,47.5,47.56999969482422,536500,0.0,0.0
2024-11-01 00:00:00-04:00,47.619998931884766,48.75,46.91999816894531,46.97999954223633,594800,0.0,0.0
2024-11-04 00:00:00-05:00,46.93000030517578,47.83000183105469,45.33000183105469,45.849998474121094,591400,0.0,0.0
2024-11-05 00:00:00-05:00,45.349998474121094,48.119998931884766,44.709999084472656,47.43000030517578,471200,0.0,0.0
2024-11-06 00:00:00-05:00,49.84000015258789,51.70000076293945,49.540000915527344,50.81999969482422,783500,0.0,0.0
2024-11-07 00:00:00-05:00,51.130001068115234,51.81999969482422,49.2400016784668,49.31999969482422,445000,0.0,0.0
2024-11-08 00:00:00-05:00,48.599998474121094,48.709999084472656,45.77000045776367,46.369998931884766,993700,0.0,0.0
2024-11-11 00:00:00-05:00,47.02000045776367,48.029998779296875,45.27000045776367,45.83000183105469,725600,0.0,0.0
2024-11-12 00:00:00-05:00,45.599998474121094,46.099998474121094,44.83000183105469,45.060001373291016,571400,0.0,0.0
2024-11-13 00:00:00-05:00,45.540000915527344,46.599998474121094,44.59000015258789,45.27000045776367,484600,0.0,0.0
2024-11-14 00:00:00-05:00,50.0,52.959999084472656,45.11000061035156,48.06999969482422,1190500,0.0,0.0
2024-11-15 00:00:00-05:00,48.220001220703125,50.63999938964844,48.150001525878906,48.810001373291016,790300,0.0,0.0
2024-11-18 00:00:00-05:00,49.900001525878906,50.599998474121094,47.470001220703125,48.41999816894531,673500,0.0,0.0
2024-11-19 00:00:00-05:00,47.75,48.91999816894531,47.189998626708984,47.220001220703125,501600,0.0,0.0
2024-11-20 00:00:00-05:00,46.88999938964844,47.58000183105469,44.81999969482422,46.369998931884766,645100,0.0,0.0
2024-11-21 00:00:00-05:00,46.540000915527344,48.540000915527344,46.0099983215332,47.63999938964844,558500,0.0,0.0
2024-11-22 00:00:00-05:00,48.0,49.709999084472656,47.369998931884766,48.40999984741211,436400,0.0,0.0
2024-11-25 00:00:00-05:00,48.79999923706055,54.060001373291016,48.79999923706055,51.95000076293945,934700,0.0,0.0
2024-11-26 00:00:00-05:00,51.77000045776367,52.36000061035156,50.439998626708984,51.95000076293945,582900,0.0,0.0
2024-11-27 00:00:00-05:00,52.58000183105469,54.7400016784668,52.150001525878906,52.7599983215332,676800,0.0,0.0
2024-11-29 00:00:00-05:00,52.7400016784668,57.13999938964844,52.400001525878906,55.560001373291016,781900,0.0,0.0
2024-12-02 00:00:00-05:00,55.369998931884766,56.90999984741211,54.470001220703125,56.63999938964844,1188900,0.0,0.0
2024-12-03 00:00:00-05:00,55.849998474121094,56.65999984741211,54.150001525878906,55.709999084472656,1197600,0.0,0.0
2024-12-04 00:00:00-05:00,55.31999969482422,59.20000076293945,53.459999084472656,54.72999954223633,1314400,0.0,0.0
2024-12-05 00:00:00-05:00,54.459999084472656,54.650001525878906,49.959999084472656,51.060001373291016,1129300,0.0,0.0
2024-12-06 00:00:00-05:00,51.75,52.09000015258789,49.97999954223633,50.209999084472656,877200,0.0,0.0
2024-12-09 00:00:00-05:00,50.34000015258789,51.099998474121094,49.11000061035156,49.349998474121094,959000,0.0,0.0
2024-12-10 00:00:00-05:00,49.150001525878906,52.439998626708984,48.279998779296875,52.040000915527344,831000,0.0,0.0
2024-12-11 00:00:00-05:00,52.869998931884766,53.86000061035156,52.130001068115234,52.16999816894531,1121400,0.0,0.0
2024-12-12 00:00:00-05:00,52.09000015258789,52.75,51.189998626708984,51.27000045776367,505200,0.0,0.0
2024-12-13 00:00:00-05:00,51.34000015258789,51.349998474121094,50.13999938964844,51.2400016784668,580900,0.0,0.0
2024-12-16 00:00:00-05:00,51.08000183105469,53.900001525878906,51.04999923706055,53.209999084472656,848100,0.0,0.0
2024-12-17 00:00:00-05:00,53.34000015258789,53.869998931884766,51.54999923706055,53.40999984741211,599200,0.0,0.0
2024-12-18 00:00:00-05:00,53.81999969482422,55.099998474121094,52.040000915527344,52.279998779296875,848700,0.0,0.0
2024-12-19 00:00:00-05:00,53.150001525878906,54.09000015258789,50.939998626708984,52.130001068115234,700500,0.0,0.0
2024-12-20 00:00:00-05:00,51.31999969482422,54.11000061035156,51.029998779296875,53.400001525878906,925500,0.0,0.0
2024-12-23 00:00:00-05:00,53.04999923706055,53.189998626708984,50.72999954223633,51.83000183105469,691500,0.0,0.0
2024-12-24 00:00:00-05:00,52.2599983215332,54.27000045776367,51.83000183105469,54.220001220703125,318500,0.0,0.0
2024-12-26 00:00:00-05:00,53.66999816894531,57.88999938964844,53.5,56.88999938964844,790000,0.0,0.0
2024-12-27 00:00:00-05:00,56.189998626708984,57.38999938964844,54.939998626708984,56.40999984741211,571000,0.0,0.0
2024-12-30 00:00:00-05:00,55.33000183105469,56.4900016784668,53.97999954223633,54.0,564300,0.0,0.0
2024-12-31 00:00:00-05:00,54.40999984741211,55.130001068115234,52.54999923706055,52.86000061035156,721000,0.0,0.0
2025-01-02 00:00:00-05:00,53.88999938964844,55.75,53.880001068115234,54.91999816894531,584900,0.0,0.0
2025-01-03 00:00:00-05:00,55.2400016784668,55.9900016784668,53.099998474121094,55.939998626708984,489800,0.0,0.0
2025-01-06 00:00:00-05:00,56.279998779296875,59.81999969482422,56.279998779296875,59.09000015258789,981195,0.0,0.0
