Date,Open,High,Low,Close,Volume,Dividends,Stock Splits
2022-01-03 00:00:00-05:00,9.960100173950195,9.970000267028809,9.930000305175781,9.970000267028809,9171,0.0,0.0
2022-01-04 00:00:00-05:00,9.970000267028809,9.970000267028809,9.970000267028809,9.970000267028809,0,0.0,0.0
2022-01-05 00:00:00-05:00,9.970000267028809,9.970000267028809,9.970000267028809,9.970000267028809,0,0.0,0.0
2022-01-06 00:00:00-05:00,9.970000267028809,9.970000267028809,9.970000267028809,9.970000267028809,0,0.0,0.0
2022-01-07 00:00:00-05:00,9.970000267028809,9.970000267028809,9.970000267028809,9.970000267028809,0,0.0,0.0
2022-01-10 00:00:00-05:00,9.970000267028809,9.970000267028809,9.970000267028809,9.970000267028809,0,0.0,0.0
2022-01-11 00:00:00-05:00,9.800100326538086,9.925000190734863,9.800100326538086,9.850000381469727,1976,0.0,0.0
2022-01-12 00:00:00-05:00,9.869999885559082,9.930000305175781,9.869999885559082,9.930000305175781,800,0.0,0.0
2022-01-13 00:00:00-05:00,9.930000305175781,9.930000305175781,9.930000305175781,9.930000305175781,0,0.0,0.0
2022-01-14 00:00:00-05:00,9.850000381469727,9.850000381469727,9.84000015258789,9.84000015258789,700,0.0,0.0
2022-01-18 00:00:00-05:00,9.84000015258789,9.84000015258789,9.84000015258789,9.84000015258789,0,0.0,0.0
2022-01-19 00:00:00-05:00,9.859999656677246,9.859999656677246,9.859999656677246,9.859999656677246,200,0.0,0.0
2022-01-20 00:00:00-05:00,9.850000381469727,9.850000381469727,9.8100004196167,9.8100004196167,1850,0.0,0.0
2022-01-21 00:00:00-05:00,9.8100004196167,9.8100004196167,9.8100004196167,9.8100004196167,0,0.0,0.0
2022-01-24 00:00:00-05:00,9.890000343322754,9.890000343322754,9.800000190734863,9.850000381469727,2052,0.0,0.0
2022-01-25 00:00:00-05:00,9.850000381469727,9.850000381469727,9.800000190734863,9.800000190734863,600,0.0,0.0
2022-01-26 00:00:00-05:00,9.800000190734863,9.800000190734863,9.800000190734863,9.800000190734863,0,0.0,0.0
2022-01-27 00:00:00-05:00,9.800000190734863,9.800000190734863,9.800000190734863,9.800000190734863,5650,0.0,0.0
2022-01-28 00:00:00-05:00,9.800000190734863,9.800000190734863,9.774999618530273,9.774999618530273,1635,0.0,0.0
2022-01-31 00:00:00-05:00,9.770000457763672,9.770000457763672,9.770000457763672,9.770000457763672,100,0.0,0.0
2022-02-01 00:00:00-05:00,9.75,9.800000190734863,9.75,9.800000190734863,800,0.0,0.0
2022-02-02 00:00:00-05:00,9.800000190734863,9.800000190734863,9.800000190734863,9.800000190734863,0,0.0,0.0
2022-02-03 00:00:00-05:00,9.779999732971191,9.779999732971191,9.760000228881836,9.760000228881836,941,0.0,0.0
2022-02-04 00:00:00-05:00,9.760000228881836,9.760000228881836,9.760000228881836,9.760000228881836,0,0.0,0.0
2022-02-07 00:00:00-05:00,9.760000228881836,9.760000228881836,9.760000228881836,9.760000228881836,554,0.0,0.0
2022-02-08 00:00:00-05:00,9.760000228881836,9.760000228881836,9.760000228881836,9.760000228881836,0,0.0,0.0
2022-02-09 00:00:00-05:00,9.770000457763672,9.8100004196167,9.760000228881836,9.8100004196167,1140,0.0,0.0
2022-02-10 00:00:00-05:00,9.8100004196167,9.8100004196167,9.8100004196167,9.8100004196167,0,0.0,0.0
2022-02-11 00:00:00-05:00,9.78499984741211,9.78499984741211,9.78499984741211,9.78499984741211,348,0.0,0.0
2022-02-14 00:00:00-05:00,9.78499984741211,9.78499984741211,9.78499984741211,9.78499984741211,400,0.0,0.0
2022-02-15 00:00:00-05:00,9.770000457763672,9.780099868774414,9.770000457763672,9.780099868774414,7535,0.0,0.0
2022-02-16 00:00:00-05:00,9.760100364685059,9.760100364685059,9.760000228881836,9.760000228881836,1070,0.0,0.0
2022-02-17 00:00:00-05:00,9.777999877929688,9.777999877929688,9.777999877929688,9.777999877929688,100,0.0,0.0
2022-02-18 00:00:00-05:00,9.777999877929688,9.777999877929688,9.777999877929688,9.777999877929688,0,0.0,0.0
2022-02-22 00:00:00-05:00,9.775400161743164,9.775400161743164,9.775400161743164,9.775400161743164,133,0.0,0.0
2022-02-23 00:00:00-05:00,9.775400161743164,9.775400161743164,9.775400161743164,9.775400161743164,0,0.0,0.0
2022-02-24 00:00:00-05:00,9.774999618530273,9.774999618530273,9.760000228881836,9.770000457763672,11054,0.0,0.0
2022-02-25 00:00:00-05:00,9.770000457763672,9.770000457763672,9.770000457763672,9.770000457763672,670,0.0,0.0
2022-02-28 00:00:00-05:00,9.770000457763672,9.770000457763672,9.770000457763672,9.770000457763672,0,0.0,0.0
2022-03-01 00:00:00-05:00,9.770000457763672,9.770000457763672,9.770000457763672,9.770000457763672,0,0.0,0.0
2022-03-02 00:00:00-05:00,9.774999618530273,9.800000190734863,9.75,9.800000190734863,2493,0.0,0.0
2022-03-03 00:00:00-05:00,9.800000190734863,9.800000190734863,9.800000190734863,9.800000190734863,0,0.0,0.0
2022-03-04 00:00:00-05:00,9.800000190734863,9.800000190734863,9.800000190734863,9.800000190734863,0,0.0,0.0
2022-03-07 00:00:00-05:00,9.8100004196167,9.835000038146973,9.797699928283691,9.835000038146973,14528,0.0,0.0
2022-03-08 00:00:00-05:00,9.84000015258789,9.84000015258789,9.8100004196167,9.8100004196167,10455,0.0,0.0
2022-03-09 00:00:00-05:00,9.8100004196167,9.8100004196167,9.8100004196167,9.8100004196167,0,0.0,0.0
2022-03-10 00:00:00-05:00,9.8100004196167,9.824000358581543,9.800000190734863,9.800000190734863,3083,0.0,0.0
2022-03-11 00:00:00-05:00,9.800000190734863,9.800000190734863,9.800000190734863,9.800000190734863,0,0.0,0.0
2022-03-14 00:00:00-04:00,9.800000190734863,9.800000190734863,9.800000190734863,9.800000190734863,0,0.0,0.0
2022-03-15 00:00:00-04:00,9.800000190734863,9.800000190734863,9.800000190734863,9.800000190734863,0,0.0,0.0
2022-03-16 00:00:00-04:00,9.8149995803833,9.8149995803833,9.800000190734863,9.800000190734863,591,0.0,0.0
2022-03-17 00:00:00-04:00,9.800000190734863,9.800000190734863,9.789999961853027,9.789999961853027,3460,0.0,0.0
2022-03-18 00:00:00-04:00,9.779999732971191,9.790800094604492,9.779999732971191,9.790800094604492,3416,0.0,0.0
2022-03-21 00:00:00-04:00,9.790800094604492,9.790800094604492,9.790800094604492,9.790800094604492,0,0.0,0.0
2022-03-22 00:00:00-04:00,9.790800094604492,9.790800094604492,9.790800094604492,9.790800094604492,0,0.0,0.0
2022-03-23 00:00:00-04:00,9.821000099182129,9.821000099182129,9.821000099182129,9.821000099182129,100,0.0,0.0
2022-03-24 00:00:00-04:00,9.821000099182129,9.821000099182129,9.821000099182129,9.821000099182129,0,0.0,0.0
2022-03-25 00:00:00-04:00,9.821000099182129,9.821000099182129,9.821000099182129,9.821000099182129,0,0.0,0.0
2022-03-28 00:00:00-04:00,9.800000190734863,9.800000190734863,9.800000190734863,9.800000190734863,200,0.0,0.0
2022-03-29 00:00:00-04:00,9.829999923706055,9.829999923706055,9.829999923706055,9.829999923706055,200,0.0,0.0
2022-03-30 00:00:00-04:00,9.829999923706055,9.829999923706055,9.829999923706055,9.829999923706055,0,0.0,0.0
2022-03-31 00:00:00-04:00,9.800000190734863,9.800000190734863,9.779999732971191,9.779999732971191,6981,0.0,0.0
2022-04-01 00:00:00-04:00,9.779999732971191,9.779999732971191,9.779999732971191,9.779999732971191,0,0.0,0.0
2022-04-04 00:00:00-04:00,9.800000190734863,9.800000190734863,9.770000457763672,9.770000457763672,1897,0.0,0.0
2022-04-05 00:00:00-04:00,9.789999961853027,9.789999961853027,9.789999961853027,9.789999961853027,320,0.0,0.0
2022-04-06 00:00:00-04:00,9.78499984741211,9.800000190734863,9.780099868774414,9.780099868774414,2496,0.0,0.0
2022-04-07 00:00:00-04:00,9.780099868774414,9.780099868774414,9.780099868774414,9.780099868774414,0,0.0,0.0
2022-04-08 00:00:00-04:00,9.8100004196167,9.850000381469727,9.789999961853027,9.850000381469727,17074,0.0,0.0
2022-04-11 00:00:00-04:00,9.850000381469727,9.850000381469727,9.850000381469727,9.850000381469727,0,0.0,0.0
2022-04-12 00:00:00-04:00,9.850000381469727,9.850000381469727,9.850000381469727,9.850000381469727,0,0.0,0.0
2022-04-13 00:00:00-04:00,9.779999732971191,9.779999732971191,9.770000457763672,9.770000457763672,510,0.0,0.0
2022-04-14 00:00:00-04:00,9.770000457763672,9.770000457763672,9.770000457763672,9.770000457763672,0,0.0,0.0
2022-04-18 00:00:00-04:00,9.770000457763672,9.770000457763672,9.770000457763672,9.770000457763672,0,0.0,0.0
2022-04-19 00:00:00-04:00,9.770000457763672,9.770000457763672,9.770000457763672,9.770000457763672,0,0.0,0.0
2022-04-20 00:00:00-04:00,9.770000457763672,9.770000457763672,9.770000457763672,9.770000457763672,0,0.0,0.0
2022-04-21 00:00:00-04:00,9.770000457763672,9.770000457763672,9.770000457763672,9.770000457763672,0,0.0,0.0
2022-04-22 00:00:00-04:00,9.770000457763672,9.770000457763672,9.770000457763672,9.770000457763672,0,0.0,0.0
2022-04-25 00:00:00-04:00,9.770000457763672,9.770000457763672,9.770000457763672,9.770000457763672,0,0.0,0.0
2022-04-26 00:00:00-04:00,9.770000457763672,9.770000457763672,9.770000457763672,9.770000457763672,0,0.0,0.0
2022-04-27 00:00:00-04:00,9.770000457763672,9.789999961853027,9.770000457763672,9.789999961853027,302,0.0,0.0
2022-04-28 00:00:00-04:00,9.789999961853027,9.829999923706055,9.789999961853027,9.807999610900879,7140,0.0,0.0
2022-04-29 00:00:00-04:00,9.789999961853027,9.819999694824219,9.789999961853027,9.819999694824219,2311,0.0,0.0
2022-05-02 00:00:00-04:00,9.819999694824219,9.819999694824219,9.819999694824219,9.819999694824219,0,0.0,0.0
2022-05-03 00:00:00-04:00,9.819999694824219,9.819999694824219,9.819999694824219,9.819999694824219,0,0.0,0.0
2022-05-04 00:00:00-04:00,9.819999694824219,9.819999694824219,9.819999694824219,9.819999694824219,0,0.0,0.0
2022-05-05 00:00:00-04:00,9.819999694824219,9.819999694824219,9.819999694824219,9.819999694824219,0,0.0,0.0
2022-05-06 00:00:00-04:00,9.819999694824219,9.819999694824219,9.819999694824219,9.819999694824219,0,0.0,0.0
2022-05-09 00:00:00-04:00,9.779999732971191,9.788999557495117,9.779999732971191,9.779999732971191,3144,0.0,0.0
2022-05-10 00:00:00-04:00,9.744999885559082,9.744999885559082,9.744999885559082,9.744999885559082,112,0.0,0.0
2022-05-11 00:00:00-04:00,9.760000228881836,9.760000228881836,9.720000267028809,9.73009967803955,82098,0.0,0.0
2022-05-12 00:00:00-04:00,9.720000267028809,9.723999977111816,9.699999809265137,9.70009994506836,10197,0.0,0.0
2022-05-13 00:00:00-04:00,9.779999732971191,9.779999732971191,9.699999809265137,9.699999809265137,1320,0.0,0.0
2022-05-16 00:00:00-04:00,9.699999809265137,9.699999809265137,9.699999809265137,9.699999809265137,0,0.0,0.0
2022-05-17 00:00:00-04:00,9.699999809265137,9.699999809265137,9.699999809265137,9.699999809265137,0,0.0,0.0
2022-05-18 00:00:00-04:00,9.699999809265137,9.699999809265137,9.699999809265137,9.699999809265137,0,0.0,0.0
2022-05-19 00:00:00-04:00,9.690099716186523,9.690099716186523,9.6899995803833,9.6899995803833,2127,0.0,0.0
2022-05-20 00:00:00-04:00,9.6899995803833,9.6899995803833,9.6899995803833,9.6899995803833,250,0.0,0.0
2022-05-23 00:00:00-04:00,9.6899995803833,9.6899995803833,9.6899995803833,9.6899995803833,0,0.0,0.0
2022-05-24 00:00:00-04:00,9.6899995803833,9.6899995803833,9.6899995803833,9.6899995803833,0,0.0,0.0
2022-05-25 00:00:00-04:00,9.718799591064453,9.718799591064453,9.718799591064453,9.718799591064453,600,0.0,0.0
2022-05-26 00:00:00-04:00,9.718799591064453,9.718799591064453,9.718799591064453,9.718799591064453,0,0.0,0.0
2022-05-27 00:00:00-04:00,9.718799591064453,9.718799591064453,9.718799591064453,9.718799591064453,0,0.0,0.0
2022-05-31 00:00:00-04:00,9.75,9.75,9.75,9.75,8550,0.0,0.0
2022-06-01 00:00:00-04:00,9.765000343322754,9.765000343322754,9.75,9.75,3819,0.0,0.0
2022-06-02 00:00:00-04:00,9.75,9.75,9.75,9.75,0,0.0,0.0
2022-06-03 00:00:00-04:00,9.699999809265137,9.699999809265137,9.699999809265137,9.699999809265137,413,0.0,0.0
2022-06-06 00:00:00-04:00,9.729999542236328,9.729999542236328,9.729999542236328,9.729999542236328,159,0.0,0.0
2022-06-07 00:00:00-04:00,9.729999542236328,9.729999542236328,9.729999542236328,9.729999542236328,0,0.0,0.0
2022-06-08 00:00:00-04:00,9.75,9.75,9.739999771118164,9.75,8325,0.0,0.0
2022-06-09 00:00:00-04:00,9.75,9.75,9.75,9.75,1557,0.0,0.0
2022-06-10 00:00:00-04:00,9.75,9.75,9.75,9.75,0,0.0,0.0
2022-06-13 00:00:00-04:00,9.699999809265137,9.699999809265137,9.699999809265137,9.699999809265137,200,0.0,0.0
2022-06-14 00:00:00-04:00,9.6899995803833,9.733499526977539,9.6899995803833,9.733499526977539,1627,0.0,0.0
2022-06-15 00:00:00-04:00,9.720000267028809,9.720000267028809,9.720000267028809,9.720000267028809,100,0.0,0.0
2022-06-16 00:00:00-04:00,9.6899995803833,9.6899995803833,9.6899995803833,9.6899995803833,200,0.0,0.0
2022-06-17 00:00:00-04:00,9.680000305175781,9.729999542236328,9.680000305175781,9.729999542236328,1101,0.0,0.0
2022-06-21 00:00:00-04:00,9.729999542236328,9.729999542236328,9.729999542236328,9.729999542236328,0,0.0,0.0
2022-06-22 00:00:00-04:00,9.729999542236328,9.729999542236328,9.729999542236328,9.729999542236328,0,0.0,0.0
2022-06-23 00:00:00-04:00,9.729999542236328,9.729999542236328,9.729999542236328,9.729999542236328,0,0.0,0.0
2022-06-24 00:00:00-04:00,9.720000267028809,9.75,9.699999809265137,9.75,74067,0.0,0.0
2022-06-27 00:00:00-04:00,9.75,9.75,9.75,9.75,0,0.0,0.0
2022-06-28 00:00:00-04:00,9.75,9.75,9.75,9.75,0,0.0,0.0
2022-06-29 00:00:00-04:00,9.75,9.75,9.75,9.75,0,0.0,0.0
2022-06-30 00:00:00-04:00,9.75,9.75,9.75,9.75,0,0.0,0.0
2022-07-01 00:00:00-04:00,9.75,9.75,9.75,9.75,0,0.0,0.0
2022-07-05 00:00:00-04:00,9.744999885559082,9.744999885559082,9.744999885559082,9.744999885559082,1305,0.0,0.0
2022-07-06 00:00:00-04:00,9.744999885559082,9.744999885559082,9.744999885559082,9.744999885559082,0,0.0,0.0
2022-07-07 00:00:00-04:00,9.729999542236328,9.729999542236328,9.720000267028809,9.720000267028809,2000,0.0,0.0
2022-07-08 00:00:00-04:00,9.720000267028809,9.720000267028809,9.720000267028809,9.720000267028809,0,0.0,0.0
2022-07-11 00:00:00-04:00,9.720000267028809,9.720000267028809,9.720000267028809,9.720000267028809,0,0.0,0.0
2022-07-12 00:00:00-04:00,9.729999542236328,9.729999542236328,9.699999809265137,9.699999809265137,500,0.0,0.0
2022-07-13 00:00:00-04:00,9.770000457763672,9.770000457763672,9.770000457763672,9.770000457763672,200,0.0,0.0
2022-07-14 00:00:00-04:00,9.770000457763672,9.770000457763672,9.770000457763672,9.770000457763672,0,0.0,0.0
2022-07-15 00:00:00-04:00,9.770000457763672,9.770000457763672,9.770000457763672,9.770000457763672,0,0.0,0.0
2022-07-18 00:00:00-04:00,9.770000457763672,9.770000457763672,9.770000457763672,9.770000457763672,0,0.0,0.0
2022-07-19 00:00:00-04:00,9.770000457763672,9.770000457763672,9.770000457763672,9.770000457763672,0,0.0,0.0
2022-07-20 00:00:00-04:00,9.789999961853027,9.789999961853027,9.760000228881836,9.760000228881836,10105,0.0,0.0
2022-07-21 00:00:00-04:00,9.760000228881836,9.760000228881836,9.760000228881836,9.760000228881836,1000,0.0,0.0
2022-07-22 00:00:00-04:00,9.880000114440918,9.880000114440918,9.880000114440918,9.880000114440918,5010,0.0,0.0
2022-07-25 00:00:00-04:00,9.880000114440918,9.880000114440918,9.880000114440918,9.880000114440918,0,0.0,0.0
2022-07-26 00:00:00-04:00,9.770000457763672,9.770000457763672,9.760000228881836,9.760000228881836,810,0.0,0.0
2022-07-27 00:00:00-04:00,9.760000228881836,9.760000228881836,9.760000228881836,9.760000228881836,0,0.0,0.0
2022-07-28 00:00:00-04:00,9.760000228881836,9.760000228881836,9.760000228881836,9.760000228881836,0,0.0,0.0
2022-07-29 00:00:00-04:00,9.760000228881836,9.760000228881836,9.760000228881836,9.760000228881836,0,0.0,0.0
2022-08-01 00:00:00-04:00,9.739999771118164,9.739999771118164,9.739999771118164,9.739999771118164,100,0.0,0.0
2022-08-02 00:00:00-04:00,9.739999771118164,9.739999771118164,9.739999771118164,9.739999771118164,0,0.0,0.0
2022-08-03 00:00:00-04:00,9.739999771118164,9.739999771118164,9.739999771118164,9.739999771118164,0,0.0,0.0
2022-08-04 00:00:00-04:00,9.739999771118164,9.739999771118164,9.739999771118164,9.739999771118164,0,0.0,0.0
2022-08-05 00:00:00-04:00,9.739999771118164,9.739999771118164,9.739999771118164,9.739999771118164,0,0.0,0.0
2022-08-08 00:00:00-04:00,9.78499984741211,9.78499984741211,9.739999771118164,9.739999771118164,1875,0.0,0.0
2022-08-09 00:00:00-04:00,9.770000457763672,9.770000457763672,9.739999771118164,9.739999771118164,8550,0.0,0.0
2022-08-10 00:00:00-04:00,9.760000228881836,9.760000228881836,9.729999542236328,9.729999542236328,1000,0.0,0.0
2022-08-11 00:00:00-04:00,9.774999618530273,9.774999618530273,9.75,9.760000228881836,1472,0.0,0.0
2022-08-12 00:00:00-04:00,9.760000228881836,9.760000228881836,9.760000228881836,9.760000228881836,0,0.0,0.0
2022-08-15 00:00:00-04:00,9.760000228881836,9.760000228881836,9.760000228881836,9.760000228881836,0,0.0,0.0
2022-08-16 00:00:00-04:00,9.770000457763672,9.770099639892578,9.770000457763672,9.770000457763672,2831,0.0,0.0
2022-08-17 00:00:00-04:00,9.770000457763672,9.770000457763672,9.770000457763672,9.770000457763672,0,0.0,0.0
2022-08-18 00:00:00-04:00,9.770000457763672,9.770000457763672,9.770000457763672,9.770000457763672,0,0.0,0.0
2022-08-19 00:00:00-04:00,9.770000457763672,9.770000457763672,9.770000457763672,9.770000457763672,0,0.0,0.0
2022-08-22 00:00:00-04:00,9.770000457763672,9.770000457763672,9.770000457763672,9.770000457763672,0,0.0,0.0
2022-08-23 00:00:00-04:00,9.770000457763672,9.770000457763672,9.770000457763672,9.770000457763672,0,0.0,0.0
2022-08-24 00:00:00-04:00,9.720000267028809,9.770000457763672,9.720000267028809,9.75,501,0.0,0.0
2022-08-25 00:00:00-04:00,9.779999732971191,9.779999732971191,9.75,9.75,2004,0.0,0.0
2022-08-26 00:00:00-04:00,9.75,9.779999732971191,9.75,9.75,6276,0.0,0.0
2022-08-29 00:00:00-04:00,9.75,9.75,9.75,9.75,0,0.0,0.0
2022-08-30 00:00:00-04:00,9.760000228881836,9.770000457763672,9.75,9.760000228881836,14448,0.0,0.0
2022-08-31 00:00:00-04:00,9.75,9.779999732971191,9.75,9.779999732971191,4100,0.0,0.0
2022-09-01 00:00:00-04:00,9.75,9.789999961853027,9.75,9.789999961853027,11309,0.0,0.0
2022-09-02 00:00:00-04:00,9.789999961853027,9.800000190734863,9.760000228881836,9.800000190734863,1770,0.0,0.0
2022-09-06 00:00:00-04:00,9.779999732971191,9.79010009765625,9.760000228881836,9.789999961853027,104912,0.0,0.0
2022-09-07 00:00:00-04:00,9.75,9.75,9.75,9.75,245,0.0,0.0
2022-09-08 00:00:00-04:00,9.795000076293945,9.800000190734863,9.789999961853027,9.800000190734863,27064,0.0,0.0
2022-09-09 00:00:00-04:00,9.819999694824219,9.819999694824219,9.819999694824219,9.819999694824219,1103,0.0,0.0
2022-09-12 00:00:00-04:00,9.802000045776367,9.819999694824219,9.789999961853027,9.819999694824219,453,0.0,0.0
2022-09-13 00:00:00-04:00,9.819999694824219,9.845000267028809,9.8100004196167,9.819999694824219,2332,0.0,0.0
2022-09-14 00:00:00-04:00,9.819999694824219,9.819999694824219,9.819999694824219,9.819999694824219,0,0.0,0.0
2022-09-15 00:00:00-04:00,9.8100004196167,9.824999809265137,9.789999961853027,9.789999961853027,57580,0.0,0.0
2022-09-16 00:00:00-04:00,9.800000190734863,9.800000190734863,9.789999961853027,9.789999961853027,8748,0.0,0.0
2022-09-19 00:00:00-04:00,9.800000190734863,9.84000015258789,9.770000457763672,9.84000015258789,20034,0.0,0.0
2022-09-20 00:00:00-04:00,9.880000114440918,9.880000114440918,9.779999732971191,9.789999961853027,3401,0.0,0.0
2022-09-21 00:00:00-04:00,9.829999923706055,9.864999771118164,9.829999923706055,9.84000015258789,16106,0.0,0.0
2022-09-22 00:00:00-04:00,9.899999618530273,9.899999618530273,9.850000381469727,9.850000381469727,2000,0.0,0.0
2022-09-23 00:00:00-04:00,9.899999618530273,10.4399995803833,9.829999923706055,9.829999923706055,4887,0.0,0.0
2022-09-26 00:00:00-04:00,9.649999618530273,9.899999618530273,9.649999618530273,9.84000015258789,18006,0.0,0.0
2022-09-27 00:00:00-04:00,10.335000038146973,10.335000038146973,9.84000015258789,9.84000015258789,19624,0.0,0.0
2022-09-28 00:00:00-04:00,9.899999618530273,9.899999618530273,9.829999923706055,9.829999923706055,11268,0.0,0.0
2022-09-29 00:00:00-04:00,9.899999618530273,9.899999618530273,9.8100004196167,9.819999694824219,63454,0.0,0.0
2022-09-30 00:00:00-04:00,10.125,10.125,9.800000190734863,9.819999694824219,704,0.0,0.0
2022-10-03 00:00:00-04:00,9.835000038146973,9.850000381469727,9.829999923706055,9.850000381469727,20038,0.0,0.0
2022-10-04 00:00:00-04:00,9.829999923706055,9.829999923706055,9.829999923706055,9.829999923706055,16032,0.0,0.0
2022-10-05 00:00:00-04:00,9.8100004196167,9.819999694824219,9.8100004196167,9.819999694824219,1209,0.0,0.0
2022-10-06 00:00:00-04:00,9.84000015258789,9.84000015258789,9.819999694824219,9.819999694824219,2058,0.0,0.0
2022-10-07 00:00:00-04:00,9.829999923706055,9.829999923706055,9.829999923706055,9.829999923706055,904,0.0,0.0
2022-10-10 00:00:00-04:00,9.880000114440918,9.880000114440918,9.829999923706055,9.829999923706055,10316,0.0,0.0
2022-10-11 00:00:00-04:00,9.859999656677246,9.859999656677246,9.859999656677246,9.859999656677246,135,0.0,0.0
2022-10-12 00:00:00-04:00,9.850000381469727,9.850000381469727,9.845000267028809,9.850000381469727,2675,0.0,0.0
2022-10-13 00:00:00-04:00,9.850000381469727,9.850000381469727,9.850000381469727,9.850000381469727,0,0.0,0.0
2022-10-14 00:00:00-04:00,9.850000381469727,9.850000381469727,9.850000381469727,9.850000381469727,0,0.0,0.0
2022-10-17 00:00:00-04:00,9.850000381469727,9.850000381469727,9.850000381469727,9.850000381469727,0,0.0,0.0
2022-10-18 00:00:00-04:00,9.850000381469727,9.850000381469727,9.850000381469727,9.850000381469727,0,0.0,0.0
2022-10-19 00:00:00-04:00,9.850000381469727,9.850000381469727,9.850000381469727,9.850000381469727,0,0.0,0.0
2022-10-20 00:00:00-04:00,9.84000015258789,9.84000015258789,9.84000015258789,9.84000015258789,100,0.0,0.0
2022-10-21 00:00:00-04:00,9.850000381469727,9.850000381469727,9.84000015258789,9.84000015258789,2698,0.0,0.0
2022-10-24 00:00:00-04:00,9.864999771118164,9.864999771118164,9.864999771118164,9.864999771118164,166,0.0,0.0
2022-10-25 00:00:00-04:00,9.864999771118164,9.864999771118164,9.864999771118164,9.864999771118164,0,0.0,0.0
2022-10-26 00:00:00-04:00,9.864999771118164,9.864999771118164,9.864999771118164,9.864999771118164,0,0.0,0.0
2022-10-27 00:00:00-04:00,9.85949993133545,9.85949993133545,9.85949993133545,9.85949993133545,100,0.0,0.0
2022-10-28 00:00:00-04:00,9.890000343322754,9.890000343322754,9.880000114440918,9.880000114440918,4206,0.0,0.0
2022-10-31 00:00:00-04:00,9.890000343322754,9.890000343322754,9.890000343322754,9.890000343322754,2852,0.0,0.0
2022-11-01 00:00:00-04:00,9.880000114440918,9.880000114440918,9.880000114440918,9.880000114440918,134,0.0,0.0
2022-11-02 00:00:00-04:00,9.890000343322754,9.954999923706055,9.890000343322754,9.930000305175781,15996,0.0,0.0
2022-11-03 00:00:00-04:00,9.930000305175781,9.930000305175781,9.930000305175781,9.930000305175781,0,0.0,0.0
2022-11-04 00:00:00-04:00,9.930000305175781,9.930000305175781,9.930000305175781,9.930000305175781,0,0.0,0.0
2022-11-07 00:00:00-05:00,9.930000305175781,9.930000305175781,9.930000305175781,9.930000305175781,0,0.0,0.0
2022-11-08 00:00:00-05:00,9.930000305175781,9.930000305175781,9.930000305175781,9.930000305175781,0,0.0,0.0
2022-11-09 00:00:00-05:00,9.920000076293945,9.920000076293945,9.890000343322754,9.920000076293945,1668,0.0,0.0
2022-11-10 00:00:00-05:00,9.920000076293945,9.920000076293945,9.920000076293945,9.920000076293945,0,0.0,0.0
2022-11-11 00:00:00-05:00,10.043600082397461,10.043600082397461,10.043600082397461,10.043600082397461,130,0.0,0.0
2022-11-14 00:00:00-05:00,10.25,10.25,10.25,10.25,100,0.0,0.0
2022-11-15 00:00:00-05:00,9.970000267028809,9.970000267028809,9.970000267028809,9.970000267028809,400,0.0,0.0
2022-11-16 00:00:00-05:00,9.970000267028809,9.970000267028809,9.970000267028809,9.970000267028809,0,0.0,0.0
2022-11-17 00:00:00-05:00,9.970000267028809,9.970000267028809,9.970000267028809,9.970000267028809,0,0.0,0.0
2022-11-18 00:00:00-05:00,9.970000267028809,9.970000267028809,9.970000267028809,9.970000267028809,0,0.0,0.0
2022-11-21 00:00:00-05:00,9.970000267028809,9.970000267028809,9.970000267028809,9.970000267028809,0,0.0,0.0
2022-11-22 00:00:00-05:00,9.970000267028809,9.970000267028809,9.970000267028809,9.970000267028809,0,0.0,0.0
2022-11-23 00:00:00-05:00,9.970000267028809,9.970000267028809,9.970000267028809,9.970000267028809,0,0.0,0.0
2022-11-25 00:00:00-05:00,9.90999984741211,9.90999984741211,9.90999984741211,9.90999984741211,100,0.0,0.0
2022-11-28 00:00:00-05:00,9.90999984741211,9.90999984741211,9.90999984741211,9.90999984741211,0,0.0,0.0
2022-11-29 00:00:00-05:00,9.9399995803833,9.9399995803833,9.9399995803833,9.9399995803833,100,0.0,0.0
2022-11-30 00:00:00-05:00,9.949999809265137,9.960000038146973,9.949999809265137,9.949999809265137,518,0.0,0.0
2022-12-01 00:00:00-05:00,9.949999809265137,9.949999809265137,9.949999809265137,9.949999809265137,0,0.0,0.0
2022-12-02 00:00:00-05:00,9.949999809265137,9.954999923706055,9.9399995803833,9.954999923706055,3400,0.0,0.0
2022-12-05 00:00:00-05:00,9.970000267028809,9.979999542236328,9.970000267028809,9.979999542236328,404,0.0,0.0
2022-12-06 00:00:00-05:00,9.979999542236328,9.979999542236328,9.979999542236328,9.979999542236328,200,0.0,0.0
2022-12-07 00:00:00-05:00,9.979999542236328,9.979999542236328,9.979999542236328,9.979999542236328,0,0.0,0.0
2022-12-08 00:00:00-05:00,9.98009967803955,9.98009967803955,9.98009967803955,9.98009967803955,100,0.0,0.0
2022-12-09 00:00:00-05:00,9.989999771118164,9.989999771118164,9.989999771118164,9.989999771118164,148500,0.0,0.0
2022-12-12 00:00:00-05:00,9.989999771118164,9.989999771118164,9.989999771118164,9.989999771118164,0,0.0,0.0
2022-12-13 00:00:00-05:00,9.989999771118164,9.989999771118164,9.989999771118164,9.989999771118164,0,0.0,0.0
2022-12-14 00:00:00-05:00,9.989999771118164,9.989999771118164,9.989999771118164,9.989999771118164,933,0.0,0.0
2022-12-15 00:00:00-05:00,9.979999542236328,9.988300323486328,9.979999542236328,9.988300323486328,265,0.0,0.0
2022-12-16 00:00:00-05:00,9.979999542236328,9.979999542236328,9.979999542236328,9.979999542236328,500283,0.0,0.0
2022-12-19 00:00:00-05:00,9.989999771118164,9.989999771118164,9.979999542236328,9.979999542236328,283,0.0,0.0
2022-12-20 00:00:00-05:00,10.0,10.0,10.0,10.0,5000,0.0,0.0
2022-12-21 00:00:00-05:00,10.029999732971191,10.029999732971191,10.029999732971191,10.029999732971191,200,0.0,0.0
2022-12-22 00:00:00-05:00,10.029999732971191,10.029999732971191,10.029999732971191,10.029999732971191,0,0.0,0.0
2022-12-23 00:00:00-05:00,10.029999732971191,10.029999732971191,10.029999732971191,10.029999732971191,0,0.0,0.0
2022-12-27 00:00:00-05:00,10.029999732971191,10.029999732971191,10.029999732971191,10.029999732971191,0,0.0,0.0
2022-12-28 00:00:00-05:00,10.029999732971191,10.029999732971191,10.029999732971191,10.029999732971191,0,0.0,0.0
2022-12-29 00:00:00-05:00,10.029999732971191,10.029999732971191,10.029999732971191,10.029999732971191,0,0.0,0.0
2022-12-30 00:00:00-05:00,10.09000015258789,10.199999809265137,10.09000015258789,10.199999809265137,954,0.0,0.0
2023-01-03 00:00:00-05:00,10.010000228881836,10.050000190734863,10.010000228881836,10.029999732971191,31269,0.0,0.0
2023-01-04 00:00:00-05:00,10.029999732971191,10.029999732971191,10.029999732971191,10.029999732971191,0,0.0,0.0
2023-01-05 00:00:00-05:00,10.029999732971191,10.029999732971191,10.029999732971191,10.029999732971191,0,0.0,0.0
2023-01-06 00:00:00-05:00,10.050000190734863,10.069999694824219,10.020000457763672,10.069999694824219,18708,0.0,0.0
2023-01-09 00:00:00-05:00,10.0649995803833,10.079999923706055,10.0649995803833,10.079999923706055,208,0.0,0.0
2023-01-10 00:00:00-05:00,10.079999923706055,10.079999923706055,10.079999923706055,10.079999923706055,250,0.0,0.0
2023-01-11 00:00:00-05:00,10.079999923706055,10.079999923706055,10.074999809265137,10.074999809265137,269,0.0,0.0
2023-01-12 00:00:00-05:00,10.079999923706055,10.100000381469727,10.020000457763672,10.09000015258789,1508,0.0,0.0
2023-01-13 00:00:00-05:00,10.085000038146973,10.085000038146973,10.085000038146973,10.085000038146973,200,0.0,0.0
2023-01-17 00:00:00-05:00,9.699999809265137,10.25,9.550000190734863,10.100000381469727,3266,0.0,0.0
2023-01-18 00:00:00-05:00,10.119999885559082,10.119999885559082,10.119999885559082,10.119999885559082,530,0.0,0.0
2023-01-19 00:00:00-05:00,10.050000190734863,10.050000190734863,10.050000190734863,10.050000190734863,1000,0.0,0.0
2023-01-20 00:00:00-05:00,10.050000190734863,10.050000190734863,10.050000190734863,10.050000190734863,0,0.0,0.0
2023-01-23 00:00:00-05:00,10.050000190734863,10.050000190734863,10.050000190734863,10.050000190734863,0,0.0,0.0
2023-01-24 00:00:00-05:00,10.050000190734863,10.050000190734863,10.050000190734863,10.050000190734863,0,0.0,0.0
2023-01-25 00:00:00-05:00,10.050000190734863,10.050000190734863,10.050000190734863,10.050000190734863,0,0.0,0.0
2023-01-26 00:00:00-05:00,10.234999656677246,10.59000015258789,10.100099563598633,10.109999656677246,2172,0.0,0.0
2023-01-27 00:00:00-05:00,10.109999656677246,10.109999656677246,10.109999656677246,10.109999656677246,0,0.0,0.0
2023-01-30 00:00:00-05:00,10.109999656677246,10.109999656677246,10.109999656677246,10.109999656677246,0,0.0,0.0
2023-01-31 00:00:00-05:00,10.109999656677246,10.109999656677246,10.109999656677246,10.109999656677246,0,0.0,0.0
2023-02-01 00:00:00-05:00,10.109999656677246,10.109999656677246,10.109999656677246,10.109999656677246,0,0.0,0.0
2023-02-02 00:00:00-05:00,10.109999656677246,10.109999656677246,10.109999656677246,10.109999656677246,0,0.0,0.0
2023-02-03 00:00:00-05:00,10.140000343322754,10.140000343322754,10.140000343322754,10.140000343322754,100,0.0,0.0
2023-02-06 00:00:00-05:00,10.140000343322754,10.140000343322754,10.140000343322754,10.140000343322754,100,0.0,0.0
2023-02-07 00:00:00-05:00,10.140000343322754,10.140000343322754,10.140000343322754,10.140000343322754,100,0.0,0.0
2023-02-08 00:00:00-05:00,10.140000343322754,10.140000343322754,10.140000343322754,10.140000343322754,0,0.0,0.0
2023-02-09 00:00:00-05:00,10.119999885559082,10.180000305175781,10.090399742126465,10.130000114440918,3100,0.0,0.0
2023-02-10 00:00:00-05:00,10.130000114440918,10.130000114440918,10.130000114440918,10.130000114440918,0,0.0,0.0
2023-02-13 00:00:00-05:00,10.130000114440918,10.130000114440918,10.130000114440918,10.130000114440918,0,0.0,0.0
2023-02-14 00:00:00-05:00,10.130000114440918,10.130000114440918,10.130000114440918,10.130000114440918,0,0.0,0.0
2023-02-15 00:00:00-05:00,10.15999984741211,10.2608003616333,10.149999618530273,10.170000076293945,1200,0.0,0.0
2023-02-16 00:00:00-05:00,10.210000038146973,10.210000038146973,10.210000038146973,10.210000038146973,400,0.0,0.0
2023-02-17 00:00:00-05:00,10.210000038146973,10.210000038146973,10.210000038146973,10.210000038146973,0,0.0,0.0
2023-02-21 00:00:00-05:00,10.210000038146973,10.210000038146973,10.210000038146973,10.210000038146973,0,0.0,0.0
2023-02-22 00:00:00-05:00,10.1899995803833,10.1899995803833,10.170000076293945,10.180000305175781,6170,0.0,0.0
2023-02-23 00:00:00-05:00,10.6850004196167,10.6850004196167,10.180000305175781,10.1899995803833,5622,0.0,0.0
2023-02-24 00:00:00-05:00,10.180000305175781,10.239999771118164,10.180000305175781,10.1899995803833,4306,0.0,0.0
2023-02-27 00:00:00-05:00,10.1899995803833,10.325200080871582,10.130000114440918,10.180000305175781,509184,0.0,0.0
2023-02-28 00:00:00-05:00,10.399999618530273,10.476799964904785,10.15999984741211,10.1899995803833,5209,0.0,0.0
2023-03-01 00:00:00-05:00,10.170000076293945,10.262700080871582,10.170000076293945,10.1899995803833,6222,0.0,0.0
2023-03-02 00:00:00-05:00,10.180000305175781,10.273599624633789,10.180000305175781,10.180100440979004,1177,0.0,0.0
2023-03-03 00:00:00-05:00,10.180000305175781,10.399999618530273,10.180000305175781,10.200499534606934,8202,0.0,0.0
2023-03-06 00:00:00-05:00,10.200499534606934,10.200499534606934,10.200499534606934,10.200499534606934,0,0.0,0.0
2023-03-07 00:00:00-05:00,10.25,10.815999984741211,10.210100173950195,10.210100173950195,910,0.0,0.0
2023-03-08 00:00:00-05:00,10.239999771118164,10.710000038146973,10.220000267028809,10.220000267028809,1100,0.0,0.0
2023-03-09 00:00:00-05:00,10.239999771118164,10.239999771118164,10.239999771118164,10.239999771118164,750,0.0,0.0
2023-03-10 00:00:00-05:00,10.199999809265137,10.199999809265137,10.199999809265137,10.199999809265137,1675,0.0,0.0
2023-03-13 00:00:00-04:00,10.25,10.302200317382812,10.220000267028809,10.220000267028809,915,0.0,0.0
2023-03-14 00:00:00-04:00,10.239999771118164,10.836000442504883,10.20009994506836,10.220000267028809,1801,0.0,0.0
2023-03-15 00:00:00-04:00,12.265000343322754,12.265000343322754,10.199999809265137,10.199999809265137,15118,0.0,0.0
2023-03-16 00:00:00-04:00,10.229999542236328,10.710000038146973,10.199999809265137,10.220000267028809,1539,0.0,0.0
2023-03-17 00:00:00-04:00,10.229999542236328,10.35099983215332,10.229999542236328,10.35099983215332,600,0.0,0.0
2023-03-20 00:00:00-04:00,10.35099983215332,10.35099983215332,10.35099983215332,10.35099983215332,0,0.0,0.0
2023-03-21 00:00:00-04:00,11.020000457763672,11.020000457763672,10.199999809265137,10.199999809265137,328,0.0,0.0
2023-03-22 00:00:00-04:00,10.199999809265137,10.199999809265137,10.199999809265137,10.199999809265137,0,0.0,0.0
2023-03-23 00:00:00-04:00,10.210000038146973,10.210000038146973,10.210000038146973,10.210000038146973,203,0.0,0.0
2023-03-24 00:00:00-04:00,10.220000267028809,10.220000267028809,10.220000267028809,10.220000267028809,192,0.0,0.0
2023-03-27 00:00:00-04:00,10.300000190734863,10.300000190734863,10.25,10.25,810,0.0,0.0
2023-03-28 00:00:00-04:00,10.25,10.25,10.25,10.25,0,0.0,0.0
2023-03-29 00:00:00-04:00,10.25,10.25,10.25,10.25,0,0.0,0.0
2023-03-30 00:00:00-04:00,10.25,10.25,10.25,10.25,0,0.0,0.0
2023-03-31 00:00:00-04:00,10.25,10.25,10.25,10.25,0,0.0,0.0
2023-04-03 00:00:00-04:00,10.25,10.25,10.25,10.25,0,0.0,0.0
2023-04-04 00:00:00-04:00,10.239999771118164,10.239999771118164,10.239999771118164,10.239999771118164,250,0.0,0.0
2023-04-05 00:00:00-04:00,10.239999771118164,10.239999771118164,10.239999771118164,10.239999771118164,0,0.0,0.0
2023-04-06 00:00:00-04:00,10.229999542236328,10.229999542236328,10.229999542236328,10.229999542236328,101,0.0,0.0
2023-04-10 00:00:00-04:00,10.229999542236328,10.229999542236328,10.229999542236328,10.229999542236328,0,0.0,0.0
2023-04-11 00:00:00-04:00,10.649999618530273,10.649999618530273,10.649999618530273,10.649999618530273,100,0.0,0.0
2023-04-12 00:00:00-04:00,10.649999618530273,10.649999618530273,10.649999618530273,10.649999618530273,0,0.0,0.0
2023-04-13 00:00:00-04:00,10.240099906921387,10.240099906921387,10.240099906921387,10.240099906921387,100,0.0,0.0
2023-04-14 00:00:00-04:00,10.240099906921387,10.240099906921387,10.240099906921387,10.240099906921387,0,0.0,0.0
2023-04-17 00:00:00-04:00,10.240099906921387,10.240099906921387,10.240099906921387,10.240099906921387,0,0.0,0.0
2023-04-18 00:00:00-04:00,10.210000038146973,10.210000038146973,10.210000038146973,10.210000038146973,200,0.0,0.0
2023-04-19 00:00:00-04:00,10.260000228881836,10.260000228881836,10.260000228881836,10.260000228881836,622,0.0,0.0
2023-04-20 00:00:00-04:00,10.260000228881836,10.260000228881836,10.260000228881836,10.260000228881836,0,0.0,0.0
2023-04-21 00:00:00-04:00,10.260000228881836,10.260000228881836,10.260000228881836,10.260000228881836,0,0.0,0.0
2023-04-24 00:00:00-04:00,10.260000228881836,10.260000228881836,10.260000228881836,10.260000228881836,0,0.0,0.0
2023-04-25 00:00:00-04:00,10.260000228881836,10.260000228881836,10.260000228881836,10.260000228881836,0,0.0,0.0
2023-04-26 00:00:00-04:00,10.260000228881836,10.260000228881836,10.260000228881836,10.260000228881836,0,0.0,0.0
2023-04-27 00:00:00-04:00,10.260000228881836,10.279999732971191,10.260000228881836,10.260000228881836,737,0.0,0.0
2023-04-28 00:00:00-04:00,10.255000114440918,10.260000228881836,10.255000114440918,10.260000228881836,1100,0.0,0.0
2023-05-01 00:00:00-04:00,10.260000228881836,10.260000228881836,10.260000228881836,10.260000228881836,0,0.0,0.0
2023-05-02 00:00:00-04:00,10.260000228881836,10.260000228881836,10.260000228881836,10.260000228881836,0,0.0,0.0
2023-05-03 00:00:00-04:00,10.279999732971191,10.300000190734863,10.270000457763672,10.300000190734863,23102,0.0,0.0
2023-05-04 00:00:00-04:00,10.289999961853027,10.289999961853027,10.279999732971191,10.289999961853027,1523,0.0,0.0
2023-05-05 00:00:00-04:00,10.289999961853027,10.289999961853027,10.289999961853027,10.289999961853027,0,0.0,0.0
2023-05-08 00:00:00-04:00,10.289999961853027,10.289999961853027,10.289999961853027,10.289999961853027,0,0.0,0.0
2023-05-09 00:00:00-04:00,10.290399551391602,10.290399551391602,10.289999961853027,10.289999961853027,10423,0.0,0.0
2023-05-10 00:00:00-04:00,10.300000190734863,10.300100326538086,10.300000190734863,10.300000190734863,1316,0.0,0.0
2023-05-11 00:00:00-04:00,10.3100004196167,10.3100004196167,10.289999961853027,10.289999961853027,400,0.0,0.0
2023-05-12 00:00:00-04:00,10.3100004196167,10.3100004196167,10.3100004196167,10.3100004196167,100,0.0,0.0
2023-05-15 00:00:00-04:00,10.319999694824219,10.319999694824219,10.319999694824219,10.319999694824219,707,0.0,0.0
2023-05-16 00:00:00-04:00,10.319999694824219,10.319999694824219,10.319999694824219,10.319999694824219,0,0.0,0.0
2023-05-17 00:00:00-04:00,10.34000015258789,10.350000381469727,10.34000015258789,10.350000381469727,910,0.0,0.0
2023-05-18 00:00:00-04:00,10.350000381469727,10.350000381469727,10.350000381469727,10.350000381469727,0,0.0,0.0
2023-05-19 00:00:00-04:00,10.329999923706055,10.329999923706055,10.329999923706055,10.329999923706055,84500,0.0,0.0
2023-05-22 00:00:00-04:00,10.319999694824219,10.319999694824219,10.319999694824219,10.319999694824219,121,0.0,0.0
2023-05-23 00:00:00-04:00,10.350000381469727,10.350000381469727,10.34000015258789,10.350000381469727,2103,0.0,0.0
2023-05-24 00:00:00-04:00,10.350000381469727,10.350000381469727,10.350000381469727,10.350000381469727,0,0.0,0.0
2023-05-25 00:00:00-04:00,10.350000381469727,10.350000381469727,10.350000381469727,10.350000381469727,1709,0.0,0.0
2023-05-26 00:00:00-04:00,10.350000381469727,10.350000381469727,10.350000381469727,10.350000381469727,0,0.0,0.0
2023-05-30 00:00:00-04:00,10.350000381469727,10.350000381469727,10.350000381469727,10.350000381469727,0,0.0,0.0
2023-05-31 00:00:00-04:00,10.350000381469727,10.350000381469727,10.350000381469727,10.350000381469727,0,0.0,0.0
2023-06-01 00:00:00-04:00,10.350000381469727,10.350000381469727,10.350000381469727,10.350000381469727,0,0.0,0.0
2023-06-02 00:00:00-04:00,10.350000381469727,10.350000381469727,10.350000381469727,10.350000381469727,0,0.0,0.0
2023-06-05 00:00:00-04:00,10.34000015258789,10.34000015258789,10.34000015258789,10.34000015258789,100,0.0,0.0
2023-06-06 00:00:00-04:00,10.300000190734863,10.300000190734863,10.300000190734863,10.300000190734863,100,0.0,0.0
2023-06-07 00:00:00-04:00,10.300000190734863,10.300000190734863,10.300000190734863,10.300000190734863,102,0.0,0.0
2023-06-08 00:00:00-04:00,10.34000015258789,10.34000015258789,10.34000015258789,10.34000015258789,100,0.0,0.0
2023-06-09 00:00:00-04:00,10.319999694824219,10.319999694824219,10.319999694824219,10.319999694824219,100,0.0,0.0
2023-06-12 00:00:00-04:00,10.319999694824219,10.319999694824219,10.319999694824219,10.319999694824219,100,0.0,0.0
2023-06-13 00:00:00-04:00,10.380000114440918,10.380000114440918,10.380000114440918,10.380000114440918,100,0.0,0.0
2023-06-14 00:00:00-04:00,10.319999694824219,10.319999694824219,10.319999694824219,10.319999694824219,100,0.0,0.0
2023-06-15 00:00:00-04:00,10.289999961853027,10.289999961853027,10.289999961853027,10.289999961853027,100,0.0,0.0
2023-06-16 00:00:00-04:00,10.289999961853027,10.289999961853027,10.289999961853027,10.289999961853027,0,0.0,0.0
2023-06-20 00:00:00-04:00,10.359999656677246,10.399999618530273,10.319999694824219,10.329999923706055,1696,0.0,0.0
2023-06-21 00:00:00-04:00,10.380000114440918,10.423999786376953,10.350000381469727,10.390000343322754,1284,0.0,0.0
2023-06-22 00:00:00-04:00,10.390000343322754,10.390000343322754,10.390000343322754,10.390000343322754,0,0.0,0.0
2023-06-23 00:00:00-04:00,10.40999984741211,10.40999984741211,10.399999618530273,10.399999618530273,400,0.0,0.0
2023-06-26 00:00:00-04:00,10.390000343322754,10.390000343322754,10.390000343322754,10.390000343322754,250,0.0,0.0
2023-06-27 00:00:00-04:00,10.390000343322754,10.390000343322754,10.390000343322754,10.390000343322754,0,0.0,0.0
2023-06-28 00:00:00-04:00,10.420000076293945,10.420000076293945,10.40999984741211,10.40999984741211,1100,0.0,0.0
2023-06-29 00:00:00-04:00,10.40999984741211,10.40999984741211,10.40999984741211,10.40999984741211,0,0.0,0.0
2023-06-30 00:00:00-04:00,10.40999984741211,10.40999984741211,10.40999984741211,10.40999984741211,0,0.0,0.0
2023-07-03 00:00:00-04:00,10.40999984741211,10.40999984741211,10.40999984741211,10.40999984741211,0,0.0,0.0
2023-07-05 00:00:00-04:00,10.430000305175781,10.430000305175781,10.430000305175781,10.430000305175781,533,0.0,0.0
2023-07-06 00:00:00-04:00,10.430000305175781,10.430000305175781,10.430000305175781,10.430000305175781,500,0.0,0.0
2023-07-07 00:00:00-04:00,10.430000305175781,10.430000305175781,10.430000305175781,10.430000305175781,0,0.0,0.0
2023-07-10 00:00:00-04:00,10.430000305175781,10.430000305175781,10.430000305175781,10.430000305175781,0,0.0,0.0
2023-07-11 00:00:00-04:00,10.460000038146973,10.460000038146973,10.460000038146973,10.460000038146973,400,0.0,0.0
2023-07-12 00:00:00-04:00,10.460000038146973,10.460000038146973,10.460000038146973,10.460000038146973,0,0.0,0.0
2023-07-13 00:00:00-04:00,10.460000038146973,10.460000038146973,10.460000038146973,10.460000038146973,0,0.0,0.0
2023-07-14 00:00:00-04:00,10.4399995803833,10.4399995803833,10.4399995803833,10.4399995803833,3557,0.0,0.0
2023-07-17 00:00:00-04:00,10.4399995803833,10.4399995803833,10.4399995803833,10.4399995803833,0,0.0,0.0
2023-07-18 00:00:00-04:00,10.4399995803833,10.4399995803833,10.4399995803833,10.4399995803833,0,0.0,0.0
2023-07-19 00:00:00-04:00,10.300000190734863,10.300000190734863,10.300000190734863,10.300000190734863,825,0.0,0.0
2023-07-20 00:00:00-04:00,10.430000305175781,10.430000305175781,10.430000305175781,10.430000305175781,857,0.0,0.0
2023-07-21 00:00:00-04:00,10.430000305175781,10.430000305175781,10.430000305175781,10.430000305175781,0,0.0,0.0
2023-07-24 00:00:00-04:00,10.430000305175781,10.430000305175781,10.430000305175781,10.430000305175781,0,0.0,0.0
2023-07-25 00:00:00-04:00,10.430000305175781,10.430000305175781,10.430000305175781,10.430000305175781,0,0.0,0.0
2023-07-26 00:00:00-04:00,10.430000305175781,10.430000305175781,10.430000305175781,10.430000305175781,0,0.0,0.0
2023-07-27 00:00:00-04:00,10.430000305175781,10.430000305175781,10.430000305175781,10.430000305175781,0,0.0,0.0
2023-07-28 00:00:00-04:00,10.430000305175781,10.430000305175781,10.430000305175781,10.430000305175781,0,0.0,0.0
2023-07-31 00:00:00-04:00,10.430000305175781,10.430000305175781,10.430000305175781,10.430000305175781,0,0.0,0.0
2023-08-01 00:00:00-04:00,10.430000305175781,10.430000305175781,10.430000305175781,10.430000305175781,0,0.0,0.0
2023-08-02 00:00:00-04:00,10.430000305175781,10.430000305175781,10.430000305175781,10.430000305175781,0,0.0,0.0
2023-08-03 00:00:00-04:00,10.430000305175781,10.430000305175781,10.430000305175781,10.430000305175781,0,0.0,0.0
2023-08-04 00:00:00-04:00,10.430000305175781,10.430000305175781,10.430000305175781,10.430000305175781,0,0.0,0.0
2023-08-07 00:00:00-04:00,10.430000305175781,10.430000305175781,10.430000305175781,10.430000305175781,0,0.0,0.0
2023-08-08 00:00:00-04:00,10.430000305175781,10.430000305175781,10.430000305175781,10.430000305175781,0,0.0,0.0
2023-08-09 00:00:00-04:00,10.430000305175781,10.430000305175781,10.430000305175781,10.430000305175781,0,0.0,0.0
2023-08-10 00:00:00-04:00,10.430000305175781,10.430000305175781,10.430000305175781,10.430000305175781,0,0.0,0.0
2023-08-11 00:00:00-04:00,10.430000305175781,10.430000305175781,10.430000305175781,10.430000305175781,0,0.0,0.0
2023-08-14 00:00:00-04:00,10.430000305175781,10.430000305175781,10.430000305175781,10.430000305175781,0,0.0,0.0
2023-08-15 00:00:00-04:00,10.430000305175781,10.430000305175781,10.430000305175781,10.430000305175781,0,0.0,0.0
2023-08-16 00:00:00-04:00,10.430000305175781,10.430000305175781,10.430000305175781,10.430000305175781,0,0.0,0.0
2023-08-17 00:00:00-04:00,10.5,10.5,10.5,10.5,3360,0.0,0.0
2023-08-18 00:00:00-04:00,10.539999961853027,10.539999961853027,10.479999542236328,10.479999542236328,652,0.0,0.0
2023-08-21 00:00:00-04:00,10.479999542236328,10.479999542236328,10.479999542236328,10.479999542236328,0,0.0,0.0
2023-08-22 00:00:00-04:00,10.479999542236328,10.479999542236328,10.479999542236328,10.479999542236328,0,0.0,0.0
2023-08-23 00:00:00-04:00,10.479999542236328,10.479999542236328,10.479999542236328,10.479999542236328,0,0.0,0.0
2023-08-24 00:00:00-04:00,10.479999542236328,10.479999542236328,10.479999542236328,10.479999542236328,0,0.0,0.0
2023-08-25 00:00:00-04:00,10.479999542236328,10.479999542236328,10.479999542236328,10.479999542236328,0,0.0,0.0
2023-08-28 00:00:00-04:00,10.479999542236328,10.479999542236328,10.479999542236328,10.479999542236328,0,0.0,0.0
2023-08-29 00:00:00-04:00,10.479999542236328,10.479999542236328,10.479999542236328,10.479999542236328,0,0.0,0.0
2023-08-30 00:00:00-04:00,10.479999542236328,10.479999542236328,10.479999542236328,10.479999542236328,0,0.0,0.0
2023-08-31 00:00:00-04:00,10.479999542236328,10.479999542236328,10.479999542236328,10.479999542236328,0,0.0,0.0
2023-09-01 00:00:00-04:00,10.479999542236328,10.479999542236328,10.479999542236328,10.479999542236328,0,0.0,0.0
2023-09-05 00:00:00-04:00,10.479999542236328,10.479999542236328,10.479999542236328,10.479999542236328,0,0.0,0.0
2023-09-06 00:00:00-04:00,10.479999542236328,10.479999542236328,10.479999542236328,10.479999542236328,0,0.0,0.0
2023-09-07 00:00:00-04:00,10.479999542236328,10.479999542236328,10.479999542236328,10.479999542236328,0,0.0,0.0
2023-09-08 00:00:00-04:00,9.710000038146973,9.710000038146973,9.710000038146973,9.710000038146973,288,0.0,0.0
2023-09-11 00:00:00-04:00,10.430000305175781,10.600000381469727,10.430000305175781,10.600000381469727,1040,0.0,0.0
2023-09-12 00:00:00-04:00,10.600000381469727,10.600000381469727,10.600000381469727,10.600000381469727,0,0.0,0.0
2023-09-13 00:00:00-04:00,10.600000381469727,10.600000381469727,10.600000381469727,10.600000381469727,0,0.0,0.0
2023-09-14 00:00:00-04:00,10.600000381469727,10.600000381469727,10.600000381469727,10.600000381469727,0,0.0,0.0
2023-09-15 00:00:00-04:00,10.600000381469727,10.600000381469727,10.600000381469727,10.600000381469727,0,0.0,0.0
2023-09-18 00:00:00-04:00,10.609999656677246,10.609999656677246,10.609999656677246,10.609999656677246,420,0.0,0.0
2023-09-19 00:00:00-04:00,10.609999656677246,10.609999656677246,10.609999656677246,10.609999656677246,0,0.0,0.0
2023-09-20 00:00:00-04:00,10.609999656677246,10.609999656677246,10.609999656677246,10.609999656677246,0,0.0,0.0
2023-09-21 00:00:00-04:00,10.5600004196167,10.5600004196167,10.5600004196167,10.5600004196167,150,0.0,0.0
2023-09-22 00:00:00-04:00,10.5600004196167,10.5600004196167,10.5600004196167,10.5600004196167,0,0.0,0.0
2023-09-25 00:00:00-04:00,10.630000114440918,10.640000343322754,10.600000381469727,10.619999885559082,3035,0.0,0.0
2023-09-26 00:00:00-04:00,10.619999885559082,10.619999885559082,10.619999885559082,10.619999885559082,0,0.0,0.0
2023-09-27 00:00:00-04:00,10.619999885559082,10.619999885559082,10.619999885559082,10.619999885559082,0,0.0,0.0
2023-09-28 00:00:00-04:00,10.619999885559082,10.619999885559082,10.619999885559082,10.619999885559082,0,0.0,0.0
2023-09-29 00:00:00-04:00,10.619999885559082,10.619999885559082,10.619999885559082,10.619999885559082,0,0.0,0.0
2023-10-02 00:00:00-04:00,10.619999885559082,10.619999885559082,10.619999885559082,10.619999885559082,0,0.0,0.0
2023-10-03 00:00:00-04:00,10.619999885559082,10.619999885559082,10.619999885559082,10.619999885559082,0,0.0,0.0
2023-10-04 00:00:00-04:00,10.619999885559082,10.619999885559082,10.619999885559082,10.619999885559082,0,0.0,0.0
2023-10-05 00:00:00-04:00,10.619999885559082,10.619999885559082,10.619999885559082,10.619999885559082,0,0.0,0.0
2023-10-06 00:00:00-04:00,10.619999885559082,10.619999885559082,10.619999885559082,10.619999885559082,0,0.0,0.0
2023-10-09 00:00:00-04:00,10.619999885559082,10.619999885559082,10.619999885559082,10.619999885559082,0,0.0,0.0
2023-10-10 00:00:00-04:00,10.619999885559082,10.619999885559082,10.619999885559082,10.619999885559082,0,0.0,0.0
2023-10-11 00:00:00-04:00,10.619999885559082,10.619999885559082,10.619999885559082,10.619999885559082,0,0.0,0.0
2023-10-12 00:00:00-04:00,10.619999885559082,10.619999885559082,10.619999885559082,10.619999885559082,0,0.0,0.0
2023-10-13 00:00:00-04:00,10.619999885559082,10.619999885559082,10.619999885559082,10.619999885559082,0,0.0,0.0
2023-10-16 00:00:00-04:00,10.619999885559082,10.619999885559082,10.619999885559082,10.619999885559082,0,0.0,0.0
2023-10-17 00:00:00-04:00,10.619999885559082,10.619999885559082,10.619999885559082,10.619999885559082,0,0.0,0.0
2023-10-18 00:00:00-04:00,10.619999885559082,10.619999885559082,10.619999885559082,10.619999885559082,0,0.0,0.0
2023-10-19 00:00:00-04:00,10.619999885559082,10.619999885559082,10.619999885559082,10.619999885559082,0,0.0,0.0
2023-10-20 00:00:00-04:00,10.619999885559082,10.619999885559082,10.619999885559082,10.619999885559082,0,0.0,0.0
2023-10-23 00:00:00-04:00,10.619999885559082,10.619999885559082,10.619999885559082,10.619999885559082,0,0.0,0.0
2023-10-24 00:00:00-04:00,10.619999885559082,10.619999885559082,10.619999885559082,10.619999885559082,0,0.0,0.0
2023-10-25 00:00:00-04:00,10.619999885559082,10.619999885559082,10.619999885559082,10.619999885559082,0,0.0,0.0
2023-10-26 00:00:00-04:00,10.619999885559082,10.619999885559082,10.619999885559082,10.619999885559082,0,0.0,0.0
2023-10-27 00:00:00-04:00,10.619999885559082,10.619999885559082,10.619999885559082,10.619999885559082,0,0.0,0.0
2023-10-30 00:00:00-04:00,10.619999885559082,10.619999885559082,10.619999885559082,10.619999885559082,0,0.0,0.0
2023-10-31 00:00:00-04:00,10.619999885559082,10.619999885559082,10.619999885559082,10.619999885559082,0,0.0,0.0
2023-11-01 00:00:00-04:00,10.619999885559082,10.619999885559082,10.619999885559082,10.619999885559082,0,0.0,0.0
2023-11-02 00:00:00-04:00,10.670000076293945,10.670000076293945,10.65999984741211,10.65999984741211,1074,0.0,0.0
2023-11-03 00:00:00-04:00,10.65999984741211,10.65999984741211,10.65999984741211,10.65999984741211,0,0.0,0.0
2023-11-06 00:00:00-05:00,10.65999984741211,10.65999984741211,10.65999984741211,10.65999984741211,0,0.0,0.0
2023-11-07 00:00:00-05:00,10.65999984741211,10.65999984741211,10.65999984741211,10.65999984741211,0,0.0,0.0
2023-11-08 00:00:00-05:00,10.65999984741211,10.65999984741211,10.65999984741211,10.65999984741211,0,0.0,0.0
2023-11-09 00:00:00-05:00,10.65999984741211,10.65999984741211,10.65999984741211,10.65999984741211,0,0.0,0.0
2023-11-10 00:00:00-05:00,10.65999984741211,10.65999984741211,10.65999984741211,10.65999984741211,0,0.0,0.0
2023-11-13 00:00:00-05:00,10.65999984741211,10.65999984741211,10.65999984741211,10.65999984741211,0,0.0,0.0
2023-11-14 00:00:00-05:00,10.65999984741211,10.65999984741211,10.65999984741211,10.65999984741211,0,0.0,0.0
2023-11-15 00:00:00-05:00,10.65999984741211,10.65999984741211,10.65999984741211,10.65999984741211,0,0.0,0.0
2023-11-16 00:00:00-05:00,10.619999885559082,10.619999885559082,10.619799613952637,10.619799613952637,499,0.0,0.0
2023-11-17 00:00:00-05:00,10.619799613952637,10.619799613952637,10.619799613952637,10.619799613952637,0,0.0,0.0
2023-11-20 00:00:00-05:00,10.640000343322754,10.640000343322754,10.609999656677246,10.640000343322754,10645,0.0,0.0
2023-11-21 00:00:00-05:00,10.640000343322754,10.640000343322754,10.640000343322754,10.640000343322754,0,0.0,0.0
2023-11-22 00:00:00-05:00,10.640000343322754,10.640000343322754,10.640000343322754,10.640000343322754,0,0.0,0.0
2023-11-24 00:00:00-05:00,10.640000343322754,10.640000343322754,10.640000343322754,10.640000343322754,0,0.0,0.0
2023-11-27 00:00:00-05:00,10.640000343322754,10.640000343322754,10.640000343322754,10.640000343322754,0,0.0,0.0
2023-11-28 00:00:00-05:00,10.640000343322754,10.640000343322754,10.640000343322754,10.640000343322754,0,0.0,0.0
2023-11-29 00:00:00-05:00,10.640000343322754,10.640000343322754,10.640000343322754,10.640000343322754,0,0.0,0.0
2023-11-30 00:00:00-05:00,10.640000343322754,10.640000343322754,10.640000343322754,10.640000343322754,0,0.0,0.0
2023-12-01 00:00:00-05:00,10.640000343322754,10.640000343322754,10.640000343322754,10.640000343322754,0,0.0,0.0
2023-12-04 00:00:00-05:00,10.640000343322754,10.640000343322754,10.640000343322754,10.640000343322754,0,0.0,0.0
2023-12-05 00:00:00-05:00,10.640000343322754,10.640000343322754,10.640000343322754,10.640000343322754,0,0.0,0.0
2023-12-06 00:00:00-05:00,10.640000343322754,10.640000343322754,10.640000343322754,10.640000343322754,0,0.0,0.0
2023-12-07 00:00:00-05:00,10.640000343322754,10.640000343322754,10.640000343322754,10.640000343322754,0,0.0,0.0
2023-12-08 00:00:00-05:00,10.640000343322754,10.640000343322754,10.640000343322754,10.640000343322754,0,0.0,0.0
2023-12-11 00:00:00-05:00,10.640000343322754,10.640000343322754,10.640000343322754,10.640000343322754,0,0.0,0.0
2023-12-12 00:00:00-05:00,10.640000343322754,10.640000343322754,10.640000343322754,10.640000343322754,0,0.0,0.0
2023-12-13 00:00:00-05:00,10.640000343322754,10.640000343322754,10.640000343322754,10.640000343322754,0,0.0,0.0
2023-12-14 00:00:00-05:00,10.640000343322754,10.640000343322754,10.640000343322754,10.640000343322754,0,0.0,0.0
2023-12-15 00:00:00-05:00,10.720000267028809,10.729999542236328,10.720000267028809,10.729999542236328,400,0.0,0.0
2023-12-18 00:00:00-05:00,10.729999542236328,10.729999542236328,10.729999542236328,10.729999542236328,0,0.0,0.0
2023-12-19 00:00:00-05:00,10.729999542236328,10.729999542236328,10.729999542236328,10.729999542236328,0,0.0,0.0
2023-12-20 00:00:00-05:00,10.729999542236328,10.729999542236328,10.729999542236328,10.729999542236328,0,0.0,0.0
2023-12-21 00:00:00-05:00,10.729999542236328,10.729999542236328,10.729999542236328,10.729999542236328,0,0.0,0.0
2023-12-22 00:00:00-05:00,10.729999542236328,10.729999542236328,10.729999542236328,10.729999542236328,0,0.0,0.0
2023-12-26 00:00:00-05:00,10.729999542236328,10.729999542236328,10.729999542236328,10.729999542236328,0,0.0,0.0
2023-12-27 00:00:00-05:00,10.729999542236328,10.729999542236328,10.729999542236328,10.729999542236328,0,0.0,0.0
2023-12-28 00:00:00-05:00,10.729999542236328,10.729999542236328,10.729999542236328,10.729999542236328,0,0.0,0.0
2023-12-29 00:00:00-05:00,10.729999542236328,10.729999542236328,10.729999542236328,10.729999542236328,0,0.0,0.0
2024-01-02 00:00:00-05:00,10.729999542236328,10.729999542236328,10.729999542236328,10.729999542236328,0,0.0,0.0
2024-01-03 00:00:00-05:00,10.729999542236328,10.729999542236328,10.729999542236328,10.729999542236328,0,0.0,0.0
2024-01-04 00:00:00-05:00,10.729999542236328,10.729999542236328,10.729999542236328,10.729999542236328,0,0.0,0.0
2024-01-05 00:00:00-05:00,10.729999542236328,10.729999542236328,10.720000267028809,10.729999542236328,1357,0.0,0.0
2024-01-08 00:00:00-05:00,10.729999542236328,10.729999542236328,10.729999542236328,10.729999542236328,0,0.0,0.0
2024-01-09 00:00:00-05:00,10.729999542236328,10.729999542236328,10.729999542236328,10.729999542236328,0,0.0,0.0
2024-01-10 00:00:00-05:00,10.729999542236328,10.729999542236328,10.729999542236328,10.729999542236328,0,0.0,0.0
2024-01-11 00:00:00-05:00,10.729999542236328,10.729999542236328,10.729999542236328,10.729999542236328,0,0.0,0.0
2024-01-12 00:00:00-05:00,10.729999542236328,10.729999542236328,10.729999542236328,10.729999542236328,0,0.0,0.0
2024-01-16 00:00:00-05:00,10.729999542236328,10.729999542236328,10.729999542236328,10.729999542236328,100,0.0,0.0
2024-01-17 00:00:00-05:00,10.729999542236328,10.729999542236328,10.729999542236328,10.729999542236328,0,0.0,0.0
2024-01-18 00:00:00-05:00,10.729999542236328,10.729999542236328,10.729999542236328,10.729999542236328,0,0.0,0.0
2024-01-19 00:00:00-05:00,10.619999885559082,10.619999885559082,10.600000381469727,10.600000381469727,15508,0.0,0.0
2024-01-22 00:00:00-05:00,10.600000381469727,10.600000381469727,10.600000381469727,10.600000381469727,0,0.0,0.0
2024-01-23 00:00:00-05:00,10.600000381469727,10.600000381469727,10.600000381469727,10.600000381469727,120,0.0,0.0
2024-01-24 00:00:00-05:00,10.600000381469727,10.600000381469727,10.600000381469727,10.600000381469727,0,0.0,0.0
2024-01-25 00:00:00-05:00,10.600000381469727,10.600000381469727,10.600000381469727,10.600000381469727,0,0.0,0.0
2024-01-26 00:00:00-05:00,10.600000381469727,10.600000381469727,10.600000381469727,10.600000381469727,0,0.0,0.0
2024-01-29 00:00:00-05:00,10.600000381469727,10.600000381469727,10.600000381469727,10.600000381469727,0,0.0,0.0
2024-01-30 00:00:00-05:00,10.600000381469727,10.600000381469727,10.600000381469727,10.600000381469727,0,0.0,0.0
2024-01-31 00:00:00-05:00,10.600000381469727,10.600000381469727,10.600000381469727,10.600000381469727,0,0.0,0.0
2024-02-01 00:00:00-05:00,10.600000381469727,10.600000381469727,10.600000381469727,10.600000381469727,0,0.0,0.0
2024-02-02 00:00:00-05:00,10.600000381469727,10.600000381469727,10.600000381469727,10.600000381469727,300,0.0,0.0
2024-02-05 00:00:00-05:00,10.600000381469727,10.600000381469727,10.600000381469727,10.600000381469727,0,0.0,0.0
2024-02-06 00:00:00-05:00,10.600000381469727,10.600000381469727,10.600000381469727,10.600000381469727,0,0.0,0.0
2024-02-07 00:00:00-05:00,10.600000381469727,10.600000381469727,10.600000381469727,10.600000381469727,0,0.0,0.0
2024-02-08 00:00:00-05:00,10.600000381469727,10.600000381469727,10.600000381469727,10.600000381469727,0,0.0,0.0
2024-02-09 00:00:00-05:00,10.600000381469727,10.600000381469727,10.600000381469727,10.600000381469727,0,0.0,0.0
2024-02-12 00:00:00-05:00,10.600000381469727,10.600000381469727,10.600000381469727,10.600000381469727,0,0.0,0.0
2024-02-13 00:00:00-05:00,10.600600242614746,10.600600242614746,10.600600242614746,10.600600242614746,100,0.0,0.0
2024-02-14 00:00:00-05:00,10.600600242614746,10.600600242614746,10.600600242614746,10.600600242614746,0,0.0,0.0
2024-02-15 00:00:00-05:00,10.600600242614746,10.600600242614746,10.600600242614746,10.600600242614746,0,0.0,0.0
2024-02-16 00:00:00-05:00,10.600600242614746,10.600600242614746,10.600600242614746,10.600600242614746,0,0.0,0.0
2024-02-20 00:00:00-05:00,10.600600242614746,10.600600242614746,10.600600242614746,10.600600242614746,0,0.0,0.0
2024-02-21 00:00:00-05:00,10.600600242614746,10.600600242614746,10.600600242614746,10.600600242614746,0,0.0,0.0
2024-02-22 00:00:00-05:00,10.600600242614746,10.600600242614746,10.600600242614746,10.600600242614746,0,0.0,0.0
2024-02-23 00:00:00-05:00,10.600600242614746,10.600600242614746,10.600600242614746,10.600600242614746,0,0.0,0.0
2024-02-26 00:00:00-05:00,10.600600242614746,10.600600242614746,10.600600242614746,10.600600242614746,0,0.0,0.0
2024-02-27 00:00:00-05:00,10.600600242614746,10.600600242614746,10.600600242614746,10.600600242614746,0,0.0,0.0
2024-02-28 00:00:00-05:00,10.600600242614746,10.600600242614746,10.600600242614746,10.600600242614746,0,0.0,0.0
2024-02-29 00:00:00-05:00,10.600600242614746,10.600600242614746,10.600600242614746,10.600600242614746,0,0.0,0.0
2024-03-01 00:00:00-05:00,11.083200454711914,11.083200454711914,10.630000114440918,10.630000114440918,602,0.0,0.0
2024-03-04 00:00:00-05:00,10.630000114440918,10.630000114440918,10.630000114440918,10.630000114440918,0,0.0,0.0
2024-03-05 00:00:00-05:00,10.630000114440918,10.630000114440918,10.630000114440918,10.630000114440918,0,0.0,0.0
2024-03-06 00:00:00-05:00,10.600000381469727,10.600000381469727,10.600000381469727,10.600000381469727,164,0.0,0.0
2024-03-07 00:00:00-05:00,10.600000381469727,10.600000381469727,10.600000381469727,10.600000381469727,500,0.0,0.0
2024-03-08 00:00:00-05:00,10.600000381469727,10.600000381469727,10.600000381469727,10.600000381469727,0,0.0,0.0
2024-03-11 00:00:00-04:00,10.600000381469727,10.600000381469727,10.600000381469727,10.600000381469727,0,0.0,0.0
2024-03-12 00:00:00-04:00,10.600000381469727,10.600000381469727,10.600000381469727,10.600000381469727,0,0.0,0.0
2024-03-13 00:00:00-04:00,10.600000381469727,10.600000381469727,10.600000381469727,10.600000381469727,0,0.0,0.0
2024-03-14 00:00:00-04:00,10.600000381469727,10.600000381469727,10.600000381469727,10.600000381469727,0,0.0,0.0
2024-03-15 00:00:00-04:00,10.600000381469727,10.600000381469727,10.600000381469727,10.600000381469727,0,0.0,0.0
2024-03-18 00:00:00-04:00,10.600000381469727,10.600000381469727,10.600000381469727,10.600000381469727,0,0.0,0.0
2024-03-19 00:00:00-04:00,10.600000381469727,10.600000381469727,10.600000381469727,10.600000381469727,0,0.0,0.0
2024-03-20 00:00:00-04:00,10.600000381469727,10.600000381469727,10.600000381469727,10.600000381469727,0,0.0,0.0
2024-03-21 00:00:00-04:00,10.600000381469727,10.600000381469727,10.600000381469727,10.600000381469727,0,0.0,0.0
2024-03-22 00:00:00-04:00,10.609999656677246,10.609999656677246,10.5600004196167,10.5600004196167,25200,0.0,0.0
2024-03-25 00:00:00-04:00,10.609999656677246,10.609999656677246,10.609999656677246,10.609999656677246,101,0.0,0.0
2024-03-26 00:00:00-04:00,10.609999656677246,10.609999656677246,10.609999656677246,10.609999656677246,0,0.0,0.0
2024-03-27 00:00:00-04:00,10.609999656677246,10.609999656677246,10.609999656677246,10.609999656677246,0,0.0,0.0
2024-03-28 00:00:00-04:00,10.609999656677246,10.609999656677246,10.609999656677246,10.609999656677246,0,0.0,0.0
2024-04-01 00:00:00-04:00,10.569999694824219,10.569999694824219,10.569999694824219,10.569999694824219,437,0.0,0.0
2024-04-02 00:00:00-04:00,10.569999694824219,10.569999694824219,10.569999694824219,10.569999694824219,0,0.0,0.0
2024-04-03 00:00:00-04:00,10.569999694824219,10.569999694824219,10.569999694824219,10.569999694824219,0,0.0,0.0
2024-04-04 00:00:00-04:00,10.569999694824219,10.569999694824219,10.569999694824219,10.569999694824219,0,0.0,0.0
2024-04-05 00:00:00-04:00,10.569999694824219,10.569999694824219,10.569999694824219,10.569999694824219,0,0.0,0.0
2024-04-08 00:00:00-04:00,10.569999694824219,10.569999694824219,10.569999694824219,10.569999694824219,0,0.0,0.0
2024-04-09 00:00:00-04:00,10.59000015258789,10.59000015258789,10.59000015258789,10.59000015258789,102,0.0,0.0
2024-04-10 00:00:00-04:00,10.670000076293945,10.670000076293945,10.569999694824219,10.569999694824219,272,0.0,0.0
2024-04-11 00:00:00-04:00,10.579999923706055,10.579999923706055,10.579999923706055,10.579999923706055,120,0.0,0.0
2024-04-12 00:00:00-04:00,10.579999923706055,10.579999923706055,10.579999923706055,10.579999923706055,222,0.0,0.0
2024-04-15 00:00:00-04:00,10.670000076293945,10.670000076293945,10.670000076293945,10.670000076293945,255,0.0,0.0
2024-04-16 00:00:00-04:00,10.569999694824219,10.569999694824219,10.569999694824219,10.569999694824219,140,0.0,0.0
2024-04-17 00:00:00-04:00,10.569999694824219,10.569999694824219,10.569999694824219,10.569999694824219,160,0.0,0.0
2024-04-18 00:00:00-04:00,10.569999694824219,10.665800094604492,10.569999694824219,10.569999694824219,560,0.0,0.0
2024-04-19 00:00:00-04:00,10.569999694824219,10.569999694824219,10.569999694824219,10.569999694824219,0,0.0,0.0
2024-04-22 00:00:00-04:00,10.569999694824219,10.569999694824219,10.569999694824219,10.569999694824219,0,0.0,0.0
2024-04-23 00:00:00-04:00,10.569999694824219,10.569999694824219,10.569999694824219,10.569999694824219,0,0.0,0.0
2024-04-24 00:00:00-04:00,10.569999694824219,10.569999694824219,10.569999694824219,10.569999694824219,0,0.0,0.0
2024-04-25 00:00:00-04:00,10.569999694824219,10.569999694824219,10.569999694824219,10.569999694824219,0,0.0,0.0
2024-04-26 00:00:00-04:00,10.600000381469727,10.600000381469727,10.600000381469727,10.600000381469727,120,0.0,0.0
2024-04-29 00:00:00-04:00,10.600000381469727,10.600000381469727,10.600000381469727,10.600000381469727,120,0.0,0.0
2024-04-30 00:00:00-04:00,10.600000381469727,10.600000381469727,10.600000381469727,10.600000381469727,100,0.0,0.0
2024-05-01 00:00:00-04:00,10.600000381469727,10.600000381469727,10.600000381469727,10.600000381469727,140,0.0,0.0
2024-05-02 00:00:00-04:00,10.609999656677246,10.609999656677246,10.609999656677246,10.609999656677246,110,0.0,0.0
2024-05-03 00:00:00-04:00,10.609999656677246,10.609999656677246,10.609999656677246,10.609999656677246,110,0.0,0.0
2024-05-06 00:00:00-04:00,10.609999656677246,10.609999656677246,10.609999656677246,10.609999656677246,110,0.0,0.0
2024-05-07 00:00:00-04:00,10.609999656677246,10.609999656677246,10.609999656677246,10.609999656677246,110,0.0,0.0
2024-05-08 00:00:00-04:00,10.609999656677246,10.609999656677246,10.609999656677246,10.609999656677246,110,0.0,0.0
2024-05-09 00:00:00-04:00,10.609999656677246,10.609999656677246,10.609999656677246,10.609999656677246,100,0.0,0.0
2024-05-10 00:00:00-04:00,10.59000015258789,10.59000015258789,10.59000015258789,10.59000015258789,110,0.0,0.0
2024-05-13 00:00:00-04:00,10.609999656677246,10.609999656677246,10.609999656677246,10.609999656677246,104,0.0,0.0
2024-05-14 00:00:00-04:00,10.609999656677246,10.609999656677246,10.609999656677246,10.609999656677246,100,0.0,0.0
2024-05-15 00:00:00-04:00,10.560099601745605,10.609999656677246,10.560099601745605,10.609999656677246,600,0.0,0.0
2024-05-16 00:00:00-04:00,10.609999656677246,10.609999656677246,10.609999656677246,10.609999656677246,0,0.0,0.0
2024-05-17 00:00:00-04:00,10.609999656677246,10.609999656677246,10.609999656677246,10.609999656677246,0,0.0,0.0
2024-05-20 00:00:00-04:00,10.779999732971191,11.000200271606445,10.6899995803833,10.770000457763672,3400,0.0,0.0
2024-05-21 00:00:00-04:00,10.899999618530273,10.899999618530273,10.779999732971191,10.779999732971191,502,0.0,0.0
2024-05-22 00:00:00-04:00,10.779999732971191,10.779999732971191,10.779999732971191,10.779999732971191,0,0.0,0.0
2024-05-23 00:00:00-04:00,10.779999732971191,10.779999732971191,10.779999732971191,10.779999732971191,0,0.0,0.0
2024-05-24 00:00:00-04:00,10.779999732971191,10.779999732971191,10.779999732971191,10.779999732971191,0,0.0,0.0
2024-05-28 00:00:00-04:00,10.779999732971191,10.779999732971191,10.779999732971191,10.779999732971191,0,0.0,0.0
2024-05-29 00:00:00-04:00,10.779999732971191,10.779999732971191,10.779999732971191,10.779999732971191,0,0.0,0.0
2024-05-30 00:00:00-04:00,10.779999732971191,10.779999732971191,10.779999732971191,10.779999732971191,0,0.0,0.0
2024-05-31 00:00:00-04:00,10.779999732971191,10.779999732971191,10.779999732971191,10.779999732971191,0,0.0,0.0
2024-06-03 00:00:00-04:00,10.779999732971191,10.779999732971191,10.779999732971191,10.779999732971191,0,0.0,0.0
2024-06-04 00:00:00-04:00,10.789999961853027,10.789999961853027,10.789999961853027,10.789999961853027,100,0.0,0.0
2024-06-05 00:00:00-04:00,10.789999961853027,10.789999961853027,10.789999961853027,10.789999961853027,100,0.0,0.0
2024-06-06 00:00:00-04:00,10.779999732971191,10.779999732971191,10.779999732971191,10.779999732971191,100,0.0,0.0
2024-06-07 00:00:00-04:00,10.789999961853027,10.789999961853027,10.789999961853027,10.789999961853027,100,0.0,0.0
2024-06-10 00:00:00-04:00,11.0,11.0,10.789999961853027,10.789999961853027,400,0.0,0.0
2024-06-11 00:00:00-04:00,10.789999961853027,10.789999961853027,10.789999961853027,10.789999961853027,0,0.0,0.0
2024-06-12 00:00:00-04:00,10.789999961853027,10.789999961853027,10.789999961853027,10.789999961853027,0,0.0,0.0
2024-06-13 00:00:00-04:00,10.789999961853027,10.789999961853027,10.789999961853027,10.789999961853027,0,0.0,0.0
2024-06-14 00:00:00-04:00,10.789999961853027,10.789999961853027,10.789999961853027,10.789999961853027,0,0.0,0.0
2024-06-17 00:00:00-04:00,10.789999961853027,10.789999961853027,10.789999961853027,10.789999961853027,0,0.0,0.0
2024-06-18 00:00:00-04:00,10.760000228881836,10.760000228881836,10.760000228881836,10.760000228881836,200,0.0,0.0
2024-06-20 00:00:00-04:00,10.640000343322754,10.710000038146973,10.640000343322754,10.710000038146973,200,0.0,0.0
2024-06-21 00:00:00-04:00,10.710000038146973,10.710000038146973,10.710000038146973,10.710000038146973,100,0.0,0.0
2024-06-24 00:00:00-04:00,10.760000228881836,10.760000228881836,10.760000228881836,10.760000228881836,100,0.0,0.0
2024-06-25 00:00:00-04:00,10.760000228881836,10.760000228881836,10.760000228881836,10.760000228881836,100,0.0,0.0
2024-06-26 00:00:00-04:00,10.739999771118164,10.739999771118164,10.739999771118164,10.739999771118164,100,0.0,0.0
2024-06-27 00:00:00-04:00,10.739999771118164,10.739999771118164,10.739999771118164,10.739999771118164,0,0.0,0.0
2024-06-28 00:00:00-04:00,10.739999771118164,10.739999771118164,10.739999771118164,10.739999771118164,0,0.0,0.0
2024-07-01 00:00:00-04:00,10.779999732971191,10.779999732971191,10.779999732971191,10.779999732971191,100,0.0,0.0
2024-07-02 00:00:00-04:00,10.789999961853027,10.789999961853027,10.789999961853027,10.789999961853027,100,0.0,0.0
2024-07-03 00:00:00-04:00,10.789999961853027,10.789999961853027,10.789999961853027,10.789999961853027,100,0.0,0.0
2024-07-05 00:00:00-04:00,10.789999961853027,10.789999961853027,10.789999961853027,10.789999961853027,100,0.0,0.0
2024-07-08 00:00:00-04:00,10.789999961853027,10.789999961853027,10.789999961853027,10.789999961853027,100,0.0,0.0
2024-07-09 00:00:00-04:00,10.800000190734863,10.800000190734863,10.800000190734863,10.800000190734863,100,0.0,0.0
2024-07-10 00:00:00-04:00,10.789999961853027,10.789999961853027,10.789999961853027,10.789999961853027,100,0.0,0.0
2024-07-11 00:00:00-04:00,10.800000190734863,10.800000190734863,10.800000190734863,10.800000190734863,100,0.0,0.0
2024-07-12 00:00:00-04:00,10.800000190734863,10.800000190734863,10.800000190734863,10.800000190734863,100,0.0,0.0
2024-07-15 00:00:00-04:00,10.8100004196167,10.8100004196167,10.8100004196167,10.8100004196167,100,0.0,0.0
2024-07-16 00:00:00-04:00,10.8100004196167,10.8100004196167,10.8100004196167,10.8100004196167,100,0.0,0.0
2024-07-17 00:00:00-04:00,10.800000190734863,10.800000190734863,10.800000190734863,10.800000190734863,100,0.0,0.0
2024-07-18 00:00:00-04:00,10.800000190734863,10.800000190734863,10.800000190734863,10.800000190734863,100,0.0,0.0
2024-07-19 00:00:00-04:00,10.789999961853027,10.789999961853027,10.789999961853027,10.789999961853027,100,0.0,0.0
2024-07-22 00:00:00-04:00,10.800000190734863,10.800000190734863,10.800000190734863,10.800000190734863,100,0.0,0.0
2024-07-23 00:00:00-04:00,10.8100004196167,10.8100004196167,10.8100004196167,10.8100004196167,100,0.0,0.0
2024-07-24 00:00:00-04:00,10.829999923706055,10.829999923706055,10.829999923706055,10.829999923706055,100,0.0,0.0
2024-07-25 00:00:00-04:00,10.829999923706055,10.829999923706055,10.829999923706055,10.829999923706055,100,0.0,0.0
2024-07-26 00:00:00-04:00,10.800000190734863,10.800000190734863,10.800000190734863,10.800000190734863,100,0.0,0.0
2024-07-29 00:00:00-04:00,10.800000190734863,10.800000190734863,10.800000190734863,10.800000190734863,0,0.0,0.0
2024-07-30 00:00:00-04:00,10.800000190734863,10.800000190734863,10.800000190734863,10.800000190734863,0,0.0,0.0
2024-07-31 00:00:00-04:00,10.800000190734863,10.800000190734863,10.800000190734863,10.800000190734863,0,0.0,0.0
2024-08-01 00:00:00-04:00,10.800000190734863,10.800000190734863,10.800000190734863,10.800000190734863,0,0.0,0.0
2024-08-02 00:00:00-04:00,10.800000190734863,10.800000190734863,10.800000190734863,10.800000190734863,0,0.0,0.0
2024-08-05 00:00:00-04:00,10.800000190734863,10.800000190734863,10.800000190734863,10.800000190734863,0,0.0,0.0
2024-08-06 00:00:00-04:00,10.800000190734863,10.800000190734863,10.800000190734863,10.800000190734863,0,0.0,0.0
2024-08-07 00:00:00-04:00,10.800000190734863,10.800000190734863,10.800000190734863,10.800000190734863,0,0.0,0.0
2024-08-08 00:00:00-04:00,10.800000190734863,10.800000190734863,10.800000190734863,10.800000190734863,0,0.0,0.0
2024-08-09 00:00:00-04:00,10.800000190734863,10.800000190734863,10.800000190734863,10.800000190734863,0,0.0,0.0
2024-08-12 00:00:00-04:00,10.800000190734863,10.800000190734863,10.800000190734863,10.800000190734863,0,0.0,0.0
2024-08-13 00:00:00-04:00,10.850000381469727,10.850000381469727,10.850000381469727,10.850000381469727,238,0.0,0.0
2024-08-14 00:00:00-04:00,12.09000015258789,13.630000114440918,10.760000228881836,10.760000228881836,10283,0.0,0.0
2024-08-15 00:00:00-04:00,12.029999732971191,12.399999618530273,10.710000038146973,10.710000038146973,10648,0.0,0.0
2024-08-16 00:00:00-04:00,10.850000381469727,11.399999618530273,10.850000381469727,11.399999618530273,768,0.0,0.0
2024-08-19 00:00:00-04:00,11.399999618530273,11.399999618530273,11.399999618530273,11.399999618530273,0,0.0,0.0
2024-08-20 00:00:00-04:00,11.399999618530273,11.399999618530273,11.399999618530273,11.399999618530273,0,0.0,0.0
2024-08-21 00:00:00-04:00,11.399999618530273,11.399999618530273,11.399999618530273,11.399999618530273,0,0.0,0.0
2024-08-22 00:00:00-04:00,11.399999618530273,11.399999618530273,11.399999618530273,11.399999618530273,0,0.0,0.0
2024-08-23 00:00:00-04:00,10.899999618530273,10.90999984741211,10.899999618530273,10.90999984741211,351,0.0,0.0
2024-08-26 00:00:00-04:00,10.90999984741211,10.90999984741211,10.90999984741211,10.90999984741211,0,0.0,0.0
2024-08-27 00:00:00-04:00,10.90999984741211,10.90999984741211,10.90999984741211,10.90999984741211,0,0.0,0.0
2024-08-28 00:00:00-04:00,10.729999542236328,11.75,10.729999542236328,11.75,1055,0.0,0.0
2024-08-29 00:00:00-04:00,11.75,11.75,11.75,11.75,0,0.0,0.0
2024-08-30 00:00:00-04:00,11.75,11.75,11.75,11.75,0,0.0,0.0
2024-09-03 00:00:00-04:00,10.850000381469727,10.850000381469727,10.850000381469727,10.850000381469727,215,0.0,0.0
2024-09-04 00:00:00-04:00,10.850000381469727,10.850000381469727,10.850000381469727,10.850000381469727,0,0.0,0.0
2024-09-05 00:00:00-04:00,10.850000381469727,10.850000381469727,10.850000381469727,10.850000381469727,0,0.0,0.0
2024-09-06 00:00:00-04:00,10.850000381469727,10.850000381469727,10.850000381469727,10.850000381469727,0,0.0,0.0
2024-09-09 00:00:00-04:00,10.850000381469727,10.850000381469727,10.850000381469727,10.850000381469727,0,0.0,0.0
2024-09-10 00:00:00-04:00,10.760000228881836,10.760000228881836,10.710000038146973,10.710000038146973,1000,0.0,0.0
2024-09-11 00:00:00-04:00,10.710000038146973,10.710000038146973,10.710000038146973,10.710000038146973,0,0.0,0.0
2024-09-12 00:00:00-04:00,10.710000038146973,10.710000038146973,10.710000038146973,10.710000038146973,0,0.0,0.0
2024-09-13 00:00:00-04:00,10.710000038146973,10.710000038146973,10.710000038146973,10.710000038146973,0,0.0,0.0
2024-09-16 00:00:00-04:00,10.710000038146973,10.710000038146973,10.710000038146973,10.710000038146973,0,0.0,0.0
2024-09-17 00:00:00-04:00,10.710000038146973,10.710000038146973,10.710000038146973,10.710000038146973,0,0.0,0.0
2024-09-18 00:00:00-04:00,10.710000038146973,10.710000038146973,10.710000038146973,10.710000038146973,0,0.0,0.0
2024-09-19 00:00:00-04:00,10.710000038146973,10.710000038146973,10.710000038146973,10.710000038146973,0,0.0,0.0
2024-09-20 00:00:00-04:00,10.710000038146973,10.710000038146973,10.710000038146973,10.710000038146973,0,0.0,0.0
2024-09-23 00:00:00-04:00,10.710000038146973,10.710000038146973,10.710000038146973,10.710000038146973,0,0.0,0.0
2024-09-24 00:00:00-04:00,10.710000038146973,10.710000038146973,10.710000038146973,10.710000038146973,0,0.0,0.0
2024-09-25 00:00:00-04:00,10.710000038146973,10.710000038146973,10.710000038146973,10.710000038146973,0,0.0,0.0
2024-09-26 00:00:00-04:00,10.710000038146973,10.710000038146973,10.710000038146973,10.710000038146973,0,0.0,0.0
2024-09-27 00:00:00-04:00,10.710000038146973,10.710000038146973,10.710000038146973,10.710000038146973,0,0.0,0.0
2024-09-30 00:00:00-04:00,10.710000038146973,10.710000038146973,10.710000038146973,10.710000038146973,0,0.0,0.0
2024-10-01 00:00:00-04:00,10.710000038146973,10.710000038146973,10.710000038146973,10.710000038146973,0,0.0,0.0
2024-10-02 00:00:00-04:00,10.710000038146973,10.710000038146973,10.710000038146973,10.710000038146973,0,0.0,0.0
2024-10-03 00:00:00-04:00,10.710000038146973,10.710000038146973,10.710000038146973,10.710000038146973,0,0.0,0.0
2024-10-04 00:00:00-04:00,10.710000038146973,10.710000038146973,10.710000038146973,10.710000038146973,0,0.0,0.0
2024-10-07 00:00:00-04:00,10.710000038146973,10.710000038146973,10.710000038146973,10.710000038146973,0,0.0,0.0
2024-10-08 00:00:00-04:00,11.710000038146973,11.710000038146973,10.859999656677246,10.859999656677246,981,0.0,0.0
2024-10-09 00:00:00-04:00,10.859999656677246,10.859999656677246,10.859999656677246,10.859999656677246,0,0.0,0.0
2024-10-10 00:00:00-04:00,10.859999656677246,10.859999656677246,10.859999656677246,10.859999656677246,0,0.0,0.0
2024-10-11 00:00:00-04:00,10.859999656677246,10.859999656677246,10.859999656677246,10.859999656677246,0,0.0,0.0
2024-10-14 00:00:00-04:00,10.859999656677246,10.859999656677246,10.859999656677246,10.859999656677246,0,0.0,0.0
2024-10-15 00:00:00-04:00,10.859999656677246,10.859999656677246,10.859999656677246,10.859999656677246,0,0.0,0.0
2024-10-16 00:00:00-04:00,10.930000305175781,10.930000305175781,10.90999984741211,10.90999984741211,500,0.0,0.0
2024-10-17 00:00:00-04:00,10.90999984741211,10.90999984741211,10.90999984741211,10.90999984741211,0,0.0,0.0
2024-10-18 00:00:00-04:00,10.90999984741211,10.90999984741211,10.90999984741211,10.90999984741211,0,0.0,0.0
2024-10-21 00:00:00-04:00,10.90999984741211,10.90999984741211,10.90999984741211,10.90999984741211,0,0.0,0.0
2024-10-22 00:00:00-04:00,10.960000038146973,10.960000038146973,10.930000305175781,10.930000305175781,411,0.0,0.0
2024-10-23 00:00:00-04:00,11.110099792480469,11.110099792480469,11.109999656677246,11.109999656677246,602,0.0,0.0
2024-10-24 00:00:00-04:00,11.109999656677246,11.109999656677246,11.109999656677246,11.109999656677246,0,0.0,0.0
2024-10-25 00:00:00-04:00,11.109999656677246,11.109999656677246,11.109999656677246,11.109999656677246,0,0.0,0.0
2024-10-28 00:00:00-04:00,11.109999656677246,11.109999656677246,11.109999656677246,11.109999656677246,0,0.0,0.0
2024-10-29 00:00:00-04:00,11.109999656677246,11.109999656677246,11.109999656677246,11.109999656677246,0,0.0,0.0
2024-10-30 00:00:00-04:00,11.109999656677246,11.109999656677246,11.109999656677246,11.109999656677246,0,0.0,0.0
2024-10-31 00:00:00-04:00,11.109999656677246,11.109999656677246,11.109999656677246,11.109999656677246,0,0.0,0.0
2024-11-01 00:00:00-04:00,11.109999656677246,11.109999656677246,11.109999656677246,11.109999656677246,0,0.0,0.0
2024-11-04 00:00:00-05:00,11.109999656677246,11.109999656677246,11.109999656677246,11.109999656677246,0,0.0,0.0
2024-11-05 00:00:00-05:00,11.0,11.0,11.0,11.0,600,0.0,0.0
2024-11-06 00:00:00-05:00,11.0,11.0,11.0,11.0,0,0.0,0.0
2024-11-07 00:00:00-05:00,11.0,11.0,11.0,11.0,0,0.0,0.0
2024-11-08 00:00:00-05:00,11.0,11.0,11.0,11.0,0,0.0,0.0
2024-11-11 00:00:00-05:00,11.0,11.0,11.0,11.0,0,0.0,0.0
2024-11-12 00:00:00-05:00,11.0,11.0,11.0,11.0,0,0.0,0.0
2024-11-13 00:00:00-05:00,11.0,11.0,11.0,11.0,0,0.0,0.0
2024-11-14 00:00:00-05:00,11.0,11.0,11.0,11.0,0,0.0,0.0
2024-11-15 00:00:00-05:00,11.0,11.0,11.0,11.0,0,0.0,0.0
2024-11-18 00:00:00-05:00,11.0,11.0,11.0,11.0,0,0.0,0.0
2024-11-19 00:00:00-05:00,11.0,11.0,11.0,11.0,0,0.0,0.0
2024-11-20 00:00:00-05:00,11.0,11.0,11.0,11.0,0,0.0,0.0
2024-11-21 00:00:00-05:00,11.0,11.0,11.0,11.0,0,0.0,0.0
2024-11-22 00:00:00-05:00,11.0,11.0,11.0,11.0,0,0.0,0.0
2024-11-25 00:00:00-05:00,11.0,11.0,11.0,11.0,0,0.0,0.0
2024-11-26 00:00:00-05:00,11.0,11.0,11.0,11.0,0,0.0,0.0
2024-11-27 00:00:00-05:00,11.0,11.0,11.0,11.0,0,0.0,0.0
2024-11-29 00:00:00-05:00,11.0,11.0,11.0,11.0,0,0.0,0.0
2024-12-02 00:00:00-05:00,11.0,11.0,11.0,11.0,0,0.0,0.0
2024-12-03 00:00:00-05:00,11.0,11.0,11.0,11.0,0,0.0,0.0
2024-12-04 00:00:00-05:00,11.0,11.0,11.0,11.0,0,0.0,0.0
2024-12-05 00:00:00-05:00,11.0,11.0,11.0,11.0,0,0.0,0.0
2024-12-06 00:00:00-05:00,11.0,11.0,11.0,11.0,0,0.0,0.0
2024-12-09 00:00:00-05:00,11.0,11.0,11.0,11.0,0,0.0,0.0
2024-12-10 00:00:00-05:00,11.0,11.0,11.0,11.0,0,0.0,0.0
2024-12-11 00:00:00-05:00,11.0,11.0,11.0,11.0,0,0.0,0.0
2024-12-12 00:00:00-05:00,11.0,11.0,11.0,11.0,0,0.0,0.0
2024-12-13 00:00:00-05:00,11.0,11.0,11.0,11.0,0,0.0,0.0
2024-12-16 00:00:00-05:00,11.0,11.0,11.0,11.0,0,0.0,0.0
2024-12-17 00:00:00-05:00,11.0,11.0,11.0,11.0,0,0.0,0.0
2024-12-18 00:00:00-05:00,11.0,11.0,11.0,11.0,0,0.0,0.0
2024-12-19 00:00:00-05:00,11.0,11.0,11.0,11.0,0,0.0,0.0
2024-12-20 00:00:00-05:00,11.0,11.0,11.0,11.0,0,0.0,0.0
2024-12-23 00:00:00-05:00,11.0,11.0,11.0,11.0,0,0.0,0.0
2024-12-24 00:00:00-05:00,11.0,11.0,11.0,11.0,0,0.0,0.0
2024-12-26 00:00:00-05:00,11.0,11.0,11.0,11.0,0,0.0,0.0
2024-12-27 00:00:00-05:00,11.0,11.0,11.0,11.0,0,0.0,0.0
2024-12-30 00:00:00-05:00,11.0,11.0,11.0,11.0,0,0.0,0.0
2024-12-31 00:00:00-05:00,11.0,11.0,11.0,11.0,0,0.0,0.0
2025-01-02 00:00:00-05:00,11.0,11.0,11.0,11.0,0,0.0,0.0
2025-01-03 00:00:00-05:00,11.09000015258789,11.09000015258789,11.09000015258789,11.09000015258789,100,0.0,0.0
