Date,Open,High,Low,Close,Volume,Dividends,Stock Splits
2022-03-24 00:00:00-04:00,10.039999961853027,10.050000190734863,10.020000457763672,10.029999732971191,9171502,0.0,0.0
2022-03-25 00:00:00-04:00,10.029999732971191,10.039999961853027,10.029999732971191,10.029999732971191,375467,0.0,0.0
2022-03-28 00:00:00-04:00,10.039999961853027,10.069999694824219,10.029999732971191,10.069999694824219,230311,0.0,0.0
2022-03-29 00:00:00-04:00,10.069999694824219,10.100000381469727,10.0600004196167,10.09000015258789,312825,0.0,0.0
2022-03-30 00:00:00-04:00,10.069999694824219,10.09000015258789,10.039999961853027,10.050000190734863,177255,0.0,0.0
2022-03-31 00:00:00-04:00,10.0600004196167,10.0600004196167,10.029999732971191,10.029999732971191,19193,0.0,0.0
2022-04-01 00:00:00-04:00,10.030099868774414,10.050000190734863,10.029999732971191,10.029999732971191,10245,0.0,0.0
2022-04-04 00:00:00-04:00,10.039999961853027,10.0600004196167,10.039999961853027,10.045000076293945,8686,0.0,0.0
2022-04-05 00:00:00-04:00,10.050000190734863,10.0600004196167,10.050000190734863,10.0600004196167,52754,0.0,0.0
2022-04-06 00:00:00-04:00,10.0600004196167,10.0600004196167,10.0600004196167,10.0600004196167,0,0.0,0.0
2022-04-07 00:00:00-04:00,10.030099868774414,10.047699928283691,10.030099868774414,10.039999961853027,810,0.0,0.0
2022-04-08 00:00:00-04:00,10.039999961853027,10.039999961853027,10.039999961853027,10.039999961853027,0,0.0,0.0
2022-04-11 00:00:00-04:00,10.0600004196167,10.0600004196167,10.0600004196167,10.0600004196167,26047,0.0,0.0
2022-04-12 00:00:00-04:00,10.0600004196167,10.0600004196167,10.0600004196167,10.0600004196167,14400,0.0,0.0
2022-04-13 00:00:00-04:00,10.0600004196167,10.0600004196167,10.0600004196167,10.0600004196167,23695,0.0,0.0
2022-04-14 00:00:00-04:00,10.0600004196167,10.09000015258789,10.0600004196167,10.09000015258789,25508,0.0,0.0
2022-04-18 00:00:00-04:00,10.09000015258789,10.100000381469727,10.09000015258789,10.100000381469727,86085,0.0,0.0
2022-04-19 00:00:00-04:00,10.119999885559082,10.140700340270996,10.119999885559082,10.140700340270996,25126,0.0,0.0
2022-04-20 00:00:00-04:00,10.140000343322754,10.149999618530273,10.140000343322754,10.149999618530273,31224,0.0,0.0
2022-04-21 00:00:00-04:00,10.149999618530273,10.164799690246582,10.149999618530273,10.164799690246582,910,0.0,0.0
2022-04-22 00:00:00-04:00,10.199999809265137,11.25,10.199999809265137,10.199999809265137,23036,0.0,0.0
2022-04-25 00:00:00-04:00,10.199999809265137,10.199999809265137,10.199999809265137,10.199999809265137,0,0.0,0.0
2022-04-26 00:00:00-04:00,10.199999809265137,10.199999809265137,10.199999809265137,10.199999809265137,0,0.0,0.0
2022-04-27 00:00:00-04:00,10.199999809265137,10.199999809265137,10.199999809265137,10.199999809265137,0,0.0,0.0
2022-04-28 00:00:00-04:00,10.119999885559082,10.119999885559082,10.119999885559082,10.119999885559082,252,0.0,0.0
2022-04-29 00:00:00-04:00,10.119999885559082,10.119999885559082,10.119999885559082,10.119999885559082,0,0.0,0.0
2022-05-02 00:00:00-04:00,10.119999885559082,10.119999885559082,10.119999885559082,10.119999885559082,0,0.0,0.0
2022-05-03 00:00:00-04:00,10.119999885559082,10.119999885559082,10.119999885559082,10.119999885559082,0,0.0,0.0
2022-05-04 00:00:00-04:00,10.119999885559082,10.119999885559082,10.119999885559082,10.119999885559082,0,0.0,0.0
2022-05-05 00:00:00-04:00,10.119999885559082,10.119999885559082,10.119999885559082,10.119999885559082,0,0.0,0.0
2022-05-06 00:00:00-04:00,10.119999885559082,10.119999885559082,10.119999885559082,10.119999885559082,0,0.0,0.0
2022-05-09 00:00:00-04:00,10.0600004196167,10.0600004196167,10.0600004196167,10.0600004196167,2006,0.0,0.0
2022-05-10 00:00:00-04:00,10.186200141906738,10.186200141906738,10.186200141906738,10.186200141906738,100,0.0,0.0
2022-05-11 00:00:00-04:00,10.039999961853027,10.039999961853027,10.039999961853027,10.039999961853027,145,0.0,0.0
2022-05-12 00:00:00-04:00,10.020000457763672,10.020000457763672,10.020000457763672,10.020000457763672,6031,0.0,0.0
2022-05-13 00:00:00-04:00,10.0,10.0,9.970000267028809,9.989999771118164,5521,0.0,0.0
2022-05-16 00:00:00-04:00,9.970000267028809,9.970000267028809,9.970000267028809,9.970000267028809,10126,0.0,0.0
2022-05-17 00:00:00-04:00,9.970000267028809,9.970000267028809,9.970000267028809,9.970000267028809,0,0.0,0.0
2022-05-18 00:00:00-04:00,10.09000015258789,10.09000015258789,10.09000015258789,10.09000015258789,958,0.0,0.0
2022-05-19 00:00:00-04:00,10.09000015258789,10.09000015258789,10.09000015258789,10.09000015258789,0,0.0,0.0
2022-05-20 00:00:00-04:00,10.09000015258789,10.09000015258789,10.09000015258789,10.09000015258789,0,0.0,0.0
2022-05-23 00:00:00-04:00,10.09000015258789,10.09000015258789,10.09000015258789,10.09000015258789,0,0.0,0.0
2022-05-24 00:00:00-04:00,10.09000015258789,10.09000015258789,10.09000015258789,10.09000015258789,0,0.0,0.0
2022-05-25 00:00:00-04:00,10.09000015258789,10.09000015258789,10.09000015258789,10.09000015258789,0,0.0,0.0
2022-05-26 00:00:00-04:00,10.074999809265137,10.074999809265137,10.074999809265137,10.074999809265137,104,0.0,0.0
2022-05-27 00:00:00-04:00,10.074999809265137,10.074999809265137,10.074999809265137,10.074999809265137,0,0.0,0.0
2022-05-31 00:00:00-04:00,10.074999809265137,10.074999809265137,10.074999809265137,10.074999809265137,0,0.0,0.0
2022-06-01 00:00:00-04:00,10.074999809265137,10.074999809265137,10.074999809265137,10.074999809265137,0,0.0,0.0
2022-06-02 00:00:00-04:00,9.979999542236328,10.050000190734863,9.979999542236328,10.050000190734863,5266,0.0,0.0
2022-06-03 00:00:00-04:00,10.050000190734863,10.050000190734863,10.050000190734863,10.050000190734863,0,0.0,0.0
2022-06-06 00:00:00-04:00,9.800000190734863,10.03849983215332,9.649999618530273,9.979999542236328,9777,0.0,0.0
2022-06-07 00:00:00-04:00,10.020000457763672,10.020000457763672,9.979999542236328,10.015000343322754,14253,0.0,0.0
2022-06-08 00:00:00-04:00,10.050000190734863,10.050000190734863,10.010000228881836,10.010000228881836,2424,0.0,0.0
2022-06-09 00:00:00-04:00,10.100000381469727,10.100000381469727,9.880000114440918,10.0,257850,0.0,0.0
2022-06-10 00:00:00-04:00,10.0,10.0,10.0,10.0,850,0.0,0.0
2022-06-13 00:00:00-04:00,9.869999885559082,9.9399995803833,9.869999885559082,9.9399995803833,17376,0.0,0.0
2022-06-14 00:00:00-04:00,9.954999923706055,10.010000228881836,9.949999809265137,9.979999542236328,7187,0.0,0.0
2022-06-15 00:00:00-04:00,10.15999984741211,10.15999984741211,10.15999984741211,10.15999984741211,7660,0.0,0.0
2022-06-16 00:00:00-04:00,10.15999984741211,10.15999984741211,10.15999984741211,10.15999984741211,0,0.0,0.0
2022-06-17 00:00:00-04:00,9.944999694824219,10.020000457763672,9.944999694824219,10.020000457763672,7441,0.0,0.0
2022-06-21 00:00:00-04:00,10.020000457763672,10.020000457763672,10.020000457763672,10.020000457763672,0,0.0,0.0
2022-06-22 00:00:00-04:00,10.020000457763672,10.020000457763672,10.020000457763672,10.020000457763672,0,0.0,0.0
2022-06-23 00:00:00-04:00,9.979999542236328,9.98009967803955,9.979999542236328,9.98009967803955,5000,0.0,0.0
2022-06-24 00:00:00-04:00,9.98009967803955,9.98009967803955,9.98009967803955,9.98009967803955,0,0.0,0.0
2022-06-27 00:00:00-04:00,9.98009967803955,9.98009967803955,9.98009967803955,9.98009967803955,0,0.0,0.0
2022-06-28 00:00:00-04:00,9.98009967803955,9.98009967803955,9.98009967803955,9.98009967803955,0,0.0,0.0
2022-06-29 00:00:00-04:00,10.010000228881836,10.119999885559082,10.005000114440918,10.010000228881836,14932,0.0,0.0
2022-06-30 00:00:00-04:00,10.0,10.0,10.0,10.0,277,0.0,0.0
2022-07-01 00:00:00-04:00,10.0,10.039999961853027,9.930000305175781,9.930000305175781,7982,0.0,0.0
2022-07-05 00:00:00-04:00,10.0,10.010000228881836,10.0,10.0,702,0.0,0.0
2022-07-06 00:00:00-04:00,10.0,10.0,10.0,10.0,0,0.0,0.0
2022-07-07 00:00:00-04:00,10.0,10.0,10.0,10.0,460,0.0,0.0
2022-07-08 00:00:00-04:00,10.0,10.0,10.0,10.0,0,0.0,0.0
2022-07-11 00:00:00-04:00,10.0,10.0,10.0,10.0,0,0.0,0.0
2022-07-12 00:00:00-04:00,10.0,10.0,10.0,10.0,200,0.0,0.0
2022-07-13 00:00:00-04:00,10.0,10.0,10.0,10.0,0,0.0,0.0
2022-07-14 00:00:00-04:00,10.0,10.0,10.0,10.0,0,0.0,0.0
2022-07-15 00:00:00-04:00,10.0,10.0,10.0,10.0,0,0.0,0.0
2022-07-18 00:00:00-04:00,10.0,10.0,10.0,10.0,0,0.0,0.0
2022-07-19 00:00:00-04:00,10.0,10.0,10.0,10.0,0,0.0,0.0
2022-07-20 00:00:00-04:00,10.029999732971191,10.029999732971191,10.029999732971191,10.029999732971191,6370,0.0,0.0
2022-07-21 00:00:00-04:00,10.029999732971191,10.029999732971191,10.029999732971191,10.029999732971191,0,0.0,0.0
2022-07-22 00:00:00-04:00,10.029999732971191,10.029999732971191,10.029999732971191,10.029999732971191,0,0.0,0.0
2022-07-25 00:00:00-04:00,10.029999732971191,10.029999732971191,10.029999732971191,10.029999732971191,0,0.0,0.0
2022-07-26 00:00:00-04:00,10.029999732971191,10.029999732971191,10.029999732971191,10.029999732971191,0,0.0,0.0
2022-07-27 00:00:00-04:00,10.029999732971191,10.029999732971191,10.029999732971191,10.029999732971191,0,0.0,0.0
2022-07-28 00:00:00-04:00,10.029999732971191,10.029999732971191,10.029999732971191,10.029999732971191,0,0.0,0.0
2022-07-29 00:00:00-04:00,10.539999961853027,11.539999961853027,10.140000343322754,10.180000305175781,4121,0.0,0.0
2022-08-01 00:00:00-04:00,10.180000305175781,10.180000305175781,10.180000305175781,10.180000305175781,0,0.0,0.0
2022-08-02 00:00:00-04:00,10.050000190734863,10.050000190734863,9.930000305175781,9.930000305175781,1087,0.0,0.0
2022-08-03 00:00:00-04:00,9.930000305175781,9.930000305175781,9.930000305175781,9.930000305175781,0,0.0,0.0
2022-08-04 00:00:00-04:00,9.930000305175781,9.930000305175781,9.930000305175781,9.930000305175781,0,0.0,0.0
2022-08-05 00:00:00-04:00,9.930000305175781,9.930000305175781,9.930000305175781,9.930000305175781,0,0.0,0.0
2022-08-08 00:00:00-04:00,9.930000305175781,9.930000305175781,9.930000305175781,9.930000305175781,100,0.0,0.0
2022-08-09 00:00:00-04:00,10.039999961853027,10.057499885559082,10.020000457763672,10.030099868774414,8082,0.0,0.0
2022-08-10 00:00:00-04:00,10.010000228881836,10.020000457763672,10.010000228881836,10.020000457763672,664,0.0,0.0
2022-08-11 00:00:00-04:00,10.515000343322754,10.515000343322754,10.010000228881836,10.121600151062012,1399,0.0,0.0
2022-08-12 00:00:00-04:00,10.121600151062012,10.121600151062012,10.121600151062012,10.121600151062012,0,0.0,0.0
2022-08-15 00:00:00-04:00,10.121600151062012,10.121600151062012,10.121600151062012,10.121600151062012,0,0.0,0.0
2022-08-16 00:00:00-04:00,10.121600151062012,10.121600151062012,10.121600151062012,10.121600151062012,0,0.0,0.0
2022-08-17 00:00:00-04:00,9.989999771118164,9.989999771118164,9.989999771118164,9.989999771118164,100,0.0,0.0
2022-08-18 00:00:00-04:00,9.975000381469727,10.020000457763672,9.975000381469727,10.020000457763672,800,0.0,0.0
2022-08-19 00:00:00-04:00,10.020000457763672,10.020000457763672,10.020000457763672,10.020000457763672,0,0.0,0.0
2022-08-22 00:00:00-04:00,10.020000457763672,10.020000457763672,10.020000457763672,10.020000457763672,0,0.0,0.0
2022-08-23 00:00:00-04:00,10.020000457763672,10.020000457763672,10.020000457763672,10.020000457763672,0,0.0,0.0
2022-08-24 00:00:00-04:00,10.020000457763672,10.020000457763672,10.020000457763672,10.020000457763672,0,0.0,0.0
2022-08-25 00:00:00-04:00,10.020000457763672,10.020000457763672,10.020000457763672,10.020000457763672,0,0.0,0.0
2022-08-26 00:00:00-04:00,10.020000457763672,10.020000457763672,10.020000457763672,10.020000457763672,0,0.0,0.0
2022-08-29 00:00:00-04:00,10.020000457763672,10.020000457763672,10.020000457763672,10.020000457763672,0,0.0,0.0
2022-08-30 00:00:00-04:00,10.020000457763672,10.020000457763672,10.020000457763672,10.020000457763672,0,0.0,0.0
2022-08-31 00:00:00-04:00,10.020000457763672,10.020000457763672,10.020000457763672,10.020000457763672,0,0.0,0.0
2022-09-01 00:00:00-04:00,10.020000457763672,10.050000190734863,9.970000267028809,9.970000267028809,5422,0.0,0.0
2022-09-02 00:00:00-04:00,9.949999809265137,10.010000228881836,9.949999809265137,10.010000228881836,4366,0.0,0.0
2022-09-06 00:00:00-04:00,10.010000228881836,10.010000228881836,10.010000228881836,10.010000228881836,0,0.0,0.0
2022-09-07 00:00:00-04:00,10.010000228881836,10.010000228881836,10.010000228881836,10.010000228881836,0,0.0,0.0
2022-09-08 00:00:00-04:00,10.010000228881836,10.010000228881836,10.010000228881836,10.010000228881836,0,0.0,0.0
2022-09-09 00:00:00-04:00,10.010000228881836,10.010000228881836,10.010000228881836,10.010000228881836,0,0.0,0.0
2022-09-12 00:00:00-04:00,10.010000228881836,10.010000228881836,10.010000228881836,10.010000228881836,0,0.0,0.0
2022-09-13 00:00:00-04:00,10.0,10.0,10.0,10.0,101,0.0,0.0
2022-09-14 00:00:00-04:00,10.0,10.0,10.0,10.0,0,0.0,0.0
2022-09-15 00:00:00-04:00,10.0,10.0,10.0,10.0,0,0.0,0.0
2022-09-16 00:00:00-04:00,10.0,10.0,10.0,10.0,0,0.0,0.0
2022-09-19 00:00:00-04:00,10.0,10.0,10.0,10.0,0,0.0,0.0
2022-09-20 00:00:00-04:00,10.0,10.0,10.0,10.0,0,0.0,0.0
2022-09-21 00:00:00-04:00,10.0,10.0,10.0,10.0,0,0.0,0.0
2022-09-22 00:00:00-04:00,10.0,10.0,10.0,10.0,0,0.0,0.0
2022-09-23 00:00:00-04:00,10.0,10.0,10.0,10.0,0,0.0,0.0
2022-09-26 00:00:00-04:00,10.0,10.0,10.0,10.0,0,0.0,0.0
2022-09-27 00:00:00-04:00,9.970000267028809,9.970000267028809,9.970000267028809,9.970000267028809,1100,0.0,0.0
2022-09-28 00:00:00-04:00,9.970000267028809,9.970000267028809,9.970000267028809,9.970000267028809,0,0.0,0.0
2022-09-29 00:00:00-04:00,9.954999923706055,9.954999923706055,9.954999923706055,9.954999923706055,100,0.0,0.0
2022-09-30 00:00:00-04:00,9.970000267028809,9.970000267028809,9.970000267028809,9.970000267028809,100,0.0,0.0
2022-10-03 00:00:00-04:00,9.90999984741211,9.90999984741211,9.90999984741211,9.90999984741211,100,0.0,0.0
2022-10-04 00:00:00-04:00,9.90999984741211,9.90999984741211,9.90999984741211,9.90999984741211,0,0.0,0.0
2022-10-05 00:00:00-04:00,9.850000381469727,9.850000381469727,9.850000381469727,9.850000381469727,100,0.0,0.0
2022-10-06 00:00:00-04:00,9.954999923706055,9.954999923706055,9.954999923706055,9.954999923706055,100,0.0,0.0
2022-10-07 00:00:00-04:00,9.899999618530273,9.899999618530273,9.899999618530273,9.899999618530273,100,0.0,0.0
2022-10-10 00:00:00-04:00,9.899999618530273,9.899999618530273,9.899999618530273,9.899999618530273,0,0.0,0.0
2022-10-11 00:00:00-04:00,9.899999618530273,9.899999618530273,9.899999618530273,9.899999618530273,0,0.0,0.0
2022-10-12 00:00:00-04:00,9.954999923706055,9.954999923706055,9.954999923706055,9.954999923706055,100,0.0,0.0
2022-10-13 00:00:00-04:00,9.954999923706055,9.954999923706055,9.954999923706055,9.954999923706055,0,0.0,0.0
2022-10-14 00:00:00-04:00,9.90999984741211,9.90999984741211,9.90999984741211,9.90999984741211,100,0.0,0.0
2022-10-17 00:00:00-04:00,9.90999984741211,9.90999984741211,9.90999984741211,9.90999984741211,0,0.0,0.0
2022-10-18 00:00:00-04:00,9.869999885559082,10.010000228881836,9.869999885559082,10.010000228881836,2761,0.0,0.0
2022-10-19 00:00:00-04:00,10.010000228881836,10.010000228881836,10.010000228881836,10.010000228881836,0,0.0,0.0
2022-10-20 00:00:00-04:00,10.010000228881836,10.010000228881836,10.010000228881836,10.010000228881836,0,0.0,0.0
2022-10-21 00:00:00-04:00,10.020000457763672,10.045100212097168,10.020000457763672,10.045100212097168,500,0.0,0.0
2022-10-24 00:00:00-04:00,10.020000457763672,10.029999732971191,10.020000457763672,10.029999732971191,5399,0.0,0.0
2022-10-25 00:00:00-04:00,10.029000282287598,10.029999732971191,10.029000282287598,10.029999732971191,300,0.0,0.0
2022-10-26 00:00:00-04:00,10.159799575805664,10.159799575805664,10.020000457763672,10.020000457763672,780,0.0,0.0
2022-10-27 00:00:00-04:00,10.029999732971191,10.029999732971191,10.020099639892578,10.020099639892578,1217,0.0,0.0
2022-10-28 00:00:00-04:00,10.020099639892578,10.020099639892578,10.020099639892578,10.020099639892578,0,0.0,0.0
2022-10-31 00:00:00-04:00,10.029999732971191,10.039999961853027,10.029999732971191,10.039999961853027,920,0.0,0.0
2022-11-01 00:00:00-04:00,10.039999961853027,10.039999961853027,10.039999961853027,10.039999961853027,0,0.0,0.0
2022-11-02 00:00:00-04:00,10.039999961853027,10.039999961853027,10.039999961853027,10.039999961853027,0,0.0,0.0
2022-11-03 00:00:00-04:00,10.039999961853027,10.039999961853027,10.039999961853027,10.039999961853027,0,0.0,0.0
2022-11-04 00:00:00-04:00,10.039999961853027,10.039999961853027,10.039999961853027,10.039999961853027,0,0.0,0.0
2022-11-07 00:00:00-05:00,10.039999961853027,10.039999961853027,10.039999961853027,10.039999961853027,0,0.0,0.0
2022-11-08 00:00:00-05:00,10.029999732971191,10.029999732971191,10.029999732971191,10.029999732971191,100,0.0,0.0
2022-11-09 00:00:00-05:00,10.050000190734863,10.050000190734863,10.029999732971191,10.029999732971191,1000,0.0,0.0
2022-11-10 00:00:00-05:00,10.029999732971191,10.0600004196167,10.029999732971191,10.0600004196167,900,0.0,0.0
2022-11-11 00:00:00-05:00,10.0600004196167,10.0600004196167,10.0600004196167,10.0600004196167,0,0.0,0.0
2022-11-14 00:00:00-05:00,10.0600004196167,10.0600004196167,10.0600004196167,10.0600004196167,0,0.0,0.0
2022-11-15 00:00:00-05:00,10.0600004196167,10.0600004196167,10.0600004196167,10.0600004196167,0,0.0,0.0
2022-11-16 00:00:00-05:00,10.0600004196167,10.0600004196167,10.0600004196167,10.0600004196167,0,0.0,0.0
2022-11-17 00:00:00-05:00,9.979999542236328,10.0600004196167,9.979999542236328,10.0600004196167,1058,0.0,0.0
2022-11-18 00:00:00-05:00,10.069999694824219,10.069999694824219,10.069999694824219,10.069999694824219,445,0.0,0.0
2022-11-21 00:00:00-05:00,10.069999694824219,10.069999694824219,10.069999694824219,10.069999694824219,0,0.0,0.0
2022-11-22 00:00:00-05:00,10.09000015258789,10.09000015258789,10.09000015258789,10.09000015258789,1100,0.0,0.0
2022-11-23 00:00:00-05:00,10.09000015258789,10.09000015258789,10.09000015258789,10.09000015258789,0,0.0,0.0
2022-11-25 00:00:00-05:00,10.09000015258789,10.09000015258789,10.09000015258789,10.09000015258789,0,0.0,0.0
2022-11-28 00:00:00-05:00,10.09000015258789,10.09000015258789,10.09000015258789,10.09000015258789,0,0.0,0.0
2022-11-29 00:00:00-05:00,10.09000015258789,10.09000015258789,10.09000015258789,10.09000015258789,0,0.0,0.0
2022-11-30 00:00:00-05:00,10.09000015258789,10.09000015258789,10.09000015258789,10.09000015258789,0,0.0,0.0
2022-12-01 00:00:00-05:00,10.119999885559082,10.119999885559082,10.119999885559082,10.119999885559082,100,0.0,0.0
2022-12-02 00:00:00-05:00,10.079999923706055,10.079999923706055,10.079999923706055,10.079999923706055,100,0.0,0.0
2022-12-05 00:00:00-05:00,9.890000343322754,9.890000343322754,9.890000343322754,9.890000343322754,100,0.0,0.0
2022-12-06 00:00:00-05:00,10.050000190734863,10.0600004196167,10.050000190734863,10.0600004196167,3850,0.0,0.0
2022-12-07 00:00:00-05:00,10.0600004196167,10.0600004196167,10.0600004196167,10.0600004196167,0,0.0,0.0
2022-12-08 00:00:00-05:00,9.979999542236328,10.069999694824219,9.979999542236328,10.069999694824219,5250,0.0,0.0
2022-12-09 00:00:00-05:00,10.050000190734863,10.069999694824219,10.039999961853027,10.069999694824219,1400,0.0,0.0
2022-12-12 00:00:00-05:00,10.069999694824219,10.069999694824219,10.069999694824219,10.069999694824219,0,0.0,0.0
2022-12-13 00:00:00-05:00,10.069999694824219,10.069999694824219,10.069999694824219,10.069999694824219,0,0.0,0.0
2022-12-14 00:00:00-05:00,10.069999694824219,10.069999694824219,10.069999694824219,10.069999694824219,0,0.0,0.0
2022-12-15 00:00:00-05:00,10.069999694824219,10.069999694824219,10.069999694824219,10.069999694824219,0,0.0,0.0
2022-12-16 00:00:00-05:00,10.069999694824219,10.069999694824219,10.069999694824219,10.069999694824219,0,0.0,0.0
2022-12-19 00:00:00-05:00,9.899999618530273,9.899999618530273,9.899999618530273,9.899999618530273,100,0.0,0.0
2022-12-20 00:00:00-05:00,9.899999618530273,9.899999618530273,9.899999618530273,9.899999618530273,0,0.0,0.0
2022-12-21 00:00:00-05:00,9.899999618530273,9.899999618530273,9.899999618530273,9.899999618530273,0,0.0,0.0
2022-12-22 00:00:00-05:00,9.890000343322754,9.890000343322754,9.890000343322754,9.890000343322754,100,0.0,0.0
2022-12-23 00:00:00-05:00,10.069999694824219,10.149999618530273,10.069999694824219,10.140000343322754,4250,0.0,0.0
2022-12-27 00:00:00-05:00,10.149999618530273,10.164999961853027,10.149999618530273,10.164999961853027,400,0.0,0.0
2022-12-28 00:00:00-05:00,10.170000076293945,10.1850004196167,10.170000076293945,10.1850004196167,700,0.0,0.0
2022-12-29 00:00:00-05:00,10.1850004196167,10.1850004196167,10.1850004196167,10.1850004196167,400,0.0,0.0
2022-12-30 00:00:00-05:00,10.1850004196167,10.1850004196167,10.1850004196167,10.1850004196167,0,0.0,0.0
2023-01-03 00:00:00-05:00,10.1850004196167,10.1850004196167,10.1850004196167,10.1850004196167,0,0.0,0.0
2023-01-04 00:00:00-05:00,10.1850004196167,10.1850004196167,10.1850004196167,10.1850004196167,0,0.0,0.0
2023-01-05 00:00:00-05:00,10.1850004196167,10.1850004196167,10.1850004196167,10.1850004196167,0,0.0,0.0
2023-01-06 00:00:00-05:00,10.180000305175781,10.180000305175781,10.180000305175781,10.180000305175781,1216,0.0,0.0
2023-01-09 00:00:00-05:00,10.180000305175781,10.180000305175781,10.180000305175781,10.180000305175781,0,0.0,0.0
2023-01-10 00:00:00-05:00,10.180000305175781,10.180000305175781,10.180000305175781,10.180000305175781,0,0.0,0.0
2023-01-11 00:00:00-05:00,10.180000305175781,10.180000305175781,10.180000305175781,10.180000305175781,0,0.0,0.0
2023-01-12 00:00:00-05:00,10.180000305175781,10.180000305175781,10.180000305175781,10.180000305175781,0,0.0,0.0
2023-01-13 00:00:00-05:00,10.180000305175781,10.180000305175781,10.180000305175781,10.180000305175781,0,0.0,0.0
2023-01-17 00:00:00-05:00,10.180000305175781,10.180000305175781,10.180000305175781,10.180000305175781,0,0.0,0.0
2023-01-18 00:00:00-05:00,10.180000305175781,10.180000305175781,10.180000305175781,10.180000305175781,0,0.0,0.0
2023-01-19 00:00:00-05:00,10.180000305175781,10.180000305175781,10.180000305175781,10.180000305175781,0,0.0,0.0
2023-01-20 00:00:00-05:00,10.170000076293945,10.170100212097168,10.170000076293945,10.170000076293945,17500,0.0,0.0
2023-01-23 00:00:00-05:00,10.210000038146973,10.239999771118164,10.210000038146973,10.239999771118164,527,0.0,0.0
2023-01-24 00:00:00-05:00,10.091099739074707,10.260000228881836,9.899999618530273,10.229999542236328,11670,0.0,0.0
2023-01-25 00:00:00-05:00,10.229999542236328,10.229999542236328,10.229999542236328,10.229999542236328,0,0.0,0.0
2023-01-26 00:00:00-05:00,9.975000381469727,10.260000228881836,9.957099914550781,10.239999771118164,24900,0.0,0.0
2023-01-27 00:00:00-05:00,10.239999771118164,10.239999771118164,10.239999771118164,10.239999771118164,0,0.0,0.0
2023-01-30 00:00:00-05:00,10.239999771118164,10.239999771118164,10.239999771118164,10.239999771118164,0,0.0,0.0
2023-01-31 00:00:00-05:00,10.239999771118164,10.239999771118164,10.239999771118164,10.239999771118164,0,0.0,0.0
2023-02-01 00:00:00-05:00,10.239999771118164,10.239999771118164,10.239999771118164,10.239999771118164,0,0.0,0.0
2023-02-02 00:00:00-05:00,10.239999771118164,10.239999771118164,10.239999771118164,10.239999771118164,0,0.0,0.0
2023-02-03 00:00:00-05:00,10.270000457763672,10.270000457763672,10.270000457763672,10.270000457763672,100,0.0,0.0
2023-02-06 00:00:00-05:00,10.270000457763672,10.270000457763672,10.270000457763672,10.270000457763672,100,0.0,0.0
2023-02-07 00:00:00-05:00,10.270000457763672,10.270000457763672,10.270000457763672,10.270000457763672,100,0.0,0.0
2023-02-08 00:00:00-05:00,10.270000457763672,10.270000457763672,10.270000457763672,10.270000457763672,100,0.0,0.0
2023-02-09 00:00:00-05:00,10.3100004196167,10.3100004196167,10.3100004196167,10.3100004196167,199,0.0,0.0
2023-02-10 00:00:00-05:00,10.319999694824219,10.319999694824219,10.319999694824219,10.319999694824219,100,0.0,0.0
2023-02-13 00:00:00-05:00,10.270000457763672,10.270000457763672,10.270000457763672,10.270000457763672,100,0.0,0.0
2023-02-14 00:00:00-05:00,10.270000457763672,10.270000457763672,10.270000457763672,10.270000457763672,100,0.0,0.0
2023-02-15 00:00:00-05:00,10.270000457763672,10.270000457763672,10.270000457763672,10.270000457763672,100,0.0,0.0
2023-02-16 00:00:00-05:00,10.3100004196167,10.3100004196167,10.3100004196167,10.3100004196167,100,0.0,0.0
2023-02-17 00:00:00-05:00,10.289999961853027,10.289999961853027,10.289999961853027,10.289999961853027,100,0.0,0.0
2023-02-21 00:00:00-05:00,10.210000038146973,10.210000038146973,10.210000038146973,10.210000038146973,100,0.0,0.0
2023-02-22 00:00:00-05:00,10.220000267028809,10.220000267028809,10.220000267028809,10.220000267028809,100,0.0,0.0
2023-02-23 00:00:00-05:00,10.25,10.25,10.25,10.25,100,0.0,0.0
2023-02-24 00:00:00-05:00,10.25,10.25,10.25,10.25,0,0.0,0.0
2023-02-27 00:00:00-05:00,10.229999542236328,10.229999542236328,10.229999542236328,10.229999542236328,164,0.0,0.0
2023-02-28 00:00:00-05:00,10.279999732971191,10.279999732971191,10.279999732971191,10.279999732971191,100,0.0,0.0
2023-03-01 00:00:00-05:00,10.260000228881836,10.260000228881836,10.260000228881836,10.260000228881836,100,0.0,0.0
2023-03-02 00:00:00-05:00,10.279999732971191,10.279999732971191,10.279999732971191,10.279999732971191,100,0.0,0.0
2023-03-03 00:00:00-05:00,10.260000228881836,10.260000228881836,10.260000228881836,10.260000228881836,100,0.0,0.0
2023-03-06 00:00:00-05:00,10.260000228881836,10.260000228881836,10.260000228881836,10.260000228881836,100,0.0,0.0
2023-03-07 00:00:00-05:00,10.279999732971191,10.279999732971191,10.279999732971191,10.279999732971191,100,0.0,0.0
2023-03-08 00:00:00-05:00,10.279999732971191,10.279999732971191,10.279999732971191,10.279999732971191,0,0.0,0.0
2023-03-09 00:00:00-05:00,10.300000190734863,10.300000190734863,10.300000190734863,10.300000190734863,100,0.0,0.0
2023-03-10 00:00:00-05:00,10.3100004196167,10.3100004196167,10.3100004196167,10.3100004196167,100,0.0,0.0
2023-03-13 00:00:00-04:00,10.279999732971191,10.279999732971191,10.279999732971191,10.279999732971191,100,0.0,0.0
2023-03-14 00:00:00-04:00,10.279999732971191,10.279999732971191,10.279999732971191,10.279999732971191,101,0.0,0.0
2023-03-15 00:00:00-04:00,10.279999732971191,10.279999732971191,10.279999732971191,10.279999732971191,100,0.0,0.0
2023-03-16 00:00:00-04:00,10.399999618530273,10.399999618530273,9.399999618530273,10.329999923706055,4900,0.0,0.0
2023-03-17 00:00:00-04:00,11.300000190734863,11.300000190734863,10.0,10.293600082397461,45543,0.0,0.0
2023-03-20 00:00:00-04:00,10.279999732971191,10.399999618530273,9.951499938964844,10.399999618530273,3975,0.0,0.0
2023-03-21 00:00:00-04:00,10.399999618530273,10.399999618530273,10.399999618530273,10.399999618530273,0,0.0,0.0
2023-03-22 00:00:00-04:00,10.289999961853027,11.199999809265137,10.0,10.329999923706055,28625,0.0,0.0
2023-03-23 00:00:00-04:00,10.329999923706055,10.329999923706055,10.329999923706055,10.329999923706055,0,0.0,0.0
2023-03-24 00:00:00-04:00,11.350000381469727,11.369999885559082,11.350000381469727,11.369999885559082,1282,0.0,0.0
2023-03-27 00:00:00-04:00,10.699999809265137,10.699999809265137,10.229999542236328,10.229999542236328,618,0.0,0.0
2023-03-28 00:00:00-04:00,10.5,10.5,10.212200164794922,10.350000381469727,2800,0.0,0.0
2023-03-29 00:00:00-04:00,10.350000381469727,10.359999656677246,10.350000381469727,10.359999656677246,13819,0.0,0.0
2023-03-30 00:00:00-04:00,10.359999656677246,10.359999656677246,10.359999656677246,10.359999656677246,0,0.0,0.0
2023-03-31 00:00:00-04:00,10.359999656677246,10.359999656677246,10.359999656677246,10.359999656677246,0,0.0,0.0
2023-04-03 00:00:00-04:00,10.359999656677246,10.359999656677246,10.359999656677246,10.359999656677246,0,0.0,0.0
2023-04-04 00:00:00-04:00,10.359999656677246,10.359999656677246,10.359999656677246,10.359999656677246,0,0.0,0.0
2023-04-05 00:00:00-04:00,10.359999656677246,10.359999656677246,10.359999656677246,10.359999656677246,0,0.0,0.0
2023-04-06 00:00:00-04:00,10.350000381469727,10.350000381469727,10.350000381469727,10.350000381469727,367,0.0,0.0
2023-04-10 00:00:00-04:00,10.350000381469727,10.350000381469727,10.350000381469727,10.350000381469727,0,0.0,0.0
2023-04-11 00:00:00-04:00,10.350000381469727,10.350000381469727,10.350000381469727,10.350000381469727,0,0.0,0.0
2023-04-12 00:00:00-04:00,10.350000381469727,10.350000381469727,10.350000381469727,10.350000381469727,0,0.0,0.0
2023-04-13 00:00:00-04:00,10.350000381469727,10.350000381469727,10.350000381469727,10.350000381469727,0,0.0,0.0
2023-04-14 00:00:00-04:00,10.350000381469727,10.350000381469727,10.350000381469727,10.350000381469727,0,0.0,0.0
2023-04-17 00:00:00-04:00,10.350000381469727,10.350000381469727,10.350000381469727,10.350000381469727,0,0.0,0.0
2023-04-18 00:00:00-04:00,10.350000381469727,10.350000381469727,10.350000381469727,10.350000381469727,0,0.0,0.0
2023-04-19 00:00:00-04:00,10.399999618530273,10.399999618530273,10.350000381469727,10.350000381469727,1000,0.0,0.0
2023-04-20 00:00:00-04:00,10.350000381469727,10.350000381469727,10.350000381469727,10.350000381469727,0,0.0,0.0
2023-04-21 00:00:00-04:00,10.350000381469727,10.350000381469727,10.350000381469727,10.350000381469727,0,0.0,0.0
2023-04-24 00:00:00-04:00,10.5,10.5,10.5,10.5,100,0.0,0.0
2023-04-25 00:00:00-04:00,10.5,10.5,10.5,10.5,0,0.0,0.0
2023-04-26 00:00:00-04:00,10.5,10.5,10.5,10.5,0,0.0,0.0
2023-04-27 00:00:00-04:00,10.5,10.5,10.5,10.5,0,0.0,0.0
2023-04-28 00:00:00-04:00,10.5,10.5,10.5,10.5,0,0.0,0.0
2023-05-01 00:00:00-04:00,10.5,10.5,10.5,10.5,0,0.0,0.0
2023-05-02 00:00:00-04:00,10.5,10.5,10.5,10.5,0,0.0,0.0
2023-05-03 00:00:00-04:00,10.420000076293945,10.420000076293945,10.359999656677246,10.359999656677246,1171,0.0,0.0
2023-05-04 00:00:00-04:00,10.359999656677246,10.359999656677246,10.359999656677246,10.359999656677246,0,0.0,0.0
2023-05-05 00:00:00-04:00,10.359999656677246,10.359999656677246,10.359999656677246,10.359999656677246,0,0.0,0.0
2023-05-08 00:00:00-04:00,10.359999656677246,10.359999656677246,10.359999656677246,10.359999656677246,0,0.0,0.0
2023-05-09 00:00:00-04:00,10.359999656677246,10.359999656677246,10.359999656677246,10.359999656677246,0,0.0,0.0
2023-05-10 00:00:00-04:00,10.359999656677246,10.359999656677246,10.359999656677246,10.359999656677246,0,0.0,0.0
2023-05-11 00:00:00-04:00,10.359999656677246,10.359999656677246,10.359999656677246,10.359999656677246,0,0.0,0.0
2023-05-12 00:00:00-04:00,10.359999656677246,10.359999656677246,10.359999656677246,10.359999656677246,0,0.0,0.0
2023-05-15 00:00:00-04:00,10.359999656677246,10.359999656677246,10.359999656677246,10.359999656677246,0,0.0,0.0
2023-05-16 00:00:00-04:00,10.359999656677246,10.359999656677246,10.359999656677246,10.359999656677246,0,0.0,0.0
2023-05-17 00:00:00-04:00,10.359999656677246,10.359999656677246,10.359999656677246,10.359999656677246,0,0.0,0.0
2023-05-18 00:00:00-04:00,10.359999656677246,10.359999656677246,10.359999656677246,10.359999656677246,0,0.0,0.0
2023-05-19 00:00:00-04:00,10.359999656677246,10.359999656677246,10.359999656677246,10.359999656677246,0,0.0,0.0
2023-05-22 00:00:00-04:00,10.359999656677246,10.359999656677246,10.359999656677246,10.359999656677246,0,0.0,0.0
2023-05-23 00:00:00-04:00,10.359999656677246,10.359999656677246,10.359999656677246,10.359999656677246,0,0.0,0.0
2023-05-24 00:00:00-04:00,10.369999885559082,10.369999885559082,10.369999885559082,10.369999885559082,101,0.0,0.0
2023-05-25 00:00:00-04:00,10.369999885559082,10.369999885559082,10.369999885559082,10.369999885559082,0,0.0,0.0
2023-05-26 00:00:00-04:00,10.369999885559082,10.369999885559082,10.369999885559082,10.369999885559082,0,0.0,0.0
2023-05-30 00:00:00-04:00,10.369999885559082,10.369999885559082,10.369999885559082,10.369999885559082,0,0.0,0.0
2023-05-31 00:00:00-04:00,10.369999885559082,10.369999885559082,10.369999885559082,10.369999885559082,0,0.0,0.0
2023-06-01 00:00:00-04:00,10.369999885559082,10.369999885559082,10.369999885559082,10.369999885559082,0,0.0,0.0
2023-06-02 00:00:00-04:00,10.449999809265137,10.449999809265137,10.449999809265137,10.449999809265137,848,0.0,0.0
2023-06-05 00:00:00-04:00,10.449999809265137,10.449999809265137,10.449999809265137,10.449999809265137,0,0.0,0.0
2023-06-06 00:00:00-04:00,10.449999809265137,10.449999809265137,10.449999809265137,10.449999809265137,0,0.0,0.0
2023-06-07 00:00:00-04:00,10.449999809265137,10.449999809265137,10.449999809265137,10.449999809265137,0,0.0,0.0
2023-06-08 00:00:00-04:00,10.399999618530273,10.449999809265137,10.399999618530273,10.449999809265137,407,0.0,0.0
2023-06-09 00:00:00-04:00,10.391200065612793,10.5,10.0,10.486700057983398,9622,0.0,0.0
2023-06-12 00:00:00-04:00,10.486700057983398,10.486700057983398,10.486700057983398,10.486700057983398,0,0.0,0.0
2023-06-13 00:00:00-04:00,10.486700057983398,10.486700057983398,10.486700057983398,10.486700057983398,0,0.0,0.0
2023-06-14 00:00:00-04:00,10.486700057983398,10.486700057983398,10.486700057983398,10.486700057983398,0,0.0,0.0
2023-06-15 00:00:00-04:00,10.486700057983398,10.486700057983398,10.486700057983398,10.486700057983398,0,0.0,0.0
2023-06-16 00:00:00-04:00,10.486700057983398,10.486700057983398,10.486700057983398,10.486700057983398,0,0.0,0.0
2023-06-20 00:00:00-04:00,10.486700057983398,10.486700057983398,10.486700057983398,10.486700057983398,0,0.0,0.0
2023-06-21 00:00:00-04:00,10.486700057983398,10.486700057983398,10.486700057983398,10.486700057983398,0,0.0,0.0
2023-06-22 00:00:00-04:00,10.486700057983398,10.486700057983398,10.486700057983398,10.486700057983398,0,0.0,0.0
2023-06-23 00:00:00-04:00,10.486700057983398,10.486700057983398,10.486700057983398,10.486700057983398,0,0.0,0.0
2023-06-26 00:00:00-04:00,10.486700057983398,10.486700057983398,10.486700057983398,10.486700057983398,0,0.0,0.0
2023-06-27 00:00:00-04:00,10.550000190734863,10.680000305175781,9.949999809265137,10.449999809265137,2738,0.0,0.0
2023-06-28 00:00:00-04:00,10.449999809265137,10.449999809265137,10.449999809265137,10.449999809265137,499,0.0,0.0
2023-06-29 00:00:00-04:00,10.449999809265137,10.449999809265137,10.449999809265137,10.449999809265137,0,0.0,0.0
2023-06-30 00:00:00-04:00,10.449999809265137,10.449999809265137,10.449999809265137,10.449999809265137,0,0.0,0.0
2023-07-03 00:00:00-04:00,10.449999809265137,10.449999809265137,10.449999809265137,10.449999809265137,0,0.0,0.0
2023-07-05 00:00:00-04:00,10.449999809265137,10.449999809265137,10.449999809265137,10.449999809265137,0,0.0,0.0
2023-07-06 00:00:00-04:00,10.449999809265137,10.449999809265137,10.449999809265137,10.449999809265137,0,0.0,0.0
2023-07-07 00:00:00-04:00,10.449999809265137,10.449999809265137,10.449999809265137,10.449999809265137,0,0.0,0.0
2023-07-10 00:00:00-04:00,10.5,10.5,10.5,10.5,100,0.0,0.0
2023-07-11 00:00:00-04:00,10.609999656677246,10.609999656677246,10.609999656677246,10.609999656677246,199,0.0,0.0
2023-07-12 00:00:00-04:00,10.640000343322754,10.640000343322754,10.640000343322754,10.640000343322754,100,0.0,0.0
2023-07-13 00:00:00-04:00,10.680000305175781,10.680000305175781,10.680000305175781,10.680000305175781,100,0.0,0.0
2023-07-14 00:00:00-04:00,10.65999984741211,10.65999984741211,10.65999984741211,10.65999984741211,101,0.0,0.0
2023-07-17 00:00:00-04:00,10.630000114440918,10.630000114440918,10.630000114440918,10.630000114440918,100,0.0,0.0
2023-07-18 00:00:00-04:00,10.630000114440918,10.630000114440918,10.630000114440918,10.630000114440918,100,0.0,0.0
2023-07-19 00:00:00-04:00,10.609999656677246,10.609999656677246,10.609999656677246,10.609999656677246,100,0.0,0.0
2023-07-20 00:00:00-04:00,10.640000343322754,10.640000343322754,10.640000343322754,10.640000343322754,100,0.0,0.0
2023-07-21 00:00:00-04:00,10.640000343322754,10.640000343322754,10.640000343322754,10.640000343322754,0,0.0,0.0
2023-07-24 00:00:00-04:00,10.640000343322754,10.640000343322754,10.640000343322754,10.640000343322754,0,0.0,0.0
2023-07-25 00:00:00-04:00,10.640000343322754,10.640000343322754,10.640000343322754,10.640000343322754,0,0.0,0.0
2023-07-26 00:00:00-04:00,10.640000343322754,10.640000343322754,10.640000343322754,10.640000343322754,0,0.0,0.0
2023-07-27 00:00:00-04:00,10.640000343322754,10.640000343322754,10.640000343322754,10.640000343322754,0,0.0,0.0
2023-07-28 00:00:00-04:00,10.640000343322754,10.640000343322754,10.640000343322754,10.640000343322754,0,0.0,0.0
2023-07-31 00:00:00-04:00,10.640000343322754,10.640000343322754,10.640000343322754,10.640000343322754,0,0.0,0.0
2023-08-01 00:00:00-04:00,10.640000343322754,10.640000343322754,10.640000343322754,10.640000343322754,0,0.0,0.0
2023-08-02 00:00:00-04:00,10.640000343322754,10.640000343322754,10.640000343322754,10.640000343322754,0,0.0,0.0
2023-08-03 00:00:00-04:00,10.640000343322754,10.640000343322754,10.640000343322754,10.640000343322754,0,0.0,0.0
2023-08-04 00:00:00-04:00,10.640000343322754,10.640000343322754,10.640000343322754,10.640000343322754,0,0.0,0.0
2023-08-07 00:00:00-04:00,10.640000343322754,10.640000343322754,10.640000343322754,10.640000343322754,0,0.0,0.0
2023-08-08 00:00:00-04:00,10.640000343322754,10.640000343322754,10.640000343322754,10.640000343322754,0,0.0,0.0
2023-08-09 00:00:00-04:00,10.640000343322754,10.640000343322754,10.640000343322754,10.640000343322754,0,0.0,0.0
2023-08-10 00:00:00-04:00,10.640000343322754,10.640000343322754,10.640000343322754,10.640000343322754,0,0.0,0.0
2023-08-11 00:00:00-04:00,10.640000343322754,10.640000343322754,10.640000343322754,10.640000343322754,0,0.0,0.0
2023-08-14 00:00:00-04:00,10.640000343322754,10.640000343322754,10.640000343322754,10.640000343322754,0,0.0,0.0
2023-08-15 00:00:00-04:00,10.640000343322754,10.640000343322754,10.640000343322754,10.640000343322754,0,0.0,0.0
2023-08-16 00:00:00-04:00,10.640000343322754,10.640000343322754,10.640000343322754,10.640000343322754,0,0.0,0.0
2023-08-17 00:00:00-04:00,10.630000114440918,10.630000114440918,10.630000114440918,10.630000114440918,250,0.0,0.0
2023-08-18 00:00:00-04:00,10.630000114440918,10.630000114440918,10.630000114440918,10.630000114440918,0,0.0,0.0
2023-08-21 00:00:00-04:00,10.630000114440918,10.630000114440918,10.630000114440918,10.630000114440918,0,0.0,0.0
2023-08-22 00:00:00-04:00,10.630000114440918,10.630000114440918,10.630000114440918,10.630000114440918,0,0.0,0.0
2023-08-23 00:00:00-04:00,10.630000114440918,10.630000114440918,10.630000114440918,10.630000114440918,0,0.0,0.0
2023-08-24 00:00:00-04:00,10.630000114440918,10.630000114440918,10.630000114440918,10.630000114440918,0,0.0,0.0
2023-08-25 00:00:00-04:00,10.630000114440918,10.630000114440918,10.630000114440918,10.630000114440918,0,0.0,0.0
2023-08-28 00:00:00-04:00,10.630000114440918,10.630000114440918,10.630000114440918,10.630000114440918,0,0.0,0.0
2023-08-29 00:00:00-04:00,10.630000114440918,10.630000114440918,10.630000114440918,10.630000114440918,0,0.0,0.0
2023-08-30 00:00:00-04:00,10.630000114440918,10.630000114440918,10.630000114440918,10.630000114440918,0,0.0,0.0
2023-08-31 00:00:00-04:00,10.630000114440918,10.630000114440918,10.630000114440918,10.630000114440918,0,0.0,0.0
2023-09-01 00:00:00-04:00,10.779999732971191,10.779999732971191,10.739999771118164,10.739999771118164,550,0.0,0.0
2023-09-05 00:00:00-04:00,10.739999771118164,10.739999771118164,10.739999771118164,10.739999771118164,0,0.0,0.0
2023-09-06 00:00:00-04:00,10.739999771118164,10.739999771118164,10.739999771118164,10.739999771118164,0,0.0,0.0
2023-09-07 00:00:00-04:00,10.739999771118164,10.739999771118164,10.739999771118164,10.739999771118164,0,0.0,0.0
2023-09-08 00:00:00-04:00,10.739999771118164,10.739999771118164,10.739999771118164,10.739999771118164,0,0.0,0.0
2023-09-11 00:00:00-04:00,10.739999771118164,10.739999771118164,10.739999771118164,10.739999771118164,0,0.0,0.0
2023-09-12 00:00:00-04:00,10.739999771118164,10.739999771118164,10.739999771118164,10.739999771118164,0,0.0,0.0
2023-09-13 00:00:00-04:00,10.739999771118164,10.739999771118164,10.739999771118164,10.739999771118164,0,0.0,0.0
2023-09-14 00:00:00-04:00,10.739999771118164,10.739999771118164,10.739999771118164,10.739999771118164,0,0.0,0.0
2023-09-15 00:00:00-04:00,10.739999771118164,10.739999771118164,10.739999771118164,10.739999771118164,0,0.0,0.0
2023-09-18 00:00:00-04:00,10.739999771118164,10.739999771118164,10.739999771118164,10.739999771118164,0,0.0,0.0
2023-09-19 00:00:00-04:00,10.739999771118164,10.739999771118164,10.739999771118164,10.739999771118164,0,0.0,0.0
2023-09-20 00:00:00-04:00,10.739999771118164,10.739999771118164,10.739999771118164,10.739999771118164,0,0.0,0.0
2023-09-21 00:00:00-04:00,10.739999771118164,10.739999771118164,10.739999771118164,10.739999771118164,0,0.0,0.0
2023-09-22 00:00:00-04:00,10.739999771118164,10.739999771118164,10.739999771118164,10.739999771118164,0,0.0,0.0
2023-09-25 00:00:00-04:00,10.739999771118164,10.739999771118164,10.739999771118164,10.739999771118164,0,0.0,0.0
2023-09-26 00:00:00-04:00,10.739999771118164,10.739999771118164,10.739999771118164,10.739999771118164,0,0.0,0.0
2023-09-27 00:00:00-04:00,10.739999771118164,10.739999771118164,10.739999771118164,10.739999771118164,0,0.0,0.0
2023-09-28 00:00:00-04:00,10.739999771118164,10.739999771118164,10.739999771118164,10.739999771118164,0,0.0,0.0
2023-09-29 00:00:00-04:00,10.739999771118164,10.739999771118164,10.739999771118164,10.739999771118164,0,0.0,0.0
2023-10-02 00:00:00-04:00,10.739999771118164,10.739999771118164,10.739999771118164,10.739999771118164,0,0.0,0.0
2023-10-03 00:00:00-04:00,10.739999771118164,10.739999771118164,10.739999771118164,10.739999771118164,0,0.0,0.0
2023-10-04 00:00:00-04:00,10.739999771118164,10.739999771118164,10.739999771118164,10.739999771118164,0,0.0,0.0
2023-10-05 00:00:00-04:00,10.739999771118164,10.739999771118164,10.739999771118164,10.739999771118164,0,0.0,0.0
2023-10-06 00:00:00-04:00,10.739999771118164,10.739999771118164,10.739999771118164,10.739999771118164,0,0.0,0.0
2023-10-09 00:00:00-04:00,10.739999771118164,10.739999771118164,10.739999771118164,10.739999771118164,0,0.0,0.0
2023-10-10 00:00:00-04:00,10.739999771118164,10.739999771118164,10.739999771118164,10.739999771118164,0,0.0,0.0
2023-10-11 00:00:00-04:00,10.739999771118164,10.739999771118164,10.739999771118164,10.739999771118164,0,0.0,0.0
2023-10-12 00:00:00-04:00,10.739999771118164,10.739999771118164,10.739999771118164,10.739999771118164,0,0.0,0.0
2023-10-13 00:00:00-04:00,10.739999771118164,10.739999771118164,10.739999771118164,10.739999771118164,0,0.0,0.0
2023-10-16 00:00:00-04:00,10.739999771118164,10.739999771118164,10.739999771118164,10.739999771118164,0,0.0,0.0
2023-10-17 00:00:00-04:00,10.739999771118164,10.739999771118164,10.739999771118164,10.739999771118164,0,0.0,0.0
2023-10-18 00:00:00-04:00,10.739999771118164,10.739999771118164,10.739999771118164,10.739999771118164,0,0.0,0.0
2023-10-19 00:00:00-04:00,10.739999771118164,10.739999771118164,10.739999771118164,10.739999771118164,0,0.0,0.0
2023-10-20 00:00:00-04:00,10.739999771118164,10.739999771118164,10.739999771118164,10.739999771118164,0,0.0,0.0
2023-10-23 00:00:00-04:00,10.739999771118164,10.739999771118164,10.739999771118164,10.739999771118164,0,0.0,0.0
2023-10-24 00:00:00-04:00,10.739999771118164,10.739999771118164,10.739999771118164,10.739999771118164,0,0.0,0.0
2023-10-25 00:00:00-04:00,10.739999771118164,10.739999771118164,10.739999771118164,10.739999771118164,0,0.0,0.0
2023-10-26 00:00:00-04:00,10.739999771118164,10.739999771118164,10.739999771118164,10.739999771118164,0,0.0,0.0
2023-10-27 00:00:00-04:00,10.739999771118164,10.739999771118164,10.739999771118164,10.739999771118164,0,0.0,0.0
2023-10-30 00:00:00-04:00,10.739999771118164,10.739999771118164,10.739999771118164,10.739999771118164,0,0.0,0.0
2023-10-31 00:00:00-04:00,10.739999771118164,10.739999771118164,10.739999771118164,10.739999771118164,0,0.0,0.0
2023-11-01 00:00:00-04:00,10.739999771118164,10.739999771118164,10.739999771118164,10.739999771118164,0,0.0,0.0
2023-11-02 00:00:00-04:00,10.739999771118164,10.739999771118164,10.739999771118164,10.739999771118164,0,0.0,0.0
2023-11-03 00:00:00-04:00,10.739999771118164,10.739999771118164,10.739999771118164,10.739999771118164,0,0.0,0.0
2023-11-06 00:00:00-05:00,10.739999771118164,10.739999771118164,10.739999771118164,10.739999771118164,0,0.0,0.0
2023-11-07 00:00:00-05:00,10.739999771118164,10.739999771118164,10.739999771118164,10.739999771118164,0,0.0,0.0
2023-11-08 00:00:00-05:00,10.739999771118164,10.739999771118164,10.739999771118164,10.739999771118164,0,0.0,0.0
2023-11-09 00:00:00-05:00,10.739999771118164,10.739999771118164,10.739999771118164,10.739999771118164,0,0.0,0.0
2023-11-10 00:00:00-05:00,10.739999771118164,10.739999771118164,10.739999771118164,10.739999771118164,0,0.0,0.0
2023-11-13 00:00:00-05:00,10.739999771118164,10.739999771118164,10.739999771118164,10.739999771118164,0,0.0,0.0
2023-11-14 00:00:00-05:00,10.739999771118164,10.739999771118164,10.739999771118164,10.739999771118164,0,0.0,0.0
2023-11-15 00:00:00-05:00,10.739999771118164,10.739999771118164,10.739999771118164,10.739999771118164,0,0.0,0.0
2023-11-16 00:00:00-05:00,10.739999771118164,10.739999771118164,10.739999771118164,10.739999771118164,0,0.0,0.0
2023-11-17 00:00:00-05:00,10.739999771118164,10.739999771118164,10.739999771118164,10.739999771118164,0,0.0,0.0
2023-11-20 00:00:00-05:00,10.739999771118164,10.739999771118164,10.739999771118164,10.739999771118164,0,0.0,0.0
2023-11-21 00:00:00-05:00,10.739999771118164,10.739999771118164,10.739999771118164,10.739999771118164,0,0.0,0.0
2023-11-22 00:00:00-05:00,10.739999771118164,10.739999771118164,10.739999771118164,10.739999771118164,0,0.0,0.0
2023-11-24 00:00:00-05:00,10.739999771118164,10.739999771118164,10.739999771118164,10.739999771118164,0,0.0,0.0
2023-11-27 00:00:00-05:00,10.739999771118164,10.739999771118164,10.739999771118164,10.739999771118164,0,0.0,0.0
2023-11-28 00:00:00-05:00,10.739999771118164,10.739999771118164,10.739999771118164,10.739999771118164,0,0.0,0.0
2023-11-29 00:00:00-05:00,10.739999771118164,10.739999771118164,10.739999771118164,10.739999771118164,0,0.0,0.0
2023-11-30 00:00:00-05:00,10.739999771118164,10.739999771118164,10.739999771118164,10.739999771118164,0,0.0,0.0
2023-12-01 00:00:00-05:00,10.739999771118164,10.739999771118164,10.739999771118164,10.739999771118164,0,0.0,0.0
2023-12-04 00:00:00-05:00,10.739999771118164,10.739999771118164,10.739999771118164,10.739999771118164,0,0.0,0.0
2023-12-05 00:00:00-05:00,10.739999771118164,10.739999771118164,10.739999771118164,10.739999771118164,0,0.0,0.0
2023-12-06 00:00:00-05:00,10.739999771118164,10.739999771118164,10.739999771118164,10.739999771118164,0,0.0,0.0
2023-12-07 00:00:00-05:00,10.739999771118164,10.739999771118164,10.739999771118164,10.739999771118164,0,0.0,0.0
2023-12-08 00:00:00-05:00,10.739999771118164,10.739999771118164,10.739999771118164,10.739999771118164,0,0.0,0.0
2023-12-11 00:00:00-05:00,10.739999771118164,10.739999771118164,10.739999771118164,10.739999771118164,0,0.0,0.0
2023-12-12 00:00:00-05:00,10.739999771118164,10.739999771118164,10.739999771118164,10.739999771118164,0,0.0,0.0
2023-12-13 00:00:00-05:00,10.739999771118164,10.739999771118164,10.739999771118164,10.739999771118164,0,0.0,0.0
2023-12-14 00:00:00-05:00,10.739999771118164,10.739999771118164,10.739999771118164,10.739999771118164,0,0.0,0.0
2023-12-15 00:00:00-05:00,10.739999771118164,10.739999771118164,10.739999771118164,10.739999771118164,0,0.0,0.0
2023-12-18 00:00:00-05:00,10.739999771118164,10.739999771118164,10.739999771118164,10.739999771118164,0,0.0,0.0
2023-12-19 00:00:00-05:00,10.739999771118164,10.739999771118164,10.739999771118164,10.739999771118164,0,0.0,0.0
2023-12-20 00:00:00-05:00,10.739999771118164,10.739999771118164,10.739999771118164,10.739999771118164,0,0.0,0.0
2023-12-21 00:00:00-05:00,10.739999771118164,10.739999771118164,10.739999771118164,10.739999771118164,0,0.0,0.0
2023-12-22 00:00:00-05:00,10.739999771118164,10.739999771118164,10.739999771118164,10.739999771118164,0,0.0,0.0
2023-12-26 00:00:00-05:00,10.739999771118164,10.739999771118164,10.739999771118164,10.739999771118164,0,0.0,0.0
2023-12-27 00:00:00-05:00,10.739999771118164,10.739999771118164,10.739999771118164,10.739999771118164,0,0.0,0.0
2023-12-28 00:00:00-05:00,10.739999771118164,10.739999771118164,10.739999771118164,10.739999771118164,0,0.0,0.0
2023-12-29 00:00:00-05:00,10.739999771118164,10.739999771118164,10.739999771118164,10.739999771118164,0,0.0,0.0
2024-01-02 00:00:00-05:00,10.739999771118164,10.739999771118164,10.739999771118164,10.739999771118164,0,0.0,0.0
2024-01-03 00:00:00-05:00,10.739999771118164,10.739999771118164,10.739999771118164,10.739999771118164,0,0.0,0.0
2024-01-04 00:00:00-05:00,10.739999771118164,10.739999771118164,10.739999771118164,10.739999771118164,0,0.0,0.0
2024-01-05 00:00:00-05:00,10.739999771118164,10.739999771118164,10.739999771118164,10.739999771118164,0,0.0,0.0
2024-01-08 00:00:00-05:00,10.739999771118164,10.739999771118164,10.739999771118164,10.739999771118164,0,0.0,0.0
2024-01-09 00:00:00-05:00,10.739999771118164,10.739999771118164,10.739999771118164,10.739999771118164,0,0.0,0.0
2024-01-10 00:00:00-05:00,10.739999771118164,10.739999771118164,10.739999771118164,10.739999771118164,0,0.0,0.0
2024-01-11 00:00:00-05:00,10.739999771118164,10.739999771118164,10.739999771118164,10.739999771118164,0,0.0,0.0
2024-01-12 00:00:00-05:00,10.84000015258789,10.84000015258789,10.84000015258789,10.84000015258789,181,0.0,0.0
2024-01-16 00:00:00-05:00,10.84000015258789,10.84000015258789,10.84000015258789,10.84000015258789,0,0.0,0.0
2024-01-17 00:00:00-05:00,10.739999771118164,10.829999923706055,10.739999771118164,10.829999923706055,500,0.0,0.0
2024-01-18 00:00:00-05:00,10.829999923706055,10.829999923706055,10.829999923706055,10.829999923706055,0,0.0,0.0
2024-01-19 00:00:00-05:00,10.829999923706055,10.829999923706055,10.829999923706055,10.829999923706055,0,0.0,0.0
2024-01-22 00:00:00-05:00,10.829999923706055,10.829999923706055,10.829999923706055,10.829999923706055,0,0.0,0.0
2024-01-23 00:00:00-05:00,10.829999923706055,10.829999923706055,10.829999923706055,10.829999923706055,0,0.0,0.0
2024-01-24 00:00:00-05:00,10.829999923706055,10.829999923706055,10.829999923706055,10.829999923706055,0,0.0,0.0
2024-01-25 00:00:00-05:00,10.829999923706055,10.829999923706055,10.829999923706055,10.829999923706055,0,0.0,0.0
2024-01-26 00:00:00-05:00,10.829999923706055,10.829999923706055,10.829999923706055,10.829999923706055,0,0.0,0.0
2024-01-29 00:00:00-05:00,10.829999923706055,10.829999923706055,10.829999923706055,10.829999923706055,0,0.0,0.0
2024-01-30 00:00:00-05:00,10.829999923706055,10.829999923706055,10.829999923706055,10.829999923706055,0,0.0,0.0
2024-01-31 00:00:00-05:00,10.829999923706055,10.829999923706055,10.829999923706055,10.829999923706055,0,0.0,0.0
2024-02-01 00:00:00-05:00,10.829999923706055,10.829999923706055,10.829999923706055,10.829999923706055,0,0.0,0.0
2024-02-02 00:00:00-05:00,10.829999923706055,10.829999923706055,10.829999923706055,10.829999923706055,0,0.0,0.0
2024-02-05 00:00:00-05:00,10.829999923706055,10.829999923706055,10.829999923706055,10.829999923706055,0,0.0,0.0
2024-02-06 00:00:00-05:00,10.829999923706055,10.829999923706055,10.829999923706055,10.829999923706055,0,0.0,0.0
2024-02-07 00:00:00-05:00,10.829999923706055,10.829999923706055,10.829999923706055,10.829999923706055,0,0.0,0.0
2024-02-08 00:00:00-05:00,10.829999923706055,10.829999923706055,10.829999923706055,10.829999923706055,0,0.0,0.0
2024-02-09 00:00:00-05:00,10.829999923706055,10.829999923706055,10.829999923706055,10.829999923706055,0,0.0,0.0
2024-02-12 00:00:00-05:00,10.829999923706055,10.829999923706055,10.829999923706055,10.829999923706055,0,0.0,0.0
2024-02-13 00:00:00-05:00,10.829999923706055,10.829999923706055,10.829999923706055,10.829999923706055,0,0.0,0.0
2024-02-14 00:00:00-05:00,10.829999923706055,10.829999923706055,10.829999923706055,10.829999923706055,0,0.0,0.0
2024-02-15 00:00:00-05:00,10.829999923706055,10.829999923706055,10.829999923706055,10.829999923706055,0,0.0,0.0
2024-02-16 00:00:00-05:00,10.829999923706055,10.829999923706055,10.829999923706055,10.829999923706055,0,0.0,0.0
2024-02-20 00:00:00-05:00,10.829999923706055,10.829999923706055,10.829999923706055,10.829999923706055,0,0.0,0.0
2024-02-21 00:00:00-05:00,10.829999923706055,10.829999923706055,10.829999923706055,10.829999923706055,0,0.0,0.0
2024-02-22 00:00:00-05:00,10.829999923706055,10.829999923706055,10.829999923706055,10.829999923706055,0,0.0,0.0
2024-02-23 00:00:00-05:00,10.829999923706055,10.829999923706055,10.829999923706055,10.829999923706055,0,0.0,0.0
2024-02-26 00:00:00-05:00,10.829999923706055,10.829999923706055,10.829999923706055,10.829999923706055,0,0.0,0.0
2024-02-27 00:00:00-05:00,10.829999923706055,10.829999923706055,10.829999923706055,10.829999923706055,0,0.0,0.0
2024-02-28 00:00:00-05:00,10.829999923706055,10.829999923706055,10.829999923706055,10.829999923706055,0,0.0,0.0
2024-02-29 00:00:00-05:00,10.829999923706055,10.829999923706055,10.829999923706055,10.829999923706055,0,0.0,0.0
2024-03-01 00:00:00-05:00,10.829999923706055,10.829999923706055,10.829999923706055,10.829999923706055,0,0.0,0.0
2024-03-04 00:00:00-05:00,10.829999923706055,10.829999923706055,10.829999923706055,10.829999923706055,0,0.0,0.0
2024-03-05 00:00:00-05:00,10.829999923706055,10.829999923706055,10.829999923706055,10.829999923706055,0,0.0,0.0
2024-03-06 00:00:00-05:00,10.829999923706055,10.829999923706055,10.829999923706055,10.829999923706055,0,0.0,0.0
2024-03-07 00:00:00-05:00,10.829999923706055,10.829999923706055,10.829999923706055,10.829999923706055,0,0.0,0.0
2024-03-08 00:00:00-05:00,10.829999923706055,10.829999923706055,10.829999923706055,10.829999923706055,0,0.0,0.0
2024-03-11 00:00:00-04:00,10.829999923706055,10.829999923706055,10.829999923706055,10.829999923706055,0,0.0,0.0
2024-03-12 00:00:00-04:00,10.829999923706055,10.829999923706055,10.829999923706055,10.829999923706055,0,0.0,0.0
2024-03-13 00:00:00-04:00,10.829999923706055,10.829999923706055,10.829999923706055,10.829999923706055,0,0.0,0.0
2024-03-14 00:00:00-04:00,10.829999923706055,10.829999923706055,10.829999923706055,10.829999923706055,0,0.0,0.0
2024-03-15 00:00:00-04:00,10.829999923706055,10.829999923706055,10.829999923706055,10.829999923706055,0,0.0,0.0
2024-03-18 00:00:00-04:00,10.829999923706055,10.829999923706055,10.829999923706055,10.829999923706055,0,0.0,0.0
2024-03-19 00:00:00-04:00,10.829999923706055,10.829999923706055,10.829999923706055,10.829999923706055,0,0.0,0.0
2024-03-20 00:00:00-04:00,10.829999923706055,10.829999923706055,10.829999923706055,10.829999923706055,0,0.0,0.0
2024-03-21 00:00:00-04:00,10.829999923706055,10.829999923706055,10.829999923706055,10.829999923706055,0,0.0,0.0
2024-03-22 00:00:00-04:00,10.829999923706055,10.829999923706055,10.829999923706055,10.829999923706055,0,0.0,0.0
2024-03-25 00:00:00-04:00,10.829999923706055,10.829999923706055,10.829999923706055,10.829999923706055,0,0.0,0.0
2024-03-26 00:00:00-04:00,10.829999923706055,10.829999923706055,10.829999923706055,10.829999923706055,0,0.0,0.0
2024-03-27 00:00:00-04:00,10.829999923706055,10.829999923706055,10.829999923706055,10.829999923706055,0,0.0,0.0
2024-03-28 00:00:00-04:00,10.829999923706055,10.829999923706055,10.829999923706055,10.829999923706055,0,0.0,0.0
2024-04-01 00:00:00-04:00,10.829999923706055,10.829999923706055,10.829999923706055,10.829999923706055,0,0.0,0.0
2024-04-02 00:00:00-04:00,10.829999923706055,10.829999923706055,10.829999923706055,10.829999923706055,0,0.0,0.0
2024-04-03 00:00:00-04:00,10.829999923706055,10.829999923706055,10.829999923706055,10.829999923706055,0,0.0,0.0
2024-04-04 00:00:00-04:00,10.822999954223633,10.822999954223633,10.822999954223633,10.822999954223633,110,0.0,0.0
2024-04-05 00:00:00-04:00,10.822999954223633,10.822999954223633,10.822999954223633,10.822999954223633,0,0.0,0.0
2024-04-08 00:00:00-04:00,10.822999954223633,10.822999954223633,10.822999954223633,10.822999954223633,0,0.0,0.0
2024-04-09 00:00:00-04:00,10.822999954223633,10.822999954223633,10.822999954223633,10.822999954223633,0,0.0,0.0
2024-04-10 00:00:00-04:00,10.822999954223633,10.822999954223633,10.822999954223633,10.822999954223633,0,0.0,0.0
2024-04-11 00:00:00-04:00,10.822999954223633,10.822999954223633,10.822999954223633,10.822999954223633,0,0.0,0.0
2024-04-12 00:00:00-04:00,10.822999954223633,10.822999954223633,10.822999954223633,10.822999954223633,0,0.0,0.0
2024-04-15 00:00:00-04:00,10.822999954223633,10.822999954223633,10.822999954223633,10.822999954223633,0,0.0,0.0
2024-04-16 00:00:00-04:00,10.822999954223633,10.822999954223633,10.822999954223633,10.822999954223633,0,0.0,0.0
2024-04-17 00:00:00-04:00,10.822999954223633,10.822999954223633,10.822999954223633,10.822999954223633,0,0.0,0.0
2024-04-18 00:00:00-04:00,10.822999954223633,10.822999954223633,10.822999954223633,10.822999954223633,0,0.0,0.0
2024-04-19 00:00:00-04:00,10.822999954223633,10.822999954223633,10.822999954223633,10.822999954223633,0,0.0,0.0
2024-04-22 00:00:00-04:00,10.822999954223633,10.822999954223633,10.822999954223633,10.822999954223633,0,0.0,0.0
2024-04-23 00:00:00-04:00,10.822999954223633,10.822999954223633,10.822999954223633,10.822999954223633,0,0.0,0.0
2024-04-24 00:00:00-04:00,10.822999954223633,10.822999954223633,10.822999954223633,10.822999954223633,0,0.0,0.0
2024-04-25 00:00:00-04:00,10.822999954223633,10.822999954223633,10.822999954223633,10.822999954223633,0,0.0,0.0
2024-04-26 00:00:00-04:00,10.822999954223633,10.822999954223633,10.822999954223633,10.822999954223633,0,0.0,0.0
2024-04-29 00:00:00-04:00,10.822999954223633,10.822999954223633,10.822999954223633,10.822999954223633,0,0.0,0.0
2024-04-30 00:00:00-04:00,10.822999954223633,10.822999954223633,10.822999954223633,10.822999954223633,0,0.0,0.0
2024-05-01 00:00:00-04:00,10.822999954223633,10.822999954223633,10.822999954223633,10.822999954223633,0,0.0,0.0
2024-05-02 00:00:00-04:00,10.822999954223633,10.822999954223633,10.822999954223633,10.822999954223633,0,0.0,0.0
2024-05-03 00:00:00-04:00,10.822999954223633,10.822999954223633,10.822999954223633,10.822999954223633,0,0.0,0.0
2024-05-06 00:00:00-04:00,10.822999954223633,10.822999954223633,10.822999954223633,10.822999954223633,0,0.0,0.0
2024-05-07 00:00:00-04:00,10.822999954223633,10.822999954223633,10.822999954223633,10.822999954223633,0,0.0,0.0
2024-05-08 00:00:00-04:00,10.822999954223633,10.822999954223633,10.822999954223633,10.822999954223633,0,0.0,0.0
2024-05-09 00:00:00-04:00,10.822999954223633,10.822999954223633,10.822999954223633,10.822999954223633,0,0.0,0.0
2024-05-10 00:00:00-04:00,10.822999954223633,10.822999954223633,10.822999954223633,10.822999954223633,0,0.0,0.0
2024-05-13 00:00:00-04:00,10.822999954223633,10.822999954223633,10.822999954223633,10.822999954223633,0,0.0,0.0
2024-05-14 00:00:00-04:00,10.822999954223633,10.822999954223633,10.822999954223633,10.822999954223633,0,0.0,0.0
2024-05-15 00:00:00-04:00,10.822999954223633,10.822999954223633,10.822999954223633,10.822999954223633,0,0.0,0.0
2024-05-16 00:00:00-04:00,10.822999954223633,10.822999954223633,10.822999954223633,10.822999954223633,0,0.0,0.0
2024-05-17 00:00:00-04:00,10.822999954223633,10.822999954223633,10.822999954223633,10.822999954223633,0,0.0,0.0
2024-05-20 00:00:00-04:00,10.822999954223633,10.822999954223633,10.822999954223633,10.822999954223633,0,0.0,0.0
2024-05-21 00:00:00-04:00,11.050000190734863,11.050000190734863,11.050000190734863,11.050000190734863,201,0.0,0.0
2024-05-22 00:00:00-04:00,11.050000190734863,11.050000190734863,11.050000190734863,11.050000190734863,0,0.0,0.0
2024-05-23 00:00:00-04:00,11.050000190734863,11.050000190734863,11.050000190734863,11.050000190734863,0,0.0,0.0
2024-05-24 00:00:00-04:00,11.050000190734863,11.050000190734863,11.050000190734863,11.050000190734863,0,0.0,0.0
2024-05-28 00:00:00-04:00,11.050000190734863,11.050000190734863,11.050000190734863,11.050000190734863,0,0.0,0.0
2024-05-29 00:00:00-04:00,11.050000190734863,11.050000190734863,11.050000190734863,11.050000190734863,0,0.0,0.0
2024-05-30 00:00:00-04:00,11.050000190734863,11.050000190734863,11.050000190734863,11.050000190734863,0,0.0,0.0
2024-05-31 00:00:00-04:00,11.050000190734863,11.050000190734863,11.050000190734863,11.050000190734863,0,0.0,0.0
2024-06-03 00:00:00-04:00,11.050000190734863,11.050000190734863,11.050000190734863,11.050000190734863,0,0.0,0.0
2024-06-04 00:00:00-04:00,11.050000190734863,11.050000190734863,11.050000190734863,11.050000190734863,0,0.0,0.0
2024-06-05 00:00:00-04:00,11.050000190734863,11.050000190734863,11.050000190734863,11.050000190734863,0,0.0,0.0
2024-06-06 00:00:00-04:00,11.050000190734863,11.050000190734863,11.050000190734863,11.050000190734863,0,0.0,0.0
2024-06-07 00:00:00-04:00,11.050000190734863,11.050000190734863,11.050000190734863,11.050000190734863,0,0.0,0.0
2024-06-10 00:00:00-04:00,11.050000190734863,11.050000190734863,11.050000190734863,11.050000190734863,0,0.0,0.0
2024-06-11 00:00:00-04:00,11.25,11.25,11.069999694824219,11.069999694824219,200,0.0,0.0
2024-06-12 00:00:00-04:00,11.069999694824219,11.069999694824219,11.069999694824219,11.069999694824219,0,0.0,0.0
2024-06-13 00:00:00-04:00,11.069999694824219,11.069999694824219,11.069999694824219,11.069999694824219,0,0.0,0.0
2024-06-14 00:00:00-04:00,11.069999694824219,11.069999694824219,11.069999694824219,11.069999694824219,0,0.0,0.0
2024-06-17 00:00:00-04:00,11.069999694824219,11.069999694824219,11.069999694824219,11.069999694824219,0,0.0,0.0
2024-06-18 00:00:00-04:00,11.069999694824219,11.069999694824219,11.069999694824219,11.069999694824219,0,0.0,0.0
2024-06-20 00:00:00-04:00,11.069999694824219,11.069999694824219,11.069999694824219,11.069999694824219,0,0.0,0.0
2024-06-21 00:00:00-04:00,11.069999694824219,11.069999694824219,11.069999694824219,11.069999694824219,0,0.0,0.0
2024-06-24 00:00:00-04:00,11.069999694824219,11.069999694824219,11.069999694824219,11.069999694824219,0,0.0,0.0
2024-06-25 00:00:00-04:00,11.069999694824219,11.069999694824219,11.069999694824219,11.069999694824219,0,0.0,0.0
2024-06-26 00:00:00-04:00,11.069999694824219,11.069999694824219,11.069999694824219,11.069999694824219,0,0.0,0.0
2024-06-27 00:00:00-04:00,11.069999694824219,11.069999694824219,11.069999694824219,11.069999694824219,0,0.0,0.0
2024-06-28 00:00:00-04:00,11.069999694824219,11.069999694824219,11.069999694824219,11.069999694824219,0,0.0,0.0
2024-07-01 00:00:00-04:00,11.069999694824219,11.069999694824219,11.069999694824219,11.069999694824219,0,0.0,0.0
2024-07-02 00:00:00-04:00,11.069999694824219,11.069999694824219,11.069999694824219,11.069999694824219,0,0.0,0.0
2024-07-03 00:00:00-04:00,11.069999694824219,11.069999694824219,11.069999694824219,11.069999694824219,0,0.0,0.0
2024-07-05 00:00:00-04:00,11.069999694824219,11.069999694824219,11.069999694824219,11.069999694824219,0,0.0,0.0
2024-07-08 00:00:00-04:00,11.069999694824219,11.069999694824219,11.069999694824219,11.069999694824219,0,0.0,0.0
2024-07-09 00:00:00-04:00,11.069999694824219,11.069999694824219,11.069999694824219,11.069999694824219,0,0.0,0.0
2024-07-10 00:00:00-04:00,11.069999694824219,11.069999694824219,11.069999694824219,11.069999694824219,0,0.0,0.0
2024-07-11 00:00:00-04:00,11.069999694824219,11.069999694824219,11.069999694824219,11.069999694824219,0,0.0,0.0
2024-07-12 00:00:00-04:00,11.069999694824219,11.069999694824219,11.069999694824219,11.069999694824219,0,0.0,0.0
2024-07-15 00:00:00-04:00,11.069999694824219,11.069999694824219,11.069999694824219,11.069999694824219,0,0.0,0.0
2024-07-16 00:00:00-04:00,11.069999694824219,11.069999694824219,11.069999694824219,11.069999694824219,0,0.0,0.0
2024-07-17 00:00:00-04:00,11.069999694824219,11.069999694824219,11.069999694824219,11.069999694824219,0,0.0,0.0
2024-07-18 00:00:00-04:00,11.399999618530273,11.399999618530273,11.399999618530273,11.399999618530273,103,0.0,0.0
2024-07-19 00:00:00-04:00,11.399999618530273,11.399999618530273,11.399999618530273,11.399999618530273,0,0.0,0.0
2024-07-22 00:00:00-04:00,11.34000015258789,11.34000015258789,11.34000015258789,11.34000015258789,100,0.0,0.0
2024-07-23 00:00:00-04:00,11.34000015258789,11.34000015258789,11.34000015258789,11.34000015258789,0,0.0,0.0
2024-07-24 00:00:00-04:00,11.34000015258789,11.34000015258789,11.34000015258789,11.34000015258789,0,0.0,0.0
2024-07-25 00:00:00-04:00,11.34000015258789,11.34000015258789,11.34000015258789,11.34000015258789,0,0.0,0.0
2024-07-26 00:00:00-04:00,11.34000015258789,11.34000015258789,11.34000015258789,11.34000015258789,0,0.0,0.0
2024-07-29 00:00:00-04:00,11.34000015258789,11.34000015258789,11.34000015258789,11.34000015258789,0,0.0,0.0
2024-07-30 00:00:00-04:00,11.34000015258789,11.34000015258789,11.34000015258789,11.34000015258789,0,0.0,0.0
2024-07-31 00:00:00-04:00,11.050000190734863,11.050000190734863,11.050000190734863,11.050000190734863,139,0.0,0.0
2024-08-01 00:00:00-04:00,11.050000190734863,11.050000190734863,11.050000190734863,11.050000190734863,0,0.0,0.0
2024-08-02 00:00:00-04:00,11.050000190734863,11.050000190734863,11.050000190734863,11.050000190734863,0,0.0,0.0
2024-08-05 00:00:00-04:00,11.050000190734863,11.050000190734863,11.050000190734863,11.050000190734863,0,0.0,0.0
2024-08-06 00:00:00-04:00,11.050000190734863,11.050000190734863,11.050000190734863,11.050000190734863,0,0.0,0.0
2024-08-07 00:00:00-04:00,11.0600004196167,11.0600004196167,11.0600004196167,11.0600004196167,100,0.0,0.0
2024-08-08 00:00:00-04:00,11.0600004196167,11.0600004196167,11.0600004196167,11.0600004196167,0,0.0,0.0
2024-08-09 00:00:00-04:00,11.0600004196167,11.0600004196167,11.0600004196167,11.0600004196167,0,0.0,0.0
2024-08-12 00:00:00-04:00,11.0600004196167,11.0600004196167,11.0600004196167,11.0600004196167,0,0.0,0.0
2024-08-13 00:00:00-04:00,11.0600004196167,11.0600004196167,11.0600004196167,11.0600004196167,0,0.0,0.0
2024-08-14 00:00:00-04:00,11.0600004196167,11.0600004196167,11.0600004196167,11.0600004196167,0,0.0,0.0
2024-08-15 00:00:00-04:00,11.0600004196167,11.0600004196167,11.0600004196167,11.0600004196167,0,0.0,0.0
2024-08-16 00:00:00-04:00,11.0600004196167,11.0600004196167,11.0600004196167,11.0600004196167,0,0.0,0.0
2024-08-19 00:00:00-04:00,11.0600004196167,11.0600004196167,11.0600004196167,11.0600004196167,0,0.0,0.0
2024-08-20 00:00:00-04:00,11.0600004196167,11.0600004196167,11.0600004196167,11.0600004196167,0,0.0,0.0
2024-08-21 00:00:00-04:00,11.0600004196167,11.0600004196167,11.0600004196167,11.0600004196167,0,0.0,0.0
2024-08-22 00:00:00-04:00,11.0600004196167,11.0600004196167,11.0600004196167,11.0600004196167,0,0.0,0.0
2024-08-23 00:00:00-04:00,11.0600004196167,11.0600004196167,11.0600004196167,11.0600004196167,0,0.0,0.0
2024-08-26 00:00:00-04:00,11.0600004196167,11.0600004196167,11.0600004196167,11.0600004196167,0,0.0,0.0
2024-08-27 00:00:00-04:00,11.25,11.25,11.25,11.25,115,0.0,0.0
2024-08-28 00:00:00-04:00,11.25,11.25,11.25,11.25,0,0.0,0.0
2024-08-29 00:00:00-04:00,11.25,11.25,11.25,11.25,0,0.0,0.0
2024-08-30 00:00:00-04:00,11.25,11.25,11.25,11.25,0,0.0,0.0
2024-09-03 00:00:00-04:00,11.25,11.25,11.25,11.25,0,0.0,0.0
2024-09-04 00:00:00-04:00,11.25,11.25,11.25,11.25,0,0.0,0.0
2024-09-05 00:00:00-04:00,11.25,11.25,11.25,11.25,0,0.0,0.0
2024-09-06 00:00:00-04:00,11.25,11.25,11.25,11.25,0,0.0,0.0
2024-09-09 00:00:00-04:00,11.25,11.25,11.25,11.25,0,0.0,0.0
2024-09-10 00:00:00-04:00,11.25,11.25,11.25,11.25,0,0.0,0.0
2024-09-11 00:00:00-04:00,11.25,11.25,11.25,11.25,0,0.0,0.0
2024-09-12 00:00:00-04:00,11.25,11.25,11.25,11.25,0,0.0,0.0
2024-09-13 00:00:00-04:00,11.25,11.25,11.25,11.25,0,0.0,0.0
2024-09-16 00:00:00-04:00,11.25,11.25,11.25,11.25,0,0.0,0.0
2024-09-17 00:00:00-04:00,11.25,11.25,11.25,11.25,0,0.0,0.0
2024-09-18 00:00:00-04:00,11.25,11.25,11.25,11.25,0,0.0,0.0
2024-09-19 00:00:00-04:00,11.25,11.25,11.25,11.25,0,0.0,0.0
2024-09-20 00:00:00-04:00,11.300000190734863,11.300000190734863,11.300000190734863,11.300000190734863,101,0.0,0.0
2024-09-23 00:00:00-04:00,11.300000190734863,11.300000190734863,11.300000190734863,11.300000190734863,0,0.0,0.0
2024-09-24 00:00:00-04:00,11.300000190734863,11.300000190734863,11.300000190734863,11.300000190734863,0,0.0,0.0
2024-09-25 00:00:00-04:00,11.300000190734863,11.300000190734863,11.300000190734863,11.300000190734863,0,0.0,0.0
2024-09-26 00:00:00-04:00,11.289999961853027,11.289999961853027,11.289999961853027,11.289999961853027,250,0.0,0.0
2024-09-27 00:00:00-04:00,11.289999961853027,11.289999961853027,11.289999961853027,11.289999961853027,0,0.0,0.0
2024-09-30 00:00:00-04:00,11.289999961853027,11.289999961853027,11.289999961853027,11.289999961853027,0,0.0,0.0
2024-10-01 00:00:00-04:00,11.289999961853027,11.289999961853027,11.289999961853027,11.289999961853027,0,0.0,0.0
2024-10-02 00:00:00-04:00,11.289999961853027,11.289999961853027,11.289999961853027,11.289999961853027,0,0.0,0.0
2024-10-03 00:00:00-04:00,11.289999961853027,11.289999961853027,11.289999961853027,11.289999961853027,0,0.0,0.0
2024-10-04 00:00:00-04:00,11.289999961853027,11.289999961853027,11.289999961853027,11.289999961853027,0,0.0,0.0
2024-10-07 00:00:00-04:00,11.289999961853027,11.289999961853027,11.289999961853027,11.289999961853027,0,0.0,0.0
2024-10-08 00:00:00-04:00,11.289999961853027,11.289999961853027,11.289999961853027,11.289999961853027,0,0.0,0.0
2024-10-09 00:00:00-04:00,11.289999961853027,11.289999961853027,11.289999961853027,11.289999961853027,0,0.0,0.0
2024-10-10 00:00:00-04:00,11.289999961853027,11.289999961853027,11.289999961853027,11.289999961853027,0,0.0,0.0
2024-10-11 00:00:00-04:00,11.289999961853027,11.289999961853027,11.289999961853027,11.289999961853027,0,0.0,0.0
2024-10-14 00:00:00-04:00,11.289999961853027,11.289999961853027,11.289999961853027,11.289999961853027,0,0.0,0.0
2024-10-15 00:00:00-04:00,11.289999961853027,11.289999961853027,11.289999961853027,11.289999961853027,0,0.0,0.0
2024-10-16 00:00:00-04:00,11.289999961853027,11.289999961853027,11.289999961853027,11.289999961853027,0,0.0,0.0
2024-10-17 00:00:00-04:00,11.289999961853027,11.289999961853027,11.289999961853027,11.289999961853027,0,0.0,0.0
2024-10-18 00:00:00-04:00,11.289999961853027,11.289999961853027,11.289999961853027,11.289999961853027,0,0.0,0.0
2024-10-21 00:00:00-04:00,11.289999961853027,11.289999961853027,11.289999961853027,11.289999961853027,0,0.0,0.0
2024-10-22 00:00:00-04:00,11.289999961853027,11.289999961853027,11.289999961853027,11.289999961853027,0,0.0,0.0
2024-10-23 00:00:00-04:00,11.289999961853027,11.289999961853027,11.289999961853027,11.289999961853027,0,0.0,0.0
2024-10-24 00:00:00-04:00,11.289999961853027,11.289999961853027,11.289999961853027,11.289999961853027,0,0.0,0.0
2024-10-25 00:00:00-04:00,11.289999961853027,11.289999961853027,11.289999961853027,11.289999961853027,0,0.0,0.0
2024-10-28 00:00:00-04:00,11.289999961853027,11.289999961853027,11.289999961853027,11.289999961853027,0,0.0,0.0
2024-10-29 00:00:00-04:00,11.289999961853027,11.289999961853027,11.289999961853027,11.289999961853027,0,0.0,0.0
2024-10-30 00:00:00-04:00,11.289999961853027,11.289999961853027,11.289999961853027,11.289999961853027,0,0.0,0.0
2024-10-31 00:00:00-04:00,11.289999961853027,11.289999961853027,11.289999961853027,11.289999961853027,0,0.0,0.0
2024-11-01 00:00:00-04:00,11.289999961853027,11.289999961853027,11.289999961853027,11.289999961853027,0,0.0,0.0
2024-11-04 00:00:00-05:00,11.289999961853027,11.289999961853027,11.289999961853027,11.289999961853027,0,0.0,0.0
2024-11-05 00:00:00-05:00,11.289999961853027,11.289999961853027,11.289999961853027,11.289999961853027,0,0.0,0.0
2024-11-06 00:00:00-05:00,11.289999961853027,11.289999961853027,11.289999961853027,11.289999961853027,0,0.0,0.0
2024-11-07 00:00:00-05:00,11.289999961853027,11.289999961853027,11.289999961853027,11.289999961853027,0,0.0,0.0
2024-11-08 00:00:00-05:00,11.289999961853027,11.289999961853027,11.289999961853027,11.289999961853027,0,0.0,0.0
2024-11-11 00:00:00-05:00,11.289999961853027,11.289999961853027,11.289999961853027,11.289999961853027,0,0.0,0.0
2024-11-12 00:00:00-05:00,11.289999961853027,11.289999961853027,11.289999961853027,11.289999961853027,0,0.0,0.0
2024-11-13 00:00:00-05:00,11.289999961853027,11.289999961853027,11.289999961853027,11.289999961853027,0,0.0,0.0
2024-11-14 00:00:00-05:00,11.289999961853027,11.289999961853027,11.289999961853027,11.289999961853027,0,0.0,0.0
2024-11-15 00:00:00-05:00,11.289999961853027,11.289999961853027,11.289999961853027,11.289999961853027,0,0.0,0.0
2024-11-18 00:00:00-05:00,11.289999961853027,11.289999961853027,11.289999961853027,11.289999961853027,0,0.0,0.0
2024-11-19 00:00:00-05:00,11.289999961853027,11.289999961853027,11.289999961853027,11.289999961853027,0,0.0,0.0
2024-11-20 00:00:00-05:00,11.289999961853027,11.289999961853027,11.289999961853027,11.289999961853027,0,0.0,0.0
2024-11-21 00:00:00-05:00,11.289999961853027,11.289999961853027,11.289999961853027,11.289999961853027,0,0.0,0.0
2024-11-22 00:00:00-05:00,11.289999961853027,11.289999961853027,11.289999961853027,11.289999961853027,0,0.0,0.0
2024-11-25 00:00:00-05:00,11.289999961853027,11.289999961853027,11.289999961853027,11.289999961853027,0,0.0,0.0
2024-11-26 00:00:00-05:00,11.289999961853027,11.289999961853027,11.289999961853027,11.289999961853027,0,0.0,0.0
2024-11-27 00:00:00-05:00,11.289999961853027,11.289999961853027,11.289999961853027,11.289999961853027,0,0.0,0.0
2024-11-29 00:00:00-05:00,11.289999961853027,11.289999961853027,11.289999961853027,11.289999961853027,0,0.0,0.0
2024-12-02 00:00:00-05:00,11.289999961853027,11.289999961853027,11.289999961853027,11.289999961853027,0,0.0,0.0
2024-12-03 00:00:00-05:00,11.289999961853027,11.289999961853027,11.289999961853027,11.289999961853027,0,0.0,0.0
2024-12-04 00:00:00-05:00,11.289999961853027,11.289999961853027,11.289999961853027,11.289999961853027,0,0.0,0.0
2024-12-05 00:00:00-05:00,11.289999961853027,11.289999961853027,11.289999961853027,11.289999961853027,0,0.0,0.0
2024-12-06 00:00:00-05:00,11.289999961853027,11.289999961853027,11.289999961853027,11.289999961853027,0,0.0,0.0
2024-12-09 00:00:00-05:00,11.289999961853027,11.289999961853027,11.289999961853027,11.289999961853027,0,0.0,0.0
2024-12-10 00:00:00-05:00,11.289999961853027,11.289999961853027,11.289999961853027,11.289999961853027,0,0.0,0.0
2024-12-11 00:00:00-05:00,11.289999961853027,11.289999961853027,11.289999961853027,11.289999961853027,0,0.0,0.0
2024-12-12 00:00:00-05:00,11.289999961853027,11.289999961853027,11.289999961853027,11.289999961853027,0,0.0,0.0
2024-12-13 00:00:00-05:00,11.289999961853027,11.289999961853027,11.289999961853027,11.289999961853027,0,0.0,0.0
2024-12-16 00:00:00-05:00,11.289999961853027,11.289999961853027,11.289999961853027,11.289999961853027,0,0.0,0.0
2024-12-17 00:00:00-05:00,11.289999961853027,11.289999961853027,11.289999961853027,11.289999961853027,0,0.0,0.0
2024-12-18 00:00:00-05:00,11.289999961853027,11.289999961853027,11.289999961853027,11.289999961853027,0,0.0,0.0
2024-12-19 00:00:00-05:00,11.289999961853027,11.289999961853027,11.289999961853027,11.289999961853027,0,0.0,0.0
2024-12-20 00:00:00-05:00,11.289999961853027,11.289999961853027,11.289999961853027,11.289999961853027,0,0.0,0.0
2024-12-23 00:00:00-05:00,11.289999961853027,11.289999961853027,11.289999961853027,11.289999961853027,0,0.0,0.0
2024-12-24 00:00:00-05:00,11.289999961853027,11.289999961853027,11.289999961853027,11.289999961853027,0,0.0,0.0
2024-12-26 00:00:00-05:00,11.289999961853027,11.289999961853027,11.289999961853027,11.289999961853027,0,0.0,0.0
2024-12-27 00:00:00-05:00,11.289999961853027,11.289999961853027,11.289999961853027,11.289999961853027,0,0.0,0.0
2024-12-30 00:00:00-05:00,11.289999961853027,11.289999961853027,11.289999961853027,11.289999961853027,0,0.0,0.0
2024-12-31 00:00:00-05:00,11.289999961853027,11.289999961853027,11.289999961853027,11.289999961853027,0,0.0,0.0
2025-01-02 00:00:00-05:00,11.289999961853027,11.289999961853027,11.289999961853027,11.289999961853027,0,0.0,0.0
2025-01-03 00:00:00-05:00,11.289999961853027,11.289999961853027,11.289999961853027,11.289999961853027,0,0.0,0.0
