Date,Open,High,Low,Close,Volume,Dividends,Stock Splits
2022-01-03 00:00:00-05:00,15.149999618530273,15.880000114440918,15.149999618530273,15.630000114440918,218300,0.0,0.0
2022-01-04 00:00:00-05:00,15.710000038146973,16.06999969482422,15.65999984741211,15.760000228881836,266800,0.0,0.0
2022-01-05 00:00:00-05:00,15.75,15.819999694824219,14.710000038146973,14.850000381469727,256200,0.0,0.0
2022-01-06 00:00:00-05:00,15.5,16.43000030517578,15.25,16.049999237060547,526000,0.0,0.0
2022-01-07 00:00:00-05:00,16.040000915527344,16.549999237060547,15.75,15.75,264200,0.0,0.0
2022-01-10 00:00:00-05:00,15.529999732971191,16.010000228881836,15.029999732971191,15.829999923706055,387900,0.0,0.0
2022-01-11 00:00:00-05:00,15.75,16.15999984741211,15.380000114440918,15.9399995803833,148600,0.0,0.0
2022-01-12 00:00:00-05:00,16.049999237060547,16.43000030517578,16.020000457763672,16.270000457763672,368300,0.0,0.0
2022-01-13 00:00:00-05:00,16.459999084472656,17.100000381469727,16.299999237060547,16.68000030517578,220600,0.0,0.0
2022-01-14 00:00:00-05:00,16.459999084472656,17.200000762939453,16.3799991607666,16.809999465942383,286400,0.0,0.0
2022-01-18 00:00:00-05:00,17.31999969482422,17.719999313354492,16.81999969482422,16.969999313354492,293600,0.0,0.0
2022-01-19 00:00:00-05:00,17.030000686645508,17.110000610351562,16.520000457763672,16.739999771118164,230600,0.0,0.0
2022-01-20 00:00:00-05:00,16.860000610351562,17.299999237060547,16.110000610351562,16.15999984741211,261800,0.0,0.0
2022-01-21 00:00:00-05:00,15.880000114440918,16.389999389648438,15.350000381469727,15.380000114440918,386600,0.0,0.0
2022-01-24 00:00:00-05:00,14.899999618530273,16.84000015258789,14.600000381469727,16.690000534057617,369900,0.0,0.0
2022-01-25 00:00:00-05:00,16.3700008392334,17.100000381469727,16.100000381469727,16.829999923706055,281100,0.0,0.0
2022-01-26 00:00:00-05:00,16.950000762939453,17.18000030517578,15.859999656677246,15.989999771118164,287300,0.0,0.0
2022-01-27 00:00:00-05:00,16.270000457763672,16.40999984741211,15.520000457763672,15.649999618530273,191100,0.0,0.0
2022-01-28 00:00:00-05:00,15.5600004196167,15.8100004196167,15.069999694824219,15.539999961853027,158100,0.0,0.0
2022-01-31 00:00:00-05:00,15.34000015258789,16.950000762939453,15.170000076293945,16.93000030517578,196300,0.0,0.0
2022-02-01 00:00:00-05:00,16.790000915527344,17.1200008392334,16.520000457763672,16.84000015258789,157500,0.0,0.0
2022-02-02 00:00:00-05:00,16.850000381469727,16.899999618530273,16.110000610351562,16.56999969482422,119900,0.0,0.0
2022-02-03 00:00:00-05:00,16.360000610351562,16.600000381469727,16.100000381469727,16.170000076293945,77500,0.0,0.0
2022-02-04 00:00:00-05:00,16.229999542236328,16.600000381469727,15.75,16.40999984741211,138600,0.0,0.0
2022-02-07 00:00:00-05:00,16.290000915527344,17.110000610351562,16.290000915527344,16.6200008392334,139000,0.0,0.0
2022-02-08 00:00:00-05:00,16.770000457763672,17.190000534057617,16.440000534057617,17.100000381469727,214500,0.0,0.0
2022-02-09 00:00:00-05:00,16.989999771118164,17.1299991607666,16.299999237060547,16.510000228881836,309200,0.0,0.0
2022-02-10 00:00:00-05:00,16.290000915527344,16.59000015258789,15.930000305175781,15.979999542236328,271500,0.0,0.0
2022-02-11 00:00:00-05:00,15.989999771118164,16.3700008392334,15.350000381469727,15.399999618530273,186100,0.0,0.0
2022-02-14 00:00:00-05:00,15.300000190734863,15.329999923706055,14.720000267028809,14.789999961853027,243200,0.0,0.0
2022-02-15 00:00:00-05:00,14.960000038146973,15.5600004196167,14.800000190734863,15.5,205600,0.0,0.0
2022-02-16 00:00:00-05:00,15.430000305175781,15.550000190734863,15.010000228881836,15.329999923706055,349300,0.0,0.0
2022-02-17 00:00:00-05:00,15.210000038146973,15.460000038146973,14.899999618530273,14.899999618530273,268100,0.0,0.0
2022-02-18 00:00:00-05:00,14.890000343322754,15.199999809265137,14.180000305175781,14.350000381469727,253200,0.0,0.0
2022-02-22 00:00:00-05:00,14.289999961853027,14.329999923706055,13.34000015258789,13.470000267028809,228400,0.0,0.0
2022-02-23 00:00:00-05:00,13.630000114440918,14.010000228881836,13.359999656677246,13.479999542236328,166900,0.0,0.0
2022-02-24 00:00:00-05:00,12.890000343322754,14.0,12.5,13.949999809265137,226700,0.0,0.0
2022-02-25 00:00:00-05:00,14.069999694824219,14.390000343322754,13.710000038146973,14.0,316700,0.0,0.0
2022-02-28 00:00:00-05:00,13.84000015258789,14.1899995803833,13.779999732971191,13.84000015258789,275500,0.0,0.0
2022-03-01 00:00:00-05:00,13.9399995803833,13.960000038146973,13.380000114440918,13.75,246200,0.0,0.0
2022-03-02 00:00:00-05:00,13.829999923706055,14.579999923706055,13.75,14.489999771118164,231200,0.0,0.0
2022-03-03 00:00:00-05:00,14.680000305175781,14.680000305175781,13.930000305175781,13.949999809265137,251900,0.0,0.0
2022-03-04 00:00:00-05:00,13.8100004196167,13.8100004196167,13.079999923706055,13.239999771118164,292100,0.0,0.0
2022-03-07 00:00:00-05:00,13.399999618530273,13.75,12.760000228881836,12.789999961853027,321200,0.0,0.0
2022-03-08 00:00:00-05:00,12.789999961853027,13.720000267028809,12.699999809265137,13.15999984741211,180300,0.0,0.0
2022-03-09 00:00:00-05:00,13.489999771118164,13.949999809265137,13.489999771118164,13.789999961853027,154300,0.0,0.0
2022-03-10 00:00:00-05:00,12.989999771118164,13.029999732971191,12.050000190734863,12.489999771118164,715700,0.0,0.0
2022-03-11 00:00:00-05:00,12.520000457763672,12.760000228881836,10.859999656677246,10.890000343322754,749900,0.0,0.0
2022-03-14 00:00:00-04:00,10.850000381469727,11.039999961853027,10.130000114440918,10.449999809265137,481600,0.0,0.0
2022-03-15 00:00:00-04:00,10.390000343322754,11.220000267028809,10.369999885559082,11.149999618530273,308200,0.0,0.0
2022-03-16 00:00:00-04:00,11.220000267028809,11.859999656677246,11.220000267028809,11.710000038146973,421900,0.0,0.0
2022-03-17 00:00:00-04:00,11.430000305175781,11.59000015258789,10.90999984741211,11.229999542236328,574400,0.0,0.0
2022-03-18 00:00:00-04:00,11.149999618530273,12.109999656677246,11.039999961853027,11.680000305175781,640000,0.0,0.0
2022-03-21 00:00:00-04:00,11.670000076293945,11.930000305175781,11.020000457763672,11.149999618530273,416600,0.0,0.0
2022-03-22 00:00:00-04:00,11.180000305175781,11.569999694824219,11.100000381469727,11.5,402300,0.0,0.0
2022-03-23 00:00:00-04:00,11.40999984741211,11.40999984741211,11.010000228881836,11.260000228881836,339900,0.0,0.0
2022-03-24 00:00:00-04:00,11.369999885559082,11.369999885559082,10.770000457763672,10.949999809265137,587100,0.0,0.0
2022-03-25 00:00:00-04:00,10.9399995803833,10.989999771118164,10.520000457763672,10.59000015258789,328300,0.0,0.0
2022-03-28 00:00:00-04:00,10.739999771118164,10.739999771118164,9.970000267028809,10.140000343322754,480200,0.0,0.0
2022-03-29 00:00:00-04:00,10.300000190734863,10.529999732971191,10.079999923706055,10.359999656677246,575300,0.0,0.0
2022-03-30 00:00:00-04:00,10.239999771118164,10.279999732971191,9.630000114440918,9.649999618530273,719800,0.0,0.0
2022-03-31 00:00:00-04:00,9.6899995803833,9.729999542236328,9.15999984741211,9.289999961853027,411900,0.0,0.0
2022-04-01 00:00:00-04:00,9.300000190734863,9.369999885559082,9.020000457763672,9.170000076293945,423100,0.0,0.0
2022-04-04 00:00:00-04:00,9.229999542236328,9.5,9.09000015258789,9.449999809265137,304300,0.0,0.0
2022-04-05 00:00:00-04:00,9.479999542236328,9.550000190734863,9.1899995803833,9.229999542236328,197900,0.0,0.0
2022-04-06 00:00:00-04:00,9.069999694824219,9.15999984741211,8.510000228881836,8.649999618530273,339200,0.0,0.0
2022-04-07 00:00:00-04:00,8.630000114440918,8.739999771118164,8.25,8.5600004196167,241400,0.0,0.0
2022-04-08 00:00:00-04:00,8.569999694824219,8.760000228881836,8.390000343322754,8.460000038146973,240700,0.0,0.0
2022-04-11 00:00:00-04:00,8.390000343322754,8.729999542236328,8.210000038146973,8.420000076293945,206500,0.0,0.0
2022-04-12 00:00:00-04:00,8.489999771118164,8.670000076293945,8.220000267028809,8.34000015258789,247800,0.0,0.0
2022-04-13 00:00:00-04:00,8.3100004196167,8.949999809265137,8.119999885559082,8.699999809265137,443600,0.0,0.0
2022-04-14 00:00:00-04:00,8.819999694824219,9.029999732971191,8.579999923706055,8.710000038146973,250400,0.0,0.0
2022-04-18 00:00:00-04:00,8.609999656677246,8.649999618530273,8.079999923706055,8.25,441000,0.0,0.0
2022-04-19 00:00:00-04:00,8.279999732971191,8.579999923706055,8.199999809265137,8.399999618530273,221500,0.0,0.0
2022-04-20 00:00:00-04:00,8.420000076293945,8.460000038146973,8.069999694824219,8.199999809265137,343200,0.0,0.0
2022-04-21 00:00:00-04:00,8.279999732971191,8.319999694824219,7.550000190734863,7.71999979019165,346400,0.0,0.0
2022-04-22 00:00:00-04:00,7.539999961853027,7.760000228881836,7.289999961853027,7.630000114440918,369200,0.0,0.0
2022-04-25 00:00:00-04:00,7.550000190734863,7.710000038146973,7.389999866485596,7.619999885559082,172300,0.0,0.0
2022-04-26 00:00:00-04:00,7.539999961853027,7.539999961853027,7.110000133514404,7.179999828338623,246800,0.0,0.0
2022-04-27 00:00:00-04:00,7.21999979019165,7.289999961853027,6.860000133514404,7.0,413500,0.0,0.0
2022-04-28 00:00:00-04:00,7.199999809265137,7.869999885559082,7.159999847412109,7.510000228881836,537000,0.0,0.0
2022-04-29 00:00:00-04:00,7.46999979019165,7.599999904632568,7.150000095367432,7.230000019073486,190700,0.0,0.0
2022-05-02 00:00:00-04:00,7.210000038146973,7.400000095367432,7.079999923706055,7.349999904632568,247700,0.0,0.0
2022-05-03 00:00:00-04:00,7.400000095367432,7.699999809265137,7.25,7.610000133514404,191900,0.0,0.0
2022-05-04 00:00:00-04:00,7.53000020980835,7.570000171661377,7.110000133514404,7.539999961853027,312200,0.0,0.0
2022-05-05 00:00:00-04:00,7.409999847412109,7.409999847412109,6.849999904632568,7.199999809265137,311300,0.0,0.0
2022-05-06 00:00:00-04:00,7.210000038146973,7.400000095367432,6.920000076293945,7.119999885559082,330500,0.0,0.0
2022-05-09 00:00:00-04:00,6.920000076293945,7.380000114440918,6.880000114440918,7.159999847412109,257100,0.0,0.0
2022-05-10 00:00:00-04:00,7.28000020980835,7.400000095367432,6.949999809265137,7.179999828338623,306900,0.0,0.0
2022-05-11 00:00:00-04:00,7.230000019073486,7.230000019073486,6.769999980926514,6.809999942779541,368300,0.0,0.0
2022-05-12 00:00:00-04:00,6.71999979019165,7.150000095367432,6.659999847412109,7.010000228881836,324500,0.0,0.0
2022-05-13 00:00:00-04:00,7.159999847412109,7.320000171661377,7.03000020980835,7.110000133514404,343100,0.0,0.0
2022-05-16 00:00:00-04:00,7.099999904632568,7.230000019073486,6.849999904632568,6.960000038146973,221600,0.0,0.0
2022-05-17 00:00:00-04:00,7.150000095367432,7.369999885559082,7.059999942779541,7.190000057220459,256200,0.0,0.0
2022-05-18 00:00:00-04:00,7.119999885559082,7.150000095367432,6.25,6.409999847412109,615800,0.0,0.0
2022-05-19 00:00:00-04:00,6.340000152587891,6.699999809265137,6.260000228881836,6.440000057220459,279400,0.0,0.0
2022-05-20 00:00:00-04:00,6.610000133514404,6.610000133514404,5.980000019073486,6.369999885559082,285500,0.0,0.0
2022-05-23 00:00:00-04:00,6.389999866485596,6.389999866485596,6.099999904632568,6.25,144600,0.0,0.0
2022-05-24 00:00:00-04:00,6.199999809265137,6.210000038146973,5.940000057220459,6.159999847412109,480500,0.0,0.0
2022-05-25 00:00:00-04:00,6.139999866485596,6.599999904632568,6.139999866485596,6.429999828338623,261800,0.0,0.0
2022-05-26 00:00:00-04:00,6.559999942779541,7.019999980926514,6.559999942779541,6.630000114440918,425900,0.0,0.0
2022-05-27 00:00:00-04:00,6.590000152587891,6.869999885559082,6.409999847412109,6.78000020980835,374600,0.0,0.0
2022-05-31 00:00:00-04:00,6.179999828338623,6.199999809265137,5.639999866485596,5.789999961853027,1297400,0.0,0.0
2022-06-01 00:00:00-04:00,5.739999771118164,5.739999771118164,5.0,5.010000228881836,1015800,0.0,0.0
2022-06-02 00:00:00-04:00,5.019999980926514,5.139999866485596,4.760000228881836,4.929999828338623,693700,0.0,0.0
2022-06-03 00:00:00-04:00,4.800000190734863,4.869999885559082,4.679999828338623,4.739999771118164,464700,0.0,0.0
2022-06-06 00:00:00-04:00,4.78000020980835,4.829999923706055,4.539999961853027,4.599999904632568,498000,0.0,0.0
2022-06-07 00:00:00-04:00,4.519999980926514,4.889999866485596,4.5,4.869999885559082,325000,0.0,0.0
2022-06-08 00:00:00-04:00,4.820000171661377,5.039999961853027,4.650000095367432,4.659999847412109,309100,0.0,0.0
2022-06-09 00:00:00-04:00,4.630000114440918,4.679999828338623,4.539999961853027,4.590000152587891,225800,0.0,0.0
2022-06-10 00:00:00-04:00,4.539999961853027,4.599999904632568,4.340000152587891,4.369999885559082,531600,0.0,0.0
2022-06-13 00:00:00-04:00,4.190000057220459,4.269999980926514,4.0,4.070000171661377,519400,0.0,0.0
2022-06-14 00:00:00-04:00,4.079999923706055,4.130000114440918,3.9100000858306885,3.9700000286102295,466500,0.0,0.0
2022-06-15 00:00:00-04:00,4.03000020980835,4.050000190734863,3.6700000762939453,3.6700000762939453,628400,0.0,0.0
2022-06-16 00:00:00-04:00,3.5399999618530273,3.609999895095825,3.319999933242798,3.369999885559082,627300,0.0,0.0
2022-06-17 00:00:00-04:00,3.4100000858306885,3.75,3.380000114440918,3.6500000953674316,674000,0.0,0.0
2022-06-21 00:00:00-04:00,3.8499999046325684,3.930000066757202,3.6500000953674316,3.7899999618530273,1081600,0.0,0.0
2022-06-22 00:00:00-04:00,3.75,5.199999809265137,3.6600000858306885,4.690000057220459,11330600,0.0,0.0
2022-06-23 00:00:00-04:00,4.900000095367432,5.53000020980835,3.990000009536743,4.269999980926514,8587900,0.0,0.0
2022-06-24 00:00:00-04:00,4.28000020980835,4.519999980926514,4.260000228881836,4.440000057220459,2595300,0.0,0.0
2022-06-27 00:00:00-04:00,4.389999866485596,4.409999847412109,4.039999961853027,4.079999923706055,856100,0.0,0.0
2022-06-28 00:00:00-04:00,4.110000133514404,4.110000133514404,3.7300000190734863,3.8299999237060547,1117200,0.0,0.0
2022-06-29 00:00:00-04:00,3.7799999713897705,3.859999895095825,3.609999895095825,3.759999990463257,511200,0.0,0.0
2022-06-30 00:00:00-04:00,3.640000104904175,3.7100000381469727,3.450000047683716,3.5199999809265137,528700,0.0,0.0
2022-07-01 00:00:00-04:00,3.509999990463257,3.9100000858306885,3.450000047683716,3.9000000953674316,434300,0.0,0.0
2022-07-05 00:00:00-04:00,3.8299999237060547,4.090000152587891,3.680000066757202,4.050000190734863,455100,0.0,0.0
2022-07-06 00:00:00-04:00,4.050000190734863,4.090000152587891,3.6700000762939453,3.680000066757202,494700,0.0,0.0
2022-07-07 00:00:00-04:00,3.759999990463257,4.03000020980835,3.7300000190734863,4.010000228881836,561400,0.0,0.0
2022-07-08 00:00:00-04:00,4.010000228881836,4.300000190734863,3.880000114440918,4.21999979019165,530700,0.0,0.0
2022-07-11 00:00:00-04:00,4.159999847412109,4.190000057220459,3.7799999713897705,3.799999952316284,351800,0.0,0.0
2022-07-12 00:00:00-04:00,3.819999933242798,4.019999980926514,3.809999942779541,3.9100000858306885,248200,0.0,0.0
2022-07-13 00:00:00-04:00,3.8499999046325684,4.159999847412109,3.8299999237060547,4.070000171661377,276000,0.0,0.0
2022-07-14 00:00:00-04:00,3.9100000858306885,4.0,3.7699999809265137,3.7799999713897705,363600,0.0,0.0
2022-07-15 00:00:00-04:00,3.9700000286102295,3.9700000286102295,3.7799999713897705,3.9000000953674316,181600,0.0,0.0
2022-07-18 00:00:00-04:00,3.9100000858306885,4.110000133514404,3.880000114440918,3.9200000762939453,239600,0.0,0.0
2022-07-19 00:00:00-04:00,3.9200000762939453,4.070000171661377,3.9100000858306885,3.9800000190734863,384700,0.0,0.0
2022-07-20 00:00:00-04:00,4.0,4.019999980926514,3.8499999046325684,3.930000066757202,235200,0.0,0.0
2022-07-21 00:00:00-04:00,3.930000066757202,3.9700000286102295,3.8299999237060547,3.880000114440918,207000,0.0,0.0
2022-07-22 00:00:00-04:00,3.9100000858306885,3.950000047683716,3.4800000190734863,3.490000009536743,544300,0.0,0.0
2022-07-25 00:00:00-04:00,3.509999990463257,3.5199999809265137,3.380000114440918,3.380000114440918,289300,0.0,0.0
2022-07-26 00:00:00-04:00,3.369999885559082,3.369999885559082,3.0399999618530273,3.119999885559082,462300,0.0,0.0
2022-07-27 00:00:00-04:00,3.1600000858306885,3.2799999713897705,3.0799999237060547,3.0899999141693115,267300,0.0,0.0
2022-07-28 00:00:00-04:00,3.0999999046325684,3.2799999713897705,3.0399999618530273,3.119999885559082,441300,0.0,0.0
2022-07-29 00:00:00-04:00,3.1500000953674316,3.1500000953674316,3.059999942779541,3.109999895095825,399400,0.0,0.0
2022-08-01 00:00:00-04:00,3.0999999046325684,3.109999895095825,2.9800000190734863,3.0899999141693115,408700,0.0,0.0
2022-08-02 00:00:00-04:00,3.0799999237060547,3.190000057220459,3.0399999618530273,3.109999895095825,553700,0.0,0.0
2022-08-03 00:00:00-04:00,3.1500000953674316,3.2799999713897705,3.0999999046325684,3.2100000381469727,439000,0.0,0.0
2022-08-04 00:00:00-04:00,3.2100000381469727,3.2899999618530273,3.0299999713897705,3.059999942779541,442300,0.0,0.0
2022-08-05 00:00:00-04:00,3.049999952316284,3.180000066757202,3.0,3.0999999046325684,502100,0.0,0.0
2022-08-08 00:00:00-04:00,3.200000047683716,3.450000047683716,3.1500000953674316,3.240000009536743,867000,0.0,0.0
2022-08-09 00:00:00-04:00,3.2300000190734863,3.25,3.0,3.0299999713897705,497900,0.0,0.0
2022-08-10 00:00:00-04:00,3.119999885559082,3.25,3.0899999141693115,3.1600000858306885,399300,0.0,0.0
2022-08-11 00:00:00-04:00,3.2300000190734863,3.7799999713897705,3.190000057220459,3.5799999237060547,2679100,0.0,0.0
2022-08-12 00:00:00-04:00,3.6700000762939453,4.239999771118164,3.5299999713897705,4.119999885559082,1913600,0.0,0.0
2022-08-15 00:00:00-04:00,4.099999904632568,4.269999980926514,3.880000114440918,4.010000228881836,1284700,0.0,0.0
2022-08-16 00:00:00-04:00,4.03000020980835,6.570000171661377,4.03000020980835,5.289999961853027,21829700,0.0,0.0
2022-08-17 00:00:00-04:00,5.409999847412109,7.190000057220459,5.28000020980835,6.400000095367432,31467900,0.0,0.0
2022-08-18 00:00:00-04:00,5.710000038146973,5.739999771118164,4.829999923706055,5.210000038146973,6122800,0.0,0.0
2022-08-19 00:00:00-04:00,4.760000228881836,5.650000095367432,4.710000038146973,5.019999980926514,3397800,0.0,0.0
2022-08-22 00:00:00-04:00,4.670000076293945,5.480000019073486,4.639999866485596,5.059999942779541,2037200,0.0,0.0
2022-08-23 00:00:00-04:00,5.070000171661377,5.579999923706055,4.820000171661377,4.860000133514404,1504400,0.0,0.0
2022-08-24 00:00:00-04:00,5.0,5.170000076293945,4.710000038146973,4.889999866485596,1500500,0.0,0.0
2022-08-25 00:00:00-04:00,4.929999828338623,4.960000038146973,4.630000114440918,4.71999979019165,887600,0.0,0.0
2022-08-26 00:00:00-04:00,4.690000057220459,4.920000076293945,4.199999809265137,4.210000038146973,1249700,0.0,0.0
2022-08-29 00:00:00-04:00,4.150000095367432,4.239999771118164,3.8499999046325684,3.9100000858306885,1800100,0.0,0.0
2022-08-30 00:00:00-04:00,3.690000057220459,4.489999771118164,3.559999942779541,3.690000057220459,8441700,0.0,0.0
2022-08-31 00:00:00-04:00,3.7899999618530273,4.139999866485596,3.6700000762939453,4.079999923706055,1420000,0.0,0.0
2022-09-01 00:00:00-04:00,4.019999980926514,4.019999980926514,3.799999952316284,3.930000066757202,630100,0.0,0.0
2022-09-02 00:00:00-04:00,3.9000000953674316,4.230000019073486,3.859999895095825,4.090000152587891,868600,0.0,0.0
2022-09-06 00:00:00-04:00,4.110000133514404,4.110000133514404,3.7300000190734863,3.740000009536743,602000,0.0,0.0
2022-09-07 00:00:00-04:00,3.7200000286102295,4.019999980926514,3.7200000286102295,4.0,564800,0.0,0.0
2022-09-08 00:00:00-04:00,3.950000047683716,4.21999979019165,3.869999885559082,4.179999828338623,1086300,0.0,0.0
2022-09-09 00:00:00-04:00,4.25,4.440000057220459,4.21999979019165,4.309999942779541,975400,0.0,0.0
2022-09-12 00:00:00-04:00,4.340000152587891,4.429999828338623,4.159999847412109,4.28000020980835,416000,0.0,0.0
2022-09-13 00:00:00-04:00,4.110000133514404,4.119999885559082,3.8499999046325684,3.9100000858306885,580400,0.0,0.0
2022-09-14 00:00:00-04:00,3.9100000858306885,3.9100000858306885,3.759999990463257,3.8299999237060547,367100,0.0,0.0
2022-09-15 00:00:00-04:00,3.6600000858306885,4.0,3.6500000953674316,3.859999895095825,641500,0.0,0.0
2022-09-16 00:00:00-04:00,3.8299999237060547,3.880000114440918,3.75,3.819999933242798,315800,0.0,0.0
2022-09-19 00:00:00-04:00,3.75,3.869999885559082,3.75,3.8299999237060547,340900,0.0,0.0
2022-09-20 00:00:00-04:00,3.7699999809265137,3.8299999237060547,3.559999942779541,3.569999933242798,569400,0.0,0.0
2022-09-21 00:00:00-04:00,3.5899999141693115,3.799999952316284,3.5299999713897705,3.630000114440918,609800,0.0,0.0
2022-09-22 00:00:00-04:00,3.609999895095825,3.640000104904175,3.4100000858306885,3.450000047683716,267800,0.0,0.0
2022-09-23 00:00:00-04:00,3.3499999046325684,3.450000047683716,3.2200000286102295,3.3499999046325684,339900,0.0,0.0
2022-09-26 00:00:00-04:00,3.299999952316284,3.450000047683716,3.1700000762939453,3.180000066757202,292200,0.0,0.0
2022-09-27 00:00:00-04:00,3.2799999713897705,3.3399999141693115,3.1600000858306885,3.2100000381469727,248500,0.0,0.0
2022-09-28 00:00:00-04:00,3.3299999237060547,3.440000057220459,3.25,3.4000000953674316,250700,0.0,0.0
2022-09-29 00:00:00-04:00,3.309999942779541,3.319999933242798,3.0,3.0999999046325684,729200,0.0,0.0
2022-09-30 00:00:00-04:00,3.0399999618530273,3.119999885559082,2.9800000190734863,3.009999990463257,410200,0.0,0.0
2022-10-03 00:00:00-04:00,3.049999952316284,3.1500000953674316,2.9800000190734863,3.0299999713897705,361900,0.0,0.0
2022-10-04 00:00:00-04:00,3.119999885559082,3.559999942779541,3.109999895095825,3.5299999713897705,632200,0.0,0.0
2022-10-05 00:00:00-04:00,3.4600000381469727,3.569999933242798,3.359999895095825,3.5299999713897705,239000,0.0,0.0
2022-10-06 00:00:00-04:00,3.4800000190734863,3.6600000858306885,3.450000047683716,3.5999999046325684,270400,0.0,0.0
2022-10-07 00:00:00-04:00,3.5299999713897705,3.5899999141693115,3.440000057220459,3.5299999713897705,268800,0.0,0.0
2022-10-10 00:00:00-04:00,3.5,3.6500000953674316,3.369999885559082,3.5899999141693115,273500,0.0,0.0
2022-10-11 00:00:00-04:00,3.569999933242798,3.7200000286102295,3.4700000286102295,3.5999999046325684,244700,0.0,0.0
2022-10-12 00:00:00-04:00,3.690000057220459,3.690000057220459,3.5399999618530273,3.5899999141693115,153500,0.0,0.0
2022-10-13 00:00:00-04:00,3.4700000286102295,3.890000104904175,3.430000066757202,3.7100000381469727,496500,0.0,0.0
2022-10-14 00:00:00-04:00,3.859999895095825,4.0,3.740000009536743,3.8299999237060547,470800,0.0,0.0
2022-10-17 00:00:00-04:00,3.890000104904175,4.0,3.7300000190734863,3.7699999809265137,524800,0.0,0.0
2022-10-18 00:00:00-04:00,3.9000000953674316,3.9700000286102295,3.559999942779541,3.5999999046325684,437700,0.0,0.0
2022-10-19 00:00:00-04:00,3.640000104904175,3.640000104904175,3.3399999141693115,3.359999895095825,273600,0.0,0.0
2022-10-20 00:00:00-04:00,3.4200000762939453,3.5399999618530273,3.390000104904175,3.4800000190734863,173800,0.0,0.0
2022-10-21 00:00:00-04:00,3.4200000762939453,3.5199999809265137,3.390000104904175,3.4600000381469727,121200,0.0,0.0
2022-10-24 00:00:00-04:00,3.4600000381469727,3.5199999809265137,3.380000114440918,3.4000000953674316,160200,0.0,0.0
2022-10-25 00:00:00-04:00,3.4100000858306885,3.7899999618530273,3.4100000858306885,3.7200000286102295,503000,0.0,0.0
2022-10-26 00:00:00-04:00,3.700000047683716,3.880000114440918,3.5999999046325684,3.609999895095825,229700,0.0,0.0
2022-10-27 00:00:00-04:00,3.640000104904175,3.75,3.549999952316284,3.609999895095825,209000,0.0,0.0
2022-10-28 00:00:00-04:00,3.609999895095825,3.6700000762939453,3.490000009536743,3.640000104904175,130900,0.0,0.0
2022-10-31 00:00:00-04:00,3.609999895095825,3.8499999046325684,3.609999895095825,3.7899999618530273,231700,0.0,0.0
2022-11-01 00:00:00-04:00,3.809999942779541,3.940000057220459,3.7699999809265137,3.8499999046325684,475300,0.0,0.0
2022-11-02 00:00:00-04:00,3.890000104904175,3.890000104904175,3.609999895095825,3.630000114440918,302500,0.0,0.0
2022-11-03 00:00:00-04:00,3.700000047683716,3.7699999809265137,3.5999999046325684,3.740000009536743,214900,0.0,0.0
2022-11-04 00:00:00-04:00,3.819999933242798,3.819999933242798,3.619999885559082,3.7799999713897705,174300,0.0,0.0
2022-11-07 00:00:00-05:00,3.7300000190734863,3.9000000953674316,3.6700000762939453,3.880000114440918,131500,0.0,0.0
2022-11-08 00:00:00-05:00,3.880000114440918,3.950000047683716,3.75,3.759999990463257,145200,0.0,0.0
2022-11-09 00:00:00-05:00,3.809999942779541,3.809999942779541,3.7100000381469727,3.7899999618530273,147400,0.0,0.0
2022-11-10 00:00:00-05:00,3.930000066757202,4.170000076293945,3.9100000858306885,4.0,391100,0.0,0.0
2022-11-11 00:00:00-05:00,4.059999942779541,4.340000152587891,3.9200000762939453,4.21999979019165,253000,0.0,0.0
2022-11-14 00:00:00-05:00,4.21999979019165,4.320000171661377,4.119999885559082,4.269999980926514,219700,0.0,0.0
2022-11-15 00:00:00-05:00,4.320000171661377,4.539999961853027,4.320000171661377,4.389999866485596,340600,0.0,0.0
2022-11-16 00:00:00-05:00,4.349999904632568,4.349999904632568,3.9700000286102295,4.070000171661377,359000,0.0,0.0
2022-11-17 00:00:00-05:00,4.019999980926514,4.019999980926514,3.6700000762939453,3.7799999713897705,398900,0.0,0.0
2022-11-18 00:00:00-05:00,3.799999952316284,3.819999933242798,3.619999885559082,3.7200000286102295,178800,0.0,0.0
2022-11-21 00:00:00-05:00,3.700000047683716,3.700000047683716,3.5,3.5399999618530273,127800,0.0,0.0
2022-11-22 00:00:00-05:00,3.559999942779541,3.7100000381469727,3.490000009536743,3.700000047683716,77100,0.0,0.0
2022-11-23 00:00:00-05:00,3.700000047683716,3.819999933242798,3.6500000953674316,3.819999933242798,138900,0.0,0.0
2022-11-25 00:00:00-05:00,3.819999933242798,4.050000190734863,3.7899999618530273,4.019999980926514,169900,0.0,0.0
2022-11-28 00:00:00-05:00,3.950000047683716,3.950000047683716,3.6700000762939453,3.7300000190734863,261000,0.0,0.0
2022-11-29 00:00:00-05:00,3.700000047683716,3.7300000190734863,3.630000114440918,3.7100000381469727,169000,0.0,0.0
2022-11-30 00:00:00-05:00,3.759999990463257,3.8399999141693115,3.619999885559082,3.8399999141693115,434300,0.0,0.0
2022-12-01 00:00:00-05:00,3.9200000762939453,4.0,3.740000009536743,3.809999942779541,419800,0.0,0.0
2022-12-02 00:00:00-05:00,3.6500000953674316,3.890000104904175,3.6500000953674316,3.8399999141693115,907800,0.0,0.0
2022-12-05 00:00:00-05:00,3.8499999046325684,4.869999885559082,3.809999942779541,4.239999771118164,2880900,0.0,0.0
2022-12-06 00:00:00-05:00,4.269999980926514,4.320000171661377,3.9100000858306885,4.050000190734863,505300,0.0,0.0
2022-12-07 00:00:00-05:00,3.950000047683716,4.019999980926514,3.809999942779541,3.859999895095825,246500,0.0,0.0
2022-12-08 00:00:00-05:00,3.9000000953674316,4.0,3.809999942779541,3.9600000381469727,147600,0.0,0.0
2022-12-09 00:00:00-05:00,3.940000057220459,3.9700000286102295,3.880000114440918,3.950000047683716,116500,0.0,0.0
2022-12-12 00:00:00-05:00,3.940000057220459,3.940000057220459,3.7799999713897705,3.869999885559082,188300,0.0,0.0
2022-12-13 00:00:00-05:00,3.990000009536743,4.079999923706055,3.700000047683716,3.700000047683716,317300,0.0,0.0
2022-12-14 00:00:00-05:00,3.759999990463257,3.7799999713897705,3.569999933242798,3.640000104904175,220100,0.0,0.0
2022-12-15 00:00:00-05:00,3.549999952316284,3.7300000190734863,3.4700000286102295,3.690000057220459,200000,0.0,0.0
2022-12-16 00:00:00-05:00,3.6500000953674316,3.740000009536743,3.5899999141693115,3.7200000286102295,103100,0.0,0.0
2022-12-19 00:00:00-05:00,3.6500000953674316,3.740000009536743,3.5799999237060547,3.619999885559082,219300,0.0,0.0
2022-12-20 00:00:00-05:00,3.5999999046325684,3.690000057220459,3.4800000190734863,3.559999942779541,211900,0.0,0.0
2022-12-21 00:00:00-05:00,3.5799999237060547,3.6500000953674316,3.4000000953674316,3.4200000762939453,280600,0.0,0.0
2022-12-22 00:00:00-05:00,3.4100000858306885,3.4100000858306885,3.1700000762939453,3.2699999809265137,313600,0.0,0.0
2022-12-23 00:00:00-05:00,3.25,3.259999990463257,3.059999942779541,3.0799999237060547,261700,0.0,0.0
2022-12-27 00:00:00-05:00,3.0199999809265137,3.130000114440918,2.9000000953674316,3.109999895095825,306000,0.0,0.0
2022-12-28 00:00:00-05:00,3.049999952316284,3.190000057220459,2.9600000381469727,2.9800000190734863,273800,0.0,0.0
2022-12-29 00:00:00-05:00,3.0299999713897705,3.0899999141693115,2.9600000381469727,3.0299999713897705,241900,0.0,0.0
2022-12-30 00:00:00-05:00,3.009999990463257,3.309999942779541,3.009999990463257,3.299999952316284,255700,0.0,0.0
2023-01-03 00:00:00-05:00,3.299999952316284,3.440000057220459,3.2200000286102295,3.2899999618530273,119800,0.0,0.0
2023-01-04 00:00:00-05:00,3.2899999618530273,3.549999952316284,3.2100000381469727,3.5399999618530273,169400,0.0,0.0
2023-01-05 00:00:00-05:00,3.450000047683716,3.5999999046325684,3.4100000858306885,3.5299999713897705,120200,0.0,0.0
2023-01-06 00:00:00-05:00,3.5799999237060547,3.5799999237060547,3.369999885559082,3.4800000190734863,157500,0.0,0.0
2023-01-09 00:00:00-05:00,3.4700000286102295,3.509999990463257,3.4100000858306885,3.450000047683716,170200,0.0,0.0
2023-01-10 00:00:00-05:00,3.430000066757202,3.8399999141693115,3.430000066757202,3.799999952316284,262100,0.0,0.0
2023-01-11 00:00:00-05:00,3.5999999046325684,3.690000057220459,3.380000114440918,3.4100000858306885,525500,0.0,0.0
2023-01-12 00:00:00-05:00,3.380000114440918,3.490000009536743,3.259999990463257,3.380000114440918,301000,0.0,0.0
2023-01-13 00:00:00-05:00,3.309999942779541,3.5899999141693115,3.309999942779541,3.509999990463257,195800,0.0,0.0
2023-01-17 00:00:00-05:00,3.5299999713897705,3.5999999046325684,3.5,3.5999999046325684,122800,0.0,0.0
2023-01-18 00:00:00-05:00,3.609999895095825,3.759999990463257,3.5,3.5399999618530273,124500,0.0,0.0
2023-01-19 00:00:00-05:00,3.509999990463257,3.559999942779541,3.450000047683716,3.4800000190734863,107600,0.0,0.0
2023-01-20 00:00:00-05:00,3.4600000381469727,3.569999933242798,3.4000000953674316,3.5199999809265137,102200,0.0,0.0
2023-01-23 00:00:00-05:00,3.5799999237060547,3.799999952316284,3.559999942779541,3.5999999046325684,214600,0.0,0.0
2023-01-24 00:00:00-05:00,3.609999895095825,3.7899999618530273,3.5899999141693115,3.680000066757202,160700,0.0,0.0
2023-01-25 00:00:00-05:00,3.6600000858306885,3.700000047683716,3.5799999237060547,3.680000066757202,82600,0.0,0.0
2023-01-26 00:00:00-05:00,3.700000047683716,3.7699999809265137,3.630000114440918,3.640000104904175,41700,0.0,0.0
2023-01-27 00:00:00-05:00,3.5799999237060547,3.799999952316284,3.5799999237060547,3.690000057220459,126900,0.0,0.0
2023-01-30 00:00:00-05:00,3.6700000762939453,3.8299999237060547,3.619999885559082,3.6600000858306885,167100,0.0,0.0
2023-01-31 00:00:00-05:00,3.7300000190734863,3.759999990463257,3.609999895095825,3.6600000858306885,160000,0.0,0.0
2023-02-01 00:00:00-05:00,3.7100000381469727,3.880000114440918,3.6700000762939453,3.8499999046325684,108700,0.0,0.0
2023-02-02 00:00:00-05:00,3.940000057220459,4.059999942779541,3.7200000286102295,3.819999933242798,262700,0.0,0.0
2023-02-03 00:00:00-05:00,3.8299999237060547,3.990000009536743,3.8299999237060547,3.890000104904175,164000,0.0,0.0
2023-02-06 00:00:00-05:00,3.880000114440918,3.930000066757202,3.700000047683716,3.819999933242798,167000,0.0,0.0
2023-02-07 00:00:00-05:00,3.7799999713897705,3.7799999713897705,3.559999942779541,3.6500000953674316,154900,0.0,0.0
2023-02-08 00:00:00-05:00,3.6600000858306885,3.6700000762939453,3.569999933242798,3.619999885559082,104100,0.0,0.0
2023-02-09 00:00:00-05:00,3.630000114440918,3.6700000762939453,3.4700000286102295,3.5199999809265137,122900,0.0,0.0
2023-02-10 00:00:00-05:00,3.509999990463257,3.5299999713897705,3.450000047683716,3.509999990463257,83500,0.0,0.0
2023-02-13 00:00:00-05:00,3.4800000190734863,3.5199999809265137,3.390000104904175,3.5199999809265137,79300,0.0,0.0
2023-02-14 00:00:00-05:00,3.509999990463257,3.5199999809265137,3.4600000381469727,3.490000009536743,52600,0.0,0.0
2023-02-15 00:00:00-05:00,3.4200000762939453,3.5999999046325684,3.4200000762939453,3.5,81100,0.0,0.0
2023-02-16 00:00:00-05:00,3.4800000190734863,3.569999933242798,3.4200000762939453,3.440000057220459,74700,0.0,0.0
2023-02-17 00:00:00-05:00,3.440000057220459,3.450000047683716,3.2799999713897705,3.4000000953674316,140600,0.0,0.0
2023-02-21 00:00:00-05:00,3.359999895095825,3.4100000858306885,3.2300000190734863,3.240000009536743,127100,0.0,0.0
2023-02-22 00:00:00-05:00,3.240000009536743,3.319999933242798,3.1700000762939453,3.309999942779541,127400,0.0,0.0
2023-02-23 00:00:00-05:00,3.3499999046325684,3.380000114440918,3.200000047683716,3.2699999809265137,44100,0.0,0.0
2023-02-24 00:00:00-05:00,3.2100000381469727,3.2899999618530273,3.1500000953674316,3.2100000381469727,85500,0.0,0.0
2023-02-27 00:00:00-05:00,3.259999990463257,3.309999942779541,3.180000066757202,3.2300000190734863,73500,0.0,0.0
2023-02-28 00:00:00-05:00,3.2300000190734863,3.2699999809265137,3.1500000953674316,3.240000009536743,82900,0.0,0.0
2023-03-01 00:00:00-05:00,3.240000009536743,3.25,3.1700000762939453,3.2200000286102295,55200,0.0,0.0
2023-03-02 00:00:00-05:00,3.200000047683716,3.259999990463257,3.1700000762939453,3.259999990463257,35600,0.0,0.0
2023-03-03 00:00:00-05:00,3.25,3.3499999046325684,3.2300000190734863,3.259999990463257,83300,0.0,0.0
2023-03-06 00:00:00-05:00,3.2699999809265137,3.299999952316284,3.130000114440918,3.180000066757202,121100,0.0,0.0
2023-03-07 00:00:00-05:00,3.180000066757202,3.2100000381469727,3.0999999046325684,3.0999999046325684,48800,0.0,0.0
2023-03-08 00:00:00-05:00,3.109999895095825,3.1600000858306885,3.0999999046325684,3.140000104904175,77400,0.0,0.0
2023-03-09 00:00:00-05:00,3.140000104904175,3.2100000381469727,3.059999942779541,3.059999942779541,80700,0.0,0.0
2023-03-10 00:00:00-05:00,3.049999952316284,3.069999933242798,2.8299999237060547,2.930000066757202,264700,0.0,0.0
2023-03-13 00:00:00-04:00,2.930000066757202,2.940000057220459,2.809999942779541,2.8499999046325684,121200,0.0,0.0
2023-03-14 00:00:00-04:00,2.890000104904175,2.940000057220459,2.809999942779541,2.8299999237060547,73300,0.0,0.0
2023-03-15 00:00:00-04:00,2.809999942779541,2.890000104904175,2.7100000381469727,2.7899999618530273,149000,0.0,0.0
2023-03-16 00:00:00-04:00,2.759999990463257,2.930000066757202,2.7200000286102295,2.890000104904175,122900,0.0,0.0
2023-03-17 00:00:00-04:00,2.9000000953674316,2.9700000286102295,2.799999952316284,2.9200000762939453,203000,0.0,0.0
2023-03-20 00:00:00-04:00,2.950000047683716,2.950000047683716,2.759999990463257,2.799999952316284,114200,0.0,0.0
2023-03-21 00:00:00-04:00,2.8299999237060547,2.9000000953674316,2.7799999713897705,2.859999895095825,56900,0.0,0.0
2023-03-22 00:00:00-04:00,2.859999895095825,2.890000104904175,2.75,2.75,80800,0.0,0.0
2023-03-23 00:00:00-04:00,2.7699999809265137,2.859999895095825,2.6500000953674316,2.680000066757202,90400,0.0,0.0
2023-03-24 00:00:00-04:00,2.6600000858306885,2.7300000190734863,2.5999999046325684,2.6700000762939453,83600,0.0,0.0
2023-03-27 00:00:00-04:00,2.7100000381469727,2.75,2.549999952316284,2.6600000858306885,84900,0.0,0.0
2023-03-28 00:00:00-04:00,2.640000104904175,2.7300000190734863,2.5999999046325684,2.690000057220459,63000,0.0,0.0
2023-03-29 00:00:00-04:00,2.7200000286102295,2.799999952316284,2.7200000286102295,2.759999990463257,53200,0.0,0.0
2023-03-30 00:00:00-04:00,2.7699999809265137,2.8399999141693115,2.7100000381469727,2.740000009536743,109000,0.0,0.0
2023-03-31 00:00:00-04:00,2.740000009536743,2.880000114440918,2.7300000190734863,2.8499999046325684,68800,0.0,0.0
2023-04-03 00:00:00-04:00,2.869999885559082,2.990000009536743,2.7799999713897705,2.8499999046325684,233100,0.0,0.0
2023-04-04 00:00:00-04:00,3.069999933242798,3.069999933242798,2.75,2.880000114440918,183200,0.0,0.0
2023-04-05 00:00:00-04:00,2.869999885559082,2.9000000953674316,2.7200000286102295,2.759999990463257,123500,0.0,0.0
2023-04-06 00:00:00-04:00,2.740000009536743,2.8499999046325684,2.6700000762939453,2.819999933242798,104500,0.0,0.0
2023-04-10 00:00:00-04:00,2.8499999046325684,2.8499999046325684,2.7300000190734863,2.7899999618530273,70900,0.0,0.0
2023-04-11 00:00:00-04:00,2.8299999237060547,2.890000104904175,2.7899999618530273,2.8499999046325684,81000,0.0,0.0
2023-04-12 00:00:00-04:00,2.880000114440918,2.9000000953674316,2.75,2.75,72100,0.0,0.0
2023-04-13 00:00:00-04:00,2.75,2.799999952316284,2.7200000286102295,2.740000009536743,34900,0.0,0.0
2023-04-14 00:00:00-04:00,2.740000009536743,2.819999933242798,2.690000057220459,2.759999990463257,79100,0.0,0.0
2023-04-17 00:00:00-04:00,2.7899999618530273,2.819999933242798,2.7100000381469727,2.799999952316284,33600,0.0,0.0
2023-04-18 00:00:00-04:00,2.799999952316284,2.8399999141693115,2.7300000190734863,2.75,43000,0.0,0.0
2023-04-19 00:00:00-04:00,2.75,2.809999942779541,2.75,2.799999952316284,38500,0.0,0.0
2023-04-20 00:00:00-04:00,2.799999952316284,2.8499999046325684,2.7200000286102295,2.799999952316284,62200,0.0,0.0
2023-04-21 00:00:00-04:00,2.809999942779541,2.9700000286102295,2.75,2.9600000381469727,111200,0.0,0.0
2023-04-24 00:00:00-04:00,2.940000057220459,2.9700000286102295,2.8299999237060547,2.9700000286102295,62300,0.0,0.0
2023-04-25 00:00:00-04:00,2.930000066757202,3.0299999713897705,2.9100000858306885,3.0299999713897705,130000,0.0,0.0
2023-04-26 00:00:00-04:00,3.0,3.0999999046325684,2.9700000286102295,3.009999990463257,126200,0.0,0.0
2023-04-27 00:00:00-04:00,3.009999990463257,3.0799999237060547,3.0,3.069999933242798,48300,0.0,0.0
2023-04-28 00:00:00-04:00,3.049999952316284,3.0899999141693115,2.990000009536743,3.049999952316284,74700,0.0,0.0
2023-05-01 00:00:00-04:00,3.0199999809265137,3.0899999141693115,2.7899999618530273,2.8499999046325684,65600,0.0,0.0
2023-05-02 00:00:00-04:00,2.8499999046325684,2.8499999046325684,2.75,2.8399999141693115,33600,0.0,0.0
2023-05-03 00:00:00-04:00,2.8499999046325684,2.859999895095825,2.7799999713897705,2.819999933242798,31400,0.0,0.0
2023-05-04 00:00:00-04:00,2.799999952316284,2.819999933242798,2.7100000381469727,2.7200000286102295,33800,0.0,0.0
2023-05-05 00:00:00-04:00,2.700000047683716,2.7699999809265137,2.700000047683716,2.75,51300,0.0,0.0
2023-05-08 00:00:00-04:00,2.819999933242798,2.9100000858306885,2.7799999713897705,2.9100000858306885,70400,0.0,0.0
2023-05-09 00:00:00-04:00,2.9200000762939453,2.990000009536743,2.8299999237060547,2.990000009536743,49900,0.0,0.0
2023-05-10 00:00:00-04:00,2.9800000190734863,3.049999952316284,2.940000057220459,3.0199999809265137,44500,0.0,0.0
2023-05-11 00:00:00-04:00,3.0,3.1500000953674316,2.930000066757202,3.140000104904175,85900,0.0,0.0
2023-05-12 00:00:00-04:00,3.1500000953674316,3.1500000953674316,2.9700000286102295,2.9800000190734863,50500,0.0,0.0
2023-05-15 00:00:00-04:00,2.940000057220459,2.9700000286102295,2.859999895095825,2.930000066757202,26900,0.0,0.0
2023-05-16 00:00:00-04:00,2.859999895095825,2.930000066757202,2.819999933242798,2.8499999046325684,28700,0.0,0.0
2023-05-17 00:00:00-04:00,2.8299999237060547,2.950000047683716,2.8299999237060547,2.930000066757202,41800,0.0,0.0
2023-05-18 00:00:00-04:00,2.9000000953674316,2.940000057220459,2.859999895095825,2.9000000953674316,26600,0.0,0.0
2023-05-19 00:00:00-04:00,2.9200000762939453,2.9200000762939453,2.8399999141693115,2.9000000953674316,25400,0.0,0.0
2023-05-22 00:00:00-04:00,2.880000114440918,3.0399999618530273,2.880000114440918,3.009999990463257,47100,0.0,0.0
2023-05-23 00:00:00-04:00,2.990000009536743,3.0399999618530273,2.9100000858306885,2.9600000381469727,43500,0.0,0.0
2023-05-24 00:00:00-04:00,2.9600000381469727,3.049999952316284,2.9100000858306885,3.049999952316284,36700,0.0,0.0
2023-05-25 00:00:00-04:00,3.059999942779541,3.0899999141693115,2.880000114440918,2.930000066757202,29100,0.0,0.0
2023-05-26 00:00:00-04:00,2.9100000858306885,2.9700000286102295,2.859999895095825,2.9000000953674316,27800,0.0,0.0
2023-05-30 00:00:00-04:00,2.890000104904175,2.9200000762939453,2.809999942779541,2.859999895095825,30000,0.0,0.0
2023-05-31 00:00:00-04:00,2.8299999237060547,2.890000104904175,2.759999990463257,2.869999885559082,35800,0.0,0.0
2023-06-01 00:00:00-04:00,2.880000114440918,2.9600000381469727,2.8399999141693115,2.880000114440918,24500,0.0,0.0
2023-06-02 00:00:00-04:00,2.869999885559082,2.940000057220459,2.8299999237060547,2.8499999046325684,41100,0.0,0.0
2023-06-05 00:00:00-04:00,2.819999933242798,2.9000000953674316,2.7899999618530273,2.8499999046325684,55600,0.0,0.0
2023-06-06 00:00:00-04:00,2.859999895095825,3.0,2.859999895095825,2.9800000190734863,95500,0.0,0.0
2023-06-07 00:00:00-04:00,2.9800000190734863,3.1500000953674316,2.9100000858306885,3.1500000953674316,131400,0.0,0.0
2023-06-08 00:00:00-04:00,3.140000104904175,3.140000104904175,2.890000104904175,3.0299999713897705,144700,0.0,0.0
2023-06-09 00:00:00-04:00,3.0299999713897705,3.0299999713897705,2.799999952316284,2.9700000286102295,137100,0.0,0.0
2023-06-12 00:00:00-04:00,3.0199999809265137,3.069999933242798,2.9600000381469727,3.009999990463257,78800,0.0,0.0
2023-06-13 00:00:00-04:00,3.009999990463257,3.059999942779541,2.9700000286102295,3.0,42700,0.0,0.0
2023-06-14 00:00:00-04:00,2.990000009536743,3.0399999618530273,2.9200000762939453,2.930000066757202,49600,0.0,0.0
2023-06-15 00:00:00-04:00,2.9800000190734863,3.0,2.950000047683716,2.9800000190734863,39300,0.0,0.0
2023-06-16 00:00:00-04:00,3.0,3.0299999713897705,2.950000047683716,2.9600000381469727,32000,0.0,0.0
2023-06-20 00:00:00-04:00,3.0,3.0199999809265137,2.869999885559082,2.890000104904175,48400,0.0,0.0
2023-06-21 00:00:00-04:00,2.9200000762939453,2.950000047683716,2.8499999046325684,2.890000104904175,33000,0.0,0.0
2023-06-22 00:00:00-04:00,2.890000104904175,2.9000000953674316,2.799999952316284,2.859999895095825,48000,0.0,0.0
2023-06-23 00:00:00-04:00,2.8499999046325684,2.880000114440918,2.759999990463257,2.819999933242798,78000,0.0,0.0
2023-06-26 00:00:00-04:00,2.819999933242798,2.859999895095825,2.740000009536743,2.7799999713897705,57200,0.0,0.0
2023-06-27 00:00:00-04:00,2.7899999618530273,2.8499999046325684,2.7200000286102295,2.75,67000,0.0,0.0
2023-06-28 00:00:00-04:00,2.740000009536743,2.809999942779541,2.7100000381469727,2.7899999618530273,54500,0.0,0.0
2023-06-29 00:00:00-04:00,2.7799999713897705,2.859999895095825,2.759999990463257,2.7799999713897705,46500,0.0,0.0
2023-06-30 00:00:00-04:00,2.799999952316284,2.8499999046325684,2.7799999713897705,2.7899999618530273,53900,0.0,0.0
2023-07-03 00:00:00-04:00,2.799999952316284,2.859999895095825,2.7799999713897705,2.799999952316284,25700,0.0,0.0
2023-07-05 00:00:00-04:00,2.799999952316284,2.8499999046325684,2.740000009536743,2.7799999713897705,70000,0.0,0.0
2023-07-06 00:00:00-04:00,2.7699999809265137,2.8299999237060547,2.75,2.7799999713897705,40000,0.0,0.0
2023-07-07 00:00:00-04:00,2.75,2.819999933242798,2.7300000190734863,2.7300000190734863,82000,0.0,0.0
2023-07-10 00:00:00-04:00,2.759999990463257,2.8499999046325684,2.759999990463257,2.819999933242798,83600,0.0,0.0
2023-07-11 00:00:00-04:00,2.8299999237060547,2.9100000858306885,2.8299999237060547,2.869999885559082,57600,0.0,0.0
2023-07-12 00:00:00-04:00,2.859999895095825,2.930000066757202,2.8499999046325684,2.859999895095825,71900,0.0,0.0
2023-07-13 00:00:00-04:00,2.859999895095825,2.9000000953674316,2.809999942779541,2.8399999141693115,66900,0.0,0.0
2023-07-14 00:00:00-04:00,2.869999885559082,2.869999885559082,2.75,2.7799999713897705,70500,0.0,0.0
2023-07-17 00:00:00-04:00,2.7799999713897705,2.799999952316284,2.740000009536743,2.759999990463257,69500,0.0,0.0
2023-07-18 00:00:00-04:00,2.7899999618530273,2.799999952316284,2.75,2.75,58100,0.0,0.0
2023-07-19 00:00:00-04:00,2.7699999809265137,2.7799999713897705,2.7300000190734863,2.75,98000,0.0,0.0
2023-07-20 00:00:00-04:00,2.7699999809265137,2.7699999809265137,2.7300000190734863,2.759999990463257,87800,0.0,0.0
2023-07-21 00:00:00-04:00,2.7799999713897705,2.799999952316284,2.740000009536743,2.740000009536743,127800,0.0,0.0
2023-07-24 00:00:00-04:00,2.75,2.7899999618530273,2.680000066757202,2.700000047683716,186000,0.0,0.0
2023-07-25 00:00:00-04:00,2.700000047683716,2.75,2.6700000762939453,2.700000047683716,84500,0.0,0.0
2023-07-26 00:00:00-04:00,2.700000047683716,2.759999990463257,2.690000057220459,2.75,52000,0.0,0.0
2023-07-27 00:00:00-04:00,2.7300000190734863,2.799999952316284,2.7200000286102295,2.7200000286102295,95600,0.0,0.0
2023-07-28 00:00:00-04:00,2.75,2.8299999237060547,2.740000009536743,2.819999933242798,48400,0.0,0.0
2023-07-31 00:00:00-04:00,2.8299999237060547,3.1500000953674316,2.8299999237060547,3.119999885559082,313500,0.0,0.0
2023-08-01 00:00:00-04:00,3.119999885559082,3.569999933242798,3.0399999618530273,3.5299999713897705,319500,0.0,0.0
2023-08-02 00:00:00-04:00,3.5199999809265137,3.609999895095825,3.25,3.559999942779541,221900,0.0,0.0
2023-08-03 00:00:00-04:00,3.5399999618530273,3.880000114440918,3.5,3.6500000953674316,294600,0.0,0.0
2023-08-04 00:00:00-04:00,3.859999895095825,3.859999895095825,3.4800000190734863,3.5299999713897705,155200,0.0,0.0
2023-08-07 00:00:00-04:00,3.5799999237060547,3.5799999237060547,3.2100000381469727,3.2699999809265137,108200,0.0,0.0
2023-08-08 00:00:00-04:00,3.1700000762939453,3.2899999618530273,3.109999895095825,3.2100000381469727,50600,0.0,0.0
2023-08-09 00:00:00-04:00,3.240000009536743,3.240000009536743,3.009999990463257,3.069999933242798,71300,0.0,0.0
2023-08-10 00:00:00-04:00,3.049999952316284,3.1700000762939453,3.049999952316284,3.140000104904175,48500,0.0,0.0
2023-08-11 00:00:00-04:00,3.130000114440918,3.130000114440918,2.9800000190734863,3.0199999809265137,38900,0.0,0.0
2023-08-14 00:00:00-04:00,3.0199999809265137,3.0199999809265137,2.8399999141693115,2.890000104904175,79200,0.0,0.0
2023-08-15 00:00:00-04:00,2.890000104904175,3.0,2.799999952316284,2.869999885559082,40000,0.0,0.0
2023-08-16 00:00:00-04:00,2.9200000762939453,2.9200000762939453,2.809999942779541,2.8499999046325684,31300,0.0,0.0
2023-08-17 00:00:00-04:00,2.9100000858306885,2.9100000858306885,2.740000009536743,2.799999952316284,52700,0.0,0.0
2023-08-18 00:00:00-04:00,2.7699999809265137,2.8499999046325684,2.75,2.75,53600,0.0,0.0
2023-08-21 00:00:00-04:00,2.759999990463257,2.869999885559082,2.690000057220459,2.700000047683716,87700,0.0,0.0
2023-08-22 00:00:00-04:00,2.7100000381469727,2.7699999809265137,2.630000114440918,2.7200000286102295,77500,0.0,0.0
2023-08-23 00:00:00-04:00,2.7300000190734863,2.8299999237060547,2.7100000381469727,2.809999942779541,47000,0.0,0.0
2023-08-24 00:00:00-04:00,2.819999933242798,2.819999933242798,2.6500000953674316,2.7100000381469727,123600,0.0,0.0
2023-08-25 00:00:00-04:00,2.7100000381469727,2.7300000190734863,2.6500000953674316,2.6600000858306885,62200,0.0,0.0
2023-08-28 00:00:00-04:00,2.680000066757202,2.740000009536743,2.5199999809265137,2.5899999141693115,146900,0.0,0.0
2023-08-29 00:00:00-04:00,2.5899999141693115,2.630000114440918,2.5899999141693115,2.630000114440918,68900,0.0,0.0
2023-08-30 00:00:00-04:00,2.630000114440918,2.630000114440918,2.5199999809265137,2.559999942779541,78400,0.0,0.0
2023-08-31 00:00:00-04:00,2.549999952316284,2.5899999141693115,2.5,2.5,117800,0.0,0.0
2023-09-01 00:00:00-04:00,2.5299999713897705,2.5299999713897705,2.4200000762939453,2.430000066757202,167300,0.0,0.0
2023-09-05 00:00:00-04:00,2.4200000762939453,2.4600000381469727,2.3499999046325684,2.4600000381469727,170400,0.0,0.0
2023-09-06 00:00:00-04:00,2.359999895095825,2.390000104904175,2.0,2.2799999713897705,295800,0.0,0.0
2023-09-07 00:00:00-04:00,2.2899999618530273,2.2899999618530273,2.1700000762939453,2.200000047683716,91300,0.0,0.0
2023-09-08 00:00:00-04:00,2.190000057220459,2.2699999809265137,2.130000114440918,2.2699999809265137,171800,0.0,0.0
2023-09-11 00:00:00-04:00,2.299999952316284,2.309999942779541,2.1500000953674316,2.240000009536743,97200,0.0,0.0
2023-09-12 00:00:00-04:00,2.25,2.2699999809265137,2.200000047683716,2.200000047683716,53200,0.0,0.0
2023-09-13 00:00:00-04:00,2.2100000381469727,2.2100000381469727,2.1600000858306885,2.1600000858306885,34900,0.0,0.0
2023-09-14 00:00:00-04:00,2.1700000762939453,2.2100000381469727,2.119999885559082,2.140000104904175,58000,0.0,0.0
2023-09-15 00:00:00-04:00,2.1700000762939453,2.190000057220459,2.109999895095825,2.109999895095825,77300,0.0,0.0
2023-09-18 00:00:00-04:00,2.130000114440918,2.130000114440918,2.059999942779541,2.0799999237060547,119800,0.0,0.0
2023-09-19 00:00:00-04:00,2.0899999141693115,2.109999895095825,2.0199999809265137,2.049999952316284,106400,0.0,0.0
2023-09-20 00:00:00-04:00,2.069999933242798,2.140000104904175,1.9500000476837158,1.9700000286102295,184700,0.0,0.0
2023-09-21 00:00:00-04:00,1.9600000381469727,1.9700000286102295,1.7400000095367432,1.7699999809265137,257900,0.0,0.0
2023-09-22 00:00:00-04:00,1.840000033378601,1.840000033378601,1.7000000476837158,1.7000000476837158,128700,0.0,0.0
2023-09-25 00:00:00-04:00,1.7000000476837158,1.7000000476837158,1.6299999952316284,1.6699999570846558,106200,0.0,0.0
2023-09-26 00:00:00-04:00,1.7100000381469727,1.7100000381469727,1.659999966621399,1.690000057220459,67800,0.0,0.0
2023-09-27 00:00:00-04:00,1.690000057220459,1.75,1.6399999856948853,1.7200000286102295,49100,0.0,0.0
2023-09-28 00:00:00-04:00,1.75,1.8700000047683716,1.7100000381469727,1.7899999618530273,122700,0.0,0.0
2023-09-29 00:00:00-04:00,1.809999942779541,1.8799999952316284,1.7100000381469727,1.7200000286102295,81800,0.0,0.0
2023-10-02 00:00:00-04:00,1.7100000381469727,1.7200000286102295,1.659999966621399,1.690000057220459,43400,0.0,0.0
2023-10-03 00:00:00-04:00,1.690000057220459,1.7400000095367432,1.6399999856948853,1.6699999570846558,31800,0.0,0.0
2023-10-04 00:00:00-04:00,1.7100000381469727,1.7699999809265137,1.649999976158142,1.7000000476837158,120800,0.0,0.0
2023-10-05 00:00:00-04:00,1.7400000095367432,1.7699999809265137,1.6200000047683716,1.7000000476837158,109600,0.0,0.0
2023-10-06 00:00:00-04:00,1.7599999904632568,1.7599999904632568,1.6299999952316284,1.649999976158142,188500,0.0,0.0
2023-10-09 00:00:00-04:00,1.649999976158142,1.659999966621399,1.6100000143051147,1.649999976158142,34000,0.0,0.0
2023-10-10 00:00:00-04:00,1.6799999475479126,1.7000000476837158,1.6699999570846558,1.690000057220459,48300,0.0,0.0
2023-10-11 00:00:00-04:00,1.690000057220459,1.75,1.6699999570846558,1.6699999570846558,30400,0.0,0.0
2023-10-12 00:00:00-04:00,1.6799999475479126,1.7000000476837158,1.5800000429153442,1.6200000047683716,94400,0.0,0.0
2023-10-13 00:00:00-04:00,1.6299999952316284,1.7200000286102295,1.600000023841858,1.649999976158142,42200,0.0,0.0
2023-10-16 00:00:00-04:00,1.7300000190734863,1.7300000190734863,1.600000023841858,1.6200000047683716,79700,0.0,0.0
2023-10-17 00:00:00-04:00,1.6200000047683716,1.7699999809265137,1.6200000047683716,1.6799999475479126,51700,0.0,0.0
2023-10-18 00:00:00-04:00,1.659999966621399,1.7200000286102295,1.6399999856948853,1.7000000476837158,67200,0.0,0.0
2023-10-19 00:00:00-04:00,1.6799999475479126,1.7000000476837158,1.6100000143051147,1.6399999856948853,40900,0.0,0.0
2023-10-20 00:00:00-04:00,1.649999976158142,1.6699999570846558,1.6100000143051147,1.6200000047683716,33500,0.0,0.0
2023-10-23 00:00:00-04:00,1.6200000047683716,1.690000057220459,1.6100000143051147,1.6799999475479126,36200,0.0,0.0
2023-10-24 00:00:00-04:00,1.659999966621399,1.7000000476837158,1.5800000429153442,1.6100000143051147,79900,0.0,0.0
2023-10-25 00:00:00-04:00,1.6100000143051147,1.659999966621399,1.5700000524520874,1.6100000143051147,71900,0.0,0.0
2023-10-26 00:00:00-04:00,1.6200000047683716,1.6399999856948853,1.590000033378601,1.6299999952316284,30600,0.0,0.0
2023-10-27 00:00:00-04:00,1.6100000143051147,1.6200000047683716,1.559999942779541,1.600000023841858,23800,0.0,0.0
2023-10-30 00:00:00-04:00,1.600000023841858,1.600000023841858,1.5499999523162842,1.590000033378601,50400,0.0,0.0
2023-10-31 00:00:00-04:00,1.600000023841858,1.6200000047683716,1.559999942779541,1.600000023841858,35800,0.0,0.0
2023-11-01 00:00:00-04:00,1.600000023841858,1.6399999856948853,1.5299999713897705,1.6100000143051147,34400,0.0,0.0
2023-11-02 00:00:00-04:00,1.649999976158142,1.649999976158142,1.5800000429153442,1.6200000047683716,48600,0.0,0.0
2023-11-03 00:00:00-04:00,1.6100000143051147,1.7000000476837158,1.5800000429153442,1.690000057220459,90600,0.0,0.0
2023-11-06 00:00:00-05:00,1.7200000286102295,1.75,1.649999976158142,1.659999966621399,52800,0.0,0.0
2023-11-07 00:00:00-05:00,1.659999966621399,1.659999966621399,1.6100000143051147,1.6200000047683716,59600,0.0,0.0
2023-11-08 00:00:00-05:00,1.6100000143051147,1.659999966621399,1.5800000429153442,1.6200000047683716,54500,0.0,0.0
2023-11-09 00:00:00-05:00,1.6299999952316284,1.649999976158142,1.5099999904632568,1.5299999713897705,41100,0.0,0.0
2023-11-10 00:00:00-05:00,1.5700000524520874,1.6100000143051147,1.5,1.5199999809265137,53000,0.0,0.0
2023-11-13 00:00:00-05:00,1.5499999523162842,1.5499999523162842,1.399999976158142,1.4199999570846558,115000,0.0,0.0
2023-11-14 00:00:00-05:00,1.409999966621399,1.6399999856948853,1.409999966621399,1.6200000047683716,170900,0.0,0.0
2023-11-15 00:00:00-05:00,1.6200000047683716,1.8799999952316284,1.600000023841858,1.7999999523162842,220300,0.0,0.0
2023-11-16 00:00:00-05:00,1.7999999523162842,1.8300000429153442,1.6299999952316284,1.7100000381469727,95300,0.0,0.0
2023-11-17 00:00:00-05:00,1.7300000190734863,1.9800000190734863,1.7100000381469727,1.8799999952316284,227500,0.0,0.0
2023-11-20 00:00:00-05:00,1.8899999856948853,2.069999933242798,1.8899999856948853,2.069999933242798,104000,0.0,0.0
2023-11-21 00:00:00-05:00,2.0799999237060547,2.0799999237060547,1.8600000143051147,1.9199999570846558,159700,0.0,0.0
2023-11-22 00:00:00-05:00,1.9800000190734863,2.0399999618530273,1.8799999952316284,2.0199999809265137,79100,0.0,0.0
2023-11-24 00:00:00-05:00,2.049999952316284,2.240000009536743,2.009999990463257,2.2300000190734863,88800,0.0,0.0
2023-11-27 00:00:00-05:00,2.200000047683716,2.4700000286102295,2.0299999713897705,2.180000066757202,389700,0.0,0.0
2023-11-28 00:00:00-05:00,2.200000047683716,2.3499999046325684,2.190000057220459,2.319999933242798,131000,0.0,0.0
2023-11-29 00:00:00-05:00,2.390000104904175,2.549999952316284,2.319999933242798,2.430000066757202,273500,0.0,0.0
2023-11-30 00:00:00-05:00,2.5799999237060547,2.5999999046325684,2.2799999713897705,2.450000047683716,393000,0.0,0.0
2023-12-01 00:00:00-05:00,2.569999933242798,3.1500000953674316,2.4800000190734863,3.109999895095825,591000,0.0,0.0
2023-12-04 00:00:00-05:00,3.069999933242798,3.5399999618530273,3.0,3.380000114440918,567600,0.0,0.0
2023-12-05 00:00:00-05:00,3.3399999141693115,3.4000000953674316,3.049999952316284,3.2200000286102295,183500,0.0,0.0
2023-12-06 00:00:00-05:00,3.200000047683716,3.2200000286102295,2.7799999713897705,2.8499999046325684,260300,0.0,0.0
2023-12-07 00:00:00-05:00,2.8499999046325684,2.950000047683716,2.569999933242798,2.619999885559082,211100,0.0,0.0
2023-12-08 00:00:00-05:00,2.619999885559082,2.890000104904175,2.609999895095825,2.809999942779541,188800,0.0,0.0
2023-12-11 00:00:00-05:00,2.890000104904175,3.180000066757202,2.799999952316284,3.009999990463257,289700,0.0,0.0
2023-12-12 00:00:00-05:00,3.0199999809265137,3.180000066757202,3.0,3.1500000953674316,234500,0.0,0.0
2023-12-13 00:00:00-05:00,3.130000114440918,3.200000047683716,2.9700000286102295,3.1700000762939453,129700,0.0,0.0
2023-12-14 00:00:00-05:00,3.200000047683716,3.430000066757202,3.109999895095825,3.240000009536743,394400,0.0,0.0
2023-12-15 00:00:00-05:00,3.190000057220459,3.299999952316284,3.1500000953674316,3.25,111000,0.0,0.0
2023-12-18 00:00:00-05:00,3.2899999618530273,3.299999952316284,3.180000066757202,3.240000009536743,94200,0.0,0.0
2023-12-19 00:00:00-05:00,3.299999952316284,3.5299999713897705,3.299999952316284,3.4000000953674316,252600,0.0,0.0
2023-12-20 00:00:00-05:00,3.4000000953674316,3.5,3.2200000286102295,3.240000009536743,118200,0.0,0.0
2023-12-21 00:00:00-05:00,3.3399999141693115,3.390000104904175,3.25,3.390000104904175,68000,0.0,0.0
2023-12-22 00:00:00-05:00,3.369999885559082,3.430000066757202,3.2300000190734863,3.299999952316284,105700,0.0,0.0
2023-12-26 00:00:00-05:00,3.259999990463257,3.369999885559082,3.119999885559082,3.130000114440918,131900,0.0,0.0
2023-12-27 00:00:00-05:00,3.140000104904175,3.259999990463257,2.9000000953674316,2.9000000953674316,213600,0.0,0.0
2023-12-28 00:00:00-05:00,2.9200000762939453,3.140000104904175,2.9200000762939453,3.119999885559082,156400,0.0,0.0
2023-12-29 00:00:00-05:00,3.130000114440918,3.130000114440918,3.009999990463257,3.0199999809265137,78200,0.0,0.0
2024-01-02 00:00:00-05:00,3.069999933242798,3.190000057220459,3.049999952316284,3.190000057220459,89500,0.0,0.0
2024-01-03 00:00:00-05:00,3.190000057220459,3.190000057220459,2.950000047683716,3.0299999713897705,99400,0.0,0.0
2024-01-04 00:00:00-05:00,3.009999990463257,3.069999933242798,2.9700000286102295,3.0,109000,0.0,0.0
2024-01-05 00:00:00-05:00,3.0199999809265137,3.119999885559082,2.950000047683716,3.0,208200,0.0,0.0
2024-01-08 00:00:00-05:00,2.9800000190734863,3.0199999809265137,2.9200000762939453,2.9700000286102295,94600,0.0,0.0
2024-01-09 00:00:00-05:00,2.9100000858306885,2.990000009536743,2.9100000858306885,2.9200000762939453,55400,0.0,0.0
2024-01-10 00:00:00-05:00,2.950000047683716,2.990000009536743,2.799999952316284,2.8499999046325684,75900,0.0,0.0
2024-01-11 00:00:00-05:00,2.799999952316284,2.880000114440918,2.6600000858306885,2.869999885559082,119100,0.0,0.0
2024-01-12 00:00:00-05:00,2.9000000953674316,2.930000066757202,2.7100000381469727,2.759999990463257,218700,0.0,0.0
2024-01-16 00:00:00-05:00,2.759999990463257,2.7799999713897705,2.5,2.559999942779541,317200,0.0,0.0
2024-01-17 00:00:00-05:00,2.509999990463257,2.619999885559082,2.5,2.5399999618530273,36800,0.0,0.0
2024-01-18 00:00:00-05:00,2.559999942779541,2.619999885559082,2.440000057220459,2.5199999809265137,53900,0.0,0.0
2024-01-19 00:00:00-05:00,2.799999952316284,3.0799999237060547,2.759999990463257,3.0299999713897705,393500,0.0,0.0
2024-01-22 00:00:00-05:00,3.0799999237060547,3.0999999046325684,2.8499999046325684,2.950000047683716,193200,0.0,0.0
2024-01-23 00:00:00-05:00,3.0,3.180000066757202,2.890000104904175,3.0899999141693115,119000,0.0,0.0
2024-01-24 00:00:00-05:00,3.0999999046325684,3.109999895095825,2.9100000858306885,3.0,41600,0.0,0.0
2024-01-25 00:00:00-05:00,3.0199999809265137,3.049999952316284,2.9100000858306885,2.9800000190734863,49000,0.0,0.0
2024-01-26 00:00:00-05:00,3.0,3.1500000953674316,2.9600000381469727,3.0199999809265137,206500,0.0,0.0
2024-01-29 00:00:00-05:00,2.9700000286102295,3.0799999237060547,2.940000057220459,3.059999942779541,97800,0.0,0.0
2024-01-30 00:00:00-05:00,3.009999990463257,3.1500000953674316,2.950000047683716,3.0999999046325684,156200,0.0,0.0
2024-01-31 00:00:00-05:00,3.109999895095825,3.299999952316284,3.0299999713897705,3.299999952316284,288500,0.0,0.0
2024-02-01 00:00:00-05:00,3.259999990463257,3.259999990463257,3.0199999809265137,3.0999999046325684,92100,0.0,0.0
2024-02-02 00:00:00-05:00,3.1500000953674316,3.25,3.0799999237060547,3.0799999237060547,118000,0.0,0.0
2024-02-05 00:00:00-05:00,3.049999952316284,3.0999999046325684,2.880000114440918,3.009999990463257,216700,0.0,0.0
2024-02-06 00:00:00-05:00,2.9800000190734863,3.1500000953674316,2.950000047683716,3.069999933242798,70500,0.0,0.0
2024-02-07 00:00:00-05:00,3.069999933242798,3.069999933242798,2.819999933242798,2.9100000858306885,155000,0.0,0.0
2024-02-08 00:00:00-05:00,2.890000104904175,2.930000066757202,2.799999952316284,2.799999952316284,119200,0.0,0.0
2024-02-09 00:00:00-05:00,2.8399999141693115,2.9100000858306885,2.740000009536743,2.8299999237060547,45900,0.0,0.0
2024-02-12 00:00:00-05:00,2.819999933242798,3.049999952316284,2.819999933242798,2.9800000190734863,308700,0.0,0.0
2024-02-13 00:00:00-05:00,2.9100000858306885,2.9700000286102295,2.8499999046325684,2.890000104904175,70400,0.0,0.0
2024-02-14 00:00:00-05:00,2.930000066757202,2.950000047683716,2.809999942779541,2.8499999046325684,107500,0.0,0.0
2024-02-15 00:00:00-05:00,2.8499999046325684,2.940000057220459,2.799999952316284,2.8399999141693115,60100,0.0,0.0
2024-02-16 00:00:00-05:00,2.8399999141693115,2.890000104904175,2.7699999809265137,2.8299999237060547,164900,0.0,0.0
2024-02-20 00:00:00-05:00,2.819999933242798,2.8299999237060547,2.7100000381469727,2.75,99900,0.0,0.0
2024-02-21 00:00:00-05:00,2.7899999618530273,2.799999952316284,2.630000114440918,2.6500000953674316,178500,0.0,0.0
2024-02-22 00:00:00-05:00,2.6600000858306885,2.690000057220459,2.549999952316284,2.5799999237060547,100200,0.0,0.0
2024-02-23 00:00:00-05:00,2.5399999618530273,2.6500000953674316,2.380000114440918,2.609999895095825,255100,0.0,0.0
2024-02-26 00:00:00-05:00,2.7200000286102295,2.7200000286102295,2.609999895095825,2.609999895095825,40800,0.0,0.0
2024-02-27 00:00:00-05:00,2.619999885559082,2.8299999237060547,2.619999885559082,2.809999942779541,65900,0.0,0.0
2024-02-28 00:00:00-05:00,2.809999942779541,2.890000104904175,2.7799999713897705,2.809999942779541,117800,0.0,0.0
2024-02-29 00:00:00-05:00,2.859999895095825,2.869999885559082,2.5999999046325684,2.6700000762939453,196500,0.0,0.0
2024-03-01 00:00:00-05:00,2.700000047683716,2.75,2.619999885559082,2.6700000762939453,45600,0.0,0.0
2024-03-04 00:00:00-05:00,2.6700000762939453,2.7799999713897705,2.609999895095825,2.640000104904175,127100,0.0,0.0
2024-03-05 00:00:00-05:00,2.6500000953674316,2.680000066757202,2.619999885559082,2.6500000953674316,58900,0.0,0.0
2024-03-06 00:00:00-05:00,2.640000104904175,2.6600000858306885,2.5999999046325684,2.609999895095825,55700,0.0,0.0
2024-03-07 00:00:00-05:00,2.640000104904175,2.740000009536743,2.5999999046325684,2.690000057220459,90300,0.0,0.0
2024-03-08 00:00:00-05:00,2.700000047683716,2.799999952316284,2.5799999237060547,2.680000066757202,77800,0.0,0.0
2024-03-11 00:00:00-04:00,2.700000047683716,2.759999990463257,2.6500000953674316,2.6500000953674316,63400,0.0,0.0
2024-03-12 00:00:00-04:00,2.6500000953674316,2.6600000858306885,2.5799999237060547,2.5899999141693115,106900,0.0,0.0
2024-03-13 00:00:00-04:00,2.5899999141693115,2.7100000381469727,2.5799999237060547,2.5899999141693115,104600,0.0,0.0
2024-03-14 00:00:00-04:00,2.5899999141693115,2.680000066757202,2.509999990463257,2.5399999618530273,120500,0.0,0.0
2024-03-15 00:00:00-04:00,2.5999999046325684,2.6600000858306885,2.450000047683716,2.4600000381469727,310200,0.0,0.0
2024-03-18 00:00:00-04:00,2.4200000762939453,2.549999952316284,2.369999885559082,2.5,137900,0.0,0.0
2024-03-19 00:00:00-04:00,2.4800000190734863,2.5299999713897705,2.4200000762939453,2.490000009536743,80800,0.0,0.0
2024-03-20 00:00:00-04:00,2.4200000762939453,2.559999942779541,2.4000000953674316,2.5,107800,0.0,0.0
2024-03-21 00:00:00-04:00,2.9000000953674316,3.0,2.5,2.569999933242798,806800,0.0,0.0
2024-03-22 00:00:00-04:00,2.559999942779541,2.619999885559082,2.5,2.5399999618530273,394400,0.0,0.0
2024-03-25 00:00:00-04:00,2.619999885559082,2.630000114440918,2.299999952316284,2.3299999237060547,351800,0.0,0.0
2024-03-26 00:00:00-04:00,2.3299999237060547,2.4200000762939453,2.319999933242798,2.390000104904175,203900,0.0,0.0
2024-03-27 00:00:00-04:00,2.390000104904175,2.4100000858306885,2.309999942779541,2.359999895095825,112500,0.0,0.0
2024-03-28 00:00:00-04:00,2.390000104904175,2.4800000190734863,2.359999895095825,2.4100000858306885,126700,0.0,0.0
2024-04-01 00:00:00-04:00,2.4600000381469727,2.4700000286102295,2.4000000953674316,2.430000066757202,116300,0.0,0.0
2024-04-02 00:00:00-04:00,2.430000066757202,2.440000057220459,2.319999933242798,2.369999885559082,116300,0.0,0.0
2024-04-03 00:00:00-04:00,2.369999885559082,2.430000066757202,2.3299999237060547,2.3499999046325684,91700,0.0,0.0
2024-04-04 00:00:00-04:00,2.380000114440918,2.4200000762939453,2.299999952316284,2.3299999237060547,37600,0.0,0.0
2024-04-05 00:00:00-04:00,2.3399999141693115,2.3399999141693115,2.2300000190734863,2.2699999809265137,72900,0.0,0.0
2024-04-08 00:00:00-04:00,2.299999952316284,2.3399999141693115,2.25,2.259999990463257,124300,0.0,0.0
2024-04-09 00:00:00-04:00,2.2699999809265137,2.4100000858306885,2.2699999809265137,2.3399999141693115,129100,0.0,0.0
2024-04-10 00:00:00-04:00,2.2799999713897705,2.359999895095825,2.2699999809265137,2.3399999141693115,32000,0.0,0.0
2024-04-11 00:00:00-04:00,2.359999895095825,2.390000104904175,2.2899999618530273,2.3499999046325684,135100,0.0,0.0
2024-04-12 00:00:00-04:00,2.380000114440918,2.390000104904175,2.299999952316284,2.3399999141693115,113900,0.0,0.0
2024-04-15 00:00:00-04:00,2.3499999046325684,2.3499999046325684,2.130000114440918,2.1700000762939453,86200,0.0,0.0
2024-04-16 00:00:00-04:00,2.1600000858306885,2.190000057220459,2.0199999809265137,2.049999952316284,84300,0.0,0.0
2024-04-17 00:00:00-04:00,2.0999999046325684,2.109999895095825,1.8300000429153442,1.9600000381469727,142600,0.0,0.0
2024-04-18 00:00:00-04:00,1.9900000095367432,1.9900000095367432,1.9299999475479126,1.9700000286102295,81800,0.0,0.0
2024-04-19 00:00:00-04:00,1.9700000286102295,2.0,1.850000023841858,1.9199999570846558,149600,0.0,0.0
2024-04-22 00:00:00-04:00,1.9299999475479126,1.9299999475479126,1.850000023841858,1.8899999856948853,41000,0.0,0.0
2024-04-23 00:00:00-04:00,1.8899999856948853,2.4600000381469727,1.8899999856948853,2.2699999809265137,424300,0.0,0.0
2024-04-24 00:00:00-04:00,2.2200000286102295,2.2899999618530273,1.9700000286102295,1.9800000190734863,168500,0.0,0.0
2024-04-25 00:00:00-04:00,1.9199999570846558,2.0,1.8899999856948853,1.9500000476837158,286100,0.0,0.0
2024-04-26 00:00:00-04:00,1.9800000190734863,2.0999999046325684,1.899999976158142,1.940000057220459,253200,0.0,0.0
2024-04-29 00:00:00-04:00,1.940000057220459,2.0799999237060547,1.940000057220459,1.9500000476837158,87500,0.0,0.0
2024-04-30 00:00:00-04:00,1.9199999570846558,1.9600000381469727,1.8799999952316284,1.909999966621399,109900,0.0,0.0
2024-05-01 00:00:00-04:00,1.9199999570846558,1.940000057220459,1.850000023841858,1.899999976158142,57000,0.0,0.0
2024-05-02 00:00:00-04:00,1.9600000381469727,1.9900000095367432,1.899999976158142,1.9600000381469727,64600,0.0,0.0
2024-05-03 00:00:00-04:00,2.0,2.0,1.909999966621399,1.9199999570846558,161500,0.0,0.0
2024-05-06 00:00:00-04:00,1.9299999475479126,1.940000057220459,1.8799999952316284,1.9199999570846558,74700,0.0,0.0
2024-05-07 00:00:00-04:00,1.9199999570846558,1.9500000476837158,1.8700000047683716,1.8700000047683716,97900,0.0,0.0
2024-05-08 00:00:00-04:00,1.8600000143051147,1.8700000047683716,1.8200000524520874,1.850000023841858,44400,0.0,0.0
2024-05-09 00:00:00-04:00,1.8899999856948853,1.940000057220459,1.850000023841858,1.8899999856948853,57800,0.0,0.0
2024-05-10 00:00:00-04:00,1.899999976158142,1.899999976158142,1.7799999713897705,1.8200000524520874,76600,0.0,0.0
2024-05-13 00:00:00-04:00,1.840000033378601,1.8799999952316284,1.8300000429153442,1.840000033378601,115200,0.0,0.0
2024-05-14 00:00:00-04:00,1.940000057220459,1.940000057220459,1.840000033378601,1.899999976158142,330700,0.0,0.0
2024-05-15 00:00:00-04:00,1.909999966621399,1.9299999475479126,1.850000023841858,1.850000023841858,160600,0.0,0.0
2024-05-16 00:00:00-04:00,1.840000033378601,1.909999966621399,1.840000033378601,1.909999966621399,93100,0.0,0.0
2024-05-17 00:00:00-04:00,1.909999966621399,1.9500000476837158,1.8799999952316284,1.909999966621399,98200,0.0,0.0
2024-05-20 00:00:00-04:00,1.8799999952316284,1.909999966621399,1.8799999952316284,1.8899999856948853,25200,0.0,0.0
2024-05-21 00:00:00-04:00,1.8799999952316284,1.8899999856948853,1.8799999952316284,1.8799999952316284,22200,0.0,0.0
2024-05-22 00:00:00-04:00,1.899999976158142,1.9299999475479126,1.8700000047683716,1.899999976158142,50100,0.0,0.0
2024-05-23 00:00:00-04:00,1.899999976158142,1.909999966621399,1.850000023841858,1.850000023841858,136100,0.0,0.0
2024-05-24 00:00:00-04:00,1.8700000047683716,1.8700000047683716,1.809999942779541,1.850000023841858,178100,0.0,0.0
2024-05-28 00:00:00-04:00,2.049999952316284,2.259999990463257,1.899999976158142,2.2100000381469727,1186200,0.0,0.0
2024-05-29 00:00:00-04:00,2.200000047683716,2.2100000381469727,2.0399999618530273,2.130000114440918,195100,0.0,0.0
2024-05-30 00:00:00-04:00,2.180000066757202,2.450000047683716,2.1500000953674316,2.4000000953674316,462400,0.0,0.0
2024-05-31 00:00:00-04:00,2.450000047683716,2.569999933242798,2.319999933242798,2.4700000286102295,328700,0.0,0.0
2024-06-03 00:00:00-04:00,2.4800000190734863,2.559999942779541,2.319999933242798,2.380000114440918,190400,0.0,0.0
2024-06-04 00:00:00-04:00,2.380000114440918,2.4000000953674316,2.2100000381469727,2.240000009536743,96800,0.0,0.0
2024-06-05 00:00:00-04:00,2.2300000190734863,2.25,2.0799999237060547,2.190000057220459,197800,0.0,0.0
2024-06-06 00:00:00-04:00,2.119999885559082,2.190000057220459,1.850000023841858,1.8700000047683716,426700,0.0,0.0
2024-06-07 00:00:00-04:00,1.9500000476837158,2.180000066757202,1.850000023841858,1.899999976158142,636700,0.0,0.0
2024-06-10 00:00:00-04:00,1.899999976158142,1.9500000476837158,1.8600000143051147,1.899999976158142,101300,0.0,0.0
2024-06-11 00:00:00-04:00,1.899999976158142,1.9299999475479126,1.8600000143051147,1.9299999475479126,75200,0.0,0.0
2024-06-12 00:00:00-04:00,1.9800000190734863,2.0199999809265137,1.9299999475479126,1.940000057220459,82000,0.0,0.0
2024-06-13 00:00:00-04:00,1.940000057220459,1.940000057220459,1.809999942779541,1.899999976158142,148300,0.0,0.0
2024-06-14 00:00:00-04:00,1.8600000143051147,1.8899999856948853,1.75,1.840000033378601,140800,0.0,0.0
2024-06-17 00:00:00-04:00,1.8200000524520874,1.8799999952316284,1.809999942779541,1.8600000143051147,54100,0.0,0.0
2024-06-18 00:00:00-04:00,1.850000023841858,1.8899999856948853,1.75,1.7599999904632568,81000,0.0,0.0
2024-06-20 00:00:00-04:00,1.75,1.8799999952316284,1.75,1.8600000143051147,67300,0.0,0.0
2024-06-21 00:00:00-04:00,1.8600000143051147,1.8600000143051147,1.7999999523162842,1.7999999523162842,58600,0.0,0.0
2024-06-24 00:00:00-04:00,1.8200000524520874,1.840000033378601,1.75,1.75,151500,0.0,0.0
2024-06-25 00:00:00-04:00,1.7699999809265137,1.7899999618530273,1.7300000190734863,1.75,78500,0.0,0.0
2024-06-26 00:00:00-04:00,1.75,1.7799999713897705,1.6799999475479126,1.6799999475479126,161400,0.0,0.0
2024-06-27 00:00:00-04:00,1.690000057220459,1.7400000095367432,1.6399999856948853,1.659999966621399,143900,0.0,0.0
2024-06-28 00:00:00-04:00,1.6799999475479126,1.7599999904632568,1.6299999952316284,1.6299999952316284,105400,0.0,0.0
2024-07-01 00:00:00-04:00,1.6699999570846558,1.75,1.649999976158142,1.6699999570846558,58200,0.0,0.0
2024-07-02 00:00:00-04:00,1.6699999570846558,1.7300000190734863,1.5700000524520874,1.6299999952316284,314100,0.0,0.0
2024-07-03 00:00:00-04:00,1.6299999952316284,1.649999976158142,1.590000033378601,1.600000023841858,92000,0.0,0.0
2024-07-05 00:00:00-04:00,1.5800000429153442,1.600000023841858,1.5800000429153442,1.600000023841858,183900,0.0,0.0
2024-07-08 00:00:00-04:00,1.6100000143051147,1.659999966621399,1.600000023841858,1.6200000047683716,102200,0.0,0.0
2024-07-09 00:00:00-04:00,1.6299999952316284,1.6399999856948853,1.600000023841858,1.600000023841858,45200,0.0,0.0
2024-07-10 00:00:00-04:00,1.6100000143051147,1.659999966621399,1.6100000143051147,1.6399999856948853,58200,0.0,0.0
2024-07-11 00:00:00-04:00,1.6799999475479126,1.7799999713897705,1.649999976158142,1.75,175000,0.0,0.0
2024-07-12 00:00:00-04:00,1.7799999713897705,1.8300000429153442,1.6699999570846558,1.690000057220459,178600,0.0,0.0
2024-07-15 00:00:00-04:00,1.7000000476837158,1.7400000095367432,1.7000000476837158,1.7300000190734863,95500,0.0,0.0
2024-07-16 00:00:00-04:00,1.7699999809265137,1.7799999713897705,1.7100000381469727,1.7599999904632568,99700,0.0,0.0
2024-07-17 00:00:00-04:00,1.7699999809265137,1.7799999713897705,1.7300000190734863,1.75,90200,0.0,0.0
2024-07-18 00:00:00-04:00,1.7400000095367432,1.75,1.6799999475479126,1.7000000476837158,61000,0.0,0.0
2024-07-19 00:00:00-04:00,1.690000057220459,1.690000057220459,1.6399999856948853,1.6799999475479126,72000,0.0,0.0
2024-07-22 00:00:00-04:00,1.7100000381469727,1.7200000286102295,1.690000057220459,1.7000000476837158,78400,0.0,0.0
2024-07-23 00:00:00-04:00,1.75,1.75,1.6799999475479126,1.7000000476837158,108200,0.0,0.0
2024-07-24 00:00:00-04:00,1.659999966621399,1.7200000286102295,1.659999966621399,1.690000057220459,76500,0.0,0.0
2024-07-25 00:00:00-04:00,1.7000000476837158,1.7200000286102295,1.6299999952316284,1.7100000381469727,174800,0.0,0.0
2024-07-26 00:00:00-04:00,1.7200000286102295,1.7400000095367432,1.6799999475479126,1.7400000095367432,92900,0.0,0.0
2024-07-29 00:00:00-04:00,1.690000057220459,1.7999999523162842,1.690000057220459,1.7899999618530273,205400,0.0,0.0
2024-07-30 00:00:00-04:00,1.809999942779541,1.8200000524520874,1.7899999618530273,1.7899999618530273,42100,0.0,0.0
2024-07-31 00:00:00-04:00,1.7999999523162842,1.8300000429153442,1.7899999618530273,1.7999999523162842,60000,0.0,0.0
2024-08-01 00:00:00-04:00,1.7899999618530273,1.809999942779541,1.7000000476837158,1.7599999904632568,96400,0.0,0.0
2024-08-02 00:00:00-04:00,1.75,1.7599999904632568,1.559999942779541,1.600000023841858,169100,0.0,0.0
2024-08-05 00:00:00-04:00,1.5499999523162842,1.559999942779541,1.409999966621399,1.440000057220459,349500,0.0,0.0
2024-08-06 00:00:00-04:00,1.4500000476837158,1.5700000524520874,1.4500000476837158,1.5299999713897705,72200,0.0,0.0
2024-08-07 00:00:00-04:00,1.5399999618530273,1.559999942779541,1.5,1.5099999904632568,41800,0.0,0.0
2024-08-08 00:00:00-04:00,1.5399999618530273,1.5399999618530273,1.4600000381469727,1.5099999904632568,91500,0.0,0.0
2024-08-09 00:00:00-04:00,1.5299999713897705,1.5299999713897705,1.4600000381469727,1.4800000190734863,40800,0.0,0.0
2024-08-12 00:00:00-04:00,1.4800000190734863,1.4900000095367432,1.4500000476837158,1.4600000381469727,47900,0.0,0.0
2024-08-13 00:00:00-04:00,1.4800000190734863,1.4900000095367432,1.3899999856948853,1.4700000286102295,529600,0.0,0.0
2024-08-14 00:00:00-04:00,1.4600000381469727,1.4600000381469727,1.3899999856948853,1.3899999856948853,213200,0.0,0.0
2024-08-15 00:00:00-04:00,1.440000057220459,1.440000057220459,1.399999976158142,1.409999966621399,133300,0.0,0.0
2024-08-16 00:00:00-04:00,1.4299999475479126,1.4700000286102295,1.3899999856948853,1.409999966621399,133600,0.0,0.0
2024-08-19 00:00:00-04:00,1.440000057220459,1.4800000190734863,1.409999966621399,1.4600000381469727,116200,0.0,0.0
2024-08-20 00:00:00-04:00,1.4500000476837158,1.4700000286102295,1.409999966621399,1.440000057220459,43000,0.0,0.0
2024-08-21 00:00:00-04:00,1.4500000476837158,1.5800000429153442,1.409999966621399,1.5499999523162842,93200,0.0,0.0
2024-08-22 00:00:00-04:00,1.5499999523162842,1.5499999523162842,1.5,1.5499999523162842,53800,0.0,0.0
2024-08-23 00:00:00-04:00,1.4800000190734863,1.6299999952316284,1.4800000190734863,1.5700000524520874,131100,0.0,0.0
2024-08-26 00:00:00-04:00,1.5800000429153442,1.649999976158142,1.5800000429153442,1.6100000143051147,130100,0.0,0.0
2024-08-27 00:00:00-04:00,1.6299999952316284,1.6699999570846558,1.600000023841858,1.659999966621399,88100,0.0,0.0
2024-08-28 00:00:00-04:00,1.649999976158142,1.7400000095367432,1.6100000143051147,1.6200000047683716,132300,0.0,0.0
2024-08-29 00:00:00-04:00,1.6699999570846558,1.6799999475479126,1.5099999904632568,1.5199999809265137,128800,0.0,0.0
2024-08-30 00:00:00-04:00,1.5099999904632568,1.559999942779541,1.440000057220459,1.4600000381469727,142600,0.0,0.0
2024-09-03 00:00:00-04:00,1.4800000190734863,1.5700000524520874,1.4700000286102295,1.5199999809265137,147100,0.0,0.0
2024-09-04 00:00:00-04:00,1.5299999713897705,1.5399999618530273,1.4600000381469727,1.5199999809265137,87000,0.0,0.0
2024-09-05 00:00:00-04:00,1.590000033378601,1.649999976158142,1.4800000190734863,1.5399999618530273,84800,0.0,0.0
2024-09-06 00:00:00-04:00,1.5800000429153442,1.5800000429153442,1.4700000286102295,1.5299999713897705,78800,0.0,0.0
2024-09-09 00:00:00-04:00,1.5299999713897705,1.5499999523162842,1.4800000190734863,1.5,54300,0.0,0.0
2024-09-10 00:00:00-04:00,1.5099999904632568,1.5099999904632568,1.4700000286102295,1.4900000095367432,108000,0.0,0.0
2024-09-11 00:00:00-04:00,1.4900000095367432,1.5700000524520874,1.4600000381469727,1.5700000524520874,38400,0.0,0.0
2024-09-12 00:00:00-04:00,1.5700000524520874,1.659999966621399,1.5399999618530273,1.659999966621399,101400,0.0,0.0
2024-09-13 00:00:00-04:00,1.6799999475479126,1.9299999475479126,1.6399999856948853,1.9199999570846558,358000,0.0,0.0
2024-09-16 00:00:00-04:00,1.9199999570846558,1.9500000476837158,1.850000023841858,1.9199999570846558,242700,0.0,0.0
2024-09-17 00:00:00-04:00,1.940000057220459,1.9500000476837158,1.899999976158142,1.909999966621399,90700,0.0,0.0
2024-09-18 00:00:00-04:00,1.899999976158142,1.9500000476837158,1.8899999856948853,1.909999966621399,39500,0.0,0.0
2024-09-19 00:00:00-04:00,1.940000057220459,1.940000057220459,1.899999976158142,1.9299999475479126,95100,0.0,0.0
2024-09-20 00:00:00-04:00,1.940000057220459,2.2300000190734863,1.909999966621399,2.2300000190734863,314300,0.0,0.0
2024-09-23 00:00:00-04:00,2.259999990463257,2.259999990463257,2.069999933242798,2.0799999237060547,348300,0.0,0.0
2024-09-24 00:00:00-04:00,2.0899999141693115,2.119999885559082,2.069999933242798,2.0899999141693115,60200,0.0,0.0
2024-09-25 00:00:00-04:00,2.069999933242798,2.0999999046325684,2.0199999809265137,2.0199999809265137,105900,0.0,0.0
2024-09-26 00:00:00-04:00,2.0199999809265137,2.069999933242798,1.899999976158142,2.0399999618530273,152600,0.0,0.0
2024-09-27 00:00:00-04:00,2.069999933242798,2.200000047683716,2.049999952316284,2.180000066757202,188800,0.0,0.0
2024-09-30 00:00:00-04:00,2.1700000762939453,2.190000057220459,2.109999895095825,2.190000057220459,94400,0.0,0.0
2024-10-01 00:00:00-04:00,2.190000057220459,2.190000057220459,2.069999933242798,2.0999999046325684,91000,0.0,0.0
2024-10-02 00:00:00-04:00,2.0799999237060547,2.1700000762939453,2.059999942779541,2.1600000858306885,93500,0.0,0.0
2024-10-03 00:00:00-04:00,2.180000066757202,2.190000057220459,2.059999942779541,2.059999942779541,65800,0.0,0.0
2024-10-04 00:00:00-04:00,2.0799999237060547,2.140000104904175,2.0,2.049999952316284,53800,0.0,0.0
2024-10-07 00:00:00-04:00,2.049999952316284,2.0999999046325684,1.9700000286102295,2.009999990463257,47600,0.0,0.0
2024-10-08 00:00:00-04:00,2.0199999809265137,2.0399999618530273,1.9299999475479126,2.0299999713897705,66800,0.0,0.0
2024-10-09 00:00:00-04:00,2.0299999713897705,2.0799999237060547,1.9900000095367432,2.049999952316284,37000,0.0,0.0
2024-10-10 00:00:00-04:00,2.0199999809265137,2.0299999713897705,1.9900000095367432,1.9900000095367432,33300,0.0,0.0
2024-10-11 00:00:00-04:00,2.009999990463257,2.059999942779541,1.9900000095367432,2.059999942779541,38100,0.0,0.0
2024-10-14 00:00:00-04:00,2.059999942779541,2.059999942779541,2.009999990463257,2.0199999809265137,43800,0.0,0.0
2024-10-15 00:00:00-04:00,2.009999990463257,2.0399999618530273,1.9299999475479126,1.940000057220459,72600,0.0,0.0
2024-10-16 00:00:00-04:00,1.940000057220459,2.049999952316284,1.9299999475479126,1.9900000095367432,105600,0.0,0.0
2024-10-17 00:00:00-04:00,1.9900000095367432,2.0,1.9500000476837158,1.9600000381469727,43200,0.0,0.0
2024-10-18 00:00:00-04:00,1.9600000381469727,2.009999990463257,1.9600000381469727,1.9900000095367432,26600,0.0,0.0
2024-10-21 00:00:00-04:00,2.4000000953674316,2.5,2.0299999713897705,2.109999895095825,1072900,0.0,0.0
2024-10-22 00:00:00-04:00,2.1500000953674316,2.299999952316284,2.0399999618530273,2.059999942779541,250600,0.0,0.0
2024-10-23 00:00:00-04:00,2.0899999141693115,2.109999895095825,1.940000057220459,1.9800000190734863,180100,0.0,0.0
2024-10-24 00:00:00-04:00,2.0,2.0,1.8799999952316284,1.8899999856948853,138100,0.0,0.0
2024-10-25 00:00:00-04:00,1.909999966621399,1.9600000381469727,1.7799999713897705,1.840000033378601,182800,0.0,0.0
2024-10-28 00:00:00-04:00,1.8700000047683716,1.899999976158142,1.840000033378601,1.8700000047683716,326500,0.0,0.0
2024-10-29 00:00:00-04:00,1.850000023841858,1.8899999856948853,1.7200000286102295,1.75,196300,0.0,0.0
2024-10-30 00:00:00-04:00,1.75,1.7899999618530273,1.6399999856948853,1.6399999856948853,200100,0.0,0.0
2024-10-31 00:00:00-04:00,1.6699999570846558,1.7699999809265137,1.590000033378601,1.600000023841858,178700,0.0,0.0
2024-11-01 00:00:00-04:00,1.6299999952316284,1.659999966621399,1.5800000429153442,1.590000033378601,141100,0.0,0.0
2024-11-04 00:00:00-05:00,1.600000023841858,1.6799999475479126,1.5,1.5099999904632568,443100,0.0,0.0
2024-11-05 00:00:00-05:00,1.5299999713897705,1.6799999475479126,1.5299999713897705,1.5800000429153442,200600,0.0,0.0
2024-11-06 00:00:00-05:00,1.6799999475479126,1.690000057220459,1.590000033378601,1.649999976158142,231900,0.0,0.0
2024-11-07 00:00:00-05:00,1.6399999856948853,1.7799999713897705,1.6399999856948853,1.7400000095367432,156300,0.0,0.0
2024-11-08 00:00:00-05:00,1.7999999523162842,1.7999999523162842,1.659999966621399,1.7799999713897705,217700,0.0,0.0
2024-11-11 00:00:00-05:00,1.7999999523162842,1.8300000429153442,1.649999976158142,1.7200000286102295,245100,0.0,0.0
2024-11-12 00:00:00-05:00,1.690000057220459,1.7400000095367432,1.6399999856948853,1.649999976158142,181800,0.0,0.0
2024-11-13 00:00:00-05:00,1.600000023841858,1.6799999475479126,1.600000023841858,1.6699999570846558,209100,0.0,0.0
2024-11-14 00:00:00-05:00,1.6699999570846558,1.6799999475479126,1.600000023841858,1.6200000047683716,163500,0.0,0.0
2024-11-15 00:00:00-05:00,1.6100000143051147,1.6200000047683716,1.5499999523162842,1.590000033378601,128800,0.0,0.0
2024-11-18 00:00:00-05:00,1.590000033378601,1.6299999952316284,1.5800000429153442,1.600000023841858,53100,0.0,0.0
2024-11-19 00:00:00-05:00,1.600000023841858,1.6200000047683716,1.5499999523162842,1.590000033378601,88500,0.0,0.0
2024-11-20 00:00:00-05:00,1.590000033378601,1.600000023841858,1.5700000524520874,1.590000033378601,37600,0.0,0.0
2024-11-21 00:00:00-05:00,1.5700000524520874,1.6100000143051147,1.5499999523162842,1.590000033378601,87200,0.0,0.0
2024-11-22 00:00:00-05:00,1.6299999952316284,1.6799999475479126,1.600000023841858,1.649999976158142,147000,0.0,0.0
2024-11-25 00:00:00-05:00,1.690000057220459,1.840000033378601,1.659999966621399,1.75,244000,0.0,0.0
2024-11-26 00:00:00-05:00,1.7300000190734863,1.7699999809265137,1.7000000476837158,1.7100000381469727,78400,0.0,0.0
2024-11-27 00:00:00-05:00,1.7300000190734863,1.7999999523162842,1.7100000381469727,1.75,108600,0.0,0.0
2024-11-29 00:00:00-05:00,1.7699999809265137,1.8300000429153442,1.75,1.7899999618530273,66800,0.0,0.0
2024-12-02 00:00:00-05:00,1.7899999618530273,1.8200000524520874,1.7300000190734863,1.7799999713897705,146400,0.0,0.0
2024-12-03 00:00:00-05:00,1.7999999523162842,1.8200000524520874,1.75,1.7999999523162842,129000,0.0,0.0
2024-12-04 00:00:00-05:00,1.7999999523162842,2.0,1.7999999523162842,1.9900000095367432,288000,0.0,0.0
2024-12-05 00:00:00-05:00,1.9500000476837158,2.0999999046325684,1.940000057220459,2.0199999809265137,460000,0.0,0.0
2024-12-06 00:00:00-05:00,1.9600000381469727,2.0899999141693115,1.7599999904632568,1.9800000190734863,1163900,0.0,0.0
2024-12-09 00:00:00-05:00,1.9700000286102295,2.0299999713897705,1.8799999952316284,1.899999976158142,211100,0.0,0.0
2024-12-10 00:00:00-05:00,1.899999976158142,1.940000057220459,1.7599999904632568,1.7799999713897705,268200,0.0,0.0
2024-12-11 00:00:00-05:00,1.7799999713897705,1.8300000429153442,1.75,1.809999942779541,98400,0.0,0.0
2024-12-12 00:00:00-05:00,1.809999942779541,1.840000033378601,1.7799999713897705,1.7899999618530273,90300,0.0,0.0
2024-12-13 00:00:00-05:00,1.7599999904632568,1.7999999523162842,1.7000000476837158,1.7300000190734863,109800,0.0,0.0
2024-12-16 00:00:00-05:00,1.7300000190734863,1.850000023841858,1.7300000190734863,1.8300000429153442,295700,0.0,0.0
2024-12-17 00:00:00-05:00,1.8300000429153442,1.8300000429153442,1.7400000095367432,1.7899999618530273,141500,0.0,0.0
2024-12-18 00:00:00-05:00,1.7599999904632568,1.840000033378601,1.690000057220459,1.7000000476837158,265900,0.0,0.0
2024-12-19 00:00:00-05:00,1.7400000095367432,1.809999942779541,1.690000057220459,1.7100000381469727,57500,0.0,0.0
2024-12-20 00:00:00-05:00,1.7300000190734863,1.809999942779541,1.7200000286102295,1.7300000190734863,81500,0.0,0.0
2024-12-23 00:00:00-05:00,1.7400000095367432,1.759600043296814,1.684999942779541,1.7200000286102295,77942,0.0,0.0
