Date,Open,High,Low,Close,Volume,Dividends,Stock Splits
2022-01-03 00:00:00-05:00,1690.8699951171875,1699.1099853515625,1636.3699951171875,1674.8599853515625,106200,0.0,0.0
2022-01-04 00:00:00-05:00,1664.510009765625,1667.1800537109375,1633.219970703125,1640.72998046875,126800,0.0,0.0
2022-01-05 00:00:00-05:00,1636.0699462890625,1654.780029296875,1582.0799560546875,1583.1099853515625,106300,0.0,0.0
2022-01-06 00:00:00-05:00,1577.56005859375,1619.02001953125,1567.5999755859375,1602.8499755859375,99700,0.0,0.0
2022-01-07 00:00:00-05:00,1597.97998046875,1598.0,1542.3399658203125,1542.3900146484375,106600,0.0,0.0
2022-01-10 00:00:00-05:00,1524.9599609375,1568.8699951171875,1508.5899658203125,1565.989990234375,96500,0.0,0.0
2022-01-11 00:00:00-05:00,1565.989990234375,1579.280029296875,1547.6800537109375,1571.4300537109375,84300,0.0,0.0
2022-01-12 00:00:00-05:00,1575.7900390625,1584.22998046875,1555.0,1559.6199951171875,119300,0.0,0.0
2022-01-13 00:00:00-05:00,1564.5899658203125,1564.5899658203125,1480.030029296875,1503.68994140625,176000,0.0,0.0
2022-01-14 00:00:00-05:00,1490.300048828125,1517.2900390625,1487.3800048828125,1512.760009765625,145600,0.0,0.0
2022-01-18 00:00:00-05:00,1490.5999755859375,1497.3599853515625,1473.5,1483.75,123700,0.0,0.0
2022-01-19 00:00:00-05:00,1489.97998046875,1515.6199951171875,1465.4000244140625,1469.0699462890625,99500,0.0,0.0
2022-01-20 00:00:00-05:00,1478.5,1512.4200439453125,1467.5400390625,1470.530029296875,120700,0.0,0.0
2022-01-21 00:00:00-05:00,1460.780029296875,1503.8499755859375,1454.6199951171875,1458.3399658203125,220200,0.0,0.0
2022-01-24 00:00:00-05:00,1432.6300048828125,1467.56005859375,1388.7099609375,1462.6400146484375,160500,0.0,0.0
2022-01-25 00:00:00-05:00,1431.489990234375,1439.4200439453125,1390.199951171875,1413.699951171875,151100,0.0,0.0
2022-01-26 00:00:00-05:00,1425.68994140625,1451.8900146484375,1389.7900390625,1405.530029296875,102100,0.0,0.0
2022-01-27 00:00:00-05:00,1417.8599853515625,1435.0899658203125,1384.280029296875,1396.449951171875,135000,0.0,0.0
2022-01-28 00:00:00-05:00,1409.77001953125,1430.9599609375,1385.1500244140625,1430.530029296875,88400,0.0,0.0
2022-01-31 00:00:00-05:00,1434.260009765625,1475.75,1433.8499755859375,1472.6800537109375,129000,0.0,0.0
2022-02-01 00:00:00-05:00,1485.3599853515625,1499.989990234375,1460.4599609375,1496.4300537109375,132900,0.0,0.0
2022-02-02 00:00:00-05:00,1500.3699951171875,1529.219970703125,1500.3699951171875,1526.0699462890625,87200,0.0,0.0
2022-02-03 00:00:00-05:00,1503.81005859375,1522.469970703125,1490.260009765625,1495.52001953125,81900,0.0,0.0
2022-02-04 00:00:00-05:00,1485.0,1509.9000244140625,1461.5999755859375,1491.9000244140625,66000,0.0,0.0
2022-02-07 00:00:00-05:00,1496.280029296875,1507.0,1472.4200439453125,1499.949951171875,84500,0.0,0.0
2022-02-08 00:00:00-05:00,1478.949951171875,1521.0,1478.949951171875,1500.68994140625,163500,0.0,0.0
2022-02-09 00:00:00-05:00,1518.949951171875,1554.6800537109375,1518.949951171875,1554.6700439453125,112600,0.0,0.0
2022-02-10 00:00:00-05:00,1517.510009765625,1566.050048828125,1515.1800537109375,1521.699951171875,207800,0.0,0.0
2022-02-11 00:00:00-05:00,1499.97998046875,1537.719970703125,1426.93994140625,1430.4100341796875,284400,0.0,0.0
2022-02-14 00:00:00-05:00,1427.6500244140625,1436.8699951171875,1401.3900146484375,1416.1199951171875,202200,0.0,0.0
2022-02-15 00:00:00-05:00,1441.8399658203125,1459.199951171875,1419.3699951171875,1429.760009765625,127600,0.0,0.0
2022-02-16 00:00:00-05:00,1417.3499755859375,1468.1400146484375,1402.56005859375,1462.199951171875,138200,0.0,0.0
2022-02-17 00:00:00-05:00,1449.6500244140625,1452.0899658203125,1413.0,1417.1199951171875,161400,0.0,0.0
2022-02-18 00:00:00-05:00,1420.68994140625,1438.6199951171875,1401.5899658203125,1408.4599609375,100500,0.0,0.0
2022-02-22 00:00:00-05:00,1397.3699951171875,1426.8299560546875,1389.300048828125,1416.75,140100,0.0,0.0
2022-02-23 00:00:00-05:00,1420.800048828125,1427.2099609375,1379.050048828125,1380.6500244140625,90600,0.0,0.0
2022-02-24 00:00:00-05:00,1353.760009765625,1417.22998046875,1346.5999755859375,1412.3699951171875,112000,0.0,0.0
2022-02-25 00:00:00-05:00,1417.449951171875,1449.719970703125,1406.800048828125,1447.52001953125,99200,0.0,0.0
2022-02-28 00:00:00-05:00,1425.1099853515625,1437.510009765625,1387.5899658203125,1408.739990234375,189200,0.0,0.0
2022-03-01 00:00:00-05:00,1404.56005859375,1435.5400390625,1380.8800048828125,1393.3399658203125,128100,0.0,0.0
2022-03-02 00:00:00-05:00,1376.4599609375,1402.469970703125,1370.260009765625,1387.300048828125,135300,0.0,0.0
2022-03-03 00:00:00-05:00,1396.8699951171875,1414.4300537109375,1383.2099609375,1404.7099609375,87000,0.0,0.0
2022-03-04 00:00:00-05:00,1386.530029296875,1391.699951171875,1355.6199951171875,1388.780029296875,107800,0.0,0.0
2022-03-07 00:00:00-05:00,1378.0,1382.6300048828125,1317.030029296875,1339.43994140625,129900,0.0,0.0
2022-03-08 00:00:00-05:00,1325.0,1355.6400146484375,1302.8800048828125,1317.0999755859375,107400,0.0,0.0
2022-03-09 00:00:00-05:00,1359.3699951171875,1396.4100341796875,1356.6700439453125,1388.2900390625,85600,0.0,0.0
2022-03-10 00:00:00-05:00,1330.0,1363.1099853515625,1330.0,1338.3399658203125,132300,0.0,0.0
2022-03-11 00:00:00-05:00,1346.9000244140625,1349.75,1309.5699462890625,1311.219970703125,121800,0.0,0.0
2022-03-14 00:00:00-04:00,1324.5400390625,1341.1600341796875,1282.4300537109375,1289.3199462890625,178300,0.0,0.0
2022-03-15 00:00:00-04:00,1300.9599609375,1327.3599853515625,1290.6400146484375,1319.449951171875,116300,0.0,0.0
2022-03-16 00:00:00-04:00,1331.5899658203125,1361.3499755859375,1331.5,1358.8399658203125,93900,0.0,0.0
2022-03-17 00:00:00-04:00,1358.6800537109375,1389.8499755859375,1345.239990234375,1389.1300048828125,104500,0.0,0.0
2022-03-18 00:00:00-04:00,1396.8800048828125,1411.6700439453125,1386.800048828125,1405.22998046875,147300,0.0,0.0
2022-03-21 00:00:00-04:00,1389.280029296875,1408.77001953125,1371.550048828125,1394.6099853515625,104300,0.0,0.0
2022-03-22 00:00:00-04:00,1399.9000244140625,1419.47998046875,1392.1600341796875,1399.5899658203125,100800,0.0,0.0
2022-03-23 00:00:00-04:00,1386.31005859375,1386.31005859375,1350.0,1359.31005859375,147800,0.0,0.0
2022-03-24 00:00:00-04:00,1362.3800048828125,1381.3299560546875,1337.1199951171875,1379.5,92800,0.0,0.0
2022-03-25 00:00:00-04:00,1389.3800048828125,1389.3800048828125,1365.3599853515625,1388.3900146484375,72600,0.0,0.0
2022-03-28 00:00:00-04:00,1398.8599853515625,1410.3399658203125,1375.969970703125,1395.68994140625,75900,0.0,0.0
2022-03-29 00:00:00-04:00,1419.260009765625,1444.800048828125,1405.050048828125,1423.280029296875,84400,0.0,0.0
2022-03-30 00:00:00-04:00,1410.8199462890625,1416.050048828125,1394.8900146484375,1405.739990234375,102300,0.0,0.0
2022-03-31 00:00:00-04:00,1407.27001953125,1412.780029296875,1370.719970703125,1373.18994140625,142700,0.0,0.0
2022-04-01 00:00:00-04:00,1381.81005859375,1387.1500244140625,1346.5699462890625,1371.6300048828125,189300,0.0,0.0
2022-04-04 00:00:00-04:00,1368.72998046875,1376.8800048828125,1350.1400146484375,1357.4300537109375,121100,0.0,0.0
2022-04-05 00:00:00-04:00,1346.219970703125,1362.31005859375,1331.27001953125,1349.010009765625,169500,0.0,0.0
2022-04-06 00:00:00-04:00,1337.5400390625,1340.260009765625,1309.800048828125,1327.8599853515625,159900,0.0,0.0
2022-04-07 00:00:00-04:00,1329.9000244140625,1375.2099609375,1317.9000244140625,1368.739990234375,146800,0.0,0.0
2022-04-08 00:00:00-04:00,1371.0,1401.949951171875,1371.0,1381.8399658203125,144900,0.0,0.0
2022-04-11 00:00:00-04:00,1370.75,1373.6500244140625,1336.8199462890625,1348.0,121600,0.0,0.0
2022-04-12 00:00:00-04:00,1353.800048828125,1359.050048828125,1301.760009765625,1313.77001953125,140600,0.0,0.0
2022-04-13 00:00:00-04:00,1313.93994140625,1344.989990234375,1310.719970703125,1342.5899658203125,138300,0.0,0.0
2022-04-14 00:00:00-04:00,1344.0699462890625,1344.0699462890625,1314.239990234375,1318.3599853515625,135900,0.0,0.0
2022-04-18 00:00:00-04:00,1309.4200439453125,1315.4300537109375,1291.8599853515625,1304.5799560546875,72400,0.0,0.0
2022-04-19 00:00:00-04:00,1305.3199462890625,1335.3800048828125,1305.3199462890625,1331.0400390625,89300,0.0,0.0
2022-04-20 00:00:00-04:00,1345.02001953125,1378.9200439453125,1335.6099853515625,1362.449951171875,118200,0.0,0.0
2022-04-21 00:00:00-04:00,1370.5899658203125,1370.780029296875,1322.949951171875,1326.22998046875,89200,0.0,0.0
2022-04-22 00:00:00-04:00,1323.8599853515625,1324.3199462890625,1283.5999755859375,1284.6300048828125,84000,0.0,0.0
2022-04-25 00:00:00-04:00,1279.77001953125,1305.0999755859375,1254.9599609375,1302.5899658203125,115200,0.0,0.0
2022-04-26 00:00:00-04:00,1295.0999755859375,1296.3399658203125,1254.6800537109375,1254.7900390625,90600,0.0,0.0
2022-04-27 00:00:00-04:00,1256.5899658203125,1284.760009765625,1249.9100341796875,1258.0699462890625,134000,0.0,0.0
2022-04-28 00:00:00-04:00,1278.5400390625,1301.949951171875,1262.9100341796875,1293.510009765625,132500,0.0,0.0
2022-04-29 00:00:00-04:00,1285.949951171875,1314.8399658203125,1273.489990234375,1277.530029296875,138700,0.0,0.0
2022-05-02 00:00:00-04:00,1272.449951171875,1294.97998046875,1262.5899658203125,1293.02001953125,155200,0.0,0.0
2022-05-03 00:00:00-04:00,1292.760009765625,1347.77001953125,1292.760009765625,1334.3699951171875,247600,0.0,0.0
2022-05-04 00:00:00-04:00,1327.199951171875,1383.489990234375,1318.0400390625,1379.6199951171875,166400,0.0,0.0
2022-05-05 00:00:00-04:00,1367.0999755859375,1370.989990234375,1300.1099853515625,1311.3499755859375,196600,0.0,0.0
2022-05-06 00:00:00-04:00,1296.72998046875,1327.3800048828125,1253.0400390625,1315.9000244140625,229800,0.0,0.0
2022-05-09 00:00:00-04:00,1299.0899658203125,1299.0899658203125,1188.56005859375,1196.0699462890625,204600,0.0,0.0
2022-05-10 00:00:00-04:00,1218.8199462890625,1241.0799560546875,1199.77001953125,1219.6400146484375,209300,0.0,0.0
2022-05-11 00:00:00-04:00,1215.949951171875,1224.6700439453125,1175.9599609375,1179.4000244140625,251200,0.0,0.0
2022-05-12 00:00:00-04:00,1178.5400390625,1218.489990234375,1168.31005859375,1213.1199951171875,152100,0.0,0.0
2022-05-13 00:00:00-04:00,1230.6500244140625,1274.4599609375,1227.43994140625,1255.1099853515625,128000,0.0,0.0
2022-05-16 00:00:00-04:00,1243.3299560546875,1252.8800048828125,1229.6700439453125,1233.510009765625,139300,0.0,0.0
2022-05-17 00:00:00-04:00,1256.489990234375,1265.7900390625,1224.3800048828125,1236.3800048828125,133000,0.0,0.0
2022-05-18 00:00:00-04:00,1215.760009765625,1225.0,1189.8699951171875,1194.52001953125,128000,0.0,0.0
2022-05-19 00:00:00-04:00,1182.56005859375,1228.1199951171875,1182.56005859375,1219.7099609375,157800,0.0,0.0
2022-05-20 00:00:00-04:00,1234.4100341796875,1241.0699462890625,1206.2900390625,1238.5799560546875,136900,0.0,0.0
2022-05-23 00:00:00-04:00,1254.68994140625,1255.8599853515625,1230.8599853515625,1247.47998046875,120000,0.0,0.0
2022-05-24 00:00:00-04:00,1240.0,1240.3499755859375,1220.2099609375,1231.4599609375,99200,0.0,0.0
2022-05-25 00:00:00-04:00,1235.6300048828125,1247.199951171875,1218.1700439453125,1230.010009765625,101700,0.0,0.0
2022-05-26 00:00:00-04:00,1238.27001953125,1265.22998046875,1230.760009765625,1258.469970703125,77900,0.0,0.0
2022-05-27 00:00:00-04:00,1274.699951171875,1326.81005859375,1274.699951171875,1326.52001953125,127200,0.0,0.0
2022-05-31 00:00:00-04:00,1306.8699951171875,1308.75,1276.050048828125,1286.1199951171875,214300,0.0,0.0
2022-06-01 00:00:00-04:00,1301.3699951171875,1305.989990234375,1246.699951171875,1263.4000244140625,108900,0.0,0.0
2022-06-02 00:00:00-04:00,1267.3299560546875,1326.3299560546875,1262.56005859375,1326.3199462890625,102500,0.0,0.0
2022-06-03 00:00:00-04:00,1300.0999755859375,1309.8599853515625,1283.6500244140625,1298.9000244140625,76700,0.0,0.0
2022-06-06 00:00:00-04:00,1306.9100341796875,1321.27001953125,1290.969970703125,1304.0899658203125,82000,0.0,0.0
2022-06-07 00:00:00-04:00,1289.8299560546875,1315.8699951171875,1284.5999755859375,1315.31005859375,92800,0.0,0.0
2022-06-08 00:00:00-04:00,1305.7900390625,1317.8399658203125,1290.9000244140625,1294.3199462890625,75200,0.0,0.0
2022-06-09 00:00:00-04:00,1281.8599853515625,1290.760009765625,1254.06005859375,1254.5400390625,85300,0.0,0.0
2022-06-10 00:00:00-04:00,1231.260009765625,1231.260009765625,1198.18994140625,1200.43994140625,161400,0.0,0.0
2022-06-13 00:00:00-04:00,1162.31005859375,1179.239990234375,1153.56005859375,1172.75,127200,0.0,0.0
2022-06-14 00:00:00-04:00,1171.3499755859375,1171.3499755859375,1136.3699951171875,1157.6300048828125,95300,0.0,0.0
2022-06-15 00:00:00-04:00,1170.56005859375,1180.8900146484375,1149.219970703125,1167.25,86200,0.0,0.0
2022-06-16 00:00:00-04:00,1135.0,1135.0,1110.3699951171875,1118.52001953125,153000,0.0,0.0
2022-06-17 00:00:00-04:00,1126.030029296875,1128.93994140625,1096.81005859375,1097.800048828125,297900,0.0,0.0
2022-06-21 00:00:00-04:00,1122.4300537109375,1122.4300537109375,1095.8199462890625,1097.5699462890625,173300,0.0,0.0
2022-06-22 00:00:00-04:00,1087.1400146484375,1112.260009765625,1082.780029296875,1101.72998046875,187300,0.0,0.0
2022-06-23 00:00:00-04:00,1107.7099609375,1136.0899658203125,1105.0799560546875,1132.4000244140625,197100,0.0,0.0
2022-06-24 00:00:00-04:00,1138.1600341796875,1152.949951171875,1135.4000244140625,1146.9000244140625,257700,0.0,0.0
2022-06-27 00:00:00-04:00,1153.8499755859375,1153.8499755859375,1133.93994140625,1144.239990234375,162100,0.0,0.0
2022-06-28 00:00:00-04:00,1144.27001953125,1152.219970703125,1130.3199462890625,1130.77001953125,157400,0.0,0.0
2022-06-29 00:00:00-04:00,1135.0,1148.3699951171875,1118.739990234375,1146.02001953125,142000,0.0,0.0
2022-06-30 00:00:00-04:00,1128.9100341796875,1163.300048828125,1124.0999755859375,1148.77001953125,219100,0.0,0.0
2022-07-01 00:00:00-04:00,1151.3299560546875,1167.8199462890625,1145.68994140625,1161.8499755859375,139100,0.0,0.0
2022-07-05 00:00:00-04:00,1142.949951171875,1176.1500244140625,1131.800048828125,1175.469970703125,133000,0.0,0.0
2022-07-06 00:00:00-04:00,1175.3399658203125,1180.800048828125,1161.02001953125,1171.5999755859375,200500,0.0,0.0
2022-07-07 00:00:00-04:00,1170.0799560546875,1208.3599853515625,1170.0400390625,1207.300048828125,190800,0.0,0.0
2022-07-08 00:00:00-04:00,1196.010009765625,1228.93994140625,1194.5699462890625,1221.280029296875,141000,0.0,0.0
2022-07-11 00:00:00-04:00,1211.739990234375,1230.1099853515625,1205.31005859375,1222.8299560546875,132000,0.0,0.0
2022-07-12 00:00:00-04:00,1212.800048828125,1227.47998046875,1186.75,1190.56005859375,104500,0.0,0.0
2022-07-13 00:00:00-04:00,1165.72998046875,1197.18994140625,1162.949951171875,1172.3399658203125,108500,0.0,0.0
2022-07-14 00:00:00-04:00,1152.77001953125,1157.239990234375,1111.0,1138.219970703125,134700,0.0,0.0
2022-07-15 00:00:00-04:00,1157.3800048828125,1168.1099853515625,1143.56005859375,1158.9599609375,94900,0.0,0.0
2022-07-18 00:00:00-04:00,1163.5899658203125,1163.5899658203125,1116.6500244140625,1122.800048828125,84900,0.0,0.0
2022-07-19 00:00:00-04:00,1140.6400146484375,1158.949951171875,1137.31005859375,1156.8699951171875,133600,0.0,0.0
2022-07-20 00:00:00-04:00,1153.4000244140625,1180.6800537109375,1153.4000244140625,1166.4200439453125,89800,0.0,0.0
2022-07-21 00:00:00-04:00,1181.81005859375,1242.4300537109375,1181.81005859375,1240.2900390625,125100,0.0,0.0
2022-07-22 00:00:00-04:00,1249.0899658203125,1255.3199462890625,1219.449951171875,1224.1400146484375,113800,0.0,0.0
2022-07-25 00:00:00-04:00,1225.239990234375,1231.0,1210.800048828125,1230.219970703125,97800,0.0,0.0
2022-07-26 00:00:00-04:00,1229.510009765625,1240.4100341796875,1220.0699462890625,1235.8499755859375,110500,0.0,0.0
2022-07-27 00:00:00-04:00,1235.8900146484375,1285.06005859375,1235.8900146484375,1273.56005859375,133200,0.0,0.0
2022-07-28 00:00:00-04:00,1273.56005859375,1307.239990234375,1264.52001953125,1298.9599609375,138500,0.0,0.0
2022-07-29 00:00:00-04:00,1312.3299560546875,1357.6099853515625,1309.47998046875,1349.72998046875,205200,0.0,0.0
2022-08-01 00:00:00-04:00,1339.3399658203125,1356.6099853515625,1339.3399658203125,1350.8299560546875,143100,0.0,0.0
2022-08-02 00:00:00-04:00,1344.239990234375,1362.6600341796875,1336.9200439453125,1340.3199462890625,154400,0.0,0.0
2022-08-03 00:00:00-04:00,1348.6199951171875,1367.4100341796875,1342.530029296875,1359.9200439453125,91000,0.0,0.0
2022-08-04 00:00:00-04:00,1358.3399658203125,1358.3399658203125,1334.9100341796875,1346.8800048828125,121700,0.0,0.0
2022-08-05 00:00:00-04:00,1330.52001953125,1349.989990234375,1325.0899658203125,1347.719970703125,76000,0.0,0.0
2022-08-08 00:00:00-04:00,1361.1099853515625,1361.1099853515625,1335.4100341796875,1342.1099853515625,61000,0.0,0.0
2022-08-09 00:00:00-04:00,1335.5799560546875,1335.5799560546875,1311.510009765625,1314.6300048828125,61700,0.0,0.0
2022-08-10 00:00:00-04:00,1338.6400146484375,1349.1199951171875,1332.0999755859375,1346.780029296875,89000,0.0,0.0
2022-08-11 00:00:00-04:00,1356.5899658203125,1372.7900390625,1339.510009765625,1346.7900390625,72700,0.0,0.0
2022-08-12 00:00:00-04:00,1349.4599609375,1365.72998046875,1341.9000244140625,1364.0999755859375,61300,0.0,0.0
2022-08-15 00:00:00-04:00,1358.3199462890625,1369.4100341796875,1343.25,1366.3900146484375,59500,0.0,0.0
2022-08-16 00:00:00-04:00,1354.93994140625,1368.239990234375,1346.6300048828125,1356.0999755859375,65500,0.0,0.0
2022-08-17 00:00:00-04:00,1341.56005859375,1363.8299560546875,1335.47998046875,1356.5999755859375,82800,0.0,0.0
2022-08-18 00:00:00-04:00,1361.25,1361.25,1332.989990234375,1358.719970703125,65100,0.0,0.0
2022-08-19 00:00:00-04:00,1354.719970703125,1362.719970703125,1329.699951171875,1333.800048828125,88400,0.0,0.0
2022-08-22 00:00:00-04:00,1314.5999755859375,1323.9300537109375,1301.7099609375,1308.27001953125,58800,0.0,0.0
2022-08-23 00:00:00-04:00,1300.22998046875,1308.81005859375,1280.239990234375,1282.8299560546875,63200,0.0,0.0
2022-08-24 00:00:00-04:00,1289.510009765625,1303.8800048828125,1282.9599609375,1296.760009765625,50400,0.0,0.0
2022-08-25 00:00:00-04:00,1307.3499755859375,1324.6400146484375,1299.2900390625,1323.9599609375,38400,0.0,0.0
2022-08-26 00:00:00-04:00,1323.9599609375,1324.5,1250.6099853515625,1251.9100341796875,65300,0.0,0.0
2022-08-29 00:00:00-04:00,1233.81005859375,1243.1099853515625,1223.550048828125,1232.3699951171875,69900,0.0,0.0
2022-08-30 00:00:00-04:00,1232.6700439453125,1234.760009765625,1216.5699462890625,1223.719970703125,80500,0.0,0.0
2022-08-31 00:00:00-04:00,1231.3599853515625,1239.1700439453125,1211.93994140625,1212.4599609375,163400,0.0,0.0
2022-09-01 00:00:00-04:00,1207.8199462890625,1208.72998046875,1186.3900146484375,1208.3299560546875,82000,0.0,0.0
2022-09-02 00:00:00-04:00,1229.47998046875,1229.47998046875,1191.0699462890625,1195.02001953125,55100,0.0,0.0
2022-09-06 00:00:00-04:00,1211.7900390625,1231.0999755859375,1206.949951171875,1222.7099609375,105400,0.0,0.0
2022-09-07 00:00:00-04:00,1226.4599609375,1253.6700439453125,1214.6099853515625,1250.47998046875,77500,0.0,0.0
2022-09-08 00:00:00-04:00,1246.5400390625,1286.25,1244.280029296875,1284.31005859375,89900,0.0,0.0
2022-09-09 00:00:00-04:00,1285.5400390625,1301.489990234375,1281.4300537109375,1300.949951171875,67900,0.0,0.0
2022-09-12 00:00:00-04:00,1301.0,1316.0,1300.8800048828125,1314.3900146484375,53200,0.0,0.0
2022-09-13 00:00:00-04:00,1280.3900146484375,1290.7900390625,1269.760009765625,1270.6300048828125,168800,0.0,0.0
2022-09-14 00:00:00-04:00,1269.2900390625,1271.989990234375,1239.43994140625,1250.050048828125,127900,0.0,0.0
2022-09-15 00:00:00-04:00,1243.52001953125,1262.239990234375,1233.0799560546875,1243.7900390625,90000,0.0,0.0
2022-09-16 00:00:00-04:00,1242.9300537109375,1242.9300537109375,1186.449951171875,1198.5,178100,0.0,0.0
2022-09-19 00:00:00-04:00,1187.27001953125,1207.6800537109375,1186.3800048828125,1204.8199462890625,92700,0.0,0.0
2022-09-20 00:00:00-04:00,1191.3499755859375,1194.0799560546875,1153.52001953125,1167.550048828125,116900,0.0,0.0
2022-09-21 00:00:00-04:00,1173.31005859375,1201.489990234375,1159.1400146484375,1160.06005859375,100400,0.0,0.0
2022-09-22 00:00:00-04:00,1152.4599609375,1152.4599609375,1133.22998046875,1135.530029296875,114800,0.0,0.0
2022-09-23 00:00:00-04:00,1130.3800048828125,1139.1400146484375,1104.93994140625,1132.010009765625,121300,0.0,0.0
2022-09-26 00:00:00-04:00,1124.6600341796875,1139.1199951171875,1112.18994140625,1117.8499755859375,95600,0.0,0.0
2022-09-27 00:00:00-04:00,1130.0699462890625,1136.5799560546875,1095.3800048828125,1104.280029296875,119500,0.0,0.0
2022-09-28 00:00:00-04:00,1099.22998046875,1117.8900146484375,1096.93994140625,1109.0999755859375,141400,0.0,0.0
2022-09-29 00:00:00-04:00,1098.800048828125,1101.72998046875,1085.7099609375,1096.8800048828125,163500,0.0,0.0
2022-09-30 00:00:00-04:00,1100.18994140625,1112.5999755859375,1081.6700439453125,1084.1199951171875,144400,0.0,0.0
2022-10-03 00:00:00-04:00,1100.47998046875,1140.3900146484375,1092.9599609375,1133.3599853515625,112700,0.0,0.0
2022-10-04 00:00:00-04:00,1154.949951171875,1182.9200439453125,1154.949951171875,1179.2099609375,147800,0.0,0.0
2022-10-05 00:00:00-04:00,1161.5,1208.5699462890625,1161.5,1202.469970703125,116800,0.0,0.0
2022-10-06 00:00:00-04:00,1194.760009765625,1214.6800537109375,1194.6099853515625,1203.1800537109375,135400,0.0,0.0
2022-10-07 00:00:00-04:00,1190.8399658203125,1190.8399658203125,1153.77001953125,1156.8900146484375,97000,0.0,0.0
2022-10-10 00:00:00-04:00,1164.18994140625,1164.18994140625,1126.8499755859375,1127.0799560546875,89000,0.0,0.0
2022-10-11 00:00:00-04:00,1121.6099853515625,1132.93994140625,1098.3199462890625,1113.260009765625,96200,0.0,0.0
2022-10-12 00:00:00-04:00,1118.1600341796875,1118.9599609375,1101.81005859375,1102.6700439453125,74300,0.0,0.0
2022-10-13 00:00:00-04:00,1077.5400390625,1142.9000244140625,1065.550048828125,1131.6300048828125,104600,0.0,0.0
2022-10-14 00:00:00-04:00,1139.8699951171875,1149.3800048828125,1112.050048828125,1117.030029296875,100400,0.0,0.0
2022-10-17 00:00:00-04:00,1135.8900146484375,1181.31005859375,1133.8499755859375,1173.1199951171875,105200,0.0,0.0
2022-10-18 00:00:00-04:00,1209.1600341796875,1216.969970703125,1186.3499755859375,1200.0,105500,0.0,0.0
2022-10-19 00:00:00-04:00,1184.97998046875,1186.2900390625,1154.43994140625,1166.969970703125,95800,0.0,0.0
2022-10-20 00:00:00-04:00,1157.280029296875,1184.43994140625,1135.469970703125,1143.9000244140625,102300,0.0,0.0
2022-10-21 00:00:00-04:00,1149.5999755859375,1176.8699951171875,1136.2900390625,1174.3800048828125,93000,0.0,0.0
2022-10-24 00:00:00-04:00,1187.8699951171875,1212.1400146484375,1186.6300048828125,1197.1400146484375,104300,0.0,0.0
2022-10-25 00:00:00-04:00,1203.52001953125,1240.3499755859375,1203.52001953125,1230.8900146484375,84800,0.0,0.0
2022-10-26 00:00:00-04:00,1235.6300048828125,1278.1700439453125,1232.1199951171875,1262.8299560546875,110500,0.0,0.0
2022-10-27 00:00:00-04:00,1258.3399658203125,1270.780029296875,1242.97998046875,1253.0799560546875,94700,0.0,0.0
2022-10-28 00:00:00-04:00,1253.0799560546875,1277.5400390625,1235.3199462890625,1264.550048828125,70600,0.0,0.0
2022-10-31 00:00:00-04:00,1248.3599853515625,1280.1800537109375,1248.3599853515625,1264.9300537109375,110100,0.0,0.0
2022-11-01 00:00:00-04:00,1284.780029296875,1288.6300048828125,1253.0799560546875,1280.8399658203125,117100,0.0,0.0
2022-11-02 00:00:00-04:00,1281.469970703125,1294.5699462890625,1236.8499755859375,1238.81005859375,110000,0.0,0.0
2022-11-03 00:00:00-04:00,1221.2900390625,1247.7099609375,1200.0999755859375,1225.8699951171875,102900,0.0,0.0
2022-11-04 00:00:00-04:00,1213.6099853515625,1297.5400390625,1199.4100341796875,1284.510009765625,183800,0.0,0.0
2022-11-07 00:00:00-05:00,1297.9000244140625,1304.6600341796875,1270.449951171875,1298.7099609375,155300,0.0,0.0
2022-11-08 00:00:00-05:00,1306.4200439453125,1358.9599609375,1299.280029296875,1350.9599609375,151900,0.0,0.0
2022-11-09 00:00:00-05:00,1337.81005859375,1353.47998046875,1320.739990234375,1336.22998046875,106800,0.0,0.0
2022-11-10 00:00:00-05:00,1398.93994140625,1454.699951171875,1398.93994140625,1449.1500244140625,160700,0.0,0.0
2022-11-11 00:00:00-05:00,1452.4200439453125,1488.3699951171875,1446.5699462890625,1464.3800048828125,138100,0.0,0.0
2022-11-14 00:00:00-05:00,1466.0,1495.0699462890625,1440.1800537109375,1442.800048828125,139500,0.0,0.0
2022-11-15 00:00:00-05:00,1462.9300537109375,1462.9300537109375,1404.219970703125,1408.030029296875,138400,0.0,0.0
2022-11-16 00:00:00-05:00,1418.6500244140625,1418.6500244140625,1385.3599853515625,1395.75,106000,0.0,0.0
2022-11-17 00:00:00-05:00,1370.010009765625,1388.8299560546875,1354.06005859375,1388.8299560546875,118800,0.0,0.0
2022-11-18 00:00:00-05:00,1414.3199462890625,1414.3199462890625,1384.719970703125,1401.31005859375,72800,0.0,0.0
2022-11-21 00:00:00-05:00,1390.3199462890625,1406.1500244140625,1386.8900146484375,1391.9300537109375,59000,0.0,0.0
2022-11-22 00:00:00-05:00,1407.3299560546875,1439.75,1402.9300537109375,1439.75,90700,0.0,0.0
2022-11-23 00:00:00-05:00,1446.530029296875,1450.0,1429.8699951171875,1441.3199462890625,66200,0.0,0.0
2022-11-25 00:00:00-05:00,1444.219970703125,1455.1400146484375,1438.27001953125,1449.68994140625,34700,0.0,0.0
2022-11-28 00:00:00-05:00,1431.8499755859375,1442.31005859375,1416.760009765625,1439.8900146484375,118100,0.0,0.0
2022-11-29 00:00:00-05:00,1429.5799560546875,1444.4100341796875,1412.2099609375,1412.2099609375,94200,0.0,0.0
2022-11-30 00:00:00-05:00,1419.06005859375,1469.9200439453125,1402.1800537109375,1469.56005859375,234000,0.0,0.0
2022-12-01 00:00:00-05:00,1483.550048828125,1498.9000244140625,1468.7900390625,1490.3299560546875,116900,0.0,0.0
2022-12-02 00:00:00-05:00,1463.0799560546875,1499.4599609375,1456.5699462890625,1486.0999755859375,73000,0.0,0.0
2022-12-05 00:00:00-05:00,1465.3399658203125,1473.300048828125,1436.1300048828125,1454.3699951171875,68400,0.0,0.0
2022-12-06 00:00:00-05:00,1445.050048828125,1467.0999755859375,1436.02001953125,1453.800048828125,70400,0.0,0.0
2022-12-07 00:00:00-05:00,1441.2900390625,1472.3699951171875,1441.2900390625,1461.5699462890625,76100,0.0,0.0
2022-12-08 00:00:00-05:00,1461.219970703125,1486.1400146484375,1461.219970703125,1482.72998046875,90700,0.0,0.0
2022-12-09 00:00:00-05:00,1467.4200439453125,1483.449951171875,1449.6300048828125,1455.56005859375,86300,0.0,0.0
2022-12-12 00:00:00-05:00,1460.0,1485.0899658203125,1457.9599609375,1484.8900146484375,100300,0.0,0.0
2022-12-13 00:00:00-05:00,1530.9599609375,1534.739990234375,1499.0899658203125,1513.02001953125,144800,0.0,0.0
2022-12-14 00:00:00-05:00,1507.8499755859375,1513.550048828125,1463.6400146484375,1474.760009765625,128400,0.0,0.0
2022-12-15 00:00:00-05:00,1447.1600341796875,1456.5400390625,1412.93994140625,1418.0699462890625,110600,0.0,0.0
2022-12-16 00:00:00-05:00,1401.5799560546875,1430.5699462890625,1399.47998046875,1428.18994140625,190200,0.0,0.0
2022-12-19 00:00:00-05:00,1425.300048828125,1425.52001953125,1392.949951171875,1397.9300537109375,94800,0.0,0.0
2022-12-20 00:00:00-05:00,1397.6099853515625,1417.3499755859375,1390.6500244140625,1405.050048828125,74600,0.0,0.0
2022-12-21 00:00:00-05:00,1411.760009765625,1447.969970703125,1411.760009765625,1444.02001953125,66200,0.0,0.0
2022-12-22 00:00:00-05:00,1424.0,1440.9000244140625,1407.300048828125,1438.43994140625,69600,0.0,0.0
2022-12-23 00:00:00-05:00,1440.6600341796875,1446.4000244140625,1431.3800048828125,1439.050048828125,41200,0.0,0.0
2022-12-27 00:00:00-05:00,1443.530029296875,1454.949951171875,1429.68994140625,1447.239990234375,46000,0.0,0.0
2022-12-28 00:00:00-05:00,1450.489990234375,1469.219970703125,1430.1600341796875,1430.1800537109375,46500,0.0,0.0
2022-12-29 00:00:00-05:00,1448.2099609375,1475.0400390625,1448.2099609375,1467.1099853515625,80100,0.0,0.0
2022-12-30 00:00:00-05:00,1454.5799560546875,1454.5799560546875,1426.489990234375,1445.449951171875,97500,0.0,0.0
2023-01-03 00:00:00-05:00,1455.18994140625,1468.2099609375,1430.3599853515625,1461.8699951171875,84400,0.0,0.0
2023-01-04 00:00:00-05:00,1484.9000244140625,1500.7900390625,1461.3199462890625,1491.5699462890625,95800,0.0,0.0
2023-01-05 00:00:00-05:00,1474.4000244140625,1495.6300048828125,1456.949951171875,1489.510009765625,107000,0.0,0.0
2023-01-06 00:00:00-05:00,1503.6700439453125,1519.0400390625,1391.8900146484375,1449.5699462890625,149500,0.0,0.0
2023-01-09 00:00:00-05:00,1454.780029296875,1489.1500244140625,1454.3499755859375,1456.4100341796875,112800,0.0,0.0
2023-01-10 00:00:00-05:00,1463.3499755859375,1525.3299560546875,1463.3499755859375,1520.8599853515625,86600,0.0,0.0
2023-01-11 00:00:00-05:00,1528.43994140625,1571.969970703125,1528.43994140625,1553.72998046875,106500,0.0,0.0
2023-01-12 00:00:00-05:00,1554.0799560546875,1554.0799560546875,1523.43994140625,1536.2099609375,63300,0.0,0.0
2023-01-13 00:00:00-05:00,1525.800048828125,1562.6700439453125,1525.800048828125,1557.780029296875,44900,0.0,0.0
2023-01-17 00:00:00-05:00,1547.3599853515625,1567.9599609375,1523.489990234375,1531.300048828125,113200,0.0,0.0
2023-01-18 00:00:00-05:00,1540.0,1567.8599853515625,1532.0699462890625,1539.6500244140625,81200,0.0,0.0
2023-01-19 00:00:00-05:00,1532.239990234375,1548.760009765625,1517.3499755859375,1518.4599609375,89600,0.0,0.0
2023-01-20 00:00:00-05:00,1524.489990234375,1564.6300048828125,1518.0999755859375,1561.530029296875,89200,0.0,0.0
2023-01-23 00:00:00-05:00,1562.0,1583.4000244140625,1547.6099853515625,1576.6800537109375,99100,0.0,0.0
2023-01-24 00:00:00-05:00,1560.1099853515625,1571.9200439453125,1517.25,1534.75,88800,0.0,0.0
2023-01-25 00:00:00-05:00,1514.1400146484375,1532.9200439453125,1496.52001953125,1531.5699462890625,60100,0.0,0.0
2023-01-26 00:00:00-05:00,1548.469970703125,1548.469970703125,1511.780029296875,1523.7099609375,81400,0.0,0.0
2023-01-27 00:00:00-05:00,1514.18994140625,1541.8299560546875,1514.18994140625,1529.75,57600,0.0,0.0
2023-01-30 00:00:00-05:00,1520.6300048828125,1535.050048828125,1496.3299560546875,1507.4100341796875,84100,0.0,0.0
2023-01-31 00:00:00-05:00,1510.25,1533.8399658203125,1506.1500244140625,1532.9200439453125,90900,0.0,0.0
2023-02-01 00:00:00-05:00,1534.8900146484375,1568.719970703125,1515.93994140625,1560.5400390625,116400,0.0,0.0
2023-02-02 00:00:00-05:00,1555.510009765625,1596.0699462890625,1555.510009765625,1583.8800048828125,99100,0.0,0.0
2023-02-03 00:00:00-05:00,1560.1300048828125,1609.25,1558.4200439453125,1591.6500244140625,126200,0.0,0.0
2023-02-06 00:00:00-05:00,1578.6099853515625,1593.5799560546875,1550.9300537109375,1555.97998046875,110000,0.0,0.0
2023-02-07 00:00:00-05:00,1543.0400390625,1572.68994140625,1529.1800537109375,1557.93994140625,119100,0.0,0.0
2023-02-08 00:00:00-05:00,1547.31005859375,1569.989990234375,1547.31005859375,1554.699951171875,69700,0.0,0.0
2023-02-09 00:00:00-05:00,1573.449951171875,1587.0999755859375,1517.1800537109375,1534.6400146484375,133900,0.0,0.0
2023-02-10 00:00:00-05:00,1536.97998046875,1544.22998046875,1489.989990234375,1513.31005859375,163200,0.0,0.0
2023-02-13 00:00:00-05:00,1515.260009765625,1559.6800537109375,1513.010009765625,1554.239990234375,116600,0.0,0.0
2023-02-14 00:00:00-05:00,1553.4100341796875,1572.3800048828125,1533.52001953125,1545.489990234375,87000,0.0,0.0
2023-02-15 00:00:00-05:00,1536.06005859375,1561.800048828125,1522.0,1561.800048828125,98100,0.0,0.0
2023-02-16 00:00:00-05:00,1535.469970703125,1551.3699951171875,1522.25,1534.510009765625,76000,0.0,0.0
2023-02-17 00:00:00-05:00,1525.3900146484375,1534.7900390625,1507.2900390625,1513.9300537109375,90300,0.0,0.0
2023-02-21 00:00:00-05:00,1498.47998046875,1498.47998046875,1452.6500244140625,1459.030029296875,138900,0.0,0.0
2023-02-22 00:00:00-05:00,1464.52001953125,1472.6700439453125,1450.4300537109375,1455.4100341796875,113100,0.0,0.0
2023-02-23 00:00:00-05:00,1463.6600341796875,1471.510009765625,1453.6199951171875,1467.6500244140625,62900,0.0,0.0
2023-02-24 00:00:00-05:00,1447.510009765625,1452.25,1424.3599853515625,1428.0899658203125,78500,0.0,0.0
2023-02-27 00:00:00-05:00,1447.47998046875,1458.739990234375,1429.9300537109375,1431.5899658203125,64300,0.0,0.0
2023-02-28 00:00:00-05:00,1427.199951171875,1452.760009765625,1427.199951171875,1433.7099609375,171500,0.0,0.0
2023-03-01 00:00:00-05:00,1424.0,1440.6400146484375,1416.699951171875,1417.969970703125,87500,0.0,0.0
2023-03-02 00:00:00-05:00,1407.4300537109375,1481.1300048828125,1407.4300537109375,1479.489990234375,101900,0.0,0.0
2023-03-03 00:00:00-05:00,1492.719970703125,1511.300048828125,1484.1400146484375,1508.6400146484375,57500,0.0,0.0
2023-03-06 00:00:00-05:00,1503.5799560546875,1526.6600341796875,1503.5799560546875,1505.9200439453125,108600,0.0,0.0
2023-03-07 00:00:00-05:00,1508.31005859375,1508.31005859375,1470.52001953125,1473.1800537109375,70500,0.0,0.0
2023-03-08 00:00:00-05:00,1472.9000244140625,1490.25,1466.3800048828125,1490.239990234375,54900,0.0,0.0
2023-03-09 00:00:00-05:00,1496.219970703125,1504.75,1468.02001953125,1475.5699462890625,73500,0.0,0.0
2023-03-10 00:00:00-05:00,1474.22998046875,1474.22998046875,1428.6700439453125,1433.25,75700,0.0,0.0
2023-03-13 00:00:00-04:00,1423.719970703125,1452.2900390625,1421.949951171875,1439.5699462890625,67000,0.0,0.0
2023-03-14 00:00:00-04:00,1461.2099609375,1473.9300537109375,1449.9200439453125,1469.8699951171875,76100,0.0,0.0
2023-03-15 00:00:00-04:00,1440.9200439453125,1455.6400146484375,1405.97998046875,1438.8800048828125,82000,0.0,0.0
2023-03-16 00:00:00-04:00,1432.6800537109375,1478.260009765625,1421.010009765625,1469.8599853515625,75400,0.0,0.0
2023-03-17 00:00:00-04:00,1467.6600341796875,1471.2900390625,1447.3599853515625,1455.1099853515625,160600,0.0,0.0
2023-03-20 00:00:00-04:00,1457.1300048828125,1479.6500244140625,1457.1300048828125,1474.719970703125,57600,0.0,0.0
2023-03-21 00:00:00-04:00,1487.9599609375,1500.22998046875,1474.469970703125,1500.219970703125,86900,0.0,0.0
2023-03-22 00:00:00-04:00,1492.3800048828125,1511.050048828125,1449.97998046875,1452.260009765625,92100,0.0,0.0
2023-03-23 00:00:00-04:00,1462.969970703125,1490.1800537109375,1445.1199951171875,1451.0999755859375,73100,0.0,0.0
2023-03-24 00:00:00-04:00,1447.260009765625,1459.75,1428.0999755859375,1459.75,63500,0.0,0.0
2023-03-27 00:00:00-04:00,1478.0699462890625,1498.3800048828125,1456.6600341796875,1481.530029296875,79000,0.0,0.0
2023-03-28 00:00:00-04:00,1479.0400390625,1485.0899658203125,1462.6500244140625,1473.6400146484375,45200,0.0,0.0
2023-03-29 00:00:00-04:00,1490.75,1500.02001953125,1476.1700439453125,1496.31005859375,65200,0.0,0.0
2023-03-30 00:00:00-04:00,1512.1099853515625,1517.5799560546875,1487.699951171875,1499.739990234375,59500,0.0,0.0
2023-03-31 00:00:00-04:00,1512.010009765625,1532.0400390625,1512.010009765625,1530.2099609375,84900,0.0,0.0
2023-04-03 00:00:00-04:00,1520.6099853515625,1538.2900390625,1511.81005859375,1530.550048828125,84900,0.0,0.0
2023-04-04 00:00:00-04:00,1530.760009765625,1541.8199462890625,1521.280029296875,1529.5400390625,78100,0.0,0.0
2023-04-05 00:00:00-04:00,1520.5999755859375,1542.280029296875,1510.010009765625,1529.8699951171875,69400,0.0,0.0
2023-04-06 00:00:00-04:00,1529.5899658203125,1529.5899658203125,1496.260009765625,1500.9200439453125,96400,0.0,0.0
2023-04-10 00:00:00-04:00,1491.6500244140625,1524.1300048828125,1482.3900146484375,1521.6300048828125,74700,0.0,0.0
2023-04-11 00:00:00-04:00,1524.199951171875,1540.6600341796875,1512.760009765625,1527.3699951171875,68600,0.0,0.0
2023-04-12 00:00:00-04:00,1543.72998046875,1558.4200439453125,1530.3599853515625,1533.43994140625,64300,0.0,0.0
2023-04-13 00:00:00-04:00,1548.77001953125,1585.68994140625,1529.6199951171875,1581.7099609375,99400,0.0,0.0
2023-04-14 00:00:00-04:00,1578.75,1588.56005859375,1563.47998046875,1576.949951171875,64800,0.0,0.0
2023-04-17 00:00:00-04:00,1585.5899658203125,1596.31005859375,1572.5699462890625,1595.9200439453125,72000,0.0,0.0
2023-04-18 00:00:00-04:00,1603.6300048828125,1615.969970703125,1577.7099609375,1589.219970703125,74100,0.0,0.0
2023-04-19 00:00:00-04:00,1587.3199462890625,1601.6600341796875,1575.02001953125,1598.989990234375,55000,0.0,0.0
2023-04-20 00:00:00-04:00,1577.9100341796875,1577.9100341796875,1526.8299560546875,1539.56005859375,157600,0.0,0.0
2023-04-21 00:00:00-04:00,1548.9100341796875,1560.9200439453125,1535.5,1559.3900146484375,100200,0.0,0.0
2023-04-24 00:00:00-04:00,1558.3299560546875,1574.260009765625,1555.2099609375,1574.219970703125,69200,0.0,0.0
2023-04-25 00:00:00-04:00,1565.0,1565.0,1466.1199951171875,1470.3299560546875,114700,0.0,0.0
2023-04-26 00:00:00-04:00,1458.3599853515625,1476.5,1457.010009765625,1461.6600341796875,111700,0.0,0.0
2023-04-27 00:00:00-04:00,1464.2900390625,1464.2900390625,1437.56005859375,1456.5799560546875,133700,0.0,0.0
2023-04-28 00:00:00-04:00,1452.800048828125,1495.5699462890625,1452.800048828125,1491.5,85900,0.0,0.0
2023-05-01 00:00:00-04:00,1493.6199951171875,1521.8599853515625,1493.6199951171875,1519.300048828125,103600,0.0,0.0
2023-05-02 00:00:00-04:00,1520.75,1525.1400146484375,1486.9599609375,1502.489990234375,137700,0.0,0.0
2023-05-03 00:00:00-04:00,1504.989990234375,1518.199951171875,1482.6800537109375,1492.0999755859375,144400,0.0,0.0
2023-05-04 00:00:00-04:00,1485.030029296875,1496.8599853515625,1473.0400390625,1475.199951171875,144000,0.0,0.0
2023-05-05 00:00:00-04:00,1475.0,1475.0,1395.2099609375,1424.989990234375,237500,0.0,0.0
2023-05-08 00:00:00-04:00,1426.1099853515625,1427.0400390625,1379.6700439453125,1393.9200439453125,100500,0.0,0.0
2023-05-09 00:00:00-04:00,1376.8199462890625,1402.0,1366.989990234375,1376.199951171875,106800,0.0,0.0
2023-05-10 00:00:00-04:00,1394.06005859375,1394.06005859375,1361.56005859375,1372.1500244140625,104300,0.0,0.0
2023-05-11 00:00:00-04:00,1365.050048828125,1365.050048828125,1342.3699951171875,1348.0799560546875,170000,0.0,0.0
2023-05-12 00:00:00-04:00,1360.719970703125,1384.1700439453125,1355.1099853515625,1383.550048828125,123900,0.0,0.0
2023-05-15 00:00:00-04:00,1380.97998046875,1389.550048828125,1369.300048828125,1386.0,76100,0.0,0.0
2023-05-16 00:00:00-04:00,1380.949951171875,1388.5400390625,1364.5899658203125,1372.8900146484375,105200,0.0,0.0
2023-05-17 00:00:00-04:00,1380.3499755859375,1382.949951171875,1341.260009765625,1369.1700439453125,110300,0.0,0.0
2023-05-18 00:00:00-04:00,1373.4100341796875,1388.75,1355.77001953125,1384.4300537109375,74200,0.0,0.0
2023-05-19 00:00:00-04:00,1395.6300048828125,1410.81005859375,1381.1800537109375,1386.469970703125,95100,0.0,0.0
2023-05-22 00:00:00-04:00,1383.7099609375,1406.81005859375,1380.449951171875,1398.699951171875,101800,0.0,0.0
2023-05-23 00:00:00-04:00,1396.550048828125,1411.6099853515625,1349.8299560546875,1355.6099853515625,108700,0.0,0.0
2023-05-24 00:00:00-04:00,1325.800048828125,1325.800048828125,1288.4100341796875,1313.3199462890625,201700,0.0,0.0
2023-05-25 00:00:00-04:00,1324.9200439453125,1325.8599853515625,1300.8900146484375,1316.949951171875,133300,0.0,0.0
2023-05-26 00:00:00-04:00,1327.22998046875,1353.530029296875,1327.22998046875,1348.18994140625,92700,0.0,0.0
2023-05-30 00:00:00-04:00,1343.5699462890625,1352.5899658203125,1310.010009765625,1314.719970703125,104600,0.0,0.0
2023-05-31 00:00:00-04:00,1307.6300048828125,1325.9599609375,1291.199951171875,1321.8699951171875,245100,0.0,0.0
2023-06-01 00:00:00-04:00,1324.8800048828125,1337.6700439453125,1316.4599609375,1329.3199462890625,101100,0.0,0.0
2023-06-02 00:00:00-04:00,1346.27001953125,1347.3699951171875,1326.969970703125,1332.6600341796875,83000,0.0,0.0
2023-06-05 00:00:00-04:00,1330.0,1337.719970703125,1317.3499755859375,1335.219970703125,81800,0.0,0.0
2023-06-06 00:00:00-04:00,1341.5999755859375,1343.219970703125,1310.760009765625,1321.7900390625,59700,0.0,0.0
2023-06-07 00:00:00-04:00,1316.0,1329.6400146484375,1311.5799560546875,1327.6400146484375,56700,0.0,0.0
2023-06-08 00:00:00-04:00,1319.8399658203125,1320.0,1285.8499755859375,1295.510009765625,143600,0.0,0.0
2023-06-09 00:00:00-04:00,1293.9599609375,1301.8199462890625,1280.0400390625,1292.06005859375,158600,0.0,0.0
2023-06-12 00:00:00-04:00,1295.739990234375,1319.6300048828125,1293.280029296875,1316.969970703125,103800,0.0,0.0
2023-06-13 00:00:00-04:00,1321.4200439453125,1335.8699951171875,1305.5400390625,1318.739990234375,159400,0.0,0.0
2023-06-14 00:00:00-04:00,1322.8599853515625,1328.8299560546875,1307.4599609375,1315.5699462890625,147800,0.0,0.0
2023-06-15 00:00:00-04:00,1307.5999755859375,1337.3800048828125,1297.06005859375,1336.2900390625,159500,0.0,0.0
2023-06-16 00:00:00-04:00,1350.949951171875,1362.4000244140625,1309.93994140625,1321.969970703125,188800,0.0,0.0
2023-06-20 00:00:00-04:00,1295.300048828125,1297.6800537109375,1254.47998046875,1283.800048828125,185300,0.0,0.0
2023-06-21 00:00:00-04:00,1277.5899658203125,1303.800048828125,1272.5,1291.9200439453125,171300,0.0,0.0
2023-06-22 00:00:00-04:00,1288.8499755859375,1294.3399658203125,1275.3299560546875,1283.3699951171875,116100,0.0,0.0
2023-06-23 00:00:00-04:00,1269.3900146484375,1296.989990234375,1269.3900146484375,1288.25,188800,0.0,0.0
2023-06-26 00:00:00-04:00,1284.1300048828125,1292.3299560546875,1265.2900390625,1279.9000244140625,110600,0.0,0.0
2023-06-27 00:00:00-04:00,1289.280029296875,1289.280029296875,1257.22998046875,1272.219970703125,150100,0.0,0.0
2023-06-28 00:00:00-04:00,1273.010009765625,1283.7900390625,1267.1099853515625,1275.4100341796875,114100,0.0,0.0
2023-06-29 00:00:00-04:00,1273.4200439453125,1320.8699951171875,1272.5400390625,1316.8800048828125,163800,0.0,0.0
2023-06-30 00:00:00-04:00,1329.5899658203125,1335.72998046875,1309.43994140625,1311.6400146484375,167400,0.0,0.0
2023-07-03 00:00:00-04:00,1321.43994140625,1321.43994140625,1297.0,1312.1400146484375,68200,0.0,0.0
2023-07-05 00:00:00-04:00,1305.1400146484375,1317.3199462890625,1302.1199951171875,1304.7099609375,105500,0.0,0.0
2023-07-06 00:00:00-04:00,1283.3399658203125,1296.2900390625,1266.5699462890625,1294.199951171875,123000,0.0,0.0
2023-07-07 00:00:00-04:00,1283.9599609375,1297.97998046875,1268.75,1269.0899658203125,160900,0.0,0.0
2023-07-10 00:00:00-04:00,1267.989990234375,1293.81005859375,1267.989990234375,1293.5999755859375,141700,0.0,0.0
2023-07-11 00:00:00-04:00,1292.1400146484375,1305.3699951171875,1288.0699462890625,1292.4300537109375,82100,0.0,0.0
2023-07-12 00:00:00-04:00,1311.52001953125,1327.8299560546875,1302.800048828125,1319.68994140625,99700,0.0,0.0
2023-07-13 00:00:00-04:00,1336.0,1336.0,1307.56005859375,1327.72998046875,127100,0.0,0.0
2023-07-14 00:00:00-04:00,1328.72998046875,1338.239990234375,1319.030029296875,1331.9300537109375,95400,0.0,0.0
2023-07-17 00:00:00-04:00,1329.300048828125,1335.219970703125,1310.3199462890625,1328.4599609375,101800,0.0,0.0
2023-07-18 00:00:00-04:00,1326.300048828125,1336.8499755859375,1311.27001953125,1335.010009765625,126600,0.0,0.0
2023-07-19 00:00:00-04:00,1331.3599853515625,1347.0,1321.93994140625,1340.030029296875,166100,0.0,0.0
2023-07-20 00:00:00-04:00,1346.02001953125,1365.300048828125,1342.9200439453125,1349.8399658203125,103700,0.0,0.0
2023-07-21 00:00:00-04:00,1353.7099609375,1379.469970703125,1321.989990234375,1361.8599853515625,225800,0.0,0.0
2023-07-24 00:00:00-04:00,1359.550048828125,1376.47998046875,1354.760009765625,1362.02001953125,175800,0.0,0.0
2023-07-25 00:00:00-04:00,1336.56005859375,1364.7099609375,1312.510009765625,1312.9200439453125,268400,0.0,0.0
2023-07-26 00:00:00-04:00,1300.6700439453125,1335.8699951171875,1284.4200439453125,1335.02001953125,270000,0.0,0.0
2023-07-27 00:00:00-04:00,1339.550048828125,1364.719970703125,1322.3900146484375,1324.1400146484375,232100,0.0,0.0
2023-07-28 00:00:00-04:00,1260.0,1313.030029296875,1243.0999755859375,1308.510009765625,305300,0.0,0.0
2023-07-31 00:00:00-04:00,1314.1099853515625,1314.1099853515625,1246.5,1257.469970703125,226500,0.0,0.0
2023-08-01 00:00:00-04:00,1252.81005859375,1293.6400146484375,1241.800048828125,1284.4300537109375,172100,0.0,0.0
2023-08-02 00:00:00-04:00,1277.0,1315.739990234375,1266.8900146484375,1291.9000244140625,162000,0.0,0.0
2023-08-03 00:00:00-04:00,1284.3900146484375,1284.3900146484375,1267.9300537109375,1269.1099853515625,131300,0.0,0.0
2023-08-04 00:00:00-04:00,1268.0,1289.27001953125,1264.43994140625,1271.489990234375,105900,0.0,0.0
2023-08-07 00:00:00-04:00,1276.010009765625,1278.449951171875,1254.010009765625,1259.550048828125,111400,0.0,0.0
2023-08-08 00:00:00-04:00,1256.780029296875,1258.550048828125,1234.1500244140625,1254.93994140625,136400,0.0,0.0
2023-08-09 00:00:00-04:00,1254.8499755859375,1260.06005859375,1244.6400146484375,1245.239990234375,59000,0.0,0.0
2023-08-10 00:00:00-04:00,1247.199951171875,1270.1600341796875,1242.3599853515625,1245.449951171875,199100,0.0,0.0
2023-08-11 00:00:00-04:00,1240.0,1254.2900390625,1237.6400146484375,1239.800048828125,125300,0.0,0.0
2023-08-14 00:00:00-04:00,1233.97998046875,1244.989990234375,1229.7900390625,1240.1700439453125,151400,0.0,0.0
2023-08-15 00:00:00-04:00,1235.8900146484375,1239.199951171875,1219.969970703125,1226.760009765625,155300,0.0,0.0
2023-08-16 00:00:00-04:00,1216.2900390625,1230.8499755859375,1183.719970703125,1198.300048828125,198000,0.0,0.0
2023-08-17 00:00:00-04:00,1200.6400146484375,1209.9200439453125,1197.510009765625,1205.0999755859375,200600,0.0,0.0
2023-08-18 00:00:00-04:00,1197.050048828125,1202.0999755859375,1183.0400390625,1184.6800537109375,154500,0.0,0.0
2023-08-21 00:00:00-04:00,1184.1099853515625,1184.739990234375,1166.0899658203125,1169.6700439453125,142300,0.0,0.0
2023-08-22 00:00:00-04:00,1169.0,1175.949951171875,1151.1800537109375,1160.969970703125,123700,0.0,0.0
2023-08-23 00:00:00-04:00,1170.1099853515625,1183.27001953125,1164.4200439453125,1165.0899658203125,147600,0.0,0.0
2023-08-24 00:00:00-04:00,1169.47998046875,1178.5799560546875,1159.0,1161.9599609375,108100,0.0,0.0
2023-08-25 00:00:00-04:00,1162.800048828125,1181.5999755859375,1158.47998046875,1175.449951171875,102200,0.0,0.0
2023-08-28 00:00:00-04:00,1181.2099609375,1186.9200439453125,1170.8499755859375,1181.699951171875,114500,0.0,0.0
2023-08-29 00:00:00-04:00,1184.550048828125,1208.3900146484375,1180.0999755859375,1206.8299560546875,107900,0.0,0.0
2023-08-30 00:00:00-04:00,1210.0,1222.7099609375,1207.06005859375,1217.5699462890625,114600,0.0,0.0
2023-08-31 00:00:00-04:00,1221.5999755859375,1227.47998046875,1213.3599853515625,1213.47998046875,173800,0.0,0.0
2023-09-01 00:00:00-04:00,1225.3499755859375,1235.5899658203125,1198.8800048828125,1222.5,136100,0.0,0.0
2023-09-05 00:00:00-04:00,1221.219970703125,1235.780029296875,1215.010009765625,1215.8900146484375,200700,0.0,0.0
2023-09-06 00:00:00-04:00,1213.0,1213.0,1192.3699951171875,1192.6099853515625,135100,0.0,0.0
2023-09-07 00:00:00-04:00,1188.050048828125,1190.8599853515625,1161.760009765625,1162.0699462890625,133000,0.0,0.0
2023-09-08 00:00:00-04:00,1161.0,1163.489990234375,1129.4200439453125,1130.699951171875,154100,0.0,0.0
2023-09-11 00:00:00-04:00,1135.280029296875,1139.43994140625,1121.989990234375,1128.989990234375,158800,0.0,0.0
2023-09-12 00:00:00-04:00,1126.6700439453125,1131.3599853515625,1115.760009765625,1121.3199462890625,116500,0.0,0.0
2023-09-13 00:00:00-04:00,1081.489990234375,1139.0799560546875,1081.489990234375,1126.969970703125,190400,0.0,0.0
2023-09-14 00:00:00-04:00,1136.550048828125,1168.1099853515625,1118.9100341796875,1157.6700439453125,176000,0.0,0.0
2023-09-15 00:00:00-04:00,1155.4200439453125,1212.5400390625,1134.9100341796875,1168.699951171875,344700,0.0,0.0
2023-09-18 00:00:00-04:00,1163.1800537109375,1163.1800537109375,1134.75,1134.969970703125,147300,0.0,0.0
2023-09-19 00:00:00-04:00,1129.7900390625,1141.9300537109375,1126.47998046875,1131.989990234375,209300,0.0,0.0
2023-09-20 00:00:00-04:00,1137.7900390625,1146.3599853515625,1126.7099609375,1131.1099853515625,115900,0.0,0.0
2023-09-21 00:00:00-04:00,1122.1500244140625,1129.0999755859375,1093.81005859375,1094.030029296875,158400,0.0,0.0
2023-09-22 00:00:00-04:00,1094.6300048828125,1108.760009765625,1091.0,1100.030029296875,184600,0.0,0.0
2023-09-25 00:00:00-04:00,1095.530029296875,1124.3599853515625,1092.1199951171875,1122.4300537109375,135200,0.0,0.0
2023-09-26 00:00:00-04:00,1117.6300048828125,1122.6400146484375,1104.280029296875,1104.31005859375,104200,0.0,0.0
2023-09-27 00:00:00-04:00,1107.9599609375,1111.260009765625,1094.5699462890625,1097.780029296875,114500,0.0,0.0
2023-09-28 00:00:00-04:00,1097.81005859375,1131.1400146484375,1097.6800537109375,1118.239990234375,140800,0.0,0.0
2023-09-29 00:00:00-04:00,1129.4300537109375,1132.1600341796875,1105.1500244140625,1108.0699462890625,133200,0.0,0.0
2023-10-02 00:00:00-04:00,1102.969970703125,1104.530029296875,1071.3699951171875,1087.3299560546875,142500,0.0,0.0
2023-10-03 00:00:00-04:00,1082.52001953125,1093.1400146484375,1073.2099609375,1075.9200439453125,87600,0.0,0.0
2023-10-04 00:00:00-04:00,1082.4200439453125,1094.739990234375,1065.8699951171875,1091.9000244140625,84700,0.0,0.0
2023-10-05 00:00:00-04:00,1090.47998046875,1090.47998046875,1067.4300537109375,1078.25,119300,0.0,0.0
2023-10-06 00:00:00-04:00,1072.1800537109375,1089.9000244140625,1069.510009765625,1081.72998046875,122700,0.0,0.0
2023-10-09 00:00:00-04:00,1073.6300048828125,1089.949951171875,1066.3199462890625,1088.260009765625,91500,0.0,0.0
2023-10-10 00:00:00-04:00,1088.7099609375,1104.5699462890625,1076.6300048828125,1097.02001953125,176500,0.0,0.0
2023-10-11 00:00:00-04:00,1097.02001953125,1108.4599609375,1093.239990234375,1107.0799560546875,111600,0.0,0.0
2023-10-12 00:00:00-04:00,1105.02001953125,1105.02001953125,1040.1199951171875,1041.81005859375,188200,0.0,0.0
2023-10-13 00:00:00-04:00,1034.989990234375,1049.7900390625,1028.56005859375,1033.6400146484375,231600,0.0,0.0
2023-10-16 00:00:00-04:00,1048.4100341796875,1062.510009765625,1029.8900146484375,1056.969970703125,173900,0.0,0.0
2023-10-17 00:00:00-04:00,1041.3399658203125,1055.530029296875,1016.530029296875,1045.22998046875,123100,0.0,0.0
2023-10-18 00:00:00-04:00,1033.72998046875,1039.760009765625,1009.280029296875,1010.0,154600,0.0,0.0
2023-10-19 00:00:00-04:00,1008.780029296875,1039.68994140625,1008.780029296875,1014.1199951171875,155500,0.0,0.0
2023-10-20 00:00:00-04:00,1015.0700073242188,1027.6300048828125,1011.8699951171875,1020.22998046875,128300,0.0,0.0
2023-10-23 00:00:00-04:00,1016.97998046875,1021.4600219726562,1001.1400146484375,1008.77001953125,140800,0.0,0.0
2023-10-24 00:00:00-04:00,992.3300170898438,1006.4299926757812,981.969970703125,991.8099975585938,223800,0.0,0.0
2023-10-25 00:00:00-04:00,967.4500122070312,975.9500122070312,931.4299926757812,975.260009765625,262900,0.0,0.0
2023-10-26 00:00:00-04:00,980.22998046875,988.9199829101562,969.6500244140625,982.2899780273438,150600,0.0,0.0
2023-10-27 00:00:00-04:00,983.22998046875,993.9500122070312,968.4400024414062,976.25,241700,0.0,0.0
2023-10-30 00:00:00-04:00,977.0,978.260009765625,928.5,962.3699951171875,291900,0.0,0.0
2023-10-31 00:00:00-04:00,969.8200073242188,990.280029296875,965.260009765625,985.2000122070312,178300,0.0,0.0
2023-11-01 00:00:00-04:00,987.010009765625,987.010009765625,960.3699951171875,969.47998046875,157200,0.0,0.0
2023-11-02 00:00:00-04:00,981.9199829101562,993.8499755859375,972.22998046875,991.2100219726562,119400,0.0,0.0
2023-11-03 00:00:00-04:00,1006.9500122070312,1041.6199951171875,1006.9500122070312,1032.06005859375,138200,0.0,0.0
2023-11-06 00:00:00-05:00,1030.949951171875,1044.27001953125,1026.68994140625,1033.699951171875,133000,0.0,0.0
2023-11-07 00:00:00-05:00,1026.8599853515625,1064.9200439453125,1026.8599853515625,1042.280029296875,175100,0.0,0.0
2023-11-08 00:00:00-05:00,1044.0,1049.0,1033.31005859375,1038.280029296875,121600,0.0,0.0
2023-11-09 00:00:00-05:00,1045.93994140625,1050.22998046875,1017.7000122070312,1024.550048828125,160200,0.0,0.0
2023-11-10 00:00:00-05:00,1004.510009765625,1047.2900390625,953.280029296875,1044.1099853515625,310800,0.0,0.0
2023-11-13 00:00:00-05:00,1026.5400390625,1035.1300048828125,1015.2899780273438,1019.239990234375,200900,0.0,0.0
2023-11-14 00:00:00-05:00,1046.0999755859375,1053.1500244140625,1029.010009765625,1048.18994140625,275800,0.0,0.0
2023-11-15 00:00:00-05:00,1039.010009765625,1067.449951171875,1039.010009765625,1057.02001953125,387400,0.0,0.0
2023-11-16 00:00:00-05:00,1061.4000244140625,1064.6500244140625,1047.8699951171875,1049.72998046875,239100,0.0,0.0
2023-11-17 00:00:00-05:00,1070.2900390625,1070.2900390625,1043.219970703125,1049.050048828125,294300,0.0,0.0
2023-11-20 00:00:00-05:00,1052.0,1056.6400146484375,1041.489990234375,1050.199951171875,472800,0.0,0.0
2023-11-21 00:00:00-05:00,1069.72998046875,1128.050048828125,1053.4100341796875,1085.510009765625,489100,0.0,0.0
2023-11-22 00:00:00-05:00,1084.3699951171875,1099.06005859375,1067.8499755859375,1078.5799560546875,417100,0.0,0.0
2023-11-24 00:00:00-05:00,1079.0,1093.510009765625,1073.8199462890625,1093.510009765625,91700,0.0,0.0
2023-11-27 00:00:00-05:00,1086.4100341796875,1086.4200439453125,1076.5799560546875,1079.8399658203125,139700,0.0,0.0
2023-11-28 00:00:00-05:00,1073.0,1090.0699462890625,1059.0799560546875,1082.1600341796875,136200,0.0,0.0
2023-11-29 00:00:00-05:00,1092.989990234375,1101.199951171875,1087.6600341796875,1092.4300537109375,115700,0.0,0.0
2023-11-30 00:00:00-05:00,1093.6400146484375,1101.239990234375,1080.949951171875,1091.9300537109375,216900,0.0,0.0
2023-12-01 00:00:00-05:00,1089.68994140625,1104.469970703125,1074.1600341796875,1104.469970703125,102300,0.0,0.0
2023-12-04 00:00:00-05:00,1099.8800048828125,1117.8900146484375,1097.3599853515625,1102.8399658203125,118600,0.0,0.0
2023-12-05 00:00:00-05:00,1090.0,1096.9000244140625,1068.3299560546875,1081.8800048828125,124000,0.0,0.0
2023-12-06 00:00:00-05:00,1090.280029296875,1108.4000244140625,1088.0699462890625,1093.22998046875,123800,0.0,0.0
2023-12-07 00:00:00-05:00,1093.9300537109375,1107.8699951171875,1093.3499755859375,1100.02001953125,98800,0.0,0.0
2023-12-08 00:00:00-05:00,1095.93994140625,1109.8699951171875,1086.8800048828125,1090.52001953125,129600,0.0,0.0
2023-12-11 00:00:00-05:00,1090.0,1120.0,1088.6099853515625,1112.5,122900,0.0,0.0
2023-12-12 00:00:00-05:00,1113.02001953125,1117.449951171875,1103.72998046875,1114.81005859375,105400,0.0,0.0
2023-12-13 00:00:00-05:00,1116.489990234375,1174.5999755859375,1115.43994140625,1171.0,172400,0.0,0.0
2023-12-14 00:00:00-05:00,1188.0400390625,1228.239990234375,1178.8299560546875,1224.699951171875,371500,0.0,0.0
2023-12-15 00:00:00-05:00,1222.260009765625,1224.739990234375,1189.489990234375,1190.6099853515625,288600,0.0,0.0
2023-12-18 00:00:00-05:00,1205.0,1205.0,1178.0400390625,1185.030029296875,157600,0.0,0.0
2023-12-19 00:00:00-05:00,1191.280029296875,1204.0899658203125,1187.0799560546875,1201.77001953125,113900,0.0,0.0
2023-12-20 00:00:00-05:00,1202.4000244140625,1220.6400146484375,1186.949951171875,1186.949951171875,150200,0.0,0.0
2023-12-21 00:00:00-05:00,1193.1700439453125,1219.5799560546875,1193.1700439453125,1209.0999755859375,104400,0.0,0.0
2023-12-22 00:00:00-05:00,1216.5,1220.3299560546875,1205.31005859375,1213.800048828125,65500,0.0,0.0
2023-12-26 00:00:00-05:00,1217.260009765625,1224.52001953125,1209.530029296875,1219.22998046875,73000,0.0,0.0
2023-12-27 00:00:00-05:00,1214.7099609375,1227.3800048828125,1214.27001953125,1222.9599609375,83400,0.0,0.0
2023-12-28 00:00:00-05:00,1226.800048828125,1231.1300048828125,1220.1700439453125,1225.260009765625,71400,0.0,0.0
2023-12-29 00:00:00-05:00,1218.1500244140625,1223.1700439453125,1208.8399658203125,1212.9599609375,100800,0.0,0.0
2024-01-02 00:00:00-05:00,1201.5799560546875,1230.260009765625,1197.68994140625,1214.18994140625,137500,0.0,0.0
2024-01-03 00:00:00-05:00,1199.219970703125,1201.1600341796875,1146.3299560546875,1147.1199951171875,178500,0.0,0.0
2024-01-04 00:00:00-05:00,1137.3399658203125,1151.4300537109375,1137.3399658203125,1149.3199462890625,129600,0.0,0.0
2024-01-05 00:00:00-05:00,1132.18994140625,1168.5799560546875,1115.6400146484375,1132.2900390625,196000,0.0,0.0
2024-01-08 00:00:00-05:00,1132.2900390625,1166.739990234375,1130.8199462890625,1166.0999755859375,116000,0.0,0.0
2024-01-09 00:00:00-05:00,1155.5400390625,1185.550048828125,1130.1500244140625,1140.81005859375,103300,0.0,0.0
2024-01-10 00:00:00-05:00,1135.2900390625,1177.010009765625,1122.2099609375,1176.8599853515625,266700,0.0,0.0
2024-01-11 00:00:00-05:00,1171.530029296875,1194.719970703125,1166.530029296875,1186.56005859375,252100,0.0,0.0
2024-01-12 00:00:00-05:00,1198.68994140625,1205.0,1180.469970703125,1182.280029296875,162600,0.0,0.0
2024-01-16 00:00:00-05:00,1168.550048828125,1187.949951171875,1168.550048828125,1183.97998046875,183700,0.0,0.0
2024-01-17 00:00:00-05:00,1173.800048828125,1192.1099853515625,1150.0,1163.0,204500,0.0,0.0
2024-01-18 00:00:00-05:00,1164.0899658203125,1187.800048828125,1162.18994140625,1185.0,135100,0.0,0.0
2024-01-19 00:00:00-05:00,1188.68994140625,1202.3599853515625,1174.6500244140625,1200.0,153700,0.0,0.0
2024-01-22 00:00:00-05:00,1205.739990234375,1219.219970703125,1202.0,1219.1600341796875,158500,0.0,0.0
2024-01-23 00:00:00-05:00,1229.3699951171875,1229.3699951171875,1202.1099853515625,1219.93994140625,135400,0.0,0.0
2024-01-24 00:00:00-05:00,1223.550048828125,1232.56005859375,1194.6500244140625,1204.81005859375,211500,0.0,0.0
2024-01-25 00:00:00-05:00,1218.0,1218.0,1198.4000244140625,1202.449951171875,177000,0.0,0.0
2024-01-26 00:00:00-05:00,1224.2099609375,1237.97998046875,1215.739990234375,1217.469970703125,133100,0.0,0.0
2024-01-29 00:00:00-05:00,1217.75,1231.1199951171875,1212.3199462890625,1227.47998046875,108800,0.0,0.0
2024-01-30 00:00:00-05:00,1224.949951171875,1239.1800537109375,1221.47998046875,1237.5,125700,0.0,0.0
2024-01-31 00:00:00-05:00,1240.0899658203125,1240.0899658203125,1193.8900146484375,1197.18994140625,123400,0.0,0.0
2024-02-01 00:00:00-05:00,1196.030029296875,1224.2099609375,1187.010009765625,1224.0,114000,0.0,0.0
2024-02-02 00:00:00-05:00,1213.4599609375,1220.75,1193.4300537109375,1210.1099853515625,108900,0.0,0.0
2024-02-05 00:00:00-05:00,1203.3199462890625,1205.449951171875,1186.0,1186.969970703125,235100,0.0,0.0
2024-02-06 00:00:00-05:00,1185.97998046875,1223.93994140625,1185.97998046875,1212.0999755859375,149800,0.0,0.0
2024-02-07 00:00:00-05:00,1216.1099853515625,1218.199951171875,1203.760009765625,1213.22998046875,190600,0.0,0.0
2024-02-08 00:00:00-05:00,1212.97998046875,1230.6700439453125,1207.5400390625,1224.969970703125,214100,0.0,0.0
2024-02-09 00:00:00-05:00,1240.800048828125,1240.800048828125,1169.93994140625,1174.510009765625,291100,0.0,0.0
2024-02-12 00:00:00-05:00,1181.530029296875,1194.1600341796875,1169.4100341796875,1190.0400390625,142200,0.0,0.0
2024-02-13 00:00:00-05:00,1166.97998046875,1180.0,1133.4599609375,1157.56005859375,203600,0.0,0.0
2024-02-14 00:00:00-05:00,1174.22998046875,1184.5999755859375,1165.3800048828125,1181.1800537109375,129100,0.0,0.0
2024-02-15 00:00:00-05:00,1183.050048828125,1200.7099609375,1182.27001953125,1192.699951171875,95100,0.0,0.0
2024-02-16 00:00:00-05:00,1189.2099609375,1202.510009765625,1186.780029296875,1187.43994140625,80400,0.0,0.0
2024-02-20 00:00:00-05:00,1177.9599609375,1196.5699462890625,1176.77001953125,1184.3699951171875,144000,0.0,0.0
2024-02-21 00:00:00-05:00,1177.300048828125,1196.7099609375,1177.300048828125,1193.8900146484375,93200,0.0,0.0
2024-02-22 00:00:00-05:00,1195.0,1200.550048828125,1174.5899658203125,1192.780029296875,136900,0.0,0.0
2024-02-23 00:00:00-05:00,1200.4000244140625,1212.969970703125,1200.4000244140625,1209.7900390625,67800,0.0,0.0
2024-02-26 00:00:00-05:00,1206.4100341796875,1215.0,1195.260009765625,1195.260009765625,90200,0.0,0.0
2024-02-27 00:00:00-05:00,1205.239990234375,1221.780029296875,1200.0799560546875,1213.2099609375,104900,0.0,0.0
2024-02-28 00:00:00-05:00,1213.2099609375,1252.4599609375,1213.2099609375,1243.5699462890625,118800,0.0,0.0
2024-02-29 00:00:00-05:00,1246.97998046875,1254.3199462890625,1236.0999755859375,1247.219970703125,186600,0.0,0.0
2024-03-01 00:00:00-05:00,1241.550048828125,1271.300048828125,1223.030029296875,1267.97998046875,153300,0.0,0.0
2024-03-04 00:00:00-05:00,1268.0,1300.010009765625,1262.93994140625,1286.5400390625,165300,0.0,0.0
2024-03-05 00:00:00-05:00,1285.0,1298.6099853515625,1272.1099853515625,1286.9000244140625,149000,0.0,0.0
2024-03-06 00:00:00-05:00,1295.489990234375,1318.02001953125,1295.489990234375,1311.6500244140625,124100,0.0,0.0
2024-03-07 00:00:00-05:00,1326.9100341796875,1359.97998046875,1326.9100341796875,1350.4599609375,173300,0.0,0.0
2024-03-08 00:00:00-05:00,1356.010009765625,1364.5899658203125,1313.6099853515625,1313.8499755859375,119100,0.0,0.0
2024-03-11 00:00:00-04:00,1310.5400390625,1321.68994140625,1289.6199951171875,1297.969970703125,161900,0.0,0.0
2024-03-12 00:00:00-04:00,1300.0,1304.9300537109375,1288.18994140625,1288.31005859375,128400,0.0,0.0
2024-03-13 00:00:00-04:00,1292.1800537109375,1310.969970703125,1287.3199462890625,1305.6500244140625,134000,0.0,0.0
2024-03-14 00:00:00-04:00,1297.760009765625,1307.989990234375,1288.449951171875,1298.1300048828125,115400,0.0,0.0
2024-03-15 00:00:00-04:00,1289.1400146484375,1331.8599853515625,1289.1400146484375,1324.449951171875,319900,0.0,0.0
2024-03-18 00:00:00-04:00,1324.449951171875,1326.9599609375,1304.6600341796875,1306.1700439453125,131900,0.0,0.0
2024-03-19 00:00:00-04:00,1305.9000244140625,1315.0,1295.719970703125,1302.6500244140625,176600,0.0,0.0
2024-03-20 00:00:00-04:00,1300.010009765625,1305.0699462890625,1287.0999755859375,1302.8599853515625,92000,0.0,0.0
2024-03-21 00:00:00-04:00,1309.5400390625,1345.93994140625,1300.7900390625,1338.6400146484375,115600,0.0,0.0
2024-03-22 00:00:00-04:00,1343.739990234375,1343.8299560546875,1308.800048828125,1327.5999755859375,120800,0.0,0.0
2024-03-25 00:00:00-04:00,1338.6500244140625,1338.6500244140625,1309.3699951171875,1320.0,105200,0.0,0.0
2024-03-26 00:00:00-04:00,1320.0799560546875,1326.3699951171875,1308.800048828125,1315.0699462890625,107500,0.0,0.0
2024-03-27 00:00:00-04:00,1326.1500244140625,1339.6199951171875,1313.47998046875,1335.8399658203125,87600,0.0,0.0
2024-03-28 00:00:00-04:00,1340.77001953125,1342.43994140625,1331.27001953125,1331.2900390625,94100,0.0,0.0
2024-04-01 00:00:00-04:00,1345.0400390625,1345.0400390625,1320.2900390625,1341.199951171875,95200,0.0,0.0
2024-04-02 00:00:00-04:00,1324.9300537109375,1335.489990234375,1313.93994140625,1321.050048828125,116600,0.0,0.0
2024-04-03 00:00:00-04:00,1312.8299560546875,1345.8299560546875,1312.8299560546875,1330.77001953125,137100,0.0,0.0
2024-04-04 00:00:00-04:00,1330.0,1340.0,1283.6700439453125,1284.550048828125,144200,0.0,0.0
2024-04-05 00:00:00-04:00,1287.5400390625,1303.199951171875,1285.47998046875,1300.8399658203125,90900,0.0,0.0
2024-04-08 00:00:00-04:00,1302.47998046875,1314.25,1300.739990234375,1304.27001953125,89200,0.0,0.0
2024-04-09 00:00:00-04:00,1309.949951171875,1338.1500244140625,1309.949951171875,1336.5999755859375,95700,0.0,0.0
2024-04-10 00:00:00-04:00,1305.1099853515625,1320.8199462890625,1300.1300048828125,1305.43994140625,83400,0.0,0.0
2024-04-11 00:00:00-04:00,1326.0,1326.0,1305.8199462890625,1311.489990234375,91400,0.0,0.0
2024-04-12 00:00:00-04:00,1298.0,1304.72998046875,1251.0,1261.0699462890625,124800,0.0,0.0
2024-04-15 00:00:00-04:00,1277.3199462890625,1277.3199462890625,1239.47998046875,1243.56005859375,94600,0.0,0.0
2024-04-16 00:00:00-04:00,1242.719970703125,1242.719970703125,1223.510009765625,1228.300048828125,105200,0.0,0.0
2024-04-17 00:00:00-04:00,1235.280029296875,1235.280029296875,1196.8199462890625,1198.030029296875,150800,0.0,0.0
2024-04-18 00:00:00-04:00,1175.0,1206.1199951171875,1142.9100341796875,1192.56005859375,167000,0.0,0.0
2024-04-19 00:00:00-04:00,1201.6500244140625,1202.300048828125,1185.8699951171875,1188.5400390625,100800,0.0,0.0
2024-04-22 00:00:00-04:00,1195.93994140625,1215.510009765625,1186.760009765625,1199.4599609375,83700,0.0,0.0
2024-04-23 00:00:00-04:00,1223.719970703125,1247.530029296875,1217.030029296875,1241.3199462890625,122600,0.0,0.0
2024-04-24 00:00:00-04:00,1234.93994140625,1258.449951171875,1227.9200439453125,1235.3699951171875,157100,0.0,0.0
2024-04-25 00:00:00-04:00,1232.8900146484375,1236.510009765625,1206.43994140625,1232.9100341796875,92000,0.0,0.0
2024-04-26 00:00:00-04:00,1230.6700439453125,1255.18994140625,1221.3199462890625,1238.0899658203125,95000,0.0,0.0
2024-04-29 00:00:00-04:00,1240.8499755859375,1258.489990234375,1240.8499755859375,1255.239990234375,112000,0.0,0.0
2024-04-30 00:00:00-04:00,1243.800048828125,1251.989990234375,1229.3800048828125,1229.699951171875,100600,0.0,0.0
2024-05-01 00:00:00-04:00,1225.5899658203125,1271.9000244140625,1220.0799560546875,1249.75,98700,0.0,0.0
2024-05-02 00:00:00-04:00,1255.199951171875,1265.739990234375,1226.06005859375,1249.8800048828125,108900,0.0,0.0
2024-05-03 00:00:00-04:00,1270.6500244140625,1272.9000244140625,1251.3599853515625,1251.949951171875,95300,0.0,0.0
2024-05-06 00:00:00-04:00,1245.3900146484375,1253.800048828125,1223.219970703125,1250.800048828125,202800,0.0,0.0
2024-05-07 00:00:00-04:00,1260.1500244140625,1267.9100341796875,1234.0,1247.739990234375,158700,0.0,0.0
2024-05-08 00:00:00-04:00,1249.8299560546875,1264.4200439453125,1246.68994140625,1253.1300048828125,139700,0.0,0.0
2024-05-09 00:00:00-04:00,1264.27001953125,1295.3599853515625,1255.1300048828125,1290.4200439453125,171300,0.0,0.0
2024-05-10 00:00:00-04:00,1389.719970703125,1514.8199462890625,1389.719970703125,1510.25,428300,0.0,0.0
2024-05-13 00:00:00-04:00,1505.010009765625,1505.010009765625,1446.780029296875,1461.6400146484375,302200,0.0,0.0
2024-05-14 00:00:00-04:00,1467.8900146484375,1501.4300537109375,1452.6500244140625,1496.1400146484375,184900,0.0,0.0
2024-05-15 00:00:00-04:00,1510.260009765625,1524.6099853515625,1496.8399658203125,1519.8900146484375,127500,0.0,0.0
2024-05-16 00:00:00-04:00,1504.260009765625,1533.3399658203125,1494.3800048828125,1530.550048828125,144800,0.0,0.0
2024-05-17 00:00:00-04:00,1535.8599853515625,1535.8599853515625,1503.27001953125,1522.75,142200,0.0,0.0
2024-05-20 00:00:00-04:00,1528.9200439453125,1529.780029296875,1513.8699951171875,1518.2900390625,124100,0.0,0.0
2024-05-21 00:00:00-04:00,1516.3299560546875,1523.4100341796875,1494.260009765625,1521.2900390625,136400,0.0,0.0
2024-05-22 00:00:00-04:00,1519.9300537109375,1533.0,1498.68994140625,1501.780029296875,133500,0.0,0.0
2024-05-23 00:00:00-04:00,1497.0999755859375,1498.47998046875,1470.8699951171875,1479.300048828125,94100,0.0,0.0
2024-05-24 00:00:00-04:00,1481.8599853515625,1486.4599609375,1461.6500244140625,1479.530029296875,103300,0.0,0.0
2024-05-28 00:00:00-04:00,1486.5699462890625,1486.5699462890625,1445.800048828125,1454.550048828125,127300,0.0,0.0
2024-05-29 00:00:00-04:00,1431.760009765625,1440.8900146484375,1423.989990234375,1437.1600341796875,133100,0.0,0.0
2024-05-30 00:00:00-04:00,1395.0,1402.510009765625,1366.8800048828125,1383.5699462890625,201000,0.0,0.0
2024-05-31 00:00:00-04:00,1378.050048828125,1405.0699462890625,1378.050048828125,1404.0899658203125,217300,0.0,0.0
2024-06-03 00:00:00-04:00,1388.9200439453125,1405.449951171875,1373.5699462890625,1399.4300537109375,164900,0.0,0.0
2024-06-04 00:00:00-04:00,1405.260009765625,1418.3800048828125,1392.0,1406.8299560546875,119100,0.0,0.0
2024-06-05 00:00:00-04:00,1408.760009765625,1453.75,1396.3599853515625,1452.030029296875,139200,0.0,0.0
2024-06-06 00:00:00-04:00,1452.030029296875,1459.989990234375,1435.8599853515625,1438.030029296875,179700,0.0,0.0
2024-06-07 00:00:00-04:00,1427.3599853515625,1441.469970703125,1416.6600341796875,1438.5799560546875,140400,0.0,0.0
2024-06-10 00:00:00-04:00,1434.510009765625,1445.06005859375,1420.9200439453125,1443.8299560546875,154800,0.0,0.0
2024-06-11 00:00:00-04:00,1432.010009765625,1446.1700439453125,1420.56005859375,1441.4000244140625,157900,0.0,0.0
2024-06-12 00:00:00-04:00,1459.0799560546875,1462.4000244140625,1441.6199951171875,1459.510009765625,143700,0.0,0.0
2024-06-13 00:00:00-04:00,1462.3299560546875,1479.1300048828125,1448.9300537109375,1474.43994140625,179300,0.0,0.0
2024-06-14 00:00:00-04:00,1464.8599853515625,1466.8499755859375,1447.719970703125,1454.739990234375,117300,0.0,0.0
2024-06-17 00:00:00-04:00,1450.739990234375,1456.72998046875,1432.530029296875,1447.760009765625,108700,0.0,0.0
2024-06-18 00:00:00-04:00,1455.6800537109375,1483.6199951171875,1440.4000244140625,1481.0699462890625,98500,0.0,0.0
2024-06-20 00:00:00-04:00,1466.77001953125,1470.72998046875,1452.27001953125,1456.5899658203125,119400,0.0,0.0
2024-06-21 00:00:00-04:00,1458.1800537109375,1469.6400146484375,1453.030029296875,1463.47998046875,165900,0.0,0.0
2024-06-24 00:00:00-04:00,1468.510009765625,1468.510009765625,1446.530029296875,1453.97998046875,105700,0.0,0.0
2024-06-25 00:00:00-04:00,1449.4200439453125,1451.0699462890625,1415.8199462890625,1426.800048828125,115700,0.0,0.0
2024-06-26 00:00:00-04:00,1426.800048828125,1429.280029296875,1409.6500244140625,1427.300048828125,108100,0.0,0.0
2024-06-27 00:00:00-04:00,1419.8900146484375,1424.949951171875,1403.0,1406.52001953125,120700,0.0,0.0
2024-06-28 00:00:00-04:00,1418.0,1434.75,1386.9300537109375,1397.5899658203125,681500,0.0,0.0
2024-07-01 00:00:00-04:00,1404.280029296875,1405.4599609375,1354.6500244140625,1366.8399658203125,153200,0.0,0.0
2024-07-02 00:00:00-04:00,1365.969970703125,1379.8299560546875,1351.489990234375,1357.0699462890625,113300,0.0,0.0
2024-07-03 00:00:00-04:00,1360.1199951171875,1374.6500244140625,1347.93994140625,1354.0999755859375,71100,0.0,0.0
2024-07-05 00:00:00-04:00,1358.469970703125,1358.469970703125,1344.6600341796875,1346.0799560546875,145400,0.0,0.0
2024-07-08 00:00:00-04:00,1357.8900146484375,1358.43994140625,1328.0799560546875,1330.0,157200,0.0,0.0
2024-07-09 00:00:00-04:00,1329.93994140625,1331.5400390625,1306.0400390625,1308.0,126200,0.0,0.0
2024-07-10 00:00:00-04:00,1318.0,1325.8199462890625,1308.760009765625,1324.0999755859375,135600,0.0,0.0
2024-07-11 00:00:00-04:00,1334.27001953125,1364.8800048828125,1318.780029296875,1358.1800537109375,116100,0.0,0.0
2024-07-12 00:00:00-04:00,1362.77001953125,1382.97998046875,1354.7099609375,1359.2099609375,105300,0.0,0.0
2024-07-15 00:00:00-04:00,1356.8499755859375,1363.1500244140625,1349.8499755859375,1358.5400390625,120000,0.0,0.0
2024-07-16 00:00:00-04:00,1358.5400390625,1385.260009765625,1357.75,1382.8900146484375,134800,0.0,0.0
2024-07-17 00:00:00-04:00,1370.31005859375,1392.8900146484375,1369.280029296875,1378.239990234375,106000,0.0,0.0
2024-07-18 00:00:00-04:00,1373.5400390625,1391.0999755859375,1324.31005859375,1356.0699462890625,171500,0.0,0.0
2024-07-19 00:00:00-04:00,1375.0699462890625,1375.0699462890625,1340.43994140625,1344.260009765625,80300,0.0,0.0
2024-07-22 00:00:00-04:00,1353.4000244140625,1374.760009765625,1347.2099609375,1372.6199951171875,109700,0.0,0.0
2024-07-23 00:00:00-04:00,1409.9100341796875,1410.0799560546875,1359.3599853515625,1361.5999755859375,100300,0.0,0.0
2024-07-24 00:00:00-04:00,1362.18994140625,1405.4599609375,1362.18994140625,1384.56005859375,139000,0.0,0.0
2024-07-25 00:00:00-04:00,1384.9000244140625,1434.3499755859375,1380.3299560546875,1411.0,179700,0.0,0.0
2024-07-26 00:00:00-04:00,1425.4200439453125,1460.0,1425.4200439453125,1450.0799560546875,175000,0.0,0.0
2024-07-29 00:00:00-04:00,1450.0,1460.0,1425.8599853515625,1452.0,93300,0.0,0.0
2024-07-30 00:00:00-04:00,1464.199951171875,1513.8800048828125,1458.1199951171875,1509.56005859375,167300,0.0,0.0
2024-07-31 00:00:00-04:00,1520.510009765625,1545.8800048828125,1503.3900146484375,1521.030029296875,181000,0.0,0.0
2024-08-01 00:00:00-04:00,1523.9599609375,1546.9300537109375,1506.3499755859375,1515.3499755859375,181200,0.0,0.0
2024-08-02 00:00:00-04:00,1463.1199951171875,1487.5999755859375,1390.22998046875,1441.4300537109375,327000,0.0,0.0
2024-08-05 00:00:00-04:00,1403.719970703125,1411.4300537109375,1368.300048828125,1374.6500244140625,212100,0.0,0.0
2024-08-06 00:00:00-04:00,1386.2900390625,1417.8699951171875,1375.5699462890625,1382.469970703125,127400,0.0,0.0
2024-08-07 00:00:00-04:00,1388.3800048828125,1402.97998046875,1355.1500244140625,1357.949951171875,132200,0.0,0.0
2024-08-08 00:00:00-04:00,1363.25,1397.8599853515625,1363.25,1395.3299560546875,71400,0.0,0.0
2024-08-09 00:00:00-04:00,1393.780029296875,1401.8900146484375,1387.9000244140625,1397.260009765625,72800,0.0,0.0
2024-08-12 00:00:00-04:00,1394.47998046875,1394.47998046875,1374.239990234375,1378.1400146484375,85300,0.0,0.0
2024-08-13 00:00:00-04:00,1389.1500244140625,1423.0899658203125,1374.469970703125,1420.300048828125,92700,0.0,0.0
2024-08-14 00:00:00-04:00,1428.4599609375,1428.760009765625,1399.02001953125,1402.550048828125,115700,0.0,0.0
2024-08-15 00:00:00-04:00,1422.1500244140625,1435.4100341796875,1418.7900390625,1434.780029296875,84200,0.0,0.0
2024-08-16 00:00:00-04:00,1434.780029296875,1434.780029296875,1403.0999755859375,1417.5799560546875,91800,0.0,0.0
2024-08-19 00:00:00-04:00,1417.18994140625,1434.8800048828125,1409.6700439453125,1434.7900390625,62900,0.0,0.0
2024-08-20 00:00:00-04:00,1434.7900390625,1447.219970703125,1421.8199462890625,1430.9300537109375,66600,0.0,0.0
2024-08-21 00:00:00-04:00,1435.9599609375,1438.6199951171875,1427.4100341796875,1431.8299560546875,54500,0.0,0.0
2024-08-22 00:00:00-04:00,1443.9000244140625,1444.510009765625,1417.7099609375,1423.43994140625,116900,0.0,0.0
2024-08-23 00:00:00-04:00,1440.0799560546875,1446.56005859375,1424.4100341796875,1435.93994140625,50100,0.0,0.0
2024-08-26 00:00:00-04:00,1444.0,1444.0,1413.6700439453125,1422.02001953125,50800,0.0,0.0
2024-08-27 00:00:00-04:00,1422.699951171875,1423.949951171875,1412.8699951171875,1422.5899658203125,44200,0.0,0.0
2024-08-28 00:00:00-04:00,1422.0,1439.739990234375,1418.4100341796875,1423.1800537109375,77700,0.0,0.0
2024-08-29 00:00:00-04:00,1431.31005859375,1447.0,1426.93994140625,1431.22998046875,64300,0.0,0.0
2024-08-30 00:00:00-04:00,1445.1099853515625,1445.1099853515625,1410.949951171875,1439.0799560546875,114000,0.0,0.0
2024-09-03 00:00:00-04:00,1413.1700439453125,1434.550048828125,1388.1400146484375,1398.06005859375,98100,0.0,0.0
2024-09-04 00:00:00-04:00,1391.4200439453125,1401.8599853515625,1381.9599609375,1387.6400146484375,78200,0.0,0.0
2024-09-05 00:00:00-04:00,1387.6400146484375,1390.1700439453125,1365.5799560546875,1386.510009765625,62400,0.0,0.0
2024-09-06 00:00:00-04:00,1389.43994140625,1399.81005859375,1369.8499755859375,1374.6800537109375,72600,0.0,0.0
2024-09-09 00:00:00-04:00,1387.030029296875,1397.050048828125,1378.1199951171875,1384.77001953125,101300,0.0,0.0
2024-09-10 00:00:00-04:00,1382.6600341796875,1401.9200439453125,1371.3699951171875,1394.0899658203125,101100,0.0,0.0
2024-09-11 00:00:00-04:00,1384.5899658203125,1388.9100341796875,1362.760009765625,1388.52001953125,84100,0.0,0.0
2024-09-12 00:00:00-04:00,1381.72998046875,1381.72998046875,1343.0,1373.4000244140625,97200,0.0,0.0
2024-09-13 00:00:00-04:00,1376.489990234375,1387.4599609375,1370.489990234375,1383.06005859375,83200,0.0,0.0
2024-09-16 00:00:00-04:00,1390.550048828125,1402.4599609375,1383.8699951171875,1393.25,58600,0.0,0.0
2024-09-17 00:00:00-04:00,1399.6700439453125,1402.81005859375,1381.0799560546875,1383.469970703125,58200,0.0,0.0
2024-09-18 00:00:00-04:00,1385.18994140625,1422.8800048828125,1373.280029296875,1402.68994140625,63800,0.0,0.0
2024-09-19 00:00:00-04:00,1432.72998046875,1447.72998046875,1424.2900390625,1443.030029296875,68200,0.0,0.0
2024-09-20 00:00:00-04:00,1429.3399658203125,1429.3399658203125,1380.4200439453125,1406.1099853515625,189600,0.0,0.0
2024-09-23 00:00:00-04:00,1413.780029296875,1413.780029296875,1388.2099609375,1405.9000244140625,58500,0.0,0.0
2024-09-24 00:00:00-04:00,1404.949951171875,1446.3399658203125,1404.949951171875,1442.6600341796875,124400,0.0,0.0
2024-09-25 00:00:00-04:00,1440.97998046875,1440.97998046875,1405.6300048828125,1420.3599853515625,91400,0.0,0.0
2024-09-26 00:00:00-04:00,1434.22998046875,1492.9200439453125,1430.6600341796875,1491.02001953125,170200,0.0,0.0
2024-09-27 00:00:00-04:00,1485.75,1515.6300048828125,1462.6600341796875,1478.9200439453125,140400,0.0,0.0
2024-09-30 00:00:00-04:00,1471.8399658203125,1500.0,1452.77001953125,1499.699951171875,129600,0.0,0.0
2024-10-01 00:00:00-04:00,1494.0899658203125,1495.739990234375,1463.949951171875,1477.6400146484375,130800,0.0,0.0
2024-10-02 00:00:00-04:00,1468.0,1521.010009765625,1460.530029296875,1498.1199951171875,226600,0.0,0.0
2024-10-03 00:00:00-04:00,1485.8199462890625,1488.75,1461.0,1463.4000244140625,80800,0.0,0.0
2024-10-04 00:00:00-04:00,1477.9000244140625,1477.9000244140625,1447.8800048828125,1452.8199462890625,100000,0.0,0.0
2024-10-07 00:00:00-04:00,1444.8900146484375,1469.25,1437.4599609375,1465.25,106500,0.0,0.0
2024-10-08 00:00:00-04:00,1461.43994140625,1461.43994140625,1439.760009765625,1451.469970703125,84000,0.0,0.0
2024-10-09 00:00:00-04:00,1459.72998046875,1471.7900390625,1442.5699462890625,1450.5999755859375,95800,0.0,0.0
2024-10-10 00:00:00-04:00,1434.22998046875,1454.2099609375,1425.050048828125,1442.3399658203125,66500,0.0,0.0
2024-10-11 00:00:00-04:00,1449.280029296875,1463.3900146484375,1446.9000244140625,1450.949951171875,61700,0.0,0.0
2024-10-14 00:00:00-04:00,1448.97998046875,1459.4599609375,1437.3599853515625,1456.8900146484375,69800,0.0,0.0
2024-10-15 00:00:00-04:00,1459.219970703125,1486.760009765625,1449.68994140625,1453.4000244140625,94000,0.0,0.0
2024-10-16 00:00:00-04:00,1445.1099853515625,1456.0,1389.4000244140625,1404.469970703125,183600,0.0,0.0
2024-10-17 00:00:00-04:00,1422.3699951171875,1430.3699951171875,1360.5,1364.18994140625,160900,0.0,0.0
2024-10-18 00:00:00-04:00,1377.449951171875,1379.3800048828125,1357.1700439453125,1373.97998046875,122400,0.0,0.0
2024-10-21 00:00:00-04:00,1363.1400146484375,1372.699951171875,1357.0799560546875,1365.6800537109375,94000,0.0,0.0
2024-10-22 00:00:00-04:00,1349.9300537109375,1356.8299560546875,1332.719970703125,1351.780029296875,124500,0.0,0.0
2024-10-23 00:00:00-04:00,1354.1199951171875,1354.1400146484375,1314.0899658203125,1320.3499755859375,138900,0.0,0.0
2024-10-24 00:00:00-04:00,1320.1500244140625,1320.1500244140625,1290.1800537109375,1293.3800048828125,141700,0.0,0.0
2024-10-25 00:00:00-04:00,1302.72998046875,1305.06005859375,1289.52001953125,1292.77001953125,91500,0.0,0.0
2024-10-28 00:00:00-04:00,1308.4100341796875,1308.52001953125,1285.6700439453125,1294.9200439453125,132800,0.0,0.0
2024-10-29 00:00:00-04:00,1286.3699951171875,1300.0,1285.260009765625,1297.1700439453125,107900,0.0,0.0
2024-10-30 00:00:00-04:00,1299.8499755859375,1317.030029296875,1299.8499755859375,1302.239990234375,81600,0.0,0.0
2024-10-31 00:00:00-04:00,1289.0,1304.1500244140625,1288.3800048828125,1291.75,117200,0.0,0.0
2024-11-01 00:00:00-04:00,1338.5999755859375,1387.72998046875,1323.8800048828125,1342.0899658203125,173800,0.0,0.0
2024-11-04 00:00:00-05:00,1349.9599609375,1371.5400390625,1348.1400146484375,1364.02001953125,117800,0.0,0.0
2024-11-05 00:00:00-05:00,1358.7099609375,1390.0799560546875,1348.4300537109375,1385.7900390625,104500,0.0,0.0
2024-11-06 00:00:00-05:00,1431.4599609375,1431.4599609375,1362.1600341796875,1398.18994140625,210400,0.0,0.0
2024-11-07 00:00:00-05:00,1410.0,1417.0,1387.4100341796875,1411.52001953125,154800,0.0,0.0
2024-11-08 00:00:00-05:00,1342.8299560546875,1363.75,1302.6400146484375,1310.030029296875,254200,0.0,0.0
2024-11-11 00:00:00-05:00,1310.4300537109375,1311.699951171875,1235.97998046875,1250.0699462890625,308000,0.0,0.0
2024-11-12 00:00:00-05:00,1255.699951171875,1270.0899658203125,1245.0,1260.969970703125,161100,0.0,0.0
2024-11-13 00:00:00-05:00,1254.8399658203125,1266.47998046875,1253.1500244140625,1258.6600341796875,116600,0.0,0.0
2024-11-14 00:00:00-05:00,1255.0,1255.0,1228.2900390625,1237.780029296875,178200,0.0,0.0
2024-11-15 00:00:00-05:00,1237.18994140625,1237.18994140625,1176.6600341796875,1179.5799560546875,356200,0.0,0.0
2024-11-18 00:00:00-05:00,1176.0999755859375,1191.510009765625,1172.760009765625,1174.56005859375,162900,0.0,0.0
2024-11-19 00:00:00-05:00,1162.1700439453125,1176.0400390625,1160.6700439453125,1160.6700439453125,179800,0.0,0.0
2024-11-20 00:00:00-05:00,1160.6700439453125,1175.0699462890625,1155.5899658203125,1166.9000244140625,274500,0.0,0.0
2024-11-21 00:00:00-05:00,1166.9000244140625,1197.8699951171875,1156.8800048828125,1196.8199462890625,164700,0.0,0.0
2024-11-22 00:00:00-05:00,1196.31005859375,1226.0999755859375,1194.3699951171875,1217.969970703125,180200,0.0,0.0
2024-11-25 00:00:00-05:00,1228.719970703125,1264.8699951171875,1222.1300048828125,1224.469970703125,257600,0.0,0.0
2024-11-26 00:00:00-05:00,1193.030029296875,1233.18994140625,1192.969970703125,1232.300048828125,181500,0.0,0.0
2024-11-27 00:00:00-05:00,1242.47998046875,1249.780029296875,1234.6099853515625,1243.4000244140625,89000,0.0,0.0
2024-11-29 00:00:00-05:00,1248.68994140625,1256.56005859375,1242.5400390625,1251.199951171875,74400,0.0,0.0
2024-12-02 00:00:00-05:00,1248.47998046875,1261.56005859375,1232.4200439453125,1258.8800048828125,99500,0.0,0.0
2024-12-03 00:00:00-05:00,1250.6400146484375,1261.6700439453125,1232.280029296875,1257.8599853515625,96500,0.0,0.0
2024-12-04 00:00:00-05:00,1251.0,1272.3399658203125,1245.8699951171875,1262.75,74700,0.0,0.0
2024-12-05 00:00:00-05:00,1259.22998046875,1266.4200439453125,1245.989990234375,1247.9000244140625,109000,0.0,0.0
2024-12-06 00:00:00-05:00,1264.699951171875,1289.8900146484375,1253.780029296875,1257.9200439453125,108500,0.0,0.0
2024-12-09 00:00:00-05:00,1262.5999755859375,1285.719970703125,1258.280029296875,1281.68994140625,155100,0.0,0.0
2024-12-10 00:00:00-05:00,1289.8800048828125,1292.5,1264.510009765625,1270.68994140625,110000,0.0,0.0
2024-12-11 00:00:00-05:00,1287.3299560546875,1292.8800048828125,1270.4599609375,1270.6300048828125,79900,0.0,0.0
2024-12-12 00:00:00-05:00,1261.2900390625,1282.4100341796875,1261.2900390625,1276.9200439453125,82900,0.0,0.0
2024-12-13 00:00:00-05:00,1276.9200439453125,1280.0,1259.0400390625,1276.97998046875,119000,0.0,0.0
2024-12-16 00:00:00-05:00,1267.7900390625,1287.22998046875,1257.1400146484375,1260.72998046875,115300,0.0,0.0
2024-12-17 00:00:00-05:00,1257.6700439453125,1279.1199951171875,1241.97998046875,1246.8800048828125,120000,0.0,0.0
2024-12-18 00:00:00-05:00,1244.0999755859375,1252.3900146484375,1211.050048828125,1214.43994140625,138000,0.0,0.0
2024-12-19 00:00:00-05:00,1213.719970703125,1219.52001953125,1198.25,1206.02001953125,125200,0.0,0.0
2024-12-20 00:00:00-05:00,1206.0699462890625,1240.6600341796875,1197.1199951171875,1230.739990234375,275200,0.0,0.0
2024-12-23 00:00:00-05:00,1219.43994140625,1236.3299560546875,1219.1500244140625,1234.3900146484375,87700,0.0,0.0
2024-12-24 00:00:00-05:00,1233.77001953125,1248.199951171875,1229.77001953125,1246.300048828125,33600,0.0,0.0
