Date,Open,High,Low,Close,Volume,Dividends,Stock Splits
2022-01-03 00:00:00-05:00,3.109999895095825,3.2300000190734863,3.069999933242798,3.200000047683716,1245600,0.0,0.0
2022-01-04 00:00:00-05:00,3.190000057220459,3.190000057220459,2.930000066757202,2.9700000286102295,1560500,0.0,0.0
2022-01-05 00:00:00-05:00,2.9700000286102295,3.0399999618530273,2.819999933242798,2.8299999237060547,1127000,0.0,0.0
2022-01-06 00:00:00-05:00,2.8299999237060547,2.9000000953674316,2.680000066757202,2.809999942779541,1400000,0.0,0.0
2022-01-07 00:00:00-05:00,2.809999942779541,2.9200000762939453,2.7899999618530273,2.8299999237060547,1046000,0.0,0.0
2022-01-10 00:00:00-05:00,2.799999952316284,2.815000057220459,2.680000066757202,2.7699999809265137,1212800,0.0,0.0
2022-01-11 00:00:00-05:00,2.740000009536743,2.8949999809265137,2.7249999046325684,2.8399999141693115,828200,0.0,0.0
2022-01-12 00:00:00-05:00,2.9100000858306885,2.933000087738037,2.802000045776367,2.8399999141693115,851100,0.0,0.0
2022-01-13 00:00:00-05:00,2.809999942779541,2.865999937057495,2.700000047683716,2.700000047683716,718000,0.0,0.0
2022-01-14 00:00:00-05:00,2.680000066757202,2.75,2.5799999237060547,2.700000047683716,773000,0.0,0.0
2022-01-18 00:00:00-05:00,2.631999969482422,2.690000057220459,2.549999952316284,2.569999933242798,955700,0.0,0.0
2022-01-19 00:00:00-05:00,2.609999895095825,3.0799999237060547,2.5899999141693115,3.0,5946700,0.0,0.0
2022-01-20 00:00:00-05:00,3.049999952316284,3.25,2.930000066757202,3.1500000953674316,5427400,0.0,0.0
2022-01-21 00:00:00-05:00,2.9700000286102295,3.3499999046325684,2.8299999237060547,3.2799999713897705,3625300,0.0,0.0
2022-01-24 00:00:00-05:00,3.0299999713897705,3.130000114440918,2.700000047683716,2.869999885559082,3149900,0.0,0.0
2022-01-25 00:00:00-05:00,2.799999952316284,2.990000009536743,2.759999990463257,2.9200000762939453,1341800,0.0,0.0
2022-01-26 00:00:00-05:00,2.9600000381469727,2.994999885559082,2.7149999141693115,2.7799999713897705,1587400,0.0,0.0
2022-01-27 00:00:00-05:00,2.7799999713897705,2.819999933242798,2.625,2.6600000858306885,1222700,0.0,0.0
2022-01-28 00:00:00-05:00,2.6600000858306885,2.680000066757202,2.4700000286102295,2.630000114440918,1345400,0.0,0.0
2022-01-31 00:00:00-05:00,2.6500000953674316,2.875,2.6500000953674316,2.859999895095825,1242200,0.0,0.0
2022-02-01 00:00:00-05:00,2.8499999046325684,2.9700000286102295,2.809999942779541,2.9700000286102295,1085400,0.0,0.0
2022-02-02 00:00:00-05:00,2.9700000286102295,2.9700000286102295,2.6649999618530273,2.7799999713897705,1785900,0.0,0.0
2022-02-03 00:00:00-05:00,2.6700000762939453,2.7980000972747803,2.619999885559082,2.700000047683716,484000,0.0,0.0
2022-02-04 00:00:00-05:00,2.700000047683716,2.8399999141693115,2.690000057220459,2.7899999618530273,639500,0.0,0.0
2022-02-07 00:00:00-05:00,2.7799999713897705,2.9049999713897705,2.759999990463257,2.7699999809265137,723700,0.0,0.0
2022-02-08 00:00:00-05:00,2.759999990463257,2.865000009536743,2.75,2.819999933242798,641400,0.0,0.0
2022-02-09 00:00:00-05:00,2.8399999141693115,2.9800000190734863,2.8299999237060547,2.9800000190734863,953000,0.0,0.0
2022-02-10 00:00:00-05:00,2.869999885559082,3.075000047683716,2.869999885559082,2.950000047683716,1088500,0.0,0.0
2022-02-11 00:00:00-05:00,2.940000057220459,2.9700000286102295,2.700000047683716,2.7100000381469727,1048500,0.0,0.0
2022-02-14 00:00:00-05:00,2.7300000190734863,2.809999942779541,2.700000047683716,2.7300000190734863,901400,0.0,0.0
2022-02-15 00:00:00-05:00,2.7899999618530273,2.8949999809265137,2.7899999618530273,2.859999895095825,916600,0.0,0.0
2022-02-16 00:00:00-05:00,2.8310000896453857,2.9100000858306885,2.799999952316284,2.819999933242798,633900,0.0,0.0
2022-02-17 00:00:00-05:00,2.7899999618530273,2.884999990463257,2.7149999141693115,2.75,799800,0.0,0.0
2022-02-18 00:00:00-05:00,2.680000066757202,2.7799999713897705,2.5999999046325684,2.5999999046325684,1065900,0.0,0.0
2022-02-22 00:00:00-05:00,2.5199999809265137,2.700000047683716,2.5199999809265137,2.609999895095825,922000,0.0,0.0
2022-02-23 00:00:00-05:00,2.6500000953674316,2.6710000038146973,2.5299999713897705,2.549999952316284,741900,0.0,0.0
2022-02-24 00:00:00-05:00,2.3499999046325684,2.7100000381469727,2.319999933242798,2.700000047683716,1494000,0.0,0.0
2022-02-25 00:00:00-05:00,2.6700000762939453,2.7100000381469727,2.559999942779541,2.5799999237060547,654100,0.0,0.0
2022-02-28 00:00:00-05:00,2.509999990463257,2.680000066757202,2.509999990463257,2.6600000858306885,650200,0.0,0.0
2022-03-01 00:00:00-05:00,2.630000114440918,2.7300000190734863,2.61899995803833,2.690000057220459,788000,0.0,0.0
2022-03-02 00:00:00-05:00,2.6700000762939453,2.6700000762939453,2.5899999141693115,2.630000114440918,571400,0.0,0.0
2022-03-03 00:00:00-05:00,2.6500000953674316,2.681999921798706,2.5,2.5,699400,0.0,0.0
2022-03-04 00:00:00-05:00,2.509999990463257,2.5409998893737793,2.3299999237060547,2.3399999141693115,756200,0.0,0.0
2022-03-07 00:00:00-05:00,2.3399999141693115,2.5199999809265137,2.309999942779541,2.490000009536743,1302200,0.0,0.0
2022-03-08 00:00:00-05:00,2.4600000381469727,2.509999990463257,2.380000114440918,2.430000066757202,830600,0.0,0.0
2022-03-09 00:00:00-05:00,2.4800000190734863,2.569000005722046,2.4749999046325684,2.5,629100,0.0,0.0
2022-03-10 00:00:00-05:00,2.4700000286102295,2.4700000286102295,2.3299999237060547,2.369999885559082,799600,0.0,0.0
2022-03-11 00:00:00-05:00,2.4000000953674316,2.4089999198913574,2.119999885559082,2.130000114440918,1118400,0.0,0.0
2022-03-14 00:00:00-04:00,1.940000057220459,1.9769999980926514,1.7400000095367432,1.75,1591300,0.0,0.0
2022-03-15 00:00:00-04:00,1.7200000286102295,1.875,1.6799999475479126,1.8300000429153442,1145900,0.0,0.0
2022-03-16 00:00:00-04:00,2.0399999618530273,2.1700000762939453,1.9299999475479126,2.1700000762939453,2447600,0.0,0.0
2022-03-17 00:00:00-04:00,2.0799999237060547,2.190999984741211,2.0299999713897705,2.1700000762939453,803200,0.0,0.0
2022-03-18 00:00:00-04:00,2.2100000381469727,2.4800000190734863,2.184999942779541,2.4700000286102295,1188000,0.0,0.0
2022-03-21 00:00:00-04:00,2.4800000190734863,2.5299999713897705,2.3499999046325684,2.5,1911600,0.0,0.0
2022-03-22 00:00:00-04:00,2.5799999237060547,2.8499999046325684,2.5799999237060547,2.8499999046325684,2510300,0.0,0.0
2022-03-23 00:00:00-04:00,2.859999895095825,2.869999885559082,2.6700000762939453,2.7699999809265137,1736900,0.0,0.0
2022-03-24 00:00:00-04:00,2.819999933242798,2.8399999141693115,2.634999990463257,2.7899999618530273,1647800,0.0,0.0
2022-03-25 00:00:00-04:00,2.740000009536743,2.740000009536743,2.549999952316284,2.630000114440918,1731800,0.0,0.0
2022-03-28 00:00:00-04:00,2.9200000762939453,2.990000009536743,2.6700000762939453,2.859999895095825,7216400,0.0,0.0
2022-03-29 00:00:00-04:00,2.890000104904175,3.0899999141693115,2.8299999237060547,3.0299999713897705,3249800,0.0,0.0
2022-03-30 00:00:00-04:00,3.0299999713897705,3.069999933242798,2.75,2.7899999618530273,2184700,0.0,0.0
2022-03-31 00:00:00-04:00,2.75,2.75,2.5999999046325684,2.6700000762939453,1552800,0.0,0.0
2022-04-01 00:00:00-04:00,2.799999952316284,2.869999885559082,2.680000066757202,2.759999990463257,1195800,0.0,0.0
2022-04-04 00:00:00-04:00,2.8399999141693115,2.940000057220459,2.819999933242798,2.9100000858306885,1389300,0.0,0.0
2022-04-05 00:00:00-04:00,2.880000114440918,2.880000114440918,2.7100000381469727,2.7699999809265137,1241300,0.0,0.0
2022-04-06 00:00:00-04:00,2.690000057220459,2.7090001106262207,2.5999999046325684,2.6500000953674316,1265300,0.0,0.0
2022-04-07 00:00:00-04:00,2.6600000858306885,2.6640000343322754,2.5299999713897705,2.5899999141693115,1075500,0.0,0.0
2022-04-08 00:00:00-04:00,2.5999999046325684,2.615000009536743,2.509999990463257,2.5199999809265137,1120000,0.0,0.0
2022-04-11 00:00:00-04:00,2.4010000228881836,2.5399999618530273,2.3399999141693115,2.4800000190734863,1309200,0.0,0.0
2022-04-12 00:00:00-04:00,2.4800000190734863,2.559999942779541,2.430000066757202,2.440000057220459,1180700,0.0,0.0
2022-04-13 00:00:00-04:00,2.4200000762939453,2.5299999713897705,2.380000114440918,2.490000009536743,1026600,0.0,0.0
2022-04-14 00:00:00-04:00,2.490000009536743,2.509999990463257,2.4100000858306885,2.430000066757202,1002900,0.0,0.0
2022-04-18 00:00:00-04:00,2.359999895095825,2.369999885559082,2.2799999713897705,2.3499999046325684,1057700,0.0,0.0
2022-04-19 00:00:00-04:00,2.3399999141693115,2.440000057220459,2.299999952316284,2.380000114440918,1034400,0.0,0.0
2022-04-20 00:00:00-04:00,2.380000114440918,2.380000114440918,2.299999952316284,2.3299999237060547,1000600,0.0,0.0
2022-04-21 00:00:00-04:00,2.319999933242798,2.3450000286102295,2.049999952316284,2.059999942779541,1557900,0.0,0.0
2022-04-22 00:00:00-04:00,2.0899999141693115,2.1500000953674316,2.049999952316284,2.0850000381469727,1003400,0.0,0.0
2022-04-25 00:00:00-04:00,2.009999990463257,2.130000114440918,2.009999990463257,2.109999895095825,887600,0.0,0.0
2022-04-26 00:00:00-04:00,2.0799999237060547,2.0799999237060547,1.9850000143051147,2.009999990463257,872900,0.0,0.0
2022-04-27 00:00:00-04:00,2.0299999713897705,2.1549999713897705,2.0199999809265137,2.109999895095825,1246200,0.0,0.0
2022-04-28 00:00:00-04:00,2.109999895095825,2.121999979019165,1.975000023841858,1.9800000190734863,1253800,0.0,0.0
2022-04-29 00:00:00-04:00,2.059999942779541,2.140000104904175,1.9600000381469727,1.9700000286102295,1421600,0.0,0.0
2022-05-02 00:00:00-04:00,1.9700000286102295,2.049999952316284,1.9299999475479126,2.0299999713897705,778700,0.0,0.0
2022-05-03 00:00:00-04:00,2.009999990463257,2.009999990463257,1.940000057220459,1.9600000381469727,840200,0.0,0.0
2022-05-04 00:00:00-04:00,1.909999966621399,2.009999990463257,1.8700000047683716,2.009999990463257,773000,0.0,0.0
2022-05-05 00:00:00-04:00,1.9500000476837158,1.9700000286102295,1.8700000047683716,1.940000057220459,702100,0.0,0.0
2022-05-06 00:00:00-04:00,1.9299999475479126,1.9299999475479126,1.815000057220459,1.8700000047683716,599100,0.0,0.0
2022-05-09 00:00:00-04:00,1.75,1.7979999780654907,1.6799999475479126,1.7200000286102295,852900,0.0,0.0
2022-05-10 00:00:00-04:00,1.809999942779541,1.8300000429153442,1.7350000143051147,1.7799999713897705,774400,0.0,0.0
2022-05-11 00:00:00-04:00,1.8300000429153442,1.8300000429153442,1.6100000143051147,1.6299999952316284,1086600,0.0,0.0
2022-05-12 00:00:00-04:00,1.6200000047683716,1.7200000286102295,1.5750000476837158,1.6799999475479126,1148800,0.0,0.0
2022-05-13 00:00:00-04:00,1.7000000476837158,1.850000023841858,1.690000057220459,1.7999999523162842,913600,0.0,0.0
2022-05-16 00:00:00-04:00,1.7999999523162842,1.8289999961853027,1.7200000286102295,1.7799999713897705,641900,0.0,0.0
2022-05-17 00:00:00-04:00,1.840000033378601,1.9700000286102295,1.815000057220459,1.9600000381469727,1252400,0.0,0.0
2022-05-18 00:00:00-04:00,1.899999976158142,1.9550000429153442,1.7599999904632568,1.7899999618530273,672600,0.0,0.0
2022-05-19 00:00:00-04:00,1.7899999618530273,1.8799999952316284,1.7899999618530273,1.850000023841858,476500,0.0,0.0
2022-05-20 00:00:00-04:00,1.8799999952316284,1.899999976158142,1.75,1.8899999856948853,1199200,0.0,0.0
2022-05-23 00:00:00-04:00,1.850000023841858,1.850000023841858,1.690000057220459,1.7000000476837158,819100,0.0,0.0
2022-05-24 00:00:00-04:00,1.7100000381469727,1.7100000381469727,1.6399999856948853,1.659999966621399,274900,0.0,0.0
2022-05-25 00:00:00-04:00,1.649999976158142,1.6799999475479126,1.6080000400543213,1.6799999475479126,551900,0.0,0.0
2022-05-26 00:00:00-04:00,1.6799999475479126,1.815000057220459,1.649999976158142,1.7599999904632568,744800,0.0,0.0
2022-05-27 00:00:00-04:00,1.7200000286102295,1.840000033378601,1.7200000286102295,1.8300000429153442,405600,0.0,0.0
2022-05-31 00:00:00-04:00,1.850000023841858,1.8899999856948853,1.7699999809265137,1.7999999523162842,1055100,0.0,0.0
2022-06-01 00:00:00-04:00,1.809999942779541,1.850000023841858,1.7549999952316284,1.809999942779541,481500,0.0,0.0
2022-06-02 00:00:00-04:00,1.809999942779541,1.899999976158142,1.809999942779541,1.8799999952316284,795900,0.0,0.0
2022-06-03 00:00:00-04:00,1.8600000143051147,1.909999966621399,1.850000023841858,1.8700000047683716,305300,0.0,0.0
2022-06-06 00:00:00-04:00,1.9500000476837158,1.9780000448226929,1.8700000047683716,1.8899999856948853,587100,0.0,0.0
2022-06-07 00:00:00-04:00,1.9199999570846558,1.9600000381469727,1.8849999904632568,1.940000057220459,626700,0.0,0.0
2022-06-08 00:00:00-04:00,1.9299999475479126,2.2699999809265137,1.9299999475479126,2.190000057220459,2157300,0.0,0.0
2022-06-09 00:00:00-04:00,2.0999999046325684,2.1700000762939453,2.069999933242798,2.119999885559082,774900,0.0,0.0
2022-06-10 00:00:00-04:00,2.0999999046325684,2.1600000858306885,2.0399999618530273,2.0899999141693115,549800,0.0,0.0
2022-06-13 00:00:00-04:00,2.0,2.0199999809265137,1.8700000047683716,1.899999976158142,803700,0.0,0.0
2022-06-14 00:00:00-04:00,1.8899999856948853,2.069999933242798,1.8899999856948853,2.009999990463257,914400,0.0,0.0
2022-06-15 00:00:00-04:00,2.01200008392334,2.0899999141693115,1.9950000047683716,2.0799999237060547,716800,0.0,0.0
2022-06-16 00:00:00-04:00,2.009999990463257,2.049999952316284,1.9500000476837158,2.009999990463257,527200,0.0,0.0
2022-06-17 00:00:00-04:00,2.0199999809265137,2.0899999141693115,2.009999990463257,2.0299999713897705,429700,0.0,0.0
2022-06-21 00:00:00-04:00,2.0299999713897705,2.2850000858306885,2.0299999713897705,2.2200000286102295,1488400,0.0,0.0
2022-06-22 00:00:00-04:00,2.140000104904175,2.2200000286102295,2.140000104904175,2.180000066757202,758300,0.0,0.0
2022-06-23 00:00:00-04:00,2.200000047683716,2.2699999809265137,2.1700000762939453,2.2699999809265137,723400,0.0,0.0
2022-06-24 00:00:00-04:00,2.2899999618530273,2.380000114440918,2.2300000190734863,2.25,758600,0.0,0.0
2022-06-27 00:00:00-04:00,2.2899999618530273,2.2899999618530273,2.1600000858306885,2.25,504500,0.0,0.0
2022-06-28 00:00:00-04:00,2.2699999809265137,2.2899999618530273,2.140000104904175,2.180000066757202,515300,0.0,0.0
2022-06-29 00:00:00-04:00,2.1600000858306885,2.2100000381469727,2.0850000381469727,2.200000047683716,480600,0.0,0.0
2022-06-30 00:00:00-04:00,2.180000066757202,2.2149999141693115,2.119999885559082,2.1700000762939453,267200,0.0,0.0
2022-07-01 00:00:00-04:00,2.1500000953674316,2.174999952316284,2.0899999141693115,2.130000114440918,517300,0.0,0.0
2022-07-05 00:00:00-04:00,2.119999885559082,2.190000057220459,2.049999952316284,2.1700000762939453,423700,0.0,0.0
2022-07-06 00:00:00-04:00,2.1500000953674316,2.1700000762939453,2.125,2.1600000858306885,245300,0.0,0.0
2022-07-07 00:00:00-04:00,2.1600000858306885,2.2309999465942383,2.1500000953674316,2.2200000286102295,698000,0.0,0.0
2022-07-08 00:00:00-04:00,2.190000057220459,2.2300000190734863,2.1549999713897705,2.2100000381469727,288000,0.0,0.0
2022-07-11 00:00:00-04:00,2.180000066757202,2.180000066757202,2.049999952316284,2.069999933242798,489600,0.0,0.0
2022-07-12 00:00:00-04:00,2.049999952316284,2.0799999237060547,1.9600000381469727,2.0,567700,0.0,0.0
2022-07-13 00:00:00-04:00,1.9600000381469727,2.0450000762939453,1.9600000381469727,2.0,433700,0.0,0.0
2022-07-14 00:00:00-04:00,2.0,2.0,1.9299999475479126,1.9800000190734863,251400,0.0,0.0
2022-07-15 00:00:00-04:00,2.0,2.0,1.9199999570846558,1.9700000286102295,248400,0.0,0.0
2022-07-18 00:00:00-04:00,2.009999990463257,2.0799999237060547,1.9900000095367432,2.009999990463257,454700,0.0,0.0
2022-07-19 00:00:00-04:00,2.0,2.049999952316284,1.9700000286102295,2.0199999809265137,475200,0.0,0.0
2022-07-20 00:00:00-04:00,2.0,2.062999963760376,2.0,2.0299999713897705,457300,0.0,0.0
2022-07-21 00:00:00-04:00,2.0299999713897705,2.059999942779541,2.0,2.0199999809265137,400500,0.0,0.0
2022-07-22 00:00:00-04:00,2.0199999809265137,2.0299999713897705,1.7899999618530273,1.8600000143051147,791700,0.0,0.0
2022-07-25 00:00:00-04:00,1.8300000429153442,1.850000023841858,1.7699999809265137,1.8200000524520874,401800,0.0,0.0
2022-07-26 00:00:00-04:00,1.809999942779541,1.8200000524520874,1.75,1.7899999618530273,292700,0.0,0.0
2022-07-27 00:00:00-04:00,1.7799999713897705,1.8550000190734863,1.7799999713897705,1.850000023841858,510400,0.0,0.0
2022-07-28 00:00:00-04:00,1.8300000429153442,1.840000033378601,1.7899999618530273,1.840000033378601,180800,0.0,0.0
2022-07-29 00:00:00-04:00,1.8300000429153442,1.8600000143051147,1.7949999570846558,1.840000033378601,292700,0.0,0.0
2022-08-01 00:00:00-04:00,1.809999942779541,1.840000033378601,1.7699999809265137,1.8300000429153442,415100,0.0,0.0
2022-08-02 00:00:00-04:00,1.809999942779541,1.8799999952316284,1.7999999523162842,1.8799999952316284,356300,0.0,0.0
2022-08-03 00:00:00-04:00,1.8899999856948853,1.899999976158142,1.840000033378601,1.8799999952316284,483200,0.0,0.0
2022-08-04 00:00:00-04:00,1.8700000047683716,1.9299999475479126,1.8700000047683716,1.909999966621399,349100,0.0,0.0
2022-08-05 00:00:00-04:00,1.8899999856948853,1.9299999475479126,1.8600000143051147,1.909999966621399,360500,0.0,0.0
2022-08-08 00:00:00-04:00,1.899999976158142,1.899999976158142,1.8450000286102295,1.8899999856948853,432100,0.0,0.0
2022-08-09 00:00:00-04:00,1.8600000143051147,1.875,1.815000057220459,1.8600000143051147,221300,0.0,0.0
2022-08-10 00:00:00-04:00,1.840000033378601,1.8899999856948853,1.8200000524520874,1.8799999952316284,420800,0.0,0.0
2022-08-11 00:00:00-04:00,1.899999976158142,1.9600000381469727,1.8899999856948853,1.940000057220459,524800,0.0,0.0
2022-08-12 00:00:00-04:00,1.940000057220459,1.9600000381469727,1.909999966621399,1.940000057220459,411800,0.0,0.0
2022-08-15 00:00:00-04:00,1.899999976158142,1.9700000286102295,1.871000051498413,1.9500000476837158,388200,0.0,0.0
2022-08-16 00:00:00-04:00,1.9299999475479126,1.940000057220459,1.8600000143051147,1.899999976158142,265500,0.0,0.0
2022-08-17 00:00:00-04:00,1.909999966621399,1.909999966621399,1.850000023841858,1.8600000143051147,294400,0.0,0.0
2022-08-18 00:00:00-04:00,1.850000023841858,1.8550000190734863,1.7699999809265137,1.809999942779541,346000,0.0,0.0
2022-08-19 00:00:00-04:00,1.7999999523162842,1.7999999523162842,1.7300000190734863,1.7599999904632568,313200,0.0,0.0
2022-08-22 00:00:00-04:00,1.7400000095367432,1.7549999952316284,1.687000036239624,1.75,410500,0.0,0.0
2022-08-23 00:00:00-04:00,1.7699999809265137,1.7699999809265137,1.690000057220459,1.7200000286102295,334900,0.0,0.0
2022-08-24 00:00:00-04:00,1.7000000476837158,1.7799999713897705,1.690000057220459,1.7200000286102295,435900,0.0,0.0
2022-08-25 00:00:00-04:00,1.7699999809265137,1.815000057220459,1.7400000095367432,1.7899999618530273,417400,0.0,0.0
2022-08-26 00:00:00-04:00,1.809999942779541,1.850000023841858,1.7300000190734863,1.7599999904632568,441500,0.0,0.0
2022-08-29 00:00:00-04:00,1.7200000286102295,1.7799999713897705,1.690000057220459,1.7000000476837158,369700,0.0,0.0
2022-08-30 00:00:00-04:00,1.7000000476837158,1.7300000190734863,1.649999976158142,1.7300000190734863,285600,0.0,0.0
2022-08-31 00:00:00-04:00,1.7300000190734863,1.7599999904632568,1.7000000476837158,1.7599999904632568,287800,0.0,0.0
2022-09-01 00:00:00-04:00,1.75,1.7599999904632568,1.7000000476837158,1.7300000190734863,300200,0.0,0.0
2022-09-02 00:00:00-04:00,1.7200000286102295,1.7699999809265137,1.6699999570846558,1.7599999904632568,278800,0.0,0.0
2022-09-06 00:00:00-04:00,1.7699999809265137,1.7699999809265137,1.690000057220459,1.7300000190734863,376000,0.0,0.0
2022-09-07 00:00:00-04:00,1.7300000190734863,1.7599999904632568,1.6649999618530273,1.7400000095367432,304400,0.0,0.0
2022-09-08 00:00:00-04:00,1.7100000381469727,1.7599999904632568,1.7009999752044678,1.7400000095367432,168500,0.0,0.0
2022-09-09 00:00:00-04:00,1.7599999904632568,1.809999942779541,1.75,1.809999942779541,162200,0.0,0.0
2022-09-12 00:00:00-04:00,1.7999999523162842,1.850000023841858,1.6699999570846558,1.8300000429153442,316800,0.0,0.0
2022-09-13 00:00:00-04:00,1.75,1.8300000429153442,1.75,1.7599999904632568,196600,0.0,0.0
2022-09-14 00:00:00-04:00,1.7799999713897705,1.809999942779541,1.7699999809265137,1.809999942779541,184200,0.0,0.0
2022-09-15 00:00:00-04:00,1.809999942779541,1.8250000476837158,1.777999997138977,1.7999999523162842,188300,0.0,0.0
2022-09-16 00:00:00-04:00,1.7799999713897705,1.7999999523162842,1.7400000095367432,1.7999999523162842,177400,0.0,0.0
2022-09-19 00:00:00-04:00,1.7699999809265137,1.7910000085830688,1.75,1.7799999713897705,193100,0.0,0.0
2022-09-20 00:00:00-04:00,1.75,1.7899999618530273,1.75,1.7799999713897705,156400,0.0,0.0
2022-09-21 00:00:00-04:00,1.7999999523162842,1.7999999523162842,1.7200000286102295,1.75,172600,0.0,0.0
2022-09-22 00:00:00-04:00,1.7400000095367432,1.7450000047683716,1.6799999475479126,1.6799999475479126,168700,0.0,0.0
2022-09-23 00:00:00-04:00,1.7300000190734863,1.7300000190734863,1.625,1.6799999475479126,319200,0.0,0.0
2022-09-26 00:00:00-04:00,1.690000057220459,1.7100000381469727,1.6299999952316284,1.659999966621399,268700,0.0,0.0
2022-09-27 00:00:00-04:00,1.690000057220459,1.7000000476837158,1.6399999856948853,1.6399999856948853,227000,0.0,0.0
2022-09-28 00:00:00-04:00,1.6699999570846558,1.6699999570846558,1.6200000047683716,1.659999966621399,154600,0.0,0.0
2022-09-29 00:00:00-04:00,1.6299999952316284,1.6349999904632568,1.5049999952316284,1.5499999523162842,328800,0.0,0.0
2022-09-30 00:00:00-04:00,1.559999942779541,1.590000033378601,1.5099999904632568,1.5399999618530273,302700,0.0,0.0
2022-10-03 00:00:00-04:00,1.5299999713897705,1.5499999523162842,1.5,1.5299999713897705,299500,0.0,0.0
2022-10-04 00:00:00-04:00,1.559999942779541,1.590000033378601,1.559999942779541,1.590000033378601,277600,0.0,0.0
2022-10-05 00:00:00-04:00,1.5299999713897705,1.590000033378601,1.524999976158142,1.5499999523162842,330300,0.0,0.0
2022-10-06 00:00:00-04:00,1.5700000524520874,1.5800000429153442,1.5099999904632568,1.5399999618530273,272400,0.0,0.0
2022-10-07 00:00:00-04:00,1.5399999618530273,1.5399999618530273,1.4299999475479126,1.4299999475479126,305800,0.0,0.0
2022-10-10 00:00:00-04:00,1.440000057220459,1.440000057220459,1.2799999713897705,1.2899999618530273,373800,0.0,0.0
2022-10-11 00:00:00-04:00,1.2799999713897705,1.2949999570846558,1.2000000476837158,1.2400000095367432,291100,0.0,0.0
2022-10-12 00:00:00-04:00,1.2400000095367432,1.25,1.2100000381469727,1.2300000190734863,144400,0.0,0.0
2022-10-13 00:00:00-04:00,1.1799999475479126,1.2400000095367432,1.1299999952316284,1.2200000286102295,385800,0.0,0.0
2022-10-14 00:00:00-04:00,1.2300000190734863,1.2599999904632568,1.1200000047683716,1.1200000047683716,316300,0.0,0.0
2022-10-17 00:00:00-04:00,1.1699999570846558,1.2100000381469727,1.1399999856948853,1.2000000476837158,278700,0.0,0.0
2022-10-18 00:00:00-04:00,1.2200000286102295,1.2350000143051147,1.1699999570846558,1.2000000476837158,299100,0.0,0.0
2022-10-19 00:00:00-04:00,1.2000000476837158,1.2000000476837158,1.1399999856948853,1.159999966621399,156300,0.0,0.0
2022-10-20 00:00:00-04:00,1.1399999856948853,1.1799999475479126,1.1399999856948853,1.159999966621399,134800,0.0,0.0
2022-10-21 00:00:00-04:00,1.149999976158142,1.2000000476837158,1.1399999856948853,1.2000000476837158,164300,0.0,0.0
2022-10-24 00:00:00-04:00,1.1699999570846558,1.1699999570846558,1.0299999713897705,1.100000023841858,513600,0.0,0.0
2022-10-25 00:00:00-04:00,1.0800000429153442,1.1399999856948853,1.0800000429153442,1.1100000143051147,772700,0.0,0.0
2022-10-26 00:00:00-04:00,1.1299999952316284,1.2599999904632568,1.1200000047683716,1.1799999475479126,1063800,0.0,0.0
2022-10-27 00:00:00-04:00,1.1699999570846558,1.1699999570846558,1.0099999904632568,1.0299999713897705,836300,0.0,0.0
2022-10-28 00:00:00-04:00,1.0399999618530273,1.059999942779541,1.0,1.0399999618530273,729500,0.0,0.0
2022-10-31 00:00:00-04:00,1.0199999809265137,1.0499999523162842,0.9990000128746033,0.9990000128746033,735500,0.0,0.0
2022-11-01 00:00:00-04:00,1.0199999809265137,1.0750000476837158,1.0099999904632568,1.0099999904632568,514500,0.0,0.0
2022-11-02 00:00:00-04:00,1.0399999618530273,1.0499999523162842,0.9850000143051147,0.9850000143051147,457200,0.0,0.0
2022-11-03 00:00:00-04:00,0.9900000095367432,1.0,0.9100000262260437,0.9120000004768372,599200,0.0,0.0
2022-11-04 00:00:00-04:00,0.9279999732971191,1.0199999809265137,0.9100000262260437,0.9570000171661377,1154400,0.0,0.0
2022-11-07 00:00:00-05:00,0.9700000286102295,0.9750000238418579,0.9120000004768372,0.9200000166893005,779200,0.0,0.0
2022-11-08 00:00:00-05:00,0.9210000038146973,0.9229999780654907,0.8600000143051147,0.8600000143051147,599100,0.0,0.0
2022-11-09 00:00:00-05:00,0.8299999833106995,0.8600000143051147,0.7099999785423279,0.7120000123977661,1259900,0.0,0.0
2022-11-10 00:00:00-05:00,0.7099999785423279,0.75,0.6299999952316284,0.6470000147819519,1807500,0.0,0.0
2022-11-11 00:00:00-05:00,0.6710000038146973,0.6880000233650208,0.5950000286102295,0.628000020980835,1958900,0.0,0.0
2022-11-14 00:00:00-05:00,0.6349999904632568,0.675000011920929,0.5630000233650208,0.5789999961853027,2133400,0.0,0.0
2022-11-15 00:00:00-05:00,0.6200000047683716,0.8479999899864197,0.6029999852180481,0.7950000166893005,5526500,0.0,0.0
2022-11-16 00:00:00-05:00,0.7900000214576721,0.7950000166893005,0.7049999833106995,0.7350000143051147,792400,0.0,0.0
2022-11-17 00:00:00-05:00,0.7400000095367432,0.7699999809265137,0.7009999752044678,0.75,602800,0.0,0.0
2022-11-18 00:00:00-05:00,0.7419999837875366,0.7450000047683716,0.6700000166893005,0.6809999942779541,596400,0.0,0.0
2022-11-21 00:00:00-05:00,0.6629999876022339,0.6899999976158142,0.6230000257492065,0.6499999761581421,621000,0.0,0.0
2022-11-22 00:00:00-05:00,0.6579999923706055,0.7099999785423279,0.6399999856948853,0.6729999780654907,237300,0.0,0.0
2022-11-23 00:00:00-05:00,0.6800000071525574,0.7039999961853027,0.6800000071525574,0.6970000267028809,205900,0.0,0.0
2022-11-25 00:00:00-05:00,0.6809999942779541,0.6809999942779541,0.6600000262260437,0.6700000166893005,130600,0.0,0.0
2022-11-28 00:00:00-05:00,0.6600000262260437,0.7200000286102295,0.6520000100135803,0.6880000233650208,206600,0.0,0.0
2022-11-29 00:00:00-05:00,0.6899999976158142,0.75,0.6899999976158142,0.7300000190734863,329900,0.0,0.0
2022-11-30 00:00:00-05:00,0.7540000081062317,0.800000011920929,0.7049999833106995,0.7599999904632568,1129100,0.0,0.0
2022-12-01 00:00:00-05:00,0.7599999904632568,0.7799999713897705,0.7200000286102295,0.7670000195503235,384000,0.0,0.0
2022-12-02 00:00:00-05:00,0.7799999713897705,0.8600000143051147,0.7350000143051147,0.8560000061988831,619700,0.0,0.0
2022-12-05 00:00:00-05:00,0.8899999856948853,0.9900000095367432,0.8700000047683716,0.8899999856948853,1433000,0.0,0.0
2022-12-06 00:00:00-05:00,0.8600000143051147,0.8799999952316284,0.824999988079071,0.8700000047683716,570000,0.0,0.0
2022-12-07 00:00:00-05:00,0.8100000023841858,0.8999999761581421,0.8069999814033508,0.8389999866485596,435000,0.0,0.0
2022-12-08 00:00:00-05:00,0.8740000128746033,0.9300000071525574,0.8299999833106995,0.925000011920929,431400,0.0,0.0
2022-12-09 00:00:00-05:00,0.9070000052452087,0.9599999785423279,0.902999997138977,0.9470000267028809,434300,0.0,0.0
2022-12-12 00:00:00-05:00,0.9399999976158142,1.149999976158142,0.9399999976158142,1.0299999713897705,1656000,0.0,0.0
2022-12-13 00:00:00-05:00,1.2699999809265137,1.3899999856948853,1.0399999618530273,1.0700000524520874,8086300,0.0,0.0
2022-12-14 00:00:00-05:00,1.059999942779541,1.1399999856948853,0.9300000071525574,0.9700000286102295,1169700,0.0,0.0
2022-12-15 00:00:00-05:00,0.9700000286102295,1.0,0.9399999976158142,0.9480000138282776,533100,0.0,0.0
2022-12-16 00:00:00-05:00,0.9399999976158142,0.949999988079071,0.8500000238418579,0.8700000047683716,546500,0.0,0.0
2022-12-19 00:00:00-05:00,0.8519999980926514,0.9079999923706055,0.8500000238418579,0.8560000061988831,193500,0.0,0.0
2022-12-20 00:00:00-05:00,0.8500000238418579,0.8579999804496765,0.8009999990463257,0.8289999961853027,477000,0.0,0.0
2022-12-21 00:00:00-05:00,0.8029999732971191,0.878000020980835,0.7820000052452087,0.8579999804496765,353700,0.0,0.0
2022-12-22 00:00:00-05:00,0.9100000262260437,0.9300000071525574,0.8349999785423279,0.8479999899864197,307700,0.0,0.0
2022-12-23 00:00:00-05:00,0.8299999833106995,0.8500000238418579,0.7820000052452087,0.7900000214576721,404600,0.0,0.0
2022-12-27 00:00:00-05:00,0.7829999923706055,0.8050000071525574,0.6869999766349792,0.7080000042915344,943500,0.0,0.0
2022-12-28 00:00:00-05:00,0.7080000042915344,0.7089999914169312,0.6520000100135803,0.6549999713897705,391200,0.0,0.0
2022-12-29 00:00:00-05:00,0.652999997138977,0.7239999771118164,0.652999997138977,0.699999988079071,364000,0.0,0.0
2022-12-30 00:00:00-05:00,0.6899999976158142,0.7440000176429749,0.6800000071525574,0.7400000095367432,241600,0.0,0.0
2023-01-03 00:00:00-05:00,0.7300000190734863,0.7799999713897705,0.7200000286102295,0.746999979019165,255500,0.0,0.0
2023-01-04 00:00:00-05:00,0.7699999809265137,0.8899999856948853,0.75,0.859000027179718,502800,0.0,0.0
2023-01-05 00:00:00-05:00,0.8700000047683716,0.8799999952316284,0.7919999957084656,0.800000011920929,1272900,0.0,0.0
2023-01-06 00:00:00-05:00,0.8299999833106995,0.8820000290870667,0.777999997138977,0.8600000143051147,1229700,0.0,0.0
2023-01-09 00:00:00-05:00,0.949999988079071,0.949999988079071,0.8899999856948853,0.9399999976158142,1086600,0.0,0.0
2023-01-10 00:00:00-05:00,0.949999988079071,0.9980000257492065,0.8799999952316284,0.9789999723434448,1135500,0.0,0.0
2023-01-11 00:00:00-05:00,0.9900000095367432,1.1399999856948853,0.9700000286102295,1.090000033378601,1019400,0.0,0.0
2023-01-12 00:00:00-05:00,1.0700000524520874,1.0700000524520874,0.9900000095367432,1.059999942779541,1063700,0.0,0.0
2023-01-13 00:00:00-05:00,1.0199999809265137,1.3300000429153442,1.0199999809265137,1.3300000429153442,2144000,0.0,0.0
2023-01-17 00:00:00-05:00,1.2799999713897705,1.319000005722046,1.1799999475479126,1.2799999713897705,1407000,0.0,0.0
2023-01-18 00:00:00-05:00,1.2699999809265137,1.309999942779541,1.2000000476837158,1.225000023841858,683300,0.0,0.0
2023-01-19 00:00:00-05:00,1.2000000476837158,1.2000000476837158,1.1100000143051147,1.159999966621399,745000,0.0,0.0
2023-01-20 00:00:00-05:00,1.159999966621399,1.350000023841858,1.159999966621399,1.309999942779541,1194900,0.0,0.0
2023-01-23 00:00:00-05:00,1.3300000429153442,1.409999966621399,1.2899999618530273,1.3899999856948853,928300,0.0,0.0
2023-01-24 00:00:00-05:00,1.409999966621399,1.4500000476837158,1.3200000524520874,1.3799999952316284,540500,0.0,0.0
2023-01-25 00:00:00-05:00,1.350000023841858,1.4500000476837158,1.309999942779541,1.440000057220459,843300,0.0,0.0
2023-01-26 00:00:00-05:00,1.5099999904632568,1.5399999618530273,1.3600000143051147,1.3799999952316284,1505900,0.0,0.0
2023-01-27 00:00:00-05:00,1.4600000381469727,1.590000033378601,1.3899999856948853,1.5299999713897705,1572900,0.0,0.0
2023-01-30 00:00:00-05:00,1.5,1.5099999904632568,1.309999942779541,1.340000033378601,1251600,0.0,0.0
2023-01-31 00:00:00-05:00,1.4299999475479126,1.440000057220459,1.2799999713897705,1.440000057220459,2732700,0.0,0.0
2023-02-01 00:00:00-05:00,1.4700000286102295,1.7699999809265137,1.4600000381469727,1.7200000286102295,2816100,0.0,0.0
2023-02-02 00:00:00-05:00,1.7000000476837158,1.850000023841858,1.6200000047683716,1.6799999475479126,1737800,0.0,0.0
2023-02-03 00:00:00-05:00,1.600000023841858,1.840000033378601,1.600000023841858,1.6399999856948853,1745700,0.0,0.0
2023-02-06 00:00:00-05:00,1.690000057220459,1.690000057220459,1.5299999713897705,1.590000033378601,1169400,0.0,0.0
2023-02-07 00:00:00-05:00,1.590000033378601,1.649999976158142,1.4800000190734863,1.559999942779541,630900,0.0,0.0
2023-02-08 00:00:00-05:00,1.5199999809265137,1.6100000143051147,1.3899999856948853,1.399999976158142,1328700,0.0,0.0
2023-02-09 00:00:00-05:00,1.5399999618530273,1.5399999618530273,1.399999976158142,1.440000057220459,2792900,0.0,0.0
2023-02-10 00:00:00-05:00,1.399999976158142,1.399999976158142,1.284999966621399,1.340000033378601,1391300,0.0,0.0
2023-02-13 00:00:00-05:00,1.350000023841858,1.3700000047683716,1.2300000190734863,1.2899999618530273,873100,0.0,0.0
2023-02-14 00:00:00-05:00,1.2799999713897705,1.3600000143051147,1.2300000190734863,1.3600000143051147,697500,0.0,0.0
2023-02-15 00:00:00-05:00,1.2899999618530273,1.399999976158142,1.2799999713897705,1.3799999952316284,719900,0.0,0.0
2023-02-16 00:00:00-05:00,1.340000033378601,1.3799999952316284,1.2699999809265137,1.2799999713897705,598200,0.0,0.0
2023-02-17 00:00:00-05:00,1.2400000095367432,1.2699999809265137,1.190000057220459,1.2599999904632568,367700,0.0,0.0
2023-02-21 00:00:00-05:00,1.2300000190734863,1.2799999713897705,1.2000000476837158,1.2100000381469727,171900,0.0,0.0
2023-02-22 00:00:00-05:00,1.2200000286102295,1.2300000190734863,1.1299999952316284,1.1699999570846558,386000,0.0,0.0
2023-02-23 00:00:00-05:00,1.190000057220459,1.1979999542236328,1.1100000143051147,1.1699999570846558,275500,0.0,0.0
2023-02-24 00:00:00-05:00,1.1200000047683716,1.125,1.0800000429153442,1.100000023841858,357100,0.0,0.0
2023-02-27 00:00:00-05:00,1.1100000143051147,1.1200000047683716,1.0609999895095825,1.0800000429153442,188800,0.0,0.0
2023-02-28 00:00:00-05:00,1.1100000143051147,1.2389999628067017,1.0880000591278076,1.190000057220459,387700,0.0,0.0
2023-03-01 00:00:00-05:00,1.2100000381469727,1.25,1.1399999856948853,1.149999976158142,296900,0.0,0.0
2023-03-02 00:00:00-05:00,1.190000057220459,1.190000057220459,1.1100000143051147,1.1799999475479126,238100,0.0,0.0
2023-03-03 00:00:00-05:00,1.1699999570846558,1.2799999713897705,1.1699999570846558,1.2400000095367432,341400,0.0,0.0
2023-03-06 00:00:00-05:00,1.2699999809265137,1.277999997138977,1.2100000381469727,1.25,275800,0.0,0.0
2023-03-07 00:00:00-05:00,1.2200000286102295,1.25,1.1610000133514404,1.1699999570846558,189400,0.0,0.0
2023-03-08 00:00:00-05:00,1.1799999475479126,1.1799999475479126,1.1100000143051147,1.149999976158142,147100,0.0,0.0
2023-03-09 00:00:00-05:00,1.1200000047683716,1.156999945640564,1.0509999990463257,1.0700000524520874,255800,0.0,0.0
2023-03-10 00:00:00-05:00,1.0499999523162842,1.059999942779541,0.9700000286102295,1.0,431900,0.0,0.0
2023-03-13 00:00:00-04:00,0.9800000190734863,1.0299999713897705,0.9599999785423279,0.9800000190734863,229400,0.0,0.0
2023-03-14 00:00:00-04:00,0.9800000190734863,1.0499999523162842,0.9800000190734863,1.0099999904632568,132400,0.0,0.0
2023-03-15 00:00:00-04:00,1.0,1.0199999809265137,0.949999988079071,0.9800000190734863,380400,0.0,0.0
2023-03-16 00:00:00-04:00,0.9800000190734863,1.0299999713897705,0.949999988079071,1.0099999904632568,179500,0.0,0.0
2023-03-17 00:00:00-04:00,1.0499999523162842,1.0499999523162842,0.9800000190734863,0.9900000095367432,182600,0.0,0.0
2023-03-20 00:00:00-04:00,1.059999942779541,1.2200000286102295,1.0099999904632568,1.2200000286102295,882300,0.0,0.0
2023-03-21 00:00:00-04:00,1.25,1.25,1.1299999952316284,1.2300000190734863,945600,0.0,0.0
2023-03-22 00:00:00-04:00,1.2699999809265137,1.2699999809265137,1.1399999856948853,1.149999976158142,548600,0.0,0.0
2023-03-23 00:00:00-04:00,1.159999966621399,1.2599999904632568,1.159999966621399,1.2200000286102295,521900,0.0,0.0
2023-03-24 00:00:00-04:00,1.2699999809265137,1.2699999809265137,1.2000000476837158,1.2300000190734863,479200,0.0,0.0
2023-03-27 00:00:00-04:00,1.2100000381469727,1.2899999618530273,1.2000000476837158,1.2799999713897705,503800,0.0,0.0
2023-03-28 00:00:00-04:00,1.2400000095367432,1.2699999809265137,1.149999976158142,1.149999976158142,458800,0.0,0.0
2023-03-29 00:00:00-04:00,1.1699999570846558,1.2000000476837158,1.159999966621399,1.1979999542236328,438000,0.0,0.0
2023-03-30 00:00:00-04:00,1.1699999570846558,1.2300000190734863,1.1299999952316284,1.1399999856948853,447800,0.0,0.0
2023-03-31 00:00:00-04:00,1.1399999856948853,1.1399999856948853,1.065000057220459,1.0800000429153442,646900,0.0,0.0
2023-04-03 00:00:00-04:00,1.090000033378601,1.159000039100647,1.059999942779541,1.13100004196167,448400,0.0,0.0
2023-04-04 00:00:00-04:00,1.1299999952316284,1.1299999952316284,1.059999942779541,1.059999942779541,346600,0.0,0.0
2023-04-05 00:00:00-04:00,1.0700000524520874,1.0729999542236328,1.0,1.0700000524520874,266800,0.0,0.0
2023-04-06 00:00:00-04:00,1.059999942779541,1.100000023841858,1.0299999713897705,1.100000023841858,164800,0.0,0.0
2023-04-10 00:00:00-04:00,1.090000033378601,1.1699999570846558,1.034999966621399,1.149999976158142,194000,0.0,0.0
2023-04-11 00:00:00-04:00,1.1799999475479126,1.1799999475479126,1.1399999856948853,1.1799999475479126,496800,0.0,0.0
2023-04-12 00:00:00-04:00,1.1699999570846558,1.2000000476837158,1.090000033378601,1.100000023841858,363100,0.0,0.0
2023-04-13 00:00:00-04:00,1.149999976158142,1.159999966621399,1.1180000305175781,1.1299999952316284,275900,0.0,0.0
2023-04-14 00:00:00-04:00,1.090000033378601,1.149999976158142,1.059999942779541,1.0700000524520874,91600,0.0,0.0
2023-04-17 00:00:00-04:00,1.059999942779541,1.149999976158142,1.059999942779541,1.1100000143051147,496300,0.0,0.0
2023-04-18 00:00:00-04:00,1.1100000143051147,1.1100000143051147,1.0800000429153442,1.0800000429153442,105000,0.0,0.0
2023-04-19 00:00:00-04:00,1.0800000429153442,1.1150000095367432,1.0800000429153442,1.100000023841858,108500,0.0,0.0
2023-04-20 00:00:00-04:00,1.0800000429153442,1.090000033378601,1.0399999618530273,1.0499999523162842,109300,0.0,0.0
2023-04-21 00:00:00-04:00,1.0399999618530273,1.0700000524520874,1.0099999904632568,1.0099999904632568,105600,0.0,0.0
2023-04-24 00:00:00-04:00,1.0299999713897705,1.0299999713897705,0.9599999785423279,0.9710000157356262,256600,0.0,0.0
2023-04-25 00:00:00-04:00,0.9610000252723694,1.0,0.8700000047683716,0.871999979019165,339500,0.0,0.0
2023-04-26 00:00:00-04:00,0.8889999985694885,0.9039999842643738,0.8100000023841858,0.8169999718666077,334600,0.0,0.0
2023-04-27 00:00:00-04:00,0.8100000023841858,0.8799999952316284,0.8100000023841858,0.8640000224113464,121900,0.0,0.0
2023-04-28 00:00:00-04:00,0.8600000143051147,0.9200000166893005,0.8399999737739563,0.902999997138977,165800,0.0,0.0
2023-05-01 00:00:00-04:00,0.902999997138977,1.059999942779541,0.8700000047683716,0.9900000095367432,1160200,0.0,0.0
2023-05-02 00:00:00-04:00,1.0700000524520874,1.190000057220459,0.800000011920929,0.828000009059906,1442900,0.0,0.0
2023-05-03 00:00:00-04:00,0.8600000143051147,0.9200000166893005,0.8510000109672546,0.8899999856948853,359600,0.0,0.0
2023-05-04 00:00:00-04:00,0.8899999856948853,0.9800000190734863,0.8600000143051147,0.9800000190734863,307700,0.0,0.0
2023-05-05 00:00:00-04:00,0.949999988079071,1.0800000429153442,0.9399999976158142,1.0399999618530273,411700,0.0,0.0
2023-05-08 00:00:00-04:00,0.9819999933242798,1.0499999523162842,0.9700000286102295,1.0399999618530273,519200,0.0,0.0
2023-05-09 00:00:00-04:00,1.0099999904632568,1.0499999523162842,0.9610000252723694,1.0449999570846558,482400,0.0,0.0
2023-05-10 00:00:00-04:00,1.0499999523162842,1.059999942779541,1.0,1.0499999523162842,451500,0.0,0.0
2023-05-11 00:00:00-04:00,1.0099999904632568,1.0119999647140503,0.9599999785423279,0.9620000123977661,354200,0.0,0.0
2023-05-12 00:00:00-04:00,0.9319999814033508,0.9620000123977661,0.9100000262260437,0.9319999814033508,299000,0.0,0.0
2023-05-15 00:00:00-04:00,0.9300000071525574,0.9309999942779541,0.8650000095367432,0.8790000081062317,603100,0.0,0.0
2023-05-16 00:00:00-04:00,0.8899999856948853,0.949999988079071,0.8149999976158142,0.8799999952316284,697900,0.0,0.0
2023-05-17 00:00:00-04:00,0.8799999952316284,0.9169999957084656,0.8500000238418579,0.9129999876022339,157000,0.0,0.0
2023-05-18 00:00:00-04:00,0.8899999856948853,0.925000011920929,0.8830000162124634,0.890999972820282,110400,0.0,0.0
2023-05-19 00:00:00-04:00,0.9160000085830688,0.949999988079071,0.9150000214576721,0.9399999976158142,416300,0.0,0.0
2023-05-22 00:00:00-04:00,0.9200000166893005,1.0,0.9010000228881836,0.9800000190734863,184100,0.0,0.0
2023-05-23 00:00:00-04:00,0.9599999785423279,0.9900000095367432,0.9520000219345093,0.9520000219345093,132300,0.0,0.0
2023-05-24 00:00:00-04:00,0.9300000071525574,0.9599999785423279,0.8999999761581421,0.9160000085830688,150400,0.0,0.0
2023-05-25 00:00:00-04:00,0.8700000047683716,0.9100000262260437,0.8610000014305115,0.8870000243186951,208600,0.0,0.0
2023-05-26 00:00:00-04:00,0.8899999856948853,0.9399999976158142,0.8899999856948853,0.9049999713897705,179900,0.0,0.0
2023-05-30 00:00:00-04:00,0.9049999713897705,0.949999988079071,0.8799999952316284,0.9179999828338623,312200,0.0,0.0
2023-05-31 00:00:00-04:00,0.8899999856948853,0.9300000071525574,0.8899999856948853,0.9200000166893005,136900,0.0,0.0
2023-06-01 00:00:00-04:00,0.9100000262260437,1.0499999523162842,0.902999997138977,1.0199999809265137,484000,0.0,0.0
2023-06-02 00:00:00-04:00,1.0499999523162842,1.0499999523162842,0.9599999785423279,1.0,416600,0.0,0.0
2023-06-05 00:00:00-04:00,0.9710000157356262,1.0800000429153442,0.9710000157356262,0.9900000095367432,850900,0.0,0.0
2023-06-06 00:00:00-04:00,1.0099999904632568,1.1100000143051147,1.0099999904632568,1.0800000429153442,909000,0.0,0.0
2023-06-07 00:00:00-04:00,1.1200000047683716,1.1299999952316284,1.0,1.0,743000,0.0,0.0
2023-06-08 00:00:00-04:00,1.059999942779541,1.2000000476837158,1.0199999809265137,1.1799999475479126,1153700,0.0,0.0
2023-06-09 00:00:00-04:00,1.2000000476837158,1.2000000476837158,1.100000023841858,1.1200000047683716,606800,0.0,0.0
2023-06-12 00:00:00-04:00,1.1100000143051147,1.2000000476837158,1.100000023841858,1.1100000143051147,594600,0.0,0.0
2023-06-13 00:00:00-04:00,1.149999976158142,1.149999976158142,1.0399999618530273,1.0700000524520874,569300,0.0,0.0
2023-06-14 00:00:00-04:00,1.090000033378601,1.1200000047683716,1.0199999809265137,1.0399999618530273,628700,0.0,0.0
2023-06-15 00:00:00-04:00,1.059999942779541,1.1200000047683716,1.0299999713897705,1.090000033378601,729000,0.0,0.0
2023-06-16 00:00:00-04:00,1.059999942779541,1.1100000143051147,1.0099999904632568,1.0099999904632568,570600,0.0,0.0
2023-06-20 00:00:00-04:00,1.0099999904632568,1.059999942779541,0.9599999785423279,1.0499999523162842,526900,0.0,0.0
2023-06-21 00:00:00-04:00,1.0199999809265137,1.0700000524520874,0.9900000095367432,1.0700000524520874,431800,0.0,0.0
2023-06-22 00:00:00-04:00,1.0399999618530273,1.1399999856948853,1.0299999713897705,1.1299999952316284,596000,0.0,0.0
2023-06-23 00:00:00-04:00,1.1299999952316284,1.1390000581741333,1.0700000524520874,1.1299999952316284,549000,0.0,0.0
2023-06-26 00:00:00-04:00,1.100000023841858,1.1200000047683716,1.0499999523162842,1.0499999523162842,309800,0.0,0.0
2023-06-27 00:00:00-04:00,1.0700000524520874,1.090000033378601,1.0199999809265137,1.0299999713897705,289200,0.0,0.0
2023-06-28 00:00:00-04:00,1.059999942779541,1.090000033378601,1.0240000486373901,1.090000033378601,374900,0.0,0.0
2023-06-29 00:00:00-04:00,1.059999942779541,1.0800000429153442,1.0199999809265137,1.0199999809265137,387100,0.0,0.0
2023-06-30 00:00:00-04:00,1.0499999523162842,1.100000023841858,1.0299999713897705,1.100000023841858,486800,0.0,0.0
2023-07-03 00:00:00-04:00,1.059999942779541,1.1100000143051147,1.059999942779541,1.090000033378601,244600,0.0,0.0
2023-07-05 00:00:00-04:00,1.0700000524520874,1.2000000476837158,1.0700000524520874,1.1799999475479126,732500,0.0,0.0
2023-07-06 00:00:00-04:00,1.159999966621399,1.1699999570846558,1.0700000524520874,1.100000023841858,454300,0.0,0.0
2023-07-07 00:00:00-04:00,1.1299999952316284,1.25,1.100000023841858,1.149999976158142,555000,0.0,0.0
2023-07-10 00:00:00-04:00,1.190000057220459,1.190000057220459,1.1299999952316284,1.159999966621399,383300,0.0,0.0
2023-07-11 00:00:00-04:00,1.159999966621399,1.1799999475479126,1.100000023841858,1.1100000143051147,585300,0.0,0.0
2023-07-12 00:00:00-04:00,1.1399999856948853,1.1799999475479126,1.1100000143051147,1.1699999570846558,453400,0.0,0.0
2023-07-13 00:00:00-04:00,1.159999966621399,1.2000000476837158,1.1399999856948853,1.1699999570846558,653200,0.0,0.0
2023-07-14 00:00:00-04:00,1.1799999475479126,1.1799999475479126,1.0499999523162842,1.0700000524520874,604400,0.0,0.0
2023-07-17 00:00:00-04:00,1.090000033378601,1.090000033378601,1.0499999523162842,1.059999942779541,312700,0.0,0.0
2023-07-18 00:00:00-04:00,1.0700000524520874,1.0800000429153442,1.0399999618530273,1.0499999523162842,398600,0.0,0.0
2023-07-19 00:00:00-04:00,1.090000033378601,1.1399999856948853,1.0700000524520874,1.1399999856948853,384400,0.0,0.0
2023-07-20 00:00:00-04:00,1.1299999952316284,1.1299999952316284,1.0700000524520874,1.0700000524520874,291200,0.0,0.0
2023-07-21 00:00:00-04:00,1.090000033378601,1.090999960899353,1.0499999523162842,1.0700000524520874,281000,0.0,0.0
2023-07-24 00:00:00-04:00,1.0700000524520874,1.1299999952316284,1.0399999618530273,1.1100000143051147,383300,0.0,0.0
2023-07-25 00:00:00-04:00,1.1100000143051147,1.1100000143051147,1.059999942779541,1.0700000524520874,262900,0.0,0.0
2023-07-26 00:00:00-04:00,1.059999942779541,1.100000023841858,1.059999942779541,1.090000033378601,236300,0.0,0.0
2023-07-27 00:00:00-04:00,1.090000033378601,1.100000023841858,1.0199999809265137,1.0199999809265137,308400,0.0,0.0
2023-07-28 00:00:00-04:00,1.0299999713897705,1.100000023841858,1.0299999713897705,1.0700000524520874,222600,0.0,0.0
2023-07-31 00:00:00-04:00,1.100000023841858,1.1699999570846558,1.0700000524520874,1.1699999570846558,799600,0.0,0.0
2023-08-01 00:00:00-04:00,1.159999966621399,1.159999966621399,1.1200000047683716,1.1399999856948853,401700,0.0,0.0
2023-08-02 00:00:00-04:00,1.1200000047683716,1.1299999952316284,1.0499999523162842,1.059999942779541,467600,0.0,0.0
2023-08-03 00:00:00-04:00,1.0800000429153442,1.0800000429153442,1.0299999713897705,1.059999942779541,347800,0.0,0.0
2023-08-04 00:00:00-04:00,1.0700000524520874,1.090000033378601,1.0299999713897705,1.059999942779541,341400,0.0,0.0
2023-08-07 00:00:00-04:00,1.090000033378601,1.090000033378601,1.0099999904632568,1.0299999713897705,365000,0.0,0.0
2023-08-08 00:00:00-04:00,1.0299999713897705,1.0299999713897705,0.9300000071525574,0.953000009059906,574000,0.0,0.0
2023-08-09 00:00:00-04:00,0.9399999976158142,0.9800000190734863,0.8899999856948853,0.9120000004768372,350400,0.0,0.0
2023-08-10 00:00:00-04:00,0.9150000214576721,0.9309999942779541,0.8899999856948853,0.8999999761581421,123500,0.0,0.0
2023-08-11 00:00:00-04:00,0.8899999856948853,0.9049999713897705,0.8600000143051147,0.8700000047683716,272300,0.0,0.0
2023-08-14 00:00:00-04:00,0.8600000143051147,0.8999999761581421,0.8600000143051147,0.8799999952316284,81500,0.0,0.0
2023-08-15 00:00:00-04:00,0.8999999761581421,0.9340000152587891,0.8399999737739563,0.8399999737739563,175300,0.0,0.0
2023-08-16 00:00:00-04:00,0.8999999761581421,0.9070000052452087,0.8500000238418579,0.8550000190734863,230200,0.0,0.0
2023-08-17 00:00:00-04:00,0.8450000286102295,0.8600000143051147,0.8299999833106995,0.8500000238418579,144700,0.0,0.0
2023-08-18 00:00:00-04:00,0.8360000252723694,0.8399999737739563,0.8100000023841858,0.824999988079071,198300,0.0,0.0
2023-08-21 00:00:00-04:00,0.8299999833106995,0.8500000238418579,0.8009999990463257,0.8289999961853027,154000,0.0,0.0
2023-08-22 00:00:00-04:00,0.8289999961853027,0.8289999961853027,0.7799999713897705,0.7950000166893005,187000,0.0,0.0
2023-08-23 00:00:00-04:00,0.7900000214576721,0.8600000143051147,0.7599999904632568,0.859000027179718,211200,0.0,0.0
2023-08-24 00:00:00-04:00,0.875,0.8799999952316284,0.8009999990463257,0.8299999833106995,149900,0.0,0.0
2023-08-25 00:00:00-04:00,0.8180000185966492,0.8500000238418579,0.7900000214576721,0.8399999737739563,126300,0.0,0.0
2023-08-28 00:00:00-04:00,0.8399999737739563,0.8500000238418579,0.8100000023841858,0.8399999737739563,110100,0.0,0.0
2023-08-29 00:00:00-04:00,0.843999981880188,0.8880000114440918,0.8199999928474426,0.8600000143051147,167800,0.0,0.0
2023-08-30 00:00:00-04:00,0.8550000190734863,0.8999999761581421,0.8550000190734863,0.8999999761581421,150400,0.0,0.0
2023-08-31 00:00:00-04:00,0.8999999761581421,0.9200000166893005,0.8410000205039978,0.9100000262260437,178600,0.0,0.0
2023-09-01 00:00:00-04:00,0.9100000262260437,0.9100000262260437,0.8410000205039978,0.8500000238418579,128400,0.0,0.0
2023-09-05 00:00:00-04:00,0.8650000095367432,0.8740000128746033,0.8100000023841858,0.8209999799728394,111600,0.0,0.0
2023-09-06 00:00:00-04:00,0.8399999737739563,0.8399999737739563,0.800000011920929,0.800000011920929,156200,0.0,0.0
2023-09-07 00:00:00-04:00,0.800000011920929,0.8259999752044678,0.7210000157356262,0.7760000228881836,298500,0.0,0.0
2023-09-08 00:00:00-04:00,0.8119999766349792,0.8299999833106995,0.7599999904632568,0.7699999809265137,92000,0.0,0.0
2023-09-11 00:00:00-04:00,0.7599999904632568,0.7960000038146973,0.75,0.7860000133514404,149500,0.0,0.0
2023-09-12 00:00:00-04:00,0.7559999823570251,0.8199999928474426,0.7559999823570251,0.7699999809265137,121400,0.0,0.0
2023-09-13 00:00:00-04:00,0.8399999737739563,0.8399999737739563,0.7300000190734863,0.7300000190734863,208300,0.0,0.0
2023-09-14 00:00:00-04:00,0.7799999713897705,0.7799999713897705,0.7009999752044678,0.7099999785423279,182500,0.0,0.0
2023-09-15 00:00:00-04:00,0.7300000190734863,0.7599999904632568,0.7009999752044678,0.7300000190734863,241300,0.0,0.0
2023-09-18 00:00:00-04:00,0.7400000095367432,0.7699999809265137,0.699999988079071,0.7699999809265137,180400,0.0,0.0
2023-09-19 00:00:00-04:00,0.7699999809265137,0.7799999713897705,0.7200000286102295,0.7409999966621399,145700,0.0,0.0
2023-09-20 00:00:00-04:00,0.7699999809265137,0.800000011920929,0.75,0.7950000166893005,199600,0.0,0.0
2023-09-21 00:00:00-04:00,0.7599999904632568,0.7789999842643738,0.7160000205039978,0.7450000047683716,146000,0.0,0.0
2023-09-22 00:00:00-04:00,0.7820000052452087,0.8989999890327454,0.7699999809265137,0.800000011920929,969200,0.0,0.0
2023-09-25 00:00:00-04:00,0.7799999713897705,0.7799999713897705,0.7300000190734863,0.75,293000,0.0,0.0
2023-09-26 00:00:00-04:00,0.7599999904632568,0.7799999713897705,0.699999988079071,0.7179999947547913,293900,0.0,0.0
2023-09-27 00:00:00-04:00,0.699999988079071,0.75,0.699999988079071,0.7390000224113464,174900,0.0,0.0
2023-09-28 00:00:00-04:00,0.7770000100135803,0.7770000100135803,0.699999988079071,0.718999981880188,147000,0.0,0.0
2023-09-29 00:00:00-04:00,0.7099999785423279,0.7490000128746033,0.7099999785423279,0.7200000286102295,97100,0.0,0.0
2023-10-02 00:00:00-04:00,0.7009999752044678,0.7129999995231628,0.6809999942779541,0.699999988079071,72500,0.0,0.0
2023-10-03 00:00:00-04:00,0.6800000071525574,0.6899999976158142,0.6499999761581421,0.6610000133514404,167200,0.0,0.0
2023-10-04 00:00:00-04:00,0.6520000100135803,0.6700000166893005,0.6320000290870667,0.6499999761581421,240200,0.0,0.0
2023-10-05 00:00:00-04:00,0.625,0.6869999766349792,0.625,0.6700000166893005,48700,0.0,0.0
2023-10-06 00:00:00-04:00,0.6949999928474426,0.7300000190734863,0.6549999713897705,0.7099999785423279,103800,0.0,0.0
2023-10-09 00:00:00-04:00,0.699999988079071,0.7200000286102295,0.6549999713897705,0.6830000281333923,120300,0.0,0.0
2023-10-10 00:00:00-04:00,0.6800000071525574,0.7170000076293945,0.6800000071525574,0.699999988079071,76500,0.0,0.0
2023-10-11 00:00:00-04:00,0.7170000076293945,0.718999981880188,0.6570000052452087,0.6930000185966492,100000,0.0,0.0
2023-10-12 00:00:00-04:00,0.6990000009536743,0.6990000009536743,0.6309999823570251,0.6700000166893005,219900,0.0,0.0
2023-10-13 00:00:00-04:00,0.6200000047683716,0.6899999976158142,0.6200000047683716,0.6800000071525574,199400,0.0,0.0
2023-10-16 00:00:00-04:00,0.6800000071525574,0.75,0.6800000071525574,0.7480000257492065,277400,0.0,0.0
2023-10-17 00:00:00-04:00,0.7300000190734863,0.7699999809265137,0.7300000190734863,0.7699999809265137,55300,0.0,0.0
2023-10-18 00:00:00-04:00,0.7699999809265137,0.7699999809265137,0.699999988079071,0.7080000042915344,70700,0.0,0.0
2023-10-19 00:00:00-04:00,0.7080000042915344,0.7099999785423279,0.6549999713897705,0.6600000262260437,105100,0.0,0.0
2023-10-20 00:00:00-04:00,0.6850000023841858,0.7099999785423279,0.6129999756813049,0.6150000095367432,157700,0.0,0.0
2023-10-23 00:00:00-04:00,0.6100000143051147,0.6499999761581421,0.6050000190734863,0.6399999856948853,78200,0.0,0.0
2023-10-24 00:00:00-04:00,0.6200000047683716,0.6869999766349792,0.6200000047683716,0.6850000023841858,55600,0.0,0.0
2023-10-25 00:00:00-04:00,0.6800000071525574,0.6800000071525574,0.640999972820282,0.6690000295639038,91500,0.0,0.0
2023-10-26 00:00:00-04:00,0.6539999842643738,0.6899999976158142,0.625,0.6309999823570251,96800,0.0,0.0
2023-10-27 00:00:00-04:00,0.6600000262260437,0.6600000262260437,0.6000000238418579,0.6010000109672546,122400,0.0,0.0
2023-10-30 00:00:00-04:00,0.6010000109672546,0.6299999952316284,0.5910000205039978,0.6079999804496765,91100,0.0,0.0
2023-10-31 00:00:00-04:00,0.6029999852180481,0.6200000047683716,0.5899999737739563,0.6150000095367432,104600,0.0,0.0
2023-11-01 00:00:00-04:00,0.625,0.625,0.5809999704360962,0.6000000238418579,76400,0.0,0.0
2023-11-02 00:00:00-04:00,0.6000000238418579,0.6299999952316284,0.5799999833106995,0.6000000238418579,148500,0.0,0.0
2023-11-03 00:00:00-04:00,0.6200000047683716,0.6499999761581421,0.6039999723434448,0.6119999885559082,160000,0.0,0.0
2023-11-06 00:00:00-05:00,0.640999972820282,0.6460000276565552,0.5899999737739563,0.5899999737739563,256300,0.0,0.0
2023-11-07 00:00:00-05:00,0.6000000238418579,0.6100000143051147,0.5799999833106995,0.5809999704360962,115400,0.0,0.0
2023-11-08 00:00:00-05:00,0.5899999737739563,0.6150000095367432,0.5849999785423279,0.6010000109672546,76900,0.0,0.0
2023-11-09 00:00:00-05:00,0.625,0.625,0.578000009059906,0.578000009059906,154400,0.0,0.0
2023-11-10 00:00:00-05:00,0.5699999928474426,0.6000000238418579,0.5699999928474426,0.5799999833106995,76300,0.0,0.0
2023-11-13 00:00:00-05:00,0.5600000023841858,0.6000000238418579,0.5600000023841858,0.5960000157356262,127800,0.0,0.0
2023-11-14 00:00:00-05:00,0.5899999737739563,0.6000000238418579,0.5830000042915344,0.5920000076293945,112600,0.0,0.0
2023-11-15 00:00:00-05:00,0.5929999947547913,0.6399999856948853,0.5929999947547913,0.6399999856948853,275800,0.0,0.0
2023-11-16 00:00:00-05:00,0.6299999952316284,0.6299999952316284,0.6000000238418579,0.6190000176429749,53300,0.0,0.0
2023-11-17 00:00:00-05:00,0.6000000238418579,0.6399999856948853,0.6000000238418579,0.6380000114440918,81000,0.0,0.0
2023-11-20 00:00:00-05:00,0.6050000190734863,0.6480000019073486,0.6050000190734863,0.640999972820282,187800,0.0,0.0
2023-11-21 00:00:00-05:00,0.6399999856948853,0.6439999938011169,0.6100000143051147,0.6259999871253967,53600,0.0,0.0
2023-11-22 00:00:00-05:00,0.6100000143051147,0.6800000071525574,0.6100000143051147,0.6800000071525574,153500,0.0,0.0
2023-11-24 00:00:00-05:00,0.6700000166893005,0.7200000286102295,0.6700000166893005,0.6899999976158142,158600,0.0,0.0
2023-11-27 00:00:00-05:00,0.6930000185966492,0.6949999928474426,0.6309999823570251,0.6790000200271606,183000,0.0,0.0
2023-11-28 00:00:00-05:00,0.6399999856948853,0.6899999976158142,0.6349999904632568,0.6899999976158142,141600,0.0,0.0
2023-11-29 00:00:00-05:00,0.6899999976158142,0.699999988079071,0.6600000262260437,0.6600000262260437,155500,0.0,0.0
2023-11-30 00:00:00-05:00,0.6639999747276306,0.6710000038146973,0.6349999904632568,0.6349999904632568,73800,0.0,0.0
2023-12-01 00:00:00-05:00,0.6700000166893005,0.6700000166893005,0.6200000047683716,0.6700000166893005,95200,0.0,0.0
2023-12-04 00:00:00-05:00,0.6629999876022339,0.6650000214576721,0.6299999952316284,0.6299999952316284,133000,0.0,0.0
2023-12-05 00:00:00-05:00,0.6499999761581421,0.6499999761581421,0.625,0.625,139000,0.0,0.0
2023-12-06 00:00:00-05:00,0.6399999856948853,0.7900000214576721,0.6240000128746033,0.718999981880188,1497700,0.0,0.0
2023-12-07 00:00:00-05:00,0.859000027179718,0.9100000262260437,0.6499999761581421,0.699999988079071,15501300,0.0,0.0
2023-12-08 00:00:00-05:00,0.6600000262260437,0.8889999985694885,0.6600000262260437,0.800000011920929,2276200,0.0,0.0
2023-12-11 00:00:00-05:00,0.7599999904632568,0.800000011920929,0.7300000190734863,0.7850000262260437,585100,0.0,0.0
2023-12-12 00:00:00-05:00,0.75,0.7789999842643738,0.6759999990463257,0.6869999766349792,664700,0.0,0.0
2023-12-13 00:00:00-05:00,0.6899999976158142,0.7200000286102295,0.6679999828338623,0.7149999737739563,343500,0.0,0.0
2023-12-14 00:00:00-05:00,0.6809999942779541,0.75,0.6809999942779541,0.7400000095367432,271200,0.0,0.0
2023-12-15 00:00:00-05:00,0.7480000257492065,0.7900000214576721,0.7020000219345093,0.7200000286102295,218700,0.0,0.0
2023-12-18 00:00:00-05:00,0.7080000042915344,0.75,0.7080000042915344,0.7200000286102295,131200,0.0,0.0
2023-12-19 00:00:00-05:00,0.7300000190734863,0.7900000214576721,0.7200000286102295,0.777999997138977,432400,0.0,0.0
2023-12-20 00:00:00-05:00,0.7900000214576721,0.824999988079071,0.75,0.7770000100135803,355100,0.0,0.0
2023-12-21 00:00:00-05:00,0.7680000066757202,0.7900000214576721,0.7580000162124634,0.7829999923706055,143300,0.0,0.0
2023-12-22 00:00:00-05:00,0.7099999785423279,0.7829999923706055,0.7099999785423279,0.7440000176429749,389500,0.0,0.0
2023-12-26 00:00:00-05:00,0.7599999904632568,0.8199999928474426,0.7599999904632568,0.7919999957084656,533600,0.0,0.0
2023-12-27 00:00:00-05:00,0.7799999713897705,0.8880000114440918,0.7799999713897705,0.8399999737739563,706500,0.0,0.0
2023-12-28 00:00:00-05:00,0.8370000123977661,0.875,0.8009999990463257,0.8119999766349792,395800,0.0,0.0
2023-12-29 00:00:00-05:00,0.800000011920929,0.859000027179718,0.7900000214576721,0.8100000023841858,353600,0.0,0.0
2024-01-02 00:00:00-05:00,0.7900000214576721,0.843999981880188,0.7850000262260437,0.8299999833106995,205200,0.0,0.0
2024-01-03 00:00:00-05:00,0.8299999833106995,0.8299999833106995,0.7799999713897705,0.8199999928474426,125700,0.0,0.0
2024-01-04 00:00:00-05:00,0.800000011920929,0.824999988079071,0.7639999985694885,0.8169999718666077,198800,0.0,0.0
2024-01-05 00:00:00-05:00,0.8180000185966492,0.8199999928474426,0.777999997138977,0.800000011920929,110800,0.0,0.0
2024-01-08 00:00:00-05:00,0.8019999861717224,0.8199999928474426,0.7900000214576721,0.7900000214576721,151000,0.0,0.0
2024-01-09 00:00:00-05:00,0.7900000214576721,0.800000011920929,0.7799999713897705,0.7799999713897705,150200,0.0,0.0
2024-01-10 00:00:00-05:00,0.7799999713897705,0.8100000023841858,0.7519999742507935,0.753000020980835,287300,0.0,0.0
2024-01-11 00:00:00-05:00,0.796999990940094,0.796999990940094,0.7049999833106995,0.7200000286102295,264900,0.0,0.0
2024-01-12 00:00:00-05:00,0.7099999785423279,0.7490000128746033,0.7099999785423279,0.7329999804496765,87300,0.0,0.0
2024-01-16 00:00:00-05:00,0.7149999737739563,0.7300000190734863,0.699999988079071,0.699999988079071,147500,0.0,0.0
2024-01-17 00:00:00-05:00,0.699999988079071,0.699999988079071,0.6179999709129333,0.6499999761581421,380900,0.0,0.0
2024-01-18 00:00:00-05:00,0.6499999761581421,0.6700000166893005,0.6399999856948853,0.6399999856948853,146500,0.0,0.0
2024-01-19 00:00:00-05:00,0.6399999856948853,0.6700000166893005,0.6200000047683716,0.6299999952316284,121600,0.0,0.0
2024-01-22 00:00:00-05:00,0.6299999952316284,0.6700000166893005,0.6200000047683716,0.6399999856948853,101700,0.0,0.0
2024-01-23 00:00:00-05:00,0.6499999761581421,0.6899999976158142,0.6499999761581421,0.6890000104904175,105600,0.0,0.0
2024-01-24 00:00:00-05:00,0.699999988079071,0.7200000286102295,0.699999988079071,0.7099999785423279,93700,0.0,0.0
2024-01-25 00:00:00-05:00,0.7300000190734863,0.7300000190734863,0.6840000152587891,0.7009999752044678,122500,0.0,0.0
2024-01-26 00:00:00-05:00,0.6899999976158142,0.7099999785423279,0.6899999976158142,0.6949999928474426,40000,0.0,0.0
2024-01-29 00:00:00-05:00,0.6949999928474426,0.7200000286102295,0.6899999976158142,0.699999988079071,68300,0.0,0.0
2024-01-30 00:00:00-05:00,0.6899999976158142,0.7200000286102295,0.6499999761581421,0.652999997138977,108700,0.0,0.0
2024-01-31 00:00:00-05:00,0.6579999923706055,0.6909999847412109,0.6399999856948853,0.6399999856948853,142400,0.0,0.0
2024-02-01 00:00:00-05:00,0.6840000152587891,0.6890000104904175,0.6299999952316284,0.6299999952316284,145200,0.0,0.0
2024-02-02 00:00:00-05:00,0.6299999952316284,0.6399999856948853,0.6209999918937683,0.6230000257492065,87700,0.0,0.0
2024-02-05 00:00:00-05:00,0.6470000147819519,0.6470000147819519,0.6050000190734863,0.6050000190734863,128600,0.0,0.0
2024-02-06 00:00:00-05:00,0.6200000047683716,0.675000011920929,0.6200000047683716,0.6309999823570251,83100,0.0,0.0
2024-02-07 00:00:00-05:00,0.6499999761581421,0.8289999961853027,0.6349999904632568,0.8009999990463257,7144800,0.0,0.0
2024-02-08 00:00:00-05:00,1.100000023841858,1.3899999856948853,0.875,1.0800000429153442,29669400,0.0,0.0
2024-02-09 00:00:00-05:00,0.9229999780654907,1.0800000429153442,0.9120000004768372,0.9800000190734863,3054500,0.0,0.0
2024-02-12 00:00:00-05:00,0.8999999761581421,1.159999966621399,0.8679999709129333,1.090000033378601,3844600,0.0,0.0
2024-02-13 00:00:00-05:00,1.0199999809265137,1.1100000143051147,0.9200000166893005,0.921999990940094,2270600,0.0,0.0
2024-02-14 00:00:00-05:00,0.9399999976158142,0.9810000061988831,0.9100000262260437,0.953000009059906,813400,0.0,0.0
2024-02-15 00:00:00-05:00,0.8999999761581421,0.9300000071525574,0.8059999942779541,0.8450000286102295,1993600,0.0,0.0
2024-02-16 00:00:00-05:00,0.8759999871253967,1.149999976158142,0.8259999752044678,1.090000033378601,6814700,0.0,0.0
2024-02-20 00:00:00-05:00,1.1200000047683716,1.2799999713897705,0.9950000047683716,1.0199999809265137,6351600,0.0,0.0
2024-02-21 00:00:00-05:00,1.0,1.2999999523162842,0.9940000176429749,1.2699999809265137,4593800,0.0,0.0
2024-02-22 00:00:00-05:00,1.2999999523162842,1.3799999952316284,1.1299999952316284,1.1399999856948853,2980700,0.0,0.0
2024-02-23 00:00:00-05:00,1.0700000524520874,1.2799999713897705,1.0099999904632568,1.1799999475479126,2666600,0.0,0.0
2024-02-26 00:00:00-05:00,1.190000057220459,1.2400000095367432,1.1399999856948853,1.2000000476837158,1275500,0.0,0.0
2024-02-27 00:00:00-05:00,1.190000057220459,1.2799999713897705,1.1699999570846558,1.2200000286102295,1031100,0.0,0.0
2024-02-28 00:00:00-05:00,1.2200000286102295,1.222000002861023,1.0700000524520874,1.1299999952316284,1281100,0.0,0.0
2024-02-29 00:00:00-05:00,1.1299999952316284,1.1399999856948853,1.0700000524520874,1.1299999952316284,689700,0.0,0.0
2024-03-01 00:00:00-05:00,1.100000023841858,1.1299999952316284,1.0299999713897705,1.090000033378601,696900,0.0,0.0
2024-03-04 00:00:00-05:00,1.0299999713897705,1.100000023841858,1.0099999904632568,1.0199999809265137,742700,0.0,0.0
2024-03-05 00:00:00-05:00,1.0099999904632568,1.1200000047683716,1.0099999904632568,1.0399999618530273,710100,0.0,0.0
2024-03-06 00:00:00-05:00,1.0499999523162842,1.100000023841858,1.0399999618530273,1.0399999618530273,479300,0.0,0.0
2024-03-07 00:00:00-05:00,1.059999942779541,1.062000036239624,1.0399999618530273,1.0449999570846558,342700,0.0,0.0
2024-03-08 00:00:00-05:00,1.0499999523162842,1.1299999952316284,1.0499999523162842,1.100000023841858,681700,0.0,0.0
2024-03-11 00:00:00-04:00,1.1100000143051147,1.190000057220459,1.1100000143051147,1.149999976158142,637200,0.0,0.0
2024-03-12 00:00:00-04:00,1.149999976158142,1.1779999732971191,1.0700000524520874,1.090000033378601,409500,0.0,0.0
2024-03-13 00:00:00-04:00,1.0800000429153442,1.1339999437332153,1.0700000524520874,1.100000023841858,567800,0.0,0.0
2024-03-14 00:00:00-04:00,1.3700000047683716,1.6799999475479126,1.2999999523162842,1.440000057220459,54300700,0.0,0.0
2024-03-15 00:00:00-04:00,1.4320000410079956,1.8700000047683716,1.3899999856948853,1.7300000190734863,27307200,0.0,0.0
2024-03-18 00:00:00-04:00,1.7899999618530273,1.8300000429153442,1.0499999523162842,1.100000023841858,21734700,0.0,0.0
2024-03-19 00:00:00-04:00,1.1100000143051147,1.1100000143051147,0.9110000133514404,0.9599999785423279,3985500,0.0,0.0
2024-03-20 00:00:00-04:00,0.9300000071525574,0.9430000185966492,0.8410000205039978,0.8899999856948853,2823300,0.0,0.0
2024-03-21 00:00:00-04:00,0.9300000071525574,0.9990000128746033,0.8849999904632568,0.8939999938011169,5524600,0.0,0.0
2024-03-22 00:00:00-04:00,0.8899999856948853,0.9599999785423279,0.8450000286102295,0.9240000247955322,1631000,0.0,0.0
2024-03-25 00:00:00-04:00,0.9980000257492065,1.0399999618530273,0.9129999876022339,0.9440000057220459,1336000,0.0,0.0
2024-03-26 00:00:00-04:00,0.9300000071525574,0.9399999976158142,0.8700000047683716,0.8999999761581421,1042900,0.0,0.0
2024-03-27 00:00:00-04:00,0.8709999918937683,0.8759999871253967,0.8500000238418579,0.8519999980926514,832000,0.0,0.0
2024-03-28 00:00:00-04:00,0.8299999833106995,0.9399999976158142,0.8299999833106995,0.9079999923706055,1313800,0.0,0.0
2024-04-01 00:00:00-04:00,0.8899999856948853,0.8999999761581421,0.8569999933242798,0.8700000047683716,646600,0.0,0.0
2024-04-02 00:00:00-04:00,0.8600000143051147,0.875,0.8309999704360962,0.8489999771118164,559500,0.0,0.0
2024-04-03 00:00:00-04:00,0.8479999899864197,0.8489999771118164,0.800000011920929,0.8119999766349792,712500,0.0,0.0
2024-04-04 00:00:00-04:00,0.8100000023841858,0.8399999737739563,0.7599999904632568,0.7630000114440918,674500,0.0,0.0
2024-04-05 00:00:00-04:00,0.7570000290870667,0.7789999842643738,0.7120000123977661,0.7379999756813049,691600,0.0,0.0
2024-04-08 00:00:00-04:00,0.75,0.7900000214576721,0.722000002861023,0.7699999809265137,514600,0.0,0.0
2024-04-09 00:00:00-04:00,0.7889999747276306,0.8399999737739563,0.7599999904632568,0.8199999928474426,381700,0.0,0.0
2024-04-10 00:00:00-04:00,0.8199999928474426,0.8399999737739563,0.7799999713897705,0.8299999833106995,231500,0.0,0.0
2024-04-11 00:00:00-04:00,0.8199999928474426,0.8399999737739563,0.6899999976158142,0.7680000066757202,410400,0.0,0.0
2024-04-12 00:00:00-04:00,0.7400000095367432,0.7649999856948853,0.699999988079071,0.7289999723434448,297300,0.0,0.0
2024-04-15 00:00:00-04:00,0.7289999723434448,0.7289999723434448,0.6330000162124634,0.6330000162124634,869600,0.0,0.0
2024-04-16 00:00:00-04:00,0.6299999952316284,0.699999988079071,0.6299999952316284,0.6800000071525574,467900,0.0,0.0
2024-04-17 00:00:00-04:00,0.6899999976158142,0.7120000123977661,0.6700000166893005,0.6959999799728394,157700,0.0,0.0
2024-04-18 00:00:00-04:00,0.7099999785423279,0.7599999904632568,0.6800000071525574,0.7210000157356262,582300,0.0,0.0
2024-04-19 00:00:00-04:00,0.699999988079071,0.7210000157356262,0.6420000195503235,0.6800000071525574,336500,0.0,0.0
2024-04-22 00:00:00-04:00,0.6629999876022339,0.699999988079071,0.6629999876022339,0.6880000233650208,210900,0.0,0.0
2024-04-23 00:00:00-04:00,0.6909999847412109,0.7440000176429749,0.6899999976158142,0.7250000238418579,965800,0.0,0.0
2024-04-24 00:00:00-04:00,0.890999972820282,1.159999966621399,0.8159999847412109,1.149999976158142,19125200,0.0,0.0
2024-04-25 00:00:00-04:00,1.0499999523162842,1.059999942779541,0.8899999856948853,0.8960000276565552,2052700,0.0,0.0
2024-04-26 00:00:00-04:00,0.9200000166893005,1.100000023841858,0.8809999823570251,1.0199999809265137,3205200,0.0,0.0
2024-04-29 00:00:00-04:00,1.0199999809265137,1.1100000143051147,1.0,1.0199999809265137,1365000,0.0,0.0
2024-04-30 00:00:00-04:00,1.0299999713897705,1.0299999713897705,0.9100000262260437,0.9290000200271606,589100,0.0,0.0
2024-05-01 00:00:00-04:00,0.9200000166893005,0.9629999995231628,0.9200000166893005,0.9319999814033508,251600,0.0,0.0
2024-05-02 00:00:00-04:00,0.9309999942779541,0.9800000190734863,0.9309999942779541,0.9449999928474426,312800,0.0,0.0
2024-05-03 00:00:00-04:00,0.9449999928474426,1.0099999904632568,0.9399999976158142,0.9599999785423279,266700,0.0,0.0
2024-05-06 00:00:00-04:00,0.9800000190734863,0.996999979019165,0.9120000004768372,0.949999988079071,207700,0.0,0.0
2024-05-07 00:00:00-04:00,0.949999988079071,0.9520000219345093,0.9100000262260437,0.9520000219345093,153500,0.0,0.0
2024-05-08 00:00:00-04:00,0.9200000166893005,0.9399999976158142,0.9200000166893005,0.9350000023841858,113500,0.0,0.0
2024-05-09 00:00:00-04:00,0.9449999928474426,0.9789999723434448,0.8999999761581421,0.9070000052452087,272600,0.0,0.0
2024-05-10 00:00:00-04:00,0.9100000262260437,0.9390000104904175,0.9100000262260437,0.9300000071525574,135900,0.0,0.0
2024-05-13 00:00:00-04:00,0.9129999876022339,0.9800000190734863,0.9129999876022339,0.9300000071525574,215500,0.0,0.0
2024-05-14 00:00:00-04:00,0.9800000190734863,1.0399999618530273,0.9440000057220459,1.0,1095200,0.0,0.0
2024-05-15 00:00:00-04:00,0.9890000224113464,1.0,0.9599999785423279,0.9700000286102295,278400,0.0,0.0
2024-05-16 00:00:00-04:00,0.9819999933242798,0.9850000143051147,0.949999988079071,0.9599999785423279,254600,0.0,0.0
2024-05-17 00:00:00-04:00,0.9599999785423279,1.0199999809265137,0.9210000038146973,0.9599999785423279,513400,0.0,0.0
2024-05-20 00:00:00-04:00,0.9520000219345093,1.0099999904632568,0.949999988079071,0.949999988079071,393300,0.0,0.0
2024-05-21 00:00:00-04:00,0.9599999785423279,0.9620000123977661,0.9010000228881836,0.9100000262260437,218500,0.0,0.0
2024-05-22 00:00:00-04:00,0.9100000262260437,0.9390000104904175,0.8820000290870667,0.9049999713897705,229700,0.0,0.0
2024-05-23 00:00:00-04:00,0.9100000262260437,0.9300000071525574,0.8299999833106995,0.8820000290870667,269100,0.0,0.0
2024-05-24 00:00:00-04:00,0.859000027179718,0.8820000290870667,0.8500000238418579,0.8600000143051147,129400,0.0,0.0
2024-05-28 00:00:00-04:00,0.8600000143051147,0.8820000290870667,0.8600000143051147,0.8790000081062317,130900,0.0,0.0
2024-05-29 00:00:00-04:00,0.8600000143051147,0.8690000176429749,0.8149999976158142,0.8349999785423279,269200,0.0,0.0
2024-05-30 00:00:00-04:00,0.8230000138282776,0.8799999952316284,0.8209999799728394,0.8790000081062317,144000,0.0,0.0
2024-05-31 00:00:00-04:00,0.8799999952316284,0.9020000100135803,0.8230000138282776,0.8790000081062317,114300,0.0,0.0
2024-06-03 00:00:00-04:00,0.843999981880188,0.8799999952316284,0.8220000267028809,0.8600000143051147,222500,0.0,0.0
2024-06-04 00:00:00-04:00,1.0,1.2799999713897705,0.9919999837875366,1.0800000429153442,58723300,0.0,0.0
2024-06-05 00:00:00-04:00,0.921999990940094,1.0399999618530273,0.9200000166893005,0.9330000281333923,5452200,0.0,0.0
2024-06-06 00:00:00-04:00,0.8999999761581421,0.9380000233650208,0.8500000238418579,0.8700000047683716,1621900,0.0,0.0
2024-06-07 00:00:00-04:00,0.8659999966621399,0.8999999761581421,0.8100000023841858,0.8169999718666077,920300,0.0,0.0
2024-06-10 00:00:00-04:00,0.8149999976158142,0.8600000143051147,0.7799999713897705,0.7900000214576721,1346200,0.0,0.0
2024-06-11 00:00:00-04:00,0.7900000214576721,0.8199999928474426,0.7699999809265137,0.7850000262260437,519300,0.0,0.0
2024-06-12 00:00:00-04:00,0.7829999923706055,0.8460000157356262,0.7829999923706055,0.800000011920929,506600,0.0,0.0
2024-06-13 00:00:00-04:00,0.8100000023841858,0.8389999866485596,0.800000011920929,0.8220000267028809,215400,0.0,0.0
2024-06-14 00:00:00-04:00,0.8019999861717224,0.8199999928474426,0.7799999713897705,0.7799999713897705,281400,0.0,0.0
2024-06-17 00:00:00-04:00,0.7799999713897705,0.7990000247955322,0.75,0.7910000085830688,364100,0.0,0.0
2024-06-18 00:00:00-04:00,0.8399999737739563,0.8510000109672546,0.8029999732971191,0.8180000185966492,957400,0.0,0.0
2024-06-20 00:00:00-04:00,0.8240000009536743,0.8399999737739563,0.781000018119812,0.7919999957084656,268900,0.0,0.0
2024-06-21 00:00:00-04:00,0.7900000214576721,0.8059999942779541,0.7630000114440918,0.7850000262260437,129600,0.0,0.0
2024-06-24 00:00:00-04:00,0.8199999928474426,0.9700000286102295,0.7900000214576721,0.9490000009536743,1942800,0.0,0.0
2024-06-25 00:00:00-04:00,0.8700000047683716,0.9100000262260437,0.8100000023841858,0.8100000023841858,1526000,0.0,0.0
2024-06-26 00:00:00-04:00,0.8410000205039978,0.8500000238418579,0.7699999809265137,0.8399999737739563,426800,0.0,0.0
2024-06-27 00:00:00-04:00,0.824999988079071,0.8999999761581421,0.8050000071525574,0.8830000162124634,1054400,0.0,0.0
2024-06-28 00:00:00-04:00,0.8700000047683716,0.8799999952316284,0.8159999847412109,0.8410000205039978,325900,0.0,0.0
2024-07-01 00:00:00-04:00,0.8399999737739563,0.8790000081062317,0.8100000023841858,0.8399999737739563,334200,0.0,0.0
2024-07-02 00:00:00-04:00,0.8399999737739563,0.8669999837875366,0.8399999737739563,0.8539999723434448,170700,0.0,0.0
2024-07-03 00:00:00-04:00,0.8399999737739563,0.9200000166893005,0.8399999737739563,0.902999997138977,318200,0.0,0.0
2024-07-05 00:00:00-04:00,0.8700000047683716,0.9020000100135803,0.8669999837875366,0.8679999709129333,523200,0.0,0.0
2024-07-08 00:00:00-04:00,0.8679999709129333,0.9049999713897705,0.8579999804496765,0.8999999761581421,210000,0.0,0.0
2024-07-09 00:00:00-04:00,0.8989999890327454,0.9089999794960022,0.871999979019165,0.8809999823570251,152300,0.0,0.0
2024-07-10 00:00:00-04:00,0.8700000047683716,0.8999999761581421,0.8299999833106995,0.8460000157356262,303400,0.0,0.0
2024-07-11 00:00:00-04:00,0.8399999737739563,0.8840000033378601,0.8100000023841858,0.8450000286102295,443200,0.0,0.0
2024-07-12 00:00:00-04:00,0.8489999771118164,0.8669999837875366,0.8209999799728394,0.8389999866485596,278900,0.0,0.0
2024-07-15 00:00:00-04:00,0.8199999928474426,0.8679999709129333,0.8199999928474426,0.8389999866485596,186200,0.0,0.0
2024-07-16 00:00:00-04:00,0.8500000238418579,0.8600000143051147,0.8199999928474426,0.8479999899864197,251600,0.0,0.0
2024-07-17 00:00:00-04:00,0.8399999737739563,1.059999942779541,0.8299999833106995,1.059999942779541,1116300,0.0,0.0
2024-07-18 00:00:00-04:00,0.9399999976158142,0.9599999785423279,0.8629999756813049,0.8740000128746033,358500,0.0,0.0
2024-07-19 00:00:00-04:00,0.8690000176429749,0.9700000286102295,0.8610000014305115,0.8759999871253967,598100,0.0,0.0
2024-07-22 00:00:00-04:00,0.8500000238418579,0.875,0.8450000286102295,0.8500000238418579,214800,0.0,0.0
2024-07-23 00:00:00-04:00,0.8450000286102295,0.9319999814033508,0.843999981880188,0.8759999871253967,487600,0.0,0.0
2024-07-24 00:00:00-04:00,0.875,0.8989999890327454,0.8450000286102295,0.8479999899864197,184100,0.0,0.0
2024-07-25 00:00:00-04:00,0.8500000238418579,0.8790000081062317,0.843999981880188,0.8500000238418579,167700,0.0,0.0
2024-07-26 00:00:00-04:00,0.8899999856948853,0.8899999856948853,0.8510000109672546,0.8700000047683716,117500,0.0,0.0
2024-07-29 00:00:00-04:00,0.8700000047683716,0.8759999871253967,0.8299999833106995,0.8429999947547913,122000,0.0,0.0
2024-07-30 00:00:00-04:00,0.8299999833106995,0.8339999914169312,0.8019999861717224,0.8100000023841858,152400,0.0,0.0
2024-07-31 00:00:00-04:00,0.800000011920929,0.8479999899864197,0.7919999957084656,0.7929999828338623,130900,0.0,0.0
2024-08-01 00:00:00-04:00,0.8100000023841858,0.8379999995231628,0.7770000100135803,0.7979999780654907,144700,0.0,0.0
2024-08-02 00:00:00-04:00,0.7699999809265137,0.8029999732971191,0.7350000143051147,0.7599999904632568,302700,0.0,0.0
2024-08-05 00:00:00-04:00,0.6700000166893005,0.7490000128746033,0.6600000262260437,0.722000002861023,282000,0.0,0.0
2024-08-06 00:00:00-04:00,0.7200000286102295,0.7799999713897705,0.7200000286102295,0.7689999938011169,139700,0.0,0.0
2024-08-07 00:00:00-04:00,0.7599999904632568,0.8059999942779541,0.75,0.7509999871253967,72200,0.0,0.0
2024-08-08 00:00:00-04:00,0.7400000095367432,0.7799999713897705,0.7310000061988831,0.7400000095367432,76700,0.0,0.0
2024-08-09 00:00:00-04:00,0.7590000033378601,0.7599999904632568,0.7250000238418579,0.7400000095367432,113100,0.0,0.0
2024-08-12 00:00:00-04:00,0.7289999723434448,0.7440000176429749,0.7210000157356262,0.7350000143051147,86200,0.0,0.0
2024-08-13 00:00:00-04:00,0.7350000143051147,0.7400000095367432,0.7149999737739563,0.7239999771118164,118300,0.0,0.0
2024-08-14 00:00:00-04:00,0.7250000238418579,0.7310000061988831,0.699999988079071,0.7120000123977661,184700,0.0,0.0
2024-08-15 00:00:00-04:00,0.7179999947547913,0.7379999756813049,0.699999988079071,0.7120000123977661,161600,0.0,0.0
2024-08-16 00:00:00-04:00,0.7099999785423279,0.7379999756813049,0.7099999785423279,0.7149999737739563,133100,0.0,0.0
2024-08-19 00:00:00-04:00,0.703000009059906,0.8050000071525574,0.703000009059906,0.800000011920929,215200,0.0,0.0
2024-08-20 00:00:00-04:00,0.824999988079071,0.8309999704360962,0.7400000095367432,0.7649999856948853,365500,0.0,0.0
2024-08-21 00:00:00-04:00,0.7699999809265137,0.7900000214576721,0.7400000095367432,0.7599999904632568,188900,0.0,0.0
2024-08-22 00:00:00-04:00,0.7799999713897705,1.059999942779541,0.7699999809265137,1.031000018119812,2050700,0.0,0.0
2024-08-23 00:00:00-04:00,0.9100000262260437,0.9100000262260437,0.8299999833106995,0.8420000076293945,864700,0.0,0.0
2024-08-26 00:00:00-04:00,0.8420000076293945,0.8880000114440918,0.8100000023841858,0.8169999718666077,198100,0.0,0.0
2024-08-27 00:00:00-04:00,0.8100000023841858,0.8169999718666077,0.7799999713897705,0.7850000262260437,145600,0.0,0.0
2024-08-28 00:00:00-04:00,0.7699999809265137,0.8109999895095825,0.7570000290870667,0.7649999856948853,86900,0.0,0.0
2024-08-29 00:00:00-04:00,0.7649999856948853,0.8080000281333923,0.7649999856948853,0.7900000214576721,101900,0.0,0.0
2024-08-30 00:00:00-04:00,0.7900000214576721,0.8040000200271606,0.7699999809265137,0.7870000004768372,156000,0.0,0.0
2024-09-03 00:00:00-04:00,0.7730000019073486,0.7870000004768372,0.7310000061988831,0.7440000176429749,211600,0.0,0.0
2024-09-04 00:00:00-04:00,0.7599999904632568,0.8100000023841858,0.7400000095367432,0.7509999871253967,135500,0.0,0.0
2024-09-05 00:00:00-04:00,0.75,0.7799999713897705,0.75,0.7649999856948853,65400,0.0,0.0
2024-09-06 00:00:00-04:00,0.7519999742507935,0.7699999809265137,0.7519999742507935,0.7609999775886536,139900,0.0,0.0
2024-09-09 00:00:00-04:00,0.746999979019165,0.7609999775886536,0.7409999966621399,0.7480000257492065,140900,0.0,0.0
2024-09-10 00:00:00-04:00,0.7409999966621399,0.7490000128746033,0.7300000190734863,0.7400000095367432,93800,0.0,0.0
2024-09-11 00:00:00-04:00,0.7400000095367432,0.824999988079071,0.7400000095367432,0.8180000185966492,222100,0.0,0.0
2024-09-12 00:00:00-04:00,0.7799999713897705,0.8090000152587891,0.7799999713897705,0.7929999828338623,83000,0.0,0.0
2024-09-13 00:00:00-04:00,0.8119999766349792,0.8299999833106995,0.7799999713897705,0.796999990940094,116900,0.0,0.0
2024-09-16 00:00:00-04:00,0.8100000023841858,0.8600000143051147,0.7900000214576721,0.8500000238418579,259500,0.0,0.0
2024-09-17 00:00:00-04:00,0.8399999737739563,0.8769999742507935,0.8259999752044678,0.8299999833106995,132600,0.0,0.0
2024-09-18 00:00:00-04:00,0.8399999737739563,0.8489999771118164,0.800000011920929,0.8069999814033508,139700,0.0,0.0
2024-09-19 00:00:00-04:00,0.8299999833106995,0.8579999804496765,0.8029999732971191,0.8100000023841858,234500,0.0,0.0
2024-09-20 00:00:00-04:00,0.8029999732971191,0.8259999752044678,0.7889999747276306,0.800000011920929,101100,0.0,0.0
2024-09-23 00:00:00-04:00,0.7900000214576721,0.8399999737739563,0.7820000052452087,0.8090000152587891,131900,0.0,0.0
2024-09-24 00:00:00-04:00,0.8299999833106995,0.875,0.8119999766349792,0.8600000143051147,339200,0.0,0.0
2024-09-25 00:00:00-04:00,0.8600000143051147,0.8700000047683716,0.8299999833106995,0.8379999995231628,115000,0.0,0.0
2024-09-26 00:00:00-04:00,0.8999999761581421,0.9300000071525574,0.8669999837875366,0.9300000071525574,558000,0.0,0.0
2024-09-27 00:00:00-04:00,0.9900000095367432,0.9900000095367432,0.9399999976158142,0.949999988079071,701100,0.0,0.0
2024-09-30 00:00:00-04:00,0.9700000286102295,1.055999994277954,0.9700000286102295,1.0299999713897705,2212500,0.0,0.0
2024-10-01 00:00:00-04:00,1.0099999904632568,1.0099999904632568,0.8980000019073486,0.9120000004768372,419400,0.0,0.0
2024-10-02 00:00:00-04:00,0.9900000095367432,0.9900000095367432,0.906000018119812,0.9800000190734863,636100,0.0,0.0
2024-10-03 00:00:00-04:00,0.9700000286102295,0.9900000095367432,0.949999988079071,0.9750000238418579,208100,0.0,0.0
2024-10-04 00:00:00-04:00,0.9700000286102295,1.100000023841858,0.949999988079071,1.100000023841858,1548500,0.0,0.0
2024-10-07 00:00:00-04:00,1.1299999952316284,1.2000000476837158,1.1100000143051147,1.159999966621399,1614200,0.0,0.0
2024-10-08 00:00:00-04:00,1.0499999523162842,1.0499999523162842,0.9610000252723694,0.9869999885559082,769900,0.0,0.0
2024-10-09 00:00:00-04:00,0.9580000042915344,0.968999981880188,0.8799999952316284,0.9459999799728394,559800,0.0,0.0
2024-10-10 00:00:00-04:00,0.9399999976158142,0.9599999785423279,0.9169999957084656,0.9399999976158142,182400,0.0,0.0
2024-10-11 00:00:00-04:00,0.9039999842643738,0.9589999914169312,0.9039999842643738,0.949999988079071,171800,0.0,0.0
2024-10-14 00:00:00-04:00,0.9399999976158142,0.949999988079071,0.8999999761581421,0.9229999780654907,353900,0.0,0.0
2024-10-15 00:00:00-04:00,0.8679999709129333,0.9399999976158142,0.8510000109672546,0.8880000114440918,353200,0.0,0.0
2024-10-16 00:00:00-04:00,0.8799999952316284,0.9300000071525574,0.875,0.9300000071525574,202800,0.0,0.0
2024-10-17 00:00:00-04:00,0.9100000262260437,0.9200000166893005,0.8709999918937683,0.8799999952316284,197100,0.0,0.0
2024-10-18 00:00:00-04:00,0.9200000166893005,0.9200000166893005,0.8859999775886536,0.9100000262260437,251400,0.0,0.0
2024-10-21 00:00:00-04:00,0.9100000262260437,0.9139999747276306,0.8820000290870667,0.8989999890327454,115800,0.0,0.0
2024-10-22 00:00:00-04:00,0.890999972820282,0.9100000262260437,0.8799999952316284,0.9100000262260437,136200,0.0,0.0
2024-10-23 00:00:00-04:00,0.9100000262260437,0.9200000166893005,0.8899999856948853,0.8899999856948853,201200,0.0,0.0
2024-10-24 00:00:00-04:00,0.8899999856948853,0.8949999809265137,0.8700000047683716,0.871999979019165,224300,0.0,0.0
2024-10-25 00:00:00-04:00,0.8700000047683716,0.8939999938011169,0.8700000047683716,0.8899999856948853,138500,0.0,0.0
2024-10-28 00:00:00-04:00,0.878000020980835,0.8939999938011169,0.8709999918937683,0.8880000114440918,170800,0.0,0.0
2024-10-29 00:00:00-04:00,0.871999979019165,0.8999999761581421,0.8709999918937683,0.878000020980835,129900,0.0,0.0
2024-10-30 00:00:00-04:00,0.8899999856948853,0.8899999856948853,0.8600000143051147,0.878000020980835,276900,0.0,0.0
2024-10-31 00:00:00-04:00,0.8700000047683716,0.8889999985694885,0.8399999737739563,0.8420000076293945,200100,0.0,0.0
2024-11-01 00:00:00-04:00,0.8299999833106995,0.875,0.8299999833106995,0.8600000143051147,125200,0.0,0.0
2024-11-04 00:00:00-05:00,0.8799999952316284,0.8799999952316284,0.8399999737739563,0.8579999804496765,142100,0.0,0.0
2024-11-05 00:00:00-05:00,0.8600000143051147,0.8799999952316284,0.8600000143051147,0.875,132600,0.0,0.0
2024-11-06 00:00:00-05:00,0.8600000143051147,0.8679999709129333,0.8209999799728394,0.8309999704360962,299800,0.0,0.0
2024-11-07 00:00:00-05:00,0.8500000238418579,0.8709999918937683,0.8360000252723694,0.8479999899864197,180900,0.0,0.0
2024-11-08 00:00:00-05:00,0.8489999771118164,0.8600000143051147,0.824999988079071,0.8489999771118164,152800,0.0,0.0
2024-11-11 00:00:00-05:00,0.8500000238418579,0.8799999952316284,0.8399999737739563,0.8579999804496765,229700,0.0,0.0
2024-11-12 00:00:00-05:00,0.8299999833106995,0.8550000190734863,0.8299999833106995,0.8410000205039978,155700,0.0,0.0
2024-11-13 00:00:00-05:00,0.824999988079071,0.8379999995231628,0.800000011920929,0.8100000023841858,239400,0.0,0.0
2024-11-14 00:00:00-05:00,0.8100000023841858,0.8320000171661377,0.7839999794960022,0.7990000247955322,290100,0.0,0.0
2024-11-15 00:00:00-05:00,0.7789999842643738,0.8199999928474426,0.7749999761581421,0.7900000214576721,161300,0.0,0.0
2024-11-18 00:00:00-05:00,0.7730000019073486,0.800000011920929,0.7699999809265137,0.7699999809265137,267500,0.0,0.0
2024-11-19 00:00:00-05:00,0.7699999809265137,0.7910000085830688,0.7599999904632568,0.7599999904632568,193000,0.0,0.0
2024-11-20 00:00:00-05:00,0.7689999938011169,0.7900000214576721,0.7599999904632568,0.7699999809265137,279300,0.0,0.0
2024-11-21 00:00:00-05:00,0.7609999775886536,0.800000011920929,0.7609999775886536,0.7799999713897705,159800,0.0,0.0
2024-11-22 00:00:00-05:00,0.800000011920929,0.8500000238418579,0.7900000214576721,0.8360000252723694,223000,0.0,0.0
2024-11-25 00:00:00-05:00,0.8500000238418579,0.8799999952316284,0.8399999737739563,0.847000002861023,271400,0.0,0.0
2024-11-26 00:00:00-05:00,0.8500000238418579,0.8579999804496765,0.7929999828338623,0.7929999828338623,218300,0.0,0.0
2024-11-27 00:00:00-05:00,0.800000011920929,0.8500000238418579,0.800000011920929,0.8299999833106995,333300,0.0,0.0
2024-11-29 00:00:00-05:00,0.8230000138282776,0.8379999995231628,0.8019999861717224,0.8259999752044678,91100,0.0,0.0
2024-12-02 00:00:00-05:00,0.8259999752044678,0.859000027179718,0.800000011920929,0.8489999771118164,245900,0.0,0.0
2024-12-03 00:00:00-05:00,0.8489999771118164,0.8930000066757202,0.8199999928474426,0.8600000143051147,377600,0.0,0.0
2024-12-04 00:00:00-05:00,0.8600000143051147,0.8600000143051147,0.7900000214576721,0.800000011920929,403000,0.0,0.0
2024-12-05 00:00:00-05:00,0.8299999833106995,0.8299999833106995,0.7910000085830688,0.8059999942779541,123700,0.0,0.0
2024-12-06 00:00:00-05:00,0.7699999809265137,0.8299999833106995,0.765999972820282,0.8019999861717224,337100,0.0,0.0
2024-12-09 00:00:00-05:00,0.8299999833106995,0.8799999952316284,0.8299999833106995,0.8579999804496765,403400,0.0,0.0
2024-12-10 00:00:00-05:00,0.8529999852180481,0.8799999952316284,0.8199999928474426,0.8679999709129333,572000,0.0,0.0
2024-12-11 00:00:00-05:00,0.8600000143051147,1.0199999809265137,0.8600000143051147,0.9190000295639038,3283300,0.0,0.0
2024-12-12 00:00:00-05:00,0.9070000052452087,0.9210000038146973,0.7770000100135803,0.8080000281333923,1412300,0.0,0.0
2024-12-13 00:00:00-05:00,0.8180000185966492,0.8450000286102295,0.7850000262260437,0.7950000166893005,294900,0.0,0.0
2024-12-16 00:00:00-05:00,0.7900000214576721,0.8650000095367432,0.7799999713897705,0.8100000023841858,777400,0.0,0.0
2024-12-17 00:00:00-05:00,0.949999988079071,0.9769999980926514,0.8209999799728394,0.8799999952316284,10157300,0.0,0.0
2024-12-18 00:00:00-05:00,1.0399999618530273,1.1799999475479126,0.9599999785423279,1.0700000524520874,25750200,0.0,0.0
2024-12-19 00:00:00-05:00,1.4500000476837158,1.5,0.9800000190734863,0.9990000128746033,24874800,0.0,0.0
2024-12-20 00:00:00-05:00,0.9599999785423279,1.100000023841858,0.8999999761581421,1.059999942779541,5109900,0.0,0.0
2024-12-23 00:00:00-05:00,1.2100000381469727,1.3899999856948853,1.1299999952316284,1.2000000476837158,9921400,0.0,0.0
2024-12-24 00:00:00-05:00,1.25,1.2699999809265137,1.090000033378601,1.1200000047683716,2890100,0.0,0.0
