Date,Open,High,Low,Close,Volume,Dividends,Stock Splits
2022-01-03 00:00:00-05:00,36.13437204272049,36.13437204272049,34.72310413857333,35.12492370605469,29700,0.0,0.0
2022-01-04 00:00:00-05:00,35.2621314128867,35.76195805483818,35.095525024627506,35.20332717895508,24300,0.0,0.0
2022-01-05 00:00:00-05:00,35.64434450360888,35.64434450360888,35.017114385470784,35.09552001953125,23500,0.0,0.0
2022-01-06 00:00:00-05:00,35.36013044218319,36.25197389212346,35.36013044218319,36.10496520996094,28900,0.0,0.0
2022-01-07 00:00:00-05:00,36.28138014923684,36.67339713569699,36.055969540840245,36.34998321533203,26700,0.0,0.0
2022-01-10 00:00:00-05:00,36.43818383027751,36.93800665008994,34.889706242876,36.67339324951172,45500,0.0,0.0
2022-01-11 00:00:00-05:00,35.291532087049745,36.65380215019314,35.19352876789962,35.5953483581543,43000,0.0,0.0
2022-01-12 00:00:00-05:00,35.73254809373832,36.31077654565943,35.47773726648207,36.02656173706055,41500,0.0,0.0
2022-01-13 00:00:00-05:00,36.04616852105055,36.78120460827319,36.04616852105055,36.42838668823242,33400,0.0,0.0
2022-01-14 00:00:00-05:00,35.98736927617161,36.55579525929313,35.97756670105967,36.53619384765625,26500,0.0,0.0
2022-01-18 00:00:00-05:00,36.39898101251473,36.39898101251473,35.80115115256063,36.02656173706055,29600,0.0,0.0
2022-01-19 00:00:00-05:00,36.144171245235206,36.144171245235206,35.04651479471538,35.291526794433594,25100,0.0,0.0
2022-01-20 00:00:00-05:00,35.13472017475425,35.722751232469996,34.20367754256407,34.3604850769043,39100,0.0,0.0
2022-01-21 00:00:00-05:00,33.92926229273621,35.134720940224675,33.92926229273621,34.39968490600586,44600,0.0,0.0
2022-01-24 00:00:00-05:00,34.02727175709452,35.43853969713283,34.02727175709452,35.26213073730469,44600,0.0,0.0
2022-01-25 00:00:00-05:00,34.83091009971417,35.761956535172956,34.331083479002274,35.22292709350586,31400,0.0,0.0
2022-01-26 00:00:00-05:00,35.66394681040756,36.163773393666354,34.321282071288266,34.90930938720703,31900,0.0,0.0
2022-01-27 00:00:00-05:00,35.13472906921309,35.830566183925896,33.40004691706609,33.850868225097656,40400,0.0,0.0
2022-01-28 00:00:00-05:00,34.32128338945582,35.41893616600178,33.33143275871899,34.693702697753906,44800,0.0,0.0
2022-01-31 00:00:00-05:00,37.52603542938297,37.52603542938297,34.73289663839771,36.10496520996094,96600,0.0,0.0
2022-02-01 00:00:00-05:00,36.15397218552819,36.898810801652665,35.75215263213542,36.40878677368164,54200,0.0,0.0
2022-02-02 00:00:00-05:00,36.31078128652168,37.036018524086565,35.83055981206613,36.81060791015625,61400,0.0,0.0
2022-02-03 00:00:00-05:00,36.6930013817034,37.24182969146899,36.60479689868012,36.85961151123047,43400,0.0,0.0
2022-02-04 00:00:00-05:00,36.85961263168852,37.241830823545705,36.52639610109226,36.86941146850586,28200,0.0,0.0
2022-02-07 00:00:00-05:00,36.761604453100716,36.977216242399166,36.506793579137366,36.85961151123047,35400,0.0,0.0
2022-02-08 00:00:00-05:00,36.87921052783792,37.64364683867076,35.79135655406086,37.486839294433594,30800,0.0,0.0
2022-02-09 00:00:00-05:00,37.47702324932072,37.49665031524269,36.26998677122025,36.36812210083008,34800,0.05,0.0
2022-02-10 00:00:00-05:00,36.36812772162231,36.63308753729902,36.073725430772214,36.28961944580078,37100,0.0,0.0
2022-02-11 00:00:00-05:00,36.5545773242629,36.94711119560689,36.40737618663879,36.534950256347656,34100,0.0,0.0
2022-02-14 00:00:00-05:00,36.6330865002828,36.799910966460104,36.4171924913658,36.495697021484375,36000,0.0,0.0
2022-02-15 00:00:00-05:00,36.79009643095601,37.2709464670177,36.466255442870185,36.94710922241211,23900,0.0,0.0
2022-02-16 00:00:00-05:00,36.73121188297915,37.05504909807293,36.67233068774397,36.9274787902832,25100,0.0,0.0
2022-02-17 00:00:00-05:00,36.544762001703205,36.97654622214952,36.37793381287346,36.691959381103516,39400,0.0,0.0
2022-02-18 00:00:00-05:00,36.5545683613664,37.27093931896221,36.5545683613664,37.251312255859375,48300,0.0,0.0
2022-02-22 00:00:00-05:00,37.369076326262835,37.369076326262835,36.956915469402745,37.01579666137695,122800,0.0,0.0
2022-02-23 00:00:00-05:00,37.241512427932484,37.28076656660947,36.49569876699252,36.58401870727539,39800,0.0,0.0
2022-02-24 00:00:00-05:00,35.82838907116037,35.97559020174184,34.97463224683652,35.955963134765625,48500,0.0,0.0
2022-02-25 00:00:00-05:00,35.67137427981591,37.212063388046346,35.14145847507553,37.025611877441406,53400,0.0,0.0
2022-02-28 00:00:00-05:00,36.66251699649107,37.182621090084346,36.61345120825241,37.01579666137695,61100,0.0,0.0
2022-03-01 00:00:00-05:00,37.01580239781496,37.01580239781496,35.90689744306868,36.27980422973633,97900,0.0,0.0
2022-03-02 00:00:00-05:00,36.652704256281844,37.83030197698342,36.652704256281844,37.5555305480957,83000,0.0,0.0
2022-03-03 00:00:00-05:00,37.81067257223267,37.8793654252046,37.398515454401114,37.82048797607422,45000,0.0,0.0
2022-03-04 00:00:00-05:00,37.32001049952638,37.32001049952638,35.681189800085356,36.2012939453125,114900,0.0,0.0
2022-03-07 00:00:00-05:00,36.103160080235426,36.485878483205866,35.78913453197866,35.80876159667969,57900,0.0,0.0
2022-03-08 00:00:00-05:00,35.99521857282293,36.65270849468573,34.70967371540768,36.06391143798828,62700,0.0,0.0
2022-03-09 00:00:00-05:00,36.750840578951674,36.966730817434794,34.7881789057738,36.691959381103516,37600,0.0,0.0
2022-03-10 00:00:00-05:00,36.67233950098538,36.976553467590556,36.093354044208304,36.38775634765625,101100,0.0,0.0
2022-03-11 00:00:00-05:00,36.40736884185175,36.73120978190125,36.22091734949213,36.52513122558594,149000,0.0,0.0
2022-03-14 00:00:00-04:00,36.976549753977736,37.535908084782335,36.368125625353166,36.86860275268555,127400,0.0,0.0
2022-03-15 00:00:00-04:00,37.113932649197665,37.290572502635925,35.877457418609936,36.17185592651367,80500,0.0,0.0
2022-03-16 00:00:00-04:00,36.387748386600585,37.123746497234286,36.23073186259129,37.055049896240234,61800,0.0,0.0
2022-03-17 00:00:00-04:00,36.7508430480957,36.92748291002785,36.62326898259353,36.7508430480957,63700,0.0,0.0
2022-03-18 00:00:00-04:00,36.75084265136343,36.75084265136343,35.79895048828052,36.11297607421875,220100,0.0,0.0
2022-03-21 00:00:00-04:00,36.309236049516024,36.54475706561686,35.65174627467876,35.91670227050781,85800,0.0,0.0
2022-03-22 00:00:00-04:00,36.201300213876515,36.62327284595238,36.02466033331077,36.58401870727539,41400,0.0,0.0
2022-03-23 00:00:00-04:00,36.24054484165301,36.24054484165301,35.13164004767156,35.190521240234375,33700,0.0,0.0
2022-03-24 00:00:00-04:00,35.39660540100556,35.56343360126329,35.092391473171055,35.278846740722656,44800,0.0,0.0
2022-03-25 00:00:00-04:00,35.465299711021494,35.66156664848338,35.08258124188508,35.54380798339844,114900,0.0,0.0
2022-03-28 00:00:00-04:00,35.72045012880172,36.51532584812357,34.85687779503261,35.1218376159668,36600,0.0,0.0
2022-03-29 00:00:00-04:00,35.26902844208414,35.84801377757584,35.26902844208414,35.730255126953125,67300,0.0,0.0
2022-03-30 00:00:00-04:00,35.76950583019311,35.83819868176288,34.37601424803566,34.562469482421875,85400,0.0,0.0
2022-03-31 00:00:00-04:00,34.483964299680935,35.21996241220166,33.99329889133378,34.10124588012695,52700,0.0,0.0
2022-04-01 00:00:00-04:00,34.21901419265174,34.27789540593295,33.83629566502648,34.17976379394531,73800,0.0,0.0
2022-04-04 00:00:00-04:00,34.17976108228109,34.17976108228109,32.18765657434315,33.806854248046875,45100,0.0,0.0
2022-04-05 00:00:00-04:00,33.767599134848695,34.120878889354906,33.48301224999862,33.52226638793945,39400,0.0,0.0
2022-04-06 00:00:00-04:00,33.6400232821755,33.69890448597797,33.00216041997736,33.110107421875,57000,0.0,0.0
2022-04-07 00:00:00-04:00,33.06104046881982,33.06104046881982,32.23672226844725,32.511497497558594,61300,0.0,0.0
2022-04-08 00:00:00-04:00,32.61943374860193,32.82551229485124,32.118953000877056,32.14839172363281,40800,0.0,0.0
2022-04-11 00:00:00-04:00,32.02082213117769,32.46242169959017,31.86380936723987,32.118953704833984,41400,0.0,0.0
2022-04-12 00:00:00-04:00,32.23671868964265,32.51149388824944,31.981574301808113,32.01101303100586,38600,0.0,0.0
2022-04-13 00:00:00-04:00,31.87362803262082,32.344666427962366,31.87362803262082,32.30541229248047,65600,0.0,0.0
2022-04-14 00:00:00-04:00,32.39373042379157,33.27692970560747,31.088562311197165,32.38391876220703,55100,0.0,0.0
2022-04-18 00:00:00-04:00,32.13859040602469,32.74701458080384,31.79512605174953,32.52130889892578,49900,0.0,0.0
2022-04-19 00:00:00-04:00,32.33485209765766,33.52226152190054,32.33485209765766,33.404502868652344,41900,0.0,0.0
2022-04-20 00:00:00-04:00,33.640014827360154,34.23862714671993,33.640014827360154,33.797027587890625,32000,0.0,0.0
2022-04-21 00:00:00-04:00,33.914798912311085,34.68023585387746,33.3554405714002,33.581146240234375,36700,0.0,0.0
2022-04-22 00:00:00-04:00,33.394689540765626,33.57132940336372,32.76663835974144,32.82551956176758,30700,0.0,0.0
2022-04-25 00:00:00-04:00,32.511495883223944,32.71757448721422,32.04045746975451,32.5801887512207,34900,0.0,0.0
2022-04-26 00:00:00-04:00,32.177841403947596,32.51149406274061,31.10819056341825,31.43202781677246,53200,0.0,0.0
2022-04-27 00:00:00-04:00,31.235758164688793,31.60866303169918,30.833412700911836,30.892292022705078,46900,0.0,0.0
2022-04-28 00:00:00-04:00,31.11800156187063,31.216135025024414,30.431071063274402,31.216135025024414,60200,0.0,0.0
2022-04-29 00:00:00-04:00,32.8353282478401,32.8353282478401,30.293683153079,30.411441802978516,62500,0.0,0.0
2022-05-02 00:00:00-04:00,30.33293541246551,30.980613602132816,29.950216992682098,30.411441802978516,76000,0.0,0.0
2022-05-03 00:00:00-04:00,30.254431212057103,31.598855352622095,30.244617678565078,30.7254695892334,52600,0.0,0.0
2022-05-04 00:00:00-04:00,30.588082183206055,31.66754647539718,30.48013519246493,31.618480682373047,53000,0.0,0.0
2022-05-05 00:00:00-04:00,31.32407949790236,31.971759553838027,30.64696071561051,31.078746795654297,71500,0.0,0.0
2022-05-06 00:00:00-04:00,30.872669489843425,31.010057089847304,30.36237883983242,30.617525100708008,42500,0.0,0.0
2022-05-09 00:00:00-04:00,30.489951025228233,30.970802945746748,30.01891263840277,30.862857818603516,52200,0.0,0.0
2022-05-10 00:00:00-04:00,30.960990719511024,31.068937722952935,30.175926708315973,30.480138778686523,43300,0.0,0.0
2022-05-11 00:00:00-04:00,30.598087618469606,31.35493124545589,30.155777795701212,30.263898849487305,43200,0.05,0.0
2022-05-12 00:00:00-04:00,30.096800565710545,30.558769057296164,29.782266792446766,30.489965438842773,71700,0.0,0.0
2022-05-13 00:00:00-04:00,30.558769057296164,30.883130311975002,30.15577482799088,30.489965438842773,61200,0.0,0.0
2022-05-16 00:00:00-04:00,30.322874713030647,30.755357076172192,29.860904276916397,30.480140686035156,66600,0.0,0.0
2022-05-17 00:00:00-04:00,30.745525847826602,31.079716488817187,30.59808736669216,30.951936721801758,41200,0.0,0.0
2022-05-18 00:00:00-04:00,30.588258673375798,30.77501082583826,29.94936361310938,30.23440933227539,42300,0.0,0.0
2022-05-19 00:00:00-04:00,29.900218763180447,30.25406810497511,29.51688322607496,29.595516204833984,57600,0.0,0.0
2022-05-20 00:00:00-04:00,29.752779337803407,30.027993799953755,29.202346663986877,29.772438049316406,47200,0.0,0.0
2022-05-23 00:00:00-04:00,30.067312269169815,31.168173905591445,29.772439085246372,30.94210433959961,94200,0.0,0.0
2022-05-24 00:00:00-04:00,30.86347194573433,32.28869486116597,30.45064835562655,31.384416580200195,68000,0.0,0.0
2022-05-25 00:00:00-04:00,31.551510754305756,32.18057832267287,31.551510754305756,31.895532608032227,47000,0.0,0.0
2022-05-26 00:00:00-04:00,32.22972552995519,32.77032705350538,32.22972552995519,32.504940032958984,41800,0.0,0.0
2022-05-27 00:00:00-04:00,32.69169077372864,33.114343741823184,32.40664880066645,32.71134948730469,49500,0.0,0.0
2022-05-31 00:00:00-04:00,32.39681486710859,33.409217909497926,32.131427880240466,33.12417221069336,114000,0.0,0.0
2022-06-01 00:00:00-04:00,33.035711966980614,33.035711966980614,32.32801329066172,32.436134338378906,63500,0.0,0.0
2022-06-02 00:00:00-04:00,32.249384879849714,32.88827623862857,31.993825336725,32.780155181884766,37900,0.0,0.0
2022-06-03 00:00:00-04:00,32.78015888878981,33.025887227534916,32.6916965368609,32.829307556152344,70600,0.0,0.0
2022-06-06 00:00:00-04:00,32.91775831896834,33.271603852591305,32.87844089872726,33.11433792114258,47300,0.0,0.0
2022-06-07 00:00:00-04:00,33.08485695097929,33.20280548079732,32.84895614182704,32.90793228149414,42900,0.0,0.0
2022-06-08 00:00:00-04:00,32.5344205484432,32.681859006172076,31.983991638555636,32.1019401550293,62400,0.0,0.0
2022-06-09 00:00:00-04:00,31.925020324516534,32.03314137656939,31.472881151855773,31.52202606201172,43900,0.0,0.0
2022-06-10 00:00:00-04:00,31.148521069828266,31.30578703809259,30.853645973264,31.01091194152832,59400,0.0,0.0
2022-06-13 00:00:00-04:00,30.48013902438895,30.824159024616183,29.910049434636857,30.027997970581055,106400,0.0,0.0
2022-06-14 00:00:00-04:00,30.185264405098916,30.195093762373705,29.674150950117333,29.88056182861328,54300,0.0,0.0
2022-06-15 00:00:00-04:00,30.25406775423509,30.6472326434722,29.919877129694033,30.45064926147461,62200,0.0,0.0
2022-06-16 00:00:00-04:00,29.978853059730667,30.322873059957903,29.65449177374686,30.027997970581055,52800,0.0,0.0
2022-06-17 00:00:00-04:00,29.97884919605348,30.49979380781579,29.72329156809978,29.792095184326172,169900,0.0,0.0
2022-06-21 00:00:00-04:00,30.2737244629401,30.53911146507254,29.870730218853673,30.49979591369629,86800,0.0,0.0
2022-06-22 00:00:00-04:00,30.24423823245137,30.598085693452852,30.24423823245137,30.381845474243164,45600,0.0,0.0
2022-06-23 00:00:00-04:00,30.28355703659813,30.28355703659813,29.280986935521483,29.46773910522461,36800,0.0,0.0
2022-06-24 00:00:00-04:00,29.477565964119925,30.26389763086451,29.438250411899656,29.782268524169922,159100,0.0,0.0
2022-06-27 00:00:00-04:00,30.06731381643079,30.185262346166596,29.59551594797142,29.929706573486328,109900,0.0,0.0
2022-06-28 00:00:00-04:00,30.204919760146527,30.902789050971315,27.993365237767776,29.851072311401367,85700,0.0,0.0
2022-06-29 00:00:00-04:00,29.969023816228763,29.969023816228763,29.5070552783059,29.625003814697266,28300,0.0,0.0
2022-06-30 00:00:00-04:00,29.192522048950195,29.448077824676606,28.995938664036537,29.192522048950195,28500,0.0,0.0
2022-07-01 00:00:00-04:00,28.897648099486595,29.703636634526628,28.858332545824197,29.55620002746582,39200,0.0,0.0
2022-07-05 00:00:00-04:00,29.113886167383942,29.683975677087904,28.809181763669926,29.65448760986328,59000,0.0,0.0
2022-07-06 00:00:00-04:00,29.507052834445677,29.625001361068204,29.015596265749743,29.18269157409668,35200,0.0,0.0
2022-07-07 00:00:00-04:00,29.33012505863813,29.860897121655313,28.868156607978932,28.936960220336914,30700,0.0,0.0
2022-07-08 00:00:00-04:00,29.07457049097556,29.222007086439604,28.750209231051457,29.064741134643555,21700,0.0,0.0
2022-07-11 00:00:00-04:00,28.819014579685646,29.064742878454805,28.819014579685646,28.995939254760742,19300,0.0,0.0
2022-07-12 00:00:00-04:00,28.81901252348923,29.379272704747827,28.81901252348923,29.045082092285156,30900,0.0,0.0
2022-07-13 00:00:00-04:00,28.819014792566385,28.97628075495969,27.983538195628103,28.189950942993164,49500,0.0,0.0
2022-07-14 00:00:00-04:00,27.96387996732353,28.140802760158945,27.236522583937454,27.521568298339844,26400,0.0,0.0
2022-07-15 00:00:00-04:00,27.944220832148318,28.543798446655273,27.492079813489195,28.543798446655273,45000,0.0,0.0
2022-07-18 00:00:00-04:00,28.691236001799897,29.064742182086523,28.435678352231953,28.602773666381836,24000,0.0,0.0
2022-07-19 00:00:00-04:00,28.917304619871324,29.477564809052872,27.885246573985103,29.418590545654297,44200,0.0,0.0
2022-07-20 00:00:00-04:00,29.526711183940396,29.831413727851615,29.320298452752922,29.801925659179688,37700,0.0,0.0
2022-07-21 00:00:00-04:00,29.6151748064686,30.008341598427332,29.487396911412752,29.88056182861328,71000,0.0,0.0
2022-07-22 00:00:00-04:00,30.02799426174356,30.02799426174356,29.526710233758383,29.742950439453125,39500,0.0,0.0
2022-07-25 00:00:00-04:00,29.752778520864446,30.401500984917806,29.752778520864446,30.30320930480957,26900,0.0,0.0
2022-07-26 00:00:00-04:00,29.98868136592236,30.480137956236213,29.811756693448075,30.25406837463379,22200,0.0,0.0
2022-07-27 00:00:00-04:00,30.283554635646368,31.08954314554143,30.21475101281505,30.843814849853516,55100,0.0,0.0
2022-07-28 00:00:00-04:00,30.873302495629453,31.17800505315943,30.509625672877753,31.109201431274414,115400,0.0,0.0
2022-07-29 00:00:00-04:00,31.551507495625998,32.24937861275817,31.187830715948035,32.1019401550293,55200,0.0,0.0
2022-08-01 00:00:00-04:00,32.21005945273682,33.01604781259529,32.04296229302612,32.69168472290039,67800,0.0,0.0
2022-08-02 00:00:00-04:00,32.662208557128906,32.799815819408764,32.210069338347466,32.662208557128906,30400,0.0,0.0
2022-08-03 00:00:00-04:00,32.91776547178018,33.34041470790611,32.760499506158595,33.261783599853516,37500,0.0,0.0
2022-08-04 00:00:00-04:00,33.458364067672676,34.146404013153216,32.20023270323179,32.21006393432617,31300,0.0,0.0
2022-08-05 00:00:00-04:00,32.00365333358525,32.436133767323774,31.993822102411595,32.11177062988281,34400,0.0,0.0
2022-08-08 00:00:00-04:00,32.34767159823249,32.43613393166312,31.934849875233596,32.062625885009766,148300,0.0,0.0
2022-08-09 00:00:00-04:00,32.062622920835,32.91775998144613,31.541680199635564,32.288692474365234,102300,0.0,0.0
2022-08-10 00:00:00-04:00,32.7513738910308,33.78500530446958,32.49542477594254,33.1746711730957,50200,0.05,0.0
2022-08-11 00:00:00-04:00,33.538900777766955,33.785003662109375,33.08607237183257,33.785003662109375,36000,0.0,0.0
2022-08-12 00:00:00-04:00,34.00157130051448,34.47408833082602,33.67671372985755,34.444557189941406,40700,0.0,0.0
2022-08-15 00:00:00-04:00,34.15907556752448,34.9072265625,33.68655855671393,34.9072265625,43200,0.0,0.0
2022-08-16 00:00:00-04:00,34.56269547974788,35.80305257274394,34.56269547974788,35.773521423339844,46900,0.0,0.0
2022-08-17 00:00:00-04:00,35.419121814665964,35.50771899110859,35.14348782361402,35.39943313598633,31200,0.0,0.0
2022-08-18 00:00:00-04:00,33.952353339643146,35.77351306171922,33.952353339643146,35.714447021484375,32700,0.0,0.0
2022-08-19 00:00:00-04:00,35.65538517973354,35.734136145793926,34.85801052519333,35.27146530151367,104500,0.0,0.0
2022-08-22 00:00:00-04:00,35.035205484026854,35.19271117403704,34.552842196052715,35.113956451416016,54100,0.0,0.0
2022-08-23 00:00:00-04:00,35.00567718259101,35.37975087971442,34.35596568914824,34.5528450012207,55400,0.0,0.0
2022-08-24 00:00:00-04:00,34.415022199221056,34.74972223084227,34.08032216759984,34.22798538208008,42200,0.0,0.0
2022-08-25 00:00:00-04:00,34.25752203638076,34.90723352524337,34.25752203638076,34.84817123413086,32300,0.0,0.0
2022-08-26 00:00:00-04:00,34.79894431001415,35.03520471747613,33.94250737402409,34.040950775146484,50900,0.0,0.0
2022-08-29 00:00:00-04:00,33.69640415294038,33.85390983786319,33.47983242795962,33.53889846801758,57500,0.0,0.0
2022-08-30 00:00:00-04:00,33.52906161854131,33.85391550516273,33.2829587099487,33.79485321044922,41500,0.0,0.0
2022-08-31 00:00:00-04:00,33.75546793148355,34.04094813978974,33.095910338335855,33.1451301574707,70100,0.0,0.0
2022-09-01 00:00:00-04:00,33.066381117735126,33.14513208187686,32.71199239101805,33.03684997558594,60200,0.0,0.0
2022-09-02 00:00:00-04:00,33.361707228492705,33.78500450048436,32.623398557144306,32.89903259277344,62000,0.0,0.0
2022-09-06 00:00:00-04:00,32.98762029578235,33.53889196371824,32.3969750306754,32.6430778503418,38600,0.0,0.0
2022-09-07 00:00:00-04:00,32.92856367318868,33.883440223800896,32.60370609297024,33.84406661987305,60100,0.0,0.0
2022-09-08 00:00:00-04:00,33.51921431859649,33.88344556010555,32.702154641132125,33.814537048339844,34500,0.0,0.0
2022-09-09 00:00:00-04:00,34.22798567348628,34.375645133992116,34.09016867492154,34.14923095703125,34300,0.0,0.0
2022-09-12 00:00:00-04:00,34.36580705864451,34.45440424834955,34.07048434470507,34.1393928527832,37300,0.0,0.0
2022-09-13 00:00:00-04:00,33.568431659302746,33.93266662904385,33.086072112699405,33.282955169677734,62500,0.0,0.0
2022-09-14 00:00:00-04:00,33.27310925190877,33.54874703626025,32.96794407830708,33.204200744628906,38600,0.0,0.0
2022-09-15 00:00:00-04:00,33.03684660157277,33.627491915624866,32.40682017662419,33.391231536865234,38200,0.0,0.0
2022-09-16 00:00:00-04:00,33.26327002663341,33.863761724436564,32.70215569546084,33.79485321044922,146800,0.0,0.0
2022-09-19 00:00:00-04:00,33.34201279568906,34.44455625849946,33.34201279568906,34.31658172607422,40100,0.0,0.0
2022-09-20 00:00:00-04:00,34.19845908093928,34.34611856108431,33.785004275022644,34.20830154418945,29900,0.0,0.0
2022-09-21 00:00:00-04:00,34.22799138306154,34.40518576941161,33.755474271205415,33.82438278198242,30500,0.0,0.0
2022-09-22 00:00:00-04:00,33.75547533789105,33.75547533789105,32.82028354820931,33.007320404052734,33200,0.0,0.0
2022-09-23 00:00:00-04:00,32.59385920219258,32.59385920219258,32.00321016074784,32.475730895996094,28900,0.0,0.0
2022-09-26 00:00:00-04:00,32.47573870866904,32.77106142282148,32.27885564749006,32.544647216796875,35700,0.0,0.0
2022-09-27 00:00:00-04:00,32.7021516205696,32.77106012597052,32.04259395500555,32.27885437011719,30500,0.0,0.0
2022-09-28 00:00:00-04:00,32.40682145605274,33.79484513381417,32.09181010875739,33.65702438354492,181100,0.0,0.0
2022-09-29 00:00:00-04:00,33.23372694966682,33.3912326222157,32.77105614887215,33.37154769897461,78500,0.0,0.0
2022-09-30 00:00:00-04:00,33.31249081298713,33.95235989577768,33.027010529573964,33.12545394897461,77600,0.0,0.0
2022-10-03 00:00:00-04:00,33.292798497408405,34.237832689172045,33.22388998896098,34.20830154418945,73900,0.0,0.0
2022-10-04 00:00:00-04:00,34.42486929144482,35.45850055338846,34.42486929144482,35.300994873046875,627500,0.0,0.0
2022-10-05 00:00:00-04:00,34.93676200054226,35.29114694773608,34.71034407547943,34.89738464355469,48200,0.0,0.0
2022-10-06 00:00:00-04:00,34.95644908546769,35.16317834482061,34.58237543664784,34.71034622192383,26200,0.0,0.0
2022-10-07 00:00:00-04:00,34.58237616900601,34.58237616900601,33.97203835072518,34.1886100769043,37300,0.0,0.0
2022-10-10 00:00:00-04:00,34.23782925126568,34.690661375177136,34.13938960772023,34.34611511230469,33400,0.0,0.0
2022-10-11 00:00:00-04:00,34.3165851845465,34.81863339276348,34.13939081570949,34.39533615112305,36700,0.0,0.0
2022-10-12 00:00:00-04:00,34.385492745518015,34.84816733537416,34.04095023513476,34.631595611572266,36700,0.0,0.0
2022-10-13 00:00:00-04:00,34.178766133794184,36.541351318359375,34.178766133794184,36.541351318359375,65400,0.0,0.0
2022-10-14 00:00:00-04:00,36.74807986178752,36.81698836030147,35.50771937807328,35.53725051879883,68000,0.0,0.0
2022-10-17 00:00:00-04:00,35.95070863421501,36.47244553049539,35.36990569571668,35.54710006713867,179700,0.0,0.0
2022-10-18 00:00:00-04:00,36.14759254445082,36.30509823887238,35.281309347516284,35.45850372314453,101200,0.0,0.0
2022-10-19 00:00:00-04:00,35.20255441913241,36.19681216054521,35.20255441913241,36.18696594238281,54900,0.0,0.0
2022-10-20 00:00:00-04:00,35.95070676659626,36.246029451880446,34.88754059329519,35.2911491394043,40700,0.0,0.0
2022-10-21 00:00:00-04:00,35.43881207905281,36.098365945790654,35.192709217392725,35.950706481933594,57200,0.0,0.0
2022-10-24 00:00:00-04:00,36.15743709413763,36.689020251700825,35.734139811844585,36.43307113647461,45100,0.0,0.0
2022-10-25 00:00:00-04:00,36.40354058299415,37.072940772619404,36.14759521883496,36.85636901855469,43900,0.0,0.0
2022-10-26 00:00:00-04:00,36.92527238399924,37.4568554761267,36.71854687769359,36.95480728149414,36200,0.0,0.0
2022-10-27 00:00:00-04:00,37.22060031472492,37.9096853632765,37.15169180986976,37.28950881958008,62200,0.0,0.0
2022-10-28 00:00:00-04:00,38.29360814875475,38.83503371276402,37.59467314261586,38.75627899169922,111400,0.0,0.0
2022-10-31 00:00:00-04:00,38.559397040913346,39.23864338610406,38.39204888673887,38.953163146972656,82800,0.0,0.0
2022-11-01 00:00:00-04:00,39.17957670056428,39.24848520470887,36.69885928566363,38.52986526489258,55900,0.0,0.0
2022-11-02 00:00:00-04:00,38.43142355201645,38.81534341311066,37.84077443436783,37.98843765258789,60500,0.0,0.0
2022-11-03 00:00:00-04:00,37.70295534844792,37.88999591521389,37.36825532685934,37.4470100402832,70400,0.0,0.0
2022-11-04 00:00:00-04:00,37.92937008833574,38.70705599657566,37.38794456869672,38.59877014160156,81000,0.0,0.0
2022-11-07 00:00:00-05:00,38.77596405615213,39.33707824810436,38.77596405615213,39.18941879272461,62500,0.0,0.0
2022-11-08 00:00:00-05:00,39.34693036081886,39.34693036081886,38.78581608478727,39.150047302246094,54100,0.0,0.0
2022-11-09 00:00:00-05:00,38.98248003975877,39.31760139038961,38.66707215210135,39.13032913208008,65800,0.05,0.0
2022-11-10 00:00:00-05:00,39.90900019885615,41.00306936413494,39.90900019885615,40.88479232788086,96000,0.0,0.0
2022-11-11 00:00:00-05:00,40.934067961195694,41.58459720276682,39.76114510804795,39.89913558959961,51300,0.0,0.0
2022-11-14 00:00:00-05:00,40.06670319653517,40.94393173408983,39.52459229358872,40.09627151489258,48700,0.0,0.0
2022-11-15 00:00:00-05:00,40.26382219685949,40.95377831214589,38.29252115887453,40.382102966308594,65300,0.0,0.0
2022-11-16 00:00:00-05:00,40.40182172358861,40.50038528442383,39.908996399494846,40.50038528442383,35400,0.0,0.0
2022-11-17 00:00:00-05:00,40.096268625267264,40.52009870432165,39.64287022998638,40.372249603271484,36100,0.0,0.0
2022-11-18 00:00:00-05:00,40.973501550219694,41.01292848277688,40.01741911548388,40.21455001831055,44900,0.0,0.0
2022-11-21 00:00:00-05:00,39.94841722242484,40.57923299863534,39.94841722242484,40.36239242553711,49300,0.0,0.0
2022-11-22 00:00:00-05:00,40.48067418080275,40.845363889109706,40.22440665171223,40.63837814331055,38800,0.0,0.0
2022-11-23 00:00:00-05:00,40.58909749314783,40.815796710584124,40.26383094641805,40.32297134399414,28400,0.0,0.0
2022-11-25 00:00:00-05:00,40.56938264157764,40.80594046384286,40.411678680053846,40.71723175048828,14500,0.0,0.0
2022-11-28 00:00:00-05:00,40.59893968283542,40.707361831260606,39.721711405516,39.790706634521484,31400,0.0,0.0
2022-11-29 00:00:00-05:00,39.80057114356235,40.106120414458324,39.623153739835026,39.87942123413086,34200,0.0,0.0
2022-11-30 00:00:00-05:00,39.82029147279237,40.67780656537171,39.49502492321724,40.62852478027344,63500,0.0,0.0
2022-12-01 00:00:00-05:00,40.8946482012394,40.8946482012394,39.889284060533726,40.441246032714844,60300,0.0,0.0
2022-12-02 00:00:00-05:00,40.22440199252145,40.736940751294206,40.22440199252145,40.61865997314453,38400,0.0,0.0
2022-12-05 00:00:00-05:00,40.42153661143377,40.53981741155493,38.86421034276504,39.72172546386719,100900,0.0,0.0
2022-12-06 00:00:00-05:00,39.435883768347075,39.672441596222086,39.140189303472646,39.376747131347656,59100,0.0,0.0
2022-12-07 00:00:00-05:00,39.199333755514644,39.37675120478456,38.2629647199144,38.272823333740234,54500,0.0,0.0
2022-12-08 00:00:00-05:00,38.302383488379604,38.47980089982019,37.30687426196757,37.4547233581543,54900,0.0,0.0
2022-12-09 00:00:00-05:00,37.454729760665224,37.60257888212527,36.84362732788509,36.87319564819336,86400,0.0,0.0
2022-12-12 00:00:00-05:00,36.96189939060209,37.454724715810116,36.59720970273662,37.060462951660156,94500,0.0,0.0
2022-12-13 00:00:00-05:00,37.799702395529074,38.11511031501512,36.31137151045173,36.66620635986328,92600,0.0,0.0
2022-12-14 00:00:00-05:00,36.53807120372491,36.892906057857545,36.074814170834074,36.25223159790039,75100,0.0,0.0
2022-12-15 00:00:00-05:00,35.71998595974553,36.30152007096522,35.71998595974553,36.232521057128906,76600,0.0,0.0
2022-12-16 00:00:00-05:00,35.877688729697226,36.40993727602617,35.57213564424457,35.77912139892578,200600,0.0,0.0
2022-12-19 00:00:00-05:00,36.02552592696251,36.45921456421794,35.96638930185194,36.0649528503418,92500,0.0,0.0
2022-12-20 00:00:00-05:00,36.153665960919746,36.47892871860486,35.97624854401557,36.16352081298828,109700,0.0,0.0
2022-12-21 00:00:00-05:00,36.40993624689341,37.16888775256518,36.15366871404952,36.73520278930664,136800,0.0,0.0
2022-12-22 00:00:00-05:00,36.60706401118973,36.63663232707625,35.729835546941,35.98610305786133,139800,0.0,0.0
2022-12-23 00:00:00-05:00,36.084675154370416,36.69577757666299,35.917112568927394,36.51836013793945,118900,0.0,0.0
2022-12-27 00:00:00-05:00,36.597212240236125,36.764771057644445,36.22266391431992,36.350799560546875,90600,0.0,0.0
2022-12-28 00:00:00-05:00,36.35079741272905,37.208312434592095,35.79883168925322,35.877685546875,60900,0.0,0.0
2022-12-29 00:00:00-05:00,36.17338355878762,37.060466984722595,35.64113124725109,36.3409423828125,54900,0.0,0.0
2022-12-30 00:00:00-05:00,36.17337813233406,36.71548521574255,36.03538764855284,36.685916900634766,78300,0.0,0.0
2023-01-03 00:00:00-05:00,36.72534703823378,37.01118667172599,35.63127781203705,35.81855010986328,73700,0.0,0.0
2023-01-04 00:00:00-05:00,35.82840286259861,36.557786063920695,35.38486303796727,35.60170364379883,64700,0.0,0.0
2023-01-05 00:00:00-05:00,35.13844646694857,35.46370921970209,34.76389817472318,34.961029052734375,56600,0.0,0.0
2023-01-06 00:00:00-05:00,35.30601034051197,36.2423793255927,34.94132060778175,35.67070007324219,45400,0.0,0.0
2023-01-09 00:00:00-05:00,35.84811569557345,36.045246591906,35.02016893894401,35.118736267089844,45100,0.0,0.0
2023-01-10 00:00:00-05:00,34.970883696741055,35.788975519638136,34.970883696741055,35.29615020751953,36400,0.0,0.0
2023-01-11 00:00:00-05:00,35.54256166318496,35.58198482925435,35.099018145266456,35.35528564453125,45500,0.0,0.0
2023-01-12 00:00:00-05:00,35.56228460002488,36.52822198528592,35.17787760878338,35.90726089477539,40000,0.0,0.0
2023-01-13 00:00:00-05:00,35.512993265031575,36.09452732429058,35.345434452004596,35.94668197631836,32900,0.0,0.0
2023-01-17 00:00:00-05:00,36.03539035704001,36.25223095072633,35.64112857949564,35.769264221191406,69000,0.0,0.0
2023-01-18 00:00:00-05:00,35.68056041949545,35.68056041949545,34.74419138893647,34.81318664550781,43800,0.0,0.0
2023-01-19 00:00:00-05:00,34.616047308485285,35.020163895789736,34.52733860590828,34.921600341796875,54900,0.0,0.0
2023-01-20 00:00:00-05:00,35.17787114656429,35.41442896233697,34.901890161461935,35.335575103759766,64300,0.0,0.0
2023-01-23 00:00:00-05:00,35.25672996821343,35.26658482194338,34.980748944261364,35.020172119140625,44300,0.0,0.0
2023-01-24 00:00:00-05:00,34.862459900326165,35.08915908213132,34.73432803232232,34.79346466064453,32300,0.0,0.0
2023-01-25 00:00:00-05:00,34.527344699956906,34.980746904241485,34.261218545254835,34.80332946777344,49800,0.0,0.0
2023-01-26 00:00:00-05:00,34.862465194354726,35.237013523759465,34.54705726221151,34.911746978759766,47500,0.0,0.0
2023-01-27 00:00:00-05:00,34.87232387410784,35.6312753872706,34.63576604456706,35.16801834106445,47200,0.0,0.0
2023-01-30 00:00:00-05:00,35.33557437571044,36.46907412967022,35.315864671431164,35.95653533935547,75900,0.0,0.0
2023-01-31 00:00:00-05:00,36.094527996660695,36.55778503417969,35.82840185340249,36.55778503417969,91600,0.0,0.0
2023-02-01 00:00:00-05:00,36.46907570073069,36.745056692035824,36.12409946159927,36.331085205078125,62900,0.0,0.0
2023-02-02 00:00:00-05:00,36.46907610336504,37.2083141324873,36.20294996168594,37.149173736572266,59300,0.0,0.0
2023-02-03 00:00:00-05:00,36.991473065173025,38.331958745502725,36.754918980385064,38.20382308959961,100900,0.0,0.0
2023-02-06 00:00:00-05:00,38.046112618092984,38.213675179508655,37.40544196786746,37.760276794433594,44000,0.0,0.0
2023-02-07 00:00:00-05:00,37.69128338386581,38.430521388497425,37.28716675839888,38.31224060058594,46200,0.0,0.0
2023-02-08 00:00:00-05:00,38.035903396447665,38.23328817895077,37.48322675839929,38.06550979614258,49900,0.05,0.0
2023-02-09 00:00:00-05:00,38.07537942592501,38.38132224874433,37.35492443685676,37.43387985229492,42600,0.0,0.0
2023-02-10 00:00:00-05:00,37.404277960660686,37.8385215034873,37.02924722174568,37.61153030395508,63300,0.0,0.0
2023-02-13 00:00:00-05:00,37.61152902443629,38.183940776652776,37.61152902443629,38.045772552490234,46200,0.0,0.0
2023-02-14 00:00:00-05:00,38.05564226917256,38.05564226917256,37.06872212099196,37.48322677612305,42300,0.0,0.0
2023-02-15 00:00:00-05:00,37.3746649397825,38.12472636033399,37.127934902854015,38.06550979614258,36300,0.0,0.0
2023-02-16 00:00:00-05:00,37.69048034898163,38.04577221643374,37.53257327064755,37.63126754760742,37100,0.0,0.0
2023-02-17 00:00:00-05:00,37.82864661851111,38.18393466745582,37.52270005338525,37.95694351196289,56300,0.0,0.0
2023-02-21 00:00:00-05:00,37.7595657047783,37.769437015200445,37.197021484375,37.197021484375,34400,0.0,0.0
2023-02-22 00:00:00-05:00,37.226632187878096,37.43388453211089,36.91081801624662,37.167415618896484,54400,0.0,0.0
2023-02-23 00:00:00-05:00,37.29571533203125,37.621397040949766,37.06872413737851,37.29571533203125,27800,0.0,0.0
2023-02-24 00:00:00-05:00,37.00951111565815,37.40428074014603,36.70356446843993,37.019378662109375,43000,0.0,0.0
2023-02-27 00:00:00-05:00,37.17728127121368,37.414143770274784,36.65421478198928,36.841732025146484,31600,0.0,0.0
2023-02-28 00:00:00-05:00,36.85160269714628,38.035907763332844,36.63447903498483,36.66408920288086,101200,0.0,0.0
2023-03-01 00:00:00-05:00,36.604871919288634,37.24637158238527,36.525916492838974,37.13780975341797,56100,0.0,0.0
2023-03-02 00:00:00-05:00,36.89107814581617,37.26610511131819,36.673954496987356,37.22663116455078,47600,0.0,0.0
2023-03-03 00:00:00-05:00,37.35492443685676,37.72995513058518,37.08845932175652,37.43387985229492,41900,0.0,0.0
2023-03-06 00:00:00-05:00,37.483228276949184,37.75956472476774,37.048984749691215,37.325321197509766,78300,0.0,0.0
2023-03-07 00:00:00-05:00,37.275976139977494,37.414144364623986,35.815334706168905,36.29892349243164,75100,0.0,0.0
2023-03-08 00:00:00-05:00,36.38774920612526,36.63447927298361,36.06206747556929,36.289058685302734,55800,0.0,0.0
2023-03-09 00:00:00-05:00,36.091671513005664,36.50617995585326,34.00926928285667,34.10796356201172,62200,0.0,0.0
2023-03-10 00:00:00-05:00,33.446721725486675,34.01913719296775,32.084770927688105,32.84469985961914,74400,0.0,0.0
2023-03-13 00:00:00-04:00,31.30510984614112,32.400593815192416,29.755645345232764,30.96955680847168,124800,0.0,0.0
2023-03-14 00:00:00-04:00,34.07835395434927,34.62116308659322,31.897261174102706,32.193336486816406,102400,0.0,0.0
2023-03-15 00:00:00-04:00,30.742561366778112,32.607841673929656,30.022110130831063,32.232810974121094,105900,0.0,0.0
2023-03-16 00:00:00-04:00,31.80843472850158,34.30534140481081,30.97942168459791,33.05195617675781,123400,0.0,0.0
2023-03-17 00:00:00-04:00,32.83483710055431,32.83483710055431,30.37740590908573,30.624135971069336,155500,0.0,0.0
2023-03-20 00:00:00-04:00,31.068246936277333,31.453147088017065,30.347795653832478,30.5550479888916,91400,0.0,0.0
2023-03-21 00:00:00-04:00,31.43340826560058,32.440065423575696,31.41366941012634,31.8577823638916,103300,0.0,0.0
2023-03-22 00:00:00-04:00,31.867654508397166,31.867654508397166,29.706298719800913,29.893814086914062,89000,0.0,0.0
2023-03-23 00:00:00-04:00,30.140541471889968,30.969552643729074,28.660161286804623,28.808198928833008,85800,0.0,0.0
2023-03-24 00:00:00-04:00,28.285133190814427,30.16028122147564,27.969319023427392,30.031982421875,130100,0.0,0.0
2023-03-27 00:00:00-04:00,30.545183274786865,30.545183274786865,29.89381604365341,29.962900161743164,111700,0.0,0.0
2023-03-28 00:00:00-04:00,29.59773711147869,30.249104304756642,29.459568883329105,29.518783569335938,122300,0.0,0.0
2023-03-29 00:00:00-04:00,29.81485703106526,30.09119535261214,29.40035237234616,29.913549423217773,118200,0.0,0.0
2023-03-30 00:00:00-04:00,30.091196386358288,30.091196386358288,28.670030784781783,28.87728500366211,49400,0.0,0.0
2023-03-31 00:00:00-04:00,29.045062905297087,29.499045311221074,28.827939248202163,29.23257827758789,107000,0.0,0.0
2023-04-03 00:00:00-04:00,29.459567839822896,29.84446610883498,29.212837794066257,29.5779972076416,103100,0.0,0.0
2023-04-04 00:00:00-04:00,29.77538474429152,29.77538474429152,28.304873761800355,28.521995544433594,55700,0.0,0.0
2023-04-05 00:00:00-04:00,28.344345567281533,28.38382327618898,28.0976155338123,28.245655059814453,39600,0.0,0.0
2023-04-06 00:00:00-04:00,28.117357444863448,28.57134173464722,27.949580928569592,27.99892807006836,45100,0.0,0.0
2023-04-10 00:00:00-04:00,27.969320957465648,28.492389384870428,27.683113171979713,27.752199172973633,89100,0.0,0.0
2023-04-11 00:00:00-04:00,27.94957941623399,28.087747640152386,27.308081670668905,27.50546646118164,78300,0.0,0.0
2023-04-12 00:00:00-04:00,27.663373403169942,27.7818027709684,27.20938914020688,27.36729621887207,46900,0.0,0.0
2023-04-13 00:00:00-04:00,27.554811025192397,27.82127992096831,27.219258019193283,27.65350341796875,34600,0.0,0.0
2023-04-14 00:00:00-04:00,27.979187445693487,27.99892630104586,26.992267266885257,27.229127883911133,81600,0.0,0.0
2023-04-17 00:00:00-04:00,27.229128294601242,27.712718963623047,27.061351786377276,27.712718963623047,42300,0.0,0.0
2023-04-18 00:00:00-04:00,27.6929792143203,28.827937023962782,26.76527561751386,27.00213623046875,51100,0.0,0.0
2023-04-19 00:00:00-04:00,27.169913453666783,28.028532963093753,26.98239809087204,27.83115005493164,55200,0.0,0.0
2023-04-20 00:00:00-04:00,27.554811025192397,27.860755748638354,27.367295667157403,27.65350341796875,41000,0.0,0.0
2023-04-21 00:00:00-04:00,27.564680178356724,27.564680178356724,26.93305188271601,27.051481246948242,42800,0.0,0.0
2023-04-24 00:00:00-04:00,26.97252861694831,27.39690459825192,26.676453314011354,26.854097366333008,53700,0.0,0.0
2023-04-25 00:00:00-04:00,26.706060718337927,26.933053800346393,25.610580550388107,25.748748779296875,51500,0.0,0.0
2023-04-26 00:00:00-04:00,25.956001008595393,26.331031745986728,25.087512044069708,26.261947631835938,85400,0.0,0.0
2023-04-27 00:00:00-04:00,26.35076815878011,26.646843444087448,25.640184462201294,25.70926856994629,103900,0.0,0.0
2023-04-28 00:00:00-04:00,25.502018822070585,26.37050779377164,25.502018822070585,26.212600708007812,81200,0.0,0.0
2023-05-01 00:00:00-04:00,26.182994779194246,26.498808956430352,25.946134146267166,26.439594268798828,72500,0.0,0.0
2023-05-02 00:00:00-04:00,26.242209349517296,26.242209349517296,23.893338122622016,24.27823829650879,102900,0.0,0.0
2023-05-03 00:00:00-04:00,24.347323784740006,25.47241232014086,24.209155545627922,24.307846069335938,134200,0.0,0.0
2023-05-04 00:00:00-04:00,23.745299376994414,24.278237186124393,22.58073324510376,23.617000579833984,94900,0.0,0.0
2023-05-05 00:00:00-04:00,24.200500333983033,25.011470894019812,24.11149139308073,24.932350158691406,96600,0.05,0.0
2023-05-08 00:00:00-04:00,25.24882940491695,25.318058167371998,24.319181442260742,24.319181442260742,70500,0.0,0.0
2023-05-09 00:00:00-04:00,24.101603411930032,24.38840853479749,23.95325391815006,24.16094207763672,62400,0.0,0.0
2023-05-10 00:00:00-04:00,24.586206365492338,24.704883695762756,24.05215272024899,24.625764846801758,77800,0.0,0.0
2023-05-11 00:00:00-04:00,24.240061245192983,24.675215867546115,24.160942394432613,24.269731521606445,80400,0.0,0.0
2023-05-12 00:00:00-04:00,24.418079130989362,24.418079130989362,23.95325423222277,24.269731521606445,58600,0.0,0.0
2023-05-15 00:00:00-04:00,24.299403068226972,25.100481772030488,24.299403068226972,24.665328979492188,80500,0.0,0.0
2023-05-16 00:00:00-04:00,24.823563775369102,25.1004788131885,24.655435979689237,24.685104370117188,61800,0.0,0.0
2023-05-17 00:00:00-04:00,25.070811379637483,26.81142807006836,25.070811379637483,26.81142807006836,95700,0.0,0.0
2023-05-18 00:00:00-04:00,26.692746911963543,27.59272452674255,26.20814372603194,27.464157104492188,103400,0.0,0.0
2023-05-19 00:00:00-04:00,27.800414553769357,28.196008825382293,26.920215177295507,27.197132110595703,100500,0.0,0.0
2023-05-22 00:00:00-04:00,27.4641567953043,27.820190668635206,26.99933191209958,27.66195297241211,76000,0.0,0.0
2023-05-23 00:00:00-04:00,27.58283314593639,28.947635585378695,27.30591813053922,28.334463119506836,129300,0.0,0.0
2023-05-24 00:00:00-04:00,28.057551108462807,28.34435624602647,26.99933384547336,27.00922393798828,81200,0.0,0.0
2023-05-25 00:00:00-04:00,26.841095774543664,27.27625040759776,26.67296797675064,26.93999481201172,44100,0.0,0.0
2023-05-26 00:00:00-04:00,26.781757294227045,27.147683169519777,26.514730457095236,27.12790298461914,31300,0.0,0.0
2023-05-30 00:00:00-04:00,27.09823333891059,27.09823333891059,26.45539240539378,26.732309341430664,33700,0.0,0.0
2023-05-31 00:00:00-04:00,26.593848996253687,26.593848996253687,25.525743546684176,26.099355697631836,82500,0.0,0.0
2023-06-01 00:00:00-04:00,26.129025001260178,26.71252722280441,25.743320846333102,26.42572021484375,46400,0.0,0.0
2023-06-02 00:00:00-04:00,26.7520881915318,28.670722825266743,26.7520881915318,27.869644165039062,73500,0.0,0.0
2023-06-05 00:00:00-04:00,27.879534756168486,27.919093242071433,26.752088669627664,26.979557037353516,65600,0.0,0.0
2023-06-06 00:00:00-04:00,26.88065619478375,29.07620577627417,26.623519451418563,28.73995018005371,64000,0.0,0.0
2023-06-07 00:00:00-04:00,29.066314654512535,30.045411131300863,28.779509530447516,29.719045639038086,81800,0.0,0.0
2023-06-08 00:00:00-04:00,29.63992878177162,29.63992878177162,28.85863032075853,29.37290382385254,67100,0.0,0.0
2023-06-09 00:00:00-04:00,29.283895494916536,29.62015110894576,28.739951702178743,28.97730827331543,36500,0.0,0.0
2023-06-12 00:00:00-04:00,29.006977584372226,29.50147089599558,28.344356471343243,28.690502166748047,49000,0.0,0.0
2023-06-13 00:00:00-04:00,28.680615414212344,29.808059692382812,28.542157874462987,29.808059692382812,52400,0.0,0.0
2023-06-14 00:00:00-04:00,29.689380160727108,30.36189139530149,29.194886827815633,29.392683029174805,76700,0.0,0.0
2023-06-15 00:00:00-04:00,29.18499478404267,29.906954549114754,27.839972404796512,29.738826751708984,60700,0.0,0.0
2023-06-16 00:00:00-04:00,30.084972504181046,30.084972504181046,29.056425532797373,29.086095809936523,73200,0.0,0.0
2023-06-20 00:00:00-04:00,29.076205656873423,29.71904656947546,28.433364744271387,28.512483596801758,64200,0.0,0.0
2023-06-21 00:00:00-04:00,28.354246327267074,28.482813757225404,27.89931150347289,27.92898178100586,53800,0.0,0.0
2023-06-22 00:00:00-04:00,27.790526353915443,27.790526353915443,27.01911605697507,27.2366943359375,47200,0.0,0.0
2023-06-23 00:00:00-04:00,26.81142769510701,27.256470539368227,26.455391910624225,27.048784255981445,176000,0.0,0.0
2023-06-26 00:00:00-04:00,27.00922308253419,27.52349655896812,26.62351891837985,26.643299102783203,46100,0.0,0.0
2023-06-27 00:00:00-04:00,26.752087454651758,27.157571820038918,26.485062499492564,26.544401168823242,59400,0.0,0.0
2023-06-28 00:00:00-04:00,26.5740737146659,26.821320392044715,26.30704685037459,26.613632202148438,53900,0.0,0.0
2023-06-29 00:00:00-04:00,26.841096514308166,27.483939332396723,26.761977659421586,26.771867752075195,47100,0.0,0.0
2023-06-30 00:00:00-04:00,27.09823469837994,27.09823469837994,26.534512591686706,26.78175926208496,68000,0.0,0.0
2023-07-03 00:00:00-04:00,26.771868855750323,27.335590955849547,26.771868855750323,26.979557037353516,22300,0.0,0.0
2023-07-05 00:00:00-04:00,26.939994323464663,27.019113174735867,26.465281215837443,26.643299102783203,43500,0.0,0.0
2023-07-06 00:00:00-04:00,26.336712254609257,26.66307775624599,25.674091159002284,26.099355697631836,69700,0.0,0.0
2023-07-07 00:00:00-04:00,26.13891282275317,27.21690823086155,26.13891282275317,26.702634811401367,70600,0.0,0.0
2023-07-10 00:00:00-04:00,26.534510877793345,27.365259787579873,26.534510877793345,26.66307830810547,32900,0.0,0.0
2023-07-11 00:00:00-04:00,26.870765512815915,27.177350825110555,26.5345099239732,26.989444732666016,41400,0.0,0.0
2023-07-12 00:00:00-04:00,27.375150117070888,27.909201914360697,27.375150117070888,27.424598693847656,47500,0.0,0.0
2023-07-13 00:00:00-04:00,27.60261731618239,28.037771971392264,27.572947037528646,27.869644165039062,54500,0.0,0.0
2023-07-14 00:00:00-04:00,28.146556469758366,28.146556469758366,27.236690649403464,27.464157104492188,36300,0.0,0.0
2023-07-17 00:00:00-04:00,27.424598380998997,28.374026512289053,27.424598380998997,27.92898178100586,31300,0.0,0.0
2023-07-18 00:00:00-04:00,27.958653320419113,28.739951800627583,27.958653320419113,28.63116455078125,45800,0.0,0.0
2023-07-19 00:00:00-04:00,28.8487412910323,29.580591201782227,28.482815392486152,29.580591201782227,78900,0.0,0.0
2023-07-20 00:00:00-04:00,29.53114324363037,29.53114324363037,28.977309337627243,29.4915828704834,64100,0.0,0.0
2023-07-21 00:00:00-04:00,29.669601311117916,29.669601311117916,29.086099001091867,29.175107955932617,57500,0.0,0.0
2023-07-24 00:00:00-04:00,29.145438502186966,30.075086564478717,29.145438502186966,29.808059692382812,44600,0.0,0.0
2023-07-25 00:00:00-04:00,29.758606567464902,30.32232862050019,29.392680700115527,29.97618293762207,58900,0.0,0.0
2023-07-26 00:00:00-04:00,29.976183484770917,30.846492753969596,29.91684481661627,30.539905548095703,128700,0.0,0.0
2023-07-27 00:00:00-04:00,30.816820712710463,30.816820712710463,28.502592037385064,28.542152404785156,149500,0.0,0.0
2023-07-28 00:00:00-04:00,28.8882999779929,29.669600359572662,28.69050377406785,29.4619140625,75800,0.0,0.0
2023-07-31 00:00:00-04:00,29.402570529294245,29.8179449677633,28.77950981476176,28.908077239990234,113500,0.0,0.0
2023-08-01 00:00:00-04:00,28.789399369963203,31.143186553159673,28.374024939241217,28.95752716064453,48400,0.0,0.0
2023-08-02 00:00:00-04:00,28.512484383796988,29.442132341445447,28.492704198532866,28.91796875,47300,0.0,0.0
2023-08-03 00:00:00-04:00,28.75973129272461,29.076206714356093,28.502594541063452,28.75973129272461,47600,0.0,0.0
2023-08-04 00:00:00-04:00,28.749842939624294,29.38279382118636,28.749842939624294,29.145437240600586,39400,0.0,0.0
2023-08-07 00:00:00-04:00,29.33334363308016,29.560810107880496,29.006978116871146,29.25422477722168,53600,0.0,0.0
2023-08-08 00:00:00-04:00,28.71028105607395,28.977305998678045,27.919090661382217,28.908077239990234,37200,0.0,0.0
2023-08-09 00:00:00-04:00,28.74957113821866,28.848639643923793,28.11553383545056,28.254230499267578,71800,0.05,0.0
2023-08-10 00:00:00-04:00,28.27404486903896,28.630688847840055,27.778704224994755,27.828237533569336,57900,0.0,0.0
2023-08-11 00:00:00-04:00,27.758889327763324,28.02637372116313,27.511219013039327,27.996652603149414,49800,0.0,0.0
2023-08-14 00:00:00-04:00,27.80842263389705,27.91739817703562,27.461683815380784,27.719261169433594,41400,0.0,0.0
2023-08-15 00:00:00-04:00,27.322989333886255,27.422057838739054,26.877182006835938,26.877182006835938,63500,0.0,0.0
2023-08-16 00:00:00-04:00,26.807834892085783,27.372522919024544,26.807834892085783,27.283363342285156,95600,0.0,0.0
2023-08-17 00:00:00-04:00,27.29327030536542,28.135349826729218,27.29327030536542,28.046188354492188,82000,0.0,0.0
2023-08-18 00:00:00-04:00,27.68954275790083,28.353299296503046,27.570660171917396,27.828237533569336,159900,0.0,0.0
2023-08-21 00:00:00-04:00,27.818329673234604,27.93721225571073,27.531033090743673,27.719261169433594,61100,0.0,0.0
2023-08-22 00:00:00-04:00,27.798516176417284,27.877770603202077,26.98615782947949,27.005971908569336,63800,0.0,0.0
2023-08-23 00:00:00-04:00,26.95643535078628,27.095132007842814,26.43137550841882,26.847461700439453,85100,0.0,0.0
2023-08-24 00:00:00-04:00,26.718672886774034,27.223920555835942,26.718672886774034,27.164480209350586,54400,0.0,0.0
2023-08-25 00:00:00-04:00,27.23382759517926,27.491404949381874,26.540351847317957,27.164480209350586,100000,0.0,0.0
2023-08-28 00:00:00-04:00,27.233827599437827,27.46168383564612,27.035692481264135,27.09513282775879,38700,0.0,0.0
2023-08-29 00:00:00-04:00,27.12485260964678,27.164480767834778,26.847463060629124,26.93662452697754,50400,0.0,0.0
2023-08-30 00:00:00-04:00,26.877181732069456,27.055504661066582,26.540351842332665,26.956436157226562,51900,0.0,0.0
2023-08-31 00:00:00-04:00,26.976252424136465,27.214015718894377,26.936626153130828,27.015880584716797,69500,0.0,0.0
2023-09-01 00:00:00-04:00,27.18429507516508,27.788609376009138,27.005972140971075,27.620193481445312,104400,0.0,0.0
2023-09-05 00:00:00-04:00,27.59047374326459,27.59047374326459,26.887089059091622,26.946531295776367,48200,0.0,0.0
2023-09-06 00:00:00-04:00,26.9465304748666,26.9465304748666,26.302586157421185,26.352121353149414,56400,0.0,0.0
2023-09-07 00:00:00-04:00,26.24314445157336,26.480907710018744,26.0945426512418,26.47100067138672,114200,0.0,0.0
2023-09-08 00:00:00-04:00,26.48090826665273,26.768206724297315,26.05491504439322,26.58988380432129,45500,0.0,0.0
2023-09-11 00:00:00-04:00,26.62950978183035,26.698859052961527,26.19361141502383,26.322399139404297,56000,0.0,0.0
2023-09-12 00:00:00-04:00,26.510631007172336,26.73848724573339,26.3422151157197,26.461095809936523,29000,0.0,0.0
2023-09-13 00:00:00-04:00,26.262960159997554,26.302586427412386,25.86668803797661,25.99547576904297,28100,0.0,0.0
2023-09-14 00:00:00-04:00,26.213426021500254,26.758301864643084,26.163892712839363,26.718673706054688,41500,0.0,0.0
2023-09-15 00:00:00-04:00,26.718674856600686,26.847464487984244,26.045013137760503,26.193614959716797,177900,0.0,0.0
2023-09-18 00:00:00-04:00,26.203519267144543,26.223331455651156,25.866687498063765,26.084636688232422,45600,0.0,0.0
2023-09-19 00:00:00-04:00,26.045013148058544,26.26296236104231,25.549672481625247,25.985570907592773,92100,0.0,0.0
2023-09-20 00:00:00-04:00,26.045012068624967,26.29268239157694,25.827060975099485,25.95585060119629,43800,0.0,0.0
2023-09-21 00:00:00-04:00,25.74780573690932,25.906314587443447,25.44069507519627,25.50013542175293,59900,0.0,0.0
2023-09-22 00:00:00-04:00,25.510042194146102,25.5496703511522,24.905726026824812,25.44069480895996,56800,0.0,0.0
2023-09-25 00:00:00-04:00,25.341623608595516,25.75770976499768,25.202928852986236,25.609107971191406,31500,0.0,0.0
2023-09-26 00:00:00-04:00,25.371347702285213,25.777526868183863,25.173210694228754,25.29209327697754,37000,0.0,0.0
2023-09-27 00:00:00-04:00,25.351533902711566,25.450602407830644,24.876007345629475,24.935447692871094,39200,0.0,0.0
2023-09-28 00:00:00-04:00,25.004794260576976,25.470413762938836,25.004794260576976,25.103862762451172,27600,0.0,0.0
2023-09-29 00:00:00-04:00,25.093956794690612,25.490228929531693,25.024609407290246,25.410974502563477,64800,0.0,0.0
2023-10-02 00:00:00-04:00,25.242559713027134,25.37134934346714,25.093957892159544,25.163305282592773,59600,0.0,0.0
2023-10-03 00:00:00-04:00,25.05432863351421,25.28218485763988,24.667961677850634,24.717496871948242,47900,0.0,0.0
2023-10-04 00:00:00-04:00,24.727403362418734,25.500135426084775,24.727403362418734,25.430788040161133,52900,0.0,0.0
2023-10-05 00:00:00-04:00,25.737898958258274,25.93603596822017,25.44069533288999,25.906314849853516,47000,0.0,0.0
2023-10-06 00:00:00-04:00,25.62892723083496,26.09454678281568,25.391162045169587,25.62892723083496,52600,0.0,0.0
2023-10-09 00:00:00-04:00,25.33171818807808,25.965753556580562,25.13358308020828,25.827058792114258,40600,0.0,0.0
2023-10-10 00:00:00-04:00,25.995477405319495,26.371937362116437,25.926130015797597,26.00538444519043,28300,0.0,0.0
2023-10-11 00:00:00-04:00,25.96575493015627,26.362028946007467,25.510042457331757,25.846874237060547,36300,0.0,0.0
2023-10-12 00:00:00-04:00,25.787433350433137,25.787433350433137,25.262371613129122,25.45060157775879,47600,0.0,0.0
2023-10-13 00:00:00-04:00,25.698272456048315,25.698272456048315,24.519361225614656,24.806659698486328,63000,0.0,0.0
2023-10-16 00:00:00-04:00,25.054331639433567,25.25246677087214,24.786847227938093,25.02461051940918,36400,0.0,0.0
2023-10-17 00:00:00-04:00,24.885913305074165,25.71808379906514,24.747216648096927,25.59920310974121,76400,0.0,0.0
2023-10-18 00:00:00-04:00,25.44069203008804,25.44069203008804,24.96516553540352,24.98497772216797,27900,0.0,0.0
2023-10-19 00:00:00-04:00,24.94535609786234,25.183119389418675,24.776940196813104,24.816566467285156,37300,0.0,0.0
2023-10-20 00:00:00-04:00,24.856191882269535,24.856191882269535,24.07355281395168,24.152807235717773,48400,0.0,0.0
2023-10-23 00:00:00-04:00,24.123089102670107,24.440106804113196,23.865511747853958,23.90513801574707,47400,0.0,0.0
2023-10-24 00:00:00-04:00,24.162716505081054,24.162716505081054,23.241382586018368,23.518774032592773,42600,0.0,0.0
2023-10-25 00:00:00-04:00,22.201167518637376,22.746041471348004,21.378902124968384,22.22098159790039,103400,0.0,0.0
2023-10-26 00:00:00-04:00,22.260607860606008,22.329957138007092,21.794988335503472,22.290328979492188,66800,0.0,0.0
2023-10-27 00:00:00-04:00,22.260608141854952,22.399304808834867,21.61666567444873,22.00303077697754,61800,0.0,0.0
2023-10-30 00:00:00-04:00,22.310142499109293,22.76585497315175,22.092191411893722,22.58753204345703,59500,0.0,0.0
2023-10-31 00:00:00-04:00,22.75594766741556,23.191847947169975,22.51818439379711,23.1522216796875,148500,0.0,0.0
2023-11-01 00:00:00-04:00,23.092779978826023,23.36026437643095,22.785669312821057,23.20175552368164,96000,0.0,0.0
2023-11-02 00:00:00-04:00,23.518772672530087,24.15280806852077,23.2413812419969,24.053741455078125,95300,0.0,0.0
2023-11-03 00:00:00-04:00,24.69768573146974,25.519951155533136,23.806072916997028,25.371349334716797,90900,0.0,0.0
2023-11-06 00:00:00-05:00,25.401067457205123,25.747806283702495,25.242558603304825,25.480321884155273,52500,0.0,0.0
2023-11-07 00:00:00-05:00,25.381254470537744,25.40106665947213,24.846285688244254,24.95526123046875,49700,0.0,0.0
2023-11-08 00:00:00-05:00,24.925482768417442,24.975114592053195,24.35967164830591,24.55820083618164,54100,0.05,0.0
2023-11-09 00:00:00-05:00,24.6276847246844,24.975113150073454,24.0420201515998,24.468860626220703,37800,0.0,0.0
2023-11-10 00:00:00-05:00,24.538346332723552,24.796435970268295,24.190919795002394,24.359670639038086,56000,0.0,0.0
2023-11-13 00:00:00-05:00,24.19091980568646,24.66739210905674,23.912976682054143,24.54827308654785,53200,0.0,0.0
2023-11-14 00:00:00-05:00,25.14386237317494,26.25563288420322,24.86591927208475,26.16629409790039,92200,0.0,0.0
2023-11-15 00:00:00-05:00,26.354899564325695,26.831373777435427,26.156370377751614,26.384679794311523,63100,0.0,0.0
2023-11-16 00:00:00-05:00,26.44423933785381,26.66262391248537,25.610411800774386,25.64019203186035,43400,0.0,0.0
2023-11-17 00:00:00-05:00,26.11666458185148,26.18614989495164,25.15379315555979,25.679899215698242,72000,0.0,0.0
2023-11-20 00:00:00-05:00,25.630263076965477,25.76923369004505,25.42180715734612,25.580631256103516,35300,0.0,0.0
2023-11-21 00:00:00-05:00,25.580631388557077,25.630263209676027,25.004893554247264,25.05452537536621,27600,0.0,0.0
2023-11-22 00:00:00-05:00,25.35232301949084,25.49129363897664,25.094233373779574,25.2530574798584,28200,0.0,0.0
2023-11-24 00:00:00-05:00,25.16371746845058,25.44165869400133,24.955259655954922,25.20342254638672,22100,0.0,0.0
2023-11-27 00:00:00-05:00,25.2332032312472,25.2332032312472,24.71702395541278,24.73687744140625,26300,0.0,0.0
2023-11-28 00:00:00-05:00,24.66739233072483,24.98504053582616,24.66739233072483,24.776582717895508,44200,0.0,0.0
2023-11-29 00:00:00-05:00,25.00489123359753,25.630260830987098,24.895698965270604,24.97511100769043,49200,0.0,0.0
2023-11-30 00:00:00-05:00,25.133939221215527,25.401955618408444,24.64754014482806,24.657466888427734,65200,0.0,0.0
2023-12-01 00:00:00-05:00,24.746804628828716,26.305267333984375,24.746804628828716,26.305267333984375,116900,0.0,0.0
2023-12-04 00:00:00-05:00,26.146442362019318,26.66262162999118,26.146442362019318,26.50379753112793,52300,0.0,0.0
2023-12-05 00:00:00-05:00,26.35489981327224,26.622916205678248,25.689823150634766,25.689823150634766,49800,0.0,0.0
2023-12-06 00:00:00-05:00,26.047177473361018,26.742034343132822,26.03725073026912,26.07695770263672,53400,0.0,0.0
2023-12-07 00:00:00-05:00,26.13651760250385,26.74203570870169,25.918134923328395,26.712255477905273,55400,0.0,0.0
2023-12-08 00:00:00-05:00,26.811519925383664,27.307845725053856,25.66997096480876,26.871078491210938,44900,0.0,0.0
2023-12-11 00:00:00-05:00,27.029901353045833,27.198652192909353,26.573282547140185,26.632841110229492,81800,0.0,0.0
2023-12-12 00:00:00-05:00,26.702328401053492,26.702328401053492,25.858574139012894,26.086885452270508,45900,0.0,0.0
2023-12-13 00:00:00-05:00,26.29533916918596,28.30049574214748,25.9280591582305,28.23101043701172,268000,0.0,0.0
2023-12-14 00:00:00-05:00,28.776969862423506,29.779548212787265,28.68763106631853,29.32292938232422,130300,0.0,0.0
2023-12-15 00:00:00-05:00,29.541310458218245,29.541310458218245,28.806748535856542,28.83652687072754,271500,0.0,0.0
2023-12-18 00:00:00-05:00,29.13432527144392,29.48175371527135,28.419614897094306,28.439468383789062,50800,0.0,0.0
2023-12-19 00:00:00-05:00,28.538731937695257,29.49167651272823,28.538731937695257,29.3427791595459,116400,0.0,0.0
2023-12-20 00:00:00-05:00,29.422192239055526,29.92844477229155,28.618144989013672,28.618144989013672,74400,0.0,0.0
2023-12-21 00:00:00-05:00,29.03506067340836,29.70013735260094,28.63800039329326,28.99535369873047,77100,0.0,0.0
2023-12-22 00:00:00-05:00,29.273293548584864,29.670353784035473,29.005277179655995,29.283220291137695,33100,0.0,0.0
2023-12-26 00:00:00-05:00,29.40234198307843,30.34535989139046,29.283222954941085,30.17660903930664,49700,0.0,0.0
2023-12-27 00:00:00-05:00,30.047565355326178,30.305655006848564,29.78947570380379,30.027711868286133,39100,0.0,0.0
2023-12-28 00:00:00-05:00,29.888738311718846,30.27587180433408,28.667775485267065,29.829177856445312,37000,0.0,0.0
2023-12-29 00:00:00-05:00,29.809327951031236,30.454551106335085,29.40234095030115,29.60087013244629,72900,0.0,0.0
2024-01-02 00:00:00-05:00,29.293146853936403,30.31557861061367,29.243513141476804,29.432117462158203,93400,0.0,0.0
2024-01-03 00:00:00-05:00,29.322927378170814,29.33285222743064,28.637997285956924,28.75711441040039,97200,0.0,0.0
2024-01-04 00:00:00-05:00,28.88616035734241,29.37255938751539,28.88616035734241,29.3427791595459,65500,0.0,0.0
2024-01-05 00:00:00-05:00,29.064841113791307,29.87881516722408,28.31042562947165,29.03506088256836,86100,0.0,0.0
2024-01-08 00:00:00-05:00,28.796822388853833,29.094617103719894,28.459320702228233,28.76704216003418,37900,0.0,0.0
2024-01-09 00:00:00-05:00,28.558585865773207,28.628071172113405,27.327698157272632,28.141672134399414,38500,0.0,0.0
2024-01-10 00:00:00-05:00,28.141671646599296,28.429539609780665,27.63541913203975,28.23101043701172,46900,0.0,0.0
2024-01-11 00:00:00-05:00,27.95306843481041,28.17145110154095,27.188726261254565,27.526227951049805,51500,0.0,0.0
2024-01-12 00:00:00-05:00,27.843875766370626,27.843875766370626,25.411880557162565,27.635419845581055,69700,0.0,0.0
2024-01-16 00:00:00-05:00,27.168873913519597,27.99277462904593,26.81151874758875,27.744611740112305,116800,0.0,0.0
2024-01-17 00:00:00-05:00,27.258211705453938,27.992775546916157,26.950490243219324,27.923288345336914,101900,0.0,0.0
2024-01-18 00:00:00-05:00,27.98284937992201,28.02255445973777,27.2681390099114,27.47659683227539,38400,0.0,0.0
2024-01-19 00:00:00-05:00,27.724757001584063,28.052331924438477,27.14901920101169,28.052331924438477,51000,0.0,0.0
2024-01-22 00:00:00-05:00,28.419612946261783,28.866306899567483,28.131744982278995,28.79682159423828,42200,0.0,0.0
2024-01-23 00:00:00-05:00,29.044985638894996,29.074765868080217,28.131746103873944,28.280643463134766,53000,0.0,0.0
2024-01-24 00:00:00-05:00,28.39976339143132,28.66777788930736,28.052334946531026,28.27071762084961,45900,0.0,0.0
2024-01-25 00:00:00-05:00,28.618146065749904,28.906015943714714,27.685053014874665,28.27071762084961,51100,0.0,0.0
2024-01-26 00:00:00-05:00,28.866308070377972,30.275873399463343,28.637998659798246,29.392414093017578,45900,0.0,0.0
2024-01-29 00:00:00-05:00,29.4420461635288,30.146829780686424,27.923288541202712,29.9979305267334,52900,0.0,0.0
2024-01-30 00:00:00-05:00,29.74976729373563,30.087268983794637,29.35270703876405,29.56116485595703,50000,0.0,0.0
2024-01-31 00:00:00-05:00,29.015205525075903,29.19388311423238,27.377330780029297,27.377330780029297,100900,0.0,0.0
2024-02-01 00:00:00-05:00,27.665200401005542,27.665200401005542,26.02732377736564,26.960416793823242,81100,0.0,0.0
2024-02-02 00:00:00-05:00,26.37475062311771,26.80159108029261,26.17622145481876,26.285411834716797,38700,0.0,0.0
2024-02-05 00:00:00-05:00,26.007473986647284,26.215929924342056,25.600486961624636,25.82879638671875,78400,0.0,0.0
2024-02-06 00:00:00-05:00,25.848650260468045,26.305269117481185,25.28283722112645,25.5310001373291,90600,0.0,0.0
2024-02-07 00:00:00-05:00,25.41164535467865,25.41164535467865,23.66117746790243,23.850147247314453,168500,0.05,0.0
2024-02-08 00:00:00-05:00,24.07890243347034,24.47673795924922,23.193722372355122,23.482152938842773,135100,0.0,0.0
2024-02-09 00:00:00-05:00,23.50204351552477,23.68106912514361,22.676538013298202,23.51198959350586,116000,0.0,0.0
2024-02-12 00:00:00-05:00,23.671123011123477,24.596087394732304,23.671123011123477,24.32754898071289,102500,0.0,0.0
2024-02-13 00:00:00-05:00,23.502042733942776,24.27781971748511,22.318487948859133,22.507457733154297,85300,0.0,0.0
2024-02-14 00:00:00-05:00,22.83567120264613,23.352855869554375,22.40800123653163,23.25339698791504,91100,0.0,0.0
2024-02-15 00:00:00-05:00,23.541829403650794,24.446901693303204,23.323021364478084,24.068960189819336,268400,0.0,0.0
2024-02-16 00:00:00-05:00,23.760635375976562,24.098794432477742,22.616862989349805,23.760635375976562,103600,0.0,0.0
2024-02-20 00:00:00-05:00,23.52193549934447,23.879986715961795,23.02464298605169,23.20366859436035,129700,0.0,0.0
2024-02-21 00:00:00-05:00,23.243454470403105,23.44237035089609,22.885403229687004,22.994808197021484,62500,0.0,0.0
2024-02-22 00:00:00-05:00,22.875457288100385,23.20367029504883,22.388110816996363,22.53729820251465,91300,0.0,0.0
2024-02-23 00:00:00-05:00,22.537298376811552,23.02464485168457,22.169302949488507,23.02464485168457,86800,0.0,0.0
2024-02-26 00:00:00-05:00,22.935130427391414,23.4423690240219,22.666593909074436,22.875455856323242,69200,0.0,0.0
2024-02-27 00:00:00-05:00,23.00475198290335,23.870041834077682,23.00475198290335,23.193723678588867,46900,0.0,0.0
2024-02-28 00:00:00-05:00,22.97491678834505,24.228094274657025,22.895350054151617,23.949609756469727,156000,0.0,0.0
2024-02-29 00:00:00-05:00,24.35738727381581,24.73533064935892,23.96949971730298,24.09879493713379,91300,0.0,0.0
2024-03-01 00:00:00-05:00,24.0490668871428,24.36733380060705,23.313074175501608,23.671123504638672,87800,0.0,0.0
2024-03-04 00:00:00-05:00,23.68107027465609,24.267875624882027,23.21361596897632,23.323020935058594,61800,0.0,0.0
2024-03-05 00:00:00-05:00,23.173831049356757,24.25792891231581,23.173831049356757,24.0291748046875,63300,0.0,0.0
2024-03-06 00:00:00-05:00,24.257929993051004,24.556306661399827,23.601503978512344,24.068960189819336,74200,0.0,0.0
2024-03-07 00:00:00-05:00,24.407117431407865,24.795004984227962,23.85014845138573,24.019227981567383,45800,0.0,0.0
2024-03-08 00:00:00-05:00,24.40711917184814,24.506576163853882,23.989393355554245,24.118688583374023,47700,0.0,0.0
2024-03-11 00:00:00-04:00,24.118688096805496,24.536413904672223,24.039121366593758,24.367334365844727,47000,0.0,0.0
2024-03-12 00:00:00-04:00,24.26787607169802,24.337496725206584,23.879988489567136,24.068960189819336,43400,0.0,0.0
2024-03-13 00:00:00-04:00,23.92971559321871,24.566251310441395,23.92971559321871,23.99933624267578,56300,0.0,0.0
2024-03-14 00:00:00-04:00,23.889932853400897,23.91976919017976,22.865509590537688,22.97491455078125,86000,0.0,0.0
2024-03-15 00:00:00-04:00,23.02464257269779,23.61144787961018,22.994806236528916,23.223560333251953,190800,0.0,0.0
2024-03-18 00:00:00-04:00,23.143993570896107,23.54182719433881,22.587024601055965,22.636754989624023,41900,0.0,0.0
2024-03-19 00:00:00-04:00,22.606918520263477,23.183777793516754,22.606918520263477,23.09426498413086,70800,0.0,0.0
2024-03-20 00:00:00-04:00,23.044535167228222,24.267874295989824,22.96496844089463,23.79047393798828,92000,0.0,0.0
2024-03-21 00:00:00-04:00,23.97944712539842,24.22809339788237,23.502044840493653,23.810367584228516,59400,0.0,0.0
2024-03-22 00:00:00-04:00,23.860095222968063,23.860095222968063,23.1738310043942,23.263343811035156,45800,0.0,0.0
2024-03-25 00:00:00-04:00,22.974912837723068,23.651230910582104,22.96496676053158,23.283233642578125,64100,0.0,0.0
2024-03-26 00:00:00-04:00,23.462260987380134,23.502043402092088,22.915239980203122,22.97491455078125,40800,0.0,0.0
2024-03-27 00:00:00-04:00,23.22356234787033,24.337496591949208,23.22356234787033,23.93966293334961,159800,0.0,0.0
2024-03-28 00:00:00-04:00,23.909824960205693,24.417061654609544,23.750689610623233,24.198253631591797,147800,0.0,0.0
2024-04-01 00:00:00-04:00,24.267875127978893,24.307659441019833,23.511990253385164,24.158472061157227,93800,0.0,0.0
2024-04-02 00:00:00-04:00,23.909824091014954,23.95955258175018,23.23350599370207,23.65123176574707,78100,0.0,0.0
2024-04-03 00:00:00-04:00,23.521937383986156,23.70096300663884,23.30312934353318,23.6114501953125,64200,0.0,0.0
2024-04-04 00:00:00-04:00,23.860093370572766,24.20819849192661,23.531880404043783,23.62139320373535,84600,0.0,0.0
2024-04-05 00:00:00-04:00,23.382694572200023,23.681069326082934,23.273289610500093,23.412532806396484,64300,0.0,0.0
2024-04-08 00:00:00-04:00,23.571667702784442,24.019229860976733,23.54182946676341,23.8402042388916,68600,0.0,0.0
2024-04-09 00:00:00-04:00,24.05901159363105,24.466791290385782,23.969498792195097,24.18830680847168,85100,0.0,0.0
2024-04-10 00:00:00-04:00,23.29318207296618,23.482153764654797,22.477622631074848,22.85556411743164,114200,0.0,0.0
2024-04-11 00:00:00-04:00,22.94507631698199,23.2533971448261,22.50745837302814,22.97491455078125,65600,0.0,0.0
2024-04-12 00:00:00-04:00,22.706375952792552,23.163886048887903,22.676537719236208,23.074373245239258,66400,0.0,0.0
2024-04-15 00:00:00-04:00,23.044537555732095,23.372750573004097,22.82572950989096,23.134050369262695,61100,0.0,0.0
2024-04-16 00:00:00-04:00,22.925186364968305,23.08431983315478,22.716324399356267,22.825729370117188,47700,0.0,0.0
2024-04-17 00:00:00-04:00,22.9152414356245,23.134049472988433,22.73621581549923,22.81578254699707,66000,0.0,0.0
2024-04-18 00:00:00-04:00,22.825727175825737,23.342909949203488,22.825727175825737,22.97491455078125,87700,0.0,0.0
2024-04-19 00:00:00-04:00,22.845617745048973,24.03912055494863,22.845617745048973,23.99933624267578,72400,0.0,0.0
2024-04-22 00:00:00-04:00,23.919770322765913,24.556306061480278,23.790475097554527,24.367334365844727,104100,0.0,0.0
2024-04-23 00:00:00-04:00,24.407118775875077,25.13316542905278,24.407118775875077,24.90441131591797,82600,0.0,0.0
2024-04-24 00:00:00-04:00,24.526467519303075,24.526467519303075,22.42789242783047,22.756105422973633,432800,0.0,0.0
2024-04-25 00:00:00-04:00,22.63675734219015,22.94507819527351,22.268760016623137,22.79589080810547,108800,0.0,0.0
2024-04-26 00:00:00-04:00,22.865509507090984,22.865509507090984,22.467675876321362,22.616863250732422,89000,0.0,0.0
2024-04-29 00:00:00-04:00,22.785944403303656,23.193724141004118,22.43783924021239,22.76605224609375,87900,0.0,0.0
2024-04-30 00:00:00-04:00,22.66659549712561,22.66659549712561,22.149410786245724,22.258813858032227,67000,0.0,0.0
2024-05-01 00:00:00-04:00,22.467677716934716,22.626811182279212,22.010167581303882,22.258813858032227,151400,0.0,0.0
2024-05-02 00:00:00-04:00,22.368216938578797,22.974914409626876,22.19913740879591,22.845617294311523,116300,0.0,0.0
2024-05-03 00:00:00-04:00,23.104210127791834,23.422477038499498,23.02464340011492,23.18377685546875,76600,0.0,0.0
2024-05-06 00:00:00-04:00,23.203670698331955,23.412534559304067,23.05448331022077,23.104211807250977,52100,0.0,0.0
2024-05-07 00:00:00-04:00,23.074374600789856,23.51199066986924,22.955023556573348,22.964969635009766,225200,0.0,0.0
2024-05-08 00:00:00-04:00,22.875263883578835,23.37363562918066,22.67591442488317,23.19422149658203,76600,0.05,0.0
2024-05-09 00:00:00-04:00,23.13441509611694,23.363667539774585,22.92509987932983,23.164318084716797,84300,0.0,0.0
2024-05-10 00:00:00-04:00,23.19422030514472,23.27395970429948,22.825424395843196,22.97493553161621,136600,0.0,0.0
2024-05-13 00:00:00-04:00,23.10451471076481,23.54308238453696,23.004839980206956,23.214157104492188,190600,0.0,0.0
2024-05-14 00:00:00-04:00,23.533112557967367,23.622819617108927,22.955001455242417,23.60288429260254,121000,0.0,0.0
2024-05-15 00:00:00-04:00,23.822166231293444,23.921840948807564,23.592915711806945,23.67265510559082,74500,0.0,0.0
2024-05-16 00:00:00-04:00,23.592915711806945,23.792265146835184,23.553045064346453,23.67265510559082,57200,0.0,0.0
2024-05-17 00:00:00-04:00,23.83213649046189,24.260736491686846,23.652722359610767,23.991615295410156,94500,0.0,0.0
2024-05-20 00:00:00-04:00,23.98164693248813,24.111224645937334,23.79226704535046,23.9417781829834,87200,0.0,0.0
2024-05-21 00:00:00-04:00,23.842102317102256,24.440148740165565,23.842102317102256,24.400278091430664,116000,0.0,0.0
2024-05-22 00:00:00-04:00,24.310570255861812,24.749137872241675,23.283925798536572,23.67265510559082,274300,0.0,0.0
2024-05-23 00:00:00-04:00,23.5430807789917,23.5430807789917,22.107769699798276,22.426727294921875,239500,0.0,0.0
2024-05-24 00:00:00-04:00,22.46659918468415,22.755653808289722,21.938324450397456,22.107770919799805,115700,0.0,0.0
2024-05-28 00:00:00-04:00,22.297151533834587,22.4167596817002,21.579495042091978,21.619365692138672,80700,0.0,0.0
2024-05-29 00:00:00-04:00,21.380149304548937,21.4499210468978,20.562818019660796,20.662492752075195,210900,0.0,0.0
2024-05-30 00:00:00-04:00,21.001383520538145,21.649266362240844,20.851872388012474,21.320341110229492,171400,0.0,0.0
2024-05-31 00:00:00-04:00,21.489788121155012,21.79877995762581,21.210701173552025,21.62933349609375,152200,0.0,0.0
2024-06-03 00:00:00-04:00,21.95825975534888,21.95825975534888,21.011352679987343,21.021320343017578,103000,0.0,0.0
2024-06-04 00:00:00-04:00,20.86184088165642,20.981449031988344,20.34353382718535,20.43324089050293,178900,0.0,0.0
2024-06-05 00:00:00-04:00,20.682426752924467,21.40008135825508,20.23389143638204,21.38014793395996,168200,0.0,0.0
2024-06-06 00:00:00-04:00,21.260536689425376,21.420015481660485,20.8618397088376,21.16086196899414,92700,0.0,0.0
2024-06-07 00:00:00-04:00,20.901710287792106,21.200734475287117,20.33356680303012,21.021320343017578,139600,0.0,0.0
2024-06-10 00:00:00-04:00,20.891741160865568,20.891741160865568,20.483076510948017,20.782100677490234,109100,0.0,0.0
2024-06-11 00:00:00-04:00,20.682425597020167,21.00138318156335,20.542882129066818,20.891740798950195,138900,0.0,0.0
2024-06-12 00:00:00-04:00,21.53962629318252,22.16757382232007,21.13096163589008,21.619365692138672,120800,0.0,0.0
2024-06-13 00:00:00-04:00,21.539626353009687,21.848616287180857,21.041254632865176,21.758909225463867,173400,0.0,0.0
2024-06-14 00:00:00-04:00,21.400080766760478,21.928355469293773,21.340276693253553,21.87851905822754,186200,0.0,0.0
2024-06-17 00:00:00-04:00,21.84861615870352,21.84861615870352,20.991416196731674,21.479820251464844,68700,0.0,0.0
2024-06-18 00:00:00-04:00,21.410049297366356,21.589463426299492,21.30040880834734,21.400081634521484,45000,0.0,0.0
2024-06-20 00:00:00-04:00,21.200733864062666,21.539626792770882,21.130962125999908,21.519691467285156,67700,0.0,0.0
2024-06-21 00:00:00-04:00,21.469854873790037,21.549594273923727,21.091091297302068,21.101058959960938,250800,0.0,0.0
2024-06-24 00:00:00-04:00,21.12099401709659,21.390113300919882,20.802036420611767,20.812002182006836,92000,0.0,0.0
2024-06-25 00:00:00-04:00,20.831939189881574,21.120995723256783,20.821971526544075,20.93161392211914,78500,0.0,0.0
2024-06-26 00:00:00-04:00,20.752199886033015,21.23063632175347,20.73226455926031,21.210702896118164,116800,0.0,0.0
2024-06-27 00:00:00-04:00,21.330309043095205,21.649266636832095,21.17083024622676,21.609397888183594,82000,0.0,0.0
2024-06-28 00:00:00-04:00,21.778844637251144,22.665945694276292,21.669202250018916,22.57623863220215,388300,0.0,0.0
2024-07-01 00:00:00-04:00,22.446663688465534,22.84536070134984,22.127706078158088,22.366924285888672,84000,0.0,0.0
2024-07-02 00:00:00-04:00,22.406793283058516,22.725750896874143,22.376892194974136,22.65597915649414,46800,0.0,0.0
2024-07-03 00:00:00-04:00,22.695848284404924,22.695848284404924,21.94829071430835,22.008094787597656,38800,0.0,0.0
2024-07-05 00:00:00-04:00,21.868552000229897,21.908420749957408,21.34027728309518,21.38014793395996,84200,0.0,0.0
2024-07-08 00:00:00-04:00,21.639298054235937,21.798778745460137,21.340275798106983,21.41004753112793,94000,0.0,0.0
2024-07-09 00:00:00-04:00,21.240601571635306,21.459886338943573,20.911676321810088,21.310373306274414,92900,0.0,0.0
2024-07-10 00:00:00-04:00,21.370180965088803,22.227379074003032,21.2206698217661,22.107770919799805,98300,0.0,0.0
2024-07-11 00:00:00-04:00,22.805490586591247,23.84210474564135,22.277217745004535,23.762365341186523,158500,0.0,0.0
2024-07-12 00:00:00-04:00,23.96171462965099,24.539825783053125,23.72249451687869,24.02151870727539,150800,0.0,0.0
2024-07-15 00:00:00-04:00,24.529857549505582,25.197675754383454,24.410247495900858,24.659433364868164,168200,0.0,0.0
2024-07-16 00:00:00-04:00,24.888684130734426,26.642952892096904,24.43018304027809,26.57318115234375,194000,0.0,0.0
2024-07-17 00:00:00-04:00,26.244253911324705,27.101453852356222,26.1844498390384,26.97187614440918,126100,0.0,0.0
2024-07-18 00:00:00-04:00,26.822365276574185,27.211094601959054,25.775785446166992,25.775785446166992,105000,0.0,0.0
2024-07-19 00:00:00-04:00,25.765817696904616,26.3239934778295,25.53656716738119,26.174482345581055,80900,0.0,0.0
2024-07-22 00:00:00-04:00,26.044904751874725,26.832332966939383,25.64620776373821,26.72269058227539,67900,0.0,0.0
2024-07-23 00:00:00-04:00,26.593114608591744,27.679565082714454,26.46353690004288,27.52008628845215,111900,0.0,0.0
2024-07-24 00:00:00-04:00,28.746081896645496,29.30425770888151,27.081520221660824,27.091487884521484,111600,0.0,0.0
2024-07-25 00:00:00-04:00,27.111423090954105,28.596570630186886,27.111423090954105,28.437091827392578,108600,0.0,0.0
2024-07-26 00:00:00-04:00,28.686278229030087,29.304258126091057,28.22777523659832,28.746082305908203,102900,0.0,0.0
2024-07-29 00:00:00-04:00,28.925495572408416,28.925495572408416,27.749337989210606,28.00849151611328,84900,0.0,0.0
2024-07-30 00:00:00-04:00,28.22777526397026,28.736114670770498,28.068296458049083,28.476961135864258,57400,0.0,0.0
2024-07-31 00:00:00-04:00,28.457025274718724,29.15474646335653,27.75930598721821,28.167970657348633,118100,0.0,0.0
2024-08-01 00:00:00-04:00,28.138066864331513,28.297545662693835,26.084775909563678,26.353897094726562,112200,0.0,0.0
2024-08-02 00:00:00-04:00,25.10796679017373,25.945231398660038,24.918585011765902,25.875457763671875,108200,0.0,0.0
2024-08-05 00:00:00-04:00,24.539824459858426,25.536567905161352,23.901907362091222,25.41695785522461,142300,0.0,0.0
2024-08-06 00:00:00-04:00,25.446861379894816,26.124645340046037,25.117936112050366,25.725948333740234,133800,0.0,0.0
2024-08-07 00:00:00-04:00,26.204386419697602,26.423669296017486,25.845558166503906,25.845558166503906,69700,0.0,0.0
2024-08-08 00:00:00-04:00,26.47471852875041,26.47471852875041,25.56592978437334,25.92544937133789,89400,0.05,0.0
2024-08-09 00:00:00-04:00,26.015331130136023,26.185104965316924,25.246357316491014,25.605876922607422,78300,0.0,0.0
2024-08-12 00:00:00-04:00,25.78563692444908,26.284971495115595,25.27631543379201,25.33623695373535,83200,0.0,0.0
2024-08-13 00:00:00-04:00,25.67578376385562,25.71573144545848,25.176449172681668,25.53597068786621,67500,0.0,0.0
2024-08-14 00:00:00-04:00,25.795623158721078,25.795623158721078,24.83690172283573,25.046621322631836,34300,0.0,0.0
2024-08-15 00:00:00-04:00,25.735705033357252,26.384839614542337,25.32625082500311,26.03530502319336,75200,0.0,0.0
2024-08-16 00:00:00-04:00,25.99535874765341,26.784306388305296,25.6558110831267,26.594558715820312,50200,0.0,0.0
2024-08-19 00:00:00-04:00,26.614532428081734,26.774319339466032,26.255012829872175,26.62451934814453,41000,0.0,0.0
2024-08-20 00:00:00-04:00,26.424785217199506,26.424785217199506,25.81559832123012,26.075252532958984,44200,0.0,0.0
2024-08-21 00:00:00-04:00,26.264997354994726,26.304945034500456,25.87551700386485,26.294958114624023,31500,0.0,0.0
2024-08-22 00:00:00-04:00,26.205077698272408,27.073920678018435,26.115197324339707,26.30494499206543,37000,0.0,0.0
2024-08-23 00:00:00-04:00,26.39482534773583,28.561937430861143,26.39482534773583,28.092561721801758,67600,0.0,0.0
2024-08-26 00:00:00-04:00,28.392164638171117,28.392164638171117,27.403482394357653,27.413469314575195,67100,0.0,0.0
2024-08-27 00:00:00-04:00,27.243694818359266,27.243694818359266,26.834240623442863,27.12385368347168,45600,0.0,0.0
2024-08-28 00:00:00-04:00,26.904147200660784,27.363534091361693,26.664466835319846,27.113866806030273,51000,0.0,0.0
2024-08-29 00:00:00-04:00,27.39349440761965,28.4321093072738,26.854212165730043,27.663135528564453,249700,0.0,0.0
2024-08-30 00:00:00-04:00,27.902816028417703,28.611870196481757,27.5532814519197,28.521989822387695,246800,0.0,0.0
2024-09-03 00:00:00-04:00,28.16247074454818,28.54196418279328,27.293627747393273,27.513334274291992,91500,0.0,0.0
2024-09-04 00:00:00-04:00,27.403481254997477,27.693094310023827,26.95407938794429,27.233707427978516,83500,0.0,0.0
2024-09-05 00:00:00-04:00,27.49336146661125,27.49336146661125,26.684438110675988,26.82425308227539,57200,0.0,0.0
2024-09-06 00:00:00-04:00,26.994027398331358,26.994027398331358,26.145158252822156,26.264997482299805,29700,0.0,0.0
2024-09-09 00:00:00-04:00,26.324918448495236,26.754346472185617,26.235038075871195,26.394824981689453,47200,0.0,0.0
2024-09-10 00:00:00-04:00,26.614532946756075,26.614532946756075,25.965398368505493,26.504680633544922,67500,0.0,0.0
2024-09-11 00:00:00-04:00,26.195090924462193,26.195090924462193,25.515995608655604,25.825584411621094,41600,0.0,0.0
2024-09-12 00:00:00-04:00,25.955410689121827,26.055277983964974,25.535969574628776,25.795623779296875,38000,0.0,0.0
2024-09-13 00:00:00-04:00,26.195091648481654,26.63450661287999,25.81559820523554,26.544626235961914,60900,0.0,0.0
2024-09-16 00:00:00-04:00,26.544625508775372,26.9640666212991,26.3548778399453,26.714399337768555,61900,0.0,0.0
2024-09-17 00:00:00-04:00,27.07392103087856,27.69309483180676,26.754347210423976,27.113866806030273,64100,0.0,0.0
2024-09-18 00:00:00-04:00,27.093892785048254,29.730380595805922,26.624518977492517,28.49203109741211,191700,0.0,0.0
2024-09-19 00:00:00-04:00,29.201086218078082,29.38084697292973,28.46207126298483,29.16114044189453,74200,0.0,0.0
2024-09-20 00:00:00-04:00,29.011337972702677,29.011337972702677,27.71306884288788,27.962736129760742,260900,0.0,0.0
2024-09-23 00:00:00-04:00,28.23237767765981,28.23237767765981,27.383508508674073,27.42345428466797,52700,0.0,0.0
2024-09-24 00:00:00-04:00,27.42345320165279,27.643161627778344,26.684438279253623,26.784305572509766,53200,0.0,0.0
2024-09-25 00:00:00-04:00,26.874187026355784,26.944093563002415,26.464732821873877,26.534639358520508,54000,0.0,0.0
2024-09-26 00:00:00-04:00,26.92412016653613,27.203748222543677,26.604546333847676,26.874187469482422,48000,0.0,0.0
2024-09-27 00:00:00-04:00,27.193759631636365,27.423453071669652,26.624518539027704,26.814266204833984,43300,0.0,0.0
2024-09-30 00:00:00-04:00,26.954080677102322,27.463402182519,26.814267602803334,27.37352180480957,43000,0.0,0.0
2024-10-01 00:00:00-04:00,27.433441537295362,27.433441537295362,26.225052750480792,26.464733123779297,53700,0.0,0.0
2024-10-02 00:00:00-04:00,26.484705472017907,27.123853098131466,26.484705472017907,26.814266204833984,46300,0.0,0.0
2024-10-03 00:00:00-04:00,26.644492504837277,26.904146705379176,26.38483830429538,26.784305572509766,42700,0.0,0.0
2024-10-04 00:00:00-04:00,27.193760434643227,27.37352118599838,26.9241193076105,27.07392120361328,39100,0.0,0.0
2024-10-07 00:00:00-04:00,26.99402797676951,27.743029843890426,26.944093376075298,27.463401794433594,51600,0.0,0.0
2024-10-08 00:00:00-04:00,27.57325495092337,27.882841844082463,27.17378577997079,27.2636661529541,48400,0.0,0.0
2024-10-09 00:00:00-04:00,27.213734590073432,27.872856082805985,26.994028060766,27.44342803955078,37300,0.0,0.0
2024-10-10 00:00:00-04:00,27.13384121807887,27.55328234247122,26.954080464080686,27.42345428466797,45200,0.0,0.0
2024-10-11 00:00:00-04:00,27.653148456132207,28.72172410937559,27.343559657580993,28.591896057128906,53300,0.0,0.0
2024-10-14 00:00:00-04:00,28.611870833552967,29.360872697807288,28.212403553579378,29.261005401611328,51300,0.0,0.0
2024-10-15 00:00:00-04:00,29.440765789309392,30.729049894186083,29.440765789309392,29.790300369262695,76100,0.0,0.0
2024-10-16 00:00:00-04:00,30.029980926490488,30.659143555395524,29.940100550932627,30.189767837524414,69900,0.0,0.0
2024-10-17 00:00:00-04:00,30.219728786020713,30.739037202523175,30.04995495388761,30.589235305786133,33100,0.0,0.0
2024-10-18 00:00:00-04:00,30.709076720527417,30.709076720527417,29.550620645406163,29.640501022338867,63900,0.0,0.0
2024-10-21 00:00:00-04:00,29.640500578502653,29.640500578502653,28.27232300942206,28.412137985229492,88800,0.0,0.0
2024-10-22 00:00:00-04:00,28.512003055011792,29.141165677035442,28.32225729074072,28.93144416809082,56700,0.0,0.0
2024-10-23 00:00:00-04:00,29.540632945904836,31.66779736597182,28.352216141554067,31.158477783203125,120600,0.0,0.0
2024-10-24 00:00:00-04:00,31.54795769138003,32.18710531941459,30.948755837692538,31.707744598388672,81200,0.0,0.0
2024-10-25 00:00:00-04:00,32.12718541740708,32.2370396358075,31.28830506580204,31.338237762451172,84800,0.0,0.0
2024-10-28 00:00:00-04:00,31.737704754523815,33.36553455303829,31.737704754523815,33.195762634277344,107900,0.0,0.0
2024-10-29 00:00:00-04:00,32.8861763218636,33.375522085481116,32.2969613547176,32.61653518676758,92500,0.0,0.0
2024-10-30 00:00:00-04:00,32.5666017177762,34.05461662367953,32.5666017177762,32.796295166015625,75500,0.0,0.0
2024-10-31 00:00:00-04:00,32.99602892895239,33.67512424128733,32.05727750974919,32.097225189208984,81600,0.0,0.0
2024-11-01 00:00:00-04:00,32.486707077065496,32.886176271324345,32.02732017040221,32.18710708618164,55000,0.0,0.0
2024-11-04 00:00:00-05:00,31.867532344067513,32.31693422236276,31.068597787998442,31.957412719726562,78300,0.0,0.0
2024-11-05 00:00:00-05:00,32.08724131589736,32.96606743756128,31.62785250981452,32.716400146484375,48500,0.0,0.0
2024-11-06 00:00:00-05:00,35.45275557811905,37.82958927230361,35.332916344267055,37.52000045776367,334800,0.0,0.0
2024-11-07 00:00:00-05:00,37.0099983215332,37.380001068115234,35.119998931884766,36.279998779296875,186400,0.05,0.0
2024-11-08 00:00:00-05:00,36.38999938964844,36.779998779296875,35.97999954223633,36.25,134500,0.0,0.0
2024-11-11 00:00:00-05:00,36.79999923706055,37.34000015258789,36.56999969482422,37.11000061035156,150100,0.0,0.0
2024-11-12 00:00:00-05:00,36.88999938964844,37.40999984741211,36.380001068115234,36.72999954223633,61500,0.0,0.0
2024-11-13 00:00:00-05:00,37.27000045776367,37.58000183105469,36.70000076293945,37.11000061035156,107800,0.0,0.0
2024-11-14 00:00:00-05:00,37.18000030517578,37.18000030517578,36.13999938964844,36.45000076293945,163100,0.0,0.0
2024-11-15 00:00:00-05:00,36.75,36.75,35.31999969482422,36.72999954223633,83700,0.0,0.0
2024-11-18 00:00:00-05:00,36.540000915527344,36.810001373291016,36.02000045776367,36.650001525878906,76100,0.0,0.0
2024-11-19 00:00:00-05:00,36.06999969482422,37.06999969482422,36.02000045776367,36.790000915527344,83600,0.0,0.0
2024-11-20 00:00:00-05:00,36.70000076293945,37.02000045776367,36.119998931884766,36.7599983215332,74300,0.0,0.0
2024-11-21 00:00:00-05:00,36.939998626708984,37.52000045776367,35.5,35.7599983215332,325900,0.0,0.0
2024-11-22 00:00:00-05:00,36.06999969482422,37.68000030517578,34.75,36.369998931884766,476200,0.0,0.0
2024-11-25 00:00:00-05:00,36.790000915527344,37.349998474121094,36.45000076293945,36.63999938964844,142800,0.0,0.0
2024-11-26 00:00:00-05:00,36.29999923706055,37.20000076293945,36.130001068115234,36.88999938964844,129500,0.0,0.0
2024-11-27 00:00:00-05:00,37.31999969482422,37.349998474121094,36.380001068115234,36.43000030517578,74300,0.0,0.0
2024-11-29 00:00:00-05:00,36.560001373291016,36.72999954223633,35.959999084472656,36.13999938964844,77000,0.0,0.0
2024-12-02 00:00:00-05:00,36.130001068115234,36.650001525878906,35.52000045776367,36.34000015258789,72700,0.0,0.0
2024-12-03 00:00:00-05:00,36.2400016784668,36.439998626708984,35.650001525878906,35.88999938964844,70800,0.0,0.0
2024-12-04 00:00:00-05:00,35.95000076293945,36.61000061035156,35.650001525878906,36.61000061035156,88600,0.0,0.0
2024-12-05 00:00:00-05:00,36.779998779296875,37.63999938964844,36.31999969482422,36.38999938964844,66800,0.0,0.0
2024-12-06 00:00:00-05:00,36.63999938964844,36.63999938964844,35.68000030517578,36.40999984741211,44600,0.0,0.0
2024-12-09 00:00:00-05:00,36.369998931884766,36.86000061035156,35.540000915527344,35.810001373291016,73300,0.0,0.0
2024-12-10 00:00:00-05:00,36.0,36.65999984741211,35.56999969482422,36.11000061035156,68600,0.0,0.0
2024-12-11 00:00:00-05:00,36.58000183105469,36.970001220703125,36.349998474121094,36.41999816894531,60000,0.0,0.0
2024-12-12 00:00:00-05:00,36.27000045776367,36.27000045776367,35.4900016784668,35.59000015258789,55400,0.0,0.0
2024-12-13 00:00:00-05:00,35.650001525878906,35.689998626708984,34.7599983215332,35.369998931884766,94300,0.0,0.0
2024-12-16 00:00:00-05:00,35.310001373291016,36.06999969482422,35.2400016784668,35.88999938964844,73000,0.0,0.0
2024-12-17 00:00:00-05:00,35.709999084472656,35.83000183105469,34.529998779296875,34.75,66000,0.0,0.0
2024-12-18 00:00:00-05:00,35.20000076293945,35.22999954223633,32.209999084472656,32.52000045776367,93100,0.0,0.0
2024-12-19 00:00:00-05:00,32.93000030517578,33.70000076293945,32.310001373291016,32.650001525878906,133200,0.0,0.0
2024-12-20 00:00:00-05:00,32.16999816894531,33.56999969482422,32.16999816894531,32.95000076293945,286300,0.0,0.0
2024-12-23 00:00:00-05:00,32.790000915527344,33.2400016784668,32.25,32.529998779296875,64100,0.0,0.0
2024-12-24 00:00:00-05:00,32.529998779296875,33.2599983215332,32.16999816894531,32.7599983215332,37300,0.0,0.0
2024-12-26 00:00:00-05:00,32.5099983215332,32.849998474121094,32.36000061035156,32.66999816894531,53000,0.0,0.0
2024-12-27 00:00:00-05:00,32.400001525878906,33.630001068115234,31.59000015258789,32.13999938964844,72100,0.0,0.0
2024-12-30 00:00:00-05:00,31.950000762939453,32.2400016784668,31.790000915527344,32.0,58900,0.0,0.0
2024-12-31 00:00:00-05:00,32.099998474121094,32.349998474121094,31.59000015258789,32.04999923706055,92100,0.0,0.0
2025-01-02 00:00:00-05:00,32.2400016784668,32.310001373291016,31.010000228881836,31.170000076293945,66800,0.0,0.0
2025-01-03 00:00:00-05:00,31.229999542236328,31.690000534057617,30.850000381469727,31.610000610351562,56400,0.0,0.0
2025-01-06 00:00:00-05:00,31.600000381469727,32.150001525878906,31.260000228881836,31.459999084472656,69000,0.0,0.0
2025-01-07 00:00:00-05:00,31.469999313354492,31.469999313354492,30.309999465942383,30.899999618530273,151900,0.0,0.0
2025-01-08 00:00:00-05:00,30.709999084472656,31.489999771118164,30.350000381469727,30.65999984741211,42000,0.0,0.0
2025-01-10 00:00:00-05:00,30.059999465942383,30.229999542236328,28.760000228881836,29.56999969482422,80000,0.0,0.0
2025-01-13 00:00:00-05:00,29.309999465942383,30.25,29.219999313354492,30.18000030517578,83900,0.0,0.0
2025-01-14 00:00:00-05:00,30.43000030517578,31.6299991607666,29.719999313354492,31.479999542236328,117600,0.0,0.0
2025-01-15 00:00:00-05:00,32.630001068115234,32.68000030517578,31.450000762939453,32.040000915527344,44779,0.0,0.0
