Date,Open,High,Low,Close,Volume,Dividends,Stock Splits
2022-01-03 00:00:00-05:00,5.53000020980835,5.579999923706055,5.429999828338623,5.460000038146973,1023100,0.0,0.0
2022-01-04 00:00:00-05:00,5.46999979019165,5.53000020980835,5.300000190734863,5.489999771118164,1229000,0.0,0.0
2022-01-05 00:00:00-05:00,5.449999809265137,5.550000190734863,5.159999847412109,5.179999828338623,1685600,0.0,0.0
2022-01-06 00:00:00-05:00,5.210000038146973,5.25,4.820000171661377,5.139999866485596,2470900,0.0,0.0
2022-01-07 00:00:00-05:00,5.170000076293945,5.199999809265137,4.960000038146973,4.980000019073486,1587300,0.0,0.0
2022-01-10 00:00:00-05:00,5.039999961853027,5.050000190734863,4.78000020980835,4.940000057220459,1798300,0.0,0.0
2022-01-11 00:00:00-05:00,4.920000076293945,5.090000152587891,4.820000171661377,5.079999923706055,1601100,0.0,0.0
2022-01-12 00:00:00-05:00,5.119999885559082,5.230000019073486,4.889999866485596,4.989999771118164,1836200,0.0,0.0
2022-01-13 00:00:00-05:00,5.039999961853027,5.050000190734863,4.869999885559082,4.889999866485596,1157800,0.0,0.0
2022-01-14 00:00:00-05:00,4.860000133514404,4.909999847412109,4.670000076293945,4.789999961853027,1958600,0.0,0.0
2022-01-18 00:00:00-05:00,4.739999771118164,4.739999771118164,4.590000152587891,4.610000133514404,1868100,0.0,0.0
2022-01-19 00:00:00-05:00,4.590000152587891,4.610000133514404,4.349999904632568,4.420000076293945,2929900,0.0,0.0
2022-01-20 00:00:00-05:00,4.429999828338623,4.539999961853027,4.309999942779541,4.340000152587891,2244800,0.0,0.0
2022-01-21 00:00:00-05:00,4.340000152587891,4.360000133514404,4.119999885559082,4.159999847412109,2424200,0.0,0.0
2022-01-24 00:00:00-05:00,4.090000152587891,4.510000228881836,3.950000047683716,4.489999771118164,4044100,0.0,0.0
2022-01-25 00:00:00-05:00,4.409999847412109,4.440000057220459,4.230000019073486,4.289999961853027,1557800,0.0,0.0
2022-01-26 00:00:00-05:00,4.369999885559082,4.380000114440918,4.090000152587891,4.159999847412109,1841300,0.0,0.0
2022-01-27 00:00:00-05:00,4.260000228881836,4.260000228881836,4.050000190734863,4.079999923706055,1631300,0.0,0.0
2022-01-28 00:00:00-05:00,4.190000057220459,4.289999961853027,4.0,4.28000020980835,1668600,0.0,0.0
2022-01-31 00:00:00-05:00,4.28000020980835,4.650000095367432,4.28000020980835,4.639999866485596,2094500,0.0,0.0
2022-02-01 00:00:00-05:00,4.699999809265137,4.730000019073486,4.539999961853027,4.650000095367432,2093300,0.0,0.0
2022-02-02 00:00:00-05:00,4.659999847412109,4.739999771118164,4.230000019073486,4.329999923706055,2662800,0.0,0.0
2022-02-03 00:00:00-05:00,4.230000019073486,4.400000095367432,4.179999828338623,4.210000038146973,1615400,0.0,0.0
2022-02-04 00:00:00-05:00,4.239999771118164,4.389999866485596,4.159999847412109,4.340000152587891,1312600,0.0,0.0
2022-02-07 00:00:00-05:00,4.480000019073486,4.510000228881836,4.349999904632568,4.460000038146973,1531700,0.0,0.0
2022-02-08 00:00:00-05:00,4.769999980926514,4.849999904632568,4.519999980926514,4.619999885559082,2964100,0.0,0.0
2022-02-09 00:00:00-05:00,4.650000095367432,4.940000057220459,4.619999885559082,4.889999866485596,2152700,0.0,0.0
2022-02-10 00:00:00-05:00,4.769999980926514,5.119999885559082,4.769999980926514,4.849999904632568,2909500,0.0,0.0
2022-02-11 00:00:00-05:00,5.03000020980835,5.03000020980835,4.679999828338623,4.78000020980835,1819300,0.0,0.0
2022-02-14 00:00:00-05:00,4.940000057220459,4.940000057220459,4.590000152587891,4.639999866485596,3084400,0.0,0.0
2022-02-15 00:00:00-05:00,4.639999866485596,4.909999847412109,4.389999866485596,4.860000133514404,4237700,0.0,0.0
2022-02-16 00:00:00-05:00,4.869999885559082,4.889999866485596,4.639999866485596,4.760000228881836,2296400,0.0,0.0
2022-02-17 00:00:00-05:00,4.699999809265137,4.730000019073486,4.5,4.510000228881836,1663600,0.0,0.0
2022-02-18 00:00:00-05:00,4.570000171661377,4.570000171661377,4.239999771118164,4.260000228881836,3142200,0.0,0.0
2022-02-22 00:00:00-05:00,4.230000019073486,4.28000020980835,4.050000190734863,4.159999847412109,2598800,0.0,0.0
2022-02-23 00:00:00-05:00,4.199999809265137,4.300000190734863,4.070000171661377,4.079999923706055,1704500,0.0,0.0
2022-02-24 00:00:00-05:00,4.150000095367432,4.46999979019165,4.059999942779541,4.449999809265137,3526100,0.0,0.0
2022-02-25 00:00:00-05:00,4.489999771118164,4.53000020980835,4.340000152587891,4.449999809265137,2194800,0.0,0.0
2022-02-28 00:00:00-05:00,4.550000190734863,4.71999979019165,4.510000228881836,4.710000038146973,2584500,0.0,0.0
2022-03-01 00:00:00-05:00,4.71999979019165,4.78000020980835,4.599999904632568,4.769999980926514,2059700,0.0,0.0
2022-03-02 00:00:00-05:00,4.880000114440918,4.989999771118164,4.789999961853027,4.96999979019165,2154800,0.0,0.0
2022-03-03 00:00:00-05:00,5.050000190734863,5.059999942779541,4.849999904632568,4.980000019073486,1758700,0.0,0.0
2022-03-04 00:00:00-05:00,4.96999979019165,4.989999771118164,4.690000057220459,4.829999923706055,1956300,0.0,0.0
2022-03-07 00:00:00-05:00,4.980000019073486,5.019999980926514,4.760000228881836,4.789999961853027,2090700,0.0,0.0
2022-03-08 00:00:00-05:00,4.849999904632568,4.849999904632568,4.369999885559082,4.400000095367432,2875900,0.0,0.0
2022-03-09 00:00:00-05:00,4.53000020980835,4.769999980926514,4.480000019073486,4.760000228881836,1833600,0.0,0.0
2022-03-10 00:00:00-05:00,4.619999885559082,4.760000228881836,4.599999904632568,4.75,919900,0.0,0.0
2022-03-11 00:00:00-05:00,4.769999980926514,4.78000020980835,4.539999961853027,4.579999923706055,1211500,0.0,0.0
2022-03-14 00:00:00-04:00,4.570000171661377,4.659999847412109,4.389999866485596,4.420000076293945,1369000,0.0,0.0
2022-03-15 00:00:00-04:00,4.409999847412109,4.46999979019165,4.300000190734863,4.429999828338623,868400,0.0,0.0
2022-03-16 00:00:00-04:00,4.480000019073486,4.730000019073486,4.460000038146973,4.710000038146973,1628100,0.0,0.0
2022-03-17 00:00:00-04:00,4.699999809265137,5.010000228881836,4.639999866485596,4.949999809265137,1843800,0.0,0.0
2022-03-18 00:00:00-04:00,4.889999866485596,5.079999923706055,4.860000133514404,5.019999980926514,1461300,0.0,0.0
2022-03-21 00:00:00-04:00,4.989999771118164,5.0,4.730000019073486,4.809999942779541,1193400,0.0,0.0
2022-03-22 00:00:00-04:00,4.809999942779541,4.980000019073486,4.809999942779541,4.909999847412109,1031200,0.0,0.0
2022-03-23 00:00:00-04:00,4.940000057220459,4.960000038146973,4.739999771118164,4.789999961853027,1020000,0.0,0.0
2022-03-24 00:00:00-04:00,4.789999961853027,4.800000190734863,4.699999809265137,4.78000020980835,828800,0.0,0.0
2022-03-25 00:00:00-04:00,4.75,4.809999942779541,4.670000076293945,4.75,947800,0.0,0.0
2022-03-28 00:00:00-04:00,4.75,4.800000190734863,4.679999828338623,4.800000190734863,756300,0.0,0.0
2022-03-29 00:00:00-04:00,4.800000190734863,5.050000190734863,4.789999961853027,4.869999885559082,1686100,0.0,0.0
2022-03-30 00:00:00-04:00,4.840000152587891,4.860000133514404,4.75,4.800000190734863,1016400,0.0,0.0
2022-03-31 00:00:00-04:00,4.800000190734863,4.829999923706055,4.75,4.800000190734863,990400,0.0,0.0
2022-04-01 00:00:00-04:00,4.809999942779541,4.809999942779541,4.579999923706055,4.670000076293945,2032900,0.0,0.0
2022-04-04 00:00:00-04:00,4.699999809265137,4.760000228881836,4.639999866485596,4.639999866485596,1493400,0.0,0.0
2022-04-05 00:00:00-04:00,4.630000114440918,4.630000114440918,4.440000057220459,4.440000057220459,1419200,0.0,0.0
2022-04-06 00:00:00-04:00,4.369999885559082,4.400000095367432,4.239999771118164,4.289999961853027,1550600,0.0,0.0
2022-04-07 00:00:00-04:00,4.309999942779541,4.380000114440918,4.179999828338623,4.349999904632568,998400,0.0,0.0
2022-04-08 00:00:00-04:00,4.289999961853027,4.349999904632568,4.25,4.260000228881836,1065500,0.0,0.0
2022-04-11 00:00:00-04:00,4.289999961853027,4.389999866485596,4.190000057220459,4.300000190734863,1339900,0.0,0.0
2022-04-12 00:00:00-04:00,4.349999904632568,4.510000228881836,4.239999771118164,4.260000228881836,1309400,0.0,0.0
2022-04-13 00:00:00-04:00,4.260000228881836,4.380000114440918,4.239999771118164,4.360000133514404,1120800,0.0,0.0
2022-04-14 00:00:00-04:00,4.369999885559082,4.389999866485596,4.289999961853027,4.309999942779541,760900,0.0,0.0
2022-04-18 00:00:00-04:00,4.300000190734863,4.309999942779541,4.210000038146973,4.25,1121600,0.0,0.0
2022-04-19 00:00:00-04:00,4.239999771118164,4.429999828338623,4.230000019073486,4.389999866485596,1323100,0.0,0.0
2022-04-20 00:00:00-04:00,4.389999866485596,4.510000228881836,4.349999904632568,4.360000133514404,684900,0.0,0.0
2022-04-21 00:00:00-04:00,4.369999885559082,4.449999809265137,4.190000057220459,4.239999771118164,1148900,0.0,0.0
2022-04-22 00:00:00-04:00,4.21999979019165,4.320000171661377,4.159999847412109,4.190000057220459,869000,0.0,0.0
2022-04-25 00:00:00-04:00,4.159999847412109,4.289999961853027,4.110000133514404,4.28000020980835,932100,0.0,0.0
2022-04-26 00:00:00-04:00,4.230000019073486,4.269999980926514,4.079999923706055,4.079999923706055,977500,0.0,0.0
2022-04-27 00:00:00-04:00,4.099999904632568,4.170000076293945,4.019999980926514,4.099999904632568,995900,0.0,0.0
2022-04-28 00:00:00-04:00,4.139999866485596,4.179999828338623,4.019999980926514,4.119999885559082,1171800,0.0,0.0
2022-04-29 00:00:00-04:00,4.099999904632568,4.199999809265137,4.039999961853027,4.050000190734863,759500,0.0,0.0
2022-05-02 00:00:00-04:00,4.03000020980835,4.199999809265137,4.0,4.190000057220459,1137200,0.0,0.0
2022-05-03 00:00:00-04:00,4.190000057220459,4.300000190734863,4.150000095367432,4.21999979019165,690200,0.0,0.0
2022-05-04 00:00:00-04:00,4.230000019073486,4.320000171661377,4.110000133514404,4.309999942779541,938800,0.0,0.0
2022-05-05 00:00:00-04:00,4.25,4.269999980926514,4.090000152587891,4.170000076293945,1245100,0.0,0.0
2022-05-06 00:00:00-04:00,4.159999847412109,4.159999847412109,4.039999961853027,4.099999904632568,1126100,0.0,0.0
2022-05-09 00:00:00-04:00,4.019999980926514,4.059999942779541,3.8299999237060547,3.8499999046325684,2404700,0.0,0.0
2022-05-10 00:00:00-04:00,3.9200000762939453,3.9200000762939453,3.7100000381469727,3.7899999618530273,1551600,0.0,0.0
2022-05-11 00:00:00-04:00,3.7699999809265137,3.809999942779541,3.549999952316284,3.609999895095825,1945200,0.0,0.0
2022-05-12 00:00:00-04:00,3.549999952316284,3.759999990463257,3.5199999809265137,3.680000066757202,1422400,0.0,0.0
2022-05-13 00:00:00-04:00,3.7799999713897705,3.869999885559082,3.7300000190734863,3.7699999809265137,1312000,0.0,0.0
2022-05-16 00:00:00-04:00,3.799999952316284,3.8499999046325684,3.7200000286102295,3.7799999713897705,909600,0.0,0.0
2022-05-17 00:00:00-04:00,3.869999885559082,4.039999961853027,3.869999885559082,4.019999980926514,1608300,0.0,0.0
2022-05-18 00:00:00-04:00,3.940000057220459,3.9600000381469727,3.7899999618530273,3.8299999237060547,955000,0.0,0.0
2022-05-19 00:00:00-04:00,3.7799999713897705,3.8499999046325684,3.640000104904175,3.740000009536743,1515800,0.0,0.0
2022-05-20 00:00:00-04:00,3.809999942779541,3.8399999141693115,3.619999885559082,3.7899999618530273,2063800,0.0,0.0
2022-05-23 00:00:00-04:00,3.8399999141693115,3.9200000762939453,3.75,3.9200000762939453,1838100,0.0,0.0
2022-05-24 00:00:00-04:00,3.8499999046325684,3.9700000286102295,3.6700000762939453,3.950000047683716,2012200,0.0,0.0
2022-05-25 00:00:00-04:00,3.9600000381469727,4.239999771118164,3.950000047683716,4.170000076293945,2142300,0.0,0.0
2022-05-26 00:00:00-04:00,4.179999828338623,4.460000038146973,4.179999828338623,4.289999961853027,1403300,0.0,0.0
2022-05-27 00:00:00-04:00,4.329999923706055,4.539999961853027,4.309999942779541,4.449999809265137,1867500,0.0,0.0
2022-05-31 00:00:00-04:00,4.389999866485596,4.480000019073486,4.329999923706055,4.420000076293945,1238900,0.0,0.0
2022-06-01 00:00:00-04:00,4.480000019073486,4.480000019073486,4.150000095367432,4.260000228881836,1236600,0.0,0.0
2022-06-02 00:00:00-04:00,4.28000020980835,4.420000076293945,4.230000019073486,4.389999866485596,732700,0.0,0.0
2022-06-03 00:00:00-04:00,4.389999866485596,4.389999866485596,4.230000019073486,4.28000020980835,582600,0.0,0.0
2022-06-06 00:00:00-04:00,4.329999923706055,4.369999885559082,4.239999771118164,4.28000020980835,696500,0.0,0.0
2022-06-07 00:00:00-04:00,4.21999979019165,4.590000152587891,4.179999828338623,4.570000171661377,1791300,0.0,0.0
2022-06-08 00:00:00-04:00,4.5,4.579999923706055,4.380000114440918,4.420000076293945,863900,0.0,0.0
2022-06-09 00:00:00-04:00,4.409999847412109,4.550000190734863,4.340000152587891,4.480000019073486,939400,0.0,0.0
2022-06-10 00:00:00-04:00,4.349999904632568,4.53000020980835,4.329999923706055,4.349999904632568,1277700,0.0,0.0
2022-06-13 00:00:00-04:00,4.159999847412109,4.210000038146973,3.9700000286102295,4.050000190734863,1283700,0.0,0.0
2022-06-14 00:00:00-04:00,4.050000190734863,4.110000133514404,4.010000228881836,4.03000020980835,921200,0.0,0.0
2022-06-15 00:00:00-04:00,4.090000152587891,4.190000057220459,4.039999961853027,4.099999904632568,1077700,0.0,0.0
2022-06-16 00:00:00-04:00,4.019999980926514,4.019999980926514,3.759999990463257,3.7899999618530273,1641300,0.0,0.0
2022-06-17 00:00:00-04:00,3.8399999141693115,4.039999961853027,3.819999933242798,4.0,1374800,0.0,0.0
2022-06-21 00:00:00-04:00,4.050000190734863,4.179999828338623,4.0,4.039999961853027,1238400,0.0,0.0
2022-06-22 00:00:00-04:00,4.010000228881836,4.090000152587891,3.9600000381469727,3.9800000190734863,1036600,0.0,0.0
2022-06-23 00:00:00-04:00,4.0,4.159999847412109,4.0,4.150000095367432,1546400,0.0,0.0
2022-06-24 00:00:00-04:00,4.170000076293945,4.269999980926514,4.150000095367432,4.199999809265137,2911800,0.0,0.0
2022-06-27 00:00:00-04:00,4.21999979019165,4.260000228881836,4.110000133514404,4.150000095367432,717800,0.0,0.0
2022-06-28 00:00:00-04:00,4.139999866485596,4.230000019073486,4.079999923706055,4.099999904632568,1060200,0.0,0.0
2022-06-29 00:00:00-04:00,4.150000095367432,4.170000076293945,3.9200000762939453,4.070000171661377,2611400,0.0,0.0
2022-06-30 00:00:00-04:00,4.360000133514404,4.360000133514404,3.809999942779541,3.8499999046325684,4098200,0.0,0.0
2022-07-01 00:00:00-04:00,3.8499999046325684,4.230000019073486,3.8399999141693115,4.150000095367432,2525300,0.0,0.0
2022-07-05 00:00:00-04:00,4.050000190734863,4.130000114440918,3.9600000381469727,4.110000133514404,1033000,0.0,0.0
2022-07-06 00:00:00-04:00,4.090000152587891,4.260000228881836,4.090000152587891,4.210000038146973,1709800,0.0,0.0
2022-07-07 00:00:00-04:00,4.21999979019165,4.420000076293945,4.21999979019165,4.409999847412109,1369900,0.0,0.0
2022-07-08 00:00:00-04:00,4.360000133514404,4.5,4.329999923706055,4.489999771118164,1004200,0.0,0.0
2022-07-11 00:00:00-04:00,4.460000038146973,4.510000228881836,4.389999866485596,4.429999828338623,1052100,0.0,0.0
2022-07-12 00:00:00-04:00,4.400000095367432,4.460000038146973,4.269999980926514,4.309999942779541,856400,0.0,0.0
2022-07-13 00:00:00-04:00,4.25,4.400000095367432,4.230000019073486,4.340000152587891,546200,0.0,0.0
2022-07-14 00:00:00-04:00,4.269999980926514,4.429999828338623,4.230000019073486,4.400000095367432,889800,0.0,0.0
2022-07-15 00:00:00-04:00,4.460000038146973,4.590000152587891,4.409999847412109,4.519999980926514,855300,0.0,0.0
2022-07-18 00:00:00-04:00,4.550000190734863,4.650000095367432,4.440000057220459,4.460000038146973,1218400,0.0,0.0
2022-07-19 00:00:00-04:00,4.550000190734863,4.610000133514404,4.510000228881836,4.550000190734863,602900,0.0,0.0
2022-07-20 00:00:00-04:00,4.519999980926514,4.78000020980835,4.510000228881836,4.730000019073486,1328600,0.0,0.0
2022-07-21 00:00:00-04:00,4.71999979019165,4.949999809265137,4.699999809265137,4.940000057220459,994600,0.0,0.0
2022-07-22 00:00:00-04:00,4.880000114440918,4.929999828338623,4.789999961853027,4.800000190734863,1153000,0.0,0.0
2022-07-25 00:00:00-04:00,4.829999923706055,4.880000114440918,4.699999809265137,4.840000152587891,677400,0.0,0.0
2022-07-26 00:00:00-04:00,4.809999942779541,4.809999942779541,4.599999904632568,4.630000114440918,1042400,0.0,0.0
2022-07-27 00:00:00-04:00,4.659999847412109,4.659999847412109,4.519999980926514,4.630000114440918,861400,0.0,0.0
2022-07-28 00:00:00-04:00,4.630000114440918,4.760000228881836,4.599999904632568,4.75,700400,0.0,0.0
2022-07-29 00:00:00-04:00,4.71999979019165,4.940000057220459,4.699999809265137,4.880000114440918,1120400,0.0,0.0
2022-08-01 00:00:00-04:00,4.889999866485596,4.96999979019165,4.809999942779541,4.949999809265137,920000,0.0,0.0
2022-08-02 00:00:00-04:00,4.980000019073486,5.320000171661377,4.949999809265137,5.230000019073486,1605900,0.0,0.0
2022-08-03 00:00:00-04:00,5.28000020980835,5.599999904632568,5.25,5.460000038146973,2235100,0.0,0.0
2022-08-04 00:00:00-04:00,5.5,5.510000228881836,5.170000076293945,5.389999866485596,1399900,0.0,0.0
2022-08-05 00:00:00-04:00,5.239999771118164,5.46999979019165,5.239999771118164,5.449999809265137,999300,0.0,0.0
2022-08-08 00:00:00-04:00,5.519999980926514,5.619999885559082,5.440000057220459,5.590000152587891,1259900,0.0,0.0
2022-08-09 00:00:00-04:00,5.78000020980835,5.789999961853027,5.389999866485596,5.460000038146973,2863100,0.0,0.0
2022-08-10 00:00:00-04:00,5.550000190734863,5.980000019073486,5.550000190734863,5.880000114440918,2274800,0.0,0.0
2022-08-11 00:00:00-04:00,5.900000095367432,6.059999942779541,5.849999904632568,5.909999847412109,1662600,0.0,0.0
2022-08-12 00:00:00-04:00,5.989999771118164,6.019999980926514,5.889999866485596,5.980000019073486,1672600,0.0,0.0
2022-08-15 00:00:00-04:00,5.849999904632568,5.880000114440918,4.880000114440918,5.400000095367432,7575700,0.0,0.0
2022-08-16 00:00:00-04:00,4.869999885559082,4.880000114440918,4.28000020980835,4.760000228881836,8156500,0.0,0.0
2022-08-17 00:00:00-04:00,4.550000190734863,4.710000038146973,4.480000019073486,4.599999904632568,3282900,0.0,0.0
2022-08-18 00:00:00-04:00,4.550000190734863,4.71999979019165,4.510000228881836,4.559999942779541,1741100,0.0,0.0
2022-08-19 00:00:00-04:00,4.489999771118164,4.53000020980835,4.329999923706055,4.360000133514404,1560000,0.0,0.0
2022-08-22 00:00:00-04:00,4.260000228881836,4.289999961853027,4.079999923706055,4.110000133514404,1764500,0.0,0.0
2022-08-23 00:00:00-04:00,4.119999885559082,4.21999979019165,4.099999904632568,4.130000114440918,1042300,0.0,0.0
2022-08-24 00:00:00-04:00,4.110000133514404,4.170000076293945,4.099999904632568,4.150000095367432,1073900,0.0,0.0
2022-08-25 00:00:00-04:00,4.179999828338623,4.210000038146973,4.099999904632568,4.150000095367432,867600,0.0,0.0
2022-08-26 00:00:00-04:00,4.159999847412109,4.159999847412109,3.890000104904175,3.930000066757202,1622900,0.0,0.0
2022-08-29 00:00:00-04:00,3.890000104904175,4.099999904632568,3.880000114440918,4.0,1745500,0.0,0.0
2022-08-30 00:00:00-04:00,4.010000228881836,4.03000020980835,3.8499999046325684,3.869999885559082,1100800,0.0,0.0
2022-08-31 00:00:00-04:00,3.819999933242798,3.859999895095825,3.7300000190734863,3.809999942779541,1478500,0.0,0.0
2022-09-01 00:00:00-04:00,3.759999990463257,3.8299999237060547,3.609999895095825,3.7100000381469727,2386300,0.0,0.0
2022-09-02 00:00:00-04:00,3.7300000190734863,3.7699999809265137,3.609999895095825,3.630000114440918,932100,0.0,0.0
2022-09-06 00:00:00-04:00,3.5199999809265137,3.630000114440918,3.5,3.5299999713897705,1443400,0.0,0.0
2022-09-07 00:00:00-04:00,3.5,3.5799999237060547,3.430000066757202,3.5399999618530273,1216700,0.0,0.0
2022-09-08 00:00:00-04:00,3.5399999618530273,3.6500000953674316,3.4700000286102295,3.630000114440918,1083300,0.0,0.0
2022-09-09 00:00:00-04:00,3.680000066757202,3.9200000762939453,3.6700000762939453,3.8299999237060547,1750700,0.0,0.0
2022-09-12 00:00:00-04:00,3.859999895095825,3.9200000762939453,3.8299999237060547,3.880000114440918,682900,0.0,0.0
2022-09-13 00:00:00-04:00,3.7200000286102295,3.75,3.640000104904175,3.6700000762939453,1141200,0.0,0.0
2022-09-14 00:00:00-04:00,3.700000047683716,3.7100000381469727,3.5899999141693115,3.619999885559082,751200,0.0,0.0
2022-09-15 00:00:00-04:00,3.5999999046325684,3.700000047683716,3.5799999237060547,3.5999999046325684,856500,0.0,0.0
2022-09-16 00:00:00-04:00,3.549999952316284,3.569999933242798,3.440000057220459,3.4700000286102295,1048300,0.0,0.0
2022-09-19 00:00:00-04:00,3.450000047683716,3.4800000190734863,3.390000104904175,3.440000057220459,763400,0.0,0.0
2022-09-20 00:00:00-04:00,3.4100000858306885,3.430000066757202,3.200000047683716,3.2200000286102295,1765900,0.0,0.0
2022-09-21 00:00:00-04:00,3.259999990463257,3.319999933242798,3.200000047683716,3.2200000286102295,1003200,0.0,0.0
2022-09-22 00:00:00-04:00,3.299999952316284,3.299999952316284,3.1600000858306885,3.25,1397600,0.0,0.0
2022-09-23 00:00:00-04:00,3.1700000762939453,3.2699999809265137,3.1500000953674316,3.2200000286102295,1192300,0.0,0.0
2022-09-26 00:00:00-04:00,3.190000057220459,3.2699999809265137,3.069999933242798,3.0799999237060547,906400,0.0,0.0
2022-09-27 00:00:00-04:00,3.0899999141693115,3.180000066757202,3.059999942779541,3.059999942779541,1632800,0.0,0.0
2022-09-28 00:00:00-04:00,3.059999942779541,3.1500000953674316,3.0299999713897705,3.130000114440918,1869200,0.0,0.0
2022-09-29 00:00:00-04:00,3.049999952316284,3.0899999141693115,2.9100000858306885,2.9600000381469727,977600,0.0,0.0
2022-09-30 00:00:00-04:00,2.940000057220459,3.0399999618530273,2.9000000953674316,2.930000066757202,1417700,0.0,0.0
2022-10-03 00:00:00-04:00,2.9800000190734863,2.990000009536743,2.859999895095825,2.9200000762939453,1059200,0.0,0.0
2022-10-04 00:00:00-04:00,2.9700000286102295,3.069999933242798,2.9100000858306885,3.049999952316284,2037900,0.0,0.0
2022-10-05 00:00:00-04:00,3.0899999141693115,3.1700000762939453,2.9100000858306885,3.1600000858306885,2135300,0.0,0.0
2022-10-06 00:00:00-04:00,3.25,3.390000104904175,3.119999885559082,3.309999942779541,2364900,0.0,0.0
2022-10-07 00:00:00-04:00,3.259999990463257,3.299999952316284,3.059999942779541,3.109999895095825,1325900,0.0,0.0
2022-10-10 00:00:00-04:00,3.0999999046325684,3.109999895095825,2.9600000381469727,2.9800000190734863,874200,0.0,0.0
2022-10-11 00:00:00-04:00,2.990000009536743,3.0799999237060547,2.9200000762939453,3.009999990463257,1257100,0.0,0.0
2022-10-12 00:00:00-04:00,3.049999952316284,3.049999952316284,2.940000057220459,2.990000009536743,923200,0.0,0.0
2022-10-13 00:00:00-04:00,2.9600000381469727,3.109999895095825,2.890000104904175,3.0899999141693115,1805500,0.0,0.0
2022-10-14 00:00:00-04:00,3.119999885559082,3.180000066757202,2.9800000190734863,2.990000009536743,949200,0.0,0.0
2022-10-17 00:00:00-04:00,3.0999999046325684,3.1700000762939453,2.990000009536743,3.1600000858306885,1869200,0.0,0.0
2022-10-18 00:00:00-04:00,3.2300000190734863,3.25,3.130000114440918,3.140000104904175,589300,0.0,0.0
2022-10-19 00:00:00-04:00,3.0999999046325684,3.119999885559082,3.049999952316284,3.069999933242798,585400,0.0,0.0
2022-10-20 00:00:00-04:00,3.0899999141693115,3.2200000286102295,3.069999933242798,3.0899999141693115,944300,0.0,0.0
2022-10-21 00:00:00-04:00,3.119999885559082,3.1700000762939453,3.069999933242798,3.1500000953674316,639000,0.0,0.0
2022-10-24 00:00:00-04:00,3.200000047683716,3.2100000381469727,3.119999885559082,3.1700000762939453,694400,0.0,0.0
2022-10-25 00:00:00-04:00,3.180000066757202,3.25,3.1600000858306885,3.200000047683716,833900,0.0,0.0
2022-10-26 00:00:00-04:00,3.309999942779541,3.3499999046325684,3.2100000381469727,3.240000009536743,1068100,0.0,0.0
2022-10-27 00:00:00-04:00,3.2799999713897705,3.3299999237060547,3.200000047683716,3.2100000381469727,817000,0.0,0.0
2022-10-28 00:00:00-04:00,3.259999990463257,3.259999990463257,3.140000104904175,3.200000047683716,808000,0.0,0.0
2022-10-31 00:00:00-04:00,3.190000057220459,3.309999942779541,3.1600000858306885,3.25,771900,0.0,0.0
2022-11-01 00:00:00-04:00,3.2799999713897705,3.319999933242798,3.2100000381469727,3.2799999713897705,901300,0.0,0.0
2022-11-02 00:00:00-04:00,3.2699999809265137,3.299999952316284,3.130000114440918,3.1700000762939453,732100,0.0,0.0
2022-11-03 00:00:00-04:00,3.119999885559082,3.130000114440918,3.0,3.0199999809265137,864400,0.0,0.0
2022-11-04 00:00:00-04:00,3.0799999237060547,3.0999999046325684,3.0,3.0799999237060547,537800,0.0,0.0
2022-11-07 00:00:00-05:00,3.140000104904175,3.2799999713897705,3.109999895095825,3.240000009536743,1149600,0.0,0.0
2022-11-08 00:00:00-05:00,3.2200000286102295,3.2300000190734863,3.109999895095825,3.1600000858306885,862900,0.0,0.0
2022-11-09 00:00:00-05:00,3.1600000858306885,3.1700000762939453,2.9600000381469727,2.9800000190734863,972900,0.0,0.0
2022-11-10 00:00:00-05:00,3.0899999141693115,3.119999885559082,3.0199999809265137,3.0399999618530273,1368800,0.0,0.0
2022-11-11 00:00:00-05:00,3.069999933242798,3.1600000858306885,3.0,3.0999999046325684,992500,0.0,0.0
2022-11-14 00:00:00-05:00,3.1600000858306885,3.259999990463257,3.0399999618530273,3.140000104904175,1806200,0.0,0.0
2022-11-15 00:00:00-05:00,2.5,2.509999990463257,2.0799999237060547,2.3299999237060547,7359200,0.0,0.0
2022-11-16 00:00:00-05:00,2.299999952316284,2.299999952316284,2.109999895095825,2.200000047683716,3591200,0.0,0.0
2022-11-17 00:00:00-05:00,2.1600000858306885,2.240000009536743,2.119999885559082,2.2200000286102295,1396300,0.0,0.0
2022-11-18 00:00:00-05:00,2.2699999809265137,2.2799999713897705,2.0999999046325684,2.180000066757202,2141700,0.0,0.0
2022-11-21 00:00:00-05:00,2.130000114440918,2.200000047683716,2.0999999046325684,2.119999885559082,1487900,0.0,0.0
2022-11-22 00:00:00-05:00,2.109999895095825,2.1500000953674316,2.049999952316284,2.119999885559082,1154800,0.0,0.0
2022-11-23 00:00:00-05:00,2.130000114440918,2.180000066757202,2.0999999046325684,2.109999895095825,978700,0.0,0.0
2022-11-25 00:00:00-05:00,2.119999885559082,2.140000104904175,2.0899999141693115,2.130000114440918,265700,0.0,0.0
2022-11-28 00:00:00-05:00,2.1500000953674316,2.1700000762939453,2.069999933242798,2.069999933242798,711700,0.0,0.0
2022-11-29 00:00:00-05:00,2.069999933242798,2.0999999046325684,2.069999933242798,2.0899999141693115,581900,0.0,0.0
2022-11-30 00:00:00-05:00,2.0899999141693115,2.1500000953674316,2.059999942779541,2.140000104904175,952000,0.0,0.0
2022-12-01 00:00:00-05:00,2.119999885559082,2.2100000381469727,2.0999999046325684,2.180000066757202,1416300,0.0,0.0
2022-12-02 00:00:00-05:00,2.119999885559082,2.2300000190734863,2.0999999046325684,2.180000066757202,622400,0.0,0.0
2022-12-05 00:00:00-05:00,2.1500000953674316,2.1600000858306885,2.059999942779541,2.069999933242798,956500,0.0,0.0
2022-12-06 00:00:00-05:00,2.069999933242798,2.0799999237060547,1.9600000381469727,1.9700000286102295,1396000,0.0,0.0
2022-12-07 00:00:00-05:00,2.009999990463257,2.009999990463257,1.9199999570846558,1.940000057220459,1033100,0.0,0.0
2022-12-08 00:00:00-05:00,1.940000057220459,2.0199999809265137,1.909999966621399,1.9299999475479126,1526300,0.0,0.0
2022-12-09 00:00:00-05:00,1.9500000476837158,1.9500000476837158,1.8700000047683716,1.899999976158142,1456800,0.0,0.0
2022-12-12 00:00:00-05:00,1.8899999856948853,1.899999976158142,1.8200000524520874,1.8300000429153442,1468600,0.0,0.0
2022-12-13 00:00:00-05:00,1.8700000047683716,1.9500000476837158,1.809999942779541,1.8300000429153442,1175200,0.0,0.0
2022-12-14 00:00:00-05:00,1.850000023841858,1.8600000143051147,1.7799999713897705,1.7999999523162842,944800,0.0,0.0
2022-12-15 00:00:00-05:00,1.7999999523162842,1.809999942779541,1.7200000286102295,1.7799999713897705,1151100,0.0,0.0
2022-12-16 00:00:00-05:00,1.7400000095367432,1.8300000429153442,1.7400000095367432,1.809999942779541,1239800,0.0,0.0
2022-12-19 00:00:00-05:00,1.809999942779541,1.809999942779541,1.7100000381469727,1.7200000286102295,1032800,0.0,0.0
2022-12-20 00:00:00-05:00,1.7200000286102295,1.7699999809265137,1.690000057220459,1.7000000476837158,1070500,0.0,0.0
2022-12-21 00:00:00-05:00,1.7200000286102295,1.7400000095367432,1.690000057220459,1.7200000286102295,1094900,0.0,0.0
2022-12-22 00:00:00-05:00,1.7100000381469727,1.75,1.6699999570846558,1.690000057220459,964400,0.0,0.0
2022-12-23 00:00:00-05:00,1.7000000476837158,1.7300000190734863,1.6799999475479126,1.7000000476837158,707600,0.0,0.0
2022-12-27 00:00:00-05:00,1.7000000476837158,1.7100000381469727,1.559999942779541,1.6299999952316284,2106900,0.0,0.0
2022-12-28 00:00:00-05:00,1.649999976158142,1.75,1.6399999856948853,1.659999966621399,1159700,0.0,0.0
2022-12-29 00:00:00-05:00,1.659999966621399,1.7300000190734863,1.659999966621399,1.7100000381469727,1286000,0.0,0.0
2022-12-30 00:00:00-05:00,1.7000000476837158,1.7699999809265137,1.6699999570846558,1.7300000190734863,1285400,0.0,0.0
2023-01-03 00:00:00-05:00,1.7400000095367432,1.7999999523162842,1.7200000286102295,1.7699999809265137,626100,0.0,0.0
2023-01-04 00:00:00-05:00,1.7599999904632568,1.8899999856948853,1.7599999904632568,1.8799999952316284,975400,0.0,0.0
2023-01-05 00:00:00-05:00,1.8799999952316284,1.8799999952316284,1.809999942779541,1.8600000143051147,764200,0.0,0.0
2023-01-06 00:00:00-05:00,1.8899999856948853,1.9500000476837158,1.850000023841858,1.940000057220459,887400,0.0,0.0
2023-01-09 00:00:00-05:00,1.940000057220459,2.059999942779541,1.9299999475479126,2.0299999713897705,1148300,0.0,0.0
2023-01-10 00:00:00-05:00,2.0299999713897705,2.1700000762939453,2.0199999809265137,2.1600000858306885,1258400,0.0,0.0
2023-01-11 00:00:00-05:00,2.130000114440918,2.2799999713897705,2.109999895095825,2.2699999809265137,1395500,0.0,0.0
2023-01-12 00:00:00-05:00,2.2899999618530273,2.319999933242798,2.240000009536743,2.319999933242798,1112000,0.0,0.0
2023-01-13 00:00:00-05:00,2.2799999713897705,2.390000104904175,2.2799999713897705,2.359999895095825,883600,0.0,0.0
2023-01-17 00:00:00-05:00,2.3399999141693115,2.390000104904175,2.309999942779541,2.3299999237060547,726500,0.0,0.0
2023-01-18 00:00:00-05:00,2.3499999046325684,2.359999895095825,2.180000066757202,2.180000066757202,783000,0.0,0.0
2023-01-19 00:00:00-05:00,2.2300000190734863,2.2300000190734863,2.059999942779541,2.069999933242798,836200,0.0,0.0
2023-01-20 00:00:00-05:00,2.109999895095825,2.109999895095825,2.0199999809265137,2.049999952316284,715100,0.0,0.0
2023-01-23 00:00:00-05:00,2.0199999809265137,2.2100000381469727,2.0199999809265137,2.190000057220459,869800,0.0,0.0
2023-01-24 00:00:00-05:00,2.190000057220459,2.2200000286102295,2.140000104904175,2.190000057220459,387300,0.0,0.0
2023-01-25 00:00:00-05:00,2.180000066757202,2.299999952316284,2.1700000762939453,2.2899999618530273,903500,0.0,0.0
2023-01-26 00:00:00-05:00,2.299999952316284,2.369999885559082,2.299999952316284,2.359999895095825,923900,0.0,0.0
2023-01-27 00:00:00-05:00,2.369999885559082,2.450000047683716,2.3499999046325684,2.4200000762939453,689200,0.0,0.0
2023-01-30 00:00:00-05:00,2.450000047683716,2.5399999618530273,2.430000066757202,2.440000057220459,769200,0.0,0.0
2023-01-31 00:00:00-05:00,2.4800000190734863,2.4800000190734863,2.380000114440918,2.4800000190734863,552400,0.0,0.0
2023-02-01 00:00:00-05:00,2.490000009536743,2.5299999713897705,2.440000057220459,2.5199999809265137,790900,0.0,0.0
2023-02-02 00:00:00-05:00,2.549999952316284,2.609999895095825,2.450000047683716,2.4700000286102295,1050200,0.0,0.0
2023-02-03 00:00:00-05:00,2.509999990463257,2.5799999237060547,2.390000104904175,2.4200000762939453,1076800,0.0,0.0
2023-02-06 00:00:00-05:00,2.4000000953674316,2.4200000762939453,2.299999952316284,2.309999942779541,508300,0.0,0.0
2023-02-07 00:00:00-05:00,2.319999933242798,2.319999933242798,2.2100000381469727,2.309999942779541,1017300,0.0,0.0
2023-02-08 00:00:00-05:00,2.3399999141693115,2.359999895095825,2.180000066757202,2.2100000381469727,1010100,0.0,0.0
2023-02-09 00:00:00-05:00,2.25,2.299999952316284,2.140000104904175,2.2100000381469727,1634900,0.0,0.0
2023-02-10 00:00:00-05:00,2.2100000381469727,2.2100000381469727,2.130000114440918,2.1600000858306885,499200,0.0,0.0
2023-02-13 00:00:00-05:00,2.190000057220459,2.25,2.140000104904175,2.2200000286102295,601000,0.0,0.0
2023-02-14 00:00:00-05:00,2.2200000286102295,2.2699999809265137,2.180000066757202,2.25,915400,0.0,0.0
2023-02-15 00:00:00-05:00,1.7999999523162842,1.9800000190734863,1.7599999904632568,1.9600000381469727,3689200,0.0,0.0
2023-02-16 00:00:00-05:00,1.9299999475479126,2.0399999618530273,1.9199999570846558,1.9800000190734863,1242900,0.0,0.0
2023-02-17 00:00:00-05:00,1.9800000190734863,2.109999895095825,1.9600000381469727,2.0799999237060547,1582900,0.0,0.0
2023-02-21 00:00:00-05:00,2.1500000953674316,2.1500000953674316,1.9600000381469727,1.9700000286102295,2154700,0.0,0.0
2023-02-22 00:00:00-05:00,2.0399999618530273,2.049999952316284,1.9700000286102295,2.009999990463257,1198000,0.0,0.0
2023-02-23 00:00:00-05:00,2.0,2.0299999713897705,1.9900000095367432,2.0,765600,0.0,0.0
2023-02-24 00:00:00-05:00,1.9600000381469727,1.9800000190734863,1.7799999713897705,1.809999942779541,1727200,0.0,0.0
2023-02-27 00:00:00-05:00,1.8899999856948853,1.9700000286102295,1.8600000143051147,1.9299999475479126,1115900,0.0,0.0
2023-02-28 00:00:00-05:00,1.9299999475479126,1.9800000190734863,1.8600000143051147,1.9500000476837158,2184600,0.0,0.0
2023-03-01 00:00:00-05:00,1.9299999475479126,1.940000057220459,1.8799999952316284,1.8899999856948853,468400,0.0,0.0
2023-03-02 00:00:00-05:00,1.8899999856948853,1.940000057220459,1.850000023841858,1.9299999475479126,558700,0.0,0.0
2023-03-03 00:00:00-05:00,1.940000057220459,2.109999895095825,1.899999976158142,2.0799999237060547,964600,0.0,0.0
2023-03-06 00:00:00-05:00,2.0999999046325684,2.119999885559082,2.069999933242798,2.0899999141693115,628800,0.0,0.0
2023-03-07 00:00:00-05:00,2.0799999237060547,2.130000114440918,2.059999942779541,2.130000114440918,484200,0.0,0.0
2023-03-08 00:00:00-05:00,2.109999895095825,2.1700000762939453,2.0799999237060547,2.119999885559082,702300,0.0,0.0
2023-03-09 00:00:00-05:00,2.140000104904175,2.1500000953674316,1.9700000286102295,1.9800000190734863,586200,0.0,0.0
2023-03-10 00:00:00-05:00,1.9700000286102295,2.009999990463257,1.9199999570846558,1.940000057220459,609900,0.0,0.0
2023-03-13 00:00:00-04:00,1.899999976158142,1.9600000381469727,1.8700000047683716,1.940000057220459,683300,0.0,0.0
2023-03-14 00:00:00-04:00,1.9900000095367432,2.0299999713897705,1.940000057220459,1.9700000286102295,394000,0.0,0.0
2023-03-15 00:00:00-04:00,1.909999966621399,1.9600000381469727,1.8899999856948853,1.899999976158142,499400,0.0,0.0
2023-03-16 00:00:00-04:00,1.8899999856948853,1.940000057220459,1.8700000047683716,1.8700000047683716,939200,0.0,0.0
2023-03-17 00:00:00-04:00,1.8700000047683716,1.8899999856948853,1.7999999523162842,1.8200000524520874,1073900,0.0,0.0
2023-03-20 00:00:00-04:00,1.8600000143051147,1.8600000143051147,1.690000057220459,1.7300000190734863,1059400,0.0,0.0
2023-03-21 00:00:00-04:00,1.75,1.7699999809265137,1.6699999570846558,1.7000000476837158,1050400,0.0,0.0
2023-03-22 00:00:00-04:00,1.7000000476837158,1.7000000476837158,1.6100000143051147,1.6100000143051147,1521400,0.0,0.0
2023-03-23 00:00:00-04:00,1.6399999856948853,1.659999966621399,1.5700000524520874,1.590000033378601,1567600,0.0,0.0
2023-03-24 00:00:00-04:00,1.5800000429153442,1.7300000190734863,1.5700000524520874,1.7200000286102295,705900,0.0,0.0
2023-03-27 00:00:00-04:00,1.7799999713897705,1.7799999713897705,1.7200000286102295,1.7599999904632568,604500,0.0,0.0
2023-03-28 00:00:00-04:00,1.840000033378601,2.0,1.840000033378601,1.9900000095367432,1912000,0.0,0.0
2023-03-29 00:00:00-04:00,2.0,2.049999952316284,1.9600000381469727,2.0199999809265137,757800,0.0,0.0
2023-03-30 00:00:00-04:00,2.0399999618530273,2.0999999046325684,2.0299999713897705,2.049999952316284,454500,0.0,0.0
2023-03-31 00:00:00-04:00,2.049999952316284,2.0999999046325684,1.9299999475479126,1.9700000286102295,1452600,0.0,0.0
2023-04-03 00:00:00-04:00,1.9800000190734863,2.049999952316284,1.940000057220459,2.0299999713897705,689300,0.0,0.0
2023-04-04 00:00:00-04:00,2.0199999809265137,2.0399999618530273,1.9600000381469727,1.9700000286102295,545400,0.0,0.0
2023-04-05 00:00:00-04:00,1.9600000381469727,1.9600000381469727,1.899999976158142,1.9199999570846558,484600,0.0,0.0
2023-04-06 00:00:00-04:00,1.899999976158142,2.009999990463257,1.8700000047683716,2.0,565800,0.0,0.0
2023-04-10 00:00:00-04:00,2.009999990463257,2.109999895095825,1.9800000190734863,2.0899999141693115,660700,0.0,0.0
2023-04-11 00:00:00-04:00,2.0899999141693115,2.200000047683716,2.0899999141693115,2.1600000858306885,533100,0.0,0.0
2023-04-12 00:00:00-04:00,2.190000057220459,2.2100000381469727,2.0899999141693115,2.119999885559082,594200,0.0,0.0
2023-04-13 00:00:00-04:00,2.119999885559082,2.1600000858306885,2.0899999141693115,2.130000114440918,390900,0.0,0.0
2023-04-14 00:00:00-04:00,2.119999885559082,2.1600000858306885,2.049999952316284,2.059999942779541,325800,0.0,0.0
2023-04-17 00:00:00-04:00,2.059999942779541,2.1700000762939453,2.059999942779541,2.1600000858306885,657100,0.0,0.0
2023-04-18 00:00:00-04:00,2.1600000858306885,2.1600000858306885,1.9900000095367432,2.0,695900,0.0,0.0
2023-04-19 00:00:00-04:00,2.0,2.049999952316284,1.9700000286102295,2.0199999809265137,314000,0.0,0.0
2023-04-20 00:00:00-04:00,1.9900000095367432,2.0299999713897705,1.9800000190734863,1.9900000095367432,343700,0.0,0.0
2023-04-21 00:00:00-04:00,1.9700000286102295,2.0299999713897705,1.940000057220459,1.9700000286102295,692500,0.0,0.0
2023-04-24 00:00:00-04:00,1.9700000286102295,2.009999990463257,1.9700000286102295,1.9900000095367432,450100,0.0,0.0
2023-04-25 00:00:00-04:00,1.9600000381469727,1.9600000381469727,1.9199999570846558,1.9299999475479126,640800,0.0,0.0
2023-04-26 00:00:00-04:00,1.9199999570846558,1.9299999475479126,1.840000033378601,1.909999966621399,670300,0.0,0.0
2023-04-27 00:00:00-04:00,1.909999966621399,1.9199999570846558,1.8899999856948853,1.909999966621399,321400,0.0,0.0
2023-04-28 00:00:00-04:00,1.8799999952316284,1.9900000095367432,1.8600000143051147,1.9700000286102295,567400,0.0,0.0
2023-05-01 00:00:00-04:00,1.9600000381469727,1.9800000190734863,1.9199999570846558,1.9700000286102295,408400,0.0,0.0
2023-05-02 00:00:00-04:00,1.9600000381469727,2.0,1.940000057220459,1.9700000286102295,425600,0.0,0.0
2023-05-03 00:00:00-04:00,1.9500000476837158,2.0,1.8799999952316284,1.8899999856948853,472900,0.0,0.0
2023-05-04 00:00:00-04:00,1.899999976158142,1.899999976158142,1.7999999523162842,1.809999942779541,454700,0.0,0.0
2023-05-05 00:00:00-04:00,1.7799999713897705,1.850000023841858,1.7699999809265137,1.7999999523162842,778200,0.0,0.0
2023-05-08 00:00:00-04:00,1.7999999523162842,1.7999999523162842,1.75,1.7599999904632568,431600,0.0,0.0
2023-05-09 00:00:00-04:00,1.7699999809265137,1.7699999809265137,1.6699999570846558,1.7000000476837158,760400,0.0,0.0
2023-05-10 00:00:00-04:00,1.7200000286102295,1.7599999904632568,1.7000000476837158,1.7400000095367432,381400,0.0,0.0
2023-05-11 00:00:00-04:00,1.7599999904632568,1.7599999904632568,1.6799999475479126,1.690000057220459,329500,0.0,0.0
2023-05-12 00:00:00-04:00,1.7000000476837158,1.75,1.659999966621399,1.6699999570846558,451900,0.0,0.0
2023-05-15 00:00:00-04:00,1.6799999475479126,1.7100000381469727,1.649999976158142,1.6699999570846558,473300,0.0,0.0
2023-05-16 00:00:00-04:00,1.690000057220459,1.690000057220459,1.600000023841858,1.6100000143051147,414100,0.0,0.0
2023-05-17 00:00:00-04:00,1.6100000143051147,1.7200000286102295,1.600000023841858,1.7100000381469727,477900,0.0,0.0
2023-05-18 00:00:00-04:00,1.7200000286102295,1.7699999809265137,1.690000057220459,1.75,520000,0.0,0.0
2023-05-19 00:00:00-04:00,1.7599999904632568,1.7999999523162842,1.7300000190734863,1.75,399800,0.0,0.0
2023-05-22 00:00:00-04:00,1.75,1.7999999523162842,1.7300000190734863,1.7599999904632568,426000,0.0,0.0
2023-05-23 00:00:00-04:00,1.75,1.8200000524520874,1.7300000190734863,1.7699999809265137,341700,0.0,0.0
2023-05-24 00:00:00-04:00,1.7699999809265137,1.809999942779541,1.7400000095367432,1.7599999904632568,355300,0.0,0.0
2023-05-25 00:00:00-04:00,1.7400000095367432,1.7699999809265137,1.7100000381469727,1.7300000190734863,346200,0.0,0.0
2023-05-26 00:00:00-04:00,1.7300000190734863,1.7699999809265137,1.7100000381469727,1.7300000190734863,316500,0.0,0.0
2023-05-30 00:00:00-04:00,1.7400000095367432,1.7899999618530273,1.7300000190734863,1.7699999809265137,366400,0.0,0.0
2023-05-31 00:00:00-04:00,1.7899999618530273,1.7899999618530273,1.7000000476837158,1.7599999904632568,876500,0.0,0.0
2023-06-01 00:00:00-04:00,1.7699999809265137,1.7999999523162842,1.7400000095367432,1.7599999904632568,239800,0.0,0.0
2023-06-02 00:00:00-04:00,1.7599999904632568,1.9500000476837158,1.7599999904632568,1.899999976158142,772600,0.0,0.0
2023-06-05 00:00:00-04:00,1.899999976158142,1.9500000476837158,1.8799999952316284,1.899999976158142,331800,0.0,0.0
2023-06-06 00:00:00-04:00,1.8799999952316284,2.0,1.8799999952316284,2.0,447500,0.0,0.0
2023-06-07 00:00:00-04:00,2.0,2.049999952316284,1.9600000381469727,2.0399999618530273,467900,0.0,0.0
2023-06-08 00:00:00-04:00,2.059999942779541,2.059999942779541,2.0,2.0199999809265137,338100,0.0,0.0
2023-06-09 00:00:00-04:00,2.009999990463257,2.059999942779541,1.9900000095367432,2.0299999713897705,350600,0.0,0.0
2023-06-12 00:00:00-04:00,2.0399999618530273,2.130000114440918,2.0199999809265137,2.119999885559082,496900,0.0,0.0
2023-06-13 00:00:00-04:00,2.119999885559082,2.180000066757202,2.0899999141693115,2.0999999046325684,491900,0.0,0.0
2023-06-14 00:00:00-04:00,2.0999999046325684,2.1700000762939453,2.0199999809265137,2.0399999618530273,2781800,0.0,0.0
2023-06-15 00:00:00-04:00,2.119999885559082,2.559999942779541,2.119999885559082,2.359999895095825,4507900,0.0,0.0
2023-06-16 00:00:00-04:00,2.380000114440918,2.380000114440918,2.2200000286102295,2.2899999618530273,1096000,0.0,0.0
2023-06-20 00:00:00-04:00,2.25,2.319999933242798,2.190000057220459,2.200000047683716,696300,0.0,0.0
2023-06-21 00:00:00-04:00,2.1700000762939453,2.240000009536743,2.130000114440918,2.1600000858306885,557200,0.0,0.0
2023-06-22 00:00:00-04:00,2.1500000953674316,2.1600000858306885,2.069999933242798,2.109999895095825,377700,0.0,0.0
2023-06-23 00:00:00-04:00,2.059999942779541,2.25,2.059999942779541,2.200000047683716,1386900,0.0,0.0
2023-06-26 00:00:00-04:00,2.1700000762939453,2.3299999237060547,2.1600000858306885,2.2200000286102295,615100,0.0,0.0
2023-06-27 00:00:00-04:00,2.2300000190734863,2.2699999809265137,2.200000047683716,2.2300000190734863,374300,0.0,0.0
2023-06-28 00:00:00-04:00,2.2100000381469727,2.240000009536743,2.049999952316284,2.0799999237060547,765800,0.0,0.0
2023-06-29 00:00:00-04:00,2.0899999141693115,2.1500000953674316,2.069999933242798,2.1500000953674316,385700,0.0,0.0
2023-06-30 00:00:00-04:00,2.1600000858306885,2.1600000858306885,2.0799999237060547,2.130000114440918,489000,0.0,0.0
2023-07-03 00:00:00-04:00,2.119999885559082,2.1500000953674316,2.0399999618530273,2.0799999237060547,285600,0.0,0.0
2023-07-05 00:00:00-04:00,2.0299999713897705,2.109999895095825,2.0199999809265137,2.049999952316284,255700,0.0,0.0
2023-07-06 00:00:00-04:00,2.0299999713897705,2.109999895095825,2.0199999809265137,2.0999999046325684,480600,0.0,0.0
2023-07-07 00:00:00-04:00,2.109999895095825,2.130000114440918,2.059999942779541,2.0999999046325684,641500,0.0,0.0
2023-07-10 00:00:00-04:00,2.109999895095825,2.200000047683716,2.109999895095825,2.119999885559082,596600,0.0,0.0
2023-07-11 00:00:00-04:00,2.119999885559082,2.2200000286102295,2.119999885559082,2.1700000762939453,415400,0.0,0.0
2023-07-12 00:00:00-04:00,2.2100000381469727,2.25,2.1500000953674316,2.200000047683716,505000,0.0,0.0
2023-07-13 00:00:00-04:00,2.2100000381469727,2.25,2.180000066757202,2.2100000381469727,303600,0.0,0.0
2023-07-14 00:00:00-04:00,2.2100000381469727,2.2200000286102295,2.130000114440918,2.140000104904175,225000,0.0,0.0
2023-07-17 00:00:00-04:00,2.1500000953674316,2.3499999046325684,2.140000104904175,2.180000066757202,744700,0.0,0.0
2023-07-18 00:00:00-04:00,2.2200000286102295,2.240000009536743,2.1700000762939453,2.2300000190734863,373200,0.0,0.0
2023-07-19 00:00:00-04:00,2.259999990463257,2.259999990463257,2.190000057220459,2.240000009536743,425700,0.0,0.0
2023-07-20 00:00:00-04:00,2.25,2.25,2.1500000953674316,2.1500000953674316,428500,0.0,0.0
2023-07-21 00:00:00-04:00,2.180000066757202,2.180000066757202,2.0899999141693115,2.0999999046325684,489300,0.0,0.0
2023-07-24 00:00:00-04:00,2.0999999046325684,2.109999895095825,2.0299999713897705,2.0799999237060547,532700,0.0,0.0
2023-07-25 00:00:00-04:00,2.059999942779541,2.119999885559082,2.0299999713897705,2.0399999618530273,538600,0.0,0.0
2023-07-26 00:00:00-04:00,2.0399999618530273,2.1500000953674316,2.0399999618530273,2.119999885559082,484800,0.0,0.0
2023-07-27 00:00:00-04:00,2.119999885559082,2.180000066757202,2.109999895095825,2.119999885559082,402200,0.0,0.0
2023-07-28 00:00:00-04:00,2.119999885559082,2.1700000762939453,2.069999933242798,2.0999999046325684,407800,0.0,0.0
2023-07-31 00:00:00-04:00,2.0799999237060547,2.109999895095825,2.059999942779541,2.0799999237060547,513400,0.0,0.0
2023-08-01 00:00:00-04:00,2.0999999046325684,2.119999885559082,2.0799999237060547,2.119999885559082,368100,0.0,0.0
2023-08-02 00:00:00-04:00,2.0799999237060547,2.0899999141693115,2.049999952316284,2.0899999141693115,306700,0.0,0.0
2023-08-03 00:00:00-04:00,2.059999942779541,2.119999885559082,2.049999952316284,2.0999999046325684,356400,0.0,0.0
2023-08-04 00:00:00-04:00,2.0899999141693115,2.1500000953674316,2.069999933242798,2.109999895095825,387100,0.0,0.0
2023-08-07 00:00:00-04:00,2.119999885559082,2.130000114440918,2.069999933242798,2.109999895095825,255700,0.0,0.0
2023-08-08 00:00:00-04:00,2.0799999237060547,2.109999895095825,2.069999933242798,2.069999933242798,253500,0.0,0.0
2023-08-09 00:00:00-04:00,2.0999999046325684,2.1500000953674316,2.009999990463257,2.0399999618530273,514400,0.0,0.0
2023-08-10 00:00:00-04:00,2.119999885559082,2.2200000286102295,2.059999942779541,2.0899999141693115,1092500,0.0,0.0
2023-08-11 00:00:00-04:00,2.0899999141693115,2.0999999046325684,2.0199999809265137,2.0299999713897705,432300,0.0,0.0
2023-08-14 00:00:00-04:00,2.0299999713897705,2.0899999141693115,1.9800000190734863,2.049999952316284,393200,0.0,0.0
2023-08-15 00:00:00-04:00,2.049999952316284,2.049999952316284,1.9800000190734863,2.0,303400,0.0,0.0
2023-08-16 00:00:00-04:00,1.9800000190734863,2.0199999809265137,1.9700000286102295,1.9700000286102295,322400,0.0,0.0
2023-08-17 00:00:00-04:00,1.9600000381469727,2.0299999713897705,1.9600000381469727,1.9700000286102295,448600,0.0,0.0
2023-08-18 00:00:00-04:00,1.9700000286102295,2.009999990463257,1.9500000476837158,1.9600000381469727,565200,0.0,0.0
2023-08-21 00:00:00-04:00,1.9800000190734863,2.069999933242798,1.9800000190734863,2.059999942779541,340600,0.0,0.0
2023-08-22 00:00:00-04:00,2.059999942779541,2.069999933242798,2.0399999618530273,2.049999952316284,250300,0.0,0.0
2023-08-23 00:00:00-04:00,2.0799999237060547,2.2100000381469727,2.0199999809265137,2.200000047683716,619700,0.0,0.0
2023-08-24 00:00:00-04:00,2.180000066757202,2.2300000190734863,2.109999895095825,2.119999885559082,355400,0.0,0.0
2023-08-25 00:00:00-04:00,2.140000104904175,2.2300000190734863,2.109999895095825,2.2300000190734863,505900,0.0,0.0
2023-08-28 00:00:00-04:00,2.2300000190734863,2.2899999618530273,2.2200000286102295,2.259999990463257,366400,0.0,0.0
2023-08-29 00:00:00-04:00,2.2899999618530273,2.390000104904175,2.2300000190734863,2.3499999046325684,476500,0.0,0.0
2023-08-30 00:00:00-04:00,2.319999933242798,2.4200000762939453,2.2799999713897705,2.319999933242798,432200,0.0,0.0
2023-08-31 00:00:00-04:00,2.299999952316284,2.369999885559082,2.2799999713897705,2.2899999618530273,508700,0.0,0.0
2023-09-01 00:00:00-04:00,2.2899999618530273,2.319999933242798,2.2100000381469727,2.2100000381469727,376600,0.0,0.0
2023-09-05 00:00:00-04:00,2.190000057220459,2.240000009536743,2.140000104904175,2.1500000953674316,295800,0.0,0.0
2023-09-06 00:00:00-04:00,2.140000104904175,2.1500000953674316,2.059999942779541,2.069999933242798,260000,0.0,0.0
2023-09-07 00:00:00-04:00,2.059999942779541,2.1700000762939453,2.059999942779541,2.069999933242798,1038300,0.0,0.0
2023-09-08 00:00:00-04:00,2.0799999237060547,2.0999999046325684,2.059999942779541,2.069999933242798,194500,0.0,0.0
2023-09-11 00:00:00-04:00,2.0899999141693115,2.0999999046325684,2.059999942779541,2.0799999237060547,328900,0.0,0.0
2023-09-12 00:00:00-04:00,2.0799999237060547,2.0999999046325684,2.049999952316284,2.049999952316284,192100,0.0,0.0
2023-09-13 00:00:00-04:00,2.069999933242798,2.069999933242798,1.9900000095367432,1.9900000095367432,549200,0.0,0.0
2023-09-14 00:00:00-04:00,2.009999990463257,2.0999999046325684,2.0,2.0999999046325684,373500,0.0,0.0
2023-09-15 00:00:00-04:00,2.0999999046325684,2.109999895095825,1.9800000190734863,2.0,830000,0.0,0.0
2023-09-18 00:00:00-04:00,2.0,2.0399999618530273,2.0,2.0299999713897705,270500,0.0,0.0
2023-09-19 00:00:00-04:00,2.0399999618530273,2.0999999046325684,2.0199999809265137,2.069999933242798,314300,0.0,0.0
2023-09-20 00:00:00-04:00,2.0899999141693115,2.119999885559082,2.0399999618530273,2.0399999618530273,285300,0.0,0.0
2023-09-21 00:00:00-04:00,2.0399999618530273,2.0399999618530273,2.0,2.0,314100,0.0,0.0
2023-09-22 00:00:00-04:00,2.0,2.0399999618530273,1.9900000095367432,1.9900000095367432,457700,0.0,0.0
2023-09-25 00:00:00-04:00,2.0,2.049999952316284,1.9900000095367432,2.0199999809265137,322700,0.0,0.0
2023-09-26 00:00:00-04:00,2.009999990463257,2.0399999618530273,2.0,2.0,212800,0.0,0.0
2023-09-27 00:00:00-04:00,2.0399999618530273,2.059999942779541,2.009999990463257,2.009999990463257,397600,0.0,0.0
2023-09-28 00:00:00-04:00,2.0199999809265137,2.0399999618530273,1.9900000095367432,2.0,380200,0.0,0.0
2023-09-29 00:00:00-04:00,2.0199999809265137,2.0299999713897705,1.9900000095367432,2.0199999809265137,325000,0.0,0.0
2023-10-02 00:00:00-04:00,2.0,2.0199999809265137,1.9900000095367432,1.9900000095367432,224800,0.0,0.0
2023-10-03 00:00:00-04:00,2.0,2.0299999713897705,1.9800000190734863,2.0,435600,0.0,0.0
2023-10-04 00:00:00-04:00,2.009999990463257,2.009999990463257,1.9500000476837158,1.9500000476837158,411600,0.0,0.0
2023-10-05 00:00:00-04:00,1.9600000381469727,1.9900000095367432,1.940000057220459,1.9700000286102295,597800,0.0,0.0
2023-10-06 00:00:00-04:00,1.9700000286102295,2.0,1.940000057220459,1.9900000095367432,424000,0.0,0.0
2023-10-09 00:00:00-04:00,2.0,2.25,2.0,2.1600000858306885,1682600,0.0,0.0
2023-10-10 00:00:00-04:00,2.200000047683716,2.359999895095825,2.1700000762939453,2.2799999713897705,1084600,0.0,0.0
2023-10-11 00:00:00-04:00,2.309999942779541,2.359999895095825,2.190000057220459,2.2699999809265137,684900,0.0,0.0
2023-10-12 00:00:00-04:00,2.309999942779541,2.3299999237060547,2.190000057220459,2.2200000286102295,430500,0.0,0.0
2023-10-13 00:00:00-04:00,2.25,2.309999942779541,2.1600000858306885,2.2799999713897705,724400,0.0,0.0
2023-10-16 00:00:00-04:00,2.319999933242798,2.490000009536743,2.2899999618530273,2.4800000190734863,1197900,0.0,0.0
2023-10-17 00:00:00-04:00,2.4800000190734863,2.759999990463257,2.4800000190734863,2.7200000286102295,1928400,0.0,0.0
2023-10-18 00:00:00-04:00,2.759999990463257,2.819999933242798,2.5999999046325684,2.630000114440918,1276600,0.0,0.0
2023-10-19 00:00:00-04:00,2.6600000858306885,2.7200000286102295,2.549999952316284,2.640000104904175,756800,0.0,0.0
2023-10-20 00:00:00-04:00,2.6500000953674316,2.680000066757202,2.5899999141693115,2.640000104904175,636900,0.0,0.0
2023-10-23 00:00:00-04:00,2.700000047683716,2.7200000286102295,2.4800000190734863,2.5,873700,0.0,0.0
2023-10-24 00:00:00-04:00,2.5199999809265137,2.619999885559082,2.5199999809265137,2.569999933242798,489000,0.0,0.0
2023-10-25 00:00:00-04:00,2.5299999713897705,2.549999952316284,2.490000009536743,2.5,476800,0.0,0.0
2023-10-26 00:00:00-04:00,2.5399999618530273,2.7200000286102295,2.5199999809265137,2.690000057220459,977100,0.0,0.0
2023-10-27 00:00:00-04:00,2.700000047683716,2.759999990463257,2.619999885559082,2.700000047683716,783300,0.0,0.0
2023-10-30 00:00:00-04:00,2.740000009536743,2.740000009536743,2.559999942779541,2.630000114440918,612200,0.0,0.0
2023-10-31 00:00:00-04:00,2.700000047683716,3.1500000953674316,2.690000057220459,2.9100000858306885,3974600,0.0,0.0
2023-11-01 00:00:00-04:00,2.9600000381469727,3.0,2.630000114440918,2.759999990463257,1869900,0.0,0.0
2023-11-02 00:00:00-04:00,2.799999952316284,2.930000066757202,2.7799999713897705,2.880000114440918,1481000,0.0,0.0
2023-11-03 00:00:00-04:00,2.930000066757202,3.069999933242798,2.890000104904175,3.0199999809265137,1340900,0.0,0.0
2023-11-06 00:00:00-05:00,3.0299999713897705,3.0299999713897705,2.740000009536743,2.75,1071200,0.0,0.0
2023-11-07 00:00:00-05:00,2.740000009536743,2.819999933242798,2.619999885559082,2.700000047683716,1022100,0.0,0.0
2023-11-08 00:00:00-05:00,2.7100000381469727,2.75,2.619999885559082,2.630000114440918,883100,0.0,0.0
2023-11-09 00:00:00-05:00,2.680000066757202,2.680000066757202,2.4800000190734863,2.509999990463257,1631800,0.0,0.0
2023-11-10 00:00:00-05:00,2.490000009536743,2.5199999809265137,2.109999895095825,2.180000066757202,2414900,0.0,0.0
2023-11-13 00:00:00-05:00,2.1600000858306885,2.2100000381469727,2.0799999237060547,2.1700000762939453,1016700,0.0,0.0
2023-11-14 00:00:00-05:00,2.180000066757202,2.2699999809265137,2.1700000762939453,2.240000009536743,916800,0.0,0.0
2023-11-15 00:00:00-05:00,2.2699999809265137,2.319999933242798,2.2100000381469727,2.2100000381469727,709100,0.0,0.0
2023-11-16 00:00:00-05:00,2.2200000286102295,2.25,2.0899999141693115,2.140000104904175,661400,0.0,0.0
2023-11-17 00:00:00-05:00,2.1600000858306885,2.2300000190734863,2.1500000953674316,2.1700000762939453,691300,0.0,0.0
2023-11-20 00:00:00-05:00,2.1700000762939453,2.25,2.1600000858306885,2.180000066757202,585200,0.0,0.0
2023-11-21 00:00:00-05:00,2.1500000953674316,2.1700000762939453,2.0999999046325684,2.130000114440918,588800,0.0,0.0
2023-11-22 00:00:00-05:00,2.130000114440918,2.1600000858306885,2.0999999046325684,2.119999885559082,332300,0.0,0.0
2023-11-24 00:00:00-05:00,2.140000104904175,2.180000066757202,2.119999885559082,2.140000104904175,185200,0.0,0.0
2023-11-27 00:00:00-05:00,2.1700000762939453,2.1700000762939453,2.0799999237060547,2.0899999141693115,583700,0.0,0.0
2023-11-28 00:00:00-05:00,2.0899999141693115,2.0999999046325684,2.049999952316284,2.059999942779541,475200,0.0,0.0
2023-11-29 00:00:00-05:00,2.069999933242798,2.1500000953674316,2.069999933242798,2.109999895095825,774200,0.0,0.0
2023-11-30 00:00:00-05:00,2.109999895095825,2.130000114440918,1.9800000190734863,2.0399999618530273,1492700,0.0,0.0
2023-12-01 00:00:00-05:00,1.9900000095367432,2.0999999046325684,1.9800000190734863,2.0899999141693115,1095300,0.0,0.0
2023-12-04 00:00:00-05:00,2.059999942779541,2.109999895095825,2.049999952316284,2.069999933242798,776200,0.0,0.0
2023-12-05 00:00:00-05:00,2.0799999237060547,2.0799999237060547,2.0,2.0199999809265137,682300,0.0,0.0
2023-12-06 00:00:00-05:00,2.0,2.0799999237060547,2.0,2.049999952316284,1059900,0.0,0.0
2023-12-07 00:00:00-05:00,2.049999952316284,2.059999942779541,2.009999990463257,2.0299999713897705,445100,0.0,0.0
2023-12-08 00:00:00-05:00,2.0199999809265137,2.049999952316284,2.0,2.0199999809265137,863900,0.0,0.0
2023-12-11 00:00:00-05:00,2.0299999713897705,2.049999952316284,2.0,2.009999990463257,1050400,0.0,0.0
2023-12-12 00:00:00-05:00,2.009999990463257,2.009999990463257,1.899999976158142,1.909999966621399,880200,0.0,0.0
2023-12-13 00:00:00-05:00,1.909999966621399,2.0,1.850000023841858,1.9800000190734863,1458400,0.0,0.0
2023-12-14 00:00:00-05:00,1.9900000095367432,2.0999999046325684,1.9900000095367432,2.049999952316284,1523800,0.0,0.0
2023-12-15 00:00:00-05:00,2.0799999237060547,2.0799999237060547,2.0,2.0,1391600,0.0,0.0
2023-12-18 00:00:00-05:00,2.0299999713897705,2.0299999713897705,1.9600000381469727,1.9600000381469727,686700,0.0,0.0
2023-12-19 00:00:00-05:00,1.9900000095367432,2.059999942779541,1.9800000190734863,2.049999952316284,795000,0.0,0.0
2023-12-20 00:00:00-05:00,2.049999952316284,2.2799999713897705,2.0299999713897705,2.130000114440918,1701500,0.0,0.0
2023-12-21 00:00:00-05:00,2.180000066757202,2.2300000190734863,2.130000114440918,2.190000057220459,637800,0.0,0.0
2023-12-22 00:00:00-05:00,2.180000066757202,2.240000009536743,2.1600000858306885,2.200000047683716,1023800,0.0,0.0
2023-12-26 00:00:00-05:00,2.240000009536743,2.3299999237060547,2.2100000381469727,2.319999933242798,756600,0.0,0.0
2023-12-27 00:00:00-05:00,2.319999933242798,2.319999933242798,2.2200000286102295,2.2300000190734863,734700,0.0,0.0
2023-12-28 00:00:00-05:00,2.2300000190734863,2.25,2.130000114440918,2.1500000953674316,1032400,0.0,0.0
2023-12-29 00:00:00-05:00,2.1500000953674316,2.1700000762939453,2.0799999237060547,2.0999999046325684,716800,0.0,0.0
2024-01-02 00:00:00-05:00,2.0999999046325684,2.200000047683716,2.0899999141693115,2.1700000762939453,911700,0.0,0.0
2024-01-03 00:00:00-05:00,2.130000114440918,2.140000104904175,2.0299999713897705,2.0299999713897705,790100,0.0,0.0
2024-01-04 00:00:00-05:00,2.049999952316284,2.130000114440918,2.0299999713897705,2.109999895095825,516400,0.0,0.0
2024-01-05 00:00:00-05:00,2.119999885559082,2.1700000762939453,2.059999942779541,2.109999895095825,1090000,0.0,0.0
2024-01-08 00:00:00-05:00,2.0999999046325684,2.190000057220459,2.0999999046325684,2.1700000762939453,749100,0.0,0.0
2024-01-09 00:00:00-05:00,2.1700000762939453,2.180000066757202,2.0799999237060547,2.0799999237060547,823200,0.0,0.0
2024-01-10 00:00:00-05:00,2.0899999141693115,2.1500000953674316,2.069999933242798,2.109999895095825,857100,0.0,0.0
2024-01-11 00:00:00-05:00,2.0899999141693115,2.130000114440918,2.0799999237060547,2.0999999046325684,411600,0.0,0.0
2024-01-12 00:00:00-05:00,2.130000114440918,2.1700000762939453,2.109999895095825,2.119999885559082,450900,0.0,0.0
2024-01-16 00:00:00-05:00,2.119999885559082,2.140000104904175,2.059999942779541,2.059999942779541,455100,0.0,0.0
2024-01-17 00:00:00-05:00,2.059999942779541,2.059999942779541,1.9800000190734863,2.059999942779541,711500,0.0,0.0
2024-01-18 00:00:00-05:00,2.059999942779541,2.0899999141693115,1.9600000381469727,2.0199999809265137,777000,0.0,0.0
2024-01-19 00:00:00-05:00,2.0399999618530273,2.069999933242798,1.9900000095367432,2.069999933242798,571900,0.0,0.0
2024-01-22 00:00:00-05:00,2.0999999046325684,2.1500000953674316,2.0799999237060547,2.140000104904175,576500,0.0,0.0
2024-01-23 00:00:00-05:00,2.130000114440918,2.1600000858306885,2.119999885559082,2.140000104904175,401000,0.0,0.0
2024-01-24 00:00:00-05:00,2.1600000858306885,2.180000066757202,2.119999885559082,2.140000104904175,590600,0.0,0.0
2024-01-25 00:00:00-05:00,2.1600000858306885,2.1700000762939453,2.119999885559082,2.1600000858306885,268500,0.0,0.0
2024-01-26 00:00:00-05:00,2.180000066757202,2.180000066757202,2.1500000953674316,2.1500000953674316,467400,0.0,0.0
2024-01-29 00:00:00-05:00,2.1500000953674316,2.299999952316284,2.1500000953674316,2.299999952316284,854000,0.0,0.0
2024-01-30 00:00:00-05:00,2.299999952316284,2.380000114440918,2.2100000381469727,2.2100000381469727,586600,0.0,0.0
2024-01-31 00:00:00-05:00,2.200000047683716,2.2799999713897705,2.1600000858306885,2.1700000762939453,551500,0.0,0.0
2024-02-01 00:00:00-05:00,2.190000057220459,2.2699999809265137,2.1700000762939453,2.25,521700,0.0,0.0
2024-02-02 00:00:00-05:00,2.2300000190734863,2.240000009536743,2.190000057220459,2.2200000286102295,267400,0.0,0.0
2024-02-05 00:00:00-05:00,2.200000047683716,2.2200000286102295,2.1500000953674316,2.1500000953674316,373300,0.0,0.0
2024-02-06 00:00:00-05:00,2.1500000953674316,2.2100000381469727,2.140000104904175,2.200000047683716,455700,0.0,0.0
2024-02-07 00:00:00-05:00,2.2200000286102295,2.2200000286102295,2.1500000953674316,2.1600000858306885,355300,0.0,0.0
2024-02-08 00:00:00-05:00,2.1500000953674316,2.2200000286102295,2.1500000953674316,2.2100000381469727,671400,0.0,0.0
2024-02-09 00:00:00-05:00,2.2799999713897705,2.549999952316284,2.25,2.509999990463257,3019500,0.0,0.0
2024-02-12 00:00:00-05:00,2.549999952316284,2.7300000190734863,2.450000047683716,2.6700000762939453,1685400,0.0,0.0
2024-02-13 00:00:00-05:00,2.5899999141693115,2.5999999046325684,2.4200000762939453,2.440000057220459,957600,0.0,0.0
2024-02-14 00:00:00-05:00,2.490000009536743,2.5299999713897705,2.4200000762939453,2.5199999809265137,585800,0.0,0.0
2024-02-15 00:00:00-05:00,2.5199999809265137,2.619999885559082,2.490000009536743,2.509999990463257,982100,0.0,0.0
2024-02-16 00:00:00-05:00,2.509999990463257,2.509999990463257,2.430000066757202,2.430000066757202,534800,0.0,0.0
2024-02-20 00:00:00-05:00,2.4000000953674316,2.4800000190734863,2.380000114440918,2.4000000953674316,594100,0.0,0.0
2024-02-21 00:00:00-05:00,2.4000000953674316,2.4200000762939453,2.3499999046325684,2.369999885559082,474900,0.0,0.0
2024-02-22 00:00:00-05:00,2.3499999046325684,2.369999885559082,2.2799999713897705,2.2899999618530273,432100,0.0,0.0
2024-02-23 00:00:00-05:00,2.2699999809265137,2.2899999618530273,2.2300000190734863,2.2699999809265137,360900,0.0,0.0
2024-02-26 00:00:00-05:00,2.259999990463257,2.309999942779541,2.259999990463257,2.2699999809265137,361300,0.0,0.0
2024-02-27 00:00:00-05:00,2.2799999713897705,2.3299999237060547,2.2699999809265137,2.309999942779541,323700,0.0,0.0
2024-02-28 00:00:00-05:00,2.299999952316284,2.380000114440918,2.2799999713897705,2.319999933242798,473100,0.0,0.0
2024-02-29 00:00:00-05:00,2.359999895095825,2.440000057220459,2.3299999237060547,2.380000114440918,435300,0.0,0.0
2024-03-01 00:00:00-05:00,2.4100000858306885,2.440000057220459,2.3399999141693115,2.4200000762939453,493500,0.0,0.0
2024-03-04 00:00:00-05:00,2.4600000381469727,2.5399999618530273,2.4000000953674316,2.430000066757202,946200,0.0,0.0
2024-03-05 00:00:00-05:00,2.430000066757202,2.440000057220459,2.319999933242798,2.3399999141693115,310000,0.0,0.0
2024-03-06 00:00:00-05:00,2.359999895095825,2.4100000858306885,2.3299999237060547,2.359999895095825,333800,0.0,0.0
2024-03-07 00:00:00-05:00,2.380000114440918,2.430000066757202,2.380000114440918,2.4100000858306885,423900,0.0,0.0
2024-03-08 00:00:00-05:00,2.430000066757202,2.569999933242798,2.430000066757202,2.4800000190734863,542900,0.0,0.0
2024-03-11 00:00:00-04:00,2.490000009536743,2.5299999713897705,2.4200000762939453,2.430000066757202,443900,0.0,0.0
2024-03-12 00:00:00-04:00,2.440000057220459,2.440000057220459,2.359999895095825,2.4200000762939453,423400,0.0,0.0
2024-03-13 00:00:00-04:00,2.4100000858306885,2.4700000286102295,2.4100000858306885,2.440000057220459,413500,0.0,0.0
2024-03-14 00:00:00-04:00,2.4200000762939453,2.4200000762939453,2.3499999046325684,2.369999885559082,362200,0.0,0.0
2024-03-15 00:00:00-04:00,2.4000000953674316,2.5,2.369999885559082,2.5,783100,0.0,0.0
2024-03-18 00:00:00-04:00,2.5,2.5,2.430000066757202,2.4600000381469727,430400,0.0,0.0
2024-03-19 00:00:00-04:00,2.430000066757202,2.5999999046325684,2.430000066757202,2.5899999141693115,787000,0.0,0.0
2024-03-20 00:00:00-04:00,2.5899999141693115,2.7699999809265137,2.5899999141693115,2.7200000286102295,1035500,0.0,0.0
2024-03-21 00:00:00-04:00,2.7300000190734863,2.7799999713897705,2.6700000762939453,2.7300000190734863,551600,0.0,0.0
2024-03-22 00:00:00-04:00,2.759999990463257,2.7799999713897705,2.690000057220459,2.7100000381469727,428000,0.0,0.0
2024-03-25 00:00:00-04:00,2.7200000286102295,2.759999990463257,2.690000057220459,2.740000009536743,387100,0.0,0.0
2024-03-26 00:00:00-04:00,2.75,2.890000104904175,2.75,2.7799999713897705,763400,0.0,0.0
2024-03-27 00:00:00-04:00,2.809999942779541,2.859999895095825,2.7300000190734863,2.8399999141693115,492100,0.0,0.0
2024-03-28 00:00:00-04:00,2.859999895095825,2.940000057220459,2.75,2.75,416700,0.0,0.0
2024-04-01 00:00:00-04:00,2.7899999618530273,2.7899999618530273,2.640000104904175,2.680000066757202,688700,0.0,0.0
2024-04-02 00:00:00-04:00,2.6500000953674316,2.759999990463257,2.619999885559082,2.6700000762939453,613700,0.0,0.0
2024-04-03 00:00:00-04:00,2.680000066757202,2.690000057220459,2.5899999141693115,2.640000104904175,350700,0.0,0.0
2024-04-04 00:00:00-04:00,2.700000047683716,2.819999933242798,2.6700000762939453,2.690000057220459,515800,0.0,0.0
2024-04-05 00:00:00-04:00,2.690000057220459,2.759999990463257,2.6600000858306885,2.6600000858306885,213700,0.0,0.0
2024-04-08 00:00:00-04:00,2.680000066757202,2.7899999618530273,2.6700000762939453,2.75,404600,0.0,0.0
2024-04-09 00:00:00-04:00,2.75,2.799999952316284,2.609999895095825,2.630000114440918,344400,0.0,0.0
2024-04-10 00:00:00-04:00,2.569999933242798,2.609999895095825,2.5,2.549999952316284,543300,0.0,0.0
2024-04-11 00:00:00-04:00,2.549999952316284,2.5999999046325684,2.5299999713897705,2.559999942779541,215400,0.0,0.0
2024-04-12 00:00:00-04:00,2.569999933242798,2.569999933242798,2.4600000381469727,2.4700000286102295,411300,0.0,0.0
2024-04-15 00:00:00-04:00,2.5,2.5199999809265137,2.4600000381469727,2.4800000190734863,438500,0.0,0.0
2024-04-16 00:00:00-04:00,2.4700000286102295,2.5,2.440000057220459,2.4600000381469727,236600,0.0,0.0
2024-04-17 00:00:00-04:00,2.4700000286102295,2.5299999713897705,2.430000066757202,2.4700000286102295,470000,0.0,0.0
2024-04-18 00:00:00-04:00,2.4700000286102295,2.569999933242798,2.4200000762939453,2.549999952316284,807000,0.0,0.0
2024-04-19 00:00:00-04:00,2.5299999713897705,2.5999999046325684,2.490000009536743,2.5399999618530273,318300,0.0,0.0
2024-04-22 00:00:00-04:00,2.559999942779541,2.640000104904175,2.549999952316284,2.619999885559082,274800,0.0,0.0
2024-04-23 00:00:00-04:00,2.619999885559082,2.7100000381469727,2.569999933242798,2.5899999141693115,588600,0.0,0.0
2024-04-24 00:00:00-04:00,2.5899999141693115,2.640000104904175,2.549999952316284,2.559999942779541,393200,0.0,0.0
2024-04-25 00:00:00-04:00,2.5299999713897705,2.5399999618530273,2.450000047683716,2.5299999713897705,368400,0.0,0.0
2024-04-26 00:00:00-04:00,2.5399999618530273,2.5799999237060547,2.5199999809265137,2.559999942779541,164100,0.0,0.0
2024-04-29 00:00:00-04:00,2.559999942779541,2.609999895095825,2.549999952316284,2.5799999237060547,369300,0.0,0.0
2024-04-30 00:00:00-04:00,2.569999933242798,2.5799999237060547,2.5299999713897705,2.5399999618530273,237000,0.0,0.0
2024-05-01 00:00:00-04:00,2.549999952316284,2.5899999141693115,2.5199999809265137,2.5299999713897705,551000,0.0,0.0
2024-05-02 00:00:00-04:00,2.559999942779541,2.5999999046325684,2.4700000286102295,2.5,294400,0.0,0.0
2024-05-03 00:00:00-04:00,2.549999952316284,2.5799999237060547,2.5,2.5399999618530273,249500,0.0,0.0
2024-05-06 00:00:00-04:00,2.549999952316284,2.5799999237060547,2.4700000286102295,2.5199999809265137,399600,0.0,0.0
2024-05-07 00:00:00-04:00,2.5299999713897705,2.549999952316284,2.5,2.5399999618530273,216100,0.0,0.0
2024-05-08 00:00:00-04:00,2.490000009536743,2.5,2.4000000953674316,2.4100000858306885,408900,0.0,0.0
2024-05-09 00:00:00-04:00,2.4100000858306885,2.4700000286102295,2.4100000858306885,2.4600000381469727,249800,0.0,0.0
2024-05-10 00:00:00-04:00,2.4600000381469727,2.4700000286102295,2.4200000762939453,2.430000066757202,172000,0.0,0.0
2024-05-13 00:00:00-04:00,2.4600000381469727,2.5199999809265137,2.4200000762939453,2.4200000762939453,286300,0.0,0.0
2024-05-14 00:00:00-04:00,2.440000057220459,2.490000009536743,2.390000104904175,2.440000057220459,527800,0.0,0.0
2024-05-15 00:00:00-04:00,2.450000047683716,2.5199999809265137,2.430000066757202,2.5,406900,0.0,0.0
2024-05-16 00:00:00-04:00,2.490000009536743,2.5199999809265137,2.4600000381469727,2.4800000190734863,286000,0.0,0.0
2024-05-17 00:00:00-04:00,2.509999990463257,2.509999990463257,2.450000047683716,2.4800000190734863,184600,0.0,0.0
2024-05-20 00:00:00-04:00,2.4800000190734863,2.4800000190734863,2.4200000762939453,2.4200000762939453,279500,0.0,0.0
2024-05-21 00:00:00-04:00,2.430000066757202,2.4700000286102295,2.380000114440918,2.430000066757202,263000,0.0,0.0
2024-05-22 00:00:00-04:00,2.430000066757202,2.440000057220459,2.3399999141693115,2.359999895095825,369100,0.0,0.0
2024-05-23 00:00:00-04:00,2.380000114440918,2.4200000762939453,2.3399999141693115,2.380000114440918,369900,0.0,0.0
2024-05-24 00:00:00-04:00,2.390000104904175,2.5,2.390000104904175,2.5,275500,0.0,0.0
2024-05-28 00:00:00-04:00,2.5,2.5,2.440000057220459,2.4600000381469727,276800,0.0,0.0
2024-05-29 00:00:00-04:00,2.430000066757202,2.5,2.430000066757202,2.450000047683716,241200,0.0,0.0
2024-05-30 00:00:00-04:00,2.440000057220459,2.559999942779541,2.430000066757202,2.5399999618530273,784900,0.0,0.0
2024-05-31 00:00:00-04:00,2.619999885559082,2.7300000190734863,2.609999895095825,2.700000047683716,915800,0.0,0.0
2024-06-03 00:00:00-04:00,2.6500000953674316,2.859999895095825,2.630000114440918,2.690000057220459,1529300,0.0,0.0
2024-06-04 00:00:00-04:00,2.680000066757202,2.690000057220459,2.559999942779541,2.5899999141693115,297500,0.0,0.0
2024-06-05 00:00:00-04:00,2.609999895095825,2.609999895095825,2.5299999713897705,2.569999933242798,316100,0.0,0.0
2024-06-06 00:00:00-04:00,2.559999942779541,2.5999999046325684,2.549999952316284,2.5799999237060547,265400,0.0,0.0
2024-06-07 00:00:00-04:00,2.5399999618530273,2.559999942779541,2.450000047683716,2.450000047683716,616100,0.0,0.0
2024-06-10 00:00:00-04:00,2.4600000381469727,2.4800000190734863,2.380000114440918,2.4000000953674316,556600,0.0,0.0
2024-06-11 00:00:00-04:00,2.4000000953674316,2.4700000286102295,2.380000114440918,2.4700000286102295,643500,0.0,0.0
2024-06-12 00:00:00-04:00,2.509999990463257,2.549999952316284,2.4600000381469727,2.490000009536743,336300,0.0,0.0
2024-06-13 00:00:00-04:00,2.5,2.5399999618530273,2.4600000381469727,2.509999990463257,977600,0.0,0.0
2024-06-14 00:00:00-04:00,2.369999885559082,2.380000114440918,1.75,1.7899999618530273,6802300,0.0,0.0
2024-06-17 00:00:00-04:00,1.809999942779541,1.8300000429153442,1.7000000476837158,1.75,3443300,0.0,0.0
2024-06-18 00:00:00-04:00,1.75,1.9299999475479126,1.75,1.8700000047683716,1387300,0.0,0.0
2024-06-20 00:00:00-04:00,1.899999976158142,1.9199999570846558,1.7999999523162842,1.840000033378601,1018500,0.0,0.0
2024-06-21 00:00:00-04:00,1.840000033378601,1.909999966621399,1.7999999523162842,1.8799999952316284,967700,0.0,0.0
2024-06-24 00:00:00-04:00,1.8799999952316284,1.899999976158142,1.7899999618530273,1.7999999523162842,697200,0.0,0.0
2024-06-25 00:00:00-04:00,1.809999942779541,1.8300000429153442,1.7200000286102295,1.7400000095367432,1086600,0.0,0.0
2024-06-26 00:00:00-04:00,1.75,1.75,1.600000023841858,1.6200000047683716,1996600,0.0,0.0
2024-06-27 00:00:00-04:00,1.6399999856948853,1.6699999570846558,1.600000023841858,1.649999976158142,650200,0.0,0.0
2024-06-28 00:00:00-04:00,1.6699999570846558,1.7100000381469727,1.6100000143051147,1.6799999475479126,1265100,0.0,0.0
2024-07-01 00:00:00-04:00,1.7000000476837158,1.7300000190734863,1.6200000047683716,1.6299999952316284,1108600,0.0,0.0
2024-07-02 00:00:00-04:00,1.6299999952316284,1.649999976158142,1.590000033378601,1.6200000047683716,654000,0.0,0.0
2024-07-03 00:00:00-04:00,1.6200000047683716,1.6299999952316284,1.590000033378601,1.590000033378601,473700,0.0,0.0
2024-07-05 00:00:00-04:00,1.600000023841858,1.6100000143051147,1.5499999523162842,1.5499999523162842,663700,0.0,0.0
2024-07-08 00:00:00-04:00,1.559999942779541,1.600000023841858,1.5499999523162842,1.590000033378601,570900,0.0,0.0
2024-07-09 00:00:00-04:00,1.6100000143051147,1.6299999952316284,1.5499999523162842,1.590000033378601,649700,0.0,0.0
2024-07-10 00:00:00-04:00,1.5800000429153442,1.590000033378601,1.5399999618530273,1.559999942779541,557700,0.0,0.0
2024-07-11 00:00:00-04:00,1.5700000524520874,1.6200000047683716,1.5700000524520874,1.6200000047683716,749400,0.0,0.0
2024-07-12 00:00:00-04:00,1.6299999952316284,1.6699999570846558,1.6100000143051147,1.659999966621399,628200,0.0,0.0
2024-07-15 00:00:00-04:00,1.8200000524520874,2.049999952316284,1.7999999523162842,1.909999966621399,5015000,0.0,0.0
2024-07-16 00:00:00-04:00,1.9199999570846558,1.9299999475479126,1.7699999809265137,1.850000023841858,1418900,0.0,0.0
2024-07-17 00:00:00-04:00,1.7899999618530273,1.909999966621399,1.75,1.7899999618530273,908100,0.0,0.0
2024-07-18 00:00:00-04:00,1.7999999523162842,1.840000033378601,1.7200000286102295,1.7400000095367432,595500,0.0,0.0
2024-07-19 00:00:00-04:00,1.7599999904632568,1.7599999904632568,1.7000000476837158,1.7000000476837158,357100,0.0,0.0
2024-07-22 00:00:00-04:00,1.7100000381469727,1.75,1.649999976158142,1.7300000190734863,579000,0.0,0.0
2024-07-23 00:00:00-04:00,1.7200000286102295,1.809999942779541,1.7100000381469727,1.809999942779541,541700,0.0,0.0
2024-07-24 00:00:00-04:00,1.7999999523162842,1.809999942779541,1.7200000286102295,1.7599999904632568,576900,0.0,0.0
2024-07-25 00:00:00-04:00,1.7699999809265137,1.909999966621399,1.75,1.909999966621399,879000,0.0,0.0
2024-07-26 00:00:00-04:00,1.909999966621399,1.9700000286102295,1.8600000143051147,1.909999966621399,625400,0.0,0.0
2024-07-29 00:00:00-04:00,1.9199999570846558,1.9199999570846558,1.8300000429153442,1.8600000143051147,377600,0.0,0.0
2024-07-30 00:00:00-04:00,1.840000033378601,1.8899999856948853,1.8300000429153442,1.850000023841858,385400,0.0,0.0
2024-07-31 00:00:00-04:00,1.840000033378601,1.8899999856948853,1.7999999523162842,1.8200000524520874,546700,0.0,0.0
2024-08-01 00:00:00-04:00,1.8300000429153442,1.8300000429153442,1.7000000476837158,1.75,590700,0.0,0.0
2024-08-02 00:00:00-04:00,1.7000000476837158,1.7100000381469727,1.6200000047683716,1.6399999856948853,690600,0.0,0.0
2024-08-05 00:00:00-04:00,1.5499999523162842,1.600000023841858,1.5199999809265137,1.5499999523162842,560700,0.0,0.0
2024-08-06 00:00:00-04:00,1.5800000429153442,1.649999976158142,1.5199999809265137,1.5800000429153442,586500,0.0,0.0
2024-08-07 00:00:00-04:00,1.600000023841858,1.6399999856948853,1.559999942779541,1.5700000524520874,337000,0.0,0.0
2024-08-08 00:00:00-04:00,1.5700000524520874,1.659999966621399,1.559999942779541,1.6200000047683716,686000,0.0,0.0
2024-08-09 00:00:00-04:00,1.5,1.5499999523162842,1.440000057220459,1.5099999904632568,1006300,0.0,0.0
2024-08-12 00:00:00-04:00,1.5,1.5199999809265137,1.4800000190734863,1.4900000095367432,293300,0.0,0.0
2024-08-13 00:00:00-04:00,1.4900000095367432,1.4900000095367432,1.350000023841858,1.4500000476837158,1136500,0.0,0.0
2024-08-14 00:00:00-04:00,1.4500000476837158,1.4700000286102295,1.3799999952316284,1.3799999952316284,549300,0.0,0.0
2024-08-15 00:00:00-04:00,1.4199999570846558,1.4600000381469727,1.399999976158142,1.4299999475479126,354300,0.0,0.0
2024-08-16 00:00:00-04:00,1.4500000476837158,1.5299999713897705,1.4500000476837158,1.4900000095367432,419300,0.0,0.0
2024-08-19 00:00:00-04:00,1.5,1.5299999713897705,1.4900000095367432,1.5299999713897705,342800,0.0,0.0
2024-08-20 00:00:00-04:00,1.5299999713897705,1.5399999618530273,1.5099999904632568,1.5199999809265137,382900,0.0,0.0
2024-08-21 00:00:00-04:00,1.5299999713897705,1.5399999618530273,1.4900000095367432,1.5199999809265137,163800,0.0,0.0
2024-08-22 00:00:00-04:00,1.5,1.5700000524520874,1.5,1.5099999904632568,480000,0.0,0.0
2024-08-23 00:00:00-04:00,1.5199999809265137,1.5800000429153442,1.5,1.559999942779541,290500,0.0,0.0
2024-08-26 00:00:00-04:00,1.5499999523162842,1.5700000524520874,1.5299999713897705,1.5299999713897705,680000,0.0,0.0
2024-08-27 00:00:00-04:00,1.5399999618530273,1.5399999618530273,1.4600000381469727,1.5,416800,0.0,0.0
2024-08-28 00:00:00-04:00,1.5,1.5499999523162842,1.4900000095367432,1.5399999618530273,521400,0.0,0.0
2024-08-29 00:00:00-04:00,1.5199999809265137,1.590000033378601,1.5199999809265137,1.590000033378601,249300,0.0,0.0
2024-08-30 00:00:00-04:00,1.6100000143051147,1.6299999952316284,1.5399999618530273,1.590000033378601,363900,0.0,0.0
2024-09-03 00:00:00-04:00,1.5800000429153442,1.590000033378601,1.440000057220459,1.440000057220459,481000,0.0,0.0
2024-09-04 00:00:00-04:00,1.4600000381469727,1.4700000286102295,1.4299999475479126,1.4299999475479126,379200,0.0,0.0
2024-09-05 00:00:00-04:00,1.4299999475479126,1.4500000476837158,1.409999966621399,1.4299999475479126,333600,0.0,0.0
2024-09-06 00:00:00-04:00,1.4299999475479126,1.4500000476837158,1.3899999856948853,1.399999976158142,327200,0.0,0.0
2024-09-09 00:00:00-04:00,1.399999976158142,1.4299999475479126,1.3600000143051147,1.3700000047683716,349500,0.0,0.0
2024-09-10 00:00:00-04:00,1.3799999952316284,1.4500000476837158,1.3600000143051147,1.440000057220459,381600,0.0,0.0
2024-09-11 00:00:00-04:00,1.440000057220459,1.4800000190734863,1.4199999570846558,1.4600000381469727,179300,0.0,0.0
2024-09-12 00:00:00-04:00,1.4800000190734863,1.559999942779541,1.4700000286102295,1.5299999713897705,387900,0.0,0.0
2024-09-13 00:00:00-04:00,1.5299999713897705,1.559999942779541,1.5199999809265137,1.559999942779541,275900,0.0,0.0
2024-09-16 00:00:00-04:00,1.5800000429153442,1.5800000429153442,1.5099999904632568,1.559999942779541,304300,0.0,0.0
2024-09-17 00:00:00-04:00,1.5800000429153442,1.5800000429153442,1.5099999904632568,1.5199999809265137,276700,0.0,0.0
2024-09-18 00:00:00-04:00,1.5099999904632568,1.5499999523162842,1.440000057220459,1.4900000095367432,432500,0.0,0.0
2024-09-19 00:00:00-04:00,1.5399999618530273,1.5700000524520874,1.4900000095367432,1.5199999809265137,279100,0.0,0.0
2024-09-20 00:00:00-04:00,1.4900000095367432,1.5399999618530273,1.4700000286102295,1.5,797900,0.0,0.0
2024-09-23 00:00:00-04:00,1.5099999904632568,1.590000033378601,1.4900000095367432,1.5499999523162842,629000,0.0,0.0
2024-09-24 00:00:00-04:00,1.5499999523162842,1.600000023841858,1.5,1.5199999809265137,512200,0.0,0.0
2024-09-25 00:00:00-04:00,1.4700000286102295,1.5,1.4199999570846558,1.440000057220459,676300,0.0,0.0
2024-09-26 00:00:00-04:00,1.4700000286102295,1.5,1.440000057220459,1.4500000476837158,299700,0.0,0.0
2024-09-27 00:00:00-04:00,1.4500000476837158,1.4800000190734863,1.399999976158142,1.440000057220459,414500,0.0,0.0
2024-09-30 00:00:00-04:00,1.399999976158142,1.4600000381469727,1.399999976158142,1.4299999475479126,321400,0.0,0.0
2024-10-01 00:00:00-04:00,1.4299999475479126,1.440000057220459,1.3300000429153442,1.3600000143051147,1074700,0.0,0.0
2024-10-02 00:00:00-04:00,1.3600000143051147,1.3899999856948853,1.350000023841858,1.3600000143051147,404800,0.0,0.0
2024-10-03 00:00:00-04:00,1.350000023841858,1.3700000047683716,1.3200000524520874,1.3200000524520874,636000,0.0,0.0
2024-10-04 00:00:00-04:00,1.350000023841858,1.3700000047683716,1.2899999618530273,1.2999999523162842,986100,0.0,0.0
2024-10-07 00:00:00-04:00,1.2899999618530273,1.309999942779541,1.2400000095367432,1.2899999618530273,612700,0.0,0.0
2024-10-08 00:00:00-04:00,1.2999999523162842,1.3200000524520874,1.2799999713897705,1.309999942779541,305700,0.0,0.0
2024-10-09 00:00:00-04:00,1.2999999523162842,1.309999942779541,1.2899999618530273,1.2999999523162842,200800,0.0,0.0
2024-10-10 00:00:00-04:00,1.2999999523162842,1.309999942779541,1.2599999904632568,1.2799999713897705,244300,0.0,0.0
2024-10-11 00:00:00-04:00,1.2799999713897705,1.309999942779541,1.2799999713897705,1.2999999523162842,259900,0.0,0.0
2024-10-14 00:00:00-04:00,1.2999999523162842,1.3200000524520874,1.2899999618530273,1.2999999523162842,347000,0.0,0.0
2024-10-15 00:00:00-04:00,1.3200000524520874,1.3200000524520874,1.2599999904632568,1.2599999904632568,445400,0.0,0.0
2024-10-16 00:00:00-04:00,1.2599999904632568,1.2799999713897705,1.2400000095367432,1.2699999809265137,618900,0.0,0.0
2024-10-17 00:00:00-04:00,1.25,1.2799999713897705,1.2400000095367432,1.2599999904632568,1011700,0.0,0.0
2024-10-18 00:00:00-04:00,1.2699999809265137,1.2899999618530273,1.2300000190734863,1.2799999713897705,589200,0.0,0.0
2024-10-21 00:00:00-04:00,1.25,1.2699999809265137,1.2400000095367432,1.2400000095367432,348800,0.0,0.0
2024-10-22 00:00:00-04:00,1.2400000095367432,1.2699999809265137,1.1699999570846558,1.1799999475479126,883500,0.0,0.0
2024-10-23 00:00:00-04:00,1.1699999570846558,1.1799999475479126,1.090000033378601,1.1200000047683716,1036200,0.0,0.0
2024-10-24 00:00:00-04:00,1.1200000047683716,1.1399999856948853,1.0800000429153442,1.090000033378601,737800,0.0,0.0
2024-10-25 00:00:00-04:00,1.100000023841858,1.2000000476837158,1.100000023841858,1.159999966621399,680500,0.0,0.0
2024-10-28 00:00:00-04:00,1.1799999475479126,1.2300000190734863,1.1699999570846558,1.2100000381469727,523000,0.0,0.0
2024-10-29 00:00:00-04:00,1.2000000476837158,1.2100000381469727,1.1699999570846558,1.1799999475479126,332900,0.0,0.0
2024-10-30 00:00:00-04:00,1.1799999475479126,1.190000057220459,1.1200000047683716,1.1200000047683716,409900,0.0,0.0
2024-10-31 00:00:00-04:00,1.1399999856948853,1.149999976158142,1.0800000429153442,1.0800000429153442,558200,0.0,0.0
2024-11-01 00:00:00-04:00,1.0800000429153442,1.1399999856948853,1.0800000429153442,1.100000023841858,423800,0.0,0.0
2024-11-04 00:00:00-05:00,1.100000023841858,1.2100000381469727,1.100000023841858,1.1799999475479126,1166800,0.0,0.0
2024-11-05 00:00:00-05:00,1.190000057220459,1.2699999809265137,1.190000057220459,1.25,1198100,0.0,0.0
2024-11-06 00:00:00-05:00,1.2799999713897705,1.340000033378601,1.1799999475479126,1.25,1278600,0.0,0.0
2024-11-07 00:00:00-05:00,1.2400000095367432,1.2699999809265137,1.2100000381469727,1.2200000286102295,562400,0.0,0.0
2024-11-08 00:00:00-05:00,1.2400000095367432,1.2400000095367432,1.159999966621399,1.2100000381469727,722700,0.0,0.0
2024-11-11 00:00:00-05:00,1.2100000381469727,1.350000023841858,1.1799999475479126,1.340000033378601,1541800,0.0,0.0
2024-11-12 00:00:00-05:00,1.340000033378601,1.350000023841858,1.2699999809265137,1.2999999523162842,980500,0.0,0.0
2024-11-13 00:00:00-05:00,1.2799999713897705,1.3200000524520874,1.2699999809265137,1.2999999523162842,807600,0.0,0.0
2024-11-14 00:00:00-05:00,1.2899999618530273,1.2999999523162842,1.2200000286102295,1.2200000286102295,742700,0.0,0.0
2024-11-15 00:00:00-05:00,1.2400000095367432,1.25,1.2000000476837158,1.2100000381469727,460300,0.0,0.0
2024-11-18 00:00:00-05:00,1.2400000095367432,1.2400000095367432,1.2000000476837158,1.2200000286102295,411000,0.0,0.0
2024-11-19 00:00:00-05:00,1.2100000381469727,1.3200000524520874,1.2100000381469727,1.3200000524520874,750900,0.0,0.0
2024-11-20 00:00:00-05:00,1.3200000524520874,1.3200000524520874,1.190000057220459,1.190000057220459,1021000,0.0,0.0
2024-11-21 00:00:00-05:00,1.2200000286102295,1.2599999904632568,1.190000057220459,1.2599999904632568,755600,0.0,0.0
2024-11-22 00:00:00-05:00,1.25,1.340000033378601,1.2400000095367432,1.2799999713897705,771300,0.0,0.0
2024-11-25 00:00:00-05:00,1.309999942779541,1.350000023841858,1.2799999713897705,1.2899999618530273,1096800,0.0,0.0
2024-11-26 00:00:00-05:00,1.2999999523162842,1.2999999523162842,1.2100000381469727,1.2200000286102295,669800,0.0,0.0
2024-11-27 00:00:00-05:00,1.2100000381469727,1.2599999904632568,1.2100000381469727,1.2200000286102295,876500,0.0,0.0
2024-11-29 00:00:00-05:00,1.2400000095367432,1.2599999904632568,1.2100000381469727,1.2400000095367432,455600,0.0,0.0
2024-12-02 00:00:00-05:00,1.25,1.2699999809265137,1.1799999475479126,1.190000057220459,577500,0.0,0.0
2024-12-03 00:00:00-05:00,1.190000057220459,1.2300000190734863,1.159999966621399,1.1699999570846558,529800,0.0,0.0
2024-12-04 00:00:00-05:00,1.1699999570846558,1.190000057220459,1.1299999952316284,1.159999966621399,907400,0.0,0.0
2024-12-05 00:00:00-05:00,1.159999966621399,1.1799999475479126,1.1200000047683716,1.1399999856948853,764000,0.0,0.0
2024-12-06 00:00:00-05:00,1.159999966621399,1.2000000476837158,1.149999976158142,1.1799999475479126,579700,0.0,0.0
2024-12-09 00:00:00-05:00,1.1799999475479126,1.25,1.1699999570846558,1.1699999570846558,786400,0.0,0.0
2024-12-10 00:00:00-05:00,1.159999966621399,1.1799999475479126,1.149999976158142,1.149999976158142,529800,0.0,0.0
2024-12-11 00:00:00-05:00,1.1699999570846558,1.1699999570846558,1.1100000143051147,1.1200000047683716,971900,0.0,0.0
2024-12-12 00:00:00-05:00,1.1100000143051147,1.1299999952316284,1.0299999713897705,1.0499999523162842,1094500,0.0,0.0
2024-12-13 00:00:00-05:00,1.0399999618530273,1.0800000429153442,1.0299999713897705,1.0499999523162842,624300,0.0,0.0
2024-12-16 00:00:00-05:00,1.0399999618530273,1.0800000429153442,1.0299999713897705,1.059999942779541,551500,0.0,0.0
2024-12-17 00:00:00-05:00,1.059999942779541,1.0700000524520874,1.0099999904632568,1.0399999618530273,814300,0.0,0.0
2024-12-18 00:00:00-05:00,1.0399999618530273,1.0800000429153442,1.0,1.0,569000,0.0,0.0
2024-12-19 00:00:00-05:00,1.0099999904632568,1.0499999523162842,0.9700000286102295,0.9800000190734863,1016100,0.0,0.0
2024-12-20 00:00:00-05:00,0.9700000286102295,1.0199999809265137,0.949999988079071,0.9900000095367432,1506000,0.0,0.0
2024-12-23 00:00:00-05:00,1.0,1.0,0.949999988079071,0.9800000190734863,916800,0.0,0.0
2024-12-24 00:00:00-05:00,0.9800000190734863,0.9900000095367432,0.9599999785423279,0.9800000190734863,323300,0.0,0.0
2024-12-26 00:00:00-05:00,0.9800000190734863,1.059999942779541,0.9700000286102295,1.059999942779541,961000,0.0,0.0
2024-12-27 00:00:00-05:00,1.059999942779541,1.0800000429153442,1.0399999618530273,1.059999942779541,654000,0.0,0.0
2024-12-30 00:00:00-05:00,1.059999942779541,1.1100000143051147,1.0499999523162842,1.1100000143051147,1408300,0.0,0.0
2024-12-31 00:00:00-05:00,1.1100000143051147,1.1299999952316284,1.090000033378601,1.100000023841858,906000,0.0,0.0
2025-01-02 00:00:00-05:00,1.1399999856948853,1.2400000095367432,1.1200000047683716,1.1699999570846558,1506400,0.0,0.0
2025-01-03 00:00:00-05:00,1.1699999570846558,1.2300000190734863,1.1299999952316284,1.2200000286102295,1013000,0.0,0.0
2025-01-06 00:00:00-05:00,1.2400000095367432,1.3799999952316284,1.2300000190734863,1.340000033378601,2394400,0.0,0.0
2025-01-07 00:00:00-05:00,1.3899999856948853,1.399999976158142,1.2799999713897705,1.340000033378601,1916000,0.0,0.0
2025-01-08 00:00:00-05:00,1.350000023841858,1.350000023841858,1.2300000190734863,1.2999999523162842,1343200,0.0,0.0
2025-01-10 00:00:00-05:00,1.2799999713897705,1.3799999952316284,1.2599999904632568,1.3600000143051147,842500,0.0,0.0
2025-01-13 00:00:00-05:00,1.3300000429153442,1.399999976158142,1.309999942779541,1.3799999952316284,977000,0.0,0.0
2025-01-14 00:00:00-05:00,1.3700000047683716,1.3899999856948853,1.2999999523162842,1.3200000524520874,786000,0.0,0.0
2025-01-15 00:00:00-05:00,1.340000033378601,1.399999976158142,1.3250000476837158,1.3799999952316284,647114,0.0,0.0
