Date,Open,High,Low,Close,Volume,Dividends,Stock Splits
2022-01-03 00:00:00-05:00,89.49016052899293,89.78008840915912,86.92915549809916,87.58631896972656,295100,0.0,0.0
2022-01-04 00:00:00-05:00,88.42711102274129,90.98811625923668,88.42711102274129,90.14733123779297,326500,0.0,0.0
2022-01-05 00:00:00-05:00,90.12801500032823,91.61629746264705,87.92458631199275,88.13719177246094,292200,0.0,0.0
2022-01-06 00:00:00-05:00,88.04054107676572,89.49983204633217,87.62498168966425,88.45610046386719,225600,0.0,0.0
2022-01-07 00:00:00-05:00,88.35944861968811,89.29687367421805,85.02531510695935,85.08329772949219,260200,0.0,0.0
2022-01-10 00:00:00-05:00,84.22320405785491,85.70182020404884,83.00551713674156,85.6824951171875,277600,0.0,0.0
2022-01-11 00:00:00-05:00,85.48920309427488,86.9774853958287,84.1652098289073,86.44595336914062,262400,0.0,0.0
2022-01-12 00:00:00-05:00,86.9388298995374,88.27248205269134,86.45562163595181,87.09346008300781,314200,0.0,0.0
2022-01-13 00:00:00-05:00,88.1081760985392,88.99727736329471,87.15142598479515,87.50900268554688,201400,0.0,0.0
2022-01-14 00:00:00-05:00,85.91443965625895,87.16111799046944,84.36817452694994,85.62451171875,205700,0.0,0.0
2022-01-18 00:00:00-05:00,84.19421402618956,84.6580898496745,81.98111920153814,82.11641693115234,270700,0.0,0.0
2022-01-19 00:00:00-05:00,82.54163177572329,83.51770707257683,80.67644774942256,80.8697280883789,262800,0.0,0.0
2022-01-20 00:00:00-05:00,81.47857054798156,82.3676793075031,78.92723164696207,78.97555541992188,292400,0.0,0.0
2022-01-21 00:00:00-05:00,78.27972098377263,80.8600507577507,77.4099448315409,77.5549087524414,345100,0.0,0.0
2022-01-24 00:00:00-05:00,75.05191504587621,80.32854868114268,75.05191504587621,80.09660339355469,409700,0.0,0.0
2022-01-25 00:00:00-05:00,78.30872813622679,79.41044236088814,76.12462477278726,78.10578155517578,292400,0.0,0.0
2022-01-26 00:00:00-05:00,79.28481020066465,80.09659651801837,75.89268623589895,77.01373291015625,308700,0.0,0.0
2022-01-27 00:00:00-05:00,77.80618459051163,79.12051145331772,75.00357562208187,75.86368560791016,246800,0.0,0.0
2022-01-28 00:00:00-05:00,75.9893346904101,77.2263541332881,73.94053621490217,77.07172393798828,198300,0.0,0.0
2022-01-31 00:00:00-05:00,76.95573003215856,77.48726196519678,75.06155490205101,77.17800903320312,434200,0.0,0.0
2022-02-01 00:00:00-05:00,77.79653557670403,80.21257705424142,75.64142333454436,78.06713104248047,222100,0.0,0.0
2022-02-02 00:00:00-05:00,78.45368972531622,78.81126647536226,77.00406501300304,77.94149017333984,230000,0.0,0.0
2022-02-03 00:00:00-05:00,77.78686642723653,77.84485643427921,76.39523160215613,76.810791015625,185400,0.0,0.0
2022-02-04 00:00:00-05:00,76.2599340083373,76.34690795929438,73.57328978794982,74.73299407958984,254200,0.0,0.0
2022-02-07 00:00:00-05:00,74.95525742768149,75.42880679639238,74.09514737789479,74.1724624633789,234300,0.0,0.0
2022-02-08 00:00:00-05:00,74.2690892594483,76.31789441679904,73.73756473209853,75.83468627929688,167600,0.0,0.0
2022-02-09 00:00:00-05:00,76.52084563107019,77.62255966212078,76.27924154753853,77.17800903320312,299500,0.0,0.0
2022-02-10 00:00:00-05:00,75.99899014565403,76.53052215016882,73.82455310146669,74.25943756103516,328200,0.0,0.0
2022-02-11 00:00:00-05:00,74.95526654023392,75.44814105364999,72.35561099004052,73.73758697509766,352700,0.0,0.0
2022-02-14 00:00:00-05:00,73.75691536438022,74.64601687582697,73.09008554420836,73.96952819824219,351300,0.0,0.0
2022-02-15 00:00:00-05:00,74.974601692327,76.20194753168197,74.11449150709373,76.02799224853516,338600,0.0,0.0
2022-02-16 00:00:00-05:00,75.99900499006452,77.20702580612375,75.25486741156855,76.83012390136719,382600,0.0,0.0
2022-02-17 00:00:00-05:00,83.10214897146606,85.04464811215237,81.24663114585321,81.47856903076172,755600,0.0,0.0
2022-02-18 00:00:00-05:00,80.84073942526501,82.85088745827306,79.96129689588427,82.09707641601562,599300,0.0,0.0
2022-02-22 00:00:00-05:00,81.87480037124716,82.609278915735,79.58439079901154,80.2415542602539,346500,0.0,0.0
2022-02-23 00:00:00-05:00,81.43025797333439,81.54622323680923,78.53100841569686,78.70496368408203,407200,0.0,0.0
2022-02-24 00:00:00-05:00,76.34690249078042,80.37685747294752,75.34182845928562,80.0869369506836,353700,0.0,0.0
2022-02-25 00:00:00-05:00,80.34788166962383,82.10675972100731,79.56508652326401,81.69120025634766,312000,0.0,0.0
2022-02-28 00:00:00-05:00,81.01309243925377,83.396114557824,81.01309243925377,83.06675720214844,314100,0.2,0.0
2022-03-01 00:00:00-05:00,82.60177005033842,83.48329832759603,80.10250775214918,80.7127914428711,295800,0.0,0.0
2022-03-02 00:00:00-05:00,81.00340385183775,85.071976415821,81.00340385183775,84.47137451171875,262600,0.0,0.0
2022-03-03 00:00:00-05:00,85.04293701845982,85.51760220849471,82.51460673927639,82.87303161621094,264900,0.0,0.0
2022-03-04 00:00:00-05:00,82.06897333232145,83.00862162277438,81.12932504186851,81.7202377319336,379700,0.0,0.0
2022-03-07 00:00:00-05:00,81.81710726117909,82.83425399621888,79.45345649596406,79.74407196044922,287000,0.0,0.0
2022-03-08 00:00:00-05:00,79.5987661151503,81.92366771417014,79.42439831045735,79.8990707397461,310900,0.0,0.0
2022-03-09 00:00:00-05:00,81.18745681966296,82.41772075039657,80.42217621967212,82.0883560180664,289800,0.0,0.0
2022-03-10 00:00:00-05:00,80.644974527246,82.30146500903474,80.19936954886938,82.0399169921875,320600,0.0,0.0
2022-03-11 00:00:00-05:00,82.46614654880236,82.84394224783136,81.20683001559199,81.62337493896484,212000,0.0,0.0
2022-03-14 00:00:00-04:00,81.82680567013847,82.32084905938443,79.75377013491394,80.53842163085938,187500,0.0,0.0
2022-03-15 00:00:00-04:00,81.17778512004793,83.23144265956263,80.79998935039531,82.97958374023438,378200,0.0,0.0
2022-03-16 00:00:00-04:00,83.52204077693806,85.04291269382922,82.16584751694359,84.82010650634766,299300,0.0,0.0
2022-03-17 00:00:00-04:00,84.65544071902225,86.03100510455661,84.17108643758115,85.96319580078125,187900,0.0,0.0
2022-03-18 00:00:00-04:00,86.37973632139757,86.7381611318074,84.18077124900822,85.5757064819336,436000,0.0,0.0
2022-03-21 00:00:00-04:00,85.72101487065561,87.41625478075925,84.28733039973727,84.95573425292969,249900,0.0,0.0
2022-03-22 00:00:00-04:00,84.95572324513789,85.88568980767846,82.77612935741665,83.32829284667969,267400,0.0,0.0
2022-03-23 00:00:00-04:00,82.78582437357485,83.05706156075028,80.88715667268785,81.15839385986328,295800,0.0,0.0
2022-03-24 00:00:00-04:00,81.65243748255652,81.72024677954728,77.36105868273214,77.81635284423828,401300,0.0,0.0
2022-03-25 00:00:00-04:00,78.34915022779444,78.5913273818759,77.01233499790249,77.53543853759766,320700,0.0,0.0
2022-03-28 00:00:00-04:00,77.30293008032169,78.72692516129614,77.15762234819745,78.41693878173828,198600,0.0,0.0
2022-03-29 00:00:00-04:00,79.2112826266284,80.96464985650904,78.75599588672114,80.0250015258789,287900,0.0,0.0
2022-03-30 00:00:00-04:00,79.80220878900965,80.10251346930012,77.02201994218699,77.15763854980469,238300,0.0,0.0
2022-03-31 00:00:00-04:00,77.34168377072177,77.73885780672121,74.61961522686192,74.74555206298828,385300,0.0,0.0
2022-04-01 00:00:00-04:00,75.01678756593213,76.39235184312055,74.70680114585221,75.94674682617188,386100,0.0,0.0
2022-04-04 00:00:00-04:00,75.93704714936649,77.07043414785657,75.3461344631811,76.37296295166016,386400,0.0,0.0
2022-04-05 00:00:00-04:00,76.10174485302706,77.01233329727651,73.22467914356659,73.3118667602539,355000,0.0,0.0
2022-04-06 00:00:00-04:00,73.0115481346555,73.62183171056677,72.05252158452048,72.11064910888672,461500,0.0,0.0
2022-04-07 00:00:00-04:00,71.94597088877792,73.56371956229515,71.51974421088615,72.7984390258789,522900,0.0,0.0
2022-04-08 00:00:00-04:00,72.80813352942742,74.009329985556,72.4787688002568,72.59501647949219,426100,0.0,0.0
2022-04-11 00:00:00-04:00,72.12033506225309,74.54210598295546,71.09350655688596,73.80589294433594,475400,0.0,0.0
2022-04-12 00:00:00-04:00,74.82303807473419,77.34167854863125,74.54211173935958,74.97803497314453,455800,0.0,0.0
2022-04-13 00:00:00-04:00,75.18146048857388,76.61514480036598,74.6002369191809,76.11141967773438,377000,0.0,0.0
2022-04-14 00:00:00-04:00,75.61737029185947,76.50858757727511,70.27979268539367,70.94819641113281,598700,0.0,0.0
2022-04-18 00:00:00-04:00,70.64790296992331,71.68442064853936,70.07636117836687,70.6091537475586,325600,0.0,0.0
2022-04-19 00:00:00-04:00,71.13225921419182,73.75745813215157,71.13225921419182,73.46684265136719,379400,0.0,0.0
2022-04-20 00:00:00-04:00,74.37743064839165,75.66581460937417,74.37743064839165,75.44300842285156,274700,0.0,0.0
2022-04-21 00:00:00-04:00,75.97580671172919,76.82826751719121,74.00932967130097,74.5905532836914,419500,0.0,0.0
2022-04-22 00:00:00-04:00,76.68296962745481,78.01009556354589,73.87371345463089,75.48176574707031,543000,0.0,0.0
2022-04-25 00:00:00-04:00,75.5592508772294,78.44600499596699,72.84686455614253,78.31037902832031,621600,0.0,0.0
2022-04-26 00:00:00-04:00,77.35136129705717,78.81411299437555,76.32453279742536,76.43109130859375,386400,0.0,0.0
2022-04-27 00:00:00-04:00,76.41171951075086,77.5063647840493,74.55180106938393,74.98772430419922,369000,0.0,0.0
2022-04-28 00:00:00-04:00,75.38488659690962,77.37074175221824,74.54210763716557,76.62483215332031,219400,0.0,0.0
2022-04-29 00:00:00-04:00,75.72395234298357,76.98327652672327,74.67774524178384,74.94898986816406,302000,0.0,0.0
2022-05-02 00:00:00-04:00,75.28802231684553,76.69264662055097,73.97057822658738,75.73362731933594,259100,0.0,0.0
2022-05-03 00:00:00-04:00,75.4430204259897,77.39981586721153,74.49369017050016,77.16732788085938,202300,0.0,0.0
2022-05-04 00:00:00-04:00,77.73886227699849,80.7806065773317,76.80890294224629,80.5481185913086,258000,0.0,0.0
2022-05-05 00:00:00-04:00,79.17254388677179,79.17254388677179,75.4139504174458,76.2857894897461,381200,0.0,0.0
2022-05-06 00:00:00-04:00,75.85956009226261,79.88939099033786,74.39681558196429,76.03392791748047,303500,0.0,0.0
2022-05-09 00:00:00-04:00,74.59054859125007,77.8550986382835,74.49367922705552,76.84764099121094,433500,0.0,0.0
2022-05-10 00:00:00-04:00,78.12634213431917,78.12634213431917,74.42587595373183,74.71648406982422,378700,0.0,0.0
2022-05-11 00:00:00-04:00,74.79399215280782,75.90800855123051,72.54658843532616,72.83720397949219,286200,0.0,0.0
2022-05-12 00:00:00-04:00,72.51751775321627,75.37520482671202,72.08160189138106,75.25896453857422,273800,0.0,0.0
2022-05-13 00:00:00-04:00,75.71425042670981,77.08981455070584,75.07489934925177,75.88861083984375,284200,0.0,0.0
2022-05-16 00:00:00-04:00,75.47208404541016,76.36329410656477,73.87371351553234,75.47208404541016,168800,0.0,0.0
2022-05-17 00:00:00-04:00,76.49891354698326,77.62261159497358,75.76269299720094,77.57418060302734,178800,0.0,0.0
2022-05-18 00:00:00-04:00,75.81111066437765,76.88637742660447,74.29992074979378,75.08457946777344,401700,0.0,0.0
2022-05-19 00:00:00-04:00,74.58086382245811,75.66581998093753,73.00187166034307,73.2149887084961,211900,0.0,0.0
2022-05-20 00:00:00-04:00,73.9027735961062,73.9027735961062,70.86102944614814,72.78875732421875,341200,0.0,0.0
2022-05-23 00:00:00-04:00,73.71870212121424,74.83271817410598,72.46906749395214,72.86624145507812,233700,0.0,0.0
2022-05-24 00:00:00-04:00,72.51751478955771,72.91468140889576,69.27234297668866,70.31854248046875,281100,0.0,0.0
2022-05-25 00:00:00-04:00,70.54134274302305,73.0309229418945,69.8729316071161,72.44969940185547,250000,0.0,0.0
2022-05-26 00:00:00-04:00,72.86625393387949,75.00709881382484,72.86625393387949,74.64867401123047,187900,0.0,0.0
2022-05-27 00:00:00-04:00,74.92959038988155,76.44078046160678,74.92959038988155,76.43109130859375,169200,0.0,0.0
2022-05-31 00:00:00-04:00,75.50790467478278,76.78095165989373,74.42921968678714,75.02201080322266,266800,0.25,0.0
2022-06-01 00:00:00-04:00,75.3718594368547,76.25618989413347,74.39035909650562,75.66339874267578,173600,0.0,0.0
2022-06-02 00:00:00-04:00,76.13955755952863,77.28626723286536,76.13955755952863,77.00444793701172,217700,0.0,0.0
2022-06-03 00:00:00-04:00,76.18816269584465,77.54866705747894,75.93549579953272,77.14051055908203,189200,0.0,0.0
2022-06-06 00:00:00-04:00,78.13172806098201,78.27749769041331,77.08219562605828,77.28627014160156,291800,0.0,0.0
2022-06-07 00:00:00-04:00,76.30475126526557,78.98688684219397,76.09096424307474,78.87998962402344,219100,0.0,0.0
2022-06-08 00:00:00-04:00,78.16088808459585,78.32609022070308,75.98408562686221,76.4019546508789,173200,0.0,0.0
2022-06-09 00:00:00-04:00,76.17842572213256,77.34456782061719,75.71197184839896,76.35334777832031,218100,0.0,0.0
2022-06-10 00:00:00-04:00,75.07060681269786,75.54678075405843,72.4759351915779,72.57311248779297,160700,0.0,0.0
2022-06-13 00:00:00-04:00,70.62953808583694,71.88314524614835,67.90852926148084,68.47216796875,292600,0.0,0.0
2022-06-14 00:00:00-04:00,68.753965221338,69.79377754366715,68.48186590919957,69.32731628417969,250500,0.0,0.0
2022-06-15 00:00:00-04:00,70.15335080083598,70.75585438138597,66.81039900881214,67.88908386230469,371400,0.0,0.0
2022-06-16 00:00:00-04:00,66.49943345549273,66.50915340857917,63.18563379744601,63.69096755981445,352500,0.0,0.0
2022-06-17 00:00:00-04:00,63.642366552430005,64.50725690569081,62.93296577079628,63.29252243041992,496200,0.0,0.0
2022-06-21 00:00:00-04:00,64.16714871982279,66.19818912377711,62.74833938897156,63.71040725708008,200000,0.0,0.0
2022-06-22 00:00:00-04:00,62.42764762821782,64.41981562958205,62.320750374633235,63.71040725708008,210200,0.0,0.0
2022-06-23 00:00:00-04:00,63.584061448567354,64.08938772629271,63.06901521911147,63.76870346069336,297200,0.0,0.0
2022-06-24 00:00:00-04:00,64.80852931709268,66.99505181859618,64.3615078287058,65.44990539550781,622700,0.0,0.0
2022-06-27 00:00:00-04:00,66.003800016168,67.05333221280787,65.7608531603245,66.43138885498047,169700,0.0,0.0
2022-06-28 00:00:00-04:00,66.76180941918929,66.91729900391469,65.36244022741806,65.4693374633789,186200,0.0,0.0
2022-06-29 00:00:00-04:00,65.64426569267921,65.64426569267921,64.43924354055179,65.10005950927734,137500,0.0,0.0
2022-06-30 00:00:00-04:00,64.61413970000095,67.02417562284305,64.13796596801835,66.21759033203125,228900,0.0,0.0
2022-07-01 00:00:00-04:00,65.93580020720069,67.6947411524199,65.79975050944704,67.18940734863281,252000,0.0,0.0
2022-07-05 00:00:00-04:00,66.11071289090732,68.67623170338645,65.90663837334095,68.66651916503906,335000,0.0,0.0
2022-07-06 00:00:00-04:00,68.61793713171645,68.94834142482975,66.24677252785857,67.1602554321289,196500,0.0,0.0
2022-07-07 00:00:00-04:00,68.17089905653573,69.06494183548324,66.645192878537,68.5887680053711,173300,0.0,0.0
2022-07-08 00:00:00-04:00,68.52074202354666,69.03578823725732,67.63641179687319,68.65679168701172,151700,0.0,0.0
2022-07-11 00:00:00-04:00,68.12231596729795,68.99692637602153,67.9182414409544,68.4916000366211,153200,0.0,0.0
2022-07-12 00:00:00-04:00,68.51102506256049,70.53234502819964,68.51102506256049,69.38563537597656,152300,0.0,0.0
2022-07-13 00:00:00-04:00,69.04552010481514,70.62953141090445,67.80162560193646,70.20194244384766,182100,0.0,0.0
2022-07-14 00:00:00-04:00,69.05521780879253,69.57998395176827,68.07371776585023,69.2884521484375,129800,0.0,0.0
2022-07-15 00:00:00-04:00,70.59065700119346,70.8141714314639,68.97749329588905,70.32827758789062,205000,0.0,0.0
2022-07-18 00:00:00-04:00,70.54205773229481,71.27089842616883,69.93955417041555,70.27967834472656,183300,0.0,0.0
2022-07-19 00:00:00-04:00,71.35837201270103,72.76746122991372,71.35837201270103,72.4662094116211,255400,0.0,0.0
2022-07-20 00:00:00-04:00,72.2718470936998,73.75868094803864,70.90162300729274,72.93266296386719,321100,0.0,0.0
2022-07-21 00:00:00-04:00,73.30193735794519,74.28344488839494,72.29127738639856,73.51573181152344,317600,0.0,0.0
2022-07-22 00:00:00-04:00,75.50789153382581,82.59222383795446,75.50789153382581,81.70790100097656,763900,0.0,0.0
2022-07-25 00:00:00-04:00,82.18408501840308,85.30352262771223,81.74678352158611,85.15775299072266,638800,0.0,0.0
2022-07-26 00:00:00-04:00,85.08002249553863,86.33362219830951,83.01010979390045,84.31230926513672,513800,0.0,0.0
2022-07-27 00:00:00-04:00,84.62326298864043,85.59505055420365,82.99065958192821,85.38125610351562,326500,0.0,0.0
2022-07-28 00:00:00-04:00,85.4784329224108,87.71354727697343,84.83705698791023,87.68439483642578,378400,0.0,0.0
2022-07-29 00:00:00-04:00,87.68440042628598,89.6668406514138,87.1693467585569,89.60853576660156,366800,0.0,0.0
2022-08-01 00:00:00-04:00,89.53079434432222,92.10603312320758,88.59787908148724,89.4141845703125,432700,0.0,0.0
2022-08-02 00:00:00-04:00,88.94772988960698,89.31701397268273,87.18879646788972,87.21794891357422,305300,0.0,0.0
2022-08-03 00:00:00-04:00,87.38315922531604,88.00510283862305,85.75055538684693,87.18880462646484,226100,0.0,0.0
2022-08-04 00:00:00-04:00,86.70290190938694,87.40259025683314,85.71167427912084,85.91575622558594,352300,0.0,0.0
2022-08-05 00:00:00-04:00,84.9148000618614,86.04207726643,84.25398417984044,85.97405242919922,417800,0.0,0.0
2022-08-08 00:00:00-04:00,86.84865899417932,88.21887563136166,86.46966242980011,88.00508117675781,312800,0.0,0.0
2022-08-09 00:00:00-04:00,87.97594241681425,87.97594241681425,82.42703534259358,82.70885467529297,476100,0.0,0.0
2022-08-10 00:00:00-04:00,84.25398415117358,86.05179718937046,83.79725019515156,85.0702896118164,363300,0.0,0.0
2022-08-11 00:00:00-04:00,85.72139448055506,87.76214722374816,85.0800184363067,86.79035949707031,172500,0.0,0.0
2022-08-12 00:00:00-04:00,87.11105399114113,87.40259328405863,85.38127296901631,86.63488006591797,296000,0.0,0.0
2022-08-15 00:00:00-04:00,86.74176898614114,87.38314498918163,86.11982547415883,87.13048553466797,295400,0.0,0.0
2022-08-16 00:00:00-04:00,86.83896257403354,88.52987135132463,86.55714320879288,87.9565200805664,256000,0.0,0.0
2022-08-17 00:00:00-04:00,86.97499552981955,87.02358787845768,85.28408707816311,86.24615478515625,217100,0.0,0.0
2022-08-18 00:00:00-04:00,86.596001799148,87.46089225161516,86.29474998725432,87.4317398071289,179000,0.0,0.0
2022-08-19 00:00:00-04:00,87.14020067164195,87.53863718465497,85.53674949499859,86.51825714111328,220300,0.0,0.0
2022-08-22 00:00:00-04:00,85.51732284139243,85.59506764155387,83.60289976879235,83.93331146240234,351300,0.0,0.0
2022-08-23 00:00:00-04:00,84.48721539853105,84.84677206156763,82.14520374918573,82.99066162109375,216500,0.0,0.0
2022-08-24 00:00:00-04:00,82.32983630702553,83.74864513494215,82.15491426445223,82.65052795410156,194300,0.0,0.0
2022-08-25 00:00:00-04:00,83.16558791270799,84.15680804211472,82.61166925512602,83.64176177978516,196100,0.0,0.0
2022-08-26 00:00:00-04:00,83.72923809312802,84.44835896929406,80.15305879138143,80.26966857910156,201500,0.0,0.0
2022-08-29 00:00:00-04:00,79.7157376116609,80.93047214167926,79.21041130939977,80.09473419189453,252900,0.0,0.0
2022-08-30 00:00:00-04:00,80.42513624206208,80.7069555090942,78.52043361598491,78.84111785888672,216700,0.0,0.0
2022-08-31 00:00:00-04:00,79.74768049064342,79.74768049064342,77.06700419319947,77.38868713378906,261900,0.25,0.0
2022-09-01 00:00:00-04:00,77.00852563285908,77.66163412864634,76.2969245920427,76.88180541992188,248900,0.0,0.0
2022-09-02 00:00:00-04:00,77.19372834914897,79.85490453413414,74.72750745671718,75.1661605834961,201500,0.0,0.0
2022-09-06 00:00:00-04:00,75.2831429473727,75.2831429473727,73.25557505443372,73.66498565673828,266400,0.0,0.0
2022-09-07 00:00:00-04:00,73.70398687967112,73.96717731582352,72.0663368406422,73.46028900146484,455300,0.0,0.0
2022-09-08 00:00:00-04:00,72.89490987937529,74.37659717900092,71.56919279531833,73.98667907714844,270500,0.0,0.0
2022-09-09 00:00:00-04:00,74.70801238295356,75.87775908940894,74.08414648123492,75.79003143310547,244600,0.0,0.0
2022-09-12 00:00:00-04:00,76.49187974756555,77.45692111837957,75.73154367134431,76.41389465332031,271900,0.0,0.0
2022-09-13 00:00:00-04:00,74.3668393581327,74.45456701735954,71.5204501570572,71.86162567138672,248000,0.0,0.0
2022-09-14 00:00:00-04:00,71.78364631217524,72.36851973166371,70.11675371995199,70.85759735107422,304300,0.0,0.0
2022-09-15 00:00:00-04:00,70.51640594084697,72.74867912772928,70.51640594084697,71.5399398803711,304800,0.0,0.0
2022-09-16 00:00:00-04:00,70.78936313566118,72.04684509381076,69.7658290608441,71.59843444824219,1240200,0.0,0.0
2022-09-19 00:00:00-04:00,71.05255330193158,73.7819725329166,70.6918777621659,73.47978210449219,238800,0.0,0.0
2022-09-20 00:00:00-04:00,72.50498117948604,72.50498117948604,70.62363349233293,71.77388763427734,287100,0.0,0.0
2022-09-21 00:00:00-04:00,72.38801319334532,73.86969288479324,71.72515472786559,71.84212493896484,264400,0.0,0.0
2022-09-22 00:00:00-04:00,71.25725083362956,71.63741888989811,69.30766800678843,69.69758605957031,234100,0.0,0.0
2022-09-23 00:00:00-04:00,68.98599381558466,69.50263957744069,67.3191011794149,67.84548950195312,261400,0.0,0.0
2022-09-26 00:00:00-04:00,67.51406312780283,68.18666422308415,66.13960350727261,66.63674926757812,244000,0.0,0.0
2022-09-27 00:00:00-04:00,67.40683115582098,68.53758538565812,66.081114171137,66.97792053222656,258900,0.0,0.0
2022-09-28 00:00:00-04:00,67.48481622135715,70.75036613332675,67.26061091267138,70.51641082763672,445800,0.0,0.0
2022-09-29 00:00:00-04:00,69.27842652065598,70.27271050533902,68.72279570393668,70.20447540283203,337900,0.0,0.0
2022-09-30 00:00:00-04:00,70.28245747181691,72.10532004172399,70.14598727268677,70.34095001220703,332300,0.0,0.0
2022-10-03 00:00:00-04:00,71.79339822061529,73.25558552679047,70.99406945738896,72.80718231201172,220000,0.0,0.0
2022-10-04 00:00:00-04:00,73.74297923592289,75.55609203990662,73.74297923592289,74.87373352050781,232200,0.0,0.0
2022-10-05 00:00:00-04:00,73.62598869391485,74.95170551080572,72.91439518072748,73.52851104736328,218100,0.0,0.0
2022-10-06 00:00:00-04:00,73.17760435440103,74.25962361412736,72.88516390261081,73.40180969238281,194200,0.0,0.0
2022-10-07 00:00:00-04:00,72.66096272843433,72.8364255041902,70.39944663928593,70.70162963867188,210100,0.0,0.0
2022-10-10 00:00:00-04:00,71.36449751759105,73.18736062420521,71.0038219210856,72.6512222290039,163800,0.0,0.0
2022-10-11 00:00:00-04:00,71.99810155343955,73.47978137694398,71.69591856507625,72.74868774414062,373100,0.0,0.0
2022-10-12 00:00:00-04:00,72.59271487946876,72.59271487946876,70.39943428592156,71.02330017089844,222300,0.0,0.0
2022-10-13 00:00:00-04:00,69.57087093947304,71.34499114412107,68.0111986143184,71.0330581665039,337800,0.0,0.0
2022-10-14 00:00:00-04:00,71.23776292344256,72.1443192945275,68.01119807739362,68.42061614990234,219700,0.0,0.0
2022-10-17 00:00:00-04:00,69.83406648523426,71.45222403818127,69.6488537097099,70.72113037109375,245200,0.0,0.0
2022-10-18 00:00:00-04:00,72.4464928484953,73.48951929571383,71.70564933997338,72.37825775146484,211800,0.0,0.0
2022-10-19 00:00:00-04:00,71.45222589329916,72.08583447156994,69.06398205656555,69.83406829833984,271600,0.0,0.0
2022-10-20 00:00:00-04:00,69.61959584752687,69.96077132974854,67.78699080225915,67.89421844482422,359700,0.0,0.0
2022-10-21 00:00:00-04:00,70.98432358804388,71.66667472911644,65.42801447625402,66.54901885986328,753300,0.0,0.0
2022-10-24 00:00:00-04:00,66.90967926742209,67.53354515136003,65.46699219971609,65.61320495605469,538500,0.0,0.0
2022-10-25 00:00:00-04:00,66.02262980729205,68.23540318099404,66.02262980729205,67.70901489257812,516400,0.0,0.0
2022-10-26 00:00:00-04:00,68.06969493061077,70.17524078687397,67.01691828394455,68.32313537597656,282900,0.0,0.0
2022-10-27 00:00:00-04:00,68.63508185793455,70.24348208886992,68.43036907214689,68.50835418701172,249600,0.0,0.0
2022-10-28 00:00:00-04:00,68.43036683666847,70.47743513111254,68.15742638062784,70.33121490478516,221800,0.0,0.0
2022-10-31 00:00:00-04:00,69.39540991300785,70.1265035448362,68.66431628117952,69.43440246582031,292900,0.0,0.0
2022-11-01 00:00:00-04:00,70.11674925033292,70.42868221664709,68.23540145557503,69.77557373046875,261500,0.0,0.0
2022-11-02 00:00:00-04:00,69.79507621505674,70.47743478891483,67.2216270176407,67.24112701416016,241000,0.0,0.0
2022-11-03 00:00:00-04:00,66.04212951660156,67.24112643179659,64.50195703596715,66.04212951660156,226500,0.0,0.0
2022-11-04 00:00:00-04:00,66.97792078566455,67.83573459903062,65.91540165673618,67.22161865234375,173200,0.0,0.0
2022-11-07 00:00:00-05:00,67.89422803522996,68.60582165051316,66.95842910734937,68.43035888671875,144300,0.0,0.0
2022-11-08 00:00:00-05:00,69.21018413912077,70.42867329649965,68.85925866683024,69.50262451171875,181600,0.0,0.0
2022-11-09 00:00:00-05:00,68.76178656492888,69.9217907161297,68.6058163704183,69.44413757324219,265200,0.0,0.0
2022-11-10 00:00:00-05:00,72.60247222638753,77.17423918038679,72.60247222638753,76.43340301513672,339400,0.0,0.0
2022-11-11 00:00:00-05:00,76.4918864365982,78.49995444807224,76.03373326417795,78.03205871582031,269500,0.0,0.0
2022-11-14 00:00:00-05:00,77.02800970117625,77.50566282044379,75.63405776420878,76.15070343017578,259500,0.0,0.0
2022-11-15 00:00:00-05:00,77.05726575820145,78.96785607455037,77.05726575820145,77.28146362304688,149900,0.0,0.0
2022-11-16 00:00:00-05:00,76.99877149008714,77.46667463978397,75.68280457235039,76.98902893066406,240300,0.0,0.0
2022-11-17 00:00:00-05:00,75.12718985136243,75.67307077866698,74.58130892405788,75.37088775634766,357700,0.0,0.0
2022-11-18 00:00:00-05:00,76.6283612003989,77.60315271045403,76.3554207675145,76.998779296875,193800,0.0,0.0
2022-11-21 00:00:00-05:00,76.62835773324218,77.47642898596283,76.36515987267741,76.89154815673828,201900,0.0,0.0
2022-11-22 00:00:00-05:00,77.56416694739556,79.44551502397368,77.43744671734044,79.33828735351562,306600,0.0,0.0
2022-11-23 00:00:00-05:00,79.33827793993783,79.93290133753621,78.64617688178058,78.8118896484375,140100,0.0,0.0
2022-11-25 00:00:00-05:00,78.94835175503066,79.80617292884136,78.63641881102713,79.50398254394531,58900,0.0,0.0
2022-11-28 00:00:00-05:00,78.66566543345974,79.78667706547725,77.63238889742591,78.2172622680664,427900,0.0,0.0
2022-11-29 00:00:00-05:00,78.10030268945648,79.49425492175354,78.10030268945648,78.78265380859375,154500,0.0,0.0
2022-11-30 00:00:00-05:00,78.43062364891564,80.28847561636968,76.80745290229292,80.04402160644531,346100,0.25,0.0
2022-12-01 00:00:00-05:00,81.28585003277753,82.94814188551943,80.78716919108531,81.65742492675781,206100,0.0,0.0
2022-12-02 00:00:00-05:00,80.28849357361514,82.18545950214794,78.71420880078772,81.36408996582031,188000,0.0,0.0
2022-12-05 00:00:00-05:00,80.27869822399325,80.27869822399325,78.56752009362737,79.71156311035156,215300,0.0,0.0
2022-12-06 00:00:00-05:00,79.84846982541063,79.84846982541063,76.23054561989909,77.25725555419922,241100,0.0,0.0
2022-12-07 00:00:00-05:00,77.71683831655218,78.93910862093833,77.18881664983988,78.79243469238281,182200,0.0,0.0
2022-12-08 00:00:00-05:00,78.49908613494354,79.82891681106327,77.79505725227476,79.67247009277344,152600,0.0,0.0
2022-12-09 00:00:00-05:00,79.38888841304126,80.23958361197458,78.30351198806572,78.54796600341797,283900,0.0,0.0
2022-12-12 00:00:00-05:00,78.54797406601679,80.5231594303433,78.22529294219537,80.08314514160156,147500,0.0,0.0
2022-12-13 00:00:00-05:00,83.11437971948564,84.11174899365531,80.87517965300201,81.07074737548828,336900,0.0,0.0
2022-12-14 00:00:00-05:00,80.81651661675114,81.80411314329284,79.78980654399386,80.2396011352539,245400,0.0,0.0
2022-12-15 00:00:00-05:00,79.05643460641637,79.29110839467684,76.9052420503807,78.80220031738281,325300,0.0,0.0
2022-12-16 00:00:00-05:00,77.54082890104432,78.89999284426558,76.30877838023123,77.73638916015625,649100,0.0,0.0
2022-12-19 00:00:00-05:00,77.73637809787739,78.52840673276042,76.60210786803265,76.9150161743164,266400,0.0,0.0
2022-12-20 00:00:00-05:00,76.75857761678783,77.8048407330312,76.32833606837691,77.30615234375,235700,0.0,0.0
2022-12-21 00:00:00-05:00,78.03949917661424,79.17376941346762,77.2376902871693,78.95864868164062,254000,0.0,0.0
2022-12-22 00:00:00-05:00,78.0101743339219,78.0101743339219,75.43852044352208,76.80746459960938,204400,0.0,0.0
2022-12-23 00:00:00-05:00,77.14969863680994,77.32570584885406,76.2012157419137,77.31592559814453,155600,0.0,0.0
2022-12-27 00:00:00-05:00,77.2768153645899,78.63597932574251,76.66079382612908,78.39152526855469,172500,0.0,0.0
2022-12-28 00:00:00-05:00,78.88042959522066,79.20311072564894,75.69275421386345,75.78075408935547,232500,0.0,0.0
2022-12-29 00:00:00-05:00,75.95675759338089,78.31329059722711,75.95675759338089,78.01016998291016,203600,0.0,0.0
2022-12-30 00:00:00-05:00,77.40393585071544,77.94173029767516,76.26966545032778,77.49193572998047,177400,0.0,0.0
2023-01-03 00:00:00-05:00,78.1666248508033,79.12488049316563,77.57992919694621,77.89283752441406,199700,0.0,0.0
2023-01-04 00:00:00-05:00,78.71420401769718,79.78980034454344,78.52841655264487,79.4964599609375,205600,0.0,0.0
2023-01-05 00:00:00-05:00,78.99776769631362,78.99776769631362,77.39414980626054,77.64838409423828,177600,0.0,0.0
2023-01-06 00:00:00-05:00,78.9586572580052,80.7676157155403,77.68749322830729,80.63072204589844,157600,0.0,0.0
2023-01-09 00:00:00-05:00,81.53031361040335,81.66720728417755,79.7604686422187,80.28849029541016,162900,0.0,0.0
2023-01-10 00:00:00-05:00,80.1124638618031,81.26628702124644,79.59422258394315,81.23695373535156,279900,0.0,0.0
2023-01-11 00:00:00-05:00,81.8823212965525,83.29037892233447,81.47164030908112,83.2317123413086,158500,0.0,0.0
2023-01-12 00:00:00-05:00,83.6130692723495,84.22909082158891,82.22456453351707,84.02375030517578,196400,0.0,0.0
2023-01-13 00:00:00-05:00,83.37838605923362,85.47091963995052,82.70369793821023,84.88422393798828,174600,0.0,0.0
2023-01-17 00:00:00-05:00,84.57131318162479,85.29490247361524,84.19974574584353,84.33663940429688,153400,0.0,0.0
2023-01-18 00:00:00-05:00,85.02109758311461,85.84246689627591,83.33926034215384,83.53482055664062,207800,0.0,0.0
2023-01-19 00:00:00-05:00,83.30994205170059,83.30994205170059,81.44231688146596,82.38101959228516,186700,0.0,0.0
2023-01-20 00:00:00-05:00,82.84058821860656,84.74732679142654,81.9996657044025,84.57131958007812,194800,0.0,0.0
2023-01-23 00:00:00-05:00,84.85488926666245,86.56606762925176,84.62999571668941,86.13582611083984,168800,0.0,0.0
2023-01-24 00:00:00-05:00,86.24337771448565,86.98652004517307,85.51001563371572,85.86203002929688,182700,0.0,0.0
2023-01-25 00:00:00-05:00,85.03089412899533,87.30920761913602,84.50287249650701,86.98652648925781,220700,0.0,0.0
2023-01-26 00:00:00-05:00,87.95455589031738,88.75636480010489,86.53672551842375,87.51454162597656,178500,0.0,0.0
2023-01-27 00:00:00-05:00,87.45587729444426,88.98126807418386,86.81051506600363,88.69770050048828,96500,0.0,0.0
2023-01-30 00:00:00-05:00,87.80789528629695,88.81504475048334,87.5145474504496,87.6123275756836,151600,0.0,0.0
2023-01-31 00:00:00-05:00,88.07189755073298,91.56270079758559,88.07189755073298,91.47470092773438,313900,0.0,0.0
2023-02-01 00:00:00-05:00,91.2302421873124,95.10239292387307,90.35020623351576,94.19302368164062,377800,0.0,0.0
2023-02-02 00:00:00-05:00,94.78950482307634,97.19493178005756,94.69171723495181,96.18778228759766,366600,0.0,0.0
2023-02-03 00:00:00-05:00,94.9948448146665,96.62779606951004,94.39837633904055,95.16107177734375,319900,0.0,0.0
2023-02-06 00:00:00-05:00,94.0365806423698,94.68194290479988,92.64808345126595,93.61611938476562,173100,0.0,0.0
2023-02-07 00:00:00-05:00,93.18587943057736,95.17084496503847,89.1670545714867,94.6623764038086,290400,0.0,0.0
2023-02-08 00:00:00-05:00,93.69434602573789,94.35926132623531,92.13962188112879,92.7165298461914,193500,0.0,0.0
2023-02-09 00:00:00-05:00,93.78234864593922,94.31036279141861,92.28628369993082,92.51118469238281,153300,0.0,0.0
2023-02-10 00:00:00-05:00,92.49162834005057,92.88275630177377,91.61159975135506,92.19828796386719,180100,0.0,0.0
2023-02-13 00:00:00-05:00,92.7849713387596,94.96550457607981,91.70937509520921,94.78949737548828,216800,0.0,0.0
2023-02-14 00:00:00-05:00,94.2321354197813,94.81882355772521,92.67740402107832,94.67214965820312,155800,0.0,0.0
2023-02-15 00:00:00-05:00,93.54767891004234,95.29797089393817,93.25433851093243,94.10503387451172,204700,0.0,0.0
2023-02-16 00:00:00-05:00,92.33518800523086,93.50856451125182,91.68005291370493,92.1787338256836,301200,0.0,0.0
2023-02-17 00:00:00-05:00,88.10123539917626,88.10123539917626,83.76950946893871,84.93311309814453,2125000,0.0,0.0
2023-02-21 00:00:00-05:00,84.12152882337082,84.33664958695508,79.07600097083575,79.91692352294922,919700,0.0,0.0
2023-02-22 00:00:00-05:00,82.29301386016333,82.32234715214341,78.83154366374936,81.77476501464844,17550900,0.0,0.0
2023-02-23 00:00:00-05:00,82.45923834013776,83.65217524573346,82.1952237999707,83.3881607055664,743800,0.0,0.0
2023-02-24 00:00:00-05:00,82.4005655290847,83.86728978703324,82.1072251535822,83.15348815917969,482600,0.0,0.0
2023-02-27 00:00:00-05:00,84.09219352496198,84.57132137597274,83.16327111543052,84.21930694580078,487700,0.0,0.0
2023-02-28 00:00:00-05:00,84.23890829590847,84.96459643418481,83.69954094065253,83.87606048583984,520200,0.25,0.0
2023-03-01 00:00:00-05:00,83.90548732577633,84.07220564934973,82.97386087445867,83.93490600585938,385900,0.0,0.0
2023-03-02 00:00:00-05:00,83.26806555274365,84.67040589818438,82.54236983661364,84.22911071777344,274900,0.0,0.0
2023-03-03 00:00:00-05:00,85.10188883386779,85.28821709929956,83.91528813066012,85.18034362792969,290600,0.0,0.0
2023-03-06 00:00:00-05:00,85.35686146143716,85.55299096079673,82.86597791389444,82.96404266357422,311300,0.0,0.0
2023-03-07 00:00:00-05:00,83.01309617991484,83.18961575908345,81.60093954656588,81.86572265625,582900,0.0,0.0
2023-03-08 00:00:00-05:00,82.4541117249835,82.75811473133597,81.45383170107904,82.46391296386719,315900,0.0,0.0
2023-03-09 00:00:00-05:00,82.68947397903615,83.18961402322155,81.22828873199028,81.4342269897461,340600,0.0,0.0
2023-03-10 00:00:00-05:00,81.43423069672463,81.43423069672463,77.20757689591505,77.61945343017578,422600,0.0,0.0
2023-03-13 00:00:00-04:00,76.73684111812874,77.45272803974808,75.04029169020743,75.89347076416016,552700,0.0,0.0
2023-03-14 00:00:00-04:00,77.94306651800048,78.79623818917864,76.57993862457037,77.64886474609375,499600,0.0,0.0
2023-03-15 00:00:00-04:00,76.0503793447367,77.3742722142599,75.48159330300163,76.8250961303711,605200,0.0,0.0
2023-03-16 00:00:00-04:00,76.20728545795508,78.87468877688688,75.97192854212624,77.7469253540039,565000,0.0,0.0
2023-03-17 00:00:00-04:00,77.32523916398175,77.32523916398175,75.47178757675933,75.84443664550781,1601000,0.0,0.0
2023-03-20 00:00:00-04:00,76.96240582655248,77.84499620040383,76.48187575508173,76.80549621582031,368400,0.0,0.0
2023-03-21 00:00:00-04:00,78.00190560743646,79.01198690783541,77.4625381742807,78.08036041259766,447500,0.0,0.0
2023-03-22 00:00:00-04:00,77.84500193378096,78.15881369649588,75.44238132691947,75.55025482177734,245900,0.0,0.0
2023-03-23 00:00:00-04:00,75.89347356491868,76.98200958563388,74.3146062729574,75.13836669921875,394500,0.0,0.0
2023-03-24 00:00:00-04:00,74.45189030012105,75.0402862649905,73.55949137447217,74.82454681396484,235900,0.0,0.0
2023-03-27 00:00:00-04:00,75.7856083537461,76.42304057227238,74.5695887633279,76.24652099609375,327400,0.0,0.0
2023-03-28 00:00:00-04:00,76.34458255184836,77.39389124334583,75.64831299785116,76.17787170410156,297500,0.0,0.0
2023-03-29 00:00:00-04:00,77.05065663421146,77.32524095246778,75.74637364063246,76.5309066772461,240200,0.0,0.0
2023-03-30 00:00:00-04:00,77.36447353814924,77.70770395897604,75.68754135479949,75.75618743896484,165500,0.0,0.0
2023-03-31 00:00:00-04:00,76.54072645268644,78.17843136015412,76.24652465099864,77.93326568603516,392900,0.0,0.0
2023-04-03 00:00:00-04:00,78.01171831648644,78.5216596123783,76.63878908342963,78.23726654052734,318100,0.0,0.0
2023-04-04 00:00:00-04:00,78.61972151323037,78.61972151323037,74.64804233762328,75.07952880859375,239200,0.0,0.0
2023-04-05 00:00:00-04:00,74.58920359349061,75.29528194429801,74.1871357715303,75.18740844726562,379500,0.0,0.0
2023-04-06 00:00:00-04:00,75.49141569202725,75.90329221812621,74.41268076863125,74.57939910888672,276200,0.0,0.0
2023-04-10 00:00:00-04:00,74.24596609468624,76.37400218536541,74.24596609468624,76.01116180419922,279900,0.0,0.0
2023-04-11 00:00:00-04:00,75.6090897326571,77.68809726926038,75.6090897326571,77.38409423828125,211200,0.0,0.0
2023-04-12 00:00:00-04:00,78.08037083171726,78.45301998316661,76.46227579819184,76.78589630126953,150900,0.0,0.0
2023-04-13 00:00:00-04:00,77.39389827174676,77.68810007366842,76.00135903729117,77.4233169555664,173200,0.0,0.0
2023-04-14 00:00:00-04:00,77.12911129866842,78.21764733117219,76.20728610454701,77.04084777832031,185200,0.0,0.0
2023-04-17 00:00:00-04:00,76.73684492284998,78.28629355527762,76.73684492284998,78.09015655517578,251100,0.0,0.0
2023-04-18 00:00:00-04:00,78.59030274308574,79.12967018352087,77.39389313474754,78.19803619384766,232400,0.0,0.0
2023-04-19 00:00:00-04:00,78.11958937976883,78.8943062802003,77.58022193581053,78.51184844970703,233000,0.0,0.0
2023-04-20 00:00:00-04:00,78.32552836893295,79.93381451268719,78.20784615773304,79.36502838134766,269000,0.0,0.0
2023-04-21 00:00:00-04:00,79.22772952850535,79.42385904877143,78.68836212498121,78.9433364868164,302800,0.0,0.0
2023-04-24 00:00:00-04:00,78.972751401001,79.49250133859826,78.2372545122816,78.56087493896484,189000,0.0,0.0
2023-04-25 00:00:00-04:00,77.99209329069159,78.65894414009426,76.67800903320312,76.67800903320312,374800,0.0,0.0
2023-04-26 00:00:00-04:00,76.51129429092083,77.93325957849054,74.54016781242045,74.70687866210938,358300,0.0,0.0
2023-04-27 00:00:00-04:00,75.118745956961,76.07979849838286,74.6088047492967,75.83463287353516,254200,0.0,0.0
2023-04-28 00:00:00-04:00,75.45218381910678,77.24679071422241,75.35411157234229,77.00162506103516,422700,0.0,0.0
2023-05-01 00:00:00-04:00,77.22718125118608,77.9626782154831,76.95259691494645,77.82538604736328,297000,0.0,0.0
2023-05-02 00:00:00-04:00,77.48215406945434,77.81557576193917,75.40314666536503,76.62897491455078,391200,0.0,0.0
2023-05-03 00:00:00-04:00,79.86516089797,82.39526460443373,78.60991402428161,80.66930389404297,835100,0.0,0.0
2023-05-04 00:00:00-04:00,80.5516332899787,80.5516332899787,77.42331689402464,77.93326568603516,513400,0.0,0.0
2023-05-05 00:00:00-04:00,79.3650230183427,79.92400039051107,78.72759084400921,79.85535430908203,681800,0.0,0.0
2023-05-08 00:00:00-04:00,80.16915938368457,81.15963060371297,79.93380247858018,80.99291229248047,311000,0.0,0.0
2023-05-09 00:00:00-04:00,80.74775321648595,81.9147440804565,80.55162369330209,81.13021850585938,255900,0.0,0.0
2023-05-10 00:00:00-04:00,82.27759675141898,82.84638287660019,81.02234977299297,81.88533020019531,268200,0.0,0.0
2023-05-11 00:00:00-04:00,81.88532007118403,81.88532007118403,79.68863813066262,80.09070587158203,200500,0.0,0.0
2023-05-12 00:00:00-04:00,80.49278203313713,81.24788888710825,79.0512069209673,79.92399597167969,193500,0.0,0.0
2023-05-15 00:00:00-04:00,80.19858363583174,82.18932745231724,79.24733974751425,81.29692840576172,360400,0.0,0.0
2023-05-16 00:00:00-04:00,80.7183399034978,81.11060645781069,80.03187904484692,80.639892578125,271900,0.0,0.0
2023-05-17 00:00:00-04:00,81.11059931943427,82.3854636382874,80.62026804016178,82.25797271728516,227500,0.0,0.0
2023-05-18 00:00:00-04:00,81.96378648512801,83.52303651499078,81.70881209995453,83.33671569824219,202300,0.0,0.0
2023-05-19 00:00:00-04:00,84.26833243026597,84.26833243026597,80.65949398084548,81.06156921386719,310700,0.0,0.0
2023-05-22 00:00:00-04:00,81.38518913622865,81.94416653308328,80.60066352551554,81.25770568847656,275500,0.0,0.0
2023-05-23 00:00:00-04:00,81.02234178503356,81.49305561460476,79.37482841781156,80.29664611816406,268500,0.0,0.0
2023-05-24 00:00:00-04:00,80.267232992329,80.32607783649264,78.58049210896883,78.78643035888672,233400,0.0,0.0
2023-05-25 00:00:00-04:00,78.62953262581448,79.62000401045664,78.21765610296373,78.97276306152344,237700,0.0,0.0
2023-05-26 00:00:00-04:00,79.12966503689746,79.67883368099537,78.52165155103076,79.22772979736328,145300,0.0,0.0
2023-05-30 00:00:00-04:00,79.5415373719948,80.06128730903492,78.95314135802225,79.58076477050781,213700,0.0,0.0
2023-05-31 00:00:00-04:00,79.60044557634865,79.97425376564087,76.74773402351224,76.82643127441406,290000,0.25,0.0
2023-06-01 00:00:00-04:00,76.97398194607695,78.08555240209881,76.2067025600634,77.96751403808594,254500,0.0,0.0
2023-06-02 00:00:00-04:00,78.87251125019698,82.71874728043831,78.87251125019698,82.63021850585938,298000,0.0,0.0
2023-06-05 00:00:00-04:00,82.04000416038546,83.00401917349691,79.72832692937283,82.63021850585938,378200,0.0,0.0
2023-06-06 00:00:00-04:00,82.37444375332986,86.86008861188257,82.37444375332986,86.5059585571289,352000,0.0,0.0
2023-06-07 00:00:00-04:00,86.73222154047382,89.49640434137946,86.56499550943559,88.77830505371094,380800,0.0,0.0
2023-06-08 00:00:00-04:00,88.29629054322447,88.72911038317875,86.9387893268258,87.01748657226562,332200,0.0,0.0
2023-06-09 00:00:00-04:00,86.67319571036296,87.31259769735964,86.01412316445087,86.86009979248047,262200,0.0,0.0
2023-06-12 00:00:00-04:00,86.63383993042991,88.20774718802339,86.02394758468292,87.36177062988281,341700,0.0,0.0
2023-06-13 00:00:00-04:00,87.83395849945546,89.61444062304778,87.64705440737173,88.95536804199219,293800,0.0,0.0
2023-06-14 00:00:00-04:00,89.19144939235197,90.32269793065498,86.11249276652019,86.91912078857422,346300,0.0,0.0
2023-06-15 00:00:00-04:00,86.10265653846581,87.98151397705078,85.70917779428743,87.98151397705078,390400,0.0,0.0
2023-06-16 00:00:00-04:00,88.4241700582326,88.45367964973441,86.90928181961831,87.81427764892578,706300,0.0,0.0
2023-06-20 00:00:00-04:00,87.243742487,89.39802524906491,87.243742487,88.6602554321289,221100,0.0,0.0
2023-06-21 00:00:00-04:00,88.39466296837436,89.9784094669751,88.09955203503924,89.27014923095703,282300,0.0,0.0
2023-06-22 00:00:00-04:00,89.22095562571324,89.82100897983732,88.0405269810331,88.51270294189453,373000,0.0,0.0
2023-06-23 00:00:00-04:00,87.6765623428809,89.89971082597654,87.6765623428809,88.6602554321289,1830400,0.0,0.0
2023-06-26 00:00:00-04:00,88.95536224065201,90.82438052465037,88.95536224065201,90.06693267822266,201500,0.0,0.0
2023-06-27 00:00:00-04:00,90.60796077188859,93.39181369983828,90.49975394394835,92.8606185913086,230400,0.0,0.0
2023-06-28 00:00:00-04:00,92.742578674564,93.6377429439748,92.35893898909718,93.6180648803711,229500,0.0,0.0
2023-06-29 00:00:00-04:00,94.08040496877625,95.77235825634656,93.9426885388561,95.41822814941406,263900,0.0,0.0
2023-06-30 00:00:00-04:00,96.06746822535014,96.30355245929715,94.90671010971883,95.46741485595703,274400,0.0,0.0
2023-07-03 00:00:00-04:00,95.46741050526914,96.11664399528185,94.16893602026158,94.92637634277344,138700,0.0,0.0
2023-07-05 00:00:00-04:00,94.13941980610329,94.32632388307417,92.29007961469708,92.77208709716797,529100,0.0,0.0
2023-07-06 00:00:00-04:00,91.60150309145456,91.82774829899097,89.28981832978262,89.79150390625,323500,0.0,0.0
2023-07-07 00:00:00-04:00,90.1161128569103,91.33589002849955,89.56524719973744,89.98823547363281,384100,0.0,0.0
2023-07-10 00:00:00-04:00,89.92920702604309,92.68355026776737,89.34883179220508,92.19170379638672,224100,0.0,0.0
2023-07-11 00:00:00-04:00,92.62455602442044,93.50004237873294,92.23107724040747,93.06721496582031,202600,0.0,0.0
2023-07-12 00:00:00-04:00,94.66078692660906,96.15599708289244,94.03121646056174,95.31002044677734,183400,0.0,0.0
2023-07-13 00:00:00-04:00,95.31986426751644,97.38561830635156,95.04443139633614,97.32659912109375,213100,0.0,0.0
2023-07-14 00:00:00-04:00,96.76588709881258,98.13321982475188,96.47077618466041,97.98566436767578,387100,0.0,0.0
2023-07-17 00:00:00-04:00,97.83811289826045,100.2481654487787,97.72990605899321,99.89403533935547,327400,0.0,0.0
2023-07-18 00:00:00-04:00,99.91371030577193,101.6941924586404,99.91371030577193,101.17283630371094,354400,0.0,0.0
2023-07-19 00:00:00-04:00,101.6548402350904,101.70402789154326,100.08093279337385,100.9760971069336,302800,0.0,0.0
2023-07-20 00:00:00-04:00,101.59582710410571,101.59582710410571,99.1562723003494,99.70713806152344,344000,0.0,0.0
2023-07-21 00:00:00-04:00,100.12028123143709,100.18913944735348,98.69392925674771,99.1070785522461,215900,0.0,0.0
2023-07-24 00:00:00-04:00,99.30382610586557,100.16948093000518,97.52334380527878,97.77910614013672,242300,0.0,0.0
2023-07-25 00:00:00-04:00,97.15936497812919,99.51039841090989,96.893771141153,97.95616149902344,283800,0.0,0.0
2023-07-26 00:00:00-04:00,99.04805848120778,100.33669401251922,97.90697090769336,100.05142211914062,238000,0.0,0.0
2023-07-27 00:00:00-04:00,100.73017308744673,101.55647167385017,99.05789034522898,99.65794372558594,265700,0.0,0.0
2023-07-28 00:00:00-04:00,100.91706541849115,101.16298867860637,100.03174768606219,100.16946411132812,185700,0.0,0.0
2023-07-31 00:00:00-04:00,100.21863495238614,101.10396010757133,99.25462006505907,101.08428955078125,175800,0.0,0.0
2023-08-01 00:00:00-04:00,101.00560032458974,102.11717074343854,100.77934762616061,101.6646728515625,219500,0.0,0.0
2023-08-02 00:00:00-04:00,100.28751044554123,101.89093503214845,100.13012344914651,100.74984741210938,226600,0.0,0.0
2023-08-03 00:00:00-04:00,100.33669989663473,101.25153481353867,95.9789390028855,99.91371154785156,382900,0.0,0.0
2023-08-04 00:00:00-04:00,100.96625605258193,101.69418682261322,99.78582737118079,101.074462890625,196500,0.0,0.0
2023-08-07 00:00:00-04:00,101.26136222089123,102.59918533298831,100.79902529913946,102.21554565429688,184500,0.0,0.0
2023-08-08 00:00:00-04:00,100.79903542650756,100.93675186320856,98.74311289864333,100.35636901855469,230400,0.0,0.0
2023-08-09 00:00:00-04:00,100.34653147557863,100.56294515027368,99.05788845943512,99.75631713867188,228100,0.0,0.0
2023-08-10 00:00:00-04:00,100.19898113350749,100.78919550056378,98.36931134214495,99.3530044555664,211000,0.0,0.0
2023-08-11 00:00:00-04:00,99.44153387622846,100.50392424678739,99.44153387622846,99.61859893798828,146500,0.0,0.0
2023-08-14 00:00:00-04:00,99.52022715574716,101.97945985706532,99.34316210105295,101.92044067382812,158300,0.0,0.0
2023-08-15 00:00:00-04:00,101.74338151627028,102.42213218276952,100.01207949279937,100.80887603759766,149200,0.0,0.0
2023-08-16 00:00:00-04:00,100.91706462239651,101.55646659464855,99.72679695342626,99.90386199951172,183500,0.0,0.0
2023-08-17 00:00:00-04:00,100.01208623296694,100.6809979117758,96.7068764676741,97.04133605957031,277400,0.0,0.0
2023-08-18 00:00:00-04:00,96.40191473833936,97.67087961865616,95.91990726604263,97.39544677734375,247800,0.0,0.0
2023-08-21 00:00:00-04:00,97.77909592249537,98.70376233576914,97.07083568765911,98.42832946777344,197300,0.0,0.0
2023-08-22 00:00:00-04:00,98.54637640276013,99.91370923001732,98.31029215693418,99.3530044555664,267300,0.0,0.0
2023-08-23 00:00:00-04:00,99.89403007603275,100.84820600977795,98.80213021367274,100.4547348022461,166400,0.0,0.0
2023-08-24 00:00:00-04:00,99.96289693367814,100.76952498685557,99.05789356512702,99.27430725097656,225000,0.0,0.0
2023-08-25 00:00:00-04:00,99.35300061954851,100.32685466284005,97.73974457622376,99.39234924316406,285200,0.0,0.0
2023-08-28 00:00:00-04:00,99.8448646441031,101.62534702089079,99.82519408134151,100.84822845458984,180400,0.0,0.0
2023-08-29 00:00:00-04:00,100.14979076674821,102.58935292423465,99.91370652730843,102.18603515625,197400,0.0,0.0
2023-08-30 00:00:00-04:00,102.09750604026968,103.21891555509629,101.60565949850424,102.57951354980469,195400,0.0,0.0
2023-08-31 00:00:00-04:00,102.53019298367539,103.64497058517412,102.37234437109001,102.94453430175781,276300,0.3,0.0
2023-09-01 00:00:00-04:00,103.58577747449475,106.12116239351933,103.57591005489628,105.86466217041016,200000,0.0,0.0
2023-09-05 00:00:00-04:00,104.68082214191034,104.68082214191034,98.52486980201905,100.52752685546875,358200,0.0,0.0
2023-09-06 00:00:00-04:00,100.626184912472,102.78669070293975,100.57685534058602,101.41541290283203,272900,0.0,0.0
2023-09-07 00:00:00-04:00,101.17864381684673,101.42527663233369,99.9849418930862,100.51766967773438,285800,0.0,0.0
2023-09-08 00:00:00-04:00,100.1723796795473,101.09972142281342,99.64951934400732,100.05399322509766,193200,0.0,0.0
2023-09-11 00:00:00-04:00,100.86294588172181,102.89520523357533,100.86294588172181,101.85934448242188,262500,0.0,0.0
2023-09-12 00:00:00-04:00,101.5239298992389,101.98759324312306,100.29076589323299,100.85308837890625,202300,0.0,0.0
2023-09-13 00:00:00-04:00,100.92213811994053,100.96159274190104,98.6037839314102,100.0243911743164,248000,0.0,0.0
2023-09-14 00:00:00-04:00,101.13917190829105,101.92839985238271,100.4979326711815,101.49432373046875,204800,0.0,0.0
2023-09-15 00:00:00-04:00,101.38581302228381,101.82975659976496,100.04413744981282,100.92214965820312,924300,0.0,0.0
2023-09-18 00:00:00-04:00,101.27729057290871,101.75082130579013,100.51765737923495,100.73469543457031,329600,0.0,0.0
2023-09-19 00:00:00-04:00,100.78403495239193,101.69164188554939,100.3006292262797,101.01093292236328,262800,0.0,0.0
2023-09-20 00:00:00-04:00,101.51406041661872,103.1319709574861,100.16250998391551,100.29076385498047,302000,0.0,0.0
2023-09-21 00:00:00-04:00,99.71858060554594,101.35621856750238,98.90962528121264,100.12305450439453,231600,0.0,0.0
2023-09-22 00:00:00-04:00,100.4584793455902,100.94187755232443,99.09706139877686,99.83695983886719,256700,0.0,0.0
2023-09-25 00:00:00-04:00,99.66924547187578,101.03066333864123,99.27463148836934,100.68537139892578,165500,0.0,0.0
2023-09-26 00:00:00-04:00,100.25131203683289,100.86295661737357,99.21545117542448,99.25491333007812,293100,0.0,0.0
2023-09-27 00:00:00-04:00,99.96520675761876,100.81362417863893,99.4423464339603,100.29076385498047,277300,0.0,0.0
2023-09-28 00:00:00-04:00,100.04413843950125,102.70776982419372,100.04413843950125,102.3427505493164,216300,0.0,0.0
2023-09-29 00:00:00-04:00,102.79654939713858,102.79654939713858,100.75443008703193,101.02079772949219,259900,0.0,0.0
2023-10-02 00:00:00-04:00,100.40914510737441,101.09972146869039,99.76789831709378,100.5669937133789,240800,0.0,0.0
2023-10-03 00:00:00-04:00,99.97506574396081,100.98133175820453,98.16971941246864,98.84056091308594,342200,0.0,0.0
2023-10-04 00:00:00-04:00,99.0970582525886,100.05399474231919,97.97241326148804,99.39302062988281,326800,0.0,0.0
2023-10-05 00:00:00-04:00,99.53112940637781,100.14278144300869,98.7715037151581,99.6396484375,331800,0.0,0.0
2023-10-06 00:00:00-04:00,98.75177735639137,100.66565040419302,98.09080322035297,99.29437255859375,191900,0.0,0.0
2023-10-09 00:00:00-04:00,98.82082517720677,100.65577374968296,98.45581346251811,99.95533752441406,217800,0.0,0.0
2023-10-10 00:00:00-04:00,99.95534133782269,102.3526124657979,99.67911380482732,101.6225814819336,289200,0.0,0.0
2023-10-11 00:00:00-04:00,101.62257769500313,103.32927240025474,101.62257769500313,103.03331756591797,181000,0.0,0.0
2023-10-12 00:00:00-04:00,102.77682004720295,102.77682004720295,96.21638610463435,96.86750030517578,537900,0.0,0.0
2023-10-13 00:00:00-04:00,96.86749648716163,97.47914098602043,95.41729448551125,96.48274993896484,363100,0.0,0.0
2023-10-16 00:00:00-04:00,97.97240808006833,99.45220483500628,97.41995303341487,99.15625,341800,0.0,0.0
2023-10-17 00:00:00-04:00,98.791230141272,100.44860279752932,98.69257853021861,99.21543884277344,406100,0.0,0.0
2023-10-18 00:00:00-04:00,98.52487935333927,98.52487935333927,95.93029733019357,95.98949432373047,325200,0.0,0.0
2023-10-19 00:00:00-04:00,95.91056648048115,96.28544563475731,93.91776919975592,94.80564880371094,491400,0.0,0.0
2023-10-20 00:00:00-04:00,95.22985732409462,95.5455470129709,93.36531392313222,93.5527572631836,445400,0.0,0.0
2023-10-23 00:00:00-04:00,93.49354976806659,95.51594154957172,93.39489816262036,94.87469482421875,355800,0.0,0.0
2023-10-24 00:00:00-04:00,95.83164283851725,96.62087083118233,93.6119475766122,93.72046661376953,319400,0.0,0.0
2023-10-25 00:00:00-04:00,93.15814363461052,93.37518170780565,91.22454334185481,91.47117614746094,328000,0.0,0.0
2023-10-26 00:00:00-04:00,92.41824422127308,94.37157933233114,91.56982677700537,93.3554458618164,294600,0.0,0.0
2023-10-27 00:00:00-04:00,93.385054071249,93.70074377807187,92.08282556313883,93.02003479003906,264900,0.0,0.0
2023-10-30 00:00:00-04:00,94.17427119362988,95.22985931853975,93.60208126848424,94.88457489013672,312900,0.0,0.0
2023-10-31 00:00:00-04:00,92.80298556840098,94.92402905968909,91.12588561341155,93.88816833496094,549200,0.0,0.0
2023-11-01 00:00:00-04:00,91.72766939084795,94.55900896665032,89.39945528100856,94.48995208740234,507100,0.0,0.0
2023-11-02 00:00:00-04:00,96.37423671009539,97.60740072767103,95.41730022819495,97.17332458496094,367900,0.0,0.0
2023-11-03 00:00:00-04:00,98.89975259520209,102.76695308480146,98.83069571241052,102.19476318359375,387000,0.0,0.0
2023-11-06 00:00:00-05:00,101.64231387176694,101.64231387176694,99.69884609757624,100.60646057128906,378700,0.0,0.0
2023-11-07 00:00:00-05:00,100.47818830195646,102.1355608060286,99.96519545560224,101.44499206542969,298100,0.0,0.0
2023-11-08 00:00:00-05:00,101.83962102974854,102.2736896479137,100.29076731727814,100.4486083984375,257400,0.0,0.0
2023-11-09 00:00:00-05:00,101.21810400235344,101.21810400235344,98.89975708718309,99.18585205078125,323900,0.0,0.0
2023-11-10 00:00:00-05:00,99.96521883303846,101.80016766046852,99.04774441932344,101.61272430419922,268300,0.0,0.0
2023-11-13 00:00:00-05:00,101.10958893584403,102.05665806290983,100.4190200494324,101.07999420166016,212100,0.0,0.0
2023-11-14 00:00:00-05:00,105.07543768853859,111.2609848518295,104.86826704472493,111.1524658203125,510000,0.0,0.0
2023-11-15 00:00:00-05:00,110.92558397505594,112.58295689291057,108.3112744730076,109.04130554199219,484300,0.0,0.0
2023-11-16 00:00:00-05:00,108.92291285590836,110.08701244047201,108.32112822480998,108.38031768798828,331300,0.0,0.0
2023-11-17 00:00:00-05:00,108.88345891425718,109.86999018366615,108.30140155145503,109.09062957763672,292300,0.0,0.0
2023-11-20 00:00:00-05:00,108.75519771191024,109.21886858158473,108.11395092462926,108.80452728271484,209400,0.0,0.0
2023-11-21 00:00:00-05:00,108.36058761213872,108.46910665049266,107.4431207860052,107.6502914428711,208800,0.0,0.0
2023-11-22 00:00:00-05:00,108.5184340258729,109.99823085349844,108.20274433704489,109.13994598388672,146000,0.0,0.0
2023-11-24 00:00:00-05:00,108.37045139820914,109.40631217444118,108.37045139820914,109.28792572021484,103900,0.0,0.0
2023-11-27 00:00:00-05:00,109.25833686527022,110.52109567173119,108.76507123608164,109.97850799560547,307300,0.0,0.0
2023-11-28 00:00:00-05:00,109.59375039301361,109.59375039301361,107.50230900885175,107.76866912841797,224700,0.0,0.0
2023-11-29 00:00:00-05:00,109.29780693129153,110.18568663343525,108.7354843743733,109.43592071533203,267400,0.0,0.0
2023-11-30 00:00:00-05:00,109.53482648304981,109.66342059634096,107.98177275833642,108.44669342041016,352600,0.3,0.0
2023-12-01 00:00:00-05:00,107.85317697902488,112.16611766252231,107.24976044667459,111.72097778320312,354100,0.0,0.0
2023-12-04 00:00:00-05:00,111.78031941042659,112.85855072729039,110.82078802742924,112.4529800415039,272500,0.0,0.0
2023-12-05 00:00:00-05:00,112.32439469725573,113.00694201139483,111.28572491258643,112.46288299560547,259700,0.0,0.0
2023-12-06 00:00:00-05:00,113.6499234387426,115.36125384268362,112.70028619415045,112.8288803100586,350900,0.0,0.0
2023-12-07 00:00:00-05:00,112.8288803100586,113.05640110425325,112.01773135861242,112.8288803100586,176400,0.0,0.0
2023-12-08 00:00:00-05:00,112.73985559391458,114.71826841108378,112.255146566881,112.89812469482422,169000,0.0,0.0
2023-12-11 00:00:00-05:00,112.38373704784553,113.70926996989056,112.19578542123931,113.40261840820312,168500,0.0,0.0
2023-12-12 00:00:00-05:00,113.48175459307107,113.48175459307107,111.72096848342379,112.1760025024414,241000,0.0,0.0
2023-12-13 00:00:00-05:00,112.5222350565666,116.73625669801189,110.12835722973122,116.5779800415039,456700,0.0,0.0
2023-12-14 00:00:00-05:00,118.6948674707876,123.92776995239065,117.22095212683807,122.89899444580078,579700,0.0,0.0
2023-12-15 00:00:00-05:00,124.27399864937816,125.1840742829044,121.87022676968732,122.02850341796875,751400,0.0,0.0
2023-12-18 00:00:00-05:00,122.44396847483702,122.44396847483702,118.37832951758718,119.88192749023438,404800,0.0,0.0
2023-12-19 00:00:00-05:00,121.3162783813036,124.39271104347858,120.96016345566592,123.74972534179688,418400,0.0,0.0
2023-12-20 00:00:00-05:00,124.2542161870111,125.73802578318076,121.65260607866348,121.88011932373047,304300,0.0,0.0
2023-12-21 00:00:00-05:00,123.34414485873612,123.48263314696152,121.77130280382522,123.12651824951172,195700,0.0,0.0
2023-12-22 00:00:00-05:00,124.46195071003162,125.29288802227178,123.6112325902113,124.64990234375,171200,0.0,0.0
2023-12-26 00:00:00-05:00,125.03569990704469,126.34145215172042,124.61034082105695,125.92598724365234,125800,0.0,0.0
2023-12-27 00:00:00-05:00,126.23263479112809,127.2614028504159,125.88641404549793,126.02490234375,168100,0.0,0.0
2023-12-28 00:00:00-05:00,126.15349008479754,126.19305924616086,125.04558375480805,125.7677001953125,150200,0.0,0.0
2023-12-29 00:00:00-05:00,125.43137032417451,125.88640434723932,123.72003998897706,124.19486236572266,225700,0.0,0.0
2024-01-02 00:00:00-05:00,122.5428946451056,123.79919108690036,121.415199874372,122.22634887695312,202800,0.0,0.0
2024-01-03 00:00:00-05:00,120.23803729581543,120.23803729581543,117.74523301699736,117.82437133789062,266700,0.0,0.0
2024-01-04 00:00:00-05:00,118.03211348939723,118.46736674310577,116.75603626133507,117.17150115966797,236200,0.0,0.0
2024-01-05 00:00:00-05:00,116.08337577783551,119.21915842330252,116.08337577783551,116.9044189453125,215000,0.0,0.0
2024-01-08 00:00:00-05:00,117.29020711587194,119.3279699642107,116.94398637179198,119.23894500732422,218300,0.0,0.0
2024-01-09 00:00:00-05:00,117.42869659050486,117.78481151571253,116.60765342699571,117.36934661865234,223900,0.0,0.0
2024-01-10 00:00:00-05:00,117.17149431666618,118.46735982442338,116.52851619838843,118.31897735595703,179800,0.0,0.0
2024-01-11 00:00:00-05:00,117.56718199904707,118.26951765453747,115.54919998816594,117.47815704345703,177100,0.0,0.0
2024-01-12 00:00:00-05:00,118.81357789985702,118.81357789985702,114.56988165993262,115.41070556640625,246400,0.0,0.0
2024-01-16 00:00:00-05:00,114.31269329891455,115.02492314017384,113.33338104070613,114.73805236816406,248600,0.0,0.0
2024-01-17 00:00:00-05:00,112.73985812131376,114.33248107860203,110.25694786693172,112.9871597290039,194000,0.0,0.0
2024-01-18 00:00:00-05:00,114.10495589418021,114.97546234990861,112.88823625744469,114.55998992919922,171600,0.0,0.0
2024-01-19 00:00:00-05:00,114.97546631613622,115.25244290813325,112.82888263406701,115.06449127197266,198300,0.0,0.0
2024-01-22 00:00:00-05:00,116.42959488247249,117.07258057740287,115.7272592162411,116.41970825195312,297100,0.0,0.0
2024-01-23 00:00:00-05:00,116.71647026094095,116.88464109800657,111.89903954175047,112.02763366699219,323100,0.0,0.0
2024-01-24 00:00:00-05:00,113.78840849885795,113.85765264346352,110.01953461224059,110.98895263671875,315300,0.0,0.0
2024-01-25 00:00:00-05:00,113.33337792965615,113.66971203303882,112.0276257722063,112.89812469482422,272800,0.0,0.0
2024-01-26 00:00:00-05:00,113.64992188397477,114.02581759636493,111.8693473578196,112.68050384521484,277300,0.0,0.0
2024-01-29 00:00:00-05:00,113.38284313166064,115.06449103506371,112.58158079555197,114.99524688720703,223600,0.0,0.0
2024-01-30 00:00:00-05:00,114.99524256109554,115.90531062641708,114.34236272268281,115.62833404541016,189200,0.0,0.0
2024-01-31 00:00:00-05:00,115.72725545398295,115.72725545398295,112.10676392844437,112.2254638671875,264900,0.0,0.0
2024-02-01 00:00:00-05:00,113.39273194305528,115.25244488762692,112.24525639263848,115.01502990722656,233800,0.0,0.0
2024-02-02 00:00:00-05:00,112.92780328546577,114.68858942376829,111.21647293763891,113.9367904663086,197800,0.0,0.0
2024-02-05 00:00:00-05:00,112.57169149538412,112.57169149538412,109.90082968344191,111.41431427001953,185200,0.0,0.0
2024-02-06 00:00:00-05:00,111.41432284992517,114.25334815744074,111.2263787511816,114.24345397949219,258400,0.0,0.0
2024-02-07 00:00:00-05:00,115.12383403399808,116.5186186311359,114.45117340396162,114.86664581298828,264900,0.0,0.0
2024-02-08 00:00:00-05:00,114.87653591895584,116.7461354014906,114.87653591895584,116.17240142822266,306900,0.0,0.0
2024-02-09 00:00:00-05:00,116.17240533357726,118.0815740417325,115.41071215757832,117.61664581298828,347800,0.0,0.0
2024-02-12 00:00:00-05:00,118.13103102437009,120.57437213395814,118.13103102437009,120.1786880493164,288200,0.0,0.0
2024-02-13 00:00:00-05:00,115.5294221185778,115.99435035727294,112.80910438302199,113.61035919189453,331200,0.0,0.0
2024-02-14 00:00:00-05:00,115.7668357358655,116.65712309718506,114.52043343001812,116.35047149658203,275300,0.0,0.0
2024-02-15 00:00:00-05:00,117.72545664472798,118.90260713741156,116.78570602957514,118.46736145019531,310800,0.0,0.0
2024-02-16 00:00:00-05:00,117.30997917960609,119.45656272698695,116.33066699162222,117.34954833984375,371200,0.0,0.0
2024-02-20 00:00:00-05:00,111.56270551399287,112.67061948760723,106.83429975105686,108.87206268310547,597000,0.0,0.0
2024-02-21 00:00:00-05:00,109.58429056557269,109.71289223563996,107.19041274073001,108.92152404785156,380000,0.0,0.0
2024-02-22 00:00:00-05:00,109.30730838451628,110.44489726625302,108.26863863444231,110.14813232421875,415200,0.0,0.0
2024-02-23 00:00:00-05:00,109.97006478069817,111.25603601548808,109.25783502278652,110.66251373291016,252800,0.0,0.0
2024-02-26 00:00:00-05:00,109.57438997228087,111.17690706255522,109.13914428682232,110.20748901367188,221600,0.0,0.0
2024-02-27 00:00:00-05:00,111.25604272073832,112.46287571137329,110.47456877521165,112.26502990722656,256700,0.0,0.0
2024-02-28 00:00:00-05:00,110.88014434848907,112.48266147093136,110.83068855555914,112.10676574707031,192700,0.0,0.0
2024-02-29 00:00:00-05:00,113.54529950352357,114.00166998401647,112.14644912255075,113.723876953125,266700,0.33,0.0
2024-03-01 00:00:00-05:00,113.44609902733939,115.23187364197958,112.63258116268922,115.04337310791016,189600,0.0,0.0
2024-03-04 00:00:00-05:00,115.35091116516787,117.781549064443,114.12071517687886,114.7358169555664,222600,0.0,0.0
2024-03-05 00:00:00-05:00,114.45803088766951,115.12273288377045,112.75162585898539,113.02941131591797,364900,0.0,0.0
2024-03-06 00:00:00-05:00,114.20007736432065,114.20007736432065,112.01747098469795,112.84090423583984,371700,0.0,0.0
2024-03-07 00:00:00-05:00,113.28735991002034,115.0929729764486,113.28735991002034,114.1901626586914,248100,0.0,0.0
2024-03-08 00:00:00-05:00,115.4104485231461,117.25574639398903,114.31914520263672,114.31914520263672,252700,0.0,0.0
2024-03-11 00:00:00-04:00,113.32704557851449,113.32704557851449,110.34083670816946,112.43415832519531,327300,0.0,0.0
2024-03-12 00:00:00-04:00,112.05716251106378,113.43617438981123,111.33293717168009,112.5631332397461,257600,0.0,0.0
2024-03-13 00:00:00-04:00,112.44407767077094,115.14257809787115,112.2754232863488,114.18024444580078,261500,0.0,0.0
2024-03-14 00:00:00-04:00,113.28735944424618,113.93221530389445,111.868662928665,113.08893585205078,370000,0.0,0.0
2024-03-15 00:00:00-04:00,112.37462481185254,115.57909577621763,109.77534012015609,114.7060546875,1051200,0.0,0.0
2024-03-18 00:00:00-04:00,115.08304685535441,115.48980953343545,113.11869496656348,113.32704162597656,328700,0.0,0.0
2024-03-19 00:00:00-04:00,113.21791886357838,116.07515061539387,113.21791886357838,115.88665008544922,253200,0.0,0.0
2024-03-20 00:00:00-04:00,115.88663907179503,118.654585616315,115.37075289293134,117.88075256347656,209900,0.0,0.0
2024-03-21 00:00:00-04:00,118.98197646009092,122.27573218869851,118.6645063019993,120.75782775878906,310100,0.0,0.0
2024-03-22 00:00:00-04:00,120.22209931940856,120.42051533619845,118.08909307803084,118.18830108642578,255700,0.0,0.0
2024-03-25 00:00:00-04:00,118.20815652498743,118.67444252710504,117.315269241048,117.42440032958984,185200,0.0,0.0
2024-03-26 00:00:00-04:00,118.41649101031771,118.83316920353941,116.88866339941865,116.96803283691406,234800,0.0,0.0
2024-03-27 00:00:00-04:00,117.98988519343645,120.96617086292287,117.98988519343645,120.82727813720703,277000,0.0,0.0
2024-03-28 00:00:00-04:00,120.80743227390998,122.46423705293405,120.53956989343347,122.03763580322266,340600,0.0,0.0
2024-04-01 00:00:00-04:00,122.03764163561128,122.46424290571068,118.92246308431288,118.95222473144531,188000,0.0,0.0
2024-04-02 00:00:00-04:00,116.96803103871119,117.702179401542,115.71798890917738,117.48391723632812,347000,0.0,0.0
2024-04-03 00:00:00-04:00,117.43432154467395,120.60902342726472,117.09700521203762,120.57926177978516,352800,0.0,0.0
2024-04-04 00:00:00-04:00,122.07731847725194,122.07731847725194,117.16644265196783,117.27557373046875,309700,0.0,0.0
2024-04-05 00:00:00-04:00,117.46408683666253,119.07127640311442,117.00772389994862,117.87084197998047,182800,0.0,0.0
2024-04-08 00:00:00-04:00,118.73395648622679,118.93237250301668,117.94027728089549,118.18830108642578,164000,0.0,0.0
2024-04-09 00:00:00-04:00,118.1982272781885,119.35897690213115,116.56126860465892,118.69427490234375,158600,0.0,0.0
2024-04-10 00:00:00-04:00,114.41834454043284,115.837041020211,113.38656459431364,113.79331970214844,377400,0.0,0.0
2024-04-11 00:00:00-04:00,114.46795600397368,116.18428424857619,113.71396900585749,116.00570678710938,210900,0.0,0.0
2024-04-12 00:00:00-04:00,114.76557645298685,115.78743332833291,113.94213559590929,114.75565338134766,216200,0.0,0.0
2024-04-15 00:00:00-04:00,114.93423370209047,115.14257279721265,112.95004319339978,114.05126953125,307700,0.0,0.0
2024-04-16 00:00:00-04:00,112.60281028098119,113.94213734759855,111.38252979952071,112.92028045654297,286700,0.0,0.0
2024-04-17 00:00:00-04:00,114.38858726239677,114.46794913121633,110.69799165972707,110.75751495361328,242100,0.0,0.0
2024-04-18 00:00:00-04:00,111.80912787160615,113.1782241145873,109.46778255514577,109.77533721923828,413700,0.0,0.0
2024-04-19 00:00:00-04:00,109.25945210067141,111.1345116024747,109.25945210067141,110.90633392333984,310900,0.0,0.0
2024-04-22 00:00:00-04:00,111.52142436898495,112.86075136680702,110.41027502705049,111.69007873535156,381100,0.0,0.0
2024-04-23 00:00:00-04:00,111.69008609389158,114.06119315777997,111.69008609389158,113.11869812011719,288000,0.0,0.0
2024-04-24 00:00:00-04:00,112.82107204704225,114.14056053449754,111.6603224313497,112.78138732910156,283000,0.0,0.0
2024-04-25 00:00:00-04:00,111.13450725293794,111.95794813204466,108.7137999751411,111.66032409667969,420400,0.0,0.0
2024-04-26 00:00:00-04:00,112.04724318079866,113.48577830705207,111.70000377803945,112.74170684814453,214900,0.0,0.0
2024-04-29 00:00:00-04:00,113.088928091826,114.97391045836022,113.088928091826,114.87470245361328,304700,0.0,0.0
2024-04-30 00:00:00-04:00,112.74170742572775,114.44811252461822,111.6206424801015,111.80913543701172,412900,0.0,0.0
2024-05-01 00:00:00-04:00,110.75751557149017,115.42036032271612,110.13249827493951,112.10676574707031,277700,0.0,0.0
2024-05-02 00:00:00-04:00,114.0016702730733,114.68621085737604,111.38253181591583,114.57707977294922,293600,0.0,0.0
2024-05-03 00:00:00-04:00,117.434317950912,117.8807577876158,114.67628678652338,115.72791290283203,187900,0.0,0.0
2024-05-06 00:00:00-04:00,117.42438724600343,118.85300674112779,116.37276876714003,117.04739379882812,357700,0.0,0.0
2024-05-07 00:00:00-04:00,117.0672333047563,117.17636438200793,115.29138199294472,115.89656066894531,368900,0.0,0.0
2024-05-08 00:00:00-04:00,115.12273322843046,117.94028009328018,115.12273322843046,117.84107208251953,313000,0.0,0.0
2024-05-09 00:00:00-04:00,117.62281223271472,118.4462531195004,116.45213951688878,118.06925964355469,315600,0.0,0.0
2024-05-10 00:00:00-04:00,117.93037026487342,118.28752517606534,116.39261953229224,117.14661407470703,229700,0.0,0.0
2024-05-13 00:00:00-04:00,118.41648766842897,119.05142801230103,117.65257009999524,117.89067840576172,158800,0.0,0.0
2024-05-14 00:00:00-04:00,118.98198486317871,120.42051996289022,118.87285377902558,120.3213119506836,239400,0.0,0.0
2024-05-15 00:00:00-04:00,122.16661099947129,123.23807570815364,121.01578442165732,123.01981353759766,238600,0.0,0.0
2024-05-16 00:00:00-04:00,122.69241145700748,122.69241145700748,118.31727556486926,118.53553771972656,299300,0.0,0.0
2024-05-17 00:00:00-04:00,118.4660980269432,119.07126916890451,117.632734076859,118.97206115722656,226500,0.0,0.0
2024-05-20 00:00:00-04:00,118.9720586252893,120.26178545691327,118.27759498923699,119.21016693115234,182200,0.0,0.0
2024-05-21 00:00:00-04:00,118.69427733480259,119.86495005456361,117.51368154301102,119.52764129638672,135200,0.0,0.0
2024-05-22 00:00:00-04:00,118.684350586655,119.47802980461975,117.90059444041346,118.63475036621094,171200,0.0,0.0
2024-05-23 00:00:00-04:00,118.99190968380866,119.22008735832854,116.43230205819687,117.52360534667969,282100,0.0,0.0
2024-05-24 00:00:00-04:00,118.14861983456171,119.48795447897683,117.40454839614713,119.19032287597656,175600,0.0,0.0
2024-05-28 00:00:00-04:00,119.6268444186087,120.07328424361087,115.38067805347502,116.18427276611328,287200,0.0,0.0
2024-05-29 00:00:00-04:00,114.81519046748754,115.52949271343589,113.80324903982633,114.44811248779297,260800,0.0,0.0
2024-05-30 00:00:00-04:00,115.54934361815785,117.38471845407129,115.38068922962826,117.0771713256836,191800,0.0,0.0
2024-05-31 00:00:00-04:00,117.1862876434139,118.6843459443241,116.12474608313262,118.53553771972656,226500,0.0,0.0
2024-06-03 00:00:00-04:00,119.38115664657371,119.38115664657371,115.21276216484834,115.9091567993164,160200,0.33,0.0
2024-06-04 00:00:00-04:00,115.00384282185898,115.88925243491873,114.07863858022866,114.14827728271484,247200,0.0,0.0
2024-06-05 00:00:00-04:00,114.49647528455691,115.42167956246453,113.69065489704207,115.03369140625,149800,0.0,0.0
2024-06-06 00:00:00-04:00,114.5163732663264,114.90436141194199,113.70060234605138,114.59596252441406,215300,0.0,0.0
2024-06-07 00:00:00-04:00,113.41210032666949,114.15823256566073,112.55653475208888,113.213134765625,236100,0.0,0.0
2024-06-10 00:00:00-04:00,111.720869337006,114.66560363769531,111.65123063222802,114.66560363769531,206400,0.0,0.0
2024-06-11 00:00:00-04:00,113.461843716379,113.82993075749113,112.29787167353523,113.76029205322266,199000,0.0,0.0
2024-06-12 00:00:00-04:00,117.81924748345543,120.9331030949788,116.5856443861494,116.933837890625,261300,0.0,0.0
2024-06-13 00:00:00-04:00,116.58565215918719,116.58565215918719,113.98911135404595,115.89920806884766,180400,0.0,0.0
2024-06-14 00:00:00-04:00,113.91947144874312,114.15823163806638,112.60627902239088,113.87967681884766,236600,0.0,0.0
2024-06-17 00:00:00-04:00,113.34246217235666,114.73524387658846,112.48689659361641,114.61585998535156,255300,0.0,0.0
2024-06-18 00:00:00-04:00,114.54621799425807,115.6803383633062,113.90951910602224,114.42683410644531,218500,0.0,0.0
2024-06-20 00:00:00-04:00,114.01895320353209,114.98395209718649,113.52153171938443,114.79492950439453,273300,0.0,0.0
2024-06-21 00:00:00-04:00,114.99389811570384,115.83952073325004,113.40215084217226,115.48137664794922,733400,0.0,0.0
2024-06-24 00:00:00-04:00,115.92904654255074,116.80451318707084,115.12322619025318,115.39183044433594,217000,0.0,0.0
2024-06-25 00:00:00-04:00,115.0237469992537,115.0237469992537,109.48247195632156,110.07937622070312,390700,0.0,0.0
2024-06-26 00:00:00-04:00,109.27355434369576,110.66633609824697,108.28866187306988,108.80598449707031,599400,0.0,0.0
2024-06-27 00:00:00-04:00,109.42277588970255,110.02963070719017,108.2289673645086,108.71643829345703,373400,0.0,0.0
2024-06-28 00:00:00-04:00,109.57200808839843,111.90988763480345,109.07458658533142,111.42241668701172,1753300,0.0,0.0
2024-07-01 00:00:00-04:00,111.59153371437488,112.45704982752113,109.71128111516879,109.7510757446289,437200,0.0,0.0
2024-07-02 00:00:00-04:00,109.75107779705462,110.66633152160482,108.7562348120958,109.24370574951172,246900,0.0,0.0
2024-07-03 00:00:00-04:00,109.91025345209971,110.72602437489375,108.75623197641332,108.84577178955078,92800,0.0,0.0
2024-07-05 00:00:00-04:00,108.53736792207333,108.74628403768733,106.93567011231634,107.0948486328125,199700,0.0,0.0
2024-07-08 00:00:00-04:00,107.88077195164715,108.55726546140484,107.43308807001449,108.18917083740234,217900,0.0,0.0
2024-07-09 00:00:00-04:00,107.88077468704675,108.75623377302843,107.40324671920703,107.51268005371094,313800,0.0,0.0
2024-07-10 00:00:00-04:00,108.01010008408281,109.58195378570336,107.80118397286228,109.42277526855469,191700,0.0,0.0
2024-07-11 00:00:00-04:00,112.0292682167161,116.3070960526729,112.0292682167161,115.98873901367188,353100,0.0,0.0
2024-07-12 00:00:00-04:00,117.29198550334216,119.13244344566193,116.91394032412934,117.16265106201172,275200,0.0,0.0
2024-07-15 00:00:00-04:00,118.63502326453155,119.79898770891133,116.74482011798825,117.0731201171875,343900,0.0,0.0
2024-07-16 00:00:00-04:00,119.11255345543759,125.23083171658314,119.01306308529735,125.04181671142578,283900,0.0,0.0
2024-07-17 00:00:00-04:00,124.02706726767111,126.44453591078506,123.12176414085233,124.03701782226562,334800,0.0,0.0
2024-07-18 00:00:00-04:00,123.63907761762766,127.40954080767983,120.90325957137647,120.94305419921875,334800,0.0,0.0
2024-07-19 00:00:00-04:00,121.34100118398128,122.3258936227575,119.66966465057783,120.23672485351562,215600,0.0,0.0
2024-07-22 00:00:00-04:00,120.57496431983778,123.03222765775203,119.1821902409021,122.65419006347656,209600,0.0,0.0
2024-07-23 00:00:00-04:00,121.69914318080318,124.02707210343002,120.40584427486634,122.06723022460938,242800,0.0,0.0
2024-07-24 00:00:00-04:00,121.30119887138909,123.43016213636645,118.44599692721422,118.66486358642578,257700,0.0,0.0
2024-07-25 00:00:00-04:00,119.82883136163971,127.03149984880038,118.99316691940031,124.3951644897461,378000,0.0,0.0
2024-07-26 00:00:00-04:00,126.70319854755763,129.86679183782448,126.26546522133484,128.16561889648438,290200,0.0,0.0
2024-07-29 00:00:00-04:00,128.37453186547182,129.18036743310066,126.34505885910467,126.40474700927734,279300,0.0,0.0
2024-07-30 00:00:00-04:00,126.39480251608902,135.43792148029405,118.76435115920485,134.6420440673828,480000,0.0,0.0
2024-07-31 00:00:00-04:00,135.2588651695525,136.2238489438988,130.45377150836867,131.2496337890625,483100,0.0,0.0
2024-08-01 00:00:00-04:00,131.06061760103833,132.50313686346618,124.97217592620697,125.54917907714844,449600,0.0,0.0
2024-08-02 00:00:00-04:00,120.56501768979352,121.68918747363048,118.12764794565427,121.35094451904297,261200,0.0,0.0
2024-08-05 00:00:00-04:00,115.63060259265372,118.26693041049218,112.83508866517188,116.52595520019531,286600,0.0,0.0
2024-08-06 00:00:00-04:00,116.26730079016126,120.20687804576812,114.93420726177159,118.80414581298828,215300,0.0,0.0
2024-08-07 00:00:00-04:00,120.19692516527674,120.60481441884839,115.76987706459305,116.3767318725586,230100,0.0,0.0
2024-08-08 00:00:00-04:00,117.70982401814025,118.28683478250584,116.37673803500229,117.50090789794922,238800,0.0,0.0
2024-08-09 00:00:00-04:00,117.66007352763107,118.83398852391385,116.42647038257017,117.0333251953125,190900,0.0,0.0
2024-08-12 00:00:00-04:00,117.19250536886778,117.68992685584932,114.57606348971323,115.41173553466797,167200,0.0,0.0
2024-08-13 00:00:00-04:00,116.23744736730451,118.43605697990358,115.30230014964478,118.02816772460938,151000,0.0,0.0
2024-08-14 00:00:00-04:00,118.51563623812574,118.51563623812574,116.23744500378633,117.17259979248047,147500,0.0,0.0
2024-08-15 00:00:00-04:00,120.7440925459883,121.42058606103649,118.77430014950842,120.42574310302734,189500,0.0,0.0
2024-08-16 00:00:00-04:00,119.44084622333729,121.3907375610589,117.79936137187163,118.21719360351562,208200,0.0,0.0
2024-08-19 00:00:00-04:00,118.20724311255408,119.57018073371235,117.12286790269248,118.75440979003906,168800,0.0,0.0
2024-08-20 00:00:00-04:00,118.96332050121349,119.56022474677414,117.32182813338474,117.7496109008789,250200,0.0,0.0
2024-08-21 00:00:00-04:00,119.16228713568519,120.31630859896322,117.89883993093707,120.26656341552734,127500,0.0,0.0
2024-08-22 00:00:00-04:00,119.83878909948992,120.19693319335924,117.87894713860773,118.52559661865234,422200,0.0,0.0
2024-08-23 00:00:00-04:00,119.27171791609626,124.86273789850101,119.27171791609626,124.37525939941406,394300,0.0,0.0
2024-08-26 00:00:00-04:00,125.7083533684617,126.34505223709826,123.49980084723211,123.91763305664062,226700,0.0,0.0
2024-08-27 00:00:00-04:00,122.29604990195307,122.29604990195307,119.9780638977644,120.81373596191406,154600,0.0,0.0
2024-08-28 00:00:00-04:00,120.63466469723282,121.0823410126677,119.59007650781838,120.3958969116211,187300,0.0,0.0
2024-08-29 00:00:00-04:00,121.70909049771218,121.75883568435373,119.40105501247184,120.01786041259766,185100,0.0,0.0
2024-08-30 00:00:00-04:00,121.24487590272267,121.50424669838044,119.45922149072615,121.37455749511719,194500,0.33,0.0
2024-09-03 00:00:00-04:00,120.76603232651533,121.70375219695335,116.07744819606201,116.25701141357422,228000,0.0,0.0
2024-09-04 00:00:00-04:00,115.86796171525867,116.62611838566255,114.541189444769,115.1297607421875,218800,0.0,0.0
2024-09-05 00:00:00-04:00,115.3991013282228,115.3991013282228,112.66575684096395,113.54361724853516,448600,0.0,0.0
2024-09-06 00:00:00-04:00,113.99252583704394,116.20713644300851,112.15699738470465,112.75553894042969,213800,0.0,0.0
2024-09-09 00:00:00-04:00,112.69568691778753,113.50371763639502,111.40881838871748,112.53607177734375,262900,0.0,0.0
2024-09-10 00:00:00-04:00,112.7954393877762,114.05238194521178,111.53849683034062,113.93267059326172,178700,0.0,0.0
2024-09-11 00:00:00-04:00,113.2144171734498,113.55359553028664,110.15187216759472,113.16454315185547,244000,0.0,0.0
2024-09-12 00:00:00-04:00,113.94264854412165,117.61371295432673,113.55359616352091,117.04509735107422,316500,0.0,0.0
2024-09-13 00:00:00-04:00,119.06019211555542,121.78356646250276,118.7609251438168,121.65387725830078,237900,0.0,0.0
2024-09-16 00:00:00-04:00,122.75121058278486,123.98819745903673,121.59402366467893,123.1701889038086,230900,0.0,0.0
2024-09-17 00:00:00-04:00,124.57676148478447,126.95098719858781,123.55924161520355,125.68406677246094,263300,0.0,0.0
2024-09-18 00:00:00-04:00,125.92348505473683,132.76682024162204,125.02566895967746,128.2178955078125,378700,0.0,0.0
2024-09-19 00:00:00-04:00,131.75927649883275,132.6171887992385,129.99357026695668,132.51742553710938,373800,0.0,0.0
2024-09-20 00:00:00-04:00,132.95636510004815,132.95636510004815,129.87387196513515,130.48239135742188,1075500,0.0,0.0
2024-09-23 00:00:00-04:00,131.6695002323617,132.26803414691048,129.71425291266723,130.7816619873047,208400,0.0,0.0
2024-09-24 00:00:00-04:00,131.28044373446357,131.82909600012292,130.18310875967217,131.78919982910156,215400,0.0,0.0
2024-09-25 00:00:00-04:00,131.73932504967743,132.17825906241927,128.4174092405946,128.72665405273438,263700,0.0,0.0
2024-09-26 00:00:00-04:00,130.31280025614038,131.97874322240696,128.6468572898738,129.29527282714844,228500,0.0,0.0
2024-09-27 00:00:00-04:00,131.38019671594304,133.66464455257636,130.13323202573528,130.9512481689453,331300,0.0,0.0
2024-09-30 00:00:00-04:00,130.10331294832,132.46755325461112,129.68433461693533,130.8914031982422,312500,0.0,0.0
2024-10-01 00:00:00-04:00,130.66195122849035,131.0809295614943,128.1081698339495,130.62205505371094,180700,0.0,0.0
2024-10-02 00:00:00-04:00,129.7541635000935,131.00112817482307,129.0758068017375,129.684326171875,193900,0.0,0.0
2024-10-03 00:00:00-04:00,131.41012353468605,131.6295905393778,127.848800270801,129.26535034179688,222300,0.0,0.0
2024-10-04 00:00:00-04:00,131.38019277539644,131.38019277539644,128.19793654595517,129.39503479003906,204600,0.0,0.0
2024-10-07 00:00:00-04:00,128.35755638800256,129.78409191849892,126.06314590910823,129.26535034179688,154700,0.0,0.0
2024-10-08 00:00:00-04:00,131.0410346257966,134.75200300662158,130.38263357267715,134.6721954345703,319500,0.0,0.0
2024-10-09 00:00:00-04:00,135.43033622149062,136.75710848462492,134.49263155637053,136.68728637695312,216900,0.0,0.0
2024-10-10 00:00:00-04:00,134.5424969047,135.53009841594735,133.04613928133315,134.22328186035156,261400,0.0,0.0
2024-10-11 00:00:00-04:00,134.14348001990456,136.98656571435677,134.14348001990456,136.55760192871094,180000,0.0,0.0
2024-10-14 00:00:00-04:00,137.0364214201596,138.66246818421064,136.9865550118709,138.0639190673828,167100,0.0,0.0
2024-10-15 00:00:00-04:00,137.67487372921667,139.0914238080994,135.08119627473985,135.22085571289062,315700,0.0,0.0
2024-10-16 00:00:00-04:00,136.6174482373574,139.20115541889493,136.32815912716922,136.5177001953125,224100,0.0,0.0
2024-10-17 00:00:00-04:00,137.3357075087117,137.3357075087117,134.18337697600305,134.65223693847656,163900,0.0,0.0
2024-10-18 00:00:00-04:00,135.23083181989475,135.5899582795457,133.4950666163632,133.62474060058594,228500,0.0,0.0
2024-10-21 00:00:00-04:00,133.66464866183054,134.05370104826653,131.210615378493,131.79917907714844,239200,0.0,0.0
2024-10-22 00:00:00-04:00,130.98116899515068,131.5098807854386,129.48481142526336,129.71424865722656,200500,0.0,0.0
2024-10-23 00:00:00-04:00,129.43493323692908,130.27288984513055,128.50719882536393,129.684326171875,315200,0.0,0.0
2024-10-24 00:00:00-04:00,129.6843246822145,131.20063797135433,128.73663458465333,130.4923553466797,195800,0.0,0.0
2024-10-25 00:00:00-04:00,131.76924827927593,132.32788602157225,129.38505241514474,129.85391235351562,150700,0.0,0.0
2024-10-28 00:00:00-04:00,130.7517329377185,131.97874189396202,130.52228048195778,131.25051879882812,310600,0.0,0.0
2024-10-29 00:00:00-04:00,121.42443936870464,123.48941266739591,117.32441870725161,122.7412338256836,599700,0.0,0.0
2024-10-30 00:00:00-04:00,122.56167154664234,126.59186251845712,121.54414405196157,122.09281158447266,384300,0.0,0.0
2024-10-31 00:00:00-04:00,121.18501827954628,123.5891622144132,120.57649890949995,122.04292297363281,269300,0.0,0.0
2024-11-01 00:00:00-04:00,122.561668551441,123.94829270604355,122.0329567298705,122.78113555908203,234500,0.0,0.0
2024-11-04 00:00:00-05:00,121.92322576929254,125.44465298116394,121.92322576929254,123.50936126708984,207300,0.0,0.0
2024-11-05 00:00:00-05:00,123.23003570911231,125.89355042581073,121.71373001451373,125.75389099121094,317900,0.0,0.0
2024-11-06 00:00:00-05:00,132.32789175893785,137.07634321780978,130.3527038782553,136.11866760253906,522000,0.0,0.0
2024-11-07 00:00:00-05:00,136.1186703732603,136.3281671508374,132.73690254764327,132.91647338867188,405000,0.0,0.0
2024-11-08 00:00:00-05:00,133.15587962952736,135.41040163990704,132.4575824137301,134.16343688964844,219200,0.0,0.0
2024-11-11 00:00:00-05:00,136.94664659012466,137.5751216542546,134.8716955543062,137.3756103515625,179900,0.0,0.0
2024-11-12 00:00:00-05:00,136.54763278719406,137.51527865045287,132.70697527040494,133.01622009277344,301500,0.0,0.0
2024-11-13 00:00:00-05:00,134.203321871191,135.02133798557009,130.88140622694988,131.30038452148438,261000,0.0,0.0
2024-11-14 00:00:00-05:00,131.83909116219988,132.29796566053093,130.6719339967873,131.7493133544922,229100,0.0,0.0
2024-11-15 00:00:00-05:00,132.67704581545357,132.67704581545357,128.62690685235452,128.89625549316406,194400,0.0,0.0
2024-11-18 00:00:00-05:00,128.62690685235452,129.83396017357038,128.00841722402038,128.89625549316406,150200,0.0,0.0
2024-11-19 00:00:00-05:00,127.63930733653511,128.44733805000993,125.31497085281993,127.81887817382812,215400,0.0,0.0
2024-11-20 00:00:00-05:00,127.19039653632737,128.4672871426394,126.55195123317135,128.31765747070312,182600,0.0,0.0
2024-11-21 00:00:00-05:00,129.1057289941922,131.230561609301,128.73663233212588,130.20306396484375,160300,0.0,0.0
2024-11-22 00:00:00-05:00,131.1707219307876,132.946398523397,129.7342160981738,132.74688720703125,220100,0.0,0.0
2024-11-25 00:00:00-05:00,134.90162848536804,140.9868224743771,134.64226530059,138.68243408203125,368200,0.0,0.0
2024-11-26 00:00:00-05:00,137.26588225252016,137.8045643131568,134.25321123160558,137.196044921875,300900,0.0,0.0
2024-11-27 00:00:00-05:00,138.36319831876816,139.6999408070551,134.57242263433542,134.93154907226562,220500,0.0,0.0
2024-11-29 00:00:00-05:00,136.4977416899552,137.01648325182177,133.84419723401604,135.5699920654297,169500,0.0,0.0
2024-12-02 00:00:00-05:00,135.8800048828125,136.16000366210938,133.99000549316406,134.9600067138672,212400,0.33,0.0
2024-12-03 00:00:00-05:00,135.2100067138672,135.5,132.44000244140625,134.32000732421875,182800,0.0,0.0
2024-12-04 00:00:00-05:00,134.2899932861328,134.2899932861328,130.0399932861328,131.66000366210938,223900,0.0,0.0
2024-12-05 00:00:00-05:00,131.24000549316406,132.75999450683594,130.22999572753906,132.0800018310547,254200,0.0,0.0
2024-12-06 00:00:00-05:00,133.72999572753906,133.72999572753906,131.36000061035156,133.0399932861328,151100,0.0,0.0
2024-12-09 00:00:00-05:00,133.6300048828125,135.0,132.77999877929688,133.5399932861328,210600,0.0,0.0
2024-12-10 00:00:00-05:00,132.41000366210938,132.64999389648438,129.07000732421875,130.52999877929688,210400,0.0,0.0
2024-12-11 00:00:00-05:00,132.47999572753906,132.77999877929688,130.5,132.19000244140625,210000,0.0,0.0
2024-12-12 00:00:00-05:00,130.89999389648438,131.19000244140625,127.9000015258789,128.13999938964844,249800,0.0,0.0
2024-12-13 00:00:00-05:00,127.12999725341797,127.76000213623047,126.2300033569336,126.86000061035156,218900,0.0,0.0
2024-12-16 00:00:00-05:00,126.45999908447266,126.45999908447266,124.18000030517578,124.63999938964844,254900,0.0,0.0
2024-12-17 00:00:00-05:00,124.12000274658203,124.6500015258789,121.61000061035156,122.04000091552734,316300,0.0,0.0
2024-12-18 00:00:00-05:00,122.33999633789062,122.80000305175781,114.77999877929688,115.61000061035156,449300,0.0,0.0
2024-12-19 00:00:00-05:00,116.18000030517578,117.81999969482422,113.01000213623047,113.62000274658203,415500,0.0,0.0
2024-12-20 00:00:00-05:00,112.43000030517578,115.2300033569336,111.87999725341797,113.51000213623047,1751900,0.0,0.0
2024-12-23 00:00:00-05:00,113.26000213623047,114.05999755859375,112.48999786376953,112.97000122070312,252800,0.0,0.0
2024-12-24 00:00:00-05:00,112.72000122070312,113.66999816894531,112.06999969482422,113.66000366210938,109600,0.0,0.0
2024-12-26 00:00:00-05:00,113.0,114.23999786376953,112.4000015258789,113.95999908447266,237400,0.0,0.0
2024-12-27 00:00:00-05:00,112.66999816894531,113.7300033569336,111.52999877929688,112.20999908447266,246700,0.0,0.0
2024-12-30 00:00:00-05:00,113.12000274658203,113.62000274658203,110.93000030517578,112.19000244140625,215600,0.0,0.0
2024-12-31 00:00:00-05:00,113.0999984741211,113.4000015258789,112.0,112.6500015258789,364500,0.0,0.0
2025-01-02 00:00:00-05:00,113.38999938964844,113.94999694824219,110.86000061035156,111.16000366210938,234900,0.0,0.0
2025-01-03 00:00:00-05:00,110.80000305175781,111.69000244140625,110.0999984741211,111.44000244140625,264500,0.0,0.0
2025-01-06 00:00:00-05:00,111.44000244140625,113.58000183105469,110.72000122070312,112.11000061035156,333500,0.0,0.0
2025-01-07 00:00:00-05:00,112.48999786376953,112.7699966430664,109.29000091552734,109.47000122070312,249000,0.0,0.0
2025-01-08 00:00:00-05:00,108.73999786376953,110.08000183105469,107.97000122070312,109.93000030517578,415700,0.0,0.0
2025-01-10 00:00:00-05:00,108.19999694824219,109.41000366210938,107.25,109.08000183105469,513000,0.0,0.0
2025-01-13 00:00:00-05:00,108.98999786376953,113.30999755859375,108.19999694824219,113.08999633789062,333900,0.0,0.0
2025-01-14 00:00:00-05:00,113.94999694824219,115.22000122070312,113.43000030517578,114.58999633789062,291900,0.0,0.0
2025-01-15 00:00:00-05:00,119.69999694824219,120.0,117.14849853515625,117.56999969482422,250152,0.0,0.0
