Date,Open,High,Low,Close,Volume,Dividends,Stock Splits
2022-01-03 00:00:00-05:00,79.17827076155774,80.0604790276961,77.57007707605003,78.62688446044922,2170200,0.0,0.0
2022-01-04 00:00:00-05:00,78.83825258037301,81.49406910219086,78.7739251114115,80.9978256225586,2885300,0.0,0.0
2022-01-05 00:00:00-05:00,81.48489790500034,82.31197057856528,79.78480836060967,79.93184661865234,1770100,0.0,0.0
2022-01-06 00:00:00-05:00,80.57510311446697,81.09891451987095,79.89506885385809,80.5291519165039,1297300,0.0,0.0
2022-01-07 00:00:00-05:00,80.51077760207137,82.18329888554362,79.7572242108623,80.71295166015625,2817400,0.0,0.0
2022-01-10 00:00:00-05:00,80.33618584773026,80.5107920221074,79.64695980508776,80.44646453857422,2519700,0.0,0.0
2022-01-11 00:00:00-05:00,80.40969397052488,80.48321308769276,77.89172380246089,79.33450317382812,1843200,0.0,0.0
2022-01-12 00:00:00-05:00,79.06801329870736,80.11563633383187,78.97611789427309,79.31613159179688,1888100,0.0,0.0
2022-01-13 00:00:00-05:00,79.51827889900244,81.12647247390572,78.920948454662,80.6026611328125,2236600,0.0,0.0
2022-01-14 00:00:00-05:00,80.49239638212181,81.03459109826883,79.36206977190638,80.41888427734375,1807100,0.0,0.0
2022-01-18 00:00:00-05:00,80.27183869342872,80.48320437962492,79.04042516436256,80.11561584472656,2078800,0.0,0.0
2022-01-19 00:00:00-05:00,80.64862868636432,80.74052407848244,78.53499961180277,78.59932708740234,2459300,0.0,0.0
2022-01-20 00:00:00-05:00,79.1966462876461,80.90592697819133,78.84744104324311,79.01285552978516,2109500,0.0,0.0
2022-01-21 00:00:00-05:00,79.62857130883711,81.16324604559142,79.28855065595953,80.41888427734375,3205500,0.0,0.0
2022-01-24 00:00:00-05:00,79.65614380672965,79.81236667872679,76.52245966812633,79.04962158203125,3765500,0.0,0.0
2022-01-25 00:00:00-05:00,78.09389892516823,78.99448358356233,76.60516833264644,78.59932708740234,3023700,0.0,0.0
2022-01-26 00:00:00-05:00,79.04043995134388,80.73133771257616,76.41219090020152,77.05546569824219,2667200,0.0,0.0
2022-01-27 00:00:00-05:00,77.66198760318353,79.24261368415767,76.37543100161136,76.66030883789062,2660300,0.0,0.0
2022-01-28 00:00:00-05:00,76.66028953402217,77.29437953759971,74.12394354204731,77.24842834472656,3123300,0.0,0.0
2022-01-31 00:00:00-05:00,76.6327297927985,79.61018371582031,76.6327297927985,79.61018371582031,4174000,0.0,0.0
2022-02-01 00:00:00-05:00,79.03124897490717,79.36207801988174,77.26683207582249,77.79983520507812,2082000,0.0,0.0
2022-02-02 00:00:00-05:00,78.24092015103832,79.21502380310287,77.82738743377232,77.97441864013672,1945800,0.0,0.0
2022-02-03 00:00:00-05:00,77.6252137505917,77.69873285969925,75.97106885151277,76.05377960205078,1624200,0.0,0.0
2022-02-04 00:00:00-05:00,75.09805173228548,75.52996773154344,72.52493901948007,73.91258239746094,2114900,0.0,0.0
2022-02-07 00:00:00-05:00,73.97692772148373,74.59263462977682,73.79313691670572,74.18829345703125,1770300,0.0,0.0
2022-02-08 00:00:00-05:00,74.42722308799334,74.70291631739452,73.16824130128077,73.50825500488281,1844300,0.0,0.0
2022-02-09 00:00:00-05:00,74.49153615568956,75.26347284190416,73.94015681477553,75.17157745361328,2129500,0.0,0.0
2022-02-10 00:00:00-05:00,74.39963623097329,75.55753768410923,73.62770660299483,74.14232635498047,2113100,0.0,0.0
2022-02-11 00:00:00-05:00,74.14234177599096,74.78561659976899,72.8282171978418,73.6185302734375,2597000,0.0,0.0
2022-02-14 00:00:00-05:00,73.94015015498198,74.73965468455556,72.71792126841017,73.21416473388672,2205000,0.0,0.0
2022-02-15 00:00:00-05:00,73.7563701252029,74.7304739151673,73.36121362360373,74.58344268798828,2775700,0.0,0.0
2022-02-16 00:00:00-05:00,77.62522723798052,77.62522723798052,75.86999501169903,77.09222412109375,4564500,0.0,0.0
2022-02-17 00:00:00-05:00,76.45812779508921,77.0830262583208,74.81318139552825,75.48402404785156,3394100,0.0,0.0
2022-02-18 00:00:00-05:00,74.98778173291883,77.4598077097473,74.85912678353145,76.14568328857422,3612300,0.0,0.0
2022-02-22 00:00:00-05:00,76.035405277422,76.65111912477877,75.32780304960704,76.23757934570312,3631800,0.0,0.0
2022-02-23 00:00:00-05:00,76.36623791835859,77.18411886162062,74.2066645624289,74.33531951904297,2212400,0.0,0.0
2022-02-24 00:00:00-05:00,72.92929027651202,75.64943431367774,72.55251008676353,75.37374114990234,2335400,0.0,0.0
2022-02-25 00:00:00-05:00,75.97108064618965,77.58846624181747,75.20833554590939,77.47818756103516,2241500,0.0,0.0
2022-02-28 00:00:00-05:00,76.46921821358711,78.06136380978387,76.2840879610246,77.09867095947266,4314300,0.61,0.0
2022-03-01 00:00:00-05:00,77.19122780558236,77.49669904558291,75.04368461979493,76.21927642822266,2044900,0.0,0.0
2022-03-02 00:00:00-05:00,76.78393920779398,78.87594491029066,76.73766017690015,78.07987213134766,2146800,0.0,0.0
2022-03-03 00:00:00-05:00,78.34830908672532,79.10735433724982,77.32082005632117,79.0240478515625,1840600,0.0,0.0
2022-03-04 00:00:00-05:00,78.20021270021283,80.75504400832824,78.20021270021283,80.60694122314453,2521700,0.0,0.0
2022-03-07 00:00:00-05:00,80.523612809056,81.87508313744667,80.35699279255496,80.45881652832031,2089400,0.0,0.0
2022-03-08 00:00:00-05:00,80.51437600538368,82.81928077106234,79.82012698637368,81.76402282714844,2682700,0.0,0.0
2022-03-09 00:00:00-05:00,82.8470540231775,83.40245185557231,81.99544354268771,82.16206359863281,1768600,0.0,0.0
2022-03-10 00:00:00-05:00,81.55111770597883,83.71717834472656,80.81984121601468,83.71717834472656,2155200,0.0,0.0
2022-03-11 00:00:00-05:00,84.92979175290967,85.8739672568257,84.1152088267416,84.429931640625,2790200,0.0,0.0
2022-03-14 00:00:00-04:00,84.96682424338694,85.93876863404454,84.17075146879145,84.20777893066406,2450900,0.0,0.0
2022-03-15 00:00:00-04:00,84.55025284105318,85.15193661118197,82.81000487203683,83.4949951171875,1306900,0.0,0.0
2022-03-16 00:00:00-04:00,84.03189834201874,84.95756368099187,82.12503000365922,83.96710205078125,2142900,0.0,0.0
2022-03-17 00:00:00-04:00,83.79121722339266,85.60552736934353,83.48575305128496,85.17046356201172,1938700,0.0,0.0
2022-03-18 00:00:00-04:00,84.83723012692215,85.90174668418322,84.55026906815473,85.31857299804688,3593700,0.0,0.0
2022-03-21 00:00:00-04:00,85.73512572463223,86.29978214300534,85.14270047621879,85.80917358398438,1602800,0.0,0.0
2022-03-22 00:00:00-04:00,86.36459073835478,87.57721023798578,85.55000060903085,85.73513793945312,2588100,0.0,0.0
2022-03-23 00:00:00-04:00,85.90174319471704,86.43862370470633,84.54101406536203,85.92951202392578,1759200,0.0,0.0
2022-03-24 00:00:00-04:00,85.90175118611013,87.73456470705106,85.37412219526149,87.62348937988281,2256900,0.0,0.0
2022-03-25 00:00:00-04:00,87.93820729687907,89.16008526314506,87.91043846664263,89.06752014160156,1488700,0.0,0.0
2022-03-28 00:00:00-04:00,89.35447212201964,89.42852704249086,88.53988918363413,89.10454559326172,1653200,0.0,0.0
2022-03-29 00:00:00-04:00,89.7062407875342,91.1502766076865,89.41002106825495,91.00216674804688,2635600,0.0,0.0
2022-03-30 00:00:00-04:00,90.52081314565666,90.94661834846765,89.6321752794947,90.58560943603516,1839200,0.0,0.0
2022-03-31 00:00:00-04:00,90.58561482488639,90.86331726432363,88.95644177553852,88.99346923828125,2689000,0.0,0.0
2022-04-01 00:00:00-04:00,89.78953111669081,90.5763451830953,89.4377808567936,90.54857635498047,1969800,0.0,0.0
2022-04-04 00:00:00-04:00,91.77971676815075,92.03890192461883,89.47481212697008,90.40972900390625,2186400,0.0,0.0
2022-04-05 00:00:00-04:00,89.94690031808724,90.95587922144439,88.06780078852063,88.57691955566406,1930300,0.0,0.0
2022-04-06 00:00:00-04:00,88.40103430727989,90.05797600721282,87.5494239439755,89.8450698852539,1997500,0.0,0.0
2022-04-07 00:00:00-04:00,89.55811413317394,89.83581653678765,88.2621813534191,89.13230895996094,1973000,0.0,0.0
2022-04-08 00:00:00-04:00,89.61363529019499,89.90059627103415,89.09526509863655,89.77100372314453,1275700,0.0,0.0
2022-04-11 00:00:00-04:00,89.91912666619304,90.3912179465706,88.97495116770365,89.20636749267578,1448200,0.0,0.0
2022-04-12 00:00:00-04:00,89.19711005785723,90.17831302896629,88.08631450800796,89.38224029541016,2048500,0.0,0.0
2022-04-13 00:00:00-04:00,89.78953319522739,90.25236584056361,88.81758181511503,89.69696807861328,1647900,0.0,0.0
2022-04-14 00:00:00-04:00,90.15981148080722,91.10398708254465,88.73428591562204,88.89164733886719,1697800,0.0,0.0
2022-04-18 00:00:00-04:00,88.71575240527801,89.44702878570249,88.46582590014661,89.31743621826172,2233400,0.0,0.0
2022-04-19 00:00:00-04:00,89.91913181565786,90.49304687687126,88.85461524737042,89.58589172363281,1575900,0.0,0.0
2022-04-20 00:00:00-04:00,89.44703719701906,90.854052436209,89.22487949798177,90.26162719726562,2441800,0.0,0.0
2022-04-21 00:00:00-04:00,90.64115350669552,90.96513498150298,89.90987699940639,90.06724548339844,2477900,0.0,0.0
2022-04-22 00:00:00-04:00,89.20637697290344,89.6414337777826,87.68828628473544,87.88267517089844,1917600,0.0,0.0
2022-04-25 00:00:00-04:00,87.79935197319055,88.6231935222127,86.91997276629547,88.45657348632812,2366900,0.0,0.0
2022-04-26 00:00:00-04:00,88.20663998152355,89.2248703147674,87.72529011050742,88.17887115478516,1957400,0.0,0.0
2022-04-27 00:00:00-04:00,88.38252393501436,88.51211650907653,85.9387611014825,86.30902862548828,1910900,0.0,0.0
2022-04-28 00:00:00-04:00,86.28125893324363,87.6142191814127,85.74437138192383,87.41983032226562,1484000,0.0,0.0
2022-04-29 00:00:00-04:00,87.19767451546346,87.58645933589577,83.85602198446587,84.0596694946289,2480300,0.0,0.0
2022-05-02 00:00:00-04:00,84.58728493107914,85.4666711240064,82.00467812988605,83.42095184326172,2449200,0.0,0.0
2022-05-03 00:00:00-04:00,83.74493802109997,85.44815872626825,81.9121176809801,83.9485855102539,4185600,0.0,0.0
2022-05-04 00:00:00-04:00,83.53203711564346,84.02263860890045,81.37524227145329,83.5135269165039,2895900,0.0,0.0
2022-05-05 00:00:00-04:00,83.34691604849557,84.35588797590113,82.5693534160007,83.28211975097656,2418700,0.0,0.0
2022-05-06 00:00:00-04:00,82.21759154309156,82.49529395759114,80.73652847771392,81.85658264160156,2646700,0.0,0.0
2022-05-09 00:00:00-04:00,81.2456385548472,82.28238621133043,80.2736942477682,80.58841705322266,2632400,0.0,0.0
2022-05-10 00:00:00-04:00,81.27342710156809,81.63443605216645,78.70007128897795,79.4220962524414,3375000,0.0,0.0
2022-05-11 00:00:00-04:00,79.09811021765707,82.24537417364138,78.5334537257481,80.52363586425781,3329300,0.0,0.0
2022-05-12 00:00:00-04:00,80.66247888480514,80.69024771563545,79.19067435266906,80.60694122314453,2111600,0.0,0.0
2022-05-13 00:00:00-04:00,81.12530947618049,81.87509613836103,80.45882930434622,81.8010482788086,2224900,0.0,0.0
2022-05-16 00:00:00-04:00,82.17131403095377,82.578609064799,81.74550879660033,82.24536895751953,1790800,0.0,0.0
2022-05-17 00:00:00-04:00,82.88408057370556,83.03218336498787,81.55112014083213,82.99516296386719,2502700,0.0,0.0
2022-05-18 00:00:00-04:00,83.66162665932933,83.94858770257001,81.31043596706398,81.66219329833984,2048600,0.0,0.0
2022-05-19 00:00:00-04:00,81.10680100618069,82.3194203621826,80.59768223565597,81.01422882080078,2132100,0.0,0.0
2022-05-20 00:00:00-04:00,82.22684386337153,82.4952876268497,80.48658871561854,81.56036376953125,2464100,0.0,0.0
2022-05-23 00:00:00-04:00,82.25946365468965,82.95855258093347,81.15956345960603,81.75611877441406,2151900,0.61,0.0
2022-05-24 00:00:00-04:00,81.60699191632519,82.42725378089203,79.86392745368194,82.41793060302734,2258100,0.0,0.0
2022-05-25 00:00:00-04:00,82.13828854262168,83.19157993572954,82.13828854262168,82.91194152832031,2051000,0.0,0.0
2022-05-26 00:00:00-04:00,83.62966922214878,84.05844285961571,82.32470195814098,82.56705474853516,1960400,0.0,0.0
2022-05-27 00:00:00-04:00,82.90262386836457,84.21690729030459,82.87466145046159,84.04912567138672,2133900,0.0,0.0
2022-05-31 00:00:00-04:00,83.19157706759255,83.59238831159388,82.64163055988134,83.04243469238281,7252500,0.0,0.0
2022-06-01 00:00:00-04:00,82.91194265698239,83.0983706349597,80.56300702646983,82.17557525634766,2352000,0.0,0.0
2022-06-02 00:00:00-04:00,81.91457695567023,82.92126671292046,80.42318867354042,82.8373794555664,1914900,0.0,0.0
2022-06-03 00:00:00-04:00,82.60433657121757,82.91193024370295,81.51375261995418,82.02642059326172,1538900,0.0,0.0
2022-06-06 00:00:00-04:00,82.68823353976268,82.68823353976268,80.91720691909755,81.22480773925781,1425500,0.0,0.0
2022-06-07 00:00:00-04:00,81.01042692264845,83.37800179113265,81.01042692264845,83.23818969726562,1899300,0.0,0.0
2022-06-08 00:00:00-04:00,82.89330151837565,83.04243678584515,79.85459310612151,80.1435546875,1967800,0.0,0.0
2022-06-09 00:00:00-04:00,79.48173068034022,80.02236104441731,77.52428351580126,77.58021545410156,1956000,0.0,0.0
2022-06-10 00:00:00-04:00,76.81588637951826,77.58022323899856,76.16339918486463,76.49896240234375,2234800,0.0,0.0
2022-06-13 00:00:00-04:00,74.81183886819575,75.3431461718229,72.20190401193933,72.5654296875,2500100,0.0,0.0
2022-06-14 00:00:00-04:00,72.51882836895975,73.27384214308337,71.56806343491482,72.19258117675781,2823000,0.0,0.0
2022-06-15 00:00:00-04:00,72.90098076527327,74.08477514095779,72.00614793557037,73.12468719482422,3573200,0.0,0.0
2022-06-16 00:00:00-04:00,72.15530526360438,73.50687440818668,71.42824677162493,72.42561340332031,2754800,0.0,0.0
2022-06-17 00:00:00-04:00,72.16462264750467,73.75854465185893,71.36300005656616,72.37901306152344,9174300,0.0,0.0
2022-06-21 00:00:00-04:00,72.76117237374643,75.08215270382767,72.76117237374643,73.3390884399414,2525700,0.0,0.0
2022-06-22 00:00:00-04:00,72.82639861213055,75.46429504969161,72.82639861213055,74.35507202148438,2282100,0.0,0.0
2022-06-23 00:00:00-04:00,74.8025066403558,76.50828513405463,74.14070338514193,76.16339874267578,2668100,0.0,0.0
2022-06-24 00:00:00-04:00,76.49896700707384,78.16746001899953,76.03290774491023,77.70140075683594,3299700,0.0,0.0
2022-06-27 00:00:00-04:00,77.46835953538049,78.92246194009644,76.88112751305263,77.52428436279297,1992600,0.0,0.0
2022-06-28 00:00:00-04:00,78.09289065777136,79.00636996204865,77.12348651640572,77.25398254394531,1454700,0.0,0.0
2022-06-29 00:00:00-04:00,77.06754750342522,78.00898905307686,77.06754750342522,77.58021545410156,1529400,0.0,0.0
2022-06-30 00:00:00-04:00,77.22601560565663,77.82257087135213,76.33118270711337,76.75995635986328,2500500,0.0,0.0
2022-07-01 00:00:00-04:00,76.37778951835283,77.74800480369983,75.99561753307938,77.56157684326172,1724900,0.0,0.0
2022-07-05 00:00:00-04:00,77.11415821808615,77.2260078745194,74.5601486865421,76.76927185058594,1819000,0.0,0.0
2022-07-06 00:00:00-04:00,77.11417203603047,77.79461460625667,76.09815910187724,76.1261215209961,1347400,0.0,0.0
2022-07-07 00:00:00-04:00,76.02357188087646,76.86247983506563,75.66936946088494,76.17271423339844,1439600,0.0,0.0
2022-07-08 00:00:00-04:00,76.20067644324338,77.12347163463916,75.93968443852529,76.53623962402344,1336900,0.0,0.0
2022-07-11 00:00:00-04:00,76.45234527307905,76.9929756322801,75.93968443852529,76.53623962402344,971000,0.0,0.0
2022-07-12 00:00:00-04:00,76.1261139755508,77.85053172812874,76.07018914285624,76.8438491821289,1467900,0.0,0.0
2022-07-13 00:00:00-04:00,76.00494421833123,76.62013873743332,75.33381775276541,76.3498306274414,2150400,0.0,0.0
2022-07-14 00:00:00-04:00,75.03553802519833,76.11679888106886,74.36441157831314,74.66268920898438,2771100,0.0,0.0
2022-07-15 00:00:00-04:00,75.67868736899628,75.94900253050592,74.76520830211895,75.70664978027344,2078600,0.0,0.0
2022-07-18 00:00:00-04:00,75.9490265354078,76.27526662258512,74.95165991946536,75.30586242675781,1586600,0.0,0.0
2022-07-19 00:00:00-04:00,75.66938372104671,76.72267511610922,75.22196369066168,76.55489349365234,2123200,0.0,0.0
2022-07-20 00:00:00-04:00,76.46167517204157,76.99298240308363,75.47363189257722,75.86511993408203,1551800,0.0,0.0
2022-07-21 00:00:00-04:00,75.54820443978394,75.81851253653917,73.8424259419175,75.80919647216797,1696000,0.0,0.0
2022-07-22 00:00:00-04:00,76.6947141484156,77.55226151875029,76.21933169054519,77.20738220214844,1686000,0.0,0.0
2022-07-25 00:00:00-04:00,76.94638712663291,78.4750609395728,76.5548919411727,78.4098129272461,1745800,0.0,0.0
2022-07-26 00:00:00-04:00,78.84789390391981,79.52834348104342,78.475052224317,79.1554946899414,2263200,0.0,0.0
2022-07-27 00:00:00-04:00,78.93179612824956,79.80798980795836,78.40048885920271,78.79197692871094,1392900,0.0,0.0
2022-07-28 00:00:00-04:00,79.2580378132434,80.19947952386356,78.73605370985007,80.1435546875,1561600,0.0,0.0
2022-07-29 00:00:00-04:00,80.16217863140285,80.93583857379119,79.62154827805928,80.47909545898438,3905700,0.0,0.0
2022-08-01 00:00:00-04:00,80.31133630809072,80.82399723492344,80.04102107983344,80.1435546875,1322100,0.0,0.0
2022-08-02 00:00:00-04:00,80.00373590291616,80.46979517237996,77.92510843204758,77.9903564453125,1853700,0.0,0.0
2022-08-03 00:00:00-04:00,78.17677958037864,78.83858284866757,76.78791792307545,76.81588745117188,2280100,0.0,0.0
2022-08-04 00:00:00-04:00,76.89977999086733,76.89977999086733,75.01690365833282,75.50160217285156,2569700,0.0,0.0
2022-08-05 00:00:00-04:00,75.03554174422067,75.48296176815305,73.76785997316227,75.20332336425781,2911100,0.0,0.0
2022-08-08 00:00:00-04:00,76.10748371270795,76.81589582690063,75.7346348572644,76.06087493896484,2063600,0.0,0.0
2022-08-09 00:00:00-04:00,76.19135769678176,77.17940805828363,75.9303656768942,77.04891204833984,2889100,0.0,0.0
2022-08-10 00:00:00-04:00,76.94638782014127,77.8225744062111,75.33381962739031,77.65479278564453,2909100,0.0,0.0
2022-08-11 00:00:00-04:00,77.1327895922402,77.54292392134063,75.26855298578123,75.71597290039062,2985900,0.0,0.0
2022-08-12 00:00:00-04:00,76.41507056002507,77.17008419821559,76.12610901642817,77.07687377929688,1954800,0.0,0.0
2022-08-15 00:00:00-04:00,77.05823225049832,77.25397627592596,75.78123449725608,76.14476013183594,1249100,0.0,0.0
2022-08-16 00:00:00-04:00,75.96764549479828,76.0422166695283,74.82113679569468,75.1846694946289,1986300,0.0,0.0
2022-08-17 00:00:00-04:00,74.71863718976785,76.32187535402032,74.68135158899436,76.03292083740234,1922600,0.0,0.0
2022-08-18 00:00:00-04:00,76.04222985045199,76.41507867723193,74.0754592229001,74.5694808959961,2531300,0.0,0.0
2022-08-19 00:00:00-04:00,74.42033947013799,74.73726346596922,73.71193451286811,74.17799377441406,4554100,0.0,0.0
2022-08-22 00:00:00-04:00,73.99952171639318,74.59129704933935,73.3889631637748,74.33767700195312,2459300,0.61,0.0
2022-08-23 00:00:00-04:00,74.09344668856747,74.3094931142589,72.38388716705235,72.46842956542969,2562500,0.0,0.0
2022-08-24 00:00:00-04:00,72.29934673535577,73.44531646218809,72.24298991811204,72.80657958984375,2594200,0.0,0.0
2022-08-25 00:00:00-04:00,73.21048910555298,74.08405563207981,72.98504749672354,74.05587005615234,1845800,0.0,0.0
2022-08-26 00:00:00-04:00,74.18737381314216,74.18737381314216,72.57174494386126,72.63749694824219,1757200,0.0,0.0
2022-08-29 00:00:00-04:00,72.38389168613749,72.95687662653529,71.8203019386864,72.23360443115234,1868700,0.0,0.0
2022-08-30 00:00:00-04:00,72.2805554695759,72.80657870101102,71.35063216424963,71.49153137207031,2084100,0.0,0.0
2022-08-31 00:00:00-04:00,72.19601241166605,72.90989639845328,71.85785721615791,71.9987564086914,4030300,0.0,0.0
2022-09-01 00:00:00-04:00,71.60426146212684,71.97059515013287,71.20035416939812,71.93302154541016,2017500,0.0,0.0
2022-09-02 00:00:00-04:00,72.44025273309707,72.86294323489729,70.94673243830081,71.22853088378906,1679700,0.0,0.0
2022-09-06 00:00:00-04:00,71.79212145340657,72.32753277299089,70.95612846609826,71.6512222290039,1896300,0.0,0.0
2022-09-07 00:00:00-04:00,71.6136452016221,73.0883750581562,71.50093156063346,72.95687103271484,1435400,0.0,0.0
2022-09-08 00:00:00-04:00,72.58115226992818,73.45471894125662,71.63244554963316,71.73577117919922,2306400,0.0,0.0
2022-09-09 00:00:00-04:00,72.02694535855392,72.93808548170541,71.36942525237845,72.88172149658203,2547900,0.0,0.0
2022-09-12 00:00:00-04:00,73.3138218288252,74.46917972880141,73.17292260124867,73.51107788085938,2309900,0.0,0.0
2022-09-13 00:00:00-04:00,72.32754540128882,72.64691034369214,70.57101671877003,70.64616394042969,2490200,0.0,0.0
2022-09-14 00:00:00-04:00,70.08255944304219,70.61797074405071,68.21331748568714,69.49079132080078,3786900,0.0,0.0
2022-09-15 00:00:00-04:00,69.40625239429866,69.72562445226842,68.20392570497513,68.32603454589844,2928700,0.0,0.0
2022-09-16 00:00:00-04:00,68.15694402113789,68.53267283212196,66.27830713264848,68.40116882324219,7662000,0.0,0.0
2022-09-19 00:00:00-04:00,67.61216954471878,68.5514883331529,66.54133953278495,66.91706848144531,2818400,0.0,0.0
2022-09-20 00:00:00-04:00,66.10923010214833,66.39102850444992,64.93508203661011,65.3389892578125,2249500,0.0,0.0
2022-09-21 00:00:00-04:00,65.78987627380212,66.56951243968359,64.78480564822642,64.8035888671875,2023300,0.0,0.0
2022-09-22 00:00:00-04:00,64.54057565620407,64.65329646027814,63.15977626363149,64.10848999023438,1982600,0.0,0.0
2022-09-23 00:00:00-04:00,63.2818952301815,64.40907465810652,61.96684778664761,62.66194152832031,2723900,0.0,0.0
2022-09-26 00:00:00-04:00,62.38015074335392,62.43650756526217,60.67997922932369,61.77898025512695,3006000,0.0,0.0
2022-09-27 00:00:00-04:00,62.36135800527617,62.74648205093573,60.276069676172746,60.40757369995117,2467200,0.0,0.0
2022-09-28 00:00:00-04:00,61.03692669834475,61.929276515179936,60.15396490781944,61.45022201538086,1846500,0.0,0.0
2022-09-29 00:00:00-04:00,60.70815899205525,61.01813585231696,58.84831216334949,59.4870491027832,2844400,0.0,0.0
2022-09-30 00:00:00-04:00,59.834592797279434,60.74572936097858,59.13949548848748,60.416969299316406,3208500,0.0,0.0
2022-10-03 00:00:00-04:00,61.14963918697473,61.87291851934112,59.97549094157801,61.41264724731445,2560500,0.0,0.0
2022-10-04 00:00:00-04:00,61.39386687166565,62.305007098916036,59.55280319759887,60.473331451416016,4330900,0.0,0.0
2022-10-05 00:00:00-04:00,59.63733461352166,59.73126503255367,57.93716679660223,58.538330078125,3007100,0.0,0.0
2022-10-06 00:00:00-04:00,58.2189708490324,58.40683530003844,55.95521299328984,56.13368225097656,2802100,0.0,0.0
2022-10-07 00:00:00-04:00,55.79552511376892,56.124285183650336,54.630768497359284,55.0440673828125,2773300,0.0,0.0
2022-10-10 00:00:00-04:00,54.62137714001445,55.02528441814023,53.87931459804234,53.88870620727539,3556200,0.0,0.0
2022-10-11 00:00:00-04:00,54.11414349993308,54.89377605132998,53.090286113243664,54.640159606933594,3054800,0.0,0.0
2022-10-12 00:00:00-04:00,54.40533429784028,54.77167157996114,53.466015651124394,54.39594268798828,2439500,0.0,0.0
2022-10-13 00:00:00-04:00,53.52237279660207,55.65462642462862,53.0715003036543,55.5794792175293,2623000,0.0,0.0
2022-10-14 00:00:00-04:00,56.265186385097216,56.265186385097216,54.23625832315189,54.3301887512207,2731200,0.0,0.0
2022-10-17 00:00:00-04:00,55.1849630521954,56.434258403788675,54.687125383204645,56.34032440185547,2579500,0.0,0.0
2022-10-18 00:00:00-04:00,57.11996051413111,57.81505421260983,56.38728963164969,56.98845291137695,2359900,0.0,0.0
2022-10-19 00:00:00-04:00,56.34032941754706,56.838167130857755,55.54191003772242,55.729774475097656,1709100,0.0,0.0
2022-10-20 00:00:00-04:00,55.720377061802125,56.274575159203444,55.04406654749111,55.40100860595703,1832500,0.0,0.0
2022-10-21 00:00:00-04:00,55.32586507367934,55.485547510252935,53.738414400925976,54.367759704589844,5553000,0.0,0.0
2022-10-24 00:00:00-04:00,54.73409439757035,55.01588925652823,53.22179090186329,54.02021026611328,3645700,0.0,0.0
2022-10-25 00:00:00-04:00,54.302015110714684,56.75363389759845,54.302015110714684,56.6972770690918,2659900,0.0,0.0
2022-10-26 00:00:00-04:00,56.8381700642945,57.580232659455945,56.518801579238705,56.73484802246094,3869900,0.0,0.0
2022-10-27 00:00:00-04:00,57.251463325958504,57.918378601386465,56.04913320865116,56.30274963378906,2349300,0.0,0.0
2022-10-28 00:00:00-04:00,56.3685068376767,57.94656235072975,56.030355156207655,57.76809310913086,2167800,0.0,0.0
2022-10-31 00:00:00-04:00,57.119967124544715,58.16260779292614,56.97906789689566,57.33600997924805,2275500,0.0,0.0
2022-11-01 00:00:00-04:00,57.0260297950885,57.38297185668123,56.227610440089585,56.45304489135742,1806300,0.0,0.0
2022-11-02 00:00:00-04:00,56.45304495825371,57.04481666416102,55.24132671901723,55.288291931152344,2287800,0.0,0.0
2022-11-03 00:00:00-04:00,54.63077075601887,55.30708130855468,53.63509172958738,54.85620880126953,2578300,0.0,0.0
2022-11-04 00:00:00-04:00,55.32586626958271,57.69294595824506,55.15678863707596,57.251468658447266,3314900,0.0,0.0
2022-11-07 00:00:00-05:00,58.00291775311472,58.538329014947756,57.04481244688305,57.73051452636719,2523900,0.0,0.0
2022-11-08 00:00:00-05:00,61.40324905351413,64.3808867908341,60.89601623552278,62.47407150268555,5087400,0.0,0.0
2022-11-09 00:00:00-05:00,62.229857695730104,64.02395967446806,62.192284091489114,62.46468734741211,4330400,0.0,0.0
2022-11-10 00:00:00-05:00,64.02396271028837,66.63526741418313,64.01456751717457,65.80866241455078,4430100,0.0,0.0
2022-11-11 00:00:00-05:00,66.04348117436243,67.37731888545022,66.04348117436243,67.23641967773438,3011900,0.0,0.0
2022-11-14 00:00:00-05:00,66.68223182560052,67.22703838598218,65.88381237203865,66.02471160888672,2378400,0.0,0.0
2022-11-15 00:00:00-05:00,66.84191870046565,66.89827552631397,64.91631259774613,65.66777038574219,2800200,0.0,0.0
2022-11-16 00:00:00-05:00,65.52687307989595,65.59262510079499,63.82670139705044,64.06153106689453,2600100,0.0,0.0
2022-11-17 00:00:00-05:00,63.09477146299153,63.7203202149283,62.251233708004335,63.236942291259766,2407500,0.61,0.0
2022-11-18 00:00:00-05:00,64.30796836712894,64.43118649652457,63.075837690948646,64.24162292480469,3805000,0.0,0.0
2022-11-21 00:00:00-05:00,64.20368743095845,64.67758534545261,63.39806242254004,64.62071990966797,2266900,0.0,0.0
2022-11-22 00:00:00-05:00,64.62073853983806,65.3979310544289,64.33639681672247,65.2557601928711,1885700,0.0,0.0
2022-11-23 00:00:00-05:00,64.9145472507828,65.84339053014935,64.81976909520085,65.72965240478516,1577400,0.0,0.0
2022-11-25 00:00:00-05:00,65.82442788207419,66.08981683045906,65.38844259924896,65.90025329589844,956600,0.0,0.0
2022-11-28 00:00:00-05:00,65.57800788785524,66.1940695061043,62.829398027638355,63.16112518310547,3256700,0.0,0.0
2022-11-29 00:00:00-05:00,63.39806487267867,65.62538371065853,63.322239467963186,65.58747100830078,2401800,0.0,0.0
2022-11-30 00:00:00-05:00,65.49269871717158,67.79584316556279,65.037760710465,67.32194519042969,9642500,0.0,0.0
2022-12-01 00:00:00-05:00,67.72002001293592,68.43086699934648,66.8764821675508,67.2840347290039,3345700,0.0,0.0
2022-12-02 00:00:00-05:00,66.71535745885492,67.795844281454,66.02347045319361,67.36933898925781,2195100,0.0,0.0
2022-12-05 00:00:00-05:00,66.82908937458996,67.45463089381948,66.29831876581879,66.52579498291016,2978900,0.0,0.0
2022-12-06 00:00:00-05:00,66.83857309268349,66.83857309268349,64.38378483714682,64.63968658447266,3516500,0.0,0.0
2022-12-07 00:00:00-05:00,61.40769515026477,62.535574547044234,60.67788828254561,61.60673141479492,10394800,0.0,0.0
2022-12-08 00:00:00-05:00,61.79629321633266,63.18955442361538,61.635169639858816,62.27019119262695,3756800,0.0,0.0
2022-12-09 00:00:00-05:00,62.184887190943584,63.559188300756816,61.881592803827836,63.18954849243164,2779500,0.0,0.0
2022-12-12 00:00:00-05:00,63.208520728095145,63.39807704517024,61.597263108516906,62.29863739013672,3023800,0.0,0.0
2022-12-13 00:00:00-05:00,64.2795120731724,64.51646102761953,61.7678517098112,62.80095291137695,4433500,0.0,0.0
2022-12-14 00:00:00-05:00,62.75356628153199,64.99984518957577,62.545050024526795,63.83405303955078,3234400,0.0,0.0
2022-12-15 00:00:00-05:00,63.161120746952555,64.06152399585298,62.81991363069133,63.616065979003906,2512500,0.0,0.0
2022-12-16 00:00:00-05:00,62.60192465295493,63.08529537536574,60.26086752703783,60.96223449707031,8289900,0.0,0.0
2022-12-19 00:00:00-05:00,60.839021037890106,61.05701004512136,59.796443380220815,60.37459945678711,2413200,0.0,0.0
2022-12-20 00:00:00-05:00,59.72061884401232,60.592592963428814,59.35097901669888,60.23242950439453,2380600,0.0,0.0
2022-12-21 00:00:00-05:00,60.725286572168045,61.692035264971,60.30825765339903,60.63050842285156,1777300,0.0,0.0
2022-12-22 00:00:00-05:00,59.872267099668434,61.199182846494786,59.71114352720406,61.16127014160156,1737900,0.0,0.0
2022-12-23 00:00:00-05:00,61.02858270203365,61.68256424356378,60.45990655905982,61.6730842590332,1148100,0.0,0.0
2022-12-27 00:00:00-05:00,61.663600366075215,62.88625797308341,61.521436762674625,62.49766540527344,1758000,0.0,0.0
2022-12-28 00:00:00-05:00,62.62087406424561,63.142164695366574,61.25604567084438,61.455081939697266,1648300,0.0,0.0
2022-12-29 00:00:00-05:00,62.05220260520643,62.78200231209534,61.36978835761148,62.393409729003906,1422000,0.0,0.0
2022-12-30 00:00:00-05:00,62.213330856128294,62.56401799057111,61.38874570649187,62.12803268432617,1189700,0.0,0.0
2023-01-03 00:00:00-05:00,63.037907884017386,63.672929407094855,62.06167925547255,63.454933166503906,3086400,0.0,0.0
2023-01-04 00:00:00-05:00,64.15630217488777,65.78651216272351,63.96673866984389,65.24626159667969,2263700,0.0,0.0
2023-01-05 00:00:00-05:00,64.55438925499092,65.03776726303772,63.20852060548252,63.87197494506836,1761800,0.0,0.0
2023-01-06 00:00:00-05:00,64.19422947272673,66.34572331865766,63.88145504161523,66.13720703125,1685000,0.0,0.0
2023-01-09 00:00:00-05:00,66.4310162609714,66.63953253195974,65.5400929637159,65.65382385253906,2207200,0.0,0.0
2023-01-10 00:00:00-05:00,65.13253365931602,65.40739533068233,64.41220676991152,65.38843536376953,2091100,0.0,0.0
2023-01-11 00:00:00-05:00,65.96658939030534,68.2318208822089,65.900243970375,68.0801773071289,2144700,0.0,0.0
2023-01-12 00:00:00-05:00,68.24130431539092,68.9331984991654,67.84323177568392,68.3360824584961,2403200,0.0,0.0
2023-01-13 00:00:00-05:00,67.81479636318304,68.19390892055054,67.13238219014792,67.43567657470703,1376800,0.0,0.0
2023-01-17 00:00:00-05:00,67.56837336390909,68.3266057764982,67.34090436324327,67.96644592285156,1583000,0.0,0.0
2023-01-18 00:00:00-05:00,68.44034748519614,68.70572920508914,67.63472234091826,67.90958404541016,2985100,0.0,0.0
2023-01-19 00:00:00-05:00,67.568376910945,68.5066929151694,67.568376910945,67.90958404541016,2002200,0.0,0.0
2023-01-20 00:00:00-05:00,68.08018109170573,69.10380239705545,67.56837043903087,69.0279769897461,1843700,0.0,0.0
2023-01-23 00:00:00-05:00,68.92371586281017,70.62974406636864,68.43085796785815,70.40227508544922,2051200,0.0,0.0
2023-01-24 00:00:00-05:00,69.97578857641105,71.00888286596333,69.66301412446734,70.9709701538086,1528100,0.0,0.0
2023-01-25 00:00:00-05:00,70.80035657537032,70.93304743363517,69.57770612865988,70.00421142578125,1502800,0.0,0.0
2023-01-26 00:00:00-05:00,70.30750274658203,70.52549899331706,69.78621208989551,70.30750274658203,1274800,0.0,0.0
2023-01-27 00:00:00-05:00,70.42123280072418,71.6249303186801,69.63456052927067,71.2647705078125,2091600,0.0,0.0
2023-01-30 00:00:00-05:00,70.95199984134909,71.35007237372166,70.57288004480483,70.62974548339844,2349600,0.0,0.0
2023-01-31 00:00:00-05:00,70.49706317480816,71.17947744499038,70.00421244140408,71.12261199951172,2601900,0.0,0.0
2023-02-01 00:00:00-05:00,71.05627556393436,71.48278092123182,69.69144685080578,70.9709701538086,2266400,0.0,0.0
2023-02-02 00:00:00-05:00,71.54911145801172,72.71490361285834,70.91408993167599,72.28839111328125,1930800,0.0,0.0
2023-02-03 00:00:00-05:00,71.23634353504453,71.91875051102166,70.44019121640791,71.86188507080078,1648700,0.0,0.0
2023-02-06 00:00:00-05:00,71.01834526341119,71.42589777925225,69.8336004186533,70.62974548339844,1987100,0.0,0.0
2023-02-07 00:00:00-05:00,70.21272029084243,71.69127954473845,69.8999459160233,71.00886535644531,2332500,0.0,0.0
2023-02-08 00:00:00-05:00,70.83825734215168,71.50171875275672,70.42123209980006,71.08468627929688,1650200,0.0,0.0
2023-02-09 00:00:00-05:00,71.60598507931749,71.60598507931749,69.76725866949847,70.1274185180664,2483500,0.0,0.0
2023-02-10 00:00:00-05:00,69.88098050531829,71.64387386384767,69.7103769891887,71.35005950927734,2016700,0.0,0.0
2023-02-13 00:00:00-05:00,71.45433233555801,72.29787010822331,71.35007420805026,71.92823028564453,1298700,0.0,0.0
2023-02-14 00:00:00-05:00,71.56807846852452,72.40213635096345,71.22687132772913,71.79554748535156,1735600,0.0,0.0
2023-02-15 00:00:00-05:00,71.14155635157427,71.87136322769986,70.89513462947482,71.76710510253906,1865000,0.0,0.0
2023-02-16 00:00:00-05:00,70.34541153236705,74.43988945413972,69.86203360774488,73.97547149658203,2938100,0.0,0.0
2023-02-17 00:00:00-05:00,74.21241557210247,74.4019718435919,73.08453623274816,73.3593978881836,2544000,0.0,0.0
2023-02-21 00:00:00-05:00,73.11297150767999,73.46365857642068,71.87136125444671,72.80967712402344,2300900,0.0,0.0
2023-02-22 00:00:00-05:00,73.16037212467799,73.82382640113576,71.55859464580371,71.67233276367188,2199800,0.0,0.0
2023-02-23 00:00:00-05:00,71.89978913497751,72.44951242808598,71.16998232799709,72.193603515625,1680500,0.0,0.0
2023-02-24 00:00:00-05:00,71.08469004656,71.71023878990185,70.098981476848,70.96147918701172,1927600,0.0,0.0
2023-02-27 00:00:00-05:00,71.71640626413881,72.2515296590218,70.44548091078225,70.9710464477539,1199700,0.61,0.0
2023-02-28 00:00:00-05:00,71.34371259759926,71.50615968991715,70.636577094849,70.82769775390625,4664400,0.0,0.0
2023-03-01 00:00:00-05:00,70.28301870776671,70.4454658048778,68.33363167091,69.84344482421875,2665900,0.0,0.0
2023-03-02 00:00:00-05:00,69.56633088289604,71.14303440687782,69.48032476330177,71.04747772216797,1677800,0.0,0.0
2023-03-03 00:00:00-05:00,71.53484255518451,72.47130848495591,71.38194599248179,71.96485137939453,1979800,0.0,0.0
2023-03-06 00:00:00-05:00,72.24195856667285,72.60508419568555,71.58261230177004,71.85017395019531,2880800,0.0,0.0
2023-03-07 00:00:00-05:00,71.7068362264031,71.7068362264031,70.48369307985172,70.68436431884766,4827600,0.0,0.0
2023-03-08 00:00:00-05:00,70.41679903083973,72.09861712525208,70.31168448862546,71.40104675292969,1732700,0.0,0.0
2023-03-09 00:00:00-05:00,71.19081743095055,71.61127559840457,69.16498214927223,69.23187255859375,4593000,0.0,0.0
2023-03-10 00:00:00-05:00,68.6489693431517,69.10765165682778,64.7119783505093,64.81709289550781,4106300,0.0,0.0
2023-03-13 00:00:00-04:00,64.24374828153977,66.55625379164809,63.75639966891087,66.13579559326172,2710300,0.0,0.0
2023-03-14 00:00:00-04:00,67.43538506318278,68.41963282564362,67.0340425894526,68.38140869140625,2347200,0.0,0.0
2023-03-15 00:00:00-04:00,67.55005131099831,68.16162282205595,66.83336526299254,68.08517456054688,2623800,0.0,0.0
2023-03-16 00:00:00-04:00,67.40672918043231,68.18074796920897,66.33647512825839,67.70295715332031,2916400,0.0,0.0
2023-03-17 00:00:00-04:00,67.08181049377573,67.99917504152452,65.53377331177789,65.69622039794922,4939900,0.0,0.0
2023-03-20 00:00:00-04:00,66.06890691677559,66.79515092658794,65.61023186147936,66.0593490600586,3012000,0.0,0.0
2023-03-21 00:00:00-04:00,66.5658190420352,67.1105002729425,65.98291367152802,66.30780792236328,2465200,0.0,0.0
2023-03-22 00:00:00-04:00,65.92556692218298,66.09757188713908,63.163936916866064,63.23082733154297,2457100,0.0,0.0
2023-03-23 00:00:00-04:00,63.34549585617903,64.3966340040429,62.743482160981685,62.83903884887695,1743900,0.0,0.0
2023-03-24 00:00:00-04:00,62.53324858477377,64.5590764685715,62.28479538167327,64.48263549804688,1576700,0.0,0.0
2023-03-27 00:00:00-04:00,64.97954820899731,65.33311602236479,64.51131527059852,64.86487579345703,1765100,0.0,0.0
2023-03-28 00:00:00-04:00,64.46352268523638,66.05934193085047,64.07173808822394,65.71533203125,2056500,0.0,0.0
2023-03-29 00:00:00-04:00,66.68048068278962,67.57872969013357,66.58492398404233,66.85248565673828,1984000,0.0,0.0
2023-03-30 00:00:00-04:00,67.49272188770017,68.02785251035829,67.0340468288602,67.79850769042969,1610100,0.0,0.0
2023-03-31 00:00:00-04:00,68.08518752410458,68.57253617088277,67.15827222571606,68.50564575195312,3648400,0.0,0.0
2023-04-03 00:00:00-04:00,68.76364104245377,69.42299458335054,67.98006453623921,68.54386138916016,2702700,0.0,0.0
2023-04-04 00:00:00-04:00,68.69676020422817,68.85920732547373,66.96715985218174,67.25382995605469,2150300,0.0,0.0
2023-04-05 00:00:00-04:00,67.22516339672778,68.09474614305047,67.01493428045157,67.42583465576172,1612200,0.0,0.0
2023-04-06 00:00:00-04:00,68.48652944143798,68.95476966037785,67.35894289607731,68.37186431884766,1858200,0.0,0.0
2023-04-10 00:00:00-04:00,68.07561366976273,69.62365808901107,67.76027736348662,69.58543395996094,1305100,0.0,0.0
2023-04-11 00:00:00-04:00,70.88504408315664,71.83106783520343,70.34036285737102,71.03793334960938,2369400,0.0,0.0
2023-04-12 00:00:00-04:00,71.81195470482682,72.01262595480694,71.09526854467987,71.31504821777344,1839000,0.0,0.0
2023-04-13 00:00:00-04:00,71.41060573029591,71.63038538346277,70.06323237193752,71.1908187866211,2032500,0.0,0.0
2023-04-14 00:00:00-04:00,71.50617742619393,71.78329698268244,70.38814863279885,70.79904174804688,1677100,0.0,0.0
2023-04-17 00:00:00-04:00,70.88502765107198,71.91705729979898,70.82769510075627,71.89794158935547,1753400,0.0,0.0
2023-04-18 00:00:00-04:00,71.83105591394202,72.17506581950431,71.33415676730088,72.09861755371094,1357400,0.0,0.0
2023-04-19 00:00:00-04:00,71.54439064908513,72.92042307307119,71.52527493610138,72.86309051513672,1296600,0.0,0.0
2023-04-20 00:00:00-04:00,72.81529961071732,72.92041414773693,71.90750019882879,72.50951385498047,1239400,0.0,0.0
2023-04-21 00:00:00-04:00,72.70065362869906,72.83443447636073,71.71640569639841,72.27063751220703,1494700,0.0,0.0
2023-04-24 00:00:00-04:00,72.5764112411087,72.6815257882375,71.15259686251163,71.98395538330078,1848800,0.0,0.0
2023-04-25 00:00:00-04:00,71.70683085591477,73.25487538573884,71.44881978902359,72.99686431884766,2247700,0.0,0.0
2023-04-26 00:00:00-04:00,72.7197535659103,73.52244584869841,72.38530148579382,72.7866439819336,2619800,0.0,0.0
2023-04-27 00:00:00-04:00,72.81531077283245,74.53536046909186,72.81531077283245,74.52580261230469,2109900,0.0,0.0
2023-04-28 00:00:00-04:00,74.7742490651536,75.74893894418578,74.49712956755917,75.70116424560547,2314000,0.0,0.0
2023-05-01 00:00:00-04:00,75.4909417759058,76.11207123596117,74.65003264399779,74.7838134765625,2025200,0.0,0.0
2023-05-02 00:00:00-04:00,74.64046665097761,74.98447655164732,73.35043316872013,73.91422271728516,2531900,0.0,0.0
2023-05-03 00:00:00-04:00,74.66913088514923,75.52915561329874,73.05419596731888,74.07666778564453,2281500,0.0,0.0
2023-05-04 00:00:00-04:00,74.24867556653354,74.73602414617942,72.55729961200895,73.48421478271484,2234100,0.0,0.0
2023-05-05 00:00:00-04:00,73.7804425231411,75.47182576415297,73.42687476376666,75.2615966796875,1697200,0.0,0.0
2023-05-08 00:00:00-04:00,73.92380028350243,74.52581412493709,72.81532202123067,72.9395523071289,4200500,0.0,0.0
2023-05-09 00:00:00-04:00,72.95865151442511,75.22338246310636,72.62419942255458,74.84114837646484,4261000,0.0,0.0
2023-05-10 00:00:00-04:00,75.29982557938881,76.15984310227235,74.48757546698586,75.85405731201172,2426300,0.0,0.0
2023-05-11 00:00:00-04:00,75.29982527614128,76.35096347027225,74.71691997666251,75.63427734375,2530200,0.0,0.0
2023-05-12 00:00:00-04:00,75.60561344081279,76.05473063685172,75.29982764217539,75.77761840820312,1887300,0.0,0.0
2023-05-15 00:00:00-04:00,76.18206861648453,77.27024365923712,75.67168556681276,77.16431427001953,2221400,0.61,0.0
2023-05-16 00:00:00-04:00,77.32802932767822,77.32802932767822,74.61240030130253,74.6605453491211,2166300,0.0,0.0
2023-05-17 00:00:00-04:00,74.93018874406793,75.0553820445748,73.5627458170176,74.64129638671875,1911000,0.0,0.0
2023-05-18 00:00:00-04:00,74.15015299973255,74.93980368584879,73.63977000525807,74.03459167480469,1943100,0.0,0.0
2023-05-19 00:00:00-04:00,74.40055254179903,74.65092446040599,73.30274536936842,73.70719909667969,1848000,0.0,0.0
2023-05-22 00:00:00-04:00,73.80349220879872,74.55462261445062,73.48570400732302,73.65904235839844,1457800,0.0,0.0
2023-05-23 00:00:00-04:00,73.57237422618553,74.46795445022103,73.27384258682414,73.35088348388672,1638000,0.0,0.0
2023-05-24 00:00:00-04:00,73.30274566035379,73.56274952979315,71.37676712605467,71.48269653320312,1925900,0.0,0.0
2023-05-25 00:00:00-04:00,71.76194802685895,71.76194802685895,69.78782468303268,70.895263671875,1889200,0.0,0.0
2023-05-26 00:00:00-04:00,71.16489872312367,71.26119616745866,70.15375719004605,70.81822204589844,1569000,0.0,0.0
2023-05-30 00:00:00-04:00,70.59672394063162,71.40563855204009,70.13449331727533,70.42338562011719,1924000,0.0,0.0
2023-05-31 00:00:00-04:00,70.82785897670709,72.07010858595343,70.53895927635587,71.84862518310547,7307300,0.0,0.0
2023-06-01 00:00:00-04:00,71.33824207990628,72.33011978567446,70.56784777698608,71.84862518310547,1906400,0.0,0.0
2023-06-02 00:00:00-04:00,72.8405009703928,73.92867609860937,72.43604727817329,72.95606231689453,2002200,0.0,0.0
2023-06-05 00:00:00-04:00,73.04272651604586,73.42792365050252,72.61901628046535,73.27384185791016,1460000,0.0,0.0
2023-06-06 00:00:00-04:00,73.83238329598323,75.75836177672588,73.61089988503174,75.73910522460938,2382600,0.0,0.0
2023-06-07 00:00:00-04:00,76.49022348830339,77.7421122404422,75.9605765515469,77.4435806274414,2588100,0.0,0.0
2023-06-08 00:00:00-04:00,76.90431172516692,77.53025612268732,76.11466094050202,76.8465347290039,3036500,0.0,0.0
2023-06-09 00:00:00-04:00,77.05838913625897,78.14657158612893,76.6057904038177,78.09841918945312,2344100,0.0,0.0
2023-06-12 00:00:00-04:00,78.04064420160935,78.79177458814831,77.8384173550046,78.78214263916016,2834300,0.0,0.0
2023-06-13 00:00:00-04:00,78.72435915876495,79.55253037498605,78.48361188305009,78.91695404052734,2332700,0.0,0.0
2023-06-14 00:00:00-04:00,79.45624120546671,79.85106295828753,78.34880215248957,78.52214050292969,3196300,0.0,0.0
2023-06-15 00:00:00-04:00,78.49324426611766,78.49324426611766,76.47096860831353,77.18357849121094,4333700,0.0,0.0
2023-06-16 00:00:00-04:00,77.53989728630873,78.93623621703459,77.01988951572172,77.43397521972656,11642800,0.0,0.0
2023-06-20 00:00:00-04:00,77.04876432804899,77.3184001158528,75.70057804200579,76.28800201416016,2655200,0.0,0.0
2023-06-21 00:00:00-04:00,75.79686966503967,76.19169871472293,75.12278024731656,76.0665054321289,2456100,0.0,0.0
2023-06-22 00:00:00-04:00,76.30725983322915,76.4420777293725,74.43906583794661,75.5561294555664,1625900,0.0,0.0
2023-06-23 00:00:00-04:00,75.03610379681079,75.63315964306437,73.05234873700354,73.45680236816406,3670700,0.0,0.0
2023-06-26 00:00:00-04:00,73.71682179864997,76.73097516980621,73.601260456619,76.62504577636719,2283600,0.0,0.0
2023-06-27 00:00:00-04:00,77.06801810830525,77.98286218064104,76.2494788256014,77.75173950195312,1604400,0.0,0.0
2023-06-28 00:00:00-04:00,77.39543254121591,77.58802741227663,76.69244730249987,77.0969009399414,1964000,0.0,0.0
2023-06-29 00:00:00-04:00,76.86579980364316,77.5495212731558,76.53838699304191,77.41470336914062,1891800,0.0,0.0
2023-06-30 00:00:00-04:00,77.91546598729091,78.21399031233759,76.49987057351134,77.89620208740234,4238300,0.0,0.0
2023-07-03 00:00:00-04:00,77.37616915614385,78.74361185195318,77.37616915614385,78.45471954345703,968900,0.0,0.0
2023-07-05 00:00:00-04:00,78.36804806169273,79.39844607521023,77.70359059775761,78.17545318603516,3081400,0.0,0.0
2023-07-06 00:00:00-04:00,77.08728218975489,77.45321541135168,75.48871671994081,77.31839752197266,1831000,0.0,0.0
2023-07-07 00:00:00-04:00,76.61542333878083,77.47248319425597,76.49023737964148,76.85617065429688,1427700,0.0,0.0
2023-07-10 00:00:00-04:00,76.62504238524407,76.89467815769257,75.42130601036779,76.2398452758789,1710400,0.0,0.0
2023-07-11 00:00:00-04:00,76.74060677826549,77.95396780260435,76.59615693812303,77.90582275390625,2501700,0.0,0.0
2023-07-12 00:00:00-04:00,79.06140826152426,79.1866015539367,76.70208776743776,76.74060821533203,2254400,0.0,0.0
2023-07-13 00:00:00-04:00,76.74060641774328,77.89619043940593,76.40355434331964,77.86730194091797,1866900,0.0,0.0
2023-07-14 00:00:00-04:00,77.04876307140111,77.34728735345443,76.20132792695443,77.0198745727539,2114600,0.0,0.0
2023-07-17 00:00:00-04:00,77.02950853853014,77.09691749257637,76.28801004402165,76.34578704833984,1199400,0.0,0.0
2023-07-18 00:00:00-04:00,76.53837595657554,76.53837595657554,75.01685143405811,75.6909408569336,1828500,0.0,0.0
2023-07-19 00:00:00-04:00,76.07613788693658,77.4821010725713,75.86427911223399,77.4435806274414,1857000,0.0,0.0
2023-07-20 00:00:00-04:00,77.5495194490054,79.01326715391764,77.03913634623552,78.97474670410156,1557100,0.0,0.0
2023-07-21 00:00:00-04:00,79.20585673070008,80.18810242038411,78.75325065957222,79.26363372802734,1529600,0.0,0.0
2023-07-24 00:00:00-04:00,79.234740631252,79.90883739805567,79.15769974127038,79.61030578613281,1202600,0.0,0.0
2023-07-25 00:00:00-04:00,79.76438616664751,80.58292540402607,79.53326350075766,79.87031555175781,1708700,0.0,0.0
2023-07-26 00:00:00-04:00,79.75477173029071,80.87184281962587,79.26364514121921,80.15922546386719,1608500,0.0,0.0
2023-07-27 00:00:00-04:00,80.66959960575964,80.78516095118516,78.18509312881767,78.21398162841797,1487200,0.0,0.0
2023-07-28 00:00:00-04:00,78.9362256443411,79.22511799519246,77.52063034939349,78.01175689697266,1198400,0.0,0.0
2023-07-31 00:00:00-04:00,78.38731626156068,79.11919005388756,77.75173991235008,79.10955810546875,1910800,0.0,0.0
2023-08-01 00:00:00-04:00,78.75325799636568,82.08519984808952,78.53177458796128,81.46888732910156,2401300,0.0,0.0
2023-08-02 00:00:00-04:00,81.37258523089075,81.82519131834978,80.19773726268417,80.47700500488281,1582500,0.0,0.0
2023-08-03 00:00:00-04:00,80.16885061383435,80.83331551051037,78.42584251910394,80.6888656616211,2184000,0.0,0.0
2023-08-04 00:00:00-04:00,80.29403625090754,81.18961649409444,78.97474575886437,79.33104705810547,1737500,0.0,0.0
2023-08-07 00:00:00-04:00,79.63921165376773,81.93113087497315,79.63921165376773,81.65186309814453,1639800,0.0,0.0
2023-08-08 00:00:00-04:00,80.67923835928421,82.46076700612888,80.1977437332708,82.13335418701172,1512800,0.0,0.0
2023-08-09 00:00:00-04:00,81.56517305767137,82.8555822598862,81.1607194027927,82.30667877197266,1994000,0.0,0.0
2023-08-10 00:00:00-04:00,82.65335859641243,83.19263015689396,81.52666308025326,81.80592346191406,1420400,0.0,0.0
2023-08-11 00:00:00-04:00,81.62296646168701,82.56669176118564,80.79479516382729,81.14147186279297,1872500,0.0,0.0
2023-08-14 00:00:00-04:00,80.75346794368804,82.1017835131021,80.50126284851234,81.75257873535156,1803500,0.61,0.0
2023-08-15 00:00:00-04:00,81.33546613526563,82.12118051494262,80.54005696862279,80.77285766601562,1600800,0.0,0.0
2023-08-16 00:00:00-04:00,80.85045578408995,81.60706355819526,80.33635088120302,80.75345611572266,2216000,0.0,0.0
2023-08-17 00:00:00-04:00,81.00566310430142,81.77197308368453,79.3178377519688,79.33724212646484,1883100,0.0,0.0
2023-08-18 00:00:00-04:00,78.50303848076928,79.28874550253914,78.17323069099105,78.76493835449219,2170100,0.0,0.0
2023-08-21 00:00:00-04:00,78.76493871792047,79.24994451643131,77.71733181759394,77.91133117675781,2207300,0.0,0.0
2023-08-22 00:00:00-04:00,78.20233449195844,78.2314336546104,77.24201772083832,77.4554214477539,1642900,0.0,0.0
2023-08-23 00:00:00-04:00,77.75613193408827,78.71644132771317,77.4457211233963,78.57093811035156,1641800,0.0,0.0
2023-08-24 00:00:00-04:00,78.50303292051484,79.67674597629095,77.86282176249117,77.95012664794922,1537700,0.0,0.0
2023-08-25 00:00:00-04:00,78.15383977141364,79.13355362796976,77.99864175289285,78.60004425048828,1388700,0.0,0.0
2023-08-28 00:00:00-04:00,78.72614267606532,79.7834517364545,78.72614267606532,78.85224151611328,767900,0.0,0.0
2023-08-29 00:00:00-04:00,78.85224319989081,80.64676316492822,78.57093895014532,80.56916046142578,1492900,0.0,0.0
2023-08-30 00:00:00-04:00,80.54976675557414,80.87956715794526,79.967761256883,80.42366790771484,1381900,0.0,0.0
2023-08-31 00:00:00-04:00,80.53036280463778,80.90867415141989,80.14236407052535,80.39456176757812,3081800,0.0,0.0
2023-09-01 00:00:00-04:00,80.82135891791938,81.24816635157164,79.78344689566543,80.16175079345703,1311900,0.0,0.0
2023-09-05 00:00:00-04:00,80.18115864600843,80.52066120995796,77.99863264841746,78.43513488769531,1611300,0.0,0.0
2023-09-06 00:00:00-04:00,78.78434216236543,80.08415413471224,78.42543521149601,79.52155303955078,1987900,0.0,0.0
2023-09-07 00:00:00-04:00,79.74464749066084,80.75346037622572,79.52154898170556,80.07445526123047,1388100,0.0,0.0
2023-09-08 00:00:00-04:00,80.07445918344807,80.55946497523006,79.62824734247968,80.12295532226562,1151000,0.0,0.0
2023-09-11 00:00:00-04:00,80.54006762805143,81.40337742071739,80.29756471099691,81.22877502441406,1669600,0.0,0.0
2023-09-12 00:00:00-04:00,80.71465786832653,81.82047041150615,80.6952608941482,81.08325958251953,1761100,0.0,0.0
2023-09-13 00:00:00-04:00,81.05416864517186,81.64587632575697,79.91925682526978,80.10356140136719,1849600,0.0,0.0
2023-09-14 00:00:00-04:00,81.1026656222754,82.26667651248687,81.09296343468675,81.97567749023438,2842700,0.0,0.0
2023-09-15 00:00:00-04:00,81.59737899537032,82.60619195410818,81.30637255320701,81.83988189697266,7622100,0.0,0.0
2023-09-18 00:00:00-04:00,81.99507884896242,82.6934883806725,81.21907401419656,82.24728393554688,2163100,0.0,0.0
2023-09-19 00:00:00-04:00,82.43159482143773,82.70319690444252,81.22877502441406,81.22877502441406,2371400,0.0,0.0
2023-09-20 00:00:00-04:00,82.30547775116692,84.11940199655592,81.69437314472071,82.70318603515625,2117500,0.0,0.0
2023-09-21 00:00:00-04:00,82.4121904437364,82.78079221344265,81.0444778398618,81.22877502441406,2532500,0.0,0.0
2023-09-22 00:00:00-04:00,81.16086788915163,81.83988044192664,80.21995546356703,80.34606170654297,2537200,0.0,0.0
2023-09-25 00:00:00-04:00,79.91925448962925,80.87956389374277,79.80285043434837,80.69526672363281,1336800,0.0,0.0
2023-09-26 00:00:00-04:00,80.11325097877618,80.3266547055147,78.60003531732248,78.65823364257812,1788700,0.0,0.0
2023-09-27 00:00:00-04:00,79.10445112097611,80.11325670025761,77.62032711555707,77.79492950439453,2579500,0.0,0.0
2023-09-28 00:00:00-04:00,78.47394188227831,79.24025195351123,77.940432528698,78.04713439941406,2146100,0.0,0.0
2023-09-29 00:00:00-04:00,81.00567067890414,81.72347718976759,78.95894561361676,79.46334838867188,4353400,0.0,0.0
2023-10-02 00:00:00-04:00,79.06564899448307,81.965981657902,78.25083538767763,79.279052734375,5079500,0.0,0.0
2023-10-03 00:00:00-04:00,78.42543649100523,78.94924364381959,76.0295066515141,76.9316177368164,3277500,0.0,0.0
2023-10-04 00:00:00-04:00,77.37782003686998,79.28874402261431,77.17411849430955,79.20144653320312,2970100,0.0,0.0
2023-10-05 00:00:00-04:00,79.07533551091385,80.74375650216825,79.07533551091385,80.51095581054688,3116900,0.0,0.0
2023-10-06 00:00:00-04:00,79.73495460008361,80.4139671948512,78.13444129946346,79.03655242919922,3837600,0.0,0.0
2023-10-09 00:00:00-04:00,78.40604039433205,79.92895832954089,78.37694123006075,79.65735626220703,2464700,0.0,0.0
2023-10-10 00:00:00-04:00,79.62824573642801,81.91747361951484,79.62824573642801,81.1608657836914,2435600,0.0,0.0
2023-10-11 00:00:00-04:00,81.83018795454835,83.37250301186555,81.61678419553797,83.23670196533203,3409700,0.0,0.0
2023-10-12 00:00:00-04:00,82.25698940325529,82.84869709117886,81.78167837485671,82.45098876953125,2703400,0.0,0.0
2023-10-13 00:00:00-04:00,83.01359423531,83.11059391487564,82.05327742598706,82.59648895263672,2727100,0.0,0.0
2023-10-16 00:00:00-04:00,83.19789079213082,83.40159973849637,81.99507849307365,83.10089111328125,2356400,0.0,0.0
2023-10-17 00:00:00-04:00,82.72258168332942,84.36190352907731,82.5188801511135,83.96419525146484,2182700,0.0,0.0
2023-10-18 00:00:00-04:00,83.4791933054002,83.88660378905877,82.34428154519651,83.18819427490234,1689800,0.0,0.0
2023-10-19 00:00:00-04:00,82.6449796672498,83.14938980884317,81.23846590436965,81.40336608886719,3790600,0.0,0.0
2023-10-20 00:00:00-04:00,81.54886995151976,82.23757725752114,81.10266553075553,81.374267578125,2596800,0.0,0.0
2023-10-23 00:00:00-04:00,80.61765526334007,81.0347604987054,80.25874834899307,80.50125122070312,3080800,0.0,0.0
2023-10-24 00:00:00-04:00,81.16086586132947,82.06297691273598,81.01536264647018,81.76227569580078,3474000,0.0,0.0
2023-10-25 00:00:00-04:00,81.19966215699314,81.72346925751694,80.04534609839808,80.19084930419922,3161200,0.0,0.0
2023-10-26 00:00:00-04:00,80.52065974912233,81.48096909847183,80.48185839957479,80.54975891113281,2602400,0.0,0.0
2023-10-27 00:00:00-04:00,80.97656788661574,81.28697128826435,78.8522402124763,78.91043853759766,2481000,0.0,0.0
2023-10-30 00:00:00-04:00,79.78345005272175,80.2781580157944,78.37693626431228,79.41484832763672,5863600,0.0,0.0
2023-10-31 00:00:00-04:00,81.21907281597512,83.08149327265835,80.06475666806159,81.10266876220703,4149300,0.0,0.0
2023-11-01 00:00:00-04:00,81.32576554167119,82.90688911898079,80.5788598976213,82.86808776855469,2961000,0.0,0.0
2023-11-02 00:00:00-04:00,84.09030922103948,85.42892258470314,83.420998838907,85.16702270507812,2733300,0.0,0.0
2023-11-03 00:00:00-04:00,86.1370334807524,87.00034321711934,85.58412716194883,85.79752349853516,2553700,0.0,0.0
2023-11-06 00:00:00-05:00,85.42891802911697,85.8266263221038,84.74991289548203,85.49681854248047,1900600,0.0,0.0
2023-11-07 00:00:00-05:00,83.20758839848916,84.17759993477485,83.03298602593372,83.08148956298828,9874000,0.0,0.0
2023-11-08 00:00:00-05:00,83.5082977534004,84.12911200574092,82.91659746709402,83.7799072265625,12513600,0.0,0.0
2023-11-09 00:00:00-05:00,84.22611158984975,84.70141521627303,82.01448625804998,82.1017837524414,2633800,0.0,0.0
2023-11-10 00:00:00-05:00,82.9262850828619,83.5955954185003,82.39278317235951,83.40159606933594,4190400,0.0,0.0
2023-11-13 00:00:00-05:00,82.98151204829941,83.68491195709717,82.43441908952282,83.4992904663086,2581100,0.61,0.0
2023-11-14 00:00:00-05:00,85.82441591018478,86.05888007450437,84.83770168234614,84.9354019165039,3894100,0.0,0.0
2023-11-15 00:00:00-05:00,84.82793270991948,85.66810399135439,84.25153266638578,84.29061126708984,3461700,0.0,0.0
2023-11-16 00:00:00-05:00,84.47623167624933,85.55086709467841,84.36876738905832,84.7693099975586,2340700,0.0,0.0
2023-11-17 00:00:00-05:00,85.45317408245464,85.75602391634006,84.53484561392354,85.47270965576172,2196700,0.0,0.0
2023-11-20 00:00:00-05:00,85.52156369247461,87.02605632448669,85.26755650694498,86.5082778930664,2897400,0.0,0.0
2023-11-21 00:00:00-05:00,86.10772930113907,87.08467200476305,85.82441502267035,86.69389343261719,2032700,0.0,0.0
2023-11-22 00:00:00-05:00,87.3875227086806,87.43637282573,85.86349446130149,86.65481567382812,1674500,0.0,0.0
2023-11-24 00:00:00-05:00,86.62550412420053,87.65129690156324,86.06864710452732,87.55360412597656,920000,0.0,0.0
2023-11-27 00:00:00-05:00,87.53405416307706,88.54030383350442,87.28981851672167,88.04206848144531,2336300,0.0,0.0
2023-11-28 00:00:00-05:00,87.34844791068191,88.05184037383529,86.89904772234684,87.25074768066406,2676800,0.0,0.0
2023-11-29 00:00:00-05:00,87.66106452834751,87.80759995848977,85.96117900389046,86.16633605957031,2534500,0.0,0.0
2023-11-30 00:00:00-05:00,86.1663433391799,87.1628290692177,85.46295085463015,87.04559326171875,6975000,0.0,0.0
2023-12-01 00:00:00-05:00,87.03581401054853,88.32538541795472,86.46919295837749,87.39728546142578,3280600,0.0,0.0
2023-12-04 00:00:00-05:00,86.72319256444459,87.90529968643659,86.21518568470078,87.74898529052734,3011700,0.0,0.0
2023-12-05 00:00:00-05:00,87.44613792160861,88.08115212923599,87.26051643462255,87.80760192871094,3330300,0.0,0.0
2023-12-06 00:00:00-05:00,87.92484129864133,88.24723417223848,85.2577844997175,85.40432739257812,3717200,0.0,0.0
2023-12-07 00:00:00-05:00,85.6583269873927,85.7364841837912,84.9451556138472,85.49224853515625,2512300,0.0,0.0
2023-12-08 00:00:00-05:00,84.99400311507513,86.01002427661551,84.80838164269865,85.69740295410156,2072800,0.0,0.0
2023-12-11 00:00:00-05:00,85.57040141609586,86.14680144382186,85.26755158579621,86.03933715820312,2220000,0.0,0.0
2023-12-12 00:00:00-05:00,86.29335002876601,86.99674996164623,85.83418576960914,86.55712127685547,2140700,0.0,0.0
2023-12-13 00:00:00-05:00,86.69389173351792,89.253484250101,86.2054203912794,88.75524139404297,2712700,0.0,0.0
2023-12-14 00:00:00-05:00,89.86895259133388,91.26598088371142,88.87247436448573,89.75172424316406,5067600,0.0,0.0
2023-12-15 00:00:00-05:00,89.73218158754388,90.1718102554431,87.72945361205062,88.69662475585938,7153000,0.0,0.0
2023-12-18 00:00:00-05:00,90.33788545919468,90.33788545919468,87.3191288810606,88.06160736083984,3144900,0.0,0.0
2023-12-19 00:00:00-05:00,88.30584554530886,88.97016684550894,88.00299570889501,88.2081527709961,2124700,0.0,0.0
2023-12-20 00:00:00-05:00,87.89553118168809,88.25699519100883,86.4496527839625,86.48873138427734,3196600,0.0,0.0
2023-12-21 00:00:00-05:00,87.34844932872997,87.89553484900233,86.13703502886803,87.87599182128906,2097200,0.0,0.0
2023-12-22 00:00:00-05:00,88.25699295967306,89.09716421149851,87.69037190313553,87.88575744628906,2187700,0.0,0.0
2023-12-26 00:00:00-05:00,87.88576570328972,88.64777982805386,87.43637294903091,88.37423706054688,1008400,0.0,0.0
2023-12-27 00:00:00-05:00,88.33515155570502,88.97016576122039,88.11045892287211,88.95063018798828,1332600,0.0,0.0
2023-12-28 00:00:00-05:00,88.65754776489548,89.22417630528619,88.44261918381754,89.05809783935547,1318300,0.0,0.0
2023-12-29 00:00:00-05:00,88.54031223213303,89.09716926050565,87.98345520376041,88.0909194946289,2331400,0.0,0.0
2024-01-02 00:00:00-05:00,88.22768744448194,88.54030879118238,87.71968055114905,88.1593017578125,1906300,0.0,0.0
2024-01-03 00:00:00-05:00,87.72945611575116,88.20815594454298,86.71343482868606,86.85997772216797,2079200,0.0,0.0
2024-01-04 00:00:00-05:00,86.88928729148752,87.39729422278677,86.27380861198334,86.65481567382812,1824900,0.0,0.0
2024-01-05 00:00:00-05:00,86.78182306896903,87.29960151480525,85.87326604685676,86.47896575927734,3072400,0.0,0.0
2024-01-08 00:00:00-05:00,86.44965562665683,87.74899117929759,86.26404158590896,87.73921966552734,1787200,0.0,0.0
2024-01-09 00:00:00-05:00,86.86973460658857,88.12999146085888,86.59619186987511,87.52428436279297,1731700,0.0,0.0
2024-01-10 00:00:00-05:00,87.65130151866255,88.96040117814017,87.52429419557674,88.63801574707031,1881700,0.0,0.0
2024-01-11 00:00:00-05:00,88.53053897845537,88.901774474326,87.68059625352483,87.9052963256836,1505100,0.0,0.0
2024-01-12 00:00:00-05:00,88.47192672633336,89.98619086190806,88.47192672633336,89.81034088134766,1937000,0.0,0.0
2024-01-16 00:00:00-05:00,89.65402245004182,90.1034226217845,89.11670847218736,89.21440124511719,2243500,0.0,0.0
2024-01-17 00:00:00-05:00,87.91507145957195,89.419564111537,86.02957175100003,87.5731430053711,2005200,0.0,0.0
2024-01-18 00:00:00-05:00,87.58290716880495,88.06160696451049,86.27380018525751,86.9576644897461,2284200,0.0,0.0
2024-01-19 00:00:00-05:00,87.79783282057612,88.12998972189393,86.44964728268974,87.77828979492188,1946600,0.0,0.0
2024-01-22 00:00:00-05:00,87.85644565489704,88.52076690091343,86.82088891537865,86.88927459716797,2170800,0.0,0.0
2024-01-23 00:00:00-05:00,86.89904223095895,87.52428490546077,85.48247842698966,86.0295639038086,2408400,0.0,0.0
2024-01-24 00:00:00-05:00,87.87599565892367,87.87599565892367,85.03309618794897,85.12101745605469,1943000,0.0,0.0
2024-01-25 00:00:00-05:00,86.4496602174137,86.75251753252495,84.85724624843341,85.20894622802734,1790700,0.0,0.0
2024-01-26 00:00:00-05:00,85.44340094428475,85.76579379882754,84.77907966226354,85.37501525878906,1293300,0.0,0.0
2024-01-29 00:00:00-05:00,85.26755187142794,85.69740901534281,84.47623072329445,85.16008758544922,1580900,0.0,0.0
2024-01-30 00:00:00-05:00,85.07217155686172,85.29686420246487,84.33946453658129,84.92562866210938,2878000,0.0,0.0
2024-01-31 00:00:00-05:00,85.50201120335383,85.99048249267561,84.45668294234443,84.51530456542969,2766500,0.0,0.0
2024-02-01 00:00:00-05:00,84.31992021497115,86.27380557240562,83.63606332126153,86.1956558227539,4542600,0.0,0.0
2024-02-02 00:00:00-05:00,85.16985803635217,86.47895757142754,83.43090136272396,85.9025650024414,3900300,0.0,0.0
2024-02-05 00:00:00-05:00,84.84746146449793,85.41408994894648,84.0659118736713,84.51530456542969,2726400,0.0,0.0
2024-02-06 00:00:00-05:00,84.4371582944114,85.63880110113762,84.32969400057893,84.53485107421875,2821200,0.0,0.0
2024-02-07 00:00:00-05:00,84.74978048783277,85.39456625711155,83.65560196427545,84.75955200195312,2645100,0.0,0.0
2024-02-08 00:00:00-05:00,84.5934651635219,85.41410091070996,83.97799394324183,84.97447967529297,2161900,0.0,0.0
2024-02-09 00:00:00-05:00,84.8181658221284,85.658337149384,84.24177320064076,85.63880157470703,2124100,0.0,0.0
2024-02-12 00:00:00-05:00,85.72671947636648,86.03934083329774,85.08193373511263,85.53133392333984,1916300,0.0,0.0
2024-02-13 00:00:00-05:00,84.14407548486659,85.32617530545431,83.43091145885428,85.2577896118164,2552600,0.0,0.0
2024-02-14 00:00:00-05:00,87.5242833068392,92.44807486871895,87.5242833068392,91.21713256835938,5693800,0.0,0.0
2024-02-15 00:00:00-05:00,91.49067676537753,92.1940766359672,90.47465555824583,91.57859802246094,3125100,0.0,0.0
2024-02-16 00:00:00-05:00,90.85565853604588,92.18430102059335,90.67980857622399,90.98265838623047,3102200,0.0,0.0
2024-02-20 00:00:00-05:00,90.46488688552925,91.62745101111514,89.84941570617953,90.6700439453125,3622600,0.0,0.0
2024-02-21 00:00:00-05:00,90.97290830638825,92.34062214463823,90.51374403776944,92.07685089111328,3004700,0.0,0.0
2024-02-22 00:00:00-05:00,92.7356557850703,92.95198446711427,91.37869519138773,92.25383758544922,2609100,0.61,0.0
2024-02-23 00:00:00-05:00,92.60782799975655,92.85365468190689,91.7523484451408,91.8506851196289,2007200,0.0,0.0
2024-02-26 00:00:00-05:00,91.8408620655405,92.03752043638595,90.19874141266969,90.32656860351562,2270000,0.0,0.0
2024-02-27 00:00:00-05:00,90.98537385786588,91.57535641706019,90.37572846424703,90.58222198486328,2707400,0.0,0.0
2024-02-28 00:00:00-05:00,90.40523495266818,91.55570217638946,90.28723542893934,90.32656860351562,3651000,0.0,0.0
2024-02-29 00:00:00-05:00,90.7493786873821,91.45736073077563,89.89389913460911,90.62155151367188,8932800,0.0,0.0
2024-03-01 00:00:00-05:00,90.33640138629157,91.26070470729132,89.6874152759809,91.17221069335938,2556900,0.0,0.0
2024-03-04 00:00:00-05:00,91.103378344705,92.13584600415832,89.5300889336078,91.84085845947266,2521500,0.0,0.0
2024-03-05 00:00:00-05:00,91.64418628416628,92.18500799857196,89.75623912084396,90.02173614501953,2457200,0.0,0.0
2024-03-06 00:00:00-05:00,90.91653956251956,91.24103258464663,90.01189916934862,90.53305053710938,1809300,0.0,0.0
2024-03-07 00:00:00-05:00,91.19186703061335,91.60486157230567,89.93323557525736,90.50355529785156,2102400,0.0,0.0
2024-03-08 00:00:00-05:00,90.7690484769612,90.81821681786728,90.08073671648921,90.46422576904297,3137900,0.0,0.0
2024-03-11 00:00:00-04:00,90.23805888961812,91.26069882961536,89.97256936288545,91.15253448486328,2170500,0.0,0.0
2024-03-12 00:00:00-04:00,90.99521759361579,92.00802245763164,90.76905371524562,91.30987548828125,1743600,0.0,0.0
2024-03-13 00:00:00-04:00,91.34920222913445,91.67369527010175,90.67071814384563,91.13287353515625,2334200,0.0,0.0
2024-03-14 00:00:00-04:00,90.464222631231,90.61172014679767,89.274422342521,90.16922760009766,2517100,0.0,0.0
2024-03-15 00:00:00-04:00,89.76607723578294,90.62155683882611,89.59891688294641,89.8250732421875,6279900,0.0,0.0
2024-03-18 00:00:00-04:00,90.34622177076027,91.22136418082415,90.00206590759501,90.75921630859375,2074100,0.0,0.0
2024-03-19 00:00:00-04:00,91.2115418403788,92.25384465883259,90.78871961179243,92.09651947021484,2686400,0.0,0.0
2024-03-20 00:00:00-04:00,91.82117975945388,92.15550794875864,90.76904185828877,91.43769073486328,2212500,0.0,0.0
2024-03-21 00:00:00-04:00,91.80152980619859,91.96869017328733,89.79558289502546,91.54586791992188,3810100,0.0,0.0
2024-03-22 00:00:00-04:00,91.83102197068123,92.11618184453664,90.4642261111217,90.54289245605469,1659600,0.0,0.0
2024-03-25 00:00:00-04:00,90.8772108531558,91.16237071974453,89.7169085520865,89.74640655517578,1761900,0.0,0.0
2024-03-26 00:00:00-04:00,90.02173974135684,90.8083806731496,89.47108283686292,89.49075317382812,1776400,0.0,0.0
2024-03-27 00:00:00-04:00,90.31672383367082,91.32952858973171,89.618576938736,91.25086975097656,3077200,0.0,0.0
2024-03-28 00:00:00-04:00,91.77202364224257,92.03751317213317,91.38853459793648,91.88018798828125,3519500,0.0,0.0
2024-04-01 00:00:00-04:00,91.88018310757984,91.96867711216409,90.27738833889417,90.45438385009766,2198600,0.0,0.0
2024-04-02 00:00:00-04:00,90.0610681939037,90.46422759175714,89.38259158834978,89.46125793457031,2582000,0.0,0.0
2024-04-03 00:00:00-04:00,89.67757538062233,90.336396625103,89.14659632094443,89.74640655517578,1974800,0.0,0.0
2024-04-04 00:00:00-04:00,90.58223079094135,90.89688868657058,88.60578189856365,88.9302749633789,1787400,0.0,0.0
2024-04-05 00:00:00-04:00,88.93026867200186,90.48388770186506,88.93026867200186,90.22823333740234,1728100,0.0,0.0
2024-04-08 00:00:00-04:00,89.95291348474515,90.53306092233889,89.77591795255732,90.25773620605469,1807500,0.0,0.0
2024-04-09 00:00:00-04:00,90.24789707231305,90.4740609376313,89.47108379861722,90.46422576904297,2019000,0.0,0.0
2024-04-10 00:00:00-04:00,88.4189425788552,89.16625782142131,87.96662236683855,88.69426727294922,4559400,0.0,0.0
2024-04-11 00:00:00-04:00,89.09742645924216,89.72674218784891,88.30095038129446,88.86143493652344,2312300,0.0,0.0
2024-04-12 00:00:00-04:00,88.78276818671954,89.1072612177378,87.8879554348877,88.2911148071289,1808400,0.0,0.0
2024-04-15 00:00:00-04:00,88.9204325716502,89.06793008931632,86.85548983043066,87.61263275146484,1548000,0.0,0.0
2024-04-16 00:00:00-04:00,87.21931211953854,87.7011378638337,86.4031731587419,86.83582305908203,1911100,0.0,0.0
2024-04-17 00:00:00-04:00,86.88498636628078,89.52024879688729,86.83581802721062,88.2026138305664,3175900,0.0,0.0
2024-04-18 00:00:00-04:00,88.25177989805293,89.39241931721072,87.88795370359018,89.29408264160156,1879100,0.0,0.0
2024-04-19 00:00:00-04:00,89.88407951729604,90.4543917681772,89.25475625412314,89.79557800292969,1901600,0.0,0.0
2024-04-22 00:00:00-04:00,90.19874140604439,90.34623143314964,89.2449325532386,90.08074188232422,1940500,0.0,0.0
2024-04-23 00:00:00-04:00,90.26756628484776,91.486864603365,89.88407723707189,91.37870025634766,2379000,0.0,0.0
2024-04-24 00:00:00-04:00,90.66088121428564,92.43083640151167,90.37572885271032,92.1358413696289,2692300,0.0,0.0
2024-04-25 00:00:00-04:00,91.62453582254238,92.54884669487365,91.18205072521232,92.43084716796875,2477900,0.0,0.0
2024-04-26 00:00:00-04:00,92.72582631069353,93.40430284328454,92.39149812622756,92.76515197753906,1857200,0.0,0.0
2024-04-29 00:00:00-04:00,93.50263774992771,94.23029016579709,93.04048986681329,94.18112182617188,2607900,0.0,0.0
2024-04-30 00:00:00-04:00,92.9421531337237,96.55089470191311,92.9421531337237,93.68946838378906,3879100,0.0,0.0
2024-05-01 00:00:00-04:00,93.43380675855323,94.4466190417535,92.56849949451734,92.78482818603516,2283500,0.0,0.0
2024-05-02 00:00:00-04:00,93.41414684106705,94.5842843442539,92.15551532606047,94.47611999511719,3129100,0.0,0.0
2024-05-03 00:00:00-04:00,95.34142904628864,95.58725575304022,93.07982784539554,94.21062469482422,2557300,0.0,0.0
2024-05-06 00:00:00-04:00,94.8891040136071,95.2332598852701,94.25978827627036,95.1644287109375,1605800,0.0,0.0
2024-05-07 00:00:00-04:00,95.8724096479198,96.32472985986062,95.29226225718111,95.83307647705078,1836400,0.0,0.0
2024-05-08 00:00:00-04:00,96.16740270703583,97.01304710829629,95.59708299417922,96.75738525390625,2293600,0.0,0.0
2024-05-09 00:00:00-04:00,97.1802142871202,97.68169536109906,96.24606831203155,97.50470733642578,2253000,0.0,0.0
2024-05-10 00:00:00-04:00,97.84109946169355,98.33579609464718,97.28704164829637,97.78173828125,1763500,0.61,0.0
2024-05-13 00:00:00-04:00,98.03897252628705,98.62271846307998,97.3167196882461,98.42484283447266,2091000,0.0,0.0
2024-05-14 00:00:00-04:00,98.71175584396356,99.26582116668594,97.61353634099278,97.77183532714844,2721800,0.0,0.0
2024-05-15 00:00:00-04:00,99.33508412470628,100.027656382514,98.24675305594926,99.92871856689453,2632600,0.0,0.0
2024-05-16 00:00:00-04:00,100.35415400745161,100.68065557973559,99.74072749726398,99.87924194335938,2326300,0.0,0.0
2024-05-17 00:00:00-04:00,100.43331256273918,100.79938324020118,99.81988602026249,100.21564483642578,1913200,0.0,0.0
2024-05-20 00:00:00-04:00,99.93861121452298,101.06651888086688,99.7209434984792,99.7704086303711,1800700,0.0,0.0
2024-05-21 00:00:00-04:00,99.7506276515745,100.26510882276666,99.30540370628268,100.02765655517578,1472900,0.0,0.0
2024-05-22 00:00:00-04:00,99.98807610726112,101.57111129343997,99.32518446341967,100.78948974609375,2274300,0.0,0.0
2024-05-23 00:00:00-04:00,100.87853628370402,100.9181129200775,98.71176262020323,98.89974975585938,2129800,0.0,0.0
2024-05-24 00:00:00-04:00,99.58242689316639,100.29479120351589,99.0184730722182,99.80009460449219,1936700,0.0,0.0
2024-05-28 00:00:00-04:00,100.36405140767863,100.67076089267621,99.58242985217937,99.7605209350586,2738000,0.0,0.0
2024-05-29 00:00:00-04:00,99.32518434980997,99.84956154653166,98.88984891926161,99.5725326538086,2075900,0.0,0.0
2024-05-30 00:00:00-04:00,99.9979666343645,101.12587423576423,99.8891327826092,101.06651306152344,1672500,0.0,0.0
2024-05-31 00:00:00-04:00,101.76898273650801,102.9463630320287,100.9675766790707,102.57038879394531,7068500,0.0,0.0
2024-06-03 00:00:00-04:00,102.65944723090607,103.29265831626401,102.22411177904563,102.95626068115234,3030100,0.0,0.0
2024-06-04 00:00:00-04:00,102.80785626007317,103.89618732568911,102.31315963493213,103.38169860839844,2039200,0.0,0.0
2024-06-05 00:00:00-04:00,103.27286425289606,104.56897453752508,102.98593930587045,103.89618682861328,2202900,0.0,0.0
2024-06-06 00:00:00-04:00,103.54000091552734,104.13363533171461,103.12445757904337,103.54000091552734,1666300,0.0,0.0
2024-06-07 00:00:00-04:00,102.71880412685827,103.05520174793878,102.0361203873649,102.70890808105469,1967200,0.0,0.0
2024-06-10 00:00:00-04:00,103.44106243080272,104.13363465376713,102.35272386832851,102.43187713623047,2268000,0.0,0.0
2024-06-11 00:00:00-04:00,101.7590870490235,103.01562061471434,101.2841825497872,102.36261749267578,2346500,0.0,0.0
2024-06-12 00:00:00-04:00,104.15342261491989,104.15342261491989,101.51174448687618,101.77888488769531,2182100,0.0,0.0
2024-06-13 00:00:00-04:00,102.2043261763522,102.97605170685844,101.79867131887141,102.76828002929688,1883200,0.0,0.0
2024-06-14 00:00:00-04:00,102.74849052259698,103.36191707307539,102.08559883724766,102.93647766113281,1859500,0.0,0.0
2024-06-17 00:00:00-04:00,102.45167279752599,103.22339831528431,102.20432448806646,102.68912506103516,1900300,0.0,0.0
2024-06-18 00:00:00-04:00,102.7089060959103,103.15413756681109,101.85802733655797,102.83753204345703,2172600,0.0,0.0
2024-06-20 00:00:00-04:00,102.57039060568322,102.78805831610867,101.7096233579638,101.93717956542969,3080000,0.0,0.0
2024-06-21 00:00:00-04:00,101.83824114191191,102.25378446923534,100.72022955693097,101.23471069335938,17573800,0.0,0.0
2024-06-24 00:00:00-04:00,101.31386903252466,102.78806284286887,100.98736745250741,101.87782287597656,3349700,0.0,0.0
2024-06-25 00:00:00-04:00,101.88771806255271,101.99654437316921,99.39444289786861,99.85945892333984,3136500,0.0,0.0
2024-06-26 00:00:00-04:00,99.45380579111993,100.85874993762471,99.06794302896249,100.74991607666016,2846700,0.0,0.0
2024-06-27 00:00:00-04:00,100.97747359914139,102.48135557998201,100.88843182909673,102.25379180908203,2649600,0.0,0.0
2024-06-28 00:00:00-04:00,102.66933686887384,103.7477794642855,102.19443232381697,103.14424896240234,11688700,0.0,0.0
2024-07-01 00:00:00-04:00,103.13434862495342,103.66862187726656,101.84814194950741,102.89689636230469,2494100,0.0,0.0
2024-07-02 00:00:00-04:00,103.44106411142072,104.85589671715302,102.9760480905304,104.84600067138672,2775500,0.0,0.0
2024-07-03 00:00:00-04:00,104.78663980035651,105.10324532956362,104.04459488360816,104.23257446289062,1204800,0.0,0.0
2024-07-05 00:00:00-04:00,104.38098488831085,105.370378110001,103.61915542893678,105.35059356689453,1626900,0.0,0.0
2024-07-08 00:00:00-04:00,104.64811831176934,104.82620939459083,103.17392451692385,103.31243896484375,3726300,0.0,0.0
2024-07-09 00:00:00-04:00,103.05520222114029,103.93576158992107,102.20432344143529,103.71809387207031,4672100,0.0,0.0
2024-07-10 00:00:00-04:00,104.11385061069946,104.29194169009803,101.82834716700594,103.4410629272461,2448000,0.0,0.0
2024-07-11 00:00:00-04:00,103.8566064407253,105.09334795297845,102.64954551701085,103.54000091552734,3071700,0.0,0.0
2024-07-12 00:00:00-04:00,103.84671331301762,103.87639390239029,102.26368564254673,103.09477233886719,3512500,0.0,0.0
2024-07-15 00:00:00-04:00,103.36191185982169,104.45024290222156,102.99583364757673,104.2226791381836,1811600,0.0,0.0
2024-07-16 00:00:00-04:00,104.85589132982622,105.24175406170356,104.22267275732743,104.81631469726562,2181700,0.0,0.0
2024-07-17 00:00:00-04:00,104.8657852611555,105.80571334912105,104.42056133159949,105.65730285644531,2144400,0.0,0.0
2024-07-18 00:00:00-04:00,105.10324646794182,106.43892582286139,104.47002785419792,104.82621002197266,1599300,0.0,0.0
2024-07-19 00:00:00-04:00,105.52868415216552,106.91382861723687,104.73716655914946,106.2707290649414,2100800,0.0,0.0
2024-07-22 00:00:00-04:00,106.250937718966,107.51735983790061,105.84529042234065,107.477783203125,1744100,0.0,0.0
2024-07-23 00:00:00-04:00,107.59651038207541,109.45656687858722,107.2996894030123,108.42759704589844,2601600,0.0,0.0
2024-07-24 00:00:00-04:00,108.4276000922732,110.20851091974612,107.9131189357095,108.38803100585938,2224200,0.0,0.0
2024-07-25 00:00:00-04:00,108.92229923522154,110.6636334682498,107.33927154541016,107.33927154541016,2572600,0.0,0.0
2024-07-26 00:00:00-04:00,107.44810103804265,109.31805360005099,107.0919188787581,108.61558532714844,2104700,0.0,0.0
2024-07-29 00:00:00-04:00,109.130072345403,110.97034429058971,108.20993637280964,110.46575164794922,3316900,0.0,0.0
2024-07-30 00:00:00-04:00,112.76114545857757,114.10672082933355,110.0304180828115,111.04949188232422,3992200,0.0,0.0
2024-07-31 00:00:00-04:00,111.0396007101198,112.58305166649286,110.06009601998676,110.06999206542969,3178400,0.0,0.0
2024-08-01 00:00:00-04:00,111.20780254018865,111.7222837076144,109.89190770924449,111.19790649414062,1967200,0.0,0.0
2024-08-02 00:00:00-04:00,111.18800585296657,113.40425207090308,110.7625664721411,111.56398010253906,2827000,0.0,0.0
2024-08-05 00:00:00-04:00,110.92087117591393,113.46361137321809,109.56539978766168,109.86222076416016,4104400,0.0,0.0
2024-08-06 00:00:00-04:00,110.4459576415541,114.63109410198894,110.09967153926539,113.74063873291016,3935800,0.0,0.0
2024-08-07 00:00:00-04:00,114.34417197619558,116.19433998013918,113.404251454317,113.60212707519531,3426100,0.0,0.0
2024-08-08 00:00:00-04:00,113.5526554286479,115.16537119251302,113.15690418329142,114.50247955322266,2543400,0.0,0.0
2024-08-09 00:00:00-04:00,115.00706254190669,116.42189510861957,114.22544101429193,116.1547622680664,2209200,0.0,0.0
2024-08-12 00:00:00-04:00,116.3736789971825,117.20954350847842,115.19949361612706,116.0453109741211,2116900,0.67,0.0
2024-08-13 00:00:00-04:00,116.77170360478848,117.39860385533748,115.99554862010618,116.59259033203125,1740400,0.0,0.0
2024-08-14 00:00:00-04:00,116.4930893127879,118.04539934434783,116.4930893127879,116.93092346191406,2340400,0.0,0.0
2024-08-15 00:00:00-04:00,116.68214990591264,117.89613901324778,114.78155865942631,115.76667785644531,2462300,0.0,0.0
2024-08-16 00:00:00-04:00,115.74678523728258,115.88609472257748,114.76166599361224,115.3487548828125,3472500,0.0,0.0
2024-08-19 00:00:00-04:00,115.42835906806755,116.42343112899917,114.61240028177552,114.97062683105469,1681900,0.0,0.0
2024-08-20 00:00:00-04:00,115.16963717358769,116.26421491243595,114.92086916058594,115.85623931884766,1681900,0.0,0.0
2024-08-21 00:00:00-04:00,116.21446900062924,116.65230314470115,115.71693296120115,115.7567367553711,3016000,0.0,0.0
2024-08-22 00:00:00-04:00,115.92589272237221,117.29908940526406,115.92589272237221,117.23938751220703,1668700,0.0,0.0
2024-08-23 00:00:00-04:00,117.51800778302079,118.91111017370821,117.42845494243383,118.78175354003906,2221100,0.0,0.0
2024-08-26 00:00:00-04:00,118.92106323220221,119.62756347912826,118.28421772534502,118.65238952636719,1399200,0.0,0.0
2024-08-27 00:00:00-04:00,118.05534658497756,120.19475299598274,117.83642952080997,119.66736602783203,2356000,0.0,0.0
2024-08-28 00:00:00-04:00,119.79672411191346,120.88135659975927,119.78677126565874,120.47337341308594,2948800,0.0,0.0
2024-08-29 00:00:00-04:00,120.39376679193536,120.65248765405143,119.33899283439673,119.95594024658203,2011900,0.0,0.0
2024-08-30 00:00:00-04:00,120.32411179980748,121.10026679273679,119.36884353221775,120.08529663085938,7190700,0.0,0.0
2024-09-03 00:00:00-04:00,119.63751995054447,121.75702075554632,119.63751995054447,121.45849609375,2888900,0.0,0.0
2024-09-04 00:00:00-04:00,121.64756304654317,124.26459991114356,121.57790830388986,123.8665771484375,4334100,0.0,0.0
2024-09-05 00:00:00-04:00,124.56312427124254,124.8815470357095,123.03071234480858,123.3889389038086,2608200,0.0,0.0
2024-09-06 00:00:00-04:00,123.24962597406449,124.21484708707047,122.39386339501571,123.98597717285156,2457000,0.0,0.0
2024-09-09 00:00:00-04:00,124.00588547848824,126.84183939123537,123.85662314796524,126.70252990722656,3460100,0.0,0.0
2024-09-10 00:00:00-04:00,127.24981192033354,128.47375389087495,125.70745478701078,128.3842010498047,2506300,0.0,0.0
2024-09-11 00:00:00-04:00,127.43888160793736,128.1453742433074,126.06567735384608,128.02597045898438,3995000,0.0,0.0
2024-09-12 00:00:00-04:00,127.39906874655732,128.29462748578177,126.42390242417608,128.19512939453125,3055700,0.0,0.0
2024-09-13 00:00:00-04:00,128.41404831986551,129.22999948779972,127.64783860648298,129.110595703125,2100100,0.0,0.0
2024-09-16 00:00:00-04:00,130.32458341111226,130.662904253167,128.46380359621713,128.54339599609375,2199400,0.0,0.0
2024-09-17 00:00:00-04:00,128.31454156366468,128.92153613926155,126.43385594150305,126.8318862915039,2110300,0.0,0.0
2024-09-18 00:00:00-04:00,127.01099683127833,128.0856764755732,126.15523425435437,127.04084777832031,2729300,0.0,0.0
2024-09-19 00:00:00-04:00,127.03090496281206,127.82696566093634,123.87652070972752,124.77208709716797,3091300,0.0,0.0
2024-09-20 00:00:00-04:00,123.36903555590135,125.6776023980593,122.44361824980629,124.65267181396484,10565700,0.0,0.0
2024-09-23 00:00:00-04:00,125.20992063444925,128.07573306039154,124.88154502867712,127.95631408691406,2410000,0.0,0.0
2024-09-24 00:00:00-04:00,126.49356107612186,127.757299232708,126.22488737260221,126.97119140625,2389700,0.0,0.0
2024-09-25 00:00:00-04:00,127.6776989217983,128.9016333553105,127.63790271851782,128.44390869140625,2777800,0.0,0.0
2024-09-26 00:00:00-04:00,128.28469234325135,128.44390752211442,125.4885421926976,125.92637634277344,3376000,0.0,0.0
2024-09-27 00:00:00-04:00,126.72242822433196,126.89158865637405,125.58804665730068,126.57316589355469,2286000,0.0,0.0
2024-09-30 00:00:00-04:00,126.2149401535844,127.39907836914062,125.57809462382244,127.39907836914062,3515400,0.0,0.0
2024-10-01 00:00:00-04:00,127.6776922903161,127.86675840916782,126.2845974939264,126.9512939453125,1981800,0.0,0.0
2024-10-02 00:00:00-04:00,125.79701237297886,127.3393771562749,125.49849529968768,126.40400695800781,2047400,0.0,0.0
2024-10-03 00:00:00-04:00,126.71247558158319,127.14035688154085,125.59799970582188,125.8368148803711,1702500,0.0,0.0
2024-10-04 00:00:00-04:00,124.70243086285502,125.2795744824972,123.92627586696256,124.94124603271484,1966600,0.0,0.0
2024-10-07 00:00:00-04:00,124.29445349974759,124.91139331244499,123.37898144331744,123.65760040283203,2857600,0.0,0.0
2024-10-08 00:00:00-04:00,123.88646999578631,124.38400601986578,123.20982069936636,124.15513610839844,2092200,0.0,0.0
2024-10-09 00:00:00-04:00,124.1849966050545,124.25465134585201,122.63267902302809,123.72725677490234,2413600,0.0,0.0
2024-10-10 00:00:00-04:00,123.7471665367275,123.8367193813559,121.73711665025044,122.50332641601562,1722200,0.0,0.0
2024-10-11 00:00:00-04:00,123.72725352156793,124.69247461280898,122.99090233938497,124.56311798095703,1758300,0.0,0.0
2024-10-14 00:00:00-04:00,125.54823807842301,127.27966890257986,125.10045869495322,126.97119140625,2195700,0.0,0.0
2024-10-15 00:00:00-04:00,127.84685786627954,129.39916789723736,127.46874079694054,128.61306762695312,2442800,0.0,0.0
2024-10-16 00:00:00-04:00,128.5633148126802,130.1056796347443,128.18519773208578,129.70765686035156,1560500,0.0,0.0
2024-10-17 00:00:00-04:00,130.15543554003924,130.3643921811531,129.35937481216834,130.09573364257812,1971500,0.0,0.0
2024-10-18 00:00:00-04:00,130.77236676217257,131.61818407664347,130.07581936509948,131.5883331298828,2187200,0.0,0.0
2024-10-21 00:00:00-04:00,131.29975293527986,131.8868417961318,129.1404484256762,129.4190673828125,2416600,0.0,0.0
2024-10-22 00:00:00-04:00,128.84193423065275,130.0559234353629,128.61307189377658,129.4489288330078,1415900,0.0,0.0
2024-10-23 00:00:00-04:00,129.26981658291794,131.61818728136865,129.0309938194231,131.1206512451172,1676600,0.0,0.0
2024-10-24 00:00:00-04:00,130.79227859729264,131.79729594715695,130.4539577290526,131.38931274414062,1197200,0.0,0.0
2024-10-25 00:00:00-04:00,131.74753563831464,132.00626409331574,129.48873297771075,129.55838012695312,1837100,0.0,0.0
2024-10-28 00:00:00-04:00,130.14546132122314,130.89176532765714,129.2896987865017,129.9265594482422,2282300,0.0,0.0
2024-10-29 00:00:00-04:00,132.96152348000152,137.0512702441502,132.74260641263825,136.66319274902344,4160400,0.0,0.0
2024-10-30 00:00:00-04:00,136.78261904063285,139.11108413599996,136.27512254658933,137.76773071289062,3679200,0.0,0.0
2024-10-31 00:00:00-04:00,136.7030123243346,137.9368920322034,133.96656400194155,134.21533203125,3980900,0.0,0.0
2024-11-01 00:00:00-04:00,134.87206877665812,135.99650513361522,132.49384701168913,132.61326599121094,2217100,0.0,0.0
2024-11-04 00:00:00-05:00,133.0112867827851,134.21533071359946,132.7028168588463,133.64813232421875,2131800,0.0,0.0
2024-11-05 00:00:00-05:00,133.04113157489562,134.50388871986797,132.39434080841167,134.45413208007812,2355400,0.0,0.0
2024-11-06 00:00:00-05:00,135.32979589385945,135.32979589385945,130.5634075574969,133.0112762451172,2928700,0.0,0.0
2024-11-07 00:00:00-05:00,133.25010822784014,136.84231910736256,132.80232882065883,136.24526977539062,2020800,0.0,0.0
2024-11-08 00:00:00-05:00,137.31994004686945,139.49915022046656,137.23038720829277,137.51895141601562,2484900,0.0,0.0
2024-11-11 00:00:00-05:00,137.5189501236897,138.1060389714118,136.2253534610047,136.95176696777344,2868500,0.0,0.0
2024-11-12 00:00:00-05:00,136.90202047802129,137.2900979872339,135.23029146507784,135.29000854492188,2377000,0.0,0.0
2024-11-13 00:00:00-05:00,136.6300048828125,137.30999755859375,134.77999877929688,134.9499969482422,3404800,0.67,0.0
2024-11-14 00:00:00-05:00,134.63999938964844,135.30999755859375,133.25999450683594,134.4199981689453,2215500,0.0,0.0
2024-11-15 00:00:00-05:00,133.91000366210938,136.25,133.80999755859375,136.02000427246094,1994300,0.0,0.0
2024-11-18 00:00:00-05:00,135.1999969482422,137.2100067138672,135.1999969482422,137.00999450683594,2330700,0.0,0.0
2024-11-19 00:00:00-05:00,137.11000061035156,138.58999633789062,136.4199981689453,138.17999267578125,1652600,0.0,0.0
2024-11-20 00:00:00-05:00,137.55999755859375,138.47000122070312,137.16000366210938,137.39999389648438,1720000,0.0,0.0
2024-11-21 00:00:00-05:00,137.27000427246094,138.33999633789062,136.82000732421875,137.8800048828125,1831000,0.0,0.0
2024-11-22 00:00:00-05:00,138.82000732421875,139.33999633789062,137.3000030517578,137.91000366210938,1619100,0.0,0.0
2024-11-25 00:00:00-05:00,137.7899932861328,138.52000427246094,135.69000244140625,135.75,9474900,0.0,0.0
2024-11-26 00:00:00-05:00,136.57000732421875,139.10000610351562,136.0500030517578,138.9600067138672,2874700,0.0,0.0
2024-11-27 00:00:00-05:00,139.8300018310547,140.75,138.88999938964844,139.3000030517578,3352100,0.0,0.0
2024-11-29 00:00:00-05:00,139.32000732421875,140.2899932861328,138.17999267578125,138.17999267578125,2149200,0.0,0.0
2024-12-02 00:00:00-05:00,137.38999938964844,137.8000030517578,133.49000549316406,134.02999877929688,2416300,0.0,0.0
2024-12-03 00:00:00-05:00,134.0,134.3800048828125,132.64999389648438,132.85000610351562,3142000,0.0,0.0
2024-12-04 00:00:00-05:00,132.91000366210938,134.3300018310547,132.25999450683594,133.58999633789062,3159900,0.0,0.0
2024-12-05 00:00:00-05:00,133.0800018310547,133.85000610351562,132.35000610351562,132.61000061035156,2468900,0.0,0.0
2024-12-06 00:00:00-05:00,132.11000061035156,133.1300048828125,130.3800048828125,131.3699951171875,2304700,0.0,0.0
2024-12-09 00:00:00-05:00,131.25,131.88999938964844,129.02999877929688,129.4499969482422,3808200,0.0,0.0
2024-12-10 00:00:00-05:00,129.69000244140625,131.00999450683594,128.80999755859375,129.27000427246094,2581500,0.0,0.0
2024-12-11 00:00:00-05:00,128.22000122070312,129.41000366210938,127.9800033569336,128.58999633789062,2252900,0.0,0.0
2024-12-12 00:00:00-05:00,128.8699951171875,130.22000122070312,128.44000244140625,128.44000244140625,1810900,0.0,0.0
2024-12-13 00:00:00-05:00,128.4499969482422,129.64999389648438,127.9000015258789,129.1199951171875,1955400,0.0,0.0
2024-12-16 00:00:00-05:00,129.5,130.49000549316406,128.66000366210938,128.6999969482422,2170600,0.0,0.0
2024-12-17 00:00:00-05:00,128.13999938964844,131.02000427246094,127.72000122070312,129.22999572753906,3497900,0.0,0.0
2024-12-18 00:00:00-05:00,128.7100067138672,129.94000244140625,125.4000015258789,125.58999633789062,4105100,0.0,0.0
2024-12-19 00:00:00-05:00,125.9800033569336,128.3800048828125,123.66000366210938,123.77999877929688,4629100,0.0,0.0
2024-12-20 00:00:00-05:00,124.58000183105469,126.5999984741211,123.25,124.63999938964844,11368600,0.0,0.0
2024-12-23 00:00:00-05:00,124.7699966430664,126.0199966430664,124.0199966430664,125.62000274658203,1871900,0.0,0.0
2024-12-24 00:00:00-05:00,125.0199966430664,126.88999938964844,125.0199966430664,126.58999633789062,1074800,0.0,0.0
2024-12-26 00:00:00-05:00,125.5999984741211,126.87000274658203,125.5999984741211,126.38999938964844,1079000,0.0,0.0
2024-12-27 00:00:00-05:00,125.5999984741211,126.43000030517578,124.70999908447266,125.0,2612200,0.0,0.0
2024-12-30 00:00:00-05:00,124.3499984741211,125.22000122070312,123.4800033569336,124.91999816894531,1255000,0.0,0.0
2024-12-31 00:00:00-05:00,125.94000244140625,126.2699966430664,124.75,126.02999877929688,2645400,0.0,0.0
2025-01-02 00:00:00-05:00,125.63999938964844,126.11000061035156,123.56999969482422,124.72000122070312,1716200,0.0,0.0
2025-01-03 00:00:00-05:00,124.91999816894531,126.18000030517578,124.45999908447266,125.81999969482422,2433700,0.0,0.0
2025-01-06 00:00:00-05:00,125.77999877929688,126.31999969482422,123.7699966430664,124.05000305175781,2136800,0.0,0.0
2025-01-07 00:00:00-05:00,124.7300033569336,125.58000183105469,123.66000366210938,124.23999786376953,2606300,0.0,0.0
2025-01-08 00:00:00-05:00,124.87000274658203,127.18000030517578,124.01000213623047,126.4800033569336,2353100,0.0,0.0
2025-01-10 00:00:00-05:00,125.12999725341797,126.2699966430664,123.11000061035156,124.77999877929688,3116200,0.0,0.0
2025-01-13 00:00:00-05:00,124.5,125.91000366210938,124.19000244140625,125.72000122070312,2392100,0.0,0.0
2025-01-14 00:00:00-05:00,125.73999786376953,127.0,125.69999694824219,126.87000274658203,1844300,0.0,0.0
2025-01-15 00:00:00-05:00,128.92999267578125,129.42999267578125,125.81179809570312,126.58999633789062,2510750,0.0,0.0
