Date,Open,High,Low,Close,Volume,Dividends,Stock Splits
2022-01-03 00:00:00-05:00,100.30626174765324,102.02763573348389,98.97389937702233,99.75192260742188,89900,0.0,0.0
2022-01-04 00:00:00-05:00,99.98533912984063,102.36803093396269,99.98533912984063,101.14264678955078,96000,0.0,0.0
2022-01-05 00:00:00-05:00,100.9481488227614,101.64836094289605,98.99337051046129,99.05171966552734,102800,0.0,0.0
2022-01-06 00:00:00-05:00,99.3532104479378,100.72446756958405,98.91556951311216,100.22847747802734,100200,0.0,0.0
2022-01-07 00:00:00-05:00,99.89779925845127,100.60773856708249,98.4292839888605,98.52653503417969,62300,0.0,0.0
2022-01-10 00:00:00-05:00,97.67073096527105,97.88468775083345,96.09523706958639,97.70963287353516,60600,0.0,0.0
2022-01-11 00:00:00-05:00,97.5248615905787,97.89442605060225,95.42421024742966,97.22338104248047,79200,0.0,0.0
2022-01-12 00:00:00-05:00,98.01110305491864,99.34346544832201,97.12610884949795,97.40814208984375,86500,0.0,0.0
2022-01-13 00:00:00-05:00,97.36925395955984,99.7227638459921,97.36925395955984,98.09864807128906,73700,0.0,0.0
2022-01-14 00:00:00-05:00,96.89271607108901,98.75024339849396,95.71596106787571,98.67243957519531,83900,0.0,0.0
2022-01-18 00:00:00-05:00,97.63182822002835,97.69990470396185,94.57809893538847,95.08380889892578,101300,0.0,0.0
2022-01-19 00:00:00-05:00,95.96881383297676,96.2702943548389,93.97513364831161,94.5781021118164,90500,0.0,0.0
2022-01-20 00:00:00-05:00,94.928212608653,96.78573241545044,93.73200300465504,93.80980682373047,84700,0.0,0.0
2022-01-21 00:00:00-05:00,93.61530397248403,96.76628442288671,93.26519420913033,94.5781021118164,122300,0.0,0.0
2022-01-24 00:00:00-05:00,92.99289006773455,97.94304125261885,92.22459403990715,97.34980010986328,197800,0.0,0.0
2022-01-25 00:00:00-05:00,95.32693843632185,95.59925178663036,91.78694649989272,94.02375793457031,106200,0.0,0.0
2022-01-26 00:00:00-05:00,94.98655602316138,97.29144394047107,93.21656005494683,94.02375793457031,219500,0.0,0.0
2022-01-27 00:00:00-05:00,100.28683394389438,100.28683394389438,95.87156720811348,96.77601623535156,167800,0.0,0.0
2022-01-28 00:00:00-05:00,98.31259697184534,98.84748895245257,93.65420646341765,97.19419860839844,179700,0.0,0.0
2022-01-31 00:00:00-05:00,96.17304980067686,97.1650300039102,94.62673775769332,95.28805541992188,146400,0.0,0.0
2022-02-01 00:00:00-05:00,95.32694228094442,97.1455675614345,93.74172845298962,96.9899673461914,157700,0.0,0.0
2022-02-02 00:00:00-05:00,96.49398212235168,97.57348603016572,94.53920377309642,96.67876434326172,154400,0.0,0.0
2022-02-03 00:00:00-05:00,95.62843015346881,96.96078528348959,95.20051657722718,95.29776763916016,119600,0.0,0.0
2022-02-04 00:00:00-05:00,94.6656334094301,94.6656334094301,92.10789388583656,92.84701538085938,147200,0.0,0.0
2022-02-07 00:00:00-05:00,93.01232939990915,93.18738427008836,91.72859615852167,92.20513153076172,101300,0.0,0.0
2022-02-08 00:00:00-05:00,92.51635087844028,93.81953894524537,92.51635087844028,93.47915649414062,137500,0.0,0.0
2022-02-09 00:00:00-05:00,94.2377271381725,94.97684863260702,94.02377033032715,94.5683822631836,155600,0.0,0.0
2022-02-10 00:00:00-05:00,92.90536042686159,94.5197563287655,91.45629950005709,92.38992309570312,168700,0.0,0.0
2022-02-11 00:00:00-05:00,92.51633997168769,92.96370077179753,91.39794168130308,92.27320861816406,154000,0.0,0.0
2022-02-14 00:00:00-05:00,92.46842672037099,93.63965891219422,92.08777830580641,93.12236785888672,157400,0.34,0.0
2022-02-15 00:00:00-05:00,93.91293638920678,96.34323162951836,93.62988881918793,96.00162506103516,121200,0.0,0.0
2022-02-16 00:00:00-05:00,95.53312574275951,98.04150448094876,94.87919213919031,97.5632553100586,125600,0.0,0.0
2022-02-17 00:00:00-05:00,96.43108561101012,97.40710871457716,95.46481737702372,96.59700775146484,135400,0.0,0.0
2022-02-18 00:00:00-05:00,96.11874956569245,98.02199146184293,95.68929705724224,95.81617736816406,135700,0.0,0.0
2022-02-22 00:00:00-05:00,95.12320884751558,96.49940496988926,94.60591780456895,95.42577362060547,83600,0.0,0.0
2022-02-23 00:00:00-05:00,95.91378962787692,95.91378962787692,93.66894089864685,93.74702453613281,95100,0.0,0.0
2022-02-24 00:00:00-05:00,92.34154712688185,96.44084121447148,91.9901782112067,96.0504379272461,167600,0.0,0.0
2022-02-25 00:00:00-05:00,96.52868237823648,99.388430249448,96.30419379739898,98.20744323730469,128400,0.0,0.0
2022-02-28 00:00:00-05:00,97.21189167292059,99.32010497845238,97.21189167292059,98.6759262084961,238700,0.0,0.0
2022-03-01 00:00:00-05:00,97.95367465527704,98.46120336877836,94.8011169028223,95.73809814453125,171800,0.0,0.0
2022-03-02 00:00:00-05:00,96.67507844072577,100.2668432787224,95.72833496561378,99.368896484375,226700,0.0,0.0
2022-03-03 00:00:00-05:00,100.1789944870183,100.38395841190885,98.0512641688912,98.94920349121094,164600,0.0,0.0
2022-03-04 00:00:00-05:00,97.90486120526798,98.29527188043717,96.60675632154204,98.10982513427734,116900,0.0,0.0
2022-03-07 00:00:00-05:00,98.33431231543126,98.33431231543126,95.48432708559945,96.4603500366211,135500,0.0,0.0
2022-03-08 00:00:00-05:00,97.43638159418396,100.19852857670666,96.81172744607163,98.51976776123047,131800,0.0,0.0
2022-03-09 00:00:00-05:00,100.70605038847727,100.70605038847727,99.11513562737744,99.57386016845703,113600,0.0,0.0
2022-03-10 00:00:00-05:00,97.96344323433361,101.0183929191813,97.86583496516204,99.71052551269531,146400,0.0,0.0
2022-03-11 00:00:00-05:00,100.01308834933306,101.10622945669809,98.33432742420499,98.53929138183594,187100,0.0,0.0
2022-03-14 00:00:00-04:00,99.40794459098969,100.13996186698589,98.19767811301946,98.7247314453125,165500,0.0,0.0
2022-03-15 00:00:00-04:00,99.74955924217639,100.04236915487438,98.27576970193529,99.32011413574219,122000,0.0,0.0
2022-03-16 00:00:00-04:00,99.99356252736706,101.04766925103827,97.9146360277365,99.56411743164062,181700,0.0,0.0
2022-03-17 00:00:00-04:00,99.12490029043002,100.52061357394062,98.64665107266437,99.67147827148438,210700,0.0,0.0
2022-03-18 00:00:00-04:00,98.6076125292977,99.64219463167056,96.67509096273457,99.54459381103516,316400,0.0,0.0
2022-03-21 00:00:00-04:00,99.45675604237958,100.67678492551362,98.94921985697523,99.86668395996094,143300,0.0,0.0
2022-03-22 00:00:00-04:00,100.62797794129243,100.9598296602671,97.28021848294006,97.70967102050781,203300,0.0,0.0
2022-03-23 00:00:00-04:00,97.11429279747414,98.68569049272836,96.41155501494246,97.90486907958984,147500,0.0,0.0
2022-03-24 00:00:00-04:00,98.29527919783024,98.39288001227216,97.2997389761789,97.44613647460938,112400,0.0,0.0
2022-03-25 00:00:00-04:00,97.6315874154472,98.73449826061882,97.11429637493474,98.57833099365234,138100,0.0,0.0
2022-03-28 00:00:00-04:00,97.77798958764791,97.77798958764791,95.84546066942072,96.35299682617188,137300,0.0,0.0
2022-03-29 00:00:00-04:00,97.12406311941798,99.87644803025225,97.12406311941798,99.30059051513672,163100,0.0,0.0
2022-03-30 00:00:00-04:00,99.76907931354754,100.47181711472486,98.03175944200639,98.4612045288086,140100,0.0,0.0
2022-03-31 00:00:00-04:00,97.96342345854175,100.64748649669052,97.96342345854175,100.19851684570312,329700,0.0,0.0
2022-04-01 00:00:00-04:00,100.54988811038322,102.22864889398747,100.1204430457497,101.09646606445312,337200,0.0,0.0
2022-04-04 00:00:00-04:00,101.09647414827957,101.24287910208479,98.86138036315148,100.75486755371094,167700,0.0,0.0
2022-04-05 00:00:00-04:00,100.76461101087362,101.03789625557692,99.03705360173376,99.21273803710938,273000,0.0,0.0
2022-04-06 00:00:00-04:00,98.41240368574638,101.43807358280317,98.41240368574638,99.27130126953125,267700,0.0,0.0
2022-04-07 00:00:00-04:00,99.26154314760166,99.5836325475521,98.27576520927823,98.4612045288086,220300,0.0,0.0
2022-04-08 00:00:00-04:00,98.58809279703266,99.64219205771704,97.12405818592451,97.1826171875,189200,0.0,0.0
2022-04-11 00:00:00-04:00,97.1142917426759,98.27576153432639,95.96258426636146,96.1187515258789,189700,0.0,0.0
2022-04-12 00:00:00-04:00,96.78244755560775,98.6856894919426,96.78244755560775,96.98741149902344,160800,0.0,0.0
2022-04-13 00:00:00-04:00,97.13381371027957,98.18792042453794,96.99717107470516,97.57302856445312,153400,0.0,0.0
2022-04-14 00:00:00-04:00,97.64134559308656,98.44168418620755,95.42576912730566,95.57217407226562,171600,0.0,0.0
2022-04-18 00:00:00-04:00,95.24033970982224,96.35300549278756,94.99633392502344,95.4648208618164,129800,0.0,0.0
2022-04-19 00:00:00-04:00,96.03090604903942,97.78775049485334,95.09392482676027,97.44613647460938,160400,0.0,0.0
2022-04-20 00:00:00-04:00,98.12935676230637,101.62352101225935,98.12935676230637,100.59869384765625,301600,0.0,0.0
2022-04-21 00:00:00-04:00,101.81872127190867,101.965126214379,99.87643754476544,100.8915023803711,161100,0.0,0.0
2022-04-22 00:00:00-04:00,100.48158073840628,100.48158073840628,97.19238747474886,97.77799987792969,137900,0.0,0.0
2022-04-25 00:00:00-04:00,96.86053172743411,96.96789486566816,94.31311080472695,96.57748413085938,169400,0.0,0.0
2022-04-26 00:00:00-04:00,95.48433215805159,96.87028303497735,93.51276152223139,93.75676727294922,166400,0.0,0.0
2022-04-27 00:00:00-04:00,93.56156658661105,95.08416010344813,92.81002469686429,93.94221496582031,168300,0.0,0.0
2022-04-28 00:00:00-04:00,101.0183884536116,103.72196910003173,96.43108297101915,102.46290588378906,315700,0.0,0.0
2022-04-29 00:00:00-04:00,102.72641820085342,104.82486908807346,101.23310423934419,102.17984771728516,234200,0.0,0.0
2022-05-02 00:00:00-04:00,102.43360732066836,103.00946474286846,96.33346378212298,99.1151351928711,244400,0.0,0.0
2022-05-03 00:00:00-04:00,99.56410980583469,104.47350437791124,99.26153760770823,104.24901580810547,235100,0.0,0.0
2022-05-04 00:00:00-04:00,105.13719992817025,109.00225015785364,104.59062942492147,108.4751968383789,238000,0.0,0.0
2022-05-05 00:00:00-04:00,107.43086117528928,108.10431948998765,103.6243696365252,104.84439849853516,181100,0.0,0.0
2022-05-06 00:00:00-04:00,104.21974129060648,105.58617506567262,102.24817798329266,102.82402801513672,194200,0.0,0.0
2022-05-09 00:00:00-04:00,101.68209349602232,104.74680563444053,101.68209349602232,103.77078247070312,259700,0.0,0.0
2022-05-10 00:00:00-04:00,104.5711105119146,104.6979908295444,98.7735311271853,99.8764419555664,176300,0.0,0.0
2022-05-11 00:00:00-04:00,100.7255787272092,101.54544198534848,98.14887839556886,99.51531219482422,301200,0.0,0.0
2022-05-12 00:00:00-04:00,99.59338921919363,101.6527983739764,99.08585308201035,101.50639343261719,158900,0.0,0.0
2022-05-13 00:00:00-04:00,102.23101679482458,104.64970197285444,101.76098585107898,103.87611389160156,172800,0.34,0.0
2022-05-16 00:00:00-04:00,103.29837133516105,105.15889903572156,102.41706795374938,104.40489959716797,149100,0.0,0.0
2022-05-17 00:00:00-04:00,106.00104337365677,106.49065558323485,105.37434034306797,105.6093521118164,184700,0.0,0.0
2022-05-18 00:00:00-04:00,104.32657722691835,105.40372266312757,102.06457106378998,102.84794616699219,236500,0.0,0.0
2022-05-19 00:00:00-04:00,101.5651583934012,102.43666753258188,99.99840081009265,100.8209457397461,194800,0.0,0.0
2022-05-20 00:00:00-04:00,101.33992593788466,101.53577529051121,97.44261720672749,98.49038696289062,214600,0.0,0.0
2022-05-23 00:00:00-04:00,99.63607812369236,100.61530247871636,98.02035644372496,98.19661712646484,328700,0.0,0.0
2022-05-24 00:00:00-04:00,97.56992089624639,97.73638725511937,94.55390788081958,96.45360565185547,331500,0.0,0.0
2022-05-25 00:00:00-04:00,96.39485287583554,98.56873225156218,95.90524067304628,97.20760345458984,204700,0.0,0.0
2022-05-26 00:00:00-04:00,97.86368703967356,99.69483185099622,97.37407484911428,99.05834197998047,196600,0.0,0.0
2022-05-27 00:00:00-04:00,99.73399501862701,102.00579513127607,99.73399501862701,101.05594635009766,217100,0.0,0.0
2022-05-31 00:00:00-04:00,100.01797753390711,101.95684509269148,98.92124353924342,101.2615966796875,201200,0.0,0.0
2022-06-01 00:00:00-04:00,101.54556389395259,102.30936517594297,100.17465575653429,101.33992767333984,279800,0.0,0.0
2022-06-02 00:00:00-04:00,102.04496843381875,103.43546521530942,101.05594975024519,103.1514892578125,174500,0.0,0.0
2022-06-03 00:00:00-04:00,102.43665706740516,103.32774731682713,101.65327462033841,102.03517150878906,305800,0.0,0.0
2022-06-06 00:00:00-04:00,103.05356646304529,104.85534311625602,101.8882945898068,104.58116149902344,220300,0.0,0.0
2022-06-07 00:00:00-04:00,103.78798357977637,105.3939108668252,103.25920155049609,104.78679656982422,146100,0.0,0.0
2022-06-08 00:00:00-04:00,104.2874003191866,104.69867278095303,103.03399426186638,103.44526672363281,179800,0.0,0.0
2022-06-09 00:00:00-04:00,103.44525658232385,104.23842589095598,102.53457766575453,102.58354187011719,125100,0.0,0.0
2022-06-10 00:00:00-04:00,101.00700414318746,101.00700414318746,98.86250019359503,99.1856460571289,143000,0.0,0.0
2022-06-13 00:00:00-04:00,97.04113348583063,97.5013701346603,95.40583058240995,96.55152130126953,163500,0.0,0.0
2022-06-14 00:00:00-04:00,95.7975275150174,96.99218251165631,94.30910220183502,95.77793884277344,206800,0.0,0.0
2022-06-15 00:00:00-04:00,97.16843557069373,97.8636839629232,95.02393185278092,96.03253173828125,139800,0.0,0.0
2022-06-16 00:00:00-04:00,94.46576926585922,95.33727829379984,90.11801099010083,90.66637420654297,158500,0.0,0.0
2022-06-17 00:00:00-04:00,91.35183339141139,91.35183339141139,88.11060343609786,88.49250030517578,368500,0.0,0.0
2022-06-21 00:00:00-04:00,90.12782937860838,90.62723599594526,88.63940386404492,89.82427215576172,225300,0.0,0.0
2022-06-22 00:00:00-04:00,88.4337489222472,89.95154965764125,87.92455554591575,89.55006408691406,160200,0.0,0.0
2022-06-23 00:00:00-04:00,89.40319402615934,90.28449004215331,87.66016825392765,88.53168487548828,155200,0.0,0.0
2022-06-24 00:00:00-04:00,88.9919011780234,93.1340232301759,88.9919011780234,93.03610229492188,507600,0.0,0.0
2022-06-27 00:00:00-04:00,94.5832785515268,96.03253390998395,93.6726070571767,94.85746765136719,191100,0.0,0.0
2022-06-28 00:00:00-04:00,95.58208990341319,96.23816842834727,92.2429312663407,92.51712036132812,311500,0.0,0.0
2022-06-29 00:00:00-04:00,92.75212837913496,93.08506106044888,90.9993159575123,92.24292755126953,130000,0.0,0.0
2022-06-30 00:00:00-04:00,91.08744647835789,94.63224134323039,90.61742297029626,94.17200469970703,270400,0.0,0.0
2022-07-01 00:00:00-04:00,93.96635131035788,95.27851559494013,92.61502463300087,93.7802963256836,147600,0.0,0.0
2022-07-05 00:00:00-04:00,92.00793455151214,92.859862569255,89.51091652029093,91.244140625,250300,0.0,0.0
2022-07-06 00:00:00-04:00,91.13641123760975,91.91979371698454,89.32484765880567,91.03849029541016,152400,0.0,0.0
2022-07-07 00:00:00-04:00,92.08625554561846,93.3298671393757,91.90020053494972,92.24292755126953,107500,0.0,0.0
2022-07-08 00:00:00-04:00,92.5171153543074,92.5171153543074,90.84263522324927,91.43017578125,96900,0.0,0.0
2022-07-11 00:00:00-04:00,90.59783602702699,92.34086169275226,90.59783602702699,91.34204864501953,95100,0.0,0.0
2022-07-12 00:00:00-04:00,91.23433740553187,92.45836793035942,90.10822782851265,90.68597412109375,86300,0.0,0.0
2022-07-13 00:00:00-04:00,89.3052631446178,89.62840899271765,88.3750029440884,88.8156509399414,114700,0.0,0.0
2022-07-14 00:00:00-04:00,86.72012165925483,88.06166194981888,86.25988493654708,87.85602569580078,177600,0.0,0.0
2022-07-15 00:00:00-04:00,89.27588165125903,89.27588165125903,87.5524521848244,88.57083892822266,269400,0.0,0.0
2022-07-18 00:00:00-04:00,89.88300156479028,90.3236495220795,87.9049642473097,87.92455291748047,114500,0.0,0.0
2022-07-19 00:00:00-04:00,89.03107063478129,91.9197867721977,89.03107063478129,91.76310729980469,179100,0.0,0.0
2022-07-20 00:00:00-04:00,92.07646788558623,93.58447433760318,91.41059500379808,93.46696472167969,133800,0.0,0.0
2022-07-21 00:00:00-04:00,92.30168397900388,92.74233192263684,91.12661034450193,92.65420532226562,153900,0.0,0.0
2022-07-22 00:00:00-04:00,92.83047294873408,93.7215632375421,91.66519356171152,92.56607818603516,104700,0.0,0.0
2022-07-25 00:00:00-04:00,92.22336239279022,93.51593841550931,92.02752048394095,93.34947204589844,94300,0.0,0.0
2022-07-26 00:00:00-04:00,93.64322026924778,94.19159097589687,92.7325413407808,93.56488800048828,79500,0.0,0.0
2022-07-27 00:00:00-04:00,93.71176377024777,96.37525509707794,93.39841228890826,95.37644958496094,106900,0.0,0.0
2022-07-28 00:00:00-04:00,96.19900126597926,97.23698419186078,95.170820146663,96.85508728027344,60700,0.0,0.0
2022-07-29 00:00:00-04:00,96.620066484723,98.85269684581371,96.620066484723,98.50017547607422,94100,0.0,0.0
2022-08-01 00:00:00-04:00,97.71681984529302,102.19187579052947,97.71681984529302,101.15390014648438,207400,0.0,0.0
2022-08-02 00:00:00-04:00,100.69364480767521,100.69364480767521,98.56872969568212,98.80374145507812,71800,0.0,0.0
2022-08-03 00:00:00-04:00,99.7144206419542,101.01679086341788,98.46101462796088,100.45862579345703,122500,0.0,0.0
2022-08-04 00:00:00-04:00,100.13548042295886,100.7719777211188,99.56752852793069,100.16485595703125,81200,0.0,0.0
2022-08-05 00:00:00-04:00,99.05834858334917,101.39869441256215,98.28476037419034,101.30076599121094,106900,0.0,0.0
2022-08-08 00:00:00-04:00,101.80995141388911,102.82834557987047,101.67286060990013,102.6129150390625,266900,0.0,0.0
2022-08-09 00:00:00-04:00,102.4758387123209,102.4758387123209,101.24201383122328,101.76100158691406,136400,0.0,0.0
2022-08-10 00:00:00-04:00,103.52358549982713,105.60933039419469,102.9164637952793,103.8369369506836,212000,0.0,0.0
2022-08-11 00:00:00-04:00,113.76629326142658,118.6819965560239,113.11021469392243,116.41999053955078,516900,0.0,0.0
2022-08-12 00:00:00-04:00,114.93712211053669,116.01735671368499,110.11533736975943,111.39198303222656,471000,0.34,0.0
2022-08-15 00:00:00-04:00,110.33137600594775,112.27580411305803,109.97784362283677,111.33305358886719,249100,0.0,0.0
2022-08-16 00:00:00-04:00,111.63748483269828,114.08274431549023,111.63748483269828,114.07292938232422,153100,0.0,0.0
2022-08-17 00:00:00-04:00,112.68826871103997,112.92395449546295,111.47055008381926,111.55892944335938,126100,0.0,0.0
2022-08-18 00:00:00-04:00,112.55076983734318,113.42477835253595,111.8535275101846,113.04178619384766,139600,0.0,0.0
2022-08-19 00:00:00-04:00,112.64898806209924,112.64898806209924,110.65546256231528,110.81258392333984,129300,0.0,0.0
2022-08-22 00:00:00-04:00,109.48682868452224,109.50647353512637,107.63078739514003,108.42623901367188,270200,0.0,0.0
2022-08-23 00:00:00-04:00,108.20036136730937,109.77161216244042,108.20036136730937,109.42790222167969,106600,0.0,0.0
2022-08-24 00:00:00-04:00,108.73066867042834,110.21354023975609,108.73066867042834,109.75198364257812,101100,0.0,0.0
2022-08-25 00:00:00-04:00,110.52779530372261,111.59820746586873,109.88947248140859,110.95988464355469,80400,0.0,0.0
2022-08-26 00:00:00-04:00,110.85186846168723,110.85186846168723,106.6094867326189,107.0317611694336,86600,0.0,0.0
2022-08-29 00:00:00-04:00,106.45235898976782,107.100496753766,105.89260058309473,106.76660919189453,98400,0.0,0.0
2022-08-30 00:00:00-04:00,106.60946453286024,106.60946453286024,104.09546328871131,104.49810028076172,104500,0.0,0.0
2022-08-31 00:00:00-04:00,105.018588158753,105.26409635437956,103.42769235385938,104.1151123046875,151200,0.0,0.0
2022-09-01 00:00:00-04:00,104.31153161242973,104.31153161242973,102.19033703802062,102.84830474853516,119300,0.0,0.0
2022-09-02 00:00:00-04:00,104.22312653283383,104.91055391016984,102.31798821192591,103.07415008544922,89100,0.0,0.0
2022-09-06 00:00:00-04:00,102.9955914058521,104.09547077542975,101.10026791185213,102.7304458618164,121400,0.0,0.0
2022-09-07 00:00:00-04:00,102.86793822280575,104.76326187113816,101.73859897774376,104.32135009765625,96800,0.0,0.0
2022-09-08 00:00:00-04:00,103.54553488555719,106.21666514699268,103.03487366317468,105.8729476928711,132000,0.0,0.0
2022-09-09 00:00:00-04:00,106.4425289084824,108.22000578402243,106.22648050524909,106.96300506591797,133700,0.0,0.0
2022-09-12 00:00:00-04:00,108.10217090798704,109.18240547439325,107.46384809846478,108.93689727783203,128900,0.0,0.0
2022-09-13 00:00:00-04:00,106.33451651040131,106.3443389368155,102.21979644384068,102.74028015136719,109700,0.0,0.0
2022-09-14 00:00:00-04:00,102.73044668948197,103.74193922432016,102.19032567946385,103.33930969238281,141100,0.0,0.0
2022-09-15 00:00:00-04:00,102.40638424696046,103.8303363727328,101.6698596105556,103.11344909667969,115600,0.0,0.0
2022-09-16 00:00:00-04:00,101.95463295833288,103.11343182520395,100.80565651615044,102.57331085205078,367200,0.0,0.0
2022-09-19 00:00:00-04:00,101.55200627548405,104.40971756946567,101.55200627548405,103.72229766845703,126000,0.0,0.0
2022-09-20 00:00:00-04:00,102.71081287212462,103.47680479379311,101.20830380034631,102.74028015136719,150700,0.0,0.0
2022-09-21 00:00:00-04:00,103.87942265368626,105.3721166230237,101.59128455777844,101.66002655029297,101300,0.0,0.0
2022-09-22 00:00:00-04:00,101.38505784680532,101.38505784680532,99.54866142049512,100.06913757324219,122100,0.0,0.0
2022-09-23 00:00:00-04:00,98.85141744397548,99.62721670151959,97.07393312146158,98.06578826904297,283800,0.0,0.0
2022-09-26 00:00:00-04:00,97.8693911992763,98.71393250360214,94.69742199900928,94.79562377929688,294300,0.0,0.0
2022-09-27 00:00:00-04:00,96.15084023139585,97.28999444484606,94.83491231240085,96.82843780517578,174100,0.0,0.0
2022-09-28 00:00:00-04:00,96.91682832291336,98.89070903757515,95.52233592479074,97.90867614746094,183000,0.0,0.0
2022-09-29 00:00:00-04:00,97.03465100921942,99.03799866419027,96.7204008373994,98.8514175415039,169600,0.0,0.0
2022-09-30 00:00:00-04:00,98.84159215078438,102.57331189264158,98.28183381489006,100.93331909179688,357100,0.0,0.0
2022-10-03 00:00:00-04:00,102.04302787641173,105.12661014912268,101.43416486685346,103.85978698730469,289500,0.0,0.0
2022-10-04 00:00:00-04:00,105.42121471562051,107.98432080470073,105.42121471562051,107.76827239990234,238100,0.0,0.0
2022-10-05 00:00:00-04:00,106.13811014422257,110.38049167331425,106.13811014422257,108.96636199951172,271000,0.0,0.0
2022-10-06 00:00:00-04:00,108.39676215861817,110.72418225672449,108.04322980213837,108.27892303466797,165800,0.0,0.0
2022-10-07 00:00:00-04:00,107.20851251268624,107.53258511529896,105.0775032633515,105.96133422851562,199900,0.0,0.0
2022-10-10 00:00:00-04:00,106.62911612290092,108.25928656636174,105.92205135520605,107.51294708251953,134600,0.0,0.0
2022-10-11 00:00:00-04:00,107.29689140112838,108.70119841602956,106.39341565242944,107.2281494140625,171900,0.0,0.0
2022-10-12 00:00:00-04:00,107.25763112872953,107.25763112872953,104.93021053244787,104.94003295898438,120400,0.0,0.0
2022-10-13 00:00:00-04:00,103.80086181505177,108.78959013397238,102.63224790200935,108.52444458007812,212700,0.0,0.0
2022-10-14 00:00:00-04:00,108.9565350257956,109.00563966220933,105.02840386679708,105.31319427490234,105100,0.0,0.0
2022-10-17 00:00:00-04:00,107.53258590303759,110.10551439996021,107.53258590303759,109.51628875732422,180800,0.0,0.0
2022-10-18 00:00:00-04:00,111.66695957121082,113.02216226883225,109.378821128118,110.23319244384766,183300,0.0,0.0
2022-10-19 00:00:00-04:00,109.59485586935673,109.85018648795447,107.68971738623188,109.48683166503906,140100,0.0,0.0
2022-10-20 00:00:00-04:00,108.94670371584246,109.47700224167234,105.6961705756064,106.27557373046875,144800,0.0,0.0
2022-10-21 00:00:00-04:00,106.47198873707114,109.98766777296996,106.47198873707114,109.51628875732422,93000,0.0,0.0
2022-10-24 00:00:00-04:00,109.98767278027523,113.24802135228362,109.98767278027523,113.0810775756836,212500,0.0,0.0
2022-10-25 00:00:00-04:00,112.6195050506053,115.1040464662386,112.6195050506053,114.04344940185547,207700,0.0,0.0
2022-10-26 00:00:00-04:00,115.17279430601488,115.47722204666034,112.5311239351805,114.68177795410156,238700,0.0,0.0
2022-10-27 00:00:00-04:00,119.98475982296154,122.71480962660303,115.68345914229421,118.99290466308594,393600,0.0,0.0
2022-10-28 00:00:00-04:00,120.75075294581526,125.08152121727302,118.83579197073811,124.61996459960938,312000,0.0,0.0
2022-10-31 00:00:00-04:00,123.02906414517335,124.20750796378047,121.73278118932633,122.14523315429688,258300,0.0,0.0
2022-11-01 00:00:00-04:00,122.26309233378777,127.99816069915728,122.26309233378777,127.3893051147461,264300,0.0,0.0
2022-11-02 00:00:00-04:00,126.76078941117049,128.12581433690218,121.96846478690128,122.87194061279297,255300,0.0,0.0
2022-11-03 00:00:00-04:00,120.8685872137325,124.43336323813175,120.2891840213752,122.82283020019531,263800,0.0,0.0
2022-11-04 00:00:00-04:00,123.84415092625004,125.7689417129746,122.12559361063659,123.4611587524414,127900,0.0,0.0
2022-11-07 00:00:00-05:00,124.45302229617573,125.00295827660163,123.29422327148131,124.85565185546875,72500,0.0,0.0
2022-11-08 00:00:00-05:00,125.93588894554463,126.12246258642325,122.03721012269182,123.45133972167969,161100,0.0,0.0
2022-11-09 00:00:00-05:00,122.68534403551028,125.18953038732563,122.68534403551028,123.15672302246094,121100,0.0,0.0
2022-11-10 00:00:00-05:00,127.6544339469306,127.96867661370304,125.03240098732726,126.08317565917969,137900,0.0,0.0
2022-11-11 00:00:00-05:00,126.08316937940799,127.4089194302061,124.26641050353668,124.55120086669922,120600,0.0,0.0
2022-11-14 00:00:00-05:00,123.88163867114832,126.10700802661651,123.7437851289882,124.33458709716797,119500,0.34,0.0
2022-11-15 00:00:00-05:00,125.29956918325227,129.00193218394335,124.30504790589399,128.0467987060547,208300,0.0,0.0
2022-11-16 00:00:00-05:00,128.10587562543125,129.05115264446434,126.23498919104497,126.94395446777344,99700,0.0,0.0
2022-11-17 00:00:00-05:00,126.06761333930257,126.85535430908203,123.74378574215329,126.85535430908203,162700,0.0,0.0
2022-11-18 00:00:00-05:00,128.8739257236959,129.53365441439226,125.54572827593961,127.47569274902344,267700,0.0,0.0
2022-11-21 00:00:00-05:00,127.94834335439646,128.73608433660115,126.56979287931085,128.08619689941406,121200,0.0,0.0
2022-11-22 00:00:00-05:00,129.44504852215007,130.40016698779158,128.460376059719,128.72622680664062,233000,0.0,0.0
2022-11-23 00:00:00-05:00,128.7656353412098,129.85862248773657,128.09605018504834,128.6967010498047,138600,0.0,0.0
2022-11-25 00:00:00-05:00,129.30719990717176,130.68573539715675,128.7360880542037,129.88815307617188,50700,0.0,0.0
2022-11-28 00:00:00-05:00,129.17918818925833,129.57305118085014,127.06213329094972,127.92864990234375,93500,0.0,0.0
2022-11-29 00:00:00-05:00,127.73170015454974,128.8246870786831,127.01289353639778,127.33783721923828,121200,0.0,0.0
2022-11-30 00:00:00-05:00,127.12122001018139,130.59711257597152,125.14201875875968,130.45925903320312,273900,0.0,0.0
2022-12-01 00:00:00-05:00,131.4242367376792,131.6901025135056,129.22842132043436,130.0653839111328,95200,0.0,0.0
2022-12-02 00:00:00-05:00,128.4012882306005,131.3060841309707,128.23389570827607,129.45489501953125,132800,0.0,0.0
2022-12-05 00:00:00-05:00,127.85973297745079,127.85973297745079,124.31490588868071,126.43194580078125,165100,0.0,0.0
2022-12-06 00:00:00-05:00,127.2886027458933,127.2886027458933,123.32036674477014,124.42320251464844,153900,0.0,0.0
2022-12-07 00:00:00-05:00,124.92540316432145,125.7722221179265,123.71425268011026,123.88164520263672,147900,0.0,0.0
2022-12-08 00:00:00-05:00,125.06325256385409,126.39255889634855,124.5118308719835,126.11685180664062,125000,0.0,0.0
2022-12-09 00:00:00-05:00,125.55558909186682,126.35317890318751,125.27988200151587,125.57527923583984,128800,0.0,0.0
2022-12-12 00:00:00-05:00,125.9297690567699,126.904600268859,124.95494535713601,126.44180297851562,198100,0.0,0.0
2022-12-13 00:00:00-05:00,129.4253380120873,129.64196713430042,126.43192560963742,126.90457916259766,237500,0.0,0.0
2022-12-14 00:00:00-05:00,127.54462125887085,128.89361770753067,125.41773267314107,125.75251770019531,214000,0.0,0.0
2022-12-15 00:00:00-05:00,124.74815859313243,124.74815859313243,121.21318049201517,122.41448211669922,190300,0.0,0.0
2022-12-16 00:00:00-05:00,120.82915391794374,122.25693345995467,119.45061100279524,121.46919250488281,1048300,0.0,0.0
2022-12-19 00:00:00-05:00,121.74490500452926,122.58187511126424,121.06547858834853,121.76460266113281,162700,0.0,0.0
2022-12-20 00:00:00-05:00,122.17816194856103,124.62014546854492,121.7252135136036,123.82256317138672,162600,0.0,0.0
2022-12-21 00:00:00-05:00,125.09279638846101,125.31926685845409,124.05888724949509,124.98448181152344,102100,0.0,0.0
2022-12-22 00:00:00-05:00,124.127800358997,124.127800358997,121.6365803886087,123.58623504638672,148300,0.0,0.0
2022-12-23 00:00:00-05:00,123.24160419531306,124.68906634814891,122.965889606128,124.39366912841797,73000,0.0,0.0
2022-12-27 00:00:00-05:00,125.41773770829546,126.24486650605883,124.96478926456156,125.38819122314453,97900,0.0,0.0
2022-12-28 00:00:00-05:00,125.54573629863165,126.38271388391951,122.8477359122503,122.89696502685547,83600,0.0,0.0
2022-12-29 00:00:00-05:00,123.98011087555537,125.55558528150164,123.5370037688347,124.97462463378906,83300,0.0,0.0
2022-12-30 00:00:00-05:00,123.99980848324337,124.9844809852901,123.00528715268877,124.09827423095703,108000,0.0,0.0
2023-01-03 00:00:00-05:00,124.36414003140162,124.86631759855021,121.88276111891156,123.00528717041016,177400,0.0,0.0
2023-01-04 00:00:00-05:00,122.92650693667255,124.02934280206436,121.87290769951746,122.61141204833984,168600,0.0,0.0
2023-01-05 00:00:00-05:00,122.55234031563323,122.55234031563323,115.1476063082997,115.48239135742188,236300,0.0,0.0
2023-01-06 00:00:00-05:00,117.17601544220352,121.60704123623643,116.9101572000414,118.7810287475586,225900,0.0,0.0
2023-01-09 00:00:00-05:00,119.2832145370346,120.56329166847692,118.15083976882858,119.99217987060547,180400,0.0,0.0
2023-01-10 00:00:00-05:00,120.17928164054092,120.65192023360765,117.91453188535993,120.26789855957031,161400,0.0,0.0
2023-01-11 00:00:00-05:00,120.77991621831245,122.2372271154166,120.53374812640732,122.10922241210938,98100,0.0,0.0
2023-01-12 00:00:00-05:00,123.05451627901046,123.10374539363784,121.08517139500601,122.78865051269531,130100,0.0,0.0
2023-01-13 00:00:00-05:00,122.07969603113571,124.39367483115556,121.4691963957768,124.14750671386719,157600,0.0,0.0
2023-01-17 00:00:00-05:00,124.80724484615014,125.08295195624346,122.53265367542494,122.74928283691406,170700,0.0,0.0
2023-01-18 00:00:00-05:00,122.86742203631073,125.53588336414626,121.41011107745176,121.41995239257812,225900,0.0,0.0
2023-01-19 00:00:00-05:00,121.74490757927875,122.6705021353952,118.70227315325253,118.74165344238281,204000,0.0,0.0
2023-01-20 00:00:00-05:00,119.61801371986243,120.72084206684788,118.47579006053644,120.41559600830078,217000,0.0,0.0
2023-01-23 00:00:00-05:00,120.45498524940841,122.03045970141979,119.08629111493089,120.21865844726562,165600,0.0,0.0
2023-01-24 00:00:00-05:00,119.16506461534874,121.1147195030736,118.07208503373093,120.40575408935547,118100,0.0,0.0
2023-01-25 00:00:00-05:00,120.3466676847085,121.20332790570143,118.6924176731077,120.6125259399414,182900,0.0,0.0
2023-01-26 00:00:00-05:00,129.97675831262845,137.74582303804604,129.97675831262845,134.30931091308594,568000,0.0,0.0
2023-01-27 00:00:00-05:00,135.63863416489804,138.3957201147926,134.5554884265756,138.15939331054688,350700,0.0,0.0
2023-01-30 00:00:00-05:00,138.1692515988782,140.27645013548167,134.54564900724867,135.12660217285156,300900,0.0,0.0
2023-01-31 00:00:00-05:00,136.229444720746,141.17248979242515,136.10143248933863,141.01495361328125,307900,0.0,0.0
2023-02-01 00:00:00-05:00,140.5127654976608,145.1505796744759,140.5127654976608,143.48648071289062,291600,0.0,0.0
2023-02-02 00:00:00-05:00,144.97331322163478,147.1297481812722,143.48646330684173,143.67355346679688,336700,0.0,0.0
2023-02-03 00:00:00-05:00,143.25999881690964,146.31247436835793,142.67903065792316,142.8858184814453,461000,0.0,0.0
2023-02-06 00:00:00-05:00,142.64949744242358,143.8311164389543,140.946018258129,142.53134155273438,303400,0.0,0.0
2023-02-07 00:00:00-05:00,141.2315627997646,145.56413061030085,141.2315627997646,144.4416046142578,311900,0.0,0.0
2023-02-08 00:00:00-05:00,143.2403012221779,144.05758115135626,141.15280045482197,141.57620239257812,135700,0.0,0.0
2023-02-09 00:00:00-05:00,142.73811238603287,142.73811238603287,139.8628558634571,140.32565307617188,106200,0.0,0.0
2023-02-10 00:00:00-05:00,139.50838243386045,139.70532893945358,138.4941710346731,138.71080017089844,168100,0.0,0.0
2023-02-13 00:00:00-05:00,138.75021579462833,141.81254809604846,138.35633775068828,141.40882873535156,111700,0.0,0.0
2023-02-14 00:00:00-05:00,140.6586174736467,141.94182190853635,139.7208963694788,140.45132446289062,216400,0.35,0.0
2023-02-15 00:00:00-05:00,139.34579866365428,141.54697837393937,139.34579866365428,140.36248779296875,149100,0.0,0.0
2023-02-16 00:00:00-05:00,138.69431726914195,141.2804717388616,138.69431726914195,139.55308532714844,231300,0.0,0.0
2023-02-17 00:00:00-05:00,140.35265224602136,143.88639402397226,140.35265224602136,142.7216339111328,277700,0.0,0.0
2023-02-21 00:00:00-05:00,140.81656342426288,142.23795827857435,138.37847934586236,138.5265350341797,333500,0.0,0.0
2023-02-22 00:00:00-05:00,138.42784765485465,140.07626638745313,137.33219028628707,137.8257293701172,273600,0.0,0.0
2023-02-23 00:00:00-05:00,138.48706171462473,139.80974276598843,136.79915152100637,137.83558654785156,151700,0.0,0.0
2023-02-24 00:00:00-05:00,136.3648498482114,137.78624489257572,135.52584239953688,137.05581665039062,125300,0.0,0.0
2023-02-27 00:00:00-05:00,138.53641905615376,140.47108372134028,138.53641905615376,140.17495727539062,275000,0.0,0.0
2023-02-28 00:00:00-05:00,139.9775571868417,143.07698213358816,139.9775571868417,141.0139923095703,334200,0.0,0.0
2023-03-01 00:00:00-05:00,140.57965224899286,143.1460611703292,140.57965224899286,142.11949157714844,286300,0.0,0.0
2023-03-02 00:00:00-05:00,141.13244255623036,141.13244255623036,139.49390412444825,140.11575317382812,160500,0.0,0.0
2023-03-03 00:00:00-05:00,140.7079974758199,142.5538288514494,139.50376089210783,142.4847412109375,264500,0.0,0.0
2023-03-06 00:00:00-05:00,142.24784351783387,143.37311209116208,140.82644846486807,141.88262939453125,305300,0.0,0.0
2023-03-07 00:00:00-05:00,141.79374216331914,141.931932474508,138.83250829931708,139.8491973876953,201800,0.0,0.0
2023-03-08 00:00:00-05:00,140.09600830078125,140.98438775963177,138.85229513233304,140.09600830078125,243000,0.0,0.0
2023-03-09 00:00:00-05:00,140.7277265639228,141.33971014279794,139.51360970299731,140.1650848388672,240500,0.0,0.0
2023-03-10 00:00:00-05:00,139.88872094748243,139.88872094748243,136.13782084920277,137.00645446777344,416700,0.0,0.0
2023-03-13 00:00:00-04:00,134.53875527378855,135.92065866341932,132.22899601042684,132.70278930664062,310800,0.0,0.0
2023-03-14 00:00:00-04:00,135.90090055231795,137.3025646567019,133.9563706239209,135.61465454101562,295800,0.0,0.0
2023-03-15 00:00:00-04:00,132.2191111794583,132.82122943520395,129.65271710408325,131.85389709472656,239400,0.0,0.0
2023-03-16 00:00:00-04:00,130.19559311226408,134.09456358908398,130.11664011985295,132.58433532714844,205200,0.0,0.0
2023-03-17 00:00:00-04:00,133.96623974771086,133.96623974771086,129.47503142025602,130.52133178710938,624800,0.0,0.0
2023-03-20 00:00:00-04:00,132.1500438227559,134.8447632869956,132.1500438227559,132.21913146972656,222500,0.0,0.0
2023-03-21 00:00:00-04:00,134.93355832373808,135.72322372866418,133.5516551613285,135.34812927246094,245600,0.0,0.0
2023-03-22 00:00:00-04:00,135.06189977743847,135.45672499731432,130.87668316331764,131.09384155273438,186100,0.0,0.0
2023-03-23 00:00:00-04:00,131.3899753904832,133.70961510720326,129.29737449650088,130.47198486328125,186400,0.0,0.0
2023-03-24 00:00:00-04:00,129.22826075860183,131.46893222321773,127.76738941369679,131.1728057861328,105600,0.0,0.0
2023-03-27 00:00:00-04:00,132.8607139388646,135.61465512067383,132.47575409492103,135.1309814453125,194700,0.0,0.0
2023-03-28 00:00:00-04:00,135.00266872996625,137.39139579674628,135.00266872996625,136.6017303466797,180600,0.0,0.0
2023-03-29 00:00:00-04:00,137.75662379588888,138.1119725313005,136.30561771475968,137.56907653808594,136800,0.0,0.0
2023-03-30 00:00:00-04:00,138.4475692228605,138.99046519151327,136.25625463056488,136.4438018798828,90900,0.0,0.0
2023-03-31 00:00:00-04:00,137.2729846236386,140.7672351330399,137.2729846236386,140.29344177246094,282400,0.0,0.0
2023-04-03 00:00:00-04:00,140.00714111336313,140.75733003927027,138.1218185023067,140.32301330566406,170100,0.0,0.0
2023-04-04 00:00:00-04:00,141.02384323565386,141.02384323565386,132.6336793911053,133.78855895996094,164100,0.0,0.0
2023-04-05 00:00:00-04:00,132.6139662379537,132.93968879966087,129.2578912186585,131.24192810058594,158500,0.0,0.0
2023-04-06 00:00:00-04:00,131.28138892595157,131.48868195663022,127.12578344637214,127.33307647705078,358900,0.0,0.0
2023-04-10 00:00:00-04:00,126.57303245817454,130.85696326218545,126.3460086910608,130.5608367919922,235600,0.0,0.0
2023-04-11 00:00:00-04:00,131.18267990152108,132.51524142654665,130.6694101087026,130.99514770507812,157600,0.0,0.0
2023-04-12 00:00:00-04:00,132.35730064404615,134.07482198397275,131.56763514080578,132.96929931640625,142400,0.0,0.0
2023-04-13 00:00:00-04:00,132.82124680252375,132.85085794507023,129.9587259044906,132.59422302246094,206100,0.0,0.0
2023-04-14 00:00:00-04:00,133.49243565422915,135.6738696244335,131.34059775781583,132.78173828125,162000,0.0,0.0
2023-04-17 00:00:00-04:00,133.4430907174383,134.90396208784173,133.30490038593553,134.88421630859375,107300,0.0,0.0
2023-04-18 00:00:00-04:00,135.6245201146698,136.64120931675285,134.09456116311875,135.29879760742188,93300,0.0,0.0
2023-04-19 00:00:00-04:00,133.68987620033943,135.21985044992863,133.01865518033625,135.18035888671875,150300,0.0,0.0
2023-04-20 00:00:00-04:00,134.87436350741402,137.2236144233079,134.4005701926651,136.50303649902344,138600,0.0,0.0
2023-04-21 00:00:00-04:00,136.99658879518452,137.02621500047778,135.05205842691632,136.8583984375,143000,0.0,0.0
2023-04-24 00:00:00-04:00,136.90773530631307,137.50985357549996,134.99280130064932,135.08164978027344,155600,0.0,0.0
2023-04-25 00:00:00-04:00,134.30186171960702,135.21985230661264,133.43322805648228,133.581298828125,156600,0.0,0.0
2023-04-26 00:00:00-04:00,131.97236185757927,133.58130425948096,129.72182460399438,129.8797607421875,322200,0.0,0.0
2023-04-27 00:00:00-04:00,131.47880495417664,134.93357843677987,130.0179335273572,134.15379333496094,208100,0.0,0.0
2023-04-28 00:00:00-04:00,134.97307442956472,136.80904042879504,132.99891808895654,133.9070281982422,217800,0.0,0.0
2023-05-01 00:00:00-04:00,133.74908671663786,135.05203707880415,130.4719800929714,130.88656616210938,184300,0.0,0.0
2023-05-02 00:00:00-04:00,130.54106792442767,131.4985348071391,128.97161749006722,131.03460693359375,285300,0.0,0.0
2023-05-03 00:00:00-04:00,131.66635481363753,134.4005655268991,130.9359115549764,131.4393310546875,158900,0.0,0.0
2023-05-04 00:00:00-04:00,129.89948266573802,129.89948266573802,125.54646467414756,126.13871002197266,143800,0.0,0.0
2023-05-05 00:00:00-04:00,128.17210481304002,129.8402542479382,127.56998653432642,127.99442291259766,179700,0.0,0.0
2023-05-08 00:00:00-04:00,128.19183851208257,129.0012498498602,126.64213360037292,127.61933135986328,126500,0.0,0.0
2023-05-09 00:00:00-04:00,127.06656677531936,128.04377957171621,126.56316233805772,127.37255859375,125600,0.0,0.0
2023-05-10 00:00:00-04:00,128.99137416024854,129.9685870172025,125.17138628040544,127.05670928955078,127300,0.0,0.0
2023-05-11 00:00:00-04:00,125.48723867163892,126.26703129005595,124.9344773343543,126.05974578857422,135500,0.0,0.0
2023-05-12 00:00:00-04:00,126.15872952219944,128.20759609591792,126.15872952219944,127.8710708618164,133400,0.35,0.0
2023-05-15 00:00:00-04:00,127.97004645832304,129.3062700854956,127.08913324650833,128.22740173339844,170900,0.0,0.0
2023-05-16 00:00:00-04:00,127.46525153799692,127.46525153799692,125.4262850100983,126.04985046386719,151500,0.0,0.0
2023-05-17 00:00:00-04:00,126.97036602897602,129.03902523186355,126.57444818803205,128.02944946289062,263600,0.0,0.0
2023-05-18 00:00:00-04:00,127.97994547919537,129.563601598626,127.40586503863653,128.82125854492188,145600,0.0,0.0
2023-05-19 00:00:00-04:00,130.3554420352942,130.3554420352942,127.4058697548992,127.85127258300781,190100,0.0,0.0
2023-05-22 00:00:00-04:00,128.57380179507302,129.41512990448857,126.77239063199295,127.96013641357422,130900,0.0,0.0
2023-05-23 00:00:00-04:00,127.02973468440027,127.88095528965697,125.26790844842833,125.32730102539062,189200,0.0,0.0
2023-05-24 00:00:00-04:00,125.01057309725142,125.01057309725142,123.19925423627392,124.77301788330078,212200,0.0,0.0
2023-05-25 00:00:00-04:00,124.98087170499787,125.4460745546656,123.90200343789947,124.11975860595703,147000,0.0,0.0
2023-05-26 00:00:00-04:00,124.49587348885295,127.05942778641983,124.46618097598596,126.78228759765625,172300,0.0,0.0
2023-05-30 00:00:00-04:00,127.20789737511703,128.11850295222538,126.03993656549537,126.70309448242188,290800,0.0,0.0
2023-05-31 00:00:00-04:00,126.23790153827973,126.23790153827973,120.99200802567485,121.70465850830078,267000,0.0,0.0
2023-06-01 00:00:00-04:00,121.91251951085866,124.08016357463914,121.07119892060948,122.68455505371094,207100,0.0,0.0
2023-06-02 00:00:00-04:00,124.80271261112438,131.53329276237682,124.80271261112438,131.34523010253906,191800,0.0,0.0
2023-06-05 00:00:00-04:00,130.24655608337005,130.24655608337005,125.26791001346109,127.35636901855469,208300,0.0,0.0
2023-06-06 00:00:00-04:00,127.00995738965915,131.60258590532214,127.00995738965915,130.67218017578125,164800,0.0,0.0
2023-06-07 00:00:00-04:00,131.69165534130113,134.58184236604242,130.98889730065508,134.0176544189453,204100,0.0,0.0
2023-06-08 00:00:00-04:00,133.2555394644621,134.55216298846392,132.06777842894047,133.95828247070312,122700,0.0,0.0
2023-06-09 00:00:00-04:00,132.90910001242844,133.94838331513986,131.98860186914655,133.36441040039062,106300,0.0,0.0
2023-06-12 00:00:00-04:00,133.02787683432297,135.9972492199374,132.92890681660788,134.37399291992188,156100,0.0,0.0
2023-06-13 00:00:00-04:00,134.80950231351036,138.12530749472327,134.80950231351036,136.68020629882812,178400,0.0,0.0
2023-06-14 00:00:00-04:00,136.89796332174149,136.95734835334255,132.76064502143691,133.572265625,176100,0.0,0.0
2023-06-15 00:00:00-04:00,133.26543139488928,135.19552041527137,132.75073595511776,135.1757354736328,147100,0.0,0.0
2023-06-16 00:00:00-04:00,136.23478754134123,136.23478754134123,133.1466454764988,135.01734924316406,477900,0.0,0.0
2023-06-20 00:00:00-04:00,134.32450044481115,135.5716312702542,133.36440227256273,133.82960510253906,143400,0.0,0.0
2023-06-21 00:00:00-04:00,133.6811362359082,137.94713195056713,133.4534885923231,136.94744873046875,201600,0.0,0.0
2023-06-22 00:00:00-04:00,136.94743481314362,137.4522226071005,134.54223568227508,136.84844970703125,174900,0.0,0.0
2023-06-23 00:00:00-04:00,135.28458395544953,137.40275052617204,135.28458395544953,135.62112426757812,378000,0.0,0.0
2023-06-26 00:00:00-04:00,135.62114267047372,140.04550885341956,135.62114267047372,138.59051513671875,189600,0.0,0.0
2023-06-27 00:00:00-04:00,139.39223013058285,142.05476960717925,138.64988708408234,141.11447143554688,144300,0.0,0.0
2023-06-28 00:00:00-04:00,141.5004783581108,141.92608108933695,139.61986705613955,140.6888427734375,98200,0.0,0.0
2023-06-29 00:00:00-04:00,140.04550934784987,142.71794155630354,140.04550934784987,142.58926391601562,88200,0.0,0.0
2023-06-30 00:00:00-04:00,143.7967821594162,143.9650447549058,142.3714812293791,143.35137939453125,122900,0.0,0.0
2023-07-03 00:00:00-04:00,143.0841488368132,143.9650620028605,142.6684385329153,143.53945922851562,41300,0.0,0.0
2023-07-05 00:00:00-04:00,142.14385084980339,142.88619391563628,140.6591647181376,141.49058532714844,233000,0.0,0.0
2023-07-06 00:00:00-04:00,140.64926557995565,141.431193593574,138.88743932880865,140.89671325683594,96000,0.0,0.0
2023-07-07 00:00:00-04:00,141.15405631581785,143.6879181628661,140.9857937044288,142.07455444335938,178400,0.0,0.0
2023-07-10 00:00:00-04:00,141.63905976899025,145.05383477327243,141.63905976899025,144.82618713378906,108100,0.0,0.0
2023-07-11 00:00:00-04:00,145.17261678694777,146.7661806006194,144.83609153511878,146.1129150390625,127400,0.0,0.0
2023-07-12 00:00:00-04:00,147.95390547079006,148.53789344574912,144.94494847223518,145.00433349609375,224000,0.0,0.0
2023-07-13 00:00:00-04:00,145.21220022484854,145.56852548092598,142.43087567165696,142.78720092773438,127800,0.0,0.0
2023-07-14 00:00:00-04:00,142.0151582211315,143.4602592153321,140.3028246256184,142.8663787841797,125400,0.0,0.0
2023-07-17 00:00:00-04:00,142.99506218969313,144.24219302198566,142.24282670239074,143.43057250976562,100100,0.0,0.0
2023-07-18 00:00:00-04:00,143.83640072780187,145.34087181129547,143.3415053469928,144.94496154785156,76300,0.0,0.0
2023-07-19 00:00:00-04:00,144.4500599055569,145.32108057098745,142.95546625437424,144.63812255859375,167800,0.0,0.0
2023-07-20 00:00:00-04:00,145.20230029667582,145.20230029667582,142.89608603217266,143.12374877929688,96800,0.0,0.0
2023-07-21 00:00:00-04:00,143.7374136117821,144.50944918686855,141.67864704388217,141.87660217285156,129300,0.0,0.0
2023-07-24 00:00:00-04:00,142.8564870337775,143.7769850933893,141.12435338770615,142.0646514892578,129600,0.0,0.0
2023-07-25 00:00:00-04:00,141.04518230212003,143.78690691676496,141.04518230212003,143.53945922851562,100000,0.0,0.0
2023-07-26 00:00:00-04:00,143.50975968474813,144.15311760148,141.965673499178,142.5298614501953,74400,0.0,0.0
2023-07-27 00:00:00-04:00,143.024756558599,143.024756558599,140.23353952718134,141.154052734375,257100,0.0,0.0
2023-07-28 00:00:00-04:00,142.1636499474142,142.70802277632802,141.33221424092952,141.87660217285156,94300,0.0,0.0
2023-07-31 00:00:00-04:00,142.7574998137005,143.74729045394554,142.24281955493782,143.50975036621094,161700,0.0,0.0
2023-08-01 00:00:00-04:00,143.47014392543667,145.29135499806407,142.45066081940035,145.25177001953125,112000,0.0,0.0
2023-08-02 00:00:00-04:00,143.7770094551526,145.75659110037134,143.2425290562677,143.2623291015625,112900,0.0,0.0
2023-08-03 00:00:00-04:00,143.0049480486876,143.0049480486876,138.96660040789158,141.7479248046875,203800,0.0,0.0
2023-08-04 00:00:00-04:00,142.59914620452614,142.83668629461778,139.6198666819016,139.857421875,193000,0.0,0.0
2023-08-07 00:00:00-04:00,139.43181388332303,141.6192580196878,139.19427377646525,141.0847625732422,420300,0.0,0.0
2023-08-08 00:00:00-04:00,140.510701064367,141.6786468961746,136.9672483783784,141.4608917236328,192700,0.0,0.0
2023-08-09 00:00:00-04:00,141.29262442990486,142.2032300744652,140.10487859365256,140.5106964111328,153600,0.0,0.0
2023-08-10 00:00:00-04:00,147.34025173365035,154.93194497814474,147.34025173365035,149.9730987548828,379800,0.0,0.0
2023-08-11 00:00:00-04:00,149.6365523817216,153.80357791874496,149.6365523817216,151.0420684814453,286100,0.0,0.0
2023-08-14 00:00:00-04:00,150.50634274744763,153.58173833074846,149.63331980465782,153.5718231201172,245300,0.35,0.0
2023-08-15 00:00:00-04:00,152.7781778495574,152.7781778495574,149.29603132347722,151.27023315429688,243500,0.0,0.0
2023-08-16 00:00:00-04:00,150.81388781871237,152.09364638517735,146.99442740377705,147.08370971679688,231600,0.0,0.0
2023-08-17 00:00:00-04:00,146.1015613000806,147.07378172316126,142.48051138581263,142.71861267089844,185900,0.0,0.0
2023-08-18 00:00:00-04:00,141.52816116214944,146.65714136178232,141.52816116214944,146.2305450439453,283600,0.0,0.0
2023-08-21 00:00:00-04:00,146.23053956684512,146.89523718632697,143.76030462406393,145.41705322265625,140300,0.0,0.0
2023-08-22 00:00:00-04:00,146.00236396488987,148.3833316523736,145.159116874976,147.7384796142578,159900,0.0,0.0
2023-08-23 00:00:00-04:00,148.10554624463302,151.22063329484388,147.79800816562707,150.79405212402344,139200,0.0,0.0
2023-08-24 00:00:00-04:00,150.04007758928924,152.1829287917166,150.03014724046304,151.8059539794922,233600,0.0,0.0
2023-08-25 00:00:00-04:00,152.7781921198331,154.0579508347818,151.0817522869928,152.7583465576172,310500,0.0,0.0
2023-08-28 00:00:00-04:00,152.91706864048828,154.43492856834627,152.57976979823704,152.71865844726562,235300,0.0,0.0
2023-08-29 00:00:00-04:00,152.54007536131047,154.1075415878352,151.88532325168032,153.15516662597656,248400,0.0,0.0
2023-08-30 00:00:00-04:00,152.72857018487977,154.95080365651953,152.67896385327057,153.35357666015625,370700,0.0,0.0
2023-08-31 00:00:00-04:00,153.33374340569225,155.4964555080592,152.9369229964261,153.14524841308594,153400,0.0,0.0
2023-09-01 00:00:00-04:00,154.44485377526289,156.30994301526212,153.82977759514756,155.83375549316406,209200,0.0,0.0
2023-09-05 00:00:00-04:00,154.70278966808962,154.9508061924677,152.16310288049476,154.0579376220703,331600,0.0,0.0
2023-09-06 00:00:00-04:00,154.3257801940867,156.73650837784825,154.01824216477922,156.2305450439453,249100,0.0,0.0
2023-09-07 00:00:00-04:00,157.41111113579848,158.66110885203256,153.78014592585188,157.93690490722656,256300,0.0,0.0
2023-09-08 00:00:00-04:00,157.1234411869962,158.64130118070503,155.04009622345606,156.17105102539062,208400,0.0,0.0
2023-09-11 00:00:00-04:00,157.3218425366892,160.74446752329786,156.70676640430523,160.2186737060547,358100,0.0,0.0
2023-09-12 00:00:00-04:00,159.66312647445437,161.37939665250968,157.45082322801204,158.4031982421875,221900,0.0,0.0
2023-09-13 00:00:00-04:00,158.02620451381213,158.24446026973817,154.1075463941486,155.0599365234375,214000,0.0,0.0
2023-09-14 00:00:00-04:00,156.4587463900002,157.84763283139768,155.18888789507363,156.28016662597656,215400,0.0,0.0
2023-09-15 00:00:00-04:00,155.76427009379884,156.58768665270537,154.12736732367665,155.72459411621094,693500,0.0,0.0
2023-09-18 00:00:00-04:00,155.41707812442007,156.52818730709527,154.52420955600414,154.60357666015625,146500,0.0,0.0
2023-09-19 00:00:00-04:00,155.3773940615117,155.43691560789776,153.1452452456672,153.333740234375,112200,0.0,0.0
2023-09-20 00:00:00-04:00,154.36548276279825,155.62539574164794,151.9646696110549,152.29205322265625,110700,0.0,0.0
2023-09-21 00:00:00-04:00,151.80594727043228,153.22459441901182,151.53808520531945,152.678955078125,242000,0.0,0.0
2023-09-22 00:00:00-04:00,152.91706797904882,155.78413840123775,152.54007801714727,153.66111755371094,374900,0.0,0.0
2023-09-25 00:00:00-04:00,153.22460554027083,155.66509479767777,153.22460554027083,154.45477294921875,249800,0.0,0.0
2023-09-26 00:00:00-04:00,153.6710357256558,154.67303219365013,152.68889995632608,153.8694610595703,363100,0.0,0.0
2023-09-27 00:00:00-04:00,155.25833158197761,156.9746015519563,153.24443877950424,154.86151123046875,302700,0.0,0.0
2023-09-28 00:00:00-04:00,154.65319690760535,158.2643172139426,154.65319690760535,156.4389190673828,319000,0.0,0.0
2023-09-29 00:00:00-04:00,157.44090910083756,157.52027621648463,153.01630215205182,153.38336181640625,200400,0.0,0.0
2023-10-02 00:00:00-04:00,152.97658670519874,153.98849834666373,152.12340926979238,153.35357666015625,360000,0.0,0.0
2023-10-03 00:00:00-04:00,153.01629326499912,154.008359446375,151.51826364297523,153.00636291503906,228300,0.0,0.0
2023-10-04 00:00:00-04:00,152.8774134841018,153.65122393949895,151.28018623381192,153.38336181640625,158200,0.0,0.0
2023-10-05 00:00:00-04:00,153.41308294171859,156.36943533126419,152.39125619067218,153.303955078125,271000,0.0,0.0
2023-10-06 00:00:00-04:00,152.62938655392387,156.59765124027635,151.8059698149783,155.08970642089844,279800,0.0,0.0
2023-10-09 00:00:00-04:00,154.50438662381254,157.480585054034,153.51232048040538,156.96470642089844,130900,0.0,0.0
2023-10-10 00:00:00-04:00,158.85954413639615,159.34564682103084,156.75635378091886,156.7761993408203,264100,0.0,0.0
2023-10-11 00:00:00-04:00,157.0837475620134,159.99050919769368,156.95478925862804,159.79209899902344,216700,0.0,0.0
2023-10-12 00:00:00-04:00,160.28812545098046,162.3119336142781,158.8694630704537,160.3674774169922,318800,0.0,0.0
2023-10-13 00:00:00-04:00,161.22066567684058,161.22066567684058,157.73851891638188,158.16510009765625,232900,0.0,0.0
2023-10-16 00:00:00-04:00,160.05994596612967,161.14129441602472,158.28415425197758,159.74249267578125,151900,0.0,0.0
2023-10-17 00:00:00-04:00,159.36551598388502,163.51236062930684,159.36551598388502,162.17306518554688,176900,0.0,0.0
2023-10-18 00:00:00-04:00,160.87345457706223,162.02425497316005,157.9964535868177,158.47265625,178100,0.0,0.0
2023-10-19 00:00:00-04:00,158.08574441298518,159.5242372788751,154.5242154893924,154.92105102539062,169500,0.0,0.0
2023-10-20 00:00:00-04:00,155.17898439135615,155.81390611785727,151.9746149855557,152.63929748535156,258700,0.0,0.0
2023-10-23 00:00:00-04:00,152.63930066987376,154.08772393059104,151.78612316292597,152.4011993408203,275000,0.0,0.0
2023-10-24 00:00:00-04:00,153.91906237831697,154.42502582025662,151.85557803698842,152.46072387695312,192200,0.0,0.0
2023-10-25 00:00:00-04:00,151.98452525849385,153.45277886499107,150.6154843182404,151.0321502685547,355300,0.0,0.0
2023-10-26 00:00:00-04:00,151.81588300512976,157.07383667206366,149.8019899146465,153.74049377441406,267700,0.0,0.0
2023-10-27 00:00:00-04:00,153.67102307659476,156.1115121882205,148.87935743907198,149.553955078125,270200,0.0,0.0
2023-10-30 00:00:00-04:00,151.13135448071478,151.77620656436227,148.40317255336237,150.2583465576172,233800,0.0,0.0
2023-10-31 00:00:00-04:00,150.93292758414802,152.3912658823148,149.44482851562898,152.29205322265625,194300,0.0,0.0
2023-11-01 00:00:00-04:00,151.99446259344091,154.17700511156625,151.24048262588124,154.03811645507812,258900,0.0,0.0
2023-11-02 00:00:00-04:00,155.75437142102712,156.74643748103367,151.91508061287436,153.64126586914062,183400,0.0,0.0
2023-11-03 00:00:00-04:00,156.13136921869656,158.1254166499953,154.49445105474013,155.8535919189453,200100,0.0,0.0
2023-11-06 00:00:00-05:00,155.75437579462778,157.0341343873722,154.018260140866,156.38929748535156,172800,0.0,0.0
2023-11-07 00:00:00-05:00,155.81389715699726,157.60953435191016,154.9011981737492,156.7365264892578,238900,0.0,0.0
2023-11-08 00:00:00-05:00,157.6194791584278,158.49248710115603,156.67700417942171,157.7781982421875,312100,0.0,0.0
2023-11-09 00:00:00-05:00,158.73059899298002,158.73059899298002,155.56590525352075,156.22067260742188,165400,0.0,0.0
2023-11-10 00:00:00-05:00,157.09366816817382,161.18097553064305,156.91508840403702,160.9031982421875,200400,0.0,0.0
2023-11-13 00:00:00-05:00,160.83375300246345,161.07185431858352,159.20676518662836,160.0797882080078,151000,0.0,0.0
2023-11-14 00:00:00-05:00,163.6888250153004,166.56212801663796,163.5098722108834,166.11473083496094,194500,0.35,0.0
2023-11-15 00:00:00-05:00,165.87609212663622,166.9697430363203,161.8494876308774,162.1278839111328,253800,0.0,0.0
2023-11-16 00:00:00-05:00,162.7343536289899,163.48002060530447,159.38382820335244,160.56695556640625,269600,0.0,0.0
2023-11-17 00:00:00-05:00,160.91493003809765,163.08232797246995,160.91493003809765,162.17758178710938,219800,0.0,0.0
2023-11-20 00:00:00-05:00,162.66477782924542,162.91333350619428,160.47749090622227,161.74014282226562,286200,0.0,0.0
2023-11-21 00:00:00-05:00,161.23309982708372,161.6804970256841,159.74176571799242,159.77159118652344,124400,0.0,0.0
2023-11-22 00:00:00-05:00,160.65644535861105,161.81968411818,160.1195717659772,160.9447784423828,179300,0.0,0.0
2023-11-24 00:00:00-05:00,160.94475809886748,162.7641872632834,160.94475809886748,162.6349334716797,100700,0.0,0.0
2023-11-27 00:00:00-05:00,162.62500434762904,163.72857691314135,161.70036940460406,162.70452880859375,158100,0.0,0.0
2023-11-28 00:00:00-05:00,161.93898563206702,162.46592240842162,156.4409357424553,156.8982696533203,185400,0.0,0.0
2023-11-29 00:00:00-05:00,158.03168366346662,158.8966676657314,154.57179316630769,155.2677459716797,280000,0.0,0.0
2023-11-30 00:00:00-05:00,155.65550180573254,159.4434878245722,155.59585087167747,159.14523315429688,312900,0.0,0.0
2023-12-01 00:00:00-05:00,158.8071743071237,165.03101759645588,158.8071743071237,164.7625732421875,274700,0.0,0.0
2023-12-04 00:00:00-05:00,164.76257546680554,167.62594149597427,164.48419434404008,167.40721130371094,237600,0.0,0.0
2023-12-05 00:00:00-05:00,167.10895397592128,167.10895397592128,162.25714232384934,163.7882537841797,188000,0.0,0.0
2023-12-06 00:00:00-05:00,165.08072387017427,166.5919465618736,161.61089649432253,162.9729766845703,190300,0.0,0.0
2023-12-07 00:00:00-05:00,162.75423796701654,163.57944455249526,161.25296728970451,163.23146057128906,143600,0.0,0.0
2023-12-08 00:00:00-05:00,163.72858141583865,164.96142298356517,162.77413615167887,164.22569274902344,107500,0.0,0.0
2023-12-11 00:00:00-05:00,164.04673129004092,166.18430384162758,164.04673129004092,165.50823974609375,152000,0.0,0.0
2023-12-12 00:00:00-05:00,165.60768518264348,167.56628997732224,164.41460578623966,166.5720672607422,149100,0.0,0.0
2023-12-13 00:00:00-05:00,166.77089973147017,169.82315513956388,165.08070922213076,168.7394561767578,198400,0.0,0.0
2023-12-14 00:00:00-05:00,173.47196473467793,174.18780626049832,171.30456662695724,172.83566284179688,237700,0.0,0.0
2023-12-15 00:00:00-05:00,173.72052848235927,173.98897285969187,169.7337009085456,171.8812255859375,431800,0.0,0.0
2023-12-18 00:00:00-05:00,172.82571272422882,174.0088400205139,171.30455339204303,172.45785522460938,192400,0.0,0.0
2023-12-19 00:00:00-05:00,172.82573369834856,174.66503659029604,172.0900034391889,172.76608276367188,177000,0.0,0.0
2023-12-20 00:00:00-05:00,173.21346894812046,174.4761359442779,169.852991582081,170.10154724121094,241600,0.0,0.0
2023-12-21 00:00:00-05:00,171.84143980126458,172.6666464241998,169.92259736178787,170.97647094726562,229800,0.0,0.0
2023-12-22 00:00:00-05:00,171.44375040602208,173.4520843390059,171.14548058696377,172.43797302246094,196000,0.0,0.0
2023-12-26 00:00:00-05:00,173.25324721202583,174.28724734525147,172.8158019548064,173.68077087402344,103800,0.0,0.0
2023-12-27 00:00:00-05:00,173.8994833185931,175.42064272415683,172.7859436603924,173.3625946044922,203200,0.0,0.0
2023-12-28 00:00:00-05:00,172.05022092044786,173.69068211317386,171.70223694835076,173.15380859375,145700,0.0,0.0
2023-12-29 00:00:00-05:00,172.54733857780042,173.26318007719837,171.53322725854775,171.6923065185547,132300,0.0,0.0
2024-01-02 00:00:00-05:00,170.06179428214193,171.8016839909056,168.39149227299896,169.3757781982422,128900,0.0,0.0
2024-01-03 00:00:00-05:00,168.52073873087053,168.52073873087053,165.04095946504134,165.67726135253906,174800,0.0,0.0
2024-01-04 00:00:00-05:00,166.80073560993657,166.96975163729726,165.11056016569603,165.6374969482422,132800,0.0,0.0
2024-01-05 00:00:00-05:00,164.77252134417026,166.33345824159002,163.51980622244614,163.9373779296875,151200,0.0,0.0
2024-01-08 00:00:00-05:00,164.27540644802747,166.49253391056578,163.49991398412126,166.2738037109375,118800,0.0,0.0
2024-01-09 00:00:00-05:00,164.1262694386256,165.03101565004346,162.55539590239562,165.00119018554688,143400,0.0,0.0
2024-01-10 00:00:00-05:00,164.81228729232674,166.03517686215696,164.59355710316905,165.92581176757812,103600,0.0,0.0
2024-01-11 00:00:00-05:00,165.60766875793982,167.8943686427749,164.43447818000047,167.64581298828125,156700,0.0,0.0
2024-01-12 00:00:00-05:00,169.51496680048265,169.51496680048265,166.73114026464702,168.31195068359375,116600,0.0,0.0
2024-01-16 00:00:00-05:00,167.6855855933218,167.94407800517524,166.38315642832134,167.14869689941406,124000,0.0,0.0
2024-01-17 00:00:00-05:00,165.40882081138585,167.13877371922163,165.40882081138585,166.36328125,127000,0.0,0.0
2024-01-18 00:00:00-05:00,167.66572312611052,171.89116979276716,167.66572312611052,171.6724395751953,201800,0.0,0.0
2024-01-19 00:00:00-05:00,172.11980931950467,174.3170479107382,169.95241136284812,173.98895263671875,221000,0.0,0.0
2024-01-22 00:00:00-05:00,175.88794172692158,177.14065686912394,175.5001954802422,176.06689453125,216000,0.0,0.0
2024-01-23 00:00:00-05:00,177.7471310259075,177.9260989985568,174.81417712913216,175.887939453125,164200,0.0,0.0
2024-01-24 00:00:00-05:00,176.79267247155457,176.79267247155457,173.78016399469445,174.48606872558594,233800,0.0,0.0
2024-01-25 00:00:00-05:00,178.681700159856,181.9029870845922,172.72630088200347,175.4305877685547,487400,0.0,0.0
2024-01-26 00:00:00-05:00,176.34527567396165,178.90043529819246,175.86805302511806,176.06689453125,295100,0.0,0.0
2024-01-29 00:00:00-05:00,176.34526093318306,178.36353163445153,176.06687981374142,177.92608642578125,197200,0.0,0.0
2024-01-30 00:00:00-05:00,177.73718000773783,181.17718173833683,177.62781491395387,181.04794311523438,178100,0.0,0.0
2024-01-31 00:00:00-05:00,181.62460325710498,181.7538570681899,175.30136118073457,175.4405517578125,222900,0.0,0.0
2024-02-01 00:00:00-05:00,176.41487981314094,180.99824710588112,175.84816558742475,180.6204376220703,202700,0.0,0.0
2024-02-02 00:00:00-05:00,178.9600734036785,183.15569411601544,178.9600734036785,181.87313842773438,161700,0.0,0.0
2024-02-05 00:00:00-05:00,179.4671251931306,180.2127921810588,177.58804499037691,178.3734893798828,210800,0.0,0.0
2024-02-06 00:00:00-05:00,180.98827908118946,183.61302619133045,178.86064328107997,179.64608764648438,261900,0.0,0.0
2024-02-07 00:00:00-05:00,180.58067229235456,182.45975257226237,180.22275151662762,182.21119689941406,185400,0.0,0.0
2024-02-08 00:00:00-05:00,182.45973186496119,183.67268462445404,179.82503292939975,183.48377990722656,327700,0.0,0.0
2024-02-09 00:00:00-05:00,183.48379133130976,187.40103096202972,183.17558474006805,186.84425354003906,181000,0.0,0.0
2024-02-12 00:00:00-05:00,186.91386123047556,188.385306528555,186.02900366445454,186.0389404296875,170400,0.0,0.0
2024-02-13 00:00:00-05:00,181.10760054511408,182.9369665698606,178.96007599225496,181.02806091308594,257300,0.0,0.0
2024-02-14 00:00:00-05:00,182.7415951642936,186.22845995529613,181.91472346262566,185.65065002441406,229000,0.37,0.0
2024-02-15 00:00:00-05:00,186.99558077484167,188.55969604488078,184.98315734256718,188.1313018798828,202800,0.0,0.0
2024-02-16 00:00:00-05:00,187.9121291761976,189.90462344022777,186.8361804494383,188.33055114746094,204000,0.0,0.0
2024-02-20 00:00:00-05:00,186.02922469208337,187.15498882777482,185.34181173140541,185.83993530273438,288300,0.0,0.0
2024-02-21 00:00:00-05:00,186.14878552901644,186.6867522998163,183.77771245426771,185.58091735839844,164100,0.0,0.0
2024-02-22 00:00:00-05:00,187.12510431237203,188.23093925872772,185.65066278440617,187.16494750976562,167000,0.0,0.0
2024-02-23 00:00:00-05:00,187.82246027361944,188.6095039775666,186.4775206386092,187.88223266601562,110500,0.0,0.0
2024-02-26 00:00:00-05:00,187.21475424784174,188.17115815782552,186.22846414081388,186.93580627441406,133700,0.0,0.0
2024-02-27 00:00:00-05:00,188.1313031575289,189.27699647049403,187.14502823421793,188.11138916015625,155200,0.0,0.0
2024-02-28 00:00:00-05:00,187.20479984486505,190.7414801588519,186.39784211043792,190.2134552001953,159400,0.0,0.0
2024-02-29 00:00:00-05:00,190.41272008601604,191.2694932315673,188.75894619086654,189.1773681640625,229200,0.0,0.0
2024-03-01 00:00:00-05:00,189.95442382124406,193.5508762915801,189.66551886446854,191.64804077148438,251100,0.0,0.0
2024-03-04 00:00:00-05:00,183.0604201872091,189.85483328354286,183.0604201872091,185.59088134765625,613800,0.0,0.0
2024-03-05 00:00:00-05:00,184.85366324959404,185.33185762911663,179.71302426476916,181.61585998535156,492400,0.0,0.0
2024-03-06 00:00:00-05:00,182.6419904496452,184.5846693371188,182.07412228171637,183.25965881347656,275200,0.0,0.0
2024-03-07 00:00:00-05:00,183.80759984967847,185.4115583751269,182.83128189552184,184.4551544189453,289900,0.0,0.0
2024-03-08 00:00:00-05:00,185.032972969205,188.13130211423749,184.13635664361732,184.315673828125,397100,0.0,0.0
2024-03-11 00:00:00-04:00,183.60834969506897,183.61830669385233,179.8425367475718,181.9346466064453,225700,0.0,0.0
2024-03-12 00:00:00-04:00,183.0902863675014,184.8934911423876,182.01433770149507,184.56472778320312,283000,0.0,0.0
2024-03-13 00:00:00-04:00,185.18242537782447,185.68054895355434,183.37922046592635,184.95327758789062,280400,0.0,0.0
2024-03-14 00:00:00-04:00,186.0690826888409,186.8859974392633,184.32565019295436,186.3380584716797,327400,0.0,0.0
2024-03-15 00:00:00-04:00,185.6207762002405,188.9283088319419,185.33185601401794,188.76890563964844,7231300,0.0,0.0
2024-03-18 00:00:00-04:00,189.49616933568777,193.64054575693424,189.49616933568777,191.96685791015625,664300,0.0,0.0
2024-03-19 00:00:00-04:00,192.24581947954977,194.29808623745265,191.32927389842447,193.95936584472656,447600,0.0,0.0
2024-03-20 00:00:00-04:00,193.87964830836844,196.6193278272824,193.0029459978282,196.06143188476562,388300,0.0,0.0
2024-03-21 00:00:00-04:00,197.07761491196175,200.5345784739497,196.99791331723372,200.25563049316406,331200,0.0,0.0
2024-03-22 00:00:00-04:00,201.00282334703854,201.00282334703854,196.26069229509702,196.44998168945312,367700,0.0,0.0
2024-03-25 00:00:00-04:00,196.4599311753773,197.21708872384568,194.35784912109375,194.35784912109375,213500,0.0,0.0
2024-03-26 00:00:00-04:00,194.27814386785116,196.4001550812188,194.27814386785116,194.78623962402344,527100,0.0,0.0
2024-03-27 00:00:00-04:00,196.0215829960386,197.33663652563573,195.93192440125472,197.13739013671875,278500,0.0,0.0
2024-03-28 00:00:00-04:00,197.1373876458234,197.58569581560332,195.9319219255908,196.80862426757812,304300,0.0,0.0
2024-04-01 00:00:00-04:00,197.45616788936763,198.03399301899557,193.44129337972478,194.64675903320312,313800,0.0,0.0
2024-04-02 00:00:00-04:00,193.61066286464742,193.74017985554622,190.88095546773226,191.66798400878906,320600,0.0,0.0
2024-04-03 00:00:00-04:00,192.5745636653298,196.18097323158494,192.5745636653298,194.51724243164062,291700,0.0,0.0
2024-04-04 00:00:00-04:00,196.04150708215067,197.19715738986204,193.02287952429273,193.5309600830078,198100,0.0,0.0
2024-04-05 00:00:00-04:00,193.82982915777617,196.24074526352672,193.60069658615137,195.38397216796875,195000,0.0,0.0
2024-04-08 00:00:00-04:00,196.94809698991156,197.81482712600624,195.76256047641098,196.09132385253906,152100,0.0,0.0
2024-04-09 00:00:00-04:00,196.48980702021984,197.92440524538753,192.67417888569088,195.01536560058594,159700,0.0,0.0
2024-04-10 00:00:00-04:00,191.76761152715866,195.41386439376143,191.07022638948195,191.59825134277344,264000,0.0,0.0
2024-04-11 00:00:00-04:00,191.49863328025947,192.13623086448357,189.50613892936843,192.0067138671875,183600,0.0,0.0
2024-04-12 00:00:00-04:00,190.47247929811772,191.34918158214595,188.80874851930872,190.3728485107422,210600,0.0,0.0
2024-04-15 00:00:00-04:00,192.35540107203212,192.35540107203212,187.13506054635107,188.52981567382812,226000,0.0,0.0
2024-04-16 00:00:00-04:00,187.4438872730621,188.36044798968283,185.5709530472239,187.17491149902344,218900,0.0,0.0
2024-04-17 00:00:00-04:00,188.48995123132042,189.19729337206763,183.26962607454922,183.7079620361328,267800,0.0,0.0
2024-04-18 00:00:00-04:00,184.66436847299744,186.46757334457055,183.03052378920208,183.2995147705078,221600,0.0,0.0
2024-04-19 00:00:00-04:00,183.45890560547664,185.12265171437318,181.356823522218,182.76153564453125,269500,0.0,0.0
2024-04-22 00:00:00-04:00,183.8175382306664,184.4850219318272,182.6718602006114,182.9109649658203,283300,0.0,0.0
2024-04-23 00:00:00-04:00,184.3654851970885,186.11888981543845,184.2359682100901,185.6107940673828,277400,0.0,0.0
2024-04-24 00:00:00-04:00,185.1724564867179,186.9657044316992,183.9570337240931,185.39163208007812,288800,0.0,0.0
2024-04-25 00:00:00-04:00,184.30570250972713,185.30194955032024,177.0131668758542,178.26844787597656,557300,0.0,0.0
2024-04-26 00:00:00-04:00,178.25849996871713,180.33069591972148,177.10286479730308,180.21115112304688,448100,0.0,0.0
2024-04-29 00:00:00-04:00,181.2073897069484,184.35553428332264,180.08162558655874,184.03672790527344,318700,0.0,0.0
2024-04-30 00:00:00-04:00,183.46887491264803,183.46887491264803,180.94837089256978,182.56228637695312,386400,0.0,0.0
2024-05-01 00:00:00-04:00,182.85118541781426,183.21980718058578,179.67316994900114,179.95211791992188,325000,0.0,0.0
2024-05-02 00:00:00-04:00,181.735405611838,184.19613732004953,180.26096406733691,183.93711853027344,290100,0.0,0.0
2024-05-03 00:00:00-04:00,186.5771524461557,187.27452236379406,184.08653473921586,185.2820281982422,233900,0.0,0.0
2024-05-06 00:00:00-04:00,187.18486652967775,189.77511506362785,187.18486652967775,188.9282989501953,443900,0.0,0.0
2024-05-07 00:00:00-04:00,189.48621097258777,193.7003322959426,189.48621097258777,193.09263610839844,336700,0.0,0.0
2024-05-08 00:00:00-04:00,192.03659061870758,193.6007059039395,191.0802018901856,193.14242553710938,348800,0.0,0.0
2024-05-09 00:00:00-04:00,193.85973624720913,195.94188921728048,193.21218165701347,195.78250122070312,153700,0.0,0.0
2024-05-10 00:00:00-04:00,196.94809659458377,197.35656156424344,195.36406731403008,196.58944702148438,146300,0.0,0.0
2024-05-13 00:00:00-04:00,197.86464203590387,197.92441443113924,194.18848771368087,194.37777709960938,132900,0.0,0.0
2024-05-14 00:00:00-04:00,196.10456201213907,196.10456201213907,194.03840495428966,195.35595703125,122400,0.37,0.0
2024-05-15 00:00:00-04:00,196.5537205729838,199.4882545143069,196.2343237031947,199.4084014892578,157000,0.0,0.0
2024-05-16 00:00:00-04:00,198.62985437956155,199.62799435131814,196.0047413801114,196.49383544921875,170400,0.0,0.0
2024-05-17 00:00:00-04:00,196.9529842058351,197.26240515655118,194.80697415372114,196.62359619140625,149200,0.0,0.0
2024-05-20 00:00:00-04:00,196.63358105678216,201.28491713707803,196.3441271566059,200.6161651611328,200500,0.0,0.0
2024-05-21 00:00:00-04:00,199.80765851130306,200.715969569428,198.13079061667955,200.70599365234375,302000,0.0,0.0
2024-05-22 00:00:00-04:00,199.62800044027972,200.70599347030614,197.50195736186024,198.69973754882812,165400,0.0,0.0
2024-05-23 00:00:00-04:00,199.54814961169902,199.54814961169902,193.8587545825291,195.19625854492188,396200,0.0,0.0
2024-05-24 00:00:00-04:00,196.20438210175388,196.20438210175388,193.66909803744807,195.35595703125,289900,0.0,0.0
2024-05-28 00:00:00-04:00,197.95112807277775,198.0808759134539,193.17002904127455,195.49569702148438,236100,0.0,0.0
2024-05-29 00:00:00-04:00,192.6809344775795,193.45949767169057,189.59668560364508,190.11572265625,164900,0.0,0.0
2024-05-30 00:00:00-04:00,190.53494474433552,192.6410207618812,190.1057518532338,191.1338348388672,165100,0.0,0.0
2024-05-31 00:00:00-04:00,191.5929716730302,193.25986366033786,188.87802963023717,192.64102172851562,339700,0.0,0.0
2024-06-03 00:00:00-04:00,193.60921079289884,193.79885982366588,185.2547841352672,186.6920928955078,264600,0.0,0.0
2024-06-04 00:00:00-04:00,186.20302097460578,186.50246602218053,183.31839696943754,185.98342895507812,301100,0.0,0.0
2024-06-05 00:00:00-04:00,187.81001544143595,190.08577329439157,186.78193251796947,189.68650817871094,217300,0.0,0.0
2024-06-06 00:00:00-04:00,188.4687924822636,189.37708826075152,186.42260254071607,187.41075134277344,170000,0.0,0.0
2024-06-07 00:00:00-04:00,186.98155635140355,188.63847230323367,186.50245344583576,186.81187438964844,162900,0.0,0.0
2024-06-10 00:00:00-04:00,185.5542225733468,187.82998058760575,185.3545976165607,186.99154663085938,240700,0.0,0.0
2024-06-11 00:00:00-04:00,186.32278078416766,187.30095366091686,184.71577487144776,186.7220458984375,186200,0.0,0.0
2024-06-12 00:00:00-04:00,190.73457128022133,194.78701729297777,189.95602328912074,190.1356964111328,214500,0.0,0.0
2024-06-13 00:00:00-04:00,188.8381080126598,190.1656360331086,186.82186095908122,190.12570190429688,159900,0.0,0.0
2024-06-14 00:00:00-04:00,186.6022701231331,188.47877819856524,181.012695256309,183.74758911132812,242700,0.0,0.0
2024-06-17 00:00:00-04:00,183.1886263955583,186.65217328946926,183.1886263955583,184.77566528320312,355400,0.0,0.0
2024-06-18 00:00:00-04:00,184.60598908354436,188.1793320943458,184.60598908354436,187.710205078125,303600,0.0,0.0
2024-06-20 00:00:00-04:00,187.3708318879397,189.76636166625858,186.29283891857412,187.18118286132812,220000,0.0,0.0
2024-06-21 00:00:00-04:00,186.4824997003034,188.29910659678544,184.63593459157755,188.21926879882812,638700,0.0,0.0
2024-06-24 00:00:00-04:00,188.52868618177018,191.69278812236826,187.00153321552838,190.3053741455078,196100,0.0,0.0
2024-06-25 00:00:00-04:00,189.84621861133084,191.42328158629155,187.78007680017078,191.2036895751953,247500,0.0,0.0
2024-06-26 00:00:00-04:00,189.95601750560584,191.79259141687916,189.27728962855556,191.3035125732422,359900,0.0,0.0
2024-06-27 00:00:00-04:00,191.982232358211,193.00033936128048,191.1537743805611,192.60108947753906,221700,0.0,0.0
2024-06-28 00:00:00-04:00,193.65912722078025,195.14634607451939,192.3016562104686,193.63916015625,441000,0.0,0.0
2024-07-01 00:00:00-04:00,194.3977393025175,195.21622140631544,189.64659842492404,189.89613342285156,295600,0.0,0.0
2024-07-02 00:00:00-04:00,189.84622015503817,192.39148013678135,189.02775329553916,191.572998046875,183900,0.0,0.0
2024-07-03 00:00:00-04:00,192.18186865357586,192.95044071711004,190.9242177381262,190.9940948486328,100200,0.0,0.0
2024-07-05 00:00:00-04:00,190.3852315472522,190.64474246766449,188.9379163441923,189.087646484375,170300,0.0,0.0
2024-07-08 00:00:00-04:00,190.00592358160392,191.58298654760313,188.0196195763047,188.32904052734375,350000,0.0,0.0
2024-07-09 00:00:00-04:00,187.75013480809932,188.3190666722752,183.16866076193102,183.4581298828125,446000,0.0,0.0
2024-07-10 00:00:00-04:00,183.7575714152368,186.63220412282107,181.8710875135318,185.5442352294922,325200,0.0,0.0
2024-07-11 00:00:00-04:00,189.6465987648848,192.58113278263824,188.76823069687492,190.85435485839844,235900,0.0,0.0
2024-07-12 00:00:00-04:00,194.42768630929112,195.37593150537438,193.01032931936652,193.19000244140625,266700,0.0,0.0
2024-07-15 00:00:00-04:00,195.10643000684752,202.6723331503822,194.28794788371525,200.89564514160156,279800,0.0,0.0
2024-07-16 00:00:00-04:00,204.10965273923608,211.7354416798171,203.9299796206069,210.31808471679688,430900,0.0,0.0
2024-07-17 00:00:00-04:00,208.9905512155867,211.32619508364334,206.64491620039695,208.3417510986328,374900,0.0,0.0
2024-07-18 00:00:00-04:00,207.4234666000711,211.79532458184138,206.20573460725294,207.16395568847656,251600,0.0,0.0
2024-07-19 00:00:00-04:00,207.64306551065295,207.85268161458546,201.37474745273767,203.40097045898438,410400,0.0,0.0
2024-07-22 00:00:00-04:00,205.3473339379204,207.01422587782153,201.76401506297594,206.7547149658203,303500,0.0,0.0
2024-07-23 00:00:00-04:00,205.88634168378144,210.05855956547032,205.88634168378144,209.09036254882812,201100,0.0,0.0
2024-07-24 00:00:00-04:00,207.6730073441459,210.08850433255986,204.23940328444743,204.3092803955078,212400,0.0,0.0
2024-07-25 00:00:00-04:00,205.49706683128326,211.78533660893785,205.49706683128326,209.27003479003906,253700,0.0,0.0
2024-07-26 00:00:00-04:00,212.75353588654013,215.91765310385443,211.05670092481594,214.61007690429688,264800,0.0,0.0
2024-07-29 00:00:00-04:00,215.2688500606439,216.61634514084048,214.06110920039762,215.87771606445312,249400,0.0,0.0
2024-07-30 00:00:00-04:00,216.65625946941958,217.8240814067682,215.44851863464683,216.45663452148438,221600,0.0,0.0
2024-07-31 00:00:00-04:00,218.2333243731255,222.734930194928,216.45663642915153,217.78416442871094,333100,0.0,0.0
2024-08-01 00:00:00-04:00,217.0954508303819,218.78230987369932,203.6405278434315,205.44715881347656,380600,0.0,0.0
2024-08-02 00:00:00-04:00,198.57993947802348,200.94554150990564,195.64540559596676,198.8494415283203,321200,0.0,0.0
2024-08-05 00:00:00-04:00,189.76637396099207,197.5219261086632,188.35900812101178,192.23178100585938,360400,0.0,0.0
2024-08-06 00:00:00-04:00,192.49130685841803,198.55000879419924,191.06395872550902,195.69532775878906,247400,0.0,0.0
2024-08-07 00:00:00-04:00,198.21063838629632,199.07901529223173,192.29166040508468,192.53121948242188,209400,0.0,0.0
2024-08-08 00:00:00-04:00,195.54560262598858,197.32229053096896,193.1400816743846,196.39401245117188,251700,0.0,0.0
2024-08-09 00:00:00-04:00,196.39401636206247,197.3222944603448,193.64913142572493,196.63357543945312,333100,0.0,0.0
2024-08-12 00:00:00-04:00,196.63358061945755,196.63358061945755,192.84064556142707,193.54933166503906,163200,0.0,0.0
2024-08-13 00:00:00-04:00,195.62546583884458,197.30233374330012,193.53934164501007,197.06277465820312,163700,0.0,0.0
2024-08-14 00:00:00-04:00,198.04095714475628,199.19880317719117,195.8849711320308,198.5500030517578,242900,0.0,0.0
2024-08-15 00:00:00-04:00,193.07000732421875,202.72000122070312,189.17999267578125,200.02999877929688,373100,0.37,0.0
2024-08-16 00:00:00-04:00,199.91000366210938,203.08999633789062,198.27999877929688,201.55999755859375,378800,0.0,0.0
2024-08-19 00:00:00-04:00,201.7899932861328,202.5,198.39999389648438,199.1300048828125,230400,0.0,0.0
2024-08-20 00:00:00-04:00,198.83999633789062,199.92999267578125,197.4499969482422,199.4600067138672,256800,0.0,0.0
2024-08-21 00:00:00-04:00,200.61000061035156,205.07000732421875,200.52999877929688,204.50999450683594,266100,0.0,0.0
2024-08-22 00:00:00-04:00,204.7100067138672,205.8000030517578,202.38999938964844,202.74000549316406,220500,0.0,0.0
2024-08-23 00:00:00-04:00,203.7100067138672,210.7899932861328,203.7100067138672,207.9499969482422,368800,0.0,0.0
2024-08-26 00:00:00-04:00,210.17999267578125,212.6199951171875,207.08999633789062,207.32000732421875,221200,0.0,0.0
2024-08-27 00:00:00-04:00,206.1199951171875,208.07000732421875,204.35000610351562,204.4499969482422,158400,0.0,0.0
2024-08-28 00:00:00-04:00,204.4499969482422,205.85000610351562,203.00999450683594,203.6199951171875,204500,0.0,0.0
2024-08-29 00:00:00-04:00,204.8300018310547,207.67999267578125,201.75,203.42999267578125,445300,0.0,0.0
2024-08-30 00:00:00-04:00,204.2100067138672,206.4600067138672,203.05999755859375,205.1199951171875,263500,0.0,0.0
2024-09-03 00:00:00-04:00,203.39999389648438,205.1199951171875,198.3699951171875,198.5500030517578,238900,0.0,0.0
2024-09-04 00:00:00-04:00,199.72000122070312,200.0,197.24000549316406,198.41000366210938,211500,0.0,0.0
2024-09-05 00:00:00-04:00,197.7899932861328,197.7899932861328,194.2100067138672,195.47000122070312,228000,0.0,0.0
2024-09-06 00:00:00-04:00,196.0399932861328,198.4600067138672,193.32000732421875,193.61000061035156,206000,0.0,0.0
2024-09-09 00:00:00-04:00,194.92999267578125,198.47999572753906,194.02999877929688,197.24000549316406,278600,0.0,0.0
2024-09-10 00:00:00-04:00,197.55999755859375,198.17999267578125,195.27999877929688,197.77999877929688,152600,0.0,0.0
2024-09-11 00:00:00-04:00,197.1199951171875,198.30999755859375,191.30999755859375,197.44000244140625,180700,0.0,0.0
2024-09-12 00:00:00-04:00,198.57000732421875,202.44000244140625,196.7100067138672,202.02000427246094,190400,0.0,0.0
2024-09-13 00:00:00-04:00,203.8300018310547,205.5399932861328,202.94000244140625,203.97999572753906,164100,0.0,0.0
2024-09-16 00:00:00-04:00,205.5800018310547,209.22999572753906,205.0500030517578,208.80999755859375,203700,0.0,0.0
2024-09-17 00:00:00-04:00,210.6699981689453,214.8300018310547,210.64999389648438,213.47000122070312,234100,0.0,0.0
2024-09-18 00:00:00-04:00,214.55999755859375,220.61000061035156,214.22999572753906,214.8699951171875,280400,0.0,0.0
2024-09-19 00:00:00-04:00,220.6699981689453,224.36000061035156,216.6199951171875,224.0500030517578,398100,0.0,0.0
2024-09-20 00:00:00-04:00,223.2899932861328,223.2899932861328,218.5399932861328,218.77000427246094,737500,0.0,0.0
2024-09-23 00:00:00-04:00,222.27999877929688,226.22999572753906,221.10000610351562,224.77000427246094,264600,0.0,0.0
2024-09-24 00:00:00-04:00,223.1999969482422,225.64999389648438,222.36000061035156,222.4600067138672,191300,0.0,0.0
2024-09-25 00:00:00-04:00,223.6699981689453,223.6699981689453,219.61000061035156,220.1999969482422,178300,0.0,0.0
2024-09-26 00:00:00-04:00,223.24000549316406,224.24000549316406,221.74000549316406,221.9199981689453,124600,0.0,0.0
2024-09-27 00:00:00-04:00,223.5500030517578,226.30999755859375,222.2899932861328,223.05999755859375,253500,0.0,0.0
2024-09-30 00:00:00-04:00,222.02999877929688,223.9499969482422,220.52000427246094,223.1300048828125,248000,0.0,0.0
2024-10-01 00:00:00-04:00,222.55999755859375,223.80999755859375,218.92999267578125,223.42999267578125,161000,0.0,0.0
2024-10-02 00:00:00-04:00,223.1699981689453,224.8300018310547,221.69000244140625,222.14999389648438,144700,0.0,0.0
2024-10-03 00:00:00-04:00,221.8000030517578,221.8000030517578,218.9199981689453,220.97999572753906,136800,0.0,0.0
2024-10-04 00:00:00-04:00,224.82000732421875,224.82000732421875,219.91000366210938,221.86000061035156,186900,0.0,0.0
2024-10-07 00:00:00-04:00,219.3699951171875,222.3000030517578,219.32000732421875,221.02999877929688,183900,0.0,0.0
2024-10-08 00:00:00-04:00,222.41000366210938,223.3800048828125,219.74000549316406,220.13999938964844,258800,0.0,0.0
2024-10-09 00:00:00-04:00,220.14999389648438,223.5500030517578,220.14999389648438,221.8800048828125,181600,0.0,0.0
2024-10-10 00:00:00-04:00,218.75,220.4199981689453,218.1199951171875,220.0500030517578,159500,0.0,0.0
2024-10-11 00:00:00-04:00,220.99000549316406,226.52999877929688,220.99000549316406,226.17999267578125,107800,0.0,0.0
2024-10-14 00:00:00-04:00,226.58999633789062,228.1999969482422,225.10000610351562,227.85000610351562,95800,0.0,0.0
2024-10-15 00:00:00-04:00,226.99000549316406,230.47999572753906,225.25,227.17999267578125,144200,0.0,0.0
2024-10-16 00:00:00-04:00,231.7899932861328,234.60000610351562,231.22999572753906,234.38999938964844,236500,0.0,0.0
2024-10-17 00:00:00-04:00,233.25,235.61000061035156,232.2899932861328,235.14999389648438,182000,0.0,0.0
2024-10-18 00:00:00-04:00,235.5399932861328,235.75,231.8699951171875,232.07000732421875,232500,0.0,0.0
2024-10-21 00:00:00-04:00,232.1199951171875,232.7899932861328,228.72000122070312,229.97999572753906,118400,0.0,0.0
2024-10-22 00:00:00-04:00,230.00999450683594,230.36000061035156,225.75,226.22999572753906,238600,0.0,0.0
2024-10-23 00:00:00-04:00,224.10000610351562,226.86000061035156,222.4499969482422,223.82000732421875,392200,0.0,0.0
2024-10-24 00:00:00-04:00,232.0,240.4499969482422,229.4199981689453,231.97000122070312,641900,0.0,0.0
2024-10-25 00:00:00-04:00,234.33999633789062,234.82000732421875,230.3300018310547,231.3000030517578,302600,0.0,0.0
2024-10-28 00:00:00-04:00,234.02000427246094,234.02000427246094,231.4600067138672,233.38999938964844,172500,0.0,0.0
2024-10-29 00:00:00-04:00,232.08999633789062,236.02000427246094,230.57000732421875,235.39999389648438,180900,0.0,0.0
2024-10-30 00:00:00-04:00,235.22000122070312,238.80999755859375,235.22000122070312,236.2100067138672,192700,0.0,0.0
2024-10-31 00:00:00-04:00,236.0,237.22000122070312,231.5399932861328,231.58999633789062,229300,0.0,0.0
2024-11-01 00:00:00-04:00,232.8300018310547,234.30999755859375,231.2100067138672,231.5,145400,0.0,0.0
2024-11-04 00:00:00-05:00,230.32000732421875,235.07000732421875,230.32000732421875,232.66000366210938,175100,0.0,0.0
2024-11-05 00:00:00-05:00,230.80999755859375,236.82000732421875,230.80999755859375,236.1999969482422,131600,0.0,0.0
2024-11-06 00:00:00-05:00,259.6499938964844,269.04998779296875,255.86000061035156,268.6400146484375,650100,0.0,0.0
2024-11-07 00:00:00-05:00,267.4200134277344,268.0899963378906,263.6700134277344,265.010009765625,409300,0.0,0.0
2024-11-08 00:00:00-05:00,266.25,269.4200134277344,264.6300048828125,268.2300109863281,360900,0.0,0.0
2024-11-11 00:00:00-05:00,272.57000732421875,275.510009765625,270.05999755859375,275.20001220703125,274200,0.0,0.0
2024-11-12 00:00:00-05:00,273.6400146484375,276.1499938964844,272.45001220703125,273.8800048828125,273400,0.0,0.0
2024-11-13 00:00:00-05:00,273.8999938964844,276.9700012207031,271.4700012207031,271.6199951171875,241400,0.0,0.0
2024-11-14 00:00:00-05:00,273.07000732421875,274.67999267578125,270.25,270.94000244140625,205200,0.0,0.0
2024-11-15 00:00:00-05:00,272.5299987792969,272.5299987792969,266.3999938964844,266.7300109863281,182500,0.0,0.0
2024-11-18 00:00:00-05:00,266.6400146484375,270.1300048828125,264.8800048828125,267.260009765625,194600,0.0,0.0
2024-11-19 00:00:00-05:00,263.1199951171875,267.1300048828125,262.5,266.2699890136719,210400,0.0,0.0
2024-11-20 00:00:00-05:00,265.510009765625,266.20001220703125,262.9200134277344,265.739990234375,179100,0.0,0.0
2024-11-21 00:00:00-05:00,267.6499938964844,272.9200134277344,265.8800048828125,269.2300109863281,262300,0.0,0.0
2024-11-22 00:00:00-05:00,273.7699890136719,277.6300048828125,272.5899963378906,277.1099853515625,295200,0.0,0.0
2024-11-25 00:00:00-05:00,279.5199890136719,282.32000732421875,277.1199951171875,278.54998779296875,342100,0.0,0.0
2024-11-26 00:00:00-05:00,282.0,282.260009765625,277.989990234375,280.489990234375,449700,0.0,0.0
2024-11-27 00:00:00-05:00,281.1300048828125,282.9800109863281,273.0899963378906,273.8999938964844,294300,0.0,0.0
2024-11-29 00:00:00-05:00,276.1600036621094,278.1400146484375,273.6499938964844,274.7200012207031,205300,0.0,0.0
2024-12-02 00:00:00-05:00,275.5,275.94000244140625,272.010009765625,272.9100036621094,300000,0.0,0.0
2024-12-03 00:00:00-05:00,275.42999267578125,277.55999755859375,272.2699890136719,277.1000061035156,264200,0.0,0.0
2024-12-04 00:00:00-05:00,276.1000061035156,278.54998779296875,275.0199890136719,277.75,204200,0.0,0.0
2024-12-05 00:00:00-05:00,277.75,278.57000732421875,274.0799865722656,275.010009765625,130500,0.0,0.0
2024-12-06 00:00:00-05:00,276.45001220703125,276.7900085449219,271.9800109863281,273.82000732421875,176900,0.0,0.0
2024-12-09 00:00:00-05:00,275.489990234375,275.6099853515625,269.94000244140625,271.92999267578125,215400,0.0,0.0
2024-12-10 00:00:00-05:00,271.95001220703125,273.1000061035156,268.57000732421875,270.5,231500,0.0,0.0
2024-12-11 00:00:00-05:00,273.3800048828125,275.4100036621094,270.3599853515625,270.6400146484375,254600,0.0,0.0
2024-12-12 00:00:00-05:00,271.010009765625,271.010009765625,266.6499938964844,268.0,220700,0.0,0.0
2024-12-13 00:00:00-05:00,266.760009765625,267.8900146484375,262.010009765625,262.07000732421875,309600,0.0,0.0
2024-12-16 00:00:00-05:00,261.3299865722656,261.3299865722656,258.239990234375,258.8299865722656,412200,0.0,0.0
2024-12-17 00:00:00-05:00,257.2900085449219,258.20001220703125,252.72999572753906,254.2899932861328,513600,0.0,0.0
2024-12-18 00:00:00-05:00,255.10000610351562,256.3399963378906,243.10000610351562,244.4600067138672,388700,0.0,0.0
2024-12-19 00:00:00-05:00,247.7100067138672,250.39999389648438,242.91000366210938,243.4499969482422,335500,0.0,0.0
2024-12-20 00:00:00-05:00,240.92999267578125,244.94000244140625,239.47000122070312,240.5800018310547,1034900,0.0,0.0
2024-12-23 00:00:00-05:00,239.52000427246094,242.97999572753906,238.22000122070312,241.10000610351562,278600,0.0,0.0
2024-12-24 00:00:00-05:00,241.0,243.8800048828125,240.50999450683594,243.50999450683594,60600,0.0,0.0
2024-12-26 00:00:00-05:00,241.25999450683594,244.91000366210938,241.0500030517578,244.44000244140625,164200,0.0,0.0
2024-12-27 00:00:00-05:00,242.64999389648438,244.22999572753906,239.75999450683594,241.5500030517578,165800,0.0,0.0
2024-12-30 00:00:00-05:00,239.5500030517578,241.32000732421875,235.5800018310547,238.66000366210938,160282,0.0,0.0
