Date,Open,High,Low,Close,Volume,Dividends,Stock Splits
2022-01-03 00:00:00-05:00,110.18000030517578,113.38999938964844,110.18000030517578,110.98999786376953,324100,0.0,0.0
2022-01-04 00:00:00-05:00,111.5199966430664,112.80999755859375,107.56999969482422,111.91000366210938,264600,0.0,0.0
2022-01-05 00:00:00-05:00,112.2699966430664,112.4000015258789,106.04000091552734,106.19999694824219,209600,0.0,0.0
2022-01-06 00:00:00-05:00,105.16999816894531,108.13999938964844,105.12999725341797,107.33999633789062,135400,0.0,0.0
2022-01-07 00:00:00-05:00,106.95999908447266,107.4800033569336,100.11000061035156,100.12000274658203,316400,0.0,0.0
2022-01-10 00:00:00-05:00,98.9000015258789,98.9000015258789,95.12999725341797,98.62000274658203,394600,0.0,0.0
2022-01-11 00:00:00-05:00,98.55000305175781,100.79000091552734,96.68000030517578,99.91000366210938,206800,0.0,0.0
2022-01-12 00:00:00-05:00,101.31999969482422,102.04000091552734,98.41000366210938,99.2699966430664,298600,0.0,0.0
2022-01-13 00:00:00-05:00,101.0999984741211,102.16999816894531,96.73999786376953,96.91000366210938,237700,0.0,0.0
2022-01-14 00:00:00-05:00,95.37000274658203,99.25,95.12999725341797,97.91999816894531,220900,0.0,0.0
2022-01-18 00:00:00-05:00,95.55000305175781,95.55000305175781,92.51000213623047,92.9000015258789,257900,0.0,0.0
2022-01-19 00:00:00-05:00,94.23999786376953,94.86000061035156,89.72000122070312,90.6500015258789,261300,0.0,0.0
2022-01-20 00:00:00-05:00,91.94999694824219,92.55999755859375,88.4800033569336,88.69999694824219,364800,0.0,0.0
2022-01-21 00:00:00-05:00,88.4000015258789,91.4800033569336,86.19000244140625,86.2699966430664,337900,0.0,0.0
2022-01-24 00:00:00-05:00,84.55999755859375,89.37999725341797,82.93000030517578,89.08999633789062,414500,0.0,0.0
2022-01-25 00:00:00-05:00,86.97000122070312,87.69999694824219,84.22000122070312,85.66000366210938,596000,0.0,0.0
2022-01-26 00:00:00-05:00,92.52999877929688,92.52999877929688,86.86000061035156,87.69999694824219,449100,0.0,0.0
2022-01-27 00:00:00-05:00,88.16999816894531,89.30000305175781,83.69000244140625,84.37000274658203,470300,0.0,0.0
2022-01-28 00:00:00-05:00,84.41000366210938,85.87000274658203,81.58000183105469,85.87000274658203,311000,0.0,0.0
2022-01-31 00:00:00-05:00,86.4800033569336,92.88999938964844,85.80000305175781,92.79000091552734,484600,0.0,0.0
2022-02-01 00:00:00-05:00,93.5,93.5,90.75,91.88999938964844,341700,0.0,0.0
2022-02-02 00:00:00-05:00,93.86000061035156,94.06999969482422,90.1500015258789,91.81999969482422,314200,0.0,0.0
2022-02-03 00:00:00-05:00,90.01000213623047,91.4800033569336,88.55000305175781,88.70999908447266,219900,0.0,0.0
2022-02-04 00:00:00-05:00,87.91000366210938,90.69000244140625,85.0,90.01000213623047,240200,0.0,0.0
2022-02-07 00:00:00-05:00,90.47000122070312,91.83000183105469,89.38999938964844,90.11000061035156,340000,0.0,0.0
2022-02-08 00:00:00-05:00,90.01000213623047,94.2300033569336,89.51000213623047,93.6500015258789,262700,0.0,0.0
2022-02-09 00:00:00-05:00,95.0,96.80000305175781,92.79000091552734,96.80000305175781,290700,0.0,0.0
2022-02-10 00:00:00-05:00,95.58999633789062,98.95999908447266,92.48999786376953,93.0,402100,0.0,0.0
2022-02-11 00:00:00-05:00,93.69000244140625,94.5199966430664,89.4000015258789,89.6500015258789,335200,0.0,0.0
2022-02-14 00:00:00-05:00,90.55000305175781,92.22000122070312,87.80000305175781,88.31999969482422,409100,0.0,0.0
2022-02-15 00:00:00-05:00,89.38999938964844,93.95999908447266,89.29000091552734,93.76000213623047,429400,0.0,0.0
2022-02-16 00:00:00-05:00,92.7300033569336,94.45999908447266,91.41999816894531,94.12000274658203,162900,0.0,0.0
2022-02-17 00:00:00-05:00,92.45999908447266,92.45999908447266,89.38999938964844,89.5999984741211,200900,0.0,0.0
2022-02-18 00:00:00-05:00,89.5999984741211,90.73999786376953,87.91999816894531,89.47000122070312,196300,0.0,0.0
2022-02-22 00:00:00-05:00,88.22000122070312,90.66999816894531,86.31999969482422,87.12999725341797,242400,0.0,0.0
2022-02-23 00:00:00-05:00,88.70999908447266,89.44999694824219,84.66999816894531,85.06999969482422,148300,0.0,0.0
2022-02-24 00:00:00-05:00,81.19999694824219,89.91999816894531,80.80000305175781,89.62000274658203,368800,0.0,0.0
2022-02-25 00:00:00-05:00,89.43000030517578,89.68000030517578,87.3499984741211,88.9800033569336,336400,0.0,0.0
2022-02-28 00:00:00-05:00,88.55000305175781,89.86000061035156,87.73999786376953,89.58999633789062,376100,0.0,0.0
2022-03-01 00:00:00-05:00,89.27999877929688,89.27999877929688,83.87999725341797,85.05999755859375,444100,0.0,0.0
2022-03-02 00:00:00-05:00,86.12999725341797,90.23999786376953,86.12999725341797,89.30000305175781,365600,0.0,0.0
2022-03-03 00:00:00-05:00,89.9800033569336,89.9800033569336,86.02999877929688,86.55999755859375,308400,0.0,0.0
2022-03-04 00:00:00-05:00,85.51000213623047,86.30000305175781,82.31999969482422,83.8499984741211,334400,0.0,0.0
2022-03-07 00:00:00-05:00,84.23999786376953,84.94999694824219,79.05999755859375,79.06999969482422,302300,0.0,0.0
2022-03-08 00:00:00-05:00,79.5,84.41000366210938,78.55000305175781,81.0,543300,0.0,0.0
2022-03-09 00:00:00-05:00,83.7699966430664,85.22000122070312,82.9800033569336,84.62999725341797,349000,0.0,0.0
2022-03-10 00:00:00-05:00,82.55999755859375,84.58999633789062,81.61000061035156,84.02999877929688,178600,0.0,0.0
2022-03-11 00:00:00-05:00,85.13999938964844,85.95999908447266,82.0,82.19999694824219,155400,0.0,0.0
2022-03-14 00:00:00-04:00,82.22000122070312,82.87000274658203,80.37999725341797,81.7300033569336,234900,0.0,0.0
2022-03-15 00:00:00-04:00,82.0199966430664,85.31999969482422,82.0199966430664,84.91999816894531,244800,0.0,0.0
2022-03-16 00:00:00-04:00,86.16000366210938,88.80000305175781,85.31999969482422,88.44000244140625,226200,0.0,0.0
2022-03-17 00:00:00-04:00,87.04000091552734,89.1500015258789,86.12999725341797,89.0999984741211,210300,0.0,0.0
2022-03-18 00:00:00-04:00,88.7300033569336,91.87000274658203,88.31999969482422,91.55999755859375,335500,0.0,0.0
2022-03-21 00:00:00-04:00,91.4800033569336,91.9000015258789,89.41000366210938,90.58999633789062,208200,0.0,0.0
2022-03-22 00:00:00-04:00,90.72000122070312,92.52999877929688,90.5999984741211,91.75,166200,0.0,0.0
2022-03-23 00:00:00-04:00,90.41000366210938,91.7699966430664,88.20999908447266,88.86000061035156,211100,0.0,0.0
2022-03-24 00:00:00-04:00,89.63999938964844,92.23999786376953,89.22000122070312,92.23999786376953,268600,0.0,0.0
2022-03-25 00:00:00-04:00,92.38999938964844,93.7300033569336,90.2300033569336,91.94000244140625,270500,0.0,0.0
2022-03-28 00:00:00-04:00,90.63999938964844,92.4800033569336,90.04000091552734,92.44000244140625,318200,0.0,0.0
2022-03-29 00:00:00-04:00,94.27999877929688,95.5,92.94000244140625,94.37999725341797,381700,0.0,0.0
2022-03-30 00:00:00-04:00,93.8499984741211,94.25,89.47000122070312,90.16999816894531,300700,0.0,0.0
2022-03-31 00:00:00-04:00,90.26000213623047,90.2699966430664,86.4800033569336,86.98999786376953,506500,0.0,0.0
2022-04-01 00:00:00-04:00,87.69999694824219,88.04000091552734,81.4000015258789,83.87000274658203,564100,0.0,0.0
2022-04-04 00:00:00-04:00,84.6500015258789,86.02999877929688,84.27999877929688,84.76000213623047,414900,0.0,0.0
2022-04-05 00:00:00-04:00,83.77999877929688,83.77999877929688,78.75,79.05999755859375,395300,0.0,0.0
2022-04-06 00:00:00-04:00,77.81999969482422,78.2699966430664,75.06999969482422,75.9000015258789,511600,0.0,0.0
2022-04-07 00:00:00-04:00,75.91999816894531,78.12000274658203,74.20999908447266,75.68000030517578,567900,0.0,0.0
2022-04-08 00:00:00-04:00,74.66000366210938,74.91999816894531,72.4800033569336,72.5199966430664,459600,0.0,0.0
2022-04-11 00:00:00-04:00,71.48999786376953,72.75,70.0199966430664,70.08000183105469,426900,0.0,0.0
2022-04-12 00:00:00-04:00,72.04000091552734,72.16999816894531,70.13999938964844,70.2699966430664,424400,0.0,0.0
2022-04-13 00:00:00-04:00,70.56999969482422,73.30000305175781,70.0199966430664,72.4800033569336,205500,0.0,0.0
2022-04-14 00:00:00-04:00,73.05000305175781,73.05000305175781,69.83999633789062,70.11000061035156,417700,0.0,0.0
2022-04-18 00:00:00-04:00,69.5,74.9800033569336,69.5,73.4800033569336,529600,0.0,0.0
2022-04-19 00:00:00-04:00,73.4800033569336,75.6500015258789,73.0,75.25,460000,0.0,0.0
2022-04-20 00:00:00-04:00,77.30999755859375,77.5199966430664,74.55000305175781,75.2699966430664,372600,0.0,0.0
2022-04-21 00:00:00-04:00,76.70999908447266,77.69999694824219,73.80999755859375,74.94000244140625,586900,0.0,0.0
2022-04-22 00:00:00-04:00,74.62999725341797,75.45999908447266,73.05999755859375,73.26000213623047,283400,0.0,0.0
2022-04-25 00:00:00-04:00,72.62999725341797,75.38999938964844,72.62999725341797,74.61000061035156,375600,0.0,0.0
2022-04-26 00:00:00-04:00,73.44000244140625,73.72000122070312,71.80000305175781,72.41999816894531,321500,0.0,0.0
2022-04-27 00:00:00-04:00,71.48999786376953,73.98999786376953,71.41000366210938,71.98999786376953,351800,0.0,0.0
2022-04-28 00:00:00-04:00,74.12999725341797,76.45999908447266,72.41000366210938,75.70999908447266,175000,0.0,0.0
2022-04-29 00:00:00-04:00,73.97000122070312,76.2699966430664,72.9000015258789,73.02999877929688,323500,0.0,0.0
2022-05-02 00:00:00-04:00,73.58999633789062,76.0999984741211,73.04000091552734,75.94000244140625,207800,0.0,0.0
2022-05-03 00:00:00-04:00,76.0,77.2300033569336,75.05999755859375,76.25,255000,0.0,0.0
2022-05-04 00:00:00-04:00,76.5199966430664,80.7699966430664,75.48999786376953,80.44000244140625,359100,0.0,0.0
2022-05-05 00:00:00-04:00,81.80000305175781,81.80000305175781,74.70999908447266,76.06999969482422,360600,0.0,0.0
2022-05-06 00:00:00-04:00,75.0999984741211,76.97000122070312,73.52999877929688,75.37000274658203,313900,0.0,0.0
2022-05-09 00:00:00-04:00,73.56999969482422,75.41000366210938,71.5,72.01000213623047,350500,0.0,0.0
2022-05-10 00:00:00-04:00,73.88999938964844,74.97000122070312,71.98999786376953,73.73999786376953,279800,0.0,0.0
2022-05-11 00:00:00-04:00,73.33999633789062,74.48999786376953,70.37000274658203,70.6500015258789,203600,0.0,0.0
2022-05-12 00:00:00-04:00,70.33999633789062,72.37000274658203,69.83000183105469,72.25,255100,0.0,0.0
2022-05-13 00:00:00-04:00,73.66999816894531,75.7300033569336,73.12999725341797,74.51000213623047,227000,0.0,0.0
2022-05-16 00:00:00-04:00,73.45999908447266,74.5999984741211,72.87999725341797,73.38999938964844,164600,0.0,0.0
2022-05-17 00:00:00-04:00,75.66000366210938,77.63999938964844,75.41000366210938,77.51000213623047,214400,0.0,0.0
2022-05-18 00:00:00-04:00,75.58000183105469,77.52999877929688,72.63999938964844,73.44000244140625,351200,0.0,0.0
2022-05-19 00:00:00-04:00,73.19000244140625,75.31999969482422,73.19000244140625,73.73999786376953,287300,0.0,0.0
2022-05-20 00:00:00-04:00,75.44999694824219,75.44999694824219,70.6500015258789,73.76000213623047,193000,0.0,0.0
2022-05-23 00:00:00-04:00,73.8499984741211,74.51000213623047,71.77999877929688,72.87999725341797,182500,0.0,0.0
2022-05-24 00:00:00-04:00,72.12999725341797,72.69000244140625,69.55000305175781,71.33000183105469,249500,0.0,0.0
2022-05-25 00:00:00-04:00,70.69999694824219,72.51000213623047,70.58000183105469,71.79000091552734,164500,0.0,0.0
2022-05-26 00:00:00-04:00,71.66999816894531,74.41000366210938,71.66999816894531,73.91000366210938,165000,0.0,0.0
2022-05-27 00:00:00-04:00,75.4000015258789,77.6500015258789,75.20999908447266,77.38999938964844,165600,0.0,0.0
2022-05-31 00:00:00-04:00,76.66999816894531,77.55999755859375,74.93000030517578,77.01000213623047,362500,0.0,0.0
2022-06-01 00:00:00-04:00,77.80000305175781,78.47000122070312,74.79000091552734,75.54000091552734,396300,0.0,0.0
2022-06-02 00:00:00-04:00,75.5999984741211,78.91000366210938,74.8499984741211,78.48999786376953,218400,0.0,0.0
2022-06-03 00:00:00-04:00,77.05999755859375,77.05999755859375,75.26000213623047,75.76000213623047,153700,0.0,0.0
2022-06-06 00:00:00-04:00,77.20999908447266,77.66000366210938,75.08999633789062,75.58000183105469,205800,0.0,0.0
2022-06-07 00:00:00-04:00,74.7699966430664,76.69999694824219,73.9800033569336,76.45999908447266,216000,0.0,0.0
2022-06-08 00:00:00-04:00,75.95999908447266,75.95999908447266,74.0999984741211,74.5,182300,0.0,0.0
2022-06-09 00:00:00-04:00,73.41000366210938,75.16000366210938,73.41000366210938,73.5999984741211,217500,0.0,0.0
2022-06-10 00:00:00-04:00,72.33999633789062,73.26000213623047,71.18000030517578,71.66999816894531,261500,0.0,0.0
2022-06-13 00:00:00-04:00,70.13999938964844,70.47000122070312,66.88999938964844,67.16000366210938,317300,0.0,0.0
2022-06-14 00:00:00-04:00,67.77999877929688,69.3499984741211,67.19999694824219,69.0,344400,0.0,0.0
2022-06-15 00:00:00-04:00,69.56999969482422,70.94000244140625,67.87999725341797,69.98999786376953,408600,0.0,0.0
2022-06-16 00:00:00-04:00,67.9800033569336,67.9800033569336,64.11000061035156,64.77999877929688,381700,0.0,0.0
2022-06-17 00:00:00-04:00,65.86000061035156,66.51000213623047,64.5,65.25,665500,0.0,0.0
2022-06-21 00:00:00-04:00,66.58000183105469,69.70999908447266,65.69000244140625,66.48999786376953,269300,0.0,0.0
2022-06-22 00:00:00-04:00,64.95999908447266,66.20999908447266,64.33000183105469,65.23999786376953,354200,0.0,0.0
2022-06-23 00:00:00-04:00,65.80000305175781,66.0199966430664,63.31999969482422,63.83000183105469,266000,0.0,0.0
2022-06-24 00:00:00-04:00,64.37000274658203,66.45999908447266,64.27999877929688,66.4000015258789,460100,0.0,0.0
2022-06-27 00:00:00-04:00,67.4000015258789,68.63999938964844,66.33000183105469,67.55999755859375,251900,0.0,0.0
2022-06-28 00:00:00-04:00,67.66999816894531,68.61000061035156,65.80999755859375,65.87000274658203,213600,0.0,0.0
2022-06-29 00:00:00-04:00,65.5199966430664,65.5199966430664,63.689998626708984,65.01000213623047,235400,0.0,0.0
2022-06-30 00:00:00-04:00,63.650001525878906,65.83000183105469,63.06999969482422,64.56999969482422,328500,0.0,0.0
2022-07-01 00:00:00-04:00,63.779998779296875,63.849998474121094,59.81999969482422,60.95000076293945,303100,0.0,0.0
2022-07-05 00:00:00-04:00,59.779998779296875,61.400001525878906,58.52000045776367,61.189998626708984,548400,0.0,0.0
2022-07-06 00:00:00-04:00,61.470001220703125,61.79999923706055,60.060001373291016,61.119998931884766,233600,0.0,0.0
2022-07-07 00:00:00-04:00,62.220001220703125,63.720001220703125,62.02000045776367,63.4900016784668,416800,0.0,0.0
2022-07-08 00:00:00-04:00,62.72999954223633,65.45999908447266,62.20000076293945,65.19000244140625,317300,0.0,0.0
2022-07-11 00:00:00-04:00,64.12000274658203,65.38999938964844,63.41999816894531,64.23999786376953,163500,0.0,0.0
2022-07-12 00:00:00-04:00,64.31999969482422,64.94000244140625,63.18000030517578,63.650001525878906,189200,0.0,0.0
2022-07-13 00:00:00-04:00,62.22999954223633,64.81999969482422,61.81999969482422,64.55000305175781,266700,0.0,0.0
2022-07-14 00:00:00-04:00,63.779998779296875,67.62000274658203,63.70000076293945,67.31999969482422,346100,0.0,0.0
2022-07-15 00:00:00-04:00,68.41999816894531,70.05000305175781,67.12000274658203,69.37999725341797,255000,0.0,0.0
2022-07-18 00:00:00-04:00,70.2300033569336,70.23999786376953,68.2300033569336,68.4800033569336,242600,0.0,0.0
2022-07-19 00:00:00-04:00,69.51000213623047,71.97000122070312,69.51000213623047,71.66999816894531,215700,0.0,0.0
2022-07-20 00:00:00-04:00,71.51000213623047,74.93000030517578,71.43000030517578,74.62999725341797,235900,0.0,0.0
2022-07-21 00:00:00-04:00,75.22000122070312,77.12000274658203,74.22000122070312,77.06999969482422,244500,0.0,0.0
2022-07-22 00:00:00-04:00,76.38999938964844,76.76000213623047,74.37999725341797,75.43000030517578,314100,0.0,0.0
2022-07-25 00:00:00-04:00,74.83000183105469,75.18000030517578,73.87000274658203,74.83999633789062,177700,0.0,0.0
2022-07-26 00:00:00-04:00,74.58999633789062,74.83000183105469,73.86000061035156,74.30000305175781,137200,0.0,0.0
2022-07-27 00:00:00-04:00,75.4000015258789,79.86000061035156,75.4000015258789,79.0,248300,0.0,0.0
2022-07-28 00:00:00-04:00,78.9000015258789,81.44000244140625,78.16000366210938,81.33000183105469,206000,0.0,0.0
2022-07-29 00:00:00-04:00,80.72000122070312,81.62000274658203,80.3499984741211,81.37000274658203,237500,0.0,0.0
2022-08-01 00:00:00-04:00,80.37000274658203,81.41000366210938,79.62999725341797,80.58999633789062,243900,0.0,0.0
2022-08-02 00:00:00-04:00,79.72000122070312,82.48999786376953,79.72000122070312,81.86000061035156,272800,0.0,0.0
2022-08-03 00:00:00-04:00,81.98999786376953,84.7300033569336,81.36000061035156,84.16999816894531,277100,0.0,0.0
2022-08-04 00:00:00-04:00,84.30000305175781,84.69000244140625,83.12999725341797,83.51000213623047,329400,0.0,0.0
2022-08-05 00:00:00-04:00,82.91000366210938,83.80000305175781,79.58999633789062,81.68000030517578,282000,0.0,0.0
2022-08-08 00:00:00-04:00,81.16000366210938,81.58000183105469,78.95999908447266,80.29000091552734,212500,0.0,0.0
2022-08-09 00:00:00-04:00,78.80000305175781,79.19999694824219,74.95999908447266,76.51000213623047,260500,0.0,0.0
2022-08-10 00:00:00-04:00,78.37999725341797,80.3499984741211,77.30000305175781,79.73999786376953,236100,0.0,0.0
2022-08-11 00:00:00-04:00,80.7300033569336,82.08000183105469,79.95999908447266,80.2699966430664,145300,0.0,0.0
2022-08-12 00:00:00-04:00,80.9000015258789,83.38999938964844,80.41999816894531,83.30000305175781,125600,0.0,0.0
2022-08-15 00:00:00-04:00,82.83999633789062,84.0999984741211,82.44999694824219,83.88999938964844,157500,0.0,0.0
2022-08-16 00:00:00-04:00,83.33999633789062,83.66000366210938,82.2300033569336,83.12999725341797,113200,0.0,0.0
2022-08-17 00:00:00-04:00,81.81999969482422,81.81999969482422,79.0,79.6500015258789,306500,0.0,0.0
2022-08-18 00:00:00-04:00,79.29000091552734,82.79000091552734,79.29000091552734,81.77999877929688,175000,0.0,0.0
2022-08-19 00:00:00-04:00,80.47000122070312,81.01000213623047,79.43000030517578,79.61000061035156,133900,0.0,0.0
2022-08-22 00:00:00-04:00,78.23999786376953,78.51000213623047,76.51000213623047,76.94999694824219,134800,0.0,0.0
2022-08-23 00:00:00-04:00,76.98999786376953,78.54000091552734,76.98999786376953,77.86000061035156,132700,0.0,0.0
2022-08-24 00:00:00-04:00,77.69000244140625,78.52999877929688,76.91000366210938,77.61000061035156,113100,0.0,0.0
2022-08-25 00:00:00-04:00,77.66000366210938,79.86000061035156,77.66000366210938,79.73999786376953,163000,0.0,0.0
2022-08-26 00:00:00-04:00,79.8499984741211,79.8499984741211,75.13999938964844,75.38999938964844,112700,0.0,0.0
2022-08-29 00:00:00-04:00,74.9000015258789,75.75,73.38999938964844,73.5199966430664,138600,0.0,0.0
2022-08-30 00:00:00-04:00,74.0999984741211,74.51000213623047,71.81999969482422,72.31999969482422,164800,0.0,0.0
2022-08-31 00:00:00-04:00,72.58000183105469,72.98999786376953,70.55000305175781,71.16999816894531,272000,0.0,0.0
2022-09-01 00:00:00-04:00,69.33999633789062,69.47000122070312,66.7699966430664,68.55999755859375,234000,0.0,0.0
2022-09-02 00:00:00-04:00,69.80999755859375,70.23999786376953,67.88999938964844,68.58000183105469,110600,0.0,0.0
2022-09-06 00:00:00-04:00,68.76000213623047,68.88999938964844,67.16000366210938,67.83000183105469,109000,0.0,0.0
2022-09-07 00:00:00-04:00,67.83000183105469,68.9000015258789,66.87999725341797,68.66999816894531,174500,0.0,0.0
2022-09-08 00:00:00-04:00,67.66999816894531,69.58999633789062,66.87999725341797,69.41000366210938,111900,0.0,0.0
2022-09-09 00:00:00-04:00,70.83999633789062,71.72000122070312,70.55000305175781,70.98999786376953,105300,0.0,0.0
2022-09-12 00:00:00-04:00,71.63999938964844,71.7699966430664,70.13999938964844,71.37000274658203,150600,0.0,0.0
2022-09-13 00:00:00-04:00,68.19000244140625,68.83000183105469,67.05999755859375,67.36000061035156,140400,0.0,0.0
2022-09-14 00:00:00-04:00,67.7300033569336,68.19000244140625,66.0199966430664,67.01000213623047,216300,0.0,0.0
2022-09-15 00:00:00-04:00,66.5,67.33999633789062,65.0,65.8499984741211,257400,0.0,0.0
2022-09-16 00:00:00-04:00,65.16999816894531,65.8499984741211,64.04000091552734,65.7699966430664,370100,0.0,0.0
2022-09-19 00:00:00-04:00,64.87999725341797,66.8499984741211,64.30999755859375,66.77999877929688,150000,0.0,0.0
2022-09-20 00:00:00-04:00,65.91000366210938,66.80999755859375,65.44999694824219,66.19000244140625,168900,0.0,0.0
2022-09-21 00:00:00-04:00,66.72000122070312,68.08000183105469,65.51000213623047,65.70999908447266,154200,0.0,0.0
2022-09-22 00:00:00-04:00,65.37999725341797,65.87000274658203,63.779998779296875,64.55000305175781,207300,0.0,0.0
2022-09-23 00:00:00-04:00,63.869998931884766,63.869998931884766,61.5099983215332,63.2400016784668,288800,0.0,0.0
2022-09-26 00:00:00-04:00,63.650001525878906,64.52999877929688,62.380001068115234,63.150001525878906,253600,0.0,0.0
2022-09-27 00:00:00-04:00,64.0999984741211,64.61000061035156,63.0,64.27999877929688,178100,0.0,0.0
2022-09-28 00:00:00-04:00,63.91999816894531,66.7699966430664,63.91999816894531,66.2699966430664,193900,0.0,0.0
2022-09-29 00:00:00-04:00,64.9800033569336,65.9000015258789,64.20999908447266,65.80000305175781,204500,0.0,0.0
2022-09-30 00:00:00-04:00,65.20999908447266,67.0,64.7300033569336,64.91000366210938,303800,0.0,0.0
2022-10-03 00:00:00-04:00,65.77999877929688,68.69000244140625,65.37000274658203,68.0,195300,0.0,0.0
2022-10-04 00:00:00-04:00,69.80000305175781,72.0199966430664,69.7699966430664,71.93000030517578,231900,0.0,0.0
2022-10-05 00:00:00-04:00,71.20999908447266,74.25,70.5999984741211,74.06999969482422,316900,0.0,0.0
2022-10-06 00:00:00-04:00,73.72000122070312,75.44999694824219,73.0999984741211,73.61000061035156,386300,0.0,0.0
2022-10-07 00:00:00-04:00,71.69999694824219,71.91000366210938,69.62000274658203,69.95999908447266,283900,0.0,0.0
2022-10-10 00:00:00-04:00,69.62000274658203,69.79000091552734,66.51000213623047,68.8499984741211,352100,0.0,0.0
2022-10-11 00:00:00-04:00,68.19000244140625,68.69000244140625,66.0199966430664,67.5199966430664,238700,0.0,0.0
2022-10-12 00:00:00-04:00,67.37000274658203,67.62000274658203,66.23999786376953,66.44000244140625,197300,0.0,0.0
2022-10-13 00:00:00-04:00,64.1500015258789,69.58000183105469,63.43000030517578,68.97000122070312,189500,0.0,0.0
2022-10-14 00:00:00-04:00,69.4800033569336,69.5,67.0,67.52999877929688,863700,0.0,0.0
2022-10-17 00:00:00-04:00,69.08999633789062,69.55999755859375,67.7699966430664,69.01000213623047,294600,0.0,0.0
2022-10-18 00:00:00-04:00,71.52999877929688,72.05999755859375,68.9800033569336,70.0199966430664,329500,0.0,0.0
2022-10-19 00:00:00-04:00,69.2699966430664,70.5999984741211,68.33000183105469,69.55999755859375,256400,0.0,0.0
2022-10-20 00:00:00-04:00,69.91000366210938,71.5999984741211,68.68000030517578,69.11000061035156,234700,0.0,0.0
2022-10-21 00:00:00-04:00,69.5,72.16000366210938,68.69999694824219,71.9800033569336,194900,0.0,0.0
2022-10-24 00:00:00-04:00,72.0,72.29000091552734,70.37000274658203,71.38999938964844,248600,0.0,0.0
2022-10-25 00:00:00-04:00,71.88999938964844,74.01000213623047,71.38999938964844,73.36000061035156,215400,0.0,0.0
2022-10-26 00:00:00-04:00,72.43000030517578,74.51000213623047,70.8499984741211,72.5999984741211,217900,0.0,0.0
2022-10-27 00:00:00-04:00,72.0,73.11000061035156,69.41000366210938,69.68000030517578,260200,0.0,0.0
2022-10-28 00:00:00-04:00,69.94000244140625,72.69999694824219,69.87999725341797,72.36000061035156,400500,0.0,0.0
2022-10-31 00:00:00-04:00,71.80000305175781,72.37000274658203,69.73999786376953,71.66999816894531,271600,0.0,0.0
2022-11-01 00:00:00-04:00,73.41999816894531,73.54000091552734,72.0199966430664,72.08999633789062,178700,0.0,0.0
2022-11-02 00:00:00-04:00,72.33999633789062,74.08999633789062,70.80999755859375,70.98999786376953,354100,0.0,0.0
2022-11-03 00:00:00-04:00,69.37000274658203,69.41000366210938,67.33000183105469,67.37000274658203,308200,0.0,0.0
2022-11-04 00:00:00-04:00,70.27999877929688,71.19000244140625,68.72000122070312,71.19000244140625,240600,0.0,0.0
2022-11-07 00:00:00-05:00,71.18000030517578,72.93000030517578,70.41000366210938,72.93000030517578,209500,0.0,0.0
2022-11-08 00:00:00-05:00,75.25,78.37000274658203,73.5199966430664,75.30000305175781,318300,0.0,0.0
2022-11-09 00:00:00-05:00,74.31999969482422,74.8499984741211,72.5199966430664,72.62999725341797,189800,0.0,0.0
2022-11-10 00:00:00-05:00,76.95999908447266,81.12000274658203,76.44000244140625,81.08000183105469,257700,0.0,0.0
2022-11-11 00:00:00-05:00,81.25,83.44999694824219,80.08000183105469,82.58000183105469,172000,0.0,0.0
2022-11-14 00:00:00-05:00,81.95999908447266,83.47000122070312,81.54000091552734,82.33999633789062,163800,0.0,0.0
2022-11-15 00:00:00-05:00,84.36000061035156,89.58000183105469,84.36000061035156,88.0,402100,0.0,0.0
2022-11-16 00:00:00-05:00,85.80000305175781,87.04000091552734,84.69000244140625,86.02999877929688,315000,0.0,0.0
2022-11-17 00:00:00-05:00,84.2300033569336,87.8499984741211,84.2300033569336,87.5199966430664,235700,0.0,0.0
2022-11-18 00:00:00-05:00,89.5,89.5,87.5199966430664,87.77999877929688,291600,0.0,0.0
2022-11-21 00:00:00-05:00,86.83999633789062,87.7699966430664,85.16000366210938,85.41999816894531,323000,0.0,0.0
2022-11-22 00:00:00-05:00,86.25,88.0999984741211,85.9000015258789,88.08000183105469,142800,0.0,0.0
2022-11-23 00:00:00-05:00,88.08000183105469,90.36000061035156,88.08000183105469,90.22000122070312,268000,0.0,0.0
2022-11-25 00:00:00-05:00,89.69999694824219,90.33000183105469,89.16999816894531,89.22000122070312,103100,0.0,0.0
2022-11-28 00:00:00-05:00,88.11000061035156,89.1500015258789,85.29000091552734,87.9000015258789,239800,0.0,0.0
2022-11-29 00:00:00-05:00,88.33000183105469,88.4000015258789,86.58000183105469,87.80000305175781,219100,0.0,0.0
2022-11-30 00:00:00-05:00,87.95999908447266,92.25,87.05999755859375,92.2300033569336,342000,0.0,0.0
2022-12-01 00:00:00-05:00,92.2699966430664,92.93000030517578,90.0999984741211,91.06999969482422,286400,0.0,0.0
2022-12-02 00:00:00-05:00,89.0199966430664,91.63999938964844,88.6500015258789,91.55000305175781,196400,0.0,0.0
2022-12-05 00:00:00-05:00,91.33999633789062,91.33999633789062,87.51000213623047,88.36000061035156,364500,0.0,0.0
2022-12-06 00:00:00-05:00,88.36000061035156,88.44999694824219,84.66000366210938,85.79000091552734,197700,0.0,0.0
2022-12-07 00:00:00-05:00,85.2699966430664,87.01000213623047,84.91000366210938,86.38999938964844,143100,0.0,0.0
2022-12-08 00:00:00-05:00,86.47000122070312,88.94000244140625,86.11000061035156,87.94999694824219,206600,0.0,0.0
2022-12-09 00:00:00-05:00,86.83999633789062,88.05999755859375,86.0,86.98999786376953,179100,0.0,0.0
2022-12-12 00:00:00-05:00,86.68000030517578,88.05000305175781,86.44999694824219,87.70999908447266,220400,0.0,0.0
2022-12-13 00:00:00-05:00,92.0,92.83000183105469,87.98999786376953,88.7699966430664,279400,0.0,0.0
2022-12-14 00:00:00-05:00,87.7699966430664,89.41000366210938,85.5199966430664,86.16999816894531,343100,0.0,0.0
2022-12-15 00:00:00-05:00,84.51000213623047,84.56999969482422,81.87999725341797,82.0199966430664,262900,0.0,0.0
2022-12-16 00:00:00-05:00,81.04000091552734,81.86000061035156,79.83000183105469,80.5199966430664,664000,0.0,0.0
2022-12-19 00:00:00-05:00,81.16999816894531,81.16999816894531,79.0,79.72000122070312,308500,0.0,0.0
2022-12-20 00:00:00-05:00,79.2300033569336,79.97000122070312,78.23999786376953,78.5,173700,0.0,0.0
2022-12-21 00:00:00-05:00,78.83000183105469,81.08999633789062,78.83000183105469,80.43000030517578,149400,0.0,0.0
2022-12-22 00:00:00-05:00,79.16999816894531,79.16999816894531,75.55999755859375,77.69999694824219,236100,0.0,0.0
2022-12-23 00:00:00-05:00,77.16000366210938,77.66999816894531,76.0,76.83999633789062,157000,0.0,0.0
2022-12-27 00:00:00-05:00,76.69000244140625,76.69000244140625,75.55999755859375,75.94000244140625,164200,0.0,0.0
2022-12-28 00:00:00-05:00,75.66999816894531,76.08000183105469,74.05000305175781,74.08999633789062,132400,0.0,0.0
2022-12-29 00:00:00-05:00,75.3499984741211,76.31999969482422,74.94000244140625,76.12000274658203,240900,0.0,0.0
2022-12-30 00:00:00-05:00,75.04000091552734,76.47000122070312,74.44999694824219,76.13999938964844,166700,0.0,0.0
2023-01-03 00:00:00-05:00,77.8499984741211,81.55999755859375,75.27999877929688,76.12000274658203,192600,0.0,0.0
2023-01-04 00:00:00-05:00,77.41999816894531,80.4000015258789,76.45999908447266,77.08000183105469,139200,0.0,0.0
2023-01-05 00:00:00-05:00,75.98999786376953,77.2699966430664,74.9800033569336,75.19999694824219,163600,0.0,0.0
2023-01-06 00:00:00-05:00,76.33999633789062,79.6500015258789,75.43000030517578,79.58000183105469,126300,0.0,0.0
2023-01-09 00:00:00-05:00,81.08000183105469,83.68000030517578,80.83999633789062,82.1500015258789,250000,0.0,0.0
2023-01-10 00:00:00-05:00,81.7699966430664,83.91999816894531,81.66000366210938,83.26000213623047,212000,0.0,0.0
2023-01-11 00:00:00-05:00,82.8499984741211,84.2699966430664,82.73999786376953,84.12999725341797,186000,0.0,0.0
2023-01-12 00:00:00-05:00,84.70999908447266,86.2300033569336,83.62000274658203,85.4800033569336,202000,0.0,0.0
2023-01-13 00:00:00-05:00,84.58000183105469,87.4800033569336,84.58000183105469,87.3499984741211,210200,0.0,0.0
2023-01-17 00:00:00-05:00,87.2699966430664,88.54000091552734,85.83999633789062,87.47000122070312,186100,0.0,0.0
2023-01-18 00:00:00-05:00,88.66999816894531,89.54000091552734,86.33999633789062,86.47000122070312,135800,0.0,0.0
2023-01-19 00:00:00-05:00,86.18000030517578,86.38999938964844,84.0,84.9000015258789,191600,0.0,0.0
2023-01-20 00:00:00-05:00,86.55999755859375,87.29000091552734,84.9800033569336,86.66999816894531,174600,0.0,0.0
2023-01-23 00:00:00-05:00,87.04000091552734,89.66000366210938,86.48999786376953,88.7699966430664,214300,0.0,0.0
2023-01-24 00:00:00-05:00,87.5199966430664,88.62000274658203,86.91000366210938,88.05000305175781,280500,0.0,0.0
2023-01-25 00:00:00-05:00,86.70999908447266,88.48999786376953,86.44000244140625,88.26000213623047,187700,0.0,0.0
2023-01-26 00:00:00-05:00,88.79000091552734,90.19000244140625,87.9800033569336,90.05999755859375,151500,0.0,0.0
2023-01-27 00:00:00-05:00,89.62000274658203,90.47000122070312,89.31999969482422,89.54000091552734,81400,0.0,0.0
2023-01-30 00:00:00-05:00,88.22000122070312,88.75,87.16999816894531,87.38999938964844,135400,0.0,0.0
2023-01-31 00:00:00-05:00,87.69999694824219,89.7300033569336,87.69999694824219,89.19000244140625,321400,0.0,0.0
2023-02-01 00:00:00-05:00,89.02999877929688,94.19000244140625,88.94999694824219,93.3499984741211,211000,0.0,0.0
2023-02-02 00:00:00-05:00,93.72000122070312,95.8499984741211,92.3499984741211,95.47000122070312,288000,0.0,0.0
2023-02-03 00:00:00-05:00,93.51000213623047,95.7699966430664,92.70999908447266,94.18000030517578,204500,0.0,0.0
2023-02-06 00:00:00-05:00,91.83000183105469,92.69999694824219,90.79000091552734,91.6500015258789,186500,0.0,0.0
2023-02-07 00:00:00-05:00,94.58000183105469,96.0999984741211,92.08000183105469,95.43000030517578,320100,0.0,0.0
2023-02-08 00:00:00-05:00,94.8499984741211,95.22000122070312,92.7300033569336,93.63999938964844,198800,0.0,0.0
2023-02-09 00:00:00-05:00,96.66000366210938,96.66000366210938,93.52999877929688,94.4000015258789,203900,0.0,0.0
2023-02-10 00:00:00-05:00,94.02999877929688,94.08000183105469,91.86000061035156,93.91999816894531,209100,0.0,0.0
2023-02-13 00:00:00-05:00,94.44999694824219,95.7300033569336,94.0,95.66999816894531,159500,0.0,0.0
2023-02-14 00:00:00-05:00,94.55000305175781,97.44999694824219,93.62000274658203,96.37999725341797,219200,0.0,0.0
2023-02-15 00:00:00-05:00,95.22000122070312,96.25,94.56999969482422,96.01000213623047,136900,0.0,0.0
2023-02-16 00:00:00-05:00,94.25,95.73999786376953,93.75,93.83000183105469,126500,0.0,0.0
2023-02-17 00:00:00-05:00,93.88999938964844,94.02999877929688,92.37000274658203,94.0,218300,0.0,0.0
2023-02-21 00:00:00-05:00,92.5,93.88999938964844,88.47000122070312,88.7699966430664,223100,0.0,0.0
2023-02-22 00:00:00-05:00,88.70999908447266,90.05000305175781,88.29000091552734,89.58999633789062,183200,0.0,0.0
2023-02-23 00:00:00-05:00,91.95999908447266,92.5,89.5999984741211,91.69000244140625,125700,0.0,0.0
2023-02-24 00:00:00-05:00,89.94000244140625,91.51000213623047,89.58000183105469,91.47000122070312,172900,0.0,0.0
2023-02-27 00:00:00-05:00,92.51000213623047,92.91000366210938,91.4800033569336,91.7699966430664,124900,0.0,0.0
2023-02-28 00:00:00-05:00,91.3499984741211,93.26000213623047,90.2300033569336,91.69000244140625,233200,0.0,0.0
2023-03-01 00:00:00-05:00,92.11000061035156,93.81999969482422,91.20999908447266,92.4800033569336,127000,0.0,0.0
2023-03-02 00:00:00-05:00,91.23999786376953,93.2300033569336,90.51000213623047,92.73999786376953,101600,0.0,0.0
2023-03-03 00:00:00-05:00,92.63999938964844,93.7300033569336,91.5199966430664,93.63999938964844,102800,0.0,0.0
2023-03-06 00:00:00-05:00,94.06999969482422,94.69999694824219,90.0,90.80000305175781,185100,0.0,0.0
2023-03-07 00:00:00-05:00,90.7300033569336,91.22000122070312,89.11000061035156,89.33999633789062,109900,0.0,0.0
2023-03-08 00:00:00-05:00,89.97000122070312,91.9800033569336,89.37000274658203,91.91000366210938,149400,0.0,0.0
2023-03-09 00:00:00-05:00,91.87999725341797,93.2300033569336,90.36000061035156,90.5999984741211,110400,0.0,0.0
2023-03-10 00:00:00-05:00,90.68000030517578,90.68000030517578,87.22000122070312,88.23999786376953,150600,0.0,0.0
2023-03-13 00:00:00-04:00,86.77999877929688,89.30999755859375,85.6500015258789,88.44000244140625,167300,0.0,0.0
2023-03-14 00:00:00-04:00,91.25,91.95999908447266,89.08000183105469,90.94999694824219,127000,0.0,0.0
2023-03-15 00:00:00-04:00,88.98999786376953,89.30000305175781,86.83000183105469,88.77999877929688,165900,0.0,0.0
2023-03-16 00:00:00-04:00,87.5999984741211,91.61000061035156,87.41000366210938,90.80999755859375,249900,0.0,0.0
2023-03-17 00:00:00-04:00,90.7300033569336,91.33999633789062,87.38999938964844,87.73999786376953,681200,0.0,0.0
2023-03-20 00:00:00-04:00,88.62000274658203,91.08999633789062,88.26000213623047,90.43000030517578,270900,0.0,0.0
2023-03-21 00:00:00-04:00,91.45999908447266,92.70999908447266,88.73999786376953,91.04000091552734,175200,0.0,0.0
2023-03-22 00:00:00-04:00,90.80999755859375,93.08999633789062,89.41000366210938,89.45999908447266,229000,0.0,0.0
2023-03-23 00:00:00-04:00,90.54000091552734,93.6500015258789,89.83000183105469,91.83999633789062,242000,0.0,0.0
2023-03-24 00:00:00-04:00,90.69000244140625,91.0,88.5199966430664,89.8499984741211,449400,0.0,0.0
2023-03-27 00:00:00-04:00,90.56999969482422,90.56999969482422,87.87000274658203,88.25,244700,0.0,0.0
2023-03-28 00:00:00-04:00,87.77999877929688,88.16000366210938,85.72000122070312,88.0,202300,0.0,0.0
2023-03-29 00:00:00-04:00,89.79000091552734,92.19000244140625,88.88999938964844,91.37000274658203,162900,0.0,0.0
2023-03-30 00:00:00-04:00,92.4000015258789,93.0199966430664,91.3499984741211,91.44999694824219,139700,0.0,0.0
2023-03-31 00:00:00-04:00,91.27999877929688,93.2699966430664,90.58999633789062,92.76000213623047,388300,0.0,0.0
2023-04-03 00:00:00-04:00,92.36000061035156,93.12000274658203,89.83999633789062,91.73999786376953,273100,0.0,0.0
2023-04-04 00:00:00-04:00,91.48999786376953,91.5999984741211,86.97000122070312,87.19000244140625,224800,0.0,0.0
2023-04-05 00:00:00-04:00,86.62999725341797,86.79000091552734,84.08000183105469,85.05999755859375,235000,0.0,0.0
2023-04-06 00:00:00-04:00,84.70999908447266,85.70999908447266,83.22000122070312,84.69000244140625,177200,0.0,0.0
2023-04-10 00:00:00-04:00,84.20999908447266,86.56999969482422,84.12999725341797,86.48999786376953,191700,0.0,0.0
2023-04-11 00:00:00-04:00,87.26000213623047,87.55000305175781,85.36000061035156,85.51000213623047,165800,0.0,0.0
2023-04-12 00:00:00-04:00,86.58999633789062,86.58999633789062,84.08999633789062,84.2699966430664,169900,0.0,0.0
2023-04-13 00:00:00-04:00,84.7699966430664,86.13999938964844,84.05999755859375,85.69000244140625,130300,0.0,0.0
2023-04-14 00:00:00-04:00,85.30999755859375,86.27999877929688,84.45999908447266,84.87000274658203,211900,0.0,0.0
2023-04-17 00:00:00-04:00,84.4000015258789,85.45999908447266,84.0,85.2699966430664,178500,0.0,0.0
2023-04-18 00:00:00-04:00,86.12999725341797,86.98999786376953,84.83000183105469,85.66999816894531,165500,0.0,0.0
2023-04-19 00:00:00-04:00,85.05999755859375,85.44999694824219,83.37999725341797,84.36000061035156,243400,0.0,0.0
2023-04-20 00:00:00-04:00,83.58999633789062,85.20999908447266,82.58000183105469,84.23999786376953,177800,0.0,0.0
2023-04-21 00:00:00-04:00,83.8499984741211,83.91000366210938,82.7699966430664,83.2699966430664,148200,0.0,0.0
2023-04-24 00:00:00-04:00,83.2699966430664,83.66999816894531,82.31999969482422,83.19999694824219,160100,0.0,0.0
2023-04-25 00:00:00-04:00,82.27999877929688,82.51000213623047,79.69000244140625,79.70999908447266,203500,0.0,0.0
2023-04-26 00:00:00-04:00,79.93000030517578,80.33000183105469,78.83999633789062,79.0199966430664,258500,0.0,0.0
2023-04-27 00:00:00-04:00,78.7699966430664,79.52999877929688,76.43000030517578,79.4800033569336,204800,0.0,0.0
2023-04-28 00:00:00-04:00,79.48999786376953,80.66000366210938,79.13999938964844,79.69999694824219,245000,0.0,0.0
2023-05-01 00:00:00-04:00,79.83999633789062,82.66000366210938,79.83999633789062,82.38999938964844,161300,0.0,0.0
2023-05-02 00:00:00-04:00,82.31999969482422,83.5999984741211,81.61000061035156,83.05999755859375,183500,0.0,0.0
2023-05-03 00:00:00-04:00,83.12000274658203,84.95999908447266,82.76000213623047,83.43000030517578,185400,0.0,0.0
2023-05-04 00:00:00-04:00,82.76000213623047,83.95999908447266,82.0,83.31999969482422,184500,0.0,0.0
2023-05-05 00:00:00-04:00,84.05999755859375,86.22000122070312,83.51000213623047,86.04000091552734,180900,0.0,0.0
2023-05-08 00:00:00-04:00,85.69000244140625,87.0999984741211,83.75,84.29000091552734,227500,0.0,0.0
2023-05-09 00:00:00-04:00,82.75,82.80000305175781,81.5999984741211,82.5999984741211,270900,0.0,0.0
2023-05-10 00:00:00-04:00,82.5999984741211,87.18000030517578,81.58000183105469,86.86000061035156,236400,0.0,0.0
2023-05-11 00:00:00-04:00,86.38999938964844,87.01000213623047,84.44999694824219,86.87999725341797,135900,0.0,0.0
2023-05-12 00:00:00-04:00,87.16000366210938,88.1500015258789,85.1500015258789,86.1500015258789,136500,0.0,0.0
2023-05-15 00:00:00-04:00,86.51000213623047,89.7300033569336,85.72000122070312,89.2300033569336,156800,0.0,0.0
2023-05-16 00:00:00-04:00,88.75,90.91000366210938,88.75,90.0,195600,0.0,0.0
2023-05-17 00:00:00-04:00,90.75,93.9000015258789,90.30000305175781,92.87999725341797,243800,0.0,0.0
2023-05-18 00:00:00-04:00,92.9000015258789,93.95999908447266,92.9000015258789,93.83000183105469,429800,0.0,0.0
2023-05-19 00:00:00-04:00,94.2300033569336,95.4800033569336,93.55000305175781,95.30999755859375,286300,0.0,0.0
2023-05-22 00:00:00-04:00,94.80000305175781,96.0199966430664,91.76000213623047,95.11000061035156,178100,0.0,0.0
2023-05-23 00:00:00-04:00,94.51000213623047,95.22000122070312,91.44999694824219,91.55999755859375,259700,0.0,0.0
2023-05-24 00:00:00-04:00,90.31999969482422,90.58999633789062,86.48999786376953,87.37000274658203,352800,0.0,0.0
2023-05-25 00:00:00-04:00,89.44999694824219,92.0199966430664,89.25,91.91000366210938,249400,0.0,0.0
2023-05-26 00:00:00-04:00,92.83999633789062,96.5999984741211,92.83999633789062,95.80999755859375,182000,0.0,0.0
2023-05-30 00:00:00-04:00,96.37000274658203,97.37000274658203,91.44000244140625,91.7699966430664,276900,0.0,0.0
2023-05-31 00:00:00-04:00,90.55000305175781,91.91000366210938,88.5199966430664,89.83999633789062,555900,0.0,0.0
2023-06-01 00:00:00-04:00,90.30000305175781,91.70999908447266,89.56999969482422,91.1500015258789,247000,0.0,0.0
2023-06-02 00:00:00-04:00,92.0,92.23999786376953,89.69000244140625,91.01000213623047,277700,0.0,0.0
2023-06-05 00:00:00-04:00,90.26000213623047,90.26000213623047,86.76000213623047,87.88999938964844,313800,0.0,0.0
2023-06-06 00:00:00-04:00,87.04000091552734,90.4800033569336,87.04000091552734,89.36000061035156,253400,0.0,0.0
2023-06-07 00:00:00-04:00,89.91000366210938,94.30999755859375,89.91000366210938,92.77999877929688,370300,0.0,0.0
2023-06-08 00:00:00-04:00,92.83000183105469,93.76000213623047,91.31999969482422,92.11000061035156,142300,0.0,0.0
2023-06-09 00:00:00-04:00,92.55999755859375,92.9000015258789,91.16999816894531,91.5199966430664,122500,0.0,0.0
2023-06-12 00:00:00-04:00,92.1500015258789,94.62000274658203,92.1500015258789,93.51000213623047,228400,0.0,0.0
2023-06-13 00:00:00-04:00,95.81999969482422,95.86000061035156,94.19000244140625,94.8499984741211,200800,0.0,0.0
2023-06-14 00:00:00-04:00,94.69999694824219,95.08000183105469,92.86000061035156,93.69000244140625,217400,0.0,0.0
2023-06-15 00:00:00-04:00,92.77999877929688,93.29000091552734,92.04000091552734,93.0199966430664,168000,0.0,0.0
2023-06-16 00:00:00-04:00,94.37000274658203,94.37000274658203,91.19999694824219,92.87999725341797,694900,0.0,0.0
2023-06-20 00:00:00-04:00,92.73999786376953,93.19999694824219,91.48999786376953,92.02999877929688,167500,0.0,0.0
2023-06-21 00:00:00-04:00,91.20999908447266,92.80000305175781,91.19000244140625,91.41999816894531,158300,0.0,0.0
2023-06-22 00:00:00-04:00,90.80999755859375,91.5199966430664,90.19999694824219,90.72000122070312,210600,0.0,0.0
2023-06-23 00:00:00-04:00,89.0199966430664,89.0999984741211,85.3499984741211,85.62999725341797,733000,0.0,0.0
2023-06-26 00:00:00-04:00,85.9000015258789,88.58000183105469,85.9000015258789,87.2699966430664,252300,0.0,0.0
2023-06-27 00:00:00-04:00,87.66000366210938,90.9000015258789,86.83999633789062,90.51000213623047,192400,0.0,0.0
2023-06-28 00:00:00-04:00,89.48999786376953,90.66000366210938,88.80999755859375,89.98999786376953,294100,0.0,0.0
2023-06-29 00:00:00-04:00,90.69000244140625,91.87999725341797,89.54000091552734,91.33000183105469,144700,0.0,0.0
2023-06-30 00:00:00-04:00,92.0199966430664,93.41999816894531,91.6500015258789,92.48999786376953,175400,0.0,0.0
2023-07-03 00:00:00-04:00,92.62000274658203,93.36000061035156,91.44000244140625,93.36000061035156,73800,0.0,0.0
2023-07-05 00:00:00-04:00,91.76000213623047,92.6500015258789,89.3499984741211,89.61000061035156,237500,0.0,0.0
2023-07-06 00:00:00-04:00,87.83000183105469,88.9800033569336,86.66000366210938,88.2699966430664,150700,0.0,0.0
2023-07-07 00:00:00-04:00,88.58000183105469,89.54000091552734,87.51000213623047,87.83000183105469,166200,0.0,0.0
2023-07-10 00:00:00-04:00,87.83999633789062,89.75,87.83000183105469,88.95999908447266,144900,0.0,0.0
2023-07-11 00:00:00-04:00,89.26000213623047,90.54000091552734,88.31999969482422,90.37999725341797,177500,0.0,0.0
2023-07-12 00:00:00-04:00,92.01000213623047,92.87999725341797,91.4800033569336,91.76000213623047,159400,0.0,0.0
2023-07-13 00:00:00-04:00,92.41999816894531,94.5,92.0999984741211,94.47000122070312,169200,0.0,0.0
2023-07-14 00:00:00-04:00,94.2699966430664,94.33000183105469,92.18000030517578,93.66000366210938,283600,0.0,0.0
2023-07-17 00:00:00-04:00,93.61000061035156,96.69000244140625,92.45999908447266,95.66999816894531,236300,0.0,0.0
2023-07-18 00:00:00-04:00,95.7699966430664,96.04000091552734,93.9000015258789,95.66000366210938,126100,0.0,0.0
2023-07-19 00:00:00-04:00,95.70999908447266,95.70999908447266,93.27999877929688,93.27999877929688,150400,0.0,0.0
2023-07-20 00:00:00-04:00,92.29000091552734,92.29000091552734,88.86000061035156,89.55000305175781,156800,0.0,0.0
2023-07-21 00:00:00-04:00,90.80000305175781,92.11000061035156,90.0199966430664,91.22000122070312,163100,0.0,0.0
2023-07-24 00:00:00-04:00,91.0,92.16999816894531,89.87999725341797,90.0999984741211,177200,0.0,0.0
2023-07-25 00:00:00-04:00,90.5999984741211,92.58999633789062,90.5999984741211,92.0199966430664,119900,0.0,0.0
2023-07-26 00:00:00-04:00,91.18000030517578,92.23999786376953,90.4000015258789,91.45999908447266,136600,0.0,0.0
2023-07-27 00:00:00-04:00,93.36000061035156,94.08000183105469,91.55999755859375,92.33999633789062,222100,0.0,0.0
2023-07-28 00:00:00-04:00,93.94999694824219,94.3499984741211,92.41000366210938,92.69000244140625,131100,0.0,0.0
2023-07-31 00:00:00-04:00,92.94999694824219,94.93000030517578,92.69000244140625,94.48999786376953,157900,0.0,0.0
2023-08-01 00:00:00-04:00,93.47000122070312,93.47000122070312,91.72000122070312,92.75,177900,0.0,0.0
2023-08-02 00:00:00-04:00,91.7300033569336,91.7300033569336,88.83000183105469,89.56999969482422,178800,0.0,0.0
2023-08-03 00:00:00-04:00,88.37000274658203,89.83999633789062,86.44999694824219,89.43000030517578,246700,0.0,0.0
2023-08-04 00:00:00-04:00,89.37999725341797,89.80000305175781,85.29000091552734,86.16999816894531,363100,0.0,0.0
2023-08-07 00:00:00-04:00,86.70999908447266,87.68000030517578,85.6500015258789,87.27999877929688,363400,0.0,0.0
2023-08-08 00:00:00-04:00,85.9000015258789,86.16000366210938,83.29000091552734,85.61000061035156,474400,0.0,0.0
2023-08-09 00:00:00-04:00,81.30000305175781,81.80999755859375,77.27999877929688,81.13999938964844,891700,0.0,0.0
2023-08-10 00:00:00-04:00,81.7699966430664,82.88999938964844,80.1500015258789,81.05000305175781,271100,0.0,0.0
2023-08-11 00:00:00-04:00,79.94999694824219,80.54000091552734,79.4800033569336,79.97000122070312,217400,0.0,0.0
2023-08-14 00:00:00-04:00,79.19000244140625,80.69999694824219,78.87999725341797,80.30000305175781,283000,0.0,0.0
2023-08-15 00:00:00-04:00,79.55000305175781,79.98999786376953,79.04000091552734,79.2300033569336,162500,0.0,0.0
2023-08-16 00:00:00-04:00,79.16999816894531,80.30999755859375,78.87999725341797,80.05000305175781,274400,0.0,0.0
2023-08-17 00:00:00-04:00,80.25,81.13999938964844,79.69999694824219,80.11000061035156,407300,0.0,0.0
2023-08-18 00:00:00-04:00,79.3499984741211,82.91000366210938,79.3499984741211,81.75,444300,0.0,0.0
2023-08-21 00:00:00-04:00,81.80000305175781,83.58000183105469,81.2300033569336,81.68000030517578,269500,0.0,0.0
2023-08-22 00:00:00-04:00,82.52999877929688,82.81999969482422,81.56999969482422,82.0999984741211,252400,0.0,0.0
2023-08-23 00:00:00-04:00,81.7699966430664,83.37000274658203,81.01000213623047,82.6500015258789,213200,0.0,0.0
2023-08-24 00:00:00-04:00,83.1500015258789,83.45999908447266,80.2300033569336,80.29000091552734,251200,0.0,0.0
2023-08-25 00:00:00-04:00,80.20999908447266,80.88999938964844,78.2699966430664,80.08999633789062,207300,0.0,0.0
2023-08-28 00:00:00-04:00,80.83000183105469,81.66000366210938,80.23999786376953,80.4800033569336,197500,0.0,0.0
2023-08-29 00:00:00-04:00,80.16999816894531,81.9000015258789,79.6500015258789,81.61000061035156,379900,0.0,0.0
2023-08-30 00:00:00-04:00,81.4800033569336,82.18000030517578,80.7300033569336,81.31999969482422,252300,0.0,0.0
2023-08-31 00:00:00-04:00,80.9800033569336,82.63999938964844,80.75,81.8499984741211,435400,0.0,0.0
2023-09-01 00:00:00-04:00,82.41000366210938,83.4000015258789,82.05999755859375,82.83000183105469,170900,0.0,0.0
2023-09-05 00:00:00-04:00,82.19999694824219,82.19999694824219,79.13999938964844,80.0,280900,0.0,0.0
2023-09-06 00:00:00-04:00,80.19999694824219,81.80999755859375,79.55999755859375,80.5,202700,0.0,0.0
2023-09-07 00:00:00-04:00,79.5,79.5,77.38999938964844,78.47000122070312,257900,0.0,0.0
2023-09-08 00:00:00-04:00,78.47000122070312,78.54000091552734,77.58999633789062,78.18000030517578,174500,0.0,0.0
2023-09-11 00:00:00-04:00,78.9800033569336,79.37999725341797,78.12000274658203,79.2300033569336,240100,0.0,0.0
2023-09-12 00:00:00-04:00,78.61000061035156,79.37999725341797,77.18000030517578,77.26000213623047,145800,0.0,0.0
2023-09-13 00:00:00-04:00,77.02999877929688,77.88999938964844,76.52999877929688,76.93000030517578,225800,0.0,0.0
2023-09-14 00:00:00-04:00,77.58000183105469,79.06999969482422,76.93000030517578,78.01000213623047,252300,0.0,0.0
2023-09-15 00:00:00-04:00,77.9800033569336,78.41000366210938,76.3499984741211,77.12000274658203,823900,0.0,0.0
2023-09-18 00:00:00-04:00,76.69999694824219,78.37999725341797,76.69999694824219,76.94999694824219,268900,0.0,0.0
2023-09-19 00:00:00-04:00,76.80000305175781,76.80999755859375,75.31999969482422,75.55999755859375,308800,0.0,0.0
2023-09-20 00:00:00-04:00,76.19999694824219,76.47000122070312,75.16999816894531,75.19999694824219,181400,0.0,0.0
2023-09-21 00:00:00-04:00,74.45999908447266,75.77999877929688,74.45999908447266,74.70999908447266,293100,0.0,0.0
2023-09-22 00:00:00-04:00,75.2300033569336,76.2300033569336,74.91000366210938,75.23999786376953,253500,0.0,0.0
2023-09-25 00:00:00-04:00,74.77999877929688,76.5,74.5999984741211,76.25,231500,0.0,0.0
2023-09-26 00:00:00-04:00,75.66999816894531,76.25,74.76000213623047,74.81999969482422,397800,0.0,0.0
2023-09-27 00:00:00-04:00,75.70999908447266,76.58000183105469,75.19999694824219,76.5,295700,0.0,0.0
2023-09-28 00:00:00-04:00,76.5,80.0,76.5,78.69000244140625,490400,0.0,0.0
2023-09-29 00:00:00-04:00,79.51000213623047,79.72000122070312,78.25,78.83999633789062,349400,0.0,0.0
2023-10-02 00:00:00-04:00,78.81999969482422,80.61000061035156,78.12999725341797,80.22000122070312,461200,0.0,0.0
2023-10-03 00:00:00-04:00,79.4000015258789,80.04000091552734,78.06999969482422,79.41000366210938,392500,0.0,0.0
2023-10-04 00:00:00-04:00,79.41999816894531,80.33999633789062,78.1500015258789,79.0,456400,0.0,0.0
2023-10-05 00:00:00-04:00,79.0,79.4000015258789,77.69000244140625,79.11000061035156,269800,0.0,0.0
2023-10-06 00:00:00-04:00,78.94000244140625,81.16999816894531,78.93000030517578,80.44999694824219,290900,0.0,0.0
2023-10-09 00:00:00-04:00,79.62999725341797,80.27999877929688,78.91000366210938,79.86000061035156,189600,0.0,0.0
2023-10-10 00:00:00-04:00,79.91000366210938,81.19999694824219,78.94000244140625,80.05999755859375,175100,0.0,0.0
2023-10-11 00:00:00-04:00,80.05999755859375,80.66999816894531,79.69999694824219,80.41999816894531,142100,0.0,0.0
2023-10-12 00:00:00-04:00,80.38999938964844,80.9800033569336,79.20999908447266,80.0199966430664,190300,0.0,0.0
2023-10-13 00:00:00-04:00,80.0,81.11000061035156,77.44000244140625,77.54000091552734,299600,0.0,0.0
2023-10-16 00:00:00-04:00,77.91000366210938,78.91999816894531,77.41999816894531,78.56999969482422,133800,0.0,0.0
2023-10-17 00:00:00-04:00,77.54000091552734,78.29000091552734,76.66000366210938,78.13999938964844,190100,0.0,0.0
2023-10-18 00:00:00-04:00,77.04000091552734,77.1500015258789,75.63999938964844,76.44999694824219,166700,0.0,0.0
2023-10-19 00:00:00-04:00,77.06999969482422,77.87000274658203,74.91000366210938,75.4800033569336,355700,0.0,0.0
2023-10-20 00:00:00-04:00,75.83000183105469,76.1500015258789,74.48999786376953,74.8499984741211,262700,0.0,0.0
2023-10-23 00:00:00-04:00,74.0,74.4000015258789,71.81999969482422,71.88999938964844,400800,0.0,0.0
2023-10-24 00:00:00-04:00,72.44000244140625,73.6500015258789,71.55999755859375,72.97000122070312,268300,0.0,0.0
2023-10-25 00:00:00-04:00,72.23999786376953,72.41999816894531,70.06999969482422,70.33999633789062,227200,0.0,0.0
2023-10-26 00:00:00-04:00,71.04000091552734,71.75,69.44000244140625,69.87000274658203,263600,0.0,0.0
2023-10-27 00:00:00-04:00,70.38999938964844,70.38999938964844,68.8499984741211,69.4800033569336,395400,0.0,0.0
2023-10-30 00:00:00-04:00,69.4800033569336,69.68000030517578,67.19999694824219,68.54000091552734,353700,0.0,0.0
2023-10-31 00:00:00-04:00,67.04000091552734,67.04000091552734,63.56999969482422,65.08000183105469,633200,0.0,0.0
2023-11-01 00:00:00-04:00,64.94000244140625,65.23999786376953,62.810001373291016,65.0999984741211,676900,0.0,0.0
2023-11-02 00:00:00-04:00,66.73999786376953,67.26000213623047,65.4000015258789,66.94000244140625,559000,0.0,0.0
2023-11-03 00:00:00-04:00,68.2699966430664,70.56999969482422,67.83000183105469,70.37000274658203,437700,0.0,0.0
2023-11-06 00:00:00-05:00,70.08999633789062,70.23999786376953,67.79000091552734,68.61000061035156,452800,0.0,0.0
2023-11-07 00:00:00-05:00,68.19000244140625,68.45999908447266,67.5199966430664,68.18000030517578,280400,0.0,0.0
2023-11-08 00:00:00-05:00,68.05999755859375,68.05999755859375,66.69999694824219,66.76000213623047,334200,0.0,0.0
2023-11-09 00:00:00-05:00,62.0,65.37000274658203,60.0,60.7400016784668,982500,0.0,0.0
2023-11-10 00:00:00-05:00,61.90999984741211,63.2400016784668,60.2400016784668,63.0,607800,0.0,0.0
2023-11-13 00:00:00-05:00,62.18000030517578,63.650001525878906,62.11000061035156,63.459999084472656,546900,0.0,0.0
2023-11-14 00:00:00-05:00,66.12999725341797,68.4000015258789,65.06999969482422,68.4000015258789,638300,0.0,0.0
2023-11-15 00:00:00-05:00,68.61000061035156,71.20999908447266,68.61000061035156,70.4000015258789,707200,0.0,0.0
2023-11-16 00:00:00-05:00,69.9800033569336,70.13999938964844,68.19999694824219,68.86000061035156,362900,0.0,0.0
2023-11-17 00:00:00-05:00,69.33000183105469,69.44000244140625,68.33999633789062,68.7699966430664,265700,0.0,0.0
2023-11-20 00:00:00-05:00,68.91000366210938,71.05999755859375,68.51000213623047,70.91000366210938,298000,0.0,0.0
2023-11-21 00:00:00-05:00,70.02999877929688,70.45999908447266,68.12999725341797,68.68000030517578,226100,0.0,0.0
2023-11-22 00:00:00-05:00,69.44999694824219,70.33000183105469,68.13999938964844,68.66000366210938,171100,0.0,0.0
2023-11-24 00:00:00-05:00,68.75,69.0199966430664,68.27999877929688,68.70999908447266,93500,0.0,0.0
2023-11-27 00:00:00-05:00,68.5199966430664,68.5199966430664,67.63999938964844,67.68000030517578,187600,0.0,0.0
2023-11-28 00:00:00-05:00,67.1500015258789,68.04000091552734,66.55999755859375,66.91000366210938,215400,0.0,0.0
2023-11-29 00:00:00-05:00,68.26000213623047,69.83999633789062,67.66999816894531,67.7699966430664,256100,0.0,0.0
2023-11-30 00:00:00-05:00,67.77999877929688,69.26000213623047,66.0,66.41999816894531,303600,0.0,0.0
2023-12-01 00:00:00-05:00,66.23999786376953,68.19999694824219,65.5199966430664,67.80000305175781,357300,0.0,0.0
2023-12-04 00:00:00-05:00,67.5999984741211,69.5,67.05000305175781,69.41000366210938,302100,0.0,0.0
2023-12-05 00:00:00-05:00,68.83000183105469,68.83000183105469,67.66999816894531,67.97000122070312,211400,0.0,0.0
2023-12-06 00:00:00-05:00,68.7699966430664,69.9000015258789,68.0,68.13999938964844,149600,0.0,0.0
2023-12-07 00:00:00-05:00,68.62000274658203,71.2699966430664,68.19999694824219,71.12000274658203,317000,0.0,0.0
2023-12-08 00:00:00-05:00,70.68000030517578,73.01000213623047,70.51000213623047,72.05000305175781,535100,0.0,0.0
2023-12-11 00:00:00-05:00,72.16999816894531,74.37999725341797,72.16999816894531,74.05000305175781,264600,0.0,0.0
2023-12-12 00:00:00-05:00,73.68000030517578,74.0199966430664,72.2699966430664,72.41999816894531,159700,0.0,0.0
2023-12-13 00:00:00-05:00,72.4000015258789,75.4800033569336,72.2699966430664,75.04000091552734,230200,0.0,0.0
2023-12-14 00:00:00-05:00,76.62000274658203,79.26000213623047,76.62000274658203,78.87000274658203,372200,0.0,0.0
2023-12-15 00:00:00-05:00,79.87999725341797,80.16000366210938,77.80999755859375,77.80999755859375,963500,0.0,0.0
2023-12-18 00:00:00-05:00,77.86000061035156,78.19000244140625,75.44000244140625,77.6500015258789,298200,0.0,0.0
2023-12-19 00:00:00-05:00,78.41000366210938,79.80000305175781,78.30000305175781,78.91000366210938,263300,0.0,0.0
2023-12-20 00:00:00-05:00,78.41999816894531,80.18000030517578,77.80999755859375,78.30000305175781,515800,0.0,0.0
2023-12-21 00:00:00-05:00,79.55000305175781,80.5199966430664,79.0199966430664,80.16999816894531,311000,0.0,0.0
2023-12-22 00:00:00-05:00,80.76000213623047,81.83000183105469,80.33000183105469,81.12000274658203,221000,0.0,0.0
2023-12-26 00:00:00-05:00,81.5999984741211,82.56999969482422,81.36000061035156,82.19000244140625,151500,0.0,0.0
2023-12-27 00:00:00-05:00,82.5999984741211,82.77999877929688,81.63999938964844,82.20999908447266,206600,0.0,0.0
2023-12-28 00:00:00-05:00,82.0199966430664,82.69000244140625,81.52999877929688,81.56999969482422,314700,0.0,0.0
2023-12-29 00:00:00-05:00,81.6500015258789,81.76000213623047,80.2699966430664,80.5199966430664,382900,0.0,0.0
2024-01-02 00:00:00-05:00,79.29000091552734,80.5,77.91999816894531,79.6500015258789,472300,0.0,0.0
2024-01-03 00:00:00-05:00,78.52999877929688,78.52999877929688,75.93000030517578,76.27999877929688,343700,0.0,0.0
2024-01-04 00:00:00-05:00,75.63999938964844,75.80999755859375,74.41000366210938,75.08999633789062,343800,0.0,0.0
2024-01-05 00:00:00-05:00,73.11000061035156,75.25,73.11000061035156,73.55000305175781,330500,0.0,0.0
2024-01-08 00:00:00-05:00,74.1500015258789,76.05999755859375,73.94000244140625,76.01000213623047,194800,0.0,0.0
2024-01-09 00:00:00-05:00,74.4000015258789,75.5999984741211,74.33000183105469,74.75,199000,0.0,0.0
2024-01-10 00:00:00-05:00,74.45999908447266,74.45999908447266,72.69000244140625,73.87999725341797,173900,0.0,0.0
2024-01-11 00:00:00-05:00,73.55999755859375,74.37000274658203,72.45999908447266,73.37999725341797,223100,0.0,0.0
2024-01-12 00:00:00-05:00,74.19999694824219,74.31999969482422,71.94999694824219,72.2699966430664,222200,0.0,0.0
2024-01-16 00:00:00-05:00,71.80999755859375,72.30999755859375,70.30999755859375,70.4800033569336,398800,0.0,0.0
2024-01-17 00:00:00-05:00,69.01000213623047,70.62000274658203,67.43000030517578,67.9000015258789,506800,0.0,0.0
2024-01-18 00:00:00-05:00,69.5199966430664,69.5199966430664,67.27999877929688,69.13999938964844,1033400,0.0,0.0
2024-01-19 00:00:00-05:00,69.94000244140625,70.55000305175781,66.5999984741211,69.06999969482422,810000,0.0,0.0
2024-01-22 00:00:00-05:00,70.0,71.38999938964844,69.33999633789062,71.12000274658203,624600,0.0,0.0
2024-01-23 00:00:00-05:00,72.2300033569336,72.69000244140625,71.11000061035156,71.4000015258789,345300,0.0,0.0
2024-01-24 00:00:00-05:00,72.0199966430664,72.0199966430664,68.88999938964844,69.83999633789062,371600,0.0,0.0
2024-01-25 00:00:00-05:00,71.58999633789062,71.58999633789062,68.41000366210938,69.05999755859375,457000,0.0,0.0
2024-01-26 00:00:00-05:00,68.7300033569336,69.04000091552734,67.7699966430664,68.44000244140625,559700,0.0,0.0
2024-01-29 00:00:00-05:00,68.5199966430664,69.12000274658203,67.38999938964844,69.11000061035156,260700,0.0,0.0
2024-01-30 00:00:00-05:00,68.33000183105469,68.7300033569336,65.83000183105469,67.0,710000,0.0,0.0
2024-01-31 00:00:00-05:00,66.6500015258789,68.97000122070312,65.80000305175781,67.31999969482422,604300,0.0,0.0
2024-02-01 00:00:00-05:00,67.94999694824219,68.08000183105469,66.37000274658203,67.69000244140625,361200,0.0,0.0
2024-02-02 00:00:00-05:00,66.80999755859375,67.69999694824219,66.16000366210938,67.41999816894531,258700,0.0,0.0
2024-02-05 00:00:00-05:00,67.1500015258789,68.56999969482422,66.66000366210938,67.44999694824219,323000,0.0,0.0
2024-02-06 00:00:00-05:00,67.16999816894531,68.30000305175781,66.55000305175781,68.2300033569336,508600,0.0,0.0
2024-02-07 00:00:00-05:00,68.97000122070312,69.43000030517578,64.5199966430664,66.75,728700,0.0,0.0
2024-02-08 00:00:00-05:00,67.16999816894531,69.2300033569336,66.30999755859375,68.73999786376953,307700,0.0,0.0
2024-02-09 00:00:00-05:00,68.83999633789062,70.30999755859375,68.30000305175781,69.98999786376953,334800,0.0,0.0
2024-02-12 00:00:00-05:00,70.26000213623047,71.43000030517578,70.04000091552734,70.06999969482422,364200,0.0,0.0
2024-02-13 00:00:00-05:00,67.56999969482422,68.31999969482422,65.3499984741211,66.05999755859375,625800,0.0,0.0
2024-02-14 00:00:00-05:00,67.41999816894531,68.26000213623047,66.58000183105469,68.16000366210938,335800,0.0,0.0
2024-02-15 00:00:00-05:00,68.37999725341797,69.72000122070312,68.16000366210938,69.16000366210938,252200,0.0,0.0
2024-02-16 00:00:00-05:00,68.98999786376953,69.16999816894531,67.55000305175781,68.02999877929688,239900,0.0,0.0
2024-02-20 00:00:00-05:00,66.83000183105469,68.27999877929688,66.5,67.91000366210938,266600,0.0,0.0
2024-02-21 00:00:00-05:00,67.33000183105469,68.2699966430664,66.98999786376953,68.2699966430664,314300,0.0,0.0
2024-02-22 00:00:00-05:00,68.9800033569336,69.0,67.33999633789062,68.81999969482422,294100,0.0,0.0
2024-02-23 00:00:00-05:00,68.3499984741211,68.58000183105469,67.12999725341797,68.30999755859375,238800,0.0,0.0
2024-02-26 00:00:00-05:00,67.94999694824219,69.16999816894531,67.6500015258789,68.44999694824219,289100,0.0,0.0
2024-02-27 00:00:00-05:00,69.19000244140625,69.44000244140625,68.06999969482422,68.29000091552734,266100,0.0,0.0
2024-02-28 00:00:00-05:00,67.16999816894531,67.6500015258789,66.62999725341797,67.44000244140625,189500,0.0,0.0
2024-02-29 00:00:00-05:00,68.72000122070312,69.06999969482422,67.47000122070312,67.9800033569336,369900,0.0,0.0
2024-03-01 00:00:00-05:00,68.62000274658203,70.98999786376953,68.19999694824219,70.0199966430664,230400,0.0,0.0
2024-03-04 00:00:00-05:00,70.51000213623047,70.88999938964844,68.26000213623047,68.54000091552734,191100,0.0,0.0
2024-03-05 00:00:00-05:00,67.86000061035156,68.0,65.93000030517578,66.30000305175781,203900,0.0,0.0
2024-03-06 00:00:00-05:00,67.5,68.2699966430664,66.77999877929688,67.12999725341797,184400,0.0,0.0
2024-03-07 00:00:00-05:00,67.69999694824219,71.86000061035156,67.56999969482422,70.94000244140625,248600,0.0,0.0
2024-03-08 00:00:00-05:00,71.66999816894531,72.18000030517578,70.20999908447266,70.30000305175781,276600,0.0,0.0
2024-03-11 00:00:00-04:00,70.06999969482422,71.91000366210938,70.06999969482422,71.83999633789062,255300,0.0,0.0
2024-03-12 00:00:00-04:00,71.93000030517578,72.23999786376953,69.47000122070312,70.81999969482422,184100,0.0,0.0
2024-03-13 00:00:00-04:00,70.02999877929688,71.27999877929688,68.0999984741211,68.23999786376953,167300,0.0,0.0
2024-03-14 00:00:00-04:00,67.91000366210938,68.13999938964844,64.80000305175781,65.62000274658203,484000,0.0,0.0
2024-03-15 00:00:00-04:00,64.44999694824219,66.62000274658203,64.30999755859375,66.33000183105469,637200,0.0,0.0
2024-03-18 00:00:00-04:00,67.12999725341797,67.25,65.55999755859375,65.56999969482422,255500,0.0,0.0
2024-03-19 00:00:00-04:00,64.9800033569336,65.38999938964844,64.16000366210938,64.63999938964844,162000,0.0,0.0
2024-03-20 00:00:00-04:00,64.5999984741211,66.7699966430664,64.11000061035156,66.25,264000,0.0,0.0
2024-03-21 00:00:00-04:00,67.51000213623047,69.41000366210938,67.51000213623047,69.13999938964844,454700,0.0,0.0
2024-03-22 00:00:00-04:00,68.91999816894531,68.95999908447266,67.1500015258789,68.26000213623047,350000,0.0,0.0
2024-03-25 00:00:00-04:00,68.08000183105469,68.94000244140625,67.01000213623047,67.9800033569336,376900,0.0,0.0
2024-03-26 00:00:00-04:00,68.55000305175781,68.55000305175781,67.2300033569336,67.55000305175781,310700,0.0,0.0
2024-03-27 00:00:00-04:00,68.3499984741211,70.97000122070312,66.75,70.37999725341797,235600,0.0,0.0
2024-03-28 00:00:00-04:00,70.05999755859375,70.8499984741211,69.77999877929688,70.5,405200,0.0,0.0
2024-04-01 00:00:00-04:00,70.66000366210938,72.58999633789062,70.38999938964844,70.54000091552734,294400,0.0,0.0
2024-04-02 00:00:00-04:00,69.41000366210938,69.41999816894531,68.0199966430664,68.51000213623047,249300,0.0,0.0
2024-04-03 00:00:00-04:00,67.62000274658203,69.0199966430664,67.54000091552734,68.83000183105469,189800,0.0,0.0
2024-04-04 00:00:00-04:00,70.01000213623047,70.95999908447266,68.05999755859375,68.27999877929688,248200,0.0,0.0
2024-04-05 00:00:00-04:00,68.0999984741211,68.68000030517578,67.8499984741211,67.88999938964844,269300,0.0,0.0
2024-04-08 00:00:00-04:00,68.33000183105469,69.77999877929688,68.01000213623047,69.38999938964844,309600,0.0,0.0
2024-04-09 00:00:00-04:00,70.2300033569336,72.47000122070312,70.08999633789062,72.41999816894531,205200,0.0,0.0
2024-04-10 00:00:00-04:00,69.58000183105469,71.37999725341797,69.11000061035156,69.87000274658203,443700,0.0,0.0
2024-04-11 00:00:00-04:00,70.23999786376953,71.05000305175781,69.33999633789062,70.94000244140625,179500,0.0,0.0
2024-04-12 00:00:00-04:00,69.80999755859375,69.9800033569336,67.66000366210938,68.3499984741211,250000,0.0,0.0
2024-04-15 00:00:00-04:00,68.5,68.79000091552734,67.26000213623047,67.87999725341797,336100,0.0,0.0
2024-04-16 00:00:00-04:00,67.43000030517578,68.55999755859375,66.66000366210938,68.37999725341797,324100,0.0,0.0
2024-04-17 00:00:00-04:00,68.69999694824219,71.16000366210938,67.0999984741211,67.16000366210938,457900,0.0,0.0
2024-04-18 00:00:00-04:00,66.8499984741211,67.9000015258789,66.38999938964844,67.73999786376953,290500,0.0,0.0
2024-04-19 00:00:00-04:00,67.27999877929688,68.43000030517578,66.30999755859375,66.88999938964844,368000,0.0,0.0
2024-04-22 00:00:00-04:00,67.38999938964844,68.51000213623047,66.80999755859375,67.91000366210938,353200,0.0,0.0
2024-04-23 00:00:00-04:00,67.95999908447266,70.48999786376953,67.95999908447266,69.68000030517578,300600,0.0,0.0
2024-04-24 00:00:00-04:00,70.52999877929688,71.6500015258789,69.66999816894531,70.9000015258789,366700,0.0,0.0
2024-04-25 00:00:00-04:00,70.36000061035156,72.55999755859375,70.36000061035156,71.30000305175781,345800,0.0,0.0
2024-04-26 00:00:00-04:00,71.30000305175781,72.93000030517578,70.83000183105469,72.68000030517578,266000,0.0,0.0
2024-04-29 00:00:00-04:00,72.94999694824219,74.29000091552734,72.81999969482422,74.0,254600,0.0,0.0
2024-04-30 00:00:00-04:00,73.22000122070312,74.19999694824219,72.9000015258789,73.01000213623047,354100,0.0,0.0
2024-05-01 00:00:00-04:00,72.25,73.22000122070312,70.51000213623047,70.98999786376953,343800,0.0,0.0
2024-05-02 00:00:00-04:00,71.87000274658203,73.44000244140625,70.29000091552734,72.91999816894531,260900,0.0,0.0
2024-05-03 00:00:00-04:00,74.9000015258789,75.2300033569336,72.72000122070312,72.79000091552734,211300,0.0,0.0
2024-05-06 00:00:00-04:00,73.04000091552734,74.16000366210938,73.02999877929688,74.04000091552734,168300,0.0,0.0
2024-05-07 00:00:00-04:00,74.51000213623047,77.48999786376953,74.47000122070312,76.51000213623047,367500,0.0,0.0
2024-05-08 00:00:00-04:00,75.4000015258789,75.41999816894531,74.30999755859375,74.55999755859375,255800,0.0,0.0
2024-05-09 00:00:00-04:00,74.55000305175781,76.6500015258789,73.79000091552734,76.47000122070312,486500,0.0,0.0
2024-05-10 00:00:00-04:00,72.12999725341797,72.12999725341797,67.41999816894531,69.31999969482422,866300,0.0,0.0
2024-05-13 00:00:00-04:00,70.81999969482422,72.4000015258789,70.0199966430664,70.94000244140625,412200,0.0,0.0
2024-05-14 00:00:00-04:00,72.02999877929688,74.05000305175781,71.33000183105469,72.33999633789062,366900,0.0,0.0
2024-05-15 00:00:00-04:00,73.36000061035156,74.0,71.5,72.01000213623047,448600,0.0,0.0
2024-05-16 00:00:00-04:00,72.19999694824219,73.33000183105469,71.44000244140625,72.41000366210938,283200,0.0,0.0
2024-05-17 00:00:00-04:00,72.45999908447266,73.58000183105469,71.83999633789062,73.2699966430664,307300,0.0,0.0
2024-05-20 00:00:00-04:00,73.5999984741211,74.22000122070312,73.08000183105469,73.81999969482422,224800,0.0,0.0
2024-05-21 00:00:00-04:00,72.58000183105469,73.3499984741211,72.0,72.5199966430664,267200,0.0,0.0
2024-05-22 00:00:00-04:00,72.76000213623047,76.19999694824219,72.76000213623047,74.41000366210938,332000,0.0,0.0
2024-05-23 00:00:00-04:00,75.11000061035156,75.11000061035156,72.12999725341797,72.43000030517578,222500,0.0,0.0
2024-05-24 00:00:00-04:00,73.58000183105469,73.61000061035156,72.68000030517578,73.56999969482422,230000,0.0,0.0
2024-05-28 00:00:00-04:00,73.44000244140625,75.06999969482422,73.19999694824219,73.81999969482422,351100,0.0,0.0
2024-05-29 00:00:00-04:00,71.95999908447266,73.20999908447266,71.27999877929688,71.75,206200,0.0,0.0
2024-05-30 00:00:00-04:00,72.5,73.27999877929688,71.83000183105469,72.8499984741211,274800,0.0,0.0
2024-05-31 00:00:00-04:00,73.38999938964844,74.25,71.98999786376953,74.12999725341797,262700,0.0,0.0
2024-06-03 00:00:00-04:00,75.2699966430664,75.2699966430664,73.6500015258789,74.8499984741211,203700,0.0,0.0
2024-06-04 00:00:00-04:00,73.62000274658203,74.4000015258789,71.0,71.91000366210938,247000,0.0,0.0
2024-06-05 00:00:00-04:00,72.70999908447266,74.9000015258789,72.36000061035156,74.7300033569336,173200,0.0,0.0
2024-06-06 00:00:00-04:00,74.5,74.5,73.02999877929688,73.25,164700,0.0,0.0
2024-06-07 00:00:00-04:00,72.19000244140625,72.81999969482422,71.45999908447266,71.51000213623047,158700,0.0,0.0
2024-06-10 00:00:00-04:00,70.22000122070312,72.41999816894531,69.95999908447266,71.81999969482422,198000,0.0,0.0
2024-06-11 00:00:00-04:00,71.27999877929688,72.80999755859375,70.45999908447266,72.19000244140625,186800,0.0,0.0
2024-06-12 00:00:00-04:00,74.47000122070312,76.43000030517578,74.41000366210938,75.11000061035156,256600,0.0,0.0
2024-06-13 00:00:00-04:00,74.38999938964844,74.72000122070312,72.73999786376953,73.80999755859375,153200,0.0,0.0
2024-06-14 00:00:00-04:00,72.36000061035156,72.87999725341797,71.08999633789062,71.58999633789062,256600,0.0,0.0
2024-06-17 00:00:00-04:00,71.48999786376953,73.30000305175781,70.69000244140625,73.16999816894531,205600,0.0,0.0
2024-06-18 00:00:00-04:00,73.1500015258789,73.69999694824219,72.16999816894531,72.61000061035156,197400,0.0,0.0
2024-06-20 00:00:00-04:00,72.13999938964844,72.91000366210938,71.30000305175781,72.0199966430664,240900,0.0,0.0
2024-06-21 00:00:00-04:00,72.01000213623047,73.05999755859375,71.23999786376953,72.79000091552734,886600,0.0,0.0
2024-06-24 00:00:00-04:00,72.63999938964844,73.20999908447266,71.08999633789062,71.2300033569336,200700,0.0,0.0
2024-06-25 00:00:00-04:00,70.91000366210938,70.91000366210938,69.81999969482422,70.61000061035156,268200,0.0,0.0
2024-06-26 00:00:00-04:00,70.26000213623047,71.80000305175781,69.51000213623047,70.5999984741211,213800,0.0,0.0
2024-06-27 00:00:00-04:00,70.69999694824219,71.25,70.0999984741211,70.69000244140625,193600,0.0,0.0
2024-06-28 00:00:00-04:00,71.76000213623047,73.55999755859375,70.91999816894531,71.93000030517578,1686700,0.0,0.0
2024-07-01 00:00:00-04:00,71.61000061035156,71.62000274658203,69.37000274658203,70.19000244140625,244100,0.0,0.0
2024-07-02 00:00:00-04:00,69.80999755859375,72.11000061035156,69.80999755859375,72.01000213623047,181700,0.0,0.0
2024-07-03 00:00:00-04:00,72.27999877929688,73.0,71.61000061035156,72.55000305175781,106600,0.0,0.0
2024-07-05 00:00:00-04:00,72.33000183105469,73.22000122070312,71.31999969482422,72.94999694824219,193300,0.0,0.0
2024-07-08 00:00:00-04:00,73.91999816894531,77.5199966430664,73.55000305175781,77.48999786376953,251700,0.0,0.0
2024-07-09 00:00:00-04:00,77.86000061035156,77.98999786376953,75.43000030517578,77.30000305175781,307000,0.0,0.0
2024-07-10 00:00:00-04:00,78.0,81.1500015258789,78.0,81.08000183105469,262200,0.0,0.0
2024-07-11 00:00:00-04:00,82.55999755859375,83.38999938964844,81.4800033569336,82.37999725341797,400000,0.0,0.0
2024-07-12 00:00:00-04:00,83.80000305175781,85.0,83.08000183105469,84.4000015258789,348600,0.0,0.0
2024-07-15 00:00:00-04:00,84.48999786376953,86.33999633789062,83.55000305175781,83.81999969482422,395200,0.0,0.0
2024-07-16 00:00:00-04:00,84.9800033569336,86.73999786376953,84.30000305175781,85.81999969482422,475100,0.0,0.0
2024-07-17 00:00:00-04:00,83.75,84.9000015258789,82.6500015258789,83.18000030517578,385000,0.0,0.0
2024-07-18 00:00:00-04:00,83.45999908447266,84.9000015258789,81.5999984741211,81.83000183105469,332400,0.0,0.0
2024-07-19 00:00:00-04:00,81.77999877929688,81.77999877929688,78.16999816894531,79.36000061035156,228000,0.0,0.0
2024-07-22 00:00:00-04:00,80.22000122070312,83.4000015258789,80.19000244140625,83.27999877929688,497400,0.0,0.0
2024-07-23 00:00:00-04:00,81.76000213623047,84.02999877929688,81.29000091552734,83.06999969482422,346500,0.0,0.0
2024-07-24 00:00:00-04:00,82.47000122070312,82.80999755859375,79.55999755859375,80.0999984741211,242300,0.0,0.0
2024-07-25 00:00:00-04:00,79.33999633789062,81.06999969482422,77.80999755859375,78.55999755859375,358500,0.0,0.0
2024-07-26 00:00:00-04:00,80.94999694824219,80.94999694824219,78.7300033569336,80.2699966430664,313100,0.0,0.0
2024-07-29 00:00:00-04:00,81.05000305175781,81.87999725341797,79.56999969482422,79.80000305175781,163000,0.0,0.0
2024-07-30 00:00:00-04:00,79.83999633789062,79.83999633789062,77.23999786376953,77.44000244140625,319100,0.0,0.0
2024-07-31 00:00:00-04:00,79.37000274658203,80.06999969482422,77.2699966430664,78.19999694824219,468300,0.0,0.0
2024-08-01 00:00:00-04:00,77.33999633789062,78.5,73.5999984741211,74.33000183105469,318900,0.0,0.0
2024-08-02 00:00:00-04:00,70.7300033569336,71.45999908447266,66.56999969482422,66.72000122070312,507400,0.0,0.0
2024-08-05 00:00:00-04:00,62.47999954223633,64.83000183105469,61.27000045776367,62.880001068115234,1310900,0.0,0.0
2024-08-06 00:00:00-04:00,63.02000045776367,63.650001525878906,62.040000915527344,62.79999923706055,607300,0.0,0.0
2024-08-07 00:00:00-04:00,64.77999877929688,64.77999877929688,59.02000045776367,59.099998474121094,732000,0.0,0.0
2024-08-08 00:00:00-04:00,60.68000030517578,61.2599983215332,58.959999084472656,60.18000030517578,1179200,0.0,0.0
2024-08-09 00:00:00-04:00,65.20999908447266,67.41000366210938,62.43000030517578,64.68000030517578,1238400,0.0,0.0
2024-08-12 00:00:00-04:00,64.5199966430664,65.37999725341797,63.060001373291016,63.66999816894531,362800,0.0,0.0
2024-08-13 00:00:00-04:00,64.66999816894531,66.66000366210938,64.43000030517578,65.98999786376953,331500,0.0,0.0
2024-08-14 00:00:00-04:00,66.5,66.5,62.79999923706055,63.25,342000,0.0,0.0
2024-08-15 00:00:00-04:00,65.77999877929688,66.63999938964844,64.55999755859375,66.58999633789062,454400,0.0,0.0
2024-08-16 00:00:00-04:00,66.06999969482422,67.62999725341797,65.6500015258789,67.23999786376953,406900,0.0,0.0
2024-08-19 00:00:00-04:00,67.26000213623047,67.98999786376953,66.5199966430664,67.29000091552734,260500,0.0,0.0
2024-08-20 00:00:00-04:00,66.70999908447266,67.04000091552734,65.97000122070312,66.5,192700,0.0,0.0
2024-08-21 00:00:00-04:00,67.48999786376953,69.44999694824219,67.30000305175781,69.0,282000,0.0,0.0
2024-08-22 00:00:00-04:00,69.05000305175781,69.66000366210938,66.62000274658203,66.97000122070312,288800,0.0,0.0
2024-08-23 00:00:00-04:00,68.0999984741211,71.48999786376953,67.7699966430664,71.27999877929688,295900,0.0,0.0
2024-08-26 00:00:00-04:00,72.01000213623047,72.76000213623047,69.69000244140625,69.83000183105469,414500,0.0,0.0
2024-08-27 00:00:00-04:00,68.91000366210938,69.45999908447266,67.61000061035156,67.73999786376953,231700,0.0,0.0
2024-08-28 00:00:00-04:00,67.66000366210938,68.2300033569336,66.55999755859375,66.9800033569336,281900,0.0,0.0
2024-08-29 00:00:00-04:00,67.80999755859375,70.38999938964844,67.70999908447266,69.62999725341797,210200,0.0,0.0
2024-08-30 00:00:00-04:00,70.9800033569336,70.9800033569336,68.9000015258789,69.69000244140625,696400,0.0,0.0
2024-09-03 00:00:00-04:00,68.0199966430664,68.36000061035156,63.0099983215332,63.52000045776367,294800,0.0,0.0
2024-09-04 00:00:00-04:00,63.16999816894531,64.02999877929688,62.16999816894531,62.630001068115234,222900,0.0,0.0
2024-09-05 00:00:00-04:00,62.279998779296875,63.72999954223633,62.15999984741211,62.849998474121094,301100,0.0,0.0
2024-09-06 00:00:00-04:00,62.720001220703125,62.720001220703125,60.970001220703125,61.2400016784668,292300,0.0,0.0
2024-09-09 00:00:00-04:00,61.2599983215332,62.02000045776367,60.310001373291016,60.79999923706055,346700,0.0,0.0
2024-09-10 00:00:00-04:00,60.54999923706055,61.2400016784668,59.54999923706055,61.099998474121094,235200,0.0,0.0
2024-09-11 00:00:00-04:00,61.0099983215332,62.0,59.56999969482422,61.84000015258789,447400,0.0,0.0
2024-09-12 00:00:00-04:00,61.810001373291016,61.849998474121094,60.220001220703125,60.47999954223633,267800,0.0,0.0
2024-09-13 00:00:00-04:00,61.84000015258789,63.0,61.2400016784668,62.150001525878906,334200,0.0,0.0
2024-09-16 00:00:00-04:00,61.529998779296875,61.630001068115234,59.33000183105469,60.36000061035156,439100,0.0,0.0
2024-09-17 00:00:00-04:00,61.599998474121094,62.18000030517578,59.11000061035156,59.52000045776367,347700,0.0,0.0
2024-09-18 00:00:00-04:00,59.77000045776367,61.11000061035156,58.619998931884766,59.06999969482422,442100,0.0,0.0
2024-09-19 00:00:00-04:00,61.779998779296875,61.779998779296875,59.90999984741211,61.40999984741211,509300,0.0,0.0
2024-09-20 00:00:00-04:00,60.45000076293945,60.93000030517578,59.31999969482422,60.119998931884766,1097600,0.0,0.0
2024-09-23 00:00:00-04:00,60.58000183105469,60.650001525878906,58.869998931884766,59.31999969482422,268700,0.0,0.0
2024-09-24 00:00:00-04:00,60.16999816894531,61.15999984741211,59.459999084472656,60.119998931884766,190300,0.0,0.0
2024-09-25 00:00:00-04:00,59.779998779296875,60.189998626708984,58.5,58.650001525878906,312100,0.0,0.0
2024-09-26 00:00:00-04:00,60.560001373291016,62.650001525878906,59.5099983215332,62.290000915527344,357500,0.0,0.0
2024-09-27 00:00:00-04:00,63.369998931884766,63.959999084472656,62.72999954223633,63.619998931884766,284300,0.0,0.0
2024-09-30 00:00:00-04:00,62.709999084472656,64.2699966430664,62.709999084472656,64.08999633789062,349400,0.0,0.0
2024-10-01 00:00:00-04:00,63.970001220703125,64.08000183105469,61.150001525878906,62.779998779296875,389500,0.0,0.0
2024-10-02 00:00:00-04:00,62.66999816894531,64.0999984741211,62.2400016784668,63.310001373291016,199700,0.0,0.0
2024-10-03 00:00:00-04:00,62.54999923706055,63.380001068115234,61.75,62.650001525878906,233000,0.0,0.0
2024-10-04 00:00:00-04:00,64.61000061035156,64.86000061035156,63.59000015258789,64.5999984741211,402400,0.0,0.0
2024-10-07 00:00:00-04:00,63.93000030517578,65.5999984741211,63.56999969482422,64.9800033569336,329600,0.0,0.0
2024-10-08 00:00:00-04:00,64.62000274658203,64.62000274658203,63.34000015258789,63.66999816894531,183500,0.0,0.0
2024-10-09 00:00:00-04:00,63.66999816894531,64.75,63.66999816894531,64.25,207500,0.0,0.0
2024-10-10 00:00:00-04:00,62.779998779296875,63.20000076293945,61.84000015258789,63.150001525878906,203700,0.0,0.0
2024-10-11 00:00:00-04:00,62.459999084472656,65.3499984741211,62.459999084472656,64.66000366210938,167000,0.0,0.0
2024-10-14 00:00:00-04:00,64.62000274658203,65.66000366210938,64.22000122070312,65.3499984741211,228200,0.0,0.0
2024-10-15 00:00:00-04:00,65.16000366210938,66.08999633789062,63.02000045776367,63.099998474121094,208400,0.0,0.0
2024-10-16 00:00:00-04:00,64.30999755859375,65.04000091552734,63.470001220703125,64.38999938964844,250500,0.0,0.0
2024-10-17 00:00:00-04:00,65.30000305175781,65.79000091552734,64.2699966430664,64.94000244140625,214000,0.0,0.0
2024-10-18 00:00:00-04:00,65.55999755859375,65.81999969482422,63.70000076293945,63.97999954223633,207900,0.0,0.0
2024-10-21 00:00:00-04:00,63.779998779296875,64.22000122070312,62.43000030517578,63.650001525878906,227800,0.0,0.0
2024-10-22 00:00:00-04:00,63.45000076293945,63.93000030517578,62.13999938964844,63.45000076293945,182100,0.0,0.0
2024-10-23 00:00:00-04:00,63.43000030517578,64.47000122070312,62.13999938964844,62.939998626708984,250600,0.0,0.0
2024-10-24 00:00:00-04:00,63.470001220703125,64.69000244140625,62.91999816894531,64.54000091552734,181600,0.0,0.0
2024-10-25 00:00:00-04:00,65.2699966430664,66.79000091552734,64.61000061035156,64.66000366210938,232600,0.0,0.0
2024-10-28 00:00:00-04:00,64.87000274658203,65.31999969482422,63.439998626708984,63.5,339100,0.0,0.0
2024-10-29 00:00:00-04:00,63.09000015258789,65.0,63.09000015258789,64.77999877929688,255700,0.0,0.0
2024-10-30 00:00:00-04:00,63.45000076293945,64.01000213623047,61.15999984741211,61.18000030517578,258300,0.0,0.0
2024-10-31 00:00:00-04:00,60.97999954223633,60.97999954223633,58.45000076293945,58.47999954223633,323800,0.0,0.0
2024-11-01 00:00:00-04:00,58.91999816894531,60.220001220703125,58.439998626708984,60.15999984741211,336100,0.0,0.0
2024-11-04 00:00:00-05:00,60.04999923706055,61.22999954223633,59.41999816894531,60.189998626708984,250100,0.0,0.0
2024-11-05 00:00:00-05:00,60.04999923706055,61.13999938964844,59.0099983215332,61.13999938964844,311200,0.0,0.0
2024-11-06 00:00:00-05:00,64.1500015258789,65.55999755859375,63.27000045776367,64.1500015258789,416100,0.0,0.0
2024-11-07 00:00:00-05:00,64.37000274658203,65.29000091552734,62.54999923706055,62.779998779296875,434300,0.0,0.0
2024-11-08 00:00:00-05:00,61.099998474121094,65.41000366210938,61.099998474121094,64.2300033569336,650300,0.0,0.0
2024-11-11 00:00:00-05:00,64.0999984741211,64.0999984741211,61.4900016784668,61.75,304400,0.0,0.0
2024-11-12 00:00:00-05:00,61.099998474121094,61.880001068115234,58.58000183105469,58.7599983215332,357800,0.0,0.0
2024-11-13 00:00:00-05:00,58.779998779296875,59.13999938964844,56.290000915527344,56.33000183105469,352500,0.0,0.0
2024-11-14 00:00:00-05:00,56.459999084472656,57.189998626708984,53.970001220703125,55.0099983215332,399100,0.0,0.0
2024-11-15 00:00:00-05:00,54.470001220703125,55.11000061035156,52.79999923706055,53.0099983215332,301600,0.0,0.0
2024-11-18 00:00:00-05:00,53.0099983215332,53.93000030517578,52.709999084472656,53.84000015258789,321100,0.0,0.0
2024-11-19 00:00:00-05:00,53.06999969482422,54.9900016784668,53.06999969482422,54.70000076293945,343800,0.0,0.0
2024-11-20 00:00:00-05:00,54.150001525878906,55.630001068115234,53.97999954223633,55.59000015258789,288900,0.0,0.0
2024-11-21 00:00:00-05:00,56.18000030517578,59.2400016784668,55.810001373291016,59.16999816894531,378200,0.0,0.0
2024-11-22 00:00:00-05:00,59.47999954223633,61.310001373291016,59.36000061035156,61.310001373291016,423700,0.0,0.0
2024-11-25 00:00:00-05:00,62.400001525878906,67.4000015258789,62.400001525878906,66.30000305175781,795500,0.0,0.0
2024-11-26 00:00:00-05:00,66.79000091552734,67.01000213623047,65.06999969482422,66.1500015258789,734700,0.0,0.0
2024-11-27 00:00:00-05:00,66.1500015258789,66.23999786376953,63.09000015258789,64.30000305175781,406300,0.0,0.0
2024-11-29 00:00:00-05:00,64.62000274658203,65.66000366210938,64.62000274658203,65.0,225700,0.0,0.0
2024-12-02 00:00:00-05:00,65.0999984741211,67.01000213623047,64.61000061035156,66.01000213623047,383400,0.0,0.0
2024-12-03 00:00:00-05:00,65.66000366210938,66.18000030517578,63.54999923706055,63.650001525878906,310000,0.0,0.0
2024-12-04 00:00:00-05:00,64.66000366210938,65.41000366210938,61.36000061035156,61.45000076293945,304300,0.0,0.0
2024-12-05 00:00:00-05:00,61.65999984741211,61.709999084472656,58.869998931884766,58.959999084472656,358900,0.0,0.0
2024-12-06 00:00:00-05:00,59.72999954223633,61.2400016784668,58.880001068115234,60.779998779296875,250600,0.0,0.0
2024-12-09 00:00:00-05:00,61.33000183105469,64.69000244140625,61.04999923706055,63.130001068115234,298800,0.0,0.0
2024-12-10 00:00:00-05:00,62.900001525878906,63.84000015258789,60.54999923706055,62.0,438600,0.0,0.0
2024-12-11 00:00:00-05:00,63.119998931884766,64.16999816894531,61.93000030517578,63.90999984741211,356400,0.0,0.0
2024-12-12 00:00:00-05:00,63.400001525878906,65.31999969482422,63.33000183105469,65.30999755859375,381400,0.0,0.0
2024-12-13 00:00:00-05:00,65.30000305175781,65.91000366210938,63.7599983215332,64.63999938964844,361500,0.0,0.0
2024-12-16 00:00:00-05:00,64.69999694824219,66.7699966430664,63.93000030517578,64.80999755859375,382600,0.0,0.0
2024-12-17 00:00:00-05:00,64.30000305175781,65.13999938964844,62.7400016784668,63.45000076293945,287900,0.0,0.0
2024-12-18 00:00:00-05:00,64.63999938964844,66.30000305175781,61.369998931884766,62.58000183105469,676100,0.0,0.0
2024-12-19 00:00:00-05:00,62.58000183105469,63.91999816894531,61.34000015258789,62.29999923706055,361800,0.0,0.0
2024-12-20 00:00:00-05:00,61.47999954223633,63.689998626708984,61.08000183105469,61.560001373291016,1308600,0.0,0.0
2024-12-23 00:00:00-05:00,61.560001373291016,62.689998626708984,61.34000015258789,62.2400016784668,233500,0.0,0.0
2024-12-24 00:00:00-05:00,62.61000061035156,63.619998931884766,61.470001220703125,63.5,107900,0.0,0.0
2024-12-26 00:00:00-05:00,62.65999984741211,65.75,62.529998779296875,64.87000274658203,210600,0.0,0.0
2024-12-27 00:00:00-05:00,64.25,65.52999877929688,63.40999984741211,64.05000305175781,239300,0.0,0.0
2024-12-30 00:00:00-05:00,62.9900016784668,62.9900016784668,61.099998474121094,61.529998779296875,181384,0.0,0.0
