Date,Open,High,Low,Close,Volume,Dividends,Stock Splits
2022-04-04 00:00:00-04:00,1567.5,7920.0,1545.0,6000.0,3815,0.0,0.0
2022-04-05 00:00:00-04:00,5197.5,5250.0,3001.5,3996.0,9875,0.0,0.0
2022-04-06 00:00:00-04:00,3750.0,3750.0,2550.0,2685.0,4211,0.0,0.0
2022-04-07 00:00:00-04:00,2389.5,2440.949951171875,1839.5999755859375,1857.0,4881,0.0,0.0
2022-04-08 00:00:00-04:00,1863.0,1875.0,1338.0,1351.5,9457,0.0,0.0
2022-04-11 00:00:00-04:00,1281.0,1375.5,1225.5,1294.5,4362,0.0,0.0
2022-04-12 00:00:00-04:00,1239.0,1395.0,1231.5,1237.5,2511,0.0,0.0
2022-04-13 00:00:00-04:00,1288.5,1288.5,1162.5,1188.0,4846,0.0,0.0
2022-04-14 00:00:00-04:00,1212.0,1212.0,1080.0,1095.0,1883,0.0,0.0
2022-04-18 00:00:00-04:00,1101.0,1101.0,573.0,775.5,13805,0.0,0.0
2022-04-19 00:00:00-04:00,765.0,855.0,750.0,811.5,3551,0.0,0.0
2022-04-20 00:00:00-04:00,801.0,862.5,702.0,703.5,2171,0.0,0.0
2022-04-21 00:00:00-04:00,714.0,714.0,630.0,640.5,1843,0.0,0.0
2022-04-22 00:00:00-04:00,618.0,715.5,618.0,688.5,2328,0.0,0.0
2022-04-25 00:00:00-04:00,693.0,693.0,642.0,663.0,2000,0.0,0.0
2022-04-26 00:00:00-04:00,685.5,2071.5,654.0,1152.0,502852,0.0,0.0
2022-04-27 00:00:00-04:00,1375.5,1576.5,1198.5,1308.0,299950,0.0,0.0
2022-04-28 00:00:00-04:00,1243.5,1297.5,1162.5,1221.0,30563,0.0,0.0
2022-04-29 00:00:00-04:00,1183.5,1573.5,1182.0,1413.0,68764,0.0,0.0
2022-05-02 00:00:00-04:00,1392.0,1536.0,1284.0,1497.0,27723,0.0,0.0
2022-05-03 00:00:00-04:00,1443.0,1611.0,1138.5,1155.0,22468,0.0,0.0
2022-05-04 00:00:00-04:00,1158.0,1170.0,975.0,1026.0,15248,0.0,0.0
2022-05-05 00:00:00-04:00,1045.5,1045.5,840.0,858.0,10021,0.0,0.0
2022-05-06 00:00:00-04:00,897.0,910.5,754.0499877929688,892.5,16128,0.0,0.0
2022-05-09 00:00:00-04:00,829.5,874.5,687.0,697.5,11651,0.0,0.0
2022-05-10 00:00:00-04:00,766.5,804.0,708.0,748.5,7098,0.0,0.0
2022-05-11 00:00:00-04:00,798.0,798.0,718.9500122070312,741.0,10827,0.0,0.0
2022-05-12 00:00:00-04:00,706.5,754.5,697.5,750.0,9941,0.0,0.0
2022-05-13 00:00:00-04:00,757.5,945.0,744.0,918.0,26203,0.0,0.0
2022-05-16 00:00:00-04:00,862.5,916.5,844.5,876.0,4320,0.0,0.0
2022-05-17 00:00:00-04:00,876.0,1146.0,876.0,1123.5,17212,0.0,0.0
2022-05-18 00:00:00-04:00,1072.5,1345.5,1047.0,1213.5,22441,0.0,0.0
2022-05-19 00:00:00-04:00,1215.0,1243.5,1068.0,1195.5,12599,0.0,0.0
2022-05-20 00:00:00-04:00,1185.0,1266.0,1122.0,1237.5,12880,0.0,0.0
2022-05-23 00:00:00-04:00,1263.0,1357.5,1263.0,1284.0,16675,0.0,0.0
2022-05-24 00:00:00-04:00,1239.0,1333.5,1200.0,1258.5,6909,0.0,0.0
2022-05-25 00:00:00-04:00,1239.0,1485.0,1222.5,1473.0,14289,0.0,0.0
2022-05-26 00:00:00-04:00,1485.0,1521.0,1423.5,1486.5,9877,0.0,0.0
2022-05-27 00:00:00-04:00,1477.5,1506.0,1455.0,1500.0,6543,0.0,0.0
2022-05-31 00:00:00-04:00,1500.0,1527.0,1432.5,1497.0,10048,0.0,0.0
2022-06-01 00:00:00-04:00,1498.5,1678.5,1449.0,1615.5,20709,0.0,0.0
2022-06-02 00:00:00-04:00,1620.0,1656.0,1303.5,1381.5,24045,0.0,0.0
2022-06-03 00:00:00-04:00,1392.0,1672.5,1378.5,1392.0,32321,0.0,0.0
2022-06-06 00:00:00-04:00,1399.5,1413.0,901.5,949.5,50434,0.0,0.0
2022-06-07 00:00:00-04:00,957.0,1027.5,949.5,999.0,23547,0.0,0.0
2022-06-08 00:00:00-04:00,1012.5,1251.0,987.0,1204.5,28806,0.0,0.0
2022-06-09 00:00:00-04:00,1168.5,1363.5,1129.5,1237.5,22094,0.0,0.0
2022-06-10 00:00:00-04:00,1201.5,1312.5,1054.5,1059.0,15374,0.0,0.0
2022-06-13 00:00:00-04:00,1066.5,1066.5,826.5,867.0,16869,0.0,0.0
2022-06-14 00:00:00-04:00,883.5,909.0,837.75,840.0,5791,0.0,0.0
2022-06-15 00:00:00-04:00,814.5,865.5,757.5,789.0,11379,0.0,0.0
2022-06-16 00:00:00-04:00,798.0,828.0,720.0,747.0,8194,0.0,0.0
2022-06-17 00:00:00-04:00,760.5,777.0,706.5,714.0,14913,0.0,0.0
2022-06-21 00:00:00-04:00,748.5,758.5499877929688,639.75,645.0,12255,0.0,0.0
2022-06-22 00:00:00-04:00,639.0,663.0,600.0,604.5,9675,0.0,0.0
2022-06-23 00:00:00-04:00,598.5,612.0,580.5,606.0,7345,0.0,0.0
2022-06-24 00:00:00-04:00,601.5,666.0,589.5,603.0,37465,0.0,0.0
2022-06-27 00:00:00-04:00,660.0,669.0,601.5,603.0,11814,0.0,0.0
2022-06-28 00:00:00-04:00,600.0,621.0,544.5,550.5,8747,0.0,0.0
2022-06-29 00:00:00-04:00,565.5,565.5,495.0,499.5,7364,0.0,0.0
2022-06-30 00:00:00-04:00,490.5,507.0,474.0,483.75,6018,0.0,0.0
2022-07-01 00:00:00-04:00,486.0,506.54998779296875,457.5,460.5,6359,0.0,0.0
2022-07-05 00:00:00-04:00,460.5,465.0,436.5,454.5,4971,0.0,0.0
2022-07-06 00:00:00-04:00,450.0,466.5,436.5,463.5,3003,0.0,0.0
2022-07-07 00:00:00-04:00,471.0,474.0,451.5,471.0,2737,0.0,0.0
2022-07-08 00:00:00-04:00,469.5,479.25,453.0,472.5,3487,0.0,0.0
2022-07-11 00:00:00-04:00,472.5,472.5,426.0,435.0,8509,0.0,0.0
2022-07-12 00:00:00-04:00,430.5,444.0,399.0,403.5,4651,0.0,0.0
2022-07-13 00:00:00-04:00,405.0,415.3500061035156,379.5,381.0,4175,0.0,0.0
2022-07-14 00:00:00-04:00,384.0,394.5,367.5,373.5,4097,0.0,0.0
2022-07-15 00:00:00-04:00,381.0,390.0,369.1499938964844,387.0,2458,0.0,0.0
2022-07-18 00:00:00-04:00,414.0,414.0,384.75,387.0,3006,0.0,0.0
2022-07-19 00:00:00-04:00,388.5,401.25,375.0,391.5,4289,0.0,0.0
2022-07-20 00:00:00-04:00,396.0,403.5,382.5,397.5,2409,0.0,0.0
2022-07-21 00:00:00-04:00,396.0,424.5,394.5,421.5,3562,0.0,0.0
2022-07-22 00:00:00-04:00,420.0,426.0,400.5,411.0,2344,0.0,0.0
2022-07-25 00:00:00-04:00,415.5,421.20001220703125,394.5,409.5,1853,0.0,0.0
2022-07-26 00:00:00-04:00,411.0,417.0,372.0,412.5,2602,0.0,0.0
2022-07-27 00:00:00-04:00,432.0,432.0,396.75,414.0,1980,0.0,0.0
2022-07-28 00:00:00-04:00,420.0,469.5,405.0,454.5,5773,0.0,0.0
2022-07-29 00:00:00-04:00,450.0,460.3500061035156,373.5,396.0,9940,0.0,0.0
2022-08-01 00:00:00-04:00,397.5,455.1000061035156,390.0,433.5,11664,0.0,0.0
2022-08-02 00:00:00-04:00,429.0,583.5,429.0,448.5,26007,0.0,0.0
2022-08-03 00:00:00-04:00,450.0,515.25,450.0,511.5,7184,0.0,0.0
2022-08-04 00:00:00-04:00,520.5,559.5,510.0,529.5,5566,0.0,0.0
2022-08-05 00:00:00-04:00,513.0,543.0,484.5,526.5,3920,0.0,0.0
2022-08-08 00:00:00-04:00,532.5,558.0,499.5,546.0,4195,0.0,0.0
2022-08-09 00:00:00-04:00,537.0,592.5,529.5,589.5,3845,0.0,0.0
2022-08-10 00:00:00-04:00,592.5,592.5,526.5,579.0,5187,0.0,0.0
2022-08-11 00:00:00-04:00,577.5,582.0,541.5,577.5,3583,0.0,0.0
2022-08-12 00:00:00-04:00,580.5,588.0,553.5,573.0,2462,0.0,0.0
2022-08-15 00:00:00-04:00,570.0,586.5,558.0,580.5,2419,0.0,0.0
2022-08-16 00:00:00-04:00,567.0,649.5,563.25,648.0,4381,0.0,0.0
2022-08-17 00:00:00-04:00,643.5,648.0,601.5,622.5,2976,0.0,0.0
2022-08-18 00:00:00-04:00,622.5,627.0,592.5,597.0,1870,0.0,0.0
2022-08-19 00:00:00-04:00,592.5,593.8499755859375,570.0,585.0,1881,0.0,0.0
2022-08-22 00:00:00-04:00,594.0,594.0,522.0,537.0,1655,0.0,0.0
2022-08-23 00:00:00-04:00,516.0,528.75,475.5,511.5,3520,0.0,0.0
2022-08-24 00:00:00-04:00,507.0,521.8499755859375,457.5,459.0,1927,0.0,0.0
2022-08-25 00:00:00-04:00,466.5,472.5,435.0,451.5,2091,0.0,0.0
2022-08-26 00:00:00-04:00,453.0,462.0,421.5,421.5,2317,0.0,0.0
2022-08-29 00:00:00-04:00,415.5,434.25,396.0,414.0,2443,0.0,0.0
2022-08-30 00:00:00-04:00,405.0,421.5,382.5,388.5,2175,0.0,0.0
2022-08-31 00:00:00-04:00,390.0,423.75,390.0,403.5,2271,0.0,0.0
2022-09-01 00:00:00-04:00,406.5,406.5,378.0,388.5,2155,0.0,0.0
2022-09-02 00:00:00-04:00,402.0,402.0,354.0,358.5,5919,0.0,0.0
2022-09-06 00:00:00-04:00,369.0,519.0,365.25,390.0,87556,0.0,0.0
2022-09-07 00:00:00-04:00,391.5,501.0,387.1499938964844,475.5,29622,0.0,0.0
2022-09-08 00:00:00-04:00,468.0,607.5,409.5,447.0,82390,0.0,0.0
2022-09-09 00:00:00-04:00,438.0,451.5,411.0,441.0,13007,0.0,0.0
2022-09-12 00:00:00-04:00,421.5,437.8500061035156,400.5,406.5,9908,0.0,0.0
2022-09-13 00:00:00-04:00,391.5,401.1000061035156,376.5,393.0,7670,0.0,0.0
2022-09-14 00:00:00-04:00,409.5,409.5,352.5,355.5,9347,0.0,0.0
2022-09-15 00:00:00-04:00,360.0,370.5,345.0,345.0,8241,0.0,0.0
2022-09-16 00:00:00-04:00,343.5,343.5,306.0,307.5,10736,0.0,0.0
2022-09-19 00:00:00-04:00,306.0,307.5,280.5,288.0,5248,0.0,0.0
2022-09-20 00:00:00-04:00,277.5,303.75,270.0,288.0,6203,0.0,0.0
2022-09-21 00:00:00-04:00,286.5,298.5,267.0,270.0,4367,0.0,0.0
2022-09-22 00:00:00-04:00,274.5,274.5,223.5,225.0,10025,0.0,0.0
2022-09-23 00:00:00-04:00,222.0,234.0,213.0,228.0,5891,0.0,0.0
2022-09-26 00:00:00-04:00,228.0,265.5,225.75,247.5,4109,0.0,0.0
2022-09-27 00:00:00-04:00,250.5,253.5,234.75,249.0,3216,0.0,0.0
2022-09-28 00:00:00-04:00,244.5,253.5,241.0500030517578,247.5,1565,0.0,0.0
2022-09-29 00:00:00-04:00,241.5,247.5,234.0,243.0,2197,0.0,0.0
2022-09-30 00:00:00-04:00,241.5,244.5,225.0,225.0,1333,0.0,0.0
2022-10-03 00:00:00-04:00,225.0,229.5,209.39999389648438,219.0,1683,0.0,0.0
2022-10-04 00:00:00-04:00,220.5,226.5,216.0,217.5,2723,0.0,0.0
2022-10-05 00:00:00-04:00,211.5,214.5,180.0,183.0,10053,0.0,0.0
2022-10-06 00:00:00-04:00,187.5,187.5,132.0,135.0,23265,0.0,0.0
2022-10-07 00:00:00-04:00,138.0,138.0,95.25,97.5,37296,0.0,0.0
2022-10-10 00:00:00-04:00,109.5,113.8499984741211,94.6500015258789,99.75,31009,0.0,0.0
2022-10-11 00:00:00-04:00,102.0,102.0,91.5,94.5,13057,0.0,0.0
2022-10-12 00:00:00-04:00,94.5,96.0,75.0,83.0999984741211,32839,0.0,0.0
2022-10-13 00:00:00-04:00,81.9000015258789,172.0500030517578,76.5,143.25,289615,0.0,0.0
2022-10-14 00:00:00-04:00,140.6999969482422,153.0,105.75,110.8499984741211,75632,0.0,0.0
2022-10-17 00:00:00-04:00,114.44999694824219,171.0,112.5,128.5500030517578,201907,0.0,0.0
2022-10-18 00:00:00-04:00,135.0,136.1999969482422,114.0,119.8499984741211,28097,0.0,0.0
2022-10-19 00:00:00-04:00,112.80000305175781,120.0,99.0,101.69999694824219,19246,0.0,0.0
2022-10-20 00:00:00-04:00,102.0,109.5,93.0,97.5,22607,0.0,0.0
2022-10-21 00:00:00-04:00,97.5,98.8499984741211,91.5,94.6500015258789,15080,0.0,0.0
2022-10-24 00:00:00-04:00,94.5,102.0,87.0,92.8499984741211,11347,0.0,0.0
2022-10-25 00:00:00-04:00,91.5,130.5,90.0,120.1500015258789,82777,0.0,0.0
2022-10-26 00:00:00-04:00,120.0,138.0,114.30000305175781,120.5999984741211,38037,0.0,0.0
2022-10-27 00:00:00-04:00,120.75,126.5999984741211,112.6500015258789,119.25,10115,0.0,0.0
2022-10-28 00:00:00-04:00,118.5,123.0,106.94999694824219,120.0,9685,0.0,0.0
2022-10-31 00:00:00-04:00,121.5,122.25,118.5,120.75,5633,0.0,0.0
2022-11-01 00:00:00-04:00,124.5,129.0,119.25,121.5,7109,0.0,0.0
2022-11-02 00:00:00-04:00,126.0,126.0,112.5,112.80000305175781,5711,0.0,0.0
2022-11-03 00:00:00-04:00,112.94999694824219,117.0,105.44999694824219,107.25,4235,0.0,0.0
2022-11-04 00:00:00-04:00,104.55000305175781,123.0,104.55000305175781,118.3499984741211,11081,0.0,0.0
2022-11-07 00:00:00-05:00,116.55000305175781,116.55000305175781,108.75,111.0,10488,0.0,0.0
2022-11-08 00:00:00-05:00,123.0,123.0,106.5,107.69999694824219,8535,0.0,0.0
2022-11-09 00:00:00-05:00,110.69999694824219,116.69999694824219,103.5,113.8499984741211,6572,0.0,0.0
2022-11-10 00:00:00-05:00,114.0,129.60000610351562,111.0,126.44999694824219,9248,0.0,0.0
2022-11-11 00:00:00-05:00,133.5,184.5,126.75,174.0,40125,0.0,0.0
2022-11-14 00:00:00-05:00,180.0,184.5,154.5,175.5,8853,0.0,0.0
2022-11-15 00:00:00-05:00,177.0,177.0,157.5,162.0,5651,0.0,0.0
2022-11-16 00:00:00-05:00,160.5,164.10000610351562,147.14999389648438,151.5,6367,0.0,0.0
2022-11-17 00:00:00-05:00,147.0,165.0,136.64999389648438,157.5,6734,0.0,0.0
2022-11-18 00:00:00-05:00,160.5,198.0,153.3000030517578,178.5,17578,0.0,0.0
2022-11-21 00:00:00-05:00,174.0,204.0,159.0,162.0,10041,0.0,0.0
2022-11-22 00:00:00-05:00,166.5,177.0,150.0,154.5,9963,0.0,0.0
2022-11-23 00:00:00-05:00,151.5,163.5,151.5,156.0,4929,0.0,0.0
2022-11-25 00:00:00-05:00,142.5,187.5,135.0,181.5,38601,0.0,0.0
2022-11-28 00:00:00-05:00,180.0,240.0,174.0,232.5,58307,0.0,0.0
2022-11-29 00:00:00-05:00,232.5,232.5,204.0,211.5,16465,0.0,0.0
2022-11-30 00:00:00-05:00,201.0,234.0,192.0,232.5,45337,0.0,0.0
2022-12-01 00:00:00-05:00,225.0,285.0,220.5,271.5,32288,0.0,0.0
2022-12-02 00:00:00-05:00,261.0,330.0,259.5,288.0,35443,0.0,0.0
2022-12-05 00:00:00-05:00,276.0,287.25,258.0,283.5,14971,0.0,0.0
2022-12-06 00:00:00-05:00,280.5,339.0,280.5,334.5,26193,0.0,0.0
2022-12-07 00:00:00-05:00,327.0,334.5,300.0,318.0,9527,0.0,0.0
2022-12-08 00:00:00-05:00,318.0,357.0,312.0,354.0,17673,0.0,0.0
2022-12-09 00:00:00-05:00,346.5,366.0,312.0,313.5,13976,0.0,0.0
2022-12-12 00:00:00-05:00,315.0,369.0,279.0,282.0,18722,0.0,0.0
2022-12-13 00:00:00-05:00,289.5,319.20001220703125,289.5,292.5,11315,0.0,0.0
2022-12-14 00:00:00-05:00,288.0,303.0,285.0,289.5,9387,0.0,0.0
2022-12-15 00:00:00-05:00,288.0,294.0,238.5,259.5,13465,0.0,0.0
2022-12-16 00:00:00-05:00,261.0,306.0,248.25,294.0,160017,0.0,0.0
2022-12-19 00:00:00-05:00,295.5,295.5,256.5,282.0,8477,0.0,0.0
2022-12-20 00:00:00-05:00,274.5,297.0,264.0,295.5,10699,0.0,0.0
2022-12-21 00:00:00-05:00,297.0,297.0,274.5,285.0,5483,0.0,0.0
2022-12-22 00:00:00-05:00,283.5,319.5,271.79998779296875,318.0,11750,0.0,0.0
2022-12-23 00:00:00-05:00,316.5,324.0,300.0,312.0,7004,0.0,0.0
2022-12-27 00:00:00-05:00,301.5,301.5,273.0,276.0,6739,0.0,0.0
2022-12-28 00:00:00-05:00,270.0,306.0,264.0,300.0,7324,0.0,0.0
2022-12-29 00:00:00-05:00,292.5,312.0,277.5,298.5,6359,0.0,0.0
2022-12-30 00:00:00-05:00,297.0,304.5,283.5,285.0,5115,0.0,0.0
2023-01-03 00:00:00-05:00,288.0,300.75,270.0,298.5,9703,0.0,0.0
2023-01-04 00:00:00-05:00,307.5,318.0,278.25,282.0,7531,0.0,0.0
2023-01-05 00:00:00-05:00,276.0,280.5,253.5,256.5,6546,0.0,0.0
2023-01-06 00:00:00-05:00,255.0,264.0,253.5,261.0,3693,0.0,0.0
2023-01-09 00:00:00-05:00,259.5,267.0,237.0,258.0,6504,0.0,0.0
2023-01-10 00:00:00-05:00,259.5,285.75,250.64999389648438,261.0,9691,0.0,0.0
2023-01-11 00:00:00-05:00,264.0,270.0,248.25,253.5,4972,0.0,0.0
2023-01-12 00:00:00-05:00,247.5,260.25,243.0,259.5,6397,0.0,0.0
2023-01-13 00:00:00-05:00,249.0,263.25,244.5,256.5,4849,0.0,0.0
2023-01-17 00:00:00-05:00,252.0,256.95001220703125,222.0,225.0,11538,0.0,0.0
2023-01-18 00:00:00-05:00,226.5,258.0,222.0,237.0,8947,0.0,0.0
2023-01-19 00:00:00-05:00,234.0,236.25,205.5,211.5,7407,0.0,0.0
2023-01-20 00:00:00-05:00,222.0,228.0,192.75,202.5,12565,0.0,0.0
2023-01-23 00:00:00-05:00,202.5,206.25,181.5,204.0,8311,0.0,0.0
2023-01-24 00:00:00-05:00,192.0,208.1999969482422,192.0,201.0,4425,0.0,0.0
2023-01-25 00:00:00-05:00,205.5,205.5,186.0,199.5,3381,0.0,0.0
2023-01-26 00:00:00-05:00,204.0,207.75,192.3000030517578,207.0,4033,0.0,0.0
2023-01-27 00:00:00-05:00,201.0,210.0,194.25,204.0,3470,0.0,0.0
2023-01-30 00:00:00-05:00,202.5,213.0,192.0,196.5,6340,0.0,0.0
2023-01-31 00:00:00-05:00,196.5,205.5,194.25,201.0,7345,0.0,0.0
2023-02-01 00:00:00-05:00,204.0,210.0,186.0,198.0,6549,0.0,0.0
2023-02-02 00:00:00-05:00,198.0,204.0,184.5,193.5,8939,0.0,0.0
2023-02-03 00:00:00-05:00,192.0,231.0,192.0,225.0,15375,0.0,0.0
2023-02-06 00:00:00-05:00,225.0,226.5,206.25,216.0,6243,0.0,0.0
2023-02-07 00:00:00-05:00,213.0,225.0,207.0,225.0,6823,0.0,0.0
2023-02-08 00:00:00-05:00,225.0,228.0,215.25,219.0,4364,0.0,0.0
2023-02-09 00:00:00-05:00,216.0,218.85000610351562,196.5,198.75,3655,0.0,0.0
2023-02-10 00:00:00-05:00,195.0,210.75,195.0,208.5,6333,0.0,0.0
2023-02-13 00:00:00-05:00,202.5,204.75,186.75,190.5,4299,0.0,0.0
2023-02-14 00:00:00-05:00,190.5,197.25,187.5,189.0,4399,0.0,0.0
2023-02-15 00:00:00-05:00,189.0,196.5,181.5,190.5,5949,0.0,0.0
2023-02-16 00:00:00-05:00,192.0,195.0,184.5,189.0,3116,0.0,0.0
2023-02-17 00:00:00-05:00,198.0,208.5,184.5,207.0,5514,0.0,0.0
2023-02-21 00:00:00-05:00,208.5,209.6999969482422,187.5,199.5,6704,0.0,0.0
2023-02-22 00:00:00-05:00,202.5,217.5,192.0,216.0,4257,0.0,0.0
2023-02-23 00:00:00-05:00,213.0,216.0,196.5,205.5,5717,0.0,0.0
2023-02-24 00:00:00-05:00,201.0,201.0,183.0,189.0,6437,0.0,0.0
2023-02-27 00:00:00-05:00,192.0,196.5,186.0,195.0,3989,0.0,0.0
2023-02-28 00:00:00-05:00,195.0,207.0,186.0,205.5,6393,0.0,0.0
2023-03-01 00:00:00-05:00,207.0,207.0,187.5,196.5,4519,0.0,0.0
2023-03-02 00:00:00-05:00,193.5,197.25,186.75,192.0,4481,0.0,0.0
2023-03-03 00:00:00-05:00,192.0,202.5,187.5,195.0,3762,0.0,0.0
2023-03-06 00:00:00-05:00,199.5,247.5,198.0,241.5,27707,0.0,0.0
2023-03-07 00:00:00-05:00,244.5,267.75,234.0,241.5,16279,0.0,0.0
2023-03-08 00:00:00-05:00,240.0,268.5,213.0,220.5,12205,0.0,0.0
2023-03-09 00:00:00-05:00,220.5,222.75,208.5,210.0,7087,0.0,0.0
2023-03-10 00:00:00-05:00,210.0,214.5,157.5,172.5,20617,0.0,0.0
2023-03-13 00:00:00-04:00,178.5,189.0,174.0,181.5,7097,0.0,0.0
2023-03-14 00:00:00-04:00,184.5,184.5,162.0,169.5,10084,0.0,0.0
2023-03-15 00:00:00-04:00,168.0,171.0,156.0,160.5,20241,0.0,0.0
2023-03-16 00:00:00-04:00,157.5,163.5,144.0,161.25,14965,0.0,0.0
2023-03-17 00:00:00-04:00,160.5,163.5,154.5,159.75,25446,0.0,0.0
2023-03-20 00:00:00-04:00,160.5,160.5,142.64999389648438,157.5,22483,0.0,0.0
2023-03-21 00:00:00-04:00,159.0,160.5,144.0,154.5,28313,0.0,0.0
2023-03-22 00:00:00-04:00,147.0,153.0,130.9499969482422,147.14999389648438,12180,0.0,0.0
2023-03-23 00:00:00-04:00,146.10000610351562,151.5,142.5,148.35000610351562,6326,0.0,0.0
2023-03-24 00:00:00-04:00,150.0,159.75,141.75,157.5,6049,0.0,0.0
2023-03-27 00:00:00-04:00,159.0,162.0,141.0,148.5,10643,0.0,0.0
2023-03-28 00:00:00-04:00,150.0,153.0,144.0,147.75,3125,0.0,0.0
2023-03-29 00:00:00-04:00,148.5,159.0,147.0,150.0,4383,0.0,0.0
2023-03-30 00:00:00-04:00,154.5,163.35000610351562,148.5,154.5,7032,0.0,0.0
2023-03-31 00:00:00-04:00,154.5,156.0,150.0,151.5,5863,0.0,0.0
2023-04-03 00:00:00-04:00,151.5,153.75,144.0,147.4499969482422,6677,0.0,0.0
2023-04-04 00:00:00-04:00,147.0,153.0,142.64999389648438,151.5,4755,0.0,0.0
2023-04-05 00:00:00-04:00,149.25,165.0,149.25,160.5,6640,0.0,0.0
2023-04-06 00:00:00-04:00,156.0,163.5,153.0,157.5,5632,0.0,0.0
2023-04-10 00:00:00-04:00,154.5,164.25,138.60000610351562,138.75,7860,0.0,0.0
2023-04-11 00:00:00-04:00,141.0,147.0,141.0,143.39999389648438,12468,0.0,0.0
2023-04-12 00:00:00-04:00,150.0,154.5,120.0,122.0999984741211,78535,0.0,0.0
2023-04-13 00:00:00-04:00,122.25,123.44999694824219,114.0,120.0,15957,0.0,0.0
2023-04-14 00:00:00-04:00,117.9000015258789,118.5,108.44999694824219,111.5999984741211,11945,0.0,0.0
2023-04-17 00:00:00-04:00,113.0999984741211,121.6500015258789,108.5999984741211,118.5,9211,0.0,0.0
2023-04-18 00:00:00-04:00,118.5,120.0,108.1500015258789,108.5999984741211,7206,0.0,0.0
2023-04-19 00:00:00-04:00,105.44999694824219,108.0,104.25,105.30000305175781,7781,0.0,0.0
2023-04-20 00:00:00-04:00,105.30000305175781,109.19999694824219,99.1500015258789,101.8499984741211,8337,0.0,0.0
2023-04-21 00:00:00-04:00,103.19999694824219,107.55000305175781,97.5,99.9000015258789,8269,0.0,0.0
2023-04-24 00:00:00-04:00,101.8499984741211,102.5999984741211,92.69999694824219,93.0,8670,0.0,0.0
2023-04-25 00:00:00-04:00,93.0,94.5,83.4000015258789,84.0,14415,0.0,0.0
2023-04-26 00:00:00-04:00,87.0,93.0,85.5,88.5,9719,0.0,0.0
2023-04-27 00:00:00-04:00,90.0,90.0,82.5,82.5,15611,0.0,0.0
2023-04-28 00:00:00-04:00,87.0,87.0,82.5,85.19999694824219,7855,0.0,0.0
2023-05-01 00:00:00-04:00,85.5,88.3499984741211,78.9000015258789,80.25,13173,0.0,0.0
2023-05-02 00:00:00-04:00,78.30000305175781,81.1500015258789,72.1500015258789,73.05000305175781,20859,0.0,0.0
2023-05-03 00:00:00-04:00,74.25,87.0,73.05000305175781,78.5999984741211,25224,0.0,0.0
2023-05-04 00:00:00-04:00,79.94999694824219,81.0,72.75,72.9000015258789,11473,0.0,0.0
2023-05-05 00:00:00-04:00,76.5,81.0,75.1500015258789,78.30000305175781,8879,0.0,0.0
2023-05-08 00:00:00-04:00,78.0,79.5,74.25,76.94999694824219,12150,0.0,0.0
2023-05-09 00:00:00-04:00,78.30000305175781,83.8499984741211,78.0,82.5,10086,0.0,0.0
2023-05-10 00:00:00-04:00,81.9000015258789,90.0,81.0,87.0,13747,0.0,0.0
2023-05-11 00:00:00-04:00,90.0,91.5,75.0,75.75,10095,0.0,0.0
2023-05-12 00:00:00-04:00,77.25,81.0,75.0,75.75,11168,0.0,0.0
2023-05-15 00:00:00-04:00,76.5,84.0,75.75,82.5,14236,0.0,0.0
2023-05-16 00:00:00-04:00,78.1500015258789,82.5,76.5,76.5,7638,0.0,0.0
2023-05-17 00:00:00-04:00,76.5,78.75,72.0,73.19999694824219,20393,0.0,0.0
2023-05-18 00:00:00-04:00,72.9000015258789,76.19999694824219,69.30000305175781,74.69999694824219,17783,0.0,0.0
2023-05-19 00:00:00-04:00,76.5,92.4000015258789,75.0,83.55000305175781,38989,0.0,0.0
2023-05-22 00:00:00-04:00,81.30000305175781,82.80000305175781,75.0,76.05000305175781,16705,0.0,0.0
2023-05-23 00:00:00-04:00,75.9000015258789,84.0,73.5,79.80000305175781,16803,0.0,0.0
2023-05-24 00:00:00-04:00,79.5,79.5,71.25,73.3499984741211,13580,0.0,0.0
2023-05-25 00:00:00-04:00,73.5,75.0,72.0,74.25,12191,0.0,0.0
2023-05-26 00:00:00-04:00,73.6500015258789,76.5,72.1500015258789,73.05000305175781,11123,0.0,0.0
2023-05-30 00:00:00-04:00,72.75,75.75,65.55000305175781,68.25,34251,0.0,0.0
2023-05-31 00:00:00-04:00,68.0999984741211,68.4000015258789,61.79999923706055,65.25,17311,0.0,0.0
2023-06-01 00:00:00-04:00,65.25,66.75,60.900001525878906,64.19999694824219,11119,0.0,0.0
2023-06-02 00:00:00-04:00,63.29999923706055,68.25,63.150001525878906,67.80000305175781,13133,0.0,0.0
2023-06-05 00:00:00-04:00,66.75,72.0,66.30000305175781,69.0,11431,0.0,0.0
2023-06-06 00:00:00-04:00,66.9000015258789,71.25,66.0,69.5999984741211,9689,0.0,0.0
2023-06-07 00:00:00-04:00,68.69999694824219,73.5,67.6500015258789,69.1500015258789,10675,0.0,0.0
2023-06-08 00:00:00-04:00,68.25,72.75,66.9000015258789,71.25,10720,0.0,0.0
2023-06-09 00:00:00-04:00,70.80000305175781,70.80000305175781,65.4000015258789,66.75,8628,0.0,0.0
2023-06-12 00:00:00-04:00,67.80000305175781,67.80000305175781,63.150001525878906,65.4000015258789,11777,0.0,0.0
2023-06-13 00:00:00-04:00,65.25,68.55000305175781,63.0,63.900001525878906,17036,0.0,0.0
2023-06-14 00:00:00-04:00,63.900001525878906,66.0,61.95000076293945,62.25,15418,0.0,0.0
2023-06-15 00:00:00-04:00,62.400001525878906,63.0,60.599998474121094,61.20000076293945,19523,0.0,0.0
2023-06-16 00:00:00-04:00,63.150001525878906,64.5,59.54999923706055,63.75,30387,0.0,0.0
2023-06-20 00:00:00-04:00,63.900001525878906,64.3499984741211,57.29999923706055,63.45000076293945,22708,0.0,0.0
2023-06-21 00:00:00-04:00,64.19999694824219,78.0,63.0,75.0,68705,0.0,0.0
2023-06-22 00:00:00-04:00,76.5,82.5,67.6500015258789,76.94999694824219,37639,0.0,0.0
2023-06-23 00:00:00-04:00,74.4000015258789,79.3499984741211,67.94999694824219,67.94999694824219,181362,0.0,0.0
2023-06-26 00:00:00-04:00,69.5999984741211,78.75,69.5999984741211,71.69999694824219,20866,0.0,0.0
2023-06-27 00:00:00-04:00,70.6500015258789,75.75,65.25,67.19999694824219,19357,0.0,0.0
2023-06-28 00:00:00-04:00,67.19999694824219,70.80000305175781,63.75,68.55000305175781,12814,0.0,0.0
2023-06-29 00:00:00-04:00,70.5,70.5,64.6500015258789,67.6500015258789,8843,0.0,0.0
2023-06-30 00:00:00-04:00,68.55000305175781,68.55000305175781,60.900001525878906,63.29999923706055,14866,0.0,0.0
2023-07-03 00:00:00-04:00,64.5,65.69999694824219,61.650001525878906,64.94999694824219,5121,0.0,0.0
2023-07-05 00:00:00-04:00,65.0999984741211,65.25,61.20000076293945,62.099998474121094,6608,0.0,0.0
2023-07-06 00:00:00-04:00,63.0,63.150001525878906,57.0,58.5,18799,0.0,0.0
2023-07-07 00:00:00-04:00,58.5,62.849998474121094,56.400001525878906,61.5,12398,0.0,0.0
2023-07-10 00:00:00-04:00,62.54999923706055,64.94999694824219,58.5,61.349998474121094,13864,0.0,0.0
2023-07-11 00:00:00-04:00,60.45000076293945,62.099998474121094,58.95000076293945,61.04999923706055,8095,0.0,0.0
2023-07-12 00:00:00-04:00,60.29999923706055,61.20000076293945,57.150001525878906,58.650001525878906,15315,0.0,0.0
2023-07-13 00:00:00-04:00,59.400001525878906,61.20000076293945,57.75,61.20000076293945,8745,0.0,0.0
2023-07-14 00:00:00-04:00,60.900001525878906,60.900001525878906,57.75,59.25,6379,0.0,0.0
2023-07-17 00:00:00-04:00,58.5,60.0,57.0,60.0,9288,0.0,0.0
2023-07-18 00:00:00-04:00,60.0,62.70000076293945,57.45000076293945,62.400001525878906,9492,0.0,0.0
2023-07-19 00:00:00-04:00,63.0,67.5,57.0,67.3499984741211,23948,0.0,0.0
2023-07-20 00:00:00-04:00,68.0999984741211,68.0999984741211,58.650001525878906,61.5,14198,0.0,0.0
2023-07-21 00:00:00-04:00,58.349998474121094,63.75,58.20000076293945,61.04999923706055,10645,0.0,0.0
2023-07-24 00:00:00-04:00,61.5,62.849998474121094,58.5,58.95000076293945,11659,0.0,0.0
2023-07-25 00:00:00-04:00,59.849998474121094,60.75,57.45000076293945,59.54999923706055,6162,0.0,0.0
2023-07-26 00:00:00-04:00,59.849998474121094,61.95000076293945,58.79999923706055,59.54999923706055,4129,0.0,0.0
2023-07-27 00:00:00-04:00,60.0,60.0,57.0,58.04999923706055,7709,0.0,0.0
2023-07-28 00:00:00-04:00,57.75,59.099998474121094,57.75,58.5,4461,0.0,0.0
2023-07-31 00:00:00-04:00,60.0,63.0,58.349998474121094,62.70000076293945,7385,0.0,0.0
2023-08-01 00:00:00-04:00,61.79999923706055,62.25,59.25,60.0,2917,0.0,0.0
2023-08-02 00:00:00-04:00,60.150001525878906,61.5,59.70000076293945,61.04999923706055,2599,0.0,0.0
2023-08-03 00:00:00-04:00,60.75,63.0,58.5,59.25,6503,0.0,0.0
2023-08-04 00:00:00-04:00,59.099998474121094,60.0,57.0,57.0,5537,0.0,0.0
2023-08-07 00:00:00-04:00,59.400001525878906,59.400001525878906,52.5,53.25,9797,0.0,0.0
2023-08-08 00:00:00-04:00,53.70000076293945,54.0,49.5,49.95000076293945,17741,0.0,0.0
2023-08-09 00:00:00-04:00,50.849998474121094,52.5,48.75,51.75,9529,0.0,0.0
2023-08-10 00:00:00-04:00,52.5,52.5,46.5,49.5,17882,0.0,0.0
2023-08-11 00:00:00-04:00,51.0,58.5,50.25,57.0,18594,0.0,0.0
2023-08-14 00:00:00-04:00,59.25,59.25,49.95000076293945,50.400001525878906,15097,0.0,0.0
2023-08-15 00:00:00-04:00,49.349998474121094,51.900001525878906,48.0,51.75,7134,0.0,0.0
2023-08-16 00:00:00-04:00,51.75,51.75,46.79999923706055,49.5,6213,0.0,0.0
2023-08-17 00:00:00-04:00,48.0,49.5,44.400001525878906,45.0,17220,0.0,0.0
2023-08-18 00:00:00-04:00,45.0,47.099998474121094,45.0,45.599998474121094,6040,0.0,0.0
2023-08-21 00:00:00-04:00,45.75,50.25,45.75,46.650001525878906,7650,0.0,0.0
2023-08-22 00:00:00-04:00,48.45000076293945,48.45000076293945,45.75,46.95000076293945,3290,0.0,0.0
2023-08-23 00:00:00-04:00,48.0,48.0,43.5,45.0,8179,0.0,0.0
2023-08-24 00:00:00-04:00,45.0,45.75,38.54999923706055,41.70000076293945,12731,0.0,0.0
2023-08-25 00:00:00-04:00,41.54999923706055,43.20000076293945,39.75,41.70000076293945,11181,0.0,0.0
2023-08-28 00:00:00-04:00,40.650001525878906,44.849998474121094,40.650001525878906,42.599998474121094,5375,0.0,0.0
2023-08-29 00:00:00-04:00,42.45000076293945,49.5,42.45000076293945,44.25,16667,0.0,0.0
2023-08-30 00:00:00-04:00,48.599998474121094,49.04999923706055,43.5,46.79999923706055,12005,0.0,0.0
2023-08-31 00:00:00-04:00,46.04999923706055,46.5,40.650001525878906,41.54999923706055,11068,0.0,0.0
2023-09-01 00:00:00-04:00,41.25,42.900001525878906,40.04999923706055,41.54999923706055,31996,0.0,0.0
2023-09-05 00:00:00-04:00,42.599998474121094,45.0,40.650001525878906,45.0,25119,0.0,0.0
2023-09-06 00:00:00-04:00,42.75,43.5,40.20000076293945,40.20000076293945,14121,0.0,0.0
2023-09-07 00:00:00-04:00,39.75,42.29999923706055,38.54999923706055,42.0,24339,0.0,0.0
2023-09-08 00:00:00-04:00,40.5,42.75,39.150001525878906,39.900001525878906,6945,0.0,0.0
2023-09-11 00:00:00-04:00,40.650001525878906,40.95000076293945,37.5,38.54999923706055,14575,0.0,0.0
2023-09-12 00:00:00-04:00,38.54999923706055,39.45000076293945,32.25,32.849998474121094,35665,0.0,0.0
2023-09-13 00:00:00-04:00,34.20000076293945,34.20000076293945,31.5,31.950000762939453,18984,0.0,0.0
2023-09-14 00:00:00-04:00,32.25,32.54999923706055,31.200000762939453,31.649999618530273,19059,0.0,0.0
2023-09-15 00:00:00-04:00,32.25,34.349998474121094,31.200000762939453,33.599998474121094,87283,0.0,0.0
2023-09-18 00:00:00-04:00,33.75,37.95000076293945,32.54999923706055,36.0,26739,0.0,0.0
2023-09-19 00:00:00-04:00,36.0,36.0,31.049999237060547,31.950000762939453,18849,0.0,0.0
2023-09-20 00:00:00-04:00,32.54999923706055,33.45000076293945,30.75,31.5,10511,0.0,0.0
2023-09-21 00:00:00-04:00,31.950000762939453,31.950000762939453,29.25,30.0,20176,0.0,0.0
2023-09-22 00:00:00-04:00,30.0,30.0,27.75,29.850000381469727,11554,0.0,0.0
2023-09-25 00:00:00-04:00,29.850000381469727,29.850000381469727,27.75,28.5,8323,0.0,0.0
2023-09-26 00:00:00-04:00,28.649999618530273,29.549999237060547,28.049999237060547,29.25,7930,0.0,0.0
2023-09-27 00:00:00-04:00,28.5,30.0,28.200000762939453,28.649999618530273,4409,0.0,0.0
2023-09-28 00:00:00-04:00,28.5,29.700000762939453,28.5,28.950000762939453,3828,0.0,0.0
2023-09-29 00:00:00-04:00,28.5,30.600000381469727,28.5,30.450000762939453,9195,0.0,0.0
2023-10-02 00:00:00-04:00,31.200000762939453,31.350000381469727,30.149999618530273,31.049999237060547,5027,0.0,0.0
2023-10-03 00:00:00-04:00,28.5,31.950000762939453,28.5,29.399999618530273,7667,0.0,0.0
2023-10-04 00:00:00-04:00,29.700000762939453,30.0,29.25,29.25,4097,0.0,0.0
2023-10-05 00:00:00-04:00,29.549999237060547,31.049999237060547,28.950000762939453,29.25,6553,0.0,0.0
2023-10-06 00:00:00-04:00,30.0,30.0,27.75,28.350000381469727,11256,0.0,0.0
2023-10-09 00:00:00-04:00,27.600000381469727,29.549999237060547,27.0,28.5,6850,0.0,0.0
2023-10-10 00:00:00-04:00,28.049999237060547,29.549999237060547,28.049999237060547,28.200000762939453,9226,0.0,0.0
2023-10-11 00:00:00-04:00,29.100000381469727,29.100000381469727,28.049999237060547,28.350000381469727,3951,0.0,0.0
2023-10-12 00:00:00-04:00,30.0,30.0,27.899999618530273,28.200000762939453,5367,0.0,0.0
2023-10-13 00:00:00-04:00,29.100000381469727,29.100000381469727,27.899999618530273,28.950000762939453,8374,0.0,0.0
2023-10-16 00:00:00-04:00,29.25,33.0,28.799999237060547,31.5,12431,0.0,0.0
2023-10-17 00:00:00-04:00,28.5,33.0,28.5,29.25,8723,0.0,0.0
2023-10-18 00:00:00-04:00,29.25,30.75,29.25,30.450000762939453,3417,0.0,0.0
2023-10-19 00:00:00-04:00,30.600000381469727,31.5,29.25,30.450000762939453,3628,0.0,0.0
2023-10-20 00:00:00-04:00,30.0,30.75,29.25,30.0,3461,0.0,0.0
2023-10-23 00:00:00-04:00,30.75,30.75,27.299999237060547,28.200000762939453,4358,0.0,0.0
2023-10-24 00:00:00-04:00,28.5,30.450000762939453,28.200000762939453,30.0,3045,0.0,0.0
2023-10-25 00:00:00-04:00,28.649999618530273,29.850000381469727,27.75,28.5,3361,0.0,0.0
2023-10-26 00:00:00-04:00,28.350000381469727,28.799999237060547,27.0,28.350000381469727,6891,0.0,0.0
2023-10-27 00:00:00-04:00,28.350000381469727,28.350000381469727,27.0,27.299999237060547,3856,0.0,0.0
2023-10-30 00:00:00-04:00,27.75,29.850000381469727,27.450000762939453,29.100000381469727,3601,0.0,0.0
2023-10-31 00:00:00-04:00,28.5,31.649999618530273,28.5,31.049999237060547,6841,0.0,0.0
2023-11-01 00:00:00-04:00,31.799999237060547,35.25,30.600000381469727,35.25,5438,0.0,0.0
2023-11-02 00:00:00-04:00,34.79999923706055,42.0,34.349998474121094,42.0,11719,0.0,0.0
2023-11-03 00:00:00-04:00,43.5,45.0,37.5,38.54999923706055,11702,0.0,0.0
2023-11-06 00:00:00-05:00,42.75,42.75,39.0,39.150001525878906,5139,0.0,0.0
2023-11-07 00:00:00-05:00,42.0,42.0,37.5,38.099998474121094,4378,0.0,0.0
2023-11-08 00:00:00-05:00,38.400001525878906,38.400001525878906,36.29999923706055,37.5,2694,0.0,0.0
2023-11-09 00:00:00-05:00,37.5,37.95000076293945,36.0,37.5,6525,0.0,0.0
2023-11-10 00:00:00-05:00,41.70000076293945,41.70000076293945,34.650001525878906,36.0,8701,0.0,0.0
2023-11-13 00:00:00-05:00,34.95000076293945,39.900001525878906,34.95000076293945,37.650001525878906,5479,0.0,0.0
2023-11-14 00:00:00-05:00,37.5,37.5,34.79999923706055,35.25,3482,0.0,0.0
2023-11-15 00:00:00-05:00,36.900001525878906,37.5,32.70000076293945,36.75,5982,0.0,0.0
2023-11-16 00:00:00-05:00,37.5,38.25,34.5,34.95000076293945,7631,0.0,0.0
2023-11-17 00:00:00-05:00,35.099998474121094,36.0,32.54999923706055,34.650001525878906,7903,0.0,0.0
2023-11-20 00:00:00-05:00,35.849998474121094,35.849998474121094,33.0,33.0,6007,0.0,0.0
2023-11-21 00:00:00-05:00,34.349998474121094,37.5,32.849998474121094,35.849998474121094,11534,0.0,0.0
2023-11-22 00:00:00-05:00,37.5,38.25,33.75,35.25,10197,0.0,0.0
2023-11-24 00:00:00-05:00,33.0,39.45000076293945,33.0,35.54999923706055,6124,0.0,0.0
2023-11-27 00:00:00-05:00,35.099998474121094,36.599998474121094,32.70000076293945,32.70000076293945,7763,0.0,0.0
2023-11-28 00:00:00-05:00,33.0,33.900001525878906,31.200000762939453,32.25,5768,0.0,0.0
2023-11-29 00:00:00-05:00,32.400001525878906,33.900001525878906,32.400001525878906,32.849998474121094,4050,0.0,0.0
2023-11-30 00:00:00-05:00,33.0,33.900001525878906,28.5,28.5,34241,0.0,0.0
2023-12-01 00:00:00-05:00,30.0,30.899999618530273,29.549999237060547,30.899999618530273,10107,0.0,0.0
2023-12-04 00:00:00-05:00,32.54999923706055,32.54999923706055,29.549999237060547,30.600000381469727,8052,0.0,0.0
2023-12-05 00:00:00-05:00,30.899999618530273,31.950000762939453,30.0,30.450000762939453,4943,0.0,0.0
2023-12-06 00:00:00-05:00,31.200000762939453,31.5,29.700000762939453,30.0,8191,0.0,0.0
2023-12-07 00:00:00-05:00,30.0,30.75,28.200000762939453,28.5,8227,0.0,0.0
2023-12-08 00:00:00-05:00,28.799999237060547,29.399999618530273,27.0,28.950000762939453,9523,0.0,0.0
2023-12-11 00:00:00-05:00,29.25,29.25,27.450000762939453,27.899999618530273,9427,0.0,0.0
2023-12-12 00:00:00-05:00,27.450000762939453,28.5,27.450000762939453,27.75,7894,0.0,0.0
2023-12-13 00:00:00-05:00,27.75,27.75,27.0,27.600000381469727,6674,0.0,0.0
2023-12-14 00:00:00-05:00,27.75,28.5,27.299999237060547,27.299999237060547,5949,0.0,0.0
2023-12-15 00:00:00-05:00,27.75,28.200000762939453,27.299999237060547,27.75,10280,0.0,0.0
2023-12-18 00:00:00-05:00,27.75,27.75,26.100000381469727,26.25,9949,0.0,0.0
2023-12-19 00:00:00-05:00,27.149999618530273,28.350000381469727,25.5,26.850000381469727,9705,0.0,0.0
2023-12-20 00:00:00-05:00,27.600000381469727,28.200000762939453,25.950000762939453,27.0,3827,0.0,0.0
2023-12-21 00:00:00-05:00,26.549999237060547,28.649999618530273,26.549999237060547,27.75,3976,0.0,0.0
2023-12-22 00:00:00-05:00,27.75,32.099998474121094,27.450000762939453,31.5,11579,0.0,0.0
2023-12-26 00:00:00-05:00,31.200000762939453,32.400001525878906,29.399999618530273,30.0,7029,0.0,0.0
2023-12-27 00:00:00-05:00,30.0,30.0,28.5,29.25,5539,0.0,0.0
2023-12-28 00:00:00-05:00,29.25,29.700000762939453,28.200000762939453,28.5,7304,0.0,0.0
2023-12-29 00:00:00-05:00,28.200000762939453,28.649999618530273,27.0,27.0,12251,0.0,0.0
2024-01-02 00:00:00-05:00,27.149999618530273,31.5,27.149999618530273,30.0,9605,0.0,0.0
2024-01-03 00:00:00-05:00,28.5,31.049999237060547,28.5,30.600000381469727,4509,0.0,0.0
2024-01-04 00:00:00-05:00,30.149999618530273,36.0,30.0,33.0,10289,0.0,0.0
2024-01-05 00:00:00-05:00,33.0,33.0,29.549999237060547,31.5,6705,0.0,0.0
2024-01-08 00:00:00-05:00,31.5,36.45000076293945,31.5,36.0,10237,0.0,0.0
2024-01-09 00:00:00-05:00,37.5,38.099998474121094,31.950000762939453,33.75,10865,0.0,0.0
2024-01-10 00:00:00-05:00,33.150001525878906,38.70000076293945,32.54999923706055,34.5,15028,0.0,0.0
2024-01-11 00:00:00-05:00,34.95000076293945,35.849998474121094,30.600000381469727,30.899999618530273,11239,0.0,0.0
2024-01-12 00:00:00-05:00,30.0,32.54999923706055,30.0,31.049999237060547,5705,0.0,0.0
2024-01-16 00:00:00-05:00,31.200000762939453,31.200000762939453,29.100000381469727,29.25,7344,0.0,0.0
2024-01-17 00:00:00-05:00,28.799999237060547,30.0,27.899999618530273,27.899999618530273,5639,0.0,0.0
2024-01-18 00:00:00-05:00,28.350000381469727,28.350000381469727,26.25,27.600000381469727,7810,0.0,0.0
2024-01-19 00:00:00-05:00,27.75,29.100000381469727,27.75,29.100000381469727,4580,0.0,0.0
2024-01-22 00:00:00-05:00,29.100000381469727,30.0,27.899999618530273,28.200000762939453,6755,0.0,0.0
2024-01-23 00:00:00-05:00,23.399999618530273,25.799999237060547,20.399999618530273,20.850000381469727,54586,0.0,0.0
2024-01-24 00:00:00-05:00,21.0,21.600000381469727,20.25,20.399999618530273,27107,0.0,0.0
2024-01-25 00:00:00-05:00,20.549999237060547,21.0,20.25,20.549999237060547,21429,0.0,0.0
2024-01-26 00:00:00-05:00,20.700000762939453,21.600000381469727,19.799999237060547,20.549999237060547,12193,0.0,0.0
2024-01-29 00:00:00-05:00,21.0,21.0,18.0,19.049999237060547,15191,0.0,0.0
2024-01-30 00:00:00-05:00,19.350000381469727,19.950000762939453,19.200000762939453,19.350000381469727,17702,0.0,0.0
2024-01-31 00:00:00-05:00,20.850000381469727,21.0,19.200000762939453,19.5,16973,0.0,0.0
2024-02-01 00:00:00-05:00,19.049999237060547,19.5,16.799999237060547,17.700000762939453,13542,0.0,0.0
2024-02-02 00:00:00-05:00,18.149999618530273,18.149999618530273,16.5,16.950000762939453,11135,0.0,0.0
2024-02-05 00:00:00-05:00,17.25,18.299999237060547,16.950000762939453,17.100000381469727,11599,0.0,0.0
2024-02-06 00:00:00-05:00,17.549999237060547,17.549999237060547,16.799999237060547,17.100000381469727,5285,0.0,0.0
2024-02-07 00:00:00-05:00,17.100000381469727,17.25,16.5,16.799999237060547,9177,0.0,0.0
2024-02-08 00:00:00-05:00,17.25,17.25,16.5,16.5,6528,0.0,0.0
2024-02-09 00:00:00-05:00,16.5,16.950000762939453,16.5,16.799999237060547,18136,0.0,0.0
2024-02-12 00:00:00-05:00,16.649999618530273,17.25,16.200000762939453,16.5,22760,0.0,0.0
2024-02-13 00:00:00-05:00,16.649999618530273,17.850000381469727,16.5,16.950000762939453,6625,0.0,0.0
2024-02-14 00:00:00-05:00,18.0,18.450000762939453,17.25,18.299999237060547,21428,0.0,0.0
2024-02-15 00:00:00-05:00,17.700000762939453,18.75,17.700000762939453,18.149999618530273,6377,0.0,0.0
2024-02-16 00:00:00-05:00,18.450000762939453,18.600000381469727,17.700000762939453,18.299999237060547,7829,0.0,0.0
2024-02-20 00:00:00-05:00,19.5,19.5,16.649999618530273,17.25,18547,0.0,0.0
2024-02-21 00:00:00-05:00,16.799999237060547,18.0,16.799999237060547,17.700000762939453,9074,0.0,0.0
2024-02-22 00:00:00-05:00,17.549999237060547,17.850000381469727,17.100000381469727,17.700000762939453,11872,0.0,0.0
2024-02-23 00:00:00-05:00,17.700000762939453,17.850000381469727,17.25,17.700000762939453,9248,0.0,0.0
2024-02-26 00:00:00-05:00,16.5,17.700000762939453,16.5,16.799999237060547,7177,0.0,0.0
2024-02-27 00:00:00-05:00,16.950000762939453,17.25,16.649999618530273,16.799999237060547,10489,0.0,0.0
2024-02-28 00:00:00-05:00,18.0,18.75,16.649999618530273,16.799999237060547,10830,0.0,0.0
2024-02-29 00:00:00-05:00,18.0,18.299999237060547,16.950000762939453,16.950000762939453,13206,0.0,0.0
2024-03-01 00:00:00-05:00,16.950000762939453,17.549999237060547,16.950000762939453,16.950000762939453,8473,0.0,0.0
2024-03-04 00:00:00-05:00,17.700000762939453,17.700000762939453,16.5,17.100000381469727,9146,0.0,0.0
2024-03-05 00:00:00-05:00,17.100000381469727,17.549999237060547,15.300000190734863,16.200000762939453,12358,0.0,0.0
2024-03-06 00:00:00-05:00,15.0,16.649999618530273,15.0,16.049999237060547,8897,0.0,0.0
2024-03-07 00:00:00-05:00,16.049999237060547,16.5,15.75,15.899999618530273,13397,0.0,0.0
2024-03-08 00:00:00-05:00,16.5,16.5,15.149999618530273,15.149999618530273,14155,0.0,0.0
2024-03-11 00:00:00-04:00,15.899999618530273,16.049999237060547,15.0,15.600000381469727,15307,0.0,0.0
2024-03-12 00:00:00-04:00,15.899999618530273,15.899999618530273,15.300000190734863,15.300000190734863,9470,0.0,0.0
2024-03-13 00:00:00-04:00,16.200000762939453,16.5,15.449999809265137,15.449999809265137,9585,0.0,0.0
2024-03-14 00:00:00-04:00,16.049999237060547,16.200000762939453,13.800000190734863,14.25,25364,0.0,0.0
2024-03-15 00:00:00-04:00,14.550000190734863,15.75,13.949999809265137,14.399999618530273,15634,0.0,0.0
2024-03-18 00:00:00-04:00,16.350000381469727,16.350000381469727,14.699999809265137,15.0,15860,0.0,0.0
2024-03-19 00:00:00-04:00,14.25,15.449999809265137,14.25,15.149999618530273,10276,0.0,0.0
2024-03-20 00:00:00-04:00,15.0,16.5,15.0,15.600000381469727,11712,0.0,0.0
2024-03-21 00:00:00-04:00,15.75,16.200000762939453,15.0,15.449999809265137,14018,0.0,0.0
2024-03-22 00:00:00-04:00,15.600000381469727,15.75,15.0,15.300000190734863,10613,0.0,0.0
2024-03-25 00:00:00-04:00,15.449999809265137,15.600000381469727,15.0,15.600000381469727,7843,0.0,0.0
2024-03-26 00:00:00-04:00,16.5,16.5,15.149999618530273,15.449999809265137,4273,0.0,0.0
2024-03-27 00:00:00-04:00,15.149999618530273,15.600000381469727,15.0,15.300000190734863,4330,0.0,0.0
2024-03-28 00:00:00-04:00,15.300000190734863,15.600000381469727,14.399999618530273,14.399999618530273,8397,0.0,0.0
2024-04-01 00:00:00-04:00,14.850000381469727,15.0,14.25,14.25,6276,0.0,0.0
2024-04-02 00:00:00-04:00,14.550000190734863,14.550000190734863,13.649999618530273,14.100000381469727,6936,0.0,0.0
2024-04-03 00:00:00-04:00,13.5,13.949999809265137,12.75,13.050000190734863,12610,0.0,0.0
2024-04-04 00:00:00-04:00,13.5,13.649999618530273,12.75,13.5,18336,0.0,0.0
2024-04-05 00:00:00-04:00,12.0,12.899999618530273,11.399999618530273,11.850000381469727,68389,0.0,0.0
2024-04-08 00:00:00-04:00,12.0,12.75,11.25,11.399999618530273,19253,0.0,0.0
2024-04-09 00:00:00-04:00,11.25,11.699999809265137,11.25,11.699999809265137,16645,0.0,0.0
2024-04-10 00:00:00-04:00,12.899999618530273,14.069999694824219,9.34000015258789,9.760000228881836,231970,0.0,0.06666666666666667
2024-04-11 00:00:00-04:00,9.640000343322754,9.640000343322754,7.300000190734863,7.559999942779541,95300,0.0,0.0
2024-04-12 00:00:00-04:00,7.650000095367432,7.949999809265137,6.690000057220459,6.710000038146973,76910,0.0,0.0
2024-04-15 00:00:00-04:00,6.900000095367432,7.0,5.0,5.329999923706055,149620,0.0,0.0
2024-04-16 00:00:00-04:00,5.699999809265137,7.079999923706055,5.53000020980835,6.900000095367432,178830,0.0,0.0
2024-04-17 00:00:00-04:00,7.25,7.25,6.599999904632568,6.619999885559082,64050,0.0,0.0
2024-04-18 00:00:00-04:00,6.690000057220459,6.690000057220459,6.0,6.550000190734863,43090,0.0,0.0
2024-04-19 00:00:00-04:00,6.489999771118164,7.300000190734863,6.309999942779541,6.980000019073486,90030,0.0,0.0
2024-04-22 00:00:00-04:00,7.099999904632568,7.989999771118164,6.699999809265137,6.889999866485596,47590,0.0,0.0
2024-04-23 00:00:00-04:00,6.900000095367432,6.900000095367432,6.5,6.670000076293945,12140,0.0,0.0
2024-04-24 00:00:00-04:00,6.53000020980835,7.0,6.519999980926514,6.699999809265137,29220,0.0,0.0
2024-04-25 00:00:00-04:00,6.599999904632568,6.929999828338623,6.519999980926514,6.53000020980835,18790,0.0,0.0
2024-04-26 00:00:00-04:00,6.900000095367432,6.900000095367432,6.369999885559082,6.619999885559082,9390,0.0,0.0
2024-04-29 00:00:00-04:00,6.610000133514404,6.769999980926514,5.570000171661377,6.260000228881836,32150,0.0,0.0
2024-04-30 00:00:00-04:00,6.260000228881836,6.400000095367432,5.840000152587891,6.050000190734863,12050,0.0,0.0
2024-05-01 00:00:00-04:00,5.96999979019165,6.300000190734863,5.96999979019165,6.059999942779541,4230,0.0,0.0
2024-05-02 00:00:00-04:00,6.099999904632568,6.5,6.010000228881836,6.440000057220459,21640,0.0,0.0
2024-05-03 00:00:00-04:00,6.400000095367432,6.940000057220459,6.21999979019165,6.800000190734863,18430,0.0,0.0
2024-05-06 00:00:00-04:00,6.900000095367432,7.050000190734863,6.599999904632568,6.730000019073486,17310,0.0,0.0
2024-05-07 00:00:00-04:00,6.690000057220459,6.900000095367432,6.0,6.090000152587891,36690,0.0,0.0
2024-05-08 00:00:00-04:00,6.099999904632568,6.489999771118164,6.099999904632568,6.46999979019165,16300,0.0,0.0
2024-05-09 00:00:00-04:00,6.730000019073486,6.929999828338623,6.550000190734863,6.599999904632568,38490,0.0,0.0
2024-05-10 00:00:00-04:00,6.650000095367432,6.75,6.199999809265137,6.309999942779541,12400,0.0,0.0
2024-05-13 00:00:00-04:00,6.28000020980835,7.0,6.28000020980835,6.989999771118164,30870,0.0,0.0
2024-05-14 00:00:00-04:00,7.099999904632568,7.139999866485596,6.75,7.099999904632568,24410,0.0,0.0
2024-05-15 00:00:00-04:00,7.139999866485596,7.230000019073486,7.050000190734863,7.179999828338623,9910,0.0,0.0
2024-05-16 00:00:00-04:00,7.300000190734863,7.519999980926514,7.199999809265137,7.369999885559082,26100,0.0,0.0
2024-05-17 00:00:00-04:00,7.400000095367432,7.5,7.079999923706055,7.119999885559082,11090,0.0,0.0
2024-05-20 00:00:00-04:00,7.28000020980835,7.300000190734863,7.119999885559082,7.21999979019165,8100,0.0,0.0
2024-05-21 00:00:00-04:00,7.400000095367432,7.429999828338623,7.199999809265137,7.289999961853027,13420,0.0,0.0
2024-05-22 00:00:00-04:00,7.289999961853027,7.5,7.199999809265137,7.300000190734863,16810,0.0,0.0
2024-05-23 00:00:00-04:00,7.210000038146973,7.5,7.070000171661377,7.400000095367432,4090,0.0,0.0
2024-05-24 00:00:00-04:00,7.199999809265137,7.599999904632568,7.099999904632568,7.460000038146973,25380,0.0,0.0
2024-05-28 00:00:00-04:00,7.0,7.25,7.0,7.019999980926514,13580,0.0,0.0
2024-05-29 00:00:00-04:00,7.0,7.0,6.739999771118164,6.900000095367432,6000,0.0,0.0
2024-05-30 00:00:00-04:00,6.800000190734863,6.800000190734863,6.5,6.670000076293945,9820,0.0,0.0
2024-05-31 00:00:00-04:00,6.800000190734863,6.900000095367432,6.699999809265137,6.829999923706055,7850,0.0,0.0
2024-06-03 00:00:00-04:00,6.809999942779541,6.949999809265137,6.650000095367432,6.800000190734863,3440,0.0,0.0
2024-06-04 00:00:00-04:00,6.849999904632568,6.849999904632568,6.329999923706055,6.400000095367432,7250,0.0,0.0
2024-06-05 00:00:00-04:00,6.639999866485596,6.639999866485596,6.110000133514404,6.360000133514404,8040,0.0,0.0
2024-06-06 00:00:00-04:00,6.300000190734863,6.300000190734863,5.820000171661377,5.900000095367432,7410,0.0,0.0
2024-06-07 00:00:00-04:00,6.0,6.480000019073486,5.849999904632568,6.130000114440918,23590,0.0,0.0
2024-06-10 00:00:00-04:00,6.449999809265137,6.489999771118164,6.010000228881836,6.079999923706055,9920,0.0,0.0
2024-06-11 00:00:00-04:00,6.0,6.099999904632568,5.71999979019165,5.800000190734863,9580,0.0,0.0
2024-06-12 00:00:00-04:00,5.800000190734863,5.800000190734863,5.170000076293945,5.400000095367432,33410,0.0,0.0
2024-06-13 00:00:00-04:00,5.579999923706055,5.679999828338623,5.260000228881836,5.429999828338623,18880,0.0,0.0
2024-06-14 00:00:00-04:00,5.309999942779541,5.5,5.25,5.389999866485596,33800,0.0,0.0
2024-06-17 00:00:00-04:00,5.400000095367432,6.380000114440918,5.360000133514404,5.849999904632568,27200,0.0,0.0
2024-06-18 00:00:00-04:00,5.849999904632568,5.849999904632568,5.380000114440918,5.400000095367432,9810,0.0,0.0
2024-06-20 00:00:00-04:00,5.360000133514404,6.510000228881836,5.360000133514404,5.71999979019165,25630,0.0,0.0
2024-06-21 00:00:00-04:00,5.550000190734863,5.800000190734863,5.400000095367432,5.599999904632568,18140,0.0,0.0
2024-06-24 00:00:00-04:00,5.670000076293945,6.090000152587891,5.519999980926514,5.869999885559082,4270,0.0,0.0
2024-06-25 00:00:00-04:00,6.090000152587891,6.400000095367432,5.429999828338623,5.679999828338623,28960,0.0,0.0
2024-06-26 00:00:00-04:00,5.900000095367432,5.900000095367432,5.320000171661377,5.46999979019165,27030,0.0,0.0
2024-06-27 00:00:00-04:00,5.409999847412109,6.090000152587891,5.409999847412109,5.900000095367432,19310,0.0,0.0
2024-06-28 00:00:00-04:00,5.800000190734863,6.199999809265137,5.800000190734863,5.949999809265137,34100,0.0,0.0
2024-07-01 00:00:00-04:00,6.199999809265137,6.400000095367432,5.800000190734863,5.900000095367432,43380,0.0,0.0
2024-07-02 00:00:00-04:00,5.900000095367432,6.230000019073486,5.5,5.900000095367432,35390,0.0,0.0
2024-07-03 00:00:00-04:00,5.889999866485596,5.889999866485596,5.21999979019165,5.389999866485596,48200,0.0,0.1
2024-07-05 00:00:00-04:00,5.289999961853027,5.369999885559082,4.929999828338623,5.019999980926514,30600,0.0,0.0
2024-07-08 00:00:00-04:00,5.03000020980835,5.039999961853027,4.630000114440918,4.650000095367432,73200,0.0,0.0
2024-07-09 00:00:00-04:00,4.769999980926514,4.776000022888184,4.340000152587891,4.340000152587891,42800,0.0,0.0
2024-07-10 00:00:00-04:00,4.429999828338623,4.489999771118164,4.159999847412109,4.340000152587891,90300,0.0,0.0
2024-07-11 00:00:00-04:00,4.480000019073486,4.840000152587891,4.309999942779541,4.769999980926514,84000,0.0,0.0
2024-07-12 00:00:00-04:00,4.929999828338623,5.440000057220459,4.579999923706055,5.050000190734863,117400,0.0,0.0
2024-07-15 00:00:00-04:00,5.300000190734863,5.989999771118164,5.25,5.949999809265137,162100,0.0,0.0
2024-07-16 00:00:00-04:00,5.980000019073486,7.460000038146973,5.849999904632568,7.25,88400,0.0,0.0
2024-07-17 00:00:00-04:00,7.0,7.0,6.260000228881836,6.559999942779541,74900,0.0,0.0
2024-07-18 00:00:00-04:00,6.739999771118164,6.980000019073486,6.570000171661377,6.71999979019165,28400,0.0,0.0
2024-07-19 00:00:00-04:00,7.0,7.177999973297119,6.730000019073486,6.815000057220459,38500,0.0,0.0
2024-07-22 00:00:00-04:00,6.739999771118164,7.800000190734863,6.679999828338623,6.994999885559082,68300,0.0,0.0
2024-07-23 00:00:00-04:00,7.210000038146973,7.53000020980835,6.755000114440918,7.510000228881836,18200,0.0,0.0
2024-07-24 00:00:00-04:00,7.519999980926514,7.65500020980835,7.28000020980835,7.455999851226807,25300,0.0,0.0
2024-07-25 00:00:00-04:00,7.639999866485596,8.069999694824219,7.449999809265137,7.449999809265137,31200,0.0,0.0
2024-07-26 00:00:00-04:00,7.800000190734863,8.029999732971191,7.599999904632568,7.840000152587891,22900,0.0,0.0
2024-07-29 00:00:00-04:00,8.079999923706055,8.619999885559082,7.939000129699707,8.407999992370605,54500,0.0,0.0
2024-07-30 00:00:00-04:00,8.744999885559082,9.260000228881836,8.33899974822998,8.475000381469727,79500,0.0,0.0
2024-07-31 00:00:00-04:00,8.619999885559082,8.831000328063965,7.776000022888184,7.954999923706055,34500,0.0,0.0
2024-08-01 00:00:00-04:00,7.960000038146973,8.449999809265137,7.5,7.769999980926514,10800,0.0,0.0
2024-08-02 00:00:00-04:00,7.449999809265137,8.09000015258789,7.059999942779541,7.210000038146973,17400,0.0,0.0
2024-08-05 00:00:00-04:00,6.5,7.0,6.453000068664551,7.0,18800,0.0,0.0
2024-08-06 00:00:00-04:00,7.0,7.464000225067139,6.979000091552734,7.159999847412109,6700,0.0,0.0
2024-08-07 00:00:00-04:00,7.199999809265137,7.989999771118164,7.199999809265137,7.829999923706055,44500,0.0,0.0
2024-08-08 00:00:00-04:00,7.829999923706055,8.119999885559082,7.659999847412109,7.900000095367432,66400,0.0,0.0
2024-08-09 00:00:00-04:00,8.25,10.3100004196167,8.25,10.100000381469727,63200,0.0,0.0
2024-08-12 00:00:00-04:00,10.489999771118164,14.899999618530273,10.444999694824219,12.600000381469727,519400,0.0,0.0
2024-08-13 00:00:00-04:00,12.850000381469727,14.0,11.819999694824219,12.739999771118164,214700,0.0,0.0
2024-08-14 00:00:00-04:00,12.90999984741211,13.800000190734863,12.510000228881836,12.960000038146973,81700,0.0,0.0
2024-08-15 00:00:00-04:00,13.359999656677246,13.369999885559082,12.734999656677246,13.0600004196167,35400,0.0,0.0
2024-08-16 00:00:00-04:00,13.550000190734863,15.25,13.0600004196167,15.25,114300,0.0,0.0
2024-08-19 00:00:00-04:00,15.25,17.940000534057617,15.25,17.709999084472656,125400,0.0,0.0
2024-08-20 00:00:00-04:00,17.709999084472656,22.309999465942383,16.920000076293945,20.6299991607666,127500,0.0,0.0
2024-08-21 00:00:00-04:00,21.459999084472656,21.799999237060547,17.200000762939453,20.5,121800,0.0,0.0
2024-08-22 00:00:00-04:00,20.139999389648438,24.8799991607666,20.139999389648438,21.510000228881836,146500,0.0,0.0
2024-08-23 00:00:00-04:00,23.450000762939453,24.899999618530273,20.90999984741211,21.6299991607666,94700,0.0,0.0
2024-08-26 00:00:00-04:00,21.6299991607666,26.75,20.600000381469727,24.190000534057617,160400,0.0,0.0
2024-08-27 00:00:00-04:00,24.0,26.18000030517578,22.187999725341797,23.510000228881836,83800,0.0,0.0
2024-08-28 00:00:00-04:00,23.209999084472656,23.209999084472656,18.295000076293945,21.350000381469727,132800,0.0,0.0
2024-08-29 00:00:00-04:00,21.239999771118164,22.690000534057617,20.649999618530273,21.860000610351562,42300,0.0,0.0
2024-08-30 00:00:00-04:00,21.700000762939453,22.222000122070312,21.110000610351562,21.389999389648438,36200,0.0,0.0
2024-09-03 00:00:00-04:00,21.1299991607666,22.010000228881836,21.1299991607666,21.170000076293945,24800,0.0,0.0
2024-09-04 00:00:00-04:00,21.170000076293945,23.360000610351562,21.0,23.190000534057617,64600,0.0,0.0
2024-09-05 00:00:00-04:00,23.5,24.489999771118164,21.75,22.030000686645508,39600,0.0,0.0
2024-09-06 00:00:00-04:00,22.049999237060547,23.0,20.93000030517578,21.3799991607666,32300,0.0,0.0
2024-09-09 00:00:00-04:00,21.56999969482422,21.56999969482422,20.700000762939453,20.850000381469727,39100,0.0,0.0
2024-09-10 00:00:00-04:00,20.850000381469727,21.15999984741211,20.260000228881836,21.09000015258789,26300,0.0,0.0
2024-09-11 00:00:00-04:00,20.5,23.219999313354492,20.5,23.139999389648438,46000,0.0,0.0
2024-09-12 00:00:00-04:00,22.729999542236328,23.541000366210938,22.6200008392334,22.6200008392334,24300,0.0,0.0
2024-09-13 00:00:00-04:00,22.709999084472656,26.399999618530273,22.690000534057617,25.190000534057617,104600,0.0,0.0
2024-09-16 00:00:00-04:00,25.899999618530273,25.899999618530273,24.065000534057617,25.0,40600,0.0,0.0
2024-09-17 00:00:00-04:00,25.0,25.80500030517578,24.5,25.049999237060547,42900,0.0,0.0
2024-09-18 00:00:00-04:00,26.09000015258789,26.149999618530273,24.5,24.860000610351562,77500,0.0,0.0
2024-09-19 00:00:00-04:00,25.5,25.80299949645996,24.43000030517578,25.170000076293945,94400,0.0,0.0
2024-09-20 00:00:00-04:00,25.020000457763672,25.860000610351562,24.0,24.5,56900,0.0,0.0
2024-09-23 00:00:00-04:00,24.5,24.75,21.760000228881836,22.424999237060547,43400,0.0,0.0
2024-09-24 00:00:00-04:00,22.440000534057617,23.049999237060547,19.549999237060547,20.0,106500,0.0,0.0
2024-09-25 00:00:00-04:00,19.40999984741211,19.882999420166016,18.610000610351562,18.670000076293945,107500,0.0,0.0
2024-09-26 00:00:00-04:00,18.65999984741211,19.024999618530273,17.510000228881836,18.5,93900,0.0,0.0
2024-09-27 00:00:00-04:00,18.559999465942383,20.030000686645508,18.040000915527344,19.5,40200,0.0,0.0
2024-09-30 00:00:00-04:00,19.1299991607666,21.979999542236328,18.775999069213867,21.700000762939453,41300,0.0,0.0
2024-10-01 00:00:00-04:00,21.1200008392334,22.5,20.010000228881836,20.559999465942383,44900,0.0,0.0
2024-10-02 00:00:00-04:00,20.399999618530273,22.0,20.200000762939453,21.610000610351562,47000,0.0,0.0
2024-10-03 00:00:00-04:00,20.010000228881836,21.979999542236328,20.010000228881836,20.600000381469727,16100,0.0,0.0
2024-10-04 00:00:00-04:00,21.190000534057617,21.8700008392334,20.40999984741211,21.8700008392334,48100,0.0,0.0
2024-10-07 00:00:00-04:00,21.670000076293945,22.06999969482422,19.6200008392334,20.559999465942383,61700,0.0,0.0
2024-10-08 00:00:00-04:00,20.84000015258789,20.84000015258789,19.209999084472656,19.540000915527344,22800,0.0,0.0
2024-10-09 00:00:00-04:00,19.850000381469727,19.989999771118164,17.65999984741211,18.56999969482422,88100,0.0,0.0
2024-10-10 00:00:00-04:00,18.329999923706055,19.0,17.75,18.920000076293945,11700,0.0,0.0
2024-10-11 00:00:00-04:00,18.889999389648438,20.979999542236328,18.889999389648438,19.790000915527344,45100,0.0,0.0
2024-10-14 00:00:00-04:00,20.0,20.450000762939453,18.450000762939453,19.299999237060547,40100,0.0,0.0
2024-10-15 00:00:00-04:00,18.73200035095215,21.579999923706055,18.73200035095215,21.469999313354492,80000,0.0,0.0
2024-10-16 00:00:00-04:00,21.200000762939453,23.22100067138672,20.989999771118164,22.489999771118164,76300,0.0,0.0
2024-10-17 00:00:00-04:00,22.639999389648438,22.65399932861328,21.440000534057617,22.219999313354492,43100,0.0,0.0
2024-10-18 00:00:00-04:00,21.780000686645508,22.93000030517578,21.450000762939453,22.299999237060547,31800,0.0,0.0
2024-10-21 00:00:00-04:00,22.010000228881836,22.8700008392334,21.649999618530273,22.31999969482422,57900,0.0,0.0
2024-10-22 00:00:00-04:00,22.25,24.81999969482422,22.100000381469727,24.81999969482422,56200,0.0,0.0
2024-10-23 00:00:00-04:00,24.690000534057617,24.690000534057617,23.020000457763672,23.610000610351562,41400,0.0,0.0
2024-10-24 00:00:00-04:00,23.700000762939453,24.600000381469727,22.905000686645508,24.579999923706055,48200,0.0,0.0
2024-10-25 00:00:00-04:00,24.8700008392334,25.479999542236328,23.770000457763672,24.290000915527344,48900,0.0,0.0
2024-10-28 00:00:00-04:00,24.190000534057617,24.6299991607666,23.420000076293945,24.0,47000,0.0,0.0
2024-10-29 00:00:00-04:00,23.700000762939453,24.40999984741211,21.549999237060547,22.100000381469727,64500,0.0,0.0
2024-10-30 00:00:00-04:00,22.510000228881836,24.110000610351562,21.84000015258789,23.540000915527344,47400,0.0,0.0
2024-10-31 00:00:00-04:00,23.68000030517578,24.639999389648438,21.799999237060547,22.290000915527344,49800,0.0,0.0
2024-11-01 00:00:00-04:00,22.229999542236328,23.270000457763672,21.655000686645508,22.600000381469727,46700,0.0,0.0
2024-11-04 00:00:00-05:00,23.100000381469727,24.700000762939453,22.600000381469727,23.040000915527344,49000,0.0,0.0
2024-11-05 00:00:00-05:00,23.05500030517578,25.43000030517578,22.850000381469727,25.0,51200,0.0,0.0
2024-11-06 00:00:00-05:00,25.920000076293945,27.540000915527344,24.56999969482422,27.170000076293945,49700,0.0,0.0
2024-11-07 00:00:00-05:00,27.170000076293945,29.639999389648438,26.9950008392334,28.889999389648438,67100,0.0,0.0
2024-11-08 00:00:00-05:00,29.299999237060547,34.89799880981445,27.19700050354004,31.559999465942383,151500,0.0,0.0
2024-11-11 00:00:00-05:00,31.549999237060547,32.4900016784668,25.860000610351562,27.90999984741211,99800,0.0,0.0
2024-11-12 00:00:00-05:00,30.0,37.560001373291016,29.277000427246094,37.560001373291016,232700,0.0,0.0
2024-11-13 00:00:00-05:00,36.290000915527344,38.0,32.20000076293945,32.61000061035156,100100,0.0,0.0
2024-11-14 00:00:00-05:00,32.27000045776367,33.97999954223633,30.290000915527344,31.329999923706055,71300,0.0,0.0
2024-11-15 00:00:00-05:00,29.790000915527344,32.349998474121094,27.510000228881836,28.700000762939453,50200,0.0,0.0
2024-11-18 00:00:00-05:00,29.200000762939453,31.1299991607666,27.959999084472656,28.100000381469727,61200,0.0,0.0
2024-11-19 00:00:00-05:00,27.829999923706055,29.614999771118164,27.290000915527344,28.780000686645508,31400,0.0,0.0
2024-11-20 00:00:00-05:00,28.489999771118164,31.291000366210938,28.489999771118164,30.329999923706055,53200,0.0,0.0
2024-11-21 00:00:00-05:00,30.170000076293945,32.54499816894531,29.43000030517578,31.889999389648438,57100,0.0,0.0
2024-11-22 00:00:00-05:00,32.189998626708984,33.09000015258789,31.479999542236328,32.90999984741211,23400,0.0,0.0
2024-11-25 00:00:00-05:00,33.560001373291016,35.5,33.5099983215332,34.220001220703125,32200,0.0,0.0
2024-11-26 00:00:00-05:00,34.20000076293945,35.46099853515625,33.5099983215332,35.0,51600,0.0,0.0
2024-11-27 00:00:00-05:00,33.5,36.91999816894531,33.20000076293945,36.91999816894531,49000,0.0,0.0
2024-11-29 00:00:00-05:00,37.58000183105469,38.779998779296875,36.847999572753906,37.20000076293945,27300,0.0,0.0
2024-12-02 00:00:00-05:00,37.20000076293945,37.7859992980957,36.680999755859375,37.58000183105469,17300,0.0,0.0
2024-12-03 00:00:00-05:00,37.2599983215332,40.68000030517578,36.5099983215332,38.5099983215332,85400,0.0,0.0
2024-12-04 00:00:00-05:00,39.029998779296875,41.439998626708984,38.06999969482422,39.130001068115234,73200,0.0,0.0
2024-12-05 00:00:00-05:00,39.130001068115234,39.900001525878906,35.5,35.86000061035156,37600,0.0,0.0
2024-12-06 00:00:00-05:00,36.36000061035156,37.84000015258789,35.803001403808594,37.84000015258789,45500,0.0,0.0
2024-12-09 00:00:00-05:00,37.709999084472656,38.2599983215332,35.65999984741211,38.189998626708984,18700,0.0,0.0
2024-12-10 00:00:00-05:00,38.56999969482422,38.56999969482422,34.47999954223633,35.939998626708984,65100,0.0,0.0
2024-12-11 00:00:00-05:00,35.939998626708984,35.939998626708984,32.970001220703125,33.33000183105469,65700,0.0,0.0
2024-12-12 00:00:00-05:00,33.220001220703125,35.4900016784668,32.470001220703125,33.66999816894531,68200,0.0,0.0
2024-12-13 00:00:00-05:00,33.15999984741211,35.060001373291016,32.41999816894531,34.970001220703125,24100,0.0,0.0
2024-12-16 00:00:00-05:00,35.130001068115234,36.529998779296875,33.81999969482422,33.88999938964844,38800,0.0,0.0
2024-12-17 00:00:00-05:00,33.54999923706055,33.54999923706055,30.0,31.959999084472656,60300,0.0,0.0
2024-12-18 00:00:00-05:00,32.47999954223633,32.61000061035156,29.639999389648438,30.030000686645508,35200,0.0,0.0
2024-12-19 00:00:00-05:00,30.079999923706055,30.97599983215332,29.1200008392334,29.399999618530273,27200,0.0,0.0
2024-12-20 00:00:00-05:00,28.860000610351562,30.459999084472656,28.850000381469727,29.3799991607666,25300,0.0,0.0
2024-12-23 00:00:00-05:00,29.3799991607666,32.391998291015625,28.1200008392334,31.770000457763672,18300,0.0,0.0
2024-12-24 00:00:00-05:00,32.0,32.099998474121094,31.400999069213867,31.8700008392334,7700,0.0,0.0
2024-12-26 00:00:00-05:00,30.395000457763672,33.005001068115234,30.395000457763672,32.88999938964844,15200,0.0,0.0
2024-12-27 00:00:00-05:00,32.5,32.63999938964844,30.850000381469727,31.850000381469727,32900,0.0,0.0
2024-12-30 00:00:00-05:00,30.765499114990234,31.06999969482422,28.989999771118164,31.06999969482422,24386,0.0,0.0
