Date,Open,High,Low,Close,Volume,Dividends,Stock Splits
2022-01-03 00:00:00-05:00,22.93000030517578,23.8799991607666,22.527000427246094,23.670000076293945,178400,0.0,0.0
2022-01-04 00:00:00-05:00,23.81999969482422,23.84000015258789,22.454999923706055,22.940000534057617,348100,0.0,0.0
2022-01-05 00:00:00-05:00,22.940000534057617,23.280000686645508,21.350000381469727,21.459999084472656,223200,0.0,0.0
2022-01-06 00:00:00-05:00,21.459999084472656,21.90999984741211,20.881999969482422,21.350000381469727,132100,0.0,0.0
2022-01-07 00:00:00-05:00,21.299999237060547,21.600000381469727,20.780000686645508,20.90999984741211,243300,0.0,0.0
2022-01-10 00:00:00-05:00,20.81999969482422,20.899999618530273,19.959999084472656,20.799999237060547,128900,0.0,0.0
2022-01-11 00:00:00-05:00,20.719999313354492,21.524999618530273,19.927000045776367,20.520000457763672,78200,0.0,0.0
2022-01-12 00:00:00-05:00,20.829999923706055,20.90999984741211,19.65999984741211,19.8700008392334,102600,0.0,0.0
2022-01-13 00:00:00-05:00,19.93000030517578,19.93000030517578,18.639999389648438,18.729999542236328,149900,0.0,0.0
2022-01-14 00:00:00-05:00,18.389999389648438,19.920000076293945,18.100000381469727,19.860000610351562,101900,0.0,0.0
2022-01-18 00:00:00-05:00,19.739999771118164,20.0,18.84000015258789,18.8799991607666,59700,0.0,0.0
2022-01-19 00:00:00-05:00,18.950000762939453,19.799999237060547,18.885000228881836,19.260000228881836,66900,0.0,0.0
2022-01-20 00:00:00-05:00,19.540000915527344,19.989999771118164,18.639999389648438,18.770000457763672,111300,0.0,0.0
2022-01-21 00:00:00-05:00,18.520000457763672,18.84000015258789,17.979999542236328,18.56999969482422,234800,0.0,0.0
2022-01-24 00:00:00-05:00,18.010000228881836,18.6200008392334,17.59000015258789,18.459999084472656,217400,0.0,0.0
2022-01-25 00:00:00-05:00,18.1200008392334,19.260000228881836,17.75,18.799999237060547,109700,0.0,0.0
2022-01-26 00:00:00-05:00,19.09000015258789,19.84000015258789,18.149999618530273,18.440000534057617,117700,0.0,0.0
2022-01-27 00:00:00-05:00,18.59000015258789,19.375,17.209999084472656,17.420000076293945,158000,0.0,0.0
2022-01-28 00:00:00-05:00,17.469999313354492,17.53499984741211,16.329999923706055,17.510000228881836,125300,0.0,0.0
2022-01-31 00:00:00-05:00,17.469999313354492,18.520000457763672,17.469999313354492,18.389999389648438,408400,0.0,0.0
2022-02-01 00:00:00-05:00,18.389999389648438,18.600000381469727,17.65999984741211,18.290000915527344,836100,0.0,0.0
2022-02-02 00:00:00-05:00,18.350000381469727,18.350000381469727,17.049999237060547,17.15999984741211,111400,0.0,0.0
2022-02-03 00:00:00-05:00,16.899999618530273,17.15999984741211,16.360000610351562,16.719999313354492,163800,0.0,0.0
2022-02-04 00:00:00-05:00,16.780000686645508,17.545000076293945,16.225000381469727,16.969999313354492,118300,0.0,0.0
2022-02-07 00:00:00-05:00,16.989999771118164,18.43000030517578,16.899999618530273,18.0,746800,0.0,0.0
2022-02-08 00:00:00-05:00,17.889999389648438,18.290000915527344,17.59000015258789,17.969999313354492,86600,0.0,0.0
2022-02-09 00:00:00-05:00,18.079999923706055,19.424999237060547,18.079999923706055,19.030000686645508,135000,0.0,0.0
2022-02-10 00:00:00-05:00,18.690000534057617,19.450000762939453,18.290000915527344,18.549999237060547,133700,0.0,0.0
2022-02-11 00:00:00-05:00,18.600000381469727,19.170000076293945,18.09000015258789,18.479999542236328,79300,0.0,0.0
2022-02-14 00:00:00-05:00,18.579999923706055,19.6299991607666,18.360000610351562,19.3799991607666,328800,0.0,0.0
2022-02-15 00:00:00-05:00,19.670000076293945,20.78499984741211,19.670000076293945,20.0,159900,0.0,0.0
2022-02-16 00:00:00-05:00,20.030000686645508,20.030000686645508,19.1200008392334,19.350000381469727,130300,0.0,0.0
2022-02-17 00:00:00-05:00,19.200000762939453,19.299999237060547,18.469999313354492,18.690000534057617,110400,0.0,0.0
2022-02-18 00:00:00-05:00,18.520000457763672,19.030000686645508,18.049999237060547,18.270000457763672,176100,0.0,0.0
2022-02-22 00:00:00-05:00,18.200000762939453,19.0,18.010000228881836,18.270000457763672,285400,0.0,0.0
2022-02-23 00:00:00-05:00,20.5,20.549999237060547,19.290000915527344,19.5,910300,0.0,0.0
2022-02-24 00:00:00-05:00,18.760000228881836,20.549999237060547,18.260000228881836,20.459999084472656,736200,0.0,0.0
2022-02-25 00:00:00-05:00,20.579999923706055,21.309999465942383,20.049999237060547,20.549999237060547,206400,0.0,0.0
2022-02-28 00:00:00-05:00,20.420000076293945,20.8799991607666,20.075000762939453,20.510000228881836,743000,0.0,0.0
2022-03-01 00:00:00-05:00,20.43000030517578,21.110000610351562,19.790000915527344,20.239999771118164,680300,0.0,0.0
2022-03-02 00:00:00-05:00,20.459999084472656,21.0,19.81999969482422,20.90999984741211,154900,0.0,0.0
2022-03-03 00:00:00-05:00,20.979999542236328,21.459999084472656,20.0,20.489999771118164,1098500,0.0,0.0
2022-03-04 00:00:00-05:00,20.1299991607666,20.610000610351562,20.100000381469727,20.600000381469727,182600,0.0,0.0
2022-03-07 00:00:00-05:00,20.600000381469727,21.3799991607666,20.479999542236328,21.049999237060547,212200,0.0,0.0
2022-03-08 00:00:00-05:00,21.219999313354492,21.93000030517578,20.65999984741211,21.260000228881836,162900,0.0,0.0
2022-03-09 00:00:00-05:00,21.540000915527344,22.489999771118164,21.540000915527344,22.309999465942383,230000,0.0,0.0
2022-03-10 00:00:00-05:00,22.049999237060547,22.80500030517578,21.784000396728516,22.65999984741211,191100,0.0,0.0
2022-03-11 00:00:00-05:00,22.790000915527344,23.360000610351562,22.110000610351562,22.239999771118164,121800,0.0,0.0
2022-03-14 00:00:00-04:00,22.350000381469727,22.579999923706055,21.44499969482422,21.610000610351562,229900,0.0,0.0
2022-03-15 00:00:00-04:00,21.780000686645508,22.454999923706055,21.3799991607666,22.25,183400,0.0,0.0
2022-03-16 00:00:00-04:00,22.479999542236328,22.94499969482422,21.709999084472656,22.649999618530273,224200,0.0,0.0
2022-03-17 00:00:00-04:00,22.489999771118164,24.170000076293945,22.489999771118164,24.020000457763672,282300,0.0,0.0
2022-03-18 00:00:00-04:00,23.979999542236328,25.440000534057617,23.90999984741211,24.079999923706055,1674200,0.0,0.0
2022-03-21 00:00:00-04:00,24.190000534057617,24.200000762939453,22.6299991607666,22.809999465942383,286600,0.0,0.0
2022-03-22 00:00:00-04:00,23.09000015258789,24.540000915527344,21.760000228881836,23.329999923706055,232600,0.0,0.0
2022-03-23 00:00:00-04:00,23.270000457763672,24.110000610351562,22.858999252319336,23.329999923706055,143300,0.0,0.0
2022-03-24 00:00:00-04:00,23.399999618530273,25.6299991607666,23.020000457763672,25.100000381469727,478800,0.0,0.0
2022-03-25 00:00:00-04:00,25.100000381469727,26.56999969482422,24.8799991607666,25.75,311700,0.0,0.0
2022-03-28 00:00:00-04:00,26.030000686645508,26.75,24.8799991607666,25.760000228881836,314100,0.0,0.0
2022-03-29 00:00:00-04:00,25.969999313354492,27.15999984741211,25.079999923706055,25.75,357200,0.0,0.0
2022-03-30 00:00:00-04:00,25.690000534057617,26.649999618530273,25.690000534057617,26.06999969482422,379000,0.0,0.0
2022-03-31 00:00:00-04:00,26.1299991607666,27.229999542236328,25.729999542236328,26.989999771118164,276800,0.0,0.0
2022-04-01 00:00:00-04:00,27.06999969482422,29.600000381469727,27.010000228881836,29.399999618530273,493900,0.0,0.0
2022-04-04 00:00:00-04:00,29.639999389648438,30.229999542236328,29.104999542236328,29.959999084472656,301700,0.0,0.0
2022-04-05 00:00:00-04:00,30.239999771118164,30.851999282836914,29.530000686645508,29.81999969482422,201200,0.0,0.0
2022-04-06 00:00:00-04:00,29.5,30.6200008392334,29.299999237060547,30.34000015258789,300900,0.0,0.0
2022-04-07 00:00:00-04:00,30.170000076293945,30.94499969482422,29.059999465942383,29.1299991607666,292300,0.0,0.0
2022-04-08 00:00:00-04:00,28.760000228881836,29.405000686645508,26.139999389648438,26.530000686645508,880200,0.0,0.0
2022-04-11 00:00:00-04:00,26.559999465942383,26.559999465942383,24.68000030517578,25.399999618530273,238000,0.0,0.0
2022-04-12 00:00:00-04:00,25.510000228881836,25.889999389648438,24.670000076293945,25.06999969482422,113200,0.0,0.0
2022-04-13 00:00:00-04:00,25.1299991607666,26.329999923706055,24.989999771118164,26.020000457763672,183500,0.0,0.0
2022-04-14 00:00:00-04:00,25.739999771118164,26.309999465942383,25.5,26.030000686645508,133100,0.0,0.0
2022-04-18 00:00:00-04:00,25.829999923706055,26.0,25.2450008392334,25.670000076293945,228300,0.0,0.0
2022-04-19 00:00:00-04:00,25.649999618530273,26.549999237060547,25.264999389648438,26.25,171100,0.0,0.0
2022-04-20 00:00:00-04:00,26.43000030517578,26.43000030517578,25.760000228881836,26.079999923706055,175300,0.0,0.0
2022-04-21 00:00:00-04:00,26.350000381469727,26.59000015258789,24.8799991607666,24.940000534057617,216500,0.0,0.0
2022-04-22 00:00:00-04:00,24.809999465942383,25.15999984741211,24.280000686645508,24.469999313354492,201800,0.0,0.0
2022-04-25 00:00:00-04:00,24.15999984741211,25.559999465942383,24.15999984741211,25.520000457763672,167400,0.0,0.0
2022-04-26 00:00:00-04:00,25.34000015258789,25.690000534057617,24.639999389648438,24.790000915527344,227400,0.0,0.0
2022-04-27 00:00:00-04:00,24.729999542236328,24.93000030517578,23.93000030517578,24.09000015258789,161600,0.0,0.0
2022-04-28 00:00:00-04:00,24.31999969482422,24.40999984741211,23.110000610351562,24.15999984741211,223100,0.0,0.0
2022-04-29 00:00:00-04:00,23.899999618530273,25.420000076293945,23.899999618530273,25.110000610351562,219800,0.0,0.0
2022-05-02 00:00:00-04:00,25.079999923706055,26.079999923706055,25.020000457763672,25.8700008392334,161500,0.0,0.0
2022-05-03 00:00:00-04:00,25.65999984741211,25.969999313354492,24.90999984741211,25.030000686645508,414900,0.0,0.0
2022-05-04 00:00:00-04:00,25.010000228881836,25.030000686645508,22.950000762939453,24.270000457763672,257100,0.0,0.0
2022-05-05 00:00:00-04:00,24.0,24.0,21.584999084472656,22.399999618530273,279600,0.0,0.0
2022-05-06 00:00:00-04:00,22.549999237060547,23.700000762939453,20.829999923706055,21.229999542236328,417500,0.0,0.0
2022-05-09 00:00:00-04:00,20.65999984741211,21.6200008392334,19.469999313354492,20.0,752600,0.0,0.0
2022-05-10 00:00:00-04:00,20.40999984741211,20.979999542236328,19.084999084472656,19.790000915527344,279300,0.0,0.0
2022-05-11 00:00:00-04:00,19.559999465942383,19.795000076293945,18.104999542236328,18.579999923706055,348300,0.0,0.0
2022-05-12 00:00:00-04:00,18.309999465942383,18.68000030517578,17.899999618530273,18.479999542236328,229900,0.0,0.0
2022-05-13 00:00:00-04:00,18.829999923706055,19.989999771118164,18.829999923706055,19.799999237060547,214900,0.0,0.0
2022-05-16 00:00:00-04:00,19.84000015258789,21.145000457763672,19.75,20.6299991607666,206300,0.0,0.0
2022-05-17 00:00:00-04:00,21.059999465942383,22.405000686645508,20.809999465942383,22.209999084472656,355900,0.0,0.0
2022-05-18 00:00:00-04:00,21.790000915527344,22.68000030517578,21.260000228881836,21.700000762939453,191200,0.0,0.0
2022-05-19 00:00:00-04:00,21.40999984741211,21.809999465942383,19.92099952697754,20.170000076293945,301300,0.0,0.0
2022-05-20 00:00:00-04:00,20.510000228881836,21.0,19.700000762939453,20.100000381469727,231900,0.0,0.0
2022-05-23 00:00:00-04:00,19.940000534057617,20.229999542236328,19.385000228881836,19.59000015258789,129500,0.0,0.0
2022-05-24 00:00:00-04:00,19.3799991607666,19.860000610351562,18.190000534057617,19.309999465942383,339400,0.0,0.0
2022-05-25 00:00:00-04:00,19.209999084472656,19.424999237060547,18.760000228881836,19.209999084472656,180600,0.0,0.0
2022-05-26 00:00:00-04:00,19.219999313354492,19.43000030517578,18.559999465942383,18.639999389648438,166000,0.0,0.0
2022-05-27 00:00:00-04:00,18.770000457763672,19.969999313354492,18.010000228881836,19.81999969482422,153300,0.0,0.0
2022-05-31 00:00:00-04:00,19.65999984741211,19.90999984741211,18.459999084472656,18.790000915527344,318700,0.0,0.0
2022-06-01 00:00:00-04:00,18.90999984741211,19.059999465942383,17.940000534057617,18.040000915527344,196700,0.0,0.0
2022-06-02 00:00:00-04:00,18.15999984741211,18.93000030517578,17.719999313354492,18.65999984741211,172300,0.0,0.0
2022-06-03 00:00:00-04:00,18.700000762939453,19.84000015258789,18.540000915527344,19.389999389648438,182300,0.0,0.0
2022-06-06 00:00:00-04:00,19.610000610351562,19.770000457763672,17.3799991607666,17.979999542236328,354400,0.0,0.0
2022-06-07 00:00:00-04:00,17.709999084472656,19.850000381469727,17.709999084472656,19.670000076293945,272400,0.0,0.0
2022-06-08 00:00:00-04:00,19.40999984741211,20.2549991607666,17.81999969482422,18.450000762939453,301500,0.0,0.0
2022-06-09 00:00:00-04:00,18.450000762939453,18.989999771118164,17.940000534057617,18.709999084472656,124700,0.0,0.0
2022-06-10 00:00:00-04:00,18.290000915527344,18.290000915527344,17.6299991607666,18.0,108200,0.0,0.0
2022-06-13 00:00:00-04:00,17.43000030517578,17.579999923706055,16.459999084472656,16.889999389648438,333600,0.0,0.0
2022-06-14 00:00:00-04:00,16.709999084472656,17.479999542236328,16.139999389648438,17.09000015258789,301200,0.0,0.0
2022-06-15 00:00:00-04:00,17.299999237060547,17.760000228881836,16.389999389648438,16.700000762939453,252100,0.0,0.0
2022-06-16 00:00:00-04:00,16.299999237060547,16.559999465942383,15.734999656677246,16.5,285700,0.0,0.0
2022-06-17 00:00:00-04:00,16.670000076293945,18.700000762939453,16.670000076293945,18.299999237060547,656400,0.0,0.0
2022-06-21 00:00:00-04:00,18.280000686645508,18.959999084472656,17.979999542236328,18.389999389648438,247600,0.0,0.0
2022-06-22 00:00:00-04:00,18.09000015258789,19.670000076293945,18.09000015258789,19.350000381469727,245300,0.0,0.0
2022-06-23 00:00:00-04:00,19.239999771118164,19.8700008392334,19.030000686645508,19.65999984741211,169800,0.0,0.0
2022-06-24 00:00:00-04:00,19.649999618530273,19.989999771118164,19.3799991607666,19.649999618530273,601000,0.0,0.0
2022-06-27 00:00:00-04:00,19.5,19.760000228881836,18.950000762939453,19.639999389648438,194800,0.0,0.0
2022-06-28 00:00:00-04:00,19.510000228881836,19.510000228881836,18.110000610351562,18.549999237060547,203600,0.0,0.0
2022-06-29 00:00:00-04:00,18.329999923706055,19.43000030517578,18.079999923706055,19.34000015258789,147700,0.0,0.0
2022-06-30 00:00:00-04:00,19.0,19.9950008392334,18.950000762939453,18.989999771118164,246900,0.0,0.0
2022-07-01 00:00:00-04:00,18.8799991607666,18.989999771118164,18.25,18.299999237060547,281900,0.0,0.0
2022-07-05 00:00:00-04:00,18.18000030517578,19.8799991607666,18.18000030517578,19.25,563000,0.0,0.0
2022-07-06 00:00:00-04:00,19.18000030517578,19.8799991607666,18.479999542236328,19.110000610351562,314100,0.0,0.0
2022-07-07 00:00:00-04:00,19.18000030517578,19.8799991607666,18.989999771118164,19.299999237060547,361500,0.0,0.0
2022-07-08 00:00:00-04:00,19.299999237060547,19.59000015258789,18.610000610351562,18.90999984741211,231500,0.0,0.0
2022-07-11 00:00:00-04:00,18.719999313354492,19.489999771118164,18.270000457763672,19.079999923706055,268300,0.0,0.0
2022-07-12 00:00:00-04:00,19.209999084472656,19.350000381469727,18.21500015258789,19.049999237060547,265600,0.0,0.0
2022-07-13 00:00:00-04:00,18.719999313354492,21.299999237060547,18.489999771118164,21.15999984741211,474100,0.0,0.0
2022-07-14 00:00:00-04:00,21.06999969482422,21.93000030517578,20.78700065612793,21.5,242900,0.0,0.0
2022-07-15 00:00:00-04:00,21.68000030517578,22.549999237060547,21.030000686645508,22.469999313354492,248900,0.0,0.0
2022-07-18 00:00:00-04:00,22.850000381469727,23.149999618530273,21.71500015258789,21.760000228881836,186200,0.0,0.0
2022-07-19 00:00:00-04:00,21.889999389648438,23.34000015258789,21.889999389648438,23.280000686645508,127000,0.0,0.0
2022-07-20 00:00:00-04:00,23.40999984741211,24.540000915527344,23.1299991607666,23.700000762939453,154700,0.0,0.0
2022-07-21 00:00:00-04:00,23.780000686645508,24.770000457763672,23.600000381469727,24.6299991607666,174500,0.0,0.0
2022-07-22 00:00:00-04:00,24.790000915527344,24.899999618530273,23.700000762939453,23.709999084472656,175200,0.0,0.0
2022-07-25 00:00:00-04:00,23.670000076293945,24.329999923706055,23.200000762939453,24.139999389648438,146400,0.0,0.0
2022-07-26 00:00:00-04:00,24.200000762939453,24.864999771118164,23.459999084472656,24.350000381469727,209500,0.0,0.0
2022-07-27 00:00:00-04:00,24.309999465942383,25.649999618530273,23.9060001373291,25.59000015258789,159500,0.0,0.0
2022-07-28 00:00:00-04:00,25.760000228881836,26.190000534057617,24.670000076293945,25.860000610351562,164300,0.0,0.0
2022-07-29 00:00:00-04:00,25.639999389648438,25.950000762939453,24.600000381469727,25.600000381469727,195600,0.0,0.0
2022-08-01 00:00:00-04:00,25.389999389648438,26.18000030517578,24.25,24.65999984741211,191100,0.0,0.0
2022-08-02 00:00:00-04:00,24.6299991607666,24.899999618530273,24.209999084472656,24.670000076293945,168100,0.0,0.0
2022-08-03 00:00:00-04:00,25.079999923706055,25.96500015258789,24.56999969482422,24.600000381469727,120300,0.0,0.0
2022-08-04 00:00:00-04:00,24.8700008392334,25.2549991607666,24.690000534057617,25.0,163000,0.0,0.0
2022-08-05 00:00:00-04:00,24.860000610351562,26.299999237060547,24.360000610351562,26.18000030517578,226900,0.0,0.0
2022-08-08 00:00:00-04:00,26.469999313354492,28.135000228881836,26.209999084472656,27.5,302300,0.0,0.0
2022-08-09 00:00:00-04:00,27.93000030517578,27.959999084472656,26.0,27.25,174100,0.0,0.0
2022-08-10 00:00:00-04:00,27.790000915527344,29.65999984741211,27.739999771118164,29.280000686645508,249300,0.0,0.0
2022-08-11 00:00:00-04:00,29.270000457763672,30.077999114990234,27.790000915527344,27.81999969482422,258900,0.0,0.0
2022-08-12 00:00:00-04:00,28.010000228881836,30.229999542236328,27.700000762939453,29.100000381469727,401900,0.0,0.0
2022-08-15 00:00:00-04:00,29.100000381469727,30.950000762939453,29.06999969482422,29.139999389648438,331500,0.0,0.0
2022-08-16 00:00:00-04:00,29.1299991607666,29.360000610351562,28.110000610351562,28.450000762939453,187700,0.0,0.0
2022-08-17 00:00:00-04:00,28.149999618530273,28.899999618530273,28.0,28.309999465942383,365000,0.0,0.0
2022-08-18 00:00:00-04:00,28.100000381469727,28.43000030517578,27.360000610351562,28.290000915527344,302500,0.0,0.0
2022-08-19 00:00:00-04:00,27.950000762939453,29.1299991607666,27.290000915527344,29.010000228881836,216800,0.0,0.0
2022-08-22 00:00:00-04:00,28.530000686645508,30.260000228881836,28.260000228881836,29.979999542236328,589800,0.0,0.0
2022-08-23 00:00:00-04:00,30.170000076293945,31.5,30.139999389648438,31.389999389648438,306100,0.0,0.0
2022-08-24 00:00:00-04:00,31.31999969482422,32.4900016784668,30.780000686645508,32.2599983215332,232000,0.0,0.0
2022-08-25 00:00:00-04:00,32.63999938964844,33.81999969482422,30.459999084472656,31.09000015258789,612200,0.0,0.0
2022-08-26 00:00:00-04:00,30.959999084472656,31.649999618530273,29.350000381469727,29.489999771118164,200900,0.0,0.0
2022-08-29 00:00:00-04:00,29.110000610351562,30.940000534057617,28.899999618530273,30.389999389648438,207000,0.0,0.0
2022-08-30 00:00:00-04:00,30.34000015258789,30.3799991607666,28.079999923706055,28.440000534057617,154100,0.0,0.0
2022-08-31 00:00:00-04:00,28.329999923706055,29.43000030517578,27.770000457763672,29.139999389648438,292300,0.0,0.0
2022-09-01 00:00:00-04:00,29.020000457763672,30.170000076293945,28.479999542236328,29.989999771118164,301600,0.0,0.0
2022-09-02 00:00:00-04:00,30.219999313354492,30.81999969482422,29.530000686645508,29.719999313354492,164300,0.0,0.0
2022-09-06 00:00:00-04:00,30.200000762939453,31.280000686645508,29.6299991607666,30.889999389648438,308900,0.0,0.0
2022-09-07 00:00:00-04:00,30.979999542236328,31.742000579833984,29.799999237060547,30.260000228881836,501100,0.0,0.0
2022-09-08 00:00:00-04:00,30.06999969482422,32.29999923706055,30.06999969482422,32.0,334900,0.0,0.0
2022-09-09 00:00:00-04:00,32.349998474121094,32.58000183105469,31.700000762939453,31.889999389648438,590600,0.0,0.0
2022-09-12 00:00:00-04:00,31.93000030517578,32.45500183105469,30.43000030517578,32.22999954223633,234200,0.0,0.0
2022-09-13 00:00:00-04:00,31.600000381469727,32.06999969482422,30.790000915527344,31.049999237060547,188000,0.0,0.0
2022-09-14 00:00:00-04:00,31.059999465942383,33.20000076293945,31.0,33.099998474121094,765200,0.0,0.0
2022-09-15 00:00:00-04:00,33.099998474121094,34.479000091552734,32.650001525878906,34.38999938964844,903400,0.0,0.0
2022-09-16 00:00:00-04:00,33.709999084472656,34.2599983215332,32.959999084472656,34.06999969482422,1109500,0.0,0.0
2022-09-19 00:00:00-04:00,33.939998626708984,34.529998779296875,32.790000915527344,33.72999954223633,576200,0.0,0.0
2022-09-20 00:00:00-04:00,33.720001220703125,34.099998474121094,31.889999389648438,32.220001220703125,729100,0.0,0.0
2022-09-21 00:00:00-04:00,32.7400016784668,32.7400016784668,29.84000015258789,29.8799991607666,421700,0.0,0.0
2022-09-22 00:00:00-04:00,29.799999237060547,30.729999542236328,28.649999618530273,30.540000915527344,319900,0.0,0.0
2022-09-23 00:00:00-04:00,29.959999084472656,32.220001220703125,29.959999084472656,31.899999618530273,510200,0.0,0.0
2022-09-26 00:00:00-04:00,32.20000076293945,32.82699966430664,31.643999099731445,31.780000686645508,383600,0.0,0.0
2022-09-27 00:00:00-04:00,31.780000686645508,33.439998626708984,31.5,33.22999954223633,381500,0.0,0.0
2022-09-28 00:00:00-04:00,33.689998626708984,35.22999954223633,33.43199920654297,34.77000045776367,488200,0.0,0.0
2022-09-29 00:00:00-04:00,34.9900016784668,36.25,34.16999816894531,36.189998626708984,519800,0.0,0.0
2022-09-30 00:00:00-04:00,36.4900016784668,38.68000030517578,35.779998779296875,37.02000045776367,1392700,0.0,0.0
2022-10-03 00:00:00-04:00,37.29999923706055,37.29999923706055,35.099998474121094,35.439998626708984,355300,0.0,0.0
2022-10-04 00:00:00-04:00,35.59000015258789,36.0,32.869998931884766,33.15999984741211,697700,0.0,0.0
2022-10-05 00:00:00-04:00,32.939998626708984,35.400001525878906,32.900001525878906,34.400001525878906,603800,0.0,0.0
2022-10-06 00:00:00-04:00,34.130001068115234,35.880001068115234,33.41999816894531,35.84000015258789,537300,0.0,0.0
2022-10-07 00:00:00-04:00,35.650001525878906,36.154998779296875,34.029998779296875,34.2400016784668,382000,0.0,0.0
2022-10-10 00:00:00-04:00,34.880001068115234,34.880001068115234,33.33000183105469,33.84000015258789,321400,0.0,0.0
2022-10-11 00:00:00-04:00,33.79999923706055,34.742000579833984,31.600000381469727,32.0,751200,0.0,0.0
2022-10-12 00:00:00-04:00,31.940000534057617,32.560001373291016,31.280000686645508,31.690000534057617,422800,0.0,0.0
2022-10-13 00:00:00-04:00,6.659999847412109,7.449999809265137,6.099999904632568,6.474999904632568,19661000,0.0,0.0
2022-10-14 00:00:00-04:00,6.260000228881836,6.71999979019165,5.929999828338623,6.199999809265137,5678900,0.0,0.0
2022-10-17 00:00:00-04:00,6.139999866485596,6.849999904632568,6.119999885559082,6.789999961853027,2442900,0.0,0.0
2022-10-18 00:00:00-04:00,6.730000019073486,7.710000038146973,6.730000019073486,7.610000133514404,2187100,0.0,0.0
2022-10-19 00:00:00-04:00,7.409999847412109,7.699999809265137,7.190999984741211,7.409999847412109,1143700,0.0,0.0
2022-10-20 00:00:00-04:00,7.510000228881836,7.96999979019165,7.349999904632568,7.679999828338623,1510500,0.0,0.0
2022-10-21 00:00:00-04:00,7.679999828338623,7.800000190734863,6.860000133514404,7.010000228881836,1072000,0.0,0.0
2022-10-24 00:00:00-04:00,6.900000095367432,6.900000095367432,6.440000057220459,6.599999904632568,1192100,0.0,0.0
2022-10-25 00:00:00-04:00,6.630000114440918,7.260000228881836,6.579999923706055,7.099999904632568,977200,0.0,0.0
2022-10-26 00:00:00-04:00,7.099999904632568,7.329999923706055,6.820000171661377,6.940000057220459,1461100,0.0,0.0
2022-10-27 00:00:00-04:00,7.079999923706055,7.079999923706055,6.309999942779541,6.329999923706055,806800,0.0,0.0
2022-10-28 00:00:00-04:00,6.400000095367432,6.71999979019165,6.21999979019165,6.550000190734863,631000,0.0,0.0
2022-10-31 00:00:00-04:00,6.670000076293945,6.800000190734863,6.380000114440918,6.389999866485596,620400,0.0,0.0
2022-11-01 00:00:00-04:00,6.349999904632568,6.715000152587891,6.230000019073486,6.510000228881836,787900,0.0,0.0
2022-11-02 00:00:00-04:00,6.610000133514404,6.835000038146973,6.320000171661377,6.369999885559082,531200,0.0,0.0
2022-11-03 00:00:00-04:00,6.429999828338623,6.849999904632568,6.130000114440918,6.699999809265137,736200,0.0,0.0
2022-11-04 00:00:00-04:00,6.71999979019165,6.71999979019165,6.150000095367432,6.360000133514404,654400,0.0,0.0
2022-11-07 00:00:00-05:00,6.300000190734863,6.300000190734863,5.809999942779541,5.960000038146973,756900,0.0,0.0
2022-11-08 00:00:00-05:00,5.929999828338623,6.15500020980835,5.849999904632568,6.0,581700,0.0,0.0
2022-11-09 00:00:00-05:00,6.099999904632568,6.139999866485596,5.730000019073486,5.760000228881836,450100,0.0,0.0
2022-11-10 00:00:00-05:00,5.980000019073486,6.03000020980835,5.619999885559082,5.840000152587891,676000,0.0,0.0
2022-11-11 00:00:00-05:00,5.789999961853027,6.559999942779541,5.673999786376953,6.349999904632568,1255600,0.0,0.0
2022-11-14 00:00:00-05:00,6.639999866485596,6.739999771118164,6.170000076293945,6.179999828338623,923500,0.0,0.0
2022-11-15 00:00:00-05:00,6.360000133514404,6.449999809265137,5.769999980926514,5.889999866485596,842500,0.0,0.0
2022-11-16 00:00:00-05:00,5.96999979019165,5.96999979019165,5.619999885559082,5.78000020980835,668500,0.0,0.0
2022-11-17 00:00:00-05:00,5.760000228881836,6.050000190734863,5.679999828338623,6.0,829000,0.0,0.0
2022-11-18 00:00:00-05:00,6.130000114440918,6.28000020980835,5.849999904632568,5.940000057220459,466300,0.0,0.0
2022-11-21 00:00:00-05:00,5.960000038146973,5.960000038146973,5.599999904632568,5.730000019073486,318000,0.0,0.0
2022-11-22 00:00:00-05:00,5.71999979019165,5.75,5.460000038146973,5.650000095367432,541000,0.0,0.0
2022-11-23 00:00:00-05:00,5.650000095367432,5.739999771118164,5.21999979019165,5.25,419900,0.0,0.0
2022-11-25 00:00:00-05:00,5.340000152587891,5.340000152587891,5.119999885559082,5.25,527800,0.0,0.0
2022-11-28 00:00:00-05:00,5.25,5.440000057220459,4.860000133514404,4.900000095367432,553100,0.0,0.0
2022-11-29 00:00:00-05:00,4.860000133514404,4.889999866485596,4.5,4.590000152587891,650800,0.0,0.0
2022-11-30 00:00:00-05:00,4.539999961853027,4.809999942779541,4.539999961853027,4.650000095367432,1441800,0.0,0.0
2022-12-01 00:00:00-05:00,4.659999847412109,4.829999923706055,4.550000190734863,4.599999904632568,702200,0.0,0.0
2022-12-02 00:00:00-05:00,4.5,4.659999847412109,4.340000152587891,4.599999904632568,806200,0.0,0.0
2022-12-05 00:00:00-05:00,4.610000133514404,4.659999847412109,4.409999847412109,4.449999809265137,1170000,0.0,0.0
2022-12-06 00:00:00-05:00,4.409999847412109,4.440000057220459,4.179999828338623,4.199999809265137,728600,0.0,0.0
2022-12-07 00:00:00-05:00,4.210000038146973,4.25,4.090000152587891,4.159999847412109,697200,0.0,0.0
2022-12-08 00:00:00-05:00,2.450000047683716,2.484999895095825,1.809999942779541,2.1700000762939453,7094800,0.0,0.0
2022-12-09 00:00:00-05:00,2.180000066757202,3.0299999713897705,2.1500000953674316,2.680000066757202,3202600,0.0,0.0
2022-12-12 00:00:00-05:00,2.5899999141693115,3.569999933242798,2.5299999713897705,3.390000104904175,3141200,0.0,0.0
2022-12-13 00:00:00-05:00,3.5999999046325684,3.75,3.359999895095825,3.390000104904175,1102900,0.0,0.0
2022-12-14 00:00:00-05:00,3.4000000953674316,3.4100000858306885,3.069999933242798,3.1700000762939453,669300,0.0,0.0
2022-12-15 00:00:00-05:00,3.359999895095825,3.359999895095825,3.0299999713897705,3.140000104904175,818000,0.0,0.0
2022-12-16 00:00:00-05:00,3.140000104904175,3.515000104904175,3.0299999713897705,3.369999885559082,1347500,0.0,0.0
2022-12-19 00:00:00-05:00,3.4100000858306885,3.4100000858306885,2.7899999618530273,2.930000066757202,723400,0.0,0.0
2022-12-20 00:00:00-05:00,2.930000066757202,3.259999990463257,2.930000066757202,3.200000047683716,522500,0.0,0.0
2022-12-21 00:00:00-05:00,3.2200000286102295,3.369999885559082,3.0480000972747803,3.200000047683716,451200,0.0,0.0
2022-12-22 00:00:00-05:00,3.2899999618530273,3.2899999618530273,2.9800000190734863,3.1500000953674316,485800,0.0,0.0
2022-12-23 00:00:00-05:00,3.1600000858306885,3.200000047683716,2.9600000381469727,3.009999990463257,305000,0.0,0.0
2022-12-27 00:00:00-05:00,3.0,3.0299999713897705,2.8499999046325684,2.880000114440918,308400,0.0,0.0
2022-12-28 00:00:00-05:00,2.890000104904175,3.5299999713897705,2.859999895095825,3.200000047683716,833400,0.0,0.0
2022-12-29 00:00:00-05:00,3.190000057220459,3.6050000190734863,3.1419999599456787,3.549999952316284,586000,0.0,0.0
2022-12-30 00:00:00-05:00,3.4600000381469727,3.5299999713897705,3.309999942779541,3.490000009536743,495700,0.0,0.0
2023-01-03 00:00:00-05:00,3.5,3.5899999141693115,3.2699999809265137,3.359999895095825,570600,0.0,0.0
2023-01-04 00:00:00-05:00,3.359999895095825,3.5199999809265137,3.3299999237060547,3.440000057220459,432600,0.0,0.0
2023-01-05 00:00:00-05:00,3.430000066757202,3.430000066757202,3.200000047683716,3.309999942779541,339500,0.0,0.0
2023-01-06 00:00:00-05:00,3.390000104904175,3.4600000381469727,3.0350000858306885,3.2899999618530273,496300,0.0,0.0
2023-01-09 00:00:00-05:00,3.380000114440918,3.549999952316284,3.309999942779541,3.390000104904175,592600,0.0,0.0
2023-01-10 00:00:00-05:00,3.4100000858306885,3.690000057220459,3.3299999237060547,3.640000104904175,501800,0.0,0.0
2023-01-11 00:00:00-05:00,3.640000104904175,3.809999942779541,3.565999984741211,3.6600000858306885,640800,0.0,0.0
2023-01-12 00:00:00-05:00,3.75,4.239999771118164,3.690000057220459,4.21999979019165,528500,0.0,0.0
2023-01-13 00:00:00-05:00,4.190000057220459,4.400000095367432,4.050000190734863,4.119999885559082,813700,0.0,0.0
2023-01-17 00:00:00-05:00,4.090000152587891,4.599999904632568,4.019999980926514,4.420000076293945,606100,0.0,0.0
2023-01-18 00:00:00-05:00,4.429999828338623,4.849999904632568,4.260000228881836,4.300000190734863,400200,0.0,0.0
2023-01-19 00:00:00-05:00,4.28000020980835,4.519999980926514,4.28000020980835,4.389999866485596,260600,0.0,0.0
2023-01-20 00:00:00-05:00,4.449999809265137,4.78000020980835,4.25,4.760000228881836,432200,0.0,0.0
2023-01-23 00:00:00-05:00,4.710000038146973,4.78000020980835,4.380000114440918,4.420000076293945,495800,0.0,0.0
2023-01-24 00:00:00-05:00,4.369999885559082,4.400000095367432,4.150000095367432,4.239999771118164,224700,0.0,0.0
2023-01-25 00:00:00-05:00,4.199999809265137,4.429999828338623,4.099999904632568,4.380000114440918,274500,0.0,0.0
2023-01-26 00:00:00-05:00,4.389999866485596,4.460000038146973,4.159999847412109,4.190000057220459,171800,0.0,0.0
2023-01-27 00:00:00-05:00,4.239999771118164,4.369999885559082,4.099999904632568,4.119999885559082,144200,0.0,0.0
2023-01-30 00:00:00-05:00,4.079999923706055,4.230000019073486,4.019999980926514,4.059999942779541,129200,0.0,0.0
2023-01-31 00:00:00-05:00,4.059999942779541,4.309999942779541,4.005000114440918,4.059999942779541,378300,0.0,0.0
2023-02-01 00:00:00-05:00,4.090000152587891,4.309999942779541,4.0,4.300000190734863,253200,0.0,0.0
2023-02-02 00:00:00-05:00,4.429999828338623,4.480000019073486,4.199999809265137,4.269999980926514,291400,0.0,0.0
2023-02-03 00:00:00-05:00,4.21999979019165,4.449999809265137,4.070000171661377,4.119999885559082,246900,0.0,0.0
2023-02-06 00:00:00-05:00,4.090000152587891,4.260000228881836,4.070000171661377,4.090000152587891,220600,0.0,0.0
2023-02-07 00:00:00-05:00,4.150000095367432,4.150000095367432,3.880000114440918,3.950000047683716,238400,0.0,0.0
2023-02-08 00:00:00-05:00,4.019999980926514,4.019999980926514,3.7699999809265137,3.7899999618530273,193400,0.0,0.0
2023-02-09 00:00:00-05:00,3.8299999237060547,3.880000114440918,3.690000057220459,3.700000047683716,148400,0.0,0.0
2023-02-10 00:00:00-05:00,3.6700000762939453,3.809999942779541,3.630000114440918,3.740000009536743,131900,0.0,0.0
2023-02-13 00:00:00-05:00,3.7300000190734863,3.809999942779541,3.640000104904175,3.740000009536743,185400,0.0,0.0
2023-02-14 00:00:00-05:00,3.7899999618530273,3.9700000286102295,3.680000066757202,3.930000066757202,171900,0.0,0.0
2023-02-15 00:00:00-05:00,3.9100000858306885,3.9600000381469727,3.7100000381469727,3.7100000381469727,155700,0.0,0.0
2023-02-16 00:00:00-05:00,3.759999990463257,3.759999990463257,3.5299999713897705,3.559999942779541,226400,0.0,0.0
2023-02-17 00:00:00-05:00,3.630000114440918,3.7100000381469727,3.549999952316284,3.6700000762939453,158600,0.0,0.0
2023-02-21 00:00:00-05:00,3.630000114440918,3.630000114440918,3.1700000762939453,3.180000066757202,293000,0.0,0.0
2023-02-22 00:00:00-05:00,3.2100000381469727,3.5199999809265137,3.2100000381469727,3.424999952316284,201900,0.0,0.0
2023-02-23 00:00:00-05:00,3.5399999618530273,3.5399999618530273,3.325000047683716,3.3399999141693115,184700,0.0,0.0
2023-02-24 00:00:00-05:00,3.2699999809265137,3.380000114440918,3.190000057220459,3.319999933242798,168900,0.0,0.0
2023-02-27 00:00:00-05:00,3.3499999046325684,3.509999990463257,3.3399999141693115,3.4100000858306885,143500,0.0,0.0
2023-02-28 00:00:00-05:00,3.5299999713897705,3.7200000286102295,3.4000000953674316,3.5999999046325684,207400,0.0,0.0
2023-03-01 00:00:00-05:00,3.5999999046325684,3.6410000324249268,3.3399999141693115,3.359999895095825,137900,0.0,0.0
2023-03-02 00:00:00-05:00,3.309999942779541,3.509999990463257,3.25,3.4200000762939453,227900,0.0,0.0
2023-03-03 00:00:00-05:00,3.4200000762939453,3.640000104904175,3.4100000858306885,3.559999942779541,156600,0.0,0.0
2023-03-06 00:00:00-05:00,3.559999942779541,3.630000114440918,3.380000114440918,3.430000066757202,262600,0.0,0.0
2023-03-07 00:00:00-05:00,3.490000009536743,3.509999990463257,3.2699999809265137,3.2899999618530273,170100,0.0,0.0
2023-03-08 00:00:00-05:00,3.359999895095825,3.390000104904175,3.2109999656677246,3.2899999618530273,158000,0.0,0.0
2023-03-09 00:00:00-05:00,3.2899999618530273,3.4600000381469727,3.0199999809265137,3.119999885559082,271800,0.0,0.0
2023-03-10 00:00:00-05:00,3.109999895095825,3.190000057220459,2.8499999046325684,2.890000104904175,244900,0.0,0.0
2023-03-13 00:00:00-04:00,2.8499999046325684,2.9700000286102295,2.7699999809265137,2.7899999618530273,199500,0.0,0.0
2023-03-14 00:00:00-04:00,2.8499999046325684,2.940000057220459,2.7699999809265137,2.809999942779541,153400,0.0,0.0
2023-03-15 00:00:00-04:00,2.8499999046325684,2.8499999046325684,2.5399999618530273,2.559999942779541,351300,0.0,0.0
2023-03-16 00:00:00-04:00,2.5299999713897705,2.6480000019073486,2.4200000762939453,2.609999895095825,227700,0.0,0.0
2023-03-17 00:00:00-04:00,2.5799999237060547,2.7100000381469727,2.3399999141693115,2.4700000286102295,364800,0.0,0.0
2023-03-20 00:00:00-04:00,2.4800000190734863,2.569999933242798,2.4100000858306885,2.4200000762939453,151400,0.0,0.0
2023-03-21 00:00:00-04:00,2.5,2.5,2.369999885559082,2.4200000762939453,202000,0.0,0.0
2023-03-22 00:00:00-04:00,2.450000047683716,2.5199999809265137,2.3399999141693115,2.3399999141693115,156100,0.0,0.0
2023-03-23 00:00:00-04:00,2.390000104904175,2.4700000286102295,2.2200000286102295,2.319999933242798,205500,0.0,0.0
2023-03-24 00:00:00-04:00,2.259999990463257,2.2899999618530273,2.0,2.2699999809265137,314400,0.0,0.0
2023-03-27 00:00:00-04:00,2.319999933242798,2.450000047683716,2.299999952316284,2.369999885559082,158900,0.0,0.0
2023-03-28 00:00:00-04:00,2.3399999141693115,2.5199999809265137,2.2699999809265137,2.440000057220459,221300,0.0,0.0
2023-03-29 00:00:00-04:00,2.4600000381469727,2.565000057220459,2.380000114440918,2.490000009536743,132200,0.0,0.0
2023-03-30 00:00:00-04:00,2.5,2.5,2.2300000190734863,2.240000009536743,219300,0.0,0.0
2023-03-31 00:00:00-04:00,2.25,2.319999933242798,2.119999885559082,2.259999990463257,339100,0.0,0.0
2023-04-03 00:00:00-04:00,2.2799999713897705,2.4200000762939453,2.2100000381469727,2.369999885559082,340400,0.0,0.0
2023-04-04 00:00:00-04:00,2.369999885559082,2.5,2.180000066757202,2.4100000858306885,458400,0.0,0.0
2023-04-05 00:00:00-04:00,2.369999885559082,2.450000047683716,2.180000066757202,2.2200000286102295,236400,0.0,0.0
2023-04-06 00:00:00-04:00,2.2100000381469727,2.2799999713897705,2.115999937057495,2.259999990463257,240400,0.0,0.0
2023-04-10 00:00:00-04:00,2.259999990463257,2.4100000858306885,2.2100000381469727,2.2799999713897705,296200,0.0,0.0
2023-04-11 00:00:00-04:00,2.299999952316284,2.450000047683716,2.2750000953674316,2.4200000762939453,250400,0.0,0.0
2023-04-12 00:00:00-04:00,2.4800000190734863,2.490000009536743,2.3399999141693115,2.369999885559082,102800,0.0,0.0
2023-04-13 00:00:00-04:00,2.380000114440918,2.619999885559082,2.375,2.559999942779541,154600,0.0,0.0
2023-04-14 00:00:00-04:00,2.5999999046325684,2.880000114440918,2.569999933242798,2.7100000381469727,305900,0.0,0.0
2023-04-17 00:00:00-04:00,2.700000047683716,3.0899999141693115,2.549999952316284,3.069999933242798,231900,0.0,0.0
2023-04-18 00:00:00-04:00,3.069999933242798,3.069999933242798,2.9000000953674316,2.990000009536743,200300,0.0,0.0
2023-04-19 00:00:00-04:00,2.930000066757202,2.9800000190734863,2.7709999084472656,2.809999942779541,83000,0.0,0.0
2023-04-20 00:00:00-04:00,2.7799999713897705,2.7799999713897705,2.5999999046325684,2.6700000762939453,82800,0.0,0.0
2023-04-21 00:00:00-04:00,2.6500000953674316,2.7300000190734863,2.5199999809265137,2.640000104904175,137800,0.0,0.0
2023-04-24 00:00:00-04:00,2.619999885559082,2.700000047683716,2.4700000286102295,2.509999990463257,127100,0.0,0.0
2023-04-25 00:00:00-04:00,2.509999990463257,2.5899999141693115,2.440000057220459,2.509999990463257,111300,0.0,0.0
2023-04-26 00:00:00-04:00,2.5399999618530273,2.7200000286102295,2.484999895095825,2.6600000858306885,177900,0.0,0.0
2023-04-27 00:00:00-04:00,2.6500000953674316,2.7799999713897705,2.619999885559082,2.740000009536743,87100,0.0,0.0
2023-04-28 00:00:00-04:00,2.7100000381469727,2.740000009536743,2.490000009536743,2.5199999809265137,165500,0.0,0.0
2023-05-01 00:00:00-04:00,2.549999952316284,2.8399999141693115,2.369999885559082,2.7200000286102295,124500,0.0,0.0
2023-05-02 00:00:00-04:00,2.700000047683716,2.75,2.5950000286102295,2.6500000953674316,105600,0.0,0.0
2023-05-03 00:00:00-04:00,2.6700000762939453,2.8399999141693115,2.619999885559082,2.7200000286102295,110100,0.0,0.0
2023-05-04 00:00:00-04:00,2.7200000286102295,3.0899999141693115,2.6600000858306885,3.0399999618530273,283700,0.0,0.0
2023-05-05 00:00:00-04:00,3.130000114440918,3.2239999771118164,2.9260001182556152,3.2200000286102295,183200,0.0,0.0
2023-05-08 00:00:00-04:00,3.240000009536743,3.75,3.2360000610351562,3.5399999618530273,300400,0.0,0.0
2023-05-09 00:00:00-04:00,3.4700000286102295,3.5199999809265137,3.2750000953674316,3.359999895095825,224200,0.0,0.0
2023-05-10 00:00:00-04:00,3.4600000381469727,3.4600000381469727,3.171999931335449,3.2699999809265137,135000,0.0,0.0
2023-05-11 00:00:00-04:00,3.309999942779541,3.5,3.130000114440918,3.1700000762939453,142700,0.0,0.0
2023-05-12 00:00:00-04:00,3.0999999046325684,3.190000057220459,2.940000057220459,2.9700000286102295,102500,0.0,0.0
2023-05-15 00:00:00-04:00,2.9700000286102295,3.130000114440918,2.940000057220459,3.0899999141693115,135900,0.0,0.0
2023-05-16 00:00:00-04:00,3.0299999713897705,3.0899999141693115,2.880000114440918,2.9200000762939453,162600,0.0,0.0
2023-05-17 00:00:00-04:00,2.9800000190734863,3.1700000762939453,2.880000114440918,3.0999999046325684,167200,0.0,0.0
2023-05-18 00:00:00-04:00,3.0999999046325684,3.1549999713897705,3.0,3.109999895095825,198900,0.0,0.0
2023-05-19 00:00:00-04:00,3.1700000762939453,3.255000114440918,3.0999999046325684,3.174999952316284,116700,0.0,0.0
2023-05-22 00:00:00-04:00,3.180000066757202,3.3499999046325684,3.140000104904175,3.319999933242798,83300,0.0,0.0
2023-05-23 00:00:00-04:00,3.319999933242798,3.390000104904175,3.0299999713897705,3.130000114440918,151000,0.0,0.0
2023-05-24 00:00:00-04:00,3.1700000762939453,3.2100000381469727,2.940000057220459,3.0899999141693115,183400,0.0,0.0
2023-05-25 00:00:00-04:00,3.109999895095825,3.109999895095825,2.7100000381469727,2.8399999141693115,187000,0.0,0.0
2023-05-26 00:00:00-04:00,2.799999952316284,2.9800000190734863,2.799999952316284,2.940000057220459,65100,0.0,0.0
2023-05-30 00:00:00-04:00,2.930000066757202,3.069999933242798,2.9000000953674316,2.9700000286102295,90900,0.0,0.0
2023-05-31 00:00:00-04:00,2.9800000190734863,3.0299999713897705,2.7799999713897705,2.8399999141693115,97000,0.0,0.0
2023-06-01 00:00:00-04:00,2.859999895095825,2.878999948501587,2.630000114440918,2.7200000286102295,148100,0.0,0.0
2023-06-02 00:00:00-04:00,2.7200000286102295,2.869999885559082,2.6700000762939453,2.8299999237060547,102400,0.0,0.0
2023-06-05 00:00:00-04:00,2.809999942779541,2.890000104904175,2.700000047683716,2.8499999046325684,124700,0.0,0.0
2023-06-06 00:00:00-04:00,2.8299999237060547,2.9000000953674316,2.740000009536743,2.8499999046325684,97900,0.0,0.0
2023-06-07 00:00:00-04:00,2.9000000953674316,2.9200000762939453,2.680000066757202,2.8399999141693115,167500,0.0,0.0
2023-06-08 00:00:00-04:00,2.8499999046325684,2.8499999046325684,2.630000114440918,2.809999942779541,105000,0.0,0.0
2023-06-09 00:00:00-04:00,2.799999952316284,2.809999942779541,2.549999952316284,2.6500000953674316,141400,0.0,0.0
2023-06-12 00:00:00-04:00,2.619999885559082,2.809000015258789,2.559999942779541,2.5999999046325684,135300,0.0,0.0
2023-06-13 00:00:00-04:00,2.6700000762939453,2.75,2.619999885559082,2.7100000381469727,118100,0.0,0.0
2023-06-14 00:00:00-04:00,2.700000047683716,2.736999988555908,2.559999942779541,2.569999933242798,102800,0.0,0.0
2023-06-15 00:00:00-04:00,2.569999933242798,2.6059999465942383,2.4600000381469727,2.549999952316284,140800,0.0,0.0
2023-06-16 00:00:00-04:00,2.5799999237060547,2.6700000762939453,2.4200000762939453,2.5999999046325684,308100,0.0,0.0
2023-06-20 00:00:00-04:00,2.5999999046325684,2.994999885559082,2.490000009536743,2.859999895095825,324700,0.0,0.0
2023-06-21 00:00:00-04:00,2.859999895095825,2.859999895095825,2.5350000858306885,2.7300000190734863,214900,0.0,0.0
2023-06-22 00:00:00-04:00,2.680000066757202,2.7249999046325684,2.5299999713897705,2.559999942779541,158400,0.0,0.0
2023-06-23 00:00:00-04:00,2.559999942779541,2.5999999046325684,2.4000000953674316,2.4700000286102295,3562200,0.0,0.0
2023-06-26 00:00:00-04:00,2.5,2.5899999141693115,2.440000057220459,2.4700000286102295,200900,0.0,0.0
2023-06-27 00:00:00-04:00,2.4600000381469727,2.509999990463257,2.4000000953674316,2.4200000762939453,89300,0.0,0.0
2023-06-28 00:00:00-04:00,2.430000066757202,2.4800000190734863,2.359999895095825,2.450000047683716,113100,0.0,0.0
2023-06-29 00:00:00-04:00,2.4700000286102295,2.640000104904175,2.4600000381469727,2.490000009536743,122500,0.0,0.0
2023-06-30 00:00:00-04:00,2.5199999809265137,2.569999933242798,2.4600000381469727,2.4600000381469727,67300,0.0,0.0
2023-07-03 00:00:00-04:00,2.4700000286102295,2.5899999141693115,2.4700000286102295,2.5299999713897705,69000,0.0,0.0
2023-07-05 00:00:00-04:00,2.509999990463257,2.640000104904175,2.509999990463257,2.5999999046325684,86700,0.0,0.0
2023-07-06 00:00:00-04:00,2.5899999141693115,2.6500000953674316,2.4800000190734863,2.5,189600,0.0,0.0
2023-07-07 00:00:00-04:00,2.509999990463257,2.559999942779541,2.4200000762939453,2.490000009536743,85200,0.0,0.0
2023-07-10 00:00:00-04:00,2.5199999809265137,2.7100000381469727,2.5199999809265137,2.6600000858306885,133700,0.0,0.0
2023-07-11 00:00:00-04:00,2.700000047683716,2.8499999046325684,2.619999885559082,2.700000047683716,86400,0.0,0.0
2023-07-12 00:00:00-04:00,2.7699999809265137,2.9600000381469727,2.684999942779541,2.9100000858306885,147800,0.0,0.0
2023-07-13 00:00:00-04:00,2.950000047683716,2.9800000190734863,2.809999942779541,2.819999933242798,91100,0.0,0.0
2023-07-14 00:00:00-04:00,2.819999933242798,2.930000066757202,2.7200000286102295,2.8399999141693115,76100,0.0,0.0
2023-07-17 00:00:00-04:00,2.819999933242798,2.9000000953674316,2.7799999713897705,2.8399999141693115,62500,0.0,0.0
2023-07-18 00:00:00-04:00,2.8499999046325684,2.9700000286102295,2.75,2.7799999713897705,60900,0.0,0.0
2023-07-19 00:00:00-04:00,2.7699999809265137,2.950000047683716,2.7300000190734863,2.75,83800,0.0,0.0
2023-07-20 00:00:00-04:00,2.740000009536743,3.0399999618530273,2.740000009536743,2.9700000286102295,200700,0.0,0.0
2023-07-21 00:00:00-04:00,2.9700000286102295,3.0250000953674316,2.8499999046325684,2.890000104904175,93500,0.0,0.0
2023-07-24 00:00:00-04:00,2.890000104904175,2.9000000953674316,2.759999990463257,2.8399999141693115,99100,0.0,0.0
2023-07-25 00:00:00-04:00,2.8299999237060547,2.8299999237060547,2.5999999046325684,2.609999895095825,103400,0.0,0.0
2023-07-26 00:00:00-04:00,2.5999999046325684,2.619999885559082,2.450000047683716,2.549999952316284,68800,0.0,0.0
2023-07-27 00:00:00-04:00,2.559999942779541,2.5899999141693115,2.440000057220459,2.4800000190734863,87500,0.0,0.0
2023-07-28 00:00:00-04:00,2.4700000286102295,2.5999999046325684,2.4700000286102295,2.569999933242798,30200,0.0,0.0
2023-07-31 00:00:00-04:00,2.5999999046325684,2.752000093460083,2.5999999046325684,2.619999885559082,67300,0.0,0.0
2023-08-01 00:00:00-04:00,2.609999895095825,2.619999885559082,2.509999990463257,2.559999942779541,77600,0.0,0.0
2023-08-02 00:00:00-04:00,2.5199999809265137,2.630000114440918,2.499000072479248,2.569999933242798,89300,0.0,0.0
2023-08-03 00:00:00-04:00,2.559999942779541,2.700000047683716,2.5299999713897705,2.609999895095825,71200,0.0,0.0
2023-08-04 00:00:00-04:00,2.630000114440918,2.7200000286102295,2.5199999809265137,2.5399999618530273,63700,0.0,0.0
2023-08-07 00:00:00-04:00,2.5999999046325684,2.6500000953674316,2.4800000190734863,2.640000104904175,64300,0.0,0.0
2023-08-08 00:00:00-04:00,2.640000104904175,2.740000009536743,2.509999990463257,2.5399999618530273,93900,0.0,0.0
2023-08-09 00:00:00-04:00,2.549999952316284,2.7899999618530273,2.503999948501587,2.7200000286102295,105400,0.0,0.0
2023-08-10 00:00:00-04:00,2.7200000286102295,2.9200000762939453,2.7200000286102295,2.859999895095825,84600,0.0,0.0
2023-08-11 00:00:00-04:00,2.930000066757202,3.200000047683716,2.880000114440918,3.0999999046325684,168600,0.0,0.0
2023-08-14 00:00:00-04:00,3.109999895095825,3.2899999618530273,2.927999973297119,3.180000066757202,154500,0.0,0.0
2023-08-15 00:00:00-04:00,3.190000057220459,3.5999999046325684,3.130000114440918,3.4100000858306885,200700,0.0,0.0
2023-08-16 00:00:00-04:00,3.369999885559082,3.5,3.0899999141693115,3.109999895095825,116800,0.0,0.0
2023-08-17 00:00:00-04:00,3.0999999046325684,3.1600000858306885,2.8499999046325684,2.8499999046325684,78200,0.0,0.0
2023-08-18 00:00:00-04:00,2.8499999046325684,2.990000009536743,2.799999952316284,2.9200000762939453,58200,0.0,0.0
2023-08-21 00:00:00-04:00,2.869999885559082,3.1500000953674316,2.869999885559082,3.0,59900,0.0,0.0
2023-08-22 00:00:00-04:00,3.059999942779541,3.140000104904175,3.009999990463257,3.0299999713897705,59000,0.0,0.0
2023-08-23 00:00:00-04:00,3.0799999237060547,3.119999885559082,2.809999942779541,2.930000066757202,79400,0.0,0.0
2023-08-24 00:00:00-04:00,2.930000066757202,3.2899999618530273,2.7699999809265137,3.190000057220459,162700,0.0,0.0
2023-08-25 00:00:00-04:00,3.190000057220459,3.309999942779541,3.069999933242798,3.259999990463257,68400,0.0,0.0
2023-08-28 00:00:00-04:00,3.2799999713897705,3.5399999618530273,3.200000047683716,3.4700000286102295,76100,0.0,0.0
2023-08-29 00:00:00-04:00,3.509999990463257,3.671999931335449,3.2769999504089355,3.3399999141693115,65300,0.0,0.0
2023-08-30 00:00:00-04:00,3.3299999237060547,3.4200000762939453,3.26200008392334,3.380000114440918,22700,0.0,0.0
2023-08-31 00:00:00-04:00,3.390000104904175,3.5999999046325684,3.3499999046325684,3.380000114440918,55300,0.0,0.0
2023-09-01 00:00:00-04:00,3.5,4.090000152587891,3.4649999141693115,3.7899999618530273,274700,0.0,0.0
2023-09-05 00:00:00-04:00,3.7699999809265137,4.0,3.6500000953674316,3.7799999713897705,153300,0.0,0.0
2023-09-06 00:00:00-04:00,3.7699999809265137,3.7799999713897705,3.5899999141693115,3.6700000762939453,71200,0.0,0.0
2023-09-07 00:00:00-04:00,3.6600000858306885,3.75,3.5,3.549999952316284,70000,0.0,0.0
2023-09-08 00:00:00-04:00,3.569999933242798,3.7699999809265137,3.3399999141693115,3.549999952316284,62900,0.0,0.0
2023-09-11 00:00:00-04:00,3.549999952316284,3.549999952316284,3.3550000190734863,3.4200000762939453,44500,0.0,0.0
2023-09-12 00:00:00-04:00,3.450000047683716,3.450000047683716,3.180000066757202,3.384999990463257,60400,0.0,0.0
2023-09-13 00:00:00-04:00,3.380000114440918,3.4100000858306885,3.2899999618530273,3.3299999237060547,78200,0.0,0.0
2023-09-14 00:00:00-04:00,3.309999942779541,3.3499999046325684,3.2699999809265137,3.309999942779541,65400,0.0,0.0
2023-09-15 00:00:00-04:00,3.309999942779541,3.319999933242798,3.059999942779541,3.0899999141693115,145100,0.0,0.0
2023-09-18 00:00:00-04:00,3.0999999046325684,3.2100000381469727,2.940000057220459,2.9600000381469727,97900,0.0,0.0
2023-09-19 00:00:00-04:00,2.950000047683716,3.049999952316284,2.75,2.7899999618530273,72000,0.0,0.0
2023-09-20 00:00:00-04:00,3.3299999237060547,3.5,2.8499999046325684,2.9600000381469727,3256800,0.0,0.0
2023-09-21 00:00:00-04:00,2.9000000953674316,3.009999990463257,2.700000047683716,2.869999885559082,297200,0.0,0.0
2023-09-22 00:00:00-04:00,2.7699999809265137,2.9000000953674316,2.7200000286102295,2.7899999618530273,99300,0.0,0.0
2023-09-25 00:00:00-04:00,2.7699999809265137,3.119999885559082,2.7109999656677246,3.0999999046325684,222300,0.0,0.0
2023-09-26 00:00:00-04:00,3.0299999713897705,3.25,2.950000047683716,3.1500000953674316,115000,0.0,0.0
2023-09-27 00:00:00-04:00,3.140000104904175,3.2300000190734863,3.049999952316284,3.1500000953674316,75700,0.0,0.0
2023-09-28 00:00:00-04:00,3.1500000953674316,3.240000009536743,2.930000066757202,2.940000057220459,132200,0.0,0.0
2023-09-29 00:00:00-04:00,2.950000047683716,3.0399999618530273,2.9200000762939453,3.0,102000,0.0,0.0
2023-10-02 00:00:00-04:00,2.9700000286102295,3.140000104904175,2.9200000762939453,3.049999952316284,219300,0.0,0.0
2023-10-03 00:00:00-04:00,3.049999952316284,3.1600000858306885,3.005000114440918,3.0999999046325684,82600,0.0,0.0
2023-10-04 00:00:00-04:00,3.0799999237060547,3.190000057220459,2.950000047683716,2.990000009536743,141400,0.0,0.0
2023-10-05 00:00:00-04:00,2.990000009536743,3.0399999618530273,2.990000009536743,3.0,52900,0.0,0.0
2023-10-06 00:00:00-04:00,3.0,3.0999999046325684,2.9210000038146973,3.0399999618530273,46600,0.0,0.0
2023-10-09 00:00:00-04:00,3.0399999618530273,3.140000104904175,2.950000047683716,3.119999885559082,42100,0.0,0.0
2023-10-10 00:00:00-04:00,3.130000114440918,3.390000104904175,3.124000072479248,3.390000104904175,106900,0.0,0.0
2023-10-11 00:00:00-04:00,3.2899999618530273,3.700000047683716,3.255000114440918,3.5299999713897705,282000,0.0,0.0
2023-10-12 00:00:00-04:00,3.4800000190734863,3.5999999046325684,3.1500000953674316,3.200000047683716,166000,0.0,0.0
2023-10-13 00:00:00-04:00,3.180000066757202,3.25,3.0299999713897705,3.0999999046325684,94700,0.0,0.0
2023-10-16 00:00:00-04:00,3.059999942779541,3.2880001068115234,3.0299999713897705,3.130000114440918,131100,0.0,0.0
2023-10-17 00:00:00-04:00,3.2200000286102295,3.5999999046325684,3.180000066757202,3.5299999713897705,130400,0.0,0.0
2023-10-18 00:00:00-04:00,3.4700000286102295,3.6500000953674316,3.390000104904175,3.4800000190734863,273000,0.0,0.0
2023-10-19 00:00:00-04:00,3.440000057220459,3.440000057220459,3.0999999046325684,3.0999999046325684,45900,0.0,0.0
2023-10-20 00:00:00-04:00,3.1600000858306885,3.240000009536743,2.950000047683716,3.0299999713897705,78600,0.0,0.0
2023-10-23 00:00:00-04:00,3.0,3.319999933242798,2.9700000286102295,3.0,69100,0.0,0.0
2023-10-24 00:00:00-04:00,3.109999895095825,3.1659998893737793,2.990000009536743,3.0199999809265137,49300,0.0,0.0
2023-10-25 00:00:00-04:00,3.0399999618530273,3.130000114440918,3.0,3.0799999237060547,53900,0.0,0.0
2023-10-26 00:00:00-04:00,3.2100000381469727,3.2200000286102295,3.049999952316284,3.140000104904175,29900,0.0,0.0
2023-10-27 00:00:00-04:00,3.119999885559082,3.2300000190734863,2.990000009536743,2.990000009536743,140700,0.0,0.0
2023-10-30 00:00:00-04:00,2.990000009536743,3.049999952316284,2.990000009536743,2.990000009536743,66100,0.0,0.0
2023-10-31 00:00:00-04:00,3.015000104904175,3.069999933242798,2.8499999046325684,2.990000009536743,178400,0.0,0.0
2023-11-01 00:00:00-04:00,3.009999990463257,3.134999990463257,2.940000057220459,2.9800000190734863,91700,0.0,0.0
2023-11-02 00:00:00-04:00,3.0,3.25,2.9800000190734863,3.049999952316284,146300,0.0,0.0
2023-11-03 00:00:00-04:00,3.0899999141693115,3.309999942779541,3.059999942779541,3.1600000858306885,116800,0.0,0.0
2023-11-06 00:00:00-05:00,3.140000104904175,3.3299999237060547,3.0999999046325684,3.130000114440918,109700,0.0,0.0
2023-11-07 00:00:00-05:00,3.059999942779541,3.25,3.009999990463257,3.049999952316284,75500,0.0,0.0
2023-11-08 00:00:00-05:00,3.0,3.0799999237060547,2.950000047683716,3.0,263800,0.0,0.0
2023-11-09 00:00:00-05:00,3.009999990463257,3.0899999141693115,2.944999933242798,2.990000009536743,130700,0.0,0.0
2023-11-10 00:00:00-05:00,3.015000104904175,3.0299999713897705,2.880000114440918,2.9000000953674316,77000,0.0,0.0
2023-11-13 00:00:00-05:00,2.880000114440918,2.940000057220459,2.759999990463257,2.819999933242798,112400,0.0,0.0
2023-11-14 00:00:00-05:00,2.8399999141693115,3.0399999618530273,2.8399999141693115,2.950000047683716,60200,0.0,0.0
2023-11-15 00:00:00-05:00,2.9700000286102295,3.200000047683716,2.9700000286102295,3.0299999713897705,84100,0.0,0.0
2023-11-16 00:00:00-05:00,3.0399999618530273,3.059999942779541,2.9100000858306885,2.950000047683716,83700,0.0,0.0
2023-11-17 00:00:00-05:00,2.9800000190734863,2.9800000190734863,2.799999952316284,2.799999952316284,103100,0.0,0.0
2023-11-20 00:00:00-05:00,2.8399999141693115,3.0399999618530273,2.799999952316284,2.950000047683716,104200,0.0,0.0
2023-11-21 00:00:00-05:00,2.990000009536743,3.0299999713897705,2.825000047683716,2.940000057220459,127400,0.0,0.0
2023-11-22 00:00:00-05:00,2.940000057220459,3.0199999809265137,2.8499999046325684,2.8499999046325684,90500,0.0,0.0
2023-11-24 00:00:00-05:00,2.9200000762939453,2.9600000381469727,2.9000000953674316,2.9000000953674316,27200,0.0,0.0
2023-11-27 00:00:00-05:00,2.950000047683716,2.950000047683716,2.8499999046325684,2.8499999046325684,74100,0.0,0.0
2023-11-28 00:00:00-05:00,2.819999933242798,2.928999900817871,2.7100000381469727,2.740000009536743,139700,0.0,0.0
2023-11-29 00:00:00-05:00,2.7200000286102295,2.799999952316284,2.450000047683716,2.509999990463257,226000,0.0,0.0
2023-11-30 00:00:00-05:00,2.559999942779541,2.700000047683716,2.4600000381469727,2.4700000286102295,234100,0.0,0.0
2023-12-01 00:00:00-05:00,2.450000047683716,2.5399999618530273,2.4149999618530273,2.509999990463257,163900,0.0,0.0
2023-12-04 00:00:00-05:00,2.5199999809265137,2.5199999809265137,2.4600000381469727,2.509999990463257,126900,0.0,0.0
2023-12-05 00:00:00-05:00,2.5,2.5199999809265137,2.4700000286102295,2.5,65900,0.0,0.0
2023-12-06 00:00:00-05:00,2.5299999713897705,2.5899999141693115,2.5199999809265137,2.549999952316284,141600,0.0,0.0
2023-12-07 00:00:00-05:00,2.559999942779541,2.5889999866485596,2.5199999809265137,2.559999942779541,88300,0.0,0.0
2023-12-08 00:00:00-05:00,2.559999942779541,2.569999933242798,2.5299999713897705,2.559999942779541,94500,0.0,0.0
2023-12-11 00:00:00-05:00,2.609999895095825,2.609999895095825,2.509999990463257,2.509999990463257,159400,0.0,0.0
2023-12-12 00:00:00-05:00,2.509999990463257,2.549999952316284,2.450000047683716,2.450000047683716,149000,0.0,0.0
2023-12-13 00:00:00-05:00,2.430000066757202,2.5199999809265137,2.430000066757202,2.5,102800,0.0,0.0
2023-12-14 00:00:00-05:00,2.5,2.559999942779541,2.450000047683716,2.5,448200,0.0,0.0
2023-12-15 00:00:00-05:00,2.5199999809265137,2.5799999237060547,2.4700000286102295,2.4800000190734863,194900,0.0,0.0
2023-12-18 00:00:00-05:00,2.4600000381469727,2.549999952316284,2.430000066757202,2.509999990463257,166600,0.0,0.0
2023-12-19 00:00:00-05:00,2.5299999713897705,2.559999942779541,2.450000047683716,2.4800000190734863,826200,0.0,0.0
2023-12-20 00:00:00-05:00,2.4600000381469727,2.569999933242798,2.434999942779541,2.450000047683716,302900,0.0,0.0
2023-12-21 00:00:00-05:00,2.490000009536743,2.9700000286102295,2.4600000381469727,2.950000047683716,1036700,0.0,0.0
2023-12-22 00:00:00-05:00,3.0,3.200000047683716,2.9010000228881836,3.059999942779541,413200,0.0,0.0
2023-12-26 00:00:00-05:00,3.049999952316284,3.299999952316284,3.049999952316284,3.2799999713897705,501900,0.0,0.0
2023-12-27 00:00:00-05:00,3.2799999713897705,4.349999904632568,3.2100000381469727,4.21999979019165,862800,0.0,0.0
2023-12-28 00:00:00-05:00,4.21999979019165,4.320000171661377,3.630000114440918,3.7899999618530273,423100,0.0,0.0
2023-12-29 00:00:00-05:00,3.75,4.329999923706055,3.680999994277954,4.139999866485596,292100,0.0,0.0
2024-01-02 00:00:00-05:00,4.239999771118164,4.409999847412109,3.930000066757202,4.369999885559082,333800,0.0,0.0
2024-01-03 00:00:00-05:00,4.380000114440918,4.699999809265137,4.159999847412109,4.53000020980835,445300,0.0,0.0
2024-01-04 00:00:00-05:00,4.5,4.508999824523926,3.059999942779541,3.0950000286102295,2798000,0.0,0.0
2024-01-05 00:00:00-05:00,3.0999999046325684,3.450000047683716,2.9200000762939453,3.319999933242798,638800,0.0,0.0
2024-01-08 00:00:00-05:00,3.3399999141693115,3.509999990463257,3.25,3.440000057220459,307500,0.0,0.0
2024-01-09 00:00:00-05:00,3.4000000953674316,3.509999990463257,3.305000066757202,3.4200000762939453,230000,0.0,0.0
2024-01-10 00:00:00-05:00,3.4700000286102295,3.625,3.2699999809265137,3.369999885559082,299700,0.0,0.0
2024-01-11 00:00:00-05:00,3.3399999141693115,3.440000057220459,3.259999990463257,3.309999942779541,226700,0.0,0.0
2024-01-12 00:00:00-05:00,3.3299999237060547,3.5269999504089355,3.0799999237060547,3.140000104904175,157400,0.0,0.0
2024-01-16 00:00:00-05:00,3.109999895095825,3.2699999809265137,3.0799999237060547,3.2699999809265137,145200,0.0,0.0
2024-01-17 00:00:00-05:00,3.200000047683716,3.4000000953674316,3.0999999046325684,3.299999952316284,217500,0.0,0.0
2024-01-18 00:00:00-05:00,3.309999942779541,3.430000066757202,3.259999990463257,3.4100000858306885,96400,0.0,0.0
2024-01-19 00:00:00-05:00,3.4100000858306885,3.4700000286102295,3.3499999046325684,3.440000057220459,86300,0.0,0.0
2024-01-22 00:00:00-05:00,3.440000057220459,3.7100000381469727,3.440000057220459,3.609999895095825,231100,0.0,0.0
2024-01-23 00:00:00-05:00,3.609999895095825,3.680000066757202,3.380000114440918,3.4200000762939453,81300,0.0,0.0
2024-01-24 00:00:00-05:00,3.440000057220459,3.549999952316284,3.319999933242798,3.509999990463257,138700,0.0,0.0
2024-01-25 00:00:00-05:00,3.5299999713897705,3.6500000953674316,3.509999990463257,3.619999885559082,75700,0.0,0.0
2024-01-26 00:00:00-05:00,3.6500000953674316,3.6700000762939453,3.5209999084472656,3.630000114440918,71100,0.0,0.0
2024-01-29 00:00:00-05:00,3.630000114440918,3.7799999713897705,3.549999952316284,3.7200000286102295,191800,0.0,0.0
2024-01-30 00:00:00-05:00,3.7100000381469727,3.990000009536743,3.619999885559082,3.9800000190734863,269800,0.0,0.0
2024-01-31 00:00:00-05:00,3.9100000858306885,4.190000057220459,3.869999885559082,3.930000066757202,172300,0.0,0.0
2024-02-01 00:00:00-05:00,4.360000133514404,4.71999979019165,4.090000152587891,4.559999942779541,700400,0.0,0.0
2024-02-02 00:00:00-05:00,4.550000190734863,4.840000152587891,4.440000057220459,4.599999904632568,253000,0.0,0.0
2024-02-05 00:00:00-05:00,4.659999847412109,5.170000076293945,4.25,5.039999961853027,724700,0.0,0.0
2024-02-06 00:00:00-05:00,5.25,5.690000057220459,5.110000133514404,5.400000095367432,615500,0.0,0.0
2024-02-07 00:00:00-05:00,5.460000038146973,5.539999961853027,4.989999771118164,5.130000114440918,346600,0.0,0.0
2024-02-08 00:00:00-05:00,5.170000076293945,5.300000190734863,5.050000190734863,5.239999771118164,206000,0.0,0.0
2024-02-09 00:00:00-05:00,5.289999961853027,5.519999980926514,5.210000038146973,5.449999809265137,206400,0.0,0.0
2024-02-12 00:00:00-05:00,5.5,5.650000095367432,5.369999885559082,5.519999980926514,205900,0.0,0.0
2024-02-13 00:00:00-05:00,5.389999866485596,5.409999847412109,5.110000133514404,5.159999847412109,204000,0.0,0.0
2024-02-14 00:00:00-05:00,5.269999980926514,5.920000076293945,5.269999980926514,5.5,356200,0.0,0.0
2024-02-15 00:00:00-05:00,5.449999809265137,5.5,5.010000228881836,5.269999980926514,248600,0.0,0.0
2024-02-16 00:00:00-05:00,5.289999961853027,5.650000095367432,5.199999809265137,5.590000152587891,176200,0.0,0.0
2024-02-20 00:00:00-05:00,5.599999904632568,6.269999980926514,5.559999942779541,5.960000038146973,469700,0.0,0.0
2024-02-21 00:00:00-05:00,5.829999923706055,5.989999771118164,5.409999847412109,5.690000057220459,223400,0.0,0.0
2024-02-22 00:00:00-05:00,5.75,5.800000190734863,5.380000114440918,5.539999961853027,129000,0.0,0.0
2024-02-23 00:00:00-05:00,5.539999961853027,5.820000171661377,5.482999801635742,5.679999828338623,125000,0.0,0.0
2024-02-26 00:00:00-05:00,5.699999809265137,6.079999923706055,5.599999904632568,5.909999847412109,154600,0.0,0.0
2024-02-27 00:00:00-05:00,6.0,6.039999961853027,5.800000190734863,5.929999828338623,163200,0.0,0.0
2024-02-28 00:00:00-05:00,5.949999809265137,6.380000114440918,5.929999828338623,6.139999866485596,161500,0.0,0.0
2024-02-29 00:00:00-05:00,6.139999866485596,6.25,5.980000019073486,6.125,110500,0.0,0.0
2024-03-01 00:00:00-05:00,6.199999809265137,6.869999885559082,6.119999885559082,6.800000190734863,512700,0.0,0.0
2024-03-04 00:00:00-05:00,6.869999885559082,7.2230000495910645,6.269999980926514,6.349999904632568,245800,0.0,0.0
2024-03-05 00:00:00-05:00,6.269999980926514,6.489999771118164,6.260000228881836,6.320000171661377,85900,0.0,0.0
2024-03-06 00:00:00-05:00,6.340000152587891,6.567999839782715,6.260000228881836,6.400000095367432,101400,0.0,0.0
2024-03-07 00:00:00-05:00,6.420000076293945,6.630000114440918,6.159999847412109,6.369999885559082,138900,0.0,0.0
2024-03-08 00:00:00-05:00,6.159999847412109,6.550000190734863,6.159999847412109,6.349999904632568,119000,0.0,0.0
2024-03-11 00:00:00-04:00,6.010000228881836,6.380000114440918,5.760000228881836,5.769999980926514,164300,0.0,0.0
2024-03-12 00:00:00-04:00,5.849999904632568,5.96999979019165,5.340000152587891,5.53000020980835,221200,0.0,0.0
2024-03-13 00:00:00-04:00,5.590000152587891,5.760000228881836,5.570000171661377,5.639999866485596,128400,0.0,0.0
2024-03-14 00:00:00-04:00,5.519999980926514,5.519999980926514,4.929999828338623,5.03000020980835,163600,0.0,0.0
2024-03-15 00:00:00-04:00,4.96999979019165,5.53000020980835,4.800000190734863,5.420000076293945,194500,0.0,0.0
2024-03-18 00:00:00-04:00,5.5,5.730000019073486,5.5,5.519999980926514,123600,0.0,0.0
2024-03-19 00:00:00-04:00,5.519999980926514,5.840000152587891,5.360000133514404,5.369999885559082,231000,0.0,0.0
2024-03-20 00:00:00-04:00,5.510000228881836,5.659999847412109,4.320000171661377,4.434999942779541,688900,0.0,0.0
2024-03-21 00:00:00-04:00,4.400000095367432,4.659999847412109,3.990000009536743,4.659999847412109,651700,0.0,0.0
2024-03-22 00:00:00-04:00,4.610000133514404,4.960000038146973,4.539999961853027,4.860000133514404,267500,0.0,0.0
2024-03-25 00:00:00-04:00,4.800000190734863,5.130000114440918,4.679999828338623,4.900000095367432,271600,0.0,0.0
2024-03-26 00:00:00-04:00,4.96999979019165,5.004000186920166,4.635000228881836,4.690000057220459,103400,0.0,0.0
2024-03-27 00:00:00-04:00,4.869999885559082,4.869999885559082,4.400000095367432,4.590000152587891,149700,0.0,0.0
2024-03-28 00:00:00-04:00,4.710000038146973,4.710000038146973,4.5,4.650000095367432,113400,0.0,0.0
2024-04-01 00:00:00-04:00,4.650000095367432,5.0,4.599999904632568,4.880000114440918,126600,0.0,0.0
2024-04-02 00:00:00-04:00,4.96999979019165,5.050000190734863,4.789999961853027,4.940000057220459,136600,0.0,0.0
2024-04-03 00:00:00-04:00,4.960000038146973,5.090000152587891,4.679999828338623,4.710000038146973,144700,0.0,0.0
2024-04-04 00:00:00-04:00,4.75,5.03000020980835,4.659999847412109,4.690000057220459,178500,0.0,0.0
2024-04-05 00:00:00-04:00,4.71999979019165,4.840000152587891,4.53000020980835,4.590000152587891,101100,0.0,0.0
2024-04-08 00:00:00-04:00,4.639999866485596,4.96999979019165,4.639999866485596,4.860000133514404,63200,0.0,0.0
2024-04-09 00:00:00-04:00,4.920000076293945,5.090000152587891,4.744999885559082,4.800000190734863,88100,0.0,0.0
2024-04-10 00:00:00-04:00,4.769999980926514,4.900000095367432,4.289999961853027,4.510000228881836,158400,0.0,0.0
2024-04-11 00:00:00-04:00,4.599999904632568,4.809999942779541,4.494999885559082,4.659999847412109,117200,0.0,0.0
2024-04-12 00:00:00-04:00,4.610000133514404,4.679999828338623,4.539999961853027,4.650000095367432,120000,0.0,0.0
2024-04-15 00:00:00-04:00,4.670000076293945,4.730000019073486,4.413000106811523,4.449999809265137,125000,0.0,0.0
2024-04-16 00:00:00-04:00,4.46999979019165,4.610000133514404,4.320000171661377,4.559999942779541,63200,0.0,0.0
2024-04-17 00:00:00-04:00,4.619999885559082,4.71999979019165,4.519999980926514,4.679999828338623,85200,0.0,0.0
2024-04-18 00:00:00-04:00,4.650000095367432,4.71999979019165,4.269999980926514,4.300000190734863,86200,0.0,0.0
2024-04-19 00:00:00-04:00,4.300000190734863,4.314000129699707,3.950000047683716,4.0,152600,0.0,0.0
2024-04-22 00:00:00-04:00,3.990000009536743,4.059999942779541,3.700000047683716,3.869999885559082,178100,0.0,0.0
2024-04-23 00:00:00-04:00,3.9100000858306885,4.099999904632568,3.819999933242798,3.9100000858306885,143600,0.0,0.0
2024-04-24 00:00:00-04:00,3.950000047683716,3.9600000381469727,3.75,3.859999895095825,114600,0.0,0.0
2024-04-25 00:00:00-04:00,3.7899999618530273,3.809999942779541,3.6600000858306885,3.700000047683716,85900,0.0,0.0
2024-04-26 00:00:00-04:00,3.690000057220459,3.869999885559082,3.619999885559082,3.8299999237060547,80000,0.0,0.0
2024-04-29 00:00:00-04:00,3.8499999046325684,3.9690001010894775,3.3499999046325684,3.5299999713897705,241700,0.0,0.0
2024-04-30 00:00:00-04:00,3.5299999713897705,3.740000009536743,3.4600000381469727,3.640000104904175,147700,0.0,0.0
2024-05-01 00:00:00-04:00,3.619999885559082,3.8299999237060547,3.619999885559082,3.690000057220459,64000,0.0,0.0
2024-05-02 00:00:00-04:00,3.7679998874664307,3.7799999713897705,3.700000047683716,3.7200000286102295,21800,0.0,0.0
2024-05-03 00:00:00-04:00,3.799999952316284,3.930000066757202,3.630000114440918,3.680000066757202,92900,0.0,0.0
2024-05-06 00:00:00-04:00,3.759999990463257,4.0,3.6600000858306885,3.8499999046325684,82000,0.0,0.0
2024-05-07 00:00:00-04:00,3.8299999237060547,3.880000114440918,3.7699999809265137,3.819999933242798,65800,0.0,0.0
2024-05-08 00:00:00-04:00,3.7899999618530273,3.950000047683716,3.750999927520752,3.8299999237060547,52700,0.0,0.0
2024-05-09 00:00:00-04:00,3.9000000953674316,4.0,3.680000066757202,3.799999952316284,101000,0.0,0.0
2024-05-10 00:00:00-04:00,3.799999952316284,3.880000114440918,3.5299999713897705,3.5299999713897705,79400,0.0,0.0
2024-05-13 00:00:00-04:00,3.5999999046325684,3.690000057220459,3.5,3.5299999713897705,58200,0.0,0.0
2024-05-14 00:00:00-04:00,3.5899999141693115,3.7200000286102295,3.4700000286102295,3.640000104904175,100100,0.0,0.0
2024-05-15 00:00:00-04:00,3.7200000286102295,3.75,3.4600000381469727,3.4800000190734863,67500,0.0,0.0
2024-05-16 00:00:00-04:00,3.5299999713897705,3.549999952316284,3.4600000381469727,3.490000009536743,43500,0.0,0.0
2024-05-17 00:00:00-04:00,3.5,3.5,3.319999933242798,3.3399999141693115,47000,0.0,0.0
2024-05-20 00:00:00-04:00,3.359999895095825,3.440000057220459,3.240000009536743,3.240000009536743,63400,0.0,0.0
2024-05-21 00:00:00-04:00,3.3499999046325684,3.3499999046325684,3.130000114440918,3.240000009536743,144500,0.0,0.0
2024-05-22 00:00:00-04:00,3.2699999809265137,3.2699999809265137,3.0899999141693115,3.0899999141693115,167200,0.0,0.0
2024-05-23 00:00:00-04:00,3.109999895095825,3.1500000953674316,2.940000057220459,3.109999895095825,119800,0.0,0.0
2024-05-24 00:00:00-04:00,3.119999885559082,3.119999885559082,2.9600000381469727,3.049999952316284,92000,0.0,0.0
2024-05-28 00:00:00-04:00,3.049999952316284,3.119999885559082,2.859999895095825,2.950000047683716,65100,0.0,0.0
2024-05-29 00:00:00-04:00,2.9100000858306885,3.0,2.9000000953674316,2.930000066757202,26500,0.0,0.0
2024-05-30 00:00:00-04:00,2.9100000858306885,3.1600000858306885,2.9100000858306885,3.0399999618530273,129500,0.0,0.0
2024-05-31 00:00:00-04:00,2.9700000286102295,3.1600000858306885,2.950000047683716,3.0,63600,0.0,0.0
2024-06-03 00:00:00-04:00,3.049999952316284,3.1649999618530273,3.002000093460083,3.0799999237060547,40100,0.0,0.0
2024-06-04 00:00:00-04:00,3.174999952316284,3.174999952316284,2.880000114440918,2.950000047683716,136700,0.0,0.0
2024-06-05 00:00:00-04:00,2.869999885559082,3.049999952316284,2.450000047683716,2.9600000381469727,511300,0.0,0.0
2024-06-06 00:00:00-04:00,2.950000047683716,3.059999942779541,2.950000047683716,3.0399999618530273,58400,0.0,0.0
2024-06-07 00:00:00-04:00,3.009999990463257,3.0899999141693115,2.9000000953674316,2.950000047683716,98200,0.0,0.0
2024-06-10 00:00:00-04:00,2.930000066757202,3.240000009536743,2.9230000972747803,3.119999885559082,106500,0.0,0.0
2024-06-11 00:00:00-04:00,3.1600000858306885,3.1600000858306885,2.990000009536743,3.0399999618530273,93200,0.0,0.0
2024-06-12 00:00:00-04:00,3.0799999237060547,3.140000104904175,3.009999990463257,3.0299999713897705,41000,0.0,0.0
2024-06-13 00:00:00-04:00,3.049999952316284,3.1700000762939453,2.990000009536743,3.009999990463257,40500,0.0,0.0
2024-06-14 00:00:00-04:00,3.0,3.049999952316284,3.0,3.009999990463257,21600,0.0,0.0
2024-06-17 00:00:00-04:00,3.009999990463257,3.0399999618530273,2.9800000190734863,3.0,68200,0.0,0.0
2024-06-18 00:00:00-04:00,3.0,3.190000057220459,2.990000009536743,3.0299999713897705,88900,0.0,0.0
2024-06-20 00:00:00-04:00,3.0199999809265137,3.1600000858306885,3.0,3.0399999618530273,89800,0.0,0.0
2024-06-21 00:00:00-04:00,3.049999952316284,3.072000026702881,3.0,3.0299999713897705,79000,0.0,0.0
2024-06-24 00:00:00-04:00,3.0399999618530273,3.0989999771118164,2.9800000190734863,3.0,81400,0.0,0.0
2024-06-25 00:00:00-04:00,3.009999990463257,3.0299999713897705,2.9700000286102295,2.990000009536743,40300,0.0,0.0
2024-06-26 00:00:00-04:00,2.990000009536743,3.0179998874664307,2.944999933242798,2.990000009536743,47000,0.0,0.0
2024-06-27 00:00:00-04:00,3.009999990463257,3.0399999618530273,2.9579999446868896,2.990000009536743,22200,0.0,0.0
2024-06-28 00:00:00-04:00,3.009999990463257,3.0399999618530273,2.9600000381469727,3.0,57800,0.0,0.0
2024-07-01 00:00:00-04:00,3.0299999713897705,3.0799999237060547,3.0,3.069999933242798,47100,0.0,0.0
2024-07-02 00:00:00-04:00,3.059999942779541,3.059999942779541,2.9800000190734863,2.990000009536743,44500,0.0,0.0
2024-07-03 00:00:00-04:00,3.0,3.0299999713897705,2.9700000286102295,3.009999990463257,37500,0.0,0.0
2024-07-05 00:00:00-04:00,3.0399999618530273,3.059999942779541,2.990000009536743,3.0199999809265137,98000,0.0,0.0
2024-07-08 00:00:00-04:00,3.049999952316284,3.190000057220459,3.0199999809265137,3.190000057220459,96900,0.0,0.0
2024-07-09 00:00:00-04:00,3.190000057220459,4.119999885559082,3.180000066757202,4.099999904632568,418000,0.0,0.0
2024-07-10 00:00:00-04:00,3.690000057220459,4.269999980926514,3.619999885559082,4.260000228881836,540300,0.0,0.0
2024-07-11 00:00:00-04:00,4.260000228881836,4.46999979019165,4.03000020980835,4.360000133514404,227400,0.0,0.0
2024-07-12 00:00:00-04:00,4.349999904632568,4.349999904632568,4.039999961853027,4.059999942779541,78100,0.0,0.0
2024-07-15 00:00:00-04:00,4.070000171661377,4.070000171661377,3.819999933242798,3.8399999141693115,98700,0.0,0.0
2024-07-16 00:00:00-04:00,3.8299999237060547,3.875999927520752,3.7699999809265137,3.7699999809265137,63900,0.0,0.0
2024-07-17 00:00:00-04:00,3.700000047683716,3.7799999713897705,3.6500000953674316,3.7200000286102295,55800,0.0,0.0
2024-07-18 00:00:00-04:00,3.700000047683716,4.070000171661377,3.6600000858306885,4.054999828338623,169000,0.0,0.0
2024-07-19 00:00:00-04:00,4.039999961853027,4.369999885559082,4.039999961853027,4.159999847412109,92000,0.0,0.0
2024-07-22 00:00:00-04:00,4.150000095367432,4.199999809265137,3.9200000762939453,4.139999866485596,54800,0.0,0.0
2024-07-23 00:00:00-04:00,4.031000137329102,4.114999771118164,3.8499999046325684,3.990000009536743,100500,0.0,0.0
2024-07-24 00:00:00-04:00,4.0,4.079999923706055,3.859999895095825,4.059999942779541,51000,0.0,0.0
2024-07-25 00:00:00-04:00,4.090000152587891,4.236999988555908,4.0,4.050000190734863,52400,0.0,0.0
2024-07-26 00:00:00-04:00,4.019999980926514,4.059999942779541,3.9100000858306885,3.930000066757202,47700,0.0,0.0
2024-07-29 00:00:00-04:00,3.880000114440918,3.990000009536743,3.734999895095825,3.9800000190734863,49200,0.0,0.0
2024-07-30 00:00:00-04:00,4.010000228881836,4.014999866485596,3.7300000190734863,3.809999942779541,56400,0.0,0.0
2024-07-31 00:00:00-04:00,3.799999952316284,3.9200000762939453,3.4700000286102295,3.6600000858306885,131500,0.0,0.0
2024-08-01 00:00:00-04:00,3.7200000286102295,3.819999933242798,3.621000051498413,3.690000057220459,35200,0.0,0.0
2024-08-02 00:00:00-04:00,3.6500000953674316,3.75,3.4700000286102295,3.5999999046325684,44500,0.0,0.0
2024-08-05 00:00:00-04:00,3.4800000190734863,3.569999933242798,3.3350000381469727,3.390000104904175,45700,0.0,0.0
2024-08-06 00:00:00-04:00,3.450000047683716,3.5299999713897705,3.240000009536743,3.240000009536743,47200,0.0,0.0
2024-08-07 00:00:00-04:00,3.25,3.359999895095825,3.2149999141693115,3.240000009536743,50400,0.0,0.0
2024-08-08 00:00:00-04:00,3.2100000381469727,3.240000009536743,2.25,2.299999952316284,730800,0.0,0.0
2024-08-09 00:00:00-04:00,2.4800000190734863,2.890000104904175,2.2100000381469727,2.299999952316284,384700,0.0,0.0
2024-08-12 00:00:00-04:00,2.3299999237060547,2.3499999046325684,1.8799999952316284,2.299999952316284,339800,0.0,0.0
2024-08-13 00:00:00-04:00,2.4000000953674316,2.640000104904175,2.2699999809265137,2.5399999618530273,108900,0.0,0.0
2024-08-14 00:00:00-04:00,2.5899999141693115,2.7100000381469727,2.5,2.569999933242798,51200,0.0,0.0
2024-08-15 00:00:00-04:00,2.609999895095825,2.9200000762939453,2.569999933242798,2.569999933242798,104600,0.0,0.0
2024-08-16 00:00:00-04:00,2.630000114440918,2.759999990463257,2.3499999046325684,2.5,77500,0.0,0.0
2024-08-19 00:00:00-04:00,2.440000057220459,2.950000047683716,2.428999900817871,2.890000104904175,93300,0.0,0.0
2024-08-20 00:00:00-04:00,2.8499999046325684,2.934999942779541,2.6600000858306885,2.700000047683716,80900,0.0,0.0
2024-08-21 00:00:00-04:00,2.799999952316284,2.859999895095825,2.744999885559082,2.799999952316284,67200,0.0,0.0
2024-08-22 00:00:00-04:00,2.8299999237060547,2.930000066757202,2.700000047683716,2.799999952316284,85100,0.0,0.0
2024-08-23 00:00:00-04:00,2.805000066757202,2.9100000858306885,2.700000047683716,2.7699999809265137,48200,0.0,0.0
2024-08-26 00:00:00-04:00,2.799999952316284,2.880000114440918,2.734999895095825,2.799999952316284,52300,0.0,0.0
2024-08-27 00:00:00-04:00,2.799999952316284,2.880000114440918,2.7200000286102295,2.7200000286102295,19400,0.0,0.0
2024-08-28 00:00:00-04:00,2.740000009536743,2.740000009536743,2.5299999713897705,2.5899999141693115,51100,0.0,0.0
2024-08-29 00:00:00-04:00,2.640000104904175,2.6700000762939453,2.559999942779541,2.640000104904175,31400,0.0,0.0
2024-08-30 00:00:00-04:00,2.680000066757202,2.890000104904175,2.6500000953674316,2.799999952316284,78100,0.0,0.0
2024-09-03 00:00:00-04:00,2.799999952316284,2.8499999046325684,2.359999895095825,2.740000009536743,421800,0.0,0.0
2024-09-04 00:00:00-04:00,2.7200000286102295,2.75,2.5199999809265137,2.549999952316284,27000,0.0,0.0
2024-09-05 00:00:00-04:00,2.5799999237060547,2.5799999237060547,2.4000000953674316,2.4200000762939453,37800,0.0,0.0
2024-09-06 00:00:00-04:00,2.4200000762939453,2.4600000381469727,2.319999933242798,2.4000000953674316,71300,0.0,0.0
2024-09-09 00:00:00-04:00,2.559999942779541,2.950000047683716,2.4700000286102295,2.7899999618530273,294200,0.0,0.0
2024-09-10 00:00:00-04:00,2.819999933242798,2.890000104904175,2.624000072479248,2.809999942779541,141200,0.0,0.0
2024-09-11 00:00:00-04:00,2.809999942779541,3.062000036239624,2.7899999618530273,3.0199999809265137,202800,0.0,0.0
2024-09-12 00:00:00-04:00,3.5199999809265137,3.9200000762939453,3.2200000286102295,3.2699999809265137,690000,0.0,0.0
2024-09-13 00:00:00-04:00,3.25,3.4790000915527344,3.015000104904175,3.0899999141693115,163500,0.0,0.0
2024-09-16 00:00:00-04:00,3.069999933242798,3.25,3.0,3.0299999713897705,139600,0.0,0.0
2024-09-17 00:00:00-04:00,3.7699999809265137,3.7699999809265137,3.1989998817443848,3.440000057220459,2096700,0.0,0.0
2024-09-18 00:00:00-04:00,3.4700000286102295,3.7899999618530273,3.430000066757202,3.490000009536743,606600,0.0,0.0
2024-09-19 00:00:00-04:00,3.5,3.7850000858306885,3.3499999046325684,3.5,610700,0.0,0.0
2024-09-20 00:00:00-04:00,3.4800000190734863,3.625,3.434999942779541,3.509999990463257,331500,0.0,0.0
2024-09-23 00:00:00-04:00,3.509999990463257,3.640000104904175,3.299999952316284,3.5,238600,0.0,0.0
2024-09-24 00:00:00-04:00,3.5,3.569999933242798,3.4210000038146973,3.4600000381469727,71700,0.0,0.0
2024-09-25 00:00:00-04:00,3.4700000286102295,3.622999906539917,3.3399999141693115,3.380000114440918,100500,0.0,0.0
2024-09-26 00:00:00-04:00,3.4100000858306885,3.492000102996826,3.2200000286102295,3.2799999713897705,115300,0.0,0.0
2024-09-27 00:00:00-04:00,3.2699999809265137,3.4800000190734863,3.1600000858306885,3.369999885559082,168700,0.0,0.0
2024-09-30 00:00:00-04:00,3.369999885559082,3.5399999618530273,3.0999999046325684,3.240000009536743,201400,0.0,0.0
2024-10-01 00:00:00-04:00,3.25,3.440000057220459,3.1700000762939453,3.2699999809265137,99100,0.0,0.0
2024-10-02 00:00:00-04:00,3.240000009536743,3.490000009536743,3.194999933242798,3.4000000953674316,111300,0.0,0.0
2024-10-03 00:00:00-04:00,3.4000000953674316,3.5390000343322754,3.259999990463257,3.2799999713897705,58500,0.0,0.0
2024-10-04 00:00:00-04:00,3.3499999046325684,3.5950000286102295,3.3299999237060547,3.4800000190734863,170200,0.0,0.0
2024-10-07 00:00:00-04:00,3.549999952316284,3.680000066757202,3.450000047683716,3.5,309300,0.0,0.0
2024-10-08 00:00:00-04:00,3.5,3.559999942779541,3.369999885559082,3.490000009536743,233900,0.0,0.0
2024-10-09 00:00:00-04:00,3.490000009536743,3.549999952316284,3.319999933242798,3.4000000953674316,163900,0.0,0.0
2024-10-10 00:00:00-04:00,3.4000000953674316,3.4690001010894775,3.259999990463257,3.3299999237060547,38300,0.0,0.0
2024-10-11 00:00:00-04:00,3.3499999046325684,3.384000062942505,3.299999952316284,3.309999942779541,50300,0.0,0.0
2024-10-14 00:00:00-04:00,3.309999942779541,3.4100000858306885,3.1600000858306885,3.3499999046325684,116800,0.0,0.0
2024-10-15 00:00:00-04:00,3.359999895095825,3.549999952316284,3.359999895095825,3.4800000190734863,74500,0.0,0.0
2024-10-16 00:00:00-04:00,3.490000009536743,3.619999885559082,3.440000057220459,3.5,80400,0.0,0.0
2024-10-17 00:00:00-04:00,3.5,3.5399999618530273,3.450000047683716,3.490000009536743,59600,0.0,0.0
2024-10-18 00:00:00-04:00,3.509999990463257,3.690000057220459,3.490000009536743,3.609999895095825,170200,0.0,0.0
2024-10-21 00:00:00-04:00,3.609999895095825,3.6700000762939453,3.565999984741211,3.630000114440918,68000,0.0,0.0
2024-10-22 00:00:00-04:00,3.619999885559082,3.700000047683716,3.319999933242798,3.640000104904175,159000,0.0,0.0
2024-10-23 00:00:00-04:00,3.640000104904175,3.749000072479248,3.5,3.5950000286102295,80300,0.0,0.0
2024-10-24 00:00:00-04:00,3.5899999141693115,3.700000047683716,3.5399999618530273,3.630000114440918,66500,0.0,0.0
2024-10-25 00:00:00-04:00,3.609999895095825,3.7100000381469727,3.5999999046325684,3.619999885559082,148500,0.0,0.0
2024-10-28 00:00:00-04:00,3.619999885559082,3.9800000190734863,3.609999895095825,3.640000104904175,416400,0.0,0.0
2024-10-29 00:00:00-04:00,3.609999895095825,3.7160000801086426,3.549999952316284,3.569999933242798,55100,0.0,0.0
2024-10-30 00:00:00-04:00,3.5899999141693115,3.640000104904175,3.5,3.5,43700,0.0,0.0
2024-10-31 00:00:00-04:00,3.490000009536743,3.555000066757202,3.4000000953674316,3.4800000190734863,68200,0.0,0.0
2024-11-01 00:00:00-04:00,3.4700000286102295,3.6500000953674316,3.427000045776367,3.490000009536743,43200,0.0,0.0
2024-11-04 00:00:00-05:00,3.5,3.671999931335449,3.359999895095825,3.4200000762939453,114200,0.0,0.0
2024-11-05 00:00:00-05:00,3.4100000858306885,3.4649999141693115,3.2249999046325684,3.319999933242798,73800,0.0,0.0
2024-11-06 00:00:00-05:00,3.440000057220459,3.5,3.3450000286102295,3.4000000953674316,88900,0.0,0.0
2024-11-07 00:00:00-05:00,3.4000000953674316,3.434999942779541,3.2200000286102295,3.259999990463257,83600,0.0,0.0
2024-11-08 00:00:00-05:00,3.25,3.2799999713897705,3.059999942779541,3.2799999713897705,151500,0.0,0.0
2024-11-11 00:00:00-05:00,3.2799999713897705,3.3429999351501465,3.2300000190734863,3.25,118200,0.0,0.0
2024-11-12 00:00:00-05:00,3.240000009536743,3.424999952316284,3.240000009536743,3.299999952316284,118800,0.0,0.0
2024-11-13 00:00:00-05:00,3.319999933242798,3.4000000953674316,3.180000066757202,3.2100000381469727,108300,0.0,0.0
2024-11-14 00:00:00-05:00,3.200000047683716,3.2699999809265137,3.1050000190734863,3.1600000858306885,84200,0.0,0.0
2024-11-15 00:00:00-05:00,3.140000104904175,3.25,2.9600000381469727,3.009999990463257,255700,0.0,0.0
2024-11-18 00:00:00-05:00,3.0199999809265137,3.2200000286102295,2.9760000705718994,3.0199999809265137,153800,0.0,0.0
2024-11-19 00:00:00-05:00,3.0,3.130000114440918,2.9600000381469727,2.9800000190734863,164100,0.0,0.0
2024-11-20 00:00:00-05:00,2.9700000286102295,3.0399999618530273,2.809999942779541,2.8499999046325684,175000,0.0,0.0
2024-11-21 00:00:00-05:00,2.8399999141693115,2.9149999618530273,2.734999895095825,2.75,250700,0.0,0.0
2024-11-22 00:00:00-05:00,2.8499999046325684,2.9700000286102295,2.75,2.799999952316284,142200,0.0,0.0
2024-11-25 00:00:00-05:00,2.890000104904175,2.9800000190734863,2.7200000286102295,2.759999990463257,122300,0.0,0.0
2024-11-26 00:00:00-05:00,2.7799999713897705,2.809999942779541,2.6700000762939453,2.7200000286102295,154400,0.0,0.0
2024-11-27 00:00:00-05:00,2.75,2.9000000953674316,2.6449999809265137,2.9000000953674316,125100,0.0,0.0
2024-11-29 00:00:00-05:00,2.890000104904175,3.069999933242798,2.7760000228881836,3.0199999809265137,112000,0.0,0.0
2024-12-02 00:00:00-05:00,2.990000009536743,3.3989999294281006,2.9000000953674316,3.2899999618530273,262900,0.0,0.0
2024-12-03 00:00:00-05:00,3.25,3.25,2.759999990463257,2.7699999809265137,203300,0.0,0.0
2024-12-04 00:00:00-05:00,0.6949999928474426,0.7269999980926514,0.6200000047683716,0.6299999952316284,17988400,0.0,0.0
2024-12-05 00:00:00-05:00,0.6399999856948853,0.6399999856948853,0.4429999887943268,0.44999998807907104,7655600,0.0,0.0
2024-12-06 00:00:00-05:00,0.4580000042915344,0.4869999885559082,0.4320000112056732,0.4580000042915344,2604500,0.0,0.0
2024-12-09 00:00:00-05:00,0.49900001287460327,0.5090000033378601,0.4620000123977661,0.48100000619888306,2478600,0.0,0.0
2024-12-10 00:00:00-05:00,0.49900001287460327,0.5019999742507935,0.4569999873638153,0.4699999988079071,1748500,0.0,0.0
2024-12-11 00:00:00-05:00,0.45500001311302185,0.45500001311302185,0.4169999957084656,0.4180000126361847,1517900,0.0,0.0
2024-12-12 00:00:00-05:00,0.39800000190734863,0.4169999957084656,0.3580000102519989,0.3700000047683716,3045300,0.0,0.0
2024-12-13 00:00:00-05:00,0.3630000054836273,0.3720000088214874,0.3499999940395355,0.367000013589859,871500,0.0,0.0
2024-12-16 00:00:00-05:00,0.35499998927116394,0.4129999876022339,0.35499998927116394,0.3889999985694885,1258800,0.0,0.0
2024-12-17 00:00:00-05:00,0.37700000405311584,0.3889999985694885,0.35199999809265137,0.3619999885559082,1124600,0.0,0.0
2024-12-18 00:00:00-05:00,0.35199999809265137,0.39899998903274536,0.35199999809265137,0.3529999852180481,883700,0.0,0.0
2024-12-19 00:00:00-05:00,0.3540000021457672,0.3700000047683716,0.34200000762939453,0.3529999852180481,670800,0.0,0.0
2024-12-20 00:00:00-05:00,0.34299999475479126,0.3799999952316284,0.34299999475479126,0.3630000054836273,425000,0.0,0.0
2024-12-23 00:00:00-05:00,0.38999998569488525,0.4000000059604645,0.3499999940395355,0.3799999952316284,542300,0.0,0.0
2024-12-24 00:00:00-05:00,0.36000001430511475,0.3700000047683716,0.34299999475479126,0.3610000014305115,610000,0.0,0.0
2024-12-26 00:00:00-05:00,0.35499998927116394,0.3709999918937683,0.3499999940395355,0.3619999885559082,337300,0.0,0.0
2024-12-27 00:00:00-05:00,0.36000001430511475,0.4099999964237213,0.35600000619888306,0.382999986410141,1245500,0.0,0.0
2024-12-30 00:00:00-05:00,0.38999998569488525,0.49219998717308044,0.38999998569488525,0.45899999141693115,3274706,0.0,0.0
