Date,Open,High,Low,Close,Volume,Dividends,Stock Splits
2022-01-03 00:00:00-05:00,42.71040994555601,42.80769868530979,42.02451208291099,42.07802200317383,3852600,0.0,0.0
2022-01-04 00:00:00-05:00,42.28233426155312,42.57906976834068,42.10721154570052,42.20936584472656,4343000,0.0,0.0
2022-01-05 00:00:00-05:00,42.20936833563314,42.41854249683843,41.38726834410096,41.4067268371582,3522800,0.0,0.0
2022-01-06 00:00:00-05:00,41.35807349742933,41.669405635485916,41.25591920534584,41.440773010253906,4033000,0.0,0.0
2022-01-07 00:00:00-05:00,40.5505669912556,40.91540534323211,39.83548322756921,39.94736862182617,6535800,0.0,0.0
2022-01-10 00:00:00-05:00,39.499836930998406,39.86467534000884,39.12527113073211,39.85008239746094,4771400,0.0,0.0
2022-01-11 00:00:00-05:00,39.850077497823186,40.195457370528615,39.37335744700693,40.18572998046875,3416400,0.0,0.0
2022-01-12 00:00:00-05:00,40.37544548144768,40.65758803938609,39.966828296566725,40.31707000732422,3727200,0.0,0.0
2022-01-13 00:00:00-05:00,40.27815375442031,40.46786939211866,39.699275740694446,39.82088851928711,3316600,0.0,0.0
2022-01-14 00:00:00-05:00,39.465785385746514,40.1030389954301,39.2858008130479,39.699283599853516,4938400,0.0,0.0
2022-01-18 00:00:00-05:00,39.276061767992665,39.276061767992665,38.614487958357415,38.84312057495117,3603200,0.0,0.0
2022-01-19 00:00:00-05:00,39.00365678081262,39.324712638117795,38.15236719355109,38.1912841796875,4643000,0.0,0.0
2022-01-20 00:00:00-05:00,38.31776252903558,38.83826520720884,37.8410423923385,37.899417877197266,4541400,0.0,0.0
2022-01-21 00:00:00-05:00,37.95777984958191,38.3858592053542,37.412956976893504,37.47132873535156,6697200,0.0,0.0
2022-01-24 00:00:00-05:00,36.94110465158716,37.77780129435955,36.10927355989918,37.62699890136719,7415600,0.0,0.0
2022-01-25 00:00:00-05:00,37.00920249231929,37.31566536508743,36.27466025416733,36.97515106201172,8570800,0.0,0.0
2022-01-26 00:00:00-05:00,38.29343339777194,38.945276127987476,36.727060171480495,37.135677337646484,10673800,0.0,0.0
2022-01-27 00:00:00-05:00,37.71456013334213,38.11344996033422,36.274665057582226,36.49843215942383,10778400,0.0,0.0
2022-01-28 00:00:00-05:00,36.537344033827345,37.51997366630164,36.07035140253315,37.51024627685547,6076000,0.0,0.0
2022-01-31 00:00:00-05:00,37.45674131184565,38.7750235801889,37.27189119729384,38.71664810180664,6604000,0.0,0.0
2022-02-01 00:00:00-05:00,38.64854410191922,38.818804981054015,38.079397121824236,38.48801803588867,4854200,0.0,0.0
2022-02-02 00:00:00-05:00,38.58530602973503,39.183642592108725,38.50261022289582,39.13499450683594,5714200,0.0,0.0
2022-02-03 00:00:00-05:00,38.67286201583329,38.96959748040813,38.41017797942307,38.463687896728516,4653600,0.0,0.0
2022-02-04 00:00:00-05:00,38.31289291381836,38.72151009092225,37.7777974008514,38.31289291381836,3804200,0.0,0.0
2022-02-07 00:00:00-05:00,38.46369201560989,38.72637608014961,37.82644220114898,37.92859649658203,4318200,0.0,0.0
2022-02-08 00:00:00-05:00,37.89454201001377,38.32748319870829,37.48592114989362,38.25938034057617,5434000,0.0,0.0
2022-02-09 00:00:00-05:00,38.78475734976078,39.15932315565654,38.643686050797164,38.911231994628906,5216800,0.0,0.0
2022-02-10 00:00:00-05:00,38.31775070506661,38.8528498728317,37.466461298038695,37.74860382080078,5864400,0.0,0.0
2022-02-11 00:00:00-05:00,37.85076100187541,37.90913647318968,36.36222174097343,36.57139587402344,6483400,0.0,0.0
2022-02-14 00:00:00-05:00,36.52275803911015,37.062719183575204,36.29412537470967,36.634639739990234,5137400,0.0,0.0
2022-02-15 00:00:00-05:00,37.35458955728002,37.56376372993065,37.10163284502294,37.35945510864258,5091000,0.0,0.0
2022-02-16 00:00:00-05:00,37.116220943404116,37.58807539961264,36.81461992102872,37.432411193847656,6348000,0.0,0.0
2022-02-17 00:00:00-05:00,37.13082134372162,37.228110100125775,36.68328712613745,36.71733856201172,4922400,0.0,0.0
2022-02-18 00:00:00-05:00,36.6930137681678,37.262160775302256,36.654096781869356,37.082176208496094,10957200,0.0,0.0
2022-02-22 00:00:00-05:00,36.86326421173274,37.14054119364598,36.25520032935043,36.454647064208984,5718000,0.0,0.0
2022-02-23 00:00:00-05:00,36.678415095759476,36.84867224505529,35.6860543681571,35.83685302734375,6946400,0.0,0.0
2022-02-24 00:00:00-05:00,34.83962878779914,36.6054449279814,34.58667213985384,36.5373420715332,6617600,0.0,0.0
2022-02-25 00:00:00-05:00,36.58599040304028,37.42755252223285,36.410867692819025,37.38376998901367,4100000,0.0,0.0
2022-02-28 00:00:00-05:00,36.82434868951171,37.16000115349174,36.50815842722464,36.97515106201172,5904200,0.0,0.0
2022-03-01 00:00:00-05:00,36.95569328660876,36.95569328660876,35.75902394094164,36.05575942993164,4920600,0.0,0.0
2022-03-02 00:00:00-05:00,36.35736079686698,37.22810886982214,36.2308861599869,37.05298614501953,5017200,0.0,0.0
2022-03-03 00:00:00-05:00,37.271890791187836,37.495657888889696,36.67355420610505,37.14541244506836,4668200,0.0,0.0
2022-03-04 00:00:00-05:00,36.6930137681678,37.29135037069013,36.46438111282454,37.082176208496094,4105000,0.0,0.0
2022-03-07 00:00:00-05:00,37.02865655208696,37.0821664663573,35.389315120397654,35.42336654663086,7362800,0.0,0.0
2022-03-08 00:00:00-05:00,35.394186441449826,36.26979627793111,34.883411253339965,35.287166595458984,8630000,0.0,0.0
2022-03-09 00:00:00-05:00,36.26978738924439,36.64435675841612,35.705506127756,36.44004821777344,5728200,0.0,0.0
2022-03-10 00:00:00-05:00,35.84658809970466,36.435193573243616,35.56931107975113,36.128726959228516,4115000,0.0,0.0
2022-03-11 00:00:00-05:00,36.46924447532001,36.67841862496091,35.74929511731733,35.80767059326172,4592600,0.0,0.0
2022-03-14 00:00:00-04:00,36.06549026229137,36.32817434538969,34.55749234346292,34.77639389038086,7703000,0.0,0.0
2022-03-15 00:00:00-04:00,35.02935203204775,35.783349166991705,35.02935203204775,35.72011184692383,7591600,0.0,0.0
2022-03-16 00:00:00-04:00,36.06548850711246,36.80003079384384,35.768753004238455,36.59572219848633,4674800,0.0,0.0
2022-03-17 00:00:00-04:00,36.42059830958391,36.93136978149414,36.34276434548653,36.93136978149414,3943400,0.0,0.0
2022-03-18 00:00:00-04:00,37.1843243084986,37.45673574446996,36.70760058422126,37.330257415771484,11868600,0.0,0.0
2022-03-21 00:00:00-04:00,37.188824861110916,37.5936352575633,36.94496371448068,37.09128189086914,6392600,0.1,0.0
2022-03-22 00:00:00-04:00,36.915695830498684,37.218081223869575,36.86692063193222,36.920570373535156,11387200,0.0,0.0
2022-03-23 00:00:00-04:00,36.69622152510645,36.90594224417351,36.19386819644072,36.2036247253418,5491600,0.0,0.0
2022-03-24 00:00:00-04:00,36.40847111480035,36.78889392049533,36.25727466869717,36.78401565551758,4974400,0.0,0.0
2022-03-25 00:00:00-04:00,36.95471248931874,37.03274983381466,36.54014932950396,36.905941009521484,5335800,0.0,0.0
2022-03-28 00:00:00-04:00,36.91569979964428,37.05226143985286,36.593801315416364,36.97422409057617,4612400,0.0,0.0
2022-03-29 00:00:00-04:00,37.447314289746274,37.7789655732822,37.16931275215185,37.730194091796875,3622200,0.0,0.0
2022-03-30 00:00:00-04:00,37.588750152142644,37.715558967200245,37.276608238943254,37.413169860839844,3578400,0.0,0.0
2022-03-31 00:00:00-04:00,37.291242288212466,37.471700857860775,36.74987030029297,36.74987030029297,5232800,0.0,0.0
2022-04-01 00:00:00-04:00,37.06689465670804,37.21808737839529,36.34506401824709,36.857173919677734,4240400,0.0,0.0
2022-04-04 00:00:00-04:00,36.82791091954883,37.2034554431477,36.749873567565515,37.062015533447266,4950000,0.0,0.0
2022-04-05 00:00:00-04:00,36.94983900006875,37.01811981793773,36.174358681377456,36.28165817260742,4122400,0.0,0.0
2022-04-06 00:00:00-04:00,35.85734361322577,35.964643119840005,35.4330275729208,35.632991790771484,5251600,0.0,0.0
2022-04-07 00:00:00-04:00,35.5988471016028,36.23288753488955,35.41839224490201,36.07681655883789,4699800,0.0,0.0
2022-04-08 00:00:00-04:00,35.96463574249798,36.10119736980316,35.57446019605825,35.74028396606445,3304400,0.0,0.0
2022-04-11 00:00:00-04:00,35.52569443659129,35.62811940531136,34.92579802566664,34.989200592041016,4420600,0.0,0.0
2022-04-12 00:00:00-04:00,35.27206941253259,35.60372065791305,34.85262802216832,35.018455505371094,5720000,0.0,0.0
2022-04-13 00:00:00-04:00,35.03308673842449,35.208667029205984,34.89652511693335,35.072105407714844,4907200,0.0,0.0
2022-04-14 00:00:00-04:00,35.072111630841015,35.164776335566465,34.296631255452176,34.32589340209961,6106000,0.0,0.0
2022-04-18 00:00:00-04:00,34.20884465120486,34.642917236392876,34.06740472599371,34.350284576416016,6188800,0.0,0.0
2022-04-19 00:00:00-04:00,34.447822217674855,34.764842433948616,34.267367361184455,34.68193054199219,12284200,0.0,0.0
2022-04-20 00:00:00-04:00,35.04771659295997,35.73540294046981,35.04771659295997,35.37936782836914,5300200,0.0,0.0
2022-04-21 00:00:00-04:00,35.82319674097811,35.89147755632691,34.842877725888044,34.930667877197266,3813400,0.0,0.0
2022-04-22 00:00:00-04:00,34.71607115912049,34.984319894730135,33.83329504542882,33.867435455322266,4081000,0.0,0.0
2022-04-25 00:00:00-04:00,33.68697138880193,34.55023802463082,33.326058011435194,34.48683547973633,4703800,0.0,0.0
2022-04-26 00:00:00-04:00,34.30638058890539,34.41368007711136,33.4040951887581,33.4333610534668,5693600,0.0,0.0
2022-04-27 00:00:00-04:00,33.84304916767314,35.02821447288848,33.52115439346783,34.218597412109375,5461400,0.0,0.0
2022-04-28 00:00:00-04:00,34.78923089526807,36.03292046842396,34.599019505008634,35.87197494506836,7674200,0.0,0.0
2022-04-29 00:00:00-04:00,35.55007256997156,35.91098597344138,34.82336749891031,34.87213897705078,7644800,0.0,0.0
2022-05-02 00:00:00-04:00,34.82824445903815,35.1940361129341,34.07715181651546,34.91603088378906,5106600,0.0,0.0
2022-05-03 00:00:00-04:00,35.02333441718307,35.36474223294195,34.85263236981641,35.10137176513672,3855400,0.0,0.0
2022-05-04 00:00:00-04:00,35.18916385206997,36.09144934139981,34.85751254711878,36.06218719482422,4436400,0.0,0.0
2022-05-05 00:00:00-04:00,35.64274375029927,35.71590283370235,34.32101686864559,34.70631790161133,3357600,0.0,0.0
2022-05-06 00:00:00-04:00,34.394169427169714,34.54048758204785,33.721114100985815,34.34539794921875,4804600,0.0,0.0
2022-05-09 00:00:00-04:00,33.85767698482263,34.36978682488594,33.569922649509714,33.69672775268555,4898400,0.0,0.0
2022-05-10 00:00:00-04:00,34.306377006490024,34.40392367695712,33.23826794230658,33.672340393066406,4556400,0.0,0.0
2022-05-11 00:00:00-04:00,33.57479592895062,34.2088363050649,33.28216334036913,33.3455696105957,4727800,0.0,0.0
2022-05-12 00:00:00-04:00,33.160235824531505,33.63332701793099,32.872481473674426,33.47237777709961,4556200,0.0,0.0
2022-05-13 00:00:00-04:00,33.78939092822403,34.608764312625475,33.72598838646984,34.369781494140625,3819600,0.0,0.0
2022-05-16 00:00:00-04:00,34.0235020255128,34.23322272227466,33.64795384429905,33.916202545166016,3133600,0.0,0.0
2022-05-17 00:00:00-04:00,34.64291186776837,34.759964169414246,34.228348686960636,34.68193054199219,3598600,0.0,0.0
2022-05-18 00:00:00-04:00,34.23810071965799,34.50147118316619,33.06269202323164,33.150482177734375,4013400,0.0,0.0
2022-05-19 00:00:00-04:00,32.848096614053325,33.35532825957553,32.6725162859485,32.96514892578125,6403200,0.0,0.0
2022-05-20 00:00:00-04:00,33.35044836546205,33.423607452102914,32.53595304605718,33.37483596801758,5394200,0.0,0.0
2022-05-23 00:00:00-04:00,33.62357529045145,33.95522659084182,33.32118613623426,33.84792709350586,4250200,0.0,0.0
2022-05-24 00:00:00-04:00,33.66259173657669,33.847928593287584,33.04806431355618,33.6479606628418,3789400,0.0,0.0
2022-05-25 00:00:00-04:00,33.44312032290523,33.808912073726425,33.16511874112216,33.53091049194336,5315800,0.0,0.0
2022-05-26 00:00:00-04:00,33.67722362600688,34.30150752501098,33.462624640339634,34.101539611816406,4431000,0.0,0.0
2022-05-27 00:00:00-04:00,34.50147227298787,35.00870387935643,34.50147227298787,34.78923034667969,6475600,0.0,0.0
2022-05-31 00:00:00-04:00,34.57463244646018,34.84288119131395,34.13080710255071,34.560001373291016,7559200,0.0,0.0
2022-06-01 00:00:00-04:00,34.62827718181085,34.74045492824245,33.60893954100175,33.78939437866211,5932200,0.0,0.0
2022-06-02 00:00:00-04:00,33.88206681878113,35.12575637930974,33.72111757603398,35.10625076293945,3711000,0.0,0.0
2022-06-03 00:00:00-04:00,34.62827592791384,34.77946861799784,34.41367697087199,34.56974792480469,4054000,0.0,0.0
2022-06-06 00:00:00-04:00,34.920911849168,35.33060046815754,34.66241965578224,34.75020980834961,3196800,0.0,0.0
2022-06-07 00:00:00-04:00,34.433186942533446,34.94529674639782,34.29662532044298,34.91603088378906,3292000,0.0,0.0
2022-06-08 00:00:00-04:00,34.64291837040157,34.82825524724049,34.27712660320004,34.38442611694336,2650800,0.0,0.0
2022-06-09 00:00:00-04:00,34.218593876989885,34.467329538307126,33.66258710439309,33.72111511230469,2947200,0.0,0.0
2022-06-10 00:00:00-04:00,33.1260915853765,33.340690548344035,32.57496682805778,32.94563674926758,4857000,0.0,0.0
2022-06-13 00:00:00-04:00,32.23356011079149,32.540827494442205,31.682435335313254,31.80924415588379,5579600,0.0,0.0
2022-06-14 00:00:00-04:00,31.979954744822443,32.19942831668566,31.701953150650098,31.960445404052734,5036400,0.0,0.0
2022-06-15 00:00:00-04:00,32.26283053636648,32.73592175755671,31.77022997686651,32.248199462890625,4195800,0.0,0.0
2022-06-16 00:00:00-04:00,31.443455374723435,31.526367267662874,30.190009288370515,30.487518310546875,4922200,0.0,0.0
2022-06-17 00:00:00-04:00,30.56580546502273,31.05509320101997,30.174373783037268,30.776199340820312,7595600,0.1,0.0
2022-06-21 00:00:00-04:00,31.329091808577704,31.329091808577704,30.815340080888422,31.025733947753906,5201800,0.0,0.0
2022-06-22 00:00:00-04:00,30.737054145596908,31.309521743438054,30.619626139080705,30.996376037597656,6180600,0.0,0.0
2022-06-23 00:00:00-04:00,31.099126173868246,31.368234029426993,30.80066038504541,31.329090118408203,4160800,0.0,0.0
2022-06-24 00:00:00-04:00,31.744987158743328,32.263634700441806,31.622665224007616,32.21959686279297,6622400,0.0,0.0
2022-06-27 00:00:00-04:00,32.253851471616834,32.630605174989434,31.974957569820756,32.35171127319336,5087800,0.0,0.0
2022-06-28 00:00:00-04:00,32.52295187442052,32.72845179897443,31.612876513717573,31.666698455810547,3523400,0.0,0.0
2022-06-29 00:00:00-04:00,31.74498886070948,31.74498886070948,30.97191516230443,31.495454788208008,4113800,0.0,0.0
2022-06-30 00:00:00-04:00,31.059989238497888,31.789028879837687,30.967025228676434,31.500347137451172,4629400,0.0,0.0
2022-07-01 00:00:00-04:00,31.28016674926564,31.61288257648155,30.776200952078902,31.192094802856445,3889400,0.0,0.0
2022-07-05 00:00:00-04:00,30.653875767628314,31.299735395289055,30.228194116204815,31.289949417114258,4474400,0.0,0.0
2022-07-06 00:00:00-04:00,31.45630791504579,31.80370174771843,31.245914046472894,31.539485931396484,4518600,0.0,0.0
2022-07-07 00:00:00-04:00,31.803698355391386,32.30277013323132,31.61287646389653,32.20491409301758,5137600,0.0,0.0
2022-07-08 00:00:00-04:00,32.082601605766286,32.405533352729115,31.852635737408466,32.23427963256836,3488000,0.0,0.0
2022-07-11 00:00:00-04:00,31.94560011048746,32.102172053250314,31.681384257143353,31.78902816772461,3246200,0.0,0.0
2022-07-12 00:00:00-04:00,31.81349102999168,32.03856670241422,31.387813034209554,31.500347137451172,4003200,0.0,0.0
2022-07-13 00:00:00-04:00,30.9621248852839,31.622662529989974,30.864268839019623,31.39759063720703,2470800,0.0,0.0
2022-07-14 00:00:00-04:00,31.431843101105468,31.720524806358075,30.908305373142472,31.67648696899414,3403200,0.0,0.0
2022-07-15 00:00:00-04:00,32.16577951668282,32.376173423860195,31.886885614886747,32.35171127319336,3164600,0.0,0.0
2022-07-18 00:00:00-04:00,32.48381218530705,32.62570607535318,31.78413058016601,31.911346435546875,2534000,0.0,0.0
2022-07-19 00:00:00-04:00,32.32234567594902,33.14924311953248,32.32234567594902,33.10031509399414,3347000,0.0,0.0
2022-07-20 00:00:00-04:00,33.06606343185231,33.73149499786002,33.00734756439203,33.61406326293945,2990200,0.0,0.0
2022-07-21 00:00:00-04:00,33.73638972778374,34.225677490234375,33.584711715974244,34.225677490234375,3015400,0.0,0.0
2022-07-22 00:00:00-04:00,34.25013934954767,34.494783202044445,33.89295768239606,34.16206741333008,3848200,0.0,0.0
2022-07-25 00:00:00-04:00,34.22078754846906,34.24035950706532,33.75107174106705,34.04953384399414,2856600,0.0,0.0
2022-07-26 00:00:00-04:00,34.073997883826245,34.17185393854914,33.760854029149925,34.02017593383789,3960600,0.0,0.0
2022-07-27 00:00:00-04:00,34.97428912953068,36.62808033890942,34.935145214606294,36.417686462402344,6711000,0.0,0.0
2022-07-28 00:00:00-04:00,36.652544694116074,37.68004815383399,36.510650808145314,37.533260345458984,5363800,0.0,0.0
2022-07-29 00:00:00-04:00,37.45008014263803,37.880651964843466,37.317970376220906,37.7387580871582,6845600,0.0,0.0
2022-08-01 00:00:00-04:00,37.26905000816361,37.978519542298926,37.26905000816361,37.44029998779297,4924200,0.0,0.0
2022-08-02 00:00:00-04:00,37.185865778553534,37.826831480975905,37.16139989998533,37.401153564453125,4486800,0.0,0.0
2022-08-03 00:00:00-04:00,37.51858228360837,37.968726087272564,37.36201036350912,37.77301025390625,4120000,0.0,0.0
2022-08-04 00:00:00-04:00,37.84641003728082,38.056803937563615,37.74366004871987,37.92469787597656,3242600,0.0,0.0
2022-08-05 00:00:00-04:00,37.48922540769125,37.96383134719843,37.371793670419315,37.939369201660156,2702000,0.0,0.0
2022-08-08 00:00:00-04:00,38.12529844718064,38.296548403488295,37.846404594631295,37.95894241333008,3156600,0.0,0.0
2022-08-09 00:00:00-04:00,37.66537128009219,37.80237124787979,37.2739396010112,37.371795654296875,2458000,0.0,0.0
2022-08-10 00:00:00-04:00,38.130192822937886,38.50694273129362,37.91490502789512,38.32590866088867,3745600,0.0,0.0
2022-08-11 00:00:00-04:00,38.38952011575491,38.648842050964696,38.06169818758291,38.110626220703125,2741600,0.0,0.0
2022-08-12 00:00:00-04:00,38.306334395410396,38.913050096824186,38.267190483585274,38.888587951660156,2666800,0.0,0.0
2022-08-15 00:00:00-04:00,38.64394110441301,39.324050654497356,38.64394110441301,38.96197509765625,2488400,0.0,0.0
2022-08-16 00:00:00-04:00,38.869022563854465,39.09898841847567,38.76627257767745,38.9326286315918,2108200,0.0,0.0
2022-08-17 00:00:00-04:00,38.63904751450716,39.13811929045831,38.428653669172085,38.96686935424805,3838800,0.0,0.0
2022-08-18 00:00:00-04:00,39.15280908205731,39.353418876845446,38.986453017767424,39.211524963378906,2887800,0.0,0.0
2022-08-19 00:00:00-04:00,38.96687504672477,39.054946988637276,38.53140925975994,38.7564811706543,3369400,0.0,0.0
2022-08-22 00:00:00-04:00,38.086149486990536,38.30143725094796,37.763221574022964,37.88064956665039,2187600,0.0,0.0
2022-08-23 00:00:00-04:00,37.88554600099545,38.237833735209726,37.82193994513908,37.919795989990234,2121200,0.0,0.0
2022-08-24 00:00:00-04:00,37.86108489512579,37.939372727248795,37.63601297722611,37.69472885131836,2167200,0.0,0.0
2022-08-25 00:00:00-04:00,37.90512969778256,38.35037969263225,37.831735774925804,38.345489501953125,2494000,0.0,0.0
2022-08-26 00:00:00-04:00,38.335691454905515,38.384619479468704,36.887400276614976,36.926544189453125,2626400,0.0,0.0
2022-08-29 00:00:00-04:00,36.59872311040696,36.960794979570565,36.55468527426906,36.57915115356445,1966400,0.0,0.0
2022-08-30 00:00:00-04:00,36.71126172964398,36.75529957122026,36.11922396067946,36.29047393798828,2687200,0.0,0.0
2022-08-31 00:00:00-04:00,36.36875710847894,36.48129119356975,35.94796937081536,35.977325439453125,3202600,0.0,0.0
2022-09-01 00:00:00-04:00,35.815860896419814,35.96754263348337,35.34125492667788,35.93818283081055,2868200,0.0,0.0
2022-09-02 00:00:00-04:00,36.52043611365082,36.65743608169516,35.33146677245289,35.51250457763672,2333400,0.0,0.0
2022-09-06 00:00:00-04:00,35.62504610937224,35.91372787347107,35.27275827052551,35.629940032958984,3398200,0.0,0.0
2022-09-07 00:00:00-04:00,35.72289326135814,36.44214672204507,35.669071319880295,36.32960891723633,3100000,0.0,0.0
2022-09-08 00:00:00-04:00,36.1290072437297,36.65254874271141,35.938185311545666,36.63786697387695,2607600,0.0,0.0
2022-09-09 00:00:00-04:00,36.88251207718054,37.3228718325161,36.765084053414256,37.13694381713867,2820800,0.0,0.0
2022-09-12 00:00:00-04:00,37.269046344518465,37.38158416748047,36.9999403266889,37.38158416748047,5535800,0.0,0.0
2022-09-13 00:00:00-04:00,36.61829293560487,36.897190533079964,36.177936952783476,36.30514907836914,4991600,0.0,0.0
2022-09-14 00:00:00-04:00,36.305148342939795,36.39811420688163,35.825648454434806,36.17304229736328,3288800,0.0,0.0
2022-09-15 00:00:00-04:00,36.15347619792851,36.28558599787964,35.62504446406352,35.664188385009766,3096200,0.0,0.0
2022-09-16 00:00:00-04:00,35.267861572034505,35.70332736665097,35.01342985405253,35.585899353027344,7017200,0.0,0.0
2022-09-19 00:00:00-04:00,35.31604695752804,35.919528269635315,35.247354345298135,35.89990234375,4536600,0.1,0.0
2022-09-20 00:00:00-04:00,35.590807966920806,35.6398709176309,35.08054504435676,35.39945983886719,5816600,0.0,0.0
2022-09-21 00:00:00-04:00,35.55155408913497,36.25807251766074,35.222828220464834,35.23263931274414,4548400,0.0,0.0
2022-09-22 00:00:00-04:00,35.09526519633717,35.144328149341504,34.10908374491752,34.12380599975586,3962400,0.0,0.0
2022-09-23 00:00:00-04:00,33.952083090874595,33.952083090874595,33.2651942007536,33.77054977416992,6061600,0.0,0.0
2022-09-26 00:00:00-04:00,33.6675072450216,34.123799736410895,33.36821842038655,33.50559616088867,3356600,0.0,0.0
2022-09-27 00:00:00-04:00,33.912825708279016,34.04038861402374,33.23084067988443,33.50559616088867,5033600,0.0,0.0
2022-09-28 00:00:00-04:00,33.520319805403616,34.21211977454614,33.28481239755887,34.0403938293457,3872600,0.0,0.0
2022-09-29 00:00:00-04:00,33.66259920357798,33.66259920357798,33.04439563951652,33.324058532714844,3241600,0.0,0.0
2022-09-30 00:00:00-04:00,33.19649449363736,33.696942485248165,32.80889089294529,32.85304641723633,4665800,0.0,0.0
2022-10-03 00:00:00-04:00,33.23574776943463,34.24155506945574,33.07874408654609,34.0452995300293,3820000,0.0,0.0
2022-10-04 00:00:00-04:00,34.69784348219175,35.15904338351817,34.63896570438541,35.1345100402832,4617400,0.0,0.0
2022-10-05 00:00:00-04:00,34.67822018262353,35.4828644906037,34.629157235700426,35.26698303222656,3252400,0.0,0.0
2022-10-06 00:00:00-04:00,35.32095465893152,35.890095344712535,35.252265782132156,35.522117614746094,4618200,0.0,0.0
2022-10-07 00:00:00-04:00,35.01185294091471,35.07563439663869,34.26117900870694,34.42799377441406,4645600,0.0,0.0
2022-10-10 00:00:00-04:00,34.746907394268106,34.81068884788979,33.73128909418109,34.01095199584961,3148000,0.0,0.0
2022-10-11 00:00:00-04:00,33.829417576947584,33.89320277872225,33.04930659158095,33.2063102722168,4292600,0.0,0.0
2022-10-12 00:00:00-04:00,33.34859211444469,33.427092075296706,32.92664406298501,32.94626998901367,3425000,0.0,0.0
2022-10-13 00:00:00-04:00,32.229943948195654,34.172865911721274,31.994436554163894,33.98151779174805,5381800,0.0,0.0
2022-10-14 00:00:00-04:00,34.28570889838884,34.42309038945075,32.84814247761263,32.89720916748047,4168200,0.0,0.0
2022-10-17 00:00:00-04:00,33.500688127402476,34.17776946922891,33.500688127402476,34.035484313964844,4495600,0.0,0.0
2022-10-18 00:00:00-04:00,35.0363845632845,35.21791782959908,34.03548478845655,34.378929138183594,4816000,0.0,0.0
2022-10-19 00:00:00-04:00,34.04529618672857,34.43289980963518,33.98151473356522,34.38874053955078,4063000,0.0,0.0
2022-10-20 00:00:00-04:00,34.79597109906835,34.79597109906835,33.67731946795389,33.922637939453125,5758400,0.0,0.0
2022-10-21 00:00:00-04:00,33.84904635670864,35.25226850829019,33.84904635670864,35.105079650878906,5250800,0.0,0.0
2022-10-24 00:00:00-04:00,35.11979393774263,35.48286423426616,34.67331251446321,35.14923095703125,6302400,0.0,0.0
2022-10-25 00:00:00-04:00,34.93825863414009,35.76743632195521,34.93825863414009,35.69384002685547,5647600,0.0,0.0
2022-10-26 00:00:00-04:00,35.81649534668451,36.30222485190272,35.03638443658445,35.90971755981445,7385800,0.0,0.0
2022-10-27 00:00:00-04:00,36.194284604979146,36.488669756986745,35.82630690823235,36.2531623840332,7170400,0.0,0.0
2022-10-28 00:00:00-04:00,36.45923034354813,37.62694867341093,36.4396044164713,37.49938201904297,5418800,0.0,0.0
2022-10-31 00:00:00-04:00,37.258976016717845,37.690735241181606,37.1608463680238,37.20500564575195,4964800,0.0,0.0
2022-11-01 00:00:00-04:00,37.54353188279849,37.823194750736654,36.994020980611104,37.66619110107422,5904600,0.0,0.0
2022-11-02 00:00:00-04:00,37.38163127062381,37.61713491576595,36.28260178241731,36.32185363769531,5387600,0.0,0.0
2022-11-03 00:00:00-04:00,35.83611653353753,36.64076068065825,35.65948696531471,36.429786682128906,5144000,0.0,0.0
2022-11-04 00:00:00-04:00,37.08724230015599,37.48956816064765,36.508294338794975,37.420875549316406,5406200,0.0,0.0
2022-11-07 00:00:00-05:00,37.53372589406972,37.53372589406972,36.96458524714514,37.209903717041016,5482400,0.0,0.0
2022-11-08 00:00:00-05:00,37.32275183426373,37.58278881325041,36.88608525761387,37.26387405395508,4643400,0.0,0.0
2022-11-09 00:00:00-05:00,37.062714641001755,37.249155329340425,36.424885126098644,36.542640686035156,3696000,0.0,0.0
2022-11-10 00:00:00-05:00,37.779049552658456,38.83882728492799,37.64167178957092,38.78976058959961,6567000,0.0,0.0
2022-11-11 00:00:00-05:00,39.01054628772058,39.358898085040416,38.706350020657084,38.91732406616211,5422200,0.0,0.0
2022-11-14 00:00:00-05:00,38.81919661760205,39.29020763781428,38.58859665345106,38.59840774536133,4174400,0.0,0.0
2022-11-15 00:00:00-05:00,39.34908205634251,39.56496351308445,38.59350444427148,39.103763580322266,4578200,0.0,0.0
2022-11-16 00:00:00-05:00,38.98601300014844,39.28039443208487,38.71616491389963,38.809383392333984,3467000,0.0,0.0
2022-11-17 00:00:00-05:00,38.22061957151811,38.77994540117218,38.088145497342566,38.725975036621094,2713800,0.0,0.0
2022-11-18 00:00:00-05:00,39.29510996702149,39.34908032883756,38.76522492696057,39.10866928100586,3770400,0.0,0.0
2022-11-21 00:00:00-05:00,38.917326407629105,39.27058564398565,38.84373010951096,39.03998565673828,4360400,0.0,0.0
2022-11-22 00:00:00-05:00,38.89278466770983,39.36870305047568,38.75540693727483,39.29020309448242,6554800,0.0,0.0
2022-11-23 00:00:00-05:00,39.38342710311855,39.66799743809178,39.17245306074363,39.285301208496094,2999200,0.0,0.0
2022-11-25 00:00:00-05:00,39.25095562111859,39.58458889362861,39.11848529293296,39.41777038574219,1587400,0.0,0.0
2022-11-28 00:00:00-05:00,39.10866947047434,39.138106488602915,37.99001786243567,38.181365966796875,4622800,0.0,0.0
2022-11-29 00:00:00-05:00,38.17645903374056,38.40215157653628,37.754510966651175,37.97529983520508,3327800,0.0,0.0
2022-11-30 00:00:00-05:00,38.024362934176146,39.466836738813505,37.857548170973004,39.46192932128906,5474600,0.0,0.0
2022-12-01 00:00:00-05:00,39.741588302714966,39.89368454158509,39.368703216205645,39.67780685424805,3311600,0.0,0.0
2022-12-02 00:00:00-05:00,39.17245292156748,39.68762322466236,38.9663862976347,39.555152893066406,2680600,0.0,0.0
2022-12-05 00:00:00-05:00,39.24604503321633,39.29020430121953,38.696534094598945,38.99582290649414,4107600,0.0,0.0
2022-12-06 00:00:00-05:00,38.98110090248911,39.07432311299468,38.15192707212851,38.40214920043945,2444600,0.0,0.0
2022-12-07 00:00:00-05:00,38.26477360618864,38.60822170748687,38.05870699136735,38.29911804199219,3031200,0.0,0.0
2022-12-08 00:00:00-05:00,38.5787778361772,39.07432214990927,38.51008897010691,39.03016662597656,4553200,0.0,0.0
2022-12-09 00:00:00-05:00,38.94676066595184,39.11848659712978,38.4855644674463,38.5199089050293,2823400,0.0,0.0
2022-12-12 00:00:00-05:00,38.56896624633171,39.353984522167124,38.465932948559164,39.344173431396484,4761000,0.0,0.0
2022-12-13 00:00:00-05:00,40.23222873253951,40.59529901689032,39.623839980307366,40.21751022338867,7147800,0.0,0.0
2022-12-14 00:00:00-05:00,40.18807849010541,40.6541821430708,39.58459333271911,40.09485626220703,6692800,0.0,0.0
2022-12-15 00:00:00-05:00,39.48156236572783,39.5404364135836,38.2893142342235,38.343284606933594,4398800,0.0,0.0
2022-12-16 00:00:00-05:00,37.999830073454106,38.3138374202847,37.72507458079305,38.102867126464844,9122200,0.0,0.0
2022-12-19 00:00:00-05:00,38.06842731086594,38.19633985642141,37.17304699880276,37.36491394042969,4433200,0.105,0.0
2022-12-20 00:00:00-05:00,37.35999551532672,37.70437110139875,37.25668283950512,37.50266647338867,4941400,0.0,0.0
2022-12-21 00:00:00-05:00,37.76832604143239,37.97495514947761,37.48790484488434,37.77324676513672,3649000,0.0,0.0
2022-12-22 00:00:00-05:00,37.36490872685902,37.537100255985976,36.76962884315193,37.41902542114258,3697600,0.0,0.0
2022-12-23 00:00:00-05:00,37.35015628423722,37.47314810847674,36.90738496629245,37.29603958129883,2791000,0.0,0.0
2022-12-27 00:00:00-05:00,37.36491505693956,37.75356967563164,37.05989773211708,37.561702728271484,3113400,0.0,0.0
2022-12-28 00:00:00-05:00,37.48790162437438,37.724047547533914,36.76471294528732,36.84342575073242,2285200,0.0,0.0
2022-12-29 00:00:00-05:00,37.177967156983065,37.92083879988974,37.177967156983065,37.69453430175781,2254600,0.0,0.0
2022-12-30 00:00:00-05:00,37.39443488554696,37.5174267084472,37.030376387305175,37.45838928222656,2486200,0.0,0.0
2023-01-03 00:00:00-05:00,37.73881237787787,37.82244592081854,37.14353237564462,37.5863037109375,5085200,0.0,0.0
2023-01-04 00:00:00-05:00,38.10286126341045,38.33900719027775,37.66993144313461,38.14221954345703,4263200,0.0,0.0
2023-01-05 00:00:00-05:00,37.79292414020545,38.07334532364739,37.62073635272571,37.73388671875,6826400,0.0,0.0
2023-01-06 00:00:00-05:00,38.36360694486599,38.924449296996656,38.07334432211084,38.653865814208984,3642200,0.0,0.0
2023-01-09 00:00:00-05:00,38.894929333524004,39.56400508948985,38.688303990673084,38.9244499206543,3944800,0.0,0.0
2023-01-10 00:00:00-05:00,38.92937082466893,39.185195920785304,38.72766618485852,39.01300811767578,2946600,0.0,0.0
2023-01-11 00:00:00-05:00,39.27865920747551,39.70175129717528,39.14582971578458,39.69191360473633,4276400,0.0,0.0
2023-01-12 00:00:00-05:00,39.77555577308624,40.13469355646599,39.4311801616914,39.80015563964844,4151000,0.0,0.0
2023-01-13 00:00:00-05:00,39.50989286167859,39.76079723690275,39.23931309735805,39.53941345214844,4139400,0.0,0.0
2023-01-17 00:00:00-05:00,39.60337101227284,40.1346966422007,39.564012724112345,39.69684600830078,4026800,0.0,0.0
2023-01-18 00:00:00-05:00,39.8837876739073,40.04613777889473,38.737502998202125,38.82114028930664,7374000,0.0,0.0
2023-01-19 00:00:00-05:00,38.57515364217267,38.68338328365556,37.783086074162654,38.068424224853516,5372800,0.0,0.0
2023-01-20 00:00:00-05:00,38.22585345844031,38.417720383834315,37.89131558149987,38.40788269042969,5883000,0.0,0.0
2023-01-23 00:00:00-05:00,38.4472441014784,39.15567444007466,38.27505630228529,38.82114028930664,4743600,0.0,0.0
2023-01-24 00:00:00-05:00,38.767023713428365,39.34262453834685,38.35868996443661,39.08188247680664,4968800,0.0,0.0
2023-01-25 00:00:00-05:00,36.86310729746398,39.12123524100466,36.65156122348723,39.04252243041992,7761000,0.0,0.0
2023-01-26 00:00:00-05:00,39.12615378213686,39.19994961841469,38.304569396660284,38.565311431884766,5834600,0.0,0.0
2023-01-27 00:00:00-05:00,38.142224936962506,39.057284433672585,37.955278710424366,38.69322967529297,5188600,0.0,0.0
2023-01-30 00:00:00-05:00,38.481675726722294,38.86048882652705,38.38328003277747,38.51611328125,3428600,0.0,0.0
2023-01-31 00:00:00-05:00,38.51119816513135,39.258990534337045,38.37344792696516,39.24422836303711,3985200,0.0,0.0
2023-02-01 00:00:00-05:00,39.1113983051724,40.11993271880911,38.98840648660267,39.9182243347168,4589000,0.0,0.0
2023-02-02 00:00:00-05:00,40.24784317235705,40.58730180674183,39.95758427016506,40.38559341430664,5367600,0.0,0.0
2023-02-03 00:00:00-05:00,39.977264637180284,40.56270318340268,39.923147932840266,40.15437316894531,5825400,0.0,0.0
2023-02-06 00:00:00-05:00,39.84443147693883,40.34131951212915,39.68208511686173,40.24292755126953,4533600,0.0,0.0
2023-02-07 00:00:00-05:00,40.01661705696892,40.12485045993554,39.23931160126885,40.02153778076172,6542400,0.0,0.0
2023-02-08 00:00:00-05:00,39.76079420238434,40.29704047294431,39.647640079946505,39.987098693847656,5225600,0.0,0.0
2023-02-09 00:00:00-05:00,40.35607608256331,40.38067594835787,39.36230381111127,39.51481246948242,5260200,0.0,0.0
2023-02-10 00:00:00-05:00,39.31310160139718,39.40165209603132,38.95888460921284,39.28850173950195,4339400,0.0,0.0
2023-02-13 00:00:00-05:00,39.42133192990042,39.9969364290544,39.377056681802735,39.90346145629883,4141200,0.0,0.0
2023-02-14 00:00:00-05:00,39.71651840209961,40.09041081583815,39.42625576801562,39.71651840209961,4264200,0.0,0.0
2023-02-15 00:00:00-05:00,39.52956534740112,40.1150075398647,39.52956534740112,40.07564926147461,6331200,0.0,0.0
2023-02-16 00:00:00-05:00,39.61812876729634,40.282283916857,39.61812876729634,40.02646255493164,5853800,0.0,0.0
2023-02-17 00:00:00-05:00,39.814909250837715,40.09040970668876,39.6968381631033,39.864105224609375,3451600,0.0,0.0
2023-02-21 00:00:00-05:00,39.39673843769549,39.46069282922175,38.29472909085051,38.33408737182617,5018400,0.0,0.0
2023-02-22 00:00:00-05:00,38.28489070969299,38.44724080074249,37.85687785694761,37.974952697753906,5182400,0.0,0.0
2023-02-23 00:00:00-05:00,38.334085060564426,38.36852261598874,37.679767754090506,38.19633483886719,4585000,0.0,0.0
2023-02-24 00:00:00-05:00,37.69453206417901,37.84211998720194,37.49774441340285,37.64533233642578,4395000,0.0,0.0
2023-02-27 00:00:00-05:00,38.03399277559205,38.2996555820669,37.85196726713891,37.8618049621582,3518600,0.0,0.0
2023-02-28 00:00:00-05:00,37.75848923957117,38.38820676575677,37.62073899989463,38.13730239868164,6641000,0.0,0.0
2023-03-01 00:00:00-05:00,38.0782690813315,38.5653156485587,38.04874849154534,38.230777740478516,6366800,0.0,0.0
2023-03-02 00:00:00-05:00,38.08810574070715,38.589914465898374,37.940517809436905,38.55055618286133,3361400,0.0,0.0
2023-03-03 00:00:00-05:00,38.79653826508679,39.07695945200259,38.49643793744205,38.944129943847656,3572200,0.0,0.0
2023-03-06 00:00:00-05:00,39.15567154957933,39.2885048087314,38.845733533911556,38.92936706542969,4183800,0.0,0.0
2023-03-07 00:00:00-05:00,38.97364756332948,38.97364756332948,38.29473033144799,38.447242736816406,4373200,0.0,0.0
2023-03-08 00:00:00-05:00,38.59483291287932,39.047445678297684,38.44724497596227,39.01300811767578,5018600,0.0,0.0
2023-03-09 00:00:00-05:00,39.15567633704796,39.303268031170994,38.27505815659532,38.34885025024414,4490200,0.0,0.0
2023-03-10 00:00:00-05:00,38.41772034987533,38.47675777048754,37.37967291634927,37.635494232177734,3942600,0.0,0.0
2023-03-13 00:00:00-04:00,37.36983361801392,37.896238450147216,37.04513716950982,37.51250457763672,4854400,0.0,0.0
2023-03-14 00:00:00-04:00,38.029070704398954,38.52595493460785,37.6453330886818,38.176658630371094,5484000,0.0,0.0
2023-03-15 00:00:00-04:00,37.586299646557386,37.586299646557386,36.78439060562642,37.4091911315918,5402400,0.0,0.0
2023-03-16 00:00:00-04:00,37.39443134664059,38.28489085907572,37.153364694112945,38.235694885253906,4162000,0.0,0.0
2023-03-17 00:00:00-04:00,38.27997656199011,38.339013992534625,37.53710859972233,37.77817153930664,9456800,0.0,0.0
2023-03-20 00:00:00-04:00,37.8719018971044,38.44908499924502,37.79297322288451,38.315887451171875,4628200,0.105,0.0
2023-03-21 00:00:00-04:00,38.7204008474072,38.87333148150552,38.34054889834184,38.66120529174805,4364800,0.0,0.0
2023-03-22 00:00:00-04:00,38.55266915887947,38.947319936164185,38.25668013498978,38.296142578125,5306200,0.0,0.0
2023-03-23 00:00:00-04:00,38.42934414198917,39.44064039400952,38.31094927267613,38.666133880615234,5784400,0.0,0.0
2023-03-24 00:00:00-04:00,38.64640071507185,38.79439712426199,38.098823033960386,38.779598236083984,4415800,0.0,0.0
2023-03-27 00:00:00-04:00,38.868392775785765,39.11011671546066,38.57733419381801,38.621734619140625,4767400,0.0,0.0
2023-03-28 00:00:00-04:00,38.532939723564205,38.63160148635123,38.315879328986746,38.5230712890625,4601200,0.0,0.0
2023-03-29 00:00:00-04:00,38.94732206440565,39.470239924346615,38.78946099212466,39.37157440185547,4438000,0.0,0.0
2023-03-30 00:00:00-04:00,39.62317545566985,39.81556856202391,39.44064702187251,39.7909049987793,5310600,0.0,0.0
2023-03-31 00:00:00-04:00,39.90929300410696,40.35327846669011,39.86489257599613,40.313812255859375,5347400,0.0,0.0
2023-04-03 00:00:00-04:00,40.042482795714086,40.2200769631606,39.83529085492803,40.0671501159668,5360400,0.0,0.0
2023-04-04 00:00:00-04:00,39.96355866707376,40.13621863726366,39.174253257844924,39.282779693603516,5911200,0.0,0.0
2023-04-05 00:00:00-04:00,39.05093084881362,39.124925303189315,38.34548819535489,38.50334930419922,4674600,0.0,0.0
2023-04-06 00:00:00-04:00,38.251747917111345,38.47867297274191,38.03962174889291,38.30107879638672,3632400,0.0,0.0
2023-04-10 00:00:00-04:00,38.00508835312906,38.70066238173851,37.87189084393054,38.68586349487305,3642200,0.0,0.0
2023-04-11 00:00:00-04:00,38.720401373324734,38.9177286768476,38.56747450085451,38.57733917236328,2941600,0.0,0.0
2023-04-12 00:00:00-04:00,38.85852674063267,39.07558713626534,38.41454504222767,38.53293991088867,5127000,0.0,0.0
2023-04-13 00:00:00-04:00,38.7056041596719,38.91279614367234,38.375083076094235,38.79933547973633,4043800,0.0,0.0
2023-04-14 00:00:00-04:00,38.79933333937529,39.06079041386289,38.31095118582854,38.5477409362793,4580600,0.0,0.0
2023-04-17 00:00:00-04:00,38.44908110403052,38.80426951130094,38.39481599938057,38.789466857910156,4779200,0.0,0.0
2023-04-18 00:00:00-04:00,39.110115815638125,39.198912900535575,38.47373733449051,38.68586349487305,3936400,0.0,0.0
2023-04-19 00:00:00-04:00,38.22214973454216,38.32574570902674,37.871891838902386,38.158016204833984,7167200,0.0,0.0
2023-04-20 00:00:00-04:00,37.96562737551262,38.251751773341255,37.70417030166084,38.064292907714844,5728400,0.0,0.0
2023-04-21 00:00:00-04:00,38.03963065075786,38.17282443234126,37.65484443317726,37.90643310546875,4522200,0.0,0.0
2023-04-24 00:00:00-04:00,37.85216543257657,38.09882360914731,37.81763343840487,37.98535919189453,6724800,0.0,0.0
2023-04-25 00:00:00-04:00,37.86696071831925,37.891624275406784,36.895126992897865,36.934593200683594,7824200,0.0,0.0
2023-04-26 00:00:00-04:00,36.391946041278,36.67807043195287,35.51877774442448,36.46101379394531,10278800,0.0,0.0
2023-04-27 00:00:00-04:00,36.36728181510228,37.02832391554093,36.03676076488296,36.8951301574707,10047800,0.0,0.0
2023-04-28 00:00:00-04:00,36.86059972851749,37.260184783397385,36.86059972851749,37.230587005615234,6615800,0.0,0.0
2023-05-01 00:00:00-04:00,37.240446077175086,37.79296168282718,37.20098363396787,37.70909881591797,4208800,0.0,0.0
2023-05-02 00:00:00-04:00,37.59563339451989,37.723896681659916,36.87539207454129,37.17631530761719,5972200,0.0,0.0
2023-05-03 00:00:00-04:00,37.38845069714537,37.526578688022035,36.860602295606434,36.91486740112305,5624000,0.0,0.0
2023-05-04 00:00:00-04:00,36.73726932402886,36.98886171730681,36.44621071931415,36.791534423828125,5867800,0.0,0.0
2023-05-05 00:00:00-04:00,37.196053087707604,37.45257593053923,37.003660014657626,37.34897994995117,4588600,0.0,0.0
2023-05-08 00:00:00-04:00,37.52163702966528,37.66469921004867,36.99378873279782,37.171382904052734,2680800,0.0,0.0
2023-05-09 00:00:00-04:00,36.96913153461196,37.240453291355706,36.85073289094033,37.09246063232422,3095600,0.0,0.0
2023-05-10 00:00:00-04:00,37.492042064191054,37.546307163011946,36.727400227136734,37.225650787353516,4412200,0.0,0.0
2023-05-11 00:00:00-04:00,37.25031925655446,37.2749828162381,36.89513087650498,37.057926177978516,6760800,0.0,0.0
2023-05-12 00:00:00-04:00,37.250322904068355,37.319386899873415,36.70767560972623,37.04806137084961,6605000,0.0,0.0
2023-05-15 00:00:00-04:00,37.136855895782006,37.39338251699237,36.72247194972637,37.3637809753418,6885000,0.0,0.0
2023-05-16 00:00:00-04:00,37.16645156501179,37.28978065106033,36.850729405823905,36.875396728515625,4274800,0.0,0.0
2023-05-17 00:00:00-04:00,37.112192130781416,37.30951566760271,36.7175375297284,37.230587005615234,5657000,0.0,0.0
2023-05-18 00:00:00-04:00,37.21578768634896,37.659769402767736,37.12205637284914,37.56110763549805,5932000,0.0,0.0
2023-05-19 00:00:00-04:00,37.50684368559515,37.68937210072216,37.33418370572112,37.39338302612305,4923000,0.0,0.0
2023-05-22 00:00:00-04:00,37.363783419819754,37.78310161086805,37.16645610529542,37.635108947753906,3379200,0.0,0.0
2023-05-23 00:00:00-04:00,37.30458839992432,37.46244950108725,36.82607087848203,36.83100509643555,4539000,0.0,0.0
2023-05-24 00:00:00-04:00,36.574470741499,36.638600506548265,35.8986260452063,35.997291564941406,9083800,0.0,0.0
2023-05-25 00:00:00-04:00,36.41167747233447,36.64353675191594,36.160088851418564,36.47581100463867,18997800,0.0,0.0
2023-05-26 00:00:00-04:00,36.74712923522724,37.94095751247097,36.742198782215084,37.79296112060547,12798000,0.0,0.0
2023-05-30 00:00:00-04:00,38.12348339073657,38.26654557061547,37.79296237017395,37.871891021728516,7579000,0.0,0.0
2023-05-31 00:00:00-04:00,37.5759029191135,37.79789751972947,37.05792304508586,37.2207145690918,15452400,0.0,0.0
2023-06-01 00:00:00-04:00,37.28484915310184,37.44764444541508,36.73726772528817,37.40324401855469,6905400,0.0,0.0
2023-06-02 00:00:00-04:00,37.7337656088459,38.40467612907224,37.630169629595436,38.26654815673828,4236200,0.0,0.0
2023-06-05 00:00:00-04:00,38.29121425861776,38.29121425861776,37.738698623187666,37.83736038208008,4357600,0.0,0.0
2023-06-06 00:00:00-04:00,37.896562245101364,38.296147288313705,37.802830933254484,38.232017517089844,4895000,0.0,0.0
2023-06-07 00:00:00-04:00,38.34054252748725,38.92265589820846,38.25667966176837,38.85359191894531,4813000,0.0,0.0
2023-06-08 00:00:00-04:00,38.91772046828334,38.9966528785261,38.5625321495999,38.897987365722656,3824000,0.0,0.0
2023-06-09 00:00:00-04:00,39.080522336506355,39.16931943116181,38.493474668300564,38.592140197753906,4383000,0.0,0.0
2023-06-12 00:00:00-04:00,38.69080520164628,39.34198269571682,38.656273204373804,39.272918701171875,3948000,0.0,0.0
2023-06-13 00:00:00-04:00,39.42584180261027,39.899425047132624,39.15945052187175,39.86982727050781,6766200,0.0,0.0
2023-06-14 00:00:00-04:00,39.825432095303775,40.18061671920299,39.559040804600464,39.84516143798828,5312400,0.0,0.0
2023-06-15 00:00:00-04:00,39.771160577419444,40.639394536264305,39.771160577419444,40.3878059387207,4709400,0.0,0.0
2023-06-16 00:00:00-04:00,40.81314766920213,40.87249922053758,40.45704968134035,40.63015365600586,7437000,0.105,0.0
2023-06-20 00:00:00-04:00,40.21964542910854,40.24437618439161,39.8734374954463,40.08610916137695,5273200,0.0,0.0
2023-06-21 00:00:00-04:00,39.903116109196,40.31362254586114,39.84871145983633,40.244380950927734,4438600,0.0,0.0
2023-06-22 00:00:00-04:00,40.288887015840984,40.288887015840984,39.903111383079214,40.08610916137695,3762400,0.0,0.0
2023-06-23 00:00:00-04:00,39.66570973400856,40.1157838299142,39.4629318755972,39.6607666015625,9982200,0.0,0.0
2023-06-26 00:00:00-04:00,39.88332914478984,40.11083776372815,39.71022517096544,39.8437614440918,3232000,0.0,0.0
2023-06-27 00:00:00-04:00,39.97235384945485,40.77852592608547,39.858597655386205,40.67466354370117,3887200,0.0,0.0
2023-06-28 00:00:00-04:00,40.63015448162041,40.89228390192381,40.47188744822682,40.813148498535156,3958000,0.0,0.0
2023-06-29 00:00:00-04:00,40.862614379971305,41.297847824977936,40.808209727672455,41.27311706542969,4241000,0.0,0.0
2023-06-30 00:00:00-04:00,41.599542196004705,42.14358490920984,41.475895953304274,42.014991760253906,5446400,0.0,0.0
2023-07-03 00:00:00-04:00,41.80232400922932,41.92597026357597,41.57481535403757,41.58470916748047,2495400,0.0,0.0
2023-07-05 00:00:00-04:00,41.22860624064379,41.64900273942135,41.08022923007095,41.47589874267578,3384400,0.0,0.0
2023-07-06 00:00:00-04:00,41.03571791224046,41.42644051369924,41.01098715297209,41.39676284790039,3867800,0.0,0.0
2023-07-07 00:00:00-04:00,41.30279215895117,41.74297248312691,41.30279215895117,41.35719680786133,3033600,0.0,0.0
2023-07-10 00:00:00-04:00,41.357195242210636,42.000153418851646,41.08022510186669,41.980369567871094,4313000,0.0,0.0
2023-07-11 00:00:00-04:00,42.005101913662706,42.05950656257098,41.54513773777343,41.96553421020508,3787600,0.0,0.0
2023-07-12 00:00:00-04:00,42.287014647082536,42.44033477925579,41.99521132799357,42.316688537597656,4295400,0.0,0.0
2023-07-13 00:00:00-04:00,42.400767523501514,42.47989914979552,42.193038986039724,42.39582061767578,4183800,0.0,0.0
2023-07-14 00:00:00-04:00,42.316690318812604,42.37109496930292,41.6242743550886,41.84683609008789,3622200,0.0,0.0
2023-07-17 00:00:00-04:00,41.82704891248438,42.2029345296112,41.703402675451684,42.128746032714844,4135600,0.0,0.0
2023-07-18 00:00:00-04:00,41.980371066225096,42.28701510729267,41.980371066225096,42.19304275512695,3360000,0.0,0.0
2023-07-19 00:00:00-04:00,42.113912978010426,42.212828467419776,41.65889568931294,42.10401916503906,3729400,0.0,0.0
2023-07-20 00:00:00-04:00,41.990267494850606,42.06445599995177,41.4808455456783,41.703407287597656,3565800,0.0,0.0
2023-07-21 00:00:00-04:00,41.63416318530659,41.84188796839054,41.33741295613183,41.35719680786133,5152400,0.0,0.0
2023-07-24 00:00:00-04:00,41.50557158833379,41.67867558071229,41.12474280510109,41.34235763549805,4026800,0.0,0.0
2023-07-25 00:00:00-04:00,41.253332375497145,41.97542594767418,41.184087011177546,41.698455810546875,6187800,0.0,0.0
2023-07-26 00:00:00-04:00,42.10401808827155,43.94387482195174,42.00510260139187,43.820228576660156,10875800,0.0,0.0
2023-07-27 00:00:00-04:00,44.280190124253444,44.65112883804766,43.75098437684238,43.90430450439453,8750000,0.0,0.0
2023-07-28 00:00:00-04:00,44.18622002320208,44.240624672529556,43.08824454417179,43.31080627441406,9105000,0.0,0.0
2023-07-31 00:00:00-04:00,43.31080793380405,43.89441837981755,43.24156633625873,43.67679977416992,5590000,0.0,0.0
2023-08-01 00:00:00-04:00,43.627342240869424,43.95377015092414,43.42456435375574,43.83012390136719,4158400,0.0,0.0
2023-08-02 00:00:00-04:00,43.469068780322104,43.9339798175609,43.449284930505186,43.7114143371582,5910400,0.0,0.0
2023-08-03 00:00:00-04:00,43.47897002662303,43.909256570221565,43.30586225447025,43.76088333129883,5791200,0.0,0.0
2023-08-04 00:00:00-04:00,43.73120172812819,43.91914642991607,43.137701279095744,43.177268981933594,3224000,0.0,0.0
2023-08-07 00:00:00-04:00,43.55810088815765,44.16644209969093,43.51853318246453,43.95871353149414,4060600,0.0,0.0
2023-08-08 00:00:00-04:00,43.73120052596731,44.008170664834594,43.380045663048165,43.90430450439453,3587000,0.0,0.0
2023-08-09 00:00:00-04:00,43.99333211757285,44.07741443128703,43.66196108917666,43.74109649658203,5105600,0.0,0.0
2023-08-10 00:00:00-04:00,43.86968840710574,44.1862225082399,43.419618014992906,43.47896957397461,3086200,0.0,0.0
2023-08-11 00:00:00-04:00,43.39982778091696,43.39982778091696,42.97943134341385,43.13275146484375,2839200,0.0,0.0
2023-08-14 00:00:00-04:00,43.06846310043641,43.39488724126913,43.0288953944615,43.276187896728516,5598400,0.0,0.0
2023-08-15 00:00:00-04:00,42.999215907140716,43.192103731942055,42.82116502680353,42.93491744995117,3582600,0.0,0.0
2023-08-16 00:00:00-04:00,42.79148675307872,42.94975378074113,42.450225715128155,42.474952697753906,2697200,0.0,0.0
2023-08-17 00:00:00-04:00,42.72224993586685,42.7519276010694,42.05456095626158,42.227664947509766,3840400,0.0,0.0
2023-08-18 00:00:00-04:00,41.822101932653425,42.28701299055872,41.757807247928014,42.15347671508789,2999800,0.0,0.0
2023-08-21 00:00:00-04:00,42.10896850160955,42.41561257388927,42.01499613987875,42.27218246459961,3414000,0.0,0.0
2023-08-22 00:00:00-04:00,42.4551705499524,42.687626081580014,42.23260883047866,42.43539047241211,3066800,0.0,0.0
2023-08-23 00:00:00-04:00,42.559036440424784,42.86567669434084,42.104015418828816,42.71235656738281,4035600,0.0,0.0
2023-08-24 00:00:00-04:00,42.682686494296846,42.989326775630765,42.29196389620565,42.306800842285156,3971800,0.0,0.0
2023-08-25 00:00:00-04:00,42.63817505181687,42.836009818810744,42.19304776942674,42.68268966674805,2954400,0.0,0.0
2023-08-28 00:00:00-04:00,42.920080053001115,43.04867319264086,42.76181302474589,42.85578536987305,2399600,0.0,0.0
2023-08-29 00:00:00-04:00,42.82611374532825,43.498749653584376,42.77665599953556,43.47896957397461,3028800,0.0,0.0
2023-08-30 00:00:00-04:00,43.37015803133199,43.71141910106161,43.35532108569817,43.666908264160156,1836000,0.0,0.0
2023-08-31 00:00:00-04:00,43.8202236244595,44.00322140522836,43.57293116182329,43.7114143371582,4757200,0.0,0.0
2023-09-01 00:00:00-04:00,44.01806108632345,44.04279184347826,43.64712236930387,43.805389404296875,3556800,0.0,0.0
2023-09-05 00:00:00-04:00,43.830121273557324,43.84001131263994,43.454235640892655,43.50864028930664,3124200,0.0,0.0
2023-09-06 00:00:00-04:00,43.47896564298445,43.93398290055308,43.33058864563721,43.503692626953125,4006800,0.0,0.0
2023-09-07 00:00:00-04:00,43.10307764771638,43.29596546963555,42.68268120951779,42.905242919921875,4544000,0.0,0.0
2023-09-08 00:00:00-04:00,42.554092677432365,42.92503141718678,42.351311021808975,42.47990417480469,4784000,0.0,0.0
2023-09-11 00:00:00-04:00,42.74698023040462,42.76181717615276,42.13863904104304,42.75687026977539,4768400,0.0,0.0
2023-09-12 00:00:00-04:00,42.63817066191809,43.02394634247645,42.60849677060866,42.831058502197266,4349600,0.0,0.0
2023-09-13 00:00:00-04:00,42.78654479980469,42.979432627166105,42.529358514400336,42.78654479980469,4935000,0.0,0.0
2023-09-14 00:00:00-04:00,42.979432627166105,43.009106516488266,42.58376316041342,42.78654479980469,4173400,0.0,0.0
2023-09-15 00:00:00-04:00,42.633219269941335,42.910189395429214,42.193038986039724,42.39582061767578,5692600,0.0,0.0
2023-09-18 00:00:00-04:00,42.366073133081564,42.96599396119193,42.31649393098543,42.75279998779297,3420800,0.105,0.0
2023-09-19 00:00:00-04:00,42.668507622682476,42.82716332574088,42.336322835443056,42.78254318237305,3987400,0.0,0.0
2023-09-20 00:00:00-04:00,42.956073562811234,42.98086505386392,42.00909837047554,42.04875946044922,4516000,0.0,0.0
2023-09-21 00:00:00-04:00,41.82069733676192,41.91985953069934,41.31498338695929,41.31993865966797,4635000,0.0,0.0
2023-09-22 00:00:00-04:00,41.354644427117,41.67691112521953,41.25052318748169,41.314979553222656,3733800,0.0,0.0
2023-09-25 00:00:00-04:00,41.15136448959526,41.47363496803184,41.06707947016355,41.2802734375,4574600,0.0,0.0
2023-09-26 00:00:00-04:00,41.042287924693845,41.15136443565098,40.249009366801765,40.38783264160156,7929400,0.0,0.0
2023-09-27 00:00:00-04:00,40.615903811809474,40.93321526481964,40.343216291412155,40.83405685424805,6639400,0.0,0.0
2023-09-28 00:00:00-04:00,40.85884798093083,41.890108302618266,40.759685788599725,41.686832427978516,5292800,0.0,0.0
2023-09-29 00:00:00-04:00,41.92481372517968,42.098346614444495,41.57279645671964,41.642208099365234,5709200,0.0,0.0
2023-10-02 00:00:00-04:00,41.31993959814799,41.463721945634724,40.75968737461777,40.977840423583984,4186400,0.0,0.0
2023-10-03 00:00:00-04:00,40.82909703739764,41.14640848448945,40.61094778167879,40.74481201171875,4739600,0.0,0.0
2023-10-04 00:00:00-04:00,40.85884864279991,41.40422747017751,40.71506629857885,41.31993865966797,4150000,0.0,0.0
2023-10-05 00:00:00-04:00,41.54305165090403,41.984313021108726,40.68531662252296,40.97288131713867,4130200,0.0,0.0
2023-10-06 00:00:00-04:00,40.82909824467531,41.557924296551214,40.744813216504184,41.334815979003906,4821200,0.0,0.0
2023-10-09 00:00:00-04:00,40.92329649920936,41.34472537241633,40.715061589998925,41.205902099609375,4175800,0.0,0.0
2023-10-10 00:00:00-04:00,41.46372152183138,41.771118652900846,41.31002484762214,41.37943649291992,5446600,0.0,0.0
2023-10-11 00:00:00-04:00,41.483551325303125,42.023974852388136,41.47859605284737,41.9644775390625,5374400,0.0,0.0
2023-10-12 00:00:00-04:00,42.22229330352027,42.23716668543375,41.37943176280099,41.716575622558594,5863200,0.0,0.0
2023-10-13 00:00:00-04:00,41.47363683926184,41.48851022187373,40.27875800076364,40.605987548828125,8343000,0.0,0.0
2023-10-16 00:00:00-04:00,41.04228846575481,41.55792048084488,40.91833857124231,41.33976745605469,5586400,0.0,0.0
2023-10-17 00:00:00-04:00,41.091865094847336,41.58766464186231,40.99270669850448,41.47859191894531,4980800,0.0,0.0
2023-10-18 00:00:00-04:00,41.09186747965479,41.15632384540375,40.422538808869476,40.42749786376953,5532800,0.0,0.0
2023-10-19 00:00:00-04:00,40.42749891323122,40.63077477760335,39.85732862974241,40.105228424072266,6175600,0.0,0.0
2023-10-20 00:00:00-04:00,40.130015490962556,40.130015490962556,39.47060120293025,39.59455108642578,5768600,0.0,0.0
2023-10-23 00:00:00-04:00,39.416067675369355,39.84741468338237,39.17808220617063,39.25741195678711,6530200,0.0,0.0
2023-10-24 00:00:00-04:00,39.47060245010461,39.61934382805921,39.069006025337686,39.29707336425781,5558400,0.0,0.0
2023-10-25 00:00:00-04:00,39.33673996563308,39.89203690080639,39.00951418398965,39.495399475097656,10796400,0.0,0.0
2023-10-26 00:00:00-04:00,39.93665925926477,40.20438771430555,39.3962357287437,39.763126373291016,8172200,0.0,0.0
2023-10-27 00:00:00-04:00,39.559846716466964,39.85732569120057,39.14833218038277,39.321861267089844,4311400,0.0,0.0
2023-10-30 00:00:00-04:00,39.65900800674924,39.88212009106212,39.212787620774144,39.654052734375,5931200,0.0,0.0
2023-10-31 00:00:00-04:00,39.579680655606744,40.07052117169061,39.416065889361946,39.9366569519043,5563000,0.0,0.0
2023-11-01 00:00:00-04:00,40.00111405976844,40.531619509380285,39.85237265860024,40.47212219238281,5783600,0.0,0.0
2023-11-02 00:00:00-04:00,40.685314759876235,41.25052601229914,40.685314759876235,41.20094680786133,6155400,0.0,0.0
2023-11-03 00:00:00-04:00,41.60254648570262,42.21733693401884,41.51330240589456,42.0289306640625,5342400,0.0,0.0
2023-11-06 00:00:00-05:00,42.187584601128904,42.24212285774081,41.617418108159946,41.82069396972656,4014800,0.0,0.0
2023-11-07 00:00:00-05:00,41.68186760885911,42.15287566368474,41.60254164861441,41.90497589111328,3612800,0.0,0.0
2023-11-08 00:00:00-05:00,42.04380950174206,42.26691781881031,41.76615914093493,42.22229766845703,3962600,0.0,0.0
2023-11-09 00:00:00-05:00,42.63876708406793,42.72801116648015,42.08842920630103,42.17271423339844,4261200,0.0,0.0
2023-11-10 00:00:00-05:00,42.47019595958138,42.9957423301808,42.19254560871215,42.94120407104492,4447800,0.0,0.0
2023-11-13 00:00:00-05:00,42.94119923714685,42.96599072765448,42.68834040804039,42.822208404541016,3905000,0.0,0.0
2023-11-14 00:00:00-05:00,43.387425698552086,44.145998510060856,43.1444811618414,43.982383728027344,5979800,0.0,0.0
2023-11-15 00:00:00-05:00,44.14599609375,44.49801334989796,44.04683390583112,44.14599609375,4711800,0.0,0.0
2023-11-16 00:00:00-05:00,44.27490721272479,44.66163030790086,44.06666849923309,44.39885711669922,4772800,0.0,0.0
2023-11-17 00:00:00-05:00,44.621966039752124,44.621966039752124,44.32944607805286,44.47322463989258,6442800,0.0,0.0
2023-11-20 00:00:00-05:00,44.38893900609677,44.57734528103446,44.14103919814792,44.39885711669922,4121400,0.0,0.0
2023-11-21 00:00:00-05:00,44.40876811920966,44.617003034457326,44.34431553572365,44.45834732055664,4130800,0.0,0.0
2023-11-22 00:00:00-05:00,44.57238085672422,44.82523968951594,44.4484309676803,44.66658020019531,4284400,0.0,0.0
2023-11-24 00:00:00-05:00,44.656667042365264,44.80044937133789,44.592214460129476,44.80044937133789,1780400,0.0,0.0
2023-11-27 00:00:00-05:00,44.63187834808519,44.88969625848775,44.43851680660865,44.681461334228516,5864000,0.0,0.0
2023-11-28 00:00:00-05:00,44.617004079476715,44.805410344718915,44.52776000190164,44.57734298706055,4098600,0.0,0.0
2023-11-29 00:00:00-05:00,44.86986789337087,45.00373213321666,44.63684145488831,44.711212158203125,3567400,0.0,0.0
2023-11-30 00:00:00-05:00,44.85499407885933,45.19213798568733,44.63188197105562,45.11280822753906,7651600,0.0,0.0
2023-12-01 00:00:00-05:00,45.30616758915597,45.876337904599986,45.18717674035098,45.75238800048828,8574000,0.0,0.0
2023-12-04 00:00:00-05:00,45.40036902019423,45.712721405060535,45.27146006562132,45.549110412597656,6307200,0.0,0.0
2023-12-05 00:00:00-05:00,45.365660852859705,45.4796964188233,45.08801430289694,45.27641677856445,7027200,0.0,0.0
2023-12-06 00:00:00-05:00,45.61356071680074,45.96557795971886,45.529275697225394,45.727596282958984,7053600,0.0,0.0
2023-12-07 00:00:00-05:00,45.75238505471562,45.92591415276913,45.529276754739755,45.85154724121094,4065200,0.0,0.0
2023-12-08 00:00:00-05:00,45.821796071061215,46.32751375868633,45.757343487703366,46.22339630126953,11764200,0.0,0.0
2023-12-11 00:00:00-05:00,46.431632101598666,47.28936326924028,46.42667304658408,47.21995162963867,7724800,0.0,0.0
2023-12-12 00:00:00-05:00,47.224907815477984,47.52238679321862,47.086084544709045,47.32902526855469,4559600,0.0,0.0
2023-12-13 00:00:00-05:00,47.47777329492318,47.98348724960957,47.29928512676306,47.661216735839844,7513600,0.0,0.0
2023-12-14 00:00:00-05:00,48.05785778391281,49.019710266487984,47.93886693310124,48.989959716796875,8113400,0.0,0.0
2023-12-15 00:00:00-05:00,49.0643247888347,49.545250974954804,48.98995409711449,49.22298049926758,11247800,0.0,0.0
2023-12-18 00:00:00-05:00,49.148451363520216,49.26273640457013,48.68136347996427,48.97453308105469,4999200,0.11,0.0
2023-12-19 00:00:00-05:00,49.10869793704398,49.16832359579844,48.84534116807432,48.969566345214844,4131800,0.0,0.0
2023-12-20 00:00:00-05:00,48.780742309883905,48.87018459027765,48.31365821542911,48.3385009765625,8556400,0.0,0.0
2023-12-21 00:00:00-05:00,48.70620486645277,48.90993597282501,48.33352934206095,48.840370178222656,4583000,0.0,0.0
2023-12-22 00:00:00-05:00,49.103726844878594,49.34720712550415,49.004348221658375,49.19813919067383,4065600,0.0,0.0
2023-12-26 00:00:00-05:00,49.16335621357242,49.570814633795706,49.16335621357242,49.436649322509766,1910600,0.0,0.0
2023-12-27 00:00:00-05:00,49.51615431160438,49.51615431160438,49.25279755356348,49.42671203613281,2481200,0.0,0.0
2023-12-28 00:00:00-05:00,49.47640374169679,49.51118663989438,49.22298331708492,49.411808013916016,2088600,0.0,0.0
2023-12-29 00:00:00-05:00,49.37205555663383,49.540999980750904,49.118635129406606,49.25776672363281,2681200,0.0,0.0
2024-01-02 00:00:00-05:00,48.681365211567666,48.681365211567666,47.886324800358814,48.114898681640625,5281600,0.0,0.0
2024-01-03 00:00:00-05:00,47.80681579149524,47.80681579149524,47.22047281508676,47.24531936645508,6143000,0.0,0.0
2024-01-04 00:00:00-05:00,46.66891799047949,47.31489048827197,46.654011574400755,47.0217170715332,4943600,0.0,0.0
2024-01-05 00:00:00-05:00,46.852772197590284,47.245324245227344,46.73351707902076,46.9372444152832,4018800,0.0,0.0
2024-01-08 00:00:00-05:00,47.265198459573476,48.00557948040916,47.240351906833,47.99067306518555,4602400,0.0,0.0
2024-01-09 00:00:00-05:00,47.42917245495028,47.821724480723866,47.35464037940286,47.627933502197266,3249200,0.0,0.0
2024-01-10 00:00:00-05:00,47.613025130511126,47.95091775963038,47.47389354047112,47.80681610107422,3826400,0.0,0.0
2024-01-11 00:00:00-05:00,47.80681844712462,47.97079659674084,47.27016475259063,47.91116714477539,4073800,0.0,0.0
2024-01-12 00:00:00-05:00,48.13477473855537,48.21427688344473,47.74222270971275,47.95092010498047,3089000,0.0,0.0
2024-01-16 00:00:00-05:00,47.77699994487901,48.03538662395186,47.39935437603294,47.772029876708984,4461600,0.0,0.0
2024-01-17 00:00:00-05:00,47.44408084665868,47.73725044207096,47.08134166497667,47.369544982910156,4180800,0.0,0.0
2024-01-18 00:00:00-05:00,47.632902009854284,48.08507968124668,47.46892386692067,48.050296783447266,5668400,0.0,0.0
2024-01-19 00:00:00-05:00,48.3782543732976,48.572045350696555,47.96582586609403,48.502479553222656,7022000,0.0,0.0
2024-01-22 00:00:00-05:00,48.51241774432739,48.93478640497522,48.40806904414849,48.681365966796875,5512800,0.0,0.0
2024-01-23 00:00:00-05:00,48.755900411859926,48.795649588587345,48.21924671999726,48.66645812988281,6778400,0.0,0.0
2024-01-24 00:00:00-05:00,50.23168809832295,51.21555311624898,49.24782687144827,50.01802444458008,13113800,0.0,0.0
2024-01-25 00:00:00-05:00,49.40186812459818,50.57455411407526,49.06894555574324,50.092559814453125,8276400,0.0,0.0
2024-01-26 00:00:00-05:00,50.09255888018288,50.48511089223358,49.79441921526064,50.042869567871094,4483400,0.0,0.0
2024-01-29 00:00:00-05:00,49.76460344798365,50.41057205200195,49.66522103817609,50.41057205200195,4624400,0.0,0.0
2024-01-30 00:00:00-05:00,50.932321505717965,51.21555475171746,50.77828350259324,51.07145309448242,6055800,0.0,0.0
2024-01-31 00:00:00-05:00,50.872692292990976,51.02673408788106,50.21181724329702,50.23666000366211,5675000,0.0,0.0
2024-02-01 00:00:00-05:00,50.30622749824538,50.91244697920007,50.16709590413478,50.89257049560547,5098200,0.0,0.0
2024-02-02 00:00:00-05:00,50.71865207996324,51.727359850294796,50.71865207996324,51.40934371948242,5413200,0.0,0.0
2024-02-05 00:00:00-05:00,51.329845939439814,51.37456518457599,50.70872003887085,51.175804138183594,4179400,0.0,0.0
2024-02-06 00:00:00-05:00,51.150962363949496,51.42922555963804,50.83791247774817,51.06648635864258,5496600,0.0,0.0
2024-02-07 00:00:00-05:00,51.19567996050957,51.85655882002917,51.00685905395465,51.80686950683594,4974400,0.0,0.0
2024-02-08 00:00:00-05:00,51.83668413650545,52.15967037005414,51.82674778994241,52.105010986328125,4077600,0.0,0.0
2024-02-09 00:00:00-05:00,52.17457813883208,52.378309263650486,51.946004251435795,52.31867980957031,3286400,0.0,0.0
2024-02-12 00:00:00-05:00,52.31370882645213,52.50253353221374,52.10998149624567,52.189483642578125,3726400,0.0,0.0
2024-02-13 00:00:00-05:00,51.265243076448506,51.5683527994442,50.81803169899164,51.220523834228516,5044600,0.0,0.0
2024-02-14 00:00:00-05:00,51.543509427825846,51.79195976890251,51.36959115623111,51.732330322265625,4316400,0.0,0.0
2024-02-15 00:00:00-05:00,51.94600322972413,52.557189010054465,51.94600322972413,52.50749969482422,3979800,0.0,0.0
2024-02-16 00:00:00-05:00,52.64166168670412,52.924894935759944,52.33855195460297,52.432960510253906,3635800,0.0,0.0
2024-02-20 00:00:00-05:00,52.02550461561124,52.29383146319549,51.74227135278093,51.98078536987305,4331600,0.0,0.0
2024-02-21 00:00:00-05:00,51.89134254578967,52.25904801854465,51.77705371167644,52.17457580566406,4639600,0.0,0.0
2024-02-22 00:00:00-05:00,52.67644682570754,53.12862451331203,52.56712805983235,52.89508056640625,6201200,0.0,0.0
2024-02-23 00:00:00-05:00,53.13856354685802,53.516205359788515,52.91495595101728,53.401920318603516,3990600,0.0,0.0
2024-02-26 00:00:00-05:00,53.41682615348013,53.764655132942636,53.33732022043067,53.7149658203125,5116800,0.0,0.0
2024-02-27 00:00:00-05:00,53.724905993814986,53.73981240850895,53.42179625819908,53.63546371459961,3976400,0.0,0.0
2024-02-28 00:00:00-05:00,53.53608549210407,54.162181495658494,53.52117907624237,53.839195251464844,4034200,0.0,0.0
2024-02-29 00:00:00-05:00,54.102548544585694,54.51994711699669,53.89882122255597,54.28143310546875,9286200,0.0,0.0
2024-03-01 00:00:00-05:00,54.226772070840966,55.09634829655648,54.13732979312531,55.06156539916992,4298600,0.0,0.0
2024-03-04 00:00:00-05:00,55.15597711808751,55.851638848958366,55.091381392547554,55.61312484741211,4498200,0.0,0.0
2024-03-05 00:00:00-05:00,55.319957513321626,55.42927627719486,54.102548486885226,54.480194091796875,3877600,0.0,0.0
2024-03-06 00:00:00-05:00,54.83795879995858,55.40939533445712,54.788269490665506,54.91249465942383,4311400,0.0,0.0
2024-03-07 00:00:00-05:00,55.11125747862915,55.54355865368402,55.10628741022294,55.329891204833984,4007000,0.0,0.0
2024-03-08 00:00:00-05:00,55.38952560888315,55.70754177641162,54.72367665177234,54.86281204223633,4578000,0.0,0.0
2024-03-11 00:00:00-04:00,54.94231186393945,54.94231186393945,54.07273561335369,54.599449157714844,4348200,0.0,0.0
2024-03-12 00:00:00-04:00,54.5895164927423,55.101323656746935,54.31621956485058,54.95722198486328,3670000,0.0,0.0
2024-03-13 00:00:00-04:00,54.917465691823004,55.101320322283435,54.52988373830521,54.92243576049805,4571000,0.0,0.0
2024-03-14 00:00:00-04:00,55.17088872117239,55.305054044363956,54.03298556823189,54.35100173950195,4011000,0.0,0.0
2024-03-15 00:00:00-04:00,53.94851338442514,54.47026067972465,53.92863689982735,54.31125259399414,9351000,0.0,0.0
2024-03-18 00:00:00-04:00,54.67471334278353,54.928644871993605,54.515384575155096,54.5651741027832,5218800,0.11,0.0
2024-03-19 00:00:00-04:00,54.61496990426517,55.292118147048825,54.495470474105026,55.25228500366211,4702000,0.0,0.0
2024-03-20 00:00:00-04:00,55.28216063239361,55.859729843309005,55.18258156781404,55.81989669799805,3560200,0.0,0.0
2024-03-21 00:00:00-04:00,56.26302395153677,57.1592506313057,56.24808747332353,56.96506881713867,6028600,0.0,0.0
2024-03-22 00:00:00-04:00,57.009880139422826,57.34845425202406,56.691222597997836,56.97004699707031,4978600,0.0,0.0
2024-03-25 00:00:00-04:00,58.75254043739368,59.54420420126848,56.800762039635465,56.87046813964844,8547000,0.0,0.0
2024-03-26 00:00:00-04:00,57.08456738399822,57.38828845231442,56.39745896119218,56.43231201171875,6849200,0.0,0.0
2024-03-27 00:00:00-04:00,56.75097148059675,57.4629727452584,56.72607481731658,57.408203125,9178400,0.0,0.0
2024-03-28 00:00:00-04:00,57.75673547893384,58.25463837099362,57.25385249431814,57.43309783935547,8712000,0.0,0.0
2024-04-01 00:00:00-04:00,57.17418745268657,57.756732898684184,56.7758636373546,56.785823822021484,4594600,0.0,0.0
2024-04-02 00:00:00-04:00,56.23315416922384,56.39745923754126,55.83483033379904,56.29290008544922,4972000,0.0,0.0
2024-04-03 00:00:00-04:00,57.01983751678486,57.80154490522722,56.422355565901924,57.443058013916016,7640800,0.0,0.0
2024-04-04 00:00:00-04:00,58.777436221041405,59.061240709329766,57.134355205457744,57.30862045288086,6825600,0.0,0.0
2024-04-05 00:00:00-04:00,57.577490059427305,58.54839917820908,57.54263700897611,58.44384002685547,6759200,0.0,0.0
2024-04-08 00:00:00-04:00,58.83220823545493,59.03634644825802,57.821462161876916,58.06543731689453,8695000,0.0,0.0
2024-04-09 00:00:00-04:00,58.254636807852926,58.45379871907227,56.86050722801505,57.24887466430664,8140200,0.0,0.0
2024-04-10 00:00:00-04:00,56.30783869402778,57.577492643601296,56.01905789105582,57.139339447021484,8224400,0.0,0.0
2024-04-11 00:00:00-04:00,57.09950518673612,57.84635954278933,56.71114152938008,57.69698715209961,6338800,0.0,0.0
2024-04-12 00:00:00-04:00,56.741013199304824,57.20406304148867,56.19830086960744,56.42235565185547,6096600,0.0,0.0
2024-04-15 00:00:00-04:00,57.034776862014326,57.40322393241198,55.77507937502272,55.95930480957031,5015400,0.0,0.0
2024-04-16 00:00:00-04:00,56.038970920910074,56.2331527411063,55.63069070938242,56.048927307128906,7816000,0.0,0.0
2024-04-17 00:00:00-04:00,56.04892450475158,56.28791954772692,55.29211383294147,55.51118850708008,5283400,0.0,0.0
2024-04-18 00:00:00-04:00,55.54106775663441,56.11365302939966,55.19751355401726,55.20746994018555,5748600,0.0,0.0
2024-04-19 00:00:00-04:00,55.25726587936535,55.7053754533748,54.49049495244373,54.85396194458008,7538000,0.0,0.0
2024-04-22 00:00:00-04:00,55.34190491398776,56.09373931341175,54.86391861330353,55.69541549682617,6549600,0.0,0.0
2024-04-23 00:00:00-04:00,56.12361377572836,56.984983639058605,55.8298490984088,56.890384674072266,10201800,0.0,0.0
2024-04-24 00:00:00-04:00,59.345045958496684,59.444625015815916,57.00490012451943,57.91108322143555,15251800,0.0,0.0
2024-04-25 00:00:00-04:00,57.36837207474126,59.489439467566015,56.521934875423625,59.25542449951172,8510000,0.0,0.0
2024-04-26 00:00:00-04:00,59.250442969024306,60.37072445373275,59.250442969024306,59.99231719970703,8345800,0.0,0.0
2024-04-29 00:00:00-04:00,60.49519859758569,60.83875279285886,59.93256972301576,60.808876037597656,5599800,0.0,0.0
2024-04-30 00:00:00-04:00,60.74415133959777,61.540795187590696,60.096876076336166,60.13172912597656,7167200,0.0,0.0
2024-05-01 00:00:00-04:00,59.68859925785398,60.395624274394166,59.155843298113844,59.37990188598633,8706600,0.0,0.0
2024-05-02 00:00:00-04:00,59.84792631805041,60.26118663161096,58.95170338838751,60.24625015258789,5003000,0.0,0.0
2024-05-03 00:00:00-04:00,60.94829345517813,61.26197090251539,60.25122866239783,61.062808990478516,6558800,0.0,0.0
2024-05-06 00:00:00-04:00,61.24703426363713,62.15819364600353,61.137495022368576,62.13330078125,4055400,0.0,0.0
2024-05-07 00:00:00-04:00,62.23786190991785,62.56647964417707,61.90426788176812,62.09844970703125,7431400,0.0,0.0
2024-05-08 00:00:00-04:00,61.65531648907791,63.26354071499283,61.55573363071471,63.039485931396484,5986800,0.0,0.0
2024-05-09 00:00:00-04:00,63.109191060281965,63.6220304271814,62.805469994675924,63.53738784790039,5285200,0.0,0.0
2024-05-10 00:00:00-04:00,63.831148765599096,64.0452509582304,63.22868672655244,63.51747131347656,4718600,0.0,0.0
2024-05-13 00:00:00-04:00,63.567259335976324,63.62202895629135,63.08429293794243,63.313331604003906,4538400,0.0,0.0
2024-05-14 00:00:00-04:00,63.34321076817986,64.07014478461898,63.114175878372144,64.0103988647461,4795000,0.0,0.0
2024-05-15 00:00:00-04:00,64.57800454333382,65.76301587526743,64.51328233262997,65.7032699584961,7264000,0.0,0.0
2024-05-16 00:00:00-04:00,66.35551600007054,66.67417352523299,65.43936896750813,65.57878875732422,8066200,0.0,0.0
2024-05-17 00:00:00-04:00,66.22107990487751,66.36049209688568,65.414479708631,65.6783676147461,9012600,0.0,0.0
2024-05-20 00:00:00-04:00,65.79288745739065,66.92312914284291,65.57380897061803,66.40032958984375,6235600,0.0,0.0
2024-05-21 00:00:00-04:00,66.4650574266667,67.55545833959326,66.35551818652698,67.41604614257812,6137400,0.0,0.0
2024-05-22 00:00:00-04:00,67.32145755458353,67.85918602565862,66.80363426017657,67.00279998779297,6951000,0.0,0.0
2024-05-23 00:00:00-04:00,67.8940429144018,68.40190602335868,67.10237908985431,67.91395568847656,8454000,0.0,0.0
2024-05-24 00:00:00-04:00,68.40687481069351,69.00435673351389,67.80939288787314,67.83428955078125,7864800,0.0,0.0
2024-05-28 00:00:00-04:00,68.81017318215866,68.99937869861165,66.49990423413261,66.70902252197266,9672800,0.0,0.0
2024-05-29 00:00:00-04:00,65.8825161191207,66.56961696265505,65.10080491053881,66.25594329833984,10132600,0.0,0.0
2024-05-30 00:00:00-04:00,66.27585607171089,66.5397440039008,65.91238907787496,66.25594329833984,7249400,0.0,0.0
2024-05-31 00:00:00-04:00,65.87752908124676,66.31568604843623,64.31909062990744,65.90740203857422,16472800,0.0,0.0
2024-06-03 00:00:00-04:00,66.10656640963853,66.3903670958912,64.95641199147711,65.61363983154297,7883200,0.0,0.0
2024-06-04 00:00:00-04:00,64.9464553863599,65.25515275269325,64.34897342680698,64.75227355957031,8143600,0.0,0.0
2024-06-05 00:00:00-04:00,65.31489741383234,66.44513910054437,65.05599338135355,66.3604965209961,7151400,0.0,0.0
2024-06-06 00:00:00-04:00,66.36049503815973,66.62438295597102,64.98628582857287,65.15557098388672,6470800,0.0,0.0
2024-06-07 00:00:00-04:00,65.21531328313709,65.52899451036808,64.89167946901229,65.04602813720703,4583600,0.0,0.0
2024-06-10 00:00:00-04:00,64.78712103163936,66.74388332234649,64.75724807409186,66.63932037353516,5420600,0.0,0.0
2024-06-11 00:00:00-04:00,66.30075137354532,66.95300295092336,66.2310452720865,66.9330825805664,4798600,0.0,0.0
2024-06-12 00:00:00-04:00,67.72475301294234,68.68072564706063,66.97789868028165,68.40190124511719,6658100,0.0,2.0
2024-06-13 00:00:00-04:00,68.511439887663,68.74047095979621,67.45588060719558,68.70063781738281,6152700,0.0,0.0
2024-06-14 00:00:00-04:00,68.04341135045183,68.44173518532428,67.08743870519511,67.98365783691406,3996500,0.0,0.0
2024-06-17 00:00:00-04:00,67.99362009906415,69.09896516583731,67.36626516821808,68.86993408203125,5090400,0.0,0.0
2024-06-18 00:00:00-04:00,68.81008108148944,69.76757661542408,67.72292730976613,69.54815673828125,5635500,0.11,0.0
2024-06-20 00:00:00-04:00,69.80747363453176,70.65525543025483,68.1418305897173,68.26152038574219,10981900,0.0,0.0
2024-06-21 00:00:00-04:00,67.92240406504142,68.60063103313824,67.28407369618539,68.55076599121094,10704000,0.0,0.0
2024-06-24 00:00:00-04:00,68.01217290319074,68.22162434081078,67.0247491993415,67.09456634521484,7135300,0.0,0.0
2024-06-25 00:00:00-04:00,67.07462075026946,67.96229913731243,66.88511381050813,67.78276824951172,6237200,0.0,0.0
2024-06-26 00:00:00-04:00,67.86255794161113,67.86255794161113,66.48615961255159,66.98485565185547,7418100,0.0,0.0
2024-06-27 00:00:00-04:00,67.17436106641517,67.34391590888113,66.62579993911385,67.31399536132812,4523600,0.0,0.0
2024-06-28 00:00:00-04:00,67.50350218613485,68.6205841529119,66.95493345032953,67.1943130493164,27676600,0.0,0.0
2024-07-01 00:00:00-04:00,67.56333769346004,67.72292407958639,66.89508682292579,67.34391021728516,4698900,0.0,0.0
2024-07-02 00:00:00-04:00,66.91503641757343,67.71295319003733,66.36647529481552,67.3838119506836,5245500,0.0,0.0
2024-07-03 00:00:00-04:00,67.1244925783386,67.69300578116058,66.67566155958569,67.61321258544922,2697600,0.0,0.0
2024-07-05 00:00:00-04:00,67.61321411314736,68.07201358460713,67.07462144417333,67.8326416015625,4371000,0.0,0.0
2024-07-08 00:00:00-04:00,68.26152177194753,68.47097321212087,67.63315984192924,67.81269073486328,4936000,0.0,0.0
2024-07-09 00:00:00-04:00,68.05206536374666,68.7701812735597,68.05206536374666,68.44104766845703,5365400,0.0,0.0
2024-07-10 00:00:00-04:00,68.82005807362029,70.0667982561134,68.71034432880104,69.83739471435547,5865300,0.0,0.0
2024-07-11 00:00:00-04:00,70.00695339294363,70.12663557393998,69.20903667531174,69.34867095947266,4624500,0.0,0.0
2024-07-12 00:00:00-04:00,69.34866945932977,70.55551295175582,69.16913858222107,69.67781066894531,4594500,0.0,0.0
2024-07-15 00:00:00-04:00,69.93714030568952,70.46575692773233,69.20904068792422,69.52820587158203,5887500,0.0,0.0
2024-07-16 00:00:00-04:00,70.10668960655315,70.52559245023009,69.41848664229985,70.22637939453125,6164900,0.0,0.0
2024-07-17 00:00:00-04:00,69.11927435703859,69.3287257812117,63.97272755907831,64.05252075195312,14803700,0.0,0.0
2024-07-18 00:00:00-04:00,64.65095702177408,66.32657609054675,64.64098096989801,65.6583251953125,10698500,0.0,0.0
2024-07-19 00:00:00-04:00,66.41633856189556,66.95493122748773,64.06250012598997,64.18218231201172,7745800,0.0,0.0
2024-07-22 00:00:00-04:00,64.83048899191438,66.46621149002745,64.70083075334988,66.06725311279297,7449800,0.0,0.0
2024-07-23 00:00:00-04:00,65.94756969149928,67.14443719129501,65.72814220765387,66.08720397949219,8759800,0.0,0.0
2024-07-24 00:00:00-04:00,62.41680012061326,64.13231576872184,61.229901073712995,61.828338623046875,14011300,0.0,0.0
2024-07-25 00:00:00-04:00,62.64619891816123,63.00525687672465,60.37214235209947,61.598934173583984,12628800,0.0,0.0
2024-07-26 00:00:00-04:00,63.03518371468911,64.61106131006309,62.89554942450081,63.69346237182617,11995400,0.0,0.0
2024-07-29 00:00:00-04:00,64.13231614770265,64.48140186664857,63.184789071137494,63.22468566894531,5599000,0.0,0.0
2024-07-30 00:00:00-04:00,63.53387749670944,63.952784156953115,60.72123208060517,61.778465270996094,8008600,0.0,0.0
2024-07-31 00:00:00-04:00,65.73812107518216,66.8950920266066,63.56380205205947,64.09242248535156,8849000,0.0,0.0
2024-08-01 00:00:00-04:00,63.76327744441315,63.76327744441315,60.681335694183105,61.9579963684082,9122500,0.0,0.0
2024-08-02 00:00:00-04:00,60.14274267276155,60.282376957546,57.8487416111983,58.97579574584961,11962600,0.0,0.0
2024-08-05 00:00:00-04:00,55.41510663026801,58.48707233002967,54.62716595550406,58.23772430419922,16551400,0.0,0.0
2024-08-06 00:00:00-04:00,58.64665727954063,60.41204183018651,58.2676471996635,59.72384262084961,10484000,0.0,0.0
2024-08-07 00:00:00-04:00,60.79104951422872,61.439352099133764,59.59417822819386,59.8834228515625,10106600,0.0,0.0
2024-08-08 00:00:00-04:00,60.81099740153791,62.34697834006468,60.511776728491526,62.20734405517578,7596700,0.0,0.0
2024-08-09 00:00:00-04:00,61.96797174747396,62.70603976496824,61.77846481493576,62.45669174194336,5207000,0.0,0.0
2024-08-12 00:00:00-04:00,62.686091347133384,63.424163167970455,62.4467193761449,62.88557052612305,4112900,0.0,0.0
2024-08-13 00:00:00-04:00,63.424161477554364,64.66092931052812,63.29449944395458,64.62103271484375,6823200,0.0,0.0
2024-08-14 00:00:00-04:00,64.8304905273547,65.0100214208873,64.15226355284244,64.64098358154297,4743900,0.0,0.0
2024-08-15 00:00:00-04:00,65.39900263371652,66.06725354448933,64.76067226976963,65.87775421142578,6094900,0.0,0.0
2024-08-16 00:00:00-04:00,65.7081882941179,65.78798148777264,65.01999292496465,65.62840270996094,5913800,0.0,0.0
2024-08-19 00:00:00-04:00,65.59847456630438,66.2467809482376,64.85043049703476,66.17696380615234,3737800,0.0,0.0
2024-08-20 00:00:00-04:00,66.29665375732154,66.97488068614955,65.74808506139527,66.84521484375,4972400,0.0,0.0
2024-08-21 00:00:00-04:00,66.89509151516036,67.22423275250969,66.5559818351022,67.02474975585938,4671000,0.0,0.0
2024-08-22 00:00:00-04:00,67.31399133155766,67.57331541065649,66.37644792319679,66.58589935302734,4184600,0.0,0.0
2024-08-23 00:00:00-04:00,66.90506204185769,67.51347181477227,66.30662832032628,67.17435455322266,3981200,0.0,0.0
2024-08-26 00:00:00-04:00,67.06464190648728,67.45362421227962,66.27670124335728,66.48616027832031,3809600,0.0,0.0
2024-08-27 00:00:00-04:00,66.02735430102462,66.58589905423092,65.37905552043355,66.34651947021484,6842300,0.0,0.0
2024-08-28 00:00:00-04:00,66.4462677002659,66.86517057653145,65.7879852294216,66.11712646484375,3791400,0.0,0.0
2024-08-29 00:00:00-04:00,66.40637040244995,67.52344472740435,66.24678400774324,66.6158218383789,4727400,0.0,0.0
2024-08-30 00:00:00-04:00,66.775397581438,67.35388682164782,66.28667758653552,67.27409362792969,5853700,0.0,0.0
2024-09-03 00:00:00-04:00,66.01738750288104,66.12710124591287,61.41940917599534,61.7485466003418,10899200,0.0,0.0
2024-09-04 00:00:00-04:00,57.848743455507154,61.389484750885806,57.52957827875324,61.14013671875,10666700,0.0,0.0
2024-09-05 00:00:00-04:00,60.84091923226536,61.9280767936876,60.84091923226536,61.69867706298828,5158600,0.0,0.0
2024-09-06 00:00:00-04:00,61.71862489333804,62.11757945488432,59.55428203402214,59.69391632080078,5743200,0.0,0.0
2024-09-09 00:00:00-04:00,60.531728156757175,60.74118339966915,59.7238429510578,60.571624755859375,6339000,0.0,0.0
2024-09-10 00:00:00-04:00,60.7112553003953,61.10023760575792,60.19261095832885,60.631465911865234,3989700,0.0,0.0
2024-09-11 00:00:00-04:00,60.95063195466625,61.99789290069081,59.803629515604314,61.898155212402344,9784100,0.0,0.0
2024-09-12 00:00:00-04:00,61.977945595532255,63.56379921513169,61.86823185380698,63.28453063964844,6222400,0.0,0.0
2024-09-13 00:00:00-04:00,63.563798733403964,64.16223628243856,63.12494757457776,63.41419219970703,6036300,0.0,0.0
2024-09-16 00:00:00-04:00,63.394244168586816,63.60369559949621,62.596327433171815,63.10499954223633,5707100,0.0,0.0
2024-09-17 00:00:00-04:00,63.70000076293945,64.27999877929688,63.119998931884766,63.9900016784668,4313000,0.165,0.0
2024-09-18 00:00:00-04:00,64.81999969482422,65.05000305175781,63.2400016784668,63.29999923706055,5860400,0.0,0.0
2024-09-19 00:00:00-04:00,65.23999786376953,65.58000183105469,64.62000274658203,65.29000091552734,3841800,0.0,0.0
2024-09-20 00:00:00-04:00,65.19000244140625,65.98999786376953,64.98999786376953,65.91000366210938,8004600,0.0,0.0
2024-09-23 00:00:00-04:00,65.9800033569336,66.3499984741211,65.56999969482422,65.66999816894531,4984200,0.0,0.0
2024-09-24 00:00:00-04:00,65.80000305175781,66.2300033569336,65.23999786376953,66.1500015258789,8311700,0.0,0.0
2024-09-25 00:00:00-04:00,66.12000274658203,66.55999755859375,65.08999633789062,65.36000061035156,4934000,0.0,0.0
2024-09-26 00:00:00-04:00,66.41999816894531,66.9800033569336,65.45999908447266,65.72000122070312,4677900,0.0,0.0
2024-09-27 00:00:00-04:00,65.83000183105469,65.9800033569336,64.62999725341797,65.0199966430664,6312800,0.0,0.0
2024-09-30 00:00:00-04:00,64.76000213623047,65.19000244140625,64.04000091552734,65.16000366210938,9220600,0.0,0.0
2024-10-01 00:00:00-04:00,65.12000274658203,65.30000305175781,63.130001068115234,63.619998931884766,6527300,0.0,0.0
2024-10-02 00:00:00-04:00,63.220001220703125,64.0199966430664,62.119998931884766,62.13999938964844,8607300,0.0,0.0
2024-10-03 00:00:00-04:00,62.06999969482422,62.880001068115234,61.91999816894531,62.06999969482422,6565200,0.0,0.0
2024-10-04 00:00:00-04:00,62.72999954223633,62.7599983215332,61.959999084472656,62.400001525878906,5287900,0.0,0.0
2024-10-07 00:00:00-04:00,61.970001220703125,62.880001068115234,61.95000076293945,62.849998474121094,5020000,0.0,0.0
2024-10-08 00:00:00-04:00,63.310001373291016,64.54000091552734,63.310001373291016,64.33000183105469,6678900,0.0,0.0
2024-10-09 00:00:00-04:00,64.33000183105469,65.1500015258789,63.91999816894531,64.94000244140625,4693700,0.0,0.0
2024-10-10 00:00:00-04:00,64.33000183105469,65.0999984741211,64.19999694824219,64.55999755859375,3863800,0.0,0.0
2024-10-11 00:00:00-04:00,64.4000015258789,65.72000122070312,64.30000305175781,65.55999755859375,5249300,0.0,0.0
2024-10-14 00:00:00-04:00,66.11000061035156,67.41000366210938,66.05000305175781,67.37999725341797,6682500,0.0,0.0
2024-10-15 00:00:00-04:00,67.63999938964844,67.91999816894531,65.18000030517578,65.69999694824219,15083600,0.0,0.0
2024-10-16 00:00:00-04:00,65.80999755859375,67.5,65.7300033569336,67.0,6848400,0.0,0.0
2024-10-17 00:00:00-04:00,67.88999938964844,68.4800033569336,67.22000122070312,67.54000091552734,6552100,0.0,0.0
2024-10-18 00:00:00-04:00,67.69000244140625,67.97000122070312,67.1500015258789,67.45999908447266,10159200,0.0,0.0
2024-10-21 00:00:00-04:00,67.2300033569336,67.52999877929688,66.68000030517578,66.87000274658203,8212700,0.0,0.0
2024-10-22 00:00:00-04:00,66.26000213623047,67.30999755859375,66.02999877929688,66.8499984741211,7896000,0.0,0.0
2024-10-23 00:00:00-04:00,68.0,71.19999694824219,67.20999908447266,68.47000122070312,12309500,0.0,0.0
2024-10-24 00:00:00-04:00,69.45999908447266,70.16000366210938,68.66000366210938,69.80000305175781,9833400,0.0,0.0
2024-10-25 00:00:00-04:00,70.41000366210938,70.68000030517578,68.91000366210938,69.41000366210938,7041100,0.0,0.0
2024-10-28 00:00:00-04:00,70.30999755859375,70.33000183105469,68.48999786376953,68.68000030517578,7116400,0.0,0.0
2024-10-29 00:00:00-04:00,68.68000030517578,69.12999725341797,68.36000061035156,68.87999725341797,8117000,0.0,0.0
2024-10-30 00:00:00-04:00,68.5,68.86000061035156,67.81999969482422,68.36000061035156,6133300,0.0,0.0
2024-10-31 00:00:00-04:00,68.0999984741211,68.0999984741211,66.83999633789062,67.0199966430664,6512800,0.0,0.0
2024-11-01 00:00:00-04:00,67.72000122070312,68.38999938964844,67.11000061035156,67.86000061035156,5399600,0.0,0.0
2024-11-04 00:00:00-05:00,68.0,68.51000213623047,67.55999755859375,68.22000122070312,4818100,0.0,0.0
2024-11-05 00:00:00-05:00,68.30000305175781,69.7699966430664,68.19999694824219,69.70999908447266,5580300,0.0,0.0
2024-11-06 00:00:00-05:00,72.36000061035156,72.36000061035156,70.79000091552734,72.16999816894531,11720500,0.0,0.0
2024-11-07 00:00:00-05:00,72.5,74.18000030517578,71.9000015258789,73.94999694824219,10873100,0.0,0.0
2024-11-08 00:00:00-05:00,74.04000091552734,74.5999984741211,73.52999877929688,73.87000274658203,6026900,0.0,0.0
2024-11-11 00:00:00-05:00,74.19000244140625,74.69999694824219,72.94000244140625,73.41000366210938,4420700,0.0,0.0
2024-11-12 00:00:00-05:00,73.5999984741211,73.98999786376953,71.63999938964844,71.98999786376953,7945500,0.0,0.0
2024-11-13 00:00:00-05:00,72.29000091552734,72.83000183105469,71.86000061035156,72.33000183105469,5083800,0.0,0.0
2024-11-14 00:00:00-05:00,72.97000122070312,73.63999938964844,72.4000015258789,72.55000305175781,6585500,0.0,0.0
2024-11-15 00:00:00-05:00,71.6500015258789,72.18000030517578,70.23999786376953,70.5199966430664,7410300,0.0,0.0
2024-11-18 00:00:00-05:00,70.55999755859375,70.70999908447266,69.18000030517578,69.87999725341797,7200200,0.0,0.0
2024-11-19 00:00:00-05:00,69.16999816894531,71.08000183105469,69.11000061035156,70.9800033569336,4862100,0.0,0.0
2024-11-20 00:00:00-05:00,71.4000015258789,71.42500305175781,70.0,70.88999938964844,4017237,0.0,0.0
