Date,Open,High,Low,Close,Volume,Dividends,Stock Splits
2022-01-03 00:00:00-05:00,66.5999984741211,75.51000213623047,66.05999755859375,75.05999755859375,18450,0.0,0.0
2022-01-04 00:00:00-05:00,75.05999755859375,75.5999984741211,68.94000244140625,68.94000244140625,18983,0.0,0.0
2022-01-05 00:00:00-05:00,68.04000091552734,70.37999725341797,64.80000305175781,64.9800033569336,20083,0.0,0.0
2022-01-06 00:00:00-05:00,66.05999755859375,66.51000213623047,63.18000030517578,63.540000915527344,12256,0.0,0.0
2022-01-07 00:00:00-05:00,63.36000061035156,67.31999969482422,62.63999938964844,62.81999969482422,19206,0.0,0.0
2022-01-10 00:00:00-05:00,62.279998779296875,66.5999984741211,60.624000549316406,66.23999786376953,30483,0.0,0.0
2022-01-11 00:00:00-05:00,67.68000030517578,69.66000366210938,65.87999725341797,66.23999786376953,28617,0.0,0.0
2022-01-12 00:00:00-05:00,66.95999908447266,68.4000015258789,64.08000183105469,64.80000305175781,21367,0.0,0.0
2022-01-13 00:00:00-05:00,66.77999877929688,70.29000091552734,64.9800033569336,65.69999694824219,28256,0.0,0.0
2022-01-14 00:00:00-05:00,65.33999633789062,66.5999984741211,62.63999938964844,66.41999816894531,18178,0.0,0.0
2022-01-18 00:00:00-05:00,66.41999816894531,66.41999816894531,62.099998474121094,62.279998779296875,20333,0.0,0.0
2022-01-19 00:00:00-05:00,63.540000915527344,64.26000213623047,61.380001068115234,62.459999084472656,23806,0.0,0.0
2022-01-20 00:00:00-05:00,62.81999969482422,66.95999908447266,62.63999938964844,63.0,19278,0.0,0.0
2022-01-21 00:00:00-05:00,62.099998474121094,64.26000213623047,60.29999923706055,60.65999984741211,20456,0.0,0.0
2022-01-24 00:00:00-05:00,59.58000183105469,62.63999938964844,56.52000045776367,62.459999084472656,28261,0.0,0.0
2022-01-25 00:00:00-05:00,61.380001068115234,63.36000061035156,60.29999923706055,62.459999084472656,20989,0.0,0.0
2022-01-26 00:00:00-05:00,63.540000915527344,65.69999694824219,59.7599983215332,60.47999954223633,24406,0.0,0.0
2022-01-27 00:00:00-05:00,61.380001068115234,62.099998474121094,54.540000915527344,54.540000915527344,21317,0.0,0.0
2022-01-28 00:00:00-05:00,57.2400016784668,59.040000915527344,49.86000061035156,56.52000045776367,210061,0.0,0.0
2022-01-31 00:00:00-05:00,58.68000030517578,68.58000183105469,56.880001068115234,66.95999908447266,58217,0.0,0.0
2022-02-01 00:00:00-05:00,67.5,71.27999877929688,65.33999633789062,70.19999694824219,33894,0.0,0.0
2022-02-02 00:00:00-05:00,70.19999694824219,70.6500015258789,65.61000061035156,67.31999969482422,40683,0.0,0.0
2022-02-03 00:00:00-05:00,65.16000366210938,69.30000305175781,64.9800033569336,66.23999786376953,27106,0.0,0.0
2022-02-04 00:00:00-05:00,66.41999816894531,71.63999938964844,65.87999725341797,71.0999984741211,33806,0.0,0.0
2022-02-07 00:00:00-05:00,72.0,76.31999969482422,71.81999969482422,73.62000274658203,29306,0.0,0.0
2022-02-08 00:00:00-05:00,75.5999984741211,75.5999984741211,69.4800033569336,70.73999786376953,38161,0.0,0.0
2022-02-09 00:00:00-05:00,72.9000015258789,75.23999786376953,71.63999938964844,74.69999694824219,22494,0.0,0.0
2022-02-10 00:00:00-05:00,72.72000122070312,76.68000030517578,69.83999633789062,70.73999786376953,24928,0.0,0.0
2022-02-11 00:00:00-05:00,70.73999786376953,71.0999984741211,66.69000244140625,67.68000030517578,19228,0.0,0.0
2022-02-14 00:00:00-05:00,67.86000061035156,68.58000183105469,65.61000061035156,66.41999816894531,12144,0.0,0.0
2022-02-15 00:00:00-05:00,68.04000091552734,71.7300033569336,67.86000061035156,71.63999938964844,11500,0.0,0.0
2022-02-16 00:00:00-05:00,70.19999694824219,72.36000061035156,69.17400360107422,72.18000030517578,8961,0.0,0.0
2022-02-17 00:00:00-05:00,71.27999877929688,72.16200256347656,69.30000305175781,69.66000366210938,15089,0.0,0.0
2022-02-18 00:00:00-05:00,69.12000274658203,70.55999755859375,67.41000366210938,69.4800033569336,17522,0.0,0.0
2022-02-22 00:00:00-05:00,50.220001220703125,53.63999938964844,46.619998931884766,46.79999923706055,204861,0.0,0.0
2022-02-23 00:00:00-05:00,49.31999969482422,51.29999923706055,46.79999923706055,50.220001220703125,64089,0.0,0.0
2022-02-24 00:00:00-05:00,47.70000076293945,49.13999938964844,45.720001220703125,48.779998779296875,97450,0.0,0.0
2022-02-25 00:00:00-05:00,48.599998474121094,49.68000030517578,46.2599983215332,49.68000030517578,58633,0.0,0.0
2022-02-28 00:00:00-05:00,54.0,63.36000061035156,54.0,62.81999969482422,115078,0.0,0.0
2022-03-01 00:00:00-05:00,61.91999816894531,67.5,59.58000183105469,63.900001525878906,39544,0.0,0.0
2022-03-02 00:00:00-05:00,64.62000274658203,65.33999633789062,61.560001373291016,64.62000274658203,28544,0.0,0.0
2022-03-03 00:00:00-05:00,64.9800033569336,65.16000366210938,57.2400016784668,58.68000030517578,38072,0.0,0.0
2022-03-04 00:00:00-05:00,58.31999969482422,58.5,54.18000030517578,54.36000061035156,21739,0.0,0.0
2022-03-07 00:00:00-05:00,54.720001220703125,55.88999938964844,52.380001068115234,55.79999923706055,23811,0.0,0.0
2022-03-08 00:00:00-05:00,56.34000015258789,60.47999954223633,54.917999267578125,56.880001068115234,22556,0.0,0.0
2022-03-09 00:00:00-05:00,58.68000030517578,61.91999816894531,56.880001068115234,61.7400016784668,18894,0.0,0.0
2022-03-10 00:00:00-05:00,60.29999923706055,61.650001525878906,58.31999969482422,58.68000030517578,11917,0.0,0.0
2022-03-11 00:00:00-05:00,59.400001525878906,61.02000045776367,56.43000030517578,56.880001068115234,14089,0.0,0.0
2022-03-14 00:00:00-04:00,57.779998779296875,57.779998779296875,53.279998779296875,54.0,18200,0.0,0.0
2022-03-15 00:00:00-04:00,55.2599983215332,55.2599983215332,52.290000915527344,52.7400016784668,40639,0.0,0.0
2022-03-16 00:00:00-04:00,54.900001525878906,57.060001373291016,52.7400016784668,56.52000045776367,23878,0.0,0.0
2022-03-17 00:00:00-04:00,56.70000076293945,63.36000061035156,55.439998626708984,62.81999969482422,18494,0.0,0.0
2022-03-18 00:00:00-04:00,63.720001220703125,64.26000213623047,60.47999954223633,60.47999954223633,25978,0.0,0.0
2022-03-21 00:00:00-04:00,61.380001068115234,62.72999954223633,59.040000915527344,60.47999954223633,19200,0.0,0.0
2022-03-22 00:00:00-04:00,60.84000015258789,63.36000061035156,60.29999923706055,62.63999938964844,14900,0.0,0.0
2022-03-23 00:00:00-04:00,62.279998779296875,62.459999084472656,58.5,58.68000030517578,14300,0.0,0.0
2022-03-24 00:00:00-04:00,59.220001220703125,62.099998474121094,56.15999984741211,57.959999084472656,20933,0.0,0.0
2022-03-25 00:00:00-04:00,58.13999938964844,58.5,54.18000030517578,55.08000183105469,20789,0.0,0.0
2022-03-28 00:00:00-04:00,55.08000183105469,56.970001220703125,53.099998474121094,55.2599983215332,18567,0.0,0.0
2022-03-29 00:00:00-04:00,56.880001068115234,59.4900016784668,55.63800048828125,56.880001068115234,20500,0.0,0.0
2022-03-30 00:00:00-04:00,57.2400016784668,58.5,54.18000030517578,54.36000061035156,21339,0.0,0.0
2022-03-31 00:00:00-04:00,54.540000915527344,55.31399917602539,52.7400016784668,54.720001220703125,15956,0.0,0.0
2022-04-01 00:00:00-04:00,54.36000061035156,54.720001220703125,53.279998779296875,53.63999938964844,18067,0.0,0.0
2022-04-04 00:00:00-04:00,54.0,58.77000045776367,54.0,56.15999984741211,28439,0.0,0.0
2022-04-05 00:00:00-04:00,56.15999984741211,56.790000915527344,51.47999954223633,51.84000015258789,32728,0.0,0.0
2022-04-06 00:00:00-04:00,50.7599983215332,51.119998931884766,45.540000915527344,45.720001220703125,56906,0.0,0.0
2022-04-07 00:00:00-04:00,46.08000183105469,46.97999954223633,43.380001068115234,45.18000030517578,25233,0.0,0.0
2022-04-08 00:00:00-04:00,45.720001220703125,45.720001220703125,42.47999954223633,44.099998474121094,24156,0.0,0.0
2022-04-11 00:00:00-04:00,43.380001068115234,43.91999816894531,41.7599983215332,42.119998931884766,23517,0.0,0.0
2022-04-12 00:00:00-04:00,42.29999923706055,43.7400016784668,39.779998779296875,39.779998779296875,26744,0.0,0.0
2022-04-13 00:00:00-04:00,39.959999084472656,40.86000061035156,37.97999954223633,38.15999984741211,30206,0.0,0.0
2022-04-14 00:00:00-04:00,37.97999954223633,39.959999084472656,37.439998626708984,37.79999923706055,23711,0.0,0.0
2022-04-18 00:00:00-04:00,38.52000045776367,38.82600021362305,34.88399887084961,36.900001525878906,51328,0.0,0.0
2022-04-19 00:00:00-04:00,37.08000183105469,38.15999984741211,36.18000030517578,36.900001525878906,30628,0.0,0.0
2022-04-20 00:00:00-04:00,37.08000183105469,37.08000183105469,34.380001068115234,34.560001373291016,26817,0.0,0.0
2022-04-21 00:00:00-04:00,34.7400016784668,35.459999084472656,31.59000015258789,32.040000915527344,26672,0.0,0.0
2022-04-22 00:00:00-04:00,31.860000610351562,33.65999984741211,31.860000610351562,32.040000915527344,18844,0.0,0.0
2022-04-25 00:00:00-04:00,31.5,33.29999923706055,31.5,32.7599983215332,17089,0.0,0.0
2022-04-26 00:00:00-04:00,32.040000915527344,32.220001220703125,29.610000610351562,29.8799991607666,16967,0.0,0.0
2022-04-27 00:00:00-04:00,29.8799991607666,31.860000610351562,28.979999542236328,28.979999542236328,20728,0.0,0.0
2022-04-28 00:00:00-04:00,29.34000015258789,30.600000381469727,28.079999923706055,30.420000076293945,16111,0.0,0.0
2022-04-29 00:00:00-04:00,29.520000457763672,32.02199935913086,29.520000457763672,29.8799991607666,13850,0.0,0.0
2022-05-02 00:00:00-04:00,30.239999771118164,31.31999969482422,29.34000015258789,30.600000381469727,20950,0.0,0.0
2022-05-03 00:00:00-04:00,30.600000381469727,32.66999816894531,30.239999771118164,32.220001220703125,18467,0.0,0.0
2022-05-04 00:00:00-04:00,32.400001525878906,34.380001068115234,30.059999465942383,33.84000015258789,25072,0.0,0.0
2022-05-05 00:00:00-04:00,33.84000015258789,39.2400016784668,31.139999389648438,35.279998779296875,37650,0.0,0.0
2022-05-06 00:00:00-04:00,34.380001068115234,34.380001068115234,31.68000030517578,33.65999984741211,13278,0.0,0.0
2022-05-09 00:00:00-04:00,32.58000183105469,32.939998626708984,29.700000762939453,30.059999465942383,14317,0.0,0.0
2022-05-10 00:00:00-04:00,30.600000381469727,33.47999954223633,30.239999771118164,33.119998931884766,18711,0.0,0.0
2022-05-11 00:00:00-04:00,32.58000183105469,32.7599983215332,28.799999237060547,28.979999542236328,12128,0.0,0.0
2022-05-12 00:00:00-04:00,28.799999237060547,30.600000381469727,27.899999618530273,28.260000228881836,13689,0.0,0.0
2022-05-13 00:00:00-04:00,28.799999237060547,29.15999984741211,25.020000457763672,25.200000762939453,52033,0.0,0.0
2022-05-16 00:00:00-04:00,25.020000457763672,27.540000915527344,25.020000457763672,25.920000076293945,18906,0.0,0.0
2022-05-17 00:00:00-04:00,25.739999771118164,27.899999618530273,25.739999771118164,27.18000030517578,25417,0.0,0.0
2022-05-18 00:00:00-04:00,27.0,28.799999237060547,25.3799991607666,25.3799991607666,13517,0.0,0.0
2022-05-19 00:00:00-04:00,25.200000762939453,30.780000686645508,23.940000534057617,29.700000762939453,40467,0.0,0.0
2022-05-20 00:00:00-04:00,30.059999465942383,30.600000381469727,26.81999969482422,27.899999618530273,20644,0.0,0.0
2022-05-23 00:00:00-04:00,27.719999313354492,28.979999542236328,26.423999786376953,26.639999389648438,12333,0.0,0.0
2022-05-24 00:00:00-04:00,25.920000076293945,26.945999145507812,24.479999542236328,25.020000457763672,13911,0.0,0.0
2022-05-25 00:00:00-04:00,24.479999542236328,25.920000076293945,23.399999618530273,25.739999771118164,18106,0.0,0.0
2022-05-26 00:00:00-04:00,25.739999771118164,26.639999389648438,25.3799991607666,26.100000381469727,12022,0.0,0.0
2022-05-27 00:00:00-04:00,26.100000381469727,27.719999313354492,25.3799991607666,27.18000030517578,17044,0.0,0.0
2022-05-31 00:00:00-04:00,27.540000915527344,30.959999084472656,26.100000381469727,26.459999084472656,106994,0.0,0.0
2022-06-01 00:00:00-04:00,27.719999313354492,27.899999618530273,25.200000762939453,26.100000381469727,29139,0.0,0.0
2022-06-02 00:00:00-04:00,26.100000381469727,27.18000030517578,25.200000762939453,27.0,15900,0.0,0.0
2022-06-03 00:00:00-04:00,26.81999969482422,32.939998626708984,26.729999542236328,31.68000030517578,28356,0.0,0.0
2022-06-06 00:00:00-04:00,32.400001525878906,33.119998931884766,30.059999465942383,32.040000915527344,27744,0.0,0.0
2022-06-07 00:00:00-04:00,31.68000030517578,40.13999938964844,31.5,39.959999084472656,36017,0.0,0.0
2022-06-08 00:00:00-04:00,39.959999084472656,41.400001525878906,38.15999984741211,39.959999084472656,15183,0.0,0.0
2022-06-09 00:00:00-04:00,39.2400016784668,43.380001068115234,37.619998931884766,41.220001220703125,16450,0.0,0.0
2022-06-10 00:00:00-04:00,39.060001373291016,40.31999969482422,37.529998779296875,38.70000076293945,12344,0.0,0.0
2022-06-13 00:00:00-04:00,37.619998931884766,38.52000045776367,33.29999923706055,34.91999816894531,23328,0.0,0.0
2022-06-14 00:00:00-04:00,35.459999084472656,36.0,33.65999984741211,33.65999984741211,7117,0.0,0.0
2022-06-15 00:00:00-04:00,33.84000015258789,34.32600021362305,32.310001373291016,33.84000015258789,19011,0.0,0.0
2022-06-16 00:00:00-04:00,33.119998931884766,33.29999923706055,30.600000381469727,32.040000915527344,20994,0.0,0.0
2022-06-17 00:00:00-04:00,32.220001220703125,34.20000076293945,31.860000610351562,32.220001220703125,30272,0.0,0.0
2022-06-21 00:00:00-04:00,33.47999954223633,36.720001220703125,33.119998931884766,34.7400016784668,29478,0.0,0.0
2022-06-22 00:00:00-04:00,34.560001373291016,37.2599983215332,34.11000061035156,36.900001525878906,25072,0.0,0.0
2022-06-23 00:00:00-04:00,36.900001525878906,40.5,36.0,40.5,24494,0.0,0.0
2022-06-24 00:00:00-04:00,40.5,43.02000045776367,36.36000061035156,36.540000915527344,272500,0.0,0.0
2022-06-27 00:00:00-04:00,36.900001525878906,36.900001525878906,32.66999816894531,35.63999938964844,20517,0.0,0.0
2022-06-28 00:00:00-04:00,35.279998779296875,35.63999938964844,33.56999969482422,34.91999816894531,10961,0.0,0.0
2022-06-29 00:00:00-04:00,35.63999938964844,35.63999938964844,33.29999923706055,35.459999084472656,14300,0.0,0.0
2022-06-30 00:00:00-04:00,34.380001068115234,36.36000061035156,33.47999954223633,35.459999084472656,6933,0.0,0.0
2022-07-01 00:00:00-04:00,35.279998779296875,36.900001525878906,32.58000183105469,32.939998626708984,10389,0.0,0.0
2022-07-05 00:00:00-04:00,32.939998626708984,36.18000030517578,32.58000183105469,34.7400016784668,11828,0.0,0.0
2022-07-06 00:00:00-04:00,34.7400016784668,37.97999954223633,34.7400016784668,35.459999084472656,11956,0.0,0.0
2022-07-07 00:00:00-04:00,36.0,39.060001373291016,35.459999084472656,38.70000076293945,9906,0.0,0.0
2022-07-08 00:00:00-04:00,38.70000076293945,41.040000915527344,38.52000045776367,40.86000061035156,10567,0.0,0.0
2022-07-11 00:00:00-04:00,40.5,40.5,37.2599983215332,37.439998626708984,9267,0.0,0.0
2022-07-12 00:00:00-04:00,38.52000045776367,39.060001373291016,35.81999969482422,38.52000045776367,5689,0.0,0.0
2022-07-13 00:00:00-04:00,38.34000015258789,43.02000045776367,37.79999923706055,41.939998626708984,9456,0.0,0.0
2022-07-14 00:00:00-04:00,41.040000915527344,43.650001525878906,41.040000915527344,41.7599983215332,6578,0.0,0.0
2022-07-15 00:00:00-04:00,42.119998931884766,42.119998931884766,39.599998474121094,41.040000915527344,5678,0.0,0.0
2022-07-18 00:00:00-04:00,42.29999923706055,44.099998474121094,39.599998474121094,39.959999084472656,7861,0.0,0.0
2022-07-19 00:00:00-04:00,40.31999969482422,42.29999923706055,39.779998779296875,40.86000061035156,6533,0.0,0.0
2022-07-20 00:00:00-04:00,41.58000183105469,43.91999816894531,41.040000915527344,42.119998931884766,7800,0.0,0.0
2022-07-21 00:00:00-04:00,42.29999923706055,45.900001525878906,42.29999923706055,45.0,11817,0.0,0.0
2022-07-22 00:00:00-04:00,44.279998779296875,45.0,40.5,42.29999923706055,6856,0.0,0.0
2022-07-25 00:00:00-04:00,43.20000076293945,44.099998474121094,41.220001220703125,43.560001373291016,8761,0.0,0.0
2022-07-26 00:00:00-04:00,44.279998779296875,44.279998779296875,41.040000915527344,41.7599983215332,4717,0.0,0.0
2022-07-27 00:00:00-04:00,42.29999923706055,44.279998779296875,41.58000183105469,43.20000076293945,10000,0.0,0.0
2022-07-28 00:00:00-04:00,43.20000076293945,43.560001373291016,40.86000061035156,41.58000183105469,6939,0.0,0.0
2022-07-29 00:00:00-04:00,41.7599983215332,41.7599983215332,37.332000732421875,38.70000076293945,13044,0.0,0.0
2022-08-01 00:00:00-04:00,38.15999984741211,40.86000061035156,37.79999923706055,37.97999954223633,8339,0.0,0.0
2022-08-02 00:00:00-04:00,37.79999923706055,39.959999084472656,37.79999923706055,39.41999816894531,4361,0.0,0.0
2022-08-03 00:00:00-04:00,40.31999969482422,50.27399826049805,40.31999969482422,46.97999954223633,28589,0.0,0.0
2022-08-04 00:00:00-04:00,46.08000183105469,51.84000015258789,45.0,51.65999984741211,11467,0.0,0.0
2022-08-05 00:00:00-04:00,50.7599983215332,54.18000030517578,49.68000030517578,53.459999084472656,8844,0.0,0.0
2022-08-08 00:00:00-04:00,54.900001525878906,55.79999923706055,47.70000076293945,52.91999816894531,19478,0.0,0.0
2022-08-09 00:00:00-04:00,51.84000015258789,51.84000015258789,42.29999923706055,44.099998474121094,15717,0.0,0.0
2022-08-10 00:00:00-04:00,45.540000915527344,52.91999816894531,45.18000030517578,51.47999954223633,18256,0.0,0.0
2022-08-11 00:00:00-04:00,53.099998474121094,54.45000076293945,50.939998626708984,51.29999923706055,10139,0.0,0.0
2022-08-12 00:00:00-04:00,51.65999984741211,52.7400016784668,46.79999923706055,49.68000030517578,7217,0.0,0.0
2022-08-15 00:00:00-04:00,50.220001220703125,52.560001373291016,49.895999908447266,52.02000045776367,5883,0.0,0.0
2022-08-16 00:00:00-04:00,54.36000061035156,55.08000183105469,50.400001525878906,52.02000045776367,9883,0.0,0.0
2022-08-17 00:00:00-04:00,50.7599983215332,51.29999923706055,49.5,50.040000915527344,5256,0.0,0.0
2022-08-18 00:00:00-04:00,50.040000915527344,50.040000915527344,46.79999923706055,48.2400016784668,6667,0.0,0.0
2022-08-19 00:00:00-04:00,48.2400016784668,48.33000183105469,44.459999084472656,44.459999084472656,5783,0.0,0.0
2022-08-22 00:00:00-04:00,44.81999969482422,44.81999969482422,43.20000076293945,43.7400016784668,11161,0.0,0.0
2022-08-23 00:00:00-04:00,44.63999938964844,48.779998779296875,44.099998474121094,47.880001068115234,6983,0.0,0.0
2022-08-24 00:00:00-04:00,47.880001068115234,51.119998931884766,47.880001068115234,50.7599983215332,5067,0.0,0.0
2022-08-25 00:00:00-04:00,52.02000045776367,59.400001525878906,50.7599983215332,54.18000030517578,22522,0.0,0.0
2022-08-26 00:00:00-04:00,55.08000183105469,55.08000183105469,49.5,51.119998931884766,11417,0.0,0.0
2022-08-29 00:00:00-04:00,50.58000183105469,51.17399978637695,46.97999954223633,48.060001373291016,9250,0.0,0.0
2022-08-30 00:00:00-04:00,48.41999816894531,48.599998474121094,41.58000183105469,42.119998931884766,15622,0.0,0.0
2022-08-31 00:00:00-04:00,41.58000183105469,42.47999954223633,40.68000030517578,42.119998931884766,23567,0.0,0.0
2022-09-01 00:00:00-04:00,41.58000183105469,41.7599983215332,38.15999984741211,41.040000915527344,10367,0.0,0.0
2022-09-02 00:00:00-04:00,41.040000915527344,42.29999923706055,38.70000076293945,39.2400016784668,21111,0.0,0.0
2022-09-06 00:00:00-04:00,40.31999969482422,40.31999969482422,38.70000076293945,39.2400016784668,14333,0.0,0.0
2022-09-07 00:00:00-04:00,38.70000076293945,39.779998779296875,37.13399887084961,38.52000045776367,7778,0.0,0.0
2022-09-08 00:00:00-04:00,38.52000045776367,40.86000061035156,37.439998626708984,39.2400016784668,11528,0.0,0.0
2022-09-09 00:00:00-04:00,39.41999816894531,40.5,37.79999923706055,38.70000076293945,9833,0.0,0.0
2022-09-12 00:00:00-04:00,39.2400016784668,39.2400016784668,36.540000915527344,36.720001220703125,15200,0.0,0.0
2022-09-13 00:00:00-04:00,36.0,36.36000061035156,34.560001373291016,34.91999816894531,27106,0.0,0.0
2022-09-14 00:00:00-04:00,34.380001068115234,35.459999084472656,33.84000015258789,34.7400016784668,23100,0.0,0.0
2022-09-15 00:00:00-04:00,34.7400016784668,36.36000061035156,31.770000457763672,32.400001525878906,29789,0.0,0.0
2022-09-16 00:00:00-04:00,32.220001220703125,33.47999954223633,29.8799991607666,33.119998931884766,20778,0.0,0.0
2022-09-19 00:00:00-04:00,32.7599983215332,33.119998931884766,30.600000381469727,32.7599983215332,5706,0.0,0.0
2022-09-20 00:00:00-04:00,32.939998626708984,33.29999923706055,30.780000686645508,31.5,7744,0.0,0.0
2022-09-21 00:00:00-04:00,31.31999969482422,31.860000610351562,29.8799991607666,30.059999465942383,5500,0.0,0.0
2022-09-22 00:00:00-04:00,30.780000686645508,30.780000686645508,28.6200008392334,29.700000762939453,6150,0.0,0.0
2022-09-23 00:00:00-04:00,29.8799991607666,29.8799991607666,27.360000610351562,27.899999618530273,8844,0.0,0.0
2022-09-26 00:00:00-04:00,28.079999923706055,29.06999969482422,27.18000030517578,27.360000610351562,7789,0.0,0.0
2022-09-27 00:00:00-04:00,27.540000915527344,28.979999542236328,27.540000915527344,28.799999237060547,7483,0.0,0.0
2022-09-28 00:00:00-04:00,29.34000015258789,29.700000762939453,28.260000228881836,29.15999984741211,13533,0.0,0.0
2022-09-29 00:00:00-04:00,28.440000534057617,28.583999633789062,26.190000534057617,27.719999313354492,6667,0.0,0.0
2022-09-30 00:00:00-04:00,27.540000915527344,29.15999984741211,27.540000915527344,28.979999542236328,9183,0.0,0.0
2022-10-03 00:00:00-04:00,29.520000457763672,30.420000076293945,27.899999618530273,28.079999923706055,16600,0.0,0.0
2022-10-04 00:00:00-04:00,29.15999984741211,29.969999313354492,27.540000915527344,28.260000228881836,22489,0.0,0.0
2022-10-05 00:00:00-04:00,28.260000228881836,28.260000228881836,27.0,27.0,12106,0.0,0.0
2022-10-06 00:00:00-04:00,27.0,28.152000427246094,26.81999969482422,27.18000030517578,13161,0.0,0.0
2022-10-07 00:00:00-04:00,27.0,27.360000610351562,26.280000686645508,26.280000686645508,8794,0.0,0.0
2022-10-10 00:00:00-04:00,26.100000381469727,27.18000030517578,25.3799991607666,26.81999969482422,9317,0.0,0.0
2022-10-11 00:00:00-04:00,27.0,27.360000610351562,25.559999465942383,25.559999465942383,5378,0.0,0.0
2022-10-12 00:00:00-04:00,25.3799991607666,26.639999389648438,25.020000457763672,26.459999084472656,4628,0.0,0.0
2022-10-13 00:00:00-04:00,25.3799991607666,27.0,25.163999557495117,26.100000381469727,4300,0.0,0.0
2022-10-14 00:00:00-04:00,25.920000076293945,26.100000381469727,24.299999237060547,24.65999984741211,6289,0.0,0.0
2022-10-17 00:00:00-04:00,25.200000762939453,25.920000076293945,23.399999618530273,24.1200008392334,12494,0.0,0.0
2022-10-18 00:00:00-04:00,24.65999984741211,25.469999313354492,24.1200008392334,25.200000762939453,9322,0.0,0.0
2022-10-19 00:00:00-04:00,25.559999465942383,27.0,24.65999984741211,26.459999084472656,7344,0.0,0.0
2022-10-20 00:00:00-04:00,27.0,27.0,24.84000015258789,25.739999771118164,9222,0.0,0.0
2022-10-21 00:00:00-04:00,25.559999465942383,26.81999969482422,25.020000457763672,25.920000076293945,7056,0.0,0.0
2022-10-24 00:00:00-04:00,26.639999389648438,27.360000610351562,24.65999984741211,27.360000610351562,11439,0.0,0.0
2022-10-25 00:00:00-04:00,27.360000610351562,28.6200008392334,26.81999969482422,27.0,7172,0.0,0.0
2022-10-26 00:00:00-04:00,28.260000228881836,28.260000228881836,26.100000381469727,26.639999389648438,8222,0.0,0.0
2022-10-27 00:00:00-04:00,27.0,27.341999053955078,26.100000381469727,26.81999969482422,2183,0.0,0.0
2022-10-28 00:00:00-04:00,27.0,27.360000610351562,26.280000686645508,27.18000030517578,4644,0.0,0.0
2022-10-31 00:00:00-04:00,26.81999969482422,27.07200050354004,26.280000686645508,26.81999969482422,2633,0.0,0.0
2022-11-01 00:00:00-04:00,27.0,29.34000015258789,26.100000381469727,27.18000030517578,12361,0.0,0.0
2022-11-02 00:00:00-04:00,27.0,27.0,26.100000381469727,26.459999084472656,2217,0.0,0.0
2022-11-03 00:00:00-04:00,26.100000381469727,26.100000381469727,24.299999237060547,25.559999465942383,5989,0.0,0.0
2022-11-04 00:00:00-04:00,26.280000686645508,26.280000686645508,24.299999237060547,25.920000076293945,9222,0.0,0.0
2022-11-07 00:00:00-05:00,25.739999771118164,26.280000686645508,24.84000015258789,25.920000076293945,3500,0.0,0.0
2022-11-08 00:00:00-05:00,25.559999465942383,26.280000686645508,24.84000015258789,25.200000762939453,5533,0.0,0.0
2022-11-09 00:00:00-05:00,25.020000457763672,25.218000411987305,23.399999618530273,24.299999237060547,4683,0.0,0.0
2022-11-10 00:00:00-05:00,26.100000381469727,26.100000381469727,24.65999984741211,25.3799991607666,6244,0.0,0.0
2022-11-11 00:00:00-05:00,25.200000762939453,27.899999618530273,25.200000762939453,27.0,10256,0.0,0.0
2022-11-14 00:00:00-05:00,27.0,29.34000015258789,26.100000381469727,28.799999237060547,15917,0.0,0.0
2022-11-15 00:00:00-05:00,28.979999542236328,32.040000915527344,28.979999542236328,31.860000610351562,12439,0.0,0.0
2022-11-16 00:00:00-05:00,31.860000610351562,41.220001220703125,31.5,36.720001220703125,39739,0.0,0.0
2022-11-17 00:00:00-05:00,36.36000061035156,41.040000915527344,35.459999084472656,36.18000030517578,19083,0.0,0.0
2022-11-18 00:00:00-05:00,36.0,36.45000076293945,33.84000015258789,34.380001068115234,6183,0.0,0.0
2022-11-21 00:00:00-05:00,34.380001068115234,35.099998474121094,29.8799991607666,30.420000076293945,11628,0.0,0.0
2022-11-22 00:00:00-05:00,30.059999465942383,32.7599983215332,29.700000762939453,32.400001525878906,7211,0.0,0.0
2022-11-23 00:00:00-05:00,32.400001525878906,32.58000183105469,27.899999618530273,29.15999984741211,12956,0.0,0.0
2022-11-25 00:00:00-05:00,28.6200008392334,29.520000457763672,27.360000610351562,27.899999618530273,9878,0.0,0.0
2022-11-28 00:00:00-05:00,27.360000610351562,28.079999923706055,25.3799991607666,25.739999771118164,11756,0.0,0.0
2022-11-29 00:00:00-05:00,25.559999465942383,26.81999969482422,23.940000534057617,25.739999771118164,24222,0.0,0.0
2022-11-30 00:00:00-05:00,25.739999771118164,28.260000228881836,25.200000762939453,27.719999313354492,7417,0.0,0.0
2022-12-01 00:00:00-05:00,27.719999313354492,28.260000228881836,26.459999084472656,27.0,4789,0.0,0.0
2022-12-02 00:00:00-05:00,27.0,27.719999313354492,26.280000686645508,27.18000030517578,5561,0.0,0.0
2022-12-05 00:00:00-05:00,27.18000030517578,27.360000610351562,25.3799991607666,26.459999084472656,9878,0.0,0.0
2022-12-06 00:00:00-05:00,27.0,27.719999313354492,25.200000762939453,25.920000076293945,10600,0.0,0.0
2022-12-07 00:00:00-05:00,25.739999771118164,26.280000686645508,25.020000457763672,25.200000762939453,4689,0.0,0.0
2022-12-08 00:00:00-05:00,25.020000457763672,26.100000381469727,25.020000457763672,25.739999771118164,4200,0.0,0.0
2022-12-09 00:00:00-05:00,25.739999771118164,26.100000381469727,24.65999984741211,24.84000015258789,3817,0.0,0.0
2022-12-12 00:00:00-05:00,25.200000762939453,27.0,24.65999984741211,27.0,6133,0.0,0.0
2022-12-13 00:00:00-05:00,27.540000915527344,29.06999969482422,26.639999389648438,28.799999237060547,10983,0.0,0.0
2022-12-14 00:00:00-05:00,28.440000534057617,29.520000457763672,27.360000610351562,28.079999923706055,7550,0.0,0.0
2022-12-15 00:00:00-05:00,27.719999313354492,28.260000228881836,25.920000076293945,27.0,8356,0.0,0.0
2022-12-16 00:00:00-05:00,26.100000381469727,27.0,24.299999237060547,24.65999984741211,28228,0.0,0.0
2022-12-19 00:00:00-05:00,25.3799991607666,25.559999465942383,23.040000915527344,23.399999618530273,14139,0.0,0.0
2022-12-20 00:00:00-05:00,23.399999618530273,24.426000595092773,22.5,23.940000534057617,14172,0.0,0.0
2022-12-21 00:00:00-05:00,24.299999237060547,25.200000762939453,22.31999969482422,23.399999618530273,13856,0.0,0.0
2022-12-22 00:00:00-05:00,23.399999618530273,24.209999084472656,21.239999771118164,22.5,13583,0.0,0.0
2022-12-23 00:00:00-05:00,21.959999084472656,22.5,20.8799991607666,21.420000076293945,7883,0.0,0.0
2022-12-27 00:00:00-05:00,21.420000076293945,21.600000381469727,20.15999984741211,20.700000762939453,8261,0.0,0.0
2022-12-28 00:00:00-05:00,20.700000762939453,21.239999771118164,18.719999313354492,19.6200008392334,15333,0.0,0.0
2022-12-29 00:00:00-05:00,20.15999984741211,21.600000381469727,19.799999237060547,21.059999465942383,11511,0.0,0.0
2022-12-30 00:00:00-05:00,20.700000762939453,22.68000030517578,20.034000396728516,22.68000030517578,9561,0.0,0.0
2023-01-03 00:00:00-05:00,23.040000915527344,23.579999923706055,21.600000381469727,21.600000381469727,2183,0.0,0.0
2023-01-04 00:00:00-05:00,21.780000686645508,25.559999465942383,21.780000686645508,23.399999618530273,7906,0.0,0.0
2023-01-05 00:00:00-05:00,23.579999923706055,26.81999969482422,23.579999923706055,26.81999969482422,13017,0.0,0.0
2023-01-06 00:00:00-05:00,25.020000457763672,28.6200008392334,24.84000015258789,28.440000534057617,11239,0.0,0.0
2023-01-09 00:00:00-05:00,29.34000015258789,30.059999465942383,27.899999618530273,29.700000762939453,5344,0.0,0.0
2023-01-10 00:00:00-05:00,29.34000015258789,29.34000015258789,27.360000610351562,27.719999313354492,7028,0.0,0.0
2023-01-11 00:00:00-05:00,27.540000915527344,28.979999542236328,26.81999969482422,28.799999237060547,2550,0.0,0.0
2023-01-12 00:00:00-05:00,28.6200008392334,29.700000762939453,28.260000228881836,29.520000457763672,2711,0.0,0.0
2023-01-13 00:00:00-05:00,28.979999542236328,30.510000228881836,28.260000228881836,29.520000457763672,4061,0.0,0.0
2023-01-17 00:00:00-05:00,29.8799991607666,30.600000381469727,28.979999542236328,30.239999771118164,5217,0.0,0.0
2023-01-18 00:00:00-05:00,30.239999771118164,31.5,27.540000915527344,27.719999313354492,6922,0.0,0.0
2023-01-19 00:00:00-05:00,27.540000915527344,28.260000228881836,27.0,27.719999313354492,1900,0.0,0.0
2023-01-20 00:00:00-05:00,27.899999618530273,30.059999465942383,27.899999618530273,29.520000457763672,3839,0.0,0.0
2023-01-23 00:00:00-05:00,29.34000015258789,30.420000076293945,28.979999542236328,29.8799991607666,3089,0.0,0.0
2023-01-24 00:00:00-05:00,29.8799991607666,31.59000015258789,28.799999237060547,29.34000015258789,4028,0.0,0.0
2023-01-25 00:00:00-05:00,28.799999237060547,28.979999542236328,27.360000610351562,28.079999923706055,3700,0.0,0.0
2023-01-26 00:00:00-05:00,28.260000228881836,28.440000534057617,26.459999084472656,27.540000915527344,6906,0.0,0.0
2023-01-27 00:00:00-05:00,27.360000610351562,28.20599937438965,27.0,27.0,4789,0.0,0.0
2023-01-30 00:00:00-05:00,27.0,27.360000610351562,25.739999771118164,25.920000076293945,4794,0.0,0.0
2023-01-31 00:00:00-05:00,26.280000686645508,30.239999771118164,26.280000686645508,28.260000228881836,7500,0.0,0.0
2023-02-01 00:00:00-05:00,27.899999618530273,29.34000015258789,27.0,28.6200008392334,3817,0.0,0.0
2023-02-02 00:00:00-05:00,29.15999984741211,30.239999771118164,28.979999542236328,29.8799991607666,4950,0.0,0.0
2023-02-03 00:00:00-05:00,29.8799991607666,31.5,29.718000411987305,30.420000076293945,4528,0.0,0.0
2023-02-06 00:00:00-05:00,30.780000686645508,30.959999084472656,28.799999237060547,28.799999237060547,2978,0.0,0.0
2023-02-07 00:00:00-05:00,29.15999984741211,29.15999984741211,27.0,27.719999313354492,4200,0.0,0.0
2023-02-08 00:00:00-05:00,27.18000030517578,28.079999923706055,26.100000381469727,26.639999389648438,8683,0.0,0.0
2023-02-09 00:00:00-05:00,26.639999389648438,27.719999313354492,26.100000381469727,26.100000381469727,3500,0.0,0.0
2023-02-10 00:00:00-05:00,25.739999771118164,26.81999969482422,25.200000762939453,25.290000915527344,4933,0.0,0.0
2023-02-13 00:00:00-05:00,25.020000457763672,26.639999389648438,25.020000457763672,25.920000076293945,3222,0.0,0.0
2023-02-14 00:00:00-05:00,26.100000381469727,26.81999969482422,25.559999465942383,26.459999084472656,3211,0.0,0.0
2023-02-15 00:00:00-05:00,26.100000381469727,27.0,26.100000381469727,26.639999389648438,3578,0.0,0.0
2023-02-16 00:00:00-05:00,26.639999389648438,27.899999618530273,26.100000381469727,26.81999969482422,3506,0.0,0.0
2023-02-17 00:00:00-05:00,26.459999084472656,27.360000610351562,26.459999084472656,27.18000030517578,2161,0.0,0.0
2023-02-21 00:00:00-05:00,27.18000030517578,27.18000030517578,25.200000762939453,25.200000762939453,8272,0.0,0.0
2023-02-22 00:00:00-05:00,25.3799991607666,25.920000076293945,23.579999923706055,24.1200008392334,5528,0.0,0.0
2023-02-23 00:00:00-05:00,24.299999237060547,31.139999389648438,24.299999237060547,28.799999237060547,19378,0.0,0.0
2023-02-24 00:00:00-05:00,28.260000228881836,28.871999740600586,24.84000015258789,25.020000457763672,11189,0.0,0.0
2023-02-27 00:00:00-05:00,24.84000015258789,28.260000228881836,24.56999969482422,28.079999923706055,4756,0.0,0.0
2023-02-28 00:00:00-05:00,28.079999923706055,28.440000534057617,27.18000030517578,27.360000610351562,2194,0.0,0.0
2023-03-01 00:00:00-05:00,27.360000610351562,31.68000030517578,26.333999633789062,28.440000534057617,14411,0.0,0.0
2023-03-02 00:00:00-05:00,28.079999923706055,28.079999923706055,25.020000457763672,26.100000381469727,11450,0.0,0.0
2023-03-03 00:00:00-05:00,26.100000381469727,27.0,25.3799991607666,25.739999771118164,3028,0.0,0.0
2023-03-06 00:00:00-05:00,25.200000762939453,25.920000076293945,24.65999984741211,25.739999771118164,3783,0.0,0.0
2023-03-07 00:00:00-05:00,25.3799991607666,27.540000915527344,25.3799991607666,27.18000030517578,3761,0.0,0.0
2023-03-08 00:00:00-05:00,27.0,27.450000762939453,26.280000686645508,26.639999389648438,3789,0.0,0.0
2023-03-09 00:00:00-05:00,26.459999084472656,26.549999237060547,23.399999618530273,24.1200008392334,11856,0.0,0.0
2023-03-10 00:00:00-05:00,27.0,27.0,20.700000762939453,22.139999389648438,27372,0.0,0.0
2023-03-13 00:00:00-04:00,21.420000076293945,22.860000610351562,19.440000534057617,19.6200008392334,18672,0.0,0.0
2023-03-14 00:00:00-04:00,21.239999771118164,21.239999771118164,19.260000228881836,19.260000228881836,15617,0.0,0.0
2023-03-15 00:00:00-04:00,19.260000228881836,19.6200008392334,18.18000030517578,18.18000030517578,13444,0.0,0.0
2023-03-16 00:00:00-04:00,18.18000030517578,23.1299991607666,17.639999389648438,17.639999389648438,36339,0.0,0.0
2023-03-17 00:00:00-04:00,17.459999084472656,18.18000030517578,17.100000381469727,17.100000381469727,25867,0.0,0.0
2023-03-20 00:00:00-04:00,18.0,18.719999313354492,16.3799991607666,16.3799991607666,17144,0.0,0.0
2023-03-21 00:00:00-04:00,16.722000122070312,22.139999389648438,16.722000122070312,19.260000228881836,30689,0.0,0.0
2023-03-22 00:00:00-04:00,19.440000534057617,19.530000686645508,17.280000686645508,17.280000686645508,17894,0.0,0.0
2023-03-23 00:00:00-04:00,18.0,18.0,16.3799991607666,16.559999465942383,14272,0.0,0.0
2023-03-24 00:00:00-04:00,16.3799991607666,17.280000686645508,16.200000762939453,16.3799991607666,15556,0.0,0.0
2023-03-27 00:00:00-04:00,16.200000762939453,18.899999618530273,15.479999542236328,17.100000381469727,18933,0.0,0.0
2023-03-28 00:00:00-04:00,17.100000381469727,18.719999313354492,17.100000381469727,18.0,5633,0.0,0.0
2023-03-29 00:00:00-04:00,18.719999313354492,19.079999923706055,18.0,18.18000030517578,2278,0.0,0.0
2023-03-30 00:00:00-04:00,18.18000030517578,18.360000610351562,17.04599952697754,17.04599952697754,11933,0.0,0.0
2023-03-31 00:00:00-04:00,17.100000381469727,18.719999313354492,17.100000381469727,18.540000915527344,5789,0.0,0.0
2023-04-03 00:00:00-04:00,18.360000610351562,18.719999313354492,17.604000091552734,18.0,5433,0.0,0.0
2023-04-04 00:00:00-04:00,18.0,18.18000030517578,17.81999969482422,18.18000030517578,8544,0.0,0.0
2023-04-05 00:00:00-04:00,17.81999969482422,18.540000915527344,17.81999969482422,18.0,2083,0.0,0.0
2023-04-06 00:00:00-04:00,18.0,18.6299991607666,17.639999389648438,18.18000030517578,4111,0.0,0.0
2023-04-10 00:00:00-04:00,18.18000030517578,18.719999313354492,17.639999389648438,17.81999969482422,4717,0.0,0.0
2023-04-11 00:00:00-04:00,18.0,18.360000610351562,17.81999969482422,17.98200035095215,2956,0.0,0.0
2023-04-12 00:00:00-04:00,18.360000610351562,18.84600067138672,17.81999969482422,17.81999969482422,2978,0.0,0.0
2023-04-13 00:00:00-04:00,18.0,18.18000030517578,17.81999969482422,18.18000030517578,3528,0.0,0.0
2023-04-14 00:00:00-04:00,18.0,18.899999618530273,18.0,18.540000915527344,3711,0.0,0.0
2023-04-17 00:00:00-04:00,18.0,19.079999923706055,17.81999969482422,18.899999618530273,3217,0.0,0.0
2023-04-18 00:00:00-04:00,18.899999618530273,18.899999618530273,18.0,18.360000610351562,2356,0.0,0.0
2023-04-19 00:00:00-04:00,18.360000610351562,18.899999618530273,17.81999969482422,18.540000915527344,4856,0.0,0.0
2023-04-20 00:00:00-04:00,18.18000030517578,18.540000915527344,17.964000701904297,17.964000701904297,3978,0.0,0.0
2023-04-21 00:00:00-04:00,17.964000701904297,18.360000610351562,17.639999389648438,17.639999389648438,3278,0.0,0.0
2023-04-24 00:00:00-04:00,18.0,19.079999923706055,17.81999969482422,17.81999969482422,4289,0.0,0.0
2023-04-25 00:00:00-04:00,17.639999389648438,18.360000610351562,17.22599983215332,17.441999435424805,8133,0.0,0.0
2023-04-26 00:00:00-04:00,17.459999084472656,17.459999084472656,16.200000762939453,17.22599983215332,11344,0.0,0.0
2023-04-27 00:00:00-04:00,16.3439998626709,17.586000442504883,16.3439998626709,17.04599952697754,3517,0.0,0.0
2023-04-28 00:00:00-04:00,16.739999771118164,17.459999084472656,16.739999771118164,17.100000381469727,3683,0.0,0.0
2023-05-01 00:00:00-04:00,17.459999084472656,17.639999389648438,16.218000411987305,16.829999923706055,7206,0.0,0.0
2023-05-02 00:00:00-04:00,16.739999771118164,17.100000381469727,16.200000762939453,16.559999465942383,2872,0.0,0.0
2023-05-03 00:00:00-04:00,16.200000762939453,18.0,16.200000762939453,17.513999938964844,7661,0.0,0.0
2023-05-04 00:00:00-04:00,18.0,18.0,17.280000686645508,17.694000244140625,5250,0.0,0.0
2023-05-05 00:00:00-04:00,18.0,18.0,17.549999237060547,18.0,7739,0.0,0.0
2023-05-08 00:00:00-04:00,18.0,18.270000457763672,17.280000686645508,18.18000030517578,3089,0.0,0.0
2023-05-09 00:00:00-04:00,18.540000915527344,18.540000915527344,17.639999389648438,18.360000610351562,3639,0.0,0.0
2023-05-10 00:00:00-04:00,18.360000610351562,18.360000610351562,17.459999084472656,17.639999389648438,5167,0.0,0.0
2023-05-11 00:00:00-04:00,17.639999389648438,18.18000030517578,17.100000381469727,17.90999984741211,3322,0.0,0.0
2023-05-12 00:00:00-04:00,17.81999969482422,18.360000610351562,17.29800033569336,17.676000595092773,7544,0.0,0.0
2023-05-15 00:00:00-04:00,17.639999389648438,18.719999313354492,17.639999389648438,18.360000610351562,4133,0.0,0.0
2023-05-16 00:00:00-04:00,17.802000045776367,19.260000228881836,17.802000045776367,18.899999618530273,4772,0.0,0.0
2023-05-17 00:00:00-04:00,18.899999618530273,19.260000228881836,18.0,18.719999313354492,6233,0.0,0.0
2023-05-18 00:00:00-04:00,18.18000030517578,19.079999923706055,18.18000030517578,18.719999313354492,2344,0.0,0.0
2023-05-19 00:00:00-04:00,18.899999618530273,19.332000732421875,18.540000915527344,19.079999923706055,3811,0.0,0.0
2023-05-22 00:00:00-04:00,19.260000228881836,19.260000228881836,18.0,18.719999313354492,4850,0.0,0.0
2023-05-23 00:00:00-04:00,18.540000915527344,19.583999633789062,18.0,19.440000534057617,9389,0.0,0.0
2023-05-24 00:00:00-04:00,19.440000534057617,19.530000686645508,18.540000915527344,19.260000228881836,4806,0.0,0.0
2023-05-25 00:00:00-04:00,19.260000228881836,19.422000885009766,18.0,18.18000030517578,6489,0.0,0.0
2023-05-26 00:00:00-04:00,18.360000610351562,18.450000762939453,17.496000289916992,18.360000610351562,6406,0.0,0.0
2023-05-30 00:00:00-04:00,17.802000045776367,18.899999618530273,17.459999084472656,17.459999084472656,4972,0.0,0.0
2023-05-31 00:00:00-04:00,18.719999313354492,18.719999313354492,17.100000381469727,17.586000442504883,4444,0.0,0.0
2023-06-01 00:00:00-04:00,18.719999313354492,18.719999313354492,17.100000381469727,17.964000701904297,1750,0.0,0.0
2023-06-02 00:00:00-04:00,17.964000701904297,18.540000915527344,17.639999389648438,17.729999542236328,3094,0.0,0.0
2023-06-05 00:00:00-04:00,17.459999084472656,18.18000030517578,17.280000686645508,17.81999969482422,2422,0.0,0.0
2023-06-06 00:00:00-04:00,17.81999969482422,19.260000228881836,17.694000244140625,18.719999313354492,5361,0.0,0.0
2023-06-07 00:00:00-04:00,19.260000228881836,19.979999542236328,17.81999969482422,19.799999237060547,5072,0.0,0.0
2023-06-08 00:00:00-04:00,19.799999237060547,19.799999237060547,19.260000228881836,19.799999237060547,2078,0.0,0.0
2023-06-09 00:00:00-04:00,19.6200008392334,20.465999603271484,19.6200008392334,20.15999984741211,5794,0.0,0.0
2023-06-12 00:00:00-04:00,20.520000457763672,20.520000457763672,19.6200008392334,20.15999984741211,4294,0.0,0.0
2023-06-13 00:00:00-04:00,19.260000228881836,20.15999984741211,18.360000610351562,18.719999313354492,5411,0.0,0.0
2023-06-14 00:00:00-04:00,18.899999618530273,19.799999237060547,18.540000915527344,18.540000915527344,5056,0.0,0.0
2023-06-15 00:00:00-04:00,18.18000030517578,18.899999618530273,17.729999542236328,18.0,6461,0.0,0.0
2023-06-16 00:00:00-04:00,18.360000610351562,19.440000534057617,18.360000610351562,19.440000534057617,9172,0.0,0.0
2023-06-20 00:00:00-04:00,19.079999923706055,19.6200008392334,18.719999313354492,18.899999618530273,8044,0.0,0.0
2023-06-21 00:00:00-04:00,17.56800079345703,17.729999542236328,16.326000213623047,16.775999069213867,23478,0.0,0.0
2023-06-22 00:00:00-04:00,16.559999465942383,17.082000732421875,16.020000457763672,16.739999771118164,13094,0.0,0.0
2023-06-23 00:00:00-04:00,16.739999771118164,16.974000930786133,15.678000450134277,15.965999603271484,18989,0.0,0.0
2023-06-26 00:00:00-04:00,15.65999984741211,16.18199920654297,14.579999923706055,16.128000259399414,13283,0.0,0.0
2023-06-27 00:00:00-04:00,15.479999542236328,15.569999694824219,14.399999618530273,15.119999885559082,11694,0.0,0.0
2023-06-28 00:00:00-04:00,14.9399995803833,15.119999885559082,14.399999618530273,14.9399995803833,8856,0.0,0.0
2023-06-29 00:00:00-04:00,14.760000228881836,16.200000762939453,14.399999618530273,15.65999984741211,9522,0.0,0.0
2023-06-30 00:00:00-04:00,15.479999542236328,16.649999618530273,15.479999542236328,15.930000305175781,9689,0.0,0.0
2023-07-03 00:00:00-04:00,15.156000137329102,15.84000015258789,14.9399995803833,15.210000038146973,7444,0.0,0.0
2023-07-05 00:00:00-04:00,14.760000228881836,15.84000015258789,14.579999923706055,15.821999549865723,10622,0.0,0.0
2023-07-06 00:00:00-04:00,15.354000091552734,15.84000015258789,15.029999732971191,15.029999732971191,13139,0.0,0.0
2023-07-07 00:00:00-04:00,14.760000228881836,15.390000343322754,14.760000228881836,15.227999687194824,8972,0.0,0.0
2023-07-10 00:00:00-04:00,15.227999687194824,16.200000762939453,15.029999732971191,15.984000205993652,7800,0.0,0.0
2023-07-11 00:00:00-04:00,16.020000457763672,16.920000076293945,15.732000350952148,16.559999465942383,9106,0.0,0.0
2023-07-12 00:00:00-04:00,16.757999420166016,16.920000076293945,15.894000053405762,16.559999465942383,6094,0.0,0.0
2023-07-13 00:00:00-04:00,16.559999465942383,17.639999389648438,16.559999465942383,17.621999740600586,11122,0.0,0.0
2023-07-14 00:00:00-04:00,17.639999389648438,17.639999389648438,17.100000381469727,17.100000381469727,3850,0.0,0.0
2023-07-17 00:00:00-04:00,17.459999084472656,17.459999084472656,16.3799991607666,17.459999084472656,9317,0.0,0.0
2023-07-18 00:00:00-04:00,17.459999084472656,17.639999389648438,16.739999771118164,17.423999786376953,10700,0.0,0.0
2023-07-19 00:00:00-04:00,17.280000686645508,18.0,17.100000381469727,18.0,14556,0.0,0.0
2023-07-20 00:00:00-04:00,17.81999969482422,20.15999984741211,17.459999084472656,19.6200008392334,11661,0.0,0.0
2023-07-21 00:00:00-04:00,19.799999237060547,19.799999237060547,18.540000915527344,18.719999313354492,6400,0.0,0.0
2023-07-24 00:00:00-04:00,18.540000915527344,19.799999237060547,18.18000030517578,19.6200008392334,16650,0.0,0.0
2023-07-25 00:00:00-04:00,20.34000015258789,20.34000015258789,17.280000686645508,18.540000915527344,8333,0.0,0.0
2023-07-26 00:00:00-04:00,18.540000915527344,18.899999618530273,18.0,18.540000915527344,4239,0.0,0.0
2023-07-27 00:00:00-04:00,19.079999923706055,19.260000228881836,16.739999771118164,16.920000076293945,53306,0.0,0.0
2023-07-28 00:00:00-04:00,20.8799991607666,24.84000015258789,20.15999984741211,23.940000534057617,550522,0.0,0.0
2023-07-31 00:00:00-04:00,23.040000915527344,26.100000381469727,22.31999969482422,25.020000457763672,57106,0.0,0.0
2023-08-01 00:00:00-04:00,24.479999542236328,26.639999389648438,23.579999923706055,25.739999771118164,27978,0.0,0.0
2023-08-02 00:00:00-04:00,25.200000762939453,25.3799991607666,23.076000213623047,23.579999923706055,20611,0.0,0.0
2023-08-03 00:00:00-04:00,23.940000534057617,25.559999465942383,23.579999923706055,25.020000457763672,17694,0.0,0.0
2023-08-04 00:00:00-04:00,24.1200008392334,25.200000762939453,23.940000534057617,24.65999984741211,7006,0.0,0.0
2023-08-07 00:00:00-04:00,25.020000457763672,25.163999557495117,22.5,23.040000915527344,16472,0.0,0.0
2023-08-08 00:00:00-04:00,21.780000686645508,23.219999313354492,21.600000381469727,22.68000030517578,12122,0.0,0.0
2023-08-09 00:00:00-04:00,22.139999389648438,22.68000030517578,21.780000686645508,22.5,9228,0.0,0.0
2023-08-10 00:00:00-04:00,22.139999389648438,22.68000030517578,20.700000762939453,21.420000076293945,7494,0.0,0.0
2023-08-11 00:00:00-04:00,20.8799991607666,21.600000381469727,20.520000457763672,21.059999465942383,7572,0.0,0.0
2023-08-14 00:00:00-04:00,20.700000762939453,21.600000381469727,20.700000762939453,21.239999771118164,4178,0.0,0.0
2023-08-15 00:00:00-04:00,20.520000457763672,22.860000610351562,20.520000457763672,21.600000381469727,15450,0.0,0.0
2023-08-16 00:00:00-04:00,20.8799991607666,21.780000686645508,19.799999237060547,20.15999984741211,11606,0.0,0.0
2023-08-17 00:00:00-04:00,20.34000015258789,20.34000015258789,19.260000228881836,19.6200008392334,8556,0.0,0.0
2023-08-18 00:00:00-04:00,19.6200008392334,20.8799991607666,19.260000228881836,19.440000534057617,13011,0.0,0.0
2023-08-21 00:00:00-04:00,19.440000534057617,20.86199951171875,19.440000534057617,20.34000015258789,10517,0.0,0.0
2023-08-22 00:00:00-04:00,20.34000015258789,20.8799991607666,19.979999542236328,20.700000762939453,10461,0.0,0.0
2023-08-23 00:00:00-04:00,20.700000762939453,21.600000381469727,20.700000762939453,21.239999771118164,4056,0.0,0.0
2023-08-24 00:00:00-04:00,21.239999771118164,21.79800033569336,20.969999313354492,21.420000076293945,6800,0.0,0.0
2023-08-25 00:00:00-04:00,21.059999465942383,21.600000381469727,20.700000762939453,20.8799991607666,9489,0.0,0.0
2023-08-28 00:00:00-04:00,20.700000762939453,21.959999084472656,20.700000762939453,21.959999084472656,6489,0.0,0.0
2023-08-29 00:00:00-04:00,21.420000076293945,21.8700008392334,21.329999923706055,21.420000076293945,4217,0.0,0.0
2023-08-30 00:00:00-04:00,21.420000076293945,21.780000686645508,21.239999771118164,21.420000076293945,4328,0.0,0.0
2023-08-31 00:00:00-04:00,21.239999771118164,21.959999084472656,20.8799991607666,21.600000381469727,5667,0.0,0.0
2023-09-01 00:00:00-04:00,21.600000381469727,22.5,21.420000076293945,21.600000381469727,6311,0.0,0.0
2023-09-05 00:00:00-04:00,21.420000076293945,21.600000381469727,21.239999771118164,21.600000381469727,2594,0.0,0.0
2023-09-06 00:00:00-04:00,21.600000381469727,21.780000686645508,20.8799991607666,21.239999771118164,4133,0.0,0.0
2023-09-07 00:00:00-04:00,20.700000762939453,21.600000381469727,20.34000015258789,21.059999465942383,7078,0.0,0.0
2023-09-08 00:00:00-04:00,20.8799991607666,21.65399932861328,20.8799991607666,20.8799991607666,3661,0.0,0.0
2023-09-11 00:00:00-04:00,20.8799991607666,21.239999771118164,20.8799991607666,21.059999465942383,2917,0.0,0.0
2023-09-12 00:00:00-04:00,20.8799991607666,21.420000076293945,20.8799991607666,21.059999465942383,2183,0.0,0.0
2023-09-13 00:00:00-04:00,21.059999465942383,21.600000381469727,20.8799991607666,21.059999465942383,5100,0.0,0.0
2023-09-14 00:00:00-04:00,20.790000915527344,21.420000076293945,20.790000915527344,21.239999771118164,4683,0.0,0.0
2023-09-15 00:00:00-04:00,20.8799991607666,21.600000381469727,20.8799991607666,21.059999465942383,9594,0.0,0.0
2023-09-18 00:00:00-04:00,21.600000381469727,22.31999969482422,21.239999771118164,21.600000381469727,7439,0.0,0.0
2023-09-19 00:00:00-04:00,21.059999465942383,21.420000076293945,20.8799991607666,21.420000076293945,3617,0.0,0.0
2023-09-20 00:00:00-04:00,21.239999771118164,22.31999969482422,21.239999771118164,21.239999771118164,5322,0.0,0.0
2023-09-21 00:00:00-04:00,21.059999465942383,21.420000076293945,20.700000762939453,21.059999465942383,6739,0.0,0.0
2023-09-22 00:00:00-04:00,20.700000762939453,21.420000076293945,20.520000457763672,21.059999465942383,6722,0.0,0.0
2023-09-25 00:00:00-04:00,21.239999771118164,22.31999969482422,20.8799991607666,21.059999465942383,12978,0.0,0.0
2023-09-26 00:00:00-04:00,20.8799991607666,22.139999389648438,20.8799991607666,21.239999771118164,10194,0.0,0.0
2023-09-27 00:00:00-04:00,20.8799991607666,21.420000076293945,20.34000015258789,20.520000457763672,12350,0.0,0.0
2023-09-28 00:00:00-04:00,20.520000457763672,21.077999114990234,20.520000457763672,20.700000762939453,3517,0.0,0.0
2023-09-29 00:00:00-04:00,20.520000457763672,21.059999465942383,20.34000015258789,21.059999465942383,5678,0.0,0.0
2023-10-02 00:00:00-04:00,21.059999465942383,21.167999267578125,20.17799949645996,20.520000457763672,6894,0.0,0.0
2023-10-03 00:00:00-04:00,20.34000015258789,21.275999069213867,20.34000015258789,20.520000457763672,4394,0.0,0.0
2023-10-04 00:00:00-04:00,20.520000457763672,20.700000762939453,19.079999923706055,19.799999237060547,13272,0.0,0.0
2023-10-05 00:00:00-04:00,19.979999542236328,20.700000762939453,19.799999237060547,20.15999984741211,4728,0.0,0.0
2023-10-06 00:00:00-04:00,19.979999542236328,20.8799991607666,19.260000228881836,19.979999542236328,4239,0.0,0.0
2023-10-09 00:00:00-04:00,19.440000534057617,19.979999542236328,18.719999313354492,19.440000534057617,11072,0.0,0.0
2023-10-10 00:00:00-04:00,19.079999923706055,20.520000457763672,19.079999923706055,19.6200008392334,19800,0.0,0.0
2023-10-11 00:00:00-04:00,19.440000534057617,20.520000457763672,19.079999923706055,19.6200008392334,11694,0.0,0.0
2023-10-12 00:00:00-04:00,19.440000534057617,20.15999984741211,18.0,18.899999618530273,19633,0.0,0.0
2023-10-13 00:00:00-04:00,19.079999923706055,20.15999984741211,18.360000610351562,19.799999237060547,4044,0.0,0.0
2023-10-16 00:00:00-04:00,19.260000228881836,20.34000015258789,18.540000915527344,18.719999313354492,9700,0.0,0.0
2023-10-17 00:00:00-04:00,18.360000610351562,19.799999237060547,18.0,18.719999313354492,20944,0.0,0.0
2023-10-18 00:00:00-04:00,18.18000030517578,19.799999237060547,18.18000030517578,19.440000534057617,12278,0.0,0.0
2023-10-19 00:00:00-04:00,18.899999618530273,19.350000381469727,18.540000915527344,18.719999313354492,6022,0.0,0.0
2023-10-20 00:00:00-04:00,18.719999313354492,19.38599967956543,18.18000030517578,18.540000915527344,9689,0.0,0.0
2023-10-23 00:00:00-04:00,18.719999313354492,18.719999313354492,18.0,18.360000610351562,14167,0.0,0.0
2023-10-24 00:00:00-04:00,18.0,18.899999618530273,17.459999084472656,18.360000610351562,9072,0.0,0.0
2023-10-25 00:00:00-04:00,18.360000610351562,18.899999618530273,17.90999984741211,18.360000610351562,8022,0.0,0.0
2023-10-26 00:00:00-04:00,18.18000030517578,18.719999313354492,17.639999389648438,18.540000915527344,4361,0.0,0.0
2023-10-27 00:00:00-04:00,18.18000030517578,18.719999313354492,17.81999969482422,18.360000610351562,8583,0.0,0.0
2023-10-30 00:00:00-04:00,18.18000030517578,19.079999923706055,17.83799934387207,18.719999313354492,4072,0.0,0.0
2023-10-31 00:00:00-04:00,18.540000915527344,19.260000228881836,18.540000915527344,18.719999313354492,1783,0.0,0.0
2023-11-01 00:00:00-04:00,18.360000610351562,18.540000915527344,17.658000946044922,18.0,4622,0.0,0.0
2023-11-02 00:00:00-04:00,17.658000946044922,18.540000915527344,17.658000946044922,18.0,10483,0.0,0.0
2023-11-03 00:00:00-04:00,17.81999969482422,19.6200008392334,17.81999969482422,18.719999313354492,25772,0.0,0.0
2023-11-06 00:00:00-05:00,18.540000915527344,19.170000076293945,18.18000030517578,18.18000030517578,7861,0.0,0.0
2023-11-07 00:00:00-05:00,17.81999969482422,19.115999221801758,17.81999969482422,18.360000610351562,12011,0.0,0.0
2023-11-08 00:00:00-05:00,18.360000610351562,18.899999618530273,18.18000030517578,18.719999313354492,5011,0.0,0.0
2023-11-09 00:00:00-05:00,18.18000030517578,18.899999618530273,18.0,18.18000030517578,18911,0.0,0.0
2023-11-10 00:00:00-05:00,18.18000030517578,19.079999923706055,17.459999084472656,18.18000030517578,15006,0.0,0.0
2023-11-13 00:00:00-05:00,17.676000595092773,19.079999923706055,17.459999084472656,18.540000915527344,8639,0.0,0.0
2023-11-14 00:00:00-05:00,18.0,18.989999771118164,17.784000396728516,18.360000610351562,11161,0.0,0.0
2023-11-15 00:00:00-05:00,17.56800079345703,17.56800079345703,14.9399995803833,15.84000015258789,72800,0.0,0.0
2023-11-16 00:00:00-05:00,14.454000473022461,14.579999923706055,8.244000434875488,10.295999526977539,403778,0.0,0.0
2023-11-17 00:00:00-05:00,9.720000267028809,10.710000038146973,9.359999656677246,10.079999923706055,31211,0.0,0.0
2023-11-20 00:00:00-05:00,10.079999923706055,10.079999923706055,9.720000267028809,9.989999771118164,22939,0.0,0.0
2023-11-21 00:00:00-05:00,9.989999771118164,10.079999923706055,9.82800006866455,10.079999923706055,22183,0.0,0.0
2023-11-22 00:00:00-05:00,9.935999870300293,10.062000274658203,9.720000267028809,9.918000221252441,7672,0.0,0.0
2023-11-24 00:00:00-05:00,10.4399995803833,10.4399995803833,9.73799991607666,10.223999977111816,10128,0.0,0.0
2023-11-27 00:00:00-05:00,10.152000427246094,10.223999977111816,9.684000015258789,9.972000122070312,15144,0.0,0.0
2023-11-28 00:00:00-05:00,9.64799976348877,9.899999618530273,9.180000305175781,9.557999610900879,11894,0.0,0.0
2023-11-29 00:00:00-05:00,9.539999961853027,9.899999618530273,9.270000457763672,9.899999618530273,16850,0.0,0.0
2023-11-30 00:00:00-05:00,9.539999961853027,9.899999618530273,9.359999656677246,9.557999610900879,6828,0.0,0.0
2023-12-01 00:00:00-05:00,9.557999610900879,9.954000473022461,9.449999809265137,9.73799991607666,12044,0.0,0.0
2023-12-04 00:00:00-05:00,9.720000267028809,10.187999725341797,9.449999809265137,10.079999923706055,16761,0.0,0.0
2023-12-05 00:00:00-05:00,9.73799991607666,10.008000373840332,9.539999961853027,9.8100004196167,4828,0.0,0.0
2023-12-06 00:00:00-05:00,9.557999610900879,10.097999572753906,9.557999610900879,9.720000267028809,5811,0.0,0.0
2023-12-07 00:00:00-05:00,9.539999961853027,10.619999885559082,9.539999961853027,10.350000381469727,19378,0.0,0.0
2023-12-08 00:00:00-05:00,9.899999618530273,10.619999885559082,9.899999618530273,10.026000022888184,9711,0.0,0.0
2023-12-11 00:00:00-05:00,9.954000473022461,10.170000076293945,9.539999961853027,9.576000213623047,6867,0.0,0.0
2023-12-12 00:00:00-05:00,9.539999961853027,9.899999618530273,9.539999961853027,9.630000114440918,7778,0.0,0.0
2023-12-13 00:00:00-05:00,9.630000114440918,10.241999626159668,9.539999961853027,10.026000022888184,6422,0.0,0.0
2023-12-14 00:00:00-05:00,10.079999923706055,10.494000434875488,9.539999961853027,9.73799991607666,22894,0.0,0.0
2023-12-15 00:00:00-05:00,9.630000114440918,10.008000373840332,9.630000114440918,9.86400032043457,6733,0.0,0.0
2023-12-18 00:00:00-05:00,9.64799976348877,10.260000228881836,9.64799976348877,9.918000221252441,14483,0.0,0.0
2023-12-19 00:00:00-05:00,9.666000366210938,10.4399995803833,9.666000366210938,10.079999923706055,8061,0.0,0.0
2023-12-20 00:00:00-05:00,9.989999771118164,10.079999923706055,9.720000267028809,9.899999618530273,9700,0.0,0.0
2023-12-21 00:00:00-05:00,9.539999961853027,10.260000228881836,9.539999961853027,10.260000228881836,11794,0.0,0.0
2023-12-22 00:00:00-05:00,9.899999618530273,10.619999885559082,9.899999618530273,10.277999877929688,13033,0.0,0.0
2023-12-26 00:00:00-05:00,10.260000228881836,10.404000282287598,10.260000228881836,10.277999877929688,12750,0.0,0.0
2023-12-27 00:00:00-05:00,10.295999526977539,10.404000282287598,10.097999572753906,10.170000076293945,9939,0.0,0.0
2023-12-28 00:00:00-05:00,10.133999824523926,10.619999885559082,10.133999824523926,10.350000381469727,10539,0.0,0.0
2023-12-29 00:00:00-05:00,10.368000030517578,11.303999900817871,10.187999725341797,10.944000244140625,28761,0.0,0.0
2024-01-02 00:00:00-05:00,10.583999633789062,11.520000457763672,10.583999633789062,10.854000091552734,10867,0.0,0.0
2024-01-03 00:00:00-05:00,10.277999877929688,10.763999938964844,10.097999572753906,10.60200023651123,7944,0.0,0.0
2024-01-04 00:00:00-05:00,10.4399995803833,11.303999900817871,10.277999877929688,11.178000450134277,8456,0.0,0.0
2024-01-05 00:00:00-05:00,11.34000015258789,11.430000305175781,10.800000190734863,11.15999984741211,11578,0.0,0.0
2024-01-08 00:00:00-05:00,10.979999542236328,11.15999984741211,10.494000434875488,10.817999839782715,17928,0.0,0.0
2024-01-09 00:00:00-05:00,10.890000343322754,11.880000114440918,10.890000343322754,11.862000465393066,19683,0.0,0.0
2024-01-10 00:00:00-05:00,11.592000007629395,11.789999961853027,11.069999694824219,11.088000297546387,7028,0.0,0.0
2024-01-11 00:00:00-05:00,10.890000343322754,11.34000015258789,10.637999534606934,10.890000343322754,8589,0.0,0.0
2024-01-12 00:00:00-05:00,10.800000190734863,11.069999694824219,10.458000183105469,10.727999687194824,8306,0.0,0.0
2024-01-16 00:00:00-05:00,10.710000038146973,11.465999603271484,10.38599967956543,10.4399995803833,8956,0.0,0.0
2024-01-17 00:00:00-05:00,10.4399995803833,10.890000343322754,10.260000228881836,10.692000389099121,8939,0.0,0.0
2024-01-18 00:00:00-05:00,10.4399995803833,10.710000038146973,10.277999877929688,10.404000282287598,16744,0.0,0.0
2024-01-19 00:00:00-05:00,10.350000381469727,10.979999542236328,10.350000381469727,10.54800033569336,1922,0.0,0.0
2024-01-22 00:00:00-05:00,10.619999885559082,10.871999740600586,10.4399995803833,10.47599983215332,11194,0.0,0.0
2024-01-23 00:00:00-05:00,10.4399995803833,10.961999893188477,10.4399995803833,10.619999885559082,7450,0.0,0.0
2024-01-24 00:00:00-05:00,11.15999984741211,11.15999984741211,10.4399995803833,10.673999786376953,29183,0.0,0.0
2024-01-25 00:00:00-05:00,10.619999885559082,11.699999809265137,10.619999885559082,11.357999801635742,50506,0.0,0.0
2024-01-26 00:00:00-05:00,11.21399974822998,13.40999984741211,11.21399974822998,12.527999877929688,111633,0.0,0.0
2024-01-29 00:00:00-05:00,12.654000282287598,12.960000038146973,11.699999809265137,12.204000473022461,28933,0.0,0.0
2024-01-30 00:00:00-05:00,11.807999610900879,12.239999771118164,11.520000457763672,11.880000114440918,15761,0.0,0.0
2024-01-31 00:00:00-05:00,11.520000457763672,12.239999771118164,11.501999855041504,12.0600004196167,12156,0.0,0.0
2024-02-01 00:00:00-05:00,11.880000114440918,12.869999885559082,11.880000114440918,12.600000381469727,40267,0.0,0.0
2024-02-02 00:00:00-05:00,12.420000076293945,12.960000038146973,12.420000076293945,12.600000381469727,14494,0.0,0.0
2024-02-05 00:00:00-05:00,12.185999870300293,13.319999694824219,12.185999870300293,12.63599967956543,20383,0.0,0.0
2024-02-06 00:00:00-05:00,12.600000381469727,13.302000045776367,12.347999572753906,12.708000183105469,30533,0.0,0.0
2024-02-07 00:00:00-05:00,12.960000038146973,13.319999694824219,12.239999771118164,12.779999732971191,8156,0.0,0.0
2024-02-08 00:00:00-05:00,12.67199993133545,12.960000038146973,12.329999923706055,12.6899995803833,29656,0.0,0.0
2024-02-09 00:00:00-05:00,12.6899995803833,12.906000137329102,12.510000228881836,12.527999877929688,14794,0.0,0.0
2024-02-12 00:00:00-05:00,12.329999923706055,12.960000038146973,12.293999671936035,12.491999626159668,31767,0.0,0.0
2024-02-13 00:00:00-05:00,12.618000030517578,12.942000389099121,12.527999877929688,12.72599983215332,14450,0.0,0.0
2024-02-14 00:00:00-05:00,12.942000389099121,12.960000038146973,12.600000381469727,12.6899995803833,13411,0.0,0.0
2024-02-15 00:00:00-05:00,12.960000038146973,13.140000343322754,12.600000381469727,12.960000038146973,72789,0.0,0.0
2024-02-16 00:00:00-05:00,13.140000343322754,14.760000228881836,12.960000038146973,14.399999618530273,75511,0.0,0.0
2024-02-20 00:00:00-05:00,14.670000076293945,14.9399995803833,14.039999961853027,14.831999778747559,27072,0.0,0.0
2024-02-21 00:00:00-05:00,14.399999618530273,15.84000015258789,14.220000267028809,15.65999984741211,47411,0.0,0.0
2024-02-22 00:00:00-05:00,15.156000137329102,15.65999984741211,14.399999618530273,15.317999839782715,37083,0.0,0.0
2024-02-23 00:00:00-05:00,15.119999885559082,15.642000198364258,14.868000030517578,15.515999794006348,62128,0.0,0.0
2024-02-26 00:00:00-05:00,15.300000190734863,16.200000762939453,15.01200008392334,16.055999755859375,37122,0.0,0.0
2024-02-27 00:00:00-05:00,16.055999755859375,16.54199981689453,15.65999984741211,16.469999313354492,20506,0.0,0.0
2024-02-28 00:00:00-05:00,16.54199981689453,16.829999923706055,16.128000259399414,16.559999465942383,23272,0.0,0.0
2024-02-29 00:00:00-05:00,16.218000411987305,16.739999771118164,15.894000053405762,16.559999465942383,20261,0.0,0.0
2024-03-01 00:00:00-05:00,16.739999771118164,16.920000076293945,15.84000015258789,16.073999404907227,12317,0.0,0.0
2024-03-04 00:00:00-05:00,16.200000762939453,16.200000762939453,15.552000045776367,16.055999755859375,12172,0.0,0.0
2024-03-05 00:00:00-05:00,15.84000015258789,16.200000762939453,15.84000015258789,15.857999801635742,7311,0.0,0.0
2024-03-06 00:00:00-05:00,15.87600040435791,16.739999771118164,15.605999946594238,16.36199951171875,4433,0.0,0.0
2024-03-07 00:00:00-05:00,16.200000762939453,16.559999465942383,15.515999794006348,16.236000061035156,8794,0.0,0.0
2024-03-08 00:00:00-05:00,16.020000457763672,16.559999465942383,15.84000015258789,16.020000457763672,7500,0.0,0.0
2024-03-11 00:00:00-04:00,16.020000457763672,16.3799991607666,16.020000457763672,16.3799991607666,7722,0.0,0.0
2024-03-12 00:00:00-04:00,16.020000457763672,16.290000915527344,15.84000015258789,16.163999557495117,9033,0.0,0.0
2024-03-13 00:00:00-04:00,15.894000053405762,16.45199966430664,15.678000450134277,16.3799991607666,4933,0.0,0.0
2024-03-14 00:00:00-04:00,16.3439998626709,17.20800018310547,16.3439998626709,16.68600082397461,16517,0.0,0.0
2024-03-15 00:00:00-04:00,16.631999969482422,16.920000076293945,16.488000869750977,16.488000869750977,8356,0.0,0.0
2024-03-18 00:00:00-04:00,16.3799991607666,16.398000717163086,15.803999900817871,16.200000762939453,20556,0.0,0.0
2024-03-19 00:00:00-04:00,16.45199966430664,16.920000076293945,15.857999801635742,16.200000762939453,19950,0.0,0.0
2024-03-20 00:00:00-04:00,15.479999542236328,17.280000686645508,15.479999542236328,16.290000915527344,31628,0.0,0.0
2024-03-21 00:00:00-04:00,15.803999900817871,16.200000762939453,15.65999984741211,15.930000305175781,6850,0.0,0.0
2024-03-22 00:00:00-04:00,15.78600025177002,16.974000930786133,15.390000343322754,16.70400047302246,12556,0.0,0.0
2024-03-25 00:00:00-04:00,16.559999465942383,17.513999938964844,16.200000762939453,16.829999923706055,22294,0.0,0.0
2024-03-26 00:00:00-04:00,15.069999694824219,17.350000381469727,15.069999694824219,16.649999618530273,40000,0.0,0.05555555555555555
2024-03-27 00:00:00-04:00,17.059999465942383,17.329999923706055,15.244999885559082,16.170000076293945,26800,0.0,0.0
2024-03-28 00:00:00-04:00,15.979999542236328,17.040000915527344,15.970000267028809,17.040000915527344,28600,0.0,0.0
2024-04-01 00:00:00-04:00,17.290000915527344,18.950000762939453,17.049999237060547,18.0,24900,0.0,0.0
2024-04-02 00:00:00-04:00,19.3799991607666,22.790000915527344,18.854999542236328,21.979999542236328,104300,0.0,0.0
2024-04-03 00:00:00-04:00,21.6299991607666,21.989999771118164,20.239999771118164,21.290000915527344,52200,0.0,0.0
2024-04-04 00:00:00-04:00,21.90999984741211,21.90999984741211,20.68000030517578,20.709999084472656,31900,0.0,0.0
2024-04-05 00:00:00-04:00,20.670000076293945,20.690000534057617,20.200000762939453,20.219999313354492,12700,0.0,0.0
2024-04-08 00:00:00-04:00,20.219999313354492,21.665000915527344,20.219999313354492,21.420000076293945,16500,0.0,0.0
2024-04-09 00:00:00-04:00,20.398000717163086,21.5,20.28499984741211,21.299999237060547,12700,0.0,0.0
2024-04-10 00:00:00-04:00,21.3799991607666,21.700000762939453,20.969999313354492,21.479999542236328,15700,0.0,0.0
2024-04-11 00:00:00-04:00,21.649999618530273,25.0,21.389999389648438,23.809999465942383,81600,0.0,0.0
2024-04-12 00:00:00-04:00,25.600000381469727,30.920000076293945,25.600000381469727,28.889999389648438,271900,0.0,0.0
2024-04-15 00:00:00-04:00,27.350000381469727,28.0,24.197999954223633,26.450000762939453,97800,0.0,0.0
2024-04-16 00:00:00-04:00,25.530000686645508,26.90999984741211,24.790000915527344,24.989999771118164,44300,0.0,0.0
2024-04-17 00:00:00-04:00,24.200000762939453,25.360000610351562,24.1200008392334,24.1200008392334,38800,0.0,0.0
2024-04-18 00:00:00-04:00,23.760000228881836,24.760000228881836,23.190000534057617,24.3799991607666,16200,0.0,0.0
2024-04-19 00:00:00-04:00,23.780000686645508,23.780000686645508,21.989999771118164,22.489999771118164,22600,0.0,0.0
2024-04-22 00:00:00-04:00,22.15999984741211,25.200000762939453,21.280000686645508,24.81999969482422,47700,0.0,0.0
2024-04-23 00:00:00-04:00,24.84000015258789,25.920000076293945,24.649999618530273,25.5,40500,0.0,0.0
2024-04-24 00:00:00-04:00,25.309999465942383,26.76799964904785,24.899999618530273,26.59000015258789,29700,0.0,0.0
2024-04-25 00:00:00-04:00,26.170000076293945,28.56999969482422,26.170000076293945,28.239999771118164,37600,0.0,0.0
2024-04-26 00:00:00-04:00,28.889999389648438,28.889999389648438,27.510000228881836,28.020000457763672,28400,0.0,0.0
2024-04-29 00:00:00-04:00,28.329999923706055,29.19499969482422,27.989999771118164,29.040000915527344,27200,0.0,0.0
2024-04-30 00:00:00-04:00,29.18000030517578,29.770000457763672,27.0,27.399999618530273,26300,0.0,0.0
2024-05-01 00:00:00-04:00,27.3799991607666,27.3799991607666,25.899999618530273,26.540000915527344,15100,0.0,0.0
2024-05-02 00:00:00-04:00,26.100000381469727,26.440000534057617,25.309999465942383,25.770000457763672,48900,0.0,0.0
2024-05-03 00:00:00-04:00,25.75,26.40999984741211,25.25,25.59000015258789,13500,0.0,0.0
2024-05-06 00:00:00-04:00,25.59000015258789,26.90999984741211,24.170000076293945,25.850000381469727,32200,0.0,0.0
2024-05-07 00:00:00-04:00,25.850000381469727,27.56999969482422,25.200000762939453,27.190000534057617,16600,0.0,0.0
2024-05-08 00:00:00-04:00,27.229999542236328,27.229999542236328,25.040000915527344,26.280000686645508,10300,0.0,0.0
2024-05-09 00:00:00-04:00,25.360000610351562,27.5,24.170000076293945,26.799999237060547,20800,0.0,0.0
2024-05-10 00:00:00-04:00,26.540000915527344,27.184999465942383,25.549999237060547,27.1299991607666,30100,0.0,0.0
2024-05-13 00:00:00-04:00,27.1299991607666,27.899999618530273,26.719999313354492,27.75,23100,0.0,0.0
2024-05-14 00:00:00-04:00,27.989999771118164,28.739999771118164,27.68000030517578,28.420000076293945,38800,0.0,0.0
2024-05-15 00:00:00-04:00,28.420000076293945,29.770000457763672,27.149999618530273,29.399999618530273,29800,0.0,0.0
2024-05-16 00:00:00-04:00,31.75,32.880001068115234,29.760000228881836,31.0,75500,0.0,0.0
2024-05-17 00:00:00-04:00,31.0,32.2140007019043,29.559999465942383,30.360000610351562,62600,0.0,0.0
2024-05-20 00:00:00-04:00,29.799999237060547,30.625999450683594,29.600000381469727,30.200000762939453,47600,0.0,0.0
2024-05-21 00:00:00-04:00,30.200000762939453,30.200000762939453,28.65999984741211,30.100000381469727,38900,0.0,0.0
2024-05-22 00:00:00-04:00,30.0,30.190000534057617,28.979999542236328,29.760000228881836,19800,0.0,0.0
2024-05-23 00:00:00-04:00,29.790000915527344,29.790000915527344,28.979999542236328,29.399999618530273,20600,0.0,0.0
2024-05-24 00:00:00-04:00,29.299999237060547,29.344999313354492,25.739999771118164,26.0,40600,0.0,0.0
2024-05-28 00:00:00-04:00,26.0,26.760000228881836,25.450000762939453,26.219999313354492,106400,0.0,0.0
2024-05-29 00:00:00-04:00,25.700000762939453,28.0,25.700000762939453,28.0,45900,0.0,0.0
2024-05-30 00:00:00-04:00,26.899999618530273,28.836999893188477,26.763999938964844,27.350000381469727,49900,0.0,0.0
2024-05-31 00:00:00-04:00,26.65999984741211,26.97599983215332,25.5,25.5,66700,0.0,0.0
2024-06-03 00:00:00-04:00,25.5,27.790000915527344,25.100000381469727,27.790000915527344,51400,0.0,0.0
2024-06-04 00:00:00-04:00,26.5,28.920000076293945,25.799999237060547,26.200000762939453,71600,0.0,0.0
2024-06-05 00:00:00-04:00,26.149999618530273,26.549999237060547,23.989999771118164,23.989999771118164,65000,0.0,0.0
2024-06-06 00:00:00-04:00,21.209999084472656,25.0,20.299999237060547,20.809999465942383,85500,0.0,0.0
2024-06-07 00:00:00-04:00,20.940000534057617,22.8700008392334,20.09000015258789,20.649999618530273,75200,0.0,0.0
2024-06-10 00:00:00-04:00,20.31999969482422,21.485000610351562,20.1200008392334,20.6299991607666,44000,0.0,0.0
2024-06-11 00:00:00-04:00,20.110000610351562,20.709999084472656,19.479999542236328,19.959999084472656,39100,0.0,0.0
2024-06-12 00:00:00-04:00,19.700000762939453,19.959999084472656,19.045000076293945,19.399999618530273,52400,0.0,0.0
2024-06-13 00:00:00-04:00,19.149999618530273,19.78499984741211,19.149999618530273,19.68000030517578,28600,0.0,0.0
2024-06-14 00:00:00-04:00,19.149999618530273,19.510000228881836,18.579999923706055,18.610000610351562,25100,0.0,0.0
2024-06-17 00:00:00-04:00,19.959999084472656,19.959999084472656,19.040000915527344,19.31999969482422,47400,0.0,0.0
2024-06-18 00:00:00-04:00,19.31999969482422,19.604999542236328,18.190000534057617,18.190000534057617,31500,0.0,0.0
2024-06-20 00:00:00-04:00,18.030000686645508,18.489999771118164,16.030000686645508,16.030000686645508,82600,0.0,0.0
2024-06-21 00:00:00-04:00,16.360000610351562,17.58300018310547,15.489999771118164,15.489999771118164,120500,0.0,0.0
2024-06-24 00:00:00-04:00,15.550000190734863,15.9350004196167,14.989999771118164,15.380000114440918,46200,0.0,0.0
2024-06-25 00:00:00-04:00,15.649999618530273,15.680000305175781,14.770000457763672,14.770000457763672,39500,0.0,0.0
2024-06-26 00:00:00-04:00,14.59000015258789,15.510000228881836,13.59000015258789,15.5,62600,0.0,0.0
2024-06-27 00:00:00-04:00,15.65999984741211,17.030000686645508,15.0,15.25,137700,0.0,0.0
2024-06-28 00:00:00-04:00,14.829999923706055,18.18000030517578,14.829999923706055,17.950000762939453,831500,0.0,0.0
2024-07-01 00:00:00-04:00,17.899999618530273,19.040000915527344,17.459999084472656,18.979999542236328,103800,0.0,0.0
2024-07-02 00:00:00-04:00,18.979999542236328,20.520000457763672,17.809999465942383,18.049999237060547,95300,0.0,0.0
2024-07-03 00:00:00-04:00,18.25,18.965999603271484,16.860000610351562,17.329999923706055,30300,0.0,0.0
2024-07-05 00:00:00-04:00,17.329999923706055,19.420000076293945,17.260000228881836,19.219999313354492,75400,0.0,0.0
2024-07-08 00:00:00-04:00,19.299999237060547,20.350000381469727,18.09000015258789,19.0,70200,0.0,0.0
2024-07-09 00:00:00-04:00,18.90999984741211,20.770000457763672,18.65999984741211,20.5,137000,0.0,0.0
2024-07-10 00:00:00-04:00,19.989999771118164,21.899999618530273,19.770000457763672,20.690000534057617,84000,0.0,0.0
2024-07-11 00:00:00-04:00,21.0,22.489999771118164,20.520000457763672,22.440000534057617,114900,0.0,0.0
2024-07-12 00:00:00-04:00,22.5,26.844999313354492,22.5,26.219999313354492,224300,0.0,0.0
2024-07-15 00:00:00-04:00,26.170000076293945,27.530000686645508,24.700000762939453,25.780000686645508,83000,0.0,0.0
2024-07-16 00:00:00-04:00,26.0,27.940000534057617,25.790000915527344,26.68000030517578,64900,0.0,0.0
2024-07-17 00:00:00-04:00,26.65999984741211,27.479999542236328,24.93000030517578,27.25,41200,0.0,0.0
2024-07-18 00:00:00-04:00,27.25,29.520000457763672,26.62299919128418,28.959999084472656,84400,0.0,0.0
2024-07-19 00:00:00-04:00,28.959999084472656,29.479999542236328,27.402999877929688,29.459999084472656,49300,0.0,0.0
2024-07-22 00:00:00-04:00,29.610000610351562,29.989999771118164,28.496999740600586,29.209999084472656,44700,0.0,0.0
2024-07-23 00:00:00-04:00,29.260000228881836,33.0,28.920000076293945,32.36000061035156,83400,0.0,0.0
2024-07-24 00:00:00-04:00,32.33000183105469,36.599998474121094,32.2400016784668,36.36000061035156,81800,0.0,0.0
2024-07-25 00:00:00-04:00,36.97999954223633,42.97999954223633,36.97999954223633,38.349998474121094,269200,0.0,0.0
2024-07-26 00:00:00-04:00,38.400001525878906,38.400001525878906,31.559999465942383,36.22999954223633,171000,0.0,0.0
2024-07-29 00:00:00-04:00,36.209999084472656,36.209999084472656,33.75,35.560001373291016,36500,0.0,0.0
2024-07-30 00:00:00-04:00,35.45000076293945,38.224998474121094,33.84000015258789,37.4900016784668,88100,0.0,0.0
2024-07-31 00:00:00-04:00,37.529998779296875,39.939998626708984,34.97999954223633,38.08000183105469,62800,0.0,0.0
2024-08-01 00:00:00-04:00,38.150001525878906,39.65999984741211,33.380001068115234,37.970001220703125,61200,0.0,0.0
2024-08-02 00:00:00-04:00,37.16999816894531,38.43000030517578,33.5099983215332,37.869998931884766,70100,0.0,0.0
2024-08-05 00:00:00-04:00,34.58000183105469,39.0,34.58000183105469,38.099998474121094,127000,0.0,0.0
2024-08-06 00:00:00-04:00,37.209999084472656,40.72999954223633,36.70000076293945,37.130001068115234,100800,0.0,0.0
2024-08-07 00:00:00-04:00,36.83000183105469,40.505001068115234,36.83000183105469,40.099998474121094,96300,0.0,0.0
2024-08-08 00:00:00-04:00,41.040000915527344,41.040000915527344,33.869998931884766,35.83000183105469,106200,0.0,0.0
2024-08-09 00:00:00-04:00,35.79999923706055,37.22999954223633,34.40999984741211,34.43000030517578,23700,0.0,0.0
2024-08-12 00:00:00-04:00,36.560001373291016,37.439998626708984,34.279998779296875,35.900001525878906,59100,0.0,0.0
2024-08-13 00:00:00-04:00,35.81999969482422,36.349998474121094,34.619998931884766,35.65999984741211,47500,0.0,0.0
2024-08-14 00:00:00-04:00,35.650001525878906,36.7400016784668,34.66999816894531,36.33000183105469,64000,0.0,0.0
2024-08-15 00:00:00-04:00,37.29999923706055,38.220001220703125,36.26599884033203,36.66999816894531,57300,0.0,0.0
2024-08-16 00:00:00-04:00,36.619998931884766,37.68000030517578,35.45600128173828,36.90999984741211,56100,0.0,0.0
2024-08-19 00:00:00-04:00,36.20000076293945,39.150001525878906,36.20000076293945,38.93000030517578,102300,0.0,0.0
2024-08-20 00:00:00-04:00,39.29999923706055,39.65999984741211,38.09000015258789,39.22999954223633,42000,0.0,0.0
2024-08-21 00:00:00-04:00,39.22999954223633,40.98099899291992,38.349998474121094,39.0,80500,0.0,0.0
2024-08-22 00:00:00-04:00,39.0,40.869998931884766,38.21799850463867,38.58000183105469,77000,0.0,0.0
2024-08-23 00:00:00-04:00,38.959999084472656,40.0,38.29999923706055,39.4900016784668,153400,0.0,0.0
2024-08-26 00:00:00-04:00,39.40999984741211,39.91999816894531,38.599998474121094,39.099998474121094,136900,0.0,0.0
2024-08-27 00:00:00-04:00,39.27000045776367,40.54999923706055,36.72999954223633,37.81999969482422,291400,0.0,0.0
2024-08-28 00:00:00-04:00,37.7599983215332,40.209999084472656,37.755001068115234,38.630001068115234,113800,0.0,0.0
2024-08-29 00:00:00-04:00,38.93000030517578,39.76499938964844,37.284000396728516,39.2400016784668,145800,0.0,0.0
2024-08-30 00:00:00-04:00,40.029998779296875,43.5,38.483001708984375,43.47999954223633,236600,0.0,0.0
2024-09-03 00:00:00-04:00,43.27000045776367,44.763999938964844,38.5,41.130001068115234,132700,0.0,0.0
2024-09-04 00:00:00-04:00,40.90999984741211,43.56999969482422,40.56999969482422,41.900001525878906,129400,0.0,0.0
2024-09-05 00:00:00-04:00,42.2400016784668,46.619998931884766,41.900001525878906,45.810001373291016,205000,0.0,0.0
2024-09-06 00:00:00-04:00,45.83000183105469,47.380001068115234,40.65999984741211,42.81999969482422,152800,0.0,0.0
2024-09-09 00:00:00-04:00,42.81999969482422,46.9900016784668,42.81999969482422,46.060001373291016,128000,0.0,0.0
2024-09-10 00:00:00-04:00,45.95000076293945,47.974998474121094,44.09000015258789,47.959999084472656,132000,0.0,0.0
2024-09-11 00:00:00-04:00,50.0,53.790000915527344,47.63999938964844,49.790000915527344,213200,0.0,0.0
2024-09-12 00:00:00-04:00,49.41999816894531,50.38999938964844,42.709999084472656,45.459999084472656,177200,0.0,0.0
2024-09-13 00:00:00-04:00,46.0,47.630001068115234,43.41999816894531,46.150001525878906,146400,0.0,0.0
2024-09-16 00:00:00-04:00,46.08000183105469,47.34000015258789,42.279998779296875,44.97999954223633,118900,0.0,0.0
2024-09-17 00:00:00-04:00,45.13999938964844,49.268001556396484,44.435001373291016,47.93000030517578,115200,0.0,0.0
2024-09-18 00:00:00-04:00,48.439998626708984,50.97999954223633,46.380001068115234,46.400001525878906,120400,0.0,0.0
2024-09-19 00:00:00-04:00,47.220001220703125,50.125,46.35100173950195,47.16999816894531,93500,0.0,0.0
2024-09-20 00:00:00-04:00,46.7599983215332,49.189998626708984,46.724998474121094,48.97999954223633,344700,0.0,0.0
2024-09-23 00:00:00-04:00,48.880001068115234,49.459999084472656,43.34000015258789,43.689998626708984,139700,0.0,0.0
2024-09-24 00:00:00-04:00,43.869998931884766,45.060001373291016,42.15999984741211,44.369998931884766,73600,0.0,0.0
2024-09-25 00:00:00-04:00,44.5,48.060001373291016,43.45000076293945,44.400001525878906,78800,0.0,0.0
2024-09-26 00:00:00-04:00,44.9900016784668,45.43000030517578,43.75,45.40999984741211,59200,0.0,0.0
2024-09-27 00:00:00-04:00,46.18000030517578,46.70000076293945,45.15999984741211,46.0,60100,0.0,0.0
2024-09-30 00:00:00-04:00,46.04999923706055,47.84000015258789,44.08000183105469,44.619998931884766,66100,0.0,0.0
2024-10-01 00:00:00-04:00,44.88999938964844,44.88999938964844,40.15999984741211,40.474998474121094,80500,0.0,0.0
2024-10-02 00:00:00-04:00,40.02000045776367,42.38999938964844,39.5099983215332,42.189998626708984,111200,0.0,0.0
2024-10-03 00:00:00-04:00,42.880001068115234,42.880001068115234,41.189998626708984,42.75,71300,0.0,0.0
2024-10-04 00:00:00-04:00,43.400001525878906,45.20000076293945,42.821998596191406,44.75,47400,0.0,0.0
2024-10-07 00:00:00-04:00,44.75,45.0,42.93000030517578,43.40999984741211,61100,0.0,0.0
2024-10-08 00:00:00-04:00,43.27000045776367,45.849998474121094,43.27000045776367,44.790000915527344,70900,0.0,0.0
2024-10-09 00:00:00-04:00,44.75,47.48500061035156,42.150001525878906,47.36000061035156,100900,0.0,0.0
2024-10-10 00:00:00-04:00,46.869998931884766,48.2400016784668,46.45000076293945,47.20000076293945,64700,0.0,0.0
2024-10-11 00:00:00-04:00,47.060001373291016,49.0,46.935001373291016,48.54999923706055,89500,0.0,0.0
2024-10-14 00:00:00-04:00,48.86000061035156,49.0099983215332,45.91999816894531,46.290000915527344,99200,0.0,0.0
2024-10-15 00:00:00-04:00,46.290000915527344,48.630001068115234,44.900001525878906,48.470001220703125,72100,0.0,0.0
2024-10-16 00:00:00-04:00,48.470001220703125,50.73500061035156,47.944000244140625,50.0099983215332,132100,0.0,0.0
2024-10-17 00:00:00-04:00,49.7599983215332,50.220001220703125,48.0,49.63999938964844,91200,0.0,0.0
2024-10-18 00:00:00-04:00,49.599998474121094,49.7599983215332,47.314998626708984,48.779998779296875,59700,0.0,0.0
2024-10-21 00:00:00-04:00,49.0,49.36000061035156,47.400001525878906,49.11000061035156,79000,0.0,0.0
2024-10-22 00:00:00-04:00,48.959999084472656,51.16999816894531,45.54999923706055,46.70000076293945,123300,0.0,0.0
2024-10-23 00:00:00-04:00,46.779998779296875,48.0,45.0099983215332,47.779998779296875,79600,0.0,0.0
2024-10-24 00:00:00-04:00,49.66999816894531,50.59000015258789,45.9900016784668,47.619998931884766,94700,0.0,0.0
2024-10-25 00:00:00-04:00,47.79999923706055,53.16999816894531,47.70000076293945,50.59000015258789,155400,0.0,0.0
2024-10-28 00:00:00-04:00,51.189998626708984,51.189998626708984,46.7400016784668,46.7400016784668,54100,0.0,0.0
2024-10-29 00:00:00-04:00,46.5099983215332,48.05099868774414,46.40999984741211,47.220001220703125,36200,0.0,0.0
2024-10-30 00:00:00-04:00,47.18000030517578,49.68000030517578,46.029998779296875,46.31999969482422,56600,0.0,0.0
2024-10-31 00:00:00-04:00,46.529998779296875,47.7599983215332,45.0,47.22999954223633,80500,0.0,0.0
2024-11-01 00:00:00-04:00,47.20000076293945,49.529998779296875,46.34000015258789,47.43000030517578,43000,0.0,0.0
2024-11-04 00:00:00-05:00,47.0,48.61000061035156,46.02000045776367,46.84000015258789,135400,0.0,0.0
2024-11-05 00:00:00-05:00,46.279998779296875,48.48500061035156,46.073001861572266,47.720001220703125,87300,0.0,0.0
2024-11-06 00:00:00-05:00,48.439998626708984,49.43000030517578,46.15999984741211,48.0,142600,0.0,0.0
2024-11-07 00:00:00-05:00,49.189998626708984,51.25699996948242,46.599998474121094,47.459999084472656,120500,0.0,0.0
2024-11-08 00:00:00-05:00,47.72999954223633,48.654998779296875,44.45000076293945,45.290000915527344,85500,0.0,0.0
2024-11-11 00:00:00-05:00,45.720001220703125,47.46500015258789,43.5099983215332,45.0099983215332,108200,0.0,0.0
2024-11-12 00:00:00-05:00,45.0,47.314998626708984,41.46500015258789,43.68000030517578,117800,0.0,0.0
2024-11-13 00:00:00-05:00,43.599998474121094,44.380001068115234,39.5,39.72999954223633,90600,0.0,0.0
2024-11-14 00:00:00-05:00,39.4900016784668,40.369998931884766,34.810001373291016,35.630001068115234,126600,0.0,0.0
2024-11-15 00:00:00-05:00,35.61000061035156,35.61000061035156,30.25,32.95000076293945,121100,0.0,0.0
2024-11-18 00:00:00-05:00,32.95000076293945,33.875,30.860000610351562,31.40999984741211,143300,0.0,0.0
2024-11-19 00:00:00-05:00,31.190000534057617,32.630001068115234,28.75,29.09000015258789,90500,0.0,0.0
2024-11-20 00:00:00-05:00,28.75,30.100000381469727,26.0,27.280000686645508,142583,0.0,0.0
