Date,Open,High,Low,Close,Volume,Dividends,Stock Splits
2022-01-03 00:00:00-05:00,28.799999237060547,30.299999237060547,28.799999237060547,29.850000381469727,8567,0.0,0.0
2022-01-04 00:00:00-05:00,29.100000381469727,30.0,27.149999618530273,27.899999618530273,8460,0.0,0.0
2022-01-05 00:00:00-05:00,28.200000762939453,28.5,26.399999618530273,26.549999237060547,3173,0.0,0.0
2022-01-06 00:00:00-05:00,26.700000762939453,27.0,24.75,26.850000381469727,9660,0.0,0.0
2022-01-07 00:00:00-05:00,26.399999618530273,27.299999237060547,25.049999237060547,25.350000381469727,3947,0.0,0.0
2022-01-10 00:00:00-05:00,26.100000381469727,26.850000381469727,25.5,26.25,5427,0.0,0.0
2022-01-11 00:00:00-05:00,27.0,28.5,26.399999618530273,28.049999237060547,2227,0.0,0.0
2022-01-12 00:00:00-05:00,28.200000762939453,28.5,27.450000762939453,28.049999237060547,1233,0.0,0.0
2022-01-13 00:00:00-05:00,28.350000381469727,28.350000381469727,25.799999237060547,25.799999237060547,5313,0.0,0.0
2022-01-14 00:00:00-05:00,26.700000762939453,27.899999618530273,24.75,26.399999618530273,8507,0.0,0.0
2022-01-18 00:00:00-05:00,26.100000381469727,27.299999237060547,25.5,25.799999237060547,1540,0.0,0.0
2022-01-19 00:00:00-05:00,25.950000762939453,27.0,24.899999618530273,26.100000381469727,5007,0.0,0.0
2022-01-20 00:00:00-05:00,25.350000381469727,26.549999237060547,25.350000381469727,25.350000381469727,2253,0.0,0.0
2022-01-21 00:00:00-05:00,24.75,25.200000762939453,23.549999237060547,24.0,3400,0.0,0.0
2022-01-24 00:00:00-05:00,24.0,24.0,18.75,21.299999237060547,17487,0.0,0.0
2022-01-25 00:00:00-05:00,20.549999237060547,24.149999618530273,20.399999618530273,23.850000381469727,2420,0.0,0.0
2022-01-26 00:00:00-05:00,23.25,25.350000381469727,23.25,23.549999237060547,2400,0.0,0.0
2022-01-27 00:00:00-05:00,22.950000762939453,24.0,22.350000381469727,22.649999618530273,1193,0.0,0.0
2022-01-28 00:00:00-05:00,21.299999237060547,22.649999618530273,21.299999237060547,21.600000381469727,1093,0.0,0.0
2022-01-31 00:00:00-05:00,22.350000381469727,31.5,22.350000381469727,27.75,30000,0.0,0.0
2022-02-01 00:00:00-05:00,27.600000381469727,28.350000381469727,25.049999237060547,25.200000762939453,13487,0.0,0.0
2022-02-02 00:00:00-05:00,25.5,25.5,22.649999618530273,23.549999237060547,6553,0.0,0.0
2022-02-03 00:00:00-05:00,29.399999618530273,34.650001525878906,28.950000762939453,30.0,4294493,0.0,0.0
2022-02-04 00:00:00-05:00,28.799999237060547,31.5,27.899999618530273,29.549999237060547,195193,0.0,0.0
2022-02-07 00:00:00-05:00,29.850000381469727,31.950000762939453,28.200000762939453,31.5,101400,0.0,0.0
2022-02-08 00:00:00-05:00,31.649999618530273,40.5,30.149999618530273,39.0,414233,0.0,0.0
2022-02-09 00:00:00-05:00,36.0,38.25,33.150001525878906,34.95000076293945,88513,0.0,0.0
2022-02-10 00:00:00-05:00,33.0,42.75,32.54999923706055,36.45000076293945,90087,0.0,0.0
2022-02-11 00:00:00-05:00,36.599998474121094,38.25,33.150001525878906,36.599998474121094,40820,0.0,0.0
2022-02-14 00:00:00-05:00,37.349998474121094,37.349998474121094,31.5,32.099998474121094,35560,0.0,0.0
2022-02-15 00:00:00-05:00,32.400001525878906,33.599998474121094,31.049999237060547,33.150001525878906,40227,0.0,0.0
2022-02-16 00:00:00-05:00,32.54999923706055,34.04999923706055,31.5,32.849998474121094,17833,0.0,0.0
2022-02-17 00:00:00-05:00,31.799999237060547,33.0,31.200000762939453,32.25,11080,0.0,0.0
2022-02-18 00:00:00-05:00,31.799999237060547,32.849998474121094,30.0,31.350000381469727,24007,0.0,0.0
2022-02-22 00:00:00-05:00,29.850000381469727,33.75,29.700000762939453,33.0,13127,0.0,0.0
2022-02-23 00:00:00-05:00,33.45000076293945,34.349998474121094,30.600000381469727,31.350000381469727,13973,0.0,0.0
2022-02-24 00:00:00-05:00,28.200000762939453,31.049999237060547,28.049999237060547,30.75,15247,0.0,0.0
2022-02-25 00:00:00-05:00,32.70000076293945,33.599998474121094,30.450000762939453,32.099998474121094,10633,0.0,0.0
2022-02-28 00:00:00-05:00,31.049999237060547,32.70000076293945,30.899999618530273,31.049999237060547,7493,0.0,0.0
2022-03-01 00:00:00-05:00,31.5,33.0,30.75,32.849998474121094,19607,0.0,0.0
2022-03-02 00:00:00-05:00,32.25,32.849998474121094,31.200000762939453,31.649999618530273,4173,0.0,0.0
2022-03-03 00:00:00-05:00,31.950000762939453,33.75,29.25,33.150001525878906,27620,0.0,0.0
2022-03-04 00:00:00-05:00,32.849998474121094,33.599998474121094,31.200000762939453,32.70000076293945,10893,0.0,0.0
2022-03-07 00:00:00-05:00,32.54999923706055,32.54999923706055,30.0,30.149999618530273,8033,0.0,0.0
2022-03-08 00:00:00-05:00,31.200000762939453,31.200000762939453,28.649999618530273,29.549999237060547,8987,0.0,0.0
2022-03-09 00:00:00-05:00,29.700000762939453,32.54999923706055,29.700000762939453,32.400001525878906,8440,0.0,0.0
2022-03-10 00:00:00-05:00,31.950000762939453,33.599998474121094,30.899999618530273,31.649999618530273,11873,0.0,0.0
2022-03-11 00:00:00-05:00,31.649999618530273,33.0,30.75,31.350000381469727,4507,0.0,0.0
2022-03-14 00:00:00-04:00,30.899999618530273,32.54999923706055,28.200000762939453,28.350000381469727,9867,0.0,0.0
2022-03-15 00:00:00-04:00,28.950000762939453,30.299999237060547,28.649999618530273,29.25,5487,0.0,0.0
2022-03-16 00:00:00-04:00,30.149999618530273,31.200000762939453,29.399999618530273,30.0,5560,0.0,0.0
2022-03-17 00:00:00-04:00,29.700000762939453,31.799999237060547,29.700000762939453,31.649999618530273,3527,0.0,0.0
2022-03-18 00:00:00-04:00,31.200000762939453,33.75,31.200000762939453,32.849998474121094,7047,0.0,0.0
2022-03-21 00:00:00-04:00,32.099998474121094,33.150001525878906,30.450000762939453,31.350000381469727,6527,0.0,0.0
2022-03-22 00:00:00-04:00,31.649999618530273,33.0,30.450000762939453,31.799999237060547,7827,0.0,0.0
2022-03-23 00:00:00-04:00,31.649999618530273,33.150001525878906,30.899999618530273,31.799999237060547,5760,0.0,0.0
2022-03-24 00:00:00-04:00,31.350000381469727,32.54999923706055,31.350000381469727,32.25,2547,0.0,0.0
2022-03-25 00:00:00-04:00,31.5,32.25,31.5,32.099998474121094,2660,0.0,0.0
2022-03-28 00:00:00-04:00,31.200000762939453,32.099998474121094,30.149999618530273,30.75,5560,0.0,0.0
2022-03-29 00:00:00-04:00,31.350000381469727,32.400001525878906,30.899999618530273,31.799999237060547,3913,0.0,0.0
2022-03-30 00:00:00-04:00,31.049999237060547,33.0,30.299999237060547,31.049999237060547,5927,0.0,0.0
2022-03-31 00:00:00-04:00,30.299999237060547,31.5,30.299999237060547,31.049999237060547,2707,0.0,0.0
2022-04-01 00:00:00-04:00,30.299999237060547,32.400001525878906,30.149999618530273,31.350000381469727,1840,0.0,0.0
2022-04-04 00:00:00-04:00,30.899999618530273,32.849998474121094,30.899999618530273,32.54999923706055,6940,0.0,0.0
2022-04-05 00:00:00-04:00,32.25,32.25,31.049999237060547,31.5,2787,0.0,0.0
2022-04-06 00:00:00-04:00,31.950000762939453,31.950000762939453,30.75,31.200000762939453,1947,0.0,0.0
2022-04-07 00:00:00-04:00,31.049999237060547,31.5,30.75,31.049999237060547,1800,0.0,0.0
2022-04-08 00:00:00-04:00,31.350000381469727,31.5,30.899999618530273,31.049999237060547,427,0.0,0.0
2022-04-11 00:00:00-04:00,30.75,32.70000076293945,29.25,32.25,4440,0.0,0.0
2022-04-12 00:00:00-04:00,39.0,42.75,28.649999618530273,29.850000381469727,2367540,0.0,0.0
2022-04-13 00:00:00-04:00,26.25,27.299999237060547,24.75,25.950000762939453,101967,0.0,0.0
2022-04-14 00:00:00-04:00,25.950000762939453,25.950000762939453,22.049999237060547,22.350000381469727,49907,0.0,0.0
2022-04-18 00:00:00-04:00,20.700000762939453,22.049999237060547,19.200000762939453,21.600000381469727,41673,0.0,0.0
2022-04-19 00:00:00-04:00,22.200000762939453,23.850000381469727,21.0,22.799999237060547,30560,0.0,0.0
2022-04-20 00:00:00-04:00,22.5,24.0,21.0,23.700000762939453,12847,0.0,0.0
2022-04-21 00:00:00-04:00,23.399999618530273,24.149999618530273,22.649999618530273,23.25,14680,0.0,0.0
2022-04-22 00:00:00-04:00,23.549999237060547,24.149999618530273,22.649999618530273,23.850000381469727,9547,0.0,0.0
2022-04-25 00:00:00-04:00,22.5,26.100000381469727,22.5,25.950000762939453,15647,0.0,0.0
2022-04-26 00:00:00-04:00,25.350000381469727,25.799999237060547,23.549999237060547,24.149999618530273,11327,0.0,0.0
2022-04-27 00:00:00-04:00,24.299999237060547,26.25,24.0,24.899999618530273,6340,0.0,0.0
2022-04-28 00:00:00-04:00,24.149999618530273,25.049999237060547,22.799999237060547,24.299999237060547,12840,0.0,0.0
2022-04-29 00:00:00-04:00,23.700000762939453,24.600000381469727,22.950000762939453,23.100000381469727,4680,0.0,0.0
2022-05-02 00:00:00-04:00,24.450000762939453,24.450000762939453,22.799999237060547,23.549999237060547,4813,0.0,0.0
2022-05-03 00:00:00-04:00,23.850000381469727,24.450000762939453,23.25,24.0,5893,0.0,0.0
2022-05-04 00:00:00-04:00,24.0,24.600000381469727,23.25,24.149999618530273,3560,0.0,0.0
2022-05-05 00:00:00-04:00,24.149999618530273,24.299999237060547,22.5,22.950000762939453,4720,0.0,0.0
2022-05-06 00:00:00-04:00,22.950000762939453,22.950000762939453,22.049999237060547,22.5,4647,0.0,0.0
2022-05-09 00:00:00-04:00,22.049999237060547,22.350000381469727,18.75,19.5,14247,0.0,0.0
2022-05-10 00:00:00-04:00,19.049999237060547,20.549999237060547,18.75,20.100000381469727,4340,0.0,0.0
2022-05-11 00:00:00-04:00,19.649999618530273,20.25,17.549999237060547,17.700000762939453,10640,0.0,0.0
2022-05-12 00:00:00-04:00,17.25,20.25,16.5,19.799999237060547,10367,0.0,0.0
2022-05-13 00:00:00-04:00,20.25,21.75,19.799999237060547,21.0,4280,0.0,0.0
2022-05-16 00:00:00-04:00,21.149999618530273,21.450000762939453,20.700000762939453,20.700000762939453,1633,0.0,0.0
2022-05-17 00:00:00-04:00,21.299999237060547,22.649999618530273,20.399999618530273,22.649999618530273,3727,0.0,0.0
2022-05-18 00:00:00-04:00,22.200000762939453,22.649999618530273,21.899999618530273,21.899999618530273,3020,0.0,0.0
2022-05-19 00:00:00-04:00,21.299999237060547,23.700000762939453,21.149999618530273,23.700000762939453,2653,0.0,0.0
2022-05-20 00:00:00-04:00,24.299999237060547,25.200000762939453,23.25,24.450000762939453,4573,0.0,0.0
2022-05-23 00:00:00-04:00,25.049999237060547,25.799999237060547,23.850000381469727,25.350000381469727,3313,0.0,0.0
2022-05-24 00:00:00-04:00,24.600000381469727,25.049999237060547,23.25,23.25,1320,0.0,0.0
2022-05-25 00:00:00-04:00,22.799999237060547,24.149999618530273,22.649999618530273,23.25,1420,0.0,0.0
2022-05-26 00:00:00-04:00,24.899999618530273,24.899999618530273,23.399999618530273,24.0,873,0.0,0.0
2022-05-27 00:00:00-04:00,24.0,25.5,24.0,24.899999618530273,3480,0.0,0.0
2022-05-31 00:00:00-04:00,24.450000762939453,25.5,24.450000762939453,25.200000762939453,1180,0.0,0.0
2022-06-01 00:00:00-04:00,25.5,25.5,23.399999618530273,25.049999237060547,2440,0.0,0.0
2022-06-02 00:00:00-04:00,24.450000762939453,25.350000381469727,24.450000762939453,24.600000381469727,2473,0.0,0.0
2022-06-03 00:00:00-04:00,24.600000381469727,25.200000762939453,24.0,24.450000762939453,1387,0.0,0.0
2022-06-06 00:00:00-04:00,25.049999237060547,25.049999237060547,23.549999237060547,23.700000762939453,3440,0.0,0.0
2022-06-07 00:00:00-04:00,23.100000381469727,24.899999618530273,23.100000381469727,24.299999237060547,1187,0.0,0.0
2022-06-08 00:00:00-04:00,24.600000381469727,25.200000762939453,24.0,24.600000381469727,1700,0.0,0.0
2022-06-09 00:00:00-04:00,24.0,24.600000381469727,22.799999237060547,23.399999618530273,1633,0.0,0.0
2022-06-10 00:00:00-04:00,22.799999237060547,23.25,20.700000762939453,21.600000381469727,4920,0.0,0.0
2022-06-13 00:00:00-04:00,21.450000762939453,22.049999237060547,19.799999237060547,22.049999237060547,2640,0.0,0.0
2022-06-14 00:00:00-04:00,22.350000381469727,22.5,21.450000762939453,21.75,847,0.0,0.0
2022-06-15 00:00:00-04:00,21.75,22.799999237060547,20.549999237060547,21.149999618530273,34100,0.0,0.0
2022-06-16 00:00:00-04:00,21.149999618530273,21.75,18.450000762939453,21.450000762939453,3160,0.0,0.0
2022-06-17 00:00:00-04:00,20.399999618530273,21.75,19.200000762939453,21.299999237060547,2387,0.0,0.0
2022-06-21 00:00:00-04:00,20.700000762939453,21.75,19.950000762939453,21.299999237060547,2713,0.0,0.0
2022-06-22 00:00:00-04:00,21.299999237060547,22.5,19.799999237060547,22.5,4913,0.0,0.0
2022-06-23 00:00:00-04:00,23.25,23.25,21.899999618530273,22.049999237060547,1587,0.0,0.0
2022-06-24 00:00:00-04:00,22.5,23.100000381469727,20.100000381469727,21.299999237060547,3460,0.0,0.0
2022-06-27 00:00:00-04:00,21.0,22.5,20.549999237060547,21.75,1147,0.0,0.0
2022-06-28 00:00:00-04:00,21.75,22.950000762939453,21.0,21.450000762939453,5200,0.0,0.0
2022-06-29 00:00:00-04:00,19.799999237060547,22.200000762939453,19.649999618530273,21.600000381469727,3500,0.0,0.0
2022-06-30 00:00:00-04:00,20.850000381469727,22.799999237060547,20.850000381469727,21.75,1180,0.0,0.0
2022-07-01 00:00:00-04:00,21.299999237060547,22.5,21.299999237060547,21.899999618530273,2513,0.0,0.0
2022-07-05 00:00:00-04:00,23.25,23.25,21.75,22.350000381469727,1907,0.0,0.0
2022-07-06 00:00:00-04:00,23.100000381469727,23.100000381469727,21.75,22.350000381469727,3140,0.0,0.0
2022-07-07 00:00:00-04:00,22.200000762939453,22.950000762939453,21.899999618530273,22.5,2627,0.0,0.0
2022-07-08 00:00:00-04:00,24.299999237060547,24.299999237060547,22.200000762939453,22.950000762939453,1420,0.0,0.0
2022-07-11 00:00:00-04:00,24.600000381469727,24.600000381469727,22.350000381469727,22.5,1880,0.0,0.0
2022-07-12 00:00:00-04:00,21.899999618530273,23.399999618530273,21.899999618530273,22.799999237060547,1133,0.0,0.0
2022-07-13 00:00:00-04:00,22.5,23.700000762939453,22.5,23.25,1073,0.0,0.0
2022-07-14 00:00:00-04:00,23.100000381469727,24.0,22.950000762939453,24.0,2367,0.0,0.0
2022-07-15 00:00:00-04:00,23.850000381469727,23.850000381469727,22.950000762939453,22.950000762939453,1233,0.0,0.0
2022-07-18 00:00:00-04:00,22.799999237060547,23.700000762939453,22.5,22.799999237060547,1100,0.0,0.0
2022-07-19 00:00:00-04:00,24.149999618530273,24.149999618530273,22.649999618530273,22.799999237060547,873,0.0,0.0
2022-07-20 00:00:00-04:00,22.5,23.25,22.5,22.799999237060547,313,0.0,0.0
2022-07-21 00:00:00-04:00,22.649999618530273,23.100000381469727,22.649999618530273,22.950000762939453,960,0.0,0.0
2022-07-22 00:00:00-04:00,23.399999618530273,23.399999618530273,22.350000381469727,23.399999618530273,1653,0.0,0.0
2022-07-25 00:00:00-04:00,23.850000381469727,23.850000381469727,22.799999237060547,23.25,460,0.0,0.0
2022-07-26 00:00:00-04:00,22.200000762939453,23.25,22.200000762939453,22.5,1307,0.0,0.0
2022-07-27 00:00:00-04:00,22.049999237060547,23.25,22.049999237060547,22.649999618530273,2640,0.0,0.0
2022-07-28 00:00:00-04:00,23.25,23.25,21.600000381469727,22.049999237060547,1640,0.0,0.0
2022-07-29 00:00:00-04:00,21.600000381469727,22.5,21.0,21.75,1313,0.0,0.0
2022-08-01 00:00:00-04:00,23.399999618530273,23.399999618530273,21.0,21.600000381469727,1773,0.0,0.0
2022-08-02 00:00:00-04:00,22.200000762939453,22.200000762939453,21.0,21.600000381469727,2013,0.0,0.0
2022-08-03 00:00:00-04:00,22.350000381469727,22.5,19.950000762939453,20.399999618530273,6707,0.0,0.0
2022-08-04 00:00:00-04:00,20.25,21.75,20.25,21.600000381469727,1167,0.0,0.0
2022-08-05 00:00:00-04:00,21.299999237060547,22.5,21.149999618530273,21.75,2707,0.0,0.0
2022-08-08 00:00:00-04:00,23.549999237060547,23.549999237060547,21.600000381469727,22.350000381469727,5953,0.0,0.0
2022-08-09 00:00:00-04:00,23.399999618530273,23.399999618530273,21.899999618530273,22.350000381469727,3087,0.0,0.0
2022-08-10 00:00:00-04:00,21.75,22.5,21.75,22.5,1893,0.0,0.0
2022-08-11 00:00:00-04:00,22.5,23.700000762939453,22.5,23.700000762939453,3093,0.0,0.0
2022-08-12 00:00:00-04:00,24.0,24.0,23.399999618530273,23.549999237060547,2587,0.0,0.0
2022-08-15 00:00:00-04:00,22.649999618530273,25.200000762939453,22.649999618530273,25.200000762939453,3727,0.0,0.0
2022-08-16 00:00:00-04:00,24.0,25.200000762939453,24.0,25.049999237060547,3373,0.0,0.0
2022-08-17 00:00:00-04:00,25.350000381469727,26.549999237060547,25.350000381469727,25.799999237060547,4400,0.0,0.0
2022-08-18 00:00:00-04:00,26.850000381469727,27.0,26.100000381469727,26.25,4833,0.0,0.0
2022-08-19 00:00:00-04:00,27.75,29.700000762939453,25.5,25.799999237060547,12220,0.0,0.0
2022-08-22 00:00:00-04:00,26.25,27.899999618530273,26.25,27.600000381469727,5453,0.0,0.0
2022-08-23 00:00:00-04:00,28.350000381469727,31.5,27.600000381469727,30.899999618530273,18040,0.0,0.0
2022-08-24 00:00:00-04:00,33.0,33.0,29.850000381469727,30.75,20960,0.0,0.0
2022-08-25 00:00:00-04:00,31.350000381469727,31.350000381469727,29.100000381469727,30.450000762939453,8840,0.0,0.0
2022-08-26 00:00:00-04:00,30.149999618530273,30.899999618530273,28.200000762939453,30.450000762939453,7420,0.0,0.0
2022-08-29 00:00:00-04:00,30.600000381469727,32.400001525878906,30.149999618530273,31.350000381469727,12927,0.0,0.0
2022-08-30 00:00:00-04:00,31.5,31.649999618530273,29.25,30.75,7060,0.0,0.0
2022-08-31 00:00:00-04:00,30.899999618530273,31.5,29.25,29.850000381469727,15213,0.0,0.0
2022-09-01 00:00:00-04:00,29.100000381469727,29.700000762939453,25.5,26.100000381469727,18853,0.0,0.0
2022-09-02 00:00:00-04:00,25.799999237060547,28.649999618530273,25.799999237060547,28.5,5620,0.0,0.0
2022-09-06 00:00:00-04:00,28.5,28.5,26.100000381469727,27.0,7607,0.0,0.0
2022-09-07 00:00:00-04:00,26.549999237060547,27.600000381469727,26.25,27.0,1573,0.0,0.0
2022-09-08 00:00:00-04:00,26.700000762939453,28.049999237060547,25.5,27.75,1687,0.0,0.0
2022-09-09 00:00:00-04:00,27.0,28.649999618530273,27.0,28.649999618530273,2067,0.0,0.0
2022-09-12 00:00:00-04:00,29.549999237060547,31.049999237060547,28.5,30.450000762939453,5593,0.0,0.0
2022-09-13 00:00:00-04:00,30.600000381469727,30.75,30.0,30.600000381469727,2107,0.0,0.0
2022-09-14 00:00:00-04:00,30.600000381469727,31.049999237060547,30.0,30.149999618530273,3847,0.0,0.0
2022-09-15 00:00:00-04:00,30.149999618530273,31.049999237060547,30.149999618530273,30.450000762939453,2313,0.0,0.0
2022-09-16 00:00:00-04:00,30.149999618530273,30.75,30.0,30.450000762939453,3247,0.0,0.0
2022-09-19 00:00:00-04:00,30.299999237060547,30.600000381469727,29.850000381469727,30.299999237060547,1760,0.0,0.0
2022-09-20 00:00:00-04:00,30.0,30.0,28.799999237060547,28.950000762939453,1140,0.0,0.0
2022-09-21 00:00:00-04:00,28.649999618530273,28.950000762939453,27.299999237060547,27.299999237060547,907,0.0,0.0
2022-09-22 00:00:00-04:00,26.100000381469727,28.200000762939453,25.799999237060547,27.75,2047,0.0,0.0
2022-09-23 00:00:00-04:00,27.299999237060547,28.649999618530273,27.299999237060547,27.899999618530273,1493,0.0,0.0
2022-09-26 00:00:00-04:00,27.299999237060547,29.850000381469727,27.299999237060547,29.700000762939453,1453,0.0,0.0
2022-09-27 00:00:00-04:00,29.700000762939453,30.75,28.799999237060547,30.299999237060547,1447,0.0,0.0
2022-09-28 00:00:00-04:00,30.0,31.049999237060547,30.0,30.299999237060547,1880,0.0,0.0
2022-09-29 00:00:00-04:00,30.0,30.75,29.850000381469727,30.149999618530273,2100,0.0,0.0
2022-09-30 00:00:00-04:00,30.149999618530273,31.5,28.950000762939453,29.100000381469727,7733,0.0,0.0
2022-10-03 00:00:00-04:00,31.049999237060547,31.950000762939453,29.25,30.75,4233,0.0,0.0
2022-10-04 00:00:00-04:00,31.5,31.5,30.0,30.75,1287,0.0,0.0
2022-10-05 00:00:00-04:00,30.149999618530273,31.350000381469727,30.149999618530273,30.600000381469727,1467,0.0,0.0
2022-10-06 00:00:00-04:00,31.200000762939453,32.54999923706055,30.75,32.099998474121094,5527,0.0,0.0
2022-10-07 00:00:00-04:00,32.25,32.70000076293945,30.600000381469727,31.350000381469727,3353,0.0,0.0
2022-10-10 00:00:00-04:00,31.649999618530273,31.649999618530273,30.600000381469727,31.200000762939453,1647,0.0,0.0
2022-10-11 00:00:00-04:00,30.600000381469727,32.099998474121094,30.600000381469727,31.5,2173,0.0,0.0
2022-10-12 00:00:00-04:00,31.5,32.25,31.200000762939453,31.350000381469727,527,0.0,0.0
2022-10-13 00:00:00-04:00,31.049999237060547,31.5,30.899999618530273,31.350000381469727,727,0.0,0.0
2022-10-14 00:00:00-04:00,31.200000762939453,32.25,30.899999618530273,31.350000381469727,2147,0.0,0.0
2022-10-17 00:00:00-04:00,31.5,31.5,30.149999618530273,30.600000381469727,2273,0.0,0.0
2022-10-18 00:00:00-04:00,31.350000381469727,32.099998474121094,30.899999618530273,30.899999618530273,1667,0.0,0.0
2022-10-19 00:00:00-04:00,31.200000762939453,31.5,30.299999237060547,30.299999237060547,427,0.0,0.0
2022-10-20 00:00:00-04:00,30.450000762939453,31.5,30.299999237060547,31.049999237060547,1307,0.0,0.0
2022-10-21 00:00:00-04:00,31.5,31.5,30.450000762939453,30.899999618530273,847,0.0,0.0
2022-10-24 00:00:00-04:00,30.600000381469727,30.899999618530273,29.399999618530273,30.450000762939453,1040,0.0,0.0
2022-10-25 00:00:00-04:00,30.149999618530273,30.899999618530273,29.549999237060547,29.850000381469727,1960,0.0,0.0
2022-10-26 00:00:00-04:00,30.299999237060547,30.299999237060547,29.549999237060547,29.700000762939453,393,0.0,0.0
2022-10-27 00:00:00-04:00,29.549999237060547,30.149999618530273,29.549999237060547,29.549999237060547,1140,0.0,0.0
2022-10-28 00:00:00-04:00,29.399999618530273,30.149999618530273,29.399999618530273,29.700000762939453,1253,0.0,0.0
2022-10-31 00:00:00-04:00,30.450000762939453,30.450000762939453,29.100000381469727,29.25,1233,0.0,0.0
2022-11-01 00:00:00-04:00,29.549999237060547,29.700000762939453,29.100000381469727,29.100000381469727,1073,0.0,0.0
2022-11-02 00:00:00-04:00,29.100000381469727,29.700000762939453,28.950000762939453,29.549999237060547,727,0.0,0.0
2022-11-03 00:00:00-04:00,29.399999618530273,29.700000762939453,28.200000762939453,29.100000381469727,680,0.0,0.0
2022-11-04 00:00:00-04:00,29.700000762939453,29.700000762939453,27.299999237060547,27.75,1240,0.0,0.0
2022-11-07 00:00:00-05:00,27.149999618530273,28.5,27.149999618530273,28.049999237060547,1747,0.0,0.0
2022-11-08 00:00:00-05:00,27.75,28.649999618530273,27.450000762939453,27.75,407,0.0,0.0
2022-11-09 00:00:00-05:00,27.299999237060547,29.100000381469727,27.299999237060547,28.799999237060547,1133,0.0,0.0
2022-11-10 00:00:00-05:00,29.100000381469727,29.25,27.299999237060547,27.899999618530273,1940,0.0,0.0
2022-11-11 00:00:00-05:00,27.75,28.350000381469727,27.149999618530273,27.75,1160,0.0,0.0
2022-11-14 00:00:00-05:00,28.049999237060547,28.200000762939453,26.25,28.049999237060547,680,0.0,0.0
2022-11-15 00:00:00-05:00,28.049999237060547,28.200000762939453,27.299999237060547,28.200000762939453,720,0.0,0.0
2022-11-16 00:00:00-05:00,28.200000762939453,28.200000762939453,27.299999237060547,27.600000381469727,500,0.0,0.0
2022-11-17 00:00:00-05:00,27.899999618530273,28.049999237060547,27.149999618530273,27.899999618530273,280,0.0,0.0
2022-11-18 00:00:00-05:00,28.5,29.100000381469727,28.049999237060547,28.049999237060547,260,0.0,0.0
2022-11-21 00:00:00-05:00,28.5,29.399999618530273,27.450000762939453,28.049999237060547,2267,0.0,0.0
2022-11-22 00:00:00-05:00,27.75,28.5,27.299999237060547,27.600000381469727,1147,0.0,0.0
2022-11-23 00:00:00-05:00,27.600000381469727,28.200000762939453,26.549999237060547,27.299999237060547,1167,0.0,0.0
2022-11-25 00:00:00-05:00,27.75,27.899999618530273,27.149999618530273,27.899999618530273,247,0.0,0.0
2022-11-28 00:00:00-05:00,26.850000381469727,28.049999237060547,26.700000762939453,27.75,513,0.0,0.0
2022-11-29 00:00:00-05:00,26.25,28.200000762939453,26.25,27.75,1053,0.0,0.0
2022-11-30 00:00:00-05:00,27.75,27.75,25.799999237060547,27.75,3373,0.0,0.0
2022-12-01 00:00:00-05:00,26.549999237060547,27.75,26.549999237060547,27.149999618530273,447,0.0,0.0
2022-12-02 00:00:00-05:00,26.850000381469727,27.299999237060547,26.850000381469727,26.850000381469727,553,0.0,0.0
2022-12-05 00:00:00-05:00,26.850000381469727,27.600000381469727,26.700000762939453,27.149999618530273,1340,0.0,0.0
2022-12-06 00:00:00-05:00,27.149999618530273,29.850000381469727,25.950000762939453,27.299999237060547,72127,0.0,0.0
2022-12-07 00:00:00-05:00,28.5,28.5,25.350000381469727,26.399999618530273,3287,0.0,0.0
2022-12-08 00:00:00-05:00,25.649999618530273,25.950000762939453,24.0,24.149999618530273,4740,0.0,0.0
2022-12-09 00:00:00-05:00,24.75,27.0,24.450000762939453,25.950000762939453,7433,0.0,0.0
2022-12-12 00:00:00-05:00,25.950000762939453,25.950000762939453,24.0,24.600000381469727,1753,0.0,0.0
2022-12-13 00:00:00-05:00,24.899999618530273,25.200000762939453,23.399999618530273,24.75,1800,0.0,0.0
2022-12-14 00:00:00-05:00,24.450000762939453,27.0,23.850000381469727,26.100000381469727,1813,0.0,0.0
2022-12-15 00:00:00-05:00,23.850000381469727,26.25,23.850000381469727,25.649999618530273,3760,0.0,0.0
2022-12-16 00:00:00-05:00,25.200000762939453,26.549999237060547,24.600000381469727,25.649999618530273,440,0.0,0.0
2022-12-19 00:00:00-05:00,25.799999237060547,26.25,24.75,25.049999237060547,2253,0.0,0.0
2022-12-20 00:00:00-05:00,24.75,25.950000762939453,23.850000381469727,25.200000762939453,773,0.0,0.0
2022-12-21 00:00:00-05:00,26.850000381469727,27.299999237060547,26.100000381469727,26.850000381469727,2567,0.0,0.0
2022-12-22 00:00:00-05:00,26.549999237060547,27.600000381469727,26.100000381469727,27.299999237060547,3700,0.0,0.0
2022-12-23 00:00:00-05:00,27.0,27.600000381469727,27.0,27.149999618530273,1300,0.0,0.0
2022-12-27 00:00:00-05:00,27.0,28.049999237060547,27.0,27.450000762939453,1227,0.0,0.0
2022-12-28 00:00:00-05:00,27.600000381469727,28.049999237060547,27.299999237060547,27.299999237060547,2587,0.0,0.0
2022-12-29 00:00:00-05:00,28.200000762939453,28.200000762939453,27.299999237060547,28.049999237060547,473,0.0,0.0
2022-12-30 00:00:00-05:00,28.049999237060547,31.5,28.049999237060547,31.350000381469727,6273,0.0,0.0
2023-01-03 00:00:00-05:00,31.5,33.0,31.350000381469727,32.54999923706055,4753,0.0,0.0
2023-01-04 00:00:00-05:00,32.849998474121094,32.849998474121094,31.649999618530273,32.849998474121094,2147,0.0,0.0
2023-01-05 00:00:00-05:00,32.849998474121094,33.0,32.25,32.70000076293945,1027,0.0,0.0
2023-01-06 00:00:00-05:00,32.099998474121094,36.599998474121094,31.799999237060547,35.849998474121094,9493,0.0,0.0
2023-01-09 00:00:00-05:00,35.25,35.849998474121094,34.20000076293945,34.349998474121094,2753,0.0,0.0
2023-01-10 00:00:00-05:00,36.0,36.150001525878906,34.79999923706055,35.400001525878906,1660,0.0,0.0
2023-01-11 00:00:00-05:00,35.849998474121094,36.0,34.650001525878906,34.650001525878906,1407,0.0,0.0
2023-01-12 00:00:00-05:00,35.54999923706055,35.54999923706055,33.75,35.25,1713,0.0,0.0
2023-01-13 00:00:00-05:00,34.04999923706055,35.25,34.04999923706055,34.349998474121094,2940,0.0,0.0
2023-01-17 00:00:00-05:00,34.5,35.849998474121094,34.04999923706055,34.95000076293945,2693,0.0,0.0
2023-01-18 00:00:00-05:00,34.650001525878906,35.54999923706055,34.650001525878906,35.099998474121094,2213,0.0,0.0
2023-01-19 00:00:00-05:00,34.20000076293945,35.849998474121094,34.04999923706055,35.400001525878906,1427,0.0,0.0
2023-01-20 00:00:00-05:00,35.849998474121094,35.849998474121094,35.25,35.25,887,0.0,0.0
2023-01-23 00:00:00-05:00,35.25,35.70000076293945,34.5,34.650001525878906,893,0.0,0.0
2023-01-24 00:00:00-05:00,34.79999923706055,35.25,33.29999923706055,35.25,2200,0.0,0.0
2023-01-25 00:00:00-05:00,35.25,35.849998474121094,34.349998474121094,35.849998474121094,1293,0.0,0.0
2023-01-26 00:00:00-05:00,35.849998474121094,37.04999923706055,34.95000076293945,35.25,2867,0.0,0.0
2023-01-27 00:00:00-05:00,34.79999923706055,36.75,34.79999923706055,36.29999923706055,3380,0.0,0.0
2023-01-30 00:00:00-05:00,37.20000076293945,38.54999923706055,36.29999923706055,37.95000076293945,3647,0.0,0.0
2023-01-31 00:00:00-05:00,38.54999923706055,39.0,37.04999923706055,38.099998474121094,3787,0.0,0.0
2023-02-01 00:00:00-05:00,36.900001525878906,37.04999923706055,35.099998474121094,35.25,3447,0.0,0.0
2023-02-02 00:00:00-05:00,36.29999923706055,36.75,35.25,35.70000076293945,3600,0.0,0.0
2023-02-03 00:00:00-05:00,35.54999923706055,36.45000076293945,35.25,35.70000076293945,3367,0.0,0.0
2023-02-06 00:00:00-05:00,35.25,36.45000076293945,35.25,36.150001525878906,1140,0.0,0.0
2023-02-07 00:00:00-05:00,37.79999923706055,37.79999923706055,36.0,36.0,3833,0.0,0.0
2023-02-08 00:00:00-05:00,35.54999923706055,36.0,34.5,34.5,2060,0.0,0.0
2023-02-09 00:00:00-05:00,34.5,34.5,32.849998474121094,33.29999923706055,580,0.0,0.0
2023-02-10 00:00:00-05:00,32.849998474121094,33.45000076293945,30.899999618530273,33.45000076293945,1380,0.0,0.0
2023-02-13 00:00:00-05:00,33.75,33.75,32.849998474121094,33.150001525878906,553,0.0,0.0
2023-02-14 00:00:00-05:00,33.599998474121094,33.75,32.099998474121094,32.099998474121094,1527,0.0,0.0
2023-02-15 00:00:00-05:00,31.649999618530273,33.599998474121094,31.5,33.45000076293945,2880,0.0,0.0
2023-02-16 00:00:00-05:00,33.45000076293945,34.20000076293945,33.0,34.04999923706055,613,0.0,0.0
2023-02-17 00:00:00-05:00,33.900001525878906,35.70000076293945,33.29999923706055,35.70000076293945,1340,0.0,0.0
2023-02-21 00:00:00-05:00,34.95000076293945,35.400001525878906,33.29999923706055,34.5,800,0.0,0.0
2023-02-22 00:00:00-05:00,32.099998474121094,34.650001525878906,31.950000762939453,33.0,1813,0.0,0.0
2023-02-23 00:00:00-05:00,32.400001525878906,34.5,32.400001525878906,32.54999923706055,1113,0.0,0.0
2023-02-24 00:00:00-05:00,33.150001525878906,33.29999923706055,32.54999923706055,32.54999923706055,973,0.0,0.0
2023-02-27 00:00:00-05:00,32.400001525878906,33.0,31.950000762939453,32.70000076293945,1273,0.0,0.0
2023-02-28 00:00:00-05:00,32.400001525878906,33.150001525878906,32.400001525878906,33.0,773,0.0,0.0
2023-03-01 00:00:00-05:00,32.70000076293945,33.29999923706055,32.25,32.25,767,0.0,0.0
2023-03-02 00:00:00-05:00,32.099998474121094,32.849998474121094,31.649999618530273,32.849998474121094,627,0.0,0.0
2023-03-03 00:00:00-05:00,32.70000076293945,33.75,32.70000076293945,33.75,420,0.0,0.0
2023-03-06 00:00:00-05:00,33.0,34.04999923706055,32.400001525878906,33.0,6620,0.0,0.0
2023-03-07 00:00:00-05:00,32.70000076293945,33.29999923706055,32.70000076293945,32.70000076293945,833,0.0,0.0
2023-03-08 00:00:00-05:00,33.0,33.150001525878906,32.54999923706055,33.0,480,0.0,0.0
2023-03-09 00:00:00-05:00,33.0,33.150001525878906,31.5,31.5,2447,0.0,0.0
2023-03-10 00:00:00-05:00,31.5,32.849998474121094,30.75,30.75,3287,0.0,0.0
2023-03-13 00:00:00-04:00,31.350000381469727,31.350000381469727,28.649999618530273,29.700000762939453,1967,0.0,0.0
2023-03-14 00:00:00-04:00,30.149999618530273,30.600000381469727,30.0,30.0,1147,0.0,0.0
2023-03-15 00:00:00-04:00,29.399999618530273,30.450000762939453,29.399999618530273,29.549999237060547,1493,0.0,0.0
2023-03-16 00:00:00-04:00,30.0,30.600000381469727,29.549999237060547,29.850000381469727,593,0.0,0.0
2023-03-17 00:00:00-04:00,30.450000762939453,30.450000762939453,29.25,29.25,1313,0.0,0.0
2023-03-20 00:00:00-04:00,29.25,29.399999618530273,28.350000381469727,28.350000381469727,987,0.0,0.0
2023-03-21 00:00:00-04:00,28.350000381469727,29.549999237060547,27.899999618530273,28.049999237060547,1347,0.0,0.0
2023-03-22 00:00:00-04:00,28.5,30.149999618530273,27.899999618530273,30.0,2553,0.0,0.0
2023-03-23 00:00:00-04:00,30.0,31.049999237060547,30.0,30.600000381469727,760,0.0,0.0
2023-03-24 00:00:00-04:00,28.950000762939453,31.350000381469727,28.950000762939453,30.899999618530273,1820,0.0,0.0
2023-03-27 00:00:00-04:00,31.350000381469727,31.5,30.75,31.5,540,0.0,0.0
2023-03-28 00:00:00-04:00,31.5,32.70000076293945,31.5,32.54999923706055,1173,0.0,0.0
2023-03-29 00:00:00-04:00,32.54999923706055,32.54999923706055,30.899999618530273,31.049999237060547,2607,0.0,0.0
2023-03-30 00:00:00-04:00,30.299999237060547,31.350000381469727,29.100000381469727,29.100000381469727,2553,0.0,0.0
2023-03-31 00:00:00-04:00,29.100000381469727,29.399999618530273,28.5,29.25,953,0.0,0.0
2023-04-03 00:00:00-04:00,29.549999237060547,30.299999237060547,29.549999237060547,30.0,1533,0.0,0.0
2023-04-04 00:00:00-04:00,29.399999618530273,30.899999618530273,29.399999618530273,30.0,3120,0.0,0.0
2023-04-05 00:00:00-04:00,30.0,31.200000762939453,28.649999618530273,30.0,1180,0.0,0.0
2023-04-06 00:00:00-04:00,29.549999237060547,31.200000762939453,29.549999237060547,30.0,120,0.0,0.0
2023-04-10 00:00:00-04:00,29.549999237060547,31.049999237060547,28.799999237060547,30.0,1440,0.0,0.0
2023-04-11 00:00:00-04:00,29.549999237060547,30.75,29.100000381469727,29.700000762939453,940,0.0,0.0
2023-04-12 00:00:00-04:00,29.100000381469727,29.850000381469727,28.649999618530273,28.649999618530273,767,0.0,0.0
2023-04-13 00:00:00-04:00,29.700000762939453,31.049999237060547,29.549999237060547,30.149999618530273,813,0.0,0.0
2023-04-14 00:00:00-04:00,29.399999618530273,30.299999237060547,29.399999618530273,29.399999618530273,793,0.0,0.0
2023-04-17 00:00:00-04:00,29.549999237060547,30.899999618530273,29.549999237060547,30.899999618530273,560,0.0,0.0
2023-04-18 00:00:00-04:00,30.899999618530273,30.899999618530273,29.700000762939453,30.0,1700,0.0,0.0
2023-04-19 00:00:00-04:00,30.0,30.75,29.399999618530273,30.0,900,0.0,0.0
2023-04-20 00:00:00-04:00,29.399999618530273,30.450000762939453,29.399999618530273,29.549999237060547,293,0.0,0.0
2023-04-21 00:00:00-04:00,29.700000762939453,30.149999618530273,29.700000762939453,30.149999618530273,267,0.0,0.0
2023-04-24 00:00:00-04:00,29.399999618530273,30.450000762939453,29.399999618530273,30.299999237060547,313,0.0,0.0
2023-04-25 00:00:00-04:00,30.0,30.75,29.850000381469727,30.0,567,0.0,0.0
2023-04-26 00:00:00-04:00,29.700000762939453,30.75,29.700000762939453,30.299999237060547,927,0.0,0.0
2023-04-27 00:00:00-04:00,30.299999237060547,30.450000762939453,29.549999237060547,30.299999237060547,800,0.0,0.0
2023-04-28 00:00:00-04:00,30.600000381469727,31.950000762939453,30.299999237060547,30.899999618530273,1640,0.0,0.0
2023-05-01 00:00:00-04:00,30.600000381469727,31.350000381469727,29.25,29.850000381469727,1680,0.0,0.0
2023-05-02 00:00:00-04:00,30.0,30.600000381469727,29.549999237060547,30.450000762939453,300,0.0,0.0
2023-05-03 00:00:00-04:00,30.299999237060547,30.899999618530273,29.700000762939453,30.0,1073,0.0,0.0
2023-05-04 00:00:00-04:00,30.450000762939453,31.049999237060547,30.0,31.049999237060547,500,0.0,0.0
2023-05-05 00:00:00-04:00,31.350000381469727,31.950000762939453,30.0,30.0,1453,0.0,0.0
2023-05-08 00:00:00-04:00,29.25,30.600000381469727,29.25,30.600000381469727,1320,0.0,0.0
2023-05-09 00:00:00-04:00,30.149999618530273,30.299999237060547,29.399999618530273,29.700000762939453,1480,0.0,0.0
2023-05-10 00:00:00-04:00,29.25,30.299999237060547,29.100000381469727,29.850000381469727,660,0.0,0.0
2023-05-11 00:00:00-04:00,29.850000381469727,30.899999618530273,29.100000381469727,30.0,1433,0.0,0.0
2023-05-12 00:00:00-04:00,30.149999618530273,30.75,28.950000762939453,28.950000762939453,5080,0.0,0.0
2023-05-15 00:00:00-04:00,28.649999618530273,29.25,27.149999618530273,27.75,2973,0.0,0.0
2023-05-16 00:00:00-04:00,27.75,28.200000762939453,26.850000381469727,27.0,520,0.0,0.0
2023-05-17 00:00:00-04:00,27.0,27.0,25.5,25.5,2947,0.0,0.0
2023-05-18 00:00:00-04:00,25.799999237060547,26.850000381469727,25.049999237060547,25.5,8293,0.0,0.0
2023-05-19 00:00:00-04:00,26.25,26.25,25.049999237060547,25.049999237060547,9287,0.0,0.0
2023-05-22 00:00:00-04:00,25.350000381469727,26.700000762939453,25.200000762939453,25.350000381469727,2560,0.0,0.0
2023-05-23 00:00:00-04:00,25.5,25.799999237060547,25.049999237060547,25.200000762939453,4420,0.0,0.0
2023-05-24 00:00:00-04:00,25.350000381469727,25.799999237060547,24.600000381469727,24.600000381469727,1767,0.0,0.0
2023-05-25 00:00:00-04:00,24.600000381469727,24.75,22.799999237060547,22.799999237060547,10513,0.0,0.0
2023-05-26 00:00:00-04:00,22.950000762939453,29.25,22.950000762939453,27.899999618530273,3747,0.0,0.0
2023-05-30 00:00:00-04:00,25.350000381469727,27.299999237060547,25.200000762939453,26.549999237060547,3667,0.0,0.0
2023-05-31 00:00:00-04:00,26.25,29.100000381469727,26.25,26.549999237060547,6053,0.0,0.0
2023-06-01 00:00:00-04:00,27.75,27.75,26.700000762939453,27.0,733,0.0,0.0
2023-06-02 00:00:00-04:00,27.299999237060547,28.649999618530273,27.149999618530273,28.350000381469727,633,0.0,0.0
2023-06-05 00:00:00-04:00,28.5,28.649999618530273,28.200000762939453,28.5,547,0.0,0.0
2023-06-06 00:00:00-04:00,28.200000762939453,29.549999237060547,28.200000762939453,29.25,987,0.0,0.0
2023-06-07 00:00:00-04:00,28.200000762939453,30.149999618530273,28.200000762939453,29.850000381469727,1080,0.0,0.0
2023-06-08 00:00:00-04:00,30.75,32.849998474121094,30.600000381469727,31.799999237060547,2873,0.0,0.0
2023-06-09 00:00:00-04:00,32.70000076293945,32.70000076293945,31.350000381469727,31.799999237060547,1360,0.0,0.0
2023-06-12 00:00:00-04:00,32.25,33.75,32.099998474121094,33.75,2420,0.0,0.0
2023-06-13 00:00:00-04:00,34.95000076293945,35.400001525878906,33.45000076293945,34.79999923706055,1447,0.0,0.0
2023-06-14 00:00:00-04:00,35.849998474121094,35.849998474121094,31.950000762939453,33.599998474121094,1360,0.0,0.0
2023-06-15 00:00:00-04:00,32.54999923706055,34.349998474121094,32.25,34.349998474121094,1293,0.0,0.0
2023-06-16 00:00:00-04:00,33.900001525878906,36.150001525878906,32.400001525878906,35.099998474121094,5580,0.0,0.0
2023-06-20 00:00:00-04:00,36.150001525878906,37.5,34.95000076293945,37.349998474121094,2547,0.0,0.0
2023-06-21 00:00:00-04:00,38.849998474121094,43.79999923706055,37.79999923706055,42.0,16800,0.0,0.0
2023-06-22 00:00:00-04:00,39.75,40.04999923706055,35.400001525878906,35.849998474121094,9780,0.0,0.0
2023-06-23 00:00:00-04:00,35.54999923706055,40.349998474121094,35.400001525878906,38.70000076293945,9207,0.0,0.0
2023-06-26 00:00:00-04:00,39.45000076293945,40.20000076293945,37.650001525878906,38.849998474121094,2060,0.0,0.0
2023-06-27 00:00:00-04:00,39.150001525878906,39.150001525878906,37.650001525878906,38.54999923706055,1087,0.0,0.0
2023-06-28 00:00:00-04:00,37.5,41.70000076293945,36.900001525878906,40.79999923706055,3213,0.0,0.0
2023-06-29 00:00:00-04:00,41.400001525878906,41.400001525878906,38.54999923706055,39.75,887,0.0,0.0
2023-06-30 00:00:00-04:00,39.900001525878906,41.099998474121094,37.650001525878906,40.04999923706055,3120,0.0,0.0
2023-07-03 00:00:00-04:00,40.5,40.5,38.849998474121094,39.29999923706055,760,0.0,0.0
2023-07-05 00:00:00-04:00,39.900001525878906,42.0,38.70000076293945,41.25,3087,0.0,0.0
2023-07-06 00:00:00-04:00,41.70000076293945,41.849998474121094,37.95000076293945,39.900001525878906,3453,0.0,0.0
2023-07-07 00:00:00-04:00,39.75,41.849998474121094,39.75,41.849998474121094,1040,0.0,0.0
2023-07-10 00:00:00-04:00,41.849998474121094,42.45000076293945,40.5,41.70000076293945,1267,0.0,0.0
2023-07-11 00:00:00-04:00,42.599998474121094,43.20000076293945,41.25,42.75,5400,0.0,0.0
2023-07-12 00:00:00-04:00,41.54999923706055,42.0,40.650001525878906,41.099998474121094,4333,0.0,0.0
2023-07-13 00:00:00-04:00,40.650001525878906,41.54999923706055,36.75,37.650001525878906,8207,0.0,0.0
2023-07-14 00:00:00-04:00,39.599998474121094,39.599998474121094,31.799999237060547,34.95000076293945,6480,0.0,0.0
2023-07-17 00:00:00-04:00,34.95000076293945,37.650001525878906,34.95000076293945,37.20000076293945,2067,0.0,0.0
2023-07-18 00:00:00-04:00,36.75,38.099998474121094,36.75,36.900001525878906,753,0.0,0.0
2023-07-19 00:00:00-04:00,35.849998474121094,37.79999923706055,33.900001525878906,33.900001525878906,8780,0.0,0.0
2023-07-20 00:00:00-04:00,33.45000076293945,35.400001525878906,33.45000076293945,34.5,1027,0.0,0.0
2023-07-21 00:00:00-04:00,34.79999923706055,34.79999923706055,29.25,29.700000762939453,11387,0.0,0.0
2023-07-24 00:00:00-04:00,19.799999237060547,19.799999237060547,15.0,16.5,98160,0.0,0.0
2023-07-25 00:00:00-04:00,16.950000762939453,16.950000762939453,15.449999809265137,15.75,23153,0.0,0.0
2023-07-26 00:00:00-04:00,16.200000762939453,16.200000762939453,14.850000381469727,15.0,21673,0.0,0.0
2023-07-27 00:00:00-04:00,15.0,15.149999618530273,13.199999809265137,13.5,29260,0.0,0.0
2023-07-28 00:00:00-04:00,13.199999809265137,14.699999809265137,13.199999809265137,14.699999809265137,12027,0.0,0.0
2023-07-31 00:00:00-04:00,13.949999809265137,15.449999809265137,13.949999809265137,15.449999809265137,18800,0.0,0.0
2023-08-01 00:00:00-04:00,15.0,15.600000381469727,14.550000190734863,14.550000190734863,5853,0.0,0.0
2023-08-02 00:00:00-04:00,15.149999618530273,15.149999618530273,13.649999618530273,14.850000381469727,11020,0.0,0.0
2023-08-03 00:00:00-04:00,15.149999618530273,15.300000190734863,14.399999618530273,14.550000190734863,2367,0.0,0.0
2023-08-04 00:00:00-04:00,14.25,14.699999809265137,13.649999618530273,13.949999809265137,6247,0.0,0.0
2023-08-07 00:00:00-04:00,14.25,14.25,13.649999618530273,13.649999618530273,2947,0.0,0.0
2023-08-08 00:00:00-04:00,13.649999618530273,13.800000190734863,12.75,12.75,8267,0.0,0.0
2023-08-09 00:00:00-04:00,12.75,13.800000190734863,12.75,13.649999618530273,4727,0.0,0.0
2023-08-10 00:00:00-04:00,13.350000381469727,13.649999618530273,12.899999618530273,13.649999618530273,1913,0.0,0.0
2023-08-11 00:00:00-04:00,14.25,14.25,13.050000190734863,13.350000381469727,1847,0.0,0.0
2023-08-14 00:00:00-04:00,13.5,13.5,13.050000190734863,13.350000381469727,1027,0.0,0.0
2023-08-15 00:00:00-04:00,13.050000190734863,13.350000381469727,13.050000190734863,13.199999809265137,1153,0.0,0.0
2023-08-16 00:00:00-04:00,13.050000190734863,13.050000190734863,12.75,12.899999618530273,1620,0.0,0.0
2023-08-17 00:00:00-04:00,12.75,13.199999809265137,12.75,12.75,5740,0.0,0.0
2023-08-18 00:00:00-04:00,13.800000190734863,13.800000190734863,12.600000381469727,12.899999618530273,1760,0.0,0.0
2023-08-21 00:00:00-04:00,12.600000381469727,13.050000190734863,12.600000381469727,13.050000190734863,1160,0.0,0.0
2023-08-22 00:00:00-04:00,12.899999618530273,13.050000190734863,12.75,13.050000190734863,780,0.0,0.0
2023-08-23 00:00:00-04:00,12.899999618530273,12.899999618530273,12.75,12.899999618530273,960,0.0,0.0
2023-08-24 00:00:00-04:00,12.75,13.050000190734863,12.300000190734863,12.75,3513,0.0,0.0
2023-08-25 00:00:00-04:00,12.600000381469727,12.600000381469727,12.300000190734863,12.600000381469727,1433,0.0,0.0
2023-08-28 00:00:00-04:00,12.300000190734863,12.899999618530273,12.0,12.0,1967,0.0,0.0
2023-08-29 00:00:00-04:00,12.0,12.0,11.550000190734863,12.0,2213,0.0,0.0
2023-08-30 00:00:00-04:00,12.300000190734863,12.300000190734863,11.550000190734863,12.300000190734863,1580,0.0,0.0
2023-08-31 00:00:00-04:00,12.449999809265137,12.449999809265137,11.699999809265137,11.699999809265137,1007,0.0,0.0
2023-09-01 00:00:00-04:00,11.699999809265137,12.0,11.399999618530273,11.699999809265137,553,0.0,0.0
2023-09-05 00:00:00-04:00,10.5,10.5,8.100000381469727,8.699999809265137,29813,0.0,0.0
2023-09-06 00:00:00-04:00,8.25,8.25,7.650000095367432,7.650000095367432,11247,0.0,0.0
2023-09-07 00:00:00-04:00,8.100000381469727,8.100000381469727,7.199999809265137,7.5,8100,0.0,0.0
2023-09-08 00:00:00-04:00,7.800000190734863,7.800000190734863,6.75,6.900000095367432,21513,0.0,0.0
2023-09-11 00:00:00-04:00,7.050000190734863,7.5,6.449999809265137,6.599999904632568,15547,0.0,0.0
2023-09-12 00:00:00-04:00,6.449999809265137,6.900000095367432,6.449999809265137,6.599999904632568,11700,0.0,0.0
2023-09-13 00:00:00-04:00,7.050000190734863,7.050000190734863,6.150000095367432,6.300000190734863,15333,0.0,0.0
2023-09-14 00:00:00-04:00,6.300000190734863,6.449999809265137,6.0,6.0,4627,0.0,0.0
2023-09-15 00:00:00-04:00,5.849999904632568,6.150000095367432,5.849999904632568,6.0,9560,0.0,0.0
2023-09-18 00:00:00-04:00,6.0,6.0,5.550000190734863,5.550000190734863,4133,0.0,0.0
2023-09-19 00:00:00-04:00,5.550000190734863,6.0,5.400000095367432,5.699999809265137,16587,0.0,0.0
2023-09-20 00:00:00-04:00,6.0,6.150000095367432,5.699999809265137,5.849999904632568,34767,0.0,0.0
2023-09-21 00:00:00-04:00,6.150000095367432,6.150000095367432,5.699999809265137,5.699999809265137,24720,0.0,0.0
2023-09-22 00:00:00-04:00,5.699999809265137,6.150000095367432,5.699999809265137,6.150000095367432,18720,0.0,0.0
2023-09-25 00:00:00-04:00,6.300000190734863,6.300000190734863,6.0,6.150000095367432,3607,0.0,0.0
2023-09-26 00:00:00-04:00,6.150000095367432,6.300000190734863,6.0,6.150000095367432,2280,0.0,0.0
2023-09-27 00:00:00-04:00,6.150000095367432,6.449999809265137,6.150000095367432,6.300000190734863,5167,0.0,0.0
2023-09-28 00:00:00-04:00,6.449999809265137,6.599999904632568,6.150000095367432,6.449999809265137,1000,0.0,0.0
2023-09-29 00:00:00-04:00,6.449999809265137,6.599999904632568,6.300000190734863,6.449999809265137,1587,0.0,0.0
2023-10-02 00:00:00-04:00,6.599999904632568,6.599999904632568,6.150000095367432,6.449999809265137,2327,0.0,0.0
2023-10-03 00:00:00-04:00,6.300000190734863,6.449999809265137,6.0,6.150000095367432,1807,0.0,0.0
2023-10-04 00:00:00-04:00,5.849999904632568,6.599999904632568,5.849999904632568,6.0,4380,0.0,0.0
2023-10-05 00:00:00-04:00,6.150000095367432,6.300000190734863,5.699999809265137,5.699999809265137,1033,0.0,0.0
2023-10-06 00:00:00-04:00,6.0,6.599999904632568,5.699999809265137,6.0,12920,0.0,0.0
2023-10-09 00:00:00-04:00,6.150000095367432,6.150000095367432,5.550000190734863,5.699999809265137,3227,0.0,0.0
2023-10-10 00:00:00-04:00,5.699999809265137,5.849999904632568,5.550000190734863,5.849999904632568,5380,0.0,0.0
2023-10-11 00:00:00-04:00,6.150000095367432,7.800000190734863,5.699999809265137,7.5,87620,0.0,0.0
2023-10-12 00:00:00-04:00,7.650000095367432,7.650000095367432,6.449999809265137,6.449999809265137,13067,0.0,0.0
2023-10-13 00:00:00-04:00,6.599999904632568,7.199999809265137,6.0,6.599999904632568,7600,0.0,0.0
2023-10-16 00:00:00-04:00,6.599999904632568,6.599999904632568,6.0,6.300000190734863,2853,0.0,0.0
2023-10-17 00:00:00-04:00,6.0,6.599999904632568,6.0,6.150000095367432,4140,0.0,0.0
2023-10-18 00:00:00-04:00,6.150000095367432,6.449999809265137,6.0,6.0,5593,0.0,0.0
2023-10-19 00:00:00-04:00,6.150000095367432,6.449999809265137,5.849999904632568,5.849999904632568,1787,0.0,0.0
2023-10-20 00:00:00-04:00,6.150000095367432,6.150000095367432,5.699999809265137,5.849999904632568,4840,0.0,0.0
2023-10-23 00:00:00-04:00,5.849999904632568,6.0,5.550000190734863,5.699999809265137,1887,0.0,0.0
2023-10-24 00:00:00-04:00,6.0,6.0,5.699999809265137,5.849999904632568,1307,0.0,0.0
2023-10-25 00:00:00-04:00,6.0,6.0,5.699999809265137,6.0,2653,0.0,0.0
2023-10-26 00:00:00-04:00,5.849999904632568,5.849999904632568,5.699999809265137,5.849999904632568,1000,0.0,0.0
2023-10-27 00:00:00-04:00,5.849999904632568,5.849999904632568,5.699999809265137,5.699999809265137,2220,0.0,0.0
2023-10-30 00:00:00-04:00,5.849999904632568,5.849999904632568,5.550000190734863,5.699999809265137,1500,0.0,0.0
2023-10-31 00:00:00-04:00,5.849999904632568,5.849999904632568,5.400000095367432,5.550000190734863,4580,0.0,0.0
2023-11-01 00:00:00-04:00,5.400000095367432,5.699999809265137,5.400000095367432,5.699999809265137,147,0.0,0.0
2023-11-02 00:00:00-04:00,5.550000190734863,5.699999809265137,5.550000190734863,5.699999809265137,1620,0.0,0.0
2023-11-03 00:00:00-04:00,5.400000095367432,6.599999904632568,5.400000095367432,6.0,7140,0.0,0.0
2023-11-06 00:00:00-05:00,5.849999904632568,6.599999904632568,5.849999904632568,6.150000095367432,727,0.0,0.0
2023-11-07 00:00:00-05:00,6.150000095367432,6.599999904632568,6.150000095367432,6.150000095367432,2453,0.0,0.0
2023-11-08 00:00:00-05:00,6.150000095367432,6.599999904632568,6.150000095367432,6.599999904632568,3067,0.0,0.0
2023-11-09 00:00:00-05:00,6.449999809265137,6.449999809265137,6.150000095367432,6.150000095367432,4607,0.0,0.0
2023-11-10 00:00:00-05:00,6.150000095367432,6.300000190734863,5.849999904632568,5.849999904632568,3380,0.0,0.0
2023-11-13 00:00:00-05:00,6.150000095367432,6.599999904632568,5.849999904632568,6.0,993,0.0,0.0
2023-11-14 00:00:00-05:00,19.350000381469727,23.25,14.850000381469727,16.049999237060547,9053733,0.0,0.0
2023-11-15 00:00:00-05:00,15.899999618530273,16.5,12.449999809265137,14.25,501360,0.0,0.0
2023-11-16 00:00:00-05:00,12.600000381469727,14.399999618530273,10.5,12.0,316787,0.0,0.0
2023-11-17 00:00:00-05:00,10.800000190734863,12.0,10.649999618530273,10.800000190734863,117940,0.0,0.0
2023-11-20 00:00:00-05:00,11.100000381469727,11.550000190734863,10.5,10.800000190734863,64860,0.0,0.0
2023-11-21 00:00:00-05:00,10.5,10.649999618530273,9.149999618530273,9.449999809265137,40967,0.0,0.0
2023-11-22 00:00:00-05:00,9.149999618530273,10.199999809265137,8.850000381469727,9.75,63527,0.0,0.0
2023-11-24 00:00:00-05:00,9.600000381469727,10.949999809265137,9.0,10.649999618530273,28727,0.0,0.0
2023-11-27 00:00:00-05:00,10.5,10.649999618530273,9.899999618530273,10.350000381469727,16807,0.0,0.0
2023-11-28 00:00:00-05:00,10.050000190734863,10.350000381469727,9.0,10.350000381469727,34580,0.0,0.0
2023-11-29 00:00:00-05:00,9.899999618530273,10.649999618530273,9.449999809265137,10.199999809265137,150520,0.0,0.0
2023-11-30 00:00:00-05:00,9.75,10.350000381469727,8.850000381469727,9.300000190734863,35927,0.0,0.0
2023-12-01 00:00:00-05:00,9.149999618530273,10.199999809265137,9.0,10.050000190734863,21127,0.0,0.0
2023-12-04 00:00:00-05:00,9.600000381469727,10.050000190734863,8.850000381469727,9.449999809265137,18840,0.0,0.0
2023-12-05 00:00:00-05:00,9.449999809265137,10.050000190734863,9.300000190734863,9.899999618530273,22280,0.0,0.0
2023-12-06 00:00:00-05:00,9.600000381469727,10.199999809265137,9.600000381469727,9.75,18627,0.0,0.0
2023-12-07 00:00:00-05:00,9.600000381469727,10.050000190734863,9.300000190734863,9.899999618530273,9587,0.0,0.0
2023-12-08 00:00:00-05:00,9.75,10.050000190734863,8.850000381469727,9.449999809265137,34073,0.0,0.0
2023-12-11 00:00:00-05:00,9.600000381469727,9.600000381469727,9.0,9.449999809265137,12027,0.0,0.0
2023-12-12 00:00:00-05:00,9.300000190734863,9.449999809265137,7.5,8.100000381469727,23107,0.0,0.0
2023-12-13 00:00:00-05:00,7.800000190734863,8.850000381469727,7.650000095367432,8.100000381469727,17273,0.0,0.0
2023-12-14 00:00:00-05:00,8.100000381469727,8.699999809265137,8.100000381469727,8.399999618530273,7040,0.0,0.0
2023-12-15 00:00:00-05:00,8.100000381469727,9.300000190734863,8.100000381469727,9.0,11153,0.0,0.0
2023-12-18 00:00:00-05:00,9.300000190734863,10.350000381469727,9.300000190734863,9.75,35553,0.0,0.0
2023-12-19 00:00:00-05:00,9.75,10.050000190734863,9.300000190734863,9.899999618530273,7447,0.0,0.0
2023-12-20 00:00:00-05:00,9.75,9.899999618530273,9.449999809265137,9.75,5493,0.0,0.0
2023-12-21 00:00:00-05:00,9.600000381469727,9.899999618530273,9.600000381469727,9.75,7900,0.0,0.0
2023-12-22 00:00:00-05:00,9.600000381469727,9.899999618530273,9.449999809265137,9.75,10513,0.0,0.0
2023-12-26 00:00:00-05:00,9.75,9.899999618530273,9.449999809265137,9.75,7053,0.0,0.0
2023-12-27 00:00:00-05:00,9.600000381469727,10.5,9.600000381469727,10.199999809265137,16267,0.0,0.0
2023-12-28 00:00:00-05:00,9.899999618530273,10.350000381469727,9.75,9.899999618530273,15253,0.0,0.0
2023-12-29 00:00:00-05:00,9.75,10.199999809265137,9.449999809265137,9.899999618530273,11527,0.0,0.0
2024-01-02 00:00:00-05:00,10.050000190734863,10.199999809265137,9.75,9.899999618530273,5233,0.0,0.0
2024-01-03 00:00:00-05:00,9.600000381469727,10.800000190734863,9.449999809265137,10.199999809265137,23120,0.0,0.0
2024-01-04 00:00:00-05:00,9.899999618530273,10.649999618530273,9.600000381469727,9.899999618530273,8567,0.0,0.0
2024-01-05 00:00:00-05:00,9.899999618530273,10.050000190734863,9.449999809265137,9.75,5440,0.0,0.0
2024-01-08 00:00:00-05:00,9.600000381469727,9.899999618530273,9.300000190734863,9.600000381469727,6820,0.0,0.0
2024-01-09 00:00:00-05:00,9.899999618530273,9.899999618530273,9.449999809265137,9.75,8333,0.0,0.0
2024-01-10 00:00:00-05:00,9.600000381469727,10.050000190734863,9.600000381469727,10.050000190734863,4140,0.0,0.0
2024-01-11 00:00:00-05:00,10.050000190734863,10.050000190734863,9.600000381469727,9.75,3333,0.0,0.0
2024-01-12 00:00:00-05:00,10.050000190734863,10.050000190734863,9.300000190734863,9.75,4267,0.0,0.0
2024-01-16 00:00:00-05:00,9.600000381469727,9.899999618530273,9.0,9.300000190734863,10820,0.0,0.0
2024-01-17 00:00:00-05:00,9.0,9.449999809265137,8.25,8.550000190734863,10860,0.0,0.0
2024-01-18 00:00:00-05:00,8.399999618530273,9.0,8.399999618530273,8.699999809265137,5827,0.0,0.0
2024-01-19 00:00:00-05:00,8.550000190734863,8.550000190734863,5.699999809265137,6.599999904632568,106053,0.0,0.0
2024-01-22 00:00:00-05:00,6.449999809265137,6.75,6.150000095367432,6.599999904632568,10647,0.0,0.0
2024-01-23 00:00:00-05:00,6.599999904632568,7.199999809265137,6.449999809265137,7.050000190734863,5807,0.0,0.0
2024-01-24 00:00:00-05:00,7.199999809265137,7.199999809265137,6.449999809265137,6.599999904632568,8860,0.0,0.0
2024-01-25 00:00:00-05:00,6.449999809265137,6.75,6.150000095367432,6.300000190734863,8647,0.0,0.0
2024-01-26 00:00:00-05:00,6.599999904632568,6.900000095367432,6.449999809265137,6.900000095367432,3600,0.0,0.0
2024-01-29 00:00:00-05:00,6.900000095367432,7.5,6.900000095367432,7.5,6780,0.0,0.0
2024-01-30 00:00:00-05:00,7.5,7.949999809265137,7.050000190734863,7.199999809265137,11973,0.0,0.0
2024-01-31 00:00:00-05:00,7.199999809265137,8.25,6.599999904632568,6.75,62247,0.0,0.0
2024-02-01 00:00:00-05:00,6.75,6.75,6.300000190734863,6.599999904632568,26980,0.0,0.0
2024-02-02 00:00:00-05:00,6.599999904632568,6.599999904632568,6.300000190734863,6.449999809265137,5720,0.0,0.0
2024-02-05 00:00:00-05:00,6.449999809265137,6.599999904632568,6.300000190734863,6.300000190734863,7667,0.0,0.0
2024-02-06 00:00:00-05:00,6.449999809265137,7.050000190734863,6.300000190734863,7.050000190734863,7293,0.0,0.0
2024-02-07 00:00:00-05:00,6.900000095367432,6.900000095367432,6.449999809265137,6.75,7400,0.0,0.0
2024-02-08 00:00:00-05:00,6.150000095367432,6.75,5.699999809265137,6.0,71900,0.0,0.0
2024-02-09 00:00:00-05:00,5.849999904632568,6.300000190734863,5.849999904632568,6.150000095367432,9973,0.0,0.0
2024-02-12 00:00:00-05:00,6.150000095367432,6.75,6.150000095367432,6.599999904632568,21473,0.0,0.0
2024-02-13 00:00:00-05:00,6.599999904632568,6.75,6.150000095367432,6.75,14727,0.0,0.0
2024-02-14 00:00:00-05:00,6.449999809265137,6.599999904632568,6.300000190734863,6.599999904632568,8140,0.0,0.0
2024-02-15 00:00:00-05:00,7.050000190734863,7.199999809265137,6.300000190734863,6.449999809265137,20567,0.0,0.0
2024-02-16 00:00:00-05:00,6.449999809265137,6.75,6.449999809265137,6.75,16013,0.0,0.0
2024-02-20 00:00:00-05:00,6.75,6.75,6.599999904632568,6.75,11947,0.0,0.0
2024-02-21 00:00:00-05:00,7.199999809265137,7.199999809265137,6.150000095367432,6.300000190734863,14173,0.0,0.0
2024-02-22 00:00:00-05:00,6.300000190734863,6.449999809265137,6.300000190734863,6.300000190734863,9920,0.0,0.0
2024-02-23 00:00:00-05:00,6.300000190734863,6.75,6.300000190734863,6.75,9073,0.0,0.0
2024-02-26 00:00:00-05:00,6.599999904632568,7.199999809265137,6.599999904632568,6.900000095367432,18053,0.0,0.0
2024-02-27 00:00:00-05:00,6.900000095367432,7.650000095367432,6.900000095367432,7.650000095367432,55513,0.0,0.0
2024-02-28 00:00:00-05:00,8.25,8.25,7.5,7.800000190734863,28200,0.0,0.0
2024-02-29 00:00:00-05:00,8.100000381469727,8.25,8.100000381469727,8.25,24387,0.0,0.0
2024-03-01 00:00:00-05:00,8.550000190734863,8.699999809265137,7.949999809265137,8.699999809265137,44207,0.0,0.0
2024-03-04 00:00:00-05:00,8.699999809265137,8.850000381469727,6.300000190734863,6.900000095367432,239587,0.0,0.0
2024-03-05 00:00:00-05:00,6.75,6.900000095367432,6.150000095367432,6.150000095367432,29920,0.0,0.0
2024-03-06 00:00:00-05:00,6.300000190734863,6.75,6.150000095367432,6.599999904632568,33780,0.0,0.0
2024-03-07 00:00:00-05:00,6.300000190734863,6.449999809265137,6.150000095367432,6.449999809265137,22867,0.0,0.0
2024-03-08 00:00:00-05:00,6.300000190734863,6.900000095367432,6.300000190734863,6.300000190734863,13247,0.0,0.0
2024-03-11 00:00:00-04:00,6.599999904632568,6.599999904632568,6.300000190734863,6.300000190734863,7567,0.0,0.0
2024-03-12 00:00:00-04:00,6.75,6.900000095367432,5.550000190734863,5.699999809265137,307620,0.0,0.0
2024-03-13 00:00:00-04:00,5.849999904632568,6.300000190734863,5.849999904632568,5.849999904632568,54007,0.0,0.0
2024-03-14 00:00:00-04:00,5.849999904632568,6.150000095367432,5.849999904632568,5.849999904632568,19673,0.0,0.0
2024-03-15 00:00:00-04:00,5.849999904632568,6.150000095367432,5.849999904632568,5.849999904632568,10380,0.0,0.0
2024-03-18 00:00:00-04:00,5.849999904632568,6.150000095367432,5.849999904632568,5.849999904632568,7987,0.0,0.0
2024-03-19 00:00:00-04:00,6.0,6.0,5.699999809265137,5.699999809265137,15460,0.0,0.0
2024-03-20 00:00:00-04:00,6.0,6.0,5.849999904632568,6.0,5987,0.0,0.0
2024-03-21 00:00:00-04:00,5.849999904632568,6.300000190734863,5.849999904632568,6.0,9040,0.0,0.0
2024-03-22 00:00:00-04:00,5.849999904632568,6.300000190734863,5.849999904632568,6.150000095367432,16173,0.0,0.0
2024-03-25 00:00:00-04:00,6.0,6.300000190734863,5.849999904632568,6.150000095367432,7387,0.0,0.0
2024-03-26 00:00:00-04:00,6.150000095367432,6.300000190734863,6.150000095367432,6.300000190734863,16787,0.0,0.0
2024-03-27 00:00:00-04:00,6.300000190734863,6.449999809265137,6.300000190734863,6.300000190734863,9527,0.0,0.0
2024-03-28 00:00:00-04:00,5.849999904632568,6.300000190734863,5.849999904632568,6.150000095367432,19580,0.0,0.0
2024-04-01 00:00:00-04:00,6.300000190734863,6.300000190734863,5.699999809265137,6.0,11253,0.0,0.0
2024-04-02 00:00:00-04:00,6.0,6.300000190734863,5.849999904632568,6.0,8273,0.0,0.0
2024-04-03 00:00:00-04:00,6.0,6.0,5.849999904632568,5.849999904632568,2627,0.0,0.0
2024-04-04 00:00:00-04:00,6.0,6.0,5.699999809265137,5.849999904632568,6567,0.0,0.0
2024-04-05 00:00:00-04:00,5.849999904632568,5.849999904632568,5.699999809265137,5.849999904632568,4433,0.0,0.0
2024-04-08 00:00:00-04:00,6.0,6.0,5.699999809265137,5.849999904632568,10927,0.0,0.0
2024-04-09 00:00:00-04:00,5.849999904632568,6.0,5.849999904632568,5.849999904632568,5647,0.0,0.0
2024-04-10 00:00:00-04:00,5.849999904632568,6.150000095367432,5.699999809265137,6.0,6580,0.0,0.0
2024-04-11 00:00:00-04:00,6.0,6.0,5.699999809265137,5.699999809265137,5853,0.0,0.0
2024-04-12 00:00:00-04:00,5.699999809265137,5.849999904632568,5.699999809265137,5.849999904632568,3640,0.0,0.0
2024-04-15 00:00:00-04:00,5.849999904632568,6.0,5.550000190734863,5.550000190734863,7820,0.0,0.0
2024-04-16 00:00:00-04:00,5.699999809265137,5.699999809265137,5.400000095367432,5.400000095367432,7013,0.0,0.0
2024-04-17 00:00:00-04:00,5.699999809265137,5.699999809265137,5.400000095367432,5.550000190734863,2120,0.0,0.0
2024-04-18 00:00:00-04:00,5.550000190734863,5.699999809265137,5.400000095367432,5.699999809265137,4133,0.0,0.0
2024-04-19 00:00:00-04:00,5.550000190734863,5.550000190734863,5.400000095367432,5.400000095367432,6480,0.0,0.0
2024-04-22 00:00:00-04:00,5.550000190734863,5.550000190734863,4.800000190734863,5.550000190734863,4460,0.0,0.0
2024-04-23 00:00:00-04:00,5.550000190734863,5.849999904632568,5.550000190734863,5.699999809265137,5393,0.0,0.0
2024-04-24 00:00:00-04:00,5.699999809265137,5.699999809265137,5.400000095367432,5.699999809265137,4893,0.0,0.0
2024-04-25 00:00:00-04:00,5.550000190734863,5.699999809265137,5.400000095367432,5.550000190734863,4540,0.0,0.0
2024-04-26 00:00:00-04:00,5.699999809265137,5.699999809265137,5.550000190734863,5.699999809265137,1947,0.0,0.0
2024-04-29 00:00:00-04:00,5.550000190734863,5.699999809265137,5.550000190734863,5.550000190734863,5507,0.0,0.0
2024-04-30 00:00:00-04:00,5.550000190734863,6.0,5.550000190734863,5.849999904632568,20833,0.0,0.0
2024-05-01 00:00:00-04:00,5.849999904632568,6.0,5.699999809265137,5.699999809265137,82067,0.0,0.0
2024-05-02 00:00:00-04:00,5.849999904632568,5.849999904632568,5.550000190734863,5.699999809265137,13513,0.0,0.0
2024-05-03 00:00:00-04:00,5.699999809265137,5.849999904632568,5.699999809265137,5.699999809265137,4980,0.0,0.0
2024-05-06 00:00:00-04:00,5.849999904632568,6.0,5.699999809265137,5.849999904632568,7587,0.0,0.0
2024-05-07 00:00:00-04:00,5.849999904632568,6.0,5.849999904632568,5.849999904632568,7433,0.0,0.0
2024-05-08 00:00:00-04:00,6.0,6.0,5.849999904632568,5.849999904632568,3440,0.0,0.0
2024-05-09 00:00:00-04:00,5.699999809265137,6.150000095367432,5.699999809265137,6.0,10293,0.0,0.0
2024-05-10 00:00:00-04:00,6.150000095367432,6.150000095367432,5.849999904632568,6.0,2200,0.0,0.0
2024-05-13 00:00:00-04:00,5.699999809265137,6.0,5.699999809265137,5.849999904632568,1607,0.0,0.0
2024-05-14 00:00:00-04:00,6.0,6.0,5.699999809265137,6.0,4600,0.0,0.0
2024-05-15 00:00:00-04:00,5.849999904632568,6.0,5.849999904632568,6.0,6080,0.0,0.0
2024-05-16 00:00:00-04:00,6.0,6.150000095367432,6.0,6.0,10427,0.0,0.0
2024-05-17 00:00:00-04:00,6.0,6.0,5.849999904632568,5.849999904632568,4367,0.0,0.0
2024-05-20 00:00:00-04:00,6.0,6.150000095367432,5.849999904632568,5.849999904632568,3273,0.0,0.0
2024-05-21 00:00:00-04:00,6.0,6.150000095367432,5.849999904632568,6.150000095367432,7027,0.0,0.0
2024-05-22 00:00:00-04:00,5.699999809265137,5.699999809265137,4.5,4.650000095367432,40933,0.0,0.0
2024-05-23 00:00:00-04:00,5.099999904632568,5.25,4.949999809265137,4.949999809265137,11127,0.0,0.0
2024-05-24 00:00:00-04:00,4.949999809265137,5.400000095367432,4.800000190734863,5.25,20453,0.0,0.0
2024-05-28 00:00:00-04:00,5.25,5.400000095367432,5.25,5.25,16447,0.0,0.0
2024-05-29 00:00:00-04:00,5.25,5.25,5.099999904632568,5.099999904632568,19913,0.0,0.0
2024-05-30 00:00:00-04:00,4.889999866485596,5.639999866485596,4.519999980926514,5.199999809265137,48600,0.0,0.06666666666666667
2024-05-31 00:00:00-04:00,5.119999885559082,5.690000057220459,4.349999904632568,4.619999885559082,48300,0.0,0.0
2024-06-03 00:00:00-04:00,4.619999885559082,4.619999885559082,4.349999904632568,4.420000076293945,12400,0.0,0.0
2024-06-04 00:00:00-04:00,4.389999866485596,4.739999771118164,4.389999866485596,4.420000076293945,21400,0.0,0.0
2024-06-05 00:00:00-04:00,4.460000038146973,4.670000076293945,4.190000057220459,4.400000095367432,28000,0.0,0.0
2024-06-06 00:00:00-04:00,4.360000133514404,4.489999771118164,4.210000038146973,4.369999885559082,7400,0.0,0.0
2024-06-07 00:00:00-04:00,4.710000038146973,5.039999961853027,3.3399999141693115,3.7200000286102295,6656100,0.0,0.0
2024-06-10 00:00:00-04:00,3.359999895095825,3.680000066757202,3.200000047683716,3.430000066757202,229500,0.0,0.0
2024-06-11 00:00:00-04:00,3.4100000858306885,3.799999952316284,3.4100000858306885,3.640000104904175,78200,0.0,0.0
2024-06-12 00:00:00-04:00,3.7100000381469727,3.7799999713897705,3.5,3.640000104904175,85600,0.0,0.0
2024-06-13 00:00:00-04:00,3.6700000762939453,3.930000066757202,3.240000009536743,3.6500000953674316,55400,0.0,0.0
2024-06-14 00:00:00-04:00,3.549999952316284,3.5799999237060547,3.3399999141693115,3.4100000858306885,56600,0.0,0.0
2024-06-17 00:00:00-04:00,3.640000104904175,3.7899999618530273,3.2300000190734863,3.3399999141693115,131600,0.0,0.0
2024-06-18 00:00:00-04:00,3.3299999237060547,3.700000047683716,3.259999990463257,3.5399999618530273,203000,0.0,0.0
2024-06-20 00:00:00-04:00,3.4600000381469727,3.4800000190734863,3.2799999713897705,3.380000114440918,46600,0.0,0.0
2024-06-21 00:00:00-04:00,3.319999933242798,3.3299999237060547,3.0,3.0,68900,0.0,0.0
2024-06-24 00:00:00-04:00,3.059999942779541,3.2100000381469727,2.690000057220459,2.8299999237060547,64400,0.0,0.0
2024-06-25 00:00:00-04:00,2.7699999809265137,3.0399999618530273,2.7699999809265137,2.930000066757202,36200,0.0,0.0
2024-06-26 00:00:00-04:00,2.9600000381469727,2.9600000381469727,2.619999885559082,2.9000000953674316,59200,0.0,0.0
2024-06-27 00:00:00-04:00,3.0,3.0899999141693115,2.799999952316284,2.990000009536743,24600,0.0,0.0
2024-06-28 00:00:00-04:00,3.069999933242798,3.2699999809265137,2.9200000762939453,2.9700000286102295,44500,0.0,0.0
2024-07-01 00:00:00-04:00,3.009999990463257,3.069999933242798,2.9000000953674316,2.990000009536743,6300,0.0,0.0
2024-07-02 00:00:00-04:00,2.880000114440918,3.130000114440918,2.880000114440918,2.940000057220459,31900,0.0,0.0
2024-07-03 00:00:00-04:00,3.190000057220459,3.190000057220459,2.8499999046325684,2.990000009536743,37100,0.0,0.0
2024-07-05 00:00:00-04:00,3.059999942779541,3.0999999046325684,2.799999952316284,2.9700000286102295,36400,0.0,0.0
2024-07-08 00:00:00-04:00,2.890000104904175,3.380000114440918,2.799999952316284,2.9100000858306885,122600,0.0,0.0
2024-07-09 00:00:00-04:00,2.990000009536743,3.200000047683716,2.9000000953674316,3.009999990463257,68900,0.0,0.0
2024-07-10 00:00:00-04:00,3.0,3.059999942779541,2.940000057220459,3.0299999713897705,9400,0.0,0.0
2024-07-11 00:00:00-04:00,3.1500000953674316,3.1500000953674316,3.0,3.130000114440918,13100,0.0,0.0
2024-07-12 00:00:00-04:00,3.059999942779541,3.299999952316284,3.009999990463257,3.25,34400,0.0,0.0
2024-07-15 00:00:00-04:00,3.180000066757202,3.6600000858306885,3.180000066757202,3.5399999618530273,752100,0.0,0.0
2024-07-16 00:00:00-04:00,3.3299999237060547,3.4600000381469727,2.8399999141693115,3.1500000953674316,215700,0.0,0.0
2024-07-17 00:00:00-04:00,3.2100000381469727,3.2100000381469727,3.0399999618530273,3.109999895095825,25400,0.0,0.0
2024-07-18 00:00:00-04:00,3.0399999618530273,3.140000104904175,2.8499999046325684,2.950000047683716,46100,0.0,0.0
2024-07-19 00:00:00-04:00,2.950000047683716,3.0,2.859999895095825,2.9100000858306885,7700,0.0,0.0
2024-07-22 00:00:00-04:00,2.9100000858306885,2.9600000381469727,2.700000047683716,2.7699999809265137,20800,0.0,0.0
2024-07-23 00:00:00-04:00,2.700000047683716,2.880000114440918,2.700000047683716,2.8399999141693115,18100,0.0,0.0
2024-07-24 00:00:00-04:00,2.799999952316284,2.950000047683716,2.759999990463257,2.8399999141693115,12600,0.0,0.0
2024-07-25 00:00:00-04:00,2.8499999046325684,3.140000104904175,2.809999942779541,2.950000047683716,38500,0.0,0.0
2024-07-26 00:00:00-04:00,2.9000000953674316,3.1500000953674316,2.9000000953674316,2.990000009536743,20000,0.0,0.0
2024-07-29 00:00:00-04:00,3.049999952316284,3.1700000762939453,3.009999990463257,3.1700000762939453,17200,0.0,0.0
2024-07-30 00:00:00-04:00,3.240000009536743,3.240000009536743,2.930000066757202,3.0399999618530273,39400,0.0,0.0
2024-07-31 00:00:00-04:00,2.9700000286102295,3.0399999618530273,2.940000057220459,3.009999990463257,6600,0.0,0.0
2024-08-01 00:00:00-04:00,3.009999990463257,3.009999990463257,2.940000057220459,2.9600000381469727,2700,0.0,0.0
2024-08-02 00:00:00-04:00,2.9800000190734863,3.0,2.9800000190734863,3.0,2000,0.0,0.0
2024-08-05 00:00:00-04:00,2.8399999141693115,2.950000047683716,2.6700000762939453,2.6700000762939453,11700,0.0,0.0
2024-08-06 00:00:00-04:00,2.7200000286102295,2.7699999809265137,2.5999999046325684,2.690000057220459,12600,0.0,0.0
2024-08-07 00:00:00-04:00,2.690000057220459,2.869999885559082,2.6500000953674316,2.8499999046325684,5200,0.0,0.0
2024-08-08 00:00:00-04:00,2.7699999809265137,2.8399999141693115,2.619999885559082,2.7200000286102295,6600,0.0,0.0
2024-08-09 00:00:00-04:00,2.9000000953674316,2.9000000953674316,2.6500000953674316,2.680000066757202,9600,0.0,0.0
2024-08-12 00:00:00-04:00,2.609999895095825,2.740000009536743,2.5199999809265137,2.5299999713897705,11200,0.0,0.0
2024-08-13 00:00:00-04:00,2.6500000953674316,2.7200000286102295,2.5399999618530273,2.640000104904175,14900,0.0,0.0
2024-08-14 00:00:00-04:00,2.75,2.9600000381469727,2.559999942779541,2.5899999141693115,73900,0.0,0.0
2024-08-15 00:00:00-04:00,2.7699999809265137,2.9200000762939453,2.609999895095825,2.9000000953674316,22100,0.0,0.0
2024-08-16 00:00:00-04:00,2.890000104904175,3.3399999141693115,2.7200000286102295,3.319999933242798,13900,0.0,0.0
2024-08-19 00:00:00-04:00,3.2699999809265137,4.0,3.0199999809265137,4.0,163800,0.0,0.0
2024-08-20 00:00:00-04:00,3.490000009536743,3.640000104904175,3.240000009536743,3.3299999237060547,48800,0.0,0.0
2024-08-21 00:00:00-04:00,3.3299999237060547,3.3499999046325684,2.759999990463257,2.9000000953674316,423200,0.0,0.0
2024-08-22 00:00:00-04:00,2.859999895095825,2.950000047683716,2.680000066757202,2.700000047683716,74400,0.0,0.0
2024-08-23 00:00:00-04:00,2.6700000762939453,3.0299999713897705,2.4200000762939453,2.490000009536743,82200,0.0,0.0
2024-08-26 00:00:00-04:00,2.5,3.1700000762939453,2.5,2.7699999809265137,191300,0.0,0.0
2024-08-27 00:00:00-04:00,2.7100000381469727,2.859999895095825,2.450000047683716,2.4600000381469727,86700,0.0,0.0
2024-08-28 00:00:00-04:00,2.4600000381469727,2.569999933242798,1.9600000381469727,2.200000047683716,2732300,0.0,0.0
2024-08-29 00:00:00-04:00,4.300000190734863,4.659999847412109,2.930000066757202,4.019999980926514,35778800,0.0,0.0
2024-08-30 00:00:00-04:00,3.8299999237060547,4.079999923706055,3.0399999618530273,3.049999952316284,6233700,0.0,0.0
2024-09-03 00:00:00-04:00,3.1600000858306885,3.180000066757202,2.700000047683716,2.869999885559082,1066700,0.0,0.0
2024-09-04 00:00:00-04:00,2.75,2.7899999618530273,2.4800000190734863,2.5799999237060547,676800,0.0,0.0
2024-09-05 00:00:00-04:00,2.5799999237060547,2.7300000190734863,2.359999895095825,2.5,301900,0.0,0.0
2024-09-06 00:00:00-04:00,2.4800000190734863,2.4800000190734863,2.1500000953674316,2.2699999809265137,275600,0.0,0.0
2024-09-09 00:00:00-04:00,2.2699999809265137,2.569999933242798,2.2699999809265137,2.4100000858306885,159100,0.0,0.0
2024-09-10 00:00:00-04:00,2.430000066757202,2.6500000953674316,2.3499999046325684,2.569999933242798,169300,0.0,0.0
2024-09-11 00:00:00-04:00,2.5999999046325684,2.740000009536743,2.509999990463257,2.7200000286102295,179200,0.0,0.0
2024-09-12 00:00:00-04:00,2.7100000381469727,2.880000114440918,2.6500000953674316,2.8299999237060547,135200,0.0,0.0
2024-09-13 00:00:00-04:00,2.869999885559082,3.259999990463257,2.869999885559082,2.9700000286102295,180000,0.0,0.0
2024-09-16 00:00:00-04:00,3.009999990463257,3.1700000762939453,2.75,2.819999933242798,130300,0.0,0.0
2024-09-17 00:00:00-04:00,2.859999895095825,2.9800000190734863,2.7899999618530273,2.7899999618530273,97500,0.0,0.0
2024-09-18 00:00:00-04:00,2.890000104904175,3.119999885559082,2.75,3.0799999237060547,1320400,0.0,0.0
2024-09-19 00:00:00-04:00,3.1600000858306885,3.25,2.950000047683716,2.9800000190734863,359400,0.0,0.0
2024-09-20 00:00:00-04:00,2.950000047683716,2.950000047683716,2.5,2.5399999618530273,546000,0.0,0.0
2024-09-23 00:00:00-04:00,2.5999999046325684,2.700000047683716,2.450000047683716,2.4700000286102295,134300,0.0,0.0
2024-09-24 00:00:00-04:00,2.5,2.5299999713897705,2.3399999141693115,2.4100000858306885,128800,0.0,0.0
2024-09-25 00:00:00-04:00,2.430000066757202,2.5799999237060547,2.390000104904175,2.569999933242798,111600,0.0,0.0
2024-09-26 00:00:00-04:00,2.5999999046325684,2.869999885559082,2.5299999713897705,2.759999990463257,186400,0.0,0.0
2024-09-27 00:00:00-04:00,2.799999952316284,2.9700000286102295,2.75,2.940000057220459,147300,0.0,0.0
2024-09-30 00:00:00-04:00,2.950000047683716,3.1700000762939453,2.8299999237060547,3.119999885559082,161800,0.0,0.0
2024-10-01 00:00:00-04:00,3.0999999046325684,3.119999885559082,2.7699999809265137,2.9800000190734863,90600,0.0,0.0
2024-10-02 00:00:00-04:00,2.930000066757202,2.930000066757202,2.700000047683716,2.759999990463257,103200,0.0,0.0
2024-10-03 00:00:00-04:00,2.7200000286102295,2.859999895095825,2.700000047683716,2.809999942779541,18600,0.0,0.0
2024-10-04 00:00:00-04:00,2.759999990463257,2.869999885559082,2.7100000381469727,2.740000009536743,42700,0.0,0.0
2024-10-07 00:00:00-04:00,2.680000066757202,2.740000009536743,2.5999999046325684,2.690000057220459,35800,0.0,0.0
2024-10-08 00:00:00-04:00,2.6700000762939453,2.740000009536743,2.5999999046325684,2.6500000953674316,40900,0.0,0.0
2024-10-09 00:00:00-04:00,2.630000114440918,2.7300000190734863,2.630000114440918,2.680000066757202,24400,0.0,0.0
2024-10-10 00:00:00-04:00,2.6700000762939453,2.9000000953674316,2.630000114440918,2.700000047683716,23400,0.0,0.0
2024-10-11 00:00:00-04:00,2.6700000762939453,2.75,2.609999895095825,2.6500000953674316,29600,0.0,0.0
2024-10-14 00:00:00-04:00,2.619999885559082,2.6700000762939453,2.5199999809265137,2.5899999141693115,60700,0.0,0.0
2024-10-15 00:00:00-04:00,2.559999942779541,2.5999999046325684,2.4000000953674316,2.440000057220459,64200,0.0,0.0
2024-10-16 00:00:00-04:00,2.490000009536743,2.6700000762939453,2.390000104904175,2.640000104904175,95300,0.0,0.0
2024-10-17 00:00:00-04:00,2.6600000858306885,2.700000047683716,2.569999933242798,2.6500000953674316,32000,0.0,0.0
2024-10-18 00:00:00-04:00,2.690000057220459,2.7300000190734863,2.569999933242798,2.690000057220459,37600,0.0,0.0
2024-10-21 00:00:00-04:00,2.680000066757202,2.8399999141693115,2.640000104904175,2.680000066757202,44900,0.0,0.0
2024-10-22 00:00:00-04:00,2.6700000762939453,2.680000066757202,2.549999952316284,2.5999999046325684,20500,0.0,0.0
2024-10-23 00:00:00-04:00,2.619999885559082,2.759999990463257,2.4100000858306885,2.4800000190734863,35800,0.0,0.0
2024-10-24 00:00:00-04:00,2.4700000286102295,2.569999933242798,2.369999885559082,2.4000000953674316,85500,0.0,0.0
2024-10-25 00:00:00-04:00,2.4000000953674316,2.490000009536743,2.4000000953674316,2.4200000762939453,25900,0.0,0.0
2024-10-28 00:00:00-04:00,2.5,2.6700000762939453,2.4100000858306885,2.630000114440918,224900,0.0,0.0
2024-10-29 00:00:00-04:00,2.5799999237060547,2.609999895095825,2.4000000953674316,2.4200000762939453,79000,0.0,0.0
2024-10-30 00:00:00-04:00,2.430000066757202,2.509999990463257,2.369999885559082,2.369999885559082,44900,0.0,0.0
2024-10-31 00:00:00-04:00,2.4100000858306885,2.430000066757202,2.309999942779541,2.3299999237060547,46000,0.0,0.0
2024-11-01 00:00:00-04:00,2.390000104904175,2.430000066757202,2.3299999237060547,2.390000104904175,21800,0.0,0.0
2024-11-04 00:00:00-05:00,2.4200000762939453,2.490000009536743,2.3499999046325684,2.380000114440918,30300,0.0,0.0
2024-11-05 00:00:00-05:00,2.380000114440918,2.5,2.380000114440918,2.430000066757202,14100,0.0,0.0
2024-11-06 00:00:00-05:00,2.569999933242798,2.569999933242798,2.380000114440918,2.4000000953674316,21500,0.0,0.0
2024-11-07 00:00:00-05:00,2.4000000953674316,2.430000066757202,2.3399999141693115,2.369999885559082,29700,0.0,0.0
2024-11-08 00:00:00-05:00,2.3499999046325684,2.380000114440918,2.25,2.259999990463257,83000,0.0,0.0
2024-11-11 00:00:00-05:00,2.299999952316284,2.3499999046325684,2.2200000286102295,2.299999952316284,114600,0.0,0.0
2024-11-12 00:00:00-05:00,2.2100000381469727,2.450000047683716,2.2100000381469727,2.4000000953674316,29400,0.0,0.0
2024-11-13 00:00:00-05:00,2.4000000953674316,2.4700000286102295,2.3499999046325684,2.3499999046325684,56900,0.0,0.0
2024-11-14 00:00:00-05:00,2.2899999618530273,2.359999895095825,2.009999990463257,2.0199999809265137,152200,0.0,0.0
2024-11-15 00:00:00-05:00,1.9800000190734863,2.009999990463257,1.840000033378601,1.850000023841858,77400,0.0,0.0
2024-11-18 00:00:00-05:00,1.850000023841858,2.130000114440918,1.850000023841858,2.049999952316284,44700,0.0,0.0
2024-11-19 00:00:00-05:00,2.0399999618530273,2.0799999237060547,2.009999990463257,2.0299999713897705,23900,0.0,0.0
2024-11-20 00:00:00-05:00,2.009999990463257,2.180000066757202,1.9700000286102295,1.9900000095367432,47400,0.0,0.0
2024-11-21 00:00:00-05:00,2.0399999618530273,2.1500000953674316,1.9800000190734863,2.130000114440918,37400,0.0,0.0
2024-11-22 00:00:00-05:00,2.1500000953674316,2.319999933242798,2.140000104904175,2.259999990463257,29974,0.0,0.0
