Date,Open,High,Low,Close,Volume,Dividends,Stock Splits
2022-01-03 00:00:00-05:00,0.5,0.6000000238418579,0.5,0.6000000238418579,300,0.0,0.0
2022-01-04 00:00:00-05:00,0.6000000238418579,0.6000000238418579,0.6000000238418579,0.6000000238418579,0,0.0,0.0
2022-01-05 00:00:00-05:00,0.6000000238418579,0.6000000238418579,0.6000000238418579,0.6000000238418579,0,0.0,0.0
2022-01-06 00:00:00-05:00,0.6000000238418579,0.6000000238418579,0.6000000238418579,0.6000000238418579,0,0.0,0.0
2022-01-07 00:00:00-05:00,0.5099999904632568,0.5099999904632568,0.5099999904632568,0.5099999904632568,2000,0.0,0.0
2022-01-10 00:00:00-05:00,0.5099999904632568,0.5099999904632568,0.5099999904632568,0.5099999904632568,0,0.0,0.0
2022-01-11 00:00:00-05:00,0.5,0.5,0.5,0.5,1500,0.0,0.0
2022-01-12 00:00:00-05:00,0.5099999904632568,0.5199999809265137,0.5099999904632568,0.5199999809265137,3000,0.0,0.0
2022-01-13 00:00:00-05:00,0.5199999809265137,0.5199999809265137,0.5199999809265137,0.5199999809265137,0,0.0,0.0
2022-01-14 00:00:00-05:00,0.5199999809265137,0.5199999809265137,0.5199999809265137,0.5199999809265137,0,0.0,0.0
2022-01-18 00:00:00-05:00,0.6000000238418579,0.6000000238418579,0.5550000071525574,0.5550000071525574,600,0.0,0.0
2022-01-19 00:00:00-05:00,0.5550000071525574,0.5550000071525574,0.5550000071525574,0.5550000071525574,0,0.0,0.0
2022-01-20 00:00:00-05:00,0.6000000238418579,0.6000000238418579,0.6000000238418579,0.6000000238418579,2200,0.0,0.0
2022-01-21 00:00:00-05:00,0.6000000238418579,0.6000000238418579,0.6000000238418579,0.6000000238418579,500,0.0,0.0
2022-01-24 00:00:00-05:00,0.6000000238418579,0.699999988079071,0.6000000238418579,0.699999988079071,300,0.0,0.0
2022-01-25 00:00:00-05:00,0.5099999904632568,0.550000011920929,0.44999998807907104,0.5099999904632568,9600,0.0,0.0
2022-01-26 00:00:00-05:00,0.5199999809265137,0.5199999809265137,0.5199999809265137,0.5199999809265137,600,0.0,0.0
2022-01-27 00:00:00-05:00,0.4300000071525574,0.5,0.4099999964237213,0.5,12200,0.0,0.0
2022-01-28 00:00:00-05:00,0.5,0.5,0.5,0.5,0,0.0,0.0
2022-01-31 00:00:00-05:00,0.5,0.5,0.5,0.5,0,0.0,0.0
2022-02-01 00:00:00-05:00,0.5,0.5,0.5,0.5,0,0.0,0.0
2022-02-02 00:00:00-05:00,0.6000000238418579,1.100000023841858,0.4699999988079071,0.75,231600,0.0,0.0
2022-02-03 00:00:00-05:00,0.6499999761581421,0.7200000286102295,0.6000000238418579,0.6000000238418579,12600,0.0,0.0
2022-02-04 00:00:00-05:00,0.6000000238418579,0.6000000238418579,0.550000011920929,0.6000000238418579,9300,0.0,0.0
2022-02-07 00:00:00-05:00,0.6000000238418579,0.6000000238418579,0.6000000238418579,0.6000000238418579,0,0.0,0.0
2022-02-08 00:00:00-05:00,0.5299999713897705,0.5299999713897705,0.5,0.5,3800,0.0,0.0
2022-02-09 00:00:00-05:00,0.6000000238418579,0.6000000238418579,0.6000000238418579,0.6000000238418579,100,0.0,0.0
2022-02-10 00:00:00-05:00,0.6000000238418579,0.6000000238418579,0.6000000238418579,0.6000000238418579,100,0.0,0.0
2022-02-11 00:00:00-05:00,0.6050000190734863,0.699999988079071,0.6050000190734863,0.699999988079071,200,0.0,0.0
2022-02-14 00:00:00-05:00,0.6499999761581421,0.6499999761581421,0.6000000238418579,0.6000000238418579,1200,0.0,0.0
2022-02-15 00:00:00-05:00,0.6000000238418579,0.6000000238418579,0.5099999904632568,0.6000000238418579,700,0.0,0.0
2022-02-16 00:00:00-05:00,0.5099999904632568,0.550000011920929,0.5099999904632568,0.550000011920929,1100,0.0,0.0
2022-02-17 00:00:00-05:00,0.44999998807907104,0.550000011920929,0.44999998807907104,0.550000011920929,300,0.0,0.0
2022-02-18 00:00:00-05:00,0.44999998807907104,0.550000011920929,0.3499999940395355,0.550000011920929,700,0.0,0.0
2022-02-22 00:00:00-05:00,0.3499999940395355,0.6899999976158142,0.3499999940395355,0.5099999904632568,2500,0.0,0.0
2022-02-23 00:00:00-05:00,0.36000001430511475,0.6000000238418579,0.36000001430511475,0.6000000238418579,1400,0.0,0.0
2022-02-24 00:00:00-05:00,0.41999998688697815,0.6000000238418579,0.41999998688697815,0.6000000238418579,500,0.0,0.0
2022-02-25 00:00:00-05:00,0.5799999833106995,0.699999988079071,0.44999998807907104,0.5,27200,0.0,0.0
2022-02-28 00:00:00-05:00,0.550000011920929,0.6499999761581421,0.5,0.5,5800,0.0,0.0
2022-03-01 00:00:00-05:00,0.5299999713897705,0.5400000214576721,0.5099999904632568,0.5099999904632568,5600,0.0,0.0
2022-03-02 00:00:00-05:00,0.5199999809265137,0.5249999761581421,0.5099999904632568,0.5199999809265137,4100,0.0,0.0
2022-03-03 00:00:00-05:00,0.5149999856948853,0.5699999928474426,0.5099999904632568,0.5199999809265137,9000,0.0,0.0
2022-03-04 00:00:00-05:00,0.5400000214576721,0.5400000214576721,0.5199999809265137,0.5299999713897705,8200,0.0,0.0
2022-03-07 00:00:00-05:00,0.5099999904632568,0.5099999904632568,0.5099999904632568,0.5099999904632568,2000,0.0,0.0
2022-03-08 00:00:00-05:00,0.44999998807907104,0.5299999713897705,0.38999998569488525,0.5,111400,0.0,0.0
2022-03-09 00:00:00-05:00,0.5,0.5,0.5,0.5,0,0.0,0.0
2022-03-10 00:00:00-05:00,0.4000000059604645,0.5299999713897705,0.4000000059604645,0.5,13200,0.0,0.0
2022-03-11 00:00:00-05:00,0.5299999713897705,0.5299999713897705,0.5299999713897705,0.5299999713897705,100,0.0,0.0
2022-03-14 00:00:00-04:00,0.5,0.5,0.5,0.5,16400,0.0,0.0
2022-03-15 00:00:00-04:00,0.5,0.5,0.5,0.5,0,0.0,0.0
2022-03-16 00:00:00-04:00,0.5,0.5,0.5,0.5,200,0.0,0.0
2022-03-17 00:00:00-04:00,0.5,0.5,0.5,0.5,0,0.0,0.0
2022-03-18 00:00:00-04:00,0.4300000071525574,0.5,0.4300000071525574,0.5,41200,0.0,0.0
2022-03-21 00:00:00-04:00,0.5,0.5199999809265137,0.5,0.5,18000,0.0,0.0
2022-03-22 00:00:00-04:00,0.7799999713897705,0.7799999713897705,0.7799999713897705,0.7799999713897705,200,0.0,0.0
2022-03-23 00:00:00-04:00,0.8629999756813049,0.8629999756813049,0.8629999756813049,0.8629999756813049,100,0.0,0.0
2022-03-24 00:00:00-04:00,0.8629999756813049,0.8629999756813049,0.8629999756813049,0.8629999756813049,0,0.0,0.0
2022-03-25 00:00:00-04:00,0.800000011920929,0.800000011920929,0.800000011920929,0.800000011920929,1000,0.0,0.0
2022-03-28 00:00:00-04:00,0.699999988079071,1.0299999713897705,0.699999988079071,0.8450000286102295,7300,0.0,0.0
2022-03-29 00:00:00-04:00,0.8050000071525574,0.8600000143051147,0.8050000071525574,0.8500000238418579,2500,0.0,0.0
2022-03-30 00:00:00-04:00,0.8650000095367432,1.0099999904632568,0.8600000143051147,0.949999988079071,21100,0.0,0.0
2022-03-31 00:00:00-04:00,1.0700000524520874,1.0700000524520874,0.9100000262260437,1.0,7400,0.0,0.0
2022-04-01 00:00:00-04:00,1.149999976158142,1.2200000286102295,1.0,1.0,2600,0.0,0.0
2022-04-04 00:00:00-04:00,1.0,1.2799999713897705,1.0,1.0499999523162842,15400,0.0,0.0
2022-04-05 00:00:00-04:00,1.2649999856948853,1.2799999713897705,0.9750000238418579,1.100000023841858,47600,0.0,0.0
2022-04-06 00:00:00-04:00,1.100000023841858,1.340000033378601,1.0499999523162842,1.3020000457763672,27500,0.0,0.0
2022-04-07 00:00:00-04:00,1.3730000257492065,1.3799999952316284,1.2999999523162842,1.3300000429153442,9500,0.0,0.0
2022-04-08 00:00:00-04:00,1.3600000143051147,1.399999976158142,1.2000000476837158,1.350000023841858,13300,0.0,0.0
2022-04-11 00:00:00-04:00,1.350000023841858,1.4199999570846558,1.25,1.3949999809265137,10800,0.0,0.0
2022-04-12 00:00:00-04:00,1.440000057220459,1.440000057220459,1.440000057220459,1.440000057220459,100,0.0,0.0
2022-04-13 00:00:00-04:00,1.399999976158142,1.399999976158142,1.399999976158142,1.399999976158142,1000,0.0,0.0
2022-04-14 00:00:00-04:00,1.399999976158142,1.399999976158142,1.399999976158142,1.399999976158142,0,0.0,0.0
2022-04-18 00:00:00-04:00,1.350000023841858,1.4249999523162842,1.350000023841858,1.4249999523162842,1400,0.0,0.0
2022-04-19 00:00:00-04:00,1.409999966621399,1.5,1.399999976158142,1.5,1100,0.0,0.0
2022-04-20 00:00:00-04:00,1.5199999809265137,1.5199999809265137,1.4850000143051147,1.4850000143051147,11900,0.0,0.0
2022-04-21 00:00:00-04:00,1.5,1.6100000143051147,1.5,1.5,2900,0.0,0.0
2022-04-22 00:00:00-04:00,1.5,1.5,1.5,1.5,0,0.0,0.0
2022-04-25 00:00:00-04:00,1.5,1.5,1.5,1.5,200,0.0,0.0
2022-04-26 00:00:00-04:00,1.5,1.5,1.4700000286102295,1.4700000286102295,200,0.0,0.0
2022-04-27 00:00:00-04:00,1.5,1.5,1.5,1.5,100,0.0,0.0
2022-04-28 00:00:00-04:00,1.5,1.5,1.5,1.5,100,0.0,0.0
2022-04-29 00:00:00-04:00,1.5,1.5,1.5,1.5,0,0.0,0.0
2022-05-02 00:00:00-04:00,1.399999976158142,1.5,1.399999976158142,1.5,300,0.0,0.0
2022-05-03 00:00:00-04:00,1.5,1.5,1.5,1.5,0,0.0,0.0
2022-05-04 00:00:00-04:00,1.5,1.5,1.5,1.5,0,0.0,0.0
2022-05-05 00:00:00-04:00,1.5,1.5,1.5,1.5,0,0.0,0.0
2022-05-06 00:00:00-04:00,1.5,1.5,1.5,1.5,0,0.0,0.0
2022-05-09 00:00:00-04:00,1.399999976158142,1.4900000095367432,1.0099999904632568,1.399999976158142,2800,0.0,0.0
2022-05-10 00:00:00-04:00,1.399999976158142,1.399999976158142,1.350000023841858,1.350000023841858,700,0.0,0.0
2022-05-11 00:00:00-04:00,1.3539999723434448,1.3539999723434448,1.350000023841858,1.350000023841858,600,0.0,0.0
2022-05-12 00:00:00-04:00,1.399999976158142,1.4500000476837158,1.375,1.4500000476837158,3500,0.0,0.0
2022-05-13 00:00:00-04:00,1.5,1.5,1.350000023841858,1.375,300,0.0,0.0
2022-05-16 00:00:00-04:00,1.5,1.5,1.5,1.5,100,0.0,0.0
2022-05-17 00:00:00-04:00,1.5,1.5,1.5,1.5,0,0.0,0.0
2022-05-18 00:00:00-04:00,1.5,1.5,1.5,1.5,0,0.0,0.0
2022-05-19 00:00:00-04:00,1.5,1.5,1.5,1.5,0,0.0,0.0
2022-05-20 00:00:00-04:00,1.5,1.5,1.5,1.5,0,0.0,0.0
2022-05-23 00:00:00-04:00,1.5,1.5,1.5,1.5,0,0.0,0.0
2022-05-24 00:00:00-04:00,1.5,1.5,1.5,1.5,0,0.0,0.0
2022-05-25 00:00:00-04:00,1.5,1.5,1.5,1.5,0,0.0,0.0
2022-05-26 00:00:00-04:00,1.5,1.5,1.5,1.5,0,0.0,0.0
2022-05-27 00:00:00-04:00,1.5,1.5,1.5,1.5,0,0.0,0.0
2022-05-31 00:00:00-04:00,1.5,1.5,1.5,1.5,0,0.0,0.0
2022-06-01 00:00:00-04:00,1.5,1.5,1.5,1.5,0,0.0,0.0
2022-06-02 00:00:00-04:00,1.4500000476837158,1.4500000476837158,1.4500000476837158,1.4500000476837158,200,0.0,0.0
2022-06-03 00:00:00-04:00,1.4500000476837158,1.4500000476837158,1.4500000476837158,1.4500000476837158,0,0.0,0.0
2022-06-06 00:00:00-04:00,1.350000023841858,1.4500000476837158,1.350000023841858,1.350000023841858,700,0.0,0.0
2022-06-07 00:00:00-04:00,1.4359999895095825,1.4500000476837158,1.399999976158142,1.399999976158142,500,0.0,0.0
2022-06-08 00:00:00-04:00,1.4500000476837158,1.4500000476837158,1.4500000476837158,1.4500000476837158,100,0.0,0.0
2022-06-09 00:00:00-04:00,1.4500000476837158,1.4500000476837158,1.4500000476837158,1.4500000476837158,0,0.0,0.0
2022-06-10 00:00:00-04:00,1.4500000476837158,1.4500000476837158,1.4500000476837158,1.4500000476837158,0,0.0,0.0
2022-06-13 00:00:00-04:00,1.2999999523162842,1.2999999523162842,1.2000000476837158,1.2999999523162842,400,0.0,0.0
2022-06-14 00:00:00-04:00,1.2999999523162842,1.2999999523162842,1.2999999523162842,1.2999999523162842,0,0.0,0.0
2022-06-15 00:00:00-04:00,1.2999999523162842,1.2999999523162842,1.2999999523162842,1.2999999523162842,0,0.0,0.0
2022-06-16 00:00:00-04:00,1.2999999523162842,1.2999999523162842,1.2999999523162842,1.2999999523162842,0,0.0,0.0
2022-06-17 00:00:00-04:00,1.2999999523162842,1.2999999523162842,1.2999999523162842,1.2999999523162842,0,0.0,0.0
2022-06-21 00:00:00-04:00,1.2999999523162842,1.2999999523162842,1.2999999523162842,1.2999999523162842,0,0.0,0.0
2022-06-22 00:00:00-04:00,1.2999999523162842,1.2999999523162842,1.2999999523162842,1.2999999523162842,0,0.0,0.0
2022-06-23 00:00:00-04:00,1.0499999523162842,1.0499999523162842,0.9980000257492065,1.0,11600,0.0,0.0
2022-06-24 00:00:00-04:00,1.0,1.0,1.0,1.0,100,0.0,0.0
2022-06-27 00:00:00-04:00,1.0,1.0,1.0,1.0,0,0.0,0.0
2022-06-28 00:00:00-04:00,1.0199999809265137,1.0199999809265137,1.0,1.0,700,0.0,0.0
2022-06-29 00:00:00-04:00,0.9800000190734863,0.9800000190734863,0.8999999761581421,0.8999999761581421,1000,0.0,0.0
2022-06-30 00:00:00-04:00,0.8999999761581421,0.8999999761581421,0.8999999761581421,0.8999999761581421,0,0.0,0.0
2022-07-01 00:00:00-04:00,0.75,0.8999999761581421,0.75,0.8999999761581421,400,0.0,0.0
2022-07-05 00:00:00-04:00,0.8999999761581421,0.8999999761581421,0.8999999761581421,0.8999999761581421,0,0.0,0.0
2022-07-06 00:00:00-04:00,0.7200000286102295,0.8399999737739563,0.699999988079071,0.699999988079071,7900,0.0,0.0
2022-07-07 00:00:00-04:00,0.6700000166893005,0.6800000071525574,0.6000000238418579,0.6000000238418579,7100,0.0,0.0
2022-07-08 00:00:00-04:00,0.6000000238418579,0.6000000238418579,0.6000000238418579,0.6000000238418579,900,0.0,0.0
2022-07-11 00:00:00-04:00,0.6000000238418579,0.6000000238418579,0.6000000238418579,0.6000000238418579,0,0.0,0.0
2022-07-12 00:00:00-04:00,0.7900000214576721,0.8999999761581421,0.7900000214576721,0.8999999761581421,3500,0.0,0.0
2022-07-13 00:00:00-04:00,0.800000011920929,0.800000011920929,0.7699999809265137,0.7699999809265137,3100,0.0,0.0
2022-07-14 00:00:00-04:00,0.550000011920929,0.550000011920929,0.38999998569488525,0.550000011920929,32900,0.0,0.0
2022-07-15 00:00:00-04:00,0.4000000059604645,0.550000011920929,0.38999998569488525,0.5,7900,0.0,0.0
2022-07-18 00:00:00-04:00,0.39399999380111694,0.39399999380111694,0.38999998569488525,0.38999998569488525,4200,0.0,0.0
2022-07-19 00:00:00-04:00,0.3199999928474426,0.550000011920929,0.3199999928474426,0.5440000295639038,9100,0.0,0.0
2022-07-20 00:00:00-04:00,0.5440000295639038,0.5440000295639038,0.5440000295639038,0.5440000295639038,0,0.0,0.0
2022-07-21 00:00:00-04:00,0.5440000295639038,0.5440000295639038,0.5440000295639038,0.5440000295639038,0,0.0,0.0
2022-07-22 00:00:00-04:00,0.550000011920929,0.550000011920929,0.550000011920929,0.550000011920929,2100,0.0,0.0
2022-07-25 00:00:00-04:00,0.3799999952316284,0.5400000214576721,0.30000001192092896,0.375,12000,0.0,0.0
2022-07-26 00:00:00-04:00,0.5490000247955322,0.75,0.5490000247955322,0.75,300,0.0,0.0
2022-07-27 00:00:00-04:00,0.20200000703334808,0.7329999804496765,0.20200000703334808,0.6919999718666077,17500,0.0,0.0
2022-07-28 00:00:00-04:00,0.4000000059604645,0.5450000166893005,0.4000000059604645,0.5,7100,0.0,0.0
2022-07-29 00:00:00-04:00,0.4000000059604645,0.5870000123977661,0.4000000059604645,0.5870000123977661,2800,0.0,0.0
2022-08-01 00:00:00-04:00,0.5249999761581421,0.5600000023841858,0.46000000834465027,0.46000000834465027,12100,0.0,0.0
2022-08-02 00:00:00-04:00,0.6000000238418579,0.6000000238418579,0.6000000238418579,0.6000000238418579,100,0.0,0.0
2022-08-03 00:00:00-04:00,0.6700000166893005,0.800000011920929,0.6700000166893005,0.6700000166893005,22000,0.0,0.0
2022-08-04 00:00:00-04:00,0.800000011920929,0.800000011920929,0.6399999856948853,0.6399999856948853,300,0.0,0.0
2022-08-05 00:00:00-04:00,0.6399999856948853,0.6399999856948853,0.6399999856948853,0.6399999856948853,1100,0.0,0.0
2022-08-08 00:00:00-04:00,0.6399999856948853,0.6399999856948853,0.6399999856948853,0.6399999856948853,0,0.0,0.0
2022-08-09 00:00:00-04:00,0.5,0.6399999856948853,0.5,0.550000011920929,44100,0.0,0.0
2022-08-10 00:00:00-04:00,0.6399999856948853,0.6399999856948853,0.6399999856948853,0.6399999856948853,400,0.0,0.0
2022-08-11 00:00:00-04:00,0.6399999856948853,0.6399999856948853,0.6399999856948853,0.6399999856948853,1000,0.0,0.0
2022-08-12 00:00:00-04:00,0.824999988079071,0.824999988079071,0.824999988079071,0.824999988079071,200,0.0,0.0
2022-08-15 00:00:00-04:00,0.824999988079071,0.824999988079071,0.824999988079071,0.824999988079071,0,0.0,0.0
2022-08-16 00:00:00-04:00,0.824999988079071,0.824999988079071,0.824999988079071,0.824999988079071,0,0.0,0.0
2022-08-17 00:00:00-04:00,0.824999988079071,0.824999988079071,0.824999988079071,0.824999988079071,0,0.0,0.0
2022-08-18 00:00:00-04:00,0.824999988079071,0.824999988079071,0.824999988079071,0.824999988079071,800,0.0,0.0
2022-08-19 00:00:00-04:00,0.824999988079071,0.824999988079071,0.824999988079071,0.824999988079071,0,0.0,0.0
2022-08-22 00:00:00-04:00,0.824999988079071,0.824999988079071,0.824999988079071,0.824999988079071,0,0.0,0.0
2022-08-23 00:00:00-04:00,0.824999988079071,0.824999988079071,0.824999988079071,0.824999988079071,0,0.0,0.0
2022-08-24 00:00:00-04:00,0.824999988079071,0.824999988079071,0.824999988079071,0.824999988079071,0,0.0,0.0
2022-08-25 00:00:00-04:00,0.824999988079071,0.824999988079071,0.824999988079071,0.824999988079071,0,0.0,0.0
2022-08-26 00:00:00-04:00,0.824999988079071,0.824999988079071,0.824999988079071,0.824999988079071,0,0.0,0.0
2022-08-29 00:00:00-04:00,0.7070000171661377,0.949999988079071,0.699999988079071,0.949999988079071,9200,0.0,0.0
2022-08-30 00:00:00-04:00,0.949999988079071,1.0,0.949999988079071,1.0,2600,0.0,0.0
2022-08-31 00:00:00-04:00,1.100000023841858,1.2999999523162842,1.100000023841858,1.2999999523162842,11600,0.0,0.0
2022-09-01 00:00:00-04:00,1.340000033378601,1.3799999952316284,1.340000033378601,1.3799999952316284,1200,0.0,0.0
2022-09-02 00:00:00-04:00,1.4500000476837158,1.6749999523162842,1.4500000476837158,1.5,3800,0.0,0.0
2022-09-06 00:00:00-04:00,2.0999999046325684,3.200000047683716,1.600000023841858,1.600000023841858,12600,0.0,0.0
2022-09-07 00:00:00-04:00,2.0999999046325684,2.0999999046325684,1.75,1.75,400,0.0,0.0
2022-09-08 00:00:00-04:00,1.2300000190734863,2.0,1.218000054359436,1.899999976158142,4800,0.0,0.0
2022-09-09 00:00:00-04:00,1.9500000476837158,2.25,1.9500000476837158,2.009999990463257,32900,0.0,0.0
2022-09-12 00:00:00-04:00,2.009999990463257,2.119999885559082,2.0,2.0999999046325684,11500,0.0,0.0
2022-09-13 00:00:00-04:00,2.0999999046325684,2.0999999046325684,2.0999999046325684,2.0999999046325684,0,0.0,0.0
2022-09-14 00:00:00-04:00,2.299999952316284,2.299999952316284,2.0,2.0,17400,0.0,0.0
2022-09-15 00:00:00-04:00,2.0199999809265137,2.0199999809265137,2.0,2.0,3000,0.0,0.0
2022-09-16 00:00:00-04:00,2.0,2.049999952316284,1.9500000476837158,2.049999952316284,3900,0.0,0.0
2022-09-19 00:00:00-04:00,2.049999952316284,2.049999952316284,1.850000023841858,2.049999952316284,48500,0.0,0.0
2022-09-20 00:00:00-04:00,2.049999952316284,2.049999952316284,2.049999952316284,2.049999952316284,0,0.0,0.0
2022-09-21 00:00:00-04:00,2.049999952316284,2.049999952316284,2.0,2.0,2600,0.0,0.0
2022-09-22 00:00:00-04:00,2.049999952316284,2.049999952316284,2.049999952316284,2.049999952316284,600,0.0,0.0
2022-09-23 00:00:00-04:00,2.0,2.049999952316284,2.0,2.049999952316284,1400,0.0,0.0
2022-09-26 00:00:00-04:00,2.0999999046325684,2.0999999046325684,2.0,2.0,1200,0.0,0.0
2022-09-27 00:00:00-04:00,2.0999999046325684,2.0999999046325684,2.0,2.0,3100,0.0,0.0
2022-09-28 00:00:00-04:00,2.0999999046325684,2.0999999046325684,1.850000023841858,2.0999999046325684,6900,0.0,0.0
2022-09-29 00:00:00-04:00,2.049999952316284,2.075000047683716,1.850000023841858,2.049999952316284,12000,0.0,0.0
2022-09-30 00:00:00-04:00,2.0,2.049999952316284,1.940999984741211,2.049999952316284,9100,0.0,0.0
2022-10-03 00:00:00-04:00,2.0,2.0,2.0,2.0,500,0.0,0.0
2022-10-04 00:00:00-04:00,2.0,2.0199999809265137,1.9500000476837158,2.0199999809265137,700,0.0,0.0
2022-10-05 00:00:00-04:00,2.0199999809265137,2.0299999713897705,2.0199999809265137,2.0299999713897705,200,0.0,0.0
2022-10-06 00:00:00-04:00,2.0,2.0199999809265137,1.9500000476837158,1.9500000476837158,1300,0.0,0.0
2022-10-07 00:00:00-04:00,2.0,2.0,1.9500000476837158,1.9500000476837158,500,0.0,0.0
2022-10-10 00:00:00-04:00,1.9500000476837158,1.9500000476837158,1.9500000476837158,1.9500000476837158,0,0.0,0.0
2022-10-11 00:00:00-04:00,2.0,2.049999952316284,1.9500000476837158,2.0,99300,0.0,0.0
2022-10-12 00:00:00-04:00,2.0,2.25,1.899999976158142,2.0999999046325684,59300,0.0,0.0
2022-10-13 00:00:00-04:00,2.049999952316284,2.049999952316284,1.8250000476837158,1.9500000476837158,65700,0.0,0.0
2022-10-14 00:00:00-04:00,1.940000057220459,2.0,1.940000057220459,1.9500000476837158,4900,0.0,0.0
2022-10-17 00:00:00-04:00,3.0,3.0,2.0999999046325684,2.0999999046325684,8000,0.0,0.0
2022-10-18 00:00:00-04:00,1.909999966621399,2.075000047683716,1.899999976158142,2.075000047683716,600,0.0,0.0
2022-10-19 00:00:00-04:00,2.049999952316284,2.049999952316284,1.899999976158142,1.975000023841858,600,0.0,0.0
2022-10-20 00:00:00-04:00,1.9500000476837158,2.0,1.899999976158142,2.0,500,0.0,0.0
2022-10-21 00:00:00-04:00,1.899999976158142,1.9730000495910645,1.7999999523162842,1.9249999523162842,4700,0.0,0.0
2022-10-24 00:00:00-04:00,1.899999976158142,1.975000023841858,1.899999976158142,1.975000023841858,7600,0.0,0.0
2022-10-25 00:00:00-04:00,1.9700000286102295,1.9700000286102295,1.7999999523162842,1.7999999523162842,3700,0.0,0.0
2022-10-26 00:00:00-04:00,1.75,2.0,1.75,1.850000023841858,2300,0.0,0.0
2022-10-27 00:00:00-04:00,1.9500000476837158,2.0,1.75,1.75,4200,0.0,0.0
2022-10-28 00:00:00-04:00,2.0,2.0,1.8300000429153442,2.0,400,0.0,0.0
2022-10-31 00:00:00-04:00,1.9600000381469727,1.9600000381469727,1.9500000476837158,1.9500000476837158,300,0.0,0.0
2022-11-01 00:00:00-04:00,1.9500000476837158,1.9500000476837158,1.9500000476837158,1.9500000476837158,0,0.0,0.0
2022-11-02 00:00:00-04:00,2.0,2.0,1.9600000381469727,1.9600000381469727,1200,0.0,0.0
2022-11-03 00:00:00-04:00,1.9299999475479126,1.9299999475479126,1.9299999475479126,1.9299999475479126,200,0.0,0.0
2022-11-04 00:00:00-04:00,1.9299999475479126,1.9299999475479126,1.8899999856948853,1.8899999856948853,400,0.0,0.0
2022-11-07 00:00:00-05:00,1.8300000429153442,1.840000033378601,1.8300000429153442,1.840000033378601,400,0.0,0.0
2022-11-08 00:00:00-05:00,1.8799999952316284,1.8799999952316284,1.840000033378601,1.840000033378601,1100,0.0,0.0
2022-11-09 00:00:00-05:00,1.8899999856948853,1.8899999856948853,1.840000033378601,1.840000033378601,400,0.0,0.0
2022-11-10 00:00:00-05:00,1.840000033378601,1.840000033378601,1.840000033378601,1.840000033378601,0,0.0,0.0
2022-11-11 00:00:00-05:00,1.840000033378601,1.840000033378601,1.7309999465942383,1.7309999465942383,1500,0.0,0.0
2022-11-14 00:00:00-05:00,1.8600000143051147,1.8700000047683716,1.8600000143051147,1.8700000047683716,500,0.0,0.0
2022-11-15 00:00:00-05:00,1.8899999856948853,2.0,1.8700000047683716,2.0,1100,0.0,0.0
2022-11-16 00:00:00-05:00,1.909999966621399,2.0,1.8700000047683716,2.0,1200,0.0,0.0
2022-11-17 00:00:00-05:00,1.9500000476837158,1.9500000476837158,1.899999976158142,1.899999976158142,300,0.0,0.0
2022-11-18 00:00:00-05:00,1.909999966621399,1.909999966621399,1.8480000495910645,1.8480000495910645,600,0.0,0.0
2022-11-21 00:00:00-05:00,1.9500000476837158,1.9500000476837158,1.840000033378601,1.840000033378601,400,0.0,0.0
2022-11-22 00:00:00-05:00,1.8300000429153442,1.8300000429153442,1.7999999523162842,1.7999999523162842,300,0.0,0.0
2022-11-23 00:00:00-05:00,1.875,1.875,1.7999999523162842,1.8200000524520874,500,0.0,0.0
2022-11-25 00:00:00-05:00,1.7999999523162842,1.7999999523162842,1.7999999523162842,1.7999999523162842,300,0.0,0.0
2022-11-28 00:00:00-05:00,1.8300000429153442,1.8300000429153442,1.7799999713897705,1.7799999713897705,500,0.0,0.0
2022-11-29 00:00:00-05:00,1.809999942779541,1.809999942779541,1.75,1.75,300,0.0,0.0
2022-11-30 00:00:00-05:00,1.7799999713897705,1.7799999713897705,1.7000000476837158,1.7100000381469727,1500,0.0,0.0
2022-12-01 00:00:00-05:00,1.7400000095367432,1.7400000095367432,1.649999976158142,1.7000000476837158,1000,0.0,0.0
2022-12-02 00:00:00-05:00,1.6699999570846558,1.8899999856948853,1.0499999523162842,1.7799999713897705,61000,0.0,0.0
2022-12-05 00:00:00-05:00,1.7999999523162842,1.7999999523162842,1.649999976158142,1.7999999523162842,1500,0.0,0.0
2022-12-06 00:00:00-05:00,1.75,1.75,1.649999976158142,1.7000000476837158,800,0.0,0.0
2022-12-07 00:00:00-05:00,1.649999976158142,1.7000000476837158,1.5,1.7000000476837158,4400,0.0,0.0
2022-12-08 00:00:00-05:00,1.649999976158142,1.649999976158142,1.649999976158142,1.649999976158142,100,0.0,0.0
2022-12-09 00:00:00-05:00,1.649999976158142,1.649999976158142,1.5,1.600000023841858,2600,0.0,0.0
2022-12-12 00:00:00-05:00,1.600000023841858,1.7000000476837158,1.5499999523162842,1.7000000476837158,1500,0.0,0.0
2022-12-13 00:00:00-05:00,1.649999976158142,1.649999976158142,1.5499999523162842,1.6430000066757202,2400,0.0,0.0
2022-12-14 00:00:00-05:00,1.6200000047683716,1.625,1.524999976158142,1.625,2000,0.0,0.0
2022-12-15 00:00:00-05:00,1.600000023841858,1.600000023841858,1.600000023841858,1.600000023841858,200,0.0,0.0
2022-12-16 00:00:00-05:00,1.5499999523162842,1.5499999523162842,1.5,1.5499999523162842,900,0.0,0.0
2022-12-19 00:00:00-05:00,1.5499999523162842,1.5499999523162842,1.5,1.5,500,0.0,0.0
2022-12-20 00:00:00-05:00,1.5499999523162842,1.5499999523162842,1.5499999523162842,1.5499999523162842,100,0.0,0.0
2022-12-21 00:00:00-05:00,1.5499999523162842,1.5499999523162842,1.4249999523162842,1.5,1300,0.0,0.0
2022-12-22 00:00:00-05:00,1.5,1.5,1.5,1.5,100,0.0,0.0
2022-12-23 00:00:00-05:00,1.4800000190734863,1.5099999904632568,1.4780000448226929,1.5099999904632568,1700,0.0,0.0
2022-12-27 00:00:00-05:00,1.4700000286102295,1.5099999904632568,1.4299999475479126,1.5099999904632568,1100,0.0,0.0
2022-12-28 00:00:00-05:00,1.5099999904632568,1.5099999904632568,1.5099999904632568,1.5099999904632568,0,0.0,0.0
2022-12-29 00:00:00-05:00,1.4700000286102295,1.4700000286102295,1.4149999618530273,1.4149999618530273,600,0.0,0.0
2022-12-30 00:00:00-05:00,1.4149999618530273,1.4149999618530273,1.4149999618530273,1.4149999618530273,100,0.0,0.0
2023-01-03 00:00:00-05:00,1.4149999618530273,1.4149999618530273,1.4149999618530273,1.4149999618530273,0,0.0,0.0
2023-01-04 00:00:00-05:00,1.4149999618530273,1.4149999618530273,1.4149999618530273,1.4149999618530273,0,0.0,0.0
2023-01-05 00:00:00-05:00,1.440000057220459,1.440000057220459,1.4199999570846558,1.4199999570846558,400,0.0,0.0
2023-01-06 00:00:00-05:00,1.4199999570846558,1.4199999570846558,1.4199999570846558,1.4199999570846558,0,0.0,0.0
2023-01-09 00:00:00-05:00,1.399999976158142,1.399999976158142,1.399999976158142,1.399999976158142,100,0.0,0.0
2023-01-10 00:00:00-05:00,1.350000023841858,1.350000023841858,1.274999976158142,1.350000023841858,4200,0.0,0.0
2023-01-11 00:00:00-05:00,1.350000023841858,1.5499999523162842,1.350000023841858,1.5,6800,0.0,0.0
2023-01-12 00:00:00-05:00,1.4299999475479126,1.4450000524520874,1.4299999475479126,1.4450000524520874,200,0.0,0.0
2023-01-13 00:00:00-05:00,1.4450000524520874,1.4450000524520874,1.4450000524520874,1.4450000524520874,0,0.0,0.0
2023-01-17 00:00:00-05:00,1.399999976158142,1.409999966621399,1.3819999694824219,1.3819999694824219,600,0.0,0.0
2023-01-18 00:00:00-05:00,1.3819999694824219,1.3819999694824219,1.3819999694824219,1.3819999694824219,0,0.0,0.0
2023-01-19 00:00:00-05:00,1.399999976158142,1.399999976158142,1.350000023841858,1.375,1100,0.0,0.0
2023-01-20 00:00:00-05:00,1.399999976158142,1.399999976158142,1.399999976158142,1.399999976158142,100,0.0,0.0
2023-01-23 00:00:00-05:00,1.399999976158142,1.5,1.399999976158142,1.5,2900,0.0,0.0
2023-01-24 00:00:00-05:00,1.600000023841858,1.600000023841858,1.4500000476837158,1.4500000476837158,900,0.0,0.0
2023-01-25 00:00:00-05:00,1.4249999523162842,1.5,1.4249999523162842,1.5,400,0.0,0.0
2023-01-26 00:00:00-05:00,1.534999966621399,1.534999966621399,1.5,1.5,400,0.0,0.0
2023-01-27 00:00:00-05:00,1.4500000476837158,1.475000023841858,1.399999976158142,1.475000023841858,700,0.0,0.0
2023-01-30 00:00:00-05:00,1.5,1.5499999523162842,1.5,1.5499999523162842,1600,0.0,0.0
2023-01-31 00:00:00-05:00,1.7649999856948853,1.7649999856948853,1.7649999856948853,1.7649999856948853,100,0.0,0.0
2023-02-01 00:00:00-05:00,1.7649999856948853,1.7649999856948853,1.7649999856948853,1.7649999856948853,0,0.0,0.0
2023-02-02 00:00:00-05:00,1.7649999856948853,1.7649999856948853,1.7649999856948853,1.7649999856948853,0,0.0,0.0
2023-02-03 00:00:00-05:00,1.75,2.0,1.7330000400543213,2.0,2600,0.0,0.0
2023-02-06 00:00:00-05:00,1.899999976158142,1.899999976158142,1.899999976158142,1.899999976158142,200,0.0,0.0
2023-02-07 00:00:00-05:00,1.899999976158142,1.899999976158142,1.899999976158142,1.899999976158142,0,0.0,0.0
2023-02-08 00:00:00-05:00,1.899999976158142,1.899999976158142,1.899999976158142,1.899999976158142,0,0.0,0.0
2023-02-09 00:00:00-05:00,1.899999976158142,1.899999976158142,1.899999976158142,1.899999976158142,0,0.0,0.0
2023-02-10 00:00:00-05:00,1.8880000114440918,1.899999976158142,1.8880000114440918,1.899999976158142,800,0.0,0.0
2023-02-13 00:00:00-05:00,1.899999976158142,1.899999976158142,1.899999976158142,1.899999976158142,0,0.0,0.0
2023-02-14 00:00:00-05:00,1.899999976158142,1.899999976158142,1.899999976158142,1.899999976158142,0,0.0,0.0
2023-02-15 00:00:00-05:00,1.899999976158142,1.899999976158142,1.899999976158142,1.899999976158142,0,0.0,0.0
2023-02-16 00:00:00-05:00,1.88100004196167,3.0,1.88100004196167,3.0,53800,0.0,0.0
2023-02-17 00:00:00-05:00,2.8499999046325684,2.8499999046325684,2.1659998893737793,2.7699999809265137,27200,0.0,0.0
2023-02-21 00:00:00-05:00,2.7699999809265137,2.7699999809265137,2.5999999046325684,2.7699999809265137,1700,0.0,0.0
2023-02-22 00:00:00-05:00,2.8499999046325684,3.0,2.819999933242798,3.0,11100,0.0,0.0
2023-02-23 00:00:00-05:00,2.9700000286102295,2.990000009536743,2.799999952316284,2.990000009536743,4500,0.0,0.0
2023-02-24 00:00:00-05:00,2.9200000762939453,3.0,2.9000000953674316,3.0,4800,0.0,0.0
2023-02-27 00:00:00-05:00,3.0,3.130000114440918,3.0,3.130000114440918,32600,0.0,0.0
2023-02-28 00:00:00-05:00,3.1500000953674316,3.190000057220459,3.049999952316284,3.190000057220459,23900,0.0,0.0
2023-03-01 00:00:00-05:00,3.190000057220459,3.200000047683716,3.1700000762939453,3.200000047683716,500,0.0,0.0
2023-03-02 00:00:00-05:00,3.1500000953674316,3.240000009536743,3.1500000953674316,3.200000047683716,7700,0.0,0.0
2023-03-03 00:00:00-05:00,3.184999942779541,3.25,3.0799999237060547,3.25,3700,0.0,0.0
2023-03-06 00:00:00-05:00,3.2750000953674316,3.2750000953674316,3.25,3.25,400,0.0,0.0
2023-03-07 00:00:00-05:00,3.200000047683716,3.2249999046325684,3.180000066757202,3.2249999046325684,500,0.0,0.0
2023-03-08 00:00:00-05:00,3.200000047683716,3.25,3.200000047683716,3.25,500,0.0,0.0
2023-03-09 00:00:00-05:00,3.25,3.309999942779541,3.2249999046325684,3.299999952316284,4200,0.0,0.0
2023-03-10 00:00:00-05:00,3.309999942779541,3.315000057220459,3.25,3.315000057220459,800,0.0,0.0
2023-03-13 00:00:00-04:00,3.299999952316284,3.299999952316284,3.299999952316284,3.299999952316284,300,0.0,0.0
2023-03-14 00:00:00-04:00,3.309999942779541,3.309999942779541,3.25,3.25,400,0.0,0.0
2023-03-15 00:00:00-04:00,3.299999952316284,3.299999952316284,3.299999952316284,3.299999952316284,400,0.0,0.0
2023-03-16 00:00:00-04:00,3.2750000953674316,3.299999952316284,3.2750000953674316,3.299999952316284,300,0.0,0.0
2023-03-17 00:00:00-04:00,3.299999952316284,3.299999952316284,3.299999952316284,3.299999952316284,2200,0.0,0.0
2023-03-20 00:00:00-04:00,3.299999952316284,3.299999952316284,3.299999952316284,3.299999952316284,0,0.0,0.0
2023-03-21 00:00:00-04:00,3.299999952316284,3.299999952316284,3.299999952316284,3.299999952316284,400,0.0,0.0
2023-03-22 00:00:00-04:00,3.2750000953674316,3.299999952316284,3.200000047683716,3.299999952316284,2600,0.0,0.0
2023-03-23 00:00:00-04:00,3.25,3.25,3.200000047683716,3.200000047683716,200,0.0,0.0
2023-03-24 00:00:00-04:00,3.315000057220459,3.319999933242798,3.200000047683716,3.299999952316284,17200,0.0,0.0
2023-03-27 00:00:00-04:00,3.25,3.319999933242798,3.200000047683716,3.302999973297119,5000,0.0,0.0
2023-03-28 00:00:00-04:00,3.309999942779541,3.4000000953674316,3.2799999713897705,3.365999937057495,12200,0.0,0.0
2023-03-29 00:00:00-04:00,3.380000114440918,3.390000104904175,3.3299999237060547,3.390000104904175,400,0.0,0.0
2023-03-30 00:00:00-04:00,3.3299999237060547,3.385999917984009,3.3299999237060547,3.385999917984009,500,0.0,0.0
2023-03-31 00:00:00-04:00,3.390000104904175,3.390000104904175,3.3499999046325684,3.3499999046325684,1300,0.0,0.0
2023-04-03 00:00:00-04:00,3.390000104904175,3.390000104904175,2.9800000190734863,3.244999885559082,5500,0.0,0.0
2023-04-04 00:00:00-04:00,3.200000047683716,3.296999931335449,3.200000047683716,3.296999931335449,300,0.0,0.0
2023-04-05 00:00:00-04:00,3.299999952316284,3.5399999618530273,3.25,3.299999952316284,23400,0.0,0.0
2023-04-06 00:00:00-04:00,3.299999952316284,3.5,3.0999999046325684,3.5,10600,0.0,0.0
2023-04-10 00:00:00-04:00,3.3299999237060547,3.5,3.1500000953674316,3.5,2100,0.0,0.0
2023-04-11 00:00:00-04:00,3.3499999046325684,3.4800000190734863,3.315000057220459,3.4800000190734863,1000,0.0,0.0
2023-04-12 00:00:00-04:00,3.5,3.5999999046325684,3.4600000381469727,3.4600000381469727,700,0.0,0.0
2023-04-13 00:00:00-04:00,3.4600000381469727,3.4600000381469727,3.4600000381469727,3.4600000381469727,0,0.0,0.0
2023-04-14 00:00:00-04:00,3.4000000953674316,4.699999809265137,3.3499999046325684,3.5,56300,0.0,0.0
2023-04-17 00:00:00-04:00,3.4000000953674316,3.5,3.4000000953674316,3.5,2100,0.0,0.0
2023-04-18 00:00:00-04:00,3.4600000381469727,3.75,3.450000047683716,3.6500000953674316,32700,0.0,0.0
2023-04-19 00:00:00-04:00,3.549999952316284,3.549999952316284,3.4600000381469727,3.490000009536743,1700,0.0,0.0
2023-04-20 00:00:00-04:00,3.4600000381469727,3.4600000381469727,3.4000000953674316,3.4000000953674316,700,0.0,0.0
2023-04-21 00:00:00-04:00,3.490000009536743,3.490000009536743,3.490000009536743,3.490000009536743,100,0.0,0.0
2023-04-24 00:00:00-04:00,3.5199999809265137,3.700000047683716,3.5,3.5,800,0.0,0.0
2023-04-25 00:00:00-04:00,3.6600000858306885,3.7699999809265137,3.4000000953674316,3.700000047683716,8200,0.0,0.0
2023-04-26 00:00:00-04:00,3.5,3.5999999046325684,3.5,3.5999999046325684,1000,0.0,0.0
2023-04-27 00:00:00-04:00,3.700000047683716,3.700000047683716,3.009999990463257,3.5,23900,0.0,0.0
2023-04-28 00:00:00-04:00,3.450000047683716,3.5999999046325684,1.850000023841858,3.1500000953674316,105700,0.0,0.0
2023-05-01 00:00:00-04:00,3.1500000953674316,3.1510000228881836,2.799999952316284,2.990000009536743,78100,0.0,0.0
2023-05-02 00:00:00-04:00,3.1500000953674316,3.1500000953674316,2.369999885559082,2.934999942779541,42500,0.0,0.0
2023-05-03 00:00:00-04:00,2.940000057220459,3.4000000953674316,2.940000057220459,3.0999999046325684,33400,0.0,0.0
2023-05-04 00:00:00-04:00,3.0999999046325684,3.13100004196167,3.0999999046325684,3.13100004196167,1200,0.0,0.0
2023-05-05 00:00:00-04:00,3.265000104904175,3.265000104904175,3.2300000190734863,3.25,1400,0.0,0.0
2023-05-08 00:00:00-04:00,3.2300000190734863,3.2300000190734863,3.049999952316284,3.049999952316284,1200,0.0,0.0
2023-05-09 00:00:00-04:00,3.049999952316284,3.1500000953674316,3.049999952316284,3.1500000953674316,1300,0.0,0.0
2023-05-10 00:00:00-04:00,3.180000066757202,3.25,3.0,3.2300000190734863,5300,0.0,0.0
2023-05-11 00:00:00-04:00,3.2300000190734863,3.299999952316284,3.2300000190734863,3.299999952316284,2700,0.0,0.0
2023-05-12 00:00:00-04:00,3.25,3.25,3.049999952316284,3.174999952316284,2200,0.0,0.0
2023-05-15 00:00:00-04:00,3.1500000953674316,3.1500000953674316,3.049999952316284,3.1500000953674316,6900,0.0,0.0
2023-05-16 00:00:00-04:00,3.049999952316284,3.125,3.0,3.125,600,0.0,0.0
2023-05-17 00:00:00-04:00,3.0999999046325684,3.0999999046325684,3.0,3.0,1300,0.0,0.0
2023-05-18 00:00:00-04:00,3.049999952316284,3.049999952316284,2.799999952316284,2.9200000762939453,9600,0.0,0.0
2023-05-19 00:00:00-04:00,2.9000000953674316,2.950000047683716,2.8499999046325684,2.875,700,0.0,0.0
2023-05-22 00:00:00-04:00,2.9000000953674316,2.9000000953674316,2.8499999046325684,2.8980000019073486,1100,0.0,0.0
2023-05-23 00:00:00-04:00,2.9200000762939453,2.984999895095825,2.8499999046325684,2.9700000286102295,1300,0.0,0.0
2023-05-24 00:00:00-04:00,2.930000066757202,3.0,2.930000066757202,3.0,1700,0.0,0.0
2023-05-25 00:00:00-04:00,3.049999952316284,3.049999952316284,3.0,3.0,200,0.0,0.0
2023-05-26 00:00:00-04:00,2.950000047683716,3.0,2.9000000953674316,3.0,700,0.0,0.0
2023-05-30 00:00:00-04:00,2.993000030517578,2.996999979019165,2.950000047683716,2.950000047683716,10600,0.0,0.0
2023-05-31 00:00:00-04:00,3.0,3.0399999618530273,2.9000000953674316,2.9000000953674316,2100,0.0,0.0
2023-06-01 00:00:00-04:00,2.950000047683716,2.950000047683716,2.9000000953674316,2.9000000953674316,500,0.0,0.0
2023-06-02 00:00:00-04:00,2.9749999046325684,2.9749999046325684,2.9749999046325684,2.9749999046325684,100,0.0,0.0
2023-06-05 00:00:00-04:00,2.950000047683716,2.9749999046325684,2.8499999046325684,2.9749999046325684,3300,0.0,0.0
2023-06-06 00:00:00-04:00,2.9000000953674316,3.0999999046325684,2.8489999771118164,3.0999999046325684,14300,0.0,0.0
2023-06-07 00:00:00-04:00,3.01200008392334,3.049999952316284,3.0,3.0,15400,0.0,0.0
2023-06-08 00:00:00-04:00,3.0,3.0,3.0,3.0,0,0.0,0.0
2023-06-09 00:00:00-04:00,3.0,3.0,3.0,3.0,0,0.0,0.0
2023-06-12 00:00:00-04:00,2.930000066757202,2.950000047683716,2.9000000953674316,2.940000057220459,2500,0.0,0.0
2023-06-13 00:00:00-04:00,3.0,3.0,2.75,2.9800000190734863,3300,0.0,0.0
2023-06-14 00:00:00-04:00,2.940000057220459,2.9800000190734863,2.888000011444092,2.9000000953674316,6000,0.0,0.0
2023-06-15 00:00:00-04:00,2.944999933242798,2.950000047683716,2.799999952316284,2.950000047683716,1600,0.0,0.0
2023-06-16 00:00:00-04:00,2.9000000953674316,3.309999942779541,2.9000000953674316,3.049999952316284,23700,0.0,0.0
2023-06-20 00:00:00-04:00,3.1500000953674316,3.1500000953674316,2.950000047683716,3.0,2700,0.0,0.0
2023-06-21 00:00:00-04:00,3.0999999046325684,3.0999999046325684,3.0999999046325684,3.0999999046325684,3000,0.0,0.0
2023-06-22 00:00:00-04:00,3.049999952316284,3.0999999046325684,3.0,3.0999999046325684,3200,0.0,0.0
2023-06-23 00:00:00-04:00,3.0999999046325684,3.134999990463257,3.0,3.134999990463257,2500,0.0,0.0
2023-06-26 00:00:00-04:00,3.119999885559082,3.200000047683716,3.0,3.174999952316284,5600,0.0,0.0
2023-06-27 00:00:00-04:00,3.119999885559082,3.119999885559082,2.950000047683716,3.119999885559082,12600,0.0,0.0
2023-06-28 00:00:00-04:00,2.950000047683716,3.259999990463257,2.950000047683716,3.0,8600,0.0,0.0
2023-06-29 00:00:00-04:00,3.0199999809265137,3.0299999713897705,2.880000114440918,2.880000114440918,14900,0.0,0.0
2023-06-30 00:00:00-04:00,2.950000047683716,3.009999990463257,2.950000047683716,3.0,16800,0.0,0.0
2023-07-03 00:00:00-04:00,3.0,3.0,2.994999885559082,3.0,5500,0.0,0.0
2023-07-05 00:00:00-04:00,3.2249999046325684,3.2249999046325684,2.9800000190734863,3.049999952316284,9400,0.0,0.0
2023-07-06 00:00:00-04:00,3.049999952316284,3.174999952316284,2.8989999294281006,3.125,10000,0.0,0.0
2023-07-07 00:00:00-04:00,3.125,3.125,3.125,3.125,0,0.0,0.0
2023-07-10 00:00:00-04:00,3.0199999809265137,3.049999952316284,2.2200000286102295,2.9700000286102295,28300,0.0,0.0
2023-07-11 00:00:00-04:00,3.0999999046325684,3.4000000953674316,3.0,3.25,7600,0.0,0.0
2023-07-12 00:00:00-04:00,3.25,3.25,3.25,3.25,200,0.0,0.0
2023-07-13 00:00:00-04:00,3.25,3.5,3.25,3.299999952316284,7900,0.0,0.0
2023-07-14 00:00:00-04:00,3.3980000019073486,3.680000066757202,3.299999952316284,3.299999952316284,28100,0.0,0.0
2023-07-17 00:00:00-04:00,3.444000005722046,3.444000005722046,3.049999952316284,3.2200000286102295,1200,0.0,0.0
2023-07-18 00:00:00-04:00,3.299999952316284,3.819999933242798,3.299999952316284,3.4000000953674316,23700,0.0,0.0
2023-07-19 00:00:00-04:00,3.5,3.625,3.5,3.5199999809265137,6700,0.0,0.0
2023-07-20 00:00:00-04:00,3.5999999046325684,3.799999952316284,3.5,3.5999999046325684,3400,0.0,0.0
2023-07-21 00:00:00-04:00,3.3299999237060547,3.700000047683716,3.3299999237060547,3.700000047683716,1700,0.0,0.0
2023-07-24 00:00:00-04:00,3.700000047683716,3.700000047683716,3.700000047683716,3.700000047683716,0,0.0,0.0
2023-07-25 00:00:00-04:00,3.700000047683716,3.880000114440918,3.700000047683716,3.799999952316284,8300,0.0,0.0
2023-07-26 00:00:00-04:00,3.799999952316284,4.110000133514404,3.5999999046325684,3.880000114440918,41100,0.0,0.0
2023-07-27 00:00:00-04:00,3.9000000953674316,4.239999771118164,3.9000000953674316,3.994999885559082,31200,0.0,0.0
2023-07-28 00:00:00-04:00,4.0,4.159999847412109,4.0,4.159999847412109,700,0.0,0.0
2023-07-31 00:00:00-04:00,4.144999980926514,4.25,3.7699999809265137,4.199999809265137,7800,0.0,0.0
2023-08-01 00:00:00-04:00,4.175000190734863,4.500999927520752,4.175000190734863,4.252999782562256,24600,0.0,0.0
2023-08-02 00:00:00-04:00,4.257999897003174,4.480000019073486,4.257999897003174,4.269999980926514,16800,0.0,0.0
2023-08-03 00:00:00-04:00,4.293000221252441,4.489999771118164,4.293000221252441,4.335000038146973,15300,0.0,0.0
2023-08-04 00:00:00-04:00,4.349999904632568,4.46999979019165,4.349999904632568,4.388000011444092,1100,0.0,0.0
2023-08-07 00:00:00-04:00,4.46999979019165,4.47599983215332,4.439000129699707,4.46999979019165,5200,0.0,0.0
2023-08-08 00:00:00-04:00,4.489999771118164,4.710000038146973,4.400000095367432,4.489999771118164,21800,0.0,0.0
2023-08-09 00:00:00-04:00,4.489999771118164,4.690000057220459,4.489999771118164,4.5,10000,0.0,0.0
2023-08-10 00:00:00-04:00,4.590000152587891,4.690000057220459,4.5,4.550000190734863,18900,0.0,0.0
2023-08-11 00:00:00-04:00,4.559999942779541,4.619999885559082,4.400000095367432,4.59499979019165,3300,0.0,0.0
2023-08-14 00:00:00-04:00,4.550000190734863,4.679999828338623,4.400000095367432,4.545000076293945,9100,0.0,0.0
2023-08-15 00:00:00-04:00,4.5,4.670000076293945,4.099999904632568,4.5,41600,0.0,0.0
2023-08-16 00:00:00-04:00,4.480000019073486,4.599999904632568,4.480000019073486,4.510000228881836,3300,0.0,0.0
2023-08-17 00:00:00-04:00,4.510000228881836,4.599999904632568,4.309999942779541,4.554999828338623,7200,0.0,0.0
2023-08-18 00:00:00-04:00,4.554999828338623,4.554999828338623,4.554999828338623,4.554999828338623,0,0.0,0.0
2023-08-21 00:00:00-04:00,4.550000190734863,4.659999847412109,4.5,4.579999923706055,22000,0.0,0.0
2023-08-22 00:00:00-04:00,4.739999771118164,4.829999923706055,4.385000228881836,4.590000152587891,63400,0.0,0.0
2023-08-23 00:00:00-04:00,4.590000152587891,4.619999885559082,4.590000152587891,4.599999904632568,3300,0.0,0.0
2023-08-24 00:00:00-04:00,4.449999809265137,4.449999809265137,4.349999904632568,4.349999904632568,1000,0.0,0.0
2023-08-25 00:00:00-04:00,4.369999885559082,4.489999771118164,4.369999885559082,4.489999771118164,600,0.0,0.0
2023-08-28 00:00:00-04:00,4.46999979019165,4.599999904632568,4.369999885559082,4.599999904632568,7400,0.0,0.0
2023-08-29 00:00:00-04:00,4.650000095367432,4.650000095367432,4.369999885559082,4.5,700,0.0,0.0
2023-08-30 00:00:00-04:00,4.400000095367432,4.480000019073486,4.400000095367432,4.449999809265137,700,0.0,0.0
2023-08-31 00:00:00-04:00,4.449999809265137,4.449999809265137,4.440000057220459,4.449999809265137,5600,0.0,0.0
2023-09-01 00:00:00-04:00,4.409999847412109,4.449999809265137,4.409999847412109,4.449999809265137,200,0.0,0.0
2023-09-05 00:00:00-04:00,4.369999885559082,4.449999809265137,4.300000190734863,4.449999809265137,1100,0.0,0.0
2023-09-06 00:00:00-04:00,4.449999809265137,4.449999809265137,4.449999809265137,4.449999809265137,0,0.0,0.0
2023-09-07 00:00:00-04:00,4.400000095367432,4.400000095367432,4.400000095367432,4.400000095367432,800,0.0,0.0
2023-09-08 00:00:00-04:00,4.349999904632568,4.449999809265137,4.300000190734863,4.449999809265137,800,0.0,0.0
2023-09-11 00:00:00-04:00,4.400000095367432,4.400000095367432,4.375,4.400000095367432,600,0.0,0.0
2023-09-12 00:00:00-04:00,4.400000095367432,4.400000095367432,4.400000095367432,4.400000095367432,0,0.0,0.0
2023-09-13 00:00:00-04:00,4.400000095367432,4.400000095367432,4.400000095367432,4.400000095367432,100,0.0,0.0
2023-09-14 00:00:00-04:00,4.349999904632568,4.349999904632568,4.0,4.0,3400,0.0,0.0
2023-09-15 00:00:00-04:00,4.099999904632568,4.5,4.099999904632568,4.449999809265137,5900,0.0,0.0
2023-09-18 00:00:00-04:00,4.449999809265137,4.449999809265137,4.449999809265137,4.449999809265137,0,0.0,0.0
2023-09-19 00:00:00-04:00,4.400000095367432,4.400000095367432,3.9000000953674316,4.074999809265137,1100,0.0,0.0
2023-09-20 00:00:00-04:00,4.099999904632568,4.099999904632568,4.0,4.099999904632568,700,0.0,0.0
2023-09-21 00:00:00-04:00,4.074999809265137,4.099999904632568,4.0,4.0,1400,0.0,0.0
2023-09-22 00:00:00-04:00,4.074999809265137,4.449999809265137,4.074999809265137,4.400000095367432,600,0.0,0.0
2023-09-25 00:00:00-04:00,4.0,4.449999809265137,4.0,4.449999809265137,500,0.0,0.0
2023-09-26 00:00:00-04:00,4.099999904632568,4.449999809265137,4.099999904632568,4.400000095367432,1800,0.0,0.0
2023-09-27 00:00:00-04:00,4.199999809265137,4.199999809265137,4.199999809265137,4.199999809265137,600,0.0,0.0
2023-09-28 00:00:00-04:00,4.0,4.300000190734863,4.0,4.300000190734863,1000,0.0,0.0
2023-09-29 00:00:00-04:00,4.300000190734863,4.300000190734863,4.300000190734863,4.300000190734863,200,0.0,0.0
2023-10-02 00:00:00-04:00,4.300000190734863,4.300000190734863,4.300000190734863,4.300000190734863,0,0.0,0.0
2023-10-03 00:00:00-04:00,4.050000190734863,4.050000190734863,4.050000190734863,4.050000190734863,400,0.0,0.0
2023-10-04 00:00:00-04:00,4.050000190734863,4.5,4.050000190734863,4.329999923706055,10000,0.0,0.0
2023-10-05 00:00:00-04:00,4.150000095367432,4.550000190734863,4.099999904632568,4.099999904632568,4600,0.0,0.0
2023-10-06 00:00:00-04:00,4.0,4.300000190734863,4.0,4.300000190734863,700,0.0,0.0
2023-10-09 00:00:00-04:00,4.050000190734863,4.260000228881836,4.050000190734863,4.260000228881836,600,0.0,0.0
2023-10-10 00:00:00-04:00,4.099999904632568,4.25,4.099999904632568,4.25,800,0.0,0.0
2023-10-11 00:00:00-04:00,4.25,4.25,4.25,4.25,0,0.0,0.0
2023-10-12 00:00:00-04:00,4.050000190734863,4.263000011444092,4.0229997634887695,4.195000171661377,5300,0.0,0.0
2023-10-13 00:00:00-04:00,4.050000190734863,4.25,3.98799991607666,4.25,900,0.0,0.0
2023-10-16 00:00:00-04:00,4.25,4.25,4.25,4.25,0,0.0,0.0
2023-10-17 00:00:00-04:00,4.099999904632568,4.099999904632568,4.0,4.099999904632568,600,0.0,0.0
2023-10-18 00:00:00-04:00,4.210000038146973,4.210000038146973,4.150000095367432,4.150000095367432,500,0.0,0.0
2023-10-19 00:00:00-04:00,4.150000095367432,4.150000095367432,4.150000095367432,4.150000095367432,0,0.0,0.0
2023-10-20 00:00:00-04:00,4.050000190734863,4.083000183105469,3.25,3.9000000953674316,22500,0.0,0.0
2023-10-23 00:00:00-04:00,3.9200000762939453,3.9200000762939453,2.299999952316284,3.4000000953674316,24000,0.0,0.0
2023-10-24 00:00:00-04:00,3.049999952316284,3.5,3.009999990463257,3.23799991607666,4900,0.0,0.0
2023-10-25 00:00:00-04:00,3.23799991607666,3.25,2.75,3.1500000953674316,17600,0.0,0.0
2023-10-26 00:00:00-04:00,3.1500000953674316,3.700000047683716,3.1500000953674316,3.700000047683716,2400,0.0,0.0
2023-10-27 00:00:00-04:00,3.513000011444092,3.5999999046325684,3.513000011444092,3.5999999046325684,300,0.0,0.0
2023-10-30 00:00:00-04:00,3.700000047683716,3.700000047683716,3.700000047683716,3.700000047683716,400,0.0,0.0
2023-10-31 00:00:00-04:00,3.687999963760376,4.0,3.687999963760376,3.700000047683716,5100,0.0,0.0
2023-11-01 00:00:00-04:00,4.0,4.090000152587891,3.9000000953674316,4.090000152587891,3100,0.0,0.0
2023-11-02 00:00:00-04:00,4.090000152587891,4.519999980926514,4.090000152587891,4.449999809265137,4200,0.0,0.0
2023-11-03 00:00:00-04:00,4.150000095367432,4.25,4.090000152587891,4.25,2900,0.0,0.0
2023-11-06 00:00:00-05:00,4.25,4.269999980926514,4.099999904632568,4.199999809265137,9400,0.0,0.0
2023-11-07 00:00:00-05:00,4.150000095367432,4.150000095367432,4.150000095367432,4.150000095367432,100,0.0,0.0
2023-11-08 00:00:00-05:00,4.150000095367432,4.199999809265137,4.099999904632568,4.199999809265137,5300,0.0,0.0
2023-11-09 00:00:00-05:00,4.099999904632568,4.099999904632568,3.9000000953674316,4.099999904632568,2500,0.0,0.0
2023-11-10 00:00:00-05:00,4.099999904632568,4.099999904632568,4.099999904632568,4.099999904632568,0,0.0,0.0
2023-11-13 00:00:00-05:00,4.099999904632568,4.099999904632568,4.099999904632568,4.099999904632568,0,0.0,0.0
2023-11-14 00:00:00-05:00,4.0,4.150000095367432,4.0,4.0,6100,0.0,0.0
2023-11-15 00:00:00-05:00,4.150000095367432,4.150000095367432,4.0,4.0,4000,0.0,0.0
2023-11-16 00:00:00-05:00,4.0,4.0,4.0,4.0,100,0.0,0.0
2023-11-17 00:00:00-05:00,3.98799991607666,4.0,3.98799991607666,4.0,3300,0.0,0.0
2023-11-20 00:00:00-05:00,4.0,4.099999904632568,4.0,4.099999904632568,300,0.0,0.0
2023-11-21 00:00:00-05:00,4.300000190734863,4.300000190734863,3.8499999046325684,4.0879998207092285,22100,0.0,0.0
2023-11-22 00:00:00-05:00,4.150000095367432,4.150000095367432,3.950000047683716,3.98799991607666,500,0.0,0.0
2023-11-24 00:00:00-05:00,4.320000171661377,4.320000171661377,4.099999904632568,4.099999904632568,300,0.0,0.0
2023-11-27 00:00:00-05:00,4.039999961853027,4.039999961853027,4.0,4.0,600,0.0,0.0
2023-11-28 00:00:00-05:00,3.950000047683716,3.9700000286102295,3.1700000762939453,3.9130001068115234,8100,0.0,0.0
2023-11-29 00:00:00-05:00,3.9130001068115234,3.9130001068115234,3.9130001068115234,3.9130001068115234,0,0.0,0.0
2023-11-30 00:00:00-05:00,3.9130001068115234,3.9130001068115234,3.9130001068115234,3.9130001068115234,0,0.0,0.0
2023-12-01 00:00:00-05:00,3.9130001068115234,3.9130001068115234,3.9130001068115234,3.9130001068115234,0,0.0,0.0
2023-12-04 00:00:00-05:00,3.9130001068115234,3.9130001068115234,3.9130001068115234,3.9130001068115234,0,0.0,0.0
2023-12-05 00:00:00-05:00,3.9130001068115234,3.9130001068115234,3.9130001068115234,3.9130001068115234,0,0.0,0.0
2023-12-06 00:00:00-05:00,3.75,3.880000114440918,3.73799991607666,3.880000114440918,1100,0.0,0.0
2023-12-07 00:00:00-05:00,3.880000114440918,3.880000114440918,3.880000114440918,3.880000114440918,0,0.0,0.0
2023-12-08 00:00:00-05:00,3.880000114440918,3.880000114440918,3.880000114440918,3.880000114440918,0,0.0,0.0
2023-12-11 00:00:00-05:00,3.880000114440918,3.880000114440918,3.880000114440918,3.880000114440918,0,0.0,0.0
2023-12-12 00:00:00-05:00,3.8499999046325684,3.8499999046325684,3.700000047683716,3.8350000381469727,1100,0.0,0.0
2023-12-13 00:00:00-05:00,3.8399999141693115,3.8499999046325684,3.2300000190734863,3.755000114440918,6400,0.0,0.0
2023-12-14 00:00:00-05:00,3.799999952316284,4.099999904632568,3.700000047683716,4.099999904632568,2400,0.0,0.0
2023-12-15 00:00:00-05:00,3.940000057220459,4.0,3.940000057220459,4.0,2700,0.0,0.0
2023-12-18 00:00:00-05:00,4.0,4.25,3.9000000953674316,4.0,5600,0.0,0.0
2023-12-19 00:00:00-05:00,3.950000047683716,4.0,3.8499999046325684,4.0,1900,0.0,0.0
2023-12-20 00:00:00-05:00,4.0,4.300000190734863,4.0,4.0370001792907715,1500,0.0,0.0
2023-12-21 00:00:00-05:00,4.050000190734863,4.050000190734863,4.0,4.0,300,0.0,0.0
2023-12-22 00:00:00-05:00,3.950000047683716,3.950000047683716,3.890000104904175,3.921999931335449,20300,0.0,0.0
2023-12-26 00:00:00-05:00,3.75,3.9200000762939453,3.5999999046325684,3.799999952316284,6400,0.0,0.0
2023-12-27 00:00:00-05:00,4.190000057220459,4.190000057220459,3.9609999656677246,4.0,1000,0.0,0.0
2023-12-28 00:00:00-05:00,4.099999904632568,4.099999904632568,4.099999904632568,4.099999904632568,100,0.0,0.0
2023-12-29 00:00:00-05:00,3.869999885559082,4.0,3.8499999046325684,4.0,600,0.0,0.0
2024-01-02 00:00:00-05:00,4.050000190734863,4.300000190734863,4.050000190734863,4.300000190734863,2700,0.0,0.0
2024-01-03 00:00:00-05:00,4.099999904632568,4.650000095367432,4.099999904632568,4.5,30300,0.0,0.0
2024-01-04 00:00:00-05:00,4.5,4.5,4.199999809265137,4.5,2700,0.0,0.0
2024-01-05 00:00:00-05:00,4.449999809265137,4.449999809265137,4.199999809265137,4.449999809265137,2900,0.0,0.0
2024-01-08 00:00:00-05:00,4.349999904632568,4.5,4.349999904632568,4.5,1300,0.0,0.0
2024-01-09 00:00:00-05:00,4.349999904632568,4.368000030517578,4.349999904632568,4.368000030517578,400,0.0,0.0
2024-01-10 00:00:00-05:00,4.5,4.5,4.119999885559082,4.438000202178955,7600,0.0,0.0
2024-01-11 00:00:00-05:00,4.425000190734863,4.425000190734863,4.275000095367432,4.275000095367432,2300,0.0,0.0
2024-01-12 00:00:00-05:00,4.349999904632568,4.449999809265137,4.349999904632568,4.349999904632568,46100,0.0,0.0
2024-01-16 00:00:00-05:00,4.389999866485596,4.5,4.349999904632568,4.5,2800,0.0,0.0
2024-01-17 00:00:00-05:00,4.5,4.5,4.269999980926514,4.382999897003174,11000,0.0,0.0
2024-01-18 00:00:00-05:00,4.300000190734863,4.300000190734863,3.5,4.050000190734863,21400,0.0,0.0
2024-01-19 00:00:00-05:00,4.050000190734863,4.179999828338623,4.050000190734863,4.179999828338623,2300,0.0,0.0
2024-01-22 00:00:00-05:00,4.139999866485596,4.5,4.132999897003174,4.5,700,0.0,0.0
2024-01-23 00:00:00-05:00,4.5,4.5,4.369999885559082,4.422999858856201,21900,0.0,0.0
2024-01-24 00:00:00-05:00,4.550000190734863,4.550000190734863,4.400000095367432,4.400000095367432,400,0.0,0.0
2024-01-25 00:00:00-05:00,4.400000095367432,4.53000020980835,4.400000095367432,4.400000095367432,17300,0.0,0.0
2024-01-26 00:00:00-05:00,4.4629998207092285,4.539999961853027,4.400000095367432,4.5,14700,0.0,0.0
2024-01-29 00:00:00-05:00,4.5,4.5,4.5,4.5,0,0.0,0.0
2024-01-30 00:00:00-05:00,4.5,4.519999980926514,4.400000095367432,4.5,5400,0.0,0.0
2024-01-31 00:00:00-05:00,4.5,4.5,4.5,4.5,0,0.0,0.0
2024-02-01 00:00:00-05:00,4.429999828338623,4.489999771118164,4.429999828338623,4.429999828338623,2500,0.0,0.0
2024-02-02 00:00:00-05:00,4.5,4.5,4.5,4.5,300,0.0,0.0
2024-02-05 00:00:00-05:00,4.5,4.5,4.329999923706055,4.34499979019165,900,0.0,0.0
2024-02-06 00:00:00-05:00,4.449999809265137,4.449999809265137,4.449999809265137,4.449999809265137,100,0.0,0.0
2024-02-07 00:00:00-05:00,4.369999885559082,4.369999885559082,4.369999885559082,4.369999885559082,200,0.0,0.0
2024-02-08 00:00:00-05:00,4.360000133514404,4.39300012588501,4.360000133514404,4.39300012588501,300,0.0,0.0
2024-02-09 00:00:00-05:00,4.39300012588501,4.39300012588501,4.39300012588501,4.39300012588501,0,0.0,0.0
2024-02-12 00:00:00-05:00,4.369999885559082,4.369999885559082,4.369999885559082,4.369999885559082,300,0.0,0.0
2024-02-13 00:00:00-05:00,4.329999923706055,4.329999923706055,4.329999923706055,4.329999923706055,300,0.0,0.0
2024-02-14 00:00:00-05:00,4.388000011444092,4.388000011444092,4.388000011444092,4.388000011444092,100,0.0,0.0
2024-02-15 00:00:00-05:00,4.369999885559082,4.370999813079834,4.340000152587891,4.340000152587891,8000,0.0,0.0
2024-02-16 00:00:00-05:00,4.300000190734863,4.300000190734863,4.300000190734863,4.300000190734863,300,0.0,0.0
2024-02-20 00:00:00-05:00,4.300000190734863,4.300000190734863,4.25,4.25,700,0.0,0.0
2024-02-21 00:00:00-05:00,4.276000022888184,4.276000022888184,4.276000022888184,4.276000022888184,100,0.0,0.0
2024-02-22 00:00:00-05:00,4.28000020980835,4.5,4.28000020980835,4.5,2300,0.0,0.0
2024-02-23 00:00:00-05:00,4.5,4.5,4.5,4.5,0,0.0,0.0
2024-02-26 00:00:00-05:00,4.5,4.5,4.5,4.5,0,0.0,0.0
2024-02-27 00:00:00-05:00,4.400000095367432,4.400000095367432,4.230000019073486,4.269999980926514,1800,0.0,0.0
2024-02-28 00:00:00-05:00,4.269999980926514,4.269999980926514,4.25,4.25,6200,0.0,0.0
2024-02-29 00:00:00-05:00,4.26200008392334,4.26200008392334,4.239999771118164,4.239999771118164,5700,0.0,0.0
2024-03-01 00:00:00-05:00,4.230000019073486,4.230000019073486,4.21999979019165,4.21999979019165,400,0.0,0.0
2024-03-04 00:00:00-05:00,4.199999809265137,4.199999809265137,4.170000076293945,4.170000076293945,500,0.0,0.0
2024-03-05 00:00:00-05:00,4.190000057220459,4.21999979019165,4.190000057220459,4.21999979019165,1100,0.0,0.0
2024-03-06 00:00:00-05:00,4.190000057220459,4.190000057220459,4.170000076293945,4.170000076293945,500,0.0,0.0
2024-03-07 00:00:00-05:00,4.170000076293945,4.170000076293945,4.170000076293945,4.170000076293945,300,0.0,0.0
2024-03-08 00:00:00-05:00,4.21999979019165,4.21999979019165,4.21999979019165,4.21999979019165,100,0.0,0.0
2024-03-11 00:00:00-04:00,4.21999979019165,4.21999979019165,4.21999979019165,4.21999979019165,0,0.0,0.0
2024-03-12 00:00:00-04:00,4.210999965667725,4.21999979019165,4.190000057220459,4.21999979019165,1900,0.0,0.0
2024-03-13 00:00:00-04:00,4.21999979019165,4.21999979019165,4.184000015258789,4.190000057220459,1700,0.0,0.0
2024-03-14 00:00:00-04:00,4.269999980926514,4.269999980926514,4.159999847412109,4.159999847412109,700,0.0,0.0
2024-03-15 00:00:00-04:00,4.159999847412109,4.269999980926514,3.25,4.150000095367432,4100,0.0,0.0
2024-03-18 00:00:00-04:00,4.119999885559082,4.119999885559082,4.079999923706055,4.090000152587891,700,0.0,0.0
2024-03-19 00:00:00-04:00,4.059999942779541,4.059999942779541,4.059999942779541,4.059999942779541,300,0.0,0.0
2024-03-20 00:00:00-04:00,4.059999942779541,4.059999942779541,4.059999942779541,4.059999942779541,500,0.0,0.0
2024-03-21 00:00:00-04:00,4.059999942779541,4.090000152587891,4.059999942779541,4.090000152587891,300,0.0,0.0
2024-03-22 00:00:00-04:00,4.090000152587891,4.090000152587891,4.090000152587891,4.090000152587891,0,0.0,0.0
2024-03-25 00:00:00-04:00,4.090000152587891,4.090000152587891,4.090000152587891,4.090000152587891,0,0.0,0.0
2024-03-26 00:00:00-04:00,4.039999961853027,4.039999961853027,4.039999961853027,4.039999961853027,200,0.0,0.0
2024-03-27 00:00:00-04:00,4.034999847412109,4.034999847412109,4.034999847412109,4.034999847412109,200,0.0,0.0
2024-03-28 00:00:00-04:00,4.03000020980835,4.03000020980835,4.0,4.0,4000,0.0,0.0
2024-04-01 00:00:00-04:00,4.010000228881836,4.010000228881836,4.010000228881836,4.010000228881836,1000,0.0,0.0
2024-04-02 00:00:00-04:00,4.010000228881836,4.010000228881836,4.0,4.0,5000,0.0,0.0
2024-04-03 00:00:00-04:00,4.017000198364258,4.017000198364258,4.0,4.005000114440918,1400,0.0,0.0
2024-04-04 00:00:00-04:00,4.019999980926514,4.019999980926514,4.019999980926514,4.019999980926514,300,0.0,0.0
2024-04-05 00:00:00-04:00,4.131999969482422,4.199999809265137,4.131999969482422,4.199999809265137,600,0.0,0.0
2024-04-08 00:00:00-04:00,4.099999904632568,4.159999847412109,4.0,4.159999847412109,700,0.0,0.0
2024-04-09 00:00:00-04:00,4.085000038146973,4.085000038146973,4.085000038146973,4.085000038146973,200,0.0,0.0
2024-04-10 00:00:00-04:00,4.019999980926514,4.019999980926514,4.0,4.0,300,0.0,0.0
2024-04-11 00:00:00-04:00,4.0,4.0,4.0,4.0,0,0.0,0.0
2024-04-12 00:00:00-04:00,4.03000020980835,4.159999847412109,4.0,4.059999942779541,5800,0.0,0.0
2024-04-15 00:00:00-04:00,4.03000020980835,4.03000020980835,4.0,4.0,900,0.0,0.0
2024-04-16 00:00:00-04:00,4.0,4.0,3.9000000953674316,3.9000000953674316,1900,0.0,0.0
2024-04-17 00:00:00-04:00,3.9000000953674316,3.9000000953674316,3.9000000953674316,3.9000000953674316,0,0.0,0.0
2024-04-18 00:00:00-04:00,3.947000026702881,4.0,3.947000026702881,4.0,1300,0.0,0.0
2024-04-19 00:00:00-04:00,4.039999961853027,4.039999961853027,4.0,4.0,1700,0.0,0.0
2024-04-22 00:00:00-04:00,4.067999839782715,4.067999839782715,4.059999942779541,4.059999942779541,400,0.0,0.0
2024-04-23 00:00:00-04:00,4.059999942779541,4.059999942779541,4.059999942779541,4.059999942779541,0,0.0,0.0
2024-04-24 00:00:00-04:00,4.0,4.0,3.9700000286102295,4.0,900,0.0,0.0
2024-04-25 00:00:00-04:00,4.0,4.0,4.0,4.0,0,0.0,0.0
2024-04-26 00:00:00-04:00,4.0,4.0,4.0,4.0,0,0.0,0.0
2024-04-29 00:00:00-04:00,4.0,4.0,4.0,4.0,0,0.0,0.0
2024-04-30 00:00:00-04:00,3.950000047683716,3.950000047683716,3.950000047683716,3.950000047683716,500,0.0,0.0
2024-05-01 00:00:00-04:00,3.950000047683716,3.950000047683716,3.950000047683716,3.950000047683716,0,0.0,0.0
2024-05-02 00:00:00-04:00,3.950000047683716,3.950000047683716,3.950000047683716,3.950000047683716,0,0.0,0.0
2024-05-03 00:00:00-04:00,3.950000047683716,3.950000047683716,3.950000047683716,3.950000047683716,0,0.0,0.0
2024-05-06 00:00:00-04:00,3.930000066757202,3.930000066757202,3.930000066757202,3.930000066757202,400,0.0,0.0
2024-05-07 00:00:00-04:00,3.930000066757202,3.930000066757202,3.880000114440918,3.9000000953674316,1000,0.0,0.0
2024-05-08 00:00:00-04:00,3.9000000953674316,3.9000000953674316,3.9000000953674316,3.9000000953674316,0,0.0,0.0
2024-05-09 00:00:00-04:00,3.890000104904175,3.890000104904175,3.8399999141693115,3.8399999141693115,900,0.0,0.0
2024-05-10 00:00:00-04:00,3.819999933242798,4.0,3.799999952316284,4.0,9900,0.0,0.0
2024-05-13 00:00:00-04:00,3.934999942779541,3.934999942779541,3.934999942779541,3.934999942779541,300,0.0,0.0
2024-05-14 00:00:00-04:00,3.869999885559082,3.927000045776367,3.809999942779541,3.927000045776367,1300,0.0,0.0
2024-05-15 00:00:00-04:00,3.927000045776367,3.930000066757202,3.927000045776367,3.930000066757202,3800,0.0,0.0
2024-05-16 00:00:00-04:00,3.928999900817871,4.0,3.869999885559082,3.869999885559082,2700,0.0,0.0
2024-05-17 00:00:00-04:00,3.869999885559082,3.869999885559082,3.869999885559082,3.869999885559082,0,0.0,0.0
2024-05-20 00:00:00-04:00,3.8499999046325684,3.8499999046325684,3.8499999046325684,3.8499999046325684,200,0.0,0.0
2024-05-21 00:00:00-04:00,3.8299999237060547,3.8499999046325684,3.799999952316284,3.8499999046325684,3200,0.0,0.0
2024-05-22 00:00:00-04:00,3.8499999046325684,3.8499999046325684,3.8499999046325684,3.8499999046325684,0,0.0,0.0
2024-05-23 00:00:00-04:00,3.8499999046325684,3.8499999046325684,3.8499999046325684,3.8499999046325684,0,0.0,0.0
2024-05-24 00:00:00-04:00,3.8499999046325684,4.050000190734863,3.8499999046325684,3.890000104904175,9900,0.0,0.0
2024-05-28 00:00:00-04:00,3.869999885559082,3.9749999046325684,3.859999895095825,3.869999885559082,10000,0.0,0.0
2024-05-29 00:00:00-04:00,3.885999917984009,3.943000078201294,3.859999895095825,3.9200000762939453,7500,0.0,0.0
2024-05-30 00:00:00-04:00,3.9730000495910645,3.990000009536743,3.890000104904175,3.890000104904175,11700,0.0,0.0
2024-05-31 00:00:00-04:00,3.9000000953674316,3.9700000286102295,3.8299999237060547,3.950000047683716,10500,0.0,0.0
2024-06-03 00:00:00-04:00,3.9539999961853027,3.9539999961853027,3.6029999256134033,3.8499999046325684,6500,0.0,0.0
2024-06-04 00:00:00-04:00,3.859999895095825,3.9600000381469727,3.799999952316284,3.8499999046325684,2800,0.0,0.0
2024-06-05 00:00:00-04:00,3.799999952316284,3.950000047683716,3.75,3.950000047683716,3600,0.0,0.0
2024-06-06 00:00:00-04:00,3.950000047683716,4.119999885559082,3.947000026702881,4.099999904632568,36900,0.0,0.0
2024-06-07 00:00:00-04:00,4.119999885559082,4.199999809265137,4.070000171661377,4.150000095367432,56400,0.0,0.0
2024-06-10 00:00:00-04:00,4.139999866485596,4.269999980926514,4.050000190734863,4.199999809265137,8400,0.0,0.0
2024-06-11 00:00:00-04:00,4.130000114440918,4.150000095367432,4.0970001220703125,4.139999866485596,2600,0.0,0.0
2024-06-12 00:00:00-04:00,4.090000152587891,4.139999866485596,4.019999980926514,4.139999866485596,1400,0.0,0.0
2024-06-13 00:00:00-04:00,4.139999866485596,4.170000076293945,4.0,4.099999904632568,14800,0.0,0.0
2024-06-14 00:00:00-04:00,4.170000076293945,4.170000076293945,4.119999885559082,4.130000114440918,2300,0.0,0.0
2024-06-17 00:00:00-04:00,4.175000190734863,4.175000190734863,4.079999923706055,4.099999904632568,1600,0.0,0.0
2024-06-18 00:00:00-04:00,4.099999904632568,4.159999847412109,4.0,4.159999847412109,4200,0.0,0.0
2024-06-20 00:00:00-04:00,4.099999904632568,4.179999828338623,3.937999963760376,4.171000003814697,6300,0.0,0.0
2024-06-21 00:00:00-04:00,4.179999828338623,4.199999809265137,3.994999885559082,4.0879998207092285,5000,0.0,0.0
2024-06-24 00:00:00-04:00,4.050000190734863,4.050000190734863,4.050000190734863,4.050000190734863,100,0.0,0.0
2024-06-25 00:00:00-04:00,4.03000020980835,4.03000020980835,4.010000228881836,4.010000228881836,400,0.0,0.0
2024-06-26 00:00:00-04:00,3.9800000190734863,4.070000171661377,3.9779999256134033,4.070000171661377,2400,0.0,0.0
2024-06-27 00:00:00-04:00,4.050000190734863,4.076000213623047,3.990000009536743,4.0,1500,0.0,0.0
2024-06-28 00:00:00-04:00,4.079999923706055,4.199999809265137,4.079999923706055,4.199999809265137,3200,0.0,0.0
2024-07-01 00:00:00-04:00,4.199999809265137,4.199999809265137,4.199999809265137,4.199999809265137,0,0.0,0.0
2024-07-02 00:00:00-04:00,4.199999809265137,4.199999809265137,4.199999809265137,4.199999809265137,0,0.0,0.0
2024-07-03 00:00:00-04:00,4.199999809265137,4.199999809265137,4.199999809265137,4.199999809265137,0,0.0,0.0
2024-07-05 00:00:00-04:00,4.199999809265137,4.199999809265137,4.199999809265137,4.199999809265137,0,0.0,0.0
2024-07-08 00:00:00-04:00,4.199999809265137,4.199999809265137,4.199999809265137,4.199999809265137,0,0.0,0.0
2024-07-09 00:00:00-04:00,4.050000190734863,4.150000095367432,4.050000190734863,4.150000095367432,9400,0.0,0.0
2024-07-10 00:00:00-04:00,4.050000190734863,4.050000190734863,4.0,4.0370001792907715,500,0.0,0.0
2024-07-11 00:00:00-04:00,4.0,4.050000190734863,4.0,4.050000190734863,500,0.0,0.0
2024-07-12 00:00:00-04:00,4.03000020980835,4.045000076293945,3.940000057220459,4.045000076293945,1100,0.0,0.0
2024-07-15 00:00:00-04:00,4.03000020980835,4.050000190734863,3.9800000190734863,4.039999961853027,2800,0.0,0.0
2024-07-16 00:00:00-04:00,4.0370001792907715,4.050000190734863,4.0370001792907715,4.050000190734863,300,0.0,0.0
2024-07-17 00:00:00-04:00,4.03000020980835,4.03000020980835,4.03000020980835,4.03000020980835,100,0.0,0.0
2024-07-18 00:00:00-04:00,4.039999961853027,4.050000190734863,4.0,4.050000190734863,1700,0.0,0.0
2024-07-19 00:00:00-04:00,4.050000190734863,4.050000190734863,4.050000190734863,4.050000190734863,0,0.0,0.0
2024-07-22 00:00:00-04:00,4.050000190734863,4.050000190734863,4.03000020980835,4.03000020980835,1000,0.0,0.0
2024-07-23 00:00:00-04:00,4.0,4.050000190734863,4.0,4.050000190734863,4300,0.0,0.0
2024-07-24 00:00:00-04:00,4.079999923706055,4.079999923706055,4.050000190734863,4.050000190734863,2300,0.0,0.0
2024-07-25 00:00:00-04:00,4.025000095367432,4.025000095367432,4.025000095367432,4.025000095367432,100,0.0,0.0
2024-07-26 00:00:00-04:00,4.025000095367432,4.025000095367432,4.025000095367432,4.025000095367432,0,0.0,0.0
2024-07-29 00:00:00-04:00,4.0,4.085000038146973,4.0,4.085000038146973,300,0.0,0.0
2024-07-30 00:00:00-04:00,4.070000171661377,4.070000171661377,4.019999980926514,4.019999980926514,300,0.0,0.0
2024-07-31 00:00:00-04:00,4.0,4.03000020980835,3.9800000190734863,3.9800000190734863,1500,0.0,0.0
2024-08-01 00:00:00-04:00,4.0,4.150000095367432,3.950000047683716,4.103000164031982,5000,0.0,0.0
2024-08-02 00:00:00-04:00,4.110000133514404,4.119999885559082,3.990000009536743,4.050000190734863,4700,0.0,0.0
2024-08-05 00:00:00-04:00,4.03000020980835,4.0929999351501465,0.5,4.0929999351501465,7000,0.0,0.0
2024-08-06 00:00:00-04:00,4.21999979019165,4.21999979019165,3.9000000953674316,3.9000000953674316,700,0.0,0.0
2024-08-07 00:00:00-04:00,3.9670000076293945,3.9670000076293945,3.4600000381469727,3.75,8700,0.0,0.0
2024-08-08 00:00:00-04:00,4.21999979019165,4.21999979019165,3.6500000953674316,3.880000114440918,12500,0.0,0.0
2024-08-09 00:00:00-04:00,3.700000047683716,3.809999942779541,3.549999952316284,3.7290000915527344,4600,0.0,0.0
2024-08-12 00:00:00-04:00,4.150000095367432,4.150000095367432,3.700000047683716,3.890000104904175,4100,0.0,0.0
2024-08-13 00:00:00-04:00,3.819999933242798,3.890000104904175,3.6010000705718994,3.890000104904175,3700,0.0,0.0
2024-08-14 00:00:00-04:00,3.6600000858306885,3.890000104904175,3.6500000953674316,3.700000047683716,1300,0.0,0.0
2024-08-15 00:00:00-04:00,3.75,3.890000104904175,3.4000000953674316,3.5399999618530273,5900,0.0,0.0
2024-08-16 00:00:00-04:00,3.7899999618530273,3.819999933242798,2.944000005722046,3.1500000953674316,9200,0.0,0.0
2024-08-19 00:00:00-04:00,3.119999885559082,3.25,2.950000047683716,2.9800000190734863,3100,0.0,0.0
2024-08-20 00:00:00-04:00,3.3510000705718994,3.3510000705718994,3.049999952316284,3.140000104904175,2500,0.0,0.0
2024-08-21 00:00:00-04:00,3.119999885559082,3.130000114440918,3.049999952316284,3.130000114440918,7300,0.0,0.0
2024-08-22 00:00:00-04:00,3.0799999237060547,3.132999897003174,3.0399999618530273,3.130000114440918,800,0.0,0.0
2024-08-23 00:00:00-04:00,3.049999952316284,3.0999999046325684,3.0,3.0999999046325684,1400,0.0,0.0
2024-08-26 00:00:00-04:00,3.119999885559082,3.380000114440918,3.119999885559082,3.2699999809265137,2700,0.0,0.0
2024-08-27 00:00:00-04:00,3.25,4.159999847412109,3.200000047683716,3.5,90100,0.0,0.0
2024-08-28 00:00:00-04:00,3.5299999713897705,3.990000009536743,3.2750000953674316,3.4800000190734863,58500,0.0,0.0
2024-08-29 00:00:00-04:00,3.430000066757202,3.8499999046325684,3.200000047683716,3.440000057220459,21100,0.0,0.0
2024-08-30 00:00:00-04:00,3.25,3.4609999656677246,2.9600000381469727,2.990000009536743,20400,0.0,0.0
2024-09-03 00:00:00-04:00,3.0999999046325684,3.430000066757202,2.799999952316284,3.25,9100,0.0,0.0
2024-09-04 00:00:00-04:00,3.3499999046325684,3.3499999046325684,2.859999895095825,2.9200000762939453,8200,0.0,0.0
2024-09-05 00:00:00-04:00,2.9200000762939453,3.140000104904175,2.7799999713897705,2.7799999713897705,6800,0.0,0.0
2024-09-06 00:00:00-04:00,2.819999933242798,3.200000047683716,2.7200000286102295,2.880000114440918,6400,0.0,0.0
2024-09-09 00:00:00-04:00,2.990000009536743,3.299999952316284,2.7300000190734863,3.0799999237060547,70200,0.0,0.0
2024-09-10 00:00:00-04:00,3.1700000762939453,3.309999942779541,2.859999895095825,3.255000114440918,70800,0.0,0.0
2024-09-11 00:00:00-04:00,3.109999895095825,3.4100000858306885,3.069999933242798,3.380000114440918,27600,0.0,0.0
2024-09-12 00:00:00-04:00,3.930000066757202,3.930000066757202,3.190000057220459,3.4600000381469727,28000,0.0,0.0
2024-09-13 00:00:00-04:00,3.6700000762939453,3.690000057220459,3.0999999046325684,3.559999942779541,33800,0.0,0.0
2024-09-16 00:00:00-04:00,3.3399999141693115,3.7799999713897705,3.3399999141693115,3.5,21200,0.0,0.0
2024-09-17 00:00:00-04:00,3.614000082015991,3.640000104904175,3.2300000190734863,3.559999942779541,24500,0.0,0.0
2024-09-18 00:00:00-04:00,3.690000057220459,3.7100000381469727,3.3399999141693115,3.450000047683716,36600,0.0,0.0
2024-09-19 00:00:00-04:00,3.549999952316284,3.7200000286102295,3.0799999237060547,3.5,17200,0.0,0.0
2024-09-20 00:00:00-04:00,3.6440000534057617,3.86299991607666,3.3499999046325684,3.5799999237060547,209200,0.0,0.0
2024-09-23 00:00:00-04:00,3.509999990463257,3.75,2.815000057220459,2.9100000858306885,14900,0.0,0.0
2024-09-24 00:00:00-04:00,3.2690000534057617,3.2690000534057617,2.509999990463257,2.5199999809265137,13400,0.0,0.0
2024-09-25 00:00:00-04:00,2.7799999713897705,2.990000009536743,2.5,2.509999990463257,13200,0.0,0.0
2024-09-26 00:00:00-04:00,2.75,2.7799999713897705,2.0350000858306885,2.200000047683716,44300,0.0,0.0
2024-09-27 00:00:00-04:00,2.130000114440918,2.2300000190734863,1.5499999523162842,1.9299999475479126,84400,0.0,0.0
2024-09-30 00:00:00-04:00,1.8700000047683716,2.2090001106262207,1.7139999866485596,1.8300000429153442,40900,0.0,0.0
2024-10-01 00:00:00-04:00,1.75,2.1649999618530273,1.75,2.0,79800,0.0,0.0
2024-10-02 00:00:00-04:00,2.119999885559082,2.5399999618530273,1.8300000429153442,1.9299999475479126,139700,0.0,0.0
2024-10-03 00:00:00-04:00,1.8700000047683716,2.2799999713897705,1.8700000047683716,1.9900000095367432,44600,0.0,0.0
2024-10-04 00:00:00-04:00,1.9500000476837158,2.140000104904175,1.7999999523162842,1.8700000047683716,51100,0.0,0.0
2024-10-07 00:00:00-04:00,2.002000093460083,2.002000093460083,1.5299999713897705,1.649999976158142,94200,0.0,0.0
2024-10-08 00:00:00-04:00,1.75,1.8899999856948853,1.2599999904632568,1.350000023841858,93200,0.0,0.0
2024-10-09 00:00:00-04:00,1.409999966621399,1.6119999885559082,1.409999966621399,1.4500000476837158,51500,0.0,0.0
2024-10-10 00:00:00-04:00,1.4780000448226929,1.5399999618530273,1.2999999523162842,1.4299999475479126,91000,0.0,0.0
2024-10-11 00:00:00-04:00,1.4199999570846558,1.5399999618530273,1.4199999570846558,1.4199999570846558,55800,0.0,0.0
2024-10-14 00:00:00-04:00,1.4199999570846558,1.5099999904632568,1.4199999570846558,1.4199999570846558,18600,0.0,0.0
2024-10-15 00:00:00-04:00,1.4199999570846558,1.625,1.4199999570846558,1.4199999570846558,11900,0.0,0.0
2024-10-16 00:00:00-04:00,1.4199999570846558,1.5199999809265137,1.4199999570846558,1.4900000095367432,11000,0.0,0.0
2024-10-17 00:00:00-04:00,1.4900000095367432,1.6200000047683716,1.4900000095367432,1.590000033378601,8800,0.0,0.0
2024-10-18 00:00:00-04:00,1.684999942779541,1.777999997138977,1.440000057220459,1.4900000095367432,18700,0.0,0.0
2024-10-21 00:00:00-04:00,1.5499999523162842,1.5499999523162842,1.4500000476837158,1.4700000286102295,3700,0.0,0.0
2024-10-22 00:00:00-04:00,1.4299999475479126,1.5,1.4299999475479126,1.5,13900,0.0,0.0
2024-10-23 00:00:00-04:00,1.4900000095367432,1.5299999713897705,1.430999994277954,1.5299999713897705,13900,0.0,0.0
2024-10-24 00:00:00-04:00,1.5299999713897705,1.6749999523162842,1.5299999713897705,1.6399999856948853,16000,0.0,0.0
2024-10-25 00:00:00-04:00,1.6100000143051147,1.840000033378601,1.600000023841858,1.6699999570846558,72100,0.0,0.0
2024-10-28 00:00:00-04:00,1.7000000476837158,1.715999960899353,1.6699999570846558,1.6699999570846558,7700,0.0,0.0
2024-10-29 00:00:00-04:00,1.7200000286102295,1.7300000190734863,1.4299999475479126,1.7300000190734863,60700,0.0,0.0
2024-10-30 00:00:00-04:00,1.7000000476837158,1.7000000476837158,1.4700000286102295,1.5499999523162842,12300,0.0,0.0
2024-10-31 00:00:00-04:00,1.4500000476837158,1.5850000381469727,1.4500000476837158,1.5499999523162842,8700,0.0,0.0
2024-11-01 00:00:00-04:00,1.4600000381469727,1.6950000524520874,1.4500000476837158,1.5,10900,0.0,0.0
2024-11-04 00:00:00-05:00,1.4700000286102295,1.4700000286102295,1.309999942779541,1.3300000429153442,48800,0.0,0.0
2024-11-05 00:00:00-05:00,1.2899999618530273,1.4900000095367432,1.2899999618530273,1.4199999570846558,11100,0.0,0.0
2024-11-06 00:00:00-05:00,1.3600000143051147,1.5,1.3600000143051147,1.5,20600,0.0,0.0
2024-11-07 00:00:00-05:00,1.4600000381469727,1.8350000381469727,1.4600000381469727,1.7400000095367432,72200,0.0,0.0
2024-11-08 00:00:00-05:00,1.7200000286102295,2.0299999713897705,1.600000023841858,1.6100000143051147,185200,0.0,0.0
2024-11-11 00:00:00-05:00,1.7300000190734863,1.899999976158142,1.6050000190734863,1.7899999618530273,42700,0.0,0.0
2024-11-12 00:00:00-05:00,1.7999999523162842,1.9800000190734863,1.440000057220459,1.690000057220459,78100,0.0,0.0
2024-11-13 00:00:00-05:00,1.840999960899353,1.843000054359436,1.3799999952316284,1.600000023841858,78900,0.0,0.0
2024-11-14 00:00:00-05:00,1.6399999856948853,1.7699999809265137,1.4850000143051147,1.6829999685287476,39400,0.0,0.0
2024-11-15 00:00:00-05:00,1.7059999704360962,1.7059999704360962,1.4800000190734863,1.559999942779541,12100,0.0,0.0
2024-11-18 00:00:00-05:00,1.5299999713897705,1.690000057220459,1.440000057220459,1.6299999952316284,45400,0.0,0.0
2024-11-19 00:00:00-05:00,1.5950000286102295,1.684999942779541,1.5299999713897705,1.6100000143051147,3700,0.0,0.0
2024-11-20 00:00:00-05:00,1.5399999618530273,1.690000057220459,1.4900000095367432,1.690000057220459,3800,0.0,0.0
2024-11-21 00:00:00-05:00,1.6399999856948853,1.6799999475479126,1.4199999570846558,1.4800000190734863,32700,0.0,0.0
2024-11-22 00:00:00-05:00,1.399999976158142,1.478700041770935,1.2869999408721924,1.2999999523162842,68003,0.0,0.0
