Date,Open,High,Low,Close,Volume,Dividends,Stock Splits
2022-01-03 00:00:00-05:00,39.79999923706055,41.150001525878906,39.689998626708984,41.060001373291016,698000,0.0,0.0
2022-01-04 00:00:00-05:00,41.06999969482422,42.33000183105469,39.95000076293945,40.04999923706055,644800,0.0,0.0
2022-01-05 00:00:00-05:00,39.689998626708984,40.65999984741211,38.20000076293945,38.25,893500,0.0,0.0
2022-01-06 00:00:00-05:00,38.0,39.47999954223633,37.65999984741211,38.59000015258789,659300,0.0,0.0
2022-01-07 00:00:00-05:00,38.43000030517578,38.91999816894531,37.279998779296875,37.290000915527344,698000,0.0,0.0
2022-01-10 00:00:00-05:00,35.029998779296875,36.77000045776367,34.189998626708984,35.9900016784668,1778200,0.0,0.0
2022-01-11 00:00:00-05:00,35.849998474121094,36.84000015258789,35.0099983215332,36.59000015258789,909600,0.0,0.0
2022-01-12 00:00:00-05:00,36.529998779296875,37.08000183105469,35.43000030517578,35.47999954223633,828900,0.0,0.0
2022-01-13 00:00:00-05:00,35.4900016784668,36.38999938964844,35.279998779296875,35.5099983215332,1016500,0.0,0.0
2022-01-14 00:00:00-05:00,34.95000076293945,35.66999816894531,34.27000045776367,35.560001373291016,1158000,0.0,0.0
2022-01-18 00:00:00-05:00,34.90999984741211,35.209999084472656,34.06999969482422,34.130001068115234,1085400,0.0,0.0
2022-01-19 00:00:00-05:00,34.16999816894531,34.81999969482422,33.66999816894531,33.75,1044100,0.0,0.0
2022-01-20 00:00:00-05:00,34.0,34.65999984741211,33.5,33.560001373291016,1063800,0.0,0.0
2022-01-21 00:00:00-05:00,33.20000076293945,34.63999938964844,33.060001373291016,33.88999938964844,895100,0.0,0.0
2022-01-24 00:00:00-05:00,33.41999816894531,34.810001373291016,33.0099983215332,34.70000076293945,1218100,0.0,0.0
2022-01-25 00:00:00-05:00,34.08000183105469,34.4900016784668,32.880001068115234,33.529998779296875,1204800,0.0,0.0
2022-01-26 00:00:00-05:00,33.5,33.65999984741211,32.13999938964844,32.349998474121094,1538900,0.0,0.0
2022-01-27 00:00:00-05:00,32.36000061035156,33.29999923706055,31.8799991607666,31.969999313354492,962300,0.0,0.0
2022-01-28 00:00:00-05:00,31.809999465942383,32.56999969482422,31.360000610351562,32.560001373291016,941500,0.0,0.0
2022-01-31 00:00:00-05:00,32.97999954223633,34.70000076293945,32.59000015258789,34.61000061035156,2462100,0.0,0.0
2022-02-01 00:00:00-05:00,34.61000061035156,35.290000915527344,34.29999923706055,35.13999938964844,677000,0.0,0.0
2022-02-02 00:00:00-05:00,34.56999969482422,35.529998779296875,34.540000915527344,35.0099983215332,905300,0.0,0.0
2022-02-03 00:00:00-05:00,34.150001525878906,35.189998626708984,34.150001525878906,34.29999923706055,860300,0.0,0.0
2022-02-04 00:00:00-05:00,34.36000061035156,34.709999084472656,33.65999984741211,33.70000076293945,787700,0.0,0.0
2022-02-07 00:00:00-05:00,33.61000061035156,34.599998474121094,33.560001373291016,34.27000045776367,562600,0.0,0.0
2022-02-08 00:00:00-05:00,34.16999816894531,34.650001525878906,34.04999923706055,34.52000045776367,613400,0.0,0.0
2022-02-09 00:00:00-05:00,34.880001068115234,35.47999954223633,34.849998474121094,35.400001525878906,554400,0.0,0.0
2022-02-10 00:00:00-05:00,34.650001525878906,36.040000915527344,34.5099983215332,34.939998626708984,859200,0.0,0.0
2022-02-11 00:00:00-05:00,35.7599983215332,35.7599983215332,33.93000030517578,34.20000076293945,762900,0.0,0.0
2022-02-14 00:00:00-05:00,33.959999084472656,34.41999816894531,33.470001220703125,33.63999938964844,907000,0.0,0.0
2022-02-15 00:00:00-05:00,34.08000183105469,34.77000045776367,33.90999984741211,34.43000030517578,568000,0.0,0.0
2022-02-16 00:00:00-05:00,34.08000183105469,34.599998474121094,33.81999969482422,34.36000061035156,540500,0.0,0.0
2022-02-17 00:00:00-05:00,34.29999923706055,34.29999923706055,33.0,33.02000045776367,685000,0.0,0.0
2022-02-18 00:00:00-05:00,33.0,33.529998779296875,32.61000061035156,32.720001220703125,769400,0.0,0.0
2022-02-22 00:00:00-05:00,32.0,33.43000030517578,32.0,32.790000915527344,844000,0.0,0.0
2022-02-23 00:00:00-05:00,34.029998779296875,34.900001525878906,32.810001373291016,33.7400016784668,1488400,0.0,0.0
2022-02-24 00:00:00-05:00,32.59000015258789,35.56999969482422,32.59000015258789,35.279998779296875,1142800,0.0,0.0
2022-02-25 00:00:00-05:00,35.380001068115234,36.099998474121094,34.970001220703125,35.529998779296875,771200,0.0,0.0
2022-02-28 00:00:00-05:00,35.38999938964844,36.63999938964844,34.40999984741211,35.470001220703125,1142600,0.0,0.0
2022-03-01 00:00:00-05:00,35.4900016784668,36.41999816894531,34.560001373291016,35.630001068115234,701500,0.0,0.0
2022-03-02 00:00:00-05:00,35.86000061035156,36.380001068115234,35.220001220703125,36.0,526500,0.0,0.0
2022-03-03 00:00:00-05:00,36.22999954223633,36.22999954223633,35.18000030517578,35.619998931884766,529700,0.0,0.0
2022-03-04 00:00:00-05:00,35.439998626708984,36.0,34.900001525878906,35.11000061035156,586600,0.0,0.0
2022-03-07 00:00:00-05:00,35.09000015258789,35.4900016784668,34.58000183105469,34.75,627700,0.0,0.0
2022-03-08 00:00:00-05:00,34.540000915527344,35.2400016784668,33.91999816894531,34.27000045776367,718300,0.0,0.0
2022-03-09 00:00:00-05:00,34.849998474121094,36.2599983215332,34.529998779296875,35.720001220703125,1006100,0.0,0.0
2022-03-10 00:00:00-05:00,35.16999816894531,35.95000076293945,34.59000015258789,35.869998931884766,613300,0.0,0.0
2022-03-11 00:00:00-05:00,36.16999816894531,36.470001220703125,34.619998931884766,34.720001220703125,642400,0.0,0.0
2022-03-14 00:00:00-04:00,34.810001373291016,35.689998626708984,34.0,34.56999969482422,893500,0.0,0.0
2022-03-15 00:00:00-04:00,35.52000045776367,35.61000061035156,34.560001373291016,35.36000061035156,442600,0.0,0.0
2022-03-16 00:00:00-04:00,35.959999084472656,36.189998626708984,34.709999084472656,36.06999969482422,860200,0.0,0.0
2022-03-17 00:00:00-04:00,36.38999938964844,36.810001373291016,35.470001220703125,36.779998779296875,1040400,0.0,0.0
2022-03-18 00:00:00-04:00,37.0,37.720001220703125,36.61000061035156,37.310001373291016,1970100,0.0,0.0
2022-03-21 00:00:00-04:00,37.34000015258789,37.560001373291016,36.869998931884766,37.20000076293945,744500,0.0,0.0
2022-03-22 00:00:00-04:00,37.20000076293945,37.720001220703125,36.97999954223633,37.630001068115234,990100,0.0,0.0
2022-03-23 00:00:00-04:00,37.220001220703125,37.7599983215332,36.7400016784668,37.58000183105469,727800,0.0,0.0
2022-03-24 00:00:00-04:00,37.86000061035156,38.77000045776367,37.11000061035156,38.720001220703125,969900,0.0,0.0
2022-03-25 00:00:00-04:00,39.380001068115234,39.380001068115234,37.939998626708984,38.08000183105469,940900,0.0,0.0
2022-03-28 00:00:00-04:00,37.88999938964844,39.189998626708984,37.88999938964844,39.16999816894531,756100,0.0,0.0
2022-03-29 00:00:00-04:00,39.58000183105469,40.5099983215332,38.959999084472656,40.31999969482422,1244000,0.0,0.0
2022-03-30 00:00:00-04:00,40.349998474121094,41.060001373291016,39.790000915527344,40.220001220703125,792300,0.0,0.0
2022-03-31 00:00:00-04:00,40.279998779296875,40.790000915527344,39.849998474121094,39.880001068115234,836200,0.0,0.0
2022-04-01 00:00:00-04:00,40.0,41.7599983215332,39.9900016784668,41.61000061035156,1121200,0.0,0.0
2022-04-04 00:00:00-04:00,41.779998779296875,42.2400016784668,41.22999954223633,41.83000183105469,899500,0.0,0.0
2022-04-05 00:00:00-04:00,41.95000076293945,42.5,41.349998474121094,41.459999084472656,724800,0.0,0.0
2022-04-06 00:00:00-04:00,41.380001068115234,42.47999954223633,41.06999969482422,42.310001373291016,989500,0.0,0.0
2022-04-07 00:00:00-04:00,42.189998626708984,42.560001373291016,41.810001373291016,41.869998931884766,610100,0.0,0.0
2022-04-08 00:00:00-04:00,41.529998779296875,42.29999923706055,41.25,41.93000030517578,731700,0.0,0.0
2022-04-11 00:00:00-04:00,41.619998931884766,42.2400016784668,41.27000045776367,41.380001068115234,538600,0.0,0.0
2022-04-12 00:00:00-04:00,41.689998626708984,42.790000915527344,41.310001373291016,41.619998931884766,764600,0.0,0.0
2022-04-13 00:00:00-04:00,41.7400016784668,42.2400016784668,40.959999084472656,41.459999084472656,1503800,0.0,0.0
2022-04-14 00:00:00-04:00,41.689998626708984,43.619998931884766,41.689998626708984,42.27000045776367,1168800,0.0,0.0
2022-04-18 00:00:00-04:00,42.02000045776367,42.349998474121094,41.52000045776367,41.7400016784668,790800,0.0,0.0
2022-04-19 00:00:00-04:00,41.97999954223633,43.15999984741211,41.869998931884766,42.5099983215332,744800,0.0,0.0
2022-04-20 00:00:00-04:00,42.599998474121094,43.66999816894531,42.18000030517578,43.310001373291016,664200,0.0,0.0
2022-04-21 00:00:00-04:00,43.5099983215332,44.11000061035156,43.2400016784668,43.56999969482422,1270000,0.0,0.0
2022-04-22 00:00:00-04:00,43.27000045776367,44.29999923706055,43.2400016784668,43.529998779296875,913600,0.0,0.0
2022-04-25 00:00:00-04:00,43.54999923706055,44.70000076293945,43.04999923706055,44.61000061035156,731000,0.0,0.0
2022-04-26 00:00:00-04:00,44.5099983215332,44.7400016784668,42.790000915527344,42.97999954223633,992100,0.0,0.0
2022-04-27 00:00:00-04:00,43.0099983215332,43.540000915527344,41.86000061035156,41.9900016784668,913600,0.0,0.0
2022-04-28 00:00:00-04:00,42.45000076293945,42.52000045776367,41.20000076293945,41.5,1037500,0.0,0.0
2022-04-29 00:00:00-04:00,41.36000061035156,41.790000915527344,39.65999984741211,39.900001525878906,1346500,0.0,0.0
2022-05-02 00:00:00-04:00,40.25,41.34000015258789,39.83000183105469,40.849998474121094,1165700,0.0,0.0
2022-05-03 00:00:00-04:00,40.91999816894531,41.15999984741211,40.400001525878906,40.939998626708984,752300,0.0,0.0
2022-05-04 00:00:00-04:00,41.0099983215332,41.5,39.939998626708984,41.40999984741211,1174100,0.0,0.0
2022-05-05 00:00:00-04:00,41.040000915527344,41.40999984741211,39.709999084472656,40.290000915527344,1006500,0.0,0.0
2022-05-06 00:00:00-04:00,39.869998931884766,40.029998779296875,39.040000915527344,39.2400016784668,1177900,0.0,0.0
2022-05-09 00:00:00-04:00,38.59000015258789,39.72999954223633,37.15999984741211,37.349998474121094,1400000,0.0,0.0
2022-05-10 00:00:00-04:00,38.2599983215332,39.290000915527344,37.150001525878906,38.20000076293945,1163200,0.0,0.0
2022-05-11 00:00:00-04:00,38.560001373291016,39.400001525878906,36.95000076293945,38.58000183105469,1495900,0.0,0.0
2022-05-12 00:00:00-04:00,38.15999984741211,39.58000183105469,38.15999984741211,39.040000915527344,1009100,0.0,0.0
2022-05-13 00:00:00-04:00,39.72999954223633,40.58000183105469,39.400001525878906,40.41999816894531,1101600,0.0,0.0
2022-05-16 00:00:00-04:00,40.779998779296875,42.349998474121094,40.47999954223633,41.689998626708984,1320900,0.0,0.0
2022-05-17 00:00:00-04:00,42.27000045776367,44.459999084472656,41.900001525878906,44.459999084472656,1515800,0.0,0.0
2022-05-18 00:00:00-04:00,43.63999938964844,44.5,42.849998474121094,43.0,1301000,0.0,0.0
2022-05-19 00:00:00-04:00,42.689998626708984,43.970001220703125,42.58000183105469,43.84000015258789,909500,0.0,0.0
2022-05-20 00:00:00-04:00,44.36000061035156,45.06999969482422,42.83000183105469,44.31999969482422,964800,0.0,0.0
2022-05-23 00:00:00-04:00,44.95000076293945,45.15999984741211,44.0099983215332,44.33000183105469,707100,0.0,0.0
2022-05-24 00:00:00-04:00,44.060001373291016,45.15999984741211,43.75,44.81999969482422,826700,0.0,0.0
2022-05-25 00:00:00-04:00,44.79999923706055,46.5,44.709999084472656,46.290000915527344,1383200,0.0,0.0
2022-05-26 00:00:00-04:00,46.61000061035156,47.060001373291016,45.72999954223633,46.599998474121094,1304300,0.0,0.0
2022-05-27 00:00:00-04:00,46.77000045776367,48.34000015258789,46.369998931884766,48.29999923706055,983500,0.0,0.0
2022-05-31 00:00:00-04:00,48.400001525878906,48.58000183105469,45.5099983215332,45.97999954223633,1962000,0.0,0.0
2022-06-01 00:00:00-04:00,46.15999984741211,46.45000076293945,45.060001373291016,45.400001525878906,1141600,0.0,0.0
2022-06-02 00:00:00-04:00,45.619998931884766,45.81999969482422,44.880001068115234,45.66999816894531,891400,0.0,0.0
2022-06-03 00:00:00-04:00,45.529998779296875,46.09000015258789,44.849998474121094,45.619998931884766,879000,0.0,0.0
2022-06-06 00:00:00-04:00,46.0,46.0,44.2400016784668,44.45000076293945,692900,0.0,0.0
2022-06-07 00:00:00-04:00,44.04999923706055,46.099998474121094,44.0099983215332,46.0099983215332,734900,0.0,0.0
2022-06-08 00:00:00-04:00,46.029998779296875,46.900001525878906,45.72999954223633,46.20000076293945,673400,0.0,0.0
2022-06-09 00:00:00-04:00,45.90999984741211,46.130001068115234,44.900001525878906,44.97999954223633,746500,0.0,0.0
2022-06-10 00:00:00-04:00,44.08000183105469,44.599998474121094,43.380001068115234,43.790000915527344,901000,0.0,0.0
2022-06-13 00:00:00-04:00,42.880001068115234,43.43000030517578,42.209999084472656,43.099998474121094,1056000,0.0,0.0
2022-06-14 00:00:00-04:00,43.369998931884766,44.0099983215332,42.18000030517578,43.59000015258789,855200,0.0,0.0
2022-06-15 00:00:00-04:00,43.810001373291016,45.20000076293945,43.27000045776367,44.630001068115234,995100,0.0,0.0
2022-06-16 00:00:00-04:00,43.58000183105469,44.2400016784668,42.52000045776367,43.11000061035156,1177600,0.0,0.0
2022-06-17 00:00:00-04:00,43.810001373291016,45.0099983215332,43.7400016784668,44.13999938964844,2395700,0.0,0.0
2022-06-21 00:00:00-04:00,44.709999084472656,46.060001373291016,44.709999084472656,45.7599983215332,884700,0.0,0.0
2022-06-22 00:00:00-04:00,45.20000076293945,46.31999969482422,44.7599983215332,45.900001525878906,959100,0.0,0.0
2022-06-23 00:00:00-04:00,46.29999923706055,46.81999969482422,46.02000045776367,46.79999923706055,1310900,0.0,0.0
2022-06-24 00:00:00-04:00,47.5,48.540000915527344,46.75,46.900001525878906,3186600,0.0,0.0
2022-06-27 00:00:00-04:00,47.22999954223633,47.36000061035156,46.81999969482422,47.040000915527344,1009300,0.0,0.0
2022-06-28 00:00:00-04:00,47.189998626708984,47.31999969482422,45.61000061035156,45.779998779296875,1016300,0.0,0.0
2022-06-29 00:00:00-04:00,45.84000015258789,46.0099983215332,44.83000183105469,45.279998779296875,954700,0.0,0.0
2022-06-30 00:00:00-04:00,45.040000915527344,45.59000015258789,43.849998474121094,44.0,1802800,0.0,0.0
2022-07-01 00:00:00-04:00,44.029998779296875,44.63999938964844,43.459999084472656,44.47999954223633,1084900,0.0,0.0
2022-07-05 00:00:00-04:00,43.77000045776367,46.5,43.77000045776367,46.33000183105469,1033200,0.0,0.0
2022-07-06 00:00:00-04:00,46.290000915527344,46.939998626708984,45.40999984741211,46.75,1293800,0.0,0.0
2022-07-07 00:00:00-04:00,46.7400016784668,51.13999938964844,46.65999984741211,50.16999816894531,3018400,0.0,0.0
2022-07-08 00:00:00-04:00,50.72999954223633,52.97999954223633,50.52000045776367,51.779998779296875,2187900,0.0,0.0
2022-07-11 00:00:00-04:00,51.150001525878906,51.52000045776367,49.880001068115234,50.0,1269500,0.0,0.0
2022-07-12 00:00:00-04:00,49.970001220703125,49.970001220703125,48.20000076293945,49.45000076293945,1058000,0.0,0.0
2022-07-13 00:00:00-04:00,48.45000076293945,50.400001525878906,48.13999938964844,48.38999938964844,1435700,0.0,0.0
2022-07-14 00:00:00-04:00,47.52000045776367,48.0099983215332,46.709999084472656,47.15999984741211,1167100,0.0,0.0
2022-07-15 00:00:00-04:00,47.84000015258789,49.16999816894531,47.20000076293945,49.15999984741211,1131800,0.0,0.0
2022-07-18 00:00:00-04:00,50.040000915527344,50.06999969482422,47.7599983215332,48.20000076293945,1048700,0.0,0.0
2022-07-19 00:00:00-04:00,48.83000183105469,50.08000183105469,48.619998931884766,50.060001373291016,1061100,0.0,0.0
2022-07-20 00:00:00-04:00,50.09000015258789,50.959999084472656,49.630001068115234,50.529998779296875,955300,0.0,0.0
2022-07-21 00:00:00-04:00,50.189998626708984,51.2400016784668,49.810001373291016,50.189998626708984,889600,0.0,0.0
2022-07-22 00:00:00-04:00,50.599998474121094,50.599998474121094,49.27000045776367,49.5,941200,0.0,0.0
2022-07-25 00:00:00-04:00,49.70000076293945,50.470001220703125,48.86000061035156,50.470001220703125,721600,0.0,0.0
2022-07-26 00:00:00-04:00,50.4900016784668,51.68000030517578,50.2599983215332,50.91999816894531,1166400,0.0,0.0
2022-07-27 00:00:00-04:00,51.369998931884766,51.9900016784668,50.34000015258789,51.70000076293945,724100,0.0,0.0
2022-07-28 00:00:00-04:00,51.63999938964844,52.0,49.5,50.52000045776367,882100,0.0,0.0
2022-07-29 00:00:00-04:00,50.349998474121094,50.5,48.630001068115234,48.900001525878906,969500,0.0,0.0
2022-08-01 00:00:00-04:00,48.33000183105469,49.5,47.790000915527344,48.529998779296875,773200,0.0,0.0
2022-08-02 00:00:00-04:00,48.790000915527344,49.0,47.54999923706055,47.93000030517578,1193700,0.0,0.0
2022-08-03 00:00:00-04:00,48.43000030517578,49.09000015258789,47.15999984741211,47.47999954223633,1039400,0.0,0.0
2022-08-04 00:00:00-04:00,47.5099983215332,48.31999969482422,45.11000061035156,45.38999938964844,1867000,0.0,0.0
2022-08-05 00:00:00-04:00,45.0,46.209999084472656,44.5,45.130001068115234,1086200,0.0,0.0
2022-08-08 00:00:00-04:00,45.15999984741211,45.52000045776367,44.06999969482422,45.040000915527344,1005100,0.0,0.0
2022-08-09 00:00:00-04:00,44.849998474121094,44.90999984741211,42.560001373291016,43.33000183105469,1320000,0.0,0.0
2022-08-10 00:00:00-04:00,46.650001525878906,46.650001525878906,41.880001068115234,44.099998474121094,2633700,0.0,0.0
2022-08-11 00:00:00-04:00,43.619998931884766,44.25,43.08000183105469,43.36000061035156,1660900,0.0,0.0
2022-08-12 00:00:00-04:00,43.2599983215332,43.779998779296875,42.72999954223633,43.13999938964844,1148400,0.0,0.0
2022-08-15 00:00:00-04:00,43.119998931884766,43.58000183105469,41.810001373291016,43.09000015258789,2601000,0.0,0.0
2022-08-16 00:00:00-04:00,43.439998626708984,45.7599983215332,42.95000076293945,44.47999954223633,8987400,0.0,0.0
2022-08-17 00:00:00-04:00,44.15999984741211,44.439998626708984,43.20000076293945,43.40999984741211,1435800,0.0,0.0
2022-08-18 00:00:00-04:00,43.31999969482422,43.70000076293945,42.060001373291016,43.11000061035156,1248600,0.0,0.0
2022-08-19 00:00:00-04:00,42.04999923706055,42.93000030517578,41.560001373291016,42.2599983215332,1264400,0.0,0.0
2022-08-22 00:00:00-04:00,42.08000183105469,42.36000061035156,41.060001373291016,41.900001525878906,1374900,0.0,0.0
2022-08-23 00:00:00-04:00,41.95000076293945,42.619998931884766,41.65999984741211,42.439998626708984,831800,0.0,0.0
2022-08-24 00:00:00-04:00,42.31999969482422,42.9900016784668,42.150001525878906,42.38999938964844,929800,0.0,0.0
2022-08-25 00:00:00-04:00,42.63999938964844,42.93000030517578,41.81999969482422,42.310001373291016,1158800,0.0,0.0
2022-08-26 00:00:00-04:00,42.689998626708984,42.689998626708984,40.119998931884766,40.290000915527344,1531100,0.0,0.0
2022-08-29 00:00:00-04:00,39.939998626708984,40.959999084472656,39.56999969482422,40.529998779296875,1109200,0.0,0.0
2022-08-30 00:00:00-04:00,40.84000015258789,40.97999954223633,40.349998474121094,40.72999954223633,955100,0.0,0.0
2022-08-31 00:00:00-04:00,40.88999938964844,41.150001525878906,40.41999816894531,40.72999954223633,1179400,0.0,0.0
2022-09-01 00:00:00-04:00,40.459999084472656,40.65999984741211,39.439998626708984,40.58000183105469,956900,0.0,0.0
2022-09-02 00:00:00-04:00,41.02000045776367,41.02000045776367,38.84000015258789,38.91999816894531,1121000,0.0,0.0
2022-09-06 00:00:00-04:00,38.689998626708984,39.119998931884766,38.2599983215332,38.529998779296875,1060400,0.0,0.0
2022-09-07 00:00:00-04:00,38.38999938964844,39.52000045776367,38.349998474121094,39.40999984741211,996900,0.0,0.0
2022-09-08 00:00:00-04:00,39.0,39.66999816894531,38.400001525878906,39.66999816894531,791900,0.0,0.0
2022-09-09 00:00:00-04:00,40.599998474121094,41.58000183105469,40.31999969482422,41.400001525878906,847700,0.0,0.0
2022-09-12 00:00:00-04:00,41.400001525878906,42.0099983215332,41.209999084472656,42.0,854900,0.0,0.0
2022-09-13 00:00:00-04:00,40.939998626708984,41.54999923706055,40.0099983215332,41.29999923706055,1493400,0.0,0.0
2022-09-14 00:00:00-04:00,41.459999084472656,42.66999816894531,41.220001220703125,42.5099983215332,1170400,0.0,0.0
2022-09-15 00:00:00-04:00,42.34000015258789,42.90999984741211,41.810001373291016,42.33000183105469,907000,0.0,0.0
2022-09-16 00:00:00-04:00,42.209999084472656,42.790000915527344,41.380001068115234,41.970001220703125,2655600,0.0,0.0
2022-09-19 00:00:00-04:00,41.459999084472656,41.959999084472656,39.939998626708984,40.90999984741211,2805200,0.0,0.0
2022-09-20 00:00:00-04:00,40.5,40.97999954223633,39.650001525878906,40.279998779296875,2354100,0.0,0.0
2022-09-21 00:00:00-04:00,40.31999969482422,40.56999969482422,39.11000061035156,39.209999084472656,825700,0.0,0.0
2022-09-22 00:00:00-04:00,38.83000183105469,39.220001220703125,38.220001220703125,38.7400016784668,1078600,0.0,0.0
2022-09-23 00:00:00-04:00,38.369998931884766,38.880001068115234,38.029998779296875,38.81999969482422,881700,0.0,0.0
2022-09-26 00:00:00-04:00,38.650001525878906,39.11000061035156,38.25,38.58000183105469,887600,0.0,0.0
2022-09-27 00:00:00-04:00,39.06999969482422,39.529998779296875,38.22999954223633,38.63999938964844,1012300,0.0,0.0
2022-09-28 00:00:00-04:00,39.0,40.59000015258789,38.900001525878906,40.25,1332900,0.0,0.0
2022-09-29 00:00:00-04:00,39.869998931884766,39.970001220703125,38.77000045776367,39.52000045776367,1000800,0.0,0.0
2022-09-30 00:00:00-04:00,39.72999954223633,40.58000183105469,39.279998779296875,39.540000915527344,1921200,0.0,0.0
2022-10-03 00:00:00-04:00,40.04999923706055,40.41999816894531,39.16999816894531,40.060001373291016,1047100,0.0,0.0
2022-10-04 00:00:00-04:00,40.70000076293945,41.56999969482422,40.31999969482422,41.54999923706055,1412400,0.0,0.0
2022-10-05 00:00:00-04:00,41.209999084472656,42.060001373291016,40.720001220703125,41.65999984741211,944600,0.0,0.0
2022-10-06 00:00:00-04:00,41.61000061035156,41.970001220703125,40.95000076293945,41.81999969482422,697200,0.0,0.0
2022-10-07 00:00:00-04:00,41.689998626708984,42.209999084472656,41.18000030517578,41.5,1033700,0.0,0.0
2022-10-10 00:00:00-04:00,41.45000076293945,41.849998474121094,41.130001068115234,41.2599983215332,564500,0.0,0.0
2022-10-11 00:00:00-04:00,41.380001068115234,43.310001373291016,41.04999923706055,42.20000076293945,1092600,0.0,0.0
2022-10-12 00:00:00-04:00,42.27000045776367,42.70000076293945,41.630001068115234,42.599998474121094,880000,0.0,0.0
2022-10-13 00:00:00-04:00,41.939998626708984,43.68000030517578,41.4900016784668,43.220001220703125,768600,0.0,0.0
2022-10-14 00:00:00-04:00,43.65999984741211,44.869998931884766,43.47999954223633,44.16999816894531,1237700,0.0,0.0
2022-10-17 00:00:00-04:00,44.38999938964844,45.189998626708984,44.08000183105469,44.689998626708984,1115900,0.0,0.0
2022-10-18 00:00:00-04:00,45.040000915527344,46.119998931884766,44.68000030517578,46.0099983215332,1197000,0.0,0.0
2022-10-19 00:00:00-04:00,45.58000183105469,45.58000183105469,43.40999984741211,43.95000076293945,1465900,0.0,0.0
2022-10-20 00:00:00-04:00,44.130001068115234,45.27000045776367,43.54999923706055,43.900001525878906,970600,0.0,0.0
2022-10-21 00:00:00-04:00,44.25,46.189998626708984,43.81999969482422,46.060001373291016,879800,0.0,0.0
2022-10-24 00:00:00-04:00,46.41999816894531,46.939998626708984,45.880001068115234,46.560001373291016,812400,0.0,0.0
2022-10-25 00:00:00-04:00,46.63999938964844,47.09000015258789,46.400001525878906,46.91999816894531,951000,0.0,0.0
2022-10-26 00:00:00-04:00,47.130001068115234,48.0,46.84000015258789,46.90999984741211,876800,0.0,0.0
2022-10-27 00:00:00-04:00,47.290000915527344,47.560001373291016,46.5099983215332,47.0,713300,0.0,0.0
2022-10-28 00:00:00-04:00,47.34000015258789,48.650001525878906,46.9900016784668,48.2400016784668,821100,0.0,0.0
2022-10-31 00:00:00-04:00,48.09000015258789,48.290000915527344,47.25,47.810001373291016,759100,0.0,0.0
2022-11-01 00:00:00-04:00,48.16999816894531,49.08000183105469,47.380001068115234,48.279998779296875,832300,0.0,0.0
2022-11-02 00:00:00-04:00,48.02000045776367,48.81999969482422,47.189998626708984,47.380001068115234,1251200,0.0,0.0
2022-11-03 00:00:00-04:00,46.810001373291016,47.560001373291016,46.380001068115234,47.040000915527344,1012100,0.0,0.0
2022-11-04 00:00:00-04:00,47.52000045776367,47.529998779296875,45.41999816894531,46.59000015258789,1070200,0.0,0.0
2022-11-07 00:00:00-05:00,46.790000915527344,47.43000030517578,46.02000045776367,46.279998779296875,1311100,0.0,0.0
2022-11-08 00:00:00-05:00,46.2599983215332,46.70000076293945,45.209999084472656,45.83000183105469,1130100,0.0,0.0
2022-11-09 00:00:00-05:00,47.81999969482422,50.349998474121094,47.13999938964844,49.709999084472656,2682200,0.0,0.0
2022-11-10 00:00:00-05:00,50.900001525878906,53.54999923706055,50.31999969482422,53.33000183105469,2643400,0.0,0.0
2022-11-11 00:00:00-05:00,54.369998931884766,54.66999816894531,52.34000015258789,53.970001220703125,1959700,0.0,0.0
2022-11-14 00:00:00-05:00,53.63999938964844,54.880001068115234,53.16999816894531,53.90999984741211,1342600,0.0,0.0
2022-11-15 00:00:00-05:00,54.5,54.83000183105469,53.119998931884766,54.02000045776367,1273000,0.0,0.0
2022-11-16 00:00:00-05:00,54.0,54.41999816894531,52.58000183105469,53.27000045776367,1179900,0.0,0.0
2022-11-17 00:00:00-05:00,52.29999923706055,52.849998474121094,51.369998931884766,52.7599983215332,1143100,0.0,0.0
2022-11-18 00:00:00-05:00,53.52000045776367,53.56999969482422,52.619998931884766,52.939998626708984,859500,0.0,0.0
2022-11-21 00:00:00-05:00,53.119998931884766,54.220001220703125,52.720001220703125,53.290000915527344,1061800,0.0,0.0
2022-11-22 00:00:00-05:00,53.470001220703125,53.7400016784668,52.27000045776367,53.630001068115234,788700,0.0,0.0
2022-11-23 00:00:00-05:00,53.81999969482422,54.79999923706055,53.59000015258789,54.349998474121094,724800,0.0,0.0
2022-11-25 00:00:00-05:00,54.38999938964844,55.15999984741211,54.02000045776367,54.66999816894531,354900,0.0,0.0
2022-11-28 00:00:00-05:00,54.86000061035156,57.66999816894531,54.86000061035156,56.470001220703125,1780700,0.0,0.0
2022-11-29 00:00:00-05:00,56.130001068115234,57.06999969482422,55.63999938964844,57.04999923706055,1379000,0.0,0.0
2022-11-30 00:00:00-05:00,57.18000030517578,57.66999816894531,55.939998626708984,57.2599983215332,1516400,0.0,0.0
2022-12-01 00:00:00-05:00,56.900001525878906,57.72999954223633,56.619998931884766,57.400001525878906,1638300,0.0,0.0
2022-12-02 00:00:00-05:00,56.959999084472656,59.459999084472656,56.959999084472656,59.439998626708984,1958400,0.0,0.0
2022-12-05 00:00:00-05:00,59.16999816894531,59.33000183105469,55.41999816894531,55.939998626708984,2401100,0.0,0.0
2022-12-06 00:00:00-05:00,56.119998931884766,56.630001068115234,55.59000015258789,56.380001068115234,1238900,0.0,0.0
2022-12-07 00:00:00-05:00,56.119998931884766,57.79999923706055,56.119998931884766,57.7400016784668,920200,0.0,0.0
2022-12-08 00:00:00-05:00,58.20000076293945,58.5099983215332,57.13999938964844,57.849998474121094,959100,0.0,0.0
2022-12-09 00:00:00-05:00,57.540000915527344,58.099998474121094,56.79999923706055,56.93000030517578,910300,0.0,0.0
2022-12-12 00:00:00-05:00,57.16999816894531,58.06999969482422,56.790000915527344,58.04999923706055,1020700,0.0,0.0
2022-12-13 00:00:00-05:00,59.119998931884766,59.400001525878906,58.0,58.939998626708984,1392700,0.0,0.0
2022-12-14 00:00:00-05:00,58.47999954223633,59.06999969482422,57.849998474121094,58.52000045776367,1059000,0.0,0.0
2022-12-15 00:00:00-05:00,58.220001220703125,58.220001220703125,56.2599983215332,57.029998779296875,1386000,0.0,0.0
2022-12-16 00:00:00-05:00,56.029998779296875,57.02000045776367,55.630001068115234,56.86000061035156,3360400,0.0,0.0
2022-12-19 00:00:00-05:00,56.880001068115234,57.119998931884766,55.7400016784668,56.20000076293945,737500,0.0,0.0
2022-12-20 00:00:00-05:00,56.439998626708984,57.529998779296875,56.18000030517578,56.689998626708984,1259600,0.0,0.0
2022-12-21 00:00:00-05:00,57.380001068115234,58.650001525878906,57.119998931884766,58.349998474121094,979800,0.0,0.0
2022-12-22 00:00:00-05:00,58.13999938964844,58.33000183105469,56.810001373291016,57.83000183105469,615900,0.0,0.0
2022-12-23 00:00:00-05:00,57.86000061035156,58.189998626708984,57.0099983215332,57.4900016784668,822800,0.0,0.0
2022-12-27 00:00:00-05:00,57.70000076293945,57.91999816894531,56.779998779296875,57.119998931884766,461200,0.0,0.0
2022-12-28 00:00:00-05:00,57.15999984741211,57.66999816894531,56.689998626708984,56.7400016784668,579500,0.0,0.0
2022-12-29 00:00:00-05:00,57.0,57.810001373291016,56.189998626708984,56.97999954223633,1158300,0.0,0.0
2022-12-30 00:00:00-05:00,56.650001525878906,57.099998474121094,55.84000015258789,56.900001525878906,823400,0.0,0.0
2023-01-03 00:00:00-05:00,56.9900016784668,57.0,55.11000061035156,55.130001068115234,1275000,0.0,0.0
2023-01-04 00:00:00-05:00,55.130001068115234,55.61000061035156,53.41999816894531,53.900001525878906,1560400,0.0,0.0
2023-01-05 00:00:00-05:00,53.79999923706055,54.68000030517578,53.369998931884766,54.22999954223633,856800,0.0,0.0
2023-01-06 00:00:00-05:00,54.779998779296875,55.599998474121094,54.0099983215332,55.47999954223633,738600,0.0,0.0
2023-01-09 00:00:00-05:00,55.709999084472656,56.4900016784668,54.869998931884766,55.040000915527344,802700,0.0,0.0
2023-01-10 00:00:00-05:00,54.93000030517578,55.849998474121094,54.93000030517578,55.70000076293945,519300,0.0,0.0
2023-01-11 00:00:00-05:00,50.02000045776367,51.93000030517578,48.970001220703125,50.560001373291016,4226500,0.0,0.0
2023-01-12 00:00:00-05:00,50.25,50.75,49.36000061035156,50.68000030517578,2445500,0.0,0.0
2023-01-13 00:00:00-05:00,50.369998931884766,51.599998474121094,49.959999084472656,50.34000015258789,1705400,0.0,0.0
2023-01-17 00:00:00-05:00,50.2400016784668,51.47999954223633,49.880001068115234,51.02000045776367,1498000,0.0,0.0
2023-01-18 00:00:00-05:00,50.959999084472656,52.720001220703125,50.61000061035156,52.66999816894531,1803600,0.0,0.0
2023-01-19 00:00:00-05:00,52.689998626708984,52.720001220703125,51.310001373291016,51.31999969482422,1330800,0.0,0.0
2023-01-20 00:00:00-05:00,51.68000030517578,51.83000183105469,50.65999984741211,51.459999084472656,2046700,0.0,0.0
2023-01-23 00:00:00-05:00,51.43000030517578,51.849998474121094,51.13999938964844,51.41999816894531,863200,0.0,0.0
2023-01-24 00:00:00-05:00,51.310001373291016,51.849998474121094,50.900001525878906,51.22999954223633,1210600,0.0,0.0
2023-01-25 00:00:00-05:00,51.09000015258789,52.54999923706055,50.68000030517578,52.4900016784668,738300,0.0,0.0
2023-01-26 00:00:00-05:00,52.7599983215332,53.540000915527344,52.47999954223633,53.279998779296875,825800,0.0,0.0
2023-01-27 00:00:00-05:00,53.22999954223633,53.33000183105469,49.630001068115234,50.709999084472656,1451700,0.0,0.0
2023-01-30 00:00:00-05:00,50.38999938964844,51.18000030517578,50.150001525878906,51.119998931884766,956100,0.0,0.0
2023-01-31 00:00:00-05:00,51.36000061035156,52.150001525878906,51.18000030517578,51.77000045776367,899400,0.0,0.0
2023-02-01 00:00:00-05:00,51.61000061035156,52.619998931884766,51.31999969482422,52.16999816894531,886000,0.0,0.0
2023-02-02 00:00:00-05:00,52.16999816894531,52.880001068115234,51.11000061035156,52.869998931884766,1085900,0.0,0.0
2023-02-03 00:00:00-05:00,52.83000183105469,53.470001220703125,51.84000015258789,52.650001525878906,863500,0.0,0.0
2023-02-06 00:00:00-05:00,52.849998474121094,53.709999084472656,51.81999969482422,51.84000015258789,713800,0.0,0.0
2023-02-07 00:00:00-05:00,51.70000076293945,51.849998474121094,50.959999084472656,51.66999816894531,935900,0.0,0.0
2023-02-08 00:00:00-05:00,51.459999084472656,51.650001525878906,50.279998779296875,50.31999969482422,771100,0.0,0.0
2023-02-09 00:00:00-05:00,50.54999923706055,50.59000015258789,49.31999969482422,49.380001068115234,1119600,0.0,0.0
2023-02-10 00:00:00-05:00,49.41999816894531,49.459999084472656,48.0099983215332,48.91999816894531,1236100,0.0,0.0
2023-02-13 00:00:00-05:00,49.20000076293945,49.25,48.599998474121094,49.099998474121094,1392200,0.0,0.0
2023-02-14 00:00:00-05:00,49.0,49.150001525878906,48.349998474121094,48.810001373291016,911200,0.0,0.0
2023-02-15 00:00:00-05:00,48.81999969482422,49.20000076293945,48.0099983215332,49.20000076293945,1028300,0.0,0.0
2023-02-16 00:00:00-05:00,48.59000015258789,49.70000076293945,48.45000076293945,49.2599983215332,816400,0.0,0.0
2023-02-17 00:00:00-05:00,49.47999954223633,50.119998931884766,48.88999938964844,50.029998779296875,1241400,0.0,0.0
2023-02-21 00:00:00-05:00,49.7400016784668,50.27000045776367,49.060001373291016,49.65999984741211,1033600,0.0,0.0
2023-02-22 00:00:00-05:00,49.0,51.38999938964844,48.209999084472656,50.08000183105469,1436000,0.0,0.0
2023-02-23 00:00:00-05:00,50.0,51.45000076293945,49.400001525878906,50.349998474121094,1313100,0.0,0.0
2023-02-24 00:00:00-05:00,50.0,51.040000915527344,49.400001525878906,49.540000915527344,940600,0.0,0.0
2023-02-27 00:00:00-05:00,49.79999923706055,49.79999923706055,48.529998779296875,48.54999923706055,662300,0.0,0.0
2023-02-28 00:00:00-05:00,48.5099983215332,48.7400016784668,47.7400016784668,47.9900016784668,1579400,0.0,0.0
2023-03-01 00:00:00-05:00,47.709999084472656,48.310001373291016,47.459999084472656,47.619998931884766,724300,0.0,0.0
2023-03-02 00:00:00-05:00,47.27000045776367,47.470001220703125,46.0,46.029998779296875,1336000,0.0,0.0
2023-03-03 00:00:00-05:00,46.20000076293945,46.599998474121094,45.56999969482422,46.369998931884766,887800,0.0,0.0
2023-03-06 00:00:00-05:00,46.060001373291016,46.31999969482422,45.16999816894531,45.47999954223633,2258800,0.0,0.0
2023-03-07 00:00:00-05:00,45.619998931884766,45.93000030517578,43.31999969482422,43.400001525878906,2075400,0.0,0.0
2023-03-08 00:00:00-05:00,43.529998779296875,43.65999984741211,42.2599983215332,42.5099983215332,1706900,0.0,0.0
2023-03-09 00:00:00-05:00,42.540000915527344,43.36000061035156,42.459999084472656,42.7400016784668,1187000,0.0,0.0
2023-03-10 00:00:00-05:00,42.54999923706055,42.689998626708984,41.36000061035156,41.630001068115234,1124500,0.0,0.0
2023-03-13 00:00:00-04:00,41.459999084472656,43.470001220703125,41.459999084472656,42.90999984741211,1373600,0.0,0.0
2023-03-14 00:00:00-04:00,43.2400016784668,43.66999816894531,41.34000015258789,42.0,1629700,0.0,0.0
2023-03-15 00:00:00-04:00,41.13999938964844,41.20000076293945,39.56999969482422,40.04999923706055,2479800,0.0,0.0
2023-03-16 00:00:00-04:00,39.29999923706055,39.29999923706055,35.970001220703125,36.06999969482422,5449200,0.0,0.0
2023-03-17 00:00:00-04:00,35.83000183105469,36.31999969482422,32.93000030517578,33.08000183105469,6674100,0.0,0.0
2023-03-20 00:00:00-04:00,33.5,35.16999816894531,33.25,34.81999969482422,3427300,0.0,0.0
2023-03-21 00:00:00-04:00,35.06999969482422,35.47999954223633,34.13999938964844,34.59000015258789,2550400,0.0,0.0
2023-03-22 00:00:00-04:00,34.400001525878906,34.84000015258789,32.83000183105469,32.86000061035156,2259400,0.0,0.0
2023-03-23 00:00:00-04:00,32.86000061035156,33.849998474121094,32.86000061035156,33.68000030517578,2353600,0.0,0.0
2023-03-24 00:00:00-04:00,33.59000015258789,34.7400016784668,33.41999816894531,34.4900016784668,1629500,0.0,0.0
2023-03-27 00:00:00-04:00,34.869998931884766,36.2400016784668,34.689998626708984,35.70000076293945,2578200,0.0,0.0
2023-03-28 00:00:00-04:00,35.540000915527344,36.65999984741211,35.45000076293945,36.5099983215332,1511300,0.0,0.0
2023-03-29 00:00:00-04:00,36.619998931884766,38.34000015258789,36.38999938964844,38.189998626708984,2824600,0.0,0.0
2023-03-30 00:00:00-04:00,38.349998474121094,38.4900016784668,36.619998931884766,37.310001373291016,2233900,0.0,0.0
2023-03-31 00:00:00-04:00,37.869998931884766,38.29999923706055,37.45000076293945,38.189998626708984,1537000,0.0,0.0
2023-04-03 00:00:00-04:00,38.290000915527344,38.79999923706055,38.0099983215332,38.7400016784668,1279800,0.0,0.0
2023-04-04 00:00:00-04:00,38.689998626708984,38.779998779296875,36.83000183105469,37.470001220703125,1606300,0.0,0.0
2023-04-05 00:00:00-04:00,37.47999954223633,38.08000183105469,37.15999984741211,37.43000030517578,1236900,0.0,0.0
2023-04-06 00:00:00-04:00,37.77000045776367,38.45000076293945,37.369998931884766,38.33000183105469,1131100,0.0,0.0
2023-04-10 00:00:00-04:00,38.2599983215332,38.2599983215332,36.779998779296875,37.0,1391300,0.0,0.0
2023-04-11 00:00:00-04:00,37.189998626708984,37.47999954223633,36.5,36.7400016784668,1321300,0.0,0.0
2023-04-12 00:00:00-04:00,37.11000061035156,37.2400016784668,36.150001525878906,36.34000015258789,808500,0.0,0.0
2023-04-13 00:00:00-04:00,36.40999984741211,36.72999954223633,36.06999969482422,36.5,1399600,0.0,0.0
2023-04-14 00:00:00-04:00,36.349998474121094,36.45000076293945,35.11000061035156,35.650001525878906,990600,0.0,0.0
2023-04-17 00:00:00-04:00,36.2400016784668,36.40999984741211,35.77000045776367,36.0,1118400,0.0,0.0
2023-04-18 00:00:00-04:00,36.0,36.290000915527344,35.04999923706055,35.709999084472656,1098500,0.0,0.0
2023-04-19 00:00:00-04:00,35.540000915527344,35.7400016784668,34.84000015258789,35.16999816894531,1141300,0.0,0.0
2023-04-20 00:00:00-04:00,34.84000015258789,35.150001525878906,33.5,33.900001525878906,1684000,0.0,0.0
2023-04-21 00:00:00-04:00,33.720001220703125,34.849998474121094,33.59000015258789,34.27000045776367,1246100,0.0,0.0
2023-04-24 00:00:00-04:00,34.27000045776367,34.34000015258789,33.439998626708984,33.540000915527344,1123800,0.0,0.0
2023-04-25 00:00:00-04:00,33.540000915527344,34.0,33.470001220703125,33.56999969482422,990100,0.0,0.0
2023-04-26 00:00:00-04:00,33.310001373291016,33.5,32.5,32.86000061035156,1339600,0.0,0.0
2023-04-27 00:00:00-04:00,32.810001373291016,32.810001373291016,31.81999969482422,32.2400016784668,953000,0.0,0.0
2023-04-28 00:00:00-04:00,32.150001525878906,32.45000076293945,31.8700008392334,32.130001068115234,986000,0.0,0.0
2023-05-01 00:00:00-04:00,32.130001068115234,32.91999816894531,31.8799991607666,32.630001068115234,1293900,0.0,0.0
2023-05-02 00:00:00-04:00,32.56999969482422,32.58000183105469,31.600000381469727,31.81999969482422,1928900,0.0,0.0
2023-05-03 00:00:00-04:00,31.979999542236328,33.029998779296875,31.600000381469727,32.400001525878906,2040200,0.0,0.0
2023-05-04 00:00:00-04:00,32.400001525878906,32.459999084472656,30.829999923706055,30.8700008392334,1335700,0.0,0.0
2023-05-05 00:00:00-04:00,31.219999313354492,31.440000534057617,30.709999084472656,31.0,1073900,0.0,0.0
2023-05-08 00:00:00-04:00,31.09000015258789,31.170000076293945,30.06999969482422,30.280000686645508,1578300,0.0,0.0
2023-05-09 00:00:00-04:00,30.09000015258789,30.8799991607666,29.850000381469727,30.579999923706055,1481600,0.0,0.0
2023-05-10 00:00:00-04:00,32.130001068115234,34.81999969482422,31.049999237060547,34.4900016784668,3558200,0.0,0.0
2023-05-11 00:00:00-04:00,34.470001220703125,34.470001220703125,32.81999969482422,32.9900016784668,1639700,0.0,0.0
2023-05-12 00:00:00-04:00,33.029998779296875,33.52000045776367,32.560001373291016,32.97999954223633,884100,0.0,0.0
2023-05-15 00:00:00-04:00,33.040000915527344,34.58000183105469,32.97999954223633,33.900001525878906,1059500,0.0,0.0
2023-05-16 00:00:00-04:00,32.88999938964844,33.40999984741211,32.130001068115234,33.29999923706055,1217600,0.0,0.0
2023-05-17 00:00:00-04:00,33.47999954223633,33.9900016784668,33.20000076293945,33.459999084472656,1338300,0.0,0.0
2023-05-18 00:00:00-04:00,33.380001068115234,33.65999984741211,32.689998626708984,33.29999923706055,807400,0.0,0.0
2023-05-19 00:00:00-04:00,33.7599983215332,34.08000183105469,33.2599983215332,33.869998931884766,878000,0.0,0.0
2023-05-22 00:00:00-04:00,34.11000061035156,35.2599983215332,33.47999954223633,35.0,1779900,0.0,0.0
2023-05-23 00:00:00-04:00,34.79999923706055,34.9900016784668,34.0,34.0099983215332,928200,0.0,0.0
2023-05-24 00:00:00-04:00,33.88999938964844,33.939998626708984,33.209999084472656,33.45000076293945,581500,0.0,0.0
2023-05-25 00:00:00-04:00,33.04999923706055,33.5,32.52000045776367,33.13999938964844,840700,0.0,0.0
2023-05-26 00:00:00-04:00,33.2599983215332,33.459999084472656,32.939998626708984,33.20000076293945,671800,0.0,0.0
2023-05-30 00:00:00-04:00,33.02000045776367,33.310001373291016,32.41999816894531,32.849998474121094,548900,0.0,0.0
2023-05-31 00:00:00-04:00,32.79999923706055,33.38999938964844,32.40999984741211,32.43000030517578,935600,0.0,0.0
2023-06-01 00:00:00-04:00,32.43000030517578,33.04999923706055,31.860000610351562,32.4900016784668,771000,0.0,0.0
2023-06-02 00:00:00-04:00,32.779998779296875,33.599998474121094,32.5,33.56999969482422,858600,0.0,0.0
2023-06-05 00:00:00-04:00,33.2599983215332,33.900001525878906,32.849998474121094,33.060001373291016,1066500,0.0,0.0
2023-06-06 00:00:00-04:00,33.04999923706055,34.400001525878906,32.84000015258789,33.97999954223633,809100,0.0,0.0
2023-06-07 00:00:00-04:00,34.0099983215332,34.959999084472656,33.849998474121094,34.720001220703125,979000,0.0,0.0
2023-06-08 00:00:00-04:00,34.619998931884766,34.790000915527344,33.869998931884766,34.15999984741211,661300,0.0,0.0
2023-06-09 00:00:00-04:00,34.15999984741211,34.459999084472656,33.77000045776367,33.959999084472656,592900,0.0,0.0
2023-06-12 00:00:00-04:00,34.189998626708984,34.189998626708984,33.43000030517578,33.68000030517578,830700,0.0,0.0
2023-06-13 00:00:00-04:00,33.650001525878906,34.119998931884766,33.439998626708984,33.849998474121094,810200,0.0,0.0
2023-06-14 00:00:00-04:00,34.02000045776367,34.02000045776367,32.779998779296875,32.970001220703125,1006700,0.0,0.0
2023-06-15 00:00:00-04:00,32.93000030517578,34.220001220703125,32.84000015258789,34.15999984741211,1015100,0.0,0.0
2023-06-16 00:00:00-04:00,34.45000076293945,35.20000076293945,33.97999954223633,34.97999954223633,3522500,0.0,0.0
2023-06-20 00:00:00-04:00,34.9900016784668,35.16999816894531,34.40999984741211,34.56999969482422,1204600,0.0,0.0
2023-06-21 00:00:00-04:00,34.529998779296875,36.66999816894531,34.18000030517578,36.119998931884766,1628600,0.0,0.0
2023-06-22 00:00:00-04:00,36.06999969482422,36.29999923706055,35.04999923706055,35.43000030517578,993300,0.0,0.0
2023-06-23 00:00:00-04:00,34.90999984741211,35.150001525878906,34.029998779296875,34.13999938964844,1325600,0.0,0.0
2023-06-26 00:00:00-04:00,34.08000183105469,35.08000183105469,33.97999954223633,34.84000015258789,869500,0.0,0.0
2023-06-27 00:00:00-04:00,34.81999969482422,35.22999954223633,33.599998474121094,34.20000076293945,747400,0.0,0.0
2023-06-28 00:00:00-04:00,34.2400016784668,34.560001373291016,34.0,34.220001220703125,822200,0.0,0.0
2023-06-29 00:00:00-04:00,34.0099983215332,35.060001373291016,33.86000061035156,34.66999816894531,644100,0.0,0.0
2023-06-30 00:00:00-04:00,35.0,36.619998931884766,34.59000015258789,36.06999969482422,1524800,0.0,0.0
2023-07-03 00:00:00-04:00,36.0,37.36000061035156,35.810001373291016,36.880001068115234,1093500,0.0,0.0
2023-07-05 00:00:00-04:00,36.849998474121094,37.099998474121094,36.27000045776367,36.459999084472656,1561700,0.0,0.0
2023-07-06 00:00:00-04:00,36.27000045776367,36.70000076293945,35.709999084472656,36.61000061035156,933300,0.0,0.0
2023-07-07 00:00:00-04:00,36.59000015258789,37.2599983215332,36.31999969482422,36.619998931884766,1164500,0.0,0.0
2023-07-10 00:00:00-04:00,36.560001373291016,37.54999923706055,36.06999969482422,37.31999969482422,784500,0.0,0.0
2023-07-11 00:00:00-04:00,37.40999984741211,37.83000183105469,37.0,37.099998474121094,708500,0.0,0.0
2023-07-12 00:00:00-04:00,37.75,37.880001068115234,37.099998474121094,37.189998626708984,668800,0.0,0.0
2023-07-13 00:00:00-04:00,37.54999923706055,39.47999954223633,37.29999923706055,39.209999084472656,1462500,0.0,0.0
2023-07-14 00:00:00-04:00,39.13999938964844,39.279998779296875,37.689998626708984,38.220001220703125,826700,0.0,0.0
2023-07-17 00:00:00-04:00,38.7400016784668,41.560001373291016,38.36000061035156,40.27000045776367,2628000,0.0,0.0
2023-07-18 00:00:00-04:00,40.279998779296875,42.31999969482422,40.099998474121094,41.70000076293945,1701700,0.0,0.0
2023-07-19 00:00:00-04:00,41.81999969482422,42.459999084472656,41.27000045776367,41.9900016784668,1441600,0.0,0.0
2023-07-20 00:00:00-04:00,42.0099983215332,42.72999954223633,41.380001068115234,42.56999969482422,1189400,0.0,0.0
2023-07-21 00:00:00-04:00,43.04999923706055,43.31999969482422,42.400001525878906,42.88999938964844,1128100,0.0,0.0
2023-07-24 00:00:00-04:00,42.720001220703125,43.40999984741211,42.47999954223633,42.7599983215332,1307300,0.0,0.0
2023-07-25 00:00:00-04:00,42.58000183105469,43.4900016784668,42.40999984741211,42.810001373291016,1103200,0.0,0.0
2023-07-26 00:00:00-04:00,42.79999923706055,44.099998474121094,42.279998779296875,43.75,1007700,0.0,0.0
2023-07-27 00:00:00-04:00,43.90999984741211,44.15999984741211,43.18000030517578,43.5099983215332,1066300,0.0,0.0
2023-07-28 00:00:00-04:00,43.599998474121094,44.2400016784668,43.15999984741211,43.65999984741211,1008200,0.0,0.0
2023-07-31 00:00:00-04:00,43.68000030517578,43.9900016784668,42.560001373291016,42.959999084472656,1175300,0.0,0.0
2023-08-01 00:00:00-04:00,43.06999969482422,43.650001525878906,42.220001220703125,42.279998779296875,879000,0.0,0.0
2023-08-02 00:00:00-04:00,42.029998779296875,42.90999984741211,41.619998931884766,42.849998474121094,1021600,0.0,0.0
2023-08-03 00:00:00-04:00,42.81999969482422,43.36000061035156,41.869998931884766,42.099998474121094,961200,0.0,0.0
2023-08-04 00:00:00-04:00,42.119998931884766,43.119998931884766,41.939998626708984,42.40999984741211,697800,0.0,0.0
2023-08-07 00:00:00-04:00,42.63999938964844,42.63999938964844,41.650001525878906,42.0099983215332,1291100,0.0,0.0
2023-08-08 00:00:00-04:00,42.0099983215332,43.599998474121094,41.90999984741211,43.310001373291016,1448600,0.0,0.0
2023-08-09 00:00:00-04:00,42.41999816894531,44.790000915527344,41.5099983215332,42.630001068115234,1289600,0.0,0.0
2023-08-10 00:00:00-04:00,42.880001068115234,45.0,42.869998931884766,44.029998779296875,933200,0.0,0.0
2023-08-11 00:00:00-04:00,43.79999923706055,44.029998779296875,43.349998474121094,43.75,933800,0.0,0.0
2023-08-14 00:00:00-04:00,43.720001220703125,44.2400016784668,43.25,43.86000061035156,628100,0.0,0.0
2023-08-15 00:00:00-04:00,43.91999816894531,44.119998931884766,43.43000030517578,44.02000045776367,677100,0.0,0.0
2023-08-16 00:00:00-04:00,43.88999938964844,43.88999938964844,43.0099983215332,43.290000915527344,621200,0.0,0.0
2023-08-17 00:00:00-04:00,43.290000915527344,43.439998626708984,42.470001220703125,42.47999954223633,853800,0.0,0.0
2023-08-18 00:00:00-04:00,42.16999816894531,43.91999816894531,41.93000030517578,43.2599983215332,785800,0.0,0.0
2023-08-21 00:00:00-04:00,43.2400016784668,43.38999938964844,42.349998474121094,42.619998931884766,694800,0.0,0.0
2023-08-22 00:00:00-04:00,42.560001373291016,43.04999923706055,42.13999938964844,42.70000076293945,763500,0.0,0.0
2023-08-23 00:00:00-04:00,42.810001373291016,43.18000030517578,41.939998626708984,41.959999084472656,702600,0.0,0.0
2023-08-24 00:00:00-04:00,41.7599983215332,42.36000061035156,41.61000061035156,42.2400016784668,802200,0.0,0.0
2023-08-25 00:00:00-04:00,42.43000030517578,42.88999938964844,42.36000061035156,42.689998626708984,637200,0.0,0.0
2023-08-28 00:00:00-04:00,42.75,43.130001068115234,42.29999923706055,42.439998626708984,416700,0.0,0.0
2023-08-29 00:00:00-04:00,42.540000915527344,43.2599983215332,42.2599983215332,43.099998474121094,599600,0.0,0.0
2023-08-30 00:00:00-04:00,43.06999969482422,43.27000045776367,42.369998931884766,42.97999954223633,726600,0.0,0.0
2023-08-31 00:00:00-04:00,43.099998474121094,43.33000183105469,42.41999816894531,42.560001373291016,717100,0.0,0.0
2023-09-01 00:00:00-04:00,42.849998474121094,43.33000183105469,42.59000015258789,42.81999969482422,511400,0.0,0.0
2023-09-05 00:00:00-04:00,42.58000183105469,42.58000183105469,40.83000183105469,40.900001525878906,914200,0.0,0.0
2023-09-06 00:00:00-04:00,41.09000015258789,41.150001525878906,40.349998474121094,41.02000045776367,845000,0.0,0.0
2023-09-07 00:00:00-04:00,40.939998626708984,41.93000030517578,39.08000183105469,39.13999938964844,1015500,0.0,0.0
2023-09-08 00:00:00-04:00,39.11000061035156,39.38999938964844,38.290000915527344,38.5099983215332,980300,0.0,0.0
2023-09-11 00:00:00-04:00,38.54999923706055,38.86000061035156,37.43000030517578,37.5,1187800,0.0,0.0
2023-09-12 00:00:00-04:00,37.619998931884766,39.060001373291016,37.470001220703125,38.91999816894531,901600,0.0,0.0
2023-09-13 00:00:00-04:00,38.81999969482422,41.5,38.81999969482422,41.029998779296875,1299600,0.0,0.0
2023-09-14 00:00:00-04:00,41.41999816894531,41.61000061035156,40.380001068115234,40.52000045776367,939600,0.0,0.0
2023-09-15 00:00:00-04:00,40.52000045776367,40.52000045776367,38.970001220703125,39.220001220703125,2744700,0.0,0.0
2023-09-18 00:00:00-04:00,39.220001220703125,39.4900016784668,38.209999084472656,39.11000061035156,792300,0.0,0.0
2023-09-19 00:00:00-04:00,39.18000030517578,39.91999816894531,38.88999938964844,39.77000045776367,617100,0.0,0.0
2023-09-20 00:00:00-04:00,39.77000045776367,40.290000915527344,39.58000183105469,39.599998474121094,628900,0.0,0.0
2023-09-21 00:00:00-04:00,39.33000183105469,40.540000915527344,39.0,39.90999984741211,785700,0.0,0.0
2023-09-22 00:00:00-04:00,39.90999984741211,40.18000030517578,39.290000915527344,39.56999969482422,580100,0.0,0.0
2023-09-25 00:00:00-04:00,39.41999816894531,39.41999816894531,38.459999084472656,38.88999938964844,701800,0.0,0.0
2023-09-26 00:00:00-04:00,38.880001068115234,39.29999923706055,38.13999938964844,38.470001220703125,769200,0.0,0.0
2023-09-27 00:00:00-04:00,38.5099983215332,39.2599983215332,38.22999954223633,38.45000076293945,847900,0.0,0.0
2023-09-28 00:00:00-04:00,38.40999984741211,39.380001068115234,38.18000030517578,39.150001525878906,643100,0.0,0.0
2023-09-29 00:00:00-04:00,39.25,39.5,38.15999984741211,38.20000076293945,914400,0.0,0.0
2023-10-02 00:00:00-04:00,38.15999984741211,38.20000076293945,37.29999923706055,37.689998626708984,904000,0.0,0.0
2023-10-03 00:00:00-04:00,37.59000015258789,38.11000061035156,37.02000045776367,37.650001525878906,971800,0.0,0.0
2023-10-04 00:00:00-04:00,37.61000061035156,37.880001068115234,36.970001220703125,37.2400016784668,602100,0.0,0.0
2023-10-05 00:00:00-04:00,36.849998474121094,38.040000915527344,36.849998474121094,37.650001525878906,690400,0.0,0.0
2023-10-06 00:00:00-04:00,37.209999084472656,37.90999984741211,37.029998779296875,37.27000045776367,699900,0.0,0.0
2023-10-09 00:00:00-04:00,37.08000183105469,37.22999954223633,36.369998931884766,37.040000915527344,426300,0.0,0.0
2023-10-10 00:00:00-04:00,37.16999816894531,38.33000183105469,37.06999969482422,37.88999938964844,681500,0.0,0.0
2023-10-11 00:00:00-04:00,37.630001068115234,38.220001220703125,37.060001373291016,37.310001373291016,509900,0.0,0.0
2023-10-12 00:00:00-04:00,37.11000061035156,38.790000915527344,36.31999969482422,36.540000915527344,617600,0.0,0.0
2023-10-13 00:00:00-04:00,36.439998626708984,36.709999084472656,35.88999938964844,36.54999923706055,585400,0.0,0.0
2023-10-16 00:00:00-04:00,36.91999816894531,37.16999816894531,36.34000015258789,37.0099983215332,804900,0.0,0.0
2023-10-17 00:00:00-04:00,36.52000045776367,38.150001525878906,36.5099983215332,37.560001373291016,758600,0.0,0.0
2023-10-18 00:00:00-04:00,37.31999969482422,37.380001068115234,35.90999984741211,35.91999816894531,734900,0.0,0.0
2023-10-19 00:00:00-04:00,36.2599983215332,36.40999984741211,35.16999816894531,35.79999923706055,928000,0.0,0.0
2023-10-20 00:00:00-04:00,35.880001068115234,36.0,35.04999923706055,35.15999984741211,672800,0.0,0.0
2023-10-23 00:00:00-04:00,35.0,35.279998779296875,34.630001068115234,34.77000045776367,878600,0.0,0.0
2023-10-24 00:00:00-04:00,34.959999084472656,35.16999816894531,34.599998474121094,34.849998474121094,539900,0.0,0.0
2023-10-25 00:00:00-04:00,34.11000061035156,34.34000015258789,32.83000183105469,33.31999969482422,730400,0.0,0.0
2023-10-26 00:00:00-04:00,33.560001373291016,34.630001068115234,32.95000076293945,34.59000015258789,781400,0.0,0.0
2023-10-27 00:00:00-04:00,34.52000045776367,34.83000183105469,33.279998779296875,33.380001068115234,590200,0.0,0.0
2023-10-30 00:00:00-04:00,33.65999984741211,34.279998779296875,33.36000061035156,34.0,603400,0.0,0.0
2023-10-31 00:00:00-04:00,33.810001373291016,34.2400016784668,33.06999969482422,33.869998931884766,794700,0.0,0.0
2023-11-01 00:00:00-04:00,33.61000061035156,34.02000045776367,33.099998474121094,33.5099983215332,869000,0.0,0.0
2023-11-02 00:00:00-04:00,33.83000183105469,34.68000030517578,33.16999816894531,34.25,1066000,0.0,0.0
2023-11-03 00:00:00-04:00,34.91999816894531,36.18000030517578,34.61000061035156,35.58000183105469,1176200,0.0,0.0
2023-11-06 00:00:00-05:00,35.369998931884766,36.41999816894531,34.72999954223633,35.2599983215332,1601200,0.0,0.0
2023-11-07 00:00:00-05:00,36.65999984741211,40.16999816894531,34.599998474121094,38.79999923706055,2077900,0.0,0.0
2023-11-08 00:00:00-05:00,38.779998779296875,39.189998626708984,36.599998474121094,36.75,1318000,0.0,0.0
2023-11-09 00:00:00-05:00,37.15999984741211,37.36000061035156,35.81999969482422,36.68000030517578,1362200,0.0,0.0
2023-11-10 00:00:00-05:00,36.939998626708984,37.84000015258789,36.68000030517578,37.25,878600,0.0,0.0
2023-11-13 00:00:00-05:00,37.119998931884766,37.95000076293945,36.869998931884766,37.5,809700,0.0,0.0
2023-11-14 00:00:00-05:00,39.029998779296875,40.34000015258789,38.56999969482422,40.290000915527344,1527400,0.0,0.0
2023-11-15 00:00:00-05:00,40.040000915527344,41.0,39.220001220703125,39.34000015258789,1684900,0.0,0.0
2023-11-16 00:00:00-05:00,39.22999954223633,39.689998626708984,38.83000183105469,39.52000045776367,944200,0.0,0.0
2023-11-17 00:00:00-05:00,39.88999938964844,40.61000061035156,39.61000061035156,39.93000030517578,1015800,0.0,0.0
2023-11-20 00:00:00-05:00,39.86000061035156,40.41999816894531,39.529998779296875,40.0099983215332,729300,0.0,0.0
2023-11-21 00:00:00-05:00,39.7400016784668,40.029998779296875,38.79999923706055,38.880001068115234,732900,0.0,0.0
2023-11-22 00:00:00-05:00,39.34000015258789,40.189998626708984,39.130001068115234,40.11000061035156,771000,0.0,0.0
2023-11-24 00:00:00-05:00,40.11000061035156,40.900001525878906,40.11000061035156,40.380001068115234,312100,0.0,0.0
2023-11-27 00:00:00-05:00,40.09000015258789,41.09000015258789,39.81999969482422,40.86000061035156,683400,0.0,0.0
2023-11-28 00:00:00-05:00,40.25,40.25,38.9900016784668,39.68000030517578,941100,0.0,0.0
2023-11-29 00:00:00-05:00,40.150001525878906,40.369998931884766,38.45000076293945,38.5,1118100,0.0,0.0
2023-11-30 00:00:00-05:00,38.540000915527344,39.66999816894531,38.31999969482422,38.61000061035156,1177800,0.0,0.0
2023-12-01 00:00:00-05:00,38.810001373291016,39.75,38.4900016784668,39.689998626708984,1024100,0.0,0.0
2023-12-04 00:00:00-05:00,39.63999938964844,40.5,39.63999938964844,40.11000061035156,749200,0.0,0.0
2023-12-05 00:00:00-05:00,39.86000061035156,40.5,39.4900016784668,39.900001525878906,687400,0.0,0.0
2023-12-06 00:00:00-05:00,40.27000045776367,40.900001525878906,39.619998931884766,39.970001220703125,825000,0.0,0.0
2023-12-07 00:00:00-05:00,40.119998931884766,40.56999969482422,39.779998779296875,40.150001525878906,658300,0.0,0.0
2023-12-08 00:00:00-05:00,40.02000045776367,41.060001373291016,39.470001220703125,39.95000076293945,732900,0.0,0.0
2023-12-11 00:00:00-05:00,40.099998474121094,40.68000030517578,39.66999816894531,40.5,663100,0.0,0.0
2023-12-12 00:00:00-05:00,40.5,40.5,39.20000076293945,40.2400016784668,718100,0.0,0.0
2023-12-13 00:00:00-05:00,40.279998779296875,42.220001220703125,40.150001525878906,42.099998474121094,1222900,0.0,0.0
2023-12-14 00:00:00-05:00,42.619998931884766,42.81999969482422,39.310001373291016,39.45000076293945,1912900,0.0,0.0
2023-12-15 00:00:00-05:00,39.599998474121094,40.619998931884766,38.880001068115234,39.02000045776367,1797300,0.0,0.0
2023-12-18 00:00:00-05:00,39.11000061035156,39.22999954223633,38.47999954223633,38.79999923706055,937100,0.0,0.0
2023-12-19 00:00:00-05:00,39.220001220703125,39.88999938964844,38.959999084472656,39.380001068115234,957500,0.0,0.0
2023-12-20 00:00:00-05:00,38.88999938964844,39.099998474121094,35.779998779296875,36.380001068115234,2454200,0.0,0.0
2023-12-21 00:00:00-05:00,36.72999954223633,37.70000076293945,36.630001068115234,36.880001068115234,1434200,0.0,0.0
2023-12-22 00:00:00-05:00,37.040000915527344,37.849998474121094,36.72999954223633,37.150001525878906,1055600,0.0,0.0
2023-12-26 00:00:00-05:00,37.380001068115234,38.0,37.29999923706055,37.369998931884766,780200,0.0,0.0
2023-12-27 00:00:00-05:00,37.279998779296875,37.61000061035156,36.63999938964844,36.900001525878906,845700,0.0,0.0
2023-12-28 00:00:00-05:00,36.869998931884766,37.209999084472656,36.79999923706055,37.150001525878906,996200,0.0,0.0
2023-12-29 00:00:00-05:00,37.189998626708984,37.31999969482422,36.709999084472656,36.959999084472656,933700,0.0,0.0
2024-01-02 00:00:00-05:00,36.83000183105469,38.290000915527344,36.79999923706055,37.38999938964844,1563800,0.0,0.0
2024-01-03 00:00:00-05:00,37.36000061035156,37.36000061035156,35.34000015258789,35.779998779296875,1789900,0.0,0.0
2024-01-04 00:00:00-05:00,35.880001068115234,36.93000030517578,35.439998626708984,36.54999923706055,2025500,0.0,0.0
2024-01-05 00:00:00-05:00,36.150001525878906,36.20000076293945,34.869998931884766,35.119998931884766,1909200,0.0,0.0
2024-01-08 00:00:00-05:00,35.0,35.689998626708984,34.40999984741211,35.5099983215332,2847800,0.0,0.0
2024-01-09 00:00:00-05:00,35.13999938964844,35.77000045776367,34.650001525878906,34.9900016784668,1753100,0.0,0.0
2024-01-10 00:00:00-05:00,34.869998931884766,35.2400016784668,33.97999954223633,34.630001068115234,1872200,0.0,0.0
2024-01-11 00:00:00-05:00,34.22999954223633,34.529998779296875,33.66999816894531,34.029998779296875,1457300,0.0,0.0
2024-01-12 00:00:00-05:00,34.61000061035156,35.099998474121094,34.18000030517578,34.43000030517578,1396500,0.0,0.0
2024-01-16 00:00:00-05:00,34.15999984741211,36.529998779296875,33.900001525878906,36.36000061035156,2646400,0.0,0.0
2024-01-17 00:00:00-05:00,35.95000076293945,36.939998626708984,33.66999816894531,36.040000915527344,3214300,0.0,0.0
2024-01-18 00:00:00-05:00,36.25,36.47999954223633,33.790000915527344,34.93000030517578,1870300,0.0,0.0
2024-01-19 00:00:00-05:00,34.939998626708984,34.939998626708984,34.0099983215332,34.150001525878906,4074400,0.0,0.0
2024-01-22 00:00:00-05:00,34.2599983215332,35.09000015258789,33.86000061035156,34.0099983215332,1744400,0.0,0.0
2024-01-23 00:00:00-05:00,34.20000076293945,34.790000915527344,33.79999923706055,34.75,1186000,0.0,0.0
2024-01-24 00:00:00-05:00,35.02000045776367,35.47999954223633,34.54999923706055,35.04999923706055,1778600,0.0,0.0
2024-01-25 00:00:00-05:00,35.31999969482422,35.54999923706055,33.880001068115234,34.5099983215332,1271300,0.0,0.0
2024-01-26 00:00:00-05:00,34.75,34.939998626708984,34.11000061035156,34.209999084472656,1114300,0.0,0.0
2024-01-29 00:00:00-05:00,34.209999084472656,34.540000915527344,33.77000045776367,34.40999984741211,961800,0.0,0.0
2024-01-30 00:00:00-05:00,34.2599983215332,34.41999816894531,33.77000045776367,33.77000045776367,985400,0.0,0.0
2024-01-31 00:00:00-05:00,33.790000915527344,34.95000076293945,33.77000045776367,33.849998474121094,1266100,0.0,0.0
2024-02-01 00:00:00-05:00,33.880001068115234,34.380001068115234,33.459999084472656,34.2599983215332,1095200,0.0,0.0
2024-02-02 00:00:00-05:00,33.79999923706055,34.61000061035156,33.150001525878906,33.68000030517578,1135100,0.0,0.0
2024-02-05 00:00:00-05:00,33.29999923706055,34.04999923706055,33.150001525878906,33.68000030517578,1011900,0.0,0.0
2024-02-06 00:00:00-05:00,33.63999938964844,35.400001525878906,33.63999938964844,35.02000045776367,1237300,0.0,0.0
2024-02-07 00:00:00-05:00,35.02000045776367,35.81999969482422,34.599998474121094,35.310001373291016,1277600,0.0,0.0
2024-02-08 00:00:00-05:00,35.189998626708984,35.439998626708984,34.68000030517578,35.2400016784668,800000,0.0,0.0
2024-02-09 00:00:00-05:00,35.380001068115234,35.630001068115234,34.869998931884766,35.4900016784668,941000,0.0,0.0
2024-02-12 00:00:00-05:00,35.58000183105469,35.79999923706055,35.25,35.689998626708984,1014700,0.0,0.0
2024-02-13 00:00:00-05:00,35.08000183105469,35.4900016784668,34.36000061035156,34.63999938964844,1196400,0.0,0.0
2024-02-14 00:00:00-05:00,35.20000076293945,35.209999084472656,34.70000076293945,35.060001373291016,885400,0.0,0.0
2024-02-15 00:00:00-05:00,35.29999923706055,36.11000061035156,35.22999954223633,35.90999984741211,988700,0.0,0.0
2024-02-16 00:00:00-05:00,35.720001220703125,36.400001525878906,35.439998626708984,36.099998474121094,774700,0.0,0.0
2024-02-20 00:00:00-05:00,35.70000076293945,36.27000045776367,35.5,36.0,1268300,0.0,0.0
2024-02-21 00:00:00-05:00,37.720001220703125,40.36000061035156,36.61000061035156,38.36000061035156,2694700,0.0,0.0
2024-02-22 00:00:00-05:00,38.310001373291016,40.31999969482422,38.13999938964844,39.720001220703125,1823900,0.0,0.0
2024-02-23 00:00:00-05:00,39.810001373291016,40.95000076293945,39.75,40.560001373291016,1171700,0.0,0.0
2024-02-26 00:00:00-05:00,40.400001525878906,40.54999923706055,38.959999084472656,39.66999816894531,1643400,0.0,0.0
2024-02-27 00:00:00-05:00,39.88999938964844,40.4900016784668,39.27000045776367,39.84000015258789,1351000,0.0,0.0
2024-02-28 00:00:00-05:00,39.599998474121094,39.900001525878906,39.22999954223633,39.689998626708984,905700,0.0,0.0
2024-02-29 00:00:00-05:00,40.2400016784668,40.40999984741211,39.38999938964844,39.810001373291016,1217100,0.0,0.0
2024-03-01 00:00:00-05:00,40.0,41.86000061035156,39.90999984741211,41.11000061035156,1265500,0.0,0.0
2024-03-04 00:00:00-05:00,41.33000183105469,41.540000915527344,40.63999938964844,40.93000030517578,694300,0.0,0.0
2024-03-05 00:00:00-05:00,40.90999984741211,41.560001373291016,40.459999084472656,41.40999984741211,929100,0.0,0.0
2024-03-06 00:00:00-05:00,41.83000183105469,42.09000015258789,41.2400016784668,41.689998626708984,1025800,0.0,0.0
2024-03-07 00:00:00-05:00,41.95000076293945,42.400001525878906,41.650001525878906,41.709999084472656,948900,0.0,0.0
2024-03-08 00:00:00-05:00,42.16999816894531,42.52000045776367,41.650001525878906,41.72999954223633,852200,0.0,0.0
2024-03-11 00:00:00-04:00,41.61000061035156,42.25,40.95000076293945,41.20000076293945,864500,0.0,0.0
2024-03-12 00:00:00-04:00,41.54999923706055,42.119998931884766,41.279998779296875,41.95000076293945,964200,0.0,0.0
2024-03-13 00:00:00-04:00,42.130001068115234,42.63999938964844,41.13999938964844,41.349998474121094,1180900,0.0,0.0
2024-03-14 00:00:00-04:00,41.08000183105469,41.310001373291016,39.939998626708984,40.790000915527344,1498000,0.0,0.0
2024-03-15 00:00:00-04:00,40.560001373291016,41.47999954223633,40.560001373291016,40.86000061035156,1826800,0.0,0.0
2024-03-18 00:00:00-04:00,40.93000030517578,40.959999084472656,40.31999969482422,40.369998931884766,1046300,0.0,0.0
2024-03-19 00:00:00-04:00,40.459999084472656,41.33000183105469,40.459999084472656,40.810001373291016,848000,0.0,0.0
2024-03-20 00:00:00-04:00,40.52000045776367,40.58000183105469,39.689998626708984,40.380001068115234,837200,0.0,0.0
2024-03-21 00:00:00-04:00,40.689998626708984,42.29999923706055,40.119998931884766,40.220001220703125,928100,0.0,0.0
2024-03-22 00:00:00-04:00,40.29999923706055,41.029998779296875,40.040000915527344,40.08000183105469,794800,0.0,0.0
2024-03-25 00:00:00-04:00,40.0,40.61000061035156,39.900001525878906,40.41999816894531,673000,0.0,0.0
2024-03-26 00:00:00-04:00,40.56999969482422,40.58000183105469,39.939998626708984,40.08000183105469,625800,0.0,0.0
2024-03-27 00:00:00-04:00,40.5099983215332,40.939998626708984,40.310001373291016,40.72999954223633,601100,0.0,0.0
2024-03-28 00:00:00-04:00,40.81999969482422,40.9900016784668,40.439998626708984,40.68000030517578,707400,0.0,0.0
2024-04-01 00:00:00-04:00,40.68000030517578,41.599998474121094,40.380001068115234,41.31999969482422,813100,0.0,0.0
2024-04-02 00:00:00-04:00,40.810001373291016,40.939998626708984,39.70000076293945,40.43000030517578,943200,0.0,0.0
2024-04-03 00:00:00-04:00,40.29999923706055,40.66999816894531,39.9900016784668,40.22999954223633,689400,0.0,0.0
2024-04-04 00:00:00-04:00,40.400001525878906,40.630001068115234,39.439998626708984,39.72999954223633,1040200,0.0,0.0
2024-04-05 00:00:00-04:00,39.79999923706055,41.5,39.79999923706055,41.06999969482422,1327600,0.0,0.0
2024-04-08 00:00:00-04:00,41.09000015258789,41.36000061035156,39.849998474121094,39.90999984741211,1163900,0.0,0.0
2024-04-09 00:00:00-04:00,40.06999969482422,40.709999084472656,39.52000045776367,40.130001068115234,719100,0.0,0.0
2024-04-10 00:00:00-04:00,39.25,39.84000015258789,38.900001525878906,39.279998779296875,1882300,0.0,0.0
2024-04-11 00:00:00-04:00,39.4900016784668,39.790000915527344,39.15999984741211,39.31999969482422,733600,0.0,0.0
2024-04-12 00:00:00-04:00,39.0,39.279998779296875,38.529998779296875,38.61000061035156,780300,0.0,0.0
2024-04-15 00:00:00-04:00,38.88999938964844,39.27000045776367,38.47999954223633,38.720001220703125,843700,0.0,0.0
2024-04-16 00:00:00-04:00,38.349998474121094,38.810001373291016,38.09000015258789,38.380001068115234,642300,0.0,0.0
2024-04-17 00:00:00-04:00,38.689998626708984,38.779998779296875,37.97999954223633,38.02000045776367,733900,0.0,0.0
2024-04-18 00:00:00-04:00,37.95000076293945,38.40999984741211,37.72999954223633,37.810001373291016,792500,0.0,0.0
2024-04-19 00:00:00-04:00,37.72999954223633,38.689998626708984,37.72999954223633,38.63999938964844,1258800,0.0,0.0
2024-04-22 00:00:00-04:00,38.81999969482422,39.04999923706055,38.279998779296875,38.709999084472656,525200,0.0,0.0
2024-04-23 00:00:00-04:00,38.75,39.41999816894531,38.70000076293945,38.970001220703125,557900,0.0,0.0
2024-04-24 00:00:00-04:00,38.97999954223633,39.70000076293945,38.81999969482422,39.119998931884766,620500,0.0,0.0
2024-04-25 00:00:00-04:00,38.709999084472656,38.75,38.22999954223633,38.459999084472656,693300,0.0,0.0
2024-04-26 00:00:00-04:00,38.459999084472656,39.02000045776367,38.459999084472656,38.56999969482422,547000,0.0,0.0
2024-04-29 00:00:00-04:00,38.7599983215332,39.38999938964844,38.560001373291016,38.77000045776367,728600,0.0,0.0
2024-04-30 00:00:00-04:00,38.540000915527344,39.029998779296875,37.970001220703125,38.099998474121094,922300,0.0,0.0
2024-05-01 00:00:00-04:00,38.400001525878906,40.0,38.29999923706055,39.29999923706055,1031800,0.0,0.0
2024-05-02 00:00:00-04:00,39.560001373291016,40.7400016784668,38.880001068115234,39.81999969482422,832200,0.0,0.0
2024-05-03 00:00:00-04:00,40.66999816894531,40.7400016784668,39.790000915527344,39.90999984741211,902800,0.0,0.0
2024-05-06 00:00:00-04:00,40.36000061035156,40.970001220703125,40.189998626708984,40.86000061035156,981100,0.0,0.0
2024-05-07 00:00:00-04:00,41.099998474121094,41.65999984741211,40.869998931884766,41.209999084472656,1281700,0.0,0.0
2024-05-08 00:00:00-04:00,41.95000076293945,44.790000915527344,41.43000030517578,42.0099983215332,2120500,0.0,0.0
2024-05-09 00:00:00-04:00,42.20000076293945,43.93000030517578,41.279998779296875,43.84000015258789,1441300,0.0,0.0
2024-05-10 00:00:00-04:00,44.08000183105469,44.209999084472656,43.119998931884766,43.150001525878906,1031500,0.0,0.0
2024-05-13 00:00:00-04:00,43.4900016784668,44.0099983215332,43.36000061035156,43.61000061035156,908600,0.0,0.0
2024-05-14 00:00:00-04:00,44.029998779296875,45.18000030517578,43.54999923706055,43.81999969482422,1102200,0.0,0.0
2024-05-15 00:00:00-04:00,44.2599983215332,46.04999923706055,44.0099983215332,45.81999969482422,1262000,0.0,0.0
2024-05-16 00:00:00-04:00,45.86000061035156,46.15999984741211,45.220001220703125,45.38999938964844,1037300,0.0,0.0
2024-05-17 00:00:00-04:00,45.36000061035156,45.7599983215332,44.349998474121094,44.709999084472656,1102300,0.0,0.0
2024-05-20 00:00:00-04:00,44.849998474121094,45.06999969482422,44.29999923706055,44.970001220703125,656800,0.0,0.0
2024-05-21 00:00:00-04:00,45.029998779296875,45.56999969482422,44.709999084472656,45.540000915527344,914900,0.0,0.0
2024-05-22 00:00:00-04:00,45.20000076293945,45.880001068115234,45.08000183105469,45.47999954223633,843300,0.0,0.0
2024-05-23 00:00:00-04:00,45.439998626708984,45.560001373291016,43.75,43.91999816894531,1172700,0.0,0.0
2024-05-24 00:00:00-04:00,43.650001525878906,44.02000045776367,42.959999084472656,43.81999969482422,898700,0.0,0.0
2024-05-28 00:00:00-04:00,43.79999923706055,43.970001220703125,42.689998626708984,43.08000183105469,1031500,0.0,0.0
2024-05-29 00:00:00-04:00,42.709999084472656,42.970001220703125,42.04999923706055,42.7599983215332,1102000,0.0,0.0
2024-05-30 00:00:00-04:00,42.939998626708984,43.47999954223633,42.619998931884766,43.349998474121094,867600,0.0,0.0
2024-05-31 00:00:00-04:00,43.5,44.52000045776367,43.400001525878906,44.290000915527344,1182200,0.0,0.0
2024-06-03 00:00:00-04:00,44.38999938964844,45.470001220703125,43.630001068115234,45.04999923706055,1082400,0.0,0.0
2024-06-04 00:00:00-04:00,45.060001373291016,45.45000076293945,44.189998626708984,44.29999923706055,675500,0.0,0.0
2024-06-05 00:00:00-04:00,44.58000183105469,45.779998779296875,44.380001068115234,45.650001525878906,949200,0.0,0.0
2024-06-06 00:00:00-04:00,48.0,53.0,47.33000183105469,51.439998626708984,4604400,0.0,0.0
2024-06-07 00:00:00-04:00,51.08000183105469,51.97999954223633,50.38999938964844,50.849998474121094,1849500,0.0,0.0
2024-06-10 00:00:00-04:00,49.27000045776367,51.65999984741211,49.16999816894531,51.15999984741211,2183800,0.0,0.0
2024-06-11 00:00:00-04:00,50.84000015258789,51.220001220703125,49.529998779296875,49.91999816894531,1286800,0.0,0.0
2024-06-12 00:00:00-04:00,51.0,51.029998779296875,49.459999084472656,49.65999984741211,1674500,0.0,0.0
2024-06-13 00:00:00-04:00,49.31999969482422,49.90999984741211,48.86000061035156,49.619998931884766,1363800,0.0,0.0
2024-06-14 00:00:00-04:00,49.099998474121094,49.77000045776367,48.5,49.5,1418000,0.0,0.0
2024-06-17 00:00:00-04:00,49.47999954223633,49.70000076293945,48.25,49.65999984741211,1007300,0.0,0.0
2024-06-18 00:00:00-04:00,49.7400016784668,50.84000015258789,49.0,50.27000045776367,1035300,0.0,0.0
2024-06-20 00:00:00-04:00,50.11000061035156,51.189998626708984,49.45000076293945,50.86000061035156,1154700,0.0,0.0
2024-06-21 00:00:00-04:00,51.119998931884766,52.209999084472656,50.81999969482422,51.54999923706055,3554300,0.0,0.0
2024-06-24 00:00:00-04:00,52.400001525878906,52.91999816894531,51.720001220703125,52.060001373291016,1278800,0.0,0.0
2024-06-25 00:00:00-04:00,52.4900016784668,52.68000030517578,51.810001373291016,52.400001525878906,1124200,0.0,0.0
2024-06-26 00:00:00-04:00,52.060001373291016,52.130001068115234,51.33000183105469,52.0,1171700,0.0,0.0
2024-06-27 00:00:00-04:00,52.25,52.349998474121094,51.529998779296875,51.630001068115234,874800,0.0,0.0
2024-06-28 00:00:00-04:00,51.84000015258789,52.59000015258789,51.2400016784668,52.36000061035156,2334600,0.0,0.0
2024-07-01 00:00:00-04:00,52.22999954223633,53.220001220703125,51.529998779296875,52.02000045776367,1364200,0.0,0.0
2024-07-02 00:00:00-04:00,51.95000076293945,52.11000061035156,50.68000030517578,51.29999923706055,1039700,0.0,0.0
2024-07-03 00:00:00-04:00,51.459999084472656,52.41999816894531,50.93000030517578,52.0099983215332,839300,0.0,0.0
2024-07-05 00:00:00-04:00,52.04999923706055,52.5,51.36000061035156,51.560001373291016,742100,0.0,0.0
2024-07-08 00:00:00-04:00,51.83000183105469,53.16999816894531,51.560001373291016,52.54999923706055,1634600,0.0,0.0
2024-07-09 00:00:00-04:00,52.54999923706055,54.349998474121094,52.2400016784668,52.880001068115234,2036700,0.0,0.0
2024-07-10 00:00:00-04:00,52.91999816894531,53.75,52.66999816894531,52.959999084472656,1586700,0.0,0.0
2024-07-11 00:00:00-04:00,54.0,54.0,52.459999084472656,52.81999969482422,1299800,0.0,0.0
2024-07-12 00:00:00-04:00,53.70000076293945,53.959999084472656,53.040000915527344,53.18000030517578,1265200,0.0,0.0
2024-07-15 00:00:00-04:00,53.20000076293945,53.29999923706055,52.119998931884766,52.54999923706055,1391100,0.0,0.0
2024-07-16 00:00:00-04:00,52.900001525878906,55.290000915527344,52.54999923706055,55.099998474121094,1826400,0.0,0.0
2024-07-17 00:00:00-04:00,54.58000183105469,55.81999969482422,54.43000030517578,54.75,1383000,0.0,0.0
2024-07-18 00:00:00-04:00,54.63999938964844,55.459999084472656,53.849998474121094,54.29999923706055,1014600,0.0,0.0
2024-07-19 00:00:00-04:00,54.54999923706055,54.59000015258789,53.65999984741211,54.040000915527344,778400,0.0,0.0
2024-07-22 00:00:00-04:00,54.27000045776367,54.41999816894531,53.130001068115234,54.34000015258789,1057100,0.0,0.0
2024-07-23 00:00:00-04:00,54.34000015258789,56.5,54.04999923706055,55.400001525878906,1387200,0.0,0.0
2024-07-24 00:00:00-04:00,55.02000045776367,55.68000030517578,54.540000915527344,55.150001525878906,970900,0.0,0.0
2024-07-25 00:00:00-04:00,55.599998474121094,56.970001220703125,55.47999954223633,55.970001220703125,1017100,0.0,0.0
2024-07-26 00:00:00-04:00,56.08000183105469,57.09000015258789,55.630001068115234,56.22999954223633,831900,0.0,0.0
2024-07-29 00:00:00-04:00,56.43000030517578,56.529998779296875,55.2400016784668,55.470001220703125,992200,0.0,0.0
2024-07-30 00:00:00-04:00,55.7400016784668,56.650001525878906,54.790000915527344,55.689998626708984,1068800,0.0,0.0
2024-07-31 00:00:00-04:00,55.779998779296875,56.29999923706055,54.90999984741211,55.2599983215332,1241000,0.0,0.0
2024-08-01 00:00:00-04:00,55.52000045776367,56.189998626708984,54.38999938964844,55.04999923706055,1339100,0.0,0.0
2024-08-02 00:00:00-04:00,53.43000030517578,55.0099983215332,52.75,54.09000015258789,1178400,0.0,0.0
2024-08-05 00:00:00-04:00,51.790000915527344,53.43000030517578,51.459999084472656,52.11000061035156,1469300,0.0,0.0
2024-08-06 00:00:00-04:00,52.2400016784668,53.220001220703125,51.79999923706055,51.939998626708984,1479900,0.0,0.0
2024-08-07 00:00:00-04:00,56.0,56.0,52.75,54.119998931884766,1957000,0.0,0.0
2024-08-08 00:00:00-04:00,54.2599983215332,54.91999816894531,52.38999938964844,54.459999084472656,995000,0.0,0.0
2024-08-09 00:00:00-04:00,54.38999938964844,55.880001068115234,54.150001525878906,55.20000076293945,827500,0.0,0.0
2024-08-12 00:00:00-04:00,55.099998474121094,56.209999084472656,54.58000183105469,56.06999969482422,838300,0.0,0.0
2024-08-13 00:00:00-04:00,56.0,56.7599983215332,55.58000183105469,55.9900016784668,946700,0.0,0.0
2024-08-14 00:00:00-04:00,56.0,58.58000183105469,55.869998931884766,57.40999984741211,2305100,0.0,0.0
2024-08-15 00:00:00-04:00,58.09000015258789,59.150001525878906,57.40999984741211,59.099998474121094,1741300,0.0,0.0
2024-08-16 00:00:00-04:00,59.060001373291016,60.150001525878906,58.7599983215332,59.41999816894531,1943200,0.0,0.0
2024-08-19 00:00:00-04:00,59.41999816894531,61.77000045776367,59.29999923706055,61.7400016784668,1342700,0.0,0.0
2024-08-20 00:00:00-04:00,61.5099983215332,61.5099983215332,60.5,60.93000030517578,1908200,0.0,0.0
2024-08-21 00:00:00-04:00,61.470001220703125,62.34000015258789,61.11000061035156,62.16999816894531,1129000,0.0,0.0
2024-08-22 00:00:00-04:00,62.25,62.58000183105469,61.31999969482422,61.63999938964844,918700,0.0,0.0
2024-08-23 00:00:00-04:00,62.0,62.86000061035156,61.61000061035156,62.720001220703125,945200,0.0,0.0
2024-08-26 00:00:00-04:00,63.18000030517578,63.41999816894531,62.04999923706055,62.15999984741211,928300,0.0,0.0
2024-08-27 00:00:00-04:00,62.45000076293945,63.4900016784668,62.349998474121094,63.20000076293945,1296600,0.0,0.0
2024-08-28 00:00:00-04:00,63.029998779296875,65.0,62.97999954223633,64.41999816894531,1289500,0.0,0.0
2024-08-29 00:00:00-04:00,64.9800033569336,65.52999877929688,63.599998474121094,63.7400016784668,1787800,0.0,0.0
2024-08-30 00:00:00-04:00,63.7599983215332,64.30000305175781,63.22999954223633,63.849998474121094,959800,0.0,0.0
2024-09-03 00:00:00-04:00,63.59000015258789,64.18000030517578,61.04999923706055,61.220001220703125,2262700,0.0,0.0
2024-09-04 00:00:00-04:00,61.0,62.20000076293945,60.81999969482422,62.130001068115234,919700,0.0,0.0
2024-09-05 00:00:00-04:00,62.5,62.810001373291016,60.45000076293945,61.04999923706055,880900,0.0,0.0
2024-09-06 00:00:00-04:00,61.25,61.63999938964844,58.939998626708984,59.209999084472656,1064400,0.0,0.0
2024-09-09 00:00:00-04:00,59.95000076293945,59.95000076293945,58.810001373291016,59.2400016784668,1361600,0.0,0.0
2024-09-10 00:00:00-04:00,59.22999954223633,59.84000015258789,58.59000015258789,59.2599983215332,765400,0.0,0.0
2024-09-11 00:00:00-04:00,59.0099983215332,60.13999938964844,58.63999938964844,59.38999938964844,719000,0.0,0.0
2024-09-12 00:00:00-04:00,59.43000030517578,61.34000015258789,58.90999984741211,60.540000915527344,1094100,0.0,0.0
2024-09-13 00:00:00-04:00,61.02000045776367,62.93000030517578,61.0,62.29999923706055,942500,0.0,0.0
2024-09-16 00:00:00-04:00,62.779998779296875,63.45000076293945,62.560001373291016,62.90999984741211,1166500,0.0,0.0
2024-09-17 00:00:00-04:00,62.90999984741211,63.279998779296875,61.25,61.93000030517578,1491900,0.0,0.0
2024-09-18 00:00:00-04:00,61.93000030517578,63.5,61.29999923706055,62.310001373291016,1176600,0.0,0.0
2024-09-19 00:00:00-04:00,62.47999954223633,62.79999923706055,59.099998474121094,59.5,1725500,0.0,0.0
2024-09-20 00:00:00-04:00,59.83000183105469,59.83000183105469,58.709999084472656,59.2400016784668,2685500,0.0,0.0
2024-09-23 00:00:00-04:00,59.619998931884766,59.619998931884766,58.40999984741211,58.529998779296875,988300,0.0,0.0
2024-09-24 00:00:00-04:00,58.599998474121094,58.599998474121094,55.95000076293945,56.20000076293945,2210600,0.0,0.0
2024-09-25 00:00:00-04:00,56.5,56.66999816894531,55.43000030517578,55.869998931884766,1291300,0.0,0.0
2024-09-26 00:00:00-04:00,55.90999984741211,57.040000915527344,55.79999923706055,56.95000076293945,1594500,0.0,0.0
2024-09-27 00:00:00-04:00,57.349998474121094,58.040000915527344,56.84000015258789,56.970001220703125,1205300,0.0,0.0
2024-09-30 00:00:00-04:00,56.869998931884766,57.59000015258789,56.529998779296875,57.2400016784668,960900,0.0,0.0
2024-10-01 00:00:00-04:00,56.970001220703125,57.189998626708984,55.88999938964844,56.63999938964844,1321800,0.0,0.0
2024-10-02 00:00:00-04:00,56.54999923706055,58.38999938964844,56.20000076293945,58.15999984741211,1338900,0.0,0.0
2024-10-03 00:00:00-04:00,58.119998931884766,62.0,57.630001068115234,60.43000030517578,1857600,0.0,0.0
2024-10-04 00:00:00-04:00,60.560001373291016,61.560001373291016,58.5099983215332,59.18000030517578,1090300,0.0,0.0
2024-10-07 00:00:00-04:00,57.91999816894531,57.97999954223633,53.31999969482422,53.849998474121094,2454800,0.0,0.0
2024-10-08 00:00:00-04:00,54.33000183105469,55.0,53.25,54.130001068115234,2104000,0.0,0.0
2024-10-09 00:00:00-04:00,54.0,54.40999984741211,49.630001068115234,50.65999984741211,3539900,0.0,0.0
2024-10-10 00:00:00-04:00,50.34000015258789,52.22999954223633,50.27000045776367,52.130001068115234,2102800,0.0,0.0
2024-10-11 00:00:00-04:00,52.2599983215332,53.13999938964844,52.150001525878906,53.0,861700,0.0,0.0
2024-10-14 00:00:00-04:00,53.02000045776367,54.45000076293945,52.93000030517578,53.95000076293945,819300,0.0,0.0
2024-10-15 00:00:00-04:00,53.84000015258789,54.65999984741211,53.2400016784668,53.81999969482422,799600,0.0,0.0
2024-10-16 00:00:00-04:00,53.43000030517578,53.70000076293945,52.83000183105469,53.459999084472656,932400,0.0,0.0
2024-10-17 00:00:00-04:00,53.459999084472656,53.61000061035156,52.099998474121094,52.279998779296875,1249200,0.0,0.0
2024-10-18 00:00:00-04:00,52.20000076293945,53.09000015258789,52.20000076293945,52.61000061035156,901300,0.0,0.0
2024-10-21 00:00:00-04:00,52.599998474121094,52.77000045776367,51.45000076293945,51.77000045776367,1100900,0.0,0.0
2024-10-22 00:00:00-04:00,51.68000030517578,52.029998779296875,51.13999938964844,51.54999923706055,1110900,0.0,0.0
2024-10-23 00:00:00-04:00,51.459999084472656,51.70000076293945,50.5099983215332,50.79999923706055,991800,0.0,0.0
2024-10-24 00:00:00-04:00,50.790000915527344,50.790000915527344,49.119998931884766,49.29999923706055,1039200,0.0,0.0
2024-10-25 00:00:00-04:00,49.349998474121094,49.84000015258789,48.84000015258789,49.25,789600,0.0,0.0
2024-10-28 00:00:00-04:00,49.720001220703125,50.779998779296875,49.709999084472656,50.459999084472656,1167500,0.0,0.0
2024-10-29 00:00:00-04:00,50.16999816894531,50.959999084472656,50.099998474121094,50.63999938964844,538200,0.0,0.0
2024-10-30 00:00:00-04:00,50.459999084472656,51.08000183105469,50.029998779296875,50.59000015258789,741200,0.0,0.0
2024-10-31 00:00:00-04:00,50.560001373291016,51.209999084472656,50.0099983215332,50.56999969482422,1912200,0.0,0.0
2024-11-01 00:00:00-04:00,55.65999984741211,57.619998931884766,52.560001373291016,57.150001525878906,3404000,0.0,0.0
2024-11-04 00:00:00-05:00,56.81999969482422,59.38999938964844,56.81999969482422,58.470001220703125,2121400,0.0,0.0
2024-11-05 00:00:00-05:00,58.0,58.7400016784668,57.09000015258789,58.720001220703125,1140100,0.0,0.0
2024-11-06 00:00:00-05:00,60.54999923706055,61.4900016784668,58.0099983215332,60.630001068115234,1530000,0.0,0.0
2024-11-07 00:00:00-05:00,60.65999984741211,60.95000076293945,58.7599983215332,59.650001525878906,1064400,0.0,0.0
2024-11-08 00:00:00-05:00,59.650001525878906,61.189998626708984,59.13999938964844,60.97999954223633,1115700,0.0,0.0
2024-11-11 00:00:00-05:00,61.130001068115234,62.130001068115234,60.54999923706055,61.09000015258789,1469900,0.0,0.0
2024-11-12 00:00:00-05:00,61.08000183105469,62.02000045776367,59.2400016784668,59.61000061035156,1510800,0.0,0.0
2024-11-13 00:00:00-05:00,59.790000915527344,60.369998931884766,58.459999084472656,58.61000061035156,830600,0.0,0.0
2024-11-14 00:00:00-05:00,58.25,59.79999923706055,53.84000015258789,53.959999084472656,3219200,0.0,0.0
2024-11-15 00:00:00-05:00,48.810001373291016,49.63999938964844,45.630001068115234,45.650001525878906,7231200,0.0,0.0
2024-11-18 00:00:00-05:00,45.65999984741211,45.709999084472656,42.0099983215332,42.56999969482422,5485000,0.0,0.0
2024-11-19 00:00:00-05:00,43.810001373291016,45.29999923706055,42.650001525878906,44.810001373291016,3772200,0.0,0.0
2024-11-20 00:00:00-05:00,44.56999969482422,46.20000076293945,44.099998474121094,45.7599983215332,1875600,0.0,0.0
2024-11-21 00:00:00-05:00,45.849998474121094,46.119998931884766,44.79999923706055,45.70000076293945,1297700,0.0,0.0
2024-11-22 00:00:00-05:00,48.93000030517578,49.56999969482422,46.29999923706055,49.0,4548985,0.0,0.0
