Date,Open,High,Low,Close,Volume,Dividends,Stock Splits
2023-07-14 00:00:00-04:00,10.100000381469727,10.137999534606934,10.100000381469727,10.130000114440918,21619400,0.0,0.0
2023-07-17 00:00:00-04:00,10.119999885559082,10.140000343322754,10.119999885559082,10.119999885559082,412500,0.0,0.0
2023-07-18 00:00:00-04:00,10.130000114440918,10.140000343322754,10.119999885559082,10.119999885559082,294200,0.0,0.0
2023-07-19 00:00:00-04:00,10.130000114440918,10.140000343322754,10.130000114440918,10.140000343322754,170600,0.0,0.0
2023-07-20 00:00:00-04:00,10.130000114440918,10.140000343322754,10.130000114440918,10.140000343322754,9400,0.0,0.0
2023-07-21 00:00:00-04:00,10.130000114440918,10.140000343322754,10.130000114440918,10.140000343322754,153700,0.0,0.0
2023-07-24 00:00:00-04:00,10.14799976348877,10.149999618530273,10.140000343322754,10.149999618530273,34600,0.0,0.0
2023-07-25 00:00:00-04:00,10.149999618530273,10.149999618530273,10.140999794006348,10.14799976348877,45500,0.0,0.0
2023-07-26 00:00:00-04:00,10.149999618530273,10.149999618530273,10.130000114440918,10.130000114440918,37200,0.0,0.0
2023-07-27 00:00:00-04:00,10.130000114440918,10.149999618530273,10.100000381469727,10.149999618530273,531000,0.0,0.0
2023-07-28 00:00:00-04:00,10.149999618530273,10.149999618530273,10.149999618530273,10.149999618530273,400,0.0,0.0
2023-07-31 00:00:00-04:00,10.109999656677246,10.149999618530273,10.109999656677246,10.130000114440918,4500,0.0,0.0
2023-08-01 00:00:00-04:00,10.149999618530273,10.154999732971191,10.140000343322754,10.149999618530273,11200,0.0,0.0
2023-08-02 00:00:00-04:00,10.149999618530273,10.199999809265137,10.149999618530273,10.15999984741211,40900,0.0,0.0
2023-08-03 00:00:00-04:00,10.15999984741211,10.15999984741211,10.149999618530273,10.15999984741211,7400,0.0,0.0
2023-08-04 00:00:00-04:00,10.100000381469727,10.15999984741211,10.100000381469727,10.149999618530273,90600,0.0,0.0
2023-08-07 00:00:00-04:00,10.10099983215332,10.15999984741211,10.10099983215332,10.149999618530273,6000,0.0,0.0
2023-08-08 00:00:00-04:00,10.149999618530273,10.170000076293945,10.149999618530273,10.170000076293945,120100,0.0,0.0
2023-08-09 00:00:00-04:00,10.15999984741211,10.15999984741211,10.154999732971191,10.15999984741211,27500,0.0,0.0
2023-08-10 00:00:00-04:00,10.15999984741211,10.170000076293945,10.15999984741211,10.15999984741211,4100,0.0,0.0
2023-08-11 00:00:00-04:00,10.15999984741211,10.170000076293945,10.15999984741211,10.170000076293945,26500,0.0,0.0
2023-08-14 00:00:00-04:00,10.170000076293945,10.170000076293945,10.170000076293945,10.170000076293945,0,0.0,0.0
2023-08-15 00:00:00-04:00,10.170000076293945,10.170000076293945,10.170000076293945,10.170000076293945,0,0.0,0.0
2023-08-16 00:00:00-04:00,10.180000305175781,10.180000305175781,10.170000076293945,10.170000076293945,31400,0.0,0.0
2023-08-17 00:00:00-04:00,10.170000076293945,10.170000076293945,10.170000076293945,10.170000076293945,600,0.0,0.0
2023-08-18 00:00:00-04:00,10.170000076293945,10.170000076293945,10.170000076293945,10.170000076293945,0,0.0,0.0
2023-08-21 00:00:00-04:00,10.170000076293945,10.170000076293945,10.170000076293945,10.170000076293945,250000,0.0,0.0
2023-08-22 00:00:00-04:00,10.180000305175781,10.1899995803833,10.180000305175781,10.1899995803833,83900,0.0,0.0
2023-08-23 00:00:00-04:00,10.1899995803833,10.199999809265137,10.1899995803833,10.1899995803833,136300,0.0,0.0
2023-08-24 00:00:00-04:00,10.1899995803833,10.239999771118164,10.1899995803833,10.239999771118164,400,0.0,0.0
2023-08-25 00:00:00-04:00,10.21500015258789,10.21500015258789,10.21500015258789,10.21500015258789,500,0.0,0.0
2023-08-28 00:00:00-04:00,10.239999771118164,10.239999771118164,10.239999771118164,10.239999771118164,400,0.0,0.0
2023-08-29 00:00:00-04:00,10.239999771118164,10.239999771118164,10.239999771118164,10.239999771118164,15100,0.0,0.0
2023-08-30 00:00:00-04:00,10.229999542236328,10.229999542236328,10.229999542236328,10.229999542236328,500,0.0,0.0
2023-08-31 00:00:00-04:00,10.25,10.25,10.229999542236328,10.25,421800,0.0,0.0
2023-09-01 00:00:00-04:00,10.25,10.25,10.25,10.25,0,0.0,0.0
2023-09-05 00:00:00-04:00,10.25,10.475000381469727,10.25,10.279999732971191,3100,0.0,0.0
2023-09-06 00:00:00-04:00,10.279999732971191,10.279999732971191,10.279999732971191,10.279999732971191,5700,0.0,0.0
2023-09-07 00:00:00-04:00,10.270000457763672,10.270000457763672,10.25,10.270000457763672,3900,0.0,0.0
2023-09-08 00:00:00-04:00,10.270000457763672,10.270000457763672,10.270000457763672,10.270000457763672,600,0.0,0.0
2023-09-11 00:00:00-04:00,10.270000457763672,10.270000457763672,10.270000457763672,10.270000457763672,0,0.0,0.0
2023-09-12 00:00:00-04:00,10.270000457763672,10.270000457763672,10.270000457763672,10.270000457763672,0,0.0,0.0
2023-09-13 00:00:00-04:00,10.260000228881836,10.260000228881836,10.260000228881836,10.260000228881836,200,0.0,0.0
2023-09-14 00:00:00-04:00,10.260000228881836,10.260000228881836,10.260000228881836,10.260000228881836,0,0.0,0.0
2023-09-15 00:00:00-04:00,10.260000228881836,10.260000228881836,10.260000228881836,10.260000228881836,0,0.0,0.0
2023-09-18 00:00:00-04:00,10.26200008392334,10.26200008392334,10.26200008392334,10.26200008392334,500,0.0,0.0
2023-09-19 00:00:00-04:00,10.260000228881836,10.260000228881836,10.239999771118164,10.239999771118164,19000,0.0,0.0
2023-09-20 00:00:00-04:00,10.239999771118164,10.239999771118164,10.239999771118164,10.239999771118164,0,0.0,0.0
2023-09-21 00:00:00-04:00,10.279999732971191,10.279999732971191,10.279999732971191,10.279999732971191,300,0.0,0.0
2023-09-22 00:00:00-04:00,10.260000228881836,10.260000228881836,10.260000228881836,10.260000228881836,1700,0.0,0.0
2023-09-25 00:00:00-04:00,10.279999732971191,10.279999732971191,10.173999786376953,10.199999809265137,8600,0.0,0.0
2023-09-26 00:00:00-04:00,10.260000228881836,10.260000228881836,10.260000228881836,10.260000228881836,3600,0.0,0.0
2023-09-27 00:00:00-04:00,10.260000228881836,10.260000228881836,10.260000228881836,10.260000228881836,0,0.0,0.0
2023-09-28 00:00:00-04:00,10.260000228881836,10.260000228881836,10.260000228881836,10.260000228881836,600,0.0,0.0
2023-09-29 00:00:00-04:00,10.260000228881836,10.260000228881836,10.260000228881836,10.260000228881836,0,0.0,0.0
2023-10-02 00:00:00-04:00,10.260000228881836,10.260000228881836,10.260000228881836,10.260000228881836,0,0.0,0.0
2023-10-03 00:00:00-04:00,10.26099967956543,10.26099967956543,10.26099967956543,10.26099967956543,8500,0.0,0.0
2023-10-04 00:00:00-04:00,10.279999732971191,10.279999732971191,10.260000228881836,10.270000457763672,20600,0.0,0.0
2023-10-05 00:00:00-04:00,10.270000457763672,10.270000457763672,10.270000457763672,10.270000457763672,1900,0.0,0.0
2023-10-06 00:00:00-04:00,10.270000457763672,10.270000457763672,10.270000457763672,10.270000457763672,400,0.0,0.0
2023-10-09 00:00:00-04:00,10.270000457763672,10.270000457763672,10.270000457763672,10.270000457763672,0,0.0,0.0
2023-10-10 00:00:00-04:00,10.270000457763672,10.270000457763672,10.270000457763672,10.270000457763672,0,0.0,0.0
2023-10-11 00:00:00-04:00,10.279999732971191,10.279999732971191,10.270000457763672,10.270000457763672,11600,0.0,0.0
2023-10-12 00:00:00-04:00,10.289999961853027,10.289999961853027,10.270000457763672,10.289999961853027,16100,0.0,0.0
2023-10-13 00:00:00-04:00,10.289999961853027,10.289999961853027,10.289999961853027,10.289999961853027,7200,0.0,0.0
2023-10-16 00:00:00-04:00,10.260000228881836,10.289999961853027,10.260000228881836,10.289999961853027,6100,0.0,0.0
2023-10-17 00:00:00-04:00,10.289999961853027,10.289999961853027,10.270000457763672,10.270000457763672,5000,0.0,0.0
2023-10-18 00:00:00-04:00,10.300000190734863,10.300000190734863,10.279999732971191,10.279999732971191,86500,0.0,0.0
2023-10-19 00:00:00-04:00,10.279999732971191,10.279999732971191,10.279999732971191,10.279999732971191,0,0.0,0.0
2023-10-20 00:00:00-04:00,10.260000228881836,10.260000228881836,10.260000228881836,10.260000228881836,200,0.0,0.0
2023-10-23 00:00:00-04:00,10.260000228881836,10.260000228881836,10.260000228881836,10.260000228881836,0,0.0,0.0
2023-10-24 00:00:00-04:00,10.260000228881836,10.26200008392334,10.255000114440918,10.26200008392334,17400,0.0,0.0
2023-10-25 00:00:00-04:00,10.279999732971191,10.279999732971191,10.27299976348877,10.27299976348877,900,0.0,0.0
2023-10-26 00:00:00-04:00,10.27299976348877,10.27299976348877,10.27299976348877,10.27299976348877,0,0.0,0.0
2023-10-27 00:00:00-04:00,10.27299976348877,10.27299976348877,10.27299976348877,10.27299976348877,0,0.0,0.0
2023-10-30 00:00:00-04:00,10.270000457763672,10.270000457763672,10.270000457763672,10.270000457763672,40000,0.0,0.0
2023-10-31 00:00:00-04:00,10.270000457763672,10.270000457763672,10.270000457763672,10.270000457763672,100,0.0,0.0
2023-11-01 00:00:00-04:00,10.270000457763672,10.270000457763672,10.270000457763672,10.270000457763672,0,0.0,0.0
2023-11-02 00:00:00-04:00,10.276000022888184,10.276000022888184,10.270000457763672,10.270000457763672,600,0.0,0.0
2023-11-03 00:00:00-04:00,10.270000457763672,10.270000457763672,10.270000457763672,10.270000457763672,0,0.0,0.0
2023-11-06 00:00:00-05:00,10.267999649047852,10.279999732971191,10.260000228881836,10.279999732971191,3400,0.0,0.0
2023-11-07 00:00:00-05:00,10.279999732971191,10.279999732971191,10.279999732971191,10.279999732971191,0,0.0,0.0
2023-11-08 00:00:00-05:00,10.279999732971191,10.279999732971191,10.279999732971191,10.279999732971191,0,0.0,0.0
2023-11-09 00:00:00-05:00,10.279999732971191,10.279999732971191,10.279999732971191,10.279999732971191,11800,0.0,0.0
2023-11-10 00:00:00-05:00,10.300000190734863,10.300000190734863,10.279999732971191,10.279999732971191,700,0.0,0.0
2023-11-13 00:00:00-05:00,10.300000190734863,10.300000190734863,10.300000190734863,10.300000190734863,5100,0.0,0.0
2023-11-14 00:00:00-05:00,10.300000190734863,10.300000190734863,10.300000190734863,10.300000190734863,0,0.0,0.0
2023-11-15 00:00:00-05:00,10.3100004196167,10.3100004196167,10.3100004196167,10.3100004196167,1500,0.0,0.0
2023-11-16 00:00:00-05:00,10.3100004196167,10.3100004196167,10.3100004196167,10.3100004196167,0,0.0,0.0
2023-11-17 00:00:00-05:00,10.300000190734863,10.302000045776367,10.300000190734863,10.300000190734863,8600,0.0,0.0
2023-11-20 00:00:00-05:00,10.300000190734863,10.300000190734863,10.300000190734863,10.300000190734863,12500,0.0,0.0
2023-11-21 00:00:00-05:00,10.319999694824219,10.34000015258789,10.319999694824219,10.335000038146973,62300,0.0,0.0
2023-11-22 00:00:00-05:00,10.34000015258789,10.34000015258789,10.319999694824219,10.329999923706055,8700,0.0,0.0
2023-11-24 00:00:00-05:00,10.329999923706055,10.329999923706055,10.329999923706055,10.329999923706055,33800,0.0,0.0
2023-11-27 00:00:00-05:00,10.34000015258789,10.34000015258789,10.34000015258789,10.34000015258789,29900,0.0,0.0
2023-11-28 00:00:00-05:00,10.350000381469727,10.350000381469727,10.34000015258789,10.34000015258789,37300,0.0,0.0
2023-11-29 00:00:00-05:00,10.350000381469727,10.350000381469727,10.350000381469727,10.350000381469727,1000,0.0,0.0
2023-11-30 00:00:00-05:00,10.359999656677246,10.359999656677246,10.359999656677246,10.359999656677246,14400,0.0,0.0
2023-12-01 00:00:00-05:00,10.359999656677246,10.359999656677246,10.359999656677246,10.359999656677246,0,0.0,0.0
2023-12-04 00:00:00-05:00,10.359999656677246,10.359999656677246,10.359999656677246,10.359999656677246,0,0.0,0.0
2023-12-05 00:00:00-05:00,10.359999656677246,10.359999656677246,10.350000381469727,10.359999656677246,62800,0.0,0.0
2023-12-06 00:00:00-05:00,10.369999885559082,10.369999885559082,10.359999656677246,10.359999656677246,11500,0.0,0.0
2023-12-07 00:00:00-05:00,10.369999885559082,10.369999885559082,10.369999885559082,10.369999885559082,7500,0.0,0.0
2023-12-08 00:00:00-05:00,10.369999885559082,10.369999885559082,10.369999885559082,10.369999885559082,0,0.0,0.0
2023-12-11 00:00:00-05:00,10.359999656677246,10.359999656677246,10.359999656677246,10.359999656677246,100,0.0,0.0
2023-12-12 00:00:00-05:00,10.380000114440918,10.390000343322754,10.380000114440918,10.390000343322754,21100,0.0,0.0
2023-12-13 00:00:00-05:00,10.399999618530273,10.399999618530273,10.399999618530273,10.399999618530273,400,0.0,0.0
2023-12-14 00:00:00-05:00,10.40999984741211,10.420000076293945,10.390000343322754,10.420000076293945,6000,0.0,0.0
2023-12-15 00:00:00-05:00,10.420000076293945,10.420000076293945,10.420000076293945,10.420000076293945,0,0.0,0.0
2023-12-18 00:00:00-05:00,10.40999984741211,10.40999984741211,10.390000343322754,10.390000343322754,11100,0.0,0.0
2023-12-19 00:00:00-05:00,10.390000343322754,10.390000343322754,10.390000343322754,10.390000343322754,0,0.0,0.0
2023-12-20 00:00:00-05:00,10.390000343322754,10.390000343322754,10.390000343322754,10.390000343322754,0,0.0,0.0
2023-12-21 00:00:00-05:00,10.390000343322754,10.390000343322754,10.390000343322754,10.390000343322754,0,0.0,0.0
2023-12-22 00:00:00-05:00,10.425999641418457,10.425999641418457,10.425999641418457,10.425999641418457,1200,0.0,0.0
2023-12-26 00:00:00-05:00,10.420000076293945,10.420000076293945,10.420000076293945,10.420000076293945,100,0.0,0.0
2023-12-27 00:00:00-05:00,10.430000305175781,10.430000305175781,10.430000305175781,10.430000305175781,2800,0.0,0.0
2023-12-28 00:00:00-05:00,10.479999542236328,10.479999542236328,10.479999542236328,10.479999542236328,1800,0.0,0.0
2023-12-29 00:00:00-05:00,10.479999542236328,10.479999542236328,10.479999542236328,10.479999542236328,0,0.0,0.0
2024-01-02 00:00:00-05:00,10.479999542236328,10.479999542236328,10.479999542236328,10.479999542236328,0,0.0,0.0
2024-01-03 00:00:00-05:00,10.449999809265137,10.449999809265137,10.449999809265137,10.449999809265137,2600,0.0,0.0
2024-01-04 00:00:00-05:00,10.449999809265137,10.449999809265137,10.449999809265137,10.449999809265137,0,0.0,0.0
2024-01-05 00:00:00-05:00,10.449999809265137,10.449999809265137,10.449999809265137,10.449999809265137,200,0.0,0.0
2024-01-08 00:00:00-05:00,10.460000038146973,10.460000038146973,10.449999809265137,10.449999809265137,4400,0.0,0.0
2024-01-09 00:00:00-05:00,10.449999809265137,10.449999809265137,10.449999809265137,10.449999809265137,81000,0.0,0.0
2024-01-10 00:00:00-05:00,10.449999809265137,10.449999809265137,10.449999809265137,10.449999809265137,0,0.0,0.0
2024-01-11 00:00:00-05:00,10.449999809265137,10.449999809265137,10.449999809265137,10.449999809265137,0,0.0,0.0
2024-01-12 00:00:00-05:00,10.449999809265137,10.449999809265137,10.449999809265137,10.449999809265137,100,0.0,0.0
2024-01-16 00:00:00-05:00,10.449999809265137,10.449999809265137,10.449999809265137,10.449999809265137,0,0.0,0.0
2024-01-17 00:00:00-05:00,10.449999809265137,10.449999809265137,10.449999809265137,10.449999809265137,0,0.0,0.0
2024-01-18 00:00:00-05:00,10.449999809265137,10.449999809265137,10.449999809265137,10.449999809265137,0,0.0,0.0
2024-01-19 00:00:00-05:00,10.449999809265137,10.449999809265137,10.449999809265137,10.449999809265137,0,0.0,0.0
2024-01-22 00:00:00-05:00,10.479999542236328,10.5,10.479999542236328,10.5,7500,0.0,0.0
2024-01-23 00:00:00-05:00,10.5,10.5,10.5,10.5,5700,0.0,0.0
2024-01-24 00:00:00-05:00,10.5,10.5,10.5,10.5,0,0.0,0.0
2024-01-25 00:00:00-05:00,10.489999771118164,10.489999771118164,10.489999771118164,10.489999771118164,900,0.0,0.0
2024-01-26 00:00:00-05:00,10.489999771118164,10.489999771118164,10.489999771118164,10.489999771118164,500,0.0,0.0
2024-01-29 00:00:00-05:00,10.489999771118164,10.489999771118164,10.489999771118164,10.489999771118164,0,0.0,0.0
2024-01-30 00:00:00-05:00,10.489999771118164,10.489999771118164,10.489999771118164,10.489999771118164,0,0.0,0.0
2024-01-31 00:00:00-05:00,10.520000457763672,10.520000457763672,10.520000457763672,10.520000457763672,600,0.0,0.0
2024-02-01 00:00:00-05:00,10.520000457763672,10.520000457763672,10.520000457763672,10.520000457763672,0,0.0,0.0
2024-02-02 00:00:00-05:00,10.5,10.5,10.5,10.5,600,0.0,0.0
2024-02-05 00:00:00-05:00,10.569999694824219,10.579999923706055,10.550000190734863,10.550000190734863,3000,0.0,0.0
2024-02-06 00:00:00-05:00,10.5600004196167,10.569999694824219,10.510000228881836,10.510000228881836,2000,0.0,0.0
2024-02-07 00:00:00-05:00,10.510000228881836,10.510000228881836,10.510000228881836,10.510000228881836,400,0.0,0.0
2024-02-08 00:00:00-05:00,10.510000228881836,10.510000228881836,10.510000228881836,10.510000228881836,0,0.0,0.0
2024-02-09 00:00:00-05:00,10.510000228881836,10.510000228881836,10.510000228881836,10.510000228881836,0,0.0,0.0
2024-02-12 00:00:00-05:00,10.510000228881836,10.510000228881836,10.510000228881836,10.510000228881836,0,0.0,0.0
2024-02-13 00:00:00-05:00,10.510000228881836,10.510000228881836,10.510000228881836,10.510000228881836,0,0.0,0.0
2024-02-14 00:00:00-05:00,10.510000228881836,10.510000228881836,10.510000228881836,10.510000228881836,0,0.0,0.0
2024-02-15 00:00:00-05:00,10.512999534606934,10.512999534606934,10.510000228881836,10.510000228881836,300,0.0,0.0
2024-02-16 00:00:00-05:00,10.510000228881836,10.510000228881836,10.510000228881836,10.510000228881836,0,0.0,0.0
2024-02-20 00:00:00-05:00,10.510000228881836,10.510000228881836,10.510000228881836,10.510000228881836,0,0.0,0.0
2024-02-21 00:00:00-05:00,10.510000228881836,10.510000228881836,10.510000228881836,10.510000228881836,0,0.0,0.0
2024-02-22 00:00:00-05:00,10.510000228881836,10.510000228881836,10.510000228881836,10.510000228881836,0,0.0,0.0
2024-02-23 00:00:00-05:00,10.510000228881836,10.510000228881836,10.510000228881836,10.510000228881836,0,0.0,0.0
2024-02-26 00:00:00-05:00,10.510000228881836,10.510000228881836,10.510000228881836,10.510000228881836,100,0.0,0.0
2024-02-27 00:00:00-05:00,10.510000228881836,10.510000228881836,10.510000228881836,10.510000228881836,100,0.0,0.0
2024-02-28 00:00:00-05:00,10.510000228881836,10.510000228881836,10.510000228881836,10.510000228881836,100,0.0,0.0
2024-02-29 00:00:00-05:00,10.300000190734863,10.300000190734863,10.300000190734863,10.300000190734863,100,0.0,0.0
2024-03-01 00:00:00-05:00,10.510000228881836,10.510000228881836,10.510000228881836,10.510000228881836,100,0.0,0.0
2024-03-04 00:00:00-05:00,10.539999961853027,10.539999961853027,10.510000228881836,10.510000228881836,500,0.0,0.0
2024-03-05 00:00:00-05:00,10.510000228881836,10.510000228881836,10.510000228881836,10.510000228881836,0,0.0,0.0
2024-03-06 00:00:00-05:00,10.510000228881836,10.510000228881836,10.510000228881836,10.510000228881836,0,0.0,0.0
2024-03-07 00:00:00-05:00,10.510000228881836,10.510000228881836,10.510000228881836,10.510000228881836,0,0.0,0.0
2024-03-08 00:00:00-05:00,10.5,10.5,10.5,10.5,5200,0.0,0.0
2024-03-11 00:00:00-04:00,10.5,10.5,10.479999542236328,10.479999542236328,5100,0.0,0.0
2024-03-12 00:00:00-04:00,10.5,10.5,10.5,10.5,113600,0.0,0.0
2024-03-13 00:00:00-04:00,10.5,10.5,10.5,10.5,0,0.0,0.0
2024-03-14 00:00:00-04:00,10.5,10.5,10.5,10.5,0,0.0,0.0
2024-03-15 00:00:00-04:00,10.5,10.5,10.5,10.5,0,0.0,0.0
2024-03-18 00:00:00-04:00,10.5,10.5,10.5,10.5,0,0.0,0.0
2024-03-19 00:00:00-04:00,10.5,10.5,10.479999542236328,10.479999542236328,200,0.0,0.0
2024-03-20 00:00:00-04:00,10.479999542236328,10.479999542236328,10.479999542236328,10.479999542236328,0,0.0,0.0
2024-03-21 00:00:00-04:00,10.479999542236328,10.479999542236328,10.479999542236328,10.479999542236328,0,0.0,0.0
2024-03-22 00:00:00-04:00,10.479999542236328,10.479999542236328,10.479999542236328,10.479999542236328,3000,0.0,0.0
2024-03-25 00:00:00-04:00,10.479999542236328,10.479999542236328,10.479999542236328,10.479999542236328,0,0.0,0.0
2024-03-26 00:00:00-04:00,10.479999542236328,10.479999542236328,10.479999542236328,10.479999542236328,0,0.0,0.0
2024-03-27 00:00:00-04:00,10.479999542236328,10.479999542236328,10.479999542236328,10.479999542236328,0,0.0,0.0
2024-03-28 00:00:00-04:00,10.479999542236328,10.479999542236328,10.479999542236328,10.479999542236328,0,0.0,0.0
2024-04-01 00:00:00-04:00,10.479999542236328,10.479999542236328,10.479999542236328,10.479999542236328,0,0.0,0.0
2024-04-02 00:00:00-04:00,10.479999542236328,10.479999542236328,10.479999542236328,10.479999542236328,100,0.0,0.0
2024-04-03 00:00:00-04:00,10.479999542236328,10.479999542236328,10.479999542236328,10.479999542236328,100,0.0,0.0
2024-04-04 00:00:00-04:00,10.5,10.510000228881836,10.5,10.510000228881836,1000,0.0,0.0
2024-04-05 00:00:00-04:00,10.510000228881836,10.510000228881836,10.510000228881836,10.510000228881836,0,0.0,0.0
2024-04-08 00:00:00-04:00,10.510000228881836,10.510000228881836,10.510000228881836,10.510000228881836,0,0.0,0.0
2024-04-09 00:00:00-04:00,10.510000228881836,10.510000228881836,10.510000228881836,10.510000228881836,0,0.0,0.0
2024-04-10 00:00:00-04:00,10.510000228881836,10.510000228881836,10.510000228881836,10.510000228881836,0,0.0,0.0
2024-04-11 00:00:00-04:00,10.510000228881836,10.510000228881836,10.510000228881836,10.510000228881836,0,0.0,0.0
2024-04-12 00:00:00-04:00,10.510000228881836,10.510000228881836,10.510000228881836,10.510000228881836,100,0.0,0.0
2024-04-15 00:00:00-04:00,10.539999961853027,10.539999961853027,10.539999961853027,10.539999961853027,4800,0.0,0.0
2024-04-16 00:00:00-04:00,10.539999961853027,10.539999961853027,10.539999961853027,10.539999961853027,200,0.0,0.0
2024-04-17 00:00:00-04:00,10.539999961853027,10.539999961853027,10.539999961853027,10.539999961853027,0,0.0,0.0
2024-04-18 00:00:00-04:00,10.539999961853027,10.539999961853027,10.539999961853027,10.539999961853027,0,0.0,0.0
2024-04-19 00:00:00-04:00,10.539999961853027,10.539999961853027,10.539999961853027,10.539999961853027,0,0.0,0.0
2024-04-22 00:00:00-04:00,10.539999961853027,10.539999961853027,10.539999961853027,10.539999961853027,0,0.0,0.0
2024-04-23 00:00:00-04:00,10.539999961853027,10.539999961853027,10.539999961853027,10.539999961853027,0,0.0,0.0
2024-04-24 00:00:00-04:00,10.539999961853027,10.539999961853027,10.539999961853027,10.539999961853027,100,0.0,0.0
2024-04-25 00:00:00-04:00,10.539999961853027,10.539999961853027,10.539999961853027,10.539999961853027,100,0.0,0.0
2024-04-26 00:00:00-04:00,10.539999961853027,10.539999961853027,10.539999961853027,10.539999961853027,100,0.0,0.0
2024-04-29 00:00:00-04:00,10.550000190734863,10.550000190734863,10.550000190734863,10.550000190734863,100,0.0,0.0
2024-04-30 00:00:00-04:00,10.550000190734863,10.550000190734863,10.550000190734863,10.550000190734863,100,0.0,0.0
2024-05-01 00:00:00-04:00,10.550000190734863,10.550000190734863,10.550000190734863,10.550000190734863,300,0.0,0.0
2024-05-02 00:00:00-04:00,10.550000190734863,10.550000190734863,10.550000190734863,10.550000190734863,0,0.0,0.0
2024-05-03 00:00:00-04:00,10.550000190734863,10.550000190734863,10.550000190734863,10.550000190734863,0,0.0,0.0
2024-05-06 00:00:00-04:00,10.550000190734863,10.550000190734863,10.550000190734863,10.550000190734863,0,0.0,0.0
2024-05-07 00:00:00-04:00,10.550000190734863,10.550000190734863,10.550000190734863,10.550000190734863,0,0.0,0.0
2024-05-08 00:00:00-04:00,10.550000190734863,10.550000190734863,10.550000190734863,10.550000190734863,0,0.0,0.0
2024-05-09 00:00:00-04:00,10.550000190734863,10.550000190734863,10.550000190734863,10.550000190734863,100,0.0,0.0
2024-05-10 00:00:00-04:00,10.550000190734863,10.550000190734863,10.550000190734863,10.550000190734863,100,0.0,0.0
2024-05-13 00:00:00-04:00,10.550000190734863,10.550000190734863,10.550000190734863,10.550000190734863,100,0.0,0.0
2024-05-14 00:00:00-04:00,10.489999771118164,10.489999771118164,10.489999771118164,10.489999771118164,100,0.0,0.0
2024-05-15 00:00:00-04:00,10.550000190734863,10.550000190734863,10.550000190734863,10.550000190734863,200,0.0,0.0
2024-05-16 00:00:00-04:00,10.550000190734863,10.550000190734863,10.550000190734863,10.550000190734863,100,0.0,0.0
2024-05-17 00:00:00-04:00,10.550000190734863,10.550000190734863,10.550000190734863,10.550000190734863,100,0.0,0.0
2024-05-20 00:00:00-04:00,10.550000190734863,10.550000190734863,10.550000190734863,10.550000190734863,100,0.0,0.0
2024-05-21 00:00:00-04:00,10.550000190734863,10.550000190734863,10.550000190734863,10.550000190734863,100,0.0,0.0
2024-05-22 00:00:00-04:00,10.600000381469727,11.0,10.539999961853027,10.550000190734863,9700,0.0,0.0
2024-05-23 00:00:00-04:00,10.600000381469727,10.600000381469727,10.600000381469727,10.600000381469727,500,0.0,0.0
2024-05-24 00:00:00-04:00,10.600000381469727,10.600000381469727,10.600000381469727,10.600000381469727,0,0.0,0.0
2024-05-28 00:00:00-04:00,10.600000381469727,10.600000381469727,10.600000381469727,10.600000381469727,0,0.0,0.0
2024-05-29 00:00:00-04:00,10.550000190734863,10.550000190734863,10.550000190734863,10.550000190734863,400,0.0,0.0
2024-05-30 00:00:00-04:00,10.550000190734863,10.550000190734863,10.550000190734863,10.550000190734863,0,0.0,0.0
2024-05-31 00:00:00-04:00,10.550000190734863,10.550000190734863,10.550000190734863,10.550000190734863,100,0.0,0.0
2024-06-03 00:00:00-04:00,10.550000190734863,10.550000190734863,10.550000190734863,10.550000190734863,0,0.0,0.0
2024-06-04 00:00:00-04:00,10.579999923706055,10.579999923706055,10.579999923706055,10.579999923706055,100,0.0,0.0
2024-06-05 00:00:00-04:00,10.579999923706055,10.680000305175781,10.579999923706055,10.680000305175781,400,0.0,0.0
2024-06-06 00:00:00-04:00,10.680000305175781,10.680000305175781,10.680000305175781,10.680000305175781,0,0.0,0.0
2024-06-07 00:00:00-04:00,10.680000305175781,10.680000305175781,10.680000305175781,10.680000305175781,0,0.0,0.0
2024-06-10 00:00:00-04:00,10.680000305175781,10.680000305175781,10.680000305175781,10.680000305175781,0,0.0,0.0
2024-06-11 00:00:00-04:00,10.680000305175781,10.680000305175781,10.680000305175781,10.680000305175781,0,0.0,0.0
2024-06-12 00:00:00-04:00,10.680000305175781,10.680000305175781,10.680000305175781,10.680000305175781,0,0.0,0.0
2024-06-13 00:00:00-04:00,10.579999923706055,10.579999923706055,10.579999923706055,10.579999923706055,100,0.0,0.0
2024-06-14 00:00:00-04:00,10.579999923706055,10.579999923706055,10.579999923706055,10.579999923706055,100,0.0,0.0
2024-06-17 00:00:00-04:00,10.579999923706055,10.579999923706055,10.579999923706055,10.579999923706055,100,0.0,0.0
2024-06-18 00:00:00-04:00,10.579999923706055,10.579999923706055,10.579999923706055,10.579999923706055,100,0.0,0.0
2024-06-20 00:00:00-04:00,10.579999923706055,10.579999923706055,10.579999923706055,10.579999923706055,100,0.0,0.0
2024-06-21 00:00:00-04:00,10.579999923706055,10.579999923706055,10.579999923706055,10.579999923706055,100,0.0,0.0
2024-06-24 00:00:00-04:00,10.579999923706055,10.579999923706055,10.579999923706055,10.579999923706055,100,0.0,0.0
2024-06-25 00:00:00-04:00,10.579999923706055,10.579999923706055,10.579999923706055,10.579999923706055,100,0.0,0.0
2024-06-26 00:00:00-04:00,10.579999923706055,10.579999923706055,10.579999923706055,10.579999923706055,100,0.0,0.0
2024-06-27 00:00:00-04:00,10.579999923706055,10.579999923706055,10.579999923706055,10.579999923706055,0,0.0,0.0
2024-06-28 00:00:00-04:00,10.579999923706055,10.579999923706055,10.579999923706055,10.579999923706055,0,0.0,0.0
2024-07-01 00:00:00-04:00,10.550000190734863,10.550000190734863,10.550000190734863,10.550000190734863,100,0.0,0.0
2024-07-02 00:00:00-04:00,10.5600004196167,10.5600004196167,10.5600004196167,10.5600004196167,100,0.0,0.0
2024-07-03 00:00:00-04:00,10.550000190734863,10.550000190734863,10.550000190734863,10.550000190734863,100,0.0,0.0
2024-07-05 00:00:00-04:00,10.59000015258789,10.59000015258789,10.59000015258789,10.59000015258789,100,0.0,0.0
2024-07-08 00:00:00-04:00,10.579999923706055,10.579999923706055,10.579999923706055,10.579999923706055,300,0.0,0.0
2024-07-09 00:00:00-04:00,10.62600040435791,10.62600040435791,10.62600040435791,10.62600040435791,300,0.0,0.0
2024-07-10 00:00:00-04:00,10.62600040435791,10.62600040435791,10.62600040435791,10.62600040435791,0,0.0,0.0
2024-07-11 00:00:00-04:00,10.62600040435791,10.62600040435791,10.62600040435791,10.62600040435791,0,0.0,0.0
2024-07-12 00:00:00-04:00,10.62600040435791,10.62600040435791,10.62600040435791,10.62600040435791,0,0.0,0.0
2024-07-15 00:00:00-04:00,10.62600040435791,10.62600040435791,10.62600040435791,10.62600040435791,0,0.0,0.0
2024-07-16 00:00:00-04:00,10.62600040435791,10.62600040435791,10.62600040435791,10.62600040435791,0,0.0,0.0
2024-07-17 00:00:00-04:00,10.59000015258789,10.59000015258789,10.59000015258789,10.59000015258789,100,0.0,0.0
2024-07-18 00:00:00-04:00,10.59000015258789,10.59000015258789,10.59000015258789,10.59000015258789,100,0.0,0.0
2024-07-19 00:00:00-04:00,10.59000015258789,10.59000015258789,10.59000015258789,10.59000015258789,100,0.0,0.0
2024-07-22 00:00:00-04:00,10.609999656677246,10.609999656677246,10.609999656677246,10.609999656677246,100,0.0,0.0
2024-07-23 00:00:00-04:00,10.609999656677246,10.609999656677246,10.609999656677246,10.609999656677246,300,0.0,0.0
2024-07-24 00:00:00-04:00,10.699999809265137,10.699999809265137,10.6899995803833,10.699999809265137,800,0.0,0.0
2024-07-25 00:00:00-04:00,10.699999809265137,10.699999809265137,10.699999809265137,10.699999809265137,0,0.0,0.0
2024-07-26 00:00:00-04:00,10.699999809265137,10.699999809265137,10.699999809265137,10.699999809265137,0,0.0,0.0
2024-07-29 00:00:00-04:00,10.699999809265137,10.699999809265137,10.699999809265137,10.699999809265137,0,0.0,0.0
2024-07-30 00:00:00-04:00,10.663999557495117,10.663999557495117,10.609999656677246,10.609999656677246,200,0.0,0.0
2024-07-31 00:00:00-04:00,10.609999656677246,10.609999656677246,10.609999656677246,10.609999656677246,0,0.0,0.0
2024-08-01 00:00:00-04:00,10.609999656677246,10.609999656677246,10.609999656677246,10.609999656677246,0,0.0,0.0
2024-08-02 00:00:00-04:00,10.609999656677246,10.609999656677246,10.609999656677246,10.609999656677246,0,0.0,0.0
2024-08-05 00:00:00-04:00,10.6899995803833,10.6899995803833,10.609999656677246,10.609999656677246,600,0.0,0.0
2024-08-06 00:00:00-04:00,10.609999656677246,10.609999656677246,10.609999656677246,10.609999656677246,0,0.0,0.0
2024-08-07 00:00:00-04:00,10.609999656677246,10.609999656677246,10.609999656677246,10.609999656677246,0,0.0,0.0
2024-08-08 00:00:00-04:00,10.609999656677246,10.609999656677246,10.609999656677246,10.609999656677246,0,0.0,0.0
2024-08-09 00:00:00-04:00,10.609999656677246,10.609999656677246,10.609999656677246,10.609999656677246,0,0.0,0.0
2024-08-12 00:00:00-04:00,10.609999656677246,10.609999656677246,10.609999656677246,10.609999656677246,0,0.0,0.0
2024-08-13 00:00:00-04:00,10.619999885559082,10.619999885559082,10.619999885559082,10.619999885559082,100,0.0,0.0
2024-08-14 00:00:00-04:00,10.619999885559082,10.619999885559082,10.619999885559082,10.619999885559082,100,0.0,0.0
2024-08-15 00:00:00-04:00,10.619999885559082,10.619999885559082,10.619999885559082,10.619999885559082,100,0.0,0.0
2024-08-16 00:00:00-04:00,10.619999885559082,10.619999885559082,10.619999885559082,10.619999885559082,100,0.0,0.0
2024-08-19 00:00:00-04:00,10.640000343322754,10.640000343322754,10.640000343322754,10.640000343322754,100,0.0,0.0
2024-08-20 00:00:00-04:00,10.649999618530273,10.649999618530273,10.649999618530273,10.649999618530273,100,0.0,0.0
2024-08-21 00:00:00-04:00,10.649999618530273,10.65999984741211,10.640000343322754,10.65999984741211,1100,0.0,0.0
2024-08-22 00:00:00-04:00,10.65999984741211,10.65999984741211,10.65999984741211,10.65999984741211,0,0.0,0.0
2024-08-23 00:00:00-04:00,10.680000305175781,10.680000305175781,10.680000305175781,10.680000305175781,643600,0.0,0.0
2024-08-26 00:00:00-04:00,10.680000305175781,10.680000305175781,10.680000305175781,10.680000305175781,0,0.0,0.0
2024-08-27 00:00:00-04:00,10.680000305175781,10.680000305175781,10.680000305175781,10.680000305175781,0,0.0,0.0
2024-08-28 00:00:00-04:00,10.680000305175781,10.680000305175781,10.680000305175781,10.680000305175781,0,0.0,0.0
2024-08-29 00:00:00-04:00,10.680000305175781,10.680000305175781,10.680000305175781,10.680000305175781,0,0.0,0.0
2024-08-30 00:00:00-04:00,10.680000305175781,10.680000305175781,10.680000305175781,10.680000305175781,0,0.0,0.0
2024-09-03 00:00:00-04:00,10.65999984741211,10.65999984741211,10.65999984741211,10.65999984741211,17100,0.0,0.0
2024-09-04 00:00:00-04:00,10.65999984741211,10.65999984741211,10.65999984741211,10.65999984741211,17400,0.0,0.0
2024-09-05 00:00:00-04:00,10.65999984741211,10.65999984741211,10.65999984741211,10.65999984741211,0,0.0,0.0
2024-09-06 00:00:00-04:00,10.65999984741211,10.65999984741211,10.65999984741211,10.65999984741211,0,0.0,0.0
2024-09-09 00:00:00-04:00,10.65999984741211,10.65999984741211,10.65999984741211,10.65999984741211,0,0.0,0.0
2024-09-10 00:00:00-04:00,10.65999984741211,10.65999984741211,10.65999984741211,10.65999984741211,0,0.0,0.0
2024-09-11 00:00:00-04:00,10.65999984741211,10.65999984741211,10.65999984741211,10.65999984741211,0,0.0,0.0
2024-09-12 00:00:00-04:00,10.65999984741211,10.65999984741211,10.65999984741211,10.65999984741211,0,0.0,0.0
2024-09-13 00:00:00-04:00,10.65999984741211,10.65999984741211,10.65999984741211,10.65999984741211,0,0.0,0.0
2024-09-16 00:00:00-04:00,10.65999984741211,10.65999984741211,10.65999984741211,10.65999984741211,0,0.0,0.0
2024-09-17 00:00:00-04:00,10.65999984741211,10.65999984741211,10.65999984741211,10.65999984741211,0,0.0,0.0
2024-09-18 00:00:00-04:00,10.65999984741211,10.65999984741211,10.65999984741211,10.65999984741211,300,0.0,0.0
2024-09-19 00:00:00-04:00,10.65999984741211,10.65999984741211,10.65999984741211,10.65999984741211,0,0.0,0.0
2024-09-20 00:00:00-04:00,10.65999984741211,10.65999984741211,10.65999984741211,10.65999984741211,0,0.0,0.0
2024-09-23 00:00:00-04:00,10.65999984741211,10.65999984741211,10.65999984741211,10.65999984741211,100,0.0,0.0
2024-09-24 00:00:00-04:00,10.65999984741211,10.65999984741211,10.65999984741211,10.65999984741211,0,0.0,0.0
2024-09-25 00:00:00-04:00,10.65999984741211,10.65999984741211,10.65999984741211,10.65999984741211,0,0.0,0.0
2024-09-26 00:00:00-04:00,10.65999984741211,10.65999984741211,10.65999984741211,10.65999984741211,0,0.0,0.0
2024-09-27 00:00:00-04:00,10.65999984741211,10.65999984741211,10.65999984741211,10.65999984741211,0,0.0,0.0
2024-09-30 00:00:00-04:00,10.65999984741211,10.65999984741211,10.65999984741211,10.65999984741211,0,0.0,0.0
2024-10-01 00:00:00-04:00,10.65999984741211,10.65999984741211,10.65999984741211,10.65999984741211,0,0.0,0.0
2024-10-02 00:00:00-04:00,10.65999984741211,10.65999984741211,10.65999984741211,10.65999984741211,0,0.0,0.0
2024-10-03 00:00:00-04:00,10.65999984741211,10.65999984741211,10.65999984741211,10.65999984741211,0,0.0,0.0
2024-10-04 00:00:00-04:00,10.65999984741211,10.65999984741211,10.65999984741211,10.65999984741211,0,0.0,0.0
2024-10-07 00:00:00-04:00,10.65999984741211,10.65999984741211,10.65999984741211,10.65999984741211,0,0.0,0.0
2024-10-08 00:00:00-04:00,10.65999984741211,10.65999984741211,10.65999984741211,10.65999984741211,500,0.0,0.0
2024-10-09 00:00:00-04:00,10.65999984741211,10.65999984741211,10.65999984741211,10.65999984741211,0,0.0,0.0
2024-10-10 00:00:00-04:00,10.65999984741211,10.65999984741211,10.65999984741211,10.65999984741211,0,0.0,0.0
2024-10-11 00:00:00-04:00,10.65999984741211,10.65999984741211,10.65999984741211,10.65999984741211,0,0.0,0.0
2024-10-14 00:00:00-04:00,10.65999984741211,10.65999984741211,10.65999984741211,10.65999984741211,0,0.0,0.0
2024-10-15 00:00:00-04:00,10.65999984741211,10.65999984741211,10.65999984741211,10.65999984741211,0,0.0,0.0
2024-10-16 00:00:00-04:00,10.65999984741211,10.65999984741211,10.65999984741211,10.65999984741211,0,0.0,0.0
2024-10-17 00:00:00-04:00,10.65999984741211,10.65999984741211,10.65999984741211,10.65999984741211,0,0.0,0.0
2024-10-18 00:00:00-04:00,10.65999984741211,10.65999984741211,10.65999984741211,10.65999984741211,0,0.0,0.0
2024-10-21 00:00:00-04:00,10.65999984741211,10.65999984741211,10.65999984741211,10.65999984741211,0,0.0,0.0
2024-10-22 00:00:00-04:00,10.65999984741211,10.65999984741211,10.65999984741211,10.65999984741211,0,0.0,0.0
2024-10-23 00:00:00-04:00,10.65999984741211,10.65999984741211,10.65999984741211,10.65999984741211,0,0.0,0.0
2024-10-24 00:00:00-04:00,10.65999984741211,10.65999984741211,10.65999984741211,10.65999984741211,0,0.0,0.0
2024-10-25 00:00:00-04:00,10.65999984741211,10.65999984741211,10.65999984741211,10.65999984741211,0,0.0,0.0
2024-10-28 00:00:00-04:00,10.65999984741211,10.65999984741211,10.65999984741211,10.65999984741211,0,0.0,0.0
2024-10-29 00:00:00-04:00,10.65999984741211,10.65999984741211,10.65999984741211,10.65999984741211,0,0.0,0.0
2024-10-30 00:00:00-04:00,10.65999984741211,10.65999984741211,10.65999984741211,10.65999984741211,0,0.0,0.0
2024-10-31 00:00:00-04:00,10.65999984741211,10.65999984741211,10.65999984741211,10.65999984741211,0,0.0,0.0
2024-11-01 00:00:00-04:00,10.65999984741211,10.65999984741211,10.65999984741211,10.65999984741211,0,0.0,0.0
2024-11-04 00:00:00-05:00,10.65999984741211,10.65999984741211,10.65999984741211,10.65999984741211,0,0.0,0.0
2024-11-05 00:00:00-05:00,10.65999984741211,10.65999984741211,10.65999984741211,10.65999984741211,0,0.0,0.0
2024-11-06 00:00:00-05:00,10.65999984741211,10.65999984741211,10.65999984741211,10.65999984741211,0,0.0,0.0
2024-11-07 00:00:00-05:00,10.65999984741211,10.65999984741211,10.65999984741211,10.65999984741211,0,0.0,0.0
2024-11-08 00:00:00-05:00,10.65999984741211,10.65999984741211,10.65999984741211,10.65999984741211,0,0.0,0.0
2024-11-11 00:00:00-05:00,10.65999984741211,10.65999984741211,10.65999984741211,10.65999984741211,0,0.0,0.0
2024-11-12 00:00:00-05:00,10.65999984741211,10.65999984741211,10.65999984741211,10.65999984741211,0,0.0,0.0
2024-11-13 00:00:00-05:00,10.65999984741211,10.65999984741211,10.65999984741211,10.65999984741211,0,0.0,0.0
2024-11-14 00:00:00-05:00,10.65999984741211,10.65999984741211,10.65999984741211,10.65999984741211,0,0.0,0.0
2024-11-15 00:00:00-05:00,10.65999984741211,10.65999984741211,10.65999984741211,10.65999984741211,0,0.0,0.0
2024-11-18 00:00:00-05:00,10.65999984741211,10.65999984741211,10.65999984741211,10.65999984741211,0,0.0,0.0
2024-11-19 00:00:00-05:00,10.65999984741211,10.65999984741211,10.65999984741211,10.65999984741211,0,0.0,0.0
2024-11-20 00:00:00-05:00,10.65999984741211,10.65999984741211,10.65999984741211,10.65999984741211,0,0.0,0.0
2024-11-21 00:00:00-05:00,10.65999984741211,10.65999984741211,10.65999984741211,10.65999984741211,0,0.0,0.0
