Date,Open,High,Low,Close,Volume,Dividends,Stock Splits
2022-01-03 00:00:00-05:00,12.180000305175781,12.899999618530273,12.0,12.65999984741211,38200,0.0,0.0
2022-01-04 00:00:00-05:00,12.84000015258789,12.960000038146973,12.180000305175781,12.65999984741211,23233,0.0,0.0
2022-01-05 00:00:00-05:00,12.600000381469727,13.020000457763672,11.819999694824219,11.9399995803833,40633,0.0,0.0
2022-01-06 00:00:00-05:00,11.9399995803833,12.359999656677246,11.579999923706055,11.760000228881836,19333,0.0,0.0
2022-01-07 00:00:00-05:00,11.760000228881836,12.119999885559082,11.640000343322754,11.699999809265137,28483,0.0,0.0
2022-01-10 00:00:00-05:00,11.520000457763672,11.699999809265137,10.920000076293945,11.399999618530273,44417,0.0,0.0
2022-01-11 00:00:00-05:00,11.279999732971191,11.579999923706055,11.220000267028809,11.460000038146973,44517,0.0,0.0
2022-01-12 00:00:00-05:00,11.460000038146973,11.699999809265137,11.279999732971191,11.279999732971191,38167,0.0,0.0
2022-01-13 00:00:00-05:00,11.399999618530273,11.460000038146973,11.100000381469727,11.100000381469727,25717,0.0,0.0
2022-01-14 00:00:00-05:00,10.979999542236328,11.279999732971191,10.619999885559082,11.15999984741211,45617,0.0,0.0
2022-01-18 00:00:00-05:00,11.039999961853027,11.100000381469727,10.5600004196167,10.5600004196167,29183,0.0,0.0
2022-01-19 00:00:00-05:00,10.5,10.619999885559082,10.020000457763672,10.079999923706055,30983,0.0,0.0
2022-01-20 00:00:00-05:00,10.260000228881836,10.380000114440918,9.779999732971191,9.779999732971191,42967,0.0,0.0
2022-01-21 00:00:00-05:00,9.539999961853027,9.65999984741211,9.0600004196167,9.0600004196167,46183,0.0,0.0
2022-01-24 00:00:00-05:00,8.579999923706055,9.300000190734863,8.460000038146973,9.180000305175781,51650,0.0,0.0
2022-01-25 00:00:00-05:00,9.0,9.65999984741211,9.0,9.420000076293945,30250,0.0,0.0
2022-01-26 00:00:00-05:00,9.539999961853027,9.779999732971191,8.760000228881836,8.880000114440918,29950,0.0,0.0
2022-01-27 00:00:00-05:00,8.819999694824219,9.180000305175781,8.640000343322754,8.760000228881836,29483,0.0,0.0
2022-01-28 00:00:00-05:00,8.640000343322754,8.880000114440918,8.399999618530273,8.819999694824219,31867,0.0,0.0
2022-01-31 00:00:00-05:00,8.579999923706055,9.65999984741211,8.579999923706055,9.600000381469727,40117,0.0,0.0
2022-02-01 00:00:00-05:00,9.600000381469727,9.899999618530273,9.300000190734863,9.65999984741211,27750,0.0,0.0
2022-02-02 00:00:00-05:00,9.65999984741211,9.779999732971191,9.300000190734863,9.300000190734863,92617,0.0,0.0
2022-02-03 00:00:00-05:00,9.119999885559082,9.359999656677246,8.640000343322754,8.760000228881836,38783,0.0,0.0
2022-02-04 00:00:00-05:00,8.760000228881836,9.180000305175781,8.640000343322754,9.0,33017,0.0,0.0
2022-02-07 00:00:00-05:00,9.0,9.180000305175781,8.640000343322754,8.9399995803833,43850,0.0,0.0
2022-02-08 00:00:00-05:00,9.0,9.239999771118164,8.699999809265137,8.760000228881836,62617,0.0,0.0
2022-02-09 00:00:00-05:00,8.819999694824219,9.0,8.399999618530273,8.640000343322754,73383,0.0,0.0
2022-02-10 00:00:00-05:00,8.100000381469727,8.699999809265137,8.039999961853027,8.15999984741211,91333,0.0,0.0
2022-02-11 00:00:00-05:00,8.100000381469727,8.34000015258789,7.800000190734863,7.920000076293945,44367,0.0,0.0
2022-02-14 00:00:00-05:00,7.920000076293945,8.039999961853027,7.800000190734863,7.800000190734863,16600,0.0,0.0
2022-02-15 00:00:00-05:00,7.980000019073486,8.640000343322754,7.980000019073486,8.579999923706055,29500,0.0,0.0
2022-02-16 00:00:00-05:00,8.579999923706055,8.9399995803833,8.460000038146973,8.819999694824219,21950,0.0,0.0
2022-02-17 00:00:00-05:00,8.699999809265137,8.699999809265137,8.15999984741211,8.399999618530273,39800,0.0,0.0
2022-02-18 00:00:00-05:00,8.279999732971191,8.520000457763672,8.15999984741211,8.34000015258789,25117,0.0,0.0
2022-02-22 00:00:00-05:00,8.399999618530273,8.399999618530273,7.739999771118164,7.739999771118164,39967,0.0,0.0
2022-02-23 00:00:00-05:00,7.800000190734863,7.800000190734863,7.380000114440918,7.5,32767,0.0,0.0
2022-02-24 00:00:00-05:00,7.199999809265137,8.15999984741211,7.139999866485596,8.100000381469727,45517,0.0,0.0
2022-02-25 00:00:00-05:00,8.100000381469727,8.15999984741211,7.739999771118164,8.039999961853027,35083,0.0,0.0
2022-02-28 00:00:00-05:00,7.980000019073486,8.640000343322754,7.860000133514404,8.520000457763672,42750,0.0,0.0
2022-03-01 00:00:00-05:00,8.399999618530273,8.760000228881836,8.34000015258789,8.34000015258789,32650,0.0,0.0
2022-03-02 00:00:00-05:00,8.399999618530273,8.819999694824219,8.220000267028809,8.760000228881836,17617,0.0,0.0
2022-03-03 00:00:00-05:00,8.699999809265137,9.300000190734863,8.579999923706055,9.239999771118164,43900,0.0,0.0
2022-03-04 00:00:00-05:00,9.0600004196167,9.180000305175781,8.399999618530273,8.520000457763672,29333,0.0,0.0
2022-03-07 00:00:00-05:00,8.460000038146973,9.180000305175781,8.34000015258789,9.0600004196167,45317,0.0,0.0
2022-03-08 00:00:00-05:00,9.0600004196167,9.119999885559082,8.520000457763672,8.880000114440918,78783,0.0,0.0
2022-03-09 00:00:00-05:00,10.5,11.760000228881836,10.380000114440918,10.800000190734863,190283,0.0,0.0
2022-03-10 00:00:00-05:00,10.5600004196167,11.220000267028809,10.5,11.100000381469727,54567,0.0,0.0
2022-03-11 00:00:00-05:00,11.220000267028809,11.880000114440918,10.619999885559082,10.680000305175781,50033,0.0,0.0
2022-03-14 00:00:00-04:00,10.859999656677246,11.039999961853027,10.260000228881836,10.5,59133,0.0,0.0
2022-03-15 00:00:00-04:00,10.5,10.979999542236328,10.199999809265137,10.859999656677246,40700,0.0,0.0
2022-03-16 00:00:00-04:00,11.100000381469727,12.600000381469727,10.920000076293945,12.479999542236328,120250,0.0,0.0
2022-03-17 00:00:00-04:00,12.420000076293945,13.199999809265137,12.300000190734863,13.079999923706055,36350,0.0,0.0
2022-03-18 00:00:00-04:00,13.020000457763672,14.15999984741211,12.720000267028809,13.739999771118164,79567,0.0,0.0
2022-03-21 00:00:00-04:00,13.920000076293945,13.920000076293945,12.84000015258789,13.260000228881836,41617,0.0,0.0
2022-03-22 00:00:00-04:00,13.199999809265137,13.920000076293945,12.779999732971191,13.199999809265137,27817,0.0,0.0
2022-03-23 00:00:00-04:00,12.84000015258789,13.199999809265137,12.180000305175781,12.420000076293945,42417,0.0,0.0
2022-03-24 00:00:00-04:00,12.239999771118164,12.539999961853027,11.9399995803833,12.180000305175781,44017,0.0,0.0
2022-03-25 00:00:00-04:00,12.180000305175781,12.600000381469727,12.119999885559082,12.359999656677246,18683,0.0,0.0
2022-03-28 00:00:00-04:00,12.359999656677246,13.020000457763672,12.119999885559082,12.899999618530273,29650,0.0,0.0
2022-03-29 00:00:00-04:00,13.380000114440918,13.619999885559082,13.140000343322754,13.140000343322754,34100,0.0,0.0
2022-03-30 00:00:00-04:00,13.020000457763672,13.260000228881836,12.479999542236328,12.539999961853027,27983,0.0,0.0
2022-03-31 00:00:00-04:00,12.479999542236328,12.539999961853027,12.119999885559082,12.479999542236328,23433,0.0,0.0
2022-04-01 00:00:00-04:00,12.239999771118164,12.420000076293945,11.9399995803833,12.0600004196167,29317,0.0,0.0
2022-04-04 00:00:00-04:00,12.239999771118164,12.720000267028809,12.0,12.180000305175781,42617,0.0,0.0
2022-04-05 00:00:00-04:00,12.359999656677246,12.420000076293945,11.460000038146973,11.699999809265137,41917,0.0,0.0
2022-04-06 00:00:00-04:00,11.880000114440918,11.880000114440918,10.5600004196167,10.680000305175781,62233,0.0,0.0
2022-04-07 00:00:00-04:00,10.680000305175781,10.680000305175781,9.720000267028809,9.779999732971191,56083,0.0,0.0
2022-04-08 00:00:00-04:00,9.65999984741211,10.5600004196167,9.65999984741211,10.319999694824219,33567,0.0,0.0
2022-04-11 00:00:00-04:00,10.140000343322754,10.260000228881836,9.960000038146973,9.960000038146973,18233,0.0,0.0
2022-04-12 00:00:00-04:00,10.260000228881836,10.380000114440918,9.960000038146973,9.960000038146973,47217,0.0,0.0
2022-04-13 00:00:00-04:00,10.020000457763672,10.4399995803833,10.020000457763672,10.319999694824219,19317,0.0,0.0
2022-04-14 00:00:00-04:00,10.319999694824219,10.5,9.779999732971191,9.84000015258789,38417,0.0,0.0
2022-04-18 00:00:00-04:00,9.720000267028809,9.960000038146973,9.180000305175781,9.300000190734863,58883,0.0,0.0
2022-04-19 00:00:00-04:00,9.359999656677246,10.079999923706055,9.359999656677246,9.960000038146973,38550,0.0,0.0
2022-04-20 00:00:00-04:00,10.079999923706055,10.5,9.65999984741211,9.960000038146973,58717,0.0,0.0
2022-04-21 00:00:00-04:00,10.079999923706055,10.079999923706055,9.180000305175781,9.300000190734863,31567,0.0,0.0
2022-04-22 00:00:00-04:00,9.300000190734863,9.539999961853027,9.0600004196167,9.300000190734863,46317,0.0,0.0
2022-04-25 00:00:00-04:00,9.180000305175781,9.239999771118164,8.699999809265137,8.760000228881836,30633,0.0,0.0
2022-04-26 00:00:00-04:00,8.760000228881836,8.9399995803833,8.15999984741211,8.220000267028809,41800,0.0,0.0
2022-04-27 00:00:00-04:00,8.34000015258789,8.520000457763672,7.860000133514404,7.920000076293945,28267,0.0,0.0
2022-04-28 00:00:00-04:00,7.980000019073486,8.279999732971191,7.679999828338623,8.100000381469727,36750,0.0,0.0
2022-04-29 00:00:00-04:00,8.039999961853027,8.34000015258789,7.920000076293945,8.039999961853027,27200,0.0,0.0
2022-05-02 00:00:00-04:00,8.15999984741211,8.34000015258789,7.920000076293945,8.15999984741211,27517,0.0,0.0
2022-05-03 00:00:00-04:00,8.15999984741211,8.15999984741211,7.559999942779541,7.739999771118164,55583,0.0,0.0
2022-05-04 00:00:00-04:00,7.800000190734863,7.860000133514404,7.380000114440918,7.679999828338623,49850,0.0,0.0
2022-05-05 00:00:00-04:00,7.619999885559082,7.619999885559082,7.320000171661377,7.440000057220459,52633,0.0,0.0
2022-05-06 00:00:00-04:00,7.380000114440918,7.679999828338623,7.260000228881836,7.260000228881836,57133,0.0,0.0
2022-05-09 00:00:00-04:00,7.380000114440918,7.559999942779541,6.960000038146973,7.260000228881836,63367,0.0,0.0
2022-05-10 00:00:00-04:00,7.980000019073486,9.0600004196167,7.860000133514404,8.699999809265137,141300,0.0,0.0
2022-05-11 00:00:00-04:00,8.640000343322754,9.180000305175781,8.34000015258789,8.460000038146973,37883,0.0,0.0
2022-05-12 00:00:00-04:00,8.460000038146973,9.0,8.15999984741211,8.699999809265137,44450,0.0,0.0
2022-05-13 00:00:00-04:00,8.819999694824219,9.0,8.15999984741211,8.15999984741211,27483,0.0,0.0
2022-05-16 00:00:00-04:00,8.399999618530273,8.399999618530273,7.619999885559082,7.679999828338623,38883,0.0,0.0
2022-05-17 00:00:00-04:00,7.800000190734863,8.279999732971191,7.739999771118164,8.220000267028809,30583,0.0,0.0
2022-05-18 00:00:00-04:00,8.100000381469727,8.399999618530273,8.039999961853027,8.220000267028809,25617,0.0,0.0
2022-05-19 00:00:00-04:00,8.039999961853027,8.279999732971191,7.739999771118164,7.860000133514404,52517,0.0,0.0
2022-05-20 00:00:00-04:00,7.920000076293945,7.980000019073486,7.440000057220459,7.800000190734863,30017,0.0,0.0
2022-05-23 00:00:00-04:00,7.800000190734863,7.860000133514404,7.619999885559082,7.800000190734863,17550,0.0,0.0
2022-05-24 00:00:00-04:00,7.860000133514404,7.860000133514404,7.079999923706055,7.199999809265137,41967,0.0,0.0
2022-05-25 00:00:00-04:00,7.139999866485596,7.5,7.079999923706055,7.380000114440918,59750,0.0,0.0
2022-05-26 00:00:00-04:00,7.079999923706055,7.619999885559082,7.079999923706055,7.5,24500,0.0,0.0
2022-05-27 00:00:00-04:00,7.619999885559082,7.980000019073486,7.559999942779541,7.920000076293945,30917,0.0,0.0
2022-05-31 00:00:00-04:00,8.039999961853027,8.15999984741211,7.679999828338623,7.739999771118164,44567,0.0,0.0
2022-06-01 00:00:00-04:00,8.15999984741211,8.220000267028809,7.079999923706055,7.199999809265137,85733,0.0,0.0
2022-06-02 00:00:00-04:00,7.260000228881836,7.619999885559082,7.199999809265137,7.5,63933,0.0,0.0
2022-06-03 00:00:00-04:00,7.260000228881836,7.619999885559082,7.260000228881836,7.5,76000,0.0,0.0
2022-06-06 00:00:00-04:00,7.679999828338623,7.679999828338623,7.320000171661377,7.5,50717,0.0,0.0
2022-06-07 00:00:00-04:00,7.440000057220459,8.760000228881836,7.380000114440918,8.579999923706055,69217,0.0,0.0
2022-06-08 00:00:00-04:00,8.399999618530273,9.239999771118164,8.399999618530273,9.119999885559082,26817,0.0,0.0
2022-06-09 00:00:00-04:00,9.0600004196167,9.65999984741211,8.760000228881836,9.119999885559082,41917,0.0,0.0
2022-06-10 00:00:00-04:00,8.760000228881836,8.9399995803833,8.039999961853027,8.039999961853027,19267,0.0,0.0
2022-06-13 00:00:00-04:00,7.860000133514404,7.980000019073486,7.199999809265137,7.320000171661377,68483,0.0,0.0
2022-06-14 00:00:00-04:00,7.320000171661377,7.860000133514404,7.199999809265137,7.679999828338623,30217,0.0,0.0
2022-06-15 00:00:00-04:00,7.679999828338623,7.800000190734863,7.440000057220459,7.5,40833,0.0,0.0
2022-06-16 00:00:00-04:00,7.440000057220459,7.5,6.71999979019165,7.139999866485596,59967,0.0,0.0
2022-06-17 00:00:00-04:00,7.139999866485596,7.380000114440918,6.960000038146973,6.960000038146973,49317,0.0,0.0
2022-06-21 00:00:00-04:00,7.260000228881836,7.320000171661377,6.900000095367432,6.960000038146973,63750,0.0,0.0
2022-06-22 00:00:00-04:00,6.78000020980835,7.079999923706055,6.78000020980835,6.960000038146973,49200,0.0,0.0
2022-06-23 00:00:00-04:00,6.960000038146973,7.320000171661377,6.960000038146973,7.260000228881836,56983,0.0,0.0
2022-06-24 00:00:00-04:00,7.320000171661377,7.440000057220459,6.71999979019165,6.78000020980835,822967,0.0,0.0
2022-06-27 00:00:00-04:00,6.900000095367432,6.960000038146973,6.480000019073486,6.78000020980835,63433,0.0,0.0
2022-06-28 00:00:00-04:00,6.78000020980835,6.900000095367432,6.480000019073486,6.480000019073486,39067,0.0,0.0
2022-06-29 00:00:00-04:00,6.360000133514404,6.840000152587891,6.300000190734863,6.71999979019165,56233,0.0,0.0
2022-06-30 00:00:00-04:00,6.659999847412109,7.139999866485596,6.480000019073486,7.139999866485596,75517,0.0,0.0
2022-07-01 00:00:00-04:00,7.079999923706055,7.260000228881836,6.840000152587891,6.900000095367432,13100,0.0,0.0
2022-07-05 00:00:00-04:00,6.840000152587891,6.960000038146973,6.599999904632568,6.900000095367432,16783,0.0,0.0
2022-07-06 00:00:00-04:00,6.840000152587891,7.260000228881836,6.78000020980835,7.199999809265137,26317,0.0,0.0
2022-07-07 00:00:00-04:00,7.380000114440918,7.5,7.079999923706055,7.380000114440918,26750,0.0,0.0
2022-07-08 00:00:00-04:00,7.199999809265137,7.320000171661377,6.900000095367432,7.139999866485596,47517,0.0,0.0
2022-07-11 00:00:00-04:00,7.079999923706055,7.260000228881836,6.960000038146973,7.260000228881836,17417,0.0,0.0
2022-07-12 00:00:00-04:00,7.199999809265137,7.380000114440918,7.079999923706055,7.139999866485596,16250,0.0,0.0
2022-07-13 00:00:00-04:00,7.019999980926514,7.619999885559082,6.960000038146973,7.440000057220459,26350,0.0,0.0
2022-07-14 00:00:00-04:00,7.019999980926514,8.039999961853027,6.960000038146973,7.920000076293945,61783,0.0,0.0
2022-07-15 00:00:00-04:00,7.739999771118164,7.800000190734863,7.5,7.559999942779541,8967,0.0,0.0
2022-07-18 00:00:00-04:00,7.440000057220459,7.739999771118164,7.440000057220459,7.619999885559082,42867,0.0,0.0
2022-07-19 00:00:00-04:00,7.860000133514404,8.15999984741211,7.679999828338623,7.980000019073486,13983,0.0,0.0
2022-07-20 00:00:00-04:00,8.039999961853027,8.460000038146973,7.860000133514404,8.15999984741211,16867,0.0,0.0
2022-07-21 00:00:00-04:00,8.279999732971191,8.279999732971191,7.860000133514404,8.15999984741211,6367,0.0,0.0
2022-07-22 00:00:00-04:00,8.220000267028809,8.279999732971191,7.739999771118164,7.860000133514404,12617,0.0,0.0
2022-07-25 00:00:00-04:00,8.039999961853027,8.039999961853027,7.679999828338623,7.800000190734863,6867,0.0,0.0
2022-07-26 00:00:00-04:00,7.800000190734863,7.800000190734863,7.320000171661377,7.380000114440918,14550,0.0,0.0
2022-07-27 00:00:00-04:00,7.380000114440918,7.5,6.78000020980835,7.019999980926514,33450,0.0,0.0
2022-07-28 00:00:00-04:00,7.019999980926514,7.019999980926514,6.78000020980835,6.78000020980835,37050,0.0,0.0
2022-07-29 00:00:00-04:00,6.78000020980835,7.079999923706055,6.659999847412109,6.71999979019165,27833,0.0,0.0
2022-08-01 00:00:00-04:00,6.71999979019165,6.960000038146973,6.659999847412109,6.78000020980835,18217,0.0,0.0
2022-08-02 00:00:00-04:00,6.78000020980835,7.019999980926514,6.78000020980835,7.019999980926514,17467,0.0,0.0
2022-08-03 00:00:00-04:00,7.019999980926514,7.320000171661377,7.019999980926514,7.320000171661377,27467,0.0,0.0
2022-08-04 00:00:00-04:00,7.260000228881836,7.5,7.139999866485596,7.320000171661377,24950,0.0,0.0
2022-08-05 00:00:00-04:00,7.139999866485596,7.440000057220459,7.139999866485596,7.199999809265137,29967,0.0,0.0
2022-08-08 00:00:00-04:00,7.380000114440918,8.9399995803833,7.380000114440918,8.819999694824219,52300,0.0,0.0
2022-08-09 00:00:00-04:00,8.819999694824219,8.9399995803833,7.559999942779541,8.100000381469727,46950,0.0,0.0
2022-08-10 00:00:00-04:00,8.399999618530273,9.0,8.399999618530273,8.880000114440918,64833,0.0,0.0
2022-08-11 00:00:00-04:00,9.180000305175781,10.800000190734863,9.180000305175781,10.260000228881836,66517,0.0,0.0
2022-08-12 00:00:00-04:00,10.079999923706055,10.5,9.899999618530273,10.199999809265137,69850,0.0,0.0
2022-08-15 00:00:00-04:00,10.140000343322754,10.260000228881836,9.600000381469727,9.899999618530273,46850,0.0,0.0
2022-08-16 00:00:00-04:00,10.020000457763672,10.260000228881836,9.180000305175781,10.079999923706055,64667,0.0,0.0
2022-08-17 00:00:00-04:00,10.020000457763672,10.5600004196167,9.779999732971191,10.260000228881836,28417,0.0,0.0
2022-08-18 00:00:00-04:00,10.319999694824219,10.5600004196167,10.079999923706055,10.5,21333,0.0,0.0
2022-08-19 00:00:00-04:00,10.260000228881836,10.739999771118164,9.899999618530273,10.199999809265137,26600,0.0,0.0
2022-08-22 00:00:00-04:00,10.079999923706055,10.140000343322754,9.899999618530273,9.960000038146973,14500,0.0,0.0
2022-08-23 00:00:00-04:00,9.960000038146973,9.960000038146973,9.779999732971191,9.899999618530273,8367,0.0,0.0
2022-08-24 00:00:00-04:00,9.84000015258789,9.899999618530273,9.720000267028809,9.84000015258789,10967,0.0,0.0
2022-08-25 00:00:00-04:00,9.84000015258789,10.079999923706055,9.600000381469727,9.960000038146973,16317,0.0,0.0
2022-08-26 00:00:00-04:00,10.020000457763672,10.020000457763672,9.600000381469727,9.720000267028809,9833,0.0,0.0
2022-08-29 00:00:00-04:00,9.720000267028809,9.899999618530273,9.539999961853027,9.65999984741211,17483,0.0,0.0
2022-08-30 00:00:00-04:00,9.720000267028809,9.84000015258789,9.479999542236328,9.779999732971191,12967,0.0,0.0
2022-08-31 00:00:00-04:00,9.720000267028809,9.720000267028809,9.539999961853027,9.600000381469727,6733,0.0,0.0
2022-09-01 00:00:00-04:00,9.539999961853027,9.600000381469727,9.300000190734863,9.539999961853027,32300,0.0,0.0
2022-09-02 00:00:00-04:00,9.600000381469727,9.779999732971191,9.300000190734863,9.600000381469727,18083,0.0,0.0
2022-09-06 00:00:00-04:00,9.600000381469727,9.720000267028809,9.119999885559082,9.420000076293945,22300,0.0,0.0
2022-09-07 00:00:00-04:00,9.300000190734863,9.359999656677246,9.0,9.119999885559082,16667,0.0,0.0
2022-09-08 00:00:00-04:00,9.0,9.180000305175781,8.640000343322754,8.760000228881836,30533,0.0,0.0
2022-09-09 00:00:00-04:00,8.699999809265137,9.420000076293945,8.699999809265137,9.239999771118164,12800,0.0,0.0
2022-09-12 00:00:00-04:00,9.239999771118164,9.479999542236328,8.9399995803833,9.479999542236328,10483,0.0,0.0
2022-09-13 00:00:00-04:00,9.300000190734863,9.300000190734863,9.0,9.119999885559082,7500,0.0,0.0
2022-09-14 00:00:00-04:00,9.239999771118164,9.239999771118164,8.579999923706055,8.880000114440918,28667,0.0,0.0
2022-09-15 00:00:00-04:00,8.819999694824219,9.0600004196167,8.819999694824219,8.880000114440918,8850,0.0,0.0
2022-09-16 00:00:00-04:00,8.760000228881836,9.0600004196167,8.34000015258789,8.699999809265137,51917,0.0,0.0
2022-09-19 00:00:00-04:00,8.640000343322754,8.760000228881836,8.520000457763672,8.760000228881836,4983,0.0,0.0
2022-09-20 00:00:00-04:00,8.699999809265137,8.699999809265137,8.34000015258789,8.579999923706055,10033,0.0,0.0
2022-09-21 00:00:00-04:00,8.579999923706055,8.699999809265137,8.399999618530273,8.579999923706055,7433,0.0,0.0
2022-09-22 00:00:00-04:00,8.520000457763672,8.520000457763672,8.399999618530273,8.399999618530273,7817,0.0,0.0
2022-09-23 00:00:00-04:00,8.399999618530273,8.399999618530273,7.679999828338623,7.800000190734863,22000,0.0,0.0
2022-09-26 00:00:00-04:00,7.739999771118164,8.100000381469727,7.559999942779541,7.679999828338623,7900,0.0,0.0
2022-09-27 00:00:00-04:00,7.619999885559082,7.920000076293945,7.619999885559082,7.860000133514404,7933,0.0,0.0
2022-09-28 00:00:00-04:00,7.980000019073486,8.100000381469727,7.980000019073486,8.100000381469727,3700,0.0,0.0
2022-09-29 00:00:00-04:00,8.039999961853027,8.100000381469727,7.619999885559082,7.800000190734863,8833,0.0,0.0
2022-09-30 00:00:00-04:00,7.679999828338623,8.15999984741211,7.619999885559082,8.100000381469727,19233,0.0,0.0
2022-10-03 00:00:00-04:00,8.34000015258789,8.460000038146973,7.860000133514404,8.460000038146973,9450,0.0,0.0
2022-10-04 00:00:00-04:00,8.460000038146973,9.0,8.460000038146973,9.0,12783,0.0,0.0
2022-10-05 00:00:00-04:00,9.0,9.0600004196167,8.819999694824219,8.9399995803833,5433,0.0,0.0
2022-10-06 00:00:00-04:00,8.880000114440918,9.0600004196167,7.800000190734863,8.460000038146973,14967,0.0,0.0
2022-10-07 00:00:00-04:00,8.399999618530273,8.699999809265137,7.920000076293945,8.15999984741211,7917,0.0,0.0
2022-10-10 00:00:00-04:00,8.220000267028809,8.34000015258789,7.860000133514404,7.980000019073486,6417,0.0,0.0
2022-10-11 00:00:00-04:00,8.220000267028809,8.34000015258789,7.980000019073486,8.039999961853027,7117,0.0,0.0
2022-10-12 00:00:00-04:00,8.220000267028809,8.220000267028809,7.860000133514404,7.980000019073486,8867,0.0,0.0
2022-10-13 00:00:00-04:00,7.860000133514404,8.100000381469727,7.800000190734863,7.920000076293945,5483,0.0,0.0
2022-10-14 00:00:00-04:00,7.860000133514404,7.920000076293945,7.440000057220459,7.619999885559082,11467,0.0,0.0
2022-10-17 00:00:00-04:00,7.739999771118164,7.860000133514404,7.679999828338623,7.679999828338623,5733,0.0,0.0
2022-10-18 00:00:00-04:00,7.679999828338623,7.920000076293945,7.619999885559082,7.619999885559082,6250,0.0,0.0
2022-10-19 00:00:00-04:00,7.800000190734863,7.800000190734863,7.199999809265137,7.320000171661377,12050,0.0,0.0
2022-10-20 00:00:00-04:00,7.320000171661377,7.5,7.199999809265137,7.260000228881836,5617,0.0,0.0
2022-10-21 00:00:00-04:00,7.139999866485596,7.380000114440918,7.079999923706055,7.260000228881836,6700,0.0,0.0
2022-10-24 00:00:00-04:00,7.199999809265137,7.260000228881836,7.079999923706055,7.139999866485596,8617,0.0,0.0
2022-10-25 00:00:00-04:00,7.199999809265137,7.440000057220459,7.199999809265137,7.380000114440918,9500,0.0,0.0
2022-10-26 00:00:00-04:00,7.5,8.039999961853027,7.440000057220459,7.860000133514404,8917,0.0,0.0
2022-10-27 00:00:00-04:00,7.980000019073486,8.100000381469727,7.079999923706055,7.320000171661377,7983,0.0,0.0
2022-10-28 00:00:00-04:00,7.380000114440918,7.559999942779541,7.380000114440918,7.559999942779541,7217,0.0,0.0
2022-10-31 00:00:00-04:00,7.440000057220459,7.739999771118164,7.440000057220459,7.679999828338623,5733,0.0,0.0
2022-11-01 00:00:00-04:00,7.679999828338623,7.800000190734863,7.559999942779541,7.679999828338623,7733,0.0,0.0
2022-11-02 00:00:00-04:00,7.800000190734863,7.800000190734863,7.260000228881836,7.380000114440918,11867,0.0,0.0
2022-11-03 00:00:00-04:00,7.199999809265137,7.440000057220459,7.139999866485596,7.320000171661377,7617,0.0,0.0
2022-11-04 00:00:00-04:00,7.440000057220459,7.5,7.260000228881836,7.380000114440918,6750,0.0,0.0
2022-11-07 00:00:00-05:00,7.320000171661377,7.800000190734863,7.320000171661377,7.619999885559082,12117,0.0,0.0
2022-11-08 00:00:00-05:00,7.920000076293945,8.100000381469727,7.320000171661377,7.440000057220459,14433,0.0,0.0
2022-11-09 00:00:00-05:00,7.380000114440918,7.380000114440918,6.840000152587891,7.079999923706055,19317,0.0,0.0
2022-11-10 00:00:00-05:00,7.5,7.5,6.840000152587891,7.079999923706055,29383,0.0,0.0
2022-11-11 00:00:00-05:00,6.960000038146973,7.380000114440918,6.960000038146973,7.019999980926514,12650,0.0,0.0
2022-11-14 00:00:00-05:00,7.199999809265137,8.039999961853027,7.079999923706055,7.800000190734863,29983,0.0,0.0
2022-11-15 00:00:00-05:00,7.980000019073486,8.279999732971191,7.860000133514404,8.15999984741211,23017,0.0,0.0
2022-11-16 00:00:00-05:00,8.15999984741211,8.220000267028809,7.739999771118164,7.980000019073486,7833,0.0,0.0
2022-11-17 00:00:00-05:00,7.920000076293945,8.039999961853027,7.679999828338623,7.860000133514404,8550,0.0,0.0
2022-11-18 00:00:00-05:00,7.860000133514404,7.980000019073486,7.679999828338623,7.860000133514404,4000,0.0,0.0
2022-11-21 00:00:00-05:00,7.980000019073486,8.100000381469727,7.739999771118164,8.100000381469727,8150,0.0,0.0
2022-11-22 00:00:00-05:00,8.100000381469727,8.34000015258789,8.039999961853027,8.34000015258789,6100,0.0,0.0
2022-11-23 00:00:00-05:00,8.34000015258789,8.640000343322754,8.15999984741211,8.399999618530273,8600,0.0,0.0
2022-11-25 00:00:00-05:00,8.279999732971191,8.34000015258789,7.860000133514404,8.279999732971191,6183,0.0,0.0
2022-11-28 00:00:00-05:00,8.279999732971191,8.34000015258789,7.559999942779541,7.800000190734863,12883,0.0,0.0
2022-11-29 00:00:00-05:00,7.800000190734863,8.100000381469727,7.5,7.679999828338623,6383,0.0,0.0
2022-11-30 00:00:00-05:00,7.619999885559082,7.739999771118164,7.440000057220459,7.739999771118164,17150,0.0,0.0
2022-12-01 00:00:00-05:00,7.679999828338623,7.679999828338623,7.5,7.5,10100,0.0,0.0
2022-12-02 00:00:00-05:00,7.5,7.619999885559082,7.320000171661377,7.320000171661377,11850,0.0,0.0
2022-12-05 00:00:00-05:00,7.260000228881836,7.320000171661377,7.019999980926514,7.079999923706055,9233,0.0,0.0
2022-12-06 00:00:00-05:00,7.019999980926514,7.079999923706055,6.71999979019165,6.71999979019165,14533,0.0,0.0
2022-12-07 00:00:00-05:00,6.659999847412109,6.71999979019165,6.480000019073486,6.480000019073486,23467,0.0,0.0
2022-12-08 00:00:00-05:00,6.480000019073486,6.900000095367432,6.480000019073486,6.71999979019165,17617,0.0,0.0
2022-12-09 00:00:00-05:00,6.71999979019165,6.71999979019165,6.420000076293945,6.599999904632568,7900,0.0,0.0
2022-12-12 00:00:00-05:00,6.539999961853027,6.659999847412109,6.420000076293945,6.599999904632568,14217,0.0,0.0
2022-12-13 00:00:00-05:00,6.659999847412109,6.78000020980835,6.239999771118164,6.239999771118164,34033,0.0,0.0
2022-12-14 00:00:00-05:00,6.360000133514404,6.420000076293945,6.239999771118164,6.300000190734863,20317,0.0,0.0
2022-12-15 00:00:00-05:00,6.300000190734863,6.420000076293945,5.820000171661377,6.0,39917,0.0,0.0
2022-12-16 00:00:00-05:00,6.0,6.179999828338623,6.0,6.059999942779541,12083,0.0,0.0
2022-12-19 00:00:00-05:00,6.059999942779541,6.059999942779541,5.940000057220459,6.059999942779541,11700,0.0,0.0
2022-12-20 00:00:00-05:00,5.940000057220459,5.940000057220459,5.760000228881836,5.820000171661377,16733,0.0,0.0
2022-12-21 00:00:00-05:00,5.820000171661377,6.0,5.820000171661377,5.880000114440918,9850,0.0,0.0
2022-12-22 00:00:00-05:00,5.820000171661377,5.940000057220459,5.760000228881836,5.880000114440918,16550,0.0,0.0
2022-12-23 00:00:00-05:00,5.880000114440918,6.480000019073486,5.820000171661377,6.480000019073486,32650,0.0,0.0
2022-12-27 00:00:00-05:00,6.599999904632568,6.599999904632568,6.179999828338623,6.420000076293945,34717,0.0,0.0
2022-12-28 00:00:00-05:00,6.360000133514404,6.599999904632568,6.360000133514404,6.599999904632568,14450,0.0,0.0
2022-12-29 00:00:00-05:00,6.480000019073486,6.599999904632568,6.300000190734863,6.599999904632568,20150,0.0,0.0
2022-12-30 00:00:00-05:00,6.539999961853027,6.599999904632568,6.239999771118164,6.539999961853027,20917,0.0,0.0
2023-01-03 00:00:00-05:00,6.599999904632568,7.320000171661377,6.539999961853027,6.960000038146973,44317,0.0,0.0
2023-01-04 00:00:00-05:00,7.079999923706055,7.320000171661377,7.079999923706055,7.320000171661377,10617,0.0,0.0
2023-01-05 00:00:00-05:00,7.199999809265137,7.679999828338623,7.199999809265137,7.679999828338623,9367,0.0,0.0
2023-01-06 00:00:00-05:00,7.679999828338623,7.800000190734863,7.139999866485596,7.139999866485596,18033,0.0,0.0
2023-01-09 00:00:00-05:00,7.320000171661377,7.440000057220459,7.199999809265137,7.380000114440918,14883,0.0,0.0
2023-01-10 00:00:00-05:00,7.380000114440918,7.739999771118164,7.199999809265137,7.739999771118164,27433,0.0,0.0
2023-01-11 00:00:00-05:00,7.739999771118164,8.460000038146973,7.260000228881836,8.039999961853027,30667,0.0,0.0
2023-01-12 00:00:00-05:00,7.920000076293945,8.279999732971191,7.860000133514404,8.039999961853027,20217,0.0,0.0
2023-01-13 00:00:00-05:00,8.15999984741211,8.460000038146973,8.15999984741211,8.34000015258789,17333,0.0,0.0
2023-01-17 00:00:00-05:00,8.579999923706055,10.199999809265137,8.460000038146973,9.420000076293945,43517,0.0,0.0
2023-01-18 00:00:00-05:00,9.359999656677246,9.359999656677246,8.279999732971191,8.520000457763672,27017,0.0,0.0
2023-01-19 00:00:00-05:00,8.460000038146973,8.699999809265137,7.800000190734863,8.100000381469727,8467,0.0,0.0
2023-01-20 00:00:00-05:00,8.100000381469727,8.34000015258789,8.100000381469727,8.220000267028809,17167,0.0,0.0
2023-01-23 00:00:00-05:00,8.15999984741211,8.9399995803833,8.15999984741211,8.880000114440918,22067,0.0,0.0
2023-01-24 00:00:00-05:00,8.9399995803833,9.0,8.520000457763672,8.520000457763672,5750,0.0,0.0
2023-01-25 00:00:00-05:00,8.699999809265137,8.760000228881836,8.460000038146973,8.579999923706055,9600,0.0,0.0
2023-01-26 00:00:00-05:00,8.460000038146973,8.880000114440918,8.399999618530273,8.520000457763672,6817,0.0,0.0
2023-01-27 00:00:00-05:00,8.520000457763672,8.640000343322754,8.220000267028809,8.34000015258789,5017,0.0,0.0
2023-01-30 00:00:00-05:00,8.100000381469727,8.100000381469727,7.679999828338623,7.800000190734863,19717,0.0,0.0
2023-01-31 00:00:00-05:00,7.860000133514404,8.15999984741211,7.860000133514404,8.100000381469727,8467,0.0,0.0
2023-02-01 00:00:00-05:00,8.100000381469727,8.279999732971191,7.920000076293945,8.039999961853027,12300,0.0,0.0
2023-02-02 00:00:00-05:00,8.100000381469727,9.119999885559082,8.100000381469727,8.880000114440918,28967,0.0,0.0
2023-02-03 00:00:00-05:00,9.0,9.300000190734863,8.819999694824219,8.819999694824219,11900,0.0,0.0
2023-02-06 00:00:00-05:00,8.880000114440918,10.4399995803833,8.819999694824219,9.65999984741211,67283,0.0,0.0
2023-02-07 00:00:00-05:00,9.600000381469727,10.079999923706055,9.180000305175781,9.720000267028809,26150,0.0,0.0
2023-02-08 00:00:00-05:00,9.65999984741211,10.260000228881836,9.239999771118164,9.539999961853027,10683,0.0,0.0
2023-02-09 00:00:00-05:00,9.420000076293945,9.539999961853027,9.239999771118164,9.420000076293945,11117,0.0,0.0
2023-02-10 00:00:00-05:00,9.359999656677246,9.65999984741211,9.239999771118164,9.359999656677246,67667,0.0,0.0
2023-02-13 00:00:00-05:00,9.479999542236328,10.4399995803833,9.0600004196167,9.479999542236328,29700,0.0,0.0
2023-02-14 00:00:00-05:00,9.359999656677246,9.960000038146973,9.359999656677246,9.899999618530273,12500,0.0,0.0
2023-02-15 00:00:00-05:00,10.020000457763672,10.859999656677246,9.84000015258789,10.260000228881836,38350,0.0,0.0
2023-02-16 00:00:00-05:00,10.380000114440918,10.5600004196167,9.779999732971191,9.960000038146973,20583,0.0,0.0
2023-02-17 00:00:00-05:00,9.84000015258789,10.140000343322754,9.65999984741211,9.899999618530273,4050,0.0,0.0
2023-02-21 00:00:00-05:00,9.960000038146973,10.140000343322754,8.579999923706055,9.119999885559082,41417,0.0,0.0
2023-02-22 00:00:00-05:00,8.819999694824219,9.180000305175781,8.520000457763672,8.760000228881836,18583,0.0,0.0
2023-02-23 00:00:00-05:00,8.699999809265137,9.119999885559082,8.699999809265137,8.9399995803833,10050,0.0,0.0
2023-02-24 00:00:00-05:00,9.0,9.0,8.579999923706055,8.579999923706055,4650,0.0,0.0
2023-02-27 00:00:00-05:00,8.520000457763672,9.0,8.520000457763672,8.640000343322754,19800,0.0,0.0
2023-02-28 00:00:00-05:00,8.760000228881836,8.880000114440918,8.460000038146973,8.640000343322754,52233,0.0,0.0
2023-03-01 00:00:00-05:00,8.699999809265137,8.880000114440918,8.579999923706055,8.579999923706055,3133,0.0,0.0
2023-03-02 00:00:00-05:00,8.460000038146973,8.640000343322754,8.279999732971191,8.399999618530273,5317,0.0,0.0
2023-03-03 00:00:00-05:00,8.34000015258789,8.640000343322754,8.34000015258789,8.579999923706055,6650,0.0,0.0
2023-03-06 00:00:00-05:00,8.640000343322754,8.9399995803833,8.399999618530273,8.880000114440918,15067,0.0,0.0
2023-03-07 00:00:00-05:00,8.819999694824219,8.880000114440918,8.640000343322754,8.640000343322754,82400,0.0,0.0
2023-03-08 00:00:00-05:00,8.520000457763672,9.180000305175781,8.520000457763672,9.0600004196167,7750,0.0,0.0
2023-03-09 00:00:00-05:00,9.239999771118164,9.420000076293945,9.0600004196167,9.119999885559082,21200,0.0,0.0
2023-03-10 00:00:00-05:00,9.180000305175781,9.300000190734863,8.15999984741211,8.15999984741211,9467,0.0,0.0
2023-03-13 00:00:00-04:00,7.860000133514404,7.920000076293945,7.5,7.5,15183,0.0,0.0
2023-03-14 00:00:00-04:00,7.619999885559082,7.739999771118164,7.139999866485596,7.199999809265137,25867,0.0,0.0
2023-03-15 00:00:00-04:00,7.380000114440918,7.380000114440918,6.840000152587891,6.840000152587891,54483,0.0,0.0
2023-03-16 00:00:00-04:00,5.28000020980835,5.460000038146973,3.8399999141693115,4.619999885559082,269467,0.0,0.0
2023-03-17 00:00:00-04:00,4.559999942779541,4.619999885559082,4.139999866485596,4.199999809265137,119383,0.0,0.0
2023-03-20 00:00:00-04:00,4.559999942779541,4.559999942779541,3.9600000381469727,4.079999923706055,106600,0.0,0.0
2023-03-21 00:00:00-04:00,4.199999809265137,4.320000171661377,4.019999980926514,4.260000228881836,35233,0.0,0.0
2023-03-22 00:00:00-04:00,4.260000228881836,5.159999847412109,4.199999809265137,4.980000019073486,81283,0.0,0.0
2023-03-23 00:00:00-04:00,5.039999961853027,5.340000152587891,4.920000076293945,4.920000076293945,53083,0.0,0.0
2023-03-24 00:00:00-04:00,4.980000019073486,5.099999904632568,4.619999885559082,4.739999771118164,23717,0.0,0.0
2023-03-27 00:00:00-04:00,5.28000020980835,5.340000152587891,4.5,4.559999942779541,64733,0.0,0.0
2023-03-28 00:00:00-04:00,4.679999828338623,4.860000133514404,4.559999942779541,4.800000190734863,25483,0.0,0.0
2023-03-29 00:00:00-04:00,5.099999904632568,5.099999904632568,4.679999828338623,4.800000190734863,36900,0.0,0.0
2023-03-30 00:00:00-04:00,4.800000190734863,5.039999961853027,4.800000190734863,4.800000190734863,28900,0.0,0.0
2023-03-31 00:00:00-04:00,5.039999961853027,5.039999961853027,4.860000133514404,4.920000076293945,25933,0.0,0.0
2023-04-03 00:00:00-04:00,4.920000076293945,5.21999979019165,4.920000076293945,5.099999904632568,50167,0.0,0.0
2023-04-04 00:00:00-04:00,5.099999904632568,5.28000020980835,5.039999961853027,5.099999904632568,19483,0.0,0.0
2023-04-05 00:00:00-04:00,5.21999979019165,5.21999979019165,4.619999885559082,4.800000190734863,36500,0.0,0.0
2023-04-06 00:00:00-04:00,4.800000190734863,4.800000190734863,4.5,4.5,33433,0.0,0.0
2023-04-10 00:00:00-04:00,4.5,4.5,4.199999809265137,4.320000171661377,32600,0.0,0.0
2023-04-11 00:00:00-04:00,4.320000171661377,4.5,4.260000228881836,4.440000057220459,19583,0.0,0.0
2023-04-12 00:00:00-04:00,4.559999942779541,5.099999904632568,4.559999942779541,4.860000133514404,50883,0.0,0.0
2023-04-13 00:00:00-04:00,4.980000019073486,4.980000019073486,4.619999885559082,4.800000190734863,35133,0.0,0.0
2023-04-14 00:00:00-04:00,4.980000019073486,5.21999979019165,4.679999828338623,4.860000133514404,62850,0.0,0.0
2023-04-17 00:00:00-04:00,4.860000133514404,4.860000133514404,4.619999885559082,4.860000133514404,14400,0.0,0.0
2023-04-18 00:00:00-04:00,4.679999828338623,4.860000133514404,4.440000057220459,4.619999885559082,26983,0.0,0.0
2023-04-19 00:00:00-04:00,4.619999885559082,4.739999771118164,4.5,4.559999942779541,14450,0.0,0.0
2023-04-20 00:00:00-04:00,4.440000057220459,4.619999885559082,4.440000057220459,4.559999942779541,13800,0.0,0.0
2023-04-21 00:00:00-04:00,4.559999942779541,4.679999828338623,4.440000057220459,4.5,17783,0.0,0.0
2023-04-24 00:00:00-04:00,4.440000057220459,4.619999885559082,4.320000171661377,4.619999885559082,46200,0.0,0.0
2023-04-25 00:00:00-04:00,4.559999942779541,4.559999942779541,4.380000114440918,4.440000057220459,11200,0.0,0.0
2023-04-26 00:00:00-04:00,4.440000057220459,4.440000057220459,4.380000114440918,4.440000057220459,16300,0.0,0.0
2023-04-27 00:00:00-04:00,4.440000057220459,4.619999885559082,4.380000114440918,4.559999942779541,15467,0.0,0.0
2023-04-28 00:00:00-04:00,4.440000057220459,4.5,4.320000171661377,4.440000057220459,32983,0.0,0.0
2023-05-01 00:00:00-04:00,4.380000114440918,4.559999942779541,4.320000171661377,4.5,10550,0.0,0.0
2023-05-02 00:00:00-04:00,4.5,4.5,4.380000114440918,4.5,12417,0.0,0.0
2023-05-03 00:00:00-04:00,4.440000057220459,4.5,4.320000171661377,4.320000171661377,14633,0.0,0.0
2023-05-04 00:00:00-04:00,4.320000171661377,4.440000057220459,4.260000228881836,4.260000228881836,14400,0.0,0.0
2023-05-05 00:00:00-04:00,4.199999809265137,4.440000057220459,4.199999809265137,4.320000171661377,12967,0.0,0.0
2023-05-08 00:00:00-04:00,4.320000171661377,4.559999942779541,4.320000171661377,4.440000057220459,12150,0.0,0.0
2023-05-09 00:00:00-04:00,4.320000171661377,4.5,4.320000171661377,4.5,10283,0.0,0.0
2023-05-10 00:00:00-04:00,4.380000114440918,4.5,4.320000171661377,4.5,19933,0.0,0.0
2023-05-11 00:00:00-04:00,4.559999942779541,4.559999942779541,4.440000057220459,4.5,5583,0.0,0.0
2023-05-12 00:00:00-04:00,4.440000057220459,4.619999885559082,4.440000057220459,4.619999885559082,11783,0.0,0.0
2023-05-15 00:00:00-04:00,4.559999942779541,4.619999885559082,4.380000114440918,4.5,19317,0.0,0.0
2023-05-16 00:00:00-04:00,3.9600000381469727,4.320000171661377,3.359999895095825,3.5999999046325684,135333,0.0,0.0
2023-05-17 00:00:00-04:00,3.5399999618530273,3.7799999713897705,3.5399999618530273,3.7200000286102295,17433,0.0,0.0
2023-05-18 00:00:00-04:00,3.7799999713897705,4.019999980926514,3.7200000286102295,3.9000000953674316,29333,0.0,0.0
2023-05-19 00:00:00-04:00,3.7799999713897705,4.260000228881836,3.7799999713897705,4.199999809265137,29383,0.0,0.0
2023-05-22 00:00:00-04:00,4.199999809265137,4.199999809265137,3.6600000858306885,3.8399999141693115,24117,0.0,0.0
2023-05-23 00:00:00-04:00,3.7200000286102295,3.9600000381469727,3.7200000286102295,3.8399999141693115,24700,0.0,0.0
2023-05-24 00:00:00-04:00,3.9000000953674316,3.9000000953674316,3.7799999713897705,3.8399999141693115,9567,0.0,0.0
2023-05-25 00:00:00-04:00,3.8399999141693115,4.019999980926514,3.7200000286102295,3.8399999141693115,11767,0.0,0.0
2023-05-26 00:00:00-04:00,3.8399999141693115,3.9600000381469727,3.8399999141693115,3.9000000953674316,5600,0.0,0.0
2023-05-30 00:00:00-04:00,3.9600000381469727,4.019999980926514,3.7200000286102295,3.9000000953674316,51567,0.0,0.0
2023-05-31 00:00:00-04:00,3.7799999713897705,3.7799999713897705,3.6600000858306885,3.7200000286102295,26583,0.0,0.0
2023-06-01 00:00:00-04:00,3.9000000953674316,3.9000000953674316,3.6600000858306885,3.8399999141693115,19300,0.0,0.0
2023-06-02 00:00:00-04:00,3.6600000858306885,3.9600000381469727,3.6600000858306885,3.9000000953674316,27717,0.0,0.0
2023-06-05 00:00:00-04:00,3.7200000286102295,3.9600000381469727,3.6600000858306885,3.8399999141693115,21083,0.0,0.0
2023-06-06 00:00:00-04:00,3.8399999141693115,4.619999885559082,3.7799999713897705,3.9600000381469727,51283,0.0,0.0
2023-06-07 00:00:00-04:00,3.8399999141693115,4.079999923706055,3.8399999141693115,3.9000000953674316,14483,0.0,0.0
2023-06-08 00:00:00-04:00,3.9000000953674316,3.9600000381469727,3.7799999713897705,3.9000000953674316,13517,0.0,0.0
2023-06-09 00:00:00-04:00,3.7799999713897705,3.9000000953674316,3.7799999713897705,3.7799999713897705,3950,0.0,0.0
2023-06-12 00:00:00-04:00,3.7799999713897705,4.199999809265137,3.7799999713897705,4.019999980926514,50217,0.0,0.0
2023-06-13 00:00:00-04:00,4.019999980926514,4.260000228881836,4.019999980926514,4.019999980926514,12367,0.0,0.0
2023-06-14 00:00:00-04:00,4.019999980926514,4.199999809265137,4.019999980926514,4.079999923706055,16950,0.0,0.0
2023-06-15 00:00:00-04:00,4.199999809265137,4.260000228881836,4.019999980926514,4.139999866485596,14200,0.0,0.0
2023-06-16 00:00:00-04:00,4.199999809265137,4.260000228881836,4.079999923706055,4.079999923706055,47283,0.0,0.0
2023-06-20 00:00:00-04:00,3.9600000381469727,4.260000228881836,3.9600000381469727,4.019999980926514,9133,0.0,0.0
2023-06-21 00:00:00-04:00,4.079999923706055,4.199999809265137,3.7799999713897705,3.7799999713897705,15483,0.0,0.0
2023-06-22 00:00:00-04:00,3.8399999141693115,3.8399999141693115,3.7200000286102295,3.7799999713897705,10133,0.0,0.0
2023-06-23 00:00:00-04:00,3.7200000286102295,3.7799999713897705,3.5999999046325684,3.5999999046325684,16250,0.0,0.0
2023-06-26 00:00:00-04:00,3.5999999046325684,3.7200000286102295,3.5999999046325684,3.7200000286102295,11767,0.0,0.0
2023-06-27 00:00:00-04:00,3.6600000858306885,3.7799999713897705,3.6600000858306885,3.7799999713897705,17017,0.0,0.0
2023-06-28 00:00:00-04:00,3.6600000858306885,3.7799999713897705,3.6600000858306885,3.7200000286102295,9500,0.0,0.0
2023-06-29 00:00:00-04:00,3.6600000858306885,3.7200000286102295,3.5999999046325684,3.7200000286102295,7867,0.0,0.0
2023-06-30 00:00:00-04:00,3.6600000858306885,3.7799999713897705,3.5999999046325684,3.7799999713897705,26167,0.0,0.0
2023-07-03 00:00:00-04:00,3.7200000286102295,4.260000228881836,3.7200000286102295,3.9600000381469727,26717,0.0,0.0
2023-07-05 00:00:00-04:00,4.079999923706055,4.199999809265137,3.8399999141693115,3.8399999141693115,20133,0.0,0.0
2023-07-06 00:00:00-04:00,3.9000000953674316,3.9000000953674316,3.5999999046325684,3.8399999141693115,16800,0.0,0.0
2023-07-07 00:00:00-04:00,3.8399999141693115,3.9600000381469727,3.6600000858306885,3.9600000381469727,8200,0.0,0.0
2023-07-10 00:00:00-04:00,3.9000000953674316,4.199999809265137,3.8399999141693115,3.9600000381469727,10350,0.0,0.0
2023-07-11 00:00:00-04:00,3.9000000953674316,4.139999866485596,3.9000000953674316,4.079999923706055,12667,0.0,0.0
2023-07-12 00:00:00-04:00,4.139999866485596,4.139999866485596,4.019999980926514,4.079999923706055,3033,0.0,0.0
2023-07-13 00:00:00-04:00,4.019999980926514,4.199999809265137,4.019999980926514,4.139999866485596,41500,0.0,0.0
2023-07-14 00:00:00-04:00,4.199999809265137,4.260000228881836,4.079999923706055,4.139999866485596,13333,0.0,0.0
2023-07-17 00:00:00-04:00,4.079999923706055,4.320000171661377,4.079999923706055,4.079999923706055,16150,0.0,0.0
2023-07-18 00:00:00-04:00,4.019999980926514,4.320000171661377,3.9600000381469727,4.260000228881836,72000,0.0,0.0
2023-07-19 00:00:00-04:00,4.199999809265137,4.260000228881836,3.9000000953674316,4.139999866485596,21100,0.0,0.0
2023-07-20 00:00:00-04:00,4.079999923706055,4.320000171661377,4.019999980926514,4.079999923706055,6400,0.0,0.0
2023-07-21 00:00:00-04:00,3.9600000381469727,4.139999866485596,3.9600000381469727,4.019999980926514,15067,0.0,0.0
2023-07-24 00:00:00-04:00,4.139999866485596,4.139999866485596,3.9600000381469727,4.079999923706055,20150,0.0,0.0
2023-07-25 00:00:00-04:00,4.079999923706055,4.139999866485596,4.019999980926514,4.019999980926514,5067,0.0,0.0
2023-07-26 00:00:00-04:00,4.019999980926514,4.139999866485596,3.9600000381469727,4.079999923706055,6417,0.0,0.0
2023-07-27 00:00:00-04:00,3.9600000381469727,4.019999980926514,3.8399999141693115,3.9000000953674316,6517,0.0,0.0
2023-07-28 00:00:00-04:00,3.9000000953674316,4.019999980926514,3.7200000286102295,3.8399999141693115,23267,0.0,0.0
2023-07-31 00:00:00-04:00,3.7200000286102295,4.139999866485596,3.5999999046325684,3.9000000953674316,36700,0.0,0.0
2023-08-01 00:00:00-04:00,3.9600000381469727,4.019999980926514,3.6600000858306885,3.8399999141693115,16417,0.0,0.0
2023-08-02 00:00:00-04:00,3.7200000286102295,3.8399999141693115,3.6600000858306885,3.7200000286102295,7517,0.0,0.0
2023-08-03 00:00:00-04:00,3.7200000286102295,3.9000000953674316,3.6600000858306885,3.7200000286102295,9483,0.0,0.0
2023-08-04 00:00:00-04:00,3.7200000286102295,3.9600000381469727,3.6600000858306885,3.8399999141693115,19067,0.0,0.0
2023-08-07 00:00:00-04:00,3.9000000953674316,4.019999980926514,3.7799999713897705,3.9600000381469727,20000,0.0,0.0
2023-08-08 00:00:00-04:00,3.7799999713897705,4.079999923706055,3.7799999713897705,3.9600000381469727,34817,0.0,0.0
2023-08-09 00:00:00-04:00,3.9600000381469727,4.019999980926514,3.9000000953674316,4.019999980926514,2333,0.0,0.0
2023-08-10 00:00:00-04:00,3.9000000953674316,4.079999923706055,3.8399999141693115,3.9000000953674316,14067,0.0,0.0
2023-08-11 00:00:00-04:00,3.9000000953674316,3.9000000953674316,3.7799999713897705,3.7799999713897705,4867,0.0,0.0
2023-08-14 00:00:00-04:00,3.7200000286102295,3.9000000953674316,3.6600000858306885,3.9000000953674316,21600,0.0,0.0
2023-08-15 00:00:00-04:00,4.019999980926514,4.139999866485596,3.7799999713897705,4.019999980926514,11050,0.0,0.0
2023-08-16 00:00:00-04:00,4.019999980926514,4.199999809265137,4.019999980926514,4.139999866485596,21167,0.0,0.0
2023-08-17 00:00:00-04:00,4.019999980926514,4.5,4.019999980926514,4.380000114440918,21167,0.0,0.0
2023-08-18 00:00:00-04:00,4.5,4.5,4.139999866485596,4.199999809265137,16133,0.0,0.0
2023-08-21 00:00:00-04:00,4.199999809265137,4.5,4.199999809265137,4.320000171661377,7283,0.0,0.0
2023-08-22 00:00:00-04:00,4.380000114440918,4.380000114440918,4.199999809265137,4.260000228881836,4067,0.0,0.0
2023-08-23 00:00:00-04:00,4.199999809265137,4.260000228881836,4.139999866485596,4.260000228881836,4950,0.0,0.0
2023-08-24 00:00:00-04:00,4.320000171661377,4.320000171661377,4.139999866485596,4.260000228881836,3500,0.0,0.0
2023-08-25 00:00:00-04:00,4.199999809265137,4.260000228881836,4.139999866485596,4.139999866485596,3550,0.0,0.0
2023-08-28 00:00:00-04:00,4.199999809265137,4.199999809265137,4.019999980926514,4.019999980926514,2233,0.0,0.0
2023-08-29 00:00:00-04:00,3.9600000381469727,4.199999809265137,3.9600000381469727,4.079999923706055,6667,0.0,0.0
2023-08-30 00:00:00-04:00,4.079999923706055,4.199999809265137,3.6600000858306885,3.8399999141693115,490217,0.0,0.0
2023-08-31 00:00:00-04:00,3.9600000381469727,4.019999980926514,3.8399999141693115,3.8399999141693115,23900,0.0,0.0
2023-09-01 00:00:00-04:00,4.019999980926514,4.079999923706055,3.8399999141693115,3.9000000953674316,18717,0.0,0.0
2023-09-05 00:00:00-04:00,3.9000000953674316,4.079999923706055,3.9000000953674316,3.9000000953674316,5150,0.0,0.0
2023-09-06 00:00:00-04:00,3.8399999141693115,3.9000000953674316,3.6600000858306885,3.6600000858306885,11767,0.0,0.0
2023-09-07 00:00:00-04:00,3.6600000858306885,3.7799999713897705,3.5999999046325684,3.5999999046325684,15983,0.0,0.0
2023-09-08 00:00:00-04:00,3.6600000858306885,3.7799999713897705,3.6600000858306885,3.7200000286102295,10367,0.0,0.0
2023-09-11 00:00:00-04:00,3.7200000286102295,3.7799999713897705,3.4200000762939453,3.4200000762939453,37700,0.0,0.0
2023-09-12 00:00:00-04:00,3.4800000190734863,3.7799999713897705,3.4200000762939453,3.5399999618530273,43017,0.0,0.0
2023-09-13 00:00:00-04:00,3.5399999618530273,3.7200000286102295,3.4800000190734863,3.4800000190734863,12233,0.0,0.0
2023-09-14 00:00:00-04:00,3.5399999618530273,3.5999999046325684,3.4200000762939453,3.4800000190734863,14100,0.0,0.0
2023-09-15 00:00:00-04:00,3.4800000190734863,3.4800000190734863,2.4600000381469727,2.940000057220459,54383,0.0,0.0
2023-09-18 00:00:00-04:00,3.0,3.180000066757202,2.880000114440918,2.940000057220459,14917,0.0,0.0
2023-09-19 00:00:00-04:00,2.880000114440918,2.940000057220459,2.5199999809265137,2.880000114440918,82233,0.0,0.0
2023-09-20 00:00:00-04:00,2.819999933242798,2.880000114440918,2.640000104904175,2.640000104904175,23817,0.0,0.0
2023-09-21 00:00:00-04:00,2.640000104904175,2.880000114440918,2.640000104904175,2.880000114440918,34917,0.0,0.0
2023-09-22 00:00:00-04:00,2.759999990463257,2.819999933242798,2.700000047683716,2.759999990463257,31433,0.0,0.0
2023-09-25 00:00:00-04:00,2.759999990463257,2.819999933242798,2.759999990463257,2.759999990463257,19817,0.0,0.0
2023-09-26 00:00:00-04:00,2.819999933242798,2.819999933242798,2.700000047683716,2.700000047683716,7750,0.0,0.0
2023-09-27 00:00:00-04:00,2.700000047683716,2.819999933242798,2.640000104904175,2.640000104904175,11550,0.0,0.0
2023-09-28 00:00:00-04:00,2.700000047683716,2.819999933242798,2.640000104904175,2.700000047683716,35133,0.0,0.0
2023-09-29 00:00:00-04:00,2.640000104904175,2.759999990463257,2.640000104904175,2.640000104904175,8017,0.0,0.0
2023-10-02 00:00:00-04:00,2.640000104904175,2.759999990463257,2.640000104904175,2.640000104904175,3883,0.0,0.0
2023-10-03 00:00:00-04:00,2.5799999237060547,2.640000104904175,2.5799999237060547,2.5799999237060547,13083,0.0,0.0
2023-10-04 00:00:00-04:00,2.5799999237060547,2.640000104904175,2.3399999141693115,2.640000104904175,341083,0.0,0.0
2023-10-05 00:00:00-04:00,2.5799999237060547,2.759999990463257,2.5199999809265137,2.700000047683716,22650,0.0,0.0
2023-10-06 00:00:00-04:00,2.640000104904175,2.759999990463257,2.640000104904175,2.700000047683716,2067,0.0,0.0
2023-10-09 00:00:00-04:00,2.5799999237060547,2.759999990463257,2.5799999237060547,2.759999990463257,19700,0.0,0.0
2023-10-10 00:00:00-04:00,2.759999990463257,2.819999933242798,2.700000047683716,2.759999990463257,30467,0.0,0.0
2023-10-11 00:00:00-04:00,2.819999933242798,2.819999933242798,2.700000047683716,2.700000047683716,14067,0.0,0.0
2023-10-12 00:00:00-04:00,2.700000047683716,2.819999933242798,2.700000047683716,2.759999990463257,4550,0.0,0.0
2023-10-13 00:00:00-04:00,2.819999933242798,2.819999933242798,2.640000104904175,2.700000047683716,3467,0.0,0.0
2023-10-16 00:00:00-04:00,2.640000104904175,2.759999990463257,2.640000104904175,2.700000047683716,8250,0.0,0.0
2023-10-17 00:00:00-04:00,2.700000047683716,2.819999933242798,2.700000047683716,2.700000047683716,15750,0.0,0.0
2023-10-18 00:00:00-04:00,2.700000047683716,2.819999933242798,2.700000047683716,2.819999933242798,21150,0.0,0.0
2023-10-19 00:00:00-04:00,2.700000047683716,2.819999933242798,2.700000047683716,2.700000047683716,20100,0.0,0.0
2023-10-20 00:00:00-04:00,2.700000047683716,2.819999933242798,2.700000047683716,2.819999933242798,6917,0.0,0.0
2023-10-23 00:00:00-04:00,2.700000047683716,2.819999933242798,2.640000104904175,2.700000047683716,15233,0.0,0.0
2023-10-24 00:00:00-04:00,2.700000047683716,2.819999933242798,2.640000104904175,2.759999990463257,4667,0.0,0.0
2023-10-25 00:00:00-04:00,2.759999990463257,2.819999933242798,2.700000047683716,2.700000047683716,8633,0.0,0.0
2023-10-26 00:00:00-04:00,2.700000047683716,2.819999933242798,2.700000047683716,2.819999933242798,7083,0.0,0.0
2023-10-27 00:00:00-04:00,2.819999933242798,2.940000057220459,2.759999990463257,2.940000057220459,17050,0.0,0.0
2023-10-30 00:00:00-04:00,2.880000114440918,2.940000057220459,2.819999933242798,2.880000114440918,10733,0.0,0.0
2023-10-31 00:00:00-04:00,2.880000114440918,3.0,2.880000114440918,2.940000057220459,5883,0.0,0.0
2023-11-01 00:00:00-04:00,2.880000114440918,2.940000057220459,2.880000114440918,2.940000057220459,9000,0.0,0.0
2023-11-02 00:00:00-04:00,2.940000057220459,3.180000066757202,2.880000114440918,3.119999885559082,21483,0.0,0.0
2023-11-03 00:00:00-04:00,3.059999942779541,3.4200000762939453,3.059999942779541,3.299999952316284,8083,0.0,0.0
2023-11-06 00:00:00-05:00,3.4200000762939453,3.5999999046325684,3.299999952316284,3.4800000190734863,38867,0.0,0.0
2023-11-07 00:00:00-05:00,3.5999999046325684,3.5999999046325684,3.4800000190734863,3.4800000190734863,6767,0.0,0.0
2023-11-08 00:00:00-05:00,3.5999999046325684,3.5999999046325684,3.299999952316284,3.359999895095825,3933,0.0,0.0
2023-11-09 00:00:00-05:00,3.4200000762939453,3.4800000190734863,3.180000066757202,3.240000009536743,2667,0.0,0.0
2023-11-10 00:00:00-05:00,3.4200000762939453,3.5399999618530273,3.180000066757202,3.240000009536743,7900,0.0,0.0
2023-11-13 00:00:00-05:00,3.180000066757202,3.299999952316284,3.059999942779541,3.240000009536743,5317,0.0,0.0
2023-11-14 00:00:00-05:00,3.180000066757202,3.5399999618530273,3.180000066757202,3.4800000190734863,12183,0.0,0.0
2023-11-15 00:00:00-05:00,2.940000057220459,3.119999885559082,2.819999933242798,2.880000114440918,37083,0.0,0.0
2023-11-16 00:00:00-05:00,3.059999942779541,3.059999942779541,2.759999990463257,2.880000114440918,11283,0.0,0.0
2023-11-17 00:00:00-05:00,2.880000114440918,3.180000066757202,2.880000114440918,3.119999885559082,24250,0.0,0.0
2023-11-20 00:00:00-05:00,3.240000009536743,3.299999952316284,3.059999942779541,3.059999942779541,14200,0.0,0.0
2023-11-21 00:00:00-05:00,3.359999895095825,3.359999895095825,3.059999942779541,3.059999942779541,25733,0.0,0.0
2023-11-22 00:00:00-05:00,3.180000066757202,3.240000009536743,2.940000057220459,3.0,10717,0.0,0.0
2023-11-24 00:00:00-05:00,3.059999942779541,3.059999942779541,2.940000057220459,2.940000057220459,8383,0.0,0.0
2023-11-27 00:00:00-05:00,3.4200000762939453,3.4200000762939453,2.819999933242798,3.0,31267,0.0,0.0
2023-11-28 00:00:00-05:00,3.059999942779541,3.240000009536743,2.940000057220459,3.0,25183,0.0,0.0
2023-11-29 00:00:00-05:00,2.940000057220459,3.119999885559082,2.940000057220459,3.0,16600,0.0,0.0
2023-11-30 00:00:00-05:00,3.240000009536743,3.240000009536743,3.119999885559082,3.119999885559082,5650,0.0,0.0
2023-12-01 00:00:00-05:00,3.119999885559082,3.240000009536743,3.0,3.059999942779541,23617,0.0,0.0
2023-12-04 00:00:00-05:00,3.059999942779541,3.180000066757202,3.0,3.119999885559082,23400,0.0,0.0
2023-12-05 00:00:00-05:00,3.059999942779541,3.119999885559082,3.0,3.059999942779541,16567,0.0,0.0
2023-12-06 00:00:00-05:00,2.940000057220459,3.059999942779541,2.940000057220459,3.0,13800,0.0,0.0
2023-12-07 00:00:00-05:00,2.940000057220459,3.119999885559082,2.759999990463257,3.0,27917,0.0,0.0
2023-12-08 00:00:00-05:00,3.0,3.119999885559082,2.940000057220459,2.940000057220459,6350,0.0,0.0
2023-12-11 00:00:00-05:00,2.940000057220459,3.119999885559082,2.880000114440918,2.880000114440918,53150,0.0,0.0
2023-12-12 00:00:00-05:00,2.880000114440918,3.119999885559082,2.880000114440918,3.059999942779541,21450,0.0,0.0
2023-12-13 00:00:00-05:00,2.940000057220459,3.299999952316284,2.940000057220459,3.180000066757202,22700,0.0,0.0
2023-12-14 00:00:00-05:00,3.4800000190734863,3.5399999618530273,3.299999952316284,3.4800000190734863,99517,0.0,0.0
2023-12-15 00:00:00-05:00,3.5999999046325684,4.199999809265137,3.5399999618530273,4.079999923706055,150450,0.0,0.0
2023-12-18 00:00:00-05:00,4.079999923706055,4.199999809265137,3.6600000858306885,4.199999809265137,55350,0.0,0.0
2023-12-19 00:00:00-05:00,4.199999809265137,4.440000057220459,4.079999923706055,4.380000114440918,26600,0.0,0.0
2023-12-20 00:00:00-05:00,4.440000057220459,4.440000057220459,3.9600000381469727,4.320000171661377,32433,0.0,0.0
2023-12-21 00:00:00-05:00,4.320000171661377,4.320000171661377,3.9600000381469727,4.260000228881836,11683,0.0,0.0
2023-12-22 00:00:00-05:00,4.079999923706055,4.260000228881836,4.079999923706055,4.199999809265137,5450,0.0,0.0
2023-12-26 00:00:00-05:00,4.079999923706055,4.199999809265137,4.019999980926514,4.079999923706055,92533,0.0,0.0
2023-12-27 00:00:00-05:00,3.9600000381469727,4.199999809265137,3.9600000381469727,4.139999866485596,9133,0.0,0.0
2023-12-28 00:00:00-05:00,3.9600000381469727,4.380000114440918,3.9600000381469727,4.139999866485596,25667,0.0,0.0
2023-12-29 00:00:00-05:00,4.079999923706055,4.260000228881836,4.019999980926514,4.019999980926514,24983,0.0,0.0
2024-01-02 00:00:00-05:00,3.9000000953674316,4.199999809265137,3.9000000953674316,4.079999923706055,3717,0.0,0.0
2024-01-03 00:00:00-05:00,4.079999923706055,4.199999809265137,4.019999980926514,4.199999809265137,9750,0.0,0.0
2024-01-04 00:00:00-05:00,4.260000228881836,4.380000114440918,4.019999980926514,4.380000114440918,13200,0.0,0.0
2024-01-05 00:00:00-05:00,4.260000228881836,4.380000114440918,4.139999866485596,4.260000228881836,21050,0.0,0.0
2024-01-08 00:00:00-05:00,4.380000114440918,4.380000114440918,4.199999809265137,4.320000171661377,12233,0.0,0.0
2024-01-09 00:00:00-05:00,4.320000171661377,4.619999885559082,4.260000228881836,4.5,56850,0.0,0.0
2024-01-10 00:00:00-05:00,4.619999885559082,4.739999771118164,4.320000171661377,4.559999942779541,9550,0.0,0.0
2024-01-11 00:00:00-05:00,4.440000057220459,4.800000190734863,4.440000057220459,4.440000057220459,10333,0.0,0.0
2024-01-12 00:00:00-05:00,4.559999942779541,4.679999828338623,4.320000171661377,4.380000114440918,6017,0.0,0.0
2024-01-16 00:00:00-05:00,4.260000228881836,4.5,4.079999923706055,4.260000228881836,4250,0.0,0.0
2024-01-17 00:00:00-05:00,4.079999923706055,4.139999866485596,3.8399999141693115,3.9600000381469727,6383,0.0,0.0
2024-01-18 00:00:00-05:00,3.9600000381469727,3.9600000381469727,3.6600000858306885,3.7799999713897705,5700,0.0,0.0
2024-01-19 00:00:00-05:00,3.6600000858306885,3.8399999141693115,3.5999999046325684,3.7200000286102295,4733,0.0,0.0
2024-01-22 00:00:00-05:00,3.6600000858306885,3.7200000286102295,3.240000009536743,3.240000009536743,29433,0.0,0.0
2024-01-23 00:00:00-05:00,3.4200000762939453,3.5999999046325684,3.240000009536743,3.359999895095825,9583,0.0,0.0
2024-01-24 00:00:00-05:00,3.299999952316284,3.7200000286102295,3.299999952316284,3.5999999046325684,12467,0.0,0.0
2024-01-25 00:00:00-05:00,3.7200000286102295,3.7799999713897705,3.6600000858306885,3.7799999713897705,2650,0.0,0.0
2024-01-26 00:00:00-05:00,3.7200000286102295,4.079999923706055,3.6600000858306885,3.9600000381469727,9217,0.0,0.0
2024-01-29 00:00:00-05:00,4.139999866485596,4.139999866485596,3.6600000858306885,3.8399999141693115,10100,0.0,0.0
2024-01-30 00:00:00-05:00,3.8399999141693115,3.9000000953674316,3.5399999618530273,3.5399999618530273,11517,0.0,0.0
2024-01-31 00:00:00-05:00,3.5999999046325684,3.7200000286102295,3.240000009536743,3.240000009536743,9167,0.0,0.0
2024-02-01 00:00:00-05:00,3.4200000762939453,3.5999999046325684,3.359999895095825,3.4800000190734863,3317,0.0,0.0
2024-02-02 00:00:00-05:00,3.6600000858306885,3.6600000858306885,3.4200000762939453,3.5999999046325684,5900,0.0,0.0
2024-02-05 00:00:00-05:00,3.5399999618530273,3.5399999618530273,3.0,3.059999942779541,20283,0.0,0.0
2024-02-06 00:00:00-05:00,3.180000066757202,3.180000066757202,3.059999942779541,3.119999885559082,5700,0.0,0.0
2024-02-07 00:00:00-05:00,3.119999885559082,3.299999952316284,3.0,3.299999952316284,9417,0.0,0.0
2024-02-08 00:00:00-05:00,3.240000009536743,3.299999952316284,3.059999942779541,3.119999885559082,3400,0.0,0.0
2024-02-09 00:00:00-05:00,3.119999885559082,3.299999952316284,3.059999942779541,3.240000009536743,3400,0.0,0.0
2024-02-12 00:00:00-05:00,3.059999942779541,3.240000009536743,3.059999942779541,3.059999942779541,18333,0.0,0.0
2024-02-13 00:00:00-05:00,3.059999942779541,3.180000066757202,3.059999942779541,3.119999885559082,9917,0.0,0.0
2024-02-14 00:00:00-05:00,3.180000066757202,3.240000009536743,2.3399999141693115,3.119999885559082,141850,0.0,0.0
2024-02-15 00:00:00-05:00,3.0,3.0,2.700000047683716,3.0,4000,0.0,0.0
2024-02-16 00:00:00-05:00,2.759999990463257,2.940000057220459,2.640000104904175,2.700000047683716,30000,0.0,0.0
2024-02-20 00:00:00-05:00,2.5199999809265137,3.119999885559082,2.5199999809265137,3.059999942779541,40483,0.0,0.0
2024-02-21 00:00:00-05:00,3.059999942779541,3.119999885559082,2.940000057220459,2.940000057220459,6883,0.0,0.0
2024-02-22 00:00:00-05:00,2.940000057220459,3.119999885559082,2.940000057220459,3.0,35217,0.0,0.0
2024-02-23 00:00:00-05:00,2.940000057220459,3.119999885559082,2.759999990463257,2.819999933242798,16933,0.0,0.0
2024-02-26 00:00:00-05:00,3.059999942779541,3.299999952316284,3.0,3.240000009536743,30517,0.0,0.0
2024-02-27 00:00:00-05:00,3.299999952316284,3.299999952316284,2.940000057220459,3.059999942779541,16217,0.0,0.0
2024-02-28 00:00:00-05:00,3.119999885559082,3.119999885559082,2.940000057220459,3.0,2933,0.0,0.0
2024-02-29 00:00:00-05:00,2.940000057220459,3.5399999618530273,2.940000057220459,3.299999952316284,29750,0.0,0.0
2024-03-01 00:00:00-05:00,3.240000009536743,3.5399999618530273,3.240000009536743,3.4200000762939453,19850,0.0,0.0
2024-03-04 00:00:00-05:00,3.4800000190734863,3.7200000286102295,3.299999952316284,3.299999952316284,46533,0.0,0.0
2024-03-05 00:00:00-05:00,3.180000066757202,3.299999952316284,3.119999885559082,3.180000066757202,15000,0.0,0.0
2024-03-06 00:00:00-05:00,3.5399999618530273,3.5399999618530273,2.940000057220459,3.119999885559082,23783,0.0,0.0
2024-03-07 00:00:00-05:00,3.299999952316284,3.5999999046325684,3.299999952316284,3.5999999046325684,34950,0.0,0.0
2024-03-08 00:00:00-05:00,3.7200000286102295,3.7200000286102295,3.359999895095825,3.4800000190734863,30183,0.0,0.0
2024-03-11 00:00:00-04:00,3.4800000190734863,3.5999999046325684,3.359999895095825,3.359999895095825,10517,0.0,0.0
2024-03-12 00:00:00-04:00,3.5999999046325684,3.5999999046325684,3.0,3.0,44217,0.0,0.0
2024-03-13 00:00:00-04:00,3.0,3.180000066757202,2.940000057220459,2.940000057220459,21500,0.0,0.0
2024-03-14 00:00:00-04:00,3.119999885559082,3.299999952316284,3.0,3.059999942779541,24383,0.0,0.0
2024-03-15 00:00:00-04:00,2.880000114440918,3.299999952316284,2.880000114440918,3.0,15767,0.0,0.0
2024-03-18 00:00:00-04:00,3.119999885559082,3.180000066757202,2.940000057220459,2.940000057220459,16983,0.0,0.0
2024-03-19 00:00:00-04:00,3.0,3.119999885559082,2.819999933242798,2.819999933242798,20450,0.0,0.0
2024-03-20 00:00:00-04:00,2.819999933242798,3.059999942779541,2.759999990463257,2.759999990463257,114450,0.0,0.0
2024-03-21 00:00:00-04:00,2.819999933242798,3.0,2.759999990463257,2.880000114440918,8183,0.0,0.0
2024-03-22 00:00:00-04:00,2.819999933242798,3.119999885559082,2.819999933242798,3.059999942779541,35450,0.0,0.0
2024-03-25 00:00:00-04:00,3.059999942779541,3.240000009536743,3.0,3.059999942779541,24917,0.0,0.0
2024-03-26 00:00:00-04:00,3.0,3.119999885559082,2.880000114440918,2.940000057220459,12550,0.0,0.0
2024-03-27 00:00:00-04:00,2.940000057220459,3.119999885559082,2.940000057220459,3.0,10783,0.0,0.0
2024-03-28 00:00:00-04:00,3.0,3.180000066757202,2.940000057220459,2.940000057220459,19783,0.0,0.0
2024-04-01 00:00:00-04:00,3.059999942779541,3.119999885559082,3.0,3.0,13400,0.0,0.0
2024-04-02 00:00:00-04:00,2.940000057220459,3.119999885559082,2.940000057220459,3.0,11367,0.0,0.0
2024-04-03 00:00:00-04:00,3.240000009536743,3.299999952316284,3.0,3.0,11683,0.0,0.0
2024-04-04 00:00:00-04:00,3.0,3.180000066757202,3.0,3.059999942779541,7700,0.0,0.0
2024-04-05 00:00:00-04:00,3.059999942779541,3.119999885559082,3.0,3.059999942779541,12867,0.0,0.0
2024-04-08 00:00:00-04:00,3.059999942779541,3.180000066757202,3.0,3.059999942779541,19050,0.0,0.0
2024-04-09 00:00:00-04:00,3.0,3.059999942779541,3.0,3.0,7150,0.0,0.0
2024-04-10 00:00:00-04:00,3.0,3.059999942779541,2.759999990463257,3.0,44617,0.0,0.0
2024-04-11 00:00:00-04:00,3.059999942779541,3.359999895095825,2.880000114440918,3.0,79750,0.0,0.0
2024-04-12 00:00:00-04:00,2.7799999713897705,3.380000114440918,2.640000104904175,2.7899999618530273,85900,0.0,0.16666666666666666
2024-04-15 00:00:00-04:00,2.75,2.8299999237060547,2.3499999046325684,2.5399999618530273,38900,0.0,0.0
2024-04-16 00:00:00-04:00,2.430000066757202,2.5199999809265137,2.309999942779541,2.369999885559082,64400,0.0,0.0
2024-04-17 00:00:00-04:00,2.440000057220459,2.4800000190734863,2.4100000858306885,2.4200000762939453,39600,0.0,0.0
2024-04-18 00:00:00-04:00,2.4600000381469727,2.75,2.4600000381469727,2.5299999713897705,47300,0.0,0.0
2024-04-19 00:00:00-04:00,2.569999933242798,2.8299999237060547,2.569999933242798,2.640000104904175,17300,0.0,0.0
2024-04-22 00:00:00-04:00,2.619999885559082,2.6500000953674316,2.5399999618530273,2.5999999046325684,16900,0.0,0.0
2024-04-23 00:00:00-04:00,2.559999942779541,2.6700000762939453,2.559999942779541,2.609999895095825,35500,0.0,0.0
2024-04-24 00:00:00-04:00,2.5899999141693115,2.700000047683716,2.559999942779541,2.690000057220459,48900,0.0,0.0
2024-04-25 00:00:00-04:00,2.630000114440918,2.7899999618530273,2.559999942779541,2.7799999713897705,52000,0.0,0.0
2024-04-26 00:00:00-04:00,2.740000009536743,2.950000047683716,2.6600000858306885,2.950000047683716,49500,0.0,0.0
2024-04-29 00:00:00-04:00,2.950000047683716,3.0399999618530273,2.869999885559082,3.0,26100,0.0,0.0
2024-04-30 00:00:00-04:00,3.0399999618530273,3.4700000286102295,3.009999990463257,3.4700000286102295,89600,0.0,0.0
2024-05-01 00:00:00-04:00,3.430000066757202,3.430000066757202,3.1600000858306885,3.319999933242798,92800,0.0,0.0
2024-05-02 00:00:00-04:00,3.309999942779541,3.4000000953674316,3.299999952316284,3.319999933242798,56200,0.0,0.0
2024-05-03 00:00:00-04:00,3.3399999141693115,3.549999952316284,3.309999942779541,3.5,48500,0.0,0.0
2024-05-06 00:00:00-04:00,3.549999952316284,3.640000104904175,3.2799999713897705,3.490000009536743,49300,0.0,0.0
2024-05-07 00:00:00-04:00,3.450000047683716,4.159999847412109,3.369999885559082,4.070000171661377,59900,0.0,0.0
2024-05-08 00:00:00-04:00,4.179999828338623,4.230000019073486,3.9200000762939453,4.050000190734863,47300,0.0,0.0
2024-05-09 00:00:00-04:00,3.9800000190734863,4.260000228881836,3.9800000190734863,4.210000038146973,15900,0.0,0.0
2024-05-10 00:00:00-04:00,4.28000020980835,4.300000190734863,4.090000152587891,4.230000019073486,21000,0.0,0.0
2024-05-13 00:00:00-04:00,4.170000076293945,4.190000057220459,3.859999895095825,4.010000228881836,54600,0.0,0.0
2024-05-14 00:00:00-04:00,3.950000047683716,3.9700000286102295,3.819999933242798,3.9700000286102295,16100,0.0,0.0
2024-05-15 00:00:00-04:00,3.9200000762939453,4.0,3.819999933242798,3.9700000286102295,48300,0.0,0.0
2024-05-16 00:00:00-04:00,3.450000047683716,3.619999885559082,3.380000114440918,3.450000047683716,70100,0.0,0.0
2024-05-17 00:00:00-04:00,3.4100000858306885,3.609999895095825,3.4100000858306885,3.569999933242798,44700,0.0,0.0
2024-05-20 00:00:00-04:00,3.380000114440918,3.569999933242798,3.380000114440918,3.390000104904175,40000,0.0,0.0
2024-05-21 00:00:00-04:00,3.380000114440918,3.549999952316284,3.3399999141693115,3.549999952316284,96700,0.0,0.0
2024-05-22 00:00:00-04:00,3.5199999809265137,3.5299999713897705,3.369999885559082,3.4200000762939453,19600,0.0,0.0
2024-05-23 00:00:00-04:00,3.4700000286102295,3.569999933242798,3.3499999046325684,3.5399999618530273,20300,0.0,0.0
2024-05-24 00:00:00-04:00,3.509999990463257,4.239999771118164,3.4600000381469727,4.090000152587891,41300,0.0,0.0
2024-05-28 00:00:00-04:00,4.099999904632568,4.150000095367432,3.9800000190734863,4.010000228881836,28600,0.0,0.0
2024-05-29 00:00:00-04:00,4.03000020980835,4.03000020980835,3.7300000190734863,3.890000104904175,27500,0.0,0.0
2024-05-30 00:00:00-04:00,3.809999942779541,3.890000104904175,3.5999999046325684,3.8499999046325684,6600,0.0,0.0
2024-05-31 00:00:00-04:00,3.7899999618530273,3.8299999237060547,3.5199999809265137,3.690000057220459,12600,0.0,0.0
2024-06-03 00:00:00-04:00,3.819999933242798,3.819999933242798,3.430000066757202,3.5899999141693115,23100,0.0,0.0
2024-06-04 00:00:00-04:00,3.509999990463257,3.5999999046325684,3.430000066757202,3.5299999713897705,11400,0.0,0.0
2024-06-05 00:00:00-04:00,3.490000009536743,3.5,3.2899999618530273,3.5,28500,0.0,0.0
2024-06-06 00:00:00-04:00,3.359999895095825,3.6500000953674316,3.3299999237060547,3.4000000953674316,47700,0.0,0.0
2024-06-07 00:00:00-04:00,3.3499999046325684,3.680000066757202,3.3299999237060547,3.4000000953674316,29100,0.0,0.0
2024-06-10 00:00:00-04:00,3.309999942779541,3.5,3.2699999809265137,3.309999942779541,48600,0.0,0.0
2024-06-11 00:00:00-04:00,3.2899999618530273,3.490000009536743,3.2699999809265137,3.440000057220459,31500,0.0,0.0
2024-06-12 00:00:00-04:00,3.4000000953674316,3.490000009536743,3.390000104904175,3.390000104904175,6400,0.0,0.0
2024-06-13 00:00:00-04:00,3.380000114440918,3.4800000190734863,3.3499999046325684,3.359999895095825,6200,0.0,0.0
2024-06-14 00:00:00-04:00,3.359999895095825,3.4600000381469727,3.2699999809265137,3.430000066757202,54900,0.0,0.0
2024-06-17 00:00:00-04:00,3.4100000858306885,3.430000066757202,3.2699999809265137,3.380000114440918,12700,0.0,0.0
2024-06-18 00:00:00-04:00,3.390000104904175,3.4700000286102295,3.2899999618530273,3.4200000762939453,15000,0.0,0.0
2024-06-20 00:00:00-04:00,3.3399999141693115,3.4700000286102295,3.309999942779541,3.450000047683716,5900,0.0,0.0
2024-06-21 00:00:00-04:00,3.450000047683716,3.6700000762939453,3.380000114440918,3.609999895095825,29500,0.0,0.0
2024-06-24 00:00:00-04:00,3.619999885559082,3.6500000953674316,3.380000114440918,3.549999952316284,7500,0.0,0.0
2024-06-25 00:00:00-04:00,3.4000000953674316,3.5399999618530273,3.3399999141693115,3.5399999618530273,17400,0.0,0.0
2024-06-26 00:00:00-04:00,3.450000047683716,3.4600000381469727,3.3399999141693115,3.4600000381469727,3000,0.0,0.0
2024-06-27 00:00:00-04:00,3.5399999618530273,3.549999952316284,3.3499999046325684,3.3499999046325684,6600,0.0,0.0
2024-06-28 00:00:00-04:00,3.450000047683716,3.609999895095825,3.369999885559082,3.609999895095825,11900,0.0,0.0
2024-07-01 00:00:00-04:00,3.619999885559082,3.619999885559082,3.509999990463257,3.5999999046325684,3700,0.0,0.0
2024-07-02 00:00:00-04:00,3.5999999046325684,3.700000047683716,3.4800000190734863,3.619999885559082,10500,0.0,0.0
2024-07-03 00:00:00-04:00,3.640000104904175,3.7300000190734863,3.559999942779541,3.559999942779541,3100,0.0,0.0
2024-07-05 00:00:00-04:00,3.7100000381469727,3.7100000381469727,3.490000009536743,3.609999895095825,3100,0.0,0.0
2024-07-08 00:00:00-04:00,3.549999952316284,3.700000047683716,3.4600000381469727,3.559999942779541,15600,0.0,0.0
2024-07-09 00:00:00-04:00,3.490000009536743,3.690000057220459,3.430000066757202,3.5,7600,0.0,0.0
2024-07-10 00:00:00-04:00,3.4700000286102295,3.4700000286102295,3.4100000858306885,3.4600000381469727,2800,0.0,0.0
2024-07-11 00:00:00-04:00,3.5299999713897705,3.680000066757202,3.4700000286102295,3.4700000286102295,6500,0.0,0.0
2024-07-12 00:00:00-04:00,3.4700000286102295,3.5999999046325684,3.430000066757202,3.4700000286102295,8200,0.0,0.0
2024-07-15 00:00:00-04:00,3.450000047683716,3.4700000286102295,3.430000066757202,3.430000066757202,5300,0.0,0.0
2024-07-16 00:00:00-04:00,3.509999990463257,3.619999885559082,3.430000066757202,3.4700000286102295,2500,0.0,0.0
2024-07-17 00:00:00-04:00,3.440000057220459,3.5,3.4200000762939453,3.5,3000,0.0,0.0
2024-07-18 00:00:00-04:00,3.4200000762939453,3.4200000762939453,3.4200000762939453,3.4200000762939453,1000,0.0,0.0
2024-07-19 00:00:00-04:00,3.4100000858306885,3.4200000762939453,3.390000104904175,3.390000104904175,3700,0.0,0.0
2024-07-22 00:00:00-04:00,3.3399999141693115,3.440000057220459,3.319999933242798,3.440000057220459,36500,0.0,0.0
2024-07-23 00:00:00-04:00,3.450000047683716,3.5999999046325684,3.299999952316284,3.380000114440918,19200,0.0,0.0
2024-07-24 00:00:00-04:00,3.319999933242798,3.359999895095825,3.2899999618530273,3.2899999618530273,6900,0.0,0.0
2024-07-25 00:00:00-04:00,3.4100000858306885,3.4100000858306885,3.309999942779541,3.309999942779541,8500,0.0,0.0
2024-07-26 00:00:00-04:00,3.369999885559082,3.5399999618530273,3.299999952316284,3.490000009536743,7700,0.0,0.0
2024-07-29 00:00:00-04:00,3.5899999141693115,3.5899999141693115,3.4000000953674316,3.4000000953674316,5600,0.0,0.0
2024-07-30 00:00:00-04:00,3.369999885559082,3.440000057220459,3.369999885559082,3.4000000953674316,6500,0.0,0.0
2024-07-31 00:00:00-04:00,3.4000000953674316,3.4100000858306885,3.2799999713897705,3.2799999713897705,18200,0.0,0.0
2024-08-01 00:00:00-04:00,3.3499999046325684,3.3499999046325684,3.200000047683716,3.200000047683716,9000,0.0,0.0
2024-08-02 00:00:00-04:00,3.1500000953674316,3.1500000953674316,2.9100000858306885,2.940000057220459,12700,0.0,0.0
2024-08-05 00:00:00-04:00,2.940000057220459,2.940000057220459,2.7200000286102295,2.7200000286102295,14000,0.0,0.0
2024-08-06 00:00:00-04:00,2.990000009536743,3.140000104904175,2.75,3.130000114440918,19600,0.0,0.0
2024-08-07 00:00:00-04:00,3.0399999618530273,3.109999895095825,3.0399999618530273,3.0999999046325684,3700,0.0,0.0
2024-08-08 00:00:00-04:00,2.869999885559082,3.0899999141693115,2.869999885559082,3.009999990463257,8600,0.0,0.0
2024-08-09 00:00:00-04:00,2.7699999809265137,2.940000057220459,2.759999990463257,2.819999933242798,24200,0.0,0.0
2024-08-12 00:00:00-04:00,2.819999933242798,2.9600000381469727,2.7799999713897705,2.9100000858306885,17700,0.0,0.0
2024-08-13 00:00:00-04:00,2.930000066757202,3.2799999713897705,2.9200000762939453,3.109999895095825,13300,0.0,0.0
2024-08-14 00:00:00-04:00,3.069999933242798,3.109999895095825,2.9700000286102295,2.9700000286102295,12400,0.0,0.0
2024-08-15 00:00:00-04:00,2.9700000286102295,3.0299999713897705,2.890000104904175,3.0,24100,0.0,0.0
2024-08-16 00:00:00-04:00,2.9200000762939453,3.059999942779541,2.9000000953674316,3.0,9000,0.0,0.0
2024-08-19 00:00:00-04:00,3.049999952316284,3.0799999237060547,2.930000066757202,3.0,52200,0.0,0.0
2024-08-20 00:00:00-04:00,2.9100000858306885,2.950000047683716,2.700000047683716,2.7100000381469727,31700,0.0,0.0
2024-08-21 00:00:00-04:00,2.880000114440918,2.9100000858306885,2.7200000286102295,2.799999952316284,17100,0.0,0.0
2024-08-22 00:00:00-04:00,2.809999942779541,2.819999933242798,2.6600000858306885,2.740000009536743,44800,0.0,0.0
2024-08-23 00:00:00-04:00,2.7100000381469727,2.940000057220459,2.7100000381469727,2.759999990463257,11100,0.0,0.0
2024-08-26 00:00:00-04:00,2.7200000286102295,2.930000066757202,2.7100000381469727,2.7300000190734863,8300,0.0,0.0
2024-08-27 00:00:00-04:00,2.809999942779541,2.9100000858306885,2.6500000953674316,2.819999933242798,33300,0.0,0.0
2024-08-28 00:00:00-04:00,2.8399999141693115,2.8499999046325684,2.759999990463257,2.759999990463257,14400,0.0,0.0
2024-08-29 00:00:00-04:00,2.7100000381469727,2.869999885559082,2.680000066757202,2.8299999237060547,12900,0.0,0.0
2024-08-30 00:00:00-04:00,2.859999895095825,2.859999895095825,2.819999933242798,2.8399999141693115,10600,0.0,0.0
2024-09-03 00:00:00-04:00,2.8399999141693115,2.869999885559082,2.75,2.75,3600,0.0,0.0
2024-09-04 00:00:00-04:00,2.890000104904175,2.9700000286102295,2.759999990463257,2.890000104904175,6500,0.0,0.0
2024-09-05 00:00:00-04:00,2.7699999809265137,2.8499999046325684,2.75,2.75,2200,0.0,0.0
2024-09-06 00:00:00-04:00,2.819999933242798,2.940000057220459,2.75,2.759999990463257,6100,0.0,0.0
2024-09-09 00:00:00-04:00,2.75,2.8499999046325684,2.7300000190734863,2.75,26500,0.0,0.0
2024-09-10 00:00:00-04:00,2.759999990463257,2.8399999141693115,2.75,2.75,4000,0.0,0.0
2024-09-11 00:00:00-04:00,2.75,2.859999895095825,2.75,2.759999990463257,11800,0.0,0.0
2024-09-12 00:00:00-04:00,2.759999990463257,2.7699999809265137,2.559999942779541,2.559999942779541,161000,0.0,0.0
2024-09-13 00:00:00-04:00,2.549999952316284,2.809999942779541,2.549999952316284,2.6500000953674316,16600,0.0,0.0
2024-09-16 00:00:00-04:00,2.6600000858306885,2.809999942779541,2.5999999046325684,2.740000009536743,21200,0.0,0.0
2024-09-17 00:00:00-04:00,2.6700000762939453,2.7699999809265137,2.6700000762939453,2.680000066757202,9300,0.0,0.0
2024-09-18 00:00:00-04:00,2.6600000858306885,2.7899999618530273,2.619999885559082,2.619999885559082,11700,0.0,0.0
2024-09-19 00:00:00-04:00,2.7200000286102295,2.7200000286102295,2.5999999046325684,2.680000066757202,28100,0.0,0.0
2024-09-20 00:00:00-04:00,2.6500000953674316,2.890000104904175,2.630000114440918,2.890000104904175,69200,0.0,0.0
2024-09-23 00:00:00-04:00,2.9200000762939453,3.2899999618530273,2.8299999237060547,3.2899999618530273,68200,0.0,0.0
2024-09-24 00:00:00-04:00,3.359999895095825,3.640000104904175,3.299999952316284,3.5799999237060547,42700,0.0,0.0
2024-09-25 00:00:00-04:00,3.690000057220459,3.8299999237060547,3.5299999713897705,3.809999942779541,24100,0.0,0.0
2024-09-26 00:00:00-04:00,3.75,3.75,3.559999942779541,3.700000047683716,21500,0.0,0.0
2024-09-27 00:00:00-04:00,3.640000104904175,3.7899999618530273,3.430000066757202,3.549999952316284,11100,0.0,0.0
2024-09-30 00:00:00-04:00,3.5899999141693115,3.740000009536743,3.559999942779541,3.6600000858306885,13800,0.0,0.0
2024-10-01 00:00:00-04:00,3.7200000286102295,3.7200000286102295,3.430000066757202,3.430000066757202,4400,0.0,0.0
2024-10-02 00:00:00-04:00,3.4600000381469727,3.680000066757202,3.2200000286102295,3.2799999713897705,11400,0.0,0.0
2024-10-03 00:00:00-04:00,3.2200000286102295,3.2899999618530273,3.180000066757202,3.2200000286102295,3800,0.0,0.0
2024-10-04 00:00:00-04:00,3.3399999141693115,3.3399999141693115,2.930000066757202,2.930000066757202,34800,0.0,0.0
2024-10-07 00:00:00-04:00,2.9700000286102295,2.9800000190734863,2.809999942779541,2.950000047683716,12400,0.0,0.0
2024-10-08 00:00:00-04:00,3.4100000858306885,3.4100000858306885,2.7899999618530273,2.8299999237060547,20300,0.0,0.0
2024-10-09 00:00:00-04:00,2.809999942779541,3.009999990463257,2.700000047683716,2.8499999046325684,74900,0.0,0.0
2024-10-10 00:00:00-04:00,2.8499999046325684,2.9200000762939453,2.8499999046325684,2.9100000858306885,9900,0.0,0.0
2024-10-11 00:00:00-04:00,2.7300000190734863,3.0299999713897705,2.7300000190734863,3.0299999713897705,28700,0.0,0.0
2024-10-14 00:00:00-04:00,3.1600000858306885,3.1600000858306885,2.8499999046325684,2.880000114440918,10500,0.0,0.0
2024-10-15 00:00:00-04:00,3.140000104904175,3.1500000953674316,2.819999933242798,3.0999999046325684,19800,0.0,0.0
2024-10-16 00:00:00-04:00,3.180000066757202,3.2799999713897705,3.0,3.109999895095825,12800,0.0,0.0
2024-10-17 00:00:00-04:00,3.2100000381469727,3.2300000190734863,2.990000009536743,3.009999990463257,19900,0.0,0.0
2024-10-18 00:00:00-04:00,3.0399999618530273,3.25,2.9800000190734863,2.9800000190734863,20200,0.0,0.0
2024-10-21 00:00:00-04:00,3.059999942779541,3.109999895095825,2.9600000381469727,2.9600000381469727,7600,0.0,0.0
2024-10-22 00:00:00-04:00,3.059999942779541,3.1700000762939453,3.009999990463257,3.0299999713897705,9800,0.0,0.0
2024-10-23 00:00:00-04:00,3.119999885559082,3.3499999046325684,3.049999952316284,3.2899999618530273,32400,0.0,0.0
2024-10-24 00:00:00-04:00,3.3299999237060547,3.3499999046325684,3.130000114440918,3.200000047683716,9200,0.0,0.0
2024-10-25 00:00:00-04:00,3.2100000381469727,3.25,3.0299999713897705,3.0299999713897705,8800,0.0,0.0
2024-10-28 00:00:00-04:00,3.0199999809265137,3.1500000953674316,3.009999990463257,3.0299999713897705,8500,0.0,0.0
2024-10-29 00:00:00-04:00,3.049999952316284,3.180000066757202,3.0199999809265137,3.1700000762939453,6600,0.0,0.0
2024-10-30 00:00:00-04:00,3.0199999809265137,3.0999999046325684,3.0199999809265137,3.059999942779541,5000,0.0,0.0
2024-10-31 00:00:00-04:00,3.0,3.0399999618530273,2.950000047683716,2.9600000381469727,45900,0.0,0.0
2024-11-01 00:00:00-04:00,2.940000057220459,3.049999952316284,2.940000057220459,2.9700000286102295,2000,0.0,0.0
2024-11-04 00:00:00-05:00,3.009999990463257,3.049999952316284,2.9600000381469727,3.049999952316284,13700,0.0,0.0
2024-11-05 00:00:00-05:00,2.9200000762939453,3.049999952316284,2.9100000858306885,2.940000057220459,10300,0.0,0.0
2024-11-06 00:00:00-05:00,2.940000057220459,3.109999895095825,2.940000057220459,3.0299999713897705,5500,0.0,0.0
2024-11-07 00:00:00-05:00,2.9200000762939453,3.049999952316284,2.9200000762939453,2.940000057220459,10600,0.0,0.0
2024-11-08 00:00:00-05:00,2.9100000858306885,3.0999999046325684,2.9100000858306885,3.0399999618530273,16700,0.0,0.0
2024-11-11 00:00:00-05:00,2.950000047683716,3.119999885559082,2.9100000858306885,2.9600000381469727,7000,0.0,0.0
2024-11-12 00:00:00-05:00,2.9200000762939453,3.190000057220459,2.9100000858306885,3.190000057220459,16300,0.0,0.0
2024-11-13 00:00:00-05:00,3.130000114440918,3.200000047683716,3.0199999809265137,3.0199999809265137,4400,0.0,0.0
2024-11-14 00:00:00-05:00,3.0,3.0899999141693115,3.0,3.0199999809265137,12900,0.0,0.0
2024-11-15 00:00:00-05:00,3.0,3.0,2.809999942779541,2.819999933242798,26300,0.0,0.0
2024-11-18 00:00:00-05:00,2.819999933242798,3.4600000381469727,2.819999933242798,3.180000066757202,38000,0.0,0.0
2024-11-19 00:00:00-05:00,3.2200000286102295,3.359999895095825,3.0899999141693115,3.0999999046325684,20300,0.0,0.0
2024-11-20 00:00:00-05:00,3.049999952316284,3.200000047683716,2.9000000953674316,2.940000057220459,36600,0.0,0.0
2024-11-21 00:00:00-05:00,2.859999895095825,2.940000057220459,2.819999933242798,2.819999933242798,14600,0.0,0.0
2024-11-22 00:00:00-05:00,2.809999942779541,2.9000000953674316,2.75,2.809999942779541,27500,0.0,0.0
2024-11-25 00:00:00-05:00,2.7899999618530273,2.9100000858306885,2.7799999713897705,2.799999952316284,43100,0.0,0.0
2024-11-26 00:00:00-05:00,2.809999942779541,2.819999933242798,2.7799999713897705,2.799999952316284,9900,0.0,0.0
2024-11-27 00:00:00-05:00,2.7799999713897705,2.8499999046325684,2.740000009536743,2.7699999809265137,33300,0.0,0.0
2024-11-29 00:00:00-05:00,2.799999952316284,2.799999952316284,2.75,2.759999990463257,11900,0.0,0.0
2024-12-02 00:00:00-05:00,2.700000047683716,2.7799999713897705,2.6500000953674316,2.6600000858306885,25100,0.0,0.0
2024-12-03 00:00:00-05:00,2.6600000858306885,2.7100000381469727,2.6500000953674316,2.6700000762939453,3500,0.0,0.0
2024-12-04 00:00:00-05:00,2.6500000953674316,2.759999990463257,2.6500000953674316,2.740000009536743,14700,0.0,0.0
2024-12-05 00:00:00-05:00,2.619999885559082,2.890000104904175,2.5899999141693115,2.609999895095825,40600,0.0,0.0
2024-12-06 00:00:00-05:00,2.6600000858306885,2.7799999713897705,2.619999885559082,2.759999990463257,16300,0.0,0.0
2024-12-09 00:00:00-05:00,2.7899999618530273,2.8499999046325684,2.710099935531616,2.8499999046325684,11967,0.0,0.0
